cell,ref,site,bel,init
u_dut/GND,GND,,,
u_dut/VCC,VCC,,,
u_dut/lut_l0_0,LUT6,SLICE_X18Y220,SLICEM.A6LUT,64'hACECBA2644EC0000
u_dut/lut_l0_1,LUT6,SLICE_X20Y227,SLICEM.A6LUT,64'h3B0CCCB07F2084A0
u_dut/lut_l0_10,LUT6,SLICE_X14Y225,SLICEM.A6LUT,64'h21B80041BEA08004
u_dut/lut_l0_100,LUT6,SLICE_X16Y233,SLICEM.A6LUT,64'hF60EF6B2DEDCC080
u_dut/lut_l0_101,LUT6,SLICE_X12Y233,SLICEM.A6LUT,64'hE2E36B0062200100
u_dut/lut_l0_102,LUT6,SLICE_X8Y229,SLICEM.A6LUT,64'hFFEDFF5FF000220A
u_dut/lut_l0_103,LUT6,SLICE_X15Y227,SLICEL.A6LUT,64'h06740CC434F02084
u_dut/lut_l0_104,LUT6,SLICE_X17Y229,SLICEL.A6LUT,64'h3E3B0ABA2AEE5070
u_dut/lut_l0_105,LUT6,SLICE_X8Y226,SLICEM.A6LUT,64'h737066776060E001
u_dut/lut_l0_106,LUT6,SLICE_X10Y228,SLICEM.A6LUT,64'h1F10DDCEFFFA7476
u_dut/lut_l0_107,LUT6,SLICE_X8Y230,SLICEM.A6LUT,64'hD880F01CFD804C00
u_dut/lut_l0_108,LUT6,SLICE_X15Y228,SLICEL.A6LUT,64'h625410C83C7C4054
u_dut/lut_l0_109,LUT6,SLICE_X20Y226,SLICEM.A6LUT,64'h2F305CEE32534048
u_dut/lut_l0_11,LUT6,SLICE_X16Y225,SLICEM.A6LUT,64'h00EE00B9BE55D9FB
u_dut/lut_l0_110,LUT6,SLICE_X8Y226,SLICEM.B6LUT,64'h01CD05FDA8F8F911
u_dut/lut_l0_111,LUT6,SLICE_X13Y226,SLICEL.A6LUT,64'hBA5F8981BA78BAF8
u_dut/lut_l0_112,LUT6,SLICE_X18Y224,SLICEM.A6LUT,64'hCC0C4044CD8DF1F3
u_dut/lut_l0_113,LUT6,SLICE_X7Y226,SLICEL.A6LUT,64'hC8CF8081C008CD00
u_dut/lut_l0_114,LUT6,SLICE_X8Y228,SLICEM.A6LUT,64'hFF7233FED5103560
u_dut/lut_l0_115,LUT6,SLICE_X8Y229,SLICEM.B6LUT,64'h24AA57228F1A1F28
u_dut/lut_l0_116,LUT6,SLICE_X18Y228,SLICEM.A6LUT,64'hBBC0C0C0AA00C0C0
u_dut/lut_l0_117,LUT6,SLICE_X18Y226,SLICEM.A6LUT,64'h554E7E02FEC86E4C
u_dut/lut_l0_118,LUT6,SLICE_X14Y228,SLICEM.A6LUT,64'hFF919FF18F83868F
u_dut/lut_l0_119,LUT6,SLICE_X15Y227,SLICEL.B6LUT,64'hECEAC0A7013347CF
u_dut/lut_l0_12,LUT6,SLICE_X14Y226,SLICEM.A6LUT,64'hFACE8A005454AB88
u_dut/lut_l0_120,LUT6,SLICE_X16Y230,SLICEM.A6LUT,64'hFD5DDD2EF0584820
u_dut/lut_l0_121,LUT6,SLICE_X15Y229,SLICEL.A6LUT,64'h016651B7C8F2D1A2
u_dut/lut_l0_122,LUT6,SLICE_X15Y224,SLICEL.A6LUT,64'hEEE5203FE161C173
u_dut/lut_l0_123,LUT6,SLICE_X18Y228,SLICEM.B6LUT,64'h1BDA4EBA230244AA
u_dut/lut_l0_124,LUT6,SLICE_X14Y228,SLICEM.B6LUT,64'h54BC5DB256BF579F
u_dut/lut_l0_125,LUT6,SLICE_X17Y229,SLICEL.B6LUT,64'hDFD58BBCCBF54331
u_dut/lut_l0_126,LUT6,SLICE_X14Y229,SLICEM.A6LUT,64'hFFE7BBE3EB4A4AC6
u_dut/lut_l0_127,LUT6,SLICE_X21Y227,SLICEL.A6LUT,64'h1D6DA1915E24EC0C
u_dut/lut_l0_128,LUT6,SLICE_X18Y232,SLICEM.A6LUT,64'hF8B8FCAC0848D8C4
u_dut/lut_l0_129,LUT6,SLICE_X20Y228,SLICEM.A6LUT,64'hFEF000B3EC0164B2
u_dut/lut_l0_13,LUT6,SLICE_X19Y226,SLICEL.A6LUT,64'h000A4408D810C74D
u_dut/lut_l0_130,LUT6,SLICE_X14Y224,SLICEM.A6LUT,64'h23332A203FB0FBB8
u_dut/lut_l0_131,LUT6,SLICE_X14Y226,SLICEM.B6LUT,64'hAFF2857335DF0DF7
u_dut/lut_l0_132,LUT6,SLICE_X12Y226,SLICEM.A6LUT,64'hEAAEEAFF62404000
u_dut/lut_l0_133,LUT6,SLICE_X17Y229,SLICEL.C6LUT,64'hF233E20A50007320
u_dut/lut_l0_134,LUT6,SLICE_X20Y228,SLICEM.B6LUT,64'h1FF707C642C2E2E0
u_dut/lut_l0_135,LUT6,SLICE_X12Y225,SLICEM.A6LUT,64'h3A12B3B217903734
u_dut/lut_l0_136,LUT6,SLICE_X20Y228,SLICEM.C6LUT,64'hFD0E1434F7471177
u_dut/lut_l0_137,LUT6,SLICE_X12Y228,SLICEM.A6LUT,64'h0C40CC002CB0FCF2
u_dut/lut_l0_138,LUT6,SLICE_X18Y229,SLICEM.A6LUT,64'hD45DFDF998CC09D9
u_dut/lut_l0_139,LUT6,SLICE_X18Y228,SLICEM.C6LUT,64'h55FC544CA92A808D
u_dut/lut_l0_14,LUT6,SLICE_X9Y227,SLICEL.A6LUT,64'h42EA77424E800000
u_dut/lut_l0_140,LUT6,SLICE_X18Y229,SLICEM.B6LUT,64'h54426C5078608010
u_dut/lut_l0_141,LUT6,SLICE_X13Y229,SLICEL.A6LUT,64'hFA203071EB72E0B0
u_dut/lut_l0_142,LUT6,SLICE_X12Y226,SLICEM.B6LUT,64'hF9EA910BBD99FDFD
u_dut/lut_l0_143,LUT6,SLICE_X13Y225,SLICEL.A6LUT,64'h01AABEEE20001A2C
u_dut/lut_l0_144,LUT6,SLICE_X15Y227,SLICEL.C6LUT,64'hEC3DE429E22A8F1F
u_dut/lut_l0_145,LUT6,SLICE_X9Y228,SLICEL.A6LUT,64'hFAEEADC400CEB464
u_dut/lut_l0_146,LUT6,SLICE_X10Y224,SLICEM.A6LUT,64'h8D010050AD00A4C5
u_dut/lut_l0_147,LUT6,SLICE_X26Y226,SLICEL.A6LUT,64'h8FF980C4F7B3E484
u_dut/lut_l0_148,LUT6,SLICE_X14Y228,SLICEM.C6LUT,64'hFAC8FD00EE849100
u_dut/lut_l0_149,LUT6,SLICE_X20Y229,SLICEM.A6LUT,64'hFEE8EF123A3C735A
u_dut/lut_l0_15,LUT6,SLICE_X12Y225,SLICEM.B6LUT,64'hFAA286353331CFB5
u_dut/lut_l0_150,LUT6,SLICE_X11Y228,SLICEL.A6LUT,64'hADFF84CCA931843C
u_dut/lut_l0_151,LUT6,SLICE_X10Y228,SLICEM.B6LUT,64'hB3A4F3E7E3F7B0A0
u_dut/lut_l0_152,LUT6,SLICE_X14Y223,SLICEM.A6LUT,64'h37CE274A178E454C
u_dut/lut_l0_153,LUT6,SLICE_X8Y230,SLICEM.B6LUT,64'hFC5DCC89FC5FE800
u_dut/lut_l0_154,LUT6,SLICE_X13Y227,SLICEL.A6LUT,64'h0E6C2F00D3F2FF82
u_dut/lut_l0_155,LUT6,SLICE_X15Y229,SLICEL.B6LUT,64'h45880CD104AF58F2
u_dut/lut_l0_156,LUT6,SLICE_X16Y226,SLICEM.A6LUT,64'hDAC4AE00EAAA8A08
u_dut/lut_l0_157,LUT6,SLICE_X20Y228,SLICEM.D6LUT,64'h7E42F652E0771717
u_dut/lut_l0_158,LUT6,SLICE_X13Y227,SLICEL.B6LUT,64'h55513DB004308EF0
u_dut/lut_l0_159,LUT6,SLICE_X20Y232,SLICEM.A6LUT,64'h5C3AF2F8BA0DACA4
u_dut/lut_l0_16,LUT6,SLICE_X12Y224,SLICEM.A6LUT,64'h5757BFEAEFE4AE82
u_dut/lut_l0_160,LUT6,SLICE_X13Y228,SLICEL.A6LUT,64'h3A202030FA2072E0
u_dut/lut_l0_161,LUT6,SLICE_X17Y228,SLICEL.A6LUT,64'h37FF3FF508E468A8
u_dut/lut_l0_162,LUT6,SLICE_X9Y229,SLICEL.A6LUT,64'hEA8E013EC806E666
u_dut/lut_l0_163,LUT6,SLICE_X11Y226,SLICEL.A6LUT,64'hFB80B7F2B7F25D5A
u_dut/lut_l0_164,LUT6,SLICE_X10Y227,SLICEM.A6LUT,64'hDCCE9CCC401A5800
u_dut/lut_l0_165,LUT6,SLICE_X24Y230,SLICEL.A6LUT,64'h32F09C9073EB50D1
u_dut/lut_l0_166,LUT6,SLICE_X13Y227,SLICEL.C6LUT,64'hFBEA0BD0A350ABC8
u_dut/lut_l0_167,LUT6,SLICE_X16Y228,SLICEM.A6LUT,64'h00332030C50DA0A8
u_dut/lut_l0_168,LUT6,SLICE_X22Y225,SLICEM.A6LUT,64'hAAB8F0D2BBBBF080
u_dut/lut_l0_169,LUT6,SLICE_X20Y230,SLICEM.A6LUT,64'hDDFEF9D0D1F45940
u_dut/lut_l0_17,LUT6,SLICE_X10Y230,SLICEM.A6LUT,64'h755C740C7BAF0000
u_dut/lut_l0_170,LUT6,SLICE_X16Y225,SLICEM.B6LUT,64'h0004EAAEC2EACEA2
u_dut/lut_l0_171,LUT6,SLICE_X18Y225,SLICEM.A6LUT,64'hBDA8EABED7A0359B
u_dut/lut_l0_172,LUT6,SLICE_X16Y225,SLICEM.C6LUT,64'hDFCC11CCEAB819EC
u_dut/lut_l0_173,LUT6,SLICE_X15Y224,SLICEL.B6LUT,64'hB3D113B03FB022EA
u_dut/lut_l0_174,LUT6,SLICE_X19Y226,SLICEL.B6LUT,64'hFEAA312AF8AA58AA
u_dut/lut_l0_175,LUT6,SLICE_X16Y229,SLICEM.A6LUT,64'hCAEB95CDCDB8D0F6
u_dut/lut_l0_176,LUT6,SLICE_X14Y228,SLICEM.D6LUT,64'h062B37C13687E9CD
u_dut/lut_l0_177,LUT6,SLICE_X17Y228,SLICEL.B6LUT,64'h5A7B7F134B5F5933
u_dut/lut_l0_178,LUT6,SLICE_X12Y224,SLICEM.B6LUT,64'h32F8329030D43289
u_dut/lut_l0_179,LUT6,SLICE_X11Y226,SLICEL.B6LUT,64'h1E0AD5DD0E1BD5BB
u_dut/lut_l0_18,LUT6,SLICE_X24Y225,SLICEL.A6LUT,64'hBFECEEF877F472FE
u_dut/lut_l0_180,LUT6,SLICE_X21Y228,SLICEL.A6LUT,64'h3633FCD02677A824
u_dut/lut_l0_181,LUT6,SLICE_X21Y238,SLICEL.A6LUT,64'hF6FFD00130A68082
u_dut/lut_l0_182,LUT6,SLICE_X17Y229,SLICEL.D6LUT,64'h585FDA4FDD934C54
u_dut/lut_l0_183,LUT6,SLICE_X22Y230,SLICEM.A6LUT,64'hFDF0DCDCF9F3FCCE
u_dut/lut_l0_184,LUT6,SLICE_X12Y223,SLICEM.A6LUT,64'h544014401440B8CC
u_dut/lut_l0_185,LUT6,SLICE_X15Y231,SLICEL.A6LUT,64'h10000000DC88EC80
u_dut/lut_l0_186,LUT6,SLICE_X12Y226,SLICEM.C6LUT,64'h5150FEF81ED811F8
u_dut/lut_l0_187,LUT6,SLICE_X8Y229,SLICEM.C6LUT,64'hE8F49E6CD2D422C4
u_dut/lut_l0_188,LUT6,SLICE_X8Y230,SLICEM.C6LUT,64'hECFEE3EFE9A1A8A4
u_dut/lut_l0_189,LUT6,SLICE_X12Y229,SLICEM.A6LUT,64'h55454055BBC7B117
u_dut/lut_l0_19,LUT6,SLICE_X11Y227,SLICEL.A6LUT,64'h51102F70D888A810
u_dut/lut_l0_190,LUT6,SLICE_X8Y230,SLICEM.D6LUT,64'hFFEE7BFBBA88FA00
u_dut/lut_l0_191,LUT6,SLICE_X16Y230,SLICEM.B6LUT,64'h3250322215DD1280
u_dut/lut_l0_192,LUT6,SLICE_X11Y226,SLICEL.C6LUT,64'h039D022AF2CDE008
u_dut/lut_l0_193,LUT6,SLICE_X16Y226,SLICEM.B6LUT,64'h51C5E0E0552082A0
u_dut/lut_l0_194,LUT6,SLICE_X12Y226,SLICEM.D6LUT,64'h22220CAB22202AA4
u_dut/lut_l0_195,LUT6,SLICE_X8Y226,SLICEM.C6LUT,64'hBBE2FAAA31241020
u_dut/lut_l0_196,LUT6,SLICE_X16Y226,SLICEM.C6LUT,64'h0FF50E841BBB0CCC
u_dut/lut_l0_197,LUT6,SLICE_X16Y231,SLICEM.A6LUT,64'h304C333F333B3555
u_dut/lut_l0_198,LUT6,SLICE_X12Y223,SLICEM.B6LUT,64'hEDC2BAAAFEF8BC80
u_dut/lut_l0_199,LUT6,SLICE_X12Y224,SLICEM.C6LUT,64'hAA93E899C8010055
u_dut/lut_l0_2,LUT6,SLICE_X13Y224,SLICEL.A6LUT,64'hFFFC4E5CAA180A10
u_dut/lut_l0_20,LUT6,SLICE_X15Y229,SLICEL.C6LUT,64'h22366BEFBA338F4F
u_dut/lut_l0_200,LUT6,SLICE_X28Y237,SLICEL.A6LUT,64'h04CEFA3E0084329E
u_dut/lut_l0_201,LUT6,SLICE_X26Y234,SLICEL.A6LUT,64'h1904020039150D00
u_dut/lut_l0_202,LUT6,SLICE_X25Y235,SLICEL.A6LUT,64'h8800001100000004
u_dut/lut_l0_203,LUT6,SLICE_X26Y234,SLICEL.B6LUT,64'hABD7EA25FFA89D53
u_dut/lut_l0_204,LUT6,SLICE_X22Y235,SLICEM.A6LUT,64'h00004150000410DC
u_dut/lut_l0_205,LUT6,SLICE_X26Y237,SLICEL.A6LUT,64'hF9E0A191D3B0BB91
u_dut/lut_l0_206,LUT6,SLICE_X33Y239,SLICEL.A6LUT,64'h01C0200000000000
u_dut/lut_l0_207,LUT6,SLICE_X31Y234,SLICEL.A6LUT,64'h80FFA8CF1F3F8107
u_dut/lut_l0_208,LUT6,SLICE_X30Y237,SLICEL.A6LUT,64'hE062000000640000
u_dut/lut_l0_209,LUT6,SLICE_X33Y231,SLICEL.A6LUT,64'hEEFEFFDFFFDFFFFB
u_dut/lut_l0_21,LUT6,SLICE_X12Y227,SLICEM.A6LUT,64'hCAEC8A0AFEE5B0F0
u_dut/lut_l0_210,LUT6,SLICE_X20Y235,SLICEM.A6LUT,64'h05050534CC820400
u_dut/lut_l0_211,LUT6,SLICE_X25Y238,SLICEL.A6LUT,64'h0008000A00004015
u_dut/lut_l0_212,LUT6,SLICE_X29Y239,SLICEL.A6LUT,64'h76FCC0F0FEA88480
u_dut/lut_l0_213,LUT6,SLICE_X24Y237,SLICEL.A6LUT,64'h0060000028018400
u_dut/lut_l0_214,LUT6,SLICE_X30Y237,SLICEL.B6LUT,64'hFBA6C82010220060
u_dut/lut_l0_215,LUT6,SLICE_X28Y238,SLICEL.A6LUT,64'h42040010C0404000
u_dut/lut_l0_216,LUT6,SLICE_X30Y234,SLICEL.A6LUT,64'h775FAF4BFE2FAC94
u_dut/lut_l0_217,LUT6,SLICE_X25Y239,SLICEL.A6LUT,64'hD5FD554410545810
u_dut/lut_l0_218,LUT6,SLICE_X30Y235,SLICEL.A6LUT,64'h0000480000000000
u_dut/lut_l0_219,LUT6,SLICE_X21Y238,SLICEL.B6LUT,64'hA898D8D001815F7F
u_dut/lut_l0_22,LUT6,SLICE_X10Y227,SLICEM.B6LUT,64'hFED154438551AFF3
u_dut/lut_l0_220,LUT6,SLICE_X24Y239,SLICEL.A6LUT,64'h0080220000000000
u_dut/lut_l0_221,LUT6,SLICE_X21Y235,SLICEL.A6LUT,64'h8F0C1215893F0EF7
u_dut/lut_l0_222,LUT6,SLICE_X26Y235,SLICEL.A6LUT,64'h34317DFEFCF1F1BE
u_dut/lut_l0_223,LUT6,SLICE_X26Y238,SLICEL.A6LUT,64'hAFE34F438F930501
u_dut/lut_l0_224,LUT6,SLICE_X26Y235,SLICEL.B6LUT,64'hB15B5BB6BE7AAFAD
u_dut/lut_l0_225,LUT6,SLICE_X25Y235,SLICEL.B6LUT,64'h170000424080B0E0
u_dut/lut_l0_226,LUT6,SLICE_X26Y236,SLICEL.A6LUT,64'h0001000080018004
u_dut/lut_l0_227,LUT6,SLICE_X28Y236,SLICEL.A6LUT,64'hFFFFFEFFFF7FFFFF
u_dut/lut_l0_228,LUT6,SLICE_X24Y234,SLICEL.A6LUT,64'h0060005400A031C1
u_dut/lut_l0_229,LUT6,SLICE_X29Y235,SLICEL.A6LUT,64'h0000008000000000
u_dut/lut_l0_23,LUT6,SLICE_X18Y228,SLICEM.D6LUT,64'hFBCC3EBE055D8EAE
u_dut/lut_l0_230,LUT6,SLICE_X33Y237,SLICEL.A6LUT,64'hA8808B88A198AFFF
u_dut/lut_l0_231,LUT6,SLICE_X32Y235,SLICEL.A6LUT,64'hC08CF8F3ABBBE0BB
u_dut/lut_l0_232,LUT6,SLICE_X28Y232,SLICEL.A6LUT,64'h0D09870008058F81
u_dut/lut_l0_233,LUT6,SLICE_X32Y236,SLICEL.A6LUT,64'h0000000000001000
u_dut/lut_l0_234,LUT6,SLICE_X32Y236,SLICEL.B6LUT,64'h80C0008080400040
u_dut/lut_l0_235,LUT6,SLICE_X33Y236,SLICEL.A6LUT,64'hFFFFFFFFFFEFFFFF
u_dut/lut_l0_236,LUT6,SLICE_X26Y236,SLICEL.B6LUT,64'hFFFFFDFFF5FFF7FF
u_dut/lut_l0_237,LUT6,SLICE_X25Y231,SLICEL.A6LUT,64'h0105030040410700
u_dut/lut_l0_238,LUT6,SLICE_X24Y234,SLICEL.B6LUT,64'h050A2FDF676727E7
u_dut/lut_l0_239,LUT6,SLICE_X28Y235,SLICEL.A6LUT,64'hFFFFFFFFFFFDFFF7
u_dut/lut_l0_24,LUT6,SLICE_X15Y229,SLICEL.D6LUT,64'h23FF5FEF41AB71C3
u_dut/lut_l0_240,LUT6,SLICE_X30Y230,SLICEL.A6LUT,64'h0100000020000000
u_dut/lut_l0_241,LUT6,SLICE_X32Y236,SLICEL.C6LUT,64'hFFFFDFBFFFFFFFFF
u_dut/lut_l0_242,LUT6,SLICE_X28Y233,SLICEL.A6LUT,64'h0140811002000000
u_dut/lut_l0_243,LUT6,SLICE_X30Y230,SLICEL.B6LUT,64'hAFAB3135F9D1FFFD
u_dut/lut_l0_244,LUT6,SLICE_X26Y236,SLICEL.C6LUT,64'h0000000000000400
u_dut/lut_l0_245,LUT6,SLICE_X22Y234,SLICEM.A6LUT,64'hF2AFA5B500405570
u_dut/lut_l0_246,LUT6,SLICE_X24Y230,SLICEL.B6LUT,64'h317549A411B7FB31
u_dut/lut_l0_247,LUT6,SLICE_X22Y236,SLICEM.A6LUT,64'hEC643C2E202ABBBA
u_dut/lut_l0_248,LUT6,SLICE_X29Y232,SLICEL.A6LUT,64'h0000008000000001
u_dut/lut_l0_249,LUT6,SLICE_X30Y234,SLICEL.B6LUT,64'h347F55FF31210D5F
u_dut/lut_l0_25,LUT6,SLICE_X14Y227,SLICEM.A6LUT,64'hBB2FBA7A334730F0
u_dut/lut_l0_250,LUT6,SLICE_X32Y230,SLICEL.A6LUT,64'h7FFF5EFDFFFFFFFD
u_dut/lut_l0_251,LUT6,SLICE_X32Y234,SLICEL.A6LUT,64'h00C8040000000000
u_dut/lut_l0_252,LUT6,SLICE_X26Y233,SLICEL.A6LUT,64'hF821B2138F5F04DC
u_dut/lut_l0_253,LUT6,SLICE_X26Y234,SLICEL.C6LUT,64'h0021200800000000
u_dut/lut_l0_254,LUT6,SLICE_X28Y232,SLICEL.B6LUT,64'h3030020202C2C2C3
u_dut/lut_l0_255,LUT6,SLICE_X30Y235,SLICEL.B6LUT,64'hF8F8FD75E8988D5D
u_dut/lut_l0_256,LUT6,SLICE_X30Y236,SLICEL.A6LUT,64'h3BF757DF37214F54
u_dut/lut_l0_257,LUT6,SLICE_X32Y236,SLICEL.D6LUT,64'hC4F0FDF08D81CC60
u_dut/lut_l0_258,LUT6,SLICE_X26Y236,SLICEL.D6LUT,64'h0000000000000000
u_dut/lut_l0_259,LUT6,SLICE_X30Y233,SLICEL.A6LUT,64'hFFFFFFFFFFFFFBBF
u_dut/lut_l0_26,LUT6,SLICE_X8Y229,SLICEM.D6LUT,64'h887DFD0588DEDCF8
u_dut/lut_l0_260,LUT6,SLICE_X26Y233,SLICEL.B6LUT,64'h10E800FC01BC00BC
u_dut/lut_l0_261,LUT6,SLICE_X27Y237,SLICEL.A6LUT,64'hFFFFBFFFDFFFFCFF
u_dut/lut_l0_262,LUT6,SLICE_X24Y235,SLICEL.A6LUT,64'h54C060C01804FFFF
u_dut/lut_l0_263,LUT6,SLICE_X21Y235,SLICEL.B6LUT,64'h4B004808F0000000
u_dut/lut_l0_264,LUT6,SLICE_X28Y237,SLICEL.B6LUT,64'hCF87DD380A0C0200
u_dut/lut_l0_265,LUT6,SLICE_X26Y238,SLICEL.B6LUT,64'hFEFFEDFFFFFFFFFF
u_dut/lut_l0_266,LUT6,SLICE_X25Y230,SLICEL.A6LUT,64'h2C45BCF70F450D57
u_dut/lut_l0_267,LUT6,SLICE_X30Y237,SLICEL.C6LUT,64'h0040000000002880
u_dut/lut_l0_268,LUT6,SLICE_X32Y234,SLICEL.B6LUT,64'h8AAA080A08000800
u_dut/lut_l0_269,LUT6,SLICE_X28Y234,SLICEL.A6LUT,64'h4400800000010801
u_dut/lut_l0_27,LUT6,SLICE_X16Y229,SLICEM.B6LUT,64'h4010F8ADC0377B37
u_dut/lut_l0_270,LUT6,SLICE_X30Y232,SLICEL.A6LUT,64'h0F0C2E2A0EA322A2
u_dut/lut_l0_271,LUT6,SLICE_X36Y234,SLICEL.A6LUT,64'h1208000502000185
u_dut/lut_l0_272,LUT6,SLICE_X29Y233,SLICEL.A6LUT,64'hFAFF007308088858
u_dut/lut_l0_273,LUT6,SLICE_X30Y238,SLICEL.A6LUT,64'hFFFFFEFCFCFAEFFE
u_dut/lut_l0_274,LUT6,SLICE_X22Y234,SLICEM.B6LUT,64'hFFFFFFFFFFFFFFFF
u_dut/lut_l0_275,LUT6,SLICE_X30Y235,SLICEL.C6LUT,64'h0800000000000020
u_dut/lut_l0_276,LUT6,SLICE_X30Y233,SLICEL.B6LUT,64'hDFFF7F7FFFFFFFFF
u_dut/lut_l0_277,LUT6,SLICE_X29Y232,SLICEL.B6LUT,64'h8053AC9F1737BFF7
u_dut/lut_l0_278,LUT6,SLICE_X32Y237,SLICEL.A6LUT,64'hEFFFAF7FDFFFFFDF
u_dut/lut_l0_279,LUT6,SLICE_X29Y232,SLICEL.C6LUT,64'hFFFFFFFFFFFFFEFB
u_dut/lut_l0_28,LUT6,SLICE_X18Y229,SLICEM.C6LUT,64'h80ECEFF18489A9ED
u_dut/lut_l0_280,LUT6,SLICE_X31Y237,SLICEL.A6LUT,64'hFFF7FF96EEBFFFF7
u_dut/lut_l0_281,LUT6,SLICE_X32Y238,SLICEL.A6LUT,64'h4000000008000000
u_dut/lut_l0_282,LUT6,SLICE_X30Y232,SLICEL.B6LUT,64'h91B5337FE889987F
u_dut/lut_l0_283,LUT6,SLICE_X32Y234,SLICEL.C6LUT,64'hCC0404008D5F444D
u_dut/lut_l0_284,LUT6,SLICE_X24Y237,SLICEL.B6LUT,64'h7AF2554050D055C5
u_dut/lut_l0_285,LUT6,SLICE_X24Y235,SLICEL.B6LUT,64'hFFFFFFFEFEFFFFBE
u_dut/lut_l0_286,LUT6,SLICE_X29Y236,SLICEL.A6LUT,64'h0004002000020000
u_dut/lut_l0_287,LUT6,SLICE_X32Y233,SLICEL.A6LUT,64'h6F75FFECFFB7BFA5
u_dut/lut_l0_288,LUT6,SLICE_X32Y238,SLICEL.B6LUT,64'hEFDFFFFFBF7FEA9E
u_dut/lut_l0_289,LUT6,SLICE_X26Y231,SLICEL.A6LUT,64'hF057CD4C0501DDDC
u_dut/lut_l0_29,LUT6,SLICE_X15Y228,SLICEL.B6LUT,64'hDCEEFECE5173FB0F
u_dut/lut_l0_290,LUT6,SLICE_X31Y237,SLICEL.B6LUT,64'h0084402000002000
u_dut/lut_l0_291,LUT6,SLICE_X28Y238,SLICEL.B6LUT,64'h0804000400000000
u_dut/lut_l0_292,LUT6,SLICE_X29Y240,SLICEL.A6LUT,64'h0000008008000002
u_dut/lut_l0_293,LUT6,SLICE_X28Y237,SLICEL.C6LUT,64'hFF7DFFFFFFFFDFFF
u_dut/lut_l0_294,LUT6,SLICE_X29Y233,SLICEL.B6LUT,64'h515040D0D1C1C3C1
u_dut/lut_l0_295,LUT6,SLICE_X26Y238,SLICEL.C6LUT,64'h0283001805080400
u_dut/lut_l0_296,LUT6,SLICE_X31Y235,SLICEL.A6LUT,64'hFE5F568AB5092105
u_dut/lut_l0_297,LUT6,SLICE_X26Y238,SLICEL.D6LUT,64'hFFFFFFFFFFEFDFBF
u_dut/lut_l0_298,LUT6,SLICE_X24Y236,SLICEL.A6LUT,64'h0000002080030088
u_dut/lut_l0_299,LUT6,SLICE_X34Y238,SLICEL.A6LUT,64'hFB22AAAF0080A8E0
u_dut/lut_l0_3,LUT6,SLICE_X10Y226,SLICEM.A6LUT,64'hAAC104560CBEBE3C
u_dut/lut_l0_30,LUT6,SLICE_X12Y223,SLICEM.C6LUT,64'h00C8280AEAEC0EAA
u_dut/lut_l0_300,LUT6,SLICE_X34Y237,SLICEL.A6LUT,64'hD9D8F0B0F088F0D0
u_dut/lut_l0_301,LUT6,SLICE_X32Y238,SLICEL.C6LUT,64'h0008020040000080
u_dut/lut_l0_302,LUT6,SLICE_X32Y231,SLICEL.A6LUT,64'hF7FFFFFFFF7FEFFF
u_dut/lut_l0_303,LUT6,SLICE_X32Y232,SLICEL.A6LUT,64'h7FFFFFFBBFFF6F68
u_dut/lut_l0_304,LUT6,SLICE_X26Y231,SLICEL.B6LUT,64'hFF97CA43B3BBAE5B
u_dut/lut_l0_305,LUT6,SLICE_X26Y232,SLICEL.A6LUT,64'hFEBFEFEEFFDEFFFF
u_dut/lut_l0_306,LUT6,SLICE_X32Y231,SLICEL.B6LUT,64'hFFFEFDFFFFFFFFFF
u_dut/lut_l0_307,LUT6,SLICE_X31Y234,SLICEL.B6LUT,64'h8000919000000000
u_dut/lut_l0_308,LUT6,SLICE_X26Y232,SLICEL.B6LUT,64'h7743021202B18802
u_dut/lut_l0_309,LUT6,SLICE_X34Y237,SLICEL.B6LUT,64'hFFFBFFFFFFFFFFFF
u_dut/lut_l0_31,LUT6,SLICE_X12Y227,SLICEM.B6LUT,64'h8404E220CED62B6A
u_dut/lut_l0_310,LUT6,SLICE_X34Y237,SLICEL.C6LUT,64'hC2CC86C4AEA88E08
u_dut/lut_l0_311,LUT6,SLICE_X29Y238,SLICEL.A6LUT,64'h0000000100008141
u_dut/lut_l0_312,LUT6,SLICE_X32Y237,SLICEL.B6LUT,64'h2E838A88EE4C0200
u_dut/lut_l0_313,LUT6,SLICE_X32Y230,SLICEL.B6LUT,64'h7FBB0868EEBF4855
u_dut/lut_l0_314,LUT6,SLICE_X31Y236,SLICEL.A6LUT,64'h0008000000000800
u_dut/lut_l0_315,LUT6,SLICE_X31Y237,SLICEL.C6LUT,64'h0000000000006000
u_dut/lut_l0_316,LUT6,SLICE_X30Y232,SLICEL.C6LUT,64'hFFFFFFFFDFBFFFFF
u_dut/lut_l0_317,LUT6,SLICE_X31Y238,SLICEL.A6LUT,64'h0000100000000000
u_dut/lut_l0_318,LUT6,SLICE_X23Y238,SLICEL.A6LUT,64'hCE2595BFEE97A81F
u_dut/lut_l0_319,LUT6,SLICE_X29Y238,SLICEL.B6LUT,64'h0020000000000080
u_dut/lut_l0_32,LUT6,SLICE_X7Y227,SLICEL.A6LUT,64'hE9216D5DA026026A
u_dut/lut_l0_320,LUT6,SLICE_X24Y236,SLICEL.B6LUT,64'h0A820BB500D04055
u_dut/lut_l0_321,LUT6,SLICE_X31Y235,SLICEL.B6LUT,64'h67667F37C3FBFB33
u_dut/lut_l0_322,LUT6,SLICE_X27Y235,SLICEL.A6LUT,64'hF5FFFFBDFDFBFBAF
u_dut/lut_l0_323,LUT6,SLICE_X34Y234,SLICEL.A6LUT,64'hFF7FFAEBFFBBFF6F
u_dut/lut_l0_324,LUT6,SLICE_X32Y235,SLICEL.B6LUT,64'h58DD101CDDDD1FCC
u_dut/lut_l0_325,LUT6,SLICE_X25Y230,SLICEL.B6LUT,64'h77FF39EFFCFD6EEF
u_dut/lut_l0_326,LUT6,SLICE_X32Y231,SLICEL.C6LUT,64'hFFFEFFD6FFFFFFFE
u_dut/lut_l0_327,LUT6,SLICE_X31Y237,SLICEL.D6LUT,64'hDC04200005089080
u_dut/lut_l0_328,LUT6,SLICE_X32Y233,SLICEL.B6LUT,64'h1685938CDF4D5080
u_dut/lut_l0_329,LUT6,SLICE_X32Y234,SLICEL.D6LUT,64'h2020022002200000
u_dut/lut_l0_33,LUT6,SLICE_X20Y227,SLICEM.B6LUT,64'h111310028A8FF808
u_dut/lut_l0_330,LUT6,SLICE_X32Y237,SLICEL.C6LUT,64'h57FFFFFF57FF7FFF
u_dut/lut_l0_331,LUT6,SLICE_X28Y233,SLICEL.B6LUT,64'h00000002A208AA00
u_dut/lut_l0_332,LUT6,SLICE_X28Y234,SLICEL.B6LUT,64'h6800042894900001
u_dut/lut_l0_333,LUT6,SLICE_X30Y234,SLICEL.C6LUT,64'h0084000200A00000
u_dut/lut_l0_334,LUT6,SLICE_X29Y233,SLICEL.C6LUT,64'h77527F0173736AA2
u_dut/lut_l0_335,LUT6,SLICE_X33Y234,SLICEL.A6LUT,64'hFFFFFFFFFFFFFFFF
u_dut/lut_l0_336,LUT6,SLICE_X30Y233,SLICEL.C6LUT,64'h0000000000000000
u_dut/lut_l0_337,LUT6,SLICE_X22Y222,SLICEM.A6LUT,64'h0B4B4147BF73BB49
u_dut/lut_l0_338,LUT6,SLICE_X32Y232,SLICEL.B6LUT,64'h4B000000440C0010
u_dut/lut_l0_339,LUT6,SLICE_X28Y232,SLICEL.C6LUT,64'h41258B3FEFAF1B3F
u_dut/lut_l0_34,LUT6,SLICE_X17Y225,SLICEL.A6LUT,64'h3AFA2A4C12380A07
u_dut/lut_l0_340,LUT6,SLICE_X30Y232,SLICEL.D6LUT,64'h78B0EDEF7BA0B005
u_dut/lut_l0_341,LUT6,SLICE_X24Y234,SLICEL.C6LUT,64'hEA99117F6E112273
u_dut/lut_l0_342,LUT6,SLICE_X28Y234,SLICEL.C6LUT,64'h5001204F5410400A
u_dut/lut_l0_343,LUT6,SLICE_X31Y234,SLICEL.C6LUT,64'h0200020108000000
u_dut/lut_l0_344,LUT6,SLICE_X36Y235,SLICEL.A6LUT,64'h0400000000002000
u_dut/lut_l0_345,LUT6,SLICE_X31Y235,SLICEL.C6LUT,64'h00802000A040E000
u_dut/lut_l0_346,LUT6,SLICE_X33Y229,SLICEL.A6LUT,64'h2020023800000084
u_dut/lut_l0_347,LUT6,SLICE_X32Y235,SLICEL.C6LUT,64'h6802000000000000
u_dut/lut_l0_348,LUT6,SLICE_X26Y235,SLICEL.C6LUT,64'h0000000000008000
u_dut/lut_l0_349,LUT6,SLICE_X35Y234,SLICEL.A6LUT,64'h0000111100001111
u_dut/lut_l0_35,LUT6,SLICE_X14Y227,SLICEM.B6LUT,64'h6F23A8A80B339BFF
u_dut/lut_l0_350,LUT6,SLICE_X28Y235,SLICEL.B6LUT,64'h0000000000002000
u_dut/lut_l0_351,LUT6,SLICE_X32Y238,SLICEL.D6LUT,64'h20001010F0102020
u_dut/lut_l0_352,LUT6,SLICE_X31Y234,SLICEL.D6LUT,64'hC080040000800000
u_dut/lut_l0_353,LUT6,SLICE_X22Y233,SLICEM.A6LUT,64'h0C000D350C327F7F
u_dut/lut_l0_354,LUT6,SLICE_X31Y236,SLICEL.B6LUT,64'h8C44C648C54C0026
u_dut/lut_l0_355,LUT6,SLICE_X32Y235,SLICEL.D6LUT,64'h9002000080C04803
u_dut/lut_l0_356,LUT6,SLICE_X32Y232,SLICEL.C6LUT,64'hFFEFD75F6FFCBEFC
u_dut/lut_l0_357,LUT6,SLICE_X26Y231,SLICEL.C6LUT,64'h070095B0CFCD9F90
u_dut/lut_l0_358,LUT6,SLICE_X31Y233,SLICEL.A6LUT,64'h0000000000042000
u_dut/lut_l0_359,LUT6,SLICE_X24Y236,SLICEL.C6LUT,64'hE4DC75FFF8B1343D
u_dut/lut_l0_36,LUT6,SLICE_X20Y225,SLICEM.A6LUT,64'hB223FFFF7D373100
u_dut/lut_l0_360,LUT6,SLICE_X32Y232,SLICEL.D6LUT,64'hEA00DC08948180B0
u_dut/lut_l0_361,LUT6,SLICE_X31Y233,SLICEL.B6LUT,64'hEF00661AEFD50145
u_dut/lut_l0_362,LUT6,SLICE_X26Y232,SLICEL.C6LUT,64'h048A002A80000000
u_dut/lut_l0_363,LUT6,SLICE_X24Y234,SLICEL.D6LUT,64'hC00980848C8E21C0
u_dut/lut_l0_364,LUT6,SLICE_X35Y235,SLICEL.A6LUT,64'h0400B00000008A10
u_dut/lut_l0_365,LUT6,SLICE_X28Y233,SLICEL.C6LUT,64'h444040403A010000
u_dut/lut_l0_366,LUT6,SLICE_X28Y234,SLICEL.D6LUT,64'hA0820000A3B20002
u_dut/lut_l0_367,LUT6,SLICE_X28Y231,SLICEL.A6LUT,64'h5012040000040000
u_dut/lut_l0_368,LUT6,SLICE_X30Y235,SLICEL.D6LUT,64'h0A4F903880A2400A
u_dut/lut_l0_369,LUT6,SLICE_X31Y233,SLICEL.C6LUT,64'h1CC8040040E40040
u_dut/lut_l0_37,LUT6,SLICE_X10Y227,SLICEM.C6LUT,64'hFA0FA0F1A80AAAAA
u_dut/lut_l0_370,LUT6,SLICE_X27Y235,SLICEL.B6LUT,64'h1000000000000000
u_dut/lut_l0_371,LUT6,SLICE_X32Y233,SLICEL.C6LUT,64'h210A13FF300A37BF
u_dut/lut_l0_372,LUT6,SLICE_X25Y235,SLICEL.C6LUT,64'hFFF3F5BFFFFFFDAF
u_dut/lut_l0_373,LUT6,SLICE_X34Y235,SLICEL.A6LUT,64'hB1DF30CF33130254
u_dut/lut_l0_374,LUT6,SLICE_X24Y222,SLICEL.A6LUT,64'hE6EBFFBBEFEFF9F7
u_dut/lut_l0_375,LUT6,SLICE_X34Y236,SLICEL.A6LUT,64'h0000004000000000
u_dut/lut_l0_376,LUT6,SLICE_X31Y236,SLICEL.C6LUT,64'h1820224A9AA54820
u_dut/lut_l0_377,LUT6,SLICE_X27Y235,SLICEL.C6LUT,64'hB17FADE77FFF8FAA
u_dut/lut_l0_378,LUT6,SLICE_X29Y238,SLICEL.C6LUT,64'h0820000000000000
u_dut/lut_l0_379,LUT6,SLICE_X28Y235,SLICEL.C6LUT,64'h0000000000010000
u_dut/lut_l0_38,LUT6,SLICE_X16Y228,SLICEM.B6LUT,64'hCFF5DD758B4140B5
u_dut/lut_l0_380,LUT6,SLICE_X28Y233,SLICEL.D6LUT,64'hFFFFF7FFFEFFFFFF
u_dut/lut_l0_381,LUT6,SLICE_X26Y235,SLICEL.D6LUT,64'hFFFF7FFFFFDB7BBF
u_dut/lut_l0_382,LUT6,SLICE_X26Y234,SLICEL.D6LUT,64'hFF6FDFFEF5FFFEFF
u_dut/lut_l0_383,LUT6,SLICE_X29Y233,SLICEL.D6LUT,64'h0404000040008040
u_dut/lut_l0_384,LUT6,SLICE_X26Y232,SLICEL.D6LUT,64'h071A824C070CBDB8
u_dut/lut_l0_385,LUT6,SLICE_X28Y235,SLICEL.D6LUT,64'h023BFEF530B331FF
u_dut/lut_l0_386,LUT6,SLICE_X28Y231,SLICEL.B6LUT,64'h6C8CDC8F2CBAEAB2
u_dut/lut_l0_387,LUT6,SLICE_X32Y233,SLICEL.D6LUT,64'hBF88995151205151
u_dut/lut_l0_388,LUT6,SLICE_X33Y233,SLICEL.A6LUT,64'h0080000008000000
u_dut/lut_l0_389,LUT6,SLICE_X34Y233,SLICEL.A6LUT,64'hDFFF77F5FFFFFFFF
u_dut/lut_l0_39,LUT6,SLICE_X10Y228,SLICEM.C6LUT,64'hBF10FFF7DEFD01F5
u_dut/lut_l0_390,LUT6,SLICE_X33Y241,SLICEL.A6LUT,64'h0000800020000000
u_dut/lut_l0_391,LUT6,SLICE_X31Y233,SLICEL.D6LUT,64'h8000000000000080
u_dut/lut_l0_392,LUT6,SLICE_X24Y235,SLICEL.C6LUT,64'hFFBBBFB7F71D978F
u_dut/lut_l0_393,LUT6,SLICE_X30Y234,SLICEL.D6LUT,64'h0F0055FD4DCEDDFF
u_dut/lut_l0_394,LUT6,SLICE_X35Y236,SLICEL.A6LUT,64'hED0F4A08EE89AA8A
u_dut/lut_l0_395,LUT6,SLICE_X31Y236,SLICEL.D6LUT,64'hDADFB7FDFBBF77F1
u_dut/lut_l0_396,LUT6,SLICE_X30Y233,SLICEL.D6LUT,64'h0000000000848000
u_dut/lut_l0_397,LUT6,SLICE_X27Y235,SLICEL.D6LUT,64'h04A0EEAE051D5D0C
u_dut/lut_l0_398,LUT6,SLICE_X26Y231,SLICEL.D6LUT,64'hFDFFF7ECFDE8FDDF
u_dut/lut_l0_399,LUT6,SLICE_X35Y235,SLICEL.B6LUT,64'h022448A420828310
u_dut/lut_l0_4,LUT6,SLICE_X13Y224,SLICEL.B6LUT,64'h050D44084C40ECA0
u_dut/lut_l0_40,LUT6,SLICE_X19Y226,SLICEL.C6LUT,64'hFBFFBD27CEA3EFAF
u_dut/lut_l0_400,LUT6,SLICE_X23Y223,SLICEL.A6LUT,64'hFC38C02805C50040
u_dut/lut_l0_401,LUT6,SLICE_X24Y225,SLICEL.B6LUT,64'h9810CA1B98108202
u_dut/lut_l0_402,LUT6,SLICE_X28Y227,SLICEL.A6LUT,64'h06A524A118B015B7
u_dut/lut_l0_403,LUT6,SLICE_X24Y223,SLICEL.A6LUT,64'hEA04C111028C01E7
u_dut/lut_l0_404,LUT6,SLICE_X34Y224,SLICEL.A6LUT,64'hFFABE8BCECB9E0FC
u_dut/lut_l0_405,LUT6,SLICE_X26Y225,SLICEL.A6LUT,64'hF824BC83E08804EE
u_dut/lut_l0_406,LUT6,SLICE_X27Y225,SLICEL.A6LUT,64'hBB93F8B84C760000
u_dut/lut_l0_407,LUT6,SLICE_X24Y223,SLICEL.B6LUT,64'hA804A05680008080
u_dut/lut_l0_408,LUT6,SLICE_X26Y224,SLICEL.A6LUT,64'h8A5088058A508103
u_dut/lut_l0_409,LUT6,SLICE_X24Y220,SLICEL.A6LUT,64'hB000A000097B2070
u_dut/lut_l0_41,LUT6,SLICE_X10Y230,SLICEM.B6LUT,64'hEAF289B3566A5747
u_dut/lut_l0_410,LUT6,SLICE_X24Y223,SLICEL.C6LUT,64'hF5E4552D0AC42A65
u_dut/lut_l0_411,LUT6,SLICE_X23Y223,SLICEL.B6LUT,64'h12CCEA50BABAC7D4
u_dut/lut_l0_412,LUT6,SLICE_X27Y224,SLICEL.A6LUT,64'h33003081800A801F
u_dut/lut_l0_413,LUT6,SLICE_X27Y222,SLICEL.A6LUT,64'h1504C6B704040C00
u_dut/lut_l0_414,LUT6,SLICE_X17Y235,SLICEL.A6LUT,64'hFF88CCF45704440C
u_dut/lut_l0_415,LUT6,SLICE_X21Y227,SLICEL.B6LUT,64'hB9A85409A8C100C3
u_dut/lut_l0_416,LUT6,SLICE_X27Y225,SLICEL.B6LUT,64'hFAA4AFC4AEE424C4
u_dut/lut_l0_417,LUT6,SLICE_X23Y224,SLICEL.A6LUT,64'hFC006022EC04000F
u_dut/lut_l0_418,LUT6,SLICE_X31Y225,SLICEL.A6LUT,64'hCC04C8A0A364B300
u_dut/lut_l0_419,LUT6,SLICE_X31Y227,SLICEL.A6LUT,64'hC90D4DA5EA8041A2
u_dut/lut_l0_42,LUT6,SLICE_X15Y227,SLICEL.D6LUT,64'hE2EA2020F2EA7162
u_dut/lut_l0_420,LUT6,SLICE_X21Y223,SLICEL.A6LUT,64'hA3EA45C0A4604C44
u_dut/lut_l0_421,LUT6,SLICE_X32Y224,SLICEL.A6LUT,64'hA9C4A913CBCC0800
u_dut/lut_l0_422,LUT6,SLICE_X24Y223,SLICEL.D6LUT,64'hB98855040844888F
u_dut/lut_l0_423,LUT6,SLICE_X34Y223,SLICEL.A6LUT,64'hDDBDDD0111591D08
u_dut/lut_l0_424,LUT6,SLICE_X21Y227,SLICEL.C6LUT,64'hA327ECACA367E827
u_dut/lut_l0_425,LUT6,SLICE_X29Y229,SLICEL.A6LUT,64'hDD88888115BC3527
u_dut/lut_l0_426,LUT6,SLICE_X32Y227,SLICEL.A6LUT,64'hE0D9D1802A0A5502
u_dut/lut_l0_427,LUT6,SLICE_X28Y226,SLICEL.A6LUT,64'h888A8040BF8E00C8
u_dut/lut_l0_428,LUT6,SLICE_X22Y224,SLICEM.A6LUT,64'hEE322E122A8032FE
u_dut/lut_l0_429,LUT6,SLICE_X30Y227,SLICEL.A6LUT,64'h8A8144005113F410
u_dut/lut_l0_43,LUT6,SLICE_X18Y226,SLICEM.B6LUT,64'h04AC20A8E0FF82E0
u_dut/lut_l0_430,LUT6,SLICE_X28Y226,SLICEL.B6LUT,64'h032CF2EE472C0222
u_dut/lut_l0_431,LUT6,SLICE_X22Y225,SLICEM.B6LUT,64'hFE82070EAA04020A
u_dut/lut_l0_432,LUT6,SLICE_X26Y226,SLICEL.B6LUT,64'h5328A0C45C10D430
u_dut/lut_l0_433,LUT6,SLICE_X35Y226,SLICEL.A6LUT,64'h11F000220B8002AA
u_dut/lut_l0_434,LUT6,SLICE_X24Y225,SLICEL.C6LUT,64'h8A0CCA8801900A1A
u_dut/lut_l0_435,LUT6,SLICE_X30Y229,SLICEL.A6LUT,64'h33282226026CEE67
u_dut/lut_l0_436,LUT6,SLICE_X32Y227,SLICEL.B6LUT,64'h0CB10C1F00150000
u_dut/lut_l0_437,LUT6,SLICE_X28Y228,SLICEL.A6LUT,64'hEE000A77FE00016B
u_dut/lut_l0_438,LUT6,SLICE_X31Y227,SLICEL.B6LUT,64'h574C5C005D4FFD22
u_dut/lut_l0_439,LUT6,SLICE_X23Y222,SLICEL.A6LUT,64'hAF8C8C0C05050404
u_dut/lut_l0_44,LUT6,SLICE_X15Y228,SLICEL.C6LUT,64'h6090AA44EEEDE667
u_dut/lut_l0_440,LUT6,SLICE_X28Y227,SLICEL.B6LUT,64'hF0A5EA8080088C4C
u_dut/lut_l0_441,LUT6,SLICE_X29Y227,SLICEL.A6LUT,64'h0A210001A0E090A8
u_dut/lut_l0_442,LUT6,SLICE_X26Y226,SLICEL.C6LUT,64'hF3AA5A20008C4B46
u_dut/lut_l0_443,LUT6,SLICE_X30Y223,SLICEL.A6LUT,64'hF873B0205B4A8282
u_dut/lut_l0_444,LUT6,SLICE_X30Y227,SLICEL.B6LUT,64'hB5958020A02A844C
u_dut/lut_l0_445,LUT6,SLICE_X23Y223,SLICEL.C6LUT,64'h1A0F0A1F1E1D2204
u_dut/lut_l0_446,LUT6,SLICE_X30Y227,SLICEL.C6LUT,64'h2040200160E82005
u_dut/lut_l0_447,LUT6,SLICE_X25Y227,SLICEL.A6LUT,64'h11E40040B86E9676
u_dut/lut_l0_448,LUT6,SLICE_X28Y224,SLICEL.A6LUT,64'hC233A00000EA00A0
u_dut/lut_l0_449,LUT6,SLICE_X30Y224,SLICEL.A6LUT,64'hE747A382A0024D6C
u_dut/lut_l0_45,LUT6,SLICE_X20Y226,SLICEM.B6LUT,64'hB60C7E3AA0404870
u_dut/lut_l0_450,LUT6,SLICE_X27Y225,SLICEL.C6LUT,64'h059A225009E91785
u_dut/lut_l0_451,LUT6,SLICE_X33Y229,SLICEL.B6LUT,64'hD93908098AAA080F
u_dut/lut_l0_452,LUT6,SLICE_X31Y224,SLICEL.A6LUT,64'h3770020A0008022A
u_dut/lut_l0_453,LUT6,SLICE_X26Y225,SLICEL.B6LUT,64'h08B808801C105800
u_dut/lut_l0_454,LUT6,SLICE_X28Y222,SLICEL.A6LUT,64'h20002022F0C8AA82
u_dut/lut_l0_455,LUT6,SLICE_X29Y232,SLICEL.D6LUT,64'h8B8485E0C20E880F
u_dut/lut_l0_456,LUT6,SLICE_X23Y222,SLICEL.B6LUT,64'h0C3A0C724C0200F3
u_dut/lut_l0_457,LUT6,SLICE_X29Y221,SLICEL.A6LUT,64'hA880040100005F00
u_dut/lut_l0_458,LUT6,SLICE_X27Y222,SLICEL.B6LUT,64'h0000D1A8BAA0EAAA
u_dut/lut_l0_459,LUT6,SLICE_X18Y224,SLICEM.B6LUT,64'hEC00C009E830E008
u_dut/lut_l0_46,LUT6,SLICE_X19Y226,SLICEL.D6LUT,64'h2E280C8048828042
u_dut/lut_l0_460,LUT6,SLICE_X32Y224,SLICEL.B6LUT,64'h3770232021A0A700
u_dut/lut_l0_461,LUT6,SLICE_X28Y226,SLICEL.C6LUT,64'h03C2072308C8022A
u_dut/lut_l0_462,LUT6,SLICE_X35Y223,SLICEL.A6LUT,64'h550050C05460B2E0
u_dut/lut_l0_463,LUT6,SLICE_X28Y223,SLICEL.A6LUT,64'hC889500038B17060
u_dut/lut_l0_464,LUT6,SLICE_X30Y230,SLICEL.C6LUT,64'hAA09888043C300C0
u_dut/lut_l0_465,LUT6,SLICE_X26Y223,SLICEL.A6LUT,64'h8800820450E0F4F5
u_dut/lut_l0_466,LUT6,SLICE_X31Y225,SLICEL.B6LUT,64'h3208303011050150
u_dut/lut_l0_467,LUT6,SLICE_X23Y222,SLICEL.C6LUT,64'hEC30FC3C98018939
u_dut/lut_l0_468,LUT6,SLICE_X31Y226,SLICEL.A6LUT,64'hAA268505B0326420
u_dut/lut_l0_469,LUT6,SLICE_X32Y227,SLICEL.C6LUT,64'hEC0469E1890221A0
u_dut/lut_l0_47,LUT6,SLICE_X18Y226,SLICEM.C6LUT,64'hEBBBF78BA0A0C884
u_dut/lut_l0_470,LUT6,SLICE_X27Y226,SLICEL.A6LUT,64'hB20006CEE0046004
u_dut/lut_l0_471,LUT6,SLICE_X28Y225,SLICEL.A6LUT,64'hA8A89035A0C0D030
u_dut/lut_l0_472,LUT6,SLICE_X23Y225,SLICEL.A6LUT,64'hF930B833C0003090
u_dut/lut_l0_473,LUT6,SLICE_X18Y225,SLICEM.B6LUT,64'h4F4740404A001D08
u_dut/lut_l0_474,LUT6,SLICE_X25Y225,SLICEL.A6LUT,64'h082975E5080071A0
u_dut/lut_l0_475,LUT6,SLICE_X24Y226,SLICEL.A6LUT,64'hDD4DF0F00D500F00
u_dut/lut_l0_476,LUT6,SLICE_X24Y226,SLICEL.B6LUT,64'h76334E084E0F4453
u_dut/lut_l0_477,LUT6,SLICE_X20Y219,SLICEM.A6LUT,64'h026C2008F0ECD700
u_dut/lut_l0_478,LUT6,SLICE_X26Y226,SLICEL.D6LUT,64'hB9099C02881DCE2E
u_dut/lut_l0_479,LUT6,SLICE_X34Y225,SLICEL.A6LUT,64'hFE45380000410059
u_dut/lut_l0_48,LUT6,SLICE_X16Y230,SLICEM.C6LUT,64'h4C7EFFFF210711F1
u_dut/lut_l0_480,LUT6,SLICE_X31Y225,SLICEL.C6LUT,64'h00E000E000000484
u_dut/lut_l0_481,LUT6,SLICE_X34Y225,SLICEL.B6LUT,64'hF8545004F8F4ECF4
u_dut/lut_l0_482,LUT6,SLICE_X29Y225,SLICEL.A6LUT,64'hBA39E8C49AB03030
u_dut/lut_l0_483,LUT6,SLICE_X29Y229,SLICEL.B6LUT,64'hA1688000E7C8A092
u_dut/lut_l0_484,LUT6,SLICE_X29Y222,SLICEL.A6LUT,64'h55320323008A0225
u_dut/lut_l0_485,LUT6,SLICE_X18Y225,SLICEM.C6LUT,64'h0C08401038414095
u_dut/lut_l0_486,LUT6,SLICE_X29Y225,SLICEL.B6LUT,64'hAAB0E705A0B08454
u_dut/lut_l0_487,LUT6,SLICE_X29Y225,SLICEL.C6LUT,64'hEA80D01460801014
u_dut/lut_l0_488,LUT6,SLICE_X32Y229,SLICEL.A6LUT,64'hABABFDFEF8A4D07C
u_dut/lut_l0_489,LUT6,SLICE_X30Y226,SLICEL.A6LUT,64'hFA3298B8551498BC
u_dut/lut_l0_49,LUT6,SLICE_X13Y224,SLICEL.C6LUT,64'h2E0CEEC40E04F240
u_dut/lut_l0_490,LUT6,SLICE_X33Y222,SLICEL.A6LUT,64'h01310011ABBB0199
u_dut/lut_l0_491,LUT6,SLICE_X21Y227,SLICEL.D6LUT,64'h020C0C1070400C58
u_dut/lut_l0_492,LUT6,SLICE_X32Y226,SLICEL.A6LUT,64'hAA90543800005544
u_dut/lut_l0_493,LUT6,SLICE_X27Y226,SLICEL.B6LUT,64'hC0E88AABC1C08882
u_dut/lut_l0_494,LUT6,SLICE_X23Y225,SLICEL.B6LUT,64'hEE5E11D40C0DD400
u_dut/lut_l0_495,LUT6,SLICE_X28Y226,SLICEL.D6LUT,64'h23030ED00033374C
u_dut/lut_l0_496,LUT6,SLICE_X24Y221,SLICEL.A6LUT,64'h264A2CC000CC0440
u_dut/lut_l0_497,LUT6,SLICE_X15Y223,SLICEL.A6LUT,64'h16CC28803032021A
u_dut/lut_l0_498,LUT6,SLICE_X24Y230,SLICEL.C6LUT,64'h001032205100F3C0
u_dut/lut_l0_499,LUT6,SLICE_X24Y230,SLICEL.D6LUT,64'hDAF8505188809F00
u_dut/lut_l0_5,LUT6,SLICE_X10Y229,SLICEM.A6LUT,64'h17070D010211E8FF
u_dut/lut_l0_50,LUT6,SLICE_X13Y226,SLICEL.B6LUT,64'hA888B390A980CFD0
u_dut/lut_l0_500,LUT6,SLICE_X24Y222,SLICEL.B6LUT,64'h0020C0A000550344
u_dut/lut_l0_501,LUT6,SLICE_X17Y222,SLICEL.A6LUT,64'hA8CEF41D8CC00000
u_dut/lut_l0_502,LUT6,SLICE_X18Y223,SLICEM.A6LUT,64'h277B20D0AFA28917
u_dut/lut_l0_503,LUT6,SLICE_X27Y229,SLICEL.A6LUT,64'hA8A8621572607017
u_dut/lut_l0_504,LUT6,SLICE_X22Y222,SLICEM.B6LUT,64'hA02DF3F5B9AD8180
u_dut/lut_l0_505,LUT6,SLICE_X20Y232,SLICEM.B6LUT,64'h04F40A0C00E282E2
u_dut/lut_l0_506,LUT6,SLICE_X29Y222,SLICEL.B6LUT,64'h113143C2330057C0
u_dut/lut_l0_507,LUT6,SLICE_X30Y221,SLICEL.A6LUT,64'hDD00040044E40CA4
u_dut/lut_l0_508,LUT6,SLICE_X23Y223,SLICEL.D6LUT,64'hFCBF04817C7D0C3D
u_dut/lut_l0_509,LUT6,SLICE_X28Y228,SLICEL.B6LUT,64'h2AFBEAEAC8088800
u_dut/lut_l0_51,LUT6,SLICE_X17Y228,SLICEL.C6LUT,64'hF93C9029FCBCCC2A
u_dut/lut_l0_510,LUT6,SLICE_X28Y225,SLICEL.B6LUT,64'h6040840050512FC0
u_dut/lut_l0_511,LUT6,SLICE_X22Y224,SLICEM.B6LUT,64'hDCC87424D9800700
u_dut/lut_l0_512,LUT6,SLICE_X26Y222,SLICEL.A6LUT,64'h20A055FC00000040
u_dut/lut_l0_513,LUT6,SLICE_X28Y224,SLICEL.B6LUT,64'hA08522D0B1211182
u_dut/lut_l0_514,LUT6,SLICE_X22Y229,SLICEM.A6LUT,64'h333BCED7903AC810
u_dut/lut_l0_515,LUT6,SLICE_X27Y229,SLICEL.B6LUT,64'hFBC80540C3249F00
u_dut/lut_l0_516,LUT6,SLICE_X26Y229,SLICEL.A6LUT,64'hFAF0C051F0550004
u_dut/lut_l0_517,LUT6,SLICE_X30Y227,SLICEL.D6LUT,64'h04400050F8D03252
u_dut/lut_l0_518,LUT6,SLICE_X30Y223,SLICEL.B6LUT,64'hFB008703A9D083F3
u_dut/lut_l0_519,LUT6,SLICE_X22Y230,SLICEM.B6LUT,64'h8A88C080D811F0D3
u_dut/lut_l0_52,LUT6,SLICE_X18Y226,SLICEM.D6LUT,64'h0F0D0DAC7F35B220
u_dut/lut_l0_520,LUT6,SLICE_X27Y222,SLICEL.C6LUT,64'h2CC2A01000D6A844
u_dut/lut_l0_521,LUT6,SLICE_X27Y227,SLICEL.A6LUT,64'hFE20202A550F440B
u_dut/lut_l0_522,LUT6,SLICE_X18Y225,SLICEM.D6LUT,64'h0A4A0E8B02EA0033
u_dut/lut_l0_523,LUT6,SLICE_X21Y223,SLICEL.B6LUT,64'hF050024AA00C040C
u_dut/lut_l0_524,LUT6,SLICE_X27Y226,SLICEL.C6LUT,64'hCC880000C7800300
u_dut/lut_l0_525,LUT6,SLICE_X26Y224,SLICEL.B6LUT,64'h66A90088F389A088
u_dut/lut_l0_526,LUT6,SLICE_X31Y227,SLICEL.C6LUT,64'hEEDC675F9CECD5EE
u_dut/lut_l0_527,LUT6,SLICE_X31Y226,SLICEL.B6LUT,64'hFFC898C1AAFA0045
u_dut/lut_l0_528,LUT6,SLICE_X30Y224,SLICEL.B6LUT,64'h0E04888E2E0602EE
u_dut/lut_l0_529,LUT6,SLICE_X24Y226,SLICEL.C6LUT,64'h37723A08A02022AA
u_dut/lut_l0_53,LUT6,SLICE_X9Y226,SLICEL.A6LUT,64'h032B23843AEA81C0
u_dut/lut_l0_530,LUT6,SLICE_X17Y225,SLICEL.B6LUT,64'h8100658EC3878402
u_dut/lut_l0_531,LUT6,SLICE_X26Y223,SLICEL.B6LUT,64'hCFD1FA90902BAA00
u_dut/lut_l0_532,LUT6,SLICE_X29Y223,SLICEL.A6LUT,64'hE1039002C1294000
u_dut/lut_l0_533,LUT6,SLICE_X16Y222,SLICEM.A6LUT,64'h98C1F0138080F100
u_dut/lut_l0_534,LUT6,SLICE_X26Y224,SLICEL.C6LUT,64'hFA43AACAAA860346
u_dut/lut_l0_535,LUT6,SLICE_X14Y223,SLICEM.B6LUT,64'h064A2200F7C6A200
u_dut/lut_l0_536,LUT6,SLICE_X22Y220,SLICEM.A6LUT,64'h0CAA40E0041CC8CC
u_dut/lut_l0_537,LUT6,SLICE_X22Y222,SLICEM.C6LUT,64'h18020000D20AAAEA
u_dut/lut_l0_538,LUT6,SLICE_X29Y229,SLICEL.C6LUT,64'hA1C6AE00B68833CD
u_dut/lut_l0_539,LUT6,SLICE_X20Y223,SLICEM.A6LUT,64'h0010CC1118308810
u_dut/lut_l0_54,LUT6,SLICE_X17Y227,SLICEL.A6LUT,64'hEAB7E6E25A5D5A44
u_dut/lut_l0_540,LUT6,SLICE_X25Y227,SLICEL.B6LUT,64'hFBAD6AC81FAD23C8
u_dut/lut_l0_541,LUT6,SLICE_X29Y224,SLICEL.A6LUT,64'h40172E2F65932E08
u_dut/lut_l0_542,LUT6,SLICE_X27Y227,SLICEL.B6LUT,64'h72F05241AC800F1B
u_dut/lut_l0_543,LUT6,SLICE_X28Y224,SLICEL.C6LUT,64'hC080C3F0E8AAC0AA
u_dut/lut_l0_544,LUT6,SLICE_X31Y226,SLICEL.C6LUT,64'h575400100410CC30
u_dut/lut_l0_545,LUT6,SLICE_X31Y226,SLICEL.D6LUT,64'h47284C50F400C4FC
u_dut/lut_l0_546,LUT6,SLICE_X30Y221,SLICEL.B6LUT,64'hCD2200C044E4FA18
u_dut/lut_l0_547,LUT6,SLICE_X29Y222,SLICEL.C6LUT,64'h4A0A0B1B0A0A0307
u_dut/lut_l0_548,LUT6,SLICE_X30Y221,SLICEL.C6LUT,64'h8870830769710000
u_dut/lut_l0_549,LUT6,SLICE_X28Y228,SLICEL.C6LUT,64'hF0226E3401033C28
u_dut/lut_l0_55,LUT6,SLICE_X21Y228,SLICEL.B6LUT,64'h1307050901012C00
u_dut/lut_l0_550,LUT6,SLICE_X32Y224,SLICEL.C6LUT,64'h0A18A81000982010
u_dut/lut_l0_551,LUT6,SLICE_X29Y225,SLICEL.D6LUT,64'h4C0C4420001F0240
u_dut/lut_l0_552,LUT6,SLICE_X27Y225,SLICEL.D6LUT,64'h800000AAC04040C8
u_dut/lut_l0_553,LUT6,SLICE_X20Y218,SLICEM.A6LUT,64'h5002400640806628
u_dut/lut_l0_554,LUT6,SLICE_X26Y223,SLICEL.C6LUT,64'h1A0A080A041F605F
u_dut/lut_l0_555,LUT6,SLICE_X32Y225,SLICEL.A6LUT,64'h8DCDFF97C947DBFB
u_dut/lut_l0_556,LUT6,SLICE_X18Y221,SLICEM.A6LUT,64'hA282AA0073810109
u_dut/lut_l0_557,LUT6,SLICE_X31Y225,SLICEL.D6LUT,64'h0C00E8A02844EE44
u_dut/lut_l0_558,LUT6,SLICE_X21Y223,SLICEL.C6LUT,64'h80900002C4C00813
u_dut/lut_l0_559,LUT6,SLICE_X32Y221,SLICEL.A6LUT,64'h0CE90A28E097EEFE
u_dut/lut_l0_56,LUT6,SLICE_X17Y228,SLICEL.D6LUT,64'hFBB1322101FDCBB5
u_dut/lut_l0_560,LUT6,SLICE_X29Y227,SLICEL.B6LUT,64'h12FE1C5C75DC58F8
u_dut/lut_l0_561,LUT6,SLICE_X27Y222,SLICEL.D6LUT,64'h9919AA00B800A000
u_dut/lut_l0_562,LUT6,SLICE_X30Y226,SLICEL.B6LUT,64'h2322C5DB3920CD78
u_dut/lut_l0_563,LUT6,SLICE_X33Y223,SLICEL.A6LUT,64'h91D3C081C0858F00
u_dut/lut_l0_564,LUT6,SLICE_X23Y222,SLICEL.D6LUT,64'hCC88C09803030000
u_dut/lut_l0_565,LUT6,SLICE_X30Y224,SLICEL.C6LUT,64'hA72F476B052A4552
u_dut/lut_l0_566,LUT6,SLICE_X34Y225,SLICEL.C6LUT,64'hFF93F7FDE032C000
u_dut/lut_l0_567,LUT6,SLICE_X20Y223,SLICEM.B6LUT,64'hC202C898D02101A7
u_dut/lut_l0_568,LUT6,SLICE_X30Y229,SLICEL.B6LUT,64'h180410FF11101300
u_dut/lut_l0_569,LUT6,SLICE_X30Y228,SLICEL.A6LUT,64'hE0E0C0309018A100
u_dut/lut_l0_57,LUT6,SLICE_X17Y226,SLICEL.A6LUT,64'h7B020008EFE8202C
u_dut/lut_l0_570,LUT6,SLICE_X22Y224,SLICEM.C6LUT,64'hAF21F8A02471B030
u_dut/lut_l0_571,LUT6,SLICE_X22Y229,SLICEM.B6LUT,64'h29A17A208801708A
u_dut/lut_l0_572,LUT6,SLICE_X29Y227,SLICEL.C6LUT,64'h01100038001008B0
u_dut/lut_l0_573,LUT6,SLICE_X30Y226,SLICEL.C6LUT,64'hC525D805D070811F
u_dut/lut_l0_574,LUT6,SLICE_X32Y224,SLICEL.D6LUT,64'hE1800002A0A28032
u_dut/lut_l0_575,LUT6,SLICE_X28Y224,SLICEL.D6LUT,64'hC090120598200080
u_dut/lut_l0_576,LUT6,SLICE_X30Y224,SLICEL.D6LUT,64'h9AA00927DEE01900
u_dut/lut_l0_577,LUT6,SLICE_X28Y225,SLICEL.C6LUT,64'hA0C0000FB0800001
u_dut/lut_l0_578,LUT6,SLICE_X23Y225,SLICEL.C6LUT,64'h517350BB682AC0A8
u_dut/lut_l0_579,LUT6,SLICE_X33Y224,SLICEL.A6LUT,64'h0905DDCD0244BA8E
u_dut/lut_l0_58,LUT6,SLICE_X28Y238,SLICEL.C6LUT,64'hD6ABC6CAFC8854AC
u_dut/lut_l0_580,LUT6,SLICE_X31Y222,SLICEL.A6LUT,64'h57EC1CA850C001B1
u_dut/lut_l0_581,LUT6,SLICE_X32Y222,SLICEL.A6LUT,64'hA8AA4454888B099B
u_dut/lut_l0_582,LUT6,SLICE_X14Y223,SLICEM.C6LUT,64'hF0033303000AAA7F
u_dut/lut_l0_583,LUT6,SLICE_X26Y222,SLICEL.B6LUT,64'h0E080CC4AF808CCC
u_dut/lut_l0_584,LUT6,SLICE_X29Y222,SLICEL.D6LUT,64'hABB5F0000CC1C113
u_dut/lut_l0_585,LUT6,SLICE_X30Y222,SLICEL.A6LUT,64'h20EB20C52FFF28C0
u_dut/lut_l0_586,LUT6,SLICE_X22Y224,SLICEM.D6LUT,64'h3A413A632C54B000
u_dut/lut_l0_587,LUT6,SLICE_X23Y224,SLICEL.B6LUT,64'h0A5E1042081138FF
u_dut/lut_l0_588,LUT6,SLICE_X27Y227,SLICEL.C6LUT,64'hA389EF8940883A99
u_dut/lut_l0_589,LUT6,SLICE_X26Y223,SLICEL.D6LUT,64'hCC31003281350020
u_dut/lut_l0_59,LUT6,SLICE_X20Y230,SLICEM.B6LUT,64'hF5F33DF077E208E2
u_dut/lut_l0_590,LUT6,SLICE_X18Y223,SLICEM.B6LUT,64'hDE6AC610CAAA8830
u_dut/lut_l0_591,LUT6,SLICE_X27Y223,SLICEL.A6LUT,64'hD280CCC100004B3B
u_dut/lut_l0_592,LUT6,SLICE_X30Y229,SLICEL.C6LUT,64'h0F6842803030AA08
u_dut/lut_l0_593,LUT6,SLICE_X17Y225,SLICEL.C6LUT,64'hE5AAE688C619C800
u_dut/lut_l0_594,LUT6,SLICE_X31Y227,SLICEL.D6LUT,64'hCB04AB5187490000
u_dut/lut_l0_595,LUT6,SLICE_X26Y225,SLICEL.C6LUT,64'h2622EA32DC92D850
u_dut/lut_l0_596,LUT6,SLICE_X26Y225,SLICEL.D6LUT,64'h3A336025CBCB6025
u_dut/lut_l0_597,LUT6,SLICE_X30Y225,SLICEL.A6LUT,64'h353F35042510822A
u_dut/lut_l0_598,LUT6,SLICE_X30Y229,SLICEL.D6LUT,64'hFAA1BA84DD01004C
u_dut/lut_l0_599,LUT6,SLICE_X28Y225,SLICEL.D6LUT,64'hF00A000E80804644
u_dut/lut_l0_6,LUT6,SLICE_X17Y226,SLICEL.B6LUT,64'h32EF3C9E7BBE7AAA
u_dut/lut_l0_60,LUT6,SLICE_X15Y223,SLICEL.B6LUT,64'h23C36677674FA250
u_dut/lut_l0_600,LUT6,SLICE_X20Y239,SLICEM.A6LUT,64'h84810B158597353F
u_dut/lut_l0_601,LUT6,SLICE_X20Y241,SLICEM.A6LUT,64'h00200A0003000351
u_dut/lut_l0_602,LUT6,SLICE_X21Y239,SLICEL.A6LUT,64'hC484D510DD1DFDF0
u_dut/lut_l0_603,LUT6,SLICE_X20Y240,SLICEM.A6LUT,64'h0001440000000406
u_dut/lut_l0_604,LUT6,SLICE_X21Y241,SLICEL.A6LUT,64'h00000000000A0414
u_dut/lut_l0_605,LUT6,SLICE_X20Y235,SLICEM.B6LUT,64'h015011004D453280
u_dut/lut_l0_606,LUT6,SLICE_X20Y239,SLICEM.B6LUT,64'h3706575731111104
u_dut/lut_l0_607,LUT6,SLICE_X18Y234,SLICEM.A6LUT,64'h102A0822890A0422
u_dut/lut_l0_608,LUT6,SLICE_X16Y241,SLICEM.A6LUT,64'h0D04A752034B3777
u_dut/lut_l0_609,LUT6,SLICE_X16Y238,SLICEM.A6LUT,64'h82008100C4008100
u_dut/lut_l0_61,LUT6,SLICE_X13Y226,SLICEL.C6LUT,64'hDDFA1D3ADD7A8D0A
u_dut/lut_l0_610,LUT6,SLICE_X16Y237,SLICEM.A6LUT,64'hC03B0055000420B2
u_dut/lut_l0_611,LUT6,SLICE_X16Y242,SLICEM.A6LUT,64'h00410000220535D5
u_dut/lut_l0_612,LUT6,SLICE_X18Y239,SLICEM.A6LUT,64'h00AE903202A694BF
u_dut/lut_l0_613,LUT6,SLICE_X22Y240,SLICEM.A6LUT,64'h1010402203238340
u_dut/lut_l0_614,LUT6,SLICE_X16Y239,SLICEM.A6LUT,64'h000F0A2E0147230E
u_dut/lut_l0_615,LUT6,SLICE_X22Y222,SLICEM.D6LUT,64'h002000040005C40F
u_dut/lut_l0_616,LUT6,SLICE_X16Y238,SLICEM.B6LUT,64'h8F00810010FF0500
u_dut/lut_l0_617,LUT6,SLICE_X24Y239,SLICEL.B6LUT,64'h0E33203308011101
u_dut/lut_l0_618,LUT6,SLICE_X18Y237,SLICEM.A6LUT,64'h00EFDE4D00101001
u_dut/lut_l0_619,LUT6,SLICE_X18Y234,SLICEM.B6LUT,64'h0030BCBC001313B3
u_dut/lut_l0_62,LUT6,SLICE_X20Y226,SLICEM.C6LUT,64'h0FFB8FEF0F5B0F4B
u_dut/lut_l0_620,LUT6,SLICE_X19Y235,SLICEL.A6LUT,64'h800C005C000002CA
u_dut/lut_l0_621,LUT6,SLICE_X17Y235,SLICEL.B6LUT,64'h37011100130201A2
u_dut/lut_l0_622,LUT6,SLICE_X21Y237,SLICEL.A6LUT,64'h92B70E0F00A15450
u_dut/lut_l0_623,LUT6,SLICE_X19Y235,SLICEL.B6LUT,64'h9010010010BC1500
u_dut/lut_l0_624,LUT6,SLICE_X16Y242,SLICEM.B6LUT,64'h3100F35EBB75B758
u_dut/lut_l0_625,LUT6,SLICE_X17Y235,SLICEL.C6LUT,64'h0000010322000F1A
u_dut/lut_l0_626,LUT6,SLICE_X14Y243,SLICEM.A6LUT,64'h0040810001102050
u_dut/lut_l0_627,LUT6,SLICE_X21Y238,SLICEL.C6LUT,64'h81008000000F1133
u_dut/lut_l0_628,LUT6,SLICE_X12Y240,SLICEM.A6LUT,64'hC000001001741070
u_dut/lut_l0_629,LUT6,SLICE_X14Y242,SLICEM.A6LUT,64'hC002040013100A00
u_dut/lut_l0_63,LUT6,SLICE_X15Y226,SLICEL.A6LUT,64'h0FF4F9FD02803020
u_dut/lut_l0_630,LUT6,SLICE_X15Y239,SLICEL.A6LUT,64'hE8FF405D000C101C
u_dut/lut_l0_631,LUT6,SLICE_X17Y239,SLICEL.A6LUT,64'h9180133101033857
u_dut/lut_l0_632,LUT6,SLICE_X22Y241,SLICEM.A6LUT,64'h2002022040201018
u_dut/lut_l0_633,LUT6,SLICE_X15Y238,SLICEL.A6LUT,64'h02E603E3028E02AB
u_dut/lut_l0_634,LUT6,SLICE_X12Y240,SLICEM.B6LUT,64'h05051F0C01001200
u_dut/lut_l0_635,LUT6,SLICE_X15Y235,SLICEL.A6LUT,64'h0D00010547081110
u_dut/lut_l0_636,LUT6,SLICE_X22Y240,SLICEM.B6LUT,64'h1006010240110000
u_dut/lut_l0_637,LUT6,SLICE_X14Y240,SLICEM.A6LUT,64'h811385170100033F
u_dut/lut_l0_638,LUT6,SLICE_X16Y242,SLICEM.C6LUT,64'hB022F0BDD009F0A1
u_dut/lut_l0_639,LUT6,SLICE_X20Y239,SLICEM.C6LUT,64'h33AA32BE0E2A0F2B
u_dut/lut_l0_64,LUT6,SLICE_X12Y224,SLICEM.D6LUT,64'h57DC7800C844C804
u_dut/lut_l0_640,LUT6,SLICE_X18Y232,SLICEM.B6LUT,64'h3B1100150B150410
u_dut/lut_l0_641,LUT6,SLICE_X15Y242,SLICEL.A6LUT,64'hED3F001D57075507
u_dut/lut_l0_642,LUT6,SLICE_X16Y242,SLICEM.D6LUT,64'h0044020404020049
u_dut/lut_l0_643,LUT6,SLICE_X14Y240,SLICEM.B6LUT,64'h8C0C00020F0C324F
u_dut/lut_l0_644,LUT6,SLICE_X17Y239,SLICEL.B6LUT,64'h0008907A98FC989E
u_dut/lut_l0_645,LUT6,SLICE_X15Y236,SLICEL.A6LUT,64'h707507005450254A
u_dut/lut_l0_646,LUT6,SLICE_X11Y234,SLICEL.A6LUT,64'h04374F3702020C08
u_dut/lut_l0_647,LUT6,SLICE_X18Y243,SLICEM.A6LUT,64'h0002010000002011
u_dut/lut_l0_648,LUT6,SLICE_X22Y237,SLICEM.A6LUT,64'h00000A05CF000C55
u_dut/lut_l0_649,LUT6,SLICE_X19Y238,SLICEL.A6LUT,64'hC27F3FBF8823177D
u_dut/lut_l0_65,LUT6,SLICE_X11Y226,SLICEL.D6LUT,64'h573B0D0155FC058C
u_dut/lut_l0_650,LUT6,SLICE_X20Y240,SLICEM.B6LUT,64'h1715079B014405FD
u_dut/lut_l0_651,LUT6,SLICE_X19Y240,SLICEL.A6LUT,64'h0540FF0844004C90
u_dut/lut_l0_652,LUT6,SLICE_X21Y240,SLICEL.A6LUT,64'h005005510F7B0F37
u_dut/lut_l0_653,LUT6,SLICE_X19Y240,SLICEL.B6LUT,64'h0002000F00091155
u_dut/lut_l0_654,LUT6,SLICE_X17Y239,SLICEL.C6LUT,64'h8040344440685054
u_dut/lut_l0_655,LUT6,SLICE_X18Y239,SLICEM.B6LUT,64'h010003F130230BFB
u_dut/lut_l0_656,LUT6,SLICE_X18Y240,SLICEM.A6LUT,64'h0092055700A02CFF
u_dut/lut_l0_657,LUT6,SLICE_X20Y234,SLICEM.A6LUT,64'h0200151120073F37
u_dut/lut_l0_658,LUT6,SLICE_X18Y234,SLICEM.C6LUT,64'h0010111000020000
u_dut/lut_l0_659,LUT6,SLICE_X21Y237,SLICEL.B6LUT,64'h0300030013173200
u_dut/lut_l0_66,LUT6,SLICE_X16Y231,SLICEM.B6LUT,64'hF07C7044F5AEF000
u_dut/lut_l0_660,LUT6,SLICE_X18Y238,SLICEM.A6LUT,64'h889901BB50DB13DF
u_dut/lut_l0_661,LUT6,SLICE_X23Y242,SLICEL.A6LUT,64'h0000001000100000
u_dut/lut_l0_662,LUT6,SLICE_X18Y240,SLICEM.B6LUT,64'h0000000701005517
u_dut/lut_l0_663,LUT6,SLICE_X17Y231,SLICEL.A6LUT,64'h0000AAAA04010439
u_dut/lut_l0_664,LUT6,SLICE_X18Y238,SLICEM.B6LUT,64'h00001F1500131033
u_dut/lut_l0_665,LUT6,SLICE_X18Y237,SLICEM.B6LUT,64'h00114A112213335F
u_dut/lut_l0_666,LUT6,SLICE_X22Y241,SLICEM.B6LUT,64'h0000010100090482
u_dut/lut_l0_667,LUT6,SLICE_X23Y240,SLICEL.A6LUT,64'h1108001110800833
u_dut/lut_l0_668,LUT6,SLICE_X20Y233,SLICEM.A6LUT,64'h3088000300000202
u_dut/lut_l0_669,LUT6,SLICE_X21Y240,SLICEL.B6LUT,64'hA32B000F05050100
u_dut/lut_l0_67,LUT6,SLICE_X22Y225,SLICEM.C6LUT,64'hD1D55415FEEE568A
u_dut/lut_l0_670,LUT6,SLICE_X20Y244,SLICEM.A6LUT,64'h012323A30020073B
u_dut/lut_l0_671,LUT6,SLICE_X20Y240,SLICEM.C6LUT,64'h00440C4400444E4C
u_dut/lut_l0_672,LUT6,SLICE_X17Y243,SLICEL.A6LUT,64'h0110740000209433
u_dut/lut_l0_673,LUT6,SLICE_X18Y242,SLICEM.A6LUT,64'hD5C0FF73500099B3
u_dut/lut_l0_674,LUT6,SLICE_X24Y237,SLICEL.C6LUT,64'h7046A0E41044F1F5
u_dut/lut_l0_675,LUT6,SLICE_X18Y240,SLICEM.C6LUT,64'h022000020F824BCA
u_dut/lut_l0_676,LUT6,SLICE_X20Y244,SLICEM.B6LUT,64'h0400471005F4CFFE
u_dut/lut_l0_677,LUT6,SLICE_X19Y243,SLICEL.A6LUT,64'h1115138F80084400
u_dut/lut_l0_678,LUT6,SLICE_X17Y240,SLICEL.A6LUT,64'h001005000400EC00
u_dut/lut_l0_679,LUT6,SLICE_X18Y240,SLICEM.D6LUT,64'h54134240D6D7009D
u_dut/lut_l0_68,LUT6,SLICE_X18Y223,SLICEM.C6LUT,64'hEF6076216760AF20
u_dut/lut_l0_680,LUT6,SLICE_X18Y239,SLICEM.C6LUT,64'h04000C4D1DC607CC
u_dut/lut_l0_681,LUT6,SLICE_X19Y240,SLICEL.C6LUT,64'h008502070B550306
u_dut/lut_l0_682,LUT6,SLICE_X19Y242,SLICEL.A6LUT,64'h0000021000000A08
u_dut/lut_l0_683,LUT6,SLICE_X19Y238,SLICEL.B6LUT,64'h5433000051F34913
u_dut/lut_l0_684,LUT6,SLICE_X22Y235,SLICEM.B6LUT,64'h00D054F00005005F
u_dut/lut_l0_685,LUT6,SLICE_X22Y242,SLICEM.A6LUT,64'h0800050301151981
u_dut/lut_l0_686,LUT6,SLICE_X22Y240,SLICEM.C6LUT,64'hFD040FFF4777FFFF
u_dut/lut_l0_687,LUT6,SLICE_X22Y235,SLICEM.C6LUT,64'h80000034030B2AA2
u_dut/lut_l0_688,LUT6,SLICE_X22Y241,SLICEM.C6LUT,64'hC000074080050777
u_dut/lut_l0_689,LUT6,SLICE_X22Y236,SLICEM.B6LUT,64'h00E69363F9E5AA23
u_dut/lut_l0_69,LUT6,SLICE_X22Y233,SLICEM.B6LUT,64'h303220220E3E0E28
u_dut/lut_l0_690,LUT6,SLICE_X23Y238,SLICEL.B6LUT,64'h011471020000040F
u_dut/lut_l0_691,LUT6,SLICE_X21Y238,SLICEL.D6LUT,64'h8110D1AB9466CDFF
u_dut/lut_l0_692,LUT6,SLICE_X20Y233,SLICEM.B6LUT,64'h000052542145F01C
u_dut/lut_l0_693,LUT6,SLICE_X23Y238,SLICEL.C6LUT,64'h107000051B9B0325
u_dut/lut_l0_694,LUT6,SLICE_X16Y236,SLICEM.A6LUT,64'hC705C5DFC8040D05
u_dut/lut_l0_695,LUT6,SLICE_X22Y237,SLICEM.B6LUT,64'h000403DD51441151
u_dut/lut_l0_696,LUT6,SLICE_X20Y232,SLICEM.C6LUT,64'h0823073505280100
u_dut/lut_l0_697,LUT6,SLICE_X17Y242,SLICEL.A6LUT,64'hA60F392F1A1D449D
u_dut/lut_l0_698,LUT6,SLICE_X12Y238,SLICEM.A6LUT,64'h0008546541C54445
u_dut/lut_l0_699,LUT6,SLICE_X11Y236,SLICEL.A6LUT,64'hC0571F0755545F57
u_dut/lut_l0_7,LUT6,SLICE_X22Y228,SLICEM.A6LUT,64'h342160FAF51F4208
u_dut/lut_l0_70,LUT6,SLICE_X20Y225,SLICEM.B6LUT,64'h40724520EA48EF0F
u_dut/lut_l0_700,LUT6,SLICE_X10Y237,SLICEM.A6LUT,64'h0B3B010107770008
u_dut/lut_l0_701,LUT6,SLICE_X13Y237,SLICEL.A6LUT,64'h00540C0C00404810
u_dut/lut_l0_702,LUT6,SLICE_X14Y242,SLICEM.B6LUT,64'h020B1C6F0003003B
u_dut/lut_l0_703,LUT6,SLICE_X13Y238,SLICEL.A6LUT,64'h003020F000305770
u_dut/lut_l0_704,LUT6,SLICE_X14Y240,SLICEM.C6LUT,64'h091F415D001D5446
u_dut/lut_l0_705,LUT6,SLICE_X13Y242,SLICEL.A6LUT,64'h7F55015550521111
u_dut/lut_l0_706,LUT6,SLICE_X16Y233,SLICEM.B6LUT,64'h06574F5D2F1F3F3F
u_dut/lut_l0_707,LUT6,SLICE_X18Y243,SLICEM.B6LUT,64'h0009000020000000
u_dut/lut_l0_708,LUT6,SLICE_X22Y235,SLICEM.D6LUT,64'h082201A298321096
u_dut/lut_l0_709,LUT6,SLICE_X11Y242,SLICEL.A6LUT,64'h01100011000200F6
u_dut/lut_l0_71,LUT6,SLICE_X16Y229,SLICEM.C6LUT,64'h676672637023F071
u_dut/lut_l0_710,LUT6,SLICE_X19Y238,SLICEL.C6LUT,64'hEE11B60743000200
u_dut/lut_l0_711,LUT6,SLICE_X17Y238,SLICEL.A6LUT,64'h0305312373BFF77F
u_dut/lut_l0_712,LUT6,SLICE_X13Y239,SLICEL.A6LUT,64'h9077753F73137557
u_dut/lut_l0_713,LUT6,SLICE_X10Y242,SLICEM.A6LUT,64'h058D253500002020
u_dut/lut_l0_714,LUT6,SLICE_X17Y240,SLICEL.B6LUT,64'h2C0F440500320000
u_dut/lut_l0_715,LUT6,SLICE_X12Y240,SLICEM.C6LUT,64'h1000117200707574
u_dut/lut_l0_716,LUT6,SLICE_X22Y234,SLICEM.C6LUT,64'hA008002220000000
u_dut/lut_l0_717,LUT6,SLICE_X11Y238,SLICEL.A6LUT,64'hC023442B00090155
u_dut/lut_l0_718,LUT6,SLICE_X16Y236,SLICEM.B6LUT,64'h0F12000047000204
u_dut/lut_l0_719,LUT6,SLICE_X23Y240,SLICEL.B6LUT,64'h0200802100040601
u_dut/lut_l0_72,LUT6,SLICE_X13Y227,SLICEL.D6LUT,64'hFEDE500AEC5D5D7F
u_dut/lut_l0_720,LUT6,SLICE_X14Y235,SLICEM.A6LUT,64'h541554A840004080
u_dut/lut_l0_721,LUT6,SLICE_X16Y237,SLICEM.B6LUT,64'h540F370FA40FB70F
u_dut/lut_l0_722,LUT6,SLICE_X19Y237,SLICEL.A6LUT,64'h002500B5A18D7DDD
u_dut/lut_l0_723,LUT6,SLICE_X22Y236,SLICEM.C6LUT,64'h8005C4654D44C454
u_dut/lut_l0_724,LUT6,SLICE_X14Y237,SLICEM.A6LUT,64'h80030A0A00020800
u_dut/lut_l0_725,LUT6,SLICE_X14Y232,SLICEM.A6LUT,64'h022E115100AA0000
u_dut/lut_l0_726,LUT6,SLICE_X19Y240,SLICEL.D6LUT,64'h0314475104000F5D
u_dut/lut_l0_727,LUT6,SLICE_X20Y239,SLICEM.D6LUT,64'h012F518314221D0F
u_dut/lut_l0_728,LUT6,SLICE_X22Y242,SLICEM.B6LUT,64'h0010820000200000
u_dut/lut_l0_729,LUT6,SLICE_X21Y240,SLICEL.C6LUT,64'h08AA083A008A383A
u_dut/lut_l0_73,LUT6,SLICE_X23Y224,SLICEL.C6LUT,64'hFE80EE80EEFFE880
u_dut/lut_l0_730,LUT6,SLICE_X18Y241,SLICEM.A6LUT,64'h0001000000010A01
u_dut/lut_l0_731,LUT6,SLICE_X18Y243,SLICEM.C6LUT,64'hA2800A1B00101A11
u_dut/lut_l0_732,LUT6,SLICE_X14Y236,SLICEM.A6LUT,64'h8000800080020202
u_dut/lut_l0_733,LUT6,SLICE_X18Y232,SLICEM.C6LUT,64'h0A0B19150A081910
u_dut/lut_l0_734,LUT6,SLICE_X14Y238,SLICEM.A6LUT,64'hF30D510255045544
u_dut/lut_l0_735,LUT6,SLICE_X14Y239,SLICEM.A6LUT,64'h3400100574330024
u_dut/lut_l0_736,LUT6,SLICE_X16Y234,SLICEM.A6LUT,64'h1F00031002882133
u_dut/lut_l0_737,LUT6,SLICE_X17Y239,SLICEL.D6LUT,64'h05651D561077D877
u_dut/lut_l0_738,LUT6,SLICE_X15Y238,SLICEL.B6LUT,64'h82020E0A830F070A
u_dut/lut_l0_739,LUT6,SLICE_X16Y240,SLICEM.A6LUT,64'h045DA01D00001011
u_dut/lut_l0_74,LUT6,SLICE_X21Y223,SLICEL.D6LUT,64'hDFE1ED509FDF1A0B
u_dut/lut_l0_740,LUT6,SLICE_X15Y233,SLICEL.A6LUT,64'h0A00AF0000442554
u_dut/lut_l0_741,LUT6,SLICE_X17Y234,SLICEL.A6LUT,64'h7355BAF91045001B
u_dut/lut_l0_742,LUT6,SLICE_X21Y233,SLICEL.A6LUT,64'h0E080F4C171B0000
u_dut/lut_l0_743,LUT6,SLICE_X15Y236,SLICEL.B6LUT,64'h0800504D55C541CF
u_dut/lut_l0_744,LUT6,SLICE_X12Y233,SLICEM.B6LUT,64'h0300735001006F00
u_dut/lut_l0_745,LUT6,SLICE_X22Y237,SLICEM.C6LUT,64'h000021505033D313
u_dut/lut_l0_746,LUT6,SLICE_X18Y237,SLICEM.C6LUT,64'h0000080200030203
u_dut/lut_l0_747,LUT6,SLICE_X9Y231,SLICEL.A6LUT,64'h000201AE0003114E
u_dut/lut_l0_748,LUT6,SLICE_X20Y225,SLICEM.C6LUT,64'h00CDBDCC40079477
u_dut/lut_l0_749,LUT6,SLICE_X12Y238,SLICEM.B6LUT,64'h544D014144DFDBC0
u_dut/lut_l0_75,LUT6,SLICE_X13Y223,SLICEL.A6LUT,64'h03232A23FFC08AC0
u_dut/lut_l0_750,LUT6,SLICE_X17Y235,SLICEL.D6LUT,64'h201020780372F255
u_dut/lut_l0_751,LUT6,SLICE_X13Y236,SLICEL.A6LUT,64'h15010215BF301267
u_dut/lut_l0_752,LUT6,SLICE_X12Y236,SLICEM.A6LUT,64'h2B3B0B482F660F47
u_dut/lut_l0_753,LUT6,SLICE_X14Y232,SLICEM.B6LUT,64'hD814C28C0008105A
u_dut/lut_l0_754,LUT6,SLICE_X18Y234,SLICEM.D6LUT,64'h3391331100671055
u_dut/lut_l0_755,LUT6,SLICE_X22Y234,SLICEM.D6LUT,64'h0100000000000000
u_dut/lut_l0_756,LUT6,SLICE_X13Y237,SLICEL.B6LUT,64'h003334FF00101055
u_dut/lut_l0_757,LUT6,SLICE_X15Y233,SLICEL.B6LUT,64'h058100030707070A
u_dut/lut_l0_758,LUT6,SLICE_X14Y236,SLICEM.B6LUT,64'h51004FFC40308CF0
u_dut/lut_l0_759,LUT6,SLICE_X14Y236,SLICEM.C6LUT,64'h1051F3A700157517
u_dut/lut_l0_76,LUT6,SLICE_X14Y226,SLICEM.C6LUT,64'h500A555D15DF264C
u_dut/lut_l0_760,LUT6,SLICE_X14Y235,SLICEM.B6LUT,64'h00005055000001F0
u_dut/lut_l0_761,LUT6,SLICE_X16Y234,SLICEM.B6LUT,64'hD0330202005F2E3B
u_dut/lut_l0_762,LUT6,SLICE_X14Y238,SLICEM.B6LUT,64'h00001445AB2B5357
u_dut/lut_l0_763,LUT6,SLICE_X18Y238,SLICEM.C6LUT,64'h800092001544157F
u_dut/lut_l0_764,LUT6,SLICE_X13Y233,SLICEL.A6LUT,64'h8000001055015002
u_dut/lut_l0_765,LUT6,SLICE_X18Y239,SLICEM.D6LUT,64'h001000F000013ECB
u_dut/lut_l0_766,LUT6,SLICE_X13Y237,SLICEL.C6LUT,64'h54404440D440FD87
u_dut/lut_l0_767,LUT6,SLICE_X20Y233,SLICEM.C6LUT,64'h0C4B09187B04B170
u_dut/lut_l0_768,LUT6,SLICE_X18Y243,SLICEM.D6LUT,64'h400041000000000A
u_dut/lut_l0_769,LUT6,SLICE_X17Y240,SLICEL.C6LUT,64'h8000201004005070
u_dut/lut_l0_77,LUT6,SLICE_X20Y229,SLICEM.B6LUT,64'hE00AF7FBCACB1505
u_dut/lut_l0_770,LUT6,SLICE_X14Y238,SLICEM.C6LUT,64'h0800B7A305030C01
u_dut/lut_l0_771,LUT6,SLICE_X21Y241,SLICEL.B6LUT,64'h00080004420F00A6
u_dut/lut_l0_772,LUT6,SLICE_X23Y240,SLICEL.C6LUT,64'h05020100156401A0
u_dut/lut_l0_773,LUT6,SLICE_X14Y238,SLICEM.D6LUT,64'h002140C140FC44D0
u_dut/lut_l0_774,LUT6,SLICE_X15Y231,SLICEL.B6LUT,64'h53511C7310510510
u_dut/lut_l0_775,LUT6,SLICE_X17Y242,SLICEL.B6LUT,64'h0000080000010000
u_dut/lut_l0_776,LUT6,SLICE_X12Y242,SLICEM.A6LUT,64'h2200230100082B3B
u_dut/lut_l0_777,LUT6,SLICE_X17Y238,SLICEL.B6LUT,64'h0001010300150077
u_dut/lut_l0_778,LUT6,SLICE_X19Y241,SLICEL.A6LUT,64'h0000000000000000
u_dut/lut_l0_779,LUT6,SLICE_X12Y238,SLICEM.C6LUT,64'hA0000100E0E0C0E0
u_dut/lut_l0_78,LUT6,SLICE_X12Y227,SLICEM.C6LUT,64'h008EF431020E8C20
u_dut/lut_l0_780,LUT6,SLICE_X13Y241,SLICEL.A6LUT,64'h020133010A05AF51
u_dut/lut_l0_781,LUT6,SLICE_X15Y241,SLICEL.A6LUT,64'h0000203032193134
u_dut/lut_l0_782,LUT6,SLICE_X18Y238,SLICEM.D6LUT,64'h0000000400000057
u_dut/lut_l0_783,LUT6,SLICE_X18Y241,SLICEM.B6LUT,64'h0008BAAEA4A486AE
u_dut/lut_l0_784,LUT6,SLICE_X14Y233,SLICEM.A6LUT,64'h07000A060BAA0E44
u_dut/lut_l0_785,LUT6,SLICE_X22Y237,SLICEM.D6LUT,64'h80042A3A000A012A
u_dut/lut_l0_786,LUT6,SLICE_X17Y242,SLICEL.C6LUT,64'h0C60000040110119
u_dut/lut_l0_787,LUT6,SLICE_X16Y238,SLICEM.C6LUT,64'hBBAADE1DAE951535
u_dut/lut_l0_788,LUT6,SLICE_X15Y240,SLICEL.A6LUT,64'hA000B2B22022B028
u_dut/lut_l0_789,LUT6,SLICE_X12Y239,SLICEM.A6LUT,64'h35890108264D0713
u_dut/lut_l0_79,LUT6,SLICE_X15Y228,SLICEL.D6LUT,64'hE0F2A0D004108A88
u_dut/lut_l0_790,LUT6,SLICE_X16Y241,SLICEM.B6LUT,64'h0101020833010033
u_dut/lut_l0_791,LUT6,SLICE_X17Y238,SLICEL.C6LUT,64'h8120800100009D48
u_dut/lut_l0_792,LUT6,SLICE_X21Y239,SLICEL.B6LUT,64'h0880067046004000
u_dut/lut_l0_793,LUT6,SLICE_X13Y239,SLICEL.B6LUT,64'h3B00717331073113
u_dut/lut_l0_794,LUT6,SLICE_X13Y240,SLICEL.A6LUT,64'h110155010510CCA1
u_dut/lut_l0_795,LUT6,SLICE_X16Y240,SLICEM.B6LUT,64'h000BD2FF20060277
u_dut/lut_l0_796,LUT6,SLICE_X16Y238,SLICEM.D6LUT,64'h04F5005155F54959
u_dut/lut_l0_797,LUT6,SLICE_X15Y235,SLICEL.B6LUT,64'h80040170A0300070
u_dut/lut_l0_798,LUT6,SLICE_X16Y237,SLICEM.C6LUT,64'hC003040F00000200
u_dut/lut_l0_799,LUT6,SLICE_X22Y236,SLICEM.D6LUT,64'hC00F22F18057203E
u_dut/lut_l0_8,LUT6,SLICE_X17Y226,SLICEL.C6LUT,64'h5E464D82FA2E8700
u_dut/lut_l0_80,LUT6,SLICE_X18Y229,SLICEM.D6LUT,64'hDC4CCD15C0762435
u_dut/lut_l0_800,LUT6,SLICE_X5Y236,SLICEL.A6LUT,64'h000804C8000800A8
u_dut/lut_l0_801,LUT6,SLICE_X5Y236,SLICEL.B6LUT,64'hA0A0302088702020
u_dut/lut_l0_802,LUT6,SLICE_X11Y234,SLICEL.B6LUT,64'hF1000D00CC001C0C
u_dut/lut_l0_803,LUT6,SLICE_X8Y232,SLICEM.A6LUT,64'hB136B012100431F3
u_dut/lut_l0_804,LUT6,SLICE_X6Y236,SLICEM.A6LUT,64'h800070103812DC14
u_dut/lut_l0_805,LUT6,SLICE_X17Y234,SLICEL.B6LUT,64'h0008876A0259F2D0
u_dut/lut_l0_806,LUT6,SLICE_X25Y239,SLICEL.B6LUT,64'h000020F0A0A200A2
u_dut/lut_l0_807,LUT6,SLICE_X19Y241,SLICEL.B6LUT,64'h0000000002880012
u_dut/lut_l0_808,LUT6,SLICE_X19Y238,SLICEL.D6LUT,64'h80309030C040C470
u_dut/lut_l0_809,LUT6,SLICE_X19Y235,SLICEL.C6LUT,64'h20303121B527F7BB
u_dut/lut_l0_81,LUT6,SLICE_X14Y227,SLICEM.C6LUT,64'hBBAD08CFB3818003
u_dut/lut_l0_810,LUT6,SLICE_X22Y242,SLICEM.C6LUT,64'h0001800000230041
u_dut/lut_l0_811,LUT6,SLICE_X19Y241,SLICEL.C6LUT,64'h80804444001044E4
u_dut/lut_l0_812,LUT6,SLICE_X11Y239,SLICEL.A6LUT,64'h4841484D48454341
u_dut/lut_l0_813,LUT6,SLICE_X18Y241,SLICEM.C6LUT,64'h0300080C3B418A8E
u_dut/lut_l0_814,LUT6,SLICE_X9Y239,SLICEL.A6LUT,64'h0406041304474033
u_dut/lut_l0_815,LUT6,SLICE_X14Y235,SLICEM.C6LUT,64'hA205E7A67205E704
u_dut/lut_l0_816,LUT6,SLICE_X15Y236,SLICEL.C6LUT,64'h00088010809892B1
u_dut/lut_l0_817,LUT6,SLICE_X15Y238,SLICEL.C6LUT,64'h0199A0AC008F88CC
u_dut/lut_l0_818,LUT6,SLICE_X11Y241,SLICEL.A6LUT,64'h0081001D05750115
u_dut/lut_l0_819,LUT6,SLICE_X24Y240,SLICEL.A6LUT,64'h1001009500550051
u_dut/lut_l0_82,LUT6,SLICE_X12Y227,SLICEM.D6LUT,64'hFBFCA8C4C1B3A024
u_dut/lut_l0_820,LUT6,SLICE_X11Y239,SLICEL.B6LUT,64'h020A0002222A0002
u_dut/lut_l0_821,LUT6,SLICE_X12Y231,SLICEM.A6LUT,64'h00440051064C5F7F
u_dut/lut_l0_822,LUT6,SLICE_X21Y241,SLICEL.C6LUT,64'h01111555003A013F
u_dut/lut_l0_823,LUT6,SLICE_X11Y238,SLICEL.B6LUT,64'h0F095F310401560F
u_dut/lut_l0_824,LUT6,SLICE_X9Y236,SLICEL.A6LUT,64'hA80000DC1502044C
u_dut/lut_l0_825,LUT6,SLICE_X8Y238,SLICEM.A6LUT,64'h0004000382A491B3
u_dut/lut_l0_826,LUT6,SLICE_X11Y238,SLICEL.C6LUT,64'hAB00210233000200
u_dut/lut_l0_827,LUT6,SLICE_X16Y234,SLICEM.C6LUT,64'h3000400172747037
u_dut/lut_l0_828,LUT6,SLICE_X18Y230,SLICEM.A6LUT,64'h8056445530002003
u_dut/lut_l0_829,LUT6,SLICE_X16Y237,SLICEM.D6LUT,64'hE12BC02100320044
u_dut/lut_l0_83,LUT6,SLICE_X16Y228,SLICEM.C6LUT,64'hF8F4E886FE440864
u_dut/lut_l0_830,LUT6,SLICE_X12Y237,SLICEM.A6LUT,64'h8C818CCC0401CC5D
u_dut/lut_l0_831,LUT6,SLICE_X14Y242,SLICEM.C6LUT,64'h0001050100030317
u_dut/lut_l0_832,LUT6,SLICE_X16Y241,SLICEM.C6LUT,64'h800024000108D1EB
u_dut/lut_l0_833,LUT6,SLICE_X12Y239,SLICEM.B6LUT,64'h85000300450307E9
u_dut/lut_l0_834,LUT6,SLICE_X17Y238,SLICEL.D6LUT,64'h03C953B900414015
u_dut/lut_l0_835,LUT6,SLICE_X13Y237,SLICEL.D6LUT,64'h8C4404DC0FE60F3F
u_dut/lut_l0_836,LUT6,SLICE_X14Y242,SLICEM.D6LUT,64'h0000001100000203
u_dut/lut_l0_837,LUT6,SLICE_X21Y239,SLICEL.C6LUT,64'hC080250405006700
u_dut/lut_l0_838,LUT6,SLICE_X19Y241,SLICEL.D6LUT,64'h004400044C4C02CC
u_dut/lut_l0_839,LUT6,SLICE_X23Y238,SLICEL.D6LUT,64'h0904800600060467
u_dut/lut_l0_84,LUT6,SLICE_X15Y223,SLICEL.C6LUT,64'h673275D83A6E77D0
u_dut/lut_l0_840,LUT6,SLICE_X22Y242,SLICEM.D6LUT,64'h1400010431000044
u_dut/lut_l0_841,LUT6,SLICE_X9Y240,SLICEL.A6LUT,64'h010100E0118B0088
u_dut/lut_l0_842,LUT6,SLICE_X24Y240,SLICEL.B6LUT,64'h010023229301332B
u_dut/lut_l0_843,LUT6,SLICE_X12Y238,SLICEM.D6LUT,64'h0A4200AB105160D1
u_dut/lut_l0_844,LUT6,SLICE_X17Y241,SLICEL.A6LUT,64'h0000005403000150
u_dut/lut_l0_845,LUT6,SLICE_X11Y237,SLICEL.A6LUT,64'h005502008F9B8F1F
u_dut/lut_l0_846,LUT6,SLICE_X16Y236,SLICEM.C6LUT,64'hF7500A1E01110008
u_dut/lut_l0_847,LUT6,SLICE_X11Y236,SLICEL.B6LUT,64'hC000000050005208
u_dut/lut_l0_848,LUT6,SLICE_X17Y237,SLICEL.A6LUT,64'h950915BF200FB0BB
u_dut/lut_l0_849,LUT6,SLICE_X17Y242,SLICEL.D6LUT,64'h105C00500D4D1D0C
u_dut/lut_l0_85,LUT6,SLICE_X14Y226,SLICEM.D6LUT,64'hE08EAE66804D1B77
u_dut/lut_l0_850,LUT6,SLICE_X25Y241,SLICEL.A6LUT,64'h0000000050020000
u_dut/lut_l0_851,LUT6,SLICE_X17Y241,SLICEL.B6LUT,64'h0100082603000002
u_dut/lut_l0_852,LUT6,SLICE_X17Y241,SLICEL.C6LUT,64'h9600302040103100
u_dut/lut_l0_853,LUT6,SLICE_X20Y235,SLICEM.C6LUT,64'h0D14000ADD810122
u_dut/lut_l0_854,LUT6,SLICE_X7Y233,SLICEL.A6LUT,64'h00710415505301F0
u_dut/lut_l0_855,LUT6,SLICE_X8Y235,SLICEM.A6LUT,64'h000088820AC8AAC2
u_dut/lut_l0_856,LUT6,SLICE_X7Y237,SLICEL.A6LUT,64'h40888CC8000080C1
u_dut/lut_l0_857,LUT6,SLICE_X13Y234,SLICEL.A6LUT,64'hA880A8A02020AC24
u_dut/lut_l0_858,LUT6,SLICE_X9Y231,SLICEL.B6LUT,64'h8011089C11001998
u_dut/lut_l0_859,LUT6,SLICE_X9Y237,SLICEL.A6LUT,64'h180A223302AB022A
u_dut/lut_l0_86,LUT6,SLICE_X18Y230,SLICEM.B6LUT,64'hFD86A404F1A00001
u_dut/lut_l0_860,LUT6,SLICE_X15Y233,SLICEL.C6LUT,64'h03CD000F21252327
u_dut/lut_l0_861,LUT6,SLICE_X14Y236,SLICEM.D6LUT,64'h0500032A253F2B2F
u_dut/lut_l0_862,LUT6,SLICE_X17Y241,SLICEL.D6LUT,64'h00420203005422FA
u_dut/lut_l0_863,LUT6,SLICE_X9Y236,SLICEL.B6LUT,64'h00FBA01B00400010
u_dut/lut_l0_864,LUT6,SLICE_X16Y233,SLICEM.C6LUT,64'h02BA002332BB6163
u_dut/lut_l0_865,LUT6,SLICE_X20Y235,SLICEM.D6LUT,64'h33130A8A00000401
u_dut/lut_l0_866,LUT6,SLICE_X24Y239,SLICEL.C6LUT,64'h058060000997C004
u_dut/lut_l0_867,LUT6,SLICE_X7Y239,SLICEL.A6LUT,64'h8000230209002E5A
u_dut/lut_l0_868,LUT6,SLICE_X24Y237,SLICEL.D6LUT,64'h181108001003000A
u_dut/lut_l0_869,LUT6,SLICE_X8Y239,SLICEM.A6LUT,64'h0000000113001317
u_dut/lut_l0_87,LUT6,SLICE_X16Y225,SLICEM.D6LUT,64'hAFE97B5341F40048
u_dut/lut_l0_870,LUT6,SLICE_X12Y233,SLICEM.C6LUT,64'h3E3352000223555A
u_dut/lut_l0_871,LUT6,SLICE_X9Y231,SLICEL.C6LUT,64'h0171042F00910017
u_dut/lut_l0_872,LUT6,SLICE_X13Y234,SLICEL.B6LUT,64'hE273B20388198059
u_dut/lut_l0_873,LUT6,SLICE_X15Y238,SLICEL.D6LUT,64'h0000000000100105
u_dut/lut_l0_874,LUT6,SLICE_X13Y233,SLICEL.B6LUT,64'h0040F0F158481D95
u_dut/lut_l0_875,LUT6,SLICE_X9Y234,SLICEL.A6LUT,64'h0AC49C4509009DC1
u_dut/lut_l0_876,LUT6,SLICE_X10Y235,SLICEM.A6LUT,64'h2222325180004505
u_dut/lut_l0_877,LUT6,SLICE_X10Y238,SLICEM.A6LUT,64'h00F2005002020950
u_dut/lut_l0_878,LUT6,SLICE_X9Y237,SLICEL.B6LUT,64'h13AF55F511AF15AC
u_dut/lut_l0_879,LUT6,SLICE_X21Y240,SLICEL.D6LUT,64'h40194444C0F8F359
u_dut/lut_l0_88,LUT6,SLICE_X22Y225,SLICEM.D6LUT,64'h0F3D4B80A900FAD0
u_dut/lut_l0_880,LUT6,SLICE_X10Y236,SLICEM.A6LUT,64'h00220002F0EA2000
u_dut/lut_l0_881,LUT6,SLICE_X15Y236,SLICEL.D6LUT,64'h00740C0C00D40101
u_dut/lut_l0_882,LUT6,SLICE_X12Y239,SLICEM.C6LUT,64'h012E0627132377D7
u_dut/lut_l0_883,LUT6,SLICE_X11Y236,SLICEL.C6LUT,64'h010613004F4D4300
u_dut/lut_l0_884,LUT6,SLICE_X11Y240,SLICEL.A6LUT,64'h032022C1FF323143
u_dut/lut_l0_885,LUT6,SLICE_X15Y237,SLICEL.A6LUT,64'h063307DDC3BD835F
u_dut/lut_l0_886,LUT6,SLICE_X8Y242,SLICEM.A6LUT,64'h0000F4A13821ECA1
u_dut/lut_l0_887,LUT6,SLICE_X16Y240,SLICEM.C6LUT,64'h3011B0B13213B0B3
u_dut/lut_l0_888,LUT6,SLICE_X8Y235,SLICEM.B6LUT,64'hDF917B004F202624
u_dut/lut_l0_889,LUT6,SLICE_X23Y242,SLICEL.B6LUT,64'h0003054B401310B8
u_dut/lut_l0_89,LUT6,SLICE_X15Y225,SLICEL.A6LUT,64'h001E8A120E02EAE2
u_dut/lut_l0_890,LUT6,SLICE_X12Y239,SLICEM.D6LUT,64'hF0301501B0330B0B
u_dut/lut_l0_891,LUT6,SLICE_X18Y241,SLICEM.D6LUT,64'h0000414001015111
u_dut/lut_l0_892,LUT6,SLICE_X16Y241,SLICEM.D6LUT,64'h2200FF8012D8579E
u_dut/lut_l0_893,LUT6,SLICE_X21Y241,SLICEL.D6LUT,64'h00440004FF6E6D7F
u_dut/lut_l0_894,LUT6,SLICE_X13Y239,SLICEL.C6LUT,64'h01353421FFFF31BB
u_dut/lut_l0_895,LUT6,SLICE_X21Y237,SLICEL.C6LUT,64'h30051000F0F8B0BF
u_dut/lut_l0_896,LUT6,SLICE_X13Y233,SLICEL.C6LUT,64'h807F001191518DCF
u_dut/lut_l0_897,LUT6,SLICE_X5Y234,SLICEL.A6LUT,64'h9380001013130017
u_dut/lut_l0_898,LUT6,SLICE_X11Y231,SLICEL.A6LUT,64'hF1D0F1E0A3F403C1
u_dut/lut_l0_899,LUT6,SLICE_X9Y231,SLICEL.D6LUT,64'h14C5FEFC10F35050
u_dut/lut_l0_9,LUT6,SLICE_X20Y225,SLICEM.D6LUT,64'h0ECCEAFF0E448C4C
u_dut/lut_l0_90,LUT6,SLICE_X16Y228,SLICEM.D6LUT,64'hC0FFC0CE44DF4000
u_dut/lut_l0_900,LUT6,SLICE_X14Y235,SLICEM.D6LUT,64'h00400D0C0C50CCCC
u_dut/lut_l0_901,LUT6,SLICE_X15Y239,SLICEL.B6LUT,64'h0012004443008211
u_dut/lut_l0_902,LUT6,SLICE_X8Y237,SLICEM.A6LUT,64'h44230508B0BB050D
u_dut/lut_l0_903,LUT6,SLICE_X6Y237,SLICEM.A6LUT,64'h3155331722002406
u_dut/lut_l0_904,LUT6,SLICE_X24Y231,SLICEL.A6LUT,64'h00B00000A8B34847
u_dut/lut_l0_905,LUT6,SLICE_X9Y237,SLICEL.C6LUT,64'h01C401DD20311133
u_dut/lut_l0_906,LUT6,SLICE_X21Y237,SLICEL.D6LUT,64'h000000480240880C
u_dut/lut_l0_907,LUT6,SLICE_X8Y236,SLICEM.A6LUT,64'h828E320202992F51
u_dut/lut_l0_908,LUT6,SLICE_X14Y232,SLICEM.C6LUT,64'hF535CFB3B1249901
u_dut/lut_l0_909,LUT6,SLICE_X5Y237,SLICEL.A6LUT,64'h8000135701000000
u_dut/lut_l0_91,LUT6,SLICE_X11Y224,SLICEL.A6LUT,64'hFA32F0F5E02A8860
u_dut/lut_l0_910,LUT6,SLICE_X5Y237,SLICEL.B6LUT,64'h0070007040200800
u_dut/lut_l0_911,LUT6,SLICE_X3Y237,SLICEL.A6LUT,64'h0003000307550331
u_dut/lut_l0_912,LUT6,SLICE_X16Y231,SLICEM.C6LUT,64'h980415143F370010
u_dut/lut_l0_913,LUT6,SLICE_X19Y237,SLICEL.B6LUT,64'h00F0525A417447FB
u_dut/lut_l0_914,LUT6,SLICE_X10Y233,SLICEM.A6LUT,64'h89CC5D0D00800040
u_dut/lut_l0_915,LUT6,SLICE_X4Y234,SLICEL.A6LUT,64'h0A02800CEA5EA088
u_dut/lut_l0_916,LUT6,SLICE_X12Y233,SLICEM.D6LUT,64'hC0C089C9CB02C0E1
u_dut/lut_l0_917,LUT6,SLICE_X9Y234,SLICEL.B6LUT,64'h54113B3B3D3F153F
u_dut/lut_l0_918,LUT6,SLICE_X15Y224,SLICEL.C6LUT,64'hB120AA11800A3FAA
u_dut/lut_l0_919,LUT6,SLICE_X9Y233,SLICEL.A6LUT,64'h9110C45077601356
u_dut/lut_l0_92,LUT6,SLICE_X12Y223,SLICEM.D6LUT,64'h8CA0572000400080
u_dut/lut_l0_920,LUT6,SLICE_X14Y233,SLICEM.B6LUT,64'h001030600075247D
u_dut/lut_l0_921,LUT6,SLICE_X10Y233,SLICEM.B6LUT,64'h54F4000000FF04FF
u_dut/lut_l0_922,LUT6,SLICE_X8Y233,SLICEM.A6LUT,64'h000133A5FE81FB05
u_dut/lut_l0_923,LUT6,SLICE_X12Y237,SLICEM.B6LUT,64'h2000080404140E04
u_dut/lut_l0_924,LUT6,SLICE_X5Y233,SLICEL.A6LUT,64'h0000020220002323
u_dut/lut_l0_925,LUT6,SLICE_X14Y233,SLICEM.C6LUT,64'h2B015B570100CC9B
u_dut/lut_l0_926,LUT6,SLICE_X16Y227,SLICEM.A6LUT,64'h22329B8030213730
u_dut/lut_l0_927,LUT6,SLICE_X16Y234,SLICEM.D6LUT,64'h30E01DC830FDF850
u_dut/lut_l0_928,LUT6,SLICE_X8Y235,SLICEM.C6LUT,64'h547F75B7115751FF
u_dut/lut_l0_929,LUT6,SLICE_X8Y233,SLICEM.B6LUT,64'h310021252001A204
u_dut/lut_l0_93,LUT6,SLICE_X13Y224,SLICEL.D6LUT,64'hAAA7FEEA0CADF40C
u_dut/lut_l0_930,LUT6,SLICE_X7Y234,SLICEL.A6LUT,64'h3F170501151203B7
u_dut/lut_l0_931,LUT6,SLICE_X12Y237,SLICEM.C6LUT,64'h0B8E0305022B020B
u_dut/lut_l0_932,LUT6,SLICE_X10Y233,SLICEM.C6LUT,64'h00D894D888800000
u_dut/lut_l0_933,LUT6,SLICE_X9Y234,SLICEL.C6LUT,64'h707354FF7377797E
u_dut/lut_l0_934,LUT6,SLICE_X7Y233,SLICEL.B6LUT,64'h0015F49D00C04CC0
u_dut/lut_l0_935,LUT6,SLICE_X6Y233,SLICEM.A6LUT,64'h00500051041C0113
u_dut/lut_l0_936,LUT6,SLICE_X17Y234,SLICEL.C6LUT,64'h060003050E172F0F
u_dut/lut_l0_937,LUT6,SLICE_X14Y233,SLICEM.D6LUT,64'h1118004112AC3355
u_dut/lut_l0_938,LUT6,SLICE_X8Y236,SLICEM.B6LUT,64'h004080E0002684A2
u_dut/lut_l0_939,LUT6,SLICE_X16Y233,SLICEM.D6LUT,64'h2E05003227116363
u_dut/lut_l0_94,LUT6,SLICE_X20Y226,SLICEM.D6LUT,64'h34FC30D8A8EF31CC
u_dut/lut_l0_940,LUT6,SLICE_X11Y236,SLICEL.D6LUT,64'h00102000105030DB
u_dut/lut_l0_941,LUT6,SLICE_X8Y236,SLICEM.C6LUT,64'h150351220032750F
u_dut/lut_l0_942,LUT6,SLICE_X5Y236,SLICEL.C6LUT,64'hA000010600041B00
u_dut/lut_l0_943,LUT6,SLICE_X12Y237,SLICEM.D6LUT,64'h70305FB301110113
u_dut/lut_l0_944,LUT6,SLICE_X11Y239,SLICEL.C6LUT,64'h8100800081000082
u_dut/lut_l0_945,LUT6,SLICE_X8Y238,SLICEM.B6LUT,64'h00240024002E103B
u_dut/lut_l0_946,LUT6,SLICE_X13Y239,SLICEL.D6LUT,64'h5001102020200421
u_dut/lut_l0_947,LUT6,SLICE_X19Y235,SLICEL.D6LUT,64'h4D4E32000C441017
u_dut/lut_l0_948,LUT6,SLICE_X15Y235,SLICEL.C6LUT,64'hCFCDC8CDC5CCD110
u_dut/lut_l0_949,LUT6,SLICE_X9Y232,SLICEL.A6LUT,64'h00BA058F4466010F
u_dut/lut_l0_95,LUT6,SLICE_X17Y226,SLICEL.D6LUT,64'hAFF38CCC8751057F
u_dut/lut_l0_950,LUT6,SLICE_X9Y236,SLICEL.C6LUT,64'h0000000001000107
u_dut/lut_l0_951,LUT6,SLICE_X16Y240,SLICEM.D6LUT,64'h0004D404F007FF87
u_dut/lut_l0_952,LUT6,SLICE_X15Y239,SLICEL.C6LUT,64'h2000001080070002
u_dut/lut_l0_953,LUT6,SLICE_X21Y239,SLICEL.D6LUT,64'h99111E1202000A72
u_dut/lut_l0_954,LUT6,SLICE_X9Y232,SLICEL.B6LUT,64'h01A4002023BB0155
u_dut/lut_l0_955,LUT6,SLICE_X8Y238,SLICEM.C6LUT,64'h000A08088010A808
u_dut/lut_l0_956,LUT6,SLICE_X6Y234,SLICEM.A6LUT,64'h00D050F802429012
u_dut/lut_l0_957,LUT6,SLICE_X20Y234,SLICEM.B6LUT,64'h80414042804CC444
u_dut/lut_l0_958,LUT6,SLICE_X9Y234,SLICEL.D6LUT,64'h8000301050523012
u_dut/lut_l0_959,LUT6,SLICE_X6Y235,SLICEM.A6LUT,64'h1090333F00C132F7
u_dut/lut_l0_96,LUT6,SLICE_X20Y230,SLICEM.C6LUT,64'h5F1F0F040E04AE04
u_dut/lut_l0_960,LUT6,SLICE_X17Y234,SLICEL.D6LUT,64'h0809000101020007
u_dut/lut_l0_961,LUT6,SLICE_X26Y233,SLICEL.C6LUT,64'hD8DC5D59181E1D08
u_dut/lut_l0_962,LUT6,SLICE_X11Y238,SLICEL.D6LUT,64'h1303130300000020
u_dut/lut_l0_963,LUT6,SLICE_X9Y238,SLICEL.A6LUT,64'h8091000210100000
u_dut/lut_l0_964,LUT6,SLICE_X11Y239,SLICEL.D6LUT,64'h040F000167DF2343
u_dut/lut_l0_965,LUT6,SLICE_X15Y233,SLICEL.D6LUT,64'h888C8C8C0006000C
u_dut/lut_l0_966,LUT6,SLICE_X19Y237,SLICEL.C6LUT,64'h8000F0B0020E030E
u_dut/lut_l0_967,LUT6,SLICE_X17Y240,SLICEL.D6LUT,64'h0202065508088ABF
u_dut/lut_l0_968,LUT6,SLICE_X10Y235,SLICEM.B6LUT,64'h082000B0F1F10BF1
u_dut/lut_l0_969,LUT6,SLICE_X6Y227,SLICEM.A6LUT,64'h0951117B00111117
u_dut/lut_l0_97,LUT6,SLICE_X14Y227,SLICEM.D6LUT,64'h82AC01A8BF2D683C
u_dut/lut_l0_970,LUT6,SLICE_X15Y239,SLICEL.D6LUT,64'h61D4DA8C5B335F3F
u_dut/lut_l0_971,LUT6,SLICE_X9Y233,SLICEL.B6LUT,64'h00005C004C844DDF
u_dut/lut_l0_972,LUT6,SLICE_X9Y236,SLICEL.D6LUT,64'h6A0017100B035531
u_dut/lut_l0_973,LUT6,SLICE_X21Y235,SLICEL.C6LUT,64'h0000040400000004
u_dut/lut_l0_974,LUT6,SLICE_X7Y233,SLICEL.C6LUT,64'h712500737F43F77E
u_dut/lut_l0_975,LUT6,SLICE_X7Y234,SLICEL.B6LUT,64'h80010C4C2002E036
u_dut/lut_l0_976,LUT6,SLICE_X13Y234,SLICEL.C6LUT,64'h0000101000000000
u_dut/lut_l0_977,LUT6,SLICE_X11Y234,SLICEL.C6LUT,64'h0B090B091A591639
u_dut/lut_l0_978,LUT6,SLICE_X7Y234,SLICEL.C6LUT,64'h0000105570515871
u_dut/lut_l0_979,LUT6,SLICE_X16Y236,SLICEM.D6LUT,64'h0000000000043320
u_dut/lut_l0_98,LUT6,SLICE_X12Y230,SLICEM.A6LUT,64'h33313622DDADCDAA
u_dut/lut_l0_980,LUT6,SLICE_X20Y238,SLICEM.A6LUT,64'h5511002004000000
u_dut/lut_l0_981,LUT6,SLICE_X18Y237,SLICEM.D6LUT,64'h307030117030707F
u_dut/lut_l0_982,LUT6,SLICE_X9Y237,SLICEL.D6LUT,64'h04B00B030A2EA362
u_dut/lut_l0_983,LUT6,SLICE_X8Y236,SLICEM.D6LUT,64'h4C0000000100858C
u_dut/lut_l0_984,LUT6,SLICE_X9Y232,SLICEL.C6LUT,64'h001108001177AB0F
u_dut/lut_l0_985,LUT6,SLICE_X21Y243,SLICEL.A6LUT,64'h0200081008012070
u_dut/lut_l0_986,LUT6,SLICE_X10Y233,SLICEM.D6LUT,64'hB0A088BFE320CFEC
u_dut/lut_l0_987,LUT6,SLICE_X13Y233,SLICEL.D6LUT,64'h00E120A3A0EA3031
u_dut/lut_l0_988,LUT6,SLICE_X8Y238,SLICEM.D6LUT,64'h853B01012B3F2A2B
u_dut/lut_l0_989,LUT6,SLICE_X10Y235,SLICEM.C6LUT,64'h03220A5082235701
u_dut/lut_l0_99,LUT6,SLICE_X27Y226,SLICEL.D6LUT,64'hFE8BEBEB555353BB
u_dut/lut_l0_990,LUT6,SLICE_X14Y232,SLICEM.D6LUT,64'h45CD476F00807373
u_dut/lut_l0_991,LUT6,SLICE_X8Y233,SLICEM.C6LUT,64'h0033000400F20248
u_dut/lut_l0_992,LUT6,SLICE_X12Y240,SLICEM.D6LUT,64'h0014083F11113135
u_dut/lut_l0_993,LUT6,SLICE_X13Y234,SLICEL.D6LUT,64'h083122B308003131
u_dut/lut_l0_994,LUT6,SLICE_X14Y240,SLICEM.D6LUT,64'hC0010000E0C1C0C2
u_dut/lut_l0_995,LUT6,SLICE_X11Y234,SLICEL.D6LUT,64'hB00033A301041010
u_dut/lut_l0_996,LUT6,SLICE_X10Y240,SLICEM.A6LUT,64'h00A4AECB0029802F
u_dut/lut_l0_997,LUT6,SLICE_X20Y240,SLICEM.D6LUT,64'h0130333300000003
u_dut/lut_l0_998,LUT6,SLICE_X7Y234,SLICEL.D6LUT,64'h410105010300032B
u_dut/lut_l0_999,LUT6,SLICE_X19Y237,SLICEL.D6LUT,64'h08B8BB3385051301
u_dut/o0_r_reg[0],FDRE,SLICE_X18Y220,SLICEM.AFF,1'b0
u_dut/o0_r_reg[100],FDRE,SLICE_X16Y233,SLICEM.AFF,1'b0
u_dut/o0_r_reg[101],FDRE,SLICE_X12Y233,SLICEM.AFF,1'b0
u_dut/o0_r_reg[102],FDRE,SLICE_X8Y229,SLICEM.AFF,1'b0
u_dut/o0_r_reg[103],FDRE,SLICE_X15Y227,SLICEL.AFF,1'b0
u_dut/o0_r_reg[104],FDRE,SLICE_X17Y229,SLICEL.AFF,1'b0
u_dut/o0_r_reg[105],FDRE,SLICE_X8Y226,SLICEM.AFF,1'b0
u_dut/o0_r_reg[106],FDRE,SLICE_X10Y228,SLICEM.AFF,1'b0
u_dut/o0_r_reg[107],FDRE,SLICE_X8Y230,SLICEM.AFF,1'b0
u_dut/o0_r_reg[108],FDRE,SLICE_X15Y228,SLICEL.AFF,1'b0
u_dut/o0_r_reg[109],FDRE,SLICE_X20Y226,SLICEM.AFF,1'b0
u_dut/o0_r_reg[10],FDRE,SLICE_X14Y225,SLICEM.AFF,1'b0
u_dut/o0_r_reg[110],FDRE,SLICE_X8Y226,SLICEM.BFF,1'b0
u_dut/o0_r_reg[111],FDRE,SLICE_X13Y226,SLICEL.AFF,1'b0
u_dut/o0_r_reg[112],FDRE,SLICE_X18Y224,SLICEM.AFF,1'b0
u_dut/o0_r_reg[113],FDRE,SLICE_X7Y226,SLICEL.AFF,1'b0
u_dut/o0_r_reg[114],FDRE,SLICE_X8Y228,SLICEM.AFF,1'b0
u_dut/o0_r_reg[115],FDRE,SLICE_X8Y229,SLICEM.BFF,1'b0
u_dut/o0_r_reg[116],FDRE,SLICE_X18Y228,SLICEM.AFF,1'b0
u_dut/o0_r_reg[117],FDRE,SLICE_X18Y226,SLICEM.AFF,1'b0
u_dut/o0_r_reg[118],FDRE,SLICE_X14Y228,SLICEM.AFF,1'b0
u_dut/o0_r_reg[119],FDRE,SLICE_X15Y227,SLICEL.BFF,1'b0
u_dut/o0_r_reg[11],FDRE,SLICE_X16Y225,SLICEM.AFF,1'b0
u_dut/o0_r_reg[120],FDRE,SLICE_X16Y230,SLICEM.AFF,1'b0
u_dut/o0_r_reg[121],FDRE,SLICE_X15Y229,SLICEL.AFF,1'b0
u_dut/o0_r_reg[122],FDRE,SLICE_X15Y224,SLICEL.AFF,1'b0
u_dut/o0_r_reg[123],FDRE,SLICE_X18Y228,SLICEM.BFF,1'b0
u_dut/o0_r_reg[124],FDRE,SLICE_X14Y228,SLICEM.BFF,1'b0
u_dut/o0_r_reg[125],FDRE,SLICE_X17Y229,SLICEL.BFF,1'b0
u_dut/o0_r_reg[126],FDRE,SLICE_X14Y229,SLICEM.AFF,1'b0
u_dut/o0_r_reg[127],FDRE,SLICE_X21Y227,SLICEL.AFF,1'b0
u_dut/o0_r_reg[128],FDRE,SLICE_X18Y232,SLICEM.AFF,1'b0
u_dut/o0_r_reg[129],FDRE,SLICE_X20Y228,SLICEM.AFF,1'b0
u_dut/o0_r_reg[12],FDRE,SLICE_X14Y226,SLICEM.AFF,1'b0
u_dut/o0_r_reg[130],FDRE,SLICE_X14Y224,SLICEM.AFF,1'b0
u_dut/o0_r_reg[131],FDRE,SLICE_X14Y226,SLICEM.BFF,1'b0
u_dut/o0_r_reg[132],FDRE,SLICE_X12Y226,SLICEM.AFF,1'b0
u_dut/o0_r_reg[133],FDRE,SLICE_X17Y229,SLICEL.CFF,1'b0
u_dut/o0_r_reg[134],FDRE,SLICE_X20Y228,SLICEM.BFF,1'b0
u_dut/o0_r_reg[135],FDRE,SLICE_X12Y225,SLICEM.AFF,1'b0
u_dut/o0_r_reg[136],FDRE,SLICE_X20Y228,SLICEM.CFF,1'b0
u_dut/o0_r_reg[137],FDRE,SLICE_X12Y228,SLICEM.AFF,1'b0
u_dut/o0_r_reg[138],FDRE,SLICE_X18Y229,SLICEM.AFF,1'b0
u_dut/o0_r_reg[139],FDRE,SLICE_X18Y228,SLICEM.CFF,1'b0
u_dut/o0_r_reg[13],FDRE,SLICE_X19Y226,SLICEL.AFF,1'b0
u_dut/o0_r_reg[140],FDRE,SLICE_X18Y229,SLICEM.BFF,1'b0
u_dut/o0_r_reg[141],FDRE,SLICE_X13Y229,SLICEL.AFF,1'b0
u_dut/o0_r_reg[142],FDRE,SLICE_X12Y226,SLICEM.BFF,1'b0
u_dut/o0_r_reg[143],FDRE,SLICE_X13Y225,SLICEL.AFF,1'b0
u_dut/o0_r_reg[144],FDRE,SLICE_X15Y227,SLICEL.CFF,1'b0
u_dut/o0_r_reg[145],FDRE,SLICE_X9Y228,SLICEL.AFF,1'b0
u_dut/o0_r_reg[146],FDRE,SLICE_X10Y224,SLICEM.AFF,1'b0
u_dut/o0_r_reg[147],FDRE,SLICE_X26Y226,SLICEL.AFF,1'b0
u_dut/o0_r_reg[148],FDRE,SLICE_X14Y228,SLICEM.CFF,1'b0
u_dut/o0_r_reg[149],FDRE,SLICE_X20Y229,SLICEM.AFF,1'b0
u_dut/o0_r_reg[14],FDRE,SLICE_X9Y227,SLICEL.AFF,1'b0
u_dut/o0_r_reg[150],FDRE,SLICE_X11Y228,SLICEL.AFF,1'b0
u_dut/o0_r_reg[151],FDRE,SLICE_X10Y228,SLICEM.BFF,1'b0
u_dut/o0_r_reg[152],FDRE,SLICE_X14Y223,SLICEM.AFF,1'b0
u_dut/o0_r_reg[153],FDRE,SLICE_X8Y230,SLICEM.BFF,1'b0
u_dut/o0_r_reg[154],FDRE,SLICE_X13Y227,SLICEL.AFF,1'b0
u_dut/o0_r_reg[155],FDRE,SLICE_X15Y229,SLICEL.BFF,1'b0
u_dut/o0_r_reg[156],FDRE,SLICE_X16Y226,SLICEM.AFF,1'b0
u_dut/o0_r_reg[157],FDRE,SLICE_X20Y228,SLICEM.DFF,1'b0
u_dut/o0_r_reg[158],FDRE,SLICE_X13Y227,SLICEL.BFF,1'b0
u_dut/o0_r_reg[159],FDRE,SLICE_X20Y232,SLICEM.AFF,1'b0
u_dut/o0_r_reg[15],FDRE,SLICE_X12Y225,SLICEM.BFF,1'b0
u_dut/o0_r_reg[160],FDRE,SLICE_X13Y228,SLICEL.AFF,1'b0
u_dut/o0_r_reg[161],FDRE,SLICE_X17Y228,SLICEL.AFF,1'b0
u_dut/o0_r_reg[162],FDRE,SLICE_X9Y229,SLICEL.AFF,1'b0
u_dut/o0_r_reg[163],FDRE,SLICE_X11Y226,SLICEL.AFF,1'b0
u_dut/o0_r_reg[164],FDRE,SLICE_X10Y227,SLICEM.AFF,1'b0
u_dut/o0_r_reg[165],FDRE,SLICE_X24Y230,SLICEL.AFF,1'b0
u_dut/o0_r_reg[166],FDRE,SLICE_X13Y227,SLICEL.CFF,1'b0
u_dut/o0_r_reg[167],FDRE,SLICE_X16Y228,SLICEM.AFF,1'b0
u_dut/o0_r_reg[168],FDRE,SLICE_X22Y225,SLICEM.AFF,1'b0
u_dut/o0_r_reg[169],FDRE,SLICE_X20Y230,SLICEM.AFF,1'b0
u_dut/o0_r_reg[16],FDRE,SLICE_X12Y224,SLICEM.AFF,1'b0
u_dut/o0_r_reg[170],FDRE,SLICE_X16Y225,SLICEM.BFF,1'b0
u_dut/o0_r_reg[171],FDRE,SLICE_X18Y225,SLICEM.AFF,1'b0
u_dut/o0_r_reg[172],FDRE,SLICE_X16Y225,SLICEM.CFF,1'b0
u_dut/o0_r_reg[173],FDRE,SLICE_X15Y224,SLICEL.BFF,1'b0
u_dut/o0_r_reg[174],FDRE,SLICE_X19Y226,SLICEL.BFF,1'b0
u_dut/o0_r_reg[175],FDRE,SLICE_X16Y229,SLICEM.AFF,1'b0
u_dut/o0_r_reg[176],FDRE,SLICE_X14Y228,SLICEM.DFF,1'b0
u_dut/o0_r_reg[177],FDRE,SLICE_X17Y228,SLICEL.BFF,1'b0
u_dut/o0_r_reg[178],FDRE,SLICE_X12Y224,SLICEM.BFF,1'b0
u_dut/o0_r_reg[179],FDRE,SLICE_X11Y226,SLICEL.BFF,1'b0
u_dut/o0_r_reg[17],FDRE,SLICE_X10Y230,SLICEM.AFF,1'b0
u_dut/o0_r_reg[180],FDRE,SLICE_X21Y228,SLICEL.AFF,1'b0
u_dut/o0_r_reg[181],FDRE,SLICE_X21Y238,SLICEL.AFF,1'b0
u_dut/o0_r_reg[182],FDRE,SLICE_X17Y229,SLICEL.DFF,1'b0
u_dut/o0_r_reg[183],FDRE,SLICE_X22Y230,SLICEM.AFF,1'b0
u_dut/o0_r_reg[184],FDRE,SLICE_X12Y223,SLICEM.AFF,1'b0
u_dut/o0_r_reg[185],FDRE,SLICE_X15Y231,SLICEL.AFF,1'b0
u_dut/o0_r_reg[186],FDRE,SLICE_X12Y226,SLICEM.CFF,1'b0
u_dut/o0_r_reg[187],FDRE,SLICE_X8Y229,SLICEM.CFF,1'b0
u_dut/o0_r_reg[188],FDRE,SLICE_X8Y230,SLICEM.CFF,1'b0
u_dut/o0_r_reg[189],FDRE,SLICE_X12Y229,SLICEM.AFF,1'b0
u_dut/o0_r_reg[18],FDRE,SLICE_X24Y225,SLICEL.AFF,1'b0
u_dut/o0_r_reg[190],FDRE,SLICE_X8Y230,SLICEM.DFF,1'b0
u_dut/o0_r_reg[191],FDRE,SLICE_X16Y230,SLICEM.BFF,1'b0
u_dut/o0_r_reg[192],FDRE,SLICE_X11Y226,SLICEL.CFF,1'b0
u_dut/o0_r_reg[193],FDRE,SLICE_X16Y226,SLICEM.BFF,1'b0
u_dut/o0_r_reg[194],FDRE,SLICE_X12Y226,SLICEM.DFF,1'b0
u_dut/o0_r_reg[195],FDRE,SLICE_X8Y226,SLICEM.CFF,1'b0
u_dut/o0_r_reg[196],FDRE,SLICE_X16Y226,SLICEM.CFF,1'b0
u_dut/o0_r_reg[197],FDRE,SLICE_X16Y231,SLICEM.AFF,1'b0
u_dut/o0_r_reg[198],FDRE,SLICE_X12Y223,SLICEM.BFF,1'b0
u_dut/o0_r_reg[199],FDRE,SLICE_X12Y224,SLICEM.CFF,1'b0
u_dut/o0_r_reg[19],FDRE,SLICE_X11Y227,SLICEL.AFF,1'b0
u_dut/o0_r_reg[1],FDRE,SLICE_X20Y227,SLICEM.AFF,1'b0
u_dut/o0_r_reg[200],FDRE,SLICE_X28Y237,SLICEL.AFF,1'b0
u_dut/o0_r_reg[201],FDRE,SLICE_X26Y234,SLICEL.AFF,1'b0
u_dut/o0_r_reg[202],FDRE,SLICE_X25Y235,SLICEL.AFF,1'b0
u_dut/o0_r_reg[203],FDRE,SLICE_X26Y234,SLICEL.BFF,1'b0
u_dut/o0_r_reg[204],FDRE,SLICE_X22Y235,SLICEM.AFF,1'b0
u_dut/o0_r_reg[205],FDRE,SLICE_X26Y237,SLICEL.AFF,1'b0
u_dut/o0_r_reg[206],FDRE,SLICE_X33Y239,SLICEL.AFF,1'b0
u_dut/o0_r_reg[207],FDRE,SLICE_X31Y234,SLICEL.AFF,1'b0
u_dut/o0_r_reg[208],FDRE,SLICE_X30Y237,SLICEL.AFF,1'b0
u_dut/o0_r_reg[209],FDRE,SLICE_X33Y231,SLICEL.AFF,1'b0
u_dut/o0_r_reg[20],FDRE,SLICE_X15Y229,SLICEL.CFF,1'b0
u_dut/o0_r_reg[210],FDRE,SLICE_X20Y235,SLICEM.AFF,1'b0
u_dut/o0_r_reg[211],FDRE,SLICE_X25Y238,SLICEL.AFF,1'b0
u_dut/o0_r_reg[212],FDRE,SLICE_X29Y239,SLICEL.AFF,1'b0
u_dut/o0_r_reg[213],FDRE,SLICE_X24Y237,SLICEL.AFF,1'b0
u_dut/o0_r_reg[214],FDRE,SLICE_X30Y237,SLICEL.BFF,1'b0
u_dut/o0_r_reg[215],FDRE,SLICE_X28Y238,SLICEL.AFF,1'b0
u_dut/o0_r_reg[216],FDRE,SLICE_X30Y234,SLICEL.AFF,1'b0
u_dut/o0_r_reg[217],FDRE,SLICE_X25Y239,SLICEL.AFF,1'b0
u_dut/o0_r_reg[218],FDRE,SLICE_X30Y235,SLICEL.AFF,1'b0
u_dut/o0_r_reg[219],FDRE,SLICE_X21Y238,SLICEL.BFF,1'b0
u_dut/o0_r_reg[21],FDRE,SLICE_X12Y227,SLICEM.AFF,1'b0
u_dut/o0_r_reg[220],FDRE,SLICE_X24Y239,SLICEL.AFF,1'b0
u_dut/o0_r_reg[221],FDRE,SLICE_X21Y235,SLICEL.AFF,1'b0
u_dut/o0_r_reg[222],FDRE,SLICE_X26Y235,SLICEL.AFF,1'b0
u_dut/o0_r_reg[223],FDRE,SLICE_X26Y238,SLICEL.AFF,1'b0
u_dut/o0_r_reg[224],FDRE,SLICE_X26Y235,SLICEL.BFF,1'b0
u_dut/o0_r_reg[225],FDRE,SLICE_X25Y235,SLICEL.BFF,1'b0
u_dut/o0_r_reg[226],FDRE,SLICE_X26Y236,SLICEL.AFF,1'b0
u_dut/o0_r_reg[227],FDRE,SLICE_X28Y236,SLICEL.AFF,1'b0
u_dut/o0_r_reg[228],FDRE,SLICE_X24Y234,SLICEL.AFF,1'b0
u_dut/o0_r_reg[229],FDRE,SLICE_X29Y235,SLICEL.AFF,1'b0
u_dut/o0_r_reg[22],FDRE,SLICE_X10Y227,SLICEM.BFF,1'b0
u_dut/o0_r_reg[230],FDRE,SLICE_X33Y237,SLICEL.AFF,1'b0
u_dut/o0_r_reg[231],FDRE,SLICE_X32Y235,SLICEL.AFF,1'b0
u_dut/o0_r_reg[232],FDRE,SLICE_X28Y232,SLICEL.AFF,1'b0
u_dut/o0_r_reg[233],FDRE,SLICE_X32Y236,SLICEL.AFF,1'b0
u_dut/o0_r_reg[234],FDRE,SLICE_X32Y236,SLICEL.BFF,1'b0
u_dut/o0_r_reg[235],FDRE,SLICE_X33Y236,SLICEL.AFF,1'b0
u_dut/o0_r_reg[236],FDRE,SLICE_X26Y236,SLICEL.BFF,1'b0
u_dut/o0_r_reg[237],FDRE,SLICE_X25Y231,SLICEL.AFF,1'b0
u_dut/o0_r_reg[238],FDRE,SLICE_X24Y234,SLICEL.BFF,1'b0
u_dut/o0_r_reg[239],FDRE,SLICE_X28Y235,SLICEL.AFF,1'b0
u_dut/o0_r_reg[23],FDRE,SLICE_X18Y228,SLICEM.DFF,1'b0
u_dut/o0_r_reg[240],FDRE,SLICE_X30Y230,SLICEL.AFF,1'b0
u_dut/o0_r_reg[241],FDRE,SLICE_X32Y236,SLICEL.CFF,1'b0
u_dut/o0_r_reg[242],FDRE,SLICE_X28Y233,SLICEL.AFF,1'b0
u_dut/o0_r_reg[243],FDRE,SLICE_X30Y230,SLICEL.BFF,1'b0
u_dut/o0_r_reg[244],FDRE,SLICE_X26Y236,SLICEL.CFF,1'b0
u_dut/o0_r_reg[245],FDRE,SLICE_X22Y234,SLICEM.AFF,1'b0
u_dut/o0_r_reg[246],FDRE,SLICE_X24Y230,SLICEL.BFF,1'b0
u_dut/o0_r_reg[247],FDRE,SLICE_X22Y236,SLICEM.AFF,1'b0
u_dut/o0_r_reg[248],FDRE,SLICE_X29Y232,SLICEL.AFF,1'b0
u_dut/o0_r_reg[249],FDRE,SLICE_X30Y234,SLICEL.BFF,1'b0
u_dut/o0_r_reg[24],FDRE,SLICE_X15Y229,SLICEL.DFF,1'b0
u_dut/o0_r_reg[250],FDRE,SLICE_X32Y230,SLICEL.AFF,1'b0
u_dut/o0_r_reg[251],FDRE,SLICE_X32Y234,SLICEL.AFF,1'b0
u_dut/o0_r_reg[252],FDRE,SLICE_X26Y233,SLICEL.AFF,1'b0
u_dut/o0_r_reg[253],FDRE,SLICE_X26Y234,SLICEL.CFF,1'b0
u_dut/o0_r_reg[254],FDRE,SLICE_X28Y232,SLICEL.BFF,1'b0
u_dut/o0_r_reg[255],FDRE,SLICE_X30Y235,SLICEL.BFF,1'b0
u_dut/o0_r_reg[256],FDRE,SLICE_X30Y236,SLICEL.AFF,1'b0
u_dut/o0_r_reg[257],FDRE,SLICE_X32Y236,SLICEL.DFF,1'b0
u_dut/o0_r_reg[258],FDRE,SLICE_X26Y236,SLICEL.DFF,1'b0
u_dut/o0_r_reg[259],FDRE,SLICE_X30Y233,SLICEL.AFF,1'b0
u_dut/o0_r_reg[25],FDRE,SLICE_X14Y227,SLICEM.AFF,1'b0
u_dut/o0_r_reg[260],FDRE,SLICE_X26Y233,SLICEL.BFF,1'b0
u_dut/o0_r_reg[261],FDRE,SLICE_X27Y237,SLICEL.AFF,1'b0
u_dut/o0_r_reg[262],FDRE,SLICE_X24Y235,SLICEL.AFF,1'b0
u_dut/o0_r_reg[263],FDRE,SLICE_X21Y235,SLICEL.BFF,1'b0
u_dut/o0_r_reg[264],FDRE,SLICE_X28Y237,SLICEL.BFF,1'b0
u_dut/o0_r_reg[265],FDRE,SLICE_X26Y238,SLICEL.BFF,1'b0
u_dut/o0_r_reg[266],FDRE,SLICE_X25Y230,SLICEL.AFF,1'b0
u_dut/o0_r_reg[267],FDRE,SLICE_X30Y237,SLICEL.CFF,1'b0
u_dut/o0_r_reg[268],FDRE,SLICE_X32Y234,SLICEL.BFF,1'b0
u_dut/o0_r_reg[269],FDRE,SLICE_X28Y234,SLICEL.AFF,1'b0
u_dut/o0_r_reg[26],FDRE,SLICE_X8Y229,SLICEM.DFF,1'b0
u_dut/o0_r_reg[270],FDRE,SLICE_X30Y232,SLICEL.AFF,1'b0
u_dut/o0_r_reg[271],FDRE,SLICE_X36Y234,SLICEL.AFF,1'b0
u_dut/o0_r_reg[272],FDRE,SLICE_X29Y233,SLICEL.AFF,1'b0
u_dut/o0_r_reg[273],FDRE,SLICE_X30Y238,SLICEL.AFF,1'b0
u_dut/o0_r_reg[274],FDRE,SLICE_X22Y234,SLICEM.BFF,1'b0
u_dut/o0_r_reg[275],FDRE,SLICE_X30Y235,SLICEL.CFF,1'b0
u_dut/o0_r_reg[276],FDRE,SLICE_X30Y233,SLICEL.BFF,1'b0
u_dut/o0_r_reg[277],FDRE,SLICE_X29Y232,SLICEL.BFF,1'b0
u_dut/o0_r_reg[278],FDRE,SLICE_X32Y237,SLICEL.AFF,1'b0
u_dut/o0_r_reg[279],FDRE,SLICE_X29Y232,SLICEL.CFF,1'b0
u_dut/o0_r_reg[27],FDRE,SLICE_X16Y229,SLICEM.BFF,1'b0
u_dut/o0_r_reg[280],FDRE,SLICE_X31Y237,SLICEL.AFF,1'b0
u_dut/o0_r_reg[281],FDRE,SLICE_X32Y238,SLICEL.AFF,1'b0
u_dut/o0_r_reg[282],FDRE,SLICE_X30Y232,SLICEL.BFF,1'b0
u_dut/o0_r_reg[283],FDRE,SLICE_X32Y234,SLICEL.CFF,1'b0
u_dut/o0_r_reg[284],FDRE,SLICE_X24Y237,SLICEL.BFF,1'b0
u_dut/o0_r_reg[285],FDRE,SLICE_X24Y235,SLICEL.BFF,1'b0
u_dut/o0_r_reg[286],FDRE,SLICE_X29Y236,SLICEL.AFF,1'b0
u_dut/o0_r_reg[287],FDRE,SLICE_X32Y233,SLICEL.AFF,1'b0
u_dut/o0_r_reg[288],FDRE,SLICE_X32Y238,SLICEL.BFF,1'b0
u_dut/o0_r_reg[289],FDRE,SLICE_X26Y231,SLICEL.AFF,1'b0
u_dut/o0_r_reg[28],FDRE,SLICE_X18Y229,SLICEM.CFF,1'b0
u_dut/o0_r_reg[290],FDRE,SLICE_X31Y237,SLICEL.BFF,1'b0
u_dut/o0_r_reg[291],FDRE,SLICE_X28Y238,SLICEL.BFF,1'b0
u_dut/o0_r_reg[292],FDRE,SLICE_X29Y240,SLICEL.AFF,1'b0
u_dut/o0_r_reg[293],FDRE,SLICE_X28Y237,SLICEL.CFF,1'b0
u_dut/o0_r_reg[294],FDRE,SLICE_X29Y233,SLICEL.BFF,1'b0
u_dut/o0_r_reg[295],FDRE,SLICE_X26Y238,SLICEL.CFF,1'b0
u_dut/o0_r_reg[296],FDRE,SLICE_X31Y235,SLICEL.AFF,1'b0
u_dut/o0_r_reg[297],FDRE,SLICE_X26Y238,SLICEL.DFF,1'b0
u_dut/o0_r_reg[298],FDRE,SLICE_X24Y236,SLICEL.AFF,1'b0
u_dut/o0_r_reg[299],FDRE,SLICE_X34Y238,SLICEL.AFF,1'b0
u_dut/o0_r_reg[29],FDRE,SLICE_X15Y228,SLICEL.BFF,1'b0
u_dut/o0_r_reg[2],FDRE,SLICE_X13Y224,SLICEL.AFF,1'b0
u_dut/o0_r_reg[300],FDRE,SLICE_X34Y237,SLICEL.AFF,1'b0
u_dut/o0_r_reg[301],FDRE,SLICE_X32Y238,SLICEL.CFF,1'b0
u_dut/o0_r_reg[302],FDRE,SLICE_X32Y231,SLICEL.AFF,1'b0
u_dut/o0_r_reg[303],FDRE,SLICE_X32Y232,SLICEL.AFF,1'b0
u_dut/o0_r_reg[304],FDRE,SLICE_X26Y231,SLICEL.BFF,1'b0
u_dut/o0_r_reg[305],FDRE,SLICE_X26Y232,SLICEL.AFF,1'b0
u_dut/o0_r_reg[306],FDRE,SLICE_X32Y231,SLICEL.BFF,1'b0
u_dut/o0_r_reg[307],FDRE,SLICE_X31Y234,SLICEL.BFF,1'b0
u_dut/o0_r_reg[308],FDRE,SLICE_X26Y232,SLICEL.BFF,1'b0
u_dut/o0_r_reg[309],FDRE,SLICE_X34Y237,SLICEL.BFF,1'b0
u_dut/o0_r_reg[30],FDRE,SLICE_X12Y223,SLICEM.CFF,1'b0
u_dut/o0_r_reg[310],FDRE,SLICE_X34Y237,SLICEL.CFF,1'b0
u_dut/o0_r_reg[311],FDRE,SLICE_X29Y238,SLICEL.AFF,1'b0
u_dut/o0_r_reg[312],FDRE,SLICE_X32Y237,SLICEL.BFF,1'b0
u_dut/o0_r_reg[313],FDRE,SLICE_X32Y230,SLICEL.BFF,1'b0
u_dut/o0_r_reg[314],FDRE,SLICE_X31Y236,SLICEL.AFF,1'b0
u_dut/o0_r_reg[315],FDRE,SLICE_X31Y237,SLICEL.CFF,1'b0
u_dut/o0_r_reg[316],FDRE,SLICE_X30Y232,SLICEL.CFF,1'b0
u_dut/o0_r_reg[317],FDRE,SLICE_X31Y238,SLICEL.AFF,1'b0
u_dut/o0_r_reg[318],FDRE,SLICE_X23Y238,SLICEL.AFF,1'b0
u_dut/o0_r_reg[319],FDRE,SLICE_X29Y238,SLICEL.BFF,1'b0
u_dut/o0_r_reg[31],FDRE,SLICE_X12Y227,SLICEM.BFF,1'b0
u_dut/o0_r_reg[320],FDRE,SLICE_X24Y236,SLICEL.BFF,1'b0
u_dut/o0_r_reg[321],FDRE,SLICE_X31Y235,SLICEL.BFF,1'b0
u_dut/o0_r_reg[322],FDRE,SLICE_X27Y235,SLICEL.AFF,1'b0
u_dut/o0_r_reg[323],FDRE,SLICE_X34Y234,SLICEL.AFF,1'b0
u_dut/o0_r_reg[324],FDRE,SLICE_X32Y235,SLICEL.BFF,1'b0
u_dut/o0_r_reg[325],FDRE,SLICE_X25Y230,SLICEL.BFF,1'b0
u_dut/o0_r_reg[326],FDRE,SLICE_X32Y231,SLICEL.CFF,1'b0
u_dut/o0_r_reg[327],FDRE,SLICE_X31Y237,SLICEL.DFF,1'b0
u_dut/o0_r_reg[328],FDRE,SLICE_X32Y233,SLICEL.BFF,1'b0
u_dut/o0_r_reg[329],FDRE,SLICE_X32Y234,SLICEL.DFF,1'b0
u_dut/o0_r_reg[32],FDRE,SLICE_X7Y227,SLICEL.AFF,1'b0
u_dut/o0_r_reg[330],FDRE,SLICE_X32Y237,SLICEL.CFF,1'b0
u_dut/o0_r_reg[331],FDRE,SLICE_X28Y233,SLICEL.BFF,1'b0
u_dut/o0_r_reg[332],FDRE,SLICE_X28Y234,SLICEL.BFF,1'b0
u_dut/o0_r_reg[333],FDRE,SLICE_X30Y234,SLICEL.CFF,1'b0
u_dut/o0_r_reg[334],FDRE,SLICE_X29Y233,SLICEL.CFF,1'b0
u_dut/o0_r_reg[335],FDRE,SLICE_X33Y234,SLICEL.AFF,1'b0
u_dut/o0_r_reg[336],FDRE,SLICE_X30Y233,SLICEL.CFF,1'b0
u_dut/o0_r_reg[337],FDRE,SLICE_X22Y222,SLICEM.AFF,1'b0
u_dut/o0_r_reg[338],FDRE,SLICE_X32Y232,SLICEL.BFF,1'b0
u_dut/o0_r_reg[339],FDRE,SLICE_X28Y232,SLICEL.CFF,1'b0
u_dut/o0_r_reg[33],FDRE,SLICE_X20Y227,SLICEM.BFF,1'b0
u_dut/o0_r_reg[340],FDRE,SLICE_X30Y232,SLICEL.DFF,1'b0
u_dut/o0_r_reg[341],FDRE,SLICE_X24Y234,SLICEL.CFF,1'b0
u_dut/o0_r_reg[342],FDRE,SLICE_X28Y234,SLICEL.CFF,1'b0
u_dut/o0_r_reg[343],FDRE,SLICE_X31Y234,SLICEL.CFF,1'b0
u_dut/o0_r_reg[344],FDRE,SLICE_X36Y235,SLICEL.AFF,1'b0
u_dut/o0_r_reg[345],FDRE,SLICE_X31Y235,SLICEL.CFF,1'b0
u_dut/o0_r_reg[346],FDRE,SLICE_X33Y229,SLICEL.AFF,1'b0
u_dut/o0_r_reg[347],FDRE,SLICE_X32Y235,SLICEL.CFF,1'b0
u_dut/o0_r_reg[348],FDRE,SLICE_X26Y235,SLICEL.CFF,1'b0
u_dut/o0_r_reg[349],FDRE,SLICE_X35Y234,SLICEL.AFF,1'b0
u_dut/o0_r_reg[34],FDRE,SLICE_X17Y225,SLICEL.AFF,1'b0
u_dut/o0_r_reg[350],FDRE,SLICE_X28Y235,SLICEL.BFF,1'b0
u_dut/o0_r_reg[351],FDRE,SLICE_X32Y238,SLICEL.DFF,1'b0
u_dut/o0_r_reg[352],FDRE,SLICE_X31Y234,SLICEL.DFF,1'b0
u_dut/o0_r_reg[353],FDRE,SLICE_X22Y233,SLICEM.AFF,1'b0
u_dut/o0_r_reg[354],FDRE,SLICE_X31Y236,SLICEL.BFF,1'b0
u_dut/o0_r_reg[355],FDRE,SLICE_X32Y235,SLICEL.DFF,1'b0
u_dut/o0_r_reg[356],FDRE,SLICE_X32Y232,SLICEL.CFF,1'b0
u_dut/o0_r_reg[357],FDRE,SLICE_X26Y231,SLICEL.CFF,1'b0
u_dut/o0_r_reg[358],FDRE,SLICE_X31Y233,SLICEL.AFF,1'b0
u_dut/o0_r_reg[359],FDRE,SLICE_X24Y236,SLICEL.CFF,1'b0
u_dut/o0_r_reg[35],FDRE,SLICE_X14Y227,SLICEM.BFF,1'b0
u_dut/o0_r_reg[360],FDRE,SLICE_X32Y232,SLICEL.DFF,1'b0
u_dut/o0_r_reg[361],FDRE,SLICE_X31Y233,SLICEL.BFF,1'b0
u_dut/o0_r_reg[362],FDRE,SLICE_X26Y232,SLICEL.CFF,1'b0
u_dut/o0_r_reg[363],FDRE,SLICE_X24Y234,SLICEL.DFF,1'b0
u_dut/o0_r_reg[364],FDRE,SLICE_X35Y235,SLICEL.AFF,1'b0
u_dut/o0_r_reg[365],FDRE,SLICE_X28Y233,SLICEL.CFF,1'b0
u_dut/o0_r_reg[366],FDRE,SLICE_X28Y234,SLICEL.DFF,1'b0
u_dut/o0_r_reg[367],FDRE,SLICE_X28Y231,SLICEL.AFF,1'b0
u_dut/o0_r_reg[368],FDRE,SLICE_X30Y235,SLICEL.DFF,1'b0
u_dut/o0_r_reg[369],FDRE,SLICE_X31Y233,SLICEL.CFF,1'b0
u_dut/o0_r_reg[36],FDRE,SLICE_X20Y225,SLICEM.AFF,1'b0
u_dut/o0_r_reg[370],FDRE,SLICE_X27Y235,SLICEL.BFF,1'b0
u_dut/o0_r_reg[371],FDRE,SLICE_X32Y233,SLICEL.CFF,1'b0
u_dut/o0_r_reg[372],FDRE,SLICE_X25Y235,SLICEL.CFF,1'b0
u_dut/o0_r_reg[373],FDRE,SLICE_X34Y235,SLICEL.AFF,1'b0
u_dut/o0_r_reg[374],FDRE,SLICE_X24Y222,SLICEL.AFF,1'b0
u_dut/o0_r_reg[375],FDRE,SLICE_X34Y236,SLICEL.AFF,1'b0
u_dut/o0_r_reg[376],FDRE,SLICE_X31Y236,SLICEL.CFF,1'b0
u_dut/o0_r_reg[377],FDRE,SLICE_X27Y235,SLICEL.CFF,1'b0
u_dut/o0_r_reg[378],FDRE,SLICE_X29Y238,SLICEL.CFF,1'b0
u_dut/o0_r_reg[379],FDRE,SLICE_X28Y235,SLICEL.CFF,1'b0
u_dut/o0_r_reg[37],FDRE,SLICE_X10Y227,SLICEM.CFF,1'b0
u_dut/o0_r_reg[380],FDRE,SLICE_X28Y233,SLICEL.DFF,1'b0
u_dut/o0_r_reg[381],FDRE,SLICE_X26Y235,SLICEL.DFF,1'b0
u_dut/o0_r_reg[382],FDRE,SLICE_X26Y234,SLICEL.DFF,1'b0
u_dut/o0_r_reg[383],FDRE,SLICE_X29Y233,SLICEL.DFF,1'b0
u_dut/o0_r_reg[384],FDRE,SLICE_X26Y232,SLICEL.DFF,1'b0
u_dut/o0_r_reg[385],FDRE,SLICE_X28Y235,SLICEL.DFF,1'b0
u_dut/o0_r_reg[386],FDRE,SLICE_X28Y231,SLICEL.BFF,1'b0
u_dut/o0_r_reg[387],FDRE,SLICE_X32Y233,SLICEL.DFF,1'b0
u_dut/o0_r_reg[388],FDRE,SLICE_X33Y233,SLICEL.AFF,1'b0
u_dut/o0_r_reg[389],FDRE,SLICE_X34Y233,SLICEL.AFF,1'b0
u_dut/o0_r_reg[38],FDRE,SLICE_X16Y228,SLICEM.BFF,1'b0
u_dut/o0_r_reg[390],FDRE,SLICE_X33Y241,SLICEL.AFF,1'b0
u_dut/o0_r_reg[391],FDRE,SLICE_X31Y233,SLICEL.DFF,1'b0
u_dut/o0_r_reg[392],FDRE,SLICE_X24Y235,SLICEL.CFF,1'b0
u_dut/o0_r_reg[393],FDRE,SLICE_X30Y234,SLICEL.DFF,1'b0
u_dut/o0_r_reg[394],FDRE,SLICE_X35Y236,SLICEL.AFF,1'b0
u_dut/o0_r_reg[395],FDRE,SLICE_X31Y236,SLICEL.DFF,1'b0
u_dut/o0_r_reg[396],FDRE,SLICE_X30Y233,SLICEL.DFF,1'b0
u_dut/o0_r_reg[397],FDRE,SLICE_X27Y235,SLICEL.DFF,1'b0
u_dut/o0_r_reg[398],FDRE,SLICE_X26Y231,SLICEL.DFF,1'b0
u_dut/o0_r_reg[399],FDRE,SLICE_X35Y235,SLICEL.BFF,1'b0
u_dut/o0_r_reg[39],FDRE,SLICE_X10Y228,SLICEM.CFF,1'b0
u_dut/o0_r_reg[3],FDRE,SLICE_X10Y226,SLICEM.AFF,1'b0
u_dut/o0_r_reg[400],FDRE,SLICE_X23Y223,SLICEL.AFF,1'b0
u_dut/o0_r_reg[401],FDRE,SLICE_X24Y225,SLICEL.BFF,1'b0
u_dut/o0_r_reg[402],FDRE,SLICE_X28Y227,SLICEL.AFF,1'b0
u_dut/o0_r_reg[403],FDRE,SLICE_X24Y223,SLICEL.AFF,1'b0
u_dut/o0_r_reg[404],FDRE,SLICE_X34Y224,SLICEL.AFF,1'b0
u_dut/o0_r_reg[405],FDRE,SLICE_X26Y225,SLICEL.AFF,1'b0
u_dut/o0_r_reg[406],FDRE,SLICE_X27Y225,SLICEL.AFF,1'b0
u_dut/o0_r_reg[407],FDRE,SLICE_X24Y223,SLICEL.BFF,1'b0
u_dut/o0_r_reg[408],FDRE,SLICE_X26Y224,SLICEL.AFF,1'b0
u_dut/o0_r_reg[409],FDRE,SLICE_X24Y220,SLICEL.AFF,1'b0
u_dut/o0_r_reg[40],FDRE,SLICE_X19Y226,SLICEL.CFF,1'b0
u_dut/o0_r_reg[410],FDRE,SLICE_X24Y223,SLICEL.CFF,1'b0
u_dut/o0_r_reg[411],FDRE,SLICE_X23Y223,SLICEL.BFF,1'b0
u_dut/o0_r_reg[412],FDRE,SLICE_X27Y224,SLICEL.AFF,1'b0
u_dut/o0_r_reg[413],FDRE,SLICE_X27Y222,SLICEL.AFF,1'b0
u_dut/o0_r_reg[414],FDRE,SLICE_X17Y235,SLICEL.AFF,1'b0
u_dut/o0_r_reg[415],FDRE,SLICE_X21Y227,SLICEL.BFF,1'b0
u_dut/o0_r_reg[416],FDRE,SLICE_X27Y225,SLICEL.BFF,1'b0
u_dut/o0_r_reg[417],FDRE,SLICE_X23Y224,SLICEL.AFF,1'b0
u_dut/o0_r_reg[418],FDRE,SLICE_X31Y225,SLICEL.AFF,1'b0
u_dut/o0_r_reg[419],FDRE,SLICE_X31Y227,SLICEL.AFF,1'b0
u_dut/o0_r_reg[41],FDRE,SLICE_X10Y230,SLICEM.BFF,1'b0
u_dut/o0_r_reg[420],FDRE,SLICE_X21Y223,SLICEL.AFF,1'b0
u_dut/o0_r_reg[421],FDRE,SLICE_X32Y224,SLICEL.AFF,1'b0
u_dut/o0_r_reg[422],FDRE,SLICE_X24Y223,SLICEL.DFF,1'b0
u_dut/o0_r_reg[423],FDRE,SLICE_X34Y223,SLICEL.AFF,1'b0
u_dut/o0_r_reg[424],FDRE,SLICE_X21Y227,SLICEL.CFF,1'b0
u_dut/o0_r_reg[425],FDRE,SLICE_X29Y229,SLICEL.AFF,1'b0
u_dut/o0_r_reg[426],FDRE,SLICE_X32Y227,SLICEL.AFF,1'b0
u_dut/o0_r_reg[427],FDRE,SLICE_X28Y226,SLICEL.AFF,1'b0
u_dut/o0_r_reg[428],FDRE,SLICE_X22Y224,SLICEM.AFF,1'b0
u_dut/o0_r_reg[429],FDRE,SLICE_X30Y227,SLICEL.AFF,1'b0
u_dut/o0_r_reg[42],FDRE,SLICE_X15Y227,SLICEL.DFF,1'b0
u_dut/o0_r_reg[430],FDRE,SLICE_X28Y226,SLICEL.BFF,1'b0
u_dut/o0_r_reg[431],FDRE,SLICE_X22Y225,SLICEM.BFF,1'b0
u_dut/o0_r_reg[432],FDRE,SLICE_X26Y226,SLICEL.BFF,1'b0
u_dut/o0_r_reg[433],FDRE,SLICE_X35Y226,SLICEL.AFF,1'b0
u_dut/o0_r_reg[434],FDRE,SLICE_X24Y225,SLICEL.CFF,1'b0
u_dut/o0_r_reg[435],FDRE,SLICE_X30Y229,SLICEL.AFF,1'b0
u_dut/o0_r_reg[436],FDRE,SLICE_X32Y227,SLICEL.BFF,1'b0
u_dut/o0_r_reg[437],FDRE,SLICE_X28Y228,SLICEL.AFF,1'b0
u_dut/o0_r_reg[438],FDRE,SLICE_X31Y227,SLICEL.BFF,1'b0
u_dut/o0_r_reg[439],FDRE,SLICE_X23Y222,SLICEL.AFF,1'b0
u_dut/o0_r_reg[43],FDRE,SLICE_X18Y226,SLICEM.BFF,1'b0
u_dut/o0_r_reg[440],FDRE,SLICE_X28Y227,SLICEL.BFF,1'b0
u_dut/o0_r_reg[441],FDRE,SLICE_X29Y227,SLICEL.AFF,1'b0
u_dut/o0_r_reg[442],FDRE,SLICE_X26Y226,SLICEL.CFF,1'b0
u_dut/o0_r_reg[443],FDRE,SLICE_X30Y223,SLICEL.AFF,1'b0
u_dut/o0_r_reg[444],FDRE,SLICE_X30Y227,SLICEL.BFF,1'b0
u_dut/o0_r_reg[445],FDRE,SLICE_X23Y223,SLICEL.CFF,1'b0
u_dut/o0_r_reg[446],FDRE,SLICE_X30Y227,SLICEL.CFF,1'b0
u_dut/o0_r_reg[447],FDRE,SLICE_X25Y227,SLICEL.AFF,1'b0
u_dut/o0_r_reg[448],FDRE,SLICE_X28Y224,SLICEL.AFF,1'b0
u_dut/o0_r_reg[449],FDRE,SLICE_X30Y224,SLICEL.AFF,1'b0
u_dut/o0_r_reg[44],FDRE,SLICE_X15Y228,SLICEL.CFF,1'b0
u_dut/o0_r_reg[450],FDRE,SLICE_X27Y225,SLICEL.CFF,1'b0
u_dut/o0_r_reg[451],FDRE,SLICE_X33Y229,SLICEL.BFF,1'b0
u_dut/o0_r_reg[452],FDRE,SLICE_X31Y224,SLICEL.AFF,1'b0
u_dut/o0_r_reg[453],FDRE,SLICE_X26Y225,SLICEL.BFF,1'b0
u_dut/o0_r_reg[454],FDRE,SLICE_X28Y222,SLICEL.AFF,1'b0
u_dut/o0_r_reg[455],FDRE,SLICE_X29Y232,SLICEL.DFF,1'b0
u_dut/o0_r_reg[456],FDRE,SLICE_X23Y222,SLICEL.BFF,1'b0
u_dut/o0_r_reg[457],FDRE,SLICE_X29Y221,SLICEL.AFF,1'b0
u_dut/o0_r_reg[458],FDRE,SLICE_X27Y222,SLICEL.BFF,1'b0
u_dut/o0_r_reg[459],FDRE,SLICE_X18Y224,SLICEM.BFF,1'b0
u_dut/o0_r_reg[45],FDRE,SLICE_X20Y226,SLICEM.BFF,1'b0
u_dut/o0_r_reg[460],FDRE,SLICE_X32Y224,SLICEL.BFF,1'b0
u_dut/o0_r_reg[461],FDRE,SLICE_X28Y226,SLICEL.CFF,1'b0
u_dut/o0_r_reg[462],FDRE,SLICE_X35Y223,SLICEL.AFF,1'b0
u_dut/o0_r_reg[463],FDRE,SLICE_X28Y223,SLICEL.AFF,1'b0
u_dut/o0_r_reg[464],FDRE,SLICE_X30Y230,SLICEL.CFF,1'b0
u_dut/o0_r_reg[465],FDRE,SLICE_X26Y223,SLICEL.AFF,1'b0
u_dut/o0_r_reg[466],FDRE,SLICE_X31Y225,SLICEL.BFF,1'b0
u_dut/o0_r_reg[467],FDRE,SLICE_X23Y222,SLICEL.CFF,1'b0
u_dut/o0_r_reg[468],FDRE,SLICE_X31Y226,SLICEL.AFF,1'b0
u_dut/o0_r_reg[469],FDRE,SLICE_X32Y227,SLICEL.CFF,1'b0
u_dut/o0_r_reg[46],FDRE,SLICE_X19Y226,SLICEL.DFF,1'b0
u_dut/o0_r_reg[470],FDRE,SLICE_X27Y226,SLICEL.AFF,1'b0
u_dut/o0_r_reg[471],FDRE,SLICE_X28Y225,SLICEL.AFF,1'b0
u_dut/o0_r_reg[472],FDRE,SLICE_X23Y225,SLICEL.AFF,1'b0
u_dut/o0_r_reg[473],FDRE,SLICE_X18Y225,SLICEM.BFF,1'b0
u_dut/o0_r_reg[474],FDRE,SLICE_X25Y225,SLICEL.AFF,1'b0
u_dut/o0_r_reg[475],FDRE,SLICE_X24Y226,SLICEL.AFF,1'b0
u_dut/o0_r_reg[476],FDRE,SLICE_X24Y226,SLICEL.BFF,1'b0
u_dut/o0_r_reg[477],FDRE,SLICE_X20Y219,SLICEM.AFF,1'b0
u_dut/o0_r_reg[478],FDRE,SLICE_X26Y226,SLICEL.DFF,1'b0
u_dut/o0_r_reg[479],FDRE,SLICE_X34Y225,SLICEL.AFF,1'b0
u_dut/o0_r_reg[47],FDRE,SLICE_X18Y226,SLICEM.CFF,1'b0
u_dut/o0_r_reg[480],FDRE,SLICE_X31Y225,SLICEL.CFF,1'b0
u_dut/o0_r_reg[481],FDRE,SLICE_X34Y225,SLICEL.BFF,1'b0
u_dut/o0_r_reg[482],FDRE,SLICE_X29Y225,SLICEL.AFF,1'b0
u_dut/o0_r_reg[483],FDRE,SLICE_X29Y229,SLICEL.BFF,1'b0
u_dut/o0_r_reg[484],FDRE,SLICE_X29Y222,SLICEL.AFF,1'b0
u_dut/o0_r_reg[485],FDRE,SLICE_X18Y225,SLICEM.CFF,1'b0
u_dut/o0_r_reg[486],FDRE,SLICE_X29Y225,SLICEL.BFF,1'b0
u_dut/o0_r_reg[487],FDRE,SLICE_X29Y225,SLICEL.CFF,1'b0
u_dut/o0_r_reg[488],FDRE,SLICE_X32Y229,SLICEL.AFF,1'b0
u_dut/o0_r_reg[489],FDRE,SLICE_X30Y226,SLICEL.AFF,1'b0
u_dut/o0_r_reg[48],FDRE,SLICE_X16Y230,SLICEM.CFF,1'b0
u_dut/o0_r_reg[490],FDRE,SLICE_X33Y222,SLICEL.AFF,1'b0
u_dut/o0_r_reg[491],FDRE,SLICE_X21Y227,SLICEL.DFF,1'b0
u_dut/o0_r_reg[492],FDRE,SLICE_X32Y226,SLICEL.AFF,1'b0
u_dut/o0_r_reg[493],FDRE,SLICE_X27Y226,SLICEL.BFF,1'b0
u_dut/o0_r_reg[494],FDRE,SLICE_X23Y225,SLICEL.BFF,1'b0
u_dut/o0_r_reg[495],FDRE,SLICE_X28Y226,SLICEL.DFF,1'b0
u_dut/o0_r_reg[496],FDRE,SLICE_X24Y221,SLICEL.AFF,1'b0
u_dut/o0_r_reg[497],FDRE,SLICE_X15Y223,SLICEL.AFF,1'b0
u_dut/o0_r_reg[498],FDRE,SLICE_X24Y230,SLICEL.CFF,1'b0
u_dut/o0_r_reg[499],FDRE,SLICE_X24Y230,SLICEL.DFF,1'b0
u_dut/o0_r_reg[49],FDRE,SLICE_X13Y224,SLICEL.CFF,1'b0
u_dut/o0_r_reg[4],FDRE,SLICE_X13Y224,SLICEL.BFF,1'b0
u_dut/o0_r_reg[500],FDRE,SLICE_X24Y222,SLICEL.BFF,1'b0
u_dut/o0_r_reg[501],FDRE,SLICE_X17Y222,SLICEL.AFF,1'b0
u_dut/o0_r_reg[502],FDRE,SLICE_X18Y223,SLICEM.AFF,1'b0
u_dut/o0_r_reg[503],FDRE,SLICE_X27Y229,SLICEL.AFF,1'b0
u_dut/o0_r_reg[504],FDRE,SLICE_X22Y222,SLICEM.BFF,1'b0
u_dut/o0_r_reg[505],FDRE,SLICE_X20Y232,SLICEM.BFF,1'b0
u_dut/o0_r_reg[506],FDRE,SLICE_X29Y222,SLICEL.BFF,1'b0
u_dut/o0_r_reg[507],FDRE,SLICE_X30Y221,SLICEL.AFF,1'b0
u_dut/o0_r_reg[508],FDRE,SLICE_X23Y223,SLICEL.DFF,1'b0
u_dut/o0_r_reg[509],FDRE,SLICE_X28Y228,SLICEL.BFF,1'b0
u_dut/o0_r_reg[50],FDRE,SLICE_X13Y226,SLICEL.BFF,1'b0
u_dut/o0_r_reg[510],FDRE,SLICE_X28Y225,SLICEL.BFF,1'b0
u_dut/o0_r_reg[511],FDRE,SLICE_X22Y224,SLICEM.BFF,1'b0
u_dut/o0_r_reg[512],FDRE,SLICE_X26Y222,SLICEL.AFF,1'b0
u_dut/o0_r_reg[513],FDRE,SLICE_X28Y224,SLICEL.BFF,1'b0
u_dut/o0_r_reg[514],FDRE,SLICE_X22Y229,SLICEM.AFF,1'b0
u_dut/o0_r_reg[515],FDRE,SLICE_X27Y229,SLICEL.BFF,1'b0
u_dut/o0_r_reg[516],FDRE,SLICE_X26Y229,SLICEL.AFF,1'b0
u_dut/o0_r_reg[517],FDRE,SLICE_X30Y227,SLICEL.DFF,1'b0
u_dut/o0_r_reg[518],FDRE,SLICE_X30Y223,SLICEL.BFF,1'b0
u_dut/o0_r_reg[519],FDRE,SLICE_X22Y230,SLICEM.BFF,1'b0
u_dut/o0_r_reg[51],FDRE,SLICE_X17Y228,SLICEL.CFF,1'b0
u_dut/o0_r_reg[520],FDRE,SLICE_X27Y222,SLICEL.CFF,1'b0
u_dut/o0_r_reg[521],FDRE,SLICE_X27Y227,SLICEL.AFF,1'b0
u_dut/o0_r_reg[522],FDRE,SLICE_X18Y225,SLICEM.DFF,1'b0
u_dut/o0_r_reg[523],FDRE,SLICE_X21Y223,SLICEL.BFF,1'b0
u_dut/o0_r_reg[524],FDRE,SLICE_X27Y226,SLICEL.CFF,1'b0
u_dut/o0_r_reg[525],FDRE,SLICE_X26Y224,SLICEL.BFF,1'b0
u_dut/o0_r_reg[526],FDRE,SLICE_X31Y227,SLICEL.CFF,1'b0
u_dut/o0_r_reg[527],FDRE,SLICE_X31Y226,SLICEL.BFF,1'b0
u_dut/o0_r_reg[528],FDRE,SLICE_X30Y224,SLICEL.BFF,1'b0
u_dut/o0_r_reg[529],FDRE,SLICE_X24Y226,SLICEL.CFF,1'b0
u_dut/o0_r_reg[52],FDRE,SLICE_X18Y226,SLICEM.DFF,1'b0
u_dut/o0_r_reg[530],FDRE,SLICE_X17Y225,SLICEL.BFF,1'b0
u_dut/o0_r_reg[531],FDRE,SLICE_X26Y223,SLICEL.BFF,1'b0
u_dut/o0_r_reg[532],FDRE,SLICE_X29Y223,SLICEL.AFF,1'b0
u_dut/o0_r_reg[533],FDRE,SLICE_X16Y222,SLICEM.AFF,1'b0
u_dut/o0_r_reg[534],FDRE,SLICE_X26Y224,SLICEL.CFF,1'b0
u_dut/o0_r_reg[535],FDRE,SLICE_X14Y223,SLICEM.BFF,1'b0
u_dut/o0_r_reg[536],FDRE,SLICE_X22Y220,SLICEM.AFF,1'b0
u_dut/o0_r_reg[537],FDRE,SLICE_X22Y222,SLICEM.CFF,1'b0
u_dut/o0_r_reg[538],FDRE,SLICE_X29Y229,SLICEL.CFF,1'b0
u_dut/o0_r_reg[539],FDRE,SLICE_X20Y223,SLICEM.AFF,1'b0
u_dut/o0_r_reg[53],FDRE,SLICE_X9Y226,SLICEL.AFF,1'b0
u_dut/o0_r_reg[540],FDRE,SLICE_X25Y227,SLICEL.BFF,1'b0
u_dut/o0_r_reg[541],FDRE,SLICE_X29Y224,SLICEL.AFF,1'b0
u_dut/o0_r_reg[542],FDRE,SLICE_X27Y227,SLICEL.BFF,1'b0
u_dut/o0_r_reg[543],FDRE,SLICE_X28Y224,SLICEL.CFF,1'b0
u_dut/o0_r_reg[544],FDRE,SLICE_X31Y226,SLICEL.CFF,1'b0
u_dut/o0_r_reg[545],FDRE,SLICE_X31Y226,SLICEL.DFF,1'b0
u_dut/o0_r_reg[546],FDRE,SLICE_X30Y221,SLICEL.BFF,1'b0
u_dut/o0_r_reg[547],FDRE,SLICE_X29Y222,SLICEL.CFF,1'b0
u_dut/o0_r_reg[548],FDRE,SLICE_X30Y221,SLICEL.CFF,1'b0
u_dut/o0_r_reg[549],FDRE,SLICE_X28Y228,SLICEL.CFF,1'b0
u_dut/o0_r_reg[54],FDRE,SLICE_X17Y227,SLICEL.AFF,1'b0
u_dut/o0_r_reg[550],FDRE,SLICE_X32Y224,SLICEL.CFF,1'b0
u_dut/o0_r_reg[551],FDRE,SLICE_X29Y225,SLICEL.DFF,1'b0
u_dut/o0_r_reg[552],FDRE,SLICE_X27Y225,SLICEL.DFF,1'b0
u_dut/o0_r_reg[553],FDRE,SLICE_X20Y218,SLICEM.AFF,1'b0
u_dut/o0_r_reg[554],FDRE,SLICE_X26Y223,SLICEL.CFF,1'b0
u_dut/o0_r_reg[555],FDRE,SLICE_X32Y225,SLICEL.AFF,1'b0
u_dut/o0_r_reg[556],FDRE,SLICE_X18Y221,SLICEM.AFF,1'b0
u_dut/o0_r_reg[557],FDRE,SLICE_X31Y225,SLICEL.DFF,1'b0
u_dut/o0_r_reg[558],FDRE,SLICE_X21Y223,SLICEL.CFF,1'b0
u_dut/o0_r_reg[559],FDRE,SLICE_X32Y221,SLICEL.AFF,1'b0
u_dut/o0_r_reg[55],FDRE,SLICE_X21Y228,SLICEL.BFF,1'b0
u_dut/o0_r_reg[560],FDRE,SLICE_X29Y227,SLICEL.BFF,1'b0
u_dut/o0_r_reg[561],FDRE,SLICE_X27Y222,SLICEL.DFF,1'b0
u_dut/o0_r_reg[562],FDRE,SLICE_X30Y226,SLICEL.BFF,1'b0
u_dut/o0_r_reg[563],FDRE,SLICE_X33Y223,SLICEL.AFF,1'b0
u_dut/o0_r_reg[564],FDRE,SLICE_X23Y222,SLICEL.DFF,1'b0
u_dut/o0_r_reg[565],FDRE,SLICE_X30Y224,SLICEL.CFF,1'b0
u_dut/o0_r_reg[566],FDRE,SLICE_X34Y225,SLICEL.CFF,1'b0
u_dut/o0_r_reg[567],FDRE,SLICE_X20Y223,SLICEM.BFF,1'b0
u_dut/o0_r_reg[568],FDRE,SLICE_X30Y229,SLICEL.BFF,1'b0
u_dut/o0_r_reg[569],FDRE,SLICE_X30Y228,SLICEL.AFF,1'b0
u_dut/o0_r_reg[56],FDRE,SLICE_X17Y228,SLICEL.DFF,1'b0
u_dut/o0_r_reg[570],FDRE,SLICE_X22Y224,SLICEM.CFF,1'b0
u_dut/o0_r_reg[571],FDRE,SLICE_X22Y229,SLICEM.BFF,1'b0
u_dut/o0_r_reg[572],FDRE,SLICE_X29Y227,SLICEL.CFF,1'b0
u_dut/o0_r_reg[573],FDRE,SLICE_X30Y226,SLICEL.CFF,1'b0
u_dut/o0_r_reg[574],FDRE,SLICE_X32Y224,SLICEL.DFF,1'b0
u_dut/o0_r_reg[575],FDRE,SLICE_X28Y224,SLICEL.DFF,1'b0
u_dut/o0_r_reg[576],FDRE,SLICE_X30Y224,SLICEL.DFF,1'b0
u_dut/o0_r_reg[577],FDRE,SLICE_X28Y225,SLICEL.CFF,1'b0
u_dut/o0_r_reg[578],FDRE,SLICE_X23Y225,SLICEL.CFF,1'b0
u_dut/o0_r_reg[579],FDRE,SLICE_X33Y224,SLICEL.AFF,1'b0
u_dut/o0_r_reg[57],FDRE,SLICE_X17Y226,SLICEL.AFF,1'b0
u_dut/o0_r_reg[580],FDRE,SLICE_X31Y222,SLICEL.AFF,1'b0
u_dut/o0_r_reg[581],FDRE,SLICE_X32Y222,SLICEL.AFF,1'b0
u_dut/o0_r_reg[582],FDRE,SLICE_X14Y223,SLICEM.CFF,1'b0
u_dut/o0_r_reg[583],FDRE,SLICE_X26Y222,SLICEL.BFF,1'b0
u_dut/o0_r_reg[584],FDRE,SLICE_X29Y222,SLICEL.DFF,1'b0
u_dut/o0_r_reg[585],FDRE,SLICE_X30Y222,SLICEL.AFF,1'b0
u_dut/o0_r_reg[586],FDRE,SLICE_X22Y224,SLICEM.DFF,1'b0
u_dut/o0_r_reg[587],FDRE,SLICE_X23Y224,SLICEL.BFF,1'b0
u_dut/o0_r_reg[588],FDRE,SLICE_X27Y227,SLICEL.CFF,1'b0
u_dut/o0_r_reg[589],FDRE,SLICE_X26Y223,SLICEL.DFF,1'b0
u_dut/o0_r_reg[58],FDRE,SLICE_X28Y238,SLICEL.CFF,1'b0
u_dut/o0_r_reg[590],FDRE,SLICE_X18Y223,SLICEM.BFF,1'b0
u_dut/o0_r_reg[591],FDRE,SLICE_X27Y223,SLICEL.AFF,1'b0
u_dut/o0_r_reg[592],FDRE,SLICE_X30Y229,SLICEL.CFF,1'b0
u_dut/o0_r_reg[593],FDRE,SLICE_X17Y225,SLICEL.CFF,1'b0
u_dut/o0_r_reg[594],FDRE,SLICE_X31Y227,SLICEL.DFF,1'b0
u_dut/o0_r_reg[595],FDRE,SLICE_X26Y225,SLICEL.CFF,1'b0
u_dut/o0_r_reg[596],FDRE,SLICE_X26Y225,SLICEL.DFF,1'b0
u_dut/o0_r_reg[597],FDRE,SLICE_X30Y225,SLICEL.AFF,1'b0
u_dut/o0_r_reg[598],FDRE,SLICE_X30Y229,SLICEL.DFF,1'b0
u_dut/o0_r_reg[599],FDRE,SLICE_X28Y225,SLICEL.DFF,1'b0
u_dut/o0_r_reg[59],FDRE,SLICE_X20Y230,SLICEM.BFF,1'b0
u_dut/o0_r_reg[5],FDRE,SLICE_X10Y229,SLICEM.AFF,1'b0
u_dut/o0_r_reg[600],FDRE,SLICE_X20Y239,SLICEM.AFF,1'b0
u_dut/o0_r_reg[601],FDRE,SLICE_X20Y241,SLICEM.AFF,1'b0
u_dut/o0_r_reg[602],FDRE,SLICE_X21Y239,SLICEL.AFF,1'b0
u_dut/o0_r_reg[603],FDRE,SLICE_X20Y240,SLICEM.AFF,1'b0
u_dut/o0_r_reg[604],FDRE,SLICE_X21Y241,SLICEL.AFF,1'b0
u_dut/o0_r_reg[605],FDRE,SLICE_X20Y235,SLICEM.BFF,1'b0
u_dut/o0_r_reg[606],FDRE,SLICE_X20Y239,SLICEM.BFF,1'b0
u_dut/o0_r_reg[607],FDRE,SLICE_X18Y234,SLICEM.AFF,1'b0
u_dut/o0_r_reg[608],FDRE,SLICE_X16Y241,SLICEM.AFF,1'b0
u_dut/o0_r_reg[609],FDRE,SLICE_X16Y238,SLICEM.AFF,1'b0
u_dut/o0_r_reg[60],FDRE,SLICE_X15Y223,SLICEL.BFF,1'b0
u_dut/o0_r_reg[610],FDRE,SLICE_X16Y237,SLICEM.AFF,1'b0
u_dut/o0_r_reg[611],FDRE,SLICE_X16Y242,SLICEM.AFF,1'b0
u_dut/o0_r_reg[612],FDRE,SLICE_X18Y239,SLICEM.AFF,1'b0
u_dut/o0_r_reg[613],FDRE,SLICE_X22Y240,SLICEM.AFF,1'b0
u_dut/o0_r_reg[614],FDRE,SLICE_X16Y239,SLICEM.AFF,1'b0
u_dut/o0_r_reg[615],FDRE,SLICE_X22Y222,SLICEM.DFF,1'b0
u_dut/o0_r_reg[616],FDRE,SLICE_X16Y238,SLICEM.BFF,1'b0
u_dut/o0_r_reg[617],FDRE,SLICE_X24Y239,SLICEL.BFF,1'b0
u_dut/o0_r_reg[618],FDRE,SLICE_X18Y237,SLICEM.AFF,1'b0
u_dut/o0_r_reg[619],FDRE,SLICE_X18Y234,SLICEM.BFF,1'b0
u_dut/o0_r_reg[61],FDRE,SLICE_X13Y226,SLICEL.CFF,1'b0
u_dut/o0_r_reg[620],FDRE,SLICE_X19Y235,SLICEL.AFF,1'b0
u_dut/o0_r_reg[621],FDRE,SLICE_X17Y235,SLICEL.BFF,1'b0
u_dut/o0_r_reg[622],FDRE,SLICE_X21Y237,SLICEL.AFF,1'b0
u_dut/o0_r_reg[623],FDRE,SLICE_X19Y235,SLICEL.BFF,1'b0
u_dut/o0_r_reg[624],FDRE,SLICE_X16Y242,SLICEM.BFF,1'b0
u_dut/o0_r_reg[625],FDRE,SLICE_X17Y235,SLICEL.CFF,1'b0
u_dut/o0_r_reg[626],FDRE,SLICE_X14Y243,SLICEM.AFF,1'b0
u_dut/o0_r_reg[627],FDRE,SLICE_X21Y238,SLICEL.CFF,1'b0
u_dut/o0_r_reg[628],FDRE,SLICE_X12Y240,SLICEM.AFF,1'b0
u_dut/o0_r_reg[629],FDRE,SLICE_X14Y242,SLICEM.AFF,1'b0
u_dut/o0_r_reg[62],FDRE,SLICE_X20Y226,SLICEM.CFF,1'b0
u_dut/o0_r_reg[630],FDRE,SLICE_X15Y239,SLICEL.AFF,1'b0
u_dut/o0_r_reg[631],FDRE,SLICE_X17Y239,SLICEL.AFF,1'b0
u_dut/o0_r_reg[632],FDRE,SLICE_X22Y241,SLICEM.AFF,1'b0
u_dut/o0_r_reg[633],FDRE,SLICE_X15Y238,SLICEL.AFF,1'b0
u_dut/o0_r_reg[634],FDRE,SLICE_X12Y240,SLICEM.BFF,1'b0
u_dut/o0_r_reg[635],FDRE,SLICE_X15Y235,SLICEL.AFF,1'b0
u_dut/o0_r_reg[636],FDRE,SLICE_X22Y240,SLICEM.BFF,1'b0
u_dut/o0_r_reg[637],FDRE,SLICE_X14Y240,SLICEM.AFF,1'b0
u_dut/o0_r_reg[638],FDRE,SLICE_X16Y242,SLICEM.CFF,1'b0
u_dut/o0_r_reg[639],FDRE,SLICE_X20Y239,SLICEM.CFF,1'b0
u_dut/o0_r_reg[63],FDRE,SLICE_X15Y226,SLICEL.AFF,1'b0
u_dut/o0_r_reg[640],FDRE,SLICE_X18Y232,SLICEM.BFF,1'b0
u_dut/o0_r_reg[641],FDRE,SLICE_X15Y242,SLICEL.AFF,1'b0
u_dut/o0_r_reg[642],FDRE,SLICE_X16Y242,SLICEM.DFF,1'b0
u_dut/o0_r_reg[643],FDRE,SLICE_X14Y240,SLICEM.BFF,1'b0
u_dut/o0_r_reg[644],FDRE,SLICE_X17Y239,SLICEL.BFF,1'b0
u_dut/o0_r_reg[645],FDRE,SLICE_X15Y236,SLICEL.AFF,1'b0
u_dut/o0_r_reg[646],FDRE,SLICE_X11Y234,SLICEL.AFF,1'b0
u_dut/o0_r_reg[647],FDRE,SLICE_X18Y243,SLICEM.AFF,1'b0
u_dut/o0_r_reg[648],FDRE,SLICE_X22Y237,SLICEM.AFF,1'b0
u_dut/o0_r_reg[649],FDRE,SLICE_X19Y238,SLICEL.AFF,1'b0
u_dut/o0_r_reg[64],FDRE,SLICE_X12Y224,SLICEM.DFF,1'b0
u_dut/o0_r_reg[650],FDRE,SLICE_X20Y240,SLICEM.BFF,1'b0
u_dut/o0_r_reg[651],FDRE,SLICE_X19Y240,SLICEL.AFF,1'b0
u_dut/o0_r_reg[652],FDRE,SLICE_X21Y240,SLICEL.AFF,1'b0
u_dut/o0_r_reg[653],FDRE,SLICE_X19Y240,SLICEL.BFF,1'b0
u_dut/o0_r_reg[654],FDRE,SLICE_X17Y239,SLICEL.CFF,1'b0
u_dut/o0_r_reg[655],FDRE,SLICE_X18Y239,SLICEM.BFF,1'b0
u_dut/o0_r_reg[656],FDRE,SLICE_X18Y240,SLICEM.AFF,1'b0
u_dut/o0_r_reg[657],FDRE,SLICE_X20Y234,SLICEM.AFF,1'b0
u_dut/o0_r_reg[658],FDRE,SLICE_X18Y234,SLICEM.CFF,1'b0
u_dut/o0_r_reg[659],FDRE,SLICE_X21Y237,SLICEL.BFF,1'b0
u_dut/o0_r_reg[65],FDRE,SLICE_X11Y226,SLICEL.DFF,1'b0
u_dut/o0_r_reg[660],FDRE,SLICE_X18Y238,SLICEM.AFF,1'b0
u_dut/o0_r_reg[661],FDRE,SLICE_X23Y242,SLICEL.AFF,1'b0
u_dut/o0_r_reg[662],FDRE,SLICE_X18Y240,SLICEM.BFF,1'b0
u_dut/o0_r_reg[663],FDRE,SLICE_X17Y231,SLICEL.AFF,1'b0
u_dut/o0_r_reg[664],FDRE,SLICE_X18Y238,SLICEM.BFF,1'b0
u_dut/o0_r_reg[665],FDRE,SLICE_X18Y237,SLICEM.BFF,1'b0
u_dut/o0_r_reg[666],FDRE,SLICE_X22Y241,SLICEM.BFF,1'b0
u_dut/o0_r_reg[667],FDRE,SLICE_X23Y240,SLICEL.AFF,1'b0
u_dut/o0_r_reg[668],FDRE,SLICE_X20Y233,SLICEM.AFF,1'b0
u_dut/o0_r_reg[669],FDRE,SLICE_X21Y240,SLICEL.BFF,1'b0
u_dut/o0_r_reg[66],FDRE,SLICE_X16Y231,SLICEM.BFF,1'b0
u_dut/o0_r_reg[670],FDRE,SLICE_X20Y244,SLICEM.AFF,1'b0
u_dut/o0_r_reg[671],FDRE,SLICE_X20Y240,SLICEM.CFF,1'b0
u_dut/o0_r_reg[672],FDRE,SLICE_X17Y243,SLICEL.AFF,1'b0
u_dut/o0_r_reg[673],FDRE,SLICE_X18Y242,SLICEM.AFF,1'b0
u_dut/o0_r_reg[674],FDRE,SLICE_X24Y237,SLICEL.CFF,1'b0
u_dut/o0_r_reg[675],FDRE,SLICE_X18Y240,SLICEM.CFF,1'b0
u_dut/o0_r_reg[676],FDRE,SLICE_X20Y244,SLICEM.BFF,1'b0
u_dut/o0_r_reg[677],FDRE,SLICE_X19Y243,SLICEL.AFF,1'b0
u_dut/o0_r_reg[678],FDRE,SLICE_X17Y240,SLICEL.AFF,1'b0
u_dut/o0_r_reg[679],FDRE,SLICE_X18Y240,SLICEM.DFF,1'b0
u_dut/o0_r_reg[67],FDRE,SLICE_X22Y225,SLICEM.CFF,1'b0
u_dut/o0_r_reg[680],FDRE,SLICE_X18Y239,SLICEM.CFF,1'b0
u_dut/o0_r_reg[681],FDRE,SLICE_X19Y240,SLICEL.CFF,1'b0
u_dut/o0_r_reg[682],FDRE,SLICE_X19Y242,SLICEL.AFF,1'b0
u_dut/o0_r_reg[683],FDRE,SLICE_X19Y238,SLICEL.BFF,1'b0
u_dut/o0_r_reg[684],FDRE,SLICE_X22Y235,SLICEM.BFF,1'b0
u_dut/o0_r_reg[685],FDRE,SLICE_X22Y242,SLICEM.AFF,1'b0
u_dut/o0_r_reg[686],FDRE,SLICE_X22Y240,SLICEM.CFF,1'b0
u_dut/o0_r_reg[687],FDRE,SLICE_X22Y235,SLICEM.CFF,1'b0
u_dut/o0_r_reg[688],FDRE,SLICE_X22Y241,SLICEM.CFF,1'b0
u_dut/o0_r_reg[689],FDRE,SLICE_X22Y236,SLICEM.BFF,1'b0
u_dut/o0_r_reg[68],FDRE,SLICE_X18Y223,SLICEM.CFF,1'b0
u_dut/o0_r_reg[690],FDRE,SLICE_X23Y238,SLICEL.BFF,1'b0
u_dut/o0_r_reg[691],FDRE,SLICE_X21Y238,SLICEL.DFF,1'b0
u_dut/o0_r_reg[692],FDRE,SLICE_X20Y233,SLICEM.BFF,1'b0
u_dut/o0_r_reg[693],FDRE,SLICE_X23Y238,SLICEL.CFF,1'b0
u_dut/o0_r_reg[694],FDRE,SLICE_X16Y236,SLICEM.AFF,1'b0
u_dut/o0_r_reg[695],FDRE,SLICE_X22Y237,SLICEM.BFF,1'b0
u_dut/o0_r_reg[696],FDRE,SLICE_X20Y232,SLICEM.CFF,1'b0
u_dut/o0_r_reg[697],FDRE,SLICE_X17Y242,SLICEL.AFF,1'b0
u_dut/o0_r_reg[698],FDRE,SLICE_X12Y238,SLICEM.AFF,1'b0
u_dut/o0_r_reg[699],FDRE,SLICE_X11Y236,SLICEL.AFF,1'b0
u_dut/o0_r_reg[69],FDRE,SLICE_X22Y233,SLICEM.BFF,1'b0
u_dut/o0_r_reg[6],FDRE,SLICE_X17Y226,SLICEL.BFF,1'b0
u_dut/o0_r_reg[700],FDRE,SLICE_X10Y237,SLICEM.AFF,1'b0
u_dut/o0_r_reg[701],FDRE,SLICE_X13Y237,SLICEL.AFF,1'b0
u_dut/o0_r_reg[702],FDRE,SLICE_X14Y242,SLICEM.BFF,1'b0
u_dut/o0_r_reg[703],FDRE,SLICE_X13Y238,SLICEL.AFF,1'b0
u_dut/o0_r_reg[704],FDRE,SLICE_X14Y240,SLICEM.CFF,1'b0
u_dut/o0_r_reg[705],FDRE,SLICE_X13Y242,SLICEL.AFF,1'b0
u_dut/o0_r_reg[706],FDRE,SLICE_X16Y233,SLICEM.BFF,1'b0
u_dut/o0_r_reg[707],FDRE,SLICE_X18Y243,SLICEM.BFF,1'b0
u_dut/o0_r_reg[708],FDRE,SLICE_X22Y235,SLICEM.DFF,1'b0
u_dut/o0_r_reg[709],FDRE,SLICE_X11Y242,SLICEL.AFF,1'b0
u_dut/o0_r_reg[70],FDRE,SLICE_X20Y225,SLICEM.BFF,1'b0
u_dut/o0_r_reg[710],FDRE,SLICE_X19Y238,SLICEL.CFF,1'b0
u_dut/o0_r_reg[711],FDRE,SLICE_X17Y238,SLICEL.AFF,1'b0
u_dut/o0_r_reg[712],FDRE,SLICE_X13Y239,SLICEL.AFF,1'b0
u_dut/o0_r_reg[713],FDRE,SLICE_X10Y242,SLICEM.AFF,1'b0
u_dut/o0_r_reg[714],FDRE,SLICE_X17Y240,SLICEL.BFF,1'b0
u_dut/o0_r_reg[715],FDRE,SLICE_X12Y240,SLICEM.CFF,1'b0
u_dut/o0_r_reg[716],FDRE,SLICE_X22Y234,SLICEM.CFF,1'b0
u_dut/o0_r_reg[717],FDRE,SLICE_X11Y238,SLICEL.AFF,1'b0
u_dut/o0_r_reg[718],FDRE,SLICE_X16Y236,SLICEM.BFF,1'b0
u_dut/o0_r_reg[719],FDRE,SLICE_X23Y240,SLICEL.BFF,1'b0
u_dut/o0_r_reg[71],FDRE,SLICE_X16Y229,SLICEM.CFF,1'b0
u_dut/o0_r_reg[720],FDRE,SLICE_X14Y235,SLICEM.AFF,1'b0
u_dut/o0_r_reg[721],FDRE,SLICE_X16Y237,SLICEM.BFF,1'b0
u_dut/o0_r_reg[722],FDRE,SLICE_X19Y237,SLICEL.AFF,1'b0
u_dut/o0_r_reg[723],FDRE,SLICE_X22Y236,SLICEM.CFF,1'b0
u_dut/o0_r_reg[724],FDRE,SLICE_X14Y237,SLICEM.AFF,1'b0
u_dut/o0_r_reg[725],FDRE,SLICE_X14Y232,SLICEM.AFF,1'b0
u_dut/o0_r_reg[726],FDRE,SLICE_X19Y240,SLICEL.DFF,1'b0
u_dut/o0_r_reg[727],FDRE,SLICE_X20Y239,SLICEM.DFF,1'b0
u_dut/o0_r_reg[728],FDRE,SLICE_X22Y242,SLICEM.BFF,1'b0
u_dut/o0_r_reg[729],FDRE,SLICE_X21Y240,SLICEL.CFF,1'b0
u_dut/o0_r_reg[72],FDRE,SLICE_X13Y227,SLICEL.DFF,1'b0
u_dut/o0_r_reg[730],FDRE,SLICE_X18Y241,SLICEM.AFF,1'b0
u_dut/o0_r_reg[731],FDRE,SLICE_X18Y243,SLICEM.CFF,1'b0
u_dut/o0_r_reg[732],FDRE,SLICE_X14Y236,SLICEM.AFF,1'b0
u_dut/o0_r_reg[733],FDRE,SLICE_X18Y232,SLICEM.CFF,1'b0
u_dut/o0_r_reg[734],FDRE,SLICE_X14Y238,SLICEM.AFF,1'b0
u_dut/o0_r_reg[735],FDRE,SLICE_X14Y239,SLICEM.AFF,1'b0
u_dut/o0_r_reg[736],FDRE,SLICE_X16Y234,SLICEM.AFF,1'b0
u_dut/o0_r_reg[737],FDRE,SLICE_X17Y239,SLICEL.DFF,1'b0
u_dut/o0_r_reg[738],FDRE,SLICE_X15Y238,SLICEL.BFF,1'b0
u_dut/o0_r_reg[739],FDRE,SLICE_X16Y240,SLICEM.AFF,1'b0
u_dut/o0_r_reg[73],FDRE,SLICE_X23Y224,SLICEL.CFF,1'b0
u_dut/o0_r_reg[740],FDRE,SLICE_X15Y233,SLICEL.AFF,1'b0
u_dut/o0_r_reg[741],FDRE,SLICE_X17Y234,SLICEL.AFF,1'b0
u_dut/o0_r_reg[742],FDRE,SLICE_X21Y233,SLICEL.AFF,1'b0
u_dut/o0_r_reg[743],FDRE,SLICE_X15Y236,SLICEL.BFF,1'b0
u_dut/o0_r_reg[744],FDRE,SLICE_X12Y233,SLICEM.BFF,1'b0
u_dut/o0_r_reg[745],FDRE,SLICE_X22Y237,SLICEM.CFF,1'b0
u_dut/o0_r_reg[746],FDRE,SLICE_X18Y237,SLICEM.CFF,1'b0
u_dut/o0_r_reg[747],FDRE,SLICE_X9Y231,SLICEL.AFF,1'b0
u_dut/o0_r_reg[748],FDRE,SLICE_X20Y225,SLICEM.CFF,1'b0
u_dut/o0_r_reg[749],FDRE,SLICE_X12Y238,SLICEM.BFF,1'b0
u_dut/o0_r_reg[74],FDRE,SLICE_X21Y223,SLICEL.DFF,1'b0
u_dut/o0_r_reg[750],FDRE,SLICE_X17Y235,SLICEL.DFF,1'b0
u_dut/o0_r_reg[751],FDRE,SLICE_X13Y236,SLICEL.AFF,1'b0
u_dut/o0_r_reg[752],FDRE,SLICE_X12Y236,SLICEM.AFF,1'b0
u_dut/o0_r_reg[753],FDRE,SLICE_X14Y232,SLICEM.BFF,1'b0
u_dut/o0_r_reg[754],FDRE,SLICE_X18Y234,SLICEM.DFF,1'b0
u_dut/o0_r_reg[755],FDRE,SLICE_X22Y234,SLICEM.DFF,1'b0
u_dut/o0_r_reg[756],FDRE,SLICE_X13Y237,SLICEL.BFF,1'b0
u_dut/o0_r_reg[757],FDRE,SLICE_X15Y233,SLICEL.BFF,1'b0
u_dut/o0_r_reg[758],FDRE,SLICE_X14Y236,SLICEM.BFF,1'b0
u_dut/o0_r_reg[759],FDRE,SLICE_X14Y236,SLICEM.CFF,1'b0
u_dut/o0_r_reg[75],FDRE,SLICE_X13Y223,SLICEL.AFF,1'b0
u_dut/o0_r_reg[760],FDRE,SLICE_X14Y235,SLICEM.BFF,1'b0
u_dut/o0_r_reg[761],FDRE,SLICE_X16Y234,SLICEM.BFF,1'b0
u_dut/o0_r_reg[762],FDRE,SLICE_X14Y238,SLICEM.BFF,1'b0
u_dut/o0_r_reg[763],FDRE,SLICE_X18Y238,SLICEM.CFF,1'b0
u_dut/o0_r_reg[764],FDRE,SLICE_X13Y233,SLICEL.AFF,1'b0
u_dut/o0_r_reg[765],FDRE,SLICE_X18Y239,SLICEM.DFF,1'b0
u_dut/o0_r_reg[766],FDRE,SLICE_X13Y237,SLICEL.CFF,1'b0
u_dut/o0_r_reg[767],FDRE,SLICE_X20Y233,SLICEM.CFF,1'b0
u_dut/o0_r_reg[768],FDRE,SLICE_X18Y243,SLICEM.DFF,1'b0
u_dut/o0_r_reg[769],FDRE,SLICE_X17Y240,SLICEL.CFF,1'b0
u_dut/o0_r_reg[76],FDRE,SLICE_X14Y226,SLICEM.CFF,1'b0
u_dut/o0_r_reg[770],FDRE,SLICE_X14Y238,SLICEM.CFF,1'b0
u_dut/o0_r_reg[771],FDRE,SLICE_X21Y241,SLICEL.BFF,1'b0
u_dut/o0_r_reg[772],FDRE,SLICE_X23Y240,SLICEL.CFF,1'b0
u_dut/o0_r_reg[773],FDRE,SLICE_X14Y238,SLICEM.DFF,1'b0
u_dut/o0_r_reg[774],FDRE,SLICE_X15Y231,SLICEL.BFF,1'b0
u_dut/o0_r_reg[775],FDRE,SLICE_X17Y242,SLICEL.BFF,1'b0
u_dut/o0_r_reg[776],FDRE,SLICE_X12Y242,SLICEM.AFF,1'b0
u_dut/o0_r_reg[777],FDRE,SLICE_X17Y238,SLICEL.BFF,1'b0
u_dut/o0_r_reg[778],FDRE,SLICE_X19Y241,SLICEL.AFF,1'b0
u_dut/o0_r_reg[779],FDRE,SLICE_X12Y238,SLICEM.CFF,1'b0
u_dut/o0_r_reg[77],FDRE,SLICE_X20Y229,SLICEM.BFF,1'b0
u_dut/o0_r_reg[780],FDRE,SLICE_X13Y241,SLICEL.AFF,1'b0
u_dut/o0_r_reg[781],FDRE,SLICE_X15Y241,SLICEL.AFF,1'b0
u_dut/o0_r_reg[782],FDRE,SLICE_X18Y238,SLICEM.DFF,1'b0
u_dut/o0_r_reg[783],FDRE,SLICE_X18Y241,SLICEM.BFF,1'b0
u_dut/o0_r_reg[784],FDRE,SLICE_X14Y233,SLICEM.AFF,1'b0
u_dut/o0_r_reg[785],FDRE,SLICE_X22Y237,SLICEM.DFF,1'b0
u_dut/o0_r_reg[786],FDRE,SLICE_X17Y242,SLICEL.CFF,1'b0
u_dut/o0_r_reg[787],FDRE,SLICE_X16Y238,SLICEM.CFF,1'b0
u_dut/o0_r_reg[788],FDRE,SLICE_X15Y240,SLICEL.AFF,1'b0
u_dut/o0_r_reg[789],FDRE,SLICE_X12Y239,SLICEM.AFF,1'b0
u_dut/o0_r_reg[78],FDRE,SLICE_X12Y227,SLICEM.CFF,1'b0
u_dut/o0_r_reg[790],FDRE,SLICE_X16Y241,SLICEM.BFF,1'b0
u_dut/o0_r_reg[791],FDRE,SLICE_X17Y238,SLICEL.CFF,1'b0
u_dut/o0_r_reg[792],FDRE,SLICE_X21Y239,SLICEL.BFF,1'b0
u_dut/o0_r_reg[793],FDRE,SLICE_X13Y239,SLICEL.BFF,1'b0
u_dut/o0_r_reg[794],FDRE,SLICE_X13Y240,SLICEL.AFF,1'b0
u_dut/o0_r_reg[795],FDRE,SLICE_X16Y240,SLICEM.BFF,1'b0
u_dut/o0_r_reg[796],FDRE,SLICE_X16Y238,SLICEM.DFF,1'b0
u_dut/o0_r_reg[797],FDRE,SLICE_X15Y235,SLICEL.BFF,1'b0
u_dut/o0_r_reg[798],FDRE,SLICE_X16Y237,SLICEM.CFF,1'b0
u_dut/o0_r_reg[799],FDRE,SLICE_X22Y236,SLICEM.DFF,1'b0
u_dut/o0_r_reg[79],FDRE,SLICE_X15Y228,SLICEL.DFF,1'b0
u_dut/o0_r_reg[7],FDRE,SLICE_X22Y228,SLICEM.AFF,1'b0
u_dut/o0_r_reg[800],FDRE,SLICE_X5Y236,SLICEL.AFF,1'b0
u_dut/o0_r_reg[801],FDRE,SLICE_X5Y236,SLICEL.BFF,1'b0
u_dut/o0_r_reg[802],FDRE,SLICE_X11Y234,SLICEL.BFF,1'b0
u_dut/o0_r_reg[803],FDRE,SLICE_X8Y232,SLICEM.AFF,1'b0
u_dut/o0_r_reg[804],FDRE,SLICE_X6Y236,SLICEM.AFF,1'b0
u_dut/o0_r_reg[805],FDRE,SLICE_X17Y234,SLICEL.BFF,1'b0
u_dut/o0_r_reg[806],FDRE,SLICE_X25Y239,SLICEL.BFF,1'b0
u_dut/o0_r_reg[807],FDRE,SLICE_X19Y241,SLICEL.BFF,1'b0
u_dut/o0_r_reg[808],FDRE,SLICE_X19Y238,SLICEL.DFF,1'b0
u_dut/o0_r_reg[809],FDRE,SLICE_X19Y235,SLICEL.CFF,1'b0
u_dut/o0_r_reg[80],FDRE,SLICE_X18Y229,SLICEM.DFF,1'b0
u_dut/o0_r_reg[810],FDRE,SLICE_X22Y242,SLICEM.CFF,1'b0
u_dut/o0_r_reg[811],FDRE,SLICE_X19Y241,SLICEL.CFF,1'b0
u_dut/o0_r_reg[812],FDRE,SLICE_X11Y239,SLICEL.AFF,1'b0
u_dut/o0_r_reg[813],FDRE,SLICE_X18Y241,SLICEM.CFF,1'b0
u_dut/o0_r_reg[814],FDRE,SLICE_X9Y239,SLICEL.AFF,1'b0
u_dut/o0_r_reg[815],FDRE,SLICE_X14Y235,SLICEM.CFF,1'b0
u_dut/o0_r_reg[816],FDRE,SLICE_X15Y236,SLICEL.CFF,1'b0
u_dut/o0_r_reg[817],FDRE,SLICE_X15Y238,SLICEL.CFF,1'b0
u_dut/o0_r_reg[818],FDRE,SLICE_X11Y241,SLICEL.AFF,1'b0
u_dut/o0_r_reg[819],FDRE,SLICE_X24Y240,SLICEL.AFF,1'b0
u_dut/o0_r_reg[81],FDRE,SLICE_X14Y227,SLICEM.CFF,1'b0
u_dut/o0_r_reg[820],FDRE,SLICE_X11Y239,SLICEL.BFF,1'b0
u_dut/o0_r_reg[821],FDRE,SLICE_X12Y231,SLICEM.AFF,1'b0
u_dut/o0_r_reg[822],FDRE,SLICE_X21Y241,SLICEL.CFF,1'b0
u_dut/o0_r_reg[823],FDRE,SLICE_X11Y238,SLICEL.BFF,1'b0
u_dut/o0_r_reg[824],FDRE,SLICE_X9Y236,SLICEL.AFF,1'b0
u_dut/o0_r_reg[825],FDRE,SLICE_X8Y238,SLICEM.AFF,1'b0
u_dut/o0_r_reg[826],FDRE,SLICE_X11Y238,SLICEL.CFF,1'b0
u_dut/o0_r_reg[827],FDRE,SLICE_X16Y234,SLICEM.CFF,1'b0
u_dut/o0_r_reg[828],FDRE,SLICE_X18Y230,SLICEM.AFF,1'b0
u_dut/o0_r_reg[829],FDRE,SLICE_X16Y237,SLICEM.DFF,1'b0
u_dut/o0_r_reg[82],FDRE,SLICE_X12Y227,SLICEM.DFF,1'b0
u_dut/o0_r_reg[830],FDRE,SLICE_X12Y237,SLICEM.AFF,1'b0
u_dut/o0_r_reg[831],FDRE,SLICE_X14Y242,SLICEM.CFF,1'b0
u_dut/o0_r_reg[832],FDRE,SLICE_X16Y241,SLICEM.CFF,1'b0
u_dut/o0_r_reg[833],FDRE,SLICE_X12Y239,SLICEM.BFF,1'b0
u_dut/o0_r_reg[834],FDRE,SLICE_X17Y238,SLICEL.DFF,1'b0
u_dut/o0_r_reg[835],FDRE,SLICE_X13Y237,SLICEL.DFF,1'b0
u_dut/o0_r_reg[836],FDRE,SLICE_X14Y242,SLICEM.DFF,1'b0
u_dut/o0_r_reg[837],FDRE,SLICE_X21Y239,SLICEL.CFF,1'b0
u_dut/o0_r_reg[838],FDRE,SLICE_X19Y241,SLICEL.DFF,1'b0
u_dut/o0_r_reg[839],FDRE,SLICE_X23Y238,SLICEL.DFF,1'b0
u_dut/o0_r_reg[83],FDRE,SLICE_X16Y228,SLICEM.CFF,1'b0
u_dut/o0_r_reg[840],FDRE,SLICE_X22Y242,SLICEM.DFF,1'b0
u_dut/o0_r_reg[841],FDRE,SLICE_X9Y240,SLICEL.AFF,1'b0
u_dut/o0_r_reg[842],FDRE,SLICE_X24Y240,SLICEL.BFF,1'b0
u_dut/o0_r_reg[843],FDRE,SLICE_X12Y238,SLICEM.DFF,1'b0
u_dut/o0_r_reg[844],FDRE,SLICE_X17Y241,SLICEL.AFF,1'b0
u_dut/o0_r_reg[845],FDRE,SLICE_X11Y237,SLICEL.AFF,1'b0
u_dut/o0_r_reg[846],FDRE,SLICE_X16Y236,SLICEM.CFF,1'b0
u_dut/o0_r_reg[847],FDRE,SLICE_X11Y236,SLICEL.BFF,1'b0
u_dut/o0_r_reg[848],FDRE,SLICE_X17Y237,SLICEL.AFF,1'b0
u_dut/o0_r_reg[849],FDRE,SLICE_X17Y242,SLICEL.DFF,1'b0
u_dut/o0_r_reg[84],FDRE,SLICE_X15Y223,SLICEL.CFF,1'b0
u_dut/o0_r_reg[850],FDRE,SLICE_X25Y241,SLICEL.AFF,1'b0
u_dut/o0_r_reg[851],FDRE,SLICE_X17Y241,SLICEL.BFF,1'b0
u_dut/o0_r_reg[852],FDRE,SLICE_X17Y241,SLICEL.CFF,1'b0
u_dut/o0_r_reg[853],FDRE,SLICE_X20Y235,SLICEM.CFF,1'b0
u_dut/o0_r_reg[854],FDRE,SLICE_X7Y233,SLICEL.AFF,1'b0
u_dut/o0_r_reg[855],FDRE,SLICE_X8Y235,SLICEM.AFF,1'b0
u_dut/o0_r_reg[856],FDRE,SLICE_X7Y237,SLICEL.AFF,1'b0
u_dut/o0_r_reg[857],FDRE,SLICE_X13Y234,SLICEL.AFF,1'b0
u_dut/o0_r_reg[858],FDRE,SLICE_X9Y231,SLICEL.BFF,1'b0
u_dut/o0_r_reg[859],FDRE,SLICE_X9Y237,SLICEL.AFF,1'b0
u_dut/o0_r_reg[85],FDRE,SLICE_X14Y226,SLICEM.DFF,1'b0
u_dut/o0_r_reg[860],FDRE,SLICE_X15Y233,SLICEL.CFF,1'b0
u_dut/o0_r_reg[861],FDRE,SLICE_X14Y236,SLICEM.DFF,1'b0
u_dut/o0_r_reg[862],FDRE,SLICE_X17Y241,SLICEL.DFF,1'b0
u_dut/o0_r_reg[863],FDRE,SLICE_X9Y236,SLICEL.BFF,1'b0
u_dut/o0_r_reg[864],FDRE,SLICE_X16Y233,SLICEM.CFF,1'b0
u_dut/o0_r_reg[865],FDRE,SLICE_X20Y235,SLICEM.DFF,1'b0
u_dut/o0_r_reg[866],FDRE,SLICE_X24Y239,SLICEL.CFF,1'b0
u_dut/o0_r_reg[867],FDRE,SLICE_X7Y239,SLICEL.AFF,1'b0
u_dut/o0_r_reg[868],FDRE,SLICE_X24Y237,SLICEL.DFF,1'b0
u_dut/o0_r_reg[869],FDRE,SLICE_X8Y239,SLICEM.AFF,1'b0
u_dut/o0_r_reg[86],FDRE,SLICE_X18Y230,SLICEM.BFF,1'b0
u_dut/o0_r_reg[870],FDRE,SLICE_X12Y233,SLICEM.CFF,1'b0
u_dut/o0_r_reg[871],FDRE,SLICE_X9Y231,SLICEL.CFF,1'b0
u_dut/o0_r_reg[872],FDRE,SLICE_X13Y234,SLICEL.BFF,1'b0
u_dut/o0_r_reg[873],FDRE,SLICE_X15Y238,SLICEL.DFF,1'b0
u_dut/o0_r_reg[874],FDRE,SLICE_X13Y233,SLICEL.BFF,1'b0
u_dut/o0_r_reg[875],FDRE,SLICE_X9Y234,SLICEL.AFF,1'b0
u_dut/o0_r_reg[876],FDRE,SLICE_X10Y235,SLICEM.AFF,1'b0
u_dut/o0_r_reg[877],FDRE,SLICE_X10Y238,SLICEM.AFF,1'b0
u_dut/o0_r_reg[878],FDRE,SLICE_X9Y237,SLICEL.BFF,1'b0
u_dut/o0_r_reg[879],FDRE,SLICE_X21Y240,SLICEL.DFF,1'b0
u_dut/o0_r_reg[87],FDRE,SLICE_X16Y225,SLICEM.DFF,1'b0
u_dut/o0_r_reg[880],FDRE,SLICE_X10Y236,SLICEM.AFF,1'b0
u_dut/o0_r_reg[881],FDRE,SLICE_X15Y236,SLICEL.DFF,1'b0
u_dut/o0_r_reg[882],FDRE,SLICE_X12Y239,SLICEM.CFF,1'b0
u_dut/o0_r_reg[883],FDRE,SLICE_X11Y236,SLICEL.CFF,1'b0
u_dut/o0_r_reg[884],FDRE,SLICE_X11Y240,SLICEL.AFF,1'b0
u_dut/o0_r_reg[885],FDRE,SLICE_X15Y237,SLICEL.AFF,1'b0
u_dut/o0_r_reg[886],FDRE,SLICE_X8Y242,SLICEM.AFF,1'b0
u_dut/o0_r_reg[887],FDRE,SLICE_X16Y240,SLICEM.CFF,1'b0
u_dut/o0_r_reg[888],FDRE,SLICE_X8Y235,SLICEM.BFF,1'b0
u_dut/o0_r_reg[889],FDRE,SLICE_X23Y242,SLICEL.BFF,1'b0
u_dut/o0_r_reg[88],FDRE,SLICE_X22Y225,SLICEM.DFF,1'b0
u_dut/o0_r_reg[890],FDRE,SLICE_X12Y239,SLICEM.DFF,1'b0
u_dut/o0_r_reg[891],FDRE,SLICE_X18Y241,SLICEM.DFF,1'b0
u_dut/o0_r_reg[892],FDRE,SLICE_X16Y241,SLICEM.DFF,1'b0
u_dut/o0_r_reg[893],FDRE,SLICE_X21Y241,SLICEL.DFF,1'b0
u_dut/o0_r_reg[894],FDRE,SLICE_X13Y239,SLICEL.CFF,1'b0
u_dut/o0_r_reg[895],FDRE,SLICE_X21Y237,SLICEL.CFF,1'b0
u_dut/o0_r_reg[896],FDRE,SLICE_X13Y233,SLICEL.CFF,1'b0
u_dut/o0_r_reg[897],FDRE,SLICE_X5Y234,SLICEL.AFF,1'b0
u_dut/o0_r_reg[898],FDRE,SLICE_X11Y231,SLICEL.AFF,1'b0
u_dut/o0_r_reg[899],FDRE,SLICE_X9Y231,SLICEL.DFF,1'b0
u_dut/o0_r_reg[89],FDRE,SLICE_X15Y225,SLICEL.AFF,1'b0
u_dut/o0_r_reg[8],FDRE,SLICE_X17Y226,SLICEL.CFF,1'b0
u_dut/o0_r_reg[900],FDRE,SLICE_X14Y235,SLICEM.DFF,1'b0
u_dut/o0_r_reg[901],FDRE,SLICE_X15Y239,SLICEL.BFF,1'b0
u_dut/o0_r_reg[902],FDRE,SLICE_X8Y237,SLICEM.AFF,1'b0
u_dut/o0_r_reg[903],FDRE,SLICE_X6Y237,SLICEM.AFF,1'b0
u_dut/o0_r_reg[904],FDRE,SLICE_X24Y231,SLICEL.AFF,1'b0
u_dut/o0_r_reg[905],FDRE,SLICE_X9Y237,SLICEL.CFF,1'b0
u_dut/o0_r_reg[906],FDRE,SLICE_X21Y237,SLICEL.DFF,1'b0
u_dut/o0_r_reg[907],FDRE,SLICE_X8Y236,SLICEM.AFF,1'b0
u_dut/o0_r_reg[908],FDRE,SLICE_X14Y232,SLICEM.CFF,1'b0
u_dut/o0_r_reg[909],FDRE,SLICE_X5Y237,SLICEL.AFF,1'b0
u_dut/o0_r_reg[90],FDRE,SLICE_X16Y228,SLICEM.DFF,1'b0
u_dut/o0_r_reg[910],FDRE,SLICE_X5Y237,SLICEL.BFF,1'b0
u_dut/o0_r_reg[911],FDRE,SLICE_X3Y237,SLICEL.AFF,1'b0
u_dut/o0_r_reg[912],FDRE,SLICE_X16Y231,SLICEM.CFF,1'b0
u_dut/o0_r_reg[913],FDRE,SLICE_X19Y237,SLICEL.BFF,1'b0
u_dut/o0_r_reg[914],FDRE,SLICE_X10Y233,SLICEM.AFF,1'b0
u_dut/o0_r_reg[915],FDRE,SLICE_X4Y234,SLICEL.AFF,1'b0
u_dut/o0_r_reg[916],FDRE,SLICE_X12Y233,SLICEM.DFF,1'b0
u_dut/o0_r_reg[917],FDRE,SLICE_X9Y234,SLICEL.BFF,1'b0
u_dut/o0_r_reg[918],FDRE,SLICE_X15Y224,SLICEL.CFF,1'b0
u_dut/o0_r_reg[919],FDRE,SLICE_X9Y233,SLICEL.AFF,1'b0
u_dut/o0_r_reg[91],FDRE,SLICE_X11Y224,SLICEL.AFF,1'b0
u_dut/o0_r_reg[920],FDRE,SLICE_X14Y233,SLICEM.BFF,1'b0
u_dut/o0_r_reg[921],FDRE,SLICE_X10Y233,SLICEM.BFF,1'b0
u_dut/o0_r_reg[922],FDRE,SLICE_X8Y233,SLICEM.AFF,1'b0
u_dut/o0_r_reg[923],FDRE,SLICE_X12Y237,SLICEM.BFF,1'b0
u_dut/o0_r_reg[924],FDRE,SLICE_X5Y233,SLICEL.AFF,1'b0
u_dut/o0_r_reg[925],FDRE,SLICE_X14Y233,SLICEM.CFF,1'b0
u_dut/o0_r_reg[926],FDRE,SLICE_X16Y227,SLICEM.AFF,1'b0
u_dut/o0_r_reg[927],FDRE,SLICE_X16Y234,SLICEM.DFF,1'b0
u_dut/o0_r_reg[928],FDRE,SLICE_X8Y235,SLICEM.CFF,1'b0
u_dut/o0_r_reg[929],FDRE,SLICE_X8Y233,SLICEM.BFF,1'b0
u_dut/o0_r_reg[92],FDRE,SLICE_X12Y223,SLICEM.DFF,1'b0
u_dut/o0_r_reg[930],FDRE,SLICE_X7Y234,SLICEL.AFF,1'b0
u_dut/o0_r_reg[931],FDRE,SLICE_X12Y237,SLICEM.CFF,1'b0
u_dut/o0_r_reg[932],FDRE,SLICE_X10Y233,SLICEM.CFF,1'b0
u_dut/o0_r_reg[933],FDRE,SLICE_X9Y234,SLICEL.CFF,1'b0
u_dut/o0_r_reg[934],FDRE,SLICE_X7Y233,SLICEL.BFF,1'b0
u_dut/o0_r_reg[935],FDRE,SLICE_X6Y233,SLICEM.AFF,1'b0
u_dut/o0_r_reg[936],FDRE,SLICE_X17Y234,SLICEL.CFF,1'b0
u_dut/o0_r_reg[937],FDRE,SLICE_X14Y233,SLICEM.DFF,1'b0
u_dut/o0_r_reg[938],FDRE,SLICE_X8Y236,SLICEM.BFF,1'b0
u_dut/o0_r_reg[939],FDRE,SLICE_X16Y233,SLICEM.DFF,1'b0
u_dut/o0_r_reg[93],FDRE,SLICE_X13Y224,SLICEL.DFF,1'b0
u_dut/o0_r_reg[940],FDRE,SLICE_X11Y236,SLICEL.DFF,1'b0
u_dut/o0_r_reg[941],FDRE,SLICE_X8Y236,SLICEM.CFF,1'b0
u_dut/o0_r_reg[942],FDRE,SLICE_X5Y236,SLICEL.CFF,1'b0
u_dut/o0_r_reg[943],FDRE,SLICE_X12Y237,SLICEM.DFF,1'b0
u_dut/o0_r_reg[944],FDRE,SLICE_X11Y239,SLICEL.CFF,1'b0
u_dut/o0_r_reg[945],FDRE,SLICE_X8Y238,SLICEM.BFF,1'b0
u_dut/o0_r_reg[946],FDRE,SLICE_X13Y239,SLICEL.DFF,1'b0
u_dut/o0_r_reg[947],FDRE,SLICE_X19Y235,SLICEL.DFF,1'b0
u_dut/o0_r_reg[948],FDRE,SLICE_X15Y235,SLICEL.CFF,1'b0
u_dut/o0_r_reg[949],FDRE,SLICE_X9Y232,SLICEL.AFF,1'b0
u_dut/o0_r_reg[94],FDRE,SLICE_X20Y226,SLICEM.DFF,1'b0
u_dut/o0_r_reg[950],FDRE,SLICE_X9Y236,SLICEL.CFF,1'b0
u_dut/o0_r_reg[951],FDRE,SLICE_X16Y240,SLICEM.DFF,1'b0
u_dut/o0_r_reg[952],FDRE,SLICE_X15Y239,SLICEL.CFF,1'b0
u_dut/o0_r_reg[953],FDRE,SLICE_X21Y239,SLICEL.DFF,1'b0
u_dut/o0_r_reg[954],FDRE,SLICE_X9Y232,SLICEL.BFF,1'b0
u_dut/o0_r_reg[955],FDRE,SLICE_X8Y238,SLICEM.CFF,1'b0
u_dut/o0_r_reg[956],FDRE,SLICE_X6Y234,SLICEM.AFF,1'b0
u_dut/o0_r_reg[957],FDRE,SLICE_X20Y234,SLICEM.BFF,1'b0
u_dut/o0_r_reg[958],FDRE,SLICE_X9Y234,SLICEL.DFF,1'b0
u_dut/o0_r_reg[959],FDRE,SLICE_X6Y235,SLICEM.AFF,1'b0
u_dut/o0_r_reg[95],FDRE,SLICE_X17Y226,SLICEL.DFF,1'b0
u_dut/o0_r_reg[960],FDRE,SLICE_X17Y234,SLICEL.DFF,1'b0
u_dut/o0_r_reg[961],FDRE,SLICE_X26Y233,SLICEL.CFF,1'b0
u_dut/o0_r_reg[962],FDRE,SLICE_X11Y238,SLICEL.DFF,1'b0
u_dut/o0_r_reg[963],FDRE,SLICE_X9Y238,SLICEL.AFF,1'b0
u_dut/o0_r_reg[964],FDRE,SLICE_X11Y239,SLICEL.DFF,1'b0
u_dut/o0_r_reg[965],FDRE,SLICE_X15Y233,SLICEL.DFF,1'b0
u_dut/o0_r_reg[966],FDRE,SLICE_X19Y237,SLICEL.CFF,1'b0
u_dut/o0_r_reg[967],FDRE,SLICE_X17Y240,SLICEL.DFF,1'b0
u_dut/o0_r_reg[968],FDRE,SLICE_X10Y235,SLICEM.BFF,1'b0
u_dut/o0_r_reg[969],FDRE,SLICE_X6Y227,SLICEM.AFF,1'b0
u_dut/o0_r_reg[96],FDRE,SLICE_X20Y230,SLICEM.CFF,1'b0
u_dut/o0_r_reg[970],FDRE,SLICE_X15Y239,SLICEL.DFF,1'b0
u_dut/o0_r_reg[971],FDRE,SLICE_X9Y233,SLICEL.BFF,1'b0
u_dut/o0_r_reg[972],FDRE,SLICE_X9Y236,SLICEL.DFF,1'b0
u_dut/o0_r_reg[973],FDRE,SLICE_X21Y235,SLICEL.CFF,1'b0
u_dut/o0_r_reg[974],FDRE,SLICE_X7Y233,SLICEL.CFF,1'b0
u_dut/o0_r_reg[975],FDRE,SLICE_X7Y234,SLICEL.BFF,1'b0
u_dut/o0_r_reg[976],FDRE,SLICE_X13Y234,SLICEL.CFF,1'b0
u_dut/o0_r_reg[977],FDRE,SLICE_X11Y234,SLICEL.CFF,1'b0
u_dut/o0_r_reg[978],FDRE,SLICE_X7Y234,SLICEL.CFF,1'b0
u_dut/o0_r_reg[979],FDRE,SLICE_X16Y236,SLICEM.DFF,1'b0
u_dut/o0_r_reg[97],FDRE,SLICE_X14Y227,SLICEM.DFF,1'b0
u_dut/o0_r_reg[980],FDRE,SLICE_X20Y238,SLICEM.AFF,1'b0
u_dut/o0_r_reg[981],FDRE,SLICE_X18Y237,SLICEM.DFF,1'b0
u_dut/o0_r_reg[982],FDRE,SLICE_X9Y237,SLICEL.DFF,1'b0
u_dut/o0_r_reg[983],FDRE,SLICE_X8Y236,SLICEM.DFF,1'b0
u_dut/o0_r_reg[984],FDRE,SLICE_X9Y232,SLICEL.CFF,1'b0
u_dut/o0_r_reg[985],FDRE,SLICE_X21Y243,SLICEL.AFF,1'b0
u_dut/o0_r_reg[986],FDRE,SLICE_X10Y233,SLICEM.DFF,1'b0
u_dut/o0_r_reg[987],FDRE,SLICE_X13Y233,SLICEL.DFF,1'b0
u_dut/o0_r_reg[988],FDRE,SLICE_X8Y238,SLICEM.DFF,1'b0
u_dut/o0_r_reg[989],FDRE,SLICE_X10Y235,SLICEM.CFF,1'b0
u_dut/o0_r_reg[98],FDRE,SLICE_X12Y230,SLICEM.AFF,1'b0
u_dut/o0_r_reg[990],FDRE,SLICE_X14Y232,SLICEM.DFF,1'b0
u_dut/o0_r_reg[991],FDRE,SLICE_X8Y233,SLICEM.CFF,1'b0
u_dut/o0_r_reg[992],FDRE,SLICE_X12Y240,SLICEM.DFF,1'b0
u_dut/o0_r_reg[993],FDRE,SLICE_X13Y234,SLICEL.DFF,1'b0
u_dut/o0_r_reg[994],FDRE,SLICE_X14Y240,SLICEM.DFF,1'b0
u_dut/o0_r_reg[995],FDRE,SLICE_X11Y234,SLICEL.DFF,1'b0
u_dut/o0_r_reg[996],FDRE,SLICE_X10Y240,SLICEM.AFF,1'b0
u_dut/o0_r_reg[997],FDRE,SLICE_X20Y240,SLICEM.DFF,1'b0
u_dut/o0_r_reg[998],FDRE,SLICE_X7Y234,SLICEL.DFF,1'b0
u_dut/o0_r_reg[999],FDRE,SLICE_X19Y237,SLICEL.DFF,1'b0
u_dut/o0_r_reg[99],FDRE,SLICE_X27Y226,SLICEL.DFF,1'b0
u_dut/o0_r_reg[9],FDRE,SLICE_X20Y225,SLICEM.DFF,1'b0
u_dut/pc0_a0[0]_i_1,LUT6,SLICE_X10Y226,SLICEM.B6LUT,64'h6996966996696996
u_dut/pc0_a0[1]_i_1,LUT6,SLICE_X10Y226,SLICEM.C6LUT,64'h8117177E177E7EE8
u_dut/pc0_a0[2]_i_1,LUT6,SLICE_X10Y226,SLICEM.D6LUT,64'hFEE8E880E8808000
u_dut/pc0_a0_reg[0],FDRE,SLICE_X10Y226,SLICEM.BFF,1'b0
u_dut/pc0_a0_reg[1],FDRE,SLICE_X10Y226,SLICEM.CFF,1'b0
u_dut/pc0_a0_reg[2],FDRE,SLICE_X10Y226,SLICEM.DFF,1'b0
u_dut/pc0_a10[0]_i_1,LUT6,SLICE_X7Y226,SLICEL.B6LUT,64'h6996966996696996
u_dut/pc0_a10[1]_i_1,LUT6,SLICE_X7Y226,SLICEL.C6LUT,64'h8117177E177E7EE8
u_dut/pc0_a10[2]_i_1,LUT6,SLICE_X7Y226,SLICEL.D6LUT,64'hFEE8E880E8808000
u_dut/pc0_a10_reg[0],FDRE,SLICE_X7Y226,SLICEL.BFF,1'b0
u_dut/pc0_a10_reg[1],FDRE,SLICE_X7Y226,SLICEL.CFF,1'b0
u_dut/pc0_a10_reg[2],FDRE,SLICE_X7Y226,SLICEL.DFF,1'b0
u_dut/pc0_a11[0]_i_1,LUT6,SLICE_X16Y227,SLICEM.B6LUT,64'h6996966996696996
u_dut/pc0_a11[1]_i_1,LUT6,SLICE_X16Y227,SLICEM.C6LUT,64'h8117177E177E7EE8
u_dut/pc0_a11[2]_i_1,LUT6,SLICE_X16Y227,SLICEM.D6LUT,64'hFEE8E880E8808000
u_dut/pc0_a11_reg[0],FDRE,SLICE_X16Y227,SLICEM.BFF,1'b0
u_dut/pc0_a11_reg[1],FDRE,SLICE_X16Y227,SLICEM.CFF,1'b0
u_dut/pc0_a11_reg[2],FDRE,SLICE_X16Y227,SLICEM.DFF,1'b0
u_dut/pc0_a12[0]_i_1,LUT6,SLICE_X13Y223,SLICEL.B6LUT,64'h6996966996696996
u_dut/pc0_a12[1]_i_1,LUT6,SLICE_X13Y223,SLICEL.C6LUT,64'h8117177E177E7EE8
u_dut/pc0_a12[2]_i_1,LUT6,SLICE_X13Y223,SLICEL.D6LUT,64'hFEE8E880E8808000
u_dut/pc0_a12_reg[0],FDRE,SLICE_X13Y223,SLICEL.BFF,1'b0
u_dut/pc0_a12_reg[1],FDRE,SLICE_X13Y223,SLICEL.CFF,1'b0
u_dut/pc0_a12_reg[2],FDRE,SLICE_X13Y223,SLICEL.DFF,1'b0
u_dut/pc0_a13[0]_i_1,LUT6,SLICE_X11Y227,SLICEL.B6LUT,64'h6996966996696996
u_dut/pc0_a13[1]_i_1,LUT6,SLICE_X11Y227,SLICEL.C6LUT,64'h8117177E177E7EE8
u_dut/pc0_a13[2]_i_1,LUT6,SLICE_X11Y227,SLICEL.D6LUT,64'hFEE8E880E8808000
u_dut/pc0_a13_reg[0],FDRE,SLICE_X11Y227,SLICEL.BFF,1'b0
u_dut/pc0_a13_reg[1],FDRE,SLICE_X11Y227,SLICEL.CFF,1'b0
u_dut/pc0_a13_reg[2],FDRE,SLICE_X11Y227,SLICEL.DFF,1'b0
u_dut/pc0_a14[0]_i_1,LUT6,SLICE_X14Y224,SLICEM.B6LUT,64'h6996966996696996
u_dut/pc0_a14[1]_i_1,LUT6,SLICE_X14Y224,SLICEM.C6LUT,64'h8117177E177E7EE8
u_dut/pc0_a14[2]_i_1,LUT6,SLICE_X14Y224,SLICEM.D6LUT,64'hFEE8E880E8808000
u_dut/pc0_a14_reg[0],FDRE,SLICE_X14Y224,SLICEM.BFF,1'b0
u_dut/pc0_a14_reg[1],FDRE,SLICE_X14Y224,SLICEM.CFF,1'b0
u_dut/pc0_a14_reg[2],FDRE,SLICE_X14Y224,SLICEM.DFF,1'b0
u_dut/pc0_a15[0]_i_1,LUT6,SLICE_X11Y224,SLICEL.B6LUT,64'h6996966996696996
u_dut/pc0_a15[1]_i_1,LUT6,SLICE_X11Y224,SLICEL.C6LUT,64'h8117177E177E7EE8
u_dut/pc0_a15[2]_i_1,LUT6,SLICE_X11Y224,SLICEL.D6LUT,64'hFEE8E880E8808000
u_dut/pc0_a15_reg[0],FDRE,SLICE_X11Y224,SLICEL.BFF,1'b0
u_dut/pc0_a15_reg[1],FDRE,SLICE_X11Y224,SLICEL.CFF,1'b0
u_dut/pc0_a15_reg[2],FDRE,SLICE_X11Y224,SLICEL.DFF,1'b0
u_dut/pc0_a16[0]_i_1,LUT6,SLICE_X12Y230,SLICEM.B6LUT,64'h6996966996696996
u_dut/pc0_a16[1]_i_1,LUT6,SLICE_X12Y230,SLICEM.C6LUT,64'h8117177E177E7EE8
u_dut/pc0_a16[2]_i_1,LUT6,SLICE_X12Y230,SLICEM.D6LUT,64'hFEE8E880E8808000
u_dut/pc0_a16_reg[0],FDRE,SLICE_X12Y230,SLICEM.BFF,1'b0
u_dut/pc0_a16_reg[1],FDRE,SLICE_X12Y230,SLICEM.CFF,1'b0
u_dut/pc0_a16_reg[2],FDRE,SLICE_X12Y230,SLICEM.DFF,1'b0
u_dut/pc0_a17[0]_i_1,LUT6,SLICE_X4Y229,SLICEL.A6LUT,64'h6996966996696996
u_dut/pc0_a17[1]_i_1,LUT6,SLICE_X3Y229,SLICEL.A6LUT,64'h8117177E177E7EE8
u_dut/pc0_a17[2]_i_1,LUT6,SLICE_X4Y229,SLICEL.B6LUT,64'hFEE8E880E8808000
u_dut/pc0_a17_reg[0],FDRE,SLICE_X4Y229,SLICEL.AFF,1'b0
u_dut/pc0_a17_reg[1],FDRE,SLICE_X3Y229,SLICEL.AFF,1'b0
u_dut/pc0_a17_reg[2],FDRE,SLICE_X4Y229,SLICEL.BFF,1'b0
u_dut/pc0_a18[0]_i_1,LUT6,SLICE_X6Y226,SLICEM.A6LUT,64'h6996966996696996
u_dut/pc0_a18[1]_i_1,LUT6,SLICE_X6Y226,SLICEM.B6LUT,64'h8117177E177E7EE8
u_dut/pc0_a18[2]_i_1,LUT6,SLICE_X6Y226,SLICEM.C6LUT,64'hFEE8E880E8808000
u_dut/pc0_a18_reg[0],FDRE,SLICE_X6Y226,SLICEM.AFF,1'b0
u_dut/pc0_a18_reg[1],FDRE,SLICE_X6Y226,SLICEM.BFF,1'b0
u_dut/pc0_a18_reg[2],FDRE,SLICE_X6Y226,SLICEM.CFF,1'b0
u_dut/pc0_a19[0]_i_1,LUT6,SLICE_X8Y228,SLICEM.B6LUT,64'h6996966996696996
u_dut/pc0_a19[1]_i_1,LUT6,SLICE_X8Y228,SLICEM.C6LUT,64'h8117177E177E7EE8
u_dut/pc0_a19[2]_i_1,LUT6,SLICE_X8Y228,SLICEM.D6LUT,64'hFEE8E880E8808000
u_dut/pc0_a19_reg[0],FDRE,SLICE_X8Y228,SLICEM.BFF,1'b0
u_dut/pc0_a19_reg[1],FDRE,SLICE_X8Y228,SLICEM.CFF,1'b0
u_dut/pc0_a19_reg[2],FDRE,SLICE_X8Y228,SLICEM.DFF,1'b0
u_dut/pc0_a1[0]_i_1,LUT6,SLICE_X14Y225,SLICEM.B6LUT,64'h6996966996696996
u_dut/pc0_a1[1]_i_1,LUT6,SLICE_X14Y225,SLICEM.C6LUT,64'h8117177E177E7EE8
u_dut/pc0_a1[2]_i_1,LUT6,SLICE_X14Y225,SLICEM.D6LUT,64'hFEE8E880E8808000
u_dut/pc0_a1_reg[0],FDRE,SLICE_X14Y225,SLICEM.BFF,1'b0
u_dut/pc0_a1_reg[1],FDRE,SLICE_X14Y225,SLICEM.CFF,1'b0
u_dut/pc0_a1_reg[2],FDRE,SLICE_X14Y225,SLICEM.DFF,1'b0
u_dut/pc0_a20[0]_i_1,LUT6,SLICE_X14Y229,SLICEM.B6LUT,64'h6996966996696996
u_dut/pc0_a20[1]_i_1,LUT6,SLICE_X14Y229,SLICEM.C6LUT,64'h8117177E177E7EE8
u_dut/pc0_a20[2]_i_1,LUT6,SLICE_X14Y229,SLICEM.D6LUT,64'hFEE8E880E8808000
u_dut/pc0_a20_reg[0],FDRE,SLICE_X14Y229,SLICEM.BFF,1'b0
u_dut/pc0_a20_reg[1],FDRE,SLICE_X14Y229,SLICEM.CFF,1'b0
u_dut/pc0_a20_reg[2],FDRE,SLICE_X14Y229,SLICEM.DFF,1'b0
u_dut/pc0_a21[0]_i_1,LUT6,SLICE_X13Y229,SLICEL.B6LUT,64'h6996966996696996
u_dut/pc0_a21[1]_i_1,LUT6,SLICE_X13Y229,SLICEL.C6LUT,64'h8117177E177E7EE8
u_dut/pc0_a21[2]_i_1,LUT6,SLICE_X13Y229,SLICEL.D6LUT,64'hFEE8E880E8808000
u_dut/pc0_a21_reg[0],FDRE,SLICE_X13Y229,SLICEL.BFF,1'b0
u_dut/pc0_a21_reg[1],FDRE,SLICE_X13Y229,SLICEL.CFF,1'b0
u_dut/pc0_a21_reg[2],FDRE,SLICE_X13Y229,SLICEL.DFF,1'b0
u_dut/pc0_a22[0]_i_1,LUT6,SLICE_X12Y228,SLICEM.B6LUT,64'h6996966996696996
u_dut/pc0_a22[1]_i_1,LUT6,SLICE_X12Y228,SLICEM.C6LUT,64'h8117177E177E7EE8
u_dut/pc0_a22[2]_i_1,LUT6,SLICE_X12Y228,SLICEM.D6LUT,64'hFEE8E880E8808000
u_dut/pc0_a22_reg[0],FDRE,SLICE_X12Y228,SLICEM.BFF,1'b0
u_dut/pc0_a22_reg[1],FDRE,SLICE_X12Y228,SLICEM.CFF,1'b0
u_dut/pc0_a22_reg[2],FDRE,SLICE_X12Y228,SLICEM.DFF,1'b0
u_dut/pc0_a23[0]_i_1,LUT6,SLICE_X12Y229,SLICEM.B6LUT,64'h6996966996696996
u_dut/pc0_a23[1]_i_1,LUT6,SLICE_X12Y229,SLICEM.C6LUT,64'h8117177E177E7EE8
u_dut/pc0_a23[2]_i_1,LUT6,SLICE_X12Y229,SLICEM.D6LUT,64'hFEE8E880E8808000
u_dut/pc0_a23_reg[0],FDRE,SLICE_X12Y229,SLICEM.BFF,1'b0
u_dut/pc0_a23_reg[1],FDRE,SLICE_X12Y229,SLICEM.CFF,1'b0
u_dut/pc0_a23_reg[2],FDRE,SLICE_X12Y229,SLICEM.DFF,1'b0
u_dut/pc0_a24[0]_i_1,LUT6,SLICE_X9Y228,SLICEL.B6LUT,64'h6996966996696996
u_dut/pc0_a24[1]_i_1,LUT6,SLICE_X9Y228,SLICEL.C6LUT,64'h8117177E177E7EE8
u_dut/pc0_a24[2]_i_1,LUT6,SLICE_X9Y228,SLICEL.D6LUT,64'hFEE8E880E8808000
u_dut/pc0_a24_reg[0],FDRE,SLICE_X9Y228,SLICEL.BFF,1'b0
u_dut/pc0_a24_reg[1],FDRE,SLICE_X9Y228,SLICEL.CFF,1'b0
u_dut/pc0_a24_reg[2],FDRE,SLICE_X9Y228,SLICEL.DFF,1'b0
u_dut/pc0_a25[0]_i_1,LUT6,SLICE_X7Y228,SLICEL.A6LUT,64'h6996966996696996
u_dut/pc0_a25[1]_i_1,LUT6,SLICE_X7Y228,SLICEL.B6LUT,64'h8117177E177E7EE8
u_dut/pc0_a25[2]_i_1,LUT6,SLICE_X7Y228,SLICEL.C6LUT,64'hFEE8E880E8808000
u_dut/pc0_a25_reg[0],FDRE,SLICE_X7Y228,SLICEL.AFF,1'b0
u_dut/pc0_a25_reg[1],FDRE,SLICE_X7Y228,SLICEL.BFF,1'b0
u_dut/pc0_a25_reg[2],FDRE,SLICE_X7Y228,SLICEL.CFF,1'b0
u_dut/pc0_a26[0]_i_1,LUT6,SLICE_X13Y228,SLICEL.B6LUT,64'h6996966996696996
u_dut/pc0_a26[1]_i_1,LUT6,SLICE_X13Y228,SLICEL.C6LUT,64'h8117177E177E7EE8
u_dut/pc0_a26[2]_i_1,LUT6,SLICE_X13Y228,SLICEL.D6LUT,64'hFEE8E880E8808000
u_dut/pc0_a26_reg[0],FDRE,SLICE_X13Y228,SLICEL.BFF,1'b0
u_dut/pc0_a26_reg[1],FDRE,SLICE_X13Y228,SLICEL.CFF,1'b0
u_dut/pc0_a26_reg[2],FDRE,SLICE_X13Y228,SLICEL.DFF,1'b0
u_dut/pc0_a27[0]_i_1,LUT6,SLICE_X9Y229,SLICEL.B6LUT,64'h6996966996696996
u_dut/pc0_a27[1]_i_1,LUT6,SLICE_X9Y229,SLICEL.C6LUT,64'h8117177E177E7EE8
u_dut/pc0_a27[2]_i_1,LUT6,SLICE_X9Y229,SLICEL.D6LUT,64'hFEE8E880E8808000
u_dut/pc0_a27_reg[0],FDRE,SLICE_X9Y229,SLICEL.BFF,1'b0
u_dut/pc0_a27_reg[1],FDRE,SLICE_X9Y229,SLICEL.CFF,1'b0
u_dut/pc0_a27_reg[2],FDRE,SLICE_X9Y229,SLICEL.DFF,1'b0
u_dut/pc0_a28[0]_i_1,LUT6,SLICE_X15Y225,SLICEL.B6LUT,64'h6996966996696996
u_dut/pc0_a28[1]_i_1,LUT6,SLICE_X15Y225,SLICEL.C6LUT,64'h8117177E177E7EE8
u_dut/pc0_a28[2]_i_1,LUT6,SLICE_X15Y225,SLICEL.D6LUT,64'hFEE8E880E8808000
u_dut/pc0_a28_reg[0],FDRE,SLICE_X15Y225,SLICEL.BFF,1'b0
u_dut/pc0_a28_reg[1],FDRE,SLICE_X15Y225,SLICEL.CFF,1'b0
u_dut/pc0_a28_reg[2],FDRE,SLICE_X15Y225,SLICEL.DFF,1'b0
u_dut/pc0_a29[0]_i_1,LUT6,SLICE_X11Y228,SLICEL.B6LUT,64'h6996966996696996
u_dut/pc0_a29[1]_i_1,LUT6,SLICE_X11Y228,SLICEL.C6LUT,64'h8117177E177E7EE8
u_dut/pc0_a29[2]_i_1,LUT6,SLICE_X11Y228,SLICEL.D6LUT,64'hFEE8E880E8808000
u_dut/pc0_a29_reg[0],FDRE,SLICE_X11Y228,SLICEL.BFF,1'b0
u_dut/pc0_a29_reg[1],FDRE,SLICE_X11Y228,SLICEL.CFF,1'b0
u_dut/pc0_a29_reg[2],FDRE,SLICE_X11Y228,SLICEL.DFF,1'b0
u_dut/pc0_a2[0]_i_1,LUT6,SLICE_X6Y225,SLICEM.A6LUT,64'h6996966996696996
u_dut/pc0_a2[1]_i_1,LUT6,SLICE_X6Y225,SLICEM.B6LUT,64'h8117177E177E7EE8
u_dut/pc0_a2[2]_i_1,LUT6,SLICE_X6Y225,SLICEM.C6LUT,64'hFEE8E880E8808000
u_dut/pc0_a2_reg[0],FDRE,SLICE_X6Y225,SLICEM.AFF,1'b0
u_dut/pc0_a2_reg[1],FDRE,SLICE_X6Y225,SLICEM.BFF,1'b0
u_dut/pc0_a2_reg[2],FDRE,SLICE_X6Y225,SLICEM.CFF,1'b0
u_dut/pc0_a30[0]_i_1,LUT6,SLICE_X11Y231,SLICEL.B6LUT,64'h6996966996696996
u_dut/pc0_a30[1]_i_1,LUT6,SLICE_X11Y230,SLICEL.A6LUT,64'h8117177E177E7EE8
u_dut/pc0_a30[2]_i_1,LUT6,SLICE_X11Y230,SLICEL.B6LUT,64'hFEE8E880E8808000
u_dut/pc0_a30_reg[0],FDRE,SLICE_X11Y231,SLICEL.BFF,1'b0
u_dut/pc0_a30_reg[1],FDRE,SLICE_X11Y230,SLICEL.AFF,1'b0
u_dut/pc0_a30_reg[2],FDRE,SLICE_X11Y230,SLICEL.BFF,1'b0
u_dut/pc0_a31[0]_i_1,LUT6,SLICE_X7Y230,SLICEL.A6LUT,64'h6996966996696996
u_dut/pc0_a31[1]_i_1,LUT6,SLICE_X6Y230,SLICEM.A6LUT,64'h8117177E177E7EE8
u_dut/pc0_a31[2]_i_1,LUT6,SLICE_X6Y230,SLICEM.B6LUT,64'hFEE8E880E8808000
u_dut/pc0_a31_reg[0],FDRE,SLICE_X7Y230,SLICEL.AFF,1'b0
u_dut/pc0_a31_reg[1],FDRE,SLICE_X6Y230,SLICEM.AFF,1'b0
u_dut/pc0_a31_reg[2],FDRE,SLICE_X6Y230,SLICEM.BFF,1'b0
u_dut/pc0_a32[0]_i_1,LUT6,SLICE_X5Y226,SLICEL.A6LUT,64'h6996966996696996
u_dut/pc0_a32[1]_i_1,LUT6,SLICE_X5Y226,SLICEL.B6LUT,64'h8117177E177E7EE8
u_dut/pc0_a32[2]_i_1,LUT6,SLICE_X5Y226,SLICEL.C6LUT,64'hFEE8E880E8808000
u_dut/pc0_a32_reg[0],FDRE,SLICE_X5Y226,SLICEL.AFF,1'b0
u_dut/pc0_a32_reg[1],FDRE,SLICE_X5Y226,SLICEL.BFF,1'b0
u_dut/pc0_a32_reg[2],FDRE,SLICE_X5Y226,SLICEL.CFF,1'b0
u_dut/pc0_a33[0]_i_1,LUT2,SLICE_X10Y224,SLICEM.B6LUT,4'h6
u_dut/pc0_a33[1]_i_1,LUT2,SLICE_X10Y224,SLICEM.B5LUT,4'h8
u_dut/pc0_a33_reg[0],FDRE,SLICE_X10Y224,SLICEM.BFF,1'b0
u_dut/pc0_a33_reg[1],FDRE,SLICE_X10Y224,SLICEM.B5FF,1'b0
u_dut/pc0_a3[0]_i_1,LUT6,SLICE_X9Y227,SLICEL.B6LUT,64'h6996966996696996
u_dut/pc0_a3[1]_i_1,LUT6,SLICE_X9Y227,SLICEL.C6LUT,64'h8117177E177E7EE8
u_dut/pc0_a3[2]_i_1,LUT6,SLICE_X9Y227,SLICEL.D6LUT,64'hFEE8E880E8808000
u_dut/pc0_a3_reg[0],FDRE,SLICE_X9Y227,SLICEL.BFF,1'b0
u_dut/pc0_a3_reg[1],FDRE,SLICE_X9Y227,SLICEL.CFF,1'b0
u_dut/pc0_a3_reg[2],FDRE,SLICE_X9Y227,SLICEL.DFF,1'b0
u_dut/pc0_a4[0]_i_1,LUT6,SLICE_X10Y229,SLICEM.B6LUT,64'h6996966996696996
u_dut/pc0_a4[1]_i_1,LUT6,SLICE_X10Y229,SLICEM.C6LUT,64'h8117177E177E7EE8
u_dut/pc0_a4[2]_i_1,LUT6,SLICE_X10Y229,SLICEM.D6LUT,64'hFEE8E880E8808000
u_dut/pc0_a4_reg[0],FDRE,SLICE_X10Y229,SLICEM.BFF,1'b0
u_dut/pc0_a4_reg[1],FDRE,SLICE_X10Y229,SLICEM.CFF,1'b0
u_dut/pc0_a4_reg[2],FDRE,SLICE_X10Y229,SLICEM.DFF,1'b0
u_dut/pc0_a5[0]_i_1,LUT6,SLICE_X7Y227,SLICEL.B6LUT,64'h6996966996696996
u_dut/pc0_a5[1]_i_1,LUT6,SLICE_X7Y227,SLICEL.C6LUT,64'h8117177E177E7EE8
u_dut/pc0_a5[2]_i_1,LUT6,SLICE_X7Y227,SLICEL.D6LUT,64'hFEE8E880E8808000
u_dut/pc0_a5_reg[0],FDRE,SLICE_X7Y227,SLICEL.BFF,1'b0
u_dut/pc0_a5_reg[1],FDRE,SLICE_X7Y227,SLICEL.CFF,1'b0
u_dut/pc0_a5_reg[2],FDRE,SLICE_X7Y227,SLICEL.DFF,1'b0
u_dut/pc0_a6[0]_i_1,LUT6,SLICE_X6Y228,SLICEM.A6LUT,64'h6996966996696996
u_dut/pc0_a6[1]_i_1,LUT6,SLICE_X6Y228,SLICEM.B6LUT,64'h8117177E177E7EE8
u_dut/pc0_a6[2]_i_1,LUT6,SLICE_X6Y228,SLICEM.C6LUT,64'hFEE8E880E8808000
u_dut/pc0_a6_reg[0],FDRE,SLICE_X6Y228,SLICEM.AFF,1'b0
u_dut/pc0_a6_reg[1],FDRE,SLICE_X6Y228,SLICEM.BFF,1'b0
u_dut/pc0_a6_reg[2],FDRE,SLICE_X6Y228,SLICEM.CFF,1'b0
u_dut/pc0_a7[0]_i_1,LUT6,SLICE_X15Y226,SLICEL.B6LUT,64'h6996966996696996
u_dut/pc0_a7[1]_i_1,LUT6,SLICE_X15Y226,SLICEL.C6LUT,64'h8117177E177E7EE8
u_dut/pc0_a7[2]_i_1,LUT6,SLICE_X15Y226,SLICEL.D6LUT,64'hFEE8E880E8808000
u_dut/pc0_a7_reg[0],FDRE,SLICE_X15Y226,SLICEL.BFF,1'b0
u_dut/pc0_a7_reg[1],FDRE,SLICE_X15Y226,SLICEL.CFF,1'b0
u_dut/pc0_a7_reg[2],FDRE,SLICE_X15Y226,SLICEL.DFF,1'b0
u_dut/pc0_a8[0]_i_1,LUT6,SLICE_X9Y226,SLICEL.B6LUT,64'h6996966996696996
u_dut/pc0_a8[1]_i_1,LUT6,SLICE_X9Y226,SLICEL.C6LUT,64'h8117177E177E7EE8
u_dut/pc0_a8[2]_i_1,LUT6,SLICE_X9Y226,SLICEL.D6LUT,64'hFEE8E880E8808000
u_dut/pc0_a8_reg[0],FDRE,SLICE_X9Y226,SLICEL.BFF,1'b0
u_dut/pc0_a8_reg[1],FDRE,SLICE_X9Y226,SLICEL.CFF,1'b0
u_dut/pc0_a8_reg[2],FDRE,SLICE_X9Y226,SLICEL.DFF,1'b0
u_dut/pc0_a9[0]_i_1,LUT6,SLICE_X17Y227,SLICEL.B6LUT,64'h6996966996696996
u_dut/pc0_a9[1]_i_1,LUT6,SLICE_X17Y227,SLICEL.C6LUT,64'h8117177E177E7EE8
u_dut/pc0_a9[2]_i_1,LUT6,SLICE_X17Y227,SLICEL.D6LUT,64'hFEE8E880E8808000
u_dut/pc0_a9_reg[0],FDRE,SLICE_X17Y227,SLICEL.BFF,1'b0
u_dut/pc0_a9_reg[1],FDRE,SLICE_X17Y227,SLICEL.CFF,1'b0
u_dut/pc0_a9_reg[2],FDRE,SLICE_X17Y227,SLICEL.DFF,1'b0
u_dut/pc0_r2_0[0]_i_1,LUT4,SLICE_X3Y226,SLICEL.C6LUT,16'h6996
u_dut/pc0_r2_0[1]_i_1,LUT5,SLICE_X3Y226,SLICEL.A6LUT,32'h81177EE8
u_dut/pc0_r2_0[1]_i_2,LUT4,SLICE_X4Y226,SLICEL.A6LUT,16'h6996
u_dut/pc0_r2_0[2]_i_1,LUT6,SLICE_X3Y226,SLICEL.B6LUT,64'h9669699666666666
u_dut/pc0_r2_0[2]_i_2,LUT5,SLICE_X3Y226,SLICEL.A5LUT,32'hFEE88000
u_dut/pc0_r2_0[2]_i_3,LUT5,SLICE_X4Y226,SLICEL.D6LUT,32'h96696996
u_dut/pc0_r2_0[3]_i_1,LUT6,SLICE_X3Y227,SLICEL.A6LUT,64'hA99595569556566A
u_dut/pc0_r2_0[4]_i_1,LUT6,SLICE_X4Y226,SLICEL.B6LUT,64'hFEEAEAA8EAA8A880
u_dut/pc0_r2_0[4]_i_2,LUT6,SLICE_X3Y226,SLICEL.D6LUT,64'hEBBEAAAA82280000
u_dut/pc0_r2_0[4]_i_3,LUT3,SLICE_X4Y226,SLICEL.A5LUT,8'hE8
u_dut/pc0_r2_0_reg[0],FDRE,SLICE_X3Y226,SLICEL.CFF,1'b0
u_dut/pc0_r2_0_reg[1],FDRE,SLICE_X3Y226,SLICEL.AFF,1'b0
u_dut/pc0_r2_0_reg[2],FDRE,SLICE_X3Y226,SLICEL.BFF,1'b0
u_dut/pc0_r2_0_reg[3],FDRE,SLICE_X3Y227,SLICEL.AFF,1'b0
u_dut/pc0_r2_0_reg[4],FDRE,SLICE_X4Y226,SLICEL.BFF,1'b0
u_dut/pc0_r2_1[0]_i_1,LUT4,SLICE_X6Y227,SLICEM.B6LUT,16'h6996
u_dut/pc0_r2_1[1]_i_1,LUT5,SLICE_X6Y227,SLICEM.C6LUT,32'h81177EE8
u_dut/pc0_r2_1[1]_i_2,LUT4,SLICE_X4Y228,SLICEL.A6LUT,16'h6996
u_dut/pc0_r2_1[2]_i_1,LUT6,SLICE_X4Y228,SLICEL.B6LUT,64'h9669699666666666
u_dut/pc0_r2_1[2]_i_2,LUT5,SLICE_X6Y227,SLICEM.C5LUT,32'hFEE88000
u_dut/pc0_r2_1[2]_i_3,LUT5,SLICE_X4Y228,SLICEL.D6LUT,32'h96696996
u_dut/pc0_r2_1[3]_i_1,LUT6,SLICE_X3Y228,SLICEL.A6LUT,64'hA99595569556566A
u_dut/pc0_r2_1[4]_i_1,LUT6,SLICE_X3Y228,SLICEL.B6LUT,64'hFEEAEAA8EAA8A880
u_dut/pc0_r2_1[4]_i_2,LUT6,SLICE_X4Y228,SLICEL.C6LUT,64'hEBBEAAAA82280000
u_dut/pc0_r2_1[4]_i_3,LUT3,SLICE_X4Y228,SLICEL.A5LUT,8'hE8
u_dut/pc0_r2_1_reg[0],FDRE,SLICE_X6Y227,SLICEM.BFF,1'b0
u_dut/pc0_r2_1_reg[1],FDRE,SLICE_X4Y227,SLICEL.A5FF,1'b0
u_dut/pc0_r2_1_reg[2],FDRE,SLICE_X4Y228,SLICEL.BFF,1'b0
u_dut/pc0_r2_1_reg[3],FDRE,SLICE_X3Y228,SLICEL.AFF,1'b0
u_dut/pc0_r2_1_reg[4],FDRE,SLICE_X3Y228,SLICEL.BFF,1'b0
u_dut/pc0_r2_2[0]_i_1,LUT4,SLICE_X4Y227,SLICEL.A6LUT,16'h6996
u_dut/pc0_r2_2[1]_i_1,LUT5,SLICE_X4Y227,SLICEL.B6LUT,32'h81177EE8
u_dut/pc0_r2_2[1]_i_2,LUT4,SLICE_X5Y227,SLICEL.A6LUT,16'h6996
u_dut/pc0_r2_2[2]_i_1,LUT6,SLICE_X4Y227,SLICEL.C6LUT,64'h9669699666666666
u_dut/pc0_r2_2[2]_i_2,LUT5,SLICE_X4Y227,SLICEL.B5LUT,32'hFEE88000
u_dut/pc0_r2_2[2]_i_3,LUT5,SLICE_X5Y227,SLICEL.D6LUT,32'h96696996
u_dut/pc0_r2_2[3]_i_1,LUT6,SLICE_X5Y227,SLICEL.B6LUT,64'hA99595569556566A
u_dut/pc0_r2_2[4]_i_1,LUT6,SLICE_X5Y227,SLICEL.C6LUT,64'hFEEAEAA8EAA8A880
u_dut/pc0_r2_2[4]_i_2,LUT6,SLICE_X4Y227,SLICEL.D6LUT,64'hEBBEAAAA82280000
u_dut/pc0_r2_2[4]_i_3,LUT3,SLICE_X5Y227,SLICEL.A5LUT,8'hE8
u_dut/pc0_r2_2_reg[0],FDRE,SLICE_X4Y227,SLICEL.AFF,1'b0
u_dut/pc0_r2_2_reg[1],FDRE,SLICE_X4Y227,SLICEL.BFF,1'b0
u_dut/pc0_r2_2_reg[2],FDRE,SLICE_X4Y227,SLICEL.CFF,1'b0
u_dut/pc0_r2_2_reg[3],FDRE,SLICE_X5Y227,SLICEL.BFF,1'b0
u_dut/pc0_r2_2_reg[4],FDRE,SLICE_X5Y227,SLICEL.CFF,1'b0
u_dut/pc0_r2_3[0]_i_1,LUT4,SLICE_X2Y224,SLICEM.A6LUT,16'h6996
u_dut/pc0_r2_3[1]_i_1,LUT5,SLICE_X3Y224,SLICEL.A6LUT,32'h81177EE8
u_dut/pc0_r2_3[1]_i_2,LUT4,SLICE_X3Y224,SLICEL.B6LUT,16'h6996
u_dut/pc0_r2_3[2]_i_1,LUT6,SLICE_X3Y224,SLICEL.C6LUT,64'h9669699666666666
u_dut/pc0_r2_3[2]_i_2,LUT5,SLICE_X3Y224,SLICEL.A5LUT,32'hFEE88000
u_dut/pc0_r2_3[2]_i_3,LUT5,SLICE_X2Y224,SLICEM.D6LUT,32'h96696996
u_dut/pc0_r2_3[3]_i_1,LUT6,SLICE_X2Y224,SLICEM.B6LUT,64'hA99595569556566A
u_dut/pc0_r2_3[4]_i_1,LUT6,SLICE_X2Y224,SLICEM.C6LUT,64'hFEEAEAA8EAA8A880
u_dut/pc0_r2_3[4]_i_2,LUT6,SLICE_X3Y224,SLICEL.D6LUT,64'hEBBEAAAA82280000
u_dut/pc0_r2_3[4]_i_3,LUT3,SLICE_X3Y224,SLICEL.B5LUT,8'hE8
u_dut/pc0_r2_3_reg[0],FDRE,SLICE_X2Y224,SLICEM.AFF,1'b0
u_dut/pc0_r2_3_reg[1],FDRE,SLICE_X3Y224,SLICEL.AFF,1'b0
u_dut/pc0_r2_3_reg[2],FDRE,SLICE_X3Y224,SLICEL.CFF,1'b0
u_dut/pc0_r2_3_reg[3],FDRE,SLICE_X2Y224,SLICEM.BFF,1'b0
u_dut/pc0_r2_3_reg[4],FDRE,SLICE_X2Y224,SLICEM.CFF,1'b0
u_dut/pc0_r2_4[0]_i_1,LUT4,SLICE_X4Y229,SLICEL.C6LUT,16'h6996
u_dut/pc0_r2_4[1]_i_1,LUT5,SLICE_X4Y229,SLICEL.D6LUT,32'h81177EE8
u_dut/pc0_r2_4[1]_i_2,LUT4,SLICE_X3Y229,SLICEL.B6LUT,16'h6996
u_dut/pc0_r2_4[2]_i_1,LUT6,SLICE_X3Y229,SLICEL.C6LUT,64'h9669699666666666
u_dut/pc0_r2_4[2]_i_2,LUT5,SLICE_X4Y229,SLICEL.D5LUT,32'hFEE88000
u_dut/pc0_r2_4[2]_i_3,LUT5,SLICE_X2Y229,SLICEM.A6LUT,32'h96696996
u_dut/pc0_r2_4[3]_i_1,LUT6,SLICE_X2Y230,SLICEM.A6LUT,64'hA99595569556566A
u_dut/pc0_r2_4[4]_i_1,LUT6,SLICE_X2Y230,SLICEM.B6LUT,64'hFEEAEAA8EAA8A880
u_dut/pc0_r2_4[4]_i_2,LUT6,SLICE_X3Y229,SLICEL.D6LUT,64'hEBBEAAAA82280000
u_dut/pc0_r2_4[4]_i_3,LUT3,SLICE_X3Y229,SLICEL.B5LUT,8'hE8
u_dut/pc0_r2_4_reg[0],FDRE,SLICE_X4Y229,SLICEL.CFF,1'b0
u_dut/pc0_r2_4_reg[1],FDRE,SLICE_X5Y229,SLICEL.A5FF,1'b0
u_dut/pc0_r2_4_reg[2],FDRE,SLICE_X3Y229,SLICEL.CFF,1'b0
u_dut/pc0_r2_4_reg[3],FDRE,SLICE_X2Y230,SLICEM.AFF,1'b0
u_dut/pc0_r2_4_reg[4],FDRE,SLICE_X2Y230,SLICEM.BFF,1'b0
u_dut/pc0_r2_5[0]_i_1,LUT4,SLICE_X11Y230,SLICEL.C6LUT,16'h6996
u_dut/pc0_r2_5[1]_i_1,LUT5,SLICE_X11Y229,SLICEL.A6LUT,32'h81177EE8
u_dut/pc0_r2_5[1]_i_2,LUT4,SLICE_X11Y229,SLICEL.B6LUT,16'h6996
u_dut/pc0_r2_5[2]_i_1,LUT6,SLICE_X11Y229,SLICEL.C6LUT,64'h9669699666666666
u_dut/pc0_r2_5[2]_i_2,LUT5,SLICE_X11Y229,SLICEL.A5LUT,32'hFEE88000
u_dut/pc0_r2_5[2]_i_3,LUT5,SLICE_X11Y230,SLICEL.D6LUT,32'h96696996
u_dut/pc0_r2_5[3]_i_1,LUT6,SLICE_X10Y230,SLICEM.C6LUT,64'hA99595569556566A
u_dut/pc0_r2_5[4]_i_1,LUT6,SLICE_X10Y230,SLICEM.D6LUT,64'hFEEAEAA8EAA8A880
u_dut/pc0_r2_5[4]_i_2,LUT6,SLICE_X11Y229,SLICEL.D6LUT,64'hEBBEAAAA82280000
u_dut/pc0_r2_5[4]_i_3,LUT3,SLICE_X11Y229,SLICEL.B5LUT,8'hE8
u_dut/pc0_r2_5_reg[0],FDRE,SLICE_X11Y230,SLICEL.CFF,1'b0
u_dut/pc0_r2_5_reg[1],FDRE,SLICE_X4Y229,SLICEL.A5FF,1'b0
u_dut/pc0_r2_5_reg[2],FDRE,SLICE_X11Y229,SLICEL.CFF,1'b0
u_dut/pc0_r2_5_reg[3],FDRE,SLICE_X10Y230,SLICEM.CFF,1'b0
u_dut/pc0_r2_5_reg[4],FDRE,SLICE_X10Y230,SLICEM.DFF,1'b0
u_dut/pc0_r2_6[0]_i_1,LUT4,SLICE_X5Y229,SLICEL.A6LUT,16'h6996
u_dut/pc0_r2_6[1]_i_1,LUT5,SLICE_X6Y229,SLICEM.A6LUT,32'h81177EE8
u_dut/pc0_r2_6[1]_i_2,LUT4,SLICE_X6Y229,SLICEM.B6LUT,16'h6996
u_dut/pc0_r2_6[2]_i_1,LUT6,SLICE_X6Y229,SLICEM.C6LUT,64'h9669699666666666
u_dut/pc0_r2_6[2]_i_2,LUT5,SLICE_X6Y229,SLICEM.A5LUT,32'hFEE88000
u_dut/pc0_r2_6[2]_i_3,LUT5,SLICE_X5Y229,SLICEL.D6LUT,32'h96696996
u_dut/pc0_r2_6[3]_i_1,LUT6,SLICE_X5Y229,SLICEL.B6LUT,64'hA99595569556566A
u_dut/pc0_r2_6[4]_i_1,LUT6,SLICE_X5Y229,SLICEL.C6LUT,64'hFEEAEAA8EAA8A880
u_dut/pc0_r2_6[4]_i_2,LUT6,SLICE_X6Y229,SLICEM.D6LUT,64'hEBBEAAAA82280000
u_dut/pc0_r2_6[4]_i_3,LUT3,SLICE_X6Y229,SLICEM.B5LUT,8'hE8
u_dut/pc0_r2_6_reg[0],FDRE,SLICE_X5Y229,SLICEL.AFF,1'b0
u_dut/pc0_r2_6_reg[1],FDRE,SLICE_X6Y229,SLICEM.AFF,1'b0
u_dut/pc0_r2_6_reg[2],FDRE,SLICE_X6Y229,SLICEM.CFF,1'b0
u_dut/pc0_r2_6_reg[3],FDRE,SLICE_X5Y229,SLICEL.BFF,1'b0
u_dut/pc0_r2_6_reg[4],FDRE,SLICE_X5Y229,SLICEL.CFF,1'b0
u_dut/pc0_r2_7[0]_i_1,LUT4,SLICE_X7Y230,SLICEL.B6LUT,16'h6996
u_dut/pc0_r2_7[1]_i_1,LUT5,SLICE_X7Y230,SLICEL.C6LUT,32'h81177EE8
u_dut/pc0_r2_7[1]_i_2,LUT4,SLICE_X7Y230,SLICEL.D6LUT,16'h6996
u_dut/pc0_r2_7[2]_i_1,LUT6,SLICE_X6Y230,SLICEM.C6LUT,64'h9669699666666666
u_dut/pc0_r2_7[2]_i_2,LUT5,SLICE_X7Y230,SLICEL.C5LUT,32'hFEE88000
u_dut/pc0_r2_7[2]_i_3,LUT5,SLICE_X5Y230,SLICEL.C6LUT,32'h96696996
u_dut/pc0_r2_7[3]_i_1,LUT6,SLICE_X5Y230,SLICEL.A6LUT,64'hA99595569556566A
u_dut/pc0_r2_7[4]_i_1,LUT6,SLICE_X5Y230,SLICEL.B6LUT,64'hFEEAEAA8EAA8A880
u_dut/pc0_r2_7[4]_i_2,LUT6,SLICE_X6Y230,SLICEM.D6LUT,64'hEBBEAAAA82280000
u_dut/pc0_r2_7[4]_i_3,LUT3,SLICE_X7Y230,SLICEL.D5LUT,8'hE8
u_dut/pc0_r2_7_reg[0],FDRE,SLICE_X7Y230,SLICEL.BFF,1'b0
u_dut/pc0_r2_7_reg[1],FDRE,SLICE_X7Y230,SLICEL.A5FF,1'b0
u_dut/pc0_r2_7_reg[2],FDRE,SLICE_X6Y230,SLICEM.CFF,1'b0
u_dut/pc0_r2_7_reg[3],FDRE,SLICE_X5Y230,SLICEL.AFF,1'b0
u_dut/pc0_r2_7_reg[4],FDRE,SLICE_X5Y230,SLICEL.BFF,1'b0
u_dut/pc0_r2_8[0]_i_1,LUT2,SLICE_X4Y226,SLICEL.C6LUT,4'h6
u_dut/pc0_r2_8[1]_i_1,LUT4,SLICE_X4Y226,SLICEL.C5LUT,16'h8778
u_dut/pc0_r2_8[2]_i_1,LUT5,SLICE_X5Y226,SLICEL.D6LUT,32'h077FF880
u_dut/pc0_r2_8[3]_i_1,LUT5,SLICE_X5Y226,SLICEL.D5LUT,32'hAA808000
u_dut/pc0_r2_8_reg[0],FDRE,SLICE_X4Y226,SLICEL.CFF,1'b0
u_dut/pc0_r2_8_reg[1],FDRE,SLICE_X4Y226,SLICEL.C5FF,1'b0
u_dut/pc0_r2_8_reg[2],FDRE,SLICE_X5Y226,SLICEL.DFF,1'b0
u_dut/pc0_r2_8_reg[3],FDRE,SLICE_X5Y226,SLICEL.D5FF,1'b0
u_dut/pc0_r4_0[3]_i_2,LUT5,SLICE_X3Y227,SLICEL.C6LUT,32'hEEE8E888
u_dut/pc0_r4_0[3]_i_3,LUT5,SLICE_X3Y227,SLICEL.C5LUT,32'hE81717E8
u_dut/pc0_r4_0[3]_i_4,LUT4,SLICE_X3Y227,SLICEL.D6LUT,16'h6996
u_dut/pc0_r4_0[3]_i_5,LUT6,SLICE_X2Y227,SLICEM.D6LUT,64'h6969699669969696
u_dut/pc0_r4_0[3]_i_6,LUT6,SLICE_X2Y227,SLICEM.C6LUT,64'h6999999699969666
u_dut/pc0_r4_0[3]_i_7,LUT4,SLICE_X2Y227,SLICEM.B6LUT,16'h566A
u_dut/pc0_r4_0[3]_i_8,LUT4,SLICE_X2Y227,SLICEM.A6LUT,16'h6996
u_dut/pc0_r4_0[3]_i_9,LUT3,SLICE_X3Y227,SLICEL.B6LUT,8'h96
u_dut/pc0_r4_0[6]_i_2,LUT5,SLICE_X3Y228,SLICEL.D6LUT,32'hEEE8E888
u_dut/pc0_r4_0[6]_i_3,LUT5,SLICE_X3Y227,SLICEL.B5LUT,32'hEEE8E888
u_dut/pc0_r4_0[6]_i_4,LUT5,SLICE_X2Y228,SLICEM.B6LUT,32'h177E7EE8
u_dut/pc0_r4_0[6]_i_5,LUT6,SLICE_X2Y228,SLICEM.A6LUT,64'h6969699669969696
u_dut/pc0_r4_0[6]_i_6,LUT3,SLICE_X1Y228,SLICEL.A6LUT,8'h96
u_dut/pc0_r4_0[6]_i_7,LUT3,SLICE_X3Y228,SLICEL.C6LUT,8'h96
u_dut/pc0_r4_0[6]_i_8,LUT3,SLICE_X3Y228,SLICEL.C5LUT,8'hE8
u_dut/pc0_r4_0_reg[0],FDRE,SLICE_X2Y227,SLICEM.AFF,1'b0
u_dut/pc0_r4_0_reg[1],FDRE,SLICE_X2Y227,SLICEM.BFF,1'b0
u_dut/pc0_r4_0_reg[2],FDRE,SLICE_X2Y227,SLICEM.CFF,1'b0
u_dut/pc0_r4_0_reg[3],FDRE,SLICE_X2Y227,SLICEM.DFF,1'b0
u_dut/pc0_r4_0_reg[3]_i_1,CARRY4,SLICE_X2Y227,SLICEM.CARRY4,
u_dut/pc0_r4_0_reg[4],FDRE,SLICE_X2Y228,SLICEM.AFF,1'b0
u_dut/pc0_r4_0_reg[5],FDRE,SLICE_X2Y228,SLICEM.BFF,1'b0
u_dut/pc0_r4_0_reg[6],FDRE,SLICE_X2Y228,SLICEM.CFF,1'b0
u_dut/pc0_r4_0_reg[6]_i_1,CARRY4,SLICE_X2Y228,SLICEM.CARRY4,
u_dut/pc0_r4_1[3]_i_2,LUT5,SLICE_X2Y230,SLICEM.C6LUT,32'hEEE8E888
u_dut/pc0_r4_1[3]_i_3,LUT5,SLICE_X2Y230,SLICEM.C5LUT,32'hE81717E8
u_dut/pc0_r4_1[3]_i_4,LUT4,SLICE_X2Y230,SLICEM.D6LUT,16'h6996
u_dut/pc0_r4_1[3]_i_5,LUT6,SLICE_X3Y230,SLICEL.D6LUT,64'h6969699669969696
u_dut/pc0_r4_1[3]_i_6,LUT6,SLICE_X3Y230,SLICEL.C6LUT,64'h6999999699969666
u_dut/pc0_r4_1[3]_i_7,LUT4,SLICE_X3Y230,SLICEL.B6LUT,16'h566A
u_dut/pc0_r4_1[3]_i_8,LUT4,SLICE_X3Y230,SLICEL.A6LUT,16'h6996
u_dut/pc0_r4_1[3]_i_9,LUT3,SLICE_X4Y230,SLICEL.C6LUT,8'h96
u_dut/pc0_r4_1[6]_i_2,LUT5,SLICE_X4Y231,SLICEL.A6LUT,32'hEEE8E888
u_dut/pc0_r4_1[6]_i_3,LUT5,SLICE_X4Y230,SLICEL.C5LUT,32'hEEE8E888
u_dut/pc0_r4_1[6]_i_4,LUT5,SLICE_X3Y231,SLICEL.B6LUT,32'h177E7EE8
u_dut/pc0_r4_1[6]_i_5,LUT6,SLICE_X3Y231,SLICEL.A6LUT,64'h6969699669969696
u_dut/pc0_r4_1[6]_i_6,LUT3,SLICE_X4Y231,SLICEL.B6LUT,8'h96
u_dut/pc0_r4_1[6]_i_7,LUT3,SLICE_X4Y230,SLICEL.A6LUT,8'h96
u_dut/pc0_r4_1[6]_i_8,LUT3,SLICE_X4Y230,SLICEL.A5LUT,8'hE8
u_dut/pc0_r4_1_reg[0],FDRE,SLICE_X3Y230,SLICEL.AFF,1'b0
u_dut/pc0_r4_1_reg[1],FDRE,SLICE_X3Y230,SLICEL.BFF,1'b0
u_dut/pc0_r4_1_reg[2],FDRE,SLICE_X3Y230,SLICEL.CFF,1'b0
u_dut/pc0_r4_1_reg[3],FDRE,SLICE_X3Y230,SLICEL.DFF,1'b0
u_dut/pc0_r4_1_reg[3]_i_1,CARRY4,SLICE_X3Y230,SLICEL.CARRY4,
u_dut/pc0_r4_1_reg[4],FDRE,SLICE_X3Y231,SLICEL.AFF,1'b0
u_dut/pc0_r4_1_reg[5],FDRE,SLICE_X3Y231,SLICEL.BFF,1'b0
u_dut/pc0_r4_1_reg[6],FDRE,SLICE_X3Y231,SLICEL.CFF,1'b0
u_dut/pc0_r4_1_reg[6]_i_1,CARRY4,SLICE_X3Y231,SLICEL.CARRY4,
u_dut/pc0_r4_2_reg[0],FDRE,SLICE_X3Y227,SLICEL.A5FF,1'b0
u_dut/pc0_r4_2_reg[1],FDRE,SLICE_X3Y226,SLICEL.B5FF,1'b0
u_dut/pc0_r4_2_reg[2],FDRE,SLICE_X3Y228,SLICEL.A5FF,1'b0
u_dut/pc0_r4_2_reg[3],FDRE,SLICE_X3Y231,SLICEL.C5FF,1'b0
u_dut/pc0_r6_0[3]_i_2,LUT3,SLICE_X2Y231,SLICEM.C5LUT,8'hE8
u_dut/pc0_r6_0[3]_i_3,LUT3,SLICE_X2Y231,SLICEM.B5LUT,8'hE8
u_dut/pc0_r6_0[3]_i_4,LUT3,SLICE_X2Y231,SLICEM.A5LUT,8'hE8
u_dut/pc0_r6_0[3]_i_5,LUT4,SLICE_X2Y231,SLICEM.D6LUT,16'h6996
u_dut/pc0_r6_0[3]_i_6,LUT4,SLICE_X2Y231,SLICEM.C6LUT,16'h6996
u_dut/pc0_r6_0[3]_i_7,LUT4,SLICE_X2Y231,SLICEM.B6LUT,16'h6996
u_dut/pc0_r6_0[3]_i_8,LUT3,SLICE_X2Y231,SLICEM.A6LUT,8'h96
u_dut/pc0_r6_0[7]_i_2,LUT2,SLICE_X2Y232,SLICEM.C5LUT,4'h8
u_dut/pc0_r6_0[7]_i_3,LUT2,SLICE_X2Y232,SLICEM.B5LUT,4'h8
u_dut/pc0_r6_0[7]_i_4,LUT3,SLICE_X2Y232,SLICEM.A5LUT,8'hE8
u_dut/pc0_r6_0[7]_i_5,LUT2,SLICE_X2Y232,SLICEM.D6LUT,4'h8
u_dut/pc0_r6_0[7]_i_6,LUT4,SLICE_X2Y232,SLICEM.C6LUT,16'h8778
u_dut/pc0_r6_0[7]_i_7,LUT4,SLICE_X2Y232,SLICEM.B6LUT,16'h8778
u_dut/pc0_r6_0[7]_i_8,LUT5,SLICE_X2Y232,SLICEM.A6LUT,32'hE81717E8
u_dut/pc0_r6_0_reg[0],FDRE,SLICE_X2Y231,SLICEM.AFF,1'b0
u_dut/pc0_r6_0_reg[1],FDRE,SLICE_X2Y231,SLICEM.BFF,1'b0
u_dut/pc0_r6_0_reg[2],FDRE,SLICE_X2Y231,SLICEM.CFF,1'b0
u_dut/pc0_r6_0_reg[3],FDRE,SLICE_X2Y231,SLICEM.DFF,1'b0
u_dut/pc0_r6_0_reg[3]_i_1,CARRY4,SLICE_X2Y231,SLICEM.CARRY4,
u_dut/pc0_r6_0_reg[4],FDRE,SLICE_X2Y232,SLICEM.AFF,1'b0
u_dut/pc0_r6_0_reg[5],FDRE,SLICE_X2Y232,SLICEM.BFF,1'b0
u_dut/pc0_r6_0_reg[6],FDRE,SLICE_X2Y232,SLICEM.CFF,1'b0
u_dut/pc0_r6_0_reg[7],FDRE,SLICE_X2Y232,SLICEM.DFF,1'b0
u_dut/pc0_r6_0_reg[7]_i_1,CARRY4,SLICE_X2Y232,SLICEM.CARRY4,
u_dut/pc1_a0[0]_i_1,LUT6,SLICE_X26Y237,SLICEL.B6LUT,64'h6996966996696996
u_dut/pc1_a0[1]_i_1,LUT6,SLICE_X26Y237,SLICEL.C6LUT,64'h8117177E177E7EE8
u_dut/pc1_a0[2]_i_1,LUT6,SLICE_X26Y237,SLICEL.D6LUT,64'hFEE8E880E8808000
u_dut/pc1_a0_reg[0],FDRE,SLICE_X26Y237,SLICEL.BFF,1'b0
u_dut/pc1_a0_reg[1],FDRE,SLICE_X26Y237,SLICEL.CFF,1'b0
u_dut/pc1_a0_reg[2],FDRE,SLICE_X26Y237,SLICEL.DFF,1'b0
u_dut/pc1_a10[0]_i_1,LUT6,SLICE_X27Y237,SLICEL.B6LUT,64'h6996966996696996
u_dut/pc1_a10[1]_i_1,LUT6,SLICE_X27Y237,SLICEL.C6LUT,64'h8117177E177E7EE8
u_dut/pc1_a10[2]_i_1,LUT6,SLICE_X27Y237,SLICEL.D6LUT,64'hFEE8E880E8808000
u_dut/pc1_a10_reg[0],FDRE,SLICE_X27Y237,SLICEL.BFF,1'b0
u_dut/pc1_a10_reg[1],FDRE,SLICE_X27Y237,SLICEL.CFF,1'b0
u_dut/pc1_a10_reg[2],FDRE,SLICE_X27Y237,SLICEL.DFF,1'b0
u_dut/pc1_a11[0]_i_1,LUT6,SLICE_X35Y234,SLICEL.B6LUT,64'h6996966996696996
u_dut/pc1_a11[1]_i_1,LUT6,SLICE_X35Y234,SLICEL.C6LUT,64'h8117177E177E7EE8
u_dut/pc1_a11[2]_i_1,LUT6,SLICE_X35Y234,SLICEL.D6LUT,64'hFEE8E880E8808000
u_dut/pc1_a11_reg[0],FDRE,SLICE_X35Y234,SLICEL.BFF,1'b0
u_dut/pc1_a11_reg[1],FDRE,SLICE_X35Y234,SLICEL.CFF,1'b0
u_dut/pc1_a11_reg[2],FDRE,SLICE_X35Y234,SLICEL.DFF,1'b0
u_dut/pc1_a12[0]_i_1,LUT6,SLICE_X30Y238,SLICEL.B6LUT,64'h6996966996696996
u_dut/pc1_a12[1]_i_1,LUT6,SLICE_X30Y238,SLICEL.C6LUT,64'h8117177E177E7EE8
u_dut/pc1_a12[2]_i_1,LUT6,SLICE_X30Y238,SLICEL.D6LUT,64'hFEE8E880E8808000
u_dut/pc1_a12_reg[0],FDRE,SLICE_X30Y238,SLICEL.BFF,1'b0
u_dut/pc1_a12_reg[1],FDRE,SLICE_X30Y238,SLICEL.CFF,1'b0
u_dut/pc1_a12_reg[2],FDRE,SLICE_X30Y238,SLICEL.DFF,1'b0
u_dut/pc1_a13[0]_i_1,LUT6,SLICE_X33Y238,SLICEL.A6LUT,64'h6996966996696996
u_dut/pc1_a13[1]_i_1,LUT6,SLICE_X33Y238,SLICEL.B6LUT,64'h8117177E177E7EE8
u_dut/pc1_a13[2]_i_1,LUT6,SLICE_X33Y238,SLICEL.C6LUT,64'hFEE8E880E8808000
u_dut/pc1_a13_reg[0],FDRE,SLICE_X33Y238,SLICEL.AFF,1'b0
u_dut/pc1_a13_reg[1],FDRE,SLICE_X33Y238,SLICEL.BFF,1'b0
u_dut/pc1_a13_reg[2],FDRE,SLICE_X33Y238,SLICEL.CFF,1'b0
u_dut/pc1_a14[0]_i_1,LUT6,SLICE_X33Y237,SLICEL.B6LUT,64'h6996966996696996
u_dut/pc1_a14[1]_i_1,LUT6,SLICE_X33Y237,SLICEL.C6LUT,64'h8117177E177E7EE8
u_dut/pc1_a14[2]_i_1,LUT6,SLICE_X33Y237,SLICEL.D6LUT,64'hFEE8E880E8808000
u_dut/pc1_a14_reg[0],FDRE,SLICE_X33Y237,SLICEL.BFF,1'b0
u_dut/pc1_a14_reg[1],FDRE,SLICE_X33Y237,SLICEL.CFF,1'b0
u_dut/pc1_a14_reg[2],FDRE,SLICE_X33Y237,SLICEL.DFF,1'b0
u_dut/pc1_a15[0]_i_1,LUT6,SLICE_X29Y239,SLICEL.B6LUT,64'h6996966996696996
u_dut/pc1_a15[1]_i_1,LUT6,SLICE_X29Y239,SLICEL.C6LUT,64'h8117177E177E7EE8
u_dut/pc1_a15[2]_i_1,LUT6,SLICE_X29Y239,SLICEL.D6LUT,64'hFEE8E880E8808000
u_dut/pc1_a15_reg[0],FDRE,SLICE_X29Y239,SLICEL.BFF,1'b0
u_dut/pc1_a15_reg[1],FDRE,SLICE_X29Y239,SLICEL.CFF,1'b0
u_dut/pc1_a15_reg[2],FDRE,SLICE_X29Y239,SLICEL.DFF,1'b0
u_dut/pc1_a16[0]_i_1,LUT6,SLICE_X34Y238,SLICEL.B6LUT,64'h6996966996696996
u_dut/pc1_a16[1]_i_1,LUT6,SLICE_X34Y238,SLICEL.C6LUT,64'h8117177E177E7EE8
u_dut/pc1_a16[2]_i_1,LUT6,SLICE_X34Y238,SLICEL.D6LUT,64'hFEE8E880E8808000
u_dut/pc1_a16_reg[0],FDRE,SLICE_X34Y238,SLICEL.BFF,1'b0
u_dut/pc1_a16_reg[1],FDRE,SLICE_X34Y238,SLICEL.CFF,1'b0
u_dut/pc1_a16_reg[2],FDRE,SLICE_X34Y238,SLICEL.DFF,1'b0
u_dut/pc1_a17[0]_i_1,LUT6,SLICE_X33Y231,SLICEL.B6LUT,64'h6996966996696996
u_dut/pc1_a17[1]_i_1,LUT6,SLICE_X33Y231,SLICEL.C6LUT,64'h8117177E177E7EE8
u_dut/pc1_a17[2]_i_1,LUT6,SLICE_X33Y231,SLICEL.D6LUT,64'hFEE8E880E8808000
u_dut/pc1_a17_reg[0],FDRE,SLICE_X33Y231,SLICEL.BFF,1'b0
u_dut/pc1_a17_reg[1],FDRE,SLICE_X33Y231,SLICEL.CFF,1'b0
u_dut/pc1_a17_reg[2],FDRE,SLICE_X33Y231,SLICEL.DFF,1'b0
u_dut/pc1_a18[0]_i_1,LUT6,SLICE_X35Y237,SLICEL.A6LUT,64'h6996966996696996
u_dut/pc1_a18[1]_i_1,LUT6,SLICE_X35Y237,SLICEL.B6LUT,64'h8117177E177E7EE8
u_dut/pc1_a18[2]_i_1,LUT6,SLICE_X35Y237,SLICEL.C6LUT,64'hFEE8E880E8808000
u_dut/pc1_a18_reg[0],FDRE,SLICE_X35Y237,SLICEL.AFF,1'b0
u_dut/pc1_a18_reg[1],FDRE,SLICE_X35Y237,SLICEL.BFF,1'b0
u_dut/pc1_a18_reg[2],FDRE,SLICE_X35Y237,SLICEL.CFF,1'b0
u_dut/pc1_a19[0]_i_1,LUT6,SLICE_X31Y238,SLICEL.B6LUT,64'h6996966996696996
u_dut/pc1_a19[1]_i_1,LUT6,SLICE_X31Y238,SLICEL.C6LUT,64'h8117177E177E7EE8
u_dut/pc1_a19[2]_i_1,LUT6,SLICE_X31Y238,SLICEL.D6LUT,64'hFEE8E880E8808000
u_dut/pc1_a19_reg[0],FDRE,SLICE_X31Y238,SLICEL.BFF,1'b0
u_dut/pc1_a19_reg[1],FDRE,SLICE_X31Y238,SLICEL.CFF,1'b0
u_dut/pc1_a19_reg[2],FDRE,SLICE_X31Y238,SLICEL.DFF,1'b0
u_dut/pc1_a1[0]_i_1,LUT6,SLICE_X33Y239,SLICEL.B6LUT,64'h6996966996696996
u_dut/pc1_a1[1]_i_1,LUT6,SLICE_X33Y239,SLICEL.C6LUT,64'h8117177E177E7EE8
u_dut/pc1_a1[2]_i_1,LUT6,SLICE_X33Y239,SLICEL.D6LUT,64'hFEE8E880E8808000
u_dut/pc1_a1_reg[0],FDRE,SLICE_X33Y239,SLICEL.BFF,1'b0
u_dut/pc1_a1_reg[1],FDRE,SLICE_X33Y239,SLICEL.CFF,1'b0
u_dut/pc1_a1_reg[2],FDRE,SLICE_X33Y239,SLICEL.DFF,1'b0
u_dut/pc1_a20[0]_i_1,LUT6,SLICE_X37Y235,SLICEL.A6LUT,64'h6996966996696996
u_dut/pc1_a20[1]_i_1,LUT6,SLICE_X37Y235,SLICEL.B6LUT,64'h8117177E177E7EE8
u_dut/pc1_a20[2]_i_1,LUT6,SLICE_X37Y235,SLICEL.C6LUT,64'hFEE8E880E8808000
u_dut/pc1_a20_reg[0],FDRE,SLICE_X37Y235,SLICEL.AFF,1'b0
u_dut/pc1_a20_reg[1],FDRE,SLICE_X37Y235,SLICEL.BFF,1'b0
u_dut/pc1_a20_reg[2],FDRE,SLICE_X37Y235,SLICEL.CFF,1'b0
u_dut/pc1_a21[0]_i_1,LUT6,SLICE_X34Y233,SLICEL.B6LUT,64'h6996966996696996
u_dut/pc1_a21[1]_i_1,LUT6,SLICE_X34Y233,SLICEL.C6LUT,64'h8117177E177E7EE8
u_dut/pc1_a21[2]_i_1,LUT6,SLICE_X34Y233,SLICEL.D6LUT,64'hFEE8E880E8808000
u_dut/pc1_a21_reg[0],FDRE,SLICE_X34Y233,SLICEL.BFF,1'b0
u_dut/pc1_a21_reg[1],FDRE,SLICE_X34Y233,SLICEL.CFF,1'b0
u_dut/pc1_a21_reg[2],FDRE,SLICE_X34Y233,SLICEL.DFF,1'b0
u_dut/pc1_a22[0]_i_1,LUT6,SLICE_X36Y234,SLICEL.B6LUT,64'h6996966996696996
u_dut/pc1_a22[1]_i_1,LUT6,SLICE_X36Y234,SLICEL.C6LUT,64'h8117177E177E7EE8
u_dut/pc1_a22[2]_i_1,LUT6,SLICE_X36Y234,SLICEL.D6LUT,64'hFEE8E880E8808000
u_dut/pc1_a22_reg[0],FDRE,SLICE_X36Y234,SLICEL.BFF,1'b0
u_dut/pc1_a22_reg[1],FDRE,SLICE_X36Y234,SLICEL.CFF,1'b0
u_dut/pc1_a22_reg[2],FDRE,SLICE_X36Y234,SLICEL.DFF,1'b0
u_dut/pc1_a23[0]_i_1,LUT6,SLICE_X33Y234,SLICEL.B6LUT,64'h6996966996696996
u_dut/pc1_a23[1]_i_1,LUT6,SLICE_X33Y234,SLICEL.C6LUT,64'h8117177E177E7EE8
u_dut/pc1_a23[2]_i_1,LUT6,SLICE_X33Y234,SLICEL.D6LUT,64'hFEE8E880E8808000
u_dut/pc1_a23_reg[0],FDRE,SLICE_X33Y234,SLICEL.BFF,1'b0
u_dut/pc1_a23_reg[1],FDRE,SLICE_X33Y234,SLICEL.CFF,1'b0
u_dut/pc1_a23_reg[2],FDRE,SLICE_X33Y234,SLICEL.DFF,1'b0
u_dut/pc1_a24[0]_i_1,LUT6,SLICE_X38Y235,SLICEM.A6LUT,64'h6996966996696996
u_dut/pc1_a24[1]_i_1,LUT6,SLICE_X38Y235,SLICEM.B6LUT,64'h8117177E177E7EE8
u_dut/pc1_a24[2]_i_1,LUT6,SLICE_X38Y235,SLICEM.C6LUT,64'hFEE8E880E8808000
u_dut/pc1_a24_reg[0],FDRE,SLICE_X38Y235,SLICEM.AFF,1'b0
u_dut/pc1_a24_reg[1],FDRE,SLICE_X38Y235,SLICEM.BFF,1'b0
u_dut/pc1_a24_reg[2],FDRE,SLICE_X38Y235,SLICEM.CFF,1'b0
u_dut/pc1_a25[0]_i_1,LUT6,SLICE_X39Y235,SLICEL.A6LUT,64'h6996966996696996
u_dut/pc1_a25[1]_i_1,LUT6,SLICE_X39Y235,SLICEL.B6LUT,64'h8117177E177E7EE8
u_dut/pc1_a25[2]_i_1,LUT6,SLICE_X39Y235,SLICEL.C6LUT,64'hFEE8E880E8808000
u_dut/pc1_a25_reg[0],FDRE,SLICE_X39Y235,SLICEL.AFF,1'b0
u_dut/pc1_a25_reg[1],FDRE,SLICE_X39Y235,SLICEL.BFF,1'b0
u_dut/pc1_a25_reg[2],FDRE,SLICE_X39Y235,SLICEL.CFF,1'b0
u_dut/pc1_a26[0]_i_1,LUT6,SLICE_X39Y233,SLICEL.A6LUT,64'h6996966996696996
u_dut/pc1_a26[1]_i_1,LUT6,SLICE_X39Y233,SLICEL.B6LUT,64'h8117177E177E7EE8
u_dut/pc1_a26[2]_i_1,LUT6,SLICE_X39Y233,SLICEL.C6LUT,64'hFEE8E880E8808000
u_dut/pc1_a26_reg[0],FDRE,SLICE_X39Y233,SLICEL.AFF,1'b0
u_dut/pc1_a26_reg[1],FDRE,SLICE_X39Y233,SLICEL.BFF,1'b0
u_dut/pc1_a26_reg[2],FDRE,SLICE_X39Y233,SLICEL.CFF,1'b0
u_dut/pc1_a27[0]_i_1,LUT6,SLICE_X38Y234,SLICEM.A6LUT,64'h6996966996696996
u_dut/pc1_a27[1]_i_1,LUT6,SLICE_X38Y234,SLICEM.B6LUT,64'h8117177E177E7EE8
u_dut/pc1_a27[2]_i_1,LUT6,SLICE_X38Y234,SLICEM.C6LUT,64'hFEE8E880E8808000
u_dut/pc1_a27_reg[0],FDRE,SLICE_X38Y234,SLICEM.AFF,1'b0
u_dut/pc1_a27_reg[1],FDRE,SLICE_X38Y234,SLICEM.BFF,1'b0
u_dut/pc1_a27_reg[2],FDRE,SLICE_X38Y234,SLICEM.CFF,1'b0
u_dut/pc1_a28[0]_i_1,LUT6,SLICE_X34Y235,SLICEL.B6LUT,64'h6996966996696996
u_dut/pc1_a28[1]_i_1,LUT6,SLICE_X34Y235,SLICEL.C6LUT,64'h8117177E177E7EE8
u_dut/pc1_a28[2]_i_1,LUT6,SLICE_X34Y235,SLICEL.D6LUT,64'hFEE8E880E8808000
u_dut/pc1_a28_reg[0],FDRE,SLICE_X34Y235,SLICEL.BFF,1'b0
u_dut/pc1_a28_reg[1],FDRE,SLICE_X34Y235,SLICEL.CFF,1'b0
u_dut/pc1_a28_reg[2],FDRE,SLICE_X34Y235,SLICEL.DFF,1'b0
u_dut/pc1_a29[0]_i_1,LUT6,SLICE_X36Y236,SLICEL.A6LUT,64'h6996966996696996
u_dut/pc1_a29[1]_i_1,LUT6,SLICE_X36Y236,SLICEL.B6LUT,64'h8117177E177E7EE8
u_dut/pc1_a29[2]_i_1,LUT6,SLICE_X36Y236,SLICEL.C6LUT,64'hFEE8E880E8808000
u_dut/pc1_a29_reg[0],FDRE,SLICE_X36Y236,SLICEL.AFF,1'b0
u_dut/pc1_a29_reg[1],FDRE,SLICE_X36Y236,SLICEL.BFF,1'b0
u_dut/pc1_a29_reg[2],FDRE,SLICE_X36Y236,SLICEL.CFF,1'b0
u_dut/pc1_a2[0]_i_1,LUT6,SLICE_X30Y240,SLICEL.A6LUT,64'h6996966996696996
u_dut/pc1_a2[1]_i_1,LUT6,SLICE_X30Y240,SLICEL.B6LUT,64'h8117177E177E7EE8
u_dut/pc1_a2[2]_i_1,LUT6,SLICE_X30Y240,SLICEL.C6LUT,64'hFEE8E880E8808000
u_dut/pc1_a2_reg[0],FDRE,SLICE_X30Y240,SLICEL.AFF,1'b0
u_dut/pc1_a2_reg[1],FDRE,SLICE_X30Y240,SLICEL.BFF,1'b0
u_dut/pc1_a2_reg[2],FDRE,SLICE_X30Y240,SLICEL.CFF,1'b0
u_dut/pc1_a30[0]_i_1,LUT6,SLICE_X29Y235,SLICEL.B6LUT,64'h6996966996696996
u_dut/pc1_a30[1]_i_1,LUT6,SLICE_X29Y235,SLICEL.C6LUT,64'h8117177E177E7EE8
u_dut/pc1_a30[2]_i_1,LUT6,SLICE_X29Y235,SLICEL.D6LUT,64'hFEE8E880E8808000
u_dut/pc1_a30_reg[0],FDRE,SLICE_X29Y235,SLICEL.BFF,1'b0
u_dut/pc1_a30_reg[1],FDRE,SLICE_X29Y235,SLICEL.CFF,1'b0
u_dut/pc1_a30_reg[2],FDRE,SLICE_X29Y235,SLICEL.DFF,1'b0
u_dut/pc1_a31[0]_i_1,LUT6,SLICE_X33Y233,SLICEL.B6LUT,64'h6996966996696996
u_dut/pc1_a31[1]_i_1,LUT6,SLICE_X33Y233,SLICEL.C6LUT,64'h8117177E177E7EE8
u_dut/pc1_a31[2]_i_1,LUT6,SLICE_X33Y233,SLICEL.D6LUT,64'hFEE8E880E8808000
u_dut/pc1_a31_reg[0],FDRE,SLICE_X33Y233,SLICEL.BFF,1'b0
u_dut/pc1_a31_reg[1],FDRE,SLICE_X33Y233,SLICEL.CFF,1'b0
u_dut/pc1_a31_reg[2],FDRE,SLICE_X33Y233,SLICEL.DFF,1'b0
u_dut/pc1_a32[0]_i_1,LUT6,SLICE_X35Y236,SLICEL.B6LUT,64'h6996966996696996
u_dut/pc1_a32[1]_i_1,LUT6,SLICE_X35Y236,SLICEL.C6LUT,64'h8117177E177E7EE8
u_dut/pc1_a32[2]_i_1,LUT6,SLICE_X35Y236,SLICEL.D6LUT,64'hFEE8E880E8808000
u_dut/pc1_a32_reg[0],FDRE,SLICE_X35Y236,SLICEL.BFF,1'b0
u_dut/pc1_a32_reg[1],FDRE,SLICE_X35Y236,SLICEL.CFF,1'b0
u_dut/pc1_a32_reg[2],FDRE,SLICE_X35Y236,SLICEL.DFF,1'b0
u_dut/pc1_a33[0]_i_1,LUT2,SLICE_X38Y235,SLICEM.D6LUT,4'h6
u_dut/pc1_a33[1]_i_1,LUT2,SLICE_X38Y235,SLICEM.D5LUT,4'h8
u_dut/pc1_a33_reg[0],FDRE,SLICE_X38Y235,SLICEM.DFF,1'b0
u_dut/pc1_a33_reg[1],FDRE,SLICE_X38Y235,SLICEM.D5FF,1'b0
u_dut/pc1_a3[0]_i_1,LUT6,SLICE_X32Y240,SLICEL.A6LUT,64'h6996966996696996
u_dut/pc1_a3[1]_i_1,LUT6,SLICE_X32Y240,SLICEL.B6LUT,64'h8117177E177E7EE8
u_dut/pc1_a3[2]_i_1,LUT6,SLICE_X32Y240,SLICEL.C6LUT,64'hFEE8E880E8808000
u_dut/pc1_a3_reg[0],FDRE,SLICE_X32Y240,SLICEL.AFF,1'b0
u_dut/pc1_a3_reg[1],FDRE,SLICE_X32Y240,SLICEL.BFF,1'b0
u_dut/pc1_a3_reg[2],FDRE,SLICE_X32Y240,SLICEL.CFF,1'b0
u_dut/pc1_a4[0]_i_1,LUT6,SLICE_X29Y236,SLICEL.B6LUT,64'h6996966996696996
u_dut/pc1_a4[1]_i_1,LUT6,SLICE_X29Y236,SLICEL.C6LUT,64'h8117177E177E7EE8
u_dut/pc1_a4[2]_i_1,LUT6,SLICE_X29Y236,SLICEL.D6LUT,64'hFEE8E880E8808000
u_dut/pc1_a4_reg[0],FDRE,SLICE_X29Y236,SLICEL.BFF,1'b0
u_dut/pc1_a4_reg[1],FDRE,SLICE_X29Y236,SLICEL.CFF,1'b0
u_dut/pc1_a4_reg[2],FDRE,SLICE_X29Y236,SLICEL.DFF,1'b0
u_dut/pc1_a5[0]_i_1,LUT6,SLICE_X33Y236,SLICEL.B6LUT,64'h6996966996696996
u_dut/pc1_a5[1]_i_1,LUT6,SLICE_X33Y236,SLICEL.C6LUT,64'h8117177E177E7EE8
u_dut/pc1_a5[2]_i_1,LUT6,SLICE_X33Y236,SLICEL.D6LUT,64'hFEE8E880E8808000
u_dut/pc1_a5_reg[0],FDRE,SLICE_X33Y236,SLICEL.BFF,1'b0
u_dut/pc1_a5_reg[1],FDRE,SLICE_X33Y236,SLICEL.CFF,1'b0
u_dut/pc1_a5_reg[2],FDRE,SLICE_X33Y236,SLICEL.DFF,1'b0
u_dut/pc1_a6[0]_i_1,LUT6,SLICE_X34Y236,SLICEL.B6LUT,64'h6996966996696996
u_dut/pc1_a6[1]_i_1,LUT6,SLICE_X34Y236,SLICEL.C6LUT,64'h8117177E177E7EE8
u_dut/pc1_a6[2]_i_1,LUT6,SLICE_X34Y236,SLICEL.D6LUT,64'hFEE8E880E8808000
u_dut/pc1_a6_reg[0],FDRE,SLICE_X34Y236,SLICEL.BFF,1'b0
u_dut/pc1_a6_reg[1],FDRE,SLICE_X34Y236,SLICEL.CFF,1'b0
u_dut/pc1_a6_reg[2],FDRE,SLICE_X34Y236,SLICEL.DFF,1'b0
u_dut/pc1_a7[0]_i_1,LUT6,SLICE_X28Y236,SLICEL.B6LUT,64'h6996966996696996
u_dut/pc1_a7[1]_i_1,LUT6,SLICE_X28Y236,SLICEL.C6LUT,64'h8117177E177E7EE8
u_dut/pc1_a7[2]_i_1,LUT6,SLICE_X28Y236,SLICEL.D6LUT,64'hFEE8E880E8808000
u_dut/pc1_a7_reg[0],FDRE,SLICE_X28Y236,SLICEL.BFF,1'b0
u_dut/pc1_a7_reg[1],FDRE,SLICE_X28Y236,SLICEL.CFF,1'b0
u_dut/pc1_a7_reg[2],FDRE,SLICE_X28Y236,SLICEL.DFF,1'b0
u_dut/pc1_a8[0]_i_1,LUT6,SLICE_X34Y234,SLICEL.B6LUT,64'h6996966996696996
u_dut/pc1_a8[1]_i_1,LUT6,SLICE_X34Y234,SLICEL.C6LUT,64'h8117177E177E7EE8
u_dut/pc1_a8[2]_i_1,LUT6,SLICE_X34Y234,SLICEL.D6LUT,64'hFEE8E880E8808000
u_dut/pc1_a8_reg[0],FDRE,SLICE_X34Y234,SLICEL.BFF,1'b0
u_dut/pc1_a8_reg[1],FDRE,SLICE_X34Y234,SLICEL.CFF,1'b0
u_dut/pc1_a8_reg[2],FDRE,SLICE_X34Y234,SLICEL.DFF,1'b0
u_dut/pc1_a9[0]_i_1,LUT6,SLICE_X30Y236,SLICEL.B6LUT,64'h6996966996696996
u_dut/pc1_a9[1]_i_1,LUT6,SLICE_X30Y236,SLICEL.C6LUT,64'h8117177E177E7EE8
u_dut/pc1_a9[2]_i_1,LUT6,SLICE_X30Y236,SLICEL.D6LUT,64'hFEE8E880E8808000
u_dut/pc1_a9_reg[0],FDRE,SLICE_X30Y236,SLICEL.BFF,1'b0
u_dut/pc1_a9_reg[1],FDRE,SLICE_X30Y236,SLICEL.CFF,1'b0
u_dut/pc1_a9_reg[2],FDRE,SLICE_X30Y236,SLICEL.DFF,1'b0
u_dut/pc1_r2_0[0]_i_1,LUT4,SLICE_X32Y240,SLICEL.D6LUT,16'h6996
u_dut/pc1_r2_0[1]_i_1,LUT5,SLICE_X33Y240,SLICEL.A6LUT,32'h81177EE8
u_dut/pc1_r2_0[1]_i_2,LUT4,SLICE_X33Y240,SLICEL.B6LUT,16'h6996
u_dut/pc1_r2_0[2]_i_1,LUT6,SLICE_X33Y240,SLICEL.C6LUT,64'h9669699666666666
u_dut/pc1_r2_0[2]_i_2,LUT5,SLICE_X33Y240,SLICEL.A5LUT,32'hFEE88000
u_dut/pc1_r2_0[2]_i_3,LUT5,SLICE_X33Y241,SLICEL.D6LUT,32'h96696996
u_dut/pc1_r2_0[3]_i_1,LUT6,SLICE_X33Y241,SLICEL.B6LUT,64'hA99595569556566A
u_dut/pc1_r2_0[4]_i_1,LUT6,SLICE_X33Y241,SLICEL.C6LUT,64'hFEEAEAA8EAA8A880
u_dut/pc1_r2_0[4]_i_2,LUT6,SLICE_X33Y240,SLICEL.D6LUT,64'hEBBEAAAA82280000
u_dut/pc1_r2_0[4]_i_3,LUT3,SLICE_X33Y240,SLICEL.B5LUT,8'hE8
u_dut/pc1_r2_0_reg[0],FDRE,SLICE_X32Y240,SLICEL.DFF,1'b0
u_dut/pc1_r2_0_reg[1],FDRE,SLICE_X37Y240,SLICEL.AFF,1'b0
u_dut/pc1_r2_0_reg[2],FDRE,SLICE_X33Y240,SLICEL.CFF,1'b0
u_dut/pc1_r2_0_reg[3],FDRE,SLICE_X33Y241,SLICEL.BFF,1'b0
u_dut/pc1_r2_0_reg[4],FDRE,SLICE_X33Y241,SLICEL.CFF,1'b0
u_dut/pc1_r2_1[0]_i_1,LUT4,SLICE_X36Y236,SLICEL.D6LUT,16'h6996
u_dut/pc1_r2_1[1]_i_1,LUT5,SLICE_X37Y236,SLICEL.A6LUT,32'h81177EE8
u_dut/pc1_r2_1[1]_i_2,LUT4,SLICE_X37Y236,SLICEL.B6LUT,16'h6996
u_dut/pc1_r2_1[2]_i_1,LUT6,SLICE_X37Y236,SLICEL.C6LUT,64'h9669699666666666
u_dut/pc1_r2_1[2]_i_2,LUT5,SLICE_X37Y236,SLICEL.A5LUT,32'hFEE88000
u_dut/pc1_r2_1[2]_i_3,LUT5,SLICE_X38Y236,SLICEM.D6LUT,32'h96696996
u_dut/pc1_r2_1[3]_i_1,LUT6,SLICE_X38Y237,SLICEM.A6LUT,64'hA99595569556566A
u_dut/pc1_r2_1[4]_i_1,LUT6,SLICE_X38Y237,SLICEM.B6LUT,64'hFEEAEAA8EAA8A880
u_dut/pc1_r2_1[4]_i_2,LUT6,SLICE_X37Y236,SLICEL.D6LUT,64'hEBBEAAAA82280000
u_dut/pc1_r2_1[4]_i_3,LUT3,SLICE_X37Y236,SLICEL.B5LUT,8'hE8
u_dut/pc1_r2_1_reg[0],FDRE,SLICE_X36Y236,SLICEL.DFF,1'b0
u_dut/pc1_r2_1_reg[1],FDRE,SLICE_X37Y239,SLICEL.A5FF,1'b0
u_dut/pc1_r2_1_reg[2],FDRE,SLICE_X37Y236,SLICEL.CFF,1'b0
u_dut/pc1_r2_1_reg[3],FDRE,SLICE_X38Y237,SLICEM.AFF,1'b0
u_dut/pc1_r2_1_reg[4],FDRE,SLICE_X38Y237,SLICEM.BFF,1'b0
u_dut/pc1_r2_2[0]_i_1,LUT4,SLICE_X35Y237,SLICEL.D6LUT,16'h6996
u_dut/pc1_r2_2[1]_i_1,LUT5,SLICE_X36Y237,SLICEL.A6LUT,32'h81177EE8
u_dut/pc1_r2_2[1]_i_2,LUT4,SLICE_X36Y237,SLICEL.B6LUT,16'h6996
u_dut/pc1_r2_2[2]_i_1,LUT6,SLICE_X36Y237,SLICEL.C6LUT,64'h9669699666666666
u_dut/pc1_r2_2[2]_i_2,LUT5,SLICE_X36Y237,SLICEL.A5LUT,32'hFEE88000
u_dut/pc1_r2_2[2]_i_3,LUT5,SLICE_X37Y237,SLICEL.C6LUT,32'h96696996
u_dut/pc1_r2_2[3]_i_1,LUT6,SLICE_X37Y237,SLICEL.A6LUT,64'hA99595569556566A
u_dut/pc1_r2_2[4]_i_1,LUT6,SLICE_X37Y237,SLICEL.B6LUT,64'hFEEAEAA8EAA8A880
u_dut/pc1_r2_2[4]_i_2,LUT6,SLICE_X36Y237,SLICEL.D6LUT,64'hEBBEAAAA82280000
u_dut/pc1_r2_2[4]_i_3,LUT3,SLICE_X36Y237,SLICEL.B5LUT,8'hE8
u_dut/pc1_r2_2_reg[0],FDRE,SLICE_X35Y237,SLICEL.DFF,1'b0
u_dut/pc1_r2_2_reg[1],FDRE,SLICE_X36Y239,SLICEL.A5FF,1'b0
u_dut/pc1_r2_2_reg[2],FDRE,SLICE_X36Y237,SLICEL.CFF,1'b0
u_dut/pc1_r2_2_reg[3],FDRE,SLICE_X37Y237,SLICEL.AFF,1'b0
u_dut/pc1_r2_2_reg[4],FDRE,SLICE_X37Y237,SLICEL.BFF,1'b0
u_dut/pc1_r2_3[0]_i_1,LUT4,SLICE_X35Y239,SLICEL.A6LUT,16'h6996
u_dut/pc1_r2_3[1]_i_1,LUT5,SLICE_X34Y239,SLICEL.A6LUT,32'h81177EE8
u_dut/pc1_r2_3[1]_i_2,LUT4,SLICE_X34Y239,SLICEL.B6LUT,16'h6996
u_dut/pc1_r2_3[2]_i_1,LUT6,SLICE_X34Y239,SLICEL.C6LUT,64'h9669699666666666
u_dut/pc1_r2_3[2]_i_2,LUT5,SLICE_X34Y239,SLICEL.A5LUT,32'hFEE88000
u_dut/pc1_r2_3[2]_i_3,LUT5,SLICE_X34Y240,SLICEL.D6LUT,32'h96696996
u_dut/pc1_r2_3[3]_i_1,LUT6,SLICE_X35Y240,SLICEL.A6LUT,64'hA99595569556566A
u_dut/pc1_r2_3[4]_i_1,LUT6,SLICE_X35Y240,SLICEL.B6LUT,64'hFEEAEAA8EAA8A880
u_dut/pc1_r2_3[4]_i_2,LUT6,SLICE_X34Y239,SLICEL.D6LUT,64'hEBBEAAAA82280000
u_dut/pc1_r2_3[4]_i_3,LUT3,SLICE_X34Y239,SLICEL.B5LUT,8'hE8
u_dut/pc1_r2_3_reg[0],FDRE,SLICE_X35Y239,SLICEL.AFF,1'b0
u_dut/pc1_r2_3_reg[1],FDRE,SLICE_X36Y239,SLICEL.B5FF,1'b0
u_dut/pc1_r2_3_reg[2],FDRE,SLICE_X34Y239,SLICEL.CFF,1'b0
u_dut/pc1_r2_3_reg[3],FDRE,SLICE_X35Y240,SLICEL.AFF,1'b0
u_dut/pc1_r2_3_reg[4],FDRE,SLICE_X35Y240,SLICEL.BFF,1'b0
u_dut/pc1_r2_4[0]_i_1,LUT4,SLICE_X39Y238,SLICEL.A6LUT,16'h6996
u_dut/pc1_r2_4[1]_i_1,LUT5,SLICE_X38Y238,SLICEM.A6LUT,32'h81177EE8
u_dut/pc1_r2_4[1]_i_2,LUT4,SLICE_X38Y238,SLICEM.B6LUT,16'h6996
u_dut/pc1_r2_4[2]_i_1,LUT6,SLICE_X38Y238,SLICEM.C6LUT,64'h9669699666666666
u_dut/pc1_r2_4[2]_i_2,LUT5,SLICE_X38Y238,SLICEM.A5LUT,32'hFEE88000
u_dut/pc1_r2_4[2]_i_3,LUT5,SLICE_X39Y238,SLICEL.D6LUT,32'h96696996
u_dut/pc1_r2_4[3]_i_1,LUT6,SLICE_X39Y238,SLICEL.B6LUT,64'hA99595569556566A
u_dut/pc1_r2_4[4]_i_1,LUT6,SLICE_X39Y238,SLICEL.C6LUT,64'hFEEAEAA8EAA8A880
u_dut/pc1_r2_4[4]_i_2,LUT6,SLICE_X38Y238,SLICEM.D6LUT,64'hEBBEAAAA82280000
u_dut/pc1_r2_4[4]_i_3,LUT3,SLICE_X38Y238,SLICEM.B5LUT,8'hE8
u_dut/pc1_r2_4_reg[0],FDRE,SLICE_X39Y238,SLICEL.AFF,1'b0
u_dut/pc1_r2_4_reg[1],FDRE,SLICE_X41Y238,SLICEL.AFF,1'b0
u_dut/pc1_r2_4_reg[2],FDRE,SLICE_X38Y238,SLICEM.CFF,1'b0
u_dut/pc1_r2_4_reg[3],FDRE,SLICE_X39Y238,SLICEL.BFF,1'b0
u_dut/pc1_r2_4_reg[4],FDRE,SLICE_X39Y238,SLICEL.CFF,1'b0
u_dut/pc1_r2_5[0]_i_1,LUT4,SLICE_X38Y234,SLICEM.D6LUT,16'h6996
u_dut/pc1_r2_5[1]_i_1,LUT5,SLICE_X39Y234,SLICEL.A6LUT,32'h81177EE8
u_dut/pc1_r2_5[1]_i_2,LUT4,SLICE_X39Y234,SLICEL.B6LUT,16'h6996
u_dut/pc1_r2_5[2]_i_1,LUT6,SLICE_X39Y234,SLICEL.C6LUT,64'h9669699666666666
u_dut/pc1_r2_5[2]_i_2,LUT5,SLICE_X39Y234,SLICEL.A5LUT,32'hFEE88000
u_dut/pc1_r2_5[2]_i_3,LUT5,SLICE_X40Y234,SLICEL.C6LUT,32'h96696996
u_dut/pc1_r2_5[3]_i_1,LUT6,SLICE_X40Y235,SLICEL.A6LUT,64'hA99595569556566A
u_dut/pc1_r2_5[4]_i_1,LUT6,SLICE_X40Y235,SLICEL.B6LUT,64'hFEEAEAA8EAA8A880
u_dut/pc1_r2_5[4]_i_2,LUT6,SLICE_X39Y234,SLICEL.D6LUT,64'hEBBEAAAA82280000
u_dut/pc1_r2_5[4]_i_3,LUT3,SLICE_X39Y234,SLICEL.B5LUT,8'hE8
u_dut/pc1_r2_5_reg[0],FDRE,SLICE_X38Y234,SLICEM.DFF,1'b0
u_dut/pc1_r2_5_reg[1],FDRE,SLICE_X39Y234,SLICEL.AFF,1'b0
u_dut/pc1_r2_5_reg[2],FDRE,SLICE_X39Y234,SLICEL.CFF,1'b0
u_dut/pc1_r2_5_reg[3],FDRE,SLICE_X40Y235,SLICEL.AFF,1'b0
u_dut/pc1_r2_5_reg[4],FDRE,SLICE_X40Y235,SLICEL.BFF,1'b0
u_dut/pc1_r2_6[0]_i_1,LUT4,SLICE_X40Y235,SLICEL.C6LUT,16'h6996
u_dut/pc1_r2_6[1]_i_1,LUT5,SLICE_X40Y235,SLICEL.D6LUT,32'h81177EE8
u_dut/pc1_r2_6[1]_i_2,LUT4,SLICE_X39Y235,SLICEL.D6LUT,16'h6996
u_dut/pc1_r2_6[2]_i_1,LUT6,SLICE_X41Y235,SLICEL.A6LUT,64'h9669699666666666
u_dut/pc1_r2_6[2]_i_2,LUT5,SLICE_X40Y235,SLICEL.D5LUT,32'hFEE88000
u_dut/pc1_r2_6[2]_i_3,LUT5,SLICE_X40Y234,SLICEL.D6LUT,32'h96696996
u_dut/pc1_r2_6[3]_i_1,LUT6,SLICE_X40Y234,SLICEL.A6LUT,64'hA99595569556566A
u_dut/pc1_r2_6[4]_i_1,LUT6,SLICE_X40Y234,SLICEL.B6LUT,64'hFEEAEAA8EAA8A880
u_dut/pc1_r2_6[4]_i_2,LUT6,SLICE_X41Y235,SLICEL.B6LUT,64'hEBBEAAAA82280000
u_dut/pc1_r2_6[4]_i_3,LUT3,SLICE_X39Y235,SLICEL.D5LUT,8'hE8
u_dut/pc1_r2_6_reg[0],FDRE,SLICE_X40Y235,SLICEL.CFF,1'b0
u_dut/pc1_r2_6_reg[1],FDRE,SLICE_X41Y238,SLICEL.BFF,1'b0
u_dut/pc1_r2_6_reg[2],FDRE,SLICE_X41Y235,SLICEL.AFF,1'b0
u_dut/pc1_r2_6_reg[3],FDRE,SLICE_X40Y234,SLICEL.AFF,1'b0
u_dut/pc1_r2_6_reg[4],FDRE,SLICE_X40Y234,SLICEL.BFF,1'b0
u_dut/pc1_r2_7[0]_i_1,LUT4,SLICE_X39Y237,SLICEL.A6LUT,16'h6996
u_dut/pc1_r2_7[1]_i_1,LUT5,SLICE_X39Y237,SLICEL.B6LUT,32'h81177EE8
u_dut/pc1_r2_7[1]_i_2,LUT4,SLICE_X39Y237,SLICEL.C6LUT,16'h6996
u_dut/pc1_r2_7[2]_i_1,LUT6,SLICE_X39Y237,SLICEL.D6LUT,64'h9669699666666666
u_dut/pc1_r2_7[2]_i_2,LUT5,SLICE_X39Y237,SLICEL.B5LUT,32'hFEE88000
u_dut/pc1_r2_7[2]_i_3,LUT5,SLICE_X39Y236,SLICEL.D6LUT,32'h96696996
u_dut/pc1_r2_7[3]_i_1,LUT6,SLICE_X39Y236,SLICEL.A6LUT,64'hA99595569556566A
u_dut/pc1_r2_7[4]_i_1,LUT6,SLICE_X39Y236,SLICEL.B6LUT,64'hFEEAEAA8EAA8A880
u_dut/pc1_r2_7[4]_i_2,LUT6,SLICE_X39Y236,SLICEL.C6LUT,64'hEBBEAAAA82280000
u_dut/pc1_r2_7[4]_i_3,LUT3,SLICE_X39Y237,SLICEL.C5LUT,8'hE8
u_dut/pc1_r2_7_reg[0],FDRE,SLICE_X39Y237,SLICEL.AFF,1'b0
u_dut/pc1_r2_7_reg[1],FDRE,SLICE_X39Y237,SLICEL.A5FF,1'b0
u_dut/pc1_r2_7_reg[2],FDRE,SLICE_X39Y237,SLICEL.DFF,1'b0
u_dut/pc1_r2_7_reg[3],FDRE,SLICE_X39Y236,SLICEL.AFF,1'b0
u_dut/pc1_r2_7_reg[4],FDRE,SLICE_X39Y236,SLICEL.BFF,1'b0
u_dut/pc1_r2_8[0]_i_1,LUT2,SLICE_X38Y236,SLICEM.A6LUT,4'h6
u_dut/pc1_r2_8[1]_i_1,LUT4,SLICE_X38Y236,SLICEM.A5LUT,16'h8778
u_dut/pc1_r2_8[2]_i_1,LUT5,SLICE_X38Y236,SLICEM.B6LUT,32'h077FF880
u_dut/pc1_r2_8[3]_i_1,LUT5,SLICE_X38Y236,SLICEM.B5LUT,32'hAA808000
u_dut/pc1_r2_8_reg[0],FDRE,SLICE_X38Y236,SLICEM.AFF,1'b0
u_dut/pc1_r2_8_reg[1],FDRE,SLICE_X38Y236,SLICEM.A5FF,1'b0
u_dut/pc1_r2_8_reg[2],FDRE,SLICE_X38Y236,SLICEM.BFF,1'b0
u_dut/pc1_r2_8_reg[3],FDRE,SLICE_X38Y236,SLICEM.B5FF,1'b0
u_dut/pc1_r4_0[3]_i_2,LUT5,SLICE_X37Y240,SLICEL.C6LUT,32'hEEE8E888
u_dut/pc1_r4_0[3]_i_3,LUT5,SLICE_X37Y240,SLICEL.C5LUT,32'hE81717E8
u_dut/pc1_r4_0[3]_i_4,LUT4,SLICE_X37Y240,SLICEL.D6LUT,16'h6996
u_dut/pc1_r4_0[3]_i_5,LUT6,SLICE_X36Y239,SLICEL.D6LUT,64'h6969699669969696
u_dut/pc1_r4_0[3]_i_6,LUT6,SLICE_X36Y239,SLICEL.C6LUT,64'h6999999699969666
u_dut/pc1_r4_0[3]_i_7,LUT4,SLICE_X36Y239,SLICEL.B6LUT,16'h566A
u_dut/pc1_r4_0[3]_i_8,LUT4,SLICE_X36Y239,SLICEL.A6LUT,16'h6996
u_dut/pc1_r4_0[3]_i_9,LUT3,SLICE_X37Y240,SLICEL.B6LUT,8'h96
u_dut/pc1_r4_0[6]_i_2,LUT5,SLICE_X38Y240,SLICEM.A6LUT,32'hEEE8E888
u_dut/pc1_r4_0[6]_i_3,LUT5,SLICE_X37Y240,SLICEL.B5LUT,32'hEEE8E888
u_dut/pc1_r4_0[6]_i_4,LUT5,SLICE_X36Y240,SLICEL.B6LUT,32'h177E7EE8
u_dut/pc1_r4_0[6]_i_5,LUT6,SLICE_X36Y240,SLICEL.A6LUT,64'h6969699669969696
u_dut/pc1_r4_0[6]_i_6,LUT3,SLICE_X38Y240,SLICEM.B6LUT,8'h96
u_dut/pc1_r4_0[6]_i_7,LUT3,SLICE_X37Y240,SLICEL.A6LUT,8'h96
u_dut/pc1_r4_0[6]_i_8,LUT3,SLICE_X37Y240,SLICEL.A5LUT,8'hE8
u_dut/pc1_r4_0_reg[0],FDRE,SLICE_X36Y239,SLICEL.AFF,1'b0
u_dut/pc1_r4_0_reg[1],FDRE,SLICE_X36Y239,SLICEL.BFF,1'b0
u_dut/pc1_r4_0_reg[2],FDRE,SLICE_X36Y239,SLICEL.CFF,1'b0
u_dut/pc1_r4_0_reg[3],FDRE,SLICE_X36Y239,SLICEL.DFF,1'b0
u_dut/pc1_r4_0_reg[3]_i_1,CARRY4,SLICE_X36Y239,SLICEL.CARRY4,
u_dut/pc1_r4_0_reg[4],FDRE,SLICE_X36Y240,SLICEL.AFF,1'b0
u_dut/pc1_r4_0_reg[5],FDRE,SLICE_X36Y240,SLICEL.BFF,1'b0
u_dut/pc1_r4_0_reg[6],FDRE,SLICE_X36Y240,SLICEL.CFF,1'b0
u_dut/pc1_r4_0_reg[6]_i_1,CARRY4,SLICE_X36Y240,SLICEL.CARRY4,
u_dut/pc1_r4_1[3]_i_2,LUT5,SLICE_X41Y238,SLICEL.B6LUT,32'hEEE8E888
u_dut/pc1_r4_1[3]_i_3,LUT5,SLICE_X41Y238,SLICEL.B5LUT,32'hE81717E8
u_dut/pc1_r4_1[3]_i_4,LUT4,SLICE_X41Y238,SLICEL.C6LUT,16'h6996
u_dut/pc1_r4_1[3]_i_5,LUT6,SLICE_X40Y238,SLICEL.D6LUT,64'h6969699669969696
u_dut/pc1_r4_1[3]_i_6,LUT6,SLICE_X40Y238,SLICEL.C6LUT,64'h6999999699969666
u_dut/pc1_r4_1[3]_i_7,LUT4,SLICE_X40Y238,SLICEL.B6LUT,16'h566A
u_dut/pc1_r4_1[3]_i_8,LUT4,SLICE_X40Y238,SLICEL.A6LUT,16'h6996
u_dut/pc1_r4_1[3]_i_9,LUT3,SLICE_X41Y238,SLICEL.A6LUT,8'h96
u_dut/pc1_r4_1[6]_i_2,LUT5,SLICE_X41Y239,SLICEL.B6LUT,32'hEEE8E888
u_dut/pc1_r4_1[6]_i_3,LUT5,SLICE_X41Y238,SLICEL.A5LUT,32'hEEE8E888
u_dut/pc1_r4_1[6]_i_4,LUT5,SLICE_X40Y239,SLICEL.B6LUT,32'h177E7EE8
u_dut/pc1_r4_1[6]_i_5,LUT6,SLICE_X40Y239,SLICEL.A6LUT,64'h6969699669969696
u_dut/pc1_r4_1[6]_i_6,LUT3,SLICE_X41Y239,SLICEL.C6LUT,8'h96
u_dut/pc1_r4_1[6]_i_7,LUT3,SLICE_X41Y239,SLICEL.A6LUT,8'h96
u_dut/pc1_r4_1[6]_i_8,LUT3,SLICE_X41Y239,SLICEL.A5LUT,8'hE8
u_dut/pc1_r4_1_reg[0],FDRE,SLICE_X40Y238,SLICEL.AFF,1'b0
u_dut/pc1_r4_1_reg[1],FDRE,SLICE_X40Y238,SLICEL.BFF,1'b0
u_dut/pc1_r4_1_reg[2],FDRE,SLICE_X40Y238,SLICEL.CFF,1'b0
u_dut/pc1_r4_1_reg[3],FDRE,SLICE_X40Y238,SLICEL.DFF,1'b0
u_dut/pc1_r4_1_reg[3]_i_1,CARRY4,SLICE_X40Y238,SLICEL.CARRY4,
u_dut/pc1_r4_1_reg[4],FDRE,SLICE_X40Y239,SLICEL.AFF,1'b0
u_dut/pc1_r4_1_reg[5],FDRE,SLICE_X40Y239,SLICEL.BFF,1'b0
u_dut/pc1_r4_1_reg[6],FDRE,SLICE_X40Y239,SLICEL.CFF,1'b0
u_dut/pc1_r4_1_reg[6]_i_1,CARRY4,SLICE_X40Y239,SLICEL.CARRY4,
u_dut/pc1_r4_2_reg[0],FDRE,SLICE_X36Y237,SLICEL.AFF,1'b0
u_dut/pc1_r4_2_reg[1],FDRE,SLICE_X37Y237,SLICEL.A5FF,1'b0
u_dut/pc1_r4_2_reg[2],FDRE,SLICE_X39Y236,SLICEL.A5FF,1'b0
u_dut/pc1_r4_2_reg[3],FDRE,SLICE_X37Y237,SLICEL.B5FF,1'b0
u_dut/pc1_r6_0[3]_i_2,LUT3,SLICE_X37Y238,SLICEL.C5LUT,8'hE8
u_dut/pc1_r6_0[3]_i_3,LUT3,SLICE_X37Y238,SLICEL.B5LUT,8'hE8
u_dut/pc1_r6_0[3]_i_4,LUT3,SLICE_X37Y238,SLICEL.A5LUT,8'hE8
u_dut/pc1_r6_0[3]_i_5,LUT4,SLICE_X37Y238,SLICEL.D6LUT,16'h6996
u_dut/pc1_r6_0[3]_i_6,LUT4,SLICE_X37Y238,SLICEL.C6LUT,16'h6996
u_dut/pc1_r6_0[3]_i_7,LUT4,SLICE_X37Y238,SLICEL.B6LUT,16'h6996
u_dut/pc1_r6_0[3]_i_8,LUT3,SLICE_X37Y238,SLICEL.A6LUT,8'h96
u_dut/pc1_r6_0[7]_i_2,LUT2,SLICE_X37Y239,SLICEL.C5LUT,4'h8
u_dut/pc1_r6_0[7]_i_3,LUT2,SLICE_X37Y239,SLICEL.B5LUT,4'h8
u_dut/pc1_r6_0[7]_i_4,LUT3,SLICE_X37Y239,SLICEL.A5LUT,8'hE8
u_dut/pc1_r6_0[7]_i_5,LUT2,SLICE_X37Y239,SLICEL.D6LUT,4'h8
u_dut/pc1_r6_0[7]_i_6,LUT4,SLICE_X37Y239,SLICEL.C6LUT,16'h8778
u_dut/pc1_r6_0[7]_i_7,LUT4,SLICE_X37Y239,SLICEL.B6LUT,16'h8778
u_dut/pc1_r6_0[7]_i_8,LUT5,SLICE_X37Y239,SLICEL.A6LUT,32'hE81717E8
u_dut/pc1_r6_0_reg[0],FDRE,SLICE_X37Y238,SLICEL.AFF,1'b0
u_dut/pc1_r6_0_reg[1],FDRE,SLICE_X37Y238,SLICEL.BFF,1'b0
u_dut/pc1_r6_0_reg[2],FDRE,SLICE_X37Y238,SLICEL.CFF,1'b0
u_dut/pc1_r6_0_reg[3],FDRE,SLICE_X37Y238,SLICEL.DFF,1'b0
u_dut/pc1_r6_0_reg[3]_i_1,CARRY4,SLICE_X37Y238,SLICEL.CARRY4,
u_dut/pc1_r6_0_reg[4],FDRE,SLICE_X37Y239,SLICEL.AFF,1'b0
u_dut/pc1_r6_0_reg[5],FDRE,SLICE_X37Y239,SLICEL.BFF,1'b0
u_dut/pc1_r6_0_reg[6],FDRE,SLICE_X37Y239,SLICEL.CFF,1'b0
u_dut/pc1_r6_0_reg[7],FDRE,SLICE_X37Y239,SLICEL.DFF,1'b0
u_dut/pc1_r6_0_reg[7]_i_1,CARRY4,SLICE_X37Y239,SLICEL.CARRY4,
u_dut/pc2_a0[0]_i_1,LUT6,SLICE_X28Y223,SLICEL.B6LUT,64'h6996966996696996
u_dut/pc2_a0[1]_i_1,LUT6,SLICE_X28Y223,SLICEL.C6LUT,64'h8117177E177E7EE8
u_dut/pc2_a0[2]_i_1,LUT6,SLICE_X28Y223,SLICEL.D6LUT,64'hFEE8E880E8808000
u_dut/pc2_a0_reg[0],FDRE,SLICE_X28Y223,SLICEL.BFF,1'b0
u_dut/pc2_a0_reg[1],FDRE,SLICE_X28Y223,SLICEL.CFF,1'b0
u_dut/pc2_a0_reg[2],FDRE,SLICE_X28Y223,SLICEL.DFF,1'b0
u_dut/pc2_a10[0]_i_1,LUT6,SLICE_X35Y223,SLICEL.B6LUT,64'h6996966996696996
u_dut/pc2_a10[1]_i_1,LUT6,SLICE_X35Y223,SLICEL.C6LUT,64'h8117177E177E7EE8
u_dut/pc2_a10[2]_i_1,LUT6,SLICE_X35Y223,SLICEL.D6LUT,64'hFEE8E880E8808000
u_dut/pc2_a10_reg[0],FDRE,SLICE_X35Y223,SLICEL.BFF,1'b0
u_dut/pc2_a10_reg[1],FDRE,SLICE_X35Y223,SLICEL.CFF,1'b0
u_dut/pc2_a10_reg[2],FDRE,SLICE_X35Y223,SLICEL.DFF,1'b0
u_dut/pc2_a11[0]_i_1,LUT6,SLICE_X36Y225,SLICEL.A6LUT,64'h6996966996696996
u_dut/pc2_a11[1]_i_1,LUT6,SLICE_X37Y225,SLICEL.A6LUT,64'h8117177E177E7EE8
u_dut/pc2_a11[2]_i_1,LUT6,SLICE_X37Y225,SLICEL.B6LUT,64'hFEE8E880E8808000
u_dut/pc2_a11_reg[0],FDRE,SLICE_X36Y225,SLICEL.AFF,1'b0
u_dut/pc2_a11_reg[1],FDRE,SLICE_X37Y225,SLICEL.AFF,1'b0
u_dut/pc2_a11_reg[2],FDRE,SLICE_X37Y225,SLICEL.BFF,1'b0
u_dut/pc2_a12[0]_i_1,LUT6,SLICE_X25Y225,SLICEL.B6LUT,64'h6996966996696996
u_dut/pc2_a12[1]_i_1,LUT6,SLICE_X25Y225,SLICEL.C6LUT,64'h8117177E177E7EE8
u_dut/pc2_a12[2]_i_1,LUT6,SLICE_X25Y225,SLICEL.D6LUT,64'hFEE8E880E8808000
u_dut/pc2_a12_reg[0],FDRE,SLICE_X25Y225,SLICEL.BFF,1'b0
u_dut/pc2_a12_reg[1],FDRE,SLICE_X25Y225,SLICEL.CFF,1'b0
u_dut/pc2_a12_reg[2],FDRE,SLICE_X25Y225,SLICEL.DFF,1'b0
u_dut/pc2_a13[0]_i_1,LUT6,SLICE_X36Y225,SLICEL.B6LUT,64'h6996966996696996
u_dut/pc2_a13[1]_i_1,LUT6,SLICE_X36Y225,SLICEL.C6LUT,64'h8117177E177E7EE8
u_dut/pc2_a13[2]_i_1,LUT6,SLICE_X36Y225,SLICEL.D6LUT,64'hFEE8E880E8808000
u_dut/pc2_a13_reg[0],FDRE,SLICE_X36Y225,SLICEL.BFF,1'b0
u_dut/pc2_a13_reg[1],FDRE,SLICE_X36Y225,SLICEL.CFF,1'b0
u_dut/pc2_a13_reg[2],FDRE,SLICE_X36Y225,SLICEL.DFF,1'b0
u_dut/pc2_a14[0]_i_1,LUT6,SLICE_X32Y225,SLICEL.B6LUT,64'h6996966996696996
u_dut/pc2_a14[1]_i_1,LUT6,SLICE_X32Y225,SLICEL.C6LUT,64'h8117177E177E7EE8
u_dut/pc2_a14[2]_i_1,LUT6,SLICE_X32Y225,SLICEL.D6LUT,64'hFEE8E880E8808000
u_dut/pc2_a14_reg[0],FDRE,SLICE_X32Y225,SLICEL.BFF,1'b0
u_dut/pc2_a14_reg[1],FDRE,SLICE_X32Y225,SLICEL.CFF,1'b0
u_dut/pc2_a14_reg[2],FDRE,SLICE_X32Y225,SLICEL.DFF,1'b0
u_dut/pc2_a15[0]_i_1,LUT6,SLICE_X38Y226,SLICEM.A6LUT,64'h6996966996696996
u_dut/pc2_a15[1]_i_1,LUT6,SLICE_X38Y226,SLICEM.B6LUT,64'h8117177E177E7EE8
u_dut/pc2_a15[2]_i_1,LUT6,SLICE_X38Y226,SLICEM.C6LUT,64'hFEE8E880E8808000
u_dut/pc2_a15_reg[0],FDRE,SLICE_X38Y226,SLICEM.AFF,1'b0
u_dut/pc2_a15_reg[1],FDRE,SLICE_X38Y226,SLICEM.BFF,1'b0
u_dut/pc2_a15_reg[2],FDRE,SLICE_X38Y226,SLICEM.CFF,1'b0
u_dut/pc2_a16[0]_i_1,LUT6,SLICE_X24Y221,SLICEL.B6LUT,64'h6996966996696996
u_dut/pc2_a16[1]_i_1,LUT6,SLICE_X24Y221,SLICEL.C6LUT,64'h8117177E177E7EE8
u_dut/pc2_a16[2]_i_1,LUT6,SLICE_X24Y221,SLICEL.D6LUT,64'hFEE8E880E8808000
u_dut/pc2_a16_reg[0],FDRE,SLICE_X24Y221,SLICEL.BFF,1'b0
u_dut/pc2_a16_reg[1],FDRE,SLICE_X24Y221,SLICEL.CFF,1'b0
u_dut/pc2_a16_reg[2],FDRE,SLICE_X24Y221,SLICEL.DFF,1'b0
u_dut/pc2_a17[0]_i_1,LUT6,SLICE_X30Y222,SLICEL.B6LUT,64'h6996966996696996
u_dut/pc2_a17[1]_i_1,LUT6,SLICE_X30Y222,SLICEL.C6LUT,64'h8117177E177E7EE8
u_dut/pc2_a17[2]_i_1,LUT6,SLICE_X30Y222,SLICEL.D6LUT,64'hFEE8E880E8808000
u_dut/pc2_a17_reg[0],FDRE,SLICE_X30Y222,SLICEL.BFF,1'b0
u_dut/pc2_a17_reg[1],FDRE,SLICE_X30Y222,SLICEL.CFF,1'b0
u_dut/pc2_a17_reg[2],FDRE,SLICE_X30Y222,SLICEL.DFF,1'b0
u_dut/pc2_a18[0]_i_1,LUT6,SLICE_X29Y223,SLICEL.B6LUT,64'h6996966996696996
u_dut/pc2_a18[1]_i_1,LUT6,SLICE_X29Y223,SLICEL.C6LUT,64'h8117177E177E7EE8
u_dut/pc2_a18[2]_i_1,LUT6,SLICE_X29Y223,SLICEL.D6LUT,64'hFEE8E880E8808000
u_dut/pc2_a18_reg[0],FDRE,SLICE_X29Y223,SLICEL.BFF,1'b0
u_dut/pc2_a18_reg[1],FDRE,SLICE_X29Y223,SLICEL.CFF,1'b0
u_dut/pc2_a18_reg[2],FDRE,SLICE_X29Y223,SLICEL.DFF,1'b0
u_dut/pc2_a19[0]_i_1,LUT6,SLICE_X30Y228,SLICEL.B6LUT,64'h6996966996696996
u_dut/pc2_a19[1]_i_1,LUT6,SLICE_X30Y228,SLICEL.C6LUT,64'h8117177E177E7EE8
u_dut/pc2_a19[2]_i_1,LUT6,SLICE_X30Y228,SLICEL.D6LUT,64'hFEE8E880E8808000
u_dut/pc2_a19_reg[0],FDRE,SLICE_X30Y228,SLICEL.BFF,1'b0
u_dut/pc2_a19_reg[1],FDRE,SLICE_X30Y228,SLICEL.CFF,1'b0
u_dut/pc2_a19_reg[2],FDRE,SLICE_X30Y228,SLICEL.DFF,1'b0
u_dut/pc2_a1[0]_i_1,LUT6,SLICE_X25Y223,SLICEL.A6LUT,64'h6996966996696996
u_dut/pc2_a1[1]_i_1,LUT6,SLICE_X25Y223,SLICEL.B6LUT,64'h8117177E177E7EE8
u_dut/pc2_a1[2]_i_1,LUT6,SLICE_X25Y223,SLICEL.C6LUT,64'hFEE8E880E8808000
u_dut/pc2_a1_reg[0],FDRE,SLICE_X25Y223,SLICEL.AFF,1'b0
u_dut/pc2_a1_reg[1],FDRE,SLICE_X25Y223,SLICEL.BFF,1'b0
u_dut/pc2_a1_reg[2],FDRE,SLICE_X25Y223,SLICEL.CFF,1'b0
u_dut/pc2_a20[0]_i_1,LUT6,SLICE_X28Y222,SLICEL.B6LUT,64'h6996966996696996
u_dut/pc2_a20[1]_i_1,LUT6,SLICE_X28Y222,SLICEL.C6LUT,64'h8117177E177E7EE8
u_dut/pc2_a20[2]_i_1,LUT6,SLICE_X28Y222,SLICEL.D6LUT,64'hFEE8E880E8808000
u_dut/pc2_a20_reg[0],FDRE,SLICE_X28Y222,SLICEL.BFF,1'b0
u_dut/pc2_a20_reg[1],FDRE,SLICE_X28Y222,SLICEL.CFF,1'b0
u_dut/pc2_a20_reg[2],FDRE,SLICE_X28Y222,SLICEL.DFF,1'b0
u_dut/pc2_a21[0]_i_1,LUT6,SLICE_X31Y224,SLICEL.B6LUT,64'h6996966996696996
u_dut/pc2_a21[1]_i_1,LUT6,SLICE_X31Y224,SLICEL.C6LUT,64'h8117177E177E7EE8
u_dut/pc2_a21[2]_i_1,LUT6,SLICE_X31Y224,SLICEL.D6LUT,64'hFEE8E880E8808000
u_dut/pc2_a21_reg[0],FDRE,SLICE_X31Y224,SLICEL.BFF,1'b0
u_dut/pc2_a21_reg[1],FDRE,SLICE_X31Y224,SLICEL.CFF,1'b0
u_dut/pc2_a21_reg[2],FDRE,SLICE_X31Y224,SLICEL.DFF,1'b0
u_dut/pc2_a22[0]_i_1,LUT6,SLICE_X29Y221,SLICEL.B6LUT,64'h6996966996696996
u_dut/pc2_a22[1]_i_1,LUT6,SLICE_X29Y221,SLICEL.C6LUT,64'h8117177E177E7EE8
u_dut/pc2_a22[2]_i_1,LUT6,SLICE_X29Y221,SLICEL.D6LUT,64'hFEE8E880E8808000
u_dut/pc2_a22_reg[0],FDRE,SLICE_X29Y221,SLICEL.BFF,1'b0
u_dut/pc2_a22_reg[1],FDRE,SLICE_X29Y221,SLICEL.CFF,1'b0
u_dut/pc2_a22_reg[2],FDRE,SLICE_X29Y221,SLICEL.DFF,1'b0
u_dut/pc2_a23[0]_i_1,LUT6,SLICE_X29Y224,SLICEL.B6LUT,64'h6996966996696996
u_dut/pc2_a23[1]_i_1,LUT6,SLICE_X29Y224,SLICEL.C6LUT,64'h8117177E177E7EE8
u_dut/pc2_a23[2]_i_1,LUT6,SLICE_X29Y224,SLICEL.D6LUT,64'hFEE8E880E8808000
u_dut/pc2_a23_reg[0],FDRE,SLICE_X29Y224,SLICEL.BFF,1'b0
u_dut/pc2_a23_reg[1],FDRE,SLICE_X29Y224,SLICEL.CFF,1'b0
u_dut/pc2_a23_reg[2],FDRE,SLICE_X29Y224,SLICEL.DFF,1'b0
u_dut/pc2_a24[0]_i_1,LUT6,SLICE_X31Y222,SLICEL.B6LUT,64'h6996966996696996
u_dut/pc2_a24[1]_i_1,LUT6,SLICE_X31Y222,SLICEL.C6LUT,64'h8117177E177E7EE8
u_dut/pc2_a24[2]_i_1,LUT6,SLICE_X31Y222,SLICEL.D6LUT,64'hFEE8E880E8808000
u_dut/pc2_a24_reg[0],FDRE,SLICE_X31Y222,SLICEL.BFF,1'b0
u_dut/pc2_a24_reg[1],FDRE,SLICE_X31Y222,SLICEL.CFF,1'b0
u_dut/pc2_a24_reg[2],FDRE,SLICE_X31Y222,SLICEL.DFF,1'b0
u_dut/pc2_a25[0]_i_1,LUT6,SLICE_X32Y222,SLICEL.B6LUT,64'h6996966996696996
u_dut/pc2_a25[1]_i_1,LUT6,SLICE_X32Y222,SLICEL.C6LUT,64'h8117177E177E7EE8
u_dut/pc2_a25[2]_i_1,LUT6,SLICE_X32Y222,SLICEL.D6LUT,64'hFEE8E880E8808000
u_dut/pc2_a25_reg[0],FDRE,SLICE_X32Y222,SLICEL.BFF,1'b0
u_dut/pc2_a25_reg[1],FDRE,SLICE_X32Y222,SLICEL.CFF,1'b0
u_dut/pc2_a25_reg[2],FDRE,SLICE_X32Y222,SLICEL.DFF,1'b0
u_dut/pc2_a26[0]_i_1,LUT6,SLICE_X32Y221,SLICEL.B6LUT,64'h6996966996696996
u_dut/pc2_a26[1]_i_1,LUT6,SLICE_X32Y221,SLICEL.C6LUT,64'h8117177E177E7EE8
u_dut/pc2_a26[2]_i_1,LUT6,SLICE_X32Y221,SLICEL.D6LUT,64'hFEE8E880E8808000
u_dut/pc2_a26_reg[0],FDRE,SLICE_X32Y221,SLICEL.BFF,1'b0
u_dut/pc2_a26_reg[1],FDRE,SLICE_X32Y221,SLICEL.CFF,1'b0
u_dut/pc2_a26_reg[2],FDRE,SLICE_X32Y221,SLICEL.DFF,1'b0
u_dut/pc2_a27[0]_i_1,LUT6,SLICE_X33Y223,SLICEL.B6LUT,64'h6996966996696996
u_dut/pc2_a27[1]_i_1,LUT6,SLICE_X33Y223,SLICEL.C6LUT,64'h8117177E177E7EE8
u_dut/pc2_a27[2]_i_1,LUT6,SLICE_X33Y223,SLICEL.D6LUT,64'hFEE8E880E8808000
u_dut/pc2_a27_reg[0],FDRE,SLICE_X33Y223,SLICEL.BFF,1'b0
u_dut/pc2_a27_reg[1],FDRE,SLICE_X33Y223,SLICEL.CFF,1'b0
u_dut/pc2_a27_reg[2],FDRE,SLICE_X33Y223,SLICEL.DFF,1'b0
u_dut/pc2_a28[0]_i_1,LUT6,SLICE_X32Y226,SLICEL.B6LUT,64'h6996966996696996
u_dut/pc2_a28[1]_i_1,LUT6,SLICE_X32Y226,SLICEL.C6LUT,64'h8117177E177E7EE8
u_dut/pc2_a28[2]_i_1,LUT6,SLICE_X32Y226,SLICEL.D6LUT,64'hFEE8E880E8808000
u_dut/pc2_a28_reg[0],FDRE,SLICE_X32Y226,SLICEL.BFF,1'b0
u_dut/pc2_a28_reg[1],FDRE,SLICE_X32Y226,SLICEL.CFF,1'b0
u_dut/pc2_a28_reg[2],FDRE,SLICE_X32Y226,SLICEL.DFF,1'b0
u_dut/pc2_a29[0]_i_1,LUT6,SLICE_X33Y224,SLICEL.B6LUT,64'h6996966996696996
u_dut/pc2_a29[1]_i_1,LUT6,SLICE_X33Y224,SLICEL.C6LUT,64'h8117177E177E7EE8
u_dut/pc2_a29[2]_i_1,LUT6,SLICE_X33Y224,SLICEL.D6LUT,64'hFEE8E880E8808000
u_dut/pc2_a29_reg[0],FDRE,SLICE_X33Y224,SLICEL.BFF,1'b0
u_dut/pc2_a29_reg[1],FDRE,SLICE_X33Y224,SLICEL.CFF,1'b0
u_dut/pc2_a29_reg[2],FDRE,SLICE_X33Y224,SLICEL.DFF,1'b0
u_dut/pc2_a2[0]_i_1,LUT6,SLICE_X27Y224,SLICEL.B6LUT,64'h6996966996696996
u_dut/pc2_a2[1]_i_1,LUT6,SLICE_X27Y224,SLICEL.C6LUT,64'h8117177E177E7EE8
u_dut/pc2_a2[2]_i_1,LUT6,SLICE_X27Y224,SLICEL.D6LUT,64'hFEE8E880E8808000
u_dut/pc2_a2_reg[0],FDRE,SLICE_X27Y224,SLICEL.BFF,1'b0
u_dut/pc2_a2_reg[1],FDRE,SLICE_X27Y224,SLICEL.CFF,1'b0
u_dut/pc2_a2_reg[2],FDRE,SLICE_X27Y224,SLICEL.DFF,1'b0
u_dut/pc2_a30[0]_i_1,LUT6,SLICE_X33Y222,SLICEL.B6LUT,64'h6996966996696996
u_dut/pc2_a30[1]_i_1,LUT6,SLICE_X33Y222,SLICEL.C6LUT,64'h8117177E177E7EE8
u_dut/pc2_a30[2]_i_1,LUT6,SLICE_X33Y222,SLICEL.D6LUT,64'hFEE8E880E8808000
u_dut/pc2_a30_reg[0],FDRE,SLICE_X33Y222,SLICEL.BFF,1'b0
u_dut/pc2_a30_reg[1],FDRE,SLICE_X33Y222,SLICEL.CFF,1'b0
u_dut/pc2_a30_reg[2],FDRE,SLICE_X33Y222,SLICEL.DFF,1'b0
u_dut/pc2_a31[0]_i_1,LUT6,SLICE_X27Y223,SLICEL.B6LUT,64'h6996966996696996
u_dut/pc2_a31[1]_i_1,LUT6,SLICE_X27Y223,SLICEL.C6LUT,64'h8117177E177E7EE8
u_dut/pc2_a31[2]_i_1,LUT6,SLICE_X27Y223,SLICEL.D6LUT,64'hFEE8E880E8808000
u_dut/pc2_a31_reg[0],FDRE,SLICE_X27Y223,SLICEL.BFF,1'b0
u_dut/pc2_a31_reg[1],FDRE,SLICE_X27Y223,SLICEL.CFF,1'b0
u_dut/pc2_a31_reg[2],FDRE,SLICE_X27Y223,SLICEL.DFF,1'b0
u_dut/pc2_a32[0]_i_1,LUT6,SLICE_X30Y225,SLICEL.B6LUT,64'h6996966996696996
u_dut/pc2_a32[1]_i_1,LUT6,SLICE_X30Y225,SLICEL.C6LUT,64'h8117177E177E7EE8
u_dut/pc2_a32[2]_i_1,LUT6,SLICE_X30Y225,SLICEL.D6LUT,64'hFEE8E880E8808000
u_dut/pc2_a32_reg[0],FDRE,SLICE_X30Y225,SLICEL.BFF,1'b0
u_dut/pc2_a32_reg[1],FDRE,SLICE_X30Y225,SLICEL.CFF,1'b0
u_dut/pc2_a32_reg[2],FDRE,SLICE_X30Y225,SLICEL.DFF,1'b0
u_dut/pc2_a33[0]_i_1,LUT2,SLICE_X35Y225,SLICEL.A6LUT,4'h6
u_dut/pc2_a33[1]_i_1,LUT2,SLICE_X35Y225,SLICEL.A5LUT,4'h8
u_dut/pc2_a33_reg[0],FDRE,SLICE_X35Y225,SLICEL.AFF,1'b0
u_dut/pc2_a33_reg[1],FDRE,SLICE_X35Y225,SLICEL.A5FF,1'b0
u_dut/pc2_a3[0]_i_1,LUT6,SLICE_X34Y223,SLICEL.B6LUT,64'h6996966996696996
u_dut/pc2_a3[1]_i_1,LUT6,SLICE_X34Y223,SLICEL.C6LUT,64'h8117177E177E7EE8
u_dut/pc2_a3[2]_i_1,LUT6,SLICE_X34Y223,SLICEL.D6LUT,64'hFEE8E880E8808000
u_dut/pc2_a3_reg[0],FDRE,SLICE_X34Y223,SLICEL.BFF,1'b0
u_dut/pc2_a3_reg[1],FDRE,SLICE_X34Y223,SLICEL.CFF,1'b0
u_dut/pc2_a3_reg[2],FDRE,SLICE_X34Y223,SLICEL.DFF,1'b0
u_dut/pc2_a4[0]_i_1,LUT6,SLICE_X38Y227,SLICEM.A6LUT,64'h6996966996696996
u_dut/pc2_a4[1]_i_1,LUT6,SLICE_X38Y227,SLICEM.B6LUT,64'h8117177E177E7EE8
u_dut/pc2_a4[2]_i_1,LUT6,SLICE_X38Y227,SLICEM.C6LUT,64'hFEE8E880E8808000
u_dut/pc2_a4_reg[0],FDRE,SLICE_X38Y227,SLICEM.AFF,1'b0
u_dut/pc2_a4_reg[1],FDRE,SLICE_X38Y227,SLICEM.BFF,1'b0
u_dut/pc2_a4_reg[2],FDRE,SLICE_X38Y227,SLICEM.CFF,1'b0
u_dut/pc2_a5[0]_i_1,LUT6,SLICE_X35Y226,SLICEL.B6LUT,64'h6996966996696996
u_dut/pc2_a5[1]_i_1,LUT6,SLICE_X35Y226,SLICEL.C6LUT,64'h8117177E177E7EE8
u_dut/pc2_a5[2]_i_1,LUT6,SLICE_X35Y226,SLICEL.D6LUT,64'hFEE8E880E8808000
u_dut/pc2_a5_reg[0],FDRE,SLICE_X35Y226,SLICEL.BFF,1'b0
u_dut/pc2_a5_reg[1],FDRE,SLICE_X35Y226,SLICEL.CFF,1'b0
u_dut/pc2_a5_reg[2],FDRE,SLICE_X35Y226,SLICEL.DFF,1'b0
u_dut/pc2_a6[0]_i_1,LUT6,SLICE_X38Y227,SLICEM.D6LUT,64'h6996966996696996
u_dut/pc2_a6[1]_i_1,LUT6,SLICE_X39Y227,SLICEL.A6LUT,64'h8117177E177E7EE8
u_dut/pc2_a6[2]_i_1,LUT6,SLICE_X39Y227,SLICEL.B6LUT,64'hFEE8E880E8808000
u_dut/pc2_a6_reg[0],FDRE,SLICE_X38Y227,SLICEM.DFF,1'b0
u_dut/pc2_a6_reg[1],FDRE,SLICE_X39Y227,SLICEL.AFF,1'b0
u_dut/pc2_a6_reg[2],FDRE,SLICE_X39Y227,SLICEL.BFF,1'b0
u_dut/pc2_a7[0]_i_1,LUT6,SLICE_X34Y227,SLICEL.A6LUT,64'h6996966996696996
u_dut/pc2_a7[1]_i_1,LUT6,SLICE_X34Y227,SLICEL.B6LUT,64'h8117177E177E7EE8
u_dut/pc2_a7[2]_i_1,LUT6,SLICE_X34Y227,SLICEL.C6LUT,64'hFEE8E880E8808000
u_dut/pc2_a7_reg[0],FDRE,SLICE_X34Y227,SLICEL.AFF,1'b0
u_dut/pc2_a7_reg[1],FDRE,SLICE_X34Y227,SLICEL.BFF,1'b0
u_dut/pc2_a7_reg[2],FDRE,SLICE_X34Y227,SLICEL.CFF,1'b0
u_dut/pc2_a8[0]_i_1,LUT6,SLICE_X34Y224,SLICEL.B6LUT,64'h6996966996696996
u_dut/pc2_a8[1]_i_1,LUT6,SLICE_X34Y224,SLICEL.C6LUT,64'h8117177E177E7EE8
u_dut/pc2_a8[2]_i_1,LUT6,SLICE_X34Y224,SLICEL.D6LUT,64'hFEE8E880E8808000
u_dut/pc2_a8_reg[0],FDRE,SLICE_X34Y224,SLICEL.BFF,1'b0
u_dut/pc2_a8_reg[1],FDRE,SLICE_X34Y224,SLICEL.CFF,1'b0
u_dut/pc2_a8_reg[2],FDRE,SLICE_X34Y224,SLICEL.DFF,1'b0
u_dut/pc2_a9[0]_i_1,LUT6,SLICE_X36Y222,SLICEL.A6LUT,64'h6996966996696996
u_dut/pc2_a9[1]_i_1,LUT6,SLICE_X36Y222,SLICEL.B6LUT,64'h8117177E177E7EE8
u_dut/pc2_a9[2]_i_1,LUT6,SLICE_X36Y222,SLICEL.C6LUT,64'hFEE8E880E8808000
u_dut/pc2_a9_reg[0],FDRE,SLICE_X36Y222,SLICEL.AFF,1'b0
u_dut/pc2_a9_reg[1],FDRE,SLICE_X36Y222,SLICEL.BFF,1'b0
u_dut/pc2_a9_reg[2],FDRE,SLICE_X36Y222,SLICEL.CFF,1'b0
u_dut/pc2_r2_0[0]_i_1,LUT4,SLICE_X36Y223,SLICEL.A6LUT,16'h6996
u_dut/pc2_r2_0[1]_i_1,LUT5,SLICE_X36Y223,SLICEL.B6LUT,32'h81177EE8
u_dut/pc2_r2_0[1]_i_2,LUT4,SLICE_X36Y223,SLICEL.C6LUT,16'h6996
u_dut/pc2_r2_0[2]_i_1,LUT6,SLICE_X37Y223,SLICEL.A6LUT,64'h9669699666666666
u_dut/pc2_r2_0[2]_i_2,LUT5,SLICE_X36Y223,SLICEL.B5LUT,32'hFEE88000
u_dut/pc2_r2_0[2]_i_3,LUT5,SLICE_X36Y223,SLICEL.D6LUT,32'h96696996
u_dut/pc2_r2_0[3]_i_1,LUT6,SLICE_X37Y223,SLICEL.B6LUT,64'hA99595569556566A
u_dut/pc2_r2_0[4]_i_1,LUT6,SLICE_X37Y223,SLICEL.C6LUT,64'hFEEAEAA8EAA8A880
u_dut/pc2_r2_0[4]_i_2,LUT6,SLICE_X37Y223,SLICEL.D6LUT,64'hEBBEAAAA82280000
u_dut/pc2_r2_0[4]_i_3,LUT3,SLICE_X36Y223,SLICEL.C5LUT,8'hE8
u_dut/pc2_r2_0_reg[0],FDRE,SLICE_X36Y223,SLICEL.AFF,1'b0
u_dut/pc2_r2_0_reg[1],FDRE,SLICE_X40Y223,SLICEL.AFF,1'b0
u_dut/pc2_r2_0_reg[2],FDRE,SLICE_X37Y223,SLICEL.AFF,1'b0
u_dut/pc2_r2_0_reg[3],FDRE,SLICE_X37Y223,SLICEL.BFF,1'b0
u_dut/pc2_r2_0_reg[4],FDRE,SLICE_X37Y223,SLICEL.CFF,1'b0
u_dut/pc2_r2_1[0]_i_1,LUT4,SLICE_X39Y227,SLICEL.C6LUT,16'h6996
u_dut/pc2_r2_1[1]_i_1,LUT5,SLICE_X39Y227,SLICEL.D6LUT,32'h81177EE8
u_dut/pc2_r2_1[1]_i_2,LUT4,SLICE_X40Y227,SLICEL.A6LUT,16'h6996
u_dut/pc2_r2_1[2]_i_1,LUT6,SLICE_X40Y227,SLICEL.B6LUT,64'h9669699666666666
u_dut/pc2_r2_1[2]_i_2,LUT5,SLICE_X39Y227,SLICEL.D5LUT,32'hFEE88000
u_dut/pc2_r2_1[2]_i_3,LUT5,SLICE_X40Y227,SLICEL.D6LUT,32'h96696996
u_dut/pc2_r2_1[3]_i_1,LUT6,SLICE_X40Y226,SLICEL.A6LUT,64'hA99595569556566A
u_dut/pc2_r2_1[4]_i_1,LUT6,SLICE_X40Y226,SLICEL.B6LUT,64'hFEEAEAA8EAA8A880
u_dut/pc2_r2_1[4]_i_2,LUT6,SLICE_X40Y227,SLICEL.C6LUT,64'hEBBEAAAA82280000
u_dut/pc2_r2_1[4]_i_3,LUT3,SLICE_X40Y227,SLICEL.A5LUT,8'hE8
u_dut/pc2_r2_1_reg[0],FDRE,SLICE_X39Y227,SLICEL.CFF,1'b0
u_dut/pc2_r2_1_reg[1],FDRE,SLICE_X39Y225,SLICEL.AFF,1'b0
u_dut/pc2_r2_1_reg[2],FDRE,SLICE_X40Y227,SLICEL.BFF,1'b0
u_dut/pc2_r2_1_reg[3],FDRE,SLICE_X40Y226,SLICEL.AFF,1'b0
u_dut/pc2_r2_1_reg[4],FDRE,SLICE_X40Y226,SLICEL.BFF,1'b0
u_dut/pc2_r2_2[0]_i_1,LUT4,SLICE_X38Y223,SLICEM.A6LUT,16'h6996
u_dut/pc2_r2_2[1]_i_1,LUT5,SLICE_X39Y223,SLICEL.A6LUT,32'h81177EE8
u_dut/pc2_r2_2[1]_i_2,LUT4,SLICE_X39Y223,SLICEL.B6LUT,16'h6996
u_dut/pc2_r2_2[2]_i_1,LUT6,SLICE_X39Y223,SLICEL.C6LUT,64'h9669699666666666
u_dut/pc2_r2_2[2]_i_2,LUT5,SLICE_X39Y223,SLICEL.A5LUT,32'hFEE88000
u_dut/pc2_r2_2[2]_i_3,LUT5,SLICE_X39Y224,SLICEL.A6LUT,32'h96696996
u_dut/pc2_r2_2[3]_i_1,LUT6,SLICE_X41Y224,SLICEL.A6LUT,64'hA99595569556566A
u_dut/pc2_r2_2[4]_i_1,LUT6,SLICE_X41Y224,SLICEL.B6LUT,64'hFEEAEAA8EAA8A880
u_dut/pc2_r2_2[4]_i_2,LUT6,SLICE_X39Y223,SLICEL.D6LUT,64'hEBBEAAAA82280000
u_dut/pc2_r2_2[4]_i_3,LUT3,SLICE_X39Y223,SLICEL.B5LUT,8'hE8
u_dut/pc2_r2_2_reg[0],FDRE,SLICE_X38Y223,SLICEM.AFF,1'b0
u_dut/pc2_r2_2_reg[1],FDRE,SLICE_X40Y223,SLICEL.BFF,1'b0
u_dut/pc2_r2_2_reg[2],FDRE,SLICE_X39Y223,SLICEL.CFF,1'b0
u_dut/pc2_r2_2_reg[3],FDRE,SLICE_X41Y224,SLICEL.AFF,1'b0
u_dut/pc2_r2_2_reg[4],FDRE,SLICE_X41Y224,SLICEL.BFF,1'b0
u_dut/pc2_r2_3[0]_i_1,LUT4,SLICE_X41Y225,SLICEL.A6LUT,16'h6996
u_dut/pc2_r2_3[1]_i_1,LUT5,SLICE_X39Y225,SLICEL.A6LUT,32'h81177EE8
u_dut/pc2_r2_3[1]_i_2,LUT4,SLICE_X39Y225,SLICEL.B6LUT,16'h6996
u_dut/pc2_r2_3[2]_i_1,LUT6,SLICE_X39Y225,SLICEL.C6LUT,64'h9669699666666666
u_dut/pc2_r2_3[2]_i_2,LUT5,SLICE_X39Y225,SLICEL.A5LUT,32'hFEE88000
u_dut/pc2_r2_3[2]_i_3,LUT5,SLICE_X39Y226,SLICEL.C6LUT,32'h96696996
u_dut/pc2_r2_3[3]_i_1,LUT6,SLICE_X39Y226,SLICEL.A6LUT,64'hA99595569556566A
u_dut/pc2_r2_3[4]_i_1,LUT6,SLICE_X39Y226,SLICEL.B6LUT,64'hFEEAEAA8EAA8A880
u_dut/pc2_r2_3[4]_i_2,LUT6,SLICE_X39Y225,SLICEL.D6LUT,64'hEBBEAAAA82280000
u_dut/pc2_r2_3[4]_i_3,LUT3,SLICE_X39Y225,SLICEL.B5LUT,8'hE8
u_dut/pc2_r2_3_reg[0],FDRE,SLICE_X41Y225,SLICEL.AFF,1'b0
u_dut/pc2_r2_3_reg[1],FDRE,SLICE_X39Y225,SLICEL.BFF,1'b0
u_dut/pc2_r2_3_reg[2],FDRE,SLICE_X39Y225,SLICEL.CFF,1'b0
u_dut/pc2_r2_3_reg[3],FDRE,SLICE_X39Y226,SLICEL.AFF,1'b0
u_dut/pc2_r2_3_reg[4],FDRE,SLICE_X39Y226,SLICEL.BFF,1'b0
u_dut/pc2_r2_4[0]_i_1,LUT4,SLICE_X34Y221,SLICEL.A6LUT,16'h6996
u_dut/pc2_r2_4[1]_i_1,LUT5,SLICE_X33Y221,SLICEL.A6LUT,32'h81177EE8
u_dut/pc2_r2_4[1]_i_2,LUT4,SLICE_X33Y221,SLICEL.B6LUT,16'h6996
u_dut/pc2_r2_4[2]_i_1,LUT6,SLICE_X33Y221,SLICEL.C6LUT,64'h9669699666666666
u_dut/pc2_r2_4[2]_i_2,LUT5,SLICE_X33Y221,SLICEL.A5LUT,32'hFEE88000
u_dut/pc2_r2_4[2]_i_3,LUT5,SLICE_X34Y221,SLICEL.D6LUT,32'h96696996
u_dut/pc2_r2_4[3]_i_1,LUT6,SLICE_X34Y221,SLICEL.B6LUT,64'hA99595569556566A
u_dut/pc2_r2_4[4]_i_1,LUT6,SLICE_X34Y221,SLICEL.C6LUT,64'hFEEAEAA8EAA8A880
u_dut/pc2_r2_4[4]_i_2,LUT6,SLICE_X33Y221,SLICEL.D6LUT,64'hEBBEAAAA82280000
u_dut/pc2_r2_4[4]_i_3,LUT3,SLICE_X33Y221,SLICEL.B5LUT,8'hE8
u_dut/pc2_r2_4_reg[0],FDRE,SLICE_X34Y221,SLICEL.AFF,1'b0
u_dut/pc2_r2_4_reg[1],FDRE,SLICE_X41Y220,SLICEL.AFF,1'b0
u_dut/pc2_r2_4_reg[2],FDRE,SLICE_X33Y221,SLICEL.CFF,1'b0
u_dut/pc2_r2_4_reg[3],FDRE,SLICE_X34Y221,SLICEL.BFF,1'b0
u_dut/pc2_r2_4_reg[4],FDRE,SLICE_X34Y221,SLICEL.CFF,1'b0
u_dut/pc2_r2_5[0]_i_1,LUT4,SLICE_X36Y221,SLICEL.A6LUT,16'h6996
u_dut/pc2_r2_5[1]_i_1,LUT5,SLICE_X36Y221,SLICEL.B6LUT,32'h81177EE8
u_dut/pc2_r2_5[1]_i_2,LUT4,SLICE_X36Y221,SLICEL.C6LUT,16'h6996
u_dut/pc2_r2_5[2]_i_1,LUT6,SLICE_X36Y221,SLICEL.D6LUT,64'h9669699666666666
u_dut/pc2_r2_5[2]_i_2,LUT5,SLICE_X36Y221,SLICEL.B5LUT,32'hFEE88000
u_dut/pc2_r2_5[2]_i_3,LUT5,SLICE_X35Y221,SLICEL.D6LUT,32'h96696996
u_dut/pc2_r2_5[3]_i_1,LUT6,SLICE_X35Y221,SLICEL.A6LUT,64'hA99595569556566A
u_dut/pc2_r2_5[4]_i_1,LUT6,SLICE_X35Y221,SLICEL.B6LUT,64'hFEEAEAA8EAA8A880
u_dut/pc2_r2_5[4]_i_2,LUT6,SLICE_X35Y221,SLICEL.C6LUT,64'hEBBEAAAA82280000
u_dut/pc2_r2_5[4]_i_3,LUT3,SLICE_X36Y221,SLICEL.C5LUT,8'hE8
u_dut/pc2_r2_5_reg[0],FDRE,SLICE_X36Y221,SLICEL.AFF,1'b0
u_dut/pc2_r2_5_reg[1],FDRE,SLICE_X38Y219,SLICEM.AFF,1'b0
u_dut/pc2_r2_5_reg[2],FDRE,SLICE_X36Y221,SLICEL.DFF,1'b0
u_dut/pc2_r2_5_reg[3],FDRE,SLICE_X35Y221,SLICEL.AFF,1'b0
u_dut/pc2_r2_5_reg[4],FDRE,SLICE_X35Y221,SLICEL.BFF,1'b0
u_dut/pc2_r2_6[0]_i_1,LUT4,SLICE_X37Y221,SLICEL.A6LUT,16'h6996
u_dut/pc2_r2_6[1]_i_1,LUT5,SLICE_X37Y221,SLICEL.B6LUT,32'h81177EE8
u_dut/pc2_r2_6[1]_i_2,LUT4,SLICE_X38Y221,SLICEM.A6LUT,16'h6996
u_dut/pc2_r2_6[2]_i_1,LUT6,SLICE_X38Y221,SLICEM.B6LUT,64'h9669699666666666
u_dut/pc2_r2_6[2]_i_2,LUT5,SLICE_X37Y221,SLICEL.B5LUT,32'hFEE88000
u_dut/pc2_r2_6[2]_i_3,LUT5,SLICE_X38Y222,SLICEM.C6LUT,32'h96696996
u_dut/pc2_r2_6[3]_i_1,LUT6,SLICE_X38Y222,SLICEM.A6LUT,64'hA99595569556566A
u_dut/pc2_r2_6[4]_i_1,LUT6,SLICE_X38Y222,SLICEM.B6LUT,64'hFEEAEAA8EAA8A880
u_dut/pc2_r2_6[4]_i_2,LUT6,SLICE_X38Y221,SLICEM.C6LUT,64'hEBBEAAAA82280000
u_dut/pc2_r2_6[4]_i_3,LUT3,SLICE_X38Y221,SLICEM.A5LUT,8'hE8
u_dut/pc2_r2_6_reg[0],FDRE,SLICE_X37Y221,SLICEL.AFF,1'b0
u_dut/pc2_r2_6_reg[1],FDRE,SLICE_X38Y219,SLICEM.BFF,1'b0
u_dut/pc2_r2_6_reg[2],FDRE,SLICE_X38Y221,SLICEM.BFF,1'b0
u_dut/pc2_r2_6_reg[3],FDRE,SLICE_X38Y222,SLICEM.AFF,1'b0
u_dut/pc2_r2_6_reg[4],FDRE,SLICE_X38Y222,SLICEM.BFF,1'b0
u_dut/pc2_r2_7[0]_i_1,LUT4,SLICE_X36Y222,SLICEL.D6LUT,16'h6996
u_dut/pc2_r2_7[1]_i_1,LUT5,SLICE_X35Y222,SLICEL.A6LUT,32'h81177EE8
u_dut/pc2_r2_7[1]_i_2,LUT4,SLICE_X35Y222,SLICEL.B6LUT,16'h6996
u_dut/pc2_r2_7[2]_i_1,LUT6,SLICE_X35Y222,SLICEL.C6LUT,64'h9669699666666666
u_dut/pc2_r2_7[2]_i_2,LUT5,SLICE_X35Y222,SLICEL.A5LUT,32'hFEE88000
u_dut/pc2_r2_7[2]_i_3,LUT5,SLICE_X37Y222,SLICEL.C6LUT,32'h96696996
u_dut/pc2_r2_7[3]_i_1,LUT6,SLICE_X37Y222,SLICEL.A6LUT,64'hA99595569556566A
u_dut/pc2_r2_7[4]_i_1,LUT6,SLICE_X37Y222,SLICEL.B6LUT,64'hFEEAEAA8EAA8A880
u_dut/pc2_r2_7[4]_i_2,LUT6,SLICE_X35Y222,SLICEL.D6LUT,64'hEBBEAAAA82280000
u_dut/pc2_r2_7[4]_i_3,LUT3,SLICE_X35Y222,SLICEL.B5LUT,8'hE8
u_dut/pc2_r2_7_reg[0],FDRE,SLICE_X36Y222,SLICEL.DFF,1'b0
u_dut/pc2_r2_7_reg[1],FDRE,SLICE_X41Y220,SLICEL.BFF,1'b0
u_dut/pc2_r2_7_reg[2],FDRE,SLICE_X35Y222,SLICEL.CFF,1'b0
u_dut/pc2_r2_7_reg[3],FDRE,SLICE_X37Y222,SLICEL.AFF,1'b0
u_dut/pc2_r2_7_reg[4],FDRE,SLICE_X37Y222,SLICEL.BFF,1'b0
u_dut/pc2_r2_8[0]_i_1,LUT2,SLICE_X37Y225,SLICEL.C6LUT,4'h6
u_dut/pc2_r2_8[1]_i_1,LUT4,SLICE_X37Y225,SLICEL.C5LUT,16'h8778
u_dut/pc2_r2_8[2]_i_1,LUT5,SLICE_X37Y225,SLICEL.D6LUT,32'h077FF880
u_dut/pc2_r2_8[3]_i_1,LUT5,SLICE_X37Y225,SLICEL.D5LUT,32'hAA808000
u_dut/pc2_r2_8_reg[0],FDRE,SLICE_X37Y225,SLICEL.CFF,1'b0
u_dut/pc2_r2_8_reg[1],FDRE,SLICE_X37Y225,SLICEL.C5FF,1'b0
u_dut/pc2_r2_8_reg[2],FDRE,SLICE_X37Y225,SLICEL.DFF,1'b0
u_dut/pc2_r2_8_reg[3],FDRE,SLICE_X37Y225,SLICEL.D5FF,1'b0
u_dut/pc2_r4_0[3]_i_2,LUT5,SLICE_X41Y225,SLICEL.C6LUT,32'hEEE8E888
u_dut/pc2_r4_0[3]_i_3,LUT5,SLICE_X41Y225,SLICEL.C5LUT,32'hE81717E8
u_dut/pc2_r4_0[3]_i_4,LUT4,SLICE_X41Y224,SLICEL.D6LUT,16'h6996
u_dut/pc2_r4_0[3]_i_5,LUT6,SLICE_X40Y224,SLICEL.D6LUT,64'h6969699669969696
u_dut/pc2_r4_0[3]_i_6,LUT6,SLICE_X40Y224,SLICEL.C6LUT,64'h6999999699969666
u_dut/pc2_r4_0[3]_i_7,LUT4,SLICE_X40Y224,SLICEL.B6LUT,16'h566A
u_dut/pc2_r4_0[3]_i_8,LUT4,SLICE_X40Y224,SLICEL.A6LUT,16'h6996
u_dut/pc2_r4_0[3]_i_9,LUT3,SLICE_X41Y224,SLICEL.C6LUT,8'h96
u_dut/pc2_r4_0[6]_i_2,LUT5,SLICE_X41Y225,SLICEL.D6LUT,32'hEEE8E888
u_dut/pc2_r4_0[6]_i_3,LUT5,SLICE_X41Y224,SLICEL.C5LUT,32'hEEE8E888
u_dut/pc2_r4_0[6]_i_4,LUT5,SLICE_X40Y225,SLICEL.B6LUT,32'h177E7EE8
u_dut/pc2_r4_0[6]_i_5,LUT6,SLICE_X40Y225,SLICEL.A6LUT,64'h6969699669969696
u_dut/pc2_r4_0[6]_i_6,LUT3,SLICE_X41Y226,SLICEL.A6LUT,8'h96
u_dut/pc2_r4_0[6]_i_7,LUT3,SLICE_X41Y225,SLICEL.B6LUT,8'h96
u_dut/pc2_r4_0[6]_i_8,LUT3,SLICE_X41Y225,SLICEL.B5LUT,8'hE8
u_dut/pc2_r4_0_reg[0],FDRE,SLICE_X40Y224,SLICEL.AFF,1'b0
u_dut/pc2_r4_0_reg[1],FDRE,SLICE_X40Y224,SLICEL.BFF,1'b0
u_dut/pc2_r4_0_reg[2],FDRE,SLICE_X40Y224,SLICEL.CFF,1'b0
u_dut/pc2_r4_0_reg[3],FDRE,SLICE_X40Y224,SLICEL.DFF,1'b0
u_dut/pc2_r4_0_reg[3]_i_1,CARRY4,SLICE_X40Y224,SLICEL.CARRY4,
u_dut/pc2_r4_0_reg[4],FDRE,SLICE_X40Y225,SLICEL.AFF,1'b0
u_dut/pc2_r4_0_reg[5],FDRE,SLICE_X40Y225,SLICEL.BFF,1'b0
u_dut/pc2_r4_0_reg[6],FDRE,SLICE_X40Y225,SLICEL.CFF,1'b0
u_dut/pc2_r4_0_reg[6]_i_1,CARRY4,SLICE_X40Y225,SLICEL.CARRY4,
u_dut/pc2_r4_1[3]_i_2,LUT5,SLICE_X41Y219,SLICEL.A6LUT,32'hEEE8E888
u_dut/pc2_r4_1[3]_i_3,LUT5,SLICE_X41Y219,SLICEL.A5LUT,32'hE81717E8
u_dut/pc2_r4_1[3]_i_4,LUT4,SLICE_X41Y219,SLICEL.B6LUT,16'h6996
u_dut/pc2_r4_1[3]_i_5,LUT6,SLICE_X40Y219,SLICEL.D6LUT,64'h6969699669969696
u_dut/pc2_r4_1[3]_i_6,LUT6,SLICE_X40Y219,SLICEL.C6LUT,64'h6999999699969666
u_dut/pc2_r4_1[3]_i_7,LUT4,SLICE_X40Y219,SLICEL.B6LUT,16'h566A
u_dut/pc2_r4_1[3]_i_8,LUT4,SLICE_X40Y219,SLICEL.A6LUT,16'h6996
u_dut/pc2_r4_1[3]_i_9,LUT3,SLICE_X41Y220,SLICEL.B6LUT,8'h96
u_dut/pc2_r4_1[6]_i_2,LUT5,SLICE_X41Y220,SLICEL.C6LUT,32'hEEE8E888
u_dut/pc2_r4_1[6]_i_3,LUT5,SLICE_X41Y220,SLICEL.B5LUT,32'hEEE8E888
u_dut/pc2_r4_1[6]_i_4,LUT5,SLICE_X40Y220,SLICEL.B6LUT,32'h177E7EE8
u_dut/pc2_r4_1[6]_i_5,LUT6,SLICE_X40Y220,SLICEL.A6LUT,64'h6969699669969696
u_dut/pc2_r4_1[6]_i_6,LUT3,SLICE_X41Y220,SLICEL.D6LUT,8'h96
u_dut/pc2_r4_1[6]_i_7,LUT3,SLICE_X41Y220,SLICEL.A6LUT,8'h96
u_dut/pc2_r4_1[6]_i_8,LUT3,SLICE_X41Y220,SLICEL.A5LUT,8'hE8
u_dut/pc2_r4_1_reg[0],FDRE,SLICE_X40Y219,SLICEL.AFF,1'b0
u_dut/pc2_r4_1_reg[1],FDRE,SLICE_X40Y219,SLICEL.BFF,1'b0
u_dut/pc2_r4_1_reg[2],FDRE,SLICE_X40Y219,SLICEL.CFF,1'b0
u_dut/pc2_r4_1_reg[3],FDRE,SLICE_X40Y219,SLICEL.DFF,1'b0
u_dut/pc2_r4_1_reg[3]_i_1,CARRY4,SLICE_X40Y219,SLICEL.CARRY4,
u_dut/pc2_r4_1_reg[4],FDRE,SLICE_X40Y220,SLICEL.AFF,1'b0
u_dut/pc2_r4_1_reg[5],FDRE,SLICE_X40Y220,SLICEL.BFF,1'b0
u_dut/pc2_r4_1_reg[6],FDRE,SLICE_X40Y220,SLICEL.CFF,1'b0
u_dut/pc2_r4_1_reg[6]_i_1,CARRY4,SLICE_X40Y220,SLICEL.CARRY4,
u_dut/pc2_r4_2_reg[0],FDRE,SLICE_X39Y225,SLICEL.C5FF,1'b0
u_dut/pc2_r4_2_reg[1],FDRE,SLICE_X39Y224,SLICEL.AFF,1'b0
u_dut/pc2_r4_2_reg[2],FDRE,SLICE_X38Y225,SLICEM.A5FF,1'b0
u_dut/pc2_r4_2_reg[3],FDRE,SLICE_X39Y225,SLICEL.DFF,1'b0
u_dut/pc2_r6_0[3]_i_2,LUT3,SLICE_X38Y224,SLICEM.C5LUT,8'hE8
u_dut/pc2_r6_0[3]_i_3,LUT3,SLICE_X38Y224,SLICEM.B5LUT,8'hE8
u_dut/pc2_r6_0[3]_i_4,LUT3,SLICE_X38Y224,SLICEM.A5LUT,8'hE8
u_dut/pc2_r6_0[3]_i_5,LUT4,SLICE_X38Y224,SLICEM.D6LUT,16'h6996
u_dut/pc2_r6_0[3]_i_6,LUT4,SLICE_X38Y224,SLICEM.C6LUT,16'h6996
u_dut/pc2_r6_0[3]_i_7,LUT4,SLICE_X38Y224,SLICEM.B6LUT,16'h6996
u_dut/pc2_r6_0[3]_i_8,LUT3,SLICE_X38Y224,SLICEM.A6LUT,8'h96
u_dut/pc2_r6_0[7]_i_2,LUT2,SLICE_X38Y225,SLICEM.C5LUT,4'h8
u_dut/pc2_r6_0[7]_i_3,LUT2,SLICE_X38Y225,SLICEM.B5LUT,4'h8
u_dut/pc2_r6_0[7]_i_4,LUT3,SLICE_X38Y225,SLICEM.A5LUT,8'hE8
u_dut/pc2_r6_0[7]_i_5,LUT2,SLICE_X38Y225,SLICEM.D6LUT,4'h8
u_dut/pc2_r6_0[7]_i_6,LUT4,SLICE_X38Y225,SLICEM.C6LUT,16'h8778
u_dut/pc2_r6_0[7]_i_7,LUT4,SLICE_X38Y225,SLICEM.B6LUT,16'h8778
u_dut/pc2_r6_0[7]_i_8,LUT5,SLICE_X38Y225,SLICEM.A6LUT,32'hE81717E8
u_dut/pc2_r6_0_reg[0],FDRE,SLICE_X38Y224,SLICEM.AFF,1'b0
u_dut/pc2_r6_0_reg[1],FDRE,SLICE_X38Y224,SLICEM.BFF,1'b0
u_dut/pc2_r6_0_reg[2],FDRE,SLICE_X38Y224,SLICEM.CFF,1'b0
u_dut/pc2_r6_0_reg[3],FDRE,SLICE_X38Y224,SLICEM.DFF,1'b0
u_dut/pc2_r6_0_reg[3]_i_1,CARRY4,SLICE_X38Y224,SLICEM.CARRY4,
u_dut/pc2_r6_0_reg[4],FDRE,SLICE_X38Y225,SLICEM.AFF,1'b0
u_dut/pc2_r6_0_reg[5],FDRE,SLICE_X38Y225,SLICEM.BFF,1'b0
u_dut/pc2_r6_0_reg[6],FDRE,SLICE_X38Y225,SLICEM.CFF,1'b0
u_dut/pc2_r6_0_reg[7],FDRE,SLICE_X38Y225,SLICEM.DFF,1'b0
u_dut/pc2_r6_0_reg[7]_i_1,CARRY4,SLICE_X38Y225,SLICEM.CARRY4,
u_dut/pc3_a0[0]_i_1,LUT6,SLICE_X20Y241,SLICEM.B6LUT,64'h6996966996696996
u_dut/pc3_a0[1]_i_1,LUT6,SLICE_X20Y241,SLICEM.C6LUT,64'h8117177E177E7EE8
u_dut/pc3_a0[2]_i_1,LUT6,SLICE_X20Y241,SLICEM.D6LUT,64'hFEE8E880E8808000
u_dut/pc3_a0_reg[0],FDRE,SLICE_X20Y241,SLICEM.BFF,1'b0
u_dut/pc3_a0_reg[1],FDRE,SLICE_X20Y241,SLICEM.CFF,1'b0
u_dut/pc3_a0_reg[2],FDRE,SLICE_X20Y241,SLICEM.DFF,1'b0
u_dut/pc3_a10[0]_i_1,LUT6,SLICE_X18Y245,SLICEM.A6LUT,64'h6996966996696996
u_dut/pc3_a10[1]_i_1,LUT6,SLICE_X18Y245,SLICEM.B6LUT,64'h8117177E177E7EE8
u_dut/pc3_a10[2]_i_1,LUT6,SLICE_X18Y245,SLICEM.C6LUT,64'hFEE8E880E8808000
u_dut/pc3_a10_reg[0],FDRE,SLICE_X18Y245,SLICEM.AFF,1'b0
u_dut/pc3_a10_reg[1],FDRE,SLICE_X18Y245,SLICEM.BFF,1'b0
u_dut/pc3_a10_reg[2],FDRE,SLICE_X18Y245,SLICEM.CFF,1'b0
u_dut/pc3_a11[0]_i_1,LUT6,SLICE_X20Y245,SLICEM.A6LUT,64'h6996966996696996
u_dut/pc3_a11[1]_i_1,LUT6,SLICE_X20Y245,SLICEM.B6LUT,64'h8117177E177E7EE8
u_dut/pc3_a11[2]_i_1,LUT6,SLICE_X20Y245,SLICEM.C6LUT,64'hFEE8E880E8808000
u_dut/pc3_a11_reg[0],FDRE,SLICE_X20Y245,SLICEM.AFF,1'b0
u_dut/pc3_a11_reg[1],FDRE,SLICE_X20Y245,SLICEM.BFF,1'b0
u_dut/pc3_a11_reg[2],FDRE,SLICE_X20Y245,SLICEM.CFF,1'b0
u_dut/pc3_a12[0]_i_1,LUT6,SLICE_X19Y245,SLICEL.A6LUT,64'h6996966996696996
u_dut/pc3_a12[1]_i_1,LUT6,SLICE_X19Y245,SLICEL.B6LUT,64'h8117177E177E7EE8
u_dut/pc3_a12[2]_i_1,LUT6,SLICE_X19Y245,SLICEL.C6LUT,64'hFEE8E880E8808000
u_dut/pc3_a12_reg[0],FDRE,SLICE_X19Y245,SLICEL.AFF,1'b0
u_dut/pc3_a12_reg[1],FDRE,SLICE_X19Y245,SLICEL.BFF,1'b0
u_dut/pc3_a12_reg[2],FDRE,SLICE_X19Y245,SLICEL.CFF,1'b0
u_dut/pc3_a13[0]_i_1,LUT6,SLICE_X19Y246,SLICEL.A6LUT,64'h6996966996696996
u_dut/pc3_a13[1]_i_1,LUT6,SLICE_X19Y246,SLICEL.B6LUT,64'h8117177E177E7EE8
u_dut/pc3_a13[2]_i_1,LUT6,SLICE_X19Y246,SLICEL.C6LUT,64'hFEE8E880E8808000
u_dut/pc3_a13_reg[0],FDRE,SLICE_X19Y246,SLICEL.AFF,1'b0
u_dut/pc3_a13_reg[1],FDRE,SLICE_X19Y246,SLICEL.BFF,1'b0
u_dut/pc3_a13_reg[2],FDRE,SLICE_X19Y246,SLICEL.CFF,1'b0
u_dut/pc3_a14[0]_i_1,LUT6,SLICE_X22Y245,SLICEM.A6LUT,64'h6996966996696996
u_dut/pc3_a14[1]_i_1,LUT6,SLICE_X22Y245,SLICEM.B6LUT,64'h8117177E177E7EE8
u_dut/pc3_a14[2]_i_1,LUT6,SLICE_X22Y245,SLICEM.C6LUT,64'hFEE8E880E8808000
u_dut/pc3_a14_reg[0],FDRE,SLICE_X22Y245,SLICEM.AFF,1'b0
u_dut/pc3_a14_reg[1],FDRE,SLICE_X22Y245,SLICEM.BFF,1'b0
u_dut/pc3_a14_reg[2],FDRE,SLICE_X22Y245,SLICEM.CFF,1'b0
u_dut/pc3_a15[0]_i_1,LUT6,SLICE_X20Y238,SLICEM.B6LUT,64'h6996966996696996
u_dut/pc3_a15[1]_i_1,LUT6,SLICE_X20Y238,SLICEM.C6LUT,64'h8117177E177E7EE8
u_dut/pc3_a15[2]_i_1,LUT6,SLICE_X20Y238,SLICEM.D6LUT,64'hFEE8E880E8808000
u_dut/pc3_a15_reg[0],FDRE,SLICE_X20Y238,SLICEM.BFF,1'b0
u_dut/pc3_a15_reg[1],FDRE,SLICE_X20Y238,SLICEM.CFF,1'b0
u_dut/pc3_a15_reg[2],FDRE,SLICE_X20Y238,SLICEM.DFF,1'b0
u_dut/pc3_a16[0]_i_1,LUT6,SLICE_X11Y237,SLICEL.B6LUT,64'h6996966996696996
u_dut/pc3_a16[1]_i_1,LUT6,SLICE_X11Y237,SLICEL.C6LUT,64'h8117177E177E7EE8
u_dut/pc3_a16[2]_i_1,LUT6,SLICE_X11Y237,SLICEL.D6LUT,64'hFEE8E880E8808000
u_dut/pc3_a16_reg[0],FDRE,SLICE_X11Y237,SLICEL.BFF,1'b0
u_dut/pc3_a16_reg[1],FDRE,SLICE_X11Y237,SLICEL.CFF,1'b0
u_dut/pc3_a16_reg[2],FDRE,SLICE_X11Y237,SLICEL.DFF,1'b0
u_dut/pc3_a17[0]_i_1,LUT6,SLICE_X13Y243,SLICEL.A6LUT,64'h6996966996696996
u_dut/pc3_a17[1]_i_1,LUT6,SLICE_X13Y243,SLICEL.B6LUT,64'h8117177E177E7EE8
u_dut/pc3_a17[2]_i_1,LUT6,SLICE_X13Y243,SLICEL.C6LUT,64'hFEE8E880E8808000
u_dut/pc3_a17_reg[0],FDRE,SLICE_X13Y243,SLICEL.AFF,1'b0
u_dut/pc3_a17_reg[1],FDRE,SLICE_X13Y243,SLICEL.BFF,1'b0
u_dut/pc3_a17_reg[2],FDRE,SLICE_X13Y243,SLICEL.CFF,1'b0
u_dut/pc3_a18[0]_i_1,LUT6,SLICE_X11Y242,SLICEL.B6LUT,64'h6996966996696996
u_dut/pc3_a18[1]_i_1,LUT6,SLICE_X11Y242,SLICEL.C6LUT,64'h8117177E177E7EE8
u_dut/pc3_a18[2]_i_1,LUT6,SLICE_X11Y242,SLICEL.D6LUT,64'hFEE8E880E8808000
u_dut/pc3_a18_reg[0],FDRE,SLICE_X11Y242,SLICEL.BFF,1'b0
u_dut/pc3_a18_reg[1],FDRE,SLICE_X11Y242,SLICEL.CFF,1'b0
u_dut/pc3_a18_reg[2],FDRE,SLICE_X11Y242,SLICEL.DFF,1'b0
u_dut/pc3_a19[0]_i_1,LUT6,SLICE_X11Y240,SLICEL.B6LUT,64'h6996966996696996
u_dut/pc3_a19[1]_i_1,LUT6,SLICE_X11Y240,SLICEL.C6LUT,64'h8117177E177E7EE8
u_dut/pc3_a19[2]_i_1,LUT6,SLICE_X11Y240,SLICEL.D6LUT,64'hFEE8E880E8808000
u_dut/pc3_a19_reg[0],FDRE,SLICE_X11Y240,SLICEL.BFF,1'b0
u_dut/pc3_a19_reg[1],FDRE,SLICE_X11Y240,SLICEL.CFF,1'b0
u_dut/pc3_a19_reg[2],FDRE,SLICE_X11Y240,SLICEL.DFF,1'b0
u_dut/pc3_a1[0]_i_1,LUT6,SLICE_X16Y244,SLICEM.A6LUT,64'h6996966996696996
u_dut/pc3_a1[1]_i_1,LUT6,SLICE_X16Y244,SLICEM.B6LUT,64'h8117177E177E7EE8
u_dut/pc3_a1[2]_i_1,LUT6,SLICE_X16Y244,SLICEM.C6LUT,64'hFEE8E880E8808000
u_dut/pc3_a1_reg[0],FDRE,SLICE_X16Y244,SLICEM.AFF,1'b0
u_dut/pc3_a1_reg[1],FDRE,SLICE_X16Y244,SLICEM.BFF,1'b0
u_dut/pc3_a1_reg[2],FDRE,SLICE_X16Y244,SLICEM.CFF,1'b0
u_dut/pc3_a20[0]_i_1,LUT6,SLICE_X14Y237,SLICEM.B6LUT,64'h6996966996696996
u_dut/pc3_a20[1]_i_1,LUT6,SLICE_X14Y237,SLICEM.C6LUT,64'h8117177E177E7EE8
u_dut/pc3_a20[2]_i_1,LUT6,SLICE_X14Y237,SLICEM.D6LUT,64'hFEE8E880E8808000
u_dut/pc3_a20_reg[0],FDRE,SLICE_X14Y237,SLICEM.BFF,1'b0
u_dut/pc3_a20_reg[1],FDRE,SLICE_X14Y237,SLICEM.CFF,1'b0
u_dut/pc3_a20_reg[2],FDRE,SLICE_X14Y237,SLICEM.DFF,1'b0
u_dut/pc3_a21[0]_i_1,LUT6,SLICE_X18Y244,SLICEM.A6LUT,64'h6996966996696996
u_dut/pc3_a21[1]_i_1,LUT6,SLICE_X18Y244,SLICEM.B6LUT,64'h8117177E177E7EE8
u_dut/pc3_a21[2]_i_1,LUT6,SLICE_X18Y244,SLICEM.C6LUT,64'hFEE8E880E8808000
u_dut/pc3_a21_reg[0],FDRE,SLICE_X18Y244,SLICEM.AFF,1'b0
u_dut/pc3_a21_reg[1],FDRE,SLICE_X18Y244,SLICEM.BFF,1'b0
u_dut/pc3_a21_reg[2],FDRE,SLICE_X18Y244,SLICEM.CFF,1'b0
u_dut/pc3_a22[0]_i_1,LUT6,SLICE_X14Y239,SLICEM.B6LUT,64'h6996966996696996
u_dut/pc3_a22[1]_i_1,LUT6,SLICE_X14Y239,SLICEM.C6LUT,64'h8117177E177E7EE8
u_dut/pc3_a22[2]_i_1,LUT6,SLICE_X14Y239,SLICEM.D6LUT,64'hFEE8E880E8808000
u_dut/pc3_a22_reg[0],FDRE,SLICE_X14Y239,SLICEM.BFF,1'b0
u_dut/pc3_a22_reg[1],FDRE,SLICE_X14Y239,SLICEM.CFF,1'b0
u_dut/pc3_a22_reg[2],FDRE,SLICE_X14Y239,SLICEM.DFF,1'b0
u_dut/pc3_a23[0]_i_1,LUT6,SLICE_X15Y237,SLICEL.B6LUT,64'h6996966996696996
u_dut/pc3_a23[1]_i_1,LUT6,SLICE_X15Y237,SLICEL.C6LUT,64'h8117177E177E7EE8
u_dut/pc3_a23[2]_i_1,LUT6,SLICE_X15Y237,SLICEL.D6LUT,64'hFEE8E880E8808000
u_dut/pc3_a23_reg[0],FDRE,SLICE_X15Y237,SLICEL.BFF,1'b0
u_dut/pc3_a23_reg[1],FDRE,SLICE_X15Y237,SLICEL.CFF,1'b0
u_dut/pc3_a23_reg[2],FDRE,SLICE_X15Y237,SLICEL.DFF,1'b0
u_dut/pc3_a24[0]_i_1,LUT6,SLICE_X10Y237,SLICEM.B6LUT,64'h6996966996696996
u_dut/pc3_a24[1]_i_1,LUT6,SLICE_X10Y237,SLICEM.C6LUT,64'h8117177E177E7EE8
u_dut/pc3_a24[2]_i_1,LUT6,SLICE_X10Y237,SLICEM.D6LUT,64'hFEE8E880E8808000
u_dut/pc3_a24_reg[0],FDRE,SLICE_X10Y237,SLICEM.BFF,1'b0
u_dut/pc3_a24_reg[1],FDRE,SLICE_X10Y237,SLICEM.CFF,1'b0
u_dut/pc3_a24_reg[2],FDRE,SLICE_X10Y237,SLICEM.DFF,1'b0
u_dut/pc3_a25[0]_i_1,LUT6,SLICE_X12Y236,SLICEM.B6LUT,64'h6996966996696996
u_dut/pc3_a25[1]_i_1,LUT6,SLICE_X12Y236,SLICEM.C6LUT,64'h8117177E177E7EE8
u_dut/pc3_a25[2]_i_1,LUT6,SLICE_X12Y236,SLICEM.D6LUT,64'hFEE8E880E8808000
u_dut/pc3_a25_reg[0],FDRE,SLICE_X12Y236,SLICEM.BFF,1'b0
u_dut/pc3_a25_reg[1],FDRE,SLICE_X12Y236,SLICEM.CFF,1'b0
u_dut/pc3_a25_reg[2],FDRE,SLICE_X12Y236,SLICEM.DFF,1'b0
u_dut/pc3_a26[0]_i_1,LUT6,SLICE_X13Y236,SLICEL.B6LUT,64'h6996966996696996
u_dut/pc3_a26[1]_i_1,LUT6,SLICE_X13Y236,SLICEL.C6LUT,64'h8117177E177E7EE8
u_dut/pc3_a26[2]_i_1,LUT6,SLICE_X13Y236,SLICEL.D6LUT,64'hFEE8E880E8808000
u_dut/pc3_a26_reg[0],FDRE,SLICE_X13Y236,SLICEL.BFF,1'b0
u_dut/pc3_a26_reg[1],FDRE,SLICE_X13Y236,SLICEL.CFF,1'b0
u_dut/pc3_a26_reg[2],FDRE,SLICE_X13Y236,SLICEL.DFF,1'b0
u_dut/pc3_a27[0]_i_1,LUT6,SLICE_X13Y238,SLICEL.B6LUT,64'h6996966996696996
u_dut/pc3_a27[1]_i_1,LUT6,SLICE_X13Y238,SLICEL.C6LUT,64'h8117177E177E7EE8
u_dut/pc3_a27[2]_i_1,LUT6,SLICE_X13Y238,SLICEL.D6LUT,64'hFEE8E880E8808000
u_dut/pc3_a27_reg[0],FDRE,SLICE_X13Y238,SLICEL.BFF,1'b0
u_dut/pc3_a27_reg[1],FDRE,SLICE_X13Y238,SLICEL.CFF,1'b0
u_dut/pc3_a27_reg[2],FDRE,SLICE_X13Y238,SLICEL.DFF,1'b0
u_dut/pc3_a28[0]_i_1,LUT6,SLICE_X14Y245,SLICEM.A6LUT,64'h6996966996696996
u_dut/pc3_a28[1]_i_1,LUT6,SLICE_X14Y245,SLICEM.B6LUT,64'h8117177E177E7EE8
u_dut/pc3_a28[2]_i_1,LUT6,SLICE_X14Y244,SLICEM.A6LUT,64'hFEE8E880E8808000
u_dut/pc3_a28_reg[0],FDRE,SLICE_X14Y245,SLICEM.AFF,1'b0
u_dut/pc3_a28_reg[1],FDRE,SLICE_X14Y245,SLICEM.BFF,1'b0
u_dut/pc3_a28_reg[2],FDRE,SLICE_X14Y244,SLICEM.AFF,1'b0
u_dut/pc3_a29[0]_i_1,LUT6,SLICE_X13Y242,SLICEL.B6LUT,64'h6996966996696996
u_dut/pc3_a29[1]_i_1,LUT6,SLICE_X13Y242,SLICEL.C6LUT,64'h8117177E177E7EE8
u_dut/pc3_a29[2]_i_1,LUT6,SLICE_X13Y242,SLICEL.D6LUT,64'hFEE8E880E8808000
u_dut/pc3_a29_reg[0],FDRE,SLICE_X13Y242,SLICEL.BFF,1'b0
u_dut/pc3_a29_reg[1],FDRE,SLICE_X13Y242,SLICEL.CFF,1'b0
u_dut/pc3_a29_reg[2],FDRE,SLICE_X13Y242,SLICEL.DFF,1'b0
u_dut/pc3_a2[0]_i_1,LUT6,SLICE_X16Y239,SLICEM.B6LUT,64'h6996966996696996
u_dut/pc3_a2[1]_i_1,LUT6,SLICE_X16Y239,SLICEM.C6LUT,64'h8117177E177E7EE8
u_dut/pc3_a2[2]_i_1,LUT6,SLICE_X16Y239,SLICEM.D6LUT,64'hFEE8E880E8808000
u_dut/pc3_a2_reg[0],FDRE,SLICE_X16Y239,SLICEM.BFF,1'b0
u_dut/pc3_a2_reg[1],FDRE,SLICE_X16Y239,SLICEM.CFF,1'b0
u_dut/pc3_a2_reg[2],FDRE,SLICE_X16Y239,SLICEM.DFF,1'b0
u_dut/pc3_a30[0]_i_1,LUT6,SLICE_X13Y241,SLICEL.B6LUT,64'h6996966996696996
u_dut/pc3_a30[1]_i_1,LUT6,SLICE_X13Y241,SLICEL.C6LUT,64'h8117177E177E7EE8
u_dut/pc3_a30[2]_i_1,LUT6,SLICE_X13Y241,SLICEL.D6LUT,64'hFEE8E880E8808000
u_dut/pc3_a30_reg[0],FDRE,SLICE_X13Y241,SLICEL.BFF,1'b0
u_dut/pc3_a30_reg[1],FDRE,SLICE_X13Y241,SLICEL.CFF,1'b0
u_dut/pc3_a30_reg[2],FDRE,SLICE_X13Y241,SLICEL.DFF,1'b0
u_dut/pc3_a31[0]_i_1,LUT6,SLICE_X15Y241,SLICEL.B6LUT,64'h6996966996696996
u_dut/pc3_a31[1]_i_1,LUT6,SLICE_X15Y241,SLICEL.C6LUT,64'h8117177E177E7EE8
u_dut/pc3_a31[2]_i_1,LUT6,SLICE_X15Y241,SLICEL.D6LUT,64'hFEE8E880E8808000
u_dut/pc3_a31_reg[0],FDRE,SLICE_X15Y241,SLICEL.BFF,1'b0
u_dut/pc3_a31_reg[1],FDRE,SLICE_X15Y241,SLICEL.CFF,1'b0
u_dut/pc3_a31_reg[2],FDRE,SLICE_X15Y241,SLICEL.DFF,1'b0
u_dut/pc3_a32[0]_i_1,LUT6,SLICE_X13Y240,SLICEL.B6LUT,64'h6996966996696996
u_dut/pc3_a32[1]_i_1,LUT6,SLICE_X13Y240,SLICEL.C6LUT,64'h8117177E177E7EE8
u_dut/pc3_a32[2]_i_1,LUT6,SLICE_X13Y240,SLICEL.D6LUT,64'hFEE8E880E8808000
u_dut/pc3_a32_reg[0],FDRE,SLICE_X13Y240,SLICEL.BFF,1'b0
u_dut/pc3_a32_reg[1],FDRE,SLICE_X13Y240,SLICEL.CFF,1'b0
u_dut/pc3_a32_reg[2],FDRE,SLICE_X13Y240,SLICEL.DFF,1'b0
u_dut/pc3_a33[0]_i_1,LUT2,SLICE_X13Y243,SLICEL.D6LUT,4'h6
u_dut/pc3_a33[1]_i_1,LUT2,SLICE_X13Y243,SLICEL.D5LUT,4'h8
u_dut/pc3_a33_reg[0],FDRE,SLICE_X13Y243,SLICEL.DFF,1'b0
u_dut/pc3_a33_reg[1],FDRE,SLICE_X13Y243,SLICEL.D5FF,1'b0
u_dut/pc3_a3[0]_i_1,LUT6,SLICE_X17Y237,SLICEL.B6LUT,64'h6996966996696996
u_dut/pc3_a3[1]_i_1,LUT6,SLICE_X17Y237,SLICEL.C6LUT,64'h8117177E177E7EE8
u_dut/pc3_a3[2]_i_1,LUT6,SLICE_X17Y237,SLICEL.D6LUT,64'hFEE8E880E8808000
u_dut/pc3_a3_reg[0],FDRE,SLICE_X17Y237,SLICEL.BFF,1'b0
u_dut/pc3_a3_reg[1],FDRE,SLICE_X17Y237,SLICEL.CFF,1'b0
u_dut/pc3_a3_reg[2],FDRE,SLICE_X17Y237,SLICEL.DFF,1'b0
u_dut/pc3_a4[0]_i_1,LUT6,SLICE_X14Y244,SLICEM.B6LUT,64'h6996966996696996
u_dut/pc3_a4[1]_i_1,LUT6,SLICE_X14Y244,SLICEM.C6LUT,64'h8117177E177E7EE8
u_dut/pc3_a4[2]_i_1,LUT6,SLICE_X14Y244,SLICEM.D6LUT,64'hFEE8E880E8808000
u_dut/pc3_a4_reg[0],FDRE,SLICE_X14Y244,SLICEM.BFF,1'b0
u_dut/pc3_a4_reg[1],FDRE,SLICE_X14Y244,SLICEM.CFF,1'b0
u_dut/pc3_a4_reg[2],FDRE,SLICE_X14Y244,SLICEM.DFF,1'b0
u_dut/pc3_a5[0]_i_1,LUT6,SLICE_X15Y240,SLICEL.B6LUT,64'h6996966996696996
u_dut/pc3_a5[1]_i_1,LUT6,SLICE_X15Y240,SLICEL.C6LUT,64'h8117177E177E7EE8
u_dut/pc3_a5[2]_i_1,LUT6,SLICE_X15Y240,SLICEL.D6LUT,64'hFEE8E880E8808000
u_dut/pc3_a5_reg[0],FDRE,SLICE_X15Y240,SLICEL.BFF,1'b0
u_dut/pc3_a5_reg[1],FDRE,SLICE_X15Y240,SLICEL.CFF,1'b0
u_dut/pc3_a5_reg[2],FDRE,SLICE_X15Y240,SLICEL.DFF,1'b0
u_dut/pc3_a6[0]_i_1,LUT6,SLICE_X15Y242,SLICEL.B6LUT,64'h6996966996696996
u_dut/pc3_a6[1]_i_1,LUT6,SLICE_X15Y242,SLICEL.C6LUT,64'h8117177E177E7EE8
u_dut/pc3_a6[2]_i_1,LUT6,SLICE_X15Y242,SLICEL.D6LUT,64'hFEE8E880E8808000
u_dut/pc3_a6_reg[0],FDRE,SLICE_X15Y242,SLICEL.BFF,1'b0
u_dut/pc3_a6_reg[1],FDRE,SLICE_X15Y242,SLICEL.CFF,1'b0
u_dut/pc3_a6_reg[2],FDRE,SLICE_X15Y242,SLICEL.DFF,1'b0
u_dut/pc3_a7[0]_i_1,LUT6,SLICE_X14Y245,SLICEM.C6LUT,64'h6996966996696996
u_dut/pc3_a7[1]_i_1,LUT6,SLICE_X14Y245,SLICEM.D6LUT,64'h8117177E177E7EE8
u_dut/pc3_a7[2]_i_1,LUT6,SLICE_X15Y245,SLICEL.A6LUT,64'hFEE8E880E8808000
u_dut/pc3_a7_reg[0],FDRE,SLICE_X14Y245,SLICEM.CFF,1'b0
u_dut/pc3_a7_reg[1],FDRE,SLICE_X14Y245,SLICEM.DFF,1'b0
u_dut/pc3_a7_reg[2],FDRE,SLICE_X15Y245,SLICEL.AFF,1'b0
u_dut/pc3_a8[0]_i_1,LUT6,SLICE_X19Y243,SLICEL.B6LUT,64'h6996966996696996
u_dut/pc3_a8[1]_i_1,LUT6,SLICE_X19Y243,SLICEL.C6LUT,64'h8117177E177E7EE8
u_dut/pc3_a8[2]_i_1,LUT6,SLICE_X19Y243,SLICEL.D6LUT,64'hFEE8E880E8808000
u_dut/pc3_a8_reg[0],FDRE,SLICE_X19Y243,SLICEL.BFF,1'b0
u_dut/pc3_a8_reg[1],FDRE,SLICE_X19Y243,SLICEL.CFF,1'b0
u_dut/pc3_a8_reg[2],FDRE,SLICE_X19Y243,SLICEL.DFF,1'b0
u_dut/pc3_a9[0]_i_1,LUT6,SLICE_X18Y242,SLICEM.B6LUT,64'h6996966996696996
u_dut/pc3_a9[1]_i_1,LUT6,SLICE_X18Y242,SLICEM.C6LUT,64'h8117177E177E7EE8
u_dut/pc3_a9[2]_i_1,LUT6,SLICE_X18Y242,SLICEM.D6LUT,64'hFEE8E880E8808000
u_dut/pc3_a9_reg[0],FDRE,SLICE_X18Y242,SLICEM.BFF,1'b0
u_dut/pc3_a9_reg[1],FDRE,SLICE_X18Y242,SLICEM.CFF,1'b0
u_dut/pc3_a9_reg[2],FDRE,SLICE_X18Y242,SLICEM.DFF,1'b0
u_dut/pc3_r2_0[0]_i_1,LUT4,SLICE_X16Y245,SLICEM.A6LUT,16'h6996
u_dut/pc3_r2_0[1]_i_1,LUT5,SLICE_X16Y245,SLICEM.B6LUT,32'h81177EE8
u_dut/pc3_r2_0[1]_i_2,LUT4,SLICE_X16Y245,SLICEM.C6LUT,16'h6996
u_dut/pc3_r2_0[2]_i_1,LUT6,SLICE_X16Y246,SLICEM.A6LUT,64'h9669699666666666
u_dut/pc3_r2_0[2]_i_2,LUT5,SLICE_X16Y245,SLICEM.B5LUT,32'hFEE88000
u_dut/pc3_r2_0[2]_i_3,LUT5,SLICE_X16Y245,SLICEM.D6LUT,32'h96696996
u_dut/pc3_r2_0[3]_i_1,LUT6,SLICE_X16Y246,SLICEM.B6LUT,64'hA99595569556566A
u_dut/pc3_r2_0[4]_i_1,LUT6,SLICE_X16Y246,SLICEM.C6LUT,64'hFEEAEAA8EAA8A880
u_dut/pc3_r2_0[4]_i_2,LUT6,SLICE_X16Y246,SLICEM.D6LUT,64'hEBBEAAAA82280000
u_dut/pc3_r2_0[4]_i_3,LUT3,SLICE_X16Y245,SLICEM.C5LUT,8'hE8
u_dut/pc3_r2_0_reg[0],FDRE,SLICE_X16Y245,SLICEM.AFF,1'b0
u_dut/pc3_r2_0_reg[1],FDRE,SLICE_X15Y247,SLICEL.AFF,1'b0
u_dut/pc3_r2_0_reg[2],FDRE,SLICE_X16Y246,SLICEM.AFF,1'b0
u_dut/pc3_r2_0_reg[3],FDRE,SLICE_X16Y246,SLICEM.BFF,1'b0
u_dut/pc3_r2_0_reg[4],FDRE,SLICE_X16Y246,SLICEM.CFF,1'b0
u_dut/pc3_r2_1[0]_i_1,LUT4,SLICE_X14Y246,SLICEM.A6LUT,16'h6996
u_dut/pc3_r2_1[1]_i_1,LUT5,SLICE_X15Y246,SLICEL.A6LUT,32'h81177EE8
u_dut/pc3_r2_1[1]_i_2,LUT4,SLICE_X15Y246,SLICEL.B6LUT,16'h6996
u_dut/pc3_r2_1[2]_i_1,LUT6,SLICE_X15Y246,SLICEL.C6LUT,64'h9669699666666666
u_dut/pc3_r2_1[2]_i_2,LUT5,SLICE_X15Y246,SLICEL.A5LUT,32'hFEE88000
u_dut/pc3_r2_1[2]_i_3,LUT5,SLICE_X15Y245,SLICEL.D6LUT,32'h96696996
u_dut/pc3_r2_1[3]_i_1,LUT6,SLICE_X15Y245,SLICEL.B6LUT,64'hA99595569556566A
u_dut/pc3_r2_1[4]_i_1,LUT6,SLICE_X15Y245,SLICEL.C6LUT,64'hFEEAEAA8EAA8A880
u_dut/pc3_r2_1[4]_i_2,LUT6,SLICE_X15Y246,SLICEL.D6LUT,64'hEBBEAAAA82280000
u_dut/pc3_r2_1[4]_i_3,LUT3,SLICE_X15Y246,SLICEL.B5LUT,8'hE8
u_dut/pc3_r2_1_reg[0],FDRE,SLICE_X14Y246,SLICEM.AFF,1'b0
u_dut/pc3_r2_1_reg[1],FDRE,SLICE_X15Y247,SLICEL.BFF,1'b0
u_dut/pc3_r2_1_reg[2],FDRE,SLICE_X15Y246,SLICEL.CFF,1'b0
u_dut/pc3_r2_1_reg[3],FDRE,SLICE_X15Y245,SLICEL.BFF,1'b0
u_dut/pc3_r2_1_reg[4],FDRE,SLICE_X15Y245,SLICEL.CFF,1'b0
u_dut/pc3_r2_2[0]_i_1,LUT4,SLICE_X17Y247,SLICEL.A6LUT,16'h6996
u_dut/pc3_r2_2[1]_i_1,LUT5,SLICE_X17Y247,SLICEL.B6LUT,32'h81177EE8
u_dut/pc3_r2_2[1]_i_2,LUT4,SLICE_X18Y246,SLICEM.A6LUT,16'h6996
u_dut/pc3_r2_2[2]_i_1,LUT6,SLICE_X17Y246,SLICEL.A6LUT,64'h9669699666666666
u_dut/pc3_r2_2[2]_i_2,LUT5,SLICE_X17Y247,SLICEL.B5LUT,32'hFEE88000
u_dut/pc3_r2_2[2]_i_3,LUT5,SLICE_X18Y246,SLICEM.D6LUT,32'h96696996
u_dut/pc3_r2_2[3]_i_1,LUT6,SLICE_X17Y246,SLICEL.B6LUT,64'hA99595569556566A
u_dut/pc3_r2_2[4]_i_1,LUT6,SLICE_X17Y246,SLICEL.C6LUT,64'hFEEAEAA8EAA8A880
u_dut/pc3_r2_2[4]_i_2,LUT6,SLICE_X17Y246,SLICEL.D6LUT,64'hEBBEAAAA82280000
u_dut/pc3_r2_2[4]_i_3,LUT3,SLICE_X18Y246,SLICEM.A5LUT,8'hE8
u_dut/pc3_r2_2_reg[0],FDRE,SLICE_X17Y247,SLICEL.AFF,1'b0
u_dut/pc3_r2_2_reg[1],FDRE,SLICE_X15Y247,SLICEL.CFF,1'b0
u_dut/pc3_r2_2_reg[2],FDRE,SLICE_X17Y246,SLICEL.AFF,1'b0
u_dut/pc3_r2_2_reg[3],FDRE,SLICE_X17Y246,SLICEL.BFF,1'b0
u_dut/pc3_r2_2_reg[4],FDRE,SLICE_X17Y246,SLICEL.CFF,1'b0
u_dut/pc3_r2_3[0]_i_1,LUT4,SLICE_X18Y246,SLICEM.B6LUT,16'h6996
u_dut/pc3_r2_3[1]_i_1,LUT5,SLICE_X18Y246,SLICEM.C6LUT,32'h81177EE8
u_dut/pc3_r2_3[1]_i_2,LUT4,SLICE_X19Y246,SLICEL.D6LUT,16'h6996
u_dut/pc3_r2_3[2]_i_1,LUT6,SLICE_X18Y247,SLICEM.A6LUT,64'h9669699666666666
u_dut/pc3_r2_3[2]_i_2,LUT5,SLICE_X18Y246,SLICEM.C5LUT,32'hFEE88000
u_dut/pc3_r2_3[2]_i_3,LUT5,SLICE_X19Y247,SLICEL.C6LUT,32'h96696996
u_dut/pc3_r2_3[3]_i_1,LUT6,SLICE_X19Y247,SLICEL.A6LUT,64'hA99595569556566A
u_dut/pc3_r2_3[4]_i_1,LUT6,SLICE_X19Y247,SLICEL.B6LUT,64'hFEEAEAA8EAA8A880
u_dut/pc3_r2_3[4]_i_2,LUT6,SLICE_X18Y247,SLICEM.B6LUT,64'hEBBEAAAA82280000
u_dut/pc3_r2_3[4]_i_3,LUT3,SLICE_X19Y246,SLICEL.D5LUT,8'hE8
u_dut/pc3_r2_3_reg[0],FDRE,SLICE_X18Y246,SLICEM.BFF,1'b0
u_dut/pc3_r2_3_reg[1],FDRE,SLICE_X15Y246,SLICEL.AFF,1'b0
u_dut/pc3_r2_3_reg[2],FDRE,SLICE_X18Y247,SLICEM.AFF,1'b0
u_dut/pc3_r2_3_reg[3],FDRE,SLICE_X19Y247,SLICEL.AFF,1'b0
u_dut/pc3_r2_3_reg[4],FDRE,SLICE_X19Y247,SLICEL.BFF,1'b0
u_dut/pc3_r2_4[0]_i_1,LUT4,SLICE_X11Y243,SLICEL.A6LUT,16'h6996
u_dut/pc3_r2_4[1]_i_1,LUT5,SLICE_X11Y243,SLICEL.B6LUT,32'h81177EE8
u_dut/pc3_r2_4[1]_i_2,LUT4,SLICE_X11Y243,SLICEL.C6LUT,16'h6996
u_dut/pc3_r2_4[2]_i_1,LUT6,SLICE_X10Y243,SLICEM.A6LUT,64'h9669699666666666
u_dut/pc3_r2_4[2]_i_2,LUT5,SLICE_X11Y243,SLICEL.B5LUT,32'hFEE88000
u_dut/pc3_r2_4[2]_i_3,LUT5,SLICE_X10Y243,SLICEM.D6LUT,32'h96696996
u_dut/pc3_r2_4[3]_i_1,LUT6,SLICE_X10Y243,SLICEM.B6LUT,64'hA99595569556566A
u_dut/pc3_r2_4[4]_i_1,LUT6,SLICE_X9Y243,SLICEL.A6LUT,64'hFEEAEAA8EAA8A880
u_dut/pc3_r2_4[4]_i_2,LUT6,SLICE_X10Y243,SLICEM.C6LUT,64'hEBBEAAAA82280000
u_dut/pc3_r2_4[4]_i_3,LUT3,SLICE_X11Y243,SLICEL.C5LUT,8'hE8
u_dut/pc3_r2_4_reg[0],FDRE,SLICE_X11Y243,SLICEL.AFF,1'b0
u_dut/pc3_r2_4_reg[1],FDRE,SLICE_X10Y245,SLICEM.AFF,1'b0
u_dut/pc3_r2_4_reg[2],FDRE,SLICE_X10Y243,SLICEM.AFF,1'b0
u_dut/pc3_r2_4_reg[3],FDRE,SLICE_X10Y243,SLICEM.BFF,1'b0
u_dut/pc3_r2_4_reg[4],FDRE,SLICE_X9Y243,SLICEL.AFF,1'b0
u_dut/pc3_r2_5[0]_i_1,LUT4,SLICE_X12Y244,SLICEM.A6LUT,16'h6996
u_dut/pc3_r2_5[1]_i_1,LUT5,SLICE_X13Y244,SLICEL.A6LUT,32'h81177EE8
u_dut/pc3_r2_5[1]_i_2,LUT4,SLICE_X13Y244,SLICEL.B6LUT,16'h6996
u_dut/pc3_r2_5[2]_i_1,LUT6,SLICE_X13Y244,SLICEL.C6LUT,64'h9669699666666666
u_dut/pc3_r2_5[2]_i_2,LUT5,SLICE_X13Y244,SLICEL.A5LUT,32'hFEE88000
u_dut/pc3_r2_5[2]_i_3,LUT5,SLICE_X14Y246,SLICEM.D6LUT,32'h96696996
u_dut/pc3_r2_5[3]_i_1,LUT6,SLICE_X14Y246,SLICEM.B6LUT,64'hA99595569556566A
u_dut/pc3_r2_5[4]_i_1,LUT6,SLICE_X14Y246,SLICEM.C6LUT,64'hFEEAEAA8EAA8A880
u_dut/pc3_r2_5[4]_i_2,LUT6,SLICE_X13Y244,SLICEL.D6LUT,64'hEBBEAAAA82280000
u_dut/pc3_r2_5[4]_i_3,LUT3,SLICE_X13Y244,SLICEL.B5LUT,8'hE8
u_dut/pc3_r2_5_reg[0],FDRE,SLICE_X12Y244,SLICEM.AFF,1'b0
u_dut/pc3_r2_5_reg[1],FDRE,SLICE_X10Y244,SLICEM.A5FF,1'b0
u_dut/pc3_r2_5_reg[2],FDRE,SLICE_X13Y244,SLICEL.CFF,1'b0
u_dut/pc3_r2_5_reg[3],FDRE,SLICE_X14Y246,SLICEM.BFF,1'b0
u_dut/pc3_r2_5_reg[4],FDRE,SLICE_X14Y246,SLICEM.CFF,1'b0
u_dut/pc3_r2_6[0]_i_1,LUT4,SLICE_X10Y242,SLICEM.B6LUT,16'h6996
u_dut/pc3_r2_6[1]_i_1,LUT5,SLICE_X10Y242,SLICEM.C6LUT,32'h81177EE8
u_dut/pc3_r2_6[1]_i_2,LUT4,SLICE_X10Y242,SLICEM.D6LUT,16'h6996
u_dut/pc3_r2_6[2]_i_1,LUT6,SLICE_X10Y244,SLICEM.A6LUT,64'h9669699666666666
u_dut/pc3_r2_6[2]_i_2,LUT5,SLICE_X10Y242,SLICEM.C5LUT,32'hFEE88000
u_dut/pc3_r2_6[2]_i_3,LUT5,SLICE_X11Y244,SLICEL.C6LUT,32'h96696996
u_dut/pc3_r2_6[3]_i_1,LUT6,SLICE_X10Y244,SLICEM.B6LUT,64'hA99595569556566A
u_dut/pc3_r2_6[4]_i_1,LUT6,SLICE_X10Y244,SLICEM.C6LUT,64'hFEEAEAA8EAA8A880
u_dut/pc3_r2_6[4]_i_2,LUT6,SLICE_X10Y244,SLICEM.D6LUT,64'hEBBEAAAA82280000
u_dut/pc3_r2_6[4]_i_3,LUT3,SLICE_X10Y242,SLICEM.D5LUT,8'hE8
u_dut/pc3_r2_6_reg[0],FDRE,SLICE_X10Y242,SLICEM.BFF,1'b0
u_dut/pc3_r2_6_reg[1],FDRE,SLICE_X10Y245,SLICEM.BFF,1'b0
u_dut/pc3_r2_6_reg[2],FDRE,SLICE_X10Y244,SLICEM.AFF,1'b0
u_dut/pc3_r2_6_reg[3],FDRE,SLICE_X10Y244,SLICEM.BFF,1'b0
u_dut/pc3_r2_6_reg[4],FDRE,SLICE_X10Y244,SLICEM.CFF,1'b0
u_dut/pc3_r2_7[0]_i_1,LUT4,SLICE_X12Y245,SLICEM.A6LUT,16'h6996
u_dut/pc3_r2_7[1]_i_1,LUT5,SLICE_X13Y245,SLICEL.A6LUT,32'h81177EE8
u_dut/pc3_r2_7[1]_i_2,LUT4,SLICE_X13Y245,SLICEL.B6LUT,16'h6996
u_dut/pc3_r2_7[2]_i_1,LUT6,SLICE_X13Y245,SLICEL.C6LUT,64'h9669699666666666
u_dut/pc3_r2_7[2]_i_2,LUT5,SLICE_X13Y245,SLICEL.A5LUT,32'hFEE88000
u_dut/pc3_r2_7[2]_i_3,LUT5,SLICE_X12Y245,SLICEM.D6LUT,32'h96696996
u_dut/pc3_r2_7[3]_i_1,LUT6,SLICE_X12Y245,SLICEM.B6LUT,64'hA99595569556566A
u_dut/pc3_r2_7[4]_i_1,LUT6,SLICE_X12Y245,SLICEM.C6LUT,64'hFEEAEAA8EAA8A880
u_dut/pc3_r2_7[4]_i_2,LUT6,SLICE_X13Y245,SLICEL.D6LUT,64'hEBBEAAAA82280000
u_dut/pc3_r2_7[4]_i_3,LUT3,SLICE_X13Y245,SLICEL.B5LUT,8'hE8
u_dut/pc3_r2_7_reg[0],FDRE,SLICE_X12Y245,SLICEM.AFF,1'b0
u_dut/pc3_r2_7_reg[1],FDRE,SLICE_X10Y245,SLICEM.CFF,1'b0
u_dut/pc3_r2_7_reg[2],FDRE,SLICE_X13Y245,SLICEL.CFF,1'b0
u_dut/pc3_r2_7_reg[3],FDRE,SLICE_X12Y245,SLICEM.BFF,1'b0
u_dut/pc3_r2_7_reg[4],FDRE,SLICE_X12Y245,SLICEM.CFF,1'b0
u_dut/pc3_r2_8[0]_i_1,LUT2,SLICE_X12Y244,SLICEM.B6LUT,4'h6
u_dut/pc3_r2_8[1]_i_1,LUT4,SLICE_X12Y244,SLICEM.B5LUT,16'h8778
u_dut/pc3_r2_8[2]_i_1,LUT5,SLICE_X12Y244,SLICEM.C6LUT,32'h077FF880
u_dut/pc3_r2_8[3]_i_1,LUT5,SLICE_X12Y244,SLICEM.C5LUT,32'hAA808000
u_dut/pc3_r2_8_reg[0],FDRE,SLICE_X12Y244,SLICEM.BFF,1'b0
u_dut/pc3_r2_8_reg[1],FDRE,SLICE_X12Y244,SLICEM.B5FF,1'b0
u_dut/pc3_r2_8_reg[2],FDRE,SLICE_X12Y244,SLICEM.CFF,1'b0
u_dut/pc3_r2_8_reg[3],FDRE,SLICE_X12Y244,SLICEM.C5FF,1'b0
u_dut/pc3_r4_0[3]_i_2,LUT5,SLICE_X15Y247,SLICEL.B6LUT,32'hEEE8E888
u_dut/pc3_r4_0[3]_i_3,LUT5,SLICE_X15Y247,SLICEL.B5LUT,32'hE81717E8
u_dut/pc3_r4_0[3]_i_4,LUT4,SLICE_X15Y247,SLICEL.C6LUT,16'h6996
u_dut/pc3_r4_0[3]_i_5,LUT6,SLICE_X14Y247,SLICEM.D6LUT,64'h6969699669969696
u_dut/pc3_r4_0[3]_i_6,LUT6,SLICE_X14Y247,SLICEM.C6LUT,64'h6999999699969666
u_dut/pc3_r4_0[3]_i_7,LUT4,SLICE_X14Y247,SLICEM.B6LUT,16'h566A
u_dut/pc3_r4_0[3]_i_8,LUT4,SLICE_X14Y247,SLICEM.A6LUT,16'h6996
u_dut/pc3_r4_0[3]_i_9,LUT3,SLICE_X15Y247,SLICEL.A6LUT,8'h96
u_dut/pc3_r4_0[6]_i_2,LUT5,SLICE_X15Y248,SLICEL.B6LUT,32'hEEE8E888
u_dut/pc3_r4_0[6]_i_3,LUT5,SLICE_X15Y247,SLICEL.A5LUT,32'hEEE8E888
u_dut/pc3_r4_0[6]_i_4,LUT5,SLICE_X14Y248,SLICEM.B6LUT,32'h177E7EE8
u_dut/pc3_r4_0[6]_i_5,LUT6,SLICE_X14Y248,SLICEM.A6LUT,64'h6969699669969696
u_dut/pc3_r4_0[6]_i_6,LUT3,SLICE_X15Y248,SLICEL.C6LUT,8'h96
u_dut/pc3_r4_0[6]_i_7,LUT3,SLICE_X15Y248,SLICEL.A6LUT,8'h96
u_dut/pc3_r4_0[6]_i_8,LUT3,SLICE_X15Y248,SLICEL.A5LUT,8'hE8
u_dut/pc3_r4_0_reg[0],FDRE,SLICE_X14Y247,SLICEM.AFF,1'b0
u_dut/pc3_r4_0_reg[1],FDRE,SLICE_X14Y247,SLICEM.BFF,1'b0
u_dut/pc3_r4_0_reg[2],FDRE,SLICE_X14Y247,SLICEM.CFF,1'b0
u_dut/pc3_r4_0_reg[3],FDRE,SLICE_X14Y247,SLICEM.DFF,1'b0
u_dut/pc3_r4_0_reg[3]_i_1,CARRY4,SLICE_X14Y247,SLICEM.CARRY4,
u_dut/pc3_r4_0_reg[4],FDRE,SLICE_X14Y248,SLICEM.AFF,1'b0
u_dut/pc3_r4_0_reg[5],FDRE,SLICE_X14Y248,SLICEM.BFF,1'b0
u_dut/pc3_r4_0_reg[6],FDRE,SLICE_X14Y248,SLICEM.CFF,1'b0
u_dut/pc3_r4_0_reg[6]_i_1,CARRY4,SLICE_X14Y248,SLICEM.CARRY4,
u_dut/pc3_r4_1[3]_i_2,LUT5,SLICE_X10Y245,SLICEM.B6LUT,32'hEEE8E888
u_dut/pc3_r4_1[3]_i_3,LUT5,SLICE_X10Y245,SLICEM.B5LUT,32'hE81717E8
u_dut/pc3_r4_1[3]_i_4,LUT4,SLICE_X10Y245,SLICEM.C6LUT,16'h6996
u_dut/pc3_r4_1[3]_i_5,LUT6,SLICE_X8Y245,SLICEM.D6LUT,64'h6969699669969696
u_dut/pc3_r4_1[3]_i_6,LUT6,SLICE_X8Y245,SLICEM.C6LUT,64'h6999999699969666
u_dut/pc3_r4_1[3]_i_7,LUT4,SLICE_X8Y245,SLICEM.B6LUT,16'h566A
u_dut/pc3_r4_1[3]_i_8,LUT4,SLICE_X8Y245,SLICEM.A6LUT,16'h6996
u_dut/pc3_r4_1[3]_i_9,LUT3,SLICE_X10Y245,SLICEM.A6LUT,8'h96
u_dut/pc3_r4_1[6]_i_2,LUT5,SLICE_X10Y246,SLICEM.B6LUT,32'hEEE8E888
u_dut/pc3_r4_1[6]_i_3,LUT5,SLICE_X10Y245,SLICEM.A5LUT,32'hEEE8E888
u_dut/pc3_r4_1[6]_i_4,LUT5,SLICE_X8Y246,SLICEM.B6LUT,32'h177E7EE8
u_dut/pc3_r4_1[6]_i_5,LUT6,SLICE_X8Y246,SLICEM.A6LUT,64'h6969699669969696
u_dut/pc3_r4_1[6]_i_6,LUT3,SLICE_X10Y246,SLICEM.C6LUT,8'h96
u_dut/pc3_r4_1[6]_i_7,LUT3,SLICE_X10Y246,SLICEM.A6LUT,8'h96
u_dut/pc3_r4_1[6]_i_8,LUT3,SLICE_X10Y246,SLICEM.A5LUT,8'hE8
u_dut/pc3_r4_1_reg[0],FDRE,SLICE_X8Y245,SLICEM.AFF,1'b0
u_dut/pc3_r4_1_reg[1],FDRE,SLICE_X8Y245,SLICEM.BFF,1'b0
u_dut/pc3_r4_1_reg[2],FDRE,SLICE_X8Y245,SLICEM.CFF,1'b0
u_dut/pc3_r4_1_reg[3],FDRE,SLICE_X8Y245,SLICEM.DFF,1'b0
u_dut/pc3_r4_1_reg[3]_i_1,CARRY4,SLICE_X8Y245,SLICEM.CARRY4,
u_dut/pc3_r4_1_reg[4],FDRE,SLICE_X8Y246,SLICEM.AFF,1'b0
u_dut/pc3_r4_1_reg[5],FDRE,SLICE_X8Y246,SLICEM.BFF,1'b0
u_dut/pc3_r4_1_reg[6],FDRE,SLICE_X8Y246,SLICEM.CFF,1'b0
u_dut/pc3_r4_1_reg[6]_i_1,CARRY4,SLICE_X8Y246,SLICEM.CARRY4,
u_dut/pc3_r4_2_reg[0],FDRE,SLICE_X8Y244,SLICEM.A5FF,1'b0
u_dut/pc3_r4_2_reg[1],FDRE,SLICE_X9Y244,SLICEL.AFF,1'b0
u_dut/pc3_r4_2_reg[2],FDRE,SLICE_X9Y244,SLICEL.BFF,1'b0
u_dut/pc3_r4_2_reg[3],FDRE,SLICE_X9Y244,SLICEL.C5FF,1'b0
u_dut/pc3_r6_0[3]_i_2,LUT3,SLICE_X9Y245,SLICEL.C5LUT,8'hE8
u_dut/pc3_r6_0[3]_i_3,LUT3,SLICE_X9Y245,SLICEL.B5LUT,8'hE8
u_dut/pc3_r6_0[3]_i_4,LUT3,SLICE_X9Y245,SLICEL.A5LUT,8'hE8
u_dut/pc3_r6_0[3]_i_5,LUT4,SLICE_X9Y245,SLICEL.D6LUT,16'h6996
u_dut/pc3_r6_0[3]_i_6,LUT4,SLICE_X9Y245,SLICEL.C6LUT,16'h6996
u_dut/pc3_r6_0[3]_i_7,LUT4,SLICE_X9Y245,SLICEL.B6LUT,16'h6996
u_dut/pc3_r6_0[3]_i_8,LUT3,SLICE_X9Y245,SLICEL.A6LUT,8'h96
u_dut/pc3_r6_0[7]_i_2,LUT2,SLICE_X9Y246,SLICEL.C5LUT,4'h8
u_dut/pc3_r6_0[7]_i_3,LUT2,SLICE_X9Y246,SLICEL.B5LUT,4'h8
u_dut/pc3_r6_0[7]_i_4,LUT3,SLICE_X9Y246,SLICEL.A5LUT,8'hE8
u_dut/pc3_r6_0[7]_i_5,LUT2,SLICE_X9Y246,SLICEL.D6LUT,4'h8
u_dut/pc3_r6_0[7]_i_6,LUT4,SLICE_X9Y246,SLICEL.C6LUT,16'h8778
u_dut/pc3_r6_0[7]_i_7,LUT4,SLICE_X9Y246,SLICEL.B6LUT,16'h8778
u_dut/pc3_r6_0[7]_i_8,LUT5,SLICE_X9Y246,SLICEL.A6LUT,32'hE81717E8
u_dut/pc3_r6_0_reg[0],FDRE,SLICE_X9Y245,SLICEL.AFF,1'b0
u_dut/pc3_r6_0_reg[1],FDRE,SLICE_X9Y245,SLICEL.BFF,1'b0
u_dut/pc3_r6_0_reg[2],FDRE,SLICE_X9Y245,SLICEL.CFF,1'b0
u_dut/pc3_r6_0_reg[3],FDRE,SLICE_X9Y245,SLICEL.DFF,1'b0
u_dut/pc3_r6_0_reg[3]_i_1,CARRY4,SLICE_X9Y245,SLICEL.CARRY4,
u_dut/pc3_r6_0_reg[4],FDRE,SLICE_X9Y246,SLICEL.AFF,1'b0
u_dut/pc3_r6_0_reg[5],FDRE,SLICE_X9Y246,SLICEL.BFF,1'b0
u_dut/pc3_r6_0_reg[6],FDRE,SLICE_X9Y246,SLICEL.CFF,1'b0
u_dut/pc3_r6_0_reg[7],FDRE,SLICE_X9Y246,SLICEL.DFF,1'b0
u_dut/pc3_r6_0_reg[7]_i_1,CARRY4,SLICE_X9Y246,SLICEL.CARRY4,
u_dut/pc4_a0[0]_i_1,LUT6,SLICE_X6Y236,SLICEM.B6LUT,64'h6996966996696996
u_dut/pc4_a0[1]_i_1,LUT6,SLICE_X6Y236,SLICEM.C6LUT,64'h8117177E177E7EE8
u_dut/pc4_a0[2]_i_1,LUT6,SLICE_X6Y236,SLICEM.D6LUT,64'hFEE8E880E8808000
u_dut/pc4_a0_reg[0],FDRE,SLICE_X6Y236,SLICEM.BFF,1'b0
u_dut/pc4_a0_reg[1],FDRE,SLICE_X6Y236,SLICEM.CFF,1'b0
u_dut/pc4_a0_reg[2],FDRE,SLICE_X6Y236,SLICEM.DFF,1'b0
u_dut/pc4_a10[0]_i_1,LUT6,SLICE_X10Y236,SLICEM.B6LUT,64'h6996966996696996
u_dut/pc4_a10[1]_i_1,LUT6,SLICE_X10Y236,SLICEM.C6LUT,64'h8117177E177E7EE8
u_dut/pc4_a10[2]_i_1,LUT6,SLICE_X10Y236,SLICEM.D6LUT,64'hFEE8E880E8808000
u_dut/pc4_a10_reg[0],FDRE,SLICE_X10Y236,SLICEM.BFF,1'b0
u_dut/pc4_a10_reg[1],FDRE,SLICE_X10Y236,SLICEM.CFF,1'b0
u_dut/pc4_a10_reg[2],FDRE,SLICE_X10Y236,SLICEM.DFF,1'b0
u_dut/pc4_a11[0]_i_1,LUT6,SLICE_X7Y239,SLICEL.B6LUT,64'h6996966996696996
u_dut/pc4_a11[1]_i_1,LUT6,SLICE_X7Y239,SLICEL.C6LUT,64'h8117177E177E7EE8
u_dut/pc4_a11[2]_i_1,LUT6,SLICE_X7Y239,SLICEL.D6LUT,64'hFEE8E880E8808000
u_dut/pc4_a11_reg[0],FDRE,SLICE_X7Y239,SLICEL.BFF,1'b0
u_dut/pc4_a11_reg[1],FDRE,SLICE_X7Y239,SLICEL.CFF,1'b0
u_dut/pc4_a11_reg[2],FDRE,SLICE_X7Y239,SLICEL.DFF,1'b0
u_dut/pc4_a12[0]_i_1,LUT6,SLICE_X9Y238,SLICEL.B6LUT,64'h6996966996696996
u_dut/pc4_a12[1]_i_1,LUT6,SLICE_X9Y238,SLICEL.C6LUT,64'h8117177E177E7EE8
u_dut/pc4_a12[2]_i_1,LUT6,SLICE_X9Y238,SLICEL.D6LUT,64'hFEE8E880E8808000
u_dut/pc4_a12_reg[0],FDRE,SLICE_X9Y238,SLICEL.BFF,1'b0
u_dut/pc4_a12_reg[1],FDRE,SLICE_X9Y238,SLICEL.CFF,1'b0
u_dut/pc4_a12_reg[2],FDRE,SLICE_X9Y238,SLICEL.DFF,1'b0
u_dut/pc4_a13[0]_i_1,LUT6,SLICE_X9Y240,SLICEL.B6LUT,64'h6996966996696996
u_dut/pc4_a13[1]_i_1,LUT6,SLICE_X9Y240,SLICEL.C6LUT,64'h8117177E177E7EE8
u_dut/pc4_a13[2]_i_1,LUT6,SLICE_X9Y240,SLICEL.D6LUT,64'hFEE8E880E8808000
u_dut/pc4_a13_reg[0],FDRE,SLICE_X9Y240,SLICEL.BFF,1'b0
u_dut/pc4_a13_reg[1],FDRE,SLICE_X9Y240,SLICEL.CFF,1'b0
u_dut/pc4_a13_reg[2],FDRE,SLICE_X9Y240,SLICEL.DFF,1'b0
u_dut/pc4_a14[0]_i_1,LUT6,SLICE_X8Y242,SLICEM.B6LUT,64'h6996966996696996
u_dut/pc4_a14[1]_i_1,LUT6,SLICE_X8Y242,SLICEM.C6LUT,64'h8117177E177E7EE8
u_dut/pc4_a14[2]_i_1,LUT6,SLICE_X8Y242,SLICEM.D6LUT,64'hFEE8E880E8808000
u_dut/pc4_a14_reg[0],FDRE,SLICE_X8Y242,SLICEM.BFF,1'b0
u_dut/pc4_a14_reg[1],FDRE,SLICE_X8Y242,SLICEM.CFF,1'b0
u_dut/pc4_a14_reg[2],FDRE,SLICE_X8Y242,SLICEM.DFF,1'b0
u_dut/pc4_a15[0]_i_1,LUT6,SLICE_X12Y242,SLICEM.B6LUT,64'h6996966996696996
u_dut/pc4_a15[1]_i_1,LUT6,SLICE_X12Y242,SLICEM.C6LUT,64'h8117177E177E7EE8
u_dut/pc4_a15[2]_i_1,LUT6,SLICE_X12Y242,SLICEM.D6LUT,64'hFEE8E880E8808000
u_dut/pc4_a15_reg[0],FDRE,SLICE_X12Y242,SLICEM.BFF,1'b0
u_dut/pc4_a15_reg[1],FDRE,SLICE_X12Y242,SLICEM.CFF,1'b0
u_dut/pc4_a15_reg[2],FDRE,SLICE_X12Y242,SLICEM.DFF,1'b0
u_dut/pc4_a16[0]_i_1,LUT6,SLICE_X3Y235,SLICEL.A6LUT,64'h6996966996696996
u_dut/pc4_a16[1]_i_1,LUT6,SLICE_X3Y235,SLICEL.B6LUT,64'h8117177E177E7EE8
u_dut/pc4_a16[2]_i_1,LUT6,SLICE_X3Y235,SLICEL.C6LUT,64'hFEE8E880E8808000
u_dut/pc4_a16_reg[0],FDRE,SLICE_X3Y235,SLICEL.AFF,1'b0
u_dut/pc4_a16_reg[1],FDRE,SLICE_X3Y235,SLICEL.BFF,1'b0
u_dut/pc4_a16_reg[2],FDRE,SLICE_X3Y235,SLICEL.CFF,1'b0
u_dut/pc4_a17[0]_i_1,LUT6,SLICE_X6Y237,SLICEM.B6LUT,64'h6996966996696996
u_dut/pc4_a17[1]_i_1,LUT6,SLICE_X6Y237,SLICEM.C6LUT,64'h8117177E177E7EE8
u_dut/pc4_a17[2]_i_1,LUT6,SLICE_X6Y237,SLICEM.D6LUT,64'hFEE8E880E8808000
u_dut/pc4_a17_reg[0],FDRE,SLICE_X6Y237,SLICEM.BFF,1'b0
u_dut/pc4_a17_reg[1],FDRE,SLICE_X6Y237,SLICEM.CFF,1'b0
u_dut/pc4_a17_reg[2],FDRE,SLICE_X6Y237,SLICEM.DFF,1'b0
u_dut/pc4_a18[0]_i_1,LUT6,SLICE_X3Y237,SLICEL.B6LUT,64'h6996966996696996
u_dut/pc4_a18[1]_i_1,LUT6,SLICE_X3Y237,SLICEL.C6LUT,64'h8117177E177E7EE8
u_dut/pc4_a18[2]_i_1,LUT6,SLICE_X3Y237,SLICEL.D6LUT,64'hFEE8E880E8808000
u_dut/pc4_a18_reg[0],FDRE,SLICE_X3Y237,SLICEL.BFF,1'b0
u_dut/pc4_a18_reg[1],FDRE,SLICE_X3Y237,SLICEL.CFF,1'b0
u_dut/pc4_a18_reg[2],FDRE,SLICE_X3Y237,SLICEL.DFF,1'b0
u_dut/pc4_a19[0]_i_1,LUT6,SLICE_X2Y234,SLICEM.A6LUT,64'h6996966996696996
u_dut/pc4_a19[1]_i_1,LUT6,SLICE_X2Y234,SLICEM.B6LUT,64'h8117177E177E7EE8
u_dut/pc4_a19[2]_i_1,LUT6,SLICE_X2Y234,SLICEM.C6LUT,64'hFEE8E880E8808000
u_dut/pc4_a19_reg[0],FDRE,SLICE_X2Y234,SLICEM.AFF,1'b0
u_dut/pc4_a19_reg[1],FDRE,SLICE_X2Y234,SLICEM.BFF,1'b0
u_dut/pc4_a19_reg[2],FDRE,SLICE_X2Y234,SLICEM.CFF,1'b0
u_dut/pc4_a1[0]_i_1,LUT6,SLICE_X19Y242,SLICEL.B6LUT,64'h6996966996696996
u_dut/pc4_a1[1]_i_1,LUT6,SLICE_X19Y242,SLICEL.C6LUT,64'h8117177E177E7EE8
u_dut/pc4_a1[2]_i_1,LUT6,SLICE_X19Y242,SLICEL.D6LUT,64'hFEE8E880E8808000
u_dut/pc4_a1_reg[0],FDRE,SLICE_X19Y242,SLICEL.BFF,1'b0
u_dut/pc4_a1_reg[1],FDRE,SLICE_X19Y242,SLICEL.CFF,1'b0
u_dut/pc4_a1_reg[2],FDRE,SLICE_X19Y242,SLICEL.DFF,1'b0
u_dut/pc4_a20[0]_i_1,LUT6,SLICE_X5Y233,SLICEL.B6LUT,64'h6996966996696996
u_dut/pc4_a20[1]_i_1,LUT6,SLICE_X5Y233,SLICEL.C6LUT,64'h8117177E177E7EE8
u_dut/pc4_a20[2]_i_1,LUT6,SLICE_X5Y233,SLICEL.D6LUT,64'hFEE8E880E8808000
u_dut/pc4_a20_reg[0],FDRE,SLICE_X5Y233,SLICEL.BFF,1'b0
u_dut/pc4_a20_reg[1],FDRE,SLICE_X5Y233,SLICEL.CFF,1'b0
u_dut/pc4_a20_reg[2],FDRE,SLICE_X5Y233,SLICEL.DFF,1'b0
u_dut/pc4_a21[0]_i_1,LUT6,SLICE_X5Y234,SLICEL.B6LUT,64'h6996966996696996
u_dut/pc4_a21[1]_i_1,LUT6,SLICE_X5Y234,SLICEL.C6LUT,64'h8117177E177E7EE8
u_dut/pc4_a21[2]_i_1,LUT6,SLICE_X5Y234,SLICEL.D6LUT,64'hFEE8E880E8808000
u_dut/pc4_a21_reg[0],FDRE,SLICE_X5Y234,SLICEL.BFF,1'b0
u_dut/pc4_a21_reg[1],FDRE,SLICE_X5Y234,SLICEL.CFF,1'b0
u_dut/pc4_a21_reg[2],FDRE,SLICE_X5Y234,SLICEL.DFF,1'b0
u_dut/pc4_a22[0]_i_1,LUT6,SLICE_X6Y233,SLICEM.B6LUT,64'h6996966996696996
u_dut/pc4_a22[1]_i_1,LUT6,SLICE_X6Y233,SLICEM.C6LUT,64'h8117177E177E7EE8
u_dut/pc4_a22[2]_i_1,LUT6,SLICE_X6Y233,SLICEM.D6LUT,64'hFEE8E880E8808000
u_dut/pc4_a22_reg[0],FDRE,SLICE_X6Y233,SLICEM.BFF,1'b0
u_dut/pc4_a22_reg[1],FDRE,SLICE_X6Y233,SLICEM.CFF,1'b0
u_dut/pc4_a22_reg[2],FDRE,SLICE_X6Y233,SLICEM.DFF,1'b0
u_dut/pc4_a23[0]_i_1,LUT6,SLICE_X4Y236,SLICEL.A6LUT,64'h6996966996696996
u_dut/pc4_a23[1]_i_1,LUT6,SLICE_X4Y236,SLICEL.B6LUT,64'h8117177E177E7EE8
u_dut/pc4_a23[2]_i_1,LUT6,SLICE_X4Y236,SLICEL.C6LUT,64'hFEE8E880E8808000
u_dut/pc4_a23_reg[0],FDRE,SLICE_X4Y236,SLICEL.AFF,1'b0
u_dut/pc4_a23_reg[1],FDRE,SLICE_X4Y236,SLICEL.BFF,1'b0
u_dut/pc4_a23_reg[2],FDRE,SLICE_X4Y236,SLICEL.CFF,1'b0
u_dut/pc4_a24[0]_i_1,LUT6,SLICE_X8Y239,SLICEM.B6LUT,64'h6996966996696996
u_dut/pc4_a24[1]_i_1,LUT6,SLICE_X8Y239,SLICEM.C6LUT,64'h8117177E177E7EE8
u_dut/pc4_a24[2]_i_1,LUT6,SLICE_X8Y239,SLICEM.D6LUT,64'hFEE8E880E8808000
u_dut/pc4_a24_reg[0],FDRE,SLICE_X8Y239,SLICEM.BFF,1'b0
u_dut/pc4_a24_reg[1],FDRE,SLICE_X8Y239,SLICEM.CFF,1'b0
u_dut/pc4_a24_reg[2],FDRE,SLICE_X8Y239,SLICEM.DFF,1'b0
u_dut/pc4_a25[0]_i_1,LUT6,SLICE_X8Y240,SLICEM.A6LUT,64'h6996966996696996
u_dut/pc4_a25[1]_i_1,LUT6,SLICE_X8Y240,SLICEM.B6LUT,64'h8117177E177E7EE8
u_dut/pc4_a25[2]_i_1,LUT6,SLICE_X8Y240,SLICEM.C6LUT,64'hFEE8E880E8808000
u_dut/pc4_a25_reg[0],FDRE,SLICE_X8Y240,SLICEM.AFF,1'b0
u_dut/pc4_a25_reg[1],FDRE,SLICE_X8Y240,SLICEM.BFF,1'b0
u_dut/pc4_a25_reg[2],FDRE,SLICE_X8Y240,SLICEM.CFF,1'b0
u_dut/pc4_a26[0]_i_1,LUT6,SLICE_X6Y234,SLICEM.B6LUT,64'h6996966996696996
u_dut/pc4_a26[1]_i_1,LUT6,SLICE_X6Y234,SLICEM.C6LUT,64'h8117177E177E7EE8
u_dut/pc4_a26[2]_i_1,LUT6,SLICE_X6Y234,SLICEM.D6LUT,64'hFEE8E880E8808000
u_dut/pc4_a26_reg[0],FDRE,SLICE_X6Y234,SLICEM.BFF,1'b0
u_dut/pc4_a26_reg[1],FDRE,SLICE_X6Y234,SLICEM.CFF,1'b0
u_dut/pc4_a26_reg[2],FDRE,SLICE_X6Y234,SLICEM.DFF,1'b0
u_dut/pc4_a27[0]_i_1,LUT6,SLICE_X9Y239,SLICEL.B6LUT,64'h6996966996696996
u_dut/pc4_a27[1]_i_1,LUT6,SLICE_X9Y239,SLICEL.C6LUT,64'h8117177E177E7EE8
u_dut/pc4_a27[2]_i_1,LUT6,SLICE_X9Y239,SLICEL.D6LUT,64'hFEE8E880E8808000
u_dut/pc4_a27_reg[0],FDRE,SLICE_X9Y239,SLICEL.BFF,1'b0
u_dut/pc4_a27_reg[1],FDRE,SLICE_X9Y239,SLICEL.CFF,1'b0
u_dut/pc4_a27_reg[2],FDRE,SLICE_X9Y239,SLICEL.DFF,1'b0
u_dut/pc4_a28[0]_i_1,LUT6,SLICE_X5Y235,SLICEL.A6LUT,64'h6996966996696996
u_dut/pc4_a28[1]_i_1,LUT6,SLICE_X5Y235,SLICEL.B6LUT,64'h8117177E177E7EE8
u_dut/pc4_a28[2]_i_1,LUT6,SLICE_X5Y235,SLICEL.C6LUT,64'hFEE8E880E8808000
u_dut/pc4_a28_reg[0],FDRE,SLICE_X5Y235,SLICEL.AFF,1'b0
u_dut/pc4_a28_reg[1],FDRE,SLICE_X5Y235,SLICEL.BFF,1'b0
u_dut/pc4_a28_reg[2],FDRE,SLICE_X5Y235,SLICEL.CFF,1'b0
u_dut/pc4_a29[0]_i_1,LUT6,SLICE_X6Y235,SLICEM.B6LUT,64'h6996966996696996
u_dut/pc4_a29[1]_i_1,LUT6,SLICE_X6Y235,SLICEM.C6LUT,64'h8117177E177E7EE8
u_dut/pc4_a29[2]_i_1,LUT6,SLICE_X6Y235,SLICEM.D6LUT,64'hFEE8E880E8808000
u_dut/pc4_a29_reg[0],FDRE,SLICE_X6Y235,SLICEM.BFF,1'b0
u_dut/pc4_a29_reg[1],FDRE,SLICE_X6Y235,SLICEM.CFF,1'b0
u_dut/pc4_a29_reg[2],FDRE,SLICE_X6Y235,SLICEM.DFF,1'b0
u_dut/pc4_a2[0]_i_1,LUT6,SLICE_X8Y243,SLICEM.A6LUT,64'h6996966996696996
u_dut/pc4_a2[1]_i_1,LUT6,SLICE_X9Y242,SLICEL.A6LUT,64'h8117177E177E7EE8
u_dut/pc4_a2[2]_i_1,LUT6,SLICE_X8Y243,SLICEM.B6LUT,64'hFEE8E880E8808000
u_dut/pc4_a2_reg[0],FDRE,SLICE_X8Y243,SLICEM.AFF,1'b0
u_dut/pc4_a2_reg[1],FDRE,SLICE_X9Y242,SLICEL.AFF,1'b0
u_dut/pc4_a2_reg[2],FDRE,SLICE_X8Y243,SLICEM.BFF,1'b0
u_dut/pc4_a30[0]_i_1,LUT6,SLICE_X8Y237,SLICEM.B6LUT,64'h6996966996696996
u_dut/pc4_a30[1]_i_1,LUT6,SLICE_X8Y237,SLICEM.C6LUT,64'h8117177E177E7EE8
u_dut/pc4_a30[2]_i_1,LUT6,SLICE_X8Y237,SLICEM.D6LUT,64'hFEE8E880E8808000
u_dut/pc4_a30_reg[0],FDRE,SLICE_X8Y237,SLICEM.BFF,1'b0
u_dut/pc4_a30_reg[1],FDRE,SLICE_X8Y237,SLICEM.CFF,1'b0
u_dut/pc4_a30_reg[2],FDRE,SLICE_X8Y237,SLICEM.DFF,1'b0
u_dut/pc4_a31[0]_i_1,LUT6,SLICE_X5Y235,SLICEL.D6LUT,64'h6996966996696996
u_dut/pc4_a31[1]_i_1,LUT6,SLICE_X4Y235,SLICEL.A6LUT,64'h8117177E177E7EE8
u_dut/pc4_a31[2]_i_1,LUT6,SLICE_X4Y235,SLICEL.B6LUT,64'hFEE8E880E8808000
u_dut/pc4_a31_reg[0],FDRE,SLICE_X5Y235,SLICEL.DFF,1'b0
u_dut/pc4_a31_reg[1],FDRE,SLICE_X4Y235,SLICEL.AFF,1'b0
u_dut/pc4_a31_reg[2],FDRE,SLICE_X4Y235,SLICEL.BFF,1'b0
u_dut/pc4_a32[0]_i_1,LUT6,SLICE_X10Y240,SLICEM.B6LUT,64'h6996966996696996
u_dut/pc4_a32[1]_i_1,LUT6,SLICE_X10Y240,SLICEM.C6LUT,64'h8117177E177E7EE8
u_dut/pc4_a32[2]_i_1,LUT6,SLICE_X10Y240,SLICEM.D6LUT,64'hFEE8E880E8808000
u_dut/pc4_a32_reg[0],FDRE,SLICE_X10Y240,SLICEM.BFF,1'b0
u_dut/pc4_a32_reg[1],FDRE,SLICE_X10Y240,SLICEM.CFF,1'b0
u_dut/pc4_a32_reg[2],FDRE,SLICE_X10Y240,SLICEM.DFF,1'b0
u_dut/pc4_a33[0]_i_1,LUT2,SLICE_X4Y237,SLICEL.A6LUT,4'h6
u_dut/pc4_a33[1]_i_1,LUT2,SLICE_X4Y237,SLICEL.A5LUT,4'h8
u_dut/pc4_a33_reg[0],FDRE,SLICE_X4Y237,SLICEL.AFF,1'b0
u_dut/pc4_a33_reg[1],FDRE,SLICE_X4Y237,SLICEL.A5FF,1'b0
u_dut/pc4_a3[0]_i_1,LUT6,SLICE_X11Y241,SLICEL.B6LUT,64'h6996966996696996
u_dut/pc4_a3[1]_i_1,LUT6,SLICE_X11Y241,SLICEL.C6LUT,64'h8117177E177E7EE8
u_dut/pc4_a3[2]_i_1,LUT6,SLICE_X11Y241,SLICEL.D6LUT,64'hFEE8E880E8808000
u_dut/pc4_a3_reg[0],FDRE,SLICE_X11Y241,SLICEL.BFF,1'b0
u_dut/pc4_a3_reg[1],FDRE,SLICE_X11Y241,SLICEL.CFF,1'b0
u_dut/pc4_a3_reg[2],FDRE,SLICE_X11Y241,SLICEL.DFF,1'b0
u_dut/pc4_a4[0]_i_1,LUT6,SLICE_X10Y238,SLICEM.B6LUT,64'h6996966996696996
u_dut/pc4_a4[1]_i_1,LUT6,SLICE_X10Y238,SLICEM.C6LUT,64'h8117177E177E7EE8
u_dut/pc4_a4[2]_i_1,LUT6,SLICE_X10Y238,SLICEM.D6LUT,64'hFEE8E880E8808000
u_dut/pc4_a4_reg[0],FDRE,SLICE_X10Y238,SLICEM.BFF,1'b0
u_dut/pc4_a4_reg[1],FDRE,SLICE_X10Y238,SLICEM.CFF,1'b0
u_dut/pc4_a4_reg[2],FDRE,SLICE_X10Y238,SLICEM.DFF,1'b0
u_dut/pc4_a5[0]_i_1,LUT6,SLICE_X12Y243,SLICEM.A6LUT,64'h6996966996696996
u_dut/pc4_a5[1]_i_1,LUT6,SLICE_X12Y243,SLICEM.B6LUT,64'h8117177E177E7EE8
u_dut/pc4_a5[2]_i_1,LUT6,SLICE_X12Y243,SLICEM.C6LUT,64'hFEE8E880E8808000
u_dut/pc4_a5_reg[0],FDRE,SLICE_X12Y243,SLICEM.AFF,1'b0
u_dut/pc4_a5_reg[1],FDRE,SLICE_X12Y243,SLICEM.BFF,1'b0
u_dut/pc4_a5_reg[2],FDRE,SLICE_X12Y243,SLICEM.CFF,1'b0
u_dut/pc4_a6[0]_i_1,LUT6,SLICE_X14Y243,SLICEM.B6LUT,64'h6996966996696996
u_dut/pc4_a6[1]_i_1,LUT6,SLICE_X14Y243,SLICEM.C6LUT,64'h8117177E177E7EE8
u_dut/pc4_a6[2]_i_1,LUT6,SLICE_X14Y243,SLICEM.D6LUT,64'hFEE8E880E8808000
u_dut/pc4_a6_reg[0],FDRE,SLICE_X14Y243,SLICEM.BFF,1'b0
u_dut/pc4_a6_reg[1],FDRE,SLICE_X14Y243,SLICEM.CFF,1'b0
u_dut/pc4_a6_reg[2],FDRE,SLICE_X14Y243,SLICEM.DFF,1'b0
u_dut/pc4_a7[0]_i_1,LUT6,SLICE_X11Y244,SLICEL.A6LUT,64'h6996966996696996
u_dut/pc4_a7[1]_i_1,LUT6,SLICE_X11Y244,SLICEL.B6LUT,64'h8117177E177E7EE8
u_dut/pc4_a7[2]_i_1,LUT6,SLICE_X11Y243,SLICEL.D6LUT,64'hFEE8E880E8808000
u_dut/pc4_a7_reg[0],FDRE,SLICE_X11Y244,SLICEL.AFF,1'b0
u_dut/pc4_a7_reg[1],FDRE,SLICE_X11Y244,SLICEL.BFF,1'b0
u_dut/pc4_a7_reg[2],FDRE,SLICE_X11Y243,SLICEL.DFF,1'b0
u_dut/pc4_a8[0]_i_1,LUT6,SLICE_X17Y243,SLICEL.B6LUT,64'h6996966996696996
u_dut/pc4_a8[1]_i_1,LUT6,SLICE_X17Y243,SLICEL.C6LUT,64'h8117177E177E7EE8
u_dut/pc4_a8[2]_i_1,LUT6,SLICE_X17Y243,SLICEL.D6LUT,64'hFEE8E880E8808000
u_dut/pc4_a8_reg[0],FDRE,SLICE_X17Y243,SLICEL.BFF,1'b0
u_dut/pc4_a8_reg[1],FDRE,SLICE_X17Y243,SLICEL.CFF,1'b0
u_dut/pc4_a8_reg[2],FDRE,SLICE_X17Y243,SLICEL.DFF,1'b0
u_dut/pc4_a9[0]_i_1,LUT6,SLICE_X7Y237,SLICEL.B6LUT,64'h6996966996696996
u_dut/pc4_a9[1]_i_1,LUT6,SLICE_X7Y237,SLICEL.C6LUT,64'h8117177E177E7EE8
u_dut/pc4_a9[2]_i_1,LUT6,SLICE_X7Y237,SLICEL.D6LUT,64'hFEE8E880E8808000
u_dut/pc4_a9_reg[0],FDRE,SLICE_X7Y237,SLICEL.BFF,1'b0
u_dut/pc4_a9_reg[1],FDRE,SLICE_X7Y237,SLICEL.CFF,1'b0
u_dut/pc4_a9_reg[2],FDRE,SLICE_X7Y237,SLICEL.DFF,1'b0
u_dut/pc4_r2_0[0]_i_1,LUT4,SLICE_X7Y243,SLICEL.A6LUT,16'h6996
u_dut/pc4_r2_0[1]_i_1,LUT5,SLICE_X7Y242,SLICEL.A6LUT,32'h81177EE8
u_dut/pc4_r2_0[1]_i_2,LUT4,SLICE_X6Y242,SLICEM.A6LUT,16'h6996
u_dut/pc4_r2_0[2]_i_1,LUT6,SLICE_X6Y242,SLICEM.B6LUT,64'h9669699666666666
u_dut/pc4_r2_0[2]_i_2,LUT5,SLICE_X7Y242,SLICEL.A5LUT,32'hFEE88000
u_dut/pc4_r2_0[2]_i_3,LUT5,SLICE_X6Y243,SLICEM.A6LUT,32'h96696996
u_dut/pc4_r2_0[3]_i_1,LUT6,SLICE_X4Y243,SLICEL.A6LUT,64'hA99595569556566A
u_dut/pc4_r2_0[4]_i_1,LUT6,SLICE_X4Y243,SLICEL.B6LUT,64'hFEEAEAA8EAA8A880
u_dut/pc4_r2_0[4]_i_2,LUT6,SLICE_X6Y242,SLICEM.C6LUT,64'hEBBEAAAA82280000
u_dut/pc4_r2_0[4]_i_3,LUT3,SLICE_X6Y242,SLICEM.A5LUT,8'hE8
u_dut/pc4_r2_0_reg[0],FDRE,SLICE_X7Y243,SLICEL.AFF,1'b0
u_dut/pc4_r2_0_reg[1],FDRE,SLICE_X4Y245,SLICEL.A5FF,1'b0
u_dut/pc4_r2_0_reg[2],FDRE,SLICE_X6Y242,SLICEM.BFF,1'b0
u_dut/pc4_r2_0_reg[3],FDRE,SLICE_X4Y243,SLICEL.AFF,1'b0
u_dut/pc4_r2_0_reg[4],FDRE,SLICE_X4Y243,SLICEL.BFF,1'b0
u_dut/pc4_r2_1[0]_i_1,LUT4,SLICE_X8Y244,SLICEM.A6LUT,16'h6996
u_dut/pc4_r2_1[1]_i_1,LUT5,SLICE_X9Y244,SLICEL.A6LUT,32'h81177EE8
u_dut/pc4_r2_1[1]_i_2,LUT4,SLICE_X9Y244,SLICEL.B6LUT,16'h6996
u_dut/pc4_r2_1[2]_i_1,LUT6,SLICE_X9Y244,SLICEL.C6LUT,64'h9669699666666666
u_dut/pc4_r2_1[2]_i_2,LUT5,SLICE_X9Y244,SLICEL.A5LUT,32'hFEE88000
u_dut/pc4_r2_1[2]_i_3,LUT5,SLICE_X9Y243,SLICEL.D6LUT,32'h96696996
u_dut/pc4_r2_1[3]_i_1,LUT6,SLICE_X9Y243,SLICEL.B6LUT,64'hA99595569556566A
u_dut/pc4_r2_1[4]_i_1,LUT6,SLICE_X9Y243,SLICEL.C6LUT,64'hFEEAEAA8EAA8A880
u_dut/pc4_r2_1[4]_i_2,LUT6,SLICE_X9Y244,SLICEL.D6LUT,64'hEBBEAAAA82280000
u_dut/pc4_r2_1[4]_i_3,LUT3,SLICE_X9Y244,SLICEL.B5LUT,8'hE8
u_dut/pc4_r2_1_reg[0],FDRE,SLICE_X8Y244,SLICEM.AFF,1'b0
u_dut/pc4_r2_1_reg[1],FDRE,SLICE_X4Y245,SLICEL.B5FF,1'b0
u_dut/pc4_r2_1_reg[2],FDRE,SLICE_X9Y244,SLICEL.CFF,1'b0
u_dut/pc4_r2_1_reg[3],FDRE,SLICE_X9Y243,SLICEL.BFF,1'b0
u_dut/pc4_r2_1_reg[4],FDRE,SLICE_X9Y243,SLICEL.CFF,1'b0
u_dut/pc4_r2_2[0]_i_1,LUT4,SLICE_X8Y243,SLICEM.C6LUT,16'h6996
u_dut/pc4_r2_2[1]_i_1,LUT5,SLICE_X8Y243,SLICEM.D6LUT,32'h81177EE8
u_dut/pc4_r2_2[1]_i_2,LUT4,SLICE_X5Y243,SLICEL.A6LUT,16'h6996
u_dut/pc4_r2_2[2]_i_1,LUT6,SLICE_X5Y243,SLICEL.B6LUT,64'h9669699666666666
u_dut/pc4_r2_2[2]_i_2,LUT5,SLICE_X8Y243,SLICEM.D5LUT,32'hFEE88000
u_dut/pc4_r2_2[2]_i_3,LUT5,SLICE_X5Y243,SLICEL.D6LUT,32'h96696996
u_dut/pc4_r2_2[3]_i_1,LUT6,SLICE_X4Y245,SLICEL.A6LUT,64'hA99595569556566A
u_dut/pc4_r2_2[4]_i_1,LUT6,SLICE_X4Y245,SLICEL.B6LUT,64'hFEEAEAA8EAA8A880
u_dut/pc4_r2_2[4]_i_2,LUT6,SLICE_X5Y243,SLICEL.C6LUT,64'hEBBEAAAA82280000
u_dut/pc4_r2_2[4]_i_3,LUT3,SLICE_X5Y243,SLICEL.A5LUT,8'hE8
u_dut/pc4_r2_2_reg[0],FDRE,SLICE_X8Y243,SLICEM.CFF,1'b0
u_dut/pc4_r2_2_reg[1],FDRE,SLICE_X3Y245,SLICEL.AFF,1'b0
u_dut/pc4_r2_2_reg[2],FDRE,SLICE_X5Y243,SLICEL.BFF,1'b0
u_dut/pc4_r2_2_reg[3],FDRE,SLICE_X4Y245,SLICEL.AFF,1'b0
u_dut/pc4_r2_2_reg[4],FDRE,SLICE_X4Y245,SLICEL.BFF,1'b0
u_dut/pc4_r2_3[0]_i_1,LUT4,SLICE_X7Y242,SLICEL.B6LUT,16'h6996
u_dut/pc4_r2_3[1]_i_1,LUT5,SLICE_X7Y242,SLICEL.C6LUT,32'h81177EE8
u_dut/pc4_r2_3[1]_i_2,LUT4,SLICE_X7Y242,SLICEL.D6LUT,16'h6996
u_dut/pc4_r2_3[2]_i_1,LUT6,SLICE_X4Y242,SLICEL.A6LUT,64'h9669699666666666
u_dut/pc4_r2_3[2]_i_2,LUT5,SLICE_X7Y242,SLICEL.C5LUT,32'hFEE88000
u_dut/pc4_r2_3[2]_i_3,LUT5,SLICE_X4Y242,SLICEL.C6LUT,32'h96696996
u_dut/pc4_r2_3[3]_i_1,LUT6,SLICE_X4Y243,SLICEL.C6LUT,64'hA99595569556566A
u_dut/pc4_r2_3[4]_i_1,LUT6,SLICE_X4Y243,SLICEL.D6LUT,64'hFEEAEAA8EAA8A880
u_dut/pc4_r2_3[4]_i_2,LUT6,SLICE_X4Y242,SLICEL.B6LUT,64'hEBBEAAAA82280000
u_dut/pc4_r2_3[4]_i_3,LUT3,SLICE_X7Y242,SLICEL.D5LUT,8'hE8
u_dut/pc4_r2_3_reg[0],FDRE,SLICE_X7Y242,SLICEL.BFF,1'b0
u_dut/pc4_r2_3_reg[1],FDRE,SLICE_X7Y243,SLICEL.A5FF,1'b0
u_dut/pc4_r2_3_reg[2],FDRE,SLICE_X4Y242,SLICEL.AFF,1'b0
u_dut/pc4_r2_3_reg[3],FDRE,SLICE_X4Y243,SLICEL.CFF,1'b0
u_dut/pc4_r2_3_reg[4],FDRE,SLICE_X4Y243,SLICEL.DFF,1'b0
u_dut/pc4_r2_4[0]_i_1,LUT4,SLICE_X2Y238,SLICEM.A6LUT,16'h6996
u_dut/pc4_r2_4[1]_i_1,LUT5,SLICE_X2Y238,SLICEM.B6LUT,32'h81177EE8
u_dut/pc4_r2_4[1]_i_2,LUT4,SLICE_X2Y237,SLICEM.A6LUT,16'h6996
u_dut/pc4_r2_4[2]_i_1,LUT6,SLICE_X2Y238,SLICEM.C6LUT,64'h9669699666666666
u_dut/pc4_r2_4[2]_i_2,LUT5,SLICE_X2Y238,SLICEM.B5LUT,32'hFEE88000
u_dut/pc4_r2_4[2]_i_3,LUT5,SLICE_X2Y237,SLICEM.D6LUT,32'h96696996
u_dut/pc4_r2_4[3]_i_1,LUT6,SLICE_X2Y237,SLICEM.B6LUT,64'hA99595569556566A
u_dut/pc4_r2_4[4]_i_1,LUT6,SLICE_X2Y237,SLICEM.C6LUT,64'hFEEAEAA8EAA8A880
u_dut/pc4_r2_4[4]_i_2,LUT6,SLICE_X2Y238,SLICEM.D6LUT,64'hEBBEAAAA82280000
u_dut/pc4_r2_4[4]_i_3,LUT3,SLICE_X2Y237,SLICEM.A5LUT,8'hE8
u_dut/pc4_r2_4_reg[0],FDRE,SLICE_X2Y238,SLICEM.AFF,1'b0
u_dut/pc4_r2_4_reg[1],FDRE,SLICE_X2Y238,SLICEM.A5FF,1'b0
u_dut/pc4_r2_4_reg[2],FDRE,SLICE_X2Y238,SLICEM.CFF,1'b0
u_dut/pc4_r2_4_reg[3],FDRE,SLICE_X2Y237,SLICEM.BFF,1'b0
u_dut/pc4_r2_4_reg[4],FDRE,SLICE_X2Y237,SLICEM.CFF,1'b0
u_dut/pc4_r2_5[0]_i_1,LUT4,SLICE_X3Y233,SLICEL.A6LUT,16'h6996
u_dut/pc4_r2_5[1]_i_1,LUT5,SLICE_X3Y233,SLICEL.B6LUT,32'h81177EE8
u_dut/pc4_r2_5[1]_i_2,LUT4,SLICE_X4Y233,SLICEL.A6LUT,16'h6996
u_dut/pc4_r2_5[2]_i_1,LUT6,SLICE_X3Y233,SLICEL.C6LUT,64'h9669699666666666
u_dut/pc4_r2_5[2]_i_2,LUT5,SLICE_X3Y233,SLICEL.B5LUT,32'hFEE88000
u_dut/pc4_r2_5[2]_i_3,LUT5,SLICE_X4Y233,SLICEL.D6LUT,32'h96696996
u_dut/pc4_r2_5[3]_i_1,LUT6,SLICE_X4Y233,SLICEL.B6LUT,64'hA99595569556566A
u_dut/pc4_r2_5[4]_i_1,LUT6,SLICE_X4Y233,SLICEL.C6LUT,64'hFEEAEAA8EAA8A880
u_dut/pc4_r2_5[4]_i_2,LUT6,SLICE_X3Y233,SLICEL.D6LUT,64'hEBBEAAAA82280000
u_dut/pc4_r2_5[4]_i_3,LUT3,SLICE_X4Y233,SLICEL.A5LUT,8'hE8
u_dut/pc4_r2_5_reg[0],FDRE,SLICE_X3Y233,SLICEL.AFF,1'b0
u_dut/pc4_r2_5_reg[1],FDRE,SLICE_X3Y233,SLICEL.A5FF,1'b0
u_dut/pc4_r2_5_reg[2],FDRE,SLICE_X3Y233,SLICEL.CFF,1'b0
u_dut/pc4_r2_5_reg[3],FDRE,SLICE_X4Y233,SLICEL.BFF,1'b0
u_dut/pc4_r2_5_reg[4],FDRE,SLICE_X4Y233,SLICEL.CFF,1'b0
u_dut/pc4_r2_6[0]_i_1,LUT4,SLICE_X4Y240,SLICEL.A6LUT,16'h6996
u_dut/pc4_r2_6[1]_i_1,LUT5,SLICE_X4Y240,SLICEL.B6LUT,32'h81177EE8
u_dut/pc4_r2_6[1]_i_2,LUT4,SLICE_X4Y240,SLICEL.C6LUT,16'h6996
u_dut/pc4_r2_6[2]_i_1,LUT6,SLICE_X4Y240,SLICEL.D6LUT,64'h9669699666666666
u_dut/pc4_r2_6[2]_i_2,LUT5,SLICE_X4Y240,SLICEL.B5LUT,32'hFEE88000
u_dut/pc4_r2_6[2]_i_3,LUT5,SLICE_X4Y239,SLICEL.D6LUT,32'h96696996
u_dut/pc4_r2_6[3]_i_1,LUT6,SLICE_X4Y239,SLICEL.A6LUT,64'hA99595569556566A
u_dut/pc4_r2_6[4]_i_1,LUT6,SLICE_X4Y239,SLICEL.B6LUT,64'hFEEAEAA8EAA8A880
u_dut/pc4_r2_6[4]_i_2,LUT6,SLICE_X4Y239,SLICEL.C6LUT,64'hEBBEAAAA82280000
u_dut/pc4_r2_6[4]_i_3,LUT3,SLICE_X4Y240,SLICEL.C5LUT,8'hE8
u_dut/pc4_r2_6_reg[0],FDRE,SLICE_X4Y240,SLICEL.AFF,1'b0
u_dut/pc4_r2_6_reg[1],FDRE,SLICE_X4Y241,SLICEL.AFF,1'b0
u_dut/pc4_r2_6_reg[2],FDRE,SLICE_X4Y240,SLICEL.DFF,1'b0
u_dut/pc4_r2_6_reg[3],FDRE,SLICE_X4Y239,SLICEL.AFF,1'b0
u_dut/pc4_r2_6_reg[4],FDRE,SLICE_X4Y239,SLICEL.BFF,1'b0
u_dut/pc4_r2_7[0]_i_1,LUT4,SLICE_X5Y237,SLICEL.C6LUT,16'h6996
u_dut/pc4_r2_7[1]_i_1,LUT5,SLICE_X5Y237,SLICEL.D6LUT,32'h81177EE8
u_dut/pc4_r2_7[1]_i_2,LUT4,SLICE_X4Y237,SLICEL.B6LUT,16'h6996
u_dut/pc4_r2_7[2]_i_1,LUT6,SLICE_X4Y237,SLICEL.C6LUT,64'h9669699666666666
u_dut/pc4_r2_7[2]_i_2,LUT5,SLICE_X5Y237,SLICEL.D5LUT,32'hFEE88000
u_dut/pc4_r2_7[2]_i_3,LUT5,SLICE_X4Y236,SLICEL.D6LUT,32'h96696996
u_dut/pc4_r2_7[3]_i_1,LUT6,SLICE_X3Y236,SLICEL.A6LUT,64'hA99595569556566A
u_dut/pc4_r2_7[4]_i_1,LUT6,SLICE_X3Y236,SLICEL.B6LUT,64'hFEEAEAA8EAA8A880
u_dut/pc4_r2_7[4]_i_2,LUT6,SLICE_X4Y237,SLICEL.D6LUT,64'hEBBEAAAA82280000
u_dut/pc4_r2_7[4]_i_3,LUT3,SLICE_X4Y237,SLICEL.B5LUT,8'hE8
u_dut/pc4_r2_7_reg[0],FDRE,SLICE_X5Y237,SLICEL.CFF,1'b0
u_dut/pc4_r2_7_reg[1],FDRE,SLICE_X5Y237,SLICEL.A5FF,1'b0
u_dut/pc4_r2_7_reg[2],FDRE,SLICE_X4Y237,SLICEL.CFF,1'b0
u_dut/pc4_r2_7_reg[3],FDRE,SLICE_X3Y236,SLICEL.AFF,1'b0
u_dut/pc4_r2_7_reg[4],FDRE,SLICE_X3Y236,SLICEL.BFF,1'b0
u_dut/pc4_r2_8[0]_i_1,LUT2,SLICE_X4Y244,SLICEL.A6LUT,4'h6
u_dut/pc4_r2_8[1]_i_1,LUT4,SLICE_X4Y244,SLICEL.A5LUT,16'h8778
u_dut/pc4_r2_8[2]_i_1,LUT5,SLICE_X4Y244,SLICEL.B6LUT,32'h077FF880
u_dut/pc4_r2_8[3]_i_1,LUT5,SLICE_X4Y244,SLICEL.B5LUT,32'hAA808000
u_dut/pc4_r2_8_reg[0],FDRE,SLICE_X4Y244,SLICEL.AFF,1'b0
u_dut/pc4_r2_8_reg[1],FDRE,SLICE_X4Y244,SLICEL.A5FF,1'b0
u_dut/pc4_r2_8_reg[2],FDRE,SLICE_X4Y244,SLICEL.BFF,1'b0
u_dut/pc4_r2_8_reg[3],FDRE,SLICE_X4Y244,SLICEL.B5FF,1'b0
u_dut/pc4_r4_0[3]_i_2,LUT5,SLICE_X3Y245,SLICEL.B6LUT,32'hEEE8E888
u_dut/pc4_r4_0[3]_i_3,LUT5,SLICE_X3Y245,SLICEL.B5LUT,32'hE81717E8
u_dut/pc4_r4_0[3]_i_4,LUT4,SLICE_X3Y245,SLICEL.C6LUT,16'h6996
u_dut/pc4_r4_0[3]_i_5,LUT6,SLICE_X2Y245,SLICEM.D6LUT,64'h6969699669969696
u_dut/pc4_r4_0[3]_i_6,LUT6,SLICE_X2Y245,SLICEM.C6LUT,64'h6999999699969666
u_dut/pc4_r4_0[3]_i_7,LUT4,SLICE_X2Y245,SLICEM.B6LUT,16'h566A
u_dut/pc4_r4_0[3]_i_8,LUT4,SLICE_X2Y245,SLICEM.A6LUT,16'h6996
u_dut/pc4_r4_0[3]_i_9,LUT3,SLICE_X3Y245,SLICEL.A6LUT,8'h96
u_dut/pc4_r4_0[6]_i_2,LUT5,SLICE_X3Y246,SLICEL.B6LUT,32'hEEE8E888
u_dut/pc4_r4_0[6]_i_3,LUT5,SLICE_X3Y245,SLICEL.A5LUT,32'hEEE8E888
u_dut/pc4_r4_0[6]_i_4,LUT5,SLICE_X2Y246,SLICEM.B6LUT,32'h177E7EE8
u_dut/pc4_r4_0[6]_i_5,LUT6,SLICE_X2Y246,SLICEM.A6LUT,64'h6969699669969696
u_dut/pc4_r4_0[6]_i_6,LUT3,SLICE_X3Y246,SLICEL.C6LUT,8'h96
u_dut/pc4_r4_0[6]_i_7,LUT3,SLICE_X3Y246,SLICEL.A6LUT,8'h96
u_dut/pc4_r4_0[6]_i_8,LUT3,SLICE_X3Y246,SLICEL.A5LUT,8'hE8
u_dut/pc4_r4_0_reg[0],FDRE,SLICE_X2Y245,SLICEM.AFF,1'b0
u_dut/pc4_r4_0_reg[1],FDRE,SLICE_X2Y245,SLICEM.BFF,1'b0
u_dut/pc4_r4_0_reg[2],FDRE,SLICE_X2Y245,SLICEM.CFF,1'b0
u_dut/pc4_r4_0_reg[3],FDRE,SLICE_X2Y245,SLICEM.DFF,1'b0
u_dut/pc4_r4_0_reg[3]_i_1,CARRY4,SLICE_X2Y245,SLICEM.CARRY4,
u_dut/pc4_r4_0_reg[4],FDRE,SLICE_X2Y246,SLICEM.AFF,1'b0
u_dut/pc4_r4_0_reg[5],FDRE,SLICE_X2Y246,SLICEM.BFF,1'b0
u_dut/pc4_r4_0_reg[6],FDRE,SLICE_X2Y246,SLICEM.CFF,1'b0
u_dut/pc4_r4_0_reg[6]_i_1,CARRY4,SLICE_X2Y246,SLICEM.CARRY4,
u_dut/pc4_r4_1[3]_i_2,LUT5,SLICE_X4Y241,SLICEL.B6LUT,32'hEEE8E888
u_dut/pc4_r4_1[3]_i_3,LUT5,SLICE_X4Y241,SLICEL.B5LUT,32'hE81717E8
u_dut/pc4_r4_1[3]_i_4,LUT4,SLICE_X4Y241,SLICEL.D6LUT,16'h6996
u_dut/pc4_r4_1[3]_i_5,LUT6,SLICE_X2Y241,SLICEM.D6LUT,64'h6969699669969696
u_dut/pc4_r4_1[3]_i_6,LUT6,SLICE_X2Y241,SLICEM.C6LUT,64'h6999999699969666
u_dut/pc4_r4_1[3]_i_7,LUT4,SLICE_X2Y241,SLICEM.B6LUT,16'h566A
u_dut/pc4_r4_1[3]_i_8,LUT4,SLICE_X2Y241,SLICEM.A6LUT,16'h6996
u_dut/pc4_r4_1[3]_i_9,LUT3,SLICE_X4Y241,SLICEL.A6LUT,8'h96
u_dut/pc4_r4_1[6]_i_2,LUT5,SLICE_X3Y243,SLICEL.B6LUT,32'hEEE8E888
u_dut/pc4_r4_1[6]_i_3,LUT5,SLICE_X4Y241,SLICEL.A5LUT,32'hEEE8E888
u_dut/pc4_r4_1[6]_i_4,LUT5,SLICE_X2Y242,SLICEM.B6LUT,32'h177E7EE8
u_dut/pc4_r4_1[6]_i_5,LUT6,SLICE_X2Y242,SLICEM.A6LUT,64'h6969699669969696
u_dut/pc4_r4_1[6]_i_6,LUT3,SLICE_X4Y242,SLICEL.D6LUT,8'h96
u_dut/pc4_r4_1[6]_i_7,LUT3,SLICE_X3Y243,SLICEL.A6LUT,8'h96
u_dut/pc4_r4_1[6]_i_8,LUT3,SLICE_X3Y243,SLICEL.A5LUT,8'hE8
u_dut/pc4_r4_1_reg[0],FDRE,SLICE_X2Y241,SLICEM.AFF,1'b0
u_dut/pc4_r4_1_reg[1],FDRE,SLICE_X2Y241,SLICEM.BFF,1'b0
u_dut/pc4_r4_1_reg[2],FDRE,SLICE_X2Y241,SLICEM.CFF,1'b0
u_dut/pc4_r4_1_reg[3],FDRE,SLICE_X2Y241,SLICEM.DFF,1'b0
u_dut/pc4_r4_1_reg[3]_i_1,CARRY4,SLICE_X2Y241,SLICEM.CARRY4,
u_dut/pc4_r4_1_reg[4],FDRE,SLICE_X2Y242,SLICEM.AFF,1'b0
u_dut/pc4_r4_1_reg[5],FDRE,SLICE_X2Y242,SLICEM.BFF,1'b0
u_dut/pc4_r4_1_reg[6],FDRE,SLICE_X2Y242,SLICEM.CFF,1'b0
u_dut/pc4_r4_1_reg[6]_i_1,CARRY4,SLICE_X2Y242,SLICEM.CARRY4,
u_dut/pc4_r4_2_reg[0],FDRE,SLICE_X5Y244,SLICEL.AFF,1'b0
u_dut/pc4_r4_2_reg[1],FDRE,SLICE_X3Y244,SLICEL.AFF,1'b0
u_dut/pc4_r4_2_reg[2],FDRE,SLICE_X3Y243,SLICEL.AFF,1'b0
u_dut/pc4_r4_2_reg[3],FDRE,SLICE_X5Y244,SLICEL.BFF,1'b0
u_dut/pc4_r6_0[3]_i_2,LUT3,SLICE_X3Y241,SLICEL.C5LUT,8'hE8
u_dut/pc4_r6_0[3]_i_3,LUT3,SLICE_X3Y241,SLICEL.B5LUT,8'hE8
u_dut/pc4_r6_0[3]_i_4,LUT3,SLICE_X3Y241,SLICEL.A5LUT,8'hE8
u_dut/pc4_r6_0[3]_i_5,LUT4,SLICE_X3Y241,SLICEL.D6LUT,16'h6996
u_dut/pc4_r6_0[3]_i_6,LUT4,SLICE_X3Y241,SLICEL.C6LUT,16'h6996
u_dut/pc4_r6_0[3]_i_7,LUT4,SLICE_X3Y241,SLICEL.B6LUT,16'h6996
u_dut/pc4_r6_0[3]_i_8,LUT3,SLICE_X3Y241,SLICEL.A6LUT,8'h96
u_dut/pc4_r6_0[7]_i_2,LUT2,SLICE_X3Y242,SLICEL.C5LUT,4'h8
u_dut/pc4_r6_0[7]_i_3,LUT2,SLICE_X3Y242,SLICEL.B5LUT,4'h8
u_dut/pc4_r6_0[7]_i_4,LUT3,SLICE_X3Y242,SLICEL.A5LUT,8'hE8
u_dut/pc4_r6_0[7]_i_5,LUT2,SLICE_X3Y242,SLICEL.D6LUT,4'h8
u_dut/pc4_r6_0[7]_i_6,LUT4,SLICE_X3Y242,SLICEL.C6LUT,16'h8778
u_dut/pc4_r6_0[7]_i_7,LUT4,SLICE_X3Y242,SLICEL.B6LUT,16'h8778
u_dut/pc4_r6_0[7]_i_8,LUT5,SLICE_X3Y242,SLICEL.A6LUT,32'hE81717E8
u_dut/pc4_r6_0_reg[0],FDRE,SLICE_X3Y241,SLICEL.AFF,1'b0
u_dut/pc4_r6_0_reg[1],FDRE,SLICE_X3Y241,SLICEL.BFF,1'b0
u_dut/pc4_r6_0_reg[2],FDRE,SLICE_X3Y241,SLICEL.CFF,1'b0
u_dut/pc4_r6_0_reg[3],FDRE,SLICE_X3Y241,SLICEL.DFF,1'b0
u_dut/pc4_r6_0_reg[3]_i_1,CARRY4,SLICE_X3Y241,SLICEL.CARRY4,
u_dut/pc4_r6_0_reg[4],FDRE,SLICE_X3Y242,SLICEL.AFF,1'b0
u_dut/pc4_r6_0_reg[5],FDRE,SLICE_X3Y242,SLICEL.BFF,1'b0
u_dut/pc4_r6_0_reg[6],FDRE,SLICE_X3Y242,SLICEL.CFF,1'b0
u_dut/pc4_r6_0_reg[7],FDRE,SLICE_X3Y242,SLICEL.DFF,1'b0
u_dut/pc4_r6_0_reg[7]_i_1,CARRY4,SLICE_X3Y242,SLICEL.CARRY4,
u_dut/t_r[0]_i_1,LUT6,SLICE_X36Y235,SLICEL.B6LUT,64'hFFFFFFFEFFFEFFFE
u_dut/t_r[1001]_i_1,LUT6,SLICE_X28Y220,SLICEL.D6LUT,64'h8888888888888880
u_dut/t_r[1002]_i_1,LUT4,SLICE_X28Y220,SLICEL.A6LUT,16'h8880
u_dut/t_r[1003]_i_1,LUT6,SLICE_X28Y220,SLICEL.B6LUT,64'h8880808080808080
u_dut/t_r[1004]_i_1,LUT5,SLICE_X28Y220,SLICEL.A5LUT,32'h88008000
u_dut/t_r[1005]_i_1,LUT6,SLICE_X28Y219,SLICEL.B6LUT,64'hFFFFFFFFFFFFFF80
u_dut/t_r[1005]_i_2,LUT6,SLICE_X28Y220,SLICEL.C6LUT,64'hE000000000000000
u_dut/t_r[1008]_i_1,LUT6,SLICE_X26Y218,SLICEL.A6LUT,64'hFFFFFFFFFFFFFF80
u_dut/t_r[1009]_i_1,LUT6,SLICE_X26Y218,SLICEL.B6LUT,64'hFFFFFFFFFFFFFF80
u_dut/t_r[1009]_i_2,LUT4,SLICE_X26Y218,SLICEL.C6LUT,16'hF080
u_dut/t_r[100]_i_1,LUT6,SLICE_X24Y241,SLICEL.C6LUT,64'hFFFFFFFF88888000
u_dut/t_r[100]_i_2,LUT6,SLICE_X24Y241,SLICEL.B6LUT,64'hE000000000000000
u_dut/t_r[1012]_i_1,LUT6,SLICE_X26Y219,SLICEL.A6LUT,64'hFFFFCCCCFFFECCCC
u_dut/t_r[1016]_i_1,LUT6,SLICE_X24Y218,SLICEL.A6LUT,64'hFFFEFEFECCCCCCCC
u_dut/t_r[1017]_i_1,LUT6,SLICE_X26Y217,SLICEL.A6LUT,64'hFFCCFFC0FFC8FFC0
u_dut/t_r[1017]_i_2,LUT4,SLICE_X26Y217,SLICEL.B6LUT,16'hFFF8
u_dut/t_r[1018]_i_1,LUT6,SLICE_X26Y219,SLICEL.B6LUT,64'hFFCCFFC0FFC8FFC0
u_dut/t_r[1018]_i_2,LUT3,SLICE_X26Y219,SLICEL.C6LUT,8'hC8
u_dut/t_r[101]_i_1,LUT6,SLICE_X30Y242,SLICEL.D6LUT,64'hFAF8F8F800000000
u_dut/t_r[1020]_i_1,LUT6,SLICE_X27Y218,SLICEL.A6LUT,64'hFFFFFFF8FFF0FFF0
u_dut/t_r[1020]_i_2,LUT4,SLICE_X27Y217,SLICEL.A6LUT,16'hF0E0
u_dut/t_r[1021]_i_1,LUT6,SLICE_X26Y218,SLICEL.D6LUT,64'hFFFFFFFFFFFFAAA8
u_dut/t_r[1023]_i_1,LUT6,SLICE_X27Y218,SLICEL.B6LUT,64'hFFFFFFF0FFF8FFF0
u_dut/t_r[1024]_i_1,LUT6,SLICE_X24Y217,SLICEL.A6LUT,64'hFFFFFF00FF80FF00
u_dut/t_r[1024]_i_2,LUT3,SLICE_X23Y217,SLICEL.A6LUT,8'h80
u_dut/t_r[1024]_i_3,LUT2,SLICE_X25Y219,SLICEL.D6LUT,4'hE
u_dut/t_r[1026]_i_1,LUT6,SLICE_X27Y218,SLICEL.C6LUT,64'hFFFFFFFFFFFF8880
u_dut/t_r[1029]_i_1,LUT6,SLICE_X28Y218,SLICEL.A6LUT,64'hFFCCFECCFECCFECC
u_dut/t_r[102]_i_1,LUT5,SLICE_X28Y241,SLICEL.A6LUT,32'h80000000
u_dut/t_r[1030]_i_1,LUT6,SLICE_X28Y218,SLICEL.B6LUT,64'hFFFEEEEECCCCCCCC
u_dut/t_r[1031]_i_1,LUT6,SLICE_X26Y219,SLICEL.D6LUT,64'hFFFFF0F0FFFFF080
u_dut/t_r[1031]_i_2,LUT3,SLICE_X26Y220,SLICEL.A6LUT,8'hFE
u_dut/t_r[1033]_i_1,LUT6,SLICE_X29Y218,SLICEL.A6LUT,64'hFFFFFFE0FF00FF00
u_dut/t_r[1033]_i_2,LUT4,SLICE_X28Y218,SLICEL.C6LUT,16'h8880
u_dut/t_r[1035]_i_1,LUT6,SLICE_X27Y218,SLICEL.D6LUT,64'hFEAAAAAAAAAAAAAA
u_dut/t_r[1035]_i_2,LUT3,SLICE_X26Y216,SLICEL.A6LUT,8'hF8
u_dut/t_r[1035]_i_3,LUT4,SLICE_X26Y218,SLICEL.C5LUT,16'hFF80
u_dut/t_r[1036]_i_1,LUT6,SLICE_X28Y219,SLICEL.A6LUT,64'hFFFFFF80FF00FF00
u_dut/t_r[1036]_i_2,LUT2,SLICE_X26Y221,SLICEL.A6LUT,4'hE
u_dut/t_r[1037]_i_1,LUT6,SLICE_X29Y218,SLICEL.B6LUT,64'hFFF0FEF0F0F0F0F0
u_dut/t_r[1037]_i_2,LUT2,SLICE_X28Y218,SLICEL.D6LUT,4'hE
u_dut/t_r[103]_i_1,LUT6,SLICE_X35Y238,SLICEL.B6LUT,64'hA800000000000000
u_dut/t_r[1040]_i_1,LUT6,SLICE_X26Y216,SLICEL.B6LUT,64'hFAAAEAAAAAAAAAAA
u_dut/t_r[1040]_i_2,LUT4,SLICE_X26Y216,SLICEL.A5LUT,16'hFF80
u_dut/t_r[1041]_i_1,LUT6,SLICE_X29Y218,SLICEL.C6LUT,64'hFFF0F8F0F0F0F0F0
u_dut/t_r[1041]_i_2,LUT4,SLICE_X28Y218,SLICEL.C5LUT,16'hFFA8
u_dut/t_r[1044]_i_1,LUT6,SLICE_X27Y217,SLICEL.B6LUT,64'hFEAAAAAAAAAAAAAA
u_dut/t_r[1044]_i_2,LUT2,SLICE_X24Y218,SLICEL.B6LUT,4'h8
u_dut/t_r[1045]_i_1,LUT6,SLICE_X29Y218,SLICEL.D6LUT,64'hFFFFFFFF80000000
u_dut/t_r[1045]_i_2,LUT2,SLICE_X28Y218,SLICEL.D5LUT,4'h8
u_dut/t_r[1045]_i_3,LUT4,SLICE_X27Y217,SLICEL.A5LUT,16'hFFFE
u_dut/t_r[1046]_i_1,LUT5,SLICE_X24Y217,SLICEL.B6LUT,32'hFF00FE00
u_dut/t_r[1049]_i_1,LUT5,SLICE_X24Y217,SLICEL.B5LUT,32'hF0F0F080
u_dut/t_r[1049]_i_2,LUT5,SLICE_X24Y217,SLICEL.C6LUT,32'hFFFFFFFE
u_dut/t_r[104]_i_1,LUT6,SLICE_X25Y239,SLICEL.C6LUT,64'hFAAAEAAAAAAAAAAA
u_dut/t_r[104]_i_2,LUT2,SLICE_X26Y239,SLICEL.C6LUT,4'h8
u_dut/t_r[105]_i_1,LUT5,SLICE_X28Y241,SLICEL.D6LUT,32'h80000000
u_dut/t_r[106]_i_1,LUT6,SLICE_X28Y241,SLICEL.B6LUT,64'h8000000000000000
u_dut/t_r[1070]_i_1,LUT6,SLICE_X32Y218,SLICEL.A6LUT,64'hFFFFFFFFAAAAA888
u_dut/t_r[1073]_i_1,LUT6,SLICE_X35Y227,SLICEL.A6LUT,64'hFFFFFFFFAAAA8880
u_dut/t_r[107]_i_1,LUT6,SLICE_X28Y241,SLICEL.C6LUT,64'hA800000000000000
u_dut/t_r[1087]_i_1,LUT5,SLICE_X32Y228,SLICEL.A6LUT,32'hFFFFA800
u_dut/t_r[108]_i_1,LUT4,SLICE_X32Y239,SLICEL.D6LUT,16'hFF80
u_dut/t_r[108]_i_2,LUT6,SLICE_X35Y238,SLICEL.A6LUT,64'h8000000000000000
u_dut/t_r[1095]_i_1,LUT6,SLICE_X30Y217,SLICEL.A6LUT,64'hFFFFFFFF80000000
u_dut/t_r[1095]_i_2,LUT4,SLICE_X31Y217,SLICEL.A6LUT,16'hFFFE
u_dut/t_r[1097]_i_1,LUT6,SLICE_X28Y217,SLICEL.A6LUT,64'hFFFFFFFF80000000
u_dut/t_r[1098]_i_1,LUT5,SLICE_X35Y227,SLICEL.B6LUT,32'hFFFF8000
u_dut/t_r[109]_i_1,LUT6,SLICE_X32Y242,SLICEL.C6LUT,64'h8080808080808000
u_dut/t_r[10]_i_1,LUT6,SLICE_X37Y230,SLICEL.A6LUT,64'hFAF8F8F800000000
u_dut/t_r[1104]_i_1,LUT6,SLICE_X35Y228,SLICEL.A6LUT,64'hFFFFFFFE00000000
u_dut/t_r[1104]_i_2,LUT4,SLICE_X35Y228,SLICEL.B6LUT,16'hC800
u_dut/t_r[1106]_i_1,LUT5,SLICE_X29Y228,SLICEL.A6LUT,32'hFFFE0000
u_dut/t_r[1107]_i_1,LUT3,SLICE_X33Y220,SLICEL.A6LUT,8'hE0
u_dut/t_r[110]_i_1,LUT5,SLICE_X31Y242,SLICEL.A6LUT,32'h80808000
u_dut/t_r[1111]_i_1,LUT5,SLICE_X29Y228,SLICEL.B6LUT,32'hFFEA0000
u_dut/t_r[1112]_i_1,LUT6,SLICE_X32Y228,SLICEL.B6LUT,64'hFFFFEEEA00000000
u_dut/t_r[1112]_i_2,LUT4,SLICE_X31Y228,SLICEL.A6LUT,16'hFFEA
u_dut/t_r[1119]_i_1,LUT4,SLICE_X28Y229,SLICEL.A6LUT,16'hFE00
u_dut/t_r[111]_i_1,LUT6,SLICE_X32Y242,SLICEL.A6LUT,64'hEA00000000000000
u_dut/t_r[1120]_i_1,LUT6,SLICE_X29Y228,SLICEL.C6LUT,64'hFFFFEAAA00000000
u_dut/t_r[1122]_i_1,LUT4,SLICE_X34Y226,SLICEL.A6LUT,16'hFE00
u_dut/t_r[1124]_i_1,LUT5,SLICE_X29Y228,SLICEL.D6LUT,32'hFEAA0000
u_dut/t_r[112]_i_1,LUT6,SLICE_X32Y242,SLICEL.D6LUT,64'hFFFFFFFF88008000
u_dut/t_r[112]_i_2,LUT6,SLICE_X32Y242,SLICEL.B6LUT,64'hAAA8000000000000
u_dut/t_r[1134]_i_1,LUT4,SLICE_X35Y224,SLICEL.A6LUT,16'hEA00
u_dut/t_r[1134]_i_2,LUT5,SLICE_X35Y224,SLICEL.B6LUT,32'hFFFFAA80
u_dut/t_r[1137]_i_1,LUT5,SLICE_X34Y228,SLICEL.D6LUT,32'hFEAA0000
u_dut/t_r[1137]_i_2,LUT3,SLICE_X35Y227,SLICEL.C6LUT,8'h80
u_dut/t_r[1140]_i_1,LUT5,SLICE_X32Y228,SLICEL.C6LUT,32'hEAAA0000
u_dut/t_r[1143]_i_1,LUT6,SLICE_X28Y229,SLICEL.B6LUT,64'hEEEAAAAA00000000
u_dut/t_r[1144]_i_1,LUT5,SLICE_X34Y228,SLICEL.A6LUT,32'hEAAA0000
u_dut/t_r[1145]_i_1,LUT4,SLICE_X34Y226,SLICEL.B6LUT,16'hEA00
u_dut/t_r[1145]_i_2,LUT4,SLICE_X34Y226,SLICEL.C6LUT,16'hEA00
u_dut/t_r[1147]_i_1,LUT4,SLICE_X35Y224,SLICEL.A5LUT,16'hEA00
u_dut/t_r[1147]_i_2,LUT6,SLICE_X35Y224,SLICEL.D6LUT,64'hEAAAAAAA00000000
u_dut/t_r[1149]_i_1,LUT5,SLICE_X29Y228,SLICEL.A5LUT,32'hEAAA0000
u_dut/t_r[1151]_i_1,LUT5,SLICE_X32Y228,SLICEL.A5LUT,32'hEAAA0000
u_dut/t_r[1151]_i_2,LUT5,SLICE_X32Y228,SLICEL.D6LUT,32'hEAAA0000
u_dut/t_r[1154]_i_1,LUT4,SLICE_X34Y226,SLICEL.B5LUT,16'hEA00
u_dut/t_r[1154]_i_2,LUT4,SLICE_X34Y226,SLICEL.C5LUT,16'h8000
u_dut/t_r[1155]_i_1,LUT3,SLICE_X33Y220,SLICEL.B6LUT,8'hE0
u_dut/t_r[1156]_i_1,LUT2,SLICE_X32Y228,SLICEL.C5LUT,4'h8
u_dut/t_r[115]_i_1,LUT5,SLICE_X29Y237,SLICEL.A6LUT,32'hC8000000
u_dut/t_r[1168]_i_1,LUT3,SLICE_X33Y220,SLICEL.A5LUT,8'h80
u_dut/t_r[1168]_i_2,LUT6,SLICE_X33Y220,SLICEL.C6LUT,64'hFFFFFFFFFEEEAAAA
u_dut/t_r[116]_i_1,LUT6,SLICE_X34Y242,SLICEL.C6LUT,64'hAAA8000000000000
u_dut/t_r[1172]_i_1,LUT5,SLICE_X28Y229,SLICEL.C6LUT,32'hAAA80000
u_dut/t_r[1174]_i_1,LUT5,SLICE_X29Y228,SLICEL.B5LUT,32'hAA800000
u_dut/t_r[1176]_i_1,LUT6,SLICE_X35Y227,SLICEL.D6LUT,64'hAAAA888000000000
u_dut/t_r[1176]_i_2,LUT4,SLICE_X35Y227,SLICEL.C5LUT,16'hFFC8
u_dut/t_r[117]_i_1,LUT6,SLICE_X30Y241,SLICEL.A6LUT,64'hFFCCCCCCFECCCCCC
u_dut/t_r[117]_i_2,LUT4,SLICE_X35Y240,SLICEL.C6LUT,16'h8880
u_dut/t_r[1180]_i_1,LUT3,SLICE_X35Y224,SLICEL.C6LUT,8'h80
u_dut/t_r[1185]_i_1,LUT5,SLICE_X34Y228,SLICEL.B6LUT,32'hAA800000
u_dut/t_r[1185]_i_2,LUT4,SLICE_X35Y228,SLICEL.B5LUT,16'hEA00
u_dut/t_r[1188]_i_1,LUT5,SLICE_X28Y229,SLICEL.C5LUT,32'hAA800000
u_dut/t_r[1188]_i_2,LUT5,SLICE_X31Y228,SLICEL.A5LUT,32'hA0800000
u_dut/t_r[118]_i_1,LUT6,SLICE_X35Y240,SLICEL.D6LUT,64'hFAAAEAAAAAAAAAAA
u_dut/t_r[1190]_i_1,LUT5,SLICE_X29Y228,SLICEL.D5LUT,32'hA8000000
u_dut/t_r[1190]_i_2,LUT5,SLICE_X32Y228,SLICEL.D5LUT,32'hFFFFFFFE
u_dut/t_r[1194]_i_1,LUT5,SLICE_X34Y228,SLICEL.A5LUT,32'hA8000000
u_dut/t_r[1194]_i_2,LUT4,SLICE_X34Y228,SLICEL.C6LUT,16'hFFA8
u_dut/t_r[119]_i_1,LUT6,SLICE_X34Y242,SLICEL.A6LUT,64'h8080808080808000
u_dut/t_r[11]_i_1,LUT6,SLICE_X29Y240,SLICEL.B6LUT,64'hFFFEEEEEAAAAAAAA
u_dut/t_r[1201]_i_1,LUT5,SLICE_X35Y227,SLICEL.B5LUT,32'hA8000000
u_dut/t_r[1201]_i_2,LUT5,SLICE_X34Y227,SLICEL.D6LUT,32'hAA800000
u_dut/t_r[1202]_i_1,LUT4,SLICE_X34Y226,SLICEL.A5LUT,16'h8000
u_dut/t_r[120]_i_1,LUT6,SLICE_X35Y241,SLICEL.A6LUT,64'h8000000000000000
u_dut/t_r[1210]_i_1,LUT4,SLICE_X28Y229,SLICEL.A5LUT,16'h8000
u_dut/t_r[1210]_i_2,LUT6,SLICE_X31Y228,SLICEL.D6LUT,64'hAAAAA08000000000
u_dut/t_r[1211]_i_1,LUT6,SLICE_X28Y229,SLICEL.D6LUT,64'h8000000000000000
u_dut/t_r[1213]_i_1,LUT3,SLICE_X33Y220,SLICEL.B5LUT,8'h80
u_dut/t_r[1213]_i_2,LUT6,SLICE_X33Y220,SLICEL.D6LUT,64'h8000000000000000
u_dut/t_r[1214]_i_1,LUT5,SLICE_X33Y225,SLICEL.A6LUT,32'hFFFFFFFE
u_dut/t_r[1214]_i_2,LUT4,SLICE_X34Y228,SLICEL.C5LUT,16'hFFFE
u_dut/t_r[1217]_i_1,LUT3,SLICE_X34Y222,SLICEL.A6LUT,8'hFE
u_dut/t_r[1218]_i_1,LUT5,SLICE_X34Y222,SLICEL.D6LUT,32'hFFFFFFFE
u_dut/t_r[1219]_i_1,LUT5,SLICE_X30Y219,SLICEL.A6LUT,32'hFFFFFFFE
u_dut/t_r[1219]_i_2,LUT5,SLICE_X34Y227,SLICEL.D5LUT,32'hFFEA0000
u_dut/t_r[121]_i_1,LUT5,SLICE_X34Y241,SLICEL.B6LUT,32'hFFFF8000
u_dut/t_r[121]_i_2,LUT6,SLICE_X34Y242,SLICEL.B6LUT,64'h8000000000000000
u_dut/t_r[1225]_i_1,LUT3,SLICE_X34Y222,SLICEL.B6LUT,8'hFE
u_dut/t_r[1225]_i_2,LUT5,SLICE_X34Y222,SLICEL.C6LUT,32'hFFFFAA80
u_dut/t_r[122]_i_1,LUT6,SLICE_X32Y237,SLICEL.D6LUT,64'hFECCCCCCCCCCCCCC
u_dut/t_r[1235]_i_1,LUT4,SLICE_X33Y225,SLICEL.A5LUT,16'hFFEA
u_dut/t_r[1238]_i_1,LUT2,SLICE_X31Y218,SLICEL.A6LUT,4'hE
u_dut/t_r[1238]_i_2,LUT6,SLICE_X31Y218,SLICEL.C6LUT,64'hFFFFFFFF88800000
u_dut/t_r[123]_i_1,LUT6,SLICE_X33Y238,SLICEL.D6LUT,64'hFECCCCCCCCCCCCCC
u_dut/t_r[1241]_i_1,LUT3,SLICE_X34Y222,SLICEL.A5LUT,8'hF8
u_dut/t_r[1241]_i_2,LUT5,SLICE_X34Y222,SLICEL.C5LUT,32'hFFFFFFEA
u_dut/t_r[1243]_i_1,LUT4,SLICE_X34Y222,SLICEL.B5LUT,16'hFFA8
u_dut/t_r[1243]_i_2,LUT5,SLICE_X35Y224,SLICEL.B5LUT,32'hFFFF8000
u_dut/t_r[1244]_i_1,LUT1,SLICE_X31Y218,SLICEL.D6LUT,2'h1
u_dut/t_r[1244]_i_2,LUT6,SLICE_X31Y218,SLICEL.B6LUT,64'hFFFFFFFFAAAA8880
u_dut/t_r[1244]_i_3,LUT4,SLICE_X31Y217,SLICEL.A5LUT,16'hFE00
u_dut/t_r[124]_i_1,LUT6,SLICE_X29Y237,SLICEL.B6LUT,64'hF0E0E0E000000000
u_dut/t_r[125]_i_1,LUT6,SLICE_X37Y241,SLICEL.A6LUT,64'h8880000000000000
u_dut/t_r[1271]_i_1,LUT4,SLICE_X21Y225,SLICEL.A6LUT,16'hEA00
u_dut/t_r[1272]_i_1,LUT6,SLICE_X21Y225,SLICEL.D6LUT,64'hEAEAEAAA00000000
u_dut/t_r[1273]_i_1,LUT6,SLICE_X21Y225,SLICEL.B6LUT,64'hEAAAAAAA00000000
u_dut/t_r[127]_i_1,LUT6,SLICE_X23Y242,SLICEL.C6LUT,64'hFFF8F0F0F0F0F0F0
u_dut/t_r[127]_i_2,LUT2,SLICE_X23Y243,SLICEL.A6LUT,4'h8
u_dut/t_r[1282]_i_1,LUT4,SLICE_X36Y224,SLICEL.D6LUT,16'hFFFE
u_dut/t_r[1282]_i_2,LUT6,SLICE_X21Y225,SLICEL.C6LUT,64'h8000000000000000
u_dut/t_r[1283]_i_1,LUT6,SLICE_X27Y234,SLICEL.C6LUT,64'hFFFFFFFE00000000
u_dut/t_r[1284]_i_1,LUT6,SLICE_X27Y233,SLICEL.A6LUT,64'hFFFFFEEE00000000
u_dut/t_r[128]_i_1,LUT5,SLICE_X29Y237,SLICEL.C6LUT,32'h80000000
u_dut/t_r[1291]_i_1,LUT2,SLICE_X29Y234,SLICEL.A6LUT,4'h8
u_dut/t_r[1292]_i_1,LUT5,SLICE_X27Y234,SLICEL.A6LUT,32'hCCC80000
u_dut/t_r[1293]_i_1,LUT6,SLICE_X28Y232,SLICEL.D6LUT,64'hFFFEEEEEAAAAAAAA
u_dut/t_r[1294]_i_1,LUT5,SLICE_X27Y234,SLICEL.A5LUT,32'hC8880000
u_dut/t_r[1295]_i_1,LUT6,SLICE_X27Y233,SLICEL.B6LUT,64'h8080808080808000
u_dut/t_r[1296]_i_1,LUT6,SLICE_X27Y233,SLICEL.C6LUT,64'h8080800080008000
u_dut/t_r[1297]_i_1,LUT6,SLICE_X27Y233,SLICEL.D6LUT,64'hA800000000000000
u_dut/t_r[1298]_i_1,LUT5,SLICE_X27Y234,SLICEL.D6LUT,32'hFFFEFEFE
u_dut/t_r[1298]_i_2,LUT6,SLICE_X27Y234,SLICEL.B6LUT,64'h8000000000000000
u_dut/t_r[1299]_i_1,LUT6,SLICE_X20Y231,SLICEM.D6LUT,64'hFFFFFFFE00000000
u_dut/t_r[129]_i_1,LUT6,SLICE_X29Y237,SLICEL.D6LUT,64'h8000000000000000
u_dut/t_r[1300]_i_1,LUT6,SLICE_X20Y231,SLICEM.A6LUT,64'hFFFFFEEE00000000
u_dut/t_r[1302]_i_1,LUT6,SLICE_X24Y232,SLICEL.A6LUT,64'hFEEEEEEE00000000
u_dut/t_r[1303]_i_1,LUT6,SLICE_X24Y232,SLICEL.B6LUT,64'hFEAA000000000000
u_dut/t_r[1304]_i_1,LUT5,SLICE_X20Y231,SLICEM.B6LUT,32'hEA000000
u_dut/t_r[1307]_i_1,LUT6,SLICE_X24Y231,SLICEL.B6LUT,64'hFEAAAAAAAAAAAAAA
u_dut/t_r[1308]_i_1,LUT6,SLICE_X25Y231,SLICEL.B6LUT,64'hFEAAEEAAAAAAAAAA
u_dut/t_r[1308]_i_2,LUT2,SLICE_X32Y230,SLICEL.C6LUT,4'hE
u_dut/t_r[130]_i_1,LUT6,SLICE_X34Y240,SLICEL.A6LUT,64'hFEEEEEEEEEEEEEEE
u_dut/t_r[130]_i_2,LUT6,SLICE_X34Y240,SLICEL.C6LUT,64'h8000000000000000
u_dut/t_r[130]_i_3,LUT3,SLICE_X34Y240,SLICEL.B6LUT,8'h80
u_dut/t_r[1310]_i_1,LUT6,SLICE_X24Y232,SLICEL.C6LUT,64'h8080808080808000
u_dut/t_r[1311]_i_1,LUT5,SLICE_X20Y231,SLICEM.B5LUT,32'h80000000
u_dut/t_r[1312]_i_1,LUT3,SLICE_X34Y232,SLICEL.D6LUT,8'hFE
u_dut/t_r[1312]_i_2,LUT6,SLICE_X20Y231,SLICEM.C6LUT,64'h8000000000000000
u_dut/t_r[1314]_i_1,LUT6,SLICE_X20Y236,SLICEM.D6LUT,64'hFFFFFEEE00000000
u_dut/t_r[1315]_i_1,LUT6,SLICE_X25Y236,SLICEL.A6LUT,64'hFFFEEEEE00000000
u_dut/t_r[1317]_i_1,LUT5,SLICE_X25Y236,SLICEL.B6LUT,32'hFEAA0000
u_dut/t_r[1318]_i_1,LUT6,SLICE_X25Y236,SLICEL.C6LUT,64'hEAEAEAAA00000000
u_dut/t_r[1319]_i_1,LUT6,SLICE_X20Y236,SLICEM.A6LUT,64'hEAAAAAAA00000000
u_dut/t_r[131]_i_1,LUT6,SLICE_X38Y236,SLICEM.C6LUT,64'hFEAAAAAAAAAAAAAA
u_dut/t_r[131]_i_2,LUT3,SLICE_X38Y239,SLICEM.A6LUT,8'h80
u_dut/t_r[1320]_i_1,LUT5,SLICE_X20Y236,SLICEM.B6LUT,32'hCCC80000
u_dut/t_r[1322]_i_1,LUT5,SLICE_X20Y236,SLICEM.B5LUT,32'hC8880000
u_dut/t_r[1323]_i_1,LUT6,SLICE_X20Y236,SLICEM.C6LUT,64'h8080808080808000
u_dut/t_r[1324]_i_1,LUT5,SLICE_X25Y233,SLICEL.B6LUT,32'hFFFCFEFC
u_dut/t_r[1324]_i_2,LUT6,SLICE_X25Y236,SLICEL.D6LUT,64'h8080800080008000
u_dut/t_r[1327]_i_1,LUT6,SLICE_X23Y234,SLICEL.D6LUT,64'hFFFFFEEE00000000
u_dut/t_r[1329]_i_1,LUT4,SLICE_X23Y234,SLICEL.A6LUT,16'h8880
u_dut/t_r[132]_i_1,LUT6,SLICE_X30Y242,SLICEL.A6LUT,64'h8000800080000000
u_dut/t_r[1330]_i_1,LUT6,SLICE_X23Y234,SLICEL.B6LUT,64'hFEAA000000000000
u_dut/t_r[1331]_i_1,LUT6,SLICE_X23Y234,SLICEL.C6LUT,64'hEAEAEAAA00000000
u_dut/t_r[1333]_i_1,LUT6,SLICE_X36Y233,SLICEL.A6LUT,64'hCCC8000000000000
u_dut/t_r[1335]_i_1,LUT6,SLICE_X36Y233,SLICEL.B6LUT,64'hC888888800000000
u_dut/t_r[1336]_i_1,LUT6,SLICE_X33Y227,SLICEL.A6LUT,64'h8080808080808000
u_dut/t_r[1337]_i_1,LUT4,SLICE_X25Y231,SLICEL.C6LUT,16'hFEEE
u_dut/t_r[1337]_i_2,LUT5,SLICE_X23Y234,SLICEL.A5LUT,32'h80000000
u_dut/t_r[1339]_i_1,LUT6,SLICE_X23Y236,SLICEL.D6LUT,64'hFFFFFFFE00000000
u_dut/t_r[133]_i_1,LUT6,SLICE_X30Y242,SLICEL.B6LUT,64'hA800000000000000
u_dut/t_r[1340]_i_1,LUT6,SLICE_X23Y236,SLICEL.A6LUT,64'hFFFFFEEE00000000
u_dut/t_r[1342]_i_1,LUT4,SLICE_X27Y236,SLICEL.A6LUT,16'hE000
u_dut/t_r[1343]_i_1,LUT6,SLICE_X27Y236,SLICEL.B6LUT,64'hFEAA000000000000
u_dut/t_r[1344]_i_1,LUT6,SLICE_X28Y230,SLICEL.A6LUT,64'hEAEAEAAA00000000
u_dut/t_r[1345]_i_1,LUT6,SLICE_X23Y236,SLICEL.B6LUT,64'hEAAAAAAA00000000
u_dut/t_r[1348]_i_1,LUT6,SLICE_X27Y236,SLICEL.C6LUT,64'hC888888800000000
u_dut/t_r[1349]_i_1,LUT6,SLICE_X28Y230,SLICEL.B6LUT,64'h8080808080808000
u_dut/t_r[134]_i_1,LUT6,SLICE_X30Y242,SLICEL.C6LUT,64'h8000000000000000
u_dut/t_r[134]_i_2,LUT4,SLICE_X27Y243,SLICEL.A6LUT,16'h8000
u_dut/t_r[1350]_i_1,LUT5,SLICE_X27Y236,SLICEL.A5LUT,32'h80000000
u_dut/t_r[1351]_i_1,LUT5,SLICE_X25Y231,SLICEL.C5LUT,32'hFFFFFF80
u_dut/t_r[1351]_i_2,LUT6,SLICE_X23Y236,SLICEL.C6LUT,64'h8000000000000000
u_dut/t_r[1352]_i_1,LUT3,SLICE_X29Y231,SLICEL.A6LUT,8'h80
u_dut/t_r[1354]_i_1,LUT6,SLICE_X29Y231,SLICEL.C6LUT,64'hFFFEEEEE00000000
u_dut/t_r[1355]_i_1,LUT6,SLICE_X24Y233,SLICEL.A6LUT,64'hFEEEEEEE00000000
u_dut/t_r[1356]_i_1,LUT6,SLICE_X24Y233,SLICEL.B6LUT,64'hFEAA000000000000
u_dut/t_r[1357]_i_1,LUT6,SLICE_X29Y231,SLICEL.B6LUT,64'hEA00000000000000
u_dut/t_r[135]_i_1,LUT4,SLICE_X22Y239,SLICEM.A6LUT,16'hFE00
u_dut/t_r[1360]_i_1,LUT6,SLICE_X24Y231,SLICEL.C6LUT,64'hFFFCFCFCFEFCFCFC
u_dut/t_r[1362]_i_1,LUT5,SLICE_X29Y231,SLICEL.A5LUT,32'h80000000
u_dut/t_r[1365]_i_1,LUT2,SLICE_X29Y231,SLICEL.D6LUT,4'hE
u_dut/t_r[1365]_i_2,LUT6,SLICE_X24Y233,SLICEL.C6LUT,64'h8000000000000000
u_dut/t_r[1366]_i_1,LUT6,SLICE_X25Y234,SLICEL.C6LUT,64'hFFFFFFFE00000000
u_dut/t_r[1367]_i_1,LUT4,SLICE_X25Y232,SLICEL.A6LUT,16'hFE00
u_dut/t_r[1370]_i_1,LUT5,SLICE_X24Y232,SLICEL.D6LUT,32'hFEAAEEAA
u_dut/t_r[1370]_i_2,LUT3,SLICE_X24Y231,SLICEL.D6LUT,8'hF8
u_dut/t_r[1372]_i_1,LUT6,SLICE_X25Y234,SLICEL.A6LUT,64'hEAAAAAAA00000000
u_dut/t_r[1374]_i_1,LUT5,SLICE_X25Y230,SLICEL.C6LUT,32'hFEAAAAAA
u_dut/t_r[1375]_i_1,LUT5,SLICE_X25Y234,SLICEL.B6LUT,32'hC8880000
u_dut/t_r[1378]_i_1,LUT5,SLICE_X25Y233,SLICEL.B5LUT,32'hFFFEF0F0
u_dut/t_r[1378]_i_2,LUT5,SLICE_X25Y234,SLICEL.B5LUT,32'h80000000
u_dut/t_r[137]_i_1,LUT5,SLICE_X22Y239,SLICEM.B6LUT,32'hEAAA0000
u_dut/t_r[1380]_i_1,LUT6,SLICE_X36Y224,SLICEL.C6LUT,64'h8888888888888880
u_dut/t_r[1384]_i_1,LUT5,SLICE_X36Y224,SLICEL.A6LUT,32'h88808080
u_dut/t_r[138]_i_1,LUT4,SLICE_X22Y239,SLICEM.A5LUT,16'h8880
u_dut/t_r[1390]_i_1,LUT5,SLICE_X36Y224,SLICEL.A5LUT,32'h80000000
u_dut/t_r[1391]_i_1,LUT4,SLICE_X36Y224,SLICEL.D5LUT,16'hFECC
u_dut/t_r[1391]_i_2,LUT6,SLICE_X36Y224,SLICEL.B6LUT,64'h8000000000000000
u_dut/t_r[1392]_i_1,LUT6,SLICE_X27Y232,SLICEL.B6LUT,64'hFFFE000000000000
u_dut/t_r[1393]_i_1,LUT5,SLICE_X29Y234,SLICEL.B6LUT,32'hFE000000
u_dut/t_r[1394]_i_1,LUT6,SLICE_X27Y232,SLICEL.A6LUT,64'hEAAA000000000000
u_dut/t_r[1396]_i_1,LUT6,SLICE_X29Y234,SLICEL.C6LUT,64'hEAEAEAAA00000000
u_dut/t_r[1397]_i_1,LUT6,SLICE_X29Y234,SLICEL.D6LUT,64'hEAAAAAAA00000000
u_dut/t_r[1397]_i_2,LUT2,SLICE_X29Y234,SLICEL.A5LUT,4'h8
u_dut/t_r[139]_i_1,LUT6,SLICE_X22Y239,SLICEM.C6LUT,64'hFFFF0000FFFE0000
u_dut/t_r[139]_i_2,LUT5,SLICE_X22Y239,SLICEM.B5LUT,32'hE0000000
u_dut/t_r[13]_i_1,LUT6,SLICE_X38Y230,SLICEM.A6LUT,64'hFFFEFEFEEEEEEEEE
u_dut/t_r[1400]_i_1,LUT5,SLICE_X27Y234,SLICEL.D5LUT,32'hFFF8F0F0
u_dut/t_r[1400]_i_2,LUT4,SLICE_X29Y234,SLICEL.B5LUT,16'h8000
u_dut/t_r[1404]_i_1,LUT6,SLICE_X24Y227,SLICEL.A6LUT,64'hFFFFFFE0FF00FF00
u_dut/t_r[1406]_i_1,LUT6,SLICE_X31Y217,SLICEL.B6LUT,64'hFFFFFF80FF00FF00
u_dut/t_r[1406]_i_2,LUT4,SLICE_X30Y217,SLICEL.B6LUT,16'hFFA8
u_dut/t_r[140]_i_1,LUT4,SLICE_X33Y235,SLICEL.A6LUT,16'hFE00
u_dut/t_r[1412]_i_1,LUT6,SLICE_X25Y227,SLICEL.C6LUT,64'hFFFFFF80FF00FF00
u_dut/t_r[1416]_i_1,LUT6,SLICE_X24Y217,SLICEL.D6LUT,64'hFFFECCCCCCCCCCCC
u_dut/t_r[1418]_i_1,LUT6,SLICE_X37Y235,SLICEL.D6LUT,64'hFFFECCCCCCCCCCCC
u_dut/t_r[1418]_i_2,LUT4,SLICE_X37Y234,SLICEL.A6LUT,16'hF080
u_dut/t_r[141]_i_1,LUT6,SLICE_X28Y240,SLICEL.C6LUT,64'h8888888088808880
u_dut/t_r[1421]_i_1,LUT4,SLICE_X35Y232,SLICEL.A6LUT,16'h8000
u_dut/t_r[1423]_i_1,LUT6,SLICE_X34Y230,SLICEL.C6LUT,64'h8080800080008000
u_dut/t_r[1424]_i_1,LUT6,SLICE_X34Y230,SLICEL.A6LUT,64'hA080000000000000
u_dut/t_r[1425]_i_1,LUT4,SLICE_X34Y232,SLICEL.D5LUT,16'hFF80
u_dut/t_r[1425]_i_2,LUT6,SLICE_X34Y230,SLICEL.B6LUT,64'h8800800080008000
u_dut/t_r[1425]_i_3,LUT2,SLICE_X35Y232,SLICEL.A5LUT,4'h8
u_dut/t_r[1428]_i_1,LUT6,SLICE_X24Y227,SLICEL.B6LUT,64'hFFFEF0F0F0F0F0F0
u_dut/t_r[1428]_i_2,LUT2,SLICE_X21Y225,SLICEL.A5LUT,4'h8
u_dut/t_r[1428]_i_3,LUT2,SLICE_X24Y232,SLICEL.D5LUT,4'hE
u_dut/t_r[1428]_i_4,LUT2,SLICE_X25Y229,SLICEL.A6LUT,4'h8
u_dut/t_r[142]_i_1,LUT5,SLICE_X23Y244,SLICEL.A6LUT,32'hC8880000
u_dut/t_r[1430]_i_1,LUT6,SLICE_X31Y217,SLICEL.C6LUT,64'hFECCCCCCEECCCCCC
u_dut/t_r[1430]_i_2,LUT6,SLICE_X31Y217,SLICEL.D6LUT,64'hFF00FE0000000000
u_dut/t_r[1435]_i_1,LUT6,SLICE_X25Y235,SLICEL.D6LUT,64'hFFFFFFFF80000000
u_dut/t_r[1436]_i_1,LUT6,SLICE_X32Y231,SLICEL.D6LUT,64'hFFFFFFFF80000000
u_dut/t_r[1436]_i_2,LUT3,SLICE_X32Y230,SLICEL.C5LUT,8'hFE
u_dut/t_r[1439]_i_1,LUT6,SLICE_X24Y235,SLICEL.D6LUT,64'hFFFF0000FFFE0000
u_dut/t_r[1439]_i_2,LUT4,SLICE_X25Y236,SLICEL.B5LUT,16'hF0E0
u_dut/t_r[143]_i_1,LUT3,SLICE_X28Y240,SLICEL.A6LUT,8'h80
u_dut/t_r[1441]_i_1,LUT6,SLICE_X25Y230,SLICEL.D6LUT,64'hF0F0F0F0F0F0F080
u_dut/t_r[1441]_i_2,LUT3,SLICE_X25Y230,SLICEL.C5LUT,8'hFE
u_dut/t_r[1447]_i_1,LUT6,SLICE_X24Y216,SLICEL.A6LUT,64'hFF00FF00FF008000
u_dut/t_r[1447]_i_2,LUT4,SLICE_X30Y217,SLICEL.B5LUT,16'hFF80
u_dut/t_r[1448]_i_1,LUT6,SLICE_X24Y227,SLICEL.C6LUT,64'hFF00FF00FF008000
u_dut/t_r[1448]_i_2,LUT2,SLICE_X25Y229,SLICEL.A5LUT,4'h8
u_dut/t_r[1448]_i_3,LUT2,SLICE_X25Y232,SLICEL.A5LUT,4'h8
u_dut/t_r[1448]_i_4,LUT3,SLICE_X24Y231,SLICEL.D5LUT,8'h80
u_dut/t_r[144]_i_1,LUT6,SLICE_X28Y240,SLICEL.B6LUT,64'h8080800080008000
u_dut/t_r[1451]_i_1,LUT6,SLICE_X39Y233,SLICEL.D6LUT,64'hFEAAAAAA00000000
u_dut/t_r[1451]_i_2,LUT5,SLICE_X37Y234,SLICEL.A5LUT,32'hFFFFFFEA
u_dut/t_r[145]_i_1,LUT5,SLICE_X28Y240,SLICEL.D6LUT,32'hFF00FE00
u_dut/t_r[145]_i_2,LUT5,SLICE_X23Y244,SLICEL.A5LUT,32'h80000000
u_dut/t_r[146]_i_1,LUT6,SLICE_X28Y243,SLICEL.B6LUT,64'h8888888888888880
u_dut/t_r[1479]_i_1,LUT5,SLICE_X30Y218,SLICEL.D6LUT,32'hFFFFAA80
u_dut/t_r[1479]_i_2,LUT5,SLICE_X30Y218,SLICEL.A6LUT,32'hF0800000
u_dut/t_r[1480]_i_1,LUT6,SLICE_X31Y221,SLICEL.D6LUT,64'hFFFFFFFFAAAA8000
u_dut/t_r[1487]_i_1,LUT4,SLICE_X29Y220,SLICEL.A6LUT,16'hFF80
u_dut/t_r[1487]_i_2,LUT6,SLICE_X29Y220,SLICEL.D6LUT,64'hFFFFFFFFA8888888
u_dut/t_r[148]_i_1,LUT3,SLICE_X28Y243,SLICEL.C6LUT,8'h80
u_dut/t_r[1492]_i_1,LUT6,SLICE_X27Y221,SLICEL.A6LUT,64'hFFFFFFFF88800000
u_dut/t_r[1497]_i_1,LUT6,SLICE_X29Y220,SLICEL.B6LUT,64'hFFFFFFFF80000000
u_dut/t_r[149]_i_1,LUT6,SLICE_X28Y243,SLICEL.A6LUT,64'h8080800080008000
u_dut/t_r[14]_i_1,LUT6,SLICE_X34Y231,SLICEL.A6LUT,64'hFFCCFECCCCCCCCCC
u_dut/t_r[14]_i_2,LUT4,SLICE_X34Y232,SLICEL.A6LUT,16'hFFA8
u_dut/t_r[1501]_i_1,LUT5,SLICE_X27Y221,SLICEL.B6LUT,32'hFFFE0000
u_dut/t_r[1507]_i_1,LUT5,SLICE_X27Y221,SLICEL.C6LUT,32'hFFFE0000
u_dut/t_r[1508]_i_1,LUT6,SLICE_X31Y221,SLICEL.A6LUT,64'hFFFFFEEE00000000
u_dut/t_r[1509]_i_1,LUT4,SLICE_X29Y220,SLICEL.A5LUT,16'hFE00
u_dut/t_r[150]_i_1,LUT6,SLICE_X28Y243,SLICEL.D6LUT,64'hFFFF0000FFF80000
u_dut/t_r[150]_i_2,LUT5,SLICE_X29Y243,SLICEL.A6LUT,32'h80000000
u_dut/t_r[1510]_i_1,LUT5,SLICE_X28Y221,SLICEL.A6LUT,32'hFFFE0000
u_dut/t_r[1514]_i_1,LUT4,SLICE_X30Y216,SLICEL.A6LUT,16'hFE00
u_dut/t_r[1514]_i_2,LUT6,SLICE_X30Y216,SLICEL.B6LUT,64'hFFAAFEAA00000000
u_dut/t_r[1519]_i_1,LUT4,SLICE_X31Y221,SLICEL.B6LUT,16'hFE00
u_dut/t_r[151]_i_1,LUT6,SLICE_X32Y239,SLICEL.C6LUT,64'h8080808080808000
u_dut/t_r[151]_i_2,LUT2,SLICE_X31Y242,SLICEL.A5LUT,4'hE
u_dut/t_r[1521]_i_1,LUT5,SLICE_X30Y218,SLICEL.B6LUT,32'hFFEA0000
u_dut/t_r[1521]_i_2,LUT4,SLICE_X30Y217,SLICEL.C6LUT,16'hA800
u_dut/t_r[1522]_i_1,LUT5,SLICE_X29Y219,SLICEL.A6LUT,32'hFFEA0000
u_dut/t_r[1524]_i_1,LUT6,SLICE_X31Y219,SLICEL.A6LUT,64'hFFFEAAAA00000000
u_dut/t_r[152]_i_1,LUT5,SLICE_X32Y239,SLICEL.A6LUT,32'hA8000000
u_dut/t_r[1534]_i_1,LUT5,SLICE_X27Y221,SLICEL.C5LUT,32'hFEAA0000
u_dut/t_r[1535]_i_1,LUT6,SLICE_X28Y221,SLICEL.B6LUT,64'hFEEEAAAA00000000
u_dut/t_r[1537]_i_1,LUT5,SLICE_X29Y219,SLICEL.A5LUT,32'hFEAA0000
u_dut/t_r[1537]_i_2,LUT3,SLICE_X29Y219,SLICEL.B6LUT,8'h80
u_dut/t_r[153]_i_1,LUT4,SLICE_X32Y239,SLICEL.A5LUT,16'h8000
u_dut/t_r[1541]_i_1,LUT5,SLICE_X27Y221,SLICEL.B5LUT,32'hEAAA0000
u_dut/t_r[1550]_i_1,LUT4,SLICE_X31Y221,SLICEL.B5LUT,16'hEA00
u_dut/t_r[1550]_i_2,LUT6,SLICE_X31Y220,SLICEL.B6LUT,64'hAAA0AA8000000000
u_dut/t_r[1557]_i_1,LUT5,SLICE_X31Y219,SLICEL.B6LUT,32'hAAA80000
u_dut/t_r[1558]_i_1,LUT5,SLICE_X28Y221,SLICEL.C6LUT,32'hAAA80000
u_dut/t_r[1558]_i_2,LUT3,SLICE_X29Y219,SLICEL.C6LUT,8'hFE
u_dut/t_r[155]_i_1,LUT4,SLICE_X32Y239,SLICEL.D5LUT,16'hF0E0
u_dut/t_r[155]_i_2,LUT6,SLICE_X32Y239,SLICEL.B6LUT,64'h8000000000000000
u_dut/t_r[1562]_i_1,LUT4,SLICE_X30Y216,SLICEL.A5LUT,16'hA800
u_dut/t_r[1562]_i_2,LUT6,SLICE_X30Y216,SLICEL.C6LUT,64'hFFFFFFFFFAEAEAEA
u_dut/t_r[156]_i_1,LUT5,SLICE_X38Y233,SLICEM.A6LUT,32'h88888880
u_dut/t_r[1571]_i_1,LUT4,SLICE_X29Y220,SLICEL.C6LUT,16'hA800
u_dut/t_r[1572]_i_1,LUT5,SLICE_X31Y221,SLICEL.C6LUT,32'hAAA80000
u_dut/t_r[1573]_i_1,LUT6,SLICE_X28Y221,SLICEL.D6LUT,64'hAAAAA88800000000
u_dut/t_r[157]_i_1,LUT6,SLICE_X34Y229,SLICEL.C6LUT,64'h8888888080808080
u_dut/t_r[1580]_i_1,LUT5,SLICE_X29Y219,SLICEL.D6LUT,32'hAA800000
u_dut/t_r[1580]_i_2,LUT3,SLICE_X29Y219,SLICEL.C5LUT,8'hF8
u_dut/t_r[1585]_i_1,LUT5,SLICE_X27Y221,SLICEL.D6LUT,32'hAA800000
u_dut/t_r[1585]_i_2,LUT4,SLICE_X27Y220,SLICEL.A6LUT,16'hEA00
u_dut/t_r[1588]_i_1,LUT5,SLICE_X31Y221,SLICEL.C5LUT,32'hAA800000
u_dut/t_r[1588]_i_2,LUT5,SLICE_X30Y218,SLICEL.A5LUT,32'hC0800000
u_dut/t_r[158]_i_1,LUT6,SLICE_X34Y229,SLICEL.A6LUT,64'hAAA8000000000000
u_dut/t_r[1590]_i_1,LUT6,SLICE_X32Y219,SLICEL.A6LUT,64'hAAA8000000000000
u_dut/t_r[1590]_i_2,LUT4,SLICE_X32Y219,SLICEL.B6LUT,16'hFFFE
u_dut/t_r[1594]_i_1,LUT5,SLICE_X30Y218,SLICEL.C6LUT,32'hA8000000
u_dut/t_r[1594]_i_2,LUT4,SLICE_X30Y217,SLICEL.C5LUT,16'hFFA8
u_dut/t_r[159]_i_1,LUT6,SLICE_X38Y233,SLICEM.B6LUT,64'hFFFF0000FFC80000
u_dut/t_r[159]_i_2,LUT6,SLICE_X34Y229,SLICEL.B6LUT,64'hE000000000000000
u_dut/t_r[1601]_i_1,LUT4,SLICE_X29Y220,SLICEL.C5LUT,16'h8000
u_dut/t_r[1602]_i_1,LUT5,SLICE_X28Y221,SLICEL.A5LUT,32'hA8000000
u_dut/t_r[160]_i_1,LUT4,SLICE_X23Y239,SLICEL.A6LUT,16'hC800
u_dut/t_r[1619]_i_1,LUT4,SLICE_X32Y220,SLICEL.A6LUT,16'hFFFE
u_dut/t_r[1619]_i_2,LUT6,SLICE_X32Y219,SLICEL.C6LUT,64'hFFFFFFFFAAA8A8A8
u_dut/t_r[161]_i_1,LUT6,SLICE_X35Y239,SLICEL.B6LUT,64'hF0F0F0C0F0E0F0C0
u_dut/t_r[1621]_i_1,LUT4,SLICE_X30Y220,SLICEL.A6LUT,16'hFFFE
u_dut/t_r[1621]_i_2,LUT6,SLICE_X30Y220,SLICEL.C6LUT,64'hFFFFFFFFA0808080
u_dut/t_r[1623]_i_1,LUT4,SLICE_X30Y220,SLICEL.A5LUT,16'hFFFE
u_dut/t_r[1623]_i_2,LUT6,SLICE_X30Y220,SLICEL.D6LUT,64'hFFFEFEFE00000000
u_dut/t_r[162]_i_1,LUT6,SLICE_X31Y243,SLICEL.A6LUT,64'hF0F0F0C0F0E0F0C0
u_dut/t_r[1632]_i_1,LUT5,SLICE_X30Y220,SLICEL.B6LUT,32'hFFFFFEAA
u_dut/t_r[1632]_i_2,LUT4,SLICE_X29Y219,SLICEL.B5LUT,16'hFF80
u_dut/t_r[1635]_i_1,LUT4,SLICE_X32Y220,SLICEL.B6LUT,16'hFFEA
u_dut/t_r[1638]_i_1,LUT5,SLICE_X32Y220,SLICEL.C6LUT,32'hFFFFEAAA
u_dut/t_r[163]_i_1,LUT6,SLICE_X22Y241,SLICEM.D6LUT,64'hFFF0F8F0F0F0F0F0
u_dut/t_r[1643]_i_1,LUT5,SLICE_X31Y220,SLICEL.A6LUT,32'hFFFFAAA8
u_dut/t_r[1643]_i_2,LUT4,SLICE_X27Y220,SLICEL.A5LUT,16'h8000
u_dut/t_r[1645]_i_1,LUT5,SLICE_X32Y220,SLICEL.C5LUT,32'hFFFFAA80
u_dut/t_r[1645]_i_2,LUT3,SLICE_X32Y220,SLICEL.D6LUT,8'hE0
u_dut/t_r[1647]_i_1,LUT4,SLICE_X32Y220,SLICEL.A5LUT,16'hFF80
u_dut/t_r[1647]_i_2,LUT6,SLICE_X32Y219,SLICEL.D6LUT,64'hFFFFFFFFFAAAEAAA
u_dut/t_r[164]_i_1,LUT3,SLICE_X23Y239,SLICEL.B6LUT,8'h80
u_dut/t_r[1652]_i_1,LUT1,SLICE_X31Y220,SLICEL.C6LUT,2'h1
u_dut/t_r[1652]_i_2,LUT5,SLICE_X32Y220,SLICEL.B5LUT,32'hFFEA0000
u_dut/t_r[1652]_i_3,LUT4,SLICE_X32Y219,SLICEL.B5LUT,16'hFE00
u_dut/t_r[165]_i_1,LUT6,SLICE_X24Y240,SLICEL.C6LUT,64'hFFFEF0F0F0F0F0F0
u_dut/t_r[1669]_i_1,LUT4,SLICE_X20Y220,SLICEM.A6LUT,16'hFFA8
u_dut/t_r[166]_i_1,LUT5,SLICE_X23Y239,SLICEL.A5LUT,32'h88800000
u_dut/t_r[167]_i_1,LUT6,SLICE_X22Y240,SLICEM.D6LUT,64'hFFF8F0F0F0F0F0F0
u_dut/t_r[168]_i_1,LUT5,SLICE_X33Y235,SLICEL.A5LUT,32'h80000000
u_dut/t_r[1693]_i_1,LUT3,SLICE_X18Y217,SLICEM.A6LUT,8'hE0
u_dut/t_r[1696]_i_1,LUT4,SLICE_X21Y219,SLICEL.A6LUT,16'hFE00
u_dut/t_r[1697]_i_1,LUT5,SLICE_X21Y219,SLICEL.B6LUT,32'hFFEA0000
u_dut/t_r[169]_i_1,LUT6,SLICE_X24Y240,SLICEL.D6LUT,64'hFFEAEAEAAAAAAAAA
u_dut/t_r[169]_i_2,LUT4,SLICE_X23Y239,SLICEL.B5LUT,16'h8000
u_dut/t_r[169]_i_3,LUT2,SLICE_X30Y241,SLICEL.B6LUT,4'hE
u_dut/t_r[16]_i_1,LUT6,SLICE_X25Y238,SLICEL.B6LUT,64'hFFCCFECCCCCCCCCC
u_dut/t_r[1704]_i_1,LUT5,SLICE_X21Y219,SLICEL.C6LUT,32'hFEAA0000
u_dut/t_r[1704]_i_2,LUT5,SLICE_X16Y219,SLICEM.A6LUT,32'hFFFFFFFE
u_dut/t_r[170]_i_1,LUT6,SLICE_X33Y235,SLICEL.C6LUT,64'hA800000000000000
u_dut/t_r[1713]_i_1,LUT5,SLICE_X18Y215,SLICEM.A6LUT,32'hEAAA0000
u_dut/t_r[1713]_i_2,LUT4,SLICE_X18Y215,SLICEM.B6LUT,16'hFFEA
u_dut/t_r[171]_i_1,LUT3,SLICE_X33Y235,SLICEL.D6LUT,8'hC8
u_dut/t_r[171]_i_2,LUT6,SLICE_X33Y235,SLICEL.B6LUT,64'h8000000000000000
u_dut/t_r[1721]_i_1,LUT5,SLICE_X20Y220,SLICEM.B6LUT,32'hAAA80000
u_dut/t_r[1723]_i_1,LUT5,SLICE_X12Y218,SLICEM.A6LUT,32'hAAA80000
u_dut/t_r[1726]_i_1,LUT6,SLICE_X14Y213,SLICEM.A6LUT,64'hAAAAA88800000000
u_dut/t_r[1726]_i_2,LUT2,SLICE_X14Y213,SLICEM.B6LUT,4'h8
u_dut/t_r[1728]_i_1,LUT5,SLICE_X21Y219,SLICEL.B5LUT,32'hAA800000
u_dut/t_r[1728]_i_2,LUT5,SLICE_X20Y220,SLICEM.C6LUT,32'hFFFFFAEA
u_dut/t_r[172]_i_1,LUT6,SLICE_X31Y239,SLICEL.A6LUT,64'hFFFFFFFECCCCCCCC
u_dut/t_r[1731]_i_1,LUT5,SLICE_X18Y217,SLICEM.B6LUT,32'hAA800000
u_dut/t_r[1734]_i_1,LUT5,SLICE_X16Y217,SLICEM.A6LUT,32'hAA800000
u_dut/t_r[1737]_i_1,LUT4,SLICE_X20Y220,SLICEM.A5LUT,16'h8000
u_dut/t_r[1742]_i_1,LUT4,SLICE_X21Y219,SLICEL.A5LUT,16'h8000
u_dut/t_r[1744]_i_1,LUT3,SLICE_X12Y218,SLICEM.B6LUT,8'h80
u_dut/t_r[1748]_i_1,LUT3,SLICE_X18Y217,SLICEM.A5LUT,8'h80
u_dut/t_r[174]_i_1,LUT6,SLICE_X31Y241,SLICEL.A6LUT,64'hFFFFFFFECCCCCCCC
u_dut/t_r[174]_i_2,LUT4,SLICE_X32Y241,SLICEL.A6LUT,16'h8880
u_dut/t_r[1752]_i_1,LUT4,SLICE_X16Y220,SLICEM.A6LUT,16'hFFFE
u_dut/t_r[1752]_i_2,LUT4,SLICE_X14Y219,SLICEM.A6LUT,16'hFFEA
u_dut/t_r[1754]_i_1,LUT2,SLICE_X13Y220,SLICEL.A6LUT,4'hE
u_dut/t_r[1755]_i_1,LUT6,SLICE_X21Y220,SLICEL.D6LUT,64'hFFFFFFFFFFFFFEEE
u_dut/t_r[1757]_i_1,LUT4,SLICE_X20Y221,SLICEM.A6LUT,16'hFFFE
u_dut/t_r[1757]_i_2,LUT6,SLICE_X21Y219,SLICEL.D6LUT,64'hFFFFFFFE00000000
u_dut/t_r[175]_i_1,LUT6,SLICE_X32Y241,SLICEL.B6LUT,64'hFEEE000000000000
u_dut/t_r[1761]_i_1,LUT5,SLICE_X15Y221,SLICEL.A6LUT,32'hFFFFFFEA
u_dut/t_r[1762]_i_1,LUT6,SLICE_X14Y219,SLICEM.B6LUT,64'hFFFFFFFFFFFFEAAA
u_dut/t_r[1762]_i_2,LUT4,SLICE_X14Y218,SLICEM.A6LUT,16'hFFC8
u_dut/t_r[1763]_i_1,LUT4,SLICE_X13Y220,SLICEL.B6LUT,16'hFFFE
u_dut/t_r[1766]_i_1,LUT4,SLICE_X16Y220,SLICEM.B6LUT,16'hFFEA
u_dut/t_r[1767]_i_1,LUT6,SLICE_X13Y220,SLICEL.C6LUT,64'hFFFFFFFFFFFEAAAA
u_dut/t_r[1768]_i_1,LUT5,SLICE_X20Y221,SLICEM.B6LUT,32'hFFFFFEAA
u_dut/t_r[1769]_i_1,LUT5,SLICE_X15Y221,SLICEL.A5LUT,32'hFFFFFEAA
u_dut/t_r[176]_i_1,LUT6,SLICE_X34Y237,SLICEL.D6LUT,64'hFFAA0000FEAA0000
u_dut/t_r[1770]_i_1,LUT4,SLICE_X21Y220,SLICEL.A6LUT,16'hFFEA
u_dut/t_r[1770]_i_2,LUT4,SLICE_X20Y220,SLICEM.D6LUT,16'hFFA8
u_dut/t_r[1773]_i_1,LUT5,SLICE_X16Y220,SLICEM.C6LUT,32'hFFFFFEAA
u_dut/t_r[1775]_i_1,LUT5,SLICE_X16Y220,SLICEM.D6LUT,32'hFFFFEAAA
u_dut/t_r[1776]_i_1,LUT3,SLICE_X13Y220,SLICEL.A5LUT,8'hFE
u_dut/t_r[1776]_i_2,LUT6,SLICE_X14Y218,SLICEM.C6LUT,64'hAAAA888000000000
u_dut/t_r[1777]_i_1,LUT6,SLICE_X15Y218,SLICEL.A6LUT,64'hFFFFFFFFEEEAAAAA
u_dut/t_r[1779]_i_1,LUT4,SLICE_X21Y220,SLICEL.A5LUT,16'hFFEA
u_dut/t_r[1780]_i_1,LUT6,SLICE_X21Y220,SLICEL.B6LUT,64'hFFFFFFFFEAAAAAAA
u_dut/t_r[1781]_i_1,LUT3,SLICE_X18Y218,SLICEM.A6LUT,8'hFE
u_dut/t_r[1781]_i_2,LUT5,SLICE_X18Y215,SLICEM.D6LUT,32'h80000000
u_dut/t_r[1781]_i_3,LUT3,SLICE_X18Y215,SLICEM.C6LUT,8'hF8
u_dut/t_r[1783]_i_1,LUT4,SLICE_X15Y221,SLICEL.B6LUT,16'hFFA8
u_dut/t_r[1784]_i_1,LUT4,SLICE_X15Y221,SLICEL.C6LUT,16'hFFA8
u_dut/t_r[1784]_i_2,LUT6,SLICE_X15Y219,SLICEL.C6LUT,64'hFFFFFFFFFFFFFAEA
u_dut/t_r[1787]_i_1,LUT6,SLICE_X14Y218,SLICEM.B6LUT,64'hFFFFFFFFAAAAAAA8
u_dut/t_r[1787]_i_2,LUT4,SLICE_X14Y218,SLICEM.A5LUT,16'h8000
u_dut/t_r[1789]_i_1,LUT3,SLICE_X18Y218,SLICEM.A5LUT,8'hF8
u_dut/t_r[1789]_i_2,LUT6,SLICE_X18Y218,SLICEM.D6LUT,64'hFFFFFFFFFEEEAAAA
u_dut/t_r[178]_i_1,LUT6,SLICE_X30Y241,SLICEL.C6LUT,64'hFFFEAAAAEEEEAAAA
u_dut/t_r[1796]_i_1,LUT5,SLICE_X20Y221,SLICEM.B5LUT,32'hFFFFAA80
u_dut/t_r[1797]_i_1,LUT5,SLICE_X15Y221,SLICEL.D6LUT,32'hFFFFAA80
u_dut/t_r[1797]_i_2,LUT5,SLICE_X16Y219,SLICEM.A5LUT,32'hFFFE0000
u_dut/t_r[1799]_i_1,LUT6,SLICE_X13Y218,SLICEL.A6LUT,64'hFFFFFFFFAAAA8000
u_dut/t_r[17]_i_1,LUT6,SLICE_X28Y231,SLICEL.C6LUT,64'hFFF0F8F0F0F0F0F0
u_dut/t_r[1801]_i_1,LUT5,SLICE_X16Y220,SLICEM.C5LUT,32'hFFFFAA80
u_dut/t_r[1802]_i_1,LUT4,SLICE_X20Y221,SLICEM.A5LUT,16'hFF80
u_dut/t_r[1802]_i_2,LUT5,SLICE_X15Y220,SLICEL.A6LUT,32'hFFFFFFFE
u_dut/t_r[1803]_i_1,LUT4,SLICE_X15Y221,SLICEL.C5LUT,16'hFF80
u_dut/t_r[1804]_i_1,LUT6,SLICE_X13Y220,SLICEL.D6LUT,64'hFFFFFFFFAAA80000
u_dut/t_r[1804]_i_2,LUT4,SLICE_X14Y220,SLICEM.A6LUT,16'hFE00
u_dut/t_r[1806]_i_1,LUT5,SLICE_X21Y220,SLICEL.C6LUT,32'hFFFFA800
u_dut/t_r[180]_i_1,LUT6,SLICE_X30Y239,SLICEL.A6LUT,64'hFAF8F8F800000000
u_dut/t_r[1810]_i_1,LUT5,SLICE_X14Y219,SLICEM.C6LUT,32'hFFFFA800
u_dut/t_r[1810]_i_2,LUT5,SLICE_X16Y219,SLICEM.B6LUT,32'h80000000
u_dut/t_r[1811]_i_1,LUT6,SLICE_X12Y220,SLICEM.A6LUT,64'hFFFFFFFF88800000
u_dut/t_r[1815]_i_1,LUT6,SLICE_X12Y220,SLICEM.B6LUT,64'hFFFFFFFF80000000
u_dut/t_r[1815]_i_2,LUT4,SLICE_X14Y220,SLICEM.A5LUT,16'hFFEA
u_dut/t_r[181]_i_1,LUT6,SLICE_X36Y235,SLICEL.C6LUT,64'hFE00AA00EE00AA00
u_dut/t_r[181]_i_2,LUT4,SLICE_X35Y240,SLICEL.C5LUT,16'hF080
u_dut/t_r[1820]_i_1,LUT5,SLICE_X16Y220,SLICEM.D5LUT,32'hFFFE0000
u_dut/t_r[1820]_i_2,LUT5,SLICE_X16Y219,SLICEM.B5LUT,32'hFFFFEAAA
u_dut/t_r[1823]_i_1,LUT2,SLICE_X12Y220,SLICEM.C6LUT,4'h8
u_dut/t_r[1823]_i_2,LUT6,SLICE_X14Y220,SLICEM.C6LUT,64'hFFFFFFFFFFFFEEEA
u_dut/t_r[182]_i_1,LUT6,SLICE_X29Y240,SLICEL.C6LUT,64'hFEEEAAAAEEEEAAAA
u_dut/t_r[182]_i_2,LUT2,SLICE_X33Y242,SLICEL.A6LUT,4'h8
u_dut/t_r[1830]_i_1,LUT4,SLICE_X16Y220,SLICEM.B5LUT,16'hFE00
u_dut/t_r[1830]_i_2,LUT4,SLICE_X20Y220,SLICEM.D5LUT,16'hA800
u_dut/t_r[1831]_i_1,LUT4,SLICE_X13Y220,SLICEL.B5LUT,16'hFE00
u_dut/t_r[1832]_i_1,LUT6,SLICE_X18Y218,SLICEM.B6LUT,64'hFFFFEAAA00000000
u_dut/t_r[1832]_i_2,LUT3,SLICE_X18Y215,SLICEM.C5LUT,8'h80
u_dut/t_r[1835]_i_1,LUT5,SLICE_X20Y221,SLICEM.C6LUT,32'hFEAA0000
u_dut/t_r[1835]_i_2,LUT5,SLICE_X20Y220,SLICEM.C5LUT,32'hFFFFA080
u_dut/t_r[1836]_i_1,LUT5,SLICE_X18Y218,SLICEM.C6LUT,32'hFEAA0000
u_dut/t_r[1836]_i_2,LUT4,SLICE_X18Y215,SLICEM.B5LUT,16'hFE00
u_dut/t_r[183]_i_1,LUT6,SLICE_X31Y241,SLICEL.B6LUT,64'hFFCCFECCCCCCCCCC
u_dut/t_r[183]_i_2,LUT4,SLICE_X32Y241,SLICEL.A5LUT,16'hFFF8
u_dut/t_r[1843]_i_1,LUT4,SLICE_X16Y220,SLICEM.A5LUT,16'hEA00
u_dut/t_r[1843]_i_2,LUT6,SLICE_X14Y220,SLICEM.D6LUT,64'hAAA8000000000000
u_dut/t_r[1845]_i_1,LUT4,SLICE_X15Y221,SLICEL.B5LUT,16'hA800
u_dut/t_r[1845]_i_2,LUT5,SLICE_X15Y220,SLICEL.A5LUT,32'hFFFFFFEA
u_dut/t_r[1849]_i_1,LUT1,SLICE_X12Y220,SLICEM.D6LUT,2'h1
u_dut/t_r[1849]_i_2,LUT6,SLICE_X14Y219,SLICEM.D6LUT,64'hAAAA888000000000
u_dut/t_r[1849]_i_3,LUT2,SLICE_X14Y219,SLICEM.A5LUT,4'hE
u_dut/t_r[184]_i_1,LUT6,SLICE_X31Y239,SLICEL.B6LUT,64'hFFCCFECCCCCCCCCC
u_dut/t_r[1859]_i_1,LUT5,SLICE_X12Y234,SLICEM.A6LUT,32'hFFFFAAA8
u_dut/t_r[185]_i_1,LUT6,SLICE_X29Y240,SLICEL.D6LUT,64'hFAAAEAAAEAAAEAAA
u_dut/t_r[185]_i_2,LUT2,SLICE_X28Y240,SLICEL.A5LUT,4'h8
u_dut/t_r[1860]_i_1,LUT5,SLICE_X11Y233,SLICEL.A6LUT,32'hFFFFAAA8
u_dut/t_r[1864]_i_1,LUT4,SLICE_X12Y234,SLICEM.B6LUT,16'hFFA8
u_dut/t_r[1865]_i_1,LUT5,SLICE_X15Y232,SLICEL.D6LUT,32'hFFFFAA80
u_dut/t_r[1867]_i_1,LUT5,SLICE_X7Y235,SLICEL.A6LUT,32'hFFFFAA80
u_dut/t_r[1869]_i_1,LUT4,SLICE_X16Y235,SLICEM.A6LUT,16'hFFA8
u_dut/t_r[186]_i_1,LUT6,SLICE_X36Y232,SLICEL.A6LUT,64'hF0A0A0A0E0A0A0A0
u_dut/t_r[186]_i_2,LUT5,SLICE_X38Y230,SLICEM.B6LUT,32'hFE000000
u_dut/t_r[1870]_i_1,LUT5,SLICE_X10Y223,SLICEM.A6LUT,32'hFFFFAA80
u_dut/t_r[1877]_i_1,LUT6,SLICE_X16Y235,SLICEM.C6LUT,64'hFFFFFFFFA8880000
u_dut/t_r[1878]_i_1,LUT5,SLICE_X16Y235,SLICEM.B6LUT,32'hFFFFA800
u_dut/t_r[187]_i_1,LUT6,SLICE_X35Y235,SLICEL.C6LUT,64'hF0E0C0C0C0C0C0C0
u_dut/t_r[187]_i_2,LUT3,SLICE_X38Y233,SLICEM.A5LUT,8'hFE
u_dut/t_r[1884]_i_1,LUT5,SLICE_X21Y224,SLICEL.A6LUT,32'hFFFF8000
u_dut/t_r[1886]_i_1,LUT5,SLICE_X11Y220,SLICEL.A6LUT,32'hFFFF8000
u_dut/t_r[1886]_i_2,LUT5,SLICE_X11Y220,SLICEL.B6LUT,32'hFF800000
u_dut/t_r[1888]_i_1,LUT5,SLICE_X10Y223,SLICEM.A5LUT,32'hFFFF8000
u_dut/t_r[1889]_i_1,LUT5,SLICE_X14Y234,SLICEM.A6LUT,32'hFFFE0000
u_dut/t_r[188]_i_1,LUT6,SLICE_X31Y239,SLICEL.C6LUT,64'hF0E0C0C0C0C0C0C0
u_dut/t_r[188]_i_2,LUT3,SLICE_X29Y243,SLICEL.A5LUT,8'hE0
u_dut/t_r[1890]_i_1,LUT4,SLICE_X12Y222,SLICEM.A6LUT,16'hFE00
u_dut/t_r[1891]_i_1,LUT6,SLICE_X7Y224,SLICEL.A6LUT,64'hFFFFFFFE00000000
u_dut/t_r[1892]_i_1,LUT5,SLICE_X7Y235,SLICEL.B6LUT,32'hFFFE0000
u_dut/t_r[1893]_i_1,LUT4,SLICE_X12Y222,SLICEM.A5LUT,16'hFE00
u_dut/t_r[1895]_i_1,LUT5,SLICE_X18Y235,SLICEM.A6LUT,32'hFFFE0000
u_dut/t_r[1897]_i_1,LUT5,SLICE_X16Y235,SLICEM.B5LUT,32'hFFFE0000
u_dut/t_r[189]_i_1,LUT6,SLICE_X30Y239,SLICEL.B6LUT,64'hE000000000000000
u_dut/t_r[1900]_i_1,LUT4,SLICE_X16Y223,SLICEM.A6LUT,16'hFE00
u_dut/t_r[1902]_i_1,LUT4,SLICE_X10Y223,SLICEM.B6LUT,16'hFE00
u_dut/t_r[1906]_i_1,LUT4,SLICE_X16Y235,SLICEM.A5LUT,16'hFE00
u_dut/t_r[1908]_i_1,LUT5,SLICE_X14Y234,SLICEM.A5LUT,32'hFEAA0000
u_dut/t_r[1909]_i_1,LUT5,SLICE_X12Y234,SLICEM.A5LUT,32'hFEAA0000
u_dut/t_r[1909]_i_2,LUT4,SLICE_X11Y233,SLICEL.B6LUT,16'hFFEA
u_dut/t_r[190]_i_1,LUT2,SLICE_X30Y239,SLICEL.D6LUT,4'h8
u_dut/t_r[190]_i_2,LUT6,SLICE_X30Y239,SLICEL.C6LUT,64'h8000000000000000
u_dut/t_r[1910]_i_1,LUT5,SLICE_X15Y232,SLICEL.A6LUT,32'hFEAA0000
u_dut/t_r[1911]_i_1,LUT5,SLICE_X7Y224,SLICEL.B6LUT,32'hFEAA0000
u_dut/t_r[1912]_i_1,LUT5,SLICE_X18Y235,SLICEM.B6LUT,32'hFEAA0000
u_dut/t_r[1913]_i_1,LUT5,SLICE_X18Y235,SLICEM.C6LUT,32'hFEAA0000
u_dut/t_r[1913]_i_2,LUT3,SLICE_X18Y235,SLICEM.D6LUT,8'hE0
u_dut/t_r[1914]_i_1,LUT4,SLICE_X16Y223,SLICEM.B6LUT,16'hEA00
u_dut/t_r[1915]_i_1,LUT5,SLICE_X7Y235,SLICEL.C6LUT,32'hFEAA0000
u_dut/t_r[1915]_i_2,LUT5,SLICE_X7Y233,SLICEL.D6LUT,32'hF0800000
u_dut/t_r[1916]_i_1,LUT5,SLICE_X16Y223,SLICEM.C6LUT,32'hFEAA0000
u_dut/t_r[191]_i_1,LUT6,SLICE_X38Y239,SLICEM.B6LUT,64'hFE000000EE000000
u_dut/t_r[191]_i_2,LUT3,SLICE_X38Y239,SLICEM.A5LUT,8'hFE
u_dut/t_r[1920]_i_1,LUT4,SLICE_X16Y223,SLICEM.A5LUT,16'hEA00
u_dut/t_r[1920]_i_2,LUT6,SLICE_X10Y223,SLICEM.C6LUT,64'hFAAAEAAA00000000
u_dut/t_r[1921]_i_1,LUT5,SLICE_X21Y224,SLICEL.A5LUT,32'hEAAA0000
u_dut/t_r[1923]_i_1,LUT6,SLICE_X10Y234,SLICEM.A6LUT,64'hEAAAAAAA00000000
u_dut/t_r[1925]_i_1,LUT6,SLICE_X21Y224,SLICEL.B6LUT,64'hEAAAAAAA00000000
u_dut/t_r[1926]_i_1,LUT4,SLICE_X14Y234,SLICEM.B6LUT,16'hA800
u_dut/t_r[1929]_i_1,LUT5,SLICE_X11Y233,SLICEL.A5LUT,32'hAAA80000
u_dut/t_r[192]_i_1,LUT6,SLICE_X35Y239,SLICEL.C6LUT,64'hFF000000FE000000
u_dut/t_r[192]_i_2,LUT3,SLICE_X35Y239,SLICEL.D6LUT,8'hE0
u_dut/t_r[1930]_i_1,LUT4,SLICE_X22Y232,SLICEM.A6LUT,16'hA800
u_dut/t_r[1931]_i_1,LUT4,SLICE_X22Y232,SLICEM.A5LUT,16'hA800
u_dut/t_r[1932]_i_1,LUT5,SLICE_X11Y233,SLICEL.C6LUT,32'hAAA80000
u_dut/t_r[1935]_i_1,LUT5,SLICE_X12Y234,SLICEM.C6LUT,32'hAA800000
u_dut/t_r[1936]_i_1,LUT4,SLICE_X16Y223,SLICEM.B5LUT,16'hA800
u_dut/t_r[1937]_i_1,LUT5,SLICE_X15Y232,SLICEL.B6LUT,32'hAA800000
u_dut/t_r[1937]_i_2,LUT5,SLICE_X15Y232,SLICEL.C6LUT,32'hFFFFF080
u_dut/t_r[1938]_i_1,LUT5,SLICE_X7Y224,SLICEL.C6LUT,32'hAA800000
u_dut/t_r[1939]_i_1,LUT5,SLICE_X7Y235,SLICEL.A5LUT,32'hAA800000
u_dut/t_r[193]_i_1,LUT6,SLICE_X36Y241,SLICEL.A6LUT,64'hFFFEAAAAEEEEAAAA
u_dut/t_r[1940]_i_1,LUT5,SLICE_X18Y235,SLICEM.A5LUT,32'hAA800000
u_dut/t_r[1941]_i_1,LUT5,SLICE_X21Y224,SLICEL.C6LUT,32'hAA800000
u_dut/t_r[1943]_i_1,LUT6,SLICE_X10Y234,SLICEM.B6LUT,64'hAAA8000000000000
u_dut/t_r[1945]_i_1,LUT6,SLICE_X22Y232,SLICEM.B6LUT,64'hAAA8000000000000
u_dut/t_r[1946]_i_1,LUT5,SLICE_X7Y235,SLICEL.B5LUT,32'hA8000000
u_dut/t_r[1947]_i_1,LUT4,SLICE_X10Y223,SLICEM.B5LUT,16'h8000
u_dut/t_r[1947]_i_2,LUT6,SLICE_X10Y223,SLICEM.D6LUT,64'hFFFFFFFFEAAAAAAA
u_dut/t_r[1949]_i_1,LUT4,SLICE_X21Y224,SLICEL.D6LUT,16'h8000
u_dut/t_r[194]_i_1,LUT4,SLICE_X36Y241,SLICEL.B6LUT,16'hC800
u_dut/t_r[194]_i_2,LUT5,SLICE_X36Y241,SLICEL.C6LUT,32'hFFF8F0F0
u_dut/t_r[1951]_i_1,LUT5,SLICE_X16Y223,SLICEM.C5LUT,32'hA8000000
u_dut/t_r[1952]_i_1,LUT5,SLICE_X10Y234,SLICEM.C6LUT,32'h80000000
u_dut/t_r[1953]_i_1,LUT4,SLICE_X12Y234,SLICEM.B5LUT,16'h8000
u_dut/t_r[1954]_i_1,LUT5,SLICE_X15Y232,SLICEL.A5LUT,32'h80000000
u_dut/t_r[1954]_i_2,LUT5,SLICE_X15Y232,SLICEL.C5LUT,32'hFFFFCCC8
u_dut/t_r[1956]_i_1,LUT5,SLICE_X18Y235,SLICEM.B5LUT,32'h80000000
u_dut/t_r[1959]_i_1,LUT4,SLICE_X14Y234,SLICEM.B5LUT,16'h8000
u_dut/t_r[1959]_i_2,LUT6,SLICE_X17Y233,SLICEL.C6LUT,64'hA080808000000000
u_dut/t_r[195]_i_1,LUT6,SLICE_X38Y230,SLICEM.C6LUT,64'hFE000000EE000000
u_dut/t_r[195]_i_2,LUT5,SLICE_X38Y230,SLICEM.B5LUT,32'h80000000
u_dut/t_r[1964]_i_1,LUT5,SLICE_X7Y236,SLICEL.C6LUT,32'hFFFFFFFE
u_dut/t_r[1964]_i_2,LUT3,SLICE_X7Y235,SLICEL.D6LUT,8'hF8
u_dut/t_r[1965]_i_1,LUT5,SLICE_X23Y235,SLICEL.A6LUT,32'hFFFFFFFE
u_dut/t_r[1967]_i_1,LUT4,SLICE_X22Y223,SLICEM.C6LUT,16'hFFFE
u_dut/t_r[1967]_i_2,LUT6,SLICE_X16Y223,SLICEM.D6LUT,64'hFFFFFFFFA8888888
u_dut/t_r[1968]_i_1,LUT5,SLICE_X23Y231,SLICEL.A6LUT,32'hFFFFFFFE
u_dut/t_r[1969]_i_1,LUT5,SLICE_X22Y223,SLICEM.A6LUT,32'hFFFFFFFE
u_dut/t_r[196]_i_1,LUT6,SLICE_X36Y238,SLICEL.A6LUT,64'hFEAAEEAAAAAAAAAA
u_dut/t_r[196]_i_2,LUT4,SLICE_X34Y232,SLICEL.A5LUT,16'hFFFE
u_dut/t_r[1970]_i_1,LUT6,SLICE_X12Y235,SLICEM.C6LUT,64'hFFFFFFFFFFFFEEEA
u_dut/t_r[1970]_i_2,LUT4,SLICE_X8Y235,SLICEM.D6LUT,16'hFFFE
u_dut/t_r[1971]_i_1,LUT4,SLICE_X15Y222,SLICEL.A6LUT,16'hFFFE
u_dut/t_r[1971]_i_2,LUT6,SLICE_X12Y222,SLICEM.B6LUT,64'hFFFAFFEA00000000
u_dut/t_r[1974]_i_1,LUT5,SLICE_X8Y223,SLICEM.A6LUT,32'hFFFFFFEA
u_dut/t_r[1974]_i_2,LUT5,SLICE_X7Y223,SLICEL.A6LUT,32'hFFFF8000
u_dut/t_r[1977]_i_1,LUT5,SLICE_X7Y232,SLICEL.A6LUT,32'hFFFFFFEA
u_dut/t_r[1978]_i_1,LUT4,SLICE_X15Y222,SLICEL.B6LUT,16'hFFFE
u_dut/t_r[1978]_i_2,LUT6,SLICE_X15Y222,SLICEL.C6LUT,64'hA000800000000000
u_dut/t_r[197]_i_1,LUT6,SLICE_X36Y235,SLICEL.D6LUT,64'hFF00E00000000000
u_dut/t_r[197]_i_2,LUT2,SLICE_X28Y239,SLICEL.A6LUT,4'h8
u_dut/t_r[1980]_i_1,LUT5,SLICE_X9Y235,SLICEL.A6LUT,32'hFFFFFEAA
u_dut/t_r[1981]_i_1,LUT4,SLICE_X8Y223,SLICEM.B6LUT,16'hFFEA
u_dut/t_r[1982]_i_1,LUT4,SLICE_X22Y223,SLICEM.B6LUT,16'hFFEA
u_dut/t_r[1983]_i_1,LUT5,SLICE_X11Y235,SLICEL.A6LUT,32'hFFFFFEAA
u_dut/t_r[1983]_i_2,LUT4,SLICE_X11Y233,SLICEL.B5LUT,16'hFF80
u_dut/t_r[1985]_i_1,LUT4,SLICE_X23Y232,SLICEL.A6LUT,16'hFFEA
u_dut/t_r[1985]_i_2,LUT6,SLICE_X23Y232,SLICEL.C6LUT,64'hFFFFFFFFAAA0AA80
u_dut/t_r[1987]_i_1,LUT5,SLICE_X7Y236,SLICEL.A6LUT,32'hFFFFFEAA
u_dut/t_r[1987]_i_2,LUT3,SLICE_X9Y235,SLICEL.B6LUT,8'h80
u_dut/t_r[1988]_i_1,LUT4,SLICE_X22Y223,SLICEM.A5LUT,16'hFFEA
u_dut/t_r[1989]_i_1,LUT5,SLICE_X11Y235,SLICEL.B6LUT,32'hFFFFEAAA
u_dut/t_r[1989]_i_2,LUT5,SLICE_X11Y235,SLICEL.C6LUT,32'hFFFFFFF8
u_dut/t_r[198]_i_1,LUT6,SLICE_X36Y238,SLICEL.B6LUT,64'hFFFFFFA800000000
u_dut/t_r[198]_i_2,LUT3,SLICE_X36Y241,SLICEL.C5LUT,8'hFE
u_dut/t_r[198]_i_3,LUT3,SLICE_X36Y241,SLICEL.B5LUT,8'h80
u_dut/t_r[1990]_i_1,LUT4,SLICE_X15Y222,SLICEL.B5LUT,16'hFFEA
u_dut/t_r[1990]_i_2,LUT6,SLICE_X15Y222,SLICEL.D6LUT,64'hFEEEEEEE00000000
u_dut/t_r[1997]_i_1,LUT2,SLICE_X23Y232,SLICEL.B6LUT,4'hE
u_dut/t_r[1998]_i_1,LUT4,SLICE_X23Y235,SLICEL.B6LUT,16'hFFA8
u_dut/t_r[1999]_i_1,LUT4,SLICE_X8Y223,SLICEM.B5LUT,16'hFFA8
u_dut/t_r[1999]_i_2,LUT6,SLICE_X8Y223,SLICEM.D6LUT,64'hFFFFFFFFFEEEEEEE
u_dut/t_r[199]_i_1,LUT6,SLICE_X32Y229,SLICEL.B6LUT,64'h8080800080008000
u_dut/t_r[19]_i_1,LUT6,SLICE_X30Y240,SLICEL.D6LUT,64'hFFF0F8F0F0F0F0F0
u_dut/t_r[19]_i_2,LUT3,SLICE_X30Y241,SLICEL.B5LUT,8'hF8
u_dut/t_r[1]_i_1,LUT6,SLICE_X28Y238,SLICEL.D6LUT,64'hFFFEFEFEEEEEEEEE
u_dut/t_r[2000]_i_1,LUT4,SLICE_X22Y223,SLICEM.B5LUT,16'hFFA8
u_dut/t_r[2000]_i_2,LUT6,SLICE_X22Y223,SLICEM.D6LUT,64'hFFFFFFFFFAEAEAEA
u_dut/t_r[2002]_i_1,LUT5,SLICE_X7Y236,SLICEL.B6LUT,32'hFFFFAAA8
u_dut/t_r[2002]_i_2,LUT4,SLICE_X8Y235,SLICEM.D5LUT,16'hFE00
u_dut/t_r[2015]_i_1,LUT4,SLICE_X15Y222,SLICEL.A5LUT,16'hFF80
u_dut/t_r[2015]_i_2,LUT6,SLICE_X12Y222,SLICEM.C6LUT,64'hFFFFFFFFFFFAFFEA
u_dut/t_r[2017]_i_1,LUT5,SLICE_X8Y223,SLICEM.C6LUT,32'hFFFFA800
u_dut/t_r[2017]_i_2,LUT5,SLICE_X7Y223,SLICEL.A5LUT,32'hFFFFC080
u_dut/t_r[2019]_i_1,LUT5,SLICE_X12Y235,SLICEM.A6LUT,32'hFFFFA800
u_dut/t_r[2020]_i_1,LUT5,SLICE_X23Y231,SLICEL.A5LUT,32'hFFFFA800
u_dut/t_r[2020]_i_2,LUT4,SLICE_X23Y231,SLICEL.B6LUT,16'hA800
u_dut/t_r[2021]_i_1,LUT6,SLICE_X9Y235,SLICEL.C6LUT,64'hFFFFFFFFA8880000
u_dut/t_r[2023]_i_1,LUT6,SLICE_X23Y235,SLICEL.C6LUT,64'hFFFFFFFF88800000
u_dut/t_r[2025]_i_1,LUT5,SLICE_X11Y235,SLICEL.D6LUT,32'hFFFF8000
u_dut/t_r[2025]_i_2,LUT5,SLICE_X11Y235,SLICEL.C5LUT,32'hFFFE0000
u_dut/t_r[2026]_i_1,LUT5,SLICE_X12Y235,SLICEM.A5LUT,32'hFFFF8000
u_dut/t_r[2028]_i_1,LUT6,SLICE_X9Y235,SLICEL.D6LUT,64'hFFFFFFFF80000000
u_dut/t_r[2028]_i_2,LUT4,SLICE_X11Y220,SLICEL.B5LUT,16'h8000
u_dut/t_r[2029]_i_1,LUT5,SLICE_X9Y235,SLICEL.A5LUT,32'hFFFE0000
u_dut/t_r[202]_i_1,LUT6,SLICE_X31Y241,SLICEL.C6LUT,64'hFFFFFFEAFF00FF00
u_dut/t_r[2033]_i_1,LUT5,SLICE_X7Y232,SLICEL.A5LUT,32'hFFFE0000
u_dut/t_r[2033]_i_2,LUT5,SLICE_X7Y233,SLICEL.D5LUT,32'hCCC80000
u_dut/t_r[2035]_i_1,LUT5,SLICE_X12Y235,SLICEM.B6LUT,32'hFFEA0000
u_dut/t_r[2035]_i_2,LUT3,SLICE_X9Y235,SLICEL.B5LUT,8'hFE
u_dut/t_r[2036]_i_1,LUT5,SLICE_X23Y232,SLICEL.B5LUT,32'hFFEA0000
u_dut/t_r[2036]_i_2,LUT4,SLICE_X23Y231,SLICEL.B5LUT,16'hFFA8
u_dut/t_r[2037]_i_1,LUT5,SLICE_X23Y235,SLICEL.A5LUT,32'hFFEA0000
u_dut/t_r[2038]_i_1,LUT5,SLICE_X23Y235,SLICEL.D6LUT,32'hFFEA0000
u_dut/t_r[2038]_i_2,LUT4,SLICE_X18Y235,SLICEM.D5LUT,16'hEA00
u_dut/t_r[203]_i_1,LUT5,SLICE_X28Y244,SLICEL.A6LUT,32'hFEEEAAAA
u_dut/t_r[203]_i_2,LUT6,SLICE_X28Y244,SLICEL.C6LUT,64'hFFFF0000F0E00000
u_dut/t_r[2040]_i_1,LUT4,SLICE_X23Y235,SLICEL.B5LUT,16'hEA00
u_dut/t_r[2040]_i_2,LUT6,SLICE_X14Y234,SLICEM.C6LUT,64'hFFFFFFFFFFFEFEFE
u_dut/t_r[2042]_i_1,LUT1,SLICE_X7Y223,SLICEL.D6LUT,2'h1
u_dut/t_r[2042]_i_2,LUT4,SLICE_X23Y232,SLICEL.A5LUT,16'hEA00
u_dut/t_r[2042]_i_3,LUT6,SLICE_X23Y232,SLICEL.D6LUT,64'hFFFFFFFFAAAAAAA8
u_dut/t_r[204]_i_1,LUT6,SLICE_X31Y235,SLICEL.D6LUT,64'hFFFEAAAAAAAAAAAA
u_dut/t_r[2059]_i_1,LUT5,SLICE_X22Y229,SLICEM.C6LUT,32'hFFFFFFC8
u_dut/t_r[205]_i_1,LUT6,SLICE_X30Y243,SLICEL.A6LUT,64'hFEAAAAAAEEAAAAAA
u_dut/t_r[205]_i_2,LUT4,SLICE_X29Y243,SLICEL.B6LUT,16'hFFFE
u_dut/t_r[2060]_i_1,LUT6,SLICE_X22Y230,SLICEM.C6LUT,64'hFFEEFEEEFEEEFEEE
u_dut/t_r[2066]_i_1,LUT6,SLICE_X32Y230,SLICEL.D6LUT,64'hFFFFFFFFFFFF8000
u_dut/t_r[206]_i_1,LUT6,SLICE_X30Y243,SLICEL.B6LUT,64'hFEAAAAAAAAAAAAAA
u_dut/t_r[2072]_i_1,LUT5,SLICE_X31Y230,SLICEL.A6LUT,32'hFEEE0000
u_dut/t_r[2073]_i_1,LUT6,SLICE_X33Y230,SLICEL.C6LUT,64'hFEEEEEEE00000000
u_dut/t_r[2074]_i_1,LUT6,SLICE_X30Y223,SLICEL.C6LUT,64'hFFFFFFE0FF00FF00
u_dut/t_r[2075]_i_1,LUT6,SLICE_X30Y223,SLICEL.D6LUT,64'hFFFFFF80FF00FF00
u_dut/t_r[2075]_i_2,LUT4,SLICE_X32Y223,SLICEL.A6LUT,16'hFFA8
u_dut/t_r[2076]_i_1,LUT6,SLICE_X31Y228,SLICEL.B6LUT,64'hFAF8F8F800000000
u_dut/t_r[2077]_i_1,LUT4,SLICE_X33Y230,SLICEL.A6LUT,16'hEA00
u_dut/t_r[207]_i_1,LUT5,SLICE_X26Y244,SLICEL.A6LUT,32'hFEAAAAAA
u_dut/t_r[207]_i_2,LUT3,SLICE_X26Y244,SLICEL.B6LUT,8'h80
u_dut/t_r[2080]_i_1,LUT6,SLICE_X31Y223,SLICEL.A6LUT,64'hEAAAAAAA00000000
u_dut/t_r[2082]_i_1,LUT5,SLICE_X31Y230,SLICEL.A5LUT,32'hCCC80000
u_dut/t_r[2084]_i_1,LUT4,SLICE_X31Y230,SLICEL.B6LUT,16'hC800
u_dut/t_r[2085]_i_1,LUT4,SLICE_X31Y230,SLICEL.C6LUT,16'hC800
u_dut/t_r[2086]_i_1,LUT6,SLICE_X33Y230,SLICEL.B6LUT,64'hCCC8888800000000
u_dut/t_r[2087]_i_1,LUT3,SLICE_X31Y230,SLICEL.C5LUT,8'h80
u_dut/t_r[208]_i_1,LUT6,SLICE_X31Y243,SLICEL.B6LUT,64'hFFFFFFFF80000000
u_dut/t_r[2090]_i_1,LUT6,SLICE_X31Y228,SLICEL.C6LUT,64'h8880808080808080
u_dut/t_r[2091]_i_1,LUT6,SLICE_X31Y223,SLICEL.B6LUT,64'h8080000080000000
u_dut/t_r[2092]_i_1,LUT6,SLICE_X31Y230,SLICEL.D6LUT,64'hA800000000000000
u_dut/t_r[2093]_i_1,LUT3,SLICE_X32Y223,SLICEL.C6LUT,8'hFE
u_dut/t_r[2093]_i_2,LUT6,SLICE_X31Y223,SLICEL.C6LUT,64'h8000000000000000
u_dut/t_r[2094]_i_1,LUT6,SLICE_X19Y230,SLICEL.C6LUT,64'hFFFFFFFE00000000
u_dut/t_r[2097]_i_1,LUT6,SLICE_X31Y229,SLICEL.A6LUT,64'hFFEEFEEE00000000
u_dut/t_r[2098]_i_1,LUT6,SLICE_X21Y229,SLICEL.A6LUT,64'hFEFEFEEE00000000
u_dut/t_r[2099]_i_1,LUT6,SLICE_X31Y229,SLICEL.B6LUT,64'hFEEEEEEE00000000
u_dut/t_r[209]_i_1,LUT6,SLICE_X27Y242,SLICEL.A6LUT,64'hFFFFFFEAFF00FF00
u_dut/t_r[20]_i_1,LUT6,SLICE_X38Y230,SLICEM.D6LUT,64'hFFFCFEFCFCFCFCFC
u_dut/t_r[2101]_i_1,LUT6,SLICE_X21Y229,SLICEL.B6LUT,64'hFAF8F8F800000000
u_dut/t_r[2102]_i_1,LUT4,SLICE_X21Y229,SLICEL.C6LUT,16'hEA00
u_dut/t_r[2104]_i_1,LUT6,SLICE_X31Y229,SLICEL.C6LUT,64'hEAAAAAAA00000000
u_dut/t_r[2106]_i_1,LUT6,SLICE_X19Y230,SLICEL.A6LUT,64'hF0F0F0E000000000
u_dut/t_r[2107]_i_1,LUT6,SLICE_X31Y229,SLICEL.D6LUT,64'hCCC8C8C800000000
u_dut/t_r[2108]_i_1,LUT5,SLICE_X26Y229,SLICEL.B6LUT,32'hFEAAAAAA
u_dut/t_r[2110]_i_1,LUT3,SLICE_X26Y229,SLICEL.B5LUT,8'h80
u_dut/t_r[2111]_i_1,LUT6,SLICE_X21Y228,SLICEL.C6LUT,64'hFFFEFEFEAAAAAAAA
u_dut/t_r[2113]_i_1,LUT6,SLICE_X19Y230,SLICEL.B6LUT,64'h8800880088008000
u_dut/t_r[2114]_i_1,LUT4,SLICE_X24Y229,SLICEL.D6LUT,16'hFEEE
u_dut/t_r[2114]_i_2,LUT5,SLICE_X21Y229,SLICEL.C5LUT,32'h80000000
u_dut/t_r[2115]_i_1,LUT2,SLICE_X27Y228,SLICEL.A6LUT,4'h8
u_dut/t_r[2116]_i_1,LUT6,SLICE_X13Y225,SLICEL.B6LUT,64'hFFFFEEEEFEEEEEEE
u_dut/t_r[2118]_i_1,LUT6,SLICE_X23Y226,SLICEL.C6LUT,64'hFFEEFEEE00000000
u_dut/t_r[211]_i_1,LUT6,SLICE_X26Y243,SLICEL.A6LUT,64'hFFFEFEFE00000000
u_dut/t_r[211]_i_2,LUT3,SLICE_X26Y243,SLICEL.B6LUT,8'hF8
u_dut/t_r[2120]_i_1,LUT4,SLICE_X27Y228,SLICEL.A5LUT,16'hE000
u_dut/t_r[2121]_i_1,LUT6,SLICE_X11Y225,SLICEL.A6LUT,64'hFEAA000000000000
u_dut/t_r[2124]_i_1,LUT6,SLICE_X27Y228,SLICEL.B6LUT,64'hEAAAAAAA00000000
u_dut/t_r[2125]_i_1,LUT6,SLICE_X28Y227,SLICEL.C6LUT,64'hFFFFEEEEFEEEEEEE
u_dut/t_r[2126]_i_1,LUT6,SLICE_X23Y226,SLICEL.A6LUT,64'hCCC8C8C800000000
u_dut/t_r[2127]_i_1,LUT6,SLICE_X27Y228,SLICEL.C6LUT,64'hCC88C88800000000
u_dut/t_r[2129]_i_1,LUT6,SLICE_X27Y228,SLICEL.D6LUT,64'h8888888888888880
u_dut/t_r[212]_i_1,LUT6,SLICE_X30Y243,SLICEL.C6LUT,64'hFFFF0000FFA80000
u_dut/t_r[212]_i_2,LUT4,SLICE_X29Y243,SLICEL.B5LUT,16'hFFA8
u_dut/t_r[212]_i_3,LUT2,SLICE_X31Y242,SLICEL.B6LUT,4'hE
u_dut/t_r[2131]_i_1,LUT6,SLICE_X23Y226,SLICEL.B6LUT,64'h8800880088008000
u_dut/t_r[2132]_i_1,LUT2,SLICE_X25Y226,SLICEL.D6LUT,4'hE
u_dut/t_r[2132]_i_2,LUT6,SLICE_X11Y225,SLICEL.B6LUT,64'h8000000000000000
u_dut/t_r[2134]_i_1,LUT5,SLICE_X26Y230,SLICEL.A6LUT,32'hFFFE0000
u_dut/t_r[2136]_i_1,LUT5,SLICE_X26Y230,SLICEL.A5LUT,32'hFEEE0000
u_dut/t_r[2138]_i_1,LUT5,SLICE_X26Y230,SLICEL.B6LUT,32'hFEAA0000
u_dut/t_r[2139]_i_1,LUT4,SLICE_X25Y224,SLICEL.A6LUT,16'hEA00
u_dut/t_r[213]_i_1,LUT6,SLICE_X27Y242,SLICEL.B6LUT,64'hFAAAEAAAEAAAEAAA
u_dut/t_r[2141]_i_1,LUT2,SLICE_X26Y230,SLICEL.C6LUT,4'h8
u_dut/t_r[2142]_i_1,LUT5,SLICE_X32Y223,SLICEL.A5LUT,32'hCCC80000
u_dut/t_r[2143]_i_1,LUT4,SLICE_X25Y224,SLICEL.A5LUT,16'hC800
u_dut/t_r[2144]_i_1,LUT6,SLICE_X33Y229,SLICEL.C6LUT,64'hFFF0F8F0F0F0F0F0
u_dut/t_r[2145]_i_1,LUT3,SLICE_X26Y230,SLICEL.C5LUT,8'h80
u_dut/t_r[2146]_i_1,LUT5,SLICE_X26Y230,SLICEL.B5LUT,32'hE0000000
u_dut/t_r[2148]_i_1,LUT4,SLICE_X32Y223,SLICEL.C5LUT,16'hFAEA
u_dut/t_r[2148]_i_2,LUT6,SLICE_X32Y223,SLICEL.B6LUT,64'hA800000000000000
u_dut/t_r[214]_i_1,LUT6,SLICE_X27Y242,SLICEL.C6LUT,64'hFEAAAAAAAAAAAAAA
u_dut/t_r[214]_i_2,LUT3,SLICE_X26Y242,SLICEL.A6LUT,8'hFE
u_dut/t_r[2151]_i_1,LUT6,SLICE_X18Y230,SLICEM.C6LUT,64'hFFAAAAAAFEAAAAAA
u_dut/t_r[2152]_i_1,LUT6,SLICE_X26Y227,SLICEL.D6LUT,64'hFEEEEEEE00000000
u_dut/t_r[2153]_i_1,LUT6,SLICE_X19Y228,SLICEL.A6LUT,64'hFFAAFFA800000000
u_dut/t_r[2154]_i_1,LUT6,SLICE_X19Y228,SLICEL.B6LUT,64'hFAF8F8F800000000
u_dut/t_r[2156]_i_1,LUT6,SLICE_X19Y228,SLICEL.C6LUT,64'hEAAAAAAA00000000
u_dut/t_r[2158]_i_1,LUT6,SLICE_X22Y228,SLICEM.B6LUT,64'hFAEAEAEAEAEAEAEA
u_dut/t_r[2158]_i_2,LUT2,SLICE_X23Y228,SLICEL.A6LUT,4'h8
u_dut/t_r[2159]_i_1,LUT5,SLICE_X26Y227,SLICEL.A6LUT,32'hC8000000
u_dut/t_r[215]_i_1,LUT6,SLICE_X27Y242,SLICEL.D6LUT,64'hFFFFFFFF88008000
u_dut/t_r[215]_i_2,LUT3,SLICE_X21Y243,SLICEL.B6LUT,8'h80
u_dut/t_r[215]_i_3,LUT3,SLICE_X26Y242,SLICEL.B6LUT,8'hC8
u_dut/t_r[2161]_i_1,LUT6,SLICE_X19Y228,SLICEL.D6LUT,64'hE000000000000000
u_dut/t_r[2162]_i_1,LUT5,SLICE_X26Y227,SLICEL.B6LUT,32'h80000000
u_dut/t_r[2163]_i_1,LUT3,SLICE_X22Y227,SLICEM.C6LUT,8'hF8
u_dut/t_r[2163]_i_2,LUT6,SLICE_X26Y227,SLICEL.C6LUT,64'h8000000000000000
u_dut/t_r[2164]_i_1,LUT6,SLICE_X13Y225,SLICEL.C6LUT,64'hFFFECCCCCCCCCCCC
u_dut/t_r[2166]_i_1,LUT6,SLICE_X25Y229,SLICEL.D6LUT,64'hFFEEFEEE00000000
u_dut/t_r[2168]_i_1,LUT6,SLICE_X25Y229,SLICEL.B6LUT,64'hFFAAFFA800000000
u_dut/t_r[2169]_i_1,LUT6,SLICE_X25Y227,SLICEL.D6LUT,64'hFAEAEAEAEAEAEAEA
u_dut/t_r[2169]_i_2,LUT3,SLICE_X26Y227,SLICEL.B5LUT,8'hF8
u_dut/t_r[2169]_i_3,LUT2,SLICE_X27Y227,SLICEL.D6LUT,4'h8
u_dut/t_r[216]_i_1,LUT6,SLICE_X26Y243,SLICEL.C6LUT,64'hFFFF0000FF800000
u_dut/t_r[216]_i_2,LUT3,SLICE_X26Y244,SLICEL.C6LUT,8'hC8
u_dut/t_r[216]_i_3,LUT2,SLICE_X26Y244,SLICEL.A5LUT,4'h8
u_dut/t_r[2171]_i_1,LUT6,SLICE_X25Y229,SLICEL.C6LUT,64'hEAAAAAAA00000000
u_dut/t_r[2173]_i_1,LUT5,SLICE_X23Y229,SLICEL.A6LUT,32'hC8000000
u_dut/t_r[2174]_i_1,LUT6,SLICE_X21Y226,SLICEL.A6LUT,64'hC888000000000000
u_dut/t_r[2175]_i_1,LUT6,SLICE_X21Y226,SLICEL.B6LUT,64'h8080808080808000
u_dut/t_r[2177]_i_1,LUT4,SLICE_X24Y229,SLICEL.D5LUT,16'hFF80
u_dut/t_r[2177]_i_2,LUT6,SLICE_X21Y226,SLICEL.C6LUT,64'h8080000080000000
u_dut/t_r[217]_i_1,LUT5,SLICE_X31Y242,SLICEL.C6LUT,32'hFE000000
u_dut/t_r[2181]_i_1,LUT6,SLICE_X20Y229,SLICEM.C6LUT,64'hFFFEAAAAAAAAAAAA
u_dut/t_r[2183]_i_1,LUT6,SLICE_X33Y226,SLICEL.C6LUT,64'hFEAA000000000000
u_dut/t_r[2184]_i_1,LUT6,SLICE_X20Y230,SLICEM.D6LUT,64'hFEAAAAAAEEAAAAAA
u_dut/t_r[2184]_i_2,LUT4,SLICE_X26Y229,SLICEL.C6LUT,16'hF0E0
u_dut/t_r[2187]_i_1,LUT6,SLICE_X33Y226,SLICEL.A6LUT,64'hCCC8C8C800000000
u_dut/t_r[2188]_i_1,LUT6,SLICE_X17Y230,SLICEL.A6LUT,64'hC800000000000000
u_dut/t_r[218]_i_1,LUT4,SLICE_X29Y242,SLICEL.A6LUT,16'h8880
u_dut/t_r[2190]_i_1,LUT6,SLICE_X33Y226,SLICEL.B6LUT,64'hE000000000000000
u_dut/t_r[2191]_i_1,LUT6,SLICE_X22Y217,SLICEM.A6LUT,64'h8000000000000000
u_dut/t_r[2196]_i_1,LUT6,SLICE_X22Y229,SLICEM.D6LUT,64'hFAFAFAFAFAEAEAEA
u_dut/t_r[2200]_i_1,LUT6,SLICE_X28Y227,SLICEL.D6LUT,64'hFFFFFFEAFF00FF00
u_dut/t_r[2208]_i_1,LUT6,SLICE_X22Y228,SLICEM.C6LUT,64'hFAFAFAFAFAEAEAEA
u_dut/t_r[2208]_i_2,LUT2,SLICE_X22Y229,SLICEM.C5LUT,4'hE
u_dut/t_r[2208]_i_3,LUT2,SLICE_X21Y226,SLICEL.D6LUT,4'h8
u_dut/t_r[2209]_i_1,LUT6,SLICE_X29Y230,SLICEL.A6LUT,64'hFEEE000000000000
u_dut/t_r[220]_i_1,LUT5,SLICE_X31Y242,SLICEL.B5LUT,32'hC8000000
u_dut/t_r[2212]_i_1,LUT6,SLICE_X22Y230,SLICEM.D6LUT,64'hFFF0F0F0F8F0F0F0
u_dut/t_r[2213]_i_1,LUT3,SLICE_X23Y229,SLICEL.B6LUT,8'h80
u_dut/t_r[2214]_i_1,LUT6,SLICE_X22Y228,SLICEM.D6LUT,64'hFAEAEAEAEAEAEAEA
u_dut/t_r[2214]_i_2,LUT3,SLICE_X23Y229,SLICEL.A5LUT,8'hC8
u_dut/t_r[2214]_i_3,LUT2,SLICE_X23Y228,SLICEL.A5LUT,4'h8
u_dut/t_r[2216]_i_1,LUT4,SLICE_X23Y229,SLICEL.B5LUT,16'h8000
u_dut/t_r[2218]_i_1,LUT3,SLICE_X22Y227,SLICEM.C5LUT,8'hC8
u_dut/t_r[2218]_i_2,LUT6,SLICE_X23Y229,SLICEL.C6LUT,64'h8800800080008000
u_dut/t_r[221]_i_1,LUT6,SLICE_X31Y241,SLICEL.D6LUT,64'hFEAAAAAAAAAAAAAA
u_dut/t_r[221]_i_2,LUT4,SLICE_X29Y242,SLICEL.B6LUT,16'hF080
u_dut/t_r[2224]_i_1,LUT6,SLICE_X29Y227,SLICEL.D6LUT,64'hFFFFFFFFFF800000
u_dut/t_r[2224]_i_2,LUT2,SLICE_X27Y227,SLICEL.D5LUT,4'h8
u_dut/t_r[2228]_i_1,LUT6,SLICE_X21Y228,SLICEL.D6LUT,64'hFFFFFFFFF8000000
u_dut/t_r[2228]_i_2,LUT4,SLICE_X13Y225,SLICEL.D6LUT,16'hF080
u_dut/t_r[2229]_i_1,LUT6,SLICE_X17Y225,SLICEL.D6LUT,64'hFF00F000F800F000
u_dut/t_r[2229]_i_2,LUT4,SLICE_X26Y229,SLICEL.C5LUT,16'hF080
u_dut/t_r[222]_i_1,LUT6,SLICE_X29Y242,SLICEL.C6LUT,64'h8080800080008000
u_dut/t_r[2230]_i_1,LUT6,SLICE_X22Y226,SLICEM.B6LUT,64'hFFFFFFFE00000000
u_dut/t_r[2231]_i_1,LUT6,SLICE_X16Y230,SLICEM.D6LUT,64'hFFFEAAAA00000000
u_dut/t_r[2233]_i_1,LUT6,SLICE_X29Y226,SLICEL.A6LUT,64'hFAF8F8F800000000
u_dut/t_r[2235]_i_1,LUT6,SLICE_X29Y226,SLICEL.B6LUT,64'hF0F0F0E000000000
u_dut/t_r[2236]_i_1,LUT2,SLICE_X25Y226,SLICEL.D5LUT,4'h8
u_dut/t_r[2236]_i_2,LUT6,SLICE_X22Y226,SLICEM.A6LUT,64'hC800000000000000
u_dut/t_r[2237]_i_1,LUT6,SLICE_X30Y226,SLICEL.D6LUT,64'hFFAAAAAAFEAAAAAA
u_dut/t_r[2237]_i_2,LUT3,SLICE_X12Y225,SLICEM.C6LUT,8'h80
u_dut/t_r[2237]_i_3,LUT2,SLICE_X26Y227,SLICEL.A5LUT,4'h8
u_dut/t_r[223]_i_1,LUT4,SLICE_X29Y242,SLICEL.D6LUT,16'hF080
u_dut/t_r[223]_i_2,LUT5,SLICE_X29Y242,SLICEL.A5LUT,32'h80000000
u_dut/t_r[2243]_i_1,LUT5,SLICE_X32Y229,SLICEL.C6LUT,32'hFE000000
u_dut/t_r[2243]_i_2,LUT4,SLICE_X31Y230,SLICEL.B5LUT,16'hF0E0
u_dut/t_r[2249]_i_1,LUT5,SLICE_X12Y225,SLICEM.C5LUT,32'hF0800000
u_dut/t_r[2249]_i_2,LUT5,SLICE_X12Y225,SLICEM.D6LUT,32'hFF00F800
u_dut/t_r[224]_i_1,LUT6,SLICE_X24Y242,SLICEL.D6LUT,64'hFE00000000000000
u_dut/t_r[2251]_i_1,LUT5,SLICE_X13Y225,SLICEL.D5LUT,32'hC0800000
u_dut/t_r[2251]_i_2,LUT4,SLICE_X12Y225,SLICEM.D5LUT,16'hFFFE
u_dut/t_r[2254]_i_1,LUT6,SLICE_X32Y229,SLICEL.D6LUT,64'h8888888088808880
u_dut/t_r[2254]_i_2,LUT3,SLICE_X32Y229,SLICEL.C5LUT,8'h80
u_dut/t_r[2254]_i_3,LUT2,SLICE_X33Y230,SLICEL.A5LUT,4'h8
u_dut/t_r[2254]_i_4,LUT2,SLICE_X21Y226,SLICEL.D5LUT,4'hE
u_dut/t_r[225]_i_1,LUT6,SLICE_X24Y242,SLICEL.A6LUT,64'hFFEEFEEE00000000
u_dut/t_r[2265]_i_1,LUT6,SLICE_X20Y218,SLICEM.B6LUT,64'hFEEEEEEEEEEEEEEE
u_dut/t_r[2265]_i_2,LUT3,SLICE_X20Y218,SLICEM.C6LUT,8'hF8
u_dut/t_r[2274]_i_1,LUT5,SLICE_X23Y214,SLICEL.A6LUT,32'hFFCCFECC
u_dut/t_r[2274]_i_2,LUT6,SLICE_X23Y214,SLICEL.B6LUT,64'hFFFF0000F8000000
u_dut/t_r[2277]_i_1,LUT6,SLICE_X20Y219,SLICEM.B6LUT,64'hFEAAEEAAEEAAEEAA
u_dut/t_r[2277]_i_2,LUT2,SLICE_X24Y219,SLICEL.A6LUT,4'h8
u_dut/t_r[227]_i_1,LUT6,SLICE_X26Y244,SLICEL.D6LUT,64'hFFFFF000F888F000
u_dut/t_r[227]_i_2,LUT4,SLICE_X26Y244,SLICEL.C5LUT,16'hFF80
u_dut/t_r[2281]_i_1,LUT6,SLICE_X27Y219,SLICEL.D6LUT,64'hEAAA000000000000
u_dut/t_r[2283]_i_1,LUT5,SLICE_X24Y219,SLICEL.B6LUT,32'hEA000000
u_dut/t_r[2284]_i_1,LUT6,SLICE_X23Y218,SLICEL.A6LUT,64'hFEAAAAAAEEAAAAAA
u_dut/t_r[2284]_i_2,LUT3,SLICE_X23Y218,SLICEL.B6LUT,8'h80
u_dut/t_r[2286]_i_1,LUT5,SLICE_X19Y219,SLICEL.A6LUT,32'hC8000000
u_dut/t_r[2288]_i_1,LUT5,SLICE_X24Y219,SLICEL.A5LUT,32'h80000000
u_dut/t_r[2289]_i_1,LUT6,SLICE_X27Y219,SLICEL.A6LUT,64'h8888888080808080
u_dut/t_r[2289]_i_2,LUT2,SLICE_X24Y219,SLICEL.B5LUT,4'h8
u_dut/t_r[228]_i_1,LUT6,SLICE_X28Y244,SLICEL.B6LUT,64'hFFFFFF00FF80FF00
u_dut/t_r[228]_i_2,LUT2,SLICE_X28Y244,SLICEL.D6LUT,4'hE
u_dut/t_r[228]_i_3,LUT2,SLICE_X28Y244,SLICEL.D5LUT,4'h8
u_dut/t_r[228]_i_4,LUT3,SLICE_X28Y244,SLICEL.A5LUT,8'h80
u_dut/t_r[2290]_i_1,LUT6,SLICE_X27Y219,SLICEL.B6LUT,64'h8080000080000000
u_dut/t_r[2291]_i_1,LUT3,SLICE_X24Y218,SLICEL.C6LUT,8'hF8
u_dut/t_r[2291]_i_2,LUT6,SLICE_X27Y219,SLICEL.C6LUT,64'h8000000000000000
u_dut/t_r[2293]_i_1,LUT5,SLICE_X21Y222,SLICEL.A6LUT,32'hFE000000
u_dut/t_r[2295]_i_1,LUT6,SLICE_X25Y222,SLICEL.D6LUT,64'hFFAAFFA800000000
u_dut/t_r[2297]_i_1,LUT6,SLICE_X22Y220,SLICEM.B6LUT,64'hFEEEEEEEAAAAAAAA
u_dut/t_r[2298]_i_1,LUT6,SLICE_X21Y222,SLICEL.B6LUT,64'hEAAAAAAA00000000
u_dut/t_r[229]_i_1,LUT6,SLICE_X27Y241,SLICEL.A6LUT,64'hC800000000000000
u_dut/t_r[229]_i_2,LUT4,SLICE_X29Y242,SLICEL.B5LUT,16'hFFF8
u_dut/t_r[2300]_i_1,LUT5,SLICE_X21Y222,SLICEL.A5LUT,32'hC8000000
u_dut/t_r[2301]_i_1,LUT6,SLICE_X25Y222,SLICEL.A6LUT,64'hC8C8C88800000000
u_dut/t_r[2302]_i_1,LUT6,SLICE_X25Y222,SLICEL.B6LUT,64'h8888888888888880
u_dut/t_r[2304]_i_1,LUT6,SLICE_X25Y222,SLICEL.C6LUT,64'h8080000080000000
u_dut/t_r[2305]_i_1,LUT4,SLICE_X22Y221,SLICEM.D6LUT,16'hFF80
u_dut/t_r[2305]_i_2,LUT6,SLICE_X21Y222,SLICEL.C6LUT,64'h8000000000000000
u_dut/t_r[2306]_i_1,LUT6,SLICE_X23Y220,SLICEL.C6LUT,64'hFFFFFFEA00000000
u_dut/t_r[2309]_i_1,LUT6,SLICE_X24Y220,SLICEL.B6LUT,64'hFFF0F0F0F8F0F0F0
u_dut/t_r[230]_i_1,LUT6,SLICE_X27Y241,SLICEL.B6LUT,64'hC800000000000000
u_dut/t_r[2310]_i_1,LUT6,SLICE_X18Y220,SLICEM.B6LUT,64'hFFF0F0F0F8F0F0F0
u_dut/t_r[2311]_i_1,LUT6,SLICE_X22Y220,SLICEM.C6LUT,64'hFFF0F0F0F8F0F0F0
u_dut/t_r[2313]_i_1,LUT6,SLICE_X23Y220,SLICEL.A6LUT,64'hCCC8C8C800000000
u_dut/t_r[2314]_i_1,LUT6,SLICE_X25Y220,SLICEL.A6LUT,64'hC800000000000000
u_dut/t_r[2317]_i_1,LUT6,SLICE_X25Y220,SLICEL.B6LUT,64'hA800000000000000
u_dut/t_r[2318]_i_1,LUT6,SLICE_X25Y220,SLICEL.C6LUT,64'h8800880088008000
u_dut/t_r[2319]_i_1,LUT6,SLICE_X25Y220,SLICEL.D6LUT,64'hE000000000000000
u_dut/t_r[2319]_i_2,LUT3,SLICE_X23Y220,SLICEL.B6LUT,8'h80
u_dut/t_r[231]_i_1,LUT6,SLICE_X27Y241,SLICEL.C6LUT,64'hC888888800000000
u_dut/t_r[2320]_i_1,LUT6,SLICE_X24Y220,SLICEL.C6LUT,64'hFCFCFCFCFCFCFCEC
u_dut/t_r[2320]_i_2,LUT4,SLICE_X24Y219,SLICEL.C6LUT,16'hFFFE
u_dut/t_r[2321]_i_1,LUT6,SLICE_X26Y222,SLICEL.C6LUT,64'hFFFFFFF8FF00FF00
u_dut/t_r[2323]_i_1,LUT6,SLICE_X26Y222,SLICEL.D6LUT,64'hFFFFFF80FF00FF00
u_dut/t_r[2325]_i_1,LUT6,SLICE_X18Y220,SLICEM.C6LUT,64'hFFFEAAAAFEFEAAAA
u_dut/t_r[2327]_i_1,LUT6,SLICE_X23Y221,SLICEL.C6LUT,64'hEAAAAAAA00000000
u_dut/t_r[2328]_i_1,LUT6,SLICE_X23Y221,SLICEL.A6LUT,64'hCCC8C8C800000000
u_dut/t_r[2328]_i_2,LUT2,SLICE_X23Y221,SLICEL.D6LUT,4'hE
u_dut/t_r[2329]_i_1,LUT4,SLICE_X23Y221,SLICEL.B6LUT,16'hC800
u_dut/t_r[232]_i_1,LUT6,SLICE_X24Y242,SLICEL.B6LUT,64'hA800000000000000
u_dut/t_r[2332]_i_1,LUT4,SLICE_X23Y219,SLICEL.D6LUT,16'hF0E0
u_dut/t_r[2332]_i_2,LUT5,SLICE_X23Y221,SLICEL.B5LUT,32'h80808000
u_dut/t_r[2336]_i_1,LUT6,SLICE_X17Y218,SLICEL.B6LUT,64'hFFFE000000000000
u_dut/t_r[2337]_i_1,LUT5,SLICE_X22Y221,SLICEM.A6LUT,32'hFE000000
u_dut/t_r[2338]_i_1,LUT6,SLICE_X17Y218,SLICEL.A6LUT,64'hFEEE000000000000
u_dut/t_r[233]_i_1,LUT6,SLICE_X27Y241,SLICEL.D6LUT,64'h8000000000000000
u_dut/t_r[2340]_i_1,LUT6,SLICE_X22Y221,SLICEM.B6LUT,64'hFEAA000000000000
u_dut/t_r[2341]_i_1,LUT5,SLICE_X22Y221,SLICEM.A5LUT,32'hEA000000
u_dut/t_r[2342]_i_1,LUT6,SLICE_X17Y222,SLICEL.B6LUT,64'hFAEAEAEAEAEAEAEA
u_dut/t_r[2344]_i_1,LUT6,SLICE_X24Y222,SLICEL.C6LUT,64'hFAFAFAEAAAAAAAAA
u_dut/t_r[2348]_i_1,LUT3,SLICE_X24Y218,SLICEL.D6LUT,8'hC8
u_dut/t_r[2348]_i_2,LUT6,SLICE_X22Y221,SLICEM.C6LUT,64'h8888888088808880
u_dut/t_r[234]_i_1,LUT2,SLICE_X25Y244,SLICEL.C6LUT,4'h8
u_dut/t_r[234]_i_2,LUT6,SLICE_X24Y242,SLICEL.C6LUT,64'h8000000000000000
u_dut/t_r[2354]_i_1,LUT5,SLICE_X23Y219,SLICEL.B6LUT,32'hFE000000
u_dut/t_r[2355]_i_1,LUT6,SLICE_X22Y219,SLICEM.A6LUT,64'hFFFEAAAAFEFEAAAA
u_dut/t_r[2355]_i_2,LUT3,SLICE_X22Y219,SLICEM.B6LUT,8'hF8
u_dut/t_r[2356]_i_1,LUT6,SLICE_X23Y219,SLICEL.C6LUT,64'hEAAAAAAA00000000
u_dut/t_r[2359]_i_1,LUT5,SLICE_X23Y219,SLICEL.A6LUT,32'hEA000000
u_dut/t_r[235]_i_1,LUT6,SLICE_X25Y242,SLICEL.C6LUT,64'hFFFFFEEE00000000
u_dut/t_r[2360]_i_1,LUT6,SLICE_X22Y219,SLICEM.C6LUT,64'hFEEEAAAAEEEEAAAA
u_dut/t_r[2360]_i_2,LUT2,SLICE_X20Y218,SLICEM.C5LUT,4'h8
u_dut/t_r[2360]_i_3,LUT2,SLICE_X23Y219,SLICEL.A5LUT,4'h8
u_dut/t_r[2360]_i_4,LUT2,SLICE_X22Y219,SLICEM.B5LUT,4'hE
u_dut/t_r[2365]_i_1,LUT6,SLICE_X21Y218,SLICEL.A6LUT,64'hC8C8C88800000000
u_dut/t_r[2366]_i_1,LUT4,SLICE_X21Y218,SLICEL.B6LUT,16'h8000
u_dut/t_r[2368]_i_1,LUT4,SLICE_X23Y219,SLICEL.D5LUT,16'hF080
u_dut/t_r[2368]_i_2,LUT6,SLICE_X21Y218,SLICEL.C6LUT,64'h8080800080008000
u_dut/t_r[2372]_i_1,LUT6,SLICE_X21Y221,SLICEL.D6LUT,64'hFFFFFFEA00000000
u_dut/t_r[2374]_i_1,LUT6,SLICE_X22Y219,SLICEM.D6LUT,64'hFFFF8888FFF88888
u_dut/t_r[2374]_i_2,LUT4,SLICE_X24Y219,SLICEL.C5LUT,16'hF0E0
u_dut/t_r[2375]_i_1,LUT6,SLICE_X27Y220,SLICEL.B6LUT,64'hFEEE000000000000
u_dut/t_r[2376]_i_1,LUT6,SLICE_X27Y220,SLICEL.C6LUT,64'hEAAAAAAA00000000
u_dut/t_r[2377]_i_1,LUT6,SLICE_X19Y218,SLICEL.A6LUT,64'hFFAAFFA800000000
u_dut/t_r[237]_i_1,LUT6,SLICE_X25Y244,SLICEL.A6LUT,64'hFEEE000000000000
u_dut/t_r[2383]_i_1,LUT6,SLICE_X19Y220,SLICEL.A6LUT,64'hFAFAFAEAAAAAAAAA
u_dut/t_r[2384]_i_1,LUT6,SLICE_X21Y221,SLICEL.A6LUT,64'hC800000000000000
u_dut/t_r[2385]_i_1,LUT6,SLICE_X22Y220,SLICEM.D6LUT,64'hFFF8888888888888
u_dut/t_r[2385]_i_2,LUT3,SLICE_X23Y218,SLICEL.B5LUT,8'hC8
u_dut/t_r[2385]_i_3,LUT3,SLICE_X26Y216,SLICEL.C6LUT,8'h80
u_dut/t_r[2388]_i_1,LUT6,SLICE_X20Y219,SLICEM.C6LUT,64'hFFFFFFF888888888
u_dut/t_r[2388]_i_2,LUT5,SLICE_X21Y218,SLICEL.B5LUT,32'h80000000
u_dut/t_r[2389]_i_1,LUT6,SLICE_X21Y221,SLICEL.B6LUT,64'h8888888080808080
u_dut/t_r[238]_i_1,LUT4,SLICE_X26Y242,SLICEL.C6LUT,16'hE000
u_dut/t_r[2391]_i_1,LUT6,SLICE_X21Y221,SLICEL.C6LUT,64'hAA80000000000000
u_dut/t_r[2392]_i_1,LUT2,SLICE_X19Y220,SLICEL.D6LUT,4'h8
u_dut/t_r[2392]_i_2,LUT6,SLICE_X27Y220,SLICEL.D6LUT,64'h8000000000000000
u_dut/t_r[2395]_i_1,LUT6,SLICE_X24Y220,SLICEL.D6LUT,64'hFF000000FE000000
u_dut/t_r[2395]_i_2,LUT2,SLICE_X19Y219,SLICEL.A5LUT,4'hE
u_dut/t_r[2395]_i_3,LUT4,SLICE_X19Y220,SLICEL.B6LUT,16'hFF80
u_dut/t_r[2397]_i_1,LUT6,SLICE_X19Y221,SLICEL.A6LUT,64'hFEEE000000000000
u_dut/t_r[239]_i_1,LUT6,SLICE_X25Y241,SLICEL.B6LUT,64'hFFFF0000FFF80000
u_dut/t_r[23]_i_1,LUT6,SLICE_X31Y239,SLICEL.D6LUT,64'hFFFEFCFCFCFCFCFC
u_dut/t_r[2401]_i_1,LUT5,SLICE_X25Y221,SLICEL.A6LUT,32'hEA000000
u_dut/t_r[2404]_i_1,LUT5,SLICE_X25Y221,SLICEL.D6LUT,32'hC8000000
u_dut/t_r[240]_i_1,LUT6,SLICE_X25Y241,SLICEL.C6LUT,64'hFFFF0000FFF80000
u_dut/t_r[240]_i_2,LUT4,SLICE_X26Y242,SLICEL.D6LUT,16'hF0E0
u_dut/t_r[2411]_i_1,LUT6,SLICE_X25Y221,SLICEL.B6LUT,64'h8888888080808080
u_dut/t_r[2412]_i_1,LUT5,SLICE_X25Y221,SLICEL.A5LUT,32'h80000000
u_dut/t_r[2413]_i_1,LUT4,SLICE_X22Y221,SLICEM.D5LUT,16'hC800
u_dut/t_r[2413]_i_2,LUT6,SLICE_X25Y221,SLICEL.C6LUT,64'h8080800080008000
u_dut/t_r[2416]_i_1,LUT6,SLICE_X19Y217,SLICEL.A6LUT,64'hFFFE000000000000
u_dut/t_r[241]_i_1,LUT6,SLICE_X21Y243,SLICEL.C6LUT,64'hFFFF0000FFF80000
u_dut/t_r[241]_i_2,LUT4,SLICE_X21Y244,SLICEL.A6LUT,16'h8880
u_dut/t_r[2420]_i_1,LUT6,SLICE_X25Y218,SLICEL.D6LUT,64'h8888888888888880
u_dut/t_r[2421]_i_1,LUT6,SLICE_X25Y219,SLICEL.A6LUT,64'hFEAA000000000000
u_dut/t_r[2422]_i_1,LUT6,SLICE_X25Y218,SLICEL.A6LUT,64'h8880808080808080
u_dut/t_r[2423]_i_1,LUT6,SLICE_X25Y218,SLICEL.B6LUT,64'hAA80000000000000
u_dut/t_r[2424]_i_1,LUT5,SLICE_X24Y218,SLICEL.D5LUT,32'hF0800000
u_dut/t_r[2424]_i_2,LUT6,SLICE_X25Y218,SLICEL.C6LUT,64'h8000000000000000
u_dut/t_r[2425]_i_1,LUT6,SLICE_X25Y219,SLICEL.B6LUT,64'hC800000000000000
u_dut/t_r[2426]_i_1,LUT6,SLICE_X19Y220,SLICEL.C6LUT,64'hFEAAAAAAAAAAAAAA
u_dut/t_r[2426]_i_2,LUT4,SLICE_X19Y220,SLICEL.B5LUT,16'hFFA8
u_dut/t_r[2426]_i_3,LUT2,SLICE_X19Y220,SLICEL.D5LUT,4'h8
u_dut/t_r[2428]_i_1,LUT6,SLICE_X21Y217,SLICEL.A6LUT,64'hC888000000000000
u_dut/t_r[242]_i_1,LUT6,SLICE_X25Y243,SLICEL.B6LUT,64'h8888888888888880
u_dut/t_r[2432]_i_1,LUT3,SLICE_X24Y218,SLICEL.C5LUT,8'h80
u_dut/t_r[2432]_i_2,LUT6,SLICE_X25Y219,SLICEL.C6LUT,64'h8800880088008000
u_dut/t_r[2432]_i_3,LUT3,SLICE_X23Y214,SLICEL.A5LUT,8'h80
u_dut/t_r[243]_i_1,LUT5,SLICE_X21Y242,SLICEL.A6LUT,32'h80808000
u_dut/t_r[2442]_i_1,LUT5,SLICE_X26Y216,SLICEL.C5LUT,32'hE0000000
u_dut/t_r[2442]_i_2,LUT6,SLICE_X26Y216,SLICEL.D6LUT,64'hFFFFFFFF80000000
u_dut/t_r[2444]_i_1,LUT6,SLICE_X17Y220,SLICEL.A6LUT,64'hFFC8000000000000
u_dut/t_r[2444]_i_2,LUT2,SLICE_X23Y220,SLICEL.B5LUT,4'h8
u_dut/t_r[244]_i_1,LUT4,SLICE_X21Y242,SLICEL.A5LUT,16'h8000
u_dut/t_r[245]_i_1,LUT6,SLICE_X25Y243,SLICEL.A6LUT,64'h8800800080008000
u_dut/t_r[246]_i_1,LUT6,SLICE_X25Y243,SLICEL.C6LUT,64'hF000F000F0008000
u_dut/t_r[246]_i_2,LUT6,SLICE_X21Y242,SLICEL.B6LUT,64'h8000000000000000
u_dut/t_r[247]_i_1,LUT6,SLICE_X25Y242,SLICEL.A6LUT,64'h8080808080808000
u_dut/t_r[2488]_i_1,LUT5,SLICE_X22Y216,SLICEM.C6LUT,32'hFFFFAAA8
u_dut/t_r[248]_i_1,LUT6,SLICE_X25Y242,SLICEL.B6LUT,64'h8888888080808080
u_dut/t_r[2496]_i_1,LUT5,SLICE_X22Y216,SLICEM.A6LUT,32'hFFFFAA80
u_dut/t_r[249]_i_1,LUT5,SLICE_X25Y242,SLICEL.D6LUT,32'h80000000
u_dut/t_r[24]_i_1,LUT6,SLICE_X24Y239,SLICEL.D6LUT,64'hFFFEFCFCFCFCFCFC
u_dut/t_r[2501]_i_1,LUT4,SLICE_X20Y215,SLICEM.C6LUT,16'hFF80
u_dut/t_r[2504]_i_1,LUT6,SLICE_X22Y216,SLICEM.D6LUT,64'hFFFFFFFFAAA80000
u_dut/t_r[2512]_i_1,LUT6,SLICE_X20Y214,SLICEM.A6LUT,64'hFFFFFFFF88800000
u_dut/t_r[2513]_i_1,LUT5,SLICE_X20Y215,SLICEM.A6LUT,32'hFFFF8000
u_dut/t_r[251]_i_1,LUT4,SLICE_X25Y244,SLICEL.C5LUT,16'hE000
u_dut/t_r[251]_i_2,LUT6,SLICE_X25Y244,SLICEL.B6LUT,64'h8000000000000000
u_dut/t_r[252]_i_1,LUT6,SLICE_X26Y241,SLICEL.B6LUT,64'hFFFE000000000000
u_dut/t_r[2530]_i_1,LUT6,SLICE_X20Y214,SLICEM.B6LUT,64'hFFFFEAAA00000000
u_dut/t_r[253]_i_1,LUT5,SLICE_X26Y241,SLICEL.A6LUT,32'h80808000
u_dut/t_r[254]_i_1,LUT6,SLICE_X29Y241,SLICEL.A6LUT,64'hEAAA000000000000
u_dut/t_r[2553]_i_1,LUT6,SLICE_X20Y215,SLICEM.B6LUT,64'hAAAA888000000000
u_dut/t_r[255]_i_1,LUT6,SLICE_X29Y241,SLICEL.B6LUT,64'hC800000000000000
u_dut/t_r[256]_i_1,LUT5,SLICE_X26Y241,SLICEL.A5LUT,32'h80000000
u_dut/t_r[257]_i_1,LUT6,SLICE_X29Y241,SLICEL.D6LUT,64'hFFE0000000000000
u_dut/t_r[257]_i_2,LUT6,SLICE_X29Y241,SLICEL.C6LUT,64'h8000000000000000
u_dut/t_r[2580]_i_1,LUT6,SLICE_X23Y216,SLICEL.D6LUT,64'hFFFFFFFFFFFFEEEA
u_dut/t_r[2581]_i_1,LUT6,SLICE_X20Y217,SLICEM.A6LUT,64'hFFFFFFFFFFFFEEEA
u_dut/t_r[2581]_i_2,LUT2,SLICE_X22Y215,SLICEM.A6LUT,4'h8
u_dut/t_r[2582]_i_1,LUT6,SLICE_X23Y216,SLICEL.A6LUT,64'hFFFFFFFFFFFFEAAA
u_dut/t_r[2582]_i_2,LUT4,SLICE_X21Y216,SLICEL.A6LUT,16'hFFFE
u_dut/t_r[2584]_i_1,LUT6,SLICE_X21Y216,SLICEL.B6LUT,64'hFFFFFFFFFFFFEAAA
u_dut/t_r[258]_i_1,LUT5,SLICE_X24Y244,SLICEL.A6LUT,32'h80000000
u_dut/t_r[2590]_i_1,LUT3,SLICE_X21Y215,SLICEL.A6LUT,8'hFE
u_dut/t_r[2590]_i_2,LUT6,SLICE_X21Y215,SLICEL.B6LUT,64'hFEEEAAAA00000000
u_dut/t_r[2592]_i_1,LUT4,SLICE_X23Y216,SLICEL.B6LUT,16'hFFEA
u_dut/t_r[2594]_i_1,LUT5,SLICE_X20Y216,SLICEM.A6LUT,32'hFFFFEAAA
u_dut/t_r[2596]_i_1,LUT5,SLICE_X20Y217,SLICEM.B6LUT,32'hFFFFEAAA
u_dut/t_r[2599]_i_1,LUT4,SLICE_X21Y215,SLICEL.A5LUT,16'hFFA8
u_dut/t_r[2599]_i_2,LUT6,SLICE_X21Y215,SLICEL.C6LUT,64'hFFFFFFFFFFFFFFFE
u_dut/t_r[259]_i_1,LUT6,SLICE_X23Y245,SLICEL.D6LUT,64'h8000800080000000
u_dut/t_r[25]_i_1,LUT5,SLICE_X28Y239,SLICEL.A5LUT,32'h80000000
u_dut/t_r[2601]_i_1,LUT6,SLICE_X21Y216,SLICEL.C6LUT,64'hFFFFFFFFAAAAAAA8
u_dut/t_r[2601]_i_2,LUT3,SLICE_X20Y216,SLICEM.B6LUT,8'hE0
u_dut/t_r[2602]_i_1,LUT5,SLICE_X23Y216,SLICEL.B5LUT,32'hFFFFAAA8
u_dut/t_r[2602]_i_2,LUT5,SLICE_X22Y216,SLICEM.B6LUT,32'hFFFF8000
u_dut/t_r[2603]_i_1,LUT6,SLICE_X23Y216,SLICEL.C6LUT,64'hFFFFFFFFAAAAA888
u_dut/t_r[2603]_i_2,LUT2,SLICE_X22Y215,SLICEM.A5LUT,4'hE
u_dut/t_r[260]_i_1,LUT6,SLICE_X23Y245,SLICEL.A6LUT,64'h8080800080008000
u_dut/t_r[2612]_i_1,LUT6,SLICE_X21Y216,SLICEL.D6LUT,64'hFFFFFFFFAAAA8000
u_dut/t_r[2612]_i_2,LUT4,SLICE_X21Y216,SLICEL.A5LUT,16'h8000
u_dut/t_r[2614]_i_1,LUT5,SLICE_X20Y216,SLICEM.A5LUT,32'hFFFFA800
u_dut/t_r[2614]_i_2,LUT5,SLICE_X20Y216,SLICEM.C6LUT,32'hFFFFAAA8
u_dut/t_r[261]_i_1,LUT5,SLICE_X27Y244,SLICEL.A6LUT,32'h80000000
u_dut/t_r[2624]_i_1,LUT6,SLICE_X20Y217,SLICEM.C6LUT,64'hFFFFFFFF80000000
u_dut/t_r[2628]_i_1,LUT5,SLICE_X20Y217,SLICEM.B5LUT,32'hFFFE0000
u_dut/t_r[2628]_i_2,LUT5,SLICE_X22Y216,SLICEM.B5LUT,32'hFEEE0000
u_dut/t_r[2629]_i_1,LUT6,SLICE_X20Y216,SLICEM.D6LUT,64'hFFFFFEEE00000000
u_dut/t_r[2629]_i_2,LUT4,SLICE_X20Y216,SLICEM.B5LUT,16'hFE00
u_dut/t_r[262]_i_1,LUT6,SLICE_X23Y245,SLICEL.B6LUT,64'h8800800080008000
u_dut/t_r[263]_i_1,LUT5,SLICE_X20Y243,SLICEM.B6LUT,32'hF8000000
u_dut/t_r[263]_i_2,LUT6,SLICE_X23Y245,SLICEL.C6LUT,64'hE000000000000000
u_dut/t_r[2643]_i_1,LUT1,SLICE_X20Y215,SLICEM.D6LUT,2'h1
u_dut/t_r[2643]_i_2,LUT6,SLICE_X20Y217,SLICEM.D6LUT,64'hEEEAAAAA00000000
u_dut/t_r[2643]_i_3,LUT4,SLICE_X20Y216,SLICEM.C5LUT,16'hC800
u_dut/t_r[2655]_i_1,LUT4,SLICE_X5Y225,SLICEL.A6LUT,16'hFFF8
u_dut/t_r[2656]_i_1,LUT2,SLICE_X7Y229,SLICEL.A6LUT,4'hE
u_dut/t_r[2657]_i_1,LUT4,SLICE_X7Y231,SLICEL.A6LUT,16'hFFA8
u_dut/t_r[2658]_i_1,LUT3,SLICE_X8Y232,SLICEM.B6LUT,8'hF8
u_dut/t_r[2659]_i_1,LUT4,SLICE_X5Y225,SLICEL.A5LUT,16'hFF80
u_dut/t_r[265]_i_1,LUT5,SLICE_X29Y244,SLICEL.D6LUT,32'h80000000
u_dut/t_r[2661]_i_1,LUT4,SLICE_X9Y222,SLICEL.A6LUT,16'hF0E0
u_dut/t_r[2662]_i_1,LUT5,SLICE_X14Y222,SLICEM.A6LUT,32'hFFFEFCFC
u_dut/t_r[2663]_i_1,LUT6,SLICE_X10Y231,SLICEM.B6LUT,64'hFFFFFFF8FFF0FFF0
u_dut/t_r[2664]_i_1,LUT4,SLICE_X10Y231,SLICEM.A6LUT,16'hFFF8
u_dut/t_r[2665]_i_1,LUT4,SLICE_X7Y231,SLICEL.A5LUT,16'h8880
u_dut/t_r[2666]_i_1,LUT3,SLICE_X11Y232,SLICEL.A6LUT,8'h80
u_dut/t_r[2667]_i_1,LUT6,SLICE_X11Y232,SLICEL.B6LUT,64'hFFFFFFFFFFFFFFFE
u_dut/t_r[2667]_i_2,LUT4,SLICE_X11Y232,SLICEL.A5LUT,16'h8000
u_dut/t_r[2668]_i_1,LUT2,SLICE_X5Y228,SLICEL.A6LUT,4'hE
u_dut/t_r[2669]_i_1,LUT5,SLICE_X8Y225,SLICEM.A6LUT,32'hFFFE0000
u_dut/t_r[266]_i_1,LUT6,SLICE_X27Y245,SLICEL.D6LUT,64'h8888888088808880
u_dut/t_r[2671]_i_1,LUT5,SLICE_X8Y225,SLICEM.A5LUT,32'hFEEE0000
u_dut/t_r[2672]_i_1,LUT3,SLICE_X16Y224,SLICEM.A6LUT,8'hE0
u_dut/t_r[2673]_i_1,LUT5,SLICE_X16Y224,SLICEM.B6LUT,32'hFEAA0000
u_dut/t_r[2674]_i_1,LUT4,SLICE_X16Y224,SLICEM.C6LUT,16'hEA00
u_dut/t_r[2675]_i_1,LUT5,SLICE_X16Y224,SLICEM.D6LUT,32'hEAAA0000
u_dut/t_r[2676]_i_1,LUT2,SLICE_X8Y225,SLICEM.B6LUT,4'h8
u_dut/t_r[2678]_i_1,LUT4,SLICE_X16Y224,SLICEM.C5LUT,16'hC800
u_dut/t_r[2679]_i_1,LUT3,SLICE_X16Y224,SLICEM.A5LUT,8'h80
u_dut/t_r[267]_i_1,LUT6,SLICE_X29Y244,SLICEL.A6LUT,64'h8888888080808080
u_dut/t_r[2680]_i_1,LUT5,SLICE_X16Y224,SLICEM.B5LUT,32'hE0000000
u_dut/t_r[2681]_i_1,LUT5,SLICE_X8Y224,SLICEM.C6LUT,32'hFFFFFFFE
u_dut/t_r[2681]_i_2,LUT5,SLICE_X16Y224,SLICEM.D5LUT,32'h80000000
u_dut/t_r[2682]_i_1,LUT6,SLICE_X13Y221,SLICEL.A6LUT,64'hFFFF0000FFFE0000
u_dut/t_r[2683]_i_1,LUT6,SLICE_X14Y222,SLICEM.B6LUT,64'hFFFF0000FFF80000
u_dut/t_r[2684]_i_1,LUT6,SLICE_X13Y221,SLICEL.B6LUT,64'hFFFF0000FFA80000
u_dut/t_r[2685]_i_1,LUT4,SLICE_X16Y226,SLICEM.D6LUT,16'hFAEA
u_dut/t_r[2686]_i_1,LUT5,SLICE_X10Y231,SLICEM.A5LUT,32'hF0C0E0C0
u_dut/t_r[2687]_i_1,LUT4,SLICE_X7Y229,SLICEL.B6LUT,16'hF080
u_dut/t_r[2688]_i_1,LUT6,SLICE_X14Y222,SLICEM.C6LUT,64'hFFFF000080000000
u_dut/t_r[2689]_i_1,LUT5,SLICE_X14Y222,SLICEM.A5LUT,32'hFE000000
u_dut/t_r[268]_i_1,LUT6,SLICE_X27Y245,SLICEL.A6LUT,64'h8880808080808080
u_dut/t_r[2690]_i_1,LUT6,SLICE_X14Y222,SLICEM.D6LUT,64'hFEAA000000000000
u_dut/t_r[2691]_i_1,LUT6,SLICE_X13Y221,SLICEL.C6LUT,64'hCCC8000000000000
u_dut/t_r[2692]_i_1,LUT4,SLICE_X10Y231,SLICEM.C6LUT,16'hFFFE
u_dut/t_r[2692]_i_2,LUT4,SLICE_X13Y221,SLICEL.D6LUT,16'h8000
u_dut/t_r[2694]_i_1,LUT6,SLICE_X10Y228,SLICEM.D6LUT,64'hFFFFFFFEF0F0F0F0
u_dut/t_r[2695]_i_1,LUT6,SLICE_X7Y229,SLICEL.D6LUT,64'hFFAAFEAA00000000
u_dut/t_r[2696]_i_1,LUT6,SLICE_X6Y226,SLICEM.D6LUT,64'hFFFFFFFEFFFCFFFC
u_dut/t_r[2697]_i_1,LUT6,SLICE_X8Y227,SLICEM.A6LUT,64'hFFFEAAAA00000000
u_dut/t_r[2698]_i_1,LUT5,SLICE_X5Y228,SLICEL.A5LUT,32'hFFF8F0F0
u_dut/t_r[2699]_i_1,LUT6,SLICE_X7Y228,SLICEL.D6LUT,64'hFFFFFF80FF00FF00
u_dut/t_r[269]_i_1,LUT5,SLICE_X29Y244,SLICEL.B6LUT,32'h80000000
u_dut/t_r[26]_i_1,LUT6,SLICE_X23Y242,SLICEL.D6LUT,64'hFFF0F8F0F8F0F8F0
u_dut/t_r[2700]_i_1,LUT6,SLICE_X7Y229,SLICEL.C6LUT,64'hCCCCCCC800000000
u_dut/t_r[2701]_i_1,LUT6,SLICE_X8Y227,SLICEM.B6LUT,64'hCCC8C8C800000000
u_dut/t_r[2702]_i_1,LUT5,SLICE_X7Y229,SLICEL.B5LUT,32'hC8880000
u_dut/t_r[2703]_i_1,LUT6,SLICE_X8Y227,SLICEM.C6LUT,64'h8080808080808000
u_dut/t_r[2704]_i_1,LUT4,SLICE_X7Y229,SLICEL.A5LUT,16'h8000
u_dut/t_r[2705]_i_1,LUT3,SLICE_X5Y228,SLICEL.B6LUT,8'hFE
u_dut/t_r[2705]_i_2,LUT6,SLICE_X8Y227,SLICEM.D6LUT,64'h8000000000000000
u_dut/t_r[2706]_i_1,LUT6,SLICE_X12Y231,SLICEM.B6LUT,64'hFFFFFAFAFFFEFAFA
u_dut/t_r[2707]_i_1,LUT6,SLICE_X7Y225,SLICEL.C6LUT,64'hFAF8F8F800000000
u_dut/t_r[2708]_i_1,LUT6,SLICE_X10Y225,SLICEM.A6LUT,64'hFFFEAAAA00000000
u_dut/t_r[2709]_i_1,LUT5,SLICE_X10Y224,SLICEM.C6LUT,32'hFEAAEEAA
u_dut/t_r[270]_i_1,LUT6,SLICE_X29Y244,SLICEL.C6LUT,64'h8800800080008000
u_dut/t_r[2710]_i_1,LUT6,SLICE_X7Y225,SLICEL.A6LUT,64'hCCCCCCC800000000
u_dut/t_r[2711]_i_1,LUT4,SLICE_X10Y225,SLICEM.B6LUT,16'hC800
u_dut/t_r[2712]_i_1,LUT6,SLICE_X10Y225,SLICEM.C6LUT,64'hC888888800000000
u_dut/t_r[2712]_i_2,LUT2,SLICE_X10Y225,SLICEM.B5LUT,4'h8
u_dut/t_r[2713]_i_1,LUT6,SLICE_X7Y225,SLICEL.B6LUT,64'h8880808080808080
u_dut/t_r[2714]_i_1,LUT4,SLICE_X8Y224,SLICEM.C5LUT,16'hFFEA
u_dut/t_r[2714]_i_2,LUT6,SLICE_X10Y225,SLICEM.D6LUT,64'h8000000000000000
u_dut/t_r[2715]_i_1,LUT6,SLICE_X14Y230,SLICEM.A6LUT,64'hFFFCFCFCFEFCFCFC
u_dut/t_r[2716]_i_1,LUT6,SLICE_X14Y230,SLICEM.B6LUT,64'hFFFCFCFCFEFCFCFC
u_dut/t_r[2717]_i_1,LUT6,SLICE_X6Y232,SLICEM.C6LUT,64'hFEEEAAAA00000000
u_dut/t_r[2718]_i_1,LUT6,SLICE_X7Y231,SLICEL.B6LUT,64'hFFFEEEEEFEFEEEEE
u_dut/t_r[2719]_i_1,LUT5,SLICE_X7Y232,SLICEL.B6LUT,32'hC8000000
u_dut/t_r[271]_i_1,LUT6,SLICE_X27Y245,SLICEL.B6LUT,64'hE000000000000000
u_dut/t_r[2720]_i_1,LUT6,SLICE_X7Y231,SLICEL.C6LUT,64'hFFFEEEEEEEEEEEEE
u_dut/t_r[2720]_i_2,LUT2,SLICE_X7Y232,SLICEL.B5LUT,4'h8
u_dut/t_r[2721]_i_1,LUT6,SLICE_X6Y232,SLICEM.A6LUT,64'hE000000000000000
u_dut/t_r[2722]_i_1,LUT2,SLICE_X6Y232,SLICEM.D6LUT,4'hE
u_dut/t_r[2722]_i_2,LUT6,SLICE_X6Y232,SLICEM.B6LUT,64'h8000000000000000
u_dut/t_r[2723]_i_1,LUT6,SLICE_X3Y232,SLICEL.B6LUT,64'hFFFFFFEA00000000
u_dut/t_r[2724]_i_1,LUT6,SLICE_X3Y232,SLICEL.A6LUT,64'hFFAAFEAA00000000
u_dut/t_r[2725]_i_1,LUT6,SLICE_X9Y232,SLICEL.D6LUT,64'hFFAAFEAAFEAAFEAA
u_dut/t_r[2726]_i_1,LUT4,SLICE_X12Y241,SLICEM.A6LUT,16'h8880
u_dut/t_r[2727]_i_1,LUT6,SLICE_X12Y241,SLICEM.C6LUT,64'h8800880088008000
u_dut/t_r[2728]_i_1,LUT4,SLICE_X12Y241,SLICEM.A5LUT,16'h8000
u_dut/t_r[2729]_i_1,LUT5,SLICE_X12Y241,SLICEM.D6LUT,32'hFFFFF0E0
u_dut/t_r[2729]_i_2,LUT6,SLICE_X12Y241,SLICEM.B6LUT,64'h8000000000000000
u_dut/t_r[272]_i_1,LUT6,SLICE_X24Y244,SLICEL.B6LUT,64'hFF80000000000000
u_dut/t_r[272]_i_2,LUT6,SLICE_X27Y245,SLICEL.C6LUT,64'h8000000000000000
u_dut/t_r[2730]_i_1,LUT6,SLICE_X14Y241,SLICEM.D6LUT,64'h8888888888888880
u_dut/t_r[2731]_i_1,LUT6,SLICE_X15Y234,SLICEL.A6LUT,64'h8888888088808880
u_dut/t_r[2732]_i_1,LUT4,SLICE_X14Y241,SLICEM.A6LUT,16'h8880
u_dut/t_r[2733]_i_1,LUT6,SLICE_X14Y241,SLICEM.B6LUT,64'h8888888080808080
u_dut/t_r[2734]_i_1,LUT5,SLICE_X15Y234,SLICEL.B6LUT,32'h88808080
u_dut/t_r[2735]_i_1,LUT6,SLICE_X14Y241,SLICEM.C6LUT,64'h8880808080808080
u_dut/t_r[2736]_i_1,LUT3,SLICE_X14Y241,SLICEM.A5LUT,8'h80
u_dut/t_r[2737]_i_1,LUT6,SLICE_X10Y241,SLICEM.A6LUT,64'h8800880088008000
u_dut/t_r[2738]_i_1,LUT6,SLICE_X10Y235,SLICEM.D6LUT,64'hFFFFFF80FF00FF00
u_dut/t_r[2739]_i_1,LUT6,SLICE_X8Y232,SLICEM.C6LUT,64'hFFFFFF80FF00FF00
u_dut/t_r[2739]_i_2,LUT2,SLICE_X8Y232,SLICEM.B5LUT,4'h8
u_dut/t_r[273]_i_1,LUT6,SLICE_X29Y243,SLICEL.D6LUT,64'h8000000000000000
u_dut/t_r[2740]_i_1,LUT5,SLICE_X10Y239,SLICEM.A6LUT,32'hC8880000
u_dut/t_r[2741]_i_1,LUT6,SLICE_X15Y234,SLICEL.C6LUT,64'hE000000000000000
u_dut/t_r[2742]_i_1,LUT5,SLICE_X15Y234,SLICEL.B5LUT,32'h80000000
u_dut/t_r[2743]_i_1,LUT6,SLICE_X9Y241,SLICEL.C6LUT,64'hFFFFFFFFFF00F800
u_dut/t_r[2743]_i_2,LUT6,SLICE_X10Y241,SLICEM.B6LUT,64'h8000000000000000
u_dut/t_r[2744]_i_1,LUT3,SLICE_X9Y241,SLICEL.B6LUT,8'h80
u_dut/t_r[2745]_i_1,LUT6,SLICE_X7Y238,SLICEL.A6LUT,64'h8888888888888880
u_dut/t_r[2746]_i_1,LUT6,SLICE_X10Y239,SLICEM.B6LUT,64'h8080808080808000
u_dut/t_r[2747]_i_1,LUT6,SLICE_X7Y238,SLICEL.B6LUT,64'h8888888088808880
u_dut/t_r[2748]_i_1,LUT5,SLICE_X10Y239,SLICEM.A5LUT,32'h80808000
u_dut/t_r[2749]_i_1,LUT6,SLICE_X10Y239,SLICEM.C6LUT,64'h8888888080808080
u_dut/t_r[2750]_i_1,LUT6,SLICE_X7Y238,SLICEL.C6LUT,64'h8080800080008000
u_dut/t_r[2751]_i_1,LUT6,SLICE_X10Y239,SLICEM.D6LUT,64'h8880808080808080
u_dut/t_r[2752]_i_1,LUT6,SLICE_X9Y241,SLICEL.A6LUT,64'h8800880088008000
u_dut/t_r[2753]_i_1,LUT6,SLICE_X7Y241,SLICEL.A6LUT,64'hC888000000000000
u_dut/t_r[2754]_i_1,LUT4,SLICE_X10Y231,SLICEM.C5LUT,16'hFAEA
u_dut/t_r[2754]_i_2,LUT6,SLICE_X6Y241,SLICEM.A6LUT,64'hE000000000000000
u_dut/t_r[2755]_i_1,LUT2,SLICE_X3Y239,SLICEL.A6LUT,4'h8
u_dut/t_r[2756]_i_1,LUT6,SLICE_X3Y238,SLICEL.B6LUT,64'hFEEE000000000000
u_dut/t_r[2757]_i_1,LUT5,SLICE_X4Y238,SLICEL.A6LUT,32'hEA000000
u_dut/t_r[2758]_i_1,LUT3,SLICE_X4Y238,SLICEL.C6LUT,8'h80
u_dut/t_r[2759]_i_1,LUT6,SLICE_X5Y232,SLICEL.D6LUT,64'hFFFAFFF800000000
u_dut/t_r[275]_i_1,LUT6,SLICE_X22Y244,SLICEM.A6LUT,64'h8000800080000000
u_dut/t_r[2760]_i_1,LUT6,SLICE_X6Y231,SLICEM.A6LUT,64'hFEEE000000000000
u_dut/t_r[2761]_i_1,LUT6,SLICE_X4Y238,SLICEL.B6LUT,64'hE000000000000000
u_dut/t_r[2762]_i_1,LUT5,SLICE_X4Y238,SLICEL.A5LUT,32'h80000000
u_dut/t_r[2763]_i_1,LUT6,SLICE_X4Y238,SLICEL.D6LUT,64'hFFFFFFA8FF00FF00
u_dut/t_r[2763]_i_2,LUT6,SLICE_X3Y238,SLICEL.A6LUT,64'h8000000000000000
u_dut/t_r[2764]_i_1,LUT4,SLICE_X5Y225,SLICEL.B6LUT,16'hE000
u_dut/t_r[2765]_i_1,LUT6,SLICE_X13Y231,SLICEL.D6LUT,64'h8888888888888880
u_dut/t_r[2766]_i_1,LUT6,SLICE_X13Y231,SLICEL.A6LUT,64'h8080808080808000
u_dut/t_r[2767]_i_1,LUT6,SLICE_X13Y235,SLICEL.A6LUT,64'h8888888088808880
u_dut/t_r[2768]_i_1,LUT5,SLICE_X13Y235,SLICEL.B6LUT,32'h80808000
u_dut/t_r[2769]_i_1,LUT6,SLICE_X13Y235,SLICEL.C6LUT,64'h8888888080808080
u_dut/t_r[2770]_i_1,LUT6,SLICE_X13Y231,SLICEL.B6LUT,64'h8080800080008000
u_dut/t_r[2771]_i_1,LUT6,SLICE_X4Y230,SLICEL.B6LUT,64'h8880808080808080
u_dut/t_r[2772]_i_1,LUT4,SLICE_X3Y239,SLICEL.A5LUT,16'h8000
u_dut/t_r[2773]_i_1,LUT6,SLICE_X13Y235,SLICEL.D6LUT,64'h8800880088008000
u_dut/t_r[2774]_i_1,LUT6,SLICE_X3Y240,SLICEL.A6LUT,64'hC800000000000000
u_dut/t_r[2775]_i_1,LUT6,SLICE_X3Y234,SLICEL.A6LUT,64'hC888000000000000
u_dut/t_r[2776]_i_1,LUT5,SLICE_X13Y235,SLICEL.B5LUT,32'h80000000
u_dut/t_r[2777]_i_1,LUT6,SLICE_X2Y240,SLICEM.A6LUT,64'hE000000000000000
u_dut/t_r[2778]_i_1,LUT6,SLICE_X13Y231,SLICEL.C6LUT,64'h8000000000000000
u_dut/t_r[2779]_i_1,LUT5,SLICE_X6Y232,SLICEM.D5LUT,32'hFFF8F0F0
u_dut/t_r[2779]_i_2,LUT6,SLICE_X6Y238,SLICEM.A6LUT,64'h8000000000000000
u_dut/t_r[277]_i_1,LUT6,SLICE_X22Y244,SLICEM.B6LUT,64'h8000000000000000
u_dut/t_r[2780]_i_1,LUT5,SLICE_X5Y225,SLICEL.B5LUT,32'hC8000000
u_dut/t_r[2781]_i_1,LUT5,SLICE_X5Y225,SLICEL.C6LUT,32'hC8000000
u_dut/t_r[2782]_i_1,LUT6,SLICE_X5Y232,SLICEL.A6LUT,64'hCCC8C8C800000000
u_dut/t_r[2783]_i_1,LUT6,SLICE_X5Y232,SLICEL.B6LUT,64'hF0C0F08000000000
u_dut/t_r[2784]_i_1,LUT6,SLICE_X6Y231,SLICEM.B6LUT,64'hC888000000000000
u_dut/t_r[2785]_i_1,LUT3,SLICE_X5Y228,SLICEL.B5LUT,8'hF8
u_dut/t_r[2785]_i_2,LUT6,SLICE_X5Y232,SLICEL.C6LUT,64'h8080800080008000
u_dut/t_r[2786]_i_1,LUT2,SLICE_X4Y232,SLICEL.A6LUT,4'h8
u_dut/t_r[2787]_i_1,LUT6,SLICE_X12Y232,SLICEM.C6LUT,64'h8888808088888000
u_dut/t_r[2788]_i_1,LUT6,SLICE_X12Y231,SLICEM.C6LUT,64'hFFF0F8F0F0F0F0F0
u_dut/t_r[2789]_i_1,LUT3,SLICE_X12Y232,SLICEM.A6LUT,8'h80
u_dut/t_r[278]_i_1,LUT6,SLICE_X22Y244,SLICEM.C6LUT,64'h8000000000000000
u_dut/t_r[2790]_i_1,LUT6,SLICE_X12Y232,SLICEM.B6LUT,64'h8800800080008000
u_dut/t_r[2791]_i_1,LUT4,SLICE_X12Y231,SLICEM.D6LUT,16'hFF80
u_dut/t_r[2791]_i_2,LUT5,SLICE_X12Y232,SLICEM.A5LUT,32'h80000000
u_dut/t_r[2792]_i_1,LUT6,SLICE_X15Y220,SLICEL.C6LUT,64'hFE00000000000000
u_dut/t_r[2793]_i_1,LUT6,SLICE_X11Y223,SLICEL.A6LUT,64'h8888888088808880
u_dut/t_r[2794]_i_1,LUT6,SLICE_X8Y226,SLICEM.D6LUT,64'hFEEEAAAAAAAAAAAA
u_dut/t_r[2795]_i_1,LUT6,SLICE_X11Y223,SLICEL.B6LUT,64'hC800000000000000
u_dut/t_r[2796]_i_1,LUT6,SLICE_X11Y223,SLICEL.C6LUT,64'h8800800080008000
u_dut/t_r[2797]_i_1,LUT6,SLICE_X11Y223,SLICEL.D6LUT,64'h8000000000000000
u_dut/t_r[2798]_i_1,LUT6,SLICE_X14Y221,SLICEM.C6LUT,64'hFFFFFFFE00000000
u_dut/t_r[2799]_i_1,LUT5,SLICE_X15Y219,SLICEL.A6LUT,32'hFEEE0000
u_dut/t_r[279]_i_1,LUT6,SLICE_X29Y243,SLICEL.C6LUT,64'h8000000000000000
u_dut/t_r[27]_i_1,LUT5,SLICE_X28Y239,SLICEL.C6LUT,32'h80000000
u_dut/t_r[2800]_i_1,LUT6,SLICE_X14Y221,SLICEM.A6LUT,64'hFEEEAAAA00000000
u_dut/t_r[2801]_i_1,LUT6,SLICE_X15Y219,SLICEL.B6LUT,64'hCCCCCCC800000000
u_dut/t_r[2802]_i_1,LUT5,SLICE_X15Y219,SLICEL.A5LUT,32'hC8880000
u_dut/t_r[2803]_i_1,LUT4,SLICE_X14Y221,SLICEM.D6LUT,16'hF0E0
u_dut/t_r[2803]_i_2,LUT6,SLICE_X14Y221,SLICEM.B6LUT,64'h8880808080808080
u_dut/t_r[2804]_i_1,LUT6,SLICE_X14Y223,SLICEM.D6LUT,64'hFFFEEEEE00000000
u_dut/t_r[2804]_i_2,LUT3,SLICE_X13Y221,SLICEL.D5LUT,8'hFE
u_dut/t_r[2805]_i_1,LUT6,SLICE_X17Y224,SLICEL.C6LUT,64'hFEEE000000000000
u_dut/t_r[2806]_i_1,LUT5,SLICE_X17Y224,SLICEL.D6LUT,32'hEA000000
u_dut/t_r[2807]_i_1,LUT6,SLICE_X14Y231,SLICEM.A6LUT,64'hEAAA000000000000
u_dut/t_r[2808]_i_1,LUT6,SLICE_X18Y224,SLICEM.C6LUT,64'hFEAAAAAAAAAAAAAA
u_dut/t_r[2809]_i_1,LUT6,SLICE_X14Y230,SLICEM.C6LUT,64'hFEAAAAAAAAAAAAAA
u_dut/t_r[2810]_i_1,LUT6,SLICE_X17Y224,SLICEL.A6LUT,64'h8000800080000000
u_dut/t_r[2811]_i_1,LUT5,SLICE_X17Y224,SLICEL.B6LUT,32'h80000000
u_dut/t_r[2812]_i_1,LUT3,SLICE_X12Y231,SLICEM.D5LUT,8'hE0
u_dut/t_r[2812]_i_2,LUT6,SLICE_X14Y231,SLICEM.B6LUT,64'h8000000000000000
u_dut/t_r[2813]_i_1,LUT6,SLICE_X15Y224,SLICEL.D6LUT,64'hFFCC0000FECC0000
u_dut/t_r[2814]_i_1,LUT6,SLICE_X17Y231,SLICEL.B6LUT,64'hFFCC0000FECC0000
u_dut/t_r[2815]_i_1,LUT6,SLICE_X17Y231,SLICEL.C6LUT,64'hFFCC0000FECC0000
u_dut/t_r[2818]_i_1,LUT4,SLICE_X17Y219,SLICEL.A6LUT,16'h8880
u_dut/t_r[2819]_i_1,LUT6,SLICE_X17Y223,SLICEL.A6LUT,64'hFFF0F0F0F8F0F0F0
u_dut/t_r[281]_i_1,LUT6,SLICE_X22Y244,SLICEM.D6LUT,64'h8000000000000000
u_dut/t_r[281]_i_2,LUT3,SLICE_X24Y244,SLICEL.A5LUT,8'h80
u_dut/t_r[2821]_i_1,LUT6,SLICE_X17Y223,SLICEL.B6LUT,64'hFFF0F0F0F8F0F0F0
u_dut/t_r[2822]_i_1,LUT6,SLICE_X17Y223,SLICEL.C6LUT,64'hFFF0F0F0F8F0F0F0
u_dut/t_r[2823]_i_1,LUT6,SLICE_X17Y219,SLICEL.B6LUT,64'hCCC8000000000000
u_dut/t_r[2824]_i_1,LUT5,SLICE_X17Y219,SLICEL.A5LUT,32'hC8000000
u_dut/t_r[2825]_i_1,LUT4,SLICE_X14Y221,SLICEM.D5LUT,16'hEA00
u_dut/t_r[2825]_i_2,LUT6,SLICE_X14Y220,SLICEM.B6LUT,64'h8080808080808000
u_dut/t_r[2825]_i_3,LUT2,SLICE_X5Y225,SLICEL.C5LUT,4'h8
u_dut/t_r[2826]_i_1,LUT6,SLICE_X17Y223,SLICEL.D6LUT,64'hFFFF0000E0000000
u_dut/t_r[2827]_i_1,LUT5,SLICE_X10Y215,SLICEM.A6LUT,32'hFF008000
u_dut/t_r[2827]_i_2,LUT6,SLICE_X10Y215,SLICEM.B6LUT,64'hFFFFFFFF80000000
u_dut/t_r[2828]_i_1,LUT6,SLICE_X9Y222,SLICEL.B6LUT,64'hFFFE000000000000
u_dut/t_r[2829]_i_1,LUT6,SLICE_X10Y222,SLICEM.A6LUT,64'hFAAAEAAAEAAAEAAA
u_dut/t_r[2829]_i_2,LUT3,SLICE_X10Y215,SLICEM.A5LUT,8'h80
u_dut/t_r[2829]_i_3,LUT4,SLICE_X9Y222,SLICEL.A5LUT,16'hFFFE
u_dut/t_r[282]_i_1,LUT3,SLICE_X20Y243,SLICEM.C6LUT,8'h80
u_dut/t_r[282]_i_2,LUT5,SLICE_X26Y242,SLICEL.D5LUT,32'h80000000
u_dut/t_r[282]_i_3,LUT5,SLICE_X26Y242,SLICEL.C5LUT,32'h80000000
u_dut/t_r[2831]_i_1,LUT6,SLICE_X8Y220,SLICEM.A6LUT,64'hFFFFFFFFFFFFFFF8
u_dut/t_r[2832]_i_1,LUT6,SLICE_X10Y224,SLICEM.D6LUT,64'hFFFFFFFFFFFFFFF8
u_dut/t_r[2833]_i_1,LUT6,SLICE_X4Y223,SLICEL.A6LUT,64'hFFFFFFFFFFFFFFF8
u_dut/t_r[2835]_i_1,LUT3,SLICE_X6Y224,SLICEM.A6LUT,8'hE0
u_dut/t_r[2836]_i_1,LUT2,SLICE_X6Y220,SLICEM.A6LUT,4'h8
u_dut/t_r[2837]_i_1,LUT3,SLICE_X6Y224,SLICEM.A5LUT,8'h80
u_dut/t_r[2838]_i_1,LUT5,SLICE_X6Y224,SLICEM.C6LUT,32'hFFFEFEFE
u_dut/t_r[2838]_i_2,LUT6,SLICE_X6Y224,SLICEM.B6LUT,64'h8000000000000000
u_dut/t_r[2839]_i_1,LUT6,SLICE_X7Y222,SLICEL.D6LUT,64'hFEEEEEEE00000000
u_dut/t_r[283]_i_1,LUT5,SLICE_X17Y236,SLICEL.A6LUT,32'hFFFE0000
u_dut/t_r[2840]_i_1,LUT6,SLICE_X7Y222,SLICEL.A6LUT,64'hEAAAAAAA00000000
u_dut/t_r[2841]_i_1,LUT6,SLICE_X7Y222,SLICEL.B6LUT,64'hC888888800000000
u_dut/t_r[2842]_i_1,LUT3,SLICE_X6Y222,SLICEM.D6LUT,8'hFE
u_dut/t_r[2842]_i_2,LUT6,SLICE_X7Y222,SLICEL.C6LUT,64'h8000000000000000
u_dut/t_r[2843]_i_1,LUT6,SLICE_X6Y222,SLICEM.C6LUT,64'hFEEEEEEE00000000
u_dut/t_r[2844]_i_1,LUT6,SLICE_X6Y222,SLICEM.A6LUT,64'hEAAAAAAA00000000
u_dut/t_r[2845]_i_1,LUT6,SLICE_X6Y221,SLICEM.A6LUT,64'hC888888800000000
u_dut/t_r[2846]_i_1,LUT5,SLICE_X6Y222,SLICEM.D5LUT,32'hFFFFFFA8
u_dut/t_r[2846]_i_2,LUT5,SLICE_X6Y222,SLICEM.B6LUT,32'h80000000
u_dut/t_r[2847]_i_1,LUT6,SLICE_X4Y224,SLICEL.A6LUT,64'hFFFFFFF8FFF0FFF0
u_dut/t_r[2848]_i_1,LUT6,SLICE_X4Y225,SLICEL.A6LUT,64'hFFFFFFF8FFF0FFF0
u_dut/t_r[2849]_i_1,LUT6,SLICE_X8Y220,SLICEM.B6LUT,64'hFAAAEAAAAAAAAAAA
u_dut/t_r[2849]_i_2,LUT4,SLICE_X8Y219,SLICEM.A6LUT,16'hFFF8
u_dut/t_r[2849]_i_3,LUT2,SLICE_X8Y220,SLICEM.C6LUT,4'h8
u_dut/t_r[284]_i_1,LUT6,SLICE_X25Y233,SLICEL.A6LUT,64'hFE00000000000000
u_dut/t_r[2850]_i_1,LUT6,SLICE_X6Y225,SLICEM.D6LUT,64'hFFFFFFF8FFF0FFF0
u_dut/t_r[2851]_i_1,LUT6,SLICE_X8Y221,SLICEM.D6LUT,64'hFEEE000000000000
u_dut/t_r[2852]_i_1,LUT6,SLICE_X8Y221,SLICEM.A6LUT,64'h8880808080808080
u_dut/t_r[2853]_i_1,LUT6,SLICE_X8Y221,SLICEM.B6LUT,64'h8800800080008000
u_dut/t_r[2854]_i_1,LUT5,SLICE_X7Y221,SLICEL.D6LUT,32'hFFFFFF80
u_dut/t_r[2854]_i_2,LUT6,SLICE_X8Y221,SLICEM.C6LUT,64'hE000000000000000
u_dut/t_r[2855]_i_1,LUT6,SLICE_X7Y220,SLICEL.D6LUT,64'h8888888088808880
u_dut/t_r[2856]_i_1,LUT6,SLICE_X6Y220,SLICEM.B6LUT,64'hEAEAEAAA00000000
u_dut/t_r[2856]_i_2,LUT3,SLICE_X6Y220,SLICEM.C6LUT,8'h80
u_dut/t_r[2857]_i_1,LUT6,SLICE_X7Y220,SLICEL.A6LUT,64'h8800800080008000
u_dut/t_r[2857]_i_2,LUT2,SLICE_X6Y220,SLICEM.C5LUT,4'h8
u_dut/t_r[2858]_i_1,LUT2,SLICE_X6Y220,SLICEM.D6LUT,4'hE
u_dut/t_r[2858]_i_2,LUT6,SLICE_X7Y220,SLICEL.B6LUT,64'hE000000000000000
u_dut/t_r[2859]_i_1,LUT6,SLICE_X7Y221,SLICEL.C6LUT,64'hFFFEEEEE00000000
u_dut/t_r[285]_i_1,LUT5,SLICE_X17Y236,SLICEL.B6LUT,32'hE0000000
u_dut/t_r[2860]_i_1,LUT6,SLICE_X7Y221,SLICEL.A6LUT,64'hEAEAEAAA00000000
u_dut/t_r[2861]_i_1,LUT4,SLICE_X7Y221,SLICEL.B6LUT,16'hC800
u_dut/t_r[2862]_i_1,LUT5,SLICE_X7Y221,SLICEL.D5LUT,32'hFFFEF0F0
u_dut/t_r[2862]_i_2,LUT4,SLICE_X7Y221,SLICEL.B5LUT,16'h8000
u_dut/t_r[2863]_i_1,LUT5,SLICE_X8Y224,SLICEM.A6LUT,32'h88888880
u_dut/t_r[2864]_i_1,LUT5,SLICE_X8Y224,SLICEM.B6LUT,32'h88808080
u_dut/t_r[2865]_i_1,LUT5,SLICE_X8Y224,SLICEM.B5LUT,32'h88008000
u_dut/t_r[2866]_i_1,LUT4,SLICE_X6Y223,SLICEM.B6LUT,16'hFECC
u_dut/t_r[2866]_i_2,LUT5,SLICE_X8Y224,SLICEM.A5LUT,32'h80000000
u_dut/t_r[2867]_i_1,LUT5,SLICE_X9Y221,SLICEL.A6LUT,32'h88888880
u_dut/t_r[2868]_i_1,LUT5,SLICE_X9Y221,SLICEL.A5LUT,32'h88808080
u_dut/t_r[2869]_i_1,LUT6,SLICE_X9Y221,SLICEL.C6LUT,64'hCCC8C8C800000000
u_dut/t_r[2869]_i_2,LUT2,SLICE_X9Y220,SLICEL.A6LUT,4'h8
u_dut/t_r[286]_i_1,LUT5,SLICE_X17Y236,SLICEL.A5LUT,32'hFEAA0000
u_dut/t_r[2870]_i_1,LUT5,SLICE_X9Y221,SLICEL.D6LUT,32'hFFF8F0F0
u_dut/t_r[2870]_i_2,LUT6,SLICE_X9Y221,SLICEL.B6LUT,64'hA888000000000000
u_dut/t_r[2871]_i_1,LUT6,SLICE_X8Y219,SLICEM.B6LUT,64'hFFFFFFFFAAAAAA80
u_dut/t_r[2872]_i_1,LUT6,SLICE_X9Y219,SLICEL.A6LUT,64'hFAEAEAEAEAEAEAEA
u_dut/t_r[2873]_i_1,LUT6,SLICE_X9Y219,SLICEL.B6LUT,64'hFFFFFFFFAAAA8000
u_dut/t_r[2873]_i_2,LUT3,SLICE_X9Y219,SLICEL.C6LUT,8'hC8
u_dut/t_r[2874]_i_1,LUT6,SLICE_X8Y219,SLICEM.C6LUT,64'hFFFFFFFFAA800000
u_dut/t_r[2874]_i_2,LUT3,SLICE_X8Y219,SLICEM.D6LUT,8'h80
u_dut/t_r[2874]_i_3,LUT3,SLICE_X8Y219,SLICEM.A5LUT,8'hF8
u_dut/t_r[2875]_i_1,LUT6,SLICE_X5Y224,SLICEL.D6LUT,64'hFFFEFEFE00000000
u_dut/t_r[2876]_i_1,LUT6,SLICE_X5Y224,SLICEL.A6LUT,64'hFAF8000000000000
u_dut/t_r[2877]_i_1,LUT6,SLICE_X5Y224,SLICEL.B6LUT,64'hCCC8000000000000
u_dut/t_r[2878]_i_1,LUT5,SLICE_X6Y224,SLICEM.C5LUT,32'hFFFF8880
u_dut/t_r[2878]_i_2,LUT6,SLICE_X5Y224,SLICEL.C6LUT,64'h8880000000000000
u_dut/t_r[2879]_i_1,LUT6,SLICE_X7Y223,SLICEL.C6LUT,64'hFFFE000000000000
u_dut/t_r[287]_i_1,LUT6,SLICE_X19Y244,SLICEL.A6LUT,64'hEA00000000000000
u_dut/t_r[2880]_i_1,LUT6,SLICE_X7Y223,SLICEL.B6LUT,64'h8888808088888000
u_dut/t_r[2881]_i_1,LUT6,SLICE_X5Y223,SLICEL.A6LUT,64'hCCC8000000000000
u_dut/t_r[2882]_i_1,LUT4,SLICE_X6Y223,SLICEM.B5LUT,16'hFF80
u_dut/t_r[2882]_i_2,LUT6,SLICE_X5Y223,SLICEL.B6LUT,64'hA800000000000000
u_dut/t_r[2883]_i_1,LUT6,SLICE_X5Y222,SLICEL.D6LUT,64'hFFFE000000000000
u_dut/t_r[2884]_i_1,LUT6,SLICE_X5Y222,SLICEL.A6LUT,64'hFAFAFAF800000000
u_dut/t_r[2885]_i_1,LUT6,SLICE_X5Y222,SLICEL.B6LUT,64'hCCCCCCC800000000
u_dut/t_r[2885]_i_2,LUT3,SLICE_X5Y222,SLICEL.C6LUT,8'h80
u_dut/t_r[2886]_i_1,LUT5,SLICE_X9Y221,SLICEL.D5LUT,32'hFFFF8000
u_dut/t_r[2886]_i_2,LUT6,SLICE_X6Y223,SLICEM.A6LUT,64'hAAA8000000000000
u_dut/t_r[2886]_i_3,LUT2,SLICE_X5Y222,SLICEL.C5LUT,4'h8
u_dut/t_r[2887]_i_1,LUT6,SLICE_X8Y222,SLICEM.D6LUT,64'hFFFFFFFE00000000
u_dut/t_r[2888]_i_1,LUT6,SLICE_X8Y222,SLICEM.A6LUT,64'hFAFAFAF800000000
u_dut/t_r[2889]_i_1,LUT6,SLICE_X8Y222,SLICEM.B6LUT,64'hCCCCCCC800000000
u_dut/t_r[2890]_i_1,LUT6,SLICE_X8Y222,SLICEM.C6LUT,64'h8888888000000000
u_dut/t_r[2890]_i_2,LUT4,SLICE_X8Y219,SLICEM.D5LUT,16'h8000
u_dut/t_r[2891]_i_1,LUT6,SLICE_X9Y224,SLICEL.B6LUT,64'hFFFFFFFE00000000
u_dut/t_r[2892]_i_1,LUT3,SLICE_X9Y224,SLICEL.A6LUT,8'hE0
u_dut/t_r[2893]_i_1,LUT2,SLICE_X9Y220,SLICEL.B6LUT,4'h8
u_dut/t_r[2894]_i_1,LUT3,SLICE_X9Y224,SLICEL.A5LUT,8'h80
u_dut/t_r[2895]_i_1,LUT5,SLICE_X6Y220,SLICEM.D5LUT,32'hF0F0F0E0
u_dut/t_r[2896]_i_1,LUT6,SLICE_X8Y220,SLICEM.D6LUT,64'hFFFF0000FFF80000
u_dut/t_r[2896]_i_2,LUT2,SLICE_X6Y220,SLICEM.A5LUT,4'hE
u_dut/t_r[2897]_i_1,LUT6,SLICE_X4Y224,SLICEL.B6LUT,64'hFFFF0000FFF80000
u_dut/t_r[2898]_i_1,LUT6,SLICE_X9Y222,SLICEL.C6LUT,64'hFFFF0000FFF80000
u_dut/t_r[2898]_i_2,LUT2,SLICE_X7Y220,SLICEL.C6LUT,4'h8
u_dut/t_r[289]_i_1,LUT5,SLICE_X17Y236,SLICEL.C6LUT,32'hCCC80000
u_dut/t_r[2900]_i_1,LUT6,SLICE_X4Y223,SLICEL.B6LUT,64'hFF00FC00FE00FC00
u_dut/t_r[2901]_i_1,LUT6,SLICE_X8Y215,SLICEM.A6LUT,64'hFF00FC00FE00FC00
u_dut/t_r[2901]_i_2,LUT5,SLICE_X8Y215,SLICEM.B6LUT,32'hFFFF8000
u_dut/t_r[2902]_i_1,LUT6,SLICE_X8Y216,SLICEM.A6LUT,64'hFF00FC00FE00FC00
u_dut/t_r[2904]_i_1,LUT6,SLICE_X4Y223,SLICEL.C6LUT,64'hFF00FF00FF008000
u_dut/t_r[2904]_i_2,LUT5,SLICE_X4Y222,SLICEL.A6LUT,32'hFFFFFF80
u_dut/t_r[2905]_i_1,LUT6,SLICE_X8Y216,SLICEM.B6LUT,64'hFF00FF00FF008000
u_dut/t_r[2905]_i_2,LUT5,SLICE_X8Y216,SLICEM.C6LUT,32'hFF008000
u_dut/t_r[2906]_i_1,LUT6,SLICE_X4Y224,SLICEL.C6LUT,64'hF0C0F0C0F0C0E0C0
u_dut/t_r[2906]_i_2,LUT4,SLICE_X4Y224,SLICEL.D6LUT,16'hFFF8
u_dut/t_r[2907]_i_1,LUT6,SLICE_X4Y225,SLICEL.B6LUT,64'hF0C0F0C0F0C0E0C0
u_dut/t_r[2907]_i_2,LUT4,SLICE_X4Y224,SLICEL.D5LUT,16'hFF80
u_dut/t_r[2908]_i_1,LUT6,SLICE_X4Y225,SLICEL.C6LUT,64'hF0C0F0C0F0C0E0C0
u_dut/t_r[2908]_i_2,LUT4,SLICE_X6Y222,SLICEM.B5LUT,16'h8000
u_dut/t_r[2909]_i_1,LUT6,SLICE_X8Y216,SLICEM.D6LUT,64'hFE00AA00EE00AA00
u_dut/t_r[2909]_i_2,LUT5,SLICE_X8Y216,SLICEM.C5LUT,32'hFF00E000
u_dut/t_r[290]_i_1,LUT6,SLICE_X17Y245,SLICEL.A6LUT,64'hC800000000000000
u_dut/t_r[2910]_i_1,LUT6,SLICE_X4Y222,SLICEL.B6LUT,64'hF0C0C0C0E0C0C0C0
u_dut/t_r[2910]_i_2,LUT5,SLICE_X4Y222,SLICEL.A5LUT,32'hFFFFFFA8
u_dut/t_r[2911]_i_1,LUT6,SLICE_X9Y220,SLICEL.C6LUT,64'hFFF0F0F0F8F0F0F0
u_dut/t_r[2911]_i_2,LUT2,SLICE_X8Y220,SLICEM.C5LUT,4'hE
u_dut/t_r[2911]_i_3,LUT2,SLICE_X9Y220,SLICEL.A5LUT,4'h8
u_dut/t_r[2911]_i_4,LUT2,SLICE_X9Y220,SLICEL.B5LUT,4'h8
u_dut/t_r[2912]_i_1,LUT6,SLICE_X9Y220,SLICEL.D6LUT,64'hFFFF000080000000
u_dut/t_r[2912]_i_2,LUT3,SLICE_X7Y220,SLICEL.C5LUT,8'h80
u_dut/t_r[2913]_i_1,LUT6,SLICE_X9Y219,SLICEL.D6LUT,64'hFE000000EE000000
u_dut/t_r[2913]_i_2,LUT3,SLICE_X9Y219,SLICEL.C5LUT,8'hF8
u_dut/t_r[2914]_i_1,LUT6,SLICE_X8Y215,SLICEM.C6LUT,64'hFF00800000000000
u_dut/t_r[2914]_i_2,LUT4,SLICE_X8Y215,SLICEM.B5LUT,16'hFECC
u_dut/t_r[291]_i_1,LUT5,SLICE_X17Y236,SLICEL.B5LUT,32'h80000000
u_dut/t_r[292]_i_1,LUT5,SLICE_X17Y236,SLICEL.C5LUT,32'hE0000000
u_dut/t_r[293]_i_1,LUT6,SLICE_X25Y244,SLICEL.D6LUT,64'hFE00000000000000
u_dut/t_r[293]_i_2,LUT6,SLICE_X19Y244,SLICEL.B6LUT,64'h8000000000000000
u_dut/t_r[294]_i_1,LUT5,SLICE_X21Y245,SLICEL.A6LUT,32'hE0000000
u_dut/t_r[295]_i_1,LUT6,SLICE_X26Y240,SLICEL.D6LUT,64'h8888888888888880
u_dut/t_r[296]_i_1,LUT5,SLICE_X28Y242,SLICEL.A6LUT,32'h88888880
u_dut/t_r[297]_i_1,LUT6,SLICE_X28Y242,SLICEL.B6LUT,64'h8888888088808880
u_dut/t_r[299]_i_1,LUT5,SLICE_X28Y242,SLICEL.A5LUT,32'h88808080
u_dut/t_r[29]_i_1,LUT2,SLICE_X30Y239,SLICEL.D5LUT,4'hE
u_dut/t_r[29]_i_2,LUT6,SLICE_X28Y239,SLICEL.B6LUT,64'h8000000000000000
u_dut/t_r[2]_i_1,LUT6,SLICE_X25Y239,SLICEL.D6LUT,64'hFFFFFFFFFFFFF0E0
u_dut/t_r[300]_i_1,LUT6,SLICE_X26Y240,SLICEL.A6LUT,64'h8880808080808080
u_dut/t_r[302]_i_1,LUT6,SLICE_X26Y240,SLICEL.B6LUT,64'h8800880088008000
u_dut/t_r[303]_i_1,LUT5,SLICE_X26Y242,SLICEL.A5LUT,32'h88008000
u_dut/t_r[304]_i_1,LUT6,SLICE_X28Y242,SLICEL.C6LUT,64'h8800800080008000
u_dut/t_r[307]_i_1,LUT5,SLICE_X29Y242,SLICEL.D5LUT,32'hE0000000
u_dut/t_r[307]_i_2,LUT6,SLICE_X26Y240,SLICEL.C6LUT,64'h8000000000000000
u_dut/t_r[308]_i_1,LUT4,SLICE_X16Y243,SLICEM.C6LUT,16'h8000
u_dut/t_r[309]_i_1,LUT6,SLICE_X17Y244,SLICEL.D6LUT,64'h8888888888888880
u_dut/t_r[30]_i_1,LUT4,SLICE_X22Y238,SLICEM.A6LUT,16'hFE00
u_dut/t_r[310]_i_1,LUT5,SLICE_X20Y242,SLICEM.A6LUT,32'h88888880
u_dut/t_r[311]_i_1,LUT6,SLICE_X20Y242,SLICEM.B6LUT,64'h8888888088808880
u_dut/t_r[312]_i_1,LUT6,SLICE_X18Y231,SLICEM.A6LUT,64'h8000800080000000
u_dut/t_r[313]_i_1,LUT6,SLICE_X17Y244,SLICEL.A6LUT,64'h8888888080808080
u_dut/t_r[314]_i_1,LUT5,SLICE_X20Y242,SLICEM.A5LUT,32'h88808080
u_dut/t_r[315]_i_1,LUT6,SLICE_X18Y236,SLICEM.A6LUT,64'h8880808080808080
u_dut/t_r[316]_i_1,LUT5,SLICE_X26Y242,SLICEL.B5LUT,32'h80000000
u_dut/t_r[317]_i_1,LUT6,SLICE_X18Y236,SLICEM.B6LUT,64'h8800880088008000
u_dut/t_r[318]_i_1,LUT5,SLICE_X17Y244,SLICEL.B6LUT,32'h88008000
u_dut/t_r[319]_i_1,LUT6,SLICE_X20Y242,SLICEM.C6LUT,64'h8800800080008000
u_dut/t_r[31]_i_1,LUT5,SLICE_X22Y238,SLICEM.B6LUT,32'hFEAA0000
u_dut/t_r[320]_i_1,LUT6,SLICE_X17Y244,SLICEL.C6LUT,64'h8000000000000000
u_dut/t_r[321]_i_1,LUT6,SLICE_X20Y242,SLICEM.D6LUT,64'hE000000000000000
u_dut/t_r[322]_i_1,LUT6,SLICE_X20Y243,SLICEM.D6LUT,64'hF800000000000000
u_dut/t_r[322]_i_2,LUT5,SLICE_X17Y244,SLICEL.B5LUT,32'h80000000
u_dut/t_r[324]_i_1,LUT5,SLICE_X21Y245,SLICEL.A5LUT,32'h80000000
u_dut/t_r[325]_i_1,LUT5,SLICE_X20Y237,SLICEM.A6LUT,32'hFFFE0000
u_dut/t_r[326]_i_1,LUT6,SLICE_X21Y244,SLICEL.D6LUT,64'hFE00000000000000
u_dut/t_r[327]_i_1,LUT5,SLICE_X20Y237,SLICEM.A5LUT,32'hAAA8A8A8
u_dut/t_r[328]_i_1,LUT5,SLICE_X16Y243,SLICEM.A6LUT,32'h80808000
u_dut/t_r[329]_i_1,LUT5,SLICE_X20Y237,SLICEM.B6LUT,32'hFEAA0000
u_dut/t_r[330]_i_1,LUT6,SLICE_X21Y244,SLICEL.B6LUT,64'hEA00000000000000
u_dut/t_r[331]_i_1,LUT5,SLICE_X20Y237,SLICEM.B5LUT,32'hA8888888
u_dut/t_r[332]_i_1,LUT6,SLICE_X20Y237,SLICEM.C6LUT,64'h8000000000000000
u_dut/t_r[333]_i_1,LUT5,SLICE_X20Y237,SLICEM.D6LUT,32'hA0A0A080
u_dut/t_r[334]_i_1,LUT6,SLICE_X16Y243,SLICEM.B6LUT,64'hC800000000000000
u_dut/t_r[335]_i_1,LUT5,SLICE_X20Y237,SLICEM.D5LUT,32'hA0808080
u_dut/t_r[336]_i_1,LUT5,SLICE_X16Y243,SLICEM.A5LUT,32'h80000000
u_dut/t_r[338]_i_1,LUT6,SLICE_X21Y244,SLICEL.C6LUT,64'h8000000000000000
u_dut/t_r[339]_i_1,LUT5,SLICE_X21Y244,SLICEL.A5LUT,32'h80000000
u_dut/t_r[33]_i_1,LUT5,SLICE_X22Y238,SLICEM.B5LUT,32'h88808080
u_dut/t_r[340]_i_1,LUT4,SLICE_X20Y243,SLICEM.C5LUT,16'h8000
u_dut/t_r[342]_i_1,LUT4,SLICE_X17Y233,SLICEL.A6LUT,16'hFE00
u_dut/t_r[343]_i_1,LUT6,SLICE_X15Y243,SLICEL.B6LUT,64'hFFFFFFFFFFFFFEEE
u_dut/t_r[346]_i_1,LUT4,SLICE_X17Y233,SLICEL.A5LUT,16'hEA00
u_dut/t_r[347]_i_1,LUT5,SLICE_X17Y233,SLICEL.B6LUT,32'hEAAA0000
u_dut/t_r[348]_i_1,LUT5,SLICE_X26Y244,SLICEL.B5LUT,32'h80000000
u_dut/t_r[349]_i_1,LUT5,SLICE_X17Y233,SLICEL.B5LUT,32'hCCC80000
u_dut/t_r[34]_i_1,LUT6,SLICE_X22Y238,SLICEM.C6LUT,64'hFFFFFFFEFF00FF00
u_dut/t_r[34]_i_2,LUT4,SLICE_X22Y238,SLICEM.A5LUT,16'h8000
u_dut/t_r[350]_i_1,LUT5,SLICE_X15Y243,SLICEL.A6LUT,32'hFFFFFFC8
u_dut/t_r[352]_i_1,LUT4,SLICE_X15Y243,SLICEL.A5LUT,16'hFFF8
u_dut/t_r[353]_i_1,LUT5,SLICE_X15Y244,SLICEL.A6LUT,32'hE0000000
u_dut/t_r[355]_i_1,LUT6,SLICE_X16Y244,SLICEM.D6LUT,64'hE000000000000000
u_dut/t_r[355]_i_2,LUT5,SLICE_X15Y244,SLICEL.A5LUT,32'h80000000
u_dut/t_r[358]_i_1,LUT5,SLICE_X20Y243,SLICEM.A6LUT,32'h88888880
u_dut/t_r[35]_i_1,LUT6,SLICE_X31Y240,SLICEL.C6LUT,64'h8888888888888880
u_dut/t_r[361]_i_1,LUT6,SLICE_X19Y239,SLICEL.B6LUT,64'h8888888080808080
u_dut/t_r[362]_i_1,LUT5,SLICE_X20Y243,SLICEM.A5LUT,32'h88808080
u_dut/t_r[364]_i_1,LUT6,SLICE_X19Y239,SLICEL.A6LUT,64'h8000000000000000
u_dut/t_r[366]_i_1,LUT5,SLICE_X20Y243,SLICEM.B5LUT,32'h80000000
u_dut/t_r[366]_i_2,LUT5,SLICE_X21Y243,SLICEL.B5LUT,32'h88008000
u_dut/t_r[36]_i_1,LUT4,SLICE_X25Y240,SLICEL.A6LUT,16'hA800
u_dut/t_r[372]_i_1,LUT4,SLICE_X15Y243,SLICEL.C6LUT,16'h7FFF
u_dut/t_r[373]_i_1,LUT6,SLICE_X21Y243,SLICEL.D6LUT,64'hFF00FE0000000000
u_dut/t_r[373]_i_2,LUT2,SLICE_X26Y243,SLICEL.B5LUT,4'hE
u_dut/t_r[37]_i_1,LUT6,SLICE_X25Y240,SLICEL.B6LUT,64'hC888888800000000
u_dut/t_r[38]_i_1,LUT6,SLICE_X31Y240,SLICEL.A6LUT,64'h8888888000000000
u_dut/t_r[393]_i_1,LUT6,SLICE_X14Y217,SLICEM.B6LUT,64'hFFFFFFFFFFFFFF80
u_dut/t_r[396]_i_1,LUT6,SLICE_X16Y229,SLICEM.D6LUT,64'hFFFFFFFFFFFFFFA8
u_dut/t_r[399]_i_1,LUT6,SLICE_X20Y232,SLICEM.D6LUT,64'hFFFFFFFFFFFFE000
u_dut/t_r[39]_i_1,LUT4,SLICE_X25Y240,SLICEL.A5LUT,16'h8000
u_dut/t_r[400]_i_1,LUT6,SLICE_X13Y226,SLICEL.D6LUT,64'hFFFFFFFFFFFFFF80
u_dut/t_r[401]_i_1,LUT6,SLICE_X15Y230,SLICEL.D6LUT,64'hFFFFFFFFFFFF8000
u_dut/t_r[403]_i_1,LUT6,SLICE_X15Y230,SLICEL.A6LUT,64'hFFFFFFFEFF00FF00
u_dut/t_r[405]_i_1,LUT6,SLICE_X20Y222,SLICEM.D6LUT,64'hFFFFFFF8FF00FF00
u_dut/t_r[407]_i_1,LUT6,SLICE_X20Y224,SLICEM.A6LUT,64'hFFFFFFE0FF00FF00
u_dut/t_r[408]_i_1,LUT6,SLICE_X10Y227,SLICEM.D6LUT,64'hFFFAFEFAFEFAFEFA
u_dut/t_r[40]_i_1,LUT5,SLICE_X28Y240,SLICEL.D5LUT,32'hFFFEF0F0
u_dut/t_r[40]_i_2,LUT6,SLICE_X31Y240,SLICEL.B6LUT,64'h8000000000000000
u_dut/t_r[410]_i_1,LUT3,SLICE_X13Y222,SLICEL.A6LUT,8'hF8
u_dut/t_r[411]_i_1,LUT5,SLICE_X11Y222,SLICEL.A6LUT,32'h88888880
u_dut/t_r[412]_i_1,LUT4,SLICE_X11Y222,SLICEL.B6LUT,16'h8880
u_dut/t_r[413]_i_1,LUT3,SLICE_X11Y222,SLICEL.C6LUT,8'h80
u_dut/t_r[414]_i_1,LUT5,SLICE_X11Y222,SLICEL.D6LUT,32'hFFFFFFFE
u_dut/t_r[414]_i_2,LUT5,SLICE_X11Y222,SLICEL.A5LUT,32'h80808000
u_dut/t_r[415]_i_1,LUT5,SLICE_X11Y222,SLICEL.B5LUT,32'hFFFF8000
u_dut/t_r[417]_i_1,LUT6,SLICE_X20Y234,SLICEM.C6LUT,64'hFFFFF0F0FFFEF0F0
u_dut/t_r[418]_i_1,LUT4,SLICE_X15Y230,SLICEL.B6LUT,16'hF0E0
u_dut/t_r[419]_i_1,LUT6,SLICE_X20Y234,SLICEM.D6LUT,64'hFFFFF0F0FFF8F0F0
u_dut/t_r[41]_i_1,LUT5,SLICE_X27Y238,SLICEL.A6LUT,32'h88888880
u_dut/t_r[420]_i_1,LUT3,SLICE_X15Y220,SLICEL.B6LUT,8'hC8
u_dut/t_r[421]_i_1,LUT6,SLICE_X20Y229,SLICEM.D6LUT,64'hFFFEEEEEAAAAAAAA
u_dut/t_r[423]_i_1,LUT6,SLICE_X17Y231,SLICEL.D6LUT,64'hFEEEEEEEAAAAAAAA
u_dut/t_r[424]_i_1,LUT6,SLICE_X21Y233,SLICEL.B6LUT,64'hFFFEAAAAAAAAAAAA
u_dut/t_r[426]_i_1,LUT6,SLICE_X15Y230,SLICEL.C6LUT,64'h8080808080808000
u_dut/t_r[427]_i_1,LUT4,SLICE_X15Y230,SLICEL.B5LUT,16'h8000
u_dut/t_r[428]_i_1,LUT4,SLICE_X15Y220,SLICEL.D6LUT,16'hFFFE
u_dut/t_r[428]_i_2,LUT6,SLICE_X13Y217,SLICEL.A6LUT,64'h8000000000000000
u_dut/t_r[429]_i_1,LUT6,SLICE_X21Y233,SLICEL.C6LUT,64'hFFFFAAAAFFFEAAAA
u_dut/t_r[42]_i_1,LUT4,SLICE_X27Y238,SLICEL.B6LUT,16'h8880
u_dut/t_r[430]_i_1,LUT6,SLICE_X11Y221,SLICEL.A6LUT,64'hFEEEEEEE00000000
u_dut/t_r[431]_i_1,LUT6,SLICE_X21Y232,SLICEL.A6LUT,64'hFEEEAAAA00000000
u_dut/t_r[432]_i_1,LUT3,SLICE_X10Y221,SLICEM.A6LUT,8'hE0
u_dut/t_r[433]_i_1,LUT5,SLICE_X9Y230,SLICEL.A6LUT,32'hFAF80000
u_dut/t_r[435]_i_1,LUT6,SLICE_X9Y230,SLICEL.B6LUT,64'hEAAAAAAA00000000
u_dut/t_r[436]_i_1,LUT6,SLICE_X21Y233,SLICEL.D6LUT,64'hFFCCFECCCCCCCCCC
u_dut/t_r[437]_i_1,LUT4,SLICE_X9Y230,SLICEL.A5LUT,16'hC800
u_dut/t_r[438]_i_1,LUT6,SLICE_X17Y220,SLICEL.B6LUT,64'hFEAAAAAAEEAAAAAA
u_dut/t_r[438]_i_2,LUT2,SLICE_X15Y220,SLICEL.B5LUT,4'h8
u_dut/t_r[43]_i_1,LUT6,SLICE_X27Y238,SLICEL.C6LUT,64'hEAAA000000000000
u_dut/t_r[441]_i_1,LUT3,SLICE_X10Y222,SLICEM.C6LUT,8'hFE
u_dut/t_r[441]_i_2,LUT6,SLICE_X16Y219,SLICEM.C6LUT,64'h8000000000000000
u_dut/t_r[442]_i_1,LUT5,SLICE_X13Y222,SLICEL.A5LUT,32'hFFFE0000
u_dut/t_r[443]_i_1,LUT6,SLICE_X13Y222,SLICEL.D6LUT,64'hFEEEAAAA00000000
u_dut/t_r[444]_i_1,LUT6,SLICE_X13Y222,SLICEL.B6LUT,64'hFAFAFAF800000000
u_dut/t_r[445]_i_1,LUT6,SLICE_X13Y230,SLICEL.A6LUT,64'hFAF8F8F800000000
u_dut/t_r[449]_i_1,LUT6,SLICE_X16Y222,SLICEM.B6LUT,64'hFFFEEEEECCCCCCCC
u_dut/t_r[44]_i_1,LUT5,SLICE_X27Y238,SLICEL.A5LUT,32'hA8000000
u_dut/t_r[450]_i_1,LUT4,SLICE_X11Y222,SLICEL.D5LUT,16'hFFF8
u_dut/t_r[450]_i_2,LUT6,SLICE_X13Y222,SLICEL.C6LUT,64'hA800000000000000
u_dut/t_r[451]_i_1,LUT6,SLICE_X19Y223,SLICEL.D6LUT,64'hFFFE000000000000
u_dut/t_r[453]_i_1,LUT6,SLICE_X18Y233,SLICEM.A6LUT,64'hFEEE000000000000
u_dut/t_r[454]_i_1,LUT6,SLICE_X18Y233,SLICEM.B6LUT,64'hFAF8000000000000
u_dut/t_r[456]_i_1,LUT6,SLICE_X18Y222,SLICEM.A6LUT,64'hFEEEEEEEAAAAAAAA
u_dut/t_r[457]_i_1,LUT6,SLICE_X18Y233,SLICEM.C6LUT,64'hCCC8000000000000
u_dut/t_r[458]_i_1,LUT5,SLICE_X18Y233,SLICEM.D6LUT,32'hC8000000
u_dut/t_r[45]_i_1,LUT6,SLICE_X27Y238,SLICEL.D6LUT,64'hFFFFFFF8FF00FF00
u_dut/t_r[45]_i_2,LUT4,SLICE_X27Y238,SLICEL.B5LUT,16'h8000
u_dut/t_r[460]_i_1,LUT4,SLICE_X19Y223,SLICEL.A6LUT,16'h8000
u_dut/t_r[461]_i_1,LUT6,SLICE_X16Y222,SLICEM.C6LUT,64'hFFEEEEEEFEEEEEEE
u_dut/t_r[462]_i_1,LUT5,SLICE_X18Y233,SLICEM.D5LUT,32'h80000000
u_dut/t_r[463]_i_1,LUT6,SLICE_X19Y223,SLICEL.B6LUT,64'h8000000000000000
u_dut/t_r[464]_i_1,LUT2,SLICE_X16Y221,SLICEM.B6LUT,4'hE
u_dut/t_r[464]_i_2,LUT6,SLICE_X19Y223,SLICEL.C6LUT,64'h8000000000000000
u_dut/t_r[466]_i_1,LUT6,SLICE_X8Y233,SLICEM.D6LUT,64'hFFFFF0F0FFFEF0F0
u_dut/t_r[467]_i_1,LUT6,SLICE_X18Y230,SLICEM.D6LUT,64'hFFFFF0F0FFFEF0F0
u_dut/t_r[468]_i_1,LUT6,SLICE_X9Y233,SLICEL.C6LUT,64'hFFFFFFF8F0F0F0F0
u_dut/t_r[469]_i_1,LUT6,SLICE_X18Y221,SLICEM.B6LUT,64'hFFFFFF80FF00FF00
u_dut/t_r[46]_i_1,LUT6,SLICE_X27Y240,SLICEL.D6LUT,64'hFAF8F8F800000000
u_dut/t_r[471]_i_1,LUT6,SLICE_X8Y234,SLICEM.C6LUT,64'hFAFAFAF800000000
u_dut/t_r[472]_i_1,LUT5,SLICE_X9Y225,SLICEL.A6LUT,32'hFAF80000
u_dut/t_r[473]_i_1,LUT6,SLICE_X16Y232,SLICEM.A6LUT,64'hFAF8F8F800000000
u_dut/t_r[474]_i_1,LUT6,SLICE_X18Y232,SLICEM.D6LUT,64'hFFFFFF80FF00FF00
u_dut/t_r[475]_i_1,LUT6,SLICE_X20Y222,SLICEM.A6LUT,64'hFFFFFF80FF00FF00
u_dut/t_r[476]_i_1,LUT6,SLICE_X18Y220,SLICEM.D6LUT,64'hFFFFFF80FF00FF00
u_dut/t_r[477]_i_1,LUT2,SLICE_X8Y234,SLICEM.D6LUT,4'h8
u_dut/t_r[478]_i_1,LUT6,SLICE_X8Y234,SLICEM.A6LUT,64'hF0F00000F0E00000
u_dut/t_r[47]_i_1,LUT6,SLICE_X22Y243,SLICEM.D6LUT,64'h8080808080808000
u_dut/t_r[481]_i_1,LUT4,SLICE_X8Y234,SLICEM.B6LUT,16'hC800
u_dut/t_r[482]_i_1,LUT6,SLICE_X9Y233,SLICEL.D6LUT,64'hFEAAEEAAAAAAAAAA
u_dut/t_r[484]_i_1,LUT6,SLICE_X17Y221,SLICEL.A6LUT,64'hFF00800000000000
u_dut/t_r[486]_i_1,LUT6,SLICE_X11Y231,SLICEL.C6LUT,64'hFCECCCCCCCCCCCCC
u_dut/t_r[487]_i_1,LUT6,SLICE_X18Y223,SLICEM.D6LUT,64'hFCECCCCCCCCCCCCC
u_dut/t_r[48]_i_1,LUT5,SLICE_X22Y243,SLICEM.A6LUT,32'hA8000000
u_dut/t_r[490]_i_1,LUT4,SLICE_X8Y234,SLICEM.B5LUT,16'h8000
u_dut/t_r[491]_i_1,LUT6,SLICE_X17Y221,SLICEL.B6LUT,64'h8000800080000000
u_dut/t_r[493]_i_1,LUT5,SLICE_X9Y225,SLICEL.A5LUT,32'h80000000
u_dut/t_r[494]_i_1,LUT4,SLICE_X16Y221,SLICEM.B5LUT,16'hFFA8
u_dut/t_r[494]_i_2,LUT6,SLICE_X8Y231,SLICEM.A6LUT,64'h8000000000000000
u_dut/t_r[497]_i_1,LUT6,SLICE_X16Y218,SLICEM.A6LUT,64'hFFFEAAAAAAAAAAAA
u_dut/t_r[502]_i_1,LUT6,SLICE_X11Y231,SLICEL.D6LUT,64'hFFF0F0F0F8F0F0F0
u_dut/t_r[505]_i_1,LUT6,SLICE_X16Y218,SLICEM.B6LUT,64'hFFFFFFFF88800000
u_dut/t_r[505]_i_2,LUT2,SLICE_X16Y218,SLICEM.C6LUT,4'h8
u_dut/t_r[505]_i_3,LUT6,SLICE_X16Y218,SLICEM.D6LUT,64'hFFFFFFE0FF00FF00
u_dut/t_r[507]_i_1,LUT6,SLICE_X18Y224,SLICEM.D6LUT,64'hFFF0F0F0F8F0F0F0
u_dut/t_r[509]_i_1,LUT6,SLICE_X13Y232,SLICEL.C6LUT,64'hFAF8000000000000
u_dut/t_r[50]_i_1,LUT6,SLICE_X22Y243,SLICEM.B6LUT,64'hAAA8000000000000
u_dut/t_r[510]_i_1,LUT6,SLICE_X13Y232,SLICEL.A6LUT,64'hFAF8000000000000
u_dut/t_r[511]_i_1,LUT6,SLICE_X9Y223,SLICEL.A6LUT,64'hEAEAEAAA00000000
u_dut/t_r[511]_i_2,LUT2,SLICE_X9Y223,SLICEL.B6LUT,4'h8
u_dut/t_r[512]_i_1,LUT6,SLICE_X13Y232,SLICEL.B6LUT,64'hEAAA000000000000
u_dut/t_r[514]_i_1,LUT6,SLICE_X17Y222,SLICEL.C6LUT,64'hFFF8F0F0F8F8F0F0
u_dut/t_r[515]_i_1,LUT6,SLICE_X18Y222,SLICEM.B6LUT,64'hFFF8F0F0F8F8F0F0
u_dut/t_r[519]_i_1,LUT6,SLICE_X17Y220,SLICEL.C6LUT,64'hFEAAAAAAAAAAAAAA
u_dut/t_r[519]_i_2,LUT6,SLICE_X17Y221,SLICEL.C6LUT,64'hFFFFFF80FF00FF00
u_dut/t_r[51]_i_1,LUT5,SLICE_X22Y243,SLICEM.A5LUT,32'h80000000
u_dut/t_r[526]_i_1,LUT4,SLICE_X9Y223,SLICEL.B5LUT,16'h8000
u_dut/t_r[52]_i_1,LUT4,SLICE_X24Y243,SLICEL.D6LUT,16'hFECC
u_dut/t_r[52]_i_2,LUT6,SLICE_X22Y243,SLICEM.C6LUT,64'h8000000000000000
u_dut/t_r[531]_i_1,LUT3,SLICE_X10Y222,SLICEM.C5LUT,8'hF8
u_dut/t_r[531]_i_2,LUT6,SLICE_X16Y221,SLICEM.A6LUT,64'h8000000000000000
u_dut/t_r[536]_i_1,LUT6,SLICE_X15Y231,SLICEL.C6LUT,64'hFFF0F0F0F8F0F0F0
u_dut/t_r[537]_i_1,LUT6,SLICE_X15Y231,SLICEL.D6LUT,64'hFFF0F0F0F8F0F0F0
u_dut/t_r[537]_i_2,LUT2,SLICE_X11Y222,SLICEL.C5LUT,4'h8
u_dut/t_r[538]_i_1,LUT6,SLICE_X19Y222,SLICEL.D6LUT,64'h8888808088888000
u_dut/t_r[539]_i_1,LUT6,SLICE_X18Y222,SLICEM.C6LUT,64'hFFEAEAEAAAAAAAAA
u_dut/t_r[53]_i_1,LUT6,SLICE_X23Y241,SLICEL.C6LUT,64'h8888888888888880
u_dut/t_r[540]_i_1,LUT6,SLICE_X19Y224,SLICEL.A6LUT,64'hCC00C80000000000
u_dut/t_r[541]_i_1,LUT6,SLICE_X19Y222,SLICEL.A6LUT,64'hEEEAAAAA00000000
u_dut/t_r[541]_i_2,LUT3,SLICE_X19Y223,SLICEL.A5LUT,8'h80
u_dut/t_r[542]_i_1,LUT4,SLICE_X15Y220,SLICEL.D5LUT,16'hFF80
u_dut/t_r[542]_i_2,LUT6,SLICE_X19Y222,SLICEL.B6LUT,64'hA800000000000000
u_dut/t_r[544]_i_1,LUT6,SLICE_X15Y223,SLICEL.D6LUT,64'hFFFFFFFFF8000000
u_dut/t_r[545]_i_1,LUT6,SLICE_X17Y222,SLICEL.D6LUT,64'hFFEAEAEAAAAAAAAA
u_dut/t_r[545]_i_2,LUT3,SLICE_X18Y219,SLICEM.A6LUT,8'h80
u_dut/t_r[545]_i_3,LUT3,SLICE_X19Y222,SLICEL.C6LUT,8'h80
u_dut/t_r[546]_i_1,LUT6,SLICE_X18Y222,SLICEM.D6LUT,64'hFFEAAAAAEAEAAAAA
u_dut/t_r[547]_i_1,LUT6,SLICE_X20Y222,SLICEM.B6LUT,64'hFFFFFFFF80000000
u_dut/t_r[548]_i_1,LUT6,SLICE_X18Y219,SLICEM.B6LUT,64'hFFFFFFFFAAAAAAA8
u_dut/t_r[549]_i_1,LUT6,SLICE_X20Y219,SLICEM.D6LUT,64'hFF00FF00FF00FE00
u_dut/t_r[54]_i_1,LUT6,SLICE_X23Y241,SLICEL.A6LUT,64'h8888888088808880
u_dut/t_r[551]_i_1,LUT6,SLICE_X18Y221,SLICEM.C6LUT,64'hFEAAEEAAAAAAAAAA
u_dut/t_r[551]_i_2,LUT3,SLICE_X12Y221,SLICEM.A6LUT,8'hFE
u_dut/t_r[552]_i_1,LUT6,SLICE_X18Y221,SLICEM.D6LUT,64'hFEEEAAAAAAAAAAAA
u_dut/t_r[552]_i_2,LUT4,SLICE_X14Y217,SLICEM.A6LUT,16'hF0E0
u_dut/t_r[552]_i_3,LUT2,SLICE_X17Y220,SLICEL.D6LUT,4'hE
u_dut/t_r[553]_i_1,LUT6,SLICE_X12Y219,SLICEM.A6LUT,64'hFFFE000000000000
u_dut/t_r[554]_i_1,LUT6,SLICE_X18Y219,SLICEM.C6LUT,64'hFAAAEAAAEAAAEAAA
u_dut/t_r[555]_i_1,LUT5,SLICE_X13Y219,SLICEL.A6LUT,32'h88808080
u_dut/t_r[556]_i_1,LUT6,SLICE_X13Y219,SLICEL.B6LUT,64'h8800880088008000
u_dut/t_r[558]_i_1,LUT3,SLICE_X12Y219,SLICEM.B6LUT,8'hC8
u_dut/t_r[558]_i_2,LUT6,SLICE_X13Y219,SLICEL.C6LUT,64'h8000000000000000
u_dut/t_r[559]_i_1,LUT5,SLICE_X14Y217,SLICEM.A5LUT,32'hF0C0E0C0
u_dut/t_r[55]_i_1,LUT5,SLICE_X27Y239,SLICEL.A6LUT,32'hEA000000
u_dut/t_r[560]_i_1,LUT5,SLICE_X20Y223,SLICEM.C6LUT,32'hF0C0E0C0
u_dut/t_r[561]_i_1,LUT5,SLICE_X10Y222,SLICEM.B6LUT,32'hF0C0E0C0
u_dut/t_r[566]_i_1,LUT6,SLICE_X20Y222,SLICEM.C6LUT,64'hFFFF0000F8000000
u_dut/t_r[566]_i_2,LUT2,SLICE_X10Y222,SLICEM.B5LUT,4'h8
u_dut/t_r[567]_i_1,LUT5,SLICE_X20Y223,SLICEM.C5LUT,32'hFF008000
u_dut/t_r[56]_i_1,LUT3,SLICE_X23Y241,SLICEL.D6LUT,8'h80
u_dut/t_r[575]_i_1,LUT6,SLICE_X12Y221,SLICEM.B6LUT,64'hFE00EE0000000000
u_dut/t_r[575]_i_2,LUT3,SLICE_X12Y221,SLICEM.A5LUT,8'hF8
u_dut/t_r[578]_i_1,LUT6,SLICE_X12Y221,SLICEM.C6LUT,64'hFFA8A8A800000000
u_dut/t_r[578]_i_2,LUT2,SLICE_X14Y214,SLICEM.A6LUT,4'hE
u_dut/t_r[578]_i_3,LUT2,SLICE_X10Y221,SLICEM.A5LUT,4'h8
u_dut/t_r[578]_i_4,LUT3,SLICE_X16Y218,SLICEM.C5LUT,8'h80
u_dut/t_r[578]_i_5,LUT2,SLICE_X19Y222,SLICEL.C5LUT,4'hE
u_dut/t_r[57]_i_1,LUT6,SLICE_X23Y241,SLICEL.B6LUT,64'h8080800080008000
u_dut/t_r[580]_i_1,LUT5,SLICE_X14Y214,SLICEM.A5LUT,32'hF8000000
u_dut/t_r[580]_i_2,LUT6,SLICE_X14Y214,SLICEM.B6LUT,64'hFFFFFF80FF00FF00
u_dut/t_r[581]_i_1,LUT6,SLICE_X18Y219,SLICEM.D6LUT,64'hCC00CC00C0008000
u_dut/t_r[581]_i_2,LUT2,SLICE_X13Y219,SLICEL.A5LUT,4'hE
u_dut/t_r[581]_i_3,LUT3,SLICE_X18Y219,SLICEM.A5LUT,8'h80
u_dut/t_r[582]_i_1,LUT5,SLICE_X37Y224,SLICEL.A6LUT,32'hFFFFFFFE
u_dut/t_r[583]_i_1,LUT4,SLICE_X18Y227,SLICEM.A6LUT,16'hFFFE
u_dut/t_r[584]_i_1,LUT5,SLICE_X18Y227,SLICEM.B6LUT,32'hFFFFFFEA
u_dut/t_r[585]_i_1,LUT3,SLICE_X36Y228,SLICEL.A6LUT,8'hFE
u_dut/t_r[587]_i_1,LUT4,SLICE_X36Y228,SLICEL.B6LUT,16'hFFF8
u_dut/t_r[588]_i_1,LUT5,SLICE_X24Y228,SLICEL.A6LUT,32'hFFFFFF80
u_dut/t_r[58]_i_1,LUT6,SLICE_X27Y239,SLICEL.B6LUT,64'hE000000000000000
u_dut/t_r[590]_i_1,LUT5,SLICE_X24Y228,SLICEL.B6LUT,32'hFFFEF0F0
u_dut/t_r[591]_i_1,LUT4,SLICE_X19Y227,SLICEL.A6LUT,16'hFECC
u_dut/t_r[592]_i_1,LUT5,SLICE_X24Y228,SLICEL.C6LUT,32'hFFFFAA80
u_dut/t_r[593]_i_1,LUT3,SLICE_X28Y231,SLICEL.D6LUT,8'hF8
u_dut/t_r[594]_i_1,LUT5,SLICE_X24Y228,SLICEL.B5LUT,32'hFFFFE000
u_dut/t_r[595]_i_1,LUT4,SLICE_X18Y227,SLICEM.C6LUT,16'hFF80
u_dut/t_r[597]_i_1,LUT5,SLICE_X36Y228,SLICEL.B5LUT,32'hFAFAFAEA
u_dut/t_r[598]_i_1,LUT5,SLICE_X35Y225,SLICEL.B6LUT,32'hFF00F800
u_dut/t_r[599]_i_1,LUT5,SLICE_X18Y227,SLICEM.B5LUT,32'hFF00E000
u_dut/t_r[59]_i_1,LUT6,SLICE_X27Y239,SLICEL.D6LUT,64'hFFFFFFC8FF00FF00
u_dut/t_r[59]_i_2,LUT6,SLICE_X27Y239,SLICEL.C6LUT,64'h8000000000000000
u_dut/t_r[5]_i_1,LUT6,SLICE_X34Y231,SLICEL.B6LUT,64'hFFFFAAAAEEEAAAAA
u_dut/t_r[600]_i_1,LUT5,SLICE_X24Y228,SLICEL.A5LUT,32'hFF008000
u_dut/t_r[601]_i_1,LUT4,SLICE_X18Y227,SLICEM.C5LUT,16'hE000
u_dut/t_r[602]_i_1,LUT3,SLICE_X18Y227,SLICEM.A5LUT,8'h80
u_dut/t_r[603]_i_1,LUT5,SLICE_X37Y228,SLICEL.B6LUT,32'hFFFFFFFE
u_dut/t_r[603]_i_2,LUT5,SLICE_X24Y228,SLICEL.C5LUT,32'h80000000
u_dut/t_r[604]_i_1,LUT5,SLICE_X19Y227,SLICEL.A5LUT,32'hFFFE0000
u_dut/t_r[605]_i_1,LUT6,SLICE_X39Y229,SLICEL.C6LUT,64'hFFFEEEEE00000000
u_dut/t_r[606]_i_1,LUT3,SLICE_X19Y227,SLICEL.B6LUT,8'hE0
u_dut/t_r[607]_i_1,LUT4,SLICE_X19Y227,SLICEL.B5LUT,16'hEA00
u_dut/t_r[608]_i_1,LUT6,SLICE_X19Y227,SLICEL.C6LUT,64'hEAAAAAAA00000000
u_dut/t_r[609]_i_1,LUT6,SLICE_X19Y227,SLICEL.D6LUT,64'hCCC8C8C800000000
u_dut/t_r[610]_i_1,LUT6,SLICE_X39Y229,SLICEL.A6LUT,64'hC888888800000000
u_dut/t_r[611]_i_1,LUT4,SLICE_X37Y229,SLICEL.C6LUT,16'hFFFE
u_dut/t_r[611]_i_2,LUT6,SLICE_X39Y229,SLICEL.B6LUT,64'h8080800080008000
u_dut/t_r[613]_i_1,LUT4,SLICE_X39Y228,SLICEL.A6LUT,16'hFE00
u_dut/t_r[614]_i_1,LUT3,SLICE_X39Y228,SLICEL.A5LUT,8'hE0
u_dut/t_r[615]_i_1,LUT6,SLICE_X38Y229,SLICEM.D6LUT,64'hEAEAEAAA00000000
u_dut/t_r[616]_i_1,LUT6,SLICE_X36Y227,SLICEL.A6LUT,64'hFFFECCCCEEEECCCC
u_dut/t_r[617]_i_1,LUT6,SLICE_X38Y229,SLICEM.A6LUT,64'hC8C8C88800000000
u_dut/t_r[618]_i_1,LUT6,SLICE_X38Y229,SLICEM.B6LUT,64'h8080808080808000
u_dut/t_r[619]_i_1,LUT5,SLICE_X37Y228,SLICEL.B5LUT,32'hFFFFFFF8
u_dut/t_r[619]_i_2,LUT6,SLICE_X38Y229,SLICEM.C6LUT,64'h8000800080000000
u_dut/t_r[61]_i_1,LUT5,SLICE_X35Y239,SLICEL.D5LUT,32'hA8000000
u_dut/t_r[620]_i_1,LUT6,SLICE_X24Y229,SLICEL.C6LUT,64'hFFFFFFFE00000000
u_dut/t_r[621]_i_1,LUT5,SLICE_X24Y229,SLICEL.A6LUT,32'hFE000000
u_dut/t_r[622]_i_1,LUT6,SLICE_X24Y229,SLICEL.B6LUT,64'hFEEEEEEE00000000
u_dut/t_r[623]_i_1,LUT6,SLICE_X21Y236,SLICEL.A6LUT,64'hFAF8000000000000
u_dut/t_r[624]_i_1,LUT5,SLICE_X24Y229,SLICEL.A5LUT,32'hEA000000
u_dut/t_r[625]_i_1,LUT6,SLICE_X21Y236,SLICEL.B6LUT,64'hEAAA000000000000
u_dut/t_r[626]_i_1,LUT3,SLICE_X36Y230,SLICEL.D6LUT,8'h80
u_dut/t_r[627]_i_1,LUT5,SLICE_X23Y233,SLICEL.A6LUT,32'h80808000
u_dut/t_r[628]_i_1,LUT4,SLICE_X23Y233,SLICEL.B6LUT,16'h8000
u_dut/t_r[629]_i_1,LUT6,SLICE_X23Y233,SLICEL.C6LUT,64'hA800000000000000
u_dut/t_r[62]_i_1,LUT5,SLICE_X33Y242,SLICEL.A5LUT,32'hC8000000
u_dut/t_r[630]_i_1,LUT5,SLICE_X23Y233,SLICEL.D6LUT,32'hFFFF8000
u_dut/t_r[630]_i_2,LUT5,SLICE_X23Y233,SLICEL.A5LUT,32'h80000000
u_dut/t_r[631]_i_1,LUT4,SLICE_X21Y234,SLICEL.A6LUT,16'h8000
u_dut/t_r[632]_i_1,LUT6,SLICE_X21Y234,SLICEL.B6LUT,64'h8080808080808000
u_dut/t_r[633]_i_1,LUT6,SLICE_X36Y230,SLICEL.A6LUT,64'h8000800080000000
u_dut/t_r[634]_i_1,LUT6,SLICE_X36Y230,SLICEL.B6LUT,64'h8080800080008000
u_dut/t_r[635]_i_1,LUT5,SLICE_X21Y234,SLICEL.A5LUT,32'h80000000
u_dut/t_r[636]_i_1,LUT6,SLICE_X21Y236,SLICEL.C6LUT,64'hA800000000000000
u_dut/t_r[637]_i_1,LUT6,SLICE_X21Y234,SLICEL.C6LUT,64'h8000000000000000
u_dut/t_r[638]_i_1,LUT6,SLICE_X21Y236,SLICEL.D6LUT,64'h8000000000000000
u_dut/t_r[639]_i_1,LUT3,SLICE_X36Y228,SLICEL.C6LUT,8'hFE
u_dut/t_r[63]_i_1,LUT6,SLICE_X33Y242,SLICEL.C6LUT,64'hAAA8000000000000
u_dut/t_r[640]_i_1,LUT6,SLICE_X27Y230,SLICEL.B6LUT,64'hFFFFFFFE00000000
u_dut/t_r[641]_i_1,LUT5,SLICE_X19Y234,SLICEL.A6LUT,32'hFFFE0000
u_dut/t_r[642]_i_1,LUT6,SLICE_X30Y231,SLICEL.A6LUT,64'hFFFFFEEE00000000
u_dut/t_r[643]_i_1,LUT4,SLICE_X30Y231,SLICEL.B6LUT,16'hFE00
u_dut/t_r[644]_i_1,LUT6,SLICE_X34Y232,SLICEL.B6LUT,64'hFFFEEEEE00000000
u_dut/t_r[645]_i_1,LUT5,SLICE_X19Y234,SLICEL.B6LUT,32'hFEEE0000
u_dut/t_r[646]_i_1,LUT6,SLICE_X30Y231,SLICEL.C6LUT,64'hFEEEEEEE00000000
u_dut/t_r[647]_i_1,LUT3,SLICE_X25Y237,SLICEL.A6LUT,8'hE0
u_dut/t_r[648]_i_1,LUT6,SLICE_X25Y237,SLICEL.B6LUT,64'hFAFAFAF800000000
u_dut/t_r[649]_i_1,LUT6,SLICE_X19Y234,SLICEL.C6LUT,64'hFEEEAAAA00000000
u_dut/t_r[64]_i_1,LUT6,SLICE_X33Y242,SLICEL.B6LUT,64'h8080800080008000
u_dut/t_r[650]_i_1,LUT4,SLICE_X30Y231,SLICEL.B5LUT,16'hEA00
u_dut/t_r[651]_i_1,LUT5,SLICE_X19Y234,SLICEL.B5LUT,32'hEAAA0000
u_dut/t_r[652]_i_1,LUT2,SLICE_X25Y237,SLICEL.A5LUT,4'h8
u_dut/t_r[653]_i_1,LUT6,SLICE_X21Y235,SLICEL.D6LUT,64'hFFF0FEF0F0F0F0F0
u_dut/t_r[654]_i_1,LUT5,SLICE_X28Y231,SLICEL.D5LUT,32'hFCECCCCC
u_dut/t_r[655]_i_1,LUT5,SLICE_X25Y237,SLICEL.C6LUT,32'hF0800000
u_dut/t_r[656]_i_1,LUT3,SLICE_X36Y229,SLICEL.A6LUT,8'h80
u_dut/t_r[657]_i_1,LUT6,SLICE_X34Y232,SLICEL.C6LUT,64'h8080808080808000
u_dut/t_r[658]_i_1,LUT6,SLICE_X19Y234,SLICEL.D6LUT,64'h8080800080008000
u_dut/t_r[659]_i_1,LUT4,SLICE_X19Y234,SLICEL.A5LUT,16'h8000
u_dut/t_r[65]_i_1,LUT5,SLICE_X34Y241,SLICEL.B5LUT,32'hFFF8F0F0
u_dut/t_r[65]_i_2,LUT6,SLICE_X34Y241,SLICEL.A6LUT,64'h8000000000000000
u_dut/t_r[660]_i_1,LUT6,SLICE_X30Y231,SLICEL.D6LUT,64'hA800000000000000
u_dut/t_r[661]_i_1,LUT5,SLICE_X25Y237,SLICEL.C5LUT,32'h80000000
u_dut/t_r[662]_i_1,LUT5,SLICE_X37Y229,SLICEL.C5LUT,32'hFFEEFEEE
u_dut/t_r[662]_i_2,LUT6,SLICE_X27Y230,SLICEL.A6LUT,64'h8000000000000000
u_dut/t_r[663]_i_1,LUT2,SLICE_X37Y227,SLICEL.A6LUT,4'h8
u_dut/t_r[664]_i_1,LUT6,SLICE_X19Y236,SLICEL.D6LUT,64'hFFFFFFFE00000000
u_dut/t_r[665]_i_1,LUT6,SLICE_X36Y229,SLICEL.B6LUT,64'hFFFE000000000000
u_dut/t_r[666]_i_1,LUT6,SLICE_X23Y237,SLICEL.A6LUT,64'hFFFFFEEE00000000
u_dut/t_r[667]_i_1,LUT5,SLICE_X19Y236,SLICEL.A6LUT,32'hFE000000
u_dut/t_r[668]_i_1,LUT6,SLICE_X19Y236,SLICEL.B6LUT,64'hFFFEEEEE00000000
u_dut/t_r[669]_i_1,LUT6,SLICE_X23Y237,SLICEL.B6LUT,64'hFEEE000000000000
u_dut/t_r[66]_i_1,LUT3,SLICE_X29Y237,SLICEL.C5LUT,8'h80
u_dut/t_r[670]_i_1,LUT6,SLICE_X23Y237,SLICEL.C6LUT,64'hFEEEEEEE00000000
u_dut/t_r[671]_i_1,LUT4,SLICE_X36Y229,SLICEL.A5LUT,16'hE000
u_dut/t_r[672]_i_1,LUT6,SLICE_X39Y230,SLICEL.A6LUT,64'hFAFAFAF800000000
u_dut/t_r[673]_i_1,LUT6,SLICE_X19Y232,SLICEL.A6LUT,64'hFAF8000000000000
u_dut/t_r[674]_i_1,LUT6,SLICE_X19Y236,SLICEL.C6LUT,64'hFEEEAAAA00000000
u_dut/t_r[675]_i_1,LUT5,SLICE_X19Y236,SLICEL.A5LUT,32'hEA000000
u_dut/t_r[676]_i_1,LUT6,SLICE_X36Y229,SLICEL.C6LUT,64'hEAEAEAAA00000000
u_dut/t_r[677]_i_1,LUT6,SLICE_X23Y237,SLICEL.D6LUT,64'hEAAA000000000000
u_dut/t_r[678]_i_1,LUT3,SLICE_X39Y230,SLICEL.B6LUT,8'h80
u_dut/t_r[679]_i_1,LUT6,SLICE_X30Y237,SLICEL.D6LUT,64'hFFFEAAAAAAAAAAAA
u_dut/t_r[67]_i_1,LUT6,SLICE_X29Y238,SLICEL.D6LUT,64'hFECCCCCCCCCCCCCC
u_dut/t_r[680]_i_1,LUT6,SLICE_X28Y237,SLICEL.D6LUT,64'hFAEAEAEAAAAAAAAA
u_dut/t_r[681]_i_1,LUT4,SLICE_X37Y227,SLICEL.C6LUT,16'hFFF8
u_dut/t_r[681]_i_2,LUT5,SLICE_X36Y229,SLICEL.D6LUT,32'h80000000
u_dut/t_r[682]_i_1,LUT6,SLICE_X37Y224,SLICEL.B6LUT,64'hFFFCFEFCFCFCFCFC
u_dut/t_r[683]_i_1,LUT6,SLICE_X34Y225,SLICEL.D6LUT,64'hFFFCFEFCFCFCFCFC
u_dut/t_r[684]_i_1,LUT6,SLICE_X35Y229,SLICEL.A6LUT,64'hFFFFFFF8FFF0FFF0
u_dut/t_r[684]_i_2,LUT2,SLICE_X35Y229,SLICEL.D6LUT,4'hE
u_dut/t_r[685]_i_1,LUT6,SLICE_X25Y226,SLICEL.A6LUT,64'hFFFFFFFFFFFF8000
u_dut/t_r[686]_i_1,LUT6,SLICE_X25Y226,SLICEL.B6LUT,64'hFFFFFFFFFFFF8000
u_dut/t_r[687]_i_1,LUT2,SLICE_X25Y223,SLICEL.D6LUT,4'hE
u_dut/t_r[688]_i_1,LUT6,SLICE_X36Y226,SLICEL.D6LUT,64'hFFFFFEEE00000000
u_dut/t_r[689]_i_1,LUT6,SLICE_X36Y226,SLICEL.A6LUT,64'hFEEEEEEE00000000
u_dut/t_r[690]_i_1,LUT6,SLICE_X24Y226,SLICEL.D6LUT,64'hFFFEFEFECCCCCCCC
u_dut/t_r[691]_i_1,LUT6,SLICE_X24Y227,SLICEL.D6LUT,64'hFFFEFEFECCCCCCCC
u_dut/t_r[692]_i_1,LUT6,SLICE_X37Y224,SLICEL.C6LUT,64'hFFCCFFC0FFC8FFC0
u_dut/t_r[693]_i_1,LUT6,SLICE_X26Y224,SLICEL.D6LUT,64'hFFCCFFC0FFC8FFC0
u_dut/t_r[694]_i_1,LUT6,SLICE_X36Y226,SLICEL.B6LUT,64'h8080808080808000
u_dut/t_r[695]_i_1,LUT4,SLICE_X37Y227,SLICEL.A5LUT,16'h8000
u_dut/t_r[696]_i_1,LUT3,SLICE_X37Y227,SLICEL.C5LUT,8'hF8
u_dut/t_r[696]_i_2,LUT6,SLICE_X36Y226,SLICEL.C6LUT,64'h8000000000000000
u_dut/t_r[697]_i_1,LUT6,SLICE_X27Y229,SLICEL.C6LUT,64'hFFFFCC00FFFFC800
u_dut/t_r[698]_i_1,LUT6,SLICE_X36Y227,SLICEL.B6LUT,64'hFFF0F8F0F0F0F0F0
u_dut/t_r[698]_i_2,LUT3,SLICE_X37Y226,SLICEL.A6LUT,8'hF8
u_dut/t_r[698]_i_3,LUT4,SLICE_X37Y227,SLICEL.B6LUT,16'hFF80
u_dut/t_r[699]_i_1,LUT6,SLICE_X20Y227,SLICEM.C6LUT,64'hFFF0F8F0F0F0F0F0
u_dut/t_r[69]_i_1,LUT6,SLICE_X25Y238,SLICEL.C6LUT,64'hFAFAFAEAAAAAAAAA
u_dut/t_r[6]_i_1,LUT5,SLICE_X34Y240,SLICEL.B5LUT,32'hFEEE0000
u_dut/t_r[700]_i_1,LUT6,SLICE_X37Y229,SLICEL.A6LUT,64'hFFF0F8F0F8F0F8F0
u_dut/t_r[700]_i_2,LUT4,SLICE_X36Y229,SLICEL.D5LUT,16'h8000
u_dut/t_r[701]_i_1,LUT6,SLICE_X25Y226,SLICEL.C6LUT,64'hFEAAAAAAAAAAAAAA
u_dut/t_r[702]_i_1,LUT6,SLICE_X26Y229,SLICEL.D6LUT,64'hFFAAAAAAEAAAAAAA
u_dut/t_r[703]_i_1,LUT6,SLICE_X37Y224,SLICEL.D6LUT,64'hFFFFFFFF80000000
u_dut/t_r[703]_i_2,LUT5,SLICE_X37Y224,SLICEL.A5LUT,32'hFFFFFFA8
u_dut/t_r[704]_i_1,LUT6,SLICE_X23Y224,SLICEL.D6LUT,64'hFFFFFFFF80000000
u_dut/t_r[705]_i_1,LUT6,SLICE_X35Y225,SLICEL.C6LUT,64'hFFFF0000FFFE0000
u_dut/t_r[706]_i_1,LUT6,SLICE_X37Y226,SLICEL.D6LUT,64'hFFFFFEEE00000000
u_dut/t_r[707]_i_1,LUT6,SLICE_X37Y226,SLICEL.B6LUT,64'hFEEEEEEE00000000
u_dut/t_r[708]_i_1,LUT6,SLICE_X36Y227,SLICEL.C6LUT,64'hFF00FF00FF00F800
u_dut/t_r[709]_i_1,LUT6,SLICE_X20Y223,SLICEM.D6LUT,64'hFF00FF00FF00F800
u_dut/t_r[70]_i_1,LUT6,SLICE_X38Y239,SLICEM.C6LUT,64'hFFF8F0F0F0F0F0F0
u_dut/t_r[710]_i_1,LUT6,SLICE_X36Y227,SLICEL.D6LUT,64'hFFFFFFFFFF800000
u_dut/t_r[710]_i_2,LUT3,SLICE_X37Y226,SLICEL.A5LUT,8'hFE
u_dut/t_r[712]_i_1,LUT6,SLICE_X24Y225,SLICEL.D6LUT,64'hFF00FC00FE00FC00
u_dut/t_r[714]_i_1,LUT6,SLICE_X20Y227,SLICEM.D6LUT,64'hFF00FC00FE00FC00
u_dut/t_r[717]_i_1,LUT6,SLICE_X33Y228,SLICEL.A6LUT,64'h8888808088888000
u_dut/t_r[717]_i_2,LUT2,SLICE_X23Y233,SLICEL.B5LUT,4'h8
u_dut/t_r[719]_i_1,LUT5,SLICE_X37Y226,SLICEL.C6LUT,32'h80000000
u_dut/t_r[720]_i_1,LUT3,SLICE_X36Y228,SLICEL.C5LUT,8'hE0
u_dut/t_r[721]_i_1,LUT6,SLICE_X28Y228,SLICEL.D6LUT,64'hFF00CC00FF00C800
u_dut/t_r[722]_i_1,LUT6,SLICE_X37Y229,SLICEL.B6LUT,64'hFFFFFFFF88800000
u_dut/t_r[722]_i_2,LUT5,SLICE_X37Y227,SLICEL.B5LUT,32'hF0E0C0C0
u_dut/t_r[723]_i_1,LUT6,SLICE_X35Y225,SLICEL.D6LUT,64'hFF00F800F000F000
u_dut/t_r[724]_i_1,LUT6,SLICE_X30Y221,SLICEL.D6LUT,64'hFE00AA00AA00AA00
u_dut/t_r[725]_i_1,LUT6,SLICE_X32Y227,SLICEL.D6LUT,64'hFFFF000080000000
u_dut/t_r[725]_i_2,LUT2,SLICE_X37Y226,SLICEL.C5LUT,4'h8
u_dut/t_r[725]_i_3,LUT2,SLICE_X36Y228,SLICEL.A5LUT,4'h8
u_dut/t_r[726]_i_1,LUT6,SLICE_X23Y225,SLICEL.D6LUT,64'hFE00AA0000000000
u_dut/t_r[726]_i_2,LUT5,SLICE_X35Y225,SLICEL.B5LUT,32'hFFFF8000
u_dut/t_r[72]_i_1,LUT6,SLICE_X25Y238,SLICEL.D6LUT,64'hFECCCCCCCCCCCCCC
u_dut/t_r[72]_i_2,LUT3,SLICE_X27Y239,SLICEL.A5LUT,8'h80
u_dut/t_r[739]_i_1,LUT5,SLICE_X35Y232,SLICEL.B6LUT,32'hFF00FE00
u_dut/t_r[73]_i_1,LUT4,SLICE_X27Y240,SLICEL.A6LUT,16'h8000
u_dut/t_r[742]_i_1,LUT3,SLICE_X35Y229,SLICEL.B6LUT,8'hC8
u_dut/t_r[745]_i_1,LUT5,SLICE_X38Y232,SLICEM.A6LUT,32'hFF008000
u_dut/t_r[746]_i_1,LUT2,SLICE_X36Y231,SLICEL.B6LUT,4'h8
u_dut/t_r[747]_i_1,LUT5,SLICE_X37Y232,SLICEL.A6LUT,32'hFE000000
u_dut/t_r[74]_i_1,LUT5,SLICE_X27Y240,SLICEL.A5LUT,32'h80000000
u_dut/t_r[750]_i_1,LUT3,SLICE_X31Y232,SLICEL.A6LUT,8'h80
u_dut/t_r[751]_i_1,LUT4,SLICE_X36Y231,SLICEL.A6LUT,16'h8000
u_dut/t_r[752]_i_1,LUT5,SLICE_X37Y230,SLICEL.B6LUT,32'hFFFFFFFE
u_dut/t_r[752]_i_2,LUT5,SLICE_X35Y232,SLICEL.B5LUT,32'h80000000
u_dut/t_r[754]_i_1,LUT5,SLICE_X19Y229,SLICEL.A6LUT,32'hFFFE0000
u_dut/t_r[755]_i_1,LUT4,SLICE_X19Y233,SLICEL.A6LUT,16'hFE00
u_dut/t_r[756]_i_1,LUT5,SLICE_X19Y229,SLICEL.A5LUT,32'hFEEE0000
u_dut/t_r[759]_i_1,LUT4,SLICE_X34Y231,SLICEL.C6LUT,16'hEA00
u_dut/t_r[75]_i_1,LUT6,SLICE_X23Y240,SLICEL.D6LUT,64'hFFEAEAEAAAAAAAAA
u_dut/t_r[760]_i_1,LUT5,SLICE_X19Y233,SLICEL.A5LUT,32'hEAAA0000
u_dut/t_r[761]_i_1,LUT6,SLICE_X19Y233,SLICEL.B6LUT,64'hCCCCCCC800000000
u_dut/t_r[763]_i_1,LUT6,SLICE_X19Y229,SLICEL.B6LUT,64'hC888888800000000
u_dut/t_r[764]_i_1,LUT6,SLICE_X20Y233,SLICEM.D6LUT,64'hFAAAAAAAEAAAAAAA
u_dut/t_r[765]_i_1,LUT4,SLICE_X27Y231,SLICEL.D6LUT,16'hFFFE
u_dut/t_r[765]_i_2,LUT6,SLICE_X19Y229,SLICEL.C6LUT,64'hA800000000000000
u_dut/t_r[766]_i_1,LUT2,SLICE_X25Y232,SLICEL.C6LUT,4'hE
u_dut/t_r[767]_i_1,LUT4,SLICE_X22Y227,SLICEM.A6LUT,16'hFE00
u_dut/t_r[769]_i_1,LUT4,SLICE_X22Y227,SLICEM.B6LUT,16'hEA00
u_dut/t_r[76]_i_1,LUT6,SLICE_X35Y235,SLICEL.D6LUT,64'hFEAAAAAAAAAAAAAA
u_dut/t_r[770]_i_1,LUT2,SLICE_X22Y227,SLICEM.B5LUT,4'h8
u_dut/t_r[773]_i_1,LUT5,SLICE_X24Y228,SLICEL.D6LUT,32'hFFFEFEFE
u_dut/t_r[773]_i_2,LUT4,SLICE_X22Y227,SLICEM.A5LUT,16'h8000
u_dut/t_r[774]_i_1,LUT2,SLICE_X36Y230,SLICEL.C6LUT,4'h8
u_dut/t_r[775]_i_1,LUT5,SLICE_X25Y228,SLICEL.A6LUT,32'h88888880
u_dut/t_r[776]_i_1,LUT4,SLICE_X25Y228,SLICEL.A5LUT,16'h8880
u_dut/t_r[778]_i_1,LUT6,SLICE_X25Y228,SLICEL.C6LUT,64'hEAAAAAAA00000000
u_dut/t_r[77]_i_1,LUT6,SLICE_X24Y238,SLICEL.A6LUT,64'h8080808080808000
u_dut/t_r[780]_i_1,LUT6,SLICE_X37Y228,SLICEL.A6LUT,64'hC888000000000000
u_dut/t_r[783]_i_1,LUT3,SLICE_X36Y228,SLICEL.D6LUT,8'hFE
u_dut/t_r[783]_i_2,LUT6,SLICE_X25Y228,SLICEL.B6LUT,64'h8000000000000000
u_dut/t_r[784]_i_1,LUT6,SLICE_X19Y225,SLICEL.B6LUT,64'hFFFFFFFE00000000
u_dut/t_r[786]_i_1,LUT5,SLICE_X31Y232,SLICEL.B6LUT,32'hFEEE0000
u_dut/t_r[787]_i_1,LUT3,SLICE_X19Y225,SLICEL.C6LUT,8'hE0
u_dut/t_r[788]_i_1,LUT6,SLICE_X19Y231,SLICEL.A6LUT,64'hFAF8F8F800000000
u_dut/t_r[789]_i_1,LUT6,SLICE_X19Y231,SLICEL.B6LUT,64'hEAEAEAAA00000000
u_dut/t_r[78]_i_1,LUT6,SLICE_X27Y240,SLICEL.B6LUT,64'h8000000000000000
u_dut/t_r[792]_i_1,LUT4,SLICE_X31Y232,SLICEL.A5LUT,16'hC800
u_dut/t_r[793]_i_1,LUT6,SLICE_X19Y225,SLICEL.A6LUT,64'hC888888800000000
u_dut/t_r[795]_i_1,LUT6,SLICE_X31Y232,SLICEL.C6LUT,64'h8880808000000000
u_dut/t_r[796]_i_1,LUT5,SLICE_X24Y228,SLICEL.D5LUT,32'hFFEEFEEE
u_dut/t_r[796]_i_2,LUT6,SLICE_X31Y232,SLICEL.D6LUT,64'hA800000000000000
u_dut/t_r[798]_i_1,LUT6,SLICE_X35Y230,SLICEL.D6LUT,64'hFFFE000000000000
u_dut/t_r[799]_i_1,LUT5,SLICE_X35Y229,SLICEL.B5LUT,32'hFE000000
u_dut/t_r[79]_i_1,LUT3,SLICE_X33Y235,SLICEL.D5LUT,8'hF8
u_dut/t_r[79]_i_2,LUT6,SLICE_X27Y240,SLICEL.C6LUT,64'h8000000000000000
u_dut/t_r[800]_i_1,LUT6,SLICE_X35Y230,SLICEL.A6LUT,64'hFEEE000000000000
u_dut/t_r[802]_i_1,LUT6,SLICE_X23Y230,SLICEL.A6LUT,64'hFAF8000000000000
u_dut/t_r[803]_i_1,LUT6,SLICE_X23Y230,SLICEL.B6LUT,64'hEAEAEAAA00000000
u_dut/t_r[805]_i_1,LUT6,SLICE_X23Y230,SLICEL.C6LUT,64'hCCCCCCC800000000
u_dut/t_r[809]_i_1,LUT6,SLICE_X35Y230,SLICEL.B6LUT,64'h8888888000000000
u_dut/t_r[80]_i_1,LUT2,SLICE_X28Y241,SLICEL.A5LUT,4'h8
u_dut/t_r[810]_i_1,LUT6,SLICE_X35Y230,SLICEL.C6LUT,64'h8880808000000000
u_dut/t_r[811]_i_1,LUT4,SLICE_X35Y231,SLICEL.D6LUT,16'hFFF8
u_dut/t_r[811]_i_2,LUT6,SLICE_X23Y230,SLICEL.D6LUT,64'hA800000000000000
u_dut/t_r[815]_i_1,LUT6,SLICE_X27Y231,SLICEL.C6LUT,64'h8888888088808880
u_dut/t_r[816]_i_1,LUT4,SLICE_X27Y231,SLICEL.A6LUT,16'h8880
u_dut/t_r[817]_i_1,LUT6,SLICE_X27Y231,SLICEL.B6LUT,64'h8888808088888000
u_dut/t_r[825]_i_1,LUT5,SLICE_X27Y231,SLICEL.D5LUT,32'hFFFFFF80
u_dut/t_r[825]_i_2,LUT5,SLICE_X27Y231,SLICEL.A5LUT,32'h80000000
u_dut/t_r[828]_i_1,LUT6,SLICE_X33Y232,SLICEL.D6LUT,64'hFFFE000000000000
u_dut/t_r[82]_i_1,LUT4,SLICE_X23Y243,SLICEL.A5LUT,16'hE000
u_dut/t_r[831]_i_1,LUT6,SLICE_X33Y232,SLICEL.A6LUT,64'hFAFAFAF800000000
u_dut/t_r[832]_i_1,LUT6,SLICE_X38Y231,SLICEM.A6LUT,64'hFAF8F8F800000000
u_dut/t_r[833]_i_1,LUT6,SLICE_X25Y232,SLICEL.B6LUT,64'hEAAA000000000000
u_dut/t_r[833]_i_2,LUT2,SLICE_X33Y232,SLICEL.B6LUT,4'h8
u_dut/t_r[836]_i_1,LUT6,SLICE_X38Y231,SLICEM.B6LUT,64'hC8C8C88800000000
u_dut/t_r[837]_i_1,LUT6,SLICE_X38Y232,SLICEM.B6LUT,64'hA080808080808080
u_dut/t_r[83]_i_1,LUT6,SLICE_X32Y243,SLICEL.A6LUT,64'hEAAA000000000000
u_dut/t_r[840]_i_1,LUT2,SLICE_X37Y232,SLICEL.D6LUT,4'hE
u_dut/t_r[840]_i_2,LUT6,SLICE_X33Y232,SLICEL.C6LUT,64'h8000000000000000
u_dut/t_r[841]_i_1,LUT6,SLICE_X37Y231,SLICEL.D6LUT,64'hFFFFFFFE00000000
u_dut/t_r[842]_i_1,LUT4,SLICE_X37Y231,SLICEL.A6LUT,16'hFE00
u_dut/t_r[844]_i_1,LUT6,SLICE_X37Y231,SLICEL.B6LUT,64'hFAFAFAF800000000
u_dut/t_r[847]_i_1,LUT6,SLICE_X37Y231,SLICEL.C6LUT,64'hCCCCCCC800000000
u_dut/t_r[84]_i_1,LUT6,SLICE_X23Y243,SLICEL.B6LUT,64'hAAA8000000000000
u_dut/t_r[851]_i_1,LUT4,SLICE_X37Y231,SLICEL.A5LUT,16'h8000
u_dut/t_r[852]_i_1,LUT5,SLICE_X37Y230,SLICEL.B5LUT,32'hFFAAFEAA
u_dut/t_r[852]_i_2,LUT6,SLICE_X38Y228,SLICEM.A6LUT,64'h8000000000000000
u_dut/t_r[854]_i_1,LUT6,SLICE_X35Y231,SLICEL.C6LUT,64'hFFFEEEEE00000000
u_dut/t_r[855]_i_1,LUT4,SLICE_X35Y233,SLICEL.A6LUT,16'h8880
u_dut/t_r[857]_i_1,LUT6,SLICE_X35Y233,SLICEL.B6LUT,64'hEAAA000000000000
u_dut/t_r[858]_i_1,LUT6,SLICE_X35Y231,SLICEL.A6LUT,64'hCCCCCCC800000000
u_dut/t_r[859]_i_1,LUT5,SLICE_X35Y233,SLICEL.A5LUT,32'hC8000000
u_dut/t_r[85]_i_1,LUT6,SLICE_X32Y243,SLICEL.B6LUT,64'hFFFFFFFF88888880
u_dut/t_r[85]_i_2,LUT6,SLICE_X23Y243,SLICEL.C6LUT,64'h8080800080008000
u_dut/t_r[860]_i_1,LUT6,SLICE_X35Y231,SLICEL.B6LUT,64'hC888888800000000
u_dut/t_r[861]_i_1,LUT6,SLICE_X35Y233,SLICEL.C6LUT,64'h8880808000000000
u_dut/t_r[862]_i_1,LUT4,SLICE_X35Y231,SLICEL.D5LUT,16'hFFA8
u_dut/t_r[862]_i_2,LUT6,SLICE_X35Y233,SLICEL.D6LUT,64'h8000000000000000
u_dut/t_r[866]_i_1,LUT6,SLICE_X37Y232,SLICEL.B6LUT,64'hFFFFFFFFCCCCC800
u_dut/t_r[866]_i_2,LUT5,SLICE_X38Y232,SLICEM.A5LUT,32'hFFFFE000
u_dut/t_r[867]_i_1,LUT6,SLICE_X27Y229,SLICEL.D6LUT,64'hFFFFFFFFCCCCC800
u_dut/t_r[868]_i_1,LUT6,SLICE_X35Y229,SLICEL.C6LUT,64'hFFFFFFFFCCCCC800
u_dut/t_r[871]_i_1,LUT6,SLICE_X37Y233,SLICEL.C6LUT,64'hFE00000000000000
u_dut/t_r[872]_i_1,LUT6,SLICE_X37Y233,SLICEL.A6LUT,64'h8888888088808880
u_dut/t_r[873]_i_1,LUT6,SLICE_X37Y233,SLICEL.B6LUT,64'h8888808088888000
u_dut/t_r[873]_i_2,LUT2,SLICE_X36Y231,SLICEL.C6LUT,4'h8
u_dut/t_r[877]_i_1,LUT3,SLICE_X37Y232,SLICEL.D5LUT,8'hF8
u_dut/t_r[877]_i_2,LUT5,SLICE_X36Y230,SLICEL.C5LUT,32'h80000000
u_dut/t_r[878]_i_1,LUT6,SLICE_X36Y232,SLICEL.B6LUT,64'hFFCCFECCCCCCCCCC
u_dut/t_r[878]_i_2,LUT3,SLICE_X36Y231,SLICEL.A5LUT,8'hFE
u_dut/t_r[879]_i_1,LUT6,SLICE_X36Y232,SLICEL.C6LUT,64'hFFCCFECCCCCCCCCC
u_dut/t_r[879]_i_2,LUT4,SLICE_X31Y232,SLICEL.B5LUT,16'hFECC
u_dut/t_r[87]_i_1,LUT5,SLICE_X29Y237,SLICEL.A5LUT,32'hFE000000
u_dut/t_r[881]_i_1,LUT6,SLICE_X36Y232,SLICEL.D6LUT,64'hFFCCFECCCCCCCCCC
u_dut/t_r[888]_i_1,LUT6,SLICE_X37Y232,SLICEL.C6LUT,64'hFEAAAAAAAAAAAAAA
u_dut/t_r[888]_i_2,LUT5,SLICE_X37Y232,SLICEL.A5LUT,32'hFFFF8000
u_dut/t_r[88]_i_1,LUT6,SLICE_X24Y243,SLICEL.C6LUT,64'h8080808080808000
u_dut/t_r[890]_i_1,LUT6,SLICE_X34Y231,SLICEL.D6LUT,64'hFFFFFFFFF8000000
u_dut/t_r[890]_i_2,LUT2,SLICE_X37Y229,SLICEL.D6LUT,4'hE
u_dut/t_r[890]_i_3,LUT2,SLICE_X34Y231,SLICEL.C5LUT,4'hE
u_dut/t_r[890]_i_4,LUT3,SLICE_X33Y232,SLICEL.B5LUT,8'h80
u_dut/t_r[892]_i_1,LUT6,SLICE_X30Y230,SLICEL.D6LUT,64'hFFFFFFFF80000000
u_dut/t_r[89]_i_1,LUT5,SLICE_X27Y243,SLICEL.A5LUT,32'h80808000
u_dut/t_r[90]_i_1,LUT6,SLICE_X30Y241,SLICEL.D6LUT,64'hFEEEAAAAAAAAAAAA
u_dut/t_r[91]_i_1,LUT6,SLICE_X24Y243,SLICEL.A6LUT,64'h8080808080808000
u_dut/t_r[923]_i_1,LUT6,SLICE_X22Y231,SLICEM.C6LUT,64'hFFFFFFFFFFFFFFFE
u_dut/t_r[92]_i_1,LUT6,SLICE_X27Y243,SLICEL.B6LUT,64'h8080800080008000
u_dut/t_r[93]_i_1,LUT6,SLICE_X27Y243,SLICEL.C6LUT,64'hA800000000000000
u_dut/t_r[940]_i_1,LUT4,SLICE_X21Y231,SLICEL.A6LUT,16'hFE00
u_dut/t_r[942]_i_1,LUT3,SLICE_X26Y221,SLICEL.A5LUT,8'hE0
u_dut/t_r[943]_i_1,LUT5,SLICE_X21Y231,SLICEL.B6LUT,32'hFEAA0000
u_dut/t_r[944]_i_1,LUT4,SLICE_X26Y219,SLICEL.C5LUT,16'hEA00
u_dut/t_r[945]_i_1,LUT5,SLICE_X26Y221,SLICEL.B6LUT,32'hEAAA0000
u_dut/t_r[946]_i_1,LUT2,SLICE_X21Y231,SLICEL.C6LUT,4'h8
u_dut/t_r[947]_i_1,LUT5,SLICE_X21Y231,SLICEL.B5LUT,32'hCCC80000
u_dut/t_r[949]_i_1,LUT5,SLICE_X26Y221,SLICEL.B5LUT,32'hC8880000
u_dut/t_r[94]_i_1,LUT5,SLICE_X24Y243,SLICEL.D5LUT,32'hFFFF8880
u_dut/t_r[94]_i_2,LUT6,SLICE_X24Y243,SLICEL.B6LUT,64'h8000000000000000
u_dut/t_r[952]_i_1,LUT4,SLICE_X21Y231,SLICEL.A5LUT,16'h8000
u_dut/t_r[953]_i_1,LUT5,SLICE_X25Y219,SLICEL.D5LUT,32'hFFFFFFFE
u_dut/t_r[953]_i_2,LUT5,SLICE_X26Y217,SLICEL.B5LUT,32'h80000000
u_dut/t_r[957]_i_1,LUT5,SLICE_X23Y227,SLICEL.A6LUT,32'hFEEE0000
u_dut/t_r[959]_i_1,LUT5,SLICE_X23Y227,SLICEL.B6LUT,32'hFEAA0000
u_dut/t_r[95]_i_1,LUT6,SLICE_X26Y239,SLICEL.A6LUT,64'h8080808080808000
u_dut/t_r[960]_i_1,LUT4,SLICE_X23Y217,SLICEL.A5LUT,16'hEA00
u_dut/t_r[961]_i_1,LUT5,SLICE_X23Y227,SLICEL.C6LUT,32'hEAAA0000
u_dut/t_r[962]_i_1,LUT2,SLICE_X23Y217,SLICEL.B6LUT,4'h8
u_dut/t_r[963]_i_1,LUT5,SLICE_X23Y227,SLICEL.A5LUT,32'hCCC80000
u_dut/t_r[964]_i_1,LUT4,SLICE_X23Y227,SLICEL.D6LUT,16'hC800
u_dut/t_r[965]_i_1,LUT5,SLICE_X23Y227,SLICEL.C5LUT,32'hC8880000
u_dut/t_r[967]_i_1,LUT5,SLICE_X23Y227,SLICEL.B5LUT,32'hE0000000
u_dut/t_r[968]_i_1,LUT6,SLICE_X28Y219,SLICEL.C6LUT,64'hFFFFFFFEFFFEFFFE
u_dut/t_r[968]_i_2,LUT4,SLICE_X23Y227,SLICEL.D5LUT,16'h8000
u_dut/t_r[96]_i_1,LUT5,SLICE_X26Y239,SLICEL.B6LUT,32'h80808000
u_dut/t_r[972]_i_1,LUT5,SLICE_X24Y217,SLICEL.C5LUT,32'hFE000000
u_dut/t_r[974]_i_1,LUT4,SLICE_X24Y224,SLICEL.A6LUT,16'h8880
u_dut/t_r[975]_i_1,LUT5,SLICE_X24Y224,SLICEL.B6LUT,32'hEA000000
u_dut/t_r[976]_i_1,LUT6,SLICE_X22Y231,SLICEM.A6LUT,64'hEAAA000000000000
u_dut/t_r[977]_i_1,LUT3,SLICE_X24Y224,SLICEL.A5LUT,8'h80
u_dut/t_r[982]_i_1,LUT5,SLICE_X24Y224,SLICEL.B5LUT,32'h80000000
u_dut/t_r[983]_i_1,LUT4,SLICE_X24Y219,SLICEL.D6LUT,16'hFFFE
u_dut/t_r[983]_i_2,LUT6,SLICE_X22Y231,SLICEM.B6LUT,64'h8000000000000000
u_dut/t_r[984]_i_1,LUT5,SLICE_X26Y228,SLICEL.A6LUT,32'hFFFE0000
u_dut/t_r[985]_i_1,LUT4,SLICE_X26Y228,SLICEL.B6LUT,16'hFE00
u_dut/t_r[987]_i_1,LUT5,SLICE_X26Y228,SLICEL.A5LUT,32'hFEAA0000
u_dut/t_r[989]_i_1,LUT2,SLICE_X26Y228,SLICEL.C6LUT,4'h8
u_dut/t_r[98]_i_1,LUT4,SLICE_X26Y239,SLICEL.B5LUT,16'h8000
u_dut/t_r[990]_i_1,LUT4,SLICE_X26Y228,SLICEL.B5LUT,16'hC800
u_dut/t_r[991]_i_1,LUT3,SLICE_X26Y228,SLICEL.C5LUT,8'h80
u_dut/t_r[992]_i_1,LUT6,SLICE_X28Y219,SLICEL.D6LUT,64'hFFFFFFFFFFFFFFA8
u_dut/t_r[992]_i_2,LUT4,SLICE_X26Y220,SLICEL.A5LUT,16'h8000
u_dut/t_r[994]_i_1,LUT6,SLICE_X21Y230,SLICEL.B6LUT,64'h8888888888888880
u_dut/t_r[995]_i_1,LUT6,SLICE_X22Y218,SLICEM.A6LUT,64'h8888888088808880
u_dut/t_r[996]_i_1,LUT6,SLICE_X22Y218,SLICEM.B6LUT,64'h8888888080808080
u_dut/t_r[997]_i_1,LUT3,SLICE_X24Y218,SLICEL.B5LUT,8'h80
u_dut/t_r[998]_i_1,LUT5,SLICE_X21Y230,SLICEL.A6LUT,32'h88008000
u_dut/t_r[999]_i_1,LUT5,SLICE_X24Y219,SLICEL.D5LUT,32'hFFFFFFF8
u_dut/t_r[999]_i_2,LUT4,SLICE_X21Y230,SLICEL.A5LUT,16'h8000
u_dut/t_r[99]_i_1,LUT6,SLICE_X24Y241,SLICEL.A6LUT,64'hAA80000000000000
u_dut/t_r_reg[0],FDRE,SLICE_X36Y235,SLICEL.BFF,1'b0
u_dut/t_r_reg[1001],FDSE,SLICE_X28Y220,SLICEL.DFF,1'b0
u_dut/t_r_reg[1002],FDSE,SLICE_X28Y220,SLICEL.AFF,1'b0
u_dut/t_r_reg[1003],FDSE,SLICE_X28Y220,SLICEL.BFF,1'b0
u_dut/t_r_reg[1004],FDSE,SLICE_X28Y220,SLICEL.A5FF,1'b0
u_dut/t_r_reg[1005],FDSE,SLICE_X28Y220,SLICEL.CFF,1'b0
u_dut/t_r_reg[1008],FDRE,SLICE_X26Y218,SLICEL.AFF,1'b0
u_dut/t_r_reg[1009],FDRE,SLICE_X26Y218,SLICEL.BFF,1'b0
u_dut/t_r_reg[100],FDSE,SLICE_X24Y241,SLICEL.BFF,1'b0
u_dut/t_r_reg[1012],FDRE,SLICE_X26Y219,SLICEL.AFF,1'b0
u_dut/t_r_reg[1016],FDRE,SLICE_X24Y218,SLICEL.AFF,1'b0
u_dut/t_r_reg[1017],FDRE,SLICE_X26Y217,SLICEL.AFF,1'b0
u_dut/t_r_reg[1018],FDRE,SLICE_X26Y219,SLICEL.BFF,1'b0
u_dut/t_r_reg[101],FDSE,SLICE_X30Y242,SLICEL.DFF,1'b0
u_dut/t_r_reg[1020],FDRE,SLICE_X27Y218,SLICEL.AFF,1'b0
u_dut/t_r_reg[1021],FDRE,SLICE_X26Y218,SLICEL.DFF,1'b0
u_dut/t_r_reg[1023],FDRE,SLICE_X27Y218,SLICEL.BFF,1'b0
u_dut/t_r_reg[1024],FDRE,SLICE_X24Y217,SLICEL.AFF,1'b0
u_dut/t_r_reg[1026],FDRE,SLICE_X27Y218,SLICEL.CFF,1'b0
u_dut/t_r_reg[1029],FDRE,SLICE_X28Y218,SLICEL.AFF,1'b0
u_dut/t_r_reg[102],FDSE,SLICE_X28Y241,SLICEL.AFF,1'b0
u_dut/t_r_reg[1030],FDRE,SLICE_X28Y218,SLICEL.BFF,1'b0
u_dut/t_r_reg[1031],FDRE,SLICE_X26Y219,SLICEL.DFF,1'b0
u_dut/t_r_reg[1033],FDRE,SLICE_X29Y218,SLICEL.AFF,1'b0
u_dut/t_r_reg[1035],FDRE,SLICE_X27Y218,SLICEL.DFF,1'b0
u_dut/t_r_reg[1036],FDRE,SLICE_X28Y219,SLICEL.AFF,1'b0
u_dut/t_r_reg[1037],FDRE,SLICE_X29Y218,SLICEL.BFF,1'b0
u_dut/t_r_reg[103],FDSE,SLICE_X35Y238,SLICEL.BFF,1'b0
u_dut/t_r_reg[1040],FDRE,SLICE_X26Y216,SLICEL.BFF,1'b0
u_dut/t_r_reg[1041],FDRE,SLICE_X29Y218,SLICEL.CFF,1'b0
u_dut/t_r_reg[1044],FDRE,SLICE_X27Y217,SLICEL.BFF,1'b0
u_dut/t_r_reg[1045],FDRE,SLICE_X29Y218,SLICEL.DFF,1'b0
u_dut/t_r_reg[1046],FDRE,SLICE_X24Y217,SLICEL.BFF,1'b0
u_dut/t_r_reg[1049],FDRE,SLICE_X24Y217,SLICEL.B5FF,1'b0
u_dut/t_r_reg[104],FDRE,SLICE_X25Y239,SLICEL.CFF,1'b0
u_dut/t_r_reg[105],FDSE,SLICE_X28Y241,SLICEL.DFF,1'b0
u_dut/t_r_reg[106],FDSE,SLICE_X28Y241,SLICEL.BFF,1'b0
u_dut/t_r_reg[1070],FDSE,SLICE_X32Y218,SLICEL.AFF,1'b0
u_dut/t_r_reg[1073],FDSE,SLICE_X35Y227,SLICEL.AFF,1'b0
u_dut/t_r_reg[107],FDSE,SLICE_X28Y241,SLICEL.CFF,1'b0
u_dut/t_r_reg[1087],FDSE,SLICE_X32Y228,SLICEL.AFF,1'b0
u_dut/t_r_reg[108],FDSE,SLICE_X35Y238,SLICEL.AFF,1'b0
u_dut/t_r_reg[1095],FDSE,SLICE_X30Y217,SLICEL.AFF,1'b0
u_dut/t_r_reg[1097],FDSE,SLICE_X28Y217,SLICEL.AFF,1'b0
u_dut/t_r_reg[1098],FDSE,SLICE_X35Y227,SLICEL.BFF,1'b0
u_dut/t_r_reg[109],FDSE,SLICE_X32Y242,SLICEL.CFF,1'b0
u_dut/t_r_reg[10],FDSE,SLICE_X37Y230,SLICEL.AFF,1'b0
u_dut/t_r_reg[1104],FDSE,SLICE_X35Y228,SLICEL.AFF,1'b0
u_dut/t_r_reg[1106],FDSE,SLICE_X29Y228,SLICEL.AFF,1'b0
u_dut/t_r_reg[1107],FDSE,SLICE_X33Y220,SLICEL.AFF,1'b0
u_dut/t_r_reg[110],FDSE,SLICE_X32Y242,SLICEL.A5FF,1'b0
u_dut/t_r_reg[1111],FDSE,SLICE_X29Y228,SLICEL.BFF,1'b0
u_dut/t_r_reg[1112],FDSE,SLICE_X32Y228,SLICEL.BFF,1'b0
u_dut/t_r_reg[1119],FDSE,SLICE_X28Y229,SLICEL.AFF,1'b0
u_dut/t_r_reg[111],FDSE,SLICE_X32Y242,SLICEL.AFF,1'b0
u_dut/t_r_reg[1120],FDSE,SLICE_X29Y228,SLICEL.CFF,1'b0
u_dut/t_r_reg[1122],FDSE,SLICE_X34Y226,SLICEL.AFF,1'b0
u_dut/t_r_reg[1124],FDSE,SLICE_X29Y228,SLICEL.DFF,1'b0
u_dut/t_r_reg[112],FDSE,SLICE_X32Y242,SLICEL.BFF,1'b0
u_dut/t_r_reg[1134],FDSE,SLICE_X35Y224,SLICEL.AFF,1'b0
u_dut/t_r_reg[1137],FDSE,SLICE_X34Y228,SLICEL.DFF,1'b0
u_dut/t_r_reg[1140],FDSE,SLICE_X32Y228,SLICEL.CFF,1'b0
u_dut/t_r_reg[1143],FDSE,SLICE_X28Y229,SLICEL.BFF,1'b0
u_dut/t_r_reg[1144],FDSE,SLICE_X34Y228,SLICEL.AFF,1'b0
u_dut/t_r_reg[1145],FDSE,SLICE_X34Y226,SLICEL.BFF,1'b0
u_dut/t_r_reg[1147],FDSE,SLICE_X35Y224,SLICEL.A5FF,1'b0
u_dut/t_r_reg[1149],FDSE,SLICE_X29Y228,SLICEL.A5FF,1'b0
u_dut/t_r_reg[1151],FDSE,SLICE_X32Y228,SLICEL.A5FF,1'b0
u_dut/t_r_reg[1154],FDSE,SLICE_X34Y226,SLICEL.B5FF,1'b0
u_dut/t_r_reg[1155],FDSE,SLICE_X33Y220,SLICEL.BFF,1'b0
u_dut/t_r_reg[1156],FDSE,SLICE_X32Y228,SLICEL.C5FF,1'b0
u_dut/t_r_reg[115],FDSE,SLICE_X29Y237,SLICEL.AFF,1'b0
u_dut/t_r_reg[1168],FDSE,SLICE_X33Y220,SLICEL.A5FF,1'b0
u_dut/t_r_reg[116],FDSE,SLICE_X34Y242,SLICEL.CFF,1'b0
u_dut/t_r_reg[1172],FDSE,SLICE_X28Y229,SLICEL.CFF,1'b0
u_dut/t_r_reg[1174],FDSE,SLICE_X29Y228,SLICEL.B5FF,1'b0
u_dut/t_r_reg[1176],FDSE,SLICE_X35Y227,SLICEL.DFF,1'b0
u_dut/t_r_reg[117],FDRE,SLICE_X30Y241,SLICEL.AFF,1'b0
u_dut/t_r_reg[1180],FDSE,SLICE_X35Y224,SLICEL.CFF,1'b0
u_dut/t_r_reg[1185],FDSE,SLICE_X34Y228,SLICEL.BFF,1'b0
u_dut/t_r_reg[1188],FDSE,SLICE_X28Y229,SLICEL.C5FF,1'b0
u_dut/t_r_reg[118],FDRE,SLICE_X35Y240,SLICEL.DFF,1'b0
u_dut/t_r_reg[1190],FDSE,SLICE_X29Y228,SLICEL.D5FF,1'b0
u_dut/t_r_reg[1194],FDSE,SLICE_X34Y228,SLICEL.A5FF,1'b0
u_dut/t_r_reg[119],FDSE,SLICE_X34Y242,SLICEL.AFF,1'b0
u_dut/t_r_reg[11],FDRE,SLICE_X29Y240,SLICEL.BFF,1'b0
u_dut/t_r_reg[1201],FDSE,SLICE_X35Y227,SLICEL.B5FF,1'b0
u_dut/t_r_reg[1202],FDSE,SLICE_X34Y226,SLICEL.A5FF,1'b0
u_dut/t_r_reg[120],FDSE,SLICE_X35Y241,SLICEL.AFF,1'b0
u_dut/t_r_reg[1210],FDSE,SLICE_X28Y229,SLICEL.A5FF,1'b0
u_dut/t_r_reg[1211],FDSE,SLICE_X28Y229,SLICEL.DFF,1'b0
u_dut/t_r_reg[1213],FDSE,SLICE_X33Y220,SLICEL.B5FF,1'b0
u_dut/t_r_reg[1214],FDRE,SLICE_X33Y225,SLICEL.AFF,1'b0
u_dut/t_r_reg[1217],FDRE,SLICE_X34Y222,SLICEL.AFF,1'b0
u_dut/t_r_reg[1218],FDRE,SLICE_X34Y222,SLICEL.DFF,1'b0
u_dut/t_r_reg[1219],FDRE,SLICE_X30Y219,SLICEL.AFF,1'b0
u_dut/t_r_reg[121],FDSE,SLICE_X34Y242,SLICEL.BFF,1'b0
u_dut/t_r_reg[1225],FDRE,SLICE_X34Y222,SLICEL.BFF,1'b0
u_dut/t_r_reg[122],FDRE,SLICE_X32Y237,SLICEL.DFF,1'b0
u_dut/t_r_reg[1235],FDRE,SLICE_X33Y225,SLICEL.A5FF,1'b0
u_dut/t_r_reg[1238],FDRE,SLICE_X31Y218,SLICEL.AFF,1'b0
u_dut/t_r_reg[123],FDRE,SLICE_X33Y238,SLICEL.DFF,1'b0
u_dut/t_r_reg[1241],FDRE,SLICE_X34Y222,SLICEL.A5FF,1'b0
u_dut/t_r_reg[1243],FDRE,SLICE_X34Y222,SLICEL.B5FF,1'b0
u_dut/t_r_reg[1244],FDRE,SLICE_X31Y218,SLICEL.BFF,1'b0
u_dut/t_r_reg[124],FDSE,SLICE_X29Y237,SLICEL.BFF,1'b0
u_dut/t_r_reg[125],FDSE,SLICE_X37Y241,SLICEL.AFF,1'b0
u_dut/t_r_reg[1271],FDSE,SLICE_X21Y225,SLICEL.AFF,1'b0
u_dut/t_r_reg[1272],FDSE,SLICE_X21Y225,SLICEL.DFF,1'b0
u_dut/t_r_reg[1273],FDSE,SLICE_X21Y225,SLICEL.BFF,1'b0
u_dut/t_r_reg[127],FDRE,SLICE_X23Y242,SLICEL.CFF,1'b0
u_dut/t_r_reg[1282],FDSE,SLICE_X21Y225,SLICEL.CFF,1'b0
u_dut/t_r_reg[1283],FDSE,SLICE_X27Y234,SLICEL.CFF,1'b0
u_dut/t_r_reg[1284],FDSE,SLICE_X27Y233,SLICEL.AFF,1'b0
u_dut/t_r_reg[128],FDSE,SLICE_X29Y237,SLICEL.B5FF,1'b0
u_dut/t_r_reg[1291],FDSE,SLICE_X27Y233,SLICEL.A5FF,1'b0
u_dut/t_r_reg[1292],FDSE,SLICE_X27Y234,SLICEL.AFF,1'b0
u_dut/t_r_reg[1293],FDRE,SLICE_X28Y232,SLICEL.DFF,1'b0
u_dut/t_r_reg[1294],FDSE,SLICE_X27Y234,SLICEL.A5FF,1'b0
u_dut/t_r_reg[1295],FDSE,SLICE_X27Y233,SLICEL.BFF,1'b0
u_dut/t_r_reg[1296],FDSE,SLICE_X27Y233,SLICEL.CFF,1'b0
u_dut/t_r_reg[1297],FDSE,SLICE_X27Y233,SLICEL.DFF,1'b0
u_dut/t_r_reg[1298],FDSE,SLICE_X27Y234,SLICEL.BFF,1'b0
u_dut/t_r_reg[1299],FDSE,SLICE_X20Y231,SLICEM.DFF,1'b0
u_dut/t_r_reg[129],FDSE,SLICE_X29Y237,SLICEL.DFF,1'b0
u_dut/t_r_reg[1300],FDSE,SLICE_X20Y231,SLICEM.AFF,1'b0
u_dut/t_r_reg[1302],FDSE,SLICE_X24Y232,SLICEL.AFF,1'b0
u_dut/t_r_reg[1303],FDSE,SLICE_X24Y232,SLICEL.BFF,1'b0
u_dut/t_r_reg[1304],FDSE,SLICE_X20Y231,SLICEM.BFF,1'b0
u_dut/t_r_reg[1307],FDRE,SLICE_X24Y231,SLICEL.BFF,1'b0
u_dut/t_r_reg[1308],FDRE,SLICE_X25Y231,SLICEL.BFF,1'b0
u_dut/t_r_reg[130],FDRE,SLICE_X34Y240,SLICEL.AFF,1'b0
u_dut/t_r_reg[1310],FDSE,SLICE_X24Y232,SLICEL.CFF,1'b0
u_dut/t_r_reg[1311],FDSE,SLICE_X20Y231,SLICEM.B5FF,1'b0
u_dut/t_r_reg[1312],FDSE,SLICE_X20Y231,SLICEM.CFF,1'b0
u_dut/t_r_reg[1313],FDSE,SLICE_X29Y231,SLICEL.AFF,1'b0
u_dut/t_r_reg[1314],FDSE,SLICE_X20Y236,SLICEM.DFF,1'b0
u_dut/t_r_reg[1315],FDSE,SLICE_X25Y236,SLICEL.AFF,1'b0
u_dut/t_r_reg[1317],FDSE,SLICE_X25Y236,SLICEL.A5FF,1'b0
u_dut/t_r_reg[1318],FDSE,SLICE_X25Y236,SLICEL.CFF,1'b0
u_dut/t_r_reg[1319],FDSE,SLICE_X20Y236,SLICEM.AFF,1'b0
u_dut/t_r_reg[131],FDRE,SLICE_X38Y236,SLICEM.CFF,1'b0
u_dut/t_r_reg[1320],FDSE,SLICE_X20Y236,SLICEM.BFF,1'b0
u_dut/t_r_reg[1322],FDSE,SLICE_X20Y236,SLICEM.B5FF,1'b0
u_dut/t_r_reg[1323],FDSE,SLICE_X20Y236,SLICEM.CFF,1'b0
u_dut/t_r_reg[1324],FDSE,SLICE_X25Y236,SLICEL.DFF,1'b0
u_dut/t_r_reg[1327],FDSE,SLICE_X23Y234,SLICEL.DFF,1'b0
u_dut/t_r_reg[1329],FDSE,SLICE_X23Y234,SLICEL.AFF,1'b0
u_dut/t_r_reg[132],FDSE,SLICE_X30Y242,SLICEL.AFF,1'b0
u_dut/t_r_reg[1330],FDSE,SLICE_X23Y234,SLICEL.BFF,1'b0
u_dut/t_r_reg[1331],FDSE,SLICE_X23Y234,SLICEL.CFF,1'b0
u_dut/t_r_reg[1333],FDSE,SLICE_X36Y233,SLICEL.AFF,1'b0
u_dut/t_r_reg[1335],FDSE,SLICE_X36Y233,SLICEL.BFF,1'b0
u_dut/t_r_reg[1336],FDSE,SLICE_X33Y227,SLICEL.AFF,1'b0
u_dut/t_r_reg[1337],FDSE,SLICE_X23Y234,SLICEL.A5FF,1'b0
u_dut/t_r_reg[1339],FDSE,SLICE_X23Y236,SLICEL.DFF,1'b0
u_dut/t_r_reg[133],FDSE,SLICE_X30Y242,SLICEL.BFF,1'b0
u_dut/t_r_reg[1340],FDSE,SLICE_X23Y236,SLICEL.AFF,1'b0
u_dut/t_r_reg[1342],FDSE,SLICE_X27Y236,SLICEL.AFF,1'b0
u_dut/t_r_reg[1343],FDSE,SLICE_X27Y236,SLICEL.BFF,1'b0
u_dut/t_r_reg[1344],FDSE,SLICE_X28Y230,SLICEL.AFF,1'b0
u_dut/t_r_reg[1345],FDSE,SLICE_X23Y236,SLICEL.BFF,1'b0
u_dut/t_r_reg[1348],FDSE,SLICE_X27Y236,SLICEL.CFF,1'b0
u_dut/t_r_reg[1349],FDSE,SLICE_X28Y230,SLICEL.BFF,1'b0
u_dut/t_r_reg[134],FDSE,SLICE_X30Y242,SLICEL.CFF,1'b0
u_dut/t_r_reg[1350],FDSE,SLICE_X27Y236,SLICEL.A5FF,1'b0
u_dut/t_r_reg[1351],FDSE,SLICE_X23Y236,SLICEL.CFF,1'b0
u_dut/t_r_reg[1352],FDSE,SLICE_X24Y233,SLICEL.A5FF,1'b0
u_dut/t_r_reg[1354],FDSE,SLICE_X29Y231,SLICEL.CFF,1'b0
u_dut/t_r_reg[1355],FDSE,SLICE_X24Y233,SLICEL.AFF,1'b0
u_dut/t_r_reg[1356],FDSE,SLICE_X24Y233,SLICEL.BFF,1'b0
u_dut/t_r_reg[1357],FDSE,SLICE_X29Y231,SLICEL.BFF,1'b0
u_dut/t_r_reg[135],FDSE,SLICE_X22Y239,SLICEM.AFF,1'b0
u_dut/t_r_reg[1360],FDRE,SLICE_X24Y231,SLICEL.CFF,1'b0
u_dut/t_r_reg[1362],FDSE,SLICE_X29Y231,SLICEL.B5FF,1'b0
u_dut/t_r_reg[1365],FDSE,SLICE_X24Y233,SLICEL.CFF,1'b0
u_dut/t_r_reg[1366],FDSE,SLICE_X25Y234,SLICEL.CFF,1'b0
u_dut/t_r_reg[1367],FDSE,SLICE_X25Y234,SLICEL.A5FF,1'b0
u_dut/t_r_reg[1370],FDRE,SLICE_X17Y234,SLICEL.A5FF,1'b0
u_dut/t_r_reg[1372],FDSE,SLICE_X25Y234,SLICEL.AFF,1'b0
u_dut/t_r_reg[1374],FDRE,SLICE_X25Y230,SLICEL.A5FF,1'b0
u_dut/t_r_reg[1375],FDSE,SLICE_X25Y234,SLICEL.BFF,1'b0
u_dut/t_r_reg[1378],FDSE,SLICE_X25Y234,SLICEL.B5FF,1'b0
u_dut/t_r_reg[137],FDSE,SLICE_X22Y239,SLICEM.BFF,1'b0
u_dut/t_r_reg[1380],FDSE,SLICE_X36Y224,SLICEL.CFF,1'b0
u_dut/t_r_reg[1384],FDSE,SLICE_X36Y224,SLICEL.AFF,1'b0
u_dut/t_r_reg[138],FDSE,SLICE_X22Y239,SLICEM.A5FF,1'b0
u_dut/t_r_reg[1390],FDSE,SLICE_X36Y224,SLICEL.A5FF,1'b0
u_dut/t_r_reg[1391],FDSE,SLICE_X36Y224,SLICEL.BFF,1'b0
u_dut/t_r_reg[1392],FDSE,SLICE_X27Y232,SLICEL.BFF,1'b0
u_dut/t_r_reg[1393],FDSE,SLICE_X29Y234,SLICEL.BFF,1'b0
u_dut/t_r_reg[1394],FDSE,SLICE_X27Y232,SLICEL.AFF,1'b0
u_dut/t_r_reg[1396],FDSE,SLICE_X29Y234,SLICEL.CFF,1'b0
u_dut/t_r_reg[1397],FDSE,SLICE_X29Y234,SLICEL.DFF,1'b0
u_dut/t_r_reg[139],FDSE,SLICE_X22Y239,SLICEM.B5FF,1'b0
u_dut/t_r_reg[13],FDRE,SLICE_X38Y230,SLICEM.AFF,1'b0
u_dut/t_r_reg[1400],FDSE,SLICE_X29Y234,SLICEL.B5FF,1'b0
u_dut/t_r_reg[1404],FDRE,SLICE_X24Y227,SLICEL.AFF,1'b0
u_dut/t_r_reg[1406],FDRE,SLICE_X31Y217,SLICEL.BFF,1'b0
u_dut/t_r_reg[140],FDSE,SLICE_X33Y235,SLICEL.AFF,1'b0
u_dut/t_r_reg[1412],FDRE,SLICE_X25Y227,SLICEL.CFF,1'b0
u_dut/t_r_reg[1416],FDRE,SLICE_X24Y217,SLICEL.DFF,1'b0
u_dut/t_r_reg[1418],FDRE,SLICE_X37Y235,SLICEL.DFF,1'b0
u_dut/t_r_reg[141],FDSE,SLICE_X28Y240,SLICEL.CFF,1'b0
u_dut/t_r_reg[1421],FDSE,SLICE_X37Y234,SLICEL.AFF,1'b0
u_dut/t_r_reg[1423],FDSE,SLICE_X34Y230,SLICEL.CFF,1'b0
u_dut/t_r_reg[1424],FDSE,SLICE_X34Y230,SLICEL.AFF,1'b0
u_dut/t_r_reg[1425],FDSE,SLICE_X34Y230,SLICEL.BFF,1'b0
u_dut/t_r_reg[1428],FDRE,SLICE_X24Y227,SLICEL.BFF,1'b0
u_dut/t_r_reg[142],FDSE,SLICE_X23Y244,SLICEL.AFF,1'b0
u_dut/t_r_reg[1430],FDRE,SLICE_X31Y217,SLICEL.CFF,1'b0
u_dut/t_r_reg[1435],FDRE,SLICE_X25Y235,SLICEL.DFF,1'b0
u_dut/t_r_reg[1436],FDRE,SLICE_X32Y231,SLICEL.DFF,1'b0
u_dut/t_r_reg[1439],FDRE,SLICE_X24Y235,SLICEL.DFF,1'b0
u_dut/t_r_reg[143],FDSE,SLICE_X28Y240,SLICEL.AFF,1'b0
u_dut/t_r_reg[1441],FDRE,SLICE_X25Y230,SLICEL.DFF,1'b0
u_dut/t_r_reg[1447],FDRE,SLICE_X24Y216,SLICEL.AFF,1'b0
u_dut/t_r_reg[1448],FDRE,SLICE_X24Y227,SLICEL.CFF,1'b0
u_dut/t_r_reg[144],FDSE,SLICE_X28Y240,SLICEL.BFF,1'b0
u_dut/t_r_reg[1451],FDRE,SLICE_X39Y233,SLICEL.DFF,1'b0
u_dut/t_r_reg[145],FDSE,SLICE_X23Y244,SLICEL.A5FF,1'b0
u_dut/t_r_reg[146],FDSE,SLICE_X28Y243,SLICEL.BFF,1'b0
u_dut/t_r_reg[1479],FDSE,SLICE_X30Y218,SLICEL.DFF,1'b0
u_dut/t_r_reg[1480],FDSE,SLICE_X31Y221,SLICEL.DFF,1'b0
u_dut/t_r_reg[1487],FDSE,SLICE_X29Y220,SLICEL.AFF,1'b0
u_dut/t_r_reg[148],FDSE,SLICE_X28Y243,SLICEL.CFF,1'b0
u_dut/t_r_reg[1492],FDSE,SLICE_X27Y221,SLICEL.AFF,1'b0
u_dut/t_r_reg[1497],FDSE,SLICE_X29Y220,SLICEL.BFF,1'b0
u_dut/t_r_reg[149],FDSE,SLICE_X28Y243,SLICEL.AFF,1'b0
u_dut/t_r_reg[14],FDRE,SLICE_X34Y231,SLICEL.AFF,1'b0
u_dut/t_r_reg[1501],FDSE,SLICE_X27Y221,SLICEL.BFF,1'b0
u_dut/t_r_reg[1507],FDSE,SLICE_X27Y221,SLICEL.CFF,1'b0
u_dut/t_r_reg[1508],FDSE,SLICE_X31Y221,SLICEL.AFF,1'b0
u_dut/t_r_reg[1509],FDSE,SLICE_X29Y220,SLICEL.A5FF,1'b0
u_dut/t_r_reg[150],FDSE,SLICE_X28Y243,SLICEL.A5FF,1'b0
u_dut/t_r_reg[1510],FDSE,SLICE_X28Y221,SLICEL.AFF,1'b0
u_dut/t_r_reg[1514],FDSE,SLICE_X30Y216,SLICEL.AFF,1'b0
u_dut/t_r_reg[1519],FDSE,SLICE_X31Y221,SLICEL.BFF,1'b0
u_dut/t_r_reg[151],FDSE,SLICE_X32Y239,SLICEL.CFF,1'b0
u_dut/t_r_reg[1521],FDSE,SLICE_X30Y218,SLICEL.BFF,1'b0
u_dut/t_r_reg[1522],FDSE,SLICE_X29Y219,SLICEL.AFF,1'b0
u_dut/t_r_reg[1524],FDSE,SLICE_X31Y219,SLICEL.AFF,1'b0
u_dut/t_r_reg[152],FDSE,SLICE_X32Y239,SLICEL.AFF,1'b0
u_dut/t_r_reg[1534],FDSE,SLICE_X27Y221,SLICEL.C5FF,1'b0
u_dut/t_r_reg[1535],FDSE,SLICE_X28Y221,SLICEL.BFF,1'b0
u_dut/t_r_reg[1537],FDSE,SLICE_X29Y219,SLICEL.A5FF,1'b0
u_dut/t_r_reg[153],FDSE,SLICE_X32Y239,SLICEL.A5FF,1'b0
u_dut/t_r_reg[1541],FDSE,SLICE_X27Y221,SLICEL.B5FF,1'b0
u_dut/t_r_reg[1550],FDSE,SLICE_X31Y221,SLICEL.B5FF,1'b0
u_dut/t_r_reg[1557],FDSE,SLICE_X31Y219,SLICEL.BFF,1'b0
u_dut/t_r_reg[1558],FDSE,SLICE_X28Y221,SLICEL.CFF,1'b0
u_dut/t_r_reg[155],FDSE,SLICE_X32Y239,SLICEL.BFF,1'b0
u_dut/t_r_reg[1562],FDSE,SLICE_X30Y216,SLICEL.A5FF,1'b0
u_dut/t_r_reg[156],FDSE,SLICE_X38Y233,SLICEM.AFF,1'b0
u_dut/t_r_reg[1571],FDSE,SLICE_X29Y220,SLICEL.CFF,1'b0
u_dut/t_r_reg[1572],FDSE,SLICE_X31Y221,SLICEL.CFF,1'b0
u_dut/t_r_reg[1573],FDSE,SLICE_X28Y221,SLICEL.DFF,1'b0
u_dut/t_r_reg[157],FDSE,SLICE_X34Y229,SLICEL.CFF,1'b0
u_dut/t_r_reg[1580],FDSE,SLICE_X29Y219,SLICEL.DFF,1'b0
u_dut/t_r_reg[1585],FDSE,SLICE_X27Y221,SLICEL.DFF,1'b0
u_dut/t_r_reg[1588],FDSE,SLICE_X31Y221,SLICEL.C5FF,1'b0
u_dut/t_r_reg[158],FDSE,SLICE_X34Y229,SLICEL.AFF,1'b0
u_dut/t_r_reg[1590],FDSE,SLICE_X32Y219,SLICEL.AFF,1'b0
u_dut/t_r_reg[1594],FDSE,SLICE_X30Y218,SLICEL.CFF,1'b0
u_dut/t_r_reg[159],FDSE,SLICE_X34Y229,SLICEL.BFF,1'b0
u_dut/t_r_reg[1601],FDSE,SLICE_X29Y220,SLICEL.C5FF,1'b0
u_dut/t_r_reg[1602],FDSE,SLICE_X28Y221,SLICEL.A5FF,1'b0
u_dut/t_r_reg[160],FDSE,SLICE_X23Y239,SLICEL.AFF,1'b0
u_dut/t_r_reg[1619],FDRE,SLICE_X32Y220,SLICEL.AFF,1'b0
u_dut/t_r_reg[161],FDRE,SLICE_X35Y239,SLICEL.BFF,1'b0
u_dut/t_r_reg[1621],FDRE,SLICE_X30Y220,SLICEL.AFF,1'b0
u_dut/t_r_reg[1623],FDRE,SLICE_X30Y220,SLICEL.A5FF,1'b0
u_dut/t_r_reg[162],FDRE,SLICE_X31Y243,SLICEL.AFF,1'b0
u_dut/t_r_reg[1632],FDRE,SLICE_X30Y220,SLICEL.BFF,1'b0
u_dut/t_r_reg[1635],FDRE,SLICE_X32Y220,SLICEL.BFF,1'b0
u_dut/t_r_reg[1638],FDRE,SLICE_X32Y220,SLICEL.CFF,1'b0
u_dut/t_r_reg[163],FDRE,SLICE_X22Y241,SLICEM.DFF,1'b0
u_dut/t_r_reg[1643],FDRE,SLICE_X31Y220,SLICEL.AFF,1'b0
u_dut/t_r_reg[1645],FDRE,SLICE_X32Y220,SLICEL.C5FF,1'b0
u_dut/t_r_reg[1647],FDRE,SLICE_X32Y220,SLICEL.A5FF,1'b0
u_dut/t_r_reg[164],FDSE,SLICE_X23Y239,SLICEL.BFF,1'b0
u_dut/t_r_reg[1652],FDRE,SLICE_X32Y220,SLICEL.B5FF,1'b0
u_dut/t_r_reg[165],FDRE,SLICE_X24Y240,SLICEL.CFF,1'b0
u_dut/t_r_reg[1669],FDSE,SLICE_X20Y220,SLICEM.AFF,1'b0
u_dut/t_r_reg[166],FDSE,SLICE_X23Y239,SLICEL.A5FF,1'b0
u_dut/t_r_reg[167],FDRE,SLICE_X22Y240,SLICEM.DFF,1'b0
u_dut/t_r_reg[168],FDSE,SLICE_X33Y235,SLICEL.A5FF,1'b0
u_dut/t_r_reg[1693],FDSE,SLICE_X18Y217,SLICEM.AFF,1'b0
u_dut/t_r_reg[1696],FDSE,SLICE_X21Y219,SLICEL.AFF,1'b0
u_dut/t_r_reg[1697],FDSE,SLICE_X21Y219,SLICEL.BFF,1'b0
u_dut/t_r_reg[169],FDRE,SLICE_X24Y240,SLICEL.DFF,1'b0
u_dut/t_r_reg[16],FDRE,SLICE_X25Y238,SLICEL.BFF,1'b0
u_dut/t_r_reg[1704],FDSE,SLICE_X21Y219,SLICEL.CFF,1'b0
u_dut/t_r_reg[170],FDSE,SLICE_X33Y235,SLICEL.CFF,1'b0
u_dut/t_r_reg[1713],FDSE,SLICE_X18Y215,SLICEM.AFF,1'b0
u_dut/t_r_reg[171],FDSE,SLICE_X33Y235,SLICEL.BFF,1'b0
u_dut/t_r_reg[1721],FDSE,SLICE_X20Y220,SLICEM.BFF,1'b0
u_dut/t_r_reg[1723],FDSE,SLICE_X12Y218,SLICEM.AFF,1'b0
u_dut/t_r_reg[1726],FDSE,SLICE_X14Y213,SLICEM.AFF,1'b0
u_dut/t_r_reg[1728],FDSE,SLICE_X21Y219,SLICEL.B5FF,1'b0
u_dut/t_r_reg[172],FDRE,SLICE_X31Y239,SLICEL.AFF,1'b0
u_dut/t_r_reg[1731],FDSE,SLICE_X18Y217,SLICEM.BFF,1'b0
u_dut/t_r_reg[1734],FDSE,SLICE_X16Y217,SLICEM.AFF,1'b0
u_dut/t_r_reg[1737],FDSE,SLICE_X20Y220,SLICEM.A5FF,1'b0
u_dut/t_r_reg[1742],FDSE,SLICE_X21Y219,SLICEL.A5FF,1'b0
u_dut/t_r_reg[1744],FDSE,SLICE_X12Y218,SLICEM.BFF,1'b0
u_dut/t_r_reg[1748],FDSE,SLICE_X18Y217,SLICEM.A5FF,1'b0
u_dut/t_r_reg[174],FDRE,SLICE_X31Y241,SLICEL.AFF,1'b0
u_dut/t_r_reg[1752],FDRE,SLICE_X16Y220,SLICEM.AFF,1'b0
u_dut/t_r_reg[1754],FDRE,SLICE_X13Y220,SLICEL.AFF,1'b0
u_dut/t_r_reg[1755],FDRE,SLICE_X21Y220,SLICEL.DFF,1'b0
u_dut/t_r_reg[1757],FDRE,SLICE_X20Y221,SLICEM.AFF,1'b0
u_dut/t_r_reg[175],FDSE,SLICE_X32Y241,SLICEL.BFF,1'b0
u_dut/t_r_reg[1761],FDRE,SLICE_X15Y221,SLICEL.AFF,1'b0
u_dut/t_r_reg[1762],FDRE,SLICE_X14Y219,SLICEM.BFF,1'b0
u_dut/t_r_reg[1763],FDRE,SLICE_X13Y220,SLICEL.BFF,1'b0
u_dut/t_r_reg[1766],FDRE,SLICE_X16Y220,SLICEM.BFF,1'b0
u_dut/t_r_reg[1767],FDRE,SLICE_X13Y220,SLICEL.CFF,1'b0
u_dut/t_r_reg[1768],FDRE,SLICE_X20Y221,SLICEM.BFF,1'b0
u_dut/t_r_reg[1769],FDRE,SLICE_X15Y221,SLICEL.A5FF,1'b0
u_dut/t_r_reg[176],FDRE,SLICE_X34Y237,SLICEL.DFF,1'b0
u_dut/t_r_reg[1770],FDRE,SLICE_X21Y220,SLICEL.AFF,1'b0
u_dut/t_r_reg[1773],FDRE,SLICE_X16Y220,SLICEM.CFF,1'b0
u_dut/t_r_reg[1775],FDRE,SLICE_X16Y220,SLICEM.DFF,1'b0
u_dut/t_r_reg[1776],FDRE,SLICE_X13Y220,SLICEL.A5FF,1'b0
u_dut/t_r_reg[1777],FDRE,SLICE_X15Y218,SLICEL.AFF,1'b0
u_dut/t_r_reg[1779],FDRE,SLICE_X21Y220,SLICEL.A5FF,1'b0
u_dut/t_r_reg[1780],FDRE,SLICE_X21Y220,SLICEL.BFF,1'b0
u_dut/t_r_reg[1781],FDRE,SLICE_X18Y218,SLICEM.AFF,1'b0
u_dut/t_r_reg[1783],FDRE,SLICE_X15Y221,SLICEL.BFF,1'b0
u_dut/t_r_reg[1784],FDRE,SLICE_X15Y221,SLICEL.CFF,1'b0
u_dut/t_r_reg[1787],FDRE,SLICE_X14Y218,SLICEM.BFF,1'b0
u_dut/t_r_reg[1789],FDRE,SLICE_X18Y218,SLICEM.A5FF,1'b0
u_dut/t_r_reg[178],FDRE,SLICE_X30Y241,SLICEL.CFF,1'b0
u_dut/t_r_reg[1796],FDRE,SLICE_X20Y221,SLICEM.B5FF,1'b0
u_dut/t_r_reg[1797],FDRE,SLICE_X15Y221,SLICEL.DFF,1'b0
u_dut/t_r_reg[1799],FDRE,SLICE_X13Y218,SLICEL.AFF,1'b0
u_dut/t_r_reg[17],FDRE,SLICE_X28Y231,SLICEL.CFF,1'b0
u_dut/t_r_reg[1801],FDRE,SLICE_X16Y220,SLICEM.C5FF,1'b0
u_dut/t_r_reg[1802],FDRE,SLICE_X20Y221,SLICEM.A5FF,1'b0
u_dut/t_r_reg[1803],FDRE,SLICE_X15Y221,SLICEL.C5FF,1'b0
u_dut/t_r_reg[1804],FDRE,SLICE_X13Y220,SLICEL.DFF,1'b0
u_dut/t_r_reg[1806],FDRE,SLICE_X21Y220,SLICEL.CFF,1'b0
u_dut/t_r_reg[180],FDSE,SLICE_X30Y239,SLICEL.AFF,1'b0
u_dut/t_r_reg[1810],FDRE,SLICE_X14Y219,SLICEM.CFF,1'b0
u_dut/t_r_reg[1811],FDRE,SLICE_X12Y220,SLICEM.AFF,1'b0
u_dut/t_r_reg[1815],FDRE,SLICE_X12Y220,SLICEM.BFF,1'b0
u_dut/t_r_reg[181],FDRE,SLICE_X36Y235,SLICEL.CFF,1'b0
u_dut/t_r_reg[1820],FDRE,SLICE_X16Y220,SLICEM.D5FF,1'b0
u_dut/t_r_reg[1823],FDRE,SLICE_X12Y220,SLICEM.CFF,1'b0
u_dut/t_r_reg[182],FDRE,SLICE_X29Y240,SLICEL.CFF,1'b0
u_dut/t_r_reg[1830],FDRE,SLICE_X16Y220,SLICEM.B5FF,1'b0
u_dut/t_r_reg[1831],FDRE,SLICE_X13Y220,SLICEL.B5FF,1'b0
u_dut/t_r_reg[1832],FDRE,SLICE_X18Y218,SLICEM.BFF,1'b0
u_dut/t_r_reg[1835],FDRE,SLICE_X20Y221,SLICEM.CFF,1'b0
u_dut/t_r_reg[1836],FDRE,SLICE_X18Y218,SLICEM.CFF,1'b0
u_dut/t_r_reg[183],FDRE,SLICE_X31Y241,SLICEL.BFF,1'b0
u_dut/t_r_reg[1843],FDRE,SLICE_X16Y220,SLICEM.A5FF,1'b0
u_dut/t_r_reg[1845],FDRE,SLICE_X15Y221,SLICEL.B5FF,1'b0
u_dut/t_r_reg[1849],FDRE,SLICE_X14Y219,SLICEM.DFF,1'b0
u_dut/t_r_reg[184],FDRE,SLICE_X31Y239,SLICEL.BFF,1'b0
u_dut/t_r_reg[1859],FDSE,SLICE_X12Y234,SLICEM.AFF,1'b0
u_dut/t_r_reg[185],FDRE,SLICE_X29Y240,SLICEL.DFF,1'b0
u_dut/t_r_reg[1860],FDSE,SLICE_X11Y233,SLICEL.AFF,1'b0
u_dut/t_r_reg[1864],FDSE,SLICE_X12Y234,SLICEM.BFF,1'b0
u_dut/t_r_reg[1865],FDSE,SLICE_X15Y232,SLICEL.DFF,1'b0
u_dut/t_r_reg[1867],FDSE,SLICE_X7Y235,SLICEL.AFF,1'b0
u_dut/t_r_reg[1869],FDSE,SLICE_X16Y235,SLICEM.AFF,1'b0
u_dut/t_r_reg[186],FDRE,SLICE_X36Y232,SLICEL.AFF,1'b0
u_dut/t_r_reg[1870],FDSE,SLICE_X10Y223,SLICEM.AFF,1'b0
u_dut/t_r_reg[1877],FDSE,SLICE_X16Y235,SLICEM.CFF,1'b0
u_dut/t_r_reg[1878],FDSE,SLICE_X16Y235,SLICEM.BFF,1'b0
u_dut/t_r_reg[187],FDRE,SLICE_X35Y235,SLICEL.CFF,1'b0
u_dut/t_r_reg[1884],FDSE,SLICE_X21Y224,SLICEL.AFF,1'b0
u_dut/t_r_reg[1886],FDSE,SLICE_X11Y220,SLICEL.AFF,1'b0
u_dut/t_r_reg[1888],FDSE,SLICE_X10Y223,SLICEM.A5FF,1'b0
u_dut/t_r_reg[1889],FDSE,SLICE_X14Y234,SLICEM.AFF,1'b0
u_dut/t_r_reg[188],FDRE,SLICE_X31Y239,SLICEL.CFF,1'b0
u_dut/t_r_reg[1890],FDSE,SLICE_X12Y222,SLICEM.AFF,1'b0
u_dut/t_r_reg[1891],FDSE,SLICE_X7Y224,SLICEL.AFF,1'b0
u_dut/t_r_reg[1892],FDSE,SLICE_X7Y235,SLICEL.BFF,1'b0
u_dut/t_r_reg[1893],FDSE,SLICE_X12Y222,SLICEM.A5FF,1'b0
u_dut/t_r_reg[1895],FDSE,SLICE_X18Y235,SLICEM.AFF,1'b0
u_dut/t_r_reg[1896],FDSE,SLICE_X7Y224,SLICEL.A5FF,1'b0
u_dut/t_r_reg[1897],FDSE,SLICE_X16Y235,SLICEM.B5FF,1'b0
u_dut/t_r_reg[189],FDSE,SLICE_X30Y239,SLICEL.BFF,1'b0
u_dut/t_r_reg[1900],FDSE,SLICE_X16Y223,SLICEM.AFF,1'b0
u_dut/t_r_reg[1902],FDSE,SLICE_X10Y223,SLICEM.BFF,1'b0
u_dut/t_r_reg[1906],FDSE,SLICE_X16Y235,SLICEM.A5FF,1'b0
u_dut/t_r_reg[1908],FDSE,SLICE_X14Y234,SLICEM.A5FF,1'b0
u_dut/t_r_reg[1909],FDSE,SLICE_X12Y234,SLICEM.A5FF,1'b0
u_dut/t_r_reg[190],FDSE,SLICE_X30Y239,SLICEL.CFF,1'b0
u_dut/t_r_reg[1910],FDSE,SLICE_X15Y232,SLICEL.AFF,1'b0
u_dut/t_r_reg[1911],FDSE,SLICE_X7Y224,SLICEL.BFF,1'b0
u_dut/t_r_reg[1912],FDSE,SLICE_X18Y235,SLICEM.BFF,1'b0
u_dut/t_r_reg[1913],FDSE,SLICE_X18Y235,SLICEM.CFF,1'b0
u_dut/t_r_reg[1914],FDSE,SLICE_X16Y223,SLICEM.BFF,1'b0
u_dut/t_r_reg[1915],FDSE,SLICE_X7Y235,SLICEL.CFF,1'b0
u_dut/t_r_reg[1916],FDSE,SLICE_X16Y223,SLICEM.CFF,1'b0
u_dut/t_r_reg[191],FDRE,SLICE_X38Y239,SLICEM.BFF,1'b0
u_dut/t_r_reg[1920],FDSE,SLICE_X16Y223,SLICEM.A5FF,1'b0
u_dut/t_r_reg[1921],FDSE,SLICE_X21Y224,SLICEL.A5FF,1'b0
u_dut/t_r_reg[1923],FDSE,SLICE_X10Y234,SLICEM.AFF,1'b0
u_dut/t_r_reg[1925],FDSE,SLICE_X21Y224,SLICEL.BFF,1'b0
u_dut/t_r_reg[1926],FDSE,SLICE_X14Y234,SLICEM.BFF,1'b0
u_dut/t_r_reg[1929],FDSE,SLICE_X11Y233,SLICEL.A5FF,1'b0
u_dut/t_r_reg[192],FDRE,SLICE_X35Y239,SLICEL.CFF,1'b0
u_dut/t_r_reg[1930],FDSE,SLICE_X22Y232,SLICEM.AFF,1'b0
u_dut/t_r_reg[1931],FDSE,SLICE_X22Y232,SLICEM.A5FF,1'b0
u_dut/t_r_reg[1932],FDSE,SLICE_X11Y233,SLICEL.CFF,1'b0
u_dut/t_r_reg[1935],FDSE,SLICE_X12Y234,SLICEM.CFF,1'b0
u_dut/t_r_reg[1936],FDSE,SLICE_X16Y223,SLICEM.B5FF,1'b0
u_dut/t_r_reg[1937],FDSE,SLICE_X15Y232,SLICEL.BFF,1'b0
u_dut/t_r_reg[1938],FDSE,SLICE_X7Y224,SLICEL.CFF,1'b0
u_dut/t_r_reg[1939],FDSE,SLICE_X7Y235,SLICEL.A5FF,1'b0
u_dut/t_r_reg[193],FDRE,SLICE_X36Y241,SLICEL.AFF,1'b0
u_dut/t_r_reg[1940],FDSE,SLICE_X18Y235,SLICEM.A5FF,1'b0
u_dut/t_r_reg[1941],FDSE,SLICE_X21Y224,SLICEL.CFF,1'b0
u_dut/t_r_reg[1943],FDSE,SLICE_X10Y234,SLICEM.BFF,1'b0
u_dut/t_r_reg[1945],FDSE,SLICE_X22Y232,SLICEM.BFF,1'b0
u_dut/t_r_reg[1946],FDSE,SLICE_X7Y235,SLICEL.B5FF,1'b0
u_dut/t_r_reg[1947],FDSE,SLICE_X10Y223,SLICEM.B5FF,1'b0
u_dut/t_r_reg[1949],FDSE,SLICE_X21Y224,SLICEL.DFF,1'b0
u_dut/t_r_reg[194],FDRE,SLICE_X35Y239,SLICEL.A5FF,1'b0
u_dut/t_r_reg[1951],FDSE,SLICE_X16Y223,SLICEM.C5FF,1'b0
u_dut/t_r_reg[1952],FDSE,SLICE_X10Y234,SLICEM.CFF,1'b0
u_dut/t_r_reg[1953],FDSE,SLICE_X12Y234,SLICEM.B5FF,1'b0
u_dut/t_r_reg[1954],FDSE,SLICE_X15Y232,SLICEL.A5FF,1'b0
u_dut/t_r_reg[1956],FDSE,SLICE_X18Y235,SLICEM.B5FF,1'b0
u_dut/t_r_reg[1959],FDSE,SLICE_X14Y234,SLICEM.B5FF,1'b0
u_dut/t_r_reg[195],FDRE,SLICE_X38Y230,SLICEM.CFF,1'b0
u_dut/t_r_reg[1964],FDRE,SLICE_X7Y236,SLICEL.CFF,1'b0
u_dut/t_r_reg[1965],FDRE,SLICE_X23Y235,SLICEL.AFF,1'b0
u_dut/t_r_reg[1967],FDRE,SLICE_X22Y223,SLICEM.CFF,1'b0
u_dut/t_r_reg[1968],FDRE,SLICE_X23Y231,SLICEL.AFF,1'b0
u_dut/t_r_reg[1969],FDRE,SLICE_X22Y223,SLICEM.AFF,1'b0
u_dut/t_r_reg[196],FDRE,SLICE_X36Y238,SLICEL.AFF,1'b0
u_dut/t_r_reg[1970],FDRE,SLICE_X12Y235,SLICEM.CFF,1'b0
u_dut/t_r_reg[1971],FDRE,SLICE_X15Y222,SLICEL.AFF,1'b0
u_dut/t_r_reg[1974],FDRE,SLICE_X8Y223,SLICEM.AFF,1'b0
u_dut/t_r_reg[1977],FDRE,SLICE_X7Y232,SLICEL.AFF,1'b0
u_dut/t_r_reg[1978],FDRE,SLICE_X15Y222,SLICEL.BFF,1'b0
u_dut/t_r_reg[197],FDRE,SLICE_X36Y235,SLICEL.DFF,1'b0
u_dut/t_r_reg[1980],FDRE,SLICE_X9Y235,SLICEL.AFF,1'b0
u_dut/t_r_reg[1981],FDRE,SLICE_X8Y223,SLICEM.BFF,1'b0
u_dut/t_r_reg[1982],FDRE,SLICE_X22Y223,SLICEM.BFF,1'b0
u_dut/t_r_reg[1983],FDRE,SLICE_X11Y235,SLICEL.AFF,1'b0
u_dut/t_r_reg[1985],FDRE,SLICE_X23Y232,SLICEL.AFF,1'b0
u_dut/t_r_reg[1987],FDRE,SLICE_X7Y236,SLICEL.AFF,1'b0
u_dut/t_r_reg[1988],FDRE,SLICE_X22Y223,SLICEM.A5FF,1'b0
u_dut/t_r_reg[1989],FDRE,SLICE_X11Y235,SLICEL.BFF,1'b0
u_dut/t_r_reg[198],FDRE,SLICE_X36Y238,SLICEL.BFF,1'b0
u_dut/t_r_reg[1990],FDRE,SLICE_X15Y222,SLICEL.B5FF,1'b0
u_dut/t_r_reg[1997],FDRE,SLICE_X23Y232,SLICEL.BFF,1'b0
u_dut/t_r_reg[1998],FDRE,SLICE_X23Y235,SLICEL.BFF,1'b0
u_dut/t_r_reg[1999],FDRE,SLICE_X8Y223,SLICEM.B5FF,1'b0
u_dut/t_r_reg[199],FDRE,SLICE_X32Y229,SLICEL.BFF,1'b0
u_dut/t_r_reg[19],FDRE,SLICE_X30Y240,SLICEL.DFF,1'b0
u_dut/t_r_reg[1],FDRE,SLICE_X28Y238,SLICEL.DFF,1'b0
u_dut/t_r_reg[2000],FDRE,SLICE_X22Y223,SLICEM.B5FF,1'b0
u_dut/t_r_reg[2002],FDRE,SLICE_X7Y236,SLICEL.BFF,1'b0
u_dut/t_r_reg[2015],FDRE,SLICE_X15Y222,SLICEL.A5FF,1'b0
u_dut/t_r_reg[2017],FDRE,SLICE_X8Y223,SLICEM.CFF,1'b0
u_dut/t_r_reg[2019],FDRE,SLICE_X12Y235,SLICEM.AFF,1'b0
u_dut/t_r_reg[2020],FDRE,SLICE_X23Y231,SLICEL.A5FF,1'b0
u_dut/t_r_reg[2021],FDRE,SLICE_X9Y235,SLICEL.CFF,1'b0
u_dut/t_r_reg[2023],FDRE,SLICE_X23Y235,SLICEL.CFF,1'b0
u_dut/t_r_reg[2025],FDRE,SLICE_X11Y235,SLICEL.DFF,1'b0
u_dut/t_r_reg[2026],FDRE,SLICE_X12Y235,SLICEM.A5FF,1'b0
u_dut/t_r_reg[2028],FDRE,SLICE_X9Y235,SLICEL.DFF,1'b0
u_dut/t_r_reg[2029],FDRE,SLICE_X9Y235,SLICEL.A5FF,1'b0
u_dut/t_r_reg[202],FDRE,SLICE_X31Y241,SLICEL.CFF,1'b0
u_dut/t_r_reg[2033],FDRE,SLICE_X7Y232,SLICEL.BFF,1'b0
u_dut/t_r_reg[2035],FDRE,SLICE_X12Y235,SLICEM.BFF,1'b0
u_dut/t_r_reg[2036],FDRE,SLICE_X23Y232,SLICEL.B5FF,1'b0
u_dut/t_r_reg[2037],FDRE,SLICE_X23Y235,SLICEL.A5FF,1'b0
u_dut/t_r_reg[2038],FDRE,SLICE_X23Y235,SLICEL.DFF,1'b0
u_dut/t_r_reg[203],FDRE,SLICE_X28Y244,SLICEL.AFF,1'b0
u_dut/t_r_reg[2040],FDRE,SLICE_X23Y235,SLICEL.B5FF,1'b0
u_dut/t_r_reg[2042],FDRE,SLICE_X23Y232,SLICEL.A5FF,1'b0
u_dut/t_r_reg[204],FDRE,SLICE_X31Y235,SLICEL.DFF,1'b0
u_dut/t_r_reg[2059],FDRE,SLICE_X17Y240,SLICEL.A5FF,1'b0
u_dut/t_r_reg[205],FDRE,SLICE_X30Y243,SLICEL.AFF,1'b0
u_dut/t_r_reg[2060],FDRE,SLICE_X22Y230,SLICEM.CFF,1'b0
u_dut/t_r_reg[2066],FDRE,SLICE_X32Y230,SLICEL.DFF,1'b0
u_dut/t_r_reg[2067],FDSE,SLICE_X31Y223,SLICEL.A5FF,1'b0
u_dut/t_r_reg[206],FDRE,SLICE_X30Y243,SLICEL.BFF,1'b0
u_dut/t_r_reg[2072],FDSE,SLICE_X31Y230,SLICEL.AFF,1'b0
u_dut/t_r_reg[2073],FDSE,SLICE_X33Y230,SLICEL.CFF,1'b0
u_dut/t_r_reg[2074],FDRE,SLICE_X30Y223,SLICEL.CFF,1'b0
u_dut/t_r_reg[2075],FDRE,SLICE_X30Y223,SLICEL.DFF,1'b0
u_dut/t_r_reg[2076],FDSE,SLICE_X31Y228,SLICEL.BFF,1'b0
u_dut/t_r_reg[2077],FDSE,SLICE_X33Y230,SLICEL.AFF,1'b0
u_dut/t_r_reg[207],FDRE,SLICE_X26Y244,SLICEL.AFF,1'b0
u_dut/t_r_reg[2080],FDSE,SLICE_X31Y223,SLICEL.AFF,1'b0
u_dut/t_r_reg[2082],FDSE,SLICE_X31Y230,SLICEL.A5FF,1'b0
u_dut/t_r_reg[2084],FDSE,SLICE_X31Y230,SLICEL.BFF,1'b0
u_dut/t_r_reg[2085],FDSE,SLICE_X31Y230,SLICEL.CFF,1'b0
u_dut/t_r_reg[2086],FDSE,SLICE_X33Y230,SLICEL.BFF,1'b0
u_dut/t_r_reg[2087],FDSE,SLICE_X31Y230,SLICEL.C5FF,1'b0
u_dut/t_r_reg[208],FDRE,SLICE_X31Y243,SLICEL.BFF,1'b0
u_dut/t_r_reg[2090],FDSE,SLICE_X31Y228,SLICEL.CFF,1'b0
u_dut/t_r_reg[2091],FDSE,SLICE_X31Y223,SLICEL.BFF,1'b0
u_dut/t_r_reg[2092],FDSE,SLICE_X31Y230,SLICEL.DFF,1'b0
u_dut/t_r_reg[2093],FDSE,SLICE_X31Y223,SLICEL.CFF,1'b0
u_dut/t_r_reg[2094],FDSE,SLICE_X19Y230,SLICEL.CFF,1'b0
u_dut/t_r_reg[2097],FDSE,SLICE_X31Y229,SLICEL.AFF,1'b0
u_dut/t_r_reg[2098],FDSE,SLICE_X21Y229,SLICEL.AFF,1'b0
u_dut/t_r_reg[2099],FDSE,SLICE_X31Y229,SLICEL.BFF,1'b0
u_dut/t_r_reg[209],FDRE,SLICE_X27Y242,SLICEL.AFF,1'b0
u_dut/t_r_reg[20],FDRE,SLICE_X38Y230,SLICEM.DFF,1'b0
u_dut/t_r_reg[2101],FDSE,SLICE_X21Y229,SLICEL.BFF,1'b0
u_dut/t_r_reg[2102],FDSE,SLICE_X21Y229,SLICEL.CFF,1'b0
u_dut/t_r_reg[2104],FDSE,SLICE_X31Y229,SLICEL.CFF,1'b0
u_dut/t_r_reg[2106],FDSE,SLICE_X19Y230,SLICEL.AFF,1'b0
u_dut/t_r_reg[2107],FDSE,SLICE_X31Y229,SLICEL.DFF,1'b0
u_dut/t_r_reg[2108],FDRE,SLICE_X26Y229,SLICEL.A5FF,1'b0
u_dut/t_r_reg[2110],FDSE,SLICE_X31Y229,SLICEL.A5FF,1'b0
u_dut/t_r_reg[2111],FDRE,SLICE_X21Y228,SLICEL.CFF,1'b0
u_dut/t_r_reg[2113],FDSE,SLICE_X19Y230,SLICEL.BFF,1'b0
u_dut/t_r_reg[2114],FDSE,SLICE_X21Y229,SLICEL.C5FF,1'b0
u_dut/t_r_reg[2115],FDSE,SLICE_X23Y226,SLICEL.A5FF,1'b0
u_dut/t_r_reg[2116],FDRE,SLICE_X13Y225,SLICEL.BFF,1'b0
u_dut/t_r_reg[2118],FDSE,SLICE_X23Y226,SLICEL.CFF,1'b0
u_dut/t_r_reg[211],FDRE,SLICE_X26Y243,SLICEL.AFF,1'b0
u_dut/t_r_reg[2120],FDSE,SLICE_X27Y228,SLICEL.AFF,1'b0
u_dut/t_r_reg[2121],FDSE,SLICE_X11Y225,SLICEL.AFF,1'b0
u_dut/t_r_reg[2124],FDSE,SLICE_X27Y228,SLICEL.BFF,1'b0
u_dut/t_r_reg[2125],FDRE,SLICE_X28Y227,SLICEL.CFF,1'b0
u_dut/t_r_reg[2126],FDSE,SLICE_X23Y226,SLICEL.AFF,1'b0
u_dut/t_r_reg[2127],FDSE,SLICE_X27Y228,SLICEL.CFF,1'b0
u_dut/t_r_reg[2129],FDSE,SLICE_X27Y228,SLICEL.DFF,1'b0
u_dut/t_r_reg[212],FDRE,SLICE_X30Y243,SLICEL.CFF,1'b0
u_dut/t_r_reg[2131],FDSE,SLICE_X23Y226,SLICEL.BFF,1'b0
u_dut/t_r_reg[2132],FDSE,SLICE_X11Y225,SLICEL.BFF,1'b0
u_dut/t_r_reg[2133],FDSE,SLICE_X17Y230,SLICEL.A5FF,1'b0
u_dut/t_r_reg[2134],FDSE,SLICE_X26Y230,SLICEL.AFF,1'b0
u_dut/t_r_reg[2136],FDSE,SLICE_X26Y230,SLICEL.A5FF,1'b0
u_dut/t_r_reg[2138],FDSE,SLICE_X26Y230,SLICEL.BFF,1'b0
u_dut/t_r_reg[2139],FDSE,SLICE_X25Y224,SLICEL.AFF,1'b0
u_dut/t_r_reg[213],FDRE,SLICE_X27Y242,SLICEL.BFF,1'b0
u_dut/t_r_reg[2141],FDSE,SLICE_X26Y230,SLICEL.CFF,1'b0
u_dut/t_r_reg[2142],FDSE,SLICE_X32Y223,SLICEL.AFF,1'b0
u_dut/t_r_reg[2143],FDSE,SLICE_X25Y224,SLICEL.A5FF,1'b0
u_dut/t_r_reg[2144],FDRE,SLICE_X33Y229,SLICEL.CFF,1'b0
u_dut/t_r_reg[2145],FDSE,SLICE_X26Y230,SLICEL.C5FF,1'b0
u_dut/t_r_reg[2146],FDSE,SLICE_X26Y230,SLICEL.B5FF,1'b0
u_dut/t_r_reg[2148],FDSE,SLICE_X32Y223,SLICEL.BFF,1'b0
u_dut/t_r_reg[214],FDRE,SLICE_X27Y242,SLICEL.CFF,1'b0
u_dut/t_r_reg[2151],FDRE,SLICE_X18Y230,SLICEM.CFF,1'b0
u_dut/t_r_reg[2152],FDSE,SLICE_X26Y227,SLICEL.DFF,1'b0
u_dut/t_r_reg[2153],FDSE,SLICE_X19Y228,SLICEL.AFF,1'b0
u_dut/t_r_reg[2154],FDSE,SLICE_X19Y228,SLICEL.BFF,1'b0
u_dut/t_r_reg[2156],FDSE,SLICE_X19Y228,SLICEL.CFF,1'b0
u_dut/t_r_reg[2158],FDRE,SLICE_X22Y228,SLICEM.BFF,1'b0
u_dut/t_r_reg[2159],FDSE,SLICE_X26Y227,SLICEL.AFF,1'b0
u_dut/t_r_reg[215],FDRE,SLICE_X27Y242,SLICEL.DFF,1'b0
u_dut/t_r_reg[2161],FDSE,SLICE_X19Y228,SLICEL.DFF,1'b0
u_dut/t_r_reg[2162],FDSE,SLICE_X26Y227,SLICEL.BFF,1'b0
u_dut/t_r_reg[2163],FDSE,SLICE_X26Y227,SLICEL.CFF,1'b0
u_dut/t_r_reg[2164],FDRE,SLICE_X13Y225,SLICEL.CFF,1'b0
u_dut/t_r_reg[2166],FDSE,SLICE_X25Y229,SLICEL.DFF,1'b0
u_dut/t_r_reg[2168],FDSE,SLICE_X25Y229,SLICEL.BFF,1'b0
u_dut/t_r_reg[2169],FDRE,SLICE_X25Y227,SLICEL.DFF,1'b0
u_dut/t_r_reg[216],FDRE,SLICE_X26Y243,SLICEL.CFF,1'b0
u_dut/t_r_reg[2171],FDSE,SLICE_X25Y229,SLICEL.CFF,1'b0
u_dut/t_r_reg[2173],FDSE,SLICE_X25Y229,SLICEL.AFF,1'b0
u_dut/t_r_reg[2174],FDSE,SLICE_X21Y226,SLICEL.AFF,1'b0
u_dut/t_r_reg[2175],FDSE,SLICE_X21Y226,SLICEL.BFF,1'b0
u_dut/t_r_reg[2177],FDSE,SLICE_X21Y226,SLICEL.CFF,1'b0
u_dut/t_r_reg[217],FDSE,SLICE_X31Y242,SLICEL.CFF,1'b0
u_dut/t_r_reg[2181],FDRE,SLICE_X20Y229,SLICEM.CFF,1'b0
u_dut/t_r_reg[2183],FDSE,SLICE_X33Y226,SLICEL.CFF,1'b0
u_dut/t_r_reg[2184],FDRE,SLICE_X20Y230,SLICEM.DFF,1'b0
u_dut/t_r_reg[2187],FDSE,SLICE_X33Y226,SLICEL.AFF,1'b0
u_dut/t_r_reg[2188],FDSE,SLICE_X17Y230,SLICEL.AFF,1'b0
u_dut/t_r_reg[218],FDSE,SLICE_X29Y242,SLICEL.AFF,1'b0
u_dut/t_r_reg[2190],FDSE,SLICE_X33Y226,SLICEL.BFF,1'b0
u_dut/t_r_reg[2191],FDSE,SLICE_X22Y217,SLICEM.AFF,1'b0
u_dut/t_r_reg[2196],FDRE,SLICE_X22Y229,SLICEM.DFF,1'b0
u_dut/t_r_reg[2200],FDRE,SLICE_X28Y227,SLICEL.DFF,1'b0
u_dut/t_r_reg[2208],FDRE,SLICE_X22Y228,SLICEM.CFF,1'b0
u_dut/t_r_reg[2209],FDSE,SLICE_X29Y230,SLICEL.AFF,1'b0
u_dut/t_r_reg[220],FDSE,SLICE_X31Y242,SLICEL.AFF,1'b0
u_dut/t_r_reg[2212],FDRE,SLICE_X22Y230,SLICEM.DFF,1'b0
u_dut/t_r_reg[2213],FDSE,SLICE_X23Y229,SLICEL.BFF,1'b0
u_dut/t_r_reg[2214],FDRE,SLICE_X22Y228,SLICEM.DFF,1'b0
u_dut/t_r_reg[2216],FDSE,SLICE_X23Y229,SLICEL.B5FF,1'b0
u_dut/t_r_reg[2218],FDSE,SLICE_X23Y229,SLICEL.CFF,1'b0
u_dut/t_r_reg[221],FDRE,SLICE_X31Y241,SLICEL.DFF,1'b0
u_dut/t_r_reg[2224],FDRE,SLICE_X29Y227,SLICEL.DFF,1'b0
u_dut/t_r_reg[2228],FDRE,SLICE_X21Y228,SLICEL.DFF,1'b0
u_dut/t_r_reg[2229],FDRE,SLICE_X17Y225,SLICEL.DFF,1'b0
u_dut/t_r_reg[222],FDSE,SLICE_X29Y242,SLICEL.CFF,1'b0
u_dut/t_r_reg[2230],FDSE,SLICE_X22Y226,SLICEM.BFF,1'b0
u_dut/t_r_reg[2231],FDRE,SLICE_X16Y230,SLICEM.DFF,1'b0
u_dut/t_r_reg[2233],FDSE,SLICE_X29Y226,SLICEL.AFF,1'b0
u_dut/t_r_reg[2235],FDSE,SLICE_X29Y226,SLICEL.BFF,1'b0
u_dut/t_r_reg[2236],FDSE,SLICE_X22Y226,SLICEM.AFF,1'b0
u_dut/t_r_reg[2237],FDRE,SLICE_X30Y226,SLICEL.DFF,1'b0
u_dut/t_r_reg[223],FDSE,SLICE_X29Y242,SLICEL.A5FF,1'b0
u_dut/t_r_reg[2243],FDRE,SLICE_X32Y229,SLICEL.A5FF,1'b0
u_dut/t_r_reg[2249],FDRE,SLICE_X12Y225,SLICEM.A5FF,1'b0
u_dut/t_r_reg[224],FDSE,SLICE_X24Y242,SLICEL.DFF,1'b0
u_dut/t_r_reg[2251],FDRE,SLICE_X10Y224,SLICEM.A5FF,1'b0
u_dut/t_r_reg[2254],FDRE,SLICE_X32Y229,SLICEL.DFF,1'b0
u_dut/t_r_reg[225],FDSE,SLICE_X24Y242,SLICEL.AFF,1'b0
u_dut/t_r_reg[2265],FDRE,SLICE_X20Y218,SLICEM.BFF,1'b0
u_dut/t_r_reg[2274],FDRE,SLICE_X23Y214,SLICEL.AFF,1'b0
u_dut/t_r_reg[2277],FDRE,SLICE_X20Y219,SLICEM.BFF,1'b0
u_dut/t_r_reg[227],FDRE,SLICE_X26Y244,SLICEL.DFF,1'b0
u_dut/t_r_reg[2281],FDSE,SLICE_X27Y219,SLICEL.DFF,1'b0
u_dut/t_r_reg[2283],FDSE,SLICE_X24Y219,SLICEL.AFF,1'b0
u_dut/t_r_reg[2284],FDRE,SLICE_X23Y218,SLICEL.AFF,1'b0
u_dut/t_r_reg[2286],FDSE,SLICE_X19Y219,SLICEL.AFF,1'b0
u_dut/t_r_reg[2288],FDSE,SLICE_X24Y219,SLICEL.BFF,1'b0
u_dut/t_r_reg[2289],FDSE,SLICE_X27Y219,SLICEL.AFF,1'b0
u_dut/t_r_reg[228],FDRE,SLICE_X28Y244,SLICEL.BFF,1'b0
u_dut/t_r_reg[2290],FDSE,SLICE_X27Y219,SLICEL.BFF,1'b0
u_dut/t_r_reg[2291],FDSE,SLICE_X27Y219,SLICEL.CFF,1'b0
u_dut/t_r_reg[2293],FDSE,SLICE_X21Y222,SLICEL.AFF,1'b0
u_dut/t_r_reg[2295],FDSE,SLICE_X25Y222,SLICEL.DFF,1'b0
u_dut/t_r_reg[2297],FDRE,SLICE_X22Y220,SLICEM.BFF,1'b0
u_dut/t_r_reg[2298],FDSE,SLICE_X21Y222,SLICEL.BFF,1'b0
u_dut/t_r_reg[229],FDSE,SLICE_X27Y241,SLICEL.AFF,1'b0
u_dut/t_r_reg[2300],FDSE,SLICE_X21Y222,SLICEL.A5FF,1'b0
u_dut/t_r_reg[2301],FDSE,SLICE_X25Y222,SLICEL.AFF,1'b0
u_dut/t_r_reg[2302],FDSE,SLICE_X25Y222,SLICEL.BFF,1'b0
u_dut/t_r_reg[2304],FDSE,SLICE_X25Y222,SLICEL.CFF,1'b0
u_dut/t_r_reg[2305],FDSE,SLICE_X21Y222,SLICEL.CFF,1'b0
u_dut/t_r_reg[2306],FDSE,SLICE_X23Y220,SLICEL.CFF,1'b0
u_dut/t_r_reg[2309],FDRE,SLICE_X24Y220,SLICEL.BFF,1'b0
u_dut/t_r_reg[230],FDSE,SLICE_X27Y241,SLICEL.BFF,1'b0
u_dut/t_r_reg[2310],FDRE,SLICE_X18Y220,SLICEM.BFF,1'b0
u_dut/t_r_reg[2311],FDRE,SLICE_X22Y220,SLICEM.CFF,1'b0
u_dut/t_r_reg[2313],FDSE,SLICE_X23Y220,SLICEL.AFF,1'b0
u_dut/t_r_reg[2314],FDSE,SLICE_X25Y220,SLICEL.AFF,1'b0
u_dut/t_r_reg[2317],FDSE,SLICE_X25Y220,SLICEL.BFF,1'b0
u_dut/t_r_reg[2318],FDSE,SLICE_X25Y220,SLICEL.CFF,1'b0
u_dut/t_r_reg[2319],FDSE,SLICE_X25Y220,SLICEL.DFF,1'b0
u_dut/t_r_reg[231],FDSE,SLICE_X27Y241,SLICEL.CFF,1'b0
u_dut/t_r_reg[2320],FDRE,SLICE_X24Y220,SLICEL.CFF,1'b0
u_dut/t_r_reg[2321],FDRE,SLICE_X26Y222,SLICEL.CFF,1'b0
u_dut/t_r_reg[2323],FDRE,SLICE_X26Y222,SLICEL.DFF,1'b0
u_dut/t_r_reg[2325],FDRE,SLICE_X18Y220,SLICEM.CFF,1'b0
u_dut/t_r_reg[2327],FDSE,SLICE_X23Y221,SLICEL.CFF,1'b0
u_dut/t_r_reg[2328],FDSE,SLICE_X23Y221,SLICEL.AFF,1'b0
u_dut/t_r_reg[2329],FDSE,SLICE_X23Y221,SLICEL.BFF,1'b0
u_dut/t_r_reg[232],FDSE,SLICE_X24Y242,SLICEL.BFF,1'b0
u_dut/t_r_reg[2332],FDSE,SLICE_X23Y221,SLICEL.B5FF,1'b0
u_dut/t_r_reg[2336],FDSE,SLICE_X17Y218,SLICEL.BFF,1'b0
u_dut/t_r_reg[2337],FDSE,SLICE_X22Y221,SLICEM.AFF,1'b0
u_dut/t_r_reg[2338],FDSE,SLICE_X17Y218,SLICEL.AFF,1'b0
u_dut/t_r_reg[233],FDSE,SLICE_X27Y241,SLICEL.DFF,1'b0
u_dut/t_r_reg[2340],FDSE,SLICE_X22Y221,SLICEM.BFF,1'b0
u_dut/t_r_reg[2341],FDSE,SLICE_X22Y221,SLICEM.A5FF,1'b0
u_dut/t_r_reg[2342],FDRE,SLICE_X17Y222,SLICEL.BFF,1'b0
u_dut/t_r_reg[2344],FDRE,SLICE_X24Y222,SLICEL.CFF,1'b0
u_dut/t_r_reg[2348],FDSE,SLICE_X22Y221,SLICEM.CFF,1'b0
u_dut/t_r_reg[234],FDSE,SLICE_X24Y242,SLICEL.CFF,1'b0
u_dut/t_r_reg[2354],FDSE,SLICE_X23Y219,SLICEL.BFF,1'b0
u_dut/t_r_reg[2355],FDRE,SLICE_X22Y219,SLICEM.AFF,1'b0
u_dut/t_r_reg[2356],FDSE,SLICE_X23Y219,SLICEL.CFF,1'b0
u_dut/t_r_reg[2359],FDSE,SLICE_X23Y219,SLICEL.AFF,1'b0
u_dut/t_r_reg[235],FDSE,SLICE_X25Y242,SLICEL.CFF,1'b0
u_dut/t_r_reg[2360],FDRE,SLICE_X22Y219,SLICEM.CFF,1'b0
u_dut/t_r_reg[2365],FDSE,SLICE_X21Y218,SLICEL.AFF,1'b0
u_dut/t_r_reg[2366],FDSE,SLICE_X21Y218,SLICEL.A5FF,1'b0
u_dut/t_r_reg[2368],FDSE,SLICE_X21Y218,SLICEL.CFF,1'b0
u_dut/t_r_reg[2372],FDSE,SLICE_X21Y221,SLICEL.DFF,1'b0
u_dut/t_r_reg[2374],FDRE,SLICE_X22Y219,SLICEM.DFF,1'b0
u_dut/t_r_reg[2375],FDSE,SLICE_X27Y220,SLICEL.BFF,1'b0
u_dut/t_r_reg[2376],FDSE,SLICE_X27Y220,SLICEL.CFF,1'b0
u_dut/t_r_reg[2377],FDSE,SLICE_X19Y218,SLICEL.AFF,1'b0
u_dut/t_r_reg[237],FDSE,SLICE_X25Y244,SLICEL.AFF,1'b0
u_dut/t_r_reg[2383],FDRE,SLICE_X19Y220,SLICEL.AFF,1'b0
u_dut/t_r_reg[2384],FDSE,SLICE_X21Y221,SLICEL.AFF,1'b0
u_dut/t_r_reg[2385],FDRE,SLICE_X22Y220,SLICEM.DFF,1'b0
u_dut/t_r_reg[2388],FDRE,SLICE_X20Y219,SLICEM.CFF,1'b0
u_dut/t_r_reg[2389],FDSE,SLICE_X21Y221,SLICEL.BFF,1'b0
u_dut/t_r_reg[238],FDSE,SLICE_X25Y242,SLICEL.A5FF,1'b0
u_dut/t_r_reg[2391],FDSE,SLICE_X21Y221,SLICEL.CFF,1'b0
u_dut/t_r_reg[2392],FDSE,SLICE_X27Y220,SLICEL.DFF,1'b0
u_dut/t_r_reg[2395],FDRE,SLICE_X24Y220,SLICEL.DFF,1'b0
u_dut/t_r_reg[2397],FDSE,SLICE_X19Y221,SLICEL.AFF,1'b0
u_dut/t_r_reg[239],FDRE,SLICE_X25Y241,SLICEL.BFF,1'b0
u_dut/t_r_reg[23],FDRE,SLICE_X31Y239,SLICEL.DFF,1'b0
u_dut/t_r_reg[2401],FDSE,SLICE_X25Y221,SLICEL.AFF,1'b0
u_dut/t_r_reg[2404],FDSE,SLICE_X25Y221,SLICEL.DFF,1'b0
u_dut/t_r_reg[240],FDRE,SLICE_X25Y241,SLICEL.CFF,1'b0
u_dut/t_r_reg[2411],FDSE,SLICE_X25Y221,SLICEL.BFF,1'b0
u_dut/t_r_reg[2412],FDSE,SLICE_X25Y221,SLICEL.A5FF,1'b0
u_dut/t_r_reg[2413],FDSE,SLICE_X25Y221,SLICEL.CFF,1'b0
u_dut/t_r_reg[2416],FDSE,SLICE_X19Y217,SLICEL.AFF,1'b0
u_dut/t_r_reg[241],FDRE,SLICE_X21Y243,SLICEL.CFF,1'b0
u_dut/t_r_reg[2420],FDSE,SLICE_X25Y218,SLICEL.DFF,1'b0
u_dut/t_r_reg[2421],FDSE,SLICE_X25Y219,SLICEL.AFF,1'b0
u_dut/t_r_reg[2422],FDSE,SLICE_X25Y218,SLICEL.AFF,1'b0
u_dut/t_r_reg[2423],FDSE,SLICE_X25Y218,SLICEL.BFF,1'b0
u_dut/t_r_reg[2424],FDSE,SLICE_X25Y218,SLICEL.CFF,1'b0
u_dut/t_r_reg[2425],FDSE,SLICE_X25Y219,SLICEL.BFF,1'b0
u_dut/t_r_reg[2426],FDRE,SLICE_X19Y220,SLICEL.CFF,1'b0
u_dut/t_r_reg[2428],FDSE,SLICE_X21Y217,SLICEL.AFF,1'b0
u_dut/t_r_reg[242],FDSE,SLICE_X25Y243,SLICEL.BFF,1'b0
u_dut/t_r_reg[2432],FDSE,SLICE_X25Y219,SLICEL.CFF,1'b0
u_dut/t_r_reg[243],FDSE,SLICE_X21Y242,SLICEL.AFF,1'b0
u_dut/t_r_reg[2442],FDRE,SLICE_X26Y216,SLICEL.AFF,1'b0
u_dut/t_r_reg[2444],FDRE,SLICE_X17Y220,SLICEL.AFF,1'b0
u_dut/t_r_reg[244],FDSE,SLICE_X21Y242,SLICEL.A5FF,1'b0
u_dut/t_r_reg[245],FDSE,SLICE_X25Y243,SLICEL.AFF,1'b0
u_dut/t_r_reg[246],FDSE,SLICE_X21Y242,SLICEL.BFF,1'b0
u_dut/t_r_reg[247],FDSE,SLICE_X25Y242,SLICEL.AFF,1'b0
u_dut/t_r_reg[2488],FDSE,SLICE_X22Y216,SLICEM.CFF,1'b0
u_dut/t_r_reg[248],FDSE,SLICE_X25Y242,SLICEL.BFF,1'b0
u_dut/t_r_reg[2496],FDSE,SLICE_X22Y216,SLICEM.AFF,1'b0
u_dut/t_r_reg[249],FDSE,SLICE_X25Y242,SLICEL.DFF,1'b0
u_dut/t_r_reg[24],FDRE,SLICE_X24Y239,SLICEL.DFF,1'b0
u_dut/t_r_reg[2501],FDSE,SLICE_X20Y215,SLICEM.CFF,1'b0
u_dut/t_r_reg[2504],FDSE,SLICE_X22Y216,SLICEM.DFF,1'b0
u_dut/t_r_reg[2512],FDSE,SLICE_X20Y214,SLICEM.AFF,1'b0
u_dut/t_r_reg[2513],FDSE,SLICE_X20Y215,SLICEM.AFF,1'b0
u_dut/t_r_reg[251],FDSE,SLICE_X25Y244,SLICEL.BFF,1'b0
u_dut/t_r_reg[252],FDSE,SLICE_X26Y241,SLICEL.BFF,1'b0
u_dut/t_r_reg[2530],FDSE,SLICE_X20Y214,SLICEM.BFF,1'b0
u_dut/t_r_reg[253],FDSE,SLICE_X26Y241,SLICEL.AFF,1'b0
u_dut/t_r_reg[254],FDSE,SLICE_X29Y241,SLICEL.AFF,1'b0
u_dut/t_r_reg[2553],FDSE,SLICE_X20Y215,SLICEM.BFF,1'b0
u_dut/t_r_reg[255],FDSE,SLICE_X29Y241,SLICEL.BFF,1'b0
u_dut/t_r_reg[256],FDSE,SLICE_X26Y241,SLICEL.A5FF,1'b0
u_dut/t_r_reg[257],FDSE,SLICE_X29Y241,SLICEL.CFF,1'b0
u_dut/t_r_reg[2580],FDRE,SLICE_X23Y216,SLICEL.DFF,1'b0
u_dut/t_r_reg[2581],FDRE,SLICE_X20Y217,SLICEM.AFF,1'b0
u_dut/t_r_reg[2582],FDRE,SLICE_X23Y216,SLICEL.AFF,1'b0
u_dut/t_r_reg[2584],FDRE,SLICE_X21Y216,SLICEL.BFF,1'b0
u_dut/t_r_reg[258],FDSE,SLICE_X24Y244,SLICEL.AFF,1'b0
u_dut/t_r_reg[2590],FDRE,SLICE_X21Y215,SLICEL.AFF,1'b0
u_dut/t_r_reg[2592],FDRE,SLICE_X23Y216,SLICEL.BFF,1'b0
u_dut/t_r_reg[2594],FDRE,SLICE_X20Y216,SLICEM.AFF,1'b0
u_dut/t_r_reg[2596],FDRE,SLICE_X20Y217,SLICEM.BFF,1'b0
u_dut/t_r_reg[2599],FDRE,SLICE_X21Y215,SLICEL.A5FF,1'b0
u_dut/t_r_reg[259],FDSE,SLICE_X23Y245,SLICEL.DFF,1'b0
u_dut/t_r_reg[25],FDSE,SLICE_X28Y239,SLICEL.AFF,1'b0
u_dut/t_r_reg[2601],FDRE,SLICE_X21Y216,SLICEL.CFF,1'b0
u_dut/t_r_reg[2602],FDRE,SLICE_X23Y216,SLICEL.B5FF,1'b0
u_dut/t_r_reg[2603],FDRE,SLICE_X23Y216,SLICEL.CFF,1'b0
u_dut/t_r_reg[260],FDSE,SLICE_X23Y245,SLICEL.AFF,1'b0
u_dut/t_r_reg[2612],FDRE,SLICE_X21Y216,SLICEL.DFF,1'b0
u_dut/t_r_reg[2614],FDRE,SLICE_X20Y216,SLICEM.A5FF,1'b0
u_dut/t_r_reg[261],FDSE,SLICE_X27Y244,SLICEL.AFF,1'b0
u_dut/t_r_reg[2624],FDRE,SLICE_X20Y217,SLICEM.CFF,1'b0
u_dut/t_r_reg[2628],FDRE,SLICE_X20Y217,SLICEM.B5FF,1'b0
u_dut/t_r_reg[2629],FDRE,SLICE_X20Y216,SLICEM.DFF,1'b0
u_dut/t_r_reg[262],FDSE,SLICE_X23Y245,SLICEL.BFF,1'b0
u_dut/t_r_reg[263],FDSE,SLICE_X23Y245,SLICEL.CFF,1'b0
u_dut/t_r_reg[2643],FDRE,SLICE_X20Y217,SLICEM.DFF,1'b0
u_dut/t_r_reg[2655],FDSE,SLICE_X17Y232,SLICEL.AFF,1'b0
u_dut/t_r_reg[2656],FDSE,SLICE_X17Y232,SLICEL.BFF,1'b0
u_dut/t_r_reg[2657],FDSE,SLICE_X17Y232,SLICEL.CFF,1'b0
u_dut/t_r_reg[2658],FDSE,SLICE_X17Y232,SLICEL.DFF,1'b0
u_dut/t_r_reg[2659],FDSE,SLICE_X17Y232,SLICEL.A5FF,1'b0
u_dut/t_r_reg[265],FDSE,SLICE_X29Y244,SLICEL.DFF,1'b0
u_dut/t_r_reg[2660],FDSE,SLICE_X11Y232,SLICEL.AFF,1'b0
u_dut/t_r_reg[2661],FDSE,SLICE_X17Y232,SLICEL.B5FF,1'b0
u_dut/t_r_reg[2662],FDSE,SLICE_X14Y222,SLICEM.AFF,1'b0
u_dut/t_r_reg[2663],FDSE,SLICE_X10Y231,SLICEM.BFF,1'b0
u_dut/t_r_reg[2664],FDSE,SLICE_X10Y231,SLICEM.AFF,1'b0
u_dut/t_r_reg[2665],FDSE,SLICE_X17Y232,SLICEL.C5FF,1'b0
u_dut/t_r_reg[2666],FDSE,SLICE_X11Y232,SLICEL.BFF,1'b0
u_dut/t_r_reg[2667],FDSE,SLICE_X11Y232,SLICEL.CFF,1'b0
u_dut/t_r_reg[2668],FDSE,SLICE_X10Y231,SLICEM.B5FF,1'b0
u_dut/t_r_reg[2669],FDSE,SLICE_X8Y225,SLICEM.AFF,1'b0
u_dut/t_r_reg[266],FDSE,SLICE_X27Y245,SLICEL.DFF,1'b0
u_dut/t_r_reg[2671],FDSE,SLICE_X8Y225,SLICEM.A5FF,1'b0
u_dut/t_r_reg[2672],FDSE,SLICE_X16Y224,SLICEM.AFF,1'b0
u_dut/t_r_reg[2673],FDSE,SLICE_X16Y224,SLICEM.BFF,1'b0
u_dut/t_r_reg[2674],FDSE,SLICE_X16Y224,SLICEM.CFF,1'b0
u_dut/t_r_reg[2675],FDSE,SLICE_X16Y224,SLICEM.DFF,1'b0
u_dut/t_r_reg[2676],FDSE,SLICE_X8Y225,SLICEM.BFF,1'b0
u_dut/t_r_reg[2678],FDSE,SLICE_X16Y224,SLICEM.C5FF,1'b0
u_dut/t_r_reg[2679],FDSE,SLICE_X16Y224,SLICEM.A5FF,1'b0
u_dut/t_r_reg[267],FDSE,SLICE_X29Y244,SLICEL.AFF,1'b0
u_dut/t_r_reg[2680],FDSE,SLICE_X16Y224,SLICEM.B5FF,1'b0
u_dut/t_r_reg[2681],FDSE,SLICE_X16Y224,SLICEM.D5FF,1'b0
u_dut/t_r_reg[2682],FDSE,SLICE_X13Y221,SLICEL.AFF,1'b0
u_dut/t_r_reg[2683],FDSE,SLICE_X14Y222,SLICEM.BFF,1'b0
u_dut/t_r_reg[2684],FDSE,SLICE_X13Y221,SLICEL.BFF,1'b0
u_dut/t_r_reg[2685],FDRE,SLICE_X16Y226,SLICEM.DFF,1'b0
u_dut/t_r_reg[2686],FDSE,SLICE_X10Y231,SLICEM.A5FF,1'b0
u_dut/t_r_reg[2687],FDSE,SLICE_X10Y231,SLICEM.CFF,1'b0
u_dut/t_r_reg[2688],FDSE,SLICE_X14Y222,SLICEM.CFF,1'b0
u_dut/t_r_reg[2689],FDSE,SLICE_X14Y222,SLICEM.A5FF,1'b0
u_dut/t_r_reg[268],FDSE,SLICE_X27Y245,SLICEL.AFF,1'b0
u_dut/t_r_reg[2690],FDSE,SLICE_X14Y222,SLICEM.DFF,1'b0
u_dut/t_r_reg[2691],FDSE,SLICE_X13Y221,SLICEL.CFF,1'b0
u_dut/t_r_reg[2692],FDSE,SLICE_X13Y221,SLICEL.A5FF,1'b0
u_dut/t_r_reg[2693],FDSE,SLICE_X8Y227,SLICEM.A5FF,1'b0
u_dut/t_r_reg[2694],FDRE,SLICE_X10Y228,SLICEM.DFF,1'b0
u_dut/t_r_reg[2695],FDSE,SLICE_X7Y229,SLICEL.DFF,1'b0
u_dut/t_r_reg[2696],FDRE,SLICE_X6Y226,SLICEM.DFF,1'b0
u_dut/t_r_reg[2697],FDSE,SLICE_X8Y227,SLICEM.AFF,1'b0
u_dut/t_r_reg[2698],FDRE,SLICE_X5Y228,SLICEL.AFF,1'b0
u_dut/t_r_reg[2699],FDRE,SLICE_X7Y228,SLICEL.DFF,1'b0
u_dut/t_r_reg[269],FDSE,SLICE_X29Y244,SLICEL.BFF,1'b0
u_dut/t_r_reg[26],FDRE,SLICE_X23Y242,SLICEL.DFF,1'b0
u_dut/t_r_reg[2700],FDSE,SLICE_X7Y229,SLICEL.CFF,1'b0
u_dut/t_r_reg[2701],FDSE,SLICE_X8Y227,SLICEM.BFF,1'b0
u_dut/t_r_reg[2702],FDSE,SLICE_X7Y229,SLICEL.AFF,1'b0
u_dut/t_r_reg[2703],FDSE,SLICE_X8Y227,SLICEM.CFF,1'b0
u_dut/t_r_reg[2704],FDSE,SLICE_X7Y229,SLICEL.BFF,1'b0
u_dut/t_r_reg[2705],FDSE,SLICE_X8Y227,SLICEM.DFF,1'b0
u_dut/t_r_reg[2706],FDRE,SLICE_X12Y231,SLICEM.BFF,1'b0
u_dut/t_r_reg[2707],FDSE,SLICE_X7Y225,SLICEL.CFF,1'b0
u_dut/t_r_reg[2708],FDSE,SLICE_X10Y225,SLICEM.AFF,1'b0
u_dut/t_r_reg[2709],FDRE,SLICE_X10Y224,SLICEM.CFF,1'b0
u_dut/t_r_reg[270],FDSE,SLICE_X29Y244,SLICEL.CFF,1'b0
u_dut/t_r_reg[2710],FDSE,SLICE_X7Y225,SLICEL.AFF,1'b0
u_dut/t_r_reg[2711],FDSE,SLICE_X10Y225,SLICEM.A5FF,1'b0
u_dut/t_r_reg[2712],FDSE,SLICE_X10Y225,SLICEM.CFF,1'b0
u_dut/t_r_reg[2713],FDSE,SLICE_X7Y225,SLICEL.BFF,1'b0
u_dut/t_r_reg[2714],FDSE,SLICE_X10Y225,SLICEM.DFF,1'b0
u_dut/t_r_reg[2715],FDRE,SLICE_X14Y230,SLICEM.AFF,1'b0
u_dut/t_r_reg[2716],FDRE,SLICE_X14Y230,SLICEM.BFF,1'b0
u_dut/t_r_reg[2717],FDSE,SLICE_X6Y232,SLICEM.CFF,1'b0
u_dut/t_r_reg[2718],FDRE,SLICE_X7Y231,SLICEL.BFF,1'b0
u_dut/t_r_reg[2719],FDSE,SLICE_X6Y232,SLICEM.A5FF,1'b0
u_dut/t_r_reg[271],FDSE,SLICE_X27Y245,SLICEL.BFF,1'b0
u_dut/t_r_reg[2720],FDRE,SLICE_X7Y231,SLICEL.CFF,1'b0
u_dut/t_r_reg[2721],FDSE,SLICE_X6Y232,SLICEM.AFF,1'b0
u_dut/t_r_reg[2722],FDSE,SLICE_X6Y232,SLICEM.BFF,1'b0
u_dut/t_r_reg[2723],FDSE,SLICE_X3Y232,SLICEL.BFF,1'b0
u_dut/t_r_reg[2724],FDSE,SLICE_X3Y232,SLICEL.AFF,1'b0
u_dut/t_r_reg[2725],FDRE,SLICE_X9Y232,SLICEL.DFF,1'b0
u_dut/t_r_reg[2726],FDSE,SLICE_X12Y241,SLICEM.AFF,1'b0
u_dut/t_r_reg[2727],FDSE,SLICE_X12Y241,SLICEM.CFF,1'b0
u_dut/t_r_reg[2728],FDSE,SLICE_X12Y241,SLICEM.A5FF,1'b0
u_dut/t_r_reg[2729],FDSE,SLICE_X12Y241,SLICEM.BFF,1'b0
u_dut/t_r_reg[272],FDSE,SLICE_X27Y245,SLICEL.CFF,1'b0
u_dut/t_r_reg[2730],FDSE,SLICE_X14Y241,SLICEM.DFF,1'b0
u_dut/t_r_reg[2731],FDSE,SLICE_X15Y234,SLICEL.AFF,1'b0
u_dut/t_r_reg[2732],FDSE,SLICE_X14Y241,SLICEM.AFF,1'b0
u_dut/t_r_reg[2733],FDSE,SLICE_X14Y241,SLICEM.BFF,1'b0
u_dut/t_r_reg[2734],FDSE,SLICE_X15Y234,SLICEL.BFF,1'b0
u_dut/t_r_reg[2735],FDSE,SLICE_X14Y241,SLICEM.CFF,1'b0
u_dut/t_r_reg[2736],FDSE,SLICE_X14Y241,SLICEM.A5FF,1'b0
u_dut/t_r_reg[2737],FDSE,SLICE_X10Y241,SLICEM.AFF,1'b0
u_dut/t_r_reg[2738],FDRE,SLICE_X10Y235,SLICEM.DFF,1'b0
u_dut/t_r_reg[2739],FDRE,SLICE_X8Y232,SLICEM.CFF,1'b0
u_dut/t_r_reg[273],FDSE,SLICE_X29Y243,SLICEL.DFF,1'b0
u_dut/t_r_reg[2740],FDSE,SLICE_X10Y239,SLICEM.AFF,1'b0
u_dut/t_r_reg[2741],FDSE,SLICE_X15Y234,SLICEL.CFF,1'b0
u_dut/t_r_reg[2742],FDSE,SLICE_X15Y234,SLICEL.B5FF,1'b0
u_dut/t_r_reg[2743],FDSE,SLICE_X10Y241,SLICEM.BFF,1'b0
u_dut/t_r_reg[2744],FDSE,SLICE_X9Y241,SLICEL.BFF,1'b0
u_dut/t_r_reg[2745],FDSE,SLICE_X7Y238,SLICEL.AFF,1'b0
u_dut/t_r_reg[2746],FDSE,SLICE_X10Y239,SLICEM.BFF,1'b0
u_dut/t_r_reg[2747],FDSE,SLICE_X7Y238,SLICEL.BFF,1'b0
u_dut/t_r_reg[2748],FDSE,SLICE_X10Y239,SLICEM.A5FF,1'b0
u_dut/t_r_reg[2749],FDSE,SLICE_X10Y239,SLICEM.CFF,1'b0
u_dut/t_r_reg[2750],FDSE,SLICE_X7Y238,SLICEL.CFF,1'b0
u_dut/t_r_reg[2751],FDSE,SLICE_X10Y239,SLICEM.DFF,1'b0
u_dut/t_r_reg[2752],FDSE,SLICE_X9Y241,SLICEL.AFF,1'b0
u_dut/t_r_reg[2753],FDSE,SLICE_X7Y241,SLICEL.AFF,1'b0
u_dut/t_r_reg[2754],FDSE,SLICE_X6Y241,SLICEM.AFF,1'b0
u_dut/t_r_reg[2755],FDSE,SLICE_X6Y231,SLICEM.A5FF,1'b0
u_dut/t_r_reg[2756],FDSE,SLICE_X3Y238,SLICEL.BFF,1'b0
u_dut/t_r_reg[2757],FDSE,SLICE_X4Y238,SLICEL.AFF,1'b0
u_dut/t_r_reg[2758],FDSE,SLICE_X4Y238,SLICEL.CFF,1'b0
u_dut/t_r_reg[2759],FDSE,SLICE_X5Y232,SLICEL.DFF,1'b0
u_dut/t_r_reg[275],FDSE,SLICE_X22Y244,SLICEM.AFF,1'b0
u_dut/t_r_reg[2760],FDSE,SLICE_X6Y231,SLICEM.AFF,1'b0
u_dut/t_r_reg[2761],FDSE,SLICE_X4Y238,SLICEL.BFF,1'b0
u_dut/t_r_reg[2762],FDSE,SLICE_X4Y238,SLICEL.A5FF,1'b0
u_dut/t_r_reg[2763],FDSE,SLICE_X3Y238,SLICEL.AFF,1'b0
u_dut/t_r_reg[2764],FDSE,SLICE_X5Y225,SLICEL.BFF,1'b0
u_dut/t_r_reg[2765],FDSE,SLICE_X13Y231,SLICEL.DFF,1'b0
u_dut/t_r_reg[2766],FDSE,SLICE_X13Y231,SLICEL.AFF,1'b0
u_dut/t_r_reg[2767],FDSE,SLICE_X13Y235,SLICEL.AFF,1'b0
u_dut/t_r_reg[2768],FDSE,SLICE_X13Y235,SLICEL.BFF,1'b0
u_dut/t_r_reg[2769],FDSE,SLICE_X13Y235,SLICEL.CFF,1'b0
u_dut/t_r_reg[2770],FDSE,SLICE_X13Y231,SLICEL.BFF,1'b0
u_dut/t_r_reg[2771],FDSE,SLICE_X4Y230,SLICEL.BFF,1'b0
u_dut/t_r_reg[2772],FDSE,SLICE_X3Y239,SLICEL.AFF,1'b0
u_dut/t_r_reg[2773],FDSE,SLICE_X13Y235,SLICEL.DFF,1'b0
u_dut/t_r_reg[2774],FDSE,SLICE_X3Y240,SLICEL.AFF,1'b0
u_dut/t_r_reg[2775],FDSE,SLICE_X3Y234,SLICEL.AFF,1'b0
u_dut/t_r_reg[2776],FDSE,SLICE_X13Y235,SLICEL.B5FF,1'b0
u_dut/t_r_reg[2777],FDSE,SLICE_X2Y240,SLICEM.AFF,1'b0
u_dut/t_r_reg[2778],FDSE,SLICE_X13Y231,SLICEL.CFF,1'b0
u_dut/t_r_reg[2779],FDSE,SLICE_X6Y238,SLICEM.AFF,1'b0
u_dut/t_r_reg[277],FDSE,SLICE_X22Y244,SLICEM.BFF,1'b0
u_dut/t_r_reg[2780],FDSE,SLICE_X5Y225,SLICEL.B5FF,1'b0
u_dut/t_r_reg[2781],FDSE,SLICE_X5Y225,SLICEL.AFF,1'b0
u_dut/t_r_reg[2782],FDSE,SLICE_X5Y232,SLICEL.AFF,1'b0
u_dut/t_r_reg[2783],FDSE,SLICE_X5Y232,SLICEL.BFF,1'b0
u_dut/t_r_reg[2784],FDSE,SLICE_X6Y231,SLICEM.BFF,1'b0
u_dut/t_r_reg[2785],FDSE,SLICE_X5Y232,SLICEL.CFF,1'b0
u_dut/t_r_reg[2786],FDSE,SLICE_X4Y232,SLICEL.AFF,1'b0
u_dut/t_r_reg[2787],FDSE,SLICE_X12Y232,SLICEM.CFF,1'b0
u_dut/t_r_reg[2788],FDRE,SLICE_X12Y231,SLICEM.CFF,1'b0
u_dut/t_r_reg[2789],FDSE,SLICE_X12Y232,SLICEM.AFF,1'b0
u_dut/t_r_reg[278],FDSE,SLICE_X22Y244,SLICEM.CFF,1'b0
u_dut/t_r_reg[2790],FDSE,SLICE_X12Y232,SLICEM.BFF,1'b0
u_dut/t_r_reg[2791],FDSE,SLICE_X12Y232,SLICEM.A5FF,1'b0
u_dut/t_r_reg[2792],FDSE,SLICE_X15Y220,SLICEL.CFF,1'b0
u_dut/t_r_reg[2793],FDSE,SLICE_X11Y223,SLICEL.AFF,1'b0
u_dut/t_r_reg[2794],FDRE,SLICE_X8Y226,SLICEM.DFF,1'b0
u_dut/t_r_reg[2795],FDSE,SLICE_X11Y223,SLICEL.BFF,1'b0
u_dut/t_r_reg[2796],FDSE,SLICE_X11Y223,SLICEL.CFF,1'b0
u_dut/t_r_reg[2797],FDSE,SLICE_X11Y223,SLICEL.DFF,1'b0
u_dut/t_r_reg[2798],FDSE,SLICE_X14Y221,SLICEM.CFF,1'b0
u_dut/t_r_reg[2799],FDSE,SLICE_X15Y219,SLICEL.AFF,1'b0
u_dut/t_r_reg[279],FDSE,SLICE_X29Y243,SLICEL.CFF,1'b0
u_dut/t_r_reg[27],FDSE,SLICE_X28Y239,SLICEL.CFF,1'b0
u_dut/t_r_reg[2800],FDSE,SLICE_X14Y221,SLICEM.AFF,1'b0
u_dut/t_r_reg[2801],FDSE,SLICE_X15Y219,SLICEL.BFF,1'b0
u_dut/t_r_reg[2802],FDSE,SLICE_X15Y219,SLICEL.A5FF,1'b0
u_dut/t_r_reg[2803],FDSE,SLICE_X14Y221,SLICEM.BFF,1'b0
u_dut/t_r_reg[2804],FDRE,SLICE_X14Y223,SLICEM.DFF,1'b0
u_dut/t_r_reg[2805],FDSE,SLICE_X17Y224,SLICEL.CFF,1'b0
u_dut/t_r_reg[2806],FDSE,SLICE_X17Y224,SLICEL.DFF,1'b0
u_dut/t_r_reg[2807],FDSE,SLICE_X14Y231,SLICEM.AFF,1'b0
u_dut/t_r_reg[2808],FDRE,SLICE_X18Y224,SLICEM.CFF,1'b0
u_dut/t_r_reg[2809],FDRE,SLICE_X14Y230,SLICEM.CFF,1'b0
u_dut/t_r_reg[2810],FDSE,SLICE_X17Y224,SLICEL.AFF,1'b0
u_dut/t_r_reg[2811],FDSE,SLICE_X17Y224,SLICEL.BFF,1'b0
u_dut/t_r_reg[2812],FDSE,SLICE_X14Y231,SLICEM.BFF,1'b0
u_dut/t_r_reg[2813],FDRE,SLICE_X15Y224,SLICEL.DFF,1'b0
u_dut/t_r_reg[2814],FDRE,SLICE_X17Y231,SLICEL.BFF,1'b0
u_dut/t_r_reg[2815],FDRE,SLICE_X17Y231,SLICEL.CFF,1'b0
u_dut/t_r_reg[2818],FDSE,SLICE_X17Y219,SLICEL.AFF,1'b0
u_dut/t_r_reg[2819],FDRE,SLICE_X17Y223,SLICEL.AFF,1'b0
u_dut/t_r_reg[281],FDSE,SLICE_X22Y244,SLICEM.DFF,1'b0
u_dut/t_r_reg[2821],FDRE,SLICE_X17Y223,SLICEL.BFF,1'b0
u_dut/t_r_reg[2822],FDRE,SLICE_X17Y223,SLICEL.CFF,1'b0
u_dut/t_r_reg[2823],FDSE,SLICE_X17Y219,SLICEL.BFF,1'b0
u_dut/t_r_reg[2824],FDSE,SLICE_X17Y219,SLICEL.A5FF,1'b0
u_dut/t_r_reg[2825],FDSE,SLICE_X14Y220,SLICEM.BFF,1'b0
u_dut/t_r_reg[2826],FDRE,SLICE_X17Y223,SLICEL.DFF,1'b0
u_dut/t_r_reg[2827],FDRE,SLICE_X10Y215,SLICEM.AFF,1'b0
u_dut/t_r_reg[2828],FDRE,SLICE_X9Y222,SLICEL.BFF,1'b0
u_dut/t_r_reg[2829],FDRE,SLICE_X10Y222,SLICEM.AFF,1'b0
u_dut/t_r_reg[282],FDSE,SLICE_X26Y242,SLICEL.AFF,1'b0
u_dut/t_r_reg[2831],FDRE,SLICE_X8Y220,SLICEM.AFF,1'b0
u_dut/t_r_reg[2832],FDRE,SLICE_X10Y224,SLICEM.DFF,1'b0
u_dut/t_r_reg[2833],FDRE,SLICE_X4Y223,SLICEL.AFF,1'b0
u_dut/t_r_reg[2834],FDSE,SLICE_X7Y222,SLICEL.A5FF,1'b0
u_dut/t_r_reg[2835],FDSE,SLICE_X6Y224,SLICEM.AFF,1'b0
u_dut/t_r_reg[2836],FDSE,SLICE_X6Y224,SLICEM.B5FF,1'b0
u_dut/t_r_reg[2837],FDSE,SLICE_X6Y224,SLICEM.A5FF,1'b0
u_dut/t_r_reg[2838],FDSE,SLICE_X6Y224,SLICEM.BFF,1'b0
u_dut/t_r_reg[2839],FDSE,SLICE_X7Y222,SLICEL.DFF,1'b0
u_dut/t_r_reg[283],FDSE,SLICE_X17Y236,SLICEL.AFF,1'b0
u_dut/t_r_reg[2840],FDSE,SLICE_X7Y222,SLICEL.AFF,1'b0
u_dut/t_r_reg[2841],FDSE,SLICE_X7Y222,SLICEL.BFF,1'b0
u_dut/t_r_reg[2842],FDSE,SLICE_X7Y222,SLICEL.CFF,1'b0
u_dut/t_r_reg[2843],FDSE,SLICE_X6Y222,SLICEM.CFF,1'b0
u_dut/t_r_reg[2844],FDSE,SLICE_X6Y222,SLICEM.AFF,1'b0
u_dut/t_r_reg[2845],FDSE,SLICE_X6Y221,SLICEM.AFF,1'b0
u_dut/t_r_reg[2846],FDSE,SLICE_X6Y222,SLICEM.A5FF,1'b0
u_dut/t_r_reg[2847],FDRE,SLICE_X4Y224,SLICEL.AFF,1'b0
u_dut/t_r_reg[2848],FDRE,SLICE_X4Y225,SLICEL.AFF,1'b0
u_dut/t_r_reg[2849],FDRE,SLICE_X8Y220,SLICEM.BFF,1'b0
u_dut/t_r_reg[284],FDSE,SLICE_X25Y233,SLICEL.AFF,1'b0
u_dut/t_r_reg[2850],FDRE,SLICE_X6Y225,SLICEM.DFF,1'b0
u_dut/t_r_reg[2851],FDSE,SLICE_X8Y221,SLICEM.DFF,1'b0
u_dut/t_r_reg[2852],FDSE,SLICE_X8Y221,SLICEM.AFF,1'b0
u_dut/t_r_reg[2853],FDSE,SLICE_X8Y221,SLICEM.BFF,1'b0
u_dut/t_r_reg[2854],FDSE,SLICE_X8Y221,SLICEM.CFF,1'b0
u_dut/t_r_reg[2855],FDSE,SLICE_X7Y220,SLICEL.DFF,1'b0
u_dut/t_r_reg[2856],FDSE,SLICE_X6Y220,SLICEM.BFF,1'b0
u_dut/t_r_reg[2857],FDSE,SLICE_X7Y220,SLICEL.AFF,1'b0
u_dut/t_r_reg[2858],FDSE,SLICE_X7Y220,SLICEL.BFF,1'b0
u_dut/t_r_reg[2859],FDSE,SLICE_X7Y221,SLICEL.CFF,1'b0
u_dut/t_r_reg[285],FDSE,SLICE_X17Y236,SLICEL.BFF,1'b0
u_dut/t_r_reg[2860],FDSE,SLICE_X7Y221,SLICEL.AFF,1'b0
u_dut/t_r_reg[2861],FDSE,SLICE_X7Y221,SLICEL.BFF,1'b0
u_dut/t_r_reg[2862],FDSE,SLICE_X7Y221,SLICEL.B5FF,1'b0
u_dut/t_r_reg[2863],FDSE,SLICE_X8Y224,SLICEM.AFF,1'b0
u_dut/t_r_reg[2864],FDSE,SLICE_X8Y224,SLICEM.BFF,1'b0
u_dut/t_r_reg[2865],FDSE,SLICE_X8Y224,SLICEM.B5FF,1'b0
u_dut/t_r_reg[2866],FDSE,SLICE_X8Y224,SLICEM.A5FF,1'b0
u_dut/t_r_reg[2867],FDSE,SLICE_X9Y221,SLICEL.AFF,1'b0
u_dut/t_r_reg[2868],FDSE,SLICE_X9Y221,SLICEL.A5FF,1'b0
u_dut/t_r_reg[2869],FDSE,SLICE_X9Y221,SLICEL.CFF,1'b0
u_dut/t_r_reg[286],FDSE,SLICE_X17Y236,SLICEL.A5FF,1'b0
u_dut/t_r_reg[2870],FDSE,SLICE_X9Y221,SLICEL.BFF,1'b0
u_dut/t_r_reg[2871],FDRE,SLICE_X8Y219,SLICEM.BFF,1'b0
u_dut/t_r_reg[2872],FDRE,SLICE_X9Y219,SLICEL.AFF,1'b0
u_dut/t_r_reg[2873],FDRE,SLICE_X9Y219,SLICEL.BFF,1'b0
u_dut/t_r_reg[2874],FDRE,SLICE_X8Y219,SLICEM.CFF,1'b0
u_dut/t_r_reg[2875],FDSE,SLICE_X5Y224,SLICEL.DFF,1'b0
u_dut/t_r_reg[2876],FDSE,SLICE_X5Y224,SLICEL.AFF,1'b0
u_dut/t_r_reg[2877],FDSE,SLICE_X5Y224,SLICEL.BFF,1'b0
u_dut/t_r_reg[2878],FDSE,SLICE_X5Y224,SLICEL.CFF,1'b0
u_dut/t_r_reg[2879],FDSE,SLICE_X7Y223,SLICEL.CFF,1'b0
u_dut/t_r_reg[287],FDSE,SLICE_X19Y244,SLICEL.AFF,1'b0
u_dut/t_r_reg[2880],FDSE,SLICE_X7Y223,SLICEL.BFF,1'b0
u_dut/t_r_reg[2881],FDSE,SLICE_X5Y223,SLICEL.AFF,1'b0
u_dut/t_r_reg[2882],FDSE,SLICE_X5Y223,SLICEL.BFF,1'b0
u_dut/t_r_reg[2883],FDSE,SLICE_X5Y222,SLICEL.DFF,1'b0
u_dut/t_r_reg[2884],FDSE,SLICE_X5Y222,SLICEL.AFF,1'b0
u_dut/t_r_reg[2885],FDSE,SLICE_X5Y222,SLICEL.BFF,1'b0
u_dut/t_r_reg[2886],FDSE,SLICE_X6Y223,SLICEM.AFF,1'b0
u_dut/t_r_reg[2887],FDSE,SLICE_X8Y222,SLICEM.DFF,1'b0
u_dut/t_r_reg[2888],FDSE,SLICE_X8Y222,SLICEM.AFF,1'b0
u_dut/t_r_reg[2889],FDSE,SLICE_X8Y222,SLICEM.BFF,1'b0
u_dut/t_r_reg[2890],FDSE,SLICE_X8Y222,SLICEM.CFF,1'b0
u_dut/t_r_reg[2891],FDSE,SLICE_X9Y224,SLICEL.BFF,1'b0
u_dut/t_r_reg[2892],FDSE,SLICE_X9Y224,SLICEL.AFF,1'b0
u_dut/t_r_reg[2893],FDSE,SLICE_X9Y224,SLICEL.B5FF,1'b0
u_dut/t_r_reg[2894],FDSE,SLICE_X9Y224,SLICEL.A5FF,1'b0
u_dut/t_r_reg[2895],FDRE,SLICE_X4Y224,SLICEL.A5FF,1'b0
u_dut/t_r_reg[2896],FDRE,SLICE_X8Y220,SLICEM.DFF,1'b0
u_dut/t_r_reg[2897],FDRE,SLICE_X4Y224,SLICEL.BFF,1'b0
u_dut/t_r_reg[2898],FDRE,SLICE_X9Y222,SLICEL.CFF,1'b0
u_dut/t_r_reg[289],FDSE,SLICE_X17Y236,SLICEL.CFF,1'b0
u_dut/t_r_reg[2900],FDRE,SLICE_X4Y223,SLICEL.BFF,1'b0
u_dut/t_r_reg[2901],FDRE,SLICE_X8Y215,SLICEM.AFF,1'b0
u_dut/t_r_reg[2902],FDRE,SLICE_X8Y216,SLICEM.AFF,1'b0
u_dut/t_r_reg[2904],FDRE,SLICE_X4Y223,SLICEL.CFF,1'b0
u_dut/t_r_reg[2905],FDRE,SLICE_X8Y216,SLICEM.BFF,1'b0
u_dut/t_r_reg[2906],FDRE,SLICE_X4Y224,SLICEL.CFF,1'b0
u_dut/t_r_reg[2907],FDRE,SLICE_X4Y225,SLICEL.BFF,1'b0
u_dut/t_r_reg[2908],FDRE,SLICE_X4Y225,SLICEL.CFF,1'b0
u_dut/t_r_reg[2909],FDRE,SLICE_X8Y216,SLICEM.DFF,1'b0
u_dut/t_r_reg[290],FDSE,SLICE_X17Y245,SLICEL.AFF,1'b0
u_dut/t_r_reg[2910],FDRE,SLICE_X4Y222,SLICEL.BFF,1'b0
u_dut/t_r_reg[2911],FDRE,SLICE_X9Y220,SLICEL.CFF,1'b0
u_dut/t_r_reg[2912],FDRE,SLICE_X9Y220,SLICEL.DFF,1'b0
u_dut/t_r_reg[2913],FDRE,SLICE_X9Y219,SLICEL.DFF,1'b0
u_dut/t_r_reg[2914],FDRE,SLICE_X8Y215,SLICEM.CFF,1'b0
u_dut/t_r_reg[291],FDSE,SLICE_X17Y236,SLICEL.B5FF,1'b0
u_dut/t_r_reg[292],FDSE,SLICE_X17Y236,SLICEL.C5FF,1'b0
u_dut/t_r_reg[293],FDSE,SLICE_X19Y244,SLICEL.BFF,1'b0
u_dut/t_r_reg[294],FDSE,SLICE_X21Y245,SLICEL.AFF,1'b0
u_dut/t_r_reg[295],FDSE,SLICE_X26Y240,SLICEL.DFF,1'b0
u_dut/t_r_reg[296],FDSE,SLICE_X28Y242,SLICEL.AFF,1'b0
u_dut/t_r_reg[297],FDSE,SLICE_X28Y242,SLICEL.BFF,1'b0
u_dut/t_r_reg[299],FDSE,SLICE_X28Y242,SLICEL.A5FF,1'b0
u_dut/t_r_reg[29],FDSE,SLICE_X28Y239,SLICEL.BFF,1'b0
u_dut/t_r_reg[2],FDRE,SLICE_X25Y239,SLICEL.DFF,1'b0
u_dut/t_r_reg[300],FDSE,SLICE_X26Y240,SLICEL.AFF,1'b0
u_dut/t_r_reg[302],FDSE,SLICE_X26Y240,SLICEL.BFF,1'b0
u_dut/t_r_reg[303],FDSE,SLICE_X26Y240,SLICEL.A5FF,1'b0
u_dut/t_r_reg[304],FDSE,SLICE_X28Y242,SLICEL.CFF,1'b0
u_dut/t_r_reg[307],FDSE,SLICE_X26Y240,SLICEL.CFF,1'b0
u_dut/t_r_reg[308],FDSE,SLICE_X16Y243,SLICEM.CFF,1'b0
u_dut/t_r_reg[309],FDSE,SLICE_X17Y244,SLICEL.DFF,1'b0
u_dut/t_r_reg[30],FDSE,SLICE_X22Y238,SLICEM.AFF,1'b0
u_dut/t_r_reg[310],FDSE,SLICE_X20Y242,SLICEM.AFF,1'b0
u_dut/t_r_reg[311],FDSE,SLICE_X20Y242,SLICEM.BFF,1'b0
u_dut/t_r_reg[312],FDSE,SLICE_X18Y231,SLICEM.AFF,1'b0
u_dut/t_r_reg[313],FDSE,SLICE_X17Y244,SLICEL.AFF,1'b0
u_dut/t_r_reg[314],FDSE,SLICE_X20Y242,SLICEM.A5FF,1'b0
u_dut/t_r_reg[315],FDSE,SLICE_X18Y236,SLICEM.AFF,1'b0
u_dut/t_r_reg[316],FDSE,SLICE_X20Y242,SLICEM.B5FF,1'b0
u_dut/t_r_reg[317],FDSE,SLICE_X18Y236,SLICEM.BFF,1'b0
u_dut/t_r_reg[318],FDSE,SLICE_X17Y244,SLICEL.BFF,1'b0
u_dut/t_r_reg[319],FDSE,SLICE_X20Y242,SLICEM.CFF,1'b0
u_dut/t_r_reg[31],FDSE,SLICE_X22Y238,SLICEM.BFF,1'b0
u_dut/t_r_reg[320],FDSE,SLICE_X17Y244,SLICEL.CFF,1'b0
u_dut/t_r_reg[321],FDSE,SLICE_X20Y242,SLICEM.DFF,1'b0
u_dut/t_r_reg[322],FDSE,SLICE_X17Y244,SLICEL.B5FF,1'b0
u_dut/t_r_reg[324],FDSE,SLICE_X20Y237,SLICEM.C5FF,1'b0
u_dut/t_r_reg[325],FDSE,SLICE_X20Y237,SLICEM.AFF,1'b0
u_dut/t_r_reg[326],FDSE,SLICE_X21Y244,SLICEL.DFF,1'b0
u_dut/t_r_reg[327],FDSE,SLICE_X20Y237,SLICEM.A5FF,1'b0
u_dut/t_r_reg[328],FDSE,SLICE_X16Y243,SLICEM.AFF,1'b0
u_dut/t_r_reg[329],FDSE,SLICE_X20Y237,SLICEM.BFF,1'b0
u_dut/t_r_reg[330],FDSE,SLICE_X21Y244,SLICEL.BFF,1'b0
u_dut/t_r_reg[331],FDSE,SLICE_X20Y237,SLICEM.B5FF,1'b0
u_dut/t_r_reg[332],FDSE,SLICE_X20Y237,SLICEM.CFF,1'b0
u_dut/t_r_reg[333],FDSE,SLICE_X20Y237,SLICEM.DFF,1'b0
u_dut/t_r_reg[334],FDSE,SLICE_X16Y243,SLICEM.BFF,1'b0
u_dut/t_r_reg[335],FDSE,SLICE_X20Y237,SLICEM.D5FF,1'b0
u_dut/t_r_reg[336],FDSE,SLICE_X16Y243,SLICEM.A5FF,1'b0
u_dut/t_r_reg[338],FDSE,SLICE_X21Y244,SLICEL.CFF,1'b0
u_dut/t_r_reg[339],FDSE,SLICE_X21Y244,SLICEL.AFF,1'b0
u_dut/t_r_reg[33],FDSE,SLICE_X22Y238,SLICEM.B5FF,1'b0
u_dut/t_r_reg[340],FDRE,SLICE_X15Y240,SLICEL.A5FF,1'b0
u_dut/t_r_reg[342],FDSE,SLICE_X17Y233,SLICEL.AFF,1'b0
u_dut/t_r_reg[343],FDRE,SLICE_X15Y243,SLICEL.BFF,1'b0
u_dut/t_r_reg[346],FDSE,SLICE_X17Y233,SLICEL.A5FF,1'b0
u_dut/t_r_reg[347],FDSE,SLICE_X17Y233,SLICEL.BFF,1'b0
u_dut/t_r_reg[348],FDSE,SLICE_X15Y244,SLICEL.BFF,1'b0
u_dut/t_r_reg[349],FDSE,SLICE_X17Y233,SLICEL.B5FF,1'b0
u_dut/t_r_reg[34],FDSE,SLICE_X22Y238,SLICEM.A5FF,1'b0
u_dut/t_r_reg[350],FDRE,SLICE_X15Y243,SLICEL.AFF,1'b0
u_dut/t_r_reg[352],FDRE,SLICE_X15Y243,SLICEL.A5FF,1'b0
u_dut/t_r_reg[353],FDSE,SLICE_X15Y244,SLICEL.AFF,1'b0
u_dut/t_r_reg[355],FDSE,SLICE_X15Y244,SLICEL.A5FF,1'b0
u_dut/t_r_reg[358],FDSE,SLICE_X20Y243,SLICEM.AFF,1'b0
u_dut/t_r_reg[35],FDSE,SLICE_X31Y240,SLICEL.CFF,1'b0
u_dut/t_r_reg[361],FDSE,SLICE_X19Y239,SLICEL.BFF,1'b0
u_dut/t_r_reg[362],FDSE,SLICE_X20Y243,SLICEM.A5FF,1'b0
u_dut/t_r_reg[364],FDSE,SLICE_X19Y239,SLICEL.AFF,1'b0
u_dut/t_r_reg[366],FDSE,SLICE_X20Y243,SLICEM.BFF,1'b0
u_dut/t_r_reg[36],FDSE,SLICE_X25Y240,SLICEL.AFF,1'b0
u_dut/t_r_reg[372],FDRE,SLICE_X10Y232,SLICEM.AFF,1'b0
u_dut/t_r_reg[373],FDRE,SLICE_X21Y243,SLICEL.DFF,1'b0
u_dut/t_r_reg[37],FDSE,SLICE_X25Y240,SLICEL.BFF,1'b0
u_dut/t_r_reg[38],FDSE,SLICE_X31Y240,SLICEL.AFF,1'b0
u_dut/t_r_reg[393],FDSE,SLICE_X13Y217,SLICEL.A5FF,1'b0
u_dut/t_r_reg[396],FDRE,SLICE_X16Y229,SLICEM.DFF,1'b0
u_dut/t_r_reg[399],FDRE,SLICE_X20Y232,SLICEM.DFF,1'b0
u_dut/t_r_reg[39],FDSE,SLICE_X25Y240,SLICEL.A5FF,1'b0
u_dut/t_r_reg[400],FDRE,SLICE_X13Y226,SLICEL.DFF,1'b0
u_dut/t_r_reg[401],FDSE,SLICE_X15Y230,SLICEL.DFF,1'b0
u_dut/t_r_reg[403],FDSE,SLICE_X15Y230,SLICEL.AFF,1'b0
u_dut/t_r_reg[405],FDSE,SLICE_X20Y224,SLICEM.A5FF,1'b0
u_dut/t_r_reg[407],FDSE,SLICE_X20Y224,SLICEM.AFF,1'b0
u_dut/t_r_reg[408],FDRE,SLICE_X10Y227,SLICEM.DFF,1'b0
u_dut/t_r_reg[40],FDSE,SLICE_X31Y240,SLICEL.BFF,1'b0
u_dut/t_r_reg[410],FDSE,SLICE_X15Y230,SLICEL.A5FF,1'b0
u_dut/t_r_reg[411],FDSE,SLICE_X11Y222,SLICEL.AFF,1'b0
u_dut/t_r_reg[412],FDSE,SLICE_X11Y222,SLICEL.BFF,1'b0
u_dut/t_r_reg[413],FDSE,SLICE_X11Y222,SLICEL.CFF,1'b0
u_dut/t_r_reg[414],FDSE,SLICE_X11Y222,SLICEL.A5FF,1'b0
u_dut/t_r_reg[415],FDSE,SLICE_X15Y230,SLICEL.C5FF,1'b0
u_dut/t_r_reg[417],FDRE,SLICE_X20Y234,SLICEM.CFF,1'b0
u_dut/t_r_reg[418],FDSE,SLICE_X15Y230,SLICEL.BFF,1'b0
u_dut/t_r_reg[419],FDRE,SLICE_X20Y234,SLICEM.DFF,1'b0
u_dut/t_r_reg[41],FDSE,SLICE_X27Y238,SLICEL.AFF,1'b0
u_dut/t_r_reg[420],FDSE,SLICE_X15Y230,SLICEL.D5FF,1'b0
u_dut/t_r_reg[421],FDRE,SLICE_X20Y229,SLICEM.DFF,1'b0
u_dut/t_r_reg[423],FDRE,SLICE_X17Y231,SLICEL.DFF,1'b0
u_dut/t_r_reg[424],FDRE,SLICE_X21Y233,SLICEL.BFF,1'b0
u_dut/t_r_reg[426],FDSE,SLICE_X15Y230,SLICEL.CFF,1'b0
u_dut/t_r_reg[427],FDSE,SLICE_X15Y230,SLICEL.B5FF,1'b0
u_dut/t_r_reg[428],FDSE,SLICE_X13Y217,SLICEL.AFF,1'b0
u_dut/t_r_reg[429],FDRE,SLICE_X21Y233,SLICEL.CFF,1'b0
u_dut/t_r_reg[42],FDSE,SLICE_X27Y238,SLICEL.BFF,1'b0
u_dut/t_r_reg[430],FDSE,SLICE_X11Y221,SLICEL.AFF,1'b0
u_dut/t_r_reg[431],FDSE,SLICE_X21Y232,SLICEL.AFF,1'b0
u_dut/t_r_reg[432],FDSE,SLICE_X10Y221,SLICEM.AFF,1'b0
u_dut/t_r_reg[433],FDSE,SLICE_X9Y230,SLICEL.AFF,1'b0
u_dut/t_r_reg[435],FDSE,SLICE_X9Y230,SLICEL.BFF,1'b0
u_dut/t_r_reg[436],FDRE,SLICE_X21Y233,SLICEL.DFF,1'b0
u_dut/t_r_reg[437],FDSE,SLICE_X9Y230,SLICEL.A5FF,1'b0
u_dut/t_r_reg[438],FDRE,SLICE_X17Y220,SLICEL.BFF,1'b0
u_dut/t_r_reg[43],FDSE,SLICE_X27Y238,SLICEL.CFF,1'b0
u_dut/t_r_reg[441],FDSE,SLICE_X16Y219,SLICEM.CFF,1'b0
u_dut/t_r_reg[442],FDSE,SLICE_X13Y222,SLICEL.AFF,1'b0
u_dut/t_r_reg[443],FDSE,SLICE_X13Y222,SLICEL.DFF,1'b0
u_dut/t_r_reg[444],FDSE,SLICE_X13Y222,SLICEL.BFF,1'b0
u_dut/t_r_reg[445],FDSE,SLICE_X13Y230,SLICEL.AFF,1'b0
u_dut/t_r_reg[449],FDRE,SLICE_X16Y222,SLICEM.BFF,1'b0
u_dut/t_r_reg[44],FDSE,SLICE_X27Y238,SLICEL.A5FF,1'b0
u_dut/t_r_reg[450],FDSE,SLICE_X13Y222,SLICEL.CFF,1'b0
u_dut/t_r_reg[451],FDSE,SLICE_X19Y223,SLICEL.DFF,1'b0
u_dut/t_r_reg[453],FDSE,SLICE_X18Y233,SLICEM.AFF,1'b0
u_dut/t_r_reg[454],FDSE,SLICE_X18Y233,SLICEM.BFF,1'b0
u_dut/t_r_reg[456],FDRE,SLICE_X18Y222,SLICEM.AFF,1'b0
u_dut/t_r_reg[457],FDSE,SLICE_X18Y233,SLICEM.CFF,1'b0
u_dut/t_r_reg[458],FDSE,SLICE_X18Y233,SLICEM.DFF,1'b0
u_dut/t_r_reg[45],FDSE,SLICE_X27Y238,SLICEL.B5FF,1'b0
u_dut/t_r_reg[460],FDSE,SLICE_X19Y223,SLICEL.AFF,1'b0
u_dut/t_r_reg[461],FDRE,SLICE_X16Y222,SLICEM.CFF,1'b0
u_dut/t_r_reg[462],FDSE,SLICE_X18Y233,SLICEM.D5FF,1'b0
u_dut/t_r_reg[463],FDSE,SLICE_X19Y223,SLICEL.BFF,1'b0
u_dut/t_r_reg[464],FDSE,SLICE_X19Y223,SLICEL.CFF,1'b0
u_dut/t_r_reg[466],FDRE,SLICE_X8Y233,SLICEM.DFF,1'b0
u_dut/t_r_reg[467],FDRE,SLICE_X18Y230,SLICEM.DFF,1'b0
u_dut/t_r_reg[468],FDRE,SLICE_X9Y233,SLICEL.CFF,1'b0
u_dut/t_r_reg[469],FDRE,SLICE_X18Y221,SLICEM.BFF,1'b0
u_dut/t_r_reg[46],FDSE,SLICE_X27Y240,SLICEL.DFF,1'b0
u_dut/t_r_reg[471],FDSE,SLICE_X8Y234,SLICEM.CFF,1'b0
u_dut/t_r_reg[472],FDSE,SLICE_X9Y225,SLICEL.AFF,1'b0
u_dut/t_r_reg[473],FDSE,SLICE_X16Y232,SLICEM.AFF,1'b0
u_dut/t_r_reg[474],FDRE,SLICE_X18Y232,SLICEM.DFF,1'b0
u_dut/t_r_reg[475],FDRE,SLICE_X20Y222,SLICEM.AFF,1'b0
u_dut/t_r_reg[476],FDRE,SLICE_X18Y220,SLICEM.DFF,1'b0
u_dut/t_r_reg[477],FDSE,SLICE_X8Y234,SLICEM.DFF,1'b0
u_dut/t_r_reg[478],FDSE,SLICE_X8Y234,SLICEM.AFF,1'b0
u_dut/t_r_reg[47],FDSE,SLICE_X22Y243,SLICEM.DFF,1'b0
u_dut/t_r_reg[481],FDSE,SLICE_X8Y234,SLICEM.BFF,1'b0
u_dut/t_r_reg[482],FDRE,SLICE_X9Y233,SLICEL.DFF,1'b0
u_dut/t_r_reg[484],FDSE,SLICE_X17Y221,SLICEL.AFF,1'b0
u_dut/t_r_reg[486],FDRE,SLICE_X11Y231,SLICEL.CFF,1'b0
u_dut/t_r_reg[487],FDRE,SLICE_X18Y223,SLICEM.DFF,1'b0
u_dut/t_r_reg[48],FDSE,SLICE_X22Y243,SLICEM.AFF,1'b0
u_dut/t_r_reg[490],FDSE,SLICE_X8Y234,SLICEM.B5FF,1'b0
u_dut/t_r_reg[491],FDSE,SLICE_X17Y221,SLICEL.BFF,1'b0
u_dut/t_r_reg[493],FDSE,SLICE_X9Y225,SLICEL.A5FF,1'b0
u_dut/t_r_reg[494],FDSE,SLICE_X8Y231,SLICEM.AFF,1'b0
u_dut/t_r_reg[497],FDRE,SLICE_X16Y218,SLICEM.AFF,1'b0
u_dut/t_r_reg[4],FDSE,SLICE_X37Y230,SLICEL.A5FF,1'b0
u_dut/t_r_reg[502],FDRE,SLICE_X11Y231,SLICEL.DFF,1'b0
u_dut/t_r_reg[505],FDRE,SLICE_X16Y218,SLICEM.BFF,1'b0
u_dut/t_r_reg[507],FDRE,SLICE_X18Y224,SLICEM.DFF,1'b0
u_dut/t_r_reg[509],FDSE,SLICE_X13Y232,SLICEL.CFF,1'b0
u_dut/t_r_reg[50],FDSE,SLICE_X22Y243,SLICEM.BFF,1'b0
u_dut/t_r_reg[510],FDSE,SLICE_X13Y232,SLICEL.AFF,1'b0
u_dut/t_r_reg[511],FDSE,SLICE_X9Y223,SLICEL.AFF,1'b0
u_dut/t_r_reg[512],FDSE,SLICE_X13Y232,SLICEL.BFF,1'b0
u_dut/t_r_reg[514],FDRE,SLICE_X17Y222,SLICEL.CFF,1'b0
u_dut/t_r_reg[515],FDRE,SLICE_X18Y222,SLICEM.BFF,1'b0
u_dut/t_r_reg[519],FDRE,SLICE_X17Y220,SLICEL.CFF,1'b0
u_dut/t_r_reg[51],FDSE,SLICE_X22Y243,SLICEM.A5FF,1'b0
u_dut/t_r_reg[526],FDSE,SLICE_X9Y223,SLICEL.A5FF,1'b0
u_dut/t_r_reg[52],FDSE,SLICE_X22Y243,SLICEM.CFF,1'b0
u_dut/t_r_reg[531],FDSE,SLICE_X16Y221,SLICEM.AFF,1'b0
u_dut/t_r_reg[536],FDRE,SLICE_X15Y231,SLICEL.CFF,1'b0
u_dut/t_r_reg[537],FDRE,SLICE_X15Y231,SLICEL.DFF,1'b0
u_dut/t_r_reg[538],FDSE,SLICE_X19Y222,SLICEL.DFF,1'b0
u_dut/t_r_reg[539],FDRE,SLICE_X18Y222,SLICEM.CFF,1'b0
u_dut/t_r_reg[53],FDSE,SLICE_X23Y241,SLICEL.CFF,1'b0
u_dut/t_r_reg[540],FDSE,SLICE_X19Y224,SLICEL.AFF,1'b0
u_dut/t_r_reg[541],FDSE,SLICE_X19Y222,SLICEL.AFF,1'b0
u_dut/t_r_reg[542],FDSE,SLICE_X19Y222,SLICEL.BFF,1'b0
u_dut/t_r_reg[544],FDRE,SLICE_X15Y223,SLICEL.DFF,1'b0
u_dut/t_r_reg[545],FDRE,SLICE_X17Y222,SLICEL.DFF,1'b0
u_dut/t_r_reg[546],FDRE,SLICE_X18Y222,SLICEM.DFF,1'b0
u_dut/t_r_reg[547],FDRE,SLICE_X20Y222,SLICEM.BFF,1'b0
u_dut/t_r_reg[548],FDRE,SLICE_X18Y219,SLICEM.BFF,1'b0
u_dut/t_r_reg[549],FDRE,SLICE_X20Y219,SLICEM.DFF,1'b0
u_dut/t_r_reg[54],FDSE,SLICE_X23Y241,SLICEL.AFF,1'b0
u_dut/t_r_reg[551],FDRE,SLICE_X18Y221,SLICEM.CFF,1'b0
u_dut/t_r_reg[552],FDRE,SLICE_X18Y221,SLICEM.DFF,1'b0
u_dut/t_r_reg[553],FDSE,SLICE_X12Y219,SLICEM.AFF,1'b0
u_dut/t_r_reg[554],FDRE,SLICE_X18Y219,SLICEM.CFF,1'b0
u_dut/t_r_reg[555],FDSE,SLICE_X13Y219,SLICEL.AFF,1'b0
u_dut/t_r_reg[556],FDSE,SLICE_X13Y219,SLICEL.BFF,1'b0
u_dut/t_r_reg[558],FDSE,SLICE_X13Y219,SLICEL.CFF,1'b0
u_dut/t_r_reg[559],FDRE,SLICE_X14Y217,SLICEM.AFF,1'b0
u_dut/t_r_reg[55],FDSE,SLICE_X27Y239,SLICEL.AFF,1'b0
u_dut/t_r_reg[560],FDRE,SLICE_X20Y223,SLICEM.CFF,1'b0
u_dut/t_r_reg[561],FDRE,SLICE_X10Y222,SLICEM.A5FF,1'b0
u_dut/t_r_reg[566],FDRE,SLICE_X20Y222,SLICEM.CFF,1'b0
u_dut/t_r_reg[567],FDRE,SLICE_X20Y223,SLICEM.C5FF,1'b0
u_dut/t_r_reg[56],FDSE,SLICE_X23Y241,SLICEL.DFF,1'b0
u_dut/t_r_reg[575],FDRE,SLICE_X12Y221,SLICEM.BFF,1'b0
u_dut/t_r_reg[578],FDRE,SLICE_X12Y221,SLICEM.CFF,1'b0
u_dut/t_r_reg[57],FDSE,SLICE_X23Y241,SLICEL.BFF,1'b0
u_dut/t_r_reg[580],FDRE,SLICE_X23Y214,SLICEL.BFF,1'b0
u_dut/t_r_reg[581],FDRE,SLICE_X18Y219,SLICEM.DFF,1'b0
u_dut/t_r_reg[582],FDSE,SLICE_X36Y228,SLICEL.AFF,1'b0
u_dut/t_r_reg[583],FDSE,SLICE_X18Y227,SLICEM.AFF,1'b0
u_dut/t_r_reg[584],FDSE,SLICE_X18Y227,SLICEM.BFF,1'b0
u_dut/t_r_reg[585],FDSE,SLICE_X36Y228,SLICEL.BFF,1'b0
u_dut/t_r_reg[587],FDSE,SLICE_X36Y228,SLICEL.CFF,1'b0
u_dut/t_r_reg[588],FDSE,SLICE_X23Y228,SLICEL.AFF,1'b0
u_dut/t_r_reg[58],FDSE,SLICE_X27Y239,SLICEL.BFF,1'b0
u_dut/t_r_reg[590],FDSE,SLICE_X24Y228,SLICEL.AFF,1'b0
u_dut/t_r_reg[591],FDSE,SLICE_X23Y228,SLICEL.BFF,1'b0
u_dut/t_r_reg[592],FDSE,SLICE_X24Y228,SLICEL.BFF,1'b0
u_dut/t_r_reg[593],FDSE,SLICE_X23Y228,SLICEL.CFF,1'b0
u_dut/t_r_reg[594],FDSE,SLICE_X23Y228,SLICEL.DFF,1'b0
u_dut/t_r_reg[595],FDSE,SLICE_X18Y227,SLICEM.CFF,1'b0
u_dut/t_r_reg[596],FDSE,SLICE_X18Y227,SLICEM.DFF,1'b0
u_dut/t_r_reg[597],FDRE,SLICE_X37Y229,SLICEL.A5FF,1'b0
u_dut/t_r_reg[598],FDSE,SLICE_X23Y228,SLICEL.B5FF,1'b0
u_dut/t_r_reg[599],FDSE,SLICE_X18Y227,SLICEM.B5FF,1'b0
u_dut/t_r_reg[59],FDSE,SLICE_X27Y239,SLICEL.CFF,1'b0
u_dut/t_r_reg[5],FDRE,SLICE_X34Y231,SLICEL.BFF,1'b0
u_dut/t_r_reg[600],FDSE,SLICE_X18Y227,SLICEM.D5FF,1'b0
u_dut/t_r_reg[601],FDSE,SLICE_X18Y227,SLICEM.C5FF,1'b0
u_dut/t_r_reg[602],FDSE,SLICE_X18Y227,SLICEM.A5FF,1'b0
u_dut/t_r_reg[603],FDSE,SLICE_X24Y228,SLICEL.CFF,1'b0
u_dut/t_r_reg[604],FDSE,SLICE_X19Y227,SLICEL.AFF,1'b0
u_dut/t_r_reg[605],FDSE,SLICE_X39Y229,SLICEL.CFF,1'b0
u_dut/t_r_reg[606],FDSE,SLICE_X19Y227,SLICEL.BFF,1'b0
u_dut/t_r_reg[607],FDSE,SLICE_X19Y227,SLICEL.B5FF,1'b0
u_dut/t_r_reg[608],FDSE,SLICE_X19Y227,SLICEL.CFF,1'b0
u_dut/t_r_reg[609],FDSE,SLICE_X19Y227,SLICEL.DFF,1'b0
u_dut/t_r_reg[610],FDSE,SLICE_X39Y229,SLICEL.AFF,1'b0
u_dut/t_r_reg[611],FDSE,SLICE_X39Y229,SLICEL.BFF,1'b0
u_dut/t_r_reg[612],FDSE,SLICE_X24Y229,SLICEL.B5FF,1'b0
u_dut/t_r_reg[613],FDSE,SLICE_X39Y228,SLICEL.AFF,1'b0
u_dut/t_r_reg[614],FDSE,SLICE_X39Y228,SLICEL.A5FF,1'b0
u_dut/t_r_reg[615],FDSE,SLICE_X38Y229,SLICEM.DFF,1'b0
u_dut/t_r_reg[616],FDRE,SLICE_X36Y227,SLICEL.AFF,1'b0
u_dut/t_r_reg[617],FDSE,SLICE_X38Y229,SLICEM.AFF,1'b0
u_dut/t_r_reg[618],FDSE,SLICE_X38Y229,SLICEM.BFF,1'b0
u_dut/t_r_reg[619],FDSE,SLICE_X38Y229,SLICEM.CFF,1'b0
u_dut/t_r_reg[61],FDSE,SLICE_X34Y241,SLICEL.A5FF,1'b0
u_dut/t_r_reg[620],FDSE,SLICE_X24Y229,SLICEL.CFF,1'b0
u_dut/t_r_reg[621],FDSE,SLICE_X24Y229,SLICEL.AFF,1'b0
u_dut/t_r_reg[622],FDSE,SLICE_X24Y229,SLICEL.BFF,1'b0
u_dut/t_r_reg[623],FDSE,SLICE_X21Y236,SLICEL.AFF,1'b0
u_dut/t_r_reg[624],FDSE,SLICE_X24Y229,SLICEL.A5FF,1'b0
u_dut/t_r_reg[625],FDSE,SLICE_X21Y236,SLICEL.BFF,1'b0
u_dut/t_r_reg[626],FDSE,SLICE_X36Y230,SLICEL.DFF,1'b0
u_dut/t_r_reg[627],FDSE,SLICE_X23Y233,SLICEL.AFF,1'b0
u_dut/t_r_reg[628],FDSE,SLICE_X23Y233,SLICEL.BFF,1'b0
u_dut/t_r_reg[629],FDSE,SLICE_X23Y233,SLICEL.CFF,1'b0
u_dut/t_r_reg[62],FDSE,SLICE_X33Y242,SLICEL.AFF,1'b0
u_dut/t_r_reg[630],FDSE,SLICE_X23Y233,SLICEL.A5FF,1'b0
u_dut/t_r_reg[631],FDSE,SLICE_X21Y234,SLICEL.AFF,1'b0
u_dut/t_r_reg[632],FDSE,SLICE_X21Y234,SLICEL.BFF,1'b0
u_dut/t_r_reg[633],FDSE,SLICE_X36Y230,SLICEL.AFF,1'b0
u_dut/t_r_reg[634],FDSE,SLICE_X36Y230,SLICEL.BFF,1'b0
u_dut/t_r_reg[635],FDSE,SLICE_X21Y234,SLICEL.A5FF,1'b0
u_dut/t_r_reg[636],FDSE,SLICE_X21Y236,SLICEL.CFF,1'b0
u_dut/t_r_reg[637],FDSE,SLICE_X21Y234,SLICEL.CFF,1'b0
u_dut/t_r_reg[638],FDSE,SLICE_X21Y236,SLICEL.DFF,1'b0
u_dut/t_r_reg[639],FDRE,SLICE_X22Y235,SLICEM.A5FF,1'b0
u_dut/t_r_reg[63],FDSE,SLICE_X33Y242,SLICEL.CFF,1'b0
u_dut/t_r_reg[640],FDSE,SLICE_X27Y230,SLICEL.BFF,1'b0
u_dut/t_r_reg[641],FDSE,SLICE_X19Y234,SLICEL.AFF,1'b0
u_dut/t_r_reg[642],FDSE,SLICE_X30Y231,SLICEL.AFF,1'b0
u_dut/t_r_reg[643],FDSE,SLICE_X30Y231,SLICEL.BFF,1'b0
u_dut/t_r_reg[644],FDSE,SLICE_X34Y232,SLICEL.BFF,1'b0
u_dut/t_r_reg[645],FDSE,SLICE_X19Y234,SLICEL.BFF,1'b0
u_dut/t_r_reg[646],FDSE,SLICE_X30Y231,SLICEL.CFF,1'b0
u_dut/t_r_reg[647],FDSE,SLICE_X25Y237,SLICEL.AFF,1'b0
u_dut/t_r_reg[648],FDSE,SLICE_X25Y237,SLICEL.BFF,1'b0
u_dut/t_r_reg[649],FDSE,SLICE_X19Y234,SLICEL.CFF,1'b0
u_dut/t_r_reg[64],FDSE,SLICE_X33Y242,SLICEL.BFF,1'b0
u_dut/t_r_reg[650],FDSE,SLICE_X30Y231,SLICEL.B5FF,1'b0
u_dut/t_r_reg[651],FDSE,SLICE_X19Y234,SLICEL.B5FF,1'b0
u_dut/t_r_reg[652],FDSE,SLICE_X25Y237,SLICEL.A5FF,1'b0
u_dut/t_r_reg[653],FDRE,SLICE_X21Y235,SLICEL.DFF,1'b0
u_dut/t_r_reg[654],FDRE,SLICE_X28Y231,SLICEL.A5FF,1'b0
u_dut/t_r_reg[655],FDSE,SLICE_X25Y237,SLICEL.B5FF,1'b0
u_dut/t_r_reg[656],FDSE,SLICE_X34Y232,SLICEL.AFF,1'b0
u_dut/t_r_reg[657],FDSE,SLICE_X34Y232,SLICEL.CFF,1'b0
u_dut/t_r_reg[658],FDSE,SLICE_X19Y234,SLICEL.DFF,1'b0
u_dut/t_r_reg[659],FDSE,SLICE_X19Y234,SLICEL.A5FF,1'b0
u_dut/t_r_reg[65],FDSE,SLICE_X34Y241,SLICEL.AFF,1'b0
u_dut/t_r_reg[660],FDSE,SLICE_X30Y231,SLICEL.DFF,1'b0
u_dut/t_r_reg[661],FDSE,SLICE_X25Y237,SLICEL.CFF,1'b0
u_dut/t_r_reg[662],FDSE,SLICE_X27Y230,SLICEL.AFF,1'b0
u_dut/t_r_reg[663],FDSE,SLICE_X36Y229,SLICEL.AFF,1'b0
u_dut/t_r_reg[664],FDSE,SLICE_X19Y236,SLICEL.DFF,1'b0
u_dut/t_r_reg[665],FDSE,SLICE_X36Y229,SLICEL.BFF,1'b0
u_dut/t_r_reg[666],FDSE,SLICE_X23Y237,SLICEL.AFF,1'b0
u_dut/t_r_reg[667],FDSE,SLICE_X19Y236,SLICEL.AFF,1'b0
u_dut/t_r_reg[668],FDSE,SLICE_X19Y236,SLICEL.BFF,1'b0
u_dut/t_r_reg[669],FDSE,SLICE_X23Y237,SLICEL.BFF,1'b0
u_dut/t_r_reg[66],FDSE,SLICE_X24Y238,SLICEL.A5FF,1'b0
u_dut/t_r_reg[670],FDSE,SLICE_X23Y237,SLICEL.CFF,1'b0
u_dut/t_r_reg[671],FDSE,SLICE_X36Y229,SLICEL.B5FF,1'b0
u_dut/t_r_reg[672],FDSE,SLICE_X39Y230,SLICEL.AFF,1'b0
u_dut/t_r_reg[673],FDSE,SLICE_X19Y232,SLICEL.AFF,1'b0
u_dut/t_r_reg[674],FDSE,SLICE_X19Y236,SLICEL.CFF,1'b0
u_dut/t_r_reg[675],FDSE,SLICE_X19Y236,SLICEL.A5FF,1'b0
u_dut/t_r_reg[676],FDSE,SLICE_X36Y229,SLICEL.CFF,1'b0
u_dut/t_r_reg[677],FDSE,SLICE_X23Y237,SLICEL.DFF,1'b0
u_dut/t_r_reg[678],FDSE,SLICE_X39Y230,SLICEL.BFF,1'b0
u_dut/t_r_reg[679],FDRE,SLICE_X30Y237,SLICEL.DFF,1'b0
u_dut/t_r_reg[67],FDRE,SLICE_X29Y238,SLICEL.DFF,1'b0
u_dut/t_r_reg[680],FDRE,SLICE_X28Y237,SLICEL.DFF,1'b0
u_dut/t_r_reg[681],FDSE,SLICE_X36Y229,SLICEL.C5FF,1'b0
u_dut/t_r_reg[682],FDRE,SLICE_X37Y224,SLICEL.BFF,1'b0
u_dut/t_r_reg[683],FDRE,SLICE_X34Y225,SLICEL.DFF,1'b0
u_dut/t_r_reg[684],FDRE,SLICE_X35Y229,SLICEL.AFF,1'b0
u_dut/t_r_reg[685],FDRE,SLICE_X25Y226,SLICEL.AFF,1'b0
u_dut/t_r_reg[686],FDRE,SLICE_X25Y226,SLICEL.BFF,1'b0
u_dut/t_r_reg[687],FDRE,SLICE_X25Y223,SLICEL.DFF,1'b0
u_dut/t_r_reg[688],FDSE,SLICE_X36Y226,SLICEL.DFF,1'b0
u_dut/t_r_reg[689],FDSE,SLICE_X36Y226,SLICEL.AFF,1'b0
u_dut/t_r_reg[690],FDRE,SLICE_X24Y226,SLICEL.DFF,1'b0
u_dut/t_r_reg[691],FDRE,SLICE_X24Y227,SLICEL.DFF,1'b0
u_dut/t_r_reg[692],FDRE,SLICE_X37Y224,SLICEL.CFF,1'b0
u_dut/t_r_reg[693],FDRE,SLICE_X26Y224,SLICEL.DFF,1'b0
u_dut/t_r_reg[694],FDSE,SLICE_X36Y226,SLICEL.BFF,1'b0
u_dut/t_r_reg[695],FDSE,SLICE_X37Y227,SLICEL.AFF,1'b0
u_dut/t_r_reg[696],FDSE,SLICE_X36Y226,SLICEL.CFF,1'b0
u_dut/t_r_reg[697],FDRE,SLICE_X27Y229,SLICEL.CFF,1'b0
u_dut/t_r_reg[698],FDRE,SLICE_X36Y227,SLICEL.BFF,1'b0
u_dut/t_r_reg[699],FDRE,SLICE_X20Y227,SLICEM.CFF,1'b0
u_dut/t_r_reg[69],FDRE,SLICE_X25Y238,SLICEL.CFF,1'b0
u_dut/t_r_reg[6],FDSE,SLICE_X37Y230,SLICEL.BFF,1'b0
u_dut/t_r_reg[700],FDRE,SLICE_X37Y229,SLICEL.AFF,1'b0
u_dut/t_r_reg[701],FDRE,SLICE_X25Y226,SLICEL.CFF,1'b0
u_dut/t_r_reg[702],FDRE,SLICE_X26Y229,SLICEL.DFF,1'b0
u_dut/t_r_reg[703],FDRE,SLICE_X37Y224,SLICEL.DFF,1'b0
u_dut/t_r_reg[704],FDRE,SLICE_X23Y224,SLICEL.DFF,1'b0
u_dut/t_r_reg[705],FDRE,SLICE_X35Y225,SLICEL.CFF,1'b0
u_dut/t_r_reg[706],FDSE,SLICE_X37Y226,SLICEL.DFF,1'b0
u_dut/t_r_reg[707],FDSE,SLICE_X37Y226,SLICEL.BFF,1'b0
u_dut/t_r_reg[708],FDRE,SLICE_X36Y227,SLICEL.CFF,1'b0
u_dut/t_r_reg[709],FDRE,SLICE_X20Y223,SLICEM.DFF,1'b0
u_dut/t_r_reg[70],FDRE,SLICE_X38Y239,SLICEM.CFF,1'b0
u_dut/t_r_reg[710],FDRE,SLICE_X36Y227,SLICEL.DFF,1'b0
u_dut/t_r_reg[712],FDRE,SLICE_X24Y225,SLICEL.DFF,1'b0
u_dut/t_r_reg[714],FDRE,SLICE_X20Y227,SLICEM.DFF,1'b0
u_dut/t_r_reg[717],FDSE,SLICE_X33Y228,SLICEL.AFF,1'b0
u_dut/t_r_reg[719],FDSE,SLICE_X37Y226,SLICEL.AFF,1'b0
u_dut/t_r_reg[720],FDRE,SLICE_X33Y223,SLICEL.A5FF,1'b0
u_dut/t_r_reg[721],FDRE,SLICE_X28Y228,SLICEL.DFF,1'b0
u_dut/t_r_reg[722],FDRE,SLICE_X37Y229,SLICEL.BFF,1'b0
u_dut/t_r_reg[723],FDRE,SLICE_X35Y225,SLICEL.DFF,1'b0
u_dut/t_r_reg[724],FDRE,SLICE_X30Y221,SLICEL.DFF,1'b0
u_dut/t_r_reg[725],FDRE,SLICE_X32Y227,SLICEL.DFF,1'b0
u_dut/t_r_reg[726],FDRE,SLICE_X23Y225,SLICEL.DFF,1'b0
u_dut/t_r_reg[72],FDRE,SLICE_X25Y238,SLICEL.DFF,1'b0
u_dut/t_r_reg[739],FDSE,SLICE_X35Y232,SLICEL.BFF,1'b0
u_dut/t_r_reg[73],FDSE,SLICE_X27Y240,SLICEL.AFF,1'b0
u_dut/t_r_reg[742],FDSE,SLICE_X36Y231,SLICEL.AFF,1'b0
u_dut/t_r_reg[745],FDSE,SLICE_X36Y231,SLICEL.B5FF,1'b0
u_dut/t_r_reg[746],FDSE,SLICE_X36Y231,SLICEL.BFF,1'b0
u_dut/t_r_reg[747],FDSE,SLICE_X36Y231,SLICEL.CFF,1'b0
u_dut/t_r_reg[74],FDSE,SLICE_X27Y240,SLICEL.A5FF,1'b0
u_dut/t_r_reg[750],FDSE,SLICE_X36Y231,SLICEL.DFF,1'b0
u_dut/t_r_reg[751],FDSE,SLICE_X36Y231,SLICEL.C5FF,1'b0
u_dut/t_r_reg[752],FDSE,SLICE_X35Y232,SLICEL.B5FF,1'b0
u_dut/t_r_reg[753],FDSE,SLICE_X19Y229,SLICEL.B5FF,1'b0
u_dut/t_r_reg[754],FDSE,SLICE_X19Y229,SLICEL.AFF,1'b0
u_dut/t_r_reg[755],FDSE,SLICE_X19Y233,SLICEL.AFF,1'b0
u_dut/t_r_reg[756],FDSE,SLICE_X19Y229,SLICEL.A5FF,1'b0
u_dut/t_r_reg[759],FDSE,SLICE_X31Y231,SLICEL.AFF,1'b0
u_dut/t_r_reg[75],FDRE,SLICE_X23Y240,SLICEL.DFF,1'b0
u_dut/t_r_reg[760],FDSE,SLICE_X19Y233,SLICEL.A5FF,1'b0
u_dut/t_r_reg[761],FDSE,SLICE_X19Y233,SLICEL.BFF,1'b0
u_dut/t_r_reg[763],FDSE,SLICE_X19Y229,SLICEL.BFF,1'b0
u_dut/t_r_reg[764],FDRE,SLICE_X20Y233,SLICEM.DFF,1'b0
u_dut/t_r_reg[765],FDSE,SLICE_X19Y229,SLICEL.CFF,1'b0
u_dut/t_r_reg[766],FDSE,SLICE_X25Y232,SLICEL.CFF,1'b0
u_dut/t_r_reg[767],FDSE,SLICE_X22Y227,SLICEM.AFF,1'b0
u_dut/t_r_reg[769],FDSE,SLICE_X22Y227,SLICEM.BFF,1'b0
u_dut/t_r_reg[76],FDRE,SLICE_X35Y235,SLICEL.DFF,1'b0
u_dut/t_r_reg[770],FDSE,SLICE_X22Y227,SLICEM.B5FF,1'b0
u_dut/t_r_reg[773],FDSE,SLICE_X22Y227,SLICEM.A5FF,1'b0
u_dut/t_r_reg[774],FDSE,SLICE_X25Y228,SLICEL.B5FF,1'b0
u_dut/t_r_reg[775],FDSE,SLICE_X25Y228,SLICEL.AFF,1'b0
u_dut/t_r_reg[776],FDSE,SLICE_X25Y228,SLICEL.A5FF,1'b0
u_dut/t_r_reg[778],FDSE,SLICE_X25Y228,SLICEL.CFF,1'b0
u_dut/t_r_reg[77],FDSE,SLICE_X24Y238,SLICEL.AFF,1'b0
u_dut/t_r_reg[780],FDSE,SLICE_X37Y228,SLICEL.AFF,1'b0
u_dut/t_r_reg[783],FDSE,SLICE_X25Y228,SLICEL.BFF,1'b0
u_dut/t_r_reg[784],FDSE,SLICE_X19Y225,SLICEL.BFF,1'b0
u_dut/t_r_reg[786],FDSE,SLICE_X31Y232,SLICEL.AFF,1'b0
u_dut/t_r_reg[787],FDSE,SLICE_X19Y225,SLICEL.CFF,1'b0
u_dut/t_r_reg[788],FDSE,SLICE_X19Y231,SLICEL.AFF,1'b0
u_dut/t_r_reg[789],FDSE,SLICE_X19Y231,SLICEL.BFF,1'b0
u_dut/t_r_reg[78],FDSE,SLICE_X27Y240,SLICEL.BFF,1'b0
u_dut/t_r_reg[792],FDSE,SLICE_X31Y232,SLICEL.BFF,1'b0
u_dut/t_r_reg[793],FDSE,SLICE_X19Y225,SLICEL.AFF,1'b0
u_dut/t_r_reg[795],FDSE,SLICE_X31Y232,SLICEL.CFF,1'b0
u_dut/t_r_reg[796],FDSE,SLICE_X31Y232,SLICEL.DFF,1'b0
u_dut/t_r_reg[798],FDSE,SLICE_X35Y230,SLICEL.DFF,1'b0
u_dut/t_r_reg[799],FDSE,SLICE_X35Y230,SLICEL.A5FF,1'b0
u_dut/t_r_reg[79],FDSE,SLICE_X27Y240,SLICEL.CFF,1'b0
u_dut/t_r_reg[800],FDSE,SLICE_X35Y230,SLICEL.AFF,1'b0
u_dut/t_r_reg[802],FDSE,SLICE_X23Y230,SLICEL.AFF,1'b0
u_dut/t_r_reg[803],FDSE,SLICE_X23Y230,SLICEL.BFF,1'b0
u_dut/t_r_reg[805],FDSE,SLICE_X23Y230,SLICEL.CFF,1'b0
u_dut/t_r_reg[809],FDSE,SLICE_X35Y230,SLICEL.BFF,1'b0
u_dut/t_r_reg[80],FDSE,SLICE_X29Y237,SLICEL.CFF,1'b0
u_dut/t_r_reg[810],FDSE,SLICE_X35Y230,SLICEL.CFF,1'b0
u_dut/t_r_reg[811],FDSE,SLICE_X23Y230,SLICEL.DFF,1'b0
u_dut/t_r_reg[815],FDSE,SLICE_X27Y231,SLICEL.CFF,1'b0
u_dut/t_r_reg[816],FDSE,SLICE_X27Y231,SLICEL.AFF,1'b0
u_dut/t_r_reg[817],FDSE,SLICE_X27Y231,SLICEL.BFF,1'b0
u_dut/t_r_reg[825],FDSE,SLICE_X27Y231,SLICEL.A5FF,1'b0
u_dut/t_r_reg[828],FDSE,SLICE_X33Y232,SLICEL.DFF,1'b0
u_dut/t_r_reg[82],FDSE,SLICE_X23Y243,SLICEL.AFF,1'b0
u_dut/t_r_reg[831],FDSE,SLICE_X33Y232,SLICEL.AFF,1'b0
u_dut/t_r_reg[832],FDSE,SLICE_X38Y231,SLICEM.AFF,1'b0
u_dut/t_r_reg[833],FDSE,SLICE_X25Y232,SLICEL.BFF,1'b0
u_dut/t_r_reg[836],FDSE,SLICE_X38Y231,SLICEM.BFF,1'b0
u_dut/t_r_reg[837],FDSE,SLICE_X38Y232,SLICEM.BFF,1'b0
u_dut/t_r_reg[83],FDSE,SLICE_X32Y243,SLICEL.AFF,1'b0
u_dut/t_r_reg[840],FDSE,SLICE_X33Y232,SLICEL.CFF,1'b0
u_dut/t_r_reg[841],FDSE,SLICE_X37Y231,SLICEL.DFF,1'b0
u_dut/t_r_reg[842],FDSE,SLICE_X37Y231,SLICEL.AFF,1'b0
u_dut/t_r_reg[844],FDSE,SLICE_X37Y231,SLICEL.BFF,1'b0
u_dut/t_r_reg[847],FDSE,SLICE_X37Y231,SLICEL.CFF,1'b0
u_dut/t_r_reg[84],FDSE,SLICE_X23Y243,SLICEL.BFF,1'b0
u_dut/t_r_reg[851],FDSE,SLICE_X37Y231,SLICEL.A5FF,1'b0
u_dut/t_r_reg[852],FDSE,SLICE_X38Y228,SLICEM.AFF,1'b0
u_dut/t_r_reg[854],FDSE,SLICE_X35Y231,SLICEL.CFF,1'b0
u_dut/t_r_reg[855],FDSE,SLICE_X35Y233,SLICEL.AFF,1'b0
u_dut/t_r_reg[857],FDSE,SLICE_X35Y233,SLICEL.BFF,1'b0
u_dut/t_r_reg[858],FDSE,SLICE_X35Y231,SLICEL.AFF,1'b0
u_dut/t_r_reg[859],FDSE,SLICE_X35Y233,SLICEL.A5FF,1'b0
u_dut/t_r_reg[85],FDSE,SLICE_X23Y243,SLICEL.CFF,1'b0
u_dut/t_r_reg[860],FDSE,SLICE_X35Y231,SLICEL.BFF,1'b0
u_dut/t_r_reg[861],FDSE,SLICE_X35Y233,SLICEL.CFF,1'b0
u_dut/t_r_reg[862],FDSE,SLICE_X35Y233,SLICEL.DFF,1'b0
u_dut/t_r_reg[866],FDRE,SLICE_X37Y232,SLICEL.BFF,1'b0
u_dut/t_r_reg[867],FDRE,SLICE_X27Y229,SLICEL.DFF,1'b0
u_dut/t_r_reg[868],FDRE,SLICE_X35Y229,SLICEL.CFF,1'b0
u_dut/t_r_reg[871],FDSE,SLICE_X37Y233,SLICEL.CFF,1'b0
u_dut/t_r_reg[872],FDSE,SLICE_X37Y233,SLICEL.AFF,1'b0
u_dut/t_r_reg[873],FDSE,SLICE_X37Y233,SLICEL.BFF,1'b0
u_dut/t_r_reg[877],FDSE,SLICE_X37Y233,SLICEL.A5FF,1'b0
u_dut/t_r_reg[878],FDRE,SLICE_X36Y232,SLICEL.BFF,1'b0
u_dut/t_r_reg[879],FDRE,SLICE_X36Y232,SLICEL.CFF,1'b0
u_dut/t_r_reg[87],FDSE,SLICE_X29Y237,SLICEL.A5FF,1'b0
u_dut/t_r_reg[881],FDRE,SLICE_X36Y232,SLICEL.DFF,1'b0
u_dut/t_r_reg[888],FDRE,SLICE_X37Y232,SLICEL.CFF,1'b0
u_dut/t_r_reg[88],FDSE,SLICE_X24Y243,SLICEL.CFF,1'b0
u_dut/t_r_reg[890],FDRE,SLICE_X34Y231,SLICEL.DFF,1'b0
u_dut/t_r_reg[892],FDRE,SLICE_X30Y230,SLICEL.DFF,1'b0
u_dut/t_r_reg[89],FDSE,SLICE_X27Y243,SLICEL.AFF,1'b0
u_dut/t_r_reg[90],FDRE,SLICE_X30Y241,SLICEL.DFF,1'b0
u_dut/t_r_reg[91],FDSE,SLICE_X24Y243,SLICEL.AFF,1'b0
u_dut/t_r_reg[923],FDSE,SLICE_X22Y231,SLICEM.CFF,1'b0
u_dut/t_r_reg[92],FDSE,SLICE_X27Y243,SLICEL.BFF,1'b0
u_dut/t_r_reg[93],FDSE,SLICE_X27Y243,SLICEL.CFF,1'b0
u_dut/t_r_reg[940],FDSE,SLICE_X21Y231,SLICEL.AFF,1'b0
u_dut/t_r_reg[942],FDSE,SLICE_X26Y221,SLICEL.AFF,1'b0
u_dut/t_r_reg[943],FDSE,SLICE_X21Y231,SLICEL.BFF,1'b0
u_dut/t_r_reg[944],FDSE,SLICE_X26Y221,SLICEL.CFF,1'b0
u_dut/t_r_reg[945],FDSE,SLICE_X26Y221,SLICEL.BFF,1'b0
u_dut/t_r_reg[946],FDSE,SLICE_X21Y231,SLICEL.CFF,1'b0
u_dut/t_r_reg[947],FDSE,SLICE_X21Y231,SLICEL.B5FF,1'b0
u_dut/t_r_reg[949],FDSE,SLICE_X26Y221,SLICEL.B5FF,1'b0
u_dut/t_r_reg[94],FDSE,SLICE_X24Y243,SLICEL.BFF,1'b0
u_dut/t_r_reg[952],FDSE,SLICE_X21Y231,SLICEL.A5FF,1'b0
u_dut/t_r_reg[953],FDSE,SLICE_X26Y221,SLICEL.DFF,1'b0
u_dut/t_r_reg[954],FDSE,SLICE_X22Y231,SLICEM.A5FF,1'b0
u_dut/t_r_reg[957],FDSE,SLICE_X23Y227,SLICEL.AFF,1'b0
u_dut/t_r_reg[959],FDSE,SLICE_X23Y227,SLICEL.BFF,1'b0
u_dut/t_r_reg[95],FDSE,SLICE_X26Y239,SLICEL.AFF,1'b0
u_dut/t_r_reg[960],FDSE,SLICE_X23Y217,SLICEL.AFF,1'b0
u_dut/t_r_reg[961],FDSE,SLICE_X23Y227,SLICEL.CFF,1'b0
u_dut/t_r_reg[962],FDSE,SLICE_X23Y217,SLICEL.BFF,1'b0
u_dut/t_r_reg[963],FDSE,SLICE_X23Y227,SLICEL.A5FF,1'b0
u_dut/t_r_reg[964],FDSE,SLICE_X23Y227,SLICEL.DFF,1'b0
u_dut/t_r_reg[965],FDSE,SLICE_X23Y227,SLICEL.C5FF,1'b0
u_dut/t_r_reg[967],FDSE,SLICE_X23Y227,SLICEL.B5FF,1'b0
u_dut/t_r_reg[968],FDSE,SLICE_X23Y227,SLICEL.D5FF,1'b0
u_dut/t_r_reg[96],FDSE,SLICE_X26Y239,SLICEL.BFF,1'b0
u_dut/t_r_reg[972],FDSE,SLICE_X24Y224,SLICEL.CFF,1'b0
u_dut/t_r_reg[974],FDSE,SLICE_X24Y224,SLICEL.AFF,1'b0
u_dut/t_r_reg[975],FDSE,SLICE_X24Y224,SLICEL.BFF,1'b0
u_dut/t_r_reg[976],FDSE,SLICE_X22Y231,SLICEM.AFF,1'b0
u_dut/t_r_reg[977],FDSE,SLICE_X24Y224,SLICEL.A5FF,1'b0
u_dut/t_r_reg[982],FDSE,SLICE_X24Y224,SLICEL.B5FF,1'b0
u_dut/t_r_reg[983],FDSE,SLICE_X22Y231,SLICEM.BFF,1'b0
u_dut/t_r_reg[984],FDSE,SLICE_X26Y228,SLICEL.AFF,1'b0
u_dut/t_r_reg[985],FDSE,SLICE_X26Y228,SLICEL.BFF,1'b0
u_dut/t_r_reg[987],FDSE,SLICE_X26Y228,SLICEL.A5FF,1'b0
u_dut/t_r_reg[989],FDSE,SLICE_X26Y228,SLICEL.CFF,1'b0
u_dut/t_r_reg[98],FDSE,SLICE_X26Y239,SLICEL.B5FF,1'b0
u_dut/t_r_reg[990],FDSE,SLICE_X26Y228,SLICEL.B5FF,1'b0
u_dut/t_r_reg[991],FDSE,SLICE_X26Y228,SLICEL.C5FF,1'b0
u_dut/t_r_reg[992],FDSE,SLICE_X26Y220,SLICEL.AFF,1'b0
u_dut/t_r_reg[994],FDSE,SLICE_X21Y230,SLICEL.BFF,1'b0
u_dut/t_r_reg[995],FDSE,SLICE_X22Y218,SLICEM.AFF,1'b0
u_dut/t_r_reg[996],FDSE,SLICE_X22Y218,SLICEM.BFF,1'b0
u_dut/t_r_reg[997],FDSE,SLICE_X22Y218,SLICEM.A5FF,1'b0
u_dut/t_r_reg[998],FDSE,SLICE_X21Y230,SLICEL.AFF,1'b0
u_dut/t_r_reg[999],FDSE,SLICE_X21Y230,SLICEL.A5FF,1'b0
u_dut/t_r_reg[99],FDSE,SLICE_X24Y241,SLICEL.AFF,1'b0
u_dut/x_r_reg[0],FDRE,SLICE_X41Y211,SLICEL.AFF,1'b0
u_dut/x_r_reg[100],FDRE,SLICE_X9Y212,SLICEL.AFF,1'b0
u_dut/x_r_reg[101],FDRE,SLICE_X8Y205,SLICEM.AFF,1'b0
u_dut/x_r_reg[102],FDRE,SLICE_X9Y203,SLICEL.AFF,1'b0
u_dut/x_r_reg[103],FDRE,SLICE_X9Y212,SLICEL.BFF,1'b0
u_dut/x_r_reg[104],FDRE,SLICE_X9Y212,SLICEL.CFF,1'b0
u_dut/x_r_reg[105],FDRE,SLICE_X8Y210,SLICEM.AFF,1'b0
u_dut/x_r_reg[106],FDRE,SLICE_X9Y212,SLICEL.DFF,1'b0
u_dut/x_r_reg[107],FDRE,SLICE_X8Y210,SLICEM.BFF,1'b0
u_dut/x_r_reg[108],FDRE,SLICE_X9Y201,SLICEL.AFF,1'b0
u_dut/x_r_reg[109],FDRE,SLICE_X9Y203,SLICEL.BFF,1'b0
u_dut/x_r_reg[10],FDRE,SLICE_X24Y210,SLICEL.AFF,1'b0
u_dut/x_r_reg[110],FDRE,SLICE_X13Y204,SLICEL.AFF,1'b0
u_dut/x_r_reg[111],FDRE,SLICE_X13Y204,SLICEL.BFF,1'b0
u_dut/x_r_reg[112],FDRE,SLICE_X9Y208,SLICEL.AFF,1'b0
u_dut/x_r_reg[113],FDRE,SLICE_X8Y210,SLICEM.CFF,1'b0
u_dut/x_r_reg[114],FDRE,SLICE_X8Y201,SLICEM.AFF,1'b0
u_dut/x_r_reg[115],FDRE,SLICE_X8Y201,SLICEM.BFF,1'b0
u_dut/x_r_reg[116],FDRE,SLICE_X9Y208,SLICEL.BFF,1'b0
u_dut/x_r_reg[117],FDRE,SLICE_X9Y206,SLICEL.AFF,1'b0
u_dut/x_r_reg[118],FDRE,SLICE_X9Y203,SLICEL.CFF,1'b0
u_dut/x_r_reg[119],FDRE,SLICE_X8Y201,SLICEM.CFF,1'b0
u_dut/x_r_reg[11],FDRE,SLICE_X24Y214,SLICEL.AFF,1'b0
u_dut/x_r_reg[120],FDRE,SLICE_X16Y207,SLICEM.AFF,1'b0
u_dut/x_r_reg[121],FDRE,SLICE_X16Y202,SLICEM.AFF,1'b0
u_dut/x_r_reg[122],FDRE,SLICE_X13Y204,SLICEL.CFF,1'b0
u_dut/x_r_reg[123],FDRE,SLICE_X13Y204,SLICEL.DFF,1'b0
u_dut/x_r_reg[124],FDRE,SLICE_X12Y204,SLICEM.AFF,1'b0
u_dut/x_r_reg[125],FDRE,SLICE_X12Y204,SLICEM.BFF,1'b0
u_dut/x_r_reg[126],FDRE,SLICE_X12Y204,SLICEM.CFF,1'b0
u_dut/x_r_reg[127],FDRE,SLICE_X25Y205,SLICEL.AFF,1'b0
u_dut/x_r_reg[128],FDRE,SLICE_X24Y201,SLICEL.AFF,1'b0
u_dut/x_r_reg[129],FDRE,SLICE_X24Y210,SLICEL.BFF,1'b0
u_dut/x_r_reg[12],FDRE,SLICE_X25Y207,SLICEL.AFF,1'b0
u_dut/x_r_reg[130],FDRE,SLICE_X23Y209,SLICEL.AFF,1'b0
u_dut/x_r_reg[131],FDRE,SLICE_X23Y207,SLICEL.AFF,1'b0
u_dut/x_r_reg[132],FDRE,SLICE_X23Y209,SLICEL.BFF,1'b0
u_dut/x_r_reg[133],FDRE,SLICE_X23Y214,SLICEL.CFF,1'b0
u_dut/x_r_reg[134],FDRE,SLICE_X25Y204,SLICEL.AFF,1'b0
u_dut/x_r_reg[135],FDRE,SLICE_X25Y205,SLICEL.BFF,1'b0
u_dut/x_r_reg[136],FDRE,SLICE_X23Y210,SLICEL.AFF,1'b0
u_dut/x_r_reg[137],FDRE,SLICE_X23Y209,SLICEL.CFF,1'b0
u_dut/x_r_reg[138],FDRE,SLICE_X23Y210,SLICEL.BFF,1'b0
u_dut/x_r_reg[139],FDRE,SLICE_X25Y204,SLICEL.BFF,1'b0
u_dut/x_r_reg[13],FDRE,SLICE_X25Y207,SLICEL.BFF,1'b0
u_dut/x_r_reg[140],FDRE,SLICE_X17Y202,SLICEL.AFF,1'b0
u_dut/x_r_reg[141],FDRE,SLICE_X19Y207,SLICEL.AFF,1'b0
u_dut/x_r_reg[142],FDRE,SLICE_X18Y207,SLICEM.AFF,1'b0
u_dut/x_r_reg[143],FDRE,SLICE_X17Y202,SLICEL.BFF,1'b0
u_dut/x_r_reg[144],FDRE,SLICE_X18Y202,SLICEM.AFF,1'b0
u_dut/x_r_reg[145],FDRE,SLICE_X8Y212,SLICEM.AFF,1'b0
u_dut/x_r_reg[146],FDRE,SLICE_X9Y203,SLICEL.DFF,1'b0
u_dut/x_r_reg[147],FDRE,SLICE_X8Y212,SLICEM.BFF,1'b0
u_dut/x_r_reg[148],FDRE,SLICE_X9Y208,SLICEL.CFF,1'b0
u_dut/x_r_reg[149],FDRE,SLICE_X9Y206,SLICEL.BFF,1'b0
u_dut/x_r_reg[14],FDRE,SLICE_X24Y210,SLICEL.CFF,1'b0
u_dut/x_r_reg[150],FDRE,SLICE_X8Y208,SLICEM.AFF,1'b0
u_dut/x_r_reg[151],FDRE,SLICE_X8Y208,SLICEM.BFF,1'b0
u_dut/x_r_reg[152],FDRE,SLICE_X8Y212,SLICEM.CFF,1'b0
u_dut/x_r_reg[153],FDRE,SLICE_X8Y212,SLICEM.DFF,1'b0
u_dut/x_r_reg[154],FDRE,SLICE_X8Y206,SLICEM.AFF,1'b0
u_dut/x_r_reg[155],FDRE,SLICE_X8Y203,SLICEM.AFF,1'b0
u_dut/x_r_reg[156],FDRE,SLICE_X8Y201,SLICEM.DFF,1'b0
u_dut/x_r_reg[157],FDRE,SLICE_X8Y203,SLICEM.BFF,1'b0
u_dut/x_r_reg[158],FDRE,SLICE_X8Y203,SLICEM.CFF,1'b0
u_dut/x_r_reg[159],FDRE,SLICE_X8Y206,SLICEM.BFF,1'b0
u_dut/x_r_reg[15],FDRE,SLICE_X24Y209,SLICEL.AFF,1'b0
u_dut/x_r_reg[16],FDRE,SLICE_X24Y209,SLICEL.BFF,1'b0
u_dut/x_r_reg[17],FDRE,SLICE_X24Y210,SLICEL.DFF,1'b0
u_dut/x_r_reg[18],FDRE,SLICE_X8Y206,SLICEM.CFF,1'b0
u_dut/x_r_reg[19],FDRE,SLICE_X12Y204,SLICEM.DFF,1'b0
u_dut/x_r_reg[1],FDRE,SLICE_X40Y211,SLICEL.AFF,1'b0
u_dut/x_r_reg[20],FDRE,SLICE_X8Y203,SLICEM.DFF,1'b0
u_dut/x_r_reg[21],FDRE,SLICE_X8Y206,SLICEM.DFF,1'b0
u_dut/x_r_reg[22],FDRE,SLICE_X8Y208,SLICEM.CFF,1'b0
u_dut/x_r_reg[23],FDRE,SLICE_X8Y205,SLICEM.BFF,1'b0
u_dut/x_r_reg[24],FDRE,SLICE_X8Y208,SLICEM.DFF,1'b0
u_dut/x_r_reg[25],FDRE,SLICE_X8Y205,SLICEM.CFF,1'b0
u_dut/x_r_reg[26],FDRE,SLICE_X8Y205,SLICEM.DFF,1'b0
u_dut/x_r_reg[27],FDRE,SLICE_X36Y204,SLICEL.AFF,1'b0
u_dut/x_r_reg[28],FDRE,SLICE_X36Y204,SLICEL.BFF,1'b0
u_dut/x_r_reg[29],FDRE,SLICE_X41Y203,SLICEL.AFF,1'b0
u_dut/x_r_reg[2],FDRE,SLICE_X40Y211,SLICEL.BFF,1'b0
u_dut/x_r_reg[30],FDRE,SLICE_X41Y208,SLICEL.AFF,1'b0
u_dut/x_r_reg[31],FDRE,SLICE_X40Y208,SLICEL.AFF,1'b0
u_dut/x_r_reg[32],FDRE,SLICE_X40Y208,SLICEL.BFF,1'b0
u_dut/x_r_reg[33],FDRE,SLICE_X41Y203,SLICEL.BFF,1'b0
u_dut/x_r_reg[34],FDRE,SLICE_X40Y208,SLICEL.CFF,1'b0
u_dut/x_r_reg[35],FDRE,SLICE_X40Y203,SLICEL.AFF,1'b0
u_dut/x_r_reg[36],FDRE,SLICE_X24Y209,SLICEL.CFF,1'b0
u_dut/x_r_reg[37],FDRE,SLICE_X25Y207,SLICEL.CFF,1'b0
u_dut/x_r_reg[38],FDRE,SLICE_X25Y202,SLICEL.AFF,1'b0
u_dut/x_r_reg[39],FDRE,SLICE_X24Y209,SLICEL.DFF,1'b0
u_dut/x_r_reg[3],FDRE,SLICE_X40Y203,SLICEL.BFF,1'b0
u_dut/x_r_reg[40],FDRE,SLICE_X25Y205,SLICEL.CFF,1'b0
u_dut/x_r_reg[41],FDRE,SLICE_X25Y202,SLICEL.BFF,1'b0
u_dut/x_r_reg[42],FDRE,SLICE_X25Y205,SLICEL.DFF,1'b0
u_dut/x_r_reg[43],FDRE,SLICE_X24Y205,SLICEL.AFF,1'b0
u_dut/x_r_reg[44],FDRE,SLICE_X24Y205,SLICEL.BFF,1'b0
u_dut/x_r_reg[45],FDRE,SLICE_X25Y207,SLICEL.DFF,1'b0
u_dut/x_r_reg[46],FDRE,SLICE_X25Y204,SLICEL.CFF,1'b0
u_dut/x_r_reg[47],FDRE,SLICE_X24Y207,SLICEL.AFF,1'b0
u_dut/x_r_reg[48],FDRE,SLICE_X25Y204,SLICEL.DFF,1'b0
u_dut/x_r_reg[49],FDRE,SLICE_X24Y204,SLICEL.AFF,1'b0
u_dut/x_r_reg[4],FDRE,SLICE_X40Y211,SLICEL.CFF,1'b0
u_dut/x_r_reg[50],FDRE,SLICE_X24Y207,SLICEL.BFF,1'b0
u_dut/x_r_reg[51],FDRE,SLICE_X25Y202,SLICEL.CFF,1'b0
u_dut/x_r_reg[52],FDRE,SLICE_X24Y201,SLICEL.BFF,1'b0
u_dut/x_r_reg[53],FDRE,SLICE_X25Y202,SLICEL.DFF,1'b0
u_dut/x_r_reg[54],FDRE,SLICE_X24Y207,SLICEL.CFF,1'b0
u_dut/x_r_reg[55],FDRE,SLICE_X24Y202,SLICEL.AFF,1'b0
u_dut/x_r_reg[56],FDRE,SLICE_X24Y202,SLICEL.BFF,1'b0
u_dut/x_r_reg[57],FDRE,SLICE_X24Y201,SLICEL.CFF,1'b0
u_dut/x_r_reg[58],FDRE,SLICE_X24Y202,SLICEL.CFF,1'b0
u_dut/x_r_reg[59],FDRE,SLICE_X24Y205,SLICEL.CFF,1'b0
u_dut/x_r_reg[5],FDRE,SLICE_X40Y203,SLICEL.CFF,1'b0
u_dut/x_r_reg[60],FDRE,SLICE_X31Y217,SLICEL.AFF,1'b0
u_dut/x_r_reg[61],FDRE,SLICE_X33Y217,SLICEL.AFF,1'b0
u_dut/x_r_reg[62],FDRE,SLICE_X31Y217,SLICEL.B5FF,1'b0
u_dut/x_r_reg[63],FDRE,SLICE_X33Y217,SLICEL.BFF,1'b0
u_dut/x_r_reg[64],FDRE,SLICE_X29Y217,SLICEL.AFF,1'b0
u_dut/x_r_reg[65],FDRE,SLICE_X29Y217,SLICEL.BFF,1'b0
u_dut/x_r_reg[66],FDRE,SLICE_X33Y217,SLICEL.CFF,1'b0
u_dut/x_r_reg[67],FDRE,SLICE_X29Y217,SLICEL.CFF,1'b0
u_dut/x_r_reg[68],FDRE,SLICE_X29Y217,SLICEL.DFF,1'b0
u_dut/x_r_reg[69],FDRE,SLICE_X33Y217,SLICEL.DFF,1'b0
u_dut/x_r_reg[6],FDRE,SLICE_X40Y203,SLICEL.DFF,1'b0
u_dut/x_r_reg[70],FDRE,SLICE_X18Y207,SLICEM.BFF,1'b0
u_dut/x_r_reg[71],FDRE,SLICE_X18Y207,SLICEM.CFF,1'b0
u_dut/x_r_reg[72],FDRE,SLICE_X16Y202,SLICEM.BFF,1'b0
u_dut/x_r_reg[73],FDRE,SLICE_X18Y207,SLICEM.DFF,1'b0
u_dut/x_r_reg[74],FDRE,SLICE_X20Y210,SLICEM.AFF,1'b0
u_dut/x_r_reg[75],FDRE,SLICE_X20Y210,SLICEM.BFF,1'b0
u_dut/x_r_reg[76],FDRE,SLICE_X39Y204,SLICEL.AFF,1'b0
u_dut/x_r_reg[77],FDRE,SLICE_X39Y204,SLICEL.BFF,1'b0
u_dut/x_r_reg[78],FDRE,SLICE_X39Y204,SLICEL.CFF,1'b0
u_dut/x_r_reg[79],FDRE,SLICE_X39Y204,SLICEL.DFF,1'b0
u_dut/x_r_reg[7],FDRE,SLICE_X40Y211,SLICEL.DFF,1'b0
u_dut/x_r_reg[80],FDRE,SLICE_X31Y217,SLICEL.C5FF,1'b0
u_dut/x_r_reg[81],FDRE,SLICE_X32Y217,SLICEL.AFF,1'b0
u_dut/x_r_reg[82],FDRE,SLICE_X31Y217,SLICEL.DFF,1'b0
u_dut/x_r_reg[83],FDRE,SLICE_X32Y217,SLICEL.BFF,1'b0
u_dut/x_r_reg[84],FDRE,SLICE_X29Y217,SLICEL.A5FF,1'b0
u_dut/x_r_reg[85],FDRE,SLICE_X29Y217,SLICEL.B5FF,1'b0
u_dut/x_r_reg[86],FDRE,SLICE_X32Y217,SLICEL.CFF,1'b0
u_dut/x_r_reg[87],FDRE,SLICE_X29Y217,SLICEL.C5FF,1'b0
u_dut/x_r_reg[88],FDRE,SLICE_X29Y217,SLICEL.D5FF,1'b0
u_dut/x_r_reg[89],FDRE,SLICE_X32Y217,SLICEL.DFF,1'b0
u_dut/x_r_reg[8],FDRE,SLICE_X40Y208,SLICEL.DFF,1'b0
u_dut/x_r_reg[90],FDRE,SLICE_X22Y201,SLICEM.AFF,1'b0
u_dut/x_r_reg[91],FDRE,SLICE_X22Y201,SLICEM.BFF,1'b0
u_dut/x_r_reg[92],FDRE,SLICE_X24Y204,SLICEL.BFF,1'b0
u_dut/x_r_reg[93],FDRE,SLICE_X24Y204,SLICEL.CFF,1'b0
u_dut/x_r_reg[94],FDRE,SLICE_X24Y202,SLICEL.DFF,1'b0
u_dut/x_r_reg[95],FDRE,SLICE_X22Y201,SLICEM.CFF,1'b0
u_dut/x_r_reg[96],FDRE,SLICE_X24Y204,SLICEL.DFF,1'b0
u_dut/x_r_reg[97],FDRE,SLICE_X24Y207,SLICEL.DFF,1'b0
u_dut/x_r_reg[98],FDRE,SLICE_X22Y209,SLICEM.AFF,1'b0
u_dut/x_r_reg[99],FDRE,SLICE_X22Y201,SLICEM.DFF,1'b0
u_dut/x_r_reg[9],FDRE,SLICE_X24Y205,SLICEL.DFF,1'b0
u_dut/y[0]_i_1,LUT5,SLICE_X8Y240,SLICEM.D6LUT,32'h0A0A0F0C
u_dut/y[0]_i_10,LUT4,SLICE_X8Y241,SLICEM.B6LUT,16'h9009
u_dut/y[0]_i_11,LUT4,SLICE_X8Y241,SLICEM.A6LUT,16'h9009
u_dut/y[0]_i_12,LUT4,SLICE_X5Y238,SLICEL.D5LUT,16'h2F02
u_dut/y[0]_i_13,LUT4,SLICE_X5Y238,SLICEL.C5LUT,16'h2F02
u_dut/y[0]_i_14,LUT4,SLICE_X5Y238,SLICEL.B5LUT,16'h2F02
u_dut/y[0]_i_15,LUT4,SLICE_X5Y238,SLICEL.A5LUT,16'h2F02
u_dut/y[0]_i_16,LUT4,SLICE_X5Y238,SLICEL.D6LUT,16'h9009
u_dut/y[0]_i_17,LUT4,SLICE_X5Y238,SLICEL.C6LUT,16'h9009
u_dut/y[0]_i_18,LUT4,SLICE_X5Y238,SLICEL.B6LUT,16'h9009
u_dut/y[0]_i_19,LUT4,SLICE_X5Y238,SLICEL.A6LUT,16'h9009
u_dut/y[0]_i_4,LUT4,SLICE_X8Y241,SLICEM.D5LUT,16'h2F02
u_dut/y[0]_i_5,LUT4,SLICE_X8Y241,SLICEM.C5LUT,16'h2F02
u_dut/y[0]_i_6,LUT4,SLICE_X8Y241,SLICEM.B5LUT,16'h2F02
u_dut/y[0]_i_7,LUT4,SLICE_X8Y241,SLICEM.A5LUT,16'h2F02
u_dut/y[0]_i_8,LUT4,SLICE_X8Y241,SLICEM.D6LUT,16'h9009
u_dut/y[0]_i_9,LUT4,SLICE_X8Y241,SLICEM.C6LUT,16'h9009
u_dut/y[1]_i_1,LUT3,SLICE_X8Y240,SLICEM.D5LUT,8'h0E
u_dut/y[1]_i_10,LUT6,SLICE_X6Y240,SLICEM.B6LUT,64'hE21D00000000E21D
u_dut/y[1]_i_11,LUT6,SLICE_X6Y240,SLICEM.A6LUT,64'hE21D00000000E21D
u_dut/y[1]_i_12,LUT6,SLICE_X5Y239,SLICEL.C6LUT,64'h2F222FFF02000222
u_dut/y[1]_i_13,LUT6,SLICE_X5Y239,SLICEL.D6LUT,64'h2F222FFF02000222
u_dut/y[1]_i_14,LUT6,SLICE_X7Y240,SLICEL.B6LUT,64'h2F222FFF02000222
u_dut/y[1]_i_15,LUT6,SLICE_X7Y240,SLICEL.C6LUT,64'h2F222FFF02000222
u_dut/y[1]_i_16,LUT6,SLICE_X6Y239,SLICEM.D6LUT,64'hE21D00000000E21D
u_dut/y[1]_i_17,LUT6,SLICE_X6Y239,SLICEM.C6LUT,64'hE21D00000000E21D
u_dut/y[1]_i_18,LUT6,SLICE_X6Y239,SLICEM.B6LUT,64'hE21D00000000E21D
u_dut/y[1]_i_19,LUT6,SLICE_X6Y239,SLICEM.A6LUT,64'hE21D00000000E21D
u_dut/y[1]_i_4,LUT6,SLICE_X5Y240,SLICEL.A6LUT,64'h2F222FFF02000222
u_dut/y[1]_i_5,LUT6,SLICE_X5Y240,SLICEL.B6LUT,64'h2F222FFF02000222
u_dut/y[1]_i_6,LUT6,SLICE_X7Y240,SLICEL.D6LUT,64'h2F222FFF02000222
u_dut/y[1]_i_7,LUT6,SLICE_X5Y240,SLICEL.C6LUT,64'h2F222FFF02000222
u_dut/y[1]_i_8,LUT6,SLICE_X6Y240,SLICEM.D6LUT,64'hE21D00000000E21D
u_dut/y[1]_i_9,LUT6,SLICE_X6Y240,SLICEM.C6LUT,64'hE21D00000000E21D
u_dut/y[2]_i_10,LUT6,SLICE_X4Y241,SLICEL.C6LUT,64'hF0F0E2E2FF00E2E2
u_dut/y[2]_i_11,LUT6,SLICE_X3Y240,SLICEL.C6LUT,64'hF0F0E2E2FF00E2E2
u_dut/y[2]_i_12,LUT6,SLICE_X6Y241,SLICEM.B6LUT,64'hF0F0E2E2FF00E2E2
u_dut/y[2]_i_13,LUT6,SLICE_X3Y240,SLICEL.D6LUT,64'hF0F0E2E2FF00E2E2
u_dut/y[2]_i_14,LUT6,SLICE_X6Y241,SLICEM.C6LUT,64'hF0F0E2E2FF00E2E2
u_dut/y[2]_i_15,LUT6,SLICE_X7Y241,SLICEL.B6LUT,64'hF0F0E2E2FF00E2E2
u_dut/y[2]_i_16,LUT6,SLICE_X5Y240,SLICEL.D6LUT,64'hF0F0E2E2FF00E2E2
u_dut/y[2]_i_17,LUT6,SLICE_X6Y241,SLICEM.D6LUT,64'hF0F0E2E2FF00E2E2
u_dut/y[2]_i_18,LUT3,SLICE_X5Y239,SLICEL.A6LUT,8'hB8
u_dut/y[2]_i_19,LUT3,SLICE_X3Y240,SLICEL.B6LUT,8'hB8
u_dut/y[2]_i_2,LUT4,SLICE_X5Y241,SLICEL.D5LUT,16'h4F04
u_dut/y[2]_i_20,LUT3,SLICE_X5Y239,SLICEL.A5LUT,8'hB8
u_dut/y[2]_i_21,LUT3,SLICE_X3Y240,SLICEL.B5LUT,8'hB8
u_dut/y[2]_i_22,LUT3,SLICE_X5Y239,SLICEL.B6LUT,8'hB8
u_dut/y[2]_i_23,LUT3,SLICE_X7Y240,SLICEL.A6LUT,8'hB8
u_dut/y[2]_i_24,LUT3,SLICE_X5Y239,SLICEL.B5LUT,8'hB8
u_dut/y[2]_i_25,LUT3,SLICE_X7Y240,SLICEL.A5LUT,8'hB8
u_dut/y[2]_i_3,LUT4,SLICE_X5Y241,SLICEL.C5LUT,16'h4F04
u_dut/y[2]_i_4,LUT4,SLICE_X5Y241,SLICEL.B5LUT,16'h4F04
u_dut/y[2]_i_5,LUT4,SLICE_X5Y241,SLICEL.A5LUT,16'h4F04
u_dut/y[2]_i_6,LUT4,SLICE_X5Y241,SLICEL.D6LUT,16'h8241
u_dut/y[2]_i_7,LUT4,SLICE_X5Y241,SLICEL.C6LUT,16'h8241
u_dut/y[2]_i_8,LUT4,SLICE_X5Y241,SLICEL.B6LUT,16'h8241
u_dut/y[2]_i_9,LUT4,SLICE_X5Y241,SLICEL.A6LUT,16'h8241
u_dut/y_reg[0],FDRE,SLICE_X8Y240,SLICEM.DFF,1'b0
u_dut/y_reg[0]_i_2,CARRY4,SLICE_X8Y241,SLICEM.CARRY4,
u_dut/y_reg[0]_i_3,CARRY4,SLICE_X5Y238,SLICEL.CARRY4,
u_dut/y_reg[1],FDRE,SLICE_X8Y240,SLICEM.D5FF,1'b0
u_dut/y_reg[1]_i_2,CARRY4,SLICE_X6Y240,SLICEM.CARRY4,
u_dut/y_reg[1]_i_3,CARRY4,SLICE_X6Y239,SLICEM.CARRY4,
u_dut/y_reg[2],FDRE,SLICE_X5Y241,SLICEL.DFF,1'b0
u_dut/y_reg[2]_i_1,CARRY4,SLICE_X5Y241,SLICEL.CARRY4,
