200000000000000000000000000000000000003E0000FFFF003FFFF003C0070000007000000F000001E000001C000003C0000038000007800000F000000E000001C000001C00000183000038700001FF00001FE00000F000000000000000000000000
10000000000000000000000000000000180000018000003800000300000030000007000000600000060000006000000C000000C000000C000001800000180000018000001000000300000030000002000000200000000000000000000000000000000
4000000000000000000000000C000003E000006E000000E000000C000000C000001C0000018000001800000300000077E00007FF8000F87C000E01C001801C00180180030030003007000600E000000C0000000000000000000000000000000000000
600000000000000000000000000000000000000E000003F00000F380000E1C0000C0C0000C0C0000C0E0000E1E00007FE00003FE0000006000000E000000C000000C000001C00000180000038000007000001F000000E000000000000000000000000
600000000000000000000000000000000000001C000003E000001E000007F80000E7C000186E0001063000306300030C180030C1800318180033818001F01800080380000030000003000000200000020000006000000400000000000000000000000
40000000000000000000000040000006000000200000020000002000000300000030000003000000FFE00002038000301800030100003010000302000020200002020000304000010C000000800000080000000000000000000000000000000000000
30000000000000000002000000F000003F000007E00001F000003C0000078000007000000E000000E000000F8000007E000001F800000F800000F000001E000001C100003F780001FF80000FE00000000000000000000000000000000000000000000
70000000000400000040000004000000C000000C000000C000001F00001FE00001F80000018000003000000300000070000006000000E001800C007800C00F000C07E000FFFC0007F9800000000000000000000000000000000000000000000000000
4000000000000000008000000C000000C000000C000000C000001C000001C000003C0000039800003FE00003F700007E300007C3800078380007830000F030000E030000E030000C070000C0600000000000000000000000000000000000000000000
50000000000000000000000000C000007E00001E3000038100007010000603000060200004000000404000060E000061C00003F800001F8000001800000100000010000001000020100001FF000000700000000000000000000000000000000000000
30000000000000000000000000000000000001FF80003FFE0007F3E0007006000E000000E000000F0000007C0F0007FFF0000FFF00003F800003E000007800000783E0007FFF0003FFF0000FF80000000000000000000000000000000000000000000
500000000000000000000000000000003FC0001F800003C000007000000E000000C000000E01000070F80003FF00000E30000007000000E000001E000007C00001F80000FF00007C00001E00000000000000000000000000000000000000000000000
50000000000000000000000000000001FC0000F040001C0200030000003000000200000020000002000000300000010070000C1F00007F10000001800000100000010000001000000F000003E00000C00000380000000000000000000000000000000
4000000000000000000000003000000700000070000007000000700000070000006000000E030001FFF8001FFF8001E7F8001C03800180380018078003807000380700038070007007000300700000060000000000000000000000000000000000000
50000000000000000004000000C0000018000001800000100000010000003000000300000030000001E0000006000000200000000000000000007C00003F80000F800003C00000C000001000000000000000000000000000000000000000000000000
70000000001C000003C000007C0000078000007000000F000000F000001E000001E000001E000003E000001E000001E000001E000001F000000FC000007FFC0001FFF80007FFC00000F80000000000000000000000000000000000000000000000000
6000000000000000000000000000000000000000000001FC00003FE00003C700006C30000C41800184180018C080030C180030C18003181800338100037030003E03000380200000060000004000001C0000038000003000000200000000000000000
7000000000000000001C00000380000078000007000000E000001C000003C0000038000007000000E000001C000001C00000380000038000003E000001FD00000FFFFC001FFFC00000000000000000000000000000000000000000000000000000000
10000000000000000000000006000000700000070000007000000E000000E000000E000000E000000E000000E000000E000000E000000F000000F000000F000000F000000F000000E000000E000000600000000000000000000000000000000000000
20000000000000000000000000000000000004007800600FC00783FC003F7FC000FFF80007FF00003FE0000780000070000007000000E000000E000000C000000C000000C000000C0E0000E7F0000FFE0000FF0000070000000000000000000000000
3000000000000000000000000F000003F000007B000007600000EC00000F800000F000001C000003C000006600000870300003EF80001FE000003C0000038000007000000600000061E00007FC00007F8000000000000000000000000000000000000
900000000000000018000001C000001C000001C000001C000001800000180000038000003800000187F0001FFF80007C1C000000C000000C000001C000201C000303800018700001FE00000FC00000000000000000000000000000000000000000000
900000000000000001000000300000038000003800000380000038000003800000380000030000003000000300000071F00007FF80007FF80007878000707000001E00001BC00001F800001E000000000000000000000000000000000000000000000
90000000003000000700000030000003000000300000030000003800000380000038000003BC00003FE00001E700003C3000078300007030000F070000E06000070E00003FC00001F0000000000000000000000000000000000000000000000000000
9000000000000000006000000E0000006000000C000000C000000C00000180000018000001FC00001EE0000383000030300006020000606000040C0000C080000C18000043000007E0000038000000000000000000000000000000000000000000000
2000000000000000000000000000000C080001C3C0000C7C0000CFC0000DFC00007F800007F800007E000006000000E000000E010000C038001C038001807800181F000183E0001FFC00007F800003800000000000000000000000000000000000000
6000000000000000000000000000000000000000000000F80000FFE00007860000EC60000CC300018C300018C600019C60001BC60001F860000F0E000000C000001800000380000030000006000000E000001C0000018000003000000000000000000
50000000000000000000000000F000003F00000F900001E0000038000007000000600000070000007C000001F0000007C000001E00000060000006000000E000001C00007F80003FF0000FCC0000C0800000000000000000000000000000000000000
600000000000000000000000000000000000000E000003F000003F80000FFC0001FFE0003E7F0003CEF0003FE70003FCF0001F8F0000E0F000001E000003E000003C000007800000F000003F00000FE00000F80000060000000000000000000000000
600000000000000000000000000000000000000FC00003FE00007FF0000FFF0001E7F0003CFF0003BFF0003FE70003F8F0003C0E000000E000001E000003C000007C00000F800009F00001FE00001F800001E000001C0000000000000000000000000
50000000000000000000000000000000F800007FC0003FFF0003FE70007E0F0007C000003C000003F000000FE000007F800001FE000007E000000F000000F000003F80000FF0000FFE0001FFC0001FC00000F00000000000000000000000000000000
7000000000000000000000000C000001C000001E000001E000001C000001EE00003FF00007FF8001FFC0000F800000F000001F000001E000001E000001E000001FFC0001FFF8000FFFC000001E0000002000000000000000000000000000000000000
00000000000000000000000000000000F800003FC00003DE000070E0000E060000C060000C0600008060001806000180600018060001806000180E000080C0000C0C0000C1C0000E1C00007FC00003E800001C0000000000000000000000000000000
00000000000000000000000000000000F000001FC000079E0000E070001C070001C030001803000180700030070003006000100E000100C000180C00018180001C180000C300000E7000007E000003C00000180000000000000000000000000000000
900000000000000000000001F000007FE000061E00006180000C00000060000006000000603800030FE00013878000F018000E008000E00C000F00C000D81C000D81C0007C3800079F80007FF00001F80000000000000000000000000000000000000
100000000000000000000000000000004000000C000000C000000C000000C000000C000000C000000C000000C000000C000000C000000C000000C000000C000000C000000C000000C0000004000000400000040000000000000000000000000000000
500000000000000000000000000000001F000007F80000FFC0001F000003C00000780000078000007C000007F000003FF800007F800000F800000F000001E000003C00003B00001F80000FF00000FE00000F800000000000000000000000000000000
10000000000000000000000000000000200000020000002000000200000020000002000000200000060000006000000400000040000004000000400000040000004000000400000040000004000000400000040000000000000000000000000000000
80000000000000000000000007000001F8000039800007180000C180000C180000C380000C3000006F800007FC00003DC000038C000070C000060C000041C00004180000438000067000007F000003E00000000000000000000000000000000000000
00000000000000000000000005E00000FF00003FF000078300007010000E018001C01000180100038030003803000380700030070003806000380C000180C0000C1F0000E1F00007FE00003FE00000F00000000000000000000000000000000000000
30000000000000000000000001800000F000001C0000030000006000000C000000C000000C000000C00000040800007BC00003F8000007000000E000000C00000080000018000000C10000063000007F0000000000000000000000000000000000000
90000000000000000F000000FC000001C000001C000001C000001C000001C000001C000003C000003C0000038C00003FF00003FF80003FF80000078000C0F0000C3E0000FFC00007F800003E000000000000000000000000000000000000000000000
200000000000000000000000000000000000000000000007800001FC00003F803FFFF8003FFF00007FE0000380000030000002000000600000060000004000000C000000C000000C08000063800007F800003C0000000000000000000000000000000
5000000000000000000E000001F800007080000E080000C0000008000000C000000600000038000001C000000E00000060000006000000600001CE000071C0001C7000030E000067800007C0000000000000000000000000000000000000000000000
30000000000000000000000000E000001C0000030000006000000C000001C00000180000018000001C000001F0000007800000F000000C0000018000007000000700000038000001E0000007E000000E0000000000000000000000000000000000000
8000000000000000000000001E000007F000007F80000FF80000FB800002380000B380000FB800007F000003F000001F000003F800007FC00017FC000179F0003F1F000383F000003F000003E00000200000000000000000000000000000000000000
300000000000000000000000000000007C00000FF000008180001808000180800010000001000000180000018000000C000000E0000007000000C00000180000030000006000000608000061800003F800000F0000000000000000000000000000000
80000000000000000000000000000003E00000FF00000FF80000E3C0000E1C0000F1E000071C00003BC00001F800001F000007F8000003C000001E000000E000000700004070000C1F00007FC00007F800003C0000000000000000000000000000000
200000000000000000000000000000000000000000000007000381F8003F3980003F300000FF00000FE00001C00000180000038000003800000300000030000003000000300000030000003000000380000018000001E000000200000000000000000
400000000000000000000000080000008000000800000180000038000003800000380000038F80007FF8001FFF8001FF38000703800070380006030000607000060700006060000E000000C000000C000000000000000000000000000000000000000
9000000000000000000000003C000007F800007FC0000E0E0000C060000C030000C000000C000000CFC0000FFE0000F870000E038000E038000601800060380006038000607000079E00003FC00000F80000000000000000000000000000000000000
80000000000000000010000003F000001F000000F800000F800001F800003F800007F00000FE00003FE0000FFE0001FCE0007F1E000FE1E001F03E000E03C00020F80003FF80003FF0000038000000000000000000000000000000000000000000000
00000000000000000000000000000007C00001FF80007FFE000F03F000E00F801C003C01C001C01C001E01C000E01C000E01C000E00E000E007001E007801C003C03C001E078000F8F00007FF00003FE00000F8000000000000000000000000000000
200000000000000000000000000000000000008000000E3C0001FFE0001FFF00007FF00007FF8000FFF8001F070001E000001C000001C000001C000001C000001C000000C000000E00000077E00003FF00001FE00000F800000000000000000000000
80000000000000000000000000000001F000007FC0000E060001803000180180018018000C018000E0700007FC0003FE0000707C000600E0006003000700180030018001C018000E3300007FF00000FC000000C000000000000000000000000000000
100000000000000000000000000000007800000380000030000007000000700000070000007000000E000000E000000E000000E000000E000001E000001E000001C000001C000001C000001C000001C000001C0000000000000000000000000000000
50000000000000000007800001FC00007000000C00000080000008000000800000040000006000000300000018000000C000000C000000C0000008000003800001F00001F80001FC00001E00000000000000000000000000000000000000000000000
20000000000000000000000000000008000003E000007F000000FFE00003FF00001FF00001FF80003FF00003FF000038E000078000007800000780000038000003C000003C000001F000000FC000007E000001C000000000000000000000000000000
2000000000000000000000000000000000000000000003FF0003FFF803FFFFC03C001C000003C00000F800003F00000F800003F000007C00000F000000E000001C04000180C000181E0001EFC0001FF00000380000000000000000000000000000000
0000000000000000000000001F000007F80001F3E00038070007003000C003800C0018018001C018000C030000C030000C030000C030000C018001C018020C00C061800E06180078778001FFF00003FE0000000000000000000000000000000000000
30000000000000000000000000000001FE0000FFF0001F03000380200030000006000000600000070000003E000001FF800003FF000000F000000E000001C0000018000003000000202000021E00003FC00003E000000000000000000000000000000
6000000000000000000000000000000000000007000001F800001FC000019E000018E0000386000018E000018E00001FC00000FC00000780000070000006000000E000001C000003000000E000019C00000F800000400000000000000000000000000
000000000000000000000000000000060C0000C0C0000C0600008060001806000180600010020001802000100200018060001C060000606000078600001C600000EC000004C00000D8000007800000700000020000000000000000000000000000000
20000000000000000000000000000000000000000000C000C00F003E003FFFC000FFF000000E000001C00000180000038000003000000700000060000006000000E000000E000001C000001C000001C000001C000000E000000400000000000000000
10000000000000000000000000000000C000000E000000E000000E000000E000000C000000C000000C000000C000000C000000E000000E000000E000000C000000C000000C000000C000001C000001C00000080000000000000000000000000000000
900000000000000000000001C000000E000000E000000E000000600000070000007C000007F800007FE00007FF000070780007038000703800078300007030000707000038F00003FE00001F800000C00000000000000000000000000000000000000
30000000000000000000000000000001FF00007FFC000FC1C001E00C0038004003000C003000800300000038000001C000000E3E00007FE00000F800001E000003C0000070000006100000FF000007F000003F0000000000000000000000000000000
80000000000000000000000000000001F000007F80000F180000C0C0001C0C0000E080000718000039800001F000000F0000007C000006E00000C700000C38000183000038E000031C00006780000C000000800000000000000000000000000000000
6000000000000000000000000000000000000000800000FF00003FF8000FFF8001FFF8003FFFC003EFFC007DFB8007BF780077E78007FC78003F8F0003F1F0000C3E000007E000007C00001F800001F800000F000000E000000000000000000000000
800000000000000000000000018000003C000007C000007E000006E00000EE00000E600000E600000E600000FE00000FC00001F80001FF00007E3000020300000030000607000063E00007FC00003F000000000000000000000000000000000000000
5000000000000000000000001F800007FE0000FFE0001E000001800000180000018000000C00000078F00003FF000007F8000001800000100000030000003000001F00007FF0007FFF0007F0000030000000000000000000000000000000000000000
600000000000000000000000000000000000003C000007E00000C700000C38000081C0000C1E0000C1E0000F1C00003FC000000C000000C000001800000180000018000001000000B8000013000001E000001C0000018000000000000000000000000
8000000000000000000000003E000003F00000618000061C000060C0000604000030E00003BC00001F000001E000003F0000073C000060C0000606000060600006060000606000038E00001F800000700000000000000000000000000000000000000
1000000000000000000000000000000020000006000000600000060000006000000E000000E0000006000000E0000006000000E000000E000000C000000C000000C000000C000000C000000C000000C00000040000000000000000000000000000000
100000000000000000000000001000000300000020000006000000E000000C000001800000380000030000007000000E000000C000001C000001C00000380000030000007000000E000000E000000C000000000000000000000000000000000000000
20000000000000000000000000000000000000000000001800001FF8007FFFC00FFE3E01FFFFE00FFFFC001FFF8003C000003C000003C000003C010001E038001F078000FFF80007FF00003FC00000000000000000000000000000000000000000000
1000000000000000000000000180000030000003000000700000060000006000000E000000E000000C000000C000000C000000C000000C000000C000000C000000C000000C000000C000000C000000C00000000000000000000000000000000000000
50000000000000000000000000000001E000007FC0000F9E0000E070001C0300018070000C000000C000000E00000078300003FF00001FE000007E0000004000000600000FE0001FFE0001FF80003F800001000000000000000000000000000000000
2000000000000000000000000000000007C00001FC00007EE0002FCE0003E1E0003FFE0007BFC000F0F8000E000001C000001C000003C00000381000038180003818000381800018180001E7C0000FF80000790000000000000000000000000000000
80000000000000000000000006000001F000001B000003380000230000037000003E000001F800001FC000018F0000103800010180002018000603800040F800082F00019FC0001BE000018000000C000000000000000000000000000000000000000
9000000000000000020000003000000300000030000003000000300000030000003800000180000019F00001B380001E180001C180001C100001830000186000018600001FC00001F0000018000000000000000000000000000000000000000000000
10000000000000000000000000000000C000000C000000C000000C000000C000000C000000C000000C000000C000000C000000C000000C000000C000000C000000C000000C000000C000000C000000C00000080000000000000000000000000000000
40000000000000000000000000000000200000030000003000000700001F700001FE000001FC00001FF000018F000018300003870000306000070E000061C0000E180000E300001C60000186000038000003000000000000000000000000000000000
00000000000000000000000001C00003FF00007FF8000FFF8000FFFC007F83C007E03C00FC03C00F803C00F803C00F003C00F007C00F807C007E07C007F8FC007FFF8001FFF0001FFF00007FF00001F00000000000000000000000000000000000000
20000000000000000000000000F000003F80000FFC0001C1C000007800000F000001E000007800000F000001C000003800000F000000E0000038000003800000700E000600F00061FF0007FF00003FC00000000000000000000000000000000000000
600000000000000000000000000000000000007F00000FF80001FFE0003C0E000380F000300F000301F000307B0001FF30001FF30000FC7000000E000000E000003C000007C00001F800003F00000FC00000700000040000000000000000000000000
4000000000000000000C000000C000000C000001C00000380000038000007000000E3C0000FFC0001FFC0003FF8000FFF0003FFE0001FFC0001EF80001FF00001FC00003F800003F000003C0000000000000000000000000000000000000000000000
20000000000000000000000000000000000000E030007F8780021FF00000FE000003800000300000070000006000000E000000C00000180000018000001800000180000018180001830000187000019C00001F800000E000000000000000000000000
90000000006000000E00000060000006000000600000060000006000000400000060000007FC0000FFF0000E070000C038000C018000C01800180180018078000C3F00007FC00003F0000000000000000000000000000000000000000000000000000
8000000000000000000000000F000003FC000071E000070600007020000306000038E000018C00000DC0000078000007800000FC00001DC0000384000070000006060000C0E000187C0001FE00001F800000000000000000000000000000000000000
6000000000000000000000000000000000000000000001F000003FC0000FDE0001DC700009C700019C30003383000330300037030003E0300018030000007000000700000070000006000000E000000E000003E000001800000180000000000000000
8000000000000000000000000F800003FC000079E0000E060000C060000C0E0000C0E0000E1C00007FC00007F800007FC00007FE0001F860001E06000183E0001FFC0001FF80001FC00001E0000008000000000000000000000000000000000000000
20000000000000000000000000000000000003F00E003FE3F0001F7700003EE00003FC00003E000006000000C00000180000030000007000000E000000E000001C000001800000180000038000003FFC0001FF800007C000000000000000000000000
1000000000000000000000000000000030000003000000300000030000003000000200000060000006000000E000000E000000C000000C000000C00000180000018000001800000100000030000003000000200000000000000000000000000000000
000000000000000000000000000000000000000000000000000000000001FF8000FF1C007E00E00F000E01C000C018001C01C003801C007000C00E000C03C000403800040F000001E0000000000000000000000000000000000000000000000000000
500000000000000000000000007000003F800007800001E000003C00000780000070000006000000E000000E0100007FF00003F700000030000006000000C000001800000180001D700001FE000007C00000000000000000000000000000000000000
30000000000000000000000000000001FC0000FFE0003FFF8007E03C007800C007000000700000038080001C3C00007FC00007F800003F000007C00000F000000F006001E00E001C03E001E3FC0007FF00003F8000000000000000000000000000000
90000000000000000E000000E000000E000000E000000E000000E000000E000000E0FC000E3FE001EFCE001FF0E001FC06001F00E001E00E001E01C001E03C001F078000FFF00003FE00001F800000000000000000000000000000000000000000000
3000000000000000000000000FE00007FF8000FFF8000E018001C0000018000001800000180000018000001C000000E00000078000003F800001F800001F800003F000007C700007FF00007FE00001FC0000000000000000000000000000000000000
300000000000000000000000000000000000001000001FF8000380000070000006000000700E0003FFE0000FFE000001C0000038000007000000E000001C000001E018001FFF800007E00000000000000000000000000000000000000000000000000
100000000000000000000000000000006000000E000000E000000E000000E000000E000000E000000E000000E000000E000000E000000E000000E000000E000000E000000E000000E000000E000000C000000C0000000000000000000000000000000
900000000000000000000000600000060000007000000300000030000003000000300000031C000033E00003E700003C3000038600003860000384000030C00005180000418000067000003E000001800000000000000000000000000000000000000
10000000000000000000000000000000100000038000003800000380000038000007800000700000070000007000000E000000E000000E000000E000000C000000C000001800000180000018000001800000100000000000000000000000000000000
40000000000000000000000030000003800000380000038000007000000700000070000007FE00007FF00007838000F03C000F03C000F03C000E03C000E038000E078001E030001C000001C0000018000000000000000000000000000000000000000
00000000000000000000000000000000E000007F80001FFE0003807000700380060018006001C00C001C00E001C006001C006001C0070038003003800380300018070001C060000E1E000077800007000000300000000000000000000000000000000
7000000000000000000000001C000001E000000600000060000006000000E000000E000000E000000FE00000FE00003F800007C000007C000007C000006C000000C000000600000070000003E000000E0000000000000000000000000000000000000
900000000000000001C000001C000001C000003C000003C000003C000003C000003C00000380000038C00003FF00003FF00003FF00003FF00003CF0000F9F000073E00007FC00007F0000018000000000000000000000000000000000000000000000
70000000001C000001C000001C000003800000380000038000003800000300000070000007000000700000060000006000000600000060000006000000600000079FC0003FFE0000FF000000000000000000000000000000000000000000000000000
6000000000000000000000000000000000000000000007F00003FFC0003FFC0003FFE000381F000300F000384F0003CFE0001FFE0001FFE00007FE00003DE000001E000001C000001C000001C00000180000018000001C00000080000000000000000
30000000000000000000000000000003FC0001FFF0003FFFC003F01C007800E00780060038000001C000001E00000078600003FF00001FE00003E000007800000F000000E000000E0F000071F00003FE00001F8000000000000000000000000000000
30000000000000000000000000000001FC00007FC0001E0000038000003000000300000030000001E000000FF800001FF800001F000001E000007800000E000001C000001800000100000018200001FE00000F8000000000000000000000000000000
900000000000000001C000003C000001C000001C000001C000001C000001C000001C000001C000001C000003C000003FE00003FF00003E780003838000707800070F00003FC00003F800001E000000000000000000000000000000000000000000000
60000000000000000000000000000000000000000000007000007F80001FFC000183C000183E00018E60000FC20000F830000003000000600000060000006000000C000001800000380000030000006000000C0000038000006000000000000000000
5000000000000000003800000FC00001FC000038C0000300000060000006000000700000038000001FC00000FE000003E000000E000000C000000C000001C000017C0003FFC0007FF80003D8000000000000000000000000000000000000000000000
3000000000000000000000000180000038000007000000E00000180000018000001000000180000018000001C000000F0000007000000E000000C0000018000001800000180000018000000FC00000780000000000000000000000000000000000000
70000000000000000000000000C000001C000003C0000078000007000000F000000E000001FF0000FFE0007FF0000FF80000E3800000380000038000003800000381F0003FFE0001FF800000000000000000000000000000000000000000000000000
500000000000000000000000007C00003FC0000FE00003F800007E00000F800001F000001E000001C0000018000001FF000007FE0000007000000780000078000007800001F000267F0003FFC00007E00000000000000000000000000000000000000
700000000000E000000E000001E000001C000003C0000038000007800000F000000E000001C000003C0000038000007000000F000000E000001C000001C000003C1FF003FFFF001FFC000000000000000000000000000000000000000000000000000
20000000000000000000000000000000000000000000003F80000FFC0003E0200078000007C01000C600000C30200180E6001807C0010000003000000300000010000001000000180000018000000C000000E0000007C000001C00000000000000000
90000000000000000C000000600000060000003000000300000030000003000000200000020000003FC0000786000060300006030000003000000300000030000003000030E00001FC00000F800000000000000000000000000000000000000000000
8000000000000000000000003E000007F800007BC0000F0E000060E000071E000071C00003F800003F000007E00000FE00001EF00001C700003838000781C0007C0E0003F078000F83C000181C000000E000000000000000000000000000000000000
2000000000000000000000000000000000000007E00000FE00009FE0001FFE0000FCE0000F9E0001FFE0001FFC0001DF000018C0000180000018000001C000001C000000E000000F8C00007FC00003FC00000FC000003800000000000000000000000
300000000000000000000000000000000000007F00003FFC000780C0006004000E004000E00C00070080003C000000FEE00003FE000007C00000F000001C0000038000001C0600007FF00003FE0000000000000000000000000000000000000000000
900000000000000000600000070000007000000E000000E000000E000000E000000E000000FC00001FE00003C700003C700007C70000787000078E0000F9C0000738000077000003F000001C000000000000000000000000000000000000000000000
000000000000000000000000000000000000000000000000000003F80000FFC0007F3E001F80E007C00E00F001C01E003C01C007801800F001C1FE001FFFC000FFF000038000000000000000000000000000000000000000000000000000000000000
000000000000000000000000000000001E000007E00001FF00003C7000078300006030000C030001C0300018030001803000300300030070003007000180600018060000C0E0000F0C000079C00003F800000E0000000000000000000000000000000
700000000008000000800000180000018000001800000180000018000001800000100000010000001000000300000030000003000000300000030000002006000200C0003CF80001FF000000000000000000000000000000000000000000000000000
400000000000000000000000080000008000000800000180000018000001818001F8380007CF80003FF000030300003020000306000020C000060C000060C00004180000C180000C10000180000018000000000000000000000000000000000000000
9000000000200000060000006000000600000020000002000000200000060000002000000200000031E000033F00003FF80003E1800038180003030000707000071E00003FC00001F0000000000000000000000000000000000000000000000000000
70000000000300000030000003000000300000030000006000000600000060000006000000C000000C000001800000180000038000003030000707000060E0000E3C0000FF00000FC0000000000000000000000000000000000000000000000000000
40000000000000000000000040000006000000600000060000003000000300000038000001F800003FC0007FE60007F860000186000018600001860000186000018600001860000186000018200001800000000000000000000000000000000000000
40000000000000000000000000100000038000007000000E000001C00000380000070000006000001E000001FC00007FE000078E0000F0E0000E1C0001C3800038300003800000F000000E000000C0000000000000000000000000000000000000000
1000000000000000000000000C000000C000000C00000060000006000000E000000E0000006000000E000000600000060000006000000E000000E000000E000000E000000C000001C0000018000000800000000000000000000000000000000000000
700000000000C000003C000007E000005E000001E000003C000007C00000F800001F000003C000007C00000F000001F000003C000003800000780000078000007FFFD007FFFD000CCF800000000000000000000000000000000000000000000000000
900000000018000003800000380000078000007000000700000070000006000000E000000E000000FFE0000FFF8001FFFC001E01E000C00E000E01E000607E0007FF80003FE00001F0000000000000000000000000000000000000000000000000000
3000000000000000000000001F000007FC0000C0600018000001000000100000008000000C00000060000003FE000003E000007000000E000001C0000038000003018000203800020E00003FC00001F00000000000000000000000000000000000000
500000000000000000000000000000001E000003F000007F80000FF80000E000000E000000E000000F000000F0000007000000780000038000003C0000E3C000FC3C001F83C007F038007801800000000000000000000000000000000000000000000
3000000000000000007800000E000000C000001C000003800000300000030000007000000700000070000003FE00003FE000007C000003800000F000001E000003C000003C000003FC000003C00000000000000000000000000000000000000000000
700000000018000001C000003800000380000038000003800000380000038000003800001FF80001FF800003C00000380000038000003800000380000038000003F1F0001FFF80003FD00000000000000000000000000000000000000000000000000
40000000000000000000000030000007000000700000070000007000000300000030000007DF00007FF80007FF8000707000070E000070C0000718000073800003F000003E000003C000001C000001800000000000000000000000000000000000000
0000000000000000000000000F800003FE000060300008018001800C003000400300040020004002000400200040020004002000C002000C0030018003001000100B000180E0000C9C00007F800003F00000000000000000000000000000000000000
5000000000000000000000000000000FFE0001FFF00078070007002000E002000C008000C01C000C038000E0F800073FC0003F8C0001E0C000000E0000006000000600000070000003000000300001FF00001FF000000000000000000000000000000
000000000000000000000000000000000000007F00003FFE0007007800E001C00E000600C000300C000300C000300E000300E00060060004006000C006001C0030038003007000181E0001FF800006C00000000000000000000000000000000000000
2000000000000000000000001F00000FF80003FFC000301C000001C000001C00000180000038000007000001E000003C000007800000E000001C000001C000001C0E0001E070000FFF00007FE00001F80000000000000000000000000000000000000
2000000000000000000000000000000000001801000180FE000C1FF80063E1C003F80C001F01C000FFF8000FFC0000C000000C000000C000000C000000C000000C0000004006000700E00038FC0001FF8000060000000000000000000000000000000
600000000000000000000000000000000000000E000003F80001FFC0003FFE0007DEE00071E700063C38006783800EF03C00FE01C00FC01C003801C000003C000003C0000038000007000001E000003C0000038000003000000000000000000000000
90000000000000000C000000E000000E000000E000000E000000600000060000006000000600000060000007FE00007FF00007C30000703800070380003030000003000070F00003FE00000FC00000000000000000000000000000000000000000000
100000000000000000000000000000008000001C000001C000001E000001E000000E000000E000000E0000006000000600000060000006000000600000060000006000000600000060000006000000600000040000000000000000000000000000000
500000000000000000000000000000000A000007F00001FF00003C380007830000F030000E000000C000000C000000E000000F8C00003FC00000FC000001C0000038000007800000F000003F00000F800000C00000000000000000000000000000000
200000000000000000000000FE00000FF00000078000001C000000C000001C00000180000038000007000000E000001C0000038000007000000E000000E000000600000078000003E000000FF000001F0000000000000000000000000000000000000
000000000000000000000000000000001FC0000FFC0003F9C000FE1E001F81E003E01E007C01C00F001C00E001C01E001C01E003801E007801E007000E00F000F03E000FFFE0007FFC0000FF800001F00000000000000000000000000000000000000
70000000000C000000C000000E000000E000001C000001C000001C000001C000001C00000180000038000003800000380000038000003800000383800038F80003FF00001FC0000060000000000000000000000000000000000000000000000000000
90000000000000000030000007000000700000070000006000000C000000C000001800000180000031C00003FF000078300006018000E018000E030000E070000E06000010C00001F800001F000000000000000000000000000000000000000000000
20000000000000000000000000000000000000000000001F800007F80000F1C0001E3800039F003FFFC003FFF00000E000000E000001C000001C000001C00C000C00C000E00C0007F7C0001FF80000000000000000000000000000000000000000000
100000000000000000000000000000002000000F000000F000000F000000F000000F0000006000000E000000E000000E000000E000000E000000E000000E000000E000000C000001C000001C000001C00000180000000000000000000000000000000
10000000000000000000000006000000E000000E000000C000000C000000E000000E000001C000000C000000C000000C000000C000001C000000C000000E000000E000000E000000E000000E000000E00000000000000000000000000000000000000
40000000000000000000000200000030000003800000380000038000001C000001F000003FFE0001FFF0001FFF0000FFF8000EFF8000E070000E070000607000000700000078000007000000300000030000000000000000000000000000000000000
80000000000000000000000000000007800000FE00000C30000081000008080000C080000C0C00004080000608000031800001F00000070000007C00000C7000038300000030000046000004C00000780000030000000000000000000000000000000
3000000000000000000000000000001FF80003FFE0003F8F0007C0000070000006000000200000030000001C0780007FF80003FF00000F800000E000001E000001C0000018000000C200000FF800007F800001F800000000000000000000000000000
2000000000000000000000000000000000000000F000403F800C07F800E0FBC00FDE1C00FFC1C007FFF8003FFF80007FF800067E0000E000000E000000E000000E000000E000000F060000FFE00007FE00003FC00000E000000000000000000000000
80000000000000000000000000000001F800003DC0000E060001C06000180600030030003003000300300038070001FFE00003FE00001FE000038E000070E000060E000061C00003F800001F800000F000000C0000000000000000000000000000000
30000000000000000000000000000000F000003FC00007FE0000F0F0000E040000E000000C000000E000000E000000600000070000003E000003F000007E000007000000700000038300003C700001FF000007C000000000000000000000000000000
6000000000000000000000000000000000000000000000FE0001FFE0001F878003F038007E03800EE03801CC038019C03801B803801F003000E00700000070000006000000E000001C000001C000003800000F800000F000000600000000000000000
20000000000000000000000000000000010000007C00001FC0007FFC000FFFC001FFFC0003FF80007FF00007800000F000001E020001E070003807000380E000701E00060FC0007FF80007FE00003FC00003F00000000000000000000000000000000
700000000008000001C000001C000001C000001C000003C000003800000380000038000003800000780000070000007000000F018000F01C000F00C000F00E000FFFF0007FFE0001E0000000000000000000000000000000000000000000000000000
2000000000000000000000000000000000000006040000C04000D8040007004000300C00038180002C3000063E000040000004000000C000000C00000080000008000000800000080000008080000C180000630000038000000000000000000000000
100000000000000000000000010000001C000001C000003C000003C0000078000007800000F800000F000000F000001F000003F000003E000003E000007C000007C000007C000007C00000F8000003800000000000000000000000000000000000000
7000000000000000000C000001C0000018000003800000300000020000006000000C00000080000018000001800000100000030000003000000200000020000002000000207000033C00001E000000000000000000000000000000000000000000000
4000000000000000000000008000000C000000C000000C000000E000000E000001E000001E030000FFF8000FFF8000FE38000E038000C038000C038000C038001C0300018030001803000000300000030000000000000000000000000000000000000
10000000000000000000000000000000700000070000007800000700000070000007000000F000000E000000E000000E000000E000000E000000E000001E000001C000001C000001E000001E000000E00000060000000000000000000000000000000
70000000000C000000C000000C00000080000008000001800000100000010000003000000200000020000002000000600000040000004000000C007000C03E000C3F0000FF00000F00000000000000000000000000000000000000000000000000000
700000000000E000000F000000F000000F000000E000001C000001C000003C00000780000078000006000000E000001C000007800000F000000E000003C060003C7F0007FFE0003FF0000000000000000000000000000000000000000000000000000
800000000000000000000000010000007800001F800003F800003700000670000067000002E000003E000003E000003F800003FE000070F000070300006030000607000041F00007FE00007F000007E00000000000000000000000000000000000000
90000000000000000004000000C000001C00000380000078000007800000F000001E000001E000003F000003F800007F80000798000071800006300000E300000C600000C6000007E0000078000000000000000000000000000000000000000000000
70000000000000000000000006000000F000000F00000070000007000000700000070000007E0000FFF0000FF800000E000000C000000C0000018000003800000380000031F80007FF00007E800007800000000000000000000000000000000000000
2000000000000000000000000000006000000601E000707F0007EFF0003FFF0000FFE0000FFC0000F000000E000000E000000C000000C000000E000000E000000F0000007C380003E7C0000FFC00007F800001F000000000000000000000000000000
7000000000000000003000000780000078000007800000F000001F000001E000001E000001E000003C000003C0000078000007800000F800000F000000F000001F000000FFFE0007FFE00001F80000000000000000000000000000000000000000000
5000000000000000000000003C000007E00000FF00000F800000F000000F000000E000000E000000E0F000063F00003FF80001F780000C780000070000007000000E000000E000FF4E0003FEE0000EC00000000000000000000000000000000000000
500000000000000000000000000000001000000FE00001FE00003E000003800000300000030000001C000000F0000007E000001F800000FC0003FFC03FFFF801FFFE0003C000000000000000000000000000000000000000000000000000000000000
6000000000000000000000000000000000000001C000007F000007F00000FB00001D300001B600003A600003EE00003DC00000980000038000007000000E000001C0000038000007000001E000003C000007000000C00000000000000000000000000
8000000000000000000000003C000007E000007E000007E000007E000007E000007FC00003FE00003FF00003FF00007EF00007CF000078F0000F8F0000F1F0000F9E0000FFE0000FFC00003F800001C00000000000000000000000000000000000000
100000000000000000000000000000008000001C000001C000000C000000C000000C000000C000000C000000C000000C000000C000000C000000E000000E000000C000000C000000E000000C000000C000000C0000000000000000000000000000000
500000000000000000000000000000007800003FC00007FC0000FFC0001F880003E000003C000003C000003FF80001FFC00007FE000007E000001E000001E000003C0000478000067800007F000003E000001C0000000000000000000000000000000
100000000000000000000000000000001000000380000038000003000000300000070000006000000600000060000006000000E000000E000000C000000C000000C000000C000000C000000C000000C00000080000000000000000000000000000000
50000000000000000000000003800001F800003E000007000000E000001C000001C000000E0000007C000003FE000001F0000003000000300000030000006000000C000001C00000780003FF00003FC00000000000000000000000000000000000000
000000000000000000000000000000007F00001FF80007C3C000F01E001C01E003801E007801E007001E00E001C00E001C00C001C01C003801C007001E00F001E01E000F07C000FCF80003FF00001FC00000000000000000000000000000000000000
6000000000000000000000000000000000000000000000F800007FC0001FCE0007F8700060C3000C0E3000C0E380180C300081C3000E3830007F030001C0300000070000006000000E000000C000001C0000018000001800000180000000000000000
2000000000000000000000000000000000000600E000383F0001C730000FE300003C300001E6000017E000030000003000000200000020000002000000200000030000003000000180000018000000C0000007F800003E00000000000000000000000
3000000000000000000780000FFC0007F88000FE00000F000000E000000F0000007C000003FC00001FE000001E0000038000007800001F000003E00000FC08003F018003FE7E003FFFC0000FC00000000000000000000000000000000000000000000
00000000000000000000000001C000003E000006300000FF00001C30000383000070300006030000C030000C030000C06000180E000180C000181C00038380003C700003FF00003FE00001DC000001800000000000000000000000000000000000000
90000000000030000006000000E000000C00000180000038000007000000E000001C000003800000380000076000007F000007F80000F380000730000073000007F000007E00000780000000000000000000000000000000000000000000000000000
500000000000000000F800001F800001F800003800000700000070000006000000E000000E000000E000000E0F00007FF00007FF00003F70000007000001F00038FE0003FFE0003FE00003F0000000000000000000000000000000000000000000000
80000000000000000018000003C000007400000E600000C60000086000018E000018C000009C00000F800000F000000F000000F000001F000003B800007180000F1C0000F9C0000FF8000087000000000000000000000000000000000000000000000
1000000000000000000000000080000018000001800000380000030000003000000700000070000006000000E000000E000000E000000C000000C000000C000001C000001C000001C0000018000000800000000000000000000000000000000000000
5000000000000000000000006000000F8000007C000006C00000600000071E000033E00003FE00001FE00000CE000000E000000E000000E000000E000000E000000E001E00E0007C1E0001FFC00007F80000000000000000000000000000000000000
10000000000000000000000004000000400000060000006000000600000060000006000000600000060000006000000600000060000006000000600000060000006000000600000060000006000000200000000000000000000000000000000000000
500000000000000000000000000000001F00000FF80003FF80003C080007000000700000038000003F000000FC000003E00000060000006000000E000001C000003800007F80003FF0007FF80003C0000000000000000000000000000000000000000
900000000000000003000000380000038000003C000003C000003C000003C000001C000001C000001C000001E000001F800001FC00003FC00003FC00003FC00003FC00003F800001F800000E000000000000000000000000000000000000000000000
90000000002000000200000030000006000000600000060000006000000600000041F0000C7F8000CE18000DC18000F018000E018000C038000007000100E0000C3C0000FF800007E0000000000000000000000000000000000000000000000000000
8000000000000000008000001E000003F000003F80000638000063C000061C000061C000070C000078C00003FE00001FFE0000FFE0001F0E004FC1E007F83C007C1F0001FFC0000FF0000078000000000000000000000000000000000000000000000
200000000000000000000000000000000000001C800007FE00019FE0000006000001E000003C000007800000F000001C000003800000380000070000006000000600000060000003A000001FC000007F0000001000000080000000000000000000000
40000000000000000000000018000003C000003800000380000078000007800000FFE0000FFFC000FFFC000E03C001E03C001C038001C070001C0F000380E000381E000383C0003838000007000000600000000000000000000000000000000000000
3000000000038000006000000C000000800000180000018000001800000180000008000000C000000F000000FF000018F000030000002000000600000060080007C300003FE00000FC000000000000000000000000000000000000000000000000000
3000000000000000000000003C00001FFC0003FFE0003FFE0007C1E0007806000780000078000007C000003F0C0001FFE0001FFF00007FF00007FF00007C600007E0E0003FFE0003FFE0000FFE00001F0000000000000000000000000000000000000
2000000000000000000000000000000000000001F0000FFF000FFFF001F00E00000180000030000006000000C00000380000070000006000000E000000C008000C00E000FFFE0003FFC00000000000000000000000000000000000000000000000000
6000000000000000000000000000000000000001C000007F0000FFF80007C380007C1C000EE1C000CE18001CC38003FC30003F870007F8E0003F0C0001838000007800000F000001E0000038000007000000E000000C0000000000000000000000000
900000000000000006000000E000000E00000060000006000000700000070000003000000300000030000003F800003CE00003030000303000010100000010000001000009600000FE00000FC00000000000000000000000000000000000000000000
100000000000000000000000000000018000001C000001C000000C000000C000000C000000C000000C000000E000000E0000006000000E000000600000060000006000000600000060000002000000300000020000000000000000000000000000000
50000000000000000000000007C00000FE00000FF00000E180000C000000E000000E000000E00000070000007000000380000038000001C000000C000000600001E600007F20007FF00007F800007C000000000000000000000000000000000000000
7000000000000000004000000E000000E000000E000000C000000C000000C000000EF80001FF8003FF80003FC000031C000001C000001C000001C00000180000018000001FF00001FF00001F200000000000000000000000000000000000000000000
8000000000000000000000000000000018000007C00001FE00003FE000039E000031C000031C00003FC00001F800001F000003E000007F00000F100000E180000E0C0000E0E000061E00003FC00001F00000070000000000000000000000000000000
90000000000000000C000001E000000600000060000006000000600000060000006000000600000067000007FC00007DC000070E000060600002060000006000000E00003BE00001FE000007800000000000000000000000000000000000000000000
90000000000000000000000000000003F80001FFE0003F9F8003C00800380000078000007800000381C000387F00038F780019C38001FC38000F83800078380007870000707000070E00003BC00003F000001E0000000000000000000000000000000
70000000000000000030000007000000700000070000006000000E000000E000000C000001C0000018000003800000380000070000007000000706000060E000061E00007FE00003F800003C000000000000000000000000000000000000000000000
100000000000000000000000000000007000000700000078000007800000F800000F000000F000000F000001E000001E000001E000001E000001E000003E000003C000003C000003C000003C000003C000001C0000000000000000000000000000000
8000000000000000000000007C000007E000007F0000077000003B000003B000003F800001F000001F000001FC00003FE000038F000070780007038000E038000C078000C1F0001FFC0000FF80000E000000000000000000000000000000000000000
6000000000000000000000000000000000000007000000F800001D8000018800003080000308000038800001F800000F800000300000030000003000000600000060000004000000C0000008000001800000300000070000000000000000000000000
700000000030000003800000180000018000000C000010400001EC00000FF800000F8000004000000C000000C000000C600000C70000183000018300003830001FC38001FFF800001C800000000000000000000000000000000000000000000000000
60000000000000000000000000000000000000000000000000001F80000FFE0001FFF0003FFF800F8F7801F0F3C01FFF1C03FFC1C03FF81C01FC01C004001C000003C000003C000007800000F800000F000000E000000000000000000000000000000
4000000000000000000800000180000038000003800000300000070000006000000C000000C00000181C0003C3C0007FF8000FFF0000E3E0001C020001C02000180300038020003000000300000000000000000000000000000000000000000000000
500000000000000000000000000000003C00000FF00000C18000180800018000000C000000C000000700000038000000C000000700000070000007000013C003FFF8003FFC00000000000000000000000000000000000000000000000000000000000
800000000000000003E000007F00000E180000C18000080C000180C0001C0C0000E0C000038C00003FC00000F800000FC00000FF00003838000FC1C003CC1C00F0C3C03E0FFC03C07F800003C00000000000000000000000000000000000000000000
2000000000000000000000000000000000000001F0001FFF8007FFF801FFFF801F00F000001E000003E000007C00000F800001F000001E000003C0000038000007000000F008000F038000F1F8000FFE00007FC00003C000000000000000000000000
100000000000000000000000000000004000000E000000600000060000006000000E000000E000000E000000E000000E00000060000006000000600000060000007000000300000060000006000000200000020000000000000000000000000000000
10000000000000000000000000000001C000001C000001C000001C000001C000001E000001E000000E000000E000000E000000E000000E000000E000000E000000E000000E000000E000000E000000E00000060000000000000000000000000000000
60000000000000000000000000000006000000F800001FE00001FF00001FF00001E7C0000F3C00007BC00007FC00007FE00001FE00000FE000000E000000E000000E000000E000033E00003FC00003FC00001F8000000000000000000000000000000
000000000000000000000000000000000000000000000000000000000007FE0001FFF0003E07C007000E00E000700C001F00E001F007801E003FFFC001FFE00000F800000000000000000000000000000000000000000000000000000000000000000
00000000000000000000000001C00000FE00001FF00003C30000303800060380006038000C030001C070001806000380E000380C000301C0003018000313000033F000033E00003FC00001F000000E000000000000000000000000000000000000000
8000000000000000000000000000000E000001F000003FC000033C000031C000038C00001CC00000EC000007C000003F000001FE000031F00006038001C01C000001C0000018000003000000E000013800000E0000000000000000000000000000000
300000000000000000000000000000003F80000FFC0001F000003800000700000070000006000000600000070000003F800001F000001E000003C0000078000006000000C000000E0000007C000003FC00000FC000000000000000000000000000000
6000000000000000000000000000000000000007800000FC00001C64000306C000707800060E000061C00007F800000780000030000006000000E000001C0000038000007000000E000001C000003800001E000001C00000000000000000000000000
100000000000000000000000008000000E000001E000003E000003C0000038000007800000F800000F000001F000003E000003E000007C0000078000007800000F000001F000001E000001C000001C000000000000000000000000000000000000000
10000000000000000000000004000000E000000E000000E000000E000000E000000E000000E000000E000000E000001E000001E000001C000001C000001C000001C000001C000001C000001C000001C00000000000000000000000000000000000000
10000000000000000000000000000000780000078000003800000380000078000007800000F800000F800000F800000F000000F000001F000001E000003E000003C000003C000003C0000038000000800000000000000000000000000000000000000
700000000004000000600000060000006000000400000040000004000000C0000008000000800000180000018000001000000101000010200001020000106000010C000019C00000F8000000000000000000000000000000000000000000000000000
4000000000000000000000000C000000C000000C0000018000001800000300000030000007800001FFC000067F000060380006018000E018000C038000C030000C060001C040001808000180800010000000000000000000000000000000000000000
700000000000300000018000001800000380000070000007000001E000001C0000038000007000001E000003C000003800000F006000E07E001C7F8003FF80007F80001F800000C000000000000000000000000000000000000000000000000000000
8000000000000000000000000F800001FC000030600002020000006000030C000030C000019800001B000000E000000E000001B000047180006F8C0003F8400038040001C06000070400001EC00000F80000000000000000000000000000000000000
100000000000000000000000000000000C000000C000001C00000180000038000003000000300000060000006000000E000000C000000C00000080000018000001800000300000070000006000000C000000C00000000000000000000000000000000
400000000000000000000000040000000000000800000080000008000000980000138000014C000018C000010C000030C000020C000020C000020C0000408000040800004080000808000000800000100000000000000000000000000000000000000
4000000000000000000000000000000000000001800000300000070000006000000E800001FF00001C78000701C000F00C000C01C003C038003807000E00E003C03C00380380000000000000000000000000000000000000000000000000000000000
50000000000000000000000003C000007F80000F1C0001C0C000380400070040006004000E004000E004000C030000C070000C0F0000E1E0000FFE00003FE000000C000000C0000FF8000FFF8000FF000000000000000000000000000000000000000
7000000000000000000000000060000006000000C000000C00000180000018000003000038700001FFFC0000C000000800000180000010000003000000200000040000004000000C000000EFF00007800000000000000000000000000000000000000
80000000000000000000000000000000D000003F8000039800003B80000338000077000007F000003F000001E000001C000003F000007F8000071C000060C0000C0C000081C0000038000007000001E00000780000000000000000000000000000000
600000000000000000000000000000000000000000000FE00003FF8000701C000400E0008006000807E000807B000FFF30007F03000000300000030000003000000300000030000003000000300000030000006000000600000060000000000000000
9000000000000000018000001800000180000018000001800000100000030000003000000600000060000006FC00007C60000F830000F830000D03000030300002020000306000030C00001F800000000000000000000000000000000000000000000
30000000000000000000000000000000E000003F80000F980001E000001C000001C000001C000000E00000078000003FC000003E000000E000001C0000038000007000000C00000180000018000001FE00000FC000000000000000000000000000000
100000000000000000000000000000001000000380000038000003000000300000070000007000000600000060000006000000E000000E000001C000001C000001C000001C000001C000001C000001C00000080000000000000000000000000000000
70000000000400000060000006000000E000001C000001C000001C000001C000001800000380000038000007800000700000070000007000000780000070600003FF80001FD80000B0000000000000000000000000000000000000000000000000000
700000000004000000600000060000004000000C000000C00000180000019800001180000318000031800002180000608000060C0000C0C0000C040000C0600008030000FFF80007FF000000000000000000000000000000000000000000000000000
000000000000000000000000000000007000003FE0000FFF0001F078003C0380078018007001C007001C00F001C0070038007003800700380078078003C0F0001F0F0001F1E00007FC00003F800001E000001C0000000000000000000000000000000
5000000000000000000000007E00000FF00000FFC0000E060000C020000C030000601000038000001F00000078000001C000000C000000C000000E000001E000001C000001C000001C000FFF00007FF00000000000000000000000000000000000000
10000000000000000000000000000000C000000C000000C000000C000001C000001C000000C000000C000000E000000C000000C000000E000000E000000C000000C000000E00000060000006000000600000020000000000000000000000000000000
700000000000000001800000180000018000001800000180000018000001C00003FF000039B8000018000001800000100000010100001018000301800030100001FF00000078000003800000180000000000000000000000000000000000000000000
700000000001800000380000038000007000000F000000E000001C000003C00000380000070000007000000F000000E000001C000001C000001C000000FE000007FF000007FF00000FF80000000000000000000000000000000000000000000000000
2000000000000000000000000000000000000001F000007FC0001C060073006001E006000E00E000F01C0019FF00018780001800000300000030000003000000300000030000003018000103000018300000CE0000078000000000000000000000000
20000000000000000000000000000001F80000FFC0001F9C000FC0C001E00C001001800000180000030000006000000E000000C0000018000003830000307800030F800071C000063800007F000007E00000380000000000000000000000000000000
200000000000000000000000000000000000001FFE001FFFF007FFFF00FE0FF00000FC00003F00000FE00001F800007E00000FC00001F000003E000003C0000038000003C020003F070001FFF00007FE00001FC000000000000000000000000000000
4000000000000000000000000000000E000000E0000007000000700000070000007F00000FFE0001F7F8003F01C002E01C000E00E000E01E000E01C001E01C001E03C001C038001C030001C0000038000001800000000000000000000000000000000
300000000000000000000000000000000000003FC0000FDE0001E0E0001C0600018020001C020001C040000E000000700000038000000FC0000078000007000000C000000C000001800000182000018600001FC00000F800000000000000000000000
00000000000000000000000000000001F800007FE0000FFF0001F8FC001F03C003E01E003C01E003C01E003C01E003803E007803C007803C0078078007807800780F000783F000387E00038FC0001FFC0000F38000000000000000000000000000000
200000000000000000000000000000001F800003DC000470C0007E040007C8C0007BDC0007F780007FF0000CFC00019C000019800003B800003B800003B800001B800001B800001FFC0000FF000007E000003C0000000000000000000000000000000
2000000000000000000000000000000000000001E00000FE00007FC0000FF80001EF000038E0000E1C000003C00000380000038000007000000700000070000007803000789E0000FFC00001800000000000000000000000000000000000000000000
000000000000000000000000008000003E000007E00000E600001E600001C60000386000038E000070C000071C0000F1C0000E3C0000C380001C780001CF00001CF00001CE00001DE00000DC000001C00000000000000000000000000000000000000
00000000000000000000000000000000000000000000000FE0001FFE0003FFE0007F07001F006007C00E007801E00F001C00E007800E01F800E03E0007FFC0007FFC0003FF80001FC0000000000000000000000000000000000000000000000000000
900000000000000006000000700000070000007000000700000070000006000000F000000E300000FFC0000FFE0000FF70000F070000E070000E07000040F000001F00003FF00007FE00003C000000000000000000000000000000000000000000000
10000000000000000000000006000000E000000F00000070000007000000700000070000007000000F000000E000000E000000E000000E000000E000000E000000E000000E000001E000001C000000800000000000000000000000000000000000000
20000000000000000000000000000000F800003FE0003FFE001FFFE003F80E000001E000001E000003C000003C000007800000F000000E000003C0000038000007810000701000078F80007FF00003FE00000F0000000000000000000000000000000
200000000000000000000000000000000400000FF00007FF0001FFF0007F0F000F81E000F01C000C038000007800000F800001F000001E000001C000003C00000780000070E000077E00007FE00003F800003C0000000000000000000000000000000
4000000000000000000000006000000700000070000007000000700000070000007000000700000078000007FF80007FF800070F800070E000039C00003B800003B000001F000001E000000E000000400000000000000000000000000000000000000
4000000000000000000000000000000180000018000003C000001C000001C000001C000007C0001FFFFE01FFFFE000381C000381C00038380003878000387000038E000038E000011C000000C00000000000000000000000000000000000000000000
5000000000000000000000000FF00003FF8000FC1C001C00400180040030004003000000300000060000006000000600000030000003007000181F0000FFF00001F300000030001FFF8001FFF80000FF8000000000000000000000000000000000000
600000000000000000000000000000000000000E000001F800001B8000033C000033C000037C00001F800001B80000038000003800000300000070000006000000E000001C00000180000038000003000000600000040000000000000000000000000
1000000000000000000000000000000060000006000000600000060000006000000600000060000006000000600000060000006000000E000000C000000C000000C000000C00000080000008000001800000180000000000000000000000000000000
20000000000000000000000000000000000000000000001F000307F803FFE18013FE180003FF800063F00006000000C000000800000180000018000001C000000F0080007C1C0003FFC00007F80000000000000000000000000000000000000000000
30000000000000000000000001000001FF00007FF8001FF98003F808003C00000780000070000007800C003FFFC001FFFC0007FF80000FC00000F000001E0000078000007FF80007FF80007FF80000300000000000000000000000000000000000000
70000000000000000300000070000007000000780000038000003800000380000030000003000000300000030000003000000301000030180003018000381800018300001FF00000FF000003E00000000000000000000000000000000000000000000
7000000000000000000000000E00000070000007000000E000001E000003C0000038000007800000F000000E000001C000001C0000038001803FFFFC01FFFF800FFF80000400000000000000000000000000000000000000000000000000000000000
7000000000000000000000000180000018000001800000300000030000003000000600000060000004000000E800000F800000F000001C0000018000001800000100000030000003000000180000005C0000000000000000000000000000000000000
9000000000000000080000008000000C000000C000000C000000C000000C1E0000C7F0000CFF8000DE18000F80C000F80C000F00C000E01C000C078000C0F000041E00007FC00003F800001C000000000000000000000000000000000000000000000
2000000000000000000000000000000003000000F8003E1F8001F3980007F380003F380001E300003EF00003FE00007380000F000000E000001E000001C000001C0F800181F800187E0001CF80000FE00000780000000000000000000000000000000
90000000000000000000000007000000F000000F000001E000001E000003C000003C0000078000007800000FF00000FFC0001F1F0001E070001C07800041F800007F00001FC00007F800007C000003800000000000000000000000000000000000000
4000000000000000000000001C000003C000003C00000380000078000007800000F800000F800000F000000F1FE001EFFF001FF07001D80300180030018006003800E001800C001C018001C000001C000000000000000000000000000000000000000
400000000000000002000000200000020000002000000200000020000002000000238000067C00006E200007C200007830000783000070300007030000E020000E0600004060000006000000400000000000000000000000000000000000000000000
200000000000000000000000000000000F000001F800003F001FFFE001FFFC0007FF000000F000000F000001E000001E000001C000003C000007810000781800070380007038000F0F80007BF00007FE00001F8000000000000000000000000000000
30000000000000000000000000E000003F00000FF80001E1800038180007008000C000001C00000180000018000000C000000F1800007F800000F000001C000003800000300000030F00001FE00000F80000000000000000000000000000000000000
300000000000000000000000000000007E00003FF8000783C000E000000C0000008000000C000000C000000C00000078000003F000000F000000100000010000007000000E000000C600001FC00001FC00001C0000000000000000000000000000000
000000000000000000000000000000003E000007F00000FF80003E180007C1C001F01C001F01C001E018003C018003C038001C070001C0F0001C1E0001C1C0000C3C000007800000F000007C00001F800001E00000000000000000000000000000000
300000000000000000000000000000003C00000FE00001FE00003CC0000704000060000006000000700000078000003C000003F800000F800000F000001C00000180000038000003C000003F800001FF000001E000000000000000000000000000000
70004000000C00000080000018000001000000100000030000002000000600000040000004000000C000000800000080000008001000800F000807E000C7E0000FF800007000000000000000000000000000000000000000000000000000000000000
400000000000000000000000200000030000003000000300000030000003000000300000070000007FC00007FE0000F9E0000E06000060300006030000603000060300006030000603000060300000020000000000000000000000000000000000000
700000000000C000001C0000078000007800000F000000E000001E000001C000003C00003FFC0001FFC0000FFC0000E300000C000001C000001C1F0001FFF8003FFF0001FFF0001F00000000000000000000000000000000000000000000000000000
90000000000000000C000001C000001C000003C000003C000003C000003C000003C000001C020001C0FC001E7FE001FF07000FC07000F80700078060007C060003E0C00007D800003F800000F00000000000000000000000000000000000000000000
000000000000000000000000000000000000001FC00003FC00007FE0000FC60001F070001E070003C070003C070003807000380700038070003806000180E0001C0E0000C1C000071C00003F800000F00000070000002000000000000000000000000
700000000000000000600000060000004000000C000000C000000C000000C0000008000001800000180000010000001000000108000030C000018C00003FC00001FC000007C0000038000000000000000000000000000000000000000000000000000
80000000000000000000000000000001E000003F000003180000308000070C000030C000038C00001DC000019800001F800003FC000060C000060600006060000306000030C00001F800000F000000600000030000000000000000000000000000000
2000000000000000000000000000000000000080F0001C1FC001C7FC000FFFC000FFF80007FF00007C00000E000000E000001C000001C000001C000001C000001C000000C000000E00000078600003FE00001FC000003800000000000000000000000
000000000000000000000000000000000000000FC00007FE0001FFF8003D1F8003807C007003E00E001E00C000E00C000E01C000E01C000C01C000C01C001801C003801E007800F00F000FFFE0005EF80000000000000000000000000000000000000
900000000000000001000000300000030000003000000300000030000003000000308000033F000026100003C1800038180003018000301000070300003020000106000010C0000098000007000000000000000000000000000000000000000000000
600000000000000000000000000000000000000E000001F000003F800003BC000071E000061E0000E3E0000CFC0000FFC0000FFC000071C000001C000001C000003C00000380000078000007000000E000000E0000006000000000000000000000000
100000000000000000000000000000018000003C000003C000003E000001E000000E000000E000000E000000E000000E000000E0000006000000600000070000007000000700000070000007000000700000030000000000000000000000000000000
20000000000000000000000000000000000000000000001F00000FF80003FFC0007C0C00EF00C007E00C003C00C003F83C003FFFC003FFF80030FC000300000030000003000000380000018000001C000000F00000078000003000000000000000000
8000000000000000000000001E000007F80000FF80001E380001C380001C380001C780000EF00000FF000007E000007F00000FFE0001FFF0001E3F8000F078000307800031F00003FE00003F800001E00000000000000000000000000000000000000
30000000000000000000000000000003F80001FFE000100E000200300020018002001800300100038000000E0300003FF00000FE00001F00000180000030000002000000200000038000003FC00001F800000E0000000000000000000000000000000
50000000000000000000000007E00001FF80003FFC000300C000600600060020007000000700000038000003C000001FE00000FE000003E000000E000000C00000080003FE8001FFE0001FF80001E0000000000000000000000000000000000000000
900000000018000003800000380000038000003800000380000038000007800000780000078000007800000780000078C00007FF0000FFF8000F8F8000F0F00003FF00003FC00001F0000000000000000000000000000000000000000000000000000
4000000000000000001C000001C000001C00000180000038000007000000700000070000006000000C000001C000001C000003F000003F8000071C000061C0000E1C0001C380001C10000180000000000000000000000000000000000000000000000
500000000000000000000000000000003C00000FF80000FFC0001C00000180000018000001E000000F8000007800000080000008000001800000180000030000007000000E000000C0000FFC00003FC00000F80000000000000000000000000000000
500000000000000000000000000000003800000FE00001FF00003E7800038380007810000700000070000007F000007F800003F800000380000038000007800000F000001E000003C000007800000F000000E00000000000000000000000000000000
000000000000000000000000000000000E000003F000007F00000FF00001E700003C7000038F000070F000070F0000E1E0001E1E0001C1C0001C3C0001C780003CF00003DE00003FE00003F800001F000000C00000000000000000000000000000000
900000000000000002000000600000060000003000000700000060000006000000E600000DFC0000F0E0001C0380038018003800C000400C00060040002006000300C000180C000061C00003F00000000000000000000000000000000000000000000
90000000000000000C000001C000001E000000E00000060000006000000600000061E00007FF00003E70000783800070180007018000701800070180003E180003E300003EF00000FE000003C00000000000000000000000000000000000000000000
90000000000200000060000004000000C000000C000000C000000C000000C000000800000180000018000001800000100000011E00001FF00003810000203000030600003F800001F0000000000000000000000000000000000000000000000000000
2000000000000000000000000000000004000007C000FFF8000FE1800000300000060000006000000C000000C000000800000180000018000001800000180000018000001804000080C0000C3800007F000003C000000000000000000000000000000
70000000000000000000000000C000000C000000C000001800000180000030000006000000E000000C000001C0000018000003000000300000060000006000000600000060000007C000003FE00000060000000000000000000000000000000000000
30000000000000000000000000000001F800007FE00007FC0000F000000E000000700000030000003DC00001FC00001FC00001F800003E0000038000003800000300000018000000E000000FF000003FC000007C00000000000000000000000000000
800000000000000001E00000FF80000E180000C180000C080000C180000E180000618000033000003F000001E000000F000001F8000071E0000E078003803E00380EF003FFF3000FFF000002600000000000000000000000000000000000000000000
9000000000000000030000003800000180000018000001800000180000038000003800000300000031C000037E00003E600003820000702000060600007060000786000079C00000F800000F000000000000000000000000000000000000000000000
5000000000000000000000000F800001FE00001DE00001810000180000018000001C000000E000000E00000070000003C000001F00000078040007806001F003C03C003FFF0000FFF0000022000000000000000000000000000000000000000000000
20000000000000000000000000000000180001E7C0000FFC00003F800003F00000300000030000002008000600800060180006030000303000030600003060000306000038C000018C00001D800000F80000070000000000000000000000000000000
30000000000000000000000000F000003F80000F800001C0000070000006000000C000000C0000008000000C0000006000000700000038000001C000000C000001800000302000020600007FC00003F00000000000000000000000000000000000000
100000000000000000000000000000018000003C000007E000007E000007E000007E000007E000003E000001E000001E000001F000000F000000F800000780000078000007C000003C000001C000001E000000C000000000000000000000000000000
2000000000000000000000000000000000000000000000000000FF8000FFFC007C07C0000078000007000001E000001C100001C18000183000038F000039E00003FC00003F800001E0000000000000000000000000000000000000000000000000000
900000000000000000100000018000001800000300000070000006000000E000000C000001C00000380000033F00007FF0001FE30003FE30003CC20000186000010E000013800003F000001C000000000000000000000000000000000000000000000
8000000000000000000000001C000007F00000FF80000E3C0000E1C0000E1C000061C0000718000031800001B800000F800000F0000007000000F000000F800001C80000FCC0000FFC0000E7C000001C0000000000000000000000000000000000000
100000000000000000000000030000007000000700000070000006000000600000060000006000000E000000E000000C000000C000001C000000C000000C000000C000001C000001C0000018000001800000000000000000000000000000000000000
10000000000000000000000040000002000000300000030000003800000180000018000001C000000C000000C000000E00000060000006000000600000060000006000000700000070000007000000300000000000000000000000000000000000000
7000000000010000003000000700000070000006000000E000000E000000C000001C000001C000001800000380000038000007000000700000061E0000FFF0000FFF0000FC00000E00000000000000000000000000000000000000000000000000000
1000000000000000000000000000000020000006000000600000060000006000000600000060000006000000E000000E000000E000000E000000E000000E000000E0000006000000C0000006000000400000060000000000000000000000000000000
80000000000000000000000000000000F800003FE0000F070001C0300038010002001800600300040030004007000400F000603F80020F98003FC18000F03800060700004060000C00000061800007F00000180000000000000000000000000000000
80000000000000000000000001800000FE00001EE00001CE000018E000018C000019C00001F800000F000000F000000F000003F8000039C000078C0000F060001D06000190E000199C00000F800000F00000000000000000000000000000000000000
2000000000000000000000000000000000000000000000000000000000000000003C00007FFE000FFFE001E0380018030000007000000700000030000003C000001FE000007E000001E00000000000000000000000000000000000000000000000000
30000000000000000001E00000FF00003FE00007C00000E000000C000001C000001C000001F000000F0000007000001E000003E000007800001F000001E000007DFC0007FFC000FFFC0007F8000000000000000000000000000000000000000000000
900000000000000001C000003F00000338000031C000070E000070E0000600000060000006000000600000060E000063F000067100006E30000F870000F0E0000F1C000067C00007F000007E000000000000000000000000000000000000000000000
6000000000000000000000000000000000000000000007F80001DFE000703F000E03B800C039C01C079C01C070C00C0F0400C1E1E01E3C1E00FF81C003E018000003800000300000030000006000000E000000C000001800000000000000000000000
400000000000000000000000100000010000001000000100000010000001000000300000038180001C3800017F000013A00001060000104000010C0000108000011800003180000318000030000001000000000000000000000000000000000000000
1000000000000000000000001800000180000008000000C000000C000000C000000C000000C000000C000000C000000C000000E000000C000000C000000C000000C000000C000000C000000C000000C00000000000000000000000000000000000000
0000000000000000000000000000000000000000000007F0E0007C1E001F81F001F01F003E03F007C07F00F81FE00F83FE00F9FFC00FFFF8007FFF0007FFC0001FF000007C00000000000000000000000000000000000000000000000000000000000
000000000000000000000000000000007800000FC00001FE000038600003070000703000060300006030000E030000E070000E06000060E000070E000071C000071C00007B800003F000003F000003C00000380000000000000000000000000000000
80000000000000000000000000000000000000004000001F80000338000037800003F000003C00000F800007CC0000F0C0007C0C000C00C0030038000007000009E00000FC00000000000000000000000000000000000000000000000000000000000
300000000000000000000000000000001800001FC0000FFC0001FF80001E000001E000001F000000FFE00003FE00001FE00003FE0000780000070000007000000784000078C00003FC00001FE00000FC000001C000000000000000000000000000000
20000000000000000000000000000003FC0000FFE0000FFE000027E000007C00000F000000E000001C00000380000070000007000000600000060000006000000603000060F000073E00007FE00003FA00001F0000000000000000000000000000000
70000000000000000000000000000000000001C000001C000001C000001C0000018000001800000100040030004007800400FFC04007FFE40000FFE000007F00000070000000000000000000000000000000000000000000000000000000000000000
10000000000000000000000000000001E000000600000070000003000000300000030000001800000300000030000003000000300000070000006000000E000000E000001C00000180000030000007000000600000000000000000000000000000000
000000000000000000000000000000000F000001F80000FF80001C0800038080007008000C0080018008003001000200100020030004006000400C000400C0004018000403000040E00007DC00003F800000E00000000000000000000000000000000
3000000000000000000000001F800003FC0000FFE0000F840001E040001C000001C000001C000000E000000F0000007FE00007FE00003FE000007C0000078000007040000F3E0000FFC0000FF00000780000000000000000000000000000000000000
900000000000000006000000600000060000007000000700000030000003000000300000037E00003E300007C180007018000701800070180003030000307000030F00001DC00000FC000003000000000000000000000000000000000000000000000
80000000000000000000000000000007C00001FF00001FF80001E7C0000F3C000073C00007B800003F800001F800000F800000FC00000FE00003CF00007878000F078000E3F0000E7C0000FF80000FF000003E0000000000000000000000000000000
10000000000000000000000004000000E000000E000000E000000F000000E000000E000000E000000E000000F000001E000001E000001E000001E000001C000001C000001C000001C000001C000001800000000000000000000000000000000000000
1000000000000000000000000200000070000007000000700000070000007000000600000060000006000000E000000C000000C000000C00000180000018000001C000001C00000180000038000001000000000000000000000000000000000000000
0000000000000000000000003800000FF00007FF800078F8000703E000601E0006007000700780070078007807800780780038078003C1F8001C7F8001FFF0001FFF0000FFE00007FC00001F800000E00000000000000000000000000000000000000
5000000000000000000000001F000007F80000FFE0001E0E000380700038030007001000700100060038007003800380F8003FFF8001FFF80000038000003800007F80003FF8007FFF0007F000003C000000000000000000000000000000000000000
9000000000000000030000007000000F800000F800000780000078000007F80000FFE0000FFF0001FFF8001F878001F038001F038001F078001F078001F9F0000FFE00007FE00003FC000003000000000000000000000000000000000000000000000
6000000000000000000000000000000000000000000000000001F000003FF00003FFC0003FFC0003FFE0003FFE0001FCF0000FC700007C700001C30000003000000300000078000007000000700000070000003000000300000030000003000000000
10000000000000000000000018000001C000003C000001C000001E000001E000001E000000E000000E000000E000000E000000E000000E000000E00000070000007000000700000078000003800000180000000000000000000000000000000000000
1000000000000000000000000000000000000004000000C000000C00000080C000083000008E000009C00000B8000017000001E000003C00000300000070000006000000C000001800000180000010000000000000000000000000000000000000000
90000000001000000380000038000003000000300000030000007000000700000060000006000000618000067E00007FE00007C60000786000038E000039E00003FC00003F000001C0000000000000000000000000000000000000000000000000000
00000000000000000000000003E000007F00001FF80007F78001E03C003C03C007001C00E001C01C001C018001C018003C018003C01804780180CF80181FF001C7FE001DFFC000FFF000078F000000600000000000000000000000000000000000000
200000000000000000000000000000007E00001FF80003FF8000FFF8000FFF80007FF00000FE00001FC00003F800003F000003F000003F000007E00000FC00000FC00000FF00000FF800007FC00003FC00000C0000000000000000000000000000000
900000000020000007000000700000030000003000000300000030000003000000706000031F800037F80007F8C0007F0C0007C0C0007818000F03800070F000073E00003FC00001E0000000000000000000000000000000000000000000000000000
10000000000000000000000002000000600000070000007000000700000060000006000000E000000E000000E000000E000000E000001C000001C000001C000001C000001C00000180000018000001800000000000000000000000000000000000000
100000000000000000000000060000006000000F0000007800000F80000078000007800000F800000F000000F000000F000000E000000E000000E000001E000003E000003C000003C0000038000001800000000000000000000000000000000000000
6000000000000000000000000000000000000007800000FC00001CE000038E000030E00003FC00003FC0000118000003800000300000070000006000000C000001C0000038000007000000E000001C000003800000300000000000000000000000000
700000000004000000C000001C0000018000001800000300000030000003000000300000030000003000000301800030180003038000303800060300007FF0000FFF0000F020000800000000000000000000000000000000000000000000000000000
600000000000000000000000000000000000000E000001F0000031800002080000318000039800001F8000007C000003C00000100000030000003000000300000060000006000000C000000C000003800000380000010000000000000000000000000
0000000000000000000000000C00000FF00001FFF0007F7F800F007C00E003C00C000E00C000E00C000F00C000700C000700E000700F000E00F001E007003E00703FC007DFF8003FFF0000FFC00007C00000000000000000000000000000000000000
80000000000000000000000000000003F00000FF80001FFC0001F1C0001E3C0001C3C0001E7C0000E78000077000007E000001F000003FC00007BE0000F8F0000F03C000E03C000707C0007FF80003FC0000180000000000000000000000000000000
200000000000000000000000000000000000018000007C100007CFFE007FFFF007FFFF807FFFF807FFFF807FFFF007800000780000078000007C000003E000001E000000FC000007E000003F800000FE000007E000001E00000000000000000000000
00000000000000000000000000000003FC00007FE0001C07000380180020018004000C008000C018000C018000C038000C038001C018001801C001800E0010003F030000006000000E000009C00001F800000F0000000000000000000000000000000
900000000000000000E000001E000003E000002C000000C000000C000001C0000018000003800000300000033E00007F7000078300006070000407000020E000041C000043800007E000007C000000000000000000000000000000000000000000000
500000000000000000000000000000007800001FC00003000000600000060000006000000E000000C000000E0E00007FE00003E600000030000003000000300000060000006000001C00001F800003C00000300000000000000000000000000000000
70000000000200000070000006000000E000000E000000C000000C000001C000001C000001C00000180000038000003800000700000070000006000000E000000E7FC000FFFC0007C0000000000000000000000000000000000000000000000000000
30000000000000000000000000C00000FC00007F80003F000007C0000060000006000000600000070000007FFF8001FFFC0007C7800000F000001C00000F000001E000001C400001EF00000FF000007C0000000000000000000000000000000000000
2000000000000000000000000000000000000000600003FE00007FE00007FC0000078000007000000E000001C000001C00000380000038000003800000300000070000003000000300000038000003F800001FC000003800000000000000000000000
3000000000000000003F00000E0000038000007000000E000000C000000C000000C000000C00000070000001FC000000F800001E000003800000E00000380000070000006000000EF700007FF00000000000000000000000000000000000000000000
20000000000000000000000000000000000000000000000000000000000007C003FFFF00FFFFB0003F830007FC200079FC000F07C000E038000E000000C000000C000000C000000C000000C000000400000062000001E000000800000000000000000
10000000000000000000000000000000C000000E000000E000000E000000E000000E000000E000000E000000E000000E000000E000000E000000E000000E000000E000000E00000060000007000000300000010000000000000000000000000000000
400000000000000000000000000000000000008000000C000000C000001C600001FFE0001C060000806000080600008060001806000180600018060001806000100600000060000006000000600000060000006000000400000000000000000000000
600000000000000000000000000000000000001F000003F8000031800003180000218000023800003F800003F80000138000003800000300000070000006000000C000001C00000380000078000007000001E00000180000000000000000000000000
40000000000000000300000030000003000000300000030000003000000700E000703E00770FE003FFDC0007C38000707800060F000060E000061C00006380000E700000EE000007C0000038000000000000000000000000000000000000000000000
800000000000000000000000000000007C00000EE0000183000018100000C100000C100000630000066000003C00000780000FF00000710000041000008100000810000081000008100000C30000066000003C0000000000000000000000000000000
50000000000000000000000003800000FC00003FC00007E60000F8200006000000C000000C000000400000060000001FF000017F800001F800000F000001F000001C0001518000FFF0000FBF000000100000000000000000000000000000000000000
6000000000000000000000000000000000000003C00000FE00003B200006130000C33000083300018230001062000106600010C60001184000118C0001E180000C18000003000000300000060000004000000C0000008000000000000000000000000
6000000000000000000000000000000016000003F00001FB000079B0000E0B000080B000081E00018760001FE60000F8C000001800000300000060000004000001C000007F00001FC00007F00000F000000C000000000000000000000000000000000
90000000000000000018000003800000380000038000003800000700000070000007000000E000000E000001F800007FC00006FC0000C8C000080C0000C0C0000F1C00007F800007F000003C000000000000000000000000000000000000000000000
3000000000000000000000001F000003FE000079F00006038000600800040000006000000200000020000000000000060000007800000F800000E000001E000003C00000384000033E00003FE00001F00000000000000000000000000000000000000
1000000000000000000000000600000060000006000000E000000E000000E000000E000000E000000E000001E000001E000001E000001E000001E000001E000001C000000C000000C000000C000000C00000000000000000000000000000000000000
30000000000000000000000000F800003E80000F0800038000007000000E000001C000001800000100000018000000C0C00007FE000003800000E000003C0000070200004020000406000071C00003F80000000000000000000000000000000000000
5000000000000000001C000007E000007000000E000001800000380000030000003000000300000030000001F0000007F0000007C000001C000001800003B80003F70003FE60007F00000700000000000000000000000000000000000000000000000
0000000000000000000000000F000003FC0000F0E0001C0300018018003001800600080060008004000800800040080004008000C00800080080008008000800C01900063F90003FE30001C0E00000380000000000000000000000000000000000000
10000000000000000000000008000001C000000C00000040000004000000600000060000006000000600000030000003000000200000060000006000000600000060000006000000E000001C000001800000000000000000000000000000000000000
5000000000000000000000000C000001E000001F000003B0000031000007100000600000060100006030000607000070F000031E00003FE00001FC000001C000001C000001800000780003FF0000FF800000000000000000000000000000000000000
80000000000000000000000003000000F000001F800001B800001300000330000013000001E000001E000000E000000E000001A000001B0000031000003100000218000063800007F000007F000003C00000000000000000000000000000000000000
30000000000000000000000001E00000FFF0003F1F0007800000F000001E000001E000000E000000F00000078000001E000000F8000003C00000FC00003E000007C00001F000001FBC0001FFF00003F60000000000000000000000000000000000000
4000000000000000008000000800000080000008000000800000080000018000001800000180000018000001BE00003FF00007E300003030000607000060600006060000C060000C00000080000000000000000000000000000000000000000000000
900000000000000006000000600000020000002000000300000030000003000000100000013C000016200001C20000182000010600001060000304000030C00003180000210000006000003C000000000000000000000000000000000000000000000
40000000000C000000E000000E000000E000000E000000E000000E000000E000000C000000C000000C000003FC0001FFE0001FFE00019DE00001FC00001F800001F000003E00000380000000000000000000000000000000000000000000000000000
20000000000000000000000000000000006000001F0007FFE0003FF80000FC00000F000001C0000038000007000000E000001C00000180000018000001800000180C0001804000180C0001CFE0000FFC0000380000000000000000000000000000000
20000000000000000000000001E000007E00003FE0000FFE0000FFE0000FFC00001FC00001F800003F000007C00000FC00000F800000F000001E000001E000001E0E0001FFE0001FFE0000FFE00007FC0000000000000000000000000000000000000
300000000000000000000000FC00001FFF000780780070008003000000300000038000001E000000F00000038000001FF800007F800007E00000F000001C00000380E000300E000383E0001FFC00007E0000000000000000000000000000000000000
00000000000000000000000000000000F800007FE0000FFF8000F8F8001E03C001C03C001C01C001801C003801C003801C003803C00380780038078001C070001C3E0001E3E0000F7C0000FF800007F00000180000000000000000000000000000000
800000000000000000000000078000007C00000460000047000006700000660000036000003C0000038000007000001F00001F38000081800003980000F18000080800018080001E080000FF800001F80000000000000000000000000000000000000
000000000000000000000000018000007E00000FF00001FF00003C300007C30000F030001E030001C038003C03F003803F007807E00700F800703F000E07E000E1FC00063F80007FE00007F800001E000000000000000000000000000000000000000
800000000000000000000000000000007000000F000001F800003B800003B800003F000003F000001E000001E000003E000007E00000F700000C3000000380000030000007000000700000FE000007C00000780000000000000000000000000000000
7000000000000000000380000070000007000000E000001800000380000030000006000000C000001800000180000030000007000000E010000C0F8001C3F00018E00001F800001F000001C0000000000000000000000000000000000000000000000
400000000000000001E000001E000001F000001F000000F000000E000001E000001C000003C000007FF00007FF8000FFF8000FFF8001FCF0003F1F0007E3E0003DFC00039F800000F0000006000000000000000000000000000000000000000000000
60000000000000000000000000000000000000000000007000000F800001F800002180000218000043800004280000C280000C680000C480000C880000588000060800000080000018000001800000100000010000001000000300000000000000000
100000000000000000000000018000001800000180000018000003000000300000030000007000000600000060000006000000E000000C000000C000000C000000C000001C000001C000001C000001800000000000000000000000000000000000000
80000000000000000000000030000003E000007F800007F80000718000071800003B800003F800003F800001F800001FC00003FC00003CE00007CF00007870000787000078700003FF00001FE00000FC0000000000000000000000000000000000000
80000000000000000000000003E00000FF000038300007070000E060000C060000C0E0000C0C0000E1C0000638000037000001F000001E000001F000003B80000F180001E180000E7800007F000007C00000000000000000000000000000000000000
200000000000000000000000000000000300000078000E0F8000FFF0000FFE00007FC0000078000007800000F000001E000001C000003C00000380000078000007000000704000070600007FC00007FC00003F0000000000000000000000000000000
90000000001800000180000018000001800000380000078000007000000E000000E000000F800001FF7C001FFFE001FFFE001FFFE001E7FC001E7FC001FFF8001FFE0001FF80000FC0000000000000000000000000000000000000000000000000000
80000000000000000000000017000003FC00003FC00003FC000030E000030E000039C00001FC00001F800000F800000FC00001FC00003FE00007CF0000FC70003F070003E7E000187E000107C00000380000000000000000000000000000000000000
200000000000000000000000000000000000000000000007800001FC000E78C0007E040003F9C0003FF800030400006000000600000060000004000000C000000C000000E000000600000060000007000000380000038000001800000000000000000
000000000000000000000000000000003E00000FF80001E1C0003C1C000F00C001E00C001C00C003800C007801C007801C007003800F007800E00F000E00E000E01C000F03800078780003CF00001FC00000100000000000000000000000000000000
0000000000000000000000001C000007F80000FFE0001FFE0001C1F0001C0F00018078003807800381F800381F0003C1E0003C1E0001C1F0001F3F0000FFF00007F700003FE00001FE00000FE00000380000000000000000000000000000000000000
90000000000000000001800000380000038000006000000E000001C000001C000003800000300000070000006000000E000001E000003E000007600000E600001CE000039C00001B000001E0000000000000000000000000000000000000000000000
70000000000000000000E000001E000003E000007C00000FC00001F000007C00000F800001F000007C00001F800001F000007E0000078000006000000F000000FFC0000FFFC0001FFE000001C00000000000000000000000000000000000000000000
80000000000000000000000018000007E00000FE00000E300000C180000E080000E080000708000039800001F800000F000001F8000039C000070E0000306000018600001C700000FE000007C00000180000000000000000000000000000000000000
8000000000000000000000003C000007F000007F800007180000E1C0000E1C000063C00003FC00003F800003F800003F800007F800007DC0000F9E0001F0E0007F0E00001FE00001FE00001FE00000600000000000000000000000000000000000000
50000000000000000000000000000003E00000FF80001FFE0003C0F000780700070038003003800300000038000003E000001F0000007FC00003FF000007F00000070000003000000F00007FF0000FFF0000FF0000000000000000000000000000000
400000000000000000C000000C000001C000001C00000180000018000001800000180000038000003000000300000037C00003FE0000787000030700003070000606000060E000060E000040C00000000000000000000000000000000000000000000
4000000000000000001000000700000070000006000000E000000E000000C000001C000001C000003C000003FF00003FF800078380007038000F038000E038000E070001E030001C00000180000000000000000000000000000000000000000000000
50000000000000000000000000000006000000FC00003FF00003FF80003FF8000303C000301E000300E00038000001C120001FFF8001FFF80007FF00002270000007000006700001FE00001FE00001DC00001C8000000000000000000000000000000
10000000000000000000000000000000180000010000001000000300000030000003000000300000020000002000000600000060000006000000C000000C0000018000001800000300000030000002000000000000000000000000000000000000000
30000000000000000000000000000001FC00007FF8000FFFC000E01C001E00C001E000000E00000070000007E000003FC00000FC00001F800003E000007800000F000000E080000E1C0000FF800007F000007E0000000000000000000000000000000
9000000000000000006000000E000000C000001C000001C000001C000001CC000039E00003FF00003F300007C70000786000078E0000F0C0000E1C0000E380000CF00000FE00000F800000E0000000000000000000000000000000000000000000000
10000000000000000000000000000000020000002000000E000000E000001C000003C0000038000007000000E000000C000001C000003800000700000070000006000000E000000C00000180000018000000800000000000000000000000000000000
00000000000000000000000000000000FC00003FF00007038000C01800180080030008006000800600180060018006001800600380060070002006000300C000181800008380000C7000007E000003E80000030000000000000000000000000000000
900000000000000000200000070000007000000E000000E000000C000000C0000018400001BE00001FF00003F300003E300003C70000386000078E000073C0000FF80000FF000006C0000040000000000000000000000000000000000000000000000
40000000000000000000000020000006000000E000000E000000E000000E000000E000000E7DC000FFFC001FFF8001FDF8001C070001C0E0001C0E000180E000180C000180C000180C000180800010000000000000000000000000000000000000000
10000000000000000000000000000000030000007000000F000001E000003C0000078000007800000F000003F000005E000001E000001E000003C00000380000038000003800000780000038000003800000300000000000000000000000000000000
70000000000100000030000003000000300000030000006000000600000040000004000000C000000C00000000000018000003000000300000060000006010000C030000FFC0000FC0000000000000000000000000000000000000000000000000000
7000000000000000000C000001C000003C00000F800000F000001E000001C00000380000078000007003000E00F001E01F001C07F00380F600783C6007079C00F1F1C00FFE0000FF00000780000000000000000000000000000000000000000000000
7000000000000000001C000007C0000098000001800000300000070000006000000C000000C0000018000003800000300000070000006000000C000000C000001C440001FFF0000787800000180000000000000000000000000000000000000000000
80000000000000000000000007800003FC00007060000E060000E0C0000618000073800003F000001E000001F000003380000718000061C0000E1C0000C180000CF80000FF800007F000003F000001C00000000000000000000000000000000000000
900000000018000001C000001C000001C000000C000001C0000018000003800000380000038000003BC00003FF00003C300007018000E138001CC30001F870000B9E00001F800000F0000000000000000000000000000000000000000000000000000
30000000000000000000000000000001F000007FC000061C0000C06000080400008000001800000180000018000000C000000FC000003C200000C200000C200000C200000C200000C600000C6000006C0000078000000000000000000000000000000
3000000000000000000000000FC00007FF8000E018001C00800180380018060000C000000C0000006000000300000038000001F8000007C000003800000F000001C000003800000703800067F80007FE0000000000000000000000000000000000000
70000000000200000060000006000000600000040000004000000DC00001F800001F000007800000F000000300000020000002000000603000043FC000FFFE000FE7E001F004001800000000000000000000000000000000000000000000000000000
30000000000000000000000000000001000000FF00001FFC000380600030010002001000600100060000002000000200000030000001CF800007F000001E000000800000080000018080000C180000FF800007E000000000000000000000000000000
8000000000000000000000000E000003F0000021800002180000308000010C000018C00000D8000027800003F000007F00000C30000181800018080000C0C000040C000030400001E4000007E000000C0000000000000000000000000000000000000
9000000000000000007000001F800007F00000F000001C000001C000001800000180000018000001C0F8000C3F8000CFF8000FE38000F838000F030000F070000F0E0000FBC0000DF800000F000000000000000000000000000000000000000000000
90000000000000000200000070000007000000700000030000001800000180000018000001800000180000019800001BC00001E400001E600000E600000E600000E6000006E000007C000003800000000000000000000000000000000000000000000
100000000000000000000000040000006000000E000000E000000E000000E000000E000001E000000E000001E000001E000001E000001E000001E000001E000001E000001E000001E000001E000000C00000000000000000000000000000000000000
7000000000000000000000000C000000E000000E000000C000000C00003FC00003FF00003FFC00000CC00000C000000C000000C000000C000000C000000C000000C000000FF00000FFC000080F0000007000000000000000000000000000000000000
200000000000000000000001C000001E000000FF000007FC00003FC00000FC0000078000007800000F000001E000003C000003C000007800000F800000F000000E000000E030000FFFC0007FFC0001F08000000000000000000000000000000000000
400000000000000001000000100000030000003000000300000030000003000000300000037F00007FF80007018000601800060380006038000C030000C070000C070001C06000180E000180400000000000000000000000000000000000000000000
60000000000000000000000000000000000000000000000000000FC0001FFE0007FFF800FFBF801F03FC03C03BC03C0F1C03FFE1C03FFE1C01FF80C003E00C0000018000001800000380000030000006000000E000003C000001C0000010000000000
90000000000000000C000001C000001C000000C000000C000000C000000C000000C7E0000FFF0000F830000F018000E018000E018000E018000E0380006038000303800030700003BF00001FC00000000000000000000000000000000000000000000
100000000000000000000000018000003C00000380000030000007800000700000070000006000000E000000C000000C000000C000000C000000C000000C000001C0000018000001F000000F000000A00000000000000000000000000000000000000
5000000000000000000000000FE00003FE0000FFE0001F800001C000001C000001C000001F000000F8780007FF00003FF00000FF000000E000000E000000E000000E0001FFE0007FFC0003FE000030000000000000000000000000000000000000000
100000000000000000000000000000000000008E00001FFF0000FFF80001F700000E000000E000000E000001C800001DC00001D800001F800003F000003F000003E000003E000003C0000078000007000000700000060000000000000000000000000
7000000000000000003000000380000018000001800000380000030000007000000F000001C00000180000038000007000000E01F001CFFF00FFFF800FFFC000780000000000000000000000000000000000000000000000000000000000000000000
6000000000000000000000000000000000000007000000F800001FC000031C000061C000061C0000E1C000071C00007FC00003F800000B80000038000003000000700000070000006000000E000000E000001C0000018000000000000000000000000
50000000000000000000000038000007000000E000001C0000018000003000000300100060030006007000601E000207E0003FF20001F8600000030000007000000F800001F0000038000007000000600000000000000000000000000000000000000
000000000000000000000000000000000000007E00003FF8000783C000601E000E006000E003000E003800E001800E0018006001C006000C007001C003001C00300180018038001C070000C0E000041C00000F000000C000000000000000000000000
400000000000000000000001E000003E000003F000003F000000E000000E000000E00E000E1FF800E7FF800FFFF803FF0F007F01E003E03C003C078001C1F0003CFE0003C7C0003870000382000018000000000000000000000000000000000000000
40000000000000000000000004000000E000000C000000C000000C000001800000180000018000003C080003F1800033F8000707000060300006060000C060000C040000C0C0000C08000080000018000000000000000000000000000000000000000
90000000000000000000000180000038000003C000001C000001FF80001FFE0001F0F0001E078001C038001C038001C038001C01C001C03C000C038000E038000F07800078700001FF00001FE00000F80000000000000000000000000000000000000
80000000000000000000000000000001F00000FFE0001C0F8003803C003801E007000E007000E003801C001F0380003FF00003FC00001FC00003DE0000F0E0000C060001C060001F0E0001E1C00007F800001E0000000000000000000000000000000
4000000000000000000000008000000C000001C000001C000001C000001C000000C000000600000FFFF800FFFFC000701C000301C0003038000187000018E000019C00001F800001E000001C000001800000000000000000000000000000000000000
700000000003800000380000070000007000000E000000E000001C000003C000003800000380000030000007000000700000070000006000000600E000601E00077FE0007FF00007E0000000000000000000000000000000000000000000000000000
4000000000000000000000000000000C000000C000001C000001E000000E03E000FFFE000FFFC000FE1C000E030000707000070E000031C000033800003B000003F000003E000003C0000038000003800000300000000000000000000000000000000
300000000000000000000000000000000FE00003FC0001FE0000FC00003C0000070000007000000300000038000001C000000E00000030000003000000700000070000007C000001F0400007FE00001FC000007800000000000000000000000000000
900000000000000000000000010000003800000380000070000007000000F000000E000001E000007E00000BF800003D800003CC00003CC000038C00003880000198000019800001B800000F000000600000000000000000000000000000000000000
100000000000000000000000100000018000001C000001C000001C000001C000001C000001C000000C000000C000000C000000E000000E000000E000000E000000E000000E00000060000006000000200000000000000000000000000000000000000
3000000000000000000000000000000000000007C00001FF80003FFE000FE7E000F80E000F000000E000001C000001C780001DF80000FF800007F80000FC00000F0000006000000600000030600001FF00000FF000007C00000000000000000000000
2000000000000000000000000000000006000007F80007FBC003F81C03FE03C03C0038000007800001F000003C0000038000007000000E000001E00000380000078000007000000E018000E0F80007FF80003FC000000000000000000000000000000
400000000000000001800000380000038000003800000700000070000007000000E000000E000000C07E001C7FE001FFFC001FC3C0038078007807000701E000701E000E01C001E01C000801800000000000000000000000000000000000000000000
2000000000000000000000000000000000000003F00001FF0003FFF000FF8E001F81C00100180000030000007000000E000000C000001C000001800000300000030000003008000301C00030F80001FF00001FC00000F800000000000000000000000
00000000000000000000000006000001F000001980000318000031800006080000608000060800004080000408000040800004180000418000041C000043C00004380000438000067000003E000001C00000000000000000000000000000000000000
60000000000000000000000000000006000001FE00001CE000018700001C380001C380001C380000C1C0000E1E000070E000038600003C700001C60000006000000700000070000007000008F00001FE00000F8000000000000000000000000000000
200000000000000000000000000000C00C000600C000201C000303C000303C00018780000CF000007E000003C00000180000018000001800000100000018000001800000183000018700000FE000007C0000038000000000000000000000000000000
500000000000000000000000FE00000F200001E000001C000001C000001E000001E000000FFE0000FFE00003FE000001E000000E000000E000001E000001C000003C00003FC00007F800007F000007C00000000000000000000000000000000000000
2000000000000000000000000000000001000007FC0001FFE003FFFF007FFFF00FFFFF007FFFE007FFFE007FFFC007DFF800F81F000F81F000F81F800F81F000FC1F000FF7E000FFFC0007FFC0003FF80000FE0000000000000000000000000000000
400000000000000000000003C000003C000003E000003E000003E000003F000003F000001FFE0001FFF8001FFFC001FE7C001F03C000F03C000783C000783C000783C000383C0003C3C0003C380001838000000000000000000000000000000000000
6000000000000000000000000000000000000006000001F8000079C000078C0000F8E0000D8E00009860000B860001B0E0001F0E0001E0C0000C0C000001C000001800000180000038000003800000700000070000002000000000000000000000000
400000000000000000000000C000000C000000C000001C000001C000001C000001C000001FFFC001FFFE001F30F001C006001800E001800E001C00C001C00C001C018001C038000C03800040300000030000000000000000000000000000000000000
700000000038000003C00000380000038000003800000380000030000007000000700000060000006000000E000000C00C001C01C001801C003801C003003C003FFFC003E7FC000001C00000000000000000000000000000000000000000000000000
2000000000000000000000000000000000000007E00007FFC001FFFE003FFFF007E0FF00F03F800C07E00000F800001F000001E000003C000007800000F800000F000000E000001E000001C000000FF80000FFC0000FF800000000000000000000000
3000000000000000000000000F800003F800007F80000FB00000EF00001C400001C000001C000001E000000F8000007FC00003FE000007E000007E00000F000000E100000E180000FF80000FF800007E0000000000000000000000000000000000000
400000000000000000000000000000018000001800000180000018000003000000300000033800003FC00007CC000070C000060C000060C0000C180000C180000C1800008300000030000003000000200000020000000000000000000000000000000
00000000000000000000000003800001FE00003FF00007038001C01C003800C003000C006000C004000C004001C004001C00400180060038006007000781F000387E0001FFC0000FF80000FE000003000000000000000000000000000000000000000
30000000000000000000000000800003FE0000FFE0001C060001C00000380000030000003000000200000030000001C040001FFE00003FC000007C000007800000FE00001FFC0007F0E00070000004000000000000000000000000000000000000000
40000000000000000000000004000000C0000004000000C000000C00000080000018000001800000100000033C00003FE000030200006020000606000040400004040000C04000080C000080800000080000000000000000000000000000000000000
50000000000000000000000000000000000000FFF0007FFF800FFC7801F001001C000001C000001C000000E0000007000E007F3FE001FFFE0007FFC0000038000007800001F80007FF00007FC00003C00000000000000000000000000000000000000
100000000000000000000000000000004000000E000000E000000E000000E000000E000000C000000C000000C000000C000000C000000C000000C000000C000000C000000C000000C000000C000000C00000040000000000000000000000000000000
5000000000000000003C00000FF00001FF800038000003000000300000018000000F0000007C000000E000000700000070000006000000E000001C000001C0000038001FFB0007FF800007F8000000000000000000000000000000000000000000000
70000000000000000040000006000000E000000E000000E000000E000001F800001FC00003FC0003FF80003FE00001F800000700000070000007000000700000070180007FFC0003FFC0001DC00000000000000000000000000000000000000000000
900000000006000000780000078000007800000F800000F000001E000001E000001E000003EF00003FF00007FF8000FFFC000FFFC000FFF8001FFF0001FFE0000FF80000FE00000700000000000000000000000000000000000000000000000000000
3000000000000000000000000F000001FC00003FE00003C7000070300003010000700000030000003E000001E000001F000003F000007C00000F800000F000000E040000F3E00007FE00003F800000E00000000000000000000000000000000000000
50000000000000000000000018000007C00000FC00003CC000038800007100000600C000603E000607E00073F60003FC60000007000000700000070000007000000700003FF80007FF80007FF00000060000000000000000000000000000000000000
000000000000000000000000000000000E000007F00003FF00007E30000F830001F030003C030003C030003C070003C070001E0F0001E0F0000F1E0000F3E0000FFC0000FF800007F800003F000001F000000E0000000000000000000000000000000
500000000000000000000000000000007800001FF80003FFC000700E000600C0007000000780000038000001C000001E000000F0000007000000380000018000001C00001CC00007FC0001F38000FE00000F000000000000000000000000000000000
6000000000000000000000000000000000000001E000007F00000FF00001C700003870000707000061F0000EFE0000FFC0000FFC000079C0000038000007000000E000000E000001C000003800000F000000E000000C0000000000000000000000000
7000000000020000007000000F0000007000000700000060000006000000E000000C000001C0000038000003000000300000070000006000000600000070000003FF80003FFC000380400000000000000000000000000000000000000000000000000
70000000001800000180000038000003800000300000070000007000000600000060000006000000E000000E000000E000000E000000C000001C000001F000001FFF90000FFF800000F00000000000000000000000000000000000000000000000000
00000000000000000000000000000003C00001FFC0003C1E00070070006003800E001800C000C00E000C00E00060060006007000600700060038006001C006000E00E0007C0C0003C080001E1800003F000001E000000000000000000000000000000
000000000000000000000000000000007000001F8000018C0000306000060600006060000606000040600006060000606000060600006060000204000038C00003880000198000019800001B000001E000000C0000000000000000000000000000000
7000000000000000007000000F000000F000000700000060000006000000E000000E000000C000001C000001C000001800000380000038A000033F80007FFC0007F7C0007C00000F00000060000000000000000000000000000000000000000000000
50000000000000000000000001E000007E00001FE00003C20000382000078000007000000E000000E100000E7800007F800007F800003F800000380000030000007800001F800007F80001FF80001C000000000000000000000000000000000000000
700000000003000000300000030000003000000300000060000006000000E000000C000000C00000180000018000001000000300000030000006000000600400041FC0007FF80007C0000000000000000000000000000000000000000000000000000
300000000000000000000000000000007800003FE0000FCE0001F060001C040001C000001C000001C000000E02000070700003FE00000FC0000038000007000000F000000E000001C200001C600001FE00000F8000000000000000000000000000000
500000000000000000000003F800007FF800070FF0003000000300000018000000C000000600000038000000F0000003C000001C000003C000007800000F00000080000001F000107F0001FFC00007F00000000000000000000000000000000000000
8000000000000000000000001F000007F800007F80000E180000E180000E180000E180000E38000077000007E000003E000001F000003F8000077E0001E3F0003C3F0003C2F000383F000187E00000780000000000000000000000000000000000000
900000000000000000C000000C000001C000001C000001C000001C000001C000001C000001800000380000038000007F00000FFC0001E0E0000C060000406000040E000061C00003F800001E000000000000000000000000000000000000000000000
700000000018000001C00000180000018000001800000100000030000003000000300000020000007000000200000060000006000000600000067FE0007FC7000F807000E000000400000000000000000000000000000000000000000000000000000
500000000000000000000000000000003C000007E00000C100000C0000018000001C000001F800000FC000000C000000C000001800000180000030000007000000E000000400007F000007FE000000E00000060000000000000000000000000000000
4000000000000000000000000300000030000007000000E000000E000001C000001C00000180000018000003FF80007FFC000F078000E0700006060000C0E0000C0C0001C1C0001808000380000010000000000000000000000000000000000000000
600000000000000000000000000000000000001F000007FC0000FFC0001FFE0001F7F0001FFF0001FFF00007FE000001E000003E000003C00000FC00000F800001F000003E000007C00001F800003F000007C00000380000000000000000000000000
20000000000000000000000000000000000000000000000F800001FC007FFFE007FFC6000FF06000FE06000FF0E000E7F8001E3F8001C0C00018000001800000180000018000000C0000006000000700000038E00001FE00000FC0000000000000000
700000000000000000100000030000003000000300000070000006000000C000001FF0001FFF00003C000001800000380000030000003000000600000060000006000000E0600007FC00007F800000000000000000000000000000000000000000000
9000000000000000000800000380000078000007800000F000000E000001E000003C000003800000380000070000007FE00007FE00007CF0000707000040E000183C0001FF80000FE0000010000000000000000000000000000000000000000000000
80000000000000000000000003C00003FE0000F03000380300030030006003000C003000C002000C006000C006000C01C00060FE00033830001F0300006030000C030000C030000C06000067E00007BC0000000000000000000000000000000000000
000000000000000000000000000000000000001FC0000FFF0003FDFC007403E00F001E00E000E01C000E01C000E01C000E01C000E00E001C0070018003E038000F87000000E000003C00007F800003F000001C0000000000000000000000000000000
30000000000000000000000001FC0000FFF0003F000007800000E000000C000000C000000C000000600000038000000FC000001C000003800000F000001C30000386000071E0000F780000FF000007C00000000000000000000000000000000000000
80000000000000000000000001E000006E00000C6000018E000018C000030C00003180000630000066000002E000003C000003C000006700000C180001C1800030080007018000003800000E00001F800000000000000000000000000000000000000
500000000000000000000000000000001F800007F80001E08000381800030000006000000600000030000003C000000F8000001C000000C000000C000000C00000380000FF80007FF0000403000000E00000080000000000000000000000000000000
0000000000000000000000001E000007F00000F180000E0C0001C0600018060003806000300700030030003003000300380030078001807800180780018038000C038000607000039E00001FC00000780000000000000000000000000000000000000
100000000000000000000000000000002000000700000070000003000000300000030000007000000600000060000006000000E000000C000000C000001C0000018000003800000380000030000003000000200000000000000000000000000000000
70000000000000000060000007000000700000070000006000000E000000F80000FFC0000FFC00001C000001C0000018000001800000180000018000003800000380000038180001FF80001FE00000000000000000000000000000000000000000000
7000000000030000003000000700000060000006000000E000000E000003FE0000FFE0000180000018000003800000700000070000006000000E000000E1F0000FFFC001FFFA001800000000000000000000000000000000000000000000000000000
8000000000000000000000001F000003F8000030C00003040000306000038600001C600000CC000006C000003C000003800000FC00007CC0003F8E00008060000006000001E00000FC0007FE00001F000000000000000000000000000000000000000
5000000000000000000000001E000007F00001FF80003E3C000381C000781E000701E000701C00060000007000000700000038000003FFF8000FFF80003FFC000003800000F80007FFC000FFF80007F80000000000000000000000000000000000000
400000000000000000000000C000001F000000700000038000003800000380000038000003800000FFF8001FFFC003F9FC003381C000383C0003838000387000078700007070000706000070200006000000000000000000000000000000000000000
6000000000000000000000000000000000000000000000F000003F800007FC0000E1E0000C1E0001C3E0000FFC0000FFC00003DC000001800000380000070000006000000E000001C0000038000007000000E000001C0000018000000000000000000
400000000000000000000000200000030000003000000700000070000006000000C000000C000000FFF0001FFF0001FFF00018030003806000300E000301E000201800000300000070000003000000200000000000000000000000000000000000000
500000000000000007800000FE00001C380001808000180400018000000C00000070000001E0000003C000000F0000003C000000C0000006000011C00001FC00001F00001FC000FFE0000FC0000000000000000000000000000000000000000000000
40000000000000000000000020000002000000200000020000002000000300000030000003000000FC00000FF800001FC000019C000018800000880000088000000800000080000008000000C00000080000000000000000000000000000000000000
4000000000000000000000002000000300000030000003000000300000030000003000000303C00031FC00037F8003FF70001F0E00003180000330000036000001E000001C00000380000038000001000000000000000000000000000000000000000
00000000000000000000000001C000003E000007F00000FF00001FF00001FF00003FE00003FE000079E0000F1E0000F1E0000E3E0000C3C0001C3C0001E7C0003EFC0001FF80001FF00000F8000003800000000000000000000000000000000000000
30000000000000000000000000000000F800001FC00007FE0000FFE0001FCE0003F0E0003C000003C000001FE00000FF000007F000003F800003F000007C0000078000007C700007FF00003FE00001FE000007C000000000000000000000000000000
100000000000000000000000000000000C000001C000001C000001C000001C000001800000380000038000007800000700000070000006000000E000001C000001C00000380000038000007000000E000000400000000000000000000000000000000
3000000000000000000000000000001FE00003FF0000603E000600600060000006000000300000018000000F3C00003FC00000F00000180000018000003000000300000030000003001000180E0001FFC00007F000000000000000000000000000000
1000000000000000000000000000000038000003800000380000038000003800000380000070000007000000E000000E000001C000001C000001800000380000038000003800000700000070000006000000600000000000000000000000000000000
50000000000000000000000000000001E000007F80000FFC0000F9E0000E0E0001E060000E000000E000000F0C00007FE00003FE000007E000000E000001E000003E00007FE0000FFC0000FFC0000E3C000000C000000000000000000000000000000
300000000000000000000000007800001F000007C00000F000003C000007800000F000000C000000C000000E000000FFE00003FE000003C000007800000F000000E000000C000000FC00000FC000003C0000000000000000000000000000000000000
00000000000000000000000001C000003E00000FF00001FF00001C70000387000070700006070000E0F0000E0E0000C0E0001C1C0001C1C0000C380001C780001CF80001FF800007F000003F000001C00000000000000000000000000000000000000
1000000000000000000000000000000038000007C00000FC00000FC000003C000003C0000078000007800000F000000F000001F000003E000003C000003C0000078000007000000E000001C000001C000001C00000000000000000000000000000000
2000000000000000000000000000000007000001F800003F80038FB8003FE700007FF00003F800003800000300000070000006000000E000000E080000E0C0000E0C000060C0000608000071800007F000003C0000000000000000000000000000000
00000000000000000000000000000000E000003F8000071C0000C0C0000806000080600018020001002000100200018020001803000080200008020000C02000040200006060000304000018800000F80000030000000000000000000000000000000
7003800000780000078000007800000F800000F000001E000001E000001C000003C000003C000003800000380000038000003803F003FFFF803FFFF803FFFF001FFFE001FF80000000000000000000000000000000000000000000000000000000000
200000000000000000000000000000000000000000000001C007FDFE003FFF70003FC70003F870007FC6000FCFE001F038001E000003C000003C000003C000003800000180000018000000C000000E00000078800003F800000F00000000000000000
900000000000000000000000006000000E000000C000001C00000380000070000007000000E000001F000001F800003CC0000388000071800006100000630000066000006E000006C0000078000002000000000000000000000000000000000000000
0000000000000000000000000000000000000003C00001FE00007FF0000FCF0000E078001C0780038038003003800700700070070007007000300E000301E000381C000383C000187800008F000009E000001C000001C000000000000000000000000
50000000000000000000000000000001E00000FF80001F9C0003E00000380000018000000E0000003E000000F8000001C000000600000070000007000000F000001E000007C00001FC00007F80000F800000E00000000000000000000000000000000
3000000000000000000000001F000007F80000F0C0000E000000E000000700000038000001C000000F00000078000007000000E000001C0000038000003800000700000070700007BF00003FC00000F00000000000000000000000000000000000000
600000000000000000000000000000000000000F00001FFC0003FFE0003C0F000300700030030001E038000F0300007870000387000000E000000E000001E000003C000007C00000F800001F000007C00000380000010000000000000000000000000
30000000000000000000000007E00001FE00003FE000079C0000E700000E600000E000000E000000E00000078000007E000003F800000F800001F800003E00000F800000E000001F878001FFF8001FFF8000000000000000000000000000000000000
5000000000000000007C00001FF00003C1000078000007000000E000000E000001C000001C000001C008001C01C000E07C000F0FC0007FF80003FB80000FF000003F00001FE0003FF80007E0000000000000000000000000000000000000000000000
80000000000000000000000000000001C6000030600003070000606000060E000060E0000E1C00007F800007FC00001FF00007CF0000F030001E070003007000300E000001C00000780001DF00000FE00000780000000000000000000000000000000
50000000000000000000000000000003C00000FF00001FD00001C000001E000000FE000003FE00001FF800003F8000003C000001C000003C00000F803FEFF003FFF80003FF00000000000000000000000000000000000000000000000000000000000
30000000000000000000000000000003FC0000FFF0000E0F8000C038000C018000C010000C000000E000000700000038000003C000007C00000F000000E000000E000000E000000E000000783C0001FFC00003C000000000000000000000000000000
50000000000000000000000003C00000FE00003FE00007FF0000FCF0000F070001C03000180000038000003C000001C000001E020000F1F0000FFE00007FE00003EE00001FE00007FC00007FC00003580000000000000000000000000000000000000
1000000000000000000000000000000008000001C000001C000001800000380000038000003800000700000070000006000000E000000C000000C00000180000018000003000000300000060000006000000400000000000000000000000000000000
000000000000000000000000000000000000000FE00003FF00007C78000F018000C018001C01800180180018038001803000180700018060001C0E0001C1C0000E3800007F800000F000000E000000C00000180000018000000000000000000000000
1000000000000000000000000C000000E000001E000000E000000E000000E000000E000000E000000E000000E000000E000000E000000E000000E000000E000000E000000E000000F000000F000000F00000000000000000000000000000000000000
7000000000000000000000000000000080000008000000C0000008000000C000007F000001F8000018000001000000300000030000007C000007F00000F380000C0C00000060000006000000600000060000000000000000000000000000000000000
100000000000000000000000080000004000000400000040000004000000C000000C000000C000000C000000C000000C000000C000000C000000C000000C000000C000000C000000C000000C000000400000000000000000000000000000000000000
5000000000000000000000001F000003F000007000000E000000E000000E000000E000000E000000E00000078000003F700001FF000000F0000003000000700000060000006000007E00000F800001900000000000000000000000000000000000000
500000000000000000000000007800003FC0000FEC0001F000003C000007000000E000000C000001C000001C000000FF800007F800003F800000700000070000007000000700001FF80003FF00003FF00000000000000000000000000000000000000
80000000000000000000000000000003F800007FC0001C0E000380700070030006003000600300060070006006000307E0001FFE0000FFE000070600006060000C060000C060000C0E000061E00003FC00001C0000000000000000000000000000000
4000000000000000000000000000001C000001C000000C00000040000004000000600000060000007FE00007E7F00078078007801C0070006007000600700020070002007000000700000078000000800000000000000000000000000000000000000
700000000008000000C000000C000000C000000C000000C000000C000000C000007F80007FE000001800000180000018000003800000300000030000006000000603E0007FFC0003F0000000000000000000000000000000000000000000000000000
0000000000000000000000000F000007FC0000FFE0001FFF0003FBFC00780FC007007C007003E007001E007000E007000E007000E007800E007C00E003E10C003FF9C003FFBC001FFF8000FFF000030E0000000000000000000000000000000000000
9000000000000000006000000F000001F000003E000003E000003C000007C000007800000F000000F000000F3FF001FFFF003FE0F003F01E003E03C001E0F0000E3E0000FFC0000FE0000070000000000000000000000000000000000000000000000
500000000000000000000000008000001C000003F000007F000007180000F00000060000007000000700000078000003800000380000038000007000000F0007FFF0001FFE00001FC0000000000000000000000000000000000000000000000000000
000000000000000000000000000000007C00004FC00007E60000E030001C01800380180030038003001800200380060070006007000600F000600E000300C000181C000087800000F000007F000007E00000180000000000000000000000000000000
1000000000000000000000000300000030000003000000300000030000007000000700000070000006000000E000000E000000C000001C000001C000001C0000018000003800000380000030000003000000000000000000000000000000000000000
1000000000000000000000000040000004000000C0000008000001000000100000030000002000000600000060000004000000C000000C000000C00000180000008000000800000180000018000003C00000000000000000000000000000000000000
700000000001000000380000038000003000000300000060000006000000E000000C000001C0000018000001800000300000030000007000000600000061F80007FFC0007FF0000600000000000000000000000000000000000000000000000000000
80000000000000000000000000000003E00000FF80001FFC0003E1C000780C000700E000F00E000F00E000E00E000E01E000607F00070FF00079FF4003FE3C001FC3C0001C380001C700001FE00000FC0000070000000000000000000000000000000
000000000000000000000000000000008000007F80000FFC0000F1C0001C0E00038070003003000300300030038003003800300380030030003003000380300038070001C0E0000F0C00007FC00003F800001E0000000000000000000000000000000
40000000000000000000000030000001800000180000018000000C000000C000000C800000FC00000FC00003FC0000FC80000188000018800001980000198000019000001900000180000010000001000000000000000000000000000000000000000
10000000000000000000000000000006000000F8000007C000003C000003C000003C000001E000001E000001F000000F000000F0000007000000F800000F800000F800000F8000007C000007C00000380000010000000000000000000000000000000
50000000000000000000000000000003F80000FFF0001FFF8003E008003800C0038004003C000003F000000FE000003F800000FC000001E000000F00000070000007000000F000001E0007FFE000FFF80000040000000000000000000000000000000
2000000000000000000000000000000007800001FC00007F80003FF0003FFC00007E000003C00000380000070000007000000E000000E000000E000001C000001C000001800000180F8001EFF8000FFC00007E0000000000000000000000000000000
500000000000000000000000E00000080000018000001000000300000018000000E0000003FC00000FE0000003000000300000030000003000000200000020000006000007E00003C0000060000018000000000000000000000000000000000000000
50000000000000000000000003000000380000030000007000000700000070000007F000000380000038000007800000F000001E002003C007FE78003FFE00000FC000000800000000000000000000000000000000000000000000000000000000000
900000000030000007000000700000070000007000000700000070000006000000600000060000006000000600000061E000067F80007E1C000781C000783800038F00000FE00000F8000000000000000000000000000000000000000000000000000
00000000000000000000000001C000003E000007700000E700001C700003870000387000030600006060000E060000C0C0001C1C0003838000387800039F80003FF80003FF00003FE00001F800000E000000000000000000000000000000000000000
10000000000000000000000000000000C000000E000000E00000070000007000000700000060000007000000F000000E000000E000001E000001C000001C000001C000001800000380000038000003800000180000000000000000000000000000000
3000000000000000000000000E000003F000003F000007F800007F800007F00000700000078000003C000001C000000F800000FE000007F000003F00000FE00007F80000FF000007F800000FF000000F0000000000000000000000000000000000000
20000000000000000000000000000000000018000001C000001C000001E007800F01FC00783DC003F7BC000FFF80001FC00001C000001C000001800000380C00038FE0003FF80001FC000000000000000000000000000000000000000000000000000
00000000000000000000000000000001F000003FC00007FC0000FBE0000F1E0001E0F0001C0F0001C0F000380F000380F000380E0001C1E0001C1E0001C3C0001C780000FF80000FF000007F000003E000000E0000000000000000000000000000000
0000000000000000000000000E000003F8000070C000060600006020000C030000C03000180300010070001007000300700030070001007000100F000101F000181F0001C0E0000E1C00007FC00001E00000000000000000000000000000000000000
300000000000000000000000000000003F000007F00001FF00003F90000380000030000003000000300000030000001C000001E000000F000000F800000F800001F000003C0000038000003BC00003F800001F0000000000000000000000000000000
80000000000000000000000007000000D800001880000308000031800003180000310000013000001F000000E000000E000000F000001B80000318000070C000060C000070C000071800001F000000C00000000000000000000000000000000000000
1000000000000000000000001C000001C000001E000001C000001E000001C000001C000001C000001E000001E000001E000001E000000E000000E000000E000000E000000E000000E000000E000000600000000000000000000000000000000000000
20000000000000000000000000000000000000001C000003C000007C03FC1F803FFFE0003FFC00003F800000F800000F000001E000001FC00003C70000387000070E000071C00007FC00007F800003E000001C0000000000000000000000000000000
70000000003000000700000070000007000001F000000E000001C000003C000007800000700000070000007000C007000E007000F007C00F803FFFF800FFFF8000FFE0000000000000000000000000000000000000000000000000000000000000000
00000000000000000000000000000007F80000FFE0003C3F00030078006003C006001E00E000E00E000E00C000E00C001E018031C00801F800C00F800C01F000E07E000FFFC0003FF80001FE00000FC00000300000000000000000000000000000000
100000000000000000000000000000018000000C0000004000000600000060000006000000600000060000006000000600000060000006000000400000040000004000000C000000C0000008000001800000180000000000000000000000000000000
400000000000000000000000000000000000018000003C000000C000001C000001C0000018000003FFF0003FFFE003C07F0038007007000E007001E007001C00E003800C0030004003000000000000000000000000000000000000000000000000000
6000000000000000000000000000000000000000000001FC00007FE0001CC60001843000104300010C300011C6000138600017060001E0E000000C000001C00000180000038000003000000300000060000006000000E000000400000000000000000
100000000000000000000000000000008000000800000080000008000001800000080000008000000C000000C000000C00000040000004000000400000040000004000000400000040000004000000600000040000000000000000000000000000000
700000000000800000180000018000003800000300000070000007000000E000000C000001C0000018000003800000300000070000007000000600000067E00007FE00007FC0000380000000000000000000000000000000000000000000000000000
00000000000000000000000000000000F000001FC000079E0000E07000180300018018003001800200180020018002001800600180020010002001000300300038030000E0600007CE00001FC00000F80000030000000000000000000000000000000
7000000000000000001000000180000018000001800000380000070000006000000E000001C00000380000038000007000000E000001C010001C038000F8700007CE000007C0000038000001000000000000000000000000000000000000000000000
800000000000000000000000003800000FC00003DC00006180000C38000087000019E000013C000017000001E000001C000003800000FC00001CC0000386000030200006030000E0780007FF00003FC00000000000000000000000000000000000000
1000000000000000000000000C000000C000000C000000C000000C000000C000000C000000C000000C000000C000000C000000C000000C000000C000000C000000C000000C000000C000000C000000C00000000000000000000000000000000000000
20000000000000000000000000000000000000000000001E000007F80000FFC0007F7C007FFFC017FFF8000790000060000006000000E000000E000000600000070000007000000380000038000001C000001FC00000FC00000180000000000000000
1000000000000000000000000000000003800000F800073F80007FC00007F0001BFC0003FF80001F980000018000001800000080000008000000C000000C1C0000C7C0000DFC0000FE00000FC00000F000000C0000000000000000000000000000000
00000000000000000000000007C00000C40000182000020100006010000C010001801800180180030018003001800200180020018002001000200300020030003006000103C000081C000047C00003E00000000000000000000000000000000000000
3000000000000000000000001F000007FC0000E0C0001806000180600018040000C000000C000000E000000707000039F00001FC00001F00000380000070000006010000E03800060F00007BC00001F00000000000000000000000000000000000000
40000000000000000000000006000000E000000C000000C000000C000000C00000180000018000001800000180000011800003FE00003870000603000060300004020000C0200004020000C0000000000000000000000000000000000000000000000
00000000000000000000000000000003F800007FC000078E0000F070000F030000E038000E038000C038000C038001C038001C038001C078000C078000E070000E0F000070E000070E00003DC00001F80000078000000000000000000000000000000
7000000000080000018000001800000180000018000001800000180000018000001000000180000018000001000000100000010000001000000107800033F80003FE00003C00000300000000000000000000000000000000000000000000000000000
50000000000000000006000000C000003C0000078000006000000C000001C00000180000018000001C000001FC000007E000001C0007C1C0001F3800007F000001F000001E00000380000020000000000000000000000000000000000000000000000
400000000000000000000000000000008000000800000080000008000001C000001C000001F000001FC00007CC0000F860000986000018200003830000383000038300003830000301000030000001000000000000000000000000000000000000000
50000000000000000000000001C000003E000006100000C000000800000180000010000003000000300000030000003FC000000C000000C000000C00000180000018000003000002F00000FE00001F000000000000000000000000000000000000000
200000000000000000000000000000000000007F80007FFE000001F800000380000038000007000001E0000038000007000000E000001C000003800000300000070000006000000E000000E000000E1800007F800001F000000000000000000000000
400000000000000000000000004000000E000001C00000180000038000007000000F000003E000003C000007BC0000FFE0001FFE0003FFE0003F0E000781E000201C000003C0000078000007000000200000000000000000000000000000000000000
800000000000000000000000000000000F800007FC0001FFC0007E1C000F038001C070001E1E0000FBC00003F800001F000001F000003F000007B80000F380001C380007870000FEF00000FE000007C00000380000000000000000000000000000000
6000000000000000000000000000000000000000000003F00000FFC0001FFE0003C0F000700F000E01B801C07B80181E1C018FC1C01FF01C00F801C000001C000001C000001C000001C00000180000018000003800000F00000070000000000000000
1000000000000000000000000100000010000003000000300000030000003000000200000060000006000000E000000C000000C000000C000000C000001C000001C000001800000380000010000001000000000000000000000000000000000000000
90000000001800000380000018000001800000180000038000003800000380000030000003800000700000073F000077380007E180007C1C00078180007818000743000076E000003C000000000000000000000000000000000000000000000000000
3000000000000000001E00000F900003C000007800000F000000C000000C000000E00000078000003E000000F8000003C000007800001F000003E000007870000E0F0000C1F0000FFF00007E000000000000000000000000000000000000000000000
4000000000000000000000000C000000C000000C000001C000001C00000180000018000003800000308000033E00007FF00007C60000706000060E0000C0C0000C1C0001C180001818000300000010000000000000000000000000000000000000000
80000000000000000000000007800000FE00003EE000038E000070E000060E000071C000073800003F000001F000000F800001FC00003FE00003FC000067C0000EF80000CF00001CE00001FC00000FC00000000000000000000000000000000000000
4000000000000000006000000E000000E000000C000001C000001800000180000038000003FF800037FC00070380006038000E070000E060000C0E0001C0C0001C1C00018180001818000101000000000000000000000000000000000000000000000
40000000000000000000000000000000100000030000003000000300000020000006000000E000001F800007FC0000BC600003820000303000070200007060000E0C0000C000000C00000180000010000000000000000000000000000000000000000
80000000000000000000000007000000F800001F8000039800003380000370000036000001E000001F000003F8000071C000070E0000E060001C060000E06000060E000030E000031C00001F800000F00000000000000000000000000000000000000
0000000000000000000000000000000003800000F800007F80000FF80001F180003C1800078380007030000E070000C0E0000C1C000181C0001838000187000018E000019E00000FC00000F800000F000000400000000000000000000000000000000
30000000000000000000000000000001F00001FFC0003FFC000780C0007004000700000078000003C000001F800000FF800001FC000007800000F000001E000003800000380200038038001FFF8000FFE000008000000000000000000000000000000
20000000000000000000000000000000000000007800000FC00001FC01FE73803FFFF8000FFF00003FC0000380000030000007000000F0000007000000F000000706000070E000071C00007F800003F000000C0000000000000000000000000000000
1000000000000000000000000000000030000003000000300000030000006000000600000060000006000000600000060000006000000600000060000006000000C000000C000000C000000C000001800000100000000000000000000000000000000
40000000000000000000000060000007000000F800000F8000007800000787800079FC0007F1C0007C1C000781800078380007838000F030000F030000F030001F030001E020001E030001E020001C000000000000000000000000000000000000000
200000000000000000000000000000007C00003FE0000FFF0003FFF0003FFE0007FFE001FFFC001C1FC001C1F800003F000003E000003E000007E000003E000003F300001FF80001FF80001FF800007F0000018000000000000000000000000000000
600000000000000000000000000000000000003E000007F00000C180000818000080C000080C0000C0C0000C0E00007FC00001FC000000800000180000018000001800000300000030000036000003E000003C0000030000000000000000000000000
0000000000000000000000000000000000000000000003FF0000FFF8003FFFC007F80E007C00E00F800600E000600E000700E0007006000600700060078006003C00E001F81E000FFBC0001F980000780000000000000000000000000000000000000
200000000000000000000000000000000000000000000001800001F8003BFFC003FFF8003FFF000001C000003C0000030000007000000E000001C000001C0000038000003000000700000070000006000000780000070000006000000000000000000
00000000000000000000000000000000F800001FC00007FC000071C0001E0E0001C0E000380E000380E000300E000300E000305E000387C0003F7C0001FFC00007FC00001D800000D800000F800000F80000070000000000000000000000000000000
200000000000000000000000000C000001C003003C00780F800FC1F0000F1C00007F800003F000001E000000E000001C000003800000300000070000006000000E000000E006000F07E0007FFC0003FF0000000000000000000000000000000000000
600000000000000000000000000000000000003F000007FE0000FFE0001E0F0003C070003C0F0001C0F0001F1F0000FFF00007F700000060000006000000C000001C000003C000007800000F000007E000007C0000038000000000000000000000000
2000000000000000000000000000000000000000C000003E000007600060E60007FC60001FFC00007FC00003800000300000030000003000000300000030000003000000300000018000001C000000600000038000001C00000000000000000000000
30000000000000000000000007800000FC00001E000003C0000078000007000000300000038000001C000000E00000078000003C000007C00000F800001F000003C00000700000030000000F8000003E0000000000000000000000000000000000000
800000000000000000E000000F800000FC00000C600000EE000007E000003C000003C000007C00000EC00003E6000038700007030000F038001B038003B038003F078007F9F0003FFC000087C00000000000000000000000000000000000000000000
20000000000000000000000000000000000006000000FFF2000FFFFC007FFFC00007F800003E000007C00000F800001E000003C0000038000007000000700000070380006038000703800070F00003FE00001FC00001F800000000000000000000000
2000000000000000000000000000000000000007C00007FE0001FFE000FF1C001F81C001003800000700000070000006000000C000000C000001C000001800000180000008000000C000000C00000070E00007FC00001F00000000000000000000000
700000000004000000E000000E000000E00000060000006000000C000000C000001C000003C000003C0000038C000078C000070E000070E000070E00003FE00003FF00003FF00001FE000000000000000000000000000000000000000000000000000
000000000000000000000000000000001E00001FE00003FF80007FF8000F078000E038001C01C001C01C001C01C00180180018018001C038001C030001C070001C0E0000F0E0000F3C0000FF800007F000001C0000000000000000000000000000000
5000000000000000000000000E000003F800007F80000E100000C000000C000000C000000C000000C0000006000000603000070F00003FF00001FB00000030000003000000600003FE00003FE00003840000000000000000000000000000000000000
20000000000000000000000000000000000000003800000F80000FF8000FFF0000FFE000003C000007800000F000001E000003C0000038000007000000E000000E000000C000000C000000E300000FF000007E0000078000000000000000000000000
80000000000000000000000007F00001FF80007FF8000FC38001F018003C0380038038007807000781E000387E0001FFE0000FFF00007FF0000F0E0001E0E0001C7E00038FC0003BF80001FF00000FE00000000000000000000000000000000000000
70000000000000000000000000000000C000007E000007E000007E000003E000003E000007C00000F800001F000001E000003E000003C000003FC02001FFFFC00FFFFC0019FFC00000000000000000000000000000000000000000000000000000000
4000000000000000000000000800000180000018000003000000300000030000002000000600000063F80007FF80007018000C010000C010000C0100018030001807000180E0003800000300000020000000000000000000000000000000000000000
80000000000000000000000003C00000FE00001E600003C6000038E000070E000071C000073C000073800007F000003E000001E000003E000003700000638000041C000001C0001E7C0001FFC00007E00000000000000000000000000000000000000
80000000000000000000000003C00003FE00007FF0000FCF0001F9E0001F3E0001E7C0001FF80000FF800007FC0000FFF8001F3FE003E07F007803F80700380070078007FFF0003FFE0001FF800001C00000000000000000000000000000000000000
6000000000000000000000000000000000000000000003E00000F700000F180001B1C0001B0C0003E0C0003C0C0001C0C000000C000000C000000C000001C000001800000180000018000003000000300000070000006000000E00000000000000000
700000000000000001C000001C000003C000003C000003C000003E000003C000003C00000FF00001FF80007FF80007FF800063800000300000070000007064000F1FE000FFFE000FFFE000F8000000000000000000000000000000000000000000000
200000000000000000000000000000000000000000000000E000003E00E607C01FFFFC001FFF80000FF00000E800001C000003800000300000070000007000000600000060000007000000702000039E00003FC00000F000000000000000000000000
00000000000000000000000000000000C000007F80000FFC0001FFE0003F0F0007C070007C07000780780070070007007000700F800700F800300F000302F0003F3F0001FFF0000FFE00003FC00000780000018000000000000000000000000000000
80000000000000000000000000800007FF8001FFFC003FFFE007F03C00FC0F800F01F800F83F000FEFC0003FF80001FF80003FFC0007FFE000F0FF800F00FC00F80FE007FFFE003FFDE001FF1C0001000000000000000000000000000000000000000
40000000000000000000000000000000C000000C000000C000001C000001C00000180000018000007FC00003FE00003030000303000030300006030000606000060600006040000C000000C000000C000000C00000000000000000000000000000000
2000000000000000000000000000000000000007FC0003FFC000FFFE003FFFE003F8FE003E3FC00387F80001FE00003F800007E000007C000007800000F000000F020000F060000F0600007FE00007FC00003F800001F000000000000000000000000
70000000000000000000000060000006000000C000000C000000C000000C000000C000001FE00007FC0180380038038003803000380300030030003003E01F001FFFE0000000000000000000000000000000000000000000000000000000000000000
4000000000000000000000000000000060000006000000E000000C000000C000001C000003FF00007FF00007FF0000E0E0000C0E000001C0000038000007000000E000000C000001C0000038000003000000200000000000000000000000000000000
700010000003000000300000030000002000000600000060000006000000C000000C0000018000001800000300000030200007030000E070001C060001FFE0003FFE00018060000000000000000000000000000000000000000000000000000000000
1000000000000000000000000000000010000003000000300000030000003000000300000060000006000000E000000C000000C000000C000001800000180000018000003000000300000030000003000000300000000000000000000000000000000
300000000000000000000000000000007C00003FE00007FE00007C00000F000000E000000E000000F000000F8000007E000003F800000F80000078000007800000E000000F000000E000000FF000007F000003E000000000000000000000000000000
9000000000000000300000070000003000000380000038000003800000300800071FE0007FEF8007F01C007E00E00760070076003006600300640030004007000400F000707E0007FF80000FC00000000000000000000000000000000000000000000
600000000000000000000000000000000000000C000003E000007F80000FF80001E7C0001CFE0001DFE0001FCE0000FCE000070E000000E000000E000001C000001C000001C000001C0000038000007800001F000001E000000000000000000000000
600000000000000000000000000000000000000F800001FC00003FC000071C000071C000067C00007FC00007F800003F800000380000030000007000000E000003C000003C000007800000F800000F000000E000000E0000000000000000000000000
600000000000000000000000000000000000007800000FE00001FF00001FFC0001FFE0001EFE0001FFE0000FFE00007FE00003FE00001FC000003C000007C00000F800001F000001E000007E000007C00000780000060000000000000000000000000
80000000000000000006000003F000007F00000FF00001EE00003CE000039E00003BC00003F000003F000003E000007E00000FF00001E3C0003C1E00038670003EEF0003FFF0001F7E000001800000000000000000000000000000000000000000000
30000000000000000000000000000000FE00003FF8000FFFC001FFFE001FC7E001E01F001E01E001F80C000FF00000FF800007F000007F00000FC00000F800001F0E0001F3E0001FFC0001FFC0000FF000007C0000000000000000000000000000000
900000000006000000F000000E000000E000001E000001C000001C000003C000003800000380000078000007FE0000FFE0001F0F8001F878003D838003B8380021FF00001FE000007C000000000000000000000000000000000000000000000000000
5000000000000000000000000000000FF00001FFE0003F3F8003801C003800C003800C0018018001C010000E00000078000003C000001E000000F8000003E000000E0000006000001E00003FF0000FFE0000FFC000000000000000000000000000000
1000000000000000000000000100000010000003000000300000030000003000000700000060000006000000E000000E000000C000001C000001800000380000030000003000000300000030000002000000000000000000000000000000000000000
6000000000000000000000000000000000000007000001FC00003FE000070E000060E0000C0E0000C0E0000C1C0000C7C00007FC00003F80000038000007000000F000000E000001E000003C000003800000700000060000000000000000000000000
70000000000000000004000000C00000180000078000007000000E000001C000003800000380000070000007000000E000000E000000E000000E000000200000038000001F0400007FC00000F00000000000000000000000000000000000000000000
900000000000000000C000000C000000C000000C000000C000000C000001C00000380000038000007FE00007FF8000FC38000E038000C038000807000001E000007C0003FF00003F800003C0000000000000000000000000000000000000000000000
400000000000000000C000000C000001C000001C000001C000001C000001C000001C000003C00007FC00007FFF0007FFF8001FFF800078F80007838000783800070380003038000201800000080000000000000000000000000000000000000000000
4000000000000000000000007800000780000078000003800000380000038000003800000380000038000003F000003FC00003FC00003FE00003CE000039E000079E000079C000038C000030400001000000000000000000000000000000000000000
000000000000000000000000000000007800001FE000038700007038000E018000C01800180080018008001800C001800C001800C001800800180180018018001C010000C000000E0000007B000003F000000E0000000000000000000000000000000
100000000000000000000000008000001C000001C000001C0000038000003800000380000070000007000000E000000E000001C000000C000000C000003C000003C000003C000003C0000018000001000000000000000000000000000000000000000
10000000000000000000000000000000C000001C000000C000000C000000C000000E000000E000000E000000E000000E000000E000000E000000E000000E000000E000000E000000E000000E000000C00000040000000000000000000000000000000
1000000000000000000000000000000020000007800000F800001F800001F800001F8000007800000F800000F800000F800000F000000F000000F000001E000001E000001C000001C000003C000007800000100000000000000000000000000000000
8000000000000000000000001E000003F800006180000608000060C000060C0000608000031800001D000000700000038000006E00000C7000008E000010C000021800006380000CF00000FC000007000000000000000000000000000000000000000
100000000000000000000000008000001C000001C000003C000003C000003C00000780000078000007800000F000000F000001E000003E000003C000003C0000078000007800000780000078000003000000000000000000000000000000000000000
900000000000000007000000700000070000007000000700000070000007000000700000073E00007F780007C1800070180006008000600C0006018000C018000403000040700003FC00001F000000000000000000000000000000000000000000000
00000000000000000000000007C00003FE00007DF8000E018001C00C003000C00300060060006006000600C000600C000600C000400C000C00C001800C001800C003000E00600070FC0007FF00001FE00000000000000000000000000000000000000
1000000000000000000000000000000078000007800000F800000F800000F000000F000000F000001F000001F000001F000001F000003E000003E000003C000003C000003C000007C000007C000007C00000600000000000000000000000000000000
9000000000000000030000007000000700000070000007000000700000070000007000000F000000F300000FFE0000FFF0000703000060380008030000C07000060F00007FE00003FC00000F000000000000000000000000000000000000000000000
4000000000000000000000006000000700000070000007000000300000030000003800000380000038000001C000001FE00001FF00001C600001C600001C600000C400000C400000C400000CC00000840000000000000000000000000000000000000
700000000000000000060000006000000E000000C000000C000001C00000380000038000007000000E000000C000001C000001800000380000030000007000000602000060E00007F800003E000000000000000000000000000000000000000000000
7002000000200000030000003000000200000030000003000000300000030000003000000200000060600006060000606000060600006060000206000031E00001FE00000FC0000000000000000000000000000000000000000000000000000000000
9000000000000000001F000003F0000031000002000000600000060000004000000C000000D000000FC00001EC000038C000078C0000F0C0000F0C0000F380000E380000C700000FE000003C000000000000000000000000000000000000000000000
500000000000000000000000000000000000001FE0000FFF8001F070003C000007800000700000038000001FFC0000FFE000039C000001C000003C000003C00000380000038000003800000F000007F000007F0000078000000000000000000000000
00000000000000000000000001000000FE00001EE0000387000070300006030000E030000C030001C0300018030003803000380200030060003006000300C000391C0003F380001F780001FF000001E00000000000000000000000000000000000000
200000000000000000000000000000007E00001FF00003FF0000FEF0003E0E000380E000001C000003800000F800000E000001C000003C000007800000700000060000006000000E070001FFF0000FFE00007F0000000000000000000000000000000
30000000000000000000000000000007F00001FFE0001FFF0001C078001C008001C000001C000001C000000E000000F0000007F800003F800003F000003800000780600078070003C7F0003FFE0001FF8000070000000000000000000000000000000
9000000000000000010000001C000001C000001C000001C00000180000018000003BE00003FE00003FF00003F700007E700007C70000787000078E000071E000063C00003FC00003F800001E000000000000000000000000000000000000000000000
9000000000040000004000000C000000C000000C000000C000000C000001C000001C000001FC00001FE000038600013060001F060000F060000E0E0000E1C000077800007F000001C0000000000000000000000000000000000000000000000000000
100000000000000000000000000000006000000600000060000006000000E000000C000000600000060000006000000600000040000004000000400000060000006000000600000060000007000000700000060000000000000000000000000000000
50000000000000000000000006000001FC00001FF00003FF80003C1800038000001C000001C000001C000001C000000E000000E000000700000070000003800000F80003FF80003FF00007FF00003FC00000000000000000000000000000000000000
00000000000000000000000000000000000000000000000000003FF0000FFFC007FFFC00FFCFE00FC03E01F001E01C001E01C003E00E007C00F0FFC00F3FF0003FFC0001FE00000FC0000000000000000000000000000000000000000000000000000
400000000000000003000000300000070000007000000600000060000007E000007F800007FE0000F8E0000F0F0000E078001C038001C038001C038001C03C003803C001807C000003800000200000000000000000000000000000000000000000000
40000000000000000000000002000000600000060000004000000C00000180000018000003FF8000783C0006004000C004000800C001800800300180030030006006000C004000C00C000000000000000000000000000000000000000000000000000
300000000000000000000000000000000F800003FC0000F1C0001C0E000380E000300400060000006000000600000060000007E000007C000007000000E000000C0000018000001806000181C0001FE00000F00000000000000000000000000000000
5000000000000000000C000000C00000080000008000000C00000070000001800000780000038000001000000000000000000000000001800000F800007C0001FF00007E0000000000000000000000000000000000000000000000000000000000000
6000000000000000000000000000000000000000000001F800003FC00007EC0000FFC0000C3C000087C0000CEC0000FCC000071C00000180000018000003000000700000060000006000000C000001C00000380000030000003000000000000000000
50000000000000000000000000000000000000038000007800000FC00001C800001880000180000018000001FE00000FF800000F8000007800007E007FFF8003FFC000000000000000000000000000000000000000000000000000000000000000000
80000000000000000000000003000001F800007080000C08000180800020080004008000C008000C0080004008000601800030180001C100000FFC0000037000002300000230000042000007C00000180000000000000000000000000000000000000
6000000000000000000000000000000000000003800000FC000038E00004060000C06000080E000100E000101C000103800010F00000FF00000360000006000000C000000800000180000030000002000000400000040000000000000000000000000
200000000000000000000000000000000000013F80007FFC0007FFC000003C00000380000078000007000000F000001E000001C000001C000003800000380000038000003800000382000038600001FE00000FE000003C00000000000000000000000
800000000000000000000000000000000CC000018C000018C000019800001A000001C000001800000380000088000030C000040C000180C001E01C0030078003E0E0001F0000000000000000000000000000000000000000000000000000000000000
4000000000000000000000004000000600000060000006000000600000060000007F800007BC000070C00006060000C060000C060000C0E0000C0E0000C0E000080E000180C000000C000000C000000C0000000000000000000000000000000000000
500000000000000000000000000000001F800007FC0001F000003C0000030000003000000180000018000000F8000007E000001F0000007800000F800007F003FFFE000FFF80001F80000000000000000000000000000000000000000000000000000
2000000000000000000000000000007FC00003FF00000078000001C000000C0000006000000E000001C00000380000030000006000000C000003800000700000020000004000000400000060180003CF000007E000000000000000000000000000000
1000000000000000000000000000000038000007C000007C000003C0000038000003800000780000078000007000000F000000E000001E000001E000001E000003C000007800000780000070000006000000400000000000000000000000000000000
000000000000000000000000000000007800007FE0000FFF8001FDFC003E03C007C01E007800E00F000E00E000E00E000E01E001E01E001E01E001C00F003C00F80780078070007F070001FFE00007F800000E0000000000000000000000000000000
4000000000000000000000000C000000C00000080000018000001000000300000031F000063F00006F100007C30000F030000C020000806000180C000100C000101800030180001018000301000020000000000000000000000000000000000000000
5000000000000000000000000000000004000007F80001FFC0003E1C000780E000E006000E006000E00000070000003C000001E080000FFC00003F800003F00006FE000FFF8001FC60000004000000000000000000000000000000000000000000000
300000000000000000000000000800001FE0000FFE0001FFE0007F82000FC00003E000003C000007000000700000070000007FFE0003FFE0001FFC00007F80000F000000FCFC000FFFC0007FF80000400000000000000000000000000000000000000
30000000000000000000000000000001E600007FE0000FFF0001F800001E000001C000000F000000F8000007C000003FC00000FF00000FF00003FF00003C00000780000038000003E000000FF80000FF800003F800000000000000000000000000000
700000000002000000300000070000006000000E000000E000000C000001C000001C000001C000001800000300000030000003000000300000030000003F800003FF80000FF8000007000000000000000000000000000000000000000000000000000
00000000000000000000000003800000FC000018600001020000202000060200004010000C010000801000180100010010001001000100100010010001002000100200018040000D04000079800001700000000000000000000000000000000000000
30000000000000000000000007F80001FF00007C00000F000001C000001800000180000018000001C000000E00000070000007F000001F000001E0000078000007000000783F0007FFF0001FF00000780000000000000000000000000000000000000
100000000000000000000000000000004000000E000000E000000E000000600000060000006000000E000000E000000E000000E000000E000001C000001C000001C000001C000001C000001C000001800000180000000000000000000000000000000
50000000000000000000000000000000F800001FC0000186000018300000C100000C1000006000000300000030000003000000100000010000001000000300000030000003000000600000FC00007F80000C200000000000000000000000000000000
30000000000000000003E00000F000003C000007000001C000007800000F000000E000000E000000E000000F0000007FC00003FC00000E000001C000003800000780000071C00007FE00003FC00000000000000000000000000000000000000000000
00000000000000000000000000000000FC00003FF00007FFC000FC3C001F01C001C01C003C00C007801C007001C00F001C00E001C00E003C00E003800E007800600F800600F000701C000383C0001EF800000F0000000000000000000000000000000
6000000000000000000000000000000000000000000000400000FFC0001FFF0003F1F8007F03C00E701E00C701E01CE01E01CE01E01DE01E01FC01C00F801C007003C00000380000038000007800000F000000E000000C00000000000000000000000
20000000000000000000000000000000000000FFF8001FFFE00000FF0000007000000F000001C000007C00000F800003E00000F800003E00000F800003E000007800000E000000F0000007FFC0003FFC0000000000000000000000000000000000000
20000000000000000000000000000000000000000000003C00007FE00007FF00007C300007E700007FF0000E3E0000E000000E000000C000000C000000C000000E0000006000000300000038000001C000000E0000007000000380000000000000000
100000000000000000000000000000003000000700000070000007000000600000060000006000000E000000E000000C000000C000001C000001C00000180000018000001800000380000038000003800000100000000000000000000000000000000
7000000000010000001800000380000038000007000000E000000E000001C00000180000030000003000000E000000E010001C010001C0100038010003FFB0003FFF8000FDF0000003000000000000000000000000000000000000000000000000000
40000000000000000000000006000000E000000E000000C000000C000001C0000018000003FC00003FE00007F600007860000F060000E060000E0E0000C0C0000C0C000180C0001804000080000008000000000000000000000000000000000000000
60000000000000000000000000000000000000000000002800007F80000FFC0001FDE0001E0E0001C0E0001F1E0000FFE00007FE00003CE000000E000001C000001C00000380000030000007000000C000003C0000078000003000000000000000000
3000000000000000000000000C000003FC00007FE0000E0E0000C060000C000000C000000C000000E02000078E00003FE00001FC00001F0000038000007000000700000070000007F700003FF00000FC0000000000000000000000000000000000000
30000000000000000000000000F000003F80000F800003C00000380000030000003000000300000038000001F8000007C0000038000007000000E000001C0000038C0000718000063800003E000003C00000000000000000000000000000000000000
700000000018000001C000003C000003C0000038000003800000780000078000007FC00007FE00007F800007000000F000000F000000E000000E000001FF80000FFF00003FFF800001F80000000000000000000000000000000000000000000000000
0000000000000000000000000000000000000007C00001FE38003FFF000787C0007030000E070000C1F0001C070001807000180F000180E000183E0003C7C0003FF80007FF00003F80000180000000000000000000000000000000000000000000000
400000000000000000200000060000004000000C000000C000001C000001800000180000018000003F000003FC000019E000038E000039C000039C00001F000001E000001C000001C000000C000000000000000000000000000000000000000000000
200000000000000000000000000000003E00001FF8001FFF8003FFFC007FFF800FFFF800FFFC00077F000007E00000FC00000FC00000FC00000FC00000FC00000FC00000FFE00007FF00003FF00003FF000007E000000000000000000000000000000
200000000000000000000000000000000F000003F80020FFC0079F0E007FC06003FE0E000FFFE000FFFE001E3F8001C000001C000001C000001800000380000038000001C018001E0FC000FFFC000FFC00000C0000000000000000000000000000000
800000000000000000000000006000001F000007F00001FF00003E700003CE000079C00003F800003FC00001FE000038E0000F070001E07000380F000F01E000F83C001F8F8001F3F000183E000003800000000000000000000000000000000000000
70000000000000000038000007C000007C000007C000007800000F800001F000001E000001E000003C000003C0000078000007800000F000000F800000FF30000FFF80007FF80001FF000000200000000000000000000000000000000000000000000
800000000000000000000000000000000000000000000001E00003FB0000F03000180E000181C00010700001BC00001F000003C00000FC00003CC000071C000061800004F00000FE00000780000000000000000000000000000000000000000000000
40000000000000000100000018000003000000300000030000003000000600000060000006000000200000060100007FF00007FF00006030000606000040E000040C0000C1C0000C180000C1800000000000000000000000000000000000000000000
00000000000000000000000000000000FE00007FF8001FFF8007FFFC00FFFFC00FFFFE00FC0FE00F007E00E007E01E007E01EC07E01EF07C01FF8FC00FFFFC00FFFFC007FFFC007FFF0001FFE000001C0000000000000000000000000000000000000
3000000000000000000E000001F000001E000007000000F000000E000001C000001C000001C000001C000000F000000F800000F000003E000007800000F1E0001E7E0001FF80003FC00001C0000000000000000000000000000000000000000000000
20000000000000000000000000000000000000EFF8003FFFC0000004000000C0000030000006000000C0000030000006000000C0000010000006000000C00000080000010000001000000100100018060000E7C00007F000000000000000000000000
500000000000000038000007E00000600000060000003000000307C0001FFC0000FCC000000C000000C000000C000000C000000C000000C000000C000001C000001C000681C4003FFFC0001FE00000000000000000000000000000000000000000000
800000000000000000000000318000071C0000E0C0000E0E0000C0C000040C000061C000039C00001F8000003800000F800000FC00001EC00003CC000038C000031C0000638000007800003F000001E00000000000000000000000000000000000000
1000000000000000000000000000000100000038000003C000003C000001E000001E000001E000001E000001F000000F000000F000000F000000F000000F000000F800000F800000F8000007000000700000020000000000000000000000000000000
300000000000000000000000000000006000001FF00003FF80007FF80007FF8000FC78000F800000F800000FC00000FE00000FE00000FF00001FE00001FC00000FC00000FF000007FC00003FC00001FC0000010000000000000000000000000000000
400000000000000000000000C000000C000000C000000C000000C000000C000000C000000F800001FF00003FFC0003C3F0000C030000C030000C038000C03000040700000070000006000000600000060000000000000000000000000000000000000
900000000000000001C000003C000003C000003C000003C000003C000003800000380000038000007800000702000073F00007FF00007FF0000FCE0000F0E000061C000067800003E000001C000000000000000000000000000000000000000000000
70000000000000000006000000F000001E000007E000007800003F000007E00000FC00000F800003E000003C000007800000F000000E00000070000003E000003FFF0000FFFC0003FFC00000FC0000000000000000000000000000000000000000000
00000000000000000000000000000001F80001FFF0001FFF8003E1FC003E03E003E01F003E01F003E01F003E03F003E07E003E07E003E0F8003E3F8003E7F0003E7E0001FFC0000FF800007E000007E00000100000000000000000000000000000000
800000000000000000000000FC00001FF80003DFC0003C1C0001C0E0001E0E0000F8E00007CE00001FE00000FC000007C00000FF00003E7C007FE3E007F00E000600E000701E0003FFC0003FF00000FC0000000000000000000000000000000000000
200000000000000000000000000000000000000030000C1FE001F7FE001FF860007FFE0003FFC0007000000E000000C000001C0000018000001807000181F000187E0001CFC0001CFC0000FF00000FE00000380000030000000000000000000000000
6000000000000000000000000000000000000000000007FE00001EF00003E30000C618001861800306080020C0800618080063018006E018007C010007003000000300000020000006000000C000000C0000018000001000000200000000000000000
00000000000000000000000000000007E00000FF80001FFC0001F1E0003E0E0003C0F00038070007807000780F80070078007007800700F800780F000781F0003C1F0001E3E0000FFE00007FC00001F800000E0000000000000000000000000000000
80000000000000000000000003C00000FE00001FE000018E000039C000033800003F800003F000007F000003E000003C000003C000007C000007C00000FF80000EF00000CF00000CF00000FF00000E300000000000000000000000000000000000000
6000000000000000000000000000000000000000000001FE0001FFF8003FFF8007CF3C0060F1C00C0E1E01C0E1E01C1E1E01C1C1E00C3C1E00E780E00FF01C007E01C003801C000001C000001C0000018000001800000000000000000000000000000
900000000000000018000001800000180000018000000800000080000008680000CFE0000FFF0000FC30000F038000C018000C018000C038000C070000E0F0000E1F00007FE00007FC00003F000000000000000000000000000000000000000000000
2000000000000000000000000000000000000000F800003F800007080000C180001C70001FFE0007FF8000030000003000000300000030000002000000600000060000006000000200000030000003C180000FF000007800000000000000000000000
500000000000000000000000000000003F000003F800003FC00007FC000039C000038C00003C000001C000001C000001C000001C000001C001FE3C003FF78001FFF80007FF000003E000001C000000000000000000000000000000000000000000000
900000000000000006000000600000060000007000000700000070000003000000380000038000003F000003FE000070F000070380007E180003C18000181800018380001C780000FF000007C00000000000000000000000000000000000000000000
00000000000000000000000007000001FC00003FE00007060000E070000C03000180B000180B000300F000300B000301B000301B000201B00020130003036000303E000307C0003CE00001FC000007800000000000000000000000000000000000000
4000000000000000000000003800000380000038000007000000700000070000007000000FF00001FFC0000FFF8000E0F8000E038000E038000E030000E0F0001C0E0001C0E0001C0C000080C00000080000000000000000000000000000000000000
80000000000000000000000007C00001FE00003FE000039E000031C00003180000338000037000003F000001E000001F000003F8000079C0000F0C0000E3C0001E7C0001EF80001FF00001FC00001E000000000000000000000000000000000000000
90000000000000000018000001800000300000030000006000000C00000080000018000001800000300000033C00002C4000078400006040000C0C0000818000023000002600000680000030000000000000000000000000000000000000000000000
5000000000000000000000000000000000000003F00000FF00001E1800038180007000000E000000E000000E0000007FF80001FF000000F000001E00601FC003FFF8000FFF00000060000000000000000000000000000000000000000000000000000
8000000000000000000000001B000003F80000F38000180C000100C000100C000180C000181C000061800003F800001F000000FC00001FE00003C60000F030000C030000C0E0000C1C0000FF000007C00000000000000000000000000000000000000
00000000000000000000000003800000FC00001CE0000386000030200006030000C030000C0300008030001803000180300010020001026000103E000103C000187800018E00000DC00000FC000003800000000000000000000000000000000000000
20000000000000000000000000000030000003800000381F000383F000187700018E60001DCE0000FFC00007F000003800000700000060000006000000600000070000007000000380C0001C1C0000FF800007E000000000000000000000000000000
6000000000000000000000000000000000000000000001F800007FC0000E0E0003C060007003000E0F3000C03300080330008073000C0E3000E3C30007E0600018060000006000000E000000C000000C0000008000001000000100000000000000000
8000000000000000000000001E000003F0000061800004180000C18000061000006100000330000036000001E000000E000000F900001BF000019F8000307800031C0000238000066000007C000007000000000000000000000000000000000000000
500000000000000000000000000000007F00000FF80001E00000380000070000002000000300000018000000C7000007F000003F000000E000001C00003FC000FFF8007FFF00000000000000000000000000000000000000000000000000000000000
20000000000000000000000000000000000000000000001FC00007FC0003F0C0003C0C0007F08000E7F8001C3F00018040001800000180000018000003800000180000018000000C000000E000000E00000076000003C000001800000000000000000
30000000000000000000000007800007F80001FFC0001FB80001C000001C000000F000000FE000007FC00003FE00001FE00003F400003C000003818000381C000383C0003C780001FF80000FF00000FC0000000000000000000000000000000000000
10000000000000000000000000000000C000001C000001E000000E000000E000000E000000E000000E000000E000000E000000E000000E000000E000000E000000E000000E000000E000001C000000C000000C0000000000000000000000000000000
10000000000000000000000004000000E0000006000000E000000E000000E000000E000000E000000E000000E000000E000001E000001E000001C000001C000001C000001C000001C000001C000001800000000000000000000000000000000000000
00000000000000000000000000000001C000007F00000F180001E0C0001C06000380300030030007003800600180060018006001800600180060018006001800700180030030001007000000E00000FC00000F0000000000000000000000000000000
60000000000000000000000000000000000000FE00001FF80003BFC00071CE0006187000438300043038007F018007C018001000800000180000018000001800000380000038000007000000E000003C00001FC00001F000000000000000000000000
800000000000000000E00000090000010C0000184000008600000FE00000F800001C00000360000062000004300000C1800008180001808000180C00018040001806000080E00007BE00001F800000000000000000000000000000000000000000000
8000000000000000007000000F800001F800003B80000730000077000007E000003C000003C000003C000007F00000E780000C3E0001C0F000180700018070001C1F0001FFE0000FFC00003F000000000000000000000000000000000000000000000
600000000000000000000000000000003C000007F00001FF00007FF8000FC78001F078003E07800783F00039FF0003FFE0001FFE00007FC00000F800000F800001F000007E00000FC00003F000007E000003C00000000000000000000000000000000
2000000000000000000000000000000000000007C00001FF000FF810000F01800078180007C18000EF10000E7B0000C1E0000E0C0000E000000E000000E000000E00000070000007018000707000038E00001F8000006000000000000000000000000
30000000000000000000000000000007FE0003FFF000FC06000E000000C000000E000000700000070000003C000001F0000007FF00001FF000003C000007000000E000000C030000C0F0000FFE00003F0000000000000000000000000000000000000
000000000000000000000000000000001C000003E000007E00000F600001C7000038700003060000706000060E000060C0000C1C0000C380000C700000CE00001DE0000178000017800003F000003E000001C00000000000000000000000000000000
1000000000000000000000000000000018000001800000180000038000003000000700000060000006000000E000000C000001C000001C000001C000001C000000C000000C000000C000000C000000C00000000000000000000000000000000000000
30000000000000000000000000000000F800007FE0000C038001800C00100000010000001000000180000018000000C0C000071E00001FC000006000000C000000C000001C000001C000000C08000073800001E000000000000000000000000000000
900000000000000001C000001C000001C000001C000001C000001C000001C000003C000003D800003FE00003FE00003EE00003860000786000078E000070C000071C000039800001F8000007000000000000000000000000000000000000000000000
8000000000000000000000000C000007E00000FF80000FF80001E380003C38000383800038780001E780000FF800007F800003FE00003FF80007E380007C3C0003C780003FF80003FF00003F800000E00000000000000000000000000000000000000
8000000000000000006000001F800003F800007DC000070C000030C000039C00001DC00000FC0000078000007C00000FE00001FF80003E380047C1C00FFC3C007F8FC007FFF80013FE00000F800000000000000000000000000000000000000000000
00000000000000000000000000000000FF00007FF8001FFFC001F01C003C01C007001C00F001C00E001C00E003800E003800C007000E00F000600E000601E000701C00038380003C704001FFBC0007FF00001FE000000000000000000000000000000
600000000000000000000000000000007000000F800001D80000398000039C000071800003F800003F80000038000003800000300000070000007000000E000000E000001C000003C000007800001F000001C00000000000000000000000000000000
600000000000000000000000000000000000003D00001FFC000393E000200F000401D800C018C00E078C007FF0C007FC0C001F00C000001C000001800000380000070000006000001E000003C000027800003E000003C000000000000000000000000
4000000000000000000000001800000380000038000003800000380000078E000079F00007FF80007FF80007E380007038000E070000E070000E0F0000E0F0001C0E0000C0E0001C0E0001C040000C000000000000000000000000000000000000000
70000000000100000030000003800000300000070000007000000E000000E000001C0000018000003800000300000070000006000000E000000E000000FFE0000FFFC0007FFC000000C00000000000000000000000000000000000000000000000000
10000000000000000000000004000000400000040000004000000400000040000004000000400000040000004000000C00000040000004000000C0000004000000C000000C000000C000000C000000800000000000000000000000000000000000000
500000000000000000000000000000007000001FC0000786000060400006000000C000000C000000400000030000001800000070000003000000300000030000003000000300000030000003800003F80000F80000000000000000000000000000000
50000000000000000000000000000001FE00003FF00007FFC000FFFE000F00E001E006000F006000F00200078000007C000003E000001F8000007C000001E000000F00003FF00007FE0007FFC0007FC00007800000000000000000000000000000000
2000000000000000000000000000000001C0000FFE0003FFE000FFFF001FFFE007E9F800703F00000FC00001F800007E00000FC00001F800001E000003C000003C000003C0E8003FFE0001FFC0001FFC00007C0000000000000000000000000000000
500000000006000000F000000F800001FC000018000001800000180000018000001C000001C000001C000000C000000FF000007F800003F000003F00003FE0003FFE0003FE40007F80000000000000000000000000000000000000000000000000000
80000000000000000000000001E000007700000C30000183000030300007060000606000060C0000718000073000003E000001F800003FC000070C00006060000C060000C0C0000C180000FF000000E00000000000000000000000000000000000000
700000000000C000000C0000018000003800000300000070000007000000E000001E000001C000001C0000038000007800000700000070E0000F7F0000FFF8001FE00001F800000C00000000000000000000000000000000000000000000000000000
00000000000000000000000000000000000000000000000000017C00001FE000038F000070380007038000201C000201C000201C08030187801800C000C01800060380003FE00000FC000000000000000000000000000000000000000000000000000
2000000000000000000000000000001003000380F0007FFF8003FFF0000FFE00001FC00001F000001E000001C00000380000070000006000000E000000E000001C03C001C07C001DFFC000FFE0000FF80000740000000000000000000000000000000
10000000000000000000000000000000E000001C000001C000001C000001C000001C000000C000001E000001E000001E000000E000001E000001E000001E000000E000000E000000E000000E000000E000000C0000000000000000000000000000000
0000000000000000000000000F000003FE0000FFF0001FFF0003F078003E038003C01C007801C007801C007801C007801C007001C007003C007003C00780780078078003FFF0001FFF0000FFC00003C00000000000000000000000000000000000000
1000000000000000000000000C000000C000000C000000C000000C000000C000000C000000C000000C000000C000000C000000C000000E000000600000060000006000000600000020000007000000600000000000000000000000000000000000000
0000000000000000000000001E000003F000007380000E1C0000C1C0000C0C000080C000180E000180E000180E000180E000180C000180C0000C1C0000C0C0000C1C000061C000071C00003F800001F00000000000000000000000000000000000000
7000180000038000003800000300000070000006000000E000000C000001C000001800000380000030000006000000E000000C000001C0000018000003FFFE003FFFE003167C000000000000000000000000000000000000000000000000000000000
100000000000000000000000000000008000001C000000C000000C000000E000000E000000E000000E000000E000000E000000E000000C000000C000000C000000C000000E000000E000000E000000E00000040000000000000000000000000000000
0000000000000000000000001F000007FC0000E0E0000C06000180700018030001003000100300010030001003000100200018060001806000082C000082C0000C7C0000C7800006F800007F000003E00000000000000000000000000000000000000
30000000000000000000000000000001FF00007FF8000FFF0001FFF0003F030003E000003F000003F800001FE00000FFC00007FC00003F800001F000003E000007C000007FF00007FE00007FE00003FC00000F8000000000000000000000000000000
900000000000000000C000001C000001E000001E000001C000003C000003C000003C000003C000003C000007FC00007FE00007FF00007FF0000F87000070F00007FE00007FE00003FC00000F000000000000000000000000000000000000000000000
20000000000000000000000000000010000001800000180F0001E1F8000F7180007E300001FF00000F800001C000001800000380000038000003800000300000070000007000000703800070F000077C00007F0000000000000000000000000000000
500000000000E000001F000007F000007100000E000001C000001C000000C000000C000000E000000600000038000001C0000006000000E00000DE0001FFC003FFF8003FE380018000000000000000000000000000000000000000000000000000000
30000000000000000000000007C00003FF00007018000C0080008000001800000180000018000001800000180000018000000800000081C0000C7800007F000003C00000300000020000003BF00001FC0000000000000000000000000000000000000
20000000000000000000000000000030060003E1E0001FFE00007FC00001FC000007800000F000000E000001C000003C000003800000380000038000007800000386000038600001CF00001FF00000FF0000038000000000000000000000000000000
2000000000000000000000000000000000000000E000001E00018320000C6600006C400003CC00001C800001F00000100000010000003000000300000030000003000000200000020000002000000200000030000001F000000000000000000000000
900000000000000000C000000E000001E000001C000001C000001C000003C0000038000003D000003FC00003FC00003F600003E600003CE000078E000078C000039C00003D800000F8000003000000000000000000000000000000000000000000000
80000000000000000000000007E00001FF80003C7800070380007018000E038000C038001C07000180F0001C1E0000E3C0000FFC00007FE00007CE000074E0000ECE0000EFC0000FF800007F000003C00000000000000000000000000000000000000
3000000000000000000000000F800003FE0000FFF0001E038003C000003800000780000038000003C000003F000000FF080003FFC0000FF80001FE00007E000007800000F8040007FFE0001FFC00003F8000000000000000000000000000000000000
200000000000000000000000000000003D00001FF00007070000806000000E000001C000007000000E000001C0000038000007000000C00000180000030000007000000600000030000001C0000007FF80001FF000000000000000000000000000000
20000000000000000000000000000000000002000000380000018020000C0F800061EC00073860003F060001E0C0001F5C0003DF0000780000070000004000000C000000C000000C000000600000070000001C000000C000000000000000000000000
9000000000000000006000000E000000E000001E000001E000000E000001C000001C000001C000003DC00003FF00003FF00007F700007C7000078E000071E0000E3C0000EF800005F000000C000000000000000000000000000000000000000000000
50000000000000000000000000000007E00001FE00001F900003E000001E000001FA00001FFFE0007FFE0003FFE000027E000007C00000F800001E000003E00000FE0000FFC001FFF8000FFC00001E000000000000000000000000000000000000000
200000000000000000000000000000000000001FE00007FF8000FC3C001C03C003007800000F000001E000003C000007C00000F000001F000003E000007C0000078000007000000F000000600000078000003E000000F000000000000000000000000
900000000018000001800000180000018000001800000180000010000003000000300000030000007FE00007FF0000E038000E010000C030000C070000C060000E3C00003F800003C0000000000000000000000000000000000000000000000000000
900000000000000000C000000C000000C000000C000000C000001C000001C00000180000018000003F800003EC00003C600007860000306000000E000030C0000318000037800003F000000C000000000000000000000000000000000000000000000
000000000000000000000000000000003C00000FE00001CF000038780007078000E038000C038001C078001C07800380F800380F000380F000380E000381E000383C00038F800038F00001C000000EE000007C0000000000000000000000000000000
60000000000000000000000000000000000000300000078000001B800001FC00001CC000078E0000F8E0001F0E000330C000360C0003E0C0003C1C000181C000001800000180000038000003000000300000030000002000000000000000000000000
10000000000000000000000000000000C000000C000001C000001C000001C000000C000001C000001C000001C000001C000001C000001C000001E000000E0000006000000C00000060000006000000600000060000000000000000000000000000000
50000000000000000000000001E000007F00000FF80001C180003808000300000060000006000000E000000C000000C000000C06000043F00007EA0000006000000C00000380000FF00001FE00001E000000000000000000000000000000000000000
1000000000000000000000000C000001C000001C000000C000000C000000C000000C000000C0000008000000800000084000008C000008C000009800000B800000F800000F00000010000003000000200000000000000000000000000000000000000
6000000000000000000000000000000000000000000001E000007F00000FB80000D9800019CC00019CC000118E0001186000118600019860001B060000F060000E0600000060000006000000600000060000006000000600000040000000000000000
20000000000000000000000000000000000000000000001C0003FFE001FFFF003FFFF000FFFF0007FFE000007E000007C00000F800001F000001F000001E000001E000001E080001FF80000FF80000FF400006C000000000000000000000000000000
200000000000000000000000000000003800000F800003F800007F00000FF00001EF00003CE000078E0000E0E0001C0C0C0180C040000C0C0000C0C0000C0C0000C180000E380000FF000007E000003C0000000000000000000000000000000000000
2000000000000000000000000000000018000007F00000E78000F83800078100003C300007FF000067E0000E080000C000001C000001C000001C000001C000001C000001C000000F0000007E400003FE000003E000000000000000000000000000000
900000000000000006000000600000060000006000000400000040000004000000C3E0000C770000CC38001F818000F018000C01800000180003830000707000060E000033C00003F800001E000000000000000000000000000000000000000000000
600000000000000000000000000000000E000005F00000FF00001F780001C700001C700000CF00000EE000003E000001C0000038000007000000F000001E000001C00003F80000FF00001FC00001F800000F000000000000000000000000000000000
700000000006000000E000000E000000C000001C000001C000001800000180000018000003800000300000030000003018000301800070380007FF00007FF000073E000000E0000004000000000000000000000000000000000000000000000000000
700000000000000001C000001C000001C000001C000000C000000C000000C000000C000001E000007F80001FFE0003DF000001C000001800000180000018200003BFC0003FFC0007F8000038000000000000000000000000000000000000000000000
500000000000000000FE00001FE00003FF0000F800000F000000E000001C000001C000001C000000C000000FC380007FF80001FF800007F80000070000007000003E0001FFE0003FFE0001FE400000000000000000000000000000000000000000000
300000000000000000000000000000003F00001FFE0003E1F000780F000E001800E000C01E000400F0000007C000003F000000F800000F000001E000003C000007800000E0C0001C3C0003FF80003FF00003F80000000000000000000000000000000
9000000002000000100000018000000C000000C0000004000000600000060000006000000600000061F8000460C000580C000F00C000E00C000E008000A018000903000018E00000F8000000000000000000000000000000000000000000000000000
30000000000000000000000000000001F800003FFE0007FFF000F03B000E000000E0000006000000600000038000001F000000F800000F800001F000003E00000FC00001F000001E780001FF80001FF00000F80000000000000000000000000000000
20000000000000000000000000000018000001C060001E1F0001FFE0000FFE00003FC00000F000001C000001C00000380000038000003800000380000038000003838000387000038F00001FE00001FC0000078000000000000000000000000000000
500000000000000000000000000000007C00001FF0000FFF0001F0F0003803000380300038000003800000380000038000001C020001FFF0000FFF00007FF0000076000007E00001FE00003FC00003880000100000000000000000000000000000000
300000000000000000000000000000000000000FE00003FF80007C78000E01C000C01C001C01C0018038001803000180000018000000C000000E3000007F000003F000000C000000C000000C300000CF00000FE000003C00000000000000000000000
4000000000000000000000000C000000C000000C000000C000000C000001C000001DC00001FC00003F8000039800001B000003B00000330000036000003600000360000022000000300000038000001C0000000000000000000000000000000000000
100000000000000000000000000000003800000380000038000003800000780000070000007000000F000000E000000E000001E000001C000001C000001C0000038000003800000780000070000007000000200000000000000000000000000000000
50000000000000000000000003800001CE00003030000600C000C0000008000001800000100000010000001000000101800018380000C6800007C80000388000001800001F00000338000036800001C00000000000000000000000000000000000000
1000000000000000000000000400000060000006000000600000060000004000000C000000C000000C000000C000000C000000C000000C000000C000000C000000C000000C000000C0000018000000800000000000000000000000000000000000000
30000000000000000000000000FC00003CC0000F000001C000003800000700000060000004000000C000000400000070800003F80000038000006000000C00000183000038E000073C00007F000003C00000000000000000000000000000000000000
600000000000000000000000000000000000000F800007FE0001FFF0003FFF0003E070003C070003E070001F870000FEE00007FE00003FE000007C00000F800001F800001F000003E000007C00000F800000F000000E0000000000000000000000000
30000000000000000000000003C00000FF00001E3800038060006002000C000000C000000C000000C000000C0000007F800003F800001E0000038000007000000E000000C000000C038000FFF80001FC0000000000000000000000000000000000000
20000000000000000000000000000000000000006000003F000007F8000FFF8001FFF80007FF00007FE0000FF00000E000000C000000C000000800000080000008600000C600000CE00000FE000007C00000780000030000000000000000000000000
900000000000000000C000000C00000080000018000001000000300000077E00007FF0000FF70000F038000E030001C0300018030000006000000E000201C00038380001FF00000FE0000020000000000000000000000000000000000000000000000
500000000000000000000000000000000000000000000000000000F800007FE0000F860001C0000018000001F000001F8000007800000F80000FF0001FFF0000FFC000000000000000000000000000000000000000000000000000000000000000000
1000000000000000000000000060000006000000E000000C000000C0000018000001800000380000070000007000000E000000C000000C0000018000001800000300000070000006000000E000000C000000000000000000000000000000000000000
1000000000000000000000000000000060000006000000E000000E000000E000000E000000E000000C000000C000000C000000C000000C000000C000000C000000C000000C000000C000000C000001C00000080000000000000000000000000000000
3000000000000000007E00001FC00003C000007800000F000001E000001C00000180000030000003000000300000038000001CF00001FF18000FF3C0007F7C0003FF80007FF80007FE000039800000000000000000000000000000000000000000000
9000000000000000007000001FC00001FE00003800000380000070000007000000604000061F000063F80006738000EE38000FE38000FC38000F870000F8F0001F1E0001F7C0000FF000007C000000000000000000000000000000000000000000000
900000000007000000F000000F000000F000000E000000E000001E000001E000001C000001C00000380000038000003C000003FC00003FE00007FE000079C00007FC00003F800001F0000000000000000000000000000000000000000000000000000
000000000000000000000000000000000000001F800007FF0000F078001C018003000C003000C003000C003000C003000C003000C003800C001800C001C018001C818000FC180007C300000230000006000003C000001800000000000000000000000
50000000000000000000000000000003E000007F800007FE0000E0E0000E03000060200006020000700000070000003C000001E000000F0000007C000001C000000E000001E00001FC00007F000007E000001C0000000000000000000000000000000
40000000000000000000000004000000C000000C000000C000000C00000180000018000001FE00003FE000030600003060000604000060C000060C000060C0000C080000C180000C180000C1800008080000000000000000000000000000000000000
6000000000000000000000000000000000000000000000F000003F000007180000C380001C3C000187C00018FC00039DC0001B9C0001F180000C180000018000001800000180000018000001800000300000030000003000000100000000000000000
200000000000000000000000000000003800000EE000008700001810008181000E18100073010001B030000F0600007FC00003F0000020000002000000200000020000002000000300000038400001DC00000F0000000000000000000000000000000
50000000000000000000000000000000FE00003FF00007FF80007C7C000F038000E038000E000000E00000070C000071C00007FC00007FC00003FC00003FC00003FC00007FC00007F80000F3800006080000400000000000000000000000000000000
500000000000000000000000000000003800000FE00001FF00001838000301000038000003C000001FC00000FF000001F800000380000030001FFF003FFFC003FFFC007E7F80000000000000000000000000000000000000000000000000000000000
300000000000000000000000000000003F00000FFC0003C0E00078000006000000C000000E00000070000001C000000E0000007000000F800003F800007000000E000000C000000E000000FFC00003FC000003C000000000000000000000000000000
8000000000000000000000003E000007F00000FF80000E1800006180000718000039800003F800001F000000F000001F000003F8000079C000070E0001F070001F070003B3F00033FE00003FC00001C00000000000000000000000000000000000000
40000000000000000000000060000006000000600000060000003000000306000030F000031E000033E000037E0007FFE0003FC6000078C000030C000030C000030C000030C0000198000019800001000000000000000000000000000000000000000
800000000000000000000000000000003E00001FF0000383000020700002070000306000018C00001DC000007800001F800000180000038000007800003D80000F180000E180000C300000E7000007E00000380000000000000000000000000000000
80000000000000000000000007800001FC000078C000060C0000C0C000081C00018380000C300000C700000EE000007C000003FC00003BFE000707E000E07C001C1E000187800038E000073C000047000000000000000000000000000000000000000
5000000000000000000000000F800003FF00007038000E018001C00800180000018000001C000000E00000070000001E0000007E000001F00000070000007000000E000007E0000FF80007FC00001C000000000000000000000000000000000000000
4000000000000000018000001C000001C000001C000001C000001C000001C000001C000001C000003F00000FFE0000FFF00007CF00001CF00001DE00000FC00000FC00000780000070000002000000000000000000000000000000000000000000000
20000000000000000000000000000000000000000C0001C1C0003E3C000677800043F8000C1F000003C000007000000E000001C0000018000003800000700000070000007800000F800000F000000F000000E00000040000000000000000000000000
8000000000000000000000000E000001F800003B8000031800003180000338000033800003B000001B000001F000000E000000E000000F000000F800001DC000019C00001B8000037800003F000001C00000000000000000000000000000000000000
80000000000000000000000000000000F800003F8000079C000060C0000C0C000180C000180C000301C000307E00031FE0001FE30000FC30000F830000C060000C0E000081C0000C1C000067800003E000001C0000000000000000000000000000000
200000000000000000000000000000000C000003E000007700000E700003E700003FE00001F80000380000038000003000000700000060000006000000600000060000006000000608000071800003F800003F0000000000000000000000000000000
00000000000000000000000000000000000001E000007F8000073F0000E0F8000C03F000C00F800E003E00E000E00600070060007007000E007000E003C01C001E03C0007C780003EE00000FC00000700000000000000000000000000000000000000
30000000000000000000000007000007FC0003FFF0003FFF0007FCF0007C00000780000078000003FB00001FFC0000FFC00007F800007C000007C000007800000FFFE0007FFE0007FFE0001FFE00003F0000000000000000000000000000000000000
900000000000000000180000018000003800000300000070000007000000E000000C000001C0000018000003F000007F8000070C0000E060001C060001A0C000021C000023C00003F800001E000000000000000000000000000000000000000000000
800000000000000000F000001FC000071C00006040000604000060C000070C000030800003B800001F000000E0000006000001F000003B800007180001E0C0007C06000F80E0000FFE00007FC00000000000000000000000000000000000000000000
600000000000000000000000000000000000000F000001F800001FC00001CC000019C000039C000039C000019C00001F800001F8000007800000F000001F000001E000003C0000038000007000000F000000E000000C0000000000000000000000000
2000000000000000000000000000000038000007C00000FE001F3E6001FFC70000FE700007FF000077E0000E000000C000000C000000C000000C000000C000000C000000E00E0007E1C0007FFC0001FF800003F000000000000000000000000000000
500000000000000000000000018000007C00000F800001C00000380000070000006000000C000000C000000C0C0000C3C0000FFC00007EC000038C00000080000008000000800003F80000FFC0000E000000000000000000000000000000000000000
8000000000000000000000007000000F800001FE00001DE00001C700001C300000E300000E300000F7000007F000003E000001F000001F800003FF800031F8000307800070380007FF00007FC00003E00000000000000000000000000000000000000
30000000000300000020000006000000C00000080000018000001800000300000030000003F000001F0000007000000C0000018000003800000300000030000001C600001FF0000078000000000000000000000000000000000000000000000000000
9000000000100000038000003000000300000030000003000000300000030000003000000308000037E00003FF00003FF00007830000F030000F070000FFF00007FE00007FC00003F0000000000000000000000000000000000000000000000000000
000000000000000000000000000000003800000FE00001FE00007FE000078E0000F070001E070001C070001C070003C070003C070001C070001C060000E0E0000F0E000073C0000F780000FF00000FE000007C0000000000000000000000000000000
6000000000000000000000000000000000000001C000007E00001C300007030000C09000180D0002005000400D000C01B000803300080E300083C2000FE060007806000000C000001C000001800000300000070000006000000000000000000000000
8000000000000000000000003C00000E30000080C0000804000080400008060000C04000030C000019C00000F0000007000000F000001900000118000060C000060C000040C0000C08000075800000700000000000000000000000000000000000000
70000000000380000038000003800000380000038000003000000700000060000006000000E000000C000001C00000180000018000003800000300000061C00006FF00007FE0000780000000000000000000000000000000000000000000000000000
9000000000000000000000000010000003800000F800001E0000038000007000000E000001C00000380000038000007800000FC00000FE00000CF00000C380000C180000C3C000047800007E000001800000000000000000000000000000000000000
50000000000000000000000003E00000F100001C0000038000007000000E000000C000000C0F0000E7F80007F1800000300000030000006000000C000001800000100000030000F0200003FFC00007F00000000000000000000000000000000000000
400000000000000000000000018000003C000003C00000780000078000007800000F800001FF00003FF80007F78003F83800078F8000F0F0000F1E0000E180001E000003C000003800000780000070000000000000000000000000000000000000000
00000000000000000000000001000000FE00001FF00007CF80007878000F078001E078001E078001C038003C078003C078001C070001E0E0000F0E0000F9E0000FFE0000EFC0000EF80000FF000003E00000000000000000000000000000000000000
8000000000000000000000003F800003FC0000E0C000100C000000C000201C000203C00020780002038000303800018FC0001FFE0000FFE00007EE000060E000043E000043C000047800007F000003C00000000000000000000000000000000000000
80000000000000000000000000000006000001F800000FC000007E000007E000003E000003E000003C000007E000007F00000F300003C1E0007FFFF007FFFF801FFFF8000270000000000000000000000000000000000000000000000000000000000
70000000000000000030000003800000380000038000003800000380000038000003800000380002078000FFFE000FFFE0003FFF00001F000000E000000E000001F000001FF00000FF000007F00000000000000000000000000000000000000000000
3000000000000000000000000000000000000007F80003FFC0007FFC000F81F001C007001C006001C000001C000001C000001EFC0000FFC00007F800007800000F000000C000001C000001C780000FF80000FF0000070000000000000000000000000
20000000000000000000000000000000000003F800007FF00007FF0001F0700018070000007000000F000000F000000E000000E000001E000001C000001C000001C000001E1C0000FFE00007FC00003F0000000000000000000000000000000000000
000000000000000000000000000000003E000007F80000E180001818000300C000600C000C008001800800300180020018006003000600300060030004006000600C000780C0003FF800001B800000F00000060000000000000000000000000000000
7002000000200000020000002000000600000020000002000000200000020000002000000200000060000004000000400000040000004000000D6F8000FFFF00001CF0000000000000000000000000000000000000000000000000000000000000000
30000000000000000000000000000001F800007FE0000FC70001E030001E000001C000001C000000C00000060000003F000001F000000E000001C000003C000003808000783C00070F800073E00007F800001C0000000000000000000000000000000
900000000000000003000000700000078000007800000380000030000007000000700000077800007FE00007FE0000787000070300006030000E070000E06000060E00007FE00003FC00000F800000000000000000000000000000000000000000000
30000000000000000000000000000001F80000FFE0000FFE0003F870003C070003C06000780000038000003C010003FFF8001FFF8000FFF00003F80000FF3F000FFFF800FFFF800FFF80001E000000000000000000000000000000000000000000000
40000000000000000000000060000007800000F800000F800000F800001FDE0001FFF8001FFFC003FFFC003FFFC007FFFC007C0F800FC1F800F81F801F03F001E03F001E03E000003E000003C00000180000000000000000000000000000000000000
7000000000000000000800000180000018000001000000300000060000006000000C000001800000180000030000002000000604000040C0000C0C000060C000038C00001FC000007C000001800000000000000000000000000000000000000000000
200000000000000000000000000000001E000007F00007FE0001F3C000707000040E000003C000007000000F000000E000001C000001C000001C000001C000000E00000038000003E000000FF800003FC00000F800000000000000000000000000000
100000000000000000000000000000018000001C000003C000003C000001C000001C000000C000000C000000C000000E000000E000000E000000E000000E000000F000000700000070000007000000700000030000000000000000000000000000000
6000000000000000000000000000000000000000000003F80000FFC0001FFF0001FFF0003FFF8003FF78003FE70001FC7000000F000001E000003C000007C00000F800001F000003C0000038000007800000F000000E000000C000000000000000000
2000000000000000000000000008000003800000F0000FFC0000078000006000000C00000180000030000006000000E000000C0000008000000800000080000008000000C00000060300007FF00001F80000000000000000000000000000000000000
50000000000000000000000007000003FE0000FFF8001F008001C000001C000001E000001F000000F8000003F000001FE000007F8000007C000001C000001C000007800800F800FFFE0007FFC0003FE00000000000000000000000000000000000000
300000000000000000000000003800001FC00007FC0001FFC0003F08000780000070000006000000600000032000003F000001F000003F000007C000007000000E000000C000000F3C00007FE00001FE0000000000000000000000000000000000000
1000000000000000000000000000000004000000C000001C0000018000003800000380000070000007000000E000000E000000C000001C000001C000001C000001C000001800000380000030000003000000300000000000000000000000000000000
600000000000000000000000000000000000003F000007FC0000E1C0000C0C0000C0E0000C0E0000E0E00007CE00003FE000003C000003C00000380000078000007000000F000000E000001E000001C000001C0000018000000000000000000000000
9000000000000000008000001C000003C000001C000003C000003C0000038000003800000780000077800007FE00007E700007030000F030000E030000E07000060E000063E00003FC00001F000000000000000000000000000000000000000000000
6000000000000000000000000000000000000003C00000FF00004FF8000C30C001830C003040C0060C0C00E101800EE01800FE0300070030000006000000E000001C0000038000003000000E000003C00001F800000F0000000000000000000000000
700180000018000000800000080000018000001800000380000038000003000000300000070000006000000E000000E000000C000000C000000C0FC000DFFE000FFFC0002000000000000000000000000000000000000000000000000000000000000
7000000000020000003000000200000060000006000000C000000C00000180000018000003800000300000070000006000000600000060000006000000400000020380003BF80000FC000000000000000000000000000000000000000000000000000
200000000000000000000000000000007000007FE00007FF000000E000001C000003800000300000060000006000000C000001C000003800000300000030000007000000700000070000003D000001FF00000FE000000000000000000000000000000
0000000000000000000000000F800003FE00007870001E038003001C00E001C00E000C01C000E01C000E01C000E00C001E00C001E00C001C00E00380060078007007800301F8001C5F80007FF00003F00000000000000000000000000000000000000
200000000000000000000000000000000000000000000007000003F800007F80003FF8000FFE0001C3C000007800000F000001E000003C0000038000007000000700000060000006000000300000038000001E000000F000000100000000000000000
5000000000000000018000007F00001FFC0001C0F00018030001C000001C000000E00000070000003C000001F0000007C000001E000000700000038000001C000019C0100F1C03FFFF803FF3F00000000000000000000000000000000000000000000
8000000000000000038000007C000007C00000FC00000F800000F8000007800000780000038000003C000007F0000023C000021E00006070000E038000F038001F8380001FF00000FE000007800000000000000000000000000000000000000000000
00000000000000000000000007000001F8000030C00006060000C06000080600010020001002000100200010060001006000100600010040001004000100C000081C0000C380000438000077800001E00000000000000000000000000000000000000
5000000000000000000000001F000003FC000071C000070600007020000700000038000001E000000F00000078000003E000001F000000700000038000003800F00F007FFFF0001FFE000000000000000000000000000000000000000000000000000
10000000000000000000000001000000300000020000002000000200000060000006000000600000060000006000000400000060000006000000400000040000004000000400000040000004000000C00000000000000000000000000000000000000
10000000000000000000000000000000C000000C000000C000000C000000C000000C000000C000000C000000C000000C000000C000000C000000C000000C000000C000000C000000C000000C000000C00000080000000000000000000000000000000
9000000003000000700000038000001C000001C000001E000001E000001E000001E000001E000001EFF0001FFF0001FFF8001FF78000F838000F8B8000EFF80000FF80000FF800007C000000000000000000000000000000000000000000000000000
70000000000C000000C000000C000000C000000C000000C000000C000000C000001C000001C0000018000003000000302000030200006020000606000060200007F600000FE0000006000000000000000000000000000000000000000000000000000
8000000000000000000000007C00000FF00001FF80003FBC0003C0C0007C0E00078060007807000380E0003C3E0001FFF0000FFF00003F180003C18000381E000381E0003C7C0001FF80000FF000007C0000000000000000000000000000000000000
100000000000000000000000000000004000000600000060000006000000600000060000004000000400000040000004000000C000000C000000C000000C0000008000000800000080000008000000800000080000000000000000000000000000000
70000000003800000380000030000003000000300000030000003000000700000070000007000000700000070000006000000701000030100007010000701800070180007FFE0007FFF00000000000000000000000000000000000000000000000000
50000000000000000000000000000000FE00007FE0001FFE0001E0000038000001C000001E000000FC000003FC00000FE000000E000000E000001C000001C00000380000038000007C0000FF80001FF00000F80000000000000000000000000000000
9000000000000000006000000E000001C00000380000070000006000000E000000C000000C000001C1E0001C3F0001C738000C618000C418000CC380006C700003CE000019C00007F000003E000000000000000000000000000000000000000000000
40000000000000000060000006000000E000000C000000C000001C00000180000038000003800000700000071F0000FFF8000FFF8000FC70001E07000181E000381C000383C0003038000103000000000000000000000000000000000000000000000
70000000000300000070000007000000F000001F000001E000003E000007C000007800000F000000F000001E000001E000001C000001C000001E000000F00E0007FFE0003FFE0001FF000000000000000000000000000000000000000000000000000
90000000000600000030000003000000300000060000007000000C000001C000001C000003C1800038FC000F7FC001FF18003F838003F070003E0E0000C1C0000EF00000FE000007C0000000000000000000000000000000000000000000000000000
80000000000000000000000007800000FC00001C600001820000186000039E000033C00003F000001E000003C000003C000007E000006700000C300000C1C0001C1C000181C00018780000FF000007C00000000000000000000000000000000000000
50000000000000000006000000F000001E0000038000007000000E000001C00000180000018000001C000000F8000007E000000F00000030000007003E016000FC3E0001F9C00007F8000007000000000000000000000000000000000000000000000
00000000000000000000000007C00003FF00007C78000E038001C01C001801C001801C003001C006001C006001C00E001800E003800C007000C007000600F000600E000601E000783C0003FF80000FE00000000000000000000000000000000000000
300000000000000000C000001C000001C00000380000070000006000000E000000E000000FE000007F800003F8000007800000F000001E000003C000003C000003C000001FF00001FF000007E00000000000000000000000000000000000000000000
700000000008000001C000003C000001C000001C000001C000001C000001C000001C000001800000180000018000001800000180000018000001800000387F0003FFF0003FC0000380000000000000000000000000000000000000000000000000000
50000000000000000000000003F00000FFC0003FFC0007C1C000F018000F000001E000000E000000F000000F8400007FF00003FF00000FE000000E000000E000001E0003FFC0003FF80003FE00000FC00000000000000000000000000000000000000
70000000000180000038000007000000F000001E000001C0000038000007000000E000001E000003C0000038000007800000700000070000007C01B807FFFF803FFFF0000224000000000000000000000000000000000000000000000000000000000
000000000000000000000000000000000000000FC00003FE00007FF0000FFF8001FFFC003F83E00FE03E01FC03E01F803E01F003E01E007E00F807C007FCFC007FFF8003FFE0000FF8000000000000000000000000000000000000000000000000000
3000000000000000000F000001F800003800000E000000C0000018000003000000700000060000006000000C000000E3800007F000003E000001C00000380C000303C00031F00003FC00003E000000000000000000000000000000000000000000000
3000000000000000007800001F800003FC00003FC00007F80000780000078000003C000003F000001FC00001FC00003FC00003F80000F800001F038001E0F8001C7F8001FFF0001FFC0000FF000000000000000000000000000000000000000000000
8000000000000000000000007E00000FFC0001FFE0001E0E0000E070000F07000078E00003CE00001CE00001FC00000F80000078000007C00000FC00001FE000078E0000F0F0003FFF00033FF000003C0000000000000000000000000000000000000
300000000000000000000000000000003C000007E00000C000001800000180000010000001000000100000018000000E000000E000001E00000380000030000006000000600000060000003C000000F80000018000000000000000000000000000000
00000000000000000000000000000000180000FFF8001FFFC003FFFC007FFFC00FFFFE01FFFFE01FF87C01FC07C01F00FC01E00FC01F01F800F83F8007EFF8007FFF0003FFE0001FFC0000FFC00003F000001C0000000000000000000000000000000
500000000000000000000000004000003F00000FF80001FF00001E600001C000001C000001F000000F8000007E000003F800000F800000F800007F807FFFF007FFBF007FF1C000FD00000000000000000000000000000000000000000000000000000
5000000000000000001E000003F800007080000E0000004000000C000000400000060000006000000300000038000001C000000C00000060000006000003E00001FE001FFF8003FFE0000002000000000000000000000000000000000000000000000
600000000000000000000000000000000000000F80000FFC00007060000E020001B0300019030001103000310100021018002301800210180023018002301800220180032018001E018001E0180000018000001000000100000000000000000000000
30000000000000000000000007800001FE00003FF80007078000E000000E000000E00000070000007C000003FE00001FE00001FC00003C0000070000007000000E000000E0700007FF00007FF00001F80000000000000000000000000000000000000
80000000000000000000000007000000F000003F0000073000006300000620000066000003E000001C000001FC00003BE0000307000030380006018000607800060E0000606000070C00003F800001F00000000000000000000000000000000000000
5000000000000000000000000000000000000001FC00007800001E00000380000060000006000000600000070000003FF00000E3800000180000018000003800000F000007C003FFF0000000000000000000000000000000000000000000000000000
60000000000000000000000000000000000000000000007000000F800001D8000039C000023C000063800006780000EF80000798000003800000300000030000007000000700000060000006000000E000000E000000C000000C00000000000000000
70000000000000000000000000E000000E000001F000001F000003E000003C000007C00000F800000F000001F000003E000003C000007C0000078000007800000F00000070000007F800003FC00001F80000000000000000000000000000000000000
8000000000000000000000001F8000039C000030C000020C000060C000060C00006180000318000033800001F000001F000000E000001F000003FE000079F0000E1E0000C000000C0000007F800003F80000000000000000000000000000000000000
80000000000000000000000007C00000FE000018600003060000306000030C000031800003B800001E000001E000001F00000318000060C000060C0000C0C0000C1800008780000FF00000FC000002000000000000000000000000000000000000000
30000000000000000000000000FC0001FFC0007FFC001FFF8003F860007E000007800000F000000F000000F800000FF800007FFC00007FE00001FE00007FE0001FF80001FFFE001FFFE000FFFE0000006000000000000000000000000000000000000
7000000000008000000800000180000018000001800000380000038000007000000FE00003FE00003FE000038000007000000F000001FC00003FF00003FFE0003FFF000001F0000003000000000000000000000000000000000000000000000000000
8000000000000000000000001C000003C00000760000076000006600000660000066000003E000001E000001F000001FC000018600003830000387000031F800033F00003F800001E000001C000000C00000000000000000000000000000000000000
100000000000000000000000010000001000000200000020000002000000200000060000006000000600000040000004000000400000040000004000000C000000C000000400000040000004000000400000000000000000000000000000000000000
7000000000030000007800000780000078000007800000F800000F000000F000001F000001E000003C000007800000F800001F000003E000007F800007FFF8007FFFE00307FE000000200000000000000000000000000000000000000000000000000
40000000000000000200000060000007000000700000070000007000000700000070000007000000710000077C00007FE00007FF00007C780007038000703800070380007018000701800030180000000000000000000000000000000000000000000
50000000000000000000000000000000FA0000FFF0001FFF8003FE1C007C004007000000700000070000001E000000FC000003FF000005F800000F800000F800000F000000E000003C0001FF80001FF00000E00000000000000000000000000000000
100000000000000000000000000000004000000C000000C0000004000000400000040000004000000C000000C000000C000000C000000C000000C000000C000000C000000800000080000008000000800000080000000000000000000000000000000
6000000000000000000000000000000000000007000003FC0000FFE0000FFF0001FFF0003EFF00038FF00061FF00043EF0006F9F0007F1E0003E1E000183E000003C000007C00000F800000F000000F000000E0000006000000000000000000000000
10000000000000000000000008000001C0000004000000400000060000006000000600000060000007800000780000070000007000000600000060000006000000C000000C000000C000000C000000800000000000000000000000000000000000000
000000000000000000000000000000000000003F80000F0F0003C038007001C00E000C01C000E01C000E018000E018000E018000E01C004C00C004C00C005C00600F800600C000301C0001C1800007F800001E0000000000000000000000000000000
4000000000000000060000006000000200000030000003000000300000030000003000000100000010000001FC00003FE000030600001040000104000010400001040000104000010C000000C00000000000000000000000000000000000000000000
80000000000000000000000000000000FC00003FE00007FE0000F9E0000F1C0000F7800007F000003F000003F800007F80000FFC0000C7E0001C1F0001C1F0001C3E0001FFE0000FFC0000FF800007E00000780000000000000000000000000000000
7000000000000000000300000030000007000000E000001C000001C00000380000038000006000000E000000C000001C000001800000300000030000007030003F870003FFE0003C00000180000000000000000000000000000000000000000000000
500000000000000000000000007800003F80000FF80001E000003C0000038000003000000700000070000007000000300000038000001FC00000FE000003E000003800000700001FF00001FF00001E000000000000000000000000000000000000000
100000000000000000000000000000008000001C000001E000001E000001E000001E000001E000001F000000F000000F000000F000000F000000700000070000007000000300000030000003800000380000038000000000000000000000000000000
30000000000000000000000003E00007FF8001FFF8003FFB8007F000003C000003C000001F000000F8000003C000001C000000E000001E000003E06000FC0E000F83E000FFFC000FFF80003FF00000FC0000000000000000000000000000000000000
60000000000000000000000000000000000000FC00003FFC000FFFE000F04F000C0E3801C071C00C031C00E0F1E007FE1C007FC1C001F01C000001C000003800000380000070000007000008E00000FE00000FC000003000000000000000000000000
100000000000000000000000000000000C000000C0000018000001800000380000030000003000000200000060000006000000E000000C000000C000001C000001C000001800000180000018000001800000100000000000000000000000000000000
800000000000000000000000000000005000001F800003FC0000738000063800006380000E7000007E000007C000003C000007E00000EF00000E7C000001E000000E00003070000207000030E00003F800001E0000000000000000000000000000000
100000000000000000000000000000020000003000000380000019800001B800001E000001E000001E000001E000001C000000C000000C000000C000000C000000C000000E00000060000006000000600000040000000000000000000000000000000
6000000000000000000000000000000000000000000000E000007F000007D8000064C0000C6C0000C660000CC600019C60001F860000F04000040C000001C000001800000300000030000006000000E000001C0000038000003000000000000000000
3000000000000000000000000000000007800003E000007800001E000001C000003800000380000038000001F000000F800000E000001C000003800000700000030000006000000600000030000001F000000F8000000000000000000000000000000
7000000000006000000F000000E000001E000000E000001C000003C000007800000F000001E000003E000007C00000F000001E000001C000003C000003E010001FFF0001FFF00000EC000000000000000000000000000000000000000000000000000
2000000000000000000000000000000000000001E00001FF00003FF8000FFF8001F478003C07800701F800003E000007C000007C00001F800001E000007C000007800000F000000F000000F980000FF800007F800001C000000000000000000000000
60000000000000000000000000000000F000003F800007FC0000F060000E060000E020000EF200007E300003860000007000000E000000E000001C0000038000007800000F000063E00007F800003F000000C00000000000000000000000000000000
2000000000000000000000000000001FF80007FFE00007FE000001E000001E0000038000007800000F000000E000003C000003C0000078000007000000E000000C03F800C0FF800FFF8000FF800000000000000000000000000000000000000000000
000000000000000000000000000000001F00001FF80007FFC000F83C001E03C001C03C003803C007803C00780380070078006007000E007000E00F000E01E000E03E000E07C00070F00007FF00003FC00000F80000000000000000000000000000000
90000000000000000000000018000001800000180000030000003000000300000033E000077F80007C18000701800060180006018000C030000802000180C000001800008300000DE00000FC000006000000000000000000000000000000000000000
5000000000000000000000000E000001F000003F800007F800007180000E000000C000000C000000E00000070000003F800000F8000001C000000C000000C000000C00002FC00003FC00001FC00000F80000000000000000000000000000000000000
300000000000000000000000000000003FC0000FFE0003FF00007E00000780000070000007000000700000078C00003FE00003FE00003FE00007C000007800000780000078000007F000003FC00000FC000003C000000000000000000000000000000
80000000000000000000000000000003C000007E0000077000004180000C180000C180000C180000C38000047000007E000003E00000FFE0001E0F000180300000070000006000001E00000F800000F800000F0000000000000000000000000000000
3000000000000000000000001C0000038000003800000380000038000001F000000FE000003E000001E000003C000007800000F000001C0000038000003000000300000071000003B000001F000000600000000000000000000000000000000000000
7000000000000000003000000700000060000006000000E000000C000001C000001C00000180000038000003800000300000070000007000000600000077000007FC00003FE000000E000000200000000000000000000000000000000000000000000
700000000004000000C000001C000001C000003C0000038000007800000F800000F000000F000000E000001E000000E000000F000000780C0007FFE0003FFE0000FFC00007FC000003000000000000000000000000000000000000000000000000000
30000000000000000000000000000001E000007F80000FF80001F9C0003E000003C000003800000380000018000001E000000FE000001F8000007800000F800000E000000C000000C080000FFC00003FE00000F800000000000000000000000000000
9000000000000000007000000F000000F000000E000000E000001C000001C00000380000038F00007FF80007FF8000FF38001F838001F070003C0F000781E000707C0003FF00001FC00000F0000000000000000000000000000000000000000000000
0000000000000000000000000000000000000007F80000FFE0003FFE000780E000E01E001C01C00380380070078006007000C00E000C01C000C03C000C078000C070000C1E0000C3C0000E3800006F000000E000000C0000000000000000000000000
90000000000100000038000003000000700000070000006000000E000000C000001C0000039E00003FF80007F78000F038000E070000E0E000001C000007800073F00007FC00003E00000000000000000000000000000000000000000000000000000
900000000000000000000000020000007000000E000001E000003C000007C000003C0000038000003BF00007FF80007E380007818000E018000E038001C030001C070000606000070E00003FC00000F00000000000000000000000000000000000000
200000000000000000000000000000000000000000000007C00003FE0000FFE01FFF8E01FFFEE01FFFFE00039F800070000007000000E000000E000000E000000E000000E000000E060000F0E00007FC00001E0000000000000000000000000000000
5000000000000000000000000000000000000001F80000FFE0001FFF0003C0F00038000003800000380000078000003C000001E000001F800000FC000007C000003800001F80001FF0000FFE0000FC000006000000000000000000000000000000000
4000000000000000000000000300000030000003000000700000060000006000000C000000C00000180000018200007FE0001FFE000060C000060C0000E180000C180000C000000C000000C0000008000000000000000000000000000000000000000
40000000000000000000000001C000001C000001C00000380000030000007000000E000001E000001C180003FFC000FFFC000FFF800070F0000E0E0000C1C0001C380001C380001800000180000018000000000000000000000000000000000000000
6000000000000000000000000000000000000000000000FC00001FE000071E0000E1E0001C7F00018F700039E60003FC60001F0E000001C000001C0000038000007000000F000000E000001C000003C00000380000030000003000000000000000000
200000000000000000000000000000000000000038000007C003F8FC007FDFC00FFFDC01C0FF80380FF00380FC00301E000001C000001C0000038E00003BE00003FE00003FE00003FE00003FC00003000000200000000000000000000000000000000
3000000000000000000000000000000000000003F80000FFC0003F7C0007FFC0007FF80007C000007000000700000038000003FE00001FE00003E0000078000007000000E000000E780000FF000007E00000F800000C0000000000000000000000000
0000000000000000000000000000000000000007800003FF8000FFFC003F8FE007C01E00F801E00E001E00E001E00C003C00C00FC01C01F800C0FF000E1FE000F3FC0007FF00003FC0000000000000000000000000000000000000000000000000000
10000000000000000000000000000000380000038000003800000380000078000007800000F000000F000000E000001E000001E000001C000001C000003C0000038000007800000700000070000007000000600000000000000000000000000000000
70000000000008000001800000300000030000006000000E000001C00000380000038000007000000E000001C00000380000038000007000000E000000E1E0001FFC0001FF00001FC0000000000000000000000000000000000000000000000000000
800000000000000000000000000000003800000FE00001FF00001C300001C300001C300001C700000CF00000FE00000F800001F000007F00001E380001C380000018000003800001F00001FF00003F000003000000000000000000000000000000000
80000000000000000000000003800000FC00001EC000038C000071C000061800006380000730000036000003E000001C000001C000001E000003F0000033C000060C000061C0000DFC0001FE00001F000000000000000000000000000000000000000
6000000000000000000000000000000000000000000000FC00003FF000079F8000C11C001831C001831C003061C0030E38003FC30001F070000C1E000003C000007800000E000001C0000038000007000000600000060000004000000000000000000
000000000000000000000000000000000F000007FC0003FFC0003FFE000FC0F001F00F001C00F003800F007803E007007E00F00FC00F01F800F07F000F07E000F1F80007FF00007FE00003F0000000000000000000000000000000000000000000000
800000000000000000000000000000001E000003E000006600000C600000CC00000CC00000D800000F0000007000000E000001E000003B000006380000C180001818000007800003E00000F000007C000003000000000000000000000000000000000
9000000000000000001800000300000030000006000000E000000C000001C000001800000300000071E000067F0000FEB8000F818001E018001C038001807000000E000047C0000FF000007C000000000000000000000000000000000000000000000
2000000000000000000000000000000000000000000000000000001E007E0FE00FFFFE01FFFFE0001FF80003FF80003FF80007C6000070E0000F3F0000E7F0000FFC0001FF80000FF00000FC000007000000000000000000000000000000000000000
10000000000000000000000000000000038000007000000E000001E000001E000003E000007E00000FC00001F800000F800000F000003E000007E000003E000003C000007800000F00000070000007000000300000000000000000000000000000000
1000000000000000000000000000000006000000E000001E000003E000003C000003C000007C000007800000F000001F000003E000003E000007C000007C0000078000007000000700000070000007000000700000000000000000000000000000000
5000000000000000000000000000000000000003F800007FC0000FFC0001CFC0000C080000E000000F0000007E000001F000000F000001F00001BC00003F8000FFE0003FFC0003F800000000000000000000000000000000000000000000000000000
70000000000030000007000000E000000E000001C00000380000030000007000000E000001C000003800000380000070000006000000E020000C0F0001F9E0001FFC0003FF00003800000000000000000000000000000000000000000000000000000
1000000000000000000000000000000006000000E000000E000001E000003C000003C0000078000007800000F000001E000001E000003E0000038000007800000F000000F000001E000001E000001C000001800000000000000000000000000000000
6000000000000000000000000000000000000000000000FC00003FE0000FFF0001E67800386380070C3C0071C380077838007E078003C0F000007E000007C00000F800000F000001C0000038000007800000E000000E000001C000000000000000000
200000000000000000000000000000000000006004000701E000787E0003CFE0003FFC0000FF80000F800001E000003C0000038000007000000E000001E000001C000001C380001CF80000FF000007E00000780000030000000000000000000000000
90000000000180000018000003800000300000070000006000000E000000C000001C000001C0000018E00001BF00003E30000383000070300006060000C1C0000C380000FE00000780000000000000000000000000000000000000000000000000000
0000000000000000000000000000000007000007FC0001FFE0007FFE000780E000F00E001E00E003C00E007803C007007C00700F800700F000701F000703E000707C000707C00070780003FF00003F800001E00000000000000000000000000000000
000000000000000000000000000000003FC0000FFC0001F9C0007C1C000F01C001C01C003C038003807800700FE00600FE00C01FC00C03F001C07E000C0FC001C1F8001C3F0000FFC0001FE0000078000000000000000000000000000000000000000
80000000000000000000000003F80000FFC0001E0C000380C000303C000307800018F00001FC00000F000000F000001F000003B800007180000E1C0001C1C000183C0003FFC0007FF0000FF00000E0000000000000000000000000000000000000000
300000000000000000000000000000000000001FF00007FF8000FFFC000FFFC001FFFC001C678001C000001E000000F1F00007FF00007FF00007EC0000F000001E000001E000001FF80000FF80000FF00001F800003C0000000000000000000000000
9000000000000000000C000001C000001800000380000030000007000000E000000C000001C00000180000038E00003FF00003FE0000786000060E0000C1C0000C7800001E00001F800001C0000000000000000000000000000000000000000000000
30000000000000000000000000000000FF00003FFF8007E3F800F800000F000000E000000E000000F000000FFE00007FE00003FC00007C00000F800001F000003C0000038000003F000003FFF0001FFF00000EE000000000000000000000000000000
7000000000000000000C000000C000001C00000380000038000007000000E000000E000001C000001800000380000078000007000000E000000E000000E020000F0600007CE00003FE000001C00000000000000000000000000000000000000000000
40000000000000000030000006000000E000000C000001C000001C000001C0000038000003C000003F800003FF800071FE000707E00071F0000E3C0000EF80000FE00000FC00001F000000E0000000000000000000000000000000000000000000000
800000000000000000000000000000001E000007F00000E300001C30000183000030F000031E00003F000003C000007C00001EE00003878000603C000C00E00080070000007000001E00000780001FE00003000000000000000000000000000000000
90000000000000000004000000C00000180000030000006000000E000001C0000018000003000000600000060000007FE00007070000C060000C0E000081C000183800011E00001F800000E0000000000000000000000000000000000000000000000
100000000000000000000000007000000700000060000006000000C000001C00000180000038000007000000F000000E000001C000001800000380000070000007000000E000000C00000180000018000000000000000000000000000000000000000
2000000000000000000000000000000000000000F00007FFE007FFFF00FC00F00E001E000007C00000F800003C00000F800001E000007C00000F000001E000001C00000180000018000001C000001FF000007FC00001F800000000000000000000000
6000000000000000000000000000000000000000000003800000FE00001DF800071FC000639E000FF07000FE07000F80700070070000007000000E000000E000001C000001C0000038000003800000F800000F000000E000000C00000000000000000
7000000000000000007000000700000070000007000000E000001C000001C0000018000003800000380000070000006000000E030000E070000E070000E1E000071C00007FC00003F800000F000000000000000000000000000000000000000000000
90000000000000000010000001800000300000070000006000000C000000C0000018000003800000300000060000007F800007FC000018600003060000306000060C000061800007F000001C000000000000000000000000000000000000000000000
200000000000000000000000000000F8000001F8000003F8000001F000000F000000F000003C000007800000E000001C0000038000003000000700000070000007000000300000038000001E800000F80000070000000000000000000000000000000
8000000000000000000000000000000038000007800000CC000018C00003180000338000037000003E000003C0000018000003C00000278000041F0000C030001807000000C000003800000F000003C00000300000000000000000000000000000000
100000000000000000000000030000003000000300000070000007000000700000060000006000000E000000E000000C000000C000001C000001800000180000038000003800000380000038000003000000000000000000000000000000000000000
600000000000000000000000000000000000000C0000006000003E00000FF80001CFC000318E000338E0007F0E0003E0E000380C000000C000001C00000180000018000003800000300000070000006000000E000000C000000000000000000000000
60000000000000000000000000000000000000000000070000003E00000FFE0003F9F0007303800E703800CE03801FC03801F803800F00700000070000006000000E000000E000000C000001C000001C0000018000003800000300000000000000000
5000000000000000000000000000000000000003E00001FFC0007C1E0007000000C00000070000003C000001F8000003E00000070000007000000F000007E00007F00001F800007800001E00000180000000000000000000000000000000000000000
500000000000000000000000000000001F000007FC0000F9C0001C0C00038000003800000380000038000001C000001E000000E000000700000038000003C000007800003F000007C00003F000007C00000F000000000000000000000000000000000
90000000000080000018000001800000380000070000006000000C000001C000001800000380000070000007F000003F8000031E00007070000E030000C030000C070000FFE00007F0000000000000000000000000000000000000000000000000000
000000000000000000000000000000000000000000000000000007C00003FF8000707C001C01E003800E006000E00C001C00C003801801F001801E0018078000C3F0000FFC00002300000000000000000000000000000000000000000000000000000
30000000000000000000000000FC00003C400007000000E000000C0000018000001800000180000018000000D800000F800000F000001C0000030000006000000C000000C00000081E0000CFE00007F80000000000000000000000000000000000000
9000000000000000000C000000C000001C000001800000300000070000006000000C000001C0000018000003FC00003FE000030600006060000C0E0001C1C000183800018F00001FC00000E0000000000000000000000000000000000000000000000
900000000000000000060000006000000C000000C00000380000030000006000000E000001C00000180000038000003F8000017E000030E000060E0000E0C0000C38000187000009C00001F0000000000000000000000000000000000000000000000
9000000000000000000F00000170000007000000E000001E000003C000007000000E000001C00000780000078000007F00000EFC0001C1F000180700038038003003800301F0003F7E0000FF800000000000000000000000000000000000000000000
00000000000000000000000003800001FE00003FF00007FF0000F8F8000F078001E078001C078003C078003807800380780038EF00039FF0003BFF0003FFE0003FFC0001FE00001FC00001F8000007000000000000000000000000000000000000000
1000000000000000000000000180000018000001C00000380000038000007800000780000078000007800000F000000F000000F000000E000001E000001E000003E000003E000003C000003C000003800000000000000000000000000000000000000
6000000000000000000000000000000000000000000001E000007F80000FFC0000E7E0001C7E0001CEF0001FEF0001FC70000F8F0000E0F000000E000001E000001C000001C000003800000380000070000006000000E000000C00000000000000000
000000000000000000000000000000007800001FF00003FF00007FF8000F878001E078001C078003C07800380F800381F800701F000301F000381F000383E000387E0001CFC0000FFC0000FF800007F00000180000000000000000000000000000000
3000000000000000000000003C00000FF00003FFC0003E1E0003C0E000780600078060007C060003F800001FC000007F7C0003FFC0000FF80001FF00003F000007C000007C000007FFE0003FFC00007C0000000000000000000000000000000000000
6000000000000000000000000000000000000000000001F800007FC0000FFE0000F1E0001E3E0001C7E0000FFE0000FFE00007DE000001E000003C000007C000007800000F800000F000000F000001E000001C0000038000003800000000000000000
000000000000000000000000000000003E00001FF80003FF80007E7C000F03C001E03C001C03C003803C0078038007007800603F800601F800601F000603F000707E000707C00039F80003FF00003FC00000F00000000000000000000000000000000
30000000000000000000000000000001FE00003FF0000FFF8001FE3C001F01C001C00C001C00C001C000001E000000F000000FC000003F000001FF80003FF80007F00000FC00000F8000007FF00003FFC000077800000000000000000000000000000
80000000000000000000000007000000F800001FC00001CC00001CC00001D800001F800000F000000F000000F000001F8000019800003180000718000061800006380000E700000FE00000FE00000F800000000000000000000000000000000000000
800000000000000000000000038000007C000007E000006E000006C000006C000007800000780000070000007000000F80000198000039800007180000E380001E380003F700003BE0000700000020000000000000000000000000000000000000000
20000000000000000000000000000000000000000000003FC0000FFE0003FFF000FE07001F80700FF80F00FFFFE007FFFC00797F000780000078000007000000780000078000003C000001F800000FFC00007FE000000000000000000000000000000
10000000000000000000000000E000000E000001E000001C000003C000003C000007800000F000000F000001E000001E000001C000003C000003800000780000070000007000000E000000E000000F000000000000000000000000000000000000000
7000000000000000001C000003C0000038000007000000F000001E000001E000003C0000078000007000000F000000E000001E000000E000000E000000E070000F1F0000FFF80003FF00001F800000000000000000000000000000000000000000000
700000000003800000380000078000007000000F000000E000001E000001C000003800000380000070000007000000E000000E000001E000001C004001E00F001FFFE000FFFC0003FD000000000000000000000000000000000000000000000000000
30000000000000000000000007C00001FF00003FF8000783C000F018001E018001C000001C000001C000001C000000FF800007FC00007F800007E000007000000E0F8000F7F80007FE00007FE00003F00000000000000000000000000000000000000
600000000000000000000000000000000000000F800003FC00007FE0000F0F0001C27000387700038F70003FE70001FC60000F0E000001C000001C000003C0000078000007000000E000001C0000038000007000000E0000000000000000000000000
00000000000000000000000000000001F000007FC0000FFE0000F1F0001C0F0003C0700038038007003800700380070038007003800780780038078003C0F0001C0F0001E3E0000F7C0000FF800003F000000E0000000000000000000000000000000
2000000000000000000000000000000007C00001FE00003F70018F83001DF03000FE030007E0F0007FFE000FFFC000E000001C000001C00000380000038000007000000703E00070FE00073F00007FE00001F80000000000000000000000000000000
100000000000000000000000000000000C000001C000001C000003C00000380000078000007800000F000000E000001E000001C000003C000003C00000380000038000007800000380000030000003000000300000000000000000000000000000000
6000000000000000000000000000000000000000000001F000003F800007BC0000E1C0001C1E0001C3E0001CFE0000FFE00007DE000001C000001C000001C000001C000003C000003800000300000070000006000000E000000C00000000000000000
40000000000000000000000006000000E000000E000000C000001C000003F000007FE00007FF8000F0380007018000E038000E038000C070001C0E0001C0E000181C00038380003020000300000060000000000000000000000000000000000000000
8000000000000000007000000F800000FC00000EC00000EC00000FC00000FC00000780000078000007800000FC00001CC00003CC000078C0000F1C0001FFC0001FF80003FF00003FC0000380000000000000000000000000000000000000000000000
7000000000018000003C00000380000038000007000000E000000E000001C000001C000003800000380000070000007010000E038000E078000E0F0000E1E0001FFC0001FF80000F80000000000000000000000000000000000000000000000000000
5000000000000000000000000FC00003FF0000FFF0001F800003E000003800000380000038000001F000001FF000007FF00001FFC000003C00000380000078000007000000F0003FFE0007FFE000FFFE0000000000000000000000000000000000000
700000000001C000003C0000038000007000000F000000E000001E000001C000003C0000038000007000000F000000E000001E006001C01E001C03C003EBF8001FFF8001FFF0000006000000000000000000000000000000000000000000000000000
200000000000000000000000000000000000000000000000000001FF00F87FF007FFFF003FFFF000FFFE000FBE0000F000001E000001E000001C000001C000003C0000038000003C040001FFC0000FFC00003E0000000000000000000000000000000
00000000000000000000000007000001FC00003FE00007BE0000F0F0001E0F0001C07000380780038070003807000380700038070003807000383F000383F0003C3E0001EFE0001FFC0000FF800003E00000000000000000000000000000000000000
100000000000000000000000000000006000000700000070000007000000F000000E000000E000000E000000E000000E000001E000001E000001C000001C000001C000001800000380000038000003800000300000000000000000000000000000000
7000000000018000003800000380000070000007000000E000001E000001C00000380000038000003000000700000060000006030000E070000E070000C0E0000C3C0000FF800007C0000000000000000000000000000000000000000000000000000
7000000000006000000E000001E000001C00000380000038000007000000E000000E000001C0000038000003800000700000070000006030000E070000E0F0000F1E0000FFC00003E0000000000000000000000000000000000000000000000000000
9000000000070000007000000E000000E000001C0000018000003800000700000070000006000000E7F0000FFFC001FC1C001F01C003C038003807800381F0003EFC0001FF80000FE0000000000000000000000000000000000000000000000000000
6000000000000000000000000000000000000000000003E000007F00000FF80001C7C0001C7C000187C00018FE0001CFE0001FFE0000F9E000071E000001E000001C000001C000001C000003C00000380000038000007000000600000000000000000
50000000000000000000000003F00000FF80001F180003C0800070080007000000E000000E000000C0000006000000600000070000003FF80001FF800001F800000F000000E0000FFC0003FFC00078180000000000000000000000000000000000000
200000000000000000000000000000000000000000000007000183FF001FFFF001FF87800FE03800FF03801FFFF801C3FF003803C00380000070000007000000700000070000003C000003C600001FF000007E0000000000000000000000000000000
9000000000000000003000000300000070000006000000E000000C000001C000001C000003800000380000070000007FF0000FE30000F0100000030001006000303C0001CF00000FE0000070000000000000000000000000000000000000000000000
100000000000000000000000000000000C000000C000001C000003C000003800000380000070000006000000C000000C0000018000001800000380000030000003000000600000060000006000000E000000E00000000000000000000000000000000
6000000000000000000000000000000000000000000000FF00003FFC000FFFC001F9DC007C398007079800E1F1800C7C1800FF81800FE03C0078038000007000000F000001E000003C0000078000007000000F000000E000000600000000000000000
9000000000030000003000000700000060000006000000E000000C000001C000001C00000180000031800003FE00003E60000702000060300004060000C0C00006FC00007F00000780000000000000000000000000000000000000000000000000000
300000000000000000000000007C00003FE0000FC70003E018007000800E000C01C000C01800040183804018FC0001FFC00007E00000F000001E000003C00000381C000383C0003FF80001FF000007800000000000000000000000000000000000000
40000000000000000000000000C00000180000018000001800000300000030000007000003FE0003FFF0007FE380001C1800038180003030000707000060E0000E0C0001E1C0001C18000083800000100000000000000000000000000000000000000
1000000000000000000000000000000018000003C000003C00000380000078000007000000F000000F000001E000001E000001C000003C000003800000380000078000007000000700000070000006000000600000000000000000000000000000000
50000000000000000000000000000000FF00001FF80003FF80007000000E000001C0000018000001807000083F8000FFF8000487800000F000000E000001C00001F800007F8000BFE0001FF00001F800000C000000000000000000000000000000000
20000000000000000000000000000000000000003E00000FE00783FF007FFFF003FFFE0003FF80003C000007800000F000001E000001C000001C0000038000003800000380000018000001F1E0000FFF00003FE000007000000000000000000000000
4000000000000000000000000080000018000001000000300000070000006000000E00000FFF000FFFF800FFC380001C70000387000038E000039C000078C0000700000070000006000000E000000C000000000000000000000000000000000000000
900000000003000000700000070000006000000E000000E000000C000001E000001800000380000030000003BF00003FF00007C30000707000060F0000E3C0000FF80000FE00000780000000000000000000000000000000000000000000000000000
100000000000000000000000000000001000000380000078000007000000700000030000007000000E000000E000000E000000E000000C000001C00000180000018000003800000380000070000007000000200000000000000000000000000000000
00000000000000000000000000000000000000004000007F00003FFC001FFFC007FC3C00FE01E00F801E01E001E01C001C01C003C01C077C01C1FF800FFEF800FFFF0007F7E000387C000007800000200000000000000000000000000000000000000
100000000000000000000000000000000C000001C000001C000001C000003C000003C0000078000007000000F000000E000001E000001C000003C00000380000078000007000000F000000E000000E000000400000000000000000000000000000000
80000000000000000000000003C00000FE00003FE00007DC0000F1C0000E380000638000077000003E000001E000001F000003FC000071E0000F070000E0F0001C7F0000FFE0001FF8000FFC0000F8000000000000000000000000000000000000000
000000000000000000000000000000003E00001FF80007FFC000F81C001F00C003C00C007801C007801C00E003800E007800E00F000E01F000783E0003FFC0001FF80000FF800007E000007C000007800000300000000000000000000000000000000
40000000000000000000000001C000001C000003800000380000070000007000000F0001FFFC003FFFF003FFFF80183C3C000381C000781C000703C0007038000F078000E0F0000E0E000041C000041C0000000000000000000000000000000000000
400000000000000000000000000000006000000E000000E000000E000001E000003FF001FFFF803FFFFC01FFFFC00079FC0007878000787800070F8000F0F0000F1F0000F0E0001E060000E0000004000000000000000000000000000000000000000
20000000000000000000000000000000000000003800003FC007FFFC00FFFF8007FFF0003FFE000007C00000F800001F000001E000003C0000078000007000000F000000F000000F000000FFE00007FE00003FE00000F800000000000000000000000
000000000000000000000000000000000F000007F80000F880003C0C000780C000F01C001E018003C0180038030003007000600E000600E000601E000603C000607800060F000021E00003FE00001F000001C00000000000000000000000000000000
9000000000000000003000000300000070000007000000E000001E000001C000003C0000038600007FF80007FFC000FE0C000F81C000E078001C0F000183E00018F80001BF00001FC00000F0000000000000000000000000000000000000000000000
10000000000000000000000000000001C000001C000001C000001C000000C000000C000000C000000E000000E000000E000000E000000E000000E000000E000000E000000E00000060000007000000F00000060000000000000000000000000000000
70000000001C000003C000003C000003C000003C000003C00000380000038000003800000380000038000003800000703000070700007078000F078000E078000FFF8000FFF00007F8000000000000000000000000000000000000000000000000000
10000000000000000000000000000001C000001C000001C000001C000001C000001C000001C000001C000000C000000C000000C000000C000000C000000E000000E000000E000000E0000006000000E00000060000000000000000000000000000000
200000000000000000000000000000000000001F8000FFFE001FFFE001FFAE000000E000001C0000038000007800000F000000E000001E000001C0000018000001800000181E0001C1C0001C7C0001FF00000FE000003800000000000000000000000
30000000000000000000000000000001FF00007FF8000FFF8003E0E0003C00000380000078000007800000380000038000003E0C0001FFC00007F800001F000001E000001C060001C3E0001FFC0001FF000007C000000000000000000000000000000
4000000000000000000000003000000700000070000007000000700000070000007000000700000073F0001FFF0001FE38000703800070180007018000301800030180003018000301800030000003000000000000000000000000000000000000000
200000000000000000000000000000000000000FF0001FFF800FFFF001FE0F003000E000001E000001C00000380000078000007000000E000000E000001E000001C000001800000180000018380001FF00001FE00000F800000000000000000000000
000000000000000000000000000000003F00000FF80001FF80007E38000F838003E03C003E0380078038007003800700780070070007007000700F000700E000781C0003C1C0003C180001FF80000FF000007E0000000000000000000000000000000
70000000000180000038000003800000380000070000007000000E000001E000001C000001C00000180000038000007070000707000070F0000E0F0001C0E0003C1E0003FFC00007F8000000000000000000000000000000000000000000000000000
700000000003800000380000038000007000000F000000F000001E000001E000001C000003C0000038000007000000F000000E000000E000000E000000FC70000FFF00003FF00001FC000000000000000000000000000000000000000000000000000
100000000000000000000000000000006000000E000001E000001E000001E000001E000001E000001E000001E000001E000001E000001E000001E000001E000001E000001E000001E000001C000001E000000C0000000000000000000000000000000
80000000000000000000000000000003F00000FFC0001FFE0001C0E000380700038070003807000380E000381E00039FC0001FFC0001F0E0000F0600007070000707000070700003FF00003FE00003FE00001C0000000000000000000000000000000
10000000000000000000000000000000C000001E000001E000001E000001E000001E000001E000001E000001E000001E000000E000000E000000E000000E000000E000000E000000E000000E000000C000000C0000000000000000000000000000000
70000000000E000000E000001E000001C000001C000001C000003C00000380000038000007800000780000070000007018000E018000E038000E038001E078001FFF0001FFF00001FE000000000000000000000000000000000000000000000000000
40000000000000000000000018000001C000000C000001C00000180000038000003FFC003FFFE00FFFFE00C383C0003038000307800070F000071E000073C000077800007F000007E000007C000007800000000000000000000000000000000000000
70000000000000000038000003C0000078000007800000F000000F000001E000003E000003C000003C0000078000007800000780000070000007000000F0E0000FFFC000FFFC000FF8000070000000000000000000000000000000000000000000000
00000000000000000000000000000001F000003F800007FC000079E0000F0E0000F0F0000E0F0000E0F0000E070000E0F0000E0F0000E0F0000E0F0000F1E000079E00007FC00003FC00000F800001F000001E0000000000000000000000000000000
8000000000000000000000001FC00003FF0000FDF8001E078001C01C001801C003801C003803C001803C001DFF8001FFF0000FFF0001E070001C078001C038001E070001F8F0001FFE0001FFC00007F00000000000000000000000000000000000000
50000000000000000000000000000003FF0000FFFC001FFFE003F07F00380070030000002000000200000060000007F3F0007FFF0003FFF80007FF0000007000000F000000E000003C0003FF80007FF00007FC0000000000000000000000000000000
30000000000000000000000001F800007FC0001FFC0003FD8000FE00001F800001E000001E000001E000001FC00000FFC00007FC00001FC000007C00000F800001F180007FFC000FFFC001FFF8001FC00000000000000000000000000000000000000
50000000000000000000000000000001FF8000FFFC001FFFC003F018007C00000F000000F0000007C000003FC00001FFC00003FF000007F800000780000070000007000000E000003C00001F80007FF00007FE0000000000000000000000000000000
400000000000000000000000060000006000000E000000C000000C000000C000000FE00003FF0001FFF0003FC700001C600001CE00001DE00001DC00001F800001F000001F000001E000001E000000C00000000000000000000000000000000000000
80000000000000000000000000000000F800001FE00003CE0000307000070700007070000707000070E000031E00003FC00003FC00003FC000079E000061E0000E1C0000E3C0000F380000FF000007E00000380000000000000000000000000000000
600000000000000000000000000000000000007E00000FF00001FF80003CFC000707C00070FE00060FE00060FF000E1CF00067CF0007F8F0007F0F0003E0F000001E000001E000001C000003C000003C0000078000007000000000000000000000000
000000000000000000000000000000000000001FF00007FF8000FFFC003FFFE007FFFE00F8FBE01F07BE01F07CE01E03DE01C03DE01C03FC01C03D801E038000F078000FEF80007FF00001FE00000FC00000000000000000000000000000000000000
10000000000000000000000038000003C000003C000003E000001E000001E000001F000000F000000F000000F000000F000000F000000F000000F800000780000078000007C000007C000007800000380000000000000000000000000000000000000
3000000000000000000000000F800003FC00007FE0000FDE0000F0E0000E040000E000000E000000E000000F000000700000078000003F800001F800003F800003F0000038300003FF00003FF00001FC0000000000000000000000000000000000000
50000000000000000000000007800001FE00003FF000078380007018000701C000700000038000001E000000FC000007C000000E000000E000000E00003FC0001FFC0007FFC001F800003C00000300000000000000000000000000000000000000000
80000000000000000000000000000000E000001F000001F8000019C000018C00001DC00000F800000F000001F800003BC000031E000060E0000E7E0000C3C0000C180001C000001C00000180000018000001800000000000000000000000000000000
9000000000300000038000003800000180000018000001800000180000038000003800000380000038000003C000007FC00007FE000070600006060000606000060E00007FC00001F0000000000000000000000000000000000000000000000000000
100000000000000000000000380000038000003C000001E000001E000001E000001E000000E000000E000000F000000F000000F000000F000000F000000F000000F000000F000000F0000007000000700000000000000000000000000000000000000
600000000000000000000000000000000000000000001E000001F800001FF00003FF80007FFC0007B9C000778E0007F060001F070000C070000007000000700000070000006000000E000000E000001C000003C000003800000300000000000000000
7000000000600000070000007000000380000038000003800000380000078000007000000700000070100007078000707C000E07C000E0FC000E0FC000E1E0000FFC00007F800003F0000000000000000000000000000000000000000000000000000
300000000000000000000000000000007F80001FFE0003FFE000F81E001E01E001C018001800000180000018000001C000001C000000F1C00007FE00003FC00003F000007800000700000079E00003FE00001FC000000000000000000000000000000
2000000000000000000000000000000003000380F8003C3F8003FFF8001FF780005C30000007000001F00000FE00001FC00003E0000078000007800000F000000E060000E06000070E00007FE00003FE00000F0000000000000000000000000000000
10000000000000000000000008000001C000001C000001C000001C000001C000001C000001C000001C000001C000001C000001E000001E000001E000001E000000E000000E000000E0000007000000200000000000000000000000000000000000000
1000000000000000003000000300000038000003800000380000038000003800000380000038000003800000380000038000003800000380000030001E070001E070000007000000E0000006000000000000000000000000000000000000000000000
20000000000000000000000000000000000001E000003FFF8003FFFC001FFFE00001FC000003800000780000FF00003FF0000FFC0001F800001E000003C000003800000700000038080003C380001FF80001FF800007E000000000000000000000000
8000000000000000000000001C00001FF00001FF00001F700000E300000F3000007B000003F000001F000000FC00000FE00001FE00003C70000F870001E03000FC03000F833000E03F000001F000001E0000000000000000000000000000000000000
00000000000000000000000000000001FC00003FE0000FFF0001F8F0003E078003C03800380380038038003803800380780038EF00038FF0003C7E0003C7E0001E7C0000F7000007F000003F000001F000000C0000000000000000000000000000000
00000000000000000000000000000000F800001FC00003FE0000FFE0001FFF0003EEF0003CFF80078FF800703F800701F800700F80070070007007000780F0003C0F0001C1F0001E3E0000FFE00007F800003F0000000000000000000000000000000
700000000000000000F000000F800000F00000070000007000000700000060000006000000E000000C000000C000001800000380000070000006030000E070000C070000C0F0000FFC00003F800000000000000000000000000000000000000000000
400000000000000000000000000000002000000600000060000006000000E000000E000000E100000E30000FFF0003FFF00013FF00001C600001C60000180000018000003800000380000030000003000000300000000000000000000000000000000
1000000000000000000000000180000030000007000000700000070000007000000F000000F000000E000000E000000E000001E000001E000001E000001C000001C000001C000003C000001C000001C00000000000000000000000000000000000000
00000000000000000000000000000003F00001FFE0003FFE0007FBF800F80F801F007801E003801E003801C00F801C00FC01E00FC01E00FC01E00FC00F00F800780F8007F1F8003FFF8000FFF00003FE000001C000000000000000000000000000000
100000000000000000000000060000006000000E000000C000000C000000C000000C000000C000000C000000C000000C000000C000000C000000C000000C000000C000000C000000C000000C000000C00000000000000000000000000000000000000
3000000000000000000000001E000007F00000FF80001E7C0001C1E0001C0F0001C07C001C03C000E018000F00000078000003E000001F800003F800007E000007C000003F180003FFC0000FFC00001F8000000000000000000000000000000000000
700000000018000001C000001C000001C000001C000001C000001800000380000038000003000000300000030000003060000707000060F000060F000061F000073C00007F800003F0000000000000000000000000000000000000000000000000000
400000000000000000000000000000008000000C000000C000000C000000C000000C000000C000020C3000FFFF00000FF00000C300000C600000C600000C200000C000000C000000C0000004000000600000040000000000000000000000000000000
0000000000000000000000000FE00007FF0000FFF8001F078003C0380070038007003C00E003C01C021C01C071C01C071C01C03BC01C03F800C01F800E01F800F01F800783F8003FFF0000FFE00007E00000000000000000000000000000000000000
600000000000000000000000000000000000000000000F800001FF00007FF80007B3C000630E000630E0007F070003F070000C070000007000000700000060000006000000E000000E000000C000001C000003C000003800000300000000000000000
3000000000000000000000007E00001FF80003FFE0003E3E000780E0003806000380000038000001C000001F000000FC000007F000003F000001F000007F00000FFE00007FFC0003FFE000003E000000E000000000000000000000000000000000000
20000000000000000000000000000000038000007C001C0FC001E1CC000771C0007E1C0003E380003FF00003FE000070000006000000E000000E000000C000000C060000C0E0000C1C0000EF00000FC00000700000000000000000000000000000000
5000000000000000000000000F800003FC000070E0000E000000C000000C000000C000000C000000C000000C1C00007FE000010600000060000006000000400000040001E0C0000F8C00001FC00000380000000000000000000000000000000000000
80000000000000000000000007800000FC00001CC000018C0000198000009800000F8000007000000E000001E000003B000007300000E100001C100001818000001000000300000FE00001FC00000E000000000000000000000000000000000000000
100000000000000000000000018000001C000001C000003800000380000030000007000000700000070000004000000E000000E000000C000001C000001C000001C000001C000001C000001C000001C00000000000000000000000000000000000000
600000000000000000000000000000000000000000000000000003F00000FF80003FF80007FBC000FC18001F800003F810003F030003E030001C0600000040000000000001000000100000010000000000000200000040000004000000E0000000000
100000000000000000000004003800400380040060000006000000E000000E000001C000003C00000380000038000007000000F000001E000001C000041C0000418000003800000380000038000003800000000000000000000000000000000000000
20000000000000000000000000000000000000000E000001F000E07F000F1FC0007FF80001FF00001FC00003C000007800000E000001E000001800000380000070000007000000700000038007800FC000001C000001C000000000000000000000000
60000000000000000000000000000000000000000000000000007FF0001FFFC007FF9C00F071C00E1F1C00E7E18007F838001F878000407000000F000000E000001C00000380000078000007000001E000001E000003C000003C00000180000000000
50000000000000000000000000000003C000007F00000FF80000C1C0000C0600008000000C000000F0C00007FE00003FE000000600000060000006000000E000080C0001E1C0001F3800003F800001F000000E0000000000000000000000000000000
6000000000000000000000000000000000000000000003F00001FFC0001DFE0003FF38003FC18003F838000C0300000070000007000000E000001E000001C000003C000007000000F000000E000001C000001C0000018000001800000000000000000
0000000000000000000000000000000000000001F00000FF80003F380007818000F018001C018001C01800380780038070003806000380E000381C0003C180001C304001C30000186000018C000019800000300000030000000000000000000000000
4000000000000000000000006000000E000000E000000E000000E000000E000000C000001C01F001FFFF001FFFF001FC0E001800E001801C003801C003001800300180030018003801800180000018000000000000000000000000000000000000000
9000000000000000018000001800000380000070000007000000F000000E000001E1E0001FFF0003FFF8003E01800300380016038000E030000C070000C0F000061E000077C00003F800001E000000000000000000000000000000000000000000000
10000000000000000000000000000000180000018000003800000380000038000007000000700000070000007000000E000000E000000C000000C000000C000001C000001800000180000018000001800000080000000000000000000000000000000
9000000000000000007000000F000000F000001E000003C000003C00000380000070000007000000E000000FFE0001FFF8001FFF8001E018000E038000E070000E0F00007FE00003F800000E000000000000000000000000000000000000000000000
2000000000000000000000000000000003C000007C00701FC007FFFC003FFF8001FFE00007F800001E000003C00000380000070000007000000F000000E000000E000000C000000E0000007FF80003FFC000009C00000000000000000000000000000
0000000000000000000000000000000000000003C000037F8001FFFC003FC3E007E00E007C00E007800E007001C007003C007007C00700F000701F000303E000307C00018F800011F00001FE00001FC00000F80000030000000000000000000000000
700000000000C000000C000001C000003800000380000070000007000000F000001E000001C000003C000003800000380000070000007000000E000000F100001FFE0000FFE0000E02000000000000000000000000000000000000000000000000000
000000000000000000000000000000001F00000FF00001FF80007F38000FC3C000F83C001F03C001E078001C0F8001C0F8000C1F0001C3E0001C7C0001CFC0001DF00001FF00000FE00000FC000007800000380000000000000000000000000000000
2000000000000000000000000000000001E000007F00000FF00047FE0007FFC0007FF00003F800007E000007000000F000000E000001C00000180000038000003800000300000030780003FF80001FF800007C0000000000000000000000000000000
30000000000000000010000003A00001990000380000060000006000000600000070000007F800001FC00001FC00003FC00007800000E000000E000000E00000078000007FF00001FF000000F00000000000000000000000000000000000000000000
00000000000000000000000000000000000000BF00001FFE0001EEF0003C078003803C003801C003800C00380060018006001800C001801C001803C001C078000C0E800083A00000FC00003E80000FE00000FC0000070000000000000000000000000
100000000000000000000000000000007000001F000001F000003F000000F00000070000007000000700000070000007000000F000000F000000F000000E000000F000000E000000E000001E000001E000001C0000000000000000000000000000000
600000000000000000000000000000000000000000000FF00003FFE000FE7F001F03F801C038C01C070E01C1F0E00FFE0C007F81C000001C00000380000070000007000000E000001E000001C00000380000070000007000000200000000000000000
700000000000000000300000070000007000000E000000E000000E000000C000001F80003FF80003FE00003F800000700E000701E000703C000E03C000E078000E070000F0E00007FE000007C00000000000000000000000000000000000000000000
100000000000000000000000038000007800000380000038000007800000780000070000007000000F000000F000001E000001E000001C000001C000003C000007C000007C00000380000038000003800000000000000000000000000000000000000
80000000000000000000000001E000007F00000E300000C3800018300001870000186000018C000019C00001B800000F000000E000001F0000039C000071C00007B80000DF00001FC00003F8000038000000000000000000000000000000000000000
7000000000000000006000000700000070000006000000E000000E000001E000007F800007F800007C000001C00000386000038E000078E000070E000070E000078E00007FC000007C000001C00000000000000000000000000000000000000000000
200000000000000000000000000000000380007FFC007FFFC00FFFF801FC0F803C00F003001E000003C000007800000F000001E000003C000007800000F040000E060000E060000E1E0000FFE00007FC00003F8000000000000000000000000000000
50000000000000000000000000000001FE00007FFC000FFFE000F0FF001E00F001C00000380000038000003800000180000018000000EFC0000FFC00003FC000001C000001C000001C0001FFC0001FFC00003F8000000000000000000000000000000
900000000000000000C000001C000001C0000018000001800000380000030000003000000702000063F00007FF00007C10000F030000E030000006000000C00008180000C7000007E0000038000000000000000000000000000000000000000000000
900000000000000000E000000E000000E000000C000001C000001C00000180000038000003FE00007FF00007030000E030001C030000C07000000E000001E000303C00030F00003FE00001F8000000000000000000000000000000000000000000000
20000000000000000000000000000000000000601C001F83C003FC7C007CFF800707F000E03E000E03C000C03C000007800000F000001E000003C00000380000038000007800000700000030180003FBC0001FFC00007F80000000000000000000000
10000000000000000000000000000001C000001C000000C000000C000000C000000C000000C000000C000000E000000E000000C000000C000000C000000C000000C000000C000000C000000E000000E00000040000000000000000000000000000000
80000000000000000000000007C00000FE00001C3000038300003030000307000018E000019C00000F8000007800000F800001CE00003860000702000260200026060003C060001C1C0000FF800007E00000000000000000000000000000000000000
10000000000000000000000000000000E000000E000000E000000600000060000006000000600000060000006000000600000060000006000000600000060000006000000E000000E000000E000000E00000060000000000000000000000000000000
9000000000600000060000006000000600000060000006000000600000060000006FF00007FF80007818000700C000600C000600C002601C0036018001E038001E1F0000FFE00007F8000000000000000000000000000000000000000000000000000
60000000000000000000000000000000000000000000000000007C00001FF0000199800019980001B880001F080000E080000018000001800000180000018000001000000100000010000001000000300000030000003000000300000030000000000
90000000000000000380000038000001800000180000018000001800000180000039C00003FE00003FF00003E70000387000078700007070000F070000F06000060E000073C00007FC00003F000000000000000000000000000000000000000000000
60000000000000000000000000000000000000000000000000003F000007F80000FFC0000C6C0000C6C0000CEC0000FCC000078C000000C000000C000000C000001800000180000018000001800000180000018000001000000300000030000000000
00000000000000000000000000000007F80001FFE000FFFF000FFFF801FC1FC01F803C01F001C00E001E00E001E00F001E007803E003803C003C3FC001E3FC000F7F8000FFF80007FE00003FE00001FC0000000000000000000000000000000000000
1000000000000000000000000000000380000038000003C000001C000001C000001C000001E000001E000000E000000E000000E000000E000000F00000070000007000000700000070000007000000300000010000000000000000000000000000000
000000000000000000000000000000000000003F000007FC0001FFF8003FFFC00FFFFE00FC07E00F800700E000700E000E00E001E00F003E00F807E007C7FE003FFF8001FFF8000FFE0000FFE00003F00000000000000000000000000000000000000
100000000000000000000000000000018000007C000007C000003C000003C000003E000001E000001E000001F000000F000000F000000F800000F80000078000007800000780000078000007800000780000038000000000000000000000000000000
5000000000000000000000007E00000FFC0001FFE0001FFE0001E3C0001C1C0001C000001C000000E000000F0E00007BF00007FF00001FF80000FF800006780000078000FFF8000FFF80007FE00007FC0000000000000000000000000000000000000
6000000000000000000000000000000000000000000003800001FF80003FFC0003FFE0007FFF0007FFF0003FFF0003FFF0003FFF0001FC70000F070000007000000700000070000007000000700000070000007000000700000070000000000000000
600000000000000000000000000000000000000000000FF00001FFC0003FFC0007FFE0007FFE0007C7E0003DFE0001FFE0001FFE0000FFE00003DE000000E000000E000000E000000E000001E000001E000001E000000E000000C0000000000000000
40000000000000000000000180000018000001C000000E000000E0000006000000600000073800003FE00003FF00003FF0000383800038380003818000181800018180001818000180800018080001800000000000000000000000000000000000000
00000000000000000000000000000007C00001FFC0003FFE0003FFF0003FFF800380F8003003800780380078038003C038003E038001E038001F0F8000FCF0000FFF00003FE00003FE00001FE000007C000003C000000000000000000000000000000
5000000000000000000000001E000003F800007F80000FF80000E1C0000C000001C00000180000018000001C1F0001C7F8000FFF80007FF80007E18000301800000780003FF80003FF00003FE00001FC0000000000000000000000000000000000000
50000000000000000000000000000003F80000FFC0001FFE0003FFE0003F8E0003E000001C000001C000000E000000F1800007FC00003FE00000FE00000FF000007F800000780003FF80003FF80001FF80001C0000000000000000000000000000000
70180000018000001C000000C000000E000000600000060000007000000700000030000003000000300000030000003800000380000038000001BFC0000FFE0000FFE00007FE000000000000000000000000000000000000000000000000000000000
8000000000000000000000003E00000FF00000FF80000E180000C180001C0C0001C1C0000C380000E7800007F800007FC0000FFE0001F0E0001E070001C070001C160000FFE0000FFE00003FC00000F00000000000000000000000000000000000000
900600000060000006000000600000060000006000000600000060000006000000600000060000002F000003FE00007BE000071F000070300007D700007FF00007FE00002FE0000000000000000000000000000000000000000000000000000000000
80000000000000000000000006000002F000007F800007FC0000E1C0000E0C0000E0C0000E1C000063C00007F800007F800007F800007FC00007FC0000C180000C180000C780000FF800007F800007A00000000000000000000000000000000000000
00000000000000000000000000000007F80001FFE0007FFE0007FFF0007FFF0007F078007C038007C0380078038003803C003C07C003C07E001E3FC000FFF8000FFF80007FF80003FF00001FE00001FE000001C000000000000000000000000000000
7000000000000000018000001C000001C000001C000003C000003C0000038000003800000380000038000007000000700000070000007000000700000070000007FF00003FF80001FF800001F80000000000000000000000000000000000000000000
40000000000000000200000030000003000000300000030000001000000100000010000001800000180000018000003FC00007FE00007FF00003830000181800018100001010000101000010000000000000000000000000000000000000000000000
900000000180000018000000C000000C000000C000000400000060000006000000600000073000007FC00003FE00003C3000038180003818000383800018F80001FF00000FE0000038000000000000000000000000000000000000000000000000000
4000000000000000000000030000003800000380000018000001C000001C000001C000001C580000FFE0000FFF8000FFF80007C1C000700C000700C000700E000300E0003006000300600030030001000000000000000000000000000000000000000
200000000000000000000000000000006000001F000001F800063DC0007F8C0003FCC00007FC00003FC00003A80000300000038000001800000187000018700000CF00000FF000007E000007C000003C0000018000000000000000000000000000000
6000000000000000000000000000000000000000000007800000FC00001FF00001FF80003C3800038380001FFC0001FF80000FF8000079C000001C000001C000001C000001C000001C000001C00000180000018000001800000180000000000000000
3000000000000000000000000000001FF00003FF80007FFC0007C1E000700600060020006000000700000038000001E800000FE00000FE000003E1C0003C7E00038FE00031FC0003FE00001F800001F000000E0000000000000000000000000000000
20000000000000000000000000000000000000078000E0FC00070FE00070FE0003FC60003FC600007FE00007FE00007FC0000708000030000003000000300000018000001C300001C700000E7000007F000003E000001C00000000000000000000000
00000000000000000000000000000003E000007F80000FF80000FFE0000F3E0000C060001C060001C060001C060001C060001C060001E060000F0E0000FDE0000FFE00007FE00003FC00000FC00000180000018000000000000000000000000000000
20000000000000000000000000000000000004070000E0F000079F80003FD80000F8800007C800003F800003F800003900000300000018000001800000080000008600000C700000660000076000003E000003C000000C00000000000000000000000
10000000000000000000000000000001C000001C000001C000000E000000E000000E000000E000000E000000E000000E000000E000000E000000E00000070000007000000700000070000007000000300000030000000000000000000000000000000
3000000000000000000000007800000FE00001FE000018F000010380001018000301800030000003000000180000018000000FE08000FE3C0003E780001C7000018E00001BC00001FC00001F800001E00000000000000000000000000000000000000
200000000000000000000000000000007F0003FFF001FFFF003FFFF003FFFF001FEFF000007E00000FE00001FC00003F800007F000007E000007C00000F800000F800000F8FC000FFFC000FFFC0007FF80003F0000000000000000000000000000000
6000000000000000000000000000000000000000000003E00003FF80007FFE000FFFF000FFFF800FFFF800FFEF800FFCF8003F8F800000F000001F000001E000003E000003E000003C000007C000007800000F800000F000000E00000000000000000
0000000000000000000000000000000000000000000001FC0001FFF8003FFFC00FFFFE01FC03E01E001E01E001E01C003E01C007E01E07FC01E07F800FFFF800FFFF0007FFC0001FF800003E000000000000000000000000000000000000000000000
6000000000000000000000000000000000000000000003FC0001FFE0003FFF8007FFF8007CFFC00FFE7800FFE7800FFE78003FCF800020F800001F800003F000003E00000FC00000F000001F000003E000003E000007C000006000000000000000000
80000000000000000000000007E00003FF80007FF8000FC78001E03C0038038003807800380F80070FF0003CFF0003FFE0003FFC0003FFF0007FFF000F01E000701F0007AFE0007FFC0001FFC00007E00000000000000000000000000000000000000
000000000000000000000000000000003C00003FF8000FFFC003FFFC003F87E007C01E007801E00F001C01E003C01C003C01C007C01E037800F1FF8007FFF0003FFE0001FFE00003F800000F800000000000000000000000000000000000000000000
6000000000000000000000000000000000000007000007FC0001FFF0007FFF000FE7F800F87F800E0FF801E3F3801FFE3800FFE7800FF878000007800000F000001F000001F000003E000007C00000F800000F8000006000000000000000000000000
700000000003C00000FC00000FC00001F800001F000001E000001E000003E000003E000003E000007C000007C000007C00000F800001F002003FFFE007FFFE007FFFE007FFFE003800000000000000000000000000000000000000000000000000000
30000000000000000000000002F80003FF80007FF8000FFE0001F800001E000001E000001FFC0001FFE0001FFE0000FFE00003FE00000FC00003F000003E00000FEF8000FFF8001FFF8001FFF8001FC00000000000000000000000000000000000000
1000000000000000000000000000000070000007C000007C000007C00000F800000F800000F800000F800000F000000F000001F000001F000001F000003E000003F000003E000003E000003E000003C000001C0000000000000000000000000000000
20000000000000000000000000000003FE0007FFE0007FFE0007FFE00000FC00000FC00001F800001F000003E000003E0000078000007800001F878001F8F8001F0F8001F7F0001FFF0000FFE0000FFC00001C0000000000000000000000000000000
000000000000000000000000000000003800001FF00007FF8001FFFC003FEFC007E03C007C03C00F803C00F003C00F003C00F007C00F00F800F03F800F87F800F9FF0007FFE0003FFC0001FF00000FE000001C0000000000000000000000000000000
30000000000000000000000003E00001FF80007FF8000FFF8001FC00001F000001E000001FF80001FFC0000FFC00007F800001F800003F000003F100007E300007FF8000FFF8001FFF8001FFF0000E000000000000000000000000000000000000000
70000000000780000078000007800000F800000F800000F800001F000001F000001E000003E000007E00000FC00000F800000F800001F03E001FFFE003FFFF003FFFE003FFFE003F00000000000000000000000000000000000000000000000000000
7000000000000000000000001E000001F000001F000001E000001E000003C000007C000007800000F800000F800000F000000F03F003E7FF003FFFF007FFFE007FF80003F800003C00000000000000000000000000000000000000000000000000000
10000000000000000000000000000001E000001E000001E000000E000000E000000E000000E000000E000000E000000E000000E000000E000000E000000E000001E000001E000001E000001E000001C000001C0000000000000000000000000000000
000000000000000000000000000000000000001FF80007FFC001FFFC003FFFE007F03E00FC03E00F803E01F003C01E007C01C007C01C007C01E00F801F01F800F07F00078FF0003FFE0003FFC0001FF80000FC0000000000000000000000000000000
100000000000000000000000000000003C000007C000007C000007C000007C0000078000007800000F000000F000000F000000F000000E000001E000001E000001E000003E000003C000003C000003C00000180000000000000000000000000000000
0000000000000000000000000000000000000007F80003FFC0007FFE000FFFE003F81E007E01E00F801E00F003E01E00FC01C01F801C03F801E0FF001FFFF000FFFE0007FFC0000FF8000002000000000000000000000000000000000000000000000
80000000000000000000000007800001FC00003FE000078E0000706000060E0000E0E0000E1E000063C00007F800003F800007FC0000FFC0001C1C000183C000187C0001FFC0000FF800007E000001800000000000000000000000000000000000000
500000000000000000000000000000000000000FC00001FF00001FF800038F8000383800038000003C000001F800001FE000007E000001E00000FC00007FC0003FF8003FFF0007FC60000000000000000000000000000000000000000000000000000
4000000000000000000000003C000003C000003C000003C000003C000003C000003C000003C00000FFFC001FFFC001FFFC0007C3800038380003878000387000038700003860000300000070000003000000000000000000000000000000000000000
900000000000000000000000007000003F80000FF80001FE00007F00000FC00001FE00003FF80007FFC0007FFE000383F000380F000700F000700F000780F000383E0007FFE0003FFC0001FF800007E00000000000000000000000000000000000000
100000000000000000000000000000007000000F800000F80000078000007800000F000000F000000F000001F000001F000001E000001E000001E000001E000001E000001E000001C000001C000001C000001C0000000000000000000000000000000
90000000000000000000000000FC00003FE0000FFE0003FFE000FF80001FC00003F800003FF80007FFE00077FF00073FF800F007800E007800E00F800F01F000F03E0007FFC0007FFC0003FF80000FF00000000000000000000000000000000000000
900000000000000000000000001E000007F00001FF00007FE0001FC00003F80000FF00003FFC0003FFF0003FFF8003E0F8003C078003807800780F800781F000703E00071FE0007FFC0007FF00003FC00000000000000000000000000000000000000
30000000000000000000000001F000007FC0000FFC0001E1C0003C0C0003800000380000070000007BC00003FE00003FC00003FC0000FF00000F000001E000001C000003CF80003FF80001FF00001E000000000000000000000000000000000000000
40000000000000000000000006000000E000000E000000E000000E000000E000001E000003E000003FC00003FF80007BFC000707E000F03C001E038001C078003C070003C06000380C000700000020000000000000000000000000000000000000000
9000000000020000003000000600000060000006000000E000000E000001C0000018000003800000380000030C00007FE00007FF0000F830000E030000C0F000061E00007FC00003F0000000000000000000000000000000000000000000000000000
000000000000000000000000000000003FC0000FFE0003FFE0007E0F000F807003E007003C00F007800E00F001E00F001E00F003E00F007C00F00F800F39F000FFFE0007FFC0003FF80001FF00000F800000F00000000000000000000000000000000
20000000000000000000000000000000000000006000043FC000FFFE000FF9E000FE7C0007FF80007FE00007700000E0000006000000E000000E000000E000000E000000E380000E780000FF80000FF000007E000003C000000000000000000000000
50000000000000000000000007E00001FF00003FF80003C1C000781C000E01C000E01C000E000000E000000E000000FFF0000FFF00007FE000001E000001E000007C0000078000FFF0000FFE000003800000000000000000000000000000000000000
60000000000000000000000000000000000000000000001000001D800007FC0003FFE0003C7F000F07F000E0FE000FFEE0007FCE0001E0E000001E000001C000003C000007C00000F000001E000001E000001E000001C000001C00000000000000000
000000000000000000000000000000007C00001FF80007FFC001FE1E001E01E003801C003001C007003C003001C00700380070038007007000380F000381E000387C0003DF00001FE00000FE000007C00000380000000000000000000000000000000
2000000000000000000000000000000007C00181FE001C3FE001C7C6000FF0E0007F1E0003FFC0003FF000070000007000000F000001E000001C000001C000001C1C0001C7C0001FFC0001FF80001FE00000300000000000000000000000000000000
30000000000000000000000003C000007F00001FF80001E380003838000301C000701C0006008000E000000600000077000007F800007F80000FF00001E000001C000001C000001FFC0001FFC0000FF00000000000000000000000000000000000000
5000000000000000000000000000000000000007F00000FF80001E1C0001C0E0003807000380300030000007000000700000030E00003FE00001FC000007C00000F80000FF00003FC00007F80000E000000C000000000000000000000000000000000
80000000000000000000000007000001FC00003FE00007060000606000070E000071C000079C00003F800001F800000F000000F000001F800003980000398000071C000071C00007F800007F000007800000000000000000000000000000000000000
1000000000000000000000000100000030000003000000300000070000007000000700000070000007000000E000000E000000E000000C000001C000001C0000038000003800000380000038000003000000000000000000000000000000000000000
90000000000000000380000038000003800000380000078000007000000F000000F000000F000000E0F0001FFFC003FFFE003FC0E003E00E007C01E007003E00700F8002C3F0000FFC00003F800000000000000000000000000000000000000000000
60000000000000000000000000000000000000000000007000001FC00007FE0000FFF0001FF700019C60003F8E0001F0E000180E000001C000001C000001C0000038000007000000E000000E000001E000001C000001C000001800000000000000000
20000000000000000000000000000000000000007C00601FE00F03FE00F079C0078F38003CFF0001FFE0000FFC00007C0000078000007000000700000061F000063F00007FE00007FC00007F800007F800003F0000000000000000000000000000000
800000000000000000000000000000003F000007F80000E380001C38000187000018F000018E00001FC00000F800000F000001F000003F800007180000F180001E180001CF80003FF00003FE000060000006000000000000000000000000000000000
4000000000000000000000000C000001C000001C000001C000001C00000180000018000003C000003FF00003BF80003038000301800030380007070000707000070600006060000600000060000006000000000000000000000000000000000000000
4000000000000000000000000180000018000003000000300000070000007000000E000001F800001FF000038F800078380007078000E070001C0E000181C000383800030380007000000600000040000000000000000000000000000000000000000
40000000000000000000000000000000C000001C000001C00000180000038000003E000003FE000073F80007078000E038001E038001C070001C07000380F000300E000300E000300C000600000060000002000000000000000000000000000000000
50000000000000000000000000000000FE00003FF00003CF8000703C000F01C000E01C000C00C000C000000C000000C000000FFF00007FF00003FE0000038000007800000F00000DE00007FC0000FF00001E000000000000000000000000000000000
2000000000000000000000000000000000000000000000000000000000000F801FF3FC01FFFC60181FEE0001FFC00018300003800000300000030000007000000600000063C00007FC00003F000001800000000000000000000000000000000000000
000000000000000000000000000000001C00000FF80007FFC000FEFE001F01E003C00E003C01E003801E003801C0038038007007800700F800708F00031BE0003BFC0001FF80001FF00001FC00000FC000007C0000000000000000000000000000000
80000000000000000000000007C00000FF00001C7000038700003070000707000038F000039E00003BC00001F800001F000000F000003F800003DC000079C0000E0C0001C1C0001CF80003FF80003FE00000000000000000000000000000000000000
6000000000000000000000000000000000000000000000F800003FC00007FC0000E0E0000C1C0001C7C0000CFC0000FF80000FF8000007000000F000000E000000E000001C000001C0000018000003800000300000030000002000000000000000000
4000000000000000006000000E000000E000001E000001C000003800000380000078000007FC0000FFF8000E3FC000C01C000C01C001C0380018070003806000300E000703C000F018000601000000000000000000000000000000000000000000000
6000000000000000000000000000000000000000000001FC00007FE0000FFF0003EF780038E380070E380071C380063838007F038007F038007C078003007000000E000003E000003C00000380000038000007000000E000000C00000000000000000
700000000007000000F000000F000000E000001C000001C000003800000380000070000007000000F000000E000000E000000E000000F0000007000000781C0007FFC0003FFC0001FF000000000000000000000000000000000000000000000000000
100000000000000000000000000000001C000001C0000038000003800000780000078000007000000F000000E000000E000000E000001C000003C00000380000038000003800000380000038000003000000300000000000000000000000000000000
300000000000000000000000000000000000001FE00007FF00007FF0000FE00000E000000C000000600000070000003FC00001FE00000FE00001FE00003E000003C000003000000300000038000001FC00000FC000003800000000000000000000000
70000000000C000000C000000C000000C0000008000001800000180000038000003000000300000030000007000000600000060000006000000400400043FC000FFFC000F278000C00000000000000000000000000000000000000000000000000000
0000000000000000000000000000000000000000C00000FF00003FF00007FF8000FFF8001F038001C03800380380038070003007000780F000380E0001C1C0001E3C0000FF80000FF000004E000001E000001C0000008000000000000000000000000
2000000000000000000000000000000000000E000000FF0FC00FFFFE000FFFE0003FFC0007C1C000E000001C000001C0000038000003800000380000018000001C000001E000000F0300007CF00003FF00001FF000003C00000000000000000000000
100000000000000000000000000000003000000380000038000007800000780000078000007000000F000000F000000F000001F000001E000001E000001E000001E000001E000001E000001E000001E000000C0000000000000000000000000000000
10000000000000000000000000000001C000001E000000E000000E000000E000000E000000E000000E000000E000000E000000E000000E000000E000000E000000E000000E000000E000000E000000700000060000000000000000000000000000000
400000000000000000800000180000018000003800000380000038000003000000300000070000007FE0007FFFE01FFFFE007FFFE000700E0007006000600400060040006004000600400060000000000000000000000000000000000000000000000
70000000000E000000E000000C000001C00000180000038000003800000700000070000007000000600000060000006000000E00C000E00C000E00C000FC1C0007FF80003FF800003E000000000000000000000000000000000000000000000000000
50000000000000000000000000000000000000FF00001FFF0003FFF8007FFFE007FFFF00780FE003C008003F800000FF800007FE000017F000003F800001F8001FFF000FFFF0007FFF000FF7E0000E040000000000000000000000000000000000000
5000000000000000000000000000000000000000000000C00001FFE0001FFFC001FFFE001FFFE000FF1E0003FE000007F000000F00000030000007000003F001FFFE001FFFE0007FFC0003C0000000000000000000000000000000000000000000000
100000000000000000000000060000006000000C000000C000000E000000E000000E000000E000000E000000E000000E000000E0000006000000600000060000007000000700000060000003000000200000000000000000000000000000000000000
300000000000000000000000000000007F80001FFC0007FFE000FE0E001F002001E00000180000018000001C000000F0000007E000003F000003F000007E000007000000700000030000003FF80001FF80000FF800000000000000000000000000000
900000000030000003000000300000060000006000000E000000C000000C000000C0E0000C1F0000C39000086100008C10000B830000A070000E0E0000E3C0000FF800007F800003C0000000000000000000000000000000000000000000000000000
000000000000000000000000000000000E000007F80000FF8000FFF8001FFF8001FE38003F838003C0380078038007003800700380060078006007000600F000601E000603E000703C0003C380003FB00000F00000000000000000000000000000000
6000000000000000000000000000000000000003C00003FF0001FFF8003FFF800FE3B801E079C01C079C0100F180101E180183C1801C783800EF83800FF038007E030003E070001807000000F000001E000000C000000C00000000000000000000000
40000000000000000000000002000000700000070000006000000E000000E000000C000001C000001DC00007FE0000FFF0000FC7000070300003030000307000030300007030000601000060000006000000000000000000000000000000000000000
100000000000000000000000000000001C000003E000007E000003C000003C00000380000038000007800000F000000F000001E000001C000001C000003C0000038000003800000780000070000007000000600000000000000000000000000000000
3000000000000000000000001FC00007FF80007CFC0007008000600000070000007000000700000073C00007FE00007FC00007F000007800000F038001E078001E3F8001CFC0001FF00001FE00000E000000000000000000000000000000000000000
40000000000000000000000000000000600000060000006000000E000000E000000C000003E38000FFF80019FF000138E000030C000071C00007300000E300000C200000C200001800000180000018000001800000000000000000000000000000000
7000000000000000001C000003C000003800000300000070000007000000E000001C000003C0000038000003838000707000070F0000E1E0000E1E0000F3C0001FF80003CF80003820000300000000000000000000000000000000000000000000000
1000000000000000000000000000000007000000F000000F000000F000001E000001E000003C0000038000007000000E000001E000001C000003C0000038000007000000F000000F000000E000000E000000C00000000000000000000000000000000
2000000000000000000000000000000200000070FE00079FF0003FCE0003F9E0001FFC0003FF00007B00000F000000E000001C000001C00000380C000781E000707C000E0F8000E3F0000FFC0000FF00000F800000000000000000000000000000000
30000000000000000000000000000001FF00007FFC000E7FC000E01C001C0080038000003800000380000038000003C000001FFC0000FFC00007F80000780000070000006000000E0F0000FFF0000FFC00003E0000000000000000000000000000000
70000000000000000018000003800000380000070000007000000E000001E000001C000003C00000380000038000007030000E070000E070000C0E0001C1C0001FFC0003FF80003C70000380000000000000000000000000000000000000000000000
800000000000000000000000000000003C00000FF00000F780000C1C0001C1C0001C3C0001CF80001FF00001F800003F000007E00000F700001C70000383800070380007070000E1E0000EFC00007F000003C00000000000000000000000000000000
300000000000000000000000000000007800001FE00003FF00007FF80007E3800070080006000000600000060C000073C00007F800003E0000038000007000000E180000E3C0000CF80001FE00001F800001E00000000000000000000000000000000
000000000000000000000000000000001E00001FF80001FFC0003F9C0007C1C000F01C000E038001C038001C07000380F000380E000381E000383C0003878000387000038F00003FC00001F800001F800000300000000000000000000000000000000
100000000000000000000000000000000E000000C000001C000001C0000018000003800000300000070000006000000E000000C000001C000001C00000180000038000003000000300000030000002000000300000000000000000000000000000000
6000000000000000000000000000000000000000000007FF8001FCF8001C0F800300D8007019800607380061E70007FC70007F0E000181C0000038000007800000F000001E000003C000003800000F000001C000001C0000018000000000000000000
20000000000000000000000000000000000000000F001C03F800E0F18007FC38001F870001FFC0003FF00007800000E000001C00000180000038000003000000700E000601E00061FC0007FF80007FC00003F00000000000000000000000000000000
300000000000000000000000000000007F00007FFC000FFFE001FFFE003FFFE00380000038000003000000300000038000003C000001FFC0000FFC00007F80000F800001E000003C030003FFF8001FFF8000FFF000000000000000000000000000000
4000000000000000000000000000000070000006000000E000000C000001C00000187E001FFFF003F03E000701C000E038000E0F8000C070001C0E000180E000301C00030180003000000600000060000004000000000000000000000000000000000
30000000000000000000000000000001FF80007FFE000FC3E001F01C001C008001C0000038000003801000380F8001C7F8000FFF00007FC00007800000F000001E040001C000001C3E0001C7C0000FF00000FE0000000000000000000000000000000
50000000000000000000000000000000000000000000007F00000E3C0001C0E00038060003000000300000030000003FE00001FE000001C0000038000007000000600003FC0001FF80001C00000000000000000000000000000000000000000000000
30000000000000000000000000000000FF00003FF80007FFC000FFFC001E1FC001E078001C000001C000001C000000C1F0000FFF00007FF00003FC00007800000F000000E1C0001EFC0001FF80000FC00000780000000000000000000000000000000
1000000000000000000000000000000007000000F000000E000001E000001E000003C0000038000007800000F000001E000001E000003C000003C00000780000078000007000000F000000E000000E000000C00000000000000000000000000000000
9000000000000000000000001C0000018000003800000307C00073FE0007FDE0007E0E000F80E000F00E001E00C001801C00380380038078007007000701E000703C00070F800031E00003F800001E000000000000000000000000000000000000000
9000000000060000006000000E000000C000000C000001C000001C0000038000003800000380000070000007FE00007FF0000F070001E038000C070000C0E0001C7C0000FF00000FE0000000000000000000000000000000000000000000000000000
80000000000000000000000000000001FE00001CF00001C300001C300001C700001DF00001FE00001F800001F000003F8000073C0000E1C0000C0E0001C0C000181C00038780001DF00001FC00001F000001800000000000000000000000000000000
100000000000000000000000000000000E000001F000001E000000E000001E000003C00000380000070000007000000E000000C000001C0000038000003800000780000070000006000000E000000E000000C00000000000000000000000000000000
20000000000000000000000000000000000000C01E000E07F000F1FF0007F870003F0F0001FFE0003FF800070C0000E000001C000001C00000380000038000003800000381C000387C00039F80003FF00001FC0000078000000000000000000000000
600000000000000000000000000000000000000000000000000070F0001E0D80038098006010C0060E0C00C3C0C007F00C007A00C00000080000018000001800000300000070000004000000C000001800000300000060000006000000C0000000000
2000000000000000000000000000000000000000E000003F0001CFF0003FFF0000FFF00003FC00001C00000100000030000003000000300000030000003000000380000038000001C000000E000000FC000007C000001E00000000000000000000000
40000000000000000000000000000000C00000180000018000001000000700000060000007000003FFF8003FFFE007FFFE001C00000180000010008003001800300300030060002006000600C000600C0004000000000000000000000000000000000
00000000000000000000000000000000000000000000000F000003F80001F0C000700E000E00600180060020006006000600C000C008000C008000C01C001800FFF00007FF00000000000000000000000000000000000000000000000000000000000
40000000000000000000000C000000C00000000600000060000006000000E000001FD00003FFC000FDFE000F81E000F01C001F01C001E0380038038003807000780F000E006000E00E000C00000000000000000000000000000000000000000000000
2000000000000000000000000000000000000000000000000000007800001FC00007F80003FE00007E00000200000080000010000001000000200000020000002000000200000031800003F8000018000000000000000000000000000000000000000
000000000000000000000000000000001F00000FF80001EF80003C18000F038000E01000180300038030003006000600C000600000040100004070000607000060E0000704200030840001DF80001FF000003E0000000000000000000000000000000
7000000000000000000C000000C000000400000000000010000001000000200000040000004000000C0000008000001800000100000010000001000000100000000000006B000007C0000038000000000000000000000000000000000000000000000
30000000000000000000000000380000060000018000007000000C0000018000001000000300000030000002000000300000018000000F800000F800001C0000018000001800000020000000400000060000000000000000000000000000000000000
70000000000000000000000000000000180000030000003000000200000040000004000000400000080000008000001800000180000030000003000000300000030000004000000000000000000000060000006000000000000000000000000000000
800000000000000000000000000000007800000E80000180000010000003080000308000018800001A000001E000001C000001C000005C00000060000002000000100000010000003800000600000E200000700000000000000000000000000000000
7000000000030000007000000700000030000006000000E000000C000000C000000C00000280000038000003800000300000070000006000000600000060000007FE00007FE0000218000000000000000000000000000000000000000000000000000
900000000000000000600000040000000000000000000000000018000001000000100000000E000021C00006300000C860000F8C0000E0C0000E1800000180000030000002000000C0000030000000000000000000000000000000000000000000000
00000000000000000000000007C00000FF00003FF800078380007018000E018001C018003C038003803800380300030070003007000700E000300E000300C00038040001F070000FFF80007FF80000E00000000000000000000000000000000000000
10000000000000000000000000000000380000038000003800000380000038000007000000700000070000007000000600000060000006000000E000000C000000C000000C000001C0000018000001800000180000000000000000000000000000000
90000000000000000060000006000000E000000C000000800000180000010000003000000318000033C000030C000038C000020C00000080000418000007000000E00000F800000F000000C0000000000000000000000000000000000000000000000
500000000000000000000000000000000000000000000000000000F800001C40000600000040000004000000760000006000000400000180000030000FFC0003C08000000000000000000000000000000000000000000000000000000000000000000
100000000000000000000000000000000C000000C000001800000080000000000003000000700000070000006000000C000000C0000008000000000000080000010000001000000100000018000003000000100000000000000000000000000000000
80000000000000000000000038000007C00001000000180000000200000010000006000000E000007E000003C000003C00000F0000004000000C300000038000101C000000E0000006000000600000060000000000000000000000000000000000000
90000000000000000000000000C00000180000038000003000000300000060000004000000C20000183000023F80003E100003C30000784000000C0000138000007000001C00000B800001E0000018000000000000000000000000000000000000000
6000000000000000000000000000000000000000000000FE00001FF00007F80001EB980038F18003FE18003FC10003F030000C070000007000000E000000E000000C000001C0000018000003000000B000000E000001C000001C00000000000000000
6000000000000000000000000000000000000000800000FC00003FC000061E0000C0E0000C1E0000C360000FE60000FCC000000C000001800000180000030000007000000E000000C0000018000003000001E000000C0000000000000000000000000
7000000000001C0000038000007000000E000000C00000180000038000006000000E000001C00000380000030000007000000E000000C000001C0000018000001C078001FFF8000390000000000000000000000000000000000000000000000000000
700000000000380000030000007000000E000001C000001C0000038000007000000E000001C000001C0000030000007000000E000001C000003800000301F80073FF8007FF00007E00000000000000000000000000000000000000000000000000000
800000000000000000000000000000003FC0000FFE0001C060001806000181C000181800018700000DC00000F000003F00000FB80001E180003818000601800040180000038000007000081E0000CF800007C00000000000000000000000000000000
3000000000000000000000000000000000000003F80001FFE000F807001E001803800180700000070078003E3F8001FFC00003E0000038000007000000E1F0000FFF0001FFF0000FFA000000000000000000000000000000000000000000000000000
900000000000C0000018000001800000180000010000003000000300000060000006000000C000000DE00001FF00003C3000070300007060002E0E0003C1C00038780001FE00000F80000000000000000000000000000000000000000000000000000
30000000000000000000000000000000FF80007FFC003F80600F800200E000001C0000018000001C000001E0018007F1F8001FFF80001F800007800000F000000C000000C800000FFFE0003FFE0000700000000000000000000000000000000000000
100000000000000000000000004000000C000000C000001C000001C000003C00000380000038000007800000F000000E000001E000001C000003C0000078000007000000E000000E000003C0000038000000000000000000000000000000000000000
6000000000000000000000000000000000000000000000F98000FFF8001E07000300F000201F000207300031E60003F86000080C000001C00000180000030000007000000E000001C0000038000007000000E000007C0000070000000000000000000
40000000000000000000000000000000040000004000000C00000180000010000003000003FE0000FC3000098100001030000306000060C0000C080000C00000180000030000006000000600000080000008000000000000000000000000000000000
100000000000000000000000000000000020000006000000E000001C000003800000F000001E000003C00000F000001E000003C000007800000F000001E000001C0000038000007000000700000060000006000000000000000000000000000000000
2000000000000000000000000000000000000000FC00003FE00F0F03003FC03000F8030007C06000FF0C000C7F800180E00018000003000000300000070000006000000607C00030FC0003FF00000F800000000000000000000000000000000000000
2000000000000000000000000000000007000001F800003F800007F8003FFF8003FFF8003FFE0001FE000007800000F800000F000000E000001E000001E000001E0E0001E1E0001FFE0000FFC0000FF800003B0000000000000000000000000000000
30000000000000000000000000F000003F80000FF80001FF80007F1C0007C18000F800000F800000F7C0000FFE0000FFC0000FF80000FF00001F000003E000003C000003FF80003FFE0001FFE00007800000000000000000000000000000000000000
6000000000000000000000000000000000000000000000FC00003FC00007FE0000FFE0001FFE0003FCE0001F1E0000C1E000001C000003C000007800000F800000F000001E000001E000003C00000380000070000006000000E000000000000000000
20000000000000000000000000000000000000007F00001FF00003E70078FC700FFFCF00FFFFC001FFE0000FF00000F000001E000003E000003E000003C000003C038003C078003FFFC001FFF8001FFC0000000000000000000000000000000000000
500000000000000000000000000000000000000000000000000001E000007FC0001F0600038040003C000001F800000FC000001C000003C0000870001FFE0001F78000000000000000000000000000000000000000000000000000000000000000000
200000000000000000000000000000000000000000000000000000000000000000007C0000FFC000FFF8007FF8000F8F0001E0E000180C080201CF80001FF00001F800000000000000000000000000000000000000000000000000000000000000000
7000000000001C000003C000007C00001FC00001F800003F000007E00000FC00001F800003F000003E000007C00000FC18001F87C003F0FC007F3F800FFFF000FFFE000FFF8000F1E0000000000000000000000000000000000000000000000000000
80000000000000000000000000000000000000000000001E000003F800003BC00007FC00007F00000FC00003F8000079C0001E1C000381C0007038000CC700018FE00030FC00000000000000000000000000000000000000000000000000000000000
10000000000000000000000000000000030000007000000F000001E000003C000003C00000380000070000007000000E000000E000001C000001C000003C000003800000780000070000006000000E000000C00000000000000000000000000000000
10000000000000000000000000000000018000007C00000FC00000F800001F000003F000007E000007C00000F800001F800003F000003E000007E00000F800000F800000F000001E000001E000001C000001C00000000000000000000000000000000
800000000000000000000000000000001F000003F800007380000730000073800007F000003E000007C00000FC00001FC00007CC0000F8E0007E7C000FDF8003FFF00070F800000000000000000000000000000000000000000000000000000000000
400000000000000000000000006000000F000001F000003F000003E000007E00001FF0000FFF8003FFFC007FFFC00FF87C00BF0FC003E0F8007C1F000F83F001F07C003E0F800380F000100E000000400000000000000000000000000000000000000
40000000000000000000000000000001C000001C000001C000003C000003C000007C00001FFCE007FFFE00FFFFE00FE0FC003C0F800781F000703E000E07C001C0F000000E000001E000001E000000000000000000000000000000000000000000000
300000000000000000000000000000003F80000FFE0003FFF0007E0F0007C03000F806000F004000E000001E000000F0000007FE00007FF00003FE00007F80001FE00001FF00001FF80001FF00000FF800003F0000000000000000000000000000000
00000000000000000000000000000000000000000000003F80001FFC0003FFE000FE1E001E01E003C01E007C01E007803C01F807C01F91F800F9BF000F9FC000FFF80007FE00007FC00001F0000000000000000000000000000000000000000000000
000000000000000000000000000000003F80000FFC0001FFC0003FFE0007C1E000F01F001F01E001C01E003C03C007807C00780F800780F800781E000707E0007BFC0007FF80007FF00003FF00001FC00000F80000000000000000000000000000000
00000000000000000000000000000000000000000000003F00001FFC0003FFC000F83C003F01E007C01E00F001C00E003C01E003C01C007801C00F000E01E000F03C00078780003FF00000FE000007800000000000000000000000000000000000000
700000000000000000007000000F000003E000007C00000F800001F000003E00000F800001F000003E000007C00000F800001E000001C000003DFC0007FF8000FFF0000FBE00000180000000000000000000000000000000000000000000000000000
1000000000000000000000000000000003800000F800000F800001F800001F000007E00000FC00000F800001F000003F000003E000007C00000F800000F800000F000001F000001E000001E000001C000001C00000000000000000000000000000000
4000000000000000000000000000000007000000F000001F000001E000003C000007C00000FC0001FFFE00FFFFE01FFDFE010F0FC001E1F8003C3E000707C001E0F800001E000001C0000000000000000000000000000000000000000000000000000
6000000000000000000000000000000000000000000000E000003FBC0003FFC000FFFC000FFF8000FFE0000FFE0000FFE000033C0000078000007800000F000001F000003C00000FC00000F800001F000003C00000780000060000000000000000000
80000000000000000000000000000000000000000000001F800003F800007B80000738000073800003F000003E00000F800007F80001F380007838000E1F000183F000380C00030000002000000600000040000000000000000000000000000000000
000000000000000000000000000000001E00001FF80007FFC000FFFE001F01E003E01E007C01C00F801C00F003C00E007C00E00F800E00F800E01F000E07E000E0FC000FDF8000FFE00007FC00001F000000E00000000000000000000000000000000
9000000000000000003C000003C000007800000F800000F000001F000001C300003CF80007FFC000FFFC000FFBC001FC7C001F8F8003F1F0003E3E0007CFC00079F8000FFE00007FC00000F0000000000000000000000000000000000000000000000
2000000000000000000000000000000000000001FE00003FF0001FFF000FFFE003FFFE007FFFC00FFFE000FFE00001F000001E000001E000001E000001E000001E038001E0FC001FFFC001FFF8001FFF00007F8000000000000000000000000000000
000000000000000000000000000000001F00000FFC0001FFC0007FFE000FC1E001F01E003E03E003C07E003C0FC00381F800381F000703E000707C0007BFC0007FF00007FE00007F800007F000003E000003C00000000000000000000000000000000
000000000000000000000000000000000700001FFC0007FFE001FFFE001FFFE007F81F007C01F00F801E00F801E00F807E00F80FE00F81FC00783F800787F00078FC00079F80007FF00007FC00007F800000700000000000000000000000000000000
90000000000000000000000000E000001E000003C000007800000F800001F000003E400007FF8000FFF8000FFFC003FC3C003E03C007C07800780F800703E000407C00061F80007FE00007FC00003E000000000000000000000000000000000000000
2000000000000000000000000000000000000000000000000000000000000000000000001FC7C00FFFF801E03F003003000300700030060001007F000003E000000000000000000000000000000000000000000000000000000000000000000000000
000000000000000000000000000000001F800007FC0001FFE0003FFE0007E1E001F81C001E03C003C03C003807800780F800780F000701E000783C00039FC0001CF80001CF80001FF80000FF000007E00000180000000000000000000000000000000
7000000000003800000380000078000007000000F000000E000001E000003C000007800000F000001E000003E000007800000F800001E1C0001E3E00078FC0007DFC001FFE0000FF80000000000000000000000000000000000000000000000000000
200000000000000000000000000000000000001E0000DFFC000FFFE000FC1F000000E000000C000001C000001800000300000070000006000000C000000C00000080000018000001800000183E00018FC0001FC00000E000000000000000000000000
00000000000000000000000000000003C000007F000007F80000C3C000181E0001807000300700030030003003000300300030030003802000380600018060001C8C0000FF800007F800003F800001F00000070000000000000000000000000000000
200000000000000000000000000000000000001FC00007FC000FFFC0007E1800038380000030000006000000E000000C000001C00000180000018000001800000180000018000001C0C0000C0C0000F3C00007F800001F00000000000000000000000
50000000000000000000000000000000000001FFC0003FFF8007FFF0007C00000780000078000003E000003FF80001FFF800003F800000380000038000007800000F000001E000007C00007F80000FF00001F800001E0000000000000000000000000
900000000000000000C000000C000000C000001C000001C0000018000001800000180000018000003C000003F000003FC000071E000060E0000E070000E03000030300001C3000007F000003E00000000000000000000000000000000000000000000
10000000000000000000000000000000700000070000007000000700000070000007000000F000000E000000E000000E000000E000000C000000C000000C000001C000001C000001C0000018000001800000180000000000000000000000000000000
5000000000000000000000000000000FE00003FFC0003FFF000380F00038020003800000380000038000001C000000E0000007FFC0003FFE00000060000006000000E000003C0000FF8003FFF0007FF00003C00000000000000000000000000000000
7000000000018000003800000380000070000007000000E000000E000001C000003C000003800000380000070000007000000E000000E000000E03C00060FC0007FF80007FE00003F0000000000000000000000000000000000000000000000000000
300000000000000000000000000000000000001FE0000FFE0001FFE0001F060003C0000038000003800000380000018000001C000000FFE00003FE00001F000000E000000C000000E000000E3000007F000003F000001E00000000000000000000000
60000000000000000000000000000000000000080000008000000800000FC00000FF00001FFC0001B9E0001F060001E070000E06000080600000060000006000000C000000C0000008000001800000100000030000002000000000000000000000000
400000000000000000000000180000018000001800000180000038000003800000380000038000007C00007FFF0003FFF8001F7F8000F038000E038000E030000E070000E060000E060000E0600006040000000000000000000000000000000000000
30000000000000000000000000000000FC00003FE00007CF00006010000E000000C000000C000000E000000600000073C00003F800001F800001800000180000018000001C000000E0000007B000007E000001C000000000000000000000000000000
30000000000000000000000000000000FC00007FE0000FCE0001E000001800000180000018000001C000000E000000F0000003F800001F800000E00000180000018000001C000000E000000FE000007E000000E000000000000000000000000000000
40000000000000000000000002000000300000030000003000000600000060000006000000E000001FC0000FFC0000FCC00001CC000018C000018C000018C000018800001080000100000038000001000000000000000000000000000000000000000
70000000000E000001E000001E000000C000001C000001C000001C00000180000038000003800000300000030000007000000700000070000006000000601000070380007FF80001FF800000000000000000000000000000000000000000000000000
300000000000000000000000000000003C00000FC00003F4000038000007000000600000060000006000000700000030000003F000001F000000E000000C000001800000180000018000000DE00000FE000003C000000000000000000000000000000
1000000000000000000000000000000000000000000000600003F600001F600000F7000000700000070000007000000600000060000006000000600000060000006000000600000060000006000000600000060000006000000400000000000000000
200000000000000000000000000000000000000000001FF80003FFE0003FFE0003FFE000000E000001C000003C0000078000007000000F000000E000000E000000E000000E000000E000000F0000007C000007E000003C000001C0000000000000000
9000000000000000010000003800000300000030000003000000300000030000003000000300000030000003FC00007FE00007FE0000F060000E060000C06000000E0001F9C00003FC00000F000000000000000000000000000000000000000000000
8000000000000000000000000F000001F8000039800003180000318000011800001B000001F000001E000003E000007F80000F1C0001E060001C060001806000183E0000C3C0000EF800007E000003C00000000000000000000000000000000000000
40000000000000000000000008000001C000001C000001C0000018000003800000380000038000003FF0001FFF8007FFF8003F81800030180003018000701000070100007010000700000020000002000000000000000000000000000000000000000
00000000000000000000000000000001F000007F80000FFC0000FFE0001E0E0001C07000380300030030003003000300300030030001003000180600018060001C060000C0C000070C00007F800001F800000E0000000000000000000000000000000
6000000000000000000000000000000000000000000003E00000FF00000FF80001E3C000181E000181E000303F000303B00018730001FF30000FE30000783000000300000030000003000000300000020000002000000200000020000000000000000
5000000000000000000000003C000003F00000600000060000006000000E0000006000000700000038000003C000001F000000FE000001F000000E000000E000003C00000F800007F000007C000007000000000000000000000000000000000000000
100000000000000000000000000000006000000600000060000006000000600000060000006000000600000060000006000000E000000C000000C000000C000000C000001C00000180000018000001800000180000000000000000000000000000000
90000000000600000060000006000000E000000C000001C000001C000001C00000180000038000003800000380000037C00003FE00017FE0003F8E0001F1E0000FFC00007F800000E0000000000000000000000000000000000000000000000000000
20000000000000000000000000000000000000FFC0007FFC000FFFC000E01C000003800000300000060000006000000C000000C0000018000001800000180000018000003800000383000018700001DF00001FC00000F800000000000000000000000
000000000000000000000000000000003C000007E00001FE00001FF00003CF000070700007030000E030000E030000C030000C070000C060000C060000C0E0000E0C0000F0C0000F8C00007FC00003F800000F0000000000000000000000000000000
00000000000000000000000003800000F800001FC00001FC000039E000070E000060E0000E0E0000E060000E060000C060000C0E0000C0E0000C0C0000E0C0000E1C0000F1800007FA00003FE00000F80000000000000000000000000000000000000
000000000000000000000000000000007C00001FE00003FF00003C700007878000F838000F038000E038001E078001E070001E0F0001E0E0001C1E0001C1E0001C3C0000E7C0000FF800007F000001F00000060000000000000000000000000000000
400000000000000000300000070000006000000E000000E000000C000001C000001C0000038000003E000007FE00007FE000070E0000E0E0000E1C0000E1C0000C380001C380001818000180000000000000000000000000000000000000000000000
900000000000000001C000001C000001C000001C000003C0000038000003800000380000038000003F000003FC00007FE000078700007070000207000000E000060E000071C00003F800001F000000000000000000000000000000000000000000000
0000000000000000000000000000000006000007F80001FFC0003FFC0007C1C000F00C001E01C001C01C003801C00300380030038003007800300F000307E000307C000307C0003FFC0003FF80001FF00001F00000000000000000000000000000000
60000000000000000000000000000000000000000000007E00001FE00007FF0000FCF0001F870003F870003F0E0001C0E000181E000001C0000038000007000000F000000E000001C0000018000003800000300000030000002000000000000000000
50000000000000000000000000000000000000000000001E000007FE0001FFE0001E06000380C000300000030C00003FE00001FE000003C00000380000BF0001FFE0001FFC00000000000000000000000000000000000000000000000000000000000
6000000000000000000000000000000000000000000003F00000FFC0001FFE0003FFF0003C7780078F780070F780073F70007FFF0003FDE0003F3E0000C3C000007C00000F800000F000001F000001E000001C000001C000001C00000000000000000
9000000000000000001800000180000018000003000000300000070000006000000E000000F800001FC00001FE00003C60000386000070C000060C00006180000FF80000FF00001FE0000180000000000000000000000000000000000000000000000
500000000000000000000000000000001C000007E00001FF00003F300007FF80007BF800070100006000000600000070C00003FC00001FC00000FC00000780000070000007000000600003FE00003FE00001FE0000000000000000000000000000000
4000000000000000000000000200000060000006000000E000000C000000C000001C000001C000003F800003FC00003FC000039C000071C000073C00007380000E380000E100000C000000C0000004000000000000000000000000000000000000000
9000000000000000001C000003C00000380000078000C078000C070000C0F0000006000000E000001EC00001FE00003FF00003FF00007E700007CE000079E00007BE00007FC00003F800001E000000000000000000000000000000000000000000000
6000000000000000000000000000000000000007C00000FE00003FF80007FF8001F8F8001E078003C07800381F0003FFF0003FFE0001FFC0000FFC0000078000007000000F000001E000003C000003800000380000030000000000000000000000000
90000000000000000070000007000000700000060000006000000E000000C000000C000001C000001F800003FC000078400007040000E0C0000E0C0000608000061800003F000001E000001C000000000000000000000000000000000000000000000
300000000000000000000000000000001FE0000FFE0001FF00003E00000700000060000006000000602000071E00007FE00003FC00003E000007800000E000001C0000018000001C000001FF80000FF800003F8000000000000000000000000000000
80000000000000000000000007000003F000007F800007FC000078C000071C000061C000073C00003FC00003F800001F000003F000007F800007D80000F980001F8C0001F8C0000DFC0000EFE000007C0000000000000000000000000000000000000
7000000000000000000300000070000006000000E000001C000001800000380000070000007000000E000001C000001800000380000030000003000000618000067800007F000007E000007E000000000000000000000000000000000000000000000
7000000000030000007000000F000000F000000E000000E000001C000001C000001C0000038000003820000387000030700003060000706000070E000074E00007FE00007FC00001FC000000000000000000000000000000000000000000000000000
800000000000000000000000000000003C00000FE00003FE0000786000070600006060000606000060E000060C000079C00003F800001F800001F800003F8000079C000061C00000FC00003F800003E00000300000000000000000000000000000000
9000000000008000001800000180000038000003000000300000060000006000000C000000C00000080000018800001BC00003FC00003F8000079800007B80000FF00000FE000007C0000000000000000000000000000000000000000000000000000
400000000000000000080000018000001800000380000030000007000000E000000C000001800000380000033F00007FF0000FFF0000F3E0001C1C0001838000387000030600003040000200000000000000000000000000000000000000000000000
0000000000000000000000000000000000000003E00000FF00000FF80003FF80007FF00007C70000F070000E0F0001E1E0001C1E000183C000187800038F800031F000033E000037C000077800003F000007200000700000000000000000000000000
60000000000000000000000000000000000000000000007C60001FFE0003FFC0007DF8000F3F0001CFE0003DFC0003FFC0003FF80003F38000007000000F000001E000003C0000078000007000000E000000C000001C0000018000000000000000000
5000000000000000000000000008000007C00001FC00003D800007000000E000000C000000C000000F0000003E000001E000000C000001C000007C0005FF8003FFE0003FFC0000D000000000000000000000000000000000000000000000000000000
7000000000003000000F000000F000001E000003C0000038000007800000F000001E000001C00000380000078000007000000F000000E000001C000001FC00001FFC0001FFC0000FFC000000000000000000000000000000000000000000000000000
000000000000000000000000000000001E000007E00001FE00007C30000F070001C0700038070007007000700F000600E000601E000601C000603C000207C00030780001FF00001FE00000FE000003C00000180000000000000000000000000000000
30000000000000000000000001E000007F00001FF00001F300003C0000038000003000000380000018000001C0000006000000E000001E000003C000003800000700000061C00007FC00003FC00003F00000000000000000000000000000000000000
10000000000000000000000000000000600000070000007000000700000070000007000000E000000F000000E000001E000001E000001C000001C000003C000003C000003800000380000038000003000000100000000000000000000000000000000
300000000000000000000000000000003FC0000FFC0001FFC0007FFE000F8DC001F000001F000000FC000007E000000FC00000FC00000FC00001EC00007C00000F800001F3E0003FFE0003FFF0001FFC0000FE0000000000000000000000000000000
90000000000300000070000007000000E000000E000000C000001C000001800000380000038C00003FF00007FF0000FEF0000E0E0001CBE0003DFC0001DF80000FE000007800000300000000000000000000000000000000000000000000000000000
9000000000000000003000000700000070000007000000700000060000006000000C000000C000001FC00001FE00003FE00007060000F0E0000E1C0000E780000FF00001FE00001F000000C0000000000000000000000000000000000000000000000
800000000000000000000000038000007C00000FC00000EE00000CE00001DE00001DE00001FE00001FC00001F800000F800001F000003F000007FC000070C0000F0E0001F1C0001E7C0000FE00000780C000000000000000000000000000000000000
000000000000000000000000000000000F800007FC0001FFC0007E1C0007C1C000F01C001E03C001C078003C07000380F0003C060003C0E0003C3E0001E780001CF80001FF00000FE000007C000007800000700000000000000000000000000000000
9000000000000000000800000180000038000003000000300000060000006000000C000000C000001C0000018600001FF00007C20000706000070E000063C000067800003F000003E0000038000000000000000000000000000000000000000000000
000000000000000000000000000000003F000007F80001FF80003E380007838000F070001E070001E070001C06000180E000180C000381C000383800038300001C700001DE00001FC00000FC000007C00000380000000000000000000000000000000
20000000000000000000000000000000000000000000000000000038000007807001F003E03F000FEFC0001FF000001E000000C000000C000001C000001C3000019F00000FE0000078000000000000000000000000000000000000000000000000000
300000000000000000000000000000000F000007F80001FF80001E000003C000007800000700000078000003F000001F80000078000007000000E000001C000001C00000380000030E00007BE00007FC00001E0000000000000000000000000000000
2000000000000000000000000000000001C000007C00000FC00001FC00C03F800F87F0003FFE0001FFC00003F800003C000003800000700000070000006000000E000001C078001C1F8001FFF0001FF00000F80000000000000000000000000000000
40000000000000000007000000F000000F000001E000001E000001C00000380000078000007000000F00003FFF8007FFFC007FFFC000F8F8000F1F0001E3C0003C780003C7000038E0000304000000000000000000000000000000000000000000000
5000000000000000000000000000000000000007F80000FFC0000E000001C000001C000000F8000007E000000F00000070000007000001E000007800000F000003E0003FFC0003FC00000000000000000000000000000000000000000000000000000
60000000000000000000000000000000000000000000013C00007FE00007FE00007E60000FC70001F8F0001F0E0000E0E000001E000001C000003C000003800000380000070000006000000E000000E000001C000001C000001800000000000000000
000000000000000000000000000000001E000007F00000FF00001F300003C3000078700007070000E070001E0E0001C0E0001C1E0003C3C0003878000387000018F000019E00001B800001B800001F000000600000000000000000000000000000000
2000000000000000000000000000000007000000F800003F800007F80000FF803FFFE001FFFC0007FF80001FC000007800000780000070000007000000600000070E000073F00007FF00003FE00001F800000F0000000000000000000000000000000
1000000000000000000000000000000006000000E000000E000001C000001C0000038000003800000780000070000007000000E000001C000001C000001C0000038000003000000700000060000006000000200000000000000000000000000000000
60000000000000000000000000000000000000000000007800007FF8001FFFC003FFFC00FFF3800FFE1800FFC3800FF878007E0F000381E000001E000003C000007800000F000001E000003E000003C00000780000070000006000000000000000000
4000000000000000000000000600000060000006000000E000000E000000C000000C000000C0000018000001FF00003FF000031C00003180000610000061000006100000C300000C300000C100000C000000000000000000000000000000000000000
7000000000060000006000000600000060000006000000E000000C000001C00000180000038000003800000300000070000006000000600C000601C00060180006FF80007FF0000301000000000000000000000000000000000000000000000000000
20000000000000000000000000000000000000000F00000118078061801C183000E3070007E1E0007E7C0003FF80007FC0000C00000180000030000006000000700000070070007DFE0003FF80001F800000000000000000000000000000000000000
3000000000000000000000000000000000000001FF0000FFF8003F038007001800E00080180000030000006000000700000030300003CF00001FC00000F000001C000001800000380C0001FFC0001FF800003C0000000000000000000000000000000
80000000000000000000000000E000001F80000338000060C0000C0C0000C0C0000C1C0000C780001FE00003F80000F800001D8000039C0000318000031C000030C000038C00003DC00001F8000006000000000000000000000000000000000000000
70000000000C000000600000060000006000000C000000C000001C0000018000003800000300000060000006010000E010000C030000C030001C070001CFF0001FFE0001F800000C00000000000000000000000000000000000000000000000000000
200000000000000000000000000000000000000000000000C006007F00601E30030387003CE1F001FEFE000FFF0001FFC000380000070000006000000C000000C003000607F0007FFC0001F7000000000000000000000000000000000000000000000
30000000000000000000000000000000000000001800000FF00007FF8001FC10003E0000030000002000000300000018000001F000001F00001F800003E000007FFC0007FF80003C00000000000000000000000000000000000000000000000000000
400000000000000000000000000000001E000003C000003C000007800000F000000F00000FE02003FC0F001FF1F0007FFE000F3FC001E078001C0F0003C0E000381C0007038000F030000E030000E0000004000000000000000000000000000000000
300000000000000000000000000000007C00001FF0000FFF8003F818007C00800F000800C000000C000000C00000040300003FF00000FE00000FC06001F01F001C7FF001FFFC001FFC000008000000000000000000000000000000000000000000000
100000000000000000000000000000000200000030000007000001E000001E000003C000007C00000F800001F000001E000003C00000380000078000007000000E000001E000001C000003C0000018000001000000000000000000000000000000000
300000000000000000000000000000000000000DF80007FFF001FFFF803FC07803C0018070000006000000700000070000003E000001FF800007F800007E000007000000E070000FFF0001FFE0000FE00000000000000000000000000000000000000
600000000000000000000000000000000000000FE00003FF00007FF0000E010000C010000C038000E070000FCF00007FE00003FC00001FC0000038000003000000E000001E000003C000027800003F000001E000001C0000000000000000000000000
000000000000000000000000000000000D800003FC0000FFE0003FFE0007E06001F804001E00C003C00C003801C0070038007007800700E000601C000607800060F000061F00007FC00007F800007F000003800000000000000000000000000000000
50000000000000000000000000000000000000000000003C000007F80000FFC000180E0001002000100000018000001C0000007F000001F0000086000079C001FFF0001FFE00000000000000000000000000000000000000000000000000000000000
000000000000000000000000000000007800001FE00003EE000038E00007060000E0E0000E0E0000C0E0000C0E0001C0C0001C1C0001C1C0001C180001C380001C300000E700000FF000007E000003E00000060000000000000000000000000000000
500000000000000000000000000000003E000007F00000FF00000E700001C200003C000003800000380000038000001C000001FC00000FE000001C000001C000003800003F80000FF00001FE00003E000003800000000000000000000000000000000
900000000000000000C000001C000001C000001C000001C000001C000001C000001C000001C000001C000001C000001FC00003FE00003E700003C70000387000038E00003BC00003F800003F000000000000000000000000000000000000000000000
20000000000000000000000000000000000000C000001F3E0000FFF8000FFF80007FF80003FF80003FF00003800000700000060000006000000E000000C000000C000000E000000E1000007F000007F000003F000001C000000000000000000000000
4000000000000000000000001C000001C000001C000001C0000018000001818000B838001F878000F9F0000FFE00003FE00003FE000030C000030C000070C000070C000071C000071C000071C00003080000000000000000000000000000000000000
800000000000000000000000000000003E00000FF00001FF00003FF80003E780007CF00003FF00003FE00007FC0000FF80001FF80001F780003E380003C3C0003C3C0003E3C0003FF80001FF80000FF800001F0000000000000000000000000000000
10000000000000000000000000000000300000070000007000000700000070000007000000E000000E000000E000000E000001E000001C000001C000001C000001C000003C00000380000038000003800000180000000000000000000000000000000
20000000000000000000000000000006000000F1E00007FF80007FF80003FFC0001FFC0003FF800038E000070000007000000E000000E000000E000000E7C0000FFC00007FC00007F800003F800001F000000E0000000000000000000000000000000
400000000000000000C000001C000001C000001C000001800000180000018000003800000F800000F8F00007FF00007FF00007FF000078700003860000386000038600001860000186000000600000000000000000000000000000000000000000000
7000000000070000007000000E000000E000000E000000C000001C000001C00000180000038000003000000700000070300006070000E070000E1F0000FFE0000FFE0000FFC0000FC0000000000000000000000000000000000000000000000000000
6000000000000000000000000000000000000000000000F800007FE0000FFF8001FFF8003FF38003FE38003FC38003F030003E0300018030000006000000E000000C000001C000001C000003800000F000000E000000E000000C00000000000000000
500000000000000000000000000000000F800003FC0000FFC0001FF80003E100003C0000078000003E000003F800001FC00000FC000003C0000038000003800000F000007F00001FF00007FE00007C000007000000000000000000000000000000000
80000000000000000000000000C000007F00000FF00001FF80001E3E0001E3C0001FFC0003FF80007FE0000FFC0001FFC0003E3C0007C1C000781C0007F180007F3C0003FFC0003FF80000FF000007C00000000000000000000000000000000000000
80000000000000000000000003800000FE00001FF00001C70000387000070F000071E00003FC00003F800001F000001F800003FC000071C0000E0E0001C0E0001C0E0001F9E0001FFE00007FC00000F80000000000000000000000000000000000000
10000000000000000000000000000000380000038000003800000380000038000007800000780000078000007000000F000000F000000E000000E000000E000001E000001C000001C000001C000000C000000C0000000000000000000000000000000
20000000000000000000000000000000000000C030001E1FC001F3FC000FFFE0007FFE0003FFE0003FE00003E000007C00000F800000F000000F000000E000000E000000F700000FF800007FC00007FC00003F800000F000000000000000000000000
00000000000000000000000000000000FF00001FF80003FF80007FF8000FFF8001FCF8001F0F8001E0F8003E1F8007C3F000787E00078FC00079F80007FF80003FF80003FF00001FF00001FE00000FC00000780000000000000000000000000000000
1000000000000000000000000300000038000003000000300000030000007000000700000070000007000000F000000E000000E000000E000000E000000E000001E000001C000001C000001C000001C00000000000000000000000000000000000000
000000000000000000000000000000007C00001FE00003FF8000FCF8000F8F8001F0F8003E0F8003C0F8003C0F0007C1F0007C1F0007C1E0007C3E0007C3E0003EFC0001FFC0000FFC00003F800000780000078000000000000000000000000000000
500000000000000000000000000000003F000007F80000FF80001E380003C0000078000007800000F00000078000007F000003FC000007800000380000078000007000000E00000FE00003FC00007EC00003000000000000000000000000000000000
500000000000000000000000000000001E000003F000007F00000E300001C000003C000003800000700000070000003F000003F800001FC0000038000003000000F000003F00000FE00001F000003C000003000000000000000000000000000000000
1000000000000000000000000000000018000001C000003C0000038000003800000780000070000007000000E000000E000000E000001E000001C000001C000001C000001800000380000038000003800000100000000000000000000000000000000
700000000003800000780000078000007000000F000000F000001E000001C000003C000003800000380000078000007000000F038000E078001E078001F7F0001FFF0001FFF0000E06000000000000000000000000000000000000000000000000000
40000000000000000000000003000000380000078000007000000F000000F000000E000000E700003FF00007FF00007FF00003FE000079E000071C000071C0000F380000E380000E380000E300000E300000000000000000000000000000000000000
4000000000000000000000000380000078000007000000F000000E000001E000001C000001C000003C00000FDF0000FFF8000FFF00007C70000706000070E0000E1E0000E1C0001E1C0001E180000C000000000000000000000000000000000000000
40000000000000000000000003000000780000078000007800000F000000F000007E1C0007E7E0007FFC0007FFC0007FF00007BF0000F1E0000E1E0001E3C0003C780003C780007870000787000030700000000000000000000000000000000000000
90000000000000000070000007000000F000000F000000F000000E000000E000000E000001E000001C000001C000001FE00003FE00003C60000386000078C000039C000037800003F000000E000000000000000000000000000000000000000000000
2000000000000000000000000000000C000000E060000E1F0000F3F000077F00003F300001FF00001FF00001FF0000380000078000007000000F000000E380000EF80000EFC000077C00007F800003F800001E0000000000000000000000000000000
500000000000000000000000000000001F000007FE0001FFE0003FFE0007F00000F800000F00000078000007FC00007FE00003FE000003E000003C000003800001F80000FF00003FF00007FE000078000007000000000000000000000000000000000
20000000000000000000000000000000006000003F00001FF00003C30000F870001E060003C0C000701C00FE0F0007FFC0001F800000C00000180000038000001800000180000018000000E3800007F800003E0000000000000000000000000000000
60000000000000000000000000000000000000000000003E00000FF00003FF8000F9F800383F80060F3800C3E3800DF07000FC070007806000000E000001C000001C00000380000070000007000000E000000C0000018000002000000000000000000
10000000000000000000000000700000070000006000000C000001C0000018000003800000380000078000007000000F000001E000001C000003C00000780000070000007000001E000001C0000018000000000000000000000000000000000000000
5000000000000000000000000000000000000001F000007F80000E0C0000E000000E000000600000038000001E00000060000006000000E000000C0000FF8003FFF000020000000000000000000000000000000000000000000000000000000000000
700000000000000000038000007800000F000000F000001C0000038000007800000F000001E000003C0000078000007000000E000001C000001C000003800000381E00030FF0003FFF0001E0000000000000000000000000000000000000000000000
40000000000000000000000000E000001C00000180000030000007000000E000001C00000180000033F80007FF8000E038001C030001807000300E000700E000600C000C0180018018001003000000200000000000000000000000000000000000000
30000000000000000000000000FC00001FE00007C30000F000003C00000380000070000006000000E000000C020001C0E0001C7C0001DF80000FF000007800000F000001E000001C000001FF80001FF00000000000000000000000000000000000000
5000000000000000000000000000000004000001F0000039000007080000E000000E000000F0000007E000001E0000006000000E00001DC0000F380007E70007F0C000781800000000000000000000000000000000000000000000000000000000000
700000000000000000030000007000000F000001C0000038000003800000F000000E000001E000003C000003800000700000070000006000000E000000E000000E004000F01E0007FF80003F800000000000000000000000000000000000000000000
000000000000000000000000000000000FC00003FC00007FE0001F9E0001F1E0007C3C000783C000F07C000E0F8001C0F0003C1E000703C000707C000F0F8000F1E0000F7C0001FF00000FE0000070000000000000000000000000000000000000000
800000000000000000000000006000003E000007E000007E00000EE00000EE00000FC00000FC00000F800000F000000F000003F80000FB80003E1C003F81C007C00C000001C000007800003F000007E00000000000000000000000000000000000000
5000000000000000000000000000000000000000000000000000000000001F000007FC0000E02000180000018000000C000000F0000003C000001800006300003E20001F0000000000000000000000000000000000000000000000000000000000000
200000000000000000000000001E000007E00001F600003C6000070C0000E180003C7000038E0007FF80003FE00001F000001C00000180000038000003000000308F000307F00030F80001FF00001F000000000000000000000000000000000000000
30000000000000000000000003F00000FF80001E040003C04000700400060000006000000E000000E000000E00000060E00007F800003F000001C000003800000700000060000006060000FFE00003F80000000000000000000000000000000000000
60000000000000000000000000000000000000000000003000000F00000FFC0003FFE0007E06000F806001E006000000600000060000006000000E000000C000001C00000180000038000007000000E000000C0000018000003000000000000000000
2000000000000000000000000000000000000000000000000000001C000007F00C01E300F8782003FE06000FF1C0007FF0000E000000C000001C00000300000030400003FC00001F00000000000000000000000000000000000000000000000000000
500000000000000000000000004000003F800007FC0000F8E0001E000001C0000038000007000000700000070000003E000001F8000007C000001C000001C000003800000700007E60001FFE000001800000000000000000000000000000000000000
300000000000000000000000000000000E000003F000007F80000F9C0001E0C0001C0C000380C000780000070000007000000E000000C200000EF00000FE000007C0000078000007000000FF80000FF000007C0000000000000000000000000000000
900000000000000000000000006000000E000001C000003C0000038000007000000E000000C00000380000038000007FE0000FFE0001F060001E06000180C0000018000103000010E00001F800001F000000000000000000000000000000000000000
700000000000000000007000001F000003C000007000000E000003C000003800000F000000E000001C0000038000007000000E000000E000001C000001C00000380000038000001FFF0000FE100000000000000000000000000000000000000000000
80000000000000000000000000E000003F000007E000006600000EC00000DC00000FC00000FC00000F8000007000000E000000F000001F000007980000F180003E380003E3800074F000067C000003800000000000000000000000000000000000000
300000000000000000000000000000001FC00007FE0000F060001E060003806000380000070000006000000600000063800007F800003F000003C000007800000E000000C000001C0000019FC0001FF80001FE0000000000000000000000000000000
80000000000000000000000001F000003F8000079C0000F1C0000E1C0000C380001C7000018E000018E000019800001F000001E000001E000003F00000F780003C380007818000F038001C6F800387E00000000000000000000000000000000000000
000000000000000000000000000000001C00000FF00001FF00007FF8000FC78000F078001C070003C07000380F000380E000781E000381E0003C3C0003E380001F780000FF000007E000007E000007800000380000000000000000000000000000000
1000000000000000000000000000000000000000C000001C000003C0000078000007800000F000000F000000E000000E000001C000001C000001800000380000038000007000000700000060000006000000600000060000000000000000000000000
6000000000000000000000000000000000000000000001FC00007FF0000FFF0001C3F000187F00030FF0003FFC0001F3C0000038000007000000F000000E000001C00000380000070000007000000E000000C000001C000000C000000000000000000
70000000000180000038000007800000700000070000007000000E000001C000001C00000180000038000007000000700E000E03E000E0FC000CFF0001FFE0003F840003C000007000000000000000000000000000000000000000000000000000000
100000000000000000000000000000000C000003E000007C00000FC000007C000007800000700000070000007000000F000000E000000E000001E000001C000003C000003800000380000038000007000000300000000000000000000000000000000
7000000000007000000F000000F000001E000003C0000038000007800000F000000E000001C000003C0000078000007030000F070001C0F0001DFF0003FFE0003FFC0003C780000070000000000000000000000000000000000000000000000000000
00000000000000000000000000F000007F80000FFC0001F3C0001C3C000383C000703C0006078000E070000E0F0001C1E0001C1E0001C3C0003C3800039780003EF00003FF00003FE00001FC00000E800000000000000000000000000000000000000
000000000000000000000000000000007F80001FF80001FFC0007C3C000F038001E0780018078003807800780F000701E000701E000703C0007038000707800078F000079E00003FC00001F800001F000001E00000000000000000000000000000000
60000000000000000000000000000000000000003000000700000FF00003FF8000FFF8001C7B80078E3800F1C3800E787800FE07000F80E000001C000003C000007800000F000001E000003C000003800000300000030000000000000000000000000
500000000000000000000000000000000000000000000000000000000000FF80001FFC0001808000380000030C00003FC00001F00000070000006000001800001F80001FE000000000000000000000000000000000000000000000000000000000000
3000000000000000000000000000000000000007FE0000FFF0003E0F8003803C007001800F000000C0E0000C3E0000CFC0000FF000007C00000F000001E000003C3000038F80003FF80001FC000007800000200000000000000000000000000000000
6000000000000000000000000000000000000000000000FC00001FE00003FE0000FE60000CC600019860001F0C0001E0C000001C000001800000380000070000006000000E000000C000001C000001800000380000030000003000000000000000000
400000000000000000000000000000000C000001C00000380000070000007000000E1C0008E3C0009FFC001BFF00007FE000070E0000E1C0000E1C0003E1C0001C0000018000003800000300000060000004000000000000000000000000000000000
300000000000000000000000000000001E00000FF80001FFC0007FFE000F81E000700E00060060006000000E1C0000E3C000077800007F000003C000007800000F000000F700001FF00001FF00001FE00000780000000000000000000000000000000
1000000000000000000000000000000006000000F000000F000001E000003C000007C000007800000F000000E000001E000003E000003C000003800000380000078000007000000F000000E000000E000000E80000000000000000000000000000000
2000000000000000000000000000000003C000007C0001CF8000FFF8001FFF000383E000003C0000038000007000000E000001C0000038000007000000E000000E1C0000E7C0000FF800007F000000E000000C0000000000000000000000000000000
9000000000000000000E000000E000001C0000038000003000000E000000E000001CF00001FF80003FFC0007E18000F830000E070000E0E000061C0000E780000CF00001FC00001F000001C0000000000000000000000000000000000000000000000
500000000000000000000000000000000000000000000000000003FC0000FDE0001C0600018000001000000300000031800001F800001F0000006000000C000007800003F00001F000000800000000000000000000000000000000000000000000000
60000000000000000000000000000000000000000000007000003F800007FC0000F7E0000CFE00018EE00019DE0001F9C0000F1C000061C000003800000780000070000007000000E000001E000001C000001C0000038000003000000000000000000
200000000000000000000000000000000060001F1E0007FFE000FFFC001C1F800381F000201E000007C00000F000001E000003C000007800000E000000E040001C1E0001CFE0001FFC0001FF00001FF000000E0000000000000000000000000000000
700000000000C000000C000001C000001800000380000070000007000000E000000E000000C000001C000001800000380000070000007000000E7E0000FFE0001FE60001F800000C00000000000000000000000000000000000000000000000000000
4000000000000000000000003000000300000030000007000000700000030000003F000007FE00007FF000070700006038000E038000E038000C030000C030000C030000C030000C020000C020000C020000000000000000000000000000000000000
70000000000600000070000007000000700000060000006000000E000000C000001C000001C00000380000038000007000000E000001E000001C007003FFFFC01FFEFC007000000000000000000000000000000000000000000000000000000000000
100000000000000000000000000000018000001C000001E000001E000000E000000E000000E000000E000000E000000E000000E000000E000000E000000E000000E000000E000000E000000E000000E000000C0000000000000000000000000000000
2000000000000000000000000F000001F800007DC0000F0C0000F060000F060001F860001DE60001CFE000183C00018000001C000000C000000E000000600000070010003E030001FCF00007FF00000FC000000000000000000000000000000000000
80000000000000000000000000000001FC00007FE000078700007060000306000038E00001F800000F000000F000003F8000079C0000E1C0001D0C000190E000330E000130E000030C000011C00001F800000F0000000000000000000000000000000
900000000000000003000000300000030000007000000600000060000006000000600000061E000067F00007C3000070300006030000E0300006030000E060000C0E0000C3C0000FF000007C000000000000000000000000000000000000000000000
2000000000000000000000000000000000000003E00000FF0001FFF8003FC1C003FE0C003CF8800783F800701F0007006000380000038000001C000001E000000F0000007C000003F000000FC600003FE00000FC000003C0000000000000000000000
900000000000000007000000F800000380000018000001800000180000018000001800000180000018C00001BF00001FB00001E3000038300003830000307000030E000031C00003F8000007000000000000000000000000000000000000000000000
70000000000000000018000003800000380000070000007000000E000001E000003C000007800000F000001E000003C00000380000078000007FFFE003FFFF80007FD0000000000000000000000000000000000000000000000000000000000000000
3000000000000000000000003C00000FE00000FE00001E600003C2000038400003C400003C000001F800000FFE00007FF00000FE000007C0000070000007000000E000000F580000FFC00007F800003C0000000000000000000000000000000000000
1000000000000000000000000000000030000003000000300000070000007000000700000070000006000000E000000E000000E000000E000000E000000E000000C000000C000001C000003C000001800000300000000000000000000000000000000
00000000000000000000000000000007C00000FF00001E78000183C000380C000380E00038060001807000180700008030000C030000E030000703000078700003C600001E600000FC00000FC000007C0000018000000000000000000000000000000
20000000000000000000000000000000FE00003FF00007838000700C000F80C001DC0C001CE0C00187CC00383F80038000003800000380000030000003000000380000038018001C038000F0F00007FC00003F0000000000000000000000000000000
30000000000000000000000007000000F800001EC00001CC0000380000030000003000000300000018000001C000000E0000007C00000380000030000006000000E000000C000001C000001FC00000FC0000000000000000000000000000000000000
70018000001C00000380000038000007000000700000070000006000000E000000E000000E000000C000000C000001C000000C000000C000000E003800787F8003FFF0001FF8000000000000000000000000000000000000000000000000000000000
900000000000000000C000000C000000C000000C000000C000000C000000C000001C0000019000001FC00001CC000018C00003060000304000030C000030C000031C00001B800000F000000E000000000000000000000000000000000000000000000
00000000000000000000000000000001F800007FE00007FE0000E0F00018038003803800380380030038003803800380380018030001C070000C0E000070E000071C00003FC00001F800000F000000E000001C0000000000000000000000000000000
0000000000000000000000001F800007FC0000FBE0000E0E0000C070001C07000380700038070003807000380E000380E000380E000381E0003C1E0001C1C0001C3C0000F380000FF800007F000003E00000000000000000000000000000000000000
100000000000000000000000008000001C00000180000038000003800000380000070000007000000E000000E000000E000001C000001C00000380000038000003800000700000070000007000000E000000000000000000000000000000000000000
70000000000000000000000000000001800000300000070000006000000C000000C00000180000018000003000000300000030000001C000000FFFFC000FFFC0000000000000000000000000000000000000000000000000000000000000000000000
800000000000000001C000003F000007F80000618000060C000070C000038E00003CE00001FE00000FE000003E000001F000003F000003B00030E700031C7000318E00038FE0001FF80000FC000000000000000000000000000000000000000000000
30000000000000000000000007E00003FE00007000000E000000C000001800000180000008000000C000000E00000038000001FF000007C000007000001C00000380000030000003E000000FF000001F8000000000000000000000000000000000000
6000000000000000000000000000000000000000000007C00001FF8000707C000C01E000C077000C03B000C03B000607300073E30003F830001E0300000070000006000000600000060000004000000C0000008000001000000100000000000000000
00000000000000000000000000000000FE0000FFF0003FFFC007803C00E001C00E000E01C000C01C000C01C000C00C001C00E001C00F003800780380038070001C0F0001C1E0000F1C00007BC00003380000030000000000000000000000000000000
1000000000000000000000000000000038000003800000300000070000006000000600000060000006000000E000000E000000C000000C000000C000000C000000C000000C000000E0000006000000600000040000000000000000000000000000000
400000000000000000000000180000018000001800000380000030000003C000003FC00007FE000060700006030000603000060200006060000E060000C060000C060000C030001803000180000010000000000000000000000000000000000000000
100000000000000000000000038000003C000007C000007C00000FC00000F800000F800000F800001F000001F000003E000003E000003E000007E000007C000007C00000FC00000F800000F8000007800000000000000000000000000000000000000
50000000000000000000000003C00001FF00003FF00007FF8000FFF0000FFE0000FFC00007F000007FC00003FE00000FF000003F000001F80000FF00007FE0007FFC000FFFC000FFF8000FFC0000FE000000000000000000000000000000000000000
600000000000000000000000000000000000007800001FFC0003FFE0003FFF0003FFF80079FF8007FFF8007FFF8003FFF0003FFF0003FBE0000E3E000007C00000FC00000F800001F000001F000001F000001E000001C000000000000000000000000
900000000000000020000002000000200C000001C000003C00000380000078000007000020E000031E000001C000003C000003F800003FC00007FC000079C00007FC00007F800007F000003C000000000000000000000000000000000000000000000
7000000000000000003C000003C0000078000087800008F000008F000001E000001E000001C000003C000003800000780000070200007070000F0F0000FCE0000FFE0000FFC0000FFC0000C3000000000000000000000000000000000000000000000
6000000000000000000000000000000000000000000003FE0000FFF0003FFF8007F7F800F8FF800F0FF801E3FF001FFEF000FFDF0007E1E000001E000003C000003C000007800000F000000F000001F000001E000001C000001C00000000000000000
80000000000000000000000007C00000FE00001FF00003FF00003CF000079E00007BC00003FC00003F800001F800003FC00007DE0001F1E0001E1E0003C1C0003C3C0003C780003BF00001FE000003800000000000000000000000000000000000000
80000000000000000000000000000000FF00003FF8000FFF8001F8F0001C0F0001C1E0000F3C00007F800003F800001F800001FC00003DE000078F0000F0F0001F0F0001E1E0003C7C0003FF80003FF00003B80000000000000000000000000000000
20000000000000000000000000000018000003C038003E0FE003E1FE001FFFC001FFF8000FFF00007FE00003F800007C00000F800000F000001F000001F820001F9F0001FBF0000FFF0000FFE00007FC00003E0000000000000000000000000000000
0000000000000000000000000000000000000007F00003FFC000FFFE001FFFE003E01E007C01E00F803E00F003E00F003C00F007C00F80F800783F8003FFF0003FFE0001FFC0001FFC0001FFC00001700000000000000000000000000000000000000
0000000000000000000000000000000000000007F00001FF80007FFE001FFFF003FC1F007E01F00F801F00F003F00F003E00F007E00F80FC00FFBF8007FFF8003FFF0003FFE0001FF8000000000000000000000000000000000000000000000000000
100000000000000000000000007000000F000000F000001F000003E000003C000007800000F800000F000001F000003E000003C000003C000007800000F800000F800000F800000F800000F000000E000000000000000000000000000000000000000
6000000000000000000000000000000000000000000001F80000FFF0003FFF800FFFFC00F8FFC01F0FFC01FFFF801FFFF8007FEF8001F0F000001F000001E000003E000007C000007C00000F800000F000000F000000F000000F00000000000000000
8000000000000000000000000000000FF80001FFE0001FFE0001E1E0001E3E0000FFC00007F800003F800003FC00003FC00007FE0000F9F0000F1F0000F1E000073E0000FFC0000FF800007F000003F000003E0000000000000000000000000000000
900000000000000000380000078000007000000F000000E000001C000001C000003C000003FC00007FE0000FDF0000F870000F870000707000060F000061E000063C00007F800007F000003C000000000000000000000000000000000000000000000
700000000000E000003E000003E000003C000003C000007800000F800001F000001E000003E000003C000003C00000F800000F838001F078001E078003F9F0003FFF0003FFC00007F8000000000000000000000000000000000000000000000000000
7000000000030000007800000F800000F000001E000001E000001E000003C000003800000780000078000007800000F008000F01C000F07C000F8FC000FFFC000FFF8000FFE0000078000000000000000000000000000000000000000000000000000
300000000000000000000000000000001F00001FF80003FF80007FFC000FEF8001F870001E000001E000001E000001F000000FE000007E00000FE00000FC00001F000000E000000FF80000FFC00003FC0000078000000000000000000000000000000
9000000000000000001C000003C000007C00000F800000F800001F000001E000003E000003C000007C000007F80000FFE0001FFF0001F070003E0F0001C1F0003C3E0001FFC0001FF00000FC000000000000000000000000000000000000000000000
500000000000000000000000000000000000000000000000000003FC0000FFE0001FFE0003DF800038000003C000001F00000078000003C000003C00003F80003FF0000FFC0001FC00000C00000000000000000000000000000000000000000000000
0000000000000000000000000000000000000007E00007FF8000FFFC003FFFC007FE7E00FE0FC01F80FC01F00F800F00FC00F00FC00F01F800F81F000FC3F0007E7E0003FFC0003FFC0000FFC00003FC00001E0000000000000000000000000000000
9000000000000000001E000001E000003E000003C000007C000007800000F800001F000001F000003E000007E000007F80000FFE0001FFF0001F0F0003F070001F1F0000FFE00007FC00003F000000000000000000000000000000000000000000000
0000000000000000000000000000000000000001F00001FFC0007FFC001FFFE007FC7E007C03E00F001E00E003C01C007C01C00F801E01F801E03F000FFFE0007FFE0003FFC00007F8000000000000000000000000000000000000000000000000000
00000000000000000000000000000000000000000000000000003FF8000FFFC003FFFC007F03E00F803C00F003C01C007C01C00F801C01F001C03E000F07C000FFF80003FF80001FF000007E000000000000000000000000000000000000000000000
500000000000000000000000000000000000000000000000000007F80001FFC0003FF80003C000001E000000F00000078000003800003FC0007FF8001FFF8003E00000000000000000000000000000000000000000000000000000000000000000000
0000000000000000000000000000000000000000000001F80000FFE0003FFF8007FFFC00FC0FC01F003E01F003E01F003E01F007C00F007C00F80FC007E3F8003FFF0001FFE0000FFE00000F800000000000000000000000000000000000000000000
300000000000000000000000000000001F80000FFC0001FFE0003FFE000FFFC000F038001E000001E000001E000001C000001FF00001FF00000FE00000FC00001F000000F000000FE600007FE00003FE00001FE000000000000000000000000000000
100000000000000000000000000000000E000001E000003E000003E000007C000007C000007800000F800001F000001F000003E000003E000007C000007C00000F800000F800001F000001F000001E000000C00000000000000000000000000000000
000000000000000000000000000000007E00001FE00007FF8000FFF8001FFFC003FFFC007FE7E007F87E00FF0FE00FC0FE00FC0FE01F81FC00F83FC00F87F800FFFF8007FFF0003FFE0001FFC00007FC00000F0000000000000000000000000000000
30000000000000000000000000000003FE0000FFF8001FFFC003FFFC007FFFE007F81E007E004007E000007FE00003FF00001FF80001FF80001FFC0001FFE0001FFE0001FFE0000FFF00007FE00001FC0000070000000000000000000000000000000
80000000000000000000000000F000007F80000FFC0001FFC0001FFC0001FFC0001FF80001FF00003FF0001FFF0003FFE001FFFE001FFFE003FFFE003FFFF001FFFF000FFFE0003FFE0003FFC0000FE00000000000000000000000000000000000000
600000000000000000000000000000000000007C00003FF80007FFF000FFFF801FFFF801FF87800FF078007C0F800000F800001F800001F800007F00000FF00001FE00003FC0000FF80001FF00001FE00000F80000060000000000000000000000000
80000000000000000000000003F00001FF8000FFF8000FFF8000FFF80007FF00003FE00003FE00007FE0000FFE0003FFE0007FFE000FFFE000FF3E0007FFE0007FFC0003FFC0001FF80001FF800007E00000000000000000000000000000000000000
9000000000000000007000000F800000F800001F800003F000003E000003C000007C00000FFF0000FFF8001FFF8001FFF8003FCF8003F0F0001E3F0001CFE0003FFC0007FF80007FE00003F0000000000000000000000000000000000000000000000
1000000000000000000000000000000007800000F800001F800003FC00003FC00007F80000FF00001FE00003FC00003F800007F00000FF00001FE00001FC00001FC00001F800001F000001E000001E000000C00000000000000000000000000000000
9000000000000000000E000001E000003E000007C00000F800000F000001F000003FC00003FF00007FF8000FE78001F878003E070003E0F000781E000303E00000FC0001FF80007FE00003F8000000000000000000000000000000000000000000000
30000000000000000000000000000000000000000000003F80001FFE0003FFF0007E3F800F80F800F003000FB80000FF800007FC0000FF80001FC00003E400007FE00003FF00003FE00000FC000006000000000000000000000000000000000000000
400000000000000000000000000000001C000003C00000380000078000007000000F00001FFF8007FFFC007FC780003C7800038F000079E000071C0000F180000E000001E000001C000003C0000038000001000000000000000000000000000000000
2000000000000000000000000000000000000000000000000000000000E000000F803C007F7FE003FFFE000FFFF0007FFE0007FFE000F0F8000E000000F000000FE000003E000007E000003C000000000000000000000000000000000000000000000
50000000000000000000000000000000000000000000000000000000000000000007FC0001FFE000380E00038020003FC00000FC00000380000FF0000FFE0001FC0000000000000000000000000000000000000000000000000000000000000000000
100000000000000000000000006000000F000000F000001F000001E000003E000003C000007800000F800000F000001F000003E000007C000007C00000FC00001F800001F000003F000001E000000C000000000000000000000000000000000000000
6000000000000000000000000000000000000000600000FF00003FF8000FFFC001FFFE003FFFE007FFFE00FFFFC00FFF7C01FFCF800FF1F8007C1F800003F00000FE00000FC00003FC00007F800007F000007E0000038000000000000000000000000
300000000000000000000000000000001F00000FFC0003FFE0007FFE000FF3F000FC1F001F00F001F007000FFC0000FFC00007FC0000FFC0000FFC0001FE00001F700001FF00001FF80001FF800007F000003C0000000000000000000000000000000
10000000000000000000000001E000001E000003F000003F000007F000007E00000FE00001FC00001FC00003F800003F800007F00000FF00000FE00001FE00003FC00003FC00001F000000F0000006000000000000000000000000000000000000000
6000000000000000000000000000000000000000000000FE00003FF0000FFF8001FFFC001FFBC003FFBC003FF3C001FE7C001FCF8001F9F0000F3F000007E00000FC00000F800001F000003E000007E000007C0000078000003000000000000000000
80000000000000000000000007C00003FF00007FF80007FFC0007FFC0003CFE0003FFE0001FFC0003FF80007FF0001FFE0003FFE0007FDF000FF9F000FFFF001FFFF000FFFE000FFFC0004FF000000000000000000000000000000000000000000000
7000000000000000000E000001F000003F000007E000007E00000FC00001F800003F000003F000007E00000FC00000F830001F878001F0F8003F7F8007FFF0007FFE0007FFC0003E00000180000000000000000000000000000000000000000000000
900000000000000000380000078000007C00000F800001F000001F000003E000003C000007C0000078000007FE0000FFF0000FFF8000FC78000F878000E1F0000E7E0000FFC0000FF0000078000000000000000000000000000000000000000000000
500000000000000000000000000000007C00003FE00007FF00007CF8000F078000E038000E00000070000007FC00003FE00000FF000000F000000E000001E000007C00007E8001FFE0001FFC0000FF00000F800000000000000000000000000000000
6000000000000000000000000000000000000000000007E00000FF80001FFC0001FFE0001E3E0001FFE0001FFE0000FEE000008F000000E000000E000001E000001C000001C000003C0000078000007000000F000000E000000C00000000000000000
30000000000000000000000000000001FC00007FF8000FFFC001F87C003C03C00380080038000007800000780E0003F7E0001FFE0000FFC00003E000003C000003800000380000038000003FBC0001FFC0000FF800000000000000000000000000000
500000000000000000000000000000000000000FC00001FF80003FFC000781E000F00C000F00000070000007C000001F8000007E000000F000000F0007FCE001FFFC001FFFC0000030000000000000000000000000000000000000000000000000000
90000000000C000000E000000E000000E000000E000001E000001E000001C000003C000003C000003C000003FC00007FF00007FF0000F870000F070000E0700007BE00007FE00001F8000000000000000000000000000000000000000000000000000
300000000000000000000000000000007FE0003FFF0007FFF000FC7E001F000001C000001C000003C000003FFC0001FFE0000FFC00007F000007800000F000000E000001E000001F0F0000FFF80007FF80003FF000000000000000000000000000000
6000000000000000000000000000000000000000000007E00000FF80001FFC0001C1C0001C3E0001FFE0000FCE000000E000001E000001C0000038000007800000F000000E000001C00000380000038000007000000E0000006000000000000000000
80000000000000000000000007E00000FF00001FF00001FF00001CF00001FE00001FE00001FC00003F80000FF80001FFC0007F9C000FE1E000FC0E0007C0E0003E1E0001F7E0000FFC00007F800003F00000000000000000000000000000000000000
30000000000000000000000000000000FF80003FFC0007FFE000FFFE001FFFE001F800001E000003E000001F000001FFC0000FFC00003FC00003F000007E0000078000067800003FFF8000FFF80003FF80000FE000000000000000000000000000000
30000000000000000000000000000007FF0000FFF8001FFFC001F9FC003E018003C000003C000001E000001F000000FC000007F800001FC00001FC00001FC00003F800007EE00007FF00003FF80003FF00000FC000000000000000000000000000000
50000000000000000000000000000000000000000000000000001FFC0003FFE000780C0007000000F00000070200003FF00000FF000000F000001E000003C0001FF8001FFB0000FF00000000000000000000000000000000000000000000000000000
0000000000000000000000000000000000000000000001FC00007FF0000FF7E003F01F007C00F007C01F00F801E00F80BE00F01FC00F01F800F01F000F03C00078780003DF00001FF000007C000002000000000000000000000000000000000000000
200000000000000000000000000000000000000000000000000001FC00007FE0041FE600E3E1F00FFFFF007FFFC001FFE0000F800000F000000F000000F000000F00000070000003FC00001FC00000780000000000000000000000000000000000000
30000000000000000000000000000000FC00003FF00007FFC000701C000F00E000E0000006000000E000000F0000007FC00003FC00001FC00003F000003C000007800000700000070600007FF00003FF00001FE000000000000000000000000000000
900000000001800000380000038000007800000F000000E000001E000001C000001C000003800000380000078000007F000007FC0000FFC0000F0C0000E3C0000FFC0000FF800007E0000000000000000000000000000000000000000000000000000
1000000000000000000000000000000018000001C000003C00000380000078000007000000F000000E000000E000001E000001C000001C000003800000380000038000007000000700000070000006000000600000000000000000000000000000000
700000000000000000070000007800000F800001F800003F000007E000007C00001F800003F000007E00000FC00001F800003E000003C000007800000780000078FF8007FFF8003FFF0001FE000000000000000000000000000000000000000000000
6000000000000000000000000000000000000000000001FC0003FFF000FFFF801FFFFC01FFFFC01F073C01E1F3C01FFF3C01FFE7C01FFC7C00FE078000007800000F000000F000003F000003E000003E000003E000003C00000180000000000000000
20000000000000000000000000000000000000000000001E000007F80001FF800C3FFC03FFE1C03FFFFC01FFFFC000FFF8000E3E0000E000000E000000E000000E000000E000000700000078000003E000001F000000F000000100000000000000000
8000000000000000000000000E000001FC00001FE00001FE00001DF00000EF00000FF00000FF00001FE00003FF0001FFF8007FE3800FF81C00FE03C00FC0FC00F0FF800FFFF8001FFF0000FF000007C00000000000000000000000000000000000000
7000000000000000000C000001E000001F000001F000001E000003E000007C00000F800003F000003E00000FC00001F800001E000003C000003C000003800000181F8001FFFC001FFF80007C800000000000000000000000000000000000000000000
90000000000000000038000003C000007C000007800000F800000F000000F000001E000001C000003C0000038000007800000FF80000FFC0000FFC0000F0C000073C00003F800003F000001C000000000000000000000000000000000000000000000
200000000000000000000000000000000000000000000000000001F80000FFC0001FFC0003F1C0007C3C00078F80307FF003FFFE001FFF8000FFC000007000000300000038000001E000000F8000007C000001C000000000000000000000000000000
40000000000000000000000006000000F000000F000000F000000E000001E000001E00000FFC0003FFE0003FFF0003FFF00007CF000078F000079F000071E0000F1C0000F0C0000E000000E000000C000000000000000000000000000000000000000
700000000000E000001F000001F000003F000003E000003C000007C00000F800001F800007E00000FC00000FC00001F800001F000001E000001E030001FFFC001FFFC000FFF80007FC000000000000000000000000000000000000000000000000000
000000000000000000000000000000001800001FE00003FF80007FF8001FFF8003FC78003F078003E078007C07800781F800783F000787F00078FE0003FFC0003FF80003FF80003FF80003FF80001FF00000F80000000000000000000000000000000
00000000000000000000000000000000FF80007FFC000FFFE001FFFE003FFFF007F01F007E01F00FC01F00F801F00F001E00F003E00F007E00F87FC007CFF8007EFF0007FFE0003FFC0001FF80000FF00000000000000000000000000000000000000
000000000000000000000000000000003F0000FFFC001FFFC003FFFC003FC7E00FE03E00FE07C00FC07C00FC07C00F80F800F81F800F81F000FC3F800FCFF8007EFF8003FFF0003FFE0000FFE00007FC00000F8000000000000000000000000000000
10000000000000000000000006000000F000000F000001F000001F800001F000001F000001F000001F000001F000001F000001E000003E000003E000003E000003C000007C000007C000007C000003C00000000000000000000000000000000000000
10000000000000000000000000000000F000001F000001F000001F000001F000001F000003F000003F000003F000003F000003E000003E000003E000003F000003F000003F000003F000003F000001F000000E0000000000000000000000000000000
6000000000000000000000000000000000000000000003FC00007FE0000FFE0001FFE0001EFE0001FFE0000FFE0000FDE000071E000001E000003C000003C000003C000007800001F800001F000001F000001E000001E000000C00000000000000000
000000000000000000000000000000003E00001FF00007FF0000FFF8001FFF8003FC78003F078007E0F8007C0F800780F000781F000783F000783E000787C0007CFC0003FF80003FF80000FF800007F00000070000000000000000000000000000000
6000000000000000000000000000000000000007800001FC00003FE00007FE0000FDE0001FCE0001FFE0003FFE0003FFE0001FFC0000F7C000007800000F800001F000001E000003E000003C000003C00000380000038000000000000000000000000
600000000000000000000000000000000000000F000001FC00007FC00007FC0000FFC0000FFC0000FFC0000FFC0000FFC0000FF800007F800000F000000F000001F000001E000003E000003C000003800000380000030000000000000000000000000
000000000000000000000000000000001B00003FFC0007FFE001FFFE003FFFF003FFFF007F83F00FE03F00F803E00F807E00F80FE00F81FC00F83FC00FC7F8007CFF0007FFE0003FFE0003FFC0001FF00000F00000000000000000000000000000000
000000000000000000000000000000000000000FF80007FFE000FFFF001FFFF003F01F007C01F007801F007007F007007E00F03FC00F07F800F87F000FFFE000FFFE0007FFC0003FF8000000000000000000000000000000000000000000000000000
50000000000000000000000000000000000000007000003F8000079C000060C0000C000000C000000C000000FE000007E0000006000000C000000C0000038001FFF8003FBF00010060000000000000000000000000000000000000000000000000000
700000000001C000001C000001C000001C0000038000007000000F000001E000001C00000380000038000007000000E000000F000000E000001C01C001C01C003F9FC001FFF8000FFC000000000000000000000000000000000000000000000000000
9000000000070000006000000E000000E000001C000001C000003800000380000070000007FC00007FF80007FFC000F81E003F00C003C01C000007800C03F800FFFE000FFF00003FC0000000000000000000000000000000000000000000000000000
10000000000000000000000000000000000000006000001F000003E00001FC00001FC000007C0000078000007000000F000000E000001E000001E000001C00000380000078000007800000F000000E000000E000000C0000000000000000000000000
700000000003800000380000078000007000000700000070000006000000E000000E000001C000003C000007800000700000060000006000000E000000E040000FFF8000FFF80007F0000000000000000000000000000000000000000000000000000
500000000000000000000000000000000000000000000000000007F80001FFE0003C0E0003800000700000060100003FF80001FF000001E000003C00001F000003C00019F80001FE00000000000000000000000000000000000000000000000000000
70000000000000000007000000F800001F000001E000003C0000038000007000000F000001E000001C000003C0000078000007000000E000001E000003C000003807000781F0003FFE0001FE000000000000000000000000000000000000000000000
800000000000000000000000018000007F80000FFE0001C0E000180E000181C0001C380000F7000007E000007C00000FE00007CE0000F060003C0E000701E000E03C000E070000F1E0001FFC0001CF800000000000000000000000000000000000000
9000000000000000003800000F8000003000000300000060000006000000C000000C000001C000001800000180000033800003F8000078C0000E0C0000E040000C0C0000C780000FE0000078000000000000000000000000000000000000000000000
50000000000000000000000003E00000FF00000E300001C380001C3800018E000018000003800000300000030000003FF00001FF8000047000000E000001E0060FFC007FFF0001FE60000000000000000000000000000000000000000000000000000
2000000000000000000000000000000000000000000000000000003001C00FC00FFFFE007FFFE000071C0000E000000E000001C000001800000380000070000006080000C180000E7800007F000007C00000000000000000000000000000000000000
50000000000000000000000000000000000000000000000F80000FEC0003C0C000301C0006008000C000001800000187C0001FF80000E180000038001FC30003DFE000001C00000000000000000000000000000000000000000000000000000000000
300000000000000000000000000000007FF0003FFF8007E07800F800001E000001C000001C020000E1F0000FFF00007FE00007E00000F800003E000003800000700000060000007C000003FFFE0007FFF000000000000000000000000000000000000
2000000000000000000000000000000000000000000000000000000001FF00003E38780001CFC0000FFC0000FF80000FC00000C000000C000000C000001800000180000018600001FE00000FC00000000000000000000000000000000000000000000
40000000000000000000C00000180000038000007000000F000001E000003C000007000000E00000FFFC007FFFC007FFF8003E0E0001C1E000383C0007870000E0F0001E0E000181C0001018000000000000000000000000000000000000000000000
9000000000000000000C0000006000000E000000E000001C000003C000007800001F000003FF80007FFE000F80E003E00E007803C007007C00F80F800F03E00030F80003FF00003FC00003E0000000000000000000000000000000000000000000000
50000000000000000000000000000001FE00003FF80007C7C000F01C000E03C000C008001C000000C000000E000000F8000007F000001FC000007E000003C000007800000F000001E000007C00007FC00007F00000000000000000000000000000000
700000000001E000003E000003E000007E000003C0000038000007800001F000001E000007C000007800000F000001F000001E00C001C01C003C01C003C1FC003FFF8001FFF00003C0000000000000000000000000000000000000000000000000000
400000000000000000000000000000001800000180000030000007000000E000000E00000FFF8001FFFC000781E000701E000601C000E03C001C030003807000700E000700E000E000000C000001C0000018000000000000000000000000000000000
600000000000000000000000000000000000000000000FE00003FFE0007FFF80030E78003DE38003FC38000F8700000070000007000000E000001E000003C000007C00000F000003E000007C00001F800001F000001C0000018000000000000000000
400000000000000000000000000000000000000600000060000006000000E000000C700007FFC0007FFC000703C000E078000E0F0003C1E000783C000F038000E070001C0000038000003000000000000000000000000000000000000000000000000
600000000000000000000000000000000000000000000FFE0003FFFC00F807E00E007E01C00EE01C07CE00F8F9C00FFF1C007F83C001E07800000F000003E000007C00001F000007E00001F800003F000003E00000380000000000000000000000000
3000000000000000000000000000000007C00003FF0000FFF8001E07000380000070000006000000600000070000003C000007FE0001FFC0003E000007000000700000060000007FE00001FF000001F00000070000000000000000000000000000000
30000000000000000000000001E000007F00000FFC0001E3F0003C0F80078038007000000E000000C000001E780000FF80000FF80000FF80001F000003C00000380000078000007FFF8003FFF8003FF80000000000000000000000000000000000000
9000000000000000001C000001C00000380000030000007000000E000001C000003C00000380000070000007FF00007FF8000F078000E070000C0F000001E000007C00000F00000FE00000F8000000000000000000000000000000000000000000000
000000000000000000000000000000000000000000000000000007F80003FFE000780E001E007003C007007000600E000E00E001E00C003C00E007800E01F000601E00060000007C000003C000001C000000000000000000000000000000000000000
500000000000000000000000000000007800001FF00001FFC000381C00070000006000000E00000060100007FF80003FF800007F000000F000001E000003C000007800301F0001FFC0000FF0000000000000000000000000000000000000000000000
70000000000000000006000000E000001C000001C00000380000030000007000000E000000C000001C000001C0000038000003000000700000060100006030000C070000F0C00007FC00007F800000000000000000000000000000000000000000000
80000000000000000000000000E000003F0000077000006380000618000061C00006F800007F00001F800007F80001E180003C1C0007018000E018001C038001807000180E000181C0001C380001C3000000000000000000000000000000000000000
6000000000000000000000000000000000000000000007FC0001FFF0003C1F000380F800701F800707B80078FB8003FE78001FC70000F0F000001E000001C000003C000007800000F800001E000007C00000F800003F0000038000000000000000000
2000000000000000000000000000000000000000000000000000007C00001FE01C038601FFF86001FFFC00038F80007000000E000001C000001C00000180000018000001C1C0000FF800000C000000000000000000000000000000000000000000000
800000000000000000000000030000007C00000FE00000C700000E380000E38000077800007F00000F800003F80000FB80001C3800038380003038000707800060F000061E00006FC0000678000006000000000000000000000000000000000000000
700000000000C000003C000003E000007E000007C00000F800000F000001F000003E000003C000007C00000F800001F000001F000003E000007C000007C7D8007FFFE003FFFE0001FC000000000000000000000000000000000000000000000000000
20000000000000000000000000000000000000000000000000000000000000700000FF0007FFE003FFFC00F3FC00003A0000070000006000000E000000C000000C700001FE00000F800000F0000000000000000000000000000000000000000000000
400000000000000000000000000000000C000000E000001E000003C000007800000F000003C000007800000F07E001FFFE007FFF8007FFE000F078000E0E0000C1E000103800000200000060000000000000000000000000000000000000000000000
60000000000000000000000000000000000000000000000000003FFC001FFFF007FFFF00FFFCE00FFE1E007F03C00000FC00000F000003E000003C00000F800000F000003E000007C00000F800001F000001E000003C0000078000000000000000000
400000000000000000000000000000003E000001C0000038000007000000E000001C0000038000007FFF000FFFF000F00E001D01C003807800380F000701C00070380007010000C000000C00000040000000000000000000000000000000000000000
40000000000000000000000000700000070000007000000E000001C0000038000007FC0007FFC000FFFC000BC7800038F000071E0000E380001C7000038F000071C000071C0000E1C0000C0C000080C00000000000000000000000000000000000000
6000000000000000000000000000000000000000000000FE00007FF0000FF70000FC70001F06000000E000000C000001800000380000070000007000000E000000C0000038000007800000F000000E000001C000003C0000038000000000000000000
70000000000000000003000000F000007F00000FE000003C0000038000007800000F000001E000001C000003C0000078000007000000E000001E000001C000003F000003FFF0001FFFC00001F80000000000000000000000000000000000000000000
700000000000700000070000007000000E000000E000001C00000380000070000007000000E000001C000001C0000038000007800000F000000E000001E000001C660003FE60001FEC000000000000000000000000000000000000000000000000000
300000000000000000000000000000003FE0007FFE001FE0E003E00C0078018007002000700000038000003C000001E000000FF800003F8E0003E3E00038FC0007FF0000FFE0000FFC00001E000001E000000C0000000000000000000000000000000
80000000000000000000000000C000007E00000FE00000E700000CC00000EC00000780000078000007C00000FE00001C700003C78000701C000E00C001C01800780F800F1BE003C3F800383E000200000000000000000000000000000000000000000
70000000000000000000000001F000003E000003E000007800000F000001E000003C000007800000F000000E000001C000001C00000380000030000007FE80007FFFE003FFFF000000F80000000000000000000000000000000000000000000000000
1000000000000000000000000000000007C00000FC00000FC00001F800001F000003E000007C000007800000F000001F000003E000003E000007E00000FC00001F800003F000007E000007C0000078000007000000000000000000000000000000000
000000000000000000000000000000000000000FF80003FFC000FC1E003E007007800700F000700E000700E000E00E000E00E001C00E007800E00F000601E000303800038700001EE00000FE000007800000780000070000000000000000000000000
400000000000000000000000000000001E000007E000001C00000380000030000006000000E000001E000003FFC0007FFC000F078001E0E0001C1C0001C38000387000030E000070C0000E000000E000000C000000000000000000000000000000000
400000000000000000020000006000000E000001C000001C0000038000007000000E000001FC00007FF0000F870000F0E0000E1C0000C180001C380003870000386000070E0000E0C000040C000000000000000000000000000000000000000000000
200000000000000000000000000000000000000000000001E00000FE00003FE0000FFC0001FF0000FFC000FFE0001FE000000700000060000006000000E000000F2000007F800003F8000006000000000000000000000000000000000000000000000
70000000000000000000000000FC00007FC0003FF800003F000007E00000FC00001F800001E000007C0000078000007000001F000001E000003C000003C000003FC00001FF800003FF80000FFC000007C000000000000000000000000000000000000
2000000000000000000000000000000007800001F800003DC0000F1C0001C1C000183800078F0001FFE0007FFC0000E000000E000000E000000C200001CF80001FF80001FF00001FE00000FC000007800000300000000000000000000000000000000
9000000000000000000C000001C00000380000030000007000000E000000C0000018000003BF0000FFFC001FC0E007E00C00F000C00C0018000003800000E000007E00007F80001F800001E0000000000000000000000000000000000000000000000
6000000000000000000000000000000000000000000001F00001FFE0007FFF8007383C006301C00FF01C00FE018006003800000380000070000007000000E000000E000001C0000038000003800000F000000F000001E000001800000000000000000
6000000000000000000000000000000000000000000000000001FFE0007FFF800FFFFC00E0F1C00C3E0C00FF81C007C0380030078000007000000F000003E000003800000F000001E000003C0000078000007000001E000000E000000E00000000000
3000000000000000000000001FC00007FF8001F87E003C00000780000070000007000000700000070000007FFE0003FFE00001F800001E000007C10000FFFF000FFFF00041FC0000FE00001F000001C00000000000000000000000000000000000000
000000000000000000000000000000000000000FF80007FFE000FFBE001F807003C0070078007007000E006001E00E001C00E003C00E003800E007000E01E000E07C000E1F8000E7E00007F800007F000007C00000000000000000000000000000000
100000000000000000000000000000001C000001C000003C000007C0000078000007800000F800000F000001F000001E000001E000003E000003C000007C0000078000007800000780000078000007800000700000000000000000000000000000000
4000000000000000000000000C000000C000001C000003C000003C000003800000380000078000007FF0000FFF8000F078000E070000E0F0000C1E0000C3C0000C380000C300000C000000C000000C000000000000000000000000000000000000000
5000000000000000000000000000000000000000000001FE00003FF00003878000181C000380C0001E000000FE000007F000000F00000070000006000000000000E000003E0003FFC0001FC0000000000000000000000000000000000000000000000
60000000000000000000000000000000000000000000000000000E00003FFF8007FFFC00FFFFE00FFE1C01FFE1C01FFC3C00FE078007807800000F000000E000001E000003C0000038000003800000780000070000006000000000000000000000000
900000000000C000001C000001C000003C00000380000070000006000000E000000C000001C00000380000038000003FF00007FF80007E7800060F0000E7E0001FF80001FE00001C00000000000000000000000000000000000000000000000000000
2000000000000000000000000000000000000000000000000000000000000FC0007FFE003FFC600F8FFE01C0C7C0001818000380000030000007000000608000043C0000CF800007E0000078000000000000000000000000000000000000000000000
20000000000000000000000000000000000000000000000000000000000043C007FFFC03FFFFC03C07F80200F000000E000001C00000380000070C00003BC00007FC00007F00000000000000000000000000000000000000000000000000000000000
30000000000000000000000000E000007F80000FB80003C1800078380007030000E000000E000000C000000C1E0000FFE0000FFC00007F0000078000007000000E020000E070000E3F0000FFE00007C00000000000000000000000000000000000000
700000000000C000003C000007C00000D8000001800000380000030000007000000E000000C000001C00000380000070000007000000E008000C018001C5F8001FFF8001FFF0001C00000000000000000000000000000000000000000000000000000
90000000000E000000E000001E000001E000003C000003C00000380000078000007000000F000000E078001E3FC001FFFE003FFFE003FC3C003FDF8003FFF8000FFE0000FFC00007E0000000000000000000000000000000000000000000000000000
3000000000000000000000000780000FFF8001FFFE003E01E00380070070006007000200700000078000003C000001F800000FFE00007FE00007FE0000F800001E000001C0E0001FFF0001FFF0000FF00000000000000000000000000000000000000
2000000000000000000000000000000000000000000000000000003C007FFFE01FFFFE01007FE000063C0001C00000180000038000003000000600000060C0000C3C0000CF80000FF00000FE000007C00000000000000000000000000000000000000
800000000000000000000000078000007E00000FE00000C300001C300000C300000670000076000003E000003E000007E00001FE00007C60001F0E0007CFE001F0FC007C0F000F0080008000000000000000000000000000000000000000000000000
100000000000000000000000000000001C000003C000007C00000FC00000780000070000007000000F000000F000000E000001E000001C000003C000003C0000078000007800000F000000F0000007000000600000000000000000000000000000000
7000000000018000007800000380000038000007000000E000000E000001C00000180000038000007006000F00F000E01E001C01E001803C003807C00787F8007FFF000FFFF000701C000000000000000000000000000000000000000000000000000
30000000000000000000000000000000000000000000007C00007FF0000F07C003800F007000180600000070000003C000001FF800007F8000078000007020000FFF00007FE0000000000000000000000000000000000000000000000000000000000
800000000000000000000000038000007C00000EE00001C200001830000186000018600000CC00000FC00000F800003F80001F9C0003C0C000700C000000C000001C00008380000CF00000FE000007800000000000000000000000000000000000000
80000000000000000000000007C00000FC00000C600001C200001C600000C600000EE000007C000007800000F800003FC0000F8E0007C07003E00300F8007008101F0001FFC0000FC0000000000000000000000000000000000000000000000000000
6000000000000000000000000000000000000000000003FC0001FFF0003FFF800707F800607B800607F8007FF70007FCF0001F0F000001E000003C000003C000007800000F000000F000001E000003C00000380000078000007000000000000000000
2000000000000000000000000000007000000F800000FE3E0007FFF8001FFFC0007E1C0007E1C0007FFC000FFF8000F3E0001F000001F000001F000000F000000F000000F8100007C380003FF80001FF800007E000000000000000000000000000000
8000000000000000000000000FC00007FE0000FBF0001E070003C030003C030001C030001C030000F070000FFE00007FC00007FE0001F8F0003C070003C070003807000380E0001FFE0000FFC00007F00000000000000000000000000000000000000
90000000001C000003C000003C0000078000007000000F000000E000000E000001E000001E7E0001FFF8001FFFC000FC3C000FC1E000FC1E000F81C000F83C0007FF80003FF00001FE000000000000000000000000000000000000000000000000000
10000000000000000000000000000003E000007E000007E000007F00000FE00000FE000003E000001F000001F000001F000001F000001F000001F800001F000001F000001F000001F000001F800001F000000E0000000000000000000000000000000
200000000000000000000000000000000000000000000000000FC3F001FFFF800FFFFC00FFFFC0003FFE0001FFE0001E7C0003C3C0003C000007C000007C000007C000007C000003C000003FE00001FE00001FE000007C00000000000000000000000
4000000000000000000000000000000780000078000007C000007C000003C000007C00001FFE0003FFF8003FFF80007FF800078F800078F000078F000079E000079E000079C0000788000078000007800000300000000000000000000000000000000
9000000000000000001E000003E000007C00000F800001F000003E000003C00000780000078000007FC0000FFF0000FC78000F83C000F81C001F01C001E03C001F078000FFF00007FE00001F800000000000000000000000000000000000000000000
0000000000000000000000000300000FFE0001FFF8003FFF8007FAFC007C07E007803E007803E007803E007801E007803E007803E007803E007C03E007E47C003FFFC001FFF8001FFF00007FC00001F00000000000000000000000000000000000000
4000000000000000000000003C000003C000007C000007C000007C000007C000007C00003FFF0003FFF8000FFFC000787C000787C000F878000F878000F878000F860000F800000780000078000007000000000000000000000000000000000000000
4000000000000000038000007C000007C000003C000003C000003C000003C000003C000003C000003C000003E000003FE00003FF80003FF80003C780003C780003C700003E700003E600001C000000000000000000000000000000000000000000000
9000000000000000070000007000000700000070000007800000700000070000007000000700000078000007F000007FC000038F0000107000000380000038000067800007F800003F000001C00000000000000000000000000000000000000000000
20000000000000000000000000000000000000000000007FC0011FFF001FF07801F803801FF07801FFFF80381FF8038000007000000700000070000007000000700000030E00003BE00003FE00001FC00000F80000000000000000000000000000000
100000000000000000000000000000038000007C000007C000007C000003C000003C000003C000003E000001E000001E000001E000000F000000F000000F000000F000000F800000F8000007800000780000030000000000000000000000000000000
600000000000000000000000000000000000001F000007F80000FF80001FFC0003E7C0003CFC0003FFC0003FFC0001FFC0001F3C000003C000003C000003C000007C000007C000007C00000F800000F000000F0000007000000000000000000000000
00000000000000000000000000000003F00000FFE0001FFE0003C0F0007003800E001C00E001C00C001E01C001E01C001E01C001C00E001C00E001C007803C003F078001F8700007DF00001FE00001F800000E0000000000000000000000000000000
3000000000000000000000000000000FFC0001FFFC003FFFE003801E003800C007800000700000038000001C000001F000000F8700001FF80001FF00007E00000F800000F000000780C0007FFC0003FF80000FE000000000000000000000000000000
6000000000000000000000000000000000000000000007F80000FFE0001F9F0003F8F00031C78006183800C383801C38380187038018F03801FE07800F8078000007000000F000000E000000E000001C0000038000003800000180000000000000000
0000000000000000000000000000000FE00001EF8000383C000201C000400E000400E0004007000600700060070006007000600700030070003007000180E0000C1E0000E3C00007F800003F000001E000001C0000000000000000000000000000000
100000000000000000000000000000003800000380000038000007800000780000070000007000000F000000E000000E000000E000000E000000E000000E000001E000001C000001C000001C000003800000300000000000000000000000000000000
300000000000000000000000FFFC001F81E003E00600380030038001003800100380010038000003C000001E000000F8000003FF00003FF00007F80001F000001C1E0003FFFC003FFFE001E01E000000E000000000000000000000000000000000000
10000000000000000000000000000001E000001E000001E000000E000000E000000E000000E000000E000000E000000E000000E000000E000000E000000E000000E000000E000000E000000E000000E000000C0000000000000000000000000000000
5000000000000000000000000000000FF00003FFE000380F800300380020038006000000600000020000003000000100180018078000C3980003C300000030000006000000E000000C0000FFC0003FF80003E00000000000000000000000000000000
800000000000000000F000001F800003B80000308000030800003080000308000039800001D000001F000000F000000F800001DC000078C0000E060001C0600038060007C1E0006FFE00027F000000000000000000000000000000000000000000000
6000000000000000000000000000000000000000000003FE00007FF0000F838003B8180033818006381800C301800C701800CE03800DC03000F80700070070000007000000E000000E000001C000001C0000018000001800000100000000000000000
6000000000000000000000000000000000000000000001F000003FC0000FFE0001CCE00030C600071CE000618E000670E0004E0E0007C1C000301C000001C000001800000180000038000003000000300000038000003800000300000000000000000
40000000000000000000000030000007000000700000070000007000000700000070000007000000FE000007FF000071FC000703C0007078000706000070E000070C00007180000718000060000006000000000000000000000000000000000000000
2000000000000000000000000000000000000001E00000FF8000FFBE000F803800FC01801FE01801C783801C3FF0038000003800000700000070000007000000707000031F80003FF00003FC00001F000000000000000000000000000000000000000
6000000000000000000000000000000000000000000007F00001FFC0007B0E000C307001C303801870380187038018E03800DC03800F8038006003000000700000070000006000000E000000C000000C000000C000001800000080000000000000000
4000000000000000000000001800000380000038000003800000380000030000003000000F000000F0000007E000003FFC00071FC000707800070F000070E000071C00006180000610000060000006000000000000000000000000000000000000000
90000000000000000180000018000003800000380000030000007000000700000073000007FF000078700006018000C818000D830000F030000F07000060E000061C000063800007F000003C000000000000000000000000000000000000000000000
30000000000000000000000000000003F00000FFE0001F0F8003801C003000E00300060030006003003C00300000018000000CFC00007FE00007F80001F800000E000000C000000C000000E0380007FF800003C000000000000000000000000000000
10000000000000000000000000000000300000070000007000000700000070000006000000E000000E000000C000000C000000C000001C000001C000001C000001C000001800000180000018000001800000180000000000000000000000000000000
7000000000000000004000000E000000E000000E000000E000001C000001C000001C000001C00000380000038000003800000380000038000007800000380000038000003FE00001FF800000380000000000000000000000000000000000000000000
80000000000000000000000007C00000FE00000C600000C60000186000018C000019800001F800000E000001E000003F80000F3E0001E1E0001C0600010060000C06000101E00018FC0001FF00000FC00000000000000000000000000000000000000
00000000000000000000000000000000FE00003FF80007F7C001E01E003800E007000E006000E00C001E01C001C01C003C01C003801C007800E007000600E000701C00038380001E700000FE000007C000001C0000000000000000000000000000000
9000000000000000008000001800000180000018000001800000380000038000003000000300000033C000070700007830000701800070180002030000206000020E000031C00003F000001C000000000000000000000000000000000000000000000
30000000000000000000000000000001FE00007FF8000F01C001C01C001801C00380000038000003000000380000018000001C000000E0C00003FE00007E00000F000000C030000C030000E1E00007FC00003F8000000000000000000000000000000
5000000000000000000000003FC0000FFF0000F9F0001C030001C030001C060001C000001C000000C000000E00000070000003E0C0001FFC00003F000000E000000C000001800000F80007FF8000FFC00000000000000000000000000000000000000
70000000000700000070000006000000E000000E000001C00000380000070000007000000E00000060000006000000E000001C000001C000001C006000C03E00060F80007FF00003F8000000000000000000000000000000000000000000000000000
50000000000000000000000000000001800001FF80003FFF0003803F003800F80380018070000007000000300000038000000F01C0003FFC0000FF800000E000001C0000018000003000007F80001FF00003F40000000000000000000000000000000
8000000000000000000000001E000003F000007B8000071800007180000718000039800003B000001F000001E000000E000001F000001F8000039E000078E00007070000E030000F1F00003FE00000F80000000000000000000000000000000000000
700000000006000000F000000E000000E000001C000001C000003C0000038000003800000700000070000006000000E000000E002000E01E000C03E001C0F8001FFE0001FF00000F00000000000000000000000000000000000000000000000000000
2000000000000000000000000000000003C00001FF00007E70000F0300E3C03003F802001F006000F004000F80C001DFF0001C3C0001C00000180000018000001C010000E078000F0F00007FE00003FC00000F0000000000000000000000000000000
6000000000000000000000000000000000000007800001FC00003DC00006CE0000CC60000CC600018C600018C6000198600013860001F060000C0C000000C000000C00000180000018000003800000300000070000006000000000000000000000000
200000000000000000000000000000E000000E01E000707FC0039F0E001FC06000F006000F00C000FC38000DFC0001C000001C000001C000001C000001C000001C000001C018000E078000FFF00007FC00001E0000000000000000000000000000000
50000000000000000000000000000000F800003FE00007878000E018001C008001800000180000018000001C000000C010000E0700007FE00001FE000000C000001C000001800000F800003F80001F000001800000000000000000000000000000000
100000000000000000000000000000007000000700000070000007000000700000070000007000000F000000E000000E000000E000001E000001C000001C000003C000003C00000380000038000003000000300000000000000000000000000000000
3000000000000000000000001FE00007FF8000F07C001E01C00180000038000001800000380000018000001C000000E7C00007FC00007F000007000000E000000E018000C1F8000FFF0000FF800007C00000000000000000000000000000000000000
10000000000000000000000007000000F000000F000000E000000E000000E000000E000000E000000E000000E000000E000001C000001C000001C000001C000003C000003C000003C000003C000003800000000000000000000000000000000000000
800000000000000000F000001FC00003FC00003FE000071E000070E000070E000070E000078C00003FC00003FC00001FE00001FF80003FF8000FEF8003FFF0007FFE0007FFC0007FF800033C000000000000000000000000000000000000000000000
100000000000000000000000000000003800000380000038000007800000700000070000007000000E000000E000001E000001C000001C000003C00000380000038000003000000300000030000002000000200000000000000000000000000000000
4000000000000000000000000E000000E000001C000001C000001C000001C000003C00003FFE0003FFF00027FF000038F000030700007070000F070000E0E0000E1E0001C1C0001C18000180800010000000000000000000000000000000000000000
900000000000000000700000070000007000000E000000E000001E000001C000001C00000380000038000003F800007FE00007FE00007860000306000030E000031C00003FC00001F000000E000000000000000000000000000000000000000000000
000000000000000000000000007000003FC00007FE0001FFE0003F0E0007E07000F80F001E00F003C00E007800E007001E00F383C00F187800E187000E38F000E79E000FFFC000FFF80007FF00003F800000000000000000000000000000000000000
300000000000000000000000000000007E00000FF00003FF80003C300007030000E020000E000001E000000F0C0000FFC00007FC00001F800003E000007800000F000000E000000E0E0000FFE00007FC00003F0000000000000000000000000000000
900000000003000000700000070000006000000E000000E000001C000001C00000180000038000003FF00007FF80007FF8000F038000E070001C0E0001C3E0000FF80001FE00000F00000000000000000000000000000000000000000000000000000
300000000000000000000000000000007F00001FF80007FF8000FC38000F038001E030001E000000F000000FFC00007FC00001F800001F000003C000003800000780000078000007DE00003FE00001FC00000E0000000000000000000000000000000
30000000000000000000000000000001F800003FC00007FE0000FFE0000E1C0001E000001E000001E000001E000001F1E0000FFC00007F800001F000001C000001C0000018000003C000001FE00001FE00000F8000000000000000000000000000000
100000000000000000000000000000003C000007C000007C000007C000007C00000780000078000007800000F000000F000001F000001E000001E000001E000001E000003C000003C000003C000003800000380000000000000000000000000000000
2000000000000000000000000000000000000000000000000000007E007FFFE01FFFFE01FFFFC0000FF80000E200001C000001C000003C0000038000003800000380000039800003FC00003F800003F00000380000000000000000000000000000000
100000000000000000000000000000001C000003C00000380000038000003800000780000070000007000000F000000E000001E000001C000001C000001C000003800000380000070000007000000E000000C00000000000000000000000000000000
90000000000000000070000007000000600000060000006000000E000000E000000E000000C000001C000001C000001FC00003FE000078600007060000606000060C000073800003F000001E000000000000000000000000000000000000000000000
60000000000000000000000000000000000000000000003800001FE00007FF0001FE70001FC38003F830003F030003E03000380700000070000006000000E000000C000001C0000018000003800000380000070000006000000600000000000000000
700000000001E000003E000007C000001C000003C00000380000078000007000000F000001E000003C0000038000007800000F0C0000F1C0001FFE0001FFE0001FFC0001FF80000F98000000000000000000000000000000000000000000000000000
000000000000000000000000000000000000000FC00003FF0000FFF8000FFF8001F838001E038001C038001C038001C07800180F000181E000183C0001C7C0001CF80001FF00001FC00001F800000E000000E000000C0000000000000000000000000
900000000000000001C000003C000003C000003C000003C000003C0000038000007800000700000070E0000FFF8000FFFC001FC7C001F078003E0F8003C3F0001FFE0001FF80000FF0000078000000000000000000000000000000000000000000000
000000000000000000000000000000003F80000FFC0001FFC0003FFC0007F78000FC78000F078001F0F0001E0F0001E1E0001E1E0003E3C0003FFC0001FF80001FF80000FF000007E000007C000007800000300000000000000000000000000000000
300000000000000000000000000000003F800007FE0000FFE0003FFE0003E060007C04000F000000F000000F000000FC000007E000007E000007E00000F800000F000000E000000F100000FF800007F000003F0000000000000000000000000000000
40000000000000000000000018000003C000003C000003C000003800000380000038000003800007F000007FE00001FFF80007FFC00073FC000E03C000E038000E078000E0F0000C0F0000C0E0000C0C0000000000000000000000000000000000000
8000000000000000000000000F800001F800001FC00003D8000039800003B800003B8000037000003F000003F000001E000001F000001FE00003FF000038F8000307800030F00003FE00003FC00001F00000000000000000000000000000000000000
1000000000000000000000000000000006000000E000001E000001E000001C000003C0000038000007800000F000000F000000E000001E000001C00000380000038000003000000700000070000006000000600000000000000000000000000000000
5000000000000000000000001FE00001FF00003FE000038000003000000380000038000001E000000F8000007E000001F800000F000000F000000E00000FC00007F80003FF0000FF00000FC00000E0000000000000000000000000000000000000000
40000000000000000000000000000000C000001E000001E000003E000003C000001C000003FF0003FFF8007FFF8003FFF80007038000E038000E070000E0F0001C1E0001C1C0001C18000381000038000001000000000000000000000000000000000
900000000000000000E000000E000001E000001C000001C000001C000001C000003800000380000031C000077F00007FF0000FC30000F030000E030000207000030E00003BC00003F800001F000000000000000000000000000000000000000000000
400000000000000000000000000000004000000E000000E000000C000000C000001C00000FE00001FFF80001FFC000183C000381800030180003030000707000060E000060C0000C000000C000000C000000800000000000000000000000000000000
700000000000E000000E000000E000000C000001C00000380000030000007000000E000000C000001C000001800000380000070000007000000E000000E030000E7F0000FFC0000780000000000000000000000000000000000000000000000000000
100000000000000000000000001800000180000030000007000000E000001C000001C0000038000007000000F000001E000001C0000038000007000000F000000E000001C000001800000380000070000000000000000000000000000000000000000
2000000000000000000000000000000000000000000000000000C03F001C0FF800E3FF000FFFF0007FFC0007FE0000F700001C000003C00000380000030000007000000701C0003C7C0001FF00000FE00000000000000000000000000000000000000
500000000000000000000000000000000000001FC00003FF000038380003018000380C00038080003E000000F0000007C000003C000001C000001C00000380000230003FFE00007FE0000000000000000000000000000000000000000000000000000
20000000000000000000000000000000000003000000F800000FE03E001F0FF0007FFF0003FDF0001FFE0003FFC0007BF00007000000F000000E000001E000001E000001E000001E180001E780001FF80001FF0000078000000000000000000000000
300000000000000000000000000000007E00001FFC0003F7E000383E00070000007000000700000038000001E400000FE00000FC00001F000003C000007000000E000001C000001E030000FFF00007FC00003E0000000000000000000000000000000
30000000000000000000000000000000FE00003FFC0007FFE000F80F000E006001E000000E000000E000000F000000F0000007CC00003FE00001FC00003E00000F800001F000003C1E0003FFE0001FF80000FE0000000000000000000000000000000
800000000000000000000000000000000F800001F800003DC000039C00003B800003F800003F000007E00000FC00003FC00007FC0003FBC001FE1C003F83C000C038000C0F8000FFF0000FFC00001E000000000000000000000000000000000000000
900000000000000000E000001C000001C000003C000001C000001C000001C00000380000038000003F800003FC000079C000070E0000F8E0000E1C0000E3C00007F800007F000003E0000000000000000000000000000000000000000000000000000
1000000000000000000000000000000018000001C000003C00000380000078000007800000700000070000007000000F000000E000000E000001E000001E000001C000001C000003C0000038000001800000100000000000000000000000000000000
300000000000000000000000000000007F00001FFC0003E7E000380E000700E000700000070000006000000700000078C00003FE00001FC00001F000003C000007800000E000001E000001FC00000FE000001E0000000000000000000000000000000
60000000000000000000000000000000000000000000003800000FC00003FF0000FFF0001C33800387380030E380071C38007F830003F070001C0E000000E000001C000001C000003800000380000070000006000000E000000C00000000000000000
40000000000000000000000000C000001C000001C0000038000007000000E000001F000003FE00007FF000070780007038000E070000E070001C0E000181C000381C00038380007030000700000020000000000000000000000000000000000000000
100000000000000000000000000800000180000030000007000000E000001C000001C0000038000007000000E000001C000003C0000038000007000000F000000E000001E000001C00000180000018000000000000000000000000000000000000000
60000000000000000000000000000000000000000000003E00001FF00003FF8000FFF8001E7F80038F380033E70007F070003F0E0001C1C000003C0000038000007000000F000000E000001E000001C00000380000038000003000000000000000000
9000000000000000001C000001C0000018000003800000380000070000007000000E000001C000003F000007FE0000FFE0003E060007C06000780E000781E000183C0001CF80000FF0000078000000000000000000000000000000000000000000000
9000000000000000006000000700000070000006000000E000000E000000C000001C000001C00000380000037E00007FF0000FC70001F060003C0E000101C000007800005F00000FC00000F0000000000000000000000000000000000000000000000
300000000000000000000000000000007C00003FF80007FFC000F00E000E006000E000000E000000E000000E00000070400007FE00003FE00003F000007C00000F000000F0000007C000003F000000F80000038000000000000000000000000000000
20000000000000000000000000000000000000003800001FF00407FF00F0F8F007FFFE007FFF8001FFE00007E000007000000F000000E000001E000001C000001C000001C300001CF80001FF00001FF00001F80000060000000000000000000000000
300000000000000000000000001C00003FC0001FFC0003E0000070000007000000E000000E000000E00000070780007FF00003FC00001E0000038000007000000701000070700007FF00007FE00003F80000000000000000000000000000000000000
80000000000000000000000003C00000FE00001FF00001C300003C7000038E00001DC00001F800000F000000F000003F800007BC0000F1E0001C0E000380E000703C000F0FC000EFF00004FE000007000000000000000000000000000000000000000
80000000000000000000000001E000003F00000718000071C0000E1C0000E3C0000EF800007F00000FC00001FC00007DE0000F0E0001E06000380E000781E000703C000E1F8000FFF00007F8000018000000000000000000000000000000000000000
9000000000000000000C000001C00000380000038000007000000E000001C000001800000380000071C0000FFF0000FE78003E01800380180070018003003800201F000307E0003FF80001FC000000000000000000000000000000000000000000000
9000000000038000003800000380000070000006000000E000001C000001C000003800000387000073F800077F8000FF1C000FC3C001F078001E0F0001E1F0000FFC00007F800001E0000000000000000000000000000000000000000000000000000
10000000000000000000000000200000060000006000000E000000C000001C00000380000038000007000000F000000E000001C000001C00000380000030000007000000E000001C000001C0000018000000000000000000000000000000000000000
40000000000000000018000003800000300000070000006000000C0000018000003800001F006000FFEE000FFFE000E47C001C07800380F000700C000601C000E038000C0700000060000006000000000000000000000000000000000000000000000
2000000000000000000000000000000000000000FE00181FF001C3FF001FFFF001FFFC0007FF000038000007000000E000000E000000E000001C000001C00000381C000387C00039FC0003FF80001FC00001F800000E0000000000000000000000000
400000000000000000000000008000001800000380000030000007000000E000000C000003C000007F8E000FFFE000F3FC000E038001C070001C0F000780C0007038000E0300018020000000000000000000000000000000000000000000000000000
500000000000000000000000000000000000000000000007C00001FE0000300000060000006000000400000064000003E000001C000003800000F000007C0001FE0000080000000000000000000000000000000000000000000000000000000000000
4000000000000000000C000001C000001C0000038000007000000E000000E000001C00001BC00001FFF8000FFF8000E0F0000E060003C1E0003C3E0007838000E030001C06000001C000001C000000000000000000000000000000000000000000000
400000000000000000000000000000000000000180000038000007000000C000001C0000038000003E060007FFE000E1FC000C038001C07000380E000701C0007038000E070001C060000000000000000000000000000000000000000000000000000
80000000000000000000000003F000007F80000E1C0000C0C0001C1C0001C780000CF00000DC00000F000001F00000FFC0001FF80001E1C000380E000700E000E00E000D03C00011F80001FE00001F000000000000000000000000000000000000000
10000000000000000000000000000000038000007000000F800000E000001C00000380000038000007800000E000000E000001C000003C00000780000070000006000000E000000E000003C0000038000003000000000000000000000000000000000
3000000000000000000000000000000001800006FF8001FFFC007F87C00F800001E000001C000001C000001E0E0000FFE00007FE0000FE00000F000001E000003C000003800000387C0003FFC0001FF800007E0000000000000000000000000000000
0000000000000000000000000000000000000001F00000FFC0003FFE000FC1F001F00F003C00E003C00E007801C00F003C00E007800E00F000C01F000E03E000F47C0007FF80003FF00001FE000006000000000000000000000000000000000000000
70000000000000000006000000E000001C000001800020380003030000307000030E000021C0000238000007000000E01C000E038001C038003C060003FCE0003FFE000007C0000038000003000000000000000000000000000000000000000000000
5000000000000000000000000000000000000006000003FF80003C3E000700600060040006000000700000038000001E000000FE000001E000001C00000380007FF0001FFF0001FC20000000000000000000000000000000000000000000000000000
10000000000000000000000000000000070000007000000F000001E000001E00000380000038000007800000F000000F000001E000003C000003C0000070000007000000F000001C000001C0000038000003800000000000000000000000000000000
4000000000000000000000000080000018000001800000380000030000006000000E000001FD80003FF800039F0000306000060E0000E0C0001C1C0001818000381000030000006000000600000040000000000000000000000000000000000000000
900000000000300000070000006000000E000001C00000180000038000007000000E000001C000003D000007FF0000FCF0001C038001807000180F000103C00011F80009FE00008700000000000000000000000000000000000000000000000000000
00000000000000000000000000000000000000007000007FC0001FFC0007E1E001E00E003801E007001C00E003800C007801C007001C01E000E01E000E17C000FFF00003FF00003FE00001F000000C000000000000000000000000000000000000000
70000000000000000000000000180000038000003000000F000000E700001FF000FFFE007FFFC007FF000000E000001C000003C000007800000F000000E000001E000001CF80001FFC0001FFC00000700000000000000000000000000000000000000
200000000000000000000000000000000000000000000000000001FE0000FFE003FFFC00FFFF801E03E00000FC00001F000007E000007800000E000001E070001E3F0001FFF0000FFC000070000000000000000000000000000000000000000000000
3000000000000000000000000003800007F80003FE0000FE00001F000001C0000018000001C000001FE00000FE000003E00000F800003E000007C00001F000003C0000078780007FF80007FF00003F000000000000000000000000000000000000000
60000000000000000000000000000000000000000000001FC0003FFE0007FFE001FFFE007E07C00FC0F800F8FF800FFFF000FFFE0007E1E000003C000007800000F000003E000007C00000F800001F000001C00000300000060000000000000000000
7000000000000000003000000380000038000003000000700000070C0000FFE0003FFC000FFF0007FC000073800000380000078000007000000E000000E000001E7E0001FFE0001FFE0000E1000000000000000000000000000000000000000000000
5000000000000000000000000000000002000000F000001C0000038000003000000300000018000001C000000F0000007000001E00000F000003C00003F00003F80000FC0000000000000000000000000000000000000000000000000000000000000
00000000000000000000000000000000000000000000000F80000FFC0003FFE000FE0E003F01E00FC03C00F003C00E003800E00F800C00F001C03E000E07C000F3F8000FFF00003FE00000F8000000000000000000000000000000000000000000000
60000000000000000000000000000000000000000000007C00003FFC0007FFC001F07C001E03C001C0F8001FFF0000FFF00003FF000001E000003C000007800000F000001E000003C000007800001F000003C000007800000E0000000000000000000
900000000000800000080000018000001800000300000070000006000000E000001C000001C0000038000003000000700000063F00007FF0000787000061E0000E7C0000FF00000780000000000000000000000000000000000000000000000000000
20000000000000000000000000000000000000000001FFF8003FFFC001FFFC00000F8000007800000F000001E000003C000007C38000783C000F83C000F83C000F83C000F8F80007FF00007FC00003F80000000000000000000000000000000000000
7000000000000000038000003C000003C000003C000007C0000078000007800000780000078000007800000F018000F01C000F01C001F01C001F1FC001FFFC001FFFC000F87C000003E000001C0000000000000000000000000000000000000000000
8000000000000000000000003C00000FE00001FF00001EF00001EF00000FF00000FF000007F000003F800003FE00003FF00007EF8000FC78000F07C001E03C003E078003FFF8003FFF0003FFC0000EF80000000000000000000000000000000000000
10000000000000000000000038000007C000007E000007E000003F000001F000003F000003F000003F000003F800001F000003F800003F800003F800001F800001F800001F800001F800001F800000F00000000000000000000000000000000000000
2000000000000000000000000000000000001FFFC001FFFE001FFFE001FFFE000007C00000FC00000FC00001F800003F800007F00000FE00000FC00000F800000F00C000F81E000FE3E0007FFE00007FC00001F000000000000000000000000000000
8000000000000000000000003E00000FF80000FFC0000FFE0000F9F0000F8F00007EF00001FF00001FF00000FF00000FF00003FF8000FFFC001F83C007F0FC007DFFC00F1FF800FDFF0007CFC00038000000000000000000000000000000000000000
400000000000000000000000780000078000003C000003C000003C000003C000003DE00003FF0000FFF800FFFF800FFC3800F3C380003C78000787000078F000078F000078E0000780000078000003800000000000000000000000000000000000000
8000000000000000000000001C00000FF00000FF80001F3C0003E3C0001C7C0001CF80001FF00000FE000007F000007F80000FBE0000F070000F038000F03C000F03C000FCF8000FFF0000F9C00003000000000000000000000000000000000000000
400000000000000000000000700000038000003800000380000038000003C00001FFC000FFFF001FFFF000FFC780003878000387800078780007870000787000070700007070000F07000070300003000000000000000000000000000000000000000
40000000000000000000000006000000700000070000007000000F000003FC0001FFE0003FFF0003FE700019E700001E700001C700003CF00003CF000038E000079E000079E000078C000070C00002080000000000000000000000000000000000000
4000000000000000000000001C000001C000003C000001C000001C000001C000001C000001C7C0007FFC007FFDC00FFC1C0003C1C0003C1C0003C1C0003C1C000381C0003800000780000070000007000000000000000000000000000000000000000
8000000000000000000000000000003F80000FFE0000FFF0001FFF00007FF00003FF00001FF000003FC00000FF00000FF80000F3C0001E1E0003E1E0003C3E0007C3E000FFFC000FFF00007FC00001E00000000000000000000000000000000000000
20000000000000000000000000000000000000000000FFFFC01FFFFC03FFFFC003FFFC00007F80000FF00003FC00007F800007F00000FC00000F800000F800001F020001F078000F87C000FDFC0007FF80001FE000000000000000000000000000000
1000000000000000000000000000000030000007800000780000070000007000000F000000F000000F000000E000000E000000E000000E000000E000000E000000E000000C000000E000001C000001C000000C0000000000000000000000000000000
900000000000000000C000001C000000C000000C000001C000001C000001800000180000019C00003FF00003FF00003FF00007830000707000070E000071E00003BC00001F800001F000001E000000000000000000000000000000000000000000000
4000000000000000000000000C000000E000000E000000E000000E000001E000001F800007FE0000FFF0001FFF000038380003838000703800070700007070000F070000E0E0000E0E0001C040000C000000000000000000000000000000000000000
200000000000000000000000000000001F000FFFF000FFFF000FFFE000017E000007C00000F800001F000003E000007E00000FC00000F800001F000001E000001E000001E00C001F03E000FFFE0007FFC0001FF000000000000000000000000000000
300000000000000000000000000000000000003FC0000FFF8000FFFC000FFFF000C001000E000000E000000E00000070000003C000001E000001E000003E000003C000007800000700000078C00003FC00003F8000007800000000000000000000000
9000000000000000018000003C000003C000003C000003C000003800000380000078000007E000007FC00007FE00007EE000078E000011E000001E000003C00006F800007F000007F000001C000000000000000000000000000000000000000000000
0000000000000000000000000000000000000003F00001FFC0007C3E001F01E003C00E007800E00F000E00E001E01E001E01E001C01E003C00E003800F80F0003FFF0000FFE00001FC00000F000000000000000000000000000000000000000000000
300000000000000000000000000000003C00003FF0000FFF8001FFFC003F00C003C000001C000001FF00000FFC00003FC00000FC00001FC00003F000007C00000780000078000003C000000FF000007F800003F800000000000000000000000000000
6000000000000000000000000000000000000000000000F800003FF0001FFF0003FFF0007E3F000F8FF000F3FF000FFF70007FC70003F070000807000000F000001E000001E000003C000003C000007800001F000001E000000C00000000000000000
5000000000000000000000000000000004000001F800007FC00007FC0000FFC0000E000000C000000C000000C000000C700000EF000007E000003C00000780001FF0000FFE0003F3C0003010000000000000000000000000000000000000000000000
9000000000000000000E000000E000001E000003C000007800000F800000F000000E000001C000003C000007FC00007FE0000F0E0001E0E0001C1C0001C3C0001CF80001FE00001F800001E0000000000000000000000000000000000000000000000
300000000000000000000000000000003FF0000FFF8003FCF8007C03000F800000F000001E000001C000003C000001C0E0001FFE0000FFC0000FE00001F830003E0F000387F0003FFC0003FE00001F800000600000000000000000000000000000000
40000000000000000000000000000000030000007000000F000000E000003C000007800000706000FF9E003FFFE007FDFC00071F0000E3C0001C38000387000070E000070E0001C0C0001800000000000000000000000000000000000000000000000
50000000000000000000000000000000000000000000003F800007FC0000FFC0001E0C0001800000180000039C00003FC00003FC00001F000000E00007FC0003FF80003CF000000000000000000000000000000000000000000000000000000000000
7000000000001C000001E000007C000007800001F000003E0000078000007800001E000001E0000078000007000000E000001E038003C07800781F000FFFE001FFFC000E0780000070000000000000000000000000000000000000000000000000000
60000000000000000000000000000000380000078000001E000007F00001FF80003FB8000E738001CF780019E70003BC60003F8E0001F9C0001E380000838000007000001F000003E000003C000003800000300000000000000000000000000000000
90000000000000000003800000380000078000007000001E000001C0000078000007000000F000001E000003C000007FF00007FF0000FCF0001E0E0003C1E000783C0006CF80000FC0000070000000000000000000000000000000000000000000000
3000000000000000000000000000000007E00003FF0000FFF0003F0F0007C3E000F00C000E000001C300001FF00001FF00000FC00001F000003C000007800000783C00070FC00077F80007FC00003F800000E00000000000000000000000000000000
2000000000000000000000000000000003F80043FF800FFFF8007FFC0003FF00000FE00000F800001F000007F000007C00000F800001F000003E00000381F000787F0007FFF0007FFC0003FF000001C00000000000000000000000000000000000000
4000000000000000000000000030000007000000F000001E000001C000007800000F000000E000007C1E000FFFC0007FF80007078000E0F0001C1E000383800070300007000000E000001C00000080000000000000000000000000000000000000000
800000000000000000000000000000000F800003FC0000FF80000E780001CF00001FE00001F800001F800003FE000070F0001E070003C030007807000701E000E07C001C1F8001CFE0003CF8000104000000000000000000000000000000000000000
900000000000380000038000007800000F000001E000003C0000078000007800000F000001FF00007FF8000FC3C001E01C003C03C007F078007F0F0007E3E0003FF80003FF00001F00000000000000000000000000000000000000000000000000000
9000000000000000000180000038000007800000F000001E000001C0000038000007000000E400001FF00001FF00003C380007838000E070003F0E0007F3C0007FF80007FE00001F800001E0000000000000000000000000000000000000000000000
7000000000000000000380000078000007000000E000001E000001C0000038000007000000F000001C000003C000007800000F030001E070003C1F0003FFE0007FFC0003F78000007000000E000000000000000000000000000000000000000000000
200000000000000000000000000000000010003C03800FF8F803FFFF003C3FE003007C00000F800001E000007C00000F000003E000007800000F000001E00000380F000707F00070FE0007FF00003FC00001E00000000000000000000000000000000
2000000000000000000000000000000000000007800020FE00031FE00019830001F030000F0300007FE00003FE000063800006000000600000060000006000000600000060000007000000300000038C00001F8000007000000000000000000000000
000000000000000000000000000000000E000007F80001FBC000780E000E006001C0060070006007000C00E000C00C000C018001C01800180180030018007000C00E000C40C00062180003FF00001FE00000000000000000000000000000000000000
10000000000000000000000000000000E000000E000000E000000E000000E000000E000000E000000E0000006000000600000060000006000000600000070000007000000700000070000007000000700000030000000000000000000000000000000
9000000000060000006000000600000060000006000000E000000C000001C0000018000001800000380000030000003FC00007CE000070600002060001006000100C0000FF800007E0000000000000000000000000000000000000000000000000000
1000000000000000000000000000000060000006000000700000070000006000000600000060000006000000E000000E000000C000000C000000C000000C000000C000000800000080000008000000800000000000000000000000000000000000000
00000000000000000000000000000000000000000000001E000007F80003FFC0007FFC001F806003E006007800600E000E01C000C018001C018007801C00F000E03E000FC3C0007E200001E0000000000000000000000000000000000000000000000
0000000000000000000000000000000000000001F80000FFC0003FFE000FC06001F006003C006007800600E000600E000601C000C018001C018003801800F001801E001C0FC000F9F00007FC00007F000001000000000000000000000000000000000
7003000000300000030000003000000200000060000006000000600000060000004000000C000000C000000C000000C000000C0000008000000FFF0000FFFF0007FFF0000000000000000000000000000000000000000000000000000000000000000
6000000000000000000000000000000000000000000000000000FF80003FFC0007FFE000E01F001C07B800C1F3800FFE18007F8180000018000001800000180000038000003000000700000060000006000000C000000C00000180000018000000000
8000000000000000000000001F000003FC000070C0000C060000C020000C060000C06000060E000071C00003B800001F000001F000001FC000039E00007060000C0F0000C0E0000E3C00007F800003E00000000000000000000000000000000000000
2000000000000000000000000000000000000001E000003E000207300020E300031C300031830001B830001F8E0000F3C00007F800007E0000060000006000000600000060000006000000300000038000001FC00000F800000000000000000000000
1000000000000000000000000000000070000007000000700000070000007000000700000070000007000000700000060000006000000400000060000006000000E000000E000000C000000C000000C000000C0000000000000000000000000000000
20000000000000000000000000000000000001800000181E000183E000187600018E20000DC6000078E00003FE00003FC0000300000060000006000000600000060000006000000300000038000001C000000FC000007800000000000000000000000
8000000000000000000000000F800001FC000078600006020000C020000C020000C060000C06000060C00003D800000F800000FE000018600007020000C020001806000100C0001B780000FE000007E00000000000000000000000000000000000000
80000000000000000000000006000001F800003FC0000704000060400006060000606000060C000031C00001B800000F000000F800003DC00006040000C04000081C00009F800008780000FF000007E00000000000000000000000000000000000000
000000000000000000000000000000007C00003FF00007FF8001F81C003E00E007800E007000600E000601C000601C0006018000E018000E01C001C00C003C00C007000E07E00070780007FE00001F800000800000000000000000000000000000000
8000000000000000000000001F000003F8000071C0000E0C0000C0C000080C000080C0000C1C0000E38000077800003F000001E000001F000003BC000070E0000E060001CFE000187E0001FFC0000FF00000000000000000000000000000000000000
000000000000000000000000000000000F000007FC0003FFC0007E0C000F00E001C0060038006007000E00E000C00C000C00C001C00C001800C003800C003000C006000600E000761C0003F780001FF000008E0000000000000000000000000000000
300000000000000000000000000000001E00000FF00001FF80003C180003818000301000060000006000000600000030000003C000001C000000C000003C000003800000700000030000003E000001FC000003C000000000000000000000000000000
3000000000000000000000007800000FE00001FF80003FFC000383C000700C0006000000700000038000003C000000FE000007F000003F000007E000007800000700100078070003FFF0000FFC00003F8000000000000000000000000000000000000
6000000000000000000000000000000000000000000000C000003F80000FFE0001FFF0003EE300039E380077C38007F838003F038001C03800000380000030000007000000E000001C000001800000380000038000007000000200000000000000000
00000000000000000000000000000000000000000000000000007FF0001FFFC007CC7E00F003E01E000E01C000E01E000E00F000E00FC01E003E03C001E078000E0F0000E7E0000FF8000000000000000000000000000000000000000000000000000
1000000000000000000000000C000000E000000E000000E000000E000000E000000700000070000007000000F000000F000000F000000F000000F000000F000000F000000F000000F0000007000000600000000000000000000000000000000000000
70000000001C000001E000000F000001F000001E000001E000003C000003C000003C000007C000007800000F000000F006001E00E001C00E001C01E003FFFE003FFFE003FFFC001CFB800000000000000000000000000000000000000000000000000
800000000000000000000000000000007800001FC000039C000071C0000E380000C300000E7000007E000007C000003C000007E00000C78000181C000000E0000006000000E000021E0000C780001FF00000F80000000000000000000000000000000
50000000000000000000000000000000FC00003FF80007FFF000F007801E000001C000001C000001C000001E000000F8000003E000000FC000001C000001C000001E00000FE00003FE000079E0000E0E0001C04000000000000000000000000000000
70000000003800000380000038000007800000700000070000007000000E000000E000001E000001E000001C018001C03C001C03C001C03C001C03C001C03C003FFFC001FFFC0003DF800000000000000000000000000000000000000000000000000
50000000000000000000000000000003FC00007FF0000FFF8000E018000E018000E000000E00000078000003E000001FC000003E000001E000001C00000FC00001FC00007FC0000F1C0000E1C0001C1C000180C000000000000000000000000000000
8000000000000000000000001E000003FC00003FF000030700003070000387000038700001C600001CC00000FC000007800000F800003FC0000F9C0003E0E000380E000000F00010FF0003FF80001FE00000000000000000000000000000000000000
4000000000000000018000001800000180000018000003800000700000078000007FC000077E000070F0000E07C001E01C001E01E001C01E003C00E003C01C003800C0078004007800000300000000000000000000000000000000000000000000000
500000000000000000000000000000000000003FE00007FFC000FFFC000F800000E000000E00000070000003C000001E000000F00000038000001800000FC00003FC00007FC0000FF80000E380000C180000018000001800000000000000000000000
600000000000000000000000000000000000000000000000000000C00000FC00003FE0000FF70000FE30001F830001F020001E0600018060000004000000C000000C0000018000001800000300000060000006000000C000000800000080000000000
30000000000000000000000000FC00007F80001F000003C000003000000700000038000001C000001E000000F8000003C000003C00000F800001F000007800000700000070000007E400003FE00000FC0000000000000000000000000000000000000
9000000000C0000006000000300000030000003000000300000070000007000000700000071E000077F80007F180007C180007818000F038001E07000180E000181C0000FF800003E0000000000000000000000000000000000000000000000000000
0000000000000000000000000000000000000003C00001FE0000FFF8003FFFC007F81E00FC00E00F000E01E000E01C000E01C000E01C001E00E003C0070078003C0F8001FFF00007FF00001FE00000780000000000000000000000000000000000000
10000000000000000000000000000000C000001C000000C000000C000000E000000E000000E000000E000000E000000E000000E000000E000000600000060000006000000600000060000006000000600000060000000000000000000000000000000
700000000002000000600000060000006000000C000000C0000018000001800000380000030000003000000600000060600006060000606000078600003F600000FE000001E0000004000000000000000000000000000000000000000000000000000
80000000000000000000000000000003F800007FC000079E000060E0000606000060E000030E000019C00001FC00000F800001F000003F00000330000003000000180000018000003000000F00007FE00007F00000000000000000000000000000000
80000000000000000000000000000003E000003F8000071C000060C000060C000071C000071C000033800003F000001E000001E000003F00000F380001C1C000000E00000060000007000000F0000FFE00007F0000000000000000000000000000000
70000000001E000000F0000007000000E000000E000001E000001C000001C000003C0000078000007000000F004000E00E000C01E001C01C001C0380018038001F0F8000FFF00007FF000000000000000000000000000000000000000000000000000
60000000000000000000000000000000000000000000003800003FE0000FFF8003FFFC007E39E01F878E01E0F0E01C3E0E01FFC0E007F81C003001C00000380000038000007000000F000000E000001C000003C000007800000300000000000000000
3000000000000000000000000000000007800001FE00007FE0001FFE0003F080007C0000078000003C000001F000001F000007F00000FE00001F000003E000003800000702000030700003FF00001FE000007C0000000000000000000000000000000
500000000000000000000000000000007F80001FFC0003FFE0007F860003C01000380000038000001C000000C00000060000007800000380000C180007F9C000FFFC0007FFC0000078000007800000380000018000000000000000000000000000000
700000000003000000300000070000006000000E000001E000001C000003800000380000070000006000000E000000C000001C000001C000001FE00001FFF80007FF800001F8000003800000000000000000000000000000000000000000000000000
00000000000000000000000000000000000000000000002000003FF0001FFFC003E01E00F000C01E000601C0006018000E018000E01C001C00F003C00F10F8007F3E0001FF800007E0000038000000000000000000000000000000000000000000000
10000000000000000000000000000000E000000F00000070000007000000F000000F000000F000001F000001E000001E000001E000001E000001E000001E000001E000003C000003C000003C000003C00000380000000000000000000000000000000
300000000000000000E000001E000003E0000078000007000000F000001E000000E000000E000001C000000E1C0000FFE00007FE00001FC00001F000003F000003F800003FFC0001FFE000000E0000000000000000000000000000000000000000000
9000000000000000018000001C000000C000000C000000E000000E000000E000000E000000E000001C000001C000001F800003FE000039E0000306000000E000041E00007FC00007F000003C000000000000000000000000000000000000000000000
4000000000000000000000007800000780000038000001800000380000038000007800000F000000F000001FFF0001FFFE001FFFE001F00E003E006007C00E007C01C0038018003003800200380000018000000000000000000000000000000000000
900000000000000000E000000F000000700000070000007000000E000000E000000E000001E000001C000001F800003FE00003FE0000387000070E000021E000003C000067C00007F000007C000000000000000000000000000000000000000000000
0000000000000000000000000000000003C00001FE0000FFE0001FEF0003E07000780F000F00E000E00E000E01C000C03C000C078001FDF0003FFE000FFFC000FFF0000FFC0000FF80000380000000000000000000000000000000000000000000000
80000000000000000000000003E000007E00000FF00000E700000C700001CE00001DE00000FC00000F800001F000003F00000FF80003E38000F818001F01C000C61C000061C000063C0000FF800007E00000000000000000000000000000000000000
50000000000000000000000000F800003FC0000FC40001F000001E000003C000003C000003E000001FC00001FF000000F00000070000007000000F000001E00000FC00001F80001FF0003FF80003FC000000000000000000000000000000000000000
6000000000000000000000000000000000000000000003E00000FF80001FFC0001F0E00019860001B860001F860001F070000E070000007000000E000000E000000E000001E000001C000001C000001C0000038000003800000180000000000000000
3000000000000000000F000003F000007F000007200000E000001C000001C000001800000380000038000003FC00003FC00003FC00003F800007C00000F000000E080000F9C0000FFC00007FC00000000000000000000000000000000000000000000
40000000000000000100000001000000180000038000003800000700000070000007000000E000000FE00001FF00003E700007830000F070001F070003F0F0001E0E0001C080003C08000380000000000000000000000000000000000000000000000
700018000000C000001C0000038000007800000F000000E000001C000003C0000038000003800000700C000701E001E07C001E0F8001C1F0007FFF0007FFE0003FFC00007F80000000000000000000000000000000000000000000000000000000000
9000000000000000001800000180000038000003000000700000070000006000000E000000E000001F800001F800003FC000078C00007180000E38000047000004F000005C000007C0000070000000000000000000000000000000000000000000000
1000000000000000000000000000000038000007C000003E000003E000007E000007E00000F800001F800001F000003E000003C00000380000038000007800000F000000F000000E000000E000000E000000E00000000000000000000000000000000
800000000000000000000000007800000FC00003FC000079C000073800006380000E700000FF00000FE00000F800003F000007F00000F700001C780007C380007038000E470000E6F0000C3E000003C00000000000000000000000000000000000000
700000000000000000018000003C0000078000007000000E000001E000001C0000038000007800000F000001E000001C000003C000007800000F000001E000001C000003FE00003FF00001FF000000000000000000000000000000000000000000000
300000000000000000000000007800003F800007F80000F000001E000001C000003800000780000078000007FF80003FF00003FC00003E000007800000F000001E000001E060001FFE0000FFF00001F40000000000000000000000000000000000000
8000000000000000000000000000000006000001F800003FC000079C000071C000061C000063800007F00000FE00003F80001FE0000FFE0001E0E000380E00000070000007000004380000EF00000FE00000380000000000000000000000000000000
100000000000000000000000000000000C000001C000003C0000078000007000000700000070000006000000E000000E000000E000001E000001C000001C0000018000001800000180000038000003000000300000000000000000000000000000000
9000000000000000000000000F000001F000000F000000F000000E000001E000001C000001C000003DE00007FF00007FF8000FC38000F078001C0F0001C1E0001EFC00007F800007C0000070000006000000000000000000000000000000000000000
200000000000000000000000000000000000000007800003F800E0FF800F1FF0007FFE0003FF80003FE00007F80000F000001E000003C0000038000007800000700000070100007FF80003FFC0001FF80000000000000000000000000000000000000
5000000000000000001F000007F00000F800001E000003C000003C000003C000003C000003F000001FC00000FE000001F000000F000000F000000F00000FE00000FC003FFF8001FFE0000038000000000000000000000000000000000000000000000
20000000000000000000000000000000000000000000000000000010000003001FFCF003FFFE00201FC000001C0000038000007000000F000001FF80001FFC0001FFC0000000000000000000000000000000000000000000000000000000000000000
600000000000000000000000000000000000000000001FE00003FF80007FFC0007BFE00073EF000FFC7000FF87000FE07000780700000070000007000000F000001E000001E000003C000007C000007800000F000000E000000C00000000000000000
400000000000000000000000000000000000000000000020000006000000C000000C030001C070003F1C0007FF8000F8F0001C0E000180C00038080003008000600C000E000000C000000C00000000000000000000000000000000000000000000000
60000000000000000000000000000000000000010000003E00000FF00000FB00003E300007C60001F060000C1C000001C0000038000007000000E000001C0000038000007000000E000001C0000038000003000000100000000000000000000000000
2000000000000000000000000000000001E000003F00000FE0001FE80007FE00003F7000007F000007E00001F800003C000007800000F800001F000001E000003E000003DC00007FE00007F800003E000003C00000000000000000000000000000000
2000000000000000000000000000000001C000007E00001FE00003FE00377F8007FFF00003FF00001F800003F80000700000070000007000000F000000E000001E000000C000001C780003C800003F800001E00000000000000000000000000000000
30000000000000000000000003800001FF80003FFC000703C000700000038000001C000000E0000007C000013E00001BE00013F00001F800001E000007800000F001800E00FC00E03D80077200001E000000000000000000000000000000000000000
60000000000000000000000000000000000000007800001FC00003F00001FE00003F00000FC00001F8F0001F0F0001E02000003E000003C000007800000F000001E0000038000007000001E000003C000003C00000380000000000000000000000000
700000000000000000018000007000000E000001C000007800000F000003E00000200000038000007000001E00000380000078000007000000F000000E000000E21FF006FFFF000079800000000000000000000000000000000000000000000000000
90000000000020000006000000C0000038000003000000E000001C0000018000003004000600C0006000000E800001E000001C000003C01800381F00038FC0000FF00000FE00000780000000000000000000000000000000000000000000000000000
1000000000000000000000000000000001F000003E000003C000007800000F000003F000007C00000F800000F800001F000003E000007C00000F800001F000003C000007C00000F800000F00000000000000000000000000000000000000000000000
70000000000000000000F000001C000007800000F000001E000007800000F000003E000003C00000F800001E000003C000003807000780F000F03E000E07C00070F80007FF000007E000000C000000000000000000000000000000000000000000000
300000000000000000000000000000000000000000000007F0003FFF8007FFF000E00000060000006000000300000018000000E000001E000007800003C00000700000060200003FF00001DF000000000000000000000000000000000000000000000
0000000000000000000000000000000007800000FC00003FC00003DC000071C0001E1C0001C38000387800030F000061E0000E3C0000C780001CF000039E000039E000039C00003F800003F000001E000000400000000000000000000000000000000
9000000000000000001800000380000030000006000000E000000C0000018000001800000380000030F800063F800068180007818000F038000C070001C0E0001C3C0000EF000007E000001C000000000000000000000000000000000000000000000
30000000000000000000000000C000003F00000FF80001E0E00018060001800000180000000000000C8000007E00000FE00003C00000F000000E000001C000003818000303800063F80003FE00001F000000000000000000000000000000000000000
5000000000000000000000000000000000000001F000003F80000708000040C0000C040000C0000004000000600000030000001C000000C000003800000E00000FC0000FFC0000FF80000000000000000000000000000000000000000000000000000
900000000000000000030000007000001E0000030000007000000E000000E000000C000001C000003C7000039780007E100007800000F030001E0E0003C1C00018300000FC000007E0000038000000000000000000000000000000000000000000000
4000000000000000000000000300000070000007000000E000000E000001C000003C00000387000079F000077F0000FFF0000FC60001C0E0001C0C000180C000300C00030080003800000380000010000000000000000000000000000000000000000
00000000000000000000000000F000007980000F08000180C0000004000C020000C030000C070001C04000180E000181C0001838000383800018780001BE00001FE00001BE00000FC00000F8000007000000000000000000000000000000000000000
10000000000000000000000000100000038000007000000E000000C000001C00000380000038000007800000F000000E000001E000003C0000038000007800000F000000E000001C000001C000000C000000000000000000000000000000000000000
9000000000000000000000000200000040000006000000E000000C000000C000001C000001C0000018000003000000318000070C000070C00007080000E200000423000044300003C0000008000000000000000000000000000000000000000000000
300000000000000000000000000000007E800007E60003FFE000FC3C003F000003C000001C000000F0000001C00000078000003C000007C00003C000007800001E000003C010007007800700D0003C600001800000000000000000000000000000000
2000000000000000000000000000000000000000000000000000003800000E000003C00000EE000018C000061800018300006030003806000700C000000CC00000F800000400000000000000000000000000000000000000000000000000000000000
5000000000000000000000000000000000000000A000007F80000FFC0000F000000E000000E0000007E000001C00000010000002000001C00000380000F780003F70001FC20003C000000000000000000000000000000000000000000000000000000
100000000000000000000000000000000C000001C000001C000001C0000038000003800000300000070000007000000E000000E000001C000001C0000038000003800000300000070000006000000E000000C00000000000000000000000000000000
300000000000000000000000000000007FF0003FFF8007D0FC00F800001E000001C0000038000001C380001EFC0000FFC00007FC00007F800007000000E000000C000001C070001C0E0000E7C0000FFC00003F0000000000000000000000000000000
200000000000000000000000000000001F800007FC000FFFE000FFFE0003FFF000300600070000006000000E000000C000001C060001C1E0001C3E0001C7E0001C7C0001CFC0001CF80001FF00001FE00000F80000000000000000000000000000000
100000000000000000000000000000000100000030000007000000E000001C000003800000300000070000006000000E000000C000001800000380000070000006000000E000001800000180000030000003000000000000000000000000000000000
5000000000000000000000000000000000000001C000003F00000FF80001CDC00038CC000607C000C07C000C0F0001C1E0000C780000FF800007E000000C000001C0000038000003000000E000007C00003F800000000000000000000000000000000
9000000000001800000380000078000007000000E000001C00000380000038000007000000F000000E000001F800003FC000078E0000E060001C0E000381C000FFF8001FFE0000C000000000000000000000000000000000000000000000000000000
400000000000000000060000006000000C000000C0000018000001800000300000030000007C00006FE00007FC00007FC000019800001B800003F000003E000006C00000EC00000C400000C0000000000000000000000000000000000000000000000
900000000000000000030000007000000E000001C000003800000380000070000006000000FF00001FF00003E380007838000E070001E0F0003C1E000383C00073F0000FFC0000FF00000F00000000000000000000000000000000000000000000000
900000000000100000030000007000000E000000C000001C00000380000070000007780000FF80001F980003E180007838000F070001C0E0003C3C00078F80007FE00007F800007800000000000000000000000000000000000000000000000000000
300000000000000000000000000000001FC00107FF0030FBFC031C07C033C01803780000370000037000003718000377C00033FC00023DC00007F800007F00000E000002E080003E1800037F800007F000001E0000000000000000000000000000000
200000000000000000000000000000001FC00067FE0006F060007C060003F0600077FE000E1FE001C0000018000003800000380000038000007006000301E000307E00030EC00039DC0001DF00000FF000007C0000000000000000000000000000000
0000000000000000000000000000000003000001FC00007FE0000FCE0001E0E000380E000F01C001E03C0038038007007000F00F000E01E001E1F8000C0F8000E1F0000EFC00007F000007E00000F0000004000000000000000000000000000000000
6000000000000000000000000000000000000003F00001FF8000F818003C00800700CC00E00D800603D800FFFF8007FFF80000070000006000000E000001C00000380000030000006000001C000007800007F000003C0000000000000000000000000
70000000000000000003000000F000001E000001C00000380000070000007000000E000001C0000038000003810000F070001E0F0001C0E0003C1C0007FF8000FFF8000E0F000000E0000004000000000000000000000000000000000000000000000
50000000000000000000000000000000000000000000000000000FE00003FFC000700E000E046000C07E000C0780004000000618000033800003F000003E00003F80001FF000000600000000000000000000000000000000000000000000000000000
90000000000000000006000000E000001C00000380000030000006000000E000000C000001C0000018000001BE00003F6000078600006060000C06000180C000181800030700001FE00000F8000000000000000000000000000000000000000000000
1000000000000000000000000004000000C000001800000380000030000006000000E000000C00000180000038000007000000E000000C000001800000380000070000006000000C000003800000E0000000000000000000000000000000000000000
20000000000000000000000000000000000000000E000403F80073E18003FC18001FFF0003C7F0007800000E000001C000003800000380000070000006038000607C00060FC00063F80007FE000038000000000000000000000000000000000000000
300000000000000000000000000000003E00001FF80003FFC0007CFC000707C000E000000C000000E000000E00000070000003C000001F800000F800001F000003E0000078E0000F1E0000FFC0000FF800007E0000000000000000000000000000000
90002000000200000040000004000000C000000C00000180000018000001800000380000031C000037E00007F700007870000F0E0000E3E0000CF800007F00001FC00001E000000000000000000000000000000000000000000000000000000000000
300000000000000000000000000000001F000003F80000FFC0001E7C000383C0006000000600000040000004000000608000073800003F800001F800003C0000070000006000000C000000C700000FF000007E0000000000000000000000000000000
500000000000000000000000078000007E000007F000006F80000678000067C00006180000600000060000006000000700000070000007000000600000060000006000007E0000FFC0001FFC0000F0C00000000000000000000000000000000000000
700000000000E000001C000001C000003800000380000070000007000000E000000E000000C000001C000001800000380000030000003000000700000060000007FE00007FE00003FE000000000000000000000000000000000000000000000000000
10000000000000000000000000C000001C000001C000003C000003C0000078000007800000F800000F000000F000001E000001E000003C000007C000007C000007800000F000000F000000E000000E000000000000000000000000000000000000000
00000000000000000000000000000000000000007800003FE0000FFE0003F0E0007C1E000F03E003E0FC00381FC00F03F800E07F001F3FF001FFFE000FF3C0003C7800001F800003E000007C000003000000000000000000000000000000000000000
700008000001800000300000070000006000000E000000C000001C000001C000001800000380000030000003000000700000060000006000000E000000E00C000FFFC0007FF8000000000000000000000000000000000000000000000000000000000
800000000000000000000000000000003E000006600000C600001860000306000030C000031C000011800001F000000E000000F00000198000071800000180000038000007000001C000003800001F000001C00000000000000000000000000000000
7000000000010000003000000300000070000006000000E000000E000000C000001C000001C000001800000380000030000007000000600C000607C000E1FC000FFF0000FF800007C0000000000000000000000000000000000000000000000000000
4000000000000000000000000100000020000006000000E000000C000001C200003FF8001FFFC001FE1C000601C000E018000C038001C07000180F000380E000301C0007018000E000000E000000C0000000000000000000000000000000000000000
700000000000C00000180000018000003000000300000070000006000000E000000C000000C00000180000018000003000000700000060000006060000E7F0000FFE0000FF00000F80000000000000000000000000000000000000000000000000000
5000000000000000000000000FC00001FF00001FF00001CE00000E000000E0000007000000300000038000001800000180000018000001800000180000038000007000000F00000FE0000FFC00007F800000000000000000000000000000000000000
300000000000000000000000000000007F80001FFC0007FFC000F9F8001C0000038000003800000300000038000001C000000FFC00007FC00001F800001E000001C00000380000038200001FE00000FE000007C000000000000000000000000000000
0000000000000000000000000018000003000003F000007F00000FF00003C7000038700007070000E0F0001C1E000181E000383E000307C000707C00070F800071F000077E00007F800007E000001C000000000000000000000000000000000000000
80000000000000000000000007800000FC00000CC000018C000018C000018C00000CC00000FC00000780000078000007800000F800001D800003B8000067000000E000003C00000F800003E000001C000000000000000000000000000000000000000
300000000000000000000000000000000F800001FC00003800000E000000C000001800000100000018000001F800000F800000F000001C00000380000060000006000000C000000C00000072000003F000001F0000000000000000000000000000000
10000000000000000000000000000000006000000E000001E000003C000007800000F000001E000003C000007800000F000001E000003C0000038000007000000F000001E000001C00000380000070000006000000000000000000000000000000000
80000000000000000000000007E000007F00000E600001C600001C700000C600000EE000007E00000780000038000007800000F800003DC000078C0001E1C0003C1C0001F180001FF000003E000000C00000000000000000000000000000000000000
4000000000000000000000000020000006000000C00000380000030000006000000C000001DF80003FFC000701C0006018000E030000C06000180C00038180003030000706000060C0000E000000C0000000000000000000000000000000000000000
000000000000000000000000000000007E00000FF00001E3000038300007030000E030001C0700018070003006000300E000300E000301C000307C000307800018700001DF00000FE000007C000007800000780000000000000000000000000000000
900000000000000000E000001C000001C000001C000001800000380000038F000033F800037F80007E180007818000F018000E038001C030001C070001C0E0001F3C00003F800001F000000E000000000000000000000000000000000000000000000
20000000000000000000000000000000000003000F803807F80381E1801C783000EF07000FC0E0007C7C0007FF8000FFC0001C00000180000038000003008000703C00070F800073F00007FE00003C000000000000000000000000000000000000000
700000000000C000000C000001800000180000030000007000000E000000E000001C0000018000003800000300000070000007000000600000060600006FF00007FC00007E00000780000000000000000000000000000000000000000000000000000
30000000000000000007800005FC0001C0800038000006000000600000060000007DC00003FC00000FC00000F000001E180002878000E0F8001E1E000187800079F00007FE0000FFC00007D8000000000000000000000000000000000000000000000
000000000000000000000000000000001F800007FC0001F8E0003C060006006001800E003000C004001C00C0018018003001800700181C600181CE00181CC001C398000FF380007E38000107000000E00000080000000000000000000000000000000
1000000000000000000000000000000001C000003C00000380000078000007000000F000001E000003C0000078000006000000C00000180000030000007000000F000001E000003C000003C0000078000006000000000000000000000000000000000
4000000000000000000000000000000060000006000000C000000C000001C00000180000018000003FF80003FF80003018000301800070300006070000E0E0000E0E0000E180000C000000C0000018000001000000000000000000000000000000000
400000000000000000000000006000000E000001C00000180000038000007000000F000003FE0001FFF00021C700001C70000386000038E000079C000073C0000E300001E200001C00000100000010000000000000000000000000000000000000000
60000000000000000000000000000000000000000000000F000003F80000F980003F380006430000F860001F0E0001E1C00000380000070000006000000E0000018000003800000300000060000006000000C000001C0000018000000000000000000
2000000000000000000000000070000E1F0000E7E0000FFC0000FFC00007F800000F000000F000001E000003C0000038000007800000F000000F030000F078000F0F8000F3F00007FE00007FC00003F00000000000000000000000000000000000000
6000000000000000000000000000000000000007E00001FF00003FF80007FF8000FFF8000E7F8003CFF0003FFF0003FEE0003F9E000003C0000078000007800000F000001E000003E000007C00000F800000F000000C0000000000000000000000000
8000000000000000000000001F800007FC00007FE00007FF0000F070000F070000F0F0000F8F00007DF00003FE00003FC00003F800003F80000FF80003FFC0007FFC000FFBC0007FFE00027FE00001FC0000000000000000000000000000000000000
6000000000000000000000000000000000000000000003FE0000FFF8003FFF800783FC00707BC00FFFBC00FFE3C00FF078007C0F000000F000001E000007C000007800000F000001F000003FC00007E00000F800003E0000018000000000000000000
