cell,ref,site,bel,init
u_dut/GND,GND,,,
u_dut/VCC,VCC,,,
u_dut/lut_l0_0,LUT6,SLICE_X21Y229,SLICEL.A6LUT,64'hFDFDFDFDFFFFFCFD
u_dut/lut_l0_1,LUT6,SLICE_X32Y220,SLICEL.A6LUT,64'hFBFEFAD8EAFAF8D8
u_dut/lut_l0_10,LUT6,SLICE_X32Y222,SLICEL.A6LUT,64'hA0FC80A022FE20A0
u_dut/lut_l0_100,LUT6,SLICE_X28Y222,SLICEL.A6LUT,64'h5553A3A34C7CAC0C
u_dut/lut_l0_101,LUT6,SLICE_X27Y222,SLICEL.A6LUT,64'hF30CF0FAE70FF0F0
u_dut/lut_l0_102,LUT6,SLICE_X17Y220,SLICEL.A6LUT,64'hF30FB5F5B24EBEEE
u_dut/lut_l0_103,LUT6,SLICE_X23Y221,SLICEL.A6LUT,64'hF0F33C3BC1720DEA
u_dut/lut_l0_104,LUT6,SLICE_X28Y220,SLICEL.A6LUT,64'hEA40F755CE50F23A
u_dut/lut_l0_105,LUT6,SLICE_X27Y227,SLICEL.A6LUT,64'h06A022A0F4EC80D3
u_dut/lut_l0_106,LUT6,SLICE_X25Y221,SLICEL.A6LUT,64'h1E2FE6F77F18F7C0
u_dut/lut_l0_107,LUT6,SLICE_X17Y220,SLICEL.B6LUT,64'hE0C08C88FF134700
u_dut/lut_l0_108,LUT6,SLICE_X32Y221,SLICEL.A6LUT,64'hFF5A44A8FFFF34A8
u_dut/lut_l0_109,LUT6,SLICE_X20Y221,SLICEM.A6LUT,64'hFD32FF74A622CE44
u_dut/lut_l0_11,LUT6,SLICE_X19Y217,SLICEL.A6LUT,64'hB9BFBBB4730FCC88
u_dut/lut_l0_110,LUT6,SLICE_X29Y221,SLICEL.A6LUT,64'h0DA8FCF0ACF0CC90
u_dut/lut_l0_111,LUT6,SLICE_X28Y223,SLICEL.A6LUT,64'hF4353F3ABBFD0028
u_dut/lut_l0_112,LUT6,SLICE_X21Y221,SLICEL.A6LUT,64'h0A5A5AFFF52AF5FF
u_dut/lut_l0_113,LUT6,SLICE_X26Y221,SLICEL.A6LUT,64'h11FEEFF4079A9A9A
u_dut/lut_l0_114,LUT6,SLICE_X31Y219,SLICEL.A6LUT,64'h1D7AEDAA59FFB07A
u_dut/lut_l0_115,LUT6,SLICE_X21Y218,SLICEL.A6LUT,64'h00EF10F2DD6FD8F0
u_dut/lut_l0_116,LUT6,SLICE_X33Y221,SLICEL.A6LUT,64'hBACAAF8830800F86
u_dut/lut_l0_117,LUT6,SLICE_X18Y226,SLICEM.A6LUT,64'hEAC8F060FE8CFAA0
u_dut/lut_l0_118,LUT6,SLICE_X26Y221,SLICEL.B6LUT,64'hFFF7F599CFF7D444
u_dut/lut_l0_119,LUT6,SLICE_X23Y226,SLICEL.A6LUT,64'h3CBB3CA06DBB0CC0
u_dut/lut_l0_12,LUT6,SLICE_X28Y218,SLICEL.A6LUT,64'h37CCB6FA755E745E
u_dut/lut_l0_120,LUT6,SLICE_X32Y226,SLICEL.A6LUT,64'h00480078FFEED5F7
u_dut/lut_l0_121,LUT6,SLICE_X26Y223,SLICEL.A6LUT,64'h54BF4C66E0EA161E
u_dut/lut_l0_122,LUT6,SLICE_X31Y219,SLICEL.B6LUT,64'h19183BF019084CCC
u_dut/lut_l0_123,LUT6,SLICE_X26Y220,SLICEL.A6LUT,64'h3334CCAA33121B2A
u_dut/lut_l0_124,LUT6,SLICE_X25Y219,SLICEL.A6LUT,64'h0F5C2E7F0858DF7F
u_dut/lut_l0_125,LUT6,SLICE_X26Y221,SLICEL.C6LUT,64'hF6F7F770F6F72600
u_dut/lut_l0_126,LUT6,SLICE_X29Y220,SLICEL.A6LUT,64'h5C5D4ECC5CD04AA0
u_dut/lut_l0_127,LUT6,SLICE_X26Y220,SLICEL.B6LUT,64'h0D3FA8E8197BFFA8
u_dut/lut_l0_128,LUT6,SLICE_X24Y220,SLICEL.A6LUT,64'hF676FC40EE6ED278
u_dut/lut_l0_129,LUT6,SLICE_X30Y219,SLICEL.A6LUT,64'h333A1338EEC00FF0
u_dut/lut_l0_13,LUT6,SLICE_X26Y219,SLICEL.A6LUT,64'hF00DF4D0FD3BFD00
u_dut/lut_l0_130,LUT6,SLICE_X35Y225,SLICEL.A6LUT,64'h5F5CD8D822B888F8
u_dut/lut_l0_131,LUT6,SLICE_X24Y222,SLICEL.A6LUT,64'h0B0B6A1EB1B1A0E4
u_dut/lut_l0_132,LUT6,SLICE_X29Y220,SLICEL.B6LUT,64'hFFFCAA54BAFC00FC
u_dut/lut_l0_133,LUT6,SLICE_X30Y221,SLICEL.A6LUT,64'hEBD95050F7885500
u_dut/lut_l0_134,LUT6,SLICE_X19Y220,SLICEL.A6LUT,64'h01CF11742174FC70
u_dut/lut_l0_135,LUT6,SLICE_X32Y219,SLICEL.A6LUT,64'hF3FBFFE8B8B8B2A2
u_dut/lut_l0_136,LUT6,SLICE_X28Y219,SLICEL.A6LUT,64'h7F666E667BF57C75
u_dut/lut_l0_137,LUT6,SLICE_X20Y220,SLICEM.A6LUT,64'h3371CFF567CACA4A
u_dut/lut_l0_138,LUT6,SLICE_X26Y222,SLICEL.A6LUT,64'hF0D00D1FDC6F8833
u_dut/lut_l0_139,LUT6,SLICE_X28Y221,SLICEL.A6LUT,64'h1AF012D11213DADD
u_dut/lut_l0_14,LUT6,SLICE_X25Y219,SLICEL.B6LUT,64'h577F7313B99FE9B3
u_dut/lut_l0_140,LUT6,SLICE_X29Y221,SLICEL.B6LUT,64'h3B76F0E67E4AECA8
u_dut/lut_l0_141,LUT6,SLICE_X28Y219,SLICEL.B6LUT,64'h0701AFD9FFFB575B
u_dut/lut_l0_142,LUT6,SLICE_X18Y222,SLICEM.A6LUT,64'h55CC89FA198AF300
u_dut/lut_l0_143,LUT6,SLICE_X26Y220,SLICEL.C6LUT,64'h5E4C5A0A0000511B
u_dut/lut_l0_144,LUT6,SLICE_X20Y226,SLICEM.A6LUT,64'hEE4CEEE0E0C81EE4
u_dut/lut_l0_145,LUT6,SLICE_X30Y225,SLICEL.A6LUT,64'hF62AFE48FC8FE85C
u_dut/lut_l0_146,LUT6,SLICE_X30Y219,SLICEL.B6LUT,64'hCCFFCCF4EFCFFCF4
u_dut/lut_l0_147,LUT6,SLICE_X26Y225,SLICEL.A6LUT,64'hC50525CDB2000AAF
u_dut/lut_l0_148,LUT6,SLICE_X31Y225,SLICEL.A6LUT,64'hFDF0FCE877F5FFCE
u_dut/lut_l0_149,LUT6,SLICE_X25Y224,SLICEL.A6LUT,64'h574CDEDE5A48DE5E
u_dut/lut_l0_15,LUT6,SLICE_X38Y219,SLICEM.A6LUT,64'hFCFDF9FFFDFFFFFF
u_dut/lut_l0_150,LUT6,SLICE_X28Y226,SLICEL.A6LUT,64'hAFEE6AFF33110227
u_dut/lut_l0_151,LUT6,SLICE_X30Y226,SLICEL.A6LUT,64'h777A70DFAFAA70FF
u_dut/lut_l0_152,LUT6,SLICE_X26Y218,SLICEL.A6LUT,64'h47FBFF3347B744BC
u_dut/lut_l0_153,LUT6,SLICE_X25Y219,SLICEL.C6LUT,64'h13739D3F12529C3C
u_dut/lut_l0_154,LUT6,SLICE_X26Y222,SLICEL.B6LUT,64'h13BE140DC998C8D0
u_dut/lut_l0_155,LUT6,SLICE_X31Y221,SLICEL.A6LUT,64'h00A0B0B008F9F3C3
u_dut/lut_l0_156,LUT6,SLICE_X38Y220,SLICEM.A6LUT,64'h3F3F7F1A7511FF32
u_dut/lut_l0_157,LUT6,SLICE_X25Y221,SLICEL.B6LUT,64'hFACC0A0CD164536C
u_dut/lut_l0_158,LUT6,SLICE_X34Y219,SLICEL.A6LUT,64'hDDDFDFFFDFBFFFFF
u_dut/lut_l0_159,LUT6,SLICE_X27Y219,SLICEL.A6LUT,64'hDD08D55802AFFF08
u_dut/lut_l0_16,LUT6,SLICE_X28Y219,SLICEL.C6LUT,64'h1F3F3316F6BD5C94
u_dut/lut_l0_160,LUT6,SLICE_X26Y220,SLICEL.D6LUT,64'hAF5F5147FFAFB1AF
u_dut/lut_l0_161,LUT6,SLICE_X18Y220,SLICEM.A6LUT,64'hCCDDFF0FCD08B0F8
u_dut/lut_l0_162,LUT6,SLICE_X30Y220,SLICEL.A6LUT,64'h0A4E0A6E7F335F33
u_dut/lut_l0_163,LUT6,SLICE_X25Y221,SLICEL.C6LUT,64'h2069FDE520751515
u_dut/lut_l0_164,LUT6,SLICE_X29Y221,SLICEL.C6LUT,64'h544F7188BCBFB780
u_dut/lut_l0_165,LUT6,SLICE_X10Y219,SLICEM.A6LUT,64'h72AB73F072AAF3D8
u_dut/lut_l0_166,LUT6,SLICE_X29Y220,SLICEL.C6LUT,64'hB88AF094ECA8C400
u_dut/lut_l0_167,LUT6,SLICE_X27Y222,SLICEL.B6LUT,64'h001602CEEA262626
u_dut/lut_l0_168,LUT6,SLICE_X25Y220,SLICEL.A6LUT,64'h1C09E21D1C5DE21D
u_dut/lut_l0_169,LUT6,SLICE_X30Y224,SLICEL.A6LUT,64'hFFEEA2AE5D4C0000
u_dut/lut_l0_17,LUT6,SLICE_X20Y219,SLICEM.A6LUT,64'h0F0807545F5DFFF5
u_dut/lut_l0_170,LUT6,SLICE_X32Y219,SLICEL.B6LUT,64'hAA05C2AE828ECAC2
u_dut/lut_l0_171,LUT6,SLICE_X32Y224,SLICEL.A6LUT,64'hFCF04FFB88C08800
u_dut/lut_l0_172,LUT6,SLICE_X29Y223,SLICEL.A6LUT,64'hBB33BC0C8BF38EEA
u_dut/lut_l0_173,LUT6,SLICE_X25Y224,SLICEL.B6LUT,64'h337A5556505A5C6C
u_dut/lut_l0_174,LUT6,SLICE_X25Y219,SLICEL.D6LUT,64'h99FFFFFFDFFFFFFF
u_dut/lut_l0_175,LUT6,SLICE_X16Y224,SLICEM.A6LUT,64'h3C006C4F2D0B6D00
u_dut/lut_l0_176,LUT6,SLICE_X20Y220,SLICEM.B6LUT,64'hCFFC88CFAFCC8CFF
u_dut/lut_l0_177,LUT6,SLICE_X27Y224,SLICEL.A6LUT,64'h33632329CE328880
u_dut/lut_l0_178,LUT6,SLICE_X26Y224,SLICEL.A6LUT,64'h72F0444CBBBABE32
u_dut/lut_l0_179,LUT6,SLICE_X16Y223,SLICEM.A6LUT,64'h0583448F0BD34C8C
u_dut/lut_l0_18,LUT6,SLICE_X24Y225,SLICEL.A6LUT,64'hE12B818EBB2F001A
u_dut/lut_l0_180,LUT6,SLICE_X33Y226,SLICEL.A6LUT,64'h33B0F1E032606060
u_dut/lut_l0_181,LUT6,SLICE_X33Y226,SLICEL.B6LUT,64'hFFFFEFEFFF29FFEF
u_dut/lut_l0_182,LUT6,SLICE_X29Y229,SLICEL.A6LUT,64'h3248FAFF2A080000
u_dut/lut_l0_183,LUT6,SLICE_X28Y223,SLICEL.B6LUT,64'hF0F0FAFEFFFFFFDF
u_dut/lut_l0_184,LUT6,SLICE_X34Y226,SLICEL.A6LUT,64'hF4FFFFF7FF3F0FFF
u_dut/lut_l0_185,LUT6,SLICE_X25Y226,SLICEL.A6LUT,64'hF8891800FFCFF400
u_dut/lut_l0_186,LUT6,SLICE_X28Y222,SLICEL.B6LUT,64'hAB8A9D57551B5664
u_dut/lut_l0_187,LUT6,SLICE_X21Y221,SLICEL.B6LUT,64'h676767225FD52A0F
u_dut/lut_l0_188,LUT6,SLICE_X26Y222,SLICEL.C6LUT,64'hFCC80C30A30E0830
u_dut/lut_l0_189,LUT6,SLICE_X28Y222,SLICEL.C6LUT,64'hC8C8C000EEDDC444
u_dut/lut_l0_19,LUT6,SLICE_X20Y223,SLICEM.A6LUT,64'hFFAFFDB633339DAC
u_dut/lut_l0_190,LUT6,SLICE_X26Y223,SLICEL.B6LUT,64'hEE2AEEA9A0A0EE33
u_dut/lut_l0_191,LUT6,SLICE_X19Y221,SLICEL.A6LUT,64'hFB2375DF71369ADA
u_dut/lut_l0_192,LUT6,SLICE_X34Y225,SLICEL.A6LUT,64'hFFF0FFFFFFEEFFFF
u_dut/lut_l0_193,LUT6,SLICE_X22Y224,SLICEM.A6LUT,64'h5A5A00DF5A105F80
u_dut/lut_l0_194,LUT6,SLICE_X27Y219,SLICEL.B6LUT,64'h56454C3EA90FBC3C
u_dut/lut_l0_195,LUT6,SLICE_X28Y226,SLICEL.B6LUT,64'hFDC3ADB3FCE3ACF3
u_dut/lut_l0_196,LUT6,SLICE_X20Y224,SLICEM.A6LUT,64'h0FC3EEC2119D8CC8
u_dut/lut_l0_197,LUT6,SLICE_X26Y225,SLICEL.B6LUT,64'h212139CD262068C8
u_dut/lut_l0_198,LUT6,SLICE_X30Y224,SLICEL.B6LUT,64'hA800800800000000
u_dut/lut_l0_199,LUT6,SLICE_X30Y222,SLICEL.A6LUT,64'hE7DD03CDE2D02240
u_dut/lut_l0_2,LUT6,SLICE_X28Y218,SLICEL.B6LUT,64'h377774713DFF4815
u_dut/lut_l0_20,LUT6,SLICE_X28Y225,SLICEL.A6LUT,64'hA38EAAAFA3A7CCCC
u_dut/lut_l0_200,LUT6,SLICE_X32Y217,SLICEL.A6LUT,64'h1119022210000000
u_dut/lut_l0_201,LUT6,SLICE_X32Y229,SLICEL.A6LUT,64'h082C1C0C0A3C5A58
u_dut/lut_l0_202,LUT6,SLICE_X31Y230,SLICEL.A6LUT,64'h0088000000000000
u_dut/lut_l0_203,LUT6,SLICE_X31Y225,SLICEL.B6LUT,64'h0F3D12B10F87020F
u_dut/lut_l0_204,LUT6,SLICE_X26Y230,SLICEL.A6LUT,64'h0000000000000000
u_dut/lut_l0_205,LUT6,SLICE_X28Y229,SLICEL.A6LUT,64'h00010001A093E09B
u_dut/lut_l0_206,LUT6,SLICE_X28Y234,SLICEL.A6LUT,64'hF820FCE09840008A
u_dut/lut_l0_207,LUT6,SLICE_X31Y227,SLICEL.A6LUT,64'h23C710F013330CE4
u_dut/lut_l0_208,LUT6,SLICE_X28Y229,SLICEL.B6LUT,64'hDD775F12D6670A0A
u_dut/lut_l0_209,LUT6,SLICE_X31Y229,SLICEL.A6LUT,64'h4059EEFE7FD5EAC0
u_dut/lut_l0_21,LUT6,SLICE_X16Y225,SLICEM.A6LUT,64'h00EF606516EE7060
u_dut/lut_l0_210,LUT6,SLICE_X26Y231,SLICEL.A6LUT,64'h451E08F9C44C0A83
u_dut/lut_l0_211,LUT6,SLICE_X26Y230,SLICEL.B6LUT,64'h00A0000000000000
u_dut/lut_l0_212,LUT6,SLICE_X29Y233,SLICEL.A6LUT,64'h0000000000000000
u_dut/lut_l0_213,LUT6,SLICE_X32Y233,SLICEL.A6LUT,64'h0020002000100000
u_dut/lut_l0_214,LUT6,SLICE_X28Y233,SLICEL.A6LUT,64'h0000000000000000
u_dut/lut_l0_215,LUT6,SLICE_X33Y232,SLICEL.A6LUT,64'h91FDF9FFFFFBFFFF
u_dut/lut_l0_216,LUT6,SLICE_X28Y233,SLICEL.B6LUT,64'h0000000000000000
u_dut/lut_l0_217,LUT6,SLICE_X26Y231,SLICEL.B6LUT,64'hFFFFFFFFFFFFFFFF
u_dut/lut_l0_218,LUT6,SLICE_X32Y230,SLICEL.A6LUT,64'h0000000000000000
u_dut/lut_l0_219,LUT6,SLICE_X24Y228,SLICEL.A6LUT,64'h70723D3370763CEC
u_dut/lut_l0_22,LUT6,SLICE_X25Y224,SLICEL.C6LUT,64'hE2EF80FE3AFE20EE
u_dut/lut_l0_220,LUT6,SLICE_X32Y225,SLICEL.A6LUT,64'h4A79F1F10A105951
u_dut/lut_l0_221,LUT6,SLICE_X32Y232,SLICEL.A6LUT,64'h0000000000000280
u_dut/lut_l0_222,LUT6,SLICE_X32Y231,SLICEL.A6LUT,64'h021172F101E7EBFF
u_dut/lut_l0_223,LUT6,SLICE_X31Y229,SLICEL.B6LUT,64'hBFFBBFFFBFF3BFFF
u_dut/lut_l0_224,LUT6,SLICE_X29Y229,SLICEL.B6LUT,64'hEF0FFFBB91008333
u_dut/lut_l0_225,LUT6,SLICE_X24Y225,SLICEL.B6LUT,64'h40443B30407708B7
u_dut/lut_l0_226,LUT6,SLICE_X24Y231,SLICEL.A6LUT,64'h5FBF0F47FFFF7744
u_dut/lut_l0_227,LUT6,SLICE_X33Y229,SLICEL.A6LUT,64'h0080000000000000
u_dut/lut_l0_228,LUT6,SLICE_X24Y228,SLICEL.B6LUT,64'hFFFFFF3FFFFFFFFF
u_dut/lut_l0_229,LUT6,SLICE_X35Y228,SLICEL.A6LUT,64'h0000000000000000
u_dut/lut_l0_23,LUT6,SLICE_X28Y224,SLICEL.A6LUT,64'hCCAC0305105DCCAD
u_dut/lut_l0_230,LUT6,SLICE_X29Y227,SLICEL.A6LUT,64'h5BA80A50FBF70D57
u_dut/lut_l0_231,LUT6,SLICE_X24Y232,SLICEL.A6LUT,64'h2267FFFF67FFFFFF
u_dut/lut_l0_232,LUT6,SLICE_X27Y232,SLICEL.A6LUT,64'hFFB0ABEFE433EECF
u_dut/lut_l0_233,LUT6,SLICE_X22Y232,SLICEM.A6LUT,64'h0000000000008C00
u_dut/lut_l0_234,LUT6,SLICE_X28Y232,SLICEL.A6LUT,64'hC080000080000002
u_dut/lut_l0_235,LUT6,SLICE_X27Y231,SLICEL.A6LUT,64'hFFFFFFFFFFFFFF4E
u_dut/lut_l0_236,LUT6,SLICE_X24Y232,SLICEL.B6LUT,64'h0000200000000000
u_dut/lut_l0_237,LUT6,SLICE_X26Y232,SLICEL.A6LUT,64'h4C4000004C175F1F
u_dut/lut_l0_238,LUT6,SLICE_X24Y228,SLICEL.C6LUT,64'hF5F0E6F3F6F3BAFF
u_dut/lut_l0_239,LUT6,SLICE_X26Y231,SLICEL.C6LUT,64'h0000000000000000
u_dut/lut_l0_24,LUT6,SLICE_X20Y223,SLICEM.B6LUT,64'hFF0FFE3CFFFEF8F8
u_dut/lut_l0_240,LUT6,SLICE_X22Y232,SLICEM.B6LUT,64'h0000808000808080
u_dut/lut_l0_241,LUT6,SLICE_X26Y229,SLICEL.A6LUT,64'hFEFF76F7DCFFCCDC
u_dut/lut_l0_242,LUT6,SLICE_X35Y230,SLICEL.A6LUT,64'h0000000C00000000
u_dut/lut_l0_243,LUT6,SLICE_X35Y230,SLICEL.B6LUT,64'hFEFFFECFFEFEFACE
u_dut/lut_l0_244,LUT6,SLICE_X35Y230,SLICEL.C6LUT,64'h0000000000000000
u_dut/lut_l0_245,LUT6,SLICE_X28Y231,SLICEL.A6LUT,64'h000000040000040C
u_dut/lut_l0_246,LUT6,SLICE_X27Y229,SLICEL.A6LUT,64'hBB99FAF83B99DFD1
u_dut/lut_l0_247,LUT6,SLICE_X35Y231,SLICEL.A6LUT,64'hFFFFFFFFFFFFFFFF
u_dut/lut_l0_248,LUT6,SLICE_X26Y229,SLICEL.B6LUT,64'h00080888AA000000
u_dut/lut_l0_249,LUT6,SLICE_X30Y229,SLICEL.A6LUT,64'h0111801011001000
u_dut/lut_l0_25,LUT6,SLICE_X16Y223,SLICEM.B6LUT,64'hF2C02A6A360028AA
u_dut/lut_l0_250,LUT6,SLICE_X36Y228,SLICEL.A6LUT,64'h0000000000000000
u_dut/lut_l0_251,LUT6,SLICE_X26Y230,SLICEL.C6LUT,64'hFFC3D9436F2A4585
u_dut/lut_l0_252,LUT6,SLICE_X19Y225,SLICEL.A6LUT,64'hE00EFE01100FE017
u_dut/lut_l0_253,LUT6,SLICE_X24Y230,SLICEL.A6LUT,64'h0000000001000500
u_dut/lut_l0_254,LUT6,SLICE_X29Y232,SLICEL.A6LUT,64'hD9DCEFF3DE5AFDF5
u_dut/lut_l0_255,LUT6,SLICE_X31Y230,SLICEL.B6LUT,64'h0000000000000000
u_dut/lut_l0_256,LUT6,SLICE_X29Y230,SLICEL.A6LUT,64'h222F555F22225548
u_dut/lut_l0_257,LUT6,SLICE_X28Y233,SLICEL.C6LUT,64'hFD645D44AFA68800
u_dut/lut_l0_258,LUT6,SLICE_X25Y226,SLICEL.B6LUT,64'h0000000000000000
u_dut/lut_l0_259,LUT6,SLICE_X32Y227,SLICEL.A6LUT,64'h0404C46445B9E4F5
u_dut/lut_l0_26,LUT6,SLICE_X26Y225,SLICEL.C6LUT,64'hC38AC585ECCED5D5
u_dut/lut_l0_260,LUT6,SLICE_X30Y232,SLICEL.A6LUT,64'h00C4004000000000
u_dut/lut_l0_261,LUT6,SLICE_X25Y230,SLICEL.A6LUT,64'hFFFFFFFFFFFFFFFF
u_dut/lut_l0_262,LUT6,SLICE_X31Y232,SLICEL.A6LUT,64'hFFFFFFFFFFFFFFFF
u_dut/lut_l0_263,LUT6,SLICE_X18Y219,SLICEM.A6LUT,64'h1F333175EF013373
u_dut/lut_l0_264,LUT6,SLICE_X36Y226,SLICEL.A6LUT,64'hFEEE306AFDEC0F00
u_dut/lut_l0_265,LUT6,SLICE_X28Y231,SLICEL.B6LUT,64'h0020444020200000
u_dut/lut_l0_266,LUT6,SLICE_X36Y230,SLICEL.A6LUT,64'hDFFFFFFFDFDFFFFF
u_dut/lut_l0_267,LUT6,SLICE_X34Y232,SLICEL.A6LUT,64'h0152FFFF75FFFFFF
u_dut/lut_l0_268,LUT6,SLICE_X34Y232,SLICEL.B6LUT,64'h0000000000000000
u_dut/lut_l0_269,LUT6,SLICE_X21Y231,SLICEL.A6LUT,64'h15801D1D5D820C1D
u_dut/lut_l0_27,LUT6,SLICE_X30Y223,SLICEL.A6LUT,64'h3075AAAB70118811
u_dut/lut_l0_270,LUT6,SLICE_X34Y232,SLICEL.C6LUT,64'hFFFDFFFFF3FD33FF
u_dut/lut_l0_271,LUT6,SLICE_X35Y229,SLICEL.A6LUT,64'h0000000800000088
u_dut/lut_l0_272,LUT6,SLICE_X32Y229,SLICEL.B6LUT,64'h0BEB0AEA007B31EA
u_dut/lut_l0_273,LUT6,SLICE_X30Y228,SLICEL.A6LUT,64'hCCFFDFFBFFFBDFFB
u_dut/lut_l0_274,LUT6,SLICE_X33Y228,SLICEL.A6LUT,64'h000C000000000000
u_dut/lut_l0_275,LUT6,SLICE_X31Y225,SLICEL.C6LUT,64'hF0F33F33E1956F37
u_dut/lut_l0_276,LUT6,SLICE_X34Y228,SLICEL.A6LUT,64'h1ECC5B401BD91BF0
u_dut/lut_l0_277,LUT6,SLICE_X33Y228,SLICEL.B6LUT,64'hC801D5C18927F363
u_dut/lut_l0_278,LUT6,SLICE_X30Y231,SLICEL.A6LUT,64'hFEDCFFFFEFEFFFFF
u_dut/lut_l0_279,LUT6,SLICE_X26Y233,SLICEL.A6LUT,64'hFFFFFFFFFFFFFFFF
u_dut/lut_l0_28,LUT6,SLICE_X26Y218,SLICEL.B6LUT,64'hAABB5470B9733177
u_dut/lut_l0_280,LUT6,SLICE_X29Y234,SLICEL.A6LUT,64'hFFFFEFFFEFFFEFFF
u_dut/lut_l0_281,LUT6,SLICE_X28Y234,SLICEL.B6LUT,64'h2044200000400000
u_dut/lut_l0_282,LUT6,SLICE_X28Y230,SLICEL.A6LUT,64'h5951585048404AF0
u_dut/lut_l0_283,LUT6,SLICE_X27Y229,SLICEL.B6LUT,64'hFF2FFFF3FFFFFF73
u_dut/lut_l0_284,LUT6,SLICE_X26Y233,SLICEL.B6LUT,64'h4EC0AE00A000CE0A
u_dut/lut_l0_285,LUT6,SLICE_X24Y233,SLICEL.A6LUT,64'hFFFFFFFFFFFFFFFF
u_dut/lut_l0_286,LUT6,SLICE_X29Y232,SLICEL.B6LUT,64'hFFFFFFFFFFFFFFFF
u_dut/lut_l0_287,LUT6,SLICE_X27Y229,SLICEL.C6LUT,64'h5753E6ECE7ACE6AC
u_dut/lut_l0_288,LUT6,SLICE_X30Y232,SLICEL.B6LUT,64'hFFFFFFFFFFFFFFFF
u_dut/lut_l0_289,LUT6,SLICE_X27Y227,SLICEL.B6LUT,64'h0C54D4DC2C003C00
u_dut/lut_l0_29,LUT6,SLICE_X26Y223,SLICEL.C6LUT,64'hFC0107FAF8B63636
u_dut/lut_l0_290,LUT6,SLICE_X28Y230,SLICEL.B6LUT,64'hFFFFFFFFFFFFFFFF
u_dut/lut_l0_291,LUT6,SLICE_X27Y230,SLICEL.A6LUT,64'hF78FF7F7F7FFF38F
u_dut/lut_l0_292,LUT6,SLICE_X26Y231,SLICEL.D6LUT,64'hAFFCCCFDA50AE0CC
u_dut/lut_l0_293,LUT6,SLICE_X29Y231,SLICEL.A6LUT,64'hFFFEFFFEFFFFFFFF
u_dut/lut_l0_294,LUT6,SLICE_X27Y229,SLICEL.D6LUT,64'h0D11058D020450F0
u_dut/lut_l0_295,LUT6,SLICE_X28Y231,SLICEL.C6LUT,64'h0000000000000000
u_dut/lut_l0_296,LUT6,SLICE_X23Y231,SLICEL.A6LUT,64'hFDFFB9FFB9FFB9EB
u_dut/lut_l0_297,LUT6,SLICE_X24Y231,SLICEL.B6LUT,64'hFFFFBFBFFDFFF4BF
u_dut/lut_l0_298,LUT6,SLICE_X24Y228,SLICEL.D6LUT,64'h0174343010A0A0A0
u_dut/lut_l0_299,LUT6,SLICE_X33Y230,SLICEL.A6LUT,64'h577770CFCFF88888
u_dut/lut_l0_3,LUT6,SLICE_X24Y220,SLICEL.B6LUT,64'hE8FD445614BEBCBC
u_dut/lut_l0_30,LUT6,SLICE_X34Y231,SLICEL.A6LUT,64'hEEEFAEE4CEFEAEF0
u_dut/lut_l0_300,LUT6,SLICE_X30Y230,SLICEL.A6LUT,64'hFFEFFFEFFFFEFEFC
u_dut/lut_l0_301,LUT6,SLICE_X34Y229,SLICEL.A6LUT,64'hBFFFF0F098CCC4F0
u_dut/lut_l0_302,LUT6,SLICE_X30Y229,SLICEL.B6LUT,64'h0F0000880A000008
u_dut/lut_l0_303,LUT6,SLICE_X36Y225,SLICEL.A6LUT,64'h3FCEFDFC33023236
u_dut/lut_l0_304,LUT6,SLICE_X27Y230,SLICEL.B6LUT,64'h0000000000000000
u_dut/lut_l0_305,LUT6,SLICE_X34Y229,SLICEL.B6LUT,64'h505A5F0AFF0A0321
u_dut/lut_l0_306,LUT6,SLICE_X30Y230,SLICEL.B6LUT,64'hF7FFF1FFFFDDFFF1
u_dut/lut_l0_307,LUT6,SLICE_X28Y230,SLICEL.C6LUT,64'hEAC0F777F0E2FFEE
u_dut/lut_l0_308,LUT6,SLICE_X33Y231,SLICEL.A6LUT,64'h0000000000000000
u_dut/lut_l0_309,LUT6,SLICE_X31Y232,SLICEL.B6LUT,64'hFFFFFFFFFFFFFFFF
u_dut/lut_l0_31,LUT6,SLICE_X28Y223,SLICEL.C6LUT,64'hAE9FAE9DDDCCFB99
u_dut/lut_l0_310,LUT6,SLICE_X32Y226,SLICEL.B6LUT,64'hB2F601306E6ECF0C
u_dut/lut_l0_311,LUT6,SLICE_X23Y231,SLICEL.B6LUT,64'hFF370505C9CD25F7
u_dut/lut_l0_312,LUT6,SLICE_X34Y231,SLICEL.B6LUT,64'hFFFFFFFFFFFFFFFF
u_dut/lut_l0_313,LUT6,SLICE_X30Y224,SLICEL.C6LUT,64'h0F0F0004085D004C
u_dut/lut_l0_314,LUT6,SLICE_X34Y229,SLICEL.C6LUT,64'h7FFF6EEA7F6FEEE8
u_dut/lut_l0_315,LUT6,SLICE_X31Y229,SLICEL.C6LUT,64'hC879CD79FFAF55AF
u_dut/lut_l0_316,LUT6,SLICE_X30Y226,SLICEL.B6LUT,64'h0000A08000000000
u_dut/lut_l0_317,LUT6,SLICE_X29Y230,SLICEL.B6LUT,64'h040000C000000000
u_dut/lut_l0_318,LUT6,SLICE_X24Y227,SLICEL.A6LUT,64'h5A6E0F02514C1500
u_dut/lut_l0_319,LUT6,SLICE_X31Y229,SLICEL.D6LUT,64'h0000010000000105
u_dut/lut_l0_32,LUT6,SLICE_X34Y218,SLICEL.A6LUT,64'hFE68FD5DFEA8FD99
u_dut/lut_l0_320,LUT6,SLICE_X32Y228,SLICEL.A6LUT,64'h0000000000000000
u_dut/lut_l0_321,LUT6,SLICE_X33Y220,SLICEL.A6LUT,64'h1202050A74300500
u_dut/lut_l0_322,LUT6,SLICE_X36Y228,SLICEL.B6LUT,64'hFFFFFFFFFFFFFFFF
u_dut/lut_l0_323,LUT6,SLICE_X26Y226,SLICEL.A6LUT,64'hC8008149C9019313
u_dut/lut_l0_324,LUT6,SLICE_X32Y228,SLICEL.B6LUT,64'hFFBBC940260525F5
u_dut/lut_l0_325,LUT6,SLICE_X31Y227,SLICEL.B6LUT,64'h0405043300033033
u_dut/lut_l0_326,LUT6,SLICE_X35Y226,SLICEL.A6LUT,64'h0C0C40F03255AA0A
u_dut/lut_l0_327,LUT6,SLICE_X21Y231,SLICEL.B6LUT,64'hFFFFFFFAFFFFFFFF
u_dut/lut_l0_328,LUT6,SLICE_X34Y231,SLICEL.C6LUT,64'h15112A000A000800
u_dut/lut_l0_329,LUT6,SLICE_X28Y231,SLICEL.D6LUT,64'hFBA7CC00AB0ABA00
u_dut/lut_l0_33,LUT6,SLICE_X29Y221,SLICEL.D6LUT,64'h130001AA9BCECEEE
u_dut/lut_l0_330,LUT6,SLICE_X21Y229,SLICEL.B6LUT,64'h130101CF393D4707
u_dut/lut_l0_331,LUT6,SLICE_X30Y229,SLICEL.C6LUT,64'h00081118151D9515
u_dut/lut_l0_332,LUT6,SLICE_X19Y232,SLICEL.A6LUT,64'h529FFEFF3C13C3FF
u_dut/lut_l0_333,LUT6,SLICE_X31Y232,SLICEL.C6LUT,64'h0000000000000000
u_dut/lut_l0_334,LUT6,SLICE_X27Y232,SLICEL.B6LUT,64'h0000000000000000
u_dut/lut_l0_335,LUT6,SLICE_X32Y218,SLICEL.A6LUT,64'h05F0AFEA04346657
u_dut/lut_l0_336,LUT6,SLICE_X31Y232,SLICEL.D6LUT,64'h20008A0830200202
u_dut/lut_l0_337,LUT6,SLICE_X30Y231,SLICEL.B6LUT,64'h00000100000013C0
u_dut/lut_l0_338,LUT6,SLICE_X31Y230,SLICEL.C6LUT,64'h2202000022000400
u_dut/lut_l0_339,LUT6,SLICE_X29Y232,SLICEL.C6LUT,64'h00000666A0000000
u_dut/lut_l0_34,LUT6,SLICE_X27Y221,SLICEL.A6LUT,64'hFFFEF362AB62C262
u_dut/lut_l0_340,LUT6,SLICE_X30Y232,SLICEL.C6LUT,64'hFFFFFFFFFFFFFFFF
u_dut/lut_l0_341,LUT6,SLICE_X24Y230,SLICEL.B6LUT,64'hFFEFFFFFFFDFFFFF
u_dut/lut_l0_342,LUT6,SLICE_X34Y230,SLICEL.A6LUT,64'h12E1ECF0AC074617
u_dut/lut_l0_343,LUT6,SLICE_X34Y231,SLICEL.D6LUT,64'h0DEAEF48EAAA8CCC
u_dut/lut_l0_344,LUT6,SLICE_X30Y234,SLICEL.A6LUT,64'h0000000000000000
u_dut/lut_l0_345,LUT6,SLICE_X30Y229,SLICEL.D6LUT,64'hFFFFFFFFFFFFDFFF
u_dut/lut_l0_346,LUT6,SLICE_X28Y234,SLICEL.C6LUT,64'hFFFFFFFFFBFFFFFF
u_dut/lut_l0_347,LUT6,SLICE_X30Y231,SLICEL.C6LUT,64'hAFBEBFFFFEFAFFFF
u_dut/lut_l0_348,LUT6,SLICE_X28Y234,SLICEL.D6LUT,64'h1900000008080800
u_dut/lut_l0_349,LUT6,SLICE_X28Y230,SLICEL.D6LUT,64'h1327DBEB91817B6B
u_dut/lut_l0_35,LUT6,SLICE_X21Y219,SLICEL.A6LUT,64'hCFF24272DFD3557F
u_dut/lut_l0_350,LUT6,SLICE_X30Y232,SLICEL.D6LUT,64'h0000080800000008
u_dut/lut_l0_351,LUT6,SLICE_X32Y229,SLICEL.C6LUT,64'h0101150302000D03
u_dut/lut_l0_352,LUT6,SLICE_X33Y228,SLICEL.C6LUT,64'hFBFF5FFFFBFF57FF
u_dut/lut_l0_353,LUT6,SLICE_X34Y232,SLICEL.D6LUT,64'h0000000100010011
u_dut/lut_l0_354,LUT6,SLICE_X26Y233,SLICEL.C6LUT,64'h0100020044040000
u_dut/lut_l0_355,LUT6,SLICE_X32Y229,SLICEL.D6LUT,64'h0000000000000000
u_dut/lut_l0_356,LUT6,SLICE_X26Y228,SLICEL.A6LUT,64'h0000000000000000
u_dut/lut_l0_357,LUT6,SLICE_X27Y232,SLICEL.C6LUT,64'hFFFFFFFFFFFFFFFF
u_dut/lut_l0_358,LUT6,SLICE_X24Y227,SLICEL.B6LUT,64'h252120A82AFF9FA8
u_dut/lut_l0_359,LUT6,SLICE_X24Y231,SLICEL.C6LUT,64'h7E7F5455A864048C
u_dut/lut_l0_36,LUT6,SLICE_X25Y220,SLICEL.B6LUT,64'hFF7FFFFFDD77FF7F
u_dut/lut_l0_360,LUT6,SLICE_X27Y230,SLICEL.C6LUT,64'hFFFFFFFFFFFFFFFF
u_dut/lut_l0_361,LUT6,SLICE_X22Y228,SLICEM.A6LUT,64'h020205458262FFCC
u_dut/lut_l0_362,LUT6,SLICE_X24Y231,SLICEL.D6LUT,64'h828034226FD83E0C
u_dut/lut_l0_363,LUT6,SLICE_X30Y230,SLICEL.C6LUT,64'h050D0000E000E000
u_dut/lut_l0_364,LUT6,SLICE_X28Y233,SLICEL.D6LUT,64'h000A000000E00000
u_dut/lut_l0_365,LUT6,SLICE_X30Y233,SLICEL.A6LUT,64'h8088008800800008
u_dut/lut_l0_366,LUT6,SLICE_X30Y228,SLICEL.B6LUT,64'hFEFF2037C8CD3205
u_dut/lut_l0_367,LUT6,SLICE_X26Y233,SLICEL.D6LUT,64'h0400000002002B00
u_dut/lut_l0_368,LUT6,SLICE_X29Y230,SLICEL.C6LUT,64'h0F5A4E0AC000C00C
u_dut/lut_l0_369,LUT6,SLICE_X26Y230,SLICEL.D6LUT,64'hFC74E8E40C000800
u_dut/lut_l0_37,LUT6,SLICE_X25Y223,SLICEL.A6LUT,64'hA898A88856D2AAF2
u_dut/lut_l0_370,LUT6,SLICE_X31Y230,SLICEL.D6LUT,64'h7054A06400040004
u_dut/lut_l0_371,LUT6,SLICE_X26Y229,SLICEL.C6LUT,64'h030042510080C0D1
u_dut/lut_l0_372,LUT6,SLICE_X35Y230,SLICEL.D6LUT,64'h0000000000000000
u_dut/lut_l0_373,LUT6,SLICE_X31Y225,SLICEL.D6LUT,64'hEAFFFEDCF072F0FA
u_dut/lut_l0_374,LUT6,SLICE_X29Y229,SLICEL.C6LUT,64'h8A8ACAD30400F0FF
u_dut/lut_l0_375,LUT6,SLICE_X30Y230,SLICEL.D6LUT,64'h0000000000000040
u_dut/lut_l0_376,LUT6,SLICE_X32Y215,SLICEL.A6LUT,64'h0121120300201804
u_dut/lut_l0_377,LUT6,SLICE_X33Y220,SLICEL.B6LUT,64'h36FF3AFF6EFF7EAF
u_dut/lut_l0_378,LUT6,SLICE_X36Y229,SLICEL.A6LUT,64'h0000000000000000
u_dut/lut_l0_379,LUT6,SLICE_X35Y229,SLICEL.B6LUT,64'hEFFFFFFF6FFDFDDD
u_dut/lut_l0_38,LUT6,SLICE_X20Y223,SLICEM.C6LUT,64'h0CB0EFEF040366AA
u_dut/lut_l0_380,LUT6,SLICE_X36Y228,SLICEL.C6LUT,64'hFFFFFFFDFDDDFDD5
u_dut/lut_l0_381,LUT6,SLICE_X29Y230,SLICEL.D6LUT,64'hFFFFFFFFFFFFFFFF
u_dut/lut_l0_382,LUT6,SLICE_X32Y228,SLICEL.C6LUT,64'h0000000C00000000
u_dut/lut_l0_383,LUT6,SLICE_X26Y229,SLICEL.D6LUT,64'h2F443C5FEF993C88
u_dut/lut_l0_384,LUT6,SLICE_X20Y215,SLICEM.A6LUT,64'h274023A12F2A27FF
u_dut/lut_l0_385,LUT6,SLICE_X25Y230,SLICEL.B6LUT,64'h34274B04F080B382
u_dut/lut_l0_386,LUT6,SLICE_X33Y228,SLICEL.D6LUT,64'hF5517BBB1515F9FA
u_dut/lut_l0_387,LUT6,SLICE_X32Y227,SLICEL.B6LUT,64'hDCFC10C0B050FD50
u_dut/lut_l0_388,LUT6,SLICE_X36Y228,SLICEL.D6LUT,64'h0000000000000000
u_dut/lut_l0_389,LUT6,SLICE_X28Y229,SLICEL.C6LUT,64'hFFFFFFFFFFFFFF7F
u_dut/lut_l0_39,LUT6,SLICE_X25Y222,SLICEL.A6LUT,64'h0C4D20285FFED5EA
u_dut/lut_l0_390,LUT6,SLICE_X28Y229,SLICEL.D6LUT,64'h0000000000000000
u_dut/lut_l0_391,LUT6,SLICE_X24Y225,SLICEL.C6LUT,64'hE2E62323E0F00181
u_dut/lut_l0_392,LUT6,SLICE_X35Y225,SLICEL.B6LUT,64'h0C0C0C08000E0808
u_dut/lut_l0_393,LUT6,SLICE_X32Y227,SLICEL.C6LUT,64'h1F0053001F00DFFF
u_dut/lut_l0_394,LUT6,SLICE_X35Y229,SLICEL.C6LUT,64'h80800000EA883070
u_dut/lut_l0_395,LUT6,SLICE_X34Y230,SLICEL.B6LUT,64'hFFFEEFFEB7BF2EBF
u_dut/lut_l0_396,LUT6,SLICE_X38Y228,SLICEM.A6LUT,64'h0200000000000000
u_dut/lut_l0_397,LUT6,SLICE_X32Y228,SLICEL.D6LUT,64'h5CFF812E0C0F1456
u_dut/lut_l0_398,LUT6,SLICE_X36Y231,SLICEL.A6LUT,64'hFFFFFFFFFFFCFFFA
u_dut/lut_l0_399,LUT6,SLICE_X30Y231,SLICEL.D6LUT,64'h5022573F5002571F
u_dut/lut_l0_4,LUT6,SLICE_X28Y218,SLICEL.C6LUT,64'hCEEEFFFE7FFF3FBE
u_dut/lut_l0_40,LUT6,SLICE_X29Y223,SLICEL.B6LUT,64'hA8ADFB55A8AB8C00
u_dut/lut_l0_400,LUT6,SLICE_X16Y216,SLICEM.A6LUT,64'hFFF633FF88BE135A
u_dut/lut_l0_401,LUT6,SLICE_X12Y216,SLICEM.A6LUT,64'hCD450511FDD5E890
u_dut/lut_l0_402,LUT6,SLICE_X14Y224,SLICEM.A6LUT,64'h00D00BFB11D501D5
u_dut/lut_l0_403,LUT6,SLICE_X18Y220,SLICEM.B6LUT,64'h75C2D4C630C720C4
u_dut/lut_l0_404,LUT6,SLICE_X13Y218,SLICEL.A6LUT,64'hDDADEDAD4588A800
u_dut/lut_l0_405,LUT6,SLICE_X10Y219,SLICEM.B6LUT,64'h0111FB134B5C0C0C
u_dut/lut_l0_406,LUT6,SLICE_X9Y221,SLICEL.A6LUT,64'hBBA8A0530C5F204C
u_dut/lut_l0_407,LUT6,SLICE_X7Y220,SLICEL.A6LUT,64'hEE0616FE11060EA6
u_dut/lut_l0_408,LUT6,SLICE_X12Y219,SLICEM.A6LUT,64'hB15DA0A4155FA004
u_dut/lut_l0_409,LUT6,SLICE_X10Y220,SLICEM.A6LUT,64'hF0F0EEA28A13EE22
u_dut/lut_l0_41,LUT6,SLICE_X22Y224,SLICEM.B6LUT,64'h5701EE1607100F30
u_dut/lut_l0_410,LUT6,SLICE_X10Y223,SLICEM.A6LUT,64'h564C544598809C8F
u_dut/lut_l0_411,LUT6,SLICE_X7Y221,SLICEL.A6LUT,64'h3298258A30902888
u_dut/lut_l0_412,LUT6,SLICE_X14Y219,SLICEM.A6LUT,64'h7B7341627FC000FB
u_dut/lut_l0_413,LUT6,SLICE_X24Y215,SLICEL.A6LUT,64'h0000155400007770
u_dut/lut_l0_414,LUT6,SLICE_X12Y216,SLICEM.B6LUT,64'h0A00A4A811019599
u_dut/lut_l0_415,LUT6,SLICE_X8Y218,SLICEM.A6LUT,64'hEF170312009810D0
u_dut/lut_l0_416,LUT6,SLICE_X20Y216,SLICEM.A6LUT,64'hC0B1C081F00F4505
u_dut/lut_l0_417,LUT6,SLICE_X11Y220,SLICEL.A6LUT,64'hEE22C0EAA0872007
u_dut/lut_l0_418,LUT6,SLICE_X20Y216,SLICEM.B6LUT,64'hE800020032C80200
u_dut/lut_l0_419,LUT6,SLICE_X14Y219,SLICEM.B6LUT,64'hA89085506340AF00
u_dut/lut_l0_42,LUT6,SLICE_X24Y222,SLICEL.B6LUT,64'hBE002CAF7CECECF3
u_dut/lut_l0_420,LUT6,SLICE_X9Y220,SLICEL.A6LUT,64'h558D54505585E3EF
u_dut/lut_l0_421,LUT6,SLICE_X12Y219,SLICEM.B6LUT,64'hC102D552A02780F8
u_dut/lut_l0_422,LUT6,SLICE_X19Y216,SLICEL.A6LUT,64'h8F002100078F4044
u_dut/lut_l0_423,LUT6,SLICE_X8Y226,SLICEM.A6LUT,64'h9855981090500D5F
u_dut/lut_l0_424,LUT6,SLICE_X8Y213,SLICEM.A6LUT,64'h0311E183EF0545CF
u_dut/lut_l0_425,LUT6,SLICE_X16Y217,SLICEM.A6LUT,64'h4C1C0C3132441F31
u_dut/lut_l0_426,LUT6,SLICE_X14Y220,SLICEM.A6LUT,64'hFCC8BF5E0A2A5544
u_dut/lut_l0_427,LUT6,SLICE_X22Y216,SLICEM.A6LUT,64'h08480B0800440188
u_dut/lut_l0_428,LUT6,SLICE_X7Y214,SLICEL.A6LUT,64'hFF5ABABADF6A6A48
u_dut/lut_l0_429,LUT6,SLICE_X12Y219,SLICEM.C6LUT,64'h2222232058100F40
u_dut/lut_l0_43,LUT6,SLICE_X22Y221,SLICEM.A6LUT,64'hECECFA5AECECFFFF
u_dut/lut_l0_430,LUT6,SLICE_X23Y218,SLICEL.A6LUT,64'hCC03C3C3885282D2
u_dut/lut_l0_431,LUT6,SLICE_X10Y218,SLICEM.A6LUT,64'h874EC419824E1300
u_dut/lut_l0_432,LUT6,SLICE_X6Y218,SLICEM.A6LUT,64'h6063384EF0C3B88A
u_dut/lut_l0_433,LUT6,SLICE_X16Y219,SLICEM.A6LUT,64'hC0D0B2A208AAA88A
u_dut/lut_l0_434,LUT6,SLICE_X12Y219,SLICEM.D6LUT,64'hF0FF8CAA00082200
u_dut/lut_l0_435,LUT6,SLICE_X8Y218,SLICEM.B6LUT,64'hF8F80C88A3810C91
u_dut/lut_l0_436,LUT6,SLICE_X13Y219,SLICEL.A6LUT,64'h0202A99000100030
u_dut/lut_l0_437,LUT6,SLICE_X19Y220,SLICEL.B6LUT,64'hAF0A5F50FB0C33CC
u_dut/lut_l0_438,LUT6,SLICE_X9Y225,SLICEL.A6LUT,64'h908AB5FF900A3000
u_dut/lut_l0_439,LUT6,SLICE_X11Y213,SLICEL.A6LUT,64'hB1C4B2400F440F80
u_dut/lut_l0_44,LUT6,SLICE_X25Y222,SLICEL.B6LUT,64'h1006165216BAFA52
u_dut/lut_l0_440,LUT6,SLICE_X18Y216,SLICEM.A6LUT,64'hFD11F912A0FB7322
u_dut/lut_l0_441,LUT6,SLICE_X32Y218,SLICEL.B6LUT,64'h36BF9899333FF4F8
u_dut/lut_l0_442,LUT6,SLICE_X15Y220,SLICEL.A6LUT,64'hA54CB06F01B101B2
u_dut/lut_l0_443,LUT6,SLICE_X21Y218,SLICEL.B6LUT,64'h44CC2A00B830B070
u_dut/lut_l0_444,LUT6,SLICE_X8Y223,SLICEM.A6LUT,64'h3C7F22953C7E226A
u_dut/lut_l0_445,LUT6,SLICE_X19Y217,SLICEL.B6LUT,64'hEEAFFCBA0FAF3C88
u_dut/lut_l0_446,LUT6,SLICE_X9Y214,SLICEL.A6LUT,64'h480E010FF8BE9B0F
u_dut/lut_l0_447,LUT6,SLICE_X18Y216,SLICEM.B6LUT,64'h14000044A800A064
u_dut/lut_l0_448,LUT6,SLICE_X14Y218,SLICEM.A6LUT,64'hCD619830CCAF8800
u_dut/lut_l0_449,LUT6,SLICE_X9Y222,SLICEL.A6LUT,64'hA3159080001D1E6E
u_dut/lut_l0_45,LUT6,SLICE_X27Y223,SLICEL.A6LUT,64'h5D2B5C083C283020
u_dut/lut_l0_450,LUT6,SLICE_X18Y217,SLICEM.A6LUT,64'hCAC85E5183930F90
u_dut/lut_l0_451,LUT6,SLICE_X20Y217,SLICEM.A6LUT,64'h8A0A88A8005008A0
u_dut/lut_l0_452,LUT6,SLICE_X12Y217,SLICEM.A6LUT,64'h3758DDAF40400020
u_dut/lut_l0_453,LUT6,SLICE_X5Y218,SLICEL.A6LUT,64'h5C130C135C4C171F
u_dut/lut_l0_454,LUT6,SLICE_X9Y221,SLICEL.B6LUT,64'hFEB61144435CFB4C
u_dut/lut_l0_455,LUT6,SLICE_X17Y220,SLICEL.C6LUT,64'h00AA40534EEE4053
u_dut/lut_l0_456,LUT6,SLICE_X14Y221,SLICEM.A6LUT,64'hA8100203880C730F
u_dut/lut_l0_457,LUT6,SLICE_X6Y220,SLICEM.A6LUT,64'h0E0E421037720000
u_dut/lut_l0_458,LUT6,SLICE_X9Y220,SLICEL.B6LUT,64'h445FDDD685D88590
u_dut/lut_l0_459,LUT6,SLICE_X8Y222,SLICEM.A6LUT,64'h3323B1AF623274F8
u_dut/lut_l0_46,LUT6,SLICE_X23Y221,SLICEL.B6LUT,64'h74655F14F808BBFB
u_dut/lut_l0_460,LUT6,SLICE_X7Y221,SLICEL.B6LUT,64'h0562FC56E0A61CA6
u_dut/lut_l0_461,LUT6,SLICE_X7Y221,SLICEL.C6LUT,64'hAB90044C81810993
u_dut/lut_l0_462,LUT6,SLICE_X9Y220,SLICEL.C6LUT,64'hEE01A00766552010
u_dut/lut_l0_463,LUT6,SLICE_X7Y218,SLICEL.A6LUT,64'h8A8B02083737FFE8
u_dut/lut_l0_464,LUT6,SLICE_X16Y218,SLICEM.A6LUT,64'hE343F3404BEBE8E8
u_dut/lut_l0_465,LUT6,SLICE_X14Y216,SLICEM.A6LUT,64'h52F85500000000FC
u_dut/lut_l0_466,LUT6,SLICE_X18Y215,SLICEM.A6LUT,64'h722C762C775F764C
u_dut/lut_l0_467,LUT6,SLICE_X19Y215,SLICEL.A6LUT,64'h0F030F0D2111AC1D
u_dut/lut_l0_468,LUT6,SLICE_X18Y219,SLICEM.B6LUT,64'hF4AAD153E4EA5050
u_dut/lut_l0_469,LUT6,SLICE_X20Y216,SLICEM.C6LUT,64'hBA15AA01FCBBA88B
u_dut/lut_l0_47,LUT6,SLICE_X25Y222,SLICEL.C6LUT,64'h33CF3BD622DA7C70
u_dut/lut_l0_470,LUT6,SLICE_X19Y215,SLICEL.B6LUT,64'h2D5A200F2D002080
u_dut/lut_l0_471,LUT6,SLICE_X18Y214,SLICEM.A6LUT,64'h8CACAF3B25B0C019
u_dut/lut_l0_472,LUT6,SLICE_X14Y219,SLICEM.C6LUT,64'hA0512250175091D8
u_dut/lut_l0_473,LUT6,SLICE_X14Y218,SLICEM.B6LUT,64'h4F4F404340485F00
u_dut/lut_l0_474,LUT6,SLICE_X10Y217,SLICEM.A6LUT,64'h3634F614CC3EF40E
u_dut/lut_l0_475,LUT6,SLICE_X15Y218,SLICEL.A6LUT,64'h888FDCD285A285A2
u_dut/lut_l0_476,LUT6,SLICE_X18Y217,SLICEM.B6LUT,64'hEC2500AAEC210101
u_dut/lut_l0_477,LUT6,SLICE_X12Y216,SLICEM.C6LUT,64'h008E0088E08C4388
u_dut/lut_l0_478,LUT6,SLICE_X16Y218,SLICEM.B6LUT,64'hE28AC71F125A6080
u_dut/lut_l0_479,LUT6,SLICE_X15Y217,SLICEL.A6LUT,64'hDDF3D150DF33D10D
u_dut/lut_l0_48,LUT6,SLICE_X29Y225,SLICEL.A6LUT,64'hCCFFCFFFFFFFAF0F
u_dut/lut_l0_480,LUT6,SLICE_X17Y218,SLICEL.A6LUT,64'hAA84812580000597
u_dut/lut_l0_481,LUT6,SLICE_X16Y218,SLICEM.C6LUT,64'hA4AEC0EC05000F00
u_dut/lut_l0_482,LUT6,SLICE_X15Y220,SLICEL.B6LUT,64'h381833000AF52B10
u_dut/lut_l0_483,LUT6,SLICE_X15Y218,SLICEL.B6LUT,64'h41244B4EC34CC36C
u_dut/lut_l0_484,LUT6,SLICE_X17Y216,SLICEL.A6LUT,64'h6700224489B03330
u_dut/lut_l0_485,LUT6,SLICE_X20Y218,SLICEM.A6LUT,64'h0F1C7245AF047247
u_dut/lut_l0_486,LUT6,SLICE_X20Y226,SLICEM.B6LUT,64'hA07A0011AA400515
u_dut/lut_l0_487,LUT6,SLICE_X15Y218,SLICEL.C6LUT,64'hA0A0A00080800000
u_dut/lut_l0_488,LUT6,SLICE_X14Y217,SLICEM.A6LUT,64'hA8A9ACDE585B0C2C
u_dut/lut_l0_489,LUT6,SLICE_X20Y217,SLICEM.B6LUT,64'hF5C38800518B2A33
u_dut/lut_l0_49,LUT6,SLICE_X25Y224,SLICEL.D6LUT,64'h0D48D5C2C080FFDA
u_dut/lut_l0_490,LUT6,SLICE_X17Y221,SLICEL.A6LUT,64'h0300CD5B4F8ACDBB
u_dut/lut_l0_491,LUT6,SLICE_X11Y219,SLICEL.A6LUT,64'h1300E918E1E83908
u_dut/lut_l0_492,LUT6,SLICE_X10Y219,SLICEM.C6LUT,64'hEA0293AC50F8540C
u_dut/lut_l0_493,LUT6,SLICE_X14Y220,SLICEM.B6LUT,64'h484AF8F34B005001
u_dut/lut_l0_494,LUT6,SLICE_X15Y219,SLICEL.A6LUT,64'h8F8FA0A38004AB44
u_dut/lut_l0_495,LUT6,SLICE_X20Y218,SLICEM.B6LUT,64'hFFFFFEFF77FFBF3B
u_dut/lut_l0_496,LUT6,SLICE_X15Y216,SLICEL.A6LUT,64'hE01C967EA08CA080
u_dut/lut_l0_497,LUT6,SLICE_X15Y220,SLICEL.C6LUT,64'hC0D58F5AF7A2F060
u_dut/lut_l0_498,LUT6,SLICE_X15Y218,SLICEL.D6LUT,64'hFF08C026735B5434
u_dut/lut_l0_499,LUT6,SLICE_X16Y222,SLICEM.A6LUT,64'hABAE88CCF3B6353C
u_dut/lut_l0_5,LUT6,SLICE_X20Y224,SLICEM.B6LUT,64'hE2D5CEB30444F6B3
u_dut/lut_l0_50,LUT6,SLICE_X31Y223,SLICEL.A6LUT,64'hAA2B22FEA184F484
u_dut/lut_l0_500,LUT6,SLICE_X16Y221,SLICEM.A6LUT,64'h377DAFFD7D22A088
u_dut/lut_l0_501,LUT6,SLICE_X16Y213,SLICEM.A6LUT,64'h5757E85617428040
u_dut/lut_l0_502,LUT6,SLICE_X23Y214,SLICEL.A6LUT,64'h8AD82FA802C0A8A2
u_dut/lut_l0_503,LUT6,SLICE_X21Y224,SLICEL.A6LUT,64'h8088A0AA02022220
u_dut/lut_l0_504,LUT6,SLICE_X18Y220,SLICEM.C6LUT,64'hA5818A8BC4436C13
u_dut/lut_l0_505,LUT6,SLICE_X23Y218,SLICEL.B6LUT,64'hFFA0B03833206A88
u_dut/lut_l0_506,LUT6,SLICE_X21Y216,SLICEL.A6LUT,64'hC782FDECA0B3646C
u_dut/lut_l0_507,LUT6,SLICE_X22Y217,SLICEM.A6LUT,64'hA3A1333DB8B00844
u_dut/lut_l0_508,LUT6,SLICE_X34Y218,SLICEL.B6LUT,64'hE88A0C8410D410D4
u_dut/lut_l0_509,LUT6,SLICE_X16Y216,SLICEM.B6LUT,64'h52F2F20442E6D91D
u_dut/lut_l0_51,LUT6,SLICE_X27Y222,SLICEL.C6LUT,64'hCDCF274FD57F2173
u_dut/lut_l0_510,LUT6,SLICE_X21Y216,SLICEL.B6LUT,64'h547C88B48930ED30
u_dut/lut_l0_511,LUT6,SLICE_X11Y217,SLICEL.A6LUT,64'h7766ABCC3030FDF0
u_dut/lut_l0_512,LUT6,SLICE_X16Y216,SLICEM.C6LUT,64'h3C13F1F523135080
u_dut/lut_l0_513,LUT6,SLICE_X20Y219,SLICEM.B6LUT,64'h8AB88AAC55001172
u_dut/lut_l0_514,LUT6,SLICE_X18Y216,SLICEM.C6LUT,64'h00DF001DF501C851
u_dut/lut_l0_515,LUT6,SLICE_X17Y225,SLICEL.A6LUT,64'hEF55CB2A0FD48FAB
u_dut/lut_l0_516,LUT6,SLICE_X16Y219,SLICEM.B6LUT,64'h819090A5809950A5
u_dut/lut_l0_517,LUT6,SLICE_X15Y215,SLICEL.A6LUT,64'hA38E8F0AA2048A00
u_dut/lut_l0_518,LUT6,SLICE_X20Y218,SLICEM.C6LUT,64'h2DA42AB3DCB58A0C
u_dut/lut_l0_519,LUT6,SLICE_X17Y216,SLICEL.B6LUT,64'h777F53C862D460FD
u_dut/lut_l0_52,LUT6,SLICE_X32Y226,SLICEL.C6LUT,64'h4F4D5CB8C7C5B490
u_dut/lut_l0_520,LUT6,SLICE_X16Y227,SLICEM.A6LUT,64'h03F380CC4363734C
u_dut/lut_l0_521,LUT6,SLICE_X20Y215,SLICEM.B6LUT,64'hEE2A06CAE028131F
u_dut/lut_l0_522,LUT6,SLICE_X19Y216,SLICEL.B6LUT,64'hC7C2CA0A77E600AA
u_dut/lut_l0_523,LUT6,SLICE_X16Y217,SLICEM.B6LUT,64'hF33075AA00C444EE
u_dut/lut_l0_524,LUT6,SLICE_X20Y217,SLICEM.C6LUT,64'hAA0B6030A81A4800
u_dut/lut_l0_525,LUT6,SLICE_X15Y220,SLICEL.D6LUT,64'h03131024C3D782C0
u_dut/lut_l0_526,LUT6,SLICE_X21Y214,SLICEL.A6LUT,64'h0B4E04001AC00800
u_dut/lut_l0_527,LUT6,SLICE_X13Y217,SLICEL.A6LUT,64'hF280E2BBC05F4955
u_dut/lut_l0_528,LUT6,SLICE_X10Y219,SLICEM.D6LUT,64'hA000E6EE0F3B3E66
u_dut/lut_l0_529,LUT6,SLICE_X21Y216,SLICEL.C6LUT,64'hF3792425722A2A2E
u_dut/lut_l0_53,LUT6,SLICE_X29Y223,SLICEL.C6LUT,64'h999F3B7F767EE6EE
u_dut/lut_l0_530,LUT6,SLICE_X20Y218,SLICEM.D6LUT,64'h0E00A6171F17B700
u_dut/lut_l0_531,LUT6,SLICE_X13Y219,SLICEL.B6LUT,64'h0F310D8100EA10AA
u_dut/lut_l0_532,LUT6,SLICE_X16Y216,SLICEM.D6LUT,64'hED012020A0004020
u_dut/lut_l0_533,LUT6,SLICE_X22Y216,SLICEM.B6LUT,64'hAA10A001DC10AD03
u_dut/lut_l0_534,LUT6,SLICE_X14Y223,SLICEM.A6LUT,64'hB9DF318FBD05368A
u_dut/lut_l0_535,LUT6,SLICE_X17Y215,SLICEL.A6LUT,64'h55CA7632ADE85410
u_dut/lut_l0_536,LUT6,SLICE_X16Y222,SLICEM.B6LUT,64'h4201450042724F54
u_dut/lut_l0_537,LUT6,SLICE_X14Y215,SLICEM.A6LUT,64'h080D0804FA5EC848
u_dut/lut_l0_538,LUT6,SLICE_X21Y219,SLICEL.B6LUT,64'hFCF0A9FEC0FCB8E7
u_dut/lut_l0_539,LUT6,SLICE_X15Y219,SLICEL.B6LUT,64'hFE1FC93900E10939
u_dut/lut_l0_54,LUT6,SLICE_X33Y226,SLICEL.C6LUT,64'hCA0AD050FA4EF8D8
u_dut/lut_l0_540,LUT6,SLICE_X14Y216,SLICEM.B6LUT,64'h17FF7FEEFFFFEEEE
u_dut/lut_l0_541,LUT6,SLICE_X17Y216,SLICEL.C6LUT,64'hA08A0F30B32C33CC
u_dut/lut_l0_542,LUT6,SLICE_X18Y217,SLICEM.C6LUT,64'hFD5C2222C80A273F
u_dut/lut_l0_543,LUT6,SLICE_X15Y225,SLICEL.A6LUT,64'h02021302019311A0
u_dut/lut_l0_544,LUT6,SLICE_X14Y218,SLICEM.C6LUT,64'h502F513371004CCC
u_dut/lut_l0_545,LUT6,SLICE_X14Y216,SLICEM.C6LUT,64'h05004041AD88E8C3
u_dut/lut_l0_546,LUT6,SLICE_X22Y215,SLICEM.A6LUT,64'hA15685148244A200
u_dut/lut_l0_547,LUT6,SLICE_X14Y218,SLICEM.D6LUT,64'hF1A5C190E005CFF8
u_dut/lut_l0_548,LUT6,SLICE_X14Y216,SLICEM.D6LUT,64'h7270550757005070
u_dut/lut_l0_549,LUT6,SLICE_X16Y215,SLICEM.A6LUT,64'hA1888A000010D050
u_dut/lut_l0_55,LUT6,SLICE_X29Y218,SLICEL.A6LUT,64'hFF567E70FFFF3737
u_dut/lut_l0_550,LUT6,SLICE_X11Y213,SLICEL.B6LUT,64'hCC42CF5200C20202
u_dut/lut_l0_551,LUT6,SLICE_X18Y213,SLICEM.A6LUT,64'h11E35F0F00505C4C
u_dut/lut_l0_552,LUT6,SLICE_X28Y215,SLICEL.A6LUT,64'hFBBBC838103A043E
u_dut/lut_l0_553,LUT6,SLICE_X24Y215,SLICEL.B6LUT,64'hC180858DE7C6AC8D
u_dut/lut_l0_554,LUT6,SLICE_X23Y218,SLICEL.C6LUT,64'h00E04CCC50A4788C
u_dut/lut_l0_555,LUT6,SLICE_X28Y224,SLICEL.B6LUT,64'h0040DCD4E783C3D0
u_dut/lut_l0_556,LUT6,SLICE_X17Y214,SLICEL.A6LUT,64'hFEE8FEE81676FDF6
u_dut/lut_l0_557,LUT6,SLICE_X30Y215,SLICEL.A6LUT,64'h00C505F7088000E4
u_dut/lut_l0_558,LUT6,SLICE_X21Y218,SLICEL.C6LUT,64'hA080000082200020
u_dut/lut_l0_559,LUT6,SLICE_X17Y213,SLICEL.A6LUT,64'h200B0B0B20A4A40C
u_dut/lut_l0_56,LUT6,SLICE_X28Y222,SLICEL.D6LUT,64'hFCA8642A9C590019
u_dut/lut_l0_560,LUT6,SLICE_X14Y222,SLICEM.A6LUT,64'h1D1B19333D5E5F64
u_dut/lut_l0_561,LUT6,SLICE_X15Y219,SLICEL.C6LUT,64'h9C79CC309C7800C0
u_dut/lut_l0_562,LUT6,SLICE_X20Y216,SLICEM.D6LUT,64'h00300F20052125A9
u_dut/lut_l0_563,LUT6,SLICE_X18Y216,SLICEM.D6LUT,64'h9191BB5580403F00
u_dut/lut_l0_564,LUT6,SLICE_X18Y220,SLICEM.D6LUT,64'h5052AAD8505FAF5F
u_dut/lut_l0_565,LUT6,SLICE_X33Y227,SLICEL.A6LUT,64'h0044000000040044
u_dut/lut_l0_566,LUT6,SLICE_X21Y215,SLICEL.A6LUT,64'h22666063A0E388CB
u_dut/lut_l0_567,LUT6,SLICE_X17Y221,SLICEL.B6LUT,64'hEE22C8CDC8359C35
u_dut/lut_l0_568,LUT6,SLICE_X15Y221,SLICEL.A6LUT,64'hFEA000A000084C0C
u_dut/lut_l0_569,LUT6,SLICE_X20Y227,SLICEM.A6LUT,64'h1A120A1248005A12
u_dut/lut_l0_57,LUT6,SLICE_X29Y220,SLICEL.D6LUT,64'hFFFD0FFFFFFFFBFF
u_dut/lut_l0_570,LUT6,SLICE_X17Y218,SLICEL.B6LUT,64'hFB04D0A0004C09B3
u_dut/lut_l0_571,LUT6,SLICE_X16Y221,SLICEM.B6LUT,64'h0F000442F7000008
u_dut/lut_l0_572,LUT6,SLICE_X16Y221,SLICEM.C6LUT,64'h0C115C730F845C62
u_dut/lut_l0_573,LUT6,SLICE_X14Y221,SLICEM.B6LUT,64'hD173E060D474B57F
u_dut/lut_l0_574,LUT6,SLICE_X10Y220,SLICEM.B6LUT,64'hE0000E0082220A22
u_dut/lut_l0_575,LUT6,SLICE_X8Y217,SLICEM.A6LUT,64'hF1C1A303FBF8F068
u_dut/lut_l0_576,LUT6,SLICE_X16Y227,SLICEM.B6LUT,64'h85945024898C5526
u_dut/lut_l0_577,LUT6,SLICE_X10Y220,SLICEM.C6LUT,64'hCE0A363DC80FF406
u_dut/lut_l0_578,LUT6,SLICE_X21Y215,SLICEL.B6LUT,64'h3AEF3BEE02200A20
u_dut/lut_l0_579,LUT6,SLICE_X17Y216,SLICEL.D6LUT,64'h10DC111944822222
u_dut/lut_l0_58,LUT6,SLICE_X27Y222,SLICEL.D6LUT,64'hA9AD5A5E8DBE4FEC
u_dut/lut_l0_580,LUT6,SLICE_X11Y220,SLICEL.B6LUT,64'h8181834255114000
u_dut/lut_l0_581,LUT6,SLICE_X10Y220,SLICEM.D6LUT,64'h03046477159F8C11
u_dut/lut_l0_582,LUT6,SLICE_X22Y216,SLICEM.C6LUT,64'h5415554C55555557
u_dut/lut_l0_583,LUT6,SLICE_X9Y216,SLICEL.A6LUT,64'h1EF10100AE17FEEE
u_dut/lut_l0_584,LUT6,SLICE_X10Y218,SLICEM.B6LUT,64'h8380831080977768
u_dut/lut_l0_585,LUT6,SLICE_X8Y218,SLICEM.C6LUT,64'h01BA517303A68E8C
u_dut/lut_l0_586,LUT6,SLICE_X10Y218,SLICEM.C6LUT,64'h08E202400C32CE30
u_dut/lut_l0_587,LUT6,SLICE_X11Y217,SLICEL.B6LUT,64'hAAAE2020BFEC0000
u_dut/lut_l0_588,LUT6,SLICE_X10Y216,SLICEM.A6LUT,64'hDDC288AA82BEFC70
u_dut/lut_l0_589,LUT6,SLICE_X11Y216,SLICEL.A6LUT,64'h0AF4080C08E4E0A0
u_dut/lut_l0_59,LUT6,SLICE_X28Y218,SLICEL.D6LUT,64'h1F1E1044B7E680C4
u_dut/lut_l0_590,LUT6,SLICE_X19Y217,SLICEL.C6LUT,64'h04008C0100AD88A9
u_dut/lut_l0_591,LUT6,SLICE_X12Y216,SLICEM.D6LUT,64'h00F01A8A01316AAA
u_dut/lut_l0_592,LUT6,SLICE_X15Y219,SLICEL.D6LUT,64'hCEFC0CB33AE0338A
u_dut/lut_l0_593,LUT6,SLICE_X7Y221,SLICEL.D6LUT,64'hCC23C72AD5D5AACA
u_dut/lut_l0_594,LUT6,SLICE_X9Y220,SLICEL.D6LUT,64'h440C1AC04E062E0C
u_dut/lut_l0_595,LUT6,SLICE_X8Y218,SLICEM.D6LUT,64'h3CF178C09A95DA80
u_dut/lut_l0_596,LUT6,SLICE_X13Y217,SLICEL.B6LUT,64'hFD31E23145CF2A35
u_dut/lut_l0_597,LUT6,SLICE_X20Y219,SLICEM.C6LUT,64'hFFF737FBFFFFFFFF
u_dut/lut_l0_598,LUT6,SLICE_X10Y223,SLICEM.B6LUT,64'hB180AA8B5F087470
u_dut/lut_l0_599,LUT6,SLICE_X16Y217,SLICEM.C6LUT,64'hFAAA4044B8B8CC40
u_dut/lut_l0_6,LUT6,SLICE_X21Y221,SLICEL.C6LUT,64'h141FF3E1F755F151
u_dut/lut_l0_60,LUT6,SLICE_X26Y219,SLICEL.B6LUT,64'h55BB77980D8D2788
u_dut/lut_l0_600,LUT6,SLICE_X20Y234,SLICEM.A6LUT,64'h0000001000000000
u_dut/lut_l0_601,LUT6,SLICE_X16Y229,SLICEM.A6LUT,64'hC5CC0D0050502EF9
u_dut/lut_l0_602,LUT6,SLICE_X13Y227,SLICEL.A6LUT,64'hD1C14455910013DF
u_dut/lut_l0_603,LUT6,SLICE_X17Y231,SLICEL.A6LUT,64'h0080EFDC202DAF0D
u_dut/lut_l0_604,LUT6,SLICE_X18Y236,SLICEM.A6LUT,64'h0000000000000000
u_dut/lut_l0_605,LUT6,SLICE_X15Y229,SLICEL.A6LUT,64'h040015C5446F371F
u_dut/lut_l0_606,LUT6,SLICE_X16Y227,SLICEM.C6LUT,64'hC884DF498C0D4B07
u_dut/lut_l0_607,LUT6,SLICE_X17Y229,SLICEL.A6LUT,64'hC0038007333F272F
u_dut/lut_l0_608,LUT6,SLICE_X22Y230,SLICEM.A6LUT,64'h0082101300767677
u_dut/lut_l0_609,LUT6,SLICE_X20Y232,SLICEM.A6LUT,64'h0000020200000202
u_dut/lut_l0_61,LUT6,SLICE_X32Y219,SLICEL.C6LUT,64'hFF3EF1FD508420EC
u_dut/lut_l0_610,LUT6,SLICE_X18Y227,SLICEM.A6LUT,64'h0077200705000050
u_dut/lut_l0_611,LUT6,SLICE_X17Y226,SLICEL.A6LUT,64'hB0B1808010150000
u_dut/lut_l0_612,LUT6,SLICE_X19Y231,SLICEL.A6LUT,64'h0432141A00AE0CEE
u_dut/lut_l0_613,LUT6,SLICE_X18Y236,SLICEM.B6LUT,64'h0000000001880000
u_dut/lut_l0_614,LUT6,SLICE_X18Y231,SLICEM.A6LUT,64'h0000A2220000EAEA
u_dut/lut_l0_615,LUT6,SLICE_X18Y227,SLICEM.B6LUT,64'h0280000000E1E001
u_dut/lut_l0_616,LUT6,SLICE_X18Y226,SLICEM.B6LUT,64'h8FD88FDD07FF550D
u_dut/lut_l0_617,LUT6,SLICE_X22Y233,SLICEM.A6LUT,64'hFABAB8BC8ACF28A8
u_dut/lut_l0_618,LUT6,SLICE_X13Y229,SLICEL.A6LUT,64'h13330D3B00F15D1D
u_dut/lut_l0_619,LUT6,SLICE_X14Y230,SLICEM.A6LUT,64'h8898889800100010
u_dut/lut_l0_62,LUT6,SLICE_X26Y221,SLICEL.D6LUT,64'h47744778CFB8ABB8
u_dut/lut_l0_620,LUT6,SLICE_X13Y226,SLICEL.A6LUT,64'hA4A0040CA4A3003B
u_dut/lut_l0_621,LUT6,SLICE_X27Y230,SLICEL.D6LUT,64'h0000000000000000
u_dut/lut_l0_622,LUT6,SLICE_X18Y229,SLICEM.A6LUT,64'h8899F8F882950005
u_dut/lut_l0_623,LUT6,SLICE_X12Y230,SLICEM.A6LUT,64'h1010170910BA0D87
u_dut/lut_l0_624,LUT6,SLICE_X18Y229,SLICEM.B6LUT,64'h2C2E2C53F10EF333
u_dut/lut_l0_625,LUT6,SLICE_X24Y234,SLICEL.A6LUT,64'h0000001502002A01
u_dut/lut_l0_626,LUT6,SLICE_X19Y228,SLICEL.A6LUT,64'h00300000FFFCFFFF
u_dut/lut_l0_627,LUT6,SLICE_X24Y232,SLICEL.C6LUT,64'h031F0BDF030F575F
u_dut/lut_l0_628,LUT6,SLICE_X14Y230,SLICEM.B6LUT,64'h0101507232AA5070
u_dut/lut_l0_629,LUT6,SLICE_X24Y234,SLICEL.B6LUT,64'h002044701C2F11FB
u_dut/lut_l0_63,LUT6,SLICE_X25Y215,SLICEL.A6LUT,64'h33CC322E8F8C8CCC
u_dut/lut_l0_630,LUT6,SLICE_X16Y228,SLICEM.A6LUT,64'h44BF00F044B70707
u_dut/lut_l0_631,LUT6,SLICE_X17Y234,SLICEL.A6LUT,64'h2C5003230840AF77
u_dut/lut_l0_632,LUT6,SLICE_X21Y236,SLICEL.A6LUT,64'hDD59FDF9FDDDFFFF
u_dut/lut_l0_633,LUT6,SLICE_X17Y230,SLICEL.A6LUT,64'h9953A82128049830
u_dut/lut_l0_634,LUT6,SLICE_X18Y234,SLICEM.A6LUT,64'h55550CFE444404E6
u_dut/lut_l0_635,LUT6,SLICE_X16Y226,SLICEM.A6LUT,64'hFFFF000FFFFF0FFF
u_dut/lut_l0_636,LUT6,SLICE_X21Y230,SLICEL.A6LUT,64'h8CEB0CC300FF04FF
u_dut/lut_l0_637,LUT6,SLICE_X16Y232,SLICEM.A6LUT,64'h0005018300551333
u_dut/lut_l0_638,LUT6,SLICE_X18Y231,SLICEM.B6LUT,64'h0020A541E0C1EE81
u_dut/lut_l0_639,LUT6,SLICE_X17Y230,SLICEL.B6LUT,64'h4400000048800000
u_dut/lut_l0_64,LUT6,SLICE_X28Y219,SLICEL.D6LUT,64'h52592210FCF8DCCC
u_dut/lut_l0_640,LUT6,SLICE_X16Y224,SLICEM.B6LUT,64'h14132A402A2E6A2A
u_dut/lut_l0_641,LUT6,SLICE_X17Y230,SLICEL.C6LUT,64'h6741004293995F05
u_dut/lut_l0_642,LUT6,SLICE_X18Y228,SLICEM.A6LUT,64'h203330EA4140007F
u_dut/lut_l0_643,LUT6,SLICE_X16Y235,SLICEM.A6LUT,64'h0645665505035533
u_dut/lut_l0_644,LUT6,SLICE_X17Y230,SLICEL.D6LUT,64'h00041038D8E89098
u_dut/lut_l0_645,LUT6,SLICE_X18Y234,SLICEM.B6LUT,64'h5172430202220303
u_dut/lut_l0_646,LUT6,SLICE_X19Y220,SLICEL.C6LUT,64'hC003C03795040444
u_dut/lut_l0_647,LUT6,SLICE_X17Y233,SLICEL.A6LUT,64'h4441000B4101ABF3
u_dut/lut_l0_648,LUT6,SLICE_X12Y231,SLICEM.A6LUT,64'h1818551D00C31AC7
u_dut/lut_l0_649,LUT6,SLICE_X11Y227,SLICEL.A6LUT,64'hA8A0831306440020
u_dut/lut_l0_65,LUT6,SLICE_X32Y219,SLICEL.D6LUT,64'hFF8FBFCFFFFF7777
u_dut/lut_l0_650,LUT6,SLICE_X14Y227,SLICEM.A6LUT,64'h30FF20FF78757877
u_dut/lut_l0_651,LUT6,SLICE_X13Y230,SLICEL.A6LUT,64'h05025F4C06294E0F
u_dut/lut_l0_652,LUT6,SLICE_X24Y233,SLICEL.B6LUT,64'h8802114700020B0E
u_dut/lut_l0_653,LUT6,SLICE_X18Y229,SLICEM.C6LUT,64'h00AA007FA0A4323E
u_dut/lut_l0_654,LUT6,SLICE_X15Y231,SLICEL.A6LUT,64'h220200FF03034F4F
u_dut/lut_l0_655,LUT6,SLICE_X16Y233,SLICEM.A6LUT,64'h1214F3F0CDEBFDFA
u_dut/lut_l0_656,LUT6,SLICE_X14Y221,SLICEM.C6LUT,64'hA000810C99080C0C
u_dut/lut_l0_657,LUT6,SLICE_X17Y220,SLICEL.D6LUT,64'hC28093910B080919
u_dut/lut_l0_658,LUT6,SLICE_X17Y233,SLICEL.B6LUT,64'h0000000800010808
u_dut/lut_l0_659,LUT6,SLICE_X13Y231,SLICEL.A6LUT,64'h15332000055F0000
u_dut/lut_l0_66,LUT6,SLICE_X31Y231,SLICEL.A6LUT,64'hFD835203FFA15D0C
u_dut/lut_l0_660,LUT6,SLICE_X21Y229,SLICEL.C6LUT,64'h1133113FB0933B5B
u_dut/lut_l0_661,LUT6,SLICE_X16Y228,SLICEM.B6LUT,64'h0000512855205500
u_dut/lut_l0_662,LUT6,SLICE_X12Y226,SLICEM.A6LUT,64'h080001110C110C00
u_dut/lut_l0_663,LUT6,SLICE_X15Y229,SLICEL.B6LUT,64'h010321FF01020508
u_dut/lut_l0_664,LUT6,SLICE_X12Y229,SLICEM.A6LUT,64'h30BF0C3B002A6666
u_dut/lut_l0_665,LUT6,SLICE_X17Y228,SLICEL.A6LUT,64'hF100157315F137F1
u_dut/lut_l0_666,LUT6,SLICE_X15Y230,SLICEL.A6LUT,64'h14050405755F7FFF
u_dut/lut_l0_667,LUT6,SLICE_X13Y230,SLICEL.B6LUT,64'hCFCD32BA45C74F45
u_dut/lut_l0_668,LUT6,SLICE_X20Y229,SLICEM.A6LUT,64'h0308EECB020900D2
u_dut/lut_l0_669,LUT6,SLICE_X12Y232,SLICEM.A6LUT,64'h818B08AA11BB00AF
u_dut/lut_l0_67,LUT6,SLICE_X14Y222,SLICEM.B6LUT,64'h5F005D0DFA5ACA8A
u_dut/lut_l0_670,LUT6,SLICE_X12Y234,SLICEM.A6LUT,64'h0001B3FFE0D1FAFB
u_dut/lut_l0_671,LUT6,SLICE_X19Y234,SLICEL.A6LUT,64'hD7FF7757BFFF5F77
u_dut/lut_l0_672,LUT6,SLICE_X19Y232,SLICEL.B6LUT,64'h00000000000C020A
u_dut/lut_l0_673,LUT6,SLICE_X16Y230,SLICEM.A6LUT,64'hA0A04545B0B01010
u_dut/lut_l0_674,LUT6,SLICE_X14Y226,SLICEM.A6LUT,64'h0929F4F51A516A55
u_dut/lut_l0_675,LUT6,SLICE_X14Y229,SLICEM.A6LUT,64'h320300000E220AAA
u_dut/lut_l0_676,LUT6,SLICE_X16Y230,SLICEM.B6LUT,64'h50A3430350534343
u_dut/lut_l0_677,LUT6,SLICE_X18Y231,SLICEM.C6LUT,64'h0000012100150000
u_dut/lut_l0_678,LUT6,SLICE_X18Y227,SLICEM.C6LUT,64'h8D95005588A0FC00
u_dut/lut_l0_679,LUT6,SLICE_X20Y228,SLICEM.A6LUT,64'h54125C11D4D6C4D5
u_dut/lut_l0_68,LUT6,SLICE_X25Y222,SLICEL.D6LUT,64'h0E3A3F3F2EB09FDF
u_dut/lut_l0_680,LUT6,SLICE_X19Y229,SLICEL.A6LUT,64'h0505030703073357
u_dut/lut_l0_681,LUT6,SLICE_X18Y229,SLICEM.D6LUT,64'h0777FFBF007F0033
u_dut/lut_l0_682,LUT6,SLICE_X20Y229,SLICEM.B6LUT,64'h8F13FF338F3BFFBF
u_dut/lut_l0_683,LUT6,SLICE_X19Y228,SLICEL.B6LUT,64'h0C0F003A040F053F
u_dut/lut_l0_684,LUT6,SLICE_X13Y232,SLICEL.A6LUT,64'h005002F1750131F3
u_dut/lut_l0_685,LUT6,SLICE_X24Y234,SLICEL.C6LUT,64'h4804000100AA0027
u_dut/lut_l0_686,LUT6,SLICE_X17Y225,SLICEL.B6LUT,64'h5040AAA002AC84AC
u_dut/lut_l0_687,LUT6,SLICE_X22Y236,SLICEM.A6LUT,64'h0502050400000100
u_dut/lut_l0_688,LUT6,SLICE_X11Y227,SLICEL.B6LUT,64'h54430C3B5246AE04
u_dut/lut_l0_689,LUT6,SLICE_X20Y230,SLICEM.A6LUT,64'h00C0C10000002322
u_dut/lut_l0_69,LUT6,SLICE_X20Y222,SLICEM.A6LUT,64'hABEA03EAFFFB57C0
u_dut/lut_l0_690,LUT6,SLICE_X21Y232,SLICEL.A6LUT,64'h8900002200225F57
u_dut/lut_l0_691,LUT6,SLICE_X15Y229,SLICEL.C6LUT,64'h1019FA0301CC410F
u_dut/lut_l0_692,LUT6,SLICE_X14Y228,SLICEM.A6LUT,64'h111D500C3B34F00C
u_dut/lut_l0_693,LUT6,SLICE_X20Y230,SLICEM.B6LUT,64'h0053C1C377F74105
u_dut/lut_l0_694,LUT6,SLICE_X14Y228,SLICEM.B6LUT,64'hFF00F50FF4DF07CF
u_dut/lut_l0_695,LUT6,SLICE_X15Y231,SLICEL.B6LUT,64'h030183033031AF8F
u_dut/lut_l0_696,LUT6,SLICE_X10Y231,SLICEM.A6LUT,64'h320A18CF32210521
u_dut/lut_l0_697,LUT6,SLICE_X17Y236,SLICEL.A6LUT,64'h0000000000000000
u_dut/lut_l0_698,LUT6,SLICE_X20Y229,SLICEM.C6LUT,64'h233323B323B3A133
u_dut/lut_l0_699,LUT6,SLICE_X22Y236,SLICEM.B6LUT,64'h40EE0660D2770320
u_dut/lut_l0_7,LUT6,SLICE_X24Y220,SLICEL.C6LUT,64'h557BA5CF1B3B050B
u_dut/lut_l0_70,LUT6,SLICE_X30Y219,SLICEL.C6LUT,64'h210C450CFEF00F8F
u_dut/lut_l0_700,LUT6,SLICE_X14Y232,SLICEM.A6LUT,64'h0C11030123338BEB
u_dut/lut_l0_701,LUT6,SLICE_X13Y232,SLICEL.B6LUT,64'h1904090C14050415
u_dut/lut_l0_702,LUT6,SLICE_X20Y231,SLICEM.A6LUT,64'h298F2F8E298D9999
u_dut/lut_l0_703,LUT6,SLICE_X24Y234,SLICEL.D6LUT,64'h0103310F31AB01DF
u_dut/lut_l0_704,LUT6,SLICE_X18Y234,SLICEM.C6LUT,64'h0C070F0F2E0FEDFF
u_dut/lut_l0_705,LUT6,SLICE_X20Y226,SLICEM.C6LUT,64'hE04711510A570941
u_dut/lut_l0_706,LUT6,SLICE_X8Y232,SLICEM.A6LUT,64'h0004CC3006872257
u_dut/lut_l0_707,LUT6,SLICE_X16Y233,SLICEM.B6LUT,64'h2020322258237227
u_dut/lut_l0_708,LUT6,SLICE_X14Y225,SLICEM.A6LUT,64'h0A0E17440A830313
u_dut/lut_l0_709,LUT6,SLICE_X14Y227,SLICEM.B6LUT,64'h66304C03025202F0
u_dut/lut_l0_71,LUT6,SLICE_X20Y222,SLICEM.B6LUT,64'hF0DAFF33AFAFC3B3
u_dut/lut_l0_710,LUT6,SLICE_X20Y231,SLICEM.B6LUT,64'h0F05AFAFA32F230C
u_dut/lut_l0_711,LUT6,SLICE_X18Y235,SLICEM.A6LUT,64'h3F3F3F2F3FF77F7F
u_dut/lut_l0_712,LUT6,SLICE_X15Y235,SLICEL.A6LUT,64'h0000002001010000
u_dut/lut_l0_713,LUT6,SLICE_X14Y226,SLICEM.B6LUT,64'h9F8B172580800035
u_dut/lut_l0_714,LUT6,SLICE_X14Y226,SLICEM.C6LUT,64'h3220CB1368008840
u_dut/lut_l0_715,LUT6,SLICE_X15Y228,SLICEL.A6LUT,64'hE81100508A3000F0
u_dut/lut_l0_716,LUT6,SLICE_X15Y226,SLICEL.A6LUT,64'h105C107B08110CFC
u_dut/lut_l0_717,LUT6,SLICE_X18Y226,SLICEM.C6LUT,64'h82838181808A0505
u_dut/lut_l0_718,LUT6,SLICE_X18Y228,SLICEM.B6LUT,64'h0E7F4540997F6677
u_dut/lut_l0_719,LUT6,SLICE_X14Y227,SLICEM.C6LUT,64'h43810004C303403D
u_dut/lut_l0_72,LUT6,SLICE_X29Y225,SLICEL.B6LUT,64'hE0E0808000A00000
u_dut/lut_l0_720,LUT6,SLICE_X22Y234,SLICEM.A6LUT,64'hD1F051720040F053
u_dut/lut_l0_721,LUT6,SLICE_X19Y228,SLICEL.C6LUT,64'h2A1B2A50332230F0
u_dut/lut_l0_722,LUT6,SLICE_X20Y233,SLICEM.A6LUT,64'hA081300011DD03FB
u_dut/lut_l0_723,LUT6,SLICE_X21Y231,SLICEL.C6LUT,64'h446455A01A0275CD
u_dut/lut_l0_724,LUT6,SLICE_X21Y234,SLICEL.A6LUT,64'h00000000000A00C8
u_dut/lut_l0_725,LUT6,SLICE_X21Y234,SLICEL.B6LUT,64'h0000000000000000
u_dut/lut_l0_726,LUT6,SLICE_X22Y233,SLICEM.B6LUT,64'h0000000200000000
u_dut/lut_l0_727,LUT6,SLICE_X20Y231,SLICEM.C6LUT,64'h54505C5F007F005F
u_dut/lut_l0_728,LUT6,SLICE_X23Y234,SLICEL.A6LUT,64'h0000008000000000
u_dut/lut_l0_729,LUT6,SLICE_X20Y227,SLICEM.B6LUT,64'h3100000000000000
u_dut/lut_l0_73,LUT6,SLICE_X22Y225,SLICEM.A6LUT,64'hEEACEA1A22442060
u_dut/lut_l0_730,LUT6,SLICE_X20Y226,SLICEM.D6LUT,64'h01E1000015410000
u_dut/lut_l0_731,LUT6,SLICE_X20Y227,SLICEM.C6LUT,64'h0232B33BDEDE93DF
u_dut/lut_l0_732,LUT6,SLICE_X19Y228,SLICEL.D6LUT,64'h56B7736E5C3B374C
u_dut/lut_l0_733,LUT6,SLICE_X20Y233,SLICEM.B6LUT,64'h3640CCFA337489BE
u_dut/lut_l0_734,LUT6,SLICE_X20Y232,SLICEM.B6LUT,64'h401E511F00727533
u_dut/lut_l0_735,LUT6,SLICE_X19Y225,SLICEL.B6LUT,64'h000005400070D520
u_dut/lut_l0_736,LUT6,SLICE_X17Y226,SLICEL.B6LUT,64'h3F0B0F1A2E8F4A78
u_dut/lut_l0_737,LUT6,SLICE_X18Y228,SLICEM.C6LUT,64'h00001ED2120000C0
u_dut/lut_l0_738,LUT6,SLICE_X12Y226,SLICEM.B6LUT,64'hC0DF030F802A4C95
u_dut/lut_l0_739,LUT6,SLICE_X22Y235,SLICEM.A6LUT,64'h0000000000000000
u_dut/lut_l0_74,LUT6,SLICE_X20Y223,SLICEM.D6LUT,64'h23DD77A72FDCEEA8
u_dut/lut_l0_740,LUT6,SLICE_X23Y226,SLICEL.B6LUT,64'h0011314020003110
u_dut/lut_l0_741,LUT6,SLICE_X22Y229,SLICEM.A6LUT,64'h77C03200000E005F
u_dut/lut_l0_742,LUT6,SLICE_X22Y234,SLICEM.B6LUT,64'h0000000400000250
u_dut/lut_l0_743,LUT6,SLICE_X22Y234,SLICEM.C6LUT,64'h004C05C5014474F4
u_dut/lut_l0_744,LUT6,SLICE_X16Y228,SLICEM.C6LUT,64'hEAF0150004782600
u_dut/lut_l0_745,LUT6,SLICE_X9Y231,SLICEL.A6LUT,64'hC803FF50400F7310
u_dut/lut_l0_746,LUT6,SLICE_X24Y232,SLICEL.D6LUT,64'h0002004F00430005
u_dut/lut_l0_747,LUT6,SLICE_X14Y225,SLICEM.B6LUT,64'h030500050686109C
u_dut/lut_l0_748,LUT6,SLICE_X11Y230,SLICEL.A6LUT,64'h000C0CCCA1930F3F
u_dut/lut_l0_749,LUT6,SLICE_X10Y225,SLICEM.A6LUT,64'h041300134C4C544C
u_dut/lut_l0_75,LUT6,SLICE_X26Y225,SLICEL.D6LUT,64'hBFBFC8BF9919FC0C
u_dut/lut_l0_750,LUT6,SLICE_X18Y234,SLICEM.D6LUT,64'h78F817B8303717E8
u_dut/lut_l0_751,LUT6,SLICE_X14Y228,SLICEM.C6LUT,64'hC74C010082208B33
u_dut/lut_l0_752,LUT6,SLICE_X16Y224,SLICEM.C6LUT,64'h320C3E2E10003D1D
u_dut/lut_l0_753,LUT6,SLICE_X14Y234,SLICEM.A6LUT,64'hA080E3F0EFF80400
u_dut/lut_l0_754,LUT6,SLICE_X14Y231,SLICEM.A6LUT,64'h70D5335100F5C750
u_dut/lut_l0_755,LUT6,SLICE_X16Y231,SLICEM.A6LUT,64'hDDFD80B500009131
u_dut/lut_l0_756,LUT6,SLICE_X20Y231,SLICEM.D6LUT,64'hC022C022EEAAE2FF
u_dut/lut_l0_757,LUT6,SLICE_X22Y232,SLICEM.C6LUT,64'h0000000000050000
u_dut/lut_l0_758,LUT6,SLICE_X22Y229,SLICEM.B6LUT,64'hA0A05530202045FC
u_dut/lut_l0_759,LUT6,SLICE_X22Y234,SLICEM.D6LUT,64'hFFF7FFFFFFFFFFFF
u_dut/lut_l0_76,LUT6,SLICE_X30Y224,SLICEL.D6LUT,64'h446E057FFFFB0027
u_dut/lut_l0_760,LUT6,SLICE_X22Y233,SLICEM.C6LUT,64'h0014611402E7ABE7
u_dut/lut_l0_761,LUT6,SLICE_X18Y226,SLICEM.D6LUT,64'h8D8D0001A2EA2644
u_dut/lut_l0_762,LUT6,SLICE_X18Y232,SLICEM.A6LUT,64'h2202223BDD470037
u_dut/lut_l0_763,LUT6,SLICE_X20Y230,SLICEM.C6LUT,64'h0400950105AF555F
u_dut/lut_l0_764,LUT6,SLICE_X17Y231,SLICEL.B6LUT,64'h001033217B4833A5
u_dut/lut_l0_765,LUT6,SLICE_X22Y230,SLICEM.B6LUT,64'h57FD6DFF7FFFFFFF
u_dut/lut_l0_766,LUT6,SLICE_X20Y230,SLICEM.D6LUT,64'hC4834433E5835500
u_dut/lut_l0_767,LUT6,SLICE_X18Y232,SLICEM.B6LUT,64'h0000000003010000
u_dut/lut_l0_768,LUT6,SLICE_X16Y233,SLICEM.C6LUT,64'h0000F4039E56FF46
u_dut/lut_l0_769,LUT6,SLICE_X18Y235,SLICEM.B6LUT,64'h10050101002F3131
u_dut/lut_l0_77,LUT6,SLICE_X29Y225,SLICEL.C6LUT,64'hF931E9F30FCBB5F1
u_dut/lut_l0_770,LUT6,SLICE_X22Y225,SLICEM.B6LUT,64'h0058EE0C081CE604
u_dut/lut_l0_771,LUT6,SLICE_X23Y234,SLICEL.B6LUT,64'h0000101000000010
u_dut/lut_l0_772,LUT6,SLICE_X16Y236,SLICEM.A6LUT,64'h110175FF00151155
u_dut/lut_l0_773,LUT6,SLICE_X16Y229,SLICEM.B6LUT,64'h002230FE026C0A00
u_dut/lut_l0_774,LUT6,SLICE_X14Y225,SLICEM.C6LUT,64'h330411123000100A
u_dut/lut_l0_775,LUT6,SLICE_X28Y226,SLICEL.C6LUT,64'h0D3FDC3F08FF40FF
u_dut/lut_l0_776,LUT6,SLICE_X12Y224,SLICEM.A6LUT,64'h3337190F002C0CA0
u_dut/lut_l0_777,LUT6,SLICE_X20Y227,SLICEM.D6LUT,64'h400051334085115F
u_dut/lut_l0_778,LUT6,SLICE_X13Y225,SLICEL.A6LUT,64'h31102BBB2E002808
u_dut/lut_l0_779,LUT6,SLICE_X12Y224,SLICEM.B6LUT,64'hEB00EC0100E0E9E7
u_dut/lut_l0_78,LUT6,SLICE_X26Y224,SLICEL.B6LUT,64'h37C3799201B59AEA
u_dut/lut_l0_780,LUT6,SLICE_X14Y231,SLICEM.B6LUT,64'h880C9D0D0C5C7F7D
u_dut/lut_l0_781,LUT6,SLICE_X16Y228,SLICEM.D6LUT,64'h0540011122082357
u_dut/lut_l0_782,LUT6,SLICE_X22Y236,SLICEM.C6LUT,64'h20040445322832F8
u_dut/lut_l0_783,LUT6,SLICE_X19Y233,SLICEL.A6LUT,64'h3F33F002102A140F
u_dut/lut_l0_784,LUT6,SLICE_X14Y225,SLICEM.D6LUT,64'h03640051CF649D55
u_dut/lut_l0_785,LUT6,SLICE_X16Y217,SLICEM.D6LUT,64'h32022A0ACA32150A
u_dut/lut_l0_786,LUT6,SLICE_X19Y232,SLICEL.C6LUT,64'h570C406C5503605F
u_dut/lut_l0_787,LUT6,SLICE_X14Y229,SLICEM.B6LUT,64'hFF2175ABFFA5F40B
u_dut/lut_l0_788,LUT6,SLICE_X14Y228,SLICEM.D6LUT,64'h1132545014BA4A80
u_dut/lut_l0_789,LUT6,SLICE_X19Y233,SLICEL.B6LUT,64'h8DA7000703030F00
u_dut/lut_l0_79,LUT6,SLICE_X24Y227,SLICEL.C6LUT,64'hAAAFB0B0AFAFB005
u_dut/lut_l0_790,LUT6,SLICE_X14Y231,SLICEM.C6LUT,64'h70817000E30FE9B1
u_dut/lut_l0_791,LUT6,SLICE_X17Y228,SLICEL.B6LUT,64'h80821C101C1A6F00
u_dut/lut_l0_792,LUT6,SLICE_X18Y236,SLICEM.C6LUT,64'h000F0504020C0A04
u_dut/lut_l0_793,LUT6,SLICE_X17Y236,SLICEL.B6LUT,64'hFDAFFBF7FDFAF7F7
u_dut/lut_l0_794,LUT6,SLICE_X17Y231,SLICEL.C6LUT,64'h181C6D3C180C3D33
u_dut/lut_l0_795,LUT6,SLICE_X18Y236,SLICEM.D6LUT,64'h0000000000005000
u_dut/lut_l0_796,LUT6,SLICE_X17Y236,SLICEL.C6LUT,64'h0000880000001100
u_dut/lut_l0_797,LUT6,SLICE_X21Y232,SLICEL.B6LUT,64'h8840888802525073
u_dut/lut_l0_798,LUT6,SLICE_X17Y228,SLICEL.C6LUT,64'hC3D3137F13330400
u_dut/lut_l0_799,LUT6,SLICE_X14Y226,SLICEM.D6LUT,64'hA04CA04C003F0088
u_dut/lut_l0_8,LUT6,SLICE_X23Y221,SLICEL.C6LUT,64'h011A213B7E665333
u_dut/lut_l0_80,LUT6,SLICE_X30Y219,SLICEL.D6LUT,64'hFDEDFFCF45A16767
u_dut/lut_l0_800,LUT6,SLICE_X25Y230,SLICEL.C6LUT,64'h436BEBFB022940BB
u_dut/lut_l0_801,LUT6,SLICE_X8Y228,SLICEM.A6LUT,64'h3333303130300017
u_dut/lut_l0_802,LUT6,SLICE_X12Y227,SLICEM.A6LUT,64'h14150C0504342C2C
u_dut/lut_l0_803,LUT6,SLICE_X23Y230,SLICEL.A6LUT,64'h0C83EB102420A4F3
u_dut/lut_l0_804,LUT6,SLICE_X5Y232,SLICEL.A6LUT,64'hA08000080089CD89
u_dut/lut_l0_805,LUT6,SLICE_X23Y231,SLICEL.C6LUT,64'h00080008323300F5
u_dut/lut_l0_806,LUT6,SLICE_X10Y232,SLICEM.A6LUT,64'h010000A004F301A1
u_dut/lut_l0_807,LUT6,SLICE_X19Y230,SLICEL.A6LUT,64'h0000000000000000
u_dut/lut_l0_808,LUT6,SLICE_X6Y226,SLICEM.A6LUT,64'h885051738D0F5250
u_dut/lut_l0_809,LUT6,SLICE_X13Y232,SLICEL.C6LUT,64'h2205803700063F15
u_dut/lut_l0_81,LUT6,SLICE_X17Y225,SLICEL.C6LUT,64'hAEAF8D1A6A7B59AA
u_dut/lut_l0_810,LUT6,SLICE_X24Y233,SLICEL.C6LUT,64'h0000000900910115
u_dut/lut_l0_811,LUT6,SLICE_X19Y231,SLICEL.B6LUT,64'hA4D04470F1F2F4F0
u_dut/lut_l0_812,LUT6,SLICE_X21Y232,SLICEL.C6LUT,64'h01C114010503010D
u_dut/lut_l0_813,LUT6,SLICE_X19Y231,SLICEL.C6LUT,64'h0080A50A0003210F
u_dut/lut_l0_814,LUT6,SLICE_X15Y231,SLICEL.C6LUT,64'h448400CC44454303
u_dut/lut_l0_815,LUT6,SLICE_X8Y229,SLICEM.A6LUT,64'hB225BBAEB2747FB8
u_dut/lut_l0_816,LUT6,SLICE_X8Y222,SLICEM.B6LUT,64'h020A0022ABAE81AA
u_dut/lut_l0_817,LUT6,SLICE_X23Y234,SLICEL.C6LUT,64'h0000000000040C04
u_dut/lut_l0_818,LUT6,SLICE_X8Y233,SLICEM.A6LUT,64'h001323233CB7B1B5
u_dut/lut_l0_819,LUT6,SLICE_X18Y228,SLICEM.D6LUT,64'h00030CDF70F70CFF
u_dut/lut_l0_82,LUT6,SLICE_X33Y225,SLICEL.A6LUT,64'hF02CFBAA004CBB00
u_dut/lut_l0_820,LUT6,SLICE_X8Y226,SLICEM.B6LUT,64'h0022105A23AF125A
u_dut/lut_l0_821,LUT6,SLICE_X12Y233,SLICEM.A6LUT,64'hC00000F0333317F4
u_dut/lut_l0_822,LUT6,SLICE_X19Y233,SLICEL.C6LUT,64'h5F577F5F5F557F77
u_dut/lut_l0_823,LUT6,SLICE_X12Y226,SLICEM.C6LUT,64'h0100A8A000009880
u_dut/lut_l0_824,LUT6,SLICE_X16Y234,SLICEM.A6LUT,64'h0015001114040A1B
u_dut/lut_l0_825,LUT6,SLICE_X15Y231,SLICEL.D6LUT,64'h023302C0E8FFE6F1
u_dut/lut_l0_826,LUT6,SLICE_X10Y233,SLICEM.A6LUT,64'hA1A2050733080F87
u_dut/lut_l0_827,LUT6,SLICE_X21Y230,SLICEL.B6LUT,64'hA05582010C44C0CF
u_dut/lut_l0_828,LUT6,SLICE_X9Y233,SLICEL.A6LUT,64'h010E0C0AF3FA7C0A
u_dut/lut_l0_829,LUT6,SLICE_X20Y229,SLICEM.D6LUT,64'hC003C404C22BCB0B
u_dut/lut_l0_83,LUT6,SLICE_X25Y226,SLICEL.C6LUT,64'hFFFCD1C5EFECE08F
u_dut/lut_l0_830,LUT6,SLICE_X13Y232,SLICEL.D6LUT,64'h0C0DC4CC0C0D04C5
u_dut/lut_l0_831,LUT6,SLICE_X23Y233,SLICEL.A6LUT,64'h08004C000C000C75
u_dut/lut_l0_832,LUT6,SLICE_X12Y231,SLICEM.B6LUT,64'h14051111EC15B9B9
u_dut/lut_l0_833,LUT6,SLICE_X23Y233,SLICEL.B6LUT,64'h13FFBFFFEEFFBFFF
u_dut/lut_l0_834,LUT6,SLICE_X12Y227,SLICEM.B6LUT,64'h330A630D22F5AF00
u_dut/lut_l0_835,LUT6,SLICE_X20Y228,SLICEM.B6LUT,64'h00014000DC053C0F
u_dut/lut_l0_836,LUT6,SLICE_X29Y232,SLICEL.D6LUT,64'h003C002F7077E0F8
u_dut/lut_l0_837,LUT6,SLICE_X9Y234,SLICEL.A6LUT,64'h1010000200000700
u_dut/lut_l0_838,LUT6,SLICE_X14Y231,SLICEM.D6LUT,64'h0055440500504005
u_dut/lut_l0_839,LUT6,SLICE_X18Y230,SLICEM.A6LUT,64'h0C2CD0FF04110711
u_dut/lut_l0_84,LUT6,SLICE_X28Y224,SLICEL.C6LUT,64'hBA45B518F726FFF0
u_dut/lut_l0_840,LUT6,SLICE_X15Y236,SLICEL.A6LUT,64'hFFFFFFFFFFFFFFFF
u_dut/lut_l0_841,LUT6,SLICE_X11Y233,SLICEL.A6LUT,64'hE032A1A0CCEE8820
u_dut/lut_l0_842,LUT6,SLICE_X12Y231,SLICEM.C6LUT,64'h118899C9FBCC47C9
u_dut/lut_l0_843,LUT6,SLICE_X9Y232,SLICEL.A6LUT,64'h021186DD121CA6C4
u_dut/lut_l0_844,LUT6,SLICE_X22Y225,SLICEM.C6LUT,64'h888088805040100B
u_dut/lut_l0_845,LUT6,SLICE_X9Y231,SLICEL.B6LUT,64'h001002000A8A0A00
u_dut/lut_l0_846,LUT6,SLICE_X19Y230,SLICEL.B6LUT,64'h2747056500100000
u_dut/lut_l0_847,LUT6,SLICE_X10Y230,SLICEM.A6LUT,64'hE003C3C350005252
u_dut/lut_l0_848,LUT6,SLICE_X20Y232,SLICEM.C6LUT,64'h0CF44EFF0F455F5F
u_dut/lut_l0_849,LUT6,SLICE_X15Y233,SLICEL.A6LUT,64'h15644E0C00400057
u_dut/lut_l0_85,LUT6,SLICE_X21Y224,SLICEL.B6LUT,64'h3002734310CF518F
u_dut/lut_l0_850,LUT6,SLICE_X15Y234,SLICEL.A6LUT,64'h3737373A3E3E3E38
u_dut/lut_l0_851,LUT6,SLICE_X16Y233,SLICEM.D6LUT,64'h01043225316C306D
u_dut/lut_l0_852,LUT6,SLICE_X23Y230,SLICEL.B6LUT,64'h292933031015300F
u_dut/lut_l0_853,LUT6,SLICE_X6Y233,SLICEM.A6LUT,64'h520A5200050D0101
u_dut/lut_l0_854,LUT6,SLICE_X17Y226,SLICEL.C6LUT,64'hF3004403C00367F7
u_dut/lut_l0_855,LUT6,SLICE_X10Y228,SLICEM.A6LUT,64'h00000A1B0A1F0A9B
u_dut/lut_l0_856,LUT6,SLICE_X6Y226,SLICEM.B6LUT,64'h052101E5E920CCE8
u_dut/lut_l0_857,LUT6,SLICE_X11Y227,SLICEL.C6LUT,64'hCC70CE70A8308870
u_dut/lut_l0_858,LUT6,SLICE_X9Y228,SLICEL.A6LUT,64'h1F0E9F8C0115CDBF
u_dut/lut_l0_859,LUT6,SLICE_X14Y224,SLICEM.B6LUT,64'h1A2A2A551A6AEAAA
u_dut/lut_l0_86,LUT6,SLICE_X22Y224,SLICEM.C6LUT,64'hFDA8ACBCFD202420
u_dut/lut_l0_860,LUT6,SLICE_X18Y231,SLICEM.D6LUT,64'h0FFD055D22A00111
u_dut/lut_l0_861,LUT6,SLICE_X10Y230,SLICEM.B6LUT,64'h055F275F275FAF5F
u_dut/lut_l0_862,LUT6,SLICE_X21Y233,SLICEL.A6LUT,64'h0000000000000000
u_dut/lut_l0_863,LUT6,SLICE_X14Y233,SLICEM.A6LUT,64'h203F4033200C2215
u_dut/lut_l0_864,LUT6,SLICE_X11Y225,SLICEL.A6LUT,64'h1F3F514022372A00
u_dut/lut_l0_865,LUT6,SLICE_X16Y230,SLICEM.C6LUT,64'h1113A40B1316AB0B
u_dut/lut_l0_866,LUT6,SLICE_X16Y235,SLICEM.B6LUT,64'h0088000100080001
u_dut/lut_l0_867,LUT6,SLICE_X16Y231,SLICEM.B6LUT,64'h1120CC00000000B0
u_dut/lut_l0_868,LUT6,SLICE_X8Y233,SLICEM.B6LUT,64'h9111010501510054
u_dut/lut_l0_869,LUT6,SLICE_X8Y227,SLICEM.A6LUT,64'hC3829E80858A7744
u_dut/lut_l0_87,LUT6,SLICE_X31Y219,SLICEL.C6LUT,64'hEDBBCCB873733CBC
u_dut/lut_l0_870,LUT6,SLICE_X18Y235,SLICEM.C6LUT,64'h0000000000000000
u_dut/lut_l0_871,LUT6,SLICE_X17Y235,SLICEL.A6LUT,64'h84002100C000A500
u_dut/lut_l0_872,LUT6,SLICE_X16Y235,SLICEM.C6LUT,64'h2220000000002120
u_dut/lut_l0_873,LUT6,SLICE_X20Y235,SLICEM.A6LUT,64'h0002000900000008
u_dut/lut_l0_874,LUT6,SLICE_X9Y235,SLICEL.A6LUT,64'h103010721C585CF0
u_dut/lut_l0_875,LUT6,SLICE_X13Y227,SLICEL.B6LUT,64'h303000994D002399
u_dut/lut_l0_876,LUT6,SLICE_X8Y228,SLICEM.B6LUT,64'hC3A1060620250802
u_dut/lut_l0_877,LUT6,SLICE_X18Y230,SLICEM.B6LUT,64'hA25E00DC904023F3
u_dut/lut_l0_878,LUT6,SLICE_X21Y234,SLICEL.C6LUT,64'h02F483B400F70036
u_dut/lut_l0_879,LUT6,SLICE_X21Y235,SLICEL.A6LUT,64'h4EDD44440CFF3F0F
u_dut/lut_l0_88,LUT6,SLICE_X14Y223,SLICEM.B6LUT,64'hE3E3F3F3AA21AA01
u_dut/lut_l0_880,LUT6,SLICE_X21Y232,SLICEL.D6LUT,64'h0476011F24F251FF
u_dut/lut_l0_881,LUT6,SLICE_X20Y233,SLICEM.C6LUT,64'h0040D3DB000830F5
u_dut/lut_l0_882,LUT6,SLICE_X20Y234,SLICEM.B6LUT,64'h2A080D0B2A020531
u_dut/lut_l0_883,LUT6,SLICE_X22Y233,SLICEM.D6LUT,64'h00C4004581000815
u_dut/lut_l0_884,LUT6,SLICE_X15Y229,SLICEL.D6LUT,64'hA1A0000145004445
u_dut/lut_l0_885,LUT6,SLICE_X17Y228,SLICEL.D6LUT,64'hEE02EC50CE5D2F78
u_dut/lut_l0_886,LUT6,SLICE_X15Y226,SLICEL.B6LUT,64'h0D5D135B0000DF1B
u_dut/lut_l0_887,LUT6,SLICE_X20Y228,SLICEM.C6LUT,64'h5000F0071015183F
u_dut/lut_l0_888,LUT6,SLICE_X19Y230,SLICEL.C6LUT,64'h1D13000C8F130023
u_dut/lut_l0_889,LUT6,SLICE_X18Y230,SLICEM.C6LUT,64'hA011C47580338466
u_dut/lut_l0_89,LUT6,SLICE_X29Y224,SLICEL.A6LUT,64'h2200EF002A00AB00
u_dut/lut_l0_890,LUT6,SLICE_X16Y234,SLICEM.B6LUT,64'h0405000400110000
u_dut/lut_l0_891,LUT6,SLICE_X23Y231,SLICEL.D6LUT,64'h0000000000000101
u_dut/lut_l0_892,LUT6,SLICE_X9Y231,SLICEL.C6LUT,64'h95957D9511E301E3
u_dut/lut_l0_893,LUT6,SLICE_X8Y227,SLICEM.B6LUT,64'hC0008366F3F21F3A
u_dut/lut_l0_894,LUT6,SLICE_X12Y228,SLICEM.A6LUT,64'h1515CC4E1157DDF7
u_dut/lut_l0_895,LUT6,SLICE_X6Y228,SLICEM.A6LUT,64'h891301B895AF25F0
u_dut/lut_l0_896,LUT6,SLICE_X19Y231,SLICEL.D6LUT,64'hC033000300B3A2DD
u_dut/lut_l0_897,LUT6,SLICE_X16Y227,SLICEM.D6LUT,64'hC30FD01A23AB50FA
u_dut/lut_l0_898,LUT6,SLICE_X23Y230,SLICEL.C6LUT,64'h00D50003005500F3
u_dut/lut_l0_899,LUT6,SLICE_X16Y231,SLICEM.C6LUT,64'hA0440054A4041434
u_dut/lut_l0_9,LUT6,SLICE_X36Y218,SLICEL.A6LUT,64'hEEFFEFFFEEFFEFCF
u_dut/lut_l0_90,LUT6,SLICE_X33Y220,SLICEL.C6LUT,64'h66F377AEF383FED2
u_dut/lut_l0_900,LUT6,SLICE_X11Y231,SLICEL.A6LUT,64'h44000D0840207FCC
u_dut/lut_l0_901,LUT6,SLICE_X16Y234,SLICEM.C6LUT,64'h0000747F00607F77
u_dut/lut_l0_902,LUT6,SLICE_X8Y229,SLICEM.B6LUT,64'hF3510F7597115353
u_dut/lut_l0_903,LUT6,SLICE_X8Y230,SLICEM.A6LUT,64'h0303035F111A0F00
u_dut/lut_l0_904,LUT6,SLICE_X22Y230,SLICEM.C6LUT,64'h0000000B01010100
u_dut/lut_l0_905,LUT6,SLICE_X8Y229,SLICEM.C6LUT,64'h105154F1B054107C
u_dut/lut_l0_906,LUT6,SLICE_X10Y225,SLICEM.B6LUT,64'hBB19BF08AB2EBF2A
u_dut/lut_l0_907,LUT6,SLICE_X5Y227,SLICEL.A6LUT,64'hCF0E098E1F1FBFBF
u_dut/lut_l0_908,LUT6,SLICE_X8Y229,SLICEM.D6LUT,64'hB155BBDEB202BA7A
u_dut/lut_l0_909,LUT6,SLICE_X8Y230,SLICEM.B6LUT,64'h30325F0030A94857
u_dut/lut_l0_91,LUT6,SLICE_X30Y222,SLICEL.B6LUT,64'h53775B7F053F0430
u_dut/lut_l0_910,LUT6,SLICE_X7Y230,SLICEL.A6LUT,64'h014F000001CD6AA0
u_dut/lut_l0_911,LUT6,SLICE_X16Y230,SLICEM.D6LUT,64'h006B0067CDAF2323
u_dut/lut_l0_912,LUT6,SLICE_X7Y229,SLICEL.A6LUT,64'hCE00970132324307
u_dut/lut_l0_913,LUT6,SLICE_X21Y230,SLICEL.C6LUT,64'h808F880888D80007
u_dut/lut_l0_914,LUT6,SLICE_X16Y225,SLICEM.B6LUT,64'h646465652130C033
u_dut/lut_l0_915,LUT6,SLICE_X14Y229,SLICEM.C6LUT,64'h2C0C02000F0F1105
u_dut/lut_l0_916,LUT6,SLICE_X22Y236,SLICEM.D6LUT,64'h0000000500000000
u_dut/lut_l0_917,LUT6,SLICE_X12Y235,SLICEM.A6LUT,64'h00014113B2233113
u_dut/lut_l0_918,LUT6,SLICE_X12Y232,SLICEM.B6LUT,64'h0001A8817C2DBF27
u_dut/lut_l0_919,LUT6,SLICE_X11Y234,SLICEL.A6LUT,64'h030F08EF50108822
u_dut/lut_l0_92,LUT6,SLICE_X31Y222,SLICEL.A6LUT,64'h077FCD05577FCD05
u_dut/lut_l0_920,LUT6,SLICE_X16Y231,SLICEM.D6LUT,64'h092AF9A1F1C0F151
u_dut/lut_l0_921,LUT6,SLICE_X18Y227,SLICEM.D6LUT,64'h00A2131380FE030B
u_dut/lut_l0_922,LUT6,SLICE_X12Y232,SLICEM.C6LUT,64'hF00100A3ED6D2F6F
u_dut/lut_l0_923,LUT6,SLICE_X27Y232,SLICEL.D6LUT,64'h33552111004C2515
u_dut/lut_l0_924,LUT6,SLICE_X11Y232,SLICEL.A6LUT,64'h80E0C5AE2A02772A
u_dut/lut_l0_925,LUT6,SLICE_X12Y232,SLICEM.D6LUT,64'hAF8CAA898080DC05
u_dut/lut_l0_926,LUT6,SLICE_X15Y225,SLICEL.B6LUT,64'h34B0033030BF603F
u_dut/lut_l0_927,LUT6,SLICE_X6Y225,SLICEM.A6LUT,64'h018110D4A1E9A4DC
u_dut/lut_l0_928,LUT6,SLICE_X8Y228,SLICEM.C6LUT,64'h000022A20302A222
u_dut/lut_l0_929,LUT6,SLICE_X17Y225,SLICEL.D6LUT,64'h2C02FF17330033DD
u_dut/lut_l0_93,LUT6,SLICE_X24Y222,SLICEL.C6LUT,64'h0B0A0FEC61656D80
u_dut/lut_l0_930,LUT6,SLICE_X16Y225,SLICEM.C6LUT,64'h4D0940424D050555
u_dut/lut_l0_931,LUT6,SLICE_X6Y226,SLICEM.C6LUT,64'hC3FF80EE848A2A00
u_dut/lut_l0_932,LUT6,SLICE_X13Y227,SLICEL.C6LUT,64'h00C3A8F341F9D1F9
u_dut/lut_l0_933,LUT6,SLICE_X10Y229,SLICEM.A6LUT,64'h137F0400022F7577
u_dut/lut_l0_934,LUT6,SLICE_X7Y229,SLICEL.B6LUT,64'h0051E01304DDFFFF
u_dut/lut_l0_935,LUT6,SLICE_X12Y228,SLICEM.B6LUT,64'h0740034044404400
u_dut/lut_l0_936,LUT6,SLICE_X16Y229,SLICEM.C6LUT,64'h0000002000000000
u_dut/lut_l0_937,LUT6,SLICE_X10Y223,SLICEM.C6LUT,64'h01057F35001C3030
u_dut/lut_l0_938,LUT6,SLICE_X16Y226,SLICEM.B6LUT,64'h00A8878DBBAA85AF
u_dut/lut_l0_939,LUT6,SLICE_X22Y232,SLICEM.D6LUT,64'hF855F1D1F155E1C1
u_dut/lut_l0_94,LUT6,SLICE_X27Y219,SLICEL.C6LUT,64'h0CF50BF558AA0BBB
u_dut/lut_l0_940,LUT6,SLICE_X9Y230,SLICEL.A6LUT,64'h3301CDEE73578F88
u_dut/lut_l0_941,LUT6,SLICE_X10Y228,SLICEM.B6LUT,64'h004C30300F3F153F
u_dut/lut_l0_942,LUT6,SLICE_X21Y230,SLICEL.D6LUT,64'h17407F00A8003F00
u_dut/lut_l0_943,LUT6,SLICE_X11Y220,SLICEL.C6LUT,64'hA07AB17181551050
u_dut/lut_l0_944,LUT6,SLICE_X16Y225,SLICEM.D6LUT,64'h85828020818080A0
u_dut/lut_l0_945,LUT6,SLICE_X8Y227,SLICEM.C6LUT,64'hE0A04343C0B813B3
u_dut/lut_l0_946,LUT6,SLICE_X14Y227,SLICEM.D6LUT,64'h8BAF85D5302039B5
u_dut/lut_l0_947,LUT6,SLICE_X6Y226,SLICEM.D6LUT,64'hA0440313455D5555
u_dut/lut_l0_948,LUT6,SLICE_X16Y229,SLICEM.D6LUT,64'h04C9B4FADC83FE60
u_dut/lut_l0_949,LUT6,SLICE_X12Y227,SLICEM.C6LUT,64'hA822005E003B005E
u_dut/lut_l0_95,LUT6,SLICE_X19Y221,SLICEL.B6LUT,64'hC194C0E4494C484C
u_dut/lut_l0_950,LUT6,SLICE_X17Y233,SLICEL.C6LUT,64'hA0B180F545040530
u_dut/lut_l0_951,LUT6,SLICE_X5Y232,SLICEL.B6LUT,64'h0500FF8C7584440C
u_dut/lut_l0_952,LUT6,SLICE_X8Y233,SLICEM.C6LUT,64'h2A102BCFA761A7ED
u_dut/lut_l0_953,LUT6,SLICE_X6Y228,SLICEM.B6LUT,64'h01331E9B09BB0DFF
u_dut/lut_l0_954,LUT6,SLICE_X4Y227,SLICEL.A6LUT,64'h0202710202EE15A2
u_dut/lut_l0_955,LUT6,SLICE_X10Y225,SLICEM.C6LUT,64'h6C553F0F57150607
u_dut/lut_l0_956,LUT6,SLICE_X8Y230,SLICEM.C6LUT,64'h032955FC577D0377
u_dut/lut_l0_957,LUT6,SLICE_X14Y230,SLICEM.C6LUT,64'h1175C76533EFCFCF
u_dut/lut_l0_958,LUT6,SLICE_X7Y232,SLICEL.A6LUT,64'h0C0F0F0FCCFFFFFF
u_dut/lut_l0_959,LUT6,SLICE_X8Y227,SLICEM.D6LUT,64'h00F5191900531B1B
u_dut/lut_l0_96,LUT6,SLICE_X30Y221,SLICEL.B6LUT,64'hE5931D0CA2106A00
u_dut/lut_l0_960,LUT6,SLICE_X23Y230,SLICEL.D6LUT,64'hA0FB03C1B0FF0F00
u_dut/lut_l0_961,LUT6,SLICE_X6Y232,SLICEM.A6LUT,64'hBF8500008F4C0091
u_dut/lut_l0_962,LUT6,SLICE_X18Y233,SLICEM.A6LUT,64'h01800183013341C3
u_dut/lut_l0_963,LUT6,SLICE_X16Y226,SLICEM.C6LUT,64'hC8D98833001000B8
u_dut/lut_l0_964,LUT6,SLICE_X11Y228,SLICEL.A6LUT,64'h0006000000660000
u_dut/lut_l0_965,LUT6,SLICE_X5Y232,SLICEL.C6LUT,64'h332A04EE300A6577
u_dut/lut_l0_966,LUT6,SLICE_X16Y234,SLICEM.D6LUT,64'h00100110001101BE
u_dut/lut_l0_967,LUT6,SLICE_X12Y234,SLICEM.B6LUT,64'h000000F800000080
u_dut/lut_l0_968,LUT6,SLICE_X4Y231,SLICEL.A6LUT,64'hAA0188CFA863C8CF
u_dut/lut_l0_969,LUT6,SLICE_X17Y226,SLICEL.D6LUT,64'hEA0030FF200CFB23
u_dut/lut_l0_97,LUT6,SLICE_X30Y221,SLICEL.C6LUT,64'h0FF10ECE0DB7C248
u_dut/lut_l0_970,LUT6,SLICE_X17Y233,SLICEL.D6LUT,64'h5010088655005003
u_dut/lut_l0_971,LUT6,SLICE_X6Y231,SLICEM.A6LUT,64'h0022740010497447
u_dut/lut_l0_972,LUT6,SLICE_X20Y232,SLICEM.D6LUT,64'hA0A0000507000F04
u_dut/lut_l0_973,LUT6,SLICE_X18Y235,SLICEM.D6LUT,64'h010007A881E803A8
u_dut/lut_l0_974,LUT6,SLICE_X14Y224,SLICEM.C6LUT,64'h0100014503040155
u_dut/lut_l0_975,LUT6,SLICE_X16Y232,SLICEM.B6LUT,64'h7FFFFF5F7FFFFFDF
u_dut/lut_l0_976,LUT6,SLICE_X23Y233,SLICEL.C6LUT,64'h4400000000080000
u_dut/lut_l0_977,LUT6,SLICE_X15Y226,SLICEL.C6LUT,64'h010F052F01FF459B
u_dut/lut_l0_978,LUT6,SLICE_X21Y218,SLICEL.D6LUT,64'h989D9C1D50053015
u_dut/lut_l0_979,LUT6,SLICE_X15Y232,SLICEL.A6LUT,64'h5D15000054400115
u_dut/lut_l0_98,LUT6,SLICE_X27Y221,SLICEL.B6LUT,64'h545DA5853987F3CF
u_dut/lut_l0_980,LUT6,SLICE_X21Y231,SLICEL.D6LUT,64'h00000C0002000203
u_dut/lut_l0_981,LUT6,SLICE_X13Y229,SLICEL.B6LUT,64'h1555331452927015
u_dut/lut_l0_982,LUT6,SLICE_X13Y227,SLICEL.D6LUT,64'h0A010B032019CA33
u_dut/lut_l0_983,LUT6,SLICE_X8Y226,SLICEM.C6LUT,64'hA09084C455000CCC
u_dut/lut_l0_984,LUT6,SLICE_X18Y230,SLICEM.D6LUT,64'h1234BAB40AB3B9B9
u_dut/lut_l0_985,LUT6,SLICE_X19Y216,SLICEL.C6LUT,64'h1F7C082A5F0D594C
u_dut/lut_l0_986,LUT6,SLICE_X6Y228,SLICEM.C6LUT,64'hE8D8B0B9CA091999
u_dut/lut_l0_987,LUT6,SLICE_X6Y229,SLICEM.A6LUT,64'h00F020E3E0EF2063
u_dut/lut_l0_988,LUT6,SLICE_X20Y228,SLICEM.D6LUT,64'h30030202700E4000
u_dut/lut_l0_989,LUT6,SLICE_X10Y228,SLICEM.C6LUT,64'h0202113702B70017
u_dut/lut_l0_99,LUT6,SLICE_X28Y223,SLICEL.D6LUT,64'h10701177E6C8EE88
u_dut/lut_l0_990,LUT6,SLICE_X10Y225,SLICEM.D6LUT,64'h4C4F4455247D1266
u_dut/lut_l0_991,LUT6,SLICE_X12Y228,SLICEM.C6LUT,64'h00550455465F2AAF
u_dut/lut_l0_992,LUT6,SLICE_X18Y232,SLICEM.C6LUT,64'h10111314D0157F10
u_dut/lut_l0_993,LUT6,SLICE_X21Y234,SLICEL.D6LUT,64'h0000000000030000
u_dut/lut_l0_994,LUT6,SLICE_X18Y232,SLICEM.D6LUT,64'h08081008CC5DFF4F
u_dut/lut_l0_995,LUT6,SLICE_X23Y233,SLICEL.D6LUT,64'h1100020000020003
u_dut/lut_l0_996,LUT6,SLICE_X19Y230,SLICEL.D6LUT,64'h0000880D8847880D
u_dut/lut_l0_997,LUT6,SLICE_X24Y230,SLICEL.C6LUT,64'h0001000000010000
u_dut/lut_l0_998,LUT6,SLICE_X17Y231,SLICEL.D6LUT,64'hCFCA01090722D1D5
u_dut/lut_l0_999,LUT6,SLICE_X13Y233,SLICEL.A6LUT,64'h1353FF03E8E0FFFF
u_dut/o0_r_reg[0],FDRE,SLICE_X21Y229,SLICEL.AFF,1'b0
u_dut/o0_r_reg[100],FDRE,SLICE_X28Y222,SLICEL.AFF,1'b0
u_dut/o0_r_reg[101],FDRE,SLICE_X27Y222,SLICEL.AFF,1'b0
u_dut/o0_r_reg[102],FDRE,SLICE_X17Y220,SLICEL.AFF,1'b0
u_dut/o0_r_reg[103],FDRE,SLICE_X23Y221,SLICEL.AFF,1'b0
u_dut/o0_r_reg[104],FDRE,SLICE_X28Y220,SLICEL.AFF,1'b0
u_dut/o0_r_reg[105],FDRE,SLICE_X27Y227,SLICEL.AFF,1'b0
u_dut/o0_r_reg[106],FDRE,SLICE_X25Y221,SLICEL.AFF,1'b0
u_dut/o0_r_reg[107],FDRE,SLICE_X17Y220,SLICEL.BFF,1'b0
u_dut/o0_r_reg[108],FDRE,SLICE_X32Y221,SLICEL.AFF,1'b0
u_dut/o0_r_reg[109],FDRE,SLICE_X20Y221,SLICEM.AFF,1'b0
u_dut/o0_r_reg[10],FDRE,SLICE_X32Y222,SLICEL.AFF,1'b0
u_dut/o0_r_reg[110],FDRE,SLICE_X29Y221,SLICEL.AFF,1'b0
u_dut/o0_r_reg[111],FDRE,SLICE_X28Y223,SLICEL.AFF,1'b0
u_dut/o0_r_reg[112],FDRE,SLICE_X21Y221,SLICEL.AFF,1'b0
u_dut/o0_r_reg[113],FDRE,SLICE_X26Y221,SLICEL.AFF,1'b0
u_dut/o0_r_reg[114],FDRE,SLICE_X31Y219,SLICEL.AFF,1'b0
u_dut/o0_r_reg[115],FDRE,SLICE_X21Y218,SLICEL.AFF,1'b0
u_dut/o0_r_reg[116],FDRE,SLICE_X33Y221,SLICEL.AFF,1'b0
u_dut/o0_r_reg[117],FDRE,SLICE_X18Y226,SLICEM.AFF,1'b0
u_dut/o0_r_reg[118],FDRE,SLICE_X26Y221,SLICEL.BFF,1'b0
u_dut/o0_r_reg[119],FDRE,SLICE_X23Y226,SLICEL.AFF,1'b0
u_dut/o0_r_reg[11],FDRE,SLICE_X19Y217,SLICEL.AFF,1'b0
u_dut/o0_r_reg[120],FDRE,SLICE_X32Y226,SLICEL.AFF,1'b0
u_dut/o0_r_reg[121],FDRE,SLICE_X26Y223,SLICEL.AFF,1'b0
u_dut/o0_r_reg[122],FDRE,SLICE_X31Y219,SLICEL.BFF,1'b0
u_dut/o0_r_reg[123],FDRE,SLICE_X26Y220,SLICEL.AFF,1'b0
u_dut/o0_r_reg[124],FDRE,SLICE_X25Y219,SLICEL.AFF,1'b0
u_dut/o0_r_reg[125],FDRE,SLICE_X26Y221,SLICEL.CFF,1'b0
u_dut/o0_r_reg[126],FDRE,SLICE_X29Y220,SLICEL.AFF,1'b0
u_dut/o0_r_reg[127],FDRE,SLICE_X26Y220,SLICEL.BFF,1'b0
u_dut/o0_r_reg[128],FDRE,SLICE_X24Y220,SLICEL.AFF,1'b0
u_dut/o0_r_reg[129],FDRE,SLICE_X30Y219,SLICEL.AFF,1'b0
u_dut/o0_r_reg[12],FDRE,SLICE_X28Y218,SLICEL.AFF,1'b0
u_dut/o0_r_reg[130],FDRE,SLICE_X35Y225,SLICEL.AFF,1'b0
u_dut/o0_r_reg[131],FDRE,SLICE_X24Y222,SLICEL.AFF,1'b0
u_dut/o0_r_reg[132],FDRE,SLICE_X29Y220,SLICEL.BFF,1'b0
u_dut/o0_r_reg[133],FDRE,SLICE_X30Y221,SLICEL.AFF,1'b0
u_dut/o0_r_reg[134],FDRE,SLICE_X19Y220,SLICEL.AFF,1'b0
u_dut/o0_r_reg[135],FDRE,SLICE_X32Y219,SLICEL.AFF,1'b0
u_dut/o0_r_reg[136],FDRE,SLICE_X28Y219,SLICEL.AFF,1'b0
u_dut/o0_r_reg[137],FDRE,SLICE_X20Y220,SLICEM.AFF,1'b0
u_dut/o0_r_reg[138],FDRE,SLICE_X26Y222,SLICEL.AFF,1'b0
u_dut/o0_r_reg[139],FDRE,SLICE_X28Y221,SLICEL.AFF,1'b0
u_dut/o0_r_reg[13],FDRE,SLICE_X26Y219,SLICEL.AFF,1'b0
u_dut/o0_r_reg[140],FDRE,SLICE_X29Y221,SLICEL.BFF,1'b0
u_dut/o0_r_reg[141],FDRE,SLICE_X28Y219,SLICEL.BFF,1'b0
u_dut/o0_r_reg[142],FDRE,SLICE_X18Y222,SLICEM.AFF,1'b0
u_dut/o0_r_reg[143],FDRE,SLICE_X26Y220,SLICEL.CFF,1'b0
u_dut/o0_r_reg[144],FDRE,SLICE_X20Y226,SLICEM.AFF,1'b0
u_dut/o0_r_reg[145],FDRE,SLICE_X30Y225,SLICEL.AFF,1'b0
u_dut/o0_r_reg[146],FDRE,SLICE_X30Y219,SLICEL.BFF,1'b0
u_dut/o0_r_reg[147],FDRE,SLICE_X26Y225,SLICEL.AFF,1'b0
u_dut/o0_r_reg[148],FDRE,SLICE_X31Y225,SLICEL.AFF,1'b0
u_dut/o0_r_reg[149],FDRE,SLICE_X25Y224,SLICEL.AFF,1'b0
u_dut/o0_r_reg[14],FDRE,SLICE_X25Y219,SLICEL.BFF,1'b0
u_dut/o0_r_reg[150],FDRE,SLICE_X28Y226,SLICEL.AFF,1'b0
u_dut/o0_r_reg[151],FDRE,SLICE_X30Y226,SLICEL.AFF,1'b0
u_dut/o0_r_reg[152],FDRE,SLICE_X26Y218,SLICEL.AFF,1'b0
u_dut/o0_r_reg[153],FDRE,SLICE_X25Y219,SLICEL.CFF,1'b0
u_dut/o0_r_reg[154],FDRE,SLICE_X26Y222,SLICEL.BFF,1'b0
u_dut/o0_r_reg[155],FDRE,SLICE_X31Y221,SLICEL.AFF,1'b0
u_dut/o0_r_reg[156],FDRE,SLICE_X38Y220,SLICEM.AFF,1'b0
u_dut/o0_r_reg[157],FDRE,SLICE_X25Y221,SLICEL.BFF,1'b0
u_dut/o0_r_reg[158],FDRE,SLICE_X34Y219,SLICEL.AFF,1'b0
u_dut/o0_r_reg[159],FDRE,SLICE_X27Y219,SLICEL.AFF,1'b0
u_dut/o0_r_reg[15],FDRE,SLICE_X38Y219,SLICEM.AFF,1'b0
u_dut/o0_r_reg[160],FDRE,SLICE_X26Y220,SLICEL.DFF,1'b0
u_dut/o0_r_reg[161],FDRE,SLICE_X18Y220,SLICEM.AFF,1'b0
u_dut/o0_r_reg[162],FDRE,SLICE_X30Y220,SLICEL.AFF,1'b0
u_dut/o0_r_reg[163],FDRE,SLICE_X25Y221,SLICEL.CFF,1'b0
u_dut/o0_r_reg[164],FDRE,SLICE_X29Y221,SLICEL.CFF,1'b0
u_dut/o0_r_reg[165],FDRE,SLICE_X10Y219,SLICEM.AFF,1'b0
u_dut/o0_r_reg[166],FDRE,SLICE_X29Y220,SLICEL.CFF,1'b0
u_dut/o0_r_reg[167],FDRE,SLICE_X27Y222,SLICEL.BFF,1'b0
u_dut/o0_r_reg[168],FDRE,SLICE_X25Y220,SLICEL.AFF,1'b0
u_dut/o0_r_reg[169],FDRE,SLICE_X30Y224,SLICEL.AFF,1'b0
u_dut/o0_r_reg[16],FDRE,SLICE_X28Y219,SLICEL.CFF,1'b0
u_dut/o0_r_reg[170],FDRE,SLICE_X32Y219,SLICEL.BFF,1'b0
u_dut/o0_r_reg[171],FDRE,SLICE_X32Y224,SLICEL.AFF,1'b0
u_dut/o0_r_reg[172],FDRE,SLICE_X29Y223,SLICEL.AFF,1'b0
u_dut/o0_r_reg[173],FDRE,SLICE_X25Y224,SLICEL.BFF,1'b0
u_dut/o0_r_reg[174],FDRE,SLICE_X25Y219,SLICEL.DFF,1'b0
u_dut/o0_r_reg[175],FDRE,SLICE_X16Y224,SLICEM.AFF,1'b0
u_dut/o0_r_reg[176],FDRE,SLICE_X20Y220,SLICEM.BFF,1'b0
u_dut/o0_r_reg[177],FDRE,SLICE_X27Y224,SLICEL.AFF,1'b0
u_dut/o0_r_reg[178],FDRE,SLICE_X26Y224,SLICEL.AFF,1'b0
u_dut/o0_r_reg[179],FDRE,SLICE_X16Y223,SLICEM.AFF,1'b0
u_dut/o0_r_reg[17],FDRE,SLICE_X20Y219,SLICEM.AFF,1'b0
u_dut/o0_r_reg[180],FDRE,SLICE_X33Y226,SLICEL.AFF,1'b0
u_dut/o0_r_reg[181],FDRE,SLICE_X33Y226,SLICEL.BFF,1'b0
u_dut/o0_r_reg[182],FDRE,SLICE_X29Y229,SLICEL.AFF,1'b0
u_dut/o0_r_reg[183],FDRE,SLICE_X28Y223,SLICEL.BFF,1'b0
u_dut/o0_r_reg[184],FDRE,SLICE_X34Y226,SLICEL.AFF,1'b0
u_dut/o0_r_reg[185],FDRE,SLICE_X25Y226,SLICEL.AFF,1'b0
u_dut/o0_r_reg[186],FDRE,SLICE_X28Y222,SLICEL.BFF,1'b0
u_dut/o0_r_reg[187],FDRE,SLICE_X21Y221,SLICEL.BFF,1'b0
u_dut/o0_r_reg[188],FDRE,SLICE_X26Y222,SLICEL.CFF,1'b0
u_dut/o0_r_reg[189],FDRE,SLICE_X28Y222,SLICEL.CFF,1'b0
u_dut/o0_r_reg[18],FDRE,SLICE_X24Y225,SLICEL.AFF,1'b0
u_dut/o0_r_reg[190],FDRE,SLICE_X26Y223,SLICEL.BFF,1'b0
u_dut/o0_r_reg[191],FDRE,SLICE_X19Y221,SLICEL.AFF,1'b0
u_dut/o0_r_reg[192],FDRE,SLICE_X34Y225,SLICEL.AFF,1'b0
u_dut/o0_r_reg[193],FDRE,SLICE_X22Y224,SLICEM.AFF,1'b0
u_dut/o0_r_reg[194],FDRE,SLICE_X27Y219,SLICEL.BFF,1'b0
u_dut/o0_r_reg[195],FDRE,SLICE_X28Y226,SLICEL.BFF,1'b0
u_dut/o0_r_reg[196],FDRE,SLICE_X20Y224,SLICEM.AFF,1'b0
u_dut/o0_r_reg[197],FDRE,SLICE_X26Y225,SLICEL.BFF,1'b0
u_dut/o0_r_reg[198],FDRE,SLICE_X30Y224,SLICEL.BFF,1'b0
u_dut/o0_r_reg[199],FDRE,SLICE_X30Y222,SLICEL.AFF,1'b0
u_dut/o0_r_reg[19],FDRE,SLICE_X20Y223,SLICEM.AFF,1'b0
u_dut/o0_r_reg[1],FDRE,SLICE_X32Y220,SLICEL.AFF,1'b0
u_dut/o0_r_reg[200],FDRE,SLICE_X32Y217,SLICEL.AFF,1'b0
u_dut/o0_r_reg[201],FDRE,SLICE_X32Y229,SLICEL.AFF,1'b0
u_dut/o0_r_reg[202],FDRE,SLICE_X31Y230,SLICEL.AFF,1'b0
u_dut/o0_r_reg[203],FDRE,SLICE_X31Y225,SLICEL.BFF,1'b0
u_dut/o0_r_reg[204],FDRE,SLICE_X26Y230,SLICEL.AFF,1'b0
u_dut/o0_r_reg[205],FDRE,SLICE_X28Y229,SLICEL.AFF,1'b0
u_dut/o0_r_reg[206],FDRE,SLICE_X28Y234,SLICEL.AFF,1'b0
u_dut/o0_r_reg[207],FDRE,SLICE_X31Y227,SLICEL.AFF,1'b0
u_dut/o0_r_reg[208],FDRE,SLICE_X28Y229,SLICEL.BFF,1'b0
u_dut/o0_r_reg[209],FDRE,SLICE_X31Y229,SLICEL.AFF,1'b0
u_dut/o0_r_reg[20],FDRE,SLICE_X28Y225,SLICEL.AFF,1'b0
u_dut/o0_r_reg[210],FDRE,SLICE_X26Y231,SLICEL.AFF,1'b0
u_dut/o0_r_reg[211],FDRE,SLICE_X26Y230,SLICEL.BFF,1'b0
u_dut/o0_r_reg[212],FDRE,SLICE_X29Y233,SLICEL.AFF,1'b0
u_dut/o0_r_reg[213],FDRE,SLICE_X32Y233,SLICEL.AFF,1'b0
u_dut/o0_r_reg[214],FDRE,SLICE_X28Y233,SLICEL.AFF,1'b0
u_dut/o0_r_reg[215],FDRE,SLICE_X33Y232,SLICEL.AFF,1'b0
u_dut/o0_r_reg[216],FDRE,SLICE_X28Y233,SLICEL.BFF,1'b0
u_dut/o0_r_reg[217],FDRE,SLICE_X26Y231,SLICEL.BFF,1'b0
u_dut/o0_r_reg[218],FDRE,SLICE_X32Y230,SLICEL.AFF,1'b0
u_dut/o0_r_reg[219],FDRE,SLICE_X24Y228,SLICEL.AFF,1'b0
u_dut/o0_r_reg[21],FDRE,SLICE_X16Y225,SLICEM.AFF,1'b0
u_dut/o0_r_reg[220],FDRE,SLICE_X32Y225,SLICEL.AFF,1'b0
u_dut/o0_r_reg[221],FDRE,SLICE_X32Y232,SLICEL.AFF,1'b0
u_dut/o0_r_reg[222],FDRE,SLICE_X32Y231,SLICEL.AFF,1'b0
u_dut/o0_r_reg[223],FDRE,SLICE_X31Y229,SLICEL.BFF,1'b0
u_dut/o0_r_reg[224],FDRE,SLICE_X29Y229,SLICEL.BFF,1'b0
u_dut/o0_r_reg[225],FDRE,SLICE_X24Y225,SLICEL.BFF,1'b0
u_dut/o0_r_reg[226],FDRE,SLICE_X24Y231,SLICEL.AFF,1'b0
u_dut/o0_r_reg[227],FDRE,SLICE_X33Y229,SLICEL.AFF,1'b0
u_dut/o0_r_reg[228],FDRE,SLICE_X24Y228,SLICEL.BFF,1'b0
u_dut/o0_r_reg[229],FDRE,SLICE_X35Y228,SLICEL.AFF,1'b0
u_dut/o0_r_reg[22],FDRE,SLICE_X25Y224,SLICEL.CFF,1'b0
u_dut/o0_r_reg[230],FDRE,SLICE_X29Y227,SLICEL.AFF,1'b0
u_dut/o0_r_reg[231],FDRE,SLICE_X24Y232,SLICEL.AFF,1'b0
u_dut/o0_r_reg[232],FDRE,SLICE_X27Y232,SLICEL.AFF,1'b0
u_dut/o0_r_reg[233],FDRE,SLICE_X22Y232,SLICEM.AFF,1'b0
u_dut/o0_r_reg[234],FDRE,SLICE_X28Y232,SLICEL.AFF,1'b0
u_dut/o0_r_reg[235],FDRE,SLICE_X27Y231,SLICEL.AFF,1'b0
u_dut/o0_r_reg[236],FDRE,SLICE_X24Y232,SLICEL.BFF,1'b0
u_dut/o0_r_reg[237],FDRE,SLICE_X26Y232,SLICEL.AFF,1'b0
u_dut/o0_r_reg[238],FDRE,SLICE_X24Y228,SLICEL.CFF,1'b0
u_dut/o0_r_reg[239],FDRE,SLICE_X26Y231,SLICEL.CFF,1'b0
u_dut/o0_r_reg[23],FDRE,SLICE_X28Y224,SLICEL.AFF,1'b0
u_dut/o0_r_reg[240],FDRE,SLICE_X22Y232,SLICEM.BFF,1'b0
u_dut/o0_r_reg[241],FDRE,SLICE_X26Y229,SLICEL.AFF,1'b0
u_dut/o0_r_reg[242],FDRE,SLICE_X35Y230,SLICEL.AFF,1'b0
u_dut/o0_r_reg[243],FDRE,SLICE_X35Y230,SLICEL.BFF,1'b0
u_dut/o0_r_reg[244],FDRE,SLICE_X35Y230,SLICEL.CFF,1'b0
u_dut/o0_r_reg[245],FDRE,SLICE_X28Y231,SLICEL.AFF,1'b0
u_dut/o0_r_reg[246],FDRE,SLICE_X27Y229,SLICEL.AFF,1'b0
u_dut/o0_r_reg[247],FDRE,SLICE_X35Y231,SLICEL.AFF,1'b0
u_dut/o0_r_reg[248],FDRE,SLICE_X26Y229,SLICEL.BFF,1'b0
u_dut/o0_r_reg[249],FDRE,SLICE_X30Y229,SLICEL.AFF,1'b0
u_dut/o0_r_reg[24],FDRE,SLICE_X20Y223,SLICEM.BFF,1'b0
u_dut/o0_r_reg[250],FDRE,SLICE_X36Y228,SLICEL.AFF,1'b0
u_dut/o0_r_reg[251],FDRE,SLICE_X26Y230,SLICEL.CFF,1'b0
u_dut/o0_r_reg[252],FDRE,SLICE_X19Y225,SLICEL.AFF,1'b0
u_dut/o0_r_reg[253],FDRE,SLICE_X24Y230,SLICEL.AFF,1'b0
u_dut/o0_r_reg[254],FDRE,SLICE_X29Y232,SLICEL.AFF,1'b0
u_dut/o0_r_reg[255],FDRE,SLICE_X31Y230,SLICEL.BFF,1'b0
u_dut/o0_r_reg[256],FDRE,SLICE_X29Y230,SLICEL.AFF,1'b0
u_dut/o0_r_reg[257],FDRE,SLICE_X28Y233,SLICEL.CFF,1'b0
u_dut/o0_r_reg[258],FDRE,SLICE_X25Y226,SLICEL.BFF,1'b0
u_dut/o0_r_reg[259],FDRE,SLICE_X32Y227,SLICEL.AFF,1'b0
u_dut/o0_r_reg[25],FDRE,SLICE_X16Y223,SLICEM.BFF,1'b0
u_dut/o0_r_reg[260],FDRE,SLICE_X30Y232,SLICEL.AFF,1'b0
u_dut/o0_r_reg[261],FDRE,SLICE_X25Y230,SLICEL.AFF,1'b0
u_dut/o0_r_reg[262],FDRE,SLICE_X31Y232,SLICEL.AFF,1'b0
u_dut/o0_r_reg[263],FDRE,SLICE_X18Y219,SLICEM.AFF,1'b0
u_dut/o0_r_reg[264],FDRE,SLICE_X36Y226,SLICEL.AFF,1'b0
u_dut/o0_r_reg[265],FDRE,SLICE_X28Y231,SLICEL.BFF,1'b0
u_dut/o0_r_reg[266],FDRE,SLICE_X36Y230,SLICEL.AFF,1'b0
u_dut/o0_r_reg[267],FDRE,SLICE_X34Y232,SLICEL.AFF,1'b0
u_dut/o0_r_reg[268],FDRE,SLICE_X34Y232,SLICEL.BFF,1'b0
u_dut/o0_r_reg[269],FDRE,SLICE_X21Y231,SLICEL.AFF,1'b0
u_dut/o0_r_reg[26],FDRE,SLICE_X26Y225,SLICEL.CFF,1'b0
u_dut/o0_r_reg[270],FDRE,SLICE_X34Y232,SLICEL.CFF,1'b0
u_dut/o0_r_reg[271],FDRE,SLICE_X35Y229,SLICEL.AFF,1'b0
u_dut/o0_r_reg[272],FDRE,SLICE_X32Y229,SLICEL.BFF,1'b0
u_dut/o0_r_reg[273],FDRE,SLICE_X30Y228,SLICEL.AFF,1'b0
u_dut/o0_r_reg[274],FDRE,SLICE_X33Y228,SLICEL.AFF,1'b0
u_dut/o0_r_reg[275],FDRE,SLICE_X31Y225,SLICEL.CFF,1'b0
u_dut/o0_r_reg[276],FDRE,SLICE_X34Y228,SLICEL.AFF,1'b0
u_dut/o0_r_reg[277],FDRE,SLICE_X33Y228,SLICEL.BFF,1'b0
u_dut/o0_r_reg[278],FDRE,SLICE_X30Y231,SLICEL.AFF,1'b0
u_dut/o0_r_reg[279],FDRE,SLICE_X26Y233,SLICEL.AFF,1'b0
u_dut/o0_r_reg[27],FDRE,SLICE_X30Y223,SLICEL.AFF,1'b0
u_dut/o0_r_reg[280],FDRE,SLICE_X29Y234,SLICEL.AFF,1'b0
u_dut/o0_r_reg[281],FDRE,SLICE_X28Y234,SLICEL.BFF,1'b0
u_dut/o0_r_reg[282],FDRE,SLICE_X28Y230,SLICEL.AFF,1'b0
u_dut/o0_r_reg[283],FDRE,SLICE_X27Y229,SLICEL.BFF,1'b0
u_dut/o0_r_reg[284],FDRE,SLICE_X26Y233,SLICEL.BFF,1'b0
u_dut/o0_r_reg[285],FDRE,SLICE_X24Y233,SLICEL.AFF,1'b0
u_dut/o0_r_reg[286],FDRE,SLICE_X29Y232,SLICEL.BFF,1'b0
u_dut/o0_r_reg[287],FDRE,SLICE_X27Y229,SLICEL.CFF,1'b0
u_dut/o0_r_reg[288],FDRE,SLICE_X30Y232,SLICEL.BFF,1'b0
u_dut/o0_r_reg[289],FDRE,SLICE_X27Y227,SLICEL.BFF,1'b0
u_dut/o0_r_reg[28],FDRE,SLICE_X26Y218,SLICEL.BFF,1'b0
u_dut/o0_r_reg[290],FDRE,SLICE_X28Y230,SLICEL.BFF,1'b0
u_dut/o0_r_reg[291],FDRE,SLICE_X27Y230,SLICEL.AFF,1'b0
u_dut/o0_r_reg[292],FDRE,SLICE_X26Y231,SLICEL.DFF,1'b0
u_dut/o0_r_reg[293],FDRE,SLICE_X29Y231,SLICEL.AFF,1'b0
u_dut/o0_r_reg[294],FDRE,SLICE_X27Y229,SLICEL.DFF,1'b0
u_dut/o0_r_reg[295],FDRE,SLICE_X28Y231,SLICEL.CFF,1'b0
u_dut/o0_r_reg[296],FDRE,SLICE_X23Y231,SLICEL.AFF,1'b0
u_dut/o0_r_reg[297],FDRE,SLICE_X24Y231,SLICEL.BFF,1'b0
u_dut/o0_r_reg[298],FDRE,SLICE_X24Y228,SLICEL.DFF,1'b0
u_dut/o0_r_reg[299],FDRE,SLICE_X33Y230,SLICEL.AFF,1'b0
u_dut/o0_r_reg[29],FDRE,SLICE_X26Y223,SLICEL.CFF,1'b0
u_dut/o0_r_reg[2],FDRE,SLICE_X28Y218,SLICEL.BFF,1'b0
u_dut/o0_r_reg[300],FDRE,SLICE_X30Y230,SLICEL.AFF,1'b0
u_dut/o0_r_reg[301],FDRE,SLICE_X34Y229,SLICEL.AFF,1'b0
u_dut/o0_r_reg[302],FDRE,SLICE_X30Y229,SLICEL.BFF,1'b0
u_dut/o0_r_reg[303],FDRE,SLICE_X36Y225,SLICEL.AFF,1'b0
u_dut/o0_r_reg[304],FDRE,SLICE_X27Y230,SLICEL.BFF,1'b0
u_dut/o0_r_reg[305],FDRE,SLICE_X34Y229,SLICEL.BFF,1'b0
u_dut/o0_r_reg[306],FDRE,SLICE_X30Y230,SLICEL.BFF,1'b0
u_dut/o0_r_reg[307],FDRE,SLICE_X28Y230,SLICEL.CFF,1'b0
u_dut/o0_r_reg[308],FDRE,SLICE_X33Y231,SLICEL.AFF,1'b0
u_dut/o0_r_reg[309],FDRE,SLICE_X31Y232,SLICEL.BFF,1'b0
u_dut/o0_r_reg[30],FDRE,SLICE_X34Y231,SLICEL.AFF,1'b0
u_dut/o0_r_reg[310],FDRE,SLICE_X32Y226,SLICEL.BFF,1'b0
u_dut/o0_r_reg[311],FDRE,SLICE_X23Y231,SLICEL.BFF,1'b0
u_dut/o0_r_reg[312],FDRE,SLICE_X34Y231,SLICEL.BFF,1'b0
u_dut/o0_r_reg[313],FDRE,SLICE_X30Y224,SLICEL.CFF,1'b0
u_dut/o0_r_reg[314],FDRE,SLICE_X34Y229,SLICEL.CFF,1'b0
u_dut/o0_r_reg[315],FDRE,SLICE_X31Y229,SLICEL.CFF,1'b0
u_dut/o0_r_reg[316],FDRE,SLICE_X30Y226,SLICEL.BFF,1'b0
u_dut/o0_r_reg[317],FDRE,SLICE_X29Y230,SLICEL.BFF,1'b0
u_dut/o0_r_reg[318],FDRE,SLICE_X24Y227,SLICEL.AFF,1'b0
u_dut/o0_r_reg[319],FDRE,SLICE_X31Y229,SLICEL.DFF,1'b0
u_dut/o0_r_reg[31],FDRE,SLICE_X28Y223,SLICEL.CFF,1'b0
u_dut/o0_r_reg[320],FDRE,SLICE_X32Y228,SLICEL.AFF,1'b0
u_dut/o0_r_reg[321],FDRE,SLICE_X33Y220,SLICEL.AFF,1'b0
u_dut/o0_r_reg[322],FDRE,SLICE_X36Y228,SLICEL.BFF,1'b0
u_dut/o0_r_reg[323],FDRE,SLICE_X26Y226,SLICEL.AFF,1'b0
u_dut/o0_r_reg[324],FDRE,SLICE_X32Y228,SLICEL.BFF,1'b0
u_dut/o0_r_reg[325],FDRE,SLICE_X31Y227,SLICEL.BFF,1'b0
u_dut/o0_r_reg[326],FDRE,SLICE_X35Y226,SLICEL.AFF,1'b0
u_dut/o0_r_reg[327],FDRE,SLICE_X21Y231,SLICEL.BFF,1'b0
u_dut/o0_r_reg[328],FDRE,SLICE_X34Y231,SLICEL.CFF,1'b0
u_dut/o0_r_reg[329],FDRE,SLICE_X28Y231,SLICEL.DFF,1'b0
u_dut/o0_r_reg[32],FDRE,SLICE_X34Y218,SLICEL.AFF,1'b0
u_dut/o0_r_reg[330],FDRE,SLICE_X21Y229,SLICEL.BFF,1'b0
u_dut/o0_r_reg[331],FDRE,SLICE_X30Y229,SLICEL.CFF,1'b0
u_dut/o0_r_reg[332],FDRE,SLICE_X19Y232,SLICEL.AFF,1'b0
u_dut/o0_r_reg[333],FDRE,SLICE_X31Y232,SLICEL.CFF,1'b0
u_dut/o0_r_reg[334],FDRE,SLICE_X27Y232,SLICEL.BFF,1'b0
u_dut/o0_r_reg[335],FDRE,SLICE_X32Y218,SLICEL.AFF,1'b0
u_dut/o0_r_reg[336],FDRE,SLICE_X31Y232,SLICEL.DFF,1'b0
u_dut/o0_r_reg[337],FDRE,SLICE_X30Y231,SLICEL.BFF,1'b0
u_dut/o0_r_reg[338],FDRE,SLICE_X31Y230,SLICEL.CFF,1'b0
u_dut/o0_r_reg[339],FDRE,SLICE_X29Y232,SLICEL.CFF,1'b0
u_dut/o0_r_reg[33],FDRE,SLICE_X29Y221,SLICEL.DFF,1'b0
u_dut/o0_r_reg[340],FDRE,SLICE_X30Y232,SLICEL.CFF,1'b0
u_dut/o0_r_reg[341],FDRE,SLICE_X24Y230,SLICEL.BFF,1'b0
u_dut/o0_r_reg[342],FDRE,SLICE_X34Y230,SLICEL.AFF,1'b0
u_dut/o0_r_reg[343],FDRE,SLICE_X34Y231,SLICEL.DFF,1'b0
u_dut/o0_r_reg[344],FDRE,SLICE_X30Y234,SLICEL.AFF,1'b0
u_dut/o0_r_reg[345],FDRE,SLICE_X30Y229,SLICEL.DFF,1'b0
u_dut/o0_r_reg[346],FDRE,SLICE_X28Y234,SLICEL.CFF,1'b0
u_dut/o0_r_reg[347],FDRE,SLICE_X30Y231,SLICEL.CFF,1'b0
u_dut/o0_r_reg[348],FDRE,SLICE_X28Y234,SLICEL.DFF,1'b0
u_dut/o0_r_reg[349],FDRE,SLICE_X28Y230,SLICEL.DFF,1'b0
u_dut/o0_r_reg[34],FDRE,SLICE_X27Y221,SLICEL.AFF,1'b0
u_dut/o0_r_reg[350],FDRE,SLICE_X30Y232,SLICEL.DFF,1'b0
u_dut/o0_r_reg[351],FDRE,SLICE_X32Y229,SLICEL.CFF,1'b0
u_dut/o0_r_reg[352],FDRE,SLICE_X33Y228,SLICEL.CFF,1'b0
u_dut/o0_r_reg[353],FDRE,SLICE_X34Y232,SLICEL.DFF,1'b0
u_dut/o0_r_reg[354],FDRE,SLICE_X26Y233,SLICEL.CFF,1'b0
u_dut/o0_r_reg[355],FDRE,SLICE_X32Y229,SLICEL.DFF,1'b0
u_dut/o0_r_reg[356],FDRE,SLICE_X26Y228,SLICEL.AFF,1'b0
u_dut/o0_r_reg[357],FDRE,SLICE_X27Y232,SLICEL.CFF,1'b0
u_dut/o0_r_reg[358],FDRE,SLICE_X24Y227,SLICEL.BFF,1'b0
u_dut/o0_r_reg[359],FDRE,SLICE_X24Y231,SLICEL.CFF,1'b0
u_dut/o0_r_reg[35],FDRE,SLICE_X21Y219,SLICEL.AFF,1'b0
u_dut/o0_r_reg[360],FDRE,SLICE_X27Y230,SLICEL.CFF,1'b0
u_dut/o0_r_reg[361],FDRE,SLICE_X22Y228,SLICEM.AFF,1'b0
u_dut/o0_r_reg[362],FDRE,SLICE_X24Y231,SLICEL.DFF,1'b0
u_dut/o0_r_reg[363],FDRE,SLICE_X30Y230,SLICEL.CFF,1'b0
u_dut/o0_r_reg[364],FDRE,SLICE_X28Y233,SLICEL.DFF,1'b0
u_dut/o0_r_reg[365],FDRE,SLICE_X30Y233,SLICEL.AFF,1'b0
u_dut/o0_r_reg[366],FDRE,SLICE_X30Y228,SLICEL.BFF,1'b0
u_dut/o0_r_reg[367],FDRE,SLICE_X26Y233,SLICEL.DFF,1'b0
u_dut/o0_r_reg[368],FDRE,SLICE_X29Y230,SLICEL.CFF,1'b0
u_dut/o0_r_reg[369],FDRE,SLICE_X26Y230,SLICEL.DFF,1'b0
u_dut/o0_r_reg[36],FDRE,SLICE_X25Y220,SLICEL.BFF,1'b0
u_dut/o0_r_reg[370],FDRE,SLICE_X31Y230,SLICEL.DFF,1'b0
u_dut/o0_r_reg[371],FDRE,SLICE_X26Y229,SLICEL.CFF,1'b0
u_dut/o0_r_reg[372],FDRE,SLICE_X35Y230,SLICEL.DFF,1'b0
u_dut/o0_r_reg[373],FDRE,SLICE_X31Y225,SLICEL.DFF,1'b0
u_dut/o0_r_reg[374],FDRE,SLICE_X29Y229,SLICEL.CFF,1'b0
u_dut/o0_r_reg[375],FDRE,SLICE_X30Y230,SLICEL.DFF,1'b0
u_dut/o0_r_reg[376],FDRE,SLICE_X32Y215,SLICEL.AFF,1'b0
u_dut/o0_r_reg[377],FDRE,SLICE_X33Y220,SLICEL.BFF,1'b0
u_dut/o0_r_reg[378],FDRE,SLICE_X36Y229,SLICEL.AFF,1'b0
u_dut/o0_r_reg[379],FDRE,SLICE_X35Y229,SLICEL.BFF,1'b0
u_dut/o0_r_reg[37],FDRE,SLICE_X25Y223,SLICEL.AFF,1'b0
u_dut/o0_r_reg[380],FDRE,SLICE_X36Y228,SLICEL.CFF,1'b0
u_dut/o0_r_reg[381],FDRE,SLICE_X29Y230,SLICEL.DFF,1'b0
u_dut/o0_r_reg[382],FDRE,SLICE_X32Y228,SLICEL.CFF,1'b0
u_dut/o0_r_reg[383],FDRE,SLICE_X26Y229,SLICEL.DFF,1'b0
u_dut/o0_r_reg[384],FDRE,SLICE_X20Y215,SLICEM.AFF,1'b0
u_dut/o0_r_reg[385],FDRE,SLICE_X25Y230,SLICEL.BFF,1'b0
u_dut/o0_r_reg[386],FDRE,SLICE_X33Y228,SLICEL.DFF,1'b0
u_dut/o0_r_reg[387],FDRE,SLICE_X32Y227,SLICEL.BFF,1'b0
u_dut/o0_r_reg[388],FDRE,SLICE_X36Y228,SLICEL.DFF,1'b0
u_dut/o0_r_reg[389],FDRE,SLICE_X28Y229,SLICEL.CFF,1'b0
u_dut/o0_r_reg[38],FDRE,SLICE_X20Y223,SLICEM.CFF,1'b0
u_dut/o0_r_reg[390],FDRE,SLICE_X28Y229,SLICEL.DFF,1'b0
u_dut/o0_r_reg[391],FDRE,SLICE_X24Y225,SLICEL.CFF,1'b0
u_dut/o0_r_reg[392],FDRE,SLICE_X35Y225,SLICEL.BFF,1'b0
u_dut/o0_r_reg[393],FDRE,SLICE_X32Y227,SLICEL.CFF,1'b0
u_dut/o0_r_reg[394],FDRE,SLICE_X35Y229,SLICEL.CFF,1'b0
u_dut/o0_r_reg[395],FDRE,SLICE_X34Y230,SLICEL.BFF,1'b0
u_dut/o0_r_reg[396],FDRE,SLICE_X38Y228,SLICEM.AFF,1'b0
u_dut/o0_r_reg[397],FDRE,SLICE_X32Y228,SLICEL.DFF,1'b0
u_dut/o0_r_reg[398],FDRE,SLICE_X36Y231,SLICEL.AFF,1'b0
u_dut/o0_r_reg[399],FDRE,SLICE_X30Y231,SLICEL.DFF,1'b0
u_dut/o0_r_reg[39],FDRE,SLICE_X25Y222,SLICEL.AFF,1'b0
u_dut/o0_r_reg[3],FDRE,SLICE_X24Y220,SLICEL.BFF,1'b0
u_dut/o0_r_reg[400],FDRE,SLICE_X16Y216,SLICEM.AFF,1'b0
u_dut/o0_r_reg[401],FDRE,SLICE_X12Y216,SLICEM.AFF,1'b0
u_dut/o0_r_reg[402],FDRE,SLICE_X14Y224,SLICEM.AFF,1'b0
u_dut/o0_r_reg[403],FDRE,SLICE_X18Y220,SLICEM.BFF,1'b0
u_dut/o0_r_reg[404],FDRE,SLICE_X13Y218,SLICEL.AFF,1'b0
u_dut/o0_r_reg[405],FDRE,SLICE_X10Y219,SLICEM.BFF,1'b0
u_dut/o0_r_reg[406],FDRE,SLICE_X9Y221,SLICEL.AFF,1'b0
u_dut/o0_r_reg[407],FDRE,SLICE_X7Y220,SLICEL.AFF,1'b0
u_dut/o0_r_reg[408],FDRE,SLICE_X12Y219,SLICEM.AFF,1'b0
u_dut/o0_r_reg[409],FDRE,SLICE_X10Y220,SLICEM.AFF,1'b0
u_dut/o0_r_reg[40],FDRE,SLICE_X29Y223,SLICEL.BFF,1'b0
u_dut/o0_r_reg[410],FDRE,SLICE_X10Y223,SLICEM.AFF,1'b0
u_dut/o0_r_reg[411],FDRE,SLICE_X7Y221,SLICEL.AFF,1'b0
u_dut/o0_r_reg[412],FDRE,SLICE_X14Y219,SLICEM.AFF,1'b0
u_dut/o0_r_reg[413],FDRE,SLICE_X24Y215,SLICEL.AFF,1'b0
u_dut/o0_r_reg[414],FDRE,SLICE_X12Y216,SLICEM.BFF,1'b0
u_dut/o0_r_reg[415],FDRE,SLICE_X8Y218,SLICEM.AFF,1'b0
u_dut/o0_r_reg[416],FDRE,SLICE_X20Y216,SLICEM.AFF,1'b0
u_dut/o0_r_reg[417],FDRE,SLICE_X11Y220,SLICEL.AFF,1'b0
u_dut/o0_r_reg[418],FDRE,SLICE_X20Y216,SLICEM.BFF,1'b0
u_dut/o0_r_reg[419],FDRE,SLICE_X14Y219,SLICEM.BFF,1'b0
u_dut/o0_r_reg[41],FDRE,SLICE_X22Y224,SLICEM.BFF,1'b0
u_dut/o0_r_reg[420],FDRE,SLICE_X9Y220,SLICEL.AFF,1'b0
u_dut/o0_r_reg[421],FDRE,SLICE_X12Y219,SLICEM.BFF,1'b0
u_dut/o0_r_reg[422],FDRE,SLICE_X19Y216,SLICEL.AFF,1'b0
u_dut/o0_r_reg[423],FDRE,SLICE_X8Y226,SLICEM.AFF,1'b0
u_dut/o0_r_reg[424],FDRE,SLICE_X8Y213,SLICEM.AFF,1'b0
u_dut/o0_r_reg[425],FDRE,SLICE_X16Y217,SLICEM.AFF,1'b0
u_dut/o0_r_reg[426],FDRE,SLICE_X14Y220,SLICEM.AFF,1'b0
u_dut/o0_r_reg[427],FDRE,SLICE_X22Y216,SLICEM.AFF,1'b0
u_dut/o0_r_reg[428],FDRE,SLICE_X7Y214,SLICEL.AFF,1'b0
u_dut/o0_r_reg[429],FDRE,SLICE_X12Y219,SLICEM.CFF,1'b0
u_dut/o0_r_reg[42],FDRE,SLICE_X24Y222,SLICEL.BFF,1'b0
u_dut/o0_r_reg[430],FDRE,SLICE_X23Y218,SLICEL.AFF,1'b0
u_dut/o0_r_reg[431],FDRE,SLICE_X10Y218,SLICEM.AFF,1'b0
u_dut/o0_r_reg[432],FDRE,SLICE_X6Y218,SLICEM.AFF,1'b0
u_dut/o0_r_reg[433],FDRE,SLICE_X16Y219,SLICEM.AFF,1'b0
u_dut/o0_r_reg[434],FDRE,SLICE_X12Y219,SLICEM.DFF,1'b0
u_dut/o0_r_reg[435],FDRE,SLICE_X8Y218,SLICEM.BFF,1'b0
u_dut/o0_r_reg[436],FDRE,SLICE_X13Y219,SLICEL.AFF,1'b0
u_dut/o0_r_reg[437],FDRE,SLICE_X19Y220,SLICEL.BFF,1'b0
u_dut/o0_r_reg[438],FDRE,SLICE_X9Y225,SLICEL.AFF,1'b0
u_dut/o0_r_reg[439],FDRE,SLICE_X11Y213,SLICEL.AFF,1'b0
u_dut/o0_r_reg[43],FDRE,SLICE_X22Y221,SLICEM.AFF,1'b0
u_dut/o0_r_reg[440],FDRE,SLICE_X18Y216,SLICEM.AFF,1'b0
u_dut/o0_r_reg[441],FDRE,SLICE_X32Y218,SLICEL.BFF,1'b0
u_dut/o0_r_reg[442],FDRE,SLICE_X15Y220,SLICEL.AFF,1'b0
u_dut/o0_r_reg[443],FDRE,SLICE_X21Y218,SLICEL.BFF,1'b0
u_dut/o0_r_reg[444],FDRE,SLICE_X8Y223,SLICEM.AFF,1'b0
u_dut/o0_r_reg[445],FDRE,SLICE_X19Y217,SLICEL.BFF,1'b0
u_dut/o0_r_reg[446],FDRE,SLICE_X9Y214,SLICEL.AFF,1'b0
u_dut/o0_r_reg[447],FDRE,SLICE_X18Y216,SLICEM.BFF,1'b0
u_dut/o0_r_reg[448],FDRE,SLICE_X14Y218,SLICEM.AFF,1'b0
u_dut/o0_r_reg[449],FDRE,SLICE_X9Y222,SLICEL.AFF,1'b0
u_dut/o0_r_reg[44],FDRE,SLICE_X25Y222,SLICEL.BFF,1'b0
u_dut/o0_r_reg[450],FDRE,SLICE_X18Y217,SLICEM.AFF,1'b0
u_dut/o0_r_reg[451],FDRE,SLICE_X20Y217,SLICEM.AFF,1'b0
u_dut/o0_r_reg[452],FDRE,SLICE_X12Y217,SLICEM.AFF,1'b0
u_dut/o0_r_reg[453],FDRE,SLICE_X5Y218,SLICEL.AFF,1'b0
u_dut/o0_r_reg[454],FDRE,SLICE_X9Y221,SLICEL.BFF,1'b0
u_dut/o0_r_reg[455],FDRE,SLICE_X17Y220,SLICEL.CFF,1'b0
u_dut/o0_r_reg[456],FDRE,SLICE_X14Y221,SLICEM.AFF,1'b0
u_dut/o0_r_reg[457],FDRE,SLICE_X6Y220,SLICEM.AFF,1'b0
u_dut/o0_r_reg[458],FDRE,SLICE_X9Y220,SLICEL.BFF,1'b0
u_dut/o0_r_reg[459],FDRE,SLICE_X8Y222,SLICEM.AFF,1'b0
u_dut/o0_r_reg[45],FDRE,SLICE_X27Y223,SLICEL.AFF,1'b0
u_dut/o0_r_reg[460],FDRE,SLICE_X7Y221,SLICEL.BFF,1'b0
u_dut/o0_r_reg[461],FDRE,SLICE_X7Y221,SLICEL.CFF,1'b0
u_dut/o0_r_reg[462],FDRE,SLICE_X9Y220,SLICEL.CFF,1'b0
u_dut/o0_r_reg[463],FDRE,SLICE_X7Y218,SLICEL.AFF,1'b0
u_dut/o0_r_reg[464],FDRE,SLICE_X16Y218,SLICEM.AFF,1'b0
u_dut/o0_r_reg[465],FDRE,SLICE_X14Y216,SLICEM.AFF,1'b0
u_dut/o0_r_reg[466],FDRE,SLICE_X18Y215,SLICEM.AFF,1'b0
u_dut/o0_r_reg[467],FDRE,SLICE_X19Y215,SLICEL.AFF,1'b0
u_dut/o0_r_reg[468],FDRE,SLICE_X18Y219,SLICEM.BFF,1'b0
u_dut/o0_r_reg[469],FDRE,SLICE_X20Y216,SLICEM.CFF,1'b0
u_dut/o0_r_reg[46],FDRE,SLICE_X23Y221,SLICEL.BFF,1'b0
u_dut/o0_r_reg[470],FDRE,SLICE_X19Y215,SLICEL.BFF,1'b0
u_dut/o0_r_reg[471],FDRE,SLICE_X18Y214,SLICEM.AFF,1'b0
u_dut/o0_r_reg[472],FDRE,SLICE_X14Y219,SLICEM.CFF,1'b0
u_dut/o0_r_reg[473],FDRE,SLICE_X14Y218,SLICEM.BFF,1'b0
u_dut/o0_r_reg[474],FDRE,SLICE_X10Y217,SLICEM.AFF,1'b0
u_dut/o0_r_reg[475],FDRE,SLICE_X15Y218,SLICEL.AFF,1'b0
u_dut/o0_r_reg[476],FDRE,SLICE_X18Y217,SLICEM.BFF,1'b0
u_dut/o0_r_reg[477],FDRE,SLICE_X12Y216,SLICEM.CFF,1'b0
u_dut/o0_r_reg[478],FDRE,SLICE_X16Y218,SLICEM.BFF,1'b0
u_dut/o0_r_reg[479],FDRE,SLICE_X15Y217,SLICEL.AFF,1'b0
u_dut/o0_r_reg[47],FDRE,SLICE_X25Y222,SLICEL.CFF,1'b0
u_dut/o0_r_reg[480],FDRE,SLICE_X17Y218,SLICEL.AFF,1'b0
u_dut/o0_r_reg[481],FDRE,SLICE_X16Y218,SLICEM.CFF,1'b0
u_dut/o0_r_reg[482],FDRE,SLICE_X15Y220,SLICEL.BFF,1'b0
u_dut/o0_r_reg[483],FDRE,SLICE_X15Y218,SLICEL.BFF,1'b0
u_dut/o0_r_reg[484],FDRE,SLICE_X17Y216,SLICEL.AFF,1'b0
u_dut/o0_r_reg[485],FDRE,SLICE_X20Y218,SLICEM.AFF,1'b0
u_dut/o0_r_reg[486],FDRE,SLICE_X20Y226,SLICEM.BFF,1'b0
u_dut/o0_r_reg[487],FDRE,SLICE_X15Y218,SLICEL.CFF,1'b0
u_dut/o0_r_reg[488],FDRE,SLICE_X14Y217,SLICEM.AFF,1'b0
u_dut/o0_r_reg[489],FDRE,SLICE_X20Y217,SLICEM.BFF,1'b0
u_dut/o0_r_reg[48],FDRE,SLICE_X29Y225,SLICEL.AFF,1'b0
u_dut/o0_r_reg[490],FDRE,SLICE_X17Y221,SLICEL.AFF,1'b0
u_dut/o0_r_reg[491],FDRE,SLICE_X11Y219,SLICEL.AFF,1'b0
u_dut/o0_r_reg[492],FDRE,SLICE_X10Y219,SLICEM.CFF,1'b0
u_dut/o0_r_reg[493],FDRE,SLICE_X14Y220,SLICEM.BFF,1'b0
u_dut/o0_r_reg[494],FDRE,SLICE_X15Y219,SLICEL.AFF,1'b0
u_dut/o0_r_reg[495],FDRE,SLICE_X20Y218,SLICEM.BFF,1'b0
u_dut/o0_r_reg[496],FDRE,SLICE_X15Y216,SLICEL.AFF,1'b0
u_dut/o0_r_reg[497],FDRE,SLICE_X15Y220,SLICEL.CFF,1'b0
u_dut/o0_r_reg[498],FDRE,SLICE_X15Y218,SLICEL.DFF,1'b0
u_dut/o0_r_reg[499],FDRE,SLICE_X16Y222,SLICEM.AFF,1'b0
u_dut/o0_r_reg[49],FDRE,SLICE_X25Y224,SLICEL.DFF,1'b0
u_dut/o0_r_reg[4],FDRE,SLICE_X28Y218,SLICEL.CFF,1'b0
u_dut/o0_r_reg[500],FDRE,SLICE_X16Y221,SLICEM.AFF,1'b0
u_dut/o0_r_reg[501],FDRE,SLICE_X16Y213,SLICEM.AFF,1'b0
u_dut/o0_r_reg[502],FDRE,SLICE_X23Y214,SLICEL.AFF,1'b0
u_dut/o0_r_reg[503],FDRE,SLICE_X21Y224,SLICEL.AFF,1'b0
u_dut/o0_r_reg[504],FDRE,SLICE_X18Y220,SLICEM.CFF,1'b0
u_dut/o0_r_reg[505],FDRE,SLICE_X23Y218,SLICEL.BFF,1'b0
u_dut/o0_r_reg[506],FDRE,SLICE_X21Y216,SLICEL.AFF,1'b0
u_dut/o0_r_reg[507],FDRE,SLICE_X22Y217,SLICEM.AFF,1'b0
u_dut/o0_r_reg[508],FDRE,SLICE_X34Y218,SLICEL.BFF,1'b0
u_dut/o0_r_reg[509],FDRE,SLICE_X16Y216,SLICEM.BFF,1'b0
u_dut/o0_r_reg[50],FDRE,SLICE_X31Y223,SLICEL.AFF,1'b0
u_dut/o0_r_reg[510],FDRE,SLICE_X21Y216,SLICEL.BFF,1'b0
u_dut/o0_r_reg[511],FDRE,SLICE_X11Y217,SLICEL.AFF,1'b0
u_dut/o0_r_reg[512],FDRE,SLICE_X16Y216,SLICEM.CFF,1'b0
u_dut/o0_r_reg[513],FDRE,SLICE_X20Y219,SLICEM.BFF,1'b0
u_dut/o0_r_reg[514],FDRE,SLICE_X18Y216,SLICEM.CFF,1'b0
u_dut/o0_r_reg[515],FDRE,SLICE_X17Y225,SLICEL.AFF,1'b0
u_dut/o0_r_reg[516],FDRE,SLICE_X16Y219,SLICEM.BFF,1'b0
u_dut/o0_r_reg[517],FDRE,SLICE_X15Y215,SLICEL.AFF,1'b0
u_dut/o0_r_reg[518],FDRE,SLICE_X20Y218,SLICEM.CFF,1'b0
u_dut/o0_r_reg[519],FDRE,SLICE_X17Y216,SLICEL.BFF,1'b0
u_dut/o0_r_reg[51],FDRE,SLICE_X27Y222,SLICEL.CFF,1'b0
u_dut/o0_r_reg[520],FDRE,SLICE_X16Y227,SLICEM.AFF,1'b0
u_dut/o0_r_reg[521],FDRE,SLICE_X20Y215,SLICEM.BFF,1'b0
u_dut/o0_r_reg[522],FDRE,SLICE_X19Y216,SLICEL.BFF,1'b0
u_dut/o0_r_reg[523],FDRE,SLICE_X16Y217,SLICEM.BFF,1'b0
u_dut/o0_r_reg[524],FDRE,SLICE_X20Y217,SLICEM.CFF,1'b0
u_dut/o0_r_reg[525],FDRE,SLICE_X15Y220,SLICEL.DFF,1'b0
u_dut/o0_r_reg[526],FDRE,SLICE_X21Y214,SLICEL.AFF,1'b0
u_dut/o0_r_reg[527],FDRE,SLICE_X13Y217,SLICEL.AFF,1'b0
u_dut/o0_r_reg[528],FDRE,SLICE_X10Y219,SLICEM.DFF,1'b0
u_dut/o0_r_reg[529],FDRE,SLICE_X21Y216,SLICEL.CFF,1'b0
u_dut/o0_r_reg[52],FDRE,SLICE_X32Y226,SLICEL.CFF,1'b0
u_dut/o0_r_reg[530],FDRE,SLICE_X20Y218,SLICEM.DFF,1'b0
u_dut/o0_r_reg[531],FDRE,SLICE_X13Y219,SLICEL.BFF,1'b0
u_dut/o0_r_reg[532],FDRE,SLICE_X16Y216,SLICEM.DFF,1'b0
u_dut/o0_r_reg[533],FDRE,SLICE_X22Y216,SLICEM.BFF,1'b0
u_dut/o0_r_reg[534],FDRE,SLICE_X14Y223,SLICEM.AFF,1'b0
u_dut/o0_r_reg[535],FDRE,SLICE_X17Y215,SLICEL.AFF,1'b0
u_dut/o0_r_reg[536],FDRE,SLICE_X16Y222,SLICEM.BFF,1'b0
u_dut/o0_r_reg[537],FDRE,SLICE_X14Y215,SLICEM.AFF,1'b0
u_dut/o0_r_reg[538],FDRE,SLICE_X21Y219,SLICEL.BFF,1'b0
u_dut/o0_r_reg[539],FDRE,SLICE_X15Y219,SLICEL.BFF,1'b0
u_dut/o0_r_reg[53],FDRE,SLICE_X29Y223,SLICEL.CFF,1'b0
u_dut/o0_r_reg[540],FDRE,SLICE_X14Y216,SLICEM.BFF,1'b0
u_dut/o0_r_reg[541],FDRE,SLICE_X17Y216,SLICEL.CFF,1'b0
u_dut/o0_r_reg[542],FDRE,SLICE_X18Y217,SLICEM.CFF,1'b0
u_dut/o0_r_reg[543],FDRE,SLICE_X15Y225,SLICEL.AFF,1'b0
u_dut/o0_r_reg[544],FDRE,SLICE_X14Y218,SLICEM.CFF,1'b0
u_dut/o0_r_reg[545],FDRE,SLICE_X14Y216,SLICEM.CFF,1'b0
u_dut/o0_r_reg[546],FDRE,SLICE_X22Y215,SLICEM.AFF,1'b0
u_dut/o0_r_reg[547],FDRE,SLICE_X14Y218,SLICEM.DFF,1'b0
u_dut/o0_r_reg[548],FDRE,SLICE_X14Y216,SLICEM.DFF,1'b0
u_dut/o0_r_reg[549],FDRE,SLICE_X16Y215,SLICEM.AFF,1'b0
u_dut/o0_r_reg[54],FDRE,SLICE_X33Y226,SLICEL.CFF,1'b0
u_dut/o0_r_reg[550],FDRE,SLICE_X11Y213,SLICEL.BFF,1'b0
u_dut/o0_r_reg[551],FDRE,SLICE_X18Y213,SLICEM.AFF,1'b0
u_dut/o0_r_reg[552],FDRE,SLICE_X28Y215,SLICEL.AFF,1'b0
u_dut/o0_r_reg[553],FDRE,SLICE_X24Y215,SLICEL.BFF,1'b0
u_dut/o0_r_reg[554],FDRE,SLICE_X23Y218,SLICEL.CFF,1'b0
u_dut/o0_r_reg[555],FDRE,SLICE_X28Y224,SLICEL.BFF,1'b0
u_dut/o0_r_reg[556],FDRE,SLICE_X17Y214,SLICEL.AFF,1'b0
u_dut/o0_r_reg[557],FDRE,SLICE_X30Y215,SLICEL.AFF,1'b0
u_dut/o0_r_reg[558],FDRE,SLICE_X21Y218,SLICEL.CFF,1'b0
u_dut/o0_r_reg[559],FDRE,SLICE_X17Y213,SLICEL.AFF,1'b0
u_dut/o0_r_reg[55],FDRE,SLICE_X29Y218,SLICEL.AFF,1'b0
u_dut/o0_r_reg[560],FDRE,SLICE_X14Y222,SLICEM.AFF,1'b0
u_dut/o0_r_reg[561],FDRE,SLICE_X15Y219,SLICEL.CFF,1'b0
u_dut/o0_r_reg[562],FDRE,SLICE_X20Y216,SLICEM.DFF,1'b0
u_dut/o0_r_reg[563],FDRE,SLICE_X18Y216,SLICEM.DFF,1'b0
u_dut/o0_r_reg[564],FDRE,SLICE_X18Y220,SLICEM.DFF,1'b0
u_dut/o0_r_reg[565],FDRE,SLICE_X33Y227,SLICEL.AFF,1'b0
u_dut/o0_r_reg[566],FDRE,SLICE_X21Y215,SLICEL.AFF,1'b0
u_dut/o0_r_reg[567],FDRE,SLICE_X17Y221,SLICEL.BFF,1'b0
u_dut/o0_r_reg[568],FDRE,SLICE_X15Y221,SLICEL.AFF,1'b0
u_dut/o0_r_reg[569],FDRE,SLICE_X20Y227,SLICEM.AFF,1'b0
u_dut/o0_r_reg[56],FDRE,SLICE_X28Y222,SLICEL.DFF,1'b0
u_dut/o0_r_reg[570],FDRE,SLICE_X17Y218,SLICEL.BFF,1'b0
u_dut/o0_r_reg[571],FDRE,SLICE_X16Y221,SLICEM.BFF,1'b0
u_dut/o0_r_reg[572],FDRE,SLICE_X16Y221,SLICEM.CFF,1'b0
u_dut/o0_r_reg[573],FDRE,SLICE_X14Y221,SLICEM.BFF,1'b0
u_dut/o0_r_reg[574],FDRE,SLICE_X10Y220,SLICEM.BFF,1'b0
u_dut/o0_r_reg[575],FDRE,SLICE_X8Y217,SLICEM.AFF,1'b0
u_dut/o0_r_reg[576],FDRE,SLICE_X16Y227,SLICEM.BFF,1'b0
u_dut/o0_r_reg[577],FDRE,SLICE_X10Y220,SLICEM.CFF,1'b0
u_dut/o0_r_reg[578],FDRE,SLICE_X21Y215,SLICEL.BFF,1'b0
u_dut/o0_r_reg[579],FDRE,SLICE_X17Y216,SLICEL.DFF,1'b0
u_dut/o0_r_reg[57],FDRE,SLICE_X29Y220,SLICEL.DFF,1'b0
u_dut/o0_r_reg[580],FDRE,SLICE_X11Y220,SLICEL.BFF,1'b0
u_dut/o0_r_reg[581],FDRE,SLICE_X10Y220,SLICEM.DFF,1'b0
u_dut/o0_r_reg[582],FDRE,SLICE_X22Y216,SLICEM.CFF,1'b0
u_dut/o0_r_reg[583],FDRE,SLICE_X9Y216,SLICEL.AFF,1'b0
u_dut/o0_r_reg[584],FDRE,SLICE_X10Y218,SLICEM.BFF,1'b0
u_dut/o0_r_reg[585],FDRE,SLICE_X8Y218,SLICEM.CFF,1'b0
u_dut/o0_r_reg[586],FDRE,SLICE_X10Y218,SLICEM.CFF,1'b0
u_dut/o0_r_reg[587],FDRE,SLICE_X11Y217,SLICEL.BFF,1'b0
u_dut/o0_r_reg[588],FDRE,SLICE_X10Y216,SLICEM.AFF,1'b0
u_dut/o0_r_reg[589],FDRE,SLICE_X11Y216,SLICEL.AFF,1'b0
u_dut/o0_r_reg[58],FDRE,SLICE_X27Y222,SLICEL.DFF,1'b0
u_dut/o0_r_reg[590],FDRE,SLICE_X19Y217,SLICEL.CFF,1'b0
u_dut/o0_r_reg[591],FDRE,SLICE_X12Y216,SLICEM.DFF,1'b0
u_dut/o0_r_reg[592],FDRE,SLICE_X15Y219,SLICEL.DFF,1'b0
u_dut/o0_r_reg[593],FDRE,SLICE_X7Y221,SLICEL.DFF,1'b0
u_dut/o0_r_reg[594],FDRE,SLICE_X9Y220,SLICEL.DFF,1'b0
u_dut/o0_r_reg[595],FDRE,SLICE_X8Y218,SLICEM.DFF,1'b0
u_dut/o0_r_reg[596],FDRE,SLICE_X13Y217,SLICEL.BFF,1'b0
u_dut/o0_r_reg[597],FDRE,SLICE_X20Y219,SLICEM.CFF,1'b0
u_dut/o0_r_reg[598],FDRE,SLICE_X10Y223,SLICEM.BFF,1'b0
u_dut/o0_r_reg[599],FDRE,SLICE_X16Y217,SLICEM.CFF,1'b0
u_dut/o0_r_reg[59],FDRE,SLICE_X28Y218,SLICEL.DFF,1'b0
u_dut/o0_r_reg[5],FDRE,SLICE_X20Y224,SLICEM.BFF,1'b0
u_dut/o0_r_reg[600],FDRE,SLICE_X20Y234,SLICEM.AFF,1'b0
u_dut/o0_r_reg[601],FDRE,SLICE_X16Y229,SLICEM.AFF,1'b0
u_dut/o0_r_reg[602],FDRE,SLICE_X13Y227,SLICEL.AFF,1'b0
u_dut/o0_r_reg[603],FDRE,SLICE_X17Y231,SLICEL.AFF,1'b0
u_dut/o0_r_reg[604],FDRE,SLICE_X18Y236,SLICEM.AFF,1'b0
u_dut/o0_r_reg[605],FDRE,SLICE_X15Y229,SLICEL.AFF,1'b0
u_dut/o0_r_reg[606],FDRE,SLICE_X16Y227,SLICEM.CFF,1'b0
u_dut/o0_r_reg[607],FDRE,SLICE_X17Y229,SLICEL.AFF,1'b0
u_dut/o0_r_reg[608],FDRE,SLICE_X22Y230,SLICEM.AFF,1'b0
u_dut/o0_r_reg[609],FDRE,SLICE_X20Y232,SLICEM.AFF,1'b0
u_dut/o0_r_reg[60],FDRE,SLICE_X26Y219,SLICEL.BFF,1'b0
u_dut/o0_r_reg[610],FDRE,SLICE_X18Y227,SLICEM.AFF,1'b0
u_dut/o0_r_reg[611],FDRE,SLICE_X17Y226,SLICEL.AFF,1'b0
u_dut/o0_r_reg[612],FDRE,SLICE_X19Y231,SLICEL.AFF,1'b0
u_dut/o0_r_reg[613],FDRE,SLICE_X18Y236,SLICEM.BFF,1'b0
u_dut/o0_r_reg[614],FDRE,SLICE_X18Y231,SLICEM.AFF,1'b0
u_dut/o0_r_reg[615],FDRE,SLICE_X18Y227,SLICEM.BFF,1'b0
u_dut/o0_r_reg[616],FDRE,SLICE_X18Y226,SLICEM.BFF,1'b0
u_dut/o0_r_reg[617],FDRE,SLICE_X22Y233,SLICEM.AFF,1'b0
u_dut/o0_r_reg[618],FDRE,SLICE_X13Y229,SLICEL.AFF,1'b0
u_dut/o0_r_reg[619],FDRE,SLICE_X14Y230,SLICEM.AFF,1'b0
u_dut/o0_r_reg[61],FDRE,SLICE_X32Y219,SLICEL.CFF,1'b0
u_dut/o0_r_reg[620],FDRE,SLICE_X13Y226,SLICEL.AFF,1'b0
u_dut/o0_r_reg[621],FDRE,SLICE_X27Y230,SLICEL.DFF,1'b0
u_dut/o0_r_reg[622],FDRE,SLICE_X18Y229,SLICEM.AFF,1'b0
u_dut/o0_r_reg[623],FDRE,SLICE_X12Y230,SLICEM.AFF,1'b0
u_dut/o0_r_reg[624],FDRE,SLICE_X18Y229,SLICEM.BFF,1'b0
u_dut/o0_r_reg[625],FDRE,SLICE_X24Y234,SLICEL.AFF,1'b0
u_dut/o0_r_reg[626],FDRE,SLICE_X19Y228,SLICEL.AFF,1'b0
u_dut/o0_r_reg[627],FDRE,SLICE_X24Y232,SLICEL.CFF,1'b0
u_dut/o0_r_reg[628],FDRE,SLICE_X14Y230,SLICEM.BFF,1'b0
u_dut/o0_r_reg[629],FDRE,SLICE_X24Y234,SLICEL.BFF,1'b0
u_dut/o0_r_reg[62],FDRE,SLICE_X26Y221,SLICEL.DFF,1'b0
u_dut/o0_r_reg[630],FDRE,SLICE_X16Y228,SLICEM.AFF,1'b0
u_dut/o0_r_reg[631],FDRE,SLICE_X17Y234,SLICEL.AFF,1'b0
u_dut/o0_r_reg[632],FDRE,SLICE_X21Y236,SLICEL.AFF,1'b0
u_dut/o0_r_reg[633],FDRE,SLICE_X17Y230,SLICEL.AFF,1'b0
u_dut/o0_r_reg[634],FDRE,SLICE_X18Y234,SLICEM.AFF,1'b0
u_dut/o0_r_reg[635],FDRE,SLICE_X16Y226,SLICEM.AFF,1'b0
u_dut/o0_r_reg[636],FDRE,SLICE_X21Y230,SLICEL.AFF,1'b0
u_dut/o0_r_reg[637],FDRE,SLICE_X16Y232,SLICEM.AFF,1'b0
u_dut/o0_r_reg[638],FDRE,SLICE_X18Y231,SLICEM.BFF,1'b0
u_dut/o0_r_reg[639],FDRE,SLICE_X17Y230,SLICEL.BFF,1'b0
u_dut/o0_r_reg[63],FDRE,SLICE_X25Y215,SLICEL.AFF,1'b0
u_dut/o0_r_reg[640],FDRE,SLICE_X16Y224,SLICEM.BFF,1'b0
u_dut/o0_r_reg[641],FDRE,SLICE_X17Y230,SLICEL.CFF,1'b0
u_dut/o0_r_reg[642],FDRE,SLICE_X18Y228,SLICEM.AFF,1'b0
u_dut/o0_r_reg[643],FDRE,SLICE_X16Y235,SLICEM.AFF,1'b0
u_dut/o0_r_reg[644],FDRE,SLICE_X17Y230,SLICEL.DFF,1'b0
u_dut/o0_r_reg[645],FDRE,SLICE_X18Y234,SLICEM.BFF,1'b0
u_dut/o0_r_reg[646],FDRE,SLICE_X19Y220,SLICEL.CFF,1'b0
u_dut/o0_r_reg[647],FDRE,SLICE_X17Y233,SLICEL.AFF,1'b0
u_dut/o0_r_reg[648],FDRE,SLICE_X12Y231,SLICEM.AFF,1'b0
u_dut/o0_r_reg[649],FDRE,SLICE_X11Y227,SLICEL.AFF,1'b0
u_dut/o0_r_reg[64],FDRE,SLICE_X28Y219,SLICEL.DFF,1'b0
u_dut/o0_r_reg[650],FDRE,SLICE_X14Y227,SLICEM.AFF,1'b0
u_dut/o0_r_reg[651],FDRE,SLICE_X13Y230,SLICEL.AFF,1'b0
u_dut/o0_r_reg[652],FDRE,SLICE_X24Y233,SLICEL.BFF,1'b0
u_dut/o0_r_reg[653],FDRE,SLICE_X18Y229,SLICEM.CFF,1'b0
u_dut/o0_r_reg[654],FDRE,SLICE_X15Y231,SLICEL.AFF,1'b0
u_dut/o0_r_reg[655],FDRE,SLICE_X16Y233,SLICEM.AFF,1'b0
u_dut/o0_r_reg[656],FDRE,SLICE_X14Y221,SLICEM.CFF,1'b0
u_dut/o0_r_reg[657],FDRE,SLICE_X17Y220,SLICEL.DFF,1'b0
u_dut/o0_r_reg[658],FDRE,SLICE_X17Y233,SLICEL.BFF,1'b0
u_dut/o0_r_reg[659],FDRE,SLICE_X13Y231,SLICEL.AFF,1'b0
u_dut/o0_r_reg[65],FDRE,SLICE_X32Y219,SLICEL.DFF,1'b0
u_dut/o0_r_reg[660],FDRE,SLICE_X21Y229,SLICEL.CFF,1'b0
u_dut/o0_r_reg[661],FDRE,SLICE_X16Y228,SLICEM.BFF,1'b0
u_dut/o0_r_reg[662],FDRE,SLICE_X12Y226,SLICEM.AFF,1'b0
u_dut/o0_r_reg[663],FDRE,SLICE_X15Y229,SLICEL.BFF,1'b0
u_dut/o0_r_reg[664],FDRE,SLICE_X12Y229,SLICEM.AFF,1'b0
u_dut/o0_r_reg[665],FDRE,SLICE_X17Y228,SLICEL.AFF,1'b0
u_dut/o0_r_reg[666],FDRE,SLICE_X15Y230,SLICEL.AFF,1'b0
u_dut/o0_r_reg[667],FDRE,SLICE_X13Y230,SLICEL.BFF,1'b0
u_dut/o0_r_reg[668],FDRE,SLICE_X20Y229,SLICEM.AFF,1'b0
u_dut/o0_r_reg[669],FDRE,SLICE_X12Y232,SLICEM.AFF,1'b0
u_dut/o0_r_reg[66],FDRE,SLICE_X31Y231,SLICEL.AFF,1'b0
u_dut/o0_r_reg[670],FDRE,SLICE_X12Y234,SLICEM.AFF,1'b0
u_dut/o0_r_reg[671],FDRE,SLICE_X19Y234,SLICEL.AFF,1'b0
u_dut/o0_r_reg[672],FDRE,SLICE_X19Y232,SLICEL.BFF,1'b0
u_dut/o0_r_reg[673],FDRE,SLICE_X16Y230,SLICEM.AFF,1'b0
u_dut/o0_r_reg[674],FDRE,SLICE_X14Y226,SLICEM.AFF,1'b0
u_dut/o0_r_reg[675],FDRE,SLICE_X14Y229,SLICEM.AFF,1'b0
u_dut/o0_r_reg[676],FDRE,SLICE_X16Y230,SLICEM.BFF,1'b0
u_dut/o0_r_reg[677],FDRE,SLICE_X18Y231,SLICEM.CFF,1'b0
u_dut/o0_r_reg[678],FDRE,SLICE_X18Y227,SLICEM.CFF,1'b0
u_dut/o0_r_reg[679],FDRE,SLICE_X20Y228,SLICEM.AFF,1'b0
u_dut/o0_r_reg[67],FDRE,SLICE_X14Y222,SLICEM.BFF,1'b0
u_dut/o0_r_reg[680],FDRE,SLICE_X19Y229,SLICEL.AFF,1'b0
u_dut/o0_r_reg[681],FDRE,SLICE_X18Y229,SLICEM.DFF,1'b0
u_dut/o0_r_reg[682],FDRE,SLICE_X20Y229,SLICEM.BFF,1'b0
u_dut/o0_r_reg[683],FDRE,SLICE_X19Y228,SLICEL.BFF,1'b0
u_dut/o0_r_reg[684],FDRE,SLICE_X13Y232,SLICEL.AFF,1'b0
u_dut/o0_r_reg[685],FDRE,SLICE_X24Y234,SLICEL.CFF,1'b0
u_dut/o0_r_reg[686],FDRE,SLICE_X17Y225,SLICEL.BFF,1'b0
u_dut/o0_r_reg[687],FDRE,SLICE_X22Y236,SLICEM.AFF,1'b0
u_dut/o0_r_reg[688],FDRE,SLICE_X11Y227,SLICEL.BFF,1'b0
u_dut/o0_r_reg[689],FDRE,SLICE_X20Y230,SLICEM.AFF,1'b0
u_dut/o0_r_reg[68],FDRE,SLICE_X25Y222,SLICEL.DFF,1'b0
u_dut/o0_r_reg[690],FDRE,SLICE_X21Y232,SLICEL.AFF,1'b0
u_dut/o0_r_reg[691],FDRE,SLICE_X15Y229,SLICEL.CFF,1'b0
u_dut/o0_r_reg[692],FDRE,SLICE_X14Y228,SLICEM.AFF,1'b0
u_dut/o0_r_reg[693],FDRE,SLICE_X20Y230,SLICEM.BFF,1'b0
u_dut/o0_r_reg[694],FDRE,SLICE_X14Y228,SLICEM.BFF,1'b0
u_dut/o0_r_reg[695],FDRE,SLICE_X15Y231,SLICEL.BFF,1'b0
u_dut/o0_r_reg[696],FDRE,SLICE_X10Y231,SLICEM.AFF,1'b0
u_dut/o0_r_reg[697],FDRE,SLICE_X17Y236,SLICEL.AFF,1'b0
u_dut/o0_r_reg[698],FDRE,SLICE_X20Y229,SLICEM.CFF,1'b0
u_dut/o0_r_reg[699],FDRE,SLICE_X22Y236,SLICEM.BFF,1'b0
u_dut/o0_r_reg[69],FDRE,SLICE_X20Y222,SLICEM.AFF,1'b0
u_dut/o0_r_reg[6],FDRE,SLICE_X21Y221,SLICEL.CFF,1'b0
u_dut/o0_r_reg[700],FDRE,SLICE_X14Y232,SLICEM.AFF,1'b0
u_dut/o0_r_reg[701],FDRE,SLICE_X13Y232,SLICEL.BFF,1'b0
u_dut/o0_r_reg[702],FDRE,SLICE_X20Y231,SLICEM.AFF,1'b0
u_dut/o0_r_reg[703],FDRE,SLICE_X24Y234,SLICEL.DFF,1'b0
u_dut/o0_r_reg[704],FDRE,SLICE_X18Y234,SLICEM.CFF,1'b0
u_dut/o0_r_reg[705],FDRE,SLICE_X20Y226,SLICEM.CFF,1'b0
u_dut/o0_r_reg[706],FDRE,SLICE_X8Y232,SLICEM.AFF,1'b0
u_dut/o0_r_reg[707],FDRE,SLICE_X16Y233,SLICEM.BFF,1'b0
u_dut/o0_r_reg[708],FDRE,SLICE_X14Y225,SLICEM.AFF,1'b0
u_dut/o0_r_reg[709],FDRE,SLICE_X14Y227,SLICEM.BFF,1'b0
u_dut/o0_r_reg[70],FDRE,SLICE_X30Y219,SLICEL.CFF,1'b0
u_dut/o0_r_reg[710],FDRE,SLICE_X20Y231,SLICEM.BFF,1'b0
u_dut/o0_r_reg[711],FDRE,SLICE_X18Y235,SLICEM.AFF,1'b0
u_dut/o0_r_reg[712],FDRE,SLICE_X15Y235,SLICEL.AFF,1'b0
u_dut/o0_r_reg[713],FDRE,SLICE_X14Y226,SLICEM.BFF,1'b0
u_dut/o0_r_reg[714],FDRE,SLICE_X14Y226,SLICEM.CFF,1'b0
u_dut/o0_r_reg[715],FDRE,SLICE_X15Y228,SLICEL.AFF,1'b0
u_dut/o0_r_reg[716],FDRE,SLICE_X15Y226,SLICEL.AFF,1'b0
u_dut/o0_r_reg[717],FDRE,SLICE_X18Y226,SLICEM.CFF,1'b0
u_dut/o0_r_reg[718],FDRE,SLICE_X18Y228,SLICEM.BFF,1'b0
u_dut/o0_r_reg[719],FDRE,SLICE_X14Y227,SLICEM.CFF,1'b0
u_dut/o0_r_reg[71],FDRE,SLICE_X20Y222,SLICEM.BFF,1'b0
u_dut/o0_r_reg[720],FDRE,SLICE_X22Y234,SLICEM.AFF,1'b0
u_dut/o0_r_reg[721],FDRE,SLICE_X19Y228,SLICEL.CFF,1'b0
u_dut/o0_r_reg[722],FDRE,SLICE_X20Y233,SLICEM.AFF,1'b0
u_dut/o0_r_reg[723],FDRE,SLICE_X21Y231,SLICEL.CFF,1'b0
u_dut/o0_r_reg[724],FDRE,SLICE_X21Y234,SLICEL.AFF,1'b0
u_dut/o0_r_reg[725],FDRE,SLICE_X21Y234,SLICEL.BFF,1'b0
u_dut/o0_r_reg[726],FDRE,SLICE_X22Y233,SLICEM.BFF,1'b0
u_dut/o0_r_reg[727],FDRE,SLICE_X20Y231,SLICEM.CFF,1'b0
u_dut/o0_r_reg[728],FDRE,SLICE_X23Y234,SLICEL.AFF,1'b0
u_dut/o0_r_reg[729],FDRE,SLICE_X20Y227,SLICEM.BFF,1'b0
u_dut/o0_r_reg[72],FDRE,SLICE_X29Y225,SLICEL.BFF,1'b0
u_dut/o0_r_reg[730],FDRE,SLICE_X20Y226,SLICEM.DFF,1'b0
u_dut/o0_r_reg[731],FDRE,SLICE_X20Y227,SLICEM.CFF,1'b0
u_dut/o0_r_reg[732],FDRE,SLICE_X19Y228,SLICEL.DFF,1'b0
u_dut/o0_r_reg[733],FDRE,SLICE_X20Y233,SLICEM.BFF,1'b0
u_dut/o0_r_reg[734],FDRE,SLICE_X20Y232,SLICEM.BFF,1'b0
u_dut/o0_r_reg[735],FDRE,SLICE_X19Y225,SLICEL.BFF,1'b0
u_dut/o0_r_reg[736],FDRE,SLICE_X17Y226,SLICEL.BFF,1'b0
u_dut/o0_r_reg[737],FDRE,SLICE_X18Y228,SLICEM.CFF,1'b0
u_dut/o0_r_reg[738],FDRE,SLICE_X12Y226,SLICEM.BFF,1'b0
u_dut/o0_r_reg[739],FDRE,SLICE_X22Y235,SLICEM.AFF,1'b0
u_dut/o0_r_reg[73],FDRE,SLICE_X22Y225,SLICEM.AFF,1'b0
u_dut/o0_r_reg[740],FDRE,SLICE_X23Y226,SLICEL.BFF,1'b0
u_dut/o0_r_reg[741],FDRE,SLICE_X22Y229,SLICEM.AFF,1'b0
u_dut/o0_r_reg[742],FDRE,SLICE_X22Y234,SLICEM.BFF,1'b0
u_dut/o0_r_reg[743],FDRE,SLICE_X22Y234,SLICEM.CFF,1'b0
u_dut/o0_r_reg[744],FDRE,SLICE_X16Y228,SLICEM.CFF,1'b0
u_dut/o0_r_reg[745],FDRE,SLICE_X9Y231,SLICEL.AFF,1'b0
u_dut/o0_r_reg[746],FDRE,SLICE_X24Y232,SLICEL.DFF,1'b0
u_dut/o0_r_reg[747],FDRE,SLICE_X14Y225,SLICEM.BFF,1'b0
u_dut/o0_r_reg[748],FDRE,SLICE_X11Y230,SLICEL.AFF,1'b0
u_dut/o0_r_reg[749],FDRE,SLICE_X10Y225,SLICEM.AFF,1'b0
u_dut/o0_r_reg[74],FDRE,SLICE_X20Y223,SLICEM.DFF,1'b0
u_dut/o0_r_reg[750],FDRE,SLICE_X18Y234,SLICEM.DFF,1'b0
u_dut/o0_r_reg[751],FDRE,SLICE_X14Y228,SLICEM.CFF,1'b0
u_dut/o0_r_reg[752],FDRE,SLICE_X16Y224,SLICEM.CFF,1'b0
u_dut/o0_r_reg[753],FDRE,SLICE_X14Y234,SLICEM.AFF,1'b0
u_dut/o0_r_reg[754],FDRE,SLICE_X14Y231,SLICEM.AFF,1'b0
u_dut/o0_r_reg[755],FDRE,SLICE_X16Y231,SLICEM.AFF,1'b0
u_dut/o0_r_reg[756],FDRE,SLICE_X20Y231,SLICEM.DFF,1'b0
u_dut/o0_r_reg[757],FDRE,SLICE_X22Y232,SLICEM.CFF,1'b0
u_dut/o0_r_reg[758],FDRE,SLICE_X22Y229,SLICEM.BFF,1'b0
u_dut/o0_r_reg[759],FDRE,SLICE_X22Y234,SLICEM.DFF,1'b0
u_dut/o0_r_reg[75],FDRE,SLICE_X26Y225,SLICEL.DFF,1'b0
u_dut/o0_r_reg[760],FDRE,SLICE_X22Y233,SLICEM.CFF,1'b0
u_dut/o0_r_reg[761],FDRE,SLICE_X18Y226,SLICEM.DFF,1'b0
u_dut/o0_r_reg[762],FDRE,SLICE_X18Y232,SLICEM.AFF,1'b0
u_dut/o0_r_reg[763],FDRE,SLICE_X20Y230,SLICEM.CFF,1'b0
u_dut/o0_r_reg[764],FDRE,SLICE_X17Y231,SLICEL.BFF,1'b0
u_dut/o0_r_reg[765],FDRE,SLICE_X22Y230,SLICEM.BFF,1'b0
u_dut/o0_r_reg[766],FDRE,SLICE_X20Y230,SLICEM.DFF,1'b0
u_dut/o0_r_reg[767],FDRE,SLICE_X18Y232,SLICEM.BFF,1'b0
u_dut/o0_r_reg[768],FDRE,SLICE_X16Y233,SLICEM.CFF,1'b0
u_dut/o0_r_reg[769],FDRE,SLICE_X18Y235,SLICEM.BFF,1'b0
u_dut/o0_r_reg[76],FDRE,SLICE_X30Y224,SLICEL.DFF,1'b0
u_dut/o0_r_reg[770],FDRE,SLICE_X22Y225,SLICEM.BFF,1'b0
u_dut/o0_r_reg[771],FDRE,SLICE_X23Y234,SLICEL.BFF,1'b0
u_dut/o0_r_reg[772],FDRE,SLICE_X16Y236,SLICEM.AFF,1'b0
u_dut/o0_r_reg[773],FDRE,SLICE_X16Y229,SLICEM.BFF,1'b0
u_dut/o0_r_reg[774],FDRE,SLICE_X14Y225,SLICEM.CFF,1'b0
u_dut/o0_r_reg[775],FDRE,SLICE_X28Y226,SLICEL.CFF,1'b0
u_dut/o0_r_reg[776],FDRE,SLICE_X12Y224,SLICEM.AFF,1'b0
u_dut/o0_r_reg[777],FDRE,SLICE_X20Y227,SLICEM.DFF,1'b0
u_dut/o0_r_reg[778],FDRE,SLICE_X13Y225,SLICEL.AFF,1'b0
u_dut/o0_r_reg[779],FDRE,SLICE_X12Y224,SLICEM.BFF,1'b0
u_dut/o0_r_reg[77],FDRE,SLICE_X29Y225,SLICEL.CFF,1'b0
u_dut/o0_r_reg[780],FDRE,SLICE_X14Y231,SLICEM.BFF,1'b0
u_dut/o0_r_reg[781],FDRE,SLICE_X16Y228,SLICEM.DFF,1'b0
u_dut/o0_r_reg[782],FDRE,SLICE_X22Y236,SLICEM.CFF,1'b0
u_dut/o0_r_reg[783],FDRE,SLICE_X19Y233,SLICEL.AFF,1'b0
u_dut/o0_r_reg[784],FDRE,SLICE_X14Y225,SLICEM.DFF,1'b0
u_dut/o0_r_reg[785],FDRE,SLICE_X16Y217,SLICEM.DFF,1'b0
u_dut/o0_r_reg[786],FDRE,SLICE_X19Y232,SLICEL.CFF,1'b0
u_dut/o0_r_reg[787],FDRE,SLICE_X14Y229,SLICEM.BFF,1'b0
u_dut/o0_r_reg[788],FDRE,SLICE_X14Y228,SLICEM.DFF,1'b0
u_dut/o0_r_reg[789],FDRE,SLICE_X19Y233,SLICEL.BFF,1'b0
u_dut/o0_r_reg[78],FDRE,SLICE_X26Y224,SLICEL.BFF,1'b0
u_dut/o0_r_reg[790],FDRE,SLICE_X14Y231,SLICEM.CFF,1'b0
u_dut/o0_r_reg[791],FDRE,SLICE_X17Y228,SLICEL.BFF,1'b0
u_dut/o0_r_reg[792],FDRE,SLICE_X18Y236,SLICEM.CFF,1'b0
u_dut/o0_r_reg[793],FDRE,SLICE_X17Y236,SLICEL.BFF,1'b0
u_dut/o0_r_reg[794],FDRE,SLICE_X17Y231,SLICEL.CFF,1'b0
u_dut/o0_r_reg[795],FDRE,SLICE_X18Y236,SLICEM.DFF,1'b0
u_dut/o0_r_reg[796],FDRE,SLICE_X17Y236,SLICEL.CFF,1'b0
u_dut/o0_r_reg[797],FDRE,SLICE_X21Y232,SLICEL.BFF,1'b0
u_dut/o0_r_reg[798],FDRE,SLICE_X17Y228,SLICEL.CFF,1'b0
u_dut/o0_r_reg[799],FDRE,SLICE_X14Y226,SLICEM.DFF,1'b0
u_dut/o0_r_reg[79],FDRE,SLICE_X24Y227,SLICEL.CFF,1'b0
u_dut/o0_r_reg[7],FDRE,SLICE_X24Y220,SLICEL.CFF,1'b0
u_dut/o0_r_reg[800],FDRE,SLICE_X25Y230,SLICEL.CFF,1'b0
u_dut/o0_r_reg[801],FDRE,SLICE_X8Y228,SLICEM.AFF,1'b0
u_dut/o0_r_reg[802],FDRE,SLICE_X12Y227,SLICEM.AFF,1'b0
u_dut/o0_r_reg[803],FDRE,SLICE_X23Y230,SLICEL.AFF,1'b0
u_dut/o0_r_reg[804],FDRE,SLICE_X5Y232,SLICEL.AFF,1'b0
u_dut/o0_r_reg[805],FDRE,SLICE_X23Y231,SLICEL.CFF,1'b0
u_dut/o0_r_reg[806],FDRE,SLICE_X10Y232,SLICEM.AFF,1'b0
u_dut/o0_r_reg[807],FDRE,SLICE_X19Y230,SLICEL.AFF,1'b0
u_dut/o0_r_reg[808],FDRE,SLICE_X6Y226,SLICEM.AFF,1'b0
u_dut/o0_r_reg[809],FDRE,SLICE_X13Y232,SLICEL.CFF,1'b0
u_dut/o0_r_reg[80],FDRE,SLICE_X30Y219,SLICEL.DFF,1'b0
u_dut/o0_r_reg[810],FDRE,SLICE_X24Y233,SLICEL.CFF,1'b0
u_dut/o0_r_reg[811],FDRE,SLICE_X19Y231,SLICEL.BFF,1'b0
u_dut/o0_r_reg[812],FDRE,SLICE_X21Y232,SLICEL.CFF,1'b0
u_dut/o0_r_reg[813],FDRE,SLICE_X19Y231,SLICEL.CFF,1'b0
u_dut/o0_r_reg[814],FDRE,SLICE_X15Y231,SLICEL.CFF,1'b0
u_dut/o0_r_reg[815],FDRE,SLICE_X8Y229,SLICEM.AFF,1'b0
u_dut/o0_r_reg[816],FDRE,SLICE_X8Y222,SLICEM.BFF,1'b0
u_dut/o0_r_reg[817],FDRE,SLICE_X23Y234,SLICEL.CFF,1'b0
u_dut/o0_r_reg[818],FDRE,SLICE_X8Y233,SLICEM.AFF,1'b0
u_dut/o0_r_reg[819],FDRE,SLICE_X18Y228,SLICEM.DFF,1'b0
u_dut/o0_r_reg[81],FDRE,SLICE_X17Y225,SLICEL.CFF,1'b0
u_dut/o0_r_reg[820],FDRE,SLICE_X8Y226,SLICEM.BFF,1'b0
u_dut/o0_r_reg[821],FDRE,SLICE_X12Y233,SLICEM.AFF,1'b0
u_dut/o0_r_reg[822],FDRE,SLICE_X19Y233,SLICEL.CFF,1'b0
u_dut/o0_r_reg[823],FDRE,SLICE_X12Y226,SLICEM.CFF,1'b0
u_dut/o0_r_reg[824],FDRE,SLICE_X16Y234,SLICEM.AFF,1'b0
u_dut/o0_r_reg[825],FDRE,SLICE_X15Y231,SLICEL.DFF,1'b0
u_dut/o0_r_reg[826],FDRE,SLICE_X10Y233,SLICEM.AFF,1'b0
u_dut/o0_r_reg[827],FDRE,SLICE_X21Y230,SLICEL.BFF,1'b0
u_dut/o0_r_reg[828],FDRE,SLICE_X9Y233,SLICEL.AFF,1'b0
u_dut/o0_r_reg[829],FDRE,SLICE_X20Y229,SLICEM.DFF,1'b0
u_dut/o0_r_reg[82],FDRE,SLICE_X33Y225,SLICEL.AFF,1'b0
u_dut/o0_r_reg[830],FDRE,SLICE_X13Y232,SLICEL.DFF,1'b0
u_dut/o0_r_reg[831],FDRE,SLICE_X23Y233,SLICEL.AFF,1'b0
u_dut/o0_r_reg[832],FDRE,SLICE_X12Y231,SLICEM.BFF,1'b0
u_dut/o0_r_reg[833],FDRE,SLICE_X23Y233,SLICEL.BFF,1'b0
u_dut/o0_r_reg[834],FDRE,SLICE_X12Y227,SLICEM.BFF,1'b0
u_dut/o0_r_reg[835],FDRE,SLICE_X20Y228,SLICEM.BFF,1'b0
u_dut/o0_r_reg[836],FDRE,SLICE_X29Y232,SLICEL.DFF,1'b0
u_dut/o0_r_reg[837],FDRE,SLICE_X9Y234,SLICEL.AFF,1'b0
u_dut/o0_r_reg[838],FDRE,SLICE_X14Y231,SLICEM.DFF,1'b0
u_dut/o0_r_reg[839],FDRE,SLICE_X18Y230,SLICEM.AFF,1'b0
u_dut/o0_r_reg[83],FDRE,SLICE_X25Y226,SLICEL.CFF,1'b0
u_dut/o0_r_reg[840],FDRE,SLICE_X15Y236,SLICEL.AFF,1'b0
u_dut/o0_r_reg[841],FDRE,SLICE_X11Y233,SLICEL.AFF,1'b0
u_dut/o0_r_reg[842],FDRE,SLICE_X12Y231,SLICEM.CFF,1'b0
u_dut/o0_r_reg[843],FDRE,SLICE_X9Y232,SLICEL.AFF,1'b0
u_dut/o0_r_reg[844],FDRE,SLICE_X22Y225,SLICEM.CFF,1'b0
u_dut/o0_r_reg[845],FDRE,SLICE_X9Y231,SLICEL.BFF,1'b0
u_dut/o0_r_reg[846],FDRE,SLICE_X19Y230,SLICEL.BFF,1'b0
u_dut/o0_r_reg[847],FDRE,SLICE_X10Y230,SLICEM.AFF,1'b0
u_dut/o0_r_reg[848],FDRE,SLICE_X20Y232,SLICEM.CFF,1'b0
u_dut/o0_r_reg[849],FDRE,SLICE_X15Y233,SLICEL.AFF,1'b0
u_dut/o0_r_reg[84],FDRE,SLICE_X28Y224,SLICEL.CFF,1'b0
u_dut/o0_r_reg[850],FDRE,SLICE_X15Y234,SLICEL.AFF,1'b0
u_dut/o0_r_reg[851],FDRE,SLICE_X16Y233,SLICEM.DFF,1'b0
u_dut/o0_r_reg[852],FDRE,SLICE_X23Y230,SLICEL.BFF,1'b0
u_dut/o0_r_reg[853],FDRE,SLICE_X6Y233,SLICEM.AFF,1'b0
u_dut/o0_r_reg[854],FDRE,SLICE_X17Y226,SLICEL.CFF,1'b0
u_dut/o0_r_reg[855],FDRE,SLICE_X10Y228,SLICEM.AFF,1'b0
u_dut/o0_r_reg[856],FDRE,SLICE_X6Y226,SLICEM.BFF,1'b0
u_dut/o0_r_reg[857],FDRE,SLICE_X11Y227,SLICEL.CFF,1'b0
u_dut/o0_r_reg[858],FDRE,SLICE_X9Y228,SLICEL.AFF,1'b0
u_dut/o0_r_reg[859],FDRE,SLICE_X14Y224,SLICEM.BFF,1'b0
u_dut/o0_r_reg[85],FDRE,SLICE_X21Y224,SLICEL.BFF,1'b0
u_dut/o0_r_reg[860],FDRE,SLICE_X18Y231,SLICEM.DFF,1'b0
u_dut/o0_r_reg[861],FDRE,SLICE_X10Y230,SLICEM.BFF,1'b0
u_dut/o0_r_reg[862],FDRE,SLICE_X21Y233,SLICEL.AFF,1'b0
u_dut/o0_r_reg[863],FDRE,SLICE_X14Y233,SLICEM.AFF,1'b0
u_dut/o0_r_reg[864],FDRE,SLICE_X11Y225,SLICEL.AFF,1'b0
u_dut/o0_r_reg[865],FDRE,SLICE_X16Y230,SLICEM.CFF,1'b0
u_dut/o0_r_reg[866],FDRE,SLICE_X16Y235,SLICEM.BFF,1'b0
u_dut/o0_r_reg[867],FDRE,SLICE_X16Y231,SLICEM.BFF,1'b0
u_dut/o0_r_reg[868],FDRE,SLICE_X8Y233,SLICEM.BFF,1'b0
u_dut/o0_r_reg[869],FDRE,SLICE_X8Y227,SLICEM.AFF,1'b0
u_dut/o0_r_reg[86],FDRE,SLICE_X22Y224,SLICEM.CFF,1'b0
u_dut/o0_r_reg[870],FDRE,SLICE_X18Y235,SLICEM.CFF,1'b0
u_dut/o0_r_reg[871],FDRE,SLICE_X17Y235,SLICEL.AFF,1'b0
u_dut/o0_r_reg[872],FDRE,SLICE_X16Y235,SLICEM.CFF,1'b0
u_dut/o0_r_reg[873],FDRE,SLICE_X20Y235,SLICEM.AFF,1'b0
u_dut/o0_r_reg[874],FDRE,SLICE_X9Y235,SLICEL.AFF,1'b0
u_dut/o0_r_reg[875],FDRE,SLICE_X13Y227,SLICEL.BFF,1'b0
u_dut/o0_r_reg[876],FDRE,SLICE_X8Y228,SLICEM.BFF,1'b0
u_dut/o0_r_reg[877],FDRE,SLICE_X18Y230,SLICEM.BFF,1'b0
u_dut/o0_r_reg[878],FDRE,SLICE_X21Y234,SLICEL.CFF,1'b0
u_dut/o0_r_reg[879],FDRE,SLICE_X21Y235,SLICEL.AFF,1'b0
u_dut/o0_r_reg[87],FDRE,SLICE_X31Y219,SLICEL.CFF,1'b0
u_dut/o0_r_reg[880],FDRE,SLICE_X21Y232,SLICEL.DFF,1'b0
u_dut/o0_r_reg[881],FDRE,SLICE_X20Y233,SLICEM.CFF,1'b0
u_dut/o0_r_reg[882],FDRE,SLICE_X20Y234,SLICEM.BFF,1'b0
u_dut/o0_r_reg[883],FDRE,SLICE_X22Y233,SLICEM.DFF,1'b0
u_dut/o0_r_reg[884],FDRE,SLICE_X15Y229,SLICEL.DFF,1'b0
u_dut/o0_r_reg[885],FDRE,SLICE_X17Y228,SLICEL.DFF,1'b0
u_dut/o0_r_reg[886],FDRE,SLICE_X15Y226,SLICEL.BFF,1'b0
u_dut/o0_r_reg[887],FDRE,SLICE_X20Y228,SLICEM.CFF,1'b0
u_dut/o0_r_reg[888],FDRE,SLICE_X19Y230,SLICEL.CFF,1'b0
u_dut/o0_r_reg[889],FDRE,SLICE_X18Y230,SLICEM.CFF,1'b0
u_dut/o0_r_reg[88],FDRE,SLICE_X14Y223,SLICEM.BFF,1'b0
u_dut/o0_r_reg[890],FDRE,SLICE_X16Y234,SLICEM.BFF,1'b0
u_dut/o0_r_reg[891],FDRE,SLICE_X23Y231,SLICEL.DFF,1'b0
u_dut/o0_r_reg[892],FDRE,SLICE_X9Y231,SLICEL.CFF,1'b0
u_dut/o0_r_reg[893],FDRE,SLICE_X8Y227,SLICEM.BFF,1'b0
u_dut/o0_r_reg[894],FDRE,SLICE_X12Y228,SLICEM.AFF,1'b0
u_dut/o0_r_reg[895],FDRE,SLICE_X6Y228,SLICEM.AFF,1'b0
u_dut/o0_r_reg[896],FDRE,SLICE_X19Y231,SLICEL.DFF,1'b0
u_dut/o0_r_reg[897],FDRE,SLICE_X16Y227,SLICEM.DFF,1'b0
u_dut/o0_r_reg[898],FDRE,SLICE_X23Y230,SLICEL.CFF,1'b0
u_dut/o0_r_reg[899],FDRE,SLICE_X16Y231,SLICEM.CFF,1'b0
u_dut/o0_r_reg[89],FDRE,SLICE_X29Y224,SLICEL.AFF,1'b0
u_dut/o0_r_reg[8],FDRE,SLICE_X23Y221,SLICEL.CFF,1'b0
u_dut/o0_r_reg[900],FDRE,SLICE_X11Y231,SLICEL.AFF,1'b0
u_dut/o0_r_reg[901],FDRE,SLICE_X16Y234,SLICEM.CFF,1'b0
u_dut/o0_r_reg[902],FDRE,SLICE_X8Y229,SLICEM.BFF,1'b0
u_dut/o0_r_reg[903],FDRE,SLICE_X8Y230,SLICEM.AFF,1'b0
u_dut/o0_r_reg[904],FDRE,SLICE_X22Y230,SLICEM.CFF,1'b0
u_dut/o0_r_reg[905],FDRE,SLICE_X8Y229,SLICEM.CFF,1'b0
u_dut/o0_r_reg[906],FDRE,SLICE_X10Y225,SLICEM.BFF,1'b0
u_dut/o0_r_reg[907],FDRE,SLICE_X5Y227,SLICEL.AFF,1'b0
u_dut/o0_r_reg[908],FDRE,SLICE_X8Y229,SLICEM.DFF,1'b0
u_dut/o0_r_reg[909],FDRE,SLICE_X8Y230,SLICEM.BFF,1'b0
u_dut/o0_r_reg[90],FDRE,SLICE_X33Y220,SLICEL.CFF,1'b0
u_dut/o0_r_reg[910],FDRE,SLICE_X7Y230,SLICEL.AFF,1'b0
u_dut/o0_r_reg[911],FDRE,SLICE_X16Y230,SLICEM.DFF,1'b0
u_dut/o0_r_reg[912],FDRE,SLICE_X7Y229,SLICEL.AFF,1'b0
u_dut/o0_r_reg[913],FDRE,SLICE_X21Y230,SLICEL.CFF,1'b0
u_dut/o0_r_reg[914],FDRE,SLICE_X16Y225,SLICEM.BFF,1'b0
u_dut/o0_r_reg[915],FDRE,SLICE_X14Y229,SLICEM.CFF,1'b0
u_dut/o0_r_reg[916],FDRE,SLICE_X22Y236,SLICEM.DFF,1'b0
u_dut/o0_r_reg[917],FDRE,SLICE_X12Y235,SLICEM.AFF,1'b0
u_dut/o0_r_reg[918],FDRE,SLICE_X12Y232,SLICEM.BFF,1'b0
u_dut/o0_r_reg[919],FDRE,SLICE_X11Y234,SLICEL.AFF,1'b0
u_dut/o0_r_reg[91],FDRE,SLICE_X30Y222,SLICEL.BFF,1'b0
u_dut/o0_r_reg[920],FDRE,SLICE_X16Y231,SLICEM.DFF,1'b0
u_dut/o0_r_reg[921],FDRE,SLICE_X18Y227,SLICEM.DFF,1'b0
u_dut/o0_r_reg[922],FDRE,SLICE_X12Y232,SLICEM.CFF,1'b0
u_dut/o0_r_reg[923],FDRE,SLICE_X27Y232,SLICEL.DFF,1'b0
u_dut/o0_r_reg[924],FDRE,SLICE_X11Y232,SLICEL.AFF,1'b0
u_dut/o0_r_reg[925],FDRE,SLICE_X12Y232,SLICEM.DFF,1'b0
u_dut/o0_r_reg[926],FDRE,SLICE_X15Y225,SLICEL.BFF,1'b0
u_dut/o0_r_reg[927],FDRE,SLICE_X6Y225,SLICEM.AFF,1'b0
u_dut/o0_r_reg[928],FDRE,SLICE_X8Y228,SLICEM.CFF,1'b0
u_dut/o0_r_reg[929],FDRE,SLICE_X17Y225,SLICEL.DFF,1'b0
u_dut/o0_r_reg[92],FDRE,SLICE_X31Y222,SLICEL.AFF,1'b0
u_dut/o0_r_reg[930],FDRE,SLICE_X16Y225,SLICEM.CFF,1'b0
u_dut/o0_r_reg[931],FDRE,SLICE_X6Y226,SLICEM.CFF,1'b0
u_dut/o0_r_reg[932],FDRE,SLICE_X13Y227,SLICEL.CFF,1'b0
u_dut/o0_r_reg[933],FDRE,SLICE_X10Y229,SLICEM.AFF,1'b0
u_dut/o0_r_reg[934],FDRE,SLICE_X7Y229,SLICEL.BFF,1'b0
u_dut/o0_r_reg[935],FDRE,SLICE_X12Y228,SLICEM.BFF,1'b0
u_dut/o0_r_reg[936],FDRE,SLICE_X16Y229,SLICEM.CFF,1'b0
u_dut/o0_r_reg[937],FDRE,SLICE_X10Y223,SLICEM.CFF,1'b0
u_dut/o0_r_reg[938],FDRE,SLICE_X16Y226,SLICEM.BFF,1'b0
u_dut/o0_r_reg[939],FDRE,SLICE_X22Y232,SLICEM.DFF,1'b0
u_dut/o0_r_reg[93],FDRE,SLICE_X24Y222,SLICEL.CFF,1'b0
u_dut/o0_r_reg[940],FDRE,SLICE_X9Y230,SLICEL.AFF,1'b0
u_dut/o0_r_reg[941],FDRE,SLICE_X10Y228,SLICEM.BFF,1'b0
u_dut/o0_r_reg[942],FDRE,SLICE_X21Y230,SLICEL.DFF,1'b0
u_dut/o0_r_reg[943],FDRE,SLICE_X11Y220,SLICEL.CFF,1'b0
u_dut/o0_r_reg[944],FDRE,SLICE_X16Y225,SLICEM.DFF,1'b0
u_dut/o0_r_reg[945],FDRE,SLICE_X8Y227,SLICEM.CFF,1'b0
u_dut/o0_r_reg[946],FDRE,SLICE_X14Y227,SLICEM.DFF,1'b0
u_dut/o0_r_reg[947],FDRE,SLICE_X6Y226,SLICEM.DFF,1'b0
u_dut/o0_r_reg[948],FDRE,SLICE_X16Y229,SLICEM.DFF,1'b0
u_dut/o0_r_reg[949],FDRE,SLICE_X12Y227,SLICEM.CFF,1'b0
u_dut/o0_r_reg[94],FDRE,SLICE_X27Y219,SLICEL.CFF,1'b0
u_dut/o0_r_reg[950],FDRE,SLICE_X17Y233,SLICEL.CFF,1'b0
u_dut/o0_r_reg[951],FDRE,SLICE_X5Y232,SLICEL.BFF,1'b0
u_dut/o0_r_reg[952],FDRE,SLICE_X8Y233,SLICEM.CFF,1'b0
u_dut/o0_r_reg[953],FDRE,SLICE_X6Y228,SLICEM.BFF,1'b0
u_dut/o0_r_reg[954],FDRE,SLICE_X4Y227,SLICEL.AFF,1'b0
u_dut/o0_r_reg[955],FDRE,SLICE_X10Y225,SLICEM.CFF,1'b0
u_dut/o0_r_reg[956],FDRE,SLICE_X8Y230,SLICEM.CFF,1'b0
u_dut/o0_r_reg[957],FDRE,SLICE_X14Y230,SLICEM.CFF,1'b0
u_dut/o0_r_reg[958],FDRE,SLICE_X7Y232,SLICEL.AFF,1'b0
u_dut/o0_r_reg[959],FDRE,SLICE_X8Y227,SLICEM.DFF,1'b0
u_dut/o0_r_reg[95],FDRE,SLICE_X19Y221,SLICEL.BFF,1'b0
u_dut/o0_r_reg[960],FDRE,SLICE_X23Y230,SLICEL.DFF,1'b0
u_dut/o0_r_reg[961],FDRE,SLICE_X6Y232,SLICEM.AFF,1'b0
u_dut/o0_r_reg[962],FDRE,SLICE_X18Y233,SLICEM.AFF,1'b0
u_dut/o0_r_reg[963],FDRE,SLICE_X16Y226,SLICEM.CFF,1'b0
u_dut/o0_r_reg[964],FDRE,SLICE_X11Y228,SLICEL.AFF,1'b0
u_dut/o0_r_reg[965],FDRE,SLICE_X5Y232,SLICEL.CFF,1'b0
u_dut/o0_r_reg[966],FDRE,SLICE_X16Y234,SLICEM.DFF,1'b0
u_dut/o0_r_reg[967],FDRE,SLICE_X12Y234,SLICEM.BFF,1'b0
u_dut/o0_r_reg[968],FDRE,SLICE_X4Y231,SLICEL.AFF,1'b0
u_dut/o0_r_reg[969],FDRE,SLICE_X17Y226,SLICEL.DFF,1'b0
u_dut/o0_r_reg[96],FDRE,SLICE_X30Y221,SLICEL.BFF,1'b0
u_dut/o0_r_reg[970],FDRE,SLICE_X17Y233,SLICEL.DFF,1'b0
u_dut/o0_r_reg[971],FDRE,SLICE_X6Y231,SLICEM.AFF,1'b0
u_dut/o0_r_reg[972],FDRE,SLICE_X20Y232,SLICEM.DFF,1'b0
u_dut/o0_r_reg[973],FDRE,SLICE_X18Y235,SLICEM.DFF,1'b0
u_dut/o0_r_reg[974],FDRE,SLICE_X14Y224,SLICEM.CFF,1'b0
u_dut/o0_r_reg[975],FDRE,SLICE_X16Y232,SLICEM.BFF,1'b0
u_dut/o0_r_reg[976],FDRE,SLICE_X23Y233,SLICEL.CFF,1'b0
u_dut/o0_r_reg[977],FDRE,SLICE_X15Y226,SLICEL.CFF,1'b0
u_dut/o0_r_reg[978],FDRE,SLICE_X21Y218,SLICEL.DFF,1'b0
u_dut/o0_r_reg[979],FDRE,SLICE_X15Y232,SLICEL.AFF,1'b0
u_dut/o0_r_reg[97],FDRE,SLICE_X30Y221,SLICEL.CFF,1'b0
u_dut/o0_r_reg[980],FDRE,SLICE_X21Y231,SLICEL.DFF,1'b0
u_dut/o0_r_reg[981],FDRE,SLICE_X13Y229,SLICEL.BFF,1'b0
u_dut/o0_r_reg[982],FDRE,SLICE_X13Y227,SLICEL.DFF,1'b0
u_dut/o0_r_reg[983],FDRE,SLICE_X8Y226,SLICEM.CFF,1'b0
u_dut/o0_r_reg[984],FDRE,SLICE_X18Y230,SLICEM.DFF,1'b0
u_dut/o0_r_reg[985],FDRE,SLICE_X19Y216,SLICEL.CFF,1'b0
u_dut/o0_r_reg[986],FDRE,SLICE_X6Y228,SLICEM.CFF,1'b0
u_dut/o0_r_reg[987],FDRE,SLICE_X6Y229,SLICEM.AFF,1'b0
u_dut/o0_r_reg[988],FDRE,SLICE_X20Y228,SLICEM.DFF,1'b0
u_dut/o0_r_reg[989],FDRE,SLICE_X10Y228,SLICEM.CFF,1'b0
u_dut/o0_r_reg[98],FDRE,SLICE_X27Y221,SLICEL.BFF,1'b0
u_dut/o0_r_reg[990],FDRE,SLICE_X10Y225,SLICEM.DFF,1'b0
u_dut/o0_r_reg[991],FDRE,SLICE_X12Y228,SLICEM.CFF,1'b0
u_dut/o0_r_reg[992],FDRE,SLICE_X18Y232,SLICEM.CFF,1'b0
u_dut/o0_r_reg[993],FDRE,SLICE_X21Y234,SLICEL.DFF,1'b0
u_dut/o0_r_reg[994],FDRE,SLICE_X18Y232,SLICEM.DFF,1'b0
u_dut/o0_r_reg[995],FDRE,SLICE_X23Y233,SLICEL.DFF,1'b0
u_dut/o0_r_reg[996],FDRE,SLICE_X19Y230,SLICEL.DFF,1'b0
u_dut/o0_r_reg[997],FDRE,SLICE_X24Y230,SLICEL.CFF,1'b0
u_dut/o0_r_reg[998],FDRE,SLICE_X17Y231,SLICEL.DFF,1'b0
u_dut/o0_r_reg[999],FDRE,SLICE_X13Y233,SLICEL.AFF,1'b0
u_dut/o0_r_reg[99],FDRE,SLICE_X28Y223,SLICEL.DFF,1'b0
u_dut/o0_r_reg[9],FDRE,SLICE_X36Y218,SLICEL.AFF,1'b0
u_dut/pc0_a0[0]_i_1,LUT6,SLICE_X30Y220,SLICEL.B6LUT,64'h6996966996696996
u_dut/pc0_a0[1]_i_1,LUT6,SLICE_X30Y220,SLICEL.C6LUT,64'h8117177E177E7EE8
u_dut/pc0_a0[2]_i_1,LUT6,SLICE_X30Y220,SLICEL.D6LUT,64'hFEE8E880E8808000
u_dut/pc0_a0_reg[0],FDRE,SLICE_X30Y220,SLICEL.BFF,1'b0
u_dut/pc0_a0_reg[1],FDRE,SLICE_X30Y220,SLICEL.CFF,1'b0
u_dut/pc0_a0_reg[2],FDRE,SLICE_X30Y220,SLICEL.DFF,1'b0
u_dut/pc0_a10[0]_i_1,LUT6,SLICE_X34Y219,SLICEL.B6LUT,64'h6996966996696996
u_dut/pc0_a10[1]_i_1,LUT6,SLICE_X34Y219,SLICEL.C6LUT,64'h8117177E177E7EE8
u_dut/pc0_a10[2]_i_1,LUT6,SLICE_X34Y219,SLICEL.D6LUT,64'hFEE8E880E8808000
u_dut/pc0_a10_reg[0],FDRE,SLICE_X34Y219,SLICEL.BFF,1'b0
u_dut/pc0_a10_reg[1],FDRE,SLICE_X34Y219,SLICEL.CFF,1'b0
u_dut/pc0_a10_reg[2],FDRE,SLICE_X34Y219,SLICEL.DFF,1'b0
u_dut/pc0_a11[0]_i_1,LUT6,SLICE_X31Y222,SLICEL.B6LUT,64'h6996966996696996
u_dut/pc0_a11[1]_i_1,LUT6,SLICE_X31Y222,SLICEL.C6LUT,64'h8117177E177E7EE8
u_dut/pc0_a11[2]_i_1,LUT6,SLICE_X31Y222,SLICEL.D6LUT,64'hFEE8E880E8808000
u_dut/pc0_a11_reg[0],FDRE,SLICE_X31Y222,SLICEL.BFF,1'b0
u_dut/pc0_a11_reg[1],FDRE,SLICE_X31Y222,SLICEL.CFF,1'b0
u_dut/pc0_a11_reg[2],FDRE,SLICE_X31Y222,SLICEL.DFF,1'b0
u_dut/pc0_a12[0]_i_1,LUT6,SLICE_X30Y225,SLICEL.B6LUT,64'h6996966996696996
u_dut/pc0_a12[1]_i_1,LUT6,SLICE_X30Y225,SLICEL.C6LUT,64'h8117177E177E7EE8
u_dut/pc0_a12[2]_i_1,LUT6,SLICE_X30Y225,SLICEL.D6LUT,64'hFEE8E880E8808000
u_dut/pc0_a12_reg[0],FDRE,SLICE_X30Y225,SLICEL.BFF,1'b0
u_dut/pc0_a12_reg[1],FDRE,SLICE_X30Y225,SLICEL.CFF,1'b0
u_dut/pc0_a12_reg[2],FDRE,SLICE_X30Y225,SLICEL.DFF,1'b0
u_dut/pc0_a13[0]_i_1,LUT6,SLICE_X33Y225,SLICEL.B6LUT,64'h6996966996696996
u_dut/pc0_a13[1]_i_1,LUT6,SLICE_X33Y225,SLICEL.C6LUT,64'h8117177E177E7EE8
u_dut/pc0_a13[2]_i_1,LUT6,SLICE_X33Y225,SLICEL.D6LUT,64'hFEE8E880E8808000
u_dut/pc0_a13_reg[0],FDRE,SLICE_X33Y225,SLICEL.BFF,1'b0
u_dut/pc0_a13_reg[1],FDRE,SLICE_X33Y225,SLICEL.CFF,1'b0
u_dut/pc0_a13_reg[2],FDRE,SLICE_X33Y225,SLICEL.DFF,1'b0
u_dut/pc0_a14[0]_i_1,LUT6,SLICE_X29Y224,SLICEL.B6LUT,64'h6996966996696996
u_dut/pc0_a14[1]_i_1,LUT6,SLICE_X29Y224,SLICEL.C6LUT,64'h8117177E177E7EE8
u_dut/pc0_a14[2]_i_1,LUT6,SLICE_X29Y224,SLICEL.D6LUT,64'hFEE8E880E8808000
u_dut/pc0_a14_reg[0],FDRE,SLICE_X29Y224,SLICEL.BFF,1'b0
u_dut/pc0_a14_reg[1],FDRE,SLICE_X29Y224,SLICEL.CFF,1'b0
u_dut/pc0_a14_reg[2],FDRE,SLICE_X29Y224,SLICEL.DFF,1'b0
u_dut/pc0_a15[0]_i_1,LUT6,SLICE_X32Y222,SLICEL.B6LUT,64'h6996966996696996
u_dut/pc0_a15[1]_i_1,LUT6,SLICE_X32Y222,SLICEL.C6LUT,64'h8117177E177E7EE8
u_dut/pc0_a15[2]_i_1,LUT6,SLICE_X32Y222,SLICEL.D6LUT,64'hFEE8E880E8808000
u_dut/pc0_a15_reg[0],FDRE,SLICE_X32Y222,SLICEL.BFF,1'b0
u_dut/pc0_a15_reg[1],FDRE,SLICE_X32Y222,SLICEL.CFF,1'b0
u_dut/pc0_a15_reg[2],FDRE,SLICE_X32Y222,SLICEL.DFF,1'b0
u_dut/pc0_a16[0]_i_1,LUT6,SLICE_X31Y221,SLICEL.B6LUT,64'h6996966996696996
u_dut/pc0_a16[1]_i_1,LUT6,SLICE_X31Y221,SLICEL.C6LUT,64'h8117177E177E7EE8
u_dut/pc0_a16[2]_i_1,LUT6,SLICE_X31Y221,SLICEL.D6LUT,64'hFEE8E880E8808000
u_dut/pc0_a16_reg[0],FDRE,SLICE_X31Y221,SLICEL.BFF,1'b0
u_dut/pc0_a16_reg[1],FDRE,SLICE_X31Y221,SLICEL.CFF,1'b0
u_dut/pc0_a16_reg[2],FDRE,SLICE_X31Y221,SLICEL.DFF,1'b0
u_dut/pc0_a17[0]_i_1,LUT6,SLICE_X28Y220,SLICEL.B6LUT,64'h6996966996696996
u_dut/pc0_a17[1]_i_1,LUT6,SLICE_X28Y220,SLICEL.C6LUT,64'h8117177E177E7EE8
u_dut/pc0_a17[2]_i_1,LUT6,SLICE_X28Y220,SLICEL.D6LUT,64'hFEE8E880E8808000
u_dut/pc0_a17_reg[0],FDRE,SLICE_X28Y220,SLICEL.BFF,1'b0
u_dut/pc0_a17_reg[1],FDRE,SLICE_X28Y220,SLICEL.CFF,1'b0
u_dut/pc0_a17_reg[2],FDRE,SLICE_X28Y220,SLICEL.DFF,1'b0
u_dut/pc0_a18[0]_i_1,LUT6,SLICE_X32Y221,SLICEL.B6LUT,64'h6996966996696996
u_dut/pc0_a18[1]_i_1,LUT6,SLICE_X32Y221,SLICEL.C6LUT,64'h8117177E177E7EE8
u_dut/pc0_a18[2]_i_1,LUT6,SLICE_X32Y221,SLICEL.D6LUT,64'hFEE8E880E8808000
u_dut/pc0_a18_reg[0],FDRE,SLICE_X32Y221,SLICEL.BFF,1'b0
u_dut/pc0_a18_reg[1],FDRE,SLICE_X32Y221,SLICEL.CFF,1'b0
u_dut/pc0_a18_reg[2],FDRE,SLICE_X32Y221,SLICEL.DFF,1'b0
u_dut/pc0_a19[0]_i_1,LUT6,SLICE_X34Y221,SLICEL.A6LUT,64'h6996966996696996
u_dut/pc0_a19[1]_i_1,LUT6,SLICE_X34Y221,SLICEL.B6LUT,64'h8117177E177E7EE8
u_dut/pc0_a19[2]_i_1,LUT6,SLICE_X34Y221,SLICEL.C6LUT,64'hFEE8E880E8808000
u_dut/pc0_a19_reg[0],FDRE,SLICE_X34Y221,SLICEL.AFF,1'b0
u_dut/pc0_a19_reg[1],FDRE,SLICE_X34Y221,SLICEL.BFF,1'b0
u_dut/pc0_a19_reg[2],FDRE,SLICE_X34Y221,SLICEL.CFF,1'b0
u_dut/pc0_a1[0]_i_1,LUT6,SLICE_X36Y220,SLICEL.A6LUT,64'h6996966996696996
u_dut/pc0_a1[1]_i_1,LUT6,SLICE_X36Y220,SLICEL.B6LUT,64'h8117177E177E7EE8
u_dut/pc0_a1[2]_i_1,LUT6,SLICE_X36Y220,SLICEL.C6LUT,64'hFEE8E880E8808000
u_dut/pc0_a1_reg[0],FDRE,SLICE_X36Y220,SLICEL.AFF,1'b0
u_dut/pc0_a1_reg[1],FDRE,SLICE_X36Y220,SLICEL.BFF,1'b0
u_dut/pc0_a1_reg[2],FDRE,SLICE_X36Y220,SLICEL.CFF,1'b0
u_dut/pc0_a20[0]_i_1,LUT6,SLICE_X35Y221,SLICEL.A6LUT,64'h6996966996696996
u_dut/pc0_a20[1]_i_1,LUT6,SLICE_X35Y221,SLICEL.B6LUT,64'h8117177E177E7EE8
u_dut/pc0_a20[2]_i_1,LUT6,SLICE_X35Y221,SLICEL.C6LUT,64'hFEE8E880E8808000
u_dut/pc0_a20_reg[0],FDRE,SLICE_X35Y221,SLICEL.AFF,1'b0
u_dut/pc0_a20_reg[1],FDRE,SLICE_X35Y221,SLICEL.BFF,1'b0
u_dut/pc0_a20_reg[2],FDRE,SLICE_X35Y221,SLICEL.CFF,1'b0
u_dut/pc0_a21[0]_i_1,LUT6,SLICE_X37Y221,SLICEL.A6LUT,64'h6996966996696996
u_dut/pc0_a21[1]_i_1,LUT6,SLICE_X38Y221,SLICEM.A6LUT,64'h8117177E177E7EE8
u_dut/pc0_a21[2]_i_1,LUT6,SLICE_X38Y221,SLICEM.B6LUT,64'hFEE8E880E8808000
u_dut/pc0_a21_reg[0],FDRE,SLICE_X37Y221,SLICEL.AFF,1'b0
u_dut/pc0_a21_reg[1],FDRE,SLICE_X38Y221,SLICEM.AFF,1'b0
u_dut/pc0_a21_reg[2],FDRE,SLICE_X38Y221,SLICEM.BFF,1'b0
u_dut/pc0_a22[0]_i_1,LUT6,SLICE_X32Y220,SLICEL.B6LUT,64'h6996966996696996
u_dut/pc0_a22[1]_i_1,LUT6,SLICE_X32Y220,SLICEL.C6LUT,64'h8117177E177E7EE8
u_dut/pc0_a22[2]_i_1,LUT6,SLICE_X32Y220,SLICEL.D6LUT,64'hFEE8E880E8808000
u_dut/pc0_a22_reg[0],FDRE,SLICE_X32Y220,SLICEL.BFF,1'b0
u_dut/pc0_a22_reg[1],FDRE,SLICE_X32Y220,SLICEL.CFF,1'b0
u_dut/pc0_a22_reg[2],FDRE,SLICE_X32Y220,SLICEL.DFF,1'b0
u_dut/pc0_a23[0]_i_1,LUT6,SLICE_X28Y221,SLICEL.B6LUT,64'h6996966996696996
u_dut/pc0_a23[1]_i_1,LUT6,SLICE_X28Y221,SLICEL.C6LUT,64'h8117177E177E7EE8
u_dut/pc0_a23[2]_i_1,LUT6,SLICE_X28Y221,SLICEL.D6LUT,64'hFEE8E880E8808000
u_dut/pc0_a23_reg[0],FDRE,SLICE_X28Y221,SLICEL.BFF,1'b0
u_dut/pc0_a23_reg[1],FDRE,SLICE_X28Y221,SLICEL.CFF,1'b0
u_dut/pc0_a23_reg[2],FDRE,SLICE_X28Y221,SLICEL.DFF,1'b0
u_dut/pc0_a24[0]_i_1,LUT6,SLICE_X32Y225,SLICEL.B6LUT,64'h6996966996696996
u_dut/pc0_a24[1]_i_1,LUT6,SLICE_X32Y225,SLICEL.C6LUT,64'h8117177E177E7EE8
u_dut/pc0_a24[2]_i_1,LUT6,SLICE_X32Y225,SLICEL.D6LUT,64'hFEE8E880E8808000
u_dut/pc0_a24_reg[0],FDRE,SLICE_X32Y225,SLICEL.BFF,1'b0
u_dut/pc0_a24_reg[1],FDRE,SLICE_X32Y225,SLICEL.CFF,1'b0
u_dut/pc0_a24_reg[2],FDRE,SLICE_X32Y225,SLICEL.DFF,1'b0
u_dut/pc0_a25[0]_i_1,LUT6,SLICE_X34Y222,SLICEL.A6LUT,64'h6996966996696996
u_dut/pc0_a25[1]_i_1,LUT6,SLICE_X34Y222,SLICEL.B6LUT,64'h8117177E177E7EE8
u_dut/pc0_a25[2]_i_1,LUT6,SLICE_X34Y222,SLICEL.C6LUT,64'hFEE8E880E8808000
u_dut/pc0_a25_reg[0],FDRE,SLICE_X34Y222,SLICEL.AFF,1'b0
u_dut/pc0_a25_reg[1],FDRE,SLICE_X34Y222,SLICEL.BFF,1'b0
u_dut/pc0_a25_reg[2],FDRE,SLICE_X34Y222,SLICEL.CFF,1'b0
u_dut/pc0_a26[0]_i_1,LUT6,SLICE_X40Y220,SLICEL.A6LUT,64'h6996966996696996
u_dut/pc0_a26[1]_i_1,LUT6,SLICE_X40Y220,SLICEL.B6LUT,64'h8117177E177E7EE8
u_dut/pc0_a26[2]_i_1,LUT6,SLICE_X40Y220,SLICEL.C6LUT,64'hFEE8E880E8808000
u_dut/pc0_a26_reg[0],FDRE,SLICE_X40Y220,SLICEL.AFF,1'b0
u_dut/pc0_a26_reg[1],FDRE,SLICE_X40Y220,SLICEL.BFF,1'b0
u_dut/pc0_a26_reg[2],FDRE,SLICE_X40Y220,SLICEL.CFF,1'b0
u_dut/pc0_a27[0]_i_1,LUT6,SLICE_X30Y222,SLICEL.C6LUT,64'h6996966996696996
u_dut/pc0_a27[1]_i_1,LUT6,SLICE_X30Y222,SLICEL.D6LUT,64'h8117177E177E7EE8
u_dut/pc0_a27[2]_i_1,LUT6,SLICE_X30Y221,SLICEL.D6LUT,64'hFEE8E880E8808000
u_dut/pc0_a27_reg[0],FDRE,SLICE_X30Y222,SLICEL.CFF,1'b0
u_dut/pc0_a27_reg[1],FDRE,SLICE_X30Y222,SLICEL.DFF,1'b0
u_dut/pc0_a27_reg[2],FDRE,SLICE_X30Y221,SLICEL.DFF,1'b0
u_dut/pc0_a28[0]_i_1,LUT6,SLICE_X32Y223,SLICEL.A6LUT,64'h6996966996696996
u_dut/pc0_a28[1]_i_1,LUT6,SLICE_X32Y223,SLICEL.B6LUT,64'h8117177E177E7EE8
u_dut/pc0_a28[2]_i_1,LUT6,SLICE_X32Y224,SLICEL.B6LUT,64'hFEE8E880E8808000
u_dut/pc0_a28_reg[0],FDRE,SLICE_X32Y223,SLICEL.AFF,1'b0
u_dut/pc0_a28_reg[1],FDRE,SLICE_X32Y223,SLICEL.BFF,1'b0
u_dut/pc0_a28_reg[2],FDRE,SLICE_X32Y224,SLICEL.BFF,1'b0
u_dut/pc0_a29[0]_i_1,LUT6,SLICE_X27Y224,SLICEL.B6LUT,64'h6996966996696996
u_dut/pc0_a29[1]_i_1,LUT6,SLICE_X27Y224,SLICEL.C6LUT,64'h8117177E177E7EE8
u_dut/pc0_a29[2]_i_1,LUT6,SLICE_X27Y224,SLICEL.D6LUT,64'hFEE8E880E8808000
u_dut/pc0_a29_reg[0],FDRE,SLICE_X27Y224,SLICEL.BFF,1'b0
u_dut/pc0_a29_reg[1],FDRE,SLICE_X27Y224,SLICEL.CFF,1'b0
u_dut/pc0_a29_reg[2],FDRE,SLICE_X27Y224,SLICEL.DFF,1'b0
u_dut/pc0_a2[0]_i_1,LUT6,SLICE_X39Y219,SLICEL.A6LUT,64'h6996966996696996
u_dut/pc0_a2[1]_i_1,LUT6,SLICE_X39Y219,SLICEL.B6LUT,64'h8117177E177E7EE8
u_dut/pc0_a2[2]_i_1,LUT6,SLICE_X38Y219,SLICEM.B6LUT,64'hFEE8E880E8808000
u_dut/pc0_a2_reg[0],FDRE,SLICE_X39Y219,SLICEL.AFF,1'b0
u_dut/pc0_a2_reg[1],FDRE,SLICE_X39Y219,SLICEL.BFF,1'b0
u_dut/pc0_a2_reg[2],FDRE,SLICE_X38Y219,SLICEM.BFF,1'b0
u_dut/pc0_a30[0]_i_1,LUT6,SLICE_X34Y226,SLICEL.B6LUT,64'h6996966996696996
u_dut/pc0_a30[1]_i_1,LUT6,SLICE_X34Y226,SLICEL.C6LUT,64'h8117177E177E7EE8
u_dut/pc0_a30[2]_i_1,LUT6,SLICE_X34Y226,SLICEL.D6LUT,64'hFEE8E880E8808000
u_dut/pc0_a30_reg[0],FDRE,SLICE_X34Y226,SLICEL.BFF,1'b0
u_dut/pc0_a30_reg[1],FDRE,SLICE_X34Y226,SLICEL.CFF,1'b0
u_dut/pc0_a30_reg[2],FDRE,SLICE_X34Y226,SLICEL.DFF,1'b0
u_dut/pc0_a31[0]_i_1,LUT6,SLICE_X29Y222,SLICEL.A6LUT,64'h6996966996696996
u_dut/pc0_a31[1]_i_1,LUT6,SLICE_X29Y222,SLICEL.B6LUT,64'h8117177E177E7EE8
u_dut/pc0_a31[2]_i_1,LUT6,SLICE_X29Y222,SLICEL.C6LUT,64'hFEE8E880E8808000
u_dut/pc0_a31_reg[0],FDRE,SLICE_X29Y222,SLICEL.AFF,1'b0
u_dut/pc0_a31_reg[1],FDRE,SLICE_X29Y222,SLICEL.BFF,1'b0
u_dut/pc0_a31_reg[2],FDRE,SLICE_X29Y222,SLICEL.CFF,1'b0
u_dut/pc0_a32[0]_i_1,LUT6,SLICE_X34Y225,SLICEL.B6LUT,64'h6996966996696996
u_dut/pc0_a32[1]_i_1,LUT6,SLICE_X34Y225,SLICEL.C6LUT,64'h8117177E177E7EE8
u_dut/pc0_a32[2]_i_1,LUT6,SLICE_X34Y225,SLICEL.D6LUT,64'hFEE8E880E8808000
u_dut/pc0_a32_reg[0],FDRE,SLICE_X34Y225,SLICEL.BFF,1'b0
u_dut/pc0_a32_reg[1],FDRE,SLICE_X34Y225,SLICEL.CFF,1'b0
u_dut/pc0_a32_reg[2],FDRE,SLICE_X34Y225,SLICEL.DFF,1'b0
u_dut/pc0_a33[0]_i_1,LUT2,SLICE_X34Y224,SLICEL.A6LUT,4'h6
u_dut/pc0_a33[1]_i_1,LUT2,SLICE_X34Y224,SLICEL.A5LUT,4'h8
u_dut/pc0_a33_reg[0],FDRE,SLICE_X34Y224,SLICEL.AFF,1'b0
u_dut/pc0_a33_reg[1],FDRE,SLICE_X34Y224,SLICEL.A5FF,1'b0
u_dut/pc0_a3[0]_i_1,LUT6,SLICE_X28Y225,SLICEL.B6LUT,64'h6996966996696996
u_dut/pc0_a3[1]_i_1,LUT6,SLICE_X28Y225,SLICEL.C6LUT,64'h8117177E177E7EE8
u_dut/pc0_a3[2]_i_1,LUT6,SLICE_X28Y225,SLICEL.D6LUT,64'hFEE8E880E8808000
u_dut/pc0_a3_reg[0],FDRE,SLICE_X28Y225,SLICEL.BFF,1'b0
u_dut/pc0_a3_reg[1],FDRE,SLICE_X28Y225,SLICEL.CFF,1'b0
u_dut/pc0_a3_reg[2],FDRE,SLICE_X28Y225,SLICEL.DFF,1'b0
u_dut/pc0_a4[0]_i_1,LUT6,SLICE_X30Y223,SLICEL.B6LUT,64'h6996966996696996
u_dut/pc0_a4[1]_i_1,LUT6,SLICE_X30Y223,SLICEL.C6LUT,64'h8117177E177E7EE8
u_dut/pc0_a4[2]_i_1,LUT6,SLICE_X30Y223,SLICEL.D6LUT,64'hFEE8E880E8808000
u_dut/pc0_a4_reg[0],FDRE,SLICE_X30Y223,SLICEL.BFF,1'b0
u_dut/pc0_a4_reg[1],FDRE,SLICE_X30Y223,SLICEL.CFF,1'b0
u_dut/pc0_a4_reg[2],FDRE,SLICE_X30Y223,SLICEL.DFF,1'b0
u_dut/pc0_a5[0]_i_1,LUT6,SLICE_X33Y221,SLICEL.B6LUT,64'h6996966996696996
u_dut/pc0_a5[1]_i_1,LUT6,SLICE_X33Y221,SLICEL.C6LUT,64'h8117177E177E7EE8
u_dut/pc0_a5[2]_i_1,LUT6,SLICE_X33Y221,SLICEL.D6LUT,64'hFEE8E880E8808000
u_dut/pc0_a5_reg[0],FDRE,SLICE_X33Y221,SLICEL.BFF,1'b0
u_dut/pc0_a5_reg[1],FDRE,SLICE_X33Y221,SLICEL.CFF,1'b0
u_dut/pc0_a5_reg[2],FDRE,SLICE_X33Y221,SLICEL.DFF,1'b0
u_dut/pc0_a6[0]_i_1,LUT6,SLICE_X25Y223,SLICEL.B6LUT,64'h6996966996696996
u_dut/pc0_a6[1]_i_1,LUT6,SLICE_X25Y223,SLICEL.C6LUT,64'h8117177E177E7EE8
u_dut/pc0_a6[2]_i_1,LUT6,SLICE_X25Y223,SLICEL.D6LUT,64'hFEE8E880E8808000
u_dut/pc0_a6_reg[0],FDRE,SLICE_X25Y223,SLICEL.BFF,1'b0
u_dut/pc0_a6_reg[1],FDRE,SLICE_X25Y223,SLICEL.CFF,1'b0
u_dut/pc0_a6_reg[2],FDRE,SLICE_X25Y223,SLICEL.DFF,1'b0
u_dut/pc0_a7[0]_i_1,LUT6,SLICE_X27Y223,SLICEL.B6LUT,64'h6996966996696996
u_dut/pc0_a7[1]_i_1,LUT6,SLICE_X27Y223,SLICEL.C6LUT,64'h8117177E177E7EE8
u_dut/pc0_a7[2]_i_1,LUT6,SLICE_X27Y223,SLICEL.D6LUT,64'hFEE8E880E8808000
u_dut/pc0_a7_reg[0],FDRE,SLICE_X27Y223,SLICEL.BFF,1'b0
u_dut/pc0_a7_reg[1],FDRE,SLICE_X27Y223,SLICEL.CFF,1'b0
u_dut/pc0_a7_reg[2],FDRE,SLICE_X27Y223,SLICEL.DFF,1'b0
u_dut/pc0_a8[0]_i_1,LUT6,SLICE_X31Y223,SLICEL.B6LUT,64'h6996966996696996
u_dut/pc0_a8[1]_i_1,LUT6,SLICE_X31Y223,SLICEL.C6LUT,64'h8117177E177E7EE8
u_dut/pc0_a8[2]_i_1,LUT6,SLICE_X31Y223,SLICEL.D6LUT,64'hFEE8E880E8808000
u_dut/pc0_a8_reg[0],FDRE,SLICE_X31Y223,SLICEL.BFF,1'b0
u_dut/pc0_a8_reg[1],FDRE,SLICE_X31Y223,SLICEL.CFF,1'b0
u_dut/pc0_a8_reg[2],FDRE,SLICE_X31Y223,SLICEL.DFF,1'b0
u_dut/pc0_a9[0]_i_1,LUT6,SLICE_X33Y222,SLICEL.A6LUT,64'h6996966996696996
u_dut/pc0_a9[1]_i_1,LUT6,SLICE_X33Y222,SLICEL.B6LUT,64'h8117177E177E7EE8
u_dut/pc0_a9[2]_i_1,LUT6,SLICE_X33Y222,SLICEL.C6LUT,64'hFEE8E880E8808000
u_dut/pc0_a9_reg[0],FDRE,SLICE_X33Y222,SLICEL.AFF,1'b0
u_dut/pc0_a9_reg[1],FDRE,SLICE_X33Y222,SLICEL.BFF,1'b0
u_dut/pc0_a9_reg[2],FDRE,SLICE_X33Y222,SLICEL.CFF,1'b0
u_dut/pc0_r2_0[0]_i_1,LUT4,SLICE_X40Y220,SLICEL.D6LUT,16'h6996
u_dut/pc0_r2_0[1]_i_1,LUT5,SLICE_X39Y220,SLICEL.A6LUT,32'h81177EE8
u_dut/pc0_r2_0[1]_i_2,LUT4,SLICE_X39Y220,SLICEL.B6LUT,16'h6996
u_dut/pc0_r2_0[2]_i_1,LUT6,SLICE_X39Y220,SLICEL.C6LUT,64'h9669699666666666
u_dut/pc0_r2_0[2]_i_2,LUT5,SLICE_X39Y220,SLICEL.A5LUT,32'hFEE88000
u_dut/pc0_r2_0[2]_i_3,LUT5,SLICE_X38Y220,SLICEM.D6LUT,32'h96696996
u_dut/pc0_r2_0[3]_i_1,LUT6,SLICE_X38Y220,SLICEM.B6LUT,64'hA99595569556566A
u_dut/pc0_r2_0[4]_i_1,LUT6,SLICE_X38Y220,SLICEM.C6LUT,64'hFEEAEAA8EAA8A880
u_dut/pc0_r2_0[4]_i_2,LUT6,SLICE_X39Y220,SLICEL.D6LUT,64'hEBBEAAAA82280000
u_dut/pc0_r2_0[4]_i_3,LUT3,SLICE_X39Y220,SLICEL.B5LUT,8'hE8
u_dut/pc0_r2_0_reg[0],FDRE,SLICE_X40Y220,SLICEL.DFF,1'b0
u_dut/pc0_r2_0_reg[1],FDRE,SLICE_X39Y220,SLICEL.AFF,1'b0
u_dut/pc0_r2_0_reg[2],FDRE,SLICE_X39Y220,SLICEL.CFF,1'b0
u_dut/pc0_r2_0_reg[3],FDRE,SLICE_X38Y220,SLICEM.BFF,1'b0
u_dut/pc0_r2_0_reg[4],FDRE,SLICE_X38Y220,SLICEM.CFF,1'b0
u_dut/pc0_r2_1[0]_i_1,LUT4,SLICE_X32Y223,SLICEL.C6LUT,16'h6996
u_dut/pc0_r2_1[1]_i_1,LUT5,SLICE_X32Y223,SLICEL.D6LUT,32'h81177EE8
u_dut/pc0_r2_1[1]_i_2,LUT4,SLICE_X32Y224,SLICEL.C6LUT,16'h6996
u_dut/pc0_r2_1[2]_i_1,LUT6,SLICE_X32Y224,SLICEL.D6LUT,64'h9669699666666666
u_dut/pc0_r2_1[2]_i_2,LUT5,SLICE_X32Y223,SLICEL.D5LUT,32'hFEE88000
u_dut/pc0_r2_1[2]_i_3,LUT5,SLICE_X33Y224,SLICEL.C6LUT,32'h96696996
u_dut/pc0_r2_1[3]_i_1,LUT6,SLICE_X34Y224,SLICEL.B6LUT,64'hA99595569556566A
u_dut/pc0_r2_1[4]_i_1,LUT6,SLICE_X34Y224,SLICEL.C6LUT,64'hFEEAEAA8EAA8A880
u_dut/pc0_r2_1[4]_i_2,LUT6,SLICE_X33Y224,SLICEL.B6LUT,64'hEBBEAAAA82280000
u_dut/pc0_r2_1[4]_i_3,LUT3,SLICE_X32Y224,SLICEL.C5LUT,8'hE8
u_dut/pc0_r2_1_reg[0],FDRE,SLICE_X32Y223,SLICEL.CFF,1'b0
u_dut/pc0_r2_1_reg[1],FDRE,SLICE_X38Y223,SLICEM.C5FF,1'b0
u_dut/pc0_r2_1_reg[2],FDRE,SLICE_X32Y224,SLICEL.DFF,1'b0
u_dut/pc0_r2_1_reg[3],FDRE,SLICE_X34Y224,SLICEL.BFF,1'b0
u_dut/pc0_r2_1_reg[4],FDRE,SLICE_X34Y224,SLICEL.CFF,1'b0
u_dut/pc0_r2_2[0]_i_1,LUT4,SLICE_X36Y222,SLICEL.A6LUT,16'h6996
u_dut/pc0_r2_2[1]_i_1,LUT5,SLICE_X37Y222,SLICEL.A6LUT,32'h81177EE8
u_dut/pc0_r2_2[1]_i_2,LUT4,SLICE_X37Y222,SLICEL.B6LUT,16'h6996
u_dut/pc0_r2_2[2]_i_1,LUT6,SLICE_X37Y222,SLICEL.C6LUT,64'h9669699666666666
u_dut/pc0_r2_2[2]_i_2,LUT5,SLICE_X37Y222,SLICEL.A5LUT,32'hFEE88000
u_dut/pc0_r2_2[2]_i_3,LUT5,SLICE_X37Y223,SLICEL.D6LUT,32'h96696996
u_dut/pc0_r2_2[3]_i_1,LUT6,SLICE_X37Y223,SLICEL.A6LUT,64'hA99595569556566A
u_dut/pc0_r2_2[4]_i_1,LUT6,SLICE_X37Y223,SLICEL.B6LUT,64'hFEEAEAA8EAA8A880
u_dut/pc0_r2_2[4]_i_2,LUT6,SLICE_X37Y222,SLICEL.D6LUT,64'hEBBEAAAA82280000
u_dut/pc0_r2_2[4]_i_3,LUT3,SLICE_X37Y222,SLICEL.B5LUT,8'hE8
u_dut/pc0_r2_2_reg[0],FDRE,SLICE_X36Y222,SLICEL.AFF,1'b0
u_dut/pc0_r2_2_reg[1],FDRE,SLICE_X39Y222,SLICEL.A5FF,1'b0
u_dut/pc0_r2_2_reg[2],FDRE,SLICE_X37Y222,SLICEL.CFF,1'b0
u_dut/pc0_r2_2_reg[3],FDRE,SLICE_X37Y223,SLICEL.AFF,1'b0
u_dut/pc0_r2_2_reg[4],FDRE,SLICE_X37Y223,SLICEL.BFF,1'b0
u_dut/pc0_r2_3[0]_i_1,LUT4,SLICE_X37Y225,SLICEL.A6LUT,16'h6996
u_dut/pc0_r2_3[1]_i_1,LUT5,SLICE_X37Y225,SLICEL.B6LUT,32'h81177EE8
u_dut/pc0_r2_3[1]_i_2,LUT4,SLICE_X36Y225,SLICEL.B6LUT,16'h6996
u_dut/pc0_r2_3[2]_i_1,LUT6,SLICE_X37Y225,SLICEL.C6LUT,64'h9669699666666666
u_dut/pc0_r2_3[2]_i_2,LUT5,SLICE_X37Y225,SLICEL.B5LUT,32'hFEE88000
u_dut/pc0_r2_3[2]_i_3,LUT5,SLICE_X38Y225,SLICEM.C6LUT,32'h96696996
u_dut/pc0_r2_3[3]_i_1,LUT6,SLICE_X38Y225,SLICEM.A6LUT,64'hA99595569556566A
u_dut/pc0_r2_3[4]_i_1,LUT6,SLICE_X38Y225,SLICEM.B6LUT,64'hFEEAEAA8EAA8A880
u_dut/pc0_r2_3[4]_i_2,LUT6,SLICE_X37Y225,SLICEL.D6LUT,64'hEBBEAAAA82280000
u_dut/pc0_r2_3[4]_i_3,LUT3,SLICE_X36Y225,SLICEL.B5LUT,8'hE8
u_dut/pc0_r2_3_reg[0],FDRE,SLICE_X37Y225,SLICEL.AFF,1'b0
u_dut/pc0_r2_3_reg[1],FDRE,SLICE_X37Y225,SLICEL.A5FF,1'b0
u_dut/pc0_r2_3_reg[2],FDRE,SLICE_X37Y225,SLICEL.CFF,1'b0
u_dut/pc0_r2_3_reg[3],FDRE,SLICE_X38Y225,SLICEM.AFF,1'b0
u_dut/pc0_r2_3_reg[4],FDRE,SLICE_X38Y225,SLICEM.BFF,1'b0
u_dut/pc0_r2_4[0]_i_1,LUT4,SLICE_X35Y221,SLICEL.D6LUT,16'h6996
u_dut/pc0_r2_4[1]_i_1,LUT5,SLICE_X36Y221,SLICEL.A6LUT,32'h81177EE8
u_dut/pc0_r2_4[1]_i_2,LUT4,SLICE_X36Y221,SLICEL.B6LUT,16'h6996
u_dut/pc0_r2_4[2]_i_1,LUT6,SLICE_X36Y221,SLICEL.C6LUT,64'h9669699666666666
u_dut/pc0_r2_4[2]_i_2,LUT5,SLICE_X36Y221,SLICEL.A5LUT,32'hFEE88000
u_dut/pc0_r2_4[2]_i_3,LUT5,SLICE_X36Y222,SLICEL.D6LUT,32'h96696996
u_dut/pc0_r2_4[3]_i_1,LUT6,SLICE_X36Y222,SLICEL.B6LUT,64'hA99595569556566A
u_dut/pc0_r2_4[4]_i_1,LUT6,SLICE_X36Y222,SLICEL.C6LUT,64'hFEEAEAA8EAA8A880
u_dut/pc0_r2_4[4]_i_2,LUT6,SLICE_X36Y221,SLICEL.D6LUT,64'hEBBEAAAA82280000
u_dut/pc0_r2_4[4]_i_3,LUT3,SLICE_X36Y221,SLICEL.B5LUT,8'hE8
u_dut/pc0_r2_4_reg[0],FDRE,SLICE_X35Y221,SLICEL.DFF,1'b0
u_dut/pc0_r2_4_reg[1],FDRE,SLICE_X36Y221,SLICEL.AFF,1'b0
u_dut/pc0_r2_4_reg[2],FDRE,SLICE_X36Y221,SLICEL.CFF,1'b0
u_dut/pc0_r2_4_reg[3],FDRE,SLICE_X36Y222,SLICEL.BFF,1'b0
u_dut/pc0_r2_4_reg[4],FDRE,SLICE_X36Y222,SLICEL.CFF,1'b0
u_dut/pc0_r2_5[0]_i_1,LUT4,SLICE_X38Y221,SLICEM.C6LUT,16'h6996
u_dut/pc0_r2_5[1]_i_1,LUT5,SLICE_X38Y221,SLICEM.D6LUT,32'h81177EE8
u_dut/pc0_r2_5[1]_i_2,LUT4,SLICE_X39Y221,SLICEL.A6LUT,16'h6996
u_dut/pc0_r2_5[2]_i_1,LUT6,SLICE_X39Y221,SLICEL.B6LUT,64'h9669699666666666
u_dut/pc0_r2_5[2]_i_2,LUT5,SLICE_X38Y221,SLICEM.D5LUT,32'hFEE88000
u_dut/pc0_r2_5[2]_i_3,LUT5,SLICE_X40Y221,SLICEL.C6LUT,32'h96696996
u_dut/pc0_r2_5[3]_i_1,LUT6,SLICE_X40Y221,SLICEL.A6LUT,64'hA99595569556566A
u_dut/pc0_r2_5[4]_i_1,LUT6,SLICE_X40Y221,SLICEL.B6LUT,64'hFEEAEAA8EAA8A880
u_dut/pc0_r2_5[4]_i_2,LUT6,SLICE_X39Y221,SLICEL.C6LUT,64'hEBBEAAAA82280000
u_dut/pc0_r2_5[4]_i_3,LUT3,SLICE_X39Y221,SLICEL.A5LUT,8'hE8
u_dut/pc0_r2_5_reg[0],FDRE,SLICE_X38Y221,SLICEM.CFF,1'b0
u_dut/pc0_r2_5_reg[1],FDRE,SLICE_X39Y221,SLICEL.AFF,1'b0
u_dut/pc0_r2_5_reg[2],FDRE,SLICE_X39Y221,SLICEL.BFF,1'b0
u_dut/pc0_r2_5_reg[3],FDRE,SLICE_X40Y221,SLICEL.AFF,1'b0
u_dut/pc0_r2_5_reg[4],FDRE,SLICE_X40Y221,SLICEL.BFF,1'b0
u_dut/pc0_r2_6[0]_i_1,LUT4,SLICE_X39Y222,SLICEL.A6LUT,16'h6996
u_dut/pc0_r2_6[1]_i_1,LUT5,SLICE_X40Y222,SLICEL.A6LUT,32'h81177EE8
u_dut/pc0_r2_6[1]_i_2,LUT4,SLICE_X40Y222,SLICEL.B6LUT,16'h6996
u_dut/pc0_r2_6[2]_i_1,LUT6,SLICE_X40Y222,SLICEL.C6LUT,64'h9669699666666666
u_dut/pc0_r2_6[2]_i_2,LUT5,SLICE_X40Y222,SLICEL.A5LUT,32'hFEE88000
u_dut/pc0_r2_6[2]_i_3,LUT5,SLICE_X40Y221,SLICEL.D6LUT,32'h96696996
u_dut/pc0_r2_6[3]_i_1,LUT6,SLICE_X41Y221,SLICEL.A6LUT,64'hA99595569556566A
u_dut/pc0_r2_6[4]_i_1,LUT6,SLICE_X41Y221,SLICEL.B6LUT,64'hFEEAEAA8EAA8A880
u_dut/pc0_r2_6[4]_i_2,LUT6,SLICE_X40Y222,SLICEL.D6LUT,64'hEBBEAAAA82280000
u_dut/pc0_r2_6[4]_i_3,LUT3,SLICE_X40Y222,SLICEL.B5LUT,8'hE8
u_dut/pc0_r2_6_reg[0],FDRE,SLICE_X39Y222,SLICEL.AFF,1'b0
u_dut/pc0_r2_6_reg[1],FDRE,SLICE_X39Y222,SLICEL.BFF,1'b0
u_dut/pc0_r2_6_reg[2],FDRE,SLICE_X40Y222,SLICEL.CFF,1'b0
u_dut/pc0_r2_6_reg[3],FDRE,SLICE_X41Y221,SLICEL.AFF,1'b0
u_dut/pc0_r2_6_reg[4],FDRE,SLICE_X41Y221,SLICEL.BFF,1'b0
u_dut/pc0_r2_7[0]_i_1,LUT4,SLICE_X37Y223,SLICEL.C6LUT,16'h6996
u_dut/pc0_r2_7[1]_i_1,LUT5,SLICE_X35Y223,SLICEL.A6LUT,32'h81177EE8
u_dut/pc0_r2_7[1]_i_2,LUT4,SLICE_X35Y223,SLICEL.B6LUT,16'h6996
u_dut/pc0_r2_7[2]_i_1,LUT6,SLICE_X35Y223,SLICEL.C6LUT,64'h9669699666666666
u_dut/pc0_r2_7[2]_i_2,LUT5,SLICE_X35Y223,SLICEL.A5LUT,32'hFEE88000
u_dut/pc0_r2_7[2]_i_3,LUT5,SLICE_X35Y224,SLICEL.C6LUT,32'h96696996
u_dut/pc0_r2_7[3]_i_1,LUT6,SLICE_X37Y224,SLICEL.A6LUT,64'hA99595569556566A
u_dut/pc0_r2_7[4]_i_1,LUT6,SLICE_X37Y224,SLICEL.B6LUT,64'hFEEAEAA8EAA8A880
u_dut/pc0_r2_7[4]_i_2,LUT6,SLICE_X35Y223,SLICEL.D6LUT,64'hEBBEAAAA82280000
u_dut/pc0_r2_7[4]_i_3,LUT3,SLICE_X35Y223,SLICEL.B5LUT,8'hE8
u_dut/pc0_r2_7_reg[0],FDRE,SLICE_X37Y223,SLICEL.CFF,1'b0
u_dut/pc0_r2_7_reg[1],FDRE,SLICE_X37Y222,SLICEL.AFF,1'b0
u_dut/pc0_r2_7_reg[2],FDRE,SLICE_X35Y223,SLICEL.CFF,1'b0
u_dut/pc0_r2_7_reg[3],FDRE,SLICE_X37Y224,SLICEL.AFF,1'b0
u_dut/pc0_r2_7_reg[4],FDRE,SLICE_X37Y224,SLICEL.BFF,1'b0
u_dut/pc0_r2_8[0]_i_1,LUT2,SLICE_X35Y225,SLICEL.C6LUT,4'h6
u_dut/pc0_r2_8[1]_i_1,LUT4,SLICE_X35Y225,SLICEL.C5LUT,16'h8778
u_dut/pc0_r2_8[2]_i_1,LUT5,SLICE_X35Y225,SLICEL.D6LUT,32'h077FF880
u_dut/pc0_r2_8[3]_i_1,LUT5,SLICE_X35Y225,SLICEL.D5LUT,32'hAA808000
u_dut/pc0_r2_8_reg[0],FDRE,SLICE_X35Y225,SLICEL.CFF,1'b0
u_dut/pc0_r2_8_reg[1],FDRE,SLICE_X35Y225,SLICEL.C5FF,1'b0
u_dut/pc0_r2_8_reg[2],FDRE,SLICE_X35Y225,SLICEL.DFF,1'b0
u_dut/pc0_r2_8_reg[3],FDRE,SLICE_X35Y225,SLICEL.D5FF,1'b0
u_dut/pc0_r4_0[3]_i_2,LUT5,SLICE_X40Y223,SLICEL.B6LUT,32'hEEE8E888
u_dut/pc0_r4_0[3]_i_3,LUT5,SLICE_X40Y223,SLICEL.B5LUT,32'hE81717E8
u_dut/pc0_r4_0[3]_i_4,LUT4,SLICE_X40Y223,SLICEL.D6LUT,16'h6996
u_dut/pc0_r4_0[3]_i_5,LUT6,SLICE_X39Y223,SLICEL.D6LUT,64'h6969699669969696
u_dut/pc0_r4_0[3]_i_6,LUT6,SLICE_X39Y223,SLICEL.C6LUT,64'h6999999699969666
u_dut/pc0_r4_0[3]_i_7,LUT4,SLICE_X39Y223,SLICEL.B6LUT,16'h566A
u_dut/pc0_r4_0[3]_i_8,LUT4,SLICE_X39Y223,SLICEL.A6LUT,16'h6996
u_dut/pc0_r4_0[3]_i_9,LUT3,SLICE_X38Y224,SLICEM.B6LUT,8'h96
u_dut/pc0_r4_0[6]_i_2,LUT5,SLICE_X38Y224,SLICEM.C6LUT,32'hEEE8E888
u_dut/pc0_r4_0[6]_i_3,LUT5,SLICE_X38Y224,SLICEM.B5LUT,32'hEEE8E888
u_dut/pc0_r4_0[6]_i_4,LUT5,SLICE_X39Y224,SLICEL.B6LUT,32'h177E7EE8
u_dut/pc0_r4_0[6]_i_5,LUT6,SLICE_X39Y224,SLICEL.A6LUT,64'h6969699669969696
u_dut/pc0_r4_0[6]_i_6,LUT3,SLICE_X38Y224,SLICEM.D6LUT,8'h96
u_dut/pc0_r4_0[6]_i_7,LUT3,SLICE_X38Y224,SLICEM.A6LUT,8'h96
u_dut/pc0_r4_0[6]_i_8,LUT3,SLICE_X38Y224,SLICEM.A5LUT,8'hE8
u_dut/pc0_r4_0_reg[0],FDRE,SLICE_X39Y223,SLICEL.AFF,1'b0
u_dut/pc0_r4_0_reg[1],FDRE,SLICE_X39Y223,SLICEL.BFF,1'b0
u_dut/pc0_r4_0_reg[2],FDRE,SLICE_X39Y223,SLICEL.CFF,1'b0
u_dut/pc0_r4_0_reg[3],FDRE,SLICE_X39Y223,SLICEL.DFF,1'b0
u_dut/pc0_r4_0_reg[3]_i_1,CARRY4,SLICE_X39Y223,SLICEL.CARRY4,
u_dut/pc0_r4_0_reg[4],FDRE,SLICE_X39Y224,SLICEL.AFF,1'b0
u_dut/pc0_r4_0_reg[5],FDRE,SLICE_X39Y224,SLICEL.BFF,1'b0
u_dut/pc0_r4_0_reg[6],FDRE,SLICE_X39Y224,SLICEL.CFF,1'b0
u_dut/pc0_r4_0_reg[6]_i_1,CARRY4,SLICE_X39Y224,SLICEL.CARRY4,
u_dut/pc0_r4_1[3]_i_2,LUT5,SLICE_X39Y222,SLICEL.C6LUT,32'hEEE8E888
u_dut/pc0_r4_1[3]_i_3,LUT5,SLICE_X39Y222,SLICEL.C5LUT,32'hE81717E8
u_dut/pc0_r4_1[3]_i_4,LUT4,SLICE_X39Y222,SLICEL.D6LUT,16'h6996
u_dut/pc0_r4_1[3]_i_5,LUT6,SLICE_X38Y222,SLICEM.D6LUT,64'h6969699669969696
u_dut/pc0_r4_1[3]_i_6,LUT6,SLICE_X38Y222,SLICEM.C6LUT,64'h6999999699969666
u_dut/pc0_r4_1[3]_i_7,LUT4,SLICE_X38Y222,SLICEM.B6LUT,16'h566A
u_dut/pc0_r4_1[3]_i_8,LUT4,SLICE_X38Y222,SLICEM.A6LUT,16'h6996
u_dut/pc0_r4_1[3]_i_9,LUT3,SLICE_X39Y222,SLICEL.B6LUT,8'h96
u_dut/pc0_r4_1[6]_i_2,LUT5,SLICE_X40Y223,SLICEL.C6LUT,32'hEEE8E888
u_dut/pc0_r4_1[6]_i_3,LUT5,SLICE_X39Y222,SLICEL.B5LUT,32'hEEE8E888
u_dut/pc0_r4_1[6]_i_4,LUT5,SLICE_X38Y223,SLICEM.B6LUT,32'h177E7EE8
u_dut/pc0_r4_1[6]_i_5,LUT6,SLICE_X38Y223,SLICEM.A6LUT,64'h6969699669969696
u_dut/pc0_r4_1[6]_i_6,LUT3,SLICE_X41Y223,SLICEL.B6LUT,8'h96
u_dut/pc0_r4_1[6]_i_7,LUT3,SLICE_X40Y223,SLICEL.A6LUT,8'h96
u_dut/pc0_r4_1[6]_i_8,LUT3,SLICE_X40Y223,SLICEL.A5LUT,8'hE8
u_dut/pc0_r4_1_reg[0],FDRE,SLICE_X38Y222,SLICEM.AFF,1'b0
u_dut/pc0_r4_1_reg[1],FDRE,SLICE_X38Y222,SLICEM.BFF,1'b0
u_dut/pc0_r4_1_reg[2],FDRE,SLICE_X38Y222,SLICEM.CFF,1'b0
u_dut/pc0_r4_1_reg[3],FDRE,SLICE_X38Y222,SLICEM.DFF,1'b0
u_dut/pc0_r4_1_reg[3]_i_1,CARRY4,SLICE_X38Y222,SLICEM.CARRY4,
u_dut/pc0_r4_1_reg[4],FDRE,SLICE_X38Y223,SLICEM.AFF,1'b0
u_dut/pc0_r4_1_reg[5],FDRE,SLICE_X38Y223,SLICEM.BFF,1'b0
u_dut/pc0_r4_1_reg[6],FDRE,SLICE_X38Y223,SLICEM.CFF,1'b0
u_dut/pc0_r4_1_reg[6]_i_1,CARRY4,SLICE_X38Y223,SLICEM.CARRY4,
u_dut/pc0_r4_2_reg[0],FDRE,SLICE_X37Y223,SLICEL.A5FF,1'b0
u_dut/pc0_r4_2_reg[1],FDRE,SLICE_X37Y224,SLICEL.A5FF,1'b0
u_dut/pc0_r4_2_reg[2],FDRE,SLICE_X36Y225,SLICEL.A5FF,1'b0
u_dut/pc0_r4_2_reg[3],FDRE,SLICE_X35Y225,SLICEL.A5FF,1'b0
u_dut/pc0_r6_0[3]_i_2,LUT3,SLICE_X36Y223,SLICEL.C5LUT,8'hE8
u_dut/pc0_r6_0[3]_i_3,LUT3,SLICE_X36Y223,SLICEL.B5LUT,8'hE8
u_dut/pc0_r6_0[3]_i_4,LUT3,SLICE_X36Y223,SLICEL.A5LUT,8'hE8
u_dut/pc0_r6_0[3]_i_5,LUT4,SLICE_X36Y223,SLICEL.D6LUT,16'h6996
u_dut/pc0_r6_0[3]_i_6,LUT4,SLICE_X36Y223,SLICEL.C6LUT,16'h6996
u_dut/pc0_r6_0[3]_i_7,LUT4,SLICE_X36Y223,SLICEL.B6LUT,16'h6996
u_dut/pc0_r6_0[3]_i_8,LUT3,SLICE_X36Y223,SLICEL.A6LUT,8'h96
u_dut/pc0_r6_0[7]_i_2,LUT2,SLICE_X36Y224,SLICEL.C5LUT,4'h8
u_dut/pc0_r6_0[7]_i_3,LUT2,SLICE_X36Y224,SLICEL.B5LUT,4'h8
u_dut/pc0_r6_0[7]_i_4,LUT3,SLICE_X36Y224,SLICEL.A5LUT,8'hE8
u_dut/pc0_r6_0[7]_i_5,LUT2,SLICE_X36Y224,SLICEL.D6LUT,4'h8
u_dut/pc0_r6_0[7]_i_6,LUT4,SLICE_X36Y224,SLICEL.C6LUT,16'h8778
u_dut/pc0_r6_0[7]_i_7,LUT4,SLICE_X36Y224,SLICEL.B6LUT,16'h8778
u_dut/pc0_r6_0[7]_i_8,LUT5,SLICE_X36Y224,SLICEL.A6LUT,32'hE81717E8
u_dut/pc0_r6_0_reg[0],FDRE,SLICE_X36Y223,SLICEL.AFF,1'b0
u_dut/pc0_r6_0_reg[1],FDRE,SLICE_X36Y223,SLICEL.BFF,1'b0
u_dut/pc0_r6_0_reg[2],FDRE,SLICE_X36Y223,SLICEL.CFF,1'b0
u_dut/pc0_r6_0_reg[3],FDRE,SLICE_X36Y223,SLICEL.DFF,1'b0
u_dut/pc0_r6_0_reg[3]_i_1,CARRY4,SLICE_X36Y223,SLICEL.CARRY4,
u_dut/pc0_r6_0_reg[4],FDRE,SLICE_X36Y224,SLICEL.AFF,1'b0
u_dut/pc0_r6_0_reg[5],FDRE,SLICE_X36Y224,SLICEL.BFF,1'b0
u_dut/pc0_r6_0_reg[6],FDRE,SLICE_X36Y224,SLICEL.CFF,1'b0
u_dut/pc0_r6_0_reg[7],FDRE,SLICE_X36Y224,SLICEL.DFF,1'b0
u_dut/pc0_r6_0_reg[7]_i_1,CARRY4,SLICE_X36Y224,SLICEL.CARRY4,
u_dut/pc1_a0[0]_i_1,LUT6,SLICE_X32Y230,SLICEL.B6LUT,64'h6996966996696996
u_dut/pc1_a0[1]_i_1,LUT6,SLICE_X32Y230,SLICEL.C6LUT,64'h8117177E177E7EE8
u_dut/pc1_a0[2]_i_1,LUT6,SLICE_X32Y230,SLICEL.D6LUT,64'hFEE8E880E8808000
u_dut/pc1_a0_reg[0],FDRE,SLICE_X32Y230,SLICEL.BFF,1'b0
u_dut/pc1_a0_reg[1],FDRE,SLICE_X32Y230,SLICEL.CFF,1'b0
u_dut/pc1_a0_reg[2],FDRE,SLICE_X32Y230,SLICEL.DFF,1'b0
u_dut/pc1_a10[0]_i_1,LUT6,SLICE_X36Y232,SLICEL.A6LUT,64'h6996966996696996
u_dut/pc1_a10[1]_i_1,LUT6,SLICE_X36Y232,SLICEL.B6LUT,64'h8117177E177E7EE8
u_dut/pc1_a10[2]_i_1,LUT6,SLICE_X36Y232,SLICEL.C6LUT,64'hFEE8E880E8808000
u_dut/pc1_a10_reg[0],FDRE,SLICE_X36Y232,SLICEL.AFF,1'b0
u_dut/pc1_a10_reg[1],FDRE,SLICE_X36Y232,SLICEL.BFF,1'b0
u_dut/pc1_a10_reg[2],FDRE,SLICE_X36Y232,SLICEL.CFF,1'b0
u_dut/pc1_a11[0]_i_1,LUT6,SLICE_X37Y232,SLICEL.A6LUT,64'h6996966996696996
u_dut/pc1_a11[1]_i_1,LUT6,SLICE_X37Y232,SLICEL.B6LUT,64'h8117177E177E7EE8
u_dut/pc1_a11[2]_i_1,LUT6,SLICE_X37Y232,SLICEL.C6LUT,64'hFEE8E880E8808000
u_dut/pc1_a11_reg[0],FDRE,SLICE_X37Y232,SLICEL.AFF,1'b0
u_dut/pc1_a11_reg[1],FDRE,SLICE_X37Y232,SLICEL.BFF,1'b0
u_dut/pc1_a11_reg[2],FDRE,SLICE_X37Y232,SLICEL.CFF,1'b0
u_dut/pc1_a12[0]_i_1,LUT6,SLICE_X34Y228,SLICEL.B6LUT,64'h6996966996696996
u_dut/pc1_a12[1]_i_1,LUT6,SLICE_X34Y228,SLICEL.C6LUT,64'h8117177E177E7EE8
u_dut/pc1_a12[2]_i_1,LUT6,SLICE_X34Y228,SLICEL.D6LUT,64'hFEE8E880E8808000
u_dut/pc1_a12_reg[0],FDRE,SLICE_X34Y228,SLICEL.BFF,1'b0
u_dut/pc1_a12_reg[1],FDRE,SLICE_X34Y228,SLICEL.CFF,1'b0
u_dut/pc1_a12_reg[2],FDRE,SLICE_X34Y228,SLICEL.DFF,1'b0
u_dut/pc1_a13[0]_i_1,LUT6,SLICE_X29Y234,SLICEL.B6LUT,64'h6996966996696996
u_dut/pc1_a13[1]_i_1,LUT6,SLICE_X29Y234,SLICEL.C6LUT,64'h8117177E177E7EE8
u_dut/pc1_a13[2]_i_1,LUT6,SLICE_X29Y234,SLICEL.D6LUT,64'hFEE8E880E8808000
u_dut/pc1_a13_reg[0],FDRE,SLICE_X29Y234,SLICEL.BFF,1'b0
u_dut/pc1_a13_reg[1],FDRE,SLICE_X29Y234,SLICEL.CFF,1'b0
u_dut/pc1_a13_reg[2],FDRE,SLICE_X29Y234,SLICEL.DFF,1'b0
u_dut/pc1_a14[0]_i_1,LUT6,SLICE_X29Y233,SLICEL.B6LUT,64'h6996966996696996
u_dut/pc1_a14[1]_i_1,LUT6,SLICE_X29Y233,SLICEL.C6LUT,64'h8117177E177E7EE8
u_dut/pc1_a14[2]_i_1,LUT6,SLICE_X29Y233,SLICEL.D6LUT,64'hFEE8E880E8808000
u_dut/pc1_a14_reg[0],FDRE,SLICE_X29Y233,SLICEL.BFF,1'b0
u_dut/pc1_a14_reg[1],FDRE,SLICE_X29Y233,SLICEL.CFF,1'b0
u_dut/pc1_a14_reg[2],FDRE,SLICE_X29Y233,SLICEL.DFF,1'b0
u_dut/pc1_a15[0]_i_1,LUT6,SLICE_X29Y231,SLICEL.B6LUT,64'h6996966996696996
u_dut/pc1_a15[1]_i_1,LUT6,SLICE_X29Y231,SLICEL.C6LUT,64'h8117177E177E7EE8
u_dut/pc1_a15[2]_i_1,LUT6,SLICE_X29Y231,SLICEL.D6LUT,64'hFEE8E880E8808000
u_dut/pc1_a15_reg[0],FDRE,SLICE_X29Y231,SLICEL.BFF,1'b0
u_dut/pc1_a15_reg[1],FDRE,SLICE_X29Y231,SLICEL.CFF,1'b0
u_dut/pc1_a15_reg[2],FDRE,SLICE_X29Y231,SLICEL.DFF,1'b0
u_dut/pc1_a16[0]_i_1,LUT6,SLICE_X33Y230,SLICEL.B6LUT,64'h6996966996696996
u_dut/pc1_a16[1]_i_1,LUT6,SLICE_X33Y230,SLICEL.C6LUT,64'h8117177E177E7EE8
u_dut/pc1_a16[2]_i_1,LUT6,SLICE_X33Y230,SLICEL.D6LUT,64'hFEE8E880E8808000
u_dut/pc1_a16_reg[0],FDRE,SLICE_X33Y230,SLICEL.BFF,1'b0
u_dut/pc1_a16_reg[1],FDRE,SLICE_X33Y230,SLICEL.CFF,1'b0
u_dut/pc1_a16_reg[2],FDRE,SLICE_X33Y230,SLICEL.DFF,1'b0
u_dut/pc1_a17[0]_i_1,LUT6,SLICE_X40Y230,SLICEL.A6LUT,64'h6996966996696996
u_dut/pc1_a17[1]_i_1,LUT6,SLICE_X40Y230,SLICEL.B6LUT,64'h8117177E177E7EE8
u_dut/pc1_a17[2]_i_1,LUT6,SLICE_X40Y230,SLICEL.C6LUT,64'hFEE8E880E8808000
u_dut/pc1_a17_reg[0],FDRE,SLICE_X40Y230,SLICEL.AFF,1'b0
u_dut/pc1_a17_reg[1],FDRE,SLICE_X40Y230,SLICEL.BFF,1'b0
u_dut/pc1_a17_reg[2],FDRE,SLICE_X40Y230,SLICEL.CFF,1'b0
u_dut/pc1_a18[0]_i_1,LUT6,SLICE_X33Y231,SLICEL.B6LUT,64'h6996966996696996
u_dut/pc1_a18[1]_i_1,LUT6,SLICE_X33Y231,SLICEL.C6LUT,64'h8117177E177E7EE8
u_dut/pc1_a18[2]_i_1,LUT6,SLICE_X33Y231,SLICEL.D6LUT,64'hFEE8E880E8808000
u_dut/pc1_a18_reg[0],FDRE,SLICE_X33Y231,SLICEL.BFF,1'b0
u_dut/pc1_a18_reg[1],FDRE,SLICE_X33Y231,SLICEL.CFF,1'b0
u_dut/pc1_a18_reg[2],FDRE,SLICE_X33Y231,SLICEL.DFF,1'b0
u_dut/pc1_a19[0]_i_1,LUT6,SLICE_X36Y229,SLICEL.B6LUT,64'h6996966996696996
u_dut/pc1_a19[1]_i_1,LUT6,SLICE_X36Y229,SLICEL.C6LUT,64'h8117177E177E7EE8
u_dut/pc1_a19[2]_i_1,LUT6,SLICE_X36Y229,SLICEL.D6LUT,64'hFEE8E880E8808000
u_dut/pc1_a19_reg[0],FDRE,SLICE_X36Y229,SLICEL.BFF,1'b0
u_dut/pc1_a19_reg[1],FDRE,SLICE_X36Y229,SLICEL.CFF,1'b0
u_dut/pc1_a19_reg[2],FDRE,SLICE_X36Y229,SLICEL.DFF,1'b0
u_dut/pc1_a1[0]_i_1,LUT6,SLICE_X31Y231,SLICEL.B6LUT,64'h6996966996696996
u_dut/pc1_a1[1]_i_1,LUT6,SLICE_X31Y231,SLICEL.C6LUT,64'h8117177E177E7EE8
u_dut/pc1_a1[2]_i_1,LUT6,SLICE_X31Y231,SLICEL.D6LUT,64'hFEE8E880E8808000
u_dut/pc1_a1_reg[0],FDRE,SLICE_X31Y231,SLICEL.BFF,1'b0
u_dut/pc1_a1_reg[1],FDRE,SLICE_X31Y231,SLICEL.CFF,1'b0
u_dut/pc1_a1_reg[2],FDRE,SLICE_X31Y231,SLICEL.DFF,1'b0
u_dut/pc1_a20[0]_i_1,LUT6,SLICE_X35Y228,SLICEL.B6LUT,64'h6996966996696996
u_dut/pc1_a20[1]_i_1,LUT6,SLICE_X35Y228,SLICEL.C6LUT,64'h8117177E177E7EE8
u_dut/pc1_a20[2]_i_1,LUT6,SLICE_X35Y228,SLICEL.D6LUT,64'hFEE8E880E8808000
u_dut/pc1_a20_reg[0],FDRE,SLICE_X35Y228,SLICEL.BFF,1'b0
u_dut/pc1_a20_reg[1],FDRE,SLICE_X35Y228,SLICEL.CFF,1'b0
u_dut/pc1_a20_reg[2],FDRE,SLICE_X35Y228,SLICEL.DFF,1'b0
u_dut/pc1_a21[0]_i_1,LUT6,SLICE_X35Y231,SLICEL.B6LUT,64'h6996966996696996
u_dut/pc1_a21[1]_i_1,LUT6,SLICE_X35Y231,SLICEL.C6LUT,64'h8117177E177E7EE8
u_dut/pc1_a21[2]_i_1,LUT6,SLICE_X35Y231,SLICEL.D6LUT,64'hFEE8E880E8808000
u_dut/pc1_a21_reg[0],FDRE,SLICE_X35Y231,SLICEL.BFF,1'b0
u_dut/pc1_a21_reg[1],FDRE,SLICE_X35Y231,SLICEL.CFF,1'b0
u_dut/pc1_a21_reg[2],FDRE,SLICE_X35Y231,SLICEL.DFF,1'b0
u_dut/pc1_a22[0]_i_1,LUT6,SLICE_X32Y232,SLICEL.B6LUT,64'h6996966996696996
u_dut/pc1_a22[1]_i_1,LUT6,SLICE_X32Y232,SLICEL.C6LUT,64'h8117177E177E7EE8
u_dut/pc1_a22[2]_i_1,LUT6,SLICE_X32Y232,SLICEL.D6LUT,64'hFEE8E880E8808000
u_dut/pc1_a22_reg[0],FDRE,SLICE_X32Y232,SLICEL.BFF,1'b0
u_dut/pc1_a22_reg[1],FDRE,SLICE_X32Y232,SLICEL.CFF,1'b0
u_dut/pc1_a22_reg[2],FDRE,SLICE_X32Y232,SLICEL.DFF,1'b0
u_dut/pc1_a23[0]_i_1,LUT6,SLICE_X36Y233,SLICEL.A6LUT,64'h6996966996696996
u_dut/pc1_a23[1]_i_1,LUT6,SLICE_X36Y233,SLICEL.B6LUT,64'h8117177E177E7EE8
u_dut/pc1_a23[2]_i_1,LUT6,SLICE_X36Y233,SLICEL.C6LUT,64'hFEE8E880E8808000
u_dut/pc1_a23_reg[0],FDRE,SLICE_X36Y233,SLICEL.AFF,1'b0
u_dut/pc1_a23_reg[1],FDRE,SLICE_X36Y233,SLICEL.BFF,1'b0
u_dut/pc1_a23_reg[2],FDRE,SLICE_X36Y233,SLICEL.CFF,1'b0
u_dut/pc1_a24[0]_i_1,LUT6,SLICE_X30Y234,SLICEL.B6LUT,64'h6996966996696996
u_dut/pc1_a24[1]_i_1,LUT6,SLICE_X30Y234,SLICEL.C6LUT,64'h8117177E177E7EE8
u_dut/pc1_a24[2]_i_1,LUT6,SLICE_X30Y234,SLICEL.D6LUT,64'hFEE8E880E8808000
u_dut/pc1_a24_reg[0],FDRE,SLICE_X30Y234,SLICEL.BFF,1'b0
u_dut/pc1_a24_reg[1],FDRE,SLICE_X30Y234,SLICEL.CFF,1'b0
u_dut/pc1_a24_reg[2],FDRE,SLICE_X30Y234,SLICEL.DFF,1'b0
u_dut/pc1_a25[0]_i_1,LUT6,SLICE_X33Y233,SLICEL.A6LUT,64'h6996966996696996
u_dut/pc1_a25[1]_i_1,LUT6,SLICE_X33Y233,SLICEL.B6LUT,64'h8117177E177E7EE8
u_dut/pc1_a25[2]_i_1,LUT6,SLICE_X33Y233,SLICEL.C6LUT,64'hFEE8E880E8808000
u_dut/pc1_a25_reg[0],FDRE,SLICE_X33Y233,SLICEL.AFF,1'b0
u_dut/pc1_a25_reg[1],FDRE,SLICE_X33Y233,SLICEL.BFF,1'b0
u_dut/pc1_a25_reg[2],FDRE,SLICE_X33Y233,SLICEL.CFF,1'b0
u_dut/pc1_a26[0]_i_1,LUT6,SLICE_X27Y231,SLICEL.B6LUT,64'h6996966996696996
u_dut/pc1_a26[1]_i_1,LUT6,SLICE_X27Y231,SLICEL.C6LUT,64'h8117177E177E7EE8
u_dut/pc1_a26[2]_i_1,LUT6,SLICE_X27Y231,SLICEL.D6LUT,64'hFEE8E880E8808000
u_dut/pc1_a26_reg[0],FDRE,SLICE_X27Y231,SLICEL.BFF,1'b0
u_dut/pc1_a26_reg[1],FDRE,SLICE_X27Y231,SLICEL.CFF,1'b0
u_dut/pc1_a26_reg[2],FDRE,SLICE_X27Y231,SLICEL.DFF,1'b0
u_dut/pc1_a27[0]_i_1,LUT6,SLICE_X30Y233,SLICEL.B6LUT,64'h6996966996696996
u_dut/pc1_a27[1]_i_1,LUT6,SLICE_X30Y233,SLICEL.C6LUT,64'h8117177E177E7EE8
u_dut/pc1_a27[2]_i_1,LUT6,SLICE_X30Y233,SLICEL.D6LUT,64'hFEE8E880E8808000
u_dut/pc1_a27_reg[0],FDRE,SLICE_X30Y233,SLICEL.BFF,1'b0
u_dut/pc1_a27_reg[1],FDRE,SLICE_X30Y233,SLICEL.CFF,1'b0
u_dut/pc1_a27_reg[2],FDRE,SLICE_X30Y233,SLICEL.DFF,1'b0
u_dut/pc1_a28[0]_i_1,LUT6,SLICE_X37Y230,SLICEL.A6LUT,64'h6996966996696996
u_dut/pc1_a28[1]_i_1,LUT6,SLICE_X37Y230,SLICEL.B6LUT,64'h8117177E177E7EE8
u_dut/pc1_a28[2]_i_1,LUT6,SLICE_X37Y230,SLICEL.C6LUT,64'hFEE8E880E8808000
u_dut/pc1_a28_reg[0],FDRE,SLICE_X37Y230,SLICEL.AFF,1'b0
u_dut/pc1_a28_reg[1],FDRE,SLICE_X37Y230,SLICEL.BFF,1'b0
u_dut/pc1_a28_reg[2],FDRE,SLICE_X37Y230,SLICEL.CFF,1'b0
u_dut/pc1_a29[0]_i_1,LUT6,SLICE_X41Y229,SLICEL.A6LUT,64'h6996966996696996
u_dut/pc1_a29[1]_i_1,LUT6,SLICE_X40Y229,SLICEL.A6LUT,64'h8117177E177E7EE8
u_dut/pc1_a29[2]_i_1,LUT6,SLICE_X41Y229,SLICEL.B6LUT,64'hFEE8E880E8808000
u_dut/pc1_a29_reg[0],FDRE,SLICE_X41Y229,SLICEL.AFF,1'b0
u_dut/pc1_a29_reg[1],FDRE,SLICE_X40Y229,SLICEL.AFF,1'b0
u_dut/pc1_a29_reg[2],FDRE,SLICE_X41Y229,SLICEL.BFF,1'b0
u_dut/pc1_a2[0]_i_1,LUT6,SLICE_X32Y233,SLICEL.B6LUT,64'h6996966996696996
u_dut/pc1_a2[1]_i_1,LUT6,SLICE_X32Y233,SLICEL.C6LUT,64'h8117177E177E7EE8
u_dut/pc1_a2[2]_i_1,LUT6,SLICE_X32Y233,SLICEL.D6LUT,64'hFEE8E880E8808000
u_dut/pc1_a2_reg[0],FDRE,SLICE_X32Y233,SLICEL.BFF,1'b0
u_dut/pc1_a2_reg[1],FDRE,SLICE_X32Y233,SLICEL.CFF,1'b0
u_dut/pc1_a2_reg[2],FDRE,SLICE_X32Y233,SLICEL.DFF,1'b0
u_dut/pc1_a30[0]_i_1,LUT6,SLICE_X37Y228,SLICEL.A6LUT,64'h6996966996696996
u_dut/pc1_a30[1]_i_1,LUT6,SLICE_X37Y228,SLICEL.B6LUT,64'h8117177E177E7EE8
u_dut/pc1_a30[2]_i_1,LUT6,SLICE_X37Y228,SLICEL.C6LUT,64'hFEE8E880E8808000
u_dut/pc1_a30_reg[0],FDRE,SLICE_X37Y228,SLICEL.AFF,1'b0
u_dut/pc1_a30_reg[1],FDRE,SLICE_X37Y228,SLICEL.BFF,1'b0
u_dut/pc1_a30_reg[2],FDRE,SLICE_X37Y228,SLICEL.CFF,1'b0
u_dut/pc1_a31[0]_i_1,LUT6,SLICE_X38Y228,SLICEM.B6LUT,64'h6996966996696996
u_dut/pc1_a31[1]_i_1,LUT6,SLICE_X38Y228,SLICEM.C6LUT,64'h8117177E177E7EE8
u_dut/pc1_a31[2]_i_1,LUT6,SLICE_X38Y228,SLICEM.D6LUT,64'hFEE8E880E8808000
u_dut/pc1_a31_reg[0],FDRE,SLICE_X38Y228,SLICEM.BFF,1'b0
u_dut/pc1_a31_reg[1],FDRE,SLICE_X38Y228,SLICEM.CFF,1'b0
u_dut/pc1_a31_reg[2],FDRE,SLICE_X38Y228,SLICEM.DFF,1'b0
u_dut/pc1_a32[0]_i_1,LUT6,SLICE_X40Y229,SLICEL.B6LUT,64'h6996966996696996
u_dut/pc1_a32[1]_i_1,LUT6,SLICE_X40Y229,SLICEL.C6LUT,64'h8117177E177E7EE8
u_dut/pc1_a32[2]_i_1,LUT6,SLICE_X40Y229,SLICEL.D6LUT,64'hFEE8E880E8808000
u_dut/pc1_a32_reg[0],FDRE,SLICE_X40Y229,SLICEL.BFF,1'b0
u_dut/pc1_a32_reg[1],FDRE,SLICE_X40Y229,SLICEL.CFF,1'b0
u_dut/pc1_a32_reg[2],FDRE,SLICE_X40Y229,SLICEL.DFF,1'b0
u_dut/pc1_a33[0]_i_1,LUT2,SLICE_X36Y235,SLICEL.A6LUT,4'h6
u_dut/pc1_a33[1]_i_1,LUT2,SLICE_X36Y235,SLICEL.A5LUT,4'h8
u_dut/pc1_a33_reg[0],FDRE,SLICE_X36Y235,SLICEL.AFF,1'b0
u_dut/pc1_a33_reg[1],FDRE,SLICE_X36Y235,SLICEL.A5FF,1'b0
u_dut/pc1_a3[0]_i_1,LUT6,SLICE_X32Y231,SLICEL.B6LUT,64'h6996966996696996
u_dut/pc1_a3[1]_i_1,LUT6,SLICE_X32Y231,SLICEL.C6LUT,64'h8117177E177E7EE8
u_dut/pc1_a3[2]_i_1,LUT6,SLICE_X32Y231,SLICEL.D6LUT,64'hFEE8E880E8808000
u_dut/pc1_a3_reg[0],FDRE,SLICE_X32Y231,SLICEL.BFF,1'b0
u_dut/pc1_a3_reg[1],FDRE,SLICE_X32Y231,SLICEL.CFF,1'b0
u_dut/pc1_a3_reg[2],FDRE,SLICE_X32Y231,SLICEL.DFF,1'b0
u_dut/pc1_a4[0]_i_1,LUT6,SLICE_X33Y229,SLICEL.B6LUT,64'h6996966996696996
u_dut/pc1_a4[1]_i_1,LUT6,SLICE_X33Y229,SLICEL.C6LUT,64'h8117177E177E7EE8
u_dut/pc1_a4[2]_i_1,LUT6,SLICE_X33Y229,SLICEL.D6LUT,64'hFEE8E880E8808000
u_dut/pc1_a4_reg[0],FDRE,SLICE_X33Y229,SLICEL.BFF,1'b0
u_dut/pc1_a4_reg[1],FDRE,SLICE_X33Y229,SLICEL.CFF,1'b0
u_dut/pc1_a4_reg[2],FDRE,SLICE_X33Y229,SLICEL.DFF,1'b0
u_dut/pc1_a5[0]_i_1,LUT6,SLICE_X28Y232,SLICEL.B6LUT,64'h6996966996696996
u_dut/pc1_a5[1]_i_1,LUT6,SLICE_X28Y232,SLICEL.C6LUT,64'h8117177E177E7EE8
u_dut/pc1_a5[2]_i_1,LUT6,SLICE_X28Y232,SLICEL.D6LUT,64'hFEE8E880E8808000
u_dut/pc1_a5_reg[0],FDRE,SLICE_X28Y232,SLICEL.BFF,1'b0
u_dut/pc1_a5_reg[1],FDRE,SLICE_X28Y232,SLICEL.CFF,1'b0
u_dut/pc1_a5_reg[2],FDRE,SLICE_X28Y232,SLICEL.DFF,1'b0
u_dut/pc1_a6[0]_i_1,LUT6,SLICE_X26Y232,SLICEL.B6LUT,64'h6996966996696996
u_dut/pc1_a6[1]_i_1,LUT6,SLICE_X26Y232,SLICEL.C6LUT,64'h8117177E177E7EE8
u_dut/pc1_a6[2]_i_1,LUT6,SLICE_X26Y232,SLICEL.D6LUT,64'hFEE8E880E8808000
u_dut/pc1_a6_reg[0],FDRE,SLICE_X26Y232,SLICEL.BFF,1'b0
u_dut/pc1_a6_reg[1],FDRE,SLICE_X26Y232,SLICEL.CFF,1'b0
u_dut/pc1_a6_reg[2],FDRE,SLICE_X26Y232,SLICEL.DFF,1'b0
u_dut/pc1_a7[0]_i_1,LUT6,SLICE_X36Y231,SLICEL.B6LUT,64'h6996966996696996
u_dut/pc1_a7[1]_i_1,LUT6,SLICE_X36Y231,SLICEL.C6LUT,64'h8117177E177E7EE8
u_dut/pc1_a7[2]_i_1,LUT6,SLICE_X36Y231,SLICEL.D6LUT,64'hFEE8E880E8808000
u_dut/pc1_a7_reg[0],FDRE,SLICE_X36Y231,SLICEL.BFF,1'b0
u_dut/pc1_a7_reg[1],FDRE,SLICE_X36Y231,SLICEL.CFF,1'b0
u_dut/pc1_a7_reg[2],FDRE,SLICE_X36Y231,SLICEL.DFF,1'b0
u_dut/pc1_a8[0]_i_1,LUT6,SLICE_X36Y230,SLICEL.B6LUT,64'h6996966996696996
u_dut/pc1_a8[1]_i_1,LUT6,SLICE_X36Y230,SLICEL.C6LUT,64'h8117177E177E7EE8
u_dut/pc1_a8[2]_i_1,LUT6,SLICE_X36Y230,SLICEL.D6LUT,64'hFEE8E880E8808000
u_dut/pc1_a8_reg[0],FDRE,SLICE_X36Y230,SLICEL.BFF,1'b0
u_dut/pc1_a8_reg[1],FDRE,SLICE_X36Y230,SLICEL.CFF,1'b0
u_dut/pc1_a8_reg[2],FDRE,SLICE_X36Y230,SLICEL.DFF,1'b0
u_dut/pc1_a9[0]_i_1,LUT6,SLICE_X33Y232,SLICEL.B6LUT,64'h6996966996696996
u_dut/pc1_a9[1]_i_1,LUT6,SLICE_X33Y232,SLICEL.C6LUT,64'h8117177E177E7EE8
u_dut/pc1_a9[2]_i_1,LUT6,SLICE_X33Y232,SLICEL.D6LUT,64'hFEE8E880E8808000
u_dut/pc1_a9_reg[0],FDRE,SLICE_X33Y232,SLICEL.BFF,1'b0
u_dut/pc1_a9_reg[1],FDRE,SLICE_X33Y232,SLICEL.CFF,1'b0
u_dut/pc1_a9_reg[2],FDRE,SLICE_X33Y232,SLICEL.DFF,1'b0
u_dut/pc1_r2_0[0]_i_1,LUT4,SLICE_X34Y233,SLICEL.A6LUT,16'h6996
u_dut/pc1_r2_0[1]_i_1,LUT5,SLICE_X34Y233,SLICEL.B6LUT,32'h81177EE8
u_dut/pc1_r2_0[1]_i_2,LUT4,SLICE_X34Y233,SLICEL.C6LUT,16'h6996
u_dut/pc1_r2_0[2]_i_1,LUT6,SLICE_X34Y234,SLICEL.A6LUT,64'h9669699666666666
u_dut/pc1_r2_0[2]_i_2,LUT5,SLICE_X34Y233,SLICEL.B5LUT,32'hFEE88000
u_dut/pc1_r2_0[2]_i_3,LUT5,SLICE_X34Y233,SLICEL.D6LUT,32'h96696996
u_dut/pc1_r2_0[3]_i_1,LUT6,SLICE_X34Y234,SLICEL.B6LUT,64'hA99595569556566A
u_dut/pc1_r2_0[4]_i_1,LUT6,SLICE_X34Y234,SLICEL.C6LUT,64'hFEEAEAA8EAA8A880
u_dut/pc1_r2_0[4]_i_2,LUT6,SLICE_X34Y234,SLICEL.D6LUT,64'hEBBEAAAA82280000
u_dut/pc1_r2_0[4]_i_3,LUT3,SLICE_X34Y233,SLICEL.C5LUT,8'hE8
u_dut/pc1_r2_0_reg[0],FDRE,SLICE_X34Y233,SLICEL.AFF,1'b0
u_dut/pc1_r2_0_reg[1],FDRE,SLICE_X34Y236,SLICEL.AFF,1'b0
u_dut/pc1_r2_0_reg[2],FDRE,SLICE_X34Y234,SLICEL.AFF,1'b0
u_dut/pc1_r2_0_reg[3],FDRE,SLICE_X34Y234,SLICEL.BFF,1'b0
u_dut/pc1_r2_0_reg[4],FDRE,SLICE_X34Y234,SLICEL.CFF,1'b0
u_dut/pc1_r2_1[0]_i_1,LUT4,SLICE_X38Y231,SLICEM.A6LUT,16'h6996
u_dut/pc1_r2_1[1]_i_1,LUT5,SLICE_X37Y231,SLICEL.A6LUT,32'h81177EE8
u_dut/pc1_r2_1[1]_i_2,LUT4,SLICE_X35Y232,SLICEL.A6LUT,16'h6996
u_dut/pc1_r2_1[2]_i_1,LUT6,SLICE_X35Y232,SLICEL.B6LUT,64'h9669699666666666
u_dut/pc1_r2_1[2]_i_2,LUT5,SLICE_X37Y231,SLICEL.A5LUT,32'hFEE88000
u_dut/pc1_r2_1[2]_i_3,LUT5,SLICE_X35Y232,SLICEL.D6LUT,32'h96696996
u_dut/pc1_r2_1[3]_i_1,LUT6,SLICE_X36Y233,SLICEL.D6LUT,64'hA99595569556566A
u_dut/pc1_r2_1[4]_i_1,LUT6,SLICE_X35Y233,SLICEL.A6LUT,64'hFEEAEAA8EAA8A880
u_dut/pc1_r2_1[4]_i_2,LUT6,SLICE_X35Y232,SLICEL.C6LUT,64'hEBBEAAAA82280000
u_dut/pc1_r2_1[4]_i_3,LUT3,SLICE_X35Y232,SLICEL.A5LUT,8'hE8
u_dut/pc1_r2_1_reg[0],FDRE,SLICE_X38Y231,SLICEM.AFF,1'b0
u_dut/pc1_r2_1_reg[1],FDRE,SLICE_X35Y236,SLICEL.A5FF,1'b0
u_dut/pc1_r2_1_reg[2],FDRE,SLICE_X35Y232,SLICEL.BFF,1'b0
u_dut/pc1_r2_1_reg[3],FDRE,SLICE_X36Y233,SLICEL.DFF,1'b0
u_dut/pc1_r2_1_reg[4],FDRE,SLICE_X35Y233,SLICEL.AFF,1'b0
u_dut/pc1_r2_2[0]_i_1,LUT4,SLICE_X36Y232,SLICEL.D6LUT,16'h6996
u_dut/pc1_r2_2[1]_i_1,LUT5,SLICE_X37Y232,SLICEL.D6LUT,32'h81177EE8
u_dut/pc1_r2_2[1]_i_2,LUT4,SLICE_X38Y232,SLICEM.A6LUT,16'h6996
u_dut/pc1_r2_2[2]_i_1,LUT6,SLICE_X38Y232,SLICEM.B6LUT,64'h9669699666666666
u_dut/pc1_r2_2[2]_i_2,LUT5,SLICE_X37Y232,SLICEL.D5LUT,32'hFEE88000
u_dut/pc1_r2_2[2]_i_3,LUT5,SLICE_X38Y232,SLICEM.D6LUT,32'h96696996
u_dut/pc1_r2_2[3]_i_1,LUT6,SLICE_X38Y231,SLICEM.B6LUT,64'hA99595569556566A
u_dut/pc1_r2_2[4]_i_1,LUT6,SLICE_X38Y231,SLICEM.C6LUT,64'hFEEAEAA8EAA8A880
u_dut/pc1_r2_2[4]_i_2,LUT6,SLICE_X38Y232,SLICEM.C6LUT,64'hEBBEAAAA82280000
u_dut/pc1_r2_2[4]_i_3,LUT3,SLICE_X38Y232,SLICEM.A5LUT,8'hE8
u_dut/pc1_r2_2_reg[0],FDRE,SLICE_X36Y232,SLICEL.DFF,1'b0
u_dut/pc1_r2_2_reg[1],FDRE,SLICE_X35Y236,SLICEL.B5FF,1'b0
u_dut/pc1_r2_2_reg[2],FDRE,SLICE_X38Y232,SLICEM.BFF,1'b0
u_dut/pc1_r2_2_reg[3],FDRE,SLICE_X38Y231,SLICEM.BFF,1'b0
u_dut/pc1_r2_2_reg[4],FDRE,SLICE_X38Y231,SLICEM.CFF,1'b0
u_dut/pc1_r2_3[0]_i_1,LUT4,SLICE_X31Y236,SLICEL.A6LUT,16'h6996
u_dut/pc1_r2_3[1]_i_1,LUT5,SLICE_X31Y234,SLICEL.A6LUT,32'h81177EE8
u_dut/pc1_r2_3[1]_i_2,LUT4,SLICE_X31Y233,SLICEL.A6LUT,16'h6996
u_dut/pc1_r2_3[2]_i_1,LUT6,SLICE_X35Y233,SLICEL.B6LUT,64'h9669699666666666
u_dut/pc1_r2_3[2]_i_2,LUT5,SLICE_X31Y234,SLICEL.A5LUT,32'hFEE88000
u_dut/pc1_r2_3[2]_i_3,LUT5,SLICE_X35Y233,SLICEL.D6LUT,32'h96696996
u_dut/pc1_r2_3[3]_i_1,LUT6,SLICE_X35Y236,SLICEL.A6LUT,64'hA99595569556566A
u_dut/pc1_r2_3[4]_i_1,LUT6,SLICE_X35Y236,SLICEL.B6LUT,64'hFEEAEAA8EAA8A880
u_dut/pc1_r2_3[4]_i_2,LUT6,SLICE_X35Y233,SLICEL.C6LUT,64'hEBBEAAAA82280000
u_dut/pc1_r2_3[4]_i_3,LUT3,SLICE_X31Y233,SLICEL.A5LUT,8'hE8
u_dut/pc1_r2_3_reg[0],FDRE,SLICE_X31Y236,SLICEL.AFF,1'b0
u_dut/pc1_r2_3_reg[1],FDRE,SLICE_X31Y236,SLICEL.A5FF,1'b0
u_dut/pc1_r2_3_reg[2],FDRE,SLICE_X35Y233,SLICEL.BFF,1'b0
u_dut/pc1_r2_3_reg[3],FDRE,SLICE_X35Y236,SLICEL.AFF,1'b0
u_dut/pc1_r2_3_reg[4],FDRE,SLICE_X35Y236,SLICEL.BFF,1'b0
u_dut/pc1_r2_4[0]_i_1,LUT4,SLICE_X38Y230,SLICEM.A6LUT,16'h6996
u_dut/pc1_r2_4[1]_i_1,LUT5,SLICE_X38Y230,SLICEM.B6LUT,32'h81177EE8
u_dut/pc1_r2_4[1]_i_2,LUT4,SLICE_X38Y230,SLICEM.C6LUT,16'h6996
u_dut/pc1_r2_4[2]_i_1,LUT6,SLICE_X38Y230,SLICEM.D6LUT,64'h9669699666666666
u_dut/pc1_r2_4[2]_i_2,LUT5,SLICE_X38Y230,SLICEM.B5LUT,32'hFEE88000
u_dut/pc1_r2_4[2]_i_3,LUT5,SLICE_X39Y230,SLICEL.D6LUT,32'h96696996
u_dut/pc1_r2_4[3]_i_1,LUT6,SLICE_X39Y230,SLICEL.A6LUT,64'hA99595569556566A
u_dut/pc1_r2_4[4]_i_1,LUT6,SLICE_X39Y230,SLICEL.B6LUT,64'hFEEAEAA8EAA8A880
u_dut/pc1_r2_4[4]_i_2,LUT6,SLICE_X39Y230,SLICEL.C6LUT,64'hEBBEAAAA82280000
u_dut/pc1_r2_4[4]_i_3,LUT3,SLICE_X38Y230,SLICEM.C5LUT,8'hE8
u_dut/pc1_r2_4_reg[0],FDRE,SLICE_X38Y230,SLICEM.AFF,1'b0
u_dut/pc1_r2_4_reg[1],FDRE,SLICE_X39Y234,SLICEL.AFF,1'b0
u_dut/pc1_r2_4_reg[2],FDRE,SLICE_X38Y230,SLICEM.DFF,1'b0
u_dut/pc1_r2_4_reg[3],FDRE,SLICE_X39Y230,SLICEL.AFF,1'b0
u_dut/pc1_r2_4_reg[4],FDRE,SLICE_X39Y230,SLICEL.BFF,1'b0
u_dut/pc1_r2_5[0]_i_1,LUT4,SLICE_X37Y233,SLICEL.A6LUT,16'h6996
u_dut/pc1_r2_5[1]_i_1,LUT5,SLICE_X37Y233,SLICEL.B6LUT,32'h81177EE8
u_dut/pc1_r2_5[1]_i_2,LUT4,SLICE_X38Y233,SLICEM.A6LUT,16'h6996
u_dut/pc1_r2_5[2]_i_1,LUT6,SLICE_X38Y233,SLICEM.B6LUT,64'h9669699666666666
u_dut/pc1_r2_5[2]_i_2,LUT5,SLICE_X37Y233,SLICEL.B5LUT,32'hFEE88000
u_dut/pc1_r2_5[2]_i_3,LUT5,SLICE_X38Y233,SLICEM.D6LUT,32'h96696996
u_dut/pc1_r2_5[3]_i_1,LUT6,SLICE_X39Y233,SLICEL.A6LUT,64'hA99595569556566A
u_dut/pc1_r2_5[4]_i_1,LUT6,SLICE_X39Y233,SLICEL.B6LUT,64'hFEEAEAA8EAA8A880
u_dut/pc1_r2_5[4]_i_2,LUT6,SLICE_X38Y233,SLICEM.C6LUT,64'hEBBEAAAA82280000
u_dut/pc1_r2_5[4]_i_3,LUT3,SLICE_X38Y233,SLICEM.A5LUT,8'hE8
u_dut/pc1_r2_5_reg[0],FDRE,SLICE_X37Y233,SLICEL.AFF,1'b0
u_dut/pc1_r2_5_reg[1],FDRE,SLICE_X39Y235,SLICEL.AFF,1'b0
u_dut/pc1_r2_5_reg[2],FDRE,SLICE_X38Y233,SLICEM.BFF,1'b0
u_dut/pc1_r2_5_reg[3],FDRE,SLICE_X39Y233,SLICEL.AFF,1'b0
u_dut/pc1_r2_5_reg[4],FDRE,SLICE_X39Y233,SLICEL.BFF,1'b0
u_dut/pc1_r2_6[0]_i_1,LUT4,SLICE_X33Y233,SLICEL.D6LUT,16'h6996
u_dut/pc1_r2_6[1]_i_1,LUT5,SLICE_X33Y234,SLICEL.A6LUT,32'h81177EE8
u_dut/pc1_r2_6[1]_i_2,LUT4,SLICE_X32Y234,SLICEL.A6LUT,16'h6996
u_dut/pc1_r2_6[2]_i_1,LUT6,SLICE_X32Y234,SLICEL.B6LUT,64'h9669699666666666
u_dut/pc1_r2_6[2]_i_2,LUT5,SLICE_X33Y234,SLICEL.A5LUT,32'hFEE88000
u_dut/pc1_r2_6[2]_i_3,LUT5,SLICE_X33Y234,SLICEL.D6LUT,32'h96696996
u_dut/pc1_r2_6[3]_i_1,LUT6,SLICE_X33Y234,SLICEL.B6LUT,64'hA99595569556566A
u_dut/pc1_r2_6[4]_i_1,LUT6,SLICE_X33Y234,SLICEL.C6LUT,64'hFEEAEAA8EAA8A880
u_dut/pc1_r2_6[4]_i_2,LUT6,SLICE_X32Y234,SLICEL.D6LUT,64'hEBBEAAAA82280000
u_dut/pc1_r2_6[4]_i_3,LUT3,SLICE_X32Y234,SLICEL.A5LUT,8'hE8
u_dut/pc1_r2_6_reg[0],FDRE,SLICE_X33Y233,SLICEL.DFF,1'b0
u_dut/pc1_r2_6_reg[1],FDRE,SLICE_X36Y235,SLICEL.BFF,1'b0
u_dut/pc1_r2_6_reg[2],FDRE,SLICE_X32Y234,SLICEL.BFF,1'b0
u_dut/pc1_r2_6_reg[3],FDRE,SLICE_X33Y234,SLICEL.BFF,1'b0
u_dut/pc1_r2_6_reg[4],FDRE,SLICE_X33Y234,SLICEL.CFF,1'b0
u_dut/pc1_r2_7[0]_i_1,LUT4,SLICE_X40Y230,SLICEL.D6LUT,16'h6996
u_dut/pc1_r2_7[1]_i_1,LUT5,SLICE_X38Y229,SLICEM.A6LUT,32'h81177EE8
u_dut/pc1_r2_7[1]_i_2,LUT4,SLICE_X38Y229,SLICEM.B6LUT,16'h6996
u_dut/pc1_r2_7[2]_i_1,LUT6,SLICE_X38Y229,SLICEM.C6LUT,64'h9669699666666666
u_dut/pc1_r2_7[2]_i_2,LUT5,SLICE_X38Y229,SLICEM.A5LUT,32'hFEE88000
u_dut/pc1_r2_7[2]_i_3,LUT5,SLICE_X39Y229,SLICEL.D6LUT,32'h96696996
u_dut/pc1_r2_7[3]_i_1,LUT6,SLICE_X39Y229,SLICEL.A6LUT,64'hA99595569556566A
u_dut/pc1_r2_7[4]_i_1,LUT6,SLICE_X39Y229,SLICEL.B6LUT,64'hFEEAEAA8EAA8A880
u_dut/pc1_r2_7[4]_i_2,LUT6,SLICE_X39Y229,SLICEL.C6LUT,64'hEBBEAAAA82280000
u_dut/pc1_r2_7[4]_i_3,LUT3,SLICE_X38Y229,SLICEM.B5LUT,8'hE8
u_dut/pc1_r2_7_reg[0],FDRE,SLICE_X40Y230,SLICEL.DFF,1'b0
u_dut/pc1_r2_7_reg[1],FDRE,SLICE_X38Y230,SLICEM.A5FF,1'b0
u_dut/pc1_r2_7_reg[2],FDRE,SLICE_X38Y229,SLICEM.CFF,1'b0
u_dut/pc1_r2_7_reg[3],FDRE,SLICE_X39Y229,SLICEL.AFF,1'b0
u_dut/pc1_r2_7_reg[4],FDRE,SLICE_X39Y229,SLICEL.BFF,1'b0
u_dut/pc1_r2_8[0]_i_1,LUT2,SLICE_X37Y237,SLICEL.A6LUT,4'h6
u_dut/pc1_r2_8[1]_i_1,LUT4,SLICE_X37Y237,SLICEL.A5LUT,16'h8778
u_dut/pc1_r2_8[2]_i_1,LUT5,SLICE_X37Y237,SLICEL.B6LUT,32'h077FF880
u_dut/pc1_r2_8[3]_i_1,LUT5,SLICE_X37Y237,SLICEL.B5LUT,32'hAA808000
u_dut/pc1_r2_8_reg[0],FDRE,SLICE_X37Y237,SLICEL.AFF,1'b0
u_dut/pc1_r2_8_reg[1],FDRE,SLICE_X37Y237,SLICEL.A5FF,1'b0
u_dut/pc1_r2_8_reg[2],FDRE,SLICE_X37Y237,SLICEL.BFF,1'b0
u_dut/pc1_r2_8_reg[3],FDRE,SLICE_X37Y237,SLICEL.B5FF,1'b0
u_dut/pc1_r4_0[3]_i_2,LUT5,SLICE_X34Y237,SLICEL.C6LUT,32'hEEE8E888
u_dut/pc1_r4_0[3]_i_3,LUT5,SLICE_X34Y237,SLICEL.C5LUT,32'hE81717E8
u_dut/pc1_r4_0[3]_i_4,LUT4,SLICE_X34Y237,SLICEL.D6LUT,16'h6996
u_dut/pc1_r4_0[3]_i_5,LUT6,SLICE_X35Y237,SLICEL.D6LUT,64'h6969699669969696
u_dut/pc1_r4_0[3]_i_6,LUT6,SLICE_X35Y237,SLICEL.C6LUT,64'h6999999699969666
u_dut/pc1_r4_0[3]_i_7,LUT4,SLICE_X35Y237,SLICEL.B6LUT,16'h566A
u_dut/pc1_r4_0[3]_i_8,LUT4,SLICE_X35Y237,SLICEL.A6LUT,16'h6996
u_dut/pc1_r4_0[3]_i_9,LUT3,SLICE_X34Y237,SLICEL.B6LUT,8'h96
u_dut/pc1_r4_0[6]_i_2,LUT5,SLICE_X35Y236,SLICEL.C6LUT,32'hEEE8E888
u_dut/pc1_r4_0[6]_i_3,LUT5,SLICE_X34Y237,SLICEL.B5LUT,32'hEEE8E888
u_dut/pc1_r4_0[6]_i_4,LUT5,SLICE_X35Y238,SLICEL.B6LUT,32'h177E7EE8
u_dut/pc1_r4_0[6]_i_5,LUT6,SLICE_X35Y238,SLICEL.A6LUT,64'h6969699669969696
u_dut/pc1_r4_0[6]_i_6,LUT3,SLICE_X35Y236,SLICEL.D6LUT,8'h96
u_dut/pc1_r4_0[6]_i_7,LUT3,SLICE_X34Y237,SLICEL.A6LUT,8'h96
u_dut/pc1_r4_0[6]_i_8,LUT3,SLICE_X34Y237,SLICEL.A5LUT,8'hE8
u_dut/pc1_r4_0_reg[0],FDRE,SLICE_X35Y237,SLICEL.AFF,1'b0
u_dut/pc1_r4_0_reg[1],FDRE,SLICE_X35Y237,SLICEL.BFF,1'b0
u_dut/pc1_r4_0_reg[2],FDRE,SLICE_X35Y237,SLICEL.CFF,1'b0
u_dut/pc1_r4_0_reg[3],FDRE,SLICE_X35Y237,SLICEL.DFF,1'b0
u_dut/pc1_r4_0_reg[3]_i_1,CARRY4,SLICE_X35Y237,SLICEL.CARRY4,
u_dut/pc1_r4_0_reg[4],FDRE,SLICE_X35Y238,SLICEL.AFF,1'b0
u_dut/pc1_r4_0_reg[5],FDRE,SLICE_X35Y238,SLICEL.BFF,1'b0
u_dut/pc1_r4_0_reg[6],FDRE,SLICE_X35Y238,SLICEL.CFF,1'b0
u_dut/pc1_r4_0_reg[6]_i_1,CARRY4,SLICE_X35Y238,SLICEL.CARRY4,
u_dut/pc1_r4_1[3]_i_2,LUT5,SLICE_X39Y235,SLICEL.C6LUT,32'hEEE8E888
u_dut/pc1_r4_1[3]_i_3,LUT5,SLICE_X39Y235,SLICEL.C5LUT,32'hE81717E8
u_dut/pc1_r4_1[3]_i_4,LUT4,SLICE_X39Y235,SLICEL.D6LUT,16'h6996
u_dut/pc1_r4_1[3]_i_5,LUT6,SLICE_X38Y235,SLICEM.D6LUT,64'h6969699669969696
u_dut/pc1_r4_1[3]_i_6,LUT6,SLICE_X38Y235,SLICEM.C6LUT,64'h6999999699969666
u_dut/pc1_r4_1[3]_i_7,LUT4,SLICE_X38Y235,SLICEM.B6LUT,16'h566A
u_dut/pc1_r4_1[3]_i_8,LUT4,SLICE_X38Y235,SLICEM.A6LUT,16'h6996
u_dut/pc1_r4_1[3]_i_9,LUT3,SLICE_X39Y235,SLICEL.B6LUT,8'h96
u_dut/pc1_r4_1[6]_i_2,LUT5,SLICE_X39Y236,SLICEL.A6LUT,32'hEEE8E888
u_dut/pc1_r4_1[6]_i_3,LUT5,SLICE_X39Y235,SLICEL.B5LUT,32'hEEE8E888
u_dut/pc1_r4_1[6]_i_4,LUT5,SLICE_X38Y236,SLICEM.B6LUT,32'h177E7EE8
u_dut/pc1_r4_1[6]_i_5,LUT6,SLICE_X38Y236,SLICEM.A6LUT,64'h6969699669969696
u_dut/pc1_r4_1[6]_i_6,LUT3,SLICE_X39Y236,SLICEL.B6LUT,8'h96
u_dut/pc1_r4_1[6]_i_7,LUT3,SLICE_X39Y235,SLICEL.A6LUT,8'h96
u_dut/pc1_r4_1[6]_i_8,LUT3,SLICE_X39Y235,SLICEL.A5LUT,8'hE8
u_dut/pc1_r4_1_reg[0],FDRE,SLICE_X38Y235,SLICEM.AFF,1'b0
u_dut/pc1_r4_1_reg[1],FDRE,SLICE_X38Y235,SLICEM.BFF,1'b0
u_dut/pc1_r4_1_reg[2],FDRE,SLICE_X38Y235,SLICEM.CFF,1'b0
u_dut/pc1_r4_1_reg[3],FDRE,SLICE_X38Y235,SLICEM.DFF,1'b0
u_dut/pc1_r4_1_reg[3]_i_1,CARRY4,SLICE_X38Y235,SLICEM.CARRY4,
u_dut/pc1_r4_1_reg[4],FDRE,SLICE_X38Y236,SLICEM.AFF,1'b0
u_dut/pc1_r4_1_reg[5],FDRE,SLICE_X38Y236,SLICEM.BFF,1'b0
u_dut/pc1_r4_1_reg[6],FDRE,SLICE_X38Y236,SLICEM.CFF,1'b0
u_dut/pc1_r4_1_reg[6]_i_1,CARRY4,SLICE_X38Y236,SLICEM.CARRY4,
u_dut/pc1_r4_2_reg[0],FDRE,SLICE_X37Y237,SLICEL.CFF,1'b0
u_dut/pc1_r4_2_reg[1],FDRE,SLICE_X37Y237,SLICEL.DFF,1'b0
u_dut/pc1_r4_2_reg[2],FDRE,SLICE_X37Y237,SLICEL.C5FF,1'b0
u_dut/pc1_r4_2_reg[3],FDRE,SLICE_X37Y237,SLICEL.D5FF,1'b0
u_dut/pc1_r6_0[3]_i_2,LUT3,SLICE_X36Y237,SLICEL.C5LUT,8'hE8
u_dut/pc1_r6_0[3]_i_3,LUT3,SLICE_X36Y237,SLICEL.B5LUT,8'hE8
u_dut/pc1_r6_0[3]_i_4,LUT3,SLICE_X36Y237,SLICEL.A5LUT,8'hE8
u_dut/pc1_r6_0[3]_i_5,LUT4,SLICE_X36Y237,SLICEL.D6LUT,16'h6996
u_dut/pc1_r6_0[3]_i_6,LUT4,SLICE_X36Y237,SLICEL.C6LUT,16'h6996
u_dut/pc1_r6_0[3]_i_7,LUT4,SLICE_X36Y237,SLICEL.B6LUT,16'h6996
u_dut/pc1_r6_0[3]_i_8,LUT3,SLICE_X36Y237,SLICEL.A6LUT,8'h96
u_dut/pc1_r6_0[7]_i_2,LUT2,SLICE_X36Y238,SLICEL.C5LUT,4'h8
u_dut/pc1_r6_0[7]_i_3,LUT2,SLICE_X36Y238,SLICEL.B5LUT,4'h8
u_dut/pc1_r6_0[7]_i_4,LUT3,SLICE_X36Y238,SLICEL.A5LUT,8'hE8
u_dut/pc1_r6_0[7]_i_5,LUT2,SLICE_X36Y238,SLICEL.D6LUT,4'h8
u_dut/pc1_r6_0[7]_i_6,LUT4,SLICE_X36Y238,SLICEL.C6LUT,16'h8778
u_dut/pc1_r6_0[7]_i_7,LUT4,SLICE_X36Y238,SLICEL.B6LUT,16'h8778
u_dut/pc1_r6_0[7]_i_8,LUT5,SLICE_X36Y238,SLICEL.A6LUT,32'hE81717E8
u_dut/pc1_r6_0_reg[0],FDRE,SLICE_X36Y237,SLICEL.AFF,1'b0
u_dut/pc1_r6_0_reg[1],FDRE,SLICE_X36Y237,SLICEL.BFF,1'b0
u_dut/pc1_r6_0_reg[2],FDRE,SLICE_X36Y237,SLICEL.CFF,1'b0
u_dut/pc1_r6_0_reg[3],FDRE,SLICE_X36Y237,SLICEL.DFF,1'b0
u_dut/pc1_r6_0_reg[3]_i_1,CARRY4,SLICE_X36Y237,SLICEL.CARRY4,
u_dut/pc1_r6_0_reg[4],FDRE,SLICE_X36Y238,SLICEL.AFF,1'b0
u_dut/pc1_r6_0_reg[5],FDRE,SLICE_X36Y238,SLICEL.BFF,1'b0
u_dut/pc1_r6_0_reg[6],FDRE,SLICE_X36Y238,SLICEL.CFF,1'b0
u_dut/pc1_r6_0_reg[7],FDRE,SLICE_X36Y238,SLICEL.DFF,1'b0
u_dut/pc1_r6_0_reg[7]_i_1,CARRY4,SLICE_X36Y238,SLICEL.CARRY4,
u_dut/pc2_a0[0]_i_1,LUT6,SLICE_X11Y216,SLICEL.B6LUT,64'h6996966996696996
u_dut/pc2_a0[1]_i_1,LUT6,SLICE_X11Y216,SLICEL.C6LUT,64'h8117177E177E7EE8
u_dut/pc2_a0[2]_i_1,LUT6,SLICE_X11Y216,SLICEL.D6LUT,64'hFEE8E880E8808000
u_dut/pc2_a0_reg[0],FDRE,SLICE_X11Y216,SLICEL.BFF,1'b0
u_dut/pc2_a0_reg[1],FDRE,SLICE_X11Y216,SLICEL.CFF,1'b0
u_dut/pc2_a0_reg[2],FDRE,SLICE_X11Y216,SLICEL.DFF,1'b0
u_dut/pc2_a10[0]_i_1,LUT6,SLICE_X7Y218,SLICEL.B6LUT,64'h6996966996696996
u_dut/pc2_a10[1]_i_1,LUT6,SLICE_X7Y218,SLICEL.C6LUT,64'h8117177E177E7EE8
u_dut/pc2_a10[2]_i_1,LUT6,SLICE_X7Y218,SLICEL.D6LUT,64'hFEE8E880E8808000
u_dut/pc2_a10_reg[0],FDRE,SLICE_X7Y218,SLICEL.BFF,1'b0
u_dut/pc2_a10_reg[1],FDRE,SLICE_X7Y218,SLICEL.CFF,1'b0
u_dut/pc2_a10_reg[2],FDRE,SLICE_X7Y218,SLICEL.DFF,1'b0
u_dut/pc2_a11[0]_i_1,LUT6,SLICE_X18Y215,SLICEM.B6LUT,64'h6996966996696996
u_dut/pc2_a11[1]_i_1,LUT6,SLICE_X18Y215,SLICEM.C6LUT,64'h8117177E177E7EE8
u_dut/pc2_a11[2]_i_1,LUT6,SLICE_X18Y215,SLICEM.D6LUT,64'hFEE8E880E8808000
u_dut/pc2_a11_reg[0],FDRE,SLICE_X18Y215,SLICEM.BFF,1'b0
u_dut/pc2_a11_reg[1],FDRE,SLICE_X18Y215,SLICEM.CFF,1'b0
u_dut/pc2_a11_reg[2],FDRE,SLICE_X18Y215,SLICEM.DFF,1'b0
u_dut/pc2_a12[0]_i_1,LUT6,SLICE_X12Y217,SLICEM.B6LUT,64'h6996966996696996
u_dut/pc2_a12[1]_i_1,LUT6,SLICE_X12Y217,SLICEM.C6LUT,64'h8117177E177E7EE8
u_dut/pc2_a12[2]_i_1,LUT6,SLICE_X12Y217,SLICEM.D6LUT,64'hFEE8E880E8808000
u_dut/pc2_a12_reg[0],FDRE,SLICE_X12Y217,SLICEM.BFF,1'b0
u_dut/pc2_a12_reg[1],FDRE,SLICE_X12Y217,SLICEM.CFF,1'b0
u_dut/pc2_a12_reg[2],FDRE,SLICE_X12Y217,SLICEM.DFF,1'b0
u_dut/pc2_a13[0]_i_1,LUT6,SLICE_X15Y217,SLICEL.B6LUT,64'h6996966996696996
u_dut/pc2_a13[1]_i_1,LUT6,SLICE_X15Y217,SLICEL.C6LUT,64'h8117177E177E7EE8
u_dut/pc2_a13[2]_i_1,LUT6,SLICE_X15Y217,SLICEL.D6LUT,64'hFEE8E880E8808000
u_dut/pc2_a13_reg[0],FDRE,SLICE_X15Y217,SLICEL.BFF,1'b0
u_dut/pc2_a13_reg[1],FDRE,SLICE_X15Y217,SLICEL.CFF,1'b0
u_dut/pc2_a13_reg[2],FDRE,SLICE_X15Y217,SLICEL.DFF,1'b0
u_dut/pc2_a14[0]_i_1,LUT6,SLICE_X14Y217,SLICEM.B6LUT,64'h6996966996696996
u_dut/pc2_a14[1]_i_1,LUT6,SLICE_X14Y217,SLICEM.C6LUT,64'h8117177E177E7EE8
u_dut/pc2_a14[2]_i_1,LUT6,SLICE_X14Y217,SLICEM.D6LUT,64'hFEE8E880E8808000
u_dut/pc2_a14_reg[0],FDRE,SLICE_X14Y217,SLICEM.BFF,1'b0
u_dut/pc2_a14_reg[1],FDRE,SLICE_X14Y217,SLICEM.CFF,1'b0
u_dut/pc2_a14_reg[2],FDRE,SLICE_X14Y217,SLICEM.DFF,1'b0
u_dut/pc2_a15[0]_i_1,LUT6,SLICE_X11Y219,SLICEL.B6LUT,64'h6996966996696996
u_dut/pc2_a15[1]_i_1,LUT6,SLICE_X11Y219,SLICEL.C6LUT,64'h8117177E177E7EE8
u_dut/pc2_a15[2]_i_1,LUT6,SLICE_X11Y219,SLICEL.D6LUT,64'hFEE8E880E8808000
u_dut/pc2_a15_reg[0],FDRE,SLICE_X11Y219,SLICEL.BFF,1'b0
u_dut/pc2_a15_reg[1],FDRE,SLICE_X11Y219,SLICEL.CFF,1'b0
u_dut/pc2_a15_reg[2],FDRE,SLICE_X11Y219,SLICEL.DFF,1'b0
u_dut/pc2_a16[0]_i_1,LUT6,SLICE_X15Y216,SLICEL.B6LUT,64'h6996966996696996
u_dut/pc2_a16[1]_i_1,LUT6,SLICE_X15Y216,SLICEL.C6LUT,64'h8117177E177E7EE8
u_dut/pc2_a16[2]_i_1,LUT6,SLICE_X15Y216,SLICEL.D6LUT,64'hFEE8E880E8808000
u_dut/pc2_a16_reg[0],FDRE,SLICE_X15Y216,SLICEL.BFF,1'b0
u_dut/pc2_a16_reg[1],FDRE,SLICE_X15Y216,SLICEL.CFF,1'b0
u_dut/pc2_a16_reg[2],FDRE,SLICE_X15Y216,SLICEL.DFF,1'b0
u_dut/pc2_a17[0]_i_1,LUT6,SLICE_X21Y214,SLICEL.B6LUT,64'h6996966996696996
u_dut/pc2_a17[1]_i_1,LUT6,SLICE_X21Y214,SLICEL.C6LUT,64'h8117177E177E7EE8
u_dut/pc2_a17[2]_i_1,LUT6,SLICE_X21Y214,SLICEL.D6LUT,64'hFEE8E880E8808000
u_dut/pc2_a17_reg[0],FDRE,SLICE_X21Y214,SLICEL.BFF,1'b0
u_dut/pc2_a17_reg[1],FDRE,SLICE_X21Y214,SLICEL.CFF,1'b0
u_dut/pc2_a17_reg[2],FDRE,SLICE_X21Y214,SLICEL.DFF,1'b0
u_dut/pc2_a18[0]_i_1,LUT6,SLICE_X16Y214,SLICEM.A6LUT,64'h6996966996696996
u_dut/pc2_a18[1]_i_1,LUT6,SLICE_X16Y214,SLICEM.B6LUT,64'h8117177E177E7EE8
u_dut/pc2_a18[2]_i_1,LUT6,SLICE_X16Y214,SLICEM.C6LUT,64'hFEE8E880E8808000
u_dut/pc2_a18_reg[0],FDRE,SLICE_X16Y214,SLICEM.AFF,1'b0
u_dut/pc2_a18_reg[1],FDRE,SLICE_X16Y214,SLICEM.BFF,1'b0
u_dut/pc2_a18_reg[2],FDRE,SLICE_X16Y214,SLICEM.CFF,1'b0
u_dut/pc2_a19[0]_i_1,LUT6,SLICE_X17Y215,SLICEL.B6LUT,64'h6996966996696996
u_dut/pc2_a19[1]_i_1,LUT6,SLICE_X17Y215,SLICEL.C6LUT,64'h8117177E177E7EE8
u_dut/pc2_a19[2]_i_1,LUT6,SLICE_X17Y215,SLICEL.D6LUT,64'hFEE8E880E8808000
u_dut/pc2_a19_reg[0],FDRE,SLICE_X17Y215,SLICEL.BFF,1'b0
u_dut/pc2_a19_reg[1],FDRE,SLICE_X17Y215,SLICEL.CFF,1'b0
u_dut/pc2_a19_reg[2],FDRE,SLICE_X17Y215,SLICEL.DFF,1'b0
u_dut/pc2_a1[0]_i_1,LUT6,SLICE_X7Y220,SLICEL.B6LUT,64'h6996966996696996
u_dut/pc2_a1[1]_i_1,LUT6,SLICE_X7Y220,SLICEL.C6LUT,64'h8117177E177E7EE8
u_dut/pc2_a1[2]_i_1,LUT6,SLICE_X7Y220,SLICEL.D6LUT,64'hFEE8E880E8808000
u_dut/pc2_a1_reg[0],FDRE,SLICE_X7Y220,SLICEL.BFF,1'b0
u_dut/pc2_a1_reg[1],FDRE,SLICE_X7Y220,SLICEL.CFF,1'b0
u_dut/pc2_a1_reg[2],FDRE,SLICE_X7Y220,SLICEL.DFF,1'b0
u_dut/pc2_a20[0]_i_1,LUT6,SLICE_X16Y215,SLICEM.B6LUT,64'h6996966996696996
u_dut/pc2_a20[1]_i_1,LUT6,SLICE_X16Y215,SLICEM.C6LUT,64'h8117177E177E7EE8
u_dut/pc2_a20[2]_i_1,LUT6,SLICE_X16Y215,SLICEM.D6LUT,64'hFEE8E880E8808000
u_dut/pc2_a20_reg[0],FDRE,SLICE_X16Y215,SLICEM.BFF,1'b0
u_dut/pc2_a20_reg[1],FDRE,SLICE_X16Y215,SLICEM.CFF,1'b0
u_dut/pc2_a20_reg[2],FDRE,SLICE_X16Y215,SLICEM.DFF,1'b0
u_dut/pc2_a21[0]_i_1,LUT6,SLICE_X13Y216,SLICEL.A6LUT,64'h6996966996696996
u_dut/pc2_a21[1]_i_1,LUT6,SLICE_X13Y216,SLICEL.B6LUT,64'h8117177E177E7EE8
u_dut/pc2_a21[2]_i_1,LUT6,SLICE_X13Y216,SLICEL.C6LUT,64'hFEE8E880E8808000
u_dut/pc2_a21_reg[0],FDRE,SLICE_X13Y216,SLICEL.AFF,1'b0
u_dut/pc2_a21_reg[1],FDRE,SLICE_X13Y216,SLICEL.BFF,1'b0
u_dut/pc2_a21_reg[2],FDRE,SLICE_X13Y216,SLICEL.CFF,1'b0
u_dut/pc2_a22[0]_i_1,LUT6,SLICE_X14Y215,SLICEM.B6LUT,64'h6996966996696996
u_dut/pc2_a22[1]_i_1,LUT6,SLICE_X14Y215,SLICEM.C6LUT,64'h8117177E177E7EE8
u_dut/pc2_a22[2]_i_1,LUT6,SLICE_X14Y215,SLICEM.D6LUT,64'hFEE8E880E8808000
u_dut/pc2_a22_reg[0],FDRE,SLICE_X14Y215,SLICEM.BFF,1'b0
u_dut/pc2_a22_reg[1],FDRE,SLICE_X14Y215,SLICEM.CFF,1'b0
u_dut/pc2_a22_reg[2],FDRE,SLICE_X14Y215,SLICEM.DFF,1'b0
u_dut/pc2_a23[0]_i_1,LUT6,SLICE_X15Y215,SLICEL.B6LUT,64'h6996966996696996
u_dut/pc2_a23[1]_i_1,LUT6,SLICE_X15Y215,SLICEL.C6LUT,64'h8117177E177E7EE8
u_dut/pc2_a23[2]_i_1,LUT6,SLICE_X15Y215,SLICEL.D6LUT,64'hFEE8E880E8808000
u_dut/pc2_a23_reg[0],FDRE,SLICE_X15Y215,SLICEL.BFF,1'b0
u_dut/pc2_a23_reg[1],FDRE,SLICE_X15Y215,SLICEL.CFF,1'b0
u_dut/pc2_a23_reg[2],FDRE,SLICE_X15Y215,SLICEL.DFF,1'b0
u_dut/pc2_a24[0]_i_1,LUT6,SLICE_X14Y214,SLICEM.A6LUT,64'h6996966996696996
u_dut/pc2_a24[1]_i_1,LUT6,SLICE_X14Y214,SLICEM.B6LUT,64'h8117177E177E7EE8
u_dut/pc2_a24[2]_i_1,LUT6,SLICE_X14Y214,SLICEM.C6LUT,64'hFEE8E880E8808000
u_dut/pc2_a24_reg[0],FDRE,SLICE_X14Y214,SLICEM.AFF,1'b0
u_dut/pc2_a24_reg[1],FDRE,SLICE_X14Y214,SLICEM.BFF,1'b0
u_dut/pc2_a24_reg[2],FDRE,SLICE_X14Y214,SLICEM.CFF,1'b0
u_dut/pc2_a25[0]_i_1,LUT6,SLICE_X18Y213,SLICEM.B6LUT,64'h6996966996696996
u_dut/pc2_a25[1]_i_1,LUT6,SLICE_X18Y213,SLICEM.C6LUT,64'h8117177E177E7EE8
u_dut/pc2_a25[2]_i_1,LUT6,SLICE_X18Y213,SLICEM.D6LUT,64'hFEE8E880E8808000
u_dut/pc2_a25_reg[0],FDRE,SLICE_X18Y213,SLICEM.BFF,1'b0
u_dut/pc2_a25_reg[1],FDRE,SLICE_X18Y213,SLICEM.CFF,1'b0
u_dut/pc2_a25_reg[2],FDRE,SLICE_X18Y213,SLICEM.DFF,1'b0
u_dut/pc2_a26[0]_i_1,LUT6,SLICE_X17Y213,SLICEL.B6LUT,64'h6996966996696996
u_dut/pc2_a26[1]_i_1,LUT6,SLICE_X17Y213,SLICEL.C6LUT,64'h8117177E177E7EE8
u_dut/pc2_a26[2]_i_1,LUT6,SLICE_X17Y213,SLICEL.D6LUT,64'hFEE8E880E8808000
u_dut/pc2_a26_reg[0],FDRE,SLICE_X17Y213,SLICEL.BFF,1'b0
u_dut/pc2_a26_reg[1],FDRE,SLICE_X17Y213,SLICEL.CFF,1'b0
u_dut/pc2_a26_reg[2],FDRE,SLICE_X17Y213,SLICEL.DFF,1'b0
u_dut/pc2_a27[0]_i_1,LUT6,SLICE_X18Y214,SLICEM.B6LUT,64'h6996966996696996
u_dut/pc2_a27[1]_i_1,LUT6,SLICE_X18Y214,SLICEM.C6LUT,64'h8117177E177E7EE8
u_dut/pc2_a27[2]_i_1,LUT6,SLICE_X18Y214,SLICEM.D6LUT,64'hFEE8E880E8808000
u_dut/pc2_a27_reg[0],FDRE,SLICE_X18Y214,SLICEM.BFF,1'b0
u_dut/pc2_a27_reg[1],FDRE,SLICE_X18Y214,SLICEM.CFF,1'b0
u_dut/pc2_a27_reg[2],FDRE,SLICE_X18Y214,SLICEM.DFF,1'b0
u_dut/pc2_a28[0]_i_1,LUT6,SLICE_X15Y221,SLICEL.B6LUT,64'h6996966996696996
u_dut/pc2_a28[1]_i_1,LUT6,SLICE_X15Y221,SLICEL.C6LUT,64'h8117177E177E7EE8
u_dut/pc2_a28[2]_i_1,LUT6,SLICE_X15Y221,SLICEL.D6LUT,64'hFEE8E880E8808000
u_dut/pc2_a28_reg[0],FDRE,SLICE_X15Y221,SLICEL.BFF,1'b0
u_dut/pc2_a28_reg[1],FDRE,SLICE_X15Y221,SLICEL.CFF,1'b0
u_dut/pc2_a28_reg[2],FDRE,SLICE_X15Y221,SLICEL.DFF,1'b0
u_dut/pc2_a29[0]_i_1,LUT6,SLICE_X10Y217,SLICEM.B6LUT,64'h6996966996696996
u_dut/pc2_a29[1]_i_1,LUT6,SLICE_X10Y217,SLICEM.C6LUT,64'h8117177E177E7EE8
u_dut/pc2_a29[2]_i_1,LUT6,SLICE_X10Y217,SLICEM.D6LUT,64'hFEE8E880E8808000
u_dut/pc2_a29_reg[0],FDRE,SLICE_X10Y217,SLICEM.BFF,1'b0
u_dut/pc2_a29_reg[1],FDRE,SLICE_X10Y217,SLICEM.CFF,1'b0
u_dut/pc2_a29_reg[2],FDRE,SLICE_X10Y217,SLICEM.DFF,1'b0
u_dut/pc2_a2[0]_i_1,LUT6,SLICE_X7Y216,SLICEL.A6LUT,64'h6996966996696996
u_dut/pc2_a2[1]_i_1,LUT6,SLICE_X7Y216,SLICEL.B6LUT,64'h8117177E177E7EE8
u_dut/pc2_a2[2]_i_1,LUT6,SLICE_X7Y216,SLICEL.C6LUT,64'hFEE8E880E8808000
u_dut/pc2_a2_reg[0],FDRE,SLICE_X7Y216,SLICEL.AFF,1'b0
u_dut/pc2_a2_reg[1],FDRE,SLICE_X7Y216,SLICEL.BFF,1'b0
u_dut/pc2_a2_reg[2],FDRE,SLICE_X7Y216,SLICEL.CFF,1'b0
u_dut/pc2_a30[0]_i_1,LUT6,SLICE_X9Y216,SLICEL.B6LUT,64'h6996966996696996
u_dut/pc2_a30[1]_i_1,LUT6,SLICE_X9Y216,SLICEL.C6LUT,64'h8117177E177E7EE8
u_dut/pc2_a30[2]_i_1,LUT6,SLICE_X9Y216,SLICEL.D6LUT,64'hFEE8E880E8808000
u_dut/pc2_a30_reg[0],FDRE,SLICE_X9Y216,SLICEL.BFF,1'b0
u_dut/pc2_a30_reg[1],FDRE,SLICE_X9Y216,SLICEL.CFF,1'b0
u_dut/pc2_a30_reg[2],FDRE,SLICE_X9Y216,SLICEL.DFF,1'b0
u_dut/pc2_a31[0]_i_1,LUT6,SLICE_X10Y216,SLICEM.B6LUT,64'h6996966996696996
u_dut/pc2_a31[1]_i_1,LUT6,SLICE_X10Y216,SLICEM.C6LUT,64'h8117177E177E7EE8
u_dut/pc2_a31[2]_i_1,LUT6,SLICE_X10Y216,SLICEM.D6LUT,64'hFEE8E880E8808000
u_dut/pc2_a31_reg[0],FDRE,SLICE_X10Y216,SLICEM.BFF,1'b0
u_dut/pc2_a31_reg[1],FDRE,SLICE_X10Y216,SLICEM.CFF,1'b0
u_dut/pc2_a31_reg[2],FDRE,SLICE_X10Y216,SLICEM.DFF,1'b0
u_dut/pc2_a32[0]_i_1,LUT6,SLICE_X7Y219,SLICEL.A6LUT,64'h6996966996696996
u_dut/pc2_a32[1]_i_1,LUT6,SLICE_X7Y219,SLICEL.B6LUT,64'h8117177E177E7EE8
u_dut/pc2_a32[2]_i_1,LUT6,SLICE_X7Y219,SLICEL.C6LUT,64'hFEE8E880E8808000
u_dut/pc2_a32_reg[0],FDRE,SLICE_X7Y219,SLICEL.AFF,1'b0
u_dut/pc2_a32_reg[1],FDRE,SLICE_X7Y219,SLICEL.BFF,1'b0
u_dut/pc2_a32_reg[2],FDRE,SLICE_X7Y219,SLICEL.CFF,1'b0
u_dut/pc2_a33[0]_i_1,LUT2,SLICE_X5Y217,SLICEL.A6LUT,4'h6
u_dut/pc2_a33[1]_i_1,LUT2,SLICE_X5Y217,SLICEL.A5LUT,4'h8
u_dut/pc2_a33_reg[0],FDRE,SLICE_X5Y217,SLICEL.AFF,1'b0
u_dut/pc2_a33_reg[1],FDRE,SLICE_X5Y217,SLICEL.A5FF,1'b0
u_dut/pc2_a3[0]_i_1,LUT6,SLICE_X8Y216,SLICEM.A6LUT,64'h6996966996696996
u_dut/pc2_a3[1]_i_1,LUT6,SLICE_X8Y216,SLICEM.B6LUT,64'h8117177E177E7EE8
u_dut/pc2_a3[2]_i_1,LUT6,SLICE_X8Y216,SLICEM.C6LUT,64'hFEE8E880E8808000
u_dut/pc2_a3_reg[0],FDRE,SLICE_X8Y216,SLICEM.AFF,1'b0
u_dut/pc2_a3_reg[1],FDRE,SLICE_X8Y216,SLICEM.BFF,1'b0
u_dut/pc2_a3_reg[2],FDRE,SLICE_X8Y216,SLICEM.CFF,1'b0
u_dut/pc2_a4[0]_i_1,LUT6,SLICE_X7Y213,SLICEL.A6LUT,64'h6996966996696996
u_dut/pc2_a4[1]_i_1,LUT6,SLICE_X7Y213,SLICEL.B6LUT,64'h8117177E177E7EE8
u_dut/pc2_a4[2]_i_1,LUT6,SLICE_X7Y213,SLICEL.C6LUT,64'hFEE8E880E8808000
u_dut/pc2_a4_reg[0],FDRE,SLICE_X7Y213,SLICEL.AFF,1'b0
u_dut/pc2_a4_reg[1],FDRE,SLICE_X7Y213,SLICEL.BFF,1'b0
u_dut/pc2_a4_reg[2],FDRE,SLICE_X7Y213,SLICEL.CFF,1'b0
u_dut/pc2_a5[0]_i_1,LUT6,SLICE_X6Y218,SLICEM.B6LUT,64'h6996966996696996
u_dut/pc2_a5[1]_i_1,LUT6,SLICE_X6Y218,SLICEM.C6LUT,64'h8117177E177E7EE8
u_dut/pc2_a5[2]_i_1,LUT6,SLICE_X6Y218,SLICEM.D6LUT,64'hFEE8E880E8808000
u_dut/pc2_a5_reg[0],FDRE,SLICE_X6Y218,SLICEM.BFF,1'b0
u_dut/pc2_a5_reg[1],FDRE,SLICE_X6Y218,SLICEM.CFF,1'b0
u_dut/pc2_a5_reg[2],FDRE,SLICE_X6Y218,SLICEM.DFF,1'b0
u_dut/pc2_a6[0]_i_1,LUT6,SLICE_X9Y215,SLICEL.A6LUT,64'h6996966996696996
u_dut/pc2_a6[1]_i_1,LUT6,SLICE_X9Y215,SLICEL.B6LUT,64'h8117177E177E7EE8
u_dut/pc2_a6[2]_i_1,LUT6,SLICE_X9Y215,SLICEL.C6LUT,64'hFEE8E880E8808000
u_dut/pc2_a6_reg[0],FDRE,SLICE_X9Y215,SLICEL.AFF,1'b0
u_dut/pc2_a6_reg[1],FDRE,SLICE_X9Y215,SLICEL.BFF,1'b0
u_dut/pc2_a6_reg[2],FDRE,SLICE_X9Y215,SLICEL.CFF,1'b0
u_dut/pc2_a7[0]_i_1,LUT6,SLICE_X8Y213,SLICEM.B6LUT,64'h6996966996696996
u_dut/pc2_a7[1]_i_1,LUT6,SLICE_X8Y213,SLICEM.C6LUT,64'h8117177E177E7EE8
u_dut/pc2_a7[2]_i_1,LUT6,SLICE_X8Y213,SLICEM.D6LUT,64'hFEE8E880E8808000
u_dut/pc2_a7_reg[0],FDRE,SLICE_X8Y213,SLICEM.BFF,1'b0
u_dut/pc2_a7_reg[1],FDRE,SLICE_X8Y213,SLICEM.CFF,1'b0
u_dut/pc2_a7_reg[2],FDRE,SLICE_X8Y213,SLICEM.DFF,1'b0
u_dut/pc2_a8[0]_i_1,LUT6,SLICE_X7Y217,SLICEL.A6LUT,64'h6996966996696996
u_dut/pc2_a8[1]_i_1,LUT6,SLICE_X7Y217,SLICEL.B6LUT,64'h8117177E177E7EE8
u_dut/pc2_a8[2]_i_1,LUT6,SLICE_X7Y217,SLICEL.C6LUT,64'hFEE8E880E8808000
u_dut/pc2_a8_reg[0],FDRE,SLICE_X7Y217,SLICEL.AFF,1'b0
u_dut/pc2_a8_reg[1],FDRE,SLICE_X7Y217,SLICEL.BFF,1'b0
u_dut/pc2_a8_reg[2],FDRE,SLICE_X7Y217,SLICEL.CFF,1'b0
u_dut/pc2_a9[0]_i_1,LUT6,SLICE_X6Y220,SLICEM.B6LUT,64'h6996966996696996
u_dut/pc2_a9[1]_i_1,LUT6,SLICE_X6Y220,SLICEM.C6LUT,64'h8117177E177E7EE8
u_dut/pc2_a9[2]_i_1,LUT6,SLICE_X6Y220,SLICEM.D6LUT,64'hFEE8E880E8808000
u_dut/pc2_a9_reg[0],FDRE,SLICE_X6Y220,SLICEM.BFF,1'b0
u_dut/pc2_a9_reg[1],FDRE,SLICE_X6Y220,SLICEM.CFF,1'b0
u_dut/pc2_a9_reg[2],FDRE,SLICE_X6Y220,SLICEM.DFF,1'b0
u_dut/pc2_r2_0[0]_i_1,LUT4,SLICE_X6Y216,SLICEM.A6LUT,16'h6996
u_dut/pc2_r2_0[1]_i_1,LUT5,SLICE_X6Y216,SLICEM.B6LUT,32'h81177EE8
u_dut/pc2_r2_0[1]_i_2,LUT4,SLICE_X6Y215,SLICEM.A6LUT,16'h6996
u_dut/pc2_r2_0[2]_i_1,LUT6,SLICE_X6Y216,SLICEM.C6LUT,64'h9669699666666666
u_dut/pc2_r2_0[2]_i_2,LUT5,SLICE_X6Y216,SLICEM.B5LUT,32'hFEE88000
u_dut/pc2_r2_0[2]_i_3,LUT5,SLICE_X6Y215,SLICEM.D6LUT,32'h96696996
u_dut/pc2_r2_0[3]_i_1,LUT6,SLICE_X6Y215,SLICEM.B6LUT,64'hA99595569556566A
u_dut/pc2_r2_0[4]_i_1,LUT6,SLICE_X6Y215,SLICEM.C6LUT,64'hFEEAEAA8EAA8A880
u_dut/pc2_r2_0[4]_i_2,LUT6,SLICE_X7Y216,SLICEL.D6LUT,64'hEBBEAAAA82280000
u_dut/pc2_r2_0[4]_i_3,LUT3,SLICE_X6Y215,SLICEM.A5LUT,8'hE8
u_dut/pc2_r2_0_reg[0],FDRE,SLICE_X6Y216,SLICEM.AFF,1'b0
u_dut/pc2_r2_0_reg[1],FDRE,SLICE_X6Y214,SLICEM.A5FF,1'b0
u_dut/pc2_r2_0_reg[2],FDRE,SLICE_X6Y216,SLICEM.CFF,1'b0
u_dut/pc2_r2_0_reg[3],FDRE,SLICE_X6Y215,SLICEM.BFF,1'b0
u_dut/pc2_r2_0_reg[4],FDRE,SLICE_X6Y215,SLICEM.CFF,1'b0
u_dut/pc2_r2_1[0]_i_1,LUT4,SLICE_X5Y213,SLICEL.A6LUT,16'h6996
u_dut/pc2_r2_1[1]_i_1,LUT5,SLICE_X6Y213,SLICEM.A6LUT,32'h81177EE8
u_dut/pc2_r2_1[1]_i_2,LUT4,SLICE_X6Y213,SLICEM.B6LUT,16'h6996
u_dut/pc2_r2_1[2]_i_1,LUT6,SLICE_X6Y213,SLICEM.C6LUT,64'h9669699666666666
u_dut/pc2_r2_1[2]_i_2,LUT5,SLICE_X6Y213,SLICEM.A5LUT,32'hFEE88000
u_dut/pc2_r2_1[2]_i_3,LUT5,SLICE_X6Y214,SLICEM.C6LUT,32'h96696996
u_dut/pc2_r2_1[3]_i_1,LUT6,SLICE_X6Y214,SLICEM.A6LUT,64'hA99595569556566A
u_dut/pc2_r2_1[4]_i_1,LUT6,SLICE_X6Y214,SLICEM.B6LUT,64'hFEEAEAA8EAA8A880
u_dut/pc2_r2_1[4]_i_2,LUT6,SLICE_X6Y213,SLICEM.D6LUT,64'hEBBEAAAA82280000
u_dut/pc2_r2_1[4]_i_3,LUT3,SLICE_X6Y213,SLICEM.B5LUT,8'hE8
u_dut/pc2_r2_1_reg[0],FDRE,SLICE_X5Y213,SLICEL.AFF,1'b0
u_dut/pc2_r2_1_reg[1],FDRE,SLICE_X6Y213,SLICEM.AFF,1'b0
u_dut/pc2_r2_1_reg[2],FDRE,SLICE_X6Y213,SLICEM.CFF,1'b0
u_dut/pc2_r2_1_reg[3],FDRE,SLICE_X6Y214,SLICEM.AFF,1'b0
u_dut/pc2_r2_1_reg[4],FDRE,SLICE_X6Y214,SLICEM.BFF,1'b0
u_dut/pc2_r2_2[0]_i_1,LUT4,SLICE_X6Y217,SLICEM.A6LUT,16'h6996
u_dut/pc2_r2_2[1]_i_1,LUT5,SLICE_X6Y217,SLICEM.B6LUT,32'h81177EE8
u_dut/pc2_r2_2[1]_i_2,LUT4,SLICE_X6Y216,SLICEM.D6LUT,16'h6996
u_dut/pc2_r2_2[2]_i_1,LUT6,SLICE_X5Y216,SLICEL.A6LUT,64'h9669699666666666
u_dut/pc2_r2_2[2]_i_2,LUT5,SLICE_X6Y217,SLICEM.B5LUT,32'hFEE88000
u_dut/pc2_r2_2[2]_i_3,LUT5,SLICE_X4Y217,SLICEL.D6LUT,32'h96696996
u_dut/pc2_r2_2[3]_i_1,LUT6,SLICE_X4Y217,SLICEL.A6LUT,64'hA99595569556566A
u_dut/pc2_r2_2[4]_i_1,LUT6,SLICE_X4Y217,SLICEL.B6LUT,64'hFEEAEAA8EAA8A880
u_dut/pc2_r2_2[4]_i_2,LUT6,SLICE_X5Y216,SLICEL.D6LUT,64'hEBBEAAAA82280000
u_dut/pc2_r2_2[4]_i_3,LUT3,SLICE_X6Y216,SLICEM.D5LUT,8'hE8
u_dut/pc2_r2_2_reg[0],FDRE,SLICE_X6Y217,SLICEM.AFF,1'b0
u_dut/pc2_r2_2_reg[1],FDRE,SLICE_X6Y216,SLICEM.A5FF,1'b0
u_dut/pc2_r2_2_reg[2],FDRE,SLICE_X5Y216,SLICEL.AFF,1'b0
u_dut/pc2_r2_2_reg[3],FDRE,SLICE_X4Y217,SLICEL.AFF,1'b0
u_dut/pc2_r2_2_reg[4],FDRE,SLICE_X4Y217,SLICEL.BFF,1'b0
u_dut/pc2_r2_3[0]_i_1,LUT4,SLICE_X11Y217,SLICEL.C6LUT,16'h6996
u_dut/pc2_r2_3[1]_i_1,LUT5,SLICE_X11Y217,SLICEL.D6LUT,32'h81177EE8
u_dut/pc2_r2_3[1]_i_2,LUT4,SLICE_X10Y215,SLICEM.A6LUT,16'h6996
u_dut/pc2_r2_3[2]_i_1,LUT6,SLICE_X10Y215,SLICEM.B6LUT,64'h9669699666666666
u_dut/pc2_r2_3[2]_i_2,LUT5,SLICE_X11Y217,SLICEL.D5LUT,32'hFEE88000
u_dut/pc2_r2_3[2]_i_3,LUT5,SLICE_X10Y212,SLICEM.C6LUT,32'h96696996
u_dut/pc2_r2_3[3]_i_1,LUT6,SLICE_X8Y212,SLICEM.A6LUT,64'hA99595569556566A
u_dut/pc2_r2_3[4]_i_1,LUT6,SLICE_X8Y212,SLICEM.B6LUT,64'hFEEAEAA8EAA8A880
u_dut/pc2_r2_3[4]_i_2,LUT6,SLICE_X10Y215,SLICEM.C6LUT,64'hEBBEAAAA82280000
u_dut/pc2_r2_3[4]_i_3,LUT3,SLICE_X10Y215,SLICEM.A5LUT,8'hE8
u_dut/pc2_r2_3_reg[0],FDRE,SLICE_X11Y217,SLICEL.CFF,1'b0
u_dut/pc2_r2_3_reg[1],FDRE,SLICE_X7Y214,SLICEL.A5FF,1'b0
u_dut/pc2_r2_3_reg[2],FDRE,SLICE_X10Y215,SLICEM.BFF,1'b0
u_dut/pc2_r2_3_reg[3],FDRE,SLICE_X8Y212,SLICEM.AFF,1'b0
u_dut/pc2_r2_3_reg[4],FDRE,SLICE_X8Y212,SLICEM.BFF,1'b0
u_dut/pc2_r2_4[0]_i_1,LUT4,SLICE_X15Y214,SLICEL.A6LUT,16'h6996
u_dut/pc2_r2_4[1]_i_1,LUT5,SLICE_X15Y214,SLICEL.B6LUT,32'h81177EE8
u_dut/pc2_r2_4[1]_i_2,LUT4,SLICE_X16Y214,SLICEM.D6LUT,16'h6996
u_dut/pc2_r2_4[2]_i_1,LUT6,SLICE_X15Y214,SLICEL.C6LUT,64'h9669699666666666
u_dut/pc2_r2_4[2]_i_2,LUT5,SLICE_X15Y214,SLICEL.B5LUT,32'hFEE88000
u_dut/pc2_r2_4[2]_i_3,LUT5,SLICE_X17Y214,SLICEL.D6LUT,32'h96696996
u_dut/pc2_r2_4[3]_i_1,LUT6,SLICE_X17Y214,SLICEL.B6LUT,64'hA99595569556566A
u_dut/pc2_r2_4[4]_i_1,LUT6,SLICE_X17Y214,SLICEL.C6LUT,64'hFEEAEAA8EAA8A880
u_dut/pc2_r2_4[4]_i_2,LUT6,SLICE_X15Y214,SLICEL.D6LUT,64'hEBBEAAAA82280000
u_dut/pc2_r2_4[4]_i_3,LUT3,SLICE_X16Y214,SLICEM.D5LUT,8'hE8
u_dut/pc2_r2_4_reg[0],FDRE,SLICE_X15Y214,SLICEL.AFF,1'b0
u_dut/pc2_r2_4_reg[1],FDRE,SLICE_X15Y214,SLICEL.A5FF,1'b0
u_dut/pc2_r2_4_reg[2],FDRE,SLICE_X15Y214,SLICEL.CFF,1'b0
u_dut/pc2_r2_4_reg[3],FDRE,SLICE_X17Y214,SLICEL.BFF,1'b0
u_dut/pc2_r2_4_reg[4],FDRE,SLICE_X17Y214,SLICEL.CFF,1'b0
u_dut/pc2_r2_5[0]_i_1,LUT4,SLICE_X14Y214,SLICEM.D6LUT,16'h6996
u_dut/pc2_r2_5[1]_i_1,LUT5,SLICE_X14Y213,SLICEM.A6LUT,32'h81177EE8
u_dut/pc2_r2_5[1]_i_2,LUT4,SLICE_X13Y214,SLICEL.A6LUT,16'h6996
u_dut/pc2_r2_5[2]_i_1,LUT6,SLICE_X12Y214,SLICEM.A6LUT,64'h9669699666666666
u_dut/pc2_r2_5[2]_i_2,LUT5,SLICE_X14Y213,SLICEM.A5LUT,32'hFEE88000
u_dut/pc2_r2_5[2]_i_3,LUT5,SLICE_X13Y214,SLICEL.D6LUT,32'h96696996
u_dut/pc2_r2_5[3]_i_1,LUT6,SLICE_X12Y214,SLICEM.B6LUT,64'hA99595569556566A
u_dut/pc2_r2_5[4]_i_1,LUT6,SLICE_X12Y214,SLICEM.C6LUT,64'hFEEAEAA8EAA8A880
u_dut/pc2_r2_5[4]_i_2,LUT6,SLICE_X12Y214,SLICEM.D6LUT,64'hEBBEAAAA82280000
u_dut/pc2_r2_5[4]_i_3,LUT3,SLICE_X13Y214,SLICEL.A5LUT,8'hE8
u_dut/pc2_r2_5_reg[0],FDRE,SLICE_X14Y214,SLICEM.DFF,1'b0
u_dut/pc2_r2_5_reg[1],FDRE,SLICE_X14Y213,SLICEM.AFF,1'b0
u_dut/pc2_r2_5_reg[2],FDRE,SLICE_X12Y214,SLICEM.AFF,1'b0
u_dut/pc2_r2_5_reg[3],FDRE,SLICE_X12Y214,SLICEM.BFF,1'b0
u_dut/pc2_r2_5_reg[4],FDRE,SLICE_X12Y214,SLICEM.CFF,1'b0
u_dut/pc2_r2_6[0]_i_1,LUT4,SLICE_X16Y213,SLICEM.B6LUT,16'h6996
u_dut/pc2_r2_6[1]_i_1,LUT5,SLICE_X16Y213,SLICEM.C6LUT,32'h81177EE8
u_dut/pc2_r2_6[1]_i_2,LUT4,SLICE_X16Y213,SLICEM.D6LUT,16'h6996
u_dut/pc2_r2_6[2]_i_1,LUT6,SLICE_X15Y213,SLICEL.A6LUT,64'h9669699666666666
u_dut/pc2_r2_6[2]_i_2,LUT5,SLICE_X16Y213,SLICEM.C5LUT,32'hFEE88000
u_dut/pc2_r2_6[2]_i_3,LUT5,SLICE_X15Y213,SLICEL.C6LUT,32'h96696996
u_dut/pc2_r2_6[3]_i_1,LUT6,SLICE_X14Y213,SLICEM.B6LUT,64'hA99595569556566A
u_dut/pc2_r2_6[4]_i_1,LUT6,SLICE_X14Y213,SLICEM.C6LUT,64'hFEEAEAA8EAA8A880
u_dut/pc2_r2_6[4]_i_2,LUT6,SLICE_X15Y213,SLICEL.B6LUT,64'hEBBEAAAA82280000
u_dut/pc2_r2_6[4]_i_3,LUT3,SLICE_X16Y213,SLICEM.D5LUT,8'hE8
u_dut/pc2_r2_6_reg[0],FDRE,SLICE_X16Y213,SLICEM.BFF,1'b0
u_dut/pc2_r2_6_reg[1],FDRE,SLICE_X16Y213,SLICEM.A5FF,1'b0
u_dut/pc2_r2_6_reg[2],FDRE,SLICE_X15Y213,SLICEL.AFF,1'b0
u_dut/pc2_r2_6_reg[3],FDRE,SLICE_X14Y213,SLICEM.BFF,1'b0
u_dut/pc2_r2_6_reg[4],FDRE,SLICE_X14Y213,SLICEM.CFF,1'b0
u_dut/pc2_r2_7[0]_i_1,LUT4,SLICE_X9Y214,SLICEL.B6LUT,16'h6996
u_dut/pc2_r2_7[1]_i_1,LUT5,SLICE_X9Y214,SLICEL.C6LUT,32'h81177EE8
u_dut/pc2_r2_7[1]_i_2,LUT4,SLICE_X9Y214,SLICEL.D6LUT,16'h6996
u_dut/pc2_r2_7[2]_i_1,LUT6,SLICE_X10Y213,SLICEM.A6LUT,64'h9669699666666666
u_dut/pc2_r2_7[2]_i_2,LUT5,SLICE_X9Y214,SLICEL.C5LUT,32'hFEE88000
u_dut/pc2_r2_7[2]_i_3,LUT5,SLICE_X10Y213,SLICEM.D6LUT,32'h96696996
u_dut/pc2_r2_7[3]_i_1,LUT6,SLICE_X10Y213,SLICEM.B6LUT,64'hA99595569556566A
u_dut/pc2_r2_7[4]_i_1,LUT6,SLICE_X10Y213,SLICEM.C6LUT,64'hFEEAEAA8EAA8A880
u_dut/pc2_r2_7[4]_i_2,LUT6,SLICE_X9Y213,SLICEL.D6LUT,64'hEBBEAAAA82280000
u_dut/pc2_r2_7[4]_i_3,LUT3,SLICE_X9Y214,SLICEL.D5LUT,8'hE8
u_dut/pc2_r2_7_reg[0],FDRE,SLICE_X9Y214,SLICEL.BFF,1'b0
u_dut/pc2_r2_7_reg[1],FDRE,SLICE_X9Y214,SLICEL.A5FF,1'b0
u_dut/pc2_r2_7_reg[2],FDRE,SLICE_X10Y213,SLICEM.AFF,1'b0
u_dut/pc2_r2_7_reg[3],FDRE,SLICE_X10Y213,SLICEM.BFF,1'b0
u_dut/pc2_r2_7_reg[4],FDRE,SLICE_X10Y213,SLICEM.CFF,1'b0
u_dut/pc2_r2_8[0]_i_1,LUT2,SLICE_X5Y217,SLICEL.B6LUT,4'h6
u_dut/pc2_r2_8[1]_i_1,LUT4,SLICE_X5Y217,SLICEL.B5LUT,16'h8778
u_dut/pc2_r2_8[2]_i_1,LUT5,SLICE_X5Y217,SLICEL.C6LUT,32'h077FF880
u_dut/pc2_r2_8[3]_i_1,LUT5,SLICE_X5Y217,SLICEL.C5LUT,32'hAA808000
u_dut/pc2_r2_8_reg[0],FDRE,SLICE_X5Y217,SLICEL.BFF,1'b0
u_dut/pc2_r2_8_reg[1],FDRE,SLICE_X5Y217,SLICEL.B5FF,1'b0
u_dut/pc2_r2_8_reg[2],FDRE,SLICE_X5Y217,SLICEL.CFF,1'b0
u_dut/pc2_r2_8_reg[3],FDRE,SLICE_X5Y217,SLICEL.C5FF,1'b0
u_dut/pc2_r4_0[3]_i_2,LUT5,SLICE_X4Y214,SLICEL.B6LUT,32'hEEE8E888
u_dut/pc2_r4_0[3]_i_3,LUT5,SLICE_X4Y214,SLICEL.B5LUT,32'hE81717E8
u_dut/pc2_r4_0[3]_i_4,LUT4,SLICE_X4Y214,SLICEL.C6LUT,16'h6996
u_dut/pc2_r4_0[3]_i_5,LUT6,SLICE_X5Y214,SLICEL.D6LUT,64'h6969699669969696
u_dut/pc2_r4_0[3]_i_6,LUT6,SLICE_X5Y214,SLICEL.C6LUT,64'h6999999699969666
u_dut/pc2_r4_0[3]_i_7,LUT4,SLICE_X5Y214,SLICEL.B6LUT,16'h566A
u_dut/pc2_r4_0[3]_i_8,LUT4,SLICE_X5Y214,SLICEL.A6LUT,16'h6996
u_dut/pc2_r4_0[3]_i_9,LUT3,SLICE_X4Y214,SLICEL.A6LUT,8'h96
u_dut/pc2_r4_0[6]_i_2,LUT5,SLICE_X4Y215,SLICEL.C6LUT,32'hEEE8E888
u_dut/pc2_r4_0[6]_i_3,LUT5,SLICE_X4Y214,SLICEL.A5LUT,32'hEEE8E888
u_dut/pc2_r4_0[6]_i_4,LUT5,SLICE_X5Y215,SLICEL.B6LUT,32'h177E7EE8
u_dut/pc2_r4_0[6]_i_5,LUT6,SLICE_X5Y215,SLICEL.A6LUT,64'h6969699669969696
u_dut/pc2_r4_0[6]_i_6,LUT3,SLICE_X4Y215,SLICEL.D6LUT,8'h96
u_dut/pc2_r4_0[6]_i_7,LUT3,SLICE_X4Y215,SLICEL.A6LUT,8'h96
u_dut/pc2_r4_0[6]_i_8,LUT3,SLICE_X4Y215,SLICEL.A5LUT,8'hE8
u_dut/pc2_r4_0_reg[0],FDRE,SLICE_X5Y214,SLICEL.AFF,1'b0
u_dut/pc2_r4_0_reg[1],FDRE,SLICE_X5Y214,SLICEL.BFF,1'b0
u_dut/pc2_r4_0_reg[2],FDRE,SLICE_X5Y214,SLICEL.CFF,1'b0
u_dut/pc2_r4_0_reg[3],FDRE,SLICE_X5Y214,SLICEL.DFF,1'b0
u_dut/pc2_r4_0_reg[3]_i_1,CARRY4,SLICE_X5Y214,SLICEL.CARRY4,
u_dut/pc2_r4_0_reg[4],FDRE,SLICE_X5Y215,SLICEL.AFF,1'b0
u_dut/pc2_r4_0_reg[5],FDRE,SLICE_X5Y215,SLICEL.BFF,1'b0
u_dut/pc2_r4_0_reg[6],FDRE,SLICE_X5Y215,SLICEL.CFF,1'b0
u_dut/pc2_r4_0_reg[6]_i_1,CARRY4,SLICE_X5Y215,SLICEL.CARRY4,
u_dut/pc2_r4_1[3]_i_2,LUT5,SLICE_X10Y214,SLICEM.C6LUT,32'hEEE8E888
u_dut/pc2_r4_1[3]_i_3,LUT5,SLICE_X10Y214,SLICEM.C5LUT,32'hE81717E8
u_dut/pc2_r4_1[3]_i_4,LUT4,SLICE_X10Y214,SLICEM.D6LUT,16'h6996
u_dut/pc2_r4_1[3]_i_5,LUT6,SLICE_X11Y214,SLICEL.D6LUT,64'h6969699669969696
u_dut/pc2_r4_1[3]_i_6,LUT6,SLICE_X11Y214,SLICEL.C6LUT,64'h6999999699969666
u_dut/pc2_r4_1[3]_i_7,LUT4,SLICE_X11Y214,SLICEL.B6LUT,16'h566A
u_dut/pc2_r4_1[3]_i_8,LUT4,SLICE_X11Y214,SLICEL.A6LUT,16'h6996
u_dut/pc2_r4_1[3]_i_9,LUT3,SLICE_X10Y214,SLICEM.B6LUT,8'h96
u_dut/pc2_r4_1[6]_i_2,LUT5,SLICE_X10Y215,SLICEM.D6LUT,32'hEEE8E888
u_dut/pc2_r4_1[6]_i_3,LUT5,SLICE_X10Y214,SLICEM.B5LUT,32'hEEE8E888
u_dut/pc2_r4_1[6]_i_4,LUT5,SLICE_X11Y215,SLICEL.B6LUT,32'h177E7EE8
u_dut/pc2_r4_1[6]_i_5,LUT6,SLICE_X11Y215,SLICEL.A6LUT,64'h6969699669969696
u_dut/pc2_r4_1[6]_i_6,LUT3,SLICE_X11Y213,SLICEL.D6LUT,8'h96
u_dut/pc2_r4_1[6]_i_7,LUT3,SLICE_X10Y214,SLICEM.A6LUT,8'h96
u_dut/pc2_r4_1[6]_i_8,LUT3,SLICE_X10Y214,SLICEM.A5LUT,8'hE8
u_dut/pc2_r4_1_reg[0],FDRE,SLICE_X11Y214,SLICEL.AFF,1'b0
u_dut/pc2_r4_1_reg[1],FDRE,SLICE_X11Y214,SLICEL.BFF,1'b0
u_dut/pc2_r4_1_reg[2],FDRE,SLICE_X11Y214,SLICEL.CFF,1'b0
u_dut/pc2_r4_1_reg[3],FDRE,SLICE_X11Y214,SLICEL.DFF,1'b0
u_dut/pc2_r4_1_reg[3]_i_1,CARRY4,SLICE_X11Y214,SLICEL.CARRY4,
u_dut/pc2_r4_1_reg[4],FDRE,SLICE_X11Y215,SLICEL.AFF,1'b0
u_dut/pc2_r4_1_reg[5],FDRE,SLICE_X11Y215,SLICEL.BFF,1'b0
u_dut/pc2_r4_1_reg[6],FDRE,SLICE_X11Y215,SLICEL.CFF,1'b0
u_dut/pc2_r4_1_reg[6]_i_1,CARRY4,SLICE_X11Y215,SLICEL.CARRY4,
u_dut/pc2_r4_2_reg[0],FDRE,SLICE_X5Y214,SLICEL.A5FF,1'b0
u_dut/pc2_r4_2_reg[1],FDRE,SLICE_X5Y214,SLICEL.B5FF,1'b0
u_dut/pc2_r4_2_reg[2],FDRE,SLICE_X5Y215,SLICEL.C5FF,1'b0
u_dut/pc2_r4_2_reg[3],FDRE,SLICE_X4Y217,SLICEL.A5FF,1'b0
u_dut/pc2_r6_0[3]_i_2,LUT3,SLICE_X8Y214,SLICEM.C5LUT,8'hE8
u_dut/pc2_r6_0[3]_i_3,LUT3,SLICE_X8Y214,SLICEM.B5LUT,8'hE8
u_dut/pc2_r6_0[3]_i_4,LUT3,SLICE_X8Y214,SLICEM.A5LUT,8'hE8
u_dut/pc2_r6_0[3]_i_5,LUT4,SLICE_X8Y214,SLICEM.D6LUT,16'h6996
u_dut/pc2_r6_0[3]_i_6,LUT4,SLICE_X8Y214,SLICEM.C6LUT,16'h6996
u_dut/pc2_r6_0[3]_i_7,LUT4,SLICE_X8Y214,SLICEM.B6LUT,16'h6996
u_dut/pc2_r6_0[3]_i_8,LUT3,SLICE_X8Y214,SLICEM.A6LUT,8'h96
u_dut/pc2_r6_0[7]_i_2,LUT2,SLICE_X8Y215,SLICEM.C5LUT,4'h8
u_dut/pc2_r6_0[7]_i_3,LUT2,SLICE_X8Y215,SLICEM.B5LUT,4'h8
u_dut/pc2_r6_0[7]_i_4,LUT3,SLICE_X8Y215,SLICEM.A5LUT,8'hE8
u_dut/pc2_r6_0[7]_i_5,LUT2,SLICE_X8Y215,SLICEM.D6LUT,4'h8
u_dut/pc2_r6_0[7]_i_6,LUT4,SLICE_X8Y215,SLICEM.C6LUT,16'h8778
u_dut/pc2_r6_0[7]_i_7,LUT4,SLICE_X8Y215,SLICEM.B6LUT,16'h8778
u_dut/pc2_r6_0[7]_i_8,LUT5,SLICE_X8Y215,SLICEM.A6LUT,32'hE81717E8
u_dut/pc2_r6_0_reg[0],FDRE,SLICE_X8Y214,SLICEM.AFF,1'b0
u_dut/pc2_r6_0_reg[1],FDRE,SLICE_X8Y214,SLICEM.BFF,1'b0
u_dut/pc2_r6_0_reg[2],FDRE,SLICE_X8Y214,SLICEM.CFF,1'b0
u_dut/pc2_r6_0_reg[3],FDRE,SLICE_X8Y214,SLICEM.DFF,1'b0
u_dut/pc2_r6_0_reg[3]_i_1,CARRY4,SLICE_X8Y214,SLICEM.CARRY4,
u_dut/pc2_r6_0_reg[4],FDRE,SLICE_X8Y215,SLICEM.AFF,1'b0
u_dut/pc2_r6_0_reg[5],FDRE,SLICE_X8Y215,SLICEM.BFF,1'b0
u_dut/pc2_r6_0_reg[6],FDRE,SLICE_X8Y215,SLICEM.CFF,1'b0
u_dut/pc2_r6_0_reg[7],FDRE,SLICE_X8Y215,SLICEM.DFF,1'b0
u_dut/pc2_r6_0_reg[7]_i_1,CARRY4,SLICE_X8Y215,SLICEM.CARRY4,
u_dut/pc3_a0[0]_i_1,LUT6,SLICE_X15Y235,SLICEL.B6LUT,64'h6996966996696996
u_dut/pc3_a0[1]_i_1,LUT6,SLICE_X15Y235,SLICEL.C6LUT,64'h8117177E177E7EE8
u_dut/pc3_a0[2]_i_1,LUT6,SLICE_X15Y235,SLICEL.D6LUT,64'hFEE8E880E8808000
u_dut/pc3_a0_reg[0],FDRE,SLICE_X15Y235,SLICEL.BFF,1'b0
u_dut/pc3_a0_reg[1],FDRE,SLICE_X15Y235,SLICEL.CFF,1'b0
u_dut/pc3_a0_reg[2],FDRE,SLICE_X15Y235,SLICEL.DFF,1'b0
u_dut/pc3_a10[0]_i_1,LUT6,SLICE_X12Y229,SLICEM.B6LUT,64'h6996966996696996
u_dut/pc3_a10[1]_i_1,LUT6,SLICE_X12Y229,SLICEM.C6LUT,64'h8117177E177E7EE8
u_dut/pc3_a10[2]_i_1,LUT6,SLICE_X12Y229,SLICEM.D6LUT,64'hFEE8E880E8808000
u_dut/pc3_a10_reg[0],FDRE,SLICE_X12Y229,SLICEM.BFF,1'b0
u_dut/pc3_a10_reg[1],FDRE,SLICE_X12Y229,SLICEM.CFF,1'b0
u_dut/pc3_a10_reg[2],FDRE,SLICE_X12Y229,SLICEM.DFF,1'b0
u_dut/pc3_a11[0]_i_1,LUT6,SLICE_X10Y234,SLICEM.A6LUT,64'h6996966996696996
u_dut/pc3_a11[1]_i_1,LUT6,SLICE_X10Y234,SLICEM.B6LUT,64'h8117177E177E7EE8
u_dut/pc3_a11[2]_i_1,LUT6,SLICE_X10Y234,SLICEM.C6LUT,64'hFEE8E880E8808000
u_dut/pc3_a11_reg[0],FDRE,SLICE_X10Y234,SLICEM.AFF,1'b0
u_dut/pc3_a11_reg[1],FDRE,SLICE_X10Y234,SLICEM.BFF,1'b0
u_dut/pc3_a11_reg[2],FDRE,SLICE_X10Y234,SLICEM.CFF,1'b0
u_dut/pc3_a12[0]_i_1,LUT6,SLICE_X14Y232,SLICEM.B6LUT,64'h6996966996696996
u_dut/pc3_a12[1]_i_1,LUT6,SLICE_X14Y232,SLICEM.C6LUT,64'h8117177E177E7EE8
u_dut/pc3_a12[2]_i_1,LUT6,SLICE_X14Y232,SLICEM.D6LUT,64'hFEE8E880E8808000
u_dut/pc3_a12_reg[0],FDRE,SLICE_X14Y232,SLICEM.BFF,1'b0
u_dut/pc3_a12_reg[1],FDRE,SLICE_X14Y232,SLICEM.CFF,1'b0
u_dut/pc3_a12_reg[2],FDRE,SLICE_X14Y232,SLICEM.DFF,1'b0
u_dut/pc3_a13[0]_i_1,LUT6,SLICE_X19Y229,SLICEL.B6LUT,64'h6996966996696996
u_dut/pc3_a13[1]_i_1,LUT6,SLICE_X19Y229,SLICEL.C6LUT,64'h8117177E177E7EE8
u_dut/pc3_a13[2]_i_1,LUT6,SLICE_X19Y229,SLICEL.D6LUT,64'hFEE8E880E8808000
u_dut/pc3_a13_reg[0],FDRE,SLICE_X19Y229,SLICEL.BFF,1'b0
u_dut/pc3_a13_reg[1],FDRE,SLICE_X19Y229,SLICEL.CFF,1'b0
u_dut/pc3_a13_reg[2],FDRE,SLICE_X19Y229,SLICEL.DFF,1'b0
u_dut/pc3_a14[0]_i_1,LUT6,SLICE_X15Y234,SLICEL.B6LUT,64'h6996966996696996
u_dut/pc3_a14[1]_i_1,LUT6,SLICE_X15Y234,SLICEL.C6LUT,64'h8117177E177E7EE8
u_dut/pc3_a14[2]_i_1,LUT6,SLICE_X15Y234,SLICEL.D6LUT,64'hFEE8E880E8808000
u_dut/pc3_a14_reg[0],FDRE,SLICE_X15Y234,SLICEL.BFF,1'b0
u_dut/pc3_a14_reg[1],FDRE,SLICE_X15Y234,SLICEL.CFF,1'b0
u_dut/pc3_a14_reg[2],FDRE,SLICE_X15Y234,SLICEL.DFF,1'b0
u_dut/pc3_a15[0]_i_1,LUT6,SLICE_X15Y233,SLICEL.B6LUT,64'h6996966996696996
u_dut/pc3_a15[1]_i_1,LUT6,SLICE_X15Y233,SLICEL.C6LUT,64'h8117177E177E7EE8
u_dut/pc3_a15[2]_i_1,LUT6,SLICE_X15Y233,SLICEL.D6LUT,64'hFEE8E880E8808000
u_dut/pc3_a15_reg[0],FDRE,SLICE_X15Y233,SLICEL.BFF,1'b0
u_dut/pc3_a15_reg[1],FDRE,SLICE_X15Y233,SLICEL.CFF,1'b0
u_dut/pc3_a15_reg[2],FDRE,SLICE_X15Y233,SLICEL.DFF,1'b0
u_dut/pc3_a16[0]_i_1,LUT6,SLICE_X15Y236,SLICEL.B6LUT,64'h6996966996696996
u_dut/pc3_a16[1]_i_1,LUT6,SLICE_X14Y236,SLICEM.A6LUT,64'h8117177E177E7EE8
u_dut/pc3_a16[2]_i_1,LUT6,SLICE_X14Y236,SLICEM.B6LUT,64'hFEE8E880E8808000
u_dut/pc3_a16_reg[0],FDRE,SLICE_X15Y236,SLICEL.BFF,1'b0
u_dut/pc3_a16_reg[1],FDRE,SLICE_X14Y236,SLICEM.AFF,1'b0
u_dut/pc3_a16_reg[2],FDRE,SLICE_X14Y236,SLICEM.BFF,1'b0
u_dut/pc3_a17[0]_i_1,LUT6,SLICE_X17Y235,SLICEL.B6LUT,64'h6996966996696996
u_dut/pc3_a17[1]_i_1,LUT6,SLICE_X17Y235,SLICEL.C6LUT,64'h8117177E177E7EE8
u_dut/pc3_a17[2]_i_1,LUT6,SLICE_X17Y235,SLICEL.D6LUT,64'hFEE8E880E8808000
u_dut/pc3_a17_reg[0],FDRE,SLICE_X17Y235,SLICEL.BFF,1'b0
u_dut/pc3_a17_reg[1],FDRE,SLICE_X17Y235,SLICEL.CFF,1'b0
u_dut/pc3_a17_reg[2],FDRE,SLICE_X17Y235,SLICEL.DFF,1'b0
u_dut/pc3_a18[0]_i_1,LUT6,SLICE_X14Y235,SLICEM.A6LUT,64'h6996966996696996
u_dut/pc3_a18[1]_i_1,LUT6,SLICE_X14Y235,SLICEM.B6LUT,64'h8117177E177E7EE8
u_dut/pc3_a18[2]_i_1,LUT6,SLICE_X14Y235,SLICEM.C6LUT,64'hFEE8E880E8808000
u_dut/pc3_a18_reg[0],FDRE,SLICE_X14Y235,SLICEM.AFF,1'b0
u_dut/pc3_a18_reg[1],FDRE,SLICE_X14Y235,SLICEM.BFF,1'b0
u_dut/pc3_a18_reg[2],FDRE,SLICE_X14Y235,SLICEM.CFF,1'b0
u_dut/pc3_a19[0]_i_1,LUT6,SLICE_X15Y228,SLICEL.B6LUT,64'h6996966996696996
u_dut/pc3_a19[1]_i_1,LUT6,SLICE_X15Y228,SLICEL.C6LUT,64'h8117177E177E7EE8
u_dut/pc3_a19[2]_i_1,LUT6,SLICE_X15Y228,SLICEL.D6LUT,64'hFEE8E880E8808000
u_dut/pc3_a19_reg[0],FDRE,SLICE_X15Y228,SLICEL.BFF,1'b0
u_dut/pc3_a19_reg[1],FDRE,SLICE_X15Y228,SLICEL.CFF,1'b0
u_dut/pc3_a19_reg[2],FDRE,SLICE_X15Y228,SLICEL.DFF,1'b0
u_dut/pc3_a1[0]_i_1,LUT6,SLICE_X17Y229,SLICEL.B6LUT,64'h6996966996696996
u_dut/pc3_a1[1]_i_1,LUT6,SLICE_X17Y229,SLICEL.C6LUT,64'h8117177E177E7EE8
u_dut/pc3_a1[2]_i_1,LUT6,SLICE_X17Y229,SLICEL.D6LUT,64'hFEE8E880E8808000
u_dut/pc3_a1_reg[0],FDRE,SLICE_X17Y229,SLICEL.BFF,1'b0
u_dut/pc3_a1_reg[1],FDRE,SLICE_X17Y229,SLICEL.CFF,1'b0
u_dut/pc3_a1_reg[2],FDRE,SLICE_X17Y229,SLICEL.DFF,1'b0
u_dut/pc3_a20[0]_i_1,LUT6,SLICE_X21Y236,SLICEL.B6LUT,64'h6996966996696996
u_dut/pc3_a20[1]_i_1,LUT6,SLICE_X21Y236,SLICEL.C6LUT,64'h8117177E177E7EE8
u_dut/pc3_a20[2]_i_1,LUT6,SLICE_X21Y236,SLICEL.D6LUT,64'hFEE8E880E8808000
u_dut/pc3_a20_reg[0],FDRE,SLICE_X21Y236,SLICEL.BFF,1'b0
u_dut/pc3_a20_reg[1],FDRE,SLICE_X21Y236,SLICEL.CFF,1'b0
u_dut/pc3_a20_reg[2],FDRE,SLICE_X21Y236,SLICEL.DFF,1'b0
u_dut/pc3_a21[0]_i_1,LUT6,SLICE_X21Y233,SLICEL.B6LUT,64'h6996966996696996
u_dut/pc3_a21[1]_i_1,LUT6,SLICE_X21Y233,SLICEL.C6LUT,64'h8117177E177E7EE8
u_dut/pc3_a21[2]_i_1,LUT6,SLICE_X21Y233,SLICEL.D6LUT,64'hFEE8E880E8808000
u_dut/pc3_a21_reg[0],FDRE,SLICE_X21Y233,SLICEL.BFF,1'b0
u_dut/pc3_a21_reg[1],FDRE,SLICE_X21Y233,SLICEL.CFF,1'b0
u_dut/pc3_a21_reg[2],FDRE,SLICE_X21Y233,SLICEL.DFF,1'b0
u_dut/pc3_a22[0]_i_1,LUT6,SLICE_X20Y234,SLICEM.C6LUT,64'h6996966996696996
u_dut/pc3_a22[1]_i_1,LUT6,SLICE_X20Y233,SLICEM.D6LUT,64'h8117177E177E7EE8
u_dut/pc3_a22[2]_i_1,LUT6,SLICE_X20Y234,SLICEM.D6LUT,64'hFEE8E880E8808000
u_dut/pc3_a22_reg[0],FDRE,SLICE_X20Y234,SLICEM.CFF,1'b0
u_dut/pc3_a22_reg[1],FDRE,SLICE_X20Y233,SLICEM.DFF,1'b0
u_dut/pc3_a22_reg[2],FDRE,SLICE_X20Y234,SLICEM.DFF,1'b0
u_dut/pc3_a23[0]_i_1,LUT6,SLICE_X22Y235,SLICEM.B6LUT,64'h6996966996696996
u_dut/pc3_a23[1]_i_1,LUT6,SLICE_X22Y235,SLICEM.C6LUT,64'h8117177E177E7EE8
u_dut/pc3_a23[2]_i_1,LUT6,SLICE_X22Y235,SLICEM.D6LUT,64'hFEE8E880E8808000
u_dut/pc3_a23_reg[0],FDRE,SLICE_X22Y235,SLICEM.BFF,1'b0
u_dut/pc3_a23_reg[1],FDRE,SLICE_X22Y235,SLICEM.CFF,1'b0
u_dut/pc3_a23_reg[2],FDRE,SLICE_X22Y235,SLICEM.DFF,1'b0
u_dut/pc3_a24[0]_i_1,LUT6,SLICE_X11Y232,SLICEL.B6LUT,64'h6996966996696996
u_dut/pc3_a24[1]_i_1,LUT6,SLICE_X11Y232,SLICEL.C6LUT,64'h8117177E177E7EE8
u_dut/pc3_a24[2]_i_1,LUT6,SLICE_X11Y232,SLICEL.D6LUT,64'hFEE8E880E8808000
u_dut/pc3_a24_reg[0],FDRE,SLICE_X11Y232,SLICEL.BFF,1'b0
u_dut/pc3_a24_reg[1],FDRE,SLICE_X11Y232,SLICEL.CFF,1'b0
u_dut/pc3_a24_reg[2],FDRE,SLICE_X11Y232,SLICEL.DFF,1'b0
u_dut/pc3_a25[0]_i_1,LUT6,SLICE_X14Y234,SLICEM.B6LUT,64'h6996966996696996
u_dut/pc3_a25[1]_i_1,LUT6,SLICE_X14Y234,SLICEM.C6LUT,64'h8117177E177E7EE8
u_dut/pc3_a25[2]_i_1,LUT6,SLICE_X14Y234,SLICEM.D6LUT,64'hFEE8E880E8808000
u_dut/pc3_a25_reg[0],FDRE,SLICE_X14Y234,SLICEM.BFF,1'b0
u_dut/pc3_a25_reg[1],FDRE,SLICE_X14Y234,SLICEM.CFF,1'b0
u_dut/pc3_a25_reg[2],FDRE,SLICE_X14Y234,SLICEM.DFF,1'b0
u_dut/pc3_a26[0]_i_1,LUT6,SLICE_X21Y235,SLICEL.B6LUT,64'h6996966996696996
u_dut/pc3_a26[1]_i_1,LUT6,SLICE_X21Y235,SLICEL.C6LUT,64'h8117177E177E7EE8
u_dut/pc3_a26[2]_i_1,LUT6,SLICE_X21Y235,SLICEL.D6LUT,64'hFEE8E880E8808000
u_dut/pc3_a26_reg[0],FDRE,SLICE_X21Y235,SLICEL.BFF,1'b0
u_dut/pc3_a26_reg[1],FDRE,SLICE_X21Y235,SLICEL.CFF,1'b0
u_dut/pc3_a26_reg[2],FDRE,SLICE_X21Y235,SLICEL.DFF,1'b0
u_dut/pc3_a27[0]_i_1,LUT6,SLICE_X17Y232,SLICEL.A6LUT,64'h6996966996696996
u_dut/pc3_a27[1]_i_1,LUT6,SLICE_X17Y232,SLICEL.B6LUT,64'h8117177E177E7EE8
u_dut/pc3_a27[2]_i_1,LUT6,SLICE_X17Y232,SLICEL.C6LUT,64'hFEE8E880E8808000
u_dut/pc3_a27_reg[0],FDRE,SLICE_X17Y232,SLICEL.AFF,1'b0
u_dut/pc3_a27_reg[1],FDRE,SLICE_X17Y232,SLICEL.BFF,1'b0
u_dut/pc3_a27_reg[2],FDRE,SLICE_X17Y232,SLICEL.CFF,1'b0
u_dut/pc3_a28[0]_i_1,LUT6,SLICE_X16Y236,SLICEM.B6LUT,64'h6996966996696996
u_dut/pc3_a28[1]_i_1,LUT6,SLICE_X16Y236,SLICEM.C6LUT,64'h8117177E177E7EE8
u_dut/pc3_a28[2]_i_1,LUT6,SLICE_X16Y236,SLICEM.D6LUT,64'hFEE8E880E8808000
u_dut/pc3_a28_reg[0],FDRE,SLICE_X16Y236,SLICEM.BFF,1'b0
u_dut/pc3_a28_reg[1],FDRE,SLICE_X16Y236,SLICEM.CFF,1'b0
u_dut/pc3_a28_reg[2],FDRE,SLICE_X16Y236,SLICEM.DFF,1'b0
u_dut/pc3_a29[0]_i_1,LUT6,SLICE_X13Y225,SLICEL.B6LUT,64'h6996966996696996
u_dut/pc3_a29[1]_i_1,LUT6,SLICE_X13Y225,SLICEL.C6LUT,64'h8117177E177E7EE8
u_dut/pc3_a29[2]_i_1,LUT6,SLICE_X13Y225,SLICEL.D6LUT,64'hFEE8E880E8808000
u_dut/pc3_a29_reg[0],FDRE,SLICE_X13Y225,SLICEL.BFF,1'b0
u_dut/pc3_a29_reg[1],FDRE,SLICE_X13Y225,SLICEL.CFF,1'b0
u_dut/pc3_a29_reg[2],FDRE,SLICE_X13Y225,SLICEL.DFF,1'b0
u_dut/pc3_a2[0]_i_1,LUT6,SLICE_X18Y233,SLICEM.B6LUT,64'h6996966996696996
u_dut/pc3_a2[1]_i_1,LUT6,SLICE_X18Y233,SLICEM.C6LUT,64'h8117177E177E7EE8
u_dut/pc3_a2[2]_i_1,LUT6,SLICE_X18Y233,SLICEM.D6LUT,64'hFEE8E880E8808000
u_dut/pc3_a2_reg[0],FDRE,SLICE_X18Y233,SLICEM.BFF,1'b0
u_dut/pc3_a2_reg[1],FDRE,SLICE_X18Y233,SLICEM.CFF,1'b0
u_dut/pc3_a2_reg[2],FDRE,SLICE_X18Y233,SLICEM.DFF,1'b0
u_dut/pc3_a30[0]_i_1,LUT6,SLICE_X14Y236,SLICEM.C6LUT,64'h6996966996696996
u_dut/pc3_a30[1]_i_1,LUT6,SLICE_X13Y236,SLICEL.A6LUT,64'h8117177E177E7EE8
u_dut/pc3_a30[2]_i_1,LUT6,SLICE_X13Y236,SLICEL.B6LUT,64'hFEE8E880E8808000
u_dut/pc3_a30_reg[0],FDRE,SLICE_X14Y236,SLICEM.CFF,1'b0
u_dut/pc3_a30_reg[1],FDRE,SLICE_X13Y236,SLICEL.AFF,1'b0
u_dut/pc3_a30_reg[2],FDRE,SLICE_X13Y236,SLICEL.BFF,1'b0
u_dut/pc3_a31[0]_i_1,LUT6,SLICE_X14Y233,SLICEM.B6LUT,64'h6996966996696996
u_dut/pc3_a31[1]_i_1,LUT6,SLICE_X14Y233,SLICEM.C6LUT,64'h8117177E177E7EE8
u_dut/pc3_a31[2]_i_1,LUT6,SLICE_X14Y233,SLICEM.D6LUT,64'hFEE8E880E8808000
u_dut/pc3_a31_reg[0],FDRE,SLICE_X14Y233,SLICEM.BFF,1'b0
u_dut/pc3_a31_reg[1],FDRE,SLICE_X14Y233,SLICEM.CFF,1'b0
u_dut/pc3_a31_reg[2],FDRE,SLICE_X14Y233,SLICEM.DFF,1'b0
u_dut/pc3_a32[0]_i_1,LUT6,SLICE_X17Y237,SLICEL.A6LUT,64'h6996966996696996
u_dut/pc3_a32[1]_i_1,LUT6,SLICE_X17Y237,SLICEL.B6LUT,64'h8117177E177E7EE8
u_dut/pc3_a32[2]_i_1,LUT6,SLICE_X17Y237,SLICEL.C6LUT,64'hFEE8E880E8808000
u_dut/pc3_a32_reg[0],FDRE,SLICE_X17Y237,SLICEL.AFF,1'b0
u_dut/pc3_a32_reg[1],FDRE,SLICE_X17Y237,SLICEL.BFF,1'b0
u_dut/pc3_a32_reg[2],FDRE,SLICE_X17Y237,SLICEL.CFF,1'b0
u_dut/pc3_a33[0]_i_1,LUT2,SLICE_X14Y235,SLICEM.D6LUT,4'h6
u_dut/pc3_a33[1]_i_1,LUT2,SLICE_X14Y235,SLICEM.D5LUT,4'h8
u_dut/pc3_a33_reg[0],FDRE,SLICE_X14Y235,SLICEM.DFF,1'b0
u_dut/pc3_a33_reg[1],FDRE,SLICE_X14Y235,SLICEM.D5FF,1'b0
u_dut/pc3_a3[0]_i_1,LUT6,SLICE_X12Y230,SLICEM.B6LUT,64'h6996966996696996
u_dut/pc3_a3[1]_i_1,LUT6,SLICE_X12Y230,SLICEM.C6LUT,64'h8117177E177E7EE8
u_dut/pc3_a3[2]_i_1,LUT6,SLICE_X12Y230,SLICEM.D6LUT,64'hFEE8E880E8808000
u_dut/pc3_a3_reg[0],FDRE,SLICE_X12Y230,SLICEM.BFF,1'b0
u_dut/pc3_a3_reg[1],FDRE,SLICE_X12Y230,SLICEM.CFF,1'b0
u_dut/pc3_a3_reg[2],FDRE,SLICE_X12Y230,SLICEM.DFF,1'b0
u_dut/pc3_a4[0]_i_1,LUT6,SLICE_X19Y234,SLICEL.B6LUT,64'h6996966996696996
u_dut/pc3_a4[1]_i_1,LUT6,SLICE_X19Y234,SLICEL.C6LUT,64'h8117177E177E7EE8
u_dut/pc3_a4[2]_i_1,LUT6,SLICE_X19Y234,SLICEL.D6LUT,64'hFEE8E880E8808000
u_dut/pc3_a4_reg[0],FDRE,SLICE_X19Y234,SLICEL.BFF,1'b0
u_dut/pc3_a4_reg[1],FDRE,SLICE_X19Y234,SLICEL.CFF,1'b0
u_dut/pc3_a4_reg[2],FDRE,SLICE_X19Y234,SLICEL.DFF,1'b0
u_dut/pc3_a5[0]_i_1,LUT6,SLICE_X16Y238,SLICEM.A6LUT,64'h6996966996696996
u_dut/pc3_a5[1]_i_1,LUT6,SLICE_X16Y238,SLICEM.B6LUT,64'h8117177E177E7EE8
u_dut/pc3_a5[2]_i_1,LUT6,SLICE_X16Y238,SLICEM.C6LUT,64'hFEE8E880E8808000
u_dut/pc3_a5_reg[0],FDRE,SLICE_X16Y238,SLICEM.AFF,1'b0
u_dut/pc3_a5_reg[1],FDRE,SLICE_X16Y238,SLICEM.BFF,1'b0
u_dut/pc3_a5_reg[2],FDRE,SLICE_X16Y238,SLICEM.CFF,1'b0
u_dut/pc3_a6[0]_i_1,LUT6,SLICE_X16Y232,SLICEM.C6LUT,64'h6996966996696996
u_dut/pc3_a6[1]_i_1,LUT6,SLICE_X16Y232,SLICEM.D6LUT,64'h8117177E177E7EE8
u_dut/pc3_a6[2]_i_1,LUT6,SLICE_X17Y232,SLICEL.D6LUT,64'hFEE8E880E8808000
u_dut/pc3_a6_reg[0],FDRE,SLICE_X16Y232,SLICEM.CFF,1'b0
u_dut/pc3_a6_reg[1],FDRE,SLICE_X16Y232,SLICEM.DFF,1'b0
u_dut/pc3_a6_reg[2],FDRE,SLICE_X17Y232,SLICEL.DFF,1'b0
u_dut/pc3_a7[0]_i_1,LUT6,SLICE_X17Y234,SLICEL.B6LUT,64'h6996966996696996
u_dut/pc3_a7[1]_i_1,LUT6,SLICE_X17Y234,SLICEL.C6LUT,64'h8117177E177E7EE8
u_dut/pc3_a7[2]_i_1,LUT6,SLICE_X17Y234,SLICEL.D6LUT,64'hFEE8E880E8808000
u_dut/pc3_a7_reg[0],FDRE,SLICE_X17Y234,SLICEL.BFF,1'b0
u_dut/pc3_a7_reg[1],FDRE,SLICE_X17Y234,SLICEL.CFF,1'b0
u_dut/pc3_a7_reg[2],FDRE,SLICE_X17Y234,SLICEL.DFF,1'b0
u_dut/pc3_a8[0]_i_1,LUT6,SLICE_X10Y231,SLICEM.B6LUT,64'h6996966996696996
u_dut/pc3_a8[1]_i_1,LUT6,SLICE_X10Y231,SLICEM.C6LUT,64'h8117177E177E7EE8
u_dut/pc3_a8[2]_i_1,LUT6,SLICE_X10Y231,SLICEM.D6LUT,64'hFEE8E880E8808000
u_dut/pc3_a8_reg[0],FDRE,SLICE_X10Y231,SLICEM.BFF,1'b0
u_dut/pc3_a8_reg[1],FDRE,SLICE_X10Y231,SLICEM.CFF,1'b0
u_dut/pc3_a8_reg[2],FDRE,SLICE_X10Y231,SLICEM.DFF,1'b0
u_dut/pc3_a9[0]_i_1,LUT6,SLICE_X13Y233,SLICEL.B6LUT,64'h6996966996696996
u_dut/pc3_a9[1]_i_1,LUT6,SLICE_X13Y233,SLICEL.C6LUT,64'h8117177E177E7EE8
u_dut/pc3_a9[2]_i_1,LUT6,SLICE_X13Y233,SLICEL.D6LUT,64'hFEE8E880E8808000
u_dut/pc3_a9_reg[0],FDRE,SLICE_X13Y233,SLICEL.BFF,1'b0
u_dut/pc3_a9_reg[1],FDRE,SLICE_X13Y233,SLICEL.CFF,1'b0
u_dut/pc3_a9_reg[2],FDRE,SLICE_X13Y233,SLICEL.DFF,1'b0
u_dut/pc3_r2_0[0]_i_1,LUT4,SLICE_X10Y235,SLICEM.A6LUT,16'h6996
u_dut/pc3_r2_0[1]_i_1,LUT5,SLICE_X10Y235,SLICEM.B6LUT,32'h81177EE8
u_dut/pc3_r2_0[1]_i_2,LUT4,SLICE_X11Y235,SLICEL.A6LUT,16'h6996
u_dut/pc3_r2_0[2]_i_1,LUT6,SLICE_X10Y235,SLICEM.C6LUT,64'h9669699666666666
u_dut/pc3_r2_0[2]_i_2,LUT5,SLICE_X10Y235,SLICEM.B5LUT,32'hFEE88000
u_dut/pc3_r2_0[2]_i_3,LUT5,SLICE_X11Y235,SLICEL.D6LUT,32'h96696996
u_dut/pc3_r2_0[3]_i_1,LUT6,SLICE_X11Y235,SLICEL.B6LUT,64'hA99595569556566A
u_dut/pc3_r2_0[4]_i_1,LUT6,SLICE_X11Y235,SLICEL.C6LUT,64'hFEEAEAA8EAA8A880
u_dut/pc3_r2_0[4]_i_2,LUT6,SLICE_X10Y235,SLICEM.D6LUT,64'hEBBEAAAA82280000
u_dut/pc3_r2_0[4]_i_3,LUT3,SLICE_X11Y235,SLICEL.A5LUT,8'hE8
u_dut/pc3_r2_0_reg[0],FDRE,SLICE_X10Y235,SLICEM.AFF,1'b0
u_dut/pc3_r2_0_reg[1],FDRE,SLICE_X8Y239,SLICEM.AFF,1'b0
u_dut/pc3_r2_0_reg[2],FDRE,SLICE_X10Y235,SLICEM.CFF,1'b0
u_dut/pc3_r2_0_reg[3],FDRE,SLICE_X11Y235,SLICEL.BFF,1'b0
u_dut/pc3_r2_0_reg[4],FDRE,SLICE_X11Y235,SLICEL.CFF,1'b0
u_dut/pc3_r2_1[0]_i_1,LUT4,SLICE_X13Y238,SLICEL.A6LUT,16'h6996
u_dut/pc3_r2_1[1]_i_1,LUT5,SLICE_X14Y238,SLICEM.A6LUT,32'h81177EE8
u_dut/pc3_r2_1[1]_i_2,LUT4,SLICE_X14Y238,SLICEM.B6LUT,16'h6996
u_dut/pc3_r2_1[2]_i_1,LUT6,SLICE_X14Y238,SLICEM.C6LUT,64'h9669699666666666
u_dut/pc3_r2_1[2]_i_2,LUT5,SLICE_X14Y238,SLICEM.A5LUT,32'hFEE88000
u_dut/pc3_r2_1[2]_i_3,LUT5,SLICE_X17Y238,SLICEL.D6LUT,32'h96696996
u_dut/pc3_r2_1[3]_i_1,LUT6,SLICE_X17Y238,SLICEL.A6LUT,64'hA99595569556566A
u_dut/pc3_r2_1[4]_i_1,LUT6,SLICE_X17Y238,SLICEL.B6LUT,64'hFEEAEAA8EAA8A880
u_dut/pc3_r2_1[4]_i_2,LUT6,SLICE_X14Y238,SLICEM.D6LUT,64'hEBBEAAAA82280000
u_dut/pc3_r2_1[4]_i_3,LUT3,SLICE_X14Y238,SLICEM.B5LUT,8'hE8
u_dut/pc3_r2_1_reg[0],FDRE,SLICE_X13Y238,SLICEL.AFF,1'b0
u_dut/pc3_r2_1_reg[1],FDRE,SLICE_X10Y239,SLICEM.AFF,1'b0
u_dut/pc3_r2_1_reg[2],FDRE,SLICE_X14Y238,SLICEM.CFF,1'b0
u_dut/pc3_r2_1_reg[3],FDRE,SLICE_X17Y238,SLICEL.AFF,1'b0
u_dut/pc3_r2_1_reg[4],FDRE,SLICE_X17Y238,SLICEL.BFF,1'b0
u_dut/pc3_r2_2[0]_i_1,LUT4,SLICE_X10Y236,SLICEM.A6LUT,16'h6996
u_dut/pc3_r2_2[1]_i_1,LUT5,SLICE_X10Y236,SLICEM.B6LUT,32'h81177EE8
u_dut/pc3_r2_2[1]_i_2,LUT4,SLICE_X10Y234,SLICEM.D6LUT,16'h6996
u_dut/pc3_r2_2[2]_i_1,LUT6,SLICE_X10Y236,SLICEM.C6LUT,64'h9669699666666666
u_dut/pc3_r2_2[2]_i_2,LUT5,SLICE_X10Y236,SLICEM.B5LUT,32'hFEE88000
u_dut/pc3_r2_2[2]_i_3,LUT5,SLICE_X9Y235,SLICEL.D6LUT,32'h96696996
u_dut/pc3_r2_2[3]_i_1,LUT6,SLICE_X9Y235,SLICEL.B6LUT,64'hA99595569556566A
u_dut/pc3_r2_2[4]_i_1,LUT6,SLICE_X9Y235,SLICEL.C6LUT,64'hFEEAEAA8EAA8A880
u_dut/pc3_r2_2[4]_i_2,LUT6,SLICE_X10Y236,SLICEM.D6LUT,64'hEBBEAAAA82280000
u_dut/pc3_r2_2[4]_i_3,LUT3,SLICE_X10Y234,SLICEM.D5LUT,8'hE8
u_dut/pc3_r2_2_reg[0],FDRE,SLICE_X10Y236,SLICEM.AFF,1'b0
u_dut/pc3_r2_2_reg[1],FDRE,SLICE_X8Y239,SLICEM.BFF,1'b0
u_dut/pc3_r2_2_reg[2],FDRE,SLICE_X10Y236,SLICEM.CFF,1'b0
u_dut/pc3_r2_2_reg[3],FDRE,SLICE_X9Y235,SLICEL.BFF,1'b0
u_dut/pc3_r2_2_reg[4],FDRE,SLICE_X9Y235,SLICEL.CFF,1'b0
u_dut/pc3_r2_3[0]_i_1,LUT4,SLICE_X12Y234,SLICEM.C6LUT,16'h6996
u_dut/pc3_r2_3[1]_i_1,LUT5,SLICE_X13Y234,SLICEL.A6LUT,32'h81177EE8
u_dut/pc3_r2_3[1]_i_2,LUT4,SLICE_X13Y234,SLICEL.B6LUT,16'h6996
u_dut/pc3_r2_3[2]_i_1,LUT6,SLICE_X13Y234,SLICEL.C6LUT,64'h9669699666666666
u_dut/pc3_r2_3[2]_i_2,LUT5,SLICE_X13Y234,SLICEL.A5LUT,32'hFEE88000
u_dut/pc3_r2_3[2]_i_3,LUT5,SLICE_X12Y234,SLICEM.D6LUT,32'h96696996
u_dut/pc3_r2_3[3]_i_1,LUT6,SLICE_X10Y237,SLICEM.A6LUT,64'hA99595569556566A
u_dut/pc3_r2_3[4]_i_1,LUT6,SLICE_X10Y237,SLICEM.B6LUT,64'hFEEAEAA8EAA8A880
u_dut/pc3_r2_3[4]_i_2,LUT6,SLICE_X13Y234,SLICEL.D6LUT,64'hEBBEAAAA82280000
u_dut/pc3_r2_3[4]_i_3,LUT3,SLICE_X13Y234,SLICEL.B5LUT,8'hE8
u_dut/pc3_r2_3_reg[0],FDRE,SLICE_X12Y234,SLICEM.CFF,1'b0
u_dut/pc3_r2_3_reg[1],FDRE,SLICE_X10Y239,SLICEM.BFF,1'b0
u_dut/pc3_r2_3_reg[2],FDRE,SLICE_X13Y234,SLICEL.CFF,1'b0
u_dut/pc3_r2_3_reg[3],FDRE,SLICE_X10Y237,SLICEM.AFF,1'b0
u_dut/pc3_r2_3_reg[4],FDRE,SLICE_X10Y237,SLICEM.BFF,1'b0
u_dut/pc3_r2_4[0]_i_1,LUT4,SLICE_X15Y236,SLICEL.C6LUT,16'h6996
u_dut/pc3_r2_4[1]_i_1,LUT5,SLICE_X15Y236,SLICEL.D6LUT,32'h81177EE8
u_dut/pc3_r2_4[1]_i_2,LUT4,SLICE_X14Y236,SLICEM.D6LUT,16'h6996
u_dut/pc3_r2_4[2]_i_1,LUT6,SLICE_X12Y236,SLICEM.A6LUT,64'h9669699666666666
u_dut/pc3_r2_4[2]_i_2,LUT5,SLICE_X15Y236,SLICEL.D5LUT,32'hFEE88000
u_dut/pc3_r2_4[2]_i_3,LUT5,SLICE_X12Y236,SLICEM.D6LUT,32'h96696996
u_dut/pc3_r2_4[3]_i_1,LUT6,SLICE_X13Y236,SLICEL.C6LUT,64'hA99595569556566A
u_dut/pc3_r2_4[4]_i_1,LUT6,SLICE_X12Y236,SLICEM.B6LUT,64'hFEEAEAA8EAA8A880
u_dut/pc3_r2_4[4]_i_2,LUT6,SLICE_X12Y236,SLICEM.C6LUT,64'hEBBEAAAA82280000
u_dut/pc3_r2_4[4]_i_3,LUT3,SLICE_X14Y236,SLICEM.D5LUT,8'hE8
u_dut/pc3_r2_4_reg[0],FDRE,SLICE_X15Y236,SLICEL.CFF,1'b0
u_dut/pc3_r2_4_reg[1],FDRE,SLICE_X13Y239,SLICEL.AFF,1'b0
u_dut/pc3_r2_4_reg[2],FDRE,SLICE_X12Y236,SLICEM.AFF,1'b0
u_dut/pc3_r2_4_reg[3],FDRE,SLICE_X13Y236,SLICEL.CFF,1'b0
u_dut/pc3_r2_4_reg[4],FDRE,SLICE_X12Y236,SLICEM.BFF,1'b0
u_dut/pc3_r2_5[0]_i_1,LUT4,SLICE_X20Y237,SLICEM.A6LUT,16'h6996
u_dut/pc3_r2_5[1]_i_1,LUT5,SLICE_X21Y237,SLICEL.A6LUT,32'h81177EE8
u_dut/pc3_r2_5[1]_i_2,LUT4,SLICE_X21Y237,SLICEL.B6LUT,16'h6996
u_dut/pc3_r2_5[2]_i_1,LUT6,SLICE_X21Y237,SLICEL.C6LUT,64'h9669699666666666
u_dut/pc3_r2_5[2]_i_2,LUT5,SLICE_X21Y237,SLICEL.A5LUT,32'hFEE88000
u_dut/pc3_r2_5[2]_i_3,LUT5,SLICE_X20Y237,SLICEM.D6LUT,32'h96696996
u_dut/pc3_r2_5[3]_i_1,LUT6,SLICE_X20Y237,SLICEM.B6LUT,64'hA99595569556566A
u_dut/pc3_r2_5[4]_i_1,LUT6,SLICE_X20Y237,SLICEM.C6LUT,64'hFEEAEAA8EAA8A880
u_dut/pc3_r2_5[4]_i_2,LUT6,SLICE_X21Y237,SLICEL.D6LUT,64'hEBBEAAAA82280000
u_dut/pc3_r2_5[4]_i_3,LUT3,SLICE_X21Y237,SLICEL.B5LUT,8'hE8
u_dut/pc3_r2_5_reg[0],FDRE,SLICE_X20Y237,SLICEM.AFF,1'b0
u_dut/pc3_r2_5_reg[1],FDRE,SLICE_X13Y239,SLICEL.BFF,1'b0
u_dut/pc3_r2_5_reg[2],FDRE,SLICE_X21Y237,SLICEL.CFF,1'b0
u_dut/pc3_r2_5_reg[3],FDRE,SLICE_X20Y237,SLICEM.BFF,1'b0
u_dut/pc3_r2_5_reg[4],FDRE,SLICE_X20Y237,SLICEM.CFF,1'b0
u_dut/pc3_r2_6[0]_i_1,LUT4,SLICE_X12Y235,SLICEM.B6LUT,16'h6996
u_dut/pc3_r2_6[1]_i_1,LUT5,SLICE_X13Y235,SLICEL.A6LUT,32'h81177EE8
u_dut/pc3_r2_6[1]_i_2,LUT4,SLICE_X13Y235,SLICEL.B6LUT,16'h6996
u_dut/pc3_r2_6[2]_i_1,LUT6,SLICE_X13Y235,SLICEL.C6LUT,64'h9669699666666666
u_dut/pc3_r2_6[2]_i_2,LUT5,SLICE_X13Y235,SLICEL.A5LUT,32'hFEE88000
u_dut/pc3_r2_6[2]_i_3,LUT5,SLICE_X13Y236,SLICEL.D6LUT,32'h96696996
u_dut/pc3_r2_6[3]_i_1,LUT6,SLICE_X13Y237,SLICEL.A6LUT,64'hA99595569556566A
u_dut/pc3_r2_6[4]_i_1,LUT6,SLICE_X13Y237,SLICEL.B6LUT,64'hFEEAEAA8EAA8A880
u_dut/pc3_r2_6[4]_i_2,LUT6,SLICE_X13Y235,SLICEL.D6LUT,64'hEBBEAAAA82280000
u_dut/pc3_r2_6[4]_i_3,LUT3,SLICE_X13Y235,SLICEL.B5LUT,8'hE8
u_dut/pc3_r2_6_reg[0],FDRE,SLICE_X12Y235,SLICEM.BFF,1'b0
u_dut/pc3_r2_6_reg[1],FDRE,SLICE_X13Y239,SLICEL.CFF,1'b0
u_dut/pc3_r2_6_reg[2],FDRE,SLICE_X13Y235,SLICEL.CFF,1'b0
u_dut/pc3_r2_6_reg[3],FDRE,SLICE_X13Y237,SLICEL.AFF,1'b0
u_dut/pc3_r2_6_reg[4],FDRE,SLICE_X13Y237,SLICEL.BFF,1'b0
u_dut/pc3_r2_7[0]_i_1,LUT4,SLICE_X13Y237,SLICEL.C6LUT,16'h6996
u_dut/pc3_r2_7[1]_i_1,LUT5,SLICE_X13Y237,SLICEL.D6LUT,32'h81177EE8
u_dut/pc3_r2_7[1]_i_2,LUT4,SLICE_X13Y238,SLICEL.B6LUT,16'h6996
u_dut/pc3_r2_7[2]_i_1,LUT6,SLICE_X13Y238,SLICEL.C6LUT,64'h9669699666666666
u_dut/pc3_r2_7[2]_i_2,LUT5,SLICE_X13Y237,SLICEL.D5LUT,32'hFEE88000
u_dut/pc3_r2_7[2]_i_3,LUT5,SLICE_X13Y239,SLICEL.C6LUT,32'h96696996
u_dut/pc3_r2_7[3]_i_1,LUT6,SLICE_X13Y240,SLICEL.A6LUT,64'hA99595569556566A
u_dut/pc3_r2_7[4]_i_1,LUT6,SLICE_X13Y240,SLICEL.B6LUT,64'hFEEAEAA8EAA8A880
u_dut/pc3_r2_7[4]_i_2,LUT6,SLICE_X13Y238,SLICEL.D6LUT,64'hEBBEAAAA82280000
u_dut/pc3_r2_7[4]_i_3,LUT3,SLICE_X13Y238,SLICEL.B5LUT,8'hE8
u_dut/pc3_r2_7_reg[0],FDRE,SLICE_X13Y237,SLICEL.CFF,1'b0
u_dut/pc3_r2_7_reg[1],FDRE,SLICE_X13Y238,SLICEL.A5FF,1'b0
u_dut/pc3_r2_7_reg[2],FDRE,SLICE_X13Y238,SLICEL.CFF,1'b0
u_dut/pc3_r2_7_reg[3],FDRE,SLICE_X13Y240,SLICEL.AFF,1'b0
u_dut/pc3_r2_7_reg[4],FDRE,SLICE_X13Y240,SLICEL.BFF,1'b0
u_dut/pc3_r2_8[0]_i_1,LUT2,SLICE_X14Y239,SLICEM.A6LUT,4'h6
u_dut/pc3_r2_8[1]_i_1,LUT4,SLICE_X14Y239,SLICEM.A5LUT,16'h8778
u_dut/pc3_r2_8[2]_i_1,LUT5,SLICE_X14Y239,SLICEM.B6LUT,32'h077FF880
u_dut/pc3_r2_8[3]_i_1,LUT5,SLICE_X14Y239,SLICEM.B5LUT,32'hAA808000
u_dut/pc3_r2_8_reg[0],FDRE,SLICE_X14Y239,SLICEM.AFF,1'b0
u_dut/pc3_r2_8_reg[1],FDRE,SLICE_X14Y239,SLICEM.A5FF,1'b0
u_dut/pc3_r2_8_reg[2],FDRE,SLICE_X14Y239,SLICEM.BFF,1'b0
u_dut/pc3_r2_8_reg[3],FDRE,SLICE_X14Y239,SLICEM.B5FF,1'b0
u_dut/pc3_r4_0[3]_i_2,LUT5,SLICE_X8Y239,SLICEM.C6LUT,32'hEEE8E888
u_dut/pc3_r4_0[3]_i_3,LUT5,SLICE_X8Y239,SLICEM.C5LUT,32'hE81717E8
u_dut/pc3_r4_0[3]_i_4,LUT4,SLICE_X8Y239,SLICEM.D6LUT,16'h6996
u_dut/pc3_r4_0[3]_i_5,LUT6,SLICE_X9Y239,SLICEL.D6LUT,64'h6969699669969696
u_dut/pc3_r4_0[3]_i_6,LUT6,SLICE_X9Y239,SLICEL.C6LUT,64'h6999999699969666
u_dut/pc3_r4_0[3]_i_7,LUT4,SLICE_X9Y239,SLICEL.B6LUT,16'h566A
u_dut/pc3_r4_0[3]_i_8,LUT4,SLICE_X9Y239,SLICEL.A6LUT,16'h6996
u_dut/pc3_r4_0[3]_i_9,LUT3,SLICE_X8Y239,SLICEM.B6LUT,8'h96
u_dut/pc3_r4_0[6]_i_2,LUT5,SLICE_X8Y240,SLICEM.A6LUT,32'hEEE8E888
u_dut/pc3_r4_0[6]_i_3,LUT5,SLICE_X8Y239,SLICEM.B5LUT,32'hEEE8E888
u_dut/pc3_r4_0[6]_i_4,LUT5,SLICE_X9Y240,SLICEL.B6LUT,32'h177E7EE8
u_dut/pc3_r4_0[6]_i_5,LUT6,SLICE_X9Y240,SLICEL.A6LUT,64'h6969699669969696
u_dut/pc3_r4_0[6]_i_6,LUT3,SLICE_X8Y240,SLICEM.B6LUT,8'h96
u_dut/pc3_r4_0[6]_i_7,LUT3,SLICE_X8Y239,SLICEM.A6LUT,8'h96
u_dut/pc3_r4_0[6]_i_8,LUT3,SLICE_X8Y239,SLICEM.A5LUT,8'hE8
u_dut/pc3_r4_0_reg[0],FDRE,SLICE_X9Y239,SLICEL.AFF,1'b0
u_dut/pc3_r4_0_reg[1],FDRE,SLICE_X9Y239,SLICEL.BFF,1'b0
u_dut/pc3_r4_0_reg[2],FDRE,SLICE_X9Y239,SLICEL.CFF,1'b0
u_dut/pc3_r4_0_reg[3],FDRE,SLICE_X9Y239,SLICEL.DFF,1'b0
u_dut/pc3_r4_0_reg[3]_i_1,CARRY4,SLICE_X9Y239,SLICEL.CARRY4,
u_dut/pc3_r4_0_reg[4],FDRE,SLICE_X9Y240,SLICEL.AFF,1'b0
u_dut/pc3_r4_0_reg[5],FDRE,SLICE_X9Y240,SLICEL.BFF,1'b0
u_dut/pc3_r4_0_reg[6],FDRE,SLICE_X9Y240,SLICEL.CFF,1'b0
u_dut/pc3_r4_0_reg[6]_i_1,CARRY4,SLICE_X9Y240,SLICEL.CARRY4,
u_dut/pc3_r4_1[3]_i_2,LUT5,SLICE_X13Y239,SLICEL.B6LUT,32'hEEE8E888
u_dut/pc3_r4_1[3]_i_3,LUT5,SLICE_X13Y239,SLICEL.B5LUT,32'hE81717E8
u_dut/pc3_r4_1[3]_i_4,LUT4,SLICE_X13Y239,SLICEL.D6LUT,16'h6996
u_dut/pc3_r4_1[3]_i_5,LUT6,SLICE_X12Y239,SLICEM.D6LUT,64'h6969699669969696
u_dut/pc3_r4_1[3]_i_6,LUT6,SLICE_X12Y239,SLICEM.C6LUT,64'h6999999699969666
u_dut/pc3_r4_1[3]_i_7,LUT4,SLICE_X12Y239,SLICEM.B6LUT,16'h566A
u_dut/pc3_r4_1[3]_i_8,LUT4,SLICE_X12Y239,SLICEM.A6LUT,16'h6996
u_dut/pc3_r4_1[3]_i_9,LUT3,SLICE_X13Y239,SLICEL.A6LUT,8'h96
u_dut/pc3_r4_1[6]_i_2,LUT5,SLICE_X13Y240,SLICEL.D6LUT,32'hEEE8E888
u_dut/pc3_r4_1[6]_i_3,LUT5,SLICE_X13Y239,SLICEL.A5LUT,32'hEEE8E888
u_dut/pc3_r4_1[6]_i_4,LUT5,SLICE_X12Y240,SLICEM.B6LUT,32'h177E7EE8
u_dut/pc3_r4_1[6]_i_5,LUT6,SLICE_X12Y240,SLICEM.A6LUT,64'h6969699669969696
u_dut/pc3_r4_1[6]_i_6,LUT3,SLICE_X14Y240,SLICEM.A6LUT,8'h96
u_dut/pc3_r4_1[6]_i_7,LUT3,SLICE_X13Y240,SLICEL.C6LUT,8'h96
u_dut/pc3_r4_1[6]_i_8,LUT3,SLICE_X13Y240,SLICEL.C5LUT,8'hE8
u_dut/pc3_r4_1_reg[0],FDRE,SLICE_X12Y239,SLICEM.AFF,1'b0
u_dut/pc3_r4_1_reg[1],FDRE,SLICE_X12Y239,SLICEM.BFF,1'b0
u_dut/pc3_r4_1_reg[2],FDRE,SLICE_X12Y239,SLICEM.CFF,1'b0
u_dut/pc3_r4_1_reg[3],FDRE,SLICE_X12Y239,SLICEM.DFF,1'b0
u_dut/pc3_r4_1_reg[3]_i_1,CARRY4,SLICE_X12Y239,SLICEM.CARRY4,
u_dut/pc3_r4_1_reg[4],FDRE,SLICE_X12Y240,SLICEM.AFF,1'b0
u_dut/pc3_r4_1_reg[5],FDRE,SLICE_X12Y240,SLICEM.BFF,1'b0
u_dut/pc3_r4_1_reg[6],FDRE,SLICE_X12Y240,SLICEM.CFF,1'b0
u_dut/pc3_r4_1_reg[6]_i_1,CARRY4,SLICE_X12Y240,SLICEM.CARRY4,
u_dut/pc3_r4_2_reg[0],FDRE,SLICE_X13Y239,SLICEL.DFF,1'b0
u_dut/pc3_r4_2_reg[1],FDRE,SLICE_X14Y239,SLICEM.CFF,1'b0
u_dut/pc3_r4_2_reg[2],FDRE,SLICE_X14Y239,SLICEM.DFF,1'b0
u_dut/pc3_r4_2_reg[3],FDRE,SLICE_X10Y239,SLICEM.CFF,1'b0
u_dut/pc3_r6_0[3]_i_2,LUT3,SLICE_X11Y239,SLICEL.C5LUT,8'hE8
u_dut/pc3_r6_0[3]_i_3,LUT3,SLICE_X11Y239,SLICEL.B5LUT,8'hE8
u_dut/pc3_r6_0[3]_i_4,LUT3,SLICE_X11Y239,SLICEL.A5LUT,8'hE8
u_dut/pc3_r6_0[3]_i_5,LUT4,SLICE_X11Y239,SLICEL.D6LUT,16'h6996
u_dut/pc3_r6_0[3]_i_6,LUT4,SLICE_X11Y239,SLICEL.C6LUT,16'h6996
u_dut/pc3_r6_0[3]_i_7,LUT4,SLICE_X11Y239,SLICEL.B6LUT,16'h6996
u_dut/pc3_r6_0[3]_i_8,LUT3,SLICE_X11Y239,SLICEL.A6LUT,8'h96
u_dut/pc3_r6_0[7]_i_2,LUT2,SLICE_X11Y240,SLICEL.C5LUT,4'h8
u_dut/pc3_r6_0[7]_i_3,LUT2,SLICE_X11Y240,SLICEL.B5LUT,4'h8
u_dut/pc3_r6_0[7]_i_4,LUT3,SLICE_X11Y240,SLICEL.A5LUT,8'hE8
u_dut/pc3_r6_0[7]_i_5,LUT2,SLICE_X11Y240,SLICEL.D6LUT,4'h8
u_dut/pc3_r6_0[7]_i_6,LUT4,SLICE_X11Y240,SLICEL.C6LUT,16'h8778
u_dut/pc3_r6_0[7]_i_7,LUT4,SLICE_X11Y240,SLICEL.B6LUT,16'h8778
u_dut/pc3_r6_0[7]_i_8,LUT5,SLICE_X11Y240,SLICEL.A6LUT,32'hE81717E8
u_dut/pc3_r6_0_reg[0],FDRE,SLICE_X11Y239,SLICEL.AFF,1'b0
u_dut/pc3_r6_0_reg[1],FDRE,SLICE_X11Y239,SLICEL.BFF,1'b0
u_dut/pc3_r6_0_reg[2],FDRE,SLICE_X11Y239,SLICEL.CFF,1'b0
u_dut/pc3_r6_0_reg[3],FDRE,SLICE_X11Y239,SLICEL.DFF,1'b0
u_dut/pc3_r6_0_reg[3]_i_1,CARRY4,SLICE_X11Y239,SLICEL.CARRY4,
u_dut/pc3_r6_0_reg[4],FDRE,SLICE_X11Y240,SLICEL.AFF,1'b0
u_dut/pc3_r6_0_reg[5],FDRE,SLICE_X11Y240,SLICEL.BFF,1'b0
u_dut/pc3_r6_0_reg[6],FDRE,SLICE_X11Y240,SLICEL.CFF,1'b0
u_dut/pc3_r6_0_reg[7],FDRE,SLICE_X11Y240,SLICEL.DFF,1'b0
u_dut/pc3_r6_0_reg[7]_i_1,CARRY4,SLICE_X11Y240,SLICEL.CARRY4,
u_dut/pc4_a0[0]_i_1,LUT6,SLICE_X8Y232,SLICEM.B6LUT,64'h6996966996696996
u_dut/pc4_a0[1]_i_1,LUT6,SLICE_X8Y232,SLICEM.C6LUT,64'h8117177E177E7EE8
u_dut/pc4_a0[2]_i_1,LUT6,SLICE_X8Y232,SLICEM.D6LUT,64'hFEE8E880E8808000
u_dut/pc4_a0_reg[0],FDRE,SLICE_X8Y232,SLICEM.BFF,1'b0
u_dut/pc4_a0_reg[1],FDRE,SLICE_X8Y232,SLICEM.CFF,1'b0
u_dut/pc4_a0_reg[2],FDRE,SLICE_X8Y232,SLICEM.DFF,1'b0
u_dut/pc4_a10[0]_i_1,LUT6,SLICE_X11Y233,SLICEL.B6LUT,64'h6996966996696996
u_dut/pc4_a10[1]_i_1,LUT6,SLICE_X11Y233,SLICEL.C6LUT,64'h8117177E177E7EE8
u_dut/pc4_a10[2]_i_1,LUT6,SLICE_X11Y233,SLICEL.D6LUT,64'hFEE8E880E8808000
u_dut/pc4_a10_reg[0],FDRE,SLICE_X11Y233,SLICEL.BFF,1'b0
u_dut/pc4_a10_reg[1],FDRE,SLICE_X11Y233,SLICEL.CFF,1'b0
u_dut/pc4_a10_reg[2],FDRE,SLICE_X11Y233,SLICEL.DFF,1'b0
u_dut/pc4_a11[0]_i_1,LUT6,SLICE_X7Y235,SLICEL.A6LUT,64'h6996966996696996
u_dut/pc4_a11[1]_i_1,LUT6,SLICE_X7Y235,SLICEL.B6LUT,64'h8117177E177E7EE8
u_dut/pc4_a11[2]_i_1,LUT6,SLICE_X7Y235,SLICEL.C6LUT,64'hFEE8E880E8808000
u_dut/pc4_a11_reg[0],FDRE,SLICE_X7Y235,SLICEL.AFF,1'b0
u_dut/pc4_a11_reg[1],FDRE,SLICE_X7Y235,SLICEL.BFF,1'b0
u_dut/pc4_a11_reg[2],FDRE,SLICE_X7Y235,SLICEL.CFF,1'b0
u_dut/pc4_a12[0]_i_1,LUT6,SLICE_X8Y235,SLICEM.A6LUT,64'h6996966996696996
u_dut/pc4_a12[1]_i_1,LUT6,SLICE_X8Y236,SLICEM.A6LUT,64'h8117177E177E7EE8
u_dut/pc4_a12[2]_i_1,LUT6,SLICE_X9Y236,SLICEL.A6LUT,64'hFEE8E880E8808000
u_dut/pc4_a12_reg[0],FDRE,SLICE_X8Y235,SLICEM.AFF,1'b0
u_dut/pc4_a12_reg[1],FDRE,SLICE_X8Y236,SLICEM.AFF,1'b0
u_dut/pc4_a12_reg[2],FDRE,SLICE_X9Y236,SLICEL.AFF,1'b0
u_dut/pc4_a13[0]_i_1,LUT6,SLICE_X20Y235,SLICEM.B6LUT,64'h6996966996696996
u_dut/pc4_a13[1]_i_1,LUT6,SLICE_X20Y235,SLICEM.C6LUT,64'h8117177E177E7EE8
u_dut/pc4_a13[2]_i_1,LUT6,SLICE_X20Y235,SLICEM.D6LUT,64'hFEE8E880E8808000
u_dut/pc4_a13_reg[0],FDRE,SLICE_X20Y235,SLICEM.BFF,1'b0
u_dut/pc4_a13_reg[1],FDRE,SLICE_X20Y235,SLICEM.CFF,1'b0
u_dut/pc4_a13_reg[2],FDRE,SLICE_X20Y235,SLICEM.DFF,1'b0
u_dut/pc4_a14[0]_i_1,LUT6,SLICE_X15Y230,SLICEL.B6LUT,64'h6996966996696996
u_dut/pc4_a14[1]_i_1,LUT6,SLICE_X15Y230,SLICEL.C6LUT,64'h8117177E177E7EE8
u_dut/pc4_a14[2]_i_1,LUT6,SLICE_X15Y230,SLICEL.D6LUT,64'hFEE8E880E8808000
u_dut/pc4_a14_reg[0],FDRE,SLICE_X15Y230,SLICEL.BFF,1'b0
u_dut/pc4_a14_reg[1],FDRE,SLICE_X15Y230,SLICEL.CFF,1'b0
u_dut/pc4_a14_reg[2],FDRE,SLICE_X15Y230,SLICEL.DFF,1'b0
u_dut/pc4_a15[0]_i_1,LUT6,SLICE_X8Y234,SLICEM.A6LUT,64'h6996966996696996
u_dut/pc4_a15[1]_i_1,LUT6,SLICE_X8Y234,SLICEM.B6LUT,64'h8117177E177E7EE8
u_dut/pc4_a15[2]_i_1,LUT6,SLICE_X8Y234,SLICEM.C6LUT,64'hFEE8E880E8808000
u_dut/pc4_a15_reg[0],FDRE,SLICE_X8Y234,SLICEM.AFF,1'b0
u_dut/pc4_a15_reg[1],FDRE,SLICE_X8Y234,SLICEM.BFF,1'b0
u_dut/pc4_a15_reg[2],FDRE,SLICE_X8Y234,SLICEM.CFF,1'b0
u_dut/pc4_a16[0]_i_1,LUT6,SLICE_X11Y234,SLICEL.B6LUT,64'h6996966996696996
u_dut/pc4_a16[1]_i_1,LUT6,SLICE_X11Y234,SLICEL.C6LUT,64'h8117177E177E7EE8
u_dut/pc4_a16[2]_i_1,LUT6,SLICE_X11Y234,SLICEL.D6LUT,64'hFEE8E880E8808000
u_dut/pc4_a16_reg[0],FDRE,SLICE_X11Y234,SLICEL.BFF,1'b0
u_dut/pc4_a16_reg[1],FDRE,SLICE_X11Y234,SLICEL.CFF,1'b0
u_dut/pc4_a16_reg[2],FDRE,SLICE_X11Y234,SLICEL.DFF,1'b0
u_dut/pc4_a17[0]_i_1,LUT6,SLICE_X6Y230,SLICEM.A6LUT,64'h6996966996696996
u_dut/pc4_a17[1]_i_1,LUT6,SLICE_X6Y230,SLICEM.B6LUT,64'h8117177E177E7EE8
u_dut/pc4_a17[2]_i_1,LUT6,SLICE_X6Y230,SLICEM.C6LUT,64'hFEE8E880E8808000
u_dut/pc4_a17_reg[0],FDRE,SLICE_X6Y230,SLICEM.AFF,1'b0
u_dut/pc4_a17_reg[1],FDRE,SLICE_X6Y230,SLICEM.BFF,1'b0
u_dut/pc4_a17_reg[2],FDRE,SLICE_X6Y230,SLICEM.CFF,1'b0
u_dut/pc4_a18[0]_i_1,LUT6,SLICE_X7Y230,SLICEL.B6LUT,64'h6996966996696996
u_dut/pc4_a18[1]_i_1,LUT6,SLICE_X7Y230,SLICEL.C6LUT,64'h8117177E177E7EE8
u_dut/pc4_a18[2]_i_1,LUT6,SLICE_X7Y230,SLICEL.D6LUT,64'hFEE8E880E8808000
u_dut/pc4_a18_reg[0],FDRE,SLICE_X7Y230,SLICEL.BFF,1'b0
u_dut/pc4_a18_reg[1],FDRE,SLICE_X7Y230,SLICEL.CFF,1'b0
u_dut/pc4_a18_reg[2],FDRE,SLICE_X7Y230,SLICEL.DFF,1'b0
u_dut/pc4_a19[0]_i_1,LUT6,SLICE_X11Y236,SLICEL.A6LUT,64'h6996966996696996
u_dut/pc4_a19[1]_i_1,LUT6,SLICE_X11Y236,SLICEL.B6LUT,64'h8117177E177E7EE8
u_dut/pc4_a19[2]_i_1,LUT6,SLICE_X11Y236,SLICEL.C6LUT,64'hFEE8E880E8808000
u_dut/pc4_a19_reg[0],FDRE,SLICE_X11Y236,SLICEL.AFF,1'b0
u_dut/pc4_a19_reg[1],FDRE,SLICE_X11Y236,SLICEL.BFF,1'b0
u_dut/pc4_a19_reg[2],FDRE,SLICE_X11Y236,SLICEL.CFF,1'b0
u_dut/pc4_a1[0]_i_1,LUT6,SLICE_X6Y232,SLICEM.B6LUT,64'h6996966996696996
u_dut/pc4_a1[1]_i_1,LUT6,SLICE_X6Y232,SLICEM.C6LUT,64'h8117177E177E7EE8
u_dut/pc4_a1[2]_i_1,LUT6,SLICE_X6Y232,SLICEM.D6LUT,64'hFEE8E880E8808000
u_dut/pc4_a1_reg[0],FDRE,SLICE_X6Y232,SLICEM.BFF,1'b0
u_dut/pc4_a1_reg[1],FDRE,SLICE_X6Y232,SLICEM.CFF,1'b0
u_dut/pc4_a1_reg[2],FDRE,SLICE_X6Y232,SLICEM.DFF,1'b0
u_dut/pc4_a20[0]_i_1,LUT6,SLICE_X10Y232,SLICEM.B6LUT,64'h6996966996696996
u_dut/pc4_a20[1]_i_1,LUT6,SLICE_X10Y232,SLICEM.C6LUT,64'h8117177E177E7EE8
u_dut/pc4_a20[2]_i_1,LUT6,SLICE_X10Y232,SLICEM.D6LUT,64'hFEE8E880E8808000
u_dut/pc4_a20_reg[0],FDRE,SLICE_X10Y232,SLICEM.BFF,1'b0
u_dut/pc4_a20_reg[1],FDRE,SLICE_X10Y232,SLICEM.CFF,1'b0
u_dut/pc4_a20_reg[2],FDRE,SLICE_X10Y232,SLICEM.DFF,1'b0
u_dut/pc4_a21[0]_i_1,LUT6,SLICE_X6Y225,SLICEM.B6LUT,64'h6996966996696996
u_dut/pc4_a21[1]_i_1,LUT6,SLICE_X6Y225,SLICEM.C6LUT,64'h8117177E177E7EE8
u_dut/pc4_a21[2]_i_1,LUT6,SLICE_X6Y225,SLICEM.D6LUT,64'hFEE8E880E8808000
u_dut/pc4_a21_reg[0],FDRE,SLICE_X6Y225,SLICEM.BFF,1'b0
u_dut/pc4_a21_reg[1],FDRE,SLICE_X6Y225,SLICEM.CFF,1'b0
u_dut/pc4_a21_reg[2],FDRE,SLICE_X6Y225,SLICEM.DFF,1'b0
u_dut/pc4_a22[0]_i_1,LUT6,SLICE_X2Y229,SLICEM.A6LUT,64'h6996966996696996
u_dut/pc4_a22[1]_i_1,LUT6,SLICE_X2Y229,SLICEM.B6LUT,64'h8117177E177E7EE8
u_dut/pc4_a22[2]_i_1,LUT6,SLICE_X3Y229,SLICEL.A6LUT,64'hFEE8E880E8808000
u_dut/pc4_a22_reg[0],FDRE,SLICE_X2Y229,SLICEM.AFF,1'b0
u_dut/pc4_a22_reg[1],FDRE,SLICE_X2Y229,SLICEM.BFF,1'b0
u_dut/pc4_a22_reg[2],FDRE,SLICE_X3Y229,SLICEL.AFF,1'b0
u_dut/pc4_a23[0]_i_1,LUT6,SLICE_X9Y230,SLICEL.B6LUT,64'h6996966996696996
u_dut/pc4_a23[1]_i_1,LUT6,SLICE_X9Y230,SLICEL.C6LUT,64'h8117177E177E7EE8
u_dut/pc4_a23[2]_i_1,LUT6,SLICE_X9Y230,SLICEL.D6LUT,64'hFEE8E880E8808000
u_dut/pc4_a23_reg[0],FDRE,SLICE_X9Y230,SLICEL.BFF,1'b0
u_dut/pc4_a23_reg[1],FDRE,SLICE_X9Y230,SLICEL.CFF,1'b0
u_dut/pc4_a23_reg[2],FDRE,SLICE_X9Y230,SLICEL.DFF,1'b0
u_dut/pc4_a24[0]_i_1,LUT6,SLICE_X5Y227,SLICEL.B6LUT,64'h6996966996696996
u_dut/pc4_a24[1]_i_1,LUT6,SLICE_X5Y227,SLICEL.C6LUT,64'h8117177E177E7EE8
u_dut/pc4_a24[2]_i_1,LUT6,SLICE_X5Y227,SLICEL.D6LUT,64'hFEE8E880E8808000
u_dut/pc4_a24_reg[0],FDRE,SLICE_X5Y227,SLICEL.BFF,1'b0
u_dut/pc4_a24_reg[1],FDRE,SLICE_X5Y227,SLICEL.CFF,1'b0
u_dut/pc4_a24_reg[2],FDRE,SLICE_X5Y227,SLICEL.DFF,1'b0
u_dut/pc4_a25[0]_i_1,LUT6,SLICE_X4Y233,SLICEL.A6LUT,64'h6996966996696996
u_dut/pc4_a25[1]_i_1,LUT6,SLICE_X4Y233,SLICEL.B6LUT,64'h8117177E177E7EE8
u_dut/pc4_a25[2]_i_1,LUT6,SLICE_X4Y233,SLICEL.C6LUT,64'hFEE8E880E8808000
u_dut/pc4_a25_reg[0],FDRE,SLICE_X4Y233,SLICEL.AFF,1'b0
u_dut/pc4_a25_reg[1],FDRE,SLICE_X4Y233,SLICEL.BFF,1'b0
u_dut/pc4_a25_reg[2],FDRE,SLICE_X4Y233,SLICEL.CFF,1'b0
u_dut/pc4_a26[0]_i_1,LUT6,SLICE_X7Y232,SLICEL.B6LUT,64'h6996966996696996
u_dut/pc4_a26[1]_i_1,LUT6,SLICE_X7Y232,SLICEL.C6LUT,64'h8117177E177E7EE8
u_dut/pc4_a26[2]_i_1,LUT6,SLICE_X7Y232,SLICEL.D6LUT,64'hFEE8E880E8808000
u_dut/pc4_a26_reg[0],FDRE,SLICE_X7Y232,SLICEL.BFF,1'b0
u_dut/pc4_a26_reg[1],FDRE,SLICE_X7Y232,SLICEL.CFF,1'b0
u_dut/pc4_a26_reg[2],FDRE,SLICE_X7Y232,SLICEL.DFF,1'b0
u_dut/pc4_a27[0]_i_1,LUT6,SLICE_X10Y233,SLICEM.B6LUT,64'h6996966996696996
u_dut/pc4_a27[1]_i_1,LUT6,SLICE_X10Y233,SLICEM.C6LUT,64'h8117177E177E7EE8
u_dut/pc4_a27[2]_i_1,LUT6,SLICE_X10Y233,SLICEM.D6LUT,64'hFEE8E880E8808000
u_dut/pc4_a27_reg[0],FDRE,SLICE_X10Y233,SLICEM.BFF,1'b0
u_dut/pc4_a27_reg[1],FDRE,SLICE_X10Y233,SLICEM.CFF,1'b0
u_dut/pc4_a27_reg[2],FDRE,SLICE_X10Y233,SLICEM.DFF,1'b0
u_dut/pc4_a28[0]_i_1,LUT6,SLICE_X4Y232,SLICEL.A6LUT,64'h6996966996696996
u_dut/pc4_a28[1]_i_1,LUT6,SLICE_X4Y232,SLICEL.B6LUT,64'h8117177E177E7EE8
u_dut/pc4_a28[2]_i_1,LUT6,SLICE_X4Y232,SLICEL.C6LUT,64'hFEE8E880E8808000
u_dut/pc4_a28_reg[0],FDRE,SLICE_X4Y232,SLICEL.AFF,1'b0
u_dut/pc4_a28_reg[1],FDRE,SLICE_X4Y232,SLICEL.BFF,1'b0
u_dut/pc4_a28_reg[2],FDRE,SLICE_X4Y232,SLICEL.CFF,1'b0
u_dut/pc4_a29[0]_i_1,LUT6,SLICE_X15Y232,SLICEL.B6LUT,64'h6996966996696996
u_dut/pc4_a29[1]_i_1,LUT6,SLICE_X15Y232,SLICEL.C6LUT,64'h8117177E177E7EE8
u_dut/pc4_a29[2]_i_1,LUT6,SLICE_X15Y232,SLICEL.D6LUT,64'hFEE8E880E8808000
u_dut/pc4_a29_reg[0],FDRE,SLICE_X15Y232,SLICEL.BFF,1'b0
u_dut/pc4_a29_reg[1],FDRE,SLICE_X15Y232,SLICEL.CFF,1'b0
u_dut/pc4_a29_reg[2],FDRE,SLICE_X15Y232,SLICEL.DFF,1'b0
u_dut/pc4_a2[0]_i_1,LUT6,SLICE_X6Y231,SLICEM.B6LUT,64'h6996966996696996
u_dut/pc4_a2[1]_i_1,LUT6,SLICE_X6Y231,SLICEM.C6LUT,64'h8117177E177E7EE8
u_dut/pc4_a2[2]_i_1,LUT6,SLICE_X6Y231,SLICEM.D6LUT,64'hFEE8E880E8808000
u_dut/pc4_a2_reg[0],FDRE,SLICE_X6Y231,SLICEM.BFF,1'b0
u_dut/pc4_a2_reg[1],FDRE,SLICE_X6Y231,SLICEM.CFF,1'b0
u_dut/pc4_a2_reg[2],FDRE,SLICE_X6Y231,SLICEM.DFF,1'b0
u_dut/pc4_a30[0]_i_1,LUT6,SLICE_X10Y229,SLICEM.B6LUT,64'h6996966996696996
u_dut/pc4_a30[1]_i_1,LUT6,SLICE_X10Y229,SLICEM.C6LUT,64'h8117177E177E7EE8
u_dut/pc4_a30[2]_i_1,LUT6,SLICE_X10Y229,SLICEM.D6LUT,64'hFEE8E880E8808000
u_dut/pc4_a30_reg[0],FDRE,SLICE_X10Y229,SLICEM.BFF,1'b0
u_dut/pc4_a30_reg[1],FDRE,SLICE_X10Y229,SLICEM.CFF,1'b0
u_dut/pc4_a30_reg[2],FDRE,SLICE_X10Y229,SLICEM.DFF,1'b0
u_dut/pc4_a31[0]_i_1,LUT6,SLICE_X6Y229,SLICEM.B6LUT,64'h6996966996696996
u_dut/pc4_a31[1]_i_1,LUT6,SLICE_X6Y229,SLICEM.C6LUT,64'h8117177E177E7EE8
u_dut/pc4_a31[2]_i_1,LUT6,SLICE_X6Y229,SLICEM.D6LUT,64'hFEE8E880E8808000
u_dut/pc4_a31_reg[0],FDRE,SLICE_X6Y229,SLICEM.BFF,1'b0
u_dut/pc4_a31_reg[1],FDRE,SLICE_X6Y229,SLICEM.CFF,1'b0
u_dut/pc4_a31_reg[2],FDRE,SLICE_X6Y229,SLICEM.DFF,1'b0
u_dut/pc4_a32[0]_i_1,LUT6,SLICE_X18Y237,SLICEM.A6LUT,64'h6996966996696996
u_dut/pc4_a32[1]_i_1,LUT6,SLICE_X18Y237,SLICEM.B6LUT,64'h8117177E177E7EE8
u_dut/pc4_a32[2]_i_1,LUT6,SLICE_X18Y237,SLICEM.C6LUT,64'hFEE8E880E8808000
u_dut/pc4_a32_reg[0],FDRE,SLICE_X18Y237,SLICEM.AFF,1'b0
u_dut/pc4_a32_reg[1],FDRE,SLICE_X18Y237,SLICEM.BFF,1'b0
u_dut/pc4_a32_reg[2],FDRE,SLICE_X18Y237,SLICEM.CFF,1'b0
u_dut/pc4_a33[0]_i_1,LUT2,SLICE_X8Y234,SLICEM.D6LUT,4'h6
u_dut/pc4_a33[1]_i_1,LUT2,SLICE_X8Y234,SLICEM.D5LUT,4'h8
u_dut/pc4_a33_reg[0],FDRE,SLICE_X8Y234,SLICEM.DFF,1'b0
u_dut/pc4_a33_reg[1],FDRE,SLICE_X8Y234,SLICEM.D5FF,1'b0
u_dut/pc4_a3[0]_i_1,LUT6,SLICE_X7Y233,SLICEL.A6LUT,64'h6996966996696996
u_dut/pc4_a3[1]_i_1,LUT6,SLICE_X7Y233,SLICEL.B6LUT,64'h8117177E177E7EE8
u_dut/pc4_a3[2]_i_1,LUT6,SLICE_X8Y233,SLICEM.D6LUT,64'hFEE8E880E8808000
u_dut/pc4_a3_reg[0],FDRE,SLICE_X7Y233,SLICEL.AFF,1'b0
u_dut/pc4_a3_reg[1],FDRE,SLICE_X7Y233,SLICEL.BFF,1'b0
u_dut/pc4_a3_reg[2],FDRE,SLICE_X8Y233,SLICEM.DFF,1'b0
u_dut/pc4_a4[0]_i_1,LUT6,SLICE_X9Y233,SLICEL.B6LUT,64'h6996966996696996
u_dut/pc4_a4[1]_i_1,LUT6,SLICE_X9Y233,SLICEL.C6LUT,64'h8117177E177E7EE8
u_dut/pc4_a4[2]_i_1,LUT6,SLICE_X9Y233,SLICEL.D6LUT,64'hFEE8E880E8808000
u_dut/pc4_a4_reg[0],FDRE,SLICE_X9Y233,SLICEL.BFF,1'b0
u_dut/pc4_a4_reg[1],FDRE,SLICE_X9Y233,SLICEL.CFF,1'b0
u_dut/pc4_a4_reg[2],FDRE,SLICE_X9Y233,SLICEL.DFF,1'b0
u_dut/pc4_a5[0]_i_1,LUT6,SLICE_X12Y233,SLICEM.B6LUT,64'h6996966996696996
u_dut/pc4_a5[1]_i_1,LUT6,SLICE_X12Y233,SLICEM.C6LUT,64'h8117177E177E7EE8
u_dut/pc4_a5[2]_i_1,LUT6,SLICE_X12Y233,SLICEM.D6LUT,64'hFEE8E880E8808000
u_dut/pc4_a5_reg[0],FDRE,SLICE_X12Y233,SLICEM.BFF,1'b0
u_dut/pc4_a5_reg[1],FDRE,SLICE_X12Y233,SLICEM.CFF,1'b0
u_dut/pc4_a5_reg[2],FDRE,SLICE_X12Y233,SLICEM.DFF,1'b0
u_dut/pc4_a6[0]_i_1,LUT6,SLICE_X9Y234,SLICEL.B6LUT,64'h6996966996696996
u_dut/pc4_a6[1]_i_1,LUT6,SLICE_X9Y234,SLICEL.C6LUT,64'h8117177E177E7EE8
u_dut/pc4_a6[2]_i_1,LUT6,SLICE_X9Y234,SLICEL.D6LUT,64'hFEE8E880E8808000
u_dut/pc4_a6_reg[0],FDRE,SLICE_X9Y234,SLICEL.BFF,1'b0
u_dut/pc4_a6_reg[1],FDRE,SLICE_X9Y234,SLICEL.CFF,1'b0
u_dut/pc4_a6_reg[2],FDRE,SLICE_X9Y234,SLICEL.DFF,1'b0
u_dut/pc4_a7[0]_i_1,LUT6,SLICE_X9Y232,SLICEL.B6LUT,64'h6996966996696996
u_dut/pc4_a7[1]_i_1,LUT6,SLICE_X9Y232,SLICEL.C6LUT,64'h8117177E177E7EE8
u_dut/pc4_a7[2]_i_1,LUT6,SLICE_X9Y232,SLICEL.D6LUT,64'hFEE8E880E8808000
u_dut/pc4_a7_reg[0],FDRE,SLICE_X9Y232,SLICEL.BFF,1'b0
u_dut/pc4_a7_reg[1],FDRE,SLICE_X9Y232,SLICEL.CFF,1'b0
u_dut/pc4_a7_reg[2],FDRE,SLICE_X9Y232,SLICEL.DFF,1'b0
u_dut/pc4_a8[0]_i_1,LUT6,SLICE_X7Y233,SLICEL.C6LUT,64'h6996966996696996
u_dut/pc4_a8[1]_i_1,LUT6,SLICE_X6Y233,SLICEM.B6LUT,64'h8117177E177E7EE8
u_dut/pc4_a8[2]_i_1,LUT6,SLICE_X7Y233,SLICEL.D6LUT,64'hFEE8E880E8808000
u_dut/pc4_a8_reg[0],FDRE,SLICE_X7Y233,SLICEL.CFF,1'b0
u_dut/pc4_a8_reg[1],FDRE,SLICE_X6Y233,SLICEM.BFF,1'b0
u_dut/pc4_a8_reg[2],FDRE,SLICE_X7Y233,SLICEL.DFF,1'b0
u_dut/pc4_a9[0]_i_1,LUT6,SLICE_X9Y228,SLICEL.B6LUT,64'h6996966996696996
u_dut/pc4_a9[1]_i_1,LUT6,SLICE_X9Y228,SLICEL.C6LUT,64'h8117177E177E7EE8
u_dut/pc4_a9[2]_i_1,LUT6,SLICE_X9Y228,SLICEL.D6LUT,64'hFEE8E880E8808000
u_dut/pc4_a9_reg[0],FDRE,SLICE_X9Y228,SLICEL.BFF,1'b0
u_dut/pc4_a9_reg[1],FDRE,SLICE_X9Y228,SLICEL.CFF,1'b0
u_dut/pc4_a9_reg[2],FDRE,SLICE_X9Y228,SLICEL.DFF,1'b0
u_dut/pc4_r2_0[0]_i_1,LUT4,SLICE_X6Y234,SLICEM.A6LUT,16'h6996
u_dut/pc4_r2_0[1]_i_1,LUT5,SLICE_X6Y233,SLICEM.C6LUT,32'h81177EE8
u_dut/pc4_r2_0[1]_i_2,LUT4,SLICE_X6Y233,SLICEM.D6LUT,16'h6996
u_dut/pc4_r2_0[2]_i_1,LUT6,SLICE_X4Y233,SLICEL.D6LUT,64'h9669699666666666
u_dut/pc4_r2_0[2]_i_2,LUT5,SLICE_X6Y233,SLICEM.C5LUT,32'hFEE88000
u_dut/pc4_r2_0[2]_i_3,LUT5,SLICE_X5Y233,SLICEL.D6LUT,32'h96696996
u_dut/pc4_r2_0[3]_i_1,LUT6,SLICE_X5Y233,SLICEL.A6LUT,64'hA99595569556566A
u_dut/pc4_r2_0[4]_i_1,LUT6,SLICE_X5Y233,SLICEL.B6LUT,64'hFEEAEAA8EAA8A880
u_dut/pc4_r2_0[4]_i_2,LUT6,SLICE_X5Y233,SLICEL.C6LUT,64'hEBBEAAAA82280000
u_dut/pc4_r2_0[4]_i_3,LUT3,SLICE_X6Y233,SLICEM.D5LUT,8'hE8
u_dut/pc4_r2_0_reg[0],FDRE,SLICE_X6Y234,SLICEM.AFF,1'b0
u_dut/pc4_r2_0_reg[1],FDRE,SLICE_X6Y237,SLICEM.AFF,1'b0
u_dut/pc4_r2_0_reg[2],FDRE,SLICE_X4Y233,SLICEL.DFF,1'b0
u_dut/pc4_r2_0_reg[3],FDRE,SLICE_X5Y233,SLICEL.AFF,1'b0
u_dut/pc4_r2_0_reg[4],FDRE,SLICE_X5Y233,SLICEL.BFF,1'b0
u_dut/pc4_r2_1[0]_i_1,LUT4,SLICE_X6Y235,SLICEM.A6LUT,16'h6996
u_dut/pc4_r2_1[1]_i_1,LUT5,SLICE_X7Y235,SLICEL.D6LUT,32'h81177EE8
u_dut/pc4_r2_1[1]_i_2,LUT4,SLICE_X7Y234,SLICEL.A6LUT,16'h6996
u_dut/pc4_r2_1[2]_i_1,LUT6,SLICE_X7Y234,SLICEL.B6LUT,64'h9669699666666666
u_dut/pc4_r2_1[2]_i_2,LUT5,SLICE_X7Y235,SLICEL.D5LUT,32'hFEE88000
u_dut/pc4_r2_1[2]_i_3,LUT5,SLICE_X7Y234,SLICEL.D6LUT,32'h96696996
u_dut/pc4_r2_1[3]_i_1,LUT6,SLICE_X6Y235,SLICEM.B6LUT,64'hA99595569556566A
u_dut/pc4_r2_1[4]_i_1,LUT6,SLICE_X6Y235,SLICEM.C6LUT,64'hFEEAEAA8EAA8A880
u_dut/pc4_r2_1[4]_i_2,LUT6,SLICE_X7Y234,SLICEL.C6LUT,64'hEBBEAAAA82280000
u_dut/pc4_r2_1[4]_i_3,LUT3,SLICE_X7Y234,SLICEL.A5LUT,8'hE8
u_dut/pc4_r2_1_reg[0],FDRE,SLICE_X6Y235,SLICEM.AFF,1'b0
u_dut/pc4_r2_1_reg[1],FDRE,SLICE_X6Y237,SLICEM.BFF,1'b0
u_dut/pc4_r2_1_reg[2],FDRE,SLICE_X7Y234,SLICEL.BFF,1'b0
u_dut/pc4_r2_1_reg[3],FDRE,SLICE_X6Y235,SLICEM.BFF,1'b0
u_dut/pc4_r2_1_reg[4],FDRE,SLICE_X6Y235,SLICEM.CFF,1'b0
u_dut/pc4_r2_2[0]_i_1,LUT4,SLICE_X5Y235,SLICEL.A6LUT,16'h6996
u_dut/pc4_r2_2[1]_i_1,LUT5,SLICE_X5Y235,SLICEL.B6LUT,32'h81177EE8
u_dut/pc4_r2_2[1]_i_2,LUT4,SLICE_X6Y235,SLICEM.D6LUT,16'h6996
u_dut/pc4_r2_2[2]_i_1,LUT6,SLICE_X5Y235,SLICEL.C6LUT,64'h9669699666666666
u_dut/pc4_r2_2[2]_i_2,LUT5,SLICE_X5Y235,SLICEL.B5LUT,32'hFEE88000
u_dut/pc4_r2_2[2]_i_3,LUT5,SLICE_X6Y234,SLICEM.D6LUT,32'h96696996
u_dut/pc4_r2_2[3]_i_1,LUT6,SLICE_X6Y234,SLICEM.B6LUT,64'hA99595569556566A
u_dut/pc4_r2_2[4]_i_1,LUT6,SLICE_X6Y234,SLICEM.C6LUT,64'hFEEAEAA8EAA8A880
u_dut/pc4_r2_2[4]_i_2,LUT6,SLICE_X5Y235,SLICEL.D6LUT,64'hEBBEAAAA82280000
u_dut/pc4_r2_2[4]_i_3,LUT3,SLICE_X6Y235,SLICEM.D5LUT,8'hE8
u_dut/pc4_r2_2_reg[0],FDRE,SLICE_X5Y235,SLICEL.AFF,1'b0
u_dut/pc4_r2_2_reg[1],FDRE,SLICE_X5Y237,SLICEL.A5FF,1'b0
u_dut/pc4_r2_2_reg[2],FDRE,SLICE_X5Y235,SLICEL.CFF,1'b0
u_dut/pc4_r2_2_reg[3],FDRE,SLICE_X6Y234,SLICEM.BFF,1'b0
u_dut/pc4_r2_2_reg[4],FDRE,SLICE_X6Y234,SLICEM.CFF,1'b0
u_dut/pc4_r2_3[0]_i_1,LUT4,SLICE_X8Y235,SLICEM.B6LUT,16'h6996
u_dut/pc4_r2_3[1]_i_1,LUT5,SLICE_X8Y235,SLICEM.C6LUT,32'h81177EE8
u_dut/pc4_r2_3[1]_i_2,LUT4,SLICE_X8Y236,SLICEM.B6LUT,16'h6996
u_dut/pc4_r2_3[2]_i_1,LUT6,SLICE_X8Y236,SLICEM.C6LUT,64'h9669699666666666
u_dut/pc4_r2_3[2]_i_2,LUT5,SLICE_X8Y235,SLICEM.C5LUT,32'hFEE88000
u_dut/pc4_r2_3[2]_i_3,LUT5,SLICE_X9Y236,SLICEL.D6LUT,32'h96696996
u_dut/pc4_r2_3[3]_i_1,LUT6,SLICE_X9Y236,SLICEL.B6LUT,64'hA99595569556566A
u_dut/pc4_r2_3[4]_i_1,LUT6,SLICE_X9Y236,SLICEL.C6LUT,64'hFEEAEAA8EAA8A880
u_dut/pc4_r2_3[4]_i_2,LUT6,SLICE_X8Y236,SLICEM.D6LUT,64'hEBBEAAAA82280000
u_dut/pc4_r2_3[4]_i_3,LUT3,SLICE_X8Y236,SLICEM.B5LUT,8'hE8
u_dut/pc4_r2_3_reg[0],FDRE,SLICE_X8Y235,SLICEM.BFF,1'b0
u_dut/pc4_r2_3_reg[1],FDRE,SLICE_X6Y236,SLICEM.A5FF,1'b0
u_dut/pc4_r2_3_reg[2],FDRE,SLICE_X8Y236,SLICEM.CFF,1'b0
u_dut/pc4_r2_3_reg[3],FDRE,SLICE_X9Y236,SLICEL.BFF,1'b0
u_dut/pc4_r2_3_reg[4],FDRE,SLICE_X9Y236,SLICEL.CFF,1'b0
u_dut/pc4_r2_4[0]_i_1,LUT4,SLICE_X6Y236,SLICEM.A6LUT,16'h6996
u_dut/pc4_r2_4[1]_i_1,LUT5,SLICE_X7Y236,SLICEL.A6LUT,32'h81177EE8
u_dut/pc4_r2_4[1]_i_2,LUT4,SLICE_X7Y236,SLICEL.B6LUT,16'h6996
u_dut/pc4_r2_4[2]_i_1,LUT6,SLICE_X7Y236,SLICEL.C6LUT,64'h9669699666666666
u_dut/pc4_r2_4[2]_i_2,LUT5,SLICE_X7Y236,SLICEL.A5LUT,32'hFEE88000
u_dut/pc4_r2_4[2]_i_3,LUT5,SLICE_X6Y236,SLICEM.D6LUT,32'h96696996
u_dut/pc4_r2_4[3]_i_1,LUT6,SLICE_X6Y236,SLICEM.B6LUT,64'hA99595569556566A
u_dut/pc4_r2_4[4]_i_1,LUT6,SLICE_X6Y236,SLICEM.C6LUT,64'hFEEAEAA8EAA8A880
u_dut/pc4_r2_4[4]_i_2,LUT6,SLICE_X7Y236,SLICEL.D6LUT,64'hEBBEAAAA82280000
u_dut/pc4_r2_4[4]_i_3,LUT3,SLICE_X7Y236,SLICEL.B5LUT,8'hE8
u_dut/pc4_r2_4_reg[0],FDRE,SLICE_X6Y236,SLICEM.AFF,1'b0
u_dut/pc4_r2_4_reg[1],FDRE,SLICE_X3Y236,SLICEL.AFF,1'b0
u_dut/pc4_r2_4_reg[2],FDRE,SLICE_X7Y236,SLICEL.CFF,1'b0
u_dut/pc4_r2_4_reg[3],FDRE,SLICE_X6Y236,SLICEM.BFF,1'b0
u_dut/pc4_r2_4_reg[4],FDRE,SLICE_X6Y236,SLICEM.CFF,1'b0
u_dut/pc4_r2_5[0]_i_1,LUT4,SLICE_X2Y230,SLICEM.A6LUT,16'h6996
u_dut/pc4_r2_5[1]_i_1,LUT5,SLICE_X2Y230,SLICEM.B6LUT,32'h81177EE8
u_dut/pc4_r2_5[1]_i_2,LUT4,SLICE_X2Y230,SLICEM.C6LUT,16'h6996
u_dut/pc4_r2_5[2]_i_1,LUT6,SLICE_X3Y230,SLICEL.A6LUT,64'h9669699666666666
u_dut/pc4_r2_5[2]_i_2,LUT5,SLICE_X2Y230,SLICEM.B5LUT,32'hFEE88000
u_dut/pc4_r2_5[2]_i_3,LUT5,SLICE_X3Y231,SLICEL.C6LUT,32'h96696996
u_dut/pc4_r2_5[3]_i_1,LUT6,SLICE_X3Y231,SLICEL.A6LUT,64'hA99595569556566A
u_dut/pc4_r2_5[4]_i_1,LUT6,SLICE_X3Y231,SLICEL.B6LUT,64'hFEEAEAA8EAA8A880
u_dut/pc4_r2_5[4]_i_2,LUT6,SLICE_X3Y230,SLICEL.B6LUT,64'hEBBEAAAA82280000
u_dut/pc4_r2_5[4]_i_3,LUT3,SLICE_X2Y230,SLICEM.C5LUT,8'hE8
u_dut/pc4_r2_5_reg[0],FDRE,SLICE_X2Y230,SLICEM.AFF,1'b0
u_dut/pc4_r2_5_reg[1],FDRE,SLICE_X3Y236,SLICEL.BFF,1'b0
u_dut/pc4_r2_5_reg[2],FDRE,SLICE_X3Y230,SLICEL.AFF,1'b0
u_dut/pc4_r2_5_reg[3],FDRE,SLICE_X3Y231,SLICEL.AFF,1'b0
u_dut/pc4_r2_5_reg[4],FDRE,SLICE_X3Y231,SLICEL.BFF,1'b0
u_dut/pc4_r2_6[0]_i_1,LUT4,SLICE_X3Y234,SLICEL.A6LUT,16'h6996
u_dut/pc4_r2_6[1]_i_1,LUT5,SLICE_X3Y234,SLICEL.B6LUT,32'h81177EE8
u_dut/pc4_r2_6[1]_i_2,LUT4,SLICE_X3Y233,SLICEL.A6LUT,16'h6996
u_dut/pc4_r2_6[2]_i_1,LUT6,SLICE_X2Y233,SLICEM.A6LUT,64'h9669699666666666
u_dut/pc4_r2_6[2]_i_2,LUT5,SLICE_X3Y234,SLICEL.B5LUT,32'hFEE88000
u_dut/pc4_r2_6[2]_i_3,LUT5,SLICE_X3Y233,SLICEL.D6LUT,32'h96696996
u_dut/pc4_r2_6[3]_i_1,LUT6,SLICE_X3Y233,SLICEL.B6LUT,64'hA99595569556566A
u_dut/pc4_r2_6[4]_i_1,LUT6,SLICE_X3Y233,SLICEL.C6LUT,64'hFEEAEAA8EAA8A880
u_dut/pc4_r2_6[4]_i_2,LUT6,SLICE_X2Y233,SLICEM.B6LUT,64'hEBBEAAAA82280000
u_dut/pc4_r2_6[4]_i_3,LUT3,SLICE_X3Y233,SLICEL.A5LUT,8'hE8
u_dut/pc4_r2_6_reg[0],FDRE,SLICE_X3Y234,SLICEL.AFF,1'b0
u_dut/pc4_r2_6_reg[1],FDRE,SLICE_X3Y235,SLICEL.AFF,1'b0
u_dut/pc4_r2_6_reg[2],FDRE,SLICE_X2Y233,SLICEM.AFF,1'b0
u_dut/pc4_r2_6_reg[3],FDRE,SLICE_X3Y233,SLICEL.BFF,1'b0
u_dut/pc4_r2_6_reg[4],FDRE,SLICE_X3Y233,SLICEL.CFF,1'b0
u_dut/pc4_r2_7[0]_i_1,LUT4,SLICE_X5Y232,SLICEL.D6LUT,16'h6996
u_dut/pc4_r2_7[1]_i_1,LUT5,SLICE_X4Y232,SLICEL.D6LUT,32'h81177EE8
u_dut/pc4_r2_7[1]_i_2,LUT4,SLICE_X3Y232,SLICEL.A6LUT,16'h6996
u_dut/pc4_r2_7[2]_i_1,LUT6,SLICE_X2Y232,SLICEM.A6LUT,64'h9669699666666666
u_dut/pc4_r2_7[2]_i_2,LUT5,SLICE_X4Y232,SLICEL.D5LUT,32'hFEE88000
u_dut/pc4_r2_7[2]_i_3,LUT5,SLICE_X3Y232,SLICEL.D6LUT,32'h96696996
u_dut/pc4_r2_7[3]_i_1,LUT6,SLICE_X3Y232,SLICEL.B6LUT,64'hA99595569556566A
u_dut/pc4_r2_7[4]_i_1,LUT6,SLICE_X3Y232,SLICEL.C6LUT,64'hFEEAEAA8EAA8A880
u_dut/pc4_r2_7[4]_i_2,LUT6,SLICE_X2Y232,SLICEM.B6LUT,64'hEBBEAAAA82280000
u_dut/pc4_r2_7[4]_i_3,LUT3,SLICE_X3Y232,SLICEL.A5LUT,8'hE8
u_dut/pc4_r2_7_reg[0],FDRE,SLICE_X5Y232,SLICEL.DFF,1'b0
u_dut/pc4_r2_7_reg[1],FDRE,SLICE_X3Y235,SLICEL.BFF,1'b0
u_dut/pc4_r2_7_reg[2],FDRE,SLICE_X2Y232,SLICEM.AFF,1'b0
u_dut/pc4_r2_7_reg[3],FDRE,SLICE_X3Y232,SLICEL.BFF,1'b0
u_dut/pc4_r2_7_reg[4],FDRE,SLICE_X3Y232,SLICEL.CFF,1'b0
u_dut/pc4_r2_8[0]_i_1,LUT2,SLICE_X8Y237,SLICEM.A6LUT,4'h6
u_dut/pc4_r2_8[1]_i_1,LUT4,SLICE_X8Y237,SLICEM.A5LUT,16'h8778
u_dut/pc4_r2_8[2]_i_1,LUT5,SLICE_X8Y237,SLICEM.B6LUT,32'h077FF880
u_dut/pc4_r2_8[3]_i_1,LUT5,SLICE_X8Y237,SLICEM.B5LUT,32'hAA808000
u_dut/pc4_r2_8_reg[0],FDRE,SLICE_X8Y237,SLICEM.AFF,1'b0
u_dut/pc4_r2_8_reg[1],FDRE,SLICE_X8Y237,SLICEM.A5FF,1'b0
u_dut/pc4_r2_8_reg[2],FDRE,SLICE_X8Y237,SLICEM.BFF,1'b0
u_dut/pc4_r2_8_reg[3],FDRE,SLICE_X8Y237,SLICEM.B5FF,1'b0
u_dut/pc4_r4_0[3]_i_2,LUT5,SLICE_X6Y237,SLICEM.A6LUT,32'hEEE8E888
u_dut/pc4_r4_0[3]_i_3,LUT5,SLICE_X6Y237,SLICEM.A5LUT,32'hE81717E8
u_dut/pc4_r4_0[3]_i_4,LUT4,SLICE_X6Y237,SLICEM.B6LUT,16'h6996
u_dut/pc4_r4_0[3]_i_5,LUT6,SLICE_X5Y237,SLICEL.D6LUT,64'h6969699669969696
u_dut/pc4_r4_0[3]_i_6,LUT6,SLICE_X5Y237,SLICEL.C6LUT,64'h6999999699969666
u_dut/pc4_r4_0[3]_i_7,LUT4,SLICE_X5Y237,SLICEL.B6LUT,16'h566A
u_dut/pc4_r4_0[3]_i_8,LUT4,SLICE_X5Y237,SLICEL.A6LUT,16'h6996
u_dut/pc4_r4_0[3]_i_9,LUT3,SLICE_X5Y236,SLICEL.A6LUT,8'h96
u_dut/pc4_r4_0[6]_i_2,LUT5,SLICE_X6Y238,SLICEM.B6LUT,32'hEEE8E888
u_dut/pc4_r4_0[6]_i_3,LUT5,SLICE_X5Y236,SLICEL.A5LUT,32'hEEE8E888
u_dut/pc4_r4_0[6]_i_4,LUT5,SLICE_X5Y238,SLICEL.B6LUT,32'h177E7EE8
u_dut/pc4_r4_0[6]_i_5,LUT6,SLICE_X5Y238,SLICEL.A6LUT,64'h6969699669969696
u_dut/pc4_r4_0[6]_i_6,LUT3,SLICE_X6Y238,SLICEM.C6LUT,8'h96
u_dut/pc4_r4_0[6]_i_7,LUT3,SLICE_X6Y238,SLICEM.A6LUT,8'h96
u_dut/pc4_r4_0[6]_i_8,LUT3,SLICE_X6Y238,SLICEM.A5LUT,8'hE8
u_dut/pc4_r4_0_reg[0],FDRE,SLICE_X5Y237,SLICEL.AFF,1'b0
u_dut/pc4_r4_0_reg[1],FDRE,SLICE_X5Y237,SLICEL.BFF,1'b0
u_dut/pc4_r4_0_reg[2],FDRE,SLICE_X5Y237,SLICEL.CFF,1'b0
u_dut/pc4_r4_0_reg[3],FDRE,SLICE_X5Y237,SLICEL.DFF,1'b0
u_dut/pc4_r4_0_reg[3]_i_1,CARRY4,SLICE_X5Y237,SLICEL.CARRY4,
u_dut/pc4_r4_0_reg[4],FDRE,SLICE_X5Y238,SLICEL.AFF,1'b0
u_dut/pc4_r4_0_reg[5],FDRE,SLICE_X5Y238,SLICEL.BFF,1'b0
u_dut/pc4_r4_0_reg[6],FDRE,SLICE_X5Y238,SLICEL.CFF,1'b0
u_dut/pc4_r4_0_reg[6]_i_1,CARRY4,SLICE_X5Y238,SLICEL.CARRY4,
u_dut/pc4_r4_1[3]_i_2,LUT5,SLICE_X3Y236,SLICEL.B6LUT,32'hEEE8E888
u_dut/pc4_r4_1[3]_i_3,LUT5,SLICE_X3Y236,SLICEL.B5LUT,32'hE81717E8
u_dut/pc4_r4_1[3]_i_4,LUT4,SLICE_X3Y236,SLICEL.C6LUT,16'h6996
u_dut/pc4_r4_1[3]_i_5,LUT6,SLICE_X2Y236,SLICEM.D6LUT,64'h6969699669969696
u_dut/pc4_r4_1[3]_i_6,LUT6,SLICE_X2Y236,SLICEM.C6LUT,64'h6999999699969666
u_dut/pc4_r4_1[3]_i_7,LUT4,SLICE_X2Y236,SLICEM.B6LUT,16'h566A
u_dut/pc4_r4_1[3]_i_8,LUT4,SLICE_X2Y236,SLICEM.A6LUT,16'h6996
u_dut/pc4_r4_1[3]_i_9,LUT3,SLICE_X3Y236,SLICEL.A6LUT,8'h96
u_dut/pc4_r4_1[6]_i_2,LUT5,SLICE_X3Y237,SLICEL.B6LUT,32'hEEE8E888
u_dut/pc4_r4_1[6]_i_3,LUT5,SLICE_X3Y236,SLICEL.A5LUT,32'hEEE8E888
u_dut/pc4_r4_1[6]_i_4,LUT5,SLICE_X2Y237,SLICEM.B6LUT,32'h177E7EE8
u_dut/pc4_r4_1[6]_i_5,LUT6,SLICE_X2Y237,SLICEM.A6LUT,64'h6969699669969696
u_dut/pc4_r4_1[6]_i_6,LUT3,SLICE_X3Y237,SLICEL.C6LUT,8'h96
u_dut/pc4_r4_1[6]_i_7,LUT3,SLICE_X3Y237,SLICEL.A6LUT,8'h96
u_dut/pc4_r4_1[6]_i_8,LUT3,SLICE_X3Y237,SLICEL.A5LUT,8'hE8
u_dut/pc4_r4_1_reg[0],FDRE,SLICE_X2Y236,SLICEM.AFF,1'b0
u_dut/pc4_r4_1_reg[1],FDRE,SLICE_X2Y236,SLICEM.BFF,1'b0
u_dut/pc4_r4_1_reg[2],FDRE,SLICE_X2Y236,SLICEM.CFF,1'b0
u_dut/pc4_r4_1_reg[3],FDRE,SLICE_X2Y236,SLICEM.DFF,1'b0
u_dut/pc4_r4_1_reg[3]_i_1,CARRY4,SLICE_X2Y236,SLICEM.CARRY4,
u_dut/pc4_r4_1_reg[4],FDRE,SLICE_X2Y237,SLICEM.AFF,1'b0
u_dut/pc4_r4_1_reg[5],FDRE,SLICE_X2Y237,SLICEM.BFF,1'b0
u_dut/pc4_r4_1_reg[6],FDRE,SLICE_X2Y237,SLICEM.CFF,1'b0
u_dut/pc4_r4_1_reg[6]_i_1,CARRY4,SLICE_X2Y237,SLICEM.CARRY4,
u_dut/pc4_r4_2_reg[0],FDRE,SLICE_X9Y237,SLICEL.AFF,1'b0
u_dut/pc4_r4_2_reg[1],FDRE,SLICE_X5Y237,SLICEL.B5FF,1'b0
u_dut/pc4_r4_2_reg[2],FDRE,SLICE_X5Y238,SLICEL.C5FF,1'b0
u_dut/pc4_r4_2_reg[3],FDRE,SLICE_X9Y237,SLICEL.BFF,1'b0
u_dut/pc4_r6_0[3]_i_2,LUT3,SLICE_X4Y237,SLICEL.C5LUT,8'hE8
u_dut/pc4_r6_0[3]_i_3,LUT3,SLICE_X4Y237,SLICEL.B5LUT,8'hE8
u_dut/pc4_r6_0[3]_i_4,LUT3,SLICE_X4Y237,SLICEL.A5LUT,8'hE8
u_dut/pc4_r6_0[3]_i_5,LUT4,SLICE_X4Y237,SLICEL.D6LUT,16'h6996
u_dut/pc4_r6_0[3]_i_6,LUT4,SLICE_X4Y237,SLICEL.C6LUT,16'h6996
u_dut/pc4_r6_0[3]_i_7,LUT4,SLICE_X4Y237,SLICEL.B6LUT,16'h6996
u_dut/pc4_r6_0[3]_i_8,LUT3,SLICE_X4Y237,SLICEL.A6LUT,8'h96
u_dut/pc4_r6_0[7]_i_2,LUT2,SLICE_X4Y238,SLICEL.C5LUT,4'h8
u_dut/pc4_r6_0[7]_i_3,LUT2,SLICE_X4Y238,SLICEL.B5LUT,4'h8
u_dut/pc4_r6_0[7]_i_4,LUT3,SLICE_X4Y238,SLICEL.A5LUT,8'hE8
u_dut/pc4_r6_0[7]_i_5,LUT2,SLICE_X4Y238,SLICEL.D6LUT,4'h8
u_dut/pc4_r6_0[7]_i_6,LUT4,SLICE_X4Y238,SLICEL.C6LUT,16'h8778
u_dut/pc4_r6_0[7]_i_7,LUT4,SLICE_X4Y238,SLICEL.B6LUT,16'h8778
u_dut/pc4_r6_0[7]_i_8,LUT5,SLICE_X4Y238,SLICEL.A6LUT,32'hE81717E8
u_dut/pc4_r6_0_reg[0],FDRE,SLICE_X4Y237,SLICEL.AFF,1'b0
u_dut/pc4_r6_0_reg[1],FDRE,SLICE_X4Y237,SLICEL.BFF,1'b0
u_dut/pc4_r6_0_reg[2],FDRE,SLICE_X4Y237,SLICEL.CFF,1'b0
u_dut/pc4_r6_0_reg[3],FDRE,SLICE_X4Y237,SLICEL.DFF,1'b0
u_dut/pc4_r6_0_reg[3]_i_1,CARRY4,SLICE_X4Y237,SLICEL.CARRY4,
u_dut/pc4_r6_0_reg[4],FDRE,SLICE_X4Y238,SLICEL.AFF,1'b0
u_dut/pc4_r6_0_reg[5],FDRE,SLICE_X4Y238,SLICEL.BFF,1'b0
u_dut/pc4_r6_0_reg[6],FDRE,SLICE_X4Y238,SLICEL.CFF,1'b0
u_dut/pc4_r6_0_reg[7],FDRE,SLICE_X4Y238,SLICEL.DFF,1'b0
u_dut/pc4_r6_0_reg[7]_i_1,CARRY4,SLICE_X4Y238,SLICEL.CARRY4,
u_dut/t_r[0]_i_1,LUT6,SLICE_X25Y214,SLICEL.A6LUT,64'hFFFFFFFEFFFEFFFE
u_dut/t_r[0]_i_2,LUT4,SLICE_X25Y214,SLICEL.B6LUT,16'hF080
u_dut/t_r[1001]_i_1,LUT6,SLICE_X7Y215,SLICEL.D6LUT,64'hFFFFFFFE00000000
u_dut/t_r[1002]_i_1,LUT6,SLICE_X5Y224,SLICEL.A6LUT,64'hFFFEAAAAAAAAAAAA
u_dut/t_r[1003]_i_1,LUT6,SLICE_X7Y215,SLICEL.A6LUT,64'hFEEEEEEE00000000
u_dut/t_r[1004]_i_1,LUT6,SLICE_X1Y216,SLICEL.A6LUT,64'hFEAA000000000000
u_dut/t_r[1005]_i_1,LUT6,SLICE_X3Y218,SLICEL.A6LUT,64'hFEAAAAAAEEAAAAAA
u_dut/t_r[1006]_i_1,LUT3,SLICE_X1Y216,SLICEL.B6LUT,8'h80
u_dut/t_r[1008]_i_1,LUT6,SLICE_X3Y214,SLICEL.A6LUT,64'hFEAAAAAAAAAAAAAA
u_dut/t_r[1009]_i_1,LUT6,SLICE_X7Y215,SLICEL.B6LUT,64'h8080800080008000
u_dut/t_r[100]_i_1,LUT6,SLICE_X29Y236,SLICEL.D6LUT,64'hA888A888A8888888
u_dut/t_r[1010]_i_1,LUT3,SLICE_X4Y215,SLICEL.B6LUT,8'hFE
u_dut/t_r[1010]_i_2,LUT6,SLICE_X7Y215,SLICEL.C6LUT,64'h8000000000000000
u_dut/t_r[1012]_i_1,LUT6,SLICE_X5Y217,SLICEL.D6LUT,64'hFFAAFFAAFFAAFEAA
u_dut/t_r[1017]_i_1,LUT6,SLICE_X2Y216,SLICEM.A6LUT,64'hFAFAFAFAFAAAEAAA
u_dut/t_r[1017]_i_2,LUT2,SLICE_X2Y216,SLICEM.B6LUT,4'hE
u_dut/t_r[1018]_i_1,LUT6,SLICE_X8Y217,SLICEM.B6LUT,64'hFFFFFFF8FFF0FFF0
u_dut/t_r[1018]_i_2,LUT4,SLICE_X6Y217,SLICEM.C6LUT,16'hFFA8
u_dut/t_r[101]_i_1,LUT6,SLICE_X29Y236,SLICEL.A6LUT,64'hA888888888888888
u_dut/t_r[1020]_i_1,LUT6,SLICE_X6Y217,SLICEM.D6LUT,64'hFFFFFFF8FFF0FFF0
u_dut/t_r[1021]_i_1,LUT4,SLICE_X8Y212,SLICEM.C6LUT,16'hFFF8
u_dut/t_r[1023]_i_1,LUT6,SLICE_X2Y216,SLICEM.C6LUT,64'hFFFFAAAAEAAAAAAA
u_dut/t_r[1024]_i_1,LUT6,SLICE_X3Y217,SLICEL.A6LUT,64'hFEAAAAAAEEAAAAAA
u_dut/t_r[1024]_i_2,LUT3,SLICE_X3Y214,SLICEL.B6LUT,8'h80
u_dut/t_r[1025]_i_1,LUT6,SLICE_X5Y216,SLICEL.B6LUT,64'hFEEEAAAAAAAAAAAA
u_dut/t_r[1025]_i_2,LUT2,SLICE_X3Y216,SLICEL.A6LUT,4'hE
u_dut/t_r[1029]_i_1,LUT6,SLICE_X3Y216,SLICEL.B6LUT,64'hFFFFCCCCFFFECCCC
u_dut/t_r[102]_i_1,LUT6,SLICE_X30Y235,SLICEL.A6LUT,64'h8888888888888880
u_dut/t_r[1030]_i_1,LUT6,SLICE_X3Y215,SLICEL.A6LUT,64'hFFFFCCCCFEEECCCC
u_dut/t_r[1030]_i_2,LUT4,SLICE_X2Y215,SLICEM.A6LUT,16'hFFA8
u_dut/t_r[1031]_i_1,LUT6,SLICE_X5Y216,SLICEL.C6LUT,64'hFFAAFFAAFFAAEAAA
u_dut/t_r[1031]_i_2,LUT3,SLICE_X5Y213,SLICEL.B6LUT,8'hF8
u_dut/t_r[1031]_i_3,LUT2,SLICE_X4Y216,SLICEL.A6LUT,4'hE
u_dut/t_r[1035]_i_1,LUT6,SLICE_X6Y212,SLICEM.A6LUT,64'hFFFFFF80FF00FF00
u_dut/t_r[1037]_i_1,LUT6,SLICE_X6Y212,SLICEM.B6LUT,64'hFFFECCCCCCCCCCCC
u_dut/t_r[1037]_i_2,LUT5,SLICE_X6Y212,SLICEM.C6LUT,32'hFFFFFFFE
u_dut/t_r[1039]_i_1,LUT6,SLICE_X3Y216,SLICEL.C6LUT,64'hFFFFFFF8F0F0F0F0
u_dut/t_r[1039]_i_2,LUT3,SLICE_X3Y214,SLICEL.B5LUT,8'hF8
u_dut/t_r[103]_i_1,LUT6,SLICE_X28Y235,SLICEL.A6LUT,64'hA800000000000000
u_dut/t_r[1040]_i_1,LUT6,SLICE_X7Y217,SLICEL.D6LUT,64'hFFFFFFFFAAAA8880
u_dut/t_r[1041]_i_1,LUT6,SLICE_X3Y217,SLICEL.B6LUT,64'hFFAAFFAAFFAAEAAA
u_dut/t_r[1041]_i_2,LUT2,SLICE_X1Y216,SLICEL.B5LUT,4'h8
u_dut/t_r[1041]_i_3,LUT3,SLICE_X3Y215,SLICEL.B6LUT,8'hE0
u_dut/t_r[1044]_i_1,LUT6,SLICE_X7Y214,SLICEL.B6LUT,64'hFFFFFFFFFE000000
u_dut/t_r[1045]_i_1,LUT6,SLICE_X7Y214,SLICEL.C6LUT,64'hFAAAEAAAAAAAAAAA
u_dut/t_r[1045]_i_2,LUT2,SLICE_X5Y213,SLICEL.C6LUT,4'h8
u_dut/t_r[1045]_i_3,LUT3,SLICE_X4Y217,SLICEL.C6LUT,8'hFE
u_dut/t_r[1045]_i_4,LUT2,SLICE_X3Y216,SLICEL.A5LUT,4'h8
u_dut/t_r[1048]_i_1,LUT5,SLICE_X5Y213,SLICEL.B5LUT,32'hFF00FE00
u_dut/t_r[1049]_i_1,LUT4,SLICE_X8Y212,SLICEM.C5LUT,16'hF0E0
u_dut/t_r[1049]_i_2,LUT6,SLICE_X8Y212,SLICEM.D6LUT,64'hFF00FF00FF00FE00
u_dut/t_r[104]_i_1,LUT6,SLICE_X29Y236,SLICEL.B6LUT,64'h8800800080008000
u_dut/t_r[1052]_i_1,LUT6,SLICE_X6Y212,SLICEM.D6LUT,64'hFE00AA00EE00AA00
u_dut/t_r[1052]_i_2,LUT5,SLICE_X6Y212,SLICEM.C5LUT,32'hFFFFFF80
u_dut/t_r[1053]_i_1,LUT5,SLICE_X5Y213,SLICEL.C5LUT,32'hFF008000
u_dut/t_r[105]_i_1,LUT5,SLICE_X28Y235,SLICEL.B6LUT,32'h80000000
u_dut/t_r[106]_i_1,LUT6,SLICE_X30Y235,SLICEL.B6LUT,64'h8080800080008000
u_dut/t_r[1077]_i_1,LUT6,SLICE_X21Y212,SLICEL.A6LUT,64'hFFFFFFFFC8C8C888
u_dut/t_r[1078]_i_1,LUT6,SLICE_X21Y212,SLICEL.B6LUT,64'hFFFEFEFEEEEEEEEE
u_dut/t_r[107]_i_1,LUT6,SLICE_X30Y235,SLICEL.C6LUT,64'hE000000000000000
u_dut/t_r[1080]_i_1,LUT5,SLICE_X21Y209,SLICEL.A6LUT,32'hFFFEFEFE
u_dut/t_r[1080]_i_2,LUT6,SLICE_X21Y209,SLICEL.D6LUT,64'h8000000000000000
u_dut/t_r[1083]_i_1,LUT6,SLICE_X24Y209,SLICEL.A6LUT,64'hFFFEAAAAEEEEAAAA
u_dut/t_r[1083]_i_2,LUT2,SLICE_X24Y209,SLICEL.B6LUT,4'hE
u_dut/t_r[1087]_i_1,LUT6,SLICE_X24Y212,SLICEL.A6LUT,64'hFFFEEEEEFEFEEEEE
u_dut/t_r[1087]_i_2,LUT4,SLICE_X24Y212,SLICEL.B6LUT,16'hFF80
u_dut/t_r[1089]_i_1,LUT6,SLICE_X24Y211,SLICEL.A6LUT,64'hFFFFFFFFAAAA8000
u_dut/t_r[108]_i_1,LUT4,SLICE_X30Y236,SLICEL.B6LUT,16'hFF80
u_dut/t_r[108]_i_2,LUT6,SLICE_X29Y236,SLICEL.C6LUT,64'h8000000000000000
u_dut/t_r[108]_i_3,LUT3,SLICE_X32Y236,SLICEL.A6LUT,8'h80
u_dut/t_r[1093]_i_1,LUT6,SLICE_X22Y212,SLICEM.A6LUT,64'hFEAAEEAAAAAAAAAA
u_dut/t_r[1093]_i_2,LUT2,SLICE_X22Y211,SLICEM.A6LUT,4'hE
u_dut/t_r[1097]_i_1,LUT6,SLICE_X20Y212,SLICEM.A6LUT,64'hFFFFFFFFFFFF8000
u_dut/t_r[109]_i_1,LUT6,SLICE_X29Y237,SLICEL.D6LUT,64'hFFFE000000000000
u_dut/t_r[1103]_i_1,LUT6,SLICE_X21Y209,SLICEL.B6LUT,64'hFFFEAAAAEEEEAAAA
u_dut/t_r[1104]_i_1,LUT6,SLICE_X20Y209,SLICEM.A6LUT,64'hFAFAFAFAFAEAAAAA
u_dut/t_r[1109]_i_1,LUT6,SLICE_X20Y209,SLICEM.B6LUT,64'hFFFFFFFFAAAA8000
u_dut/t_r[110]_i_1,LUT6,SLICE_X29Y237,SLICEL.A6LUT,64'h8080808080808000
u_dut/t_r[1114]_i_1,LUT6,SLICE_X20Y209,SLICEM.C6LUT,64'hFEAAEEAAAAAAAAAA
u_dut/t_r[1114]_i_2,LUT3,SLICE_X20Y209,SLICEM.D6LUT,8'hFE
u_dut/t_r[1119]_i_1,LUT6,SLICE_X24Y212,SLICEL.C6LUT,64'hFFFFFFFFFF00F800
u_dut/t_r[111]_i_1,LUT6,SLICE_X26Y237,SLICEL.A6LUT,64'hFEEE000000000000
u_dut/t_r[1121]_i_1,LUT6,SLICE_X21Y209,SLICEL.C6LUT,64'hFFFFFFFF88800000
u_dut/t_r[1121]_i_2,LUT4,SLICE_X21Y209,SLICEL.A5LUT,16'hFAEA
u_dut/t_r[112]_i_1,LUT6,SLICE_X24Y236,SLICEL.A6LUT,64'hFAFAFAF800000000
u_dut/t_r[1130]_i_1,LUT6,SLICE_X22Y210,SLICEM.A6LUT,64'hFEEEEEEE00000000
u_dut/t_r[1134]_i_1,LUT6,SLICE_X20Y210,SLICEM.A6LUT,64'hFEEEAAAA00000000
u_dut/t_r[1137]_i_1,LUT6,SLICE_X20Y211,SLICEM.A6LUT,64'hFAEAEAEAEAEAEAEA
u_dut/t_r[1138]_i_1,LUT6,SLICE_X20Y210,SLICEM.B6LUT,64'hEAAAAAAA00000000
u_dut/t_r[113]_i_1,LUT6,SLICE_X28Y236,SLICEL.A6LUT,64'hFAF8F8F800000000
u_dut/t_r[1140]_i_1,LUT6,SLICE_X22Y211,SLICEM.B6LUT,64'hFCCCCCCCECCCCCCC
u_dut/t_r[1141]_i_1,LUT6,SLICE_X20Y211,SLICEM.B6LUT,64'hFFF0F0F0FEF0F0F0
u_dut/t_r[1141]_i_2,LUT2,SLICE_X22Y211,SLICEM.A5LUT,4'h8
u_dut/t_r[1145]_i_1,LUT6,SLICE_X20Y210,SLICEM.C6LUT,64'hC888000000000000
u_dut/t_r[114]_i_1,LUT6,SLICE_X24Y236,SLICEL.B6LUT,64'hEAEAEAAA00000000
u_dut/t_r[1152]_i_1,LUT3,SLICE_X21Y211,SLICEL.D6LUT,8'hF8
u_dut/t_r[1152]_i_2,LUT6,SLICE_X20Y210,SLICEM.D6LUT,64'h8080808080808000
u_dut/t_r[1152]_i_3,LUT3,SLICE_X21Y210,SLICEL.A6LUT,8'h80
u_dut/t_r[1156]_i_1,LUT2,SLICE_X24Y210,SLICEL.A6LUT,4'h8
u_dut/t_r[1157]_i_1,LUT6,SLICE_X22Y212,SLICEM.B6LUT,64'hFFF0FFF0FFF0FFE0
u_dut/t_r[1159]_i_1,LUT6,SLICE_X24Y212,SLICEL.D6LUT,64'hFFF0FFF0FFF0FFE0
u_dut/t_r[1159]_i_2,LUT4,SLICE_X24Y212,SLICEL.B5LUT,16'hFECC
u_dut/t_r[115]_i_1,LUT4,SLICE_X29Y237,SLICEL.B6LUT,16'h8000
u_dut/t_r[116]_i_1,LUT6,SLICE_X24Y236,SLICEL.C6LUT,64'h8080808080808000
u_dut/t_r[1173]_i_1,LUT6,SLICE_X21Y210,SLICEL.C6LUT,64'hEAAA0000AAAA0000
u_dut/t_r[117]_i_1,LUT6,SLICE_X24Y236,SLICEL.D6LUT,64'hC8C8C88800000000
u_dut/t_r[1185]_i_1,LUT6,SLICE_X25Y210,SLICEL.A6LUT,64'h8080800080008000
u_dut/t_r[1186]_i_1,LUT5,SLICE_X21Y210,SLICEL.A5LUT,32'h80000000
u_dut/t_r[1187]_i_1,LUT6,SLICE_X25Y210,SLICEL.B6LUT,64'hA800000000000000
u_dut/t_r[1188]_i_1,LUT4,SLICE_X25Y210,SLICEL.C6LUT,16'hFF80
u_dut/t_r[1188]_i_2,LUT6,SLICE_X21Y210,SLICEL.B6LUT,64'h8880000000000000
u_dut/t_r[118]_i_1,LUT6,SLICE_X28Y236,SLICEL.B6LUT,64'hC888888800000000
u_dut/t_r[1190]_i_1,LUT6,SLICE_X24Y209,SLICEL.C6LUT,64'hFFFFFFFEF0F0F0F0
u_dut/t_r[1191]_i_1,LUT6,SLICE_X20Y211,SLICEM.C6LUT,64'hFFFFFFFFAAAAA888
u_dut/t_r[1191]_i_2,LUT6,SLICE_X20Y211,SLICEM.D6LUT,64'hFFFFFFFFE0000000
u_dut/t_r[1193]_i_1,LUT6,SLICE_X20Y212,SLICEM.B6LUT,64'hFCCCFCCCFCCCECCC
u_dut/t_r[1194]_i_1,LUT6,SLICE_X22Y211,SLICEM.C6LUT,64'hFFFFFF00FFE0FF00
u_dut/t_r[1194]_i_2,LUT3,SLICE_X20Y208,SLICEM.A6LUT,8'h80
u_dut/t_r[119]_i_1,LUT6,SLICE_X28Y236,SLICEL.C6LUT,64'h8888888000000000
u_dut/t_r[119]_i_2,LUT3,SLICE_X32Y235,SLICEL.A6LUT,8'h80
u_dut/t_r[11]_i_1,LUT6,SLICE_X26Y210,SLICEL.A6LUT,64'hFFFFFFF8FFF0FFF0
u_dut/t_r[11]_i_2,LUT5,SLICE_X26Y210,SLICEL.B6LUT,32'hFF00E000
u_dut/t_r[1201]_i_1,LUT6,SLICE_X24Y210,SLICEL.C6LUT,64'hEAAA000000000000
u_dut/t_r[1202]_i_1,LUT6,SLICE_X24Y210,SLICEL.B6LUT,64'hEAAAAAAA00000000
u_dut/t_r[1209]_i_1,LUT6,SLICE_X22Y209,SLICEM.A6LUT,64'h8888888000000000
u_dut/t_r[120]_i_1,LUT6,SLICE_X26Y237,SLICEL.B6LUT,64'h8000000000000000
u_dut/t_r[1211]_i_1,LUT6,SLICE_X22Y209,SLICEM.B6LUT,64'h8000000000000000
u_dut/t_r[1217]_i_1,LUT5,SLICE_X21Y211,SLICEL.A6LUT,32'hFEEE0000
u_dut/t_r[1218]_i_1,LUT3,SLICE_X21Y211,SLICEL.B6LUT,8'hE0
u_dut/t_r[1219]_i_1,LUT6,SLICE_X25Y211,SLICEL.A6LUT,64'hFFFEAAAAEEEEAAAA
u_dut/t_r[1219]_i_2,LUT3,SLICE_X20Y209,SLICEM.D5LUT,8'hF8
u_dut/t_r[121]_i_1,LUT5,SLICE_X27Y238,SLICEL.A6LUT,32'hFFFF8000
u_dut/t_r[121]_i_2,LUT6,SLICE_X28Y236,SLICEL.D6LUT,64'h8000000000000000
u_dut/t_r[1225]_i_1,LUT5,SLICE_X21Y211,SLICEL.A5LUT,32'hC8880000
u_dut/t_r[1227]_i_1,LUT4,SLICE_X21Y211,SLICEL.D5LUT,16'hFE00
u_dut/t_r[1227]_i_2,LUT6,SLICE_X21Y211,SLICEL.C6LUT,64'h8888808088888000
u_dut/t_r[122]_i_1,LUT6,SLICE_X31Y233,SLICEL.D6LUT,64'hFFFFFFFE00000000
u_dut/t_r[1232]_i_1,LUT5,SLICE_X20Y208,SLICEM.A5LUT,32'hF0F0F080
u_dut/t_r[1232]_i_2,LUT5,SLICE_X25Y209,SLICEL.A6LUT,32'hFFFFFF80
u_dut/t_r[1235]_i_1,LUT5,SLICE_X21Y212,SLICEL.C6LUT,32'hF0F0F080
u_dut/t_r[1238]_i_1,LUT6,SLICE_X21Y212,SLICEL.D6LUT,64'hFFFFFFFFE0000000
u_dut/t_r[1238]_i_2,LUT3,SLICE_X21Y212,SLICEL.C5LUT,8'hE0
u_dut/t_r[123]_i_1,LUT6,SLICE_X31Y233,SLICEL.B6LUT,64'hFFFEFEFE00000000
u_dut/t_r[1241]_i_1,LUT6,SLICE_X20Y212,SLICEM.C6LUT,64'hFFFE0000AAAA0000
u_dut/t_r[1241]_i_2,LUT2,SLICE_X23Y211,SLICEL.D6LUT,4'hE
u_dut/t_r[1245]_i_1,LUT6,SLICE_X25Y209,SLICEL.B6LUT,64'hFFFF0000F0800000
u_dut/t_r[1245]_i_2,LUT2,SLICE_X25Y209,SLICEL.C6LUT,4'hE
u_dut/t_r[1249]_i_1,LUT6,SLICE_X20Y212,SLICEM.D6LUT,64'hFFFF0000C8000000
u_dut/t_r[1249]_i_2,LUT2,SLICE_X25Y209,SLICEL.C5LUT,4'h8
u_dut/t_r[1249]_i_3,LUT2,SLICE_X24Y210,SLICEL.A5LUT,4'h8
u_dut/t_r[124]_i_1,LUT5,SLICE_X27Y225,SLICEL.A6LUT,32'hFEEE0000
u_dut/t_r[1251]_i_1,LUT5,SLICE_X25Y209,SLICEL.D6LUT,32'hCC00C800
u_dut/t_r[1252]_i_1,LUT6,SLICE_X25Y212,SLICEL.A6LUT,64'hF0F00000F0800000
u_dut/t_r[1252]_i_2,LUT3,SLICE_X24Y209,SLICEL.B5LUT,8'hFE
u_dut/t_r[1252]_i_3,LUT2,SLICE_X21Y211,SLICEL.B5LUT,4'h8
u_dut/t_r[1253]_i_1,LUT5,SLICE_X25Y209,SLICEL.D5LUT,32'hF0800000
u_dut/t_r[1253]_i_2,LUT5,SLICE_X25Y209,SLICEL.A5LUT,32'hFFFFAA80
u_dut/t_r[125]_i_1,LUT6,SLICE_X30Y237,SLICEL.A6LUT,64'h8000800080000000
u_dut/t_r[1269]_i_1,LUT4,SLICE_X31Y218,SLICEL.A6LUT,16'hFFA8
u_dut/t_r[126]_i_1,LUT6,SLICE_X27Y225,SLICEL.B6LUT,64'hFAF8F8F800000000
u_dut/t_r[1271]_i_1,LUT5,SLICE_X38Y218,SLICEM.A6LUT,32'hFFFFAA80
u_dut/t_r[1272]_i_1,LUT6,SLICE_X34Y220,SLICEL.C6LUT,64'hEAEAEAAA00000000
u_dut/t_r[1273]_i_1,LUT6,SLICE_X34Y220,SLICEL.A6LUT,64'hEAAAAAAA00000000
u_dut/t_r[1275]_i_1,LUT6,SLICE_X30Y226,SLICEL.C6LUT,64'hFFFEFAFAFAFAFAFA
u_dut/t_r[1279]_i_1,LUT5,SLICE_X31Y220,SLICEL.A6LUT,32'h80808000
u_dut/t_r[127]_i_1,LUT6,SLICE_X25Y237,SLICEL.A6LUT,64'hA888A888A8888888
u_dut/t_r[1280]_i_1,LUT6,SLICE_X33Y224,SLICEL.A6LUT,64'h8080800080008000
u_dut/t_r[1282]_i_1,LUT4,SLICE_X34Y220,SLICEL.D6LUT,16'hFFFE
u_dut/t_r[1282]_i_2,LUT6,SLICE_X34Y220,SLICEL.B6LUT,64'h8000000000000000
u_dut/t_r[1283]_i_1,LUT6,SLICE_X29Y227,SLICEL.B6LUT,64'hFFFFCCCCFFFECCCC
u_dut/t_r[1284]_i_1,LUT6,SLICE_X33Y222,SLICEL.D6LUT,64'hFFFFCCCCFFFECCCC
u_dut/t_r[1285]_i_1,LUT6,SLICE_X22Y226,SLICEM.D6LUT,64'hFFFF0000FFE00000
u_dut/t_r[1286]_i_1,LUT6,SLICE_X34Y227,SLICEL.A6LUT,64'hFFFFCCCCFFFECCCC
u_dut/t_r[128]_i_1,LUT5,SLICE_X30Y237,SLICEL.B6LUT,32'h80000000
u_dut/t_r[1291]_i_1,LUT2,SLICE_X39Y225,SLICEL.A6LUT,4'h8
u_dut/t_r[1292]_i_1,LUT6,SLICE_X26Y219,SLICEL.C6LUT,64'hFFFFCCCCFECCCCCC
u_dut/t_r[1293]_i_1,LUT6,SLICE_X36Y226,SLICEL.B6LUT,64'hFFFFCCCCFECCCCCC
u_dut/t_r[1294]_i_1,LUT6,SLICE_X23Y217,SLICEL.A6LUT,64'hFFFFCCCCFECCCCCC
u_dut/t_r[1295]_i_1,LUT6,SLICE_X39Y225,SLICEL.B6LUT,64'h8080808080808000
u_dut/t_r[1296]_i_1,LUT6,SLICE_X39Y227,SLICEL.A6LUT,64'h8080800080008000
u_dut/t_r[1297]_i_1,LUT6,SLICE_X39Y227,SLICEL.B6LUT,64'h8000800080000000
u_dut/t_r[1298]_i_1,LUT5,SLICE_X38Y227,SLICEM.D6LUT,32'hFFFEFEFE
u_dut/t_r[1298]_i_2,LUT6,SLICE_X39Y227,SLICEL.C6LUT,64'h8000000000000000
u_dut/t_r[1299]_i_1,LUT6,SLICE_X37Y226,SLICEL.A6LUT,64'hFFFFFFFE00000000
u_dut/t_r[12]_i_1,LUT6,SLICE_X25Y214,SLICEL.C6LUT,64'hFFFFFFF8FFF0FFF0
u_dut/t_r[12]_i_2,LUT4,SLICE_X25Y214,SLICEL.B5LUT,16'hE000
u_dut/t_r[1300]_i_1,LUT6,SLICE_X37Y226,SLICEL.B6LUT,64'hFFFFFEEE00000000
u_dut/t_r[1302]_i_1,LUT6,SLICE_X22Y226,SLICEM.A6LUT,64'hFEEEEEEE00000000
u_dut/t_r[1303]_i_1,LUT6,SLICE_X37Y226,SLICEL.C6LUT,64'hFEAA000000000000
u_dut/t_r[1304]_i_1,LUT5,SLICE_X22Y226,SLICEM.B6LUT,32'hEA000000
u_dut/t_r[1305]_i_1,LUT6,SLICE_X21Y217,SLICEL.A6LUT,64'hEAAA000000000000
u_dut/t_r[1307]_i_1,LUT6,SLICE_X22Y227,SLICEM.A6LUT,64'hFEAAAAAAAAAAAAAA
u_dut/t_r[1308]_i_1,LUT6,SLICE_X22Y217,SLICEM.B6LUT,64'hFEAAAAAAAAAAAAAA
u_dut/t_r[130]_i_1,LUT6,SLICE_X25Y237,SLICEL.B6LUT,64'hC8C8C88800000000
u_dut/t_r[1310]_i_1,LUT6,SLICE_X37Y226,SLICEL.D6LUT,64'h8080808080808000
u_dut/t_r[1311]_i_1,LUT3,SLICE_X37Y219,SLICEL.B6LUT,8'hFE
u_dut/t_r[1311]_i_2,LUT5,SLICE_X22Y226,SLICEM.B5LUT,32'h80000000
u_dut/t_r[1314]_i_1,LUT6,SLICE_X23Y216,SLICEL.D6LUT,64'hFFFFFEEE00000000
u_dut/t_r[1315]_i_1,LUT6,SLICE_X23Y225,SLICEL.A6LUT,64'hFAFAFAEAEAEAEAEA
u_dut/t_r[1317]_i_1,LUT5,SLICE_X23Y216,SLICEL.A6LUT,32'hFEAA0000
u_dut/t_r[1319]_i_1,LUT6,SLICE_X20Y225,SLICEM.A6LUT,64'hEAAAAAAA00000000
u_dut/t_r[131]_i_1,LUT6,SLICE_X31Y233,SLICEL.C6LUT,64'hC888888800000000
u_dut/t_r[1320]_i_1,LUT5,SLICE_X23Y216,SLICEL.B6LUT,32'hCCC80000
u_dut/t_r[1322]_i_1,LUT5,SLICE_X23Y216,SLICEL.B5LUT,32'hC8880000
u_dut/t_r[1323]_i_1,LUT5,SLICE_X34Y220,SLICEL.D5LUT,32'hFFFFFFA8
u_dut/t_r[1323]_i_2,LUT6,SLICE_X37Y219,SLICEL.A6LUT,64'h8080808080808000
u_dut/t_r[1327]_i_1,LUT6,SLICE_X26Y224,SLICEL.C6LUT,64'hFFFFFFF8FFF0FFF0
u_dut/t_r[1328]_i_1,LUT6,SLICE_X22Y217,SLICEM.C6LUT,64'hFFFFFFF8FFF0FFF0
u_dut/t_r[1329]_i_1,LUT5,SLICE_X23Y216,SLICEL.C6LUT,32'hFEAA0000
u_dut/t_r[132]_i_1,LUT5,SLICE_X27Y225,SLICEL.A5LUT,32'h88800000
u_dut/t_r[1330]_i_1,LUT6,SLICE_X24Y225,SLICEL.D6LUT,64'hFFFEFEFEEEEEEEEE
u_dut/t_r[1331]_i_1,LUT6,SLICE_X31Y227,SLICEL.C6LUT,64'hFFFEFEFEEEEEEEEE
u_dut/t_r[1331]_i_2,LUT5,SLICE_X31Y227,SLICEL.D6LUT,32'hFFFFE000
u_dut/t_r[1334]_i_1,LUT6,SLICE_X32Y218,SLICEL.C6LUT,64'hFFFFFF80FF00FF00
u_dut/t_r[1335]_i_1,LUT6,SLICE_X24Y218,SLICEL.A6LUT,64'hFFFFFF80FF00FF00
u_dut/t_r[1339]_i_1,LUT6,SLICE_X33Y227,SLICEL.B6LUT,64'hFFCCFECCCCCCCCCC
u_dut/t_r[133]_i_1,LUT6,SLICE_X25Y237,SLICEL.C6LUT,64'hE000000000000000
u_dut/t_r[1340]_i_1,LUT6,SLICE_X23Y226,SLICEL.C6LUT,64'hFFCCFECCCCCCCCCC
u_dut/t_r[1341]_i_1,LUT6,SLICE_X35Y224,SLICEL.B6LUT,64'hEAEAEAAA00000000
u_dut/t_r[1342]_i_1,LUT5,SLICE_X24Y223,SLICEL.A6LUT,32'hCCC80000
u_dut/t_r[1345]_i_1,LUT6,SLICE_X21Y225,SLICEL.A6LUT,64'hFFFCFEFCFCFCFCFC
u_dut/t_r[1348]_i_1,LUT6,SLICE_X23Y215,SLICEL.A6LUT,64'hF0C0F08000000000
u_dut/t_r[1349]_i_1,LUT6,SLICE_X33Y227,SLICEL.C6LUT,64'hFFF0F8F0F0F0F0F0
u_dut/t_r[134]_i_1,LUT6,SLICE_X27Y225,SLICEL.C6LUT,64'h8000000000000000
u_dut/t_r[134]_i_2,LUT4,SLICE_X30Y237,SLICEL.B5LUT,16'h8000
u_dut/t_r[1350]_i_1,LUT6,SLICE_X22Y227,SLICEM.B6LUT,64'hFFF0F8F0F0F0F0F0
u_dut/t_r[1353]_i_1,LUT6,SLICE_X35Y224,SLICEL.A6LUT,64'hFE00000000000000
u_dut/t_r[1357]_i_1,LUT6,SLICE_X24Y223,SLICEL.B6LUT,64'h8080800080008000
u_dut/t_r[1358]_i_1,LUT4,SLICE_X22Y220,SLICEM.A6LUT,16'h8000
u_dut/t_r[135]_i_1,LUT5,SLICE_X27Y233,SLICEL.A6LUT,32'hFFFE0000
u_dut/t_r[1360]_i_1,LUT6,SLICE_X36Y220,SLICEL.D6LUT,64'hFAAAEAAAAAAAAAAA
u_dut/t_r[1360]_i_2,LUT3,SLICE_X35Y220,SLICEL.A6LUT,8'hF8
u_dut/t_r[1362]_i_1,LUT5,SLICE_X24Y223,SLICEL.A5LUT,32'h80000000
u_dut/t_r[1363]_i_1,LUT6,SLICE_X23Y215,SLICEL.B6LUT,64'h8000800080000000
u_dut/t_r[1364]_i_1,LUT5,SLICE_X38Y218,SLICEM.B6LUT,32'hA8000000
u_dut/t_r[1365]_i_1,LUT2,SLICE_X38Y218,SLICEM.C6LUT,4'hE
u_dut/t_r[1365]_i_2,LUT6,SLICE_X24Y223,SLICEL.C6LUT,64'h8000000000000000
u_dut/t_r[1366]_i_1,LUT6,SLICE_X31Y224,SLICEL.B6LUT,64'hFFFFFFFE00000000
u_dut/t_r[1367]_i_1,LUT5,SLICE_X27Y227,SLICEL.C6LUT,32'hFFFECCCC
u_dut/t_r[1369]_i_1,LUT3,SLICE_X31Y224,SLICEL.A6LUT,8'hE0
u_dut/t_r[136]_i_1,LUT6,SLICE_X39Y231,SLICEL.C6LUT,64'hFFFEEEEE00000000
u_dut/t_r[1371]_i_1,LUT6,SLICE_X21Y226,SLICEL.A6LUT,64'hEAEAEAAA00000000
u_dut/t_r[1372]_i_1,LUT6,SLICE_X21Y226,SLICEL.B6LUT,64'hEAAAAAAA00000000
u_dut/t_r[1374]_i_1,LUT5,SLICE_X27Y227,SLICEL.C5LUT,32'hFAEAAAAA
u_dut/t_r[1375]_i_1,LUT5,SLICE_X21Y226,SLICEL.C6LUT,32'hC8880000
u_dut/t_r[1377]_i_1,LUT6,SLICE_X25Y216,SLICEL.A6LUT,64'h8080800080008000
u_dut/t_r[1378]_i_1,LUT5,SLICE_X29Y219,SLICEL.C6LUT,32'hFFFEF0F0
u_dut/t_r[1378]_i_2,LUT5,SLICE_X21Y226,SLICEL.C5LUT,32'h80000000
u_dut/t_r[137]_i_1,LUT6,SLICE_X27Y233,SLICEL.B6LUT,64'hFEEEEEEE00000000
u_dut/t_r[1380]_i_1,LUT6,SLICE_X23Y218,SLICEL.D6LUT,64'hFFFFAAAAEEEAAAAA
u_dut/t_r[1383]_i_1,LUT6,SLICE_X21Y225,SLICEL.B6LUT,64'hFFFFF0F0FFFFF080
u_dut/t_r[1384]_i_1,LUT6,SLICE_X33Y219,SLICEL.B6LUT,64'hFEEEAAAA00000000
u_dut/t_r[138]_i_1,LUT5,SLICE_X27Y233,SLICEL.A5LUT,32'hFAF80000
u_dut/t_r[1390]_i_1,LUT6,SLICE_X27Y221,SLICEL.C6LUT,64'hFFFFF0F0FFFFF080
u_dut/t_r[1391]_i_1,LUT6,SLICE_X27Y219,SLICEL.D6LUT,64'hFFFFF0F0FFFFF080
u_dut/t_r[1394]_i_1,LUT6,SLICE_X35Y226,SLICEL.B6LUT,64'hFFFFCCCCFEEECCCC
u_dut/t_r[1395]_i_1,LUT6,SLICE_X21Y225,SLICEL.C6LUT,64'hFFFEEEEECCCCCCCC
u_dut/t_r[1395]_i_2,LUT4,SLICE_X21Y225,SLICEL.D6LUT,16'hFFA8
u_dut/t_r[1397]_i_1,LUT6,SLICE_X22Y220,SLICEM.B6LUT,64'hFFFEEEEECCCCCCCC
u_dut/t_r[1397]_i_2,LUT5,SLICE_X21Y225,SLICEL.D5LUT,32'hFFFF8000
u_dut/t_r[1398]_i_1,LUT6,SLICE_X23Y217,SLICEL.B6LUT,64'hFFFFFF80FF00FF00
u_dut/t_r[1399]_i_1,LUT6,SLICE_X23Y217,SLICEL.C6LUT,64'hFFFFFF80FF00FF00
u_dut/t_r[1399]_i_2,LUT3,SLICE_X23Y217,SLICEL.D6LUT,8'hE0
u_dut/t_r[1399]_i_3,LUT4,SLICE_X23Y216,SLICEL.C5LUT,16'hF080
u_dut/t_r[139]_i_1,LUT6,SLICE_X39Y231,SLICEL.A6LUT,64'hEAEAEAAA00000000
u_dut/t_r[13]_i_1,LUT6,SLICE_X41Y228,SLICEL.A6LUT,64'hFFFFFFF8FFF0FFF0
u_dut/t_r[1400]_i_1,LUT5,SLICE_X38Y226,SLICEM.A6LUT,32'hC8880000
u_dut/t_r[1403]_i_1,LUT6,SLICE_X33Y219,SLICEL.A6LUT,64'hFE00000000000000
u_dut/t_r[1405]_i_1,LUT6,SLICE_X38Y226,SLICEM.B6LUT,64'hFE00000000000000
u_dut/t_r[1406]_i_1,LUT6,SLICE_X26Y216,SLICEL.A6LUT,64'h8888888080808080
u_dut/t_r[1408]_i_1,LUT6,SLICE_X22Y227,SLICEM.C6LUT,64'hFCECCCCCCCCCCCCC
u_dut/t_r[1409]_i_1,LUT6,SLICE_X22Y220,SLICEM.C6LUT,64'hFCECCCCCCCCCCCCC
u_dut/t_r[140]_i_1,LUT2,SLICE_X39Y231,SLICEL.B6LUT,4'h8
u_dut/t_r[1412]_i_1,LUT3,SLICE_X38Y218,SLICEM.C5LUT,8'hF8
u_dut/t_r[1412]_i_2,LUT6,SLICE_X26Y216,SLICEL.B6LUT,64'h8000000000000000
u_dut/t_r[1417]_i_1,LUT6,SLICE_X22Y220,SLICEM.D6LUT,64'hFFFFFFC8FF00FF00
u_dut/t_r[1417]_i_2,LUT2,SLICE_X22Y220,SLICEM.A5LUT,4'hE
u_dut/t_r[141]_i_1,LUT6,SLICE_X27Y233,SLICEL.C6LUT,64'hAAAAAA8000000000
u_dut/t_r[1420]_i_1,LUT6,SLICE_X23Y226,SLICEL.D6LUT,64'hFFFFFFF8F0F0F0F0
u_dut/t_r[1420]_i_2,LUT2,SLICE_X39Y225,SLICEL.A5LUT,4'h8
u_dut/t_r[1422]_i_1,LUT6,SLICE_X22Y227,SLICEM.D6LUT,64'hFFAAAAAAEAAAAAAA
u_dut/t_r[1422]_i_2,LUT3,SLICE_X38Y218,SLICEM.B5LUT,8'h80
u_dut/t_r[1423]_i_1,LUT6,SLICE_X24Y216,SLICEL.B6LUT,64'hFEEEAAAA00000000
u_dut/t_r[1424]_i_1,LUT6,SLICE_X32Y218,SLICEL.D6LUT,64'hFFFFFF80FF00FF00
u_dut/t_r[1425]_i_1,LUT6,SLICE_X24Y218,SLICEL.B6LUT,64'hFFFFFF80FF00FF00
u_dut/t_r[1425]_i_2,LUT2,SLICE_X23Y216,SLICEL.A5LUT,4'h8
u_dut/t_r[1425]_i_3,LUT4,SLICE_X31Y218,SLICEL.A5LUT,16'hFF80
u_dut/t_r[1428]_i_1,LUT6,SLICE_X35Y226,SLICEL.C6LUT,64'hFFFFAAAAEAAAAAAA
u_dut/t_r[1428]_i_2,LUT4,SLICE_X38Y226,SLICEM.A5LUT,16'hF0E0
u_dut/t_r[1430]_i_1,LUT6,SLICE_X24Y216,SLICEL.A6LUT,64'hF0C0F08000000000
u_dut/t_r[1431]_i_1,LUT6,SLICE_X25Y218,SLICEL.A6LUT,64'hF0C0F08000000000
u_dut/t_r[1435]_i_1,LUT6,SLICE_X26Y218,SLICEL.C6LUT,64'hFAAAAAAAEAAAAAAA
u_dut/t_r[1435]_i_2,LUT2,SLICE_X36Y227,SLICEL.A6LUT,4'h8
u_dut/t_r[1435]_i_3,LUT2,SLICE_X29Y219,SLICEL.C5LUT,4'h8
u_dut/t_r[1435]_i_4,LUT2,SLICE_X23Y217,SLICEL.D5LUT,4'hE
u_dut/t_r[1436]_i_1,LUT6,SLICE_X38Y215,SLICEM.A6LUT,64'h8080808080808000
u_dut/t_r[1436]_i_2,LUT4,SLICE_X38Y218,SLICEM.A5LUT,16'h8000
u_dut/t_r[1437]_i_1,LUT6,SLICE_X23Y228,SLICEL.A6LUT,64'hFFFF0000FFFE0000
u_dut/t_r[1437]_i_2,LUT5,SLICE_X31Y227,SLICEL.D5LUT,32'hFFFFFFFE
u_dut/t_r[143]_i_1,LUT3,SLICE_X39Y231,SLICEL.B5LUT,8'h80
u_dut/t_r[1441]_i_1,LUT6,SLICE_X37Y221,SLICEL.B6LUT,64'hFFFF0000FEEE0000
u_dut/t_r[1443]_i_1,LUT6,SLICE_X26Y219,SLICEL.D6LUT,64'hFFFEFEFE00000000
u_dut/t_r[1443]_i_2,LUT3,SLICE_X31Y220,SLICEL.A5LUT,8'h80
u_dut/t_r[1443]_i_3,LUT3,SLICE_X35Y220,SLICEL.A5LUT,8'hFE
u_dut/t_r[1444]_i_1,LUT6,SLICE_X36Y219,SLICEL.D6LUT,64'hEAEAEAAA00000000
u_dut/t_r[1445]_i_1,LUT6,SLICE_X36Y219,SLICEL.A6LUT,64'hF0C0F08000000000
u_dut/t_r[1447]_i_1,LUT6,SLICE_X36Y219,SLICEL.B6LUT,64'h8880808080808080
u_dut/t_r[1448]_i_1,LUT3,SLICE_X37Y219,SLICEL.B5LUT,8'hE0
u_dut/t_r[1448]_i_2,LUT6,SLICE_X36Y219,SLICEL.C6LUT,64'h8000000000000000
u_dut/t_r[144]_i_1,LUT5,SLICE_X31Y235,SLICEL.C6LUT,32'hFF00FE00
u_dut/t_r[144]_i_2,LUT6,SLICE_X27Y233,SLICEL.D6LUT,64'h8880808000000000
u_dut/t_r[1450]_i_1,LUT6,SLICE_X30Y228,SLICEL.C6LUT,64'hFFFF0000F8000000
u_dut/t_r[1450]_i_2,LUT2,SLICE_X31Y224,SLICEL.A5LUT,4'hE
u_dut/t_r[1454]_i_1,LUT5,SLICE_X36Y227,SLICEL.A5LUT,32'hF0800000
u_dut/t_r[146]_i_1,LUT6,SLICE_X25Y234,SLICEL.D6LUT,64'hFFFFFFFE00000000
u_dut/t_r[147]_i_1,LUT6,SLICE_X38Y234,SLICEM.A6LUT,64'h8888888080808080
u_dut/t_r[1483]_i_1,LUT6,SLICE_X24Y211,SLICEL.B6LUT,64'hFFFEEEEEEEEEEEEE
u_dut/t_r[1487]_i_1,LUT6,SLICE_X24Y211,SLICEL.C6LUT,64'hFFFEEEEEEEEEEEEE
u_dut/t_r[1487]_i_2,LUT5,SLICE_X24Y211,SLICEL.D6LUT,32'hFF800000
u_dut/t_r[148]_i_1,LUT4,SLICE_X26Y234,SLICEL.A6LUT,16'h8880
u_dut/t_r[1490]_i_1,LUT6,SLICE_X26Y212,SLICEL.D6LUT,64'hAAAAAAAAAAAAAAA8
u_dut/t_r[1491]_i_1,LUT6,SLICE_X30Y212,SLICEL.A6LUT,64'hFFFFFFFEEEEEEEEE
u_dut/t_r[1491]_i_2,LUT3,SLICE_X30Y212,SLICEL.B6LUT,8'h80
u_dut/t_r[1495]_i_1,LUT6,SLICE_X26Y212,SLICEL.A6LUT,64'h8888888888888880
u_dut/t_r[1497]_i_1,LUT5,SLICE_X26Y212,SLICEL.B6LUT,32'h80000000
u_dut/t_r[1499]_i_1,LUT2,SLICE_X26Y213,SLICEL.D6LUT,4'hE
u_dut/t_r[1499]_i_2,LUT6,SLICE_X26Y212,SLICEL.C6LUT,64'h8000000000000000
u_dut/t_r[149]_i_1,LUT6,SLICE_X25Y234,SLICEL.A6LUT,64'hAA88AA80AA80AA80
u_dut/t_r[14]_i_1,LUT6,SLICE_X37Y231,SLICEL.B6LUT,64'h8888888080808080
u_dut/t_r[1506]_i_1,LUT6,SLICE_X25Y213,SLICEL.A6LUT,64'hFEEEAAAA00000000
u_dut/t_r[1507]_i_1,LUT6,SLICE_X24Y213,SLICEL.A6LUT,64'hFCF8F8F800000000
u_dut/t_r[1508]_i_1,LUT5,SLICE_X26Y213,SLICEL.A6LUT,32'hFEEE0000
u_dut/t_r[1509]_i_1,LUT6,SLICE_X27Y211,SLICEL.A6LUT,64'hFFFEFEFEAAAAAAAA
u_dut/t_r[1509]_i_2,LUT3,SLICE_X27Y211,SLICEL.B6LUT,8'hF8
u_dut/t_r[150]_i_1,LUT6,SLICE_X25Y234,SLICEL.B6LUT,64'h8880808080808080
u_dut/t_r[1512]_i_1,LUT6,SLICE_X25Y211,SLICEL.B6LUT,64'hFFFFFEEEAAAAAAAA
u_dut/t_r[1512]_i_2,LUT2,SLICE_X25Y211,SLICEL.C6LUT,4'h8
u_dut/t_r[1513]_i_1,LUT6,SLICE_X26Y214,SLICEL.A6LUT,64'hFFFFFFFF88888000
u_dut/t_r[1519]_i_1,LUT6,SLICE_X26Y214,SLICEL.B6LUT,64'hFFFFFFFF88800000
u_dut/t_r[1519]_i_2,LUT4,SLICE_X27Y210,SLICEL.A6LUT,16'hFCEC
u_dut/t_r[151]_i_1,LUT6,SLICE_X25Y234,SLICEL.C6LUT,64'h8888888888888880
u_dut/t_r[151]_i_2,LUT2,SLICE_X26Y235,SLICEL.A6LUT,4'h8
u_dut/t_r[1522]_i_1,LUT6,SLICE_X27Y213,SLICEL.A6LUT,64'hFFFFFF00FF80FF00
u_dut/t_r[1524]_i_1,LUT6,SLICE_X24Y213,SLICEL.B6LUT,64'hAAAAAAAAAAAAAAA8
u_dut/t_r[1524]_i_2,LUT2,SLICE_X25Y211,SLICEL.C5LUT,4'h8
u_dut/t_r[1527]_i_1,LUT6,SLICE_X27Y213,SLICEL.B6LUT,64'hFFFEF0F0F0F0F0F0
u_dut/t_r[1528]_i_1,LUT6,SLICE_X22Y212,SLICEM.C6LUT,64'hFFF0FFE0FFC0FFC0
u_dut/t_r[152]_i_1,LUT5,SLICE_X26Y234,SLICEL.A5LUT,32'hA8000000
u_dut/t_r[1537]_i_1,LUT6,SLICE_X26Y211,SLICEL.A6LUT,64'hFFF8F0F0F0F0F0F0
u_dut/t_r[153]_i_1,LUT4,SLICE_X26Y234,SLICEL.B6LUT,16'h8000
u_dut/t_r[1540]_i_1,LUT6,SLICE_X24Y213,SLICEL.C6LUT,64'hFE00000000000000
u_dut/t_r[1543]_i_1,LUT5,SLICE_X26Y213,SLICEL.A5LUT,32'h80808000
u_dut/t_r[1545]_i_1,LUT6,SLICE_X24Y213,SLICEL.D6LUT,64'hEA00000000000000
u_dut/t_r[1548]_i_1,LUT3,SLICE_X26Y213,SLICEL.D5LUT,8'hF8
u_dut/t_r[1548]_i_2,LUT6,SLICE_X26Y213,SLICEL.B6LUT,64'h8888888888888880
u_dut/t_r[1548]_i_3,LUT3,SLICE_X26Y213,SLICEL.C6LUT,8'h80
u_dut/t_r[154]_i_1,LUT6,SLICE_X26Y234,SLICEL.C6LUT,64'h8080800080008000
u_dut/t_r[155]_i_1,LUT4,SLICE_X37Y234,SLICEL.B6LUT,16'hF0E0
u_dut/t_r[155]_i_2,LUT6,SLICE_X26Y234,SLICEL.D6LUT,64'h8000000000000000
u_dut/t_r[1563]_i_1,LUT6,SLICE_X26Y214,SLICEL.C6LUT,64'hFFFECCCCFEFECCCC
u_dut/t_r[1568]_i_1,LUT6,SLICE_X23Y212,SLICEL.B6LUT,64'hFCF8F8F800000000
u_dut/t_r[156]_i_1,LUT6,SLICE_X39Y232,SLICEL.D6LUT,64'h8888888888888880
u_dut/t_r[1572]_i_1,LUT6,SLICE_X27Y213,SLICEL.C6LUT,64'hFFFFFFF8F0F0F0F0
u_dut/t_r[1572]_i_2,LUT2,SLICE_X27Y211,SLICEL.C6LUT,4'h8
u_dut/t_r[1573]_i_1,LUT6,SLICE_X28Y212,SLICEL.A6LUT,64'hFFFFFFF8F0F0F0F0
u_dut/t_r[1574]_i_1,LUT6,SLICE_X27Y214,SLICEL.D6LUT,64'h8888888888888880
u_dut/t_r[1576]_i_1,LUT6,SLICE_X27Y214,SLICEL.A6LUT,64'h8080808080808000
u_dut/t_r[157]_i_1,LUT6,SLICE_X39Y232,SLICEL.A6LUT,64'h8888888080808080
u_dut/t_r[1588]_i_1,LUT6,SLICE_X27Y214,SLICEL.B6LUT,64'hA800000000000000
u_dut/t_r[1589]_i_1,LUT4,SLICE_X27Y212,SLICEL.D6LUT,16'hFF80
u_dut/t_r[1589]_i_2,LUT6,SLICE_X27Y214,SLICEL.C6LUT,64'h8000000000000000
u_dut/t_r[158]_i_1,LUT6,SLICE_X36Y234,SLICEL.A6LUT,64'hAA88AA88AA88AA80
u_dut/t_r[1590]_i_1,LUT6,SLICE_X29Y212,SLICEL.A6LUT,64'hAAAAAAAAAAAAAAA8
u_dut/t_r[1590]_i_2,LUT3,SLICE_X30Y212,SLICEL.C6LUT,8'h80
u_dut/t_r[1592]_i_1,LUT6,SLICE_X26Y214,SLICEL.D6LUT,64'hFFFEF0F0F0F0F0F0
u_dut/t_r[1592]_i_2,LUT3,SLICE_X27Y211,SLICEL.B5LUT,8'hE0
u_dut/t_r[1593]_i_1,LUT6,SLICE_X23Y214,SLICEL.B6LUT,64'hFFFEF0F0F0F0F0F0
u_dut/t_r[1593]_i_2,LUT2,SLICE_X30Y212,SLICEL.C5LUT,4'h8
u_dut/t_r[1594]_i_1,LUT6,SLICE_X22Y212,SLICEM.D6LUT,64'hFECCCCCCCCCCCCCC
u_dut/t_r[1594]_i_2,LUT4,SLICE_X28Y212,SLICEL.B6LUT,16'hFFA8
u_dut/t_r[159]_i_1,LUT6,SLICE_X36Y234,SLICEL.B6LUT,64'hA888A888A8888888
u_dut/t_r[159]_i_2,LUT2,SLICE_X36Y234,SLICEL.C6LUT,4'h8
u_dut/t_r[1605]_i_1,LUT5,SLICE_X29Y212,SLICEL.B6LUT,32'hFEEE0000
u_dut/t_r[160]_i_1,LUT3,SLICE_X39Y232,SLICEL.B6LUT,8'h80
u_dut/t_r[1610]_i_1,LUT6,SLICE_X29Y212,SLICEL.C6LUT,64'hA8A8A88800000000
u_dut/t_r[1610]_i_2,LUT4,SLICE_X30Y212,SLICEL.B5LUT,16'h8000
u_dut/t_r[1611]_i_1,LUT6,SLICE_X23Y212,SLICEL.A6LUT,64'h8000000000000000
u_dut/t_r[1613]_i_1,LUT6,SLICE_X29Y212,SLICEL.D6LUT,64'h8000000000000000
u_dut/t_r[1614]_i_1,LUT6,SLICE_X27Y213,SLICEL.D6LUT,64'hFFFFFFFEF0F0F0F0
u_dut/t_r[1616]_i_1,LUT5,SLICE_X27Y212,SLICEL.A6LUT,32'hFFFE0000
u_dut/t_r[1618]_i_1,LUT6,SLICE_X23Y214,SLICEL.C6LUT,64'hFFFFFFFE00000000
u_dut/t_r[1619]_i_1,LUT6,SLICE_X27Y212,SLICEL.C6LUT,64'hFEEEAAAA00000000
u_dut/t_r[1619]_i_2,LUT4,SLICE_X26Y212,SLICEL.B5LUT,16'hFFF8
u_dut/t_r[161]_i_1,LUT5,SLICE_X39Y232,SLICEL.C6LUT,32'hA8000000
u_dut/t_r[1625]_i_1,LUT6,SLICE_X25Y211,SLICEL.D6LUT,64'hFFFE0000FEFE0000
u_dut/t_r[1625]_i_2,LUT3,SLICE_X27Y211,SLICEL.D6LUT,8'hF8
u_dut/t_r[162]_i_1,LUT4,SLICE_X39Y232,SLICEL.B5LUT,16'h8000
u_dut/t_r[1632]_i_1,LUT6,SLICE_X23Y211,SLICEL.A6LUT,64'hFFFFFFFFF0E0E0E0
u_dut/t_r[1632]_i_2,LUT6,SLICE_X23Y211,SLICEL.C6LUT,64'h8880808080808080
u_dut/t_r[1635]_i_1,LUT3,SLICE_X27Y212,SLICEL.A5LUT,8'h80
u_dut/t_r[1638]_i_1,LUT5,SLICE_X27Y211,SLICEL.D5LUT,32'hFAEAAAAA
u_dut/t_r[1639]_i_1,LUT3,SLICE_X27Y212,SLICEL.D5LUT,8'hE0
u_dut/t_r[1639]_i_2,LUT6,SLICE_X27Y212,SLICEL.B6LUT,64'h8000000000000000
u_dut/t_r[163]_i_1,LUT5,SLICE_X36Y234,SLICEL.D6LUT,32'hFF00F800
u_dut/t_r[163]_i_2,LUT5,SLICE_X39Y232,SLICEL.C5LUT,32'h80000000
u_dut/t_r[1640]_i_1,LUT6,SLICE_X23Y214,SLICEL.D6LUT,64'hFFFE0000AAAA0000
u_dut/t_r[1640]_i_2,LUT2,SLICE_X26Y213,SLICEL.C5LUT,4'hE
u_dut/t_r[1640]_i_3,LUT2,SLICE_X27Y211,SLICEL.C5LUT,4'hE
u_dut/t_r[1643]_i_1,LUT6,SLICE_X28Y212,SLICEL.C6LUT,64'hFF00AA00FE00AA00
u_dut/t_r[1643]_i_2,LUT4,SLICE_X29Y212,SLICEL.B5LUT,16'h8000
u_dut/t_r[1644]_i_1,LUT6,SLICE_X23Y211,SLICEL.B6LUT,64'hFEAA0000EEAA0000
u_dut/t_r[1644]_i_2,LUT5,SLICE_X24Y211,SLICEL.D5LUT,32'hFFFECCCC
u_dut/t_r[164]_i_1,LUT3,SLICE_X35Y235,SLICEL.A6LUT,8'h80
u_dut/t_r[1651]_i_1,LUT4,SLICE_X27Y210,SLICEL.A5LUT,16'hE000
u_dut/t_r[1651]_i_2,LUT6,SLICE_X27Y210,SLICEL.B6LUT,64'hFFFFFFF0FFF8FFF0
u_dut/t_r[1652]_i_1,LUT6,SLICE_X28Y212,SLICEL.D6LUT,64'hFEEE000000000000
u_dut/t_r[1652]_i_2,LUT4,SLICE_X28Y212,SLICEL.B5LUT,16'hFE00
u_dut/t_r[165]_i_1,LUT6,SLICE_X34Y235,SLICEL.D6LUT,64'h8080808080808000
u_dut/t_r[166]_i_1,LUT5,SLICE_X26Y235,SLICEL.A5LUT,32'h80808000
u_dut/t_r[1672]_i_1,LUT6,SLICE_X30Y215,SLICEL.B6LUT,64'hFEFEFEFEFEEEEEEE
u_dut/t_r[167]_i_1,LUT6,SLICE_X26Y235,SLICEL.B6LUT,64'h8080800080008000
u_dut/t_r[168]_i_1,LUT6,SLICE_X34Y235,SLICEL.A6LUT,64'hAAAAAAA800000000
u_dut/t_r[1693]_i_1,LUT6,SLICE_X38Y217,SLICEM.A6LUT,64'hFFFFFFF8FF00FF00
u_dut/t_r[1693]_i_2,LUT4,SLICE_X38Y216,SLICEM.A6LUT,16'hFEEE
u_dut/t_r[169]_i_1,LUT6,SLICE_X34Y235,SLICEL.B6LUT,64'hA080A080A0808080
u_dut/t_r[16]_i_1,LUT6,SLICE_X23Y229,SLICEL.A6LUT,64'h8880808080808080
u_dut/t_r[1704]_i_1,LUT6,SLICE_X34Y215,SLICEL.A6LUT,64'hFFFFFFF8FF00FF00
u_dut/t_r[1708]_i_1,LUT6,SLICE_X37Y216,SLICEL.A6LUT,64'hFFCCFFC8FFC0FFC0
u_dut/t_r[1709]_i_1,LUT6,SLICE_X32Y215,SLICEL.B6LUT,64'hFFFFFFFFC8000000
u_dut/t_r[1709]_i_2,LUT5,SLICE_X34Y215,SLICEL.B6LUT,32'hFFF8F0F0
u_dut/t_r[170]_i_1,LUT6,SLICE_X34Y235,SLICEL.C6LUT,64'h8000800080000000
u_dut/t_r[1710]_i_1,LUT6,SLICE_X39Y217,SLICEL.A6LUT,64'hFFCCFFC8FFC0FFC0
u_dut/t_r[171]_i_1,LUT3,SLICE_X32Y235,SLICEL.D6LUT,8'hC8
u_dut/t_r[171]_i_2,LUT6,SLICE_X30Y236,SLICEL.A6LUT,64'h8000000000000000
u_dut/t_r[1721]_i_1,LUT6,SLICE_X36Y218,SLICEL.B6LUT,64'hFFFFCCCCFFFECCCC
u_dut/t_r[1721]_i_2,LUT2,SLICE_X36Y217,SLICEL.A6LUT,4'hE
u_dut/t_r[1723]_i_1,LUT5,SLICE_X38Y212,SLICEM.A6LUT,32'hFE000000
u_dut/t_r[1725]_i_1,LUT6,SLICE_X30Y218,SLICEL.D6LUT,64'hFFF8000000000000
u_dut/t_r[1727]_i_1,LUT6,SLICE_X30Y213,SLICEL.A6LUT,64'hFFF0F0F0F8F0F0F0
u_dut/t_r[1727]_i_2,LUT5,SLICE_X30Y213,SLICEL.B6LUT,32'hFFFFFFFE
u_dut/t_r[172]_i_1,LUT6,SLICE_X35Y234,SLICEL.D6LUT,64'hFFFEFEFE00000000
u_dut/t_r[1733]_i_1,LUT6,SLICE_X36Y217,SLICEL.B6LUT,64'hFFFFFF00FF80FF00
u_dut/t_r[1733]_i_2,LUT3,SLICE_X38Y217,SLICEM.B6LUT,8'hF8
u_dut/t_r[1734]_i_1,LUT6,SLICE_X36Y218,SLICEL.C6LUT,64'hFFFFFF00FF80FF00
u_dut/t_r[1734]_i_2,LUT2,SLICE_X35Y217,SLICEL.D6LUT,4'h8
u_dut/t_r[1736]_i_1,LUT6,SLICE_X34Y218,SLICEL.C6LUT,64'hFFAAAAAAEAAAAAAA
u_dut/t_r[1739]_i_1,LUT6,SLICE_X30Y218,SLICEL.A6LUT,64'hA8A8A88800000000
u_dut/t_r[1742]_i_1,LUT6,SLICE_X30Y218,SLICEL.B6LUT,64'hAAAAAAAAAAAAAAA8
u_dut/t_r[1743]_i_1,LUT5,SLICE_X38Y212,SLICEM.B6LUT,32'hFFF80000
u_dut/t_r[1744]_i_1,LUT6,SLICE_X28Y217,SLICEL.A6LUT,64'hFAFAFAEAEAEAEAEA
u_dut/t_r[1746]_i_1,LUT6,SLICE_X34Y218,SLICEL.D6LUT,64'hFFAAFEAAAAAAAAAA
u_dut/t_r[1746]_i_2,LUT4,SLICE_X38Y212,SLICEM.A5LUT,16'h8000
u_dut/t_r[1748]_i_1,LUT6,SLICE_X30Y218,SLICEL.C6LUT,64'h8888800000000000
u_dut/t_r[174]_i_1,LUT6,SLICE_X35Y234,SLICEL.A6LUT,64'hEAEAEAAA00000000
u_dut/t_r[1752]_i_1,LUT6,SLICE_X28Y217,SLICEL.B6LUT,64'hFFAAFEAAFEAAFEAA
u_dut/t_r[1754]_i_1,LUT6,SLICE_X36Y216,SLICEL.A6LUT,64'hF0F0F0F0F0F0F0E0
u_dut/t_r[1756]_i_1,LUT6,SLICE_X34Y217,SLICEL.A6LUT,64'hFFFFFFF8F0F0F0F0
u_dut/t_r[1757]_i_1,LUT6,SLICE_X30Y217,SLICEL.B6LUT,64'hAAAAAAAAAAAAAAA8
u_dut/t_r[1758]_i_1,LUT6,SLICE_X34Y217,SLICEL.B6LUT,64'hFFAAAAAAFEAAAAAA
u_dut/t_r[175]_i_1,LUT6,SLICE_X35Y234,SLICEL.B6LUT,64'hAAAAAA8000000000
u_dut/t_r[1760]_i_1,LUT6,SLICE_X29Y217,SLICEL.A6LUT,64'hA888A888A8888888
u_dut/t_r[1761]_i_1,LUT6,SLICE_X29Y217,SLICEL.B6LUT,64'hAAAAAAA800000000
u_dut/t_r[1762]_i_1,LUT6,SLICE_X29Y217,SLICEL.C6LUT,64'hC8C8C88800000000
u_dut/t_r[1762]_i_2,LUT2,SLICE_X30Y215,SLICEL.C6LUT,4'h8
u_dut/t_r[1763]_i_1,LUT6,SLICE_X29Y217,SLICEL.D6LUT,64'hFE00000000000000
u_dut/t_r[1764]_i_1,LUT4,SLICE_X35Y217,SLICEL.D5LUT,16'hF0E0
u_dut/t_r[1764]_i_2,LUT6,SLICE_X30Y217,SLICEL.A6LUT,64'h8000800080000000
u_dut/t_r[1765]_i_1,LUT6,SLICE_X30Y216,SLICEL.D6LUT,64'hFFFEAAAA00000000
u_dut/t_r[1766]_i_1,LUT6,SLICE_X30Y216,SLICEL.A6LUT,64'hFF00FE0000000000
u_dut/t_r[1768]_i_1,LUT6,SLICE_X28Y215,SLICEL.B6LUT,64'hFFFEEEEE00000000
u_dut/t_r[1769]_i_1,LUT6,SLICE_X39Y216,SLICEL.A6LUT,64'hFFFEEEEE00000000
u_dut/t_r[176]_i_1,LUT4,SLICE_X37Y234,SLICEL.A6LUT,16'h8000
u_dut/t_r[1770]_i_1,LUT6,SLICE_X28Y214,SLICEL.A6LUT,64'hA8A8A88800000000
u_dut/t_r[1774]_i_1,LUT6,SLICE_X28Y214,SLICEL.B6LUT,64'hFFFEFEFE00000000
u_dut/t_r[1777]_i_1,LUT6,SLICE_X28Y215,SLICEL.C6LUT,64'hFAEAEAEAEAEAEAEA
u_dut/t_r[1777]_i_2,LUT3,SLICE_X31Y215,SLICEL.A6LUT,8'h80
u_dut/t_r[1778]_i_1,LUT6,SLICE_X28Y214,SLICEL.C6LUT,64'hAAAAAAA800000000
u_dut/t_r[1779]_i_1,LUT6,SLICE_X30Y216,SLICEL.B6LUT,64'hA800000000000000
u_dut/t_r[177]_i_1,LUT5,SLICE_X37Y234,SLICEL.B5LUT,32'hFF00E000
u_dut/t_r[177]_i_2,LUT6,SLICE_X35Y234,SLICEL.C6LUT,64'hE000000000000000
u_dut/t_r[177]_i_3,LUT2,SLICE_X26Y234,SLICEL.B5LUT,4'h8
u_dut/t_r[1780]_i_1,LUT5,SLICE_X38Y216,SLICEM.A5LUT,32'h80000000
u_dut/t_r[1781]_i_1,LUT3,SLICE_X37Y215,SLICEL.A6LUT,8'hC8
u_dut/t_r[1781]_i_2,LUT6,SLICE_X30Y216,SLICEL.C6LUT,64'h8888800000000000
u_dut/t_r[1783]_i_1,LUT6,SLICE_X36Y217,SLICEL.C6LUT,64'hFFFFFFFECCCCCCCC
u_dut/t_r[1783]_i_2,LUT2,SLICE_X36Y217,SLICEL.D6LUT,4'hE
u_dut/t_r[1784]_i_1,LUT6,SLICE_X32Y217,SLICEL.B6LUT,64'hFFFFAAAAFFFEAAAA
u_dut/t_r[1787]_i_1,LUT6,SLICE_X32Y217,SLICEL.C6LUT,64'hFFFEAAAAFEFEAAAA
u_dut/t_r[1789]_i_1,LUT6,SLICE_X32Y216,SLICEL.D6LUT,64'hFEFEFEEE00000000
u_dut/t_r[178]_i_1,LUT6,SLICE_X33Y235,SLICEL.D6LUT,64'h8080800080008000
u_dut/t_r[1792]_i_1,LUT4,SLICE_X31Y215,SLICEL.A5LUT,16'hE000
u_dut/t_r[1794]_i_1,LUT6,SLICE_X32Y217,SLICEL.D6LUT,64'hFFFFFFFFFE000000
u_dut/t_r[1794]_i_2,LUT4,SLICE_X32Y215,SLICEL.C6LUT,16'hF080
u_dut/t_r[1797]_i_1,LUT6,SLICE_X39Y216,SLICEL.B6LUT,64'hFF00F000F800F000
u_dut/t_r[1797]_i_2,LUT5,SLICE_X38Y216,SLICEM.B6LUT,32'hFFFE0000
u_dut/t_r[1799]_i_1,LUT6,SLICE_X29Y218,SLICEL.B6LUT,64'hFF00F000F800F000
u_dut/t_r[179]_i_1,LUT4,SLICE_X33Y235,SLICEL.A6LUT,16'h8000
u_dut/t_r[17]_i_1,LUT6,SLICE_X23Y229,SLICEL.B6LUT,64'h8080808080808000
u_dut/t_r[1803]_i_1,LUT6,SLICE_X33Y217,SLICEL.A6LUT,64'hFFFFAAAAEAAAAAAA
u_dut/t_r[1803]_i_2,LUT4,SLICE_X37Y216,SLICEL.B6LUT,16'hFE00
u_dut/t_r[1804]_i_1,LUT6,SLICE_X34Y215,SLICEL.C6LUT,64'hFEAAAAAAEEAAAAAA
u_dut/t_r[1804]_i_2,LUT5,SLICE_X34Y215,SLICEL.B5LUT,32'hFF008000
u_dut/t_r[1804]_i_3,LUT3,SLICE_X34Y215,SLICEL.D6LUT,8'hFE
u_dut/t_r[1806]_i_1,LUT5,SLICE_X31Y215,SLICEL.B6LUT,32'h80808000
u_dut/t_r[1807]_i_1,LUT6,SLICE_X31Y215,SLICEL.C6LUT,64'hA8A8A88800000000
u_dut/t_r[1808]_i_1,LUT6,SLICE_X29Y218,SLICEL.C6LUT,64'hF0E0C0C0C0C0C0C0
u_dut/t_r[180]_i_1,LUT4,SLICE_X33Y235,SLICEL.A5LUT,16'h8000
u_dut/t_r[1810]_i_1,LUT6,SLICE_X33Y217,SLICEL.B6LUT,64'hFFF8F0F0F0F0F0F0
u_dut/t_r[1810]_i_2,LUT2,SLICE_X36Y216,SLICEL.B6LUT,4'h8
u_dut/t_r[1811]_i_1,LUT6,SLICE_X32Y216,SLICEL.A6LUT,64'hFFFEFEFE00000000
u_dut/t_r[1811]_i_2,LUT4,SLICE_X31Y215,SLICEL.B5LUT,16'h8000
u_dut/t_r[1812]_i_1,LUT6,SLICE_X32Y216,SLICEL.B6LUT,64'hFE00000000000000
u_dut/t_r[1816]_i_1,LUT2,SLICE_X37Y215,SLICEL.A5LUT,4'h8
u_dut/t_r[1816]_i_2,LUT6,SLICE_X32Y216,SLICEL.C6LUT,64'hC800000000000000
u_dut/t_r[181]_i_1,LUT6,SLICE_X33Y235,SLICEL.B6LUT,64'h8800800080008000
u_dut/t_r[1821]_i_1,LUT6,SLICE_X35Y217,SLICEL.A6LUT,64'hFFAAFFAAFFAAEAAA
u_dut/t_r[1821]_i_2,LUT2,SLICE_X36Y217,SLICEL.A5LUT,4'hE
u_dut/t_r[1824]_i_1,LUT6,SLICE_X36Y218,SLICEL.D6LUT,64'hFF00FE0000000000
u_dut/t_r[1824]_i_2,LUT2,SLICE_X36Y217,SLICEL.D5LUT,4'h8
u_dut/t_r[1827]_i_1,LUT6,SLICE_X30Y215,SLICEL.D6LUT,64'hFFFFFFFFAAA8A8A8
u_dut/t_r[1827]_i_2,LUT3,SLICE_X30Y215,SLICEL.C5LUT,8'h80
u_dut/t_r[1829]_i_1,LUT6,SLICE_X32Y215,SLICEL.D6LUT,64'hFAAAEAAAEAAAEAAA
u_dut/t_r[1829]_i_2,LUT4,SLICE_X32Y215,SLICEL.C5LUT,16'hC800
u_dut/t_r[1829]_i_3,LUT3,SLICE_X38Y216,SLICEM.B5LUT,8'h80
u_dut/t_r[182]_i_1,LUT4,SLICE_X32Y235,SLICEL.D5LUT,16'hF080
u_dut/t_r[182]_i_2,LUT6,SLICE_X33Y235,SLICEL.C6LUT,64'h8000000000000000
u_dut/t_r[1830]_i_1,LUT6,SLICE_X37Y217,SLICEL.A6LUT,64'hF0F00000F0800000
u_dut/t_r[1830]_i_2,LUT3,SLICE_X38Y212,SLICEM.B5LUT,8'hE0
u_dut/t_r[1831]_i_1,LUT6,SLICE_X39Y217,SLICEL.B6LUT,64'hF0F00000F0800000
u_dut/t_r[1835]_i_1,LUT6,SLICE_X30Y213,SLICEL.C6LUT,64'hFE000000AA000000
u_dut/t_r[1836]_i_1,LUT6,SLICE_X37Y216,SLICEL.C6LUT,64'hFFFFAAAAEAAAAAAA
u_dut/t_r[1836]_i_2,LUT5,SLICE_X37Y216,SLICEL.B5LUT,32'hFFE00000
u_dut/t_r[1837]_i_1,LUT6,SLICE_X39Y216,SLICEL.C6LUT,64'hF000A000E000A000
u_dut/t_r[1837]_i_2,LUT5,SLICE_X39Y217,SLICEL.C6LUT,32'hFF008000
u_dut/t_r[183]_i_1,LUT6,SLICE_X32Y235,SLICEL.C6LUT,64'h8080800080008000
u_dut/t_r[183]_i_2,LUT3,SLICE_X32Y236,SLICEL.B6LUT,8'hFE
u_dut/t_r[1841]_i_1,LUT6,SLICE_X29Y215,SLICEL.A6LUT,64'hFF00800000000000
u_dut/t_r[1841]_i_2,LUT5,SLICE_X30Y213,SLICEL.B5LUT,32'hFFFFE000
u_dut/t_r[1843]_i_1,LUT6,SLICE_X39Y217,SLICEL.D6LUT,64'hFF00800000000000
u_dut/t_r[1843]_i_2,LUT5,SLICE_X39Y217,SLICEL.C5LUT,32'h88888880
u_dut/t_r[1845]_i_1,LUT6,SLICE_X34Y217,SLICEL.C6LUT,64'hFFFF0000FFFE0000
u_dut/t_r[1845]_i_2,LUT2,SLICE_X38Y217,SLICEM.B5LUT,4'h8
u_dut/t_r[1846]_i_1,LUT6,SLICE_X34Y217,SLICEL.D6LUT,64'hFF00FE00FE00FE00
u_dut/t_r[1846]_i_2,LUT3,SLICE_X34Y215,SLICEL.D5LUT,8'hE0
u_dut/t_r[1849]_i_1,LUT6,SLICE_X37Y216,SLICEL.D6LUT,64'hFFFFFE0000000000
u_dut/t_r[1849]_i_2,LUT3,SLICE_X36Y216,SLICEL.B5LUT,8'h80
u_dut/t_r[184]_i_1,LUT6,SLICE_X31Y235,SLICEL.A6LUT,64'h8888808088888000
u_dut/t_r[1859]_i_1,LUT6,SLICE_X10Y222,SLICEM.D6LUT,64'hFFFFFFFE00000000
u_dut/t_r[185]_i_1,LUT6,SLICE_X31Y235,SLICEL.B6LUT,64'h8080808080808000
u_dut/t_r[1862]_i_1,LUT6,SLICE_X12Y228,SLICEM.D6LUT,64'hFFFEFEFEAAAAAAAA
u_dut/t_r[1864]_i_1,LUT6,SLICE_X11Y228,SLICEL.B6LUT,64'hFFFFFFF8FFF0FFF0
u_dut/t_r[1866]_i_1,LUT6,SLICE_X6Y230,SLICEM.D6LUT,64'hFEEEEEEEAAAAAAAA
u_dut/t_r[1869]_i_1,LUT6,SLICE_X14Y223,SLICEM.C6LUT,64'hFFFFFF80FF00FF00
u_dut/t_r[186]_i_1,LUT5,SLICE_X31Y235,SLICEL.C5LUT,32'hFF008000
u_dut/t_r[186]_i_2,LUT4,SLICE_X32Y235,SLICEL.A5LUT,16'h8000
u_dut/t_r[186]_i_3,LUT5,SLICE_X32Y235,SLICEL.B6LUT,32'hFE000000
u_dut/t_r[1870]_i_1,LUT6,SLICE_X13Y230,SLICEL.C6LUT,64'hFFFFFF80FF00FF00
u_dut/t_r[1871]_i_1,LUT6,SLICE_X10Y221,SLICEM.A6LUT,64'hFFFFAAAAEEEAAAAA
u_dut/t_r[1874]_i_1,LUT6,SLICE_X10Y221,SLICEM.B6LUT,64'hFEEEEEEEAAAAAAAA
u_dut/t_r[1877]_i_1,LUT5,SLICE_X5Y231,SLICEL.A6LUT,32'hC8880000
u_dut/t_r[1878]_i_1,LUT6,SLICE_X13Y230,SLICEL.D6LUT,64'hFEAAEEAAAAAAAAAA
u_dut/t_r[187]_i_1,LUT5,SLICE_X31Y237,SLICEL.A6LUT,32'h80000000
u_dut/t_r[187]_i_2,LUT4,SLICE_X31Y237,SLICEL.B6LUT,16'hFFFE
u_dut/t_r[1884]_i_1,LUT4,SLICE_X5Y224,SLICEL.B6LUT,16'h8000
u_dut/t_r[1885]_i_1,LUT6,SLICE_X5Y231,SLICEL.B6LUT,64'h8080000080000000
u_dut/t_r[1886]_i_1,LUT6,SLICE_X11Y227,SLICEL.D6LUT,64'hFAAAEAAAAAAAAAAA
u_dut/t_r[1887]_i_1,LUT6,SLICE_X10Y222,SLICEM.A6LUT,64'h8000000000000000
u_dut/t_r[1888]_i_1,LUT2,SLICE_X8Y231,SLICEM.C6LUT,4'hE
u_dut/t_r[1888]_i_2,LUT6,SLICE_X10Y222,SLICEM.B6LUT,64'h8000000000000000
u_dut/t_r[188]_i_1,LUT5,SLICE_X35Y235,SLICEL.A5LUT,32'h80000000
u_dut/t_r[1890]_i_1,LUT6,SLICE_X9Y221,SLICEL.C6LUT,64'hFFFFFFE0FF00FF00
u_dut/t_r[1891]_i_1,LUT5,SLICE_X11Y221,SLICEL.A6LUT,32'hFFFE0000
u_dut/t_r[1892]_i_1,LUT6,SLICE_X6Y219,SLICEM.A6LUT,64'hFFFEFEFE00000000
u_dut/t_r[1893]_i_1,LUT6,SLICE_X8Y225,SLICEM.A6LUT,64'hFFFEFEFE00000000
u_dut/t_r[1894]_i_1,LUT6,SLICE_X13Y226,SLICEL.B6LUT,64'hFFFFFFC8FF00FF00
u_dut/t_r[1895]_i_1,LUT6,SLICE_X13Y231,SLICEL.B6LUT,64'hFFFFFFC8FF00FF00
u_dut/t_r[1897]_i_1,LUT6,SLICE_X4Y231,SLICEL.B6LUT,64'hFFFFFFF8F0F0F0F0
u_dut/t_r[1898]_i_1,LUT3,SLICE_X11Y221,SLICEL.B6LUT,8'hE0
u_dut/t_r[189]_i_1,LUT6,SLICE_X31Y237,SLICEL.C6LUT,64'hA800000000000000
u_dut/t_r[189]_i_2,LUT2,SLICE_X36Y234,SLICEL.C5LUT,4'h8
u_dut/t_r[18]_i_1,LUT6,SLICE_X24Y235,SLICEL.A6LUT,64'h8800800080008000
u_dut/t_r[18]_i_2,LUT2,SLICE_X24Y235,SLICEL.D6LUT,4'h8
u_dut/t_r[1902]_i_1,LUT6,SLICE_X8Y225,SLICEM.B6LUT,64'hEAEAEAAA00000000
u_dut/t_r[1904]_i_1,LUT6,SLICE_X14Y229,SLICEM.D6LUT,64'hFFFFF0F0FFFFF080
u_dut/t_r[1905]_i_1,LUT6,SLICE_X13Y231,SLICEL.C6LUT,64'hFFFFFF80FF00FF00
u_dut/t_r[1906]_i_1,LUT6,SLICE_X14Y221,SLICEM.D6LUT,64'hFFFFFF80FF00FF00
u_dut/t_r[1908]_i_1,LUT6,SLICE_X4Y231,SLICEL.C6LUT,64'hFFFFAAAAEEEAAAAA
u_dut/t_r[190]_i_1,LUT2,SLICE_X32Y236,SLICEL.D6LUT,4'h8
u_dut/t_r[190]_i_2,LUT6,SLICE_X32Y237,SLICEL.A6LUT,64'h8000000000000000
u_dut/t_r[190]_i_3,LUT3,SLICE_X32Y236,SLICEL.B5LUT,8'h80
u_dut/t_r[1910]_i_1,LUT6,SLICE_X11Y230,SLICEL.B6LUT,64'hFFFFFF80FF00FF00
u_dut/t_r[1911]_i_1,LUT6,SLICE_X8Y228,SLICEM.D6LUT,64'hFFFFFF80FF00FF00
u_dut/t_r[1912]_i_1,LUT4,SLICE_X4Y222,SLICEL.A6LUT,16'hC800
u_dut/t_r[1914]_i_1,LUT6,SLICE_X11Y231,SLICEL.B6LUT,64'hFFFFAAAAEAAAAAAA
u_dut/t_r[1916]_i_1,LUT6,SLICE_X10Y221,SLICEM.C6LUT,64'hFAAAEAAAEAAAEAAA
u_dut/t_r[1917]_i_1,LUT6,SLICE_X8Y225,SLICEM.C6LUT,64'hFFFE000000000000
u_dut/t_r[1918]_i_1,LUT6,SLICE_X4Y222,SLICEL.B6LUT,64'hFFFEFEFEAAAAAAAA
u_dut/t_r[1918]_i_2,LUT3,SLICE_X4Y222,SLICEL.A5LUT,8'h80
u_dut/t_r[191]_i_1,LUT6,SLICE_X32Y234,SLICEL.C6LUT,64'hCC00CC00CC00C800
u_dut/t_r[191]_i_2,LUT5,SLICE_X32Y235,SLICEL.B5LUT,32'hFFFEF0F0
u_dut/t_r[1922]_i_1,LUT6,SLICE_X8Y231,SLICEM.A6LUT,64'h8080000080000000
u_dut/t_r[1924]_i_1,LUT6,SLICE_X8Y231,SLICEM.B6LUT,64'h8000000000000000
u_dut/t_r[1925]_i_1,LUT3,SLICE_X8Y231,SLICEM.C5LUT,8'hF8
u_dut/t_r[1925]_i_2,LUT6,SLICE_X11Y221,SLICEL.C6LUT,64'h8000000000000000
u_dut/t_r[1926]_i_1,LUT6,SLICE_X9Y229,SLICEL.D6LUT,64'hFFFFFFFE00000000
u_dut/t_r[1927]_i_1,LUT6,SLICE_X9Y229,SLICEL.A6LUT,64'hFFFFFFFE00000000
u_dut/t_r[1929]_i_1,LUT6,SLICE_X5Y224,SLICEL.C6LUT,64'hFAEAEAEAEAEAEAEA
u_dut/t_r[1929]_i_2,LUT3,SLICE_X5Y224,SLICEL.B5LUT,8'hFE
u_dut/t_r[192]_i_1,LUT6,SLICE_X35Y235,SLICEL.B6LUT,64'hCC00CC00CC00C800
u_dut/t_r[192]_i_2,LUT3,SLICE_X35Y235,SLICEL.C6LUT,8'hE0
u_dut/t_r[1935]_i_1,LUT6,SLICE_X9Y225,SLICEL.B6LUT,64'hFFFECCCCEEEECCCC
u_dut/t_r[1935]_i_2,LUT2,SLICE_X9Y225,SLICEL.C6LUT,4'hE
u_dut/t_r[1936]_i_1,LUT6,SLICE_X5Y230,SLICEL.B6LUT,64'hFE00000000000000
u_dut/t_r[1937]_i_1,LUT6,SLICE_X5Y225,SLICEL.A6LUT,64'hFFFFFF80FF00FF00
u_dut/t_r[1938]_i_1,LUT6,SLICE_X8Y230,SLICEM.D6LUT,64'hFFFFFF80FF00FF00
u_dut/t_r[1939]_i_1,LUT6,SLICE_X4Y230,SLICEL.A6LUT,64'hCCC8000000000000
u_dut/t_r[193]_i_1,LUT6,SLICE_X34Y230,SLICEL.C6LUT,64'hF0F00000F0800000
u_dut/t_r[193]_i_2,LUT5,SLICE_X34Y230,SLICEL.D6LUT,32'hFFFFFFFE
u_dut/t_r[1940]_i_1,LUT6,SLICE_X4Y230,SLICEL.B6LUT,64'hC888000000000000
u_dut/t_r[1941]_i_1,LUT4,SLICE_X4Y230,SLICEL.C6LUT,16'hFF80
u_dut/t_r[1941]_i_2,LUT6,SLICE_X5Y230,SLICEL.A6LUT,64'hE000000000000000
u_dut/t_r[1943]_i_1,LUT6,SLICE_X10Y230,SLICEM.C6LUT,64'hFFF8F0F0F0F0F0F0
u_dut/t_r[1944]_i_1,LUT6,SLICE_X10Y221,SLICEM.D6LUT,64'hFFF8F0F0F0F0F0F0
u_dut/t_r[1945]_i_1,LUT6,SLICE_X13Y215,SLICEL.A6LUT,64'hCCC8000000000000
u_dut/t_r[1946]_i_1,LUT6,SLICE_X11Y230,SLICEL.C6LUT,64'hFAEAEAEAEAEAEAEA
u_dut/t_r[1948]_i_1,LUT6,SLICE_X11Y230,SLICEL.D6LUT,64'hFFFFFF80FF00FF00
u_dut/t_r[1949]_i_1,LUT6,SLICE_X11Y231,SLICEL.C6LUT,64'hFFFFFF80FF00FF00
u_dut/t_r[194]_i_1,LUT6,SLICE_X33Y236,SLICEL.A6LUT,64'hF0F00000F0800000
u_dut/t_r[194]_i_2,LUT5,SLICE_X33Y236,SLICEL.B6LUT,32'hFFFF8000
u_dut/t_r[1950]_i_1,LUT6,SLICE_X8Y226,SLICEM.D6LUT,64'hFAAAEAAAEAAAEAAA
u_dut/t_r[1951]_i_1,LUT6,SLICE_X9Y231,SLICEL.D6LUT,64'hFAAAEAAAEAAAEAAA
u_dut/t_r[1951]_i_2,LUT2,SLICE_X4Y227,SLICEL.B6LUT,4'h8
u_dut/t_r[1952]_i_1,LUT6,SLICE_X9Y229,SLICEL.B6LUT,64'hFFFE000000000000
u_dut/t_r[1953]_i_1,LUT6,SLICE_X6Y223,SLICEM.A6LUT,64'hAAAAAAA8A8A8A8A8
u_dut/t_r[1953]_i_2,LUT4,SLICE_X6Y223,SLICEM.B6LUT,16'h8000
u_dut/t_r[1956]_i_1,LUT5,SLICE_X6Y223,SLICEM.B5LUT,32'h80000000
u_dut/t_r[1957]_i_1,LUT6,SLICE_X9Y229,SLICEL.C6LUT,64'h8080000080000000
u_dut/t_r[195]_i_1,LUT6,SLICE_X41Y228,SLICEL.B6LUT,64'hF0F00000F0800000
u_dut/t_r[195]_i_2,LUT5,SLICE_X39Y228,SLICEL.A6LUT,32'h80000000
u_dut/t_r[1961]_i_1,LUT6,SLICE_X9Y222,SLICEL.B6LUT,64'hFFFF0000FFFE0000
u_dut/t_r[1963]_i_1,LUT6,SLICE_X13Y228,SLICEL.B6LUT,64'hFFFEFEFE00000000
u_dut/t_r[1964]_i_1,LUT6,SLICE_X7Y227,SLICEL.A6LUT,64'hFFFEFEFE00000000
u_dut/t_r[1968]_i_1,LUT6,SLICE_X13Y226,SLICEL.C6LUT,64'hFFFFFFF8F0F0F0F0
u_dut/t_r[1969]_i_1,LUT6,SLICE_X10Y230,SLICEM.D6LUT,64'hFFFFFFF8F0F0F0F0
u_dut/t_r[196]_i_1,LUT6,SLICE_X31Y236,SLICEL.B6LUT,64'hFEAAEEAAAAAAAAAA
u_dut/t_r[196]_i_2,LUT3,SLICE_X31Y234,SLICEL.B6LUT,8'h80
u_dut/t_r[196]_i_3,LUT4,SLICE_X31Y237,SLICEL.B5LUT,16'hFFFE
u_dut/t_r[1971]_i_1,LUT6,SLICE_X11Y228,SLICEL.C6LUT,64'hFFFEFEFE00000000
u_dut/t_r[1971]_i_2,LUT5,SLICE_X10Y227,SLICEM.A6LUT,32'hFFFFFFA8
u_dut/t_r[1974]_i_1,LUT6,SLICE_X10Y223,SLICEM.D6LUT,64'hFEEEEEEEAAAAAAAA
u_dut/t_r[1977]_i_1,LUT6,SLICE_X12Y221,SLICEM.A6LUT,64'hFEAAEEAAEEAAEEAA
u_dut/t_r[197]_i_1,LUT6,SLICE_X37Y230,SLICEL.D6LUT,64'hFF00800000000000
u_dut/t_r[197]_i_2,LUT2,SLICE_X37Y234,SLICEL.A5LUT,4'hE
u_dut/t_r[1981]_i_1,LUT6,SLICE_X6Y228,SLICEM.D6LUT,64'hFFFF0000FEEE0000
u_dut/t_r[1982]_i_1,LUT6,SLICE_X11Y222,SLICEL.A6LUT,64'hFEAAEEAAEEAAEEAA
u_dut/t_r[1985]_i_1,LUT6,SLICE_X11Y228,SLICEL.D6LUT,64'hFFFFAAAAEAAAAAAA
u_dut/t_r[1987]_i_1,LUT6,SLICE_X13Y231,SLICEL.D6LUT,64'hFAAAEAAAEAAAEAAA
u_dut/t_r[1989]_i_1,LUT6,SLICE_X7Y227,SLICEL.B6LUT,64'hFE00000000000000
u_dut/t_r[198]_i_1,LUT6,SLICE_X26Y210,SLICEL.C6LUT,64'hFE00000000000000
u_dut/t_r[198]_i_2,LUT5,SLICE_X26Y210,SLICEL.B5LUT,32'hFFFFFFA8
u_dut/t_r[1990]_i_1,LUT3,SLICE_X4Y230,SLICEL.C5LUT,8'hC8
u_dut/t_r[1990]_i_2,LUT6,SLICE_X7Y227,SLICEL.C6LUT,64'hFE00000000000000
u_dut/t_r[1991]_i_1,LUT6,SLICE_X7Y229,SLICEL.C6LUT,64'hFAFAFAEAEAEAEAEA
u_dut/t_r[1991]_i_2,LUT3,SLICE_X7Y229,SLICEL.D6LUT,8'h80
u_dut/t_r[1993]_i_1,LUT6,SLICE_X13Y226,SLICEL.D6LUT,64'hFAAAEAAAAAAAAAAA
u_dut/t_r[1993]_i_2,LUT2,SLICE_X7Y229,SLICEL.D5LUT,4'h8
u_dut/t_r[1998]_i_1,LUT6,SLICE_X7Y231,SLICEL.B6LUT,64'hFFFFFFFE00000000
u_dut/t_r[1999]_i_1,LUT6,SLICE_X9Y222,SLICEL.C6LUT,64'hFA00EA00EA00EA00
u_dut/t_r[1999]_i_2,LUT4,SLICE_X9Y222,SLICEL.D6LUT,16'hFFFE
u_dut/t_r[199]_i_1,LUT6,SLICE_X38Y229,SLICEM.D6LUT,64'hF000000080000000
u_dut/t_r[19]_i_1,LUT6,SLICE_X24Y235,SLICEL.B6LUT,64'h8080800080008000
u_dut/t_r[1]_i_1,LUT6,SLICE_X35Y229,SLICEL.D6LUT,64'hFFFFFEFEFFFEFEFE
u_dut/t_r[2009]_i_1,LUT6,SLICE_X9Y226,SLICEL.A6LUT,64'hEAEAEAAA00000000
u_dut/t_r[2009]_i_2,LUT2,SLICE_X9Y225,SLICEL.C5LUT,4'h8
u_dut/t_r[200]_i_1,LUT6,SLICE_X12Y238,SLICEM.A6LUT,64'hFFFFFCFCFFFEFCFC
u_dut/t_r[200]_i_2,LUT3,SLICE_X12Y238,SLICEM.B6LUT,8'h80
u_dut/t_r[2015]_i_1,LUT6,SLICE_X9Y221,SLICEL.D6LUT,64'hFFAA0000EAAA0000
u_dut/t_r[2017]_i_1,LUT6,SLICE_X11Y225,SLICEL.B6LUT,64'hFEEEAAAAEEEEAAAA
u_dut/t_r[2017]_i_2,LUT3,SLICE_X9Y222,SLICEL.D5LUT,8'hC8
u_dut/t_r[2017]_i_3,LUT3,SLICE_X8Y222,SLICEM.C6LUT,8'hE0
u_dut/t_r[2019]_i_1,LUT6,SLICE_X12Y231,SLICEM.D6LUT,64'hFFFFAAAAEAAAAAAA
u_dut/t_r[2019]_i_2,LUT2,SLICE_X8Y222,SLICEM.C5LUT,4'h8
u_dut/t_r[2019]_i_3,LUT4,SLICE_X11Y221,SLICEL.A5LUT,16'hF080
u_dut/t_r[2020]_i_1,LUT6,SLICE_X12Y227,SLICEM.D6LUT,64'hFAAAEAAAEAAAEAAA
u_dut/t_r[2020]_i_2,LUT2,SLICE_X4Y227,SLICEL.B5LUT,4'h8
u_dut/t_r[2022]_i_1,LUT6,SLICE_X9Y226,SLICEL.B6LUT,64'h8080808080808000
u_dut/t_r[2026]_i_1,LUT6,SLICE_X9Y226,SLICEL.C6LUT,64'h8080000080000000
u_dut/t_r[2028]_i_1,LUT2,SLICE_X10Y227,SLICEM.D6LUT,4'h8
u_dut/t_r[2028]_i_2,LUT6,SLICE_X7Y231,SLICEL.A6LUT,64'h8000000000000000
u_dut/t_r[202]_i_1,LUT6,SLICE_X25Y239,SLICEL.A6LUT,64'hFFFFFFEAFF00FF00
u_dut/t_r[2030]_i_1,LUT6,SLICE_X11Y226,SLICEL.D6LUT,64'hFFFEFEFE00000000
u_dut/t_r[2031]_i_1,LUT6,SLICE_X11Y226,SLICEL.A6LUT,64'hFFFEFEFE00000000
u_dut/t_r[2032]_i_1,LUT6,SLICE_X14Y230,SLICEM.D6LUT,64'hCC00CC00CC00C800
u_dut/t_r[2032]_i_2,LUT3,SLICE_X13Y228,SLICEL.A6LUT,8'hC8
u_dut/t_r[2033]_i_1,LUT6,SLICE_X12Y221,SLICEM.B6LUT,64'hF0F00000F0800000
u_dut/t_r[2034]_i_1,LUT6,SLICE_X11Y231,SLICEL.D6LUT,64'hF0F00000F0800000
u_dut/t_r[2034]_i_2,LUT3,SLICE_X6Y223,SLICEM.C6LUT,8'h80
u_dut/t_r[2034]_i_3,LUT2,SLICE_X13Y228,SLICEL.A5LUT,4'h8
u_dut/t_r[2034]_i_4,LUT2,SLICE_X11Y221,SLICEL.B5LUT,4'hE
u_dut/t_r[2036]_i_1,LUT6,SLICE_X10Y228,SLICEM.D6LUT,64'hFFFFFF80FF00FF00
u_dut/t_r[2036]_i_2,LUT2,SLICE_X9Y226,SLICEL.D6LUT,4'hE
u_dut/t_r[2036]_i_3,LUT3,SLICE_X11Y226,SLICEL.B6LUT,8'hF8
u_dut/t_r[2037]_i_1,LUT5,SLICE_X11Y226,SLICEL.B5LUT,32'hEA000000
u_dut/t_r[203]_i_1,LUT5,SLICE_X22Y240,SLICEM.A6LUT,32'hFEEEAAAA
u_dut/t_r[203]_i_2,LUT6,SLICE_X22Y240,SLICEM.B6LUT,64'hFFFF0000F0E00000
u_dut/t_r[2040]_i_1,LUT6,SLICE_X13Y229,SLICEL.C6LUT,64'hFF000000EA000000
u_dut/t_r[2040]_i_2,LUT3,SLICE_X6Y223,SLICEM.C5LUT,8'hF8
u_dut/t_r[2043]_i_1,LUT3,SLICE_X10Y227,SLICEM.D5LUT,8'h80
u_dut/t_r[2043]_i_2,LUT6,SLICE_X11Y226,SLICEL.C6LUT,64'hC888000000000000
u_dut/t_r[204]_i_1,LUT6,SLICE_X24Y233,SLICEL.D6LUT,64'hFFFEAAAAAAAAAAAA
u_dut/t_r[2053]_i_1,LUT6,SLICE_X13Y229,SLICEL.D6LUT,64'hF800000000000000
u_dut/t_r[2053]_i_2,LUT3,SLICE_X10Y227,SLICEM.A5LUT,8'hFE
u_dut/t_r[2053]_i_3,LUT4,SLICE_X5Y231,SLICEL.A5LUT,16'hF0E0
u_dut/t_r[2059]_i_1,LUT6,SLICE_X22Y225,SLICEM.D6LUT,64'hFEFEEEEEFEEEEEEE
u_dut/t_r[205]_i_1,LUT6,SLICE_X25Y239,SLICEL.B6LUT,64'hFEAAAAAAEEAAAAAA
u_dut/t_r[2060]_i_1,LUT6,SLICE_X41Y225,SLICEL.A6LUT,64'hFFFFFFA8FF00FF00
u_dut/t_r[2062]_i_1,LUT6,SLICE_X22Y229,SLICEM.C6LUT,64'hFFFFFFFFFFFFFF80
u_dut/t_r[2064]_i_1,LUT6,SLICE_X25Y215,SLICEL.B6LUT,64'hFFFFFFFFFFFFA800
u_dut/t_r[2064]_i_2,LUT2,SLICE_X25Y215,SLICEL.C6LUT,4'h8
u_dut/t_r[2065]_i_1,LUT6,SLICE_X25Y230,SLICEL.D6LUT,64'hFFFFFFFFFFFF8000
u_dut/t_r[2068]_i_1,LUT6,SLICE_X29Y229,SLICEL.D6LUT,64'hFFFFFFFFFFFFF0E0
u_dut/t_r[2069]_i_1,LUT6,SLICE_X33Y227,SLICEL.D6LUT,64'hFFFFFFFFFFFFAA80
u_dut/t_r[206]_i_1,LUT6,SLICE_X23Y240,SLICEL.A6LUT,64'hFFFFFFFF80808000
u_dut/t_r[2070]_i_1,LUT6,SLICE_X36Y226,SLICEL.C6LUT,64'hFFFFFFFFFFFFF0E0
u_dut/t_r[2072]_i_1,LUT5,SLICE_X37Y220,SLICEL.A6LUT,32'hFF00F800
u_dut/t_r[2073]_i_1,LUT6,SLICE_X31Y220,SLICEL.B6LUT,64'hFFFF0000FF800000
u_dut/t_r[2074]_i_1,LUT6,SLICE_X38Y227,SLICEM.C6LUT,64'h8888888888888880
u_dut/t_r[2075]_i_1,LUT6,SLICE_X38Y227,SLICEM.A6LUT,64'h8888888088808880
u_dut/t_r[2076]_i_1,LUT6,SLICE_X40Y216,SLICEL.A6LUT,64'hFF00F000F800F000
u_dut/t_r[2077]_i_1,LUT4,SLICE_X41Y216,SLICEL.A6LUT,16'hF080
u_dut/t_r[2078]_i_1,LUT5,SLICE_X40Y227,SLICEL.A6LUT,32'h88800000
u_dut/t_r[2079]_i_1,LUT5,SLICE_X37Y227,SLICEL.D6LUT,32'hFFFEFEFE
u_dut/t_r[2079]_i_2,LUT6,SLICE_X38Y227,SLICEM.B6LUT,64'hA800000000000000
u_dut/t_r[207]_i_1,LUT5,SLICE_X23Y239,SLICEL.A6LUT,32'hFEAAAAAA
u_dut/t_r[207]_i_2,LUT3,SLICE_X20Y238,SLICEM.A6LUT,8'h80
u_dut/t_r[2081]_i_1,LUT6,SLICE_X23Y228,SLICEL.B6LUT,64'hFFFCFCFCFEFCFCFC
u_dut/t_r[2082]_i_1,LUT6,SLICE_X22Y230,SLICEM.D6LUT,64'hFFF0F0F0FEF0F0F0
u_dut/t_r[2083]_i_1,LUT6,SLICE_X40Y216,SLICEL.B6LUT,64'hFFF8000000000000
u_dut/t_r[2084]_i_1,LUT6,SLICE_X41Y228,SLICEL.C6LUT,64'hFFFCFCFCFEFCFCFC
u_dut/t_r[2085]_i_1,LUT6,SLICE_X36Y227,SLICEL.B6LUT,64'hFFFFF80000000000
u_dut/t_r[2086]_i_1,LUT6,SLICE_X41Y227,SLICEL.A6LUT,64'hFFFF888000000000
u_dut/t_r[2087]_i_1,LUT3,SLICE_X36Y227,SLICEL.C6LUT,8'h80
u_dut/t_r[2088]_i_1,LUT6,SLICE_X36Y227,SLICEL.D6LUT,64'h8080808080808000
u_dut/t_r[2090]_i_1,LUT6,SLICE_X37Y221,SLICEL.C6LUT,64'hFAAAEAAAEAAAEAAA
u_dut/t_r[2091]_i_1,LUT6,SLICE_X40Y218,SLICEL.A6LUT,64'h8880000000000000
u_dut/t_r[2092]_i_1,LUT3,SLICE_X41Y216,SLICEL.C6LUT,8'hFE
u_dut/t_r[2092]_i_2,LUT6,SLICE_X40Y216,SLICEL.C6LUT,64'hA800000000000000
u_dut/t_r[2094]_i_1,LUT4,SLICE_X38Y226,SLICEM.C6LUT,16'hFE00
u_dut/t_r[2096]_i_1,LUT5,SLICE_X27Y220,SLICEL.A6LUT,32'hEAAA0000
u_dut/t_r[2098]_i_1,LUT5,SLICE_X37Y220,SLICEL.B6LUT,32'hA8000000
u_dut/t_r[2099]_i_1,LUT6,SLICE_X39Y221,SLICEL.D6LUT,64'hFFFFFFFFFFFFAAA8
u_dut/t_r[2099]_i_2,LUT5,SLICE_X37Y220,SLICEL.B5LUT,32'h80000000
u_dut/t_r[209]_i_1,LUT6,SLICE_X16Y238,SLICEM.D6LUT,64'hFFFEAAAAFEFEAAAA
u_dut/t_r[20]_i_1,LUT5,SLICE_X36Y234,SLICEL.D5LUT,32'hFFFFFF80
u_dut/t_r[20]_i_2,LUT6,SLICE_X24Y235,SLICEL.C6LUT,64'h8000000000000000
u_dut/t_r[2100]_i_1,LUT5,SLICE_X31Y218,SLICEL.B6LUT,32'h88888880
u_dut/t_r[2101]_i_1,LUT6,SLICE_X31Y218,SLICEL.C6LUT,64'hC8C8C88800000000
u_dut/t_r[2102]_i_1,LUT3,SLICE_X39Y218,SLICEL.A6LUT,8'h80
u_dut/t_r[2103]_i_1,LUT6,SLICE_X39Y218,SLICEL.B6LUT,64'h8080800080008000
u_dut/t_r[2104]_i_1,LUT5,SLICE_X39Y218,SLICEL.C6LUT,32'hFFFFFFA8
u_dut/t_r[2104]_i_2,LUT5,SLICE_X31Y218,SLICEL.B5LUT,32'h80000000
u_dut/t_r[2105]_i_1,LUT3,SLICE_X35Y227,SLICEL.A6LUT,8'hE0
u_dut/t_r[2106]_i_1,LUT6,SLICE_X22Y229,SLICEM.D6LUT,64'hFFFEFCFCCCCCCCCC
u_dut/t_r[2107]_i_1,LUT6,SLICE_X27Y209,SLICEL.A6LUT,64'hFFFFFFFFF8000000
u_dut/t_r[2107]_i_2,LUT6,SLICE_X27Y209,SLICEL.B6LUT,64'hFFFFFFFFFFFFAA80
u_dut/t_r[2108]_i_1,LUT6,SLICE_X40Y228,SLICEL.A6LUT,64'hFFFEFCFCCCCCCCCC
u_dut/t_r[2109]_i_1,LUT6,SLICE_X35Y227,SLICEL.D6LUT,64'hFAF8F8F800000000
u_dut/t_r[210]_i_1,LUT6,SLICE_X22Y238,SLICEM.A6LUT,64'hFFFEAAAAEEEEAAAA
u_dut/t_r[2110]_i_1,LUT4,SLICE_X36Y227,SLICEL.C5LUT,16'hEA00
u_dut/t_r[2111]_i_1,LUT6,SLICE_X31Y217,SLICEL.A6LUT,64'hFFFFFF80FF00FF00
u_dut/t_r[2114]_i_1,LUT6,SLICE_X22Y215,SLICEM.B6LUT,64'hFFFFFFF8FFF0FFF0
u_dut/t_r[2115]_i_1,LUT2,SLICE_X22Y214,SLICEM.A6LUT,4'h8
u_dut/t_r[2117]_i_1,LUT6,SLICE_X40Y227,SLICEL.B6LUT,64'hFFCCFECCCCCCCCCC
u_dut/t_r[2117]_i_2,LUT3,SLICE_X40Y227,SLICEL.C6LUT,8'hF8
u_dut/t_r[2118]_i_1,LUT6,SLICE_X31Y217,SLICEL.B6LUT,64'hFFFFAAAAEAAAAAAA
u_dut/t_r[211]_i_1,LUT6,SLICE_X23Y239,SLICEL.B6LUT,64'hFF00FF00FF00F800
u_dut/t_r[211]_i_2,LUT3,SLICE_X25Y239,SLICEL.C6LUT,8'hF8
u_dut/t_r[2120]_i_1,LUT4,SLICE_X25Y217,SLICEL.A6LUT,16'hC800
u_dut/t_r[2121]_i_1,LUT6,SLICE_X22Y214,SLICEM.B6LUT,64'hC8C8C88800000000
u_dut/t_r[2122]_i_1,LUT5,SLICE_X25Y217,SLICEL.A5LUT,32'hC8880000
u_dut/t_r[2123]_i_1,LUT6,SLICE_X25Y229,SLICEL.A6LUT,64'hC888888800000000
u_dut/t_r[2125]_i_1,LUT6,SLICE_X22Y214,SLICEM.C6LUT,64'hAAAAAAA800000000
u_dut/t_r[2126]_i_1,LUT6,SLICE_X41Y220,SLICEL.A6LUT,64'hAAA8A8A800000000
u_dut/t_r[2128]_i_1,LUT6,SLICE_X35Y227,SLICEL.B6LUT,64'hAAA8888800000000
u_dut/t_r[2129]_i_1,LUT6,SLICE_X35Y227,SLICEL.C6LUT,64'h8888888888888880
u_dut/t_r[212]_i_1,LUT6,SLICE_X23Y240,SLICEL.B6LUT,64'hFFFF0000FFA80000
u_dut/t_r[212]_i_2,LUT4,SLICE_X23Y238,SLICEL.A6LUT,16'hFFA8
u_dut/t_r[212]_i_3,LUT2,SLICE_X23Y240,SLICEL.C6LUT,4'hE
u_dut/t_r[2131]_i_1,LUT2,SLICE_X41Y216,SLICEL.D6LUT,4'hE
u_dut/t_r[2131]_i_2,LUT6,SLICE_X25Y217,SLICEL.B6LUT,64'h8080808080808000
u_dut/t_r[2134]_i_1,LUT6,SLICE_X21Y228,SLICEL.D6LUT,64'hFFFFFFFE00000000
u_dut/t_r[2136]_i_1,LUT6,SLICE_X20Y217,SLICEM.D6LUT,64'hFFFFFFFECCCCCCCC
u_dut/t_r[2137]_i_1,LUT4,SLICE_X22Y213,SLICEM.A6LUT,16'hFE00
u_dut/t_r[2139]_i_1,LUT5,SLICE_X21Y228,SLICEL.A6LUT,32'hFEEE0000
u_dut/t_r[213]_i_1,LUT6,SLICE_X15Y240,SLICEL.A6LUT,64'hFAAAEAAAEAAAEAAA
u_dut/t_r[2140]_i_1,LUT6,SLICE_X22Y213,SLICEM.B6LUT,64'hFEEEEEEE00000000
u_dut/t_r[2141]_i_1,LUT3,SLICE_X40Y225,SLICEL.A6LUT,8'hE0
u_dut/t_r[2142]_i_1,LUT6,SLICE_X24Y220,SLICEL.D6LUT,64'hFFFEFCFCCCCCCCCC
u_dut/t_r[2143]_i_1,LUT6,SLICE_X20Y221,SLICEM.B6LUT,64'hFFFEFCFCCCCCCCCC
u_dut/t_r[2144]_i_1,LUT6,SLICE_X20Y224,SLICEM.C6LUT,64'hFFFEFCFCCCCCCCCC
u_dut/t_r[2145]_i_1,LUT4,SLICE_X22Y213,SLICEM.A5LUT,16'hEA00
u_dut/t_r[2147]_i_1,LUT6,SLICE_X21Y216,SLICEL.D6LUT,64'hFEEEEEEEAAAAAAAA
u_dut/t_r[2148]_i_1,LUT6,SLICE_X21Y215,SLICEL.C6LUT,64'hFEAAEEAAEEAAEEAA
u_dut/t_r[2148]_i_2,LUT2,SLICE_X34Y221,SLICEL.D6LUT,4'hE
u_dut/t_r[214]_i_1,LUT6,SLICE_X17Y237,SLICEL.D6LUT,64'hFEAAAAAAAAAAAAAA
u_dut/t_r[214]_i_2,LUT3,SLICE_X15Y237,SLICEL.A6LUT,8'hFE
u_dut/t_r[2150]_i_1,LUT6,SLICE_X40Y226,SLICEL.A6LUT,64'hFFCCFECCCCCCCCCC
u_dut/t_r[2151]_i_1,LUT6,SLICE_X40Y228,SLICEL.B6LUT,64'hFFCCFECCCCCCCCCC
u_dut/t_r[2151]_i_2,LUT4,SLICE_X40Y226,SLICEL.B6LUT,16'hF0E0
u_dut/t_r[2152]_i_1,LUT6,SLICE_X34Y227,SLICEL.B6LUT,64'hFFFFFF80FF00FF00
u_dut/t_r[2153]_i_1,LUT6,SLICE_X36Y226,SLICEL.D6LUT,64'hFEAAEEAAAAAAAAAA
u_dut/t_r[2156]_i_1,LUT6,SLICE_X21Y215,SLICEL.D6LUT,64'hFEAAAAAAEEAAAAAA
u_dut/t_r[2156]_i_2,LUT3,SLICE_X25Y215,SLICEL.C5LUT,8'h80
u_dut/t_r[2157]_i_1,LUT6,SLICE_X22Y216,SLICEM.D6LUT,64'hFFFEEEEECCCCCCCC
u_dut/t_r[2157]_i_2,LUT4,SLICE_X31Y217,SLICEL.C6LUT,16'hFFF8
u_dut/t_r[2157]_i_3,LUT2,SLICE_X35Y227,SLICEL.A5LUT,4'h8
u_dut/t_r[2159]_i_1,LUT6,SLICE_X41Y219,SLICEL.A6LUT,64'h8880808000000000
u_dut/t_r[215]_i_1,LUT6,SLICE_X22Y238,SLICEM.B6LUT,64'hFFFFFFFF88008000
u_dut/t_r[215]_i_2,LUT3,SLICE_X20Y240,SLICEM.A6LUT,8'h80
u_dut/t_r[215]_i_3,LUT3,SLICE_X15Y237,SLICEL.B6LUT,8'hC8
u_dut/t_r[2161]_i_1,LUT6,SLICE_X21Y228,SLICEL.B6LUT,64'hA800000000000000
u_dut/t_r[2162]_i_1,LUT5,SLICE_X21Y228,SLICEL.A5LUT,32'h80000000
u_dut/t_r[2163]_i_1,LUT3,SLICE_X41Y216,SLICEL.C5LUT,8'hF8
u_dut/t_r[2163]_i_2,LUT6,SLICE_X21Y228,SLICEL.C6LUT,64'h8000000000000000
u_dut/t_r[2164]_i_1,LUT6,SLICE_X22Y224,SLICEM.D6LUT,64'hFFFFFFFECCCCCCCC
u_dut/t_r[2165]_i_1,LUT6,SLICE_X36Y214,SLICEL.A6LUT,64'hFFFFFFFFAAAA8880
u_dut/t_r[2165]_i_2,LUT6,SLICE_X36Y214,SLICEL.C6LUT,64'hFFFFFFFF88888880
u_dut/t_r[2166]_i_1,LUT6,SLICE_X31Y219,SLICEL.D6LUT,64'hFFCCFECCEECCEECC
u_dut/t_r[2167]_i_1,LUT6,SLICE_X24Y227,SLICEL.D6LUT,64'hFFFFFF80FF00FF00
u_dut/t_r[2169]_i_1,LUT6,SLICE_X37Y221,SLICEL.D6LUT,64'hFAEAEAEAEAEAEAEA
u_dut/t_r[2169]_i_2,LUT4,SLICE_X37Y220,SLICEL.A5LUT,16'hFFF8
u_dut/t_r[216]_i_1,LUT6,SLICE_X25Y239,SLICEL.D6LUT,64'hFFFF0000FF800000
u_dut/t_r[216]_i_2,LUT3,SLICE_X25Y239,SLICEL.C5LUT,8'hC8
u_dut/t_r[2172]_i_1,LUT6,SLICE_X41Y222,SLICEL.A6LUT,64'hFFAAFEAAEEAAEEAA
u_dut/t_r[2174]_i_1,LUT6,SLICE_X22Y218,SLICEM.D6LUT,64'hFAF8F8F800000000
u_dut/t_r[2177]_i_1,LUT6,SLICE_X40Y227,SLICEL.D6LUT,64'hFEAAAAAAEEAAAAAA
u_dut/t_r[2177]_i_2,LUT4,SLICE_X40Y227,SLICEL.A5LUT,16'hE000
u_dut/t_r[217]_i_1,LUT5,SLICE_X23Y240,SLICEL.C5LUT,32'hFE000000
u_dut/t_r[2180]_i_1,LUT6,SLICE_X37Y228,SLICEL.D6LUT,64'hFFCCFECCCCCCCCCC
u_dut/t_r[2180]_i_2,LUT4,SLICE_X37Y227,SLICEL.A6LUT,16'hFF80
u_dut/t_r[2181]_i_1,LUT6,SLICE_X33Y226,SLICEL.D6LUT,64'hFFFFFF80FF00FF00
u_dut/t_r[2182]_i_1,LUT5,SLICE_X22Y218,SLICEM.A6LUT,32'hC8000000
u_dut/t_r[2183]_i_1,LUT6,SLICE_X22Y218,SLICEM.B6LUT,64'hC8C8C88800000000
u_dut/t_r[2186]_i_1,LUT6,SLICE_X24Y214,SLICEL.A6LUT,64'hAAAAAAA800000000
u_dut/t_r[2187]_i_1,LUT6,SLICE_X33Y223,SLICEL.A6LUT,64'hAAA8A8A800000000
u_dut/t_r[2188]_i_1,LUT6,SLICE_X33Y223,SLICEL.B6LUT,64'h8880808000000000
u_dut/t_r[218]_i_1,LUT4,SLICE_X23Y238,SLICEL.B6LUT,16'h8880
u_dut/t_r[2190]_i_1,LUT6,SLICE_X22Y218,SLICEM.C6LUT,64'hE000000000000000
u_dut/t_r[2191]_i_1,LUT6,SLICE_X33Y223,SLICEL.C6LUT,64'h8000000000000000
u_dut/t_r[2193]_i_1,LUT6,SLICE_X22Y217,SLICEM.D6LUT,64'hFFFFFFFECCCCCCCC
u_dut/t_r[2196]_i_1,LUT6,SLICE_X32Y226,SLICEL.D6LUT,64'hFF00FF00FF00F800
u_dut/t_r[2198]_i_1,LUT5,SLICE_X41Y216,SLICEL.A5LUT,32'hFEEE0000
u_dut/t_r[2199]_i_1,LUT6,SLICE_X21Y227,SLICEL.A6LUT,64'hFEEEEEEE00000000
u_dut/t_r[219]_i_1,LUT6,SLICE_X22Y238,SLICEM.C6LUT,64'hFEAAAAAAEEAAAAAA
u_dut/t_r[2200]_i_1,LUT6,SLICE_X25Y220,SLICEL.C6LUT,64'hFFFEFCFCCCCCCCCC
u_dut/t_r[2201]_i_1,LUT6,SLICE_X40Y226,SLICEL.C6LUT,64'hFFFEFCFCCCCCCCCC
u_dut/t_r[2201]_i_2,LUT4,SLICE_X40Y226,SLICEL.B5LUT,16'hFFA8
u_dut/t_r[2207]_i_1,LUT6,SLICE_X40Y224,SLICEL.A6LUT,64'hCCCCCCC800000000
u_dut/t_r[2209]_i_1,LUT6,SLICE_X35Y220,SLICEL.B6LUT,64'hCCC8C8C800000000
u_dut/t_r[220]_i_1,LUT5,SLICE_X23Y238,SLICEL.C6LUT,32'hC8000000
u_dut/t_r[2210]_i_1,LUT6,SLICE_X23Y228,SLICEL.C6LUT,64'hFFF0F8F0F0F0F0F0
u_dut/t_r[2210]_i_2,LUT4,SLICE_X27Y220,SLICEL.A5LUT,16'hFFFE
u_dut/t_r[2211]_i_1,LUT6,SLICE_X41Y216,SLICEL.B6LUT,64'hEAAAAAAA00000000
u_dut/t_r[2212]_i_1,LUT6,SLICE_X22Y219,SLICEM.A6LUT,64'hC888888800000000
u_dut/t_r[2213]_i_1,LUT3,SLICE_X35Y220,SLICEL.D6LUT,8'h80
u_dut/t_r[2218]_i_1,LUT3,SLICE_X39Y218,SLICEL.C5LUT,8'hC8
u_dut/t_r[2218]_i_2,LUT6,SLICE_X35Y220,SLICEL.C6LUT,64'h8080800080008000
u_dut/t_r[2219]_i_1,LUT2,SLICE_X41Y223,SLICEL.A6LUT,4'h8
u_dut/t_r[2221]_i_1,LUT6,SLICE_X23Y228,SLICEL.D6LUT,64'hFE00AA00EE00AA00
u_dut/t_r[2221]_i_2,LUT3,SLICE_X22Y218,SLICEM.A5LUT,8'hFE
u_dut/t_r[2221]_i_3,LUT3,SLICE_X37Y227,SLICEL.A5LUT,8'hF8
u_dut/t_r[2226]_i_1,LUT6,SLICE_X22Y228,SLICEM.B6LUT,64'hFF00F000F800F000
u_dut/t_r[2227]_i_1,LUT6,SLICE_X34Y222,SLICEL.D6LUT,64'hFFFFFF00FF80FF00
u_dut/t_r[2227]_i_2,LUT2,SLICE_X40Y227,SLICEL.C5LUT,4'h8
u_dut/t_r[2227]_i_3,LUT2,SLICE_X34Y221,SLICEL.D5LUT,4'h8
u_dut/t_r[2227]_i_4,LUT3,SLICE_X35Y226,SLICEL.D6LUT,8'hF8
u_dut/t_r[2228]_i_1,LUT6,SLICE_X31Y217,SLICEL.D6LUT,64'hFE00AA00EE00AA00
u_dut/t_r[2228]_i_2,LUT5,SLICE_X31Y217,SLICEL.C5LUT,32'hFF00E000
u_dut/t_r[222]_i_1,LUT5,SLICE_X23Y238,SLICEL.C5LUT,32'h80000000
u_dut/t_r[2232]_i_1,LUT6,SLICE_X34Y223,SLICEL.C6LUT,64'hEAAAAAAA00000000
u_dut/t_r[2236]_i_1,LUT6,SLICE_X34Y223,SLICEL.A6LUT,64'hA888000000000000
u_dut/t_r[2238]_i_1,LUT2,SLICE_X37Y227,SLICEL.D5LUT,4'h8
u_dut/t_r[2238]_i_2,LUT6,SLICE_X34Y223,SLICEL.B6LUT,64'h8000800080000000
u_dut/t_r[223]_i_1,LUT4,SLICE_X23Y238,SLICEL.D6LUT,16'hF080
u_dut/t_r[223]_i_2,LUT5,SLICE_X23Y238,SLICEL.B5LUT,32'h80000000
u_dut/t_r[223]_i_3,LUT4,SLICE_X23Y238,SLICEL.A5LUT,16'hF080
u_dut/t_r[2241]_i_1,LUT6,SLICE_X34Y227,SLICEL.C6LUT,64'hFE000000EE000000
u_dut/t_r[2241]_i_2,LUT2,SLICE_X40Y225,SLICEL.A5LUT,4'hE
u_dut/t_r[2244]_i_1,LUT4,SLICE_X41Y223,SLICEL.A5LUT,16'hC800
u_dut/t_r[2246]_i_1,LUT6,SLICE_X34Y227,SLICEL.D6LUT,64'hFF00F80000000000
u_dut/t_r[2246]_i_2,LUT3,SLICE_X38Y226,SLICEM.C5LUT,8'hFE
u_dut/t_r[2246]_i_3,LUT3,SLICE_X35Y226,SLICEL.D5LUT,8'hC8
u_dut/t_r[224]_i_1,LUT6,SLICE_X15Y237,SLICEL.D6LUT,64'hFE00000000000000
u_dut/t_r[2251]_i_1,LUT6,SLICE_X24Y222,SLICEL.D6LUT,64'h8888888888888880
u_dut/t_r[2251]_i_2,LUT2,SLICE_X22Y214,SLICEM.A5LUT,4'h8
u_dut/t_r[2251]_i_3,LUT2,SLICE_X39Y218,SLICEL.A5LUT,4'hE
u_dut/t_r[225]_i_1,LUT6,SLICE_X22Y239,SLICEM.A6LUT,64'hFFEEFEEE00000000
u_dut/t_r[2265]_i_1,LUT6,SLICE_X37Y214,SLICEL.A6LUT,64'hFEEEEEEEEEEEEEEE
u_dut/t_r[2265]_i_2,LUT3,SLICE_X37Y214,SLICEL.B6LUT,8'hF8
u_dut/t_r[2266]_i_1,LUT6,SLICE_X37Y217,SLICEL.B6LUT,64'hFEEEEEEEEEEEEEEE
u_dut/t_r[2266]_i_2,LUT4,SLICE_X37Y217,SLICEL.C6LUT,16'h8000
u_dut/t_r[2269]_i_1,LUT6,SLICE_X19Y217,SLICEL.D6LUT,64'hFFAAFFAAFFAAFEAA
u_dut/t_r[226]_i_1,LUT6,SLICE_X19Y238,SLICEL.A6LUT,64'hFFFFF000F888F000
u_dut/t_r[226]_i_2,LUT4,SLICE_X23Y237,SLICEL.A6LUT,16'hFFFE
u_dut/t_r[2277]_i_1,LUT6,SLICE_X27Y218,SLICEL.D6LUT,64'hFEEEEEEE00000000
u_dut/t_r[2282]_i_1,LUT6,SLICE_X24Y217,SLICEL.C6LUT,64'h8888888080808080
u_dut/t_r[2283]_i_1,LUT6,SLICE_X26Y217,SLICEL.A6LUT,64'hFEAAAAAAEEAAAAAA
u_dut/t_r[2283]_i_2,LUT4,SLICE_X26Y217,SLICEL.B6LUT,16'hF0E0
u_dut/t_r[2287]_i_1,LUT6,SLICE_X24Y215,SLICEL.C6LUT,64'hFAAAEAAAAAAAAAAA
u_dut/t_r[2288]_i_1,LUT6,SLICE_X24Y218,SLICEL.C6LUT,64'hFFFFFFFEAAAAAAAA
u_dut/t_r[2288]_i_2,LUT4,SLICE_X24Y214,SLICEL.B6LUT,16'h8000
u_dut/t_r[2289]_i_1,LUT5,SLICE_X24Y217,SLICEL.A6LUT,32'hAAA88888
u_dut/t_r[228]_i_1,LUT6,SLICE_X19Y241,SLICEL.A6LUT,64'hFFFFFF00FF80FF00
u_dut/t_r[228]_i_2,LUT3,SLICE_X22Y240,SLICEM.A5LUT,8'h80
u_dut/t_r[2290]_i_1,LUT6,SLICE_X24Y217,SLICEL.B6LUT,64'h8080000080000000
u_dut/t_r[2291]_i_1,LUT3,SLICE_X27Y216,SLICEL.D6LUT,8'hF8
u_dut/t_r[2291]_i_2,LUT5,SLICE_X24Y217,SLICEL.A5LUT,32'h80000000
u_dut/t_r[2292]_i_1,LUT6,SLICE_X21Y220,SLICEL.D6LUT,64'h8888888888888880
u_dut/t_r[2293]_i_1,LUT5,SLICE_X21Y220,SLICEL.A6LUT,32'hFE000000
u_dut/t_r[2297]_i_1,LUT3,SLICE_X32Y213,SLICEL.A6LUT,8'h80
u_dut/t_r[2298]_i_1,LUT6,SLICE_X35Y219,SLICEL.A6LUT,64'hEAAAAAAA00000000
u_dut/t_r[2299]_i_1,LUT6,SLICE_X21Y220,SLICEL.B6LUT,64'hCCC8000000000000
u_dut/t_r[229]_i_1,LUT6,SLICE_X15Y237,SLICEL.C6LUT,64'hC800000000000000
u_dut/t_r[22]_i_1,LUT6,SLICE_X37Y229,SLICEL.A6LUT,64'h8080800080008000
u_dut/t_r[2300]_i_1,LUT5,SLICE_X21Y220,SLICEL.A5LUT,32'hC8000000
u_dut/t_r[2301]_i_1,LUT6,SLICE_X35Y219,SLICEL.B6LUT,64'hC888888800000000
u_dut/t_r[2301]_i_2,LUT2,SLICE_X32Y214,SLICEL.A6LUT,4'h8
u_dut/t_r[2305]_i_1,LUT4,SLICE_X33Y218,SLICEL.D6LUT,16'hFF80
u_dut/t_r[2305]_i_2,LUT6,SLICE_X21Y220,SLICEL.C6LUT,64'h8000000000000000
u_dut/t_r[2307]_i_1,LUT6,SLICE_X28Y213,SLICEL.A6LUT,64'hFE00000000000000
u_dut/t_r[2308]_i_1,LUT5,SLICE_X28Y213,SLICEL.B6LUT,32'hFEEE0000
u_dut/t_r[2309]_i_1,LUT6,SLICE_X27Y218,SLICEL.A6LUT,64'hFFAAFFA800000000
u_dut/t_r[230]_i_1,LUT6,SLICE_X16Y239,SLICEM.A6LUT,64'hC800000000000000
u_dut/t_r[2310]_i_1,LUT5,SLICE_X26Y217,SLICEL.C6LUT,32'hFEAAEEAA
u_dut/t_r[2312]_i_1,LUT6,SLICE_X33Y217,SLICEL.C6LUT,64'hFAEAEAEAEAEAEAEA
u_dut/t_r[2313]_i_1,LUT6,SLICE_X29Y214,SLICEL.A6LUT,64'hFFFEAAAAAAAAAAAA
u_dut/t_r[2313]_i_2,LUT2,SLICE_X29Y214,SLICEL.B6LUT,4'hE
u_dut/t_r[2314]_i_1,LUT6,SLICE_X33Y217,SLICEL.D6LUT,64'hFAEAEAEAEAEAEAEA
u_dut/t_r[2314]_i_2,LUT3,SLICE_X33Y215,SLICEL.A6LUT,8'hC8
u_dut/t_r[2314]_i_3,LUT3,SLICE_X32Y213,SLICEL.B6LUT,8'h80
u_dut/t_r[2317]_i_1,LUT6,SLICE_X27Y218,SLICEL.B6LUT,64'hE000000000000000
u_dut/t_r[2319]_i_1,LUT6,SLICE_X27Y218,SLICEL.C6LUT,64'hE000000000000000
u_dut/t_r[231]_i_1,LUT6,SLICE_X22Y239,SLICEM.B6LUT,64'hC888888800000000
u_dut/t_r[2320]_i_1,LUT6,SLICE_X37Y218,SLICEL.A6LUT,64'hFFFFFFFE00000000
u_dut/t_r[2321]_i_1,LUT6,SLICE_X30Y213,SLICEL.D6LUT,64'hFFFFFFF8FF00FF00
u_dut/t_r[2322]_i_1,LUT6,SLICE_X31Y213,SLICEL.A6LUT,64'hFFFFFFC8FF00FF00
u_dut/t_r[2323]_i_1,LUT6,SLICE_X20Y214,SLICEM.A6LUT,64'hFFFFFFF8F0F0F0F0
u_dut/t_r[2324]_i_1,LUT6,SLICE_X19Y219,SLICEL.A6LUT,64'hFFAAFFA800000000
u_dut/t_r[2326]_i_1,LUT6,SLICE_X19Y213,SLICEL.A6LUT,64'hEAEAEAAA00000000
u_dut/t_r[2327]_i_1,LUT6,SLICE_X19Y213,SLICEL.B6LUT,64'hEAAAAAAA00000000
u_dut/t_r[2329]_i_1,LUT4,SLICE_X19Y219,SLICEL.B6LUT,16'hC800
u_dut/t_r[232]_i_1,LUT6,SLICE_X16Y239,SLICEM.B6LUT,64'hE000000000000000
u_dut/t_r[2332]_i_1,LUT5,SLICE_X37Y217,SLICEL.C5LUT,32'hA8000000
u_dut/t_r[2333]_i_1,LUT4,SLICE_X29Y213,SLICEL.D6LUT,16'hF0E0
u_dut/t_r[2333]_i_2,LUT4,SLICE_X19Y219,SLICEL.B5LUT,16'h8000
u_dut/t_r[2336]_i_1,LUT6,SLICE_X19Y218,SLICEL.D6LUT,64'h8888888888888880
u_dut/t_r[2337]_i_1,LUT5,SLICE_X19Y218,SLICEL.A6LUT,32'hFE000000
u_dut/t_r[2338]_i_1,LUT6,SLICE_X19Y218,SLICEL.B6LUT,64'h8888888088808880
u_dut/t_r[233]_i_1,LUT6,SLICE_X16Y239,SLICEM.C6LUT,64'h8000000000000000
u_dut/t_r[2340]_i_1,LUT6,SLICE_X20Y213,SLICEM.A6LUT,64'h8888888080808080
u_dut/t_r[2341]_i_1,LUT5,SLICE_X37Y214,SLICEL.C6LUT,32'hEA000000
u_dut/t_r[2343]_i_1,LUT3,SLICE_X24Y214,SLICEL.B5LUT,8'h80
u_dut/t_r[2344]_i_1,LUT6,SLICE_X19Y218,SLICEL.C6LUT,64'h8800880088008000
u_dut/t_r[2345]_i_1,LUT3,SLICE_X33Y215,SLICEL.D6LUT,8'hC8
u_dut/t_r[2345]_i_2,LUT5,SLICE_X19Y218,SLICEL.A5LUT,32'h88008000
u_dut/t_r[234]_i_1,LUT2,SLICE_X20Y241,SLICEM.A6LUT,4'h8
u_dut/t_r[234]_i_2,LUT6,SLICE_X22Y239,SLICEM.C6LUT,64'h8000000000000000
u_dut/t_r[2353]_i_1,LUT6,SLICE_X23Y213,SLICEL.C6LUT,64'h8888888888888880
u_dut/t_r[2354]_i_1,LUT5,SLICE_X33Y215,SLICEL.A5LUT,32'hFE000000
u_dut/t_r[2356]_i_1,LUT6,SLICE_X33Y215,SLICEL.B6LUT,64'hFEEE000000000000
u_dut/t_r[235]_i_1,LUT6,SLICE_X17Y236,SLICEL.D6LUT,64'hFF00FF00FF00FE00
u_dut/t_r[235]_i_2,LUT4,SLICE_X19Y236,SLICEL.A6LUT,16'hFFF8
u_dut/t_r[2360]_i_1,LUT6,SLICE_X32Y213,SLICEL.C6LUT,64'hFEEEAAAAEEEEAAAA
u_dut/t_r[2360]_i_2,LUT2,SLICE_X32Y213,SLICEL.A5LUT,4'h8
u_dut/t_r[2365]_i_1,LUT6,SLICE_X23Y213,SLICEL.A6LUT,64'hC888000000000000
u_dut/t_r[2368]_i_1,LUT6,SLICE_X23Y213,SLICEL.B6LUT,64'h8080800080008000
u_dut/t_r[2369]_i_1,LUT4,SLICE_X29Y213,SLICEL.D5LUT,16'hF080
u_dut/t_r[2369]_i_2,LUT6,SLICE_X33Y215,SLICEL.C6LUT,64'h8080000080000000
u_dut/t_r[236]_i_1,LUT6,SLICE_X23Y239,SLICEL.C6LUT,64'hFF00FF00FF00FE00
u_dut/t_r[236]_i_2,LUT4,SLICE_X23Y239,SLICEL.D6LUT,16'hFF80
u_dut/t_r[2371]_i_1,LUT3,SLICE_X31Y212,SLICEL.A6LUT,8'h80
u_dut/t_r[2372]_i_1,LUT6,SLICE_X22Y215,SLICEM.C6LUT,64'hFF88F888F888F888
u_dut/t_r[2373]_i_1,LUT6,SLICE_X20Y214,SLICEM.B6LUT,64'hFAFAFAFAFAEAEAEA
u_dut/t_r[2374]_i_1,LUT6,SLICE_X20Y214,SLICEM.C6LUT,64'hFFFEFCFCCCCCCCCC
u_dut/t_r[2374]_i_2,LUT2,SLICE_X36Y214,SLICEL.D6LUT,4'hE
u_dut/t_r[2374]_i_3,LUT2,SLICE_X31Y213,SLICEL.B6LUT,4'hE
u_dut/t_r[2375]_i_1,LUT5,SLICE_X26Y215,SLICEL.A6LUT,32'hFEEE0000
u_dut/t_r[2376]_i_1,LUT6,SLICE_X35Y222,SLICEL.B6LUT,64'hFEEEEEEE00000000
u_dut/t_r[237]_i_1,LUT6,SLICE_X20Y240,SLICEM.B6LUT,64'hFF00FF00FF00FE00
u_dut/t_r[2380]_i_1,LUT6,SLICE_X19Y224,SLICEL.A6LUT,64'hEAEAEAAA00000000
u_dut/t_r[2385]_i_1,LUT6,SLICE_X36Y214,SLICEL.B6LUT,64'hFF88F88888888888
u_dut/t_r[2385]_i_2,LUT3,SLICE_X37Y214,SLICEL.B5LUT,8'hC8
u_dut/t_r[2389]_i_1,LUT6,SLICE_X26Y215,SLICEL.B6LUT,64'h8888888080808080
u_dut/t_r[238]_i_1,LUT4,SLICE_X22Y239,SLICEM.D6LUT,16'hE000
u_dut/t_r[2391]_i_1,LUT6,SLICE_X26Y215,SLICEL.C6LUT,64'hF800000000000000
u_dut/t_r[2392]_i_1,LUT2,SLICE_X33Y215,SLICEL.D5LUT,4'h8
u_dut/t_r[2392]_i_2,LUT6,SLICE_X35Y222,SLICEL.A6LUT,64'h8000000000000000
u_dut/t_r[2397]_i_1,LUT6,SLICE_X33Y218,SLICEL.C6LUT,64'hFEEE000000000000
u_dut/t_r[2398]_i_1,LUT6,SLICE_X33Y218,SLICEL.A6LUT,64'hFEEEEEEE00000000
u_dut/t_r[2399]_i_1,LUT6,SLICE_X27Y220,SLICEL.B6LUT,64'hFFAAFFA800000000
u_dut/t_r[239]_i_1,LUT6,SLICE_X15Y240,SLICEL.B6LUT,64'hFFFF0000FFF80000
u_dut/t_r[239]_i_2,LUT2,SLICE_X15Y239,SLICEL.A6LUT,4'hE
u_dut/t_r[23]_i_1,LUT6,SLICE_X25Y232,SLICEL.A6LUT,64'h8888808088888000
u_dut/t_r[23]_i_2,LUT2,SLICE_X25Y232,SLICEL.B6LUT,4'h8
u_dut/t_r[2404]_i_1,LUT6,SLICE_X27Y220,SLICEL.C6LUT,64'hF0F0F0E000000000
u_dut/t_r[2408]_i_1,LUT6,SLICE_X20Y215,SLICEM.C6LUT,64'hFF00FE00FC00FC00
u_dut/t_r[240]_i_1,LUT6,SLICE_X22Y238,SLICEM.D6LUT,64'hFFFF0000FFF80000
u_dut/t_r[240]_i_2,LUT4,SLICE_X20Y236,SLICEM.A6LUT,16'hF0E0
u_dut/t_r[2410]_i_1,LUT6,SLICE_X33Y220,SLICEL.D6LUT,64'hFFFEAAAAAAAAAAAA
u_dut/t_r[2411]_i_1,LUT4,SLICE_X33Y218,SLICEL.D5LUT,16'hE000
u_dut/t_r[2411]_i_2,LUT6,SLICE_X33Y218,SLICEL.B6LUT,64'h8888888080808080
u_dut/t_r[2413]_i_1,LUT6,SLICE_X28Y217,SLICEL.C6LUT,64'hFEEEEEEE00000000
u_dut/t_r[2413]_i_2,LUT2,SLICE_X26Y217,SLICEL.C5LUT,4'h8
u_dut/t_r[2415]_i_1,LUT6,SLICE_X32Y214,SLICEL.D6LUT,64'hFE00000000000000
u_dut/t_r[241]_i_1,LUT6,SLICE_X19Y241,SLICEL.B6LUT,64'hFFFFFF00FF80FF00
u_dut/t_r[241]_i_2,LUT2,SLICE_X20Y240,SLICEM.A5LUT,4'h8
u_dut/t_r[241]_i_3,LUT2,SLICE_X19Y241,SLICEL.C6LUT,4'hE
u_dut/t_r[2420]_i_1,LUT6,SLICE_X32Y214,SLICEL.B6LUT,64'hFFAAFFA800000000
u_dut/t_r[2422]_i_1,LUT6,SLICE_X29Y214,SLICEL.C6LUT,64'hFAEAEAEAEAEAEAEA
u_dut/t_r[2422]_i_2,LUT3,SLICE_X37Y214,SLICEL.C5LUT,8'hF8
u_dut/t_r[2423]_i_1,LUT4,SLICE_X32Y214,SLICEL.A5LUT,16'h8000
u_dut/t_r[2425]_i_1,LUT6,SLICE_X32Y214,SLICEL.C6LUT,64'hF0F0F0E000000000
u_dut/t_r[2426]_i_1,LUT6,SLICE_X26Y217,SLICEL.D6LUT,64'hCCC0C0C0C8C0C0C0
u_dut/t_r[2426]_i_2,LUT4,SLICE_X26Y217,SLICEL.B5LUT,16'hFFA8
u_dut/t_r[2428]_i_1,LUT6,SLICE_X29Y218,SLICEL.D6LUT,64'hFFF0F0F0F8F0F0F0
u_dut/t_r[2428]_i_2,LUT3,SLICE_X28Y217,SLICEL.D6LUT,8'hF8
u_dut/t_r[2429]_i_1,LUT6,SLICE_X29Y216,SLICEL.A6LUT,64'hFFF0F0F0F8F0F0F0
u_dut/t_r[2429]_i_2,LUT2,SLICE_X29Y214,SLICEL.B5LUT,4'h8
u_dut/t_r[2429]_i_3,LUT3,SLICE_X37Y217,SLICEL.D6LUT,8'h80
u_dut/t_r[242]_i_1,LUT6,SLICE_X26Y236,SLICEL.C6LUT,64'h8888888888888880
u_dut/t_r[2432]_i_1,LUT3,SLICE_X27Y216,SLICEL.D5LUT,8'h80
u_dut/t_r[2432]_i_2,LUT6,SLICE_X35Y218,SLICEL.A6LUT,64'h8800880088008000
u_dut/t_r[2435]_i_1,LUT5,SLICE_X37Y217,SLICEL.D5LUT,32'hC0800000
u_dut/t_r[2439]_i_1,LUT6,SLICE_X29Y214,SLICEL.D6LUT,64'hFFEA000000000000
u_dut/t_r[2439]_i_2,LUT2,SLICE_X28Y217,SLICEL.D5LUT,4'h8
u_dut/t_r[2439]_i_3,LUT4,SLICE_X28Y213,SLICEL.B5LUT,16'hFFA8
u_dut/t_r[243]_i_1,LUT5,SLICE_X26Y236,SLICEL.A6LUT,32'h80808000
u_dut/t_r[2441]_i_1,LUT5,SLICE_X32Y213,SLICEL.B5LUT,32'hC0800000
u_dut/t_r[2441]_i_2,LUT6,SLICE_X32Y213,SLICEL.D6LUT,64'hFFFFFFFFF8000000
u_dut/t_r[2442]_i_1,LUT5,SLICE_X31Y212,SLICEL.A5LUT,32'hC0800000
u_dut/t_r[2442]_i_2,LUT6,SLICE_X31Y212,SLICEL.D6LUT,64'hFFFFFFFF80000000
u_dut/t_r[2449]_i_1,LUT6,SLICE_X22Y215,SLICEM.D6LUT,64'hE000000000000000
u_dut/t_r[2449]_i_2,LUT4,SLICE_X26Y215,SLICEL.A5LUT,16'hFFFE
u_dut/t_r[244]_i_1,LUT4,SLICE_X26Y236,SLICEL.A5LUT,16'h8000
u_dut/t_r[245]_i_1,LUT6,SLICE_X26Y236,SLICEL.D6LUT,64'hF000F000F0008000
u_dut/t_r[245]_i_2,LUT6,SLICE_X26Y236,SLICEL.B6LUT,64'h8800800080008000
u_dut/t_r[247]_i_1,LUT6,SLICE_X21Y239,SLICEL.C6LUT,64'h8080808080808000
u_dut/t_r[248]_i_1,LUT6,SLICE_X21Y239,SLICEL.A6LUT,64'h8888888080808080
u_dut/t_r[249]_i_1,LUT5,SLICE_X21Y239,SLICEL.D6LUT,32'h80000000
u_dut/t_r[2512]_i_1,LUT5,SLICE_X16Y212,SLICEM.A6LUT,32'hFFFF8000
u_dut/t_r[251]_i_1,LUT4,SLICE_X20Y241,SLICEM.A5LUT,16'hE000
u_dut/t_r[251]_i_2,LUT6,SLICE_X21Y239,SLICEL.B6LUT,64'h8000000000000000
u_dut/t_r[2520]_i_1,LUT4,SLICE_X16Y212,SLICEM.B6LUT,16'hFE00
u_dut/t_r[2530]_i_1,LUT4,SLICE_X16Y212,SLICEM.D6LUT,16'hFE00
u_dut/t_r[2536]_i_1,LUT6,SLICE_X15Y212,SLICEL.A6LUT,64'hFEEEAAAA00000000
u_dut/t_r[2538]_i_1,LUT6,SLICE_X16Y209,SLICEM.A6LUT,64'hEEEAAAAA00000000
u_dut/t_r[2538]_i_2,LUT4,SLICE_X16Y209,SLICEM.B6LUT,16'hFFFE
u_dut/t_r[253]_i_1,LUT5,SLICE_X26Y238,SLICEL.A6LUT,32'h80808000
u_dut/t_r[2547]_i_1,LUT5,SLICE_X16Y212,SLICEM.A5LUT,32'hAAA80000
u_dut/t_r[2547]_i_2,LUT3,SLICE_X15Y211,SLICEL.A6LUT,8'hF8
u_dut/t_r[2548]_i_1,LUT5,SLICE_X14Y211,SLICEM.A6LUT,32'hAAA80000
u_dut/t_r[2549]_i_1,LUT5,SLICE_X18Y211,SLICEM.A6LUT,32'hAAA80000
u_dut/t_r[254]_i_1,LUT6,SLICE_X25Y238,SLICEL.B6LUT,64'hEAAA000000000000
u_dut/t_r[2552]_i_1,LUT6,SLICE_X15Y211,SLICEL.B6LUT,64'hAAAA888000000000
u_dut/t_r[2553]_i_1,LUT6,SLICE_X16Y212,SLICEM.C6LUT,64'hAAAA888000000000
u_dut/t_r[255]_i_1,LUT6,SLICE_X26Y238,SLICEL.B6LUT,64'hC800000000000000
u_dut/t_r[2561]_i_1,LUT4,SLICE_X16Y212,SLICEM.B5LUT,16'h8000
u_dut/t_r[2561]_i_2,LUT6,SLICE_X16Y210,SLICEM.D6LUT,64'hFFFFFFFFEAAAAAAA
u_dut/t_r[2562]_i_1,LUT4,SLICE_X17Y210,SLICEL.A6LUT,16'h8000
u_dut/t_r[2565]_i_1,LUT6,SLICE_X17Y210,SLICEL.B6LUT,64'h8880000000000000
u_dut/t_r[2565]_i_2,LUT3,SLICE_X17Y210,SLICEL.C6LUT,8'hFE
u_dut/t_r[256]_i_1,LUT5,SLICE_X26Y238,SLICEL.A5LUT,32'h80000000
u_dut/t_r[2570]_i_1,LUT5,SLICE_X15Y211,SLICEL.C6LUT,32'h80000000
u_dut/t_r[2575]_i_1,LUT5,SLICE_X17Y212,SLICEL.B6LUT,32'hFFFFFFFE
u_dut/t_r[257]_i_1,LUT6,SLICE_X26Y238,SLICEL.C6LUT,64'hFFE0000000000000
u_dut/t_r[257]_i_2,LUT6,SLICE_X25Y238,SLICEL.A6LUT,64'h8000000000000000
u_dut/t_r[2580]_i_1,LUT6,SLICE_X17Y212,SLICEL.C6LUT,64'hFFFFFFFFFFFFEEEA
u_dut/t_r[2582]_i_1,LUT5,SLICE_X16Y211,SLICEM.A6LUT,32'hFFFFFFEA
u_dut/t_r[2582]_i_2,LUT5,SLICE_X16Y210,SLICEM.A6LUT,32'hFFFE0000
u_dut/t_r[2583]_i_1,LUT5,SLICE_X16Y211,SLICEM.B6LUT,32'hFFFFFFEA
u_dut/t_r[2583]_i_2,LUT5,SLICE_X16Y210,SLICEM.B6LUT,32'hFAEA0000
u_dut/t_r[258]_i_1,LUT5,SLICE_X24Y239,SLICEL.C6LUT,32'h80000000
u_dut/t_r[2590]_i_1,LUT6,SLICE_X17Y211,SLICEL.A6LUT,64'hFFFFFFFFFEEEAAAA
u_dut/t_r[2590]_i_2,LUT3,SLICE_X17Y210,SLICEL.C5LUT,8'hF8
u_dut/t_r[2598]_i_1,LUT4,SLICE_X17Y212,SLICEL.D6LUT,16'hFFEA
u_dut/t_r[2598]_i_2,LUT4,SLICE_X16Y210,SLICEM.C6LUT,16'h8000
u_dut/t_r[259]_i_1,LUT6,SLICE_X24Y239,SLICEL.D6LUT,64'h8000800080000000
u_dut/t_r[25]_i_1,LUT6,SLICE_X25Y232,SLICEL.C6LUT,64'hAAAAAAA800000000
u_dut/t_r[2603]_i_1,LUT6,SLICE_X13Y211,SLICEL.A6LUT,64'hFFFFFFFFAAAAA888
u_dut/t_r[2603]_i_2,LUT2,SLICE_X15Y211,SLICEL.A5LUT,4'hE
u_dut/t_r[2604]_i_1,LUT5,SLICE_X17Y211,SLICEL.B6LUT,32'hFFFFAAA8
u_dut/t_r[2604]_i_2,LUT5,SLICE_X16Y210,SLICEM.B5LUT,32'hAAA80000
u_dut/t_r[260]_i_1,LUT6,SLICE_X24Y239,SLICEL.A6LUT,64'h8080800080008000
u_dut/t_r[2612]_i_1,LUT6,SLICE_X16Y211,SLICEM.C6LUT,64'hFFFFFFFFAAAA8000
u_dut/t_r[2612]_i_2,LUT4,SLICE_X16Y210,SLICEM.A5LUT,16'h8000
u_dut/t_r[261]_i_1,LUT5,SLICE_X17Y239,SLICEL.A6LUT,32'h80000000
u_dut/t_r[2625]_i_1,LUT6,SLICE_X16Y211,SLICEM.D6LUT,64'hFFFFFFFE00000000
u_dut/t_r[2625]_i_2,LUT4,SLICE_X16Y209,SLICEM.B5LUT,16'hFFF8
u_dut/t_r[2627]_i_1,LUT4,SLICE_X17Y212,SLICEL.A6LUT,16'hFE00
u_dut/t_r[2628]_i_1,LUT4,SLICE_X17Y210,SLICEL.A5LUT,16'hFE00
u_dut/t_r[2628]_i_2,LUT6,SLICE_X17Y210,SLICEL.D6LUT,64'hFFFFFFFFAAAAAA80
u_dut/t_r[262]_i_1,LUT6,SLICE_X17Y239,SLICEL.B6LUT,64'h8800800080008000
u_dut/t_r[2638]_i_1,LUT1,SLICE_X14Y211,SLICEM.B6LUT,2'h1
u_dut/t_r[2638]_i_2,LUT4,SLICE_X17Y212,SLICEL.A5LUT,16'hEA00
u_dut/t_r[2638]_i_3,LUT5,SLICE_X16Y210,SLICEM.C5LUT,32'hFFFFEAAA
u_dut/t_r[263]_i_1,LUT6,SLICE_X18Y239,SLICEM.A6LUT,64'hE000000000000000
u_dut/t_r[264]_i_1,LUT5,SLICE_X18Y241,SLICEM.A6LUT,32'hF8000000
u_dut/t_r[264]_i_2,LUT6,SLICE_X24Y239,SLICEL.B6LUT,64'h8000000000000000
u_dut/t_r[2655]_i_1,LUT4,SLICE_X22Y226,SLICEM.C6LUT,16'hFFF8
u_dut/t_r[2656]_i_1,LUT2,SLICE_X3Y228,SLICEL.A6LUT,4'hE
u_dut/t_r[2657]_i_1,LUT4,SLICE_X24Y219,SLICEL.A6LUT,16'hFFA8
u_dut/t_r[2658]_i_1,LUT3,SLICE_X24Y224,SLICEL.A6LUT,8'hF8
u_dut/t_r[2659]_i_1,LUT4,SLICE_X7Y228,SLICEL.A6LUT,16'hFF80
u_dut/t_r[265]_i_1,LUT5,SLICE_X23Y241,SLICEL.A6LUT,32'h80000000
u_dut/t_r[2661]_i_1,LUT4,SLICE_X5Y221,SLICEL.A6LUT,16'hF0E0
u_dut/t_r[2662]_i_1,LUT3,SLICE_X23Y224,SLICEL.A6LUT,8'hC8
u_dut/t_r[2663]_i_1,LUT4,SLICE_X22Y223,SLICEM.A6LUT,16'hF080
u_dut/t_r[2664]_i_1,LUT2,SLICE_X12Y220,SLICEM.A6LUT,4'h8
u_dut/t_r[2665]_i_1,LUT4,SLICE_X5Y221,SLICEL.A5LUT,16'h8880
u_dut/t_r[2666]_i_1,LUT3,SLICE_X22Y219,SLICEM.B6LUT,8'h80
u_dut/t_r[2667]_i_1,LUT6,SLICE_X17Y223,SLICEL.C6LUT,64'hFFFFFFFFFFFFFFFE
u_dut/t_r[2667]_i_2,LUT4,SLICE_X22Y223,SLICEM.A5LUT,16'h8000
u_dut/t_r[2668]_i_1,LUT2,SLICE_X7Y223,SLICEL.A6LUT,4'hE
u_dut/t_r[2669]_i_1,LUT5,SLICE_X24Y219,SLICEL.B6LUT,32'hFFFE0000
u_dut/t_r[266]_i_1,LUT5,SLICE_X24Y238,SLICEL.A6LUT,32'h80000000
u_dut/t_r[2670]_i_1,LUT4,SLICE_X24Y224,SLICEL.B6LUT,16'hFE00
u_dut/t_r[2671]_i_1,LUT5,SLICE_X24Y224,SLICEL.C6LUT,32'hFEEE0000
u_dut/t_r[2672]_i_1,LUT3,SLICE_X24Y224,SLICEL.A5LUT,8'hE0
u_dut/t_r[2674]_i_1,LUT4,SLICE_X22Y219,SLICEM.B5LUT,16'hEA00
u_dut/t_r[2675]_i_1,LUT5,SLICE_X24Y219,SLICEL.A5LUT,32'hEAAA0000
u_dut/t_r[2676]_i_1,LUT2,SLICE_X24Y219,SLICEL.C6LUT,4'h8
u_dut/t_r[2678]_i_1,LUT4,SLICE_X24Y224,SLICEL.B5LUT,16'hC800
u_dut/t_r[2679]_i_1,LUT3,SLICE_X24Y219,SLICEL.C5LUT,8'h80
u_dut/t_r[267]_i_1,LUT6,SLICE_X21Y238,SLICEL.D6LUT,64'h8888888080808080
u_dut/t_r[2680]_i_1,LUT5,SLICE_X24Y219,SLICEL.B5LUT,32'hE0000000
u_dut/t_r[2681]_i_1,LUT5,SLICE_X23Y224,SLICEL.C6LUT,32'hFFFFFFFE
u_dut/t_r[2681]_i_2,LUT5,SLICE_X24Y224,SLICEL.C5LUT,32'h80000000
u_dut/t_r[2682]_i_1,LUT6,SLICE_X23Y223,SLICEL.C6LUT,64'hFFFF0000FFFE0000
u_dut/t_r[2683]_i_1,LUT5,SLICE_X24Y221,SLICEL.A6LUT,32'hFEEE0000
u_dut/t_r[2684]_i_1,LUT5,SLICE_X24Y221,SLICEL.A5LUT,32'hFEAA0000
u_dut/t_r[2685]_i_1,LUT5,SLICE_X24Y221,SLICEL.B6LUT,32'hEAAA0000
u_dut/t_r[2686]_i_1,LUT4,SLICE_X12Y223,SLICEM.A6LUT,16'hC800
u_dut/t_r[2687]_i_1,LUT4,SLICE_X23Y224,SLICEL.A5LUT,16'hF080
u_dut/t_r[2688]_i_1,LUT6,SLICE_X23Y221,SLICEL.D6LUT,64'hFFFFFFFEFFFEFFFE
u_dut/t_r[2688]_i_2,LUT5,SLICE_X24Y221,SLICEL.B5LUT,32'h80000000
u_dut/t_r[2689]_i_1,LUT5,SLICE_X23Y224,SLICEL.B6LUT,32'hFE000000
u_dut/t_r[268]_i_1,LUT6,SLICE_X21Y238,SLICEL.A6LUT,64'h8880808080808080
u_dut/t_r[2690]_i_1,LUT6,SLICE_X23Y223,SLICEL.A6LUT,64'hFEAA000000000000
u_dut/t_r[2691]_i_1,LUT6,SLICE_X23Y223,SLICEL.B6LUT,64'hCCC8000000000000
u_dut/t_r[2692]_i_1,LUT4,SLICE_X23Y224,SLICEL.C5LUT,16'hFFFE
u_dut/t_r[2692]_i_2,LUT4,SLICE_X23Y224,SLICEL.B5LUT,16'h8000
u_dut/t_r[2694]_i_1,LUT6,SLICE_X20Y220,SLICEM.C6LUT,64'hFFFFFFFEF0F0F0F0
u_dut/t_r[2695]_i_1,LUT6,SLICE_X19Y223,SLICEL.A6LUT,64'hFFAAFEAA00000000
u_dut/t_r[2696]_i_1,LUT6,SLICE_X14Y222,SLICEM.C6LUT,64'hFFFFFFFEFFFCFFFC
u_dut/t_r[2697]_i_1,LUT6,SLICE_X22Y221,SLICEM.B6LUT,64'hFFFFFFE0FF00FF00
u_dut/t_r[2698]_i_1,LUT5,SLICE_X7Y223,SLICEL.A5LUT,32'hFFF8F0F0
u_dut/t_r[2699]_i_1,LUT6,SLICE_X20Y219,SLICEM.D6LUT,64'hFFFFFF80FF00FF00
u_dut/t_r[269]_i_1,LUT5,SLICE_X24Y238,SLICEL.B6LUT,32'h80000000
u_dut/t_r[26]_i_1,LUT6,SLICE_X25Y232,SLICEL.D6LUT,64'hA080A080A0808080
u_dut/t_r[26]_i_2,LUT3,SLICE_X31Y237,SLICEL.A5LUT,8'h80
u_dut/t_r[2700]_i_1,LUT6,SLICE_X22Y222,SLICEM.A6LUT,64'hCCCCCCC800000000
u_dut/t_r[2701]_i_1,LUT5,SLICE_X6Y222,SLICEM.A6LUT,32'hFEAAAAAA
u_dut/t_r[2702]_i_1,LUT5,SLICE_X22Y222,SLICEM.B6LUT,32'hC8880000
u_dut/t_r[2703]_i_1,LUT6,SLICE_X22Y222,SLICEM.C6LUT,64'h8080808080808000
u_dut/t_r[2704]_i_1,LUT4,SLICE_X22Y222,SLICEM.B5LUT,16'h8000
u_dut/t_r[2705]_i_1,LUT3,SLICE_X6Y222,SLICEM.D6LUT,8'hFE
u_dut/t_r[2705]_i_2,LUT6,SLICE_X22Y222,SLICEM.D6LUT,64'h8000000000000000
u_dut/t_r[2706]_i_1,LUT6,SLICE_X16Y223,SLICEM.C6LUT,64'hFFFFFAFAFFFEFAFA
u_dut/t_r[2707]_i_1,LUT6,SLICE_X20Y222,SLICEM.C6LUT,64'hFFFFFAFAFFFEFAFA
u_dut/t_r[2708]_i_1,LUT6,SLICE_X22Y221,SLICEM.C6LUT,64'hFFFEEEEEAAAAAAAA
u_dut/t_r[2709]_i_1,LUT4,SLICE_X12Y220,SLICEM.B6LUT,16'hF080
u_dut/t_r[270]_i_1,LUT6,SLICE_X21Y238,SLICEL.B6LUT,64'h8800800080008000
u_dut/t_r[2710]_i_1,LUT5,SLICE_X5Y222,SLICEL.A6LUT,32'hFEAAAAAA
u_dut/t_r[2711]_i_1,LUT4,SLICE_X12Y220,SLICEM.A5LUT,16'hC800
u_dut/t_r[2712]_i_1,LUT5,SLICE_X22Y221,SLICEM.D6LUT,32'hFAAAEAAA
u_dut/t_r[2713]_i_1,LUT4,SLICE_X12Y220,SLICEM.B5LUT,16'h8000
u_dut/t_r[2714]_i_1,LUT4,SLICE_X6Y222,SLICEM.D5LUT,16'hFFEA
u_dut/t_r[2714]_i_2,LUT6,SLICE_X12Y220,SLICEM.C6LUT,64'h8000000000000000
u_dut/t_r[2715]_i_1,LUT6,SLICE_X11Y222,SLICEL.B6LUT,64'hFFFCFCFCFEFCFCFC
u_dut/t_r[2716]_i_1,LUT6,SLICE_X20Y222,SLICEM.D6LUT,64'hFFFCFCFCFEFCFCFC
u_dut/t_r[2717]_i_1,LUT6,SLICE_X11Y222,SLICEL.C6LUT,64'hFEAAEEAAAAAAAAAA
u_dut/t_r[2718]_i_1,LUT6,SLICE_X13Y223,SLICEL.A6LUT,64'hFFFFFFFFAA008000
u_dut/t_r[2719]_i_1,LUT6,SLICE_X13Y223,SLICEL.B6LUT,64'hFEAAAAAAAAAAAAAA
u_dut/t_r[271]_i_1,LUT6,SLICE_X21Y238,SLICEL.C6LUT,64'hE000000000000000
u_dut/t_r[2720]_i_1,LUT6,SLICE_X11Y222,SLICEL.D6LUT,64'hFEAAAAAAAAAAAAAA
u_dut/t_r[2720]_i_2,LUT2,SLICE_X12Y222,SLICEM.A6LUT,4'hE
u_dut/t_r[2721]_i_1,LUT6,SLICE_X5Y222,SLICEL.B6LUT,64'hFFFFFFFFFFFFE000
u_dut/t_r[2722]_i_1,LUT6,SLICE_X5Y222,SLICEL.C6LUT,64'hFFFFFFFFFFFF8000
u_dut/t_r[2722]_i_2,LUT3,SLICE_X5Y221,SLICEL.B6LUT,8'h80
u_dut/t_r[2723]_i_1,LUT6,SLICE_X7Y226,SLICEL.D6LUT,64'hFFFFFFEA00000000
u_dut/t_r[2724]_i_1,LUT6,SLICE_X7Y226,SLICEL.A6LUT,64'hFFAAFEAA00000000
u_dut/t_r[2725]_i_1,LUT5,SLICE_X7Y223,SLICEL.B6LUT,32'hFFAAFEAA
u_dut/t_r[2726]_i_1,LUT4,SLICE_X7Y225,SLICEL.A6LUT,16'h8880
u_dut/t_r[2727]_i_1,LUT6,SLICE_X7Y225,SLICEL.C6LUT,64'h8800880088008000
u_dut/t_r[2728]_i_1,LUT4,SLICE_X7Y225,SLICEL.A5LUT,16'h8000
u_dut/t_r[2729]_i_1,LUT5,SLICE_X7Y225,SLICEL.D6LUT,32'hFFFFF0E0
u_dut/t_r[2729]_i_2,LUT6,SLICE_X7Y225,SLICEL.B6LUT,64'h8000000000000000
u_dut/t_r[272]_i_1,LUT6,SLICE_X23Y241,SLICEL.B6LUT,64'hFF80000000000000
u_dut/t_r[272]_i_2,LUT6,SLICE_X24Y238,SLICEL.C6LUT,64'h8000000000000000
u_dut/t_r[272]_i_3,LUT3,SLICE_X17Y239,SLICEL.A5LUT,8'h80
u_dut/t_r[2730]_i_1,LUT6,SLICE_X6Y227,SLICEM.D6LUT,64'h8888888888888880
u_dut/t_r[2731]_i_1,LUT6,SLICE_X17Y227,SLICEL.A6LUT,64'h8888888088808880
u_dut/t_r[2732]_i_1,LUT4,SLICE_X17Y227,SLICEL.B6LUT,16'h8880
u_dut/t_r[2733]_i_1,LUT6,SLICE_X17Y227,SLICEL.C6LUT,64'h8888888080808080
u_dut/t_r[2734]_i_1,LUT5,SLICE_X11Y229,SLICEL.A6LUT,32'h88808080
u_dut/t_r[2735]_i_1,LUT6,SLICE_X11Y229,SLICEL.B6LUT,64'h8880808080808080
u_dut/t_r[2736]_i_1,LUT3,SLICE_X17Y227,SLICEL.B5LUT,8'h80
u_dut/t_r[2737]_i_1,LUT6,SLICE_X6Y227,SLICEM.A6LUT,64'h8800880088008000
u_dut/t_r[2739]_i_1,LUT6,SLICE_X6Y227,SLICEM.B6LUT,64'h8800800080008000
u_dut/t_r[273]_i_1,LUT5,SLICE_X23Y236,SLICEL.A6LUT,32'hAAAAAAA8
u_dut/t_r[2741]_i_1,LUT6,SLICE_X6Y227,SLICEM.C6LUT,64'hE000000000000000
u_dut/t_r[2742]_i_1,LUT5,SLICE_X11Y229,SLICEL.A5LUT,32'h80000000
u_dut/t_r[2743]_i_1,LUT6,SLICE_X7Y227,SLICEL.D6LUT,64'hFFFFFFFFFF00F800
u_dut/t_r[2743]_i_2,LUT6,SLICE_X11Y229,SLICEL.C6LUT,64'h8000000000000000
u_dut/t_r[2744]_i_1,LUT3,SLICE_X7Y223,SLICEL.B5LUT,8'h80
u_dut/t_r[2745]_i_1,LUT5,SLICE_X7Y228,SLICEL.B6LUT,32'hAAAAAAA8
u_dut/t_r[2746]_i_1,LUT6,SLICE_X7Y228,SLICEL.C6LUT,64'h8080808080808000
u_dut/t_r[2747]_i_1,LUT5,SLICE_X7Y228,SLICEL.B5LUT,32'hAAA8A8A8
u_dut/t_r[2748]_i_1,LUT5,SLICE_X3Y228,SLICEL.A5LUT,32'h80808000
u_dut/t_r[2749]_i_1,LUT5,SLICE_X7Y228,SLICEL.D6LUT,32'hAAA88888
u_dut/t_r[274]_i_1,LUT4,SLICE_X23Y236,SLICEL.B6LUT,16'hAAA8
u_dut/t_r[2750]_i_1,LUT6,SLICE_X7Y226,SLICEL.B6LUT,64'h8080800080008000
u_dut/t_r[2751]_i_1,LUT4,SLICE_X7Y226,SLICEL.C6LUT,16'h8000
u_dut/t_r[2752]_i_1,LUT5,SLICE_X7Y228,SLICEL.D5LUT,32'hA0A0A080
u_dut/t_r[2753]_i_1,LUT5,SLICE_X7Y228,SLICEL.A5LUT,32'hC8880000
u_dut/t_r[2754]_i_1,LUT4,SLICE_X5Y228,SLICEL.C6LUT,16'hFAEA
u_dut/t_r[2754]_i_2,LUT6,SLICE_X3Y222,SLICEL.A6LUT,64'hE000000000000000
u_dut/t_r[2755]_i_1,LUT2,SLICE_X3Y228,SLICEL.B6LUT,4'h8
u_dut/t_r[2756]_i_1,LUT6,SLICE_X4Y229,SLICEL.C6LUT,64'hFEEE000000000000
u_dut/t_r[2757]_i_1,LUT5,SLICE_X4Y229,SLICEL.A6LUT,32'hEA000000
u_dut/t_r[2758]_i_1,LUT3,SLICE_X4Y229,SLICEL.B6LUT,8'h80
u_dut/t_r[2759]_i_1,LUT5,SLICE_X4Y229,SLICEL.A5LUT,32'hC8000000
u_dut/t_r[275]_i_1,LUT6,SLICE_X23Y236,SLICEL.D6LUT,64'h8000800080000000
u_dut/t_r[2760]_i_1,LUT4,SLICE_X4Y228,SLICEL.A6LUT,16'h8000
u_dut/t_r[2761]_i_1,LUT6,SLICE_X4Y228,SLICEL.B6LUT,64'hE000000000000000
u_dut/t_r[2762]_i_1,LUT5,SLICE_X4Y228,SLICEL.A5LUT,32'h80000000
u_dut/t_r[2763]_i_1,LUT6,SLICE_X4Y229,SLICEL.D6LUT,64'hFFFFFFA8FF00FF00
u_dut/t_r[2763]_i_2,LUT6,SLICE_X4Y228,SLICEL.C6LUT,64'h8000000000000000
u_dut/t_r[2764]_i_1,LUT4,SLICE_X5Y228,SLICEL.A6LUT,16'hE000
u_dut/t_r[2765]_i_1,LUT6,SLICE_X9Y227,SLICEL.D6LUT,64'h8888888888888880
u_dut/t_r[2766]_i_1,LUT6,SLICE_X9Y227,SLICEL.A6LUT,64'h8080808080808000
u_dut/t_r[2767]_i_1,LUT6,SLICE_X3Y226,SLICEL.A6LUT,64'h8888888088808880
u_dut/t_r[2768]_i_1,LUT5,SLICE_X9Y227,SLICEL.B6LUT,32'h80808000
u_dut/t_r[2769]_i_1,LUT6,SLICE_X18Y225,SLICEM.A6LUT,64'h8888888080808080
u_dut/t_r[276]_i_1,LUT4,SLICE_X23Y236,SLICEL.B5LUT,16'hA888
u_dut/t_r[2770]_i_1,LUT6,SLICE_X5Y229,SLICEL.A6LUT,64'h8080800080008000
u_dut/t_r[2771]_i_1,LUT6,SLICE_X18Y225,SLICEM.B6LUT,64'h8880808080808080
u_dut/t_r[2772]_i_1,LUT4,SLICE_X3Y228,SLICEL.B5LUT,16'h8000
u_dut/t_r[2774]_i_1,LUT6,SLICE_X5Y229,SLICEL.B6LUT,64'h8080000080000000
u_dut/t_r[2775]_i_1,LUT6,SLICE_X3Y228,SLICEL.C6LUT,64'h8800800080008000
u_dut/t_r[2776]_i_1,LUT5,SLICE_X9Y227,SLICEL.B5LUT,32'h80000000
u_dut/t_r[2777]_i_1,LUT6,SLICE_X9Y227,SLICEL.C6LUT,64'hE000000000000000
u_dut/t_r[2778]_i_1,LUT6,SLICE_X18Y225,SLICEM.C6LUT,64'h8000000000000000
u_dut/t_r[2779]_i_1,LUT5,SLICE_X7Y225,SLICEL.D5LUT,32'hFFF8F0F0
u_dut/t_r[2779]_i_2,LUT6,SLICE_X3Y227,SLICEL.A6LUT,64'h8000000000000000
u_dut/t_r[277]_i_1,LUT6,SLICE_X23Y236,SLICEL.C6LUT,64'h8000000000000000
u_dut/t_r[2780]_i_1,LUT5,SLICE_X5Y228,SLICEL.A5LUT,32'hC8000000
u_dut/t_r[2781]_i_1,LUT6,SLICE_X2Y228,SLICEM.D6LUT,64'h8888888088808880
u_dut/t_r[2782]_i_1,LUT6,SLICE_X2Y228,SLICEM.A6LUT,64'h8080800080008000
u_dut/t_r[2783]_i_1,LUT6,SLICE_X2Y228,SLICEM.B6LUT,64'h8080000080000000
u_dut/t_r[2784]_i_1,LUT6,SLICE_X2Y229,SLICEM.C6LUT,64'hFFFFFF80FF00FF00
u_dut/t_r[2784]_i_2,LUT6,SLICE_X2Y228,SLICEM.C6LUT,64'h8000000000000000
u_dut/t_r[2785]_i_1,LUT3,SLICE_X5Y228,SLICEL.C5LUT,8'hF8
u_dut/t_r[2785]_i_2,LUT6,SLICE_X5Y228,SLICEL.B6LUT,64'h8080800080008000
u_dut/t_r[2786]_i_1,LUT2,SLICE_X8Y224,SLICEM.B6LUT,4'h8
u_dut/t_r[2787]_i_1,LUT6,SLICE_X23Y225,SLICEL.B6LUT,64'hFFF0FEF0F0F0F0F0
u_dut/t_r[2788]_i_1,LUT6,SLICE_X13Y218,SLICEL.B6LUT,64'hFFF0F8F0F0F0F0F0
u_dut/t_r[2789]_i_1,LUT5,SLICE_X13Y218,SLICEL.C6LUT,32'hFCECCCCC
u_dut/t_r[278]_i_1,LUT6,SLICE_X19Y237,SLICEL.A6LUT,64'h8000000000000000
u_dut/t_r[2790]_i_1,LUT6,SLICE_X13Y218,SLICEL.D6LUT,64'hFAAAEAAAAAAAAAAA
u_dut/t_r[2790]_i_2,LUT4,SLICE_X13Y218,SLICEL.C5LUT,16'hFF80
u_dut/t_r[2791]_i_1,LUT6,SLICE_X7Y223,SLICEL.C6LUT,64'hFFF8F8F8F0F0F0F0
u_dut/t_r[2792]_i_1,LUT6,SLICE_X8Y224,SLICEM.C6LUT,64'h8080808080808000
u_dut/t_r[2793]_i_1,LUT6,SLICE_X8Y224,SLICEM.A6LUT,64'h8888888088808880
u_dut/t_r[2794]_i_1,LUT6,SLICE_X8Y223,SLICEM.B6LUT,64'hFEEEAAAAAAAAAAAA
u_dut/t_r[2795]_i_1,LUT6,SLICE_X12Y223,SLICEM.B6LUT,64'hA080000000000000
u_dut/t_r[2796]_i_1,LUT6,SLICE_X16Y219,SLICEM.C6LUT,64'hFAAAAAAAEAAAAAAA
u_dut/t_r[2797]_i_1,LUT6,SLICE_X12Y223,SLICEM.C6LUT,64'h8000000000000000
u_dut/t_r[2798]_i_1,LUT6,SLICE_X12Y222,SLICEM.C6LUT,64'hFFFFFFFE00000000
u_dut/t_r[2799]_i_1,LUT5,SLICE_X12Y215,SLICEM.A6LUT,32'hFEEE0000
u_dut/t_r[279]_i_1,LUT5,SLICE_X23Y236,SLICEL.A5LUT,32'hA0808080
u_dut/t_r[27]_i_1,LUT5,SLICE_X25Y232,SLICEL.B5LUT,32'h80000000
u_dut/t_r[2800]_i_1,LUT6,SLICE_X12Y215,SLICEM.B6LUT,64'hFEEEAAAA00000000
u_dut/t_r[2801]_i_1,LUT6,SLICE_X12Y222,SLICEM.B6LUT,64'hCCCCCCC800000000
u_dut/t_r[2802]_i_1,LUT5,SLICE_X12Y215,SLICEM.A5LUT,32'hC8880000
u_dut/t_r[2803]_i_1,LUT4,SLICE_X12Y215,SLICEM.C6LUT,16'hF0E0
u_dut/t_r[2803]_i_2,LUT4,SLICE_X12Y222,SLICEM.A5LUT,16'h8000
u_dut/t_r[2804]_i_1,LUT6,SLICE_X13Y223,SLICEL.C6LUT,64'hFFFEEEEE00000000
u_dut/t_r[2804]_i_2,LUT3,SLICE_X12Y223,SLICEM.A5LUT,8'hFE
u_dut/t_r[2805]_i_1,LUT6,SLICE_X2Y221,SLICEM.A6LUT,64'hFEEE000000000000
u_dut/t_r[2806]_i_1,LUT5,SLICE_X8Y221,SLICEM.D6LUT,32'hEA000000
u_dut/t_r[2807]_i_1,LUT6,SLICE_X17Y221,SLICEL.C6LUT,64'hFEAAAAAAEEAAAAAA
u_dut/t_r[2808]_i_1,LUT6,SLICE_X16Y221,SLICEM.D6LUT,64'hFEAAAAAAAAAAAAAA
u_dut/t_r[2809]_i_1,LUT6,SLICE_X17Y221,SLICEL.D6LUT,64'hFEAAAAAAAAAAAAAA
u_dut/t_r[2810]_i_1,LUT6,SLICE_X8Y221,SLICEM.A6LUT,64'h8000800080000000
u_dut/t_r[2811]_i_1,LUT5,SLICE_X8Y221,SLICEM.B6LUT,32'h80000000
u_dut/t_r[2812]_i_1,LUT3,SLICE_X6Y221,SLICEM.C6LUT,8'hE0
u_dut/t_r[2812]_i_2,LUT6,SLICE_X8Y221,SLICEM.C6LUT,64'h8000000000000000
u_dut/t_r[2813]_i_1,LUT6,SLICE_X21Y229,SLICEL.D6LUT,64'hCCCCCCC8CC00CC00
u_dut/t_r[2814]_i_1,LUT6,SLICE_X16Y223,SLICEM.D6LUT,64'hCCCCCCC8CC00CC00
u_dut/t_r[2815]_i_1,LUT6,SLICE_X22Y228,SLICEM.C6LUT,64'hCCCCCCC8CC00CC00
u_dut/t_r[2818]_i_1,LUT6,SLICE_X21Y221,SLICEL.D6LUT,64'hFAFAFAF800000000
u_dut/t_r[281]_i_1,LUT4,SLICE_X23Y239,SLICEL.D5LUT,16'h8000
u_dut/t_r[2821]_i_1,LUT5,SLICE_X5Y220,SLICEL.A6LUT,32'hC8880000
u_dut/t_r[2822]_i_1,LUT5,SLICE_X5Y221,SLICEL.B5LUT,32'hC8880000
u_dut/t_r[2823]_i_1,LUT6,SLICE_X6Y221,SLICEM.B6LUT,64'hA0A0A08000000000
u_dut/t_r[2824]_i_1,LUT5,SLICE_X5Y220,SLICEL.B6LUT,32'hA0800000
u_dut/t_r[2825]_i_1,LUT4,SLICE_X6Y221,SLICEM.C5LUT,16'hEA00
u_dut/t_r[2825]_i_2,LUT6,SLICE_X6Y221,SLICEM.A6LUT,64'hAAA8000000000000
u_dut/t_r[2825]_i_3,LUT2,SLICE_X6Y222,SLICEM.A5LUT,4'h8
u_dut/t_r[2826]_i_1,LUT6,SLICE_X22Y228,SLICEM.D6LUT,64'hFFFF0000E0000000
u_dut/t_r[2827]_i_1,LUT6,SLICE_X5Y222,SLICEL.D6LUT,64'hFE00AA00EE00AA00
u_dut/t_r[2827]_i_2,LUT2,SLICE_X5Y220,SLICEL.A5LUT,4'h8
u_dut/t_r[2827]_i_3,LUT2,SLICE_X5Y222,SLICEL.A5LUT,4'h8
u_dut/t_r[2828]_i_1,LUT6,SLICE_X9Y223,SLICEL.A6LUT,64'hFFFE000000000000
u_dut/t_r[2829]_i_1,LUT6,SLICE_X3Y229,SLICEL.B6LUT,64'hFFF8F8F800000000
u_dut/t_r[2829]_i_2,LUT3,SLICE_X4Y229,SLICEL.B5LUT,8'h80
u_dut/t_r[2829]_i_3,LUT3,SLICE_X7Y226,SLICEL.C5LUT,8'h80
u_dut/t_r[2829]_i_4,LUT4,SLICE_X22Y226,SLICEM.C5LUT,16'hFFFE
u_dut/t_r[282]_i_1,LUT3,SLICE_X12Y237,SLICEM.D6LUT,8'h80
u_dut/t_r[282]_i_2,LUT5,SLICE_X23Y237,SLICEL.A5LUT,32'h80000000
u_dut/t_r[282]_i_3,LUT5,SLICE_X22Y239,SLICEM.D5LUT,32'h80000000
u_dut/t_r[2831]_i_1,LUT6,SLICE_X33Y216,SLICEL.A6LUT,64'hFFFFFFFFFFFFFFF8
u_dut/t_r[2832]_i_1,LUT6,SLICE_X28Y215,SLICEL.D6LUT,64'hFFFFFFFFFFFFFFF8
u_dut/t_r[2835]_i_1,LUT3,SLICE_X31Y216,SLICEL.A6LUT,8'hE0
u_dut/t_r[2836]_i_1,LUT2,SLICE_X31Y216,SLICEL.B6LUT,4'h8
u_dut/t_r[2837]_i_1,LUT3,SLICE_X31Y216,SLICEL.A5LUT,8'h80
u_dut/t_r[2838]_i_1,LUT5,SLICE_X33Y216,SLICEL.D6LUT,32'hFFFEFEFE
u_dut/t_r[2838]_i_2,LUT6,SLICE_X31Y216,SLICEL.D6LUT,64'h8000000000000000
u_dut/t_r[2839]_i_1,LUT6,SLICE_X33Y214,SLICEL.D6LUT,64'hFEEEEEEE00000000
u_dut/t_r[283]_i_1,LUT5,SLICE_X16Y237,SLICEM.A6LUT,32'hFFFE0000
u_dut/t_r[2840]_i_1,LUT6,SLICE_X33Y214,SLICEL.A6LUT,64'hEAAAAAAA00000000
u_dut/t_r[2841]_i_1,LUT6,SLICE_X33Y214,SLICEL.B6LUT,64'hC888888800000000
u_dut/t_r[2842]_i_1,LUT3,SLICE_X34Y213,SLICEL.D6LUT,8'hFE
u_dut/t_r[2842]_i_2,LUT6,SLICE_X33Y214,SLICEL.C6LUT,64'h8000000000000000
u_dut/t_r[2843]_i_1,LUT6,SLICE_X34Y214,SLICEL.D6LUT,64'hFEEEEEEE00000000
u_dut/t_r[2844]_i_1,LUT6,SLICE_X34Y214,SLICEL.A6LUT,64'hEAAAAAAA00000000
u_dut/t_r[2845]_i_1,LUT6,SLICE_X34Y214,SLICEL.B6LUT,64'hC888888800000000
u_dut/t_r[2846]_i_1,LUT5,SLICE_X34Y213,SLICEL.D5LUT,32'hFFFFFFA8
u_dut/t_r[2846]_i_2,LUT5,SLICE_X34Y214,SLICEL.C6LUT,32'h80000000
u_dut/t_r[2847]_i_1,LUT6,SLICE_X29Y216,SLICEL.B6LUT,64'hFFFFFFF8FFF0FFF0
u_dut/t_r[2848]_i_1,LUT6,SLICE_X29Y215,SLICEL.B6LUT,64'hFFFFFFF8FFF0FFF0
u_dut/t_r[2849]_i_1,LUT6,SLICE_X31Y212,SLICEL.B6LUT,64'hFAAAEAAAAAAAAAAA
u_dut/t_r[2849]_i_2,LUT4,SLICE_X32Y212,SLICEL.A6LUT,16'hFFF8
u_dut/t_r[2849]_i_3,LUT2,SLICE_X31Y212,SLICEL.C6LUT,4'h8
u_dut/t_r[284]_i_1,LUT6,SLICE_X21Y240,SLICEL.B6LUT,64'hFE00000000000000
u_dut/t_r[2850]_i_1,LUT6,SLICE_X34Y213,SLICEL.A6LUT,64'hFFFFFFF8FFF0FFF0
u_dut/t_r[2851]_i_1,LUT6,SLICE_X34Y216,SLICEL.D6LUT,64'hFEEE000000000000
u_dut/t_r[2852]_i_1,LUT6,SLICE_X34Y216,SLICEL.A6LUT,64'h8880808080808080
u_dut/t_r[2853]_i_1,LUT6,SLICE_X34Y216,SLICEL.B6LUT,64'h8800800080008000
u_dut/t_r[2854]_i_1,LUT5,SLICE_X33Y216,SLICEL.D5LUT,32'hFFFFFF80
u_dut/t_r[2854]_i_2,LUT6,SLICE_X34Y216,SLICEL.C6LUT,64'hE000000000000000
u_dut/t_r[2855]_i_1,LUT6,SLICE_X33Y213,SLICEL.D6LUT,64'h8888888088808880
u_dut/t_r[2856]_i_1,LUT6,SLICE_X33Y213,SLICEL.A6LUT,64'hEAEAEAAA00000000
u_dut/t_r[2856]_i_2,LUT3,SLICE_X33Y213,SLICEL.B6LUT,8'h80
u_dut/t_r[2857]_i_1,LUT6,SLICE_X33Y213,SLICEL.C6LUT,64'h8800800080008000
u_dut/t_r[2857]_i_2,LUT2,SLICE_X33Y213,SLICEL.B5LUT,4'h8
u_dut/t_r[2858]_i_1,LUT2,SLICE_X35Y213,SLICEL.B6LUT,4'hE
u_dut/t_r[2858]_i_2,LUT6,SLICE_X33Y212,SLICEL.A6LUT,64'hE000000000000000
u_dut/t_r[2859]_i_1,LUT6,SLICE_X29Y213,SLICEL.C6LUT,64'hFFFEEEEE00000000
u_dut/t_r[285]_i_1,LUT5,SLICE_X16Y237,SLICEM.B6LUT,32'hE0000000
u_dut/t_r[2860]_i_1,LUT6,SLICE_X29Y213,SLICEL.A6LUT,64'hEAEAEAAA00000000
u_dut/t_r[2861]_i_1,LUT4,SLICE_X29Y213,SLICEL.B6LUT,16'hC800
u_dut/t_r[2862]_i_1,LUT5,SLICE_X35Y214,SLICEL.C6LUT,32'hFFFEF0F0
u_dut/t_r[2862]_i_2,LUT4,SLICE_X29Y213,SLICEL.B5LUT,16'h8000
u_dut/t_r[2863]_i_1,LUT5,SLICE_X27Y216,SLICEL.A6LUT,32'h88888880
u_dut/t_r[2864]_i_1,LUT5,SLICE_X27Y216,SLICEL.B6LUT,32'h88808080
u_dut/t_r[2865]_i_1,LUT5,SLICE_X27Y216,SLICEL.B5LUT,32'h88008000
u_dut/t_r[2866]_i_1,LUT4,SLICE_X27Y215,SLICEL.C6LUT,16'hFECC
u_dut/t_r[2866]_i_2,LUT5,SLICE_X27Y216,SLICEL.A5LUT,32'h80000000
u_dut/t_r[2867]_i_1,LUT5,SLICE_X30Y214,SLICEL.A6LUT,32'h88888880
u_dut/t_r[2868]_i_1,LUT5,SLICE_X30Y214,SLICEL.A5LUT,32'h88808080
u_dut/t_r[2869]_i_1,LUT6,SLICE_X30Y214,SLICEL.C6LUT,64'hCCC8C8C800000000
u_dut/t_r[2869]_i_2,LUT2,SLICE_X32Y212,SLICEL.B6LUT,4'h8
u_dut/t_r[286]_i_1,LUT5,SLICE_X16Y237,SLICEM.A5LUT,32'hFEAA0000
u_dut/t_r[2870]_i_1,LUT5,SLICE_X30Y214,SLICEL.D6LUT,32'hFFF8F0F0
u_dut/t_r[2870]_i_2,LUT6,SLICE_X30Y214,SLICEL.B6LUT,64'hA888000000000000
u_dut/t_r[2871]_i_1,LUT6,SLICE_X33Y216,SLICEL.B6LUT,64'hFFFFFFFFAAAAAA80
u_dut/t_r[2872]_i_1,LUT6,SLICE_X35Y216,SLICEL.A6LUT,64'hFAEAEAEAEAEAEAEA
u_dut/t_r[2873]_i_1,LUT6,SLICE_X35Y217,SLICEL.B6LUT,64'hFFFFFFFFAAAA8000
u_dut/t_r[2873]_i_2,LUT3,SLICE_X35Y217,SLICEL.C6LUT,8'hC8
u_dut/t_r[2874]_i_1,LUT6,SLICE_X33Y216,SLICEL.C6LUT,64'hFFFFFFFFAA800000
u_dut/t_r[2874]_i_2,LUT3,SLICE_X31Y216,SLICEL.C6LUT,8'h80
u_dut/t_r[2874]_i_3,LUT2,SLICE_X35Y213,SLICEL.A6LUT,4'h8
u_dut/t_r[2874]_i_4,LUT3,SLICE_X32Y212,SLICEL.A5LUT,8'hF8
u_dut/t_r[2875]_i_1,LUT6,SLICE_X35Y215,SLICEL.D6LUT,64'hFFFEFEFE00000000
u_dut/t_r[2876]_i_1,LUT6,SLICE_X35Y215,SLICEL.A6LUT,64'hFAF8000000000000
u_dut/t_r[2877]_i_1,LUT6,SLICE_X35Y215,SLICEL.B6LUT,64'hCCC8000000000000
u_dut/t_r[2878]_i_1,LUT5,SLICE_X35Y214,SLICEL.C5LUT,32'hFFFF8880
u_dut/t_r[2878]_i_2,LUT6,SLICE_X35Y215,SLICEL.C6LUT,64'h8880000000000000
u_dut/t_r[2879]_i_1,LUT6,SLICE_X31Y214,SLICEL.D6LUT,64'hFFFE000000000000
u_dut/t_r[287]_i_1,LUT6,SLICE_X16Y237,SLICEM.C6LUT,64'hEA00000000000000
u_dut/t_r[2880]_i_1,LUT6,SLICE_X31Y214,SLICEL.A6LUT,64'h8888808088888000
u_dut/t_r[2881]_i_1,LUT6,SLICE_X31Y214,SLICEL.B6LUT,64'hCCC8000000000000
u_dut/t_r[2882]_i_1,LUT4,SLICE_X30Y214,SLICEL.D5LUT,16'hFF80
u_dut/t_r[2882]_i_2,LUT6,SLICE_X31Y214,SLICEL.C6LUT,64'hA800000000000000
u_dut/t_r[2883]_i_1,LUT6,SLICE_X35Y214,SLICEL.B6LUT,64'hFFFE000000000000
u_dut/t_r[2884]_i_1,LUT6,SLICE_X36Y215,SLICEL.A6LUT,64'hFAFAFAF800000000
u_dut/t_r[2885]_i_1,LUT6,SLICE_X36Y215,SLICEL.B6LUT,64'hCCCCCCC800000000
u_dut/t_r[2885]_i_2,LUT3,SLICE_X36Y215,SLICEL.C6LUT,8'h80
u_dut/t_r[2886]_i_1,LUT5,SLICE_X35Y213,SLICEL.B5LUT,32'hFFFF8000
u_dut/t_r[2886]_i_2,LUT6,SLICE_X35Y214,SLICEL.A6LUT,64'hAAA8000000000000
u_dut/t_r[2886]_i_3,LUT2,SLICE_X36Y215,SLICEL.C5LUT,4'h8
u_dut/t_r[2887]_i_1,LUT6,SLICE_X27Y217,SLICEL.D6LUT,64'hFFFFFFFE00000000
u_dut/t_r[2888]_i_1,LUT6,SLICE_X27Y217,SLICEL.A6LUT,64'hFAFAFAF800000000
u_dut/t_r[2889]_i_1,LUT6,SLICE_X27Y217,SLICEL.B6LUT,64'hCCCCCCC800000000
u_dut/t_r[288]_i_1,LUT4,SLICE_X15Y239,SLICEL.A5LUT,16'h8000
u_dut/t_r[2890]_i_1,LUT6,SLICE_X27Y217,SLICEL.C6LUT,64'h8888888000000000
u_dut/t_r[2890]_i_2,LUT4,SLICE_X31Y216,SLICEL.C5LUT,16'h8000
u_dut/t_r[2891]_i_1,LUT6,SLICE_X27Y215,SLICEL.B6LUT,64'hFFFFFFFE00000000
u_dut/t_r[2892]_i_1,LUT3,SLICE_X27Y215,SLICEL.A6LUT,8'hE0
u_dut/t_r[2893]_i_1,LUT2,SLICE_X32Y212,SLICEL.C6LUT,4'h8
u_dut/t_r[2894]_i_1,LUT3,SLICE_X27Y215,SLICEL.A5LUT,8'h80
u_dut/t_r[2895]_i_1,LUT5,SLICE_X27Y215,SLICEL.C5LUT,32'hF0F0F0E0
u_dut/t_r[2896]_i_1,LUT6,SLICE_X29Y216,SLICEL.C6LUT,64'hFFFEFEFE00000000
u_dut/t_r[2896]_i_2,LUT2,SLICE_X31Y216,SLICEL.B5LUT,4'hE
u_dut/t_r[2897]_i_1,LUT6,SLICE_X29Y216,SLICEL.D6LUT,64'hFFFEFEFE00000000
u_dut/t_r[289]_i_1,LUT5,SLICE_X15Y239,SLICEL.B6LUT,32'hCCC80000
u_dut/t_r[28]_i_1,LUT4,SLICE_X32Y236,SLICEL.A5LUT,16'h8000
u_dut/t_r[28]_i_2,LUT5,SLICE_X33Y236,SLICEL.B5LUT,32'hF8000000
u_dut/t_r[2900]_i_1,LUT6,SLICE_X35Y216,SLICEL.B6LUT,64'hFF00FC00FE00FC00
u_dut/t_r[2901]_i_1,LUT6,SLICE_X25Y212,SLICEL.B6LUT,64'hFF00FC00FE00FC00
u_dut/t_r[2901]_i_2,LUT5,SLICE_X25Y212,SLICEL.C6LUT,32'hFFFF8000
u_dut/t_r[2902]_i_1,LUT6,SLICE_X28Y216,SLICEL.A6LUT,64'hFF00FC00FE00FC00
u_dut/t_r[2904]_i_1,LUT6,SLICE_X35Y216,SLICEL.C6LUT,64'hFF00FF00FF008000
u_dut/t_r[2904]_i_2,LUT5,SLICE_X36Y216,SLICEL.C6LUT,32'hFFFFFF80
u_dut/t_r[2905]_i_1,LUT6,SLICE_X28Y216,SLICEL.B6LUT,64'hFF00FF00FF008000
u_dut/t_r[2905]_i_2,LUT5,SLICE_X27Y216,SLICEL.C6LUT,32'hFF008000
u_dut/t_r[2906]_i_1,LUT6,SLICE_X28Y216,SLICEL.C6LUT,64'hF0C0F0C0F0C0E0C0
u_dut/t_r[2906]_i_2,LUT4,SLICE_X29Y215,SLICEL.C6LUT,16'hFFF8
u_dut/t_r[2907]_i_1,LUT6,SLICE_X29Y215,SLICEL.D6LUT,64'hF0C0F0C0F0C0E0C0
u_dut/t_r[2907]_i_2,LUT4,SLICE_X29Y215,SLICEL.C5LUT,16'hFF80
u_dut/t_r[2908]_i_1,LUT6,SLICE_X34Y213,SLICEL.B6LUT,64'hF0C0F0C0F0C0E0C0
u_dut/t_r[2908]_i_2,LUT4,SLICE_X34Y214,SLICEL.C5LUT,16'h8000
u_dut/t_r[2909]_i_1,LUT6,SLICE_X28Y216,SLICEL.D6LUT,64'hFE00AA00EE00AA00
u_dut/t_r[2909]_i_2,LUT5,SLICE_X27Y216,SLICEL.C5LUT,32'hFF00E000
u_dut/t_r[290]_i_1,LUT6,SLICE_X21Y240,SLICEL.A6LUT,64'hC800000000000000
u_dut/t_r[2910]_i_1,LUT6,SLICE_X36Y216,SLICEL.D6LUT,64'hF0C0C0C0E0C0C0C0
u_dut/t_r[2910]_i_2,LUT5,SLICE_X36Y216,SLICEL.C5LUT,32'hFFFFFFA8
u_dut/t_r[2911]_i_1,LUT6,SLICE_X32Y212,SLICEL.D6LUT,64'hFFF0F0F0F8F0F0F0
u_dut/t_r[2911]_i_2,LUT2,SLICE_X31Y212,SLICEL.C5LUT,4'hE
u_dut/t_r[2911]_i_3,LUT2,SLICE_X32Y212,SLICEL.B5LUT,4'h8
u_dut/t_r[2911]_i_4,LUT2,SLICE_X32Y212,SLICEL.C5LUT,4'h8
u_dut/t_r[2912]_i_1,LUT6,SLICE_X34Y213,SLICEL.C6LUT,64'hFFFF000080000000
u_dut/t_r[2912]_i_2,LUT3,SLICE_X35Y213,SLICEL.A5LUT,8'h80
u_dut/t_r[2913]_i_1,LUT6,SLICE_X35Y216,SLICEL.D6LUT,64'hFE000000EE000000
u_dut/t_r[2913]_i_2,LUT3,SLICE_X35Y217,SLICEL.C5LUT,8'hF8
u_dut/t_r[2914]_i_1,LUT6,SLICE_X25Y212,SLICEL.D6LUT,64'hFF00800000000000
u_dut/t_r[2914]_i_2,LUT4,SLICE_X25Y212,SLICEL.C5LUT,16'hFECC
u_dut/t_r[291]_i_1,LUT5,SLICE_X16Y237,SLICEM.B5LUT,32'h80000000
u_dut/t_r[292]_i_1,LUT5,SLICE_X15Y239,SLICEL.B5LUT,32'hE0000000
u_dut/t_r[293]_i_1,LUT6,SLICE_X15Y239,SLICEL.C6LUT,64'hFE00000000000000
u_dut/t_r[293]_i_2,LUT6,SLICE_X16Y237,SLICEM.D6LUT,64'h8000000000000000
u_dut/t_r[294]_i_1,LUT5,SLICE_X19Y236,SLICEL.B6LUT,32'hE0000000
u_dut/t_r[296]_i_1,LUT5,SLICE_X18Y238,SLICEM.A6LUT,32'h88888880
u_dut/t_r[297]_i_1,LUT6,SLICE_X18Y238,SLICEM.C6LUT,64'h8888888088808880
u_dut/t_r[298]_i_1,LUT6,SLICE_X18Y238,SLICEM.B6LUT,64'h8000800080000000
u_dut/t_r[299]_i_1,LUT5,SLICE_X18Y238,SLICEM.A5LUT,32'h88808080
u_dut/t_r[29]_i_1,LUT2,SLICE_X32Y236,SLICEL.D5LUT,4'hE
u_dut/t_r[29]_i_2,LUT6,SLICE_X32Y236,SLICEL.C6LUT,64'h8000000000000000
u_dut/t_r[2]_i_1,LUT6,SLICE_X40Y228,SLICEL.C6LUT,64'hFFFFFFFFFFFFFF80
u_dut/t_r[2]_i_2,LUT4,SLICE_X39Y228,SLICEL.A5LUT,16'hFFF8
u_dut/t_r[300]_i_1,LUT6,SLICE_X20Y239,SLICEM.A6LUT,64'h8880808080808080
u_dut/t_r[302]_i_1,LUT6,SLICE_X22Y237,SLICEM.A6LUT,64'h8800880088008000
u_dut/t_r[303]_i_1,LUT5,SLICE_X12Y238,SLICEM.B5LUT,32'h88008000
u_dut/t_r[304]_i_1,LUT6,SLICE_X20Y239,SLICEM.B6LUT,64'h8800800080008000
u_dut/t_r[305]_i_1,LUT6,SLICE_X22Y237,SLICEM.B6LUT,64'h8000000000000000
u_dut/t_r[306]_i_1,LUT6,SLICE_X22Y237,SLICEM.C6LUT,64'hE000000000000000
u_dut/t_r[307]_i_1,LUT5,SLICE_X18Y241,SLICEM.A5LUT,32'hE0000000
u_dut/t_r[307]_i_2,LUT6,SLICE_X22Y237,SLICEM.D6LUT,64'h8000000000000000
u_dut/t_r[308]_i_1,LUT4,SLICE_X19Y236,SLICEL.D6LUT,16'h8000
u_dut/t_r[309]_i_1,LUT6,SLICE_X11Y237,SLICEL.C6LUT,64'h8888888888888880
u_dut/t_r[30]_i_1,LUT5,SLICE_X27Y234,SLICEL.A6LUT,32'hFFFE0000
u_dut/t_r[310]_i_1,LUT5,SLICE_X23Y232,SLICEL.A6LUT,32'hFE000000
u_dut/t_r[311]_i_1,LUT6,SLICE_X19Y235,SLICEL.A6LUT,64'h8888888088808880
u_dut/t_r[312]_i_1,LUT6,SLICE_X23Y232,SLICEL.B6LUT,64'h8000800080000000
u_dut/t_r[313]_i_1,LUT6,SLICE_X11Y237,SLICEL.A6LUT,64'h8888888080808080
u_dut/t_r[314]_i_1,LUT5,SLICE_X23Y232,SLICEL.A5LUT,32'h88808080
u_dut/t_r[315]_i_1,LUT6,SLICE_X23Y232,SLICEL.C6LUT,64'h8880808080808080
u_dut/t_r[316]_i_1,LUT5,SLICE_X15Y237,SLICEL.B5LUT,32'h80000000
u_dut/t_r[318]_i_1,LUT5,SLICE_X23Y232,SLICEL.D6LUT,32'h88008000
u_dut/t_r[319]_i_1,LUT6,SLICE_X19Y235,SLICEL.B6LUT,64'h8800800080008000
u_dut/t_r[31]_i_1,LUT6,SLICE_X29Y235,SLICEL.C6LUT,64'hFFFEEEEE00000000
u_dut/t_r[320]_i_1,LUT6,SLICE_X19Y235,SLICEL.C6LUT,64'h8000000000000000
u_dut/t_r[321]_i_1,LUT6,SLICE_X11Y237,SLICEL.B6LUT,64'hE000000000000000
u_dut/t_r[322]_i_1,LUT5,SLICE_X23Y232,SLICEL.D5LUT,32'h80000000
u_dut/t_r[323]_i_1,LUT6,SLICE_X14Y237,SLICEM.C6LUT,64'hF800000000000000
u_dut/t_r[323]_i_2,LUT6,SLICE_X19Y235,SLICEL.D6LUT,64'h8000000000000000
u_dut/t_r[324]_i_1,LUT5,SLICE_X19Y236,SLICEL.B5LUT,32'h80000000
u_dut/t_r[328]_i_1,LUT5,SLICE_X19Y236,SLICEL.C6LUT,32'h80808000
u_dut/t_r[329]_i_1,LUT5,SLICE_X25Y233,SLICEL.A6LUT,32'hAAA88888
u_dut/t_r[32]_i_1,LUT3,SLICE_X29Y237,SLICEL.C6LUT,8'hE0
u_dut/t_r[330]_i_1,LUT6,SLICE_X14Y237,SLICEM.B6LUT,64'h8080800080008000
u_dut/t_r[331]_i_1,LUT5,SLICE_X25Y233,SLICEL.A5LUT,32'hA8888888
u_dut/t_r[332]_i_1,LUT6,SLICE_X14Y237,SLICEM.A6LUT,64'h8000000000000000
u_dut/t_r[333]_i_1,LUT5,SLICE_X25Y233,SLICEL.B6LUT,32'hA0A0A080
u_dut/t_r[334]_i_1,LUT6,SLICE_X25Y233,SLICEL.C6LUT,64'h8080000080000000
u_dut/t_r[335]_i_1,LUT5,SLICE_X25Y233,SLICEL.B5LUT,32'hA0808080
u_dut/t_r[336]_i_1,LUT5,SLICE_X19Y236,SLICEL.C5LUT,32'h80000000
u_dut/t_r[338]_i_1,LUT6,SLICE_X25Y233,SLICEL.D6LUT,64'h8000000000000000
u_dut/t_r[339]_i_1,LUT5,SLICE_X19Y236,SLICEL.A5LUT,32'h80000000
u_dut/t_r[33]_i_1,LUT6,SLICE_X29Y235,SLICEL.A6LUT,64'hFAF8F8F800000000
u_dut/t_r[340]_i_1,LUT4,SLICE_X14Y237,SLICEM.D6LUT,16'h8000
u_dut/t_r[341]_i_1,LUT5,SLICE_X22Y231,SLICEM.A6LUT,32'hFFFE0000
u_dut/t_r[342]_i_1,LUT4,SLICE_X22Y231,SLICEM.B6LUT,16'hFE00
u_dut/t_r[343]_i_1,LUT6,SLICE_X12Y237,SLICEM.C6LUT,64'hFFFFFFFFFFFFFEEE
u_dut/t_r[345]_i_1,LUT6,SLICE_X12Y237,SLICEM.A6LUT,64'hFFFFFFFFFFFFFEAA
u_dut/t_r[346]_i_1,LUT4,SLICE_X22Y231,SLICEM.B5LUT,16'hEA00
u_dut/t_r[347]_i_1,LUT5,SLICE_X22Y231,SLICEM.A5LUT,32'hEAAA0000
u_dut/t_r[348]_i_1,LUT5,SLICE_X20Y238,SLICEM.A5LUT,32'h80000000
u_dut/t_r[349]_i_1,LUT5,SLICE_X22Y231,SLICEM.C6LUT,32'hCCC80000
u_dut/t_r[34]_i_1,LUT5,SLICE_X27Y234,SLICEL.A5LUT,32'hEAAA0000
u_dut/t_r[350]_i_1,LUT5,SLICE_X12Y237,SLICEM.B6LUT,32'hFFFFFFC8
u_dut/t_r[351]_i_1,LUT5,SLICE_X22Y231,SLICEM.C5LUT,32'hC8880000
u_dut/t_r[352]_i_1,LUT6,SLICE_X20Y236,SLICEM.B6LUT,64'h8000000000000000
u_dut/t_r[354]_i_1,LUT4,SLICE_X12Y237,SLICEM.D5LUT,16'h7FFF
u_dut/t_r[354]_i_2,LUT5,SLICE_X12Y237,SLICEM.B5LUT,32'hFFFFFF80
u_dut/t_r[355]_i_1,LUT6,SLICE_X20Y236,SLICEM.C6LUT,64'hE000000000000000
u_dut/t_r[355]_i_2,LUT5,SLICE_X20Y236,SLICEM.A5LUT,32'h80000000
u_dut/t_r[358]_i_1,LUT5,SLICE_X24Y229,SLICEL.A6LUT,32'hAAA80000
u_dut/t_r[359]_i_1,LUT6,SLICE_X20Y238,SLICEM.B6LUT,64'hAAAAAA8000000000
u_dut/t_r[35]_i_1,LUT6,SLICE_X37Y227,SLICEL.B6LUT,64'h8888888888888880
u_dut/t_r[364]_i_1,LUT6,SLICE_X24Y229,SLICEL.B6LUT,64'h8000000000000000
u_dut/t_r[368]_i_1,LUT5,SLICE_X23Y238,SLICEL.D5LUT,32'h80000000
u_dut/t_r[368]_i_2,LUT4,SLICE_X24Y229,SLICEL.A5LUT,16'h8000
u_dut/t_r[36]_i_1,LUT4,SLICE_X37Y227,SLICEL.C6LUT,16'hA800
u_dut/t_r[373]_i_1,LUT6,SLICE_X19Y227,SLICEL.C6LUT,64'h8888888888888880
u_dut/t_r[375]_i_1,LUT6,SLICE_X15Y227,SLICEL.A6LUT,64'h8888888088808880
u_dut/t_r[377]_i_1,LUT6,SLICE_X19Y227,SLICEL.A6LUT,64'h8888888080808080
u_dut/t_r[378]_i_1,LUT5,SLICE_X15Y237,SLICEL.A5LUT,32'h88808080
u_dut/t_r[380]_i_1,LUT6,SLICE_X15Y227,SLICEL.B6LUT,64'h8000000000000000
u_dut/t_r[380]_i_2,LUT6,SLICE_X19Y227,SLICEL.B6LUT,64'h8000000000000000
u_dut/t_r[387]_i_1,LUT6,SLICE_X16Y235,SLICEM.D6LUT,64'h8888888088808880
u_dut/t_r[387]_i_2,LUT2,SLICE_X23Y239,SLICEL.A5LUT,4'h8
u_dut/t_r[38]_i_1,LUT6,SLICE_X27Y234,SLICEL.B6LUT,64'h8888888000000000
u_dut/t_r[396]_i_1,LUT5,SLICE_X27Y226,SLICEL.A6LUT,32'hFFFFFFA8
u_dut/t_r[397]_i_1,LUT6,SLICE_X21Y219,SLICEL.D6LUT,64'hFFFFFFFFFFFFAA80
u_dut/t_r[398]_i_1,LUT4,SLICE_X21Y224,SLICEL.C6LUT,16'hFFF8
u_dut/t_r[399]_i_1,LUT6,SLICE_X27Y226,SLICEL.D6LUT,64'hFFFFFFFFFFFFE000
u_dut/t_r[39]_i_1,LUT4,SLICE_X37Y227,SLICEL.C5LUT,16'h8000
u_dut/t_r[400]_i_1,LUT5,SLICE_X27Y226,SLICEL.A5LUT,32'hFFFFFF80
u_dut/t_r[402]_i_1,LUT2,SLICE_X13Y212,SLICEL.A6LUT,4'hE
u_dut/t_r[404]_i_1,LUT5,SLICE_X21Y222,SLICEL.A6LUT,32'hFFFEF0F0
u_dut/t_r[405]_i_1,LUT6,SLICE_X18Y225,SLICEM.D6LUT,64'hFFFFFFF8FF00FF00
u_dut/t_r[406]_i_1,LUT4,SLICE_X25Y227,SLICEL.A6LUT,16'hFECC
u_dut/t_r[407]_i_1,LUT6,SLICE_X21Y222,SLICEL.B6LUT,64'hFFFFFFE0FF00FF00
u_dut/t_r[40]_i_1,LUT5,SLICE_X37Y231,SLICEL.C6LUT,32'hFFFEF0F0
u_dut/t_r[40]_i_2,LUT6,SLICE_X29Y235,SLICEL.B6LUT,64'h8000000000000000
u_dut/t_r[410]_i_1,LUT3,SLICE_X12Y225,SLICEM.A6LUT,8'hF8
u_dut/t_r[411]_i_1,LUT6,SLICE_X26Y222,SLICEL.D6LUT,64'hFFFFFFFFFFFFAAA8
u_dut/t_r[412]_i_1,LUT5,SLICE_X21Y222,SLICEL.A5LUT,32'hFFFFE000
u_dut/t_r[413]_i_1,LUT5,SLICE_X21Y224,SLICEL.C5LUT,32'hFEEEEEEE
u_dut/t_r[414]_i_1,LUT6,SLICE_X25Y221,SLICEL.D6LUT,64'hFFFFFFFFFFFFE000
u_dut/t_r[417]_i_1,LUT6,SLICE_X19Y220,SLICEL.D6LUT,64'hFFFFFFFEF0F0F0F0
u_dut/t_r[418]_i_1,LUT4,SLICE_X19Y214,SLICEL.A6LUT,16'hCCC8
u_dut/t_r[419]_i_1,LUT6,SLICE_X26Y227,SLICEL.A6LUT,64'hFFFFFFF8F0F0F0F0
u_dut/t_r[41]_i_1,LUT6,SLICE_X25Y235,SLICEL.B6LUT,64'h8888888888888880
u_dut/t_r[420]_i_1,LUT3,SLICE_X21Y222,SLICEL.C6LUT,8'hE0
u_dut/t_r[421]_i_1,LUT6,SLICE_X27Y221,SLICEL.D6LUT,64'hFFFEEEEEAAAAAAAA
u_dut/t_r[422]_i_1,LUT6,SLICE_X27Y226,SLICEL.B6LUT,64'hEAEAEAAA00000000
u_dut/t_r[423]_i_1,LUT6,SLICE_X19Y225,SLICEL.C6LUT,64'hFEEEEEEEAAAAAAAA
u_dut/t_r[425]_i_1,LUT6,SLICE_X13Y213,SLICEL.C6LUT,64'hFF00E00000000000
u_dut/t_r[426]_i_1,LUT6,SLICE_X27Y226,SLICEL.C6LUT,64'h8080808080808000
u_dut/t_r[427]_i_1,LUT4,SLICE_X19Y214,SLICEL.B6LUT,16'hFFFE
u_dut/t_r[427]_i_2,LUT4,SLICE_X25Y227,SLICEL.A5LUT,16'h8000
u_dut/t_r[429]_i_1,LUT6,SLICE_X14Y223,SLICEM.D6LUT,64'hFFFFAAAAFFFEAAAA
u_dut/t_r[42]_i_1,LUT5,SLICE_X23Y227,SLICEL.A6LUT,32'h88888880
u_dut/t_r[430]_i_1,LUT6,SLICE_X15Y222,SLICEL.B6LUT,64'hFEEEEEEE00000000
u_dut/t_r[432]_i_1,LUT3,SLICE_X15Y222,SLICEL.C6LUT,8'hE0
u_dut/t_r[433]_i_1,LUT5,SLICE_X15Y224,SLICEL.A6LUT,32'hFAF80000
u_dut/t_r[435]_i_1,LUT6,SLICE_X15Y224,SLICEL.B6LUT,64'hEAAAAAAA00000000
u_dut/t_r[436]_i_1,LUT6,SLICE_X16Y222,SLICEM.C6LUT,64'hFCFCFCECCCCCCCCC
u_dut/t_r[437]_i_1,LUT4,SLICE_X15Y224,SLICEL.A5LUT,16'hA800
u_dut/t_r[438]_i_1,LUT3,SLICE_X17Y224,SLICEL.B6LUT,8'hFE
u_dut/t_r[438]_i_2,LUT6,SLICE_X15Y222,SLICEL.A6LUT,64'h8880808080808080
u_dut/t_r[438]_i_3,LUT2,SLICE_X13Y221,SLICEL.A6LUT,4'hE
u_dut/t_r[43]_i_1,LUT6,SLICE_X39Y228,SLICEL.B6LUT,64'hAAA8A8A8A8A8A8A8
u_dut/t_r[442]_i_1,LUT5,SLICE_X15Y224,SLICEL.C6LUT,32'hFFFE0000
u_dut/t_r[443]_i_1,LUT6,SLICE_X17Y222,SLICEL.B6LUT,64'hFEEEAAAA00000000
u_dut/t_r[444]_i_1,LUT6,SLICE_X16Y224,SLICEM.D6LUT,64'hFFFEAAAAEEEEAAAA
u_dut/t_r[445]_i_1,LUT6,SLICE_X17Y224,SLICEL.A6LUT,64'hEAAAAAAA00000000
u_dut/t_r[446]_i_1,LUT4,SLICE_X17Y224,SLICEL.B5LUT,16'hFEEE
u_dut/t_r[446]_i_2,LUT6,SLICE_X17Y222,SLICEL.A6LUT,64'hEAAAAAAA00000000
u_dut/t_r[449]_i_1,LUT6,SLICE_X18Y219,SLICEM.C6LUT,64'hFEAAAAAAAAAAAAAA
u_dut/t_r[44]_i_1,LUT6,SLICE_X39Y228,SLICEL.C6LUT,64'h8888808088888000
u_dut/t_r[451]_i_1,LUT6,SLICE_X19Y226,SLICEL.D6LUT,64'hFFFE000000000000
u_dut/t_r[453]_i_1,LUT6,SLICE_X12Y225,SLICEM.B6LUT,64'hFEEE000000000000
u_dut/t_r[454]_i_1,LUT6,SLICE_X19Y212,SLICEL.A6LUT,64'hFAF8000000000000
u_dut/t_r[455]_i_1,LUT6,SLICE_X11Y211,SLICEL.A6LUT,64'hEAEAEAAA00000000
u_dut/t_r[456]_i_1,LUT6,SLICE_X11Y218,SLICEL.A6LUT,64'hEAAA000000000000
u_dut/t_r[457]_i_1,LUT6,SLICE_X19Y226,SLICEL.A6LUT,64'hF0E0000000000000
u_dut/t_r[459]_i_1,LUT6,SLICE_X19Y226,SLICEL.B6LUT,64'hC888000000000000
u_dut/t_r[45]_i_1,LUT5,SLICE_X23Y227,SLICEL.B6LUT,32'h88808080
u_dut/t_r[461]_i_1,LUT6,SLICE_X11Y225,SLICEL.C6LUT,64'hFAAAAAAAEAAAAAAA
u_dut/t_r[461]_i_2,LUT2,SLICE_X12Y212,SLICEM.A6LUT,4'h8
u_dut/t_r[462]_i_1,LUT5,SLICE_X12Y225,SLICEM.A5LUT,32'h80000000
u_dut/t_r[463]_i_1,LUT6,SLICE_X19Y226,SLICEL.C6LUT,64'h8000000000000000
u_dut/t_r[464]_i_1,LUT2,SLICE_X11Y212,SLICEL.C6LUT,4'hE
u_dut/t_r[464]_i_2,LUT6,SLICE_X12Y225,SLICEM.C6LUT,64'h8000000000000000
u_dut/t_r[467]_i_1,LUT6,SLICE_X13Y213,SLICEL.B6LUT,64'hFEEEEEEE00000000
u_dut/t_r[468]_i_1,LUT6,SLICE_X10Y227,SLICEM.B6LUT,64'hFFFEEEEE00000000
u_dut/t_r[46]_i_1,LUT6,SLICE_X23Y227,SLICEL.C6LUT,64'hA888888888888888
u_dut/t_r[470]_i_1,LUT6,SLICE_X13Y221,SLICEL.B6LUT,64'hEAAAAAAA00000000
u_dut/t_r[474]_i_1,LUT6,SLICE_X16Y226,SLICEM.D6LUT,64'hFFFFFFFFFF800000
u_dut/t_r[475]_i_1,LUT6,SLICE_X16Y218,SLICEM.D6LUT,64'hFFFFFFFFFF800000
u_dut/t_r[476]_i_1,LUT6,SLICE_X14Y222,SLICEM.D6LUT,64'hFFFFFFFFFF800000
u_dut/t_r[477]_i_1,LUT2,SLICE_X12Y213,SLICEM.A6LUT,4'h8
u_dut/t_r[478]_i_1,LUT6,SLICE_X10Y227,SLICEM.C6LUT,64'hFFFE000000000000
u_dut/t_r[47]_i_1,LUT6,SLICE_X39Y228,SLICEL.D6LUT,64'h8080808080808000
u_dut/t_r[482]_i_1,LUT6,SLICE_X10Y212,SLICEM.A6LUT,64'hFEAA000000000000
u_dut/t_r[483]_i_1,LUT6,SLICE_X11Y225,SLICEL.D6LUT,64'hFAAAEAAAEAAAEAAA
u_dut/t_r[484]_i_1,LUT6,SLICE_X13Y213,SLICEL.A6LUT,64'hEAEAEAAA00000000
u_dut/t_r[486]_i_1,LUT6,SLICE_X15Y226,SLICEL.D6LUT,64'hFEAAAAAAAAAAAAAA
u_dut/t_r[487]_i_1,LUT6,SLICE_X16Y222,SLICEM.D6LUT,64'hFEAAAAAAAAAAAAAA
u_dut/t_r[48]_i_1,LUT5,SLICE_X23Y227,SLICEL.A5LUT,32'hA8000000
u_dut/t_r[491]_i_1,LUT6,SLICE_X13Y221,SLICEL.C6LUT,64'h8000800080000000
u_dut/t_r[493]_i_1,LUT5,SLICE_X11Y212,SLICEL.A6LUT,32'h80000000
u_dut/t_r[494]_i_1,LUT4,SLICE_X11Y212,SLICEL.C5LUT,16'hFAEA
u_dut/t_r[494]_i_2,LUT6,SLICE_X13Y221,SLICEL.D6LUT,64'h8000000000000000
u_dut/t_r[496]_i_1,LUT6,SLICE_X12Y213,SLICEM.B6LUT,64'hFFFE000000000000
u_dut/t_r[49]_i_1,LUT6,SLICE_X23Y227,SLICEL.D6LUT,64'hA080808080808080
u_dut/t_r[49]_i_2,LUT2,SLICE_X40Y228,SLICEL.D6LUT,4'h8
u_dut/t_r[502]_i_1,LUT6,SLICE_X6Y224,SLICEM.A6LUT,64'hFEEE000000000000
u_dut/t_r[505]_i_1,LUT6,SLICE_X8Y219,SLICEM.A6LUT,64'hEAEAEAAA00000000
u_dut/t_r[507]_i_1,LUT6,SLICE_X8Y219,SLICEM.B6LUT,64'hEAAAAAAA00000000
u_dut/t_r[509]_i_1,LUT6,SLICE_X15Y223,SLICEL.A6LUT,64'hFAFAFAF800000000
u_dut/t_r[50]_i_1,LUT6,SLICE_X25Y235,SLICEL.A6LUT,64'h8080808080808000
u_dut/t_r[511]_i_1,LUT6,SLICE_X15Y223,SLICEL.B6LUT,64'hEAEAEAAA00000000
u_dut/t_r[512]_i_1,LUT6,SLICE_X8Y219,SLICEM.C6LUT,64'hFAF8000000000000
u_dut/t_r[514]_i_1,LUT6,SLICE_X15Y223,SLICEL.C6LUT,64'hEAEAEAAA00000000
u_dut/t_r[515]_i_1,LUT6,SLICE_X14Y220,SLICEM.C6LUT,64'hFAEAEAEAEAEAEAEA
u_dut/t_r[516]_i_1,LUT6,SLICE_X14Y219,SLICEM.D6LUT,64'hFEFEFEEEAAAAAAAA
u_dut/t_r[516]_i_2,LUT3,SLICE_X19Y214,SLICEL.A5LUT,8'h80
u_dut/t_r[519]_i_1,LUT6,SLICE_X8Y222,SLICEM.D6LUT,64'hFCCCFCCCFCCCECCC
u_dut/t_r[519]_i_2,LUT3,SLICE_X10Y212,SLICEM.B6LUT,8'hF8
u_dut/t_r[51]_i_1,LUT4,SLICE_X37Y231,SLICEL.C5LUT,16'hFECC
u_dut/t_r[51]_i_2,LUT5,SLICE_X23Y227,SLICEL.B5LUT,32'h80000000
u_dut/t_r[521]_i_1,LUT6,SLICE_X8Y223,SLICEM.C6LUT,64'hFCCCFCCCFCCCECCC
u_dut/t_r[521]_i_2,LUT3,SLICE_X12Y225,SLICEM.D6LUT,8'h80
u_dut/t_r[521]_i_3,LUT2,SLICE_X10Y222,SLICEM.C6LUT,4'h8
u_dut/t_r[526]_i_1,LUT4,SLICE_X8Y219,SLICEM.D6LUT,16'h8000
u_dut/t_r[527]_i_1,LUT6,SLICE_X15Y223,SLICEL.D6LUT,64'hA0A0A08000000000
u_dut/t_r[532]_i_1,LUT3,SLICE_X11Y213,SLICEL.C6LUT,8'hF8
u_dut/t_r[532]_i_2,LUT6,SLICE_X11Y212,SLICEL.B6LUT,64'hE000000000000000
u_dut/t_r[532]_i_3,LUT3,SLICE_X11Y212,SLICEL.A5LUT,8'h80
u_dut/t_r[535]_i_1,LUT6,SLICE_X15Y225,SLICEL.C6LUT,64'hFFFECCCCCCCCCCCC
u_dut/t_r[535]_i_2,LUT2,SLICE_X12Y225,SLICEM.D5LUT,4'h8
u_dut/t_r[536]_i_1,LUT6,SLICE_X9Y213,SLICEL.C6LUT,64'hFEEE000000000000
u_dut/t_r[537]_i_1,LUT6,SLICE_X9Y218,SLICEL.A6LUT,64'hEAAA000000000000
u_dut/t_r[538]_i_1,LUT6,SLICE_X9Y213,SLICEL.A6LUT,64'hFAF8000000000000
u_dut/t_r[539]_i_1,LUT6,SLICE_X10Y218,SLICEM.D6LUT,64'hFEEEAAAAAAAAAAAA
u_dut/t_r[539]_i_2,LUT2,SLICE_X13Y221,SLICEL.A5LUT,4'hE
u_dut/t_r[539]_i_3,LUT2,SLICE_X13Y214,SLICEL.B6LUT,4'h8
u_dut/t_r[53]_i_1,LUT6,SLICE_X24Y237,SLICEL.D6LUT,64'hFFFFFFFE00000000
u_dut/t_r[540]_i_1,LUT6,SLICE_X9Y218,SLICEL.B6LUT,64'h8080808080808000
u_dut/t_r[541]_i_1,LUT4,SLICE_X12Y213,SLICEM.A5LUT,16'h8000
u_dut/t_r[541]_i_2,LUT5,SLICE_X12Y212,SLICEM.B6LUT,32'hFFFFE000
u_dut/t_r[542]_i_1,LUT4,SLICE_X11Y213,SLICEL.C5LUT,16'hFF80
u_dut/t_r[542]_i_2,LUT6,SLICE_X9Y213,SLICEL.B6LUT,64'hA800000000000000
u_dut/t_r[544]_i_1,LUT6,SLICE_X9Y219,SLICEL.C6LUT,64'hFAF8000000000000
u_dut/t_r[545]_i_1,LUT6,SLICE_X9Y219,SLICEL.A6LUT,64'hEAAA000000000000
u_dut/t_r[546]_i_1,LUT6,SLICE_X9Y219,SLICEL.B6LUT,64'hC888000000000000
u_dut/t_r[547]_i_1,LUT6,SLICE_X18Y212,SLICEM.A6LUT,64'h8000000000000000
u_dut/t_r[548]_i_1,LUT6,SLICE_X14Y224,SLICEM.D6LUT,64'hFF00FF00FF00FE00
u_dut/t_r[548]_i_2,LUT3,SLICE_X15Y224,SLICEL.C5LUT,8'hFE
u_dut/t_r[549]_i_1,LUT6,SLICE_X20Y220,SLICEM.D6LUT,64'hFF00FF00FF00FE00
u_dut/t_r[54]_i_1,LUT6,SLICE_X24Y237,SLICEL.A6LUT,64'hFFFEFEFE00000000
u_dut/t_r[551]_i_1,LUT6,SLICE_X10Y211,SLICEM.A6LUT,64'hFEAAEEAAAAAAAAAA
u_dut/t_r[551]_i_2,LUT4,SLICE_X10Y211,SLICEM.B6LUT,16'hF0E0
u_dut/t_r[551]_i_3,LUT3,SLICE_X10Y212,SLICEM.B5LUT,8'hFE
u_dut/t_r[552]_i_1,LUT5,SLICE_X12Y212,SLICEM.A5LUT,32'hF0F0F0E0
u_dut/t_r[553]_i_1,LUT6,SLICE_X13Y212,SLICEL.B6LUT,64'hFFFE000000000000
u_dut/t_r[554]_i_1,LUT6,SLICE_X14Y212,SLICEM.A6LUT,64'hFEEE000000000000
u_dut/t_r[555]_i_1,LUT5,SLICE_X13Y212,SLICEL.A5LUT,32'h88808080
u_dut/t_r[556]_i_1,LUT6,SLICE_X14Y212,SLICEM.B6LUT,64'hF0E0000000000000
u_dut/t_r[558]_i_1,LUT3,SLICE_X13Y212,SLICEL.C6LUT,8'hE0
u_dut/t_r[558]_i_2,LUT6,SLICE_X14Y212,SLICEM.C6LUT,64'h8000000000000000
u_dut/t_r[559]_i_1,LUT6,SLICE_X12Y218,SLICEM.C6LUT,64'h8888888888888880
u_dut/t_r[55]_i_1,LUT6,SLICE_X28Y237,SLICEL.A6LUT,64'hFEEE000000000000
u_dut/t_r[560]_i_1,LUT6,SLICE_X13Y214,SLICEL.C6LUT,64'h8888808088888000
u_dut/t_r[561]_i_1,LUT6,SLICE_X12Y218,SLICEM.A6LUT,64'h8880808080808080
u_dut/t_r[562]_i_1,LUT5,SLICE_X13Y214,SLICEL.B5LUT,32'h80808000
u_dut/t_r[563]_i_1,LUT4,SLICE_X19Y214,SLICEL.B5LUT,16'hEA00
u_dut/t_r[563]_i_2,LUT6,SLICE_X12Y218,SLICEM.B6LUT,64'h8080000080000000
u_dut/t_r[566]_i_1,LUT5,SLICE_X21Y219,SLICEL.C6LUT,32'hFF008000
u_dut/t_r[567]_i_1,LUT5,SLICE_X19Y225,SLICEL.D6LUT,32'hFF008000
u_dut/t_r[56]_i_1,LUT4,SLICE_X24Y237,SLICEL.B6LUT,16'h8880
u_dut/t_r[575]_i_1,LUT5,SLICE_X21Y219,SLICEL.C5LUT,32'hCC00C800
u_dut/t_r[578]_i_1,LUT6,SLICE_X12Y212,SLICEM.C6LUT,64'hF0F00000F0800000
u_dut/t_r[578]_i_2,LUT4,SLICE_X12Y212,SLICEM.B5LUT,16'hFFA8
u_dut/t_r[57]_i_1,LUT6,SLICE_X27Y237,SLICEL.A6LUT,64'hFAF8F8F800000000
u_dut/t_r[580]_i_1,LUT5,SLICE_X10Y211,SLICEM.B5LUT,32'hF0800000
u_dut/t_r[580]_i_2,LUT6,SLICE_X10Y211,SLICEM.C6LUT,64'hFFFFFF80FF00FF00
u_dut/t_r[581]_i_1,LUT5,SLICE_X10Y222,SLICEM.C5LUT,32'hC0800000
u_dut/t_r[582]_i_1,LUT5,SLICE_X13Y222,SLICEL.A6LUT,32'hFFFFFFFE
u_dut/t_r[583]_i_1,LUT4,SLICE_X19Y222,SLICEL.A6LUT,16'hFFFE
u_dut/t_r[584]_i_1,LUT5,SLICE_X23Y222,SLICEL.A6LUT,32'hFFFFFFEA
u_dut/t_r[585]_i_1,LUT3,SLICE_X23Y222,SLICEL.B6LUT,8'hFE
u_dut/t_r[586]_i_1,LUT5,SLICE_X13Y222,SLICEL.A5LUT,32'hFFFFFFA8
u_dut/t_r[587]_i_1,LUT4,SLICE_X13Y219,SLICEL.C6LUT,16'hFFF8
u_dut/t_r[588]_i_1,LUT5,SLICE_X19Y219,SLICEL.C6LUT,32'hFFFFFF80
u_dut/t_r[589]_i_1,LUT2,SLICE_X23Y222,SLICEL.B5LUT,4'hE
u_dut/t_r[58]_i_1,LUT6,SLICE_X28Y237,SLICEL.B6LUT,64'hA888A888A8888888
u_dut/t_r[590]_i_1,LUT5,SLICE_X19Y222,SLICEL.B6LUT,32'hFFFEF0F0
u_dut/t_r[591]_i_1,LUT4,SLICE_X16Y220,SLICEM.A6LUT,16'hFECC
u_dut/t_r[592]_i_1,LUT5,SLICE_X17Y219,SLICEL.A6LUT,32'hFFFFAA80
u_dut/t_r[593]_i_1,LUT3,SLICE_X9Y223,SLICEL.B6LUT,8'hF8
u_dut/t_r[594]_i_1,LUT5,SLICE_X19Y222,SLICEL.B5LUT,32'hFFFFE000
u_dut/t_r[595]_i_1,LUT4,SLICE_X23Y222,SLICEL.C6LUT,16'hFF80
u_dut/t_r[597]_i_1,LUT5,SLICE_X13Y219,SLICEL.C5LUT,32'hFAFAFAEA
u_dut/t_r[598]_i_1,LUT5,SLICE_X18Y218,SLICEM.A6LUT,32'hFF00F800
u_dut/t_r[599]_i_1,LUT5,SLICE_X23Y222,SLICEL.A5LUT,32'hFF00E000
u_dut/t_r[59]_i_1,LUT6,SLICE_X27Y237,SLICEL.B6LUT,64'hEAAAAAAA00000000
u_dut/t_r[5]_i_1,LUT6,SLICE_X35Y235,SLICEL.D6LUT,64'hFFFFFFFEFCFCFCFC
u_dut/t_r[5]_i_2,LUT4,SLICE_X35Y235,SLICEL.C5LUT,16'hFECC
u_dut/t_r[600]_i_1,LUT5,SLICE_X19Y219,SLICEL.C5LUT,32'hFF008000
u_dut/t_r[601]_i_1,LUT4,SLICE_X23Y222,SLICEL.C5LUT,16'hE000
u_dut/t_r[602]_i_1,LUT3,SLICE_X19Y222,SLICEL.A5LUT,8'h80
u_dut/t_r[603]_i_1,LUT5,SLICE_X16Y220,SLICEM.D6LUT,32'hFFFFFFFE
u_dut/t_r[603]_i_2,LUT5,SLICE_X17Y219,SLICEL.A5LUT,32'h80000000
u_dut/t_r[604]_i_1,LUT5,SLICE_X16Y220,SLICEM.A5LUT,32'hFFFE0000
u_dut/t_r[605]_i_1,LUT6,SLICE_X13Y220,SLICEL.D6LUT,64'hFFFEEEEE00000000
u_dut/t_r[606]_i_1,LUT3,SLICE_X16Y220,SLICEM.B6LUT,8'hE0
u_dut/t_r[607]_i_1,LUT4,SLICE_X16Y220,SLICEM.B5LUT,16'hEA00
u_dut/t_r[608]_i_1,LUT6,SLICE_X13Y220,SLICEL.A6LUT,64'hEAAAAAAA00000000
u_dut/t_r[609]_i_1,LUT6,SLICE_X16Y220,SLICEM.C6LUT,64'hCCC8C8C800000000
u_dut/t_r[60]_i_1,LUT6,SLICE_X28Y237,SLICEL.C6LUT,64'h8080808080808000
u_dut/t_r[610]_i_1,LUT6,SLICE_X13Y220,SLICEL.B6LUT,64'hC888888800000000
u_dut/t_r[611]_i_1,LUT4,SLICE_X16Y220,SLICEM.D5LUT,16'hFFFE
u_dut/t_r[611]_i_2,LUT6,SLICE_X13Y220,SLICEL.C6LUT,64'h8080800080008000
u_dut/t_r[613]_i_1,LUT4,SLICE_X9Y217,SLICEL.A6LUT,16'hFE00
u_dut/t_r[614]_i_1,LUT3,SLICE_X9Y217,SLICEL.A5LUT,8'hE0
u_dut/t_r[615]_i_1,LUT6,SLICE_X9Y217,SLICEL.D6LUT,64'hEAEAEAAA00000000
u_dut/t_r[616]_i_1,LUT6,SLICE_X4Y219,SLICEL.A6LUT,64'hFFFECCCCEEEECCCC
u_dut/t_r[617]_i_1,LUT6,SLICE_X9Y217,SLICEL.B6LUT,64'hC8C8C88800000000
u_dut/t_r[618]_i_1,LUT6,SLICE_X9Y217,SLICEL.C6LUT,64'h8080808080808000
u_dut/t_r[619]_i_1,LUT5,SLICE_X9Y218,SLICEL.C6LUT,32'hFFFFFFF8
u_dut/t_r[619]_i_2,LUT6,SLICE_X9Y212,SLICEL.A6LUT,64'h8000800080000000
u_dut/t_r[61]_i_1,LUT5,SLICE_X24Y237,SLICEL.B5LUT,32'hA8000000
u_dut/t_r[620]_i_1,LUT6,SLICE_X7Y222,SLICEL.D6LUT,64'hFFFFFFFE00000000
u_dut/t_r[621]_i_1,LUT5,SLICE_X13Y224,SLICEL.A6LUT,32'hFE000000
u_dut/t_r[622]_i_1,LUT6,SLICE_X13Y224,SLICEL.B6LUT,64'hFEEEEEEE00000000
u_dut/t_r[623]_i_1,LUT6,SLICE_X13Y224,SLICEL.C6LUT,64'hFAF8000000000000
u_dut/t_r[624]_i_1,LUT5,SLICE_X13Y224,SLICEL.A5LUT,32'hEA000000
u_dut/t_r[625]_i_1,LUT6,SLICE_X7Y222,SLICEL.A6LUT,64'hEAAA000000000000
u_dut/t_r[626]_i_1,LUT3,SLICE_X4Y224,SLICEL.A6LUT,8'h80
u_dut/t_r[627]_i_1,LUT5,SLICE_X9Y224,SLICEL.A6LUT,32'h80808000
u_dut/t_r[628]_i_1,LUT4,SLICE_X9Y224,SLICEL.B6LUT,16'h8000
u_dut/t_r[629]_i_1,LUT6,SLICE_X9Y224,SLICEL.C6LUT,64'hA800000000000000
u_dut/t_r[62]_i_1,LUT6,SLICE_X24Y237,SLICEL.C6LUT,64'hC888888800000000
u_dut/t_r[630]_i_1,LUT5,SLICE_X9Y224,SLICEL.D6LUT,32'hFFFF8000
u_dut/t_r[630]_i_2,LUT5,SLICE_X9Y224,SLICEL.A5LUT,32'h80000000
u_dut/t_r[631]_i_1,LUT4,SLICE_X13Y224,SLICEL.D6LUT,16'h8000
u_dut/t_r[632]_i_1,LUT6,SLICE_X4Y224,SLICEL.B6LUT,64'h8080808080808000
u_dut/t_r[633]_i_1,LUT6,SLICE_X17Y217,SLICEL.A6LUT,64'h8000800080000000
u_dut/t_r[634]_i_1,LUT6,SLICE_X7Y222,SLICEL.B6LUT,64'h8080800080008000
u_dut/t_r[635]_i_1,LUT5,SLICE_X13Y224,SLICEL.D5LUT,32'h80000000
u_dut/t_r[636]_i_1,LUT6,SLICE_X4Y224,SLICEL.C6LUT,64'hA800000000000000
u_dut/t_r[637]_i_1,LUT6,SLICE_X17Y217,SLICEL.B6LUT,64'h8000000000000000
u_dut/t_r[638]_i_1,LUT6,SLICE_X7Y222,SLICEL.C6LUT,64'h8000000000000000
u_dut/t_r[639]_i_1,LUT3,SLICE_X6Y221,SLICEM.D6LUT,8'hFE
u_dut/t_r[63]_i_1,LUT6,SLICE_X28Y237,SLICEL.D6LUT,64'h8888888000000000
u_dut/t_r[640]_i_1,LUT6,SLICE_X8Y220,SLICEM.D6LUT,64'hFFFFFFFE00000000
u_dut/t_r[641]_i_1,LUT5,SLICE_X10Y226,SLICEM.A6LUT,32'hFFFE0000
u_dut/t_r[642]_i_1,LUT6,SLICE_X10Y224,SLICEM.A6LUT,64'hFFFFFEEE00000000
u_dut/t_r[643]_i_1,LUT4,SLICE_X10Y224,SLICEM.B6LUT,16'hFE00
u_dut/t_r[644]_i_1,LUT6,SLICE_X8Y220,SLICEM.A6LUT,64'hFFFEEEEE00000000
u_dut/t_r[645]_i_1,LUT5,SLICE_X10Y226,SLICEM.B6LUT,32'hFEEE0000
u_dut/t_r[646]_i_1,LUT6,SLICE_X8Y220,SLICEM.B6LUT,64'hFEEEEEEE00000000
u_dut/t_r[647]_i_1,LUT3,SLICE_X10Y224,SLICEM.C6LUT,8'hE0
u_dut/t_r[648]_i_1,LUT6,SLICE_X8Y220,SLICEM.C6LUT,64'hFAFAFAF800000000
u_dut/t_r[649]_i_1,LUT6,SLICE_X7Y224,SLICEL.A6LUT,64'hFEEEAAAA00000000
u_dut/t_r[64]_i_1,LUT6,SLICE_X27Y237,SLICEL.C6LUT,64'h8880808000000000
u_dut/t_r[64]_i_2,LUT2,SLICE_X29Y237,SLICEL.C5LUT,4'h8
u_dut/t_r[650]_i_1,LUT4,SLICE_X10Y224,SLICEM.B5LUT,16'hEA00
u_dut/t_r[651]_i_1,LUT5,SLICE_X10Y226,SLICEM.B5LUT,32'hEAAA0000
u_dut/t_r[652]_i_1,LUT2,SLICE_X10Y224,SLICEM.C5LUT,4'h8
u_dut/t_r[653]_i_1,LUT6,SLICE_X9Y223,SLICEL.C6LUT,64'hFFF0FEF0F0F0F0F0
u_dut/t_r[654]_i_1,LUT5,SLICE_X9Y223,SLICEL.B5LUT,32'hFCECCCCC
u_dut/t_r[655]_i_1,LUT5,SLICE_X7Y224,SLICEL.B6LUT,32'hF0800000
u_dut/t_r[656]_i_1,LUT3,SLICE_X5Y223,SLICEL.A6LUT,8'h80
u_dut/t_r[657]_i_1,LUT6,SLICE_X10Y226,SLICEM.C6LUT,64'h8080808080808000
u_dut/t_r[658]_i_1,LUT6,SLICE_X7Y224,SLICEL.C6LUT,64'h8080800080008000
u_dut/t_r[659]_i_1,LUT4,SLICE_X10Y226,SLICEM.A5LUT,16'h8000
u_dut/t_r[65]_i_1,LUT5,SLICE_X27Y238,SLICEL.A5LUT,32'hFFF8F0F0
u_dut/t_r[65]_i_2,LUT6,SLICE_X27Y237,SLICEL.D6LUT,64'h8000000000000000
u_dut/t_r[660]_i_1,LUT6,SLICE_X7Y224,SLICEL.D6LUT,64'hA800000000000000
u_dut/t_r[661]_i_1,LUT5,SLICE_X7Y224,SLICEL.B5LUT,32'h80000000
u_dut/t_r[662]_i_1,LUT5,SLICE_X9Y218,SLICEL.C5LUT,32'hFFEEFEEE
u_dut/t_r[662]_i_2,LUT6,SLICE_X10Y226,SLICEM.D6LUT,64'h8000000000000000
u_dut/t_r[663]_i_1,LUT2,SLICE_X4Y224,SLICEL.A5LUT,4'h8
u_dut/t_r[664]_i_1,LUT6,SLICE_X4Y226,SLICEL.C6LUT,64'hFFFFFFFE00000000
u_dut/t_r[665]_i_1,LUT6,SLICE_X5Y223,SLICEL.B6LUT,64'hFFFE000000000000
u_dut/t_r[666]_i_1,LUT6,SLICE_X5Y223,SLICEL.C6LUT,64'hFFFFFEEE00000000
u_dut/t_r[667]_i_1,LUT5,SLICE_X5Y226,SLICEL.A6LUT,32'hFE000000
u_dut/t_r[668]_i_1,LUT6,SLICE_X5Y226,SLICEL.B6LUT,64'hFFFEEEEE00000000
u_dut/t_r[669]_i_1,LUT6,SLICE_X4Y226,SLICEL.A6LUT,64'hFEEE000000000000
u_dut/t_r[66]_i_1,LUT3,SLICE_X25Y236,SLICEL.A6LUT,8'h80
u_dut/t_r[670]_i_1,LUT6,SLICE_X5Y226,SLICEL.C6LUT,64'hFEEEEEEE00000000
u_dut/t_r[671]_i_1,LUT4,SLICE_X5Y223,SLICEL.A5LUT,16'hE000
u_dut/t_r[672]_i_1,LUT6,SLICE_X3Y221,SLICEL.A6LUT,64'hFAFAFAF800000000
u_dut/t_r[673]_i_1,LUT6,SLICE_X4Y226,SLICEL.B6LUT,64'hFAF8000000000000
u_dut/t_r[674]_i_1,LUT6,SLICE_X5Y226,SLICEL.D6LUT,64'hFEEEAAAA00000000
u_dut/t_r[675]_i_1,LUT5,SLICE_X5Y226,SLICEL.A5LUT,32'hEA000000
u_dut/t_r[676]_i_1,LUT6,SLICE_X4Y225,SLICEL.A6LUT,64'hEAEAEAAA00000000
u_dut/t_r[677]_i_1,LUT6,SLICE_X5Y223,SLICEL.D6LUT,64'hEAAA000000000000
u_dut/t_r[678]_i_1,LUT3,SLICE_X4Y226,SLICEL.D6LUT,8'h80
u_dut/t_r[679]_i_1,LUT6,SLICE_X4Y223,SLICEL.A6LUT,64'hFFFEAAAAAAAAAAAA
u_dut/t_r[67]_i_1,LUT5,SLICE_X27Y236,SLICEL.A6LUT,32'hFFFE0000
u_dut/t_r[680]_i_1,LUT6,SLICE_X3Y223,SLICEL.A6LUT,64'hFAEAEAEAAAAAAAAA
u_dut/t_r[681]_i_1,LUT4,SLICE_X4Y220,SLICEL.C6LUT,16'hFFF8
u_dut/t_r[681]_i_2,LUT5,SLICE_X3Y220,SLICEL.A6LUT,32'h80000000
u_dut/t_r[682]_i_1,LUT6,SLICE_X13Y216,SLICEL.D6LUT,64'hFFFCFEFCFCFCFCFC
u_dut/t_r[683]_i_1,LUT6,SLICE_X17Y218,SLICEL.C6LUT,64'hFFFCFEFCFCFCFCFC
u_dut/t_r[684]_i_1,LUT6,SLICE_X4Y223,SLICEL.B6LUT,64'hFFFFFFF8FFF0FFF0
u_dut/t_r[684]_i_2,LUT2,SLICE_X4Y223,SLICEL.C6LUT,4'hE
u_dut/t_r[685]_i_1,LUT6,SLICE_X18Y218,SLICEM.B6LUT,64'hFFFFFFFFFFFF8000
u_dut/t_r[686]_i_1,LUT6,SLICE_X19Y216,SLICEL.D6LUT,64'hFFFFFFFFFFFF8000
u_dut/t_r[687]_i_1,LUT2,SLICE_X8Y217,SLICEM.D6LUT,4'hE
u_dut/t_r[688]_i_1,LUT6,SLICE_X4Y220,SLICEL.B6LUT,64'hFFFFFEEE00000000
u_dut/t_r[689]_i_1,LUT6,SLICE_X4Y218,SLICEL.A6LUT,64'hFEEEEEEE00000000
u_dut/t_r[690]_i_1,LUT6,SLICE_X12Y221,SLICEM.C6LUT,64'hFFFEFEFECCCCCCCC
u_dut/t_r[691]_i_1,LUT6,SLICE_X18Y222,SLICEM.B6LUT,64'hFFFEFEFECCCCCCCC
u_dut/t_r[692]_i_1,LUT6,SLICE_X13Y217,SLICEL.C6LUT,64'hFFCCFFC0FFC8FFC0
u_dut/t_r[693]_i_1,LUT6,SLICE_X19Y215,SLICEL.C6LUT,64'hFFCCFFC0FFC8FFC0
u_dut/t_r[694]_i_1,LUT6,SLICE_X4Y220,SLICEL.A6LUT,64'h8080808080808000
u_dut/t_r[695]_i_1,LUT4,SLICE_X4Y218,SLICEL.B6LUT,16'h8000
u_dut/t_r[696]_i_1,LUT3,SLICE_X4Y220,SLICEL.C5LUT,8'hF8
u_dut/t_r[696]_i_2,LUT6,SLICE_X4Y218,SLICEL.C6LUT,64'h8000000000000000
u_dut/t_r[697]_i_1,LUT6,SLICE_X9Y223,SLICEL.D6LUT,64'hFFFFCC00FFFFC800
u_dut/t_r[698]_i_1,LUT6,SLICE_X5Y218,SLICEL.B6LUT,64'hFFF0F8F0F0F0F0F0
u_dut/t_r[698]_i_2,LUT3,SLICE_X4Y219,SLICEL.B6LUT,8'hF8
u_dut/t_r[698]_i_3,LUT4,SLICE_X4Y218,SLICEL.D6LUT,16'hFF80
u_dut/t_r[699]_i_1,LUT6,SLICE_X18Y218,SLICEM.C6LUT,64'hFFF0F8F0F0F0F0F0
u_dut/t_r[69]_i_1,LUT6,SLICE_X25Y236,SLICEL.C6LUT,64'hFEEEEEEE00000000
u_dut/t_r[6]_i_1,LUT6,SLICE_X34Y229,SLICEL.D6LUT,64'hFFFFFFFEFCFCFCFC
u_dut/t_r[6]_i_2,LUT5,SLICE_X34Y230,SLICEL.D5LUT,32'hFEEE0000
u_dut/t_r[700]_i_1,LUT6,SLICE_X4Y219,SLICEL.C6LUT,64'hFFF0F8F0F8F0F8F0
u_dut/t_r[700]_i_2,LUT4,SLICE_X3Y220,SLICEL.A5LUT,16'h8000
u_dut/t_r[701]_i_1,LUT6,SLICE_X18Y217,SLICEM.D6LUT,64'hFEAAAAAAAAAAAAAA
u_dut/t_r[702]_i_1,LUT6,SLICE_X7Y223,SLICEL.D6LUT,64'hFFAAAAAAEAAAAAAA
u_dut/t_r[703]_i_1,LUT6,SLICE_X13Y217,SLICEL.D6LUT,64'hFFFFFFFF80000000
u_dut/t_r[704]_i_1,LUT6,SLICE_X19Y215,SLICEL.D6LUT,64'hFFFFFFFF80000000
u_dut/t_r[705]_i_1,LUT6,SLICE_X13Y223,SLICEL.D6LUT,64'hFFFF0000FFFE0000
u_dut/t_r[706]_i_1,LUT6,SLICE_X5Y221,SLICEL.D6LUT,64'hFFFFFEEE00000000
u_dut/t_r[707]_i_1,LUT6,SLICE_X5Y221,SLICEL.C6LUT,64'hFEEEEEEE00000000
u_dut/t_r[708]_i_1,LUT6,SLICE_X13Y219,SLICEL.D6LUT,64'hFFFF0000FFF80000
u_dut/t_r[709]_i_1,LUT6,SLICE_X18Y219,SLICEM.D6LUT,64'hFFFF0000FFF80000
u_dut/t_r[70]_i_1,LUT6,SLICE_X23Y235,SLICEL.A6LUT,64'hFAFAFAF800000000
u_dut/t_r[710]_i_1,LUT6,SLICE_X4Y219,SLICEL.D6LUT,64'hFFFFFF80FF00FF00
u_dut/t_r[710]_i_2,LUT3,SLICE_X4Y219,SLICEL.B5LUT,8'hFE
u_dut/t_r[712]_i_1,LUT6,SLICE_X12Y221,SLICEM.D6LUT,64'hFF00FC00FE00FC00
u_dut/t_r[714]_i_1,LUT6,SLICE_X18Y222,SLICEM.C6LUT,64'hFF00FC00FE00FC00
u_dut/t_r[717]_i_1,LUT6,SLICE_X18Y223,SLICEM.A6LUT,64'h8888808088888000
u_dut/t_r[717]_i_2,LUT2,SLICE_X9Y224,SLICEL.B5LUT,4'h8
u_dut/t_r[718]_i_1,LUT4,SLICE_X18Y223,SLICEM.B6LUT,16'h8000
u_dut/t_r[719]_i_1,LUT5,SLICE_X18Y223,SLICEM.B5LUT,32'h80000000
u_dut/t_r[71]_i_1,LUT6,SLICE_X23Y235,SLICEL.B6LUT,64'h8080800080008000
u_dut/t_r[720]_i_1,LUT3,SLICE_X6Y221,SLICEM.D5LUT,8'hE0
u_dut/t_r[721]_i_1,LUT6,SLICE_X5Y218,SLICEL.C6LUT,64'hFF00CC00FF00C800
u_dut/t_r[722]_i_1,LUT6,SLICE_X5Y218,SLICEL.D6LUT,64'hFFFFFFFF88800000
u_dut/t_r[722]_i_2,LUT5,SLICE_X4Y218,SLICEL.D5LUT,32'hF0E0C0C0
u_dut/t_r[723]_i_1,LUT6,SLICE_X17Y218,SLICEL.D6LUT,64'hFF00F800F000F000
u_dut/t_r[724]_i_1,LUT6,SLICE_X18Y222,SLICEM.D6LUT,64'hFE00AA00AA00AA00
u_dut/t_r[725]_i_1,LUT6,SLICE_X4Y221,SLICEL.A6LUT,64'hFFFF000080000000
u_dut/t_r[725]_i_2,LUT2,SLICE_X4Y218,SLICEL.B5LUT,4'h8
u_dut/t_r[725]_i_3,LUT2,SLICE_X4Y223,SLICEL.C5LUT,4'h8
u_dut/t_r[726]_i_1,LUT6,SLICE_X18Y218,SLICEM.D6LUT,64'hFE00AA0000000000
u_dut/t_r[726]_i_2,LUT5,SLICE_X18Y218,SLICEM.A5LUT,32'hFFFF8000
u_dut/t_r[72]_i_1,LUT5,SLICE_X27Y236,SLICEL.A5LUT,32'hEAAA0000
u_dut/t_r[739]_i_1,LUT5,SLICE_X29Y226,SLICEL.A6LUT,32'hFFFE0000
u_dut/t_r[73]_i_1,LUT4,SLICE_X25Y236,SLICEL.A5LUT,16'h8000
u_dut/t_r[740]_i_1,LUT4,SLICE_X29Y226,SLICEL.B6LUT,16'hFE00
u_dut/t_r[742]_i_1,LUT3,SLICE_X27Y228,SLICEL.A6LUT,8'hE0
u_dut/t_r[743]_i_1,LUT5,SLICE_X27Y228,SLICEL.B6LUT,32'hFEAA0000
u_dut/t_r[745]_i_1,LUT5,SLICE_X27Y228,SLICEL.B5LUT,32'hEAAA0000
u_dut/t_r[746]_i_1,LUT2,SLICE_X29Y226,SLICEL.C6LUT,4'h8
u_dut/t_r[74]_i_1,LUT5,SLICE_X23Y235,SLICEL.C6LUT,32'hAAA80000
u_dut/t_r[750]_i_1,LUT3,SLICE_X27Y228,SLICEL.A5LUT,8'h80
u_dut/t_r[751]_i_1,LUT4,SLICE_X29Y226,SLICEL.B5LUT,16'h8000
u_dut/t_r[752]_i_1,LUT5,SLICE_X29Y226,SLICEL.D6LUT,32'hFFFFFFFE
u_dut/t_r[752]_i_2,LUT5,SLICE_X29Y226,SLICEL.A5LUT,32'h80000000
u_dut/t_r[754]_i_1,LUT4,SLICE_X18Y221,SLICEM.A6LUT,16'hFE00
u_dut/t_r[755]_i_1,LUT3,SLICE_X23Y220,SLICEL.A6LUT,8'hE0
u_dut/t_r[756]_i_1,LUT4,SLICE_X23Y220,SLICEL.B6LUT,16'hEA00
u_dut/t_r[757]_i_1,LUT2,SLICE_X23Y220,SLICEL.C6LUT,4'h8
u_dut/t_r[759]_i_1,LUT6,SLICE_X18Y221,SLICEM.D6LUT,64'hFFFFFFFEFFFEFFFE
u_dut/t_r[759]_i_2,LUT3,SLICE_X23Y220,SLICEL.A5LUT,8'h80
u_dut/t_r[75]_i_1,LUT6,SLICE_X27Y236,SLICEL.B6LUT,64'hC8C8C88800000000
u_dut/t_r[761]_i_1,LUT6,SLICE_X29Y223,SLICEL.D6LUT,64'hFFFFFFFFFFFFFF80
u_dut/t_r[763]_i_1,LUT6,SLICE_X29Y222,SLICEL.D6LUT,64'hFFFFFFFFFFFFFF80
u_dut/t_r[766]_i_1,LUT2,SLICE_X21Y223,SLICEL.B6LUT,4'hE
u_dut/t_r[767]_i_1,LUT5,SLICE_X23Y219,SLICEL.A6LUT,32'hFFFE0000
u_dut/t_r[769]_i_1,LUT6,SLICE_X25Y220,SLICEL.D6LUT,64'hFFFFFFF8F0F0F0F0
u_dut/t_r[76]_i_1,LUT6,SLICE_X23Y235,SLICEL.D6LUT,64'hC888888800000000
u_dut/t_r[770]_i_1,LUT3,SLICE_X23Y219,SLICEL.A5LUT,8'hE0
u_dut/t_r[773]_i_1,LUT6,SLICE_X21Y224,SLICEL.D6LUT,64'hFEEEEEEEAAAAAAAA
u_dut/t_r[774]_i_1,LUT2,SLICE_X23Y219,SLICEL.C6LUT,4'h8
u_dut/t_r[775]_i_1,LUT6,SLICE_X26Y223,SLICEL.D6LUT,64'hFFF0FEF0F0F0F0F0
u_dut/t_r[776]_i_1,LUT6,SLICE_X26Y224,SLICEL.D6LUT,64'hFFFCFEFCFCFCFCFC
u_dut/t_r[778]_i_1,LUT6,SLICE_X26Y227,SLICEL.B6LUT,64'hFFFCFEFCFCFCFCFC
u_dut/t_r[77]_i_1,LUT6,SLICE_X27Y236,SLICEL.C6LUT,64'h8888888000000000
u_dut/t_r[780]_i_1,LUT6,SLICE_X23Y219,SLICEL.D6LUT,64'h8888888080808080
u_dut/t_r[783]_i_1,LUT3,SLICE_X21Y223,SLICEL.C6LUT,8'hFE
u_dut/t_r[783]_i_2,LUT6,SLICE_X23Y219,SLICEL.B6LUT,64'h8000000000000000
u_dut/t_r[784]_i_1,LUT6,SLICE_X28Y228,SLICEL.C6LUT,64'hFFFFFFFE00000000
u_dut/t_r[786]_i_1,LUT6,SLICE_X29Y219,SLICEL.A6LUT,64'hFFFFFEEE00000000
u_dut/t_r[787]_i_1,LUT4,SLICE_X28Y228,SLICEL.A6LUT,16'hFE00
u_dut/t_r[788]_i_1,LUT6,SLICE_X20Y221,SLICEM.C6LUT,64'hFFFFAAAAFFFEAAAA
u_dut/t_r[78]_i_1,LUT6,SLICE_X25Y236,SLICEL.B6LUT,64'h8880808000000000
u_dut/t_r[792]_i_1,LUT4,SLICE_X25Y228,SLICEL.A6LUT,16'h8880
u_dut/t_r[793]_i_1,LUT6,SLICE_X25Y228,SLICEL.D6LUT,64'h8880808080808080
u_dut/t_r[794]_i_1,LUT6,SLICE_X21Y213,SLICEL.A6LUT,64'h8800880088008000
u_dut/t_r[795]_i_1,LUT6,SLICE_X25Y228,SLICEL.B6LUT,64'h8800800080008000
u_dut/t_r[796]_i_1,LUT5,SLICE_X21Y223,SLICEL.C5LUT,32'hFFFFFFE0
u_dut/t_r[796]_i_2,LUT6,SLICE_X25Y228,SLICEL.C6LUT,64'hE000000000000000
u_dut/t_r[797]_i_1,LUT2,SLICE_X28Y228,SLICEL.A5LUT,4'h8
u_dut/t_r[799]_i_1,LUT4,SLICE_X18Y224,SLICEM.A6LUT,16'h8880
u_dut/t_r[79]_i_1,LUT3,SLICE_X25Y236,SLICEL.D6LUT,8'hF8
u_dut/t_r[79]_i_2,LUT5,SLICE_X23Y235,SLICEL.C5LUT,32'h80000000
u_dut/t_r[7]_i_1,LUT6,SLICE_X25Y214,SLICEL.D6LUT,64'hFFFFFFFEFCFCFCFC
u_dut/t_r[800]_i_1,LUT5,SLICE_X22Y223,SLICEM.B6LUT,32'h88808080
u_dut/t_r[802]_i_1,LUT5,SLICE_X22Y223,SLICEM.B5LUT,32'h88008000
u_dut/t_r[803]_i_1,LUT6,SLICE_X18Y224,SLICEM.B6LUT,64'hFFFFFFFFFFFFF800
u_dut/t_r[803]_i_2,LUT6,SLICE_X22Y223,SLICEM.C6LUT,64'hE000000000000000
u_dut/t_r[805]_i_1,LUT6,SLICE_X29Y219,SLICEL.B6LUT,64'h8080808080808000
u_dut/t_r[809]_i_1,LUT6,SLICE_X28Y228,SLICEL.B6LUT,64'h8800880088008000
u_dut/t_r[809]_i_2,LUT2,SLICE_X21Y223,SLICEL.A6LUT,4'h8
u_dut/t_r[80]_i_1,LUT2,SLICE_X29Y237,SLICEL.B5LUT,4'h8
u_dut/t_r[811]_i_1,LUT6,SLICE_X31Y228,SLICEL.A6LUT,64'hE000000000000000
u_dut/t_r[812]_i_1,LUT4,SLICE_X29Y226,SLICEL.D5LUT,16'hFEEE
u_dut/t_r[812]_i_2,LUT6,SLICE_X31Y228,SLICEL.B6LUT,64'h8000000000000000
u_dut/t_r[813]_i_1,LUT6,SLICE_X28Y226,SLICEL.D6LUT,64'hFFAAFFAAFFAAFEAA
u_dut/t_r[815]_i_1,LUT6,SLICE_X28Y227,SLICEL.D6LUT,64'hFFFFFEEE00000000
u_dut/t_r[816]_i_1,LUT5,SLICE_X21Y223,SLICEL.A5LUT,32'hFE000000
u_dut/t_r[817]_i_1,LUT6,SLICE_X28Y227,SLICEL.A6LUT,64'hFFEEFEEE00000000
u_dut/t_r[81]_i_1,LUT6,SLICE_X31Y234,SLICEL.D6LUT,64'hFFFE000000000000
u_dut/t_r[825]_i_1,LUT6,SLICE_X29Y225,SLICEL.D6LUT,64'hFEEEAAAAEEEEAAAA
u_dut/t_r[829]_i_1,LUT6,SLICE_X31Y226,SLICEL.C6LUT,64'h8888888080808080
u_dut/t_r[82]_i_1,LUT5,SLICE_X25Y231,SLICEL.A6LUT,32'hFE000000
u_dut/t_r[830]_i_1,LUT6,SLICE_X30Y227,SLICEL.A6LUT,64'h8880808080808080
u_dut/t_r[831]_i_1,LUT6,SLICE_X31Y226,SLICEL.A6LUT,64'h8800880088008000
u_dut/t_r[832]_i_1,LUT6,SLICE_X30Y226,SLICEL.D6LUT,64'hFFFFFFFFFFFF8000
u_dut/t_r[832]_i_2,LUT6,SLICE_X31Y226,SLICEL.B6LUT,64'h8800800080008000
u_dut/t_r[835]_i_1,LUT6,SLICE_X27Y227,SLICEL.D6LUT,64'hFFAAFEAAFEAAFEAA
u_dut/t_r[835]_i_2,LUT4,SLICE_X28Y227,SLICEL.B6LUT,16'h8000
u_dut/t_r[836]_i_1,LUT5,SLICE_X28Y227,SLICEL.C6LUT,32'hAAA88888
u_dut/t_r[837]_i_1,LUT2,SLICE_X22Y223,SLICEM.D6LUT,4'hE
u_dut/t_r[837]_i_2,LUT5,SLICE_X28Y227,SLICEL.B5LUT,32'h80000000
u_dut/t_r[83]_i_1,LUT6,SLICE_X27Y235,SLICEL.A6LUT,64'hFEEEEEEE00000000
u_dut/t_r[841]_i_1,LUT6,SLICE_X29Y228,SLICEL.D6LUT,64'hFFFFFFFE00000000
u_dut/t_r[842]_i_1,LUT5,SLICE_X29Y228,SLICEL.A6LUT,32'hFFFE0000
u_dut/t_r[844]_i_1,LUT6,SLICE_X26Y227,SLICEL.C6LUT,64'hFFFFF0F0FFFEF0F0
u_dut/t_r[844]_i_2,LUT4,SLICE_X24Y221,SLICEL.C6LUT,16'hF0E0
u_dut/t_r[847]_i_1,LUT5,SLICE_X27Y228,SLICEL.C6LUT,32'hFEEEAAAA
u_dut/t_r[847]_i_2,LUT4,SLICE_X28Y227,SLICEL.C5LUT,16'hFFFE
u_dut/t_r[84]_i_1,LUT6,SLICE_X25Y231,SLICEL.B6LUT,64'hFAFAFAF800000000
u_dut/t_r[852]_i_1,LUT6,SLICE_X23Y225,SLICEL.C6LUT,64'hFEEEEEEEAAAAAAAA
u_dut/t_r[853]_i_1,LUT6,SLICE_X28Y224,SLICEL.D6LUT,64'hFFF0FEF0F0F0F0F0
u_dut/t_r[856]_i_1,LUT5,SLICE_X20Y221,SLICEM.D6LUT,32'hFCECCCCC
u_dut/t_r[856]_i_2,LUT4,SLICE_X24Y221,SLICEL.C5LUT,16'hF080
u_dut/t_r[857]_i_1,LUT6,SLICE_X26Y228,SLICEL.B6LUT,64'hFFF0F8F0F0F0F0F0
u_dut/t_r[857]_i_2,LUT2,SLICE_X29Y228,SLICEL.B6LUT,4'h8
u_dut/t_r[858]_i_1,LUT6,SLICE_X25Y225,SLICEL.A6LUT,64'h8080808080808000
u_dut/t_r[859]_i_1,LUT5,SLICE_X29Y228,SLICEL.A5LUT,32'h80808000
u_dut/t_r[85]_i_1,LUT6,SLICE_X27Y235,SLICEL.B6LUT,64'hFAF8F8F800000000
u_dut/t_r[860]_i_1,LUT5,SLICE_X25Y225,SLICEL.B6LUT,32'hA8888888
u_dut/t_r[861]_i_1,LUT5,SLICE_X25Y225,SLICEL.B5LUT,32'hA0808080
u_dut/t_r[862]_i_1,LUT4,SLICE_X22Y223,SLICEM.D5LUT,16'hFFA8
u_dut/t_r[862]_i_2,LUT6,SLICE_X29Y228,SLICEL.C6LUT,64'h8000000000000000
u_dut/t_r[866]_i_1,LUT6,SLICE_X26Y227,SLICEL.D6LUT,64'hFFFFFFE0FF00FF00
u_dut/t_r[866]_i_2,LUT4,SLICE_X25Y227,SLICEL.B6LUT,16'h8880
u_dut/t_r[868]_i_1,LUT6,SLICE_X32Y227,SLICEL.D6LUT,64'hFEAAEEAAAAAAAAAA
u_dut/t_r[86]_i_1,LUT6,SLICE_X23Y237,SLICEL.B6LUT,64'hEAEAEAAA00000000
u_dut/t_r[872]_i_1,LUT6,SLICE_X30Y228,SLICEL.D6LUT,64'hFEAAAAAAAAAAAAAA
u_dut/t_r[872]_i_2,LUT3,SLICE_X29Y228,SLICEL.B5LUT,8'hF8
u_dut/t_r[873]_i_1,LUT6,SLICE_X26Y226,SLICEL.B6LUT,64'hFEAAAAAAAAAAAAAA
u_dut/t_r[873]_i_2,LUT3,SLICE_X29Y227,SLICEL.C6LUT,8'hF8
u_dut/t_r[877]_i_1,LUT6,SLICE_X23Y225,SLICEL.D6LUT,64'hFFFFFF80FF80FF80
u_dut/t_r[877]_i_2,LUT3,SLICE_X23Y220,SLICEL.B5LUT,8'h80
u_dut/t_r[878]_i_1,LUT6,SLICE_X26Y226,SLICEL.C6LUT,64'hFFF0FEF0F0F0F0F0
u_dut/t_r[878]_i_2,LUT2,SLICE_X25Y228,SLICEL.A5LUT,4'hE
u_dut/t_r[879]_i_1,LUT6,SLICE_X26Y226,SLICEL.D6LUT,64'hFFF0FEF0F0F0F0F0
u_dut/t_r[879]_i_2,LUT3,SLICE_X18Y224,SLICEM.A5LUT,8'hC8
u_dut/t_r[87]_i_1,LUT3,SLICE_X31Y234,SLICEL.B5LUT,8'h80
u_dut/t_r[881]_i_1,LUT6,SLICE_X19Y221,SLICEL.C6LUT,64'hFEAAAAAAEEAAAAAA
u_dut/t_r[881]_i_2,LUT4,SLICE_X18Y221,SLICEM.B6LUT,16'hFF80
u_dut/t_r[881]_i_3,LUT4,SLICE_X18Y221,SLICEM.C6LUT,16'hFF80
u_dut/t_r[887]_i_1,LUT5,SLICE_X18Y221,SLICEM.B5LUT,32'hFFFF8000
u_dut/t_r[887]_i_2,LUT5,SLICE_X18Y221,SLICEM.A5LUT,32'hFFFFFFEA
u_dut/t_r[888]_i_1,LUT6,SLICE_X29Y227,SLICEL.D6LUT,64'hFFAAAAAAFEAAAAAA
u_dut/t_r[888]_i_2,LUT2,SLICE_X29Y227,SLICEL.C5LUT,4'h8
u_dut/t_r[888]_i_3,LUT4,SLICE_X25Y227,SLICEL.B5LUT,16'h8000
u_dut/t_r[88]_i_1,LUT6,SLICE_X31Y234,SLICEL.C6LUT,64'h8080808080808000
u_dut/t_r[891]_i_1,LUT6,SLICE_X26Y228,SLICEL.C6LUT,64'hFFFFFFFF80000000
u_dut/t_r[892]_i_1,LUT6,SLICE_X25Y226,SLICEL.D6LUT,64'hFFFFFFFF80000000
u_dut/t_r[893]_i_1,LUT6,SLICE_X26Y228,SLICEL.D6LUT,64'hFF00FF00FF00FE00
u_dut/t_r[893]_i_2,LUT2,SLICE_X27Y228,SLICEL.C5LUT,4'hE
u_dut/t_r[89]_i_1,LUT5,SLICE_X25Y231,SLICEL.A5LUT,32'h80808000
u_dut/t_r[90]_i_1,LUT6,SLICE_X27Y235,SLICEL.C6LUT,64'hC888000000000000
u_dut/t_r[91]_i_1,LUT6,SLICE_X23Y237,SLICEL.C6LUT,64'h8888888000000000
u_dut/t_r[921]_i_1,LUT6,SLICE_X19Y221,SLICEL.D6LUT,64'hFF00800080008000
u_dut/t_r[921]_i_2,LUT3,SLICE_X20Y221,SLICEM.D5LUT,8'h80
u_dut/t_r[921]_i_3,LUT3,SLICE_X18Y221,SLICEM.C5LUT,8'hFE
u_dut/t_r[928]_i_1,LUT6,SLICE_X11Y224,SLICEL.A6LUT,64'hFFFFFFFEFFFEFFFE
u_dut/t_r[92]_i_1,LUT6,SLICE_X27Y235,SLICEL.D6LUT,64'h8880808000000000
u_dut/t_r[93]_i_1,LUT6,SLICE_X25Y231,SLICEL.C6LUT,64'hE000000000000000
u_dut/t_r[940]_i_1,LUT3,SLICE_X4Y216,SLICEL.B6LUT,8'hE0
u_dut/t_r[941]_i_1,LUT4,SLICE_X4Y216,SLICEL.C6LUT,16'hEA00
u_dut/t_r[942]_i_1,LUT2,SLICE_X4Y216,SLICEL.A5LUT,4'h8
u_dut/t_r[943]_i_1,LUT4,SLICE_X4Y217,SLICEL.C5LUT,16'hA800
u_dut/t_r[944]_i_1,LUT3,SLICE_X4Y216,SLICEL.B5LUT,8'h80
u_dut/t_r[945]_i_1,LUT5,SLICE_X4Y216,SLICEL.D6LUT,32'hFFFEFEFE
u_dut/t_r[945]_i_2,LUT4,SLICE_X4Y216,SLICEL.C5LUT,16'h8000
u_dut/t_r[946]_i_1,LUT2,SLICE_X2Y216,SLICEM.B5LUT,4'h8
u_dut/t_r[947]_i_1,LUT5,SLICE_X5Y219,SLICEL.A6LUT,32'hFE000000
u_dut/t_r[949]_i_1,LUT5,SLICE_X5Y219,SLICEL.B6LUT,32'hEA000000
u_dut/t_r[94]_i_1,LUT5,SLICE_X30Y236,SLICEL.B5LUT,32'hFFFF8880
u_dut/t_r[94]_i_2,LUT6,SLICE_X23Y237,SLICEL.D6LUT,64'h8000000000000000
u_dut/t_r[951]_i_1,LUT5,SLICE_X5Y219,SLICEL.A5LUT,32'hA8000000
u_dut/t_r[952]_i_1,LUT4,SLICE_X6Y217,SLICEM.C5LUT,16'h8000
u_dut/t_r[953]_i_1,LUT5,SLICE_X4Y215,SLICEL.B5LUT,32'hFFFFFFFE
u_dut/t_r[953]_i_2,LUT5,SLICE_X5Y219,SLICEL.B5LUT,32'h80000000
u_dut/t_r[957]_i_1,LUT6,SLICE_X3Y216,SLICEL.D6LUT,64'hFFFFFFFEFCFCFCFC
u_dut/t_r[958]_i_1,LUT6,SLICE_X11Y224,SLICEL.B6LUT,64'hFFFFFFFEFCFCFCFC
u_dut/t_r[95]_i_1,LUT6,SLICE_X28Y235,SLICEL.C6LUT,64'h8888888888888880
u_dut/t_r[960]_i_1,LUT6,SLICE_X11Y224,SLICEL.C6LUT,64'hFFFFFFF8F0F0F0F0
u_dut/t_r[961]_i_1,LUT6,SLICE_X11Y223,SLICEL.D6LUT,64'hFEEEEEEE00000000
u_dut/t_r[962]_i_1,LUT3,SLICE_X11Y223,SLICEL.A6LUT,8'hE0
u_dut/t_r[963]_i_1,LUT6,SLICE_X6Y222,SLICEM.B6LUT,64'hFFFFFFF8FFF0FFF0
u_dut/t_r[964]_i_1,LUT5,SLICE_X11Y223,SLICEL.B6LUT,32'hFEAA0000
u_dut/t_r[965]_i_1,LUT6,SLICE_X5Y213,SLICEL.D6LUT,64'hFFFF0000F8000000
u_dut/t_r[967]_i_1,LUT6,SLICE_X3Y219,SLICEL.A6LUT,64'hFFFFFFF8FFF0FFF0
u_dut/t_r[968]_i_1,LUT6,SLICE_X9Y215,SLICEL.D6LUT,64'hFFFFFF80FF00FF00
u_dut/t_r[96]_i_1,LUT6,SLICE_X28Y235,SLICEL.D6LUT,64'h8080808080808000
u_dut/t_r[974]_i_1,LUT6,SLICE_X6Y222,SLICEM.C6LUT,64'hFFFCFEFCFCFCFCFC
u_dut/t_r[975]_i_1,LUT6,SLICE_X8Y216,SLICEM.D6LUT,64'hFFF0F8F0F0F0F0F0
u_dut/t_r[976]_i_1,LUT6,SLICE_X3Y218,SLICEL.B6LUT,64'hFFFCFEFCFCFCFCFC
u_dut/t_r[977]_i_1,LUT3,SLICE_X11Y223,SLICEL.A5LUT,8'h80
u_dut/t_r[982]_i_1,LUT5,SLICE_X11Y223,SLICEL.B5LUT,32'h80000000
u_dut/t_r[983]_i_1,LUT4,SLICE_X4Y214,SLICEL.D6LUT,16'hFFFE
u_dut/t_r[983]_i_2,LUT6,SLICE_X11Y223,SLICEL.C6LUT,64'h8000000000000000
u_dut/t_r[984]_i_1,LUT6,SLICE_X3Y218,SLICEL.C6LUT,64'hFFFFAAAAFFFEAAAA
u_dut/t_r[987]_i_1,LUT6,SLICE_X3Y219,SLICEL.B6LUT,64'hFFFFAAAAFFFEAAAA
u_dut/t_r[98]_i_1,LUT5,SLICE_X28Y235,SLICEL.B5LUT,32'h80808000
u_dut/t_r[990]_i_1,LUT6,SLICE_X8Y217,SLICEM.C6LUT,64'hFFFFFFFEFFFCFFFC
u_dut/t_r[992]_i_1,LUT6,SLICE_X3Y215,SLICEL.C6LUT,64'hFFFEFEFECCCCCCCC
u_dut/t_r[992]_i_2,LUT2,SLICE_X3Y215,SLICEL.B5LUT,4'h8
u_dut/t_r[993]_i_1,LUT6,SLICE_X3Y214,SLICEL.C6LUT,64'hFFFEFEFECCCCCCCC
u_dut/t_r[994]_i_1,LUT6,SLICE_X4Y222,SLICEL.C6LUT,64'hFFFFCCCCFECCCCCC
u_dut/t_r[995]_i_1,LUT6,SLICE_X3Y214,SLICEL.D6LUT,64'hFFFFCCCCFECCCCCC
u_dut/t_r[996]_i_1,LUT6,SLICE_X3Y218,SLICEL.D6LUT,64'hFFFFCCCCFECCCCCC
u_dut/t_r[997]_i_1,LUT4,SLICE_X2Y215,SLICEM.A5LUT,16'hF080
u_dut/t_r[999]_i_1,LUT6,SLICE_X11Y224,SLICEL.D6LUT,64'hFFFFFF80FF00FF00
u_dut/t_r[99]_i_1,LUT6,SLICE_X30Y235,SLICEL.D6LUT,64'hAA88AA80AA80AA80
u_dut/t_r_reg[0],FDRE,SLICE_X25Y214,SLICEL.AFF,1'b0
u_dut/t_r_reg[1001],FDSE,SLICE_X7Y215,SLICEL.DFF,1'b0
u_dut/t_r_reg[1002],FDRE,SLICE_X5Y224,SLICEL.AFF,1'b0
u_dut/t_r_reg[1003],FDSE,SLICE_X7Y215,SLICEL.AFF,1'b0
u_dut/t_r_reg[1004],FDSE,SLICE_X1Y216,SLICEL.AFF,1'b0
u_dut/t_r_reg[1005],FDRE,SLICE_X3Y218,SLICEL.AFF,1'b0
u_dut/t_r_reg[1006],FDSE,SLICE_X1Y216,SLICEL.A5FF,1'b0
u_dut/t_r_reg[1008],FDRE,SLICE_X3Y214,SLICEL.AFF,1'b0
u_dut/t_r_reg[1009],FDSE,SLICE_X7Y215,SLICEL.BFF,1'b0
u_dut/t_r_reg[100],FDSE,SLICE_X29Y236,SLICEL.DFF,1'b0
u_dut/t_r_reg[1010],FDSE,SLICE_X7Y215,SLICEL.CFF,1'b0
u_dut/t_r_reg[1012],FDRE,SLICE_X5Y217,SLICEL.DFF,1'b0
u_dut/t_r_reg[1017],FDRE,SLICE_X2Y216,SLICEM.AFF,1'b0
u_dut/t_r_reg[1018],FDRE,SLICE_X8Y217,SLICEM.BFF,1'b0
u_dut/t_r_reg[101],FDSE,SLICE_X29Y236,SLICEL.AFF,1'b0
u_dut/t_r_reg[1020],FDRE,SLICE_X6Y217,SLICEM.DFF,1'b0
u_dut/t_r_reg[1021],FDRE,SLICE_X8Y212,SLICEM.CFF,1'b0
u_dut/t_r_reg[1023],FDRE,SLICE_X2Y216,SLICEM.CFF,1'b0
u_dut/t_r_reg[1024],FDRE,SLICE_X3Y217,SLICEL.AFF,1'b0
u_dut/t_r_reg[1025],FDRE,SLICE_X5Y216,SLICEL.BFF,1'b0
u_dut/t_r_reg[1029],FDRE,SLICE_X3Y216,SLICEL.BFF,1'b0
u_dut/t_r_reg[102],FDSE,SLICE_X30Y235,SLICEL.AFF,1'b0
u_dut/t_r_reg[1030],FDRE,SLICE_X3Y215,SLICEL.AFF,1'b0
u_dut/t_r_reg[1031],FDRE,SLICE_X5Y216,SLICEL.CFF,1'b0
u_dut/t_r_reg[1035],FDRE,SLICE_X6Y212,SLICEM.AFF,1'b0
u_dut/t_r_reg[1037],FDRE,SLICE_X6Y212,SLICEM.BFF,1'b0
u_dut/t_r_reg[1039],FDRE,SLICE_X3Y216,SLICEL.CFF,1'b0
u_dut/t_r_reg[103],FDSE,SLICE_X28Y235,SLICEL.AFF,1'b0
u_dut/t_r_reg[1040],FDRE,SLICE_X7Y217,SLICEL.DFF,1'b0
u_dut/t_r_reg[1041],FDRE,SLICE_X3Y217,SLICEL.BFF,1'b0
u_dut/t_r_reg[1044],FDRE,SLICE_X7Y214,SLICEL.BFF,1'b0
u_dut/t_r_reg[1045],FDRE,SLICE_X7Y214,SLICEL.CFF,1'b0
u_dut/t_r_reg[1048],FDRE,SLICE_X5Y213,SLICEL.A5FF,1'b0
u_dut/t_r_reg[1049],FDRE,SLICE_X8Y212,SLICEM.C5FF,1'b0
u_dut/t_r_reg[104],FDSE,SLICE_X29Y236,SLICEL.BFF,1'b0
u_dut/t_r_reg[1052],FDRE,SLICE_X6Y212,SLICEM.DFF,1'b0
u_dut/t_r_reg[1053],FDRE,SLICE_X5Y213,SLICEL.BFF,1'b0
u_dut/t_r_reg[105],FDSE,SLICE_X28Y235,SLICEL.BFF,1'b0
u_dut/t_r_reg[106],FDSE,SLICE_X30Y235,SLICEL.BFF,1'b0
u_dut/t_r_reg[1077],FDRE,SLICE_X21Y212,SLICEL.AFF,1'b0
u_dut/t_r_reg[1078],FDRE,SLICE_X21Y212,SLICEL.BFF,1'b0
u_dut/t_r_reg[107],FDSE,SLICE_X30Y235,SLICEL.CFF,1'b0
u_dut/t_r_reg[1080],FDRE,SLICE_X20Y209,SLICEM.A5FF,1'b0
u_dut/t_r_reg[1083],FDRE,SLICE_X24Y209,SLICEL.AFF,1'b0
u_dut/t_r_reg[1087],FDRE,SLICE_X24Y212,SLICEL.AFF,1'b0
u_dut/t_r_reg[1089],FDRE,SLICE_X24Y211,SLICEL.AFF,1'b0
u_dut/t_r_reg[108],FDSE,SLICE_X29Y236,SLICEL.CFF,1'b0
u_dut/t_r_reg[1093],FDRE,SLICE_X22Y212,SLICEM.AFF,1'b0
u_dut/t_r_reg[1097],FDRE,SLICE_X20Y212,SLICEM.AFF,1'b0
u_dut/t_r_reg[109],FDSE,SLICE_X29Y237,SLICEL.DFF,1'b0
u_dut/t_r_reg[1103],FDRE,SLICE_X21Y209,SLICEL.BFF,1'b0
u_dut/t_r_reg[1104],FDRE,SLICE_X20Y209,SLICEM.AFF,1'b0
u_dut/t_r_reg[1109],FDRE,SLICE_X20Y209,SLICEM.BFF,1'b0
u_dut/t_r_reg[110],FDSE,SLICE_X29Y237,SLICEL.AFF,1'b0
u_dut/t_r_reg[1114],FDRE,SLICE_X20Y209,SLICEM.CFF,1'b0
u_dut/t_r_reg[1119],FDRE,SLICE_X24Y212,SLICEL.CFF,1'b0
u_dut/t_r_reg[111],FDSE,SLICE_X26Y237,SLICEL.AFF,1'b0
u_dut/t_r_reg[1121],FDRE,SLICE_X21Y209,SLICEL.CFF,1'b0
u_dut/t_r_reg[112],FDSE,SLICE_X24Y236,SLICEL.AFF,1'b0
u_dut/t_r_reg[1130],FDSE,SLICE_X22Y210,SLICEM.AFF,1'b0
u_dut/t_r_reg[1134],FDSE,SLICE_X20Y210,SLICEM.AFF,1'b0
u_dut/t_r_reg[1137],FDRE,SLICE_X20Y211,SLICEM.AFF,1'b0
u_dut/t_r_reg[1138],FDSE,SLICE_X20Y210,SLICEM.BFF,1'b0
u_dut/t_r_reg[113],FDSE,SLICE_X28Y236,SLICEL.AFF,1'b0
u_dut/t_r_reg[1140],FDRE,SLICE_X22Y211,SLICEM.BFF,1'b0
u_dut/t_r_reg[1141],FDRE,SLICE_X20Y211,SLICEM.BFF,1'b0
u_dut/t_r_reg[1145],FDSE,SLICE_X20Y210,SLICEM.CFF,1'b0
u_dut/t_r_reg[114],FDSE,SLICE_X24Y236,SLICEL.BFF,1'b0
u_dut/t_r_reg[1152],FDSE,SLICE_X20Y210,SLICEM.DFF,1'b0
u_dut/t_r_reg[1156],FDSE,SLICE_X24Y210,SLICEL.AFF,1'b0
u_dut/t_r_reg[1157],FDRE,SLICE_X22Y212,SLICEM.BFF,1'b0
u_dut/t_r_reg[1159],FDRE,SLICE_X24Y212,SLICEL.DFF,1'b0
u_dut/t_r_reg[115],FDSE,SLICE_X29Y237,SLICEL.A5FF,1'b0
u_dut/t_r_reg[116],FDSE,SLICE_X24Y236,SLICEL.CFF,1'b0
u_dut/t_r_reg[1173],FDSE,SLICE_X21Y210,SLICEL.CFF,1'b0
u_dut/t_r_reg[117],FDSE,SLICE_X24Y236,SLICEL.DFF,1'b0
u_dut/t_r_reg[1185],FDSE,SLICE_X25Y210,SLICEL.AFF,1'b0
u_dut/t_r_reg[1186],FDSE,SLICE_X21Y210,SLICEL.AFF,1'b0
u_dut/t_r_reg[1187],FDSE,SLICE_X25Y210,SLICEL.BFF,1'b0
u_dut/t_r_reg[1188],FDSE,SLICE_X21Y210,SLICEL.BFF,1'b0
u_dut/t_r_reg[118],FDSE,SLICE_X28Y236,SLICEL.BFF,1'b0
u_dut/t_r_reg[1190],FDRE,SLICE_X24Y209,SLICEL.CFF,1'b0
u_dut/t_r_reg[1191],FDRE,SLICE_X20Y211,SLICEM.CFF,1'b0
u_dut/t_r_reg[1193],FDRE,SLICE_X20Y212,SLICEM.BFF,1'b0
u_dut/t_r_reg[1194],FDRE,SLICE_X22Y211,SLICEM.CFF,1'b0
u_dut/t_r_reg[119],FDSE,SLICE_X28Y236,SLICEL.CFF,1'b0
u_dut/t_r_reg[11],FDRE,SLICE_X26Y210,SLICEL.AFF,1'b0
u_dut/t_r_reg[1201],FDSE,SLICE_X24Y210,SLICEL.CFF,1'b0
u_dut/t_r_reg[1202],FDSE,SLICE_X24Y210,SLICEL.BFF,1'b0
u_dut/t_r_reg[1209],FDSE,SLICE_X22Y209,SLICEM.AFF,1'b0
u_dut/t_r_reg[120],FDSE,SLICE_X26Y237,SLICEL.BFF,1'b0
u_dut/t_r_reg[1211],FDSE,SLICE_X22Y209,SLICEM.BFF,1'b0
u_dut/t_r_reg[1217],FDSE,SLICE_X21Y211,SLICEL.AFF,1'b0
u_dut/t_r_reg[1218],FDSE,SLICE_X21Y211,SLICEL.BFF,1'b0
u_dut/t_r_reg[1219],FDRE,SLICE_X25Y211,SLICEL.AFF,1'b0
u_dut/t_r_reg[121],FDSE,SLICE_X28Y236,SLICEL.DFF,1'b0
u_dut/t_r_reg[1225],FDSE,SLICE_X21Y211,SLICEL.A5FF,1'b0
u_dut/t_r_reg[1227],FDSE,SLICE_X21Y211,SLICEL.CFF,1'b0
u_dut/t_r_reg[122],FDSE,SLICE_X31Y233,SLICEL.DFF,1'b0
u_dut/t_r_reg[1232],FDRE,SLICE_X20Y208,SLICEM.AFF,1'b0
u_dut/t_r_reg[1235],FDRE,SLICE_X21Y212,SLICEL.A5FF,1'b0
u_dut/t_r_reg[1238],FDRE,SLICE_X21Y212,SLICEL.DFF,1'b0
u_dut/t_r_reg[123],FDSE,SLICE_X31Y233,SLICEL.BFF,1'b0
u_dut/t_r_reg[1241],FDRE,SLICE_X20Y212,SLICEM.CFF,1'b0
u_dut/t_r_reg[1245],FDRE,SLICE_X25Y209,SLICEL.BFF,1'b0
u_dut/t_r_reg[1249],FDRE,SLICE_X20Y212,SLICEM.DFF,1'b0
u_dut/t_r_reg[124],FDSE,SLICE_X27Y225,SLICEL.AFF,1'b0
u_dut/t_r_reg[1251],FDRE,SLICE_X25Y209,SLICEL.DFF,1'b0
u_dut/t_r_reg[1252],FDRE,SLICE_X25Y212,SLICEL.AFF,1'b0
u_dut/t_r_reg[1253],FDRE,SLICE_X25Y209,SLICEL.D5FF,1'b0
u_dut/t_r_reg[125],FDSE,SLICE_X30Y237,SLICEL.AFF,1'b0
u_dut/t_r_reg[1269],FDSE,SLICE_X37Y226,SLICEL.A5FF,1'b0
u_dut/t_r_reg[126],FDSE,SLICE_X27Y225,SLICEL.BFF,1'b0
u_dut/t_r_reg[1271],FDSE,SLICE_X40Y219,SLICEL.AFF,1'b0
u_dut/t_r_reg[1272],FDSE,SLICE_X34Y220,SLICEL.CFF,1'b0
u_dut/t_r_reg[1273],FDSE,SLICE_X34Y220,SLICEL.AFF,1'b0
u_dut/t_r_reg[1275],FDRE,SLICE_X30Y226,SLICEL.CFF,1'b0
u_dut/t_r_reg[1279],FDSE,SLICE_X34Y220,SLICEL.A5FF,1'b0
u_dut/t_r_reg[127],FDSE,SLICE_X25Y237,SLICEL.AFF,1'b0
u_dut/t_r_reg[1280],FDSE,SLICE_X33Y224,SLICEL.AFF,1'b0
u_dut/t_r_reg[1282],FDSE,SLICE_X34Y220,SLICEL.BFF,1'b0
u_dut/t_r_reg[1283],FDRE,SLICE_X29Y227,SLICEL.BFF,1'b0
u_dut/t_r_reg[1284],FDRE,SLICE_X33Y222,SLICEL.DFF,1'b0
u_dut/t_r_reg[1285],FDSE,SLICE_X22Y226,SLICEM.DFF,1'b0
u_dut/t_r_reg[1286],FDRE,SLICE_X34Y227,SLICEL.AFF,1'b0
u_dut/t_r_reg[128],FDSE,SLICE_X30Y237,SLICEL.A5FF,1'b0
u_dut/t_r_reg[1291],FDSE,SLICE_X39Y225,SLICEL.AFF,1'b0
u_dut/t_r_reg[1292],FDRE,SLICE_X26Y219,SLICEL.CFF,1'b0
u_dut/t_r_reg[1293],FDRE,SLICE_X36Y226,SLICEL.BFF,1'b0
u_dut/t_r_reg[1294],FDRE,SLICE_X23Y217,SLICEL.AFF,1'b0
u_dut/t_r_reg[1295],FDSE,SLICE_X39Y225,SLICEL.BFF,1'b0
u_dut/t_r_reg[1296],FDSE,SLICE_X39Y227,SLICEL.AFF,1'b0
u_dut/t_r_reg[1297],FDSE,SLICE_X39Y227,SLICEL.BFF,1'b0
u_dut/t_r_reg[1298],FDSE,SLICE_X39Y227,SLICEL.CFF,1'b0
u_dut/t_r_reg[1299],FDSE,SLICE_X37Y226,SLICEL.AFF,1'b0
u_dut/t_r_reg[12],FDRE,SLICE_X25Y214,SLICEL.CFF,1'b0
u_dut/t_r_reg[1300],FDSE,SLICE_X37Y226,SLICEL.BFF,1'b0
u_dut/t_r_reg[1302],FDSE,SLICE_X22Y226,SLICEM.AFF,1'b0
u_dut/t_r_reg[1303],FDSE,SLICE_X37Y226,SLICEL.CFF,1'b0
u_dut/t_r_reg[1304],FDSE,SLICE_X22Y226,SLICEM.BFF,1'b0
u_dut/t_r_reg[1305],FDSE,SLICE_X21Y217,SLICEL.AFF,1'b0
u_dut/t_r_reg[1307],FDRE,SLICE_X22Y227,SLICEM.AFF,1'b0
u_dut/t_r_reg[1308],FDRE,SLICE_X22Y217,SLICEM.BFF,1'b0
u_dut/t_r_reg[130],FDSE,SLICE_X25Y237,SLICEL.BFF,1'b0
u_dut/t_r_reg[1310],FDSE,SLICE_X37Y226,SLICEL.DFF,1'b0
u_dut/t_r_reg[1311],FDSE,SLICE_X22Y226,SLICEM.B5FF,1'b0
u_dut/t_r_reg[1313],FDSE,SLICE_X35Y224,SLICEL.A5FF,1'b0
u_dut/t_r_reg[1314],FDSE,SLICE_X23Y216,SLICEL.DFF,1'b0
u_dut/t_r_reg[1315],FDRE,SLICE_X23Y225,SLICEL.AFF,1'b0
u_dut/t_r_reg[1317],FDSE,SLICE_X23Y216,SLICEL.AFF,1'b0
u_dut/t_r_reg[1319],FDSE,SLICE_X20Y225,SLICEM.AFF,1'b0
u_dut/t_r_reg[131],FDSE,SLICE_X31Y233,SLICEL.CFF,1'b0
u_dut/t_r_reg[1320],FDSE,SLICE_X23Y216,SLICEL.BFF,1'b0
u_dut/t_r_reg[1322],FDSE,SLICE_X23Y216,SLICEL.B5FF,1'b0
u_dut/t_r_reg[1323],FDSE,SLICE_X37Y219,SLICEL.AFF,1'b0
u_dut/t_r_reg[1327],FDRE,SLICE_X26Y224,SLICEL.CFF,1'b0
u_dut/t_r_reg[1328],FDRE,SLICE_X22Y217,SLICEM.CFF,1'b0
u_dut/t_r_reg[1329],FDSE,SLICE_X23Y215,SLICEL.A5FF,1'b0
u_dut/t_r_reg[132],FDSE,SLICE_X27Y225,SLICEL.A5FF,1'b0
u_dut/t_r_reg[1330],FDRE,SLICE_X24Y225,SLICEL.DFF,1'b0
u_dut/t_r_reg[1331],FDRE,SLICE_X31Y227,SLICEL.CFF,1'b0
u_dut/t_r_reg[1334],FDRE,SLICE_X32Y218,SLICEL.CFF,1'b0
u_dut/t_r_reg[1335],FDRE,SLICE_X24Y218,SLICEL.AFF,1'b0
u_dut/t_r_reg[1339],FDRE,SLICE_X33Y227,SLICEL.BFF,1'b0
u_dut/t_r_reg[133],FDSE,SLICE_X25Y237,SLICEL.CFF,1'b0
u_dut/t_r_reg[1340],FDRE,SLICE_X23Y226,SLICEL.CFF,1'b0
u_dut/t_r_reg[1341],FDSE,SLICE_X35Y224,SLICEL.BFF,1'b0
u_dut/t_r_reg[1342],FDSE,SLICE_X24Y223,SLICEL.AFF,1'b0
u_dut/t_r_reg[1345],FDRE,SLICE_X21Y225,SLICEL.AFF,1'b0
u_dut/t_r_reg[1348],FDSE,SLICE_X23Y215,SLICEL.AFF,1'b0
u_dut/t_r_reg[1349],FDRE,SLICE_X33Y227,SLICEL.CFF,1'b0
u_dut/t_r_reg[134],FDSE,SLICE_X27Y225,SLICEL.CFF,1'b0
u_dut/t_r_reg[1350],FDRE,SLICE_X22Y227,SLICEM.BFF,1'b0
u_dut/t_r_reg[1353],FDSE,SLICE_X35Y224,SLICEL.AFF,1'b0
u_dut/t_r_reg[1357],FDSE,SLICE_X24Y223,SLICEL.BFF,1'b0
u_dut/t_r_reg[1358],FDSE,SLICE_X24Y223,SLICEL.B5FF,1'b0
u_dut/t_r_reg[135],FDSE,SLICE_X27Y233,SLICEL.AFF,1'b0
u_dut/t_r_reg[1360],FDRE,SLICE_X36Y220,SLICEL.DFF,1'b0
u_dut/t_r_reg[1362],FDSE,SLICE_X24Y223,SLICEL.A5FF,1'b0
u_dut/t_r_reg[1363],FDSE,SLICE_X23Y215,SLICEL.BFF,1'b0
u_dut/t_r_reg[1364],FDSE,SLICE_X38Y218,SLICEM.AFF,1'b0
u_dut/t_r_reg[1365],FDSE,SLICE_X24Y223,SLICEL.CFF,1'b0
u_dut/t_r_reg[1366],FDSE,SLICE_X31Y224,SLICEL.BFF,1'b0
u_dut/t_r_reg[1367],FDRE,SLICE_X27Y227,SLICEL.CFF,1'b0
u_dut/t_r_reg[1369],FDSE,SLICE_X31Y224,SLICEL.AFF,1'b0
u_dut/t_r_reg[136],FDSE,SLICE_X39Y231,SLICEL.CFF,1'b0
u_dut/t_r_reg[1371],FDSE,SLICE_X21Y226,SLICEL.AFF,1'b0
u_dut/t_r_reg[1372],FDSE,SLICE_X21Y226,SLICEL.BFF,1'b0
u_dut/t_r_reg[1374],FDRE,SLICE_X27Y227,SLICEL.C5FF,1'b0
u_dut/t_r_reg[1375],FDSE,SLICE_X21Y226,SLICEL.CFF,1'b0
u_dut/t_r_reg[1377],FDSE,SLICE_X25Y216,SLICEL.AFF,1'b0
u_dut/t_r_reg[1378],FDSE,SLICE_X21Y226,SLICEL.C5FF,1'b0
u_dut/t_r_reg[137],FDSE,SLICE_X27Y233,SLICEL.BFF,1'b0
u_dut/t_r_reg[1380],FDRE,SLICE_X23Y218,SLICEL.DFF,1'b0
u_dut/t_r_reg[1383],FDRE,SLICE_X21Y225,SLICEL.BFF,1'b0
u_dut/t_r_reg[1384],FDSE,SLICE_X33Y219,SLICEL.BFF,1'b0
u_dut/t_r_reg[138],FDSE,SLICE_X27Y233,SLICEL.A5FF,1'b0
u_dut/t_r_reg[1390],FDRE,SLICE_X27Y221,SLICEL.CFF,1'b0
u_dut/t_r_reg[1391],FDRE,SLICE_X27Y219,SLICEL.DFF,1'b0
u_dut/t_r_reg[1394],FDRE,SLICE_X35Y226,SLICEL.BFF,1'b0
u_dut/t_r_reg[1395],FDRE,SLICE_X21Y225,SLICEL.CFF,1'b0
u_dut/t_r_reg[1397],FDRE,SLICE_X22Y220,SLICEM.BFF,1'b0
u_dut/t_r_reg[1398],FDRE,SLICE_X23Y217,SLICEL.BFF,1'b0
u_dut/t_r_reg[1399],FDRE,SLICE_X23Y217,SLICEL.CFF,1'b0
u_dut/t_r_reg[139],FDSE,SLICE_X39Y231,SLICEL.AFF,1'b0
u_dut/t_r_reg[13],FDRE,SLICE_X41Y228,SLICEL.AFF,1'b0
u_dut/t_r_reg[1400],FDSE,SLICE_X38Y226,SLICEM.AFF,1'b0
u_dut/t_r_reg[1403],FDSE,SLICE_X33Y219,SLICEL.AFF,1'b0
u_dut/t_r_reg[1405],FDSE,SLICE_X38Y226,SLICEM.BFF,1'b0
u_dut/t_r_reg[1406],FDSE,SLICE_X26Y216,SLICEL.AFF,1'b0
u_dut/t_r_reg[1408],FDRE,SLICE_X22Y227,SLICEM.CFF,1'b0
u_dut/t_r_reg[1409],FDRE,SLICE_X22Y220,SLICEM.CFF,1'b0
u_dut/t_r_reg[140],FDSE,SLICE_X39Y231,SLICEL.BFF,1'b0
u_dut/t_r_reg[1412],FDSE,SLICE_X26Y216,SLICEL.BFF,1'b0
u_dut/t_r_reg[1417],FDRE,SLICE_X22Y220,SLICEM.DFF,1'b0
u_dut/t_r_reg[141],FDSE,SLICE_X27Y233,SLICEL.CFF,1'b0
u_dut/t_r_reg[1420],FDRE,SLICE_X23Y226,SLICEL.DFF,1'b0
u_dut/t_r_reg[1422],FDRE,SLICE_X22Y227,SLICEM.DFF,1'b0
u_dut/t_r_reg[1423],FDSE,SLICE_X24Y216,SLICEL.BFF,1'b0
u_dut/t_r_reg[1424],FDRE,SLICE_X32Y218,SLICEL.DFF,1'b0
u_dut/t_r_reg[1425],FDRE,SLICE_X24Y218,SLICEL.BFF,1'b0
u_dut/t_r_reg[1428],FDRE,SLICE_X35Y226,SLICEL.CFF,1'b0
u_dut/t_r_reg[1430],FDSE,SLICE_X24Y216,SLICEL.AFF,1'b0
u_dut/t_r_reg[1431],FDSE,SLICE_X25Y218,SLICEL.AFF,1'b0
u_dut/t_r_reg[1435],FDRE,SLICE_X26Y218,SLICEL.CFF,1'b0
u_dut/t_r_reg[1436],FDSE,SLICE_X38Y215,SLICEM.AFF,1'b0
u_dut/t_r_reg[1437],FDRE,SLICE_X23Y228,SLICEL.AFF,1'b0
u_dut/t_r_reg[143],FDSE,SLICE_X39Y231,SLICEL.B5FF,1'b0
u_dut/t_r_reg[1441],FDRE,SLICE_X37Y221,SLICEL.BFF,1'b0
u_dut/t_r_reg[1443],FDRE,SLICE_X26Y219,SLICEL.DFF,1'b0
u_dut/t_r_reg[1444],FDSE,SLICE_X36Y219,SLICEL.DFF,1'b0
u_dut/t_r_reg[1445],FDSE,SLICE_X36Y219,SLICEL.AFF,1'b0
u_dut/t_r_reg[1447],FDSE,SLICE_X36Y219,SLICEL.BFF,1'b0
u_dut/t_r_reg[1448],FDSE,SLICE_X36Y219,SLICEL.CFF,1'b0
u_dut/t_r_reg[144],FDSE,SLICE_X27Y233,SLICEL.DFF,1'b0
u_dut/t_r_reg[1450],FDRE,SLICE_X30Y228,SLICEL.CFF,1'b0
u_dut/t_r_reg[1454],FDRE,SLICE_X36Y231,SLICEL.A5FF,1'b0
u_dut/t_r_reg[146],FDSE,SLICE_X25Y234,SLICEL.DFF,1'b0
u_dut/t_r_reg[147],FDSE,SLICE_X38Y234,SLICEM.AFF,1'b0
u_dut/t_r_reg[1483],FDRE,SLICE_X24Y211,SLICEL.BFF,1'b0
u_dut/t_r_reg[1487],FDRE,SLICE_X24Y211,SLICEL.CFF,1'b0
u_dut/t_r_reg[148],FDSE,SLICE_X26Y234,SLICEL.AFF,1'b0
u_dut/t_r_reg[1490],FDSE,SLICE_X26Y212,SLICEL.DFF,1'b0
u_dut/t_r_reg[1491],FDRE,SLICE_X30Y212,SLICEL.AFF,1'b0
u_dut/t_r_reg[1495],FDSE,SLICE_X26Y212,SLICEL.AFF,1'b0
u_dut/t_r_reg[1497],FDSE,SLICE_X26Y212,SLICEL.A5FF,1'b0
u_dut/t_r_reg[1499],FDSE,SLICE_X26Y212,SLICEL.CFF,1'b0
u_dut/t_r_reg[149],FDSE,SLICE_X25Y234,SLICEL.AFF,1'b0
u_dut/t_r_reg[14],FDSE,SLICE_X37Y231,SLICEL.BFF,1'b0
u_dut/t_r_reg[1506],FDSE,SLICE_X25Y213,SLICEL.AFF,1'b0
u_dut/t_r_reg[1507],FDSE,SLICE_X24Y213,SLICEL.AFF,1'b0
u_dut/t_r_reg[1508],FDSE,SLICE_X26Y213,SLICEL.AFF,1'b0
u_dut/t_r_reg[1509],FDRE,SLICE_X27Y211,SLICEL.AFF,1'b0
u_dut/t_r_reg[150],FDSE,SLICE_X25Y234,SLICEL.BFF,1'b0
u_dut/t_r_reg[1512],FDRE,SLICE_X25Y211,SLICEL.BFF,1'b0
u_dut/t_r_reg[1513],FDRE,SLICE_X26Y214,SLICEL.AFF,1'b0
u_dut/t_r_reg[1519],FDRE,SLICE_X26Y214,SLICEL.BFF,1'b0
u_dut/t_r_reg[151],FDSE,SLICE_X25Y234,SLICEL.CFF,1'b0
u_dut/t_r_reg[1522],FDRE,SLICE_X27Y213,SLICEL.AFF,1'b0
u_dut/t_r_reg[1524],FDSE,SLICE_X24Y213,SLICEL.BFF,1'b0
u_dut/t_r_reg[1527],FDRE,SLICE_X27Y213,SLICEL.BFF,1'b0
u_dut/t_r_reg[1528],FDRE,SLICE_X22Y212,SLICEM.CFF,1'b0
u_dut/t_r_reg[152],FDSE,SLICE_X26Y234,SLICEL.A5FF,1'b0
u_dut/t_r_reg[1537],FDRE,SLICE_X26Y211,SLICEL.AFF,1'b0
u_dut/t_r_reg[153],FDSE,SLICE_X26Y234,SLICEL.BFF,1'b0
u_dut/t_r_reg[1540],FDSE,SLICE_X24Y213,SLICEL.CFF,1'b0
u_dut/t_r_reg[1543],FDSE,SLICE_X26Y213,SLICEL.A5FF,1'b0
u_dut/t_r_reg[1545],FDSE,SLICE_X24Y213,SLICEL.DFF,1'b0
u_dut/t_r_reg[1548],FDSE,SLICE_X26Y213,SLICEL.BFF,1'b0
u_dut/t_r_reg[154],FDSE,SLICE_X26Y234,SLICEL.CFF,1'b0
u_dut/t_r_reg[155],FDSE,SLICE_X26Y234,SLICEL.DFF,1'b0
u_dut/t_r_reg[1563],FDRE,SLICE_X26Y214,SLICEL.CFF,1'b0
u_dut/t_r_reg[1568],FDSE,SLICE_X23Y212,SLICEL.BFF,1'b0
u_dut/t_r_reg[156],FDSE,SLICE_X39Y232,SLICEL.DFF,1'b0
u_dut/t_r_reg[1572],FDRE,SLICE_X27Y213,SLICEL.CFF,1'b0
u_dut/t_r_reg[1573],FDRE,SLICE_X28Y212,SLICEL.AFF,1'b0
u_dut/t_r_reg[1574],FDSE,SLICE_X27Y214,SLICEL.DFF,1'b0
u_dut/t_r_reg[1576],FDSE,SLICE_X27Y214,SLICEL.AFF,1'b0
u_dut/t_r_reg[157],FDSE,SLICE_X39Y232,SLICEL.AFF,1'b0
u_dut/t_r_reg[1588],FDSE,SLICE_X27Y214,SLICEL.BFF,1'b0
u_dut/t_r_reg[1589],FDSE,SLICE_X27Y214,SLICEL.CFF,1'b0
u_dut/t_r_reg[158],FDSE,SLICE_X36Y234,SLICEL.AFF,1'b0
u_dut/t_r_reg[1590],FDSE,SLICE_X29Y212,SLICEL.AFF,1'b0
u_dut/t_r_reg[1592],FDRE,SLICE_X26Y214,SLICEL.DFF,1'b0
u_dut/t_r_reg[1593],FDRE,SLICE_X23Y214,SLICEL.BFF,1'b0
u_dut/t_r_reg[1594],FDRE,SLICE_X22Y212,SLICEM.DFF,1'b0
u_dut/t_r_reg[159],FDSE,SLICE_X36Y234,SLICEL.BFF,1'b0
u_dut/t_r_reg[1605],FDSE,SLICE_X29Y212,SLICEL.A5FF,1'b0
u_dut/t_r_reg[160],FDSE,SLICE_X39Y232,SLICEL.BFF,1'b0
u_dut/t_r_reg[1610],FDSE,SLICE_X29Y212,SLICEL.CFF,1'b0
u_dut/t_r_reg[1611],FDSE,SLICE_X23Y212,SLICEL.AFF,1'b0
u_dut/t_r_reg[1613],FDSE,SLICE_X29Y212,SLICEL.DFF,1'b0
u_dut/t_r_reg[1614],FDRE,SLICE_X27Y213,SLICEL.DFF,1'b0
u_dut/t_r_reg[1616],FDSE,SLICE_X27Y212,SLICEL.AFF,1'b0
u_dut/t_r_reg[1618],FDRE,SLICE_X23Y214,SLICEL.CFF,1'b0
u_dut/t_r_reg[1619],FDSE,SLICE_X27Y212,SLICEL.CFF,1'b0
u_dut/t_r_reg[161],FDSE,SLICE_X39Y232,SLICEL.CFF,1'b0
u_dut/t_r_reg[1625],FDRE,SLICE_X25Y211,SLICEL.DFF,1'b0
u_dut/t_r_reg[162],FDSE,SLICE_X39Y232,SLICEL.B5FF,1'b0
u_dut/t_r_reg[1632],FDRE,SLICE_X23Y211,SLICEL.AFF,1'b0
u_dut/t_r_reg[1635],FDSE,SLICE_X27Y212,SLICEL.B5FF,1'b0
u_dut/t_r_reg[1638],FDRE,SLICE_X27Y211,SLICEL.A5FF,1'b0
u_dut/t_r_reg[1639],FDSE,SLICE_X27Y212,SLICEL.BFF,1'b0
u_dut/t_r_reg[163],FDSE,SLICE_X39Y232,SLICEL.C5FF,1'b0
u_dut/t_r_reg[1640],FDRE,SLICE_X23Y214,SLICEL.DFF,1'b0
u_dut/t_r_reg[1643],FDRE,SLICE_X28Y212,SLICEL.CFF,1'b0
u_dut/t_r_reg[1644],FDRE,SLICE_X23Y211,SLICEL.BFF,1'b0
u_dut/t_r_reg[164],FDSE,SLICE_X34Y235,SLICEL.A5FF,1'b0
u_dut/t_r_reg[1651],FDRE,SLICE_X27Y210,SLICEL.AFF,1'b0
u_dut/t_r_reg[1652],FDRE,SLICE_X28Y212,SLICEL.DFF,1'b0
u_dut/t_r_reg[165],FDSE,SLICE_X34Y235,SLICEL.DFF,1'b0
u_dut/t_r_reg[166],FDSE,SLICE_X26Y235,SLICEL.AFF,1'b0
u_dut/t_r_reg[1672],FDRE,SLICE_X30Y215,SLICEL.BFF,1'b0
u_dut/t_r_reg[167],FDSE,SLICE_X26Y235,SLICEL.BFF,1'b0
u_dut/t_r_reg[168],FDSE,SLICE_X34Y235,SLICEL.AFF,1'b0
u_dut/t_r_reg[1693],FDRE,SLICE_X38Y217,SLICEM.AFF,1'b0
u_dut/t_r_reg[169],FDSE,SLICE_X34Y235,SLICEL.BFF,1'b0
u_dut/t_r_reg[16],FDSE,SLICE_X23Y229,SLICEL.AFF,1'b0
u_dut/t_r_reg[1704],FDRE,SLICE_X34Y215,SLICEL.AFF,1'b0
u_dut/t_r_reg[1708],FDRE,SLICE_X37Y216,SLICEL.AFF,1'b0
u_dut/t_r_reg[1709],FDRE,SLICE_X32Y215,SLICEL.BFF,1'b0
u_dut/t_r_reg[170],FDSE,SLICE_X34Y235,SLICEL.CFF,1'b0
u_dut/t_r_reg[1710],FDRE,SLICE_X39Y217,SLICEL.AFF,1'b0
u_dut/t_r_reg[171],FDSE,SLICE_X30Y236,SLICEL.AFF,1'b0
u_dut/t_r_reg[1721],FDRE,SLICE_X36Y218,SLICEL.BFF,1'b0
u_dut/t_r_reg[1723],FDSE,SLICE_X38Y212,SLICEM.AFF,1'b0
u_dut/t_r_reg[1725],FDSE,SLICE_X30Y218,SLICEL.DFF,1'b0
u_dut/t_r_reg[1727],FDRE,SLICE_X30Y213,SLICEL.AFF,1'b0
u_dut/t_r_reg[172],FDSE,SLICE_X35Y234,SLICEL.DFF,1'b0
u_dut/t_r_reg[1733],FDRE,SLICE_X36Y217,SLICEL.BFF,1'b0
u_dut/t_r_reg[1734],FDRE,SLICE_X36Y218,SLICEL.CFF,1'b0
u_dut/t_r_reg[1736],FDRE,SLICE_X34Y218,SLICEL.CFF,1'b0
u_dut/t_r_reg[1739],FDSE,SLICE_X30Y218,SLICEL.AFF,1'b0
u_dut/t_r_reg[1742],FDSE,SLICE_X30Y218,SLICEL.BFF,1'b0
u_dut/t_r_reg[1743],FDSE,SLICE_X38Y212,SLICEM.BFF,1'b0
u_dut/t_r_reg[1744],FDRE,SLICE_X28Y217,SLICEL.AFF,1'b0
u_dut/t_r_reg[1746],FDRE,SLICE_X34Y218,SLICEL.DFF,1'b0
u_dut/t_r_reg[1748],FDSE,SLICE_X30Y218,SLICEL.CFF,1'b0
u_dut/t_r_reg[174],FDSE,SLICE_X35Y234,SLICEL.AFF,1'b0
u_dut/t_r_reg[1752],FDRE,SLICE_X28Y217,SLICEL.BFF,1'b0
u_dut/t_r_reg[1754],FDRE,SLICE_X36Y216,SLICEL.AFF,1'b0
u_dut/t_r_reg[1756],FDRE,SLICE_X34Y217,SLICEL.AFF,1'b0
u_dut/t_r_reg[1757],FDSE,SLICE_X30Y217,SLICEL.BFF,1'b0
u_dut/t_r_reg[1758],FDRE,SLICE_X34Y217,SLICEL.BFF,1'b0
u_dut/t_r_reg[175],FDSE,SLICE_X35Y234,SLICEL.BFF,1'b0
u_dut/t_r_reg[1760],FDSE,SLICE_X29Y217,SLICEL.AFF,1'b0
u_dut/t_r_reg[1761],FDSE,SLICE_X29Y217,SLICEL.BFF,1'b0
u_dut/t_r_reg[1762],FDSE,SLICE_X29Y217,SLICEL.CFF,1'b0
u_dut/t_r_reg[1763],FDSE,SLICE_X29Y217,SLICEL.DFF,1'b0
u_dut/t_r_reg[1764],FDSE,SLICE_X30Y217,SLICEL.AFF,1'b0
u_dut/t_r_reg[1765],FDSE,SLICE_X30Y216,SLICEL.DFF,1'b0
u_dut/t_r_reg[1766],FDSE,SLICE_X30Y216,SLICEL.AFF,1'b0
u_dut/t_r_reg[1768],FDRE,SLICE_X28Y215,SLICEL.BFF,1'b0
u_dut/t_r_reg[1769],FDRE,SLICE_X39Y216,SLICEL.AFF,1'b0
u_dut/t_r_reg[176],FDSE,SLICE_X37Y234,SLICEL.AFF,1'b0
u_dut/t_r_reg[1770],FDSE,SLICE_X28Y214,SLICEL.AFF,1'b0
u_dut/t_r_reg[1774],FDSE,SLICE_X28Y214,SLICEL.BFF,1'b0
u_dut/t_r_reg[1777],FDRE,SLICE_X28Y215,SLICEL.CFF,1'b0
u_dut/t_r_reg[1778],FDSE,SLICE_X28Y214,SLICEL.CFF,1'b0
u_dut/t_r_reg[1779],FDSE,SLICE_X30Y216,SLICEL.BFF,1'b0
u_dut/t_r_reg[177],FDSE,SLICE_X35Y234,SLICEL.CFF,1'b0
u_dut/t_r_reg[1780],FDSE,SLICE_X38Y216,SLICEM.AFF,1'b0
u_dut/t_r_reg[1781],FDSE,SLICE_X30Y216,SLICEL.CFF,1'b0
u_dut/t_r_reg[1783],FDRE,SLICE_X36Y217,SLICEL.CFF,1'b0
u_dut/t_r_reg[1784],FDRE,SLICE_X32Y217,SLICEL.BFF,1'b0
u_dut/t_r_reg[1787],FDRE,SLICE_X32Y217,SLICEL.CFF,1'b0
u_dut/t_r_reg[1789],FDSE,SLICE_X32Y216,SLICEL.DFF,1'b0
u_dut/t_r_reg[178],FDSE,SLICE_X33Y235,SLICEL.DFF,1'b0
u_dut/t_r_reg[1792],FDSE,SLICE_X31Y215,SLICEL.AFF,1'b0
u_dut/t_r_reg[1794],FDRE,SLICE_X32Y217,SLICEL.DFF,1'b0
u_dut/t_r_reg[1797],FDRE,SLICE_X39Y216,SLICEL.BFF,1'b0
u_dut/t_r_reg[1799],FDRE,SLICE_X29Y218,SLICEL.BFF,1'b0
u_dut/t_r_reg[179],FDSE,SLICE_X33Y235,SLICEL.AFF,1'b0
u_dut/t_r_reg[17],FDSE,SLICE_X23Y229,SLICEL.BFF,1'b0
u_dut/t_r_reg[1803],FDRE,SLICE_X33Y217,SLICEL.AFF,1'b0
u_dut/t_r_reg[1804],FDRE,SLICE_X34Y215,SLICEL.CFF,1'b0
u_dut/t_r_reg[1806],FDSE,SLICE_X31Y215,SLICEL.BFF,1'b0
u_dut/t_r_reg[1807],FDSE,SLICE_X31Y215,SLICEL.CFF,1'b0
u_dut/t_r_reg[1808],FDRE,SLICE_X29Y218,SLICEL.CFF,1'b0
u_dut/t_r_reg[180],FDSE,SLICE_X33Y235,SLICEL.A5FF,1'b0
u_dut/t_r_reg[1810],FDRE,SLICE_X33Y217,SLICEL.BFF,1'b0
u_dut/t_r_reg[1811],FDSE,SLICE_X32Y216,SLICEL.AFF,1'b0
u_dut/t_r_reg[1812],FDSE,SLICE_X32Y216,SLICEL.BFF,1'b0
u_dut/t_r_reg[1816],FDSE,SLICE_X32Y216,SLICEL.CFF,1'b0
u_dut/t_r_reg[181],FDSE,SLICE_X33Y235,SLICEL.BFF,1'b0
u_dut/t_r_reg[1821],FDRE,SLICE_X35Y217,SLICEL.AFF,1'b0
u_dut/t_r_reg[1824],FDRE,SLICE_X36Y218,SLICEL.DFF,1'b0
u_dut/t_r_reg[1827],FDRE,SLICE_X30Y215,SLICEL.DFF,1'b0
u_dut/t_r_reg[1829],FDRE,SLICE_X32Y215,SLICEL.DFF,1'b0
u_dut/t_r_reg[182],FDSE,SLICE_X33Y235,SLICEL.CFF,1'b0
u_dut/t_r_reg[1830],FDRE,SLICE_X37Y217,SLICEL.AFF,1'b0
u_dut/t_r_reg[1831],FDRE,SLICE_X39Y217,SLICEL.BFF,1'b0
u_dut/t_r_reg[1835],FDRE,SLICE_X30Y213,SLICEL.CFF,1'b0
u_dut/t_r_reg[1836],FDRE,SLICE_X37Y216,SLICEL.CFF,1'b0
u_dut/t_r_reg[1837],FDRE,SLICE_X39Y216,SLICEL.CFF,1'b0
u_dut/t_r_reg[183],FDSE,SLICE_X32Y235,SLICEL.CFF,1'b0
u_dut/t_r_reg[1841],FDRE,SLICE_X29Y215,SLICEL.AFF,1'b0
u_dut/t_r_reg[1843],FDRE,SLICE_X39Y217,SLICEL.DFF,1'b0
u_dut/t_r_reg[1845],FDRE,SLICE_X34Y217,SLICEL.CFF,1'b0
u_dut/t_r_reg[1846],FDRE,SLICE_X34Y217,SLICEL.DFF,1'b0
u_dut/t_r_reg[1849],FDRE,SLICE_X37Y216,SLICEL.DFF,1'b0
u_dut/t_r_reg[184],FDSE,SLICE_X31Y235,SLICEL.AFF,1'b0
u_dut/t_r_reg[1859],FDSE,SLICE_X10Y222,SLICEM.DFF,1'b0
u_dut/t_r_reg[185],FDSE,SLICE_X31Y235,SLICEL.BFF,1'b0
u_dut/t_r_reg[1862],FDRE,SLICE_X12Y228,SLICEM.DFF,1'b0
u_dut/t_r_reg[1864],FDRE,SLICE_X11Y228,SLICEL.BFF,1'b0
u_dut/t_r_reg[1866],FDRE,SLICE_X6Y230,SLICEM.DFF,1'b0
u_dut/t_r_reg[1869],FDRE,SLICE_X14Y223,SLICEM.CFF,1'b0
u_dut/t_r_reg[186],FDSE,SLICE_X32Y235,SLICEL.AFF,1'b0
u_dut/t_r_reg[1870],FDRE,SLICE_X13Y230,SLICEL.CFF,1'b0
u_dut/t_r_reg[1871],FDRE,SLICE_X10Y221,SLICEM.AFF,1'b0
u_dut/t_r_reg[1874],FDRE,SLICE_X10Y221,SLICEM.BFF,1'b0
u_dut/t_r_reg[1877],FDSE,SLICE_X5Y231,SLICEL.AFF,1'b0
u_dut/t_r_reg[1878],FDRE,SLICE_X13Y230,SLICEL.DFF,1'b0
u_dut/t_r_reg[187],FDSE,SLICE_X31Y237,SLICEL.AFF,1'b0
u_dut/t_r_reg[1884],FDSE,SLICE_X10Y222,SLICEM.A5FF,1'b0
u_dut/t_r_reg[1885],FDSE,SLICE_X5Y231,SLICEL.BFF,1'b0
u_dut/t_r_reg[1886],FDRE,SLICE_X11Y227,SLICEL.DFF,1'b0
u_dut/t_r_reg[1887],FDSE,SLICE_X10Y222,SLICEM.AFF,1'b0
u_dut/t_r_reg[1888],FDSE,SLICE_X10Y222,SLICEM.BFF,1'b0
u_dut/t_r_reg[188],FDSE,SLICE_X33Y237,SLICEL.AFF,1'b0
u_dut/t_r_reg[1890],FDRE,SLICE_X9Y221,SLICEL.CFF,1'b0
u_dut/t_r_reg[1891],FDSE,SLICE_X11Y221,SLICEL.AFF,1'b0
u_dut/t_r_reg[1892],FDSE,SLICE_X6Y219,SLICEM.AFF,1'b0
u_dut/t_r_reg[1893],FDSE,SLICE_X8Y225,SLICEM.AFF,1'b0
u_dut/t_r_reg[1894],FDRE,SLICE_X13Y226,SLICEL.BFF,1'b0
u_dut/t_r_reg[1895],FDRE,SLICE_X13Y231,SLICEL.BFF,1'b0
u_dut/t_r_reg[1897],FDRE,SLICE_X4Y231,SLICEL.BFF,1'b0
u_dut/t_r_reg[1898],FDSE,SLICE_X11Y221,SLICEL.BFF,1'b0
u_dut/t_r_reg[189],FDSE,SLICE_X31Y237,SLICEL.CFF,1'b0
u_dut/t_r_reg[18],FDSE,SLICE_X24Y235,SLICEL.AFF,1'b0
u_dut/t_r_reg[1902],FDSE,SLICE_X8Y225,SLICEM.BFF,1'b0
u_dut/t_r_reg[1904],FDRE,SLICE_X14Y229,SLICEM.DFF,1'b0
u_dut/t_r_reg[1905],FDRE,SLICE_X13Y231,SLICEL.CFF,1'b0
u_dut/t_r_reg[1906],FDRE,SLICE_X14Y221,SLICEM.DFF,1'b0
u_dut/t_r_reg[1908],FDRE,SLICE_X4Y231,SLICEL.CFF,1'b0
u_dut/t_r_reg[190],FDSE,SLICE_X32Y237,SLICEL.AFF,1'b0
u_dut/t_r_reg[1910],FDRE,SLICE_X11Y230,SLICEL.BFF,1'b0
u_dut/t_r_reg[1911],FDRE,SLICE_X8Y228,SLICEM.DFF,1'b0
u_dut/t_r_reg[1912],FDSE,SLICE_X8Y225,SLICEM.A5FF,1'b0
u_dut/t_r_reg[1914],FDRE,SLICE_X11Y231,SLICEL.BFF,1'b0
u_dut/t_r_reg[1916],FDRE,SLICE_X10Y221,SLICEM.CFF,1'b0
u_dut/t_r_reg[1917],FDSE,SLICE_X8Y225,SLICEM.CFF,1'b0
u_dut/t_r_reg[1918],FDRE,SLICE_X4Y222,SLICEL.BFF,1'b0
u_dut/t_r_reg[191],FDRE,SLICE_X32Y234,SLICEL.CFF,1'b0
u_dut/t_r_reg[1922],FDSE,SLICE_X8Y231,SLICEM.AFF,1'b0
u_dut/t_r_reg[1924],FDSE,SLICE_X8Y231,SLICEM.BFF,1'b0
u_dut/t_r_reg[1925],FDSE,SLICE_X11Y221,SLICEL.CFF,1'b0
u_dut/t_r_reg[1926],FDSE,SLICE_X9Y229,SLICEL.DFF,1'b0
u_dut/t_r_reg[1927],FDSE,SLICE_X9Y229,SLICEL.AFF,1'b0
u_dut/t_r_reg[1929],FDRE,SLICE_X5Y224,SLICEL.CFF,1'b0
u_dut/t_r_reg[192],FDRE,SLICE_X35Y235,SLICEL.BFF,1'b0
u_dut/t_r_reg[1935],FDRE,SLICE_X9Y225,SLICEL.BFF,1'b0
u_dut/t_r_reg[1936],FDSE,SLICE_X5Y230,SLICEL.BFF,1'b0
u_dut/t_r_reg[1937],FDRE,SLICE_X5Y225,SLICEL.AFF,1'b0
u_dut/t_r_reg[1938],FDRE,SLICE_X8Y230,SLICEM.DFF,1'b0
u_dut/t_r_reg[1939],FDSE,SLICE_X4Y230,SLICEL.AFF,1'b0
u_dut/t_r_reg[193],FDRE,SLICE_X34Y230,SLICEL.CFF,1'b0
u_dut/t_r_reg[1940],FDSE,SLICE_X4Y230,SLICEL.BFF,1'b0
u_dut/t_r_reg[1941],FDSE,SLICE_X5Y230,SLICEL.AFF,1'b0
u_dut/t_r_reg[1943],FDRE,SLICE_X10Y230,SLICEM.CFF,1'b0
u_dut/t_r_reg[1944],FDRE,SLICE_X10Y221,SLICEM.DFF,1'b0
u_dut/t_r_reg[1945],FDSE,SLICE_X13Y215,SLICEL.AFF,1'b0
u_dut/t_r_reg[1946],FDRE,SLICE_X11Y230,SLICEL.CFF,1'b0
u_dut/t_r_reg[1948],FDRE,SLICE_X11Y230,SLICEL.DFF,1'b0
u_dut/t_r_reg[1949],FDRE,SLICE_X11Y231,SLICEL.CFF,1'b0
u_dut/t_r_reg[194],FDRE,SLICE_X33Y236,SLICEL.AFF,1'b0
u_dut/t_r_reg[1950],FDRE,SLICE_X8Y226,SLICEM.DFF,1'b0
u_dut/t_r_reg[1951],FDRE,SLICE_X9Y231,SLICEL.DFF,1'b0
u_dut/t_r_reg[1952],FDSE,SLICE_X9Y229,SLICEL.BFF,1'b0
u_dut/t_r_reg[1953],FDSE,SLICE_X6Y223,SLICEM.AFF,1'b0
u_dut/t_r_reg[1956],FDSE,SLICE_X6Y223,SLICEM.A5FF,1'b0
u_dut/t_r_reg[1957],FDSE,SLICE_X9Y229,SLICEL.CFF,1'b0
u_dut/t_r_reg[195],FDRE,SLICE_X41Y228,SLICEL.BFF,1'b0
u_dut/t_r_reg[1961],FDRE,SLICE_X9Y222,SLICEL.BFF,1'b0
u_dut/t_r_reg[1963],FDSE,SLICE_X13Y228,SLICEL.BFF,1'b0
u_dut/t_r_reg[1964],FDSE,SLICE_X7Y227,SLICEL.AFF,1'b0
u_dut/t_r_reg[1968],FDRE,SLICE_X13Y226,SLICEL.CFF,1'b0
u_dut/t_r_reg[1969],FDRE,SLICE_X10Y230,SLICEM.DFF,1'b0
u_dut/t_r_reg[196],FDRE,SLICE_X31Y236,SLICEL.BFF,1'b0
u_dut/t_r_reg[1971],FDRE,SLICE_X11Y228,SLICEL.CFF,1'b0
u_dut/t_r_reg[1974],FDRE,SLICE_X10Y223,SLICEM.DFF,1'b0
u_dut/t_r_reg[1977],FDRE,SLICE_X12Y221,SLICEM.AFF,1'b0
u_dut/t_r_reg[197],FDRE,SLICE_X37Y230,SLICEL.DFF,1'b0
u_dut/t_r_reg[1981],FDRE,SLICE_X6Y228,SLICEM.DFF,1'b0
u_dut/t_r_reg[1982],FDRE,SLICE_X11Y222,SLICEL.AFF,1'b0
u_dut/t_r_reg[1985],FDRE,SLICE_X11Y228,SLICEL.DFF,1'b0
u_dut/t_r_reg[1987],FDRE,SLICE_X13Y231,SLICEL.DFF,1'b0
u_dut/t_r_reg[1989],FDSE,SLICE_X7Y227,SLICEL.BFF,1'b0
u_dut/t_r_reg[198],FDRE,SLICE_X26Y210,SLICEL.CFF,1'b0
u_dut/t_r_reg[1990],FDSE,SLICE_X7Y227,SLICEL.CFF,1'b0
u_dut/t_r_reg[1991],FDRE,SLICE_X7Y229,SLICEL.CFF,1'b0
u_dut/t_r_reg[1993],FDRE,SLICE_X13Y226,SLICEL.DFF,1'b0
u_dut/t_r_reg[1998],FDSE,SLICE_X7Y231,SLICEL.BFF,1'b0
u_dut/t_r_reg[1999],FDRE,SLICE_X9Y222,SLICEL.CFF,1'b0
u_dut/t_r_reg[199],FDRE,SLICE_X38Y229,SLICEM.DFF,1'b0
u_dut/t_r_reg[19],FDSE,SLICE_X24Y235,SLICEL.BFF,1'b0
u_dut/t_r_reg[1],FDRE,SLICE_X35Y229,SLICEL.DFF,1'b0
u_dut/t_r_reg[2009],FDSE,SLICE_X9Y226,SLICEL.AFF,1'b0
u_dut/t_r_reg[200],FDRE,SLICE_X12Y238,SLICEM.AFF,1'b0
u_dut/t_r_reg[2015],FDRE,SLICE_X9Y221,SLICEL.DFF,1'b0
u_dut/t_r_reg[2017],FDRE,SLICE_X11Y225,SLICEL.BFF,1'b0
u_dut/t_r_reg[2019],FDRE,SLICE_X12Y231,SLICEM.DFF,1'b0
u_dut/t_r_reg[2020],FDRE,SLICE_X12Y227,SLICEM.DFF,1'b0
u_dut/t_r_reg[2022],FDSE,SLICE_X9Y226,SLICEL.BFF,1'b0
u_dut/t_r_reg[2026],FDSE,SLICE_X9Y226,SLICEL.CFF,1'b0
u_dut/t_r_reg[2028],FDSE,SLICE_X7Y231,SLICEL.AFF,1'b0
u_dut/t_r_reg[202],FDRE,SLICE_X25Y239,SLICEL.AFF,1'b0
u_dut/t_r_reg[2030],FDSE,SLICE_X11Y226,SLICEL.DFF,1'b0
u_dut/t_r_reg[2031],FDSE,SLICE_X11Y226,SLICEL.AFF,1'b0
u_dut/t_r_reg[2032],FDRE,SLICE_X14Y230,SLICEM.DFF,1'b0
u_dut/t_r_reg[2033],FDRE,SLICE_X12Y221,SLICEM.BFF,1'b0
u_dut/t_r_reg[2034],FDRE,SLICE_X11Y231,SLICEL.DFF,1'b0
u_dut/t_r_reg[2036],FDRE,SLICE_X10Y228,SLICEM.DFF,1'b0
u_dut/t_r_reg[2037],FDSE,SLICE_X11Y226,SLICEL.A5FF,1'b0
u_dut/t_r_reg[203],FDRE,SLICE_X22Y240,SLICEM.AFF,1'b0
u_dut/t_r_reg[2040],FDRE,SLICE_X13Y229,SLICEL.CFF,1'b0
u_dut/t_r_reg[2043],FDSE,SLICE_X11Y226,SLICEL.CFF,1'b0
u_dut/t_r_reg[204],FDRE,SLICE_X24Y233,SLICEL.DFF,1'b0
u_dut/t_r_reg[2053],FDRE,SLICE_X13Y229,SLICEL.DFF,1'b0
u_dut/t_r_reg[2059],FDRE,SLICE_X22Y225,SLICEM.DFF,1'b0
u_dut/t_r_reg[205],FDRE,SLICE_X25Y239,SLICEL.BFF,1'b0
u_dut/t_r_reg[2060],FDSE,SLICE_X41Y225,SLICEL.AFF,1'b0
u_dut/t_r_reg[2062],FDRE,SLICE_X22Y229,SLICEM.CFF,1'b0
u_dut/t_r_reg[2064],FDRE,SLICE_X25Y215,SLICEL.BFF,1'b0
u_dut/t_r_reg[2065],FDRE,SLICE_X25Y230,SLICEL.DFF,1'b0
u_dut/t_r_reg[2067],FDSE,SLICE_X31Y220,SLICEL.AFF,1'b0
u_dut/t_r_reg[2068],FDRE,SLICE_X29Y229,SLICEL.DFF,1'b0
u_dut/t_r_reg[2069],FDRE,SLICE_X33Y227,SLICEL.DFF,1'b0
u_dut/t_r_reg[206],FDRE,SLICE_X23Y240,SLICEL.AFF,1'b0
u_dut/t_r_reg[2070],FDRE,SLICE_X36Y226,SLICEL.CFF,1'b0
u_dut/t_r_reg[2072],FDSE,SLICE_X31Y220,SLICEL.B5FF,1'b0
u_dut/t_r_reg[2073],FDSE,SLICE_X31Y220,SLICEL.BFF,1'b0
u_dut/t_r_reg[2074],FDSE,SLICE_X38Y227,SLICEM.CFF,1'b0
u_dut/t_r_reg[2075],FDSE,SLICE_X38Y227,SLICEM.AFF,1'b0
u_dut/t_r_reg[2076],FDSE,SLICE_X40Y216,SLICEL.AFF,1'b0
u_dut/t_r_reg[2077],FDSE,SLICE_X40Y216,SLICEL.A5FF,1'b0
u_dut/t_r_reg[2078],FDSE,SLICE_X38Y227,SLICEM.A5FF,1'b0
u_dut/t_r_reg[2079],FDSE,SLICE_X38Y227,SLICEM.BFF,1'b0
u_dut/t_r_reg[207],FDRE,SLICE_X23Y239,SLICEL.AFF,1'b0
u_dut/t_r_reg[2081],FDRE,SLICE_X23Y228,SLICEL.BFF,1'b0
u_dut/t_r_reg[2082],FDRE,SLICE_X22Y230,SLICEM.DFF,1'b0
u_dut/t_r_reg[2083],FDSE,SLICE_X40Y216,SLICEL.BFF,1'b0
u_dut/t_r_reg[2084],FDRE,SLICE_X41Y228,SLICEL.CFF,1'b0
u_dut/t_r_reg[2085],FDSE,SLICE_X36Y227,SLICEL.BFF,1'b0
u_dut/t_r_reg[2086],FDSE,SLICE_X41Y227,SLICEL.AFF,1'b0
u_dut/t_r_reg[2087],FDSE,SLICE_X36Y227,SLICEL.AFF,1'b0
u_dut/t_r_reg[2088],FDSE,SLICE_X36Y227,SLICEL.DFF,1'b0
u_dut/t_r_reg[2090],FDRE,SLICE_X37Y221,SLICEL.CFF,1'b0
u_dut/t_r_reg[2091],FDSE,SLICE_X40Y218,SLICEL.AFF,1'b0
u_dut/t_r_reg[2092],FDSE,SLICE_X40Y216,SLICEL.CFF,1'b0
u_dut/t_r_reg[2094],FDSE,SLICE_X39Y226,SLICEL.AFF,1'b0
u_dut/t_r_reg[2096],FDSE,SLICE_X37Y220,SLICEL.AFF,1'b0
u_dut/t_r_reg[2098],FDSE,SLICE_X37Y220,SLICEL.BFF,1'b0
u_dut/t_r_reg[2099],FDSE,SLICE_X37Y220,SLICEL.B5FF,1'b0
u_dut/t_r_reg[209],FDRE,SLICE_X16Y238,SLICEM.DFF,1'b0
u_dut/t_r_reg[20],FDSE,SLICE_X24Y235,SLICEL.CFF,1'b0
u_dut/t_r_reg[2100],FDSE,SLICE_X31Y218,SLICEL.BFF,1'b0
u_dut/t_r_reg[2101],FDSE,SLICE_X31Y218,SLICEL.CFF,1'b0
u_dut/t_r_reg[2102],FDSE,SLICE_X39Y218,SLICEL.AFF,1'b0
u_dut/t_r_reg[2103],FDSE,SLICE_X39Y218,SLICEL.BFF,1'b0
u_dut/t_r_reg[2104],FDSE,SLICE_X31Y218,SLICEL.B5FF,1'b0
u_dut/t_r_reg[2105],FDSE,SLICE_X35Y227,SLICEL.AFF,1'b0
u_dut/t_r_reg[2106],FDRE,SLICE_X22Y229,SLICEM.DFF,1'b0
u_dut/t_r_reg[2107],FDRE,SLICE_X27Y209,SLICEL.AFF,1'b0
u_dut/t_r_reg[2108],FDRE,SLICE_X40Y228,SLICEL.AFF,1'b0
u_dut/t_r_reg[2109],FDSE,SLICE_X35Y227,SLICEL.DFF,1'b0
u_dut/t_r_reg[210],FDRE,SLICE_X22Y238,SLICEM.AFF,1'b0
u_dut/t_r_reg[2110],FDSE,SLICE_X35Y227,SLICEL.B5FF,1'b0
u_dut/t_r_reg[2111],FDRE,SLICE_X31Y217,SLICEL.AFF,1'b0
u_dut/t_r_reg[2114],FDRE,SLICE_X22Y215,SLICEM.BFF,1'b0
u_dut/t_r_reg[2115],FDSE,SLICE_X22Y214,SLICEM.AFF,1'b0
u_dut/t_r_reg[2117],FDRE,SLICE_X40Y227,SLICEL.BFF,1'b0
u_dut/t_r_reg[2118],FDRE,SLICE_X31Y217,SLICEL.BFF,1'b0
u_dut/t_r_reg[211],FDRE,SLICE_X23Y239,SLICEL.BFF,1'b0
u_dut/t_r_reg[2120],FDSE,SLICE_X25Y217,SLICEL.AFF,1'b0
u_dut/t_r_reg[2121],FDSE,SLICE_X22Y214,SLICEM.BFF,1'b0
u_dut/t_r_reg[2122],FDSE,SLICE_X25Y217,SLICEL.A5FF,1'b0
u_dut/t_r_reg[2123],FDSE,SLICE_X25Y229,SLICEL.AFF,1'b0
u_dut/t_r_reg[2125],FDSE,SLICE_X22Y214,SLICEM.CFF,1'b0
u_dut/t_r_reg[2126],FDSE,SLICE_X41Y220,SLICEL.AFF,1'b0
u_dut/t_r_reg[2128],FDSE,SLICE_X35Y227,SLICEL.BFF,1'b0
u_dut/t_r_reg[2129],FDSE,SLICE_X35Y227,SLICEL.CFF,1'b0
u_dut/t_r_reg[212],FDRE,SLICE_X23Y240,SLICEL.BFF,1'b0
u_dut/t_r_reg[2131],FDSE,SLICE_X25Y217,SLICEL.BFF,1'b0
u_dut/t_r_reg[2133],FDSE,SLICE_X22Y218,SLICEM.AFF,1'b0
u_dut/t_r_reg[2134],FDSE,SLICE_X21Y228,SLICEL.DFF,1'b0
u_dut/t_r_reg[2136],FDRE,SLICE_X20Y217,SLICEM.DFF,1'b0
u_dut/t_r_reg[2137],FDSE,SLICE_X22Y213,SLICEM.AFF,1'b0
u_dut/t_r_reg[2139],FDSE,SLICE_X21Y228,SLICEL.AFF,1'b0
u_dut/t_r_reg[213],FDRE,SLICE_X15Y240,SLICEL.AFF,1'b0
u_dut/t_r_reg[2140],FDSE,SLICE_X22Y213,SLICEM.BFF,1'b0
u_dut/t_r_reg[2141],FDSE,SLICE_X40Y225,SLICEL.AFF,1'b0
u_dut/t_r_reg[2142],FDRE,SLICE_X24Y220,SLICEL.DFF,1'b0
u_dut/t_r_reg[2143],FDRE,SLICE_X20Y221,SLICEM.BFF,1'b0
u_dut/t_r_reg[2144],FDRE,SLICE_X20Y224,SLICEM.CFF,1'b0
u_dut/t_r_reg[2145],FDSE,SLICE_X22Y213,SLICEM.A5FF,1'b0
u_dut/t_r_reg[2147],FDRE,SLICE_X21Y216,SLICEL.DFF,1'b0
u_dut/t_r_reg[2148],FDRE,SLICE_X21Y215,SLICEL.CFF,1'b0
u_dut/t_r_reg[214],FDRE,SLICE_X17Y237,SLICEL.DFF,1'b0
u_dut/t_r_reg[2150],FDRE,SLICE_X40Y226,SLICEL.AFF,1'b0
u_dut/t_r_reg[2151],FDRE,SLICE_X40Y228,SLICEL.BFF,1'b0
u_dut/t_r_reg[2152],FDRE,SLICE_X34Y227,SLICEL.BFF,1'b0
u_dut/t_r_reg[2153],FDRE,SLICE_X36Y226,SLICEL.DFF,1'b0
u_dut/t_r_reg[2156],FDRE,SLICE_X21Y215,SLICEL.DFF,1'b0
u_dut/t_r_reg[2157],FDRE,SLICE_X22Y216,SLICEM.DFF,1'b0
u_dut/t_r_reg[2159],FDSE,SLICE_X41Y219,SLICEL.AFF,1'b0
u_dut/t_r_reg[215],FDRE,SLICE_X22Y238,SLICEM.BFF,1'b0
u_dut/t_r_reg[2161],FDSE,SLICE_X21Y228,SLICEL.BFF,1'b0
u_dut/t_r_reg[2162],FDSE,SLICE_X21Y228,SLICEL.A5FF,1'b0
u_dut/t_r_reg[2163],FDSE,SLICE_X21Y228,SLICEL.CFF,1'b0
u_dut/t_r_reg[2164],FDRE,SLICE_X22Y224,SLICEM.DFF,1'b0
u_dut/t_r_reg[2165],FDRE,SLICE_X36Y214,SLICEL.AFF,1'b0
u_dut/t_r_reg[2166],FDRE,SLICE_X31Y219,SLICEL.DFF,1'b0
u_dut/t_r_reg[2167],FDRE,SLICE_X24Y227,SLICEL.DFF,1'b0
u_dut/t_r_reg[2169],FDRE,SLICE_X37Y221,SLICEL.DFF,1'b0
u_dut/t_r_reg[216],FDRE,SLICE_X25Y239,SLICEL.DFF,1'b0
u_dut/t_r_reg[2172],FDRE,SLICE_X41Y222,SLICEL.AFF,1'b0
u_dut/t_r_reg[2174],FDSE,SLICE_X22Y218,SLICEM.DFF,1'b0
u_dut/t_r_reg[2177],FDRE,SLICE_X40Y227,SLICEL.DFF,1'b0
u_dut/t_r_reg[217],FDSE,SLICE_X23Y238,SLICEL.AFF,1'b0
u_dut/t_r_reg[2180],FDRE,SLICE_X37Y228,SLICEL.DFF,1'b0
u_dut/t_r_reg[2181],FDRE,SLICE_X33Y226,SLICEL.DFF,1'b0
u_dut/t_r_reg[2182],FDSE,SLICE_X22Y218,SLICEM.B5FF,1'b0
u_dut/t_r_reg[2183],FDSE,SLICE_X22Y218,SLICEM.BFF,1'b0
u_dut/t_r_reg[2186],FDSE,SLICE_X24Y214,SLICEL.AFF,1'b0
u_dut/t_r_reg[2187],FDSE,SLICE_X33Y223,SLICEL.AFF,1'b0
u_dut/t_r_reg[2188],FDSE,SLICE_X33Y223,SLICEL.BFF,1'b0
u_dut/t_r_reg[218],FDSE,SLICE_X23Y238,SLICEL.BFF,1'b0
u_dut/t_r_reg[2190],FDSE,SLICE_X22Y218,SLICEM.CFF,1'b0
u_dut/t_r_reg[2191],FDSE,SLICE_X33Y223,SLICEL.CFF,1'b0
u_dut/t_r_reg[2193],FDRE,SLICE_X22Y217,SLICEM.DFF,1'b0
u_dut/t_r_reg[2196],FDRE,SLICE_X32Y226,SLICEL.DFF,1'b0
u_dut/t_r_reg[2198],FDSE,SLICE_X41Y216,SLICEL.AFF,1'b0
u_dut/t_r_reg[2199],FDSE,SLICE_X21Y227,SLICEL.AFF,1'b0
u_dut/t_r_reg[219],FDRE,SLICE_X22Y238,SLICEM.CFF,1'b0
u_dut/t_r_reg[2200],FDRE,SLICE_X25Y220,SLICEL.CFF,1'b0
u_dut/t_r_reg[2201],FDRE,SLICE_X40Y226,SLICEL.CFF,1'b0
u_dut/t_r_reg[2207],FDSE,SLICE_X40Y224,SLICEL.AFF,1'b0
u_dut/t_r_reg[2209],FDSE,SLICE_X35Y220,SLICEL.BFF,1'b0
u_dut/t_r_reg[220],FDSE,SLICE_X23Y238,SLICEL.CFF,1'b0
u_dut/t_r_reg[2210],FDRE,SLICE_X23Y228,SLICEL.CFF,1'b0
u_dut/t_r_reg[2211],FDSE,SLICE_X41Y216,SLICEL.BFF,1'b0
u_dut/t_r_reg[2212],FDSE,SLICE_X22Y219,SLICEM.AFF,1'b0
u_dut/t_r_reg[2213],FDSE,SLICE_X35Y220,SLICEL.DFF,1'b0
u_dut/t_r_reg[2218],FDSE,SLICE_X35Y220,SLICEL.CFF,1'b0
u_dut/t_r_reg[2219],FDSE,SLICE_X34Y223,SLICEL.A5FF,1'b0
u_dut/t_r_reg[2221],FDRE,SLICE_X23Y228,SLICEL.DFF,1'b0
u_dut/t_r_reg[2226],FDRE,SLICE_X22Y228,SLICEM.BFF,1'b0
u_dut/t_r_reg[2227],FDRE,SLICE_X34Y222,SLICEL.DFF,1'b0
u_dut/t_r_reg[2228],FDRE,SLICE_X31Y217,SLICEL.DFF,1'b0
u_dut/t_r_reg[222],FDSE,SLICE_X23Y238,SLICEL.C5FF,1'b0
u_dut/t_r_reg[2232],FDSE,SLICE_X34Y223,SLICEL.CFF,1'b0
u_dut/t_r_reg[2236],FDSE,SLICE_X34Y223,SLICEL.AFF,1'b0
u_dut/t_r_reg[2238],FDSE,SLICE_X34Y223,SLICEL.BFF,1'b0
u_dut/t_r_reg[223],FDSE,SLICE_X23Y238,SLICEL.B5FF,1'b0
u_dut/t_r_reg[2241],FDRE,SLICE_X34Y227,SLICEL.CFF,1'b0
u_dut/t_r_reg[2244],FDRE,SLICE_X38Y223,SLICEM.DFF,1'b0
u_dut/t_r_reg[2246],FDRE,SLICE_X34Y227,SLICEL.DFF,1'b0
u_dut/t_r_reg[224],FDSE,SLICE_X15Y237,SLICEL.DFF,1'b0
u_dut/t_r_reg[2251],FDRE,SLICE_X24Y222,SLICEL.DFF,1'b0
u_dut/t_r_reg[225],FDSE,SLICE_X22Y239,SLICEM.AFF,1'b0
u_dut/t_r_reg[2265],FDRE,SLICE_X37Y214,SLICEL.AFF,1'b0
u_dut/t_r_reg[2266],FDRE,SLICE_X37Y217,SLICEL.BFF,1'b0
u_dut/t_r_reg[2269],FDRE,SLICE_X19Y217,SLICEL.DFF,1'b0
u_dut/t_r_reg[226],FDRE,SLICE_X19Y238,SLICEL.AFF,1'b0
u_dut/t_r_reg[2277],FDSE,SLICE_X27Y218,SLICEL.DFF,1'b0
u_dut/t_r_reg[2282],FDSE,SLICE_X24Y217,SLICEL.CFF,1'b0
u_dut/t_r_reg[2283],FDRE,SLICE_X26Y217,SLICEL.AFF,1'b0
u_dut/t_r_reg[2287],FDRE,SLICE_X24Y215,SLICEL.CFF,1'b0
u_dut/t_r_reg[2288],FDRE,SLICE_X24Y218,SLICEL.CFF,1'b0
u_dut/t_r_reg[2289],FDSE,SLICE_X24Y217,SLICEL.AFF,1'b0
u_dut/t_r_reg[228],FDRE,SLICE_X19Y241,SLICEL.AFF,1'b0
u_dut/t_r_reg[2290],FDSE,SLICE_X24Y217,SLICEL.BFF,1'b0
u_dut/t_r_reg[2291],FDSE,SLICE_X24Y217,SLICEL.A5FF,1'b0
u_dut/t_r_reg[2292],FDSE,SLICE_X21Y220,SLICEL.DFF,1'b0
u_dut/t_r_reg[2293],FDSE,SLICE_X21Y220,SLICEL.AFF,1'b0
u_dut/t_r_reg[2297],FDSE,SLICE_X35Y219,SLICEL.A5FF,1'b0
u_dut/t_r_reg[2298],FDSE,SLICE_X35Y219,SLICEL.AFF,1'b0
u_dut/t_r_reg[2299],FDSE,SLICE_X21Y220,SLICEL.BFF,1'b0
u_dut/t_r_reg[229],FDSE,SLICE_X15Y237,SLICEL.CFF,1'b0
u_dut/t_r_reg[22],FDSE,SLICE_X37Y229,SLICEL.AFF,1'b0
u_dut/t_r_reg[2300],FDSE,SLICE_X21Y220,SLICEL.A5FF,1'b0
u_dut/t_r_reg[2301],FDSE,SLICE_X35Y219,SLICEL.BFF,1'b0
u_dut/t_r_reg[2305],FDSE,SLICE_X21Y220,SLICEL.CFF,1'b0
u_dut/t_r_reg[2307],FDSE,SLICE_X28Y213,SLICEL.AFF,1'b0
u_dut/t_r_reg[2308],FDSE,SLICE_X28Y213,SLICEL.A5FF,1'b0
u_dut/t_r_reg[2309],FDSE,SLICE_X27Y218,SLICEL.AFF,1'b0
u_dut/t_r_reg[230],FDSE,SLICE_X16Y239,SLICEM.AFF,1'b0
u_dut/t_r_reg[2310],FDRE,SLICE_X26Y217,SLICEL.A5FF,1'b0
u_dut/t_r_reg[2312],FDRE,SLICE_X33Y217,SLICEL.CFF,1'b0
u_dut/t_r_reg[2313],FDRE,SLICE_X29Y214,SLICEL.AFF,1'b0
u_dut/t_r_reg[2314],FDRE,SLICE_X33Y217,SLICEL.DFF,1'b0
u_dut/t_r_reg[2317],FDSE,SLICE_X27Y218,SLICEL.BFF,1'b0
u_dut/t_r_reg[2319],FDSE,SLICE_X27Y218,SLICEL.CFF,1'b0
u_dut/t_r_reg[231],FDSE,SLICE_X22Y239,SLICEM.BFF,1'b0
u_dut/t_r_reg[2320],FDSE,SLICE_X37Y218,SLICEL.AFF,1'b0
u_dut/t_r_reg[2321],FDRE,SLICE_X30Y213,SLICEL.DFF,1'b0
u_dut/t_r_reg[2322],FDRE,SLICE_X31Y213,SLICEL.AFF,1'b0
u_dut/t_r_reg[2323],FDRE,SLICE_X20Y214,SLICEM.AFF,1'b0
u_dut/t_r_reg[2324],FDSE,SLICE_X19Y219,SLICEL.AFF,1'b0
u_dut/t_r_reg[2326],FDSE,SLICE_X19Y213,SLICEL.AFF,1'b0
u_dut/t_r_reg[2327],FDSE,SLICE_X19Y213,SLICEL.BFF,1'b0
u_dut/t_r_reg[2329],FDSE,SLICE_X19Y219,SLICEL.BFF,1'b0
u_dut/t_r_reg[232],FDSE,SLICE_X16Y239,SLICEM.BFF,1'b0
u_dut/t_r_reg[2332],FDSE,SLICE_X37Y218,SLICEL.A5FF,1'b0
u_dut/t_r_reg[2333],FDSE,SLICE_X19Y219,SLICEL.B5FF,1'b0
u_dut/t_r_reg[2336],FDSE,SLICE_X19Y218,SLICEL.DFF,1'b0
u_dut/t_r_reg[2337],FDSE,SLICE_X19Y218,SLICEL.AFF,1'b0
u_dut/t_r_reg[2338],FDSE,SLICE_X19Y218,SLICEL.BFF,1'b0
u_dut/t_r_reg[233],FDSE,SLICE_X16Y239,SLICEM.CFF,1'b0
u_dut/t_r_reg[2340],FDSE,SLICE_X20Y213,SLICEM.AFF,1'b0
u_dut/t_r_reg[2341],FDSE,SLICE_X37Y215,SLICEL.AFF,1'b0
u_dut/t_r_reg[2343],FDSE,SLICE_X20Y213,SLICEM.A5FF,1'b0
u_dut/t_r_reg[2344],FDSE,SLICE_X19Y218,SLICEL.CFF,1'b0
u_dut/t_r_reg[2345],FDSE,SLICE_X19Y218,SLICEL.A5FF,1'b0
u_dut/t_r_reg[234],FDSE,SLICE_X22Y239,SLICEM.CFF,1'b0
u_dut/t_r_reg[2353],FDSE,SLICE_X23Y213,SLICEL.CFF,1'b0
u_dut/t_r_reg[2354],FDSE,SLICE_X33Y215,SLICEL.AFF,1'b0
u_dut/t_r_reg[2356],FDSE,SLICE_X33Y215,SLICEL.BFF,1'b0
u_dut/t_r_reg[235],FDRE,SLICE_X17Y236,SLICEL.DFF,1'b0
u_dut/t_r_reg[2360],FDRE,SLICE_X32Y213,SLICEL.CFF,1'b0
u_dut/t_r_reg[2365],FDSE,SLICE_X23Y213,SLICEL.AFF,1'b0
u_dut/t_r_reg[2368],FDSE,SLICE_X23Y213,SLICEL.BFF,1'b0
u_dut/t_r_reg[2369],FDSE,SLICE_X33Y215,SLICEL.CFF,1'b0
u_dut/t_r_reg[236],FDRE,SLICE_X23Y239,SLICEL.CFF,1'b0
u_dut/t_r_reg[2371],FDSE,SLICE_X19Y224,SLICEL.A5FF,1'b0
u_dut/t_r_reg[2372],FDRE,SLICE_X22Y215,SLICEM.CFF,1'b0
u_dut/t_r_reg[2373],FDRE,SLICE_X20Y214,SLICEM.BFF,1'b0
u_dut/t_r_reg[2374],FDRE,SLICE_X20Y214,SLICEM.CFF,1'b0
u_dut/t_r_reg[2375],FDSE,SLICE_X26Y215,SLICEL.AFF,1'b0
u_dut/t_r_reg[2376],FDSE,SLICE_X35Y222,SLICEL.BFF,1'b0
u_dut/t_r_reg[237],FDRE,SLICE_X20Y240,SLICEM.BFF,1'b0
u_dut/t_r_reg[2380],FDSE,SLICE_X19Y224,SLICEL.AFF,1'b0
u_dut/t_r_reg[2385],FDRE,SLICE_X36Y214,SLICEL.BFF,1'b0
u_dut/t_r_reg[2389],FDSE,SLICE_X26Y215,SLICEL.BFF,1'b0
u_dut/t_r_reg[238],FDSE,SLICE_X21Y239,SLICEL.A5FF,1'b0
u_dut/t_r_reg[2391],FDSE,SLICE_X26Y215,SLICEL.CFF,1'b0
u_dut/t_r_reg[2392],FDSE,SLICE_X35Y222,SLICEL.AFF,1'b0
u_dut/t_r_reg[2397],FDSE,SLICE_X33Y218,SLICEL.CFF,1'b0
u_dut/t_r_reg[2398],FDSE,SLICE_X33Y218,SLICEL.AFF,1'b0
u_dut/t_r_reg[2399],FDSE,SLICE_X27Y220,SLICEL.BFF,1'b0
u_dut/t_r_reg[239],FDRE,SLICE_X15Y240,SLICEL.BFF,1'b0
u_dut/t_r_reg[23],FDSE,SLICE_X25Y232,SLICEL.AFF,1'b0
u_dut/t_r_reg[2404],FDSE,SLICE_X27Y220,SLICEL.CFF,1'b0
u_dut/t_r_reg[2408],FDRE,SLICE_X20Y215,SLICEM.CFF,1'b0
u_dut/t_r_reg[240],FDRE,SLICE_X22Y238,SLICEM.DFF,1'b0
u_dut/t_r_reg[2410],FDRE,SLICE_X33Y220,SLICEL.DFF,1'b0
u_dut/t_r_reg[2411],FDSE,SLICE_X33Y218,SLICEL.BFF,1'b0
u_dut/t_r_reg[2413],FDRE,SLICE_X28Y217,SLICEL.CFF,1'b0
u_dut/t_r_reg[2415],FDSE,SLICE_X32Y214,SLICEL.DFF,1'b0
u_dut/t_r_reg[241],FDRE,SLICE_X19Y241,SLICEL.BFF,1'b0
u_dut/t_r_reg[2420],FDSE,SLICE_X32Y214,SLICEL.BFF,1'b0
u_dut/t_r_reg[2422],FDRE,SLICE_X29Y214,SLICEL.CFF,1'b0
u_dut/t_r_reg[2423],FDSE,SLICE_X32Y214,SLICEL.AFF,1'b0
u_dut/t_r_reg[2425],FDSE,SLICE_X32Y214,SLICEL.CFF,1'b0
u_dut/t_r_reg[2426],FDRE,SLICE_X26Y217,SLICEL.DFF,1'b0
u_dut/t_r_reg[2428],FDRE,SLICE_X29Y218,SLICEL.DFF,1'b0
u_dut/t_r_reg[2429],FDRE,SLICE_X29Y216,SLICEL.AFF,1'b0
u_dut/t_r_reg[242],FDSE,SLICE_X26Y236,SLICEL.CFF,1'b0
u_dut/t_r_reg[2432],FDSE,SLICE_X35Y218,SLICEL.AFF,1'b0
u_dut/t_r_reg[2435],FDRE,SLICE_X37Y217,SLICEL.A5FF,1'b0
u_dut/t_r_reg[2439],FDRE,SLICE_X29Y214,SLICEL.DFF,1'b0
u_dut/t_r_reg[243],FDSE,SLICE_X26Y236,SLICEL.AFF,1'b0
u_dut/t_r_reg[2441],FDRE,SLICE_X32Y213,SLICEL.AFF,1'b0
u_dut/t_r_reg[2442],FDRE,SLICE_X31Y212,SLICEL.AFF,1'b0
u_dut/t_r_reg[2449],FDRE,SLICE_X22Y215,SLICEM.DFF,1'b0
u_dut/t_r_reg[244],FDSE,SLICE_X26Y236,SLICEL.A5FF,1'b0
u_dut/t_r_reg[245],FDSE,SLICE_X26Y236,SLICEL.BFF,1'b0
u_dut/t_r_reg[247],FDSE,SLICE_X21Y239,SLICEL.CFF,1'b0
u_dut/t_r_reg[248],FDSE,SLICE_X21Y239,SLICEL.AFF,1'b0
u_dut/t_r_reg[249],FDSE,SLICE_X21Y239,SLICEL.DFF,1'b0
u_dut/t_r_reg[2512],FDSE,SLICE_X16Y212,SLICEM.AFF,1'b0
u_dut/t_r_reg[251],FDSE,SLICE_X21Y239,SLICEL.BFF,1'b0
u_dut/t_r_reg[2520],FDSE,SLICE_X16Y212,SLICEM.BFF,1'b0
u_dut/t_r_reg[2521],FDSE,SLICE_X15Y212,SLICEL.A5FF,1'b0
u_dut/t_r_reg[2530],FDSE,SLICE_X16Y212,SLICEM.DFF,1'b0
u_dut/t_r_reg[2536],FDSE,SLICE_X15Y212,SLICEL.AFF,1'b0
u_dut/t_r_reg[2538],FDSE,SLICE_X16Y209,SLICEM.AFF,1'b0
u_dut/t_r_reg[253],FDSE,SLICE_X26Y238,SLICEL.AFF,1'b0
u_dut/t_r_reg[2547],FDSE,SLICE_X16Y212,SLICEM.A5FF,1'b0
u_dut/t_r_reg[2548],FDSE,SLICE_X14Y211,SLICEM.AFF,1'b0
u_dut/t_r_reg[2549],FDSE,SLICE_X18Y211,SLICEM.AFF,1'b0
u_dut/t_r_reg[254],FDSE,SLICE_X25Y238,SLICEL.BFF,1'b0
u_dut/t_r_reg[2552],FDSE,SLICE_X15Y211,SLICEL.BFF,1'b0
u_dut/t_r_reg[2553],FDSE,SLICE_X16Y212,SLICEM.CFF,1'b0
u_dut/t_r_reg[255],FDSE,SLICE_X26Y238,SLICEL.BFF,1'b0
u_dut/t_r_reg[2561],FDSE,SLICE_X16Y212,SLICEM.B5FF,1'b0
u_dut/t_r_reg[2562],FDSE,SLICE_X17Y210,SLICEL.AFF,1'b0
u_dut/t_r_reg[2565],FDSE,SLICE_X17Y210,SLICEL.BFF,1'b0
u_dut/t_r_reg[256],FDSE,SLICE_X26Y238,SLICEL.A5FF,1'b0
u_dut/t_r_reg[2570],FDSE,SLICE_X15Y211,SLICEL.CFF,1'b0
u_dut/t_r_reg[2575],FDRE,SLICE_X17Y212,SLICEL.BFF,1'b0
u_dut/t_r_reg[257],FDSE,SLICE_X25Y238,SLICEL.AFF,1'b0
u_dut/t_r_reg[2580],FDRE,SLICE_X17Y212,SLICEL.CFF,1'b0
u_dut/t_r_reg[2582],FDRE,SLICE_X16Y211,SLICEM.AFF,1'b0
u_dut/t_r_reg[2583],FDRE,SLICE_X16Y211,SLICEM.BFF,1'b0
u_dut/t_r_reg[258],FDSE,SLICE_X24Y239,SLICEL.CFF,1'b0
u_dut/t_r_reg[2590],FDRE,SLICE_X17Y211,SLICEL.AFF,1'b0
u_dut/t_r_reg[2598],FDRE,SLICE_X17Y212,SLICEL.DFF,1'b0
u_dut/t_r_reg[259],FDSE,SLICE_X24Y239,SLICEL.DFF,1'b0
u_dut/t_r_reg[25],FDSE,SLICE_X25Y232,SLICEL.CFF,1'b0
u_dut/t_r_reg[2603],FDRE,SLICE_X13Y211,SLICEL.AFF,1'b0
u_dut/t_r_reg[2604],FDRE,SLICE_X17Y211,SLICEL.BFF,1'b0
u_dut/t_r_reg[260],FDSE,SLICE_X24Y239,SLICEL.AFF,1'b0
u_dut/t_r_reg[2612],FDRE,SLICE_X16Y211,SLICEM.CFF,1'b0
u_dut/t_r_reg[261],FDSE,SLICE_X17Y239,SLICEL.AFF,1'b0
u_dut/t_r_reg[2625],FDRE,SLICE_X16Y211,SLICEM.DFF,1'b0
u_dut/t_r_reg[2627],FDRE,SLICE_X17Y212,SLICEL.AFF,1'b0
u_dut/t_r_reg[2628],FDRE,SLICE_X17Y212,SLICEL.B5FF,1'b0
u_dut/t_r_reg[262],FDSE,SLICE_X17Y239,SLICEL.BFF,1'b0
u_dut/t_r_reg[2638],FDRE,SLICE_X17Y212,SLICEL.A5FF,1'b0
u_dut/t_r_reg[263],FDSE,SLICE_X18Y239,SLICEM.AFF,1'b0
u_dut/t_r_reg[264],FDSE,SLICE_X24Y239,SLICEL.BFF,1'b0
u_dut/t_r_reg[2655],FDSE,SLICE_X24Y226,SLICEL.AFF,1'b0
u_dut/t_r_reg[2656],FDSE,SLICE_X17Y223,SLICEL.AFF,1'b0
u_dut/t_r_reg[2657],FDSE,SLICE_X24Y226,SLICEL.BFF,1'b0
u_dut/t_r_reg[2658],FDSE,SLICE_X24Y226,SLICEL.CFF,1'b0
u_dut/t_r_reg[2659],FDSE,SLICE_X24Y226,SLICEL.DFF,1'b0
u_dut/t_r_reg[265],FDSE,SLICE_X23Y241,SLICEL.AFF,1'b0
u_dut/t_r_reg[2660],FDSE,SLICE_X24Y226,SLICEL.A5FF,1'b0
u_dut/t_r_reg[2661],FDSE,SLICE_X17Y223,SLICEL.BFF,1'b0
u_dut/t_r_reg[2662],FDSE,SLICE_X24Y226,SLICEL.B5FF,1'b0
u_dut/t_r_reg[2663],FDSE,SLICE_X24Y226,SLICEL.C5FF,1'b0
u_dut/t_r_reg[2664],FDSE,SLICE_X17Y223,SLICEL.CFF,1'b0
u_dut/t_r_reg[2665],FDSE,SLICE_X17Y223,SLICEL.DFF,1'b0
u_dut/t_r_reg[2666],FDSE,SLICE_X17Y223,SLICEL.A5FF,1'b0
u_dut/t_r_reg[2667],FDSE,SLICE_X17Y223,SLICEL.B5FF,1'b0
u_dut/t_r_reg[2668],FDSE,SLICE_X23Y224,SLICEL.AFF,1'b0
u_dut/t_r_reg[2669],FDSE,SLICE_X24Y219,SLICEL.BFF,1'b0
u_dut/t_r_reg[266],FDSE,SLICE_X24Y238,SLICEL.AFF,1'b0
u_dut/t_r_reg[2670],FDSE,SLICE_X24Y224,SLICEL.BFF,1'b0
u_dut/t_r_reg[2671],FDSE,SLICE_X24Y224,SLICEL.CFF,1'b0
u_dut/t_r_reg[2672],FDSE,SLICE_X24Y224,SLICEL.AFF,1'b0
u_dut/t_r_reg[2674],FDSE,SLICE_X24Y219,SLICEL.AFF,1'b0
u_dut/t_r_reg[2675],FDSE,SLICE_X24Y219,SLICEL.DFF,1'b0
u_dut/t_r_reg[2676],FDSE,SLICE_X24Y219,SLICEL.CFF,1'b0
u_dut/t_r_reg[2678],FDSE,SLICE_X24Y224,SLICEL.B5FF,1'b0
u_dut/t_r_reg[2679],FDSE,SLICE_X24Y219,SLICEL.C5FF,1'b0
u_dut/t_r_reg[267],FDSE,SLICE_X21Y238,SLICEL.DFF,1'b0
u_dut/t_r_reg[2680],FDSE,SLICE_X24Y219,SLICEL.B5FF,1'b0
u_dut/t_r_reg[2681],FDSE,SLICE_X24Y224,SLICEL.C5FF,1'b0
u_dut/t_r_reg[2682],FDSE,SLICE_X23Y223,SLICEL.CFF,1'b0
u_dut/t_r_reg[2683],FDSE,SLICE_X24Y221,SLICEL.AFF,1'b0
u_dut/t_r_reg[2684],FDSE,SLICE_X24Y221,SLICEL.A5FF,1'b0
u_dut/t_r_reg[2685],FDSE,SLICE_X24Y221,SLICEL.BFF,1'b0
u_dut/t_r_reg[2686],FDSE,SLICE_X24Y221,SLICEL.CFF,1'b0
u_dut/t_r_reg[2687],FDSE,SLICE_X23Y224,SLICEL.CFF,1'b0
u_dut/t_r_reg[2688],FDSE,SLICE_X24Y221,SLICEL.B5FF,1'b0
u_dut/t_r_reg[2689],FDSE,SLICE_X23Y224,SLICEL.BFF,1'b0
u_dut/t_r_reg[268],FDSE,SLICE_X21Y238,SLICEL.AFF,1'b0
u_dut/t_r_reg[2690],FDSE,SLICE_X23Y223,SLICEL.AFF,1'b0
u_dut/t_r_reg[2691],FDSE,SLICE_X23Y223,SLICEL.BFF,1'b0
u_dut/t_r_reg[2692],FDSE,SLICE_X23Y224,SLICEL.B5FF,1'b0
u_dut/t_r_reg[2693],FDSE,SLICE_X22Y222,SLICEM.A5FF,1'b0
u_dut/t_r_reg[2694],FDRE,SLICE_X20Y220,SLICEM.CFF,1'b0
u_dut/t_r_reg[2695],FDSE,SLICE_X19Y223,SLICEL.AFF,1'b0
u_dut/t_r_reg[2696],FDRE,SLICE_X14Y222,SLICEM.CFF,1'b0
u_dut/t_r_reg[2697],FDRE,SLICE_X22Y221,SLICEM.BFF,1'b0
u_dut/t_r_reg[2698],FDRE,SLICE_X7Y223,SLICEL.AFF,1'b0
u_dut/t_r_reg[2699],FDRE,SLICE_X20Y219,SLICEM.DFF,1'b0
u_dut/t_r_reg[269],FDSE,SLICE_X24Y238,SLICEL.BFF,1'b0
u_dut/t_r_reg[26],FDSE,SLICE_X25Y232,SLICEL.DFF,1'b0
u_dut/t_r_reg[2700],FDSE,SLICE_X22Y222,SLICEM.AFF,1'b0
u_dut/t_r_reg[2701],FDRE,SLICE_X6Y222,SLICEM.AFF,1'b0
u_dut/t_r_reg[2702],FDSE,SLICE_X22Y222,SLICEM.BFF,1'b0
u_dut/t_r_reg[2703],FDSE,SLICE_X22Y222,SLICEM.CFF,1'b0
u_dut/t_r_reg[2704],FDSE,SLICE_X22Y222,SLICEM.B5FF,1'b0
u_dut/t_r_reg[2705],FDSE,SLICE_X22Y222,SLICEM.DFF,1'b0
u_dut/t_r_reg[2706],FDRE,SLICE_X16Y223,SLICEM.CFF,1'b0
u_dut/t_r_reg[2707],FDRE,SLICE_X20Y222,SLICEM.CFF,1'b0
u_dut/t_r_reg[2708],FDRE,SLICE_X22Y221,SLICEM.CFF,1'b0
u_dut/t_r_reg[2709],FDSE,SLICE_X12Y220,SLICEM.BFF,1'b0
u_dut/t_r_reg[270],FDSE,SLICE_X21Y238,SLICEL.BFF,1'b0
u_dut/t_r_reg[2710],FDRE,SLICE_X5Y222,SLICEL.AFF,1'b0
u_dut/t_r_reg[2711],FDSE,SLICE_X12Y220,SLICEM.AFF,1'b0
u_dut/t_r_reg[2712],FDRE,SLICE_X22Y221,SLICEM.DFF,1'b0
u_dut/t_r_reg[2713],FDSE,SLICE_X12Y220,SLICEM.B5FF,1'b0
u_dut/t_r_reg[2714],FDSE,SLICE_X12Y220,SLICEM.CFF,1'b0
u_dut/t_r_reg[2715],FDRE,SLICE_X11Y222,SLICEL.BFF,1'b0
u_dut/t_r_reg[2716],FDRE,SLICE_X20Y222,SLICEM.DFF,1'b0
u_dut/t_r_reg[2717],FDRE,SLICE_X11Y222,SLICEL.CFF,1'b0
u_dut/t_r_reg[2718],FDRE,SLICE_X13Y223,SLICEL.AFF,1'b0
u_dut/t_r_reg[2719],FDRE,SLICE_X13Y223,SLICEL.BFF,1'b0
u_dut/t_r_reg[271],FDSE,SLICE_X21Y238,SLICEL.CFF,1'b0
u_dut/t_r_reg[2720],FDRE,SLICE_X11Y222,SLICEL.DFF,1'b0
u_dut/t_r_reg[2721],FDRE,SLICE_X5Y222,SLICEL.BFF,1'b0
u_dut/t_r_reg[2722],FDRE,SLICE_X5Y222,SLICEL.CFF,1'b0
u_dut/t_r_reg[2723],FDSE,SLICE_X7Y226,SLICEL.DFF,1'b0
u_dut/t_r_reg[2724],FDSE,SLICE_X7Y226,SLICEL.AFF,1'b0
u_dut/t_r_reg[2725],FDRE,SLICE_X7Y223,SLICEL.BFF,1'b0
u_dut/t_r_reg[2726],FDSE,SLICE_X7Y225,SLICEL.AFF,1'b0
u_dut/t_r_reg[2727],FDSE,SLICE_X7Y225,SLICEL.CFF,1'b0
u_dut/t_r_reg[2728],FDSE,SLICE_X7Y225,SLICEL.A5FF,1'b0
u_dut/t_r_reg[2729],FDSE,SLICE_X7Y225,SLICEL.BFF,1'b0
u_dut/t_r_reg[272],FDSE,SLICE_X24Y238,SLICEL.CFF,1'b0
u_dut/t_r_reg[2730],FDSE,SLICE_X6Y227,SLICEM.DFF,1'b0
u_dut/t_r_reg[2731],FDSE,SLICE_X17Y227,SLICEL.AFF,1'b0
u_dut/t_r_reg[2732],FDSE,SLICE_X17Y227,SLICEL.BFF,1'b0
u_dut/t_r_reg[2733],FDSE,SLICE_X17Y227,SLICEL.CFF,1'b0
u_dut/t_r_reg[2734],FDSE,SLICE_X11Y229,SLICEL.AFF,1'b0
u_dut/t_r_reg[2735],FDSE,SLICE_X11Y229,SLICEL.BFF,1'b0
u_dut/t_r_reg[2736],FDSE,SLICE_X17Y227,SLICEL.B5FF,1'b0
u_dut/t_r_reg[2737],FDSE,SLICE_X6Y227,SLICEM.AFF,1'b0
u_dut/t_r_reg[2739],FDSE,SLICE_X6Y227,SLICEM.BFF,1'b0
u_dut/t_r_reg[273],FDSE,SLICE_X23Y236,SLICEL.AFF,1'b0
u_dut/t_r_reg[2741],FDSE,SLICE_X6Y227,SLICEM.CFF,1'b0
u_dut/t_r_reg[2742],FDSE,SLICE_X11Y229,SLICEL.A5FF,1'b0
u_dut/t_r_reg[2743],FDSE,SLICE_X11Y229,SLICEL.CFF,1'b0
u_dut/t_r_reg[2744],FDSE,SLICE_X7Y228,SLICEL.AFF,1'b0
u_dut/t_r_reg[2745],FDSE,SLICE_X7Y228,SLICEL.BFF,1'b0
u_dut/t_r_reg[2746],FDSE,SLICE_X7Y228,SLICEL.CFF,1'b0
u_dut/t_r_reg[2747],FDSE,SLICE_X7Y228,SLICEL.B5FF,1'b0
u_dut/t_r_reg[2748],FDSE,SLICE_X1Y228,SLICEL.AFF,1'b0
u_dut/t_r_reg[2749],FDSE,SLICE_X7Y228,SLICEL.DFF,1'b0
u_dut/t_r_reg[274],FDSE,SLICE_X23Y236,SLICEL.BFF,1'b0
u_dut/t_r_reg[2750],FDSE,SLICE_X7Y226,SLICEL.BFF,1'b0
u_dut/t_r_reg[2751],FDSE,SLICE_X7Y226,SLICEL.A5FF,1'b0
u_dut/t_r_reg[2752],FDSE,SLICE_X7Y228,SLICEL.D5FF,1'b0
u_dut/t_r_reg[2753],FDSE,SLICE_X7Y228,SLICEL.C5FF,1'b0
u_dut/t_r_reg[2754],FDSE,SLICE_X3Y222,SLICEL.AFF,1'b0
u_dut/t_r_reg[2755],FDSE,SLICE_X5Y228,SLICEL.B5FF,1'b0
u_dut/t_r_reg[2756],FDSE,SLICE_X4Y229,SLICEL.CFF,1'b0
u_dut/t_r_reg[2757],FDSE,SLICE_X4Y229,SLICEL.AFF,1'b0
u_dut/t_r_reg[2758],FDSE,SLICE_X4Y229,SLICEL.BFF,1'b0
u_dut/t_r_reg[2759],FDSE,SLICE_X4Y229,SLICEL.A5FF,1'b0
u_dut/t_r_reg[275],FDSE,SLICE_X23Y236,SLICEL.DFF,1'b0
u_dut/t_r_reg[2760],FDSE,SLICE_X4Y228,SLICEL.AFF,1'b0
u_dut/t_r_reg[2761],FDSE,SLICE_X4Y228,SLICEL.BFF,1'b0
u_dut/t_r_reg[2762],FDSE,SLICE_X4Y228,SLICEL.A5FF,1'b0
u_dut/t_r_reg[2763],FDSE,SLICE_X4Y228,SLICEL.CFF,1'b0
u_dut/t_r_reg[2764],FDSE,SLICE_X5Y228,SLICEL.AFF,1'b0
u_dut/t_r_reg[2765],FDSE,SLICE_X9Y227,SLICEL.DFF,1'b0
u_dut/t_r_reg[2766],FDSE,SLICE_X9Y227,SLICEL.AFF,1'b0
u_dut/t_r_reg[2767],FDSE,SLICE_X3Y226,SLICEL.AFF,1'b0
u_dut/t_r_reg[2768],FDSE,SLICE_X9Y227,SLICEL.BFF,1'b0
u_dut/t_r_reg[2769],FDSE,SLICE_X18Y225,SLICEM.AFF,1'b0
u_dut/t_r_reg[276],FDSE,SLICE_X23Y236,SLICEL.B5FF,1'b0
u_dut/t_r_reg[2770],FDSE,SLICE_X5Y229,SLICEL.AFF,1'b0
u_dut/t_r_reg[2771],FDSE,SLICE_X18Y225,SLICEM.BFF,1'b0
u_dut/t_r_reg[2772],FDSE,SLICE_X3Y228,SLICEL.AFF,1'b0
u_dut/t_r_reg[2774],FDSE,SLICE_X5Y229,SLICEL.BFF,1'b0
u_dut/t_r_reg[2775],FDSE,SLICE_X3Y228,SLICEL.CFF,1'b0
u_dut/t_r_reg[2776],FDSE,SLICE_X9Y227,SLICEL.B5FF,1'b0
u_dut/t_r_reg[2777],FDSE,SLICE_X9Y227,SLICEL.CFF,1'b0
u_dut/t_r_reg[2778],FDSE,SLICE_X18Y225,SLICEM.CFF,1'b0
u_dut/t_r_reg[2779],FDSE,SLICE_X3Y227,SLICEL.AFF,1'b0
u_dut/t_r_reg[277],FDSE,SLICE_X23Y236,SLICEL.CFF,1'b0
u_dut/t_r_reg[2780],FDSE,SLICE_X5Y228,SLICEL.A5FF,1'b0
u_dut/t_r_reg[2781],FDSE,SLICE_X2Y228,SLICEM.DFF,1'b0
u_dut/t_r_reg[2782],FDSE,SLICE_X2Y228,SLICEM.AFF,1'b0
u_dut/t_r_reg[2783],FDSE,SLICE_X2Y228,SLICEM.BFF,1'b0
u_dut/t_r_reg[2784],FDSE,SLICE_X2Y228,SLICEM.CFF,1'b0
u_dut/t_r_reg[2785],FDSE,SLICE_X5Y228,SLICEL.BFF,1'b0
u_dut/t_r_reg[2786],FDSE,SLICE_X8Y224,SLICEM.BFF,1'b0
u_dut/t_r_reg[2787],FDRE,SLICE_X23Y225,SLICEL.BFF,1'b0
u_dut/t_r_reg[2788],FDRE,SLICE_X13Y218,SLICEL.BFF,1'b0
u_dut/t_r_reg[2789],FDRE,SLICE_X13Y218,SLICEL.A5FF,1'b0
u_dut/t_r_reg[278],FDSE,SLICE_X19Y237,SLICEL.AFF,1'b0
u_dut/t_r_reg[2790],FDRE,SLICE_X13Y218,SLICEL.DFF,1'b0
u_dut/t_r_reg[2791],FDRE,SLICE_X7Y223,SLICEL.CFF,1'b0
u_dut/t_r_reg[2792],FDSE,SLICE_X8Y224,SLICEM.CFF,1'b0
u_dut/t_r_reg[2793],FDSE,SLICE_X8Y224,SLICEM.AFF,1'b0
u_dut/t_r_reg[2794],FDRE,SLICE_X8Y223,SLICEM.BFF,1'b0
u_dut/t_r_reg[2795],FDSE,SLICE_X12Y223,SLICEM.BFF,1'b0
u_dut/t_r_reg[2796],FDRE,SLICE_X16Y219,SLICEM.CFF,1'b0
u_dut/t_r_reg[2797],FDSE,SLICE_X12Y223,SLICEM.CFF,1'b0
u_dut/t_r_reg[2798],FDSE,SLICE_X12Y222,SLICEM.CFF,1'b0
u_dut/t_r_reg[2799],FDSE,SLICE_X12Y215,SLICEM.AFF,1'b0
u_dut/t_r_reg[279],FDSE,SLICE_X23Y236,SLICEL.A5FF,1'b0
u_dut/t_r_reg[27],FDSE,SLICE_X25Y232,SLICEL.A5FF,1'b0
u_dut/t_r_reg[2800],FDSE,SLICE_X12Y215,SLICEM.BFF,1'b0
u_dut/t_r_reg[2801],FDSE,SLICE_X12Y222,SLICEM.BFF,1'b0
u_dut/t_r_reg[2802],FDSE,SLICE_X12Y215,SLICEM.A5FF,1'b0
u_dut/t_r_reg[2803],FDSE,SLICE_X12Y222,SLICEM.AFF,1'b0
u_dut/t_r_reg[2804],FDRE,SLICE_X13Y223,SLICEL.CFF,1'b0
u_dut/t_r_reg[2805],FDSE,SLICE_X2Y221,SLICEM.AFF,1'b0
u_dut/t_r_reg[2806],FDSE,SLICE_X8Y221,SLICEM.DFF,1'b0
u_dut/t_r_reg[2807],FDRE,SLICE_X17Y221,SLICEL.CFF,1'b0
u_dut/t_r_reg[2808],FDRE,SLICE_X16Y221,SLICEM.DFF,1'b0
u_dut/t_r_reg[2809],FDRE,SLICE_X17Y221,SLICEL.DFF,1'b0
u_dut/t_r_reg[2810],FDSE,SLICE_X8Y221,SLICEM.AFF,1'b0
u_dut/t_r_reg[2811],FDSE,SLICE_X8Y221,SLICEM.BFF,1'b0
u_dut/t_r_reg[2812],FDSE,SLICE_X8Y221,SLICEM.CFF,1'b0
u_dut/t_r_reg[2813],FDRE,SLICE_X21Y229,SLICEL.DFF,1'b0
u_dut/t_r_reg[2814],FDRE,SLICE_X16Y223,SLICEM.DFF,1'b0
u_dut/t_r_reg[2815],FDRE,SLICE_X22Y228,SLICEM.CFF,1'b0
u_dut/t_r_reg[2818],FDRE,SLICE_X21Y221,SLICEL.DFF,1'b0
u_dut/t_r_reg[281],FDSE,SLICE_X23Y236,SLICEL.C5FF,1'b0
u_dut/t_r_reg[2821],FDSE,SLICE_X5Y220,SLICEL.AFF,1'b0
u_dut/t_r_reg[2822],FDSE,SLICE_X6Y221,SLICEM.A5FF,1'b0
u_dut/t_r_reg[2823],FDSE,SLICE_X6Y221,SLICEM.BFF,1'b0
u_dut/t_r_reg[2824],FDSE,SLICE_X5Y220,SLICEL.BFF,1'b0
u_dut/t_r_reg[2825],FDSE,SLICE_X6Y221,SLICEM.AFF,1'b0
u_dut/t_r_reg[2826],FDRE,SLICE_X22Y228,SLICEM.DFF,1'b0
u_dut/t_r_reg[2827],FDRE,SLICE_X5Y222,SLICEL.DFF,1'b0
u_dut/t_r_reg[2828],FDRE,SLICE_X9Y223,SLICEL.AFF,1'b0
u_dut/t_r_reg[2829],FDRE,SLICE_X3Y229,SLICEL.BFF,1'b0
u_dut/t_r_reg[282],FDSE,SLICE_X23Y236,SLICEL.D5FF,1'b0
u_dut/t_r_reg[2831],FDRE,SLICE_X33Y216,SLICEL.AFF,1'b0
u_dut/t_r_reg[2832],FDRE,SLICE_X28Y215,SLICEL.DFF,1'b0
u_dut/t_r_reg[2834],FDSE,SLICE_X33Y214,SLICEL.A5FF,1'b0
u_dut/t_r_reg[2835],FDSE,SLICE_X31Y216,SLICEL.AFF,1'b0
u_dut/t_r_reg[2836],FDSE,SLICE_X31Y216,SLICEL.BFF,1'b0
u_dut/t_r_reg[2837],FDSE,SLICE_X31Y216,SLICEL.A5FF,1'b0
u_dut/t_r_reg[2838],FDSE,SLICE_X31Y216,SLICEL.DFF,1'b0
u_dut/t_r_reg[2839],FDSE,SLICE_X33Y214,SLICEL.DFF,1'b0
u_dut/t_r_reg[283],FDSE,SLICE_X16Y237,SLICEM.AFF,1'b0
u_dut/t_r_reg[2840],FDSE,SLICE_X33Y214,SLICEL.AFF,1'b0
u_dut/t_r_reg[2841],FDSE,SLICE_X33Y214,SLICEL.BFF,1'b0
u_dut/t_r_reg[2842],FDSE,SLICE_X33Y214,SLICEL.CFF,1'b0
u_dut/t_r_reg[2843],FDSE,SLICE_X34Y214,SLICEL.DFF,1'b0
u_dut/t_r_reg[2844],FDSE,SLICE_X34Y214,SLICEL.AFF,1'b0
u_dut/t_r_reg[2845],FDSE,SLICE_X34Y214,SLICEL.BFF,1'b0
u_dut/t_r_reg[2846],FDSE,SLICE_X34Y214,SLICEL.A5FF,1'b0
u_dut/t_r_reg[2847],FDRE,SLICE_X29Y216,SLICEL.BFF,1'b0
u_dut/t_r_reg[2848],FDRE,SLICE_X29Y215,SLICEL.BFF,1'b0
u_dut/t_r_reg[2849],FDRE,SLICE_X31Y212,SLICEL.BFF,1'b0
u_dut/t_r_reg[284],FDSE,SLICE_X21Y240,SLICEL.BFF,1'b0
u_dut/t_r_reg[2850],FDRE,SLICE_X34Y213,SLICEL.AFF,1'b0
u_dut/t_r_reg[2851],FDSE,SLICE_X34Y216,SLICEL.DFF,1'b0
u_dut/t_r_reg[2852],FDSE,SLICE_X34Y216,SLICEL.AFF,1'b0
u_dut/t_r_reg[2853],FDSE,SLICE_X34Y216,SLICEL.BFF,1'b0
u_dut/t_r_reg[2854],FDSE,SLICE_X34Y216,SLICEL.CFF,1'b0
u_dut/t_r_reg[2855],FDSE,SLICE_X33Y213,SLICEL.DFF,1'b0
u_dut/t_r_reg[2856],FDSE,SLICE_X33Y213,SLICEL.AFF,1'b0
u_dut/t_r_reg[2857],FDSE,SLICE_X33Y213,SLICEL.CFF,1'b0
u_dut/t_r_reg[2858],FDSE,SLICE_X33Y212,SLICEL.AFF,1'b0
u_dut/t_r_reg[2859],FDSE,SLICE_X29Y213,SLICEL.CFF,1'b0
u_dut/t_r_reg[285],FDSE,SLICE_X16Y237,SLICEM.BFF,1'b0
u_dut/t_r_reg[2860],FDSE,SLICE_X29Y213,SLICEL.AFF,1'b0
u_dut/t_r_reg[2861],FDSE,SLICE_X29Y213,SLICEL.BFF,1'b0
u_dut/t_r_reg[2862],FDSE,SLICE_X29Y213,SLICEL.B5FF,1'b0
u_dut/t_r_reg[2863],FDSE,SLICE_X27Y216,SLICEL.AFF,1'b0
u_dut/t_r_reg[2864],FDSE,SLICE_X27Y216,SLICEL.BFF,1'b0
u_dut/t_r_reg[2865],FDSE,SLICE_X27Y216,SLICEL.B5FF,1'b0
u_dut/t_r_reg[2866],FDSE,SLICE_X27Y216,SLICEL.A5FF,1'b0
u_dut/t_r_reg[2867],FDSE,SLICE_X30Y214,SLICEL.AFF,1'b0
u_dut/t_r_reg[2868],FDSE,SLICE_X30Y214,SLICEL.A5FF,1'b0
u_dut/t_r_reg[2869],FDSE,SLICE_X30Y214,SLICEL.CFF,1'b0
u_dut/t_r_reg[286],FDSE,SLICE_X16Y237,SLICEM.A5FF,1'b0
u_dut/t_r_reg[2870],FDSE,SLICE_X30Y214,SLICEL.BFF,1'b0
u_dut/t_r_reg[2871],FDRE,SLICE_X33Y216,SLICEL.BFF,1'b0
u_dut/t_r_reg[2872],FDRE,SLICE_X35Y216,SLICEL.AFF,1'b0
u_dut/t_r_reg[2873],FDRE,SLICE_X35Y217,SLICEL.BFF,1'b0
u_dut/t_r_reg[2874],FDRE,SLICE_X33Y216,SLICEL.CFF,1'b0
u_dut/t_r_reg[2875],FDSE,SLICE_X35Y215,SLICEL.DFF,1'b0
u_dut/t_r_reg[2876],FDSE,SLICE_X35Y215,SLICEL.AFF,1'b0
u_dut/t_r_reg[2877],FDSE,SLICE_X35Y215,SLICEL.BFF,1'b0
u_dut/t_r_reg[2878],FDSE,SLICE_X35Y215,SLICEL.CFF,1'b0
u_dut/t_r_reg[2879],FDSE,SLICE_X31Y214,SLICEL.DFF,1'b0
u_dut/t_r_reg[287],FDSE,SLICE_X16Y237,SLICEM.CFF,1'b0
u_dut/t_r_reg[2880],FDSE,SLICE_X31Y214,SLICEL.AFF,1'b0
u_dut/t_r_reg[2881],FDSE,SLICE_X31Y214,SLICEL.BFF,1'b0
u_dut/t_r_reg[2882],FDSE,SLICE_X31Y214,SLICEL.CFF,1'b0
u_dut/t_r_reg[2883],FDSE,SLICE_X35Y214,SLICEL.BFF,1'b0
u_dut/t_r_reg[2884],FDSE,SLICE_X36Y215,SLICEL.AFF,1'b0
u_dut/t_r_reg[2885],FDSE,SLICE_X36Y215,SLICEL.BFF,1'b0
u_dut/t_r_reg[2886],FDSE,SLICE_X35Y214,SLICEL.AFF,1'b0
u_dut/t_r_reg[2887],FDSE,SLICE_X27Y217,SLICEL.DFF,1'b0
u_dut/t_r_reg[2888],FDSE,SLICE_X27Y217,SLICEL.AFF,1'b0
u_dut/t_r_reg[2889],FDSE,SLICE_X27Y217,SLICEL.BFF,1'b0
u_dut/t_r_reg[288],FDSE,SLICE_X15Y239,SLICEL.AFF,1'b0
u_dut/t_r_reg[2890],FDSE,SLICE_X27Y217,SLICEL.CFF,1'b0
u_dut/t_r_reg[2891],FDSE,SLICE_X27Y215,SLICEL.BFF,1'b0
u_dut/t_r_reg[2892],FDSE,SLICE_X27Y215,SLICEL.AFF,1'b0
u_dut/t_r_reg[2893],FDSE,SLICE_X27Y215,SLICEL.B5FF,1'b0
u_dut/t_r_reg[2894],FDSE,SLICE_X27Y215,SLICEL.A5FF,1'b0
u_dut/t_r_reg[2895],FDRE,SLICE_X29Y215,SLICEL.A5FF,1'b0
u_dut/t_r_reg[2896],FDRE,SLICE_X29Y216,SLICEL.CFF,1'b0
u_dut/t_r_reg[2897],FDRE,SLICE_X29Y216,SLICEL.DFF,1'b0
u_dut/t_r_reg[289],FDSE,SLICE_X15Y239,SLICEL.BFF,1'b0
u_dut/t_r_reg[28],FDSE,SLICE_X32Y236,SLICEL.AFF,1'b0
u_dut/t_r_reg[2900],FDRE,SLICE_X35Y216,SLICEL.BFF,1'b0
u_dut/t_r_reg[2901],FDRE,SLICE_X25Y212,SLICEL.BFF,1'b0
u_dut/t_r_reg[2902],FDRE,SLICE_X28Y216,SLICEL.AFF,1'b0
u_dut/t_r_reg[2904],FDRE,SLICE_X35Y216,SLICEL.CFF,1'b0
u_dut/t_r_reg[2905],FDRE,SLICE_X28Y216,SLICEL.BFF,1'b0
u_dut/t_r_reg[2906],FDRE,SLICE_X28Y216,SLICEL.CFF,1'b0
u_dut/t_r_reg[2907],FDRE,SLICE_X29Y215,SLICEL.DFF,1'b0
u_dut/t_r_reg[2908],FDRE,SLICE_X34Y213,SLICEL.BFF,1'b0
u_dut/t_r_reg[2909],FDRE,SLICE_X28Y216,SLICEL.DFF,1'b0
u_dut/t_r_reg[290],FDSE,SLICE_X21Y240,SLICEL.AFF,1'b0
u_dut/t_r_reg[2910],FDRE,SLICE_X36Y216,SLICEL.DFF,1'b0
u_dut/t_r_reg[2911],FDRE,SLICE_X32Y212,SLICEL.DFF,1'b0
u_dut/t_r_reg[2912],FDRE,SLICE_X34Y213,SLICEL.CFF,1'b0
u_dut/t_r_reg[2913],FDRE,SLICE_X35Y216,SLICEL.DFF,1'b0
u_dut/t_r_reg[2914],FDRE,SLICE_X25Y212,SLICEL.DFF,1'b0
u_dut/t_r_reg[291],FDSE,SLICE_X16Y237,SLICEM.B5FF,1'b0
u_dut/t_r_reg[292],FDSE,SLICE_X15Y239,SLICEL.B5FF,1'b0
u_dut/t_r_reg[293],FDSE,SLICE_X16Y237,SLICEM.DFF,1'b0
u_dut/t_r_reg[294],FDSE,SLICE_X19Y236,SLICEL.AFF,1'b0
u_dut/t_r_reg[296],FDSE,SLICE_X18Y238,SLICEM.AFF,1'b0
u_dut/t_r_reg[297],FDSE,SLICE_X18Y238,SLICEM.CFF,1'b0
u_dut/t_r_reg[298],FDSE,SLICE_X18Y238,SLICEM.BFF,1'b0
u_dut/t_r_reg[299],FDSE,SLICE_X18Y238,SLICEM.A5FF,1'b0
u_dut/t_r_reg[29],FDSE,SLICE_X32Y236,SLICEL.CFF,1'b0
u_dut/t_r_reg[2],FDRE,SLICE_X40Y228,SLICEL.CFF,1'b0
u_dut/t_r_reg[300],FDSE,SLICE_X20Y239,SLICEM.AFF,1'b0
u_dut/t_r_reg[302],FDSE,SLICE_X22Y237,SLICEM.AFF,1'b0
u_dut/t_r_reg[303],FDSE,SLICE_X18Y238,SLICEM.B5FF,1'b0
u_dut/t_r_reg[304],FDSE,SLICE_X20Y239,SLICEM.BFF,1'b0
u_dut/t_r_reg[305],FDSE,SLICE_X22Y237,SLICEM.BFF,1'b0
u_dut/t_r_reg[306],FDSE,SLICE_X22Y237,SLICEM.CFF,1'b0
u_dut/t_r_reg[307],FDSE,SLICE_X22Y237,SLICEM.DFF,1'b0
u_dut/t_r_reg[308],FDSE,SLICE_X19Y236,SLICEL.DFF,1'b0
u_dut/t_r_reg[309],FDSE,SLICE_X11Y237,SLICEL.CFF,1'b0
u_dut/t_r_reg[30],FDSE,SLICE_X27Y234,SLICEL.AFF,1'b0
u_dut/t_r_reg[310],FDSE,SLICE_X23Y232,SLICEL.AFF,1'b0
u_dut/t_r_reg[311],FDSE,SLICE_X19Y235,SLICEL.AFF,1'b0
u_dut/t_r_reg[312],FDSE,SLICE_X23Y232,SLICEL.BFF,1'b0
u_dut/t_r_reg[313],FDSE,SLICE_X11Y237,SLICEL.AFF,1'b0
u_dut/t_r_reg[314],FDSE,SLICE_X23Y232,SLICEL.A5FF,1'b0
u_dut/t_r_reg[315],FDSE,SLICE_X23Y232,SLICEL.CFF,1'b0
u_dut/t_r_reg[316],FDSE,SLICE_X11Y237,SLICEL.A5FF,1'b0
u_dut/t_r_reg[318],FDSE,SLICE_X23Y232,SLICEL.DFF,1'b0
u_dut/t_r_reg[319],FDSE,SLICE_X19Y235,SLICEL.BFF,1'b0
u_dut/t_r_reg[31],FDSE,SLICE_X29Y235,SLICEL.CFF,1'b0
u_dut/t_r_reg[320],FDSE,SLICE_X19Y235,SLICEL.CFF,1'b0
u_dut/t_r_reg[321],FDSE,SLICE_X11Y237,SLICEL.BFF,1'b0
u_dut/t_r_reg[322],FDSE,SLICE_X23Y232,SLICEL.D5FF,1'b0
u_dut/t_r_reg[323],FDSE,SLICE_X19Y235,SLICEL.DFF,1'b0
u_dut/t_r_reg[324],FDSE,SLICE_X25Y233,SLICEL.C5FF,1'b0
u_dut/t_r_reg[328],FDSE,SLICE_X19Y236,SLICEL.CFF,1'b0
u_dut/t_r_reg[329],FDSE,SLICE_X25Y233,SLICEL.AFF,1'b0
u_dut/t_r_reg[32],FDSE,SLICE_X29Y235,SLICEL.A5FF,1'b0
u_dut/t_r_reg[330],FDSE,SLICE_X14Y237,SLICEM.BFF,1'b0
u_dut/t_r_reg[331],FDSE,SLICE_X25Y233,SLICEL.A5FF,1'b0
u_dut/t_r_reg[332],FDSE,SLICE_X14Y237,SLICEM.AFF,1'b0
u_dut/t_r_reg[333],FDSE,SLICE_X25Y233,SLICEL.BFF,1'b0
u_dut/t_r_reg[334],FDSE,SLICE_X25Y233,SLICEL.CFF,1'b0
u_dut/t_r_reg[335],FDSE,SLICE_X25Y233,SLICEL.B5FF,1'b0
u_dut/t_r_reg[336],FDSE,SLICE_X19Y236,SLICEL.C5FF,1'b0
u_dut/t_r_reg[338],FDSE,SLICE_X25Y233,SLICEL.DFF,1'b0
u_dut/t_r_reg[339],FDSE,SLICE_X19Y236,SLICEL.BFF,1'b0
u_dut/t_r_reg[33],FDSE,SLICE_X29Y235,SLICEL.AFF,1'b0
u_dut/t_r_reg[340],FDRE,SLICE_X15Y231,SLICEL.A5FF,1'b0
u_dut/t_r_reg[341],FDSE,SLICE_X22Y231,SLICEM.AFF,1'b0
u_dut/t_r_reg[342],FDSE,SLICE_X22Y231,SLICEM.BFF,1'b0
u_dut/t_r_reg[343],FDRE,SLICE_X12Y237,SLICEM.CFF,1'b0
u_dut/t_r_reg[345],FDRE,SLICE_X12Y237,SLICEM.AFF,1'b0
u_dut/t_r_reg[346],FDSE,SLICE_X22Y231,SLICEM.B5FF,1'b0
u_dut/t_r_reg[347],FDSE,SLICE_X22Y231,SLICEM.A5FF,1'b0
u_dut/t_r_reg[348],FDSE,SLICE_X20Y236,SLICEM.AFF,1'b0
u_dut/t_r_reg[349],FDSE,SLICE_X22Y231,SLICEM.CFF,1'b0
u_dut/t_r_reg[34],FDSE,SLICE_X27Y234,SLICEL.A5FF,1'b0
u_dut/t_r_reg[350],FDRE,SLICE_X12Y237,SLICEM.BFF,1'b0
u_dut/t_r_reg[351],FDSE,SLICE_X22Y231,SLICEM.C5FF,1'b0
u_dut/t_r_reg[352],FDSE,SLICE_X20Y236,SLICEM.BFF,1'b0
u_dut/t_r_reg[354],FDRE,SLICE_X12Y237,SLICEM.B5FF,1'b0
u_dut/t_r_reg[355],FDSE,SLICE_X20Y236,SLICEM.B5FF,1'b0
u_dut/t_r_reg[358],FDSE,SLICE_X24Y229,SLICEL.AFF,1'b0
u_dut/t_r_reg[359],FDSE,SLICE_X20Y238,SLICEM.BFF,1'b0
u_dut/t_r_reg[35],FDSE,SLICE_X37Y227,SLICEL.BFF,1'b0
u_dut/t_r_reg[364],FDSE,SLICE_X24Y229,SLICEL.BFF,1'b0
u_dut/t_r_reg[368],FDSE,SLICE_X24Y229,SLICEL.A5FF,1'b0
u_dut/t_r_reg[36],FDSE,SLICE_X37Y227,SLICEL.CFF,1'b0
u_dut/t_r_reg[373],FDSE,SLICE_X19Y227,SLICEL.CFF,1'b0
u_dut/t_r_reg[375],FDSE,SLICE_X15Y227,SLICEL.AFF,1'b0
u_dut/t_r_reg[377],FDSE,SLICE_X19Y227,SLICEL.AFF,1'b0
u_dut/t_r_reg[378],FDSE,SLICE_X15Y227,SLICEL.A5FF,1'b0
u_dut/t_r_reg[380],FDSE,SLICE_X19Y227,SLICEL.BFF,1'b0
u_dut/t_r_reg[387],FDRE,SLICE_X16Y235,SLICEM.DFF,1'b0
u_dut/t_r_reg[38],FDSE,SLICE_X27Y234,SLICEL.BFF,1'b0
u_dut/t_r_reg[396],FDSE,SLICE_X27Y226,SLICEL.AFF,1'b0
u_dut/t_r_reg[397],FDSE,SLICE_X21Y222,SLICEL.B5FF,1'b0
u_dut/t_r_reg[398],FDSE,SLICE_X21Y222,SLICEL.C5FF,1'b0
u_dut/t_r_reg[399],FDSE,SLICE_X27Y226,SLICEL.DFF,1'b0
u_dut/t_r_reg[39],FDSE,SLICE_X37Y227,SLICEL.C5FF,1'b0
u_dut/t_r_reg[400],FDSE,SLICE_X27Y226,SLICEL.A5FF,1'b0
u_dut/t_r_reg[402],FDSE,SLICE_X21Y222,SLICEL.DFF,1'b0
u_dut/t_r_reg[404],FDSE,SLICE_X21Y222,SLICEL.AFF,1'b0
u_dut/t_r_reg[405],FDSE,SLICE_X25Y227,SLICEL.BFF,1'b0
u_dut/t_r_reg[406],FDSE,SLICE_X25Y227,SLICEL.AFF,1'b0
u_dut/t_r_reg[407],FDSE,SLICE_X21Y222,SLICEL.BFF,1'b0
u_dut/t_r_reg[40],FDSE,SLICE_X29Y235,SLICEL.BFF,1'b0
u_dut/t_r_reg[410],FDSE,SLICE_X21Y222,SLICEL.D5FF,1'b0
u_dut/t_r_reg[411],FDRE,SLICE_X26Y222,SLICEL.DFF,1'b0
u_dut/t_r_reg[412],FDSE,SLICE_X21Y222,SLICEL.A5FF,1'b0
u_dut/t_r_reg[413],FDRE,SLICE_X22Y224,SLICEM.A5FF,1'b0
u_dut/t_r_reg[414],FDRE,SLICE_X25Y221,SLICEL.DFF,1'b0
u_dut/t_r_reg[417],FDRE,SLICE_X19Y220,SLICEL.DFF,1'b0
u_dut/t_r_reg[418],FDSE,SLICE_X19Y214,SLICEL.AFF,1'b0
u_dut/t_r_reg[419],FDRE,SLICE_X26Y227,SLICEL.AFF,1'b0
u_dut/t_r_reg[41],FDSE,SLICE_X25Y235,SLICEL.BFF,1'b0
u_dut/t_r_reg[420],FDSE,SLICE_X21Y222,SLICEL.CFF,1'b0
u_dut/t_r_reg[421],FDRE,SLICE_X27Y221,SLICEL.DFF,1'b0
u_dut/t_r_reg[422],FDSE,SLICE_X27Y226,SLICEL.BFF,1'b0
u_dut/t_r_reg[423],FDRE,SLICE_X19Y225,SLICEL.CFF,1'b0
u_dut/t_r_reg[425],FDSE,SLICE_X19Y214,SLICEL.BFF,1'b0
u_dut/t_r_reg[426],FDSE,SLICE_X27Y226,SLICEL.CFF,1'b0
u_dut/t_r_reg[427],FDSE,SLICE_X25Y227,SLICEL.A5FF,1'b0
u_dut/t_r_reg[429],FDRE,SLICE_X14Y223,SLICEM.DFF,1'b0
u_dut/t_r_reg[42],FDSE,SLICE_X23Y227,SLICEL.AFF,1'b0
u_dut/t_r_reg[430],FDSE,SLICE_X15Y222,SLICEL.BFF,1'b0
u_dut/t_r_reg[432],FDSE,SLICE_X15Y222,SLICEL.CFF,1'b0
u_dut/t_r_reg[433],FDSE,SLICE_X15Y224,SLICEL.AFF,1'b0
u_dut/t_r_reg[435],FDSE,SLICE_X15Y224,SLICEL.BFF,1'b0
u_dut/t_r_reg[436],FDRE,SLICE_X16Y222,SLICEM.CFF,1'b0
u_dut/t_r_reg[437],FDSE,SLICE_X15Y224,SLICEL.A5FF,1'b0
u_dut/t_r_reg[438],FDSE,SLICE_X15Y222,SLICEL.AFF,1'b0
u_dut/t_r_reg[43],FDSE,SLICE_X39Y228,SLICEL.BFF,1'b0
u_dut/t_r_reg[442],FDSE,SLICE_X17Y224,SLICEL.A5FF,1'b0
u_dut/t_r_reg[443],FDSE,SLICE_X17Y222,SLICEL.BFF,1'b0
u_dut/t_r_reg[444],FDRE,SLICE_X16Y224,SLICEM.DFF,1'b0
u_dut/t_r_reg[445],FDSE,SLICE_X17Y224,SLICEL.AFF,1'b0
u_dut/t_r_reg[446],FDSE,SLICE_X17Y222,SLICEL.AFF,1'b0
u_dut/t_r_reg[449],FDRE,SLICE_X18Y219,SLICEM.CFF,1'b0
u_dut/t_r_reg[44],FDSE,SLICE_X39Y228,SLICEL.CFF,1'b0
u_dut/t_r_reg[451],FDSE,SLICE_X19Y226,SLICEL.DFF,1'b0
u_dut/t_r_reg[453],FDSE,SLICE_X12Y225,SLICEM.BFF,1'b0
u_dut/t_r_reg[454],FDSE,SLICE_X19Y212,SLICEL.AFF,1'b0
u_dut/t_r_reg[455],FDSE,SLICE_X11Y211,SLICEL.AFF,1'b0
u_dut/t_r_reg[456],FDSE,SLICE_X11Y218,SLICEL.AFF,1'b0
u_dut/t_r_reg[457],FDSE,SLICE_X19Y226,SLICEL.AFF,1'b0
u_dut/t_r_reg[459],FDSE,SLICE_X19Y226,SLICEL.BFF,1'b0
u_dut/t_r_reg[45],FDSE,SLICE_X23Y227,SLICEL.BFF,1'b0
u_dut/t_r_reg[461],FDRE,SLICE_X11Y225,SLICEL.CFF,1'b0
u_dut/t_r_reg[462],FDSE,SLICE_X12Y225,SLICEM.AFF,1'b0
u_dut/t_r_reg[463],FDSE,SLICE_X19Y226,SLICEL.CFF,1'b0
u_dut/t_r_reg[464],FDSE,SLICE_X12Y225,SLICEM.CFF,1'b0
u_dut/t_r_reg[467],FDSE,SLICE_X13Y213,SLICEL.BFF,1'b0
u_dut/t_r_reg[468],FDSE,SLICE_X10Y227,SLICEM.BFF,1'b0
u_dut/t_r_reg[46],FDSE,SLICE_X23Y227,SLICEL.CFF,1'b0
u_dut/t_r_reg[470],FDSE,SLICE_X13Y221,SLICEL.BFF,1'b0
u_dut/t_r_reg[474],FDRE,SLICE_X16Y226,SLICEM.DFF,1'b0
u_dut/t_r_reg[475],FDRE,SLICE_X16Y218,SLICEM.DFF,1'b0
u_dut/t_r_reg[476],FDRE,SLICE_X14Y222,SLICEM.DFF,1'b0
u_dut/t_r_reg[477],FDSE,SLICE_X13Y213,SLICEL.A5FF,1'b0
u_dut/t_r_reg[478],FDSE,SLICE_X10Y227,SLICEM.CFF,1'b0
u_dut/t_r_reg[47],FDSE,SLICE_X39Y228,SLICEL.DFF,1'b0
u_dut/t_r_reg[482],FDSE,SLICE_X10Y212,SLICEM.AFF,1'b0
u_dut/t_r_reg[483],FDRE,SLICE_X11Y225,SLICEL.DFF,1'b0
u_dut/t_r_reg[484],FDSE,SLICE_X13Y213,SLICEL.AFF,1'b0
u_dut/t_r_reg[486],FDRE,SLICE_X15Y226,SLICEL.DFF,1'b0
u_dut/t_r_reg[487],FDRE,SLICE_X16Y222,SLICEM.DFF,1'b0
u_dut/t_r_reg[48],FDSE,SLICE_X23Y227,SLICEL.A5FF,1'b0
u_dut/t_r_reg[491],FDSE,SLICE_X13Y221,SLICEL.CFF,1'b0
u_dut/t_r_reg[493],FDSE,SLICE_X10Y214,SLICEM.AFF,1'b0
u_dut/t_r_reg[494],FDSE,SLICE_X13Y221,SLICEL.DFF,1'b0
u_dut/t_r_reg[496],FDSE,SLICE_X12Y213,SLICEM.BFF,1'b0
u_dut/t_r_reg[49],FDSE,SLICE_X23Y227,SLICEL.DFF,1'b0
u_dut/t_r_reg[4],FDSE,SLICE_X37Y229,SLICEL.A5FF,1'b0
u_dut/t_r_reg[502],FDSE,SLICE_X6Y224,SLICEM.AFF,1'b0
u_dut/t_r_reg[505],FDSE,SLICE_X8Y219,SLICEM.AFF,1'b0
u_dut/t_r_reg[507],FDSE,SLICE_X8Y219,SLICEM.BFF,1'b0
u_dut/t_r_reg[509],FDSE,SLICE_X15Y223,SLICEL.AFF,1'b0
u_dut/t_r_reg[50],FDSE,SLICE_X25Y235,SLICEL.AFF,1'b0
u_dut/t_r_reg[511],FDSE,SLICE_X15Y223,SLICEL.BFF,1'b0
u_dut/t_r_reg[512],FDSE,SLICE_X8Y219,SLICEM.CFF,1'b0
u_dut/t_r_reg[514],FDSE,SLICE_X15Y223,SLICEL.CFF,1'b0
u_dut/t_r_reg[515],FDRE,SLICE_X14Y220,SLICEM.CFF,1'b0
u_dut/t_r_reg[516],FDRE,SLICE_X14Y219,SLICEM.DFF,1'b0
u_dut/t_r_reg[519],FDRE,SLICE_X8Y222,SLICEM.DFF,1'b0
u_dut/t_r_reg[51],FDSE,SLICE_X23Y227,SLICEL.B5FF,1'b0
u_dut/t_r_reg[521],FDRE,SLICE_X8Y223,SLICEM.CFF,1'b0
u_dut/t_r_reg[526],FDSE,SLICE_X8Y219,SLICEM.DFF,1'b0
u_dut/t_r_reg[527],FDSE,SLICE_X15Y223,SLICEL.DFF,1'b0
u_dut/t_r_reg[532],FDSE,SLICE_X11Y212,SLICEL.BFF,1'b0
u_dut/t_r_reg[535],FDRE,SLICE_X15Y225,SLICEL.CFF,1'b0
u_dut/t_r_reg[536],FDSE,SLICE_X9Y213,SLICEL.CFF,1'b0
u_dut/t_r_reg[537],FDSE,SLICE_X9Y218,SLICEL.AFF,1'b0
u_dut/t_r_reg[538],FDSE,SLICE_X9Y213,SLICEL.AFF,1'b0
u_dut/t_r_reg[539],FDRE,SLICE_X10Y218,SLICEM.DFF,1'b0
u_dut/t_r_reg[53],FDSE,SLICE_X24Y237,SLICEL.DFF,1'b0
u_dut/t_r_reg[540],FDSE,SLICE_X9Y218,SLICEL.BFF,1'b0
u_dut/t_r_reg[541],FDSE,SLICE_X9Y213,SLICEL.A5FF,1'b0
u_dut/t_r_reg[542],FDSE,SLICE_X9Y213,SLICEL.BFF,1'b0
u_dut/t_r_reg[544],FDSE,SLICE_X9Y219,SLICEL.CFF,1'b0
u_dut/t_r_reg[545],FDSE,SLICE_X9Y219,SLICEL.AFF,1'b0
u_dut/t_r_reg[546],FDSE,SLICE_X9Y219,SLICEL.BFF,1'b0
u_dut/t_r_reg[547],FDSE,SLICE_X18Y212,SLICEM.AFF,1'b0
u_dut/t_r_reg[548],FDRE,SLICE_X14Y224,SLICEM.DFF,1'b0
u_dut/t_r_reg[549],FDRE,SLICE_X20Y220,SLICEM.DFF,1'b0
u_dut/t_r_reg[54],FDSE,SLICE_X24Y237,SLICEL.AFF,1'b0
u_dut/t_r_reg[551],FDRE,SLICE_X10Y211,SLICEM.AFF,1'b0
u_dut/t_r_reg[552],FDRE,SLICE_X12Y212,SLICEM.AFF,1'b0
u_dut/t_r_reg[553],FDSE,SLICE_X13Y212,SLICEL.BFF,1'b0
u_dut/t_r_reg[554],FDSE,SLICE_X14Y212,SLICEM.AFF,1'b0
u_dut/t_r_reg[555],FDSE,SLICE_X13Y212,SLICEL.AFF,1'b0
u_dut/t_r_reg[556],FDSE,SLICE_X14Y212,SLICEM.BFF,1'b0
u_dut/t_r_reg[558],FDSE,SLICE_X14Y212,SLICEM.CFF,1'b0
u_dut/t_r_reg[559],FDSE,SLICE_X12Y218,SLICEM.CFF,1'b0
u_dut/t_r_reg[55],FDSE,SLICE_X28Y237,SLICEL.AFF,1'b0
u_dut/t_r_reg[560],FDSE,SLICE_X13Y214,SLICEL.CFF,1'b0
u_dut/t_r_reg[561],FDSE,SLICE_X12Y218,SLICEM.AFF,1'b0
u_dut/t_r_reg[562],FDSE,SLICE_X13Y214,SLICEL.AFF,1'b0
u_dut/t_r_reg[563],FDSE,SLICE_X12Y218,SLICEM.BFF,1'b0
u_dut/t_r_reg[566],FDRE,SLICE_X21Y219,SLICEL.CFF,1'b0
u_dut/t_r_reg[567],FDRE,SLICE_X19Y225,SLICEL.DFF,1'b0
u_dut/t_r_reg[56],FDSE,SLICE_X24Y237,SLICEL.BFF,1'b0
u_dut/t_r_reg[575],FDRE,SLICE_X21Y219,SLICEL.C5FF,1'b0
u_dut/t_r_reg[578],FDRE,SLICE_X12Y212,SLICEM.CFF,1'b0
u_dut/t_r_reg[57],FDSE,SLICE_X27Y237,SLICEL.AFF,1'b0
u_dut/t_r_reg[580],FDRE,SLICE_X10Y211,SLICEM.A5FF,1'b0
u_dut/t_r_reg[581],FDRE,SLICE_X9Y222,SLICEL.A5FF,1'b0
u_dut/t_r_reg[582],FDSE,SLICE_X13Y222,SLICEL.AFF,1'b0
u_dut/t_r_reg[583],FDSE,SLICE_X19Y222,SLICEL.AFF,1'b0
u_dut/t_r_reg[584],FDSE,SLICE_X23Y222,SLICEL.AFF,1'b0
u_dut/t_r_reg[585],FDSE,SLICE_X23Y222,SLICEL.BFF,1'b0
u_dut/t_r_reg[586],FDSE,SLICE_X13Y222,SLICEL.BFF,1'b0
u_dut/t_r_reg[587],FDSE,SLICE_X13Y222,SLICEL.CFF,1'b0
u_dut/t_r_reg[588],FDSE,SLICE_X17Y219,SLICEL.AFF,1'b0
u_dut/t_r_reg[589],FDSE,SLICE_X23Y222,SLICEL.B5FF,1'b0
u_dut/t_r_reg[58],FDSE,SLICE_X28Y237,SLICEL.BFF,1'b0
u_dut/t_r_reg[590],FDSE,SLICE_X19Y222,SLICEL.BFF,1'b0
u_dut/t_r_reg[591],FDSE,SLICE_X19Y222,SLICEL.CFF,1'b0
u_dut/t_r_reg[592],FDSE,SLICE_X17Y219,SLICEL.BFF,1'b0
u_dut/t_r_reg[593],FDSE,SLICE_X13Y222,SLICEL.DFF,1'b0
u_dut/t_r_reg[594],FDSE,SLICE_X19Y222,SLICEL.DFF,1'b0
u_dut/t_r_reg[595],FDSE,SLICE_X23Y222,SLICEL.CFF,1'b0
u_dut/t_r_reg[596],FDSE,SLICE_X23Y222,SLICEL.DFF,1'b0
u_dut/t_r_reg[597],FDRE,SLICE_X13Y219,SLICEL.A5FF,1'b0
u_dut/t_r_reg[598],FDSE,SLICE_X19Y222,SLICEL.C5FF,1'b0
u_dut/t_r_reg[599],FDSE,SLICE_X23Y222,SLICEL.A5FF,1'b0
u_dut/t_r_reg[59],FDSE,SLICE_X27Y237,SLICEL.BFF,1'b0
u_dut/t_r_reg[5],FDRE,SLICE_X35Y235,SLICEL.DFF,1'b0
u_dut/t_r_reg[600],FDSE,SLICE_X19Y222,SLICEL.D5FF,1'b0
u_dut/t_r_reg[601],FDSE,SLICE_X23Y222,SLICEL.C5FF,1'b0
u_dut/t_r_reg[602],FDSE,SLICE_X19Y222,SLICEL.A5FF,1'b0
u_dut/t_r_reg[603],FDSE,SLICE_X17Y219,SLICEL.CFF,1'b0
u_dut/t_r_reg[604],FDSE,SLICE_X16Y220,SLICEM.AFF,1'b0
u_dut/t_r_reg[605],FDSE,SLICE_X13Y220,SLICEL.DFF,1'b0
u_dut/t_r_reg[606],FDSE,SLICE_X16Y220,SLICEM.BFF,1'b0
u_dut/t_r_reg[607],FDSE,SLICE_X16Y220,SLICEM.B5FF,1'b0
u_dut/t_r_reg[608],FDSE,SLICE_X13Y220,SLICEL.AFF,1'b0
u_dut/t_r_reg[609],FDSE,SLICE_X16Y220,SLICEM.CFF,1'b0
u_dut/t_r_reg[60],FDSE,SLICE_X28Y237,SLICEL.CFF,1'b0
u_dut/t_r_reg[610],FDSE,SLICE_X13Y220,SLICEL.BFF,1'b0
u_dut/t_r_reg[611],FDSE,SLICE_X13Y220,SLICEL.CFF,1'b0
u_dut/t_r_reg[612],FDSE,SLICE_X7Y222,SLICEL.A5FF,1'b0
u_dut/t_r_reg[613],FDSE,SLICE_X9Y217,SLICEL.AFF,1'b0
u_dut/t_r_reg[614],FDSE,SLICE_X9Y217,SLICEL.A5FF,1'b0
u_dut/t_r_reg[615],FDSE,SLICE_X9Y217,SLICEL.DFF,1'b0
u_dut/t_r_reg[616],FDRE,SLICE_X4Y219,SLICEL.AFF,1'b0
u_dut/t_r_reg[617],FDSE,SLICE_X9Y217,SLICEL.BFF,1'b0
u_dut/t_r_reg[618],FDSE,SLICE_X9Y217,SLICEL.CFF,1'b0
u_dut/t_r_reg[619],FDSE,SLICE_X9Y212,SLICEL.AFF,1'b0
u_dut/t_r_reg[61],FDSE,SLICE_X24Y237,SLICEL.B5FF,1'b0
u_dut/t_r_reg[620],FDSE,SLICE_X7Y222,SLICEL.DFF,1'b0
u_dut/t_r_reg[621],FDSE,SLICE_X13Y224,SLICEL.AFF,1'b0
u_dut/t_r_reg[622],FDSE,SLICE_X13Y224,SLICEL.BFF,1'b0
u_dut/t_r_reg[623],FDSE,SLICE_X13Y224,SLICEL.CFF,1'b0
u_dut/t_r_reg[624],FDSE,SLICE_X13Y224,SLICEL.A5FF,1'b0
u_dut/t_r_reg[625],FDSE,SLICE_X7Y222,SLICEL.AFF,1'b0
u_dut/t_r_reg[626],FDSE,SLICE_X4Y224,SLICEL.AFF,1'b0
u_dut/t_r_reg[627],FDSE,SLICE_X9Y224,SLICEL.AFF,1'b0
u_dut/t_r_reg[628],FDSE,SLICE_X9Y224,SLICEL.BFF,1'b0
u_dut/t_r_reg[629],FDSE,SLICE_X9Y224,SLICEL.CFF,1'b0
u_dut/t_r_reg[62],FDSE,SLICE_X24Y237,SLICEL.CFF,1'b0
u_dut/t_r_reg[630],FDSE,SLICE_X9Y224,SLICEL.A5FF,1'b0
u_dut/t_r_reg[631],FDSE,SLICE_X13Y224,SLICEL.DFF,1'b0
u_dut/t_r_reg[632],FDSE,SLICE_X4Y224,SLICEL.BFF,1'b0
u_dut/t_r_reg[633],FDSE,SLICE_X17Y217,SLICEL.AFF,1'b0
u_dut/t_r_reg[634],FDSE,SLICE_X7Y222,SLICEL.BFF,1'b0
u_dut/t_r_reg[635],FDSE,SLICE_X13Y224,SLICEL.D5FF,1'b0
u_dut/t_r_reg[636],FDSE,SLICE_X4Y224,SLICEL.CFF,1'b0
u_dut/t_r_reg[637],FDSE,SLICE_X17Y217,SLICEL.BFF,1'b0
u_dut/t_r_reg[638],FDSE,SLICE_X7Y222,SLICEL.CFF,1'b0
u_dut/t_r_reg[639],FDRE,SLICE_X6Y225,SLICEM.A5FF,1'b0
u_dut/t_r_reg[63],FDSE,SLICE_X28Y237,SLICEL.DFF,1'b0
u_dut/t_r_reg[640],FDSE,SLICE_X8Y220,SLICEM.DFF,1'b0
u_dut/t_r_reg[641],FDSE,SLICE_X10Y226,SLICEM.AFF,1'b0
u_dut/t_r_reg[642],FDSE,SLICE_X10Y224,SLICEM.AFF,1'b0
u_dut/t_r_reg[643],FDSE,SLICE_X10Y224,SLICEM.BFF,1'b0
u_dut/t_r_reg[644],FDSE,SLICE_X8Y220,SLICEM.AFF,1'b0
u_dut/t_r_reg[645],FDSE,SLICE_X10Y226,SLICEM.BFF,1'b0
u_dut/t_r_reg[646],FDSE,SLICE_X8Y220,SLICEM.BFF,1'b0
u_dut/t_r_reg[647],FDSE,SLICE_X10Y224,SLICEM.CFF,1'b0
u_dut/t_r_reg[648],FDSE,SLICE_X8Y220,SLICEM.CFF,1'b0
u_dut/t_r_reg[649],FDSE,SLICE_X7Y224,SLICEL.AFF,1'b0
u_dut/t_r_reg[64],FDSE,SLICE_X27Y237,SLICEL.CFF,1'b0
u_dut/t_r_reg[650],FDSE,SLICE_X10Y224,SLICEM.B5FF,1'b0
u_dut/t_r_reg[651],FDSE,SLICE_X10Y226,SLICEM.B5FF,1'b0
u_dut/t_r_reg[652],FDSE,SLICE_X10Y224,SLICEM.C5FF,1'b0
u_dut/t_r_reg[653],FDRE,SLICE_X9Y223,SLICEL.CFF,1'b0
u_dut/t_r_reg[654],FDRE,SLICE_X9Y223,SLICEL.A5FF,1'b0
u_dut/t_r_reg[655],FDSE,SLICE_X7Y224,SLICEL.A5FF,1'b0
u_dut/t_r_reg[656],FDSE,SLICE_X7Y224,SLICEL.BFF,1'b0
u_dut/t_r_reg[657],FDSE,SLICE_X10Y226,SLICEM.CFF,1'b0
u_dut/t_r_reg[658],FDSE,SLICE_X7Y224,SLICEL.CFF,1'b0
u_dut/t_r_reg[659],FDSE,SLICE_X10Y226,SLICEM.A5FF,1'b0
u_dut/t_r_reg[65],FDSE,SLICE_X27Y237,SLICEL.DFF,1'b0
u_dut/t_r_reg[660],FDSE,SLICE_X7Y224,SLICEL.DFF,1'b0
u_dut/t_r_reg[661],FDSE,SLICE_X7Y224,SLICEL.C5FF,1'b0
u_dut/t_r_reg[662],FDSE,SLICE_X10Y226,SLICEM.DFF,1'b0
u_dut/t_r_reg[663],FDSE,SLICE_X5Y226,SLICEL.B5FF,1'b0
u_dut/t_r_reg[664],FDSE,SLICE_X4Y226,SLICEL.CFF,1'b0
u_dut/t_r_reg[665],FDSE,SLICE_X5Y223,SLICEL.BFF,1'b0
u_dut/t_r_reg[666],FDSE,SLICE_X5Y223,SLICEL.CFF,1'b0
u_dut/t_r_reg[667],FDSE,SLICE_X5Y226,SLICEL.AFF,1'b0
u_dut/t_r_reg[668],FDSE,SLICE_X5Y226,SLICEL.BFF,1'b0
u_dut/t_r_reg[669],FDSE,SLICE_X4Y226,SLICEL.AFF,1'b0
u_dut/t_r_reg[66],FDSE,SLICE_X27Y236,SLICEL.B5FF,1'b0
u_dut/t_r_reg[670],FDSE,SLICE_X5Y226,SLICEL.CFF,1'b0
u_dut/t_r_reg[671],FDSE,SLICE_X5Y223,SLICEL.AFF,1'b0
u_dut/t_r_reg[672],FDSE,SLICE_X3Y221,SLICEL.AFF,1'b0
u_dut/t_r_reg[673],FDSE,SLICE_X4Y226,SLICEL.BFF,1'b0
u_dut/t_r_reg[674],FDSE,SLICE_X5Y226,SLICEL.DFF,1'b0
u_dut/t_r_reg[675],FDSE,SLICE_X5Y226,SLICEL.A5FF,1'b0
u_dut/t_r_reg[676],FDSE,SLICE_X4Y225,SLICEL.AFF,1'b0
u_dut/t_r_reg[677],FDSE,SLICE_X5Y223,SLICEL.DFF,1'b0
u_dut/t_r_reg[678],FDSE,SLICE_X4Y226,SLICEL.DFF,1'b0
u_dut/t_r_reg[679],FDRE,SLICE_X4Y223,SLICEL.AFF,1'b0
u_dut/t_r_reg[67],FDSE,SLICE_X27Y236,SLICEL.AFF,1'b0
u_dut/t_r_reg[680],FDRE,SLICE_X3Y223,SLICEL.AFF,1'b0
u_dut/t_r_reg[681],FDSE,SLICE_X3Y220,SLICEL.AFF,1'b0
u_dut/t_r_reg[682],FDRE,SLICE_X13Y216,SLICEL.DFF,1'b0
u_dut/t_r_reg[683],FDRE,SLICE_X17Y218,SLICEL.CFF,1'b0
u_dut/t_r_reg[684],FDRE,SLICE_X4Y223,SLICEL.BFF,1'b0
u_dut/t_r_reg[685],FDRE,SLICE_X18Y218,SLICEM.BFF,1'b0
u_dut/t_r_reg[686],FDRE,SLICE_X19Y216,SLICEL.DFF,1'b0
u_dut/t_r_reg[687],FDRE,SLICE_X8Y217,SLICEM.DFF,1'b0
u_dut/t_r_reg[688],FDSE,SLICE_X4Y220,SLICEL.BFF,1'b0
u_dut/t_r_reg[689],FDSE,SLICE_X4Y218,SLICEL.AFF,1'b0
u_dut/t_r_reg[690],FDRE,SLICE_X12Y221,SLICEM.CFF,1'b0
u_dut/t_r_reg[691],FDRE,SLICE_X18Y222,SLICEM.BFF,1'b0
u_dut/t_r_reg[692],FDRE,SLICE_X13Y217,SLICEL.CFF,1'b0
u_dut/t_r_reg[693],FDRE,SLICE_X19Y215,SLICEL.CFF,1'b0
u_dut/t_r_reg[694],FDSE,SLICE_X4Y220,SLICEL.AFF,1'b0
u_dut/t_r_reg[695],FDSE,SLICE_X4Y218,SLICEL.A5FF,1'b0
u_dut/t_r_reg[696],FDSE,SLICE_X4Y218,SLICEL.CFF,1'b0
u_dut/t_r_reg[697],FDRE,SLICE_X9Y223,SLICEL.DFF,1'b0
u_dut/t_r_reg[698],FDRE,SLICE_X5Y218,SLICEL.BFF,1'b0
u_dut/t_r_reg[699],FDRE,SLICE_X18Y218,SLICEM.CFF,1'b0
u_dut/t_r_reg[69],FDSE,SLICE_X25Y236,SLICEL.CFF,1'b0
u_dut/t_r_reg[6],FDRE,SLICE_X34Y229,SLICEL.DFF,1'b0
u_dut/t_r_reg[700],FDRE,SLICE_X4Y219,SLICEL.CFF,1'b0
u_dut/t_r_reg[701],FDRE,SLICE_X18Y217,SLICEM.DFF,1'b0
u_dut/t_r_reg[702],FDRE,SLICE_X7Y223,SLICEL.DFF,1'b0
u_dut/t_r_reg[703],FDRE,SLICE_X13Y217,SLICEL.DFF,1'b0
u_dut/t_r_reg[704],FDRE,SLICE_X19Y215,SLICEL.DFF,1'b0
u_dut/t_r_reg[705],FDRE,SLICE_X13Y223,SLICEL.DFF,1'b0
u_dut/t_r_reg[706],FDSE,SLICE_X5Y221,SLICEL.DFF,1'b0
u_dut/t_r_reg[707],FDSE,SLICE_X5Y221,SLICEL.CFF,1'b0
u_dut/t_r_reg[708],FDRE,SLICE_X13Y219,SLICEL.DFF,1'b0
u_dut/t_r_reg[709],FDRE,SLICE_X18Y219,SLICEM.DFF,1'b0
u_dut/t_r_reg[70],FDSE,SLICE_X23Y235,SLICEL.AFF,1'b0
u_dut/t_r_reg[710],FDRE,SLICE_X4Y219,SLICEL.DFF,1'b0
u_dut/t_r_reg[712],FDRE,SLICE_X12Y221,SLICEM.DFF,1'b0
u_dut/t_r_reg[714],FDRE,SLICE_X18Y222,SLICEM.CFF,1'b0
u_dut/t_r_reg[717],FDSE,SLICE_X18Y223,SLICEM.AFF,1'b0
u_dut/t_r_reg[718],FDSE,SLICE_X18Y223,SLICEM.BFF,1'b0
u_dut/t_r_reg[719],FDSE,SLICE_X18Y223,SLICEM.B5FF,1'b0
u_dut/t_r_reg[71],FDSE,SLICE_X23Y235,SLICEL.BFF,1'b0
u_dut/t_r_reg[720],FDRE,SLICE_X14Y221,SLICEM.A5FF,1'b0
u_dut/t_r_reg[721],FDRE,SLICE_X5Y218,SLICEL.CFF,1'b0
u_dut/t_r_reg[722],FDRE,SLICE_X5Y218,SLICEL.DFF,1'b0
u_dut/t_r_reg[723],FDRE,SLICE_X17Y218,SLICEL.DFF,1'b0
u_dut/t_r_reg[724],FDRE,SLICE_X18Y222,SLICEM.DFF,1'b0
u_dut/t_r_reg[725],FDRE,SLICE_X4Y221,SLICEL.AFF,1'b0
u_dut/t_r_reg[726],FDRE,SLICE_X18Y218,SLICEM.DFF,1'b0
u_dut/t_r_reg[72],FDSE,SLICE_X27Y236,SLICEL.A5FF,1'b0
u_dut/t_r_reg[739],FDSE,SLICE_X29Y226,SLICEL.AFF,1'b0
u_dut/t_r_reg[73],FDSE,SLICE_X25Y236,SLICEL.AFF,1'b0
u_dut/t_r_reg[740],FDSE,SLICE_X29Y226,SLICEL.BFF,1'b0
u_dut/t_r_reg[742],FDSE,SLICE_X27Y228,SLICEL.AFF,1'b0
u_dut/t_r_reg[743],FDSE,SLICE_X27Y228,SLICEL.BFF,1'b0
u_dut/t_r_reg[745],FDSE,SLICE_X27Y228,SLICEL.B5FF,1'b0
u_dut/t_r_reg[746],FDSE,SLICE_X29Y226,SLICEL.CFF,1'b0
u_dut/t_r_reg[74],FDSE,SLICE_X23Y235,SLICEL.CFF,1'b0
u_dut/t_r_reg[750],FDSE,SLICE_X27Y228,SLICEL.A5FF,1'b0
u_dut/t_r_reg[751],FDSE,SLICE_X29Y226,SLICEL.B5FF,1'b0
u_dut/t_r_reg[752],FDSE,SLICE_X29Y226,SLICEL.A5FF,1'b0
u_dut/t_r_reg[754],FDSE,SLICE_X18Y221,SLICEM.AFF,1'b0
u_dut/t_r_reg[755],FDSE,SLICE_X23Y220,SLICEL.AFF,1'b0
u_dut/t_r_reg[756],FDSE,SLICE_X23Y220,SLICEL.BFF,1'b0
u_dut/t_r_reg[757],FDSE,SLICE_X23Y220,SLICEL.CFF,1'b0
u_dut/t_r_reg[759],FDSE,SLICE_X23Y220,SLICEL.A5FF,1'b0
u_dut/t_r_reg[75],FDSE,SLICE_X27Y236,SLICEL.BFF,1'b0
u_dut/t_r_reg[761],FDRE,SLICE_X29Y223,SLICEL.DFF,1'b0
u_dut/t_r_reg[763],FDRE,SLICE_X29Y222,SLICEL.DFF,1'b0
u_dut/t_r_reg[766],FDSE,SLICE_X21Y223,SLICEL.BFF,1'b0
u_dut/t_r_reg[767],FDSE,SLICE_X23Y219,SLICEL.AFF,1'b0
u_dut/t_r_reg[769],FDRE,SLICE_X25Y220,SLICEL.DFF,1'b0
u_dut/t_r_reg[76],FDSE,SLICE_X23Y235,SLICEL.DFF,1'b0
u_dut/t_r_reg[770],FDSE,SLICE_X23Y219,SLICEL.A5FF,1'b0
u_dut/t_r_reg[773],FDRE,SLICE_X21Y224,SLICEL.DFF,1'b0
u_dut/t_r_reg[774],FDSE,SLICE_X23Y219,SLICEL.CFF,1'b0
u_dut/t_r_reg[775],FDRE,SLICE_X26Y223,SLICEL.DFF,1'b0
u_dut/t_r_reg[776],FDRE,SLICE_X26Y224,SLICEL.DFF,1'b0
u_dut/t_r_reg[778],FDRE,SLICE_X26Y227,SLICEL.BFF,1'b0
u_dut/t_r_reg[77],FDSE,SLICE_X27Y236,SLICEL.CFF,1'b0
u_dut/t_r_reg[780],FDSE,SLICE_X23Y219,SLICEL.DFF,1'b0
u_dut/t_r_reg[783],FDSE,SLICE_X23Y219,SLICEL.BFF,1'b0
u_dut/t_r_reg[784],FDSE,SLICE_X28Y228,SLICEL.CFF,1'b0
u_dut/t_r_reg[786],FDSE,SLICE_X29Y219,SLICEL.AFF,1'b0
u_dut/t_r_reg[787],FDSE,SLICE_X28Y228,SLICEL.AFF,1'b0
u_dut/t_r_reg[788],FDRE,SLICE_X20Y221,SLICEM.CFF,1'b0
u_dut/t_r_reg[78],FDSE,SLICE_X25Y236,SLICEL.BFF,1'b0
u_dut/t_r_reg[792],FDSE,SLICE_X25Y228,SLICEL.AFF,1'b0
u_dut/t_r_reg[793],FDSE,SLICE_X25Y228,SLICEL.DFF,1'b0
u_dut/t_r_reg[794],FDSE,SLICE_X21Y213,SLICEL.AFF,1'b0
u_dut/t_r_reg[795],FDSE,SLICE_X25Y228,SLICEL.BFF,1'b0
u_dut/t_r_reg[796],FDSE,SLICE_X25Y228,SLICEL.CFF,1'b0
u_dut/t_r_reg[797],FDSE,SLICE_X28Y228,SLICEL.A5FF,1'b0
u_dut/t_r_reg[799],FDSE,SLICE_X18Y224,SLICEM.AFF,1'b0
u_dut/t_r_reg[79],FDSE,SLICE_X23Y235,SLICEL.C5FF,1'b0
u_dut/t_r_reg[7],FDRE,SLICE_X25Y214,SLICEL.DFF,1'b0
u_dut/t_r_reg[800],FDSE,SLICE_X22Y223,SLICEM.BFF,1'b0
u_dut/t_r_reg[802],FDSE,SLICE_X22Y223,SLICEM.B5FF,1'b0
u_dut/t_r_reg[803],FDSE,SLICE_X22Y223,SLICEM.CFF,1'b0
u_dut/t_r_reg[805],FDSE,SLICE_X29Y219,SLICEL.BFF,1'b0
u_dut/t_r_reg[809],FDSE,SLICE_X28Y228,SLICEL.BFF,1'b0
u_dut/t_r_reg[80],FDSE,SLICE_X25Y237,SLICEL.A5FF,1'b0
u_dut/t_r_reg[811],FDSE,SLICE_X31Y228,SLICEL.AFF,1'b0
u_dut/t_r_reg[812],FDSE,SLICE_X31Y228,SLICEL.BFF,1'b0
u_dut/t_r_reg[813],FDRE,SLICE_X28Y226,SLICEL.DFF,1'b0
u_dut/t_r_reg[815],FDSE,SLICE_X28Y227,SLICEL.DFF,1'b0
u_dut/t_r_reg[816],FDSE,SLICE_X21Y223,SLICEL.AFF,1'b0
u_dut/t_r_reg[817],FDSE,SLICE_X28Y227,SLICEL.AFF,1'b0
u_dut/t_r_reg[81],FDSE,SLICE_X31Y234,SLICEL.DFF,1'b0
u_dut/t_r_reg[825],FDRE,SLICE_X29Y225,SLICEL.DFF,1'b0
u_dut/t_r_reg[829],FDSE,SLICE_X31Y226,SLICEL.CFF,1'b0
u_dut/t_r_reg[82],FDSE,SLICE_X25Y231,SLICEL.AFF,1'b0
u_dut/t_r_reg[830],FDSE,SLICE_X30Y227,SLICEL.AFF,1'b0
u_dut/t_r_reg[831],FDSE,SLICE_X31Y226,SLICEL.AFF,1'b0
u_dut/t_r_reg[832],FDSE,SLICE_X31Y226,SLICEL.BFF,1'b0
u_dut/t_r_reg[835],FDRE,SLICE_X27Y227,SLICEL.DFF,1'b0
u_dut/t_r_reg[836],FDSE,SLICE_X28Y227,SLICEL.A5FF,1'b0
u_dut/t_r_reg[837],FDSE,SLICE_X28Y227,SLICEL.BFF,1'b0
u_dut/t_r_reg[83],FDSE,SLICE_X27Y235,SLICEL.AFF,1'b0
u_dut/t_r_reg[841],FDSE,SLICE_X29Y228,SLICEL.DFF,1'b0
u_dut/t_r_reg[842],FDSE,SLICE_X29Y228,SLICEL.AFF,1'b0
u_dut/t_r_reg[844],FDRE,SLICE_X26Y227,SLICEL.CFF,1'b0
u_dut/t_r_reg[847],FDRE,SLICE_X27Y229,SLICEL.A5FF,1'b0
u_dut/t_r_reg[84],FDSE,SLICE_X25Y231,SLICEL.BFF,1'b0
u_dut/t_r_reg[852],FDRE,SLICE_X23Y225,SLICEL.CFF,1'b0
u_dut/t_r_reg[853],FDRE,SLICE_X28Y224,SLICEL.DFF,1'b0
u_dut/t_r_reg[856],FDRE,SLICE_X20Y221,SLICEM.A5FF,1'b0
u_dut/t_r_reg[857],FDRE,SLICE_X26Y228,SLICEL.BFF,1'b0
u_dut/t_r_reg[858],FDSE,SLICE_X25Y225,SLICEL.AFF,1'b0
u_dut/t_r_reg[859],FDSE,SLICE_X29Y228,SLICEL.A5FF,1'b0
u_dut/t_r_reg[85],FDSE,SLICE_X27Y235,SLICEL.BFF,1'b0
u_dut/t_r_reg[860],FDSE,SLICE_X25Y225,SLICEL.BFF,1'b0
u_dut/t_r_reg[861],FDSE,SLICE_X25Y225,SLICEL.B5FF,1'b0
u_dut/t_r_reg[862],FDSE,SLICE_X29Y228,SLICEL.CFF,1'b0
u_dut/t_r_reg[866],FDRE,SLICE_X26Y227,SLICEL.DFF,1'b0
u_dut/t_r_reg[868],FDRE,SLICE_X32Y227,SLICEL.DFF,1'b0
u_dut/t_r_reg[86],FDSE,SLICE_X23Y237,SLICEL.BFF,1'b0
u_dut/t_r_reg[872],FDRE,SLICE_X30Y228,SLICEL.DFF,1'b0
u_dut/t_r_reg[873],FDRE,SLICE_X26Y226,SLICEL.BFF,1'b0
u_dut/t_r_reg[877],FDRE,SLICE_X23Y225,SLICEL.DFF,1'b0
u_dut/t_r_reg[878],FDRE,SLICE_X26Y226,SLICEL.CFF,1'b0
u_dut/t_r_reg[879],FDRE,SLICE_X26Y226,SLICEL.DFF,1'b0
u_dut/t_r_reg[87],FDSE,SLICE_X31Y234,SLICEL.AFF,1'b0
u_dut/t_r_reg[881],FDRE,SLICE_X19Y221,SLICEL.CFF,1'b0
u_dut/t_r_reg[887],FDRE,SLICE_X18Y219,SLICEM.A5FF,1'b0
u_dut/t_r_reg[888],FDRE,SLICE_X29Y227,SLICEL.DFF,1'b0
u_dut/t_r_reg[88],FDSE,SLICE_X31Y234,SLICEL.CFF,1'b0
u_dut/t_r_reg[891],FDRE,SLICE_X26Y228,SLICEL.CFF,1'b0
u_dut/t_r_reg[892],FDRE,SLICE_X25Y226,SLICEL.DFF,1'b0
u_dut/t_r_reg[893],FDRE,SLICE_X26Y228,SLICEL.DFF,1'b0
u_dut/t_r_reg[89],FDSE,SLICE_X25Y231,SLICEL.A5FF,1'b0
u_dut/t_r_reg[90],FDSE,SLICE_X27Y235,SLICEL.CFF,1'b0
u_dut/t_r_reg[91],FDSE,SLICE_X23Y237,SLICEL.CFF,1'b0
u_dut/t_r_reg[921],FDRE,SLICE_X19Y221,SLICEL.DFF,1'b0
u_dut/t_r_reg[928],FDRE,SLICE_X11Y224,SLICEL.AFF,1'b0
u_dut/t_r_reg[92],FDSE,SLICE_X27Y235,SLICEL.DFF,1'b0
u_dut/t_r_reg[938],FDSE,SLICE_X5Y219,SLICEL.CFF,1'b0
u_dut/t_r_reg[93],FDSE,SLICE_X25Y231,SLICEL.CFF,1'b0
u_dut/t_r_reg[940],FDSE,SLICE_X4Y216,SLICEL.BFF,1'b0
u_dut/t_r_reg[941],FDSE,SLICE_X4Y216,SLICEL.CFF,1'b0
u_dut/t_r_reg[942],FDSE,SLICE_X4Y216,SLICEL.AFF,1'b0
u_dut/t_r_reg[943],FDSE,SLICE_X4Y216,SLICEL.DFF,1'b0
u_dut/t_r_reg[944],FDSE,SLICE_X4Y216,SLICEL.B5FF,1'b0
u_dut/t_r_reg[945],FDSE,SLICE_X4Y216,SLICEL.C5FF,1'b0
u_dut/t_r_reg[946],FDSE,SLICE_X4Y215,SLICEL.AFF,1'b0
u_dut/t_r_reg[947],FDSE,SLICE_X5Y219,SLICEL.AFF,1'b0
u_dut/t_r_reg[949],FDSE,SLICE_X5Y219,SLICEL.BFF,1'b0
u_dut/t_r_reg[94],FDSE,SLICE_X23Y237,SLICEL.DFF,1'b0
u_dut/t_r_reg[951],FDSE,SLICE_X5Y219,SLICEL.A5FF,1'b0
u_dut/t_r_reg[952],FDSE,SLICE_X5Y219,SLICEL.DFF,1'b0
u_dut/t_r_reg[953],FDSE,SLICE_X5Y219,SLICEL.B5FF,1'b0
u_dut/t_r_reg[954],FDSE,SLICE_X11Y223,SLICEL.AFF,1'b0
u_dut/t_r_reg[957],FDRE,SLICE_X3Y216,SLICEL.DFF,1'b0
u_dut/t_r_reg[958],FDRE,SLICE_X11Y224,SLICEL.BFF,1'b0
u_dut/t_r_reg[95],FDSE,SLICE_X28Y235,SLICEL.CFF,1'b0
u_dut/t_r_reg[960],FDRE,SLICE_X11Y224,SLICEL.CFF,1'b0
u_dut/t_r_reg[961],FDSE,SLICE_X11Y223,SLICEL.DFF,1'b0
u_dut/t_r_reg[962],FDSE,SLICE_X11Y223,SLICEL.C5FF,1'b0
u_dut/t_r_reg[963],FDRE,SLICE_X6Y222,SLICEM.BFF,1'b0
u_dut/t_r_reg[964],FDSE,SLICE_X11Y223,SLICEL.BFF,1'b0
u_dut/t_r_reg[965],FDSE,SLICE_X4Y214,SLICEL.AFF,1'b0
u_dut/t_r_reg[967],FDRE,SLICE_X3Y219,SLICEL.AFF,1'b0
u_dut/t_r_reg[968],FDRE,SLICE_X9Y215,SLICEL.DFF,1'b0
u_dut/t_r_reg[96],FDSE,SLICE_X28Y235,SLICEL.DFF,1'b0
u_dut/t_r_reg[974],FDRE,SLICE_X6Y222,SLICEM.CFF,1'b0
u_dut/t_r_reg[975],FDRE,SLICE_X8Y216,SLICEM.DFF,1'b0
u_dut/t_r_reg[976],FDRE,SLICE_X3Y218,SLICEL.BFF,1'b0
u_dut/t_r_reg[977],FDSE,SLICE_X11Y223,SLICEL.D5FF,1'b0
u_dut/t_r_reg[982],FDSE,SLICE_X11Y223,SLICEL.B5FF,1'b0
u_dut/t_r_reg[983],FDSE,SLICE_X11Y223,SLICEL.CFF,1'b0
u_dut/t_r_reg[984],FDRE,SLICE_X3Y218,SLICEL.CFF,1'b0
u_dut/t_r_reg[987],FDRE,SLICE_X3Y219,SLICEL.BFF,1'b0
u_dut/t_r_reg[98],FDSE,SLICE_X28Y235,SLICEL.B5FF,1'b0
u_dut/t_r_reg[990],FDRE,SLICE_X8Y217,SLICEM.CFF,1'b0
u_dut/t_r_reg[992],FDRE,SLICE_X3Y215,SLICEL.CFF,1'b0
u_dut/t_r_reg[993],FDRE,SLICE_X3Y214,SLICEL.CFF,1'b0
u_dut/t_r_reg[994],FDRE,SLICE_X4Y222,SLICEL.CFF,1'b0
u_dut/t_r_reg[995],FDRE,SLICE_X3Y214,SLICEL.DFF,1'b0
u_dut/t_r_reg[996],FDRE,SLICE_X3Y218,SLICEL.DFF,1'b0
u_dut/t_r_reg[997],FDSE,SLICE_X1Y216,SLICEL.BFF,1'b0
u_dut/t_r_reg[999],FDRE,SLICE_X11Y224,SLICEL.DFF,1'b0
u_dut/t_r_reg[99],FDSE,SLICE_X30Y235,SLICEL.DFF,1'b0
u_dut/x_r_reg[0],FDRE,SLICE_X25Y204,SLICEL.AFF,1'b0
u_dut/x_r_reg[100],FDRE,SLICE_X9Y202,SLICEL.AFF,1'b0
u_dut/x_r_reg[101],FDRE,SLICE_X9Y202,SLICEL.BFF,1'b0
u_dut/x_r_reg[102],FDRE,SLICE_X9Y204,SLICEL.AFF,1'b0
u_dut/x_r_reg[103],FDRE,SLICE_X9Y204,SLICEL.BFF,1'b0
u_dut/x_r_reg[104],FDRE,SLICE_X8Y212,SLICEM.A5FF,1'b0
u_dut/x_r_reg[105],FDRE,SLICE_X9Y202,SLICEL.CFF,1'b0
u_dut/x_r_reg[106],FDRE,SLICE_X8Y212,SLICEM.B5FF,1'b0
u_dut/x_r_reg[107],FDRE,SLICE_X8Y202,SLICEM.AFF,1'b0
u_dut/x_r_reg[108],FDRE,SLICE_X8Y212,SLICEM.DFF,1'b0
u_dut/x_r_reg[109],FDRE,SLICE_X26Y201,SLICEL.AFF,1'b0
u_dut/x_r_reg[10],FDRE,SLICE_X24Y201,SLICEL.AFF,1'b0
u_dut/x_r_reg[110],FDRE,SLICE_X41Y201,SLICEL.AFF,1'b0
u_dut/x_r_reg[111],FDRE,SLICE_X41Y203,SLICEL.AFF,1'b0
u_dut/x_r_reg[112],FDRE,SLICE_X40Y205,SLICEL.AFF,1'b0
u_dut/x_r_reg[113],FDRE,SLICE_X41Y205,SLICEL.AFF,1'b0
u_dut/x_r_reg[114],FDRE,SLICE_X41Y201,SLICEL.BFF,1'b0
u_dut/x_r_reg[115],FDRE,SLICE_X41Y205,SLICEL.BFF,1'b0
u_dut/x_r_reg[116],FDRE,SLICE_X41Y205,SLICEL.CFF,1'b0
u_dut/x_r_reg[117],FDRE,SLICE_X41Y201,SLICEL.CFF,1'b0
u_dut/x_r_reg[118],FDRE,SLICE_X24Y201,SLICEL.BFF,1'b0
u_dut/x_r_reg[119],FDRE,SLICE_X24Y201,SLICEL.CFF,1'b0
u_dut/x_r_reg[11],FDRE,SLICE_X24Y201,SLICEL.DFF,1'b0
u_dut/x_r_reg[120],FDRE,SLICE_X25Y203,SLICEL.AFF,1'b0
u_dut/x_r_reg[121],FDRE,SLICE_X25Y206,SLICEL.AFF,1'b0
u_dut/x_r_reg[122],FDRE,SLICE_X24Y201,SLICEL.A5FF,1'b0
u_dut/x_r_reg[123],FDRE,SLICE_X25Y206,SLICEL.BFF,1'b0
u_dut/x_r_reg[124],FDRE,SLICE_X25Y204,SLICEL.BFF,1'b0
u_dut/x_r_reg[125],FDRE,SLICE_X23Y210,SLICEL.AFF,1'b0
u_dut/x_r_reg[126],FDRE,SLICE_X25Y203,SLICEL.BFF,1'b0
u_dut/x_r_reg[127],FDRE,SLICE_X14Y200,SLICEM.AFF,1'b0
u_dut/x_r_reg[128],FDRE,SLICE_X9Y201,SLICEL.AFF,1'b0
u_dut/x_r_reg[129],FDRE,SLICE_X9Y205,SLICEL.AFF,1'b0
u_dut/x_r_reg[12],FDRE,SLICE_X25Y204,SLICEL.CFF,1'b0
u_dut/x_r_reg[130],FDRE,SLICE_X13Y206,SLICEL.AFF,1'b0
u_dut/x_r_reg[131],FDRE,SLICE_X13Y203,SLICEL.AFF,1'b0
u_dut/x_r_reg[132],FDRE,SLICE_X13Y206,SLICEL.BFF,1'b0
u_dut/x_r_reg[133],FDRE,SLICE_X8Y206,SLICEM.AFF,1'b0
u_dut/x_r_reg[134],FDRE,SLICE_X13Y206,SLICEL.CFF,1'b0
u_dut/x_r_reg[135],FDRE,SLICE_X13Y203,SLICEL.BFF,1'b0
u_dut/x_r_reg[136],FDRE,SLICE_X12Y206,SLICEM.AFF,1'b0
u_dut/x_r_reg[137],FDRE,SLICE_X12Y206,SLICEM.BFF,1'b0
u_dut/x_r_reg[138],FDRE,SLICE_X13Y203,SLICEL.CFF,1'b0
u_dut/x_r_reg[139],FDRE,SLICE_X12Y206,SLICEM.CFF,1'b0
u_dut/x_r_reg[13],FDRE,SLICE_X24Y201,SLICEL.B5FF,1'b0
u_dut/x_r_reg[140],FDRE,SLICE_X9Y204,SLICEL.CFF,1'b0
u_dut/x_r_reg[141],FDRE,SLICE_X9Y207,SLICEL.AFF,1'b0
u_dut/x_r_reg[142],FDRE,SLICE_X9Y207,SLICEL.BFF,1'b0
u_dut/x_r_reg[143],FDRE,SLICE_X9Y207,SLICEL.CFF,1'b0
u_dut/x_r_reg[144],FDRE,SLICE_X9Y204,SLICEL.DFF,1'b0
u_dut/x_r_reg[145],FDRE,SLICE_X9Y201,SLICEL.BFF,1'b0
u_dut/x_r_reg[146],FDRE,SLICE_X9Y207,SLICEL.DFF,1'b0
u_dut/x_r_reg[147],FDRE,SLICE_X8Y207,SLICEM.AFF,1'b0
u_dut/x_r_reg[148],FDRE,SLICE_X8Y207,SLICEM.BFF,1'b0
u_dut/x_r_reg[149],FDRE,SLICE_X9Y201,SLICEL.CFF,1'b0
u_dut/x_r_reg[14],FDRE,SLICE_X25Y203,SLICEL.CFF,1'b0
u_dut/x_r_reg[150],FDRE,SLICE_X14Y200,SLICEM.BFF,1'b0
u_dut/x_r_reg[151],FDRE,SLICE_X13Y203,SLICEL.DFF,1'b0
u_dut/x_r_reg[152],FDRE,SLICE_X9Y205,SLICEL.BFF,1'b0
u_dut/x_r_reg[153],FDRE,SLICE_X12Y203,SLICEM.AFF,1'b0
u_dut/x_r_reg[154],FDRE,SLICE_X25Y201,SLICEL.AFF,1'b0
u_dut/x_r_reg[155],FDRE,SLICE_X24Y212,SLICEL.A5FF,1'b0
u_dut/x_r_reg[156],FDRE,SLICE_X25Y201,SLICEL.BFF,1'b0
u_dut/x_r_reg[157],FDRE,SLICE_X25Y201,SLICEL.CFF,1'b0
u_dut/x_r_reg[158],FDRE,SLICE_X25Y201,SLICEL.DFF,1'b0
u_dut/x_r_reg[159],FDRE,SLICE_X25Y201,SLICEL.A5FF,1'b0
u_dut/x_r_reg[15],FDRE,SLICE_X24Y201,SLICEL.C5FF,1'b0
u_dut/x_r_reg[16],FDRE,SLICE_X23Y210,SLICEL.BFF,1'b0
u_dut/x_r_reg[17],FDRE,SLICE_X25Y203,SLICEL.DFF,1'b0
u_dut/x_r_reg[18],FDRE,SLICE_X25Y204,SLICEL.DFF,1'b0
u_dut/x_r_reg[19],FDRE,SLICE_X25Y206,SLICEL.CFF,1'b0
u_dut/x_r_reg[1],FDRE,SLICE_X25Y206,SLICEL.DFF,1'b0
u_dut/x_r_reg[20],FDRE,SLICE_X24Y204,SLICEL.AFF,1'b0
u_dut/x_r_reg[21],FDRE,SLICE_X24Y203,SLICEL.AFF,1'b0
u_dut/x_r_reg[22],FDRE,SLICE_X24Y204,SLICEL.BFF,1'b0
u_dut/x_r_reg[23],FDRE,SLICE_X24Y206,SLICEL.AFF,1'b0
u_dut/x_r_reg[24],FDRE,SLICE_X24Y206,SLICEL.BFF,1'b0
u_dut/x_r_reg[25],FDRE,SLICE_X24Y203,SLICEL.BFF,1'b0
u_dut/x_r_reg[26],FDRE,SLICE_X21Y208,SLICEL.AFF,1'b0
u_dut/x_r_reg[27],FDRE,SLICE_X21Y208,SLICEL.BFF,1'b0
u_dut/x_r_reg[28],FDRE,SLICE_X21Y208,SLICEL.CFF,1'b0
u_dut/x_r_reg[29],FDRE,SLICE_X21Y208,SLICEL.DFF,1'b0
u_dut/x_r_reg[2],FDRE,SLICE_X23Y210,SLICEL.CFF,1'b0
u_dut/x_r_reg[30],FDRE,SLICE_X23Y205,SLICEL.AFF,1'b0
u_dut/x_r_reg[31],FDRE,SLICE_X23Y204,SLICEL.AFF,1'b0
u_dut/x_r_reg[32],FDRE,SLICE_X23Y205,SLICEL.BFF,1'b0
u_dut/x_r_reg[33],FDRE,SLICE_X23Y205,SLICEL.CFF,1'b0
u_dut/x_r_reg[34],FDRE,SLICE_X23Y204,SLICEL.BFF,1'b0
u_dut/x_r_reg[35],FDRE,SLICE_X19Y210,SLICEL.AFF,1'b0
u_dut/x_r_reg[36],FDRE,SLICE_X8Y202,SLICEM.BFF,1'b0
u_dut/x_r_reg[37],FDRE,SLICE_X9Y201,SLICEL.DFF,1'b0
u_dut/x_r_reg[38],FDRE,SLICE_X8Y204,SLICEM.AFF,1'b0
u_dut/x_r_reg[39],FDRE,SLICE_X9Y205,SLICEL.CFF,1'b0
u_dut/x_r_reg[3],FDRE,SLICE_X23Y210,SLICEL.DFF,1'b0
u_dut/x_r_reg[40],FDRE,SLICE_X9Y205,SLICEL.DFF,1'b0
u_dut/x_r_reg[41],FDRE,SLICE_X8Y202,SLICEM.CFF,1'b0
u_dut/x_r_reg[42],FDRE,SLICE_X8Y201,SLICEM.AFF,1'b0
u_dut/x_r_reg[43],FDRE,SLICE_X12Y206,SLICEM.DFF,1'b0
u_dut/x_r_reg[44],FDRE,SLICE_X8Y201,SLICEM.BFF,1'b0
u_dut/x_r_reg[45],FDRE,SLICE_X12Y203,SLICEM.BFF,1'b0
u_dut/x_r_reg[46],FDRE,SLICE_X8Y205,SLICEM.AFF,1'b0
u_dut/x_r_reg[47],FDRE,SLICE_X12Y203,SLICEM.CFF,1'b0
u_dut/x_r_reg[48],FDRE,SLICE_X8Y205,SLICEM.BFF,1'b0
u_dut/x_r_reg[49],FDRE,SLICE_X12Y203,SLICEM.DFF,1'b0
u_dut/x_r_reg[4],FDRE,SLICE_X24Y204,SLICEL.CFF,1'b0
u_dut/x_r_reg[50],FDRE,SLICE_X8Y205,SLICEM.CFF,1'b0
u_dut/x_r_reg[51],FDRE,SLICE_X8Y204,SLICEM.BFF,1'b0
u_dut/x_r_reg[52],FDRE,SLICE_X8Y204,SLICEM.CFF,1'b0
u_dut/x_r_reg[53],FDRE,SLICE_X8Y202,SLICEM.DFF,1'b0
u_dut/x_r_reg[54],FDRE,SLICE_X8Y205,SLICEM.DFF,1'b0
u_dut/x_r_reg[55],FDRE,SLICE_X8Y207,SLICEM.CFF,1'b0
u_dut/x_r_reg[56],FDRE,SLICE_X8Y201,SLICEM.CFF,1'b0
u_dut/x_r_reg[57],FDRE,SLICE_X8Y201,SLICEM.DFF,1'b0
u_dut/x_r_reg[58],FDRE,SLICE_X8Y207,SLICEM.DFF,1'b0
u_dut/x_r_reg[59],FDRE,SLICE_X8Y204,SLICEM.DFF,1'b0
u_dut/x_r_reg[5],FDRE,SLICE_X24Y206,SLICEL.CFF,1'b0
u_dut/x_r_reg[60],FDRE,SLICE_X21Y209,SLICEL.AFF,1'b0
u_dut/x_r_reg[61],FDRE,SLICE_X24Y209,SLICEL.A5FF,1'b0
u_dut/x_r_reg[62],FDRE,SLICE_X19Y210,SLICEL.BFF,1'b0
u_dut/x_r_reg[63],FDRE,SLICE_X24Y208,SLICEL.AFF,1'b0
u_dut/x_r_reg[64],FDRE,SLICE_X23Y209,SLICEL.AFF,1'b0
u_dut/x_r_reg[65],FDRE,SLICE_X26Y209,SLICEL.AFF,1'b0
u_dut/x_r_reg[66],FDRE,SLICE_X25Y208,SLICEL.AFF,1'b0
u_dut/x_r_reg[67],FDRE,SLICE_X27Y210,SLICEL.BFF,1'b0
u_dut/x_r_reg[68],FDRE,SLICE_X27Y209,SLICEL.A5FF,1'b0
u_dut/x_r_reg[69],FDRE,SLICE_X25Y212,SLICEL.A5FF,1'b0
u_dut/x_r_reg[6],FDRE,SLICE_X23Y204,SLICEL.CFF,1'b0
u_dut/x_r_reg[70],FDRE,SLICE_X41Y203,SLICEL.BFF,1'b0
u_dut/x_r_reg[71],FDRE,SLICE_X41Y205,SLICEL.DFF,1'b0
u_dut/x_r_reg[72],FDRE,SLICE_X41Y203,SLICEL.CFF,1'b0
u_dut/x_r_reg[73],FDRE,SLICE_X40Y205,SLICEL.BFF,1'b0
u_dut/x_r_reg[74],FDRE,SLICE_X41Y203,SLICEL.DFF,1'b0
u_dut/x_r_reg[75],FDRE,SLICE_X40Y205,SLICEL.CFF,1'b0
u_dut/x_r_reg[76],FDRE,SLICE_X23Y206,SLICEL.AFF,1'b0
u_dut/x_r_reg[77],FDRE,SLICE_X24Y203,SLICEL.CFF,1'b0
u_dut/x_r_reg[78],FDRE,SLICE_X23Y210,SLICEL.A5FF,1'b0
u_dut/x_r_reg[79],FDRE,SLICE_X24Y206,SLICEL.DFF,1'b0
u_dut/x_r_reg[7],FDRE,SLICE_X24Y204,SLICEL.DFF,1'b0
u_dut/x_r_reg[80],FDRE,SLICE_X21Y209,SLICEL.B5FF,1'b0
u_dut/x_r_reg[81],FDRE,SLICE_X24Y209,SLICEL.BFF,1'b0
u_dut/x_r_reg[82],FDRE,SLICE_X19Y210,SLICEL.CFF,1'b0
u_dut/x_r_reg[83],FDRE,SLICE_X24Y208,SLICEL.BFF,1'b0
u_dut/x_r_reg[84],FDRE,SLICE_X23Y209,SLICEL.BFF,1'b0
u_dut/x_r_reg[85],FDRE,SLICE_X27Y209,SLICEL.BFF,1'b0
u_dut/x_r_reg[86],FDRE,SLICE_X25Y208,SLICEL.BFF,1'b0
u_dut/x_r_reg[87],FDRE,SLICE_X27Y210,SLICEL.CFF,1'b0
u_dut/x_r_reg[88],FDRE,SLICE_X27Y209,SLICEL.CFF,1'b0
u_dut/x_r_reg[89],FDRE,SLICE_X25Y212,SLICEL.B5FF,1'b0
u_dut/x_r_reg[8],FDRE,SLICE_X24Y203,SLICEL.DFF,1'b0
u_dut/x_r_reg[90],FDRE,SLICE_X26Y201,SLICEL.BFF,1'b0
u_dut/x_r_reg[91],FDRE,SLICE_X40Y201,SLICEL.AFF,1'b0
u_dut/x_r_reg[92],FDRE,SLICE_X40Y203,SLICEL.AFF,1'b0
u_dut/x_r_reg[93],FDRE,SLICE_X40Y201,SLICEL.BFF,1'b0
u_dut/x_r_reg[94],FDRE,SLICE_X40Y203,SLICEL.BFF,1'b0
u_dut/x_r_reg[95],FDRE,SLICE_X40Y205,SLICEL.DFF,1'b0
u_dut/x_r_reg[96],FDRE,SLICE_X40Y203,SLICEL.CFF,1'b0
u_dut/x_r_reg[97],FDRE,SLICE_X40Y203,SLICEL.DFF,1'b0
u_dut/x_r_reg[98],FDRE,SLICE_X40Y201,SLICEL.CFF,1'b0
u_dut/x_r_reg[99],FDRE,SLICE_X40Y201,SLICEL.DFF,1'b0
u_dut/x_r_reg[9],FDRE,SLICE_X24Y201,SLICEL.D5FF,1'b0
u_dut/y[0]_i_1,LUT5,SLICE_X17Y238,SLICEL.C6LUT,32'h0A0A0F0C
u_dut/y[0]_i_10,LUT4,SLICE_X17Y240,SLICEL.B6LUT,16'h9009
u_dut/y[0]_i_11,LUT4,SLICE_X17Y240,SLICEL.A6LUT,16'h9009
u_dut/y[0]_i_12,LUT4,SLICE_X33Y237,SLICEL.D5LUT,16'h2F02
u_dut/y[0]_i_13,LUT4,SLICE_X33Y237,SLICEL.C5LUT,16'h2F02
u_dut/y[0]_i_14,LUT4,SLICE_X33Y237,SLICEL.B5LUT,16'h2F02
u_dut/y[0]_i_15,LUT4,SLICE_X33Y237,SLICEL.A5LUT,16'h2F02
u_dut/y[0]_i_16,LUT4,SLICE_X33Y237,SLICEL.D6LUT,16'h9009
u_dut/y[0]_i_17,LUT4,SLICE_X33Y237,SLICEL.C6LUT,16'h9009
u_dut/y[0]_i_18,LUT4,SLICE_X33Y237,SLICEL.B6LUT,16'h9009
u_dut/y[0]_i_19,LUT4,SLICE_X33Y237,SLICEL.A6LUT,16'h9009
u_dut/y[0]_i_4,LUT4,SLICE_X17Y240,SLICEL.D5LUT,16'h2F02
u_dut/y[0]_i_5,LUT4,SLICE_X17Y240,SLICEL.C5LUT,16'h2F02
u_dut/y[0]_i_6,LUT4,SLICE_X17Y240,SLICEL.B5LUT,16'h2F02
u_dut/y[0]_i_7,LUT4,SLICE_X17Y240,SLICEL.A5LUT,16'h2F02
u_dut/y[0]_i_8,LUT4,SLICE_X17Y240,SLICEL.D6LUT,16'h9009
u_dut/y[0]_i_9,LUT4,SLICE_X17Y240,SLICEL.C6LUT,16'h9009
u_dut/y[1]_i_1,LUT3,SLICE_X17Y238,SLICEL.C5LUT,8'h0E
u_dut/y[1]_i_10,LUT6,SLICE_X18Y240,SLICEM.B6LUT,64'hE21D00000000E21D
u_dut/y[1]_i_11,LUT6,SLICE_X18Y240,SLICEM.A6LUT,64'hE21D00000000E21D
u_dut/y[1]_i_12,LUT6,SLICE_X18Y239,SLICEM.B6LUT,64'h2F222FFF02000222
u_dut/y[1]_i_13,LUT6,SLICE_X19Y240,SLICEL.A6LUT,64'h2F222FFF02000222
u_dut/y[1]_i_14,LUT6,SLICE_X18Y239,SLICEM.C6LUT,64'h2F222FFF02000222
u_dut/y[1]_i_15,LUT6,SLICE_X19Y238,SLICEL.B6LUT,64'h2F222FFF02000222
u_dut/y[1]_i_16,LUT6,SLICE_X19Y239,SLICEL.D6LUT,64'hE21D00000000E21D
u_dut/y[1]_i_17,LUT6,SLICE_X19Y239,SLICEL.C6LUT,64'hE21D00000000E21D
u_dut/y[1]_i_18,LUT6,SLICE_X19Y239,SLICEL.B6LUT,64'hE21D00000000E21D
u_dut/y[1]_i_19,LUT6,SLICE_X19Y239,SLICEL.A6LUT,64'hE21D00000000E21D
u_dut/y[1]_i_4,LUT6,SLICE_X18Y239,SLICEM.D6LUT,64'h2F222FFF02000222
u_dut/y[1]_i_5,LUT6,SLICE_X19Y240,SLICEL.B6LUT,64'h2F222FFF02000222
u_dut/y[1]_i_6,LUT6,SLICE_X19Y240,SLICEL.C6LUT,64'h2F222FFF02000222
u_dut/y[1]_i_7,LUT6,SLICE_X19Y240,SLICEL.D6LUT,64'h2F222FFF02000222
u_dut/y[1]_i_8,LUT6,SLICE_X18Y240,SLICEM.D6LUT,64'hE21D00000000E21D
u_dut/y[1]_i_9,LUT6,SLICE_X18Y240,SLICEM.C6LUT,64'hE21D00000000E21D
u_dut/y[2]_i_10,LUT6,SLICE_X16Y240,SLICEM.A6LUT,64'hF0F0E2E2FF00E2E2
u_dut/y[2]_i_11,LUT6,SLICE_X17Y239,SLICEL.C6LUT,64'hF0F0E2E2FF00E2E2
u_dut/y[2]_i_12,LUT6,SLICE_X16Y240,SLICEM.B6LUT,64'hF0F0E2E2FF00E2E2
u_dut/y[2]_i_13,LUT6,SLICE_X18Y238,SLICEM.D6LUT,64'hF0F0E2E2FF00E2E2
u_dut/y[2]_i_14,LUT6,SLICE_X16Y239,SLICEM.D6LUT,64'hF0F0E2E2FF00E2E2
u_dut/y[2]_i_15,LUT6,SLICE_X19Y238,SLICEL.C6LUT,64'hF0F0E2E2FF00E2E2
u_dut/y[2]_i_16,LUT6,SLICE_X16Y240,SLICEM.C6LUT,64'hF0F0E2E2FF00E2E2
u_dut/y[2]_i_17,LUT6,SLICE_X19Y238,SLICEL.D6LUT,64'hF0F0E2E2FF00E2E2
u_dut/y[2]_i_18,LUT3,SLICE_X32Y237,SLICEL.B6LUT,8'hB8
u_dut/y[2]_i_19,LUT3,SLICE_X20Y238,SLICEM.C6LUT,8'hB8
u_dut/y[2]_i_2,LUT4,SLICE_X15Y238,SLICEL.D5LUT,16'h4F04
u_dut/y[2]_i_20,LUT3,SLICE_X32Y237,SLICEL.B5LUT,8'hB8
u_dut/y[2]_i_21,LUT3,SLICE_X20Y238,SLICEM.C5LUT,8'hB8
u_dut/y[2]_i_22,LUT3,SLICE_X32Y237,SLICEL.C6LUT,8'hB8
u_dut/y[2]_i_23,LUT3,SLICE_X20Y238,SLICEM.D6LUT,8'hB8
u_dut/y[2]_i_24,LUT3,SLICE_X32Y237,SLICEL.C5LUT,8'hB8
u_dut/y[2]_i_25,LUT3,SLICE_X20Y238,SLICEM.D5LUT,8'hB8
u_dut/y[2]_i_3,LUT4,SLICE_X15Y238,SLICEL.C5LUT,16'h4F04
u_dut/y[2]_i_4,LUT4,SLICE_X15Y238,SLICEL.B5LUT,16'h4F04
u_dut/y[2]_i_5,LUT4,SLICE_X15Y238,SLICEL.A5LUT,16'h4F04
u_dut/y[2]_i_6,LUT4,SLICE_X15Y238,SLICEL.D6LUT,16'h8241
u_dut/y[2]_i_7,LUT4,SLICE_X15Y238,SLICEL.C6LUT,16'h8241
u_dut/y[2]_i_8,LUT4,SLICE_X15Y238,SLICEL.B6LUT,16'h8241
u_dut/y[2]_i_9,LUT4,SLICE_X15Y238,SLICEL.A6LUT,16'h8241
u_dut/y_reg[0],FDRE,SLICE_X17Y238,SLICEL.CFF,1'b0
u_dut/y_reg[0]_i_2,CARRY4,SLICE_X17Y240,SLICEL.CARRY4,
u_dut/y_reg[0]_i_3,CARRY4,SLICE_X33Y237,SLICEL.CARRY4,
u_dut/y_reg[1],FDRE,SLICE_X17Y238,SLICEL.C5FF,1'b0
u_dut/y_reg[1]_i_2,CARRY4,SLICE_X18Y240,SLICEM.CARRY4,
u_dut/y_reg[1]_i_3,CARRY4,SLICE_X19Y239,SLICEL.CARRY4,
u_dut/y_reg[2],FDRE,SLICE_X15Y238,SLICEL.DFF,1'b0
u_dut/y_reg[2]_i_1,CARRY4,SLICE_X15Y238,SLICEL.CARRY4,
