cell,ref,site,bel,init
u_dut/GND,GND,,,
u_dut/VCC,VCC,,,
u_dut/lut_l0_0,LUT6,SLICE_X52Y224,SLICEM.A6LUT,64'hFFAAF0C03F7C2170
u_dut/lut_l0_1,LUT6,SLICE_X47Y221,SLICEL.A6LUT,64'hE335FF88A8A0C808
u_dut/lut_l0_10,LUT6,SLICE_X56Y224,SLICEM.A6LUT,64'h003208DD406020A0
u_dut/lut_l0_100,LUT6,SLICE_X46Y222,SLICEM.A6LUT,64'hF6200920D9D25EAA
u_dut/lut_l0_101,LUT6,SLICE_X52Y222,SLICEM.A6LUT,64'hC4A800B83C30743C
u_dut/lut_l0_102,LUT6,SLICE_X50Y225,SLICEM.A6LUT,64'h74307723B028021A
u_dut/lut_l0_103,LUT6,SLICE_X52Y220,SLICEM.A6LUT,64'h9F5BC010DA889A90
u_dut/lut_l0_104,LUT6,SLICE_X50Y224,SLICEM.A6LUT,64'hFA008104D8005004
u_dut/lut_l0_105,LUT6,SLICE_X50Y224,SLICEM.B6LUT,64'h33F322F31DF18AF0
u_dut/lut_l0_106,LUT6,SLICE_X49Y224,SLICEL.A6LUT,64'hFA30F000FBF2A882
u_dut/lut_l0_107,LUT6,SLICE_X48Y216,SLICEL.A6LUT,64'h33333720CDCDF7A8
u_dut/lut_l0_108,LUT6,SLICE_X44Y226,SLICEL.A6LUT,64'h3337BABBF068B61C
u_dut/lut_l0_109,LUT6,SLICE_X28Y223,SLICEL.A6LUT,64'hDC00D4FBEE006815
u_dut/lut_l0_11,LUT6,SLICE_X48Y224,SLICEL.A6LUT,64'hD4E81500C5A0F484
u_dut/lut_l0_110,LUT6,SLICE_X48Y226,SLICEL.A6LUT,64'h0023424280428000
u_dut/lut_l0_111,LUT6,SLICE_X46Y226,SLICEM.A6LUT,64'h1C885E9EFB00EC68
u_dut/lut_l0_112,LUT6,SLICE_X35Y226,SLICEL.A6LUT,64'hFFFFEAFEEEE5AE2C
u_dut/lut_l0_113,LUT6,SLICE_X47Y226,SLICEL.A6LUT,64'h0C28BE8A1000F608
u_dut/lut_l0_114,LUT6,SLICE_X46Y226,SLICEM.B6LUT,64'hC8C8BAADFEA9552F
u_dut/lut_l0_115,LUT6,SLICE_X38Y223,SLICEM.A6LUT,64'h80F000A9B8AAC4B3
u_dut/lut_l0_116,LUT6,SLICE_X49Y226,SLICEL.A6LUT,64'hFABE0014F8B09CBC
u_dut/lut_l0_117,LUT6,SLICE_X50Y219,SLICEM.A6LUT,64'h0A2FB5450A0EEEEE
u_dut/lut_l0_118,LUT6,SLICE_X39Y225,SLICEL.A6LUT,64'hFEAA0E02AA002008
u_dut/lut_l0_119,LUT6,SLICE_X34Y226,SLICEL.A6LUT,64'hF2ACF0E8F8FC6029
u_dut/lut_l0_12,LUT6,SLICE_X50Y220,SLICEM.A6LUT,64'h0F19F3C80A6BA73F
u_dut/lut_l0_120,LUT6,SLICE_X48Y219,SLICEL.A6LUT,64'hAEE971F8A0ADFFCD
u_dut/lut_l0_121,LUT6,SLICE_X48Y225,SLICEL.A6LUT,64'hF5F10E39F0FF88FF
u_dut/lut_l0_122,LUT6,SLICE_X53Y222,SLICEL.A6LUT,64'hFCEA6F4ACDEB7F7F
u_dut/lut_l0_123,LUT6,SLICE_X46Y226,SLICEM.C6LUT,64'hBADEFB4A54C02240
u_dut/lut_l0_124,LUT6,SLICE_X56Y221,SLICEM.A6LUT,64'h0232AAE074F2C80A
u_dut/lut_l0_125,LUT6,SLICE_X54Y221,SLICEM.A6LUT,64'h3332D412CFFAC67A
u_dut/lut_l0_126,LUT6,SLICE_X41Y225,SLICEL.A6LUT,64'h64A5E7C440ACF5A0
u_dut/lut_l0_127,LUT6,SLICE_X56Y224,SLICEM.B6LUT,64'hAF84AD04F3C4D3CC
u_dut/lut_l0_128,LUT6,SLICE_X45Y222,SLICEL.A6LUT,64'hBFBA77FABEB3FFF7
u_dut/lut_l0_129,LUT6,SLICE_X56Y222,SLICEM.A6LUT,64'hFDFEFD28EDC8FDAA
u_dut/lut_l0_13,LUT6,SLICE_X56Y222,SLICEM.B6LUT,64'h0E0F0E1BA0C577B3
u_dut/lut_l0_130,LUT6,SLICE_X46Y221,SLICEM.A6LUT,64'h003220BA28282437
u_dut/lut_l0_131,LUT6,SLICE_X56Y224,SLICEM.C6LUT,64'h55AF5CAC50A140D3
u_dut/lut_l0_132,LUT6,SLICE_X47Y221,SLICEL.B6LUT,64'hF5EF84CCFF9B8588
u_dut/lut_l0_133,LUT6,SLICE_X46Y223,SLICEM.A6LUT,64'h5DC0AD24DF7C080E
u_dut/lut_l0_134,LUT6,SLICE_X41Y230,SLICEL.A6LUT,64'hFFFBFCA48B2A9C08
u_dut/lut_l0_135,LUT6,SLICE_X46Y224,SLICEM.A6LUT,64'hFB6E73B2FBA2CDE0
u_dut/lut_l0_136,LUT6,SLICE_X52Y222,SLICEM.B6LUT,64'h88A9F0E80415C0C0
u_dut/lut_l0_137,LUT6,SLICE_X50Y226,SLICEM.A6LUT,64'hFF8AEE8100C4AA88
u_dut/lut_l0_138,LUT6,SLICE_X55Y221,SLICEL.A6LUT,64'h34203302D9A2FCEA
u_dut/lut_l0_139,LUT6,SLICE_X54Y221,SLICEM.B6LUT,64'h54425744C4EC00E8
u_dut/lut_l0_14,LUT6,SLICE_X56Y221,SLICEM.B6LUT,64'h05BB0DB34F5D0CCC
u_dut/lut_l0_140,LUT6,SLICE_X49Y226,SLICEL.B6LUT,64'hCA80E58A0F0AF5A2
u_dut/lut_l0_141,LUT6,SLICE_X52Y225,SLICEM.A6LUT,64'hE0E2F37BEEED0815
u_dut/lut_l0_142,LUT6,SLICE_X52Y222,SLICEM.C6LUT,64'hFFFEC888F5AA8949
u_dut/lut_l0_143,LUT6,SLICE_X48Y221,SLICEL.A6LUT,64'h13335FFF013356BB
u_dut/lut_l0_144,LUT6,SLICE_X46Y222,SLICEM.B6LUT,64'hDDFEE788B79585A8
u_dut/lut_l0_145,LUT6,SLICE_X47Y224,SLICEL.A6LUT,64'h570FBFCBFFFEFFAD
u_dut/lut_l0_146,LUT6,SLICE_X46Y230,SLICEM.A6LUT,64'hEED5E4B1FF8070A0
u_dut/lut_l0_147,LUT6,SLICE_X38Y221,SLICEM.A6LUT,64'h32720A798ACEAAF1
u_dut/lut_l0_148,LUT6,SLICE_X35Y229,SLICEL.A6LUT,64'hFAFDFFFCDFFFFEB8
u_dut/lut_l0_149,LUT6,SLICE_X40Y226,SLICEL.A6LUT,64'h4854D654DCFCCDBD
u_dut/lut_l0_15,LUT6,SLICE_X52Y220,SLICEM.B6LUT,64'h0E4FF4E2FEEFEC80
u_dut/lut_l0_150,LUT6,SLICE_X48Y224,SLICEL.B6LUT,64'h0F0EF3E70B00E340
u_dut/lut_l0_151,LUT6,SLICE_X51Y224,SLICEL.A6LUT,64'h32A0008002AA80E2
u_dut/lut_l0_152,LUT6,SLICE_X41Y223,SLICEL.A6LUT,64'hF1D1E1E1FFBF889F
u_dut/lut_l0_153,LUT6,SLICE_X51Y224,SLICEL.B6LUT,64'hF3F234FBF3923055
u_dut/lut_l0_154,LUT6,SLICE_X50Y220,SLICEM.B6LUT,64'h38FA00E849878E88
u_dut/lut_l0_155,LUT6,SLICE_X51Y221,SLICEL.A6LUT,64'h212033F02CFEEAFA
u_dut/lut_l0_156,LUT6,SLICE_X49Y226,SLICEL.C6LUT,64'h80AA0A00C0EAE080
u_dut/lut_l0_157,LUT6,SLICE_X36Y227,SLICEL.A6LUT,64'hFFBCE02DFAB0E100
u_dut/lut_l0_158,LUT6,SLICE_X53Y222,SLICEL.B6LUT,64'h35FB08FB1F880BFB
u_dut/lut_l0_159,LUT6,SLICE_X51Y225,SLICEL.A6LUT,64'h54AA64004CD00000
u_dut/lut_l0_16,LUT6,SLICE_X51Y223,SLICEL.A6LUT,64'h0F4E0317F5AA057F
u_dut/lut_l0_160,LUT6,SLICE_X48Y221,SLICEL.B6LUT,64'hABB9BDBDCC004C00
u_dut/lut_l0_161,LUT6,SLICE_X40Y219,SLICEL.A6LUT,64'hF0CBD5BBE1DFB73F
u_dut/lut_l0_162,LUT6,SLICE_X55Y222,SLICEL.A6LUT,64'h44FFC4F58C88CEA2
u_dut/lut_l0_163,LUT6,SLICE_X50Y225,SLICEM.B6LUT,64'h3323C98F2A88EAA0
u_dut/lut_l0_164,LUT6,SLICE_X52Y225,SLICEM.B6LUT,64'hE9E3FBF3E80BC373
u_dut/lut_l0_165,LUT6,SLICE_X51Y221,SLICEL.B6LUT,64'h7D3B3D10FDDDA901
u_dut/lut_l0_166,LUT6,SLICE_X54Y224,SLICEM.A6LUT,64'hE5FEF52AC0DE814A
u_dut/lut_l0_167,LUT6,SLICE_X56Y220,SLICEM.A6LUT,64'hBFE3AAAE0FF32C4C
u_dut/lut_l0_168,LUT6,SLICE_X56Y225,SLICEM.A6LUT,64'hBC97BC419708051F
u_dut/lut_l0_169,LUT6,SLICE_X48Y222,SLICEL.A6LUT,64'hDCF4AAD4DDF5E8C8
u_dut/lut_l0_17,LUT6,SLICE_X59Y221,SLICEL.A6LUT,64'h0F0FF0CE2EF2EFA2
u_dut/lut_l0_170,LUT6,SLICE_X54Y225,SLICEM.A6LUT,64'hDD8C5550CC880001
u_dut/lut_l0_171,LUT6,SLICE_X47Y224,SLICEL.B6LUT,64'h3EBEA8FF8AFA003F
u_dut/lut_l0_172,LUT6,SLICE_X38Y222,SLICEM.A6LUT,64'h1C5429D05EDACA9A
u_dut/lut_l0_173,LUT6,SLICE_X51Y223,SLICEL.B6LUT,64'h5A4F5D334A1ECC01
u_dut/lut_l0_174,LUT6,SLICE_X48Y223,SLICEL.A6LUT,64'h33323030CE8AD050
u_dut/lut_l0_175,LUT6,SLICE_X50Y221,SLICEM.A6LUT,64'hCF83B4A0FF179010
u_dut/lut_l0_176,LUT6,SLICE_X56Y224,SLICEM.D6LUT,64'h3222DCC61B065C0A
u_dut/lut_l0_177,LUT6,SLICE_X60Y221,SLICEL.A6LUT,64'hA0A2A0ECB3B6A62C
u_dut/lut_l0_178,LUT6,SLICE_X52Y223,SLICEM.A6LUT,64'hCFDE0DFFFB3A8BFF
u_dut/lut_l0_179,LUT6,SLICE_X49Y224,SLICEL.B6LUT,64'hABBFB838FFF75490
u_dut/lut_l0_18,LUT6,SLICE_X45Y224,SLICEL.A6LUT,64'h3238DCFB2B408D10
u_dut/lut_l0_180,LUT6,SLICE_X42Y223,SLICEM.A6LUT,64'h1008F31CFFB0731D
u_dut/lut_l0_181,LUT6,SLICE_X36Y225,SLICEL.A6LUT,64'hFFBBDF74AAA6A0D0
u_dut/lut_l0_182,LUT6,SLICE_X52Y223,SLICEM.B6LUT,64'hA2F20CC0FBEFAABB
u_dut/lut_l0_183,LUT6,SLICE_X47Y227,SLICEL.A6LUT,64'hCEC03420FEA0AAA0
u_dut/lut_l0_184,LUT6,SLICE_X59Y223,SLICEL.A6LUT,64'hFCEDEDAAD8818147
u_dut/lut_l0_185,LUT6,SLICE_X56Y225,SLICEM.B6LUT,64'h57104040B89090C0
u_dut/lut_l0_186,LUT6,SLICE_X56Y221,SLICEM.C6LUT,64'hFE3032F033B12022
u_dut/lut_l0_187,LUT6,SLICE_X51Y225,SLICEL.B6LUT,64'h42F7E6F7C200CC06
u_dut/lut_l0_188,LUT6,SLICE_X56Y222,SLICEM.C6LUT,64'h54575430B8B7B182
u_dut/lut_l0_189,LUT6,SLICE_X59Y224,SLICEL.A6LUT,64'h38293D173F2A2A20
u_dut/lut_l0_19,LUT6,SLICE_X32Y224,SLICEL.A6LUT,64'hB821BD893F41FB32
u_dut/lut_l0_190,LUT6,SLICE_X59Y224,SLICEL.B6LUT,64'h00EA00D2FD1E9A58
u_dut/lut_l0_191,LUT6,SLICE_X41Y222,SLICEL.A6LUT,64'hEEDC1555800205A0
u_dut/lut_l0_192,LUT6,SLICE_X52Y222,SLICEM.D6LUT,64'h8BD16BC80A004FCD
u_dut/lut_l0_193,LUT6,SLICE_X48Y221,SLICEL.C6LUT,64'h04ECD50F20CC7C0C
u_dut/lut_l0_194,LUT6,SLICE_X48Y222,SLICEL.B6LUT,64'hDAEA28FF70337733
u_dut/lut_l0_195,LUT6,SLICE_X52Y225,SLICEM.C6LUT,64'hD4C75008E0E0AB00
u_dut/lut_l0_196,LUT6,SLICE_X46Y226,SLICEM.D6LUT,64'hF9A0F3AB7050500F
u_dut/lut_l0_197,LUT6,SLICE_X50Y221,SLICEM.B6LUT,64'h1030CED83622EACA
u_dut/lut_l0_198,LUT6,SLICE_X48Y226,SLICEL.B6LUT,64'hF500A244DE248410
u_dut/lut_l0_199,LUT6,SLICE_X40Y225,SLICEL.A6LUT,64'hBB20CA8A93DA919A
u_dut/lut_l0_2,LUT6,SLICE_X54Y221,SLICEM.C6LUT,64'h4765A7224710B970
u_dut/lut_l0_20,LUT6,SLICE_X50Y223,SLICEM.A6LUT,64'h542C257C15C8AFF8
u_dut/lut_l0_200,LUT6,SLICE_X42Y229,SLICEM.A6LUT,64'hFFFFFFFFFFFFFFFF
u_dut/lut_l0_201,LUT6,SLICE_X41Y229,SLICEL.A6LUT,64'h08061445AA45505D
u_dut/lut_l0_202,LUT6,SLICE_X43Y225,SLICEL.A6LUT,64'h00000A0000000000
u_dut/lut_l0_203,LUT6,SLICE_X42Y227,SLICEM.A6LUT,64'h0000820198008401
u_dut/lut_l0_204,LUT6,SLICE_X44Y229,SLICEL.A6LUT,64'h0002000000000000
u_dut/lut_l0_205,LUT6,SLICE_X43Y222,SLICEL.A6LUT,64'h2B6AEF98CA429F04
u_dut/lut_l0_206,LUT6,SLICE_X44Y226,SLICEL.B6LUT,64'hFFFFFFFFFFFFFFFF
u_dut/lut_l0_207,LUT6,SLICE_X42Y222,SLICEM.A6LUT,64'h53F38212F37F8ACB
u_dut/lut_l0_208,LUT6,SLICE_X26Y226,SLICEL.A6LUT,64'h0000000000000000
u_dut/lut_l0_209,LUT6,SLICE_X40Y228,SLICEL.A6LUT,64'h40002000A0080800
u_dut/lut_l0_21,LUT6,SLICE_X53Y223,SLICEL.A6LUT,64'hFFEC5EABBDFED5B5
u_dut/lut_l0_210,LUT6,SLICE_X43Y221,SLICEL.A6LUT,64'hEFBFFF65F995FE7F
u_dut/lut_l0_211,LUT6,SLICE_X41Y228,SLICEL.A6LUT,64'h4080C00082200000
u_dut/lut_l0_212,LUT6,SLICE_X46Y227,SLICEM.A6LUT,64'hCEC7CB9F80AA07BF
u_dut/lut_l0_213,LUT6,SLICE_X42Y227,SLICEM.B6LUT,64'h0240000008010000
u_dut/lut_l0_214,LUT6,SLICE_X44Y222,SLICEL.A6LUT,64'hA9819805DEC73137
u_dut/lut_l0_215,LUT6,SLICE_X36Y229,SLICEL.A6LUT,64'h0820005002401000
u_dut/lut_l0_216,LUT6,SLICE_X44Y228,SLICEL.A6LUT,64'h4800200000080000
u_dut/lut_l0_217,LUT6,SLICE_X43Y222,SLICEL.B6LUT,64'hFDFDFCEF6ADE9CFD
u_dut/lut_l0_218,LUT6,SLICE_X42Y229,SLICEM.B6LUT,64'hFFFF7F7FCDFECE5F
u_dut/lut_l0_219,LUT6,SLICE_X44Y228,SLICEL.B6LUT,64'h0440000000200020
u_dut/lut_l0_22,LUT6,SLICE_X53Y223,SLICEL.B6LUT,64'hC8FB88B4BB0FF450
u_dut/lut_l0_220,LUT6,SLICE_X45Y228,SLICEL.A6LUT,64'hD7AF988CF17F8480
u_dut/lut_l0_221,LUT6,SLICE_X39Y226,SLICEL.A6LUT,64'h0200040254000000
u_dut/lut_l0_222,LUT6,SLICE_X41Y225,SLICEL.B6LUT,64'h2048000010208120
u_dut/lut_l0_223,LUT6,SLICE_X40Y228,SLICEL.B6LUT,64'hD544BDC0D504C580
u_dut/lut_l0_224,LUT6,SLICE_X54Y222,SLICEM.A6LUT,64'h0040900058887808
u_dut/lut_l0_225,LUT6,SLICE_X41Y228,SLICEL.B6LUT,64'hD560CD48CD5CC28A
u_dut/lut_l0_226,LUT6,SLICE_X53Y222,SLICEL.C6LUT,64'hF7FEFBEBBF7F7BBE
u_dut/lut_l0_227,LUT6,SLICE_X39Y227,SLICEL.A6LUT,64'hC000000480000048
u_dut/lut_l0_228,LUT6,SLICE_X30Y229,SLICEL.A6LUT,64'h4000C00408000000
u_dut/lut_l0_229,LUT6,SLICE_X43Y229,SLICEL.A6LUT,64'h0060000000000000
u_dut/lut_l0_23,LUT6,SLICE_X44Y222,SLICEL.B6LUT,64'h3E2E200008220008
u_dut/lut_l0_230,LUT6,SLICE_X50Y220,SLICEM.C6LUT,64'h551F5EE4FFFF5B4C
u_dut/lut_l0_231,LUT6,SLICE_X43Y229,SLICEL.B6LUT,64'h0000004002000004
u_dut/lut_l0_232,LUT6,SLICE_X33Y228,SLICEL.A6LUT,64'hF7BFFFF5FFFFFBFF
u_dut/lut_l0_233,LUT6,SLICE_X44Y227,SLICEL.A6LUT,64'h0000002000000000
u_dut/lut_l0_234,LUT6,SLICE_X47Y227,SLICEL.B6LUT,64'h4000000000000001
u_dut/lut_l0_235,LUT6,SLICE_X42Y224,SLICEM.A6LUT,64'h11EB00AE101F0F5D
u_dut/lut_l0_236,LUT6,SLICE_X36Y228,SLICEL.A6LUT,64'h0828000000028000
u_dut/lut_l0_237,LUT6,SLICE_X40Y230,SLICEL.A6LUT,64'h0000040001014000
u_dut/lut_l0_238,LUT6,SLICE_X44Y225,SLICEL.A6LUT,64'h7AC83E1AC5022E2A
u_dut/lut_l0_239,LUT6,SLICE_X41Y225,SLICEL.C6LUT,64'h1C040A5044E00010
u_dut/lut_l0_24,LUT6,SLICE_X34Y226,SLICEL.B6LUT,64'hFFE8F0C071491040
u_dut/lut_l0_240,LUT6,SLICE_X41Y227,SLICEL.A6LUT,64'h0C000C003000411B
u_dut/lut_l0_241,LUT6,SLICE_X46Y228,SLICEM.A6LUT,64'hA8009077986C75DD
u_dut/lut_l0_242,LUT6,SLICE_X46Y228,SLICEM.B6LUT,64'hDD10D44A54C050CA
u_dut/lut_l0_243,LUT6,SLICE_X43Y228,SLICEL.A6LUT,64'h100A901A00800004
u_dut/lut_l0_244,LUT6,SLICE_X47Y227,SLICEL.C6LUT,64'h00030095CB002A00
u_dut/lut_l0_245,LUT6,SLICE_X43Y228,SLICEL.B6LUT,64'h0020000000100000
u_dut/lut_l0_246,LUT6,SLICE_X41Y227,SLICEL.B6LUT,64'hFFFAEFFFFFFFFFBF
u_dut/lut_l0_247,LUT6,SLICE_X45Y226,SLICEL.A6LUT,64'h0444C00000C02080
u_dut/lut_l0_248,LUT6,SLICE_X36Y226,SLICEL.A6LUT,64'h7FFFFFFFF7FFFFDF
u_dut/lut_l0_249,LUT6,SLICE_X38Y226,SLICEM.A6LUT,64'h0000000000000002
u_dut/lut_l0_25,LUT6,SLICE_X52Y224,SLICEM.B6LUT,64'hFF57844E9F331244
u_dut/lut_l0_250,LUT6,SLICE_X40Y223,SLICEL.A6LUT,64'h1501570F15357F7F
u_dut/lut_l0_251,LUT6,SLICE_X44Y225,SLICEL.B6LUT,64'h8000400000000400
u_dut/lut_l0_252,LUT6,SLICE_X41Y228,SLICEL.C6LUT,64'h0000080008400040
u_dut/lut_l0_253,LUT6,SLICE_X40Y218,SLICEL.A6LUT,64'h00DFDF5F3A373FEF
u_dut/lut_l0_254,LUT6,SLICE_X35Y229,SLICEL.B6LUT,64'h0000000000000000
u_dut/lut_l0_255,LUT6,SLICE_X41Y225,SLICEL.D6LUT,64'hFFFE71FF7FFD623B
u_dut/lut_l0_256,LUT6,SLICE_X40Y227,SLICEL.A6LUT,64'hEE0E4A00BA3E1A70
u_dut/lut_l0_257,LUT6,SLICE_X39Y227,SLICEL.B6LUT,64'hECFD28AC88B80012
u_dut/lut_l0_258,LUT6,SLICE_X36Y226,SLICEL.B6LUT,64'hE3B82F80AE7A6E04
u_dut/lut_l0_259,LUT6,SLICE_X40Y227,SLICEL.B6LUT,64'hFCFA5EFE0826555E
u_dut/lut_l0_26,LUT6,SLICE_X52Y224,SLICEM.C6LUT,64'h757525BC08DF8F04
u_dut/lut_l0_260,LUT6,SLICE_X43Y229,SLICEL.C6LUT,64'hEFFFEFFFDFFFFFFF
u_dut/lut_l0_261,LUT6,SLICE_X43Y225,SLICEL.B6LUT,64'h05F5034507E50515
u_dut/lut_l0_262,LUT6,SLICE_X43Y229,SLICEL.D6LUT,64'hFFDFFFFFBFDBFFFF
u_dut/lut_l0_263,LUT6,SLICE_X44Y223,SLICEL.A6LUT,64'hCFDFFFEFFFCFFFFD
u_dut/lut_l0_264,LUT6,SLICE_X43Y227,SLICEL.A6LUT,64'hFFFFFFF1FFFEFFFF
u_dut/lut_l0_265,LUT6,SLICE_X40Y223,SLICEL.B6LUT,64'hC19C4314138C0301
u_dut/lut_l0_266,LUT6,SLICE_X43Y227,SLICEL.B6LUT,64'h3775F3A5FE7C3BDB
u_dut/lut_l0_267,LUT6,SLICE_X38Y227,SLICEM.A6LUT,64'h0000042060420900
u_dut/lut_l0_268,LUT6,SLICE_X48Y222,SLICEL.C6LUT,64'hE2848A5081140755
u_dut/lut_l0_269,LUT6,SLICE_X42Y225,SLICEM.A6LUT,64'hF776FFF5FFFEFBEF
u_dut/lut_l0_27,LUT6,SLICE_X51Y218,SLICEL.A6LUT,64'hDD01D10BAAF17301
u_dut/lut_l0_270,LUT6,SLICE_X46Y227,SLICEM.B6LUT,64'hCC81805F88041537
u_dut/lut_l0_271,LUT6,SLICE_X46Y228,SLICEM.C6LUT,64'hDFF830F8CED81050
u_dut/lut_l0_272,LUT6,SLICE_X28Y222,SLICEL.A6LUT,64'h0040000000000000
u_dut/lut_l0_273,LUT6,SLICE_X42Y223,SLICEM.B6LUT,64'h272F294F04400577
u_dut/lut_l0_274,LUT6,SLICE_X40Y229,SLICEL.A6LUT,64'hF944023102211150
u_dut/lut_l0_275,LUT6,SLICE_X36Y229,SLICEL.B6LUT,64'hA822F2A428222020
u_dut/lut_l0_276,LUT6,SLICE_X42Y225,SLICEM.B6LUT,64'hC180F6B2930790FF
u_dut/lut_l0_277,LUT6,SLICE_X42Y224,SLICEM.B6LUT,64'h4420090002406884
u_dut/lut_l0_278,LUT6,SLICE_X39Y228,SLICEL.A6LUT,64'h5C005C0410010000
u_dut/lut_l0_279,LUT6,SLICE_X41Y230,SLICEL.B6LUT,64'h5C0300820500BDB1
u_dut/lut_l0_28,LUT6,SLICE_X50Y222,SLICEM.A6LUT,64'hFEFED703CC88C888
u_dut/lut_l0_280,LUT6,SLICE_X42Y227,SLICEM.C6LUT,64'h06C8004802100010
u_dut/lut_l0_281,LUT6,SLICE_X45Y228,SLICEL.B6LUT,64'h06CF23225DFF67FF
u_dut/lut_l0_282,LUT6,SLICE_X39Y230,SLICEL.A6LUT,64'hFFDEFFFFFFFFFFFF
u_dut/lut_l0_283,LUT6,SLICE_X46Y222,SLICEM.C6LUT,64'h8C034C50B8127DFF
u_dut/lut_l0_284,LUT6,SLICE_X39Y225,SLICEL.B6LUT,64'h0000000050000000
u_dut/lut_l0_285,LUT6,SLICE_X40Y230,SLICEL.B6LUT,64'h0010202000400000
u_dut/lut_l0_286,LUT6,SLICE_X42Y228,SLICEM.A6LUT,64'h0000000080000000
u_dut/lut_l0_287,LUT6,SLICE_X39Y229,SLICEL.A6LUT,64'h37F77767FFFF767F
u_dut/lut_l0_288,LUT6,SLICE_X39Y228,SLICEL.B6LUT,64'h0000002000200040
u_dut/lut_l0_289,LUT6,SLICE_X40Y225,SLICEL.B6LUT,64'hFFFEFFAFFFFAFFFE
u_dut/lut_l0_29,LUT6,SLICE_X52Y224,SLICEM.D6LUT,64'h2F851F331EE60AA2
u_dut/lut_l0_290,LUT6,SLICE_X38Y228,SLICEM.A6LUT,64'h2000205800E00140
u_dut/lut_l0_291,LUT6,SLICE_X37Y229,SLICEL.A6LUT,64'hA8DA5755F150FF30
u_dut/lut_l0_292,LUT6,SLICE_X40Y228,SLICEL.C6LUT,64'h2B0A8AAABFE899D8
u_dut/lut_l0_293,LUT6,SLICE_X39Y227,SLICEL.C6LUT,64'h400800040A410050
u_dut/lut_l0_294,LUT6,SLICE_X34Y225,SLICEL.A6LUT,64'h0000000060000000
u_dut/lut_l0_295,LUT6,SLICE_X38Y226,SLICEM.B6LUT,64'h0C3210121C230233
u_dut/lut_l0_296,LUT6,SLICE_X40Y223,SLICEL.C6LUT,64'h41F02322D5F0A088
u_dut/lut_l0_297,LUT6,SLICE_X38Y219,SLICEM.A6LUT,64'h58085C1DF7557F5F
u_dut/lut_l0_298,LUT6,SLICE_X38Y225,SLICEM.A6LUT,64'h00000020C0000400
u_dut/lut_l0_299,LUT6,SLICE_X39Y229,SLICEL.B6LUT,64'h4800001800000020
u_dut/lut_l0_3,LUT6,SLICE_X50Y222,SLICEM.B6LUT,64'h020EFEECFE887020
u_dut/lut_l0_30,LUT6,SLICE_X46Y221,SLICEM.B6LUT,64'hC3740F1BEDDF8CFC
u_dut/lut_l0_300,LUT6,SLICE_X41Y223,SLICEL.B6LUT,64'h6704F7632623B2BA
u_dut/lut_l0_301,LUT6,SLICE_X40Y227,SLICEL.C6LUT,64'h8E8C082CAAAEA820
u_dut/lut_l0_302,LUT6,SLICE_X41Y222,SLICEL.B6LUT,64'hFF00EE0035020000
u_dut/lut_l0_303,LUT6,SLICE_X38Y227,SLICEM.B6LUT,64'h1004123F00403320
u_dut/lut_l0_304,LUT6,SLICE_X30Y227,SLICEL.A6LUT,64'h0000008200008200
u_dut/lut_l0_305,LUT6,SLICE_X37Y229,SLICEL.B6LUT,64'hD2FCE97BF97699DB
u_dut/lut_l0_306,LUT6,SLICE_X40Y216,SLICEL.A6LUT,64'h4C44286A45504055
u_dut/lut_l0_307,LUT6,SLICE_X38Y228,SLICEM.B6LUT,64'hFFDFFFFFFFFFFFF7
u_dut/lut_l0_308,LUT6,SLICE_X35Y229,SLICEL.C6LUT,64'hF0A0DAF280000080
u_dut/lut_l0_309,LUT6,SLICE_X44Y226,SLICEL.C6LUT,64'h003300B330230077
u_dut/lut_l0_31,LUT6,SLICE_X32Y223,SLICEL.A6LUT,64'h0FE56BF54FFF044C
u_dut/lut_l0_310,LUT6,SLICE_X32Y229,SLICEL.A6LUT,64'h0000000000000001
u_dut/lut_l0_311,LUT6,SLICE_X38Y228,SLICEM.C6LUT,64'h0000000000000021
u_dut/lut_l0_312,LUT6,SLICE_X38Y228,SLICEM.D6LUT,64'h0080000000000000
u_dut/lut_l0_313,LUT6,SLICE_X28Y229,SLICEL.A6LUT,64'h2000200000002080
u_dut/lut_l0_314,LUT6,SLICE_X42Y226,SLICEM.A6LUT,64'hFFFFFFFFDFEFBFFA
u_dut/lut_l0_315,LUT6,SLICE_X39Y224,SLICEL.A6LUT,64'h0010002000B100B1
u_dut/lut_l0_316,LUT6,SLICE_X41Y226,SLICEL.A6LUT,64'h22FE92F0AAEC52B3
u_dut/lut_l0_317,LUT6,SLICE_X42Y225,SLICEM.C6LUT,64'hF6C7FC88D7330037
u_dut/lut_l0_318,LUT6,SLICE_X42Y226,SLICEM.B6LUT,64'hFFFFFFFFFFFFFFFF
u_dut/lut_l0_319,LUT6,SLICE_X39Y229,SLICEL.C6LUT,64'hA78000A9ED84404D
u_dut/lut_l0_32,LUT6,SLICE_X51Y221,SLICEL.C6LUT,64'hBCBCCAAABD2DAA3A
u_dut/lut_l0_320,LUT6,SLICE_X35Y226,SLICEL.B6LUT,64'hFFFFFFFAFFFFFFFF
u_dut/lut_l0_321,LUT6,SLICE_X47Y226,SLICEL.B6LUT,64'hFFFFBDFFFFBFCFFA
u_dut/lut_l0_322,LUT6,SLICE_X42Y228,SLICEM.B6LUT,64'h8000402040000000
u_dut/lut_l0_323,LUT6,SLICE_X40Y229,SLICEL.B6LUT,64'h0000000000000100
u_dut/lut_l0_324,LUT6,SLICE_X42Y222,SLICEM.B6LUT,64'h5F00151073A01D1D
u_dut/lut_l0_325,LUT6,SLICE_X45Y228,SLICEL.C6LUT,64'h334F303035FF0046
u_dut/lut_l0_326,LUT6,SLICE_X39Y228,SLICEL.C6LUT,64'h0080800000001000
u_dut/lut_l0_327,LUT6,SLICE_X34Y225,SLICEL.B6LUT,64'h90F7113F9CDD5CFF
u_dut/lut_l0_328,LUT6,SLICE_X43Y228,SLICEL.C6LUT,64'h357F8321346C2005
u_dut/lut_l0_329,LUT6,SLICE_X36Y228,SLICEL.B6LUT,64'h043324B9F4AAB88A
u_dut/lut_l0_33,LUT6,SLICE_X52Y220,SLICEM.C6LUT,64'h5555A0AB0054CAC8
u_dut/lut_l0_330,LUT6,SLICE_X43Y228,SLICEL.D6LUT,64'h0000000000000000
u_dut/lut_l0_331,LUT6,SLICE_X44Y229,SLICEL.B6LUT,64'hFFFFFFFFFDFFFFFF
u_dut/lut_l0_332,LUT6,SLICE_X40Y226,SLICEL.B6LUT,64'h2A4A00040A7104FF
u_dut/lut_l0_333,LUT6,SLICE_X46Y227,SLICEM.C6LUT,64'h8079888CA01288A8
u_dut/lut_l0_334,LUT6,SLICE_X44Y228,SLICEL.C6LUT,64'hF7FFFFFFFFFFFFFF
u_dut/lut_l0_335,LUT6,SLICE_X48Y225,SLICEL.B6LUT,64'h13837B33FE803B1B
u_dut/lut_l0_336,LUT6,SLICE_X43Y225,SLICEL.C6LUT,64'hFEF9CBFBFEFEFEAC
u_dut/lut_l0_337,LUT6,SLICE_X41Y226,SLICEL.B6LUT,64'hFFFFFFDEFFFFFFBB
u_dut/lut_l0_338,LUT6,SLICE_X41Y223,SLICEL.C6LUT,64'hFDFBFFBEBFFDEFFE
u_dut/lut_l0_339,LUT6,SLICE_X38Y229,SLICEM.A6LUT,64'h0000000000000000
u_dut/lut_l0_34,LUT6,SLICE_X50Y223,SLICEM.B6LUT,64'h74F636E677522020
u_dut/lut_l0_340,LUT6,SLICE_X44Y226,SLICEL.D6LUT,64'hFFFEFFFFFFFFFFFE
u_dut/lut_l0_341,LUT6,SLICE_X40Y229,SLICEL.C6LUT,64'h0000000000000000
u_dut/lut_l0_342,LUT6,SLICE_X48Y226,SLICEL.C6LUT,64'h222E015400448120
u_dut/lut_l0_343,LUT6,SLICE_X46Y227,SLICEM.D6LUT,64'h220F2C0CA62CFC8C
u_dut/lut_l0_344,LUT6,SLICE_X45Y229,SLICEL.A6LUT,64'h0000000000040000
u_dut/lut_l0_345,LUT6,SLICE_X42Y227,SLICEM.D6LUT,64'h0000000002202000
u_dut/lut_l0_346,LUT6,SLICE_X44Y227,SLICEL.B6LUT,64'hFEBF7FFFFFF7FBFF
u_dut/lut_l0_347,LUT6,SLICE_X41Y227,SLICEL.C6LUT,64'h8A81CD048C220D0C
u_dut/lut_l0_348,LUT6,SLICE_X39Y224,SLICEL.B6LUT,64'h75CF4E6F73874E1E
u_dut/lut_l0_349,LUT6,SLICE_X38Y227,SLICEM.C6LUT,64'hFFDFFFFFFFBFFFFF
u_dut/lut_l0_35,LUT6,SLICE_X55Y223,SLICEL.A6LUT,64'h2736477020104710
u_dut/lut_l0_350,LUT6,SLICE_X46Y229,SLICEM.A6LUT,64'hCC4AC20F003F02BF
u_dut/lut_l0_351,LUT6,SLICE_X25Y231,SLICEL.A6LUT,64'h170505200A021A00
u_dut/lut_l0_352,LUT6,SLICE_X36Y225,SLICEL.B6LUT,64'hCEF1ECB511E03571
u_dut/lut_l0_353,LUT6,SLICE_X39Y228,SLICEL.D6LUT,64'h0000000408000000
u_dut/lut_l0_354,LUT6,SLICE_X47Y218,SLICEL.A6LUT,64'h352125EF205FCF4F
u_dut/lut_l0_355,LUT6,SLICE_X46Y223,SLICEM.B6LUT,64'hFDF79F7DE7DFFFFF
u_dut/lut_l0_356,LUT6,SLICE_X39Y227,SLICEL.D6LUT,64'h0080000200002000
u_dut/lut_l0_357,LUT6,SLICE_X42Y228,SLICEM.C6LUT,64'h0000000800000000
u_dut/lut_l0_358,LUT6,SLICE_X42Y229,SLICEM.C6LUT,64'hFEFFEBD6FFFFFFFF
u_dut/lut_l0_359,LUT6,SLICE_X44Y228,SLICEL.D6LUT,64'hC859CCDCC8440056
u_dut/lut_l0_36,LUT6,SLICE_X50Y221,SLICEM.C6LUT,64'h5E0C72CCCF8872C8
u_dut/lut_l0_360,LUT6,SLICE_X35Y229,SLICEL.D6LUT,64'h0000000000000000
u_dut/lut_l0_361,LUT6,SLICE_X44Y227,SLICEL.C6LUT,64'hFFFDFFDDFFFFFFFF
u_dut/lut_l0_362,LUT6,SLICE_X44Y229,SLICEL.C6LUT,64'h1920048308424000
u_dut/lut_l0_363,LUT6,SLICE_X42Y228,SLICEM.D6LUT,64'hFFFEBFFFFDFFF7BF
u_dut/lut_l0_364,LUT6,SLICE_X46Y223,SLICEM.C6LUT,64'h8090906500410000
u_dut/lut_l0_365,LUT6,SLICE_X41Y227,SLICEL.D6LUT,64'h2000800040000001
u_dut/lut_l0_366,LUT6,SLICE_X44Y222,SLICEL.C6LUT,64'h408FE62E00CFF00C
u_dut/lut_l0_367,LUT6,SLICE_X46Y228,SLICEM.D6LUT,64'h40B3AFBB02840D09
u_dut/lut_l0_368,LUT6,SLICE_X38Y229,SLICEM.B6LUT,64'hD8404070C0804001
u_dut/lut_l0_369,LUT6,SLICE_X43Y227,SLICEL.C6LUT,64'hB75FDFBD7FDFF7FF
u_dut/lut_l0_37,LUT6,SLICE_X51Y223,SLICEL.C6LUT,64'h5A4A544C6A5E4C08
u_dut/lut_l0_370,LUT6,SLICE_X42Y229,SLICEM.D6LUT,64'h0020408808080080
u_dut/lut_l0_371,LUT6,SLICE_X36Y225,SLICEL.C6LUT,64'h0000800000000802
u_dut/lut_l0_372,LUT6,SLICE_X41Y226,SLICEL.C6LUT,64'h0000000000000080
u_dut/lut_l0_373,LUT6,SLICE_X39Y225,SLICEL.C6LUT,64'h0020800000000000
u_dut/lut_l0_374,LUT6,SLICE_X40Y230,SLICEL.C6LUT,64'h5B489EE81BA28860
u_dut/lut_l0_375,LUT6,SLICE_X40Y226,SLICEL.C6LUT,64'h0800100500000100
u_dut/lut_l0_376,LUT6,SLICE_X38Y221,SLICEM.B6LUT,64'h7FFFFFEF7FFFFFEF
u_dut/lut_l0_377,LUT6,SLICE_X40Y225,SLICEL.C6LUT,64'hF5FFFEFFEDDFFFF7
u_dut/lut_l0_378,LUT6,SLICE_X40Y227,SLICEL.D6LUT,64'hDFFFE6FFFFFFFFFF
u_dut/lut_l0_379,LUT6,SLICE_X41Y226,SLICEL.D6LUT,64'h5D740EC4B2918001
u_dut/lut_l0_38,LUT6,SLICE_X55Y223,SLICEL.B6LUT,64'h9F01BF71FF71FD07
u_dut/lut_l0_380,LUT6,SLICE_X39Y226,SLICEL.B6LUT,64'hA0EC7CDD04C0D1DF
u_dut/lut_l0_381,LUT6,SLICE_X41Y228,SLICEL.D6LUT,64'h0200830200000000
u_dut/lut_l0_382,LUT6,SLICE_X38Y226,SLICEM.C6LUT,64'h1BFE73EFFF7EFBFE
u_dut/lut_l0_383,LUT6,SLICE_X38Y229,SLICEM.C6LUT,64'h0000442000020000
u_dut/lut_l0_384,LUT6,SLICE_X40Y228,SLICEL.D6LUT,64'h0010200000000000
u_dut/lut_l0_385,LUT6,SLICE_X40Y230,SLICEL.D6LUT,64'h3B2A70F5210B1EFD
u_dut/lut_l0_386,LUT6,SLICE_X39Y229,SLICEL.D6LUT,64'h4E280001B8110931
u_dut/lut_l0_387,LUT6,SLICE_X41Y223,SLICEL.D6LUT,64'h4102D562CE0E4555
u_dut/lut_l0_388,LUT6,SLICE_X41Y229,SLICEL.B6LUT,64'h101122F2EFBF2277
u_dut/lut_l0_389,LUT6,SLICE_X42Y225,SLICEM.D6LUT,64'h0020000000080000
u_dut/lut_l0_39,LUT6,SLICE_X50Y225,SLICEM.C6LUT,64'hF3E423A2E3308080
u_dut/lut_l0_390,LUT6,SLICE_X39Y224,SLICEL.C6LUT,64'h4C813C3E8F49F8D8
u_dut/lut_l0_391,LUT6,SLICE_X41Y230,SLICEL.C6LUT,64'h6ECD3B3208480432
u_dut/lut_l0_392,LUT6,SLICE_X43Y227,SLICEL.D6LUT,64'hFFFFBFDFFFBFFFFF
u_dut/lut_l0_393,LUT6,SLICE_X44Y225,SLICEL.C6LUT,64'hFF0069A6BB653240
u_dut/lut_l0_394,LUT6,SLICE_X45Y226,SLICEL.B6LUT,64'hBC6A5271221280A5
u_dut/lut_l0_395,LUT6,SLICE_X38Y229,SLICEM.D6LUT,64'h2000000800008000
u_dut/lut_l0_396,LUT6,SLICE_X44Y227,SLICEL.D6LUT,64'hB7EFCFC8FC419AAF
u_dut/lut_l0_397,LUT6,SLICE_X45Y228,SLICEL.D6LUT,64'h4000220000000000
u_dut/lut_l0_398,LUT6,SLICE_X51Y223,SLICEL.D6LUT,64'h3797EFFAFF76FFFF
u_dut/lut_l0_399,LUT6,SLICE_X53Y222,SLICEL.D6LUT,64'hEFDFFFFDEFFFEFCF
u_dut/lut_l0_4,LUT6,SLICE_X55Y223,SLICEL.C6LUT,64'h10F4FE5408929CBC
u_dut/lut_l0_40,LUT6,SLICE_X54Y222,SLICEM.B6LUT,64'hCB87F5A18A13AA3F
u_dut/lut_l0_400,LUT6,SLICE_X35Y214,SLICEL.A6LUT,64'hFF440F0D000CC1CA
u_dut/lut_l0_401,LUT6,SLICE_X43Y215,SLICEL.A6LUT,64'hFBA515A532A091A1
u_dut/lut_l0_402,LUT6,SLICE_X33Y217,SLICEL.A6LUT,64'h1787551573425003
u_dut/lut_l0_403,LUT6,SLICE_X36Y217,SLICEL.A6LUT,64'hCEC14F555BA02020
u_dut/lut_l0_404,LUT6,SLICE_X43Y216,SLICEL.A6LUT,64'h71D0C000D0755507
u_dut/lut_l0_405,LUT6,SLICE_X44Y216,SLICEL.A6LUT,64'h0400CD89B009A00F
u_dut/lut_l0_406,LUT6,SLICE_X44Y218,SLICEL.A6LUT,64'hE284E684F684051F
u_dut/lut_l0_407,LUT6,SLICE_X40Y216,SLICEL.B6LUT,64'h0020CCA22810D850
u_dut/lut_l0_408,LUT6,SLICE_X34Y218,SLICEL.A6LUT,64'hA0A70C8D00A44C00
u_dut/lut_l0_409,LUT6,SLICE_X34Y219,SLICEL.A6LUT,64'h1158BA9868DA5652
u_dut/lut_l0_41,LUT6,SLICE_X34Y224,SLICEL.A6LUT,64'hFF2AC888BA46CAB8
u_dut/lut_l0_410,LUT6,SLICE_X36Y217,SLICEL.B6LUT,64'h2501610322200005
u_dut/lut_l0_411,LUT6,SLICE_X43Y218,SLICEL.A6LUT,64'hF2C268C2F083C882
u_dut/lut_l0_412,LUT6,SLICE_X38Y217,SLICEM.A6LUT,64'h40002140ACEA0350
u_dut/lut_l0_413,LUT6,SLICE_X43Y215,SLICEL.B6LUT,64'hFEE2C82BF0C01000
u_dut/lut_l0_414,LUT6,SLICE_X37Y218,SLICEL.A6LUT,64'h354A7880050A3080
u_dut/lut_l0_415,LUT6,SLICE_X36Y217,SLICEL.C6LUT,64'h0C660DA041331905
u_dut/lut_l0_416,LUT6,SLICE_X34Y218,SLICEL.B6LUT,64'hAA08BC9044461030
u_dut/lut_l0_417,LUT6,SLICE_X38Y217,SLICEM.B6LUT,64'hC5CF84C2D7434262
u_dut/lut_l0_418,LUT6,SLICE_X44Y217,SLICEL.A6LUT,64'h2505213B23012000
u_dut/lut_l0_419,LUT6,SLICE_X45Y216,SLICEL.A6LUT,64'hCA31C03340D1C143
u_dut/lut_l0_42,LUT6,SLICE_X48Y223,SLICEL.B6LUT,64'h60D4F47544A874A0
u_dut/lut_l0_420,LUT6,SLICE_X41Y215,SLICEL.A6LUT,64'hFE32C810A80A9070
u_dut/lut_l0_421,LUT6,SLICE_X38Y221,SLICEM.C6LUT,64'hA9B8849000305540
u_dut/lut_l0_422,LUT6,SLICE_X31Y215,SLICEL.A6LUT,64'h00008C8823000B20
u_dut/lut_l0_423,LUT6,SLICE_X40Y219,SLICEL.B6LUT,64'h48C8C882C0C2C082
u_dut/lut_l0_424,LUT6,SLICE_X38Y221,SLICEM.D6LUT,64'hA095A0209000000A
u_dut/lut_l0_425,LUT6,SLICE_X35Y217,SLICEL.A6LUT,64'h71134000270F4000
u_dut/lut_l0_426,LUT6,SLICE_X37Y218,SLICEL.B6LUT,64'h0513A011A480A280
u_dut/lut_l0_427,LUT6,SLICE_X28Y215,SLICEL.A6LUT,64'hE782575348E24062
u_dut/lut_l0_428,LUT6,SLICE_X44Y215,SLICEL.A6LUT,64'hFF119291C861C1C7
u_dut/lut_l0_429,LUT6,SLICE_X38Y219,SLICEM.B6LUT,64'h88C88BA058D81B00
u_dut/lut_l0_43,LUT6,SLICE_X45Y222,SLICEL.B6LUT,64'h157A49EACF9ABFEA
u_dut/lut_l0_430,LUT6,SLICE_X36Y219,SLICEL.A6LUT,64'h001003A0FB6013F0
u_dut/lut_l0_431,LUT6,SLICE_X28Y217,SLICEL.A6LUT,64'h00541142454D02B0
u_dut/lut_l0_432,LUT6,SLICE_X40Y216,SLICEL.C6LUT,64'h0B4AE98809881110
u_dut/lut_l0_433,LUT6,SLICE_X32Y219,SLICEL.A6LUT,64'hAAC4001C001CF31C
u_dut/lut_l0_434,LUT6,SLICE_X37Y215,SLICEL.A6LUT,64'hC0A0D510F3E2D580
u_dut/lut_l0_435,LUT6,SLICE_X40Y217,SLICEL.A6LUT,64'hF1F21119E0A0800C
u_dut/lut_l0_436,LUT6,SLICE_X35Y214,SLICEL.B6LUT,64'hA00FA0008800044C
u_dut/lut_l0_437,LUT6,SLICE_X37Y215,SLICEL.B6LUT,64'h0C9D428822552A07
u_dut/lut_l0_438,LUT6,SLICE_X34Y218,SLICEL.C6LUT,64'h0060EB7EF084B224
u_dut/lut_l0_439,LUT6,SLICE_X38Y217,SLICEM.C6LUT,64'h33F773A633131000
u_dut/lut_l0_44,LUT6,SLICE_X55Y223,SLICEL.D6LUT,64'h56A855B640044C0C
u_dut/lut_l0_440,LUT6,SLICE_X34Y216,SLICEL.A6LUT,64'h00FD00814450C1C1
u_dut/lut_l0_441,LUT6,SLICE_X42Y216,SLICEM.A6LUT,64'hCD250125D88058A0
u_dut/lut_l0_442,LUT6,SLICE_X40Y219,SLICEL.C6LUT,64'h08C100C440A008C0
u_dut/lut_l0_443,LUT6,SLICE_X36Y219,SLICEL.B6LUT,64'hA0A08CCCA3083304
u_dut/lut_l0_444,LUT6,SLICE_X43Y218,SLICEL.B6LUT,64'hBEA010000081B98C
u_dut/lut_l0_445,LUT6,SLICE_X36Y219,SLICEL.C6LUT,64'h302FFD74948F40D4
u_dut/lut_l0_446,LUT6,SLICE_X35Y217,SLICEL.B6LUT,64'hAAA6EF00B0C88CCC
u_dut/lut_l0_447,LUT6,SLICE_X44Y217,SLICEL.B6LUT,64'h11EF048955D51197
u_dut/lut_l0_448,LUT6,SLICE_X38Y215,SLICEM.A6LUT,64'hC102A000CA32820A
u_dut/lut_l0_449,LUT6,SLICE_X45Y218,SLICEL.A6LUT,64'hFF2CDCA1F8E302AC
u_dut/lut_l0_45,LUT6,SLICE_X58Y222,SLICEM.A6LUT,64'h1E3A08302A2A2125
u_dut/lut_l0_450,LUT6,SLICE_X38Y219,SLICEM.C6LUT,64'hE0000008E8E0006C
u_dut/lut_l0_451,LUT6,SLICE_X44Y214,SLICEL.A6LUT,64'h50C08081C4C00080
u_dut/lut_l0_452,LUT6,SLICE_X35Y214,SLICEL.C6LUT,64'h19084102198A9E8A
u_dut/lut_l0_453,LUT6,SLICE_X40Y217,SLICEL.B6LUT,64'hCE98EC88443400B8
u_dut/lut_l0_454,LUT6,SLICE_X39Y215,SLICEL.A6LUT,64'hF8DCCDEBFD5CC442
u_dut/lut_l0_455,LUT6,SLICE_X42Y216,SLICEM.B6LUT,64'hF0890082F1000A82
u_dut/lut_l0_456,LUT6,SLICE_X44Y215,SLICEL.B6LUT,64'hE8E80C2CAAC845C4
u_dut/lut_l0_457,LUT6,SLICE_X43Y215,SLICEL.C6LUT,64'hDCC4341CC8011411
u_dut/lut_l0_458,LUT6,SLICE_X39Y215,SLICEL.B6LUT,64'h00460150885A987A
u_dut/lut_l0_459,LUT6,SLICE_X43Y220,SLICEL.A6LUT,64'h8040C45003020300
u_dut/lut_l0_46,LUT6,SLICE_X32Y226,SLICEL.A6LUT,64'hFFFE7FF6DFFEEFB2
u_dut/lut_l0_460,LUT6,SLICE_X40Y218,SLICEL.B6LUT,64'hA2AE45CDAA88C644
u_dut/lut_l0_461,LUT6,SLICE_X30Y215,SLICEL.A6LUT,64'hAA984013C8104400
u_dut/lut_l0_462,LUT6,SLICE_X39Y215,SLICEL.C6LUT,64'hA844A04000501050
u_dut/lut_l0_463,LUT6,SLICE_X38Y215,SLICEM.B6LUT,64'h2CEEEEE44A64D505
u_dut/lut_l0_464,LUT6,SLICE_X45Y216,SLICEL.B6LUT,64'h01D0C0C024CC8CCC
u_dut/lut_l0_465,LUT6,SLICE_X25Y213,SLICEL.A6LUT,64'hFEFA5FBCFCEA7EF6
u_dut/lut_l0_466,LUT6,SLICE_X42Y217,SLICEM.A6LUT,64'h0C5C88CC0E0C0A23
u_dut/lut_l0_467,LUT6,SLICE_X36Y217,SLICEL.D6LUT,64'h98AF983098822137
u_dut/lut_l0_468,LUT6,SLICE_X44Y214,SLICEL.B6LUT,64'h00F4200809008888
u_dut/lut_l0_469,LUT6,SLICE_X36Y214,SLICEL.A6LUT,64'hD0C250489180003A
u_dut/lut_l0_47,LUT6,SLICE_X44Y223,SLICEL.B6LUT,64'h40AA44D77DD10680
u_dut/lut_l0_470,LUT6,SLICE_X44Y215,SLICEL.C6LUT,64'hAE28AD880F000120
u_dut/lut_l0_471,LUT6,SLICE_X43Y216,SLICEL.B6LUT,64'h6EEC989054481030
u_dut/lut_l0_472,LUT6,SLICE_X28Y221,SLICEL.A6LUT,64'h0023C002EC76E862
u_dut/lut_l0_473,LUT6,SLICE_X34Y216,SLICEL.B6LUT,64'h88EAC8B1330040A5
u_dut/lut_l0_474,LUT6,SLICE_X28Y216,SLICEL.A6LUT,64'hB1906350FBF0FFF0
u_dut/lut_l0_475,LUT6,SLICE_X46Y218,SLICEM.A6LUT,64'h83378038C9322010
u_dut/lut_l0_476,LUT6,SLICE_X31Y215,SLICEL.B6LUT,64'hE0A0551380C10F9F
u_dut/lut_l0_477,LUT6,SLICE_X34Y220,SLICEL.A6LUT,64'hC163C151EC4AA29B
u_dut/lut_l0_478,LUT6,SLICE_X34Y215,SLICEL.A6LUT,64'hF2D1809103801A01
u_dut/lut_l0_479,LUT6,SLICE_X37Y220,SLICEL.A6LUT,64'hA2C8322005552D22
u_dut/lut_l0_48,LUT6,SLICE_X50Y220,SLICEM.D6LUT,64'h00F4EC9000FCECA4
u_dut/lut_l0_480,LUT6,SLICE_X38Y217,SLICEM.D6LUT,64'h70F044042074A58C
u_dut/lut_l0_481,LUT6,SLICE_X40Y216,SLICEL.D6LUT,64'hC7E49391CC0C1113
u_dut/lut_l0_482,LUT6,SLICE_X34Y220,SLICEL.B6LUT,64'hA202AE0CC2C2C4F2
u_dut/lut_l0_483,LUT6,SLICE_X36Y214,SLICEL.B6LUT,64'h0CE26E474D158800
u_dut/lut_l0_484,LUT6,SLICE_X34Y220,SLICEL.C6LUT,64'h8882900007A01F00
u_dut/lut_l0_485,LUT6,SLICE_X32Y216,SLICEL.A6LUT,64'hA230B044D54484CC
u_dut/lut_l0_486,LUT6,SLICE_X30Y214,SLICEL.A6LUT,64'h71F17101E1100000
u_dut/lut_l0_487,LUT6,SLICE_X34Y215,SLICEL.B6LUT,64'h6CE8BFA83D3D3520
u_dut/lut_l0_488,LUT6,SLICE_X25Y213,SLICEL.B6LUT,64'h180FEFF000EF20F1
u_dut/lut_l0_489,LUT6,SLICE_X29Y220,SLICEL.A6LUT,64'hFFA63A200C800101
u_dut/lut_l0_49,LUT6,SLICE_X49Y222,SLICEL.A6LUT,64'hDD9A862ADDD07800
u_dut/lut_l0_490,LUT6,SLICE_X29Y220,SLICEL.B6LUT,64'hF0C0E2003C092207
u_dut/lut_l0_491,LUT6,SLICE_X31Y215,SLICEL.C6LUT,64'hBA10FC037011FE01
u_dut/lut_l0_492,LUT6,SLICE_X41Y217,SLICEL.A6LUT,64'hD3C0CCA2138004AA
u_dut/lut_l0_493,LUT6,SLICE_X25Y216,SLICEL.A6LUT,64'hA045000DFCFBBCB3
u_dut/lut_l0_494,LUT6,SLICE_X30Y217,SLICEL.A6LUT,64'hF1E260840E0A06C4
u_dut/lut_l0_495,LUT6,SLICE_X32Y216,SLICEL.B6LUT,64'h1D1075A0E04D77C0
u_dut/lut_l0_496,LUT6,SLICE_X34Y216,SLICEL.C6LUT,64'h22A222E294D08090
u_dut/lut_l0_497,LUT6,SLICE_X34Y217,SLICEL.A6LUT,64'h850409800400840C
u_dut/lut_l0_498,LUT6,SLICE_X25Y217,SLICEL.A6LUT,64'hC0C00F0F40004E00
u_dut/lut_l0_499,LUT6,SLICE_X24Y216,SLICEL.A6LUT,64'h158C10EC7189A4CE
u_dut/lut_l0_5,LUT6,SLICE_X46Y222,SLICEM.D6LUT,64'h4D058428DF7D0C10
u_dut/lut_l0_50,LUT6,SLICE_X50Y225,SLICEM.D6LUT,64'hFEEBF8205F135E20
u_dut/lut_l0_500,LUT6,SLICE_X32Y218,SLICEL.A6LUT,64'hEEA540D8EA941030
u_dut/lut_l0_501,LUT6,SLICE_X30Y219,SLICEL.A6LUT,64'h50003200E850A8BA
u_dut/lut_l0_502,LUT6,SLICE_X33Y214,SLICEL.A6LUT,64'hA00890200D0C081C
u_dut/lut_l0_503,LUT6,SLICE_X28Y219,SLICEL.A6LUT,64'h7330D2550001A2AF
u_dut/lut_l0_504,LUT6,SLICE_X32Y219,SLICEL.B6LUT,64'hFCE80004080EA444
u_dut/lut_l0_505,LUT6,SLICE_X30Y223,SLICEL.A6LUT,64'h3020200064020500
u_dut/lut_l0_506,LUT6,SLICE_X29Y217,SLICEL.A6LUT,64'h1D0000320C000000
u_dut/lut_l0_507,LUT6,SLICE_X42Y218,SLICEM.A6LUT,64'hEEE8E8400051A949
u_dut/lut_l0_508,LUT6,SLICE_X22Y216,SLICEM.A6LUT,64'h04D9509D00801090
u_dut/lut_l0_509,LUT6,SLICE_X33Y217,SLICEL.B6LUT,64'h189090175080A000
u_dut/lut_l0_51,LUT6,SLICE_X51Y225,SLICEL.C6LUT,64'hD6FAC0C840AA0008
u_dut/lut_l0_510,LUT6,SLICE_X34Y215,SLICEL.C6LUT,64'h050120008B99E0AC
u_dut/lut_l0_511,LUT6,SLICE_X30Y216,SLICEL.A6LUT,64'hFA78A3DCC2008000
u_dut/lut_l0_512,LUT6,SLICE_X20Y216,SLICEM.A6LUT,64'h8C30003211470002
u_dut/lut_l0_513,LUT6,SLICE_X28Y221,SLICEL.B6LUT,64'h2215230730370A50
u_dut/lut_l0_514,LUT6,SLICE_X37Y215,SLICEL.C6LUT,64'h1010004018D90401
u_dut/lut_l0_515,LUT6,SLICE_X28Y215,SLICEL.B6LUT,64'hE2A6A4A46041400C
u_dut/lut_l0_516,LUT6,SLICE_X22Y216,SLICEM.B6LUT,64'h886040482A415171
u_dut/lut_l0_517,LUT6,SLICE_X30Y216,SLICEL.B6LUT,64'h5641BEC0FD43A8C0
u_dut/lut_l0_518,LUT6,SLICE_X20Y216,SLICEM.B6LUT,64'hF005C0012D27CD31
u_dut/lut_l0_519,LUT6,SLICE_X32Y216,SLICEL.C6LUT,64'hEBAB032280805150
u_dut/lut_l0_52,LUT6,SLICE_X51Y224,SLICEL.C6LUT,64'h3332C0D02020F0A0
u_dut/lut_l0_520,LUT6,SLICE_X34Y220,SLICEL.D6LUT,64'h4890A2110890B0B0
u_dut/lut_l0_521,LUT6,SLICE_X28Y219,SLICEL.B6LUT,64'hFE64AACCE8A1A053
u_dut/lut_l0_522,LUT6,SLICE_X30Y217,SLICEL.B6LUT,64'h200A00E8222A0A2B
u_dut/lut_l0_523,LUT6,SLICE_X29Y217,SLICEL.B6LUT,64'hAB700FF0D20A020B
u_dut/lut_l0_524,LUT6,SLICE_X24Y220,SLICEL.A6LUT,64'h97554444B05014FC
u_dut/lut_l0_525,LUT6,SLICE_X34Y221,SLICEL.A6LUT,64'h001008040004AA4C
u_dut/lut_l0_526,LUT6,SLICE_X22Y215,SLICEM.A6LUT,64'h888180015BD35013
u_dut/lut_l0_527,LUT6,SLICE_X28Y217,SLICEL.B6LUT,64'h1005E0F70C080888
u_dut/lut_l0_528,LUT6,SLICE_X28Y220,SLICEL.A6LUT,64'h4444585007FF0100
u_dut/lut_l0_529,LUT6,SLICE_X27Y220,SLICEL.A6LUT,64'hBF80BF2C1C253F0C
u_dut/lut_l0_53,LUT6,SLICE_X47Y221,SLICEL.C6LUT,64'h00282A9B2E82ABDF
u_dut/lut_l0_530,LUT6,SLICE_X30Y216,SLICEL.C6LUT,64'hA484A49784008800
u_dut/lut_l0_531,LUT6,SLICE_X28Y219,SLICEL.C6LUT,64'h25F0ECB781139580
u_dut/lut_l0_532,LUT6,SLICE_X32Y218,SLICEL.B6LUT,64'h331023800B0B0102
u_dut/lut_l0_533,LUT6,SLICE_X34Y218,SLICEL.D6LUT,64'hFA4A0444984022DC
u_dut/lut_l0_534,LUT6,SLICE_X29Y217,SLICEL.C6LUT,64'hC9FA75AAC800B7A5
u_dut/lut_l0_535,LUT6,SLICE_X23Y216,SLICEL.A6LUT,64'h0A62493468E0D424
u_dut/lut_l0_536,LUT6,SLICE_X32Y218,SLICEL.C6LUT,64'h809D8037A09F8080
u_dut/lut_l0_537,LUT6,SLICE_X25Y216,SLICEL.B6LUT,64'hC0A488AA01033F2A
u_dut/lut_l0_538,LUT6,SLICE_X30Y219,SLICEL.B6LUT,64'h501B400044D14502
u_dut/lut_l0_539,LUT6,SLICE_X22Y216,SLICEM.C6LUT,64'h74E84C4CD5302218
u_dut/lut_l0_54,LUT6,SLICE_X29Y227,SLICEL.A6LUT,64'hBF88DF35EAC0E8F5
u_dut/lut_l0_540,LUT6,SLICE_X35Y217,SLICEL.C6LUT,64'h741000A85612E0BF
u_dut/lut_l0_541,LUT6,SLICE_X32Y219,SLICEL.C6LUT,64'h5B286ADD28040C44
u_dut/lut_l0_542,LUT6,SLICE_X33Y217,SLICEL.C6LUT,64'h0F084A80A080B3AA
u_dut/lut_l0_543,LUT6,SLICE_X34Y217,SLICEL.B6LUT,64'h00AA4C4900BDD303
u_dut/lut_l0_544,LUT6,SLICE_X33Y217,SLICEL.D6LUT,64'h812160C3110C480C
u_dut/lut_l0_545,LUT6,SLICE_X30Y221,SLICEL.A6LUT,64'hFC41E64A5099A519
u_dut/lut_l0_546,LUT6,SLICE_X28Y220,SLICEL.B6LUT,64'hD480D0A3435F88AB
u_dut/lut_l0_547,LUT6,SLICE_X22Y217,SLICEM.A6LUT,64'h331C002A40442A6F
u_dut/lut_l0_548,LUT6,SLICE_X25Y215,SLICEL.A6LUT,64'h77016F027F04FD00
u_dut/lut_l0_549,LUT6,SLICE_X43Y216,SLICEL.C6LUT,64'h30313081AA550B05
u_dut/lut_l0_55,LUT6,SLICE_X42Y222,SLICEM.C6LUT,64'hEF30DF2CFDF3FF63
u_dut/lut_l0_550,LUT6,SLICE_X37Y215,SLICEL.D6LUT,64'hFCC00852B8E1AA53
u_dut/lut_l0_551,LUT6,SLICE_X28Y216,SLICEL.B6LUT,64'hAE00577005045FCC
u_dut/lut_l0_552,LUT6,SLICE_X28Y215,SLICEL.C6LUT,64'hC4C04A2240222F08
u_dut/lut_l0_553,LUT6,SLICE_X34Y217,SLICEL.C6LUT,64'hBA05454498101030
u_dut/lut_l0_554,LUT6,SLICE_X34Y216,SLICEL.D6LUT,64'h7C39D030C9C1C0D0
u_dut/lut_l0_555,LUT6,SLICE_X24Y216,SLICEL.B6LUT,64'h08039C67FCA20C26
u_dut/lut_l0_556,LUT6,SLICE_X25Y215,SLICEL.B6LUT,64'hD9F1BE0F10E0A000
u_dut/lut_l0_557,LUT6,SLICE_X22Y220,SLICEM.A6LUT,64'h310B2183325A2200
u_dut/lut_l0_558,LUT6,SLICE_X25Y215,SLICEL.C6LUT,64'hAB800308A0090AC0
u_dut/lut_l0_559,LUT6,SLICE_X24Y215,SLICEL.A6LUT,64'h888898880A024800
u_dut/lut_l0_56,LUT6,SLICE_X48Y223,SLICEL.C6LUT,64'h1E151F13FF10F1B0
u_dut/lut_l0_560,LUT6,SLICE_X30Y215,SLICEL.B6LUT,64'h57500004A880301C
u_dut/lut_l0_561,LUT6,SLICE_X24Y219,SLICEL.A6LUT,64'h4C58CAD86E512650
u_dut/lut_l0_562,LUT6,SLICE_X23Y216,SLICEL.B6LUT,64'h22002AD0297F1090
u_dut/lut_l0_563,LUT6,SLICE_X29Y220,SLICEL.C6LUT,64'hE7C1E8C0E6BBC488
u_dut/lut_l0_564,LUT6,SLICE_X28Y221,SLICEL.C6LUT,64'hFFA223BA372631AE
u_dut/lut_l0_565,LUT6,SLICE_X27Y218,SLICEL.A6LUT,64'h7D39B0800F083BB2
u_dut/lut_l0_566,LUT6,SLICE_X30Y216,SLICEL.D6LUT,64'h80CC8000A18E1F08
u_dut/lut_l0_567,LUT6,SLICE_X37Y218,SLICEL.C6LUT,64'h32A2002F3A8010A0
u_dut/lut_l0_568,LUT6,SLICE_X32Y214,SLICEL.A6LUT,64'h04034000AC0F8B13
u_dut/lut_l0_569,LUT6,SLICE_X35Y217,SLICEL.D6LUT,64'hE060EF60EA424348
u_dut/lut_l0_57,LUT6,SLICE_X52Y220,SLICEM.D6LUT,64'h0ECFBBF4C2C2AAA0
u_dut/lut_l0_570,LUT6,SLICE_X32Y216,SLICEL.D6LUT,64'h13FF8080C0C43050
u_dut/lut_l0_571,LUT6,SLICE_X25Y217,SLICEL.B6LUT,64'hC88AAA8AD8E272C2
u_dut/lut_l0_572,LUT6,SLICE_X34Y219,SLICEL.B6LUT,64'h0584185F440688CC
u_dut/lut_l0_573,LUT6,SLICE_X29Y217,SLICEL.D6LUT,64'h7F5FFF7FFF6EDEC8
u_dut/lut_l0_574,LUT6,SLICE_X26Y222,SLICEL.A6LUT,64'h0CC8741069003362
u_dut/lut_l0_575,LUT6,SLICE_X36Y219,SLICEL.D6LUT,64'h70CCFB10C82A7F22
u_dut/lut_l0_576,LUT6,SLICE_X28Y215,SLICEL.D6LUT,64'hFC6021ED08C90D39
u_dut/lut_l0_577,LUT6,SLICE_X22Y220,SLICEM.B6LUT,64'hC4F28A8AF8F0B303
u_dut/lut_l0_578,LUT6,SLICE_X32Y217,SLICEL.A6LUT,64'hE00300D3800000EA
u_dut/lut_l0_579,LUT6,SLICE_X37Y220,SLICEL.B6LUT,64'hF001C820058D202A
u_dut/lut_l0_58,LUT6,SLICE_X49Y227,SLICEL.A6LUT,64'h181F180B17F7088F
u_dut/lut_l0_580,LUT6,SLICE_X34Y219,SLICEL.C6LUT,64'h3881C0051010FDD0
u_dut/lut_l0_581,LUT6,SLICE_X26Y222,SLICEL.B6LUT,64'h34300CCF2020A8EA
u_dut/lut_l0_582,LUT6,SLICE_X32Y219,SLICEL.D6LUT,64'h0C221D0348228000
u_dut/lut_l0_583,LUT6,SLICE_X22Y217,SLICEM.B6LUT,64'h0211E080EEDF88A0
u_dut/lut_l0_584,LUT6,SLICE_X28Y217,SLICEL.C6LUT,64'h0559073705072222
u_dut/lut_l0_585,LUT6,SLICE_X27Y220,SLICEL.B6LUT,64'hBE287428220044CF
u_dut/lut_l0_586,LUT6,SLICE_X31Y218,SLICEL.A6LUT,64'hD44C48409198C060
u_dut/lut_l0_587,LUT6,SLICE_X28Y220,SLICEL.C6LUT,64'h6F80FF5019905D40
u_dut/lut_l0_588,LUT6,SLICE_X31Y218,SLICEL.B6LUT,64'h4445405100000108
u_dut/lut_l0_589,LUT6,SLICE_X32Y217,SLICEL.B6LUT,64'hF1BCCC8C040C080A
u_dut/lut_l0_59,LUT6,SLICE_X33Y223,SLICEL.A6LUT,64'hE8D8D833CBD7DFFF
u_dut/lut_l0_590,LUT6,SLICE_X24Y216,SLICEL.C6LUT,64'hF612F42DD3A86C01
u_dut/lut_l0_591,LUT6,SLICE_X22Y220,SLICEM.C6LUT,64'hAA948EB44400CF04
u_dut/lut_l0_592,LUT6,SLICE_X31Y215,SLICEL.D6LUT,64'hA8EDE8A1530FD101
u_dut/lut_l0_593,LUT6,SLICE_X31Y218,SLICEL.C6LUT,64'h70CEC0C931003031
u_dut/lut_l0_594,LUT6,SLICE_X32Y217,SLICEL.C6LUT,64'hA0A584C4BB0F480C
u_dut/lut_l0_595,LUT6,SLICE_X31Y218,SLICEL.D6LUT,64'h4D338CAA8E138ADC
u_dut/lut_l0_596,LUT6,SLICE_X30Y221,SLICEL.B6LUT,64'h0A0808F008398075
u_dut/lut_l0_597,LUT6,SLICE_X37Y220,SLICEL.C6LUT,64'hE4B364B4E5034400
u_dut/lut_l0_598,LUT6,SLICE_X34Y217,SLICEL.D6LUT,64'hDF893A1891A81298
u_dut/lut_l0_599,LUT6,SLICE_X28Y217,SLICEL.D6LUT,64'hBB5B020020730048
u_dut/lut_l0_6,LUT6,SLICE_X50Y223,SLICEM.C6LUT,64'h8103C38DBAD5F8F8
u_dut/lut_l0_60,LUT6,SLICE_X47Y226,SLICEL.C6LUT,64'hFCE6E0E0FAE2F3BB
u_dut/lut_l0_600,LUT6,SLICE_X38Y223,SLICEM.B6LUT,64'h50B45510501210B7
u_dut/lut_l0_601,LUT6,SLICE_X28Y229,SLICEL.B6LUT,64'h02010F060703170A
u_dut/lut_l0_602,LUT6,SLICE_X34Y229,SLICEL.A6LUT,64'h1400010205820381
u_dut/lut_l0_603,LUT6,SLICE_X32Y224,SLICEL.B6LUT,64'h705050A0707F5422
u_dut/lut_l0_604,LUT6,SLICE_X33Y223,SLICEL.B6LUT,64'h0115001124CD1913
u_dut/lut_l0_605,LUT6,SLICE_X35Y223,SLICEL.A6LUT,64'h00273D35004D1414
u_dut/lut_l0_606,LUT6,SLICE_X39Y224,SLICEL.D6LUT,64'h3500000777000020
u_dut/lut_l0_607,LUT6,SLICE_X36Y226,SLICEL.C6LUT,64'h1D0F0508DFDD53D8
u_dut/lut_l0_608,LUT6,SLICE_X36Y222,SLICEL.A6LUT,64'h83180040111F0240
u_dut/lut_l0_609,LUT6,SLICE_X34Y221,SLICEL.B6LUT,64'h002140652D2961E1
u_dut/lut_l0_61,LUT6,SLICE_X50Y221,SLICEM.D6LUT,64'hECE3CD818D01DDDD
u_dut/lut_l0_610,LUT6,SLICE_X37Y229,SLICEL.C6LUT,64'h0B9B02CA0A880001
u_dut/lut_l0_611,LUT6,SLICE_X36Y231,SLICEL.A6LUT,64'h0000000C40CCCCCC
u_dut/lut_l0_612,LUT6,SLICE_X35Y231,SLICEL.A6LUT,64'h02020322813103B7
u_dut/lut_l0_613,LUT6,SLICE_X36Y230,SLICEL.A6LUT,64'h8015545C00201000
u_dut/lut_l0_614,LUT6,SLICE_X36Y230,SLICEL.B6LUT,64'h0032223A00003230
u_dut/lut_l0_615,LUT6,SLICE_X39Y230,SLICEL.B6LUT,64'h11110414101D40DF
u_dut/lut_l0_616,LUT6,SLICE_X34Y224,SLICEL.B6LUT,64'h991B000080500040
u_dut/lut_l0_617,LUT6,SLICE_X36Y228,SLICEL.C6LUT,64'h80003CEC00007EF6
u_dut/lut_l0_618,LUT6,SLICE_X38Y225,SLICEM.B6LUT,64'h72B330B300480105
u_dut/lut_l0_619,LUT6,SLICE_X36Y230,SLICEL.C6LUT,64'h00D40001D55D4121
u_dut/lut_l0_62,LUT6,SLICE_X51Y224,SLICEL.D6LUT,64'h96300008AAEFAACC
u_dut/lut_l0_620,LUT6,SLICE_X34Y221,SLICEL.C6LUT,64'h050004405F0844C0
u_dut/lut_l0_621,LUT6,SLICE_X30Y229,SLICEL.B6LUT,64'h08DD42490DDD5E5D
u_dut/lut_l0_622,LUT6,SLICE_X38Y222,SLICEM.B6LUT,64'h141511115D8D1909
u_dut/lut_l0_623,LUT6,SLICE_X34Y230,SLICEL.A6LUT,64'h0004034800000072
u_dut/lut_l0_624,LUT6,SLICE_X36Y231,SLICEL.B6LUT,64'h04050101C49D135F
u_dut/lut_l0_625,LUT6,SLICE_X36Y227,SLICEL.B6LUT,64'h0C0F0404DD45048A
u_dut/lut_l0_626,LUT6,SLICE_X36Y230,SLICEL.D6LUT,64'h0401081071F31010
u_dut/lut_l0_627,LUT6,SLICE_X32Y230,SLICEL.A6LUT,64'h20C000C000C021C1
u_dut/lut_l0_628,LUT6,SLICE_X32Y230,SLICEL.B6LUT,64'h13110FB01007DF17
u_dut/lut_l0_629,LUT6,SLICE_X30Y227,SLICEL.B6LUT,64'h95050F0F01011387
u_dut/lut_l0_63,LUT6,SLICE_X40Y229,SLICEL.D6LUT,64'h37CD208232A22028
u_dut/lut_l0_630,LUT6,SLICE_X38Y230,SLICEM.A6LUT,64'h0E080402EE882000
u_dut/lut_l0_631,LUT6,SLICE_X38Y222,SLICEM.C6LUT,64'h001404B4100898B0
u_dut/lut_l0_632,LUT6,SLICE_X35Y230,SLICEL.A6LUT,64'h00C40101454C4164
u_dut/lut_l0_633,LUT6,SLICE_X35Y230,SLICEL.B6LUT,64'h0005200701F78077
u_dut/lut_l0_634,LUT6,SLICE_X39Y230,SLICEL.C6LUT,64'h2200E30802550612
u_dut/lut_l0_635,LUT6,SLICE_X36Y231,SLICEL.C6LUT,64'h0000012F0001000D
u_dut/lut_l0_636,LUT6,SLICE_X33Y228,SLICEL.B6LUT,64'h0F01A70001822700
u_dut/lut_l0_637,LUT6,SLICE_X32Y231,SLICEL.A6LUT,64'h8BC82365ADC92565
u_dut/lut_l0_638,LUT6,SLICE_X34Y227,SLICEL.A6LUT,64'h11503B13385C926E
u_dut/lut_l0_639,LUT6,SLICE_X32Y228,SLICEL.A6LUT,64'hAB032F0780116405
u_dut/lut_l0_64,LUT6,SLICE_X51Y221,SLICEL.D6LUT,64'hEAEEC6E0F49CCE66
u_dut/lut_l0_640,LUT6,SLICE_X32Y226,SLICEL.B6LUT,64'h40AA02B044A15191
u_dut/lut_l0_641,LUT6,SLICE_X32Y231,SLICEL.B6LUT,64'h054404008E8C0401
u_dut/lut_l0_642,LUT6,SLICE_X32Y226,SLICEL.C6LUT,64'hA2000320F354E3BF
u_dut/lut_l0_643,LUT6,SLICE_X36Y231,SLICEL.D6LUT,64'hB8055455000C0113
u_dut/lut_l0_644,LUT6,SLICE_X33Y230,SLICEL.A6LUT,64'h09200CA03E00AF15
u_dut/lut_l0_645,LUT6,SLICE_X32Y227,SLICEL.A6LUT,64'h007B004022F0020B
u_dut/lut_l0_646,LUT6,SLICE_X32Y229,SLICEL.B6LUT,64'h03EC444708040100
u_dut/lut_l0_647,LUT6,SLICE_X34Y229,SLICEL.B6LUT,64'h3200F2003202F28E
u_dut/lut_l0_648,LUT6,SLICE_X36Y227,SLICEL.C6LUT,64'h00000A0010008200
u_dut/lut_l0_649,LUT6,SLICE_X33Y231,SLICEL.A6LUT,64'h00004040D0E050C0
u_dut/lut_l0_65,LUT6,SLICE_X50Y222,SLICEM.C6LUT,64'hDE1DFEFAEA00C90F
u_dut/lut_l0_650,LUT6,SLICE_X41Y229,SLICEL.C6LUT,64'h0008035000000034
u_dut/lut_l0_651,LUT6,SLICE_X34Y227,SLICEL.B6LUT,64'h420140C477077F47
u_dut/lut_l0_652,LUT6,SLICE_X32Y228,SLICEL.B6LUT,64'hD0FFC87C00DD0555
u_dut/lut_l0_653,LUT6,SLICE_X38Y230,SLICEM.B6LUT,64'h330326A17F3892F0
u_dut/lut_l0_654,LUT6,SLICE_X37Y231,SLICEL.A6LUT,64'h000031B320012028
u_dut/lut_l0_655,LUT6,SLICE_X41Y229,SLICEL.D6LUT,64'h0F0000100701100C
u_dut/lut_l0_656,LUT6,SLICE_X37Y229,SLICEL.D6LUT,64'h0406044C10B6142C
u_dut/lut_l0_657,LUT6,SLICE_X32Y226,SLICEL.D6LUT,64'h0C040D0C11330108
u_dut/lut_l0_658,LUT6,SLICE_X38Y223,SLICEM.C6LUT,64'h5013513120232220
u_dut/lut_l0_659,LUT6,SLICE_X38Y227,SLICEM.D6LUT,64'h8A8B59AB8A020038
u_dut/lut_l0_66,LUT6,SLICE_X49Y222,SLICEL.B6LUT,64'hC1C426AEF5C48040
u_dut/lut_l0_660,LUT6,SLICE_X34Y229,SLICEL.C6LUT,64'h0205000801000084
u_dut/lut_l0_661,LUT6,SLICE_X34Y226,SLICEL.C6LUT,64'h82C60010CBCC4676
u_dut/lut_l0_662,LUT6,SLICE_X26Y226,SLICEL.B6LUT,64'h363F00B021220402
u_dut/lut_l0_663,LUT6,SLICE_X38Y230,SLICEM.C6LUT,64'h48010A00000903FE
u_dut/lut_l0_664,LUT6,SLICE_X35Y230,SLICEL.C6LUT,64'h0030101400F41111
u_dut/lut_l0_665,LUT6,SLICE_X33Y230,SLICEL.B6LUT,64'h00468ECC21A020A0
u_dut/lut_l0_666,LUT6,SLICE_X36Y228,SLICEL.D6LUT,64'hF98E2C627EDD7EE1
u_dut/lut_l0_667,LUT6,SLICE_X35Y223,SLICEL.B6LUT,64'h5131056555F155F7
u_dut/lut_l0_668,LUT6,SLICE_X34Y227,SLICEL.C6LUT,64'h01131FBF1DDFDFFF
u_dut/lut_l0_669,LUT6,SLICE_X34Y223,SLICEL.A6LUT,64'h81C01519000EC14B
u_dut/lut_l0_67,LUT6,SLICE_X49Y224,SLICEL.C6LUT,64'hFFBBE882CBCFF2F0
u_dut/lut_l0_670,LUT6,SLICE_X31Y229,SLICEL.A6LUT,64'h0540155765024547
u_dut/lut_l0_671,LUT6,SLICE_X34Y224,SLICEL.C6LUT,64'h0001004010800204
u_dut/lut_l0_672,LUT6,SLICE_X27Y231,SLICEL.A6LUT,64'h43034FE700010505
u_dut/lut_l0_673,LUT6,SLICE_X26Y231,SLICEL.A6LUT,64'hE8000F0020215300
u_dut/lut_l0_674,LUT6,SLICE_X28Y222,SLICEL.B6LUT,64'h001C8D1C0D1C8F1E
u_dut/lut_l0_675,LUT6,SLICE_X27Y231,SLICEL.B6LUT,64'hE4060416C3642044
u_dut/lut_l0_676,LUT6,SLICE_X24Y226,SLICEL.A6LUT,64'h001B0001074D5547
u_dut/lut_l0_677,LUT6,SLICE_X31Y229,SLICEL.B6LUT,64'h00000450030590C3
u_dut/lut_l0_678,LUT6,SLICE_X30Y231,SLICEL.A6LUT,64'h804C810404060546
u_dut/lut_l0_679,LUT6,SLICE_X32Y229,SLICEL.C6LUT,64'h0D010F00A55305CD
u_dut/lut_l0_68,LUT6,SLICE_X47Y227,SLICEL.D6LUT,64'hC917E8A0F977C008
u_dut/lut_l0_680,LUT6,SLICE_X29Y230,SLICEL.A6LUT,64'h10009003F70055A1
u_dut/lut_l0_681,LUT6,SLICE_X25Y230,SLICEL.A6LUT,64'h3100000130B70304
u_dut/lut_l0_682,LUT6,SLICE_X30Y231,SLICEL.B6LUT,64'h9115533710D533FE
u_dut/lut_l0_683,LUT6,SLICE_X36Y222,SLICEL.B6LUT,64'h800C8C0404CFEC66
u_dut/lut_l0_684,LUT6,SLICE_X29Y230,SLICEL.B6LUT,64'h0E0A00009B4B915F
u_dut/lut_l0_685,LUT6,SLICE_X38Y223,SLICEM.D6LUT,64'h88000008100C102A
u_dut/lut_l0_686,LUT6,SLICE_X28Y229,SLICEL.C6LUT,64'h0000080004011109
u_dut/lut_l0_687,LUT6,SLICE_X32Y227,SLICEL.B6LUT,64'h075B000003BB0145
u_dut/lut_l0_688,LUT6,SLICE_X30Y230,SLICEL.A6LUT,64'h4D44547D0E048500
u_dut/lut_l0_689,LUT6,SLICE_X30Y230,SLICEL.B6LUT,64'h64443C1F04213D39
u_dut/lut_l0_69,LUT6,SLICE_X47Y226,SLICEL.D6LUT,64'h76FF00F744CFF000
u_dut/lut_l0_690,LUT6,SLICE_X33Y228,SLICEL.C6LUT,64'h0000000000020103
u_dut/lut_l0_691,LUT6,SLICE_X30Y230,SLICEL.C6LUT,64'h70004510FEDE0DC5
u_dut/lut_l0_692,LUT6,SLICE_X31Y229,SLICEL.C6LUT,64'hDF9D0222D1DD080E
u_dut/lut_l0_693,LUT6,SLICE_X32Y223,SLICEL.B6LUT,64'h8090001100202020
u_dut/lut_l0_694,LUT6,SLICE_X30Y231,SLICEL.C6LUT,64'hC940AEFF4641020B
u_dut/lut_l0_695,LUT6,SLICE_X27Y227,SLICEL.A6LUT,64'h0195C34F01004D0D
u_dut/lut_l0_696,LUT6,SLICE_X27Y227,SLICEL.B6LUT,64'h000B04CF0002565F
u_dut/lut_l0_697,LUT6,SLICE_X32Y230,SLICEL.C6LUT,64'h0104000813001004
u_dut/lut_l0_698,LUT6,SLICE_X32Y227,SLICEL.C6LUT,64'h101D00312000002A
u_dut/lut_l0_699,LUT6,SLICE_X28Y223,SLICEL.B6LUT,64'h810C0B14AA20FF40
u_dut/lut_l0_7,LUT6,SLICE_X47Y224,SLICEL.C6LUT,64'h5640BB9040F2CDF0
u_dut/lut_l0_70,LUT6,SLICE_X45Y218,SLICEL.B6LUT,64'h5757D50FFFE48406
u_dut/lut_l0_700,LUT6,SLICE_X26Y224,SLICEL.A6LUT,64'h0004054000811600
u_dut/lut_l0_701,LUT6,SLICE_X26Y225,SLICEL.A6LUT,64'h7604204F7218605F
u_dut/lut_l0_702,LUT6,SLICE_X27Y230,SLICEL.A6LUT,64'h0001000708004000
u_dut/lut_l0_703,LUT6,SLICE_X36Y222,SLICEL.C6LUT,64'h800080F0030103FF
u_dut/lut_l0_704,LUT6,SLICE_X30Y229,SLICEL.C6LUT,64'h191051440005C501
u_dut/lut_l0_705,LUT6,SLICE_X25Y231,SLICEL.B6LUT,64'h9040505572303405
u_dut/lut_l0_706,LUT6,SLICE_X32Y230,SLICEL.D6LUT,64'h0C2A08200CAE0B17
u_dut/lut_l0_707,LUT6,SLICE_X36Y222,SLICEL.D6LUT,64'h00040010F4ACE980
u_dut/lut_l0_708,LUT6,SLICE_X27Y230,SLICEL.B6LUT,64'h16B7A0B0367444A4
u_dut/lut_l0_709,LUT6,SLICE_X31Y230,SLICEL.A6LUT,64'h1001200800000090
u_dut/lut_l0_71,LUT6,SLICE_X50Y223,SLICEM.D6LUT,64'hFEE0CD88E0E84588
u_dut/lut_l0_710,LUT6,SLICE_X28Y222,SLICEL.C6LUT,64'h280700012AE729B3
u_dut/lut_l0_711,LUT6,SLICE_X26Y226,SLICEL.C6LUT,64'h7F550006313522AA
u_dut/lut_l0_712,LUT6,SLICE_X26Y230,SLICEL.A6LUT,64'h0000000100000180
u_dut/lut_l0_713,LUT6,SLICE_X29Y230,SLICEL.C6LUT,64'h8505884700120280
u_dut/lut_l0_714,LUT6,SLICE_X28Y226,SLICEL.A6LUT,64'h410030DBB1FC558D
u_dut/lut_l0_715,LUT6,SLICE_X25Y231,SLICEL.C6LUT,64'h20103B0020106B02
u_dut/lut_l0_716,LUT6,SLICE_X26Y225,SLICEL.B6LUT,64'h00082105C0F0617D
u_dut/lut_l0_717,LUT6,SLICE_X34Y229,SLICEL.D6LUT,64'h007500D500170515
u_dut/lut_l0_718,LUT6,SLICE_X25Y230,SLICEL.B6LUT,64'h0010001200040000
u_dut/lut_l0_719,LUT6,SLICE_X28Y229,SLICEL.D6LUT,64'h0000000014050101
u_dut/lut_l0_72,LUT6,SLICE_X48Y222,SLICEL.D6LUT,64'hB9CC8F0F99749470
u_dut/lut_l0_720,LUT6,SLICE_X30Y230,SLICEL.D6LUT,64'h0800005500000001
u_dut/lut_l0_721,LUT6,SLICE_X28Y223,SLICEL.C6LUT,64'h8104010085880540
u_dut/lut_l0_722,LUT6,SLICE_X28Y224,SLICEL.A6LUT,64'h0000002020622022
u_dut/lut_l0_723,LUT6,SLICE_X31Y230,SLICEL.B6LUT,64'h0100000441120000
u_dut/lut_l0_724,LUT6,SLICE_X31Y220,SLICEL.A6LUT,64'h80282026208424AE
u_dut/lut_l0_725,LUT6,SLICE_X32Y223,SLICEL.C6LUT,64'h0C00004C80200346
u_dut/lut_l0_726,LUT6,SLICE_X24Y230,SLICEL.A6LUT,64'h0900010005003309
u_dut/lut_l0_727,LUT6,SLICE_X31Y229,SLICEL.D6LUT,64'h022711011055002B
u_dut/lut_l0_728,LUT6,SLICE_X29Y230,SLICEL.D6LUT,64'h22363B2F54050837
u_dut/lut_l0_729,LUT6,SLICE_X31Y230,SLICEL.C6LUT,64'h048004050505DC5F
u_dut/lut_l0_73,LUT6,SLICE_X48Y225,SLICEL.C6LUT,64'h8680CE6CC5CD80CF
u_dut/lut_l0_730,LUT6,SLICE_X36Y229,SLICEL.C6LUT,64'h3F1F050800100410
u_dut/lut_l0_731,LUT6,SLICE_X30Y228,SLICEL.A6LUT,64'h004C0045445C8587
u_dut/lut_l0_732,LUT6,SLICE_X28Y219,SLICEL.D6LUT,64'h008F00FF00072F77
u_dut/lut_l0_733,LUT6,SLICE_X28Y226,SLICEL.B6LUT,64'h3107143785331537
u_dut/lut_l0_734,LUT6,SLICE_X26Y222,SLICEL.C6LUT,64'h00015103018101A5
u_dut/lut_l0_735,LUT6,SLICE_X32Y224,SLICEL.C6LUT,64'h0045203001EC0130
u_dut/lut_l0_736,LUT6,SLICE_X27Y231,SLICEL.C6LUT,64'h00040557800CCF9F
u_dut/lut_l0_737,LUT6,SLICE_X30Y229,SLICEL.D6LUT,64'h0000000000821332
u_dut/lut_l0_738,LUT6,SLICE_X32Y231,SLICEL.C6LUT,64'hA000030001000900
u_dut/lut_l0_739,LUT6,SLICE_X26Y231,SLICEL.B6LUT,64'h8140817200450005
u_dut/lut_l0_74,LUT6,SLICE_X47Y229,SLICEL.A6LUT,64'hCDCBCDD8FEC84400
u_dut/lut_l0_740,LUT6,SLICE_X26Y230,SLICEL.B6LUT,64'h0F158C001F840E3A
u_dut/lut_l0_741,LUT6,SLICE_X26Y230,SLICEL.C6LUT,64'h4445447711081517
u_dut/lut_l0_742,LUT6,SLICE_X27Y231,SLICEL.D6LUT,64'h14280212022A115B
u_dut/lut_l0_743,LUT6,SLICE_X25Y230,SLICEL.C6LUT,64'h010013012B217707
u_dut/lut_l0_744,LUT6,SLICE_X34Y230,SLICEL.B6LUT,64'h4200460900200203
u_dut/lut_l0_745,LUT6,SLICE_X28Y224,SLICEL.B6LUT,64'hB20011035E4F4413
u_dut/lut_l0_746,LUT6,SLICE_X34Y230,SLICEL.C6LUT,64'h0020003100C009F5
u_dut/lut_l0_747,LUT6,SLICE_X30Y227,SLICEL.C6LUT,64'hC3A40F0CC68C0FDF
u_dut/lut_l0_748,LUT6,SLICE_X34Y231,SLICEL.A6LUT,64'h0071000030710040
u_dut/lut_l0_749,LUT6,SLICE_X32Y225,SLICEL.A6LUT,64'h0000938054C4D7E3
u_dut/lut_l0_75,LUT6,SLICE_X46Y221,SLICEM.C6LUT,64'hAAAFC867CC0CEC88
u_dut/lut_l0_750,LUT6,SLICE_X33Y230,SLICEL.C6LUT,64'h000040CC8055555D
u_dut/lut_l0_751,LUT6,SLICE_X35Y230,SLICEL.D6LUT,64'h5176033040306C10
u_dut/lut_l0_752,LUT6,SLICE_X35Y231,SLICEL.B6LUT,64'h001F031F00020007
u_dut/lut_l0_753,LUT6,SLICE_X34Y230,SLICEL.D6LUT,64'h9033100B50751407
u_dut/lut_l0_754,LUT6,SLICE_X34Y227,SLICEL.D6LUT,64'h8101501500030077
u_dut/lut_l0_755,LUT6,SLICE_X36Y229,SLICEL.D6LUT,64'h00212131003A23BB
u_dut/lut_l0_756,LUT6,SLICE_X30Y228,SLICEL.B6LUT,64'h2AA24E2A2A152A6A
u_dut/lut_l0_757,LUT6,SLICE_X24Y226,SLICEL.B6LUT,64'h8005000020158005
u_dut/lut_l0_758,LUT6,SLICE_X34Y231,SLICEL.B6LUT,64'h8080000001000A1A
u_dut/lut_l0_759,LUT6,SLICE_X30Y226,SLICEL.A6LUT,64'h24BB23BE36FFFFDD
u_dut/lut_l0_76,LUT6,SLICE_X42Y223,SLICEM.C6LUT,64'h8EBBFEFC4F88C600
u_dut/lut_l0_760,LUT6,SLICE_X30Y228,SLICEL.C6LUT,64'h100093005400C42C
u_dut/lut_l0_761,LUT6,SLICE_X31Y230,SLICEL.D6LUT,64'h00E42C8C04850D1B
u_dut/lut_l0_762,LUT6,SLICE_X30Y231,SLICEL.D6LUT,64'h1220192133003905
u_dut/lut_l0_763,LUT6,SLICE_X38Y230,SLICEM.D6LUT,64'h000007010C0C0D01
u_dut/lut_l0_764,LUT6,SLICE_X33Y228,SLICEL.D6LUT,64'h0202000300C288C1
u_dut/lut_l0_765,LUT6,SLICE_X34Y231,SLICEL.C6LUT,64'hC8800022A022002A
u_dut/lut_l0_766,LUT6,SLICE_X35Y231,SLICEL.C6LUT,64'h0000000300020307
u_dut/lut_l0_767,LUT6,SLICE_X30Y227,SLICEL.D6LUT,64'h0851E07157333400
u_dut/lut_l0_768,LUT6,SLICE_X26Y228,SLICEL.A6LUT,64'h00000000000D0105
u_dut/lut_l0_769,LUT6,SLICE_X24Y223,SLICEL.A6LUT,64'h101131F51551F7F3
u_dut/lut_l0_77,LUT6,SLICE_X47Y229,SLICEL.B6LUT,64'hE9EA1F1EA5A07D78
u_dut/lut_l0_770,LUT6,SLICE_X28Y220,SLICEL.D6LUT,64'h6201400173B372CF
u_dut/lut_l0_771,LUT6,SLICE_X26Y224,SLICEL.B6LUT,64'h0C0A0E0B08003009
u_dut/lut_l0_772,LUT6,SLICE_X26Y230,SLICEL.D6LUT,64'h7073CC5F7773734D
u_dut/lut_l0_773,LUT6,SLICE_X30Y223,SLICEL.B6LUT,64'h1A23852A01028004
u_dut/lut_l0_774,LUT6,SLICE_X24Y231,SLICEL.A6LUT,64'h900000708030047A
u_dut/lut_l0_775,LUT6,SLICE_X23Y227,SLICEL.A6LUT,64'hA0130001005D0000
u_dut/lut_l0_776,LUT6,SLICE_X24Y223,SLICEL.B6LUT,64'h8C3304001F330140
u_dut/lut_l0_777,LUT6,SLICE_X23Y228,SLICEL.A6LUT,64'h071240010B8CCFCC
u_dut/lut_l0_778,LUT6,SLICE_X25Y225,SLICEL.A6LUT,64'h02020B01AAE7A2B5
u_dut/lut_l0_779,LUT6,SLICE_X23Y230,SLICEL.A6LUT,64'h00400928E521EDFD
u_dut/lut_l0_78,LUT6,SLICE_X49Y226,SLICEL.D6LUT,64'h00EF00A0E927F070
u_dut/lut_l0_780,LUT6,SLICE_X24Y223,SLICEL.C6LUT,64'h00100022039170F2
u_dut/lut_l0_781,LUT6,SLICE_X27Y230,SLICEL.C6LUT,64'h0480131102402014
u_dut/lut_l0_782,LUT6,SLICE_X26Y231,SLICEL.C6LUT,64'h08091181881F4D2D
u_dut/lut_l0_783,LUT6,SLICE_X24Y226,SLICEL.C6LUT,64'h037F80531DFF47FD
u_dut/lut_l0_784,LUT6,SLICE_X24Y224,SLICEL.A6LUT,64'h0406C4B31C05DDD7
u_dut/lut_l0_785,LUT6,SLICE_X26Y224,SLICEL.C6LUT,64'h1000020004044800
u_dut/lut_l0_786,LUT6,SLICE_X26Y224,SLICEL.D6LUT,64'hA04F006200080000
u_dut/lut_l0_787,LUT6,SLICE_X24Y231,SLICEL.B6LUT,64'h0C001F001737370E
u_dut/lut_l0_788,LUT6,SLICE_X32Y223,SLICEL.D6LUT,64'h000010004F043050
u_dut/lut_l0_789,LUT6,SLICE_X25Y227,SLICEL.A6LUT,64'h010033115001134C
u_dut/lut_l0_79,LUT6,SLICE_X39Y225,SLICEL.D6LUT,64'h001000EDA9EB6367
u_dut/lut_l0_790,LUT6,SLICE_X28Y226,SLICEL.C6LUT,64'h0B03004D4F0B8444
u_dut/lut_l0_791,LUT6,SLICE_X24Y228,SLICEL.A6LUT,64'h0277AA600241A040
u_dut/lut_l0_792,LUT6,SLICE_X32Y228,SLICEL.C6LUT,64'h0000E13B0854E52F
u_dut/lut_l0_793,LUT6,SLICE_X35Y226,SLICEL.C6LUT,64'h55150D311151DD30
u_dut/lut_l0_794,LUT6,SLICE_X30Y223,SLICEL.C6LUT,64'h0000000000000000
u_dut/lut_l0_795,LUT6,SLICE_X32Y225,SLICEL.B6LUT,64'h040D0C1D8499C4D5
u_dut/lut_l0_796,LUT6,SLICE_X33Y230,SLICEL.D6LUT,64'h0000020294120508
u_dut/lut_l0_797,LUT6,SLICE_X32Y228,SLICEL.D6LUT,64'h010DD5042345D6DF
u_dut/lut_l0_798,LUT6,SLICE_X35Y231,SLICEL.D6LUT,64'h01450CC5100000A0
u_dut/lut_l0_799,LUT6,SLICE_X32Y227,SLICEL.D6LUT,64'h0313100201800002
u_dut/lut_l0_8,LUT6,SLICE_X47Y221,SLICEL.D6LUT,64'hFE84FBDFF2C2735B
u_dut/lut_l0_80,LUT6,SLICE_X48Y223,SLICEL.D6LUT,64'h336FFBE999AFD1EF
u_dut/lut_l0_800,LUT6,SLICE_X17Y230,SLICEL.A6LUT,64'hB0033F0610990FFF
u_dut/lut_l0_801,LUT6,SLICE_X17Y228,SLICEL.A6LUT,64'hB1323130F075007C
u_dut/lut_l0_802,LUT6,SLICE_X18Y225,SLICEM.A6LUT,64'h0200020223036F1E
u_dut/lut_l0_803,LUT6,SLICE_X18Y226,SLICEM.A6LUT,64'h0F0F09CF6D0D059F
u_dut/lut_l0_804,LUT6,SLICE_X14Y228,SLICEM.A6LUT,64'hA8AAA3AA2E0E2032
u_dut/lut_l0_805,LUT6,SLICE_X26Y228,SLICEL.B6LUT,64'hA597261D0103449B
u_dut/lut_l0_806,LUT6,SLICE_X18Y225,SLICEM.B6LUT,64'h8011002180FD0035
u_dut/lut_l0_807,LUT6,SLICE_X24Y220,SLICEL.B6LUT,64'h003E7D7F00011717
u_dut/lut_l0_808,LUT6,SLICE_X20Y222,SLICEM.A6LUT,64'h0004A22C489DBAA5
u_dut/lut_l0_809,LUT6,SLICE_X18Y226,SLICEM.B6LUT,64'h0000131300855703
u_dut/lut_l0_81,LUT6,SLICE_X34Y224,SLICEL.D6LUT,64'h8C4D252DBC742F9F
u_dut/lut_l0_810,LUT6,SLICE_X19Y228,SLICEL.A6LUT,64'hF3049900B0040005
u_dut/lut_l0_811,LUT6,SLICE_X16Y221,SLICEM.A6LUT,64'h02CA000E20283039
u_dut/lut_l0_812,LUT6,SLICE_X19Y230,SLICEL.A6LUT,64'h0000E1206540ED2C
u_dut/lut_l0_813,LUT6,SLICE_X18Y229,SLICEM.A6LUT,64'h5D00000019000807
u_dut/lut_l0_814,LUT6,SLICE_X19Y225,SLICEL.A6LUT,64'h0000280BF0F5381E
u_dut/lut_l0_815,LUT6,SLICE_X14Y229,SLICEM.A6LUT,64'h8191021484914017
u_dut/lut_l0_816,LUT6,SLICE_X14Y229,SLICEM.B6LUT,64'h80000088888CCCCC
u_dut/lut_l0_817,LUT6,SLICE_X14Y228,SLICEM.B6LUT,64'h8080AA0A0081AA86
u_dut/lut_l0_818,LUT6,SLICE_X22Y227,SLICEM.A6LUT,64'h32A070B4393D5A11
u_dut/lut_l0_819,LUT6,SLICE_X19Y227,SLICEL.A6LUT,64'h1222002040730101
u_dut/lut_l0_82,LUT6,SLICE_X46Y224,SLICEM.B6LUT,64'hFFAC74807F2775A0
u_dut/lut_l0_820,LUT6,SLICE_X24Y228,SLICEL.B6LUT,64'h3747304100000000
u_dut/lut_l0_821,LUT6,SLICE_X17Y228,SLICEL.B6LUT,64'h90AB267F202324A4
u_dut/lut_l0_822,LUT6,SLICE_X18Y226,SLICEM.C6LUT,64'hCD05FF4581308B3E
u_dut/lut_l0_823,LUT6,SLICE_X15Y229,SLICEL.A6LUT,64'h0000007008088270
u_dut/lut_l0_824,LUT6,SLICE_X19Y227,SLICEL.B6LUT,64'h06060206014E010E
u_dut/lut_l0_825,LUT6,SLICE_X17Y228,SLICEL.C6LUT,64'h000A8028840C0808
u_dut/lut_l0_826,LUT6,SLICE_X19Y229,SLICEL.A6LUT,64'h8081A3AD0B00BF3D
u_dut/lut_l0_827,LUT6,SLICE_X25Y230,SLICEL.D6LUT,64'h0000000A00100021
u_dut/lut_l0_828,LUT6,SLICE_X19Y231,SLICEL.A6LUT,64'h0002200206002ABA
u_dut/lut_l0_829,LUT6,SLICE_X19Y226,SLICEL.A6LUT,64'hD5003D75C45534C4
u_dut/lut_l0_83,LUT6,SLICE_X45Y226,SLICEL.C6LUT,64'hCC405DFD82AB5671
u_dut/lut_l0_830,LUT6,SLICE_X20Y229,SLICEM.A6LUT,64'h1013165300010005
u_dut/lut_l0_831,LUT6,SLICE_X14Y228,SLICEM.C6LUT,64'h3A04BEAF00150C12
u_dut/lut_l0_832,LUT6,SLICE_X18Y228,SLICEM.A6LUT,64'h3A08008022043318
u_dut/lut_l0_833,LUT6,SLICE_X22Y227,SLICEM.B6LUT,64'h0505340500013007
u_dut/lut_l0_834,LUT6,SLICE_X22Y231,SLICEM.A6LUT,64'h002032B15011701F
u_dut/lut_l0_835,LUT6,SLICE_X27Y230,SLICEL.D6LUT,64'h3A68666400404362
u_dut/lut_l0_836,LUT6,SLICE_X18Y229,SLICEM.B6LUT,64'h11031A8051133232
u_dut/lut_l0_837,LUT6,SLICE_X23Y231,SLICEL.A6LUT,64'h0000222102A06AEF
u_dut/lut_l0_838,LUT6,SLICE_X16Y229,SLICEM.A6LUT,64'hA001AF8AA0D5BB8A
u_dut/lut_l0_839,LUT6,SLICE_X23Y231,SLICEL.B6LUT,64'h00C0010355F24000
u_dut/lut_l0_84,LUT6,SLICE_X41Y222,SLICEL.C6LUT,64'hF1C1FD81F0E41C80
u_dut/lut_l0_840,LUT6,SLICE_X26Y222,SLICEL.D6LUT,64'h0000CC4C0003E447
u_dut/lut_l0_841,LUT6,SLICE_X20Y225,SLICEM.A6LUT,64'h00362272023630B2
u_dut/lut_l0_842,LUT6,SLICE_X25Y217,SLICEL.C6LUT,64'h0E0D0500C8CF018A
u_dut/lut_l0_843,LUT6,SLICE_X19Y228,SLICEL.B6LUT,64'h20F205FD20702373
u_dut/lut_l0_844,LUT6,SLICE_X21Y227,SLICEL.A6LUT,64'h10F2143C00F10010
u_dut/lut_l0_845,LUT6,SLICE_X22Y221,SLICEM.A6LUT,64'h2B3A02AB08005152
u_dut/lut_l0_846,LUT6,SLICE_X23Y227,SLICEL.B6LUT,64'h0107020089AF8088
u_dut/lut_l0_847,LUT6,SLICE_X15Y229,SLICEL.B6LUT,64'h4307000003CF0151
u_dut/lut_l0_848,LUT6,SLICE_X24Y231,SLICEL.C6LUT,64'h00000040010311E2
u_dut/lut_l0_849,LUT6,SLICE_X24Y223,SLICEL.D6LUT,64'h7535570064000400
u_dut/lut_l0_85,LUT6,SLICE_X46Y223,SLICEM.D6LUT,64'h1C766EAE4000AE00
u_dut/lut_l0_850,LUT6,SLICE_X25Y226,SLICEL.A6LUT,64'h0000095201030013
u_dut/lut_l0_851,LUT6,SLICE_X19Y230,SLICEL.B6LUT,64'h0000000000040102
u_dut/lut_l0_852,LUT6,SLICE_X18Y229,SLICEM.C6LUT,64'h2A028737EAA615E2
u_dut/lut_l0_853,LUT6,SLICE_X27Y227,SLICEL.C6LUT,64'h020A008F40070026
u_dut/lut_l0_854,LUT6,SLICE_X23Y228,SLICEL.B6LUT,64'h0600001102108109
u_dut/lut_l0_855,LUT6,SLICE_X24Y231,SLICEL.D6LUT,64'h0000334022227200
u_dut/lut_l0_856,LUT6,SLICE_X19Y229,SLICEL.B6LUT,64'h3023050031BFF5F5
u_dut/lut_l0_857,LUT6,SLICE_X23Y230,SLICEL.B6LUT,64'h590B4893483FACB3
u_dut/lut_l0_858,LUT6,SLICE_X19Y231,SLICEL.B6LUT,64'h8000040E8081445C
u_dut/lut_l0_859,LUT6,SLICE_X23Y226,SLICEL.A6LUT,64'h0800040800000017
u_dut/lut_l0_86,LUT6,SLICE_X50Y219,SLICEM.B6LUT,64'h97D3F59B6523E6A2
u_dut/lut_l0_860,LUT6,SLICE_X24Y230,SLICEL.B6LUT,64'h4800AA22000CAF2F
u_dut/lut_l0_861,LUT6,SLICE_X20Y231,SLICEM.A6LUT,64'h4002890C02011B0B
u_dut/lut_l0_862,LUT6,SLICE_X24Y224,SLICEL.B6LUT,64'h957F01DB013175F1
u_dut/lut_l0_863,LUT6,SLICE_X26Y228,SLICEL.C6LUT,64'h30AA88D810629AB8
u_dut/lut_l0_864,LUT6,SLICE_X24Y230,SLICEL.C6LUT,64'h8809D4215F040C39
u_dut/lut_l0_865,LUT6,SLICE_X23Y228,SLICEL.C6LUT,64'h8888C0414040CC47
u_dut/lut_l0_866,LUT6,SLICE_X19Y227,SLICEL.C6LUT,64'h23118B0111230713
u_dut/lut_l0_867,LUT6,SLICE_X22Y229,SLICEM.A6LUT,64'h002B0A2F13021223
u_dut/lut_l0_868,LUT6,SLICE_X25Y231,SLICEL.D6LUT,64'h1B038A110F001840
u_dut/lut_l0_869,LUT6,SLICE_X22Y227,SLICEM.C6LUT,64'h800200C0C843CC02
u_dut/lut_l0_87,LUT6,SLICE_X42Y224,SLICEM.C6LUT,64'hFBFFC808CC710080
u_dut/lut_l0_870,LUT6,SLICE_X22Y230,SLICEM.A6LUT,64'h607F3057505B10F9
u_dut/lut_l0_871,LUT6,SLICE_X24Y228,SLICEL.C6LUT,64'h0000004010000100
u_dut/lut_l0_872,LUT6,SLICE_X16Y230,SLICEM.A6LUT,64'h0A0B010E0A00032D
u_dut/lut_l0_873,LUT6,SLICE_X16Y230,SLICEM.B6LUT,64'hB000770000004200
u_dut/lut_l0_874,LUT6,SLICE_X19Y226,SLICEL.B6LUT,64'h935572770E05303D
u_dut/lut_l0_875,LUT6,SLICE_X21Y220,SLICEL.A6LUT,64'h0310001604F10003
u_dut/lut_l0_876,LUT6,SLICE_X25Y223,SLICEL.A6LUT,64'h804133880000301D
u_dut/lut_l0_877,LUT6,SLICE_X20Y230,SLICEM.A6LUT,64'h0F0B5A4C0C044808
u_dut/lut_l0_878,LUT6,SLICE_X21Y223,SLICEL.A6LUT,64'h000007AACD91CD22
u_dut/lut_l0_879,LUT6,SLICE_X20Y225,SLICEM.B6LUT,64'h8406540044645444
u_dut/lut_l0_88,LUT6,SLICE_X48Y226,SLICEL.D6LUT,64'hFFC3CF83BCEC8CAC
u_dut/lut_l0_880,LUT6,SLICE_X18Y228,SLICEM.B6LUT,64'h02221003637F4AFF
u_dut/lut_l0_881,LUT6,SLICE_X20Y229,SLICEM.B6LUT,64'h4D910E8405030D05
u_dut/lut_l0_882,LUT6,SLICE_X30Y226,SLICEL.B6LUT,64'h048804CCA700AE66
u_dut/lut_l0_883,LUT6,SLICE_X16Y227,SLICEM.A6LUT,64'h000400085D0F1D1F
u_dut/lut_l0_884,LUT6,SLICE_X16Y229,SLICEM.B6LUT,64'h0000010300000017
u_dut/lut_l0_885,LUT6,SLICE_X18Y228,SLICEM.C6LUT,64'h5533817767070120
u_dut/lut_l0_886,LUT6,SLICE_X22Y230,SLICEM.B6LUT,64'h571F1F1F02130010
u_dut/lut_l0_887,LUT6,SLICE_X19Y226,SLICEL.C6LUT,64'h00500063D0D09A02
u_dut/lut_l0_888,LUT6,SLICE_X13Y229,SLICEL.A6LUT,64'h003100A6003E04AA
u_dut/lut_l0_889,LUT6,SLICE_X19Y229,SLICEL.C6LUT,64'h8A0220334B032303
u_dut/lut_l0_89,LUT6,SLICE_X46Y224,SLICEM.C6LUT,64'hC8B23002888018EA
u_dut/lut_l0_890,LUT6,SLICE_X30Y228,SLICEL.D6LUT,64'h050500040D1F0383
u_dut/lut_l0_891,LUT6,SLICE_X21Y224,SLICEL.A6LUT,64'hB020101480A00014
u_dut/lut_l0_892,LUT6,SLICE_X21Y227,SLICEL.B6LUT,64'h80150453501D4C45
u_dut/lut_l0_893,LUT6,SLICE_X21Y223,SLICEL.B6LUT,64'h1300028410808000
u_dut/lut_l0_894,LUT6,SLICE_X18Y230,SLICEM.A6LUT,64'h01090381038DB6AF
u_dut/lut_l0_895,LUT6,SLICE_X22Y227,SLICEM.D6LUT,64'h3333FD0F1123013F
u_dut/lut_l0_896,LUT6,SLICE_X24Y226,SLICEL.D6LUT,64'h091100AB04010004
u_dut/lut_l0_897,LUT6,SLICE_X14Y229,SLICEM.C6LUT,64'h80A040C0000C000C
u_dut/lut_l0_898,LUT6,SLICE_X13Y229,SLICEL.B6LUT,64'h4393175F4FAA5712
u_dut/lut_l0_899,LUT6,SLICE_X14Y228,SLICEM.D6LUT,64'h880104005707010B
u_dut/lut_l0_9,LUT6,SLICE_X56Y222,SLICEM.D6LUT,64'h54506401AAB9CF07
u_dut/lut_l0_90,LUT6,SLICE_X48Y221,SLICEL.D6LUT,64'h51807777B1FC5CD0
u_dut/lut_l0_900,LUT6,SLICE_X16Y231,SLICEM.A6LUT,64'hE005020F00022012
u_dut/lut_l0_901,LUT6,SLICE_X23Y226,SLICEL.B6LUT,64'h1000000055037510
u_dut/lut_l0_902,LUT6,SLICE_X19Y225,SLICEL.B6LUT,64'h4900CC4A1B01A84B
u_dut/lut_l0_903,LUT6,SLICE_X15Y224,SLICEL.A6LUT,64'hFF8F769F00100010
u_dut/lut_l0_904,LUT6,SLICE_X18Y226,SLICEM.D6LUT,64'h60445551010D0106
u_dut/lut_l0_905,LUT6,SLICE_X16Y231,SLICEM.B6LUT,64'h8032000400700000
u_dut/lut_l0_906,LUT6,SLICE_X18Y228,SLICEM.D6LUT,64'h00F700000001131F
u_dut/lut_l0_907,LUT6,SLICE_X13Y229,SLICEL.C6LUT,64'h8002D4FB1333123A
u_dut/lut_l0_908,LUT6,SLICE_X16Y231,SLICEM.C6LUT,64'h440055FD203065F5
u_dut/lut_l0_909,LUT6,SLICE_X19Y225,SLICEL.C6LUT,64'h0A0202460A000A92
u_dut/lut_l0_91,LUT6,SLICE_X48Y224,SLICEL.C6LUT,64'hFCE7A3F70F0587F5
u_dut/lut_l0_910,LUT6,SLICE_X17Y230,SLICEL.B6LUT,64'h9070000011700000
u_dut/lut_l0_911,LUT6,SLICE_X35Y226,SLICEL.D6LUT,64'h4B1BD9BB02812811
u_dut/lut_l0_912,LUT6,SLICE_X13Y229,SLICEL.D6LUT,64'h0003004344464054
u_dut/lut_l0_913,LUT6,SLICE_X16Y231,SLICEM.D6LUT,64'h0000050192101516
u_dut/lut_l0_914,LUT6,SLICE_X19Y227,SLICEL.D6LUT,64'h028A50500BEF129C
u_dut/lut_l0_915,LUT6,SLICE_X14Y229,SLICEM.D6LUT,64'h8010801000000044
u_dut/lut_l0_916,LUT6,SLICE_X18Y230,SLICEM.B6LUT,64'h0000DC0540CA00CC
u_dut/lut_l0_917,LUT6,SLICE_X18Y229,SLICEM.D6LUT,64'h0040000722A2F2F7
u_dut/lut_l0_918,LUT6,SLICE_X22Y224,SLICEM.A6LUT,64'h0EAA5CFB02200123
u_dut/lut_l0_919,LUT6,SLICE_X13Y226,SLICEL.A6LUT,64'h023304490018040D
u_dut/lut_l0_92,LUT6,SLICE_X40Y225,SLICEL.D6LUT,64'hF0EFCE45B0ACAE44
u_dut/lut_l0_920,LUT6,SLICE_X28Y225,SLICEL.A6LUT,64'h000118A008040277
u_dut/lut_l0_921,LUT6,SLICE_X24Y228,SLICEL.D6LUT,64'h1C1805014E8C8ACF
u_dut/lut_l0_922,LUT6,SLICE_X25Y225,SLICEL.B6LUT,64'h9530014255113173
u_dut/lut_l0_923,LUT6,SLICE_X24Y224,SLICEL.C6LUT,64'hD5C090A051C1400D
u_dut/lut_l0_924,LUT6,SLICE_X25Y225,SLICEL.C6LUT,64'hE364A020035DAB6C
u_dut/lut_l0_925,LUT6,SLICE_X25Y227,SLICEL.B6LUT,64'h3030313110105B8F
u_dut/lut_l0_926,LUT6,SLICE_X21Y227,SLICEL.C6LUT,64'h000220B100102431
u_dut/lut_l0_927,LUT6,SLICE_X22Y229,SLICEM.B6LUT,64'h4055085583577A97
u_dut/lut_l0_928,LUT6,SLICE_X20Y229,SLICEM.C6LUT,64'h1D190D1D0050000F
u_dut/lut_l0_929,LUT6,SLICE_X19Y229,SLICEL.D6LUT,64'h0153557FFD015424
u_dut/lut_l0_93,LUT6,SLICE_X32Y225,SLICEL.C6LUT,64'hD900DD15FF22FF17
u_dut/lut_l0_930,LUT6,SLICE_X20Y231,SLICEM.B6LUT,64'h44400050204EC48C
u_dut/lut_l0_931,LUT6,SLICE_X20Y225,SLICEM.C6LUT,64'h0001003022A312B3
u_dut/lut_l0_932,LUT6,SLICE_X22Y229,SLICEM.C6LUT,64'h1003177305440431
u_dut/lut_l0_933,LUT6,SLICE_X21Y231,SLICEL.A6LUT,64'hC80400AE800422A6
u_dut/lut_l0_934,LUT6,SLICE_X22Y224,SLICEM.B6LUT,64'h77262F2D30202115
u_dut/lut_l0_935,LUT6,SLICE_X23Y230,SLICEL.C6LUT,64'h95B5000000060000
u_dut/lut_l0_936,LUT6,SLICE_X21Y224,SLICEL.B6LUT,64'hD8FF524E190C13A4
u_dut/lut_l0_937,LUT6,SLICE_X20Y222,SLICEM.B6LUT,64'h00080C0E2200228C
u_dut/lut_l0_938,LUT6,SLICE_X21Y224,SLICEL.C6LUT,64'hD04CF86C414048CE
u_dut/lut_l0_939,LUT6,SLICE_X23Y226,SLICEL.C6LUT,64'hCD450044454408C4
u_dut/lut_l0_94,LUT6,SLICE_X40Y226,SLICEL.D6LUT,64'h5F54DF424FFF04D5
u_dut/lut_l0_940,LUT6,SLICE_X16Y229,SLICEM.C6LUT,64'h80000000A02A0008
u_dut/lut_l0_941,LUT6,SLICE_X21Y228,SLICEL.A6LUT,64'h040F006F000F1937
u_dut/lut_l0_942,LUT6,SLICE_X22Y226,SLICEM.A6LUT,64'h0001E0557960D024
u_dut/lut_l0_943,LUT6,SLICE_X21Y228,SLICEL.B6LUT,64'h0A0000C0880001CC
u_dut/lut_l0_944,LUT6,SLICE_X22Y230,SLICEM.C6LUT,64'h000A010000005101
u_dut/lut_l0_945,LUT6,SLICE_X22Y229,SLICEM.D6LUT,64'hF011FB117C917F4B
u_dut/lut_l0_946,LUT6,SLICE_X20Y222,SLICEM.C6LUT,64'h0E0C2C4C0C88A401
u_dut/lut_l0_947,LUT6,SLICE_X22Y224,SLICEM.C6LUT,64'h0000D251B0A30119
u_dut/lut_l0_948,LUT6,SLICE_X18Y230,SLICEM.C6LUT,64'h8E2F003F0F3D053F
u_dut/lut_l0_949,LUT6,SLICE_X15Y224,SLICEL.B6LUT,64'hD500D44852585870
u_dut/lut_l0_95,LUT6,SLICE_X49Y222,SLICEL.C6LUT,64'hCAB2C33B83F38D17
u_dut/lut_l0_950,LUT6,SLICE_X22Y230,SLICEM.D6LUT,64'h0019317700010187
u_dut/lut_l0_951,LUT6,SLICE_X18Y225,SLICEM.C6LUT,64'h9185561710000344
u_dut/lut_l0_952,LUT6,SLICE_X16Y225,SLICEM.A6LUT,64'h00E2206227772473
u_dut/lut_l0_953,LUT6,SLICE_X21Y227,SLICEL.D6LUT,64'h00F4004000040000
u_dut/lut_l0_954,LUT6,SLICE_X20Y230,SLICEM.B6LUT,64'h05020F1100038B11
u_dut/lut_l0_955,LUT6,SLICE_X22Y224,SLICEM.D6LUT,64'h0000010105410148
u_dut/lut_l0_956,LUT6,SLICE_X17Y228,SLICEL.D6LUT,64'h000000010000000C
u_dut/lut_l0_957,LUT6,SLICE_X22Y231,SLICEM.B6LUT,64'h2220022220A80800
u_dut/lut_l0_958,LUT6,SLICE_X23Y230,SLICEL.D6LUT,64'h0540FF8D4403C403
u_dut/lut_l0_959,LUT6,SLICE_X19Y230,SLICEL.C6LUT,64'h003000F01030D1B3
u_dut/lut_l0_96,LUT6,SLICE_X48Y225,SLICEL.D6LUT,64'h55505564B375B1C0
u_dut/lut_l0_960,LUT6,SLICE_X20Y230,SLICEM.C6LUT,64'h800080F0000500E0
u_dut/lut_l0_961,LUT6,SLICE_X22Y226,SLICEM.B6LUT,64'h4F55470532BF5F05
u_dut/lut_l0_962,LUT6,SLICE_X20Y225,SLICEM.D6LUT,64'h8C00CE33111133FF
u_dut/lut_l0_963,LUT6,SLICE_X18Y224,SLICEM.A6LUT,64'h4452485102000D40
u_dut/lut_l0_964,LUT6,SLICE_X25Y221,SLICEL.A6LUT,64'h09954042ABA5F362
u_dut/lut_l0_965,LUT6,SLICE_X16Y227,SLICEM.B6LUT,64'h2F3B273F1015003F
u_dut/lut_l0_966,LUT6,SLICE_X15Y229,SLICEL.C6LUT,64'h0D005D0102801102
u_dut/lut_l0_967,LUT6,SLICE_X18Y231,SLICEM.A6LUT,64'h0303000200112A1D
u_dut/lut_l0_968,LUT6,SLICE_X19Y226,SLICEL.D6LUT,64'h6365C1E1624570CF
u_dut/lut_l0_969,LUT6,SLICE_X21Y228,SLICEL.C6LUT,64'h0000000010200021
u_dut/lut_l0_97,LUT6,SLICE_X42Y222,SLICEM.D6LUT,64'hEF1E480174AA6AA2
u_dut/lut_l0_970,LUT6,SLICE_X20Y229,SLICEM.D6LUT,64'h0520332300AA008F
u_dut/lut_l0_971,LUT6,SLICE_X21Y228,SLICEL.D6LUT,64'h000000000000F040
u_dut/lut_l0_972,LUT6,SLICE_X13Y226,SLICEL.B6LUT,64'h51017DFF401310FF
u_dut/lut_l0_973,LUT6,SLICE_X21Y220,SLICEL.B6LUT,64'h550BD51177BA5076
u_dut/lut_l0_974,LUT6,SLICE_X21Y224,SLICEL.D6LUT,64'h202021053B301010
u_dut/lut_l0_975,LUT6,SLICE_X32Y224,SLICEL.D6LUT,64'h41C300C000C08105
u_dut/lut_l0_976,LUT6,SLICE_X15Y229,SLICEL.D6LUT,64'h00101D1104405C50
u_dut/lut_l0_977,LUT6,SLICE_X23Y231,SLICEL.C6LUT,64'hC24842424AED6B6F
u_dut/lut_l0_978,LUT6,SLICE_X20Y230,SLICEM.D6LUT,64'h007F002220220000
u_dut/lut_l0_979,LUT6,SLICE_X21Y223,SLICEL.C6LUT,64'h01EA111C33FD135F
u_dut/lut_l0_98,LUT6,SLICE_X50Y222,SLICEM.D6LUT,64'hECCD2C31FF8FB400
u_dut/lut_l0_980,LUT6,SLICE_X16Y230,SLICEM.C6LUT,64'h800100003074029A
u_dut/lut_l0_981,LUT6,SLICE_X22Y231,SLICEM.C6LUT,64'h0E001C04EF048A4D
u_dut/lut_l0_982,LUT6,SLICE_X19Y225,SLICEL.D6LUT,64'h81A200E2000101C7
u_dut/lut_l0_983,LUT6,SLICE_X18Y224,SLICEM.B6LUT,64'h40000704045C0555
u_dut/lut_l0_984,LUT6,SLICE_X16Y226,SLICEM.A6LUT,64'h803C4115008C20AA
u_dut/lut_l0_985,LUT6,SLICE_X16Y221,SLICEM.B6LUT,64'h4545025545CE75F4
u_dut/lut_l0_986,LUT6,SLICE_X16Y229,SLICEM.D6LUT,64'h0000D0001010D090
u_dut/lut_l0_987,LUT6,SLICE_X24Y224,SLICEL.D6LUT,64'hAA2A028A11731210
u_dut/lut_l0_988,LUT6,SLICE_X18Y224,SLICEM.C6LUT,64'h02F02290B0F20448
u_dut/lut_l0_989,LUT6,SLICE_X19Y228,SLICEL.C6LUT,64'h3736000105013A03
u_dut/lut_l0_99,LUT6,SLICE_X49Y222,SLICEL.D6LUT,64'hEC07801DA8F888F8
u_dut/lut_l0_990,LUT6,SLICE_X15Y224,SLICEL.C6LUT,64'h9811880173013147
u_dut/lut_l0_991,LUT6,SLICE_X16Y230,SLICEM.D6LUT,64'hF303841000000020
u_dut/lut_l0_992,LUT6,SLICE_X24Y230,SLICEL.D6LUT,64'h3104310F0515181A
u_dut/lut_l0_993,LUT6,SLICE_X20Y231,SLICEM.C6LUT,64'h7010504072101057
u_dut/lut_l0_994,LUT6,SLICE_X19Y230,SLICEL.D6LUT,64'h13F1221E57F53018
u_dut/lut_l0_995,LUT6,SLICE_X23Y226,SLICEL.D6LUT,64'h0382226A0AAAA222
u_dut/lut_l0_996,LUT6,SLICE_X25Y227,SLICEL.C6LUT,64'h2202000022070012
u_dut/lut_l0_997,LUT6,SLICE_X25Y226,SLICEL.B6LUT,64'h484D331182000000
u_dut/lut_l0_998,LUT6,SLICE_X23Y231,SLICEL.D6LUT,64'h0504BE8F10019D54
u_dut/lut_l0_999,LUT6,SLICE_X25Y225,SLICEL.D6LUT,64'h0000000700000000
u_dut/o0_r_reg[0],FDRE,SLICE_X52Y224,SLICEM.AFF,1'b0
u_dut/o0_r_reg[100],FDRE,SLICE_X46Y222,SLICEM.AFF,1'b0
u_dut/o0_r_reg[101],FDRE,SLICE_X52Y222,SLICEM.AFF,1'b0
u_dut/o0_r_reg[102],FDRE,SLICE_X50Y225,SLICEM.AFF,1'b0
u_dut/o0_r_reg[103],FDRE,SLICE_X52Y220,SLICEM.AFF,1'b0
u_dut/o0_r_reg[104],FDRE,SLICE_X50Y224,SLICEM.AFF,1'b0
u_dut/o0_r_reg[105],FDRE,SLICE_X50Y224,SLICEM.BFF,1'b0
u_dut/o0_r_reg[106],FDRE,SLICE_X49Y224,SLICEL.AFF,1'b0
u_dut/o0_r_reg[107],FDRE,SLICE_X48Y216,SLICEL.AFF,1'b0
u_dut/o0_r_reg[108],FDRE,SLICE_X44Y226,SLICEL.AFF,1'b0
u_dut/o0_r_reg[109],FDRE,SLICE_X28Y223,SLICEL.AFF,1'b0
u_dut/o0_r_reg[10],FDRE,SLICE_X56Y224,SLICEM.AFF,1'b0
u_dut/o0_r_reg[110],FDRE,SLICE_X48Y226,SLICEL.AFF,1'b0
u_dut/o0_r_reg[111],FDRE,SLICE_X46Y226,SLICEM.AFF,1'b0
u_dut/o0_r_reg[112],FDRE,SLICE_X35Y226,SLICEL.AFF,1'b0
u_dut/o0_r_reg[113],FDRE,SLICE_X47Y226,SLICEL.AFF,1'b0
u_dut/o0_r_reg[114],FDRE,SLICE_X46Y226,SLICEM.BFF,1'b0
u_dut/o0_r_reg[115],FDRE,SLICE_X38Y223,SLICEM.AFF,1'b0
u_dut/o0_r_reg[116],FDRE,SLICE_X49Y226,SLICEL.AFF,1'b0
u_dut/o0_r_reg[117],FDRE,SLICE_X50Y219,SLICEM.AFF,1'b0
u_dut/o0_r_reg[118],FDRE,SLICE_X39Y225,SLICEL.AFF,1'b0
u_dut/o0_r_reg[119],FDRE,SLICE_X34Y226,SLICEL.AFF,1'b0
u_dut/o0_r_reg[11],FDRE,SLICE_X48Y224,SLICEL.AFF,1'b0
u_dut/o0_r_reg[120],FDRE,SLICE_X48Y219,SLICEL.AFF,1'b0
u_dut/o0_r_reg[121],FDRE,SLICE_X48Y225,SLICEL.AFF,1'b0
u_dut/o0_r_reg[122],FDRE,SLICE_X53Y222,SLICEL.AFF,1'b0
u_dut/o0_r_reg[123],FDRE,SLICE_X46Y226,SLICEM.CFF,1'b0
u_dut/o0_r_reg[124],FDRE,SLICE_X56Y221,SLICEM.AFF,1'b0
u_dut/o0_r_reg[125],FDRE,SLICE_X54Y221,SLICEM.AFF,1'b0
u_dut/o0_r_reg[126],FDRE,SLICE_X41Y225,SLICEL.AFF,1'b0
u_dut/o0_r_reg[127],FDRE,SLICE_X56Y224,SLICEM.BFF,1'b0
u_dut/o0_r_reg[128],FDRE,SLICE_X45Y222,SLICEL.AFF,1'b0
u_dut/o0_r_reg[129],FDRE,SLICE_X56Y222,SLICEM.AFF,1'b0
u_dut/o0_r_reg[12],FDRE,SLICE_X50Y220,SLICEM.AFF,1'b0
u_dut/o0_r_reg[130],FDRE,SLICE_X46Y221,SLICEM.AFF,1'b0
u_dut/o0_r_reg[131],FDRE,SLICE_X56Y224,SLICEM.CFF,1'b0
u_dut/o0_r_reg[132],FDRE,SLICE_X47Y221,SLICEL.BFF,1'b0
u_dut/o0_r_reg[133],FDRE,SLICE_X46Y223,SLICEM.AFF,1'b0
u_dut/o0_r_reg[134],FDRE,SLICE_X41Y230,SLICEL.AFF,1'b0
u_dut/o0_r_reg[135],FDRE,SLICE_X46Y224,SLICEM.AFF,1'b0
u_dut/o0_r_reg[136],FDRE,SLICE_X52Y222,SLICEM.BFF,1'b0
u_dut/o0_r_reg[137],FDRE,SLICE_X50Y226,SLICEM.AFF,1'b0
u_dut/o0_r_reg[138],FDRE,SLICE_X55Y221,SLICEL.AFF,1'b0
u_dut/o0_r_reg[139],FDRE,SLICE_X54Y221,SLICEM.BFF,1'b0
u_dut/o0_r_reg[13],FDRE,SLICE_X56Y222,SLICEM.BFF,1'b0
u_dut/o0_r_reg[140],FDRE,SLICE_X49Y226,SLICEL.BFF,1'b0
u_dut/o0_r_reg[141],FDRE,SLICE_X52Y225,SLICEM.AFF,1'b0
u_dut/o0_r_reg[142],FDRE,SLICE_X52Y222,SLICEM.CFF,1'b0
u_dut/o0_r_reg[143],FDRE,SLICE_X48Y221,SLICEL.AFF,1'b0
u_dut/o0_r_reg[144],FDRE,SLICE_X46Y222,SLICEM.BFF,1'b0
u_dut/o0_r_reg[145],FDRE,SLICE_X47Y224,SLICEL.AFF,1'b0
u_dut/o0_r_reg[146],FDRE,SLICE_X46Y230,SLICEM.AFF,1'b0
u_dut/o0_r_reg[147],FDRE,SLICE_X38Y221,SLICEM.AFF,1'b0
u_dut/o0_r_reg[148],FDRE,SLICE_X35Y229,SLICEL.AFF,1'b0
u_dut/o0_r_reg[149],FDRE,SLICE_X40Y226,SLICEL.AFF,1'b0
u_dut/o0_r_reg[14],FDRE,SLICE_X56Y221,SLICEM.BFF,1'b0
u_dut/o0_r_reg[150],FDRE,SLICE_X48Y224,SLICEL.BFF,1'b0
u_dut/o0_r_reg[151],FDRE,SLICE_X51Y224,SLICEL.AFF,1'b0
u_dut/o0_r_reg[152],FDRE,SLICE_X41Y223,SLICEL.AFF,1'b0
u_dut/o0_r_reg[153],FDRE,SLICE_X51Y224,SLICEL.BFF,1'b0
u_dut/o0_r_reg[154],FDRE,SLICE_X50Y220,SLICEM.BFF,1'b0
u_dut/o0_r_reg[155],FDRE,SLICE_X51Y221,SLICEL.AFF,1'b0
u_dut/o0_r_reg[156],FDRE,SLICE_X49Y226,SLICEL.CFF,1'b0
u_dut/o0_r_reg[157],FDRE,SLICE_X36Y227,SLICEL.AFF,1'b0
u_dut/o0_r_reg[158],FDRE,SLICE_X53Y222,SLICEL.BFF,1'b0
u_dut/o0_r_reg[159],FDRE,SLICE_X51Y225,SLICEL.AFF,1'b0
u_dut/o0_r_reg[15],FDRE,SLICE_X52Y220,SLICEM.BFF,1'b0
u_dut/o0_r_reg[160],FDRE,SLICE_X48Y221,SLICEL.BFF,1'b0
u_dut/o0_r_reg[161],FDRE,SLICE_X40Y219,SLICEL.AFF,1'b0
u_dut/o0_r_reg[162],FDRE,SLICE_X55Y222,SLICEL.AFF,1'b0
u_dut/o0_r_reg[163],FDRE,SLICE_X50Y225,SLICEM.BFF,1'b0
u_dut/o0_r_reg[164],FDRE,SLICE_X52Y225,SLICEM.BFF,1'b0
u_dut/o0_r_reg[165],FDRE,SLICE_X51Y221,SLICEL.BFF,1'b0
u_dut/o0_r_reg[166],FDRE,SLICE_X54Y224,SLICEM.AFF,1'b0
u_dut/o0_r_reg[167],FDRE,SLICE_X56Y220,SLICEM.AFF,1'b0
u_dut/o0_r_reg[168],FDRE,SLICE_X56Y225,SLICEM.AFF,1'b0
u_dut/o0_r_reg[169],FDRE,SLICE_X48Y222,SLICEL.AFF,1'b0
u_dut/o0_r_reg[16],FDRE,SLICE_X51Y223,SLICEL.AFF,1'b0
u_dut/o0_r_reg[170],FDRE,SLICE_X54Y225,SLICEM.AFF,1'b0
u_dut/o0_r_reg[171],FDRE,SLICE_X47Y224,SLICEL.BFF,1'b0
u_dut/o0_r_reg[172],FDRE,SLICE_X38Y222,SLICEM.AFF,1'b0
u_dut/o0_r_reg[173],FDRE,SLICE_X51Y223,SLICEL.BFF,1'b0
u_dut/o0_r_reg[174],FDRE,SLICE_X48Y223,SLICEL.AFF,1'b0
u_dut/o0_r_reg[175],FDRE,SLICE_X50Y221,SLICEM.AFF,1'b0
u_dut/o0_r_reg[176],FDRE,SLICE_X56Y224,SLICEM.DFF,1'b0
u_dut/o0_r_reg[177],FDRE,SLICE_X60Y221,SLICEL.AFF,1'b0
u_dut/o0_r_reg[178],FDRE,SLICE_X52Y223,SLICEM.AFF,1'b0
u_dut/o0_r_reg[179],FDRE,SLICE_X49Y224,SLICEL.BFF,1'b0
u_dut/o0_r_reg[17],FDRE,SLICE_X59Y221,SLICEL.AFF,1'b0
u_dut/o0_r_reg[180],FDRE,SLICE_X42Y223,SLICEM.AFF,1'b0
u_dut/o0_r_reg[181],FDRE,SLICE_X36Y225,SLICEL.AFF,1'b0
u_dut/o0_r_reg[182],FDRE,SLICE_X52Y223,SLICEM.BFF,1'b0
u_dut/o0_r_reg[183],FDRE,SLICE_X47Y227,SLICEL.AFF,1'b0
u_dut/o0_r_reg[184],FDRE,SLICE_X59Y223,SLICEL.AFF,1'b0
u_dut/o0_r_reg[185],FDRE,SLICE_X56Y225,SLICEM.BFF,1'b0
u_dut/o0_r_reg[186],FDRE,SLICE_X56Y221,SLICEM.CFF,1'b0
u_dut/o0_r_reg[187],FDRE,SLICE_X51Y225,SLICEL.BFF,1'b0
u_dut/o0_r_reg[188],FDRE,SLICE_X56Y222,SLICEM.CFF,1'b0
u_dut/o0_r_reg[189],FDRE,SLICE_X59Y224,SLICEL.AFF,1'b0
u_dut/o0_r_reg[18],FDRE,SLICE_X45Y224,SLICEL.AFF,1'b0
u_dut/o0_r_reg[190],FDRE,SLICE_X59Y224,SLICEL.BFF,1'b0
u_dut/o0_r_reg[191],FDRE,SLICE_X41Y222,SLICEL.AFF,1'b0
u_dut/o0_r_reg[192],FDRE,SLICE_X52Y222,SLICEM.DFF,1'b0
u_dut/o0_r_reg[193],FDRE,SLICE_X48Y221,SLICEL.CFF,1'b0
u_dut/o0_r_reg[194],FDRE,SLICE_X48Y222,SLICEL.BFF,1'b0
u_dut/o0_r_reg[195],FDRE,SLICE_X52Y225,SLICEM.CFF,1'b0
u_dut/o0_r_reg[196],FDRE,SLICE_X46Y226,SLICEM.DFF,1'b0
u_dut/o0_r_reg[197],FDRE,SLICE_X50Y221,SLICEM.BFF,1'b0
u_dut/o0_r_reg[198],FDRE,SLICE_X48Y226,SLICEL.BFF,1'b0
u_dut/o0_r_reg[199],FDRE,SLICE_X40Y225,SLICEL.AFF,1'b0
u_dut/o0_r_reg[19],FDRE,SLICE_X32Y224,SLICEL.AFF,1'b0
u_dut/o0_r_reg[1],FDRE,SLICE_X47Y221,SLICEL.AFF,1'b0
u_dut/o0_r_reg[200],FDRE,SLICE_X42Y229,SLICEM.AFF,1'b0
u_dut/o0_r_reg[201],FDRE,SLICE_X41Y229,SLICEL.AFF,1'b0
u_dut/o0_r_reg[202],FDRE,SLICE_X43Y225,SLICEL.AFF,1'b0
u_dut/o0_r_reg[203],FDRE,SLICE_X42Y227,SLICEM.AFF,1'b0
u_dut/o0_r_reg[204],FDRE,SLICE_X44Y229,SLICEL.AFF,1'b0
u_dut/o0_r_reg[205],FDRE,SLICE_X43Y222,SLICEL.AFF,1'b0
u_dut/o0_r_reg[206],FDRE,SLICE_X44Y226,SLICEL.BFF,1'b0
u_dut/o0_r_reg[207],FDRE,SLICE_X42Y222,SLICEM.AFF,1'b0
u_dut/o0_r_reg[208],FDRE,SLICE_X26Y226,SLICEL.AFF,1'b0
u_dut/o0_r_reg[209],FDRE,SLICE_X40Y228,SLICEL.AFF,1'b0
u_dut/o0_r_reg[20],FDRE,SLICE_X50Y223,SLICEM.AFF,1'b0
u_dut/o0_r_reg[210],FDRE,SLICE_X43Y221,SLICEL.AFF,1'b0
u_dut/o0_r_reg[211],FDRE,SLICE_X41Y228,SLICEL.AFF,1'b0
u_dut/o0_r_reg[212],FDRE,SLICE_X46Y227,SLICEM.AFF,1'b0
u_dut/o0_r_reg[213],FDRE,SLICE_X42Y227,SLICEM.BFF,1'b0
u_dut/o0_r_reg[214],FDRE,SLICE_X44Y222,SLICEL.AFF,1'b0
u_dut/o0_r_reg[215],FDRE,SLICE_X36Y229,SLICEL.AFF,1'b0
u_dut/o0_r_reg[216],FDRE,SLICE_X44Y228,SLICEL.AFF,1'b0
u_dut/o0_r_reg[217],FDRE,SLICE_X43Y222,SLICEL.BFF,1'b0
u_dut/o0_r_reg[218],FDRE,SLICE_X42Y229,SLICEM.BFF,1'b0
u_dut/o0_r_reg[219],FDRE,SLICE_X44Y228,SLICEL.BFF,1'b0
u_dut/o0_r_reg[21],FDRE,SLICE_X53Y223,SLICEL.AFF,1'b0
u_dut/o0_r_reg[220],FDRE,SLICE_X45Y228,SLICEL.AFF,1'b0
u_dut/o0_r_reg[221],FDRE,SLICE_X39Y226,SLICEL.AFF,1'b0
u_dut/o0_r_reg[222],FDRE,SLICE_X41Y225,SLICEL.BFF,1'b0
u_dut/o0_r_reg[223],FDRE,SLICE_X40Y228,SLICEL.BFF,1'b0
u_dut/o0_r_reg[224],FDRE,SLICE_X54Y222,SLICEM.AFF,1'b0
u_dut/o0_r_reg[225],FDRE,SLICE_X41Y228,SLICEL.BFF,1'b0
u_dut/o0_r_reg[226],FDRE,SLICE_X53Y222,SLICEL.CFF,1'b0
u_dut/o0_r_reg[227],FDRE,SLICE_X39Y227,SLICEL.AFF,1'b0
u_dut/o0_r_reg[228],FDRE,SLICE_X30Y229,SLICEL.AFF,1'b0
u_dut/o0_r_reg[229],FDRE,SLICE_X43Y229,SLICEL.AFF,1'b0
u_dut/o0_r_reg[22],FDRE,SLICE_X53Y223,SLICEL.BFF,1'b0
u_dut/o0_r_reg[230],FDRE,SLICE_X50Y220,SLICEM.CFF,1'b0
u_dut/o0_r_reg[231],FDRE,SLICE_X43Y229,SLICEL.BFF,1'b0
u_dut/o0_r_reg[232],FDRE,SLICE_X33Y228,SLICEL.AFF,1'b0
u_dut/o0_r_reg[233],FDRE,SLICE_X44Y227,SLICEL.AFF,1'b0
u_dut/o0_r_reg[234],FDRE,SLICE_X47Y227,SLICEL.BFF,1'b0
u_dut/o0_r_reg[235],FDRE,SLICE_X42Y224,SLICEM.AFF,1'b0
u_dut/o0_r_reg[236],FDRE,SLICE_X36Y228,SLICEL.AFF,1'b0
u_dut/o0_r_reg[237],FDRE,SLICE_X40Y230,SLICEL.AFF,1'b0
u_dut/o0_r_reg[238],FDRE,SLICE_X44Y225,SLICEL.AFF,1'b0
u_dut/o0_r_reg[239],FDRE,SLICE_X41Y225,SLICEL.CFF,1'b0
u_dut/o0_r_reg[23],FDRE,SLICE_X44Y222,SLICEL.BFF,1'b0
u_dut/o0_r_reg[240],FDRE,SLICE_X41Y227,SLICEL.AFF,1'b0
u_dut/o0_r_reg[241],FDRE,SLICE_X46Y228,SLICEM.AFF,1'b0
u_dut/o0_r_reg[242],FDRE,SLICE_X46Y228,SLICEM.BFF,1'b0
u_dut/o0_r_reg[243],FDRE,SLICE_X43Y228,SLICEL.AFF,1'b0
u_dut/o0_r_reg[244],FDRE,SLICE_X47Y227,SLICEL.CFF,1'b0
u_dut/o0_r_reg[245],FDRE,SLICE_X43Y228,SLICEL.BFF,1'b0
u_dut/o0_r_reg[246],FDRE,SLICE_X41Y227,SLICEL.BFF,1'b0
u_dut/o0_r_reg[247],FDRE,SLICE_X45Y226,SLICEL.AFF,1'b0
u_dut/o0_r_reg[248],FDRE,SLICE_X36Y226,SLICEL.AFF,1'b0
u_dut/o0_r_reg[249],FDRE,SLICE_X38Y226,SLICEM.AFF,1'b0
u_dut/o0_r_reg[24],FDRE,SLICE_X34Y226,SLICEL.BFF,1'b0
u_dut/o0_r_reg[250],FDRE,SLICE_X40Y223,SLICEL.AFF,1'b0
u_dut/o0_r_reg[251],FDRE,SLICE_X44Y225,SLICEL.BFF,1'b0
u_dut/o0_r_reg[252],FDRE,SLICE_X41Y228,SLICEL.CFF,1'b0
u_dut/o0_r_reg[253],FDRE,SLICE_X40Y218,SLICEL.AFF,1'b0
u_dut/o0_r_reg[254],FDRE,SLICE_X35Y229,SLICEL.BFF,1'b0
u_dut/o0_r_reg[255],FDRE,SLICE_X41Y225,SLICEL.DFF,1'b0
u_dut/o0_r_reg[256],FDRE,SLICE_X40Y227,SLICEL.AFF,1'b0
u_dut/o0_r_reg[257],FDRE,SLICE_X39Y227,SLICEL.BFF,1'b0
u_dut/o0_r_reg[258],FDRE,SLICE_X36Y226,SLICEL.BFF,1'b0
u_dut/o0_r_reg[259],FDRE,SLICE_X40Y227,SLICEL.BFF,1'b0
u_dut/o0_r_reg[25],FDRE,SLICE_X52Y224,SLICEM.BFF,1'b0
u_dut/o0_r_reg[260],FDRE,SLICE_X43Y229,SLICEL.CFF,1'b0
u_dut/o0_r_reg[261],FDRE,SLICE_X43Y225,SLICEL.BFF,1'b0
u_dut/o0_r_reg[262],FDRE,SLICE_X43Y229,SLICEL.DFF,1'b0
u_dut/o0_r_reg[263],FDRE,SLICE_X44Y223,SLICEL.AFF,1'b0
u_dut/o0_r_reg[264],FDRE,SLICE_X43Y227,SLICEL.AFF,1'b0
u_dut/o0_r_reg[265],FDRE,SLICE_X40Y223,SLICEL.BFF,1'b0
u_dut/o0_r_reg[266],FDRE,SLICE_X43Y227,SLICEL.BFF,1'b0
u_dut/o0_r_reg[267],FDRE,SLICE_X38Y227,SLICEM.AFF,1'b0
u_dut/o0_r_reg[268],FDRE,SLICE_X48Y222,SLICEL.CFF,1'b0
u_dut/o0_r_reg[269],FDRE,SLICE_X42Y225,SLICEM.AFF,1'b0
u_dut/o0_r_reg[26],FDRE,SLICE_X52Y224,SLICEM.CFF,1'b0
u_dut/o0_r_reg[270],FDRE,SLICE_X46Y227,SLICEM.BFF,1'b0
u_dut/o0_r_reg[271],FDRE,SLICE_X46Y228,SLICEM.CFF,1'b0
u_dut/o0_r_reg[272],FDRE,SLICE_X28Y222,SLICEL.AFF,1'b0
u_dut/o0_r_reg[273],FDRE,SLICE_X42Y223,SLICEM.BFF,1'b0
u_dut/o0_r_reg[274],FDRE,SLICE_X40Y229,SLICEL.AFF,1'b0
u_dut/o0_r_reg[275],FDRE,SLICE_X36Y229,SLICEL.BFF,1'b0
u_dut/o0_r_reg[276],FDRE,SLICE_X42Y225,SLICEM.BFF,1'b0
u_dut/o0_r_reg[277],FDRE,SLICE_X42Y224,SLICEM.BFF,1'b0
u_dut/o0_r_reg[278],FDRE,SLICE_X39Y228,SLICEL.AFF,1'b0
u_dut/o0_r_reg[279],FDRE,SLICE_X41Y230,SLICEL.BFF,1'b0
u_dut/o0_r_reg[27],FDRE,SLICE_X51Y218,SLICEL.AFF,1'b0
u_dut/o0_r_reg[280],FDRE,SLICE_X42Y227,SLICEM.CFF,1'b0
u_dut/o0_r_reg[281],FDRE,SLICE_X45Y228,SLICEL.BFF,1'b0
u_dut/o0_r_reg[282],FDRE,SLICE_X39Y230,SLICEL.AFF,1'b0
u_dut/o0_r_reg[283],FDRE,SLICE_X46Y222,SLICEM.CFF,1'b0
u_dut/o0_r_reg[284],FDRE,SLICE_X39Y225,SLICEL.BFF,1'b0
u_dut/o0_r_reg[285],FDRE,SLICE_X40Y230,SLICEL.BFF,1'b0
u_dut/o0_r_reg[286],FDRE,SLICE_X42Y228,SLICEM.AFF,1'b0
u_dut/o0_r_reg[287],FDRE,SLICE_X39Y229,SLICEL.AFF,1'b0
u_dut/o0_r_reg[288],FDRE,SLICE_X39Y228,SLICEL.BFF,1'b0
u_dut/o0_r_reg[289],FDRE,SLICE_X40Y225,SLICEL.BFF,1'b0
u_dut/o0_r_reg[28],FDRE,SLICE_X50Y222,SLICEM.AFF,1'b0
u_dut/o0_r_reg[290],FDRE,SLICE_X38Y228,SLICEM.AFF,1'b0
u_dut/o0_r_reg[291],FDRE,SLICE_X37Y229,SLICEL.AFF,1'b0
u_dut/o0_r_reg[292],FDRE,SLICE_X40Y228,SLICEL.CFF,1'b0
u_dut/o0_r_reg[293],FDRE,SLICE_X39Y227,SLICEL.CFF,1'b0
u_dut/o0_r_reg[294],FDRE,SLICE_X34Y225,SLICEL.AFF,1'b0
u_dut/o0_r_reg[295],FDRE,SLICE_X38Y226,SLICEM.BFF,1'b0
u_dut/o0_r_reg[296],FDRE,SLICE_X40Y223,SLICEL.CFF,1'b0
u_dut/o0_r_reg[297],FDRE,SLICE_X38Y219,SLICEM.AFF,1'b0
u_dut/o0_r_reg[298],FDRE,SLICE_X38Y225,SLICEM.AFF,1'b0
u_dut/o0_r_reg[299],FDRE,SLICE_X39Y229,SLICEL.BFF,1'b0
u_dut/o0_r_reg[29],FDRE,SLICE_X52Y224,SLICEM.DFF,1'b0
u_dut/o0_r_reg[2],FDRE,SLICE_X54Y221,SLICEM.CFF,1'b0
u_dut/o0_r_reg[300],FDRE,SLICE_X41Y223,SLICEL.BFF,1'b0
u_dut/o0_r_reg[301],FDRE,SLICE_X40Y227,SLICEL.CFF,1'b0
u_dut/o0_r_reg[302],FDRE,SLICE_X41Y222,SLICEL.BFF,1'b0
u_dut/o0_r_reg[303],FDRE,SLICE_X38Y227,SLICEM.BFF,1'b0
u_dut/o0_r_reg[304],FDRE,SLICE_X30Y227,SLICEL.AFF,1'b0
u_dut/o0_r_reg[305],FDRE,SLICE_X37Y229,SLICEL.BFF,1'b0
u_dut/o0_r_reg[306],FDRE,SLICE_X40Y216,SLICEL.AFF,1'b0
u_dut/o0_r_reg[307],FDRE,SLICE_X38Y228,SLICEM.BFF,1'b0
u_dut/o0_r_reg[308],FDRE,SLICE_X35Y229,SLICEL.CFF,1'b0
u_dut/o0_r_reg[309],FDRE,SLICE_X44Y226,SLICEL.CFF,1'b0
u_dut/o0_r_reg[30],FDRE,SLICE_X46Y221,SLICEM.BFF,1'b0
u_dut/o0_r_reg[310],FDRE,SLICE_X32Y229,SLICEL.AFF,1'b0
u_dut/o0_r_reg[311],FDRE,SLICE_X38Y228,SLICEM.CFF,1'b0
u_dut/o0_r_reg[312],FDRE,SLICE_X38Y228,SLICEM.DFF,1'b0
u_dut/o0_r_reg[313],FDRE,SLICE_X28Y229,SLICEL.AFF,1'b0
u_dut/o0_r_reg[314],FDRE,SLICE_X42Y226,SLICEM.AFF,1'b0
u_dut/o0_r_reg[315],FDRE,SLICE_X39Y224,SLICEL.AFF,1'b0
u_dut/o0_r_reg[316],FDRE,SLICE_X41Y226,SLICEL.AFF,1'b0
u_dut/o0_r_reg[317],FDRE,SLICE_X42Y225,SLICEM.CFF,1'b0
u_dut/o0_r_reg[318],FDRE,SLICE_X42Y226,SLICEM.BFF,1'b0
u_dut/o0_r_reg[319],FDRE,SLICE_X39Y229,SLICEL.CFF,1'b0
u_dut/o0_r_reg[31],FDRE,SLICE_X32Y223,SLICEL.AFF,1'b0
u_dut/o0_r_reg[320],FDRE,SLICE_X35Y226,SLICEL.BFF,1'b0
u_dut/o0_r_reg[321],FDRE,SLICE_X47Y226,SLICEL.BFF,1'b0
u_dut/o0_r_reg[322],FDRE,SLICE_X42Y228,SLICEM.BFF,1'b0
u_dut/o0_r_reg[323],FDRE,SLICE_X40Y229,SLICEL.BFF,1'b0
u_dut/o0_r_reg[324],FDRE,SLICE_X42Y222,SLICEM.BFF,1'b0
u_dut/o0_r_reg[325],FDRE,SLICE_X45Y228,SLICEL.CFF,1'b0
u_dut/o0_r_reg[326],FDRE,SLICE_X39Y228,SLICEL.CFF,1'b0
u_dut/o0_r_reg[327],FDRE,SLICE_X34Y225,SLICEL.BFF,1'b0
u_dut/o0_r_reg[328],FDRE,SLICE_X43Y228,SLICEL.CFF,1'b0
u_dut/o0_r_reg[329],FDRE,SLICE_X36Y228,SLICEL.BFF,1'b0
u_dut/o0_r_reg[32],FDRE,SLICE_X51Y221,SLICEL.CFF,1'b0
u_dut/o0_r_reg[330],FDRE,SLICE_X43Y228,SLICEL.DFF,1'b0
u_dut/o0_r_reg[331],FDRE,SLICE_X44Y229,SLICEL.BFF,1'b0
u_dut/o0_r_reg[332],FDRE,SLICE_X40Y226,SLICEL.BFF,1'b0
u_dut/o0_r_reg[333],FDRE,SLICE_X46Y227,SLICEM.CFF,1'b0
u_dut/o0_r_reg[334],FDRE,SLICE_X44Y228,SLICEL.CFF,1'b0
u_dut/o0_r_reg[335],FDRE,SLICE_X48Y225,SLICEL.BFF,1'b0
u_dut/o0_r_reg[336],FDRE,SLICE_X43Y225,SLICEL.CFF,1'b0
u_dut/o0_r_reg[337],FDRE,SLICE_X41Y226,SLICEL.BFF,1'b0
u_dut/o0_r_reg[338],FDRE,SLICE_X41Y223,SLICEL.CFF,1'b0
u_dut/o0_r_reg[339],FDRE,SLICE_X38Y229,SLICEM.AFF,1'b0
u_dut/o0_r_reg[33],FDRE,SLICE_X52Y220,SLICEM.CFF,1'b0
u_dut/o0_r_reg[340],FDRE,SLICE_X44Y226,SLICEL.DFF,1'b0
u_dut/o0_r_reg[341],FDRE,SLICE_X40Y229,SLICEL.CFF,1'b0
u_dut/o0_r_reg[342],FDRE,SLICE_X48Y226,SLICEL.CFF,1'b0
u_dut/o0_r_reg[343],FDRE,SLICE_X46Y227,SLICEM.DFF,1'b0
u_dut/o0_r_reg[344],FDRE,SLICE_X45Y229,SLICEL.AFF,1'b0
u_dut/o0_r_reg[345],FDRE,SLICE_X42Y227,SLICEM.DFF,1'b0
u_dut/o0_r_reg[346],FDRE,SLICE_X44Y227,SLICEL.BFF,1'b0
u_dut/o0_r_reg[347],FDRE,SLICE_X41Y227,SLICEL.CFF,1'b0
u_dut/o0_r_reg[348],FDRE,SLICE_X39Y224,SLICEL.BFF,1'b0
u_dut/o0_r_reg[349],FDRE,SLICE_X38Y227,SLICEM.CFF,1'b0
u_dut/o0_r_reg[34],FDRE,SLICE_X50Y223,SLICEM.BFF,1'b0
u_dut/o0_r_reg[350],FDRE,SLICE_X46Y229,SLICEM.AFF,1'b0
u_dut/o0_r_reg[351],FDRE,SLICE_X25Y231,SLICEL.AFF,1'b0
u_dut/o0_r_reg[352],FDRE,SLICE_X36Y225,SLICEL.BFF,1'b0
u_dut/o0_r_reg[353],FDRE,SLICE_X39Y228,SLICEL.DFF,1'b0
u_dut/o0_r_reg[354],FDRE,SLICE_X47Y218,SLICEL.AFF,1'b0
u_dut/o0_r_reg[355],FDRE,SLICE_X46Y223,SLICEM.BFF,1'b0
u_dut/o0_r_reg[356],FDRE,SLICE_X39Y227,SLICEL.DFF,1'b0
u_dut/o0_r_reg[357],FDRE,SLICE_X42Y228,SLICEM.CFF,1'b0
u_dut/o0_r_reg[358],FDRE,SLICE_X42Y229,SLICEM.CFF,1'b0
u_dut/o0_r_reg[359],FDRE,SLICE_X44Y228,SLICEL.DFF,1'b0
u_dut/o0_r_reg[35],FDRE,SLICE_X55Y223,SLICEL.AFF,1'b0
u_dut/o0_r_reg[360],FDRE,SLICE_X35Y229,SLICEL.DFF,1'b0
u_dut/o0_r_reg[361],FDRE,SLICE_X44Y227,SLICEL.CFF,1'b0
u_dut/o0_r_reg[362],FDRE,SLICE_X44Y229,SLICEL.CFF,1'b0
u_dut/o0_r_reg[363],FDRE,SLICE_X42Y228,SLICEM.DFF,1'b0
u_dut/o0_r_reg[364],FDRE,SLICE_X46Y223,SLICEM.CFF,1'b0
u_dut/o0_r_reg[365],FDRE,SLICE_X41Y227,SLICEL.DFF,1'b0
u_dut/o0_r_reg[366],FDRE,SLICE_X44Y222,SLICEL.CFF,1'b0
u_dut/o0_r_reg[367],FDRE,SLICE_X46Y228,SLICEM.DFF,1'b0
u_dut/o0_r_reg[368],FDRE,SLICE_X38Y229,SLICEM.BFF,1'b0
u_dut/o0_r_reg[369],FDRE,SLICE_X43Y227,SLICEL.CFF,1'b0
u_dut/o0_r_reg[36],FDRE,SLICE_X50Y221,SLICEM.CFF,1'b0
u_dut/o0_r_reg[370],FDRE,SLICE_X42Y229,SLICEM.DFF,1'b0
u_dut/o0_r_reg[371],FDRE,SLICE_X36Y225,SLICEL.CFF,1'b0
u_dut/o0_r_reg[372],FDRE,SLICE_X41Y226,SLICEL.CFF,1'b0
u_dut/o0_r_reg[373],FDRE,SLICE_X39Y225,SLICEL.CFF,1'b0
u_dut/o0_r_reg[374],FDRE,SLICE_X40Y230,SLICEL.CFF,1'b0
u_dut/o0_r_reg[375],FDRE,SLICE_X40Y226,SLICEL.CFF,1'b0
u_dut/o0_r_reg[376],FDRE,SLICE_X38Y221,SLICEM.BFF,1'b0
u_dut/o0_r_reg[377],FDRE,SLICE_X40Y225,SLICEL.CFF,1'b0
u_dut/o0_r_reg[378],FDRE,SLICE_X40Y227,SLICEL.DFF,1'b0
u_dut/o0_r_reg[379],FDRE,SLICE_X41Y226,SLICEL.DFF,1'b0
u_dut/o0_r_reg[37],FDRE,SLICE_X51Y223,SLICEL.CFF,1'b0
u_dut/o0_r_reg[380],FDRE,SLICE_X39Y226,SLICEL.BFF,1'b0
u_dut/o0_r_reg[381],FDRE,SLICE_X41Y228,SLICEL.DFF,1'b0
u_dut/o0_r_reg[382],FDRE,SLICE_X38Y226,SLICEM.CFF,1'b0
u_dut/o0_r_reg[383],FDRE,SLICE_X38Y229,SLICEM.CFF,1'b0
u_dut/o0_r_reg[384],FDRE,SLICE_X40Y228,SLICEL.DFF,1'b0
u_dut/o0_r_reg[385],FDRE,SLICE_X40Y230,SLICEL.DFF,1'b0
u_dut/o0_r_reg[386],FDRE,SLICE_X39Y229,SLICEL.DFF,1'b0
u_dut/o0_r_reg[387],FDRE,SLICE_X41Y223,SLICEL.DFF,1'b0
u_dut/o0_r_reg[388],FDRE,SLICE_X41Y229,SLICEL.BFF,1'b0
u_dut/o0_r_reg[389],FDRE,SLICE_X42Y225,SLICEM.DFF,1'b0
u_dut/o0_r_reg[38],FDRE,SLICE_X55Y223,SLICEL.BFF,1'b0
u_dut/o0_r_reg[390],FDRE,SLICE_X39Y224,SLICEL.CFF,1'b0
u_dut/o0_r_reg[391],FDRE,SLICE_X41Y230,SLICEL.CFF,1'b0
u_dut/o0_r_reg[392],FDRE,SLICE_X43Y227,SLICEL.DFF,1'b0
u_dut/o0_r_reg[393],FDRE,SLICE_X44Y225,SLICEL.CFF,1'b0
u_dut/o0_r_reg[394],FDRE,SLICE_X45Y226,SLICEL.BFF,1'b0
u_dut/o0_r_reg[395],FDRE,SLICE_X38Y229,SLICEM.DFF,1'b0
u_dut/o0_r_reg[396],FDRE,SLICE_X44Y227,SLICEL.DFF,1'b0
u_dut/o0_r_reg[397],FDRE,SLICE_X45Y228,SLICEL.DFF,1'b0
u_dut/o0_r_reg[398],FDRE,SLICE_X51Y223,SLICEL.DFF,1'b0
u_dut/o0_r_reg[399],FDRE,SLICE_X53Y222,SLICEL.DFF,1'b0
u_dut/o0_r_reg[39],FDRE,SLICE_X50Y225,SLICEM.CFF,1'b0
u_dut/o0_r_reg[3],FDRE,SLICE_X50Y222,SLICEM.BFF,1'b0
u_dut/o0_r_reg[400],FDRE,SLICE_X35Y214,SLICEL.AFF,1'b0
u_dut/o0_r_reg[401],FDRE,SLICE_X43Y215,SLICEL.AFF,1'b0
u_dut/o0_r_reg[402],FDRE,SLICE_X33Y217,SLICEL.AFF,1'b0
u_dut/o0_r_reg[403],FDRE,SLICE_X36Y217,SLICEL.AFF,1'b0
u_dut/o0_r_reg[404],FDRE,SLICE_X43Y216,SLICEL.AFF,1'b0
u_dut/o0_r_reg[405],FDRE,SLICE_X44Y216,SLICEL.AFF,1'b0
u_dut/o0_r_reg[406],FDRE,SLICE_X44Y218,SLICEL.AFF,1'b0
u_dut/o0_r_reg[407],FDRE,SLICE_X40Y216,SLICEL.BFF,1'b0
u_dut/o0_r_reg[408],FDRE,SLICE_X34Y218,SLICEL.AFF,1'b0
u_dut/o0_r_reg[409],FDRE,SLICE_X34Y219,SLICEL.AFF,1'b0
u_dut/o0_r_reg[40],FDRE,SLICE_X54Y222,SLICEM.BFF,1'b0
u_dut/o0_r_reg[410],FDRE,SLICE_X36Y217,SLICEL.BFF,1'b0
u_dut/o0_r_reg[411],FDRE,SLICE_X43Y218,SLICEL.AFF,1'b0
u_dut/o0_r_reg[412],FDRE,SLICE_X38Y217,SLICEM.AFF,1'b0
u_dut/o0_r_reg[413],FDRE,SLICE_X43Y215,SLICEL.BFF,1'b0
u_dut/o0_r_reg[414],FDRE,SLICE_X37Y218,SLICEL.AFF,1'b0
u_dut/o0_r_reg[415],FDRE,SLICE_X36Y217,SLICEL.CFF,1'b0
u_dut/o0_r_reg[416],FDRE,SLICE_X34Y218,SLICEL.BFF,1'b0
u_dut/o0_r_reg[417],FDRE,SLICE_X38Y217,SLICEM.BFF,1'b0
u_dut/o0_r_reg[418],FDRE,SLICE_X44Y217,SLICEL.AFF,1'b0
u_dut/o0_r_reg[419],FDRE,SLICE_X45Y216,SLICEL.AFF,1'b0
u_dut/o0_r_reg[41],FDRE,SLICE_X34Y224,SLICEL.AFF,1'b0
u_dut/o0_r_reg[420],FDRE,SLICE_X41Y215,SLICEL.AFF,1'b0
u_dut/o0_r_reg[421],FDRE,SLICE_X38Y221,SLICEM.CFF,1'b0
u_dut/o0_r_reg[422],FDRE,SLICE_X31Y215,SLICEL.AFF,1'b0
u_dut/o0_r_reg[423],FDRE,SLICE_X40Y219,SLICEL.BFF,1'b0
u_dut/o0_r_reg[424],FDRE,SLICE_X38Y221,SLICEM.DFF,1'b0
u_dut/o0_r_reg[425],FDRE,SLICE_X35Y217,SLICEL.AFF,1'b0
u_dut/o0_r_reg[426],FDRE,SLICE_X37Y218,SLICEL.BFF,1'b0
u_dut/o0_r_reg[427],FDRE,SLICE_X28Y215,SLICEL.AFF,1'b0
u_dut/o0_r_reg[428],FDRE,SLICE_X44Y215,SLICEL.AFF,1'b0
u_dut/o0_r_reg[429],FDRE,SLICE_X38Y219,SLICEM.BFF,1'b0
u_dut/o0_r_reg[42],FDRE,SLICE_X48Y223,SLICEL.BFF,1'b0
u_dut/o0_r_reg[430],FDRE,SLICE_X36Y219,SLICEL.AFF,1'b0
u_dut/o0_r_reg[431],FDRE,SLICE_X28Y217,SLICEL.AFF,1'b0
u_dut/o0_r_reg[432],FDRE,SLICE_X40Y216,SLICEL.CFF,1'b0
u_dut/o0_r_reg[433],FDRE,SLICE_X32Y219,SLICEL.AFF,1'b0
u_dut/o0_r_reg[434],FDRE,SLICE_X37Y215,SLICEL.AFF,1'b0
u_dut/o0_r_reg[435],FDRE,SLICE_X40Y217,SLICEL.AFF,1'b0
u_dut/o0_r_reg[436],FDRE,SLICE_X35Y214,SLICEL.BFF,1'b0
u_dut/o0_r_reg[437],FDRE,SLICE_X37Y215,SLICEL.BFF,1'b0
u_dut/o0_r_reg[438],FDRE,SLICE_X34Y218,SLICEL.CFF,1'b0
u_dut/o0_r_reg[439],FDRE,SLICE_X38Y217,SLICEM.CFF,1'b0
u_dut/o0_r_reg[43],FDRE,SLICE_X45Y222,SLICEL.BFF,1'b0
u_dut/o0_r_reg[440],FDRE,SLICE_X34Y216,SLICEL.AFF,1'b0
u_dut/o0_r_reg[441],FDRE,SLICE_X42Y216,SLICEM.AFF,1'b0
u_dut/o0_r_reg[442],FDRE,SLICE_X40Y219,SLICEL.CFF,1'b0
u_dut/o0_r_reg[443],FDRE,SLICE_X36Y219,SLICEL.BFF,1'b0
u_dut/o0_r_reg[444],FDRE,SLICE_X43Y218,SLICEL.BFF,1'b0
u_dut/o0_r_reg[445],FDRE,SLICE_X36Y219,SLICEL.CFF,1'b0
u_dut/o0_r_reg[446],FDRE,SLICE_X35Y217,SLICEL.BFF,1'b0
u_dut/o0_r_reg[447],FDRE,SLICE_X44Y217,SLICEL.BFF,1'b0
u_dut/o0_r_reg[448],FDRE,SLICE_X38Y215,SLICEM.AFF,1'b0
u_dut/o0_r_reg[449],FDRE,SLICE_X45Y218,SLICEL.AFF,1'b0
u_dut/o0_r_reg[44],FDRE,SLICE_X55Y223,SLICEL.DFF,1'b0
u_dut/o0_r_reg[450],FDRE,SLICE_X38Y219,SLICEM.CFF,1'b0
u_dut/o0_r_reg[451],FDRE,SLICE_X44Y214,SLICEL.AFF,1'b0
u_dut/o0_r_reg[452],FDRE,SLICE_X35Y214,SLICEL.CFF,1'b0
u_dut/o0_r_reg[453],FDRE,SLICE_X40Y217,SLICEL.BFF,1'b0
u_dut/o0_r_reg[454],FDRE,SLICE_X39Y215,SLICEL.AFF,1'b0
u_dut/o0_r_reg[455],FDRE,SLICE_X42Y216,SLICEM.BFF,1'b0
u_dut/o0_r_reg[456],FDRE,SLICE_X44Y215,SLICEL.BFF,1'b0
u_dut/o0_r_reg[457],FDRE,SLICE_X43Y215,SLICEL.CFF,1'b0
u_dut/o0_r_reg[458],FDRE,SLICE_X39Y215,SLICEL.BFF,1'b0
u_dut/o0_r_reg[459],FDRE,SLICE_X43Y220,SLICEL.AFF,1'b0
u_dut/o0_r_reg[45],FDRE,SLICE_X58Y222,SLICEM.AFF,1'b0
u_dut/o0_r_reg[460],FDRE,SLICE_X40Y218,SLICEL.BFF,1'b0
u_dut/o0_r_reg[461],FDRE,SLICE_X30Y215,SLICEL.AFF,1'b0
u_dut/o0_r_reg[462],FDRE,SLICE_X39Y215,SLICEL.CFF,1'b0
u_dut/o0_r_reg[463],FDRE,SLICE_X38Y215,SLICEM.BFF,1'b0
u_dut/o0_r_reg[464],FDRE,SLICE_X45Y216,SLICEL.BFF,1'b0
u_dut/o0_r_reg[465],FDRE,SLICE_X25Y213,SLICEL.AFF,1'b0
u_dut/o0_r_reg[466],FDRE,SLICE_X42Y217,SLICEM.AFF,1'b0
u_dut/o0_r_reg[467],FDRE,SLICE_X36Y217,SLICEL.DFF,1'b0
u_dut/o0_r_reg[468],FDRE,SLICE_X44Y214,SLICEL.BFF,1'b0
u_dut/o0_r_reg[469],FDRE,SLICE_X36Y214,SLICEL.AFF,1'b0
u_dut/o0_r_reg[46],FDRE,SLICE_X32Y226,SLICEL.AFF,1'b0
u_dut/o0_r_reg[470],FDRE,SLICE_X44Y215,SLICEL.CFF,1'b0
u_dut/o0_r_reg[471],FDRE,SLICE_X43Y216,SLICEL.BFF,1'b0
u_dut/o0_r_reg[472],FDRE,SLICE_X28Y221,SLICEL.AFF,1'b0
u_dut/o0_r_reg[473],FDRE,SLICE_X34Y216,SLICEL.BFF,1'b0
u_dut/o0_r_reg[474],FDRE,SLICE_X28Y216,SLICEL.AFF,1'b0
u_dut/o0_r_reg[475],FDRE,SLICE_X46Y218,SLICEM.AFF,1'b0
u_dut/o0_r_reg[476],FDRE,SLICE_X31Y215,SLICEL.BFF,1'b0
u_dut/o0_r_reg[477],FDRE,SLICE_X34Y220,SLICEL.AFF,1'b0
u_dut/o0_r_reg[478],FDRE,SLICE_X34Y215,SLICEL.AFF,1'b0
u_dut/o0_r_reg[479],FDRE,SLICE_X37Y220,SLICEL.AFF,1'b0
u_dut/o0_r_reg[47],FDRE,SLICE_X44Y223,SLICEL.BFF,1'b0
u_dut/o0_r_reg[480],FDRE,SLICE_X38Y217,SLICEM.DFF,1'b0
u_dut/o0_r_reg[481],FDRE,SLICE_X40Y216,SLICEL.DFF,1'b0
u_dut/o0_r_reg[482],FDRE,SLICE_X34Y220,SLICEL.BFF,1'b0
u_dut/o0_r_reg[483],FDRE,SLICE_X36Y214,SLICEL.BFF,1'b0
u_dut/o0_r_reg[484],FDRE,SLICE_X34Y220,SLICEL.CFF,1'b0
u_dut/o0_r_reg[485],FDRE,SLICE_X32Y216,SLICEL.AFF,1'b0
u_dut/o0_r_reg[486],FDRE,SLICE_X30Y214,SLICEL.AFF,1'b0
u_dut/o0_r_reg[487],FDRE,SLICE_X34Y215,SLICEL.BFF,1'b0
u_dut/o0_r_reg[488],FDRE,SLICE_X25Y213,SLICEL.BFF,1'b0
u_dut/o0_r_reg[489],FDRE,SLICE_X29Y220,SLICEL.AFF,1'b0
u_dut/o0_r_reg[48],FDRE,SLICE_X50Y220,SLICEM.DFF,1'b0
u_dut/o0_r_reg[490],FDRE,SLICE_X29Y220,SLICEL.BFF,1'b0
u_dut/o0_r_reg[491],FDRE,SLICE_X31Y215,SLICEL.CFF,1'b0
u_dut/o0_r_reg[492],FDRE,SLICE_X41Y217,SLICEL.AFF,1'b0
u_dut/o0_r_reg[493],FDRE,SLICE_X25Y216,SLICEL.AFF,1'b0
u_dut/o0_r_reg[494],FDRE,SLICE_X30Y217,SLICEL.AFF,1'b0
u_dut/o0_r_reg[495],FDRE,SLICE_X32Y216,SLICEL.BFF,1'b0
u_dut/o0_r_reg[496],FDRE,SLICE_X34Y216,SLICEL.CFF,1'b0
u_dut/o0_r_reg[497],FDRE,SLICE_X34Y217,SLICEL.AFF,1'b0
u_dut/o0_r_reg[498],FDRE,SLICE_X25Y217,SLICEL.AFF,1'b0
u_dut/o0_r_reg[499],FDRE,SLICE_X24Y216,SLICEL.AFF,1'b0
u_dut/o0_r_reg[49],FDRE,SLICE_X49Y222,SLICEL.AFF,1'b0
u_dut/o0_r_reg[4],FDRE,SLICE_X55Y223,SLICEL.CFF,1'b0
u_dut/o0_r_reg[500],FDRE,SLICE_X32Y218,SLICEL.AFF,1'b0
u_dut/o0_r_reg[501],FDRE,SLICE_X30Y219,SLICEL.AFF,1'b0
u_dut/o0_r_reg[502],FDRE,SLICE_X33Y214,SLICEL.AFF,1'b0
u_dut/o0_r_reg[503],FDRE,SLICE_X28Y219,SLICEL.AFF,1'b0
u_dut/o0_r_reg[504],FDRE,SLICE_X32Y219,SLICEL.BFF,1'b0
u_dut/o0_r_reg[505],FDRE,SLICE_X30Y223,SLICEL.AFF,1'b0
u_dut/o0_r_reg[506],FDRE,SLICE_X29Y217,SLICEL.AFF,1'b0
u_dut/o0_r_reg[507],FDRE,SLICE_X42Y218,SLICEM.AFF,1'b0
u_dut/o0_r_reg[508],FDRE,SLICE_X22Y216,SLICEM.AFF,1'b0
u_dut/o0_r_reg[509],FDRE,SLICE_X33Y217,SLICEL.BFF,1'b0
u_dut/o0_r_reg[50],FDRE,SLICE_X50Y225,SLICEM.DFF,1'b0
u_dut/o0_r_reg[510],FDRE,SLICE_X34Y215,SLICEL.CFF,1'b0
u_dut/o0_r_reg[511],FDRE,SLICE_X30Y216,SLICEL.AFF,1'b0
u_dut/o0_r_reg[512],FDRE,SLICE_X20Y216,SLICEM.AFF,1'b0
u_dut/o0_r_reg[513],FDRE,SLICE_X28Y221,SLICEL.BFF,1'b0
u_dut/o0_r_reg[514],FDRE,SLICE_X37Y215,SLICEL.CFF,1'b0
u_dut/o0_r_reg[515],FDRE,SLICE_X28Y215,SLICEL.BFF,1'b0
u_dut/o0_r_reg[516],FDRE,SLICE_X22Y216,SLICEM.BFF,1'b0
u_dut/o0_r_reg[517],FDRE,SLICE_X30Y216,SLICEL.BFF,1'b0
u_dut/o0_r_reg[518],FDRE,SLICE_X20Y216,SLICEM.BFF,1'b0
u_dut/o0_r_reg[519],FDRE,SLICE_X32Y216,SLICEL.CFF,1'b0
u_dut/o0_r_reg[51],FDRE,SLICE_X51Y225,SLICEL.CFF,1'b0
u_dut/o0_r_reg[520],FDRE,SLICE_X34Y220,SLICEL.DFF,1'b0
u_dut/o0_r_reg[521],FDRE,SLICE_X28Y219,SLICEL.BFF,1'b0
u_dut/o0_r_reg[522],FDRE,SLICE_X30Y217,SLICEL.BFF,1'b0
u_dut/o0_r_reg[523],FDRE,SLICE_X29Y217,SLICEL.BFF,1'b0
u_dut/o0_r_reg[524],FDRE,SLICE_X24Y220,SLICEL.AFF,1'b0
u_dut/o0_r_reg[525],FDRE,SLICE_X34Y221,SLICEL.AFF,1'b0
u_dut/o0_r_reg[526],FDRE,SLICE_X22Y215,SLICEM.AFF,1'b0
u_dut/o0_r_reg[527],FDRE,SLICE_X28Y217,SLICEL.BFF,1'b0
u_dut/o0_r_reg[528],FDRE,SLICE_X28Y220,SLICEL.AFF,1'b0
u_dut/o0_r_reg[529],FDRE,SLICE_X27Y220,SLICEL.AFF,1'b0
u_dut/o0_r_reg[52],FDRE,SLICE_X51Y224,SLICEL.CFF,1'b0
u_dut/o0_r_reg[530],FDRE,SLICE_X30Y216,SLICEL.CFF,1'b0
u_dut/o0_r_reg[531],FDRE,SLICE_X28Y219,SLICEL.CFF,1'b0
u_dut/o0_r_reg[532],FDRE,SLICE_X32Y218,SLICEL.BFF,1'b0
u_dut/o0_r_reg[533],FDRE,SLICE_X34Y218,SLICEL.DFF,1'b0
u_dut/o0_r_reg[534],FDRE,SLICE_X29Y217,SLICEL.CFF,1'b0
u_dut/o0_r_reg[535],FDRE,SLICE_X23Y216,SLICEL.AFF,1'b0
u_dut/o0_r_reg[536],FDRE,SLICE_X32Y218,SLICEL.CFF,1'b0
u_dut/o0_r_reg[537],FDRE,SLICE_X25Y216,SLICEL.BFF,1'b0
u_dut/o0_r_reg[538],FDRE,SLICE_X30Y219,SLICEL.BFF,1'b0
u_dut/o0_r_reg[539],FDRE,SLICE_X22Y216,SLICEM.CFF,1'b0
u_dut/o0_r_reg[53],FDRE,SLICE_X47Y221,SLICEL.CFF,1'b0
u_dut/o0_r_reg[540],FDRE,SLICE_X35Y217,SLICEL.CFF,1'b0
u_dut/o0_r_reg[541],FDRE,SLICE_X32Y219,SLICEL.CFF,1'b0
u_dut/o0_r_reg[542],FDRE,SLICE_X33Y217,SLICEL.CFF,1'b0
u_dut/o0_r_reg[543],FDRE,SLICE_X34Y217,SLICEL.BFF,1'b0
u_dut/o0_r_reg[544],FDRE,SLICE_X33Y217,SLICEL.DFF,1'b0
u_dut/o0_r_reg[545],FDRE,SLICE_X30Y221,SLICEL.AFF,1'b0
u_dut/o0_r_reg[546],FDRE,SLICE_X28Y220,SLICEL.BFF,1'b0
u_dut/o0_r_reg[547],FDRE,SLICE_X22Y217,SLICEM.AFF,1'b0
u_dut/o0_r_reg[548],FDRE,SLICE_X25Y215,SLICEL.AFF,1'b0
u_dut/o0_r_reg[549],FDRE,SLICE_X43Y216,SLICEL.CFF,1'b0
u_dut/o0_r_reg[54],FDRE,SLICE_X29Y227,SLICEL.AFF,1'b0
u_dut/o0_r_reg[550],FDRE,SLICE_X37Y215,SLICEL.DFF,1'b0
u_dut/o0_r_reg[551],FDRE,SLICE_X28Y216,SLICEL.BFF,1'b0
u_dut/o0_r_reg[552],FDRE,SLICE_X28Y215,SLICEL.CFF,1'b0
u_dut/o0_r_reg[553],FDRE,SLICE_X34Y217,SLICEL.CFF,1'b0
u_dut/o0_r_reg[554],FDRE,SLICE_X34Y216,SLICEL.DFF,1'b0
u_dut/o0_r_reg[555],FDRE,SLICE_X24Y216,SLICEL.BFF,1'b0
u_dut/o0_r_reg[556],FDRE,SLICE_X25Y215,SLICEL.BFF,1'b0
u_dut/o0_r_reg[557],FDRE,SLICE_X22Y220,SLICEM.AFF,1'b0
u_dut/o0_r_reg[558],FDRE,SLICE_X25Y215,SLICEL.CFF,1'b0
u_dut/o0_r_reg[559],FDRE,SLICE_X24Y215,SLICEL.AFF,1'b0
u_dut/o0_r_reg[55],FDRE,SLICE_X42Y222,SLICEM.CFF,1'b0
u_dut/o0_r_reg[560],FDRE,SLICE_X30Y215,SLICEL.BFF,1'b0
u_dut/o0_r_reg[561],FDRE,SLICE_X24Y219,SLICEL.AFF,1'b0
u_dut/o0_r_reg[562],FDRE,SLICE_X23Y216,SLICEL.BFF,1'b0
u_dut/o0_r_reg[563],FDRE,SLICE_X29Y220,SLICEL.CFF,1'b0
u_dut/o0_r_reg[564],FDRE,SLICE_X28Y221,SLICEL.CFF,1'b0
u_dut/o0_r_reg[565],FDRE,SLICE_X27Y218,SLICEL.AFF,1'b0
u_dut/o0_r_reg[566],FDRE,SLICE_X30Y216,SLICEL.DFF,1'b0
u_dut/o0_r_reg[567],FDRE,SLICE_X37Y218,SLICEL.CFF,1'b0
u_dut/o0_r_reg[568],FDRE,SLICE_X32Y214,SLICEL.AFF,1'b0
u_dut/o0_r_reg[569],FDRE,SLICE_X35Y217,SLICEL.DFF,1'b0
u_dut/o0_r_reg[56],FDRE,SLICE_X48Y223,SLICEL.CFF,1'b0
u_dut/o0_r_reg[570],FDRE,SLICE_X32Y216,SLICEL.DFF,1'b0
u_dut/o0_r_reg[571],FDRE,SLICE_X25Y217,SLICEL.BFF,1'b0
u_dut/o0_r_reg[572],FDRE,SLICE_X34Y219,SLICEL.BFF,1'b0
u_dut/o0_r_reg[573],FDRE,SLICE_X29Y217,SLICEL.DFF,1'b0
u_dut/o0_r_reg[574],FDRE,SLICE_X26Y222,SLICEL.AFF,1'b0
u_dut/o0_r_reg[575],FDRE,SLICE_X36Y219,SLICEL.DFF,1'b0
u_dut/o0_r_reg[576],FDRE,SLICE_X28Y215,SLICEL.DFF,1'b0
u_dut/o0_r_reg[577],FDRE,SLICE_X22Y220,SLICEM.BFF,1'b0
u_dut/o0_r_reg[578],FDRE,SLICE_X32Y217,SLICEL.AFF,1'b0
u_dut/o0_r_reg[579],FDRE,SLICE_X37Y220,SLICEL.BFF,1'b0
u_dut/o0_r_reg[57],FDRE,SLICE_X52Y220,SLICEM.DFF,1'b0
u_dut/o0_r_reg[580],FDRE,SLICE_X34Y219,SLICEL.CFF,1'b0
u_dut/o0_r_reg[581],FDRE,SLICE_X26Y222,SLICEL.BFF,1'b0
u_dut/o0_r_reg[582],FDRE,SLICE_X32Y219,SLICEL.DFF,1'b0
u_dut/o0_r_reg[583],FDRE,SLICE_X22Y217,SLICEM.BFF,1'b0
u_dut/o0_r_reg[584],FDRE,SLICE_X28Y217,SLICEL.CFF,1'b0
u_dut/o0_r_reg[585],FDRE,SLICE_X27Y220,SLICEL.BFF,1'b0
u_dut/o0_r_reg[586],FDRE,SLICE_X31Y218,SLICEL.AFF,1'b0
u_dut/o0_r_reg[587],FDRE,SLICE_X28Y220,SLICEL.CFF,1'b0
u_dut/o0_r_reg[588],FDRE,SLICE_X31Y218,SLICEL.BFF,1'b0
u_dut/o0_r_reg[589],FDRE,SLICE_X32Y217,SLICEL.BFF,1'b0
u_dut/o0_r_reg[58],FDRE,SLICE_X49Y227,SLICEL.AFF,1'b0
u_dut/o0_r_reg[590],FDRE,SLICE_X24Y216,SLICEL.CFF,1'b0
u_dut/o0_r_reg[591],FDRE,SLICE_X22Y220,SLICEM.CFF,1'b0
u_dut/o0_r_reg[592],FDRE,SLICE_X31Y215,SLICEL.DFF,1'b0
u_dut/o0_r_reg[593],FDRE,SLICE_X31Y218,SLICEL.CFF,1'b0
u_dut/o0_r_reg[594],FDRE,SLICE_X32Y217,SLICEL.CFF,1'b0
u_dut/o0_r_reg[595],FDRE,SLICE_X31Y218,SLICEL.DFF,1'b0
u_dut/o0_r_reg[596],FDRE,SLICE_X30Y221,SLICEL.BFF,1'b0
u_dut/o0_r_reg[597],FDRE,SLICE_X37Y220,SLICEL.CFF,1'b0
u_dut/o0_r_reg[598],FDRE,SLICE_X34Y217,SLICEL.DFF,1'b0
u_dut/o0_r_reg[599],FDRE,SLICE_X28Y217,SLICEL.DFF,1'b0
u_dut/o0_r_reg[59],FDRE,SLICE_X33Y223,SLICEL.AFF,1'b0
u_dut/o0_r_reg[5],FDRE,SLICE_X46Y222,SLICEM.DFF,1'b0
u_dut/o0_r_reg[600],FDRE,SLICE_X38Y223,SLICEM.BFF,1'b0
u_dut/o0_r_reg[601],FDRE,SLICE_X28Y229,SLICEL.BFF,1'b0
u_dut/o0_r_reg[602],FDRE,SLICE_X34Y229,SLICEL.AFF,1'b0
u_dut/o0_r_reg[603],FDRE,SLICE_X32Y224,SLICEL.BFF,1'b0
u_dut/o0_r_reg[604],FDRE,SLICE_X33Y223,SLICEL.BFF,1'b0
u_dut/o0_r_reg[605],FDRE,SLICE_X35Y223,SLICEL.AFF,1'b0
u_dut/o0_r_reg[606],FDRE,SLICE_X39Y224,SLICEL.DFF,1'b0
u_dut/o0_r_reg[607],FDRE,SLICE_X36Y226,SLICEL.CFF,1'b0
u_dut/o0_r_reg[608],FDRE,SLICE_X36Y222,SLICEL.AFF,1'b0
u_dut/o0_r_reg[609],FDRE,SLICE_X34Y221,SLICEL.BFF,1'b0
u_dut/o0_r_reg[60],FDRE,SLICE_X47Y226,SLICEL.CFF,1'b0
u_dut/o0_r_reg[610],FDRE,SLICE_X37Y229,SLICEL.CFF,1'b0
u_dut/o0_r_reg[611],FDRE,SLICE_X36Y231,SLICEL.AFF,1'b0
u_dut/o0_r_reg[612],FDRE,SLICE_X35Y231,SLICEL.AFF,1'b0
u_dut/o0_r_reg[613],FDRE,SLICE_X36Y230,SLICEL.AFF,1'b0
u_dut/o0_r_reg[614],FDRE,SLICE_X36Y230,SLICEL.BFF,1'b0
u_dut/o0_r_reg[615],FDRE,SLICE_X39Y230,SLICEL.BFF,1'b0
u_dut/o0_r_reg[616],FDRE,SLICE_X34Y224,SLICEL.BFF,1'b0
u_dut/o0_r_reg[617],FDRE,SLICE_X36Y228,SLICEL.CFF,1'b0
u_dut/o0_r_reg[618],FDRE,SLICE_X38Y225,SLICEM.BFF,1'b0
u_dut/o0_r_reg[619],FDRE,SLICE_X36Y230,SLICEL.CFF,1'b0
u_dut/o0_r_reg[61],FDRE,SLICE_X50Y221,SLICEM.DFF,1'b0
u_dut/o0_r_reg[620],FDRE,SLICE_X34Y221,SLICEL.CFF,1'b0
u_dut/o0_r_reg[621],FDRE,SLICE_X30Y229,SLICEL.BFF,1'b0
u_dut/o0_r_reg[622],FDRE,SLICE_X38Y222,SLICEM.BFF,1'b0
u_dut/o0_r_reg[623],FDRE,SLICE_X34Y230,SLICEL.AFF,1'b0
u_dut/o0_r_reg[624],FDRE,SLICE_X36Y231,SLICEL.BFF,1'b0
u_dut/o0_r_reg[625],FDRE,SLICE_X36Y227,SLICEL.BFF,1'b0
u_dut/o0_r_reg[626],FDRE,SLICE_X36Y230,SLICEL.DFF,1'b0
u_dut/o0_r_reg[627],FDRE,SLICE_X32Y230,SLICEL.AFF,1'b0
u_dut/o0_r_reg[628],FDRE,SLICE_X32Y230,SLICEL.BFF,1'b0
u_dut/o0_r_reg[629],FDRE,SLICE_X30Y227,SLICEL.BFF,1'b0
u_dut/o0_r_reg[62],FDRE,SLICE_X51Y224,SLICEL.DFF,1'b0
u_dut/o0_r_reg[630],FDRE,SLICE_X38Y230,SLICEM.AFF,1'b0
u_dut/o0_r_reg[631],FDRE,SLICE_X38Y222,SLICEM.CFF,1'b0
u_dut/o0_r_reg[632],FDRE,SLICE_X35Y230,SLICEL.AFF,1'b0
u_dut/o0_r_reg[633],FDRE,SLICE_X35Y230,SLICEL.BFF,1'b0
u_dut/o0_r_reg[634],FDRE,SLICE_X39Y230,SLICEL.CFF,1'b0
u_dut/o0_r_reg[635],FDRE,SLICE_X36Y231,SLICEL.CFF,1'b0
u_dut/o0_r_reg[636],FDRE,SLICE_X33Y228,SLICEL.BFF,1'b0
u_dut/o0_r_reg[637],FDRE,SLICE_X32Y231,SLICEL.AFF,1'b0
u_dut/o0_r_reg[638],FDRE,SLICE_X34Y227,SLICEL.AFF,1'b0
u_dut/o0_r_reg[639],FDRE,SLICE_X32Y228,SLICEL.AFF,1'b0
u_dut/o0_r_reg[63],FDRE,SLICE_X40Y229,SLICEL.DFF,1'b0
u_dut/o0_r_reg[640],FDRE,SLICE_X32Y226,SLICEL.BFF,1'b0
u_dut/o0_r_reg[641],FDRE,SLICE_X32Y231,SLICEL.BFF,1'b0
u_dut/o0_r_reg[642],FDRE,SLICE_X32Y226,SLICEL.CFF,1'b0
u_dut/o0_r_reg[643],FDRE,SLICE_X36Y231,SLICEL.DFF,1'b0
u_dut/o0_r_reg[644],FDRE,SLICE_X33Y230,SLICEL.AFF,1'b0
u_dut/o0_r_reg[645],FDRE,SLICE_X32Y227,SLICEL.AFF,1'b0
u_dut/o0_r_reg[646],FDRE,SLICE_X32Y229,SLICEL.BFF,1'b0
u_dut/o0_r_reg[647],FDRE,SLICE_X34Y229,SLICEL.BFF,1'b0
u_dut/o0_r_reg[648],FDRE,SLICE_X36Y227,SLICEL.CFF,1'b0
u_dut/o0_r_reg[649],FDRE,SLICE_X33Y231,SLICEL.AFF,1'b0
u_dut/o0_r_reg[64],FDRE,SLICE_X51Y221,SLICEL.DFF,1'b0
u_dut/o0_r_reg[650],FDRE,SLICE_X41Y229,SLICEL.CFF,1'b0
u_dut/o0_r_reg[651],FDRE,SLICE_X34Y227,SLICEL.BFF,1'b0
u_dut/o0_r_reg[652],FDRE,SLICE_X32Y228,SLICEL.BFF,1'b0
u_dut/o0_r_reg[653],FDRE,SLICE_X38Y230,SLICEM.BFF,1'b0
u_dut/o0_r_reg[654],FDRE,SLICE_X37Y231,SLICEL.AFF,1'b0
u_dut/o0_r_reg[655],FDRE,SLICE_X41Y229,SLICEL.DFF,1'b0
u_dut/o0_r_reg[656],FDRE,SLICE_X37Y229,SLICEL.DFF,1'b0
u_dut/o0_r_reg[657],FDRE,SLICE_X32Y226,SLICEL.DFF,1'b0
u_dut/o0_r_reg[658],FDRE,SLICE_X38Y223,SLICEM.CFF,1'b0
u_dut/o0_r_reg[659],FDRE,SLICE_X38Y227,SLICEM.DFF,1'b0
u_dut/o0_r_reg[65],FDRE,SLICE_X50Y222,SLICEM.CFF,1'b0
u_dut/o0_r_reg[660],FDRE,SLICE_X34Y229,SLICEL.CFF,1'b0
u_dut/o0_r_reg[661],FDRE,SLICE_X34Y226,SLICEL.CFF,1'b0
u_dut/o0_r_reg[662],FDRE,SLICE_X26Y226,SLICEL.BFF,1'b0
u_dut/o0_r_reg[663],FDRE,SLICE_X38Y230,SLICEM.CFF,1'b0
u_dut/o0_r_reg[664],FDRE,SLICE_X35Y230,SLICEL.CFF,1'b0
u_dut/o0_r_reg[665],FDRE,SLICE_X33Y230,SLICEL.BFF,1'b0
u_dut/o0_r_reg[666],FDRE,SLICE_X36Y228,SLICEL.DFF,1'b0
u_dut/o0_r_reg[667],FDRE,SLICE_X35Y223,SLICEL.BFF,1'b0
u_dut/o0_r_reg[668],FDRE,SLICE_X34Y227,SLICEL.CFF,1'b0
u_dut/o0_r_reg[669],FDRE,SLICE_X34Y223,SLICEL.AFF,1'b0
u_dut/o0_r_reg[66],FDRE,SLICE_X49Y222,SLICEL.BFF,1'b0
u_dut/o0_r_reg[670],FDRE,SLICE_X31Y229,SLICEL.AFF,1'b0
u_dut/o0_r_reg[671],FDRE,SLICE_X34Y224,SLICEL.CFF,1'b0
u_dut/o0_r_reg[672],FDRE,SLICE_X27Y231,SLICEL.AFF,1'b0
u_dut/o0_r_reg[673],FDRE,SLICE_X26Y231,SLICEL.AFF,1'b0
u_dut/o0_r_reg[674],FDRE,SLICE_X28Y222,SLICEL.BFF,1'b0
u_dut/o0_r_reg[675],FDRE,SLICE_X27Y231,SLICEL.BFF,1'b0
u_dut/o0_r_reg[676],FDRE,SLICE_X24Y226,SLICEL.AFF,1'b0
u_dut/o0_r_reg[677],FDRE,SLICE_X31Y229,SLICEL.BFF,1'b0
u_dut/o0_r_reg[678],FDRE,SLICE_X30Y231,SLICEL.AFF,1'b0
u_dut/o0_r_reg[679],FDRE,SLICE_X32Y229,SLICEL.CFF,1'b0
u_dut/o0_r_reg[67],FDRE,SLICE_X49Y224,SLICEL.CFF,1'b0
u_dut/o0_r_reg[680],FDRE,SLICE_X29Y230,SLICEL.AFF,1'b0
u_dut/o0_r_reg[681],FDRE,SLICE_X25Y230,SLICEL.AFF,1'b0
u_dut/o0_r_reg[682],FDRE,SLICE_X30Y231,SLICEL.BFF,1'b0
u_dut/o0_r_reg[683],FDRE,SLICE_X36Y222,SLICEL.BFF,1'b0
u_dut/o0_r_reg[684],FDRE,SLICE_X29Y230,SLICEL.BFF,1'b0
u_dut/o0_r_reg[685],FDRE,SLICE_X38Y223,SLICEM.DFF,1'b0
u_dut/o0_r_reg[686],FDRE,SLICE_X28Y229,SLICEL.CFF,1'b0
u_dut/o0_r_reg[687],FDRE,SLICE_X32Y227,SLICEL.BFF,1'b0
u_dut/o0_r_reg[688],FDRE,SLICE_X30Y230,SLICEL.AFF,1'b0
u_dut/o0_r_reg[689],FDRE,SLICE_X30Y230,SLICEL.BFF,1'b0
u_dut/o0_r_reg[68],FDRE,SLICE_X47Y227,SLICEL.DFF,1'b0
u_dut/o0_r_reg[690],FDRE,SLICE_X33Y228,SLICEL.CFF,1'b0
u_dut/o0_r_reg[691],FDRE,SLICE_X30Y230,SLICEL.CFF,1'b0
u_dut/o0_r_reg[692],FDRE,SLICE_X31Y229,SLICEL.CFF,1'b0
u_dut/o0_r_reg[693],FDRE,SLICE_X32Y223,SLICEL.BFF,1'b0
u_dut/o0_r_reg[694],FDRE,SLICE_X30Y231,SLICEL.CFF,1'b0
u_dut/o0_r_reg[695],FDRE,SLICE_X27Y227,SLICEL.AFF,1'b0
u_dut/o0_r_reg[696],FDRE,SLICE_X27Y227,SLICEL.BFF,1'b0
u_dut/o0_r_reg[697],FDRE,SLICE_X32Y230,SLICEL.CFF,1'b0
u_dut/o0_r_reg[698],FDRE,SLICE_X32Y227,SLICEL.CFF,1'b0
u_dut/o0_r_reg[699],FDRE,SLICE_X28Y223,SLICEL.BFF,1'b0
u_dut/o0_r_reg[69],FDRE,SLICE_X47Y226,SLICEL.DFF,1'b0
u_dut/o0_r_reg[6],FDRE,SLICE_X50Y223,SLICEM.CFF,1'b0
u_dut/o0_r_reg[700],FDRE,SLICE_X26Y224,SLICEL.AFF,1'b0
u_dut/o0_r_reg[701],FDRE,SLICE_X26Y225,SLICEL.AFF,1'b0
u_dut/o0_r_reg[702],FDRE,SLICE_X27Y230,SLICEL.AFF,1'b0
u_dut/o0_r_reg[703],FDRE,SLICE_X36Y222,SLICEL.CFF,1'b0
u_dut/o0_r_reg[704],FDRE,SLICE_X30Y229,SLICEL.CFF,1'b0
u_dut/o0_r_reg[705],FDRE,SLICE_X25Y231,SLICEL.BFF,1'b0
u_dut/o0_r_reg[706],FDRE,SLICE_X32Y230,SLICEL.DFF,1'b0
u_dut/o0_r_reg[707],FDRE,SLICE_X36Y222,SLICEL.DFF,1'b0
u_dut/o0_r_reg[708],FDRE,SLICE_X27Y230,SLICEL.BFF,1'b0
u_dut/o0_r_reg[709],FDRE,SLICE_X31Y230,SLICEL.AFF,1'b0
u_dut/o0_r_reg[70],FDRE,SLICE_X45Y218,SLICEL.BFF,1'b0
u_dut/o0_r_reg[710],FDRE,SLICE_X28Y222,SLICEL.CFF,1'b0
u_dut/o0_r_reg[711],FDRE,SLICE_X26Y226,SLICEL.CFF,1'b0
u_dut/o0_r_reg[712],FDRE,SLICE_X26Y230,SLICEL.AFF,1'b0
u_dut/o0_r_reg[713],FDRE,SLICE_X29Y230,SLICEL.CFF,1'b0
u_dut/o0_r_reg[714],FDRE,SLICE_X28Y226,SLICEL.AFF,1'b0
u_dut/o0_r_reg[715],FDRE,SLICE_X25Y231,SLICEL.CFF,1'b0
u_dut/o0_r_reg[716],FDRE,SLICE_X26Y225,SLICEL.BFF,1'b0
u_dut/o0_r_reg[717],FDRE,SLICE_X34Y229,SLICEL.DFF,1'b0
u_dut/o0_r_reg[718],FDRE,SLICE_X25Y230,SLICEL.BFF,1'b0
u_dut/o0_r_reg[719],FDRE,SLICE_X28Y229,SLICEL.DFF,1'b0
u_dut/o0_r_reg[71],FDRE,SLICE_X50Y223,SLICEM.DFF,1'b0
u_dut/o0_r_reg[720],FDRE,SLICE_X30Y230,SLICEL.DFF,1'b0
u_dut/o0_r_reg[721],FDRE,SLICE_X28Y223,SLICEL.CFF,1'b0
u_dut/o0_r_reg[722],FDRE,SLICE_X28Y224,SLICEL.AFF,1'b0
u_dut/o0_r_reg[723],FDRE,SLICE_X31Y230,SLICEL.BFF,1'b0
u_dut/o0_r_reg[724],FDRE,SLICE_X31Y220,SLICEL.AFF,1'b0
u_dut/o0_r_reg[725],FDRE,SLICE_X32Y223,SLICEL.CFF,1'b0
u_dut/o0_r_reg[726],FDRE,SLICE_X24Y230,SLICEL.AFF,1'b0
u_dut/o0_r_reg[727],FDRE,SLICE_X31Y229,SLICEL.DFF,1'b0
u_dut/o0_r_reg[728],FDRE,SLICE_X29Y230,SLICEL.DFF,1'b0
u_dut/o0_r_reg[729],FDRE,SLICE_X31Y230,SLICEL.CFF,1'b0
u_dut/o0_r_reg[72],FDRE,SLICE_X48Y222,SLICEL.DFF,1'b0
u_dut/o0_r_reg[730],FDRE,SLICE_X36Y229,SLICEL.CFF,1'b0
u_dut/o0_r_reg[731],FDRE,SLICE_X30Y228,SLICEL.AFF,1'b0
u_dut/o0_r_reg[732],FDRE,SLICE_X28Y219,SLICEL.DFF,1'b0
u_dut/o0_r_reg[733],FDRE,SLICE_X28Y226,SLICEL.BFF,1'b0
u_dut/o0_r_reg[734],FDRE,SLICE_X26Y222,SLICEL.CFF,1'b0
u_dut/o0_r_reg[735],FDRE,SLICE_X32Y224,SLICEL.CFF,1'b0
u_dut/o0_r_reg[736],FDRE,SLICE_X27Y231,SLICEL.CFF,1'b0
u_dut/o0_r_reg[737],FDRE,SLICE_X30Y229,SLICEL.DFF,1'b0
u_dut/o0_r_reg[738],FDRE,SLICE_X32Y231,SLICEL.CFF,1'b0
u_dut/o0_r_reg[739],FDRE,SLICE_X26Y231,SLICEL.BFF,1'b0
u_dut/o0_r_reg[73],FDRE,SLICE_X48Y225,SLICEL.CFF,1'b0
u_dut/o0_r_reg[740],FDRE,SLICE_X26Y230,SLICEL.BFF,1'b0
u_dut/o0_r_reg[741],FDRE,SLICE_X26Y230,SLICEL.CFF,1'b0
u_dut/o0_r_reg[742],FDRE,SLICE_X27Y231,SLICEL.DFF,1'b0
u_dut/o0_r_reg[743],FDRE,SLICE_X25Y230,SLICEL.CFF,1'b0
u_dut/o0_r_reg[744],FDRE,SLICE_X34Y230,SLICEL.BFF,1'b0
u_dut/o0_r_reg[745],FDRE,SLICE_X28Y224,SLICEL.BFF,1'b0
u_dut/o0_r_reg[746],FDRE,SLICE_X34Y230,SLICEL.CFF,1'b0
u_dut/o0_r_reg[747],FDRE,SLICE_X30Y227,SLICEL.CFF,1'b0
u_dut/o0_r_reg[748],FDRE,SLICE_X34Y231,SLICEL.AFF,1'b0
u_dut/o0_r_reg[749],FDRE,SLICE_X32Y225,SLICEL.AFF,1'b0
u_dut/o0_r_reg[74],FDRE,SLICE_X47Y229,SLICEL.AFF,1'b0
u_dut/o0_r_reg[750],FDRE,SLICE_X33Y230,SLICEL.CFF,1'b0
u_dut/o0_r_reg[751],FDRE,SLICE_X35Y230,SLICEL.DFF,1'b0
u_dut/o0_r_reg[752],FDRE,SLICE_X35Y231,SLICEL.BFF,1'b0
u_dut/o0_r_reg[753],FDRE,SLICE_X34Y230,SLICEL.DFF,1'b0
u_dut/o0_r_reg[754],FDRE,SLICE_X34Y227,SLICEL.DFF,1'b0
u_dut/o0_r_reg[755],FDRE,SLICE_X36Y229,SLICEL.DFF,1'b0
u_dut/o0_r_reg[756],FDRE,SLICE_X30Y228,SLICEL.BFF,1'b0
u_dut/o0_r_reg[757],FDRE,SLICE_X24Y226,SLICEL.BFF,1'b0
u_dut/o0_r_reg[758],FDRE,SLICE_X34Y231,SLICEL.BFF,1'b0
u_dut/o0_r_reg[759],FDRE,SLICE_X30Y226,SLICEL.AFF,1'b0
u_dut/o0_r_reg[75],FDRE,SLICE_X46Y221,SLICEM.CFF,1'b0
u_dut/o0_r_reg[760],FDRE,SLICE_X30Y228,SLICEL.CFF,1'b0
u_dut/o0_r_reg[761],FDRE,SLICE_X31Y230,SLICEL.DFF,1'b0
u_dut/o0_r_reg[762],FDRE,SLICE_X30Y231,SLICEL.DFF,1'b0
u_dut/o0_r_reg[763],FDRE,SLICE_X38Y230,SLICEM.DFF,1'b0
u_dut/o0_r_reg[764],FDRE,SLICE_X33Y228,SLICEL.DFF,1'b0
u_dut/o0_r_reg[765],FDRE,SLICE_X34Y231,SLICEL.CFF,1'b0
u_dut/o0_r_reg[766],FDRE,SLICE_X35Y231,SLICEL.CFF,1'b0
u_dut/o0_r_reg[767],FDRE,SLICE_X30Y227,SLICEL.DFF,1'b0
u_dut/o0_r_reg[768],FDRE,SLICE_X26Y228,SLICEL.AFF,1'b0
u_dut/o0_r_reg[769],FDRE,SLICE_X24Y223,SLICEL.AFF,1'b0
u_dut/o0_r_reg[76],FDRE,SLICE_X42Y223,SLICEM.CFF,1'b0
u_dut/o0_r_reg[770],FDRE,SLICE_X28Y220,SLICEL.DFF,1'b0
u_dut/o0_r_reg[771],FDRE,SLICE_X26Y224,SLICEL.BFF,1'b0
u_dut/o0_r_reg[772],FDRE,SLICE_X26Y230,SLICEL.DFF,1'b0
u_dut/o0_r_reg[773],FDRE,SLICE_X30Y223,SLICEL.BFF,1'b0
u_dut/o0_r_reg[774],FDRE,SLICE_X24Y231,SLICEL.AFF,1'b0
u_dut/o0_r_reg[775],FDRE,SLICE_X23Y227,SLICEL.AFF,1'b0
u_dut/o0_r_reg[776],FDRE,SLICE_X24Y223,SLICEL.BFF,1'b0
u_dut/o0_r_reg[777],FDRE,SLICE_X23Y228,SLICEL.AFF,1'b0
u_dut/o0_r_reg[778],FDRE,SLICE_X25Y225,SLICEL.AFF,1'b0
u_dut/o0_r_reg[779],FDRE,SLICE_X23Y230,SLICEL.AFF,1'b0
u_dut/o0_r_reg[77],FDRE,SLICE_X47Y229,SLICEL.BFF,1'b0
u_dut/o0_r_reg[780],FDRE,SLICE_X24Y223,SLICEL.CFF,1'b0
u_dut/o0_r_reg[781],FDRE,SLICE_X27Y230,SLICEL.CFF,1'b0
u_dut/o0_r_reg[782],FDRE,SLICE_X26Y231,SLICEL.CFF,1'b0
u_dut/o0_r_reg[783],FDRE,SLICE_X24Y226,SLICEL.CFF,1'b0
u_dut/o0_r_reg[784],FDRE,SLICE_X24Y224,SLICEL.AFF,1'b0
u_dut/o0_r_reg[785],FDRE,SLICE_X26Y224,SLICEL.CFF,1'b0
u_dut/o0_r_reg[786],FDRE,SLICE_X26Y224,SLICEL.DFF,1'b0
u_dut/o0_r_reg[787],FDRE,SLICE_X24Y231,SLICEL.BFF,1'b0
u_dut/o0_r_reg[788],FDRE,SLICE_X32Y223,SLICEL.DFF,1'b0
u_dut/o0_r_reg[789],FDRE,SLICE_X25Y227,SLICEL.AFF,1'b0
u_dut/o0_r_reg[78],FDRE,SLICE_X49Y226,SLICEL.DFF,1'b0
u_dut/o0_r_reg[790],FDRE,SLICE_X28Y226,SLICEL.CFF,1'b0
u_dut/o0_r_reg[791],FDRE,SLICE_X24Y228,SLICEL.AFF,1'b0
u_dut/o0_r_reg[792],FDRE,SLICE_X32Y228,SLICEL.CFF,1'b0
u_dut/o0_r_reg[793],FDRE,SLICE_X35Y226,SLICEL.CFF,1'b0
u_dut/o0_r_reg[794],FDRE,SLICE_X30Y223,SLICEL.CFF,1'b0
u_dut/o0_r_reg[795],FDRE,SLICE_X32Y225,SLICEL.BFF,1'b0
u_dut/o0_r_reg[796],FDRE,SLICE_X33Y230,SLICEL.DFF,1'b0
u_dut/o0_r_reg[797],FDRE,SLICE_X32Y228,SLICEL.DFF,1'b0
u_dut/o0_r_reg[798],FDRE,SLICE_X35Y231,SLICEL.DFF,1'b0
u_dut/o0_r_reg[799],FDRE,SLICE_X32Y227,SLICEL.DFF,1'b0
u_dut/o0_r_reg[79],FDRE,SLICE_X39Y225,SLICEL.DFF,1'b0
u_dut/o0_r_reg[7],FDRE,SLICE_X47Y224,SLICEL.CFF,1'b0
u_dut/o0_r_reg[800],FDRE,SLICE_X17Y230,SLICEL.AFF,1'b0
u_dut/o0_r_reg[801],FDRE,SLICE_X17Y228,SLICEL.AFF,1'b0
u_dut/o0_r_reg[802],FDRE,SLICE_X18Y225,SLICEM.AFF,1'b0
u_dut/o0_r_reg[803],FDRE,SLICE_X18Y226,SLICEM.AFF,1'b0
u_dut/o0_r_reg[804],FDRE,SLICE_X14Y228,SLICEM.AFF,1'b0
u_dut/o0_r_reg[805],FDRE,SLICE_X26Y228,SLICEL.BFF,1'b0
u_dut/o0_r_reg[806],FDRE,SLICE_X18Y225,SLICEM.BFF,1'b0
u_dut/o0_r_reg[807],FDRE,SLICE_X24Y220,SLICEL.BFF,1'b0
u_dut/o0_r_reg[808],FDRE,SLICE_X20Y222,SLICEM.AFF,1'b0
u_dut/o0_r_reg[809],FDRE,SLICE_X18Y226,SLICEM.BFF,1'b0
u_dut/o0_r_reg[80],FDRE,SLICE_X48Y223,SLICEL.DFF,1'b0
u_dut/o0_r_reg[810],FDRE,SLICE_X19Y228,SLICEL.AFF,1'b0
u_dut/o0_r_reg[811],FDRE,SLICE_X16Y221,SLICEM.AFF,1'b0
u_dut/o0_r_reg[812],FDRE,SLICE_X19Y230,SLICEL.AFF,1'b0
u_dut/o0_r_reg[813],FDRE,SLICE_X18Y229,SLICEM.AFF,1'b0
u_dut/o0_r_reg[814],FDRE,SLICE_X19Y225,SLICEL.AFF,1'b0
u_dut/o0_r_reg[815],FDRE,SLICE_X14Y229,SLICEM.AFF,1'b0
u_dut/o0_r_reg[816],FDRE,SLICE_X14Y229,SLICEM.BFF,1'b0
u_dut/o0_r_reg[817],FDRE,SLICE_X14Y228,SLICEM.BFF,1'b0
u_dut/o0_r_reg[818],FDRE,SLICE_X22Y227,SLICEM.AFF,1'b0
u_dut/o0_r_reg[819],FDRE,SLICE_X19Y227,SLICEL.AFF,1'b0
u_dut/o0_r_reg[81],FDRE,SLICE_X34Y224,SLICEL.DFF,1'b0
u_dut/o0_r_reg[820],FDRE,SLICE_X24Y228,SLICEL.BFF,1'b0
u_dut/o0_r_reg[821],FDRE,SLICE_X17Y228,SLICEL.BFF,1'b0
u_dut/o0_r_reg[822],FDRE,SLICE_X18Y226,SLICEM.CFF,1'b0
u_dut/o0_r_reg[823],FDRE,SLICE_X15Y229,SLICEL.AFF,1'b0
u_dut/o0_r_reg[824],FDRE,SLICE_X19Y227,SLICEL.BFF,1'b0
u_dut/o0_r_reg[825],FDRE,SLICE_X17Y228,SLICEL.CFF,1'b0
u_dut/o0_r_reg[826],FDRE,SLICE_X19Y229,SLICEL.AFF,1'b0
u_dut/o0_r_reg[827],FDRE,SLICE_X25Y230,SLICEL.DFF,1'b0
u_dut/o0_r_reg[828],FDRE,SLICE_X19Y231,SLICEL.AFF,1'b0
u_dut/o0_r_reg[829],FDRE,SLICE_X19Y226,SLICEL.AFF,1'b0
u_dut/o0_r_reg[82],FDRE,SLICE_X46Y224,SLICEM.BFF,1'b0
u_dut/o0_r_reg[830],FDRE,SLICE_X20Y229,SLICEM.AFF,1'b0
u_dut/o0_r_reg[831],FDRE,SLICE_X14Y228,SLICEM.CFF,1'b0
u_dut/o0_r_reg[832],FDRE,SLICE_X18Y228,SLICEM.AFF,1'b0
u_dut/o0_r_reg[833],FDRE,SLICE_X22Y227,SLICEM.BFF,1'b0
u_dut/o0_r_reg[834],FDRE,SLICE_X22Y231,SLICEM.AFF,1'b0
u_dut/o0_r_reg[835],FDRE,SLICE_X27Y230,SLICEL.DFF,1'b0
u_dut/o0_r_reg[836],FDRE,SLICE_X18Y229,SLICEM.BFF,1'b0
u_dut/o0_r_reg[837],FDRE,SLICE_X23Y231,SLICEL.AFF,1'b0
u_dut/o0_r_reg[838],FDRE,SLICE_X16Y229,SLICEM.AFF,1'b0
u_dut/o0_r_reg[839],FDRE,SLICE_X23Y231,SLICEL.BFF,1'b0
u_dut/o0_r_reg[83],FDRE,SLICE_X45Y226,SLICEL.CFF,1'b0
u_dut/o0_r_reg[840],FDRE,SLICE_X26Y222,SLICEL.DFF,1'b0
u_dut/o0_r_reg[841],FDRE,SLICE_X20Y225,SLICEM.AFF,1'b0
u_dut/o0_r_reg[842],FDRE,SLICE_X25Y217,SLICEL.CFF,1'b0
u_dut/o0_r_reg[843],FDRE,SLICE_X19Y228,SLICEL.BFF,1'b0
u_dut/o0_r_reg[844],FDRE,SLICE_X21Y227,SLICEL.AFF,1'b0
u_dut/o0_r_reg[845],FDRE,SLICE_X22Y221,SLICEM.AFF,1'b0
u_dut/o0_r_reg[846],FDRE,SLICE_X23Y227,SLICEL.BFF,1'b0
u_dut/o0_r_reg[847],FDRE,SLICE_X15Y229,SLICEL.BFF,1'b0
u_dut/o0_r_reg[848],FDRE,SLICE_X24Y231,SLICEL.CFF,1'b0
u_dut/o0_r_reg[849],FDRE,SLICE_X24Y223,SLICEL.DFF,1'b0
u_dut/o0_r_reg[84],FDRE,SLICE_X41Y222,SLICEL.CFF,1'b0
u_dut/o0_r_reg[850],FDRE,SLICE_X25Y226,SLICEL.AFF,1'b0
u_dut/o0_r_reg[851],FDRE,SLICE_X19Y230,SLICEL.BFF,1'b0
u_dut/o0_r_reg[852],FDRE,SLICE_X18Y229,SLICEM.CFF,1'b0
u_dut/o0_r_reg[853],FDRE,SLICE_X27Y227,SLICEL.CFF,1'b0
u_dut/o0_r_reg[854],FDRE,SLICE_X23Y228,SLICEL.BFF,1'b0
u_dut/o0_r_reg[855],FDRE,SLICE_X24Y231,SLICEL.DFF,1'b0
u_dut/o0_r_reg[856],FDRE,SLICE_X19Y229,SLICEL.BFF,1'b0
u_dut/o0_r_reg[857],FDRE,SLICE_X23Y230,SLICEL.BFF,1'b0
u_dut/o0_r_reg[858],FDRE,SLICE_X19Y231,SLICEL.BFF,1'b0
u_dut/o0_r_reg[859],FDRE,SLICE_X23Y226,SLICEL.AFF,1'b0
u_dut/o0_r_reg[85],FDRE,SLICE_X46Y223,SLICEM.DFF,1'b0
u_dut/o0_r_reg[860],FDRE,SLICE_X24Y230,SLICEL.BFF,1'b0
u_dut/o0_r_reg[861],FDRE,SLICE_X20Y231,SLICEM.AFF,1'b0
u_dut/o0_r_reg[862],FDRE,SLICE_X24Y224,SLICEL.BFF,1'b0
u_dut/o0_r_reg[863],FDRE,SLICE_X26Y228,SLICEL.CFF,1'b0
u_dut/o0_r_reg[864],FDRE,SLICE_X24Y230,SLICEL.CFF,1'b0
u_dut/o0_r_reg[865],FDRE,SLICE_X23Y228,SLICEL.CFF,1'b0
u_dut/o0_r_reg[866],FDRE,SLICE_X19Y227,SLICEL.CFF,1'b0
u_dut/o0_r_reg[867],FDRE,SLICE_X22Y229,SLICEM.AFF,1'b0
u_dut/o0_r_reg[868],FDRE,SLICE_X25Y231,SLICEL.DFF,1'b0
u_dut/o0_r_reg[869],FDRE,SLICE_X22Y227,SLICEM.CFF,1'b0
u_dut/o0_r_reg[86],FDRE,SLICE_X50Y219,SLICEM.BFF,1'b0
u_dut/o0_r_reg[870],FDRE,SLICE_X22Y230,SLICEM.AFF,1'b0
u_dut/o0_r_reg[871],FDRE,SLICE_X24Y228,SLICEL.CFF,1'b0
u_dut/o0_r_reg[872],FDRE,SLICE_X16Y230,SLICEM.AFF,1'b0
u_dut/o0_r_reg[873],FDRE,SLICE_X16Y230,SLICEM.BFF,1'b0
u_dut/o0_r_reg[874],FDRE,SLICE_X19Y226,SLICEL.BFF,1'b0
u_dut/o0_r_reg[875],FDRE,SLICE_X21Y220,SLICEL.AFF,1'b0
u_dut/o0_r_reg[876],FDRE,SLICE_X25Y223,SLICEL.AFF,1'b0
u_dut/o0_r_reg[877],FDRE,SLICE_X20Y230,SLICEM.AFF,1'b0
u_dut/o0_r_reg[878],FDRE,SLICE_X21Y223,SLICEL.AFF,1'b0
u_dut/o0_r_reg[879],FDRE,SLICE_X20Y225,SLICEM.BFF,1'b0
u_dut/o0_r_reg[87],FDRE,SLICE_X42Y224,SLICEM.CFF,1'b0
u_dut/o0_r_reg[880],FDRE,SLICE_X18Y228,SLICEM.BFF,1'b0
u_dut/o0_r_reg[881],FDRE,SLICE_X20Y229,SLICEM.BFF,1'b0
u_dut/o0_r_reg[882],FDRE,SLICE_X30Y226,SLICEL.BFF,1'b0
u_dut/o0_r_reg[883],FDRE,SLICE_X16Y227,SLICEM.AFF,1'b0
u_dut/o0_r_reg[884],FDRE,SLICE_X16Y229,SLICEM.BFF,1'b0
u_dut/o0_r_reg[885],FDRE,SLICE_X18Y228,SLICEM.CFF,1'b0
u_dut/o0_r_reg[886],FDRE,SLICE_X22Y230,SLICEM.BFF,1'b0
u_dut/o0_r_reg[887],FDRE,SLICE_X19Y226,SLICEL.CFF,1'b0
u_dut/o0_r_reg[888],FDRE,SLICE_X13Y229,SLICEL.AFF,1'b0
u_dut/o0_r_reg[889],FDRE,SLICE_X19Y229,SLICEL.CFF,1'b0
u_dut/o0_r_reg[88],FDRE,SLICE_X48Y226,SLICEL.DFF,1'b0
u_dut/o0_r_reg[890],FDRE,SLICE_X30Y228,SLICEL.DFF,1'b0
u_dut/o0_r_reg[891],FDRE,SLICE_X21Y224,SLICEL.AFF,1'b0
u_dut/o0_r_reg[892],FDRE,SLICE_X21Y227,SLICEL.BFF,1'b0
u_dut/o0_r_reg[893],FDRE,SLICE_X21Y223,SLICEL.BFF,1'b0
u_dut/o0_r_reg[894],FDRE,SLICE_X18Y230,SLICEM.AFF,1'b0
u_dut/o0_r_reg[895],FDRE,SLICE_X22Y227,SLICEM.DFF,1'b0
u_dut/o0_r_reg[896],FDRE,SLICE_X24Y226,SLICEL.DFF,1'b0
u_dut/o0_r_reg[897],FDRE,SLICE_X14Y229,SLICEM.CFF,1'b0
u_dut/o0_r_reg[898],FDRE,SLICE_X13Y229,SLICEL.BFF,1'b0
u_dut/o0_r_reg[899],FDRE,SLICE_X14Y228,SLICEM.DFF,1'b0
u_dut/o0_r_reg[89],FDRE,SLICE_X46Y224,SLICEM.CFF,1'b0
u_dut/o0_r_reg[8],FDRE,SLICE_X47Y221,SLICEL.DFF,1'b0
u_dut/o0_r_reg[900],FDRE,SLICE_X16Y231,SLICEM.AFF,1'b0
u_dut/o0_r_reg[901],FDRE,SLICE_X23Y226,SLICEL.BFF,1'b0
u_dut/o0_r_reg[902],FDRE,SLICE_X19Y225,SLICEL.BFF,1'b0
u_dut/o0_r_reg[903],FDRE,SLICE_X15Y224,SLICEL.AFF,1'b0
u_dut/o0_r_reg[904],FDRE,SLICE_X18Y226,SLICEM.DFF,1'b0
u_dut/o0_r_reg[905],FDRE,SLICE_X16Y231,SLICEM.BFF,1'b0
u_dut/o0_r_reg[906],FDRE,SLICE_X18Y228,SLICEM.DFF,1'b0
u_dut/o0_r_reg[907],FDRE,SLICE_X13Y229,SLICEL.CFF,1'b0
u_dut/o0_r_reg[908],FDRE,SLICE_X16Y231,SLICEM.CFF,1'b0
u_dut/o0_r_reg[909],FDRE,SLICE_X19Y225,SLICEL.CFF,1'b0
u_dut/o0_r_reg[90],FDRE,SLICE_X48Y221,SLICEL.DFF,1'b0
u_dut/o0_r_reg[910],FDRE,SLICE_X17Y230,SLICEL.BFF,1'b0
u_dut/o0_r_reg[911],FDRE,SLICE_X35Y226,SLICEL.DFF,1'b0
u_dut/o0_r_reg[912],FDRE,SLICE_X13Y229,SLICEL.DFF,1'b0
u_dut/o0_r_reg[913],FDRE,SLICE_X16Y231,SLICEM.DFF,1'b0
u_dut/o0_r_reg[914],FDRE,SLICE_X19Y227,SLICEL.DFF,1'b0
u_dut/o0_r_reg[915],FDRE,SLICE_X14Y229,SLICEM.DFF,1'b0
u_dut/o0_r_reg[916],FDRE,SLICE_X18Y230,SLICEM.BFF,1'b0
u_dut/o0_r_reg[917],FDRE,SLICE_X18Y229,SLICEM.DFF,1'b0
u_dut/o0_r_reg[918],FDRE,SLICE_X22Y224,SLICEM.AFF,1'b0
u_dut/o0_r_reg[919],FDRE,SLICE_X13Y226,SLICEL.AFF,1'b0
u_dut/o0_r_reg[91],FDRE,SLICE_X48Y224,SLICEL.CFF,1'b0
u_dut/o0_r_reg[920],FDRE,SLICE_X28Y225,SLICEL.AFF,1'b0
u_dut/o0_r_reg[921],FDRE,SLICE_X24Y228,SLICEL.DFF,1'b0
u_dut/o0_r_reg[922],FDRE,SLICE_X25Y225,SLICEL.BFF,1'b0
u_dut/o0_r_reg[923],FDRE,SLICE_X24Y224,SLICEL.CFF,1'b0
u_dut/o0_r_reg[924],FDRE,SLICE_X25Y225,SLICEL.CFF,1'b0
u_dut/o0_r_reg[925],FDRE,SLICE_X25Y227,SLICEL.BFF,1'b0
u_dut/o0_r_reg[926],FDRE,SLICE_X21Y227,SLICEL.CFF,1'b0
u_dut/o0_r_reg[927],FDRE,SLICE_X22Y229,SLICEM.BFF,1'b0
u_dut/o0_r_reg[928],FDRE,SLICE_X20Y229,SLICEM.CFF,1'b0
u_dut/o0_r_reg[929],FDRE,SLICE_X19Y229,SLICEL.DFF,1'b0
u_dut/o0_r_reg[92],FDRE,SLICE_X40Y225,SLICEL.DFF,1'b0
u_dut/o0_r_reg[930],FDRE,SLICE_X20Y231,SLICEM.BFF,1'b0
u_dut/o0_r_reg[931],FDRE,SLICE_X20Y225,SLICEM.CFF,1'b0
u_dut/o0_r_reg[932],FDRE,SLICE_X22Y229,SLICEM.CFF,1'b0
u_dut/o0_r_reg[933],FDRE,SLICE_X21Y231,SLICEL.AFF,1'b0
u_dut/o0_r_reg[934],FDRE,SLICE_X22Y224,SLICEM.BFF,1'b0
u_dut/o0_r_reg[935],FDRE,SLICE_X23Y230,SLICEL.CFF,1'b0
u_dut/o0_r_reg[936],FDRE,SLICE_X21Y224,SLICEL.BFF,1'b0
u_dut/o0_r_reg[937],FDRE,SLICE_X20Y222,SLICEM.BFF,1'b0
u_dut/o0_r_reg[938],FDRE,SLICE_X21Y224,SLICEL.CFF,1'b0
u_dut/o0_r_reg[939],FDRE,SLICE_X23Y226,SLICEL.CFF,1'b0
u_dut/o0_r_reg[93],FDRE,SLICE_X32Y225,SLICEL.CFF,1'b0
u_dut/o0_r_reg[940],FDRE,SLICE_X16Y229,SLICEM.CFF,1'b0
u_dut/o0_r_reg[941],FDRE,SLICE_X21Y228,SLICEL.AFF,1'b0
u_dut/o0_r_reg[942],FDRE,SLICE_X22Y226,SLICEM.AFF,1'b0
u_dut/o0_r_reg[943],FDRE,SLICE_X21Y228,SLICEL.BFF,1'b0
u_dut/o0_r_reg[944],FDRE,SLICE_X22Y230,SLICEM.CFF,1'b0
u_dut/o0_r_reg[945],FDRE,SLICE_X22Y229,SLICEM.DFF,1'b0
u_dut/o0_r_reg[946],FDRE,SLICE_X20Y222,SLICEM.CFF,1'b0
u_dut/o0_r_reg[947],FDRE,SLICE_X22Y224,SLICEM.CFF,1'b0
u_dut/o0_r_reg[948],FDRE,SLICE_X18Y230,SLICEM.CFF,1'b0
u_dut/o0_r_reg[949],FDRE,SLICE_X15Y224,SLICEL.BFF,1'b0
u_dut/o0_r_reg[94],FDRE,SLICE_X40Y226,SLICEL.DFF,1'b0
u_dut/o0_r_reg[950],FDRE,SLICE_X22Y230,SLICEM.DFF,1'b0
u_dut/o0_r_reg[951],FDRE,SLICE_X18Y225,SLICEM.CFF,1'b0
u_dut/o0_r_reg[952],FDRE,SLICE_X16Y225,SLICEM.AFF,1'b0
u_dut/o0_r_reg[953],FDRE,SLICE_X21Y227,SLICEL.DFF,1'b0
u_dut/o0_r_reg[954],FDRE,SLICE_X20Y230,SLICEM.BFF,1'b0
u_dut/o0_r_reg[955],FDRE,SLICE_X22Y224,SLICEM.DFF,1'b0
u_dut/o0_r_reg[956],FDRE,SLICE_X17Y228,SLICEL.DFF,1'b0
u_dut/o0_r_reg[957],FDRE,SLICE_X22Y231,SLICEM.BFF,1'b0
u_dut/o0_r_reg[958],FDRE,SLICE_X23Y230,SLICEL.DFF,1'b0
u_dut/o0_r_reg[959],FDRE,SLICE_X19Y230,SLICEL.CFF,1'b0
u_dut/o0_r_reg[95],FDRE,SLICE_X49Y222,SLICEL.CFF,1'b0
u_dut/o0_r_reg[960],FDRE,SLICE_X20Y230,SLICEM.CFF,1'b0
u_dut/o0_r_reg[961],FDRE,SLICE_X22Y226,SLICEM.BFF,1'b0
u_dut/o0_r_reg[962],FDRE,SLICE_X20Y225,SLICEM.DFF,1'b0
u_dut/o0_r_reg[963],FDRE,SLICE_X18Y224,SLICEM.AFF,1'b0
u_dut/o0_r_reg[964],FDRE,SLICE_X25Y221,SLICEL.AFF,1'b0
u_dut/o0_r_reg[965],FDRE,SLICE_X16Y227,SLICEM.BFF,1'b0
u_dut/o0_r_reg[966],FDRE,SLICE_X15Y229,SLICEL.CFF,1'b0
u_dut/o0_r_reg[967],FDRE,SLICE_X18Y231,SLICEM.AFF,1'b0
u_dut/o0_r_reg[968],FDRE,SLICE_X19Y226,SLICEL.DFF,1'b0
u_dut/o0_r_reg[969],FDRE,SLICE_X21Y228,SLICEL.CFF,1'b0
u_dut/o0_r_reg[96],FDRE,SLICE_X48Y225,SLICEL.DFF,1'b0
u_dut/o0_r_reg[970],FDRE,SLICE_X20Y229,SLICEM.DFF,1'b0
u_dut/o0_r_reg[971],FDRE,SLICE_X21Y228,SLICEL.DFF,1'b0
u_dut/o0_r_reg[972],FDRE,SLICE_X13Y226,SLICEL.BFF,1'b0
u_dut/o0_r_reg[973],FDRE,SLICE_X21Y220,SLICEL.BFF,1'b0
u_dut/o0_r_reg[974],FDRE,SLICE_X21Y224,SLICEL.DFF,1'b0
u_dut/o0_r_reg[975],FDRE,SLICE_X32Y224,SLICEL.DFF,1'b0
u_dut/o0_r_reg[976],FDRE,SLICE_X15Y229,SLICEL.DFF,1'b0
u_dut/o0_r_reg[977],FDRE,SLICE_X23Y231,SLICEL.CFF,1'b0
u_dut/o0_r_reg[978],FDRE,SLICE_X20Y230,SLICEM.DFF,1'b0
u_dut/o0_r_reg[979],FDRE,SLICE_X21Y223,SLICEL.CFF,1'b0
u_dut/o0_r_reg[97],FDRE,SLICE_X42Y222,SLICEM.DFF,1'b0
u_dut/o0_r_reg[980],FDRE,SLICE_X16Y230,SLICEM.CFF,1'b0
u_dut/o0_r_reg[981],FDRE,SLICE_X22Y231,SLICEM.CFF,1'b0
u_dut/o0_r_reg[982],FDRE,SLICE_X19Y225,SLICEL.DFF,1'b0
u_dut/o0_r_reg[983],FDRE,SLICE_X18Y224,SLICEM.BFF,1'b0
u_dut/o0_r_reg[984],FDRE,SLICE_X16Y226,SLICEM.AFF,1'b0
u_dut/o0_r_reg[985],FDRE,SLICE_X16Y221,SLICEM.BFF,1'b0
u_dut/o0_r_reg[986],FDRE,SLICE_X16Y229,SLICEM.DFF,1'b0
u_dut/o0_r_reg[987],FDRE,SLICE_X24Y224,SLICEL.DFF,1'b0
u_dut/o0_r_reg[988],FDRE,SLICE_X18Y224,SLICEM.CFF,1'b0
u_dut/o0_r_reg[989],FDRE,SLICE_X19Y228,SLICEL.CFF,1'b0
u_dut/o0_r_reg[98],FDRE,SLICE_X50Y222,SLICEM.DFF,1'b0
u_dut/o0_r_reg[990],FDRE,SLICE_X15Y224,SLICEL.CFF,1'b0
u_dut/o0_r_reg[991],FDRE,SLICE_X16Y230,SLICEM.DFF,1'b0
u_dut/o0_r_reg[992],FDRE,SLICE_X24Y230,SLICEL.DFF,1'b0
u_dut/o0_r_reg[993],FDRE,SLICE_X20Y231,SLICEM.CFF,1'b0
u_dut/o0_r_reg[994],FDRE,SLICE_X19Y230,SLICEL.DFF,1'b0
u_dut/o0_r_reg[995],FDRE,SLICE_X23Y226,SLICEL.DFF,1'b0
u_dut/o0_r_reg[996],FDRE,SLICE_X25Y227,SLICEL.CFF,1'b0
u_dut/o0_r_reg[997],FDRE,SLICE_X25Y226,SLICEL.BFF,1'b0
u_dut/o0_r_reg[998],FDRE,SLICE_X23Y231,SLICEL.DFF,1'b0
u_dut/o0_r_reg[999],FDRE,SLICE_X25Y225,SLICEL.DFF,1'b0
u_dut/o0_r_reg[99],FDRE,SLICE_X49Y222,SLICEL.DFF,1'b0
u_dut/o0_r_reg[9],FDRE,SLICE_X56Y222,SLICEM.DFF,1'b0
u_dut/t_r[0]_i_1,LUT6,SLICE_X10Y223,SLICEM.A6LUT,64'hFFFFFFFEFFFEFFFE
u_dut/t_r[0]_i_2,LUT4,SLICE_X10Y224,SLICEM.A6LUT,16'hF080
u_dut/t_r[1000]_i_1,LUT5,SLICE_X23Y218,SLICEL.C6LUT,32'hFFFFFFF8
u_dut/t_r[1000]_i_2,LUT6,SLICE_X25Y218,SLICEL.C6LUT,64'h8000000000000000
u_dut/t_r[1001]_i_1,LUT6,SLICE_X25Y212,SLICEL.C6LUT,64'h8888888888888880
u_dut/t_r[1002]_i_1,LUT4,SLICE_X25Y212,SLICEL.A6LUT,16'h8880
u_dut/t_r[1003]_i_1,LUT6,SLICE_X25Y212,SLICEL.B6LUT,64'h8880808080808080
u_dut/t_r[1004]_i_1,LUT5,SLICE_X25Y212,SLICEL.A5LUT,32'h88008000
u_dut/t_r[1005]_i_1,LUT6,SLICE_X25Y212,SLICEL.D6LUT,64'hFFFFFFFFFFFFFF80
u_dut/t_r[1005]_i_2,LUT6,SLICE_X24Y212,SLICEL.A6LUT,64'hE000000000000000
u_dut/t_r[1007]_i_1,LUT6,SLICE_X22Y215,SLICEM.B6LUT,64'hFFFFFFFFFFF80000
u_dut/t_r[1008]_i_1,LUT6,SLICE_X22Y215,SLICEM.C6LUT,64'hFFFFFFFFFF800000
u_dut/t_r[1009]_i_1,LUT6,SLICE_X22Y214,SLICEM.A6LUT,64'hFFFFFFFFF0800000
u_dut/t_r[1009]_i_2,LUT3,SLICE_X22Y214,SLICEM.B6LUT,8'hFE
u_dut/t_r[100]_i_1,LUT6,SLICE_X33Y224,SLICEL.D6LUT,64'hA888A888A8888888
u_dut/t_r[1012]_i_1,LUT6,SLICE_X24Y216,SLICEL.D6LUT,64'hFFFFFFFECCCCCCCC
u_dut/t_r[1013]_i_1,LUT6,SLICE_X25Y216,SLICEL.C6LUT,64'hFFFFFFF8F0F0F0F0
u_dut/t_r[1017]_i_1,LUT6,SLICE_X24Y214,SLICEL.A6LUT,64'hFFFEFCFCCCCCCCCC
u_dut/t_r[1017]_i_2,LUT4,SLICE_X24Y214,SLICEL.B6LUT,16'hFFF8
u_dut/t_r[1018]_i_1,LUT6,SLICE_X22Y217,SLICEM.C6LUT,64'hFFFEFCFCCCCCCCCC
u_dut/t_r[1018]_i_2,LUT3,SLICE_X23Y217,SLICEL.A6LUT,8'hC8
u_dut/t_r[101]_i_1,LUT6,SLICE_X37Y230,SLICEL.A6LUT,64'hA888888888888888
u_dut/t_r[1020]_i_1,LUT6,SLICE_X22Y215,SLICEM.D6LUT,64'hFFFEFEFEEEEEEEEE
u_dut/t_r[1020]_i_2,LUT4,SLICE_X22Y214,SLICEM.C6LUT,16'hF0E0
u_dut/t_r[1022]_i_1,LUT6,SLICE_X24Y214,SLICEL.C6LUT,64'hFFFFFFFFFE000000
u_dut/t_r[1023]_i_1,LUT6,SLICE_X25Y217,SLICEL.D6LUT,64'hFFF0F8F0F0F0F0F0
u_dut/t_r[1023]_i_2,LUT2,SLICE_X23Y217,SLICEL.B6LUT,4'hE
u_dut/t_r[1024]_i_1,LUT6,SLICE_X23Y216,SLICEL.C6LUT,64'hFFF0F8F0F0F0F0F0
u_dut/t_r[1024]_i_2,LUT4,SLICE_X23Y215,SLICEL.A6LUT,16'h8000
u_dut/t_r[1026]_i_1,LUT6,SLICE_X23Y216,SLICEL.D6LUT,64'hFFFFFFFFFFFFA800
u_dut/t_r[1027]_i_1,LUT2,SLICE_X25Y214,SLICEL.A6LUT,4'hE
u_dut/t_r[1029]_i_1,LUT6,SLICE_X22Y214,SLICEM.D6LUT,64'hFFAAFEAAFEAAFEAA
u_dut/t_r[102]_i_1,LUT6,SLICE_X33Y224,SLICEL.A6LUT,64'hCCCCCCC800000000
u_dut/t_r[1030]_i_1,LUT6,SLICE_X23Y215,SLICEL.B6LUT,64'hFFFEAAAAEEEEAAAA
u_dut/t_r[1031]_i_1,LUT6,SLICE_X24Y215,SLICEL.B6LUT,64'hFFFEFEFECCCCCCCC
u_dut/t_r[1033]_i_1,LUT6,SLICE_X22Y213,SLICEM.A6LUT,64'hFFFFFFFFFE000000
u_dut/t_r[1033]_i_2,LUT4,SLICE_X22Y214,SLICEM.C5LUT,16'h8880
u_dut/t_r[1035]_i_1,LUT6,SLICE_X23Y214,SLICEL.A6LUT,64'hFEAAAAAAAAAAAAAA
u_dut/t_r[1035]_i_2,LUT3,SLICE_X22Y214,SLICEM.B5LUT,8'hF8
u_dut/t_r[1036]_i_1,LUT6,SLICE_X22Y216,SLICEM.D6LUT,64'hFFFFFFA8FF00FF00
u_dut/t_r[1036]_i_2,LUT3,SLICE_X23Y214,SLICEL.B6LUT,8'h80
u_dut/t_r[1037]_i_1,LUT6,SLICE_X24Y213,SLICEL.A6LUT,64'hFFFFAAAAFFFEAAAA
u_dut/t_r[1039]_i_1,LUT6,SLICE_X24Y214,SLICEL.D6LUT,64'hFFFEAAAAFEFEAAAA
u_dut/t_r[1039]_i_2,LUT4,SLICE_X25Y214,SLICEL.B6LUT,16'hF080
u_dut/t_r[103]_i_1,LUT6,SLICE_X37Y225,SLICEL.A6LUT,64'h8080000080000000
u_dut/t_r[1040]_i_1,LUT6,SLICE_X25Y213,SLICEL.C6LUT,64'hFAFAFAFAFAAAEAAA
u_dut/t_r[1041]_i_1,LUT6,SLICE_X23Y215,SLICEL.C6LUT,64'hFEAAAAAAEEAAAAAA
u_dut/t_r[1041]_i_2,LUT4,SLICE_X23Y215,SLICEL.A5LUT,16'hFFA8
u_dut/t_r[1044]_i_1,LUT6,SLICE_X24Y213,SLICEL.B6LUT,64'hFEAAAAAAAAAAAAAA
u_dut/t_r[1044]_i_2,LUT2,SLICE_X25Y214,SLICEL.A5LUT,4'h8
u_dut/t_r[1045]_i_1,LUT6,SLICE_X24Y215,SLICEL.C6LUT,64'hFFFFFFFF80000000
u_dut/t_r[1045]_i_2,LUT2,SLICE_X23Y215,SLICEL.D6LUT,4'h8
u_dut/t_r[1045]_i_3,LUT4,SLICE_X24Y214,SLICEL.B5LUT,16'hFFFE
u_dut/t_r[1049]_i_1,LUT6,SLICE_X25Y215,SLICEL.D6LUT,64'hFFFE0000EEEE0000
u_dut/t_r[1049]_i_2,LUT3,SLICE_X25Y214,SLICEL.B5LUT,8'hFE
u_dut/t_r[1049]_i_3,LUT2,SLICE_X25Y216,SLICEL.D6LUT,4'hE
u_dut/t_r[104]_i_1,LUT6,SLICE_X33Y224,SLICEL.B6LUT,64'hC888000000000000
u_dut/t_r[1052]_i_1,LUT6,SLICE_X23Y214,SLICEL.C6LUT,64'hFFFF0000F8000000
u_dut/t_r[1052]_i_2,LUT4,SLICE_X23Y214,SLICEL.D6LUT,16'hFF80
u_dut/t_r[1052]_i_3,LUT3,SLICE_X23Y214,SLICEL.B5LUT,8'hF8
u_dut/t_r[105]_i_1,LUT5,SLICE_X28Y231,SLICEL.A6LUT,32'h80000000
u_dut/t_r[1078]_i_1,LUT4,SLICE_X26Y217,SLICEL.A6LUT,16'hFFA8
u_dut/t_r[1078]_i_2,LUT6,SLICE_X26Y215,SLICEL.B6LUT,64'hA888888800000000
u_dut/t_r[107]_i_1,LUT6,SLICE_X37Y225,SLICEL.B6LUT,64'hE000000000000000
u_dut/t_r[1089]_i_1,LUT5,SLICE_X30Y218,SLICEL.A6LUT,32'hFFFFA800
u_dut/t_r[108]_i_1,LUT4,SLICE_X22Y222,SLICEM.C6LUT,16'hFF80
u_dut/t_r[108]_i_2,LUT6,SLICE_X37Y225,SLICEL.C6LUT,64'h8000000000000000
u_dut/t_r[108]_i_3,LUT3,SLICE_X35Y224,SLICEL.A6LUT,8'h80
u_dut/t_r[1091]_i_1,LUT5,SLICE_X28Y218,SLICEL.D6LUT,32'hFFFF8000
u_dut/t_r[1091]_i_2,LUT3,SLICE_X29Y216,SLICEL.A6LUT,8'hFE
u_dut/t_r[1093]_i_1,LUT4,SLICE_X28Y210,SLICEL.A6LUT,16'hFF80
u_dut/t_r[1093]_i_2,LUT6,SLICE_X28Y210,SLICEL.C6LUT,64'hFAEAEAEA00000000
u_dut/t_r[1097]_i_1,LUT6,SLICE_X29Y214,SLICEL.C6LUT,64'hFFFFFFFF80000000
u_dut/t_r[109]_i_1,LUT6,SLICE_X24Y227,SLICEL.D6LUT,64'hFFFE000000000000
u_dut/t_r[10]_i_1,LUT6,SLICE_X36Y221,SLICEL.C6LUT,64'h8880808080808080
u_dut/t_r[1109]_i_1,LUT4,SLICE_X29Y214,SLICEL.A6LUT,16'hFE00
u_dut/t_r[110]_i_1,LUT6,SLICE_X37Y226,SLICEL.A6LUT,64'hFE00000000000000
u_dut/t_r[1111]_i_1,LUT6,SLICE_X30Y218,SLICEL.B6LUT,64'hFFFFEEEA00000000
u_dut/t_r[1116]_i_1,LUT5,SLICE_X26Y216,SLICEL.A6LUT,32'hFFEA0000
u_dut/t_r[1119]_i_1,LUT4,SLICE_X26Y217,SLICEL.A5LUT,16'hFE00
u_dut/t_r[111]_i_1,LUT6,SLICE_X17Y227,SLICEL.A6LUT,64'hFEEE000000000000
u_dut/t_r[1122]_i_1,LUT5,SLICE_X28Y218,SLICEL.A6LUT,32'hFFEA0000
u_dut/t_r[1124]_i_1,LUT6,SLICE_X30Y218,SLICEL.C6LUT,64'hFFFEAAAA00000000
u_dut/t_r[112]_i_1,LUT6,SLICE_X17Y227,SLICEL.B6LUT,64'hFFFEAAAA00000000
u_dut/t_r[1130]_i_1,LUT5,SLICE_X26Y216,SLICEL.A5LUT,32'hFEAA0000
u_dut/t_r[1131]_i_1,LUT5,SLICE_X28Y218,SLICEL.B6LUT,32'hFEAA0000
u_dut/t_r[1137]_i_1,LUT5,SLICE_X28Y218,SLICEL.A5LUT,32'hFEAA0000
u_dut/t_r[1137]_i_2,LUT3,SLICE_X28Y216,SLICEL.C6LUT,8'h80
u_dut/t_r[1139]_i_1,LUT4,SLICE_X25Y214,SLICEL.C6LUT,16'hEA00
u_dut/t_r[113]_i_1,LUT6,SLICE_X37Y226,SLICEL.B6LUT,64'hFEEEAAAA00000000
u_dut/t_r[1140]_i_1,LUT5,SLICE_X26Y216,SLICEL.B6LUT,32'hEAAA0000
u_dut/t_r[1145]_i_1,LUT5,SLICE_X28Y218,SLICEL.C6LUT,32'hEAAA0000
u_dut/t_r[1146]_i_1,LUT5,SLICE_X25Y214,SLICEL.C5LUT,32'hEAAA0000
u_dut/t_r[114]_i_1,LUT6,SLICE_X24Y227,SLICEL.A6LUT,64'hEAEAEAAA00000000
u_dut/t_r[1152]_i_1,LUT4,SLICE_X25Y210,SLICEL.A6LUT,16'hEA00
u_dut/t_r[1152]_i_2,LUT6,SLICE_X25Y210,SLICEL.C6LUT,64'hAA00A80000000000
u_dut/t_r[1155]_i_1,LUT5,SLICE_X30Y218,SLICEL.A5LUT,32'hEAAA0000
u_dut/t_r[115]_i_1,LUT4,SLICE_X17Y227,SLICEL.C6LUT,16'h8000
u_dut/t_r[1161]_i_1,LUT4,SLICE_X25Y210,SLICEL.A5LUT,16'hA800
u_dut/t_r[1161]_i_2,LUT6,SLICE_X25Y210,SLICEL.D6LUT,64'hFFFFFFFFFFAAFEAA
u_dut/t_r[116]_i_1,LUT6,SLICE_X37Y226,SLICEL.C6LUT,64'hCCC8000000000000
u_dut/t_r[1172]_i_1,LUT5,SLICE_X30Y218,SLICEL.D6LUT,32'hAAA80000
u_dut/t_r[1173]_i_1,LUT6,SLICE_X26Y217,SLICEL.B6LUT,64'hAAAAA88800000000
u_dut/t_r[1176]_i_1,LUT4,SLICE_X28Y210,SLICEL.A5LUT,16'hA800
u_dut/t_r[1176]_i_2,LUT6,SLICE_X28Y210,SLICEL.D6LUT,64'hFFFAFFEA00000000
u_dut/t_r[117]_i_1,LUT6,SLICE_X15Y225,SLICEL.A6LUT,64'hC8C8C88800000000
u_dut/t_r[1180]_i_1,LUT5,SLICE_X28Y218,SLICEL.C5LUT,32'hAA800000
u_dut/t_r[1182]_i_1,LUT5,SLICE_X28Y218,SLICEL.B5LUT,32'hAA800000
u_dut/t_r[1186]_i_1,LUT6,SLICE_X25Y214,SLICEL.D6LUT,64'hAAAA800000000000
u_dut/t_r[1188]_i_1,LUT5,SLICE_X30Y218,SLICEL.D5LUT,32'hAA800000
u_dut/t_r[1188]_i_2,LUT5,SLICE_X29Y214,SLICEL.B6LUT,32'hC0800000
u_dut/t_r[1189]_i_1,LUT6,SLICE_X26Y217,SLICEL.C6LUT,64'hAAAA800000000000
u_dut/t_r[118]_i_1,LUT6,SLICE_X24Y227,SLICEL.B6LUT,64'hC888888800000000
u_dut/t_r[1190]_i_1,LUT6,SLICE_X26Y215,SLICEL.A6LUT,64'hAAA8000000000000
u_dut/t_r[1191]_i_1,LUT4,SLICE_X26Y217,SLICEL.D6LUT,16'h8000
u_dut/t_r[1191]_i_2,LUT6,SLICE_X26Y215,SLICEL.C6LUT,64'hFFFFFFFFFFFEFEFE
u_dut/t_r[1194]_i_1,LUT5,SLICE_X25Y210,SLICEL.B6LUT,32'hA8000000
u_dut/t_r[1194]_i_2,LUT4,SLICE_X28Y210,SLICEL.B6LUT,16'hFFA8
u_dut/t_r[119]_i_1,LUT6,SLICE_X24Y227,SLICEL.C6LUT,64'h8080808080808000
u_dut/t_r[119]_i_2,LUT3,SLICE_X37Y224,SLICEL.A6LUT,8'h80
u_dut/t_r[11]_i_1,LUT6,SLICE_X35Y220,SLICEL.A6LUT,64'h8800800080008000
u_dut/t_r[11]_i_2,LUT2,SLICE_X35Y220,SLICEL.B6LUT,4'hE
u_dut/t_r[1201]_i_1,LUT4,SLICE_X29Y214,SLICEL.A5LUT,16'h8000
u_dut/t_r[1201]_i_2,LUT6,SLICE_X29Y214,SLICEL.D6LUT,64'hFFFFFFFFA0808080
u_dut/t_r[1202]_i_1,LUT5,SLICE_X26Y216,SLICEL.C6LUT,32'hA8000000
u_dut/t_r[120]_i_1,LUT6,SLICE_X15Y225,SLICEL.B6LUT,64'h8000000000000000
u_dut/t_r[1210]_i_1,LUT4,SLICE_X26Y217,SLICEL.D5LUT,16'h8000
u_dut/t_r[1210]_i_2,LUT6,SLICE_X26Y215,SLICEL.D6LUT,64'hAAA0AA8000000000
u_dut/t_r[1214]_i_1,LUT5,SLICE_X31Y214,SLICEL.B6LUT,32'hFFFFFFFE
u_dut/t_r[1214]_i_2,LUT4,SLICE_X26Y214,SLICEL.A6LUT,16'hFFFE
u_dut/t_r[1218]_i_1,LUT5,SLICE_X28Y214,SLICEL.A6LUT,32'hFFFFFFFE
u_dut/t_r[121]_i_1,LUT5,SLICE_X17Y227,SLICEL.D6LUT,32'hFFFF8000
u_dut/t_r[121]_i_2,LUT6,SLICE_X15Y225,SLICEL.C6LUT,64'h8000000000000000
u_dut/t_r[1225]_i_1,LUT5,SLICE_X29Y216,SLICEL.B6LUT,32'hFFFFFFEA
u_dut/t_r[1225]_i_2,LUT3,SLICE_X28Y216,SLICEL.C5LUT,8'hF8
u_dut/t_r[122]_i_1,LUT6,SLICE_X29Y229,SLICEL.D6LUT,64'hFFFFFFFE00000000
u_dut/t_r[1232]_i_1,LUT5,SLICE_X28Y214,SLICEL.B6LUT,32'hFFFFFEAA
u_dut/t_r[1232]_i_2,LUT4,SLICE_X26Y214,SLICEL.A5LUT,16'hFF80
u_dut/t_r[1233]_i_1,LUT5,SLICE_X29Y216,SLICEL.C6LUT,32'hFFFFFEAA
u_dut/t_r[1234]_i_1,LUT5,SLICE_X28Y214,SLICEL.C6LUT,32'hFFFFFEAA
u_dut/t_r[1234]_i_2,LUT4,SLICE_X28Y210,SLICEL.B5LUT,16'hA800
u_dut/t_r[1235]_i_1,LUT4,SLICE_X29Y216,SLICEL.B5LUT,16'hFFEA
u_dut/t_r[1238]_i_1,LUT5,SLICE_X29Y216,SLICEL.C5LUT,32'hFFFFEAAA
u_dut/t_r[1238]_i_2,LUT3,SLICE_X29Y216,SLICEL.A5LUT,8'hE0
u_dut/t_r[123]_i_1,LUT6,SLICE_X29Y226,SLICEL.A6LUT,64'hFFFFFEEE00000000
u_dut/t_r[1242]_i_1,LUT5,SLICE_X26Y214,SLICEL.B6LUT,32'hFFFFAAA8
u_dut/t_r[1242]_i_2,LUT5,SLICE_X26Y214,SLICEL.C6LUT,32'hFCEC0000
u_dut/t_r[1243]_i_1,LUT5,SLICE_X28Y214,SLICEL.D6LUT,32'hFFFFAAA8
u_dut/t_r[1243]_i_2,LUT4,SLICE_X26Y214,SLICEL.C5LUT,16'h8000
u_dut/t_r[1247]_i_1,LUT1,SLICE_X26Y216,SLICEL.D6LUT,2'h1
u_dut/t_r[1247]_i_2,LUT5,SLICE_X31Y214,SLICEL.A6LUT,32'hFFFFA800
u_dut/t_r[1247]_i_3,LUT5,SLICE_X29Y214,SLICEL.B5LUT,32'hFFFFC080
u_dut/t_r[124]_i_1,LUT5,SLICE_X37Y228,SLICEL.A6LUT,32'hFEEE0000
u_dut/t_r[125]_i_1,LUT6,SLICE_X11Y224,SLICEL.A6LUT,64'h8000800080000000
u_dut/t_r[1268]_i_1,LUT5,SLICE_X13Y224,SLICEL.A6LUT,32'hFEEE0000
u_dut/t_r[126]_i_1,LUT6,SLICE_X29Y229,SLICEL.A6LUT,64'hFEEEAAAA00000000
u_dut/t_r[1272]_i_1,LUT6,SLICE_X45Y227,SLICEL.C6LUT,64'hEAEAEAAA00000000
u_dut/t_r[1273]_i_1,LUT6,SLICE_X13Y224,SLICEL.B6LUT,64'hEAAAAAAA00000000
u_dut/t_r[1279]_i_1,LUT5,SLICE_X13Y224,SLICEL.A5LUT,32'h80808000
u_dut/t_r[127]_i_1,LUT6,SLICE_X29Y226,SLICEL.B6LUT,64'hEAEAEAAA00000000
u_dut/t_r[1280]_i_1,LUT6,SLICE_X45Y227,SLICEL.A6LUT,64'hF800000000000000
u_dut/t_r[1282]_i_1,LUT4,SLICE_X14Y223,SLICEM.D6LUT,16'hFFFE
u_dut/t_r[1282]_i_2,LUT6,SLICE_X45Y227,SLICEL.B6LUT,64'h8000000000000000
u_dut/t_r[1283]_i_1,LUT6,SLICE_X15Y227,SLICEL.A6LUT,64'hFFFFFFFE00000000
u_dut/t_r[1284]_i_1,LUT6,SLICE_X40Y222,SLICEL.A6LUT,64'hFFFFFEEE00000000
u_dut/t_r[1286]_i_1,LUT6,SLICE_X40Y222,SLICEL.B6LUT,64'hFEEEEEEE00000000
u_dut/t_r[1288]_i_1,LUT5,SLICE_X27Y220,SLICEL.C6LUT,32'hFEAA0000
u_dut/t_r[128]_i_1,LUT5,SLICE_X29Y229,SLICEL.B6LUT,32'h80000000
u_dut/t_r[1291]_i_1,LUT2,SLICE_X40Y222,SLICEL.D6LUT,4'h8
u_dut/t_r[1292]_i_1,LUT5,SLICE_X37Y227,SLICEL.A6LUT,32'hCCC80000
u_dut/t_r[1293]_i_1,LUT4,SLICE_X32Y220,SLICEL.A6LUT,16'hC800
u_dut/t_r[1294]_i_1,LUT5,SLICE_X37Y227,SLICEL.A5LUT,32'hC8880000
u_dut/t_r[1295]_i_1,LUT6,SLICE_X37Y227,SLICEL.B6LUT,64'h8080808080808000
u_dut/t_r[1296]_i_1,LUT6,SLICE_X40Y222,SLICEL.C6LUT,64'hF800000000000000
u_dut/t_r[1297]_i_1,LUT6,SLICE_X37Y227,SLICEL.C6LUT,64'hA800000000000000
u_dut/t_r[1298]_i_1,LUT5,SLICE_X40Y220,SLICEL.D6LUT,32'hFFFEFEFE
u_dut/t_r[1298]_i_2,LUT6,SLICE_X37Y227,SLICEL.D6LUT,64'h8000000000000000
u_dut/t_r[1300]_i_1,LUT6,SLICE_X14Y225,SLICEM.D6LUT,64'hFFFFFEEE00000000
u_dut/t_r[1303]_i_1,LUT6,SLICE_X37Y224,SLICEL.B6LUT,64'hFEAA000000000000
u_dut/t_r[1304]_i_1,LUT5,SLICE_X15Y222,SLICEL.A6LUT,32'hEA000000
u_dut/t_r[1305]_i_1,LUT6,SLICE_X15Y222,SLICEL.B6LUT,64'hEAAA000000000000
u_dut/t_r[1306]_i_1,LUT3,SLICE_X14Y225,SLICEM.A6LUT,8'h80
u_dut/t_r[1307]_i_1,LUT6,SLICE_X12Y225,SLICEM.A6LUT,64'hFCECCCCCCCCCCCCC
u_dut/t_r[1307]_i_2,LUT3,SLICE_X13Y225,SLICEL.A6LUT,8'hF8
u_dut/t_r[1308]_i_1,LUT6,SLICE_X12Y225,SLICEM.B6LUT,64'hFFF0F8F0F0F0F0F0
u_dut/t_r[1308]_i_2,LUT2,SLICE_X14Y225,SLICEM.B6LUT,4'hE
u_dut/t_r[130]_i_1,LUT6,SLICE_X29Y226,SLICEL.C6LUT,64'hC8C8C88800000000
u_dut/t_r[1310]_i_1,LUT6,SLICE_X37Y224,SLICEL.C6LUT,64'h8080808080808000
u_dut/t_r[1311]_i_1,LUT5,SLICE_X15Y222,SLICEL.A5LUT,32'h80000000
u_dut/t_r[1312]_i_1,LUT3,SLICE_X16Y224,SLICEM.C6LUT,8'hFE
u_dut/t_r[1312]_i_2,LUT6,SLICE_X14Y225,SLICEM.C6LUT,64'h8000000000000000
u_dut/t_r[1314]_i_1,LUT6,SLICE_X18Y227,SLICEM.B6LUT,64'hFFFFFEEE00000000
u_dut/t_r[1315]_i_1,LUT6,SLICE_X35Y227,SLICEL.A6LUT,64'hFFFEEEEE00000000
u_dut/t_r[1317]_i_1,LUT5,SLICE_X35Y227,SLICEL.B6LUT,32'hFEAA0000
u_dut/t_r[1318]_i_1,LUT6,SLICE_X35Y227,SLICEL.C6LUT,64'hEAEAEAAA00000000
u_dut/t_r[1319]_i_1,LUT6,SLICE_X35Y227,SLICEL.D6LUT,64'hEAAAAAAA00000000
u_dut/t_r[131]_i_1,LUT6,SLICE_X37Y228,SLICEL.B6LUT,64'hC888888800000000
u_dut/t_r[1320]_i_1,LUT5,SLICE_X35Y227,SLICEL.B5LUT,32'hCCC80000
u_dut/t_r[1321]_i_1,LUT4,SLICE_X41Y216,SLICEL.A6LUT,16'hC800
u_dut/t_r[1322]_i_1,LUT5,SLICE_X18Y227,SLICEM.A6LUT,32'hC8880000
u_dut/t_r[1324]_i_1,LUT6,SLICE_X41Y216,SLICEL.B6LUT,64'hF800000000000000
u_dut/t_r[1325]_i_1,LUT5,SLICE_X19Y222,SLICEL.C6LUT,32'hFFEEFEEE
u_dut/t_r[1325]_i_2,LUT5,SLICE_X18Y227,SLICEM.A5LUT,32'h80000000
u_dut/t_r[1327]_i_1,LUT6,SLICE_X43Y226,SLICEL.D6LUT,64'hFFFFFEEE00000000
u_dut/t_r[1328]_i_1,LUT6,SLICE_X16Y224,SLICEM.A6LUT,64'hFFFEEEEE00000000
u_dut/t_r[1329]_i_1,LUT4,SLICE_X43Y226,SLICEL.A6LUT,16'h8880
u_dut/t_r[132]_i_1,LUT5,SLICE_X37Y228,SLICEL.A5LUT,32'h88800000
u_dut/t_r[1331]_i_1,LUT6,SLICE_X43Y226,SLICEL.B6LUT,64'hEAEAEAAA00000000
u_dut/t_r[1333]_i_1,LUT6,SLICE_X43Y226,SLICEL.C6LUT,64'hCCC8000000000000
u_dut/t_r[1334]_i_1,LUT4,SLICE_X16Y224,SLICEM.C5LUT,16'hFFF8
u_dut/t_r[1334]_i_2,LUT5,SLICE_X43Y226,SLICEL.A5LUT,32'hC8000000
u_dut/t_r[1335]_i_1,LUT6,SLICE_X18Y225,SLICEM.D6LUT,64'hFAAAEAAAEAAAEAAA
u_dut/t_r[1335]_i_2,LUT2,SLICE_X36Y220,SLICEL.C6LUT,4'h8
u_dut/t_r[1335]_i_3,LUT2,SLICE_X14Y225,SLICEM.B5LUT,4'h8
u_dut/t_r[1339]_i_1,LUT6,SLICE_X27Y224,SLICEL.C6LUT,64'hFFFFFFFE00000000
u_dut/t_r[133]_i_1,LUT6,SLICE_X29Y229,SLICEL.C6LUT,64'hE000000000000000
u_dut/t_r[1340]_i_1,LUT6,SLICE_X27Y224,SLICEL.A6LUT,64'hFFFFFEEE00000000
u_dut/t_r[1341]_i_1,LUT6,SLICE_X38Y224,SLICEM.A6LUT,64'hFFFEEEEE00000000
u_dut/t_r[1342]_i_1,LUT4,SLICE_X38Y224,SLICEM.B6LUT,16'h8880
u_dut/t_r[1349]_i_1,LUT6,SLICE_X38Y224,SLICEM.C6LUT,64'h8080808080808000
u_dut/t_r[134]_i_1,LUT6,SLICE_X29Y226,SLICEL.D6LUT,64'h8000000000000000
u_dut/t_r[134]_i_2,LUT4,SLICE_X29Y229,SLICEL.B5LUT,16'h8000
u_dut/t_r[1350]_i_1,LUT5,SLICE_X27Y224,SLICEL.D6LUT,32'hFFFFFF80
u_dut/t_r[1350]_i_2,LUT5,SLICE_X38Y224,SLICEM.B5LUT,32'h80000000
u_dut/t_r[1352]_i_1,LUT3,SLICE_X44Y221,SLICEL.A5LUT,8'h80
u_dut/t_r[1353]_i_1,LUT6,SLICE_X49Y221,SLICEL.B6LUT,64'hFFFFFEEE00000000
u_dut/t_r[1354]_i_1,LUT6,SLICE_X49Y221,SLICEL.A6LUT,64'hFFFEEEEE00000000
u_dut/t_r[1355]_i_1,LUT6,SLICE_X39Y222,SLICEL.A6LUT,64'hFEEEEEEE00000000
u_dut/t_r[1357]_i_1,LUT6,SLICE_X19Y222,SLICEL.A6LUT,64'hEA00000000000000
u_dut/t_r[135]_i_1,LUT5,SLICE_X20Y223,SLICEM.A6LUT,32'hFFFE0000
u_dut/t_r[1362]_i_1,LUT5,SLICE_X44Y221,SLICEL.A6LUT,32'h80000000
u_dut/t_r[1363]_i_1,LUT6,SLICE_X19Y222,SLICEL.B6LUT,64'hA800000000000000
u_dut/t_r[1364]_i_1,LUT6,SLICE_X39Y222,SLICEL.B6LUT,64'hE000000000000000
u_dut/t_r[1365]_i_1,LUT2,SLICE_X39Y222,SLICEL.D6LUT,4'hE
u_dut/t_r[1365]_i_2,LUT6,SLICE_X39Y222,SLICEL.C6LUT,64'h8000000000000000
u_dut/t_r[1366]_i_1,LUT6,SLICE_X40Y224,SLICEL.C6LUT,64'hFFFFFFFE00000000
u_dut/t_r[1367]_i_1,LUT4,SLICE_X40Y224,SLICEL.A6LUT,16'hFE00
u_dut/t_r[136]_i_1,LUT6,SLICE_X20Y228,SLICEM.A6LUT,64'hFFFEEEEE00000000
u_dut/t_r[1370]_i_1,LUT6,SLICE_X14Y223,SLICEM.A6LUT,64'hFEEEAAAA00000000
u_dut/t_r[1372]_i_1,LUT6,SLICE_X40Y224,SLICEL.B6LUT,64'hEAAAAAAA00000000
u_dut/t_r[1374]_i_1,LUT4,SLICE_X40Y224,SLICEL.A5LUT,16'hC800
u_dut/t_r[1375]_i_1,LUT5,SLICE_X17Y223,SLICEL.A6LUT,32'hC8880000
u_dut/t_r[1377]_i_1,LUT5,SLICE_X14Y223,SLICEM.D5LUT,32'hFFCCFECC
u_dut/t_r[1377]_i_2,LUT6,SLICE_X14Y223,SLICEM.B6LUT,64'hF800000000000000
u_dut/t_r[137]_i_1,LUT6,SLICE_X34Y228,SLICEL.A6LUT,64'hFEEEEEEE00000000
u_dut/t_r[1380]_i_1,LUT6,SLICE_X37Y220,SLICEL.D6LUT,64'hFFFEAAAAAAAAAAAA
u_dut/t_r[1380]_i_2,LUT2,SLICE_X32Y220,SLICEL.A5LUT,4'hE
u_dut/t_r[1383]_i_1,LUT6,SLICE_X36Y220,SLICEL.B6LUT,64'h8888888080808080
u_dut/t_r[1384]_i_1,LUT5,SLICE_X45Y222,SLICEL.C6LUT,32'hEA000000
u_dut/t_r[1387]_i_1,LUT5,SLICE_X36Y220,SLICEL.A6LUT,32'h88008000
u_dut/t_r[138]_i_1,LUT5,SLICE_X20Y223,SLICEM.B6LUT,32'hFEAA0000
u_dut/t_r[1390]_i_1,LUT4,SLICE_X36Y220,SLICEL.C5LUT,16'hFECC
u_dut/t_r[1390]_i_2,LUT5,SLICE_X36Y220,SLICEL.A5LUT,32'h80000000
u_dut/t_r[1392]_i_1,LUT6,SLICE_X39Y223,SLICEL.D6LUT,64'hFFFFFFFE00000000
u_dut/t_r[1393]_i_1,LUT5,SLICE_X39Y223,SLICEL.A6LUT,32'hFE000000
u_dut/t_r[1394]_i_1,LUT6,SLICE_X39Y223,SLICEL.B6LUT,64'hFEEEEEEE00000000
u_dut/t_r[1395]_i_1,LUT6,SLICE_X12Y223,SLICEM.A6LUT,64'hFEAA000000000000
u_dut/t_r[1397]_i_1,LUT6,SLICE_X24Y218,SLICEL.A6LUT,64'hEAAAAAAA00000000
u_dut/t_r[1397]_i_2,LUT2,SLICE_X14Y223,SLICEM.C6LUT,4'h8
u_dut/t_r[139]_i_1,LUT6,SLICE_X20Y223,SLICEM.C6LUT,64'hEAEAEAAA00000000
u_dut/t_r[13]_i_1,LUT4,SLICE_X36Y221,SLICEL.D6LUT,16'hFFF8
u_dut/t_r[13]_i_2,LUT6,SLICE_X36Y221,SLICEL.A6LUT,64'h8000000000000000
u_dut/t_r[1400]_i_1,LUT4,SLICE_X39Y223,SLICEL.A5LUT,16'h8000
u_dut/t_r[1401]_i_1,LUT6,SLICE_X24Y218,SLICEL.B6LUT,64'hF800000000000000
u_dut/t_r[1402]_i_1,LUT5,SLICE_X19Y222,SLICEL.C5LUT,32'hFFF8F0F0
u_dut/t_r[1402]_i_2,LUT6,SLICE_X39Y223,SLICEL.C6LUT,64'h8000000000000000
u_dut/t_r[1406]_i_1,LUT6,SLICE_X27Y220,SLICEL.D6LUT,64'hFFFFFF80FF00FF00
u_dut/t_r[1406]_i_2,LUT4,SLICE_X27Y220,SLICEL.C5LUT,16'hFFA8
u_dut/t_r[1407]_i_1,LUT6,SLICE_X46Y214,SLICEM.A6LUT,64'hFFFFFF80FF00FF00
u_dut/t_r[1408]_i_1,LUT6,SLICE_X12Y225,SLICEM.C6LUT,64'hFFFFFFFFC8000000
u_dut/t_r[1408]_i_2,LUT2,SLICE_X14Y225,SLICEM.A5LUT,4'h8
u_dut/t_r[1408]_i_3,LUT3,SLICE_X14Y223,SLICEM.C5LUT,8'hF8
u_dut/t_r[140]_i_1,LUT2,SLICE_X34Y228,SLICEL.B6LUT,4'h8
u_dut/t_r[141]_i_1,LUT6,SLICE_X34Y228,SLICEL.C6LUT,64'hCCC8C8C800000000
u_dut/t_r[1423]_i_1,LUT6,SLICE_X46Y214,SLICEM.B6LUT,64'hFEAAEEAAAAAAAAAA
u_dut/t_r[1423]_i_2,LUT3,SLICE_X46Y214,SLICEM.C6LUT,8'hF8
u_dut/t_r[1428]_i_1,LUT6,SLICE_X40Y220,SLICEL.C6LUT,64'hFEEE000000000000
u_dut/t_r[1428]_i_2,LUT2,SLICE_X40Y220,SLICEL.A6LUT,4'h8
u_dut/t_r[1429]_i_1,LUT6,SLICE_X40Y220,SLICEL.B6LUT,64'hFEEEAAAA00000000
u_dut/t_r[1429]_i_2,LUT3,SLICE_X40Y220,SLICEL.A5LUT,8'h80
u_dut/t_r[1430]_i_1,LUT6,SLICE_X36Y212,SLICEL.A6LUT,64'hC800000000000000
u_dut/t_r[1432]_i_1,LUT5,SLICE_X40Y220,SLICEL.D5LUT,32'hFFFF8000
u_dut/t_r[1432]_i_2,LUT6,SLICE_X36Y212,SLICEL.B6LUT,64'h8000000000000000
u_dut/t_r[1432]_i_3,LUT2,SLICE_X41Y216,SLICEL.A5LUT,4'h8
u_dut/t_r[1435]_i_1,LUT6,SLICE_X42Y226,SLICEM.C6LUT,64'hFFFFFFFF80000000
u_dut/t_r[1436]_i_1,LUT6,SLICE_X38Y225,SLICEM.C6LUT,64'hFFFFFFFF80000000
u_dut/t_r[1436]_i_2,LUT3,SLICE_X13Y225,SLICEL.A5LUT,8'hFE
u_dut/t_r[1437]_i_1,LUT6,SLICE_X38Y226,SLICEM.D6LUT,64'hFFFF0000FFFE0000
u_dut/t_r[1437]_i_2,LUT5,SLICE_X39Y226,SLICEL.C6LUT,32'hFFFFFFFE
u_dut/t_r[143]_i_1,LUT3,SLICE_X34Y228,SLICEL.B5LUT,8'h80
u_dut/t_r[1441]_i_1,LUT6,SLICE_X45Y222,SLICEL.D6LUT,64'hFFFEFEFE00000000
u_dut/t_r[1441]_i_2,LUT3,SLICE_X45Y222,SLICEL.C5LUT,8'hFE
u_dut/t_r[1444]_i_1,LUT6,SLICE_X45Y226,SLICEL.D6LUT,64'hFFFEEEEE00000000
u_dut/t_r[1446]_i_1,LUT6,SLICE_X44Y223,SLICEL.C6LUT,64'hFFFEEEEE00000000
u_dut/t_r[1447]_i_1,LUT6,SLICE_X46Y214,SLICEM.D6LUT,64'hFF00FF00FF008000
u_dut/t_r[1447]_i_2,LUT4,SLICE_X46Y214,SLICEM.C5LUT,16'hFF80
u_dut/t_r[1448]_i_1,LUT6,SLICE_X46Y224,SLICEM.D6LUT,64'hFF00FF00FF008000
u_dut/t_r[1448]_i_2,LUT5,SLICE_X45Y224,SLICEL.B6LUT,32'h80000000
u_dut/t_r[1449]_i_1,LUT6,SLICE_X42Y224,SLICEM.D6LUT,64'hFFFE0000F0F00000
u_dut/t_r[1449]_i_2,LUT4,SLICE_X17Y223,SLICEL.A5LUT,16'hF0E0
u_dut/t_r[144]_i_1,LUT6,SLICE_X34Y228,SLICEL.D6LUT,64'hF800000000000000
u_dut/t_r[1451]_i_1,LUT6,SLICE_X39Y226,SLICEL.D6LUT,64'hFEAAAAAA00000000
u_dut/t_r[1451]_i_2,LUT5,SLICE_X39Y226,SLICEL.C5LUT,32'hFFFFFFEA
u_dut/t_r[1452]_i_1,LUT6,SLICE_X42Y226,SLICEM.D6LUT,64'hFFFF000080000000
u_dut/t_r[1452]_i_2,LUT5,SLICE_X45Y224,SLICEL.B5LUT,32'hFFFFFFA8
u_dut/t_r[145]_i_1,LUT5,SLICE_X20Y227,SLICEM.D6LUT,32'hFF00FE00
u_dut/t_r[145]_i_2,LUT5,SLICE_X20Y223,SLICEM.A5LUT,32'h80000000
u_dut/t_r[1469]_i_1,LUT6,SLICE_X30Y211,SLICEL.D6LUT,64'hFF00F800F000F000
u_dut/t_r[1469]_i_2,LUT2,SLICE_X30Y211,SLICEL.A6LUT,4'hE
u_dut/t_r[146]_i_1,LUT6,SLICE_X29Y224,SLICEL.D6LUT,64'h8888888888888880
u_dut/t_r[1477]_i_1,LUT6,SLICE_X29Y212,SLICEL.A6LUT,64'hFFFFFFF8FFF0FFF0
u_dut/t_r[1478]_i_1,LUT6,SLICE_X31Y212,SLICEL.A6LUT,64'hFFFFFFF8FFF0FFF0
u_dut/t_r[147]_i_1,LUT6,SLICE_X29Y224,SLICEL.A6LUT,64'h8888888080808080
u_dut/t_r[1480]_i_1,LUT6,SLICE_X26Y211,SLICEL.A6LUT,64'hFFFFFF80FF00FF00
u_dut/t_r[1487]_i_1,LUT6,SLICE_X31Y212,SLICEL.B6LUT,64'hFFFEEEEEEEEEEEEE
u_dut/t_r[1487]_i_2,LUT5,SLICE_X28Y211,SLICEL.A6LUT,32'hFF008000
u_dut/t_r[1489]_i_1,LUT6,SLICE_X29Y209,SLICEL.A6LUT,64'hFFEEEEEEFEEEEEEE
u_dut/t_r[1489]_i_2,LUT4,SLICE_X29Y209,SLICEL.B6LUT,16'h8000
u_dut/t_r[148]_i_1,LUT4,SLICE_X30Y224,SLICEL.A6LUT,16'h8880
u_dut/t_r[1490]_i_1,LUT6,SLICE_X30Y211,SLICEL.B6LUT,64'h8080808080808000
u_dut/t_r[1491]_i_1,LUT6,SLICE_X30Y211,SLICEL.C6LUT,64'h8080808080808000
u_dut/t_r[1497]_i_1,LUT2,SLICE_X27Y211,SLICEL.B6LUT,4'hE
u_dut/t_r[1497]_i_2,LUT5,SLICE_X30Y211,SLICEL.A5LUT,32'h80000000
u_dut/t_r[14]_i_1,LUT6,SLICE_X29Y222,SLICEL.C6LUT,64'h8888888080808080
u_dut/t_r[1504]_i_1,LUT6,SLICE_X25Y211,SLICEL.A6LUT,64'hFEEEEEEEAAAAAAAA
u_dut/t_r[1507]_i_1,LUT6,SLICE_X25Y211,SLICEL.B6LUT,64'hFFFFFFFFAA008000
u_dut/t_r[1507]_i_2,LUT5,SLICE_X26Y209,SLICEL.A6LUT,32'hFFFEF0F0
u_dut/t_r[1508]_i_1,LUT6,SLICE_X26Y212,SLICEL.A6LUT,64'hFFCCFFCCFFCCFFC8
u_dut/t_r[1510]_i_1,LUT6,SLICE_X29Y212,SLICEL.B6LUT,64'hFFFFFFF8F0F0F0F0
u_dut/t_r[1511]_i_1,LUT6,SLICE_X26Y210,SLICEL.A6LUT,64'hFFFFF0F0FFFFF080
u_dut/t_r[1511]_i_2,LUT5,SLICE_X26Y210,SLICEL.B6LUT,32'hFFFFFFFE
u_dut/t_r[1514]_i_1,LUT6,SLICE_X30Y210,SLICEL.A6LUT,64'hFFFFF0F0FFFFF080
u_dut/t_r[1515]_i_1,LUT6,SLICE_X26Y211,SLICEL.B6LUT,64'hFFAAFEAAEEAAEEAA
u_dut/t_r[1515]_i_2,LUT2,SLICE_X26Y211,SLICEL.C6LUT,4'h8
u_dut/t_r[151]_i_1,LUT6,SLICE_X29Y224,SLICEL.B6LUT,64'hA0A0A0A0A0A0A080
u_dut/t_r[151]_i_2,LUT2,SLICE_X22Y225,SLICEM.A6LUT,4'h8
u_dut/t_r[1521]_i_1,LUT6,SLICE_X26Y211,SLICEL.D6LUT,64'hFCCCECCCCCCCCCCC
u_dut/t_r[1521]_i_2,LUT4,SLICE_X26Y210,SLICEL.C6LUT,16'hFECC
u_dut/t_r[1522]_i_1,LUT6,SLICE_X29Y212,SLICEL.C6LUT,64'hFFFFF0F0FFFFF080
u_dut/t_r[1525]_i_1,LUT6,SLICE_X26Y212,SLICEL.B6LUT,64'hFFFECCCCCCCCCCCC
u_dut/t_r[1528]_i_1,LUT6,SLICE_X24Y209,SLICEL.A6LUT,64'hFFFFFFFFAAA8A0A0
u_dut/t_r[1528]_i_2,LUT2,SLICE_X26Y210,SLICEL.D6LUT,4'h8
u_dut/t_r[1528]_i_3,LUT5,SLICE_X24Y209,SLICEL.B6LUT,32'hFFF8F0F0
u_dut/t_r[152]_i_1,LUT5,SLICE_X30Y224,SLICEL.A5LUT,32'h88008000
u_dut/t_r[1534]_i_1,LUT6,SLICE_X29Y209,SLICEL.C6LUT,64'hFFCCFFC0FFC8FFC0
u_dut/t_r[1534]_i_2,LUT4,SLICE_X29Y209,SLICEL.B5LUT,16'hF080
u_dut/t_r[1537]_i_1,LUT6,SLICE_X26Y212,SLICEL.C6LUT,64'hFFCCFFC0FFC8FFC0
u_dut/t_r[153]_i_1,LUT4,SLICE_X30Y224,SLICEL.B6LUT,16'h8000
u_dut/t_r[1541]_i_1,LUT6,SLICE_X31Y211,SLICEL.A6LUT,64'hFFFFFF80FF00FF00
u_dut/t_r[1545]_i_1,LUT6,SLICE_X30Y210,SLICEL.B6LUT,64'hFFFFFF80FF00FF00
u_dut/t_r[1545]_i_2,LUT3,SLICE_X30Y210,SLICEL.C6LUT,8'hF8
u_dut/t_r[1548]_i_1,LUT6,SLICE_X28Y211,SLICEL.B6LUT,64'hFFAAFEAAAAAAAAAA
u_dut/t_r[1548]_i_2,LUT2,SLICE_X25Y211,SLICEL.C6LUT,4'hE
u_dut/t_r[1549]_i_1,LUT6,SLICE_X26Y212,SLICEL.D6LUT,64'hFFFFFFFFAAA80000
u_dut/t_r[1549]_i_2,LUT3,SLICE_X26Y210,SLICEL.D5LUT,8'h80
u_dut/t_r[154]_i_1,LUT6,SLICE_X30Y224,SLICEL.C6LUT,64'hF800000000000000
u_dut/t_r[1556]_i_1,LUT3,SLICE_X26Y211,SLICEL.C5LUT,8'hF8
u_dut/t_r[155]_i_1,LUT4,SLICE_X30Y224,SLICEL.D6LUT,16'hF0E0
u_dut/t_r[155]_i_2,LUT6,SLICE_X29Y224,SLICEL.C6LUT,64'h8000000000000000
u_dut/t_r[1568]_i_1,LUT6,SLICE_X27Y212,SLICEL.D6LUT,64'hC888000000000000
u_dut/t_r[1569]_i_1,LUT4,SLICE_X27Y212,SLICEL.A6LUT,16'h8000
u_dut/t_r[156]_i_1,LUT6,SLICE_X13Y227,SLICEL.A6LUT,64'h8888888888888880
u_dut/t_r[1572]_i_1,LUT6,SLICE_X27Y212,SLICEL.B6LUT,64'hE000000000000000
u_dut/t_r[1573]_i_1,LUT5,SLICE_X24Y211,SLICEL.D6LUT,32'hFFFF8880
u_dut/t_r[1573]_i_2,LUT6,SLICE_X27Y212,SLICEL.C6LUT,64'h8000000000000000
u_dut/t_r[157]_i_1,LUT6,SLICE_X28Y227,SLICEL.A6LUT,64'h8888888080808080
u_dut/t_r[1580]_i_1,LUT6,SLICE_X24Y211,SLICEL.C6LUT,64'h8080800080008000
u_dut/t_r[1585]_i_1,LUT6,SLICE_X24Y210,SLICEL.A6LUT,64'h8800800080008000
u_dut/t_r[1586]_i_1,LUT5,SLICE_X24Y210,SLICEL.B6LUT,32'h80000000
u_dut/t_r[1588]_i_1,LUT6,SLICE_X24Y211,SLICEL.A6LUT,64'hE000000000000000
u_dut/t_r[1589]_i_1,LUT4,SLICE_X24Y211,SLICEL.D5LUT,16'hFF80
u_dut/t_r[1589]_i_2,LUT6,SLICE_X24Y211,SLICEL.B6LUT,64'h8000000000000000
u_dut/t_r[1590]_i_1,LUT6,SLICE_X29Y211,SLICEL.D6LUT,64'hFFFFFFFE00000000
u_dut/t_r[1593]_i_1,LUT5,SLICE_X29Y211,SLICEL.A6LUT,32'hE0000000
u_dut/t_r[1594]_i_1,LUT6,SLICE_X28Y209,SLICEL.A6LUT,64'hFAF8000000000000
u_dut/t_r[1598]_i_1,LUT6,SLICE_X29Y211,SLICEL.B6LUT,64'hA800000000000000
u_dut/t_r[159]_i_1,LUT6,SLICE_X28Y227,SLICEL.B6LUT,64'hA888A888A8888888
u_dut/t_r[159]_i_2,LUT2,SLICE_X30Y224,SLICEL.B5LUT,4'h8
u_dut/t_r[15]_i_1,LUT5,SLICE_X29Y222,SLICEL.A6LUT,32'h88808080
u_dut/t_r[1601]_i_1,LUT6,SLICE_X28Y211,SLICEL.C6LUT,64'hFAAAEAAAEAAAEAAA
u_dut/t_r[1601]_i_2,LUT3,SLICE_X29Y211,SLICEL.A5LUT,8'h80
u_dut/t_r[1601]_i_3,LUT2,SLICE_X29Y211,SLICEL.C6LUT,4'h8
u_dut/t_r[1602]_i_1,LUT5,SLICE_X27Y211,SLICEL.B5LUT,32'hFFFF8000
u_dut/t_r[1602]_i_2,LUT6,SLICE_X27Y210,SLICEL.A6LUT,64'h8000000000000000
u_dut/t_r[1605]_i_1,LUT6,SLICE_X26Y209,SLICEL.B6LUT,64'hFFFFFFFFFFF80000
u_dut/t_r[1605]_i_2,LUT4,SLICE_X26Y209,SLICEL.A5LUT,16'h8000
u_dut/t_r[160]_i_1,LUT3,SLICE_X28Y227,SLICEL.C6LUT,8'h80
u_dut/t_r[1613]_i_1,LUT6,SLICE_X29Y210,SLICEL.A6LUT,64'hFFFFFFFF80000000
u_dut/t_r[1613]_i_2,LUT3,SLICE_X27Y212,SLICEL.A5LUT,8'h80
u_dut/t_r[1613]_i_3,LUT2,SLICE_X24Y210,SLICEL.B5LUT,4'h8
u_dut/t_r[1614]_i_1,LUT6,SLICE_X26Y209,SLICEL.C6LUT,64'hFFFFF0F0FFFEF0F0
u_dut/t_r[1614]_i_2,LUT3,SLICE_X26Y210,SLICEL.C5LUT,8'hE0
u_dut/t_r[1614]_i_3,LUT3,SLICE_X30Y210,SLICEL.C5LUT,8'hFE
u_dut/t_r[1619]_i_1,LUT6,SLICE_X25Y211,SLICEL.D6LUT,64'hFFFFFFFFFE000000
u_dut/t_r[1619]_i_2,LUT2,SLICE_X25Y211,SLICEL.C5LUT,4'h8
u_dut/t_r[1619]_i_3,LUT5,SLICE_X24Y209,SLICEL.B5LUT,32'hF0F0F0E0
u_dut/t_r[161]_i_1,LUT5,SLICE_X28Y227,SLICEL.D6LUT,32'h88008000
u_dut/t_r[1624]_i_1,LUT6,SLICE_X28Y211,SLICEL.D6LUT,64'hFFFE0000FEFE0000
u_dut/t_r[1624]_i_2,LUT5,SLICE_X28Y211,SLICEL.A5LUT,32'hFFFFFF80
u_dut/t_r[162]_i_1,LUT4,SLICE_X28Y227,SLICEL.C5LUT,16'h8000
u_dut/t_r[1633]_i_1,LUT6,SLICE_X31Y212,SLICEL.C6LUT,64'hFFFE0000EEEE0000
u_dut/t_r[1638]_i_1,LUT6,SLICE_X29Y212,SLICEL.D6LUT,64'hFF00FF00FF008000
u_dut/t_r[1638]_i_2,LUT3,SLICE_X29Y211,SLICEL.C5LUT,8'hE0
u_dut/t_r[163]_i_1,LUT5,SLICE_X17Y227,SLICEL.D5LUT,32'hFF00F800
u_dut/t_r[163]_i_2,LUT5,SLICE_X28Y227,SLICEL.D5LUT,32'h80000000
u_dut/t_r[1644]_i_1,LUT6,SLICE_X30Y210,SLICEL.D6LUT,64'hFEAAEEAA00000000
u_dut/t_r[1644]_i_2,LUT5,SLICE_X26Y210,SLICEL.B5LUT,32'hFFFEF0F0
u_dut/t_r[164]_i_1,LUT3,SLICE_X22Y228,SLICEM.A6LUT,8'h80
u_dut/t_r[165]_i_1,LUT6,SLICE_X35Y228,SLICEL.D6LUT,64'hFE00000000000000
u_dut/t_r[166]_i_1,LUT5,SLICE_X22Y225,SLICEM.A5LUT,32'h80808000
u_dut/t_r[167]_i_1,LUT6,SLICE_X22Y225,SLICEM.B6LUT,64'hEA00000000000000
u_dut/t_r[168]_i_1,LUT6,SLICE_X35Y228,SLICEL.A6LUT,64'hCCCCCCC800000000
u_dut/t_r[1693]_i_1,LUT5,SLICE_X54Y216,SLICEM.A6LUT,32'hFFFFF0E0
u_dut/t_r[1693]_i_2,LUT5,SLICE_X54Y216,SLICEM.B6LUT,32'hFFFFAA80
u_dut/t_r[169]_i_1,LUT6,SLICE_X35Y228,SLICEL.B6LUT,64'hA080A080A0808080
u_dut/t_r[16]_i_1,LUT6,SLICE_X22Y222,SLICEM.A6LUT,64'h8880808080808080
u_dut/t_r[1700]_i_1,LUT6,SLICE_X53Y218,SLICEL.A6LUT,64'hFFFFFFFFFF00F800
u_dut/t_r[1700]_i_2,LUT2,SLICE_X54Y217,SLICEM.A6LUT,4'h8
u_dut/t_r[1703]_i_1,LUT6,SLICE_X55Y218,SLICEL.A6LUT,64'hFFFFFFFFFF00F800
u_dut/t_r[1704]_i_1,LUT6,SLICE_X55Y218,SLICEL.B6LUT,64'hFFFFFFA8FF00FF00
u_dut/t_r[170]_i_1,LUT6,SLICE_X35Y228,SLICEL.C6LUT,64'hA800000000000000
u_dut/t_r[1712]_i_1,LUT6,SLICE_X54Y215,SLICEM.A6LUT,64'hFFFEAAAAAAAAAAAA
u_dut/t_r[1712]_i_2,LUT3,SLICE_X54Y215,SLICEM.B6LUT,8'hF8
u_dut/t_r[1712]_i_3,LUT2,SLICE_X54Y215,SLICEM.C6LUT,4'hE
u_dut/t_r[1712]_i_4,LUT2,SLICE_X54Y215,SLICEM.D6LUT,4'h8
u_dut/t_r[171]_i_1,LUT3,SLICE_X23Y223,SLICEL.C6LUT,8'hC8
u_dut/t_r[171]_i_2,LUT6,SLICE_X36Y223,SLICEL.A6LUT,64'h8000000000000000
u_dut/t_r[1720]_i_1,LUT6,SLICE_X55Y218,SLICEL.C6LUT,64'hFFFFFFFFAAAAAA80
u_dut/t_r[1720]_i_2,LUT6,SLICE_X56Y218,SLICEM.C6LUT,64'hFFF0F0F0FEF0F0F0
u_dut/t_r[1721]_i_1,LUT6,SLICE_X52Y218,SLICEM.A6LUT,64'hFFF0FFF0FFF0FFE0
u_dut/t_r[1724]_i_1,LUT5,SLICE_X54Y215,SLICEM.B5LUT,32'hFCCCECCC
u_dut/t_r[1727]_i_1,LUT6,SLICE_X52Y218,SLICEM.B6LUT,64'hFFFECCCCEEEECCCC
u_dut/t_r[172]_i_1,LUT6,SLICE_X36Y225,SLICEL.D6LUT,64'hF0C0F0C0F0C0E0C0
u_dut/t_r[172]_i_2,LUT5,SLICE_X34Y225,SLICEL.C6LUT,32'hFFFFFFEA
u_dut/t_r[1734]_i_1,LUT6,SLICE_X55Y218,SLICEL.D6LUT,64'hFFFFFF00FF80FF00
u_dut/t_r[1734]_i_2,LUT4,SLICE_X53Y216,SLICEL.A6LUT,16'h8000
u_dut/t_r[1737]_i_1,LUT6,SLICE_X52Y219,SLICEM.D6LUT,64'hFE00000000000000
u_dut/t_r[1743]_i_1,LUT6,SLICE_X52Y218,SLICEM.C6LUT,64'hFAAAEAAAAAAAAAAA
u_dut/t_r[1743]_i_2,LUT2,SLICE_X52Y219,SLICEM.A6LUT,4'h8
u_dut/t_r[1743]_i_3,LUT3,SLICE_X52Y217,SLICEM.A6LUT,8'hF8
u_dut/t_r[1746]_i_1,LUT6,SLICE_X52Y219,SLICEM.B6LUT,64'h8080808080808000
u_dut/t_r[1747]_i_1,LUT5,SLICE_X52Y219,SLICEM.C6LUT,32'hA8888888
u_dut/t_r[1748]_i_1,LUT5,SLICE_X52Y219,SLICEM.C5LUT,32'hA0808080
u_dut/t_r[1748]_i_2,LUT5,SLICE_X52Y219,SLICEM.A5LUT,32'h80000000
u_dut/t_r[1752]_i_1,LUT5,SLICE_X53Y216,SLICEL.A5LUT,32'hFEEE0000
u_dut/t_r[1755]_i_1,LUT4,SLICE_X52Y215,SLICEM.A6LUT,16'hEA00
u_dut/t_r[1756]_i_1,LUT6,SLICE_X51Y215,SLICEL.A6LUT,64'hFEEEAAAAEEEEAAAA
u_dut/t_r[1758]_i_1,LUT6,SLICE_X56Y217,SLICEM.A6LUT,64'hFFFEAAAAEEEEAAAA
u_dut/t_r[175]_i_1,LUT6,SLICE_X25Y223,SLICEL.B6LUT,64'hF0C0F0C0F0C0E0C0
u_dut/t_r[175]_i_2,LUT5,SLICE_X25Y223,SLICEL.C6LUT,32'hFF00F800
u_dut/t_r[1760]_i_1,LUT6,SLICE_X52Y215,SLICEM.B6LUT,64'hCCC8888800000000
u_dut/t_r[1762]_i_1,LUT6,SLICE_X53Y216,SLICEL.B6LUT,64'h8888888080808080
u_dut/t_r[1764]_i_1,LUT4,SLICE_X52Y215,SLICEM.C6LUT,16'hF0E0
u_dut/t_r[1764]_i_2,LUT6,SLICE_X53Y216,SLICEL.C6LUT,64'hA800000000000000
u_dut/t_r[1765]_i_1,LUT5,SLICE_X55Y219,SLICEL.A6LUT,32'hFE000000
u_dut/t_r[1768]_i_1,LUT6,SLICE_X55Y219,SLICEL.D6LUT,64'hEEEA000000000000
u_dut/t_r[1769]_i_1,LUT6,SLICE_X56Y216,SLICEM.A6LUT,64'hFEAAAAAAEEAAAAAA
u_dut/t_r[1769]_i_2,LUT4,SLICE_X56Y216,SLICEM.B6LUT,16'hFFFE
u_dut/t_r[176]_i_1,LUT6,SLICE_X34Y226,SLICEL.D6LUT,64'hF0C0F0C0F0C0E0C0
u_dut/t_r[176]_i_2,LUT2,SLICE_X14Y224,SLICEM.A6LUT,4'h8
u_dut/t_r[1770]_i_1,LUT6,SLICE_X55Y219,SLICEL.B6LUT,64'hFEAA000000000000
u_dut/t_r[1773]_i_1,LUT6,SLICE_X55Y217,SLICEL.A6LUT,64'hEAAAAAAA00000000
u_dut/t_r[1776]_i_1,LUT6,SLICE_X54Y216,SLICEM.C6LUT,64'hFFFEAAAAAAAAAAAA
u_dut/t_r[1776]_i_2,LUT2,SLICE_X54Y215,SLICEM.C5LUT,4'h8
u_dut/t_r[1776]_i_3,LUT2,SLICE_X54Y215,SLICEM.D5LUT,4'h8
u_dut/t_r[1778]_i_1,LUT5,SLICE_X55Y219,SLICEL.A5LUT,32'h80000000
u_dut/t_r[1779]_i_1,LUT6,SLICE_X55Y219,SLICEL.C6LUT,64'h8000800080000000
u_dut/t_r[1781]_i_1,LUT3,SLICE_X56Y219,SLICEM.D6LUT,8'hC8
u_dut/t_r[1781]_i_2,LUT6,SLICE_X55Y217,SLICEL.B6LUT,64'h8800800080008000
u_dut/t_r[1784]_i_1,LUT6,SLICE_X56Y217,SLICEM.B6LUT,64'hFFCC0000FECC0000
u_dut/t_r[1784]_i_2,LUT4,SLICE_X56Y216,SLICEM.B5LUT,16'hFFA8
u_dut/t_r[1789]_i_1,LUT6,SLICE_X52Y216,SLICEM.D6LUT,64'hFEEEAAAA00000000
u_dut/t_r[178]_i_1,LUT4,SLICE_X35Y225,SLICEL.A6LUT,16'h8000
u_dut/t_r[1794]_i_1,LUT6,SLICE_X52Y218,SLICEM.D6LUT,64'hFFFECCCCEEEECCCC
u_dut/t_r[1794]_i_2,LUT4,SLICE_X52Y217,SLICEM.A5LUT,16'hFF80
u_dut/t_r[1794]_i_3,LUT2,SLICE_X52Y216,SLICEM.A6LUT,4'h8
u_dut/t_r[1796]_i_1,LUT6,SLICE_X52Y216,SLICEM.B6LUT,64'hCCC8888800000000
u_dut/t_r[1797]_i_1,LUT5,SLICE_X54Y217,SLICEM.A5LUT,32'h80000000
u_dut/t_r[179]_i_1,LUT6,SLICE_X35Y225,SLICEL.D6LUT,64'h8080800080008000
u_dut/t_r[1800]_i_1,LUT4,SLICE_X52Y215,SLICEM.C5LUT,16'hF080
u_dut/t_r[1800]_i_2,LUT6,SLICE_X52Y216,SLICEM.C6LUT,64'h8800800080008000
u_dut/t_r[1804]_i_1,LUT6,SLICE_X56Y218,SLICEM.A6LUT,64'hFFFFFF00FFC8FF00
u_dut/t_r[1804]_i_2,LUT2,SLICE_X56Y218,SLICEM.D6LUT,4'hE
u_dut/t_r[1804]_i_3,LUT3,SLICE_X54Y216,SLICEM.A5LUT,8'h80
u_dut/t_r[1805]_i_1,LUT6,SLICE_X52Y217,SLICEM.D6LUT,64'hFEFEFEEE00000000
u_dut/t_r[1806]_i_1,LUT5,SLICE_X52Y216,SLICEM.A5LUT,32'h80808000
u_dut/t_r[1807]_i_1,LUT6,SLICE_X52Y217,SLICEM.B6LUT,64'hFEAA000000000000
u_dut/t_r[1808]_i_1,LUT6,SLICE_X54Y219,SLICEM.A6LUT,64'hEA00000000000000
u_dut/t_r[180]_i_1,LUT4,SLICE_X35Y225,SLICEL.A5LUT,16'h8000
u_dut/t_r[1810]_i_1,LUT6,SLICE_X54Y219,SLICEM.B6LUT,64'hEAAAAAAA00000000
u_dut/t_r[1815]_i_1,LUT2,SLICE_X55Y217,SLICEL.C6LUT,4'h8
u_dut/t_r[1815]_i_2,LUT6,SLICE_X52Y217,SLICEM.C6LUT,64'h8888888088808880
u_dut/t_r[181]_i_1,LUT6,SLICE_X35Y225,SLICEL.B6LUT,64'h8800800080008000
u_dut/t_r[1821]_i_1,LUT6,SLICE_X56Y219,SLICEM.C6LUT,64'hFEEE000000000000
u_dut/t_r[1822]_i_1,LUT4,SLICE_X57Y219,SLICEL.A6LUT,16'hE000
u_dut/t_r[1823]_i_1,LUT6,SLICE_X56Y219,SLICEM.A6LUT,64'hFEAA000000000000
u_dut/t_r[1828]_i_1,LUT6,SLICE_X57Y217,SLICEL.A6LUT,64'hFF00FC00FE00FC00
u_dut/t_r[1828]_i_2,LUT4,SLICE_X57Y217,SLICEL.B6LUT,16'hF080
u_dut/t_r[1829]_i_1,LUT6,SLICE_X57Y218,SLICEL.A6LUT,64'hFFFFFFFF80000000
u_dut/t_r[1829]_i_2,LUT6,SLICE_X57Y218,SLICEL.D6LUT,64'hF000F000F0008000
u_dut/t_r[182]_i_1,LUT4,SLICE_X30Y224,SLICEL.D5LUT,16'hF080
u_dut/t_r[182]_i_2,LUT6,SLICE_X35Y225,SLICEL.C6LUT,64'h8000000000000000
u_dut/t_r[1831]_i_1,LUT6,SLICE_X56Y219,SLICEM.B6LUT,64'h8800880088008000
u_dut/t_r[1832]_i_1,LUT4,SLICE_X56Y219,SLICEM.D5LUT,16'hE000
u_dut/t_r[1832]_i_2,LUT6,SLICE_X57Y219,SLICEL.B6LUT,64'h8000000000000000
u_dut/t_r[1834]_i_1,LUT6,SLICE_X54Y220,SLICEM.A6LUT,64'hFFFE0000AAAA0000
u_dut/t_r[1836]_i_1,LUT6,SLICE_X54Y216,SLICEM.D6LUT,64'hFF00AA00EA00AA00
u_dut/t_r[1836]_i_2,LUT4,SLICE_X54Y216,SLICEM.B5LUT,16'hFFA8
u_dut/t_r[183]_i_1,LUT4,SLICE_X37Y224,SLICEL.A5LUT,16'h8000
u_dut/t_r[1841]_i_1,LUT5,SLICE_X56Y216,SLICEM.C6LUT,32'hF8000000
u_dut/t_r[1841]_i_2,LUT6,SLICE_X56Y216,SLICEM.D6LUT,64'hFFFF000088800000
u_dut/t_r[1843]_i_1,LUT6,SLICE_X57Y217,SLICEL.C6LUT,64'hFFFF800000000000
u_dut/t_r[1843]_i_2,LUT4,SLICE_X57Y217,SLICEL.B5LUT,16'hF0E0
u_dut/t_r[1845]_i_1,LUT6,SLICE_X56Y217,SLICEM.C6LUT,64'hF0F0F0F0F0E0E0E0
u_dut/t_r[1846]_i_1,LUT6,SLICE_X57Y217,SLICEL.D6LUT,64'hFFFFFFE000000000
u_dut/t_r[1846]_i_2,LUT2,SLICE_X52Y215,SLICEM.A5LUT,4'h8
u_dut/t_r[1846]_i_3,LUT2,SLICE_X57Y219,SLICEL.A5LUT,4'hE
u_dut/t_r[1849]_i_1,LUT6,SLICE_X56Y217,SLICEM.D6LUT,64'hF0F0F0E0A0A0A0A0
u_dut/t_r[1849]_i_2,LUT3,SLICE_X56Y216,SLICEM.C5LUT,8'h80
u_dut/t_r[184]_i_1,LUT6,SLICE_X36Y224,SLICEL.C6LUT,64'h8888888080808080
u_dut/t_r[1859]_i_1,LUT5,SLICE_X27Y226,SLICEL.A6LUT,32'hFFFFAAA8
u_dut/t_r[185]_i_1,LUT6,SLICE_X36Y224,SLICEL.A6LUT,64'h8800880088008000
u_dut/t_r[185]_i_2,LUT2,SLICE_X36Y221,SLICEL.B6LUT,4'h8
u_dut/t_r[1862]_i_1,LUT5,SLICE_X32Y221,SLICEL.C6LUT,32'hFFFFAAA8
u_dut/t_r[1865]_i_1,LUT5,SLICE_X27Y228,SLICEL.A6LUT,32'hFFFFAA80
u_dut/t_r[1866]_i_1,LUT5,SLICE_X21Y226,SLICEL.A6LUT,32'hFFFFAA80
u_dut/t_r[186]_i_1,LUT5,SLICE_X36Y221,SLICEL.D5LUT,32'hFF008000
u_dut/t_r[186]_i_2,LUT6,SLICE_X36Y224,SLICEL.B6LUT,64'h8000000000000000
u_dut/t_r[186]_i_3,LUT3,SLICE_X35Y220,SLICEL.B5LUT,8'hFE
u_dut/t_r[1870]_i_1,LUT5,SLICE_X23Y225,SLICEL.A6LUT,32'hFFFFAA80
u_dut/t_r[1871]_i_1,LUT5,SLICE_X33Y221,SLICEL.A6LUT,32'hFFFFA800
u_dut/t_r[1872]_i_1,LUT5,SLICE_X27Y226,SLICEL.A5LUT,32'hFFFFA800
u_dut/t_r[1873]_i_1,LUT5,SLICE_X31Y217,SLICEL.A6LUT,32'hFFFFA800
u_dut/t_r[1875]_i_1,LUT4,SLICE_X21Y226,SLICEL.B6LUT,16'hFF80
u_dut/t_r[1877]_i_1,LUT6,SLICE_X27Y228,SLICEL.D6LUT,64'hFFFFFFFFA8880000
u_dut/t_r[1878]_i_1,LUT5,SLICE_X27Y228,SLICEL.B6LUT,32'hFFFFA800
u_dut/t_r[187]_i_1,LUT5,SLICE_X20Y223,SLICEM.D6LUT,32'h80000000
u_dut/t_r[187]_i_2,LUT4,SLICE_X20Y223,SLICEM.B5LUT,16'hFFFE
u_dut/t_r[1884]_i_1,LUT5,SLICE_X31Y217,SLICEL.B6LUT,32'hFFFF8000
u_dut/t_r[1885]_i_1,LUT5,SLICE_X21Y226,SLICEL.C6LUT,32'hFFFF8000
u_dut/t_r[1886]_i_1,LUT5,SLICE_X12Y228,SLICEM.A6LUT,32'hFFFF8000
u_dut/t_r[1888]_i_1,LUT5,SLICE_X23Y225,SLICEL.A5LUT,32'hFFFF8000
u_dut/t_r[188]_i_1,LUT5,SLICE_X22Y228,SLICEM.A5LUT,32'h80000000
u_dut/t_r[1890]_i_1,LUT4,SLICE_X33Y221,SLICEL.B6LUT,16'hFE00
u_dut/t_r[1891]_i_1,LUT6,SLICE_X19Y223,SLICEL.A6LUT,64'hFFFFFFFE00000000
u_dut/t_r[1892]_i_1,LUT2,SLICE_X17Y222,SLICEL.A6LUT,4'h8
u_dut/t_r[1893]_i_1,LUT4,SLICE_X23Y225,SLICEL.B6LUT,16'hFE00
u_dut/t_r[1895]_i_1,LUT5,SLICE_X27Y228,SLICEL.C6LUT,32'hFFFE0000
u_dut/t_r[1897]_i_1,LUT5,SLICE_X27Y228,SLICEL.B5LUT,32'hFFFE0000
u_dut/t_r[189]_i_1,LUT6,SLICE_X14Y227,SLICEM.A6LUT,64'h8080000080000000
u_dut/t_r[189]_i_2,LUT2,SLICE_X16Y224,SLICEM.B6LUT,4'h8
u_dut/t_r[18]_i_1,LUT6,SLICE_X29Y222,SLICEL.B6LUT,64'h8800800080008000
u_dut/t_r[1900]_i_1,LUT5,SLICE_X32Y221,SLICEL.A6LUT,32'hFFEA0000
u_dut/t_r[1902]_i_1,LUT5,SLICE_X14Y226,SLICEM.A6LUT,32'hFFEA0000
u_dut/t_r[1903]_i_1,LUT4,SLICE_X19Y223,SLICEL.B6LUT,16'hFE00
u_dut/t_r[1905]_i_1,LUT6,SLICE_X31Y217,SLICEL.C6LUT,64'hFFFFEAAA00000000
u_dut/t_r[1906]_i_1,LUT4,SLICE_X31Y217,SLICEL.D6LUT,16'hFE00
u_dut/t_r[1907]_i_1,LUT6,SLICE_X14Y226,SLICEM.B6LUT,64'hFFFFEAAA00000000
u_dut/t_r[1909]_i_1,LUT5,SLICE_X27Y226,SLICEL.B6LUT,32'hFEAA0000
u_dut/t_r[1909]_i_2,LUT4,SLICE_X27Y226,SLICEL.C6LUT,16'hFFEA
u_dut/t_r[190]_i_1,LUT2,SLICE_X14Y227,SLICEM.B6LUT,4'h8
u_dut/t_r[190]_i_2,LUT5,SLICE_X10Y224,SLICEM.B6LUT,32'h80000000
u_dut/t_r[190]_i_3,LUT4,SLICE_X10Y224,SLICEM.A5LUT,16'h8000
u_dut/t_r[1910]_i_1,LUT4,SLICE_X23Y225,SLICEL.B5LUT,16'hEA00
u_dut/t_r[1911]_i_1,LUT5,SLICE_X14Y226,SLICEM.A5LUT,32'hFEAA0000
u_dut/t_r[1912]_i_1,LUT5,SLICE_X31Y217,SLICEL.B5LUT,32'hFEAA0000
u_dut/t_r[1913]_i_1,LUT5,SLICE_X33Y225,SLICEL.A6LUT,32'hFEAA0000
u_dut/t_r[1914]_i_1,LUT5,SLICE_X12Y228,SLICEM.A5LUT,32'hFEAA0000
u_dut/t_r[1915]_i_1,LUT5,SLICE_X27Y221,SLICEL.A6LUT,32'hFEAA0000
u_dut/t_r[1915]_i_2,LUT5,SLICE_X29Y221,SLICEL.A6LUT,32'hF0800000
u_dut/t_r[1916]_i_1,LUT5,SLICE_X33Y225,SLICEL.B6LUT,32'hFEAA0000
u_dut/t_r[1917]_i_1,LUT5,SLICE_X33Y221,SLICEL.A5LUT,32'hEAAA0000
u_dut/t_r[191]_i_1,LUT6,SLICE_X34Y223,SLICEL.B6LUT,64'hCC00CC00CC00C800
u_dut/t_r[191]_i_2,LUT5,SLICE_X34Y223,SLICEL.C6LUT,32'hFFFFAAA8
u_dut/t_r[1922]_i_1,LUT5,SLICE_X33Y225,SLICEL.A5LUT,32'hEAAA0000
u_dut/t_r[1923]_i_1,LUT6,SLICE_X12Y228,SLICEM.B6LUT,64'hEAAAAAAA00000000
u_dut/t_r[1925]_i_1,LUT6,SLICE_X27Y221,SLICEL.B6LUT,64'hEAAAAAAA00000000
u_dut/t_r[1928]_i_1,LUT5,SLICE_X27Y228,SLICEL.A5LUT,32'hAAA80000
u_dut/t_r[1929]_i_1,LUT5,SLICE_X21Y226,SLICEL.A5LUT,32'hAAA80000
u_dut/t_r[192]_i_1,LUT6,SLICE_X32Y229,SLICEL.D6LUT,64'hCC00CC00CC00C800
u_dut/t_r[192]_i_2,LUT3,SLICE_X33Y229,SLICEL.A6LUT,8'hC8
u_dut/t_r[1930]_i_1,LUT4,SLICE_X19Y223,SLICEL.B5LUT,16'hA800
u_dut/t_r[1930]_i_2,LUT6,SLICE_X19Y223,SLICEL.C6LUT,64'hFFFFFFFFAAAAAAA8
u_dut/t_r[1932]_i_1,LUT4,SLICE_X27Y221,SLICEL.C6LUT,16'hA800
u_dut/t_r[1935]_i_1,LUT5,SLICE_X27Y226,SLICEL.D6LUT,32'hAA800000
u_dut/t_r[1936]_i_1,LUT5,SLICE_X32Y221,SLICEL.A5LUT,32'hAA800000
u_dut/t_r[1938]_i_1,LUT5,SLICE_X17Y222,SLICEL.B6LUT,32'hAA800000
u_dut/t_r[1938]_i_2,LUT5,SLICE_X13Y220,SLICEL.A6LUT,32'hFFFF8000
u_dut/t_r[1939]_i_1,LUT5,SLICE_X27Y221,SLICEL.D6LUT,32'hAA800000
u_dut/t_r[193]_i_1,LUT6,SLICE_X34Y225,SLICEL.D6LUT,64'hF0F00000F0800000
u_dut/t_r[193]_i_2,LUT5,SLICE_X34Y225,SLICEL.C5LUT,32'hFFFFFFFE
u_dut/t_r[1940]_i_1,LUT5,SLICE_X27Y228,SLICEL.C5LUT,32'hAA800000
u_dut/t_r[1941]_i_1,LUT5,SLICE_X32Y221,SLICEL.B6LUT,32'hAA800000
u_dut/t_r[1944]_i_1,LUT4,SLICE_X33Y221,SLICEL.B5LUT,16'h8000
u_dut/t_r[1946]_i_1,LUT4,SLICE_X17Y222,SLICEL.A5LUT,16'h8000
u_dut/t_r[1946]_i_2,LUT4,SLICE_X17Y222,SLICEL.C6LUT,16'hFFEA
u_dut/t_r[1947]_i_1,LUT4,SLICE_X23Y225,SLICEL.C6LUT,16'h8000
u_dut/t_r[1947]_i_2,LUT6,SLICE_X23Y225,SLICEL.D6LUT,64'hFFFFFFFFEAAAAAAA
u_dut/t_r[1948]_i_1,LUT4,SLICE_X21Y226,SLICEL.B5LUT,16'h8000
u_dut/t_r[1948]_i_2,LUT6,SLICE_X21Y226,SLICEL.D6LUT,64'hFFFFFFFFAAA8A8A8
u_dut/t_r[1949]_i_1,LUT5,SLICE_X12Y228,SLICEM.C6LUT,32'hA8000000
u_dut/t_r[1949]_i_2,LUT5,SLICE_X13Y226,SLICEL.C6LUT,32'hFF800000
u_dut/t_r[194]_i_1,LUT6,SLICE_X36Y226,SLICEL.D6LUT,64'hF0F00000F0800000
u_dut/t_r[194]_i_2,LUT5,SLICE_X35Y224,SLICEL.B6LUT,32'hFFFF8000
u_dut/t_r[1950]_i_1,LUT5,SLICE_X32Y221,SLICEL.B5LUT,32'hA8000000
u_dut/t_r[1951]_i_1,LUT5,SLICE_X33Y225,SLICEL.B5LUT,32'hA8000000
u_dut/t_r[1952]_i_1,LUT5,SLICE_X33Y221,SLICEL.C6LUT,32'h80000000
u_dut/t_r[1953]_i_1,LUT4,SLICE_X23Y225,SLICEL.C5LUT,16'h8000
u_dut/t_r[1956]_i_1,LUT5,SLICE_X30Y213,SLICEL.A6LUT,32'h80000000
u_dut/t_r[1957]_i_1,LUT5,SLICE_X21Y226,SLICEL.C5LUT,32'h80000000
u_dut/t_r[1957]_i_2,LUT3,SLICE_X17Y222,SLICEL.C5LUT,8'hE0
u_dut/t_r[1959]_i_1,LUT4,SLICE_X31Y217,SLICEL.D5LUT,16'h8000
u_dut/t_r[1959]_i_2,LUT6,SLICE_X29Y215,SLICEL.C6LUT,64'hA080808000000000
u_dut/t_r[195]_i_1,LUT6,SLICE_X35Y223,SLICEL.C6LUT,64'hF0F00000F0800000
u_dut/t_r[195]_i_2,LUT5,SLICE_X35Y224,SLICEL.B5LUT,32'h80000000
u_dut/t_r[1964]_i_1,LUT2,SLICE_X17Y220,SLICEL.A6LUT,4'hE
u_dut/t_r[1964]_i_2,LUT6,SLICE_X17Y220,SLICEL.B6LUT,64'hFFFFFFFFFFFFFEEE
u_dut/t_r[1965]_i_1,LUT5,SLICE_X31Y226,SLICEL.D6LUT,32'hFFFFFFFE
u_dut/t_r[1968]_i_1,LUT5,SLICE_X26Y221,SLICEL.A6LUT,32'hFFFFFFFE
u_dut/t_r[1968]_i_2,LUT4,SLICE_X26Y221,SLICEL.B6LUT,16'hA800
u_dut/t_r[1969]_i_1,LUT5,SLICE_X31Y226,SLICEL.A6LUT,32'hFFFFFFFE
u_dut/t_r[196]_i_1,LUT6,SLICE_X33Y223,SLICEL.C6LUT,64'hFE000000AA000000
u_dut/t_r[196]_i_2,LUT5,SLICE_X25Y223,SLICEL.C5LUT,32'hFF00FE00
u_dut/t_r[1970]_i_1,LUT6,SLICE_X29Y221,SLICEL.D6LUT,64'hFFFFFFFFFFFFEEEA
u_dut/t_r[1970]_i_2,LUT4,SLICE_X29Y221,SLICEL.B6LUT,16'hFFFE
u_dut/t_r[1971]_i_1,LUT4,SLICE_X24Y225,SLICEL.A6LUT,16'hFFFE
u_dut/t_r[1972]_i_1,LUT6,SLICE_X18Y223,SLICEM.A6LUT,64'hFFFFFFFFFFFFEEEA
u_dut/t_r[1977]_i_1,LUT5,SLICE_X13Y220,SLICEL.B6LUT,32'hFFFFFFEA
u_dut/t_r[1977]_i_2,LUT5,SLICE_X13Y220,SLICEL.A5LUT,32'hCCC80000
u_dut/t_r[197]_i_1,LUT6,SLICE_X35Y223,SLICEL.D6LUT,64'hFF00800000000000
u_dut/t_r[197]_i_2,LUT2,SLICE_X29Y222,SLICEL.A5LUT,4'hE
u_dut/t_r[1981]_i_1,LUT5,SLICE_X18Y223,SLICEM.B6LUT,32'hFFFFFEAA
u_dut/t_r[1981]_i_2,LUT5,SLICE_X18Y223,SLICEM.C6LUT,32'hFFFFFF80
u_dut/t_r[1983]_i_1,LUT5,SLICE_X22Y219,SLICEM.A6LUT,32'hFFFFFEAA
u_dut/t_r[1983]_i_2,LUT4,SLICE_X22Y219,SLICEM.B6LUT,16'hFF80
u_dut/t_r[1985]_i_1,LUT5,SLICE_X31Y228,SLICEL.A6LUT,32'hFFFFFEAA
u_dut/t_r[1986]_i_1,LUT4,SLICE_X23Y221,SLICEL.A6LUT,16'hFFEA
u_dut/t_r[1989]_i_1,LUT5,SLICE_X29Y221,SLICEL.C6LUT,32'hFFFFEAAA
u_dut/t_r[198]_i_1,LUT6,SLICE_X34Y223,SLICEL.D6LUT,64'hFE00000000000000
u_dut/t_r[198]_i_2,LUT5,SLICE_X34Y223,SLICEL.C5LUT,32'hFFFFFFA8
u_dut/t_r[1991]_i_1,LUT5,SLICE_X24Y225,SLICEL.B6LUT,32'hFFFFEAAA
u_dut/t_r[1993]_i_1,LUT4,SLICE_X23Y221,SLICEL.A5LUT,16'hFFEA
u_dut/t_r[1993]_i_2,LUT6,SLICE_X19Y223,SLICEL.D6LUT,64'hAAAAAAA800000000
u_dut/t_r[1994]_i_1,LUT5,SLICE_X31Y228,SLICEL.A5LUT,32'hFFFFEAAA
u_dut/t_r[1994]_i_2,LUT5,SLICE_X13Y226,SLICEL.C5LUT,32'hFCEC0000
u_dut/t_r[1996]_i_1,LUT5,SLICE_X31Y228,SLICEL.B6LUT,32'hFFFFEAAA
u_dut/t_r[1996]_i_2,LUT3,SLICE_X31Y226,SLICEL.B6LUT,8'h80
u_dut/t_r[1997]_i_1,LUT2,SLICE_X31Y226,SLICEL.A5LUT,4'hE
u_dut/t_r[1998]_i_1,LUT5,SLICE_X29Y221,SLICEL.C5LUT,32'hFFFFAAA8
u_dut/t_r[1998]_i_2,LUT5,SLICE_X29Y221,SLICEL.A5LUT,32'hFFFFFFF8
u_dut/t_r[199]_i_1,LUT6,SLICE_X36Y227,SLICEL.D6LUT,64'hF000000080000000
u_dut/t_r[1]_i_1,LUT6,SLICE_X25Y223,SLICEL.D6LUT,64'hFFFFFEFEFFFEFEFE
u_dut/t_r[2002]_i_1,LUT5,SLICE_X26Y221,SLICEL.C6LUT,32'hFFFFAAA8
u_dut/t_r[2002]_i_2,LUT4,SLICE_X26Y221,SLICEL.B5LUT,16'hFE00
u_dut/t_r[2007]_i_1,LUT4,SLICE_X24Y225,SLICEL.A5LUT,16'hFFA8
u_dut/t_r[2007]_i_2,LUT6,SLICE_X24Y225,SLICEL.D6LUT,64'hFFFAFFEA00000000
u_dut/t_r[2015]_i_1,LUT4,SLICE_X17Y220,SLICEL.A5LUT,16'hFF80
u_dut/t_r[2015]_i_2,LUT6,SLICE_X17Y220,SLICEL.C6LUT,64'hFFFFFFFFFFFAFFEA
u_dut/t_r[2016]_i_1,LUT4,SLICE_X23Y221,SLICEL.B6LUT,16'hFF80
u_dut/t_r[2017]_i_1,LUT5,SLICE_X18Y223,SLICEM.D6LUT,32'hFFFFA800
u_dut/t_r[2017]_i_2,LUT5,SLICE_X18Y223,SLICEM.C5LUT,32'hFFFFC080
u_dut/t_r[2021]_i_1,LUT6,SLICE_X13Y225,SLICEL.B6LUT,64'hFFFFFFFFA8880000
u_dut/t_r[2023]_i_1,LUT6,SLICE_X24Y225,SLICEL.C6LUT,64'hFFFFFFFF88800000
u_dut/t_r[2026]_i_1,LUT5,SLICE_X31Y228,SLICEL.C6LUT,32'hFFFF8000
u_dut/t_r[2028]_i_1,LUT6,SLICE_X22Y219,SLICEM.C6LUT,64'hFFFFFFFF80000000
u_dut/t_r[2030]_i_1,LUT4,SLICE_X23Y221,SLICEL.B5LUT,16'hFE00
u_dut/t_r[2030]_i_2,LUT6,SLICE_X23Y221,SLICEL.C6LUT,64'hFFFFFFFFFFAAFEAA
u_dut/t_r[2033]_i_1,LUT4,SLICE_X27Y221,SLICEL.C5LUT,16'hFE00
u_dut/t_r[2033]_i_2,LUT6,SLICE_X22Y219,SLICEM.D6LUT,64'hFFFFFFFFAA00A800
u_dut/t_r[2034]_i_1,LUT6,SLICE_X13Y225,SLICEL.C6LUT,64'hFFFFFEEE00000000
u_dut/t_r[2034]_i_2,LUT4,SLICE_X29Y221,SLICEL.B5LUT,16'h8000
u_dut/t_r[2035]_i_1,LUT5,SLICE_X31Y226,SLICEL.C6LUT,32'hFFEA0000
u_dut/t_r[2035]_i_2,LUT3,SLICE_X31Y226,SLICEL.B5LUT,8'hFE
u_dut/t_r[2036]_i_1,LUT5,SLICE_X24Y225,SLICEL.B5LUT,32'hFFEA0000
u_dut/t_r[2038]_i_1,LUT5,SLICE_X31Y228,SLICEL.C5LUT,32'hFFEA0000
u_dut/t_r[2038]_i_2,LUT4,SLICE_X27Y226,SLICEL.C5LUT,16'hEA00
u_dut/t_r[203]_i_1,LUT6,SLICE_X32Y225,SLICEL.D6LUT,64'hFFFFFFFFFFA0FF80
u_dut/t_r[203]_i_2,LUT2,SLICE_X31Y225,SLICEL.A6LUT,4'h8
u_dut/t_r[203]_i_3,LUT2,SLICE_X31Y224,SLICEL.D6LUT,4'h8
u_dut/t_r[2041]_i_1,LUT1,SLICE_X17Y222,SLICEL.D6LUT,2'h1
u_dut/t_r[2041]_i_2,LUT5,SLICE_X31Y228,SLICEL.D6LUT,32'hFEAA0000
u_dut/t_r[2041]_i_3,LUT4,SLICE_X22Y219,SLICEM.B5LUT,16'hFFA8
u_dut/t_r[2059]_i_1,LUT5,SLICE_X42Y218,SLICEM.B6LUT,32'hFFFFFFC8
u_dut/t_r[205]_i_1,LUT6,SLICE_X26Y225,SLICEL.C6LUT,64'hFEAAAAAAEEAAAAAA
u_dut/t_r[205]_i_2,LUT4,SLICE_X27Y224,SLICEL.B6LUT,16'hFFFE
u_dut/t_r[2060]_i_1,LUT5,SLICE_X46Y219,SLICEM.A6LUT,32'hFFFFFFFE
u_dut/t_r[2063]_i_1,LUT6,SLICE_X29Y220,SLICEL.D6LUT,64'hFFFFFFFFFFFFAA80
u_dut/t_r[2063]_i_2,LUT2,SLICE_X39Y219,SLICEL.A6LUT,4'h8
u_dut/t_r[206]_i_1,LUT6,SLICE_X26Y226,SLICEL.D6LUT,64'hFEAAAAAAAAAAAAAA
u_dut/t_r[2070]_i_1,LUT5,SLICE_X44Y219,SLICEL.A6LUT,32'hFFAAFEAA
u_dut/t_r[2073]_i_1,LUT6,SLICE_X44Y220,SLICEL.C6LUT,64'hFEEEEEEE00000000
u_dut/t_r[2074]_i_1,LUT6,SLICE_X46Y217,SLICEM.A6LUT,64'hFFAAFFA800000000
u_dut/t_r[2075]_i_1,LUT6,SLICE_X24Y220,SLICEL.C6LUT,64'hFFFFAAAAEAAAAAAA
u_dut/t_r[2075]_i_2,LUT4,SLICE_X24Y220,SLICEL.D6LUT,16'hFFA8
u_dut/t_r[2076]_i_1,LUT6,SLICE_X46Y217,SLICEM.B6LUT,64'hFEEEAAAA00000000
u_dut/t_r[2077]_i_1,LUT4,SLICE_X30Y220,SLICEL.A6LUT,16'hEA00
u_dut/t_r[207]_i_1,LUT5,SLICE_X28Y225,SLICEL.B6LUT,32'hFEAAAAAA
u_dut/t_r[207]_i_2,LUT3,SLICE_X28Y225,SLICEL.C6LUT,8'h80
u_dut/t_r[2080]_i_1,LUT6,SLICE_X46Y217,SLICEM.C6LUT,64'hEAAAAAAA00000000
u_dut/t_r[2082]_i_1,LUT5,SLICE_X24Y220,SLICEL.D5LUT,32'hCCC80000
u_dut/t_r[2083]_i_1,LUT6,SLICE_X30Y220,SLICEL.B6LUT,64'hCCC8C8C800000000
u_dut/t_r[2084]_i_1,LUT4,SLICE_X30Y220,SLICEL.A5LUT,16'hC800
u_dut/t_r[2085]_i_1,LUT6,SLICE_X44Y220,SLICEL.A6LUT,64'hC8C8C88800000000
u_dut/t_r[2086]_i_1,LUT6,SLICE_X46Y217,SLICEM.D6LUT,64'hCCC8888800000000
u_dut/t_r[2087]_i_1,LUT3,SLICE_X42Y218,SLICEM.B5LUT,8'h80
u_dut/t_r[2088]_i_1,LUT6,SLICE_X30Y220,SLICEL.C6LUT,64'hFE00000000000000
u_dut/t_r[208]_i_1,LUT6,SLICE_X27Y227,SLICEL.D6LUT,64'hFFFFFFFF80000000
u_dut/t_r[2090]_i_1,LUT6,SLICE_X44Y216,SLICEL.B6LUT,64'hFAEAEAEAEAEAEAEA
u_dut/t_r[2091]_i_1,LUT6,SLICE_X30Y220,SLICEL.D6LUT,64'h8080000080000000
u_dut/t_r[2092]_i_1,LUT3,SLICE_X41Y216,SLICEL.C6LUT,8'hFE
u_dut/t_r[2092]_i_2,LUT6,SLICE_X44Y220,SLICEL.B6LUT,64'hE000000000000000
u_dut/t_r[2098]_i_1,LUT6,SLICE_X34Y215,SLICEL.D6LUT,64'hFEFEFEEEAAAAAAAA
u_dut/t_r[2099]_i_1,LUT6,SLICE_X42Y215,SLICEM.C6LUT,64'hFEEEEEEE00000000
u_dut/t_r[209]_i_1,LUT6,SLICE_X29Y227,SLICEL.B6LUT,64'hFFFFFFEAFF00FF00
u_dut/t_r[20]_i_1,LUT5,SLICE_X22Y222,SLICEM.C5LUT,32'hFFFFFF80
u_dut/t_r[20]_i_2,LUT6,SLICE_X22Y222,SLICEM.B6LUT,64'h8000000000000000
u_dut/t_r[2101]_i_1,LUT6,SLICE_X36Y216,SLICEL.A6LUT,64'hFAF8F8F800000000
u_dut/t_r[2102]_i_1,LUT4,SLICE_X46Y220,SLICEM.A6LUT,16'hEA00
u_dut/t_r[2103]_i_1,LUT6,SLICE_X46Y220,SLICEM.B6LUT,64'hEAEAEAAA00000000
u_dut/t_r[2104]_i_1,LUT6,SLICE_X49Y219,SLICEL.A6LUT,64'hEAAAAAAA00000000
u_dut/t_r[2106]_i_1,LUT6,SLICE_X36Y216,SLICEL.B6LUT,64'hF0F0F0E000000000
u_dut/t_r[2107]_i_1,LUT6,SLICE_X42Y215,SLICEM.A6LUT,64'hCCC8C8C800000000
u_dut/t_r[2108]_i_1,LUT6,SLICE_X46Y220,SLICEM.C6LUT,64'hCC88C88800000000
u_dut/t_r[2109]_i_1,LUT6,SLICE_X49Y219,SLICEL.B6LUT,64'hCCC8888800000000
u_dut/t_r[2111]_i_1,LUT6,SLICE_X42Y215,SLICEM.B6LUT,64'h8888888088808880
u_dut/t_r[2113]_i_1,LUT6,SLICE_X46Y220,SLICEM.D6LUT,64'h8800880088008000
u_dut/t_r[2114]_i_1,LUT4,SLICE_X41Y216,SLICEL.C5LUT,16'hFEEE
u_dut/t_r[2114]_i_2,LUT5,SLICE_X46Y220,SLICEM.A5LUT,32'h80000000
u_dut/t_r[2115]_i_1,LUT2,SLICE_X32Y215,SLICEL.A6LUT,4'h8
u_dut/t_r[2116]_i_1,LUT6,SLICE_X30Y217,SLICEL.C6LUT,64'hFFFFFFFEFF00FF00
u_dut/t_r[2117]_i_1,LUT6,SLICE_X31Y220,SLICEL.B6LUT,64'hFFFFFFF8FF00FF00
u_dut/t_r[2118]_i_1,LUT6,SLICE_X37Y218,SLICEL.D6LUT,64'hFFFFFFC8FF00FF00
u_dut/t_r[211]_i_1,LUT6,SLICE_X26Y228,SLICEL.D6LUT,64'hFFFEFEFE00000000
u_dut/t_r[211]_i_2,LUT3,SLICE_X26Y227,SLICEL.A6LUT,8'hF8
u_dut/t_r[2120]_i_1,LUT4,SLICE_X35Y216,SLICEL.A6LUT,16'hE000
u_dut/t_r[2121]_i_1,LUT6,SLICE_X48Y218,SLICEL.D6LUT,64'hFEAA000000000000
u_dut/t_r[2122]_i_1,LUT5,SLICE_X35Y216,SLICEL.A5LUT,32'hEA000000
u_dut/t_r[2124]_i_1,LUT6,SLICE_X35Y216,SLICEL.B6LUT,64'hEAAAAAAA00000000
u_dut/t_r[2126]_i_1,LUT6,SLICE_X48Y218,SLICEL.A6LUT,64'hCCC8C8C800000000
u_dut/t_r[2129]_i_1,LUT6,SLICE_X48Y218,SLICEL.B6LUT,64'h8888888888888880
u_dut/t_r[212]_i_1,LUT6,SLICE_X30Y226,SLICEL.C6LUT,64'hFFFF0000FFA80000
u_dut/t_r[2131]_i_1,LUT2,SLICE_X48Y217,SLICEL.C6LUT,4'hE
u_dut/t_r[2131]_i_2,LUT6,SLICE_X48Y218,SLICEL.C6LUT,64'h8800880088008000
u_dut/t_r[2134]_i_1,LUT6,SLICE_X30Y221,SLICEL.C6LUT,64'hFFFFFFFEF0F0F0F0
u_dut/t_r[2136]_i_1,LUT6,SLICE_X34Y219,SLICEL.D6LUT,64'hFFFFFFF8F0F0F0F0
u_dut/t_r[2137]_i_1,LUT3,SLICE_X39Y219,SLICEL.A5LUT,8'hE0
u_dut/t_r[2139]_i_1,LUT4,SLICE_X39Y219,SLICEL.B6LUT,16'hEA00
u_dut/t_r[213]_i_1,LUT6,SLICE_X23Y227,SLICEL.C6LUT,64'hFAAAEAAAEAAAEAAA
u_dut/t_r[2140]_i_1,LUT6,SLICE_X42Y217,SLICEM.B6LUT,64'hFFFFFF80FF00FF00
u_dut/t_r[2141]_i_1,LUT2,SLICE_X48Y217,SLICEL.A6LUT,4'h8
u_dut/t_r[2142]_i_1,LUT5,SLICE_X48Y217,SLICEL.B6LUT,32'hCCC80000
u_dut/t_r[2143]_i_1,LUT4,SLICE_X48Y217,SLICEL.B5LUT,16'hC800
u_dut/t_r[2144]_i_1,LUT6,SLICE_X30Y221,SLICEL.D6LUT,64'hFFF0F8F0F0F0F0F0
u_dut/t_r[2145]_i_1,LUT3,SLICE_X39Y219,SLICEL.B5LUT,8'h80
u_dut/t_r[2148]_i_1,LUT4,SLICE_X48Y217,SLICEL.C5LUT,16'hFAEA
u_dut/t_r[2148]_i_2,LUT6,SLICE_X39Y219,SLICEL.C6LUT,64'hA800000000000000
u_dut/t_r[214]_i_1,LUT6,SLICE_X29Y227,SLICEL.C6LUT,64'hFCCCCCCCECCCCCCC
u_dut/t_r[214]_i_2,LUT3,SLICE_X26Y227,SLICEL.B6LUT,8'hFE
u_dut/t_r[2151]_i_1,LUT6,SLICE_X38Y219,SLICEM.D6LUT,64'hFFEECCCCFEEECCCC
u_dut/t_r[2153]_i_1,LUT6,SLICE_X47Y219,SLICEL.D6LUT,64'hFFAAFFA800000000
u_dut/t_r[2154]_i_1,LUT6,SLICE_X47Y219,SLICEL.A6LUT,64'hFEEEAAAA00000000
u_dut/t_r[2156]_i_1,LUT6,SLICE_X47Y219,SLICEL.B6LUT,64'hEAAAAAAA00000000
u_dut/t_r[2158]_i_1,LUT6,SLICE_X44Y219,SLICEL.B6LUT,64'hFAEAEAEAEAEAEAEA
u_dut/t_r[2159]_i_1,LUT6,SLICE_X47Y219,SLICEL.C6LUT,64'hC8C8C88800000000
u_dut/t_r[215]_i_1,LUT6,SLICE_X29Y227,SLICEL.D6LUT,64'hFCCCCCCCECCCCCCC
u_dut/t_r[215]_i_2,LUT3,SLICE_X17Y229,SLICEL.A6LUT,8'hC8
u_dut/t_r[2161]_i_1,LUT6,SLICE_X33Y219,SLICEL.A6LUT,64'h8000800080000000
u_dut/t_r[2163]_i_1,LUT3,SLICE_X47Y220,SLICEL.D6LUT,8'hF8
u_dut/t_r[2163]_i_2,LUT6,SLICE_X33Y219,SLICEL.B6LUT,64'h8000000000000000
u_dut/t_r[2164]_i_1,LUT6,SLICE_X47Y218,SLICEL.B6LUT,64'hFFFFCC00FFFFC800
u_dut/t_r[2165]_i_1,LUT6,SLICE_X48Y219,SLICEL.B6LUT,64'hFFFFFFF8FF00FF00
u_dut/t_r[2166]_i_1,LUT6,SLICE_X50Y219,SLICEM.C6LUT,64'hFFFFFFC8FF00FF00
u_dut/t_r[2168]_i_1,LUT6,SLICE_X45Y220,SLICEL.D6LUT,64'hFFAAFFA800000000
u_dut/t_r[2169]_i_1,LUT6,SLICE_X51Y219,SLICEL.A6LUT,64'hFAEAEAEAEAEAEAEA
u_dut/t_r[2169]_i_2,LUT3,SLICE_X51Y220,SLICEL.A6LUT,8'hF8
u_dut/t_r[216]_i_1,LUT6,SLICE_X16Y227,SLICEM.C6LUT,64'hFFFF0000FF800000
u_dut/t_r[2171]_i_1,LUT6,SLICE_X45Y220,SLICEL.A6LUT,64'hEAAAAAAA00000000
u_dut/t_r[2173]_i_1,LUT5,SLICE_X51Y220,SLICEL.A5LUT,32'hC8000000
u_dut/t_r[2174]_i_1,LUT6,SLICE_X45Y220,SLICEL.B6LUT,64'hCCC8888800000000
u_dut/t_r[2175]_i_1,LUT6,SLICE_X45Y220,SLICEL.C6LUT,64'h8888888888888880
u_dut/t_r[2177]_i_1,LUT4,SLICE_X47Y220,SLICEL.D5LUT,16'hFF80
u_dut/t_r[2177]_i_2,LUT6,SLICE_X51Y220,SLICEL.B6LUT,64'h8080000080000000
u_dut/t_r[217]_i_1,LUT6,SLICE_X28Y224,SLICEL.C6LUT,64'hFF00F000FE00F000
u_dut/t_r[2181]_i_1,LUT6,SLICE_X42Y220,SLICEM.C6LUT,64'hFEEEAAAA00000000
u_dut/t_r[2182]_i_1,LUT5,SLICE_X32Y215,SLICEL.A5LUT,32'h80808000
u_dut/t_r[2183]_i_1,LUT6,SLICE_X42Y220,SLICEM.A6LUT,64'h8888888080808080
u_dut/t_r[2187]_i_1,LUT6,SLICE_X36Y215,SLICEL.A6LUT,64'hCCC8C8C800000000
u_dut/t_r[2188]_i_1,LUT6,SLICE_X42Y220,SLICEM.B6LUT,64'hC8C8C88800000000
u_dut/t_r[2189]_i_1,LUT6,SLICE_X36Y215,SLICEL.B6LUT,64'hC888888800000000
u_dut/t_r[2189]_i_2,LUT3,SLICE_X51Y215,SLICEL.B6LUT,8'h80
u_dut/t_r[2190]_i_1,LUT6,SLICE_X32Y215,SLICEL.B6LUT,64'hA800000000000000
u_dut/t_r[2191]_i_1,LUT6,SLICE_X36Y215,SLICEL.C6LUT,64'h8000000000000000
u_dut/t_r[2193]_i_1,LUT6,SLICE_X47Y218,SLICEL.C6LUT,64'hFF00FF00FF00FE00
u_dut/t_r[2193]_i_2,LUT4,SLICE_X47Y218,SLICEL.D6LUT,16'hFFFE
u_dut/t_r[2196]_i_1,LUT6,SLICE_X44Y219,SLICEL.C6LUT,64'hFFFFFFF8F0F0F0F0
u_dut/t_r[21]_i_1,LUT6,SLICE_X30Y222,SLICEL.C6LUT,64'hAAAAAAAAAAA8A8A8
u_dut/t_r[2200]_i_1,LUT6,SLICE_X47Y215,SLICEL.A6LUT,64'hFFFFAAAAEEEAAAAA
u_dut/t_r[2201]_i_1,LUT6,SLICE_X46Y215,SLICEM.A6LUT,64'hFEAAEEAAEEAAEEAA
u_dut/t_r[2201]_i_2,LUT3,SLICE_X44Y219,SLICEL.A5LUT,8'hC8
u_dut/t_r[2203]_i_1,LUT6,SLICE_X44Y219,SLICEL.D6LUT,64'hFFFFFFFFAA008000
u_dut/t_r[2203]_i_2,LUT2,SLICE_X49Y217,SLICEL.D6LUT,4'h8
u_dut/t_r[2203]_i_3,LUT4,SLICE_X46Y213,SLICEM.A6LUT,16'hF0E0
u_dut/t_r[220]_i_1,LUT6,SLICE_X16Y226,SLICEM.B6LUT,64'hFEAAAAAAAAAAAAAA
u_dut/t_r[2212]_i_1,LUT5,SLICE_X46Y213,SLICEM.A5LUT,32'hFF00F800
u_dut/t_r[2212]_i_2,LUT6,SLICE_X46Y213,SLICEM.C6LUT,64'hFFFFFFFFF8000000
u_dut/t_r[2213]_i_1,LUT5,SLICE_X49Y218,SLICEL.A6LUT,32'hFF00F800
u_dut/t_r[2218]_i_1,LUT6,SLICE_X51Y219,SLICEL.B6LUT,64'hFFFF0000FF800000
u_dut/t_r[2218]_i_2,LUT3,SLICE_X51Y219,SLICEL.C6LUT,8'hF8
u_dut/t_r[221]_i_1,LUT6,SLICE_X25Y226,SLICEL.C6LUT,64'hFEAAAAAAAAAAAAAA
u_dut/t_r[221]_i_2,LUT4,SLICE_X15Y226,SLICEL.A6LUT,16'hF080
u_dut/t_r[2220]_i_1,LUT6,SLICE_X49Y216,SLICEL.A6LUT,64'hFFFECCCC00000000
u_dut/t_r[2220]_i_2,LUT2,SLICE_X48Y217,SLICEL.A5LUT,4'hE
u_dut/t_r[2220]_i_3,LUT3,SLICE_X49Y216,SLICEL.B6LUT,8'hF8
u_dut/t_r[2221]_i_1,LUT6,SLICE_X50Y218,SLICEM.D6LUT,64'hFEEEAAAA00000000
u_dut/t_r[2222]_i_1,LUT6,SLICE_X50Y218,SLICEM.A6LUT,64'hFFAAFFA800000000
u_dut/t_r[2224]_i_1,LUT6,SLICE_X49Y218,SLICEL.B6LUT,64'hFEEEAAAAEEEEAAAA
u_dut/t_r[2224]_i_2,LUT2,SLICE_X51Y219,SLICEL.C5LUT,4'hE
u_dut/t_r[2224]_i_3,LUT2,SLICE_X49Y216,SLICEL.C6LUT,4'h8
u_dut/t_r[2224]_i_4,LUT2,SLICE_X49Y216,SLICEL.B5LUT,4'h8
u_dut/t_r[2228]_i_1,LUT6,SLICE_X50Y218,SLICEM.B6LUT,64'h8080800080008000
u_dut/t_r[2229]_i_1,LUT4,SLICE_X50Y214,SLICEM.C6LUT,16'hF080
u_dut/t_r[2229]_i_2,LUT6,SLICE_X50Y218,SLICEM.C6LUT,64'h8000800080000000
u_dut/t_r[222]_i_1,LUT6,SLICE_X16Y225,SLICEM.B6LUT,64'hFF00F000F800F000
u_dut/t_r[2233]_i_1,LUT6,SLICE_X48Y215,SLICEL.C6LUT,64'hFAF8F8F800000000
u_dut/t_r[2233]_i_2,LUT3,SLICE_X50Y214,SLICEM.A6LUT,8'h80
u_dut/t_r[2235]_i_1,LUT6,SLICE_X48Y215,SLICEL.A6LUT,64'hEAAA000000000000
u_dut/t_r[2236]_i_1,LUT4,SLICE_X49Y216,SLICEL.C5LUT,16'h8000
u_dut/t_r[2236]_i_2,LUT6,SLICE_X49Y216,SLICEL.D6LUT,64'hFFFF0000F8000000
u_dut/t_r[2237]_i_1,LUT2,SLICE_X50Y214,SLICEM.C5LUT,4'h8
u_dut/t_r[2237]_i_2,LUT6,SLICE_X48Y215,SLICEL.B6LUT,64'h8080808080808000
u_dut/t_r[223]_i_1,LUT6,SLICE_X25Y226,SLICEL.D6LUT,64'hFF00F000F800F000
u_dut/t_r[223]_i_2,LUT4,SLICE_X27Y225,SLICEL.A6LUT,16'hF080
u_dut/t_r[2241]_i_1,LUT5,SLICE_X51Y215,SLICEL.B5LUT,32'hCC00C800
u_dut/t_r[2241]_i_2,LUT5,SLICE_X50Y214,SLICEM.B6LUT,32'hFFFECCCC
u_dut/t_r[2243]_i_1,LUT5,SLICE_X50Y214,SLICEM.A5LUT,32'hCC00C800
u_dut/t_r[2243]_i_2,LUT4,SLICE_X50Y214,SLICEM.B5LUT,16'hF0E0
u_dut/t_r[2244]_i_1,LUT5,SLICE_X46Y219,SLICEM.B6LUT,32'hCC00C800
u_dut/t_r[2248]_i_1,LUT6,SLICE_X46Y219,SLICEM.C6LUT,64'hFEEE0000AAAA0000
u_dut/t_r[2248]_i_2,LUT2,SLICE_X49Y218,SLICEL.A5LUT,4'h8
u_dut/t_r[2248]_i_3,LUT4,SLICE_X47Y218,SLICEL.D5LUT,16'hF0E0
u_dut/t_r[2248]_i_4,LUT2,SLICE_X46Y219,SLICEM.A5LUT,4'h8
u_dut/t_r[224]_i_1,LUT6,SLICE_X16Y225,SLICEM.C6LUT,64'hFFFF000088800000
u_dut/t_r[2253]_i_1,LUT5,SLICE_X46Y219,SLICEM.B5LUT,32'hE0000000
u_dut/t_r[2253]_i_2,LUT6,SLICE_X46Y219,SLICEM.D6LUT,64'hFFFF000088800000
u_dut/t_r[2257]_i_1,LUT5,SLICE_X41Y217,SLICEL.B6LUT,32'hFFFFFFF8
u_dut/t_r[2257]_i_2,LUT6,SLICE_X41Y217,SLICEL.D6LUT,64'hFAEA000000000000
u_dut/t_r[225]_i_1,LUT6,SLICE_X16Y225,SLICEM.D6LUT,64'hFE00AA00AA00AA00
u_dut/t_r[225]_i_2,LUT3,SLICE_X16Y226,SLICEM.C6LUT,8'hC8
u_dut/t_r[2265]_i_1,LUT6,SLICE_X41Y219,SLICEL.A6LUT,64'hFEEEEEEEEEEEEEEE
u_dut/t_r[2269]_i_1,LUT6,SLICE_X44Y213,SLICEL.A6LUT,64'hFFFFFFFEFF00FF00
u_dut/t_r[2271]_i_1,LUT5,SLICE_X44Y217,SLICEL.C6LUT,32'hFFFFF0E0
u_dut/t_r[2271]_i_2,LUT6,SLICE_X44Y216,SLICEL.C6LUT,64'hFFFFFFFFF8000000
u_dut/t_r[2274]_i_1,LUT6,SLICE_X46Y215,SLICEM.B6LUT,64'hFFFFFFFFAA008000
u_dut/t_r[2274]_i_2,LUT4,SLICE_X46Y209,SLICEM.A6LUT,16'hFAEA
u_dut/t_r[2277]_i_1,LUT6,SLICE_X44Y217,SLICEL.D6LUT,64'hFFFFFFFFFF800000
u_dut/t_r[2279]_i_1,LUT6,SLICE_X44Y214,SLICEL.C6LUT,64'hFFFEEEEECCCCCCCC
u_dut/t_r[2279]_i_2,LUT2,SLICE_X42Y214,SLICEM.A6LUT,4'hE
u_dut/t_r[2288]_i_1,LUT6,SLICE_X44Y218,SLICEL.B6LUT,64'hFFFFFFFFE0000000
u_dut/t_r[2288]_i_2,LUT3,SLICE_X45Y218,SLICEL.C6LUT,8'hF8
u_dut/t_r[2289]_i_1,LUT6,SLICE_X44Y215,SLICEL.D6LUT,64'hFFFFFF80FF00FF00
u_dut/t_r[2289]_i_2,LUT4,SLICE_X44Y214,SLICEL.D6LUT,16'hFFA8
u_dut/t_r[2289]_i_3,LUT2,SLICE_X46Y216,SLICEM.A6LUT,4'h8
u_dut/t_r[228]_i_1,LUT6,SLICE_X17Y225,SLICEL.A6LUT,64'hFAEAEAEAEAEAEAEA
u_dut/t_r[228]_i_2,LUT2,SLICE_X17Y225,SLICEL.D6LUT,4'hE
u_dut/t_r[228]_i_3,LUT2,SLICE_X17Y226,SLICEL.A6LUT,4'h8
u_dut/t_r[2292]_i_1,LUT6,SLICE_X42Y219,SLICEM.D6LUT,64'hFFFFFFFE00000000
u_dut/t_r[2293]_i_1,LUT6,SLICE_X42Y219,SLICEM.A6LUT,64'hFFFE000000000000
u_dut/t_r[2295]_i_1,LUT6,SLICE_X41Y218,SLICEL.D6LUT,64'hFFAAFFA800000000
u_dut/t_r[2296]_i_1,LUT6,SLICE_X41Y219,SLICEL.B6LUT,64'hFFFECCCCFEFECCCC
u_dut/t_r[2296]_i_2,LUT3,SLICE_X41Y217,SLICEL.C6LUT,8'hF8
u_dut/t_r[2297]_i_1,LUT6,SLICE_X41Y218,SLICEL.A6LUT,64'hEAAA000000000000
u_dut/t_r[2299]_i_1,LUT6,SLICE_X43Y221,SLICEL.B6LUT,64'hFFCCFECCEECCEECC
u_dut/t_r[229]_i_1,LUT6,SLICE_X16Y226,SLICEM.D6LUT,64'hFFC0C0C0EAC0C0C0
u_dut/t_r[229]_i_2,LUT4,SLICE_X16Y226,SLICEM.C5LUT,16'hFFF8
u_dut/t_r[22]_i_1,LUT6,SLICE_X35Y224,SLICEL.C6LUT,64'hEA00000000000000
u_dut/t_r[2300]_i_1,LUT5,SLICE_X42Y214,SLICEM.A5LUT,32'hC8000000
u_dut/t_r[2301]_i_1,LUT6,SLICE_X41Y218,SLICEL.B6LUT,64'hC8C8C88800000000
u_dut/t_r[2305]_i_1,LUT4,SLICE_X40Y218,SLICEL.D6LUT,16'hFF80
u_dut/t_r[2305]_i_2,LUT6,SLICE_X41Y218,SLICEL.C6LUT,64'h8000000000000000
u_dut/t_r[2306]_i_1,LUT6,SLICE_X44Y218,SLICEL.C6LUT,64'hFCCCFCCCFCCCECCC
u_dut/t_r[2306]_i_2,LUT4,SLICE_X45Y217,SLICEL.A6LUT,16'hFFF8
u_dut/t_r[2308]_i_1,LUT6,SLICE_X44Y218,SLICEL.D6LUT,64'hFFF0FFF0FFF0F8F0
u_dut/t_r[2308]_i_2,LUT3,SLICE_X44Y217,SLICEL.C5LUT,8'h80
u_dut/t_r[2309]_i_1,LUT6,SLICE_X41Y220,SLICEL.A6LUT,64'hFAFAFAF800000000
u_dut/t_r[230]_i_1,LUT6,SLICE_X22Y226,SLICEM.C6LUT,64'hFFC0C0C0EAC0C0C0
u_dut/t_r[2311]_i_1,LUT6,SLICE_X46Y218,SLICEM.B6LUT,64'hFAAAEAAAEAAAEAAA
u_dut/t_r[2311]_i_2,LUT2,SLICE_X45Y218,SLICEL.D6LUT,4'h8
u_dut/t_r[2311]_i_3,LUT3,SLICE_X46Y218,SLICEM.C6LUT,8'hC8
u_dut/t_r[2313]_i_1,LUT6,SLICE_X41Y220,SLICEL.B6LUT,64'hCCC8C8C800000000
u_dut/t_r[2317]_i_1,LUT6,SLICE_X41Y220,SLICEL.C6LUT,64'hE000000000000000
u_dut/t_r[2318]_i_1,LUT6,SLICE_X41Y220,SLICEL.D6LUT,64'h8800880088008000
u_dut/t_r[2319]_i_1,LUT6,SLICE_X42Y219,SLICEM.B6LUT,64'hE000000000000000
u_dut/t_r[231]_i_1,LUT6,SLICE_X28Y226,SLICEL.D6LUT,64'hFFC0C0C0EAC0C0C0
u_dut/t_r[231]_i_2,LUT3,SLICE_X23Y222,SLICEL.A6LUT,8'h80
u_dut/t_r[231]_i_3,LUT3,SLICE_X28Y225,SLICEL.C5LUT,8'h80
u_dut/t_r[2320]_i_1,LUT6,SLICE_X40Y219,SLICEL.D6LUT,64'hFFFF0000FFFE0000
u_dut/t_r[2320]_i_2,LUT5,SLICE_X42Y219,SLICEM.C6LUT,32'hFFFFFFFE
u_dut/t_r[2321]_i_1,LUT6,SLICE_X43Y220,SLICEL.B6LUT,64'hFFFFFFF8FF00FF00
u_dut/t_r[2322]_i_1,LUT6,SLICE_X42Y217,SLICEM.C6LUT,64'hFFFFFFC8FF00FF00
u_dut/t_r[2323]_i_1,LUT6,SLICE_X43Y218,SLICEL.C6LUT,64'hFFFFFFFECCCCCCCC
u_dut/t_r[2324]_i_1,LUT6,SLICE_X39Y217,SLICEL.C6LUT,64'hFFAAFFA800000000
u_dut/t_r[2327]_i_1,LUT6,SLICE_X39Y217,SLICEL.A6LUT,64'hEAAAAAAA00000000
u_dut/t_r[2328]_i_1,LUT6,SLICE_X38Y218,SLICEM.A6LUT,64'hCCC8C8C800000000
u_dut/t_r[2329]_i_1,LUT4,SLICE_X39Y217,SLICEL.B6LUT,16'hC800
u_dut/t_r[232]_i_1,LUT6,SLICE_X22Y226,SLICEM.D6LUT,64'hFFFF000080000000
u_dut/t_r[2330]_i_1,LUT5,SLICE_X38Y218,SLICEM.B6LUT,32'hC8880000
u_dut/t_r[2332]_i_1,LUT4,SLICE_X40Y218,SLICEL.D5LUT,16'hF0E0
u_dut/t_r[2332]_i_2,LUT5,SLICE_X38Y218,SLICEM.B5LUT,32'hA8000000
u_dut/t_r[2336]_i_1,LUT6,SLICE_X41Y219,SLICEL.C6LUT,64'hFFF0FFF0FFF0FEF0
u_dut/t_r[2337]_i_1,LUT6,SLICE_X42Y216,SLICEM.C6LUT,64'hFCCCFCCCFCCCECCC
u_dut/t_r[2338]_i_1,LUT6,SLICE_X42Y216,SLICEM.D6LUT,64'hFFF0FFF0FFF0F8F0
u_dut/t_r[233]_i_1,LUT6,SLICE_X23Y228,SLICEL.D6LUT,64'hFFFF000080000000
u_dut/t_r[233]_i_2,LUT2,SLICE_X15Y226,SLICEL.B6LUT,4'h8
u_dut/t_r[2340]_i_1,LUT6,SLICE_X43Y219,SLICEL.C6LUT,64'h8888888080808080
u_dut/t_r[2341]_i_1,LUT5,SLICE_X43Y219,SLICEL.A6LUT,32'hEA000000
u_dut/t_r[2342]_i_1,LUT6,SLICE_X41Y219,SLICEL.D6LUT,64'hFFFFFF00FF80FF00
u_dut/t_r[2342]_i_2,LUT2,SLICE_X46Y216,SLICEM.D6LUT,4'h8
u_dut/t_r[2343]_i_1,LUT3,SLICE_X43Y219,SLICEL.A5LUT,8'h80
u_dut/t_r[2348]_i_1,LUT3,SLICE_X46Y215,SLICEM.C6LUT,8'hC8
u_dut/t_r[2348]_i_2,LUT6,SLICE_X43Y219,SLICEL.B6LUT,64'h8888888088808880
u_dut/t_r[2353]_i_1,LUT6,SLICE_X43Y217,SLICEL.C6LUT,64'hFFFFFFFE00000000
u_dut/t_r[2354]_i_1,LUT6,SLICE_X41Y221,SLICEL.A6LUT,64'hFFFE000000000000
u_dut/t_r[2355]_i_1,LUT6,SLICE_X42Y218,SLICEM.C6LUT,64'hFF00F800F000F000
u_dut/t_r[2355]_i_2,LUT3,SLICE_X45Y217,SLICEL.B6LUT,8'hF8
u_dut/t_r[2356]_i_1,LUT6,SLICE_X43Y220,SLICEL.C6LUT,64'hFF00F800F000F000
u_dut/t_r[2356]_i_2,LUT3,SLICE_X42Y219,SLICEM.C5LUT,8'hFE
u_dut/t_r[2359]_i_1,LUT6,SLICE_X45Y216,SLICEL.C6LUT,64'hFFFFFF00FFFFF800
u_dut/t_r[2359]_i_2,LUT4,SLICE_X45Y217,SLICEL.A5LUT,16'hF0E0
u_dut/t_r[235]_i_1,LUT5,SLICE_X15Y226,SLICEL.B5LUT,32'hFE000000
u_dut/t_r[2360]_i_1,LUT6,SLICE_X45Y216,SLICEL.D6LUT,64'hFFFFFF00FF80FF00
u_dut/t_r[2360]_i_2,LUT2,SLICE_X45Y214,SLICEL.A6LUT,4'h8
u_dut/t_r[2365]_i_1,LUT6,SLICE_X46Y216,SLICEM.C6LUT,64'hC8C8C88800000000
u_dut/t_r[2368]_i_1,LUT6,SLICE_X45Y217,SLICEL.C6LUT,64'h8080800080008000
u_dut/t_r[2369]_i_1,LUT6,SLICE_X45Y217,SLICEL.D6LUT,64'h8080000080000000
u_dut/t_r[2370]_i_1,LUT4,SLICE_X46Y216,SLICEM.D5LUT,16'hF080
u_dut/t_r[2370]_i_2,LUT6,SLICE_X46Y216,SLICEM.B6LUT,64'hE000000000000000
u_dut/t_r[2372]_i_1,LUT6,SLICE_X45Y214,SLICEL.C6LUT,64'hFEEE000000000000
u_dut/t_r[2374]_i_1,LUT6,SLICE_X47Y214,SLICEL.A6LUT,64'hCCC8000000000000
u_dut/t_r[2375]_i_1,LUT5,SLICE_X45Y214,SLICEL.A5LUT,32'h80000000
u_dut/t_r[2376]_i_1,LUT6,SLICE_X45Y214,SLICEL.D6LUT,64'hFFFF0000E0000000
u_dut/t_r[2376]_i_2,LUT6,SLICE_X45Y214,SLICEL.B6LUT,64'h8000000000000000
u_dut/t_r[2377]_i_1,LUT6,SLICE_X41Y221,SLICEL.B6LUT,64'hFFAAFFA800000000
u_dut/t_r[237]_i_1,LUT6,SLICE_X29Y225,SLICEL.C6LUT,64'hFEEE000000000000
u_dut/t_r[2384]_i_1,LUT6,SLICE_X42Y217,SLICEM.D6LUT,64'hFFF8888888888888
u_dut/t_r[2384]_i_2,LUT3,SLICE_X41Y217,SLICEL.B5LUT,8'h80
u_dut/t_r[2386]_i_1,LUT6,SLICE_X43Y217,SLICEL.A6LUT,64'hC8C8C88800000000
u_dut/t_r[2389]_i_1,LUT6,SLICE_X43Y217,SLICEL.B6LUT,64'h8888888080808080
u_dut/t_r[2391]_i_1,LUT6,SLICE_X41Y221,SLICEL.C6LUT,64'hAA80000000000000
u_dut/t_r[2392]_i_1,LUT2,SLICE_X46Y215,SLICEM.D6LUT,4'h8
u_dut/t_r[2392]_i_2,LUT6,SLICE_X41Y221,SLICEL.D6LUT,64'h8000000000000000
u_dut/t_r[2394]_i_1,LUT6,SLICE_X45Y219,SLICEL.D6LUT,64'hFFFFFFFE00000000
u_dut/t_r[2395]_i_1,LUT6,SLICE_X42Y218,SLICEM.D6LUT,64'hCCCCCCCCCCCCCCC8
u_dut/t_r[2397]_i_1,LUT6,SLICE_X40Y217,SLICEL.C6LUT,64'hCCCCCCCCCCCCCCC8
u_dut/t_r[2397]_i_2,LUT2,SLICE_X41Y217,SLICEL.C5LUT,4'h8
u_dut/t_r[239]_i_1,LUT6,SLICE_X23Y227,SLICEL.D6LUT,64'hFFFF0000FFF80000
u_dut/t_r[239]_i_2,LUT2,SLICE_X26Y227,SLICEL.B5LUT,4'hE
u_dut/t_r[23]_i_1,LUT6,SLICE_X12Y224,SLICEM.A6LUT,64'h8888888080808080
u_dut/t_r[2401]_i_1,LUT5,SLICE_X46Y216,SLICEM.A5LUT,32'hEA000000
u_dut/t_r[2408]_i_1,LUT6,SLICE_X46Y213,SLICEM.B6LUT,64'hC888000000000000
u_dut/t_r[240]_i_1,LUT6,SLICE_X28Y225,SLICEL.D6LUT,64'hFFFF0000FFF80000
u_dut/t_r[240]_i_2,LUT4,SLICE_X21Y230,SLICEL.A6LUT,16'hF0E0
u_dut/t_r[2411]_i_1,LUT6,SLICE_X47Y216,SLICEL.A6LUT,64'h8888888080808080
u_dut/t_r[2413]_i_1,LUT6,SLICE_X47Y216,SLICEL.B6LUT,64'h8080800080008000
u_dut/t_r[2414]_i_1,LUT4,SLICE_X46Y215,SLICEM.C5LUT,16'hE000
u_dut/t_r[2414]_i_2,LUT6,SLICE_X47Y216,SLICEL.C6LUT,64'h8000000000000000
u_dut/t_r[2419]_i_1,LUT6,SLICE_X43Y220,SLICEL.D6LUT,64'hFF00AA00FE00AA00
u_dut/t_r[2419]_i_2,LUT3,SLICE_X46Y218,SLICEM.C5LUT,8'h80
u_dut/t_r[241]_i_1,LUT6,SLICE_X19Y228,SLICEL.D6LUT,64'hFFFF0000FFF80000
u_dut/t_r[241]_i_2,LUT4,SLICE_X21Y230,SLICEL.B6LUT,16'h8880
u_dut/t_r[241]_i_3,LUT2,SLICE_X30Y225,SLICEL.A6LUT,4'h8
u_dut/t_r[2420]_i_1,LUT6,SLICE_X44Y221,SLICEL.B6LUT,64'hFAFAFAF800000000
u_dut/t_r[2421]_i_1,LUT6,SLICE_X44Y221,SLICEL.C6LUT,64'hFEAA000000000000
u_dut/t_r[2422]_i_1,LUT6,SLICE_X41Y215,SLICEL.B6LUT,64'hFEAA0000EEAA0000
u_dut/t_r[2422]_i_2,LUT4,SLICE_X44Y214,SLICEL.D5LUT,16'hFF80
u_dut/t_r[2423]_i_1,LUT6,SLICE_X45Y219,SLICEL.A6LUT,64'hEAAA000000000000
u_dut/t_r[2425]_i_1,LUT6,SLICE_X43Y221,SLICEL.C6LUT,64'hFAFAFAEAAAAAAAAA
u_dut/t_r[2425]_i_2,LUT3,SLICE_X45Y218,SLICEL.C5LUT,8'h80
u_dut/t_r[2425]_i_3,LUT2,SLICE_X45Y217,SLICEL.B5LUT,4'hE
u_dut/t_r[2425]_i_4,LUT2,SLICE_X39Y217,SLICEL.B5LUT,4'hE
u_dut/t_r[2428]_i_1,LUT6,SLICE_X45Y219,SLICEL.B6LUT,64'hC888000000000000
u_dut/t_r[242]_i_1,LUT6,SLICE_X20Y227,SLICEM.C6LUT,64'h8888888888888880
u_dut/t_r[2432]_i_1,LUT3,SLICE_X45Y218,SLICEL.D5LUT,8'h80
u_dut/t_r[2432]_i_2,LUT6,SLICE_X45Y219,SLICEL.C6LUT,64'h8800880088008000
u_dut/t_r[2435]_i_1,LUT6,SLICE_X43Y221,SLICEL.D6LUT,64'hFFFFFFFE00000000
u_dut/t_r[2436]_i_1,LUT6,SLICE_X46Y221,SLICEM.D6LUT,64'hFFFE000000000000
u_dut/t_r[243]_i_1,LUT5,SLICE_X20Y227,SLICEM.A6LUT,32'h80808000
u_dut/t_r[2442]_i_1,LUT5,SLICE_X46Y209,SLICEM.A5LUT,32'hC0008000
u_dut/t_r[2442]_i_2,LUT6,SLICE_X46Y209,SLICEM.B6LUT,64'hFFFFFFFF80000000
u_dut/t_r[244]_i_1,LUT4,SLICE_X20Y227,SLICEM.A5LUT,16'h8000
u_dut/t_r[245]_i_1,LUT6,SLICE_X20Y227,SLICEM.B6LUT,64'h8800800080008000
u_dut/t_r[246]_i_1,LUT6,SLICE_X15Y227,SLICEL.B6LUT,64'hF000F000F0008000
u_dut/t_r[246]_i_2,LUT6,SLICE_X15Y228,SLICEL.A6LUT,64'h8000000000000000
u_dut/t_r[247]_i_1,LUT6,SLICE_X15Y226,SLICEL.C6LUT,64'h8080808080808000
u_dut/t_r[248]_i_1,LUT5,SLICE_X29Y225,SLICEL.A6LUT,32'h80000000
u_dut/t_r[2490]_i_1,LUT6,SLICE_X34Y213,SLICEL.D6LUT,64'hFFFFFFFFAAAAA888
u_dut/t_r[2491]_i_1,LUT4,SLICE_X33Y213,SLICEL.A6LUT,16'hFFA8
u_dut/t_r[2491]_i_2,LUT6,SLICE_X33Y213,SLICEL.B6LUT,64'hFFFFFFFFA0800000
u_dut/t_r[249]_i_1,LUT5,SLICE_X29Y225,SLICEL.D6LUT,32'h80000000
u_dut/t_r[24]_i_1,LUT6,SLICE_X12Y224,SLICEM.B6LUT,64'hEAAA000000000000
u_dut/t_r[2504]_i_1,LUT6,SLICE_X37Y217,SLICEL.A6LUT,64'hFFFFFFFFAAA80000
u_dut/t_r[250]_i_1,LUT6,SLICE_X29Y225,SLICEL.B6LUT,64'h8000000000000000
u_dut/t_r[2513]_i_1,LUT5,SLICE_X27Y216,SLICEL.B6LUT,32'hFFFF8000
u_dut/t_r[2514]_i_1,LUT6,SLICE_X37Y216,SLICEL.A6LUT,64'hFFFFFFFF80000000
u_dut/t_r[2518]_i_1,LUT6,SLICE_X37Y216,SLICEL.B6LUT,64'hFFFFFFFE00000000
u_dut/t_r[251]_i_1,LUT4,SLICE_X17Y225,SLICEL.B6LUT,16'hE000
u_dut/t_r[251]_i_2,LUT6,SLICE_X15Y226,SLICEL.D6LUT,64'h8000000000000000
u_dut/t_r[2521]_i_1,LUT4,SLICE_X42Y214,SLICEM.B6LUT,16'hFE00
u_dut/t_r[2528]_i_1,LUT6,SLICE_X38Y211,SLICEM.A6LUT,64'hFFFFEAAA00000000
u_dut/t_r[2528]_i_2,LUT3,SLICE_X37Y211,SLICEL.A6LUT,8'hFE
u_dut/t_r[252]_i_1,LUT6,SLICE_X20Y224,SLICEM.C6LUT,64'hFFFE000000000000
u_dut/t_r[2536]_i_1,LUT6,SLICE_X27Y216,SLICEL.A6LUT,64'hFEEEAAAA00000000
u_dut/t_r[2537]_i_1,LUT6,SLICE_X37Y217,SLICEL.B6LUT,64'hFEEEAAAA00000000
u_dut/t_r[2537]_i_2,LUT2,SLICE_X37Y216,SLICEL.C6LUT,4'h8
u_dut/t_r[2548]_i_1,LUT5,SLICE_X34Y213,SLICEL.A6LUT,32'hAAA80000
u_dut/t_r[254]_i_1,LUT6,SLICE_X17Y226,SLICEL.B6LUT,64'hEAAA000000000000
u_dut/t_r[2550]_i_1,LUT6,SLICE_X34Y213,SLICEL.B6LUT,64'hAAAAA88800000000
u_dut/t_r[2550]_i_2,LUT3,SLICE_X37Y213,SLICEL.A6LUT,8'hE0
u_dut/t_r[2552]_i_1,LUT6,SLICE_X37Y216,SLICEL.D6LUT,64'hAAAA888000000000
u_dut/t_r[2553]_i_1,LUT6,SLICE_X37Y217,SLICEL.C6LUT,64'hAAAA888000000000
u_dut/t_r[2559]_i_1,LUT6,SLICE_X42Y214,SLICEM.C6LUT,64'hAAA8000000000000
u_dut/t_r[255]_i_1,LUT6,SLICE_X20Y224,SLICEM.A6LUT,64'hC800000000000000
u_dut/t_r[2561]_i_1,LUT4,SLICE_X33Y213,SLICEL.A5LUT,16'h8000
u_dut/t_r[2562]_i_1,LUT4,SLICE_X42Y214,SLICEM.B5LUT,16'h8000
u_dut/t_r[2562]_i_2,LUT6,SLICE_X36Y213,SLICEL.D6LUT,64'hFFFFFFFFAAAAAA80
u_dut/t_r[256]_i_1,LUT5,SLICE_X17Y226,SLICEL.A5LUT,32'h80000000
u_dut/t_r[2570]_i_1,LUT6,SLICE_X34Y213,SLICEL.C6LUT,64'h8000000000000000
u_dut/t_r[2575]_i_1,LUT5,SLICE_X36Y213,SLICEL.C6LUT,32'hFFFFFFFE
u_dut/t_r[257]_i_1,LUT6,SLICE_X17Y225,SLICEL.C6LUT,64'hFFA8000000000000
u_dut/t_r[257]_i_2,LUT6,SLICE_X20Y224,SLICEM.B6LUT,64'h8000000000000000
u_dut/t_r[2580]_i_1,LUT6,SLICE_X38Y216,SLICEM.C6LUT,64'hFFFFFFFFFFFFEEEA
u_dut/t_r[2582]_i_1,LUT5,SLICE_X37Y213,SLICEL.B6LUT,32'hFFFFFFEA
u_dut/t_r[2582]_i_2,LUT5,SLICE_X37Y213,SLICEL.C6LUT,32'hFFFE0000
u_dut/t_r[2583]_i_1,LUT6,SLICE_X39Y213,SLICEL.A6LUT,64'hFFFFFFFFFFFFEAAA
u_dut/t_r[2583]_i_2,LUT4,SLICE_X36Y213,SLICEL.A6LUT,16'hFFC8
u_dut/t_r[258]_i_1,LUT6,SLICE_X31Y225,SLICEL.D6LUT,64'h8888888888888880
u_dut/t_r[2590]_i_1,LUT6,SLICE_X38Y216,SLICEM.A6LUT,64'hFFFFFFFFFEEEAAAA
u_dut/t_r[2590]_i_2,LUT3,SLICE_X37Y211,SLICEL.A5LUT,8'hF8
u_dut/t_r[2594]_i_1,LUT6,SLICE_X36Y213,SLICEL.B6LUT,64'hFFFFFFFFEEEAAAAA
u_dut/t_r[2594]_i_2,LUT4,SLICE_X36Y213,SLICEL.A5LUT,16'hFE00
u_dut/t_r[259]_i_1,LUT6,SLICE_X31Y222,SLICEL.A6LUT,64'h8000800080000000
u_dut/t_r[2602]_i_1,LUT4,SLICE_X38Y216,SLICEM.D6LUT,16'hFFA8
u_dut/t_r[2602]_i_2,LUT6,SLICE_X33Y213,SLICEL.C6LUT,64'hFFFFFFFFEAAAAAAA
u_dut/t_r[2603]_i_1,LUT6,SLICE_X38Y216,SLICEM.B6LUT,64'hFFFFFFFFAAAAA888
u_dut/t_r[2603]_i_2,LUT2,SLICE_X37Y216,SLICEL.C5LUT,4'hE
u_dut/t_r[260]_i_1,LUT6,SLICE_X31Y222,SLICEL.B6LUT,64'h8080800080008000
u_dut/t_r[2612]_i_1,LUT6,SLICE_X37Y213,SLICEL.D6LUT,64'hFFFFFFFFAAAA8000
u_dut/t_r[2612]_i_2,LUT4,SLICE_X37Y213,SLICEL.A5LUT,16'h8000
u_dut/t_r[261]_i_1,LUT5,SLICE_X31Y225,SLICEL.B6LUT,32'h80000000
u_dut/t_r[2622]_i_1,LUT1,SLICE_X42Y214,SLICEM.D6LUT,2'h1
u_dut/t_r[2622]_i_2,LUT5,SLICE_X39Y213,SLICEL.B6LUT,32'hFFFF8000
u_dut/t_r[2622]_i_3,LUT5,SLICE_X37Y213,SLICEL.C5LUT,32'hFEEE0000
u_dut/t_r[262]_i_1,LUT5,SLICE_X31Y225,SLICEL.A5LUT,32'h80000000
u_dut/t_r[263]_i_1,LUT6,SLICE_X31Y225,SLICEL.C6LUT,64'hE000000000000000
u_dut/t_r[264]_i_1,LUT5,SLICE_X31Y224,SLICEL.D5LUT,32'hF8000000
u_dut/t_r[264]_i_2,LUT6,SLICE_X31Y222,SLICEL.C6LUT,64'h8000000000000000
u_dut/t_r[2655]_i_1,LUT4,SLICE_X57Y222,SLICEL.A6LUT,16'hFFF8
u_dut/t_r[2656]_i_1,LUT2,SLICE_X60Y218,SLICEL.A6LUT,4'hE
u_dut/t_r[2657]_i_1,LUT4,SLICE_X59Y220,SLICEL.A6LUT,16'hFFA8
u_dut/t_r[2658]_i_1,LUT3,SLICE_X60Y218,SLICEL.A5LUT,8'hF8
u_dut/t_r[2659]_i_1,LUT4,SLICE_X59Y220,SLICEL.B6LUT,16'hFF80
u_dut/t_r[265]_i_1,LUT6,SLICE_X29Y228,SLICEL.D6LUT,64'h8888888888888880
u_dut/t_r[2661]_i_1,LUT4,SLICE_X60Y219,SLICEL.A6LUT,16'hF0E0
u_dut/t_r[2662]_i_1,LUT3,SLICE_X62Y219,SLICEM.A6LUT,8'hC8
u_dut/t_r[2663]_i_1,LUT4,SLICE_X57Y222,SLICEL.A5LUT,16'hF080
u_dut/t_r[2664]_i_1,LUT2,SLICE_X38Y222,SLICEM.D6LUT,4'h8
u_dut/t_r[2665]_i_1,LUT4,SLICE_X59Y220,SLICEL.A5LUT,16'h8880
u_dut/t_r[2666]_i_1,LUT3,SLICE_X55Y220,SLICEL.A6LUT,8'h80
u_dut/t_r[2667]_i_1,LUT6,SLICE_X59Y220,SLICEL.D6LUT,64'hFFFFFFFFFFFFFFFE
u_dut/t_r[2667]_i_2,LUT4,SLICE_X59Y220,SLICEL.B5LUT,16'h8000
u_dut/t_r[2668]_i_1,LUT2,SLICE_X60Y220,SLICEL.A6LUT,4'hE
u_dut/t_r[2669]_i_1,LUT5,SLICE_X49Y220,SLICEL.A6LUT,32'hFFFE0000
u_dut/t_r[266]_i_1,LUT6,SLICE_X30Y225,SLICEL.B6LUT,64'h8888888088808880
u_dut/t_r[2671]_i_1,LUT5,SLICE_X49Y220,SLICEL.A5LUT,32'hFEEE0000
u_dut/t_r[2672]_i_1,LUT3,SLICE_X49Y220,SLICEL.B6LUT,8'hE0
u_dut/t_r[2674]_i_1,LUT5,SLICE_X56Y223,SLICEM.A6LUT,32'hFFFFAA80
u_dut/t_r[2675]_i_1,LUT6,SLICE_X56Y223,SLICEM.C6LUT,64'hFFFFFFFFAAAA8000
u_dut/t_r[2676]_i_1,LUT2,SLICE_X61Y221,SLICEL.A6LUT,4'h8
u_dut/t_r[2678]_i_1,LUT4,SLICE_X62Y219,SLICEM.A5LUT,16'hC800
u_dut/t_r[2679]_i_1,LUT5,SLICE_X61Y220,SLICEL.C6LUT,32'hFFFFFFFE
u_dut/t_r[2679]_i_2,LUT3,SLICE_X49Y220,SLICEL.B5LUT,8'h80
u_dut/t_r[267]_i_1,LUT6,SLICE_X30Y225,SLICEL.C6LUT,64'h8888888080808080
u_dut/t_r[2680]_i_1,LUT6,SLICE_X58Y223,SLICEM.A6LUT,64'hFFFFFFFF88800000
u_dut/t_r[2681]_i_1,LUT6,SLICE_X58Y216,SLICEM.D6LUT,64'hFFFFFFFF80000000
u_dut/t_r[2682]_i_1,LUT6,SLICE_X58Y223,SLICEM.B6LUT,64'hFFFF0000FFFE0000
u_dut/t_r[2683]_i_1,LUT5,SLICE_X55Y220,SLICEL.B6LUT,32'hFEEE0000
u_dut/t_r[2684]_i_1,LUT5,SLICE_X55Y220,SLICEL.B5LUT,32'hFEAA0000
u_dut/t_r[2685]_i_1,LUT5,SLICE_X55Y220,SLICEL.C6LUT,32'hEAAA0000
u_dut/t_r[2686]_i_1,LUT4,SLICE_X55Y220,SLICEL.A5LUT,16'hC800
u_dut/t_r[2687]_i_1,LUT4,SLICE_X56Y223,SLICEM.B6LUT,16'hF080
u_dut/t_r[2688]_i_1,LUT6,SLICE_X55Y220,SLICEL.D6LUT,64'hFFFFFFFEFFFEFFFE
u_dut/t_r[2688]_i_2,LUT5,SLICE_X55Y220,SLICEL.C5LUT,32'h80000000
u_dut/t_r[2689]_i_1,LUT5,SLICE_X56Y223,SLICEM.A5LUT,32'hFE000000
u_dut/t_r[268]_i_1,LUT6,SLICE_X29Y228,SLICEL.A6LUT,64'h8880808080808080
u_dut/t_r[2690]_i_1,LUT6,SLICE_X58Y223,SLICEM.C6LUT,64'hFEAA000000000000
u_dut/t_r[2691]_i_1,LUT6,SLICE_X58Y223,SLICEM.D6LUT,64'hCCC8000000000000
u_dut/t_r[2692]_i_1,LUT4,SLICE_X56Y223,SLICEM.D6LUT,16'hFFFE
u_dut/t_r[2692]_i_2,LUT4,SLICE_X56Y223,SLICEM.B5LUT,16'h8000
u_dut/t_r[2694]_i_1,LUT6,SLICE_X60Y223,SLICEL.A6LUT,64'hFFFFFFFEF0F0F0F0
u_dut/t_r[2695]_i_1,LUT6,SLICE_X60Y222,SLICEL.D6LUT,64'hFFAAFEAA00000000
u_dut/t_r[2696]_i_1,LUT6,SLICE_X60Y221,SLICEL.B6LUT,64'hFFFFFFA8FF00FF00
u_dut/t_r[2697]_i_1,LUT6,SLICE_X62Y222,SLICEM.A6LUT,64'hFFFEAAAA00000000
u_dut/t_r[2698]_i_1,LUT4,SLICE_X59Y218,SLICEL.A6LUT,16'hEA00
u_dut/t_r[2699]_i_1,LUT6,SLICE_X59Y221,SLICEL.B6LUT,64'hFEEEAAAAEEEEAAAA
u_dut/t_r[269]_i_1,LUT5,SLICE_X30Y225,SLICEL.A5LUT,32'h80000000
u_dut/t_r[26]_i_1,LUT6,SLICE_X30Y222,SLICEL.A6LUT,64'hA080A080A0808080
u_dut/t_r[2700]_i_1,LUT6,SLICE_X60Y222,SLICEL.A6LUT,64'hCCCCCCC800000000
u_dut/t_r[2701]_i_1,LUT5,SLICE_X60Y220,SLICEL.A5LUT,32'hFEAAAAAA
u_dut/t_r[2702]_i_1,LUT5,SLICE_X60Y222,SLICEL.B6LUT,32'hC8880000
u_dut/t_r[2703]_i_1,LUT6,SLICE_X60Y222,SLICEL.C6LUT,64'h8080808080808000
u_dut/t_r[2704]_i_1,LUT4,SLICE_X60Y222,SLICEL.B5LUT,16'h8000
u_dut/t_r[2705]_i_1,LUT3,SLICE_X59Y221,SLICEL.D6LUT,8'hFE
u_dut/t_r[2705]_i_2,LUT6,SLICE_X61Y223,SLICEL.A6LUT,64'h8000000000000000
u_dut/t_r[2706]_i_1,LUT6,SLICE_X58Y222,SLICEM.B6LUT,64'hFFFFFFCCFFFFFECC
u_dut/t_r[2707]_i_1,LUT6,SLICE_X58Y222,SLICEM.C6LUT,64'hFFFFFFCCFFFFFECC
u_dut/t_r[2708]_i_1,LUT6,SLICE_X54Y218,SLICEM.D6LUT,64'hFFFEAAAA00000000
u_dut/t_r[2709]_i_1,LUT5,SLICE_X56Y218,SLICEM.B6LUT,32'hFEAAEEAA
u_dut/t_r[270]_i_1,LUT5,SLICE_X30Y225,SLICEL.D6LUT,32'h80000000
u_dut/t_r[2710]_i_1,LUT6,SLICE_X54Y218,SLICEM.A6LUT,64'hCCCCCCC800000000
u_dut/t_r[2711]_i_1,LUT4,SLICE_X51Y215,SLICEL.C6LUT,16'hC800
u_dut/t_r[2712]_i_1,LUT6,SLICE_X59Y221,SLICEL.C6LUT,64'hFEEEAAAAAAAAAAAA
u_dut/t_r[2713]_i_1,LUT6,SLICE_X54Y218,SLICEM.B6LUT,64'h8880808080808080
u_dut/t_r[2714]_i_1,LUT4,SLICE_X59Y221,SLICEL.D5LUT,16'hFFEA
u_dut/t_r[2714]_i_2,LUT6,SLICE_X54Y218,SLICEM.C6LUT,64'h8000000000000000
u_dut/t_r[2715]_i_1,LUT6,SLICE_X60Y220,SLICEL.B6LUT,64'hFFFCFCFCFEFCFCFC
u_dut/t_r[2716]_i_1,LUT6,SLICE_X54Y222,SLICEM.C6LUT,64'hFFFCFCFCFEFCFCFC
u_dut/t_r[2717]_i_1,LUT5,SLICE_X60Y218,SLICEL.B6LUT,32'hEA000000
u_dut/t_r[2718]_i_1,LUT6,SLICE_X60Y218,SLICEL.D6LUT,64'hEEEAAAAA00000000
u_dut/t_r[2719]_i_1,LUT6,SLICE_X56Y220,SLICEM.B6LUT,64'hFFFEEEEEEEEEEEEE
u_dut/t_r[271]_i_1,LUT6,SLICE_X29Y228,SLICEL.B6LUT,64'hE000000000000000
u_dut/t_r[2720]_i_1,LUT6,SLICE_X60Y220,SLICEL.C6LUT,64'hFFFEEEEEEEEEEEEE
u_dut/t_r[2720]_i_2,LUT2,SLICE_X60Y218,SLICEL.B5LUT,4'h8
u_dut/t_r[2721]_i_1,LUT6,SLICE_X59Y217,SLICEL.A6LUT,64'h8000800080000000
u_dut/t_r[2722]_i_1,LUT2,SLICE_X59Y217,SLICEL.B6LUT,4'hE
u_dut/t_r[2722]_i_2,LUT6,SLICE_X60Y218,SLICEL.C6LUT,64'h8000000000000000
u_dut/t_r[2723]_i_1,LUT6,SLICE_X49Y215,SLICEL.D6LUT,64'hFFFFFFEA00000000
u_dut/t_r[2724]_i_1,LUT6,SLICE_X49Y215,SLICEL.A6LUT,64'hFFAAFEAA00000000
u_dut/t_r[2725]_i_1,LUT6,SLICE_X50Y219,SLICEM.D6LUT,64'hFFAAFEAAFEAAFEAA
u_dut/t_r[2726]_i_1,LUT4,SLICE_X38Y220,SLICEM.A6LUT,16'h8880
u_dut/t_r[2727]_i_1,LUT6,SLICE_X61Y220,SLICEL.B6LUT,64'h8800880088008000
u_dut/t_r[2728]_i_1,LUT4,SLICE_X38Y220,SLICEM.A5LUT,16'h8000
u_dut/t_r[2729]_i_1,LUT5,SLICE_X61Y220,SLICEL.C5LUT,32'hFFFFF0E0
u_dut/t_r[2729]_i_2,LUT6,SLICE_X61Y220,SLICEL.A6LUT,64'h8000000000000000
u_dut/t_r[272]_i_1,LUT6,SLICE_X30Y226,SLICEL.D6LUT,64'hFF80000000000000
u_dut/t_r[272]_i_2,LUT6,SLICE_X29Y228,SLICEL.C6LUT,64'h8000000000000000
u_dut/t_r[272]_i_3,LUT3,SLICE_X31Y225,SLICEL.B5LUT,8'h80
u_dut/t_r[2730]_i_1,LUT6,SLICE_X34Y222,SLICEL.D6LUT,64'h8888888888888880
u_dut/t_r[2731]_i_1,LUT6,SLICE_X33Y222,SLICEL.A6LUT,64'h8888888088808880
u_dut/t_r[2732]_i_1,LUT4,SLICE_X34Y222,SLICEL.A6LUT,16'h8880
u_dut/t_r[2733]_i_1,LUT6,SLICE_X32Y222,SLICEL.A6LUT,64'h8888888080808080
u_dut/t_r[2734]_i_1,LUT5,SLICE_X34Y222,SLICEL.A5LUT,32'h88808080
u_dut/t_r[2735]_i_1,LUT6,SLICE_X32Y222,SLICEL.B6LUT,64'h8880808080808080
u_dut/t_r[2736]_i_1,LUT3,SLICE_X33Y222,SLICEL.D6LUT,8'h80
u_dut/t_r[2737]_i_1,LUT6,SLICE_X34Y222,SLICEL.B6LUT,64'h8800880088008000
u_dut/t_r[2738]_i_1,LUT5,SLICE_X32Y222,SLICEL.C6LUT,32'h88008000
u_dut/t_r[2739]_i_1,LUT6,SLICE_X33Y222,SLICEL.B6LUT,64'hC888000000000000
u_dut/t_r[273]_i_1,LUT6,SLICE_X27Y225,SLICEL.D6LUT,64'h8000000000000000
u_dut/t_r[2741]_i_1,LUT6,SLICE_X34Y222,SLICEL.C6LUT,64'hE000000000000000
u_dut/t_r[2742]_i_1,LUT5,SLICE_X32Y222,SLICEL.C5LUT,32'h80000000
u_dut/t_r[2743]_i_1,LUT6,SLICE_X32Y222,SLICEL.D6LUT,64'hFFFFFFFFFF00F800
u_dut/t_r[2743]_i_2,LUT6,SLICE_X33Y222,SLICEL.C6LUT,64'h8000000000000000
u_dut/t_r[2744]_i_1,LUT3,SLICE_X49Y215,SLICEL.B6LUT,8'h80
u_dut/t_r[2745]_i_1,LUT6,SLICE_X35Y218,SLICEL.A6LUT,64'h8888888888888880
u_dut/t_r[2746]_i_1,LUT6,SLICE_X33Y220,SLICEL.A6LUT,64'h8080808080808000
u_dut/t_r[2747]_i_1,LUT6,SLICE_X33Y220,SLICEL.B6LUT,64'h8888888088808880
u_dut/t_r[2748]_i_1,LUT5,SLICE_X49Y215,SLICEL.B5LUT,32'h80808000
u_dut/t_r[2749]_i_1,LUT6,SLICE_X33Y220,SLICEL.C6LUT,64'h8888888080808080
u_dut/t_r[2750]_i_1,LUT6,SLICE_X49Y215,SLICEL.C6LUT,64'h8080800080008000
u_dut/t_r[2751]_i_1,LUT6,SLICE_X33Y220,SLICEL.D6LUT,64'h8880808080808080
u_dut/t_r[2752]_i_1,LUT6,SLICE_X35Y218,SLICEL.B6LUT,64'h8800880088008000
u_dut/t_r[2753]_i_1,LUT6,SLICE_X35Y218,SLICEL.C6LUT,64'h8800800080008000
u_dut/t_r[2754]_i_1,LUT4,SLICE_X50Y215,SLICEM.D6LUT,16'hFAEA
u_dut/t_r[2754]_i_2,LUT6,SLICE_X35Y218,SLICEL.D6LUT,64'hE000000000000000
u_dut/t_r[2755]_i_1,LUT2,SLICE_X45Y221,SLICEL.A6LUT,4'h8
u_dut/t_r[2756]_i_1,LUT6,SLICE_X27Y211,SLICEL.A6LUT,64'hFEEE000000000000
u_dut/t_r[2757]_i_1,LUT5,SLICE_X27Y222,SLICEL.A6LUT,32'hEA000000
u_dut/t_r[2758]_i_1,LUT3,SLICE_X38Y222,SLICEM.D5LUT,8'h80
u_dut/t_r[2759]_i_1,LUT5,SLICE_X27Y222,SLICEL.A5LUT,32'hC8000000
u_dut/t_r[275]_i_1,LUT6,SLICE_X21Y225,SLICEL.A6LUT,64'h8000800080000000
u_dut/t_r[2760]_i_1,LUT4,SLICE_X27Y222,SLICEL.B6LUT,16'h8000
u_dut/t_r[2761]_i_1,LUT6,SLICE_X27Y222,SLICEL.C6LUT,64'hE000000000000000
u_dut/t_r[2762]_i_1,LUT5,SLICE_X27Y222,SLICEL.B5LUT,32'h80000000
u_dut/t_r[2763]_i_1,LUT6,SLICE_X27Y211,SLICEL.C6LUT,64'hFFFFFFA8FF00FF00
u_dut/t_r[2763]_i_2,LUT6,SLICE_X27Y222,SLICEL.D6LUT,64'h8000000000000000
u_dut/t_r[2764]_i_1,LUT4,SLICE_X49Y217,SLICEL.A6LUT,16'hE000
u_dut/t_r[2765]_i_1,LUT6,SLICE_X35Y215,SLICEL.B6LUT,64'h8888888888888880
u_dut/t_r[2766]_i_1,LUT6,SLICE_X45Y221,SLICEL.B6LUT,64'h8080808080808000
u_dut/t_r[2768]_i_1,LUT5,SLICE_X35Y222,SLICEL.A6LUT,32'h80808000
u_dut/t_r[2769]_i_1,LUT6,SLICE_X35Y215,SLICEL.A6LUT,64'h8888888080808080
u_dut/t_r[2770]_i_1,LUT6,SLICE_X52Y221,SLICEM.A6LUT,64'h8080800080008000
u_dut/t_r[2771]_i_1,LUT6,SLICE_X52Y221,SLICEM.B6LUT,64'h8880808080808080
u_dut/t_r[2772]_i_1,LUT4,SLICE_X45Y221,SLICEL.A5LUT,16'h8000
u_dut/t_r[2773]_i_1,LUT6,SLICE_X35Y222,SLICEL.B6LUT,64'h8800880088008000
u_dut/t_r[2774]_i_1,LUT6,SLICE_X35Y222,SLICEL.C6LUT,64'h8080000080000000
u_dut/t_r[2775]_i_1,LUT6,SLICE_X35Y222,SLICEL.D6LUT,64'h8800800080008000
u_dut/t_r[2776]_i_1,LUT5,SLICE_X35Y222,SLICEL.A5LUT,32'h80000000
u_dut/t_r[2778]_i_1,LUT6,SLICE_X45Y221,SLICEL.C6LUT,64'h8000000000000000
u_dut/t_r[2779]_i_1,LUT5,SLICE_X56Y223,SLICEM.D5LUT,32'hFFF8F0F0
u_dut/t_r[2779]_i_2,LUT6,SLICE_X45Y221,SLICEL.D6LUT,64'h8000000000000000
u_dut/t_r[277]_i_1,LUT6,SLICE_X21Y225,SLICEL.B6LUT,64'h8000000000000000
u_dut/t_r[2780]_i_1,LUT5,SLICE_X49Y217,SLICEL.A5LUT,32'hC8000000
u_dut/t_r[2781]_i_1,LUT6,SLICE_X53Y215,SLICEL.C6LUT,64'h8888888088808880
u_dut/t_r[2782]_i_1,LUT6,SLICE_X53Y215,SLICEL.A6LUT,64'h8080800080008000
u_dut/t_r[2783]_i_1,LUT6,SLICE_X53Y215,SLICEL.B6LUT,64'h8080000080000000
u_dut/t_r[2784]_i_1,LUT6,SLICE_X53Y215,SLICEL.D6LUT,64'hFFFFFF80FF00FF00
u_dut/t_r[2784]_i_2,LUT6,SLICE_X54Y214,SLICEM.A6LUT,64'h8000000000000000
u_dut/t_r[2785]_i_1,LUT3,SLICE_X49Y217,SLICEL.C6LUT,8'hF8
u_dut/t_r[2785]_i_2,LUT6,SLICE_X49Y217,SLICEL.B6LUT,64'h8080800080008000
u_dut/t_r[2786]_i_1,LUT2,SLICE_X55Y216,SLICEL.D6LUT,4'h8
u_dut/t_r[2787]_i_1,LUT6,SLICE_X60Y220,SLICEL.D6LUT,64'hFFF0FEF0F0F0F0F0
u_dut/t_r[2788]_i_1,LUT6,SLICE_X57Y218,SLICEL.B6LUT,64'hFFF0F8F0F0F0F0F0
u_dut/t_r[2788]_i_2,LUT4,SLICE_X58Y216,SLICEM.A6LUT,16'hFF80
u_dut/t_r[2789]_i_1,LUT5,SLICE_X61Y218,SLICEL.A6LUT,32'hFCECCCCC
u_dut/t_r[278]_i_1,LUT6,SLICE_X21Y225,SLICEL.C6LUT,64'h8000000000000000
u_dut/t_r[2790]_i_1,LUT6,SLICE_X51Y215,SLICEL.D6LUT,64'hFFFEFEFECCCCCCCC
u_dut/t_r[2790]_i_2,LUT2,SLICE_X51Y215,SLICEL.C5LUT,4'h8
u_dut/t_r[2791]_i_1,LUT6,SLICE_X48Y216,SLICEL.B6LUT,64'hFFF0F8F0F0F0F0F0
u_dut/t_r[2791]_i_2,LUT2,SLICE_X56Y218,SLICEM.B5LUT,4'h8
u_dut/t_r[2792]_i_1,LUT6,SLICE_X53Y219,SLICEL.C6LUT,64'hFE00000000000000
u_dut/t_r[2793]_i_1,LUT6,SLICE_X53Y219,SLICEL.A6LUT,64'hFEEE000000000000
u_dut/t_r[2794]_i_1,LUT6,SLICE_X55Y216,SLICEL.A6LUT,64'hEA00000000000000
u_dut/t_r[2795]_i_1,LUT6,SLICE_X55Y216,SLICEL.B6LUT,64'hC800000000000000
u_dut/t_r[2796]_i_1,LUT6,SLICE_X53Y219,SLICEL.B6LUT,64'hC888000000000000
u_dut/t_r[2797]_i_1,LUT6,SLICE_X55Y216,SLICEL.C6LUT,64'h8000000000000000
u_dut/t_r[2798]_i_1,LUT6,SLICE_X50Y216,SLICEM.D6LUT,64'hFFFFFFFE00000000
u_dut/t_r[2799]_i_1,LUT5,SLICE_X50Y216,SLICEM.A6LUT,32'hFEEE0000
u_dut/t_r[279]_i_1,LUT6,SLICE_X27Y225,SLICEL.B6LUT,64'h8000000000000000
u_dut/t_r[2800]_i_1,LUT6,SLICE_X50Y213,SLICEM.A6LUT,64'hFEEEAAAA00000000
u_dut/t_r[2801]_i_1,LUT6,SLICE_X50Y216,SLICEM.B6LUT,64'hCCCCCCC800000000
u_dut/t_r[2802]_i_1,LUT5,SLICE_X50Y216,SLICEM.A5LUT,32'hC8880000
u_dut/t_r[2803]_i_1,LUT4,SLICE_X50Y215,SLICEM.D5LUT,16'hF0E0
u_dut/t_r[2803]_i_2,LUT6,SLICE_X50Y216,SLICEM.C6LUT,64'h8880808080808080
u_dut/t_r[2804]_i_1,LUT6,SLICE_X58Y216,SLICEM.B6LUT,64'hFFFEEEEE00000000
u_dut/t_r[2804]_i_2,LUT3,SLICE_X58Y216,SLICEM.C6LUT,8'hFE
u_dut/t_r[2805]_i_1,LUT6,SLICE_X50Y217,SLICEM.D6LUT,64'hFEEE000000000000
u_dut/t_r[2806]_i_1,LUT5,SLICE_X60Y219,SLICEL.D6LUT,32'hEA000000
u_dut/t_r[2807]_i_1,LUT6,SLICE_X60Y219,SLICEL.B6LUT,64'hEAAA000000000000
u_dut/t_r[2808]_i_1,LUT6,SLICE_X51Y219,SLICEL.D6LUT,64'hFEAAAAAAAAAAAAAA
u_dut/t_r[2809]_i_1,LUT6,SLICE_X54Y220,SLICEM.B6LUT,64'hFEAAAAAAAAAAAAAA
u_dut/t_r[2810]_i_1,LUT6,SLICE_X50Y217,SLICEM.A6LUT,64'h8000800080000000
u_dut/t_r[2811]_i_1,LUT5,SLICE_X60Y219,SLICEL.C6LUT,32'h80000000
u_dut/t_r[2812]_i_1,LUT3,SLICE_X59Y217,SLICEL.B5LUT,8'hE0
u_dut/t_r[2812]_i_2,LUT6,SLICE_X50Y217,SLICEM.B6LUT,64'h8000000000000000
u_dut/t_r[2813]_i_1,LUT6,SLICE_X59Y222,SLICEL.B6LUT,64'h8888888888888880
u_dut/t_r[2814]_i_1,LUT6,SLICE_X59Y222,SLICEL.A6LUT,64'h8888888080808080
u_dut/t_r[2815]_i_1,LUT3,SLICE_X59Y222,SLICEL.C6LUT,8'h80
u_dut/t_r[2817]_i_1,LUT6,SLICE_X59Y222,SLICEL.D6LUT,64'hF0F0F0F0F000E000
u_dut/t_r[2817]_i_2,LUT5,SLICE_X58Y216,SLICEM.C5LUT,32'h80000000
u_dut/t_r[281]_i_1,LUT6,SLICE_X21Y225,SLICEL.D6LUT,64'h8000000000000000
u_dut/t_r[2822]_i_1,LUT6,SLICE_X47Y217,SLICEL.D6LUT,64'hEEEAAAAA00000000
u_dut/t_r[2822]_i_2,LUT2,SLICE_X47Y217,SLICEL.A6LUT,4'h8
u_dut/t_r[2823]_i_1,LUT6,SLICE_X47Y217,SLICEL.B6LUT,64'hCCC8000000000000
u_dut/t_r[2824]_i_1,LUT5,SLICE_X47Y217,SLICEL.A5LUT,32'hC8000000
u_dut/t_r[2825]_i_1,LUT4,SLICE_X49Y217,SLICEL.C5LUT,16'hEA00
u_dut/t_r[2825]_i_2,LUT6,SLICE_X47Y217,SLICEL.C6LUT,64'h8080808080808000
u_dut/t_r[2826]_i_1,LUT6,SLICE_X58Y222,SLICEM.D6LUT,64'hFFFF0000E0000000
u_dut/t_r[2827]_i_1,LUT5,SLICE_X58Y216,SLICEM.A5LUT,32'hFF008000
u_dut/t_r[2828]_i_1,LUT6,SLICE_X56Y220,SLICEM.C6LUT,64'hFFFE000000000000
u_dut/t_r[2829]_i_1,LUT6,SLICE_X59Y218,SLICEL.B6LUT,64'hFFF8F8F800000000
u_dut/t_r[2829]_i_2,LUT3,SLICE_X61Y218,SLICEL.A5LUT,8'h80
u_dut/t_r[2829]_i_3,LUT3,SLICE_X59Y218,SLICEL.A5LUT,8'h80
u_dut/t_r[2829]_i_4,LUT4,SLICE_X60Y219,SLICEL.A5LUT,16'hFFFE
u_dut/t_r[282]_i_1,LUT3,SLICE_X23Y222,SLICEL.D6LUT,8'h80
u_dut/t_r[282]_i_2,LUT6,SLICE_X27Y225,SLICEL.C6LUT,64'h8000000000000000
u_dut/t_r[282]_i_3,LUT4,SLICE_X27Y225,SLICEL.A5LUT,16'h8000
u_dut/t_r[2831]_i_1,LUT6,SLICE_X21Y223,SLICEL.D6LUT,64'hFFFFFFFFFFFFFFF8
u_dut/t_r[2832]_i_1,LUT6,SLICE_X22Y221,SLICEM.B6LUT,64'hFFFFFFFFFFFFFFF8
u_dut/t_r[2833]_i_1,LUT6,SLICE_X22Y221,SLICEM.C6LUT,64'hFFFFFFFFFFFFFFF8
u_dut/t_r[2835]_i_1,LUT3,SLICE_X22Y223,SLICEM.A6LUT,8'hE0
u_dut/t_r[2836]_i_1,LUT2,SLICE_X22Y223,SLICEM.B6LUT,4'h8
u_dut/t_r[2837]_i_1,LUT3,SLICE_X22Y223,SLICEM.A5LUT,8'h80
u_dut/t_r[2838]_i_1,LUT5,SLICE_X20Y221,SLICEM.C6LUT,32'hFFFEFEFE
u_dut/t_r[2838]_i_2,LUT6,SLICE_X22Y223,SLICEM.C6LUT,64'h8000000000000000
u_dut/t_r[2839]_i_1,LUT6,SLICE_X21Y219,SLICEL.D6LUT,64'hFEEEEEEE00000000
u_dut/t_r[283]_i_1,LUT5,SLICE_X28Y228,SLICEL.A6LUT,32'hFFFE0000
u_dut/t_r[2840]_i_1,LUT6,SLICE_X21Y219,SLICEL.A6LUT,64'hEAAAAAAA00000000
u_dut/t_r[2841]_i_1,LUT6,SLICE_X21Y219,SLICEL.B6LUT,64'hC888888800000000
u_dut/t_r[2842]_i_1,LUT3,SLICE_X20Y219,SLICEM.D6LUT,8'hFE
u_dut/t_r[2842]_i_2,LUT6,SLICE_X21Y219,SLICEL.C6LUT,64'h8000000000000000
u_dut/t_r[2843]_i_1,LUT6,SLICE_X16Y222,SLICEM.B6LUT,64'hFEEEEEEE00000000
u_dut/t_r[2844]_i_1,LUT6,SLICE_X16Y222,SLICEM.A6LUT,64'hEAAAAAAA00000000
u_dut/t_r[2845]_i_1,LUT6,SLICE_X12Y222,SLICEM.A6LUT,64'hC888888800000000
u_dut/t_r[2846]_i_1,LUT5,SLICE_X15Y222,SLICEL.C6LUT,32'hFFFFFFA8
u_dut/t_r[2846]_i_2,LUT5,SLICE_X12Y222,SLICEM.B6LUT,32'h80000000
u_dut/t_r[2847]_i_1,LUT6,SLICE_X18Y222,SLICEM.A6LUT,64'hFFFFFFF8FFF0FFF0
u_dut/t_r[2848]_i_1,LUT6,SLICE_X18Y222,SLICEM.B6LUT,64'hFFFFFFF8FFF0FFF0
u_dut/t_r[2849]_i_1,LUT6,SLICE_X14Y219,SLICEM.A6LUT,64'hFAAAEAAAAAAAAAAA
u_dut/t_r[2849]_i_2,LUT4,SLICE_X14Y220,SLICEM.A6LUT,16'hFFF8
u_dut/t_r[2849]_i_3,LUT2,SLICE_X14Y219,SLICEM.B6LUT,4'h8
u_dut/t_r[284]_i_1,LUT6,SLICE_X16Y228,SLICEM.C6LUT,64'hFE00000000000000
u_dut/t_r[2850]_i_1,LUT6,SLICE_X14Y221,SLICEM.A6LUT,64'hFFFFFFF8FFF0FFF0
u_dut/t_r[2851]_i_1,LUT6,SLICE_X15Y221,SLICEL.D6LUT,64'hFEEE000000000000
u_dut/t_r[2852]_i_1,LUT6,SLICE_X15Y221,SLICEL.A6LUT,64'h8880808080808080
u_dut/t_r[2853]_i_1,LUT6,SLICE_X15Y221,SLICEL.B6LUT,64'h8800800080008000
u_dut/t_r[2854]_i_1,LUT5,SLICE_X15Y222,SLICEL.C5LUT,32'hFFFFFF80
u_dut/t_r[2854]_i_2,LUT6,SLICE_X15Y221,SLICEL.C6LUT,64'hE000000000000000
u_dut/t_r[2855]_i_1,LUT6,SLICE_X19Y221,SLICEL.C6LUT,64'h8888888088808880
u_dut/t_r[2856]_i_1,LUT6,SLICE_X19Y220,SLICEL.A6LUT,64'hEAEAEAAA00000000
u_dut/t_r[2856]_i_2,LUT3,SLICE_X19Y220,SLICEL.B6LUT,8'h80
u_dut/t_r[2857]_i_1,LUT6,SLICE_X19Y221,SLICEL.A6LUT,64'h8800800080008000
u_dut/t_r[2857]_i_2,LUT2,SLICE_X19Y220,SLICEL.B5LUT,4'h8
u_dut/t_r[2858]_i_1,LUT2,SLICE_X18Y221,SLICEM.D6LUT,4'hE
u_dut/t_r[2858]_i_2,LUT6,SLICE_X19Y221,SLICEL.B6LUT,64'hE000000000000000
u_dut/t_r[2859]_i_1,LUT6,SLICE_X14Y222,SLICEM.C6LUT,64'hFFFEEEEE00000000
u_dut/t_r[285]_i_1,LUT5,SLICE_X28Y228,SLICEL.B6LUT,32'hE0000000
u_dut/t_r[2860]_i_1,LUT6,SLICE_X14Y222,SLICEM.A6LUT,64'hEAEAEAAA00000000
u_dut/t_r[2861]_i_1,LUT4,SLICE_X14Y222,SLICEM.B6LUT,16'hC800
u_dut/t_r[2862]_i_1,LUT5,SLICE_X13Y222,SLICEL.C6LUT,32'hFFFEF0F0
u_dut/t_r[2862]_i_2,LUT4,SLICE_X14Y222,SLICEM.B5LUT,16'h8000
u_dut/t_r[2863]_i_1,LUT5,SLICE_X16Y223,SLICEM.A6LUT,32'h88888880
u_dut/t_r[2864]_i_1,LUT5,SLICE_X16Y223,SLICEM.B6LUT,32'h88808080
u_dut/t_r[2865]_i_1,LUT5,SLICE_X16Y223,SLICEM.B5LUT,32'h88008000
u_dut/t_r[2866]_i_1,LUT4,SLICE_X15Y223,SLICEL.D6LUT,16'hFECC
u_dut/t_r[2866]_i_2,LUT5,SLICE_X16Y223,SLICEM.A5LUT,32'h80000000
u_dut/t_r[2867]_i_1,LUT5,SLICE_X18Y221,SLICEM.A6LUT,32'h88888880
u_dut/t_r[2868]_i_1,LUT5,SLICE_X18Y221,SLICEM.A5LUT,32'h88808080
u_dut/t_r[2869]_i_1,LUT6,SLICE_X18Y221,SLICEM.C6LUT,64'hCCC8C8C800000000
u_dut/t_r[2869]_i_2,LUT2,SLICE_X18Y221,SLICEM.B6LUT,4'h8
u_dut/t_r[286]_i_1,LUT5,SLICE_X28Y228,SLICEL.A5LUT,32'hFEAA0000
u_dut/t_r[2870]_i_1,LUT5,SLICE_X18Y221,SLICEM.D5LUT,32'hFFF8F0F0
u_dut/t_r[2870]_i_2,LUT6,SLICE_X17Y221,SLICEL.A6LUT,64'hA888000000000000
u_dut/t_r[2871]_i_1,LUT6,SLICE_X16Y221,SLICEM.C6LUT,64'hFFFFFFFFAAAAAA80
u_dut/t_r[2872]_i_1,LUT6,SLICE_X15Y220,SLICEL.A6LUT,64'hFAEAEAEAEAEAEAEA
u_dut/t_r[2873]_i_1,LUT6,SLICE_X15Y220,SLICEL.B6LUT,64'hFFFFFFFFAAAA8000
u_dut/t_r[2873]_i_2,LUT3,SLICE_X15Y220,SLICEL.C6LUT,8'hC8
u_dut/t_r[2874]_i_1,LUT6,SLICE_X16Y220,SLICEM.A6LUT,64'hFFFFFFFFAA800000
u_dut/t_r[2874]_i_2,LUT3,SLICE_X13Y222,SLICEL.A6LUT,8'h80
u_dut/t_r[2874]_i_3,LUT2,SLICE_X20Y220,SLICEM.A6LUT,4'h8
u_dut/t_r[2874]_i_4,LUT3,SLICE_X14Y220,SLICEM.A5LUT,8'hF8
u_dut/t_r[2875]_i_1,LUT6,SLICE_X18Y220,SLICEM.B6LUT,64'hFFFEFEFE00000000
u_dut/t_r[2876]_i_1,LUT6,SLICE_X18Y220,SLICEM.A6LUT,64'hFAF8000000000000
u_dut/t_r[2877]_i_1,LUT6,SLICE_X20Y218,SLICEM.A6LUT,64'hCCC8000000000000
u_dut/t_r[2878]_i_1,LUT5,SLICE_X20Y219,SLICEM.D5LUT,32'hFFFF8880
u_dut/t_r[2878]_i_2,LUT6,SLICE_X20Y218,SLICEM.B6LUT,64'h8880000000000000
u_dut/t_r[2879]_i_1,LUT6,SLICE_X15Y223,SLICEL.C6LUT,64'hFFFE000000000000
u_dut/t_r[287]_i_1,LUT6,SLICE_X16Y228,SLICEM.A6LUT,64'hEA00000000000000
u_dut/t_r[2880]_i_1,LUT6,SLICE_X15Y223,SLICEL.A6LUT,64'h8888808088888000
u_dut/t_r[2881]_i_1,LUT6,SLICE_X14Y220,SLICEM.B6LUT,64'hCCC8000000000000
u_dut/t_r[2882]_i_1,LUT4,SLICE_X15Y223,SLICEL.D5LUT,16'hFF80
u_dut/t_r[2882]_i_2,LUT6,SLICE_X15Y223,SLICEL.B6LUT,64'hA800000000000000
u_dut/t_r[2883]_i_1,LUT6,SLICE_X13Y221,SLICEL.B6LUT,64'hFFFE000000000000
u_dut/t_r[2884]_i_1,LUT6,SLICE_X12Y221,SLICEM.A6LUT,64'hFAFAFAF800000000
u_dut/t_r[2885]_i_1,LUT6,SLICE_X12Y221,SLICEM.B6LUT,64'hCCCCCCC800000000
u_dut/t_r[2885]_i_2,LUT3,SLICE_X12Y221,SLICEM.C6LUT,8'h80
u_dut/t_r[2886]_i_1,LUT5,SLICE_X13Y222,SLICEL.C5LUT,32'hFFFF8000
u_dut/t_r[2886]_i_2,LUT6,SLICE_X13Y221,SLICEL.A6LUT,64'hAAA8000000000000
u_dut/t_r[2886]_i_3,LUT2,SLICE_X12Y221,SLICEM.C5LUT,4'h8
u_dut/t_r[2887]_i_1,LUT6,SLICE_X13Y223,SLICEL.C6LUT,64'hFFFFFFFE00000000
u_dut/t_r[2888]_i_1,LUT6,SLICE_X13Y223,SLICEL.A6LUT,64'hFAFAFAF800000000
u_dut/t_r[2889]_i_1,LUT6,SLICE_X13Y222,SLICEL.B6LUT,64'hCCCCCCC800000000
u_dut/t_r[2890]_i_1,LUT6,SLICE_X13Y223,SLICEL.B6LUT,64'h8888888000000000
u_dut/t_r[2890]_i_2,LUT4,SLICE_X13Y222,SLICEL.A5LUT,16'h8000
u_dut/t_r[2891]_i_1,LUT6,SLICE_X20Y219,SLICEM.C6LUT,64'hFFFFFFFE00000000
u_dut/t_r[2892]_i_1,LUT3,SLICE_X20Y219,SLICEM.A6LUT,8'hE0
u_dut/t_r[2893]_i_1,LUT2,SLICE_X20Y219,SLICEM.B6LUT,4'h8
u_dut/t_r[2894]_i_1,LUT3,SLICE_X20Y219,SLICEM.A5LUT,8'h80
u_dut/t_r[2895]_i_1,LUT5,SLICE_X20Y221,SLICEM.C5LUT,32'hF0F0F0E0
u_dut/t_r[2896]_i_1,LUT6,SLICE_X22Y221,SLICEM.D6LUT,64'hFFFEFEFE00000000
u_dut/t_r[2896]_i_2,LUT2,SLICE_X22Y223,SLICEM.B5LUT,4'hE
u_dut/t_r[2897]_i_1,LUT6,SLICE_X14Y221,SLICEM.B6LUT,64'hFFFEFEFE00000000
u_dut/t_r[289]_i_1,LUT5,SLICE_X28Y228,SLICEL.C6LUT,32'hCCC80000
u_dut/t_r[28]_i_1,LUT6,SLICE_X30Y222,SLICEL.B6LUT,64'hF800000000000000
u_dut/t_r[28]_i_2,LUT3,SLICE_X20Y223,SLICEM.D5LUT,8'h80
u_dut/t_r[2900]_i_1,LUT6,SLICE_X21Y216,SLICEL.A6LUT,64'hFF00FC00FE00FC00
u_dut/t_r[2901]_i_1,LUT6,SLICE_X21Y216,SLICEL.B6LUT,64'hFF00FC00FE00FC00
u_dut/t_r[2901]_i_2,LUT5,SLICE_X21Y216,SLICEL.C6LUT,32'hFFFF8000
u_dut/t_r[2902]_i_1,LUT6,SLICE_X20Y221,SLICEM.A6LUT,64'hFF00FC00FE00FC00
u_dut/t_r[2904]_i_1,LUT6,SLICE_X22Y217,SLICEM.D6LUT,64'hFF00FF00FF008000
u_dut/t_r[2904]_i_2,LUT5,SLICE_X20Y216,SLICEM.C6LUT,32'hFFFFFF80
u_dut/t_r[2905]_i_1,LUT6,SLICE_X20Y220,SLICEM.B6LUT,64'hFF00FF00FF008000
u_dut/t_r[2905]_i_2,LUT5,SLICE_X20Y220,SLICEM.C6LUT,32'hFF008000
u_dut/t_r[2906]_i_1,LUT6,SLICE_X18Y222,SLICEM.C6LUT,64'hF0C0F0C0F0C0E0C0
u_dut/t_r[2906]_i_2,LUT4,SLICE_X18Y222,SLICEM.D6LUT,16'hFFF8
u_dut/t_r[2907]_i_1,LUT6,SLICE_X20Y222,SLICEM.D6LUT,64'hF0C0F0C0F0C0E0C0
u_dut/t_r[2907]_i_2,LUT4,SLICE_X18Y222,SLICEM.D5LUT,16'hFF80
u_dut/t_r[2908]_i_1,LUT6,SLICE_X14Y221,SLICEM.C6LUT,64'hF0C0F0C0F0C0E0C0
u_dut/t_r[2908]_i_2,LUT4,SLICE_X12Y222,SLICEM.B5LUT,16'h8000
u_dut/t_r[2909]_i_1,LUT6,SLICE_X22Y220,SLICEM.D6LUT,64'hFE00AA00EE00AA00
u_dut/t_r[2909]_i_2,LUT5,SLICE_X20Y220,SLICEM.C5LUT,32'hFF00E000
u_dut/t_r[290]_i_1,LUT6,SLICE_X28Y228,SLICEL.D6LUT,64'hC800000000000000
u_dut/t_r[2910]_i_1,LUT6,SLICE_X20Y216,SLICEM.D6LUT,64'hF0C0C0C0E0C0C0C0
u_dut/t_r[2910]_i_2,LUT5,SLICE_X20Y216,SLICEM.C5LUT,32'hFFFFFFA8
u_dut/t_r[2911]_i_1,LUT6,SLICE_X20Y221,SLICEM.B6LUT,64'hFFF0F0F0F8F0F0F0
u_dut/t_r[2911]_i_2,LUT2,SLICE_X14Y219,SLICEM.B5LUT,4'hE
u_dut/t_r[2911]_i_3,LUT2,SLICE_X18Y221,SLICEM.B5LUT,4'h8
u_dut/t_r[2911]_i_4,LUT2,SLICE_X20Y219,SLICEM.B5LUT,4'h8
u_dut/t_r[2912]_i_1,LUT6,SLICE_X20Y220,SLICEM.D6LUT,64'hFFFF000080000000
u_dut/t_r[2912]_i_2,LUT3,SLICE_X20Y220,SLICEM.A5LUT,8'h80
u_dut/t_r[2913]_i_1,LUT6,SLICE_X15Y220,SLICEL.D6LUT,64'hFE000000EE000000
u_dut/t_r[2913]_i_2,LUT3,SLICE_X15Y220,SLICEL.C5LUT,8'hF8
u_dut/t_r[2914]_i_1,LUT6,SLICE_X21Y216,SLICEL.D6LUT,64'hFF00800000000000
u_dut/t_r[2914]_i_2,LUT4,SLICE_X21Y216,SLICEL.C5LUT,16'hFECC
u_dut/t_r[291]_i_1,LUT5,SLICE_X28Y228,SLICEL.B5LUT,32'h80000000
u_dut/t_r[292]_i_1,LUT5,SLICE_X28Y228,SLICEL.C5LUT,32'hE0000000
u_dut/t_r[293]_i_1,LUT6,SLICE_X16Y228,SLICEM.D6LUT,64'hFE00000000000000
u_dut/t_r[293]_i_2,LUT6,SLICE_X16Y228,SLICEM.B6LUT,64'h8000000000000000
u_dut/t_r[295]_i_1,LUT6,SLICE_X26Y227,SLICEL.D6LUT,64'h8888888888888880
u_dut/t_r[296]_i_1,LUT5,SLICE_X26Y223,SLICEL.A6LUT,32'h88888880
u_dut/t_r[297]_i_1,LUT6,SLICE_X26Y223,SLICEL.B6LUT,64'h8888888088808880
u_dut/t_r[298]_i_1,LUT6,SLICE_X17Y224,SLICEL.A6LUT,64'h8000800080000000
u_dut/t_r[299]_i_1,LUT5,SLICE_X26Y223,SLICEL.A5LUT,32'h88808080
u_dut/t_r[29]_i_1,LUT2,SLICE_X15Y224,SLICEL.D6LUT,4'hE
u_dut/t_r[29]_i_2,LUT4,SLICE_X35Y224,SLICEL.A5LUT,16'h8000
u_dut/t_r[2]_i_1,LUT6,SLICE_X21Y220,SLICEL.C6LUT,64'hFFFFFFFFFFFFFF80
u_dut/t_r[2]_i_2,LUT4,SLICE_X19Y224,SLICEL.A6LUT,16'hFFF8
u_dut/t_r[300]_i_1,LUT6,SLICE_X26Y223,SLICEL.C6LUT,64'h8880808080808080
u_dut/t_r[302]_i_1,LUT6,SLICE_X26Y223,SLICEL.D6LUT,64'h8800880088008000
u_dut/t_r[303]_i_1,LUT5,SLICE_X26Y227,SLICEL.A5LUT,32'h88008000
u_dut/t_r[304]_i_1,LUT6,SLICE_X17Y224,SLICEL.B6LUT,64'h8800800080008000
u_dut/t_r[306]_i_1,LUT6,SLICE_X17Y224,SLICEL.C6LUT,64'hE000000000000000
u_dut/t_r[307]_i_1,LUT5,SLICE_X17Y225,SLICEL.B5LUT,32'hE0000000
u_dut/t_r[307]_i_2,LUT6,SLICE_X26Y227,SLICEL.C6LUT,64'h8000000000000000
u_dut/t_r[308]_i_1,LUT4,SLICE_X25Y229,SLICEL.A6LUT,16'h8000
u_dut/t_r[309]_i_1,LUT6,SLICE_X31Y227,SLICEL.C6LUT,64'hFFFE000000000000
u_dut/t_r[30]_i_1,LUT5,SLICE_X33Y226,SLICEL.A6LUT,32'hFFFE0000
u_dut/t_r[310]_i_1,LUT5,SLICE_X21Y222,SLICEL.A6LUT,32'hFE000000
u_dut/t_r[311]_i_1,LUT6,SLICE_X17Y229,SLICEL.B6LUT,64'h8888888088808880
u_dut/t_r[312]_i_1,LUT6,SLICE_X21Y222,SLICEL.B6LUT,64'h8000800080000000
u_dut/t_r[313]_i_1,LUT6,SLICE_X31Y227,SLICEL.A6LUT,64'h8888888080808080
u_dut/t_r[314]_i_1,LUT5,SLICE_X21Y222,SLICEL.A5LUT,32'hEA000000
u_dut/t_r[315]_i_1,LUT6,SLICE_X25Y228,SLICEL.A6LUT,64'h8880808080808080
u_dut/t_r[316]_i_1,LUT5,SLICE_X17Y229,SLICEL.A5LUT,32'h80000000
u_dut/t_r[318]_i_1,LUT5,SLICE_X31Y227,SLICEL.B6LUT,32'hC8000000
u_dut/t_r[319]_i_1,LUT6,SLICE_X25Y228,SLICEL.B6LUT,64'h8800800080008000
u_dut/t_r[31]_i_1,LUT6,SLICE_X20Y226,SLICEM.B6LUT,64'hFFFEEEEE00000000
u_dut/t_r[320]_i_1,LUT6,SLICE_X25Y228,SLICEL.C6LUT,64'h8000000000000000
u_dut/t_r[321]_i_1,LUT6,SLICE_X17Y229,SLICEL.C6LUT,64'hE000000000000000
u_dut/t_r[322]_i_1,LUT5,SLICE_X31Y227,SLICEL.B5LUT,32'h80000000
u_dut/t_r[323]_i_1,LUT6,SLICE_X17Y226,SLICEL.C6LUT,64'hF800000000000000
u_dut/t_r[323]_i_2,LUT6,SLICE_X25Y228,SLICEL.D6LUT,64'h8000000000000000
u_dut/t_r[324]_i_1,LUT5,SLICE_X25Y229,SLICEL.A5LUT,32'h80000000
u_dut/t_r[327]_i_1,LUT5,SLICE_X29Y223,SLICEL.A6LUT,32'hAAA8A8A8
u_dut/t_r[328]_i_1,LUT5,SLICE_X25Y229,SLICEL.B6LUT,32'h80808000
u_dut/t_r[329]_i_1,LUT5,SLICE_X28Y230,SLICEL.A6LUT,32'hAAA88888
u_dut/t_r[32]_i_1,LUT3,SLICE_X33Y226,SLICEL.B6LUT,8'hE0
u_dut/t_r[332]_i_1,LUT6,SLICE_X25Y229,SLICEL.C6LUT,64'h8000000000000000
u_dut/t_r[333]_i_1,LUT5,SLICE_X28Y230,SLICEL.A5LUT,32'hA0A0A080
u_dut/t_r[335]_i_1,LUT5,SLICE_X28Y230,SLICEL.B6LUT,32'hA0808080
u_dut/t_r[336]_i_1,LUT5,SLICE_X25Y229,SLICEL.B5LUT,32'h80000000
u_dut/t_r[338]_i_1,LUT6,SLICE_X28Y230,SLICEL.C6LUT,64'h8000000000000000
u_dut/t_r[339]_i_1,LUT5,SLICE_X28Y230,SLICEL.B5LUT,32'h80000000
u_dut/t_r[33]_i_1,LUT6,SLICE_X33Y226,SLICEL.C6LUT,64'hFEEEAAAA00000000
u_dut/t_r[340]_i_1,LUT4,SLICE_X31Y223,SLICEL.D6LUT,16'h8000
u_dut/t_r[343]_i_1,LUT6,SLICE_X23Y222,SLICEL.C6LUT,64'hFFFFFFFFFFFFFEEE
u_dut/t_r[345]_i_1,LUT6,SLICE_X23Y222,SLICEL.B6LUT,64'hFFFFFFFFFFFFFEAA
u_dut/t_r[346]_i_1,LUT4,SLICE_X21Y230,SLICEL.B5LUT,16'hEA00
u_dut/t_r[347]_i_1,LUT5,SLICE_X31Y231,SLICEL.A6LUT,32'hEAAA0000
u_dut/t_r[348]_i_1,LUT5,SLICE_X15Y226,SLICEL.A5LUT,32'h80000000
u_dut/t_r[349]_i_1,LUT5,SLICE_X31Y231,SLICEL.A5LUT,32'hCCC80000
u_dut/t_r[34]_i_1,LUT5,SLICE_X33Y226,SLICEL.A5LUT,32'hEAAA0000
u_dut/t_r[351]_i_1,LUT5,SLICE_X21Y230,SLICEL.C6LUT,32'hC8880000
u_dut/t_r[352]_i_1,LUT4,SLICE_X23Y222,SLICEL.A5LUT,16'hFFF8
u_dut/t_r[353]_i_1,LUT5,SLICE_X21Y230,SLICEL.C5LUT,32'hE0000000
u_dut/t_r[355]_i_1,LUT6,SLICE_X17Y226,SLICEL.D6LUT,64'hE000000000000000
u_dut/t_r[355]_i_2,LUT5,SLICE_X21Y230,SLICEL.A5LUT,32'h80000000
u_dut/t_r[356]_i_1,LUT4,SLICE_X23Y222,SLICEL.D5LUT,16'h7FFF
u_dut/t_r[356]_i_2,LUT2,SLICE_X29Y225,SLICEL.A5LUT,4'hE
u_dut/t_r[358]_i_1,LUT5,SLICE_X31Y224,SLICEL.A6LUT,32'h88888880
u_dut/t_r[35]_i_1,LUT6,SLICE_X20Y226,SLICEM.A6LUT,64'hCCCCCCC800000000
u_dut/t_r[363]_i_1,LUT6,SLICE_X31Y224,SLICEL.C6LUT,64'h8880808080808080
u_dut/t_r[364]_i_1,LUT6,SLICE_X31Y224,SLICEL.B6LUT,64'h8000000000000000
u_dut/t_r[368]_i_1,LUT5,SLICE_X31Y223,SLICEL.D5LUT,32'h80000000
u_dut/t_r[368]_i_2,LUT4,SLICE_X31Y224,SLICEL.A5LUT,16'h8000
u_dut/t_r[36]_i_1,LUT4,SLICE_X33Y226,SLICEL.B5LUT,16'hC800
u_dut/t_r[377]_i_1,LUT4,SLICE_X28Y224,SLICEL.D6LUT,16'hC800
u_dut/t_r[377]_i_2,LUT4,SLICE_X27Y224,SLICEL.B5LUT,16'hFFA8
u_dut/t_r[378]_i_1,LUT6,SLICE_X31Y220,SLICEL.C6LUT,64'hFF00F80000000000
u_dut/t_r[379]_i_1,LUT4,SLICE_X28Y224,SLICEL.D5LUT,16'hC800
u_dut/t_r[379]_i_2,LUT4,SLICE_X29Y223,SLICEL.A5LUT,16'hFF80
u_dut/t_r[38]_i_1,LUT6,SLICE_X12Y227,SLICEM.A6LUT,64'hFE00000000000000
u_dut/t_r[391]_i_1,LUT6,SLICE_X28Y222,SLICEL.D6LUT,64'hFFFFFFFEFEFEFEFE
u_dut/t_r[393]_i_1,LUT6,SLICE_X40Y215,SLICEL.C6LUT,64'hFFFFFFFFFFFFEAAA
u_dut/t_r[395]_i_1,LUT6,SLICE_X42Y223,SLICEM.D6LUT,64'hFFEEFFEEFFEEFEEE
u_dut/t_r[398]_i_1,LUT4,SLICE_X43Y224,SLICEL.A6LUT,16'hFFF8
u_dut/t_r[399]_i_1,LUT6,SLICE_X43Y224,SLICEL.D6LUT,64'hFFFFFFFFFFFFE000
u_dut/t_r[39]_i_1,LUT4,SLICE_X12Y227,SLICEM.B6LUT,16'h8000
u_dut/t_r[403]_i_1,LUT6,SLICE_X44Y224,SLICEL.A6LUT,64'hFFFFFFFEF0F0F0F0
u_dut/t_r[405]_i_1,LUT6,SLICE_X38Y218,SLICEM.C6LUT,64'hFFFFFFF8F0F0F0F0
u_dut/t_r[407]_i_1,LUT5,SLICE_X47Y222,SLICEL.A6LUT,32'hFEAA0000
u_dut/t_r[40]_i_1,LUT5,SLICE_X20Y227,SLICEM.D5LUT,32'hFFFEF0F0
u_dut/t_r[40]_i_2,LUT6,SLICE_X12Y227,SLICEM.C6LUT,64'h8000000000000000
u_dut/t_r[411]_i_1,LUT5,SLICE_X47Y222,SLICEL.B6LUT,32'hCCC80000
u_dut/t_r[412]_i_1,LUT5,SLICE_X43Y224,SLICEL.B6LUT,32'hFFFFA080
u_dut/t_r[413]_i_1,LUT3,SLICE_X23Y224,SLICEL.A6LUT,8'h80
u_dut/t_r[414]_i_1,LUT5,SLICE_X43Y222,SLICEL.D6LUT,32'hFFFFFFFE
u_dut/t_r[414]_i_2,LUT5,SLICE_X47Y222,SLICEL.B5LUT,32'h80808000
u_dut/t_r[415]_i_1,LUT5,SLICE_X40Y221,SLICEL.A6LUT,32'hFFFF8000
u_dut/t_r[417]_i_1,LUT5,SLICE_X43Y224,SLICEL.B5LUT,32'hF0F0F0E0
u_dut/t_r[418]_i_1,LUT4,SLICE_X29Y219,SLICEL.A6LUT,16'hF0E0
u_dut/t_r[419]_i_1,LUT6,SLICE_X43Y225,SLICEL.D6LUT,64'hFFFEFEFEAAAAAAAA
u_dut/t_r[41]_i_1,LUT6,SLICE_X24Y222,SLICEL.C6LUT,64'h8888888888888880
u_dut/t_r[421]_i_1,LUT5,SLICE_X40Y221,SLICEL.A5LUT,32'hFF00C800
u_dut/t_r[422]_i_1,LUT6,SLICE_X40Y221,SLICEL.B6LUT,64'hFFFF0000E0000000
u_dut/t_r[423]_i_1,LUT6,SLICE_X40Y223,SLICEL.D6LUT,64'hFEEEEEEEAAAAAAAA
u_dut/t_r[424]_i_1,LUT6,SLICE_X26Y225,SLICEL.D6LUT,64'hFFFEAAAAAAAAAAAA
u_dut/t_r[426]_i_1,LUT6,SLICE_X43Y224,SLICEL.C6LUT,64'hCCC8000000000000
u_dut/t_r[427]_i_1,LUT4,SLICE_X43Y224,SLICEL.A5LUT,16'h8000
u_dut/t_r[428]_i_1,LUT4,SLICE_X43Y222,SLICEL.D5LUT,16'hFFFE
u_dut/t_r[428]_i_2,LUT6,SLICE_X44Y224,SLICEL.B6LUT,64'h8000000000000000
u_dut/t_r[429]_i_1,LUT6,SLICE_X41Y224,SLICEL.C6LUT,64'hFFFEFEFE00000000
u_dut/t_r[430]_i_1,LUT6,SLICE_X41Y224,SLICEL.A6LUT,64'hFFFFEAAA00000000
u_dut/t_r[431]_i_1,LUT6,SLICE_X41Y224,SLICEL.B6LUT,64'hFFAAEAAA00000000
u_dut/t_r[433]_i_1,LUT5,SLICE_X33Y216,SLICEL.A6LUT,32'hFEAA0000
u_dut/t_r[435]_i_1,LUT6,SLICE_X42Y221,SLICEM.A6LUT,64'hEAAAAAAA00000000
u_dut/t_r[437]_i_1,LUT4,SLICE_X41Y224,SLICEL.D6LUT,16'hC800
u_dut/t_r[438]_i_1,LUT6,SLICE_X42Y221,SLICEM.B6LUT,64'hC8C8C88800000000
u_dut/t_r[43]_i_1,LUT6,SLICE_X24Y222,SLICEL.A6LUT,64'h8880808080808080
u_dut/t_r[441]_i_1,LUT3,SLICE_X39Y218,SLICEL.D6LUT,8'hFE
u_dut/t_r[441]_i_2,LUT6,SLICE_X42Y221,SLICEM.C6LUT,64'h8000000000000000
u_dut/t_r[442]_i_1,LUT5,SLICE_X35Y219,SLICEL.A6LUT,32'hFFFE0000
u_dut/t_r[443]_i_1,LUT6,SLICE_X35Y219,SLICEL.C6LUT,64'hFFAAEAAA00000000
u_dut/t_r[444]_i_1,LUT6,SLICE_X35Y219,SLICEL.B6LUT,64'hFFAAFFA800000000
u_dut/t_r[445]_i_1,LUT2,SLICE_X31Y221,SLICEL.B6LUT,4'h8
u_dut/t_r[449]_i_1,LUT4,SLICE_X33Y219,SLICEL.C6LUT,16'hFEEE
u_dut/t_r[449]_i_2,LUT6,SLICE_X31Y219,SLICEL.A6LUT,64'h8888888088808880
u_dut/t_r[44]_i_1,LUT6,SLICE_X14Y224,SLICEM.B6LUT,64'h8888888080808080
u_dut/t_r[451]_i_1,LUT5,SLICE_X37Y219,SLICEL.A6LUT,32'hFE000000
u_dut/t_r[453]_i_1,LUT6,SLICE_X30Y223,SLICEL.D6LUT,64'hFAEAEAEAEAEAEAEA
u_dut/t_r[453]_i_2,LUT2,SLICE_X31Y221,SLICEL.A6LUT,4'h8
u_dut/t_r[454]_i_1,LUT6,SLICE_X37Y223,SLICEL.C6LUT,64'h8888888080808080
u_dut/t_r[455]_i_1,LUT6,SLICE_X27Y223,SLICEL.A6LUT,64'hFAEAAAAA00000000
u_dut/t_r[456]_i_1,LUT6,SLICE_X27Y223,SLICEL.B6LUT,64'hEAAAAAAA00000000
u_dut/t_r[457]_i_1,LUT6,SLICE_X37Y219,SLICEL.B6LUT,64'hCCC8000000000000
u_dut/t_r[458]_i_1,LUT5,SLICE_X37Y223,SLICEL.A6LUT,32'hC8000000
u_dut/t_r[459]_i_1,LUT6,SLICE_X27Y223,SLICEL.C6LUT,64'hC888000000000000
u_dut/t_r[460]_i_1,LUT4,SLICE_X37Y223,SLICEL.D6LUT,16'h8000
u_dut/t_r[462]_i_1,LUT5,SLICE_X37Y223,SLICEL.A5LUT,32'h80000000
u_dut/t_r[463]_i_1,LUT6,SLICE_X37Y223,SLICEL.B6LUT,64'h8800800080008000
u_dut/t_r[464]_i_1,LUT2,SLICE_X27Y219,SLICEL.D6LUT,4'hE
u_dut/t_r[464]_i_2,LUT6,SLICE_X27Y223,SLICEL.D6LUT,64'h8000000000000000
u_dut/t_r[465]_i_1,LUT6,SLICE_X37Y222,SLICEL.C6LUT,64'hFFFFFFFE00000000
u_dut/t_r[466]_i_1,LUT5,SLICE_X29Y219,SLICEL.B6LUT,32'hFFFE0000
u_dut/t_r[467]_i_1,LUT6,SLICE_X29Y219,SLICEL.C6LUT,64'hFFFFEAAA00000000
u_dut/t_r[469]_i_1,LUT6,SLICE_X29Y219,SLICEL.D6LUT,64'hFEFEFEEE00000000
u_dut/t_r[46]_i_1,LUT6,SLICE_X24Y222,SLICEL.B6LUT,64'h8880808080808080
u_dut/t_r[46]_i_2,LUT2,SLICE_X29Y222,SLICEL.D6LUT,4'h8
u_dut/t_r[471]_i_1,LUT6,SLICE_X24Y221,SLICEL.A6LUT,64'hFFAAFFA800000000
u_dut/t_r[474]_i_1,LUT6,SLICE_X34Y221,SLICEL.D6LUT,64'hFFF0FFF0FFF0F8F0
u_dut/t_r[475]_i_1,LUT6,SLICE_X31Y220,SLICEL.D6LUT,64'hFFF0FFF0FFF0F8F0
u_dut/t_r[475]_i_2,LUT4,SLICE_X30Y219,SLICEL.C6LUT,16'hF080
u_dut/t_r[476]_i_1,LUT6,SLICE_X24Y221,SLICEL.B6LUT,64'hEAAAAAAA00000000
u_dut/t_r[477]_i_1,LUT2,SLICE_X24Y221,SLICEL.C6LUT,4'h8
u_dut/t_r[478]_i_1,LUT6,SLICE_X23Y223,SLICEL.A6LUT,64'hF0F0F0E000000000
u_dut/t_r[479]_i_1,LUT5,SLICE_X29Y219,SLICEL.A5LUT,32'hCCC80000
u_dut/t_r[47]_i_1,LUT6,SLICE_X14Y224,SLICEM.C6LUT,64'h8800880088008000
u_dut/t_r[482]_i_1,LUT6,SLICE_X23Y223,SLICEL.B6LUT,64'hCC88C88800000000
u_dut/t_r[484]_i_1,LUT6,SLICE_X33Y215,SLICEL.A6LUT,64'hC8C8C88800000000
u_dut/t_r[487]_i_1,LUT6,SLICE_X37Y222,SLICEL.A6LUT,64'h8888888088808880
u_dut/t_r[490]_i_1,LUT4,SLICE_X24Y221,SLICEL.C5LUT,16'h8000
u_dut/t_r[493]_i_1,LUT5,SLICE_X29Y219,SLICEL.B5LUT,32'h80000000
u_dut/t_r[494]_i_1,LUT4,SLICE_X30Y215,SLICEL.D6LUT,16'hFAEA
u_dut/t_r[494]_i_2,LUT6,SLICE_X37Y222,SLICEL.B6LUT,64'h8000000000000000
u_dut/t_r[496]_i_1,LUT6,SLICE_X29Y218,SLICEL.D6LUT,64'hFFFFFFFE00000000
u_dut/t_r[497]_i_1,LUT6,SLICE_X27Y218,SLICEL.B6LUT,64'hFFEECCCCFEEECCCC
u_dut/t_r[498]_i_1,LUT6,SLICE_X37Y221,SLICEL.A6LUT,64'hFFFEFEFE00000000
u_dut/t_r[500]_i_1,LUT6,SLICE_X32Y217,SLICEL.D6LUT,64'hFFCCFECCFECCFECC
u_dut/t_r[502]_i_1,LUT6,SLICE_X25Y222,SLICEL.C6LUT,64'hCCC8000000000000
u_dut/t_r[503]_i_1,LUT5,SLICE_X25Y222,SLICEL.A6LUT,32'hC8000000
u_dut/t_r[504]_i_1,LUT6,SLICE_X37Y221,SLICEL.B6LUT,64'hFFAAEAAA00000000
u_dut/t_r[505]_i_1,LUT6,SLICE_X26Y213,SLICEL.A6LUT,64'h8000800080000000
u_dut/t_r[507]_i_1,LUT6,SLICE_X27Y213,SLICEL.C6LUT,64'hFFFFFFA8FF00FF00
u_dut/t_r[507]_i_2,LUT6,SLICE_X25Y222,SLICEL.B6LUT,64'h8000000000000000
u_dut/t_r[508]_i_1,LUT6,SLICE_X37Y221,SLICEL.C6LUT,64'hFFAAFFA800000000
u_dut/t_r[508]_i_2,LUT2,SLICE_X37Y219,SLICEL.A5LUT,4'hE
u_dut/t_r[509]_i_1,LUT6,SLICE_X29Y218,SLICEL.A6LUT,64'hFFAAFFA800000000
u_dut/t_r[50]_i_1,LUT6,SLICE_X14Y224,SLICEM.D6LUT,64'hFE00000000000000
u_dut/t_r[510]_i_1,LUT6,SLICE_X29Y218,SLICEL.B6LUT,64'hFEAA000000000000
u_dut/t_r[511]_i_1,LUT6,SLICE_X28Y221,SLICEL.D6LUT,64'hFEAAAAAAEEAAAAAA
u_dut/t_r[513]_i_1,LUT5,SLICE_X25Y219,SLICEL.A6LUT,32'hEA000000
u_dut/t_r[514]_i_1,LUT6,SLICE_X25Y219,SLICEL.B6LUT,64'hFAEAAAAA00000000
u_dut/t_r[515]_i_1,LUT6,SLICE_X30Y217,SLICEL.D6LUT,64'hFEEEAAAAEEEEAAAA
u_dut/t_r[519]_i_1,LUT6,SLICE_X25Y221,SLICEL.B6LUT,64'hFFFFAAAAEAAAAAAA
u_dut/t_r[519]_i_2,LUT2,SLICE_X27Y218,SLICEL.C6LUT,4'h8
u_dut/t_r[51]_i_1,LUT4,SLICE_X15Y224,SLICEL.D5LUT,16'hFECC
u_dut/t_r[51]_i_2,LUT5,SLICE_X14Y224,SLICEM.A5LUT,32'h80000000
u_dut/t_r[520]_i_1,LUT6,SLICE_X25Y221,SLICEL.C6LUT,64'hFEAAAAAAAAAAAAAA
u_dut/t_r[526]_i_1,LUT4,SLICE_X25Y219,SLICEL.A5LUT,16'h8000
u_dut/t_r[528]_i_1,LUT6,SLICE_X37Y221,SLICEL.D6LUT,64'h8000800080000000
u_dut/t_r[531]_i_1,LUT3,SLICE_X27Y219,SLICEL.D5LUT,8'hF8
u_dut/t_r[531]_i_2,LUT6,SLICE_X29Y218,SLICEL.C6LUT,64'h8800800080008000
u_dut/t_r[537]_i_1,LUT6,SLICE_X27Y218,SLICEL.D6LUT,64'hFFAAFEAAFEAAFEAA
u_dut/t_r[537]_i_2,LUT2,SLICE_X39Y218,SLICEL.A6LUT,4'h8
u_dut/t_r[538]_i_1,LUT6,SLICE_X33Y216,SLICEL.C6LUT,64'h8880808080808080
u_dut/t_r[539]_i_1,LUT6,SLICE_X31Y216,SLICEL.A6LUT,64'hFAEAAAAA00000000
u_dut/t_r[53]_i_1,LUT6,SLICE_X26Y229,SLICEL.D6LUT,64'hFFFE000000000000
u_dut/t_r[540]_i_1,LUT6,SLICE_X33Y216,SLICEL.B6LUT,64'hF0F0F0E000000000
u_dut/t_r[541]_i_1,LUT6,SLICE_X31Y216,SLICEL.B6LUT,64'hC8C8C88800000000
u_dut/t_r[542]_i_1,LUT4,SLICE_X33Y219,SLICEL.C5LUT,16'hFF80
u_dut/t_r[542]_i_2,LUT6,SLICE_X31Y216,SLICEL.C6LUT,64'h8080000080000000
u_dut/t_r[544]_i_1,LUT6,SLICE_X36Y218,SLICEL.D6LUT,64'hFFAAFFA800000000
u_dut/t_r[545]_i_1,LUT6,SLICE_X36Y218,SLICEL.A6LUT,64'hEAAAAAAA00000000
u_dut/t_r[545]_i_2,LUT3,SLICE_X40Y218,SLICEL.C6LUT,8'h80
u_dut/t_r[546]_i_1,LUT6,SLICE_X36Y218,SLICEL.B6LUT,64'hC888000000000000
u_dut/t_r[547]_i_1,LUT6,SLICE_X36Y218,SLICEL.C6LUT,64'h8000000000000000
u_dut/t_r[548]_i_1,LUT5,SLICE_X27Y218,SLICEL.C5LUT,32'hF0F0F0E0
u_dut/t_r[548]_i_2,LUT4,SLICE_X35Y219,SLICEL.A5LUT,16'hFFFE
u_dut/t_r[549]_i_1,LUT6,SLICE_X41Y222,SLICEL.D6LUT,64'hFF00FF00FF00FE00
u_dut/t_r[54]_i_1,LUT6,SLICE_X26Y229,SLICEL.A6LUT,64'hFFEA000000000000
u_dut/t_r[551]_i_1,LUT6,SLICE_X40Y217,SLICEL.D6LUT,64'hFFFEAAAAEEEEAAAA
u_dut/t_r[551]_i_2,LUT4,SLICE_X47Y222,SLICEL.A5LUT,16'hF0E0
u_dut/t_r[552]_i_1,LUT6,SLICE_X30Y219,SLICEL.D6LUT,64'hFF00FF00FF00F800
u_dut/t_r[552]_i_2,LUT4,SLICE_X30Y219,SLICEL.C5LUT,16'hFFA8
u_dut/t_r[552]_i_3,LUT2,SLICE_X39Y216,SLICEL.A6LUT,4'h8
u_dut/t_r[553]_i_1,LUT5,SLICE_X39Y216,SLICEL.C6LUT,32'hFE000000
u_dut/t_r[554]_i_1,LUT6,SLICE_X39Y218,SLICEL.C6LUT,64'hFEEE000000000000
u_dut/t_r[555]_i_1,LUT5,SLICE_X39Y216,SLICEL.A5LUT,32'hEA000000
u_dut/t_r[556]_i_1,LUT6,SLICE_X39Y218,SLICEL.B6LUT,64'h8800880088008000
u_dut/t_r[558]_i_1,LUT3,SLICE_X39Y218,SLICEL.D5LUT,8'hE0
u_dut/t_r[558]_i_2,LUT6,SLICE_X39Y216,SLICEL.B6LUT,64'h8000000000000000
u_dut/t_r[559]_i_1,LUT3,SLICE_X40Y215,SLICEL.B6LUT,8'h80
u_dut/t_r[55]_i_1,LUT6,SLICE_X26Y229,SLICEL.B6LUT,64'hFEEE000000000000
u_dut/t_r[560]_i_1,LUT6,SLICE_X29Y215,SLICEL.B6LUT,64'h8880808080808080
u_dut/t_r[560]_i_2,LUT4,SLICE_X33Y216,SLICEL.A5LUT,16'hFFA8
u_dut/t_r[561]_i_1,LUT6,SLICE_X40Y215,SLICEL.A6LUT,64'h8880808080808080
u_dut/t_r[562]_i_1,LUT4,SLICE_X30Y215,SLICEL.D5LUT,16'hF080
u_dut/t_r[562]_i_2,LUT5,SLICE_X29Y215,SLICEL.A6LUT,32'h88008000
u_dut/t_r[566]_i_1,LUT5,SLICE_X47Y215,SLICEL.B6LUT,32'hFF008000
u_dut/t_r[567]_i_1,LUT5,SLICE_X39Y218,SLICEL.A5LUT,32'hFF008000
u_dut/t_r[56]_i_1,LUT4,SLICE_X24Y229,SLICEL.A6LUT,16'h8880
u_dut/t_r[575]_i_1,LUT5,SLICE_X47Y215,SLICEL.B5LUT,32'hCC00C800
u_dut/t_r[575]_i_2,LUT6,SLICE_X47Y215,SLICEL.D6LUT,64'hFFFFFFFFFFFFC888
u_dut/t_r[578]_i_1,LUT5,SLICE_X40Y218,SLICEL.C5LUT,32'hCC00C800
u_dut/t_r[57]_i_1,LUT6,SLICE_X12Y229,SLICEM.A6LUT,64'hFEEEAAAA00000000
u_dut/t_r[580]_i_1,LUT5,SLICE_X31Y221,SLICEL.A5LUT,32'hF0800000
u_dut/t_r[580]_i_2,LUT6,SLICE_X31Y221,SLICEL.C6LUT,64'hFFFFFFFFAAAA8000
u_dut/t_r[581]_i_1,LUT6,SLICE_X30Y215,SLICEL.C6LUT,64'hF000E00000000000
u_dut/t_r[581]_i_2,LUT2,SLICE_X25Y222,SLICEL.A5LUT,4'h8
u_dut/t_r[581]_i_3,LUT2,SLICE_X29Y215,SLICEL.A5LUT,4'hE
u_dut/t_r[582]_i_1,LUT5,SLICE_X58Y219,SLICEM.A6LUT,32'hFFFFFFFE
u_dut/t_r[583]_i_1,LUT4,SLICE_X53Y220,SLICEL.A6LUT,16'hFFFE
u_dut/t_r[584]_i_1,LUT5,SLICE_X58Y221,SLICEM.A6LUT,32'hFFFFFFEA
u_dut/t_r[585]_i_1,LUT3,SLICE_X58Y221,SLICEM.B6LUT,8'hFE
u_dut/t_r[586]_i_1,LUT5,SLICE_X58Y219,SLICEM.A5LUT,32'hFFFFFFA8
u_dut/t_r[587]_i_1,LUT4,SLICE_X58Y219,SLICEM.B6LUT,16'hFFF8
u_dut/t_r[588]_i_1,LUT5,SLICE_X53Y220,SLICEL.B6LUT,32'hFFFFFF80
u_dut/t_r[589]_i_1,LUT2,SLICE_X57Y216,SLICEL.A6LUT,4'hE
u_dut/t_r[58]_i_1,LUT6,SLICE_X23Y229,SLICEL.A6LUT,64'hA888A888A8888888
u_dut/t_r[590]_i_1,LUT5,SLICE_X58Y219,SLICEM.C6LUT,32'hFFFFAAA8
u_dut/t_r[591]_i_1,LUT4,SLICE_X58Y220,SLICEM.A6LUT,16'hFFA8
u_dut/t_r[593]_i_1,LUT3,SLICE_X51Y218,SLICEL.B6LUT,8'hF8
u_dut/t_r[594]_i_1,LUT5,SLICE_X58Y219,SLICEM.C5LUT,32'hFFFFE000
u_dut/t_r[595]_i_1,LUT4,SLICE_X58Y219,SLICEM.B5LUT,16'hFF80
u_dut/t_r[597]_i_1,LUT4,SLICE_X53Y220,SLICEL.A5LUT,16'hF0E0
u_dut/t_r[598]_i_1,LUT5,SLICE_X49Y218,SLICEL.C6LUT,32'hFF00F800
u_dut/t_r[599]_i_1,LUT5,SLICE_X58Y221,SLICEM.A5LUT,32'hFF00E000
u_dut/t_r[59]_i_1,LUT6,SLICE_X12Y229,SLICEM.B6LUT,64'hA888888888888888
u_dut/t_r[5]_i_1,LUT6,SLICE_X25Y227,SLICEL.D6LUT,64'hFFFFFFFEFCFCFCFC
u_dut/t_r[5]_i_2,LUT4,SLICE_X12Y227,SLICEM.B5LUT,16'hFFA8
u_dut/t_r[600]_i_1,LUT5,SLICE_X53Y220,SLICEL.B5LUT,32'hFF008000
u_dut/t_r[601]_i_1,LUT4,SLICE_X58Y220,SLICEM.A5LUT,16'hE000
u_dut/t_r[602]_i_1,LUT3,SLICE_X58Y221,SLICEM.B5LUT,8'h80
u_dut/t_r[603]_i_1,LUT5,SLICE_X55Y215,SLICEL.C6LUT,32'hFFFFFFFE
u_dut/t_r[603]_i_2,LUT5,SLICE_X51Y213,SLICEL.A6LUT,32'h80000000
u_dut/t_r[604]_i_1,LUT5,SLICE_X57Y220,SLICEL.A6LUT,32'hFFFE0000
u_dut/t_r[605]_i_1,LUT6,SLICE_X57Y220,SLICEL.B6LUT,64'hFFFEEEEE00000000
u_dut/t_r[606]_i_1,LUT3,SLICE_X53Y221,SLICEL.A6LUT,8'hE0
u_dut/t_r[607]_i_1,LUT4,SLICE_X53Y221,SLICEL.A5LUT,16'hEA00
u_dut/t_r[608]_i_1,LUT6,SLICE_X53Y221,SLICEL.B6LUT,64'hEAAAAAAA00000000
u_dut/t_r[609]_i_1,LUT6,SLICE_X53Y221,SLICEL.C6LUT,64'hCCC8C8C800000000
u_dut/t_r[610]_i_1,LUT6,SLICE_X54Y217,SLICEM.B6LUT,64'hC888888800000000
u_dut/t_r[611]_i_1,LUT4,SLICE_X54Y217,SLICEM.D6LUT,16'hFFFE
u_dut/t_r[611]_i_2,LUT6,SLICE_X54Y217,SLICEM.C6LUT,64'h8080800080008000
u_dut/t_r[613]_i_1,LUT4,SLICE_X50Y215,SLICEM.A6LUT,16'hFE00
u_dut/t_r[614]_i_1,LUT3,SLICE_X50Y215,SLICEM.A5LUT,8'hE0
u_dut/t_r[615]_i_1,LUT6,SLICE_X50Y215,SLICEM.C6LUT,64'hEAEAEAAA00000000
u_dut/t_r[616]_i_1,LUT6,SLICE_X51Y217,SLICEL.A6LUT,64'hFFFECCCCEEEECCCC
u_dut/t_r[617]_i_1,LUT6,SLICE_X55Y215,SLICEL.A6LUT,64'hC8C8C88800000000
u_dut/t_r[618]_i_1,LUT6,SLICE_X55Y215,SLICEL.B6LUT,64'h8080808080808000
u_dut/t_r[619]_i_1,LUT5,SLICE_X55Y215,SLICEL.C5LUT,32'hFFFFFFF8
u_dut/t_r[619]_i_2,LUT6,SLICE_X50Y215,SLICEM.B6LUT,64'h8000800080000000
u_dut/t_r[620]_i_1,LUT6,SLICE_X58Y218,SLICEM.C6LUT,64'hFFFE000000000000
u_dut/t_r[621]_i_1,LUT5,SLICE_X39Y221,SLICEL.A6LUT,32'hFE000000
u_dut/t_r[622]_i_1,LUT6,SLICE_X58Y218,SLICEM.A6LUT,64'hEAAA000000000000
u_dut/t_r[623]_i_1,LUT6,SLICE_X48Y214,SLICEL.A6LUT,64'hFEAA000000000000
u_dut/t_r[624]_i_1,LUT5,SLICE_X39Y221,SLICEL.A5LUT,32'hEA000000
u_dut/t_r[625]_i_1,LUT6,SLICE_X39Y221,SLICEL.B6LUT,64'hEAAA000000000000
u_dut/t_r[626]_i_1,LUT3,SLICE_X48Y214,SLICEL.B6LUT,8'h80
u_dut/t_r[627]_i_1,LUT5,SLICE_X45Y215,SLICEL.A6LUT,32'h80808000
u_dut/t_r[628]_i_1,LUT4,SLICE_X45Y215,SLICEL.B6LUT,16'h8000
u_dut/t_r[629]_i_1,LUT6,SLICE_X45Y215,SLICEL.C6LUT,64'hA800000000000000
u_dut/t_r[62]_i_1,LUT6,SLICE_X23Y229,SLICEL.B6LUT,64'hC888888800000000
u_dut/t_r[62]_i_2,LUT2,SLICE_X12Y229,SLICEM.C6LUT,4'h8
u_dut/t_r[630]_i_1,LUT5,SLICE_X45Y215,SLICEL.D6LUT,32'hFFFF8000
u_dut/t_r[630]_i_2,LUT5,SLICE_X45Y215,SLICEL.A5LUT,32'h80000000
u_dut/t_r[631]_i_1,LUT4,SLICE_X35Y221,SLICEL.A6LUT,16'h8000
u_dut/t_r[632]_i_1,LUT6,SLICE_X39Y221,SLICEL.C6LUT,64'h8080808080808000
u_dut/t_r[633]_i_1,LUT6,SLICE_X58Y218,SLICEM.B6LUT,64'h8000800080000000
u_dut/t_r[634]_i_1,LUT6,SLICE_X35Y221,SLICEL.B6LUT,64'h8080800080008000
u_dut/t_r[635]_i_1,LUT5,SLICE_X35Y221,SLICEL.A5LUT,32'h80000000
u_dut/t_r[636]_i_1,LUT6,SLICE_X35Y221,SLICEL.C6LUT,64'hA800000000000000
u_dut/t_r[637]_i_1,LUT6,SLICE_X35Y221,SLICEL.D6LUT,64'h8000000000000000
u_dut/t_r[638]_i_1,LUT6,SLICE_X39Y221,SLICEL.D6LUT,64'h8000000000000000
u_dut/t_r[639]_i_1,LUT3,SLICE_X57Y216,SLICEL.B6LUT,8'hFE
u_dut/t_r[63]_i_1,LUT6,SLICE_X26Y229,SLICEL.C6LUT,64'hFE00000000000000
u_dut/t_r[640]_i_1,LUT6,SLICE_X24Y217,SLICEL.C6LUT,64'hFFFFFFFE00000000
u_dut/t_r[641]_i_1,LUT5,SLICE_X39Y220,SLICEL.A6LUT,32'hFFFE0000
u_dut/t_r[642]_i_1,LUT6,SLICE_X21Y221,SLICEL.A6LUT,64'hFFFFFEEE00000000
u_dut/t_r[643]_i_1,LUT4,SLICE_X27Y213,SLICEL.A6LUT,16'hFE00
u_dut/t_r[644]_i_1,LUT6,SLICE_X24Y217,SLICEL.A6LUT,64'hFFFEEEEE00000000
u_dut/t_r[645]_i_1,LUT5,SLICE_X39Y220,SLICEL.A5LUT,32'hFEEE0000
u_dut/t_r[646]_i_1,LUT6,SLICE_X39Y220,SLICEL.B6LUT,64'hFEEEEEEE00000000
u_dut/t_r[647]_i_1,LUT3,SLICE_X21Y221,SLICEL.B6LUT,8'hE0
u_dut/t_r[648]_i_1,LUT6,SLICE_X39Y220,SLICEL.C6LUT,64'hFFFEAAAA00000000
u_dut/t_r[649]_i_1,LUT6,SLICE_X23Y219,SLICEL.A6LUT,64'hFEEEAAAA00000000
u_dut/t_r[64]_i_1,LUT6,SLICE_X23Y229,SLICEL.C6LUT,64'hF800000000000000
u_dut/t_r[650]_i_1,LUT4,SLICE_X21Y221,SLICEL.C6LUT,16'hEA00
u_dut/t_r[651]_i_1,LUT5,SLICE_X23Y219,SLICEL.B6LUT,32'hEAAA0000
u_dut/t_r[652]_i_1,LUT2,SLICE_X21Y221,SLICEL.B5LUT,4'h8
u_dut/t_r[653]_i_1,LUT6,SLICE_X21Y220,SLICEL.D6LUT,64'hFFF0FEF0F0F0F0F0
u_dut/t_r[654]_i_1,LUT5,SLICE_X51Y218,SLICEL.B5LUT,32'hFCECCCCC
u_dut/t_r[655]_i_1,LUT6,SLICE_X32Y218,SLICEL.D6LUT,64'hFFF0F8F0F0F0F0F0
u_dut/t_r[656]_i_1,LUT3,SLICE_X27Y213,SLICEL.A5LUT,8'h80
u_dut/t_r[657]_i_1,LUT6,SLICE_X27Y213,SLICEL.B6LUT,64'h8080808080808000
u_dut/t_r[658]_i_1,LUT6,SLICE_X24Y217,SLICEL.B6LUT,64'h8080800080008000
u_dut/t_r[659]_i_1,LUT4,SLICE_X21Y221,SLICEL.C5LUT,16'h8000
u_dut/t_r[65]_i_1,LUT5,SLICE_X12Y229,SLICEM.C5LUT,32'hFFF8F0F0
u_dut/t_r[65]_i_2,LUT6,SLICE_X23Y229,SLICEL.D6LUT,64'h8000000000000000
u_dut/t_r[660]_i_1,LUT6,SLICE_X39Y220,SLICEL.D6LUT,64'hA800000000000000
u_dut/t_r[661]_i_1,LUT5,SLICE_X23Y219,SLICEL.B5LUT,32'h80000000
u_dut/t_r[662]_i_1,LUT5,SLICE_X54Y217,SLICEM.D5LUT,32'hFFEEFEEE
u_dut/t_r[662]_i_2,LUT6,SLICE_X21Y221,SLICEL.D6LUT,64'h8000000000000000
u_dut/t_r[663]_i_1,LUT2,SLICE_X48Y214,SLICEL.B5LUT,4'h8
u_dut/t_r[664]_i_1,LUT6,SLICE_X33Y218,SLICEL.C6LUT,64'hFFFFFFFE00000000
u_dut/t_r[665]_i_1,LUT6,SLICE_X25Y220,SLICEL.A6LUT,64'hFFFE000000000000
u_dut/t_r[666]_i_1,LUT6,SLICE_X34Y214,SLICEL.A6LUT,64'hFFFFFEEE00000000
u_dut/t_r[667]_i_1,LUT5,SLICE_X23Y220,SLICEL.A6LUT,32'hFE000000
u_dut/t_r[668]_i_1,LUT6,SLICE_X23Y220,SLICEL.B6LUT,64'hFFFEEEEE00000000
u_dut/t_r[669]_i_1,LUT6,SLICE_X23Y220,SLICEL.C6LUT,64'hFEEE000000000000
u_dut/t_r[66]_i_1,LUT3,SLICE_X24Y229,SLICEL.A5LUT,8'h80
u_dut/t_r[670]_i_1,LUT6,SLICE_X29Y213,SLICEL.A6LUT,64'hFEEEEEEE00000000
u_dut/t_r[671]_i_1,LUT4,SLICE_X33Y218,SLICEL.A6LUT,16'hE000
u_dut/t_r[672]_i_1,LUT6,SLICE_X34Y214,SLICEL.B6LUT,64'hFFFEAAAA00000000
u_dut/t_r[673]_i_1,LUT6,SLICE_X23Y220,SLICEL.D6LUT,64'hFEAA000000000000
u_dut/t_r[674]_i_1,LUT6,SLICE_X25Y220,SLICEL.B6LUT,64'hFEEEAAAA00000000
u_dut/t_r[675]_i_1,LUT5,SLICE_X23Y220,SLICEL.A5LUT,32'hEA000000
u_dut/t_r[676]_i_1,LUT6,SLICE_X25Y220,SLICEL.C6LUT,64'hEAEAEAAA00000000
u_dut/t_r[677]_i_1,LUT6,SLICE_X25Y220,SLICEL.D6LUT,64'hEAAA000000000000
u_dut/t_r[678]_i_1,LUT3,SLICE_X33Y218,SLICEL.D6LUT,8'h80
u_dut/t_r[679]_i_1,LUT6,SLICE_X29Y213,SLICEL.B6LUT,64'hCCC8000000000000
u_dut/t_r[67]_i_1,LUT5,SLICE_X33Y227,SLICEL.A6LUT,32'hFFFE0000
u_dut/t_r[680]_i_1,LUT6,SLICE_X33Y218,SLICEL.B6LUT,64'hC888000000000000
u_dut/t_r[681]_i_1,LUT4,SLICE_X34Y214,SLICEL.C6LUT,16'hFFF8
u_dut/t_r[681]_i_2,LUT5,SLICE_X33Y218,SLICEL.A5LUT,32'h80000000
u_dut/t_r[682]_i_1,LUT6,SLICE_X58Y217,SLICEM.A6LUT,64'hFFFCFEFCFCFCFCFC
u_dut/t_r[683]_i_1,LUT6,SLICE_X48Y219,SLICEL.C6LUT,64'hFFFCFEFCFCFCFCFC
u_dut/t_r[684]_i_1,LUT6,SLICE_X37Y212,SLICEL.A6LUT,64'hFFFFFFF8FFF0FFF0
u_dut/t_r[684]_i_2,LUT2,SLICE_X50Y212,SLICEM.A6LUT,4'hE
u_dut/t_r[685]_i_1,LUT6,SLICE_X48Y216,SLICEL.C6LUT,64'hFFFFFFFFFFFF8000
u_dut/t_r[686]_i_1,LUT6,SLICE_X59Y218,SLICEL.C6LUT,64'hFFFFFFFFFFFF8000
u_dut/t_r[687]_i_1,LUT2,SLICE_X53Y217,SLICEL.A6LUT,4'hE
u_dut/t_r[688]_i_1,LUT6,SLICE_X51Y216,SLICEL.D6LUT,64'hFFFFFEEE00000000
u_dut/t_r[689]_i_1,LUT6,SLICE_X51Y216,SLICEL.A6LUT,64'hFEEEEEEE00000000
u_dut/t_r[68]_i_1,LUT6,SLICE_X31Y223,SLICEL.C6LUT,64'hFFFEEEEE00000000
u_dut/t_r[690]_i_1,LUT6,SLICE_X59Y219,SLICEL.A6LUT,64'hFFFEFEFECCCCCCCC
u_dut/t_r[691]_i_1,LUT6,SLICE_X54Y220,SLICEM.C6LUT,64'hFFFEFEFECCCCCCCC
u_dut/t_r[692]_i_1,LUT6,SLICE_X58Y217,SLICEM.B6LUT,64'hFFFEEEEECCCCCCCC
u_dut/t_r[693]_i_1,LUT6,SLICE_X51Y218,SLICEL.C6LUT,64'hFFFEEEEECCCCCCCC
u_dut/t_r[694]_i_1,LUT6,SLICE_X51Y216,SLICEL.B6LUT,64'h8080808080808000
u_dut/t_r[695]_i_1,LUT4,SLICE_X57Y216,SLICEL.A5LUT,16'h8000
u_dut/t_r[696]_i_1,LUT3,SLICE_X57Y216,SLICEL.B5LUT,8'hF8
u_dut/t_r[696]_i_2,LUT6,SLICE_X51Y216,SLICEL.C6LUT,64'h8000000000000000
u_dut/t_r[697]_i_1,LUT6,SLICE_X53Y218,SLICEL.B6LUT,64'hFFCCCCCCFECCCCCC
u_dut/t_r[698]_i_1,LUT6,SLICE_X53Y217,SLICEL.B6LUT,64'hFEEEAAAAAAAAAAAA
u_dut/t_r[699]_i_1,LUT6,SLICE_X56Y221,SLICEM.D6LUT,64'hFFF0F0F0F8F0F0F0
u_dut/t_r[69]_i_1,LUT6,SLICE_X31Y223,SLICEL.A6LUT,64'hFEEEEEEE00000000
u_dut/t_r[700]_i_1,LUT6,SLICE_X51Y217,SLICEL.B6LUT,64'hFFFFFFFF80000000
u_dut/t_r[700]_i_2,LUT4,SLICE_X53Y218,SLICEL.C6LUT,16'hFF80
u_dut/t_r[701]_i_1,LUT6,SLICE_X49Y218,SLICEL.D6LUT,64'hFEAAAAAAAAAAAAAA
u_dut/t_r[702]_i_1,LUT6,SLICE_X57Y221,SLICEL.A6LUT,64'hFEAAAAAAAAAAAAAA
u_dut/t_r[702]_i_2,LUT4,SLICE_X57Y220,SLICEL.A5LUT,16'hF080
u_dut/t_r[703]_i_1,LUT6,SLICE_X58Y217,SLICEM.C6LUT,64'hFFFFFFFF80000000
u_dut/t_r[704]_i_1,LUT6,SLICE_X48Y219,SLICEL.D6LUT,64'hFFFFFFFF80000000
u_dut/t_r[705]_i_1,LUT6,SLICE_X56Y220,SLICEM.D6LUT,64'hFFFF0000FFFE0000
u_dut/t_r[706]_i_1,LUT6,SLICE_X59Y219,SLICEL.B6LUT,64'hFF00FF00FF00FE00
u_dut/t_r[707]_i_1,LUT6,SLICE_X53Y217,SLICEL.C6LUT,64'hFFFFFFFFAAAAAA80
u_dut/t_r[707]_i_2,LUT3,SLICE_X50Y217,SLICEM.C6LUT,8'hF8
u_dut/t_r[708]_i_1,LUT6,SLICE_X59Y218,SLICEL.D6LUT,64'hFF00FF00FF00F800
u_dut/t_r[709]_i_1,LUT6,SLICE_X35Y214,SLICEL.D6LUT,64'hFF00FF00FF00F800
u_dut/t_r[70]_i_1,LUT6,SLICE_X25Y224,SLICEL.A6LUT,64'hFFFEAAAA00000000
u_dut/t_r[710]_i_1,LUT6,SLICE_X51Y217,SLICEL.C6LUT,64'hFFFFFFFFFF800000
u_dut/t_r[710]_i_2,LUT3,SLICE_X50Y217,SLICEM.C5LUT,8'hFE
u_dut/t_r[712]_i_1,LUT6,SLICE_X59Y219,SLICEL.C6LUT,64'hFF00FC00FE00FC00
u_dut/t_r[714]_i_1,LUT6,SLICE_X54Y220,SLICEM.D6LUT,64'hFF00FC00FE00FC00
u_dut/t_r[715]_i_1,LUT6,SLICE_X51Y217,SLICEL.D6LUT,64'hFFF0F8F0F0F0F0F0
u_dut/t_r[71]_i_1,LUT6,SLICE_X33Y227,SLICEL.B6LUT,64'hEA00000000000000
u_dut/t_r[720]_i_1,LUT3,SLICE_X53Y217,SLICEL.A5LUT,8'hE0
u_dut/t_r[721]_i_1,LUT6,SLICE_X51Y213,SLICEL.B6LUT,64'hFF00CC00FF00C800
u_dut/t_r[721]_i_2,LUT5,SLICE_X51Y213,SLICEL.A5LUT,32'hFFFFAA80
u_dut/t_r[722]_i_1,LUT6,SLICE_X53Y218,SLICEL.D6LUT,64'hFFFFFFFF88800000
u_dut/t_r[722]_i_2,LUT5,SLICE_X53Y218,SLICEL.C5LUT,32'hF0E0C0C0
u_dut/t_r[723]_i_1,LUT6,SLICE_X47Y215,SLICEL.C6LUT,64'hFF00F800F000F000
u_dut/t_r[724]_i_1,LUT6,SLICE_X59Y219,SLICEL.D6LUT,64'hFE00AA00AA00AA00
u_dut/t_r[725]_i_1,LUT6,SLICE_X51Y218,SLICEL.D6LUT,64'hFFFF000080000000
u_dut/t_r[725]_i_2,LUT2,SLICE_X50Y212,SLICEM.A5LUT,4'h8
u_dut/t_r[725]_i_3,LUT2,SLICE_X45Y215,SLICEL.B5LUT,4'h8
u_dut/t_r[726]_i_1,LUT6,SLICE_X46Y218,SLICEM.D6LUT,64'hFE00AA0000000000
u_dut/t_r[726]_i_2,LUT5,SLICE_X49Y218,SLICEL.C5LUT,32'hFFFF8000
u_dut/t_r[72]_i_1,LUT5,SLICE_X33Y227,SLICEL.A5LUT,32'hEAAA0000
u_dut/t_r[738]_i_1,LUT2,SLICE_X59Y223,SLICEL.B6LUT,4'hE
u_dut/t_r[739]_i_1,LUT5,SLICE_X45Y225,SLICEL.A6LUT,32'hFFFE0000
u_dut/t_r[73]_i_1,LUT4,SLICE_X16Y224,SLICEM.B5LUT,16'h8000
u_dut/t_r[740]_i_1,LUT6,SLICE_X44Y225,SLICEL.D6LUT,64'hFFFFFFFEFCFCFCFC
u_dut/t_r[742]_i_1,LUT3,SLICE_X45Y225,SLICEL.B6LUT,8'hE0
u_dut/t_r[743]_i_1,LUT5,SLICE_X45Y225,SLICEL.C6LUT,32'hFEAA0000
u_dut/t_r[745]_i_1,LUT5,SLICE_X53Y225,SLICEL.A6LUT,32'hEAAA0000
u_dut/t_r[747]_i_1,LUT5,SLICE_X45Y225,SLICEL.A5LUT,32'hCCC80000
u_dut/t_r[74]_i_1,LUT5,SLICE_X19Y224,SLICEL.A5LUT,32'hCCC80000
u_dut/t_r[750]_i_1,LUT4,SLICE_X54Y223,SLICEM.A6LUT,16'hFF80
u_dut/t_r[751]_i_1,LUT4,SLICE_X45Y225,SLICEL.B5LUT,16'h8000
u_dut/t_r[752]_i_1,LUT5,SLICE_X45Y224,SLICEL.D6LUT,32'hFFFFFFFE
u_dut/t_r[752]_i_2,LUT5,SLICE_X45Y225,SLICEL.C5LUT,32'h80000000
u_dut/t_r[754]_i_1,LUT5,SLICE_X47Y225,SLICEL.A6LUT,32'hF0F0F0E0
u_dut/t_r[755]_i_1,LUT4,SLICE_X47Y225,SLICEL.B6LUT,16'hF0E0
u_dut/t_r[756]_i_1,LUT5,SLICE_X47Y225,SLICEL.A5LUT,32'hFF00F800
u_dut/t_r[757]_i_1,LUT3,SLICE_X57Y223,SLICEL.A6LUT,8'hC8
u_dut/t_r[758]_i_1,LUT6,SLICE_X52Y225,SLICEM.D6LUT,64'hFFFFFFA8FF00FF00
u_dut/t_r[75]_i_1,LUT6,SLICE_X31Y223,SLICEL.B6LUT,64'hC8C8C88800000000
u_dut/t_r[761]_i_1,LUT6,SLICE_X47Y225,SLICEL.D6LUT,64'hFFFE000000000000
u_dut/t_r[762]_i_1,LUT4,SLICE_X47Y225,SLICEL.B5LUT,16'h8880
u_dut/t_r[763]_i_1,LUT6,SLICE_X54Y223,SLICEM.B6LUT,64'hEAAA000000000000
u_dut/t_r[765]_i_1,LUT4,SLICE_X45Y224,SLICEL.D5LUT,16'hFFFE
u_dut/t_r[765]_i_2,LUT6,SLICE_X47Y225,SLICEL.C6LUT,64'hE000000000000000
u_dut/t_r[766]_i_1,LUT2,SLICE_X55Y222,SLICEL.B6LUT,4'hE
u_dut/t_r[767]_i_1,LUT5,SLICE_X51Y222,SLICEL.A6LUT,32'hFFFE0000
u_dut/t_r[769]_i_1,LUT5,SLICE_X51Y222,SLICEL.B6LUT,32'hFEEE0000
u_dut/t_r[76]_i_1,LUT6,SLICE_X19Y224,SLICEL.B6LUT,64'hC888888800000000
u_dut/t_r[770]_i_1,LUT3,SLICE_X49Y223,SLICEL.A6LUT,8'hE0
u_dut/t_r[773]_i_1,LUT5,SLICE_X51Y222,SLICEL.B5LUT,32'hEAAA0000
u_dut/t_r[774]_i_1,LUT2,SLICE_X51Y222,SLICEL.C6LUT,4'h8
u_dut/t_r[775]_i_1,LUT5,SLICE_X51Y222,SLICEL.A5LUT,32'hCCC80000
u_dut/t_r[776]_i_1,LUT4,SLICE_X49Y223,SLICEL.A5LUT,16'hC800
u_dut/t_r[778]_i_1,LUT6,SLICE_X54Y224,SLICEM.B6LUT,64'hFEAAEEAAEEAAEEAA
u_dut/t_r[778]_i_2,LUT2,SLICE_X57Y221,SLICEL.B6LUT,4'h8
u_dut/t_r[77]_i_1,LUT6,SLICE_X33Y227,SLICEL.C6LUT,64'h8888888000000000
u_dut/t_r[780]_i_1,LUT6,SLICE_X49Y223,SLICEL.C6LUT,64'h8888888080808080
u_dut/t_r[782]_i_1,LUT6,SLICE_X51Y222,SLICEL.D6LUT,64'h8800800080008000
u_dut/t_r[783]_i_1,LUT3,SLICE_X53Y224,SLICEL.C6LUT,8'hFE
u_dut/t_r[783]_i_2,LUT6,SLICE_X49Y223,SLICEL.B6LUT,64'h8000000000000000
u_dut/t_r[784]_i_1,LUT5,SLICE_X53Y224,SLICEL.A6LUT,32'hFFFE0000
u_dut/t_r[786]_i_1,LUT5,SLICE_X52Y223,SLICEM.C6LUT,32'hFFF8F0F0
u_dut/t_r[787]_i_1,LUT2,SLICE_X53Y224,SLICEL.B6LUT,4'h8
u_dut/t_r[788]_i_1,LUT5,SLICE_X53Y224,SLICEL.A5LUT,32'hC8880000
u_dut/t_r[789]_i_1,LUT6,SLICE_X53Y224,SLICEL.D6LUT,64'hFFFFFFFEFFF0FFF0
u_dut/t_r[789]_i_2,LUT5,SLICE_X57Y221,SLICEL.C6LUT,32'hE0000000
u_dut/t_r[78]_i_1,LUT6,SLICE_X25Y224,SLICEL.B6LUT,64'h8888800000000000
u_dut/t_r[790]_i_1,LUT3,SLICE_X55Y224,SLICEL.A6LUT,8'hE0
u_dut/t_r[792]_i_1,LUT4,SLICE_X60Y217,SLICEL.A6LUT,16'h8880
u_dut/t_r[793]_i_1,LUT6,SLICE_X58Y224,SLICEM.A6LUT,64'h8880808080808080
u_dut/t_r[794]_i_1,LUT6,SLICE_X48Y220,SLICEL.A6LUT,64'h8800880088008000
u_dut/t_r[795]_i_1,LUT6,SLICE_X48Y220,SLICEL.B6LUT,64'h8800800080008000
u_dut/t_r[796]_i_1,LUT5,SLICE_X57Y218,SLICEL.C6LUT,32'hFFFEFCFC
u_dut/t_r[796]_i_2,LUT6,SLICE_X48Y220,SLICEL.C6LUT,64'hE000000000000000
u_dut/t_r[797]_i_1,LUT2,SLICE_X55Y224,SLICEL.A5LUT,4'h8
u_dut/t_r[798]_i_1,LUT6,SLICE_X47Y223,SLICEL.C6LUT,64'hF0F0F0E000000000
u_dut/t_r[79]_i_1,LUT3,SLICE_X23Y223,SLICEL.C5LUT,8'hF8
u_dut/t_r[79]_i_2,LUT6,SLICE_X33Y227,SLICEL.D6LUT,64'h8000000000000000
u_dut/t_r[7]_i_1,LUT6,SLICE_X18Y224,SLICEM.D6LUT,64'hFFFFFFE0FF00FF00
u_dut/t_r[7]_i_2,LUT2,SLICE_X10Y224,SLICEM.B5LUT,4'hE
u_dut/t_r[800]_i_1,LUT6,SLICE_X55Y224,SLICEL.B6LUT,64'hCCC8C8C800000000
u_dut/t_r[803]_i_1,LUT6,SLICE_X48Y224,SLICEL.D6LUT,64'hFFFEEEEECCCCCCCC
u_dut/t_r[805]_i_1,LUT6,SLICE_X55Y224,SLICEL.C6LUT,64'h8888888888888880
u_dut/t_r[806]_i_1,LUT6,SLICE_X53Y223,SLICEL.C6LUT,64'hFFAAFEAAFEAAFEAA
u_dut/t_r[806]_i_2,LUT3,SLICE_X57Y223,SLICEL.B6LUT,8'h80
u_dut/t_r[808]_i_1,LUT6,SLICE_X47Y223,SLICEL.A6LUT,64'h8880808080808080
u_dut/t_r[809]_i_1,LUT6,SLICE_X47Y223,SLICEL.B6LUT,64'h8800880088008000
u_dut/t_r[80]_i_1,LUT2,SLICE_X17Y227,SLICEL.C5LUT,4'h8
u_dut/t_r[811]_i_1,LUT4,SLICE_X53Y224,SLICEL.C5LUT,16'hFFF8
u_dut/t_r[811]_i_2,LUT6,SLICE_X53Y225,SLICEL.B6LUT,64'hE000000000000000
u_dut/t_r[813]_i_1,LUT6,SLICE_X47Y220,SLICEL.C6LUT,64'hFFFFFFFE00000000
u_dut/t_r[814]_i_1,LUT6,SLICE_X47Y220,SLICEL.A6LUT,64'hFFFE000000000000
u_dut/t_r[816]_i_1,LUT5,SLICE_X57Y223,SLICEL.A5LUT,32'hFE000000
u_dut/t_r[818]_i_1,LUT6,SLICE_X46Y225,SLICEM.A6LUT,64'hFEEE000000000000
u_dut/t_r[81]_i_1,LUT6,SLICE_X27Y229,SLICEL.D6LUT,64'hFFFE000000000000
u_dut/t_r[825]_i_1,LUT6,SLICE_X47Y220,SLICEL.B6LUT,64'hEAAA000000000000
u_dut/t_r[828]_i_1,LUT6,SLICE_X46Y225,SLICEM.B6LUT,64'hF0F0F0E000000000
u_dut/t_r[82]_i_1,LUT5,SLICE_X33Y229,SLICEL.A5LUT,32'hFE000000
u_dut/t_r[830]_i_1,LUT6,SLICE_X59Y223,SLICEL.C6LUT,64'hFCECCCCCCCCCCCCC
u_dut/t_r[831]_i_1,LUT6,SLICE_X50Y224,SLICEM.C6LUT,64'hFCECCCCCCCCCCCCC
u_dut/t_r[832]_i_1,LUT6,SLICE_X53Y223,SLICEL.D6LUT,64'hFCECCCCCCCCCCCCC
u_dut/t_r[832]_i_2,LUT4,SLICE_X53Y225,SLICEL.A5LUT,16'hF080
u_dut/t_r[836]_i_1,LUT6,SLICE_X46Y225,SLICEM.C6LUT,64'h8888888080808080
u_dut/t_r[837]_i_1,LUT5,SLICE_X57Y223,SLICEL.B5LUT,32'h80000000
u_dut/t_r[83]_i_1,LUT6,SLICE_X13Y228,SLICEL.A6LUT,64'hFEEEEEEE00000000
u_dut/t_r[840]_i_1,LUT2,SLICE_X60Y223,SLICEL.B6LUT,4'hE
u_dut/t_r[840]_i_2,LUT6,SLICE_X46Y225,SLICEM.D6LUT,64'h8000000000000000
u_dut/t_r[847]_i_1,LUT5,SLICE_X57Y221,SLICEL.B5LUT,32'hFFF8F0F0
u_dut/t_r[847]_i_2,LUT4,SLICE_X57Y221,SLICEL.C5LUT,16'hFFFE
u_dut/t_r[84]_i_1,LUT6,SLICE_X33Y229,SLICEL.B6LUT,64'hFFFEAAAA00000000
u_dut/t_r[851]_i_1,LUT5,SLICE_X45Y223,SLICEL.A6LUT,32'hEAAA0000
u_dut/t_r[852]_i_1,LUT5,SLICE_X59Y223,SLICEL.B5LUT,32'hFFF8F0F0
u_dut/t_r[852]_i_2,LUT4,SLICE_X57Y223,SLICEL.C6LUT,16'h8000
u_dut/t_r[853]_i_1,LUT6,SLICE_X40Y211,SLICEL.A6LUT,64'hF0F0F0E000000000
u_dut/t_r[857]_i_1,LUT6,SLICE_X54Y224,SLICEM.C6LUT,64'hFEAAEEAAAAAAAAAA
u_dut/t_r[858]_i_1,LUT6,SLICE_X45Y223,SLICEL.B6LUT,64'h8888888888888880
u_dut/t_r[859]_i_1,LUT5,SLICE_X45Y223,SLICEL.A5LUT,32'h80808000
u_dut/t_r[85]_i_1,LUT6,SLICE_X27Y229,SLICEL.A6LUT,64'hFEEEAAAA00000000
u_dut/t_r[860]_i_1,LUT6,SLICE_X45Y223,SLICEL.C6LUT,64'h8880808080808080
u_dut/t_r[861]_i_1,LUT6,SLICE_X45Y223,SLICEL.D6LUT,64'h8800800080008000
u_dut/t_r[862]_i_1,LUT4,SLICE_X57Y218,SLICEL.C5LUT,16'hFFA8
u_dut/t_r[862]_i_2,LUT6,SLICE_X49Y225,SLICEL.A6LUT,64'h8000000000000000
u_dut/t_r[863]_i_1,LUT6,SLICE_X43Y223,SLICEL.D6LUT,64'hFFFFFFFE00000000
u_dut/t_r[865]_i_1,LUT6,SLICE_X49Y224,SLICEL.D6LUT,64'hFFCCFFC0FFC8FFC0
u_dut/t_r[865]_i_2,LUT4,SLICE_X50Y224,SLICEM.D6LUT,16'hF0E0
u_dut/t_r[866]_i_1,LUT6,SLICE_X47Y224,SLICEL.D6LUT,64'hFFCCFFC0FFC8FFC0
u_dut/t_r[866]_i_2,LUT4,SLICE_X50Y224,SLICEM.D5LUT,16'h8880
u_dut/t_r[868]_i_1,LUT6,SLICE_X43Y222,SLICEL.C6LUT,64'hFFFFFF00FFE0FF00
u_dut/t_r[869]_i_1,LUT6,SLICE_X44Y223,SLICEL.D6LUT,64'hFFF0F0F0F8F0F0F0
u_dut/t_r[86]_i_1,LUT6,SLICE_X33Y229,SLICEL.C6LUT,64'hEAEAEAAA00000000
u_dut/t_r[871]_i_1,LUT6,SLICE_X44Y222,SLICEL.D6LUT,64'hFFFFEEEAAAAAAAAA
u_dut/t_r[871]_i_2,LUT2,SLICE_X51Y222,SLICEL.C5LUT,4'h8
u_dut/t_r[872]_i_1,LUT6,SLICE_X43Y223,SLICEL.A6LUT,64'hCCC8C8C800000000
u_dut/t_r[875]_i_1,LUT6,SLICE_X43Y223,SLICEL.B6LUT,64'h8880000000000000
u_dut/t_r[876]_i_1,LUT3,SLICE_X47Y223,SLICEL.D6LUT,8'hF8
u_dut/t_r[876]_i_2,LUT6,SLICE_X43Y223,SLICEL.C6LUT,64'h8800880088008000
u_dut/t_r[878]_i_1,LUT6,SLICE_X52Y223,SLICEM.D6LUT,64'hFFFEAAAAAAAAAAAA
u_dut/t_r[878]_i_2,LUT2,SLICE_X52Y223,SLICEM.C5LUT,4'hE
u_dut/t_r[881]_i_1,LUT6,SLICE_X59Y223,SLICEL.D6LUT,64'hFFFFFF00FFF8FF00
u_dut/t_r[881]_i_2,LUT2,SLICE_X60Y217,SLICEL.A5LUT,4'h8
u_dut/t_r[881]_i_3,LUT4,SLICE_X57Y223,SLICEL.C5LUT,16'hFF80
u_dut/t_r[881]_i_4,LUT2,SLICE_X55Y221,SLICEL.B6LUT,4'h8
u_dut/t_r[888]_i_1,LUT6,SLICE_X54Y224,SLICEM.D6LUT,64'hFAEAEAEAEAEAEAEA
u_dut/t_r[888]_i_2,LUT2,SLICE_X54Y223,SLICEM.A5LUT,4'h8
u_dut/t_r[88]_i_1,LUT6,SLICE_X27Y229,SLICEL.B6LUT,64'hCCC8000000000000
u_dut/t_r[890]_i_1,LUT6,SLICE_X54Y222,SLICEM.D6LUT,64'hFAEAEAEAEAEAEAEA
u_dut/t_r[890]_i_2,LUT2,SLICE_X55Y222,SLICEL.C6LUT,4'hE
u_dut/t_r[891]_i_1,LUT6,SLICE_X45Y224,SLICEL.C6LUT,64'hFFFFFFFF80000000
u_dut/t_r[892]_i_1,LUT6,SLICE_X54Y225,SLICEM.B6LUT,64'hFFFFFFFF80000000
u_dut/t_r[893]_i_1,LUT6,SLICE_X51Y225,SLICEL.D6LUT,64'hFF00FF00FF00FE00
u_dut/t_r[90]_i_1,LUT6,SLICE_X13Y228,SLICEL.B6LUT,64'hC888000000000000
u_dut/t_r[91]_i_1,LUT6,SLICE_X21Y229,SLICEL.A6LUT,64'h8080808080808000
u_dut/t_r[922]_i_1,LUT6,SLICE_X54Y221,SLICEM.D6LUT,64'hFFFF0000F8000000
u_dut/t_r[922]_i_2,LUT2,SLICE_X55Y222,SLICEL.C5LUT,4'h8
u_dut/t_r[922]_i_3,LUT2,SLICE_X55Y222,SLICEL.B5LUT,4'h8
u_dut/t_r[922]_i_4,LUT3,SLICE_X55Y221,SLICEL.B5LUT,8'h80
u_dut/t_r[923]_i_1,LUT6,SLICE_X24Y219,SLICEL.B6LUT,64'hFFFFFFFFFFFFFFFE
u_dut/t_r[925]_i_1,LUT6,SLICE_X24Y219,SLICEL.C6LUT,64'hFFFFFFFEFFFEFFFE
u_dut/t_r[92]_i_1,LUT6,SLICE_X27Y229,SLICEL.C6LUT,64'h8080800080008000
u_dut/t_r[93]_i_1,LUT6,SLICE_X33Y229,SLICEL.D6LUT,64'h8880000000000000
u_dut/t_r[940]_i_1,LUT4,SLICE_X27Y219,SLICEL.A6LUT,16'hFE00
u_dut/t_r[943]_i_1,LUT5,SLICE_X27Y219,SLICEL.B6LUT,32'hFEAA0000
u_dut/t_r[944]_i_1,LUT4,SLICE_X27Y219,SLICEL.A5LUT,16'hEA00
u_dut/t_r[946]_i_1,LUT2,SLICE_X25Y216,SLICEL.D5LUT,4'h8
u_dut/t_r[947]_i_1,LUT5,SLICE_X27Y219,SLICEL.B5LUT,32'hCCC80000
u_dut/t_r[948]_i_1,LUT4,SLICE_X21Y218,SLICEL.A6LUT,16'hC800
u_dut/t_r[949]_i_1,LUT5,SLICE_X27Y219,SLICEL.C6LUT,32'hC8880000
u_dut/t_r[94]_i_1,LUT5,SLICE_X14Y227,SLICEM.B5LUT,32'hFFFF8880
u_dut/t_r[94]_i_2,LUT6,SLICE_X13Y228,SLICEL.C6LUT,64'h8000000000000000
u_dut/t_r[952]_i_1,LUT4,SLICE_X21Y218,SLICEL.A5LUT,16'h8000
u_dut/t_r[953]_i_1,LUT5,SLICE_X23Y218,SLICEL.C5LUT,32'hFFFFFFFE
u_dut/t_r[953]_i_2,LUT5,SLICE_X27Y219,SLICEL.C5LUT,32'h80000000
u_dut/t_r[955]_i_1,LUT5,SLICE_X26Y220,SLICEL.A6LUT,32'hFFFE0000
u_dut/t_r[957]_i_1,LUT5,SLICE_X26Y218,SLICEL.A6LUT,32'hFEEE0000
u_dut/t_r[959]_i_1,LUT5,SLICE_X26Y218,SLICEL.B6LUT,32'hFEAA0000
u_dut/t_r[95]_i_1,LUT6,SLICE_X22Y228,SLICEM.B6LUT,64'h8888888888888880
u_dut/t_r[960]_i_1,LUT4,SLICE_X26Y220,SLICEL.B6LUT,16'hEA00
u_dut/t_r[961]_i_1,LUT5,SLICE_X26Y218,SLICEL.A5LUT,32'hEAAA0000
u_dut/t_r[962]_i_1,LUT2,SLICE_X26Y220,SLICEL.D6LUT,4'h8
u_dut/t_r[963]_i_1,LUT5,SLICE_X26Y220,SLICEL.A5LUT,32'hCCC80000
u_dut/t_r[965]_i_1,LUT5,SLICE_X26Y220,SLICEL.C6LUT,32'hC8880000
u_dut/t_r[967]_i_1,LUT5,SLICE_X26Y218,SLICEL.B5LUT,32'hE0000000
u_dut/t_r[968]_i_1,LUT4,SLICE_X26Y220,SLICEL.B5LUT,16'h8000
u_dut/t_r[969]_i_1,LUT6,SLICE_X25Y218,SLICEL.D6LUT,64'hFFFFFFFEFFFEFFFE
u_dut/t_r[969]_i_2,LUT5,SLICE_X26Y220,SLICEL.C5LUT,32'h80000000
u_dut/t_r[96]_i_1,LUT6,SLICE_X28Y231,SLICEL.B6LUT,64'hFE00000000000000
u_dut/t_r[972]_i_1,LUT5,SLICE_X26Y219,SLICEL.A6LUT,32'hFE000000
u_dut/t_r[974]_i_1,LUT4,SLICE_X26Y219,SLICEL.B6LUT,16'h8880
u_dut/t_r[975]_i_1,LUT5,SLICE_X26Y219,SLICEL.A5LUT,32'hEA000000
u_dut/t_r[976]_i_1,LUT6,SLICE_X23Y218,SLICEL.B6LUT,64'hEAAA000000000000
u_dut/t_r[977]_i_1,LUT3,SLICE_X23Y215,SLICEL.D5LUT,8'h80
u_dut/t_r[97]_i_1,LUT6,SLICE_X37Y230,SLICEL.B6LUT,64'hFEEE000000000000
u_dut/t_r[981]_i_1,LUT6,SLICE_X26Y219,SLICEL.C6LUT,64'hE000000000000000
u_dut/t_r[982]_i_1,LUT5,SLICE_X26Y219,SLICEL.B5LUT,32'h80000000
u_dut/t_r[983]_i_1,LUT4,SLICE_X23Y218,SLICEL.D6LUT,16'hFFFE
u_dut/t_r[983]_i_2,LUT6,SLICE_X23Y218,SLICEL.A6LUT,64'h8000000000000000
u_dut/t_r[984]_i_1,LUT5,SLICE_X27Y217,SLICEL.A6LUT,32'hFFFE0000
u_dut/t_r[985]_i_1,LUT4,SLICE_X27Y217,SLICEL.B6LUT,16'hFE00
u_dut/t_r[986]_i_1,LUT3,SLICE_X23Y217,SLICEL.B5LUT,8'hE0
u_dut/t_r[987]_i_1,LUT5,SLICE_X27Y217,SLICEL.A5LUT,32'hFEAA0000
u_dut/t_r[989]_i_1,LUT2,SLICE_X23Y217,SLICEL.C6LUT,4'h8
u_dut/t_r[98]_i_1,LUT5,SLICE_X28Y231,SLICEL.A5LUT,32'h80808000
u_dut/t_r[990]_i_1,LUT4,SLICE_X27Y217,SLICEL.B5LUT,16'hC800
u_dut/t_r[992]_i_1,LUT4,SLICE_X23Y217,SLICEL.A5LUT,16'h8000
u_dut/t_r[993]_i_1,LUT6,SLICE_X23Y217,SLICEL.D6LUT,64'hFFFFFFFFFFFFFFA8
u_dut/t_r[993]_i_2,LUT5,SLICE_X23Y214,SLICEL.D5LUT,32'h80000000
u_dut/t_r[994]_i_1,LUT6,SLICE_X22Y218,SLICEM.A6LUT,64'h8888888888888880
u_dut/t_r[995]_i_1,LUT6,SLICE_X25Y218,SLICEL.A6LUT,64'h8888888088808880
u_dut/t_r[997]_i_1,LUT3,SLICE_X25Y218,SLICEL.B6LUT,8'h80
u_dut/t_r[998]_i_1,LUT5,SLICE_X25Y218,SLICEL.B5LUT,32'h88008000
u_dut/t_r[99]_i_1,LUT6,SLICE_X33Y224,SLICEL.C6LUT,64'hFEEEAAAA00000000
u_dut/t_r[9]_i_1,LUT4,SLICE_X36Y221,SLICEL.B5LUT,16'h8880
u_dut/t_r_reg[0],FDRE,SLICE_X10Y223,SLICEM.AFF,1'b0
u_dut/t_r_reg[1000],FDSE,SLICE_X25Y218,SLICEL.CFF,1'b0
u_dut/t_r_reg[1001],FDSE,SLICE_X25Y212,SLICEL.CFF,1'b0
u_dut/t_r_reg[1002],FDSE,SLICE_X25Y212,SLICEL.AFF,1'b0
u_dut/t_r_reg[1003],FDSE,SLICE_X25Y212,SLICEL.BFF,1'b0
u_dut/t_r_reg[1004],FDSE,SLICE_X25Y212,SLICEL.A5FF,1'b0
u_dut/t_r_reg[1005],FDSE,SLICE_X24Y212,SLICEL.AFF,1'b0
u_dut/t_r_reg[1007],FDRE,SLICE_X22Y215,SLICEM.BFF,1'b0
u_dut/t_r_reg[1008],FDRE,SLICE_X22Y215,SLICEM.CFF,1'b0
u_dut/t_r_reg[1009],FDRE,SLICE_X22Y214,SLICEM.AFF,1'b0
u_dut/t_r_reg[100],FDSE,SLICE_X33Y224,SLICEL.DFF,1'b0
u_dut/t_r_reg[1012],FDRE,SLICE_X24Y216,SLICEL.DFF,1'b0
u_dut/t_r_reg[1013],FDRE,SLICE_X25Y216,SLICEL.CFF,1'b0
u_dut/t_r_reg[1017],FDRE,SLICE_X24Y214,SLICEL.AFF,1'b0
u_dut/t_r_reg[1018],FDRE,SLICE_X22Y217,SLICEM.CFF,1'b0
u_dut/t_r_reg[101],FDSE,SLICE_X37Y230,SLICEL.AFF,1'b0
u_dut/t_r_reg[1020],FDRE,SLICE_X22Y215,SLICEM.DFF,1'b0
u_dut/t_r_reg[1022],FDRE,SLICE_X24Y214,SLICEL.CFF,1'b0
u_dut/t_r_reg[1023],FDRE,SLICE_X25Y217,SLICEL.DFF,1'b0
u_dut/t_r_reg[1024],FDRE,SLICE_X23Y216,SLICEL.CFF,1'b0
u_dut/t_r_reg[1026],FDRE,SLICE_X23Y216,SLICEL.DFF,1'b0
u_dut/t_r_reg[1027],FDRE,SLICE_X25Y217,SLICEL.A5FF,1'b0
u_dut/t_r_reg[1029],FDRE,SLICE_X22Y214,SLICEM.DFF,1'b0
u_dut/t_r_reg[102],FDSE,SLICE_X33Y224,SLICEL.AFF,1'b0
u_dut/t_r_reg[1030],FDRE,SLICE_X23Y215,SLICEL.BFF,1'b0
u_dut/t_r_reg[1031],FDRE,SLICE_X24Y215,SLICEL.BFF,1'b0
u_dut/t_r_reg[1033],FDRE,SLICE_X22Y213,SLICEM.AFF,1'b0
u_dut/t_r_reg[1035],FDRE,SLICE_X23Y214,SLICEL.AFF,1'b0
u_dut/t_r_reg[1036],FDRE,SLICE_X22Y216,SLICEM.DFF,1'b0
u_dut/t_r_reg[1037],FDRE,SLICE_X24Y213,SLICEL.AFF,1'b0
u_dut/t_r_reg[1039],FDRE,SLICE_X24Y214,SLICEL.DFF,1'b0
u_dut/t_r_reg[103],FDSE,SLICE_X37Y225,SLICEL.AFF,1'b0
u_dut/t_r_reg[1040],FDRE,SLICE_X25Y213,SLICEL.CFF,1'b0
u_dut/t_r_reg[1041],FDRE,SLICE_X23Y215,SLICEL.CFF,1'b0
u_dut/t_r_reg[1044],FDRE,SLICE_X24Y213,SLICEL.BFF,1'b0
u_dut/t_r_reg[1045],FDRE,SLICE_X24Y215,SLICEL.CFF,1'b0
u_dut/t_r_reg[1049],FDRE,SLICE_X25Y215,SLICEL.DFF,1'b0
u_dut/t_r_reg[104],FDSE,SLICE_X33Y224,SLICEL.BFF,1'b0
u_dut/t_r_reg[1052],FDRE,SLICE_X23Y214,SLICEL.CFF,1'b0
u_dut/t_r_reg[105],FDSE,SLICE_X28Y231,SLICEL.AFF,1'b0
u_dut/t_r_reg[1078],FDSE,SLICE_X26Y217,SLICEL.AFF,1'b0
u_dut/t_r_reg[107],FDSE,SLICE_X37Y225,SLICEL.BFF,1'b0
u_dut/t_r_reg[1089],FDSE,SLICE_X30Y218,SLICEL.AFF,1'b0
u_dut/t_r_reg[108],FDSE,SLICE_X37Y225,SLICEL.CFF,1'b0
u_dut/t_r_reg[1091],FDSE,SLICE_X28Y218,SLICEL.DFF,1'b0
u_dut/t_r_reg[1093],FDSE,SLICE_X28Y210,SLICEL.AFF,1'b0
u_dut/t_r_reg[1097],FDSE,SLICE_X29Y214,SLICEL.CFF,1'b0
u_dut/t_r_reg[109],FDSE,SLICE_X24Y227,SLICEL.DFF,1'b0
u_dut/t_r_reg[10],FDSE,SLICE_X36Y221,SLICEL.CFF,1'b0
u_dut/t_r_reg[1109],FDSE,SLICE_X29Y214,SLICEL.AFF,1'b0
u_dut/t_r_reg[110],FDSE,SLICE_X37Y226,SLICEL.AFF,1'b0
u_dut/t_r_reg[1111],FDSE,SLICE_X30Y218,SLICEL.BFF,1'b0
u_dut/t_r_reg[1116],FDSE,SLICE_X26Y216,SLICEL.AFF,1'b0
u_dut/t_r_reg[1119],FDSE,SLICE_X26Y217,SLICEL.A5FF,1'b0
u_dut/t_r_reg[111],FDSE,SLICE_X17Y227,SLICEL.AFF,1'b0
u_dut/t_r_reg[1122],FDSE,SLICE_X28Y218,SLICEL.AFF,1'b0
u_dut/t_r_reg[1124],FDSE,SLICE_X30Y218,SLICEL.CFF,1'b0
u_dut/t_r_reg[112],FDSE,SLICE_X17Y227,SLICEL.BFF,1'b0
u_dut/t_r_reg[1130],FDSE,SLICE_X26Y216,SLICEL.A5FF,1'b0
u_dut/t_r_reg[1131],FDSE,SLICE_X28Y218,SLICEL.BFF,1'b0
u_dut/t_r_reg[1137],FDSE,SLICE_X28Y218,SLICEL.A5FF,1'b0
u_dut/t_r_reg[1139],FDSE,SLICE_X25Y214,SLICEL.CFF,1'b0
u_dut/t_r_reg[113],FDSE,SLICE_X37Y226,SLICEL.BFF,1'b0
u_dut/t_r_reg[1140],FDSE,SLICE_X26Y216,SLICEL.BFF,1'b0
u_dut/t_r_reg[1145],FDSE,SLICE_X28Y218,SLICEL.CFF,1'b0
u_dut/t_r_reg[1146],FDSE,SLICE_X25Y214,SLICEL.C5FF,1'b0
u_dut/t_r_reg[114],FDSE,SLICE_X24Y227,SLICEL.AFF,1'b0
u_dut/t_r_reg[1152],FDSE,SLICE_X25Y210,SLICEL.AFF,1'b0
u_dut/t_r_reg[1155],FDSE,SLICE_X30Y218,SLICEL.A5FF,1'b0
u_dut/t_r_reg[115],FDSE,SLICE_X17Y227,SLICEL.A5FF,1'b0
u_dut/t_r_reg[1161],FDSE,SLICE_X25Y210,SLICEL.A5FF,1'b0
u_dut/t_r_reg[116],FDSE,SLICE_X37Y226,SLICEL.CFF,1'b0
u_dut/t_r_reg[1172],FDSE,SLICE_X30Y218,SLICEL.DFF,1'b0
u_dut/t_r_reg[1173],FDSE,SLICE_X26Y217,SLICEL.BFF,1'b0
u_dut/t_r_reg[1176],FDSE,SLICE_X28Y210,SLICEL.A5FF,1'b0
u_dut/t_r_reg[117],FDSE,SLICE_X15Y225,SLICEL.AFF,1'b0
u_dut/t_r_reg[1180],FDSE,SLICE_X28Y218,SLICEL.C5FF,1'b0
u_dut/t_r_reg[1182],FDSE,SLICE_X28Y218,SLICEL.B5FF,1'b0
u_dut/t_r_reg[1186],FDSE,SLICE_X25Y214,SLICEL.DFF,1'b0
u_dut/t_r_reg[1188],FDSE,SLICE_X30Y218,SLICEL.D5FF,1'b0
u_dut/t_r_reg[1189],FDSE,SLICE_X26Y217,SLICEL.CFF,1'b0
u_dut/t_r_reg[118],FDSE,SLICE_X24Y227,SLICEL.BFF,1'b0
u_dut/t_r_reg[1190],FDSE,SLICE_X26Y215,SLICEL.AFF,1'b0
u_dut/t_r_reg[1191],FDSE,SLICE_X26Y217,SLICEL.DFF,1'b0
u_dut/t_r_reg[1194],FDSE,SLICE_X25Y210,SLICEL.BFF,1'b0
u_dut/t_r_reg[119],FDSE,SLICE_X24Y227,SLICEL.CFF,1'b0
u_dut/t_r_reg[11],FDSE,SLICE_X35Y220,SLICEL.AFF,1'b0
u_dut/t_r_reg[1201],FDSE,SLICE_X29Y214,SLICEL.A5FF,1'b0
u_dut/t_r_reg[1202],FDSE,SLICE_X26Y216,SLICEL.CFF,1'b0
u_dut/t_r_reg[120],FDSE,SLICE_X15Y225,SLICEL.BFF,1'b0
u_dut/t_r_reg[1210],FDSE,SLICE_X26Y217,SLICEL.D5FF,1'b0
u_dut/t_r_reg[1214],FDRE,SLICE_X31Y214,SLICEL.BFF,1'b0
u_dut/t_r_reg[1218],FDRE,SLICE_X28Y214,SLICEL.AFF,1'b0
u_dut/t_r_reg[121],FDSE,SLICE_X15Y225,SLICEL.CFF,1'b0
u_dut/t_r_reg[1225],FDRE,SLICE_X29Y216,SLICEL.BFF,1'b0
u_dut/t_r_reg[122],FDSE,SLICE_X29Y229,SLICEL.DFF,1'b0
u_dut/t_r_reg[1232],FDRE,SLICE_X28Y214,SLICEL.BFF,1'b0
u_dut/t_r_reg[1233],FDRE,SLICE_X29Y216,SLICEL.CFF,1'b0
u_dut/t_r_reg[1234],FDRE,SLICE_X28Y214,SLICEL.CFF,1'b0
u_dut/t_r_reg[1235],FDRE,SLICE_X29Y216,SLICEL.B5FF,1'b0
u_dut/t_r_reg[1238],FDRE,SLICE_X29Y216,SLICEL.C5FF,1'b0
u_dut/t_r_reg[123],FDSE,SLICE_X29Y226,SLICEL.AFF,1'b0
u_dut/t_r_reg[1242],FDRE,SLICE_X26Y214,SLICEL.BFF,1'b0
u_dut/t_r_reg[1243],FDRE,SLICE_X28Y214,SLICEL.DFF,1'b0
u_dut/t_r_reg[1247],FDRE,SLICE_X31Y214,SLICEL.AFF,1'b0
u_dut/t_r_reg[124],FDSE,SLICE_X37Y228,SLICEL.AFF,1'b0
u_dut/t_r_reg[125],FDSE,SLICE_X11Y224,SLICEL.AFF,1'b0
u_dut/t_r_reg[1268],FDSE,SLICE_X13Y224,SLICEL.AFF,1'b0
u_dut/t_r_reg[126],FDSE,SLICE_X29Y229,SLICEL.AFF,1'b0
u_dut/t_r_reg[1272],FDSE,SLICE_X45Y227,SLICEL.CFF,1'b0
u_dut/t_r_reg[1273],FDSE,SLICE_X13Y224,SLICEL.BFF,1'b0
u_dut/t_r_reg[1279],FDSE,SLICE_X13Y224,SLICEL.A5FF,1'b0
u_dut/t_r_reg[127],FDSE,SLICE_X29Y226,SLICEL.BFF,1'b0
u_dut/t_r_reg[1280],FDSE,SLICE_X45Y227,SLICEL.AFF,1'b0
u_dut/t_r_reg[1282],FDSE,SLICE_X45Y227,SLICEL.BFF,1'b0
u_dut/t_r_reg[1283],FDSE,SLICE_X15Y227,SLICEL.AFF,1'b0
u_dut/t_r_reg[1284],FDSE,SLICE_X40Y222,SLICEL.AFF,1'b0
u_dut/t_r_reg[1286],FDSE,SLICE_X40Y222,SLICEL.BFF,1'b0
u_dut/t_r_reg[1288],FDSE,SLICE_X32Y220,SLICEL.AFF,1'b0
u_dut/t_r_reg[128],FDSE,SLICE_X29Y229,SLICEL.A5FF,1'b0
u_dut/t_r_reg[1291],FDSE,SLICE_X40Y222,SLICEL.DFF,1'b0
u_dut/t_r_reg[1292],FDSE,SLICE_X37Y227,SLICEL.AFF,1'b0
u_dut/t_r_reg[1293],FDSE,SLICE_X32Y220,SLICEL.BFF,1'b0
u_dut/t_r_reg[1294],FDSE,SLICE_X37Y227,SLICEL.A5FF,1'b0
u_dut/t_r_reg[1295],FDSE,SLICE_X37Y227,SLICEL.BFF,1'b0
u_dut/t_r_reg[1296],FDSE,SLICE_X40Y222,SLICEL.CFF,1'b0
u_dut/t_r_reg[1297],FDSE,SLICE_X37Y227,SLICEL.CFF,1'b0
u_dut/t_r_reg[1298],FDSE,SLICE_X37Y227,SLICEL.DFF,1'b0
u_dut/t_r_reg[1300],FDSE,SLICE_X14Y225,SLICEM.DFF,1'b0
u_dut/t_r_reg[1303],FDSE,SLICE_X37Y224,SLICEL.BFF,1'b0
u_dut/t_r_reg[1304],FDSE,SLICE_X15Y222,SLICEL.AFF,1'b0
u_dut/t_r_reg[1305],FDSE,SLICE_X15Y222,SLICEL.BFF,1'b0
u_dut/t_r_reg[1306],FDSE,SLICE_X14Y225,SLICEM.AFF,1'b0
u_dut/t_r_reg[1307],FDRE,SLICE_X12Y225,SLICEM.AFF,1'b0
u_dut/t_r_reg[1308],FDRE,SLICE_X12Y225,SLICEM.BFF,1'b0
u_dut/t_r_reg[130],FDSE,SLICE_X29Y226,SLICEL.CFF,1'b0
u_dut/t_r_reg[1310],FDSE,SLICE_X37Y224,SLICEL.CFF,1'b0
u_dut/t_r_reg[1311],FDSE,SLICE_X15Y222,SLICEL.A5FF,1'b0
u_dut/t_r_reg[1312],FDSE,SLICE_X14Y225,SLICEM.CFF,1'b0
u_dut/t_r_reg[1313],FDSE,SLICE_X39Y222,SLICEL.A5FF,1'b0
u_dut/t_r_reg[1314],FDSE,SLICE_X18Y227,SLICEM.BFF,1'b0
u_dut/t_r_reg[1315],FDSE,SLICE_X35Y227,SLICEL.AFF,1'b0
u_dut/t_r_reg[1317],FDSE,SLICE_X35Y227,SLICEL.BFF,1'b0
u_dut/t_r_reg[1318],FDSE,SLICE_X35Y227,SLICEL.CFF,1'b0
u_dut/t_r_reg[1319],FDSE,SLICE_X35Y227,SLICEL.DFF,1'b0
u_dut/t_r_reg[131],FDSE,SLICE_X37Y228,SLICEL.BFF,1'b0
u_dut/t_r_reg[1320],FDSE,SLICE_X35Y227,SLICEL.B5FF,1'b0
u_dut/t_r_reg[1321],FDSE,SLICE_X41Y216,SLICEL.AFF,1'b0
u_dut/t_r_reg[1322],FDSE,SLICE_X18Y227,SLICEM.AFF,1'b0
u_dut/t_r_reg[1324],FDSE,SLICE_X41Y216,SLICEL.BFF,1'b0
u_dut/t_r_reg[1325],FDSE,SLICE_X18Y227,SLICEM.A5FF,1'b0
u_dut/t_r_reg[1327],FDSE,SLICE_X43Y226,SLICEL.DFF,1'b0
u_dut/t_r_reg[1328],FDSE,SLICE_X16Y224,SLICEM.AFF,1'b0
u_dut/t_r_reg[1329],FDSE,SLICE_X43Y226,SLICEL.AFF,1'b0
u_dut/t_r_reg[132],FDSE,SLICE_X37Y228,SLICEL.A5FF,1'b0
u_dut/t_r_reg[1331],FDSE,SLICE_X43Y226,SLICEL.BFF,1'b0
u_dut/t_r_reg[1333],FDSE,SLICE_X43Y226,SLICEL.CFF,1'b0
u_dut/t_r_reg[1334],FDSE,SLICE_X43Y226,SLICEL.A5FF,1'b0
u_dut/t_r_reg[1335],FDRE,SLICE_X18Y225,SLICEM.DFF,1'b0
u_dut/t_r_reg[1339],FDSE,SLICE_X27Y224,SLICEL.CFF,1'b0
u_dut/t_r_reg[133],FDSE,SLICE_X29Y229,SLICEL.CFF,1'b0
u_dut/t_r_reg[1340],FDSE,SLICE_X27Y224,SLICEL.AFF,1'b0
u_dut/t_r_reg[1341],FDSE,SLICE_X38Y224,SLICEM.AFF,1'b0
u_dut/t_r_reg[1342],FDSE,SLICE_X38Y224,SLICEM.BFF,1'b0
u_dut/t_r_reg[1349],FDSE,SLICE_X38Y224,SLICEM.CFF,1'b0
u_dut/t_r_reg[134],FDSE,SLICE_X29Y226,SLICEL.DFF,1'b0
u_dut/t_r_reg[1350],FDSE,SLICE_X38Y224,SLICEM.B5FF,1'b0
u_dut/t_r_reg[1352],FDSE,SLICE_X39Y222,SLICEL.B5FF,1'b0
u_dut/t_r_reg[1353],FDSE,SLICE_X49Y221,SLICEL.BFF,1'b0
u_dut/t_r_reg[1354],FDSE,SLICE_X49Y221,SLICEL.AFF,1'b0
u_dut/t_r_reg[1355],FDSE,SLICE_X39Y222,SLICEL.AFF,1'b0
u_dut/t_r_reg[1357],FDSE,SLICE_X19Y222,SLICEL.AFF,1'b0
u_dut/t_r_reg[135],FDSE,SLICE_X20Y223,SLICEM.AFF,1'b0
u_dut/t_r_reg[1362],FDSE,SLICE_X49Y221,SLICEL.A5FF,1'b0
u_dut/t_r_reg[1363],FDSE,SLICE_X19Y222,SLICEL.BFF,1'b0
u_dut/t_r_reg[1364],FDSE,SLICE_X39Y222,SLICEL.BFF,1'b0
u_dut/t_r_reg[1365],FDSE,SLICE_X39Y222,SLICEL.CFF,1'b0
u_dut/t_r_reg[1366],FDSE,SLICE_X40Y224,SLICEL.CFF,1'b0
u_dut/t_r_reg[1367],FDSE,SLICE_X40Y224,SLICEL.AFF,1'b0
u_dut/t_r_reg[136],FDSE,SLICE_X20Y228,SLICEM.AFF,1'b0
u_dut/t_r_reg[1370],FDSE,SLICE_X14Y223,SLICEM.AFF,1'b0
u_dut/t_r_reg[1372],FDSE,SLICE_X40Y224,SLICEL.BFF,1'b0
u_dut/t_r_reg[1374],FDSE,SLICE_X40Y224,SLICEL.A5FF,1'b0
u_dut/t_r_reg[1375],FDSE,SLICE_X17Y223,SLICEL.AFF,1'b0
u_dut/t_r_reg[1377],FDSE,SLICE_X14Y223,SLICEM.BFF,1'b0
u_dut/t_r_reg[137],FDSE,SLICE_X34Y228,SLICEL.AFF,1'b0
u_dut/t_r_reg[1380],FDRE,SLICE_X37Y220,SLICEL.DFF,1'b0
u_dut/t_r_reg[1383],FDSE,SLICE_X36Y220,SLICEL.BFF,1'b0
u_dut/t_r_reg[1384],FDSE,SLICE_X36Y220,SLICEL.B5FF,1'b0
u_dut/t_r_reg[1387],FDSE,SLICE_X36Y220,SLICEL.AFF,1'b0
u_dut/t_r_reg[138],FDSE,SLICE_X20Y223,SLICEM.BFF,1'b0
u_dut/t_r_reg[1390],FDSE,SLICE_X36Y220,SLICEL.A5FF,1'b0
u_dut/t_r_reg[1392],FDSE,SLICE_X39Y223,SLICEL.DFF,1'b0
u_dut/t_r_reg[1393],FDSE,SLICE_X39Y223,SLICEL.AFF,1'b0
u_dut/t_r_reg[1394],FDSE,SLICE_X39Y223,SLICEL.BFF,1'b0
u_dut/t_r_reg[1395],FDSE,SLICE_X12Y223,SLICEM.AFF,1'b0
u_dut/t_r_reg[1397],FDSE,SLICE_X24Y218,SLICEL.AFF,1'b0
u_dut/t_r_reg[139],FDSE,SLICE_X20Y223,SLICEM.CFF,1'b0
u_dut/t_r_reg[13],FDSE,SLICE_X36Y221,SLICEL.AFF,1'b0
u_dut/t_r_reg[1400],FDSE,SLICE_X39Y223,SLICEL.A5FF,1'b0
u_dut/t_r_reg[1401],FDSE,SLICE_X24Y218,SLICEL.BFF,1'b0
u_dut/t_r_reg[1402],FDSE,SLICE_X39Y223,SLICEL.CFF,1'b0
u_dut/t_r_reg[1406],FDRE,SLICE_X27Y220,SLICEL.DFF,1'b0
u_dut/t_r_reg[1407],FDRE,SLICE_X46Y214,SLICEM.AFF,1'b0
u_dut/t_r_reg[1408],FDRE,SLICE_X12Y225,SLICEM.CFF,1'b0
u_dut/t_r_reg[140],FDSE,SLICE_X34Y228,SLICEL.BFF,1'b0
u_dut/t_r_reg[141],FDSE,SLICE_X34Y228,SLICEL.CFF,1'b0
u_dut/t_r_reg[1423],FDRE,SLICE_X46Y214,SLICEM.BFF,1'b0
u_dut/t_r_reg[1428],FDSE,SLICE_X40Y220,SLICEL.CFF,1'b0
u_dut/t_r_reg[1429],FDSE,SLICE_X40Y220,SLICEL.BFF,1'b0
u_dut/t_r_reg[1430],FDSE,SLICE_X36Y212,SLICEL.AFF,1'b0
u_dut/t_r_reg[1432],FDSE,SLICE_X36Y212,SLICEL.BFF,1'b0
u_dut/t_r_reg[1435],FDRE,SLICE_X42Y226,SLICEM.CFF,1'b0
u_dut/t_r_reg[1436],FDRE,SLICE_X38Y225,SLICEM.CFF,1'b0
u_dut/t_r_reg[1437],FDRE,SLICE_X38Y226,SLICEM.DFF,1'b0
u_dut/t_r_reg[143],FDSE,SLICE_X34Y228,SLICEL.B5FF,1'b0
u_dut/t_r_reg[1441],FDRE,SLICE_X45Y222,SLICEL.DFF,1'b0
u_dut/t_r_reg[1444],FDRE,SLICE_X45Y226,SLICEL.DFF,1'b0
u_dut/t_r_reg[1446],FDRE,SLICE_X44Y223,SLICEL.CFF,1'b0
u_dut/t_r_reg[1447],FDRE,SLICE_X46Y214,SLICEM.DFF,1'b0
u_dut/t_r_reg[1448],FDRE,SLICE_X46Y224,SLICEM.DFF,1'b0
u_dut/t_r_reg[1449],FDRE,SLICE_X42Y224,SLICEM.DFF,1'b0
u_dut/t_r_reg[144],FDSE,SLICE_X34Y228,SLICEL.DFF,1'b0
u_dut/t_r_reg[1451],FDRE,SLICE_X39Y226,SLICEL.DFF,1'b0
u_dut/t_r_reg[1452],FDRE,SLICE_X42Y226,SLICEM.DFF,1'b0
u_dut/t_r_reg[145],FDSE,SLICE_X20Y223,SLICEM.A5FF,1'b0
u_dut/t_r_reg[1469],FDSE,SLICE_X30Y211,SLICEL.DFF,1'b0
u_dut/t_r_reg[146],FDSE,SLICE_X29Y224,SLICEL.DFF,1'b0
u_dut/t_r_reg[1477],FDRE,SLICE_X29Y212,SLICEL.AFF,1'b0
u_dut/t_r_reg[1478],FDRE,SLICE_X31Y212,SLICEL.AFF,1'b0
u_dut/t_r_reg[147],FDSE,SLICE_X29Y224,SLICEL.AFF,1'b0
u_dut/t_r_reg[1480],FDRE,SLICE_X26Y211,SLICEL.AFF,1'b0
u_dut/t_r_reg[1487],FDRE,SLICE_X31Y212,SLICEL.BFF,1'b0
u_dut/t_r_reg[1489],FDRE,SLICE_X29Y209,SLICEL.AFF,1'b0
u_dut/t_r_reg[148],FDSE,SLICE_X30Y224,SLICEL.AFF,1'b0
u_dut/t_r_reg[1490],FDSE,SLICE_X30Y211,SLICEL.BFF,1'b0
u_dut/t_r_reg[1491],FDSE,SLICE_X30Y211,SLICEL.CFF,1'b0
u_dut/t_r_reg[1497],FDSE,SLICE_X30Y211,SLICEL.AFF,1'b0
u_dut/t_r_reg[14],FDSE,SLICE_X29Y222,SLICEL.CFF,1'b0
u_dut/t_r_reg[1504],FDRE,SLICE_X25Y211,SLICEL.AFF,1'b0
u_dut/t_r_reg[1507],FDRE,SLICE_X25Y211,SLICEL.BFF,1'b0
u_dut/t_r_reg[1508],FDRE,SLICE_X26Y212,SLICEL.AFF,1'b0
u_dut/t_r_reg[1510],FDRE,SLICE_X29Y212,SLICEL.BFF,1'b0
u_dut/t_r_reg[1511],FDRE,SLICE_X26Y210,SLICEL.AFF,1'b0
u_dut/t_r_reg[1514],FDRE,SLICE_X30Y210,SLICEL.AFF,1'b0
u_dut/t_r_reg[1515],FDRE,SLICE_X26Y211,SLICEL.BFF,1'b0
u_dut/t_r_reg[151],FDSE,SLICE_X29Y224,SLICEL.BFF,1'b0
u_dut/t_r_reg[1521],FDRE,SLICE_X26Y211,SLICEL.DFF,1'b0
u_dut/t_r_reg[1522],FDRE,SLICE_X29Y212,SLICEL.CFF,1'b0
u_dut/t_r_reg[1525],FDRE,SLICE_X26Y212,SLICEL.BFF,1'b0
u_dut/t_r_reg[1528],FDRE,SLICE_X24Y209,SLICEL.AFF,1'b0
u_dut/t_r_reg[152],FDSE,SLICE_X30Y224,SLICEL.A5FF,1'b0
u_dut/t_r_reg[1534],FDRE,SLICE_X29Y209,SLICEL.CFF,1'b0
u_dut/t_r_reg[1537],FDRE,SLICE_X26Y212,SLICEL.CFF,1'b0
u_dut/t_r_reg[153],FDSE,SLICE_X30Y224,SLICEL.BFF,1'b0
u_dut/t_r_reg[1541],FDRE,SLICE_X31Y211,SLICEL.AFF,1'b0
u_dut/t_r_reg[1545],FDRE,SLICE_X30Y210,SLICEL.BFF,1'b0
u_dut/t_r_reg[1548],FDRE,SLICE_X28Y211,SLICEL.BFF,1'b0
u_dut/t_r_reg[1549],FDRE,SLICE_X26Y212,SLICEL.DFF,1'b0
u_dut/t_r_reg[154],FDSE,SLICE_X30Y224,SLICEL.CFF,1'b0
u_dut/t_r_reg[1556],FDRE,SLICE_X16Y221,SLICEM.A5FF,1'b0
u_dut/t_r_reg[155],FDSE,SLICE_X29Y224,SLICEL.CFF,1'b0
u_dut/t_r_reg[1568],FDSE,SLICE_X27Y212,SLICEL.DFF,1'b0
u_dut/t_r_reg[1569],FDSE,SLICE_X27Y212,SLICEL.AFF,1'b0
u_dut/t_r_reg[156],FDSE,SLICE_X13Y227,SLICEL.AFF,1'b0
u_dut/t_r_reg[1572],FDSE,SLICE_X27Y212,SLICEL.BFF,1'b0
u_dut/t_r_reg[1573],FDSE,SLICE_X27Y212,SLICEL.CFF,1'b0
u_dut/t_r_reg[157],FDSE,SLICE_X28Y227,SLICEL.AFF,1'b0
u_dut/t_r_reg[1580],FDSE,SLICE_X24Y211,SLICEL.CFF,1'b0
u_dut/t_r_reg[1585],FDSE,SLICE_X24Y210,SLICEL.AFF,1'b0
u_dut/t_r_reg[1586],FDSE,SLICE_X24Y210,SLICEL.A5FF,1'b0
u_dut/t_r_reg[1588],FDSE,SLICE_X24Y211,SLICEL.AFF,1'b0
u_dut/t_r_reg[1589],FDSE,SLICE_X24Y211,SLICEL.BFF,1'b0
u_dut/t_r_reg[1590],FDSE,SLICE_X29Y211,SLICEL.DFF,1'b0
u_dut/t_r_reg[1593],FDSE,SLICE_X29Y211,SLICEL.AFF,1'b0
u_dut/t_r_reg[1594],FDSE,SLICE_X28Y209,SLICEL.AFF,1'b0
u_dut/t_r_reg[1598],FDSE,SLICE_X29Y211,SLICEL.BFF,1'b0
u_dut/t_r_reg[159],FDSE,SLICE_X28Y227,SLICEL.BFF,1'b0
u_dut/t_r_reg[15],FDSE,SLICE_X29Y222,SLICEL.AFF,1'b0
u_dut/t_r_reg[1601],FDRE,SLICE_X28Y211,SLICEL.CFF,1'b0
u_dut/t_r_reg[1602],FDSE,SLICE_X27Y210,SLICEL.AFF,1'b0
u_dut/t_r_reg[1605],FDRE,SLICE_X26Y209,SLICEL.BFF,1'b0
u_dut/t_r_reg[160],FDSE,SLICE_X28Y227,SLICEL.CFF,1'b0
u_dut/t_r_reg[1613],FDRE,SLICE_X29Y210,SLICEL.AFF,1'b0
u_dut/t_r_reg[1614],FDRE,SLICE_X26Y209,SLICEL.CFF,1'b0
u_dut/t_r_reg[1619],FDRE,SLICE_X25Y211,SLICEL.DFF,1'b0
u_dut/t_r_reg[161],FDSE,SLICE_X28Y227,SLICEL.DFF,1'b0
u_dut/t_r_reg[1624],FDRE,SLICE_X28Y211,SLICEL.DFF,1'b0
u_dut/t_r_reg[162],FDSE,SLICE_X28Y227,SLICEL.C5FF,1'b0
u_dut/t_r_reg[1633],FDRE,SLICE_X31Y212,SLICEL.CFF,1'b0
u_dut/t_r_reg[1638],FDRE,SLICE_X29Y212,SLICEL.DFF,1'b0
u_dut/t_r_reg[163],FDSE,SLICE_X28Y227,SLICEL.D5FF,1'b0
u_dut/t_r_reg[1644],FDRE,SLICE_X30Y210,SLICEL.DFF,1'b0
u_dut/t_r_reg[164],FDSE,SLICE_X35Y228,SLICEL.A5FF,1'b0
u_dut/t_r_reg[165],FDSE,SLICE_X35Y228,SLICEL.DFF,1'b0
u_dut/t_r_reg[166],FDSE,SLICE_X22Y225,SLICEM.AFF,1'b0
u_dut/t_r_reg[167],FDSE,SLICE_X22Y225,SLICEM.BFF,1'b0
u_dut/t_r_reg[168],FDSE,SLICE_X35Y228,SLICEL.AFF,1'b0
u_dut/t_r_reg[1693],FDRE,SLICE_X54Y216,SLICEM.AFF,1'b0
u_dut/t_r_reg[169],FDSE,SLICE_X35Y228,SLICEL.BFF,1'b0
u_dut/t_r_reg[16],FDSE,SLICE_X22Y222,SLICEM.AFF,1'b0
u_dut/t_r_reg[1700],FDRE,SLICE_X53Y218,SLICEL.AFF,1'b0
u_dut/t_r_reg[1703],FDRE,SLICE_X55Y218,SLICEL.AFF,1'b0
u_dut/t_r_reg[1704],FDRE,SLICE_X55Y218,SLICEL.BFF,1'b0
u_dut/t_r_reg[170],FDSE,SLICE_X35Y228,SLICEL.CFF,1'b0
u_dut/t_r_reg[1712],FDRE,SLICE_X54Y215,SLICEM.AFF,1'b0
u_dut/t_r_reg[171],FDSE,SLICE_X36Y223,SLICEL.AFF,1'b0
u_dut/t_r_reg[1720],FDRE,SLICE_X55Y218,SLICEL.CFF,1'b0
u_dut/t_r_reg[1721],FDRE,SLICE_X52Y218,SLICEM.AFF,1'b0
u_dut/t_r_reg[1724],FDRE,SLICE_X54Y215,SLICEM.A5FF,1'b0
u_dut/t_r_reg[1727],FDRE,SLICE_X52Y218,SLICEM.BFF,1'b0
u_dut/t_r_reg[172],FDRE,SLICE_X36Y225,SLICEL.DFF,1'b0
u_dut/t_r_reg[1734],FDRE,SLICE_X55Y218,SLICEL.DFF,1'b0
u_dut/t_r_reg[1737],FDSE,SLICE_X52Y219,SLICEM.DFF,1'b0
u_dut/t_r_reg[1743],FDRE,SLICE_X52Y218,SLICEM.CFF,1'b0
u_dut/t_r_reg[1746],FDSE,SLICE_X52Y219,SLICEM.BFF,1'b0
u_dut/t_r_reg[1747],FDSE,SLICE_X52Y219,SLICEM.CFF,1'b0
u_dut/t_r_reg[1748],FDSE,SLICE_X52Y219,SLICEM.C5FF,1'b0
u_dut/t_r_reg[1752],FDSE,SLICE_X53Y216,SLICEL.AFF,1'b0
u_dut/t_r_reg[1755],FDSE,SLICE_X52Y215,SLICEM.AFF,1'b0
u_dut/t_r_reg[1756],FDRE,SLICE_X51Y215,SLICEL.AFF,1'b0
u_dut/t_r_reg[1758],FDRE,SLICE_X56Y217,SLICEM.AFF,1'b0
u_dut/t_r_reg[175],FDRE,SLICE_X25Y223,SLICEL.BFF,1'b0
u_dut/t_r_reg[1760],FDSE,SLICE_X52Y215,SLICEM.BFF,1'b0
u_dut/t_r_reg[1762],FDSE,SLICE_X53Y216,SLICEL.BFF,1'b0
u_dut/t_r_reg[1764],FDSE,SLICE_X53Y216,SLICEL.CFF,1'b0
u_dut/t_r_reg[1765],FDSE,SLICE_X55Y219,SLICEL.AFF,1'b0
u_dut/t_r_reg[1768],FDSE,SLICE_X55Y219,SLICEL.DFF,1'b0
u_dut/t_r_reg[1769],FDRE,SLICE_X56Y216,SLICEM.AFF,1'b0
u_dut/t_r_reg[176],FDRE,SLICE_X34Y226,SLICEL.DFF,1'b0
u_dut/t_r_reg[1770],FDSE,SLICE_X55Y219,SLICEL.BFF,1'b0
u_dut/t_r_reg[1773],FDSE,SLICE_X55Y217,SLICEL.AFF,1'b0
u_dut/t_r_reg[1776],FDRE,SLICE_X54Y216,SLICEM.CFF,1'b0
u_dut/t_r_reg[1778],FDSE,SLICE_X55Y219,SLICEL.A5FF,1'b0
u_dut/t_r_reg[1779],FDSE,SLICE_X55Y219,SLICEL.CFF,1'b0
u_dut/t_r_reg[1781],FDSE,SLICE_X55Y217,SLICEL.BFF,1'b0
u_dut/t_r_reg[1784],FDRE,SLICE_X56Y217,SLICEM.BFF,1'b0
u_dut/t_r_reg[1789],FDSE,SLICE_X52Y216,SLICEM.DFF,1'b0
u_dut/t_r_reg[178],FDSE,SLICE_X35Y225,SLICEL.AFF,1'b0
u_dut/t_r_reg[1794],FDRE,SLICE_X52Y218,SLICEM.DFF,1'b0
u_dut/t_r_reg[1796],FDSE,SLICE_X52Y216,SLICEM.BFF,1'b0
u_dut/t_r_reg[1797],FDSE,SLICE_X52Y216,SLICEM.AFF,1'b0
u_dut/t_r_reg[179],FDSE,SLICE_X35Y225,SLICEL.DFF,1'b0
u_dut/t_r_reg[1800],FDSE,SLICE_X52Y216,SLICEM.CFF,1'b0
u_dut/t_r_reg[1804],FDRE,SLICE_X56Y218,SLICEM.AFF,1'b0
u_dut/t_r_reg[1805],FDSE,SLICE_X52Y217,SLICEM.DFF,1'b0
u_dut/t_r_reg[1806],FDSE,SLICE_X52Y217,SLICEM.AFF,1'b0
u_dut/t_r_reg[1807],FDSE,SLICE_X52Y217,SLICEM.BFF,1'b0
u_dut/t_r_reg[1808],FDSE,SLICE_X54Y219,SLICEM.AFF,1'b0
u_dut/t_r_reg[180],FDSE,SLICE_X35Y225,SLICEL.A5FF,1'b0
u_dut/t_r_reg[1810],FDSE,SLICE_X54Y219,SLICEM.BFF,1'b0
u_dut/t_r_reg[1815],FDSE,SLICE_X52Y217,SLICEM.CFF,1'b0
u_dut/t_r_reg[181],FDSE,SLICE_X35Y225,SLICEL.BFF,1'b0
u_dut/t_r_reg[1821],FDSE,SLICE_X56Y219,SLICEM.CFF,1'b0
u_dut/t_r_reg[1822],FDSE,SLICE_X56Y219,SLICEM.A5FF,1'b0
u_dut/t_r_reg[1823],FDSE,SLICE_X56Y219,SLICEM.AFF,1'b0
u_dut/t_r_reg[1828],FDRE,SLICE_X57Y217,SLICEL.AFF,1'b0
u_dut/t_r_reg[1829],FDRE,SLICE_X57Y218,SLICEL.AFF,1'b0
u_dut/t_r_reg[182],FDSE,SLICE_X35Y225,SLICEL.CFF,1'b0
u_dut/t_r_reg[1831],FDSE,SLICE_X56Y219,SLICEM.BFF,1'b0
u_dut/t_r_reg[1832],FDSE,SLICE_X57Y219,SLICEL.BFF,1'b0
u_dut/t_r_reg[1834],FDRE,SLICE_X54Y220,SLICEM.AFF,1'b0
u_dut/t_r_reg[1836],FDRE,SLICE_X54Y216,SLICEM.DFF,1'b0
u_dut/t_r_reg[183],FDSE,SLICE_X36Y224,SLICEL.A5FF,1'b0
u_dut/t_r_reg[1841],FDRE,SLICE_X56Y216,SLICEM.A5FF,1'b0
u_dut/t_r_reg[1843],FDRE,SLICE_X57Y217,SLICEL.CFF,1'b0
u_dut/t_r_reg[1845],FDRE,SLICE_X56Y217,SLICEM.CFF,1'b0
u_dut/t_r_reg[1846],FDRE,SLICE_X57Y217,SLICEL.DFF,1'b0
u_dut/t_r_reg[1849],FDRE,SLICE_X56Y217,SLICEM.DFF,1'b0
u_dut/t_r_reg[184],FDSE,SLICE_X36Y224,SLICEL.CFF,1'b0
u_dut/t_r_reg[1859],FDSE,SLICE_X27Y226,SLICEL.AFF,1'b0
u_dut/t_r_reg[185],FDSE,SLICE_X36Y224,SLICEL.AFF,1'b0
u_dut/t_r_reg[1862],FDSE,SLICE_X32Y221,SLICEL.CFF,1'b0
u_dut/t_r_reg[1865],FDSE,SLICE_X27Y228,SLICEL.AFF,1'b0
u_dut/t_r_reg[1866],FDSE,SLICE_X21Y226,SLICEL.AFF,1'b0
u_dut/t_r_reg[186],FDSE,SLICE_X36Y224,SLICEL.BFF,1'b0
u_dut/t_r_reg[1870],FDSE,SLICE_X23Y225,SLICEL.AFF,1'b0
u_dut/t_r_reg[1871],FDSE,SLICE_X33Y221,SLICEL.AFF,1'b0
u_dut/t_r_reg[1872],FDSE,SLICE_X27Y226,SLICEL.A5FF,1'b0
u_dut/t_r_reg[1873],FDSE,SLICE_X31Y217,SLICEL.AFF,1'b0
u_dut/t_r_reg[1875],FDSE,SLICE_X21Y226,SLICEL.BFF,1'b0
u_dut/t_r_reg[1877],FDSE,SLICE_X27Y228,SLICEL.DFF,1'b0
u_dut/t_r_reg[1878],FDSE,SLICE_X27Y228,SLICEL.BFF,1'b0
u_dut/t_r_reg[187],FDSE,SLICE_X14Y227,SLICEM.A5FF,1'b0
u_dut/t_r_reg[1884],FDSE,SLICE_X31Y217,SLICEL.BFF,1'b0
u_dut/t_r_reg[1885],FDSE,SLICE_X21Y226,SLICEL.CFF,1'b0
u_dut/t_r_reg[1886],FDSE,SLICE_X12Y228,SLICEM.AFF,1'b0
u_dut/t_r_reg[1888],FDSE,SLICE_X23Y225,SLICEL.A5FF,1'b0
u_dut/t_r_reg[188],FDSE,SLICE_X14Y227,SLICEM.BFF,1'b0
u_dut/t_r_reg[1890],FDSE,SLICE_X33Y221,SLICEL.BFF,1'b0
u_dut/t_r_reg[1891],FDSE,SLICE_X19Y223,SLICEL.AFF,1'b0
u_dut/t_r_reg[1892],FDSE,SLICE_X17Y222,SLICEL.AFF,1'b0
u_dut/t_r_reg[1893],FDSE,SLICE_X23Y225,SLICEL.BFF,1'b0
u_dut/t_r_reg[1895],FDSE,SLICE_X27Y228,SLICEL.CFF,1'b0
u_dut/t_r_reg[1896],FDSE,SLICE_X31Y217,SLICEL.A5FF,1'b0
u_dut/t_r_reg[1897],FDSE,SLICE_X27Y228,SLICEL.B5FF,1'b0
u_dut/t_r_reg[189],FDSE,SLICE_X14Y227,SLICEM.AFF,1'b0
u_dut/t_r_reg[18],FDSE,SLICE_X29Y222,SLICEL.BFF,1'b0
u_dut/t_r_reg[1900],FDSE,SLICE_X32Y221,SLICEL.AFF,1'b0
u_dut/t_r_reg[1902],FDSE,SLICE_X14Y226,SLICEM.AFF,1'b0
u_dut/t_r_reg[1903],FDSE,SLICE_X19Y223,SLICEL.BFF,1'b0
u_dut/t_r_reg[1905],FDSE,SLICE_X31Y217,SLICEL.CFF,1'b0
u_dut/t_r_reg[1906],FDSE,SLICE_X31Y217,SLICEL.DFF,1'b0
u_dut/t_r_reg[1907],FDSE,SLICE_X14Y226,SLICEM.BFF,1'b0
u_dut/t_r_reg[1909],FDSE,SLICE_X27Y226,SLICEL.BFF,1'b0
u_dut/t_r_reg[190],FDSE,SLICE_X14Y227,SLICEM.CFF,1'b0
u_dut/t_r_reg[1910],FDSE,SLICE_X23Y225,SLICEL.B5FF,1'b0
u_dut/t_r_reg[1911],FDSE,SLICE_X14Y226,SLICEM.A5FF,1'b0
u_dut/t_r_reg[1912],FDSE,SLICE_X31Y217,SLICEL.B5FF,1'b0
u_dut/t_r_reg[1913],FDSE,SLICE_X33Y225,SLICEL.AFF,1'b0
u_dut/t_r_reg[1914],FDSE,SLICE_X12Y228,SLICEM.A5FF,1'b0
u_dut/t_r_reg[1915],FDSE,SLICE_X27Y221,SLICEL.AFF,1'b0
u_dut/t_r_reg[1916],FDSE,SLICE_X33Y225,SLICEL.BFF,1'b0
u_dut/t_r_reg[1917],FDSE,SLICE_X33Y221,SLICEL.A5FF,1'b0
u_dut/t_r_reg[191],FDRE,SLICE_X34Y223,SLICEL.BFF,1'b0
u_dut/t_r_reg[1922],FDSE,SLICE_X33Y225,SLICEL.A5FF,1'b0
u_dut/t_r_reg[1923],FDSE,SLICE_X12Y228,SLICEM.BFF,1'b0
u_dut/t_r_reg[1925],FDSE,SLICE_X27Y221,SLICEL.BFF,1'b0
u_dut/t_r_reg[1928],FDSE,SLICE_X27Y228,SLICEL.A5FF,1'b0
u_dut/t_r_reg[1929],FDSE,SLICE_X21Y226,SLICEL.A5FF,1'b0
u_dut/t_r_reg[192],FDRE,SLICE_X32Y229,SLICEL.DFF,1'b0
u_dut/t_r_reg[1930],FDSE,SLICE_X19Y223,SLICEL.B5FF,1'b0
u_dut/t_r_reg[1932],FDSE,SLICE_X33Y221,SLICEL.C5FF,1'b0
u_dut/t_r_reg[1935],FDSE,SLICE_X27Y226,SLICEL.DFF,1'b0
u_dut/t_r_reg[1936],FDSE,SLICE_X32Y221,SLICEL.A5FF,1'b0
u_dut/t_r_reg[1938],FDSE,SLICE_X17Y222,SLICEL.BFF,1'b0
u_dut/t_r_reg[1939],FDSE,SLICE_X27Y221,SLICEL.DFF,1'b0
u_dut/t_r_reg[193],FDRE,SLICE_X34Y225,SLICEL.DFF,1'b0
u_dut/t_r_reg[1940],FDSE,SLICE_X27Y228,SLICEL.C5FF,1'b0
u_dut/t_r_reg[1941],FDSE,SLICE_X32Y221,SLICEL.BFF,1'b0
u_dut/t_r_reg[1944],FDSE,SLICE_X33Y221,SLICEL.B5FF,1'b0
u_dut/t_r_reg[1946],FDSE,SLICE_X17Y222,SLICEL.A5FF,1'b0
u_dut/t_r_reg[1947],FDSE,SLICE_X23Y225,SLICEL.CFF,1'b0
u_dut/t_r_reg[1948],FDSE,SLICE_X21Y226,SLICEL.B5FF,1'b0
u_dut/t_r_reg[1949],FDSE,SLICE_X12Y228,SLICEM.CFF,1'b0
u_dut/t_r_reg[194],FDRE,SLICE_X36Y226,SLICEL.DFF,1'b0
u_dut/t_r_reg[1950],FDSE,SLICE_X32Y221,SLICEL.B5FF,1'b0
u_dut/t_r_reg[1951],FDSE,SLICE_X33Y225,SLICEL.B5FF,1'b0
u_dut/t_r_reg[1952],FDSE,SLICE_X33Y221,SLICEL.CFF,1'b0
u_dut/t_r_reg[1953],FDSE,SLICE_X23Y225,SLICEL.C5FF,1'b0
u_dut/t_r_reg[1956],FDSE,SLICE_X30Y213,SLICEL.AFF,1'b0
u_dut/t_r_reg[1957],FDSE,SLICE_X21Y226,SLICEL.C5FF,1'b0
u_dut/t_r_reg[1959],FDSE,SLICE_X31Y217,SLICEL.D5FF,1'b0
u_dut/t_r_reg[195],FDRE,SLICE_X35Y223,SLICEL.CFF,1'b0
u_dut/t_r_reg[1964],FDRE,SLICE_X17Y220,SLICEL.AFF,1'b0
u_dut/t_r_reg[1965],FDRE,SLICE_X31Y226,SLICEL.DFF,1'b0
u_dut/t_r_reg[1968],FDRE,SLICE_X26Y221,SLICEL.AFF,1'b0
u_dut/t_r_reg[1969],FDRE,SLICE_X31Y226,SLICEL.AFF,1'b0
u_dut/t_r_reg[196],FDRE,SLICE_X33Y223,SLICEL.CFF,1'b0
u_dut/t_r_reg[1970],FDRE,SLICE_X29Y221,SLICEL.DFF,1'b0
u_dut/t_r_reg[1971],FDRE,SLICE_X24Y225,SLICEL.AFF,1'b0
u_dut/t_r_reg[1972],FDRE,SLICE_X18Y223,SLICEM.AFF,1'b0
u_dut/t_r_reg[1977],FDRE,SLICE_X13Y220,SLICEL.BFF,1'b0
u_dut/t_r_reg[197],FDRE,SLICE_X35Y223,SLICEL.DFF,1'b0
u_dut/t_r_reg[1981],FDRE,SLICE_X18Y223,SLICEM.BFF,1'b0
u_dut/t_r_reg[1983],FDRE,SLICE_X22Y219,SLICEM.AFF,1'b0
u_dut/t_r_reg[1985],FDRE,SLICE_X31Y228,SLICEL.AFF,1'b0
u_dut/t_r_reg[1986],FDRE,SLICE_X23Y221,SLICEL.AFF,1'b0
u_dut/t_r_reg[1989],FDRE,SLICE_X29Y221,SLICEL.CFF,1'b0
u_dut/t_r_reg[198],FDRE,SLICE_X34Y223,SLICEL.DFF,1'b0
u_dut/t_r_reg[1991],FDRE,SLICE_X24Y225,SLICEL.BFF,1'b0
u_dut/t_r_reg[1993],FDRE,SLICE_X23Y221,SLICEL.A5FF,1'b0
u_dut/t_r_reg[1994],FDRE,SLICE_X31Y228,SLICEL.A5FF,1'b0
u_dut/t_r_reg[1996],FDRE,SLICE_X31Y228,SLICEL.BFF,1'b0
u_dut/t_r_reg[1997],FDRE,SLICE_X31Y226,SLICEL.A5FF,1'b0
u_dut/t_r_reg[1998],FDRE,SLICE_X29Y221,SLICEL.C5FF,1'b0
u_dut/t_r_reg[199],FDRE,SLICE_X36Y227,SLICEL.DFF,1'b0
u_dut/t_r_reg[1],FDRE,SLICE_X25Y223,SLICEL.DFF,1'b0
u_dut/t_r_reg[2002],FDRE,SLICE_X26Y221,SLICEL.CFF,1'b0
u_dut/t_r_reg[2007],FDRE,SLICE_X24Y225,SLICEL.A5FF,1'b0
u_dut/t_r_reg[2015],FDRE,SLICE_X17Y220,SLICEL.A5FF,1'b0
u_dut/t_r_reg[2016],FDRE,SLICE_X23Y221,SLICEL.BFF,1'b0
u_dut/t_r_reg[2017],FDRE,SLICE_X18Y223,SLICEM.DFF,1'b0
u_dut/t_r_reg[2021],FDRE,SLICE_X13Y225,SLICEL.BFF,1'b0
u_dut/t_r_reg[2023],FDRE,SLICE_X24Y225,SLICEL.CFF,1'b0
u_dut/t_r_reg[2026],FDRE,SLICE_X31Y228,SLICEL.CFF,1'b0
u_dut/t_r_reg[2028],FDRE,SLICE_X22Y219,SLICEM.CFF,1'b0
u_dut/t_r_reg[2030],FDRE,SLICE_X23Y221,SLICEL.B5FF,1'b0
u_dut/t_r_reg[2033],FDRE,SLICE_X29Y221,SLICEL.AFF,1'b0
u_dut/t_r_reg[2034],FDRE,SLICE_X13Y225,SLICEL.CFF,1'b0
u_dut/t_r_reg[2035],FDRE,SLICE_X31Y226,SLICEL.CFF,1'b0
u_dut/t_r_reg[2036],FDRE,SLICE_X24Y225,SLICEL.B5FF,1'b0
u_dut/t_r_reg[2038],FDRE,SLICE_X31Y228,SLICEL.C5FF,1'b0
u_dut/t_r_reg[203],FDRE,SLICE_X32Y225,SLICEL.DFF,1'b0
u_dut/t_r_reg[2041],FDRE,SLICE_X31Y228,SLICEL.DFF,1'b0
u_dut/t_r_reg[2059],FDRE,SLICE_X40Y219,SLICEL.A5FF,1'b0
u_dut/t_r_reg[205],FDRE,SLICE_X26Y225,SLICEL.CFF,1'b0
u_dut/t_r_reg[2060],FDRE,SLICE_X46Y219,SLICEM.AFF,1'b0
u_dut/t_r_reg[2063],FDRE,SLICE_X29Y220,SLICEL.DFF,1'b0
u_dut/t_r_reg[2067],FDSE,SLICE_X46Y217,SLICEM.A5FF,1'b0
u_dut/t_r_reg[206],FDRE,SLICE_X26Y226,SLICEL.DFF,1'b0
u_dut/t_r_reg[2070],FDRE,SLICE_X44Y219,SLICEL.AFF,1'b0
u_dut/t_r_reg[2073],FDSE,SLICE_X44Y220,SLICEL.CFF,1'b0
u_dut/t_r_reg[2074],FDSE,SLICE_X46Y217,SLICEM.AFF,1'b0
u_dut/t_r_reg[2075],FDRE,SLICE_X24Y220,SLICEL.CFF,1'b0
u_dut/t_r_reg[2076],FDSE,SLICE_X46Y217,SLICEM.BFF,1'b0
u_dut/t_r_reg[2077],FDSE,SLICE_X30Y220,SLICEL.AFF,1'b0
u_dut/t_r_reg[207],FDRE,SLICE_X28Y225,SLICEL.BFF,1'b0
u_dut/t_r_reg[2080],FDSE,SLICE_X46Y217,SLICEM.CFF,1'b0
u_dut/t_r_reg[2082],FDSE,SLICE_X30Y220,SLICEL.B5FF,1'b0
u_dut/t_r_reg[2083],FDSE,SLICE_X30Y220,SLICEL.BFF,1'b0
u_dut/t_r_reg[2084],FDSE,SLICE_X30Y220,SLICEL.A5FF,1'b0
u_dut/t_r_reg[2085],FDSE,SLICE_X44Y220,SLICEL.AFF,1'b0
u_dut/t_r_reg[2086],FDSE,SLICE_X46Y217,SLICEM.DFF,1'b0
u_dut/t_r_reg[2087],FDSE,SLICE_X46Y217,SLICEM.B5FF,1'b0
u_dut/t_r_reg[2088],FDSE,SLICE_X30Y220,SLICEL.CFF,1'b0
u_dut/t_r_reg[208],FDRE,SLICE_X27Y227,SLICEL.DFF,1'b0
u_dut/t_r_reg[2090],FDRE,SLICE_X44Y216,SLICEL.BFF,1'b0
u_dut/t_r_reg[2091],FDSE,SLICE_X30Y220,SLICEL.DFF,1'b0
u_dut/t_r_reg[2092],FDSE,SLICE_X44Y220,SLICEL.BFF,1'b0
u_dut/t_r_reg[2098],FDRE,SLICE_X34Y215,SLICEL.DFF,1'b0
u_dut/t_r_reg[2099],FDSE,SLICE_X42Y215,SLICEM.CFF,1'b0
u_dut/t_r_reg[209],FDRE,SLICE_X29Y227,SLICEL.BFF,1'b0
u_dut/t_r_reg[20],FDSE,SLICE_X22Y222,SLICEM.BFF,1'b0
u_dut/t_r_reg[2101],FDSE,SLICE_X36Y216,SLICEL.AFF,1'b0
u_dut/t_r_reg[2102],FDSE,SLICE_X46Y220,SLICEM.AFF,1'b0
u_dut/t_r_reg[2103],FDSE,SLICE_X46Y220,SLICEM.BFF,1'b0
u_dut/t_r_reg[2104],FDSE,SLICE_X49Y219,SLICEL.AFF,1'b0
u_dut/t_r_reg[2106],FDSE,SLICE_X36Y216,SLICEL.BFF,1'b0
u_dut/t_r_reg[2107],FDSE,SLICE_X42Y215,SLICEM.AFF,1'b0
u_dut/t_r_reg[2108],FDSE,SLICE_X46Y220,SLICEM.CFF,1'b0
u_dut/t_r_reg[2109],FDSE,SLICE_X49Y219,SLICEL.BFF,1'b0
u_dut/t_r_reg[2111],FDSE,SLICE_X42Y215,SLICEM.BFF,1'b0
u_dut/t_r_reg[2113],FDSE,SLICE_X46Y220,SLICEM.DFF,1'b0
u_dut/t_r_reg[2114],FDSE,SLICE_X46Y220,SLICEM.A5FF,1'b0
u_dut/t_r_reg[2115],FDSE,SLICE_X35Y216,SLICEL.B5FF,1'b0
u_dut/t_r_reg[2116],FDRE,SLICE_X30Y217,SLICEL.CFF,1'b0
u_dut/t_r_reg[2117],FDRE,SLICE_X31Y220,SLICEL.BFF,1'b0
u_dut/t_r_reg[2118],FDRE,SLICE_X37Y218,SLICEL.DFF,1'b0
u_dut/t_r_reg[211],FDRE,SLICE_X26Y228,SLICEL.DFF,1'b0
u_dut/t_r_reg[2120],FDSE,SLICE_X35Y216,SLICEL.AFF,1'b0
u_dut/t_r_reg[2121],FDSE,SLICE_X48Y218,SLICEL.DFF,1'b0
u_dut/t_r_reg[2122],FDSE,SLICE_X35Y216,SLICEL.A5FF,1'b0
u_dut/t_r_reg[2124],FDSE,SLICE_X35Y216,SLICEL.BFF,1'b0
u_dut/t_r_reg[2126],FDSE,SLICE_X48Y218,SLICEL.AFF,1'b0
u_dut/t_r_reg[2129],FDSE,SLICE_X48Y218,SLICEL.BFF,1'b0
u_dut/t_r_reg[212],FDRE,SLICE_X30Y226,SLICEL.CFF,1'b0
u_dut/t_r_reg[2131],FDSE,SLICE_X48Y218,SLICEL.CFF,1'b0
u_dut/t_r_reg[2133],FDSE,SLICE_X42Y220,SLICEM.A5FF,1'b0
u_dut/t_r_reg[2134],FDRE,SLICE_X30Y221,SLICEL.CFF,1'b0
u_dut/t_r_reg[2136],FDRE,SLICE_X34Y219,SLICEL.DFF,1'b0
u_dut/t_r_reg[2137],FDSE,SLICE_X39Y219,SLICEL.AFF,1'b0
u_dut/t_r_reg[2139],FDSE,SLICE_X39Y219,SLICEL.BFF,1'b0
u_dut/t_r_reg[213],FDRE,SLICE_X23Y227,SLICEL.CFF,1'b0
u_dut/t_r_reg[2140],FDRE,SLICE_X42Y217,SLICEM.BFF,1'b0
u_dut/t_r_reg[2141],FDSE,SLICE_X48Y217,SLICEL.AFF,1'b0
u_dut/t_r_reg[2142],FDSE,SLICE_X48Y217,SLICEL.BFF,1'b0
u_dut/t_r_reg[2143],FDSE,SLICE_X48Y217,SLICEL.B5FF,1'b0
u_dut/t_r_reg[2144],FDRE,SLICE_X30Y221,SLICEL.DFF,1'b0
u_dut/t_r_reg[2145],FDSE,SLICE_X39Y219,SLICEL.B5FF,1'b0
u_dut/t_r_reg[2148],FDSE,SLICE_X39Y219,SLICEL.CFF,1'b0
u_dut/t_r_reg[214],FDRE,SLICE_X29Y227,SLICEL.CFF,1'b0
u_dut/t_r_reg[2151],FDRE,SLICE_X38Y219,SLICEM.DFF,1'b0
u_dut/t_r_reg[2153],FDSE,SLICE_X47Y219,SLICEL.DFF,1'b0
u_dut/t_r_reg[2154],FDSE,SLICE_X47Y219,SLICEL.AFF,1'b0
u_dut/t_r_reg[2156],FDSE,SLICE_X47Y219,SLICEL.BFF,1'b0
u_dut/t_r_reg[2158],FDRE,SLICE_X44Y219,SLICEL.BFF,1'b0
u_dut/t_r_reg[2159],FDSE,SLICE_X47Y219,SLICEL.CFF,1'b0
u_dut/t_r_reg[215],FDRE,SLICE_X29Y227,SLICEL.DFF,1'b0
u_dut/t_r_reg[2161],FDSE,SLICE_X33Y219,SLICEL.AFF,1'b0
u_dut/t_r_reg[2163],FDSE,SLICE_X33Y219,SLICEL.BFF,1'b0
u_dut/t_r_reg[2164],FDRE,SLICE_X47Y218,SLICEL.BFF,1'b0
u_dut/t_r_reg[2165],FDRE,SLICE_X48Y219,SLICEL.BFF,1'b0
u_dut/t_r_reg[2166],FDRE,SLICE_X50Y219,SLICEM.CFF,1'b0
u_dut/t_r_reg[2168],FDSE,SLICE_X45Y220,SLICEL.DFF,1'b0
u_dut/t_r_reg[2169],FDRE,SLICE_X51Y219,SLICEL.AFF,1'b0
u_dut/t_r_reg[216],FDRE,SLICE_X16Y227,SLICEM.CFF,1'b0
u_dut/t_r_reg[2171],FDSE,SLICE_X45Y220,SLICEL.AFF,1'b0
u_dut/t_r_reg[2173],FDSE,SLICE_X51Y220,SLICEL.AFF,1'b0
u_dut/t_r_reg[2174],FDSE,SLICE_X45Y220,SLICEL.BFF,1'b0
u_dut/t_r_reg[2175],FDSE,SLICE_X45Y220,SLICEL.CFF,1'b0
u_dut/t_r_reg[2177],FDSE,SLICE_X51Y220,SLICEL.BFF,1'b0
u_dut/t_r_reg[217],FDRE,SLICE_X28Y224,SLICEL.CFF,1'b0
u_dut/t_r_reg[2181],FDSE,SLICE_X42Y220,SLICEM.CFF,1'b0
u_dut/t_r_reg[2182],FDSE,SLICE_X32Y215,SLICEL.AFF,1'b0
u_dut/t_r_reg[2183],FDSE,SLICE_X42Y220,SLICEM.AFF,1'b0
u_dut/t_r_reg[2187],FDSE,SLICE_X36Y215,SLICEL.AFF,1'b0
u_dut/t_r_reg[2188],FDSE,SLICE_X42Y220,SLICEM.BFF,1'b0
u_dut/t_r_reg[2189],FDSE,SLICE_X36Y215,SLICEL.BFF,1'b0
u_dut/t_r_reg[2190],FDSE,SLICE_X32Y215,SLICEL.BFF,1'b0
u_dut/t_r_reg[2191],FDSE,SLICE_X36Y215,SLICEL.CFF,1'b0
u_dut/t_r_reg[2193],FDRE,SLICE_X47Y218,SLICEL.CFF,1'b0
u_dut/t_r_reg[2196],FDRE,SLICE_X44Y219,SLICEL.CFF,1'b0
u_dut/t_r_reg[21],FDSE,SLICE_X30Y222,SLICEL.CFF,1'b0
u_dut/t_r_reg[2200],FDRE,SLICE_X47Y215,SLICEL.AFF,1'b0
u_dut/t_r_reg[2201],FDRE,SLICE_X46Y215,SLICEM.AFF,1'b0
u_dut/t_r_reg[2203],FDRE,SLICE_X44Y219,SLICEL.DFF,1'b0
u_dut/t_r_reg[220],FDRE,SLICE_X16Y226,SLICEM.BFF,1'b0
u_dut/t_r_reg[2212],FDRE,SLICE_X35Y213,SLICEL.A5FF,1'b0
u_dut/t_r_reg[2213],FDRE,SLICE_X49Y218,SLICEL.AFF,1'b0
u_dut/t_r_reg[2218],FDRE,SLICE_X51Y219,SLICEL.BFF,1'b0
u_dut/t_r_reg[221],FDRE,SLICE_X25Y226,SLICEL.CFF,1'b0
u_dut/t_r_reg[2220],FDRE,SLICE_X49Y216,SLICEL.AFF,1'b0
u_dut/t_r_reg[2221],FDSE,SLICE_X50Y218,SLICEM.DFF,1'b0
u_dut/t_r_reg[2222],FDSE,SLICE_X50Y218,SLICEM.AFF,1'b0
u_dut/t_r_reg[2224],FDRE,SLICE_X49Y218,SLICEL.BFF,1'b0
u_dut/t_r_reg[2228],FDSE,SLICE_X50Y218,SLICEM.BFF,1'b0
u_dut/t_r_reg[2229],FDSE,SLICE_X50Y218,SLICEM.CFF,1'b0
u_dut/t_r_reg[222],FDRE,SLICE_X16Y225,SLICEM.BFF,1'b0
u_dut/t_r_reg[2233],FDSE,SLICE_X48Y215,SLICEL.CFF,1'b0
u_dut/t_r_reg[2235],FDSE,SLICE_X48Y215,SLICEL.AFF,1'b0
u_dut/t_r_reg[2236],FDSE,SLICE_X50Y214,SLICEM.AFF,1'b0
u_dut/t_r_reg[2237],FDSE,SLICE_X48Y215,SLICEL.BFF,1'b0
u_dut/t_r_reg[223],FDRE,SLICE_X25Y226,SLICEL.DFF,1'b0
u_dut/t_r_reg[2241],FDRE,SLICE_X58Y216,SLICEM.AFF,1'b0
u_dut/t_r_reg[2243],FDRE,SLICE_X51Y214,SLICEL.AFF,1'b0
u_dut/t_r_reg[2244],FDRE,SLICE_X46Y219,SLICEM.BFF,1'b0
u_dut/t_r_reg[2248],FDRE,SLICE_X46Y219,SLICEM.CFF,1'b0
u_dut/t_r_reg[224],FDRE,SLICE_X16Y225,SLICEM.CFF,1'b0
u_dut/t_r_reg[2253],FDRE,SLICE_X46Y219,SLICEM.B5FF,1'b0
u_dut/t_r_reg[2257],FDRE,SLICE_X35Y217,SLICEL.A5FF,1'b0
u_dut/t_r_reg[225],FDRE,SLICE_X16Y225,SLICEM.DFF,1'b0
u_dut/t_r_reg[2265],FDRE,SLICE_X41Y219,SLICEL.AFF,1'b0
u_dut/t_r_reg[2269],FDRE,SLICE_X44Y213,SLICEL.AFF,1'b0
u_dut/t_r_reg[2271],FDRE,SLICE_X42Y217,SLICEM.A5FF,1'b0
u_dut/t_r_reg[2274],FDRE,SLICE_X46Y215,SLICEM.BFF,1'b0
u_dut/t_r_reg[2277],FDRE,SLICE_X44Y217,SLICEL.DFF,1'b0
u_dut/t_r_reg[2279],FDRE,SLICE_X44Y214,SLICEL.CFF,1'b0
u_dut/t_r_reg[2288],FDRE,SLICE_X44Y218,SLICEL.BFF,1'b0
u_dut/t_r_reg[2289],FDRE,SLICE_X44Y215,SLICEL.DFF,1'b0
u_dut/t_r_reg[228],FDRE,SLICE_X17Y225,SLICEL.AFF,1'b0
u_dut/t_r_reg[2292],FDSE,SLICE_X42Y219,SLICEM.DFF,1'b0
u_dut/t_r_reg[2293],FDSE,SLICE_X42Y219,SLICEM.AFF,1'b0
u_dut/t_r_reg[2295],FDSE,SLICE_X41Y218,SLICEL.DFF,1'b0
u_dut/t_r_reg[2296],FDRE,SLICE_X41Y219,SLICEL.BFF,1'b0
u_dut/t_r_reg[2297],FDSE,SLICE_X41Y218,SLICEL.AFF,1'b0
u_dut/t_r_reg[2299],FDRE,SLICE_X43Y221,SLICEL.BFF,1'b0
u_dut/t_r_reg[229],FDRE,SLICE_X16Y226,SLICEM.DFF,1'b0
u_dut/t_r_reg[22],FDSE,SLICE_X35Y224,SLICEL.CFF,1'b0
u_dut/t_r_reg[2300],FDSE,SLICE_X41Y218,SLICEL.A5FF,1'b0
u_dut/t_r_reg[2301],FDSE,SLICE_X41Y218,SLICEL.BFF,1'b0
u_dut/t_r_reg[2305],FDSE,SLICE_X41Y218,SLICEL.CFF,1'b0
u_dut/t_r_reg[2306],FDRE,SLICE_X44Y218,SLICEL.CFF,1'b0
u_dut/t_r_reg[2308],FDRE,SLICE_X44Y218,SLICEL.DFF,1'b0
u_dut/t_r_reg[2309],FDSE,SLICE_X41Y220,SLICEL.AFF,1'b0
u_dut/t_r_reg[230],FDRE,SLICE_X22Y226,SLICEM.CFF,1'b0
u_dut/t_r_reg[2311],FDRE,SLICE_X46Y218,SLICEM.BFF,1'b0
u_dut/t_r_reg[2313],FDSE,SLICE_X41Y220,SLICEL.BFF,1'b0
u_dut/t_r_reg[2317],FDSE,SLICE_X41Y220,SLICEL.CFF,1'b0
u_dut/t_r_reg[2318],FDSE,SLICE_X41Y220,SLICEL.DFF,1'b0
u_dut/t_r_reg[2319],FDSE,SLICE_X42Y219,SLICEM.BFF,1'b0
u_dut/t_r_reg[231],FDRE,SLICE_X28Y226,SLICEL.DFF,1'b0
u_dut/t_r_reg[2320],FDRE,SLICE_X40Y219,SLICEL.DFF,1'b0
u_dut/t_r_reg[2321],FDRE,SLICE_X43Y220,SLICEL.BFF,1'b0
u_dut/t_r_reg[2322],FDRE,SLICE_X42Y217,SLICEM.CFF,1'b0
u_dut/t_r_reg[2323],FDRE,SLICE_X43Y218,SLICEL.CFF,1'b0
u_dut/t_r_reg[2324],FDSE,SLICE_X39Y217,SLICEL.CFF,1'b0
u_dut/t_r_reg[2327],FDSE,SLICE_X39Y217,SLICEL.AFF,1'b0
u_dut/t_r_reg[2328],FDSE,SLICE_X38Y218,SLICEM.AFF,1'b0
u_dut/t_r_reg[2329],FDSE,SLICE_X39Y217,SLICEL.A5FF,1'b0
u_dut/t_r_reg[232],FDRE,SLICE_X22Y226,SLICEM.DFF,1'b0
u_dut/t_r_reg[2330],FDSE,SLICE_X38Y218,SLICEM.BFF,1'b0
u_dut/t_r_reg[2332],FDSE,SLICE_X38Y218,SLICEM.B5FF,1'b0
u_dut/t_r_reg[2336],FDRE,SLICE_X41Y219,SLICEL.CFF,1'b0
u_dut/t_r_reg[2337],FDRE,SLICE_X42Y216,SLICEM.CFF,1'b0
u_dut/t_r_reg[2338],FDRE,SLICE_X42Y216,SLICEM.DFF,1'b0
u_dut/t_r_reg[233],FDRE,SLICE_X23Y228,SLICEL.DFF,1'b0
u_dut/t_r_reg[2340],FDSE,SLICE_X43Y219,SLICEL.CFF,1'b0
u_dut/t_r_reg[2341],FDSE,SLICE_X43Y219,SLICEL.AFF,1'b0
u_dut/t_r_reg[2342],FDRE,SLICE_X41Y219,SLICEL.DFF,1'b0
u_dut/t_r_reg[2343],FDSE,SLICE_X43Y219,SLICEL.A5FF,1'b0
u_dut/t_r_reg[2348],FDSE,SLICE_X43Y219,SLICEL.BFF,1'b0
u_dut/t_r_reg[2353],FDSE,SLICE_X43Y217,SLICEL.CFF,1'b0
u_dut/t_r_reg[2354],FDSE,SLICE_X41Y221,SLICEL.AFF,1'b0
u_dut/t_r_reg[2355],FDRE,SLICE_X42Y218,SLICEM.CFF,1'b0
u_dut/t_r_reg[2356],FDRE,SLICE_X43Y220,SLICEL.CFF,1'b0
u_dut/t_r_reg[2359],FDRE,SLICE_X45Y216,SLICEL.CFF,1'b0
u_dut/t_r_reg[235],FDSE,SLICE_X15Y226,SLICEL.AFF,1'b0
u_dut/t_r_reg[2360],FDRE,SLICE_X45Y216,SLICEL.DFF,1'b0
u_dut/t_r_reg[2365],FDSE,SLICE_X46Y216,SLICEM.CFF,1'b0
u_dut/t_r_reg[2368],FDSE,SLICE_X45Y217,SLICEL.CFF,1'b0
u_dut/t_r_reg[2369],FDSE,SLICE_X45Y217,SLICEL.DFF,1'b0
u_dut/t_r_reg[2370],FDSE,SLICE_X46Y216,SLICEM.BFF,1'b0
u_dut/t_r_reg[2372],FDSE,SLICE_X45Y214,SLICEL.CFF,1'b0
u_dut/t_r_reg[2374],FDSE,SLICE_X47Y214,SLICEL.AFF,1'b0
u_dut/t_r_reg[2375],FDSE,SLICE_X45Y214,SLICEL.AFF,1'b0
u_dut/t_r_reg[2376],FDSE,SLICE_X45Y214,SLICEL.BFF,1'b0
u_dut/t_r_reg[2377],FDSE,SLICE_X41Y221,SLICEL.BFF,1'b0
u_dut/t_r_reg[237],FDSE,SLICE_X29Y225,SLICEL.CFF,1'b0
u_dut/t_r_reg[2384],FDRE,SLICE_X42Y217,SLICEM.DFF,1'b0
u_dut/t_r_reg[2386],FDSE,SLICE_X43Y217,SLICEL.AFF,1'b0
u_dut/t_r_reg[2389],FDSE,SLICE_X43Y217,SLICEL.BFF,1'b0
u_dut/t_r_reg[2391],FDSE,SLICE_X41Y221,SLICEL.CFF,1'b0
u_dut/t_r_reg[2392],FDSE,SLICE_X41Y221,SLICEL.DFF,1'b0
u_dut/t_r_reg[2394],FDSE,SLICE_X45Y219,SLICEL.DFF,1'b0
u_dut/t_r_reg[2395],FDRE,SLICE_X42Y218,SLICEM.DFF,1'b0
u_dut/t_r_reg[2397],FDRE,SLICE_X40Y217,SLICEL.CFF,1'b0
u_dut/t_r_reg[239],FDRE,SLICE_X23Y227,SLICEL.DFF,1'b0
u_dut/t_r_reg[23],FDSE,SLICE_X12Y224,SLICEM.AFF,1'b0
u_dut/t_r_reg[2401],FDSE,SLICE_X47Y216,SLICEL.A5FF,1'b0
u_dut/t_r_reg[2408],FDSE,SLICE_X46Y213,SLICEM.BFF,1'b0
u_dut/t_r_reg[240],FDRE,SLICE_X28Y225,SLICEL.DFF,1'b0
u_dut/t_r_reg[2411],FDSE,SLICE_X47Y216,SLICEL.AFF,1'b0
u_dut/t_r_reg[2413],FDSE,SLICE_X47Y216,SLICEL.BFF,1'b0
u_dut/t_r_reg[2414],FDSE,SLICE_X47Y216,SLICEL.CFF,1'b0
u_dut/t_r_reg[2419],FDRE,SLICE_X43Y220,SLICEL.DFF,1'b0
u_dut/t_r_reg[241],FDRE,SLICE_X19Y228,SLICEL.DFF,1'b0
u_dut/t_r_reg[2420],FDSE,SLICE_X44Y221,SLICEL.BFF,1'b0
u_dut/t_r_reg[2421],FDSE,SLICE_X44Y221,SLICEL.CFF,1'b0
u_dut/t_r_reg[2422],FDRE,SLICE_X41Y215,SLICEL.BFF,1'b0
u_dut/t_r_reg[2423],FDSE,SLICE_X45Y219,SLICEL.AFF,1'b0
u_dut/t_r_reg[2425],FDRE,SLICE_X43Y221,SLICEL.CFF,1'b0
u_dut/t_r_reg[2428],FDSE,SLICE_X45Y219,SLICEL.BFF,1'b0
u_dut/t_r_reg[242],FDSE,SLICE_X20Y227,SLICEM.CFF,1'b0
u_dut/t_r_reg[2432],FDSE,SLICE_X45Y219,SLICEL.CFF,1'b0
u_dut/t_r_reg[2435],FDRE,SLICE_X43Y221,SLICEL.DFF,1'b0
u_dut/t_r_reg[2436],FDRE,SLICE_X46Y221,SLICEM.DFF,1'b0
u_dut/t_r_reg[243],FDSE,SLICE_X20Y227,SLICEM.AFF,1'b0
u_dut/t_r_reg[2442],FDRE,SLICE_X46Y209,SLICEM.AFF,1'b0
u_dut/t_r_reg[244],FDSE,SLICE_X20Y227,SLICEM.A5FF,1'b0
u_dut/t_r_reg[245],FDSE,SLICE_X20Y227,SLICEM.BFF,1'b0
u_dut/t_r_reg[246],FDSE,SLICE_X15Y228,SLICEL.AFF,1'b0
u_dut/t_r_reg[247],FDSE,SLICE_X15Y226,SLICEL.CFF,1'b0
u_dut/t_r_reg[248],FDSE,SLICE_X29Y225,SLICEL.AFF,1'b0
u_dut/t_r_reg[2490],FDSE,SLICE_X34Y213,SLICEL.DFF,1'b0
u_dut/t_r_reg[2491],FDSE,SLICE_X33Y213,SLICEL.AFF,1'b0
u_dut/t_r_reg[249],FDSE,SLICE_X29Y225,SLICEL.DFF,1'b0
u_dut/t_r_reg[24],FDSE,SLICE_X12Y224,SLICEM.BFF,1'b0
u_dut/t_r_reg[2504],FDSE,SLICE_X37Y217,SLICEL.AFF,1'b0
u_dut/t_r_reg[250],FDSE,SLICE_X29Y225,SLICEL.BFF,1'b0
u_dut/t_r_reg[2513],FDSE,SLICE_X27Y216,SLICEL.BFF,1'b0
u_dut/t_r_reg[2514],FDSE,SLICE_X37Y216,SLICEL.AFF,1'b0
u_dut/t_r_reg[2518],FDSE,SLICE_X37Y216,SLICEL.BFF,1'b0
u_dut/t_r_reg[251],FDSE,SLICE_X15Y226,SLICEL.DFF,1'b0
u_dut/t_r_reg[2521],FDSE,SLICE_X42Y214,SLICEM.BFF,1'b0
u_dut/t_r_reg[2528],FDSE,SLICE_X38Y211,SLICEM.AFF,1'b0
u_dut/t_r_reg[252],FDSE,SLICE_X20Y224,SLICEM.CFF,1'b0
u_dut/t_r_reg[2536],FDSE,SLICE_X27Y216,SLICEL.AFF,1'b0
u_dut/t_r_reg[2537],FDSE,SLICE_X37Y217,SLICEL.BFF,1'b0
u_dut/t_r_reg[2548],FDSE,SLICE_X34Y213,SLICEL.AFF,1'b0
u_dut/t_r_reg[254],FDSE,SLICE_X17Y226,SLICEL.BFF,1'b0
u_dut/t_r_reg[2550],FDSE,SLICE_X34Y213,SLICEL.BFF,1'b0
u_dut/t_r_reg[2552],FDSE,SLICE_X37Y216,SLICEL.DFF,1'b0
u_dut/t_r_reg[2553],FDSE,SLICE_X37Y217,SLICEL.CFF,1'b0
u_dut/t_r_reg[2559],FDSE,SLICE_X42Y214,SLICEM.CFF,1'b0
u_dut/t_r_reg[255],FDSE,SLICE_X20Y224,SLICEM.AFF,1'b0
u_dut/t_r_reg[2561],FDSE,SLICE_X33Y213,SLICEL.A5FF,1'b0
u_dut/t_r_reg[2562],FDSE,SLICE_X42Y214,SLICEM.B5FF,1'b0
u_dut/t_r_reg[256],FDSE,SLICE_X17Y226,SLICEL.AFF,1'b0
u_dut/t_r_reg[2570],FDSE,SLICE_X34Y213,SLICEL.CFF,1'b0
u_dut/t_r_reg[2575],FDRE,SLICE_X36Y213,SLICEL.CFF,1'b0
u_dut/t_r_reg[257],FDSE,SLICE_X20Y224,SLICEM.BFF,1'b0
u_dut/t_r_reg[2580],FDRE,SLICE_X38Y216,SLICEM.CFF,1'b0
u_dut/t_r_reg[2582],FDRE,SLICE_X37Y213,SLICEL.BFF,1'b0
u_dut/t_r_reg[2583],FDRE,SLICE_X39Y213,SLICEL.AFF,1'b0
u_dut/t_r_reg[258],FDSE,SLICE_X31Y225,SLICEL.DFF,1'b0
u_dut/t_r_reg[2590],FDRE,SLICE_X38Y216,SLICEM.AFF,1'b0
u_dut/t_r_reg[2594],FDRE,SLICE_X36Y213,SLICEL.BFF,1'b0
u_dut/t_r_reg[259],FDSE,SLICE_X31Y222,SLICEL.AFF,1'b0
u_dut/t_r_reg[2602],FDRE,SLICE_X38Y216,SLICEM.DFF,1'b0
u_dut/t_r_reg[2603],FDRE,SLICE_X38Y216,SLICEM.BFF,1'b0
u_dut/t_r_reg[260],FDSE,SLICE_X31Y222,SLICEL.BFF,1'b0
u_dut/t_r_reg[2612],FDRE,SLICE_X37Y213,SLICEL.DFF,1'b0
u_dut/t_r_reg[261],FDSE,SLICE_X31Y225,SLICEL.AFF,1'b0
u_dut/t_r_reg[2622],FDRE,SLICE_X39Y213,SLICEL.BFF,1'b0
u_dut/t_r_reg[262],FDSE,SLICE_X31Y225,SLICEL.BFF,1'b0
u_dut/t_r_reg[263],FDSE,SLICE_X31Y225,SLICEL.CFF,1'b0
u_dut/t_r_reg[264],FDSE,SLICE_X31Y222,SLICEL.CFF,1'b0
u_dut/t_r_reg[2655],FDSE,SLICE_X57Y222,SLICEL.AFF,1'b0
u_dut/t_r_reg[2656],FDSE,SLICE_X57Y222,SLICEL.BFF,1'b0
u_dut/t_r_reg[2657],FDSE,SLICE_X57Y222,SLICEL.CFF,1'b0
u_dut/t_r_reg[2658],FDSE,SLICE_X59Y220,SLICEL.AFF,1'b0
u_dut/t_r_reg[2659],FDSE,SLICE_X57Y222,SLICEL.DFF,1'b0
u_dut/t_r_reg[265],FDSE,SLICE_X29Y228,SLICEL.DFF,1'b0
u_dut/t_r_reg[2660],FDSE,SLICE_X61Y222,SLICEL.AFF,1'b0
u_dut/t_r_reg[2661],FDSE,SLICE_X59Y220,SLICEL.BFF,1'b0
u_dut/t_r_reg[2662],FDSE,SLICE_X59Y220,SLICEL.CFF,1'b0
u_dut/t_r_reg[2663],FDSE,SLICE_X57Y222,SLICEL.B5FF,1'b0
u_dut/t_r_reg[2664],FDSE,SLICE_X57Y222,SLICEL.C5FF,1'b0
u_dut/t_r_reg[2665],FDSE,SLICE_X59Y220,SLICEL.DFF,1'b0
u_dut/t_r_reg[2666],FDSE,SLICE_X57Y222,SLICEL.D5FF,1'b0
u_dut/t_r_reg[2667],FDSE,SLICE_X59Y220,SLICEL.C5FF,1'b0
u_dut/t_r_reg[2668],FDSE,SLICE_X56Y223,SLICEM.C5FF,1'b0
u_dut/t_r_reg[2669],FDSE,SLICE_X49Y220,SLICEL.AFF,1'b0
u_dut/t_r_reg[266],FDSE,SLICE_X30Y225,SLICEL.BFF,1'b0
u_dut/t_r_reg[2671],FDSE,SLICE_X49Y220,SLICEL.A5FF,1'b0
u_dut/t_r_reg[2672],FDSE,SLICE_X49Y220,SLICEL.BFF,1'b0
u_dut/t_r_reg[2674],FDSE,SLICE_X56Y223,SLICEM.AFF,1'b0
u_dut/t_r_reg[2675],FDSE,SLICE_X56Y223,SLICEM.CFF,1'b0
u_dut/t_r_reg[2676],FDSE,SLICE_X61Y221,SLICEL.AFF,1'b0
u_dut/t_r_reg[2678],FDSE,SLICE_X61Y219,SLICEL.AFF,1'b0
u_dut/t_r_reg[2679],FDSE,SLICE_X49Y220,SLICEL.B5FF,1'b0
u_dut/t_r_reg[267],FDSE,SLICE_X30Y225,SLICEL.CFF,1'b0
u_dut/t_r_reg[2680],FDSE,SLICE_X58Y223,SLICEM.AFF,1'b0
u_dut/t_r_reg[2681],FDSE,SLICE_X58Y223,SLICEM.A5FF,1'b0
u_dut/t_r_reg[2682],FDSE,SLICE_X58Y223,SLICEM.BFF,1'b0
u_dut/t_r_reg[2683],FDSE,SLICE_X55Y220,SLICEL.BFF,1'b0
u_dut/t_r_reg[2684],FDSE,SLICE_X55Y220,SLICEL.B5FF,1'b0
u_dut/t_r_reg[2685],FDSE,SLICE_X55Y220,SLICEL.CFF,1'b0
u_dut/t_r_reg[2686],FDSE,SLICE_X55Y220,SLICEL.AFF,1'b0
u_dut/t_r_reg[2687],FDSE,SLICE_X56Y223,SLICEM.BFF,1'b0
u_dut/t_r_reg[2688],FDSE,SLICE_X55Y220,SLICEL.C5FF,1'b0
u_dut/t_r_reg[2689],FDSE,SLICE_X56Y223,SLICEM.A5FF,1'b0
u_dut/t_r_reg[268],FDSE,SLICE_X29Y228,SLICEL.AFF,1'b0
u_dut/t_r_reg[2690],FDSE,SLICE_X58Y223,SLICEM.CFF,1'b0
u_dut/t_r_reg[2691],FDSE,SLICE_X58Y223,SLICEM.DFF,1'b0
u_dut/t_r_reg[2692],FDSE,SLICE_X56Y223,SLICEM.B5FF,1'b0
u_dut/t_r_reg[2693],FDSE,SLICE_X60Y222,SLICEL.A5FF,1'b0
u_dut/t_r_reg[2694],FDRE,SLICE_X60Y223,SLICEL.AFF,1'b0
u_dut/t_r_reg[2695],FDSE,SLICE_X60Y222,SLICEL.DFF,1'b0
u_dut/t_r_reg[2696],FDRE,SLICE_X60Y221,SLICEL.BFF,1'b0
u_dut/t_r_reg[2697],FDSE,SLICE_X62Y222,SLICEM.AFF,1'b0
u_dut/t_r_reg[2698],FDSE,SLICE_X60Y222,SLICEL.C5FF,1'b0
u_dut/t_r_reg[2699],FDRE,SLICE_X59Y221,SLICEL.BFF,1'b0
u_dut/t_r_reg[269],FDSE,SLICE_X30Y225,SLICEL.AFF,1'b0
u_dut/t_r_reg[26],FDSE,SLICE_X30Y222,SLICEL.AFF,1'b0
u_dut/t_r_reg[2700],FDSE,SLICE_X60Y222,SLICEL.AFF,1'b0
u_dut/t_r_reg[2701],FDRE,SLICE_X60Y220,SLICEL.AFF,1'b0
u_dut/t_r_reg[2702],FDSE,SLICE_X60Y222,SLICEL.BFF,1'b0
u_dut/t_r_reg[2703],FDSE,SLICE_X60Y222,SLICEL.CFF,1'b0
u_dut/t_r_reg[2704],FDSE,SLICE_X60Y222,SLICEL.B5FF,1'b0
u_dut/t_r_reg[2705],FDSE,SLICE_X61Y223,SLICEL.AFF,1'b0
u_dut/t_r_reg[2706],FDRE,SLICE_X58Y222,SLICEM.BFF,1'b0
u_dut/t_r_reg[2707],FDRE,SLICE_X58Y222,SLICEM.CFF,1'b0
u_dut/t_r_reg[2708],FDSE,SLICE_X54Y218,SLICEM.DFF,1'b0
u_dut/t_r_reg[2709],FDRE,SLICE_X56Y218,SLICEM.A5FF,1'b0
u_dut/t_r_reg[270],FDSE,SLICE_X30Y225,SLICEL.DFF,1'b0
u_dut/t_r_reg[2710],FDSE,SLICE_X54Y218,SLICEM.AFF,1'b0
u_dut/t_r_reg[2711],FDSE,SLICE_X54Y218,SLICEM.A5FF,1'b0
u_dut/t_r_reg[2712],FDRE,SLICE_X59Y221,SLICEL.CFF,1'b0
u_dut/t_r_reg[2713],FDSE,SLICE_X54Y218,SLICEM.BFF,1'b0
u_dut/t_r_reg[2714],FDSE,SLICE_X54Y218,SLICEM.CFF,1'b0
u_dut/t_r_reg[2715],FDRE,SLICE_X60Y220,SLICEL.BFF,1'b0
u_dut/t_r_reg[2716],FDRE,SLICE_X54Y222,SLICEM.CFF,1'b0
u_dut/t_r_reg[2717],FDSE,SLICE_X60Y218,SLICEL.AFF,1'b0
u_dut/t_r_reg[2718],FDSE,SLICE_X60Y218,SLICEL.DFF,1'b0
u_dut/t_r_reg[2719],FDRE,SLICE_X56Y220,SLICEM.BFF,1'b0
u_dut/t_r_reg[271],FDSE,SLICE_X29Y228,SLICEL.BFF,1'b0
u_dut/t_r_reg[2720],FDRE,SLICE_X60Y220,SLICEL.CFF,1'b0
u_dut/t_r_reg[2721],FDSE,SLICE_X59Y217,SLICEL.AFF,1'b0
u_dut/t_r_reg[2722],FDSE,SLICE_X60Y218,SLICEL.CFF,1'b0
u_dut/t_r_reg[2723],FDSE,SLICE_X49Y215,SLICEL.DFF,1'b0
u_dut/t_r_reg[2724],FDSE,SLICE_X49Y215,SLICEL.AFF,1'b0
u_dut/t_r_reg[2725],FDRE,SLICE_X50Y219,SLICEM.DFF,1'b0
u_dut/t_r_reg[2726],FDSE,SLICE_X38Y220,SLICEM.AFF,1'b0
u_dut/t_r_reg[2727],FDSE,SLICE_X61Y220,SLICEL.BFF,1'b0
u_dut/t_r_reg[2728],FDSE,SLICE_X38Y220,SLICEM.A5FF,1'b0
u_dut/t_r_reg[2729],FDSE,SLICE_X61Y220,SLICEL.AFF,1'b0
u_dut/t_r_reg[272],FDSE,SLICE_X29Y228,SLICEL.CFF,1'b0
u_dut/t_r_reg[2730],FDSE,SLICE_X34Y222,SLICEL.DFF,1'b0
u_dut/t_r_reg[2731],FDSE,SLICE_X33Y222,SLICEL.AFF,1'b0
u_dut/t_r_reg[2732],FDSE,SLICE_X34Y222,SLICEL.AFF,1'b0
u_dut/t_r_reg[2733],FDSE,SLICE_X32Y222,SLICEL.AFF,1'b0
u_dut/t_r_reg[2734],FDSE,SLICE_X34Y222,SLICEL.A5FF,1'b0
u_dut/t_r_reg[2735],FDSE,SLICE_X32Y222,SLICEL.BFF,1'b0
u_dut/t_r_reg[2736],FDSE,SLICE_X33Y222,SLICEL.DFF,1'b0
u_dut/t_r_reg[2737],FDSE,SLICE_X34Y222,SLICEL.BFF,1'b0
u_dut/t_r_reg[2738],FDSE,SLICE_X32Y222,SLICEL.CFF,1'b0
u_dut/t_r_reg[2739],FDSE,SLICE_X33Y222,SLICEL.BFF,1'b0
u_dut/t_r_reg[273],FDSE,SLICE_X27Y225,SLICEL.DFF,1'b0
u_dut/t_r_reg[2741],FDSE,SLICE_X34Y222,SLICEL.CFF,1'b0
u_dut/t_r_reg[2742],FDSE,SLICE_X32Y222,SLICEL.C5FF,1'b0
u_dut/t_r_reg[2743],FDSE,SLICE_X33Y222,SLICEL.CFF,1'b0
u_dut/t_r_reg[2744],FDSE,SLICE_X49Y215,SLICEL.A5FF,1'b0
u_dut/t_r_reg[2745],FDSE,SLICE_X35Y218,SLICEL.AFF,1'b0
u_dut/t_r_reg[2746],FDSE,SLICE_X33Y220,SLICEL.AFF,1'b0
u_dut/t_r_reg[2747],FDSE,SLICE_X33Y220,SLICEL.BFF,1'b0
u_dut/t_r_reg[2748],FDSE,SLICE_X49Y215,SLICEL.BFF,1'b0
u_dut/t_r_reg[2749],FDSE,SLICE_X33Y220,SLICEL.CFF,1'b0
u_dut/t_r_reg[2750],FDSE,SLICE_X49Y215,SLICEL.CFF,1'b0
u_dut/t_r_reg[2751],FDSE,SLICE_X33Y220,SLICEL.DFF,1'b0
u_dut/t_r_reg[2752],FDSE,SLICE_X35Y218,SLICEL.BFF,1'b0
u_dut/t_r_reg[2753],FDSE,SLICE_X35Y218,SLICEL.CFF,1'b0
u_dut/t_r_reg[2754],FDSE,SLICE_X35Y218,SLICEL.DFF,1'b0
u_dut/t_r_reg[2755],FDSE,SLICE_X49Y217,SLICEL.B5FF,1'b0
u_dut/t_r_reg[2756],FDSE,SLICE_X27Y211,SLICEL.AFF,1'b0
u_dut/t_r_reg[2757],FDSE,SLICE_X27Y222,SLICEL.AFF,1'b0
u_dut/t_r_reg[2758],FDSE,SLICE_X27Y222,SLICEL.C5FF,1'b0
u_dut/t_r_reg[2759],FDSE,SLICE_X27Y222,SLICEL.A5FF,1'b0
u_dut/t_r_reg[275],FDSE,SLICE_X21Y225,SLICEL.AFF,1'b0
u_dut/t_r_reg[2760],FDSE,SLICE_X27Y222,SLICEL.BFF,1'b0
u_dut/t_r_reg[2761],FDSE,SLICE_X27Y222,SLICEL.CFF,1'b0
u_dut/t_r_reg[2762],FDSE,SLICE_X27Y222,SLICEL.B5FF,1'b0
u_dut/t_r_reg[2763],FDSE,SLICE_X27Y222,SLICEL.DFF,1'b0
u_dut/t_r_reg[2764],FDSE,SLICE_X49Y217,SLICEL.AFF,1'b0
u_dut/t_r_reg[2765],FDSE,SLICE_X35Y215,SLICEL.BFF,1'b0
u_dut/t_r_reg[2766],FDSE,SLICE_X45Y221,SLICEL.BFF,1'b0
u_dut/t_r_reg[2768],FDSE,SLICE_X35Y222,SLICEL.AFF,1'b0
u_dut/t_r_reg[2769],FDSE,SLICE_X35Y215,SLICEL.AFF,1'b0
u_dut/t_r_reg[2770],FDSE,SLICE_X52Y221,SLICEM.AFF,1'b0
u_dut/t_r_reg[2771],FDSE,SLICE_X52Y221,SLICEM.BFF,1'b0
u_dut/t_r_reg[2772],FDSE,SLICE_X45Y221,SLICEL.AFF,1'b0
u_dut/t_r_reg[2773],FDSE,SLICE_X35Y222,SLICEL.BFF,1'b0
u_dut/t_r_reg[2774],FDSE,SLICE_X35Y222,SLICEL.CFF,1'b0
u_dut/t_r_reg[2775],FDSE,SLICE_X35Y222,SLICEL.DFF,1'b0
u_dut/t_r_reg[2776],FDSE,SLICE_X35Y222,SLICEL.A5FF,1'b0
u_dut/t_r_reg[2778],FDSE,SLICE_X45Y221,SLICEL.CFF,1'b0
u_dut/t_r_reg[2779],FDSE,SLICE_X45Y221,SLICEL.DFF,1'b0
u_dut/t_r_reg[277],FDSE,SLICE_X21Y225,SLICEL.BFF,1'b0
u_dut/t_r_reg[2780],FDSE,SLICE_X49Y217,SLICEL.A5FF,1'b0
u_dut/t_r_reg[2781],FDSE,SLICE_X53Y215,SLICEL.CFF,1'b0
u_dut/t_r_reg[2782],FDSE,SLICE_X53Y215,SLICEL.AFF,1'b0
u_dut/t_r_reg[2783],FDSE,SLICE_X53Y215,SLICEL.BFF,1'b0
u_dut/t_r_reg[2784],FDSE,SLICE_X54Y214,SLICEM.AFF,1'b0
u_dut/t_r_reg[2785],FDSE,SLICE_X49Y217,SLICEL.BFF,1'b0
u_dut/t_r_reg[2786],FDSE,SLICE_X55Y216,SLICEL.DFF,1'b0
u_dut/t_r_reg[2787],FDRE,SLICE_X60Y220,SLICEL.DFF,1'b0
u_dut/t_r_reg[2788],FDRE,SLICE_X57Y218,SLICEL.BFF,1'b0
u_dut/t_r_reg[2789],FDRE,SLICE_X61Y218,SLICEL.AFF,1'b0
u_dut/t_r_reg[278],FDSE,SLICE_X21Y225,SLICEL.CFF,1'b0
u_dut/t_r_reg[2790],FDRE,SLICE_X51Y215,SLICEL.DFF,1'b0
u_dut/t_r_reg[2791],FDRE,SLICE_X48Y216,SLICEL.BFF,1'b0
u_dut/t_r_reg[2792],FDSE,SLICE_X53Y219,SLICEL.CFF,1'b0
u_dut/t_r_reg[2793],FDSE,SLICE_X53Y219,SLICEL.AFF,1'b0
u_dut/t_r_reg[2794],FDSE,SLICE_X55Y216,SLICEL.AFF,1'b0
u_dut/t_r_reg[2795],FDSE,SLICE_X55Y216,SLICEL.BFF,1'b0
u_dut/t_r_reg[2796],FDSE,SLICE_X53Y219,SLICEL.BFF,1'b0
u_dut/t_r_reg[2797],FDSE,SLICE_X55Y216,SLICEL.CFF,1'b0
u_dut/t_r_reg[2798],FDSE,SLICE_X50Y216,SLICEM.DFF,1'b0
u_dut/t_r_reg[2799],FDSE,SLICE_X50Y216,SLICEM.AFF,1'b0
u_dut/t_r_reg[279],FDSE,SLICE_X27Y225,SLICEL.BFF,1'b0
u_dut/t_r_reg[2800],FDSE,SLICE_X50Y213,SLICEM.AFF,1'b0
u_dut/t_r_reg[2801],FDSE,SLICE_X50Y216,SLICEM.BFF,1'b0
u_dut/t_r_reg[2802],FDSE,SLICE_X50Y216,SLICEM.A5FF,1'b0
u_dut/t_r_reg[2803],FDSE,SLICE_X50Y216,SLICEM.CFF,1'b0
u_dut/t_r_reg[2804],FDRE,SLICE_X58Y216,SLICEM.BFF,1'b0
u_dut/t_r_reg[2805],FDSE,SLICE_X50Y217,SLICEM.DFF,1'b0
u_dut/t_r_reg[2806],FDSE,SLICE_X60Y219,SLICEL.DFF,1'b0
u_dut/t_r_reg[2807],FDSE,SLICE_X60Y219,SLICEL.BFF,1'b0
u_dut/t_r_reg[2808],FDRE,SLICE_X51Y219,SLICEL.DFF,1'b0
u_dut/t_r_reg[2809],FDRE,SLICE_X54Y220,SLICEM.BFF,1'b0
u_dut/t_r_reg[2810],FDSE,SLICE_X50Y217,SLICEM.AFF,1'b0
u_dut/t_r_reg[2811],FDSE,SLICE_X60Y219,SLICEL.CFF,1'b0
u_dut/t_r_reg[2812],FDSE,SLICE_X50Y217,SLICEM.BFF,1'b0
u_dut/t_r_reg[2813],FDSE,SLICE_X59Y222,SLICEL.BFF,1'b0
u_dut/t_r_reg[2814],FDSE,SLICE_X59Y222,SLICEL.AFF,1'b0
u_dut/t_r_reg[2815],FDSE,SLICE_X59Y222,SLICEL.CFF,1'b0
u_dut/t_r_reg[2817],FDSE,SLICE_X59Y222,SLICEL.A5FF,1'b0
u_dut/t_r_reg[281],FDSE,SLICE_X21Y225,SLICEL.DFF,1'b0
u_dut/t_r_reg[2822],FDSE,SLICE_X47Y217,SLICEL.DFF,1'b0
u_dut/t_r_reg[2823],FDSE,SLICE_X47Y217,SLICEL.BFF,1'b0
u_dut/t_r_reg[2824],FDSE,SLICE_X47Y217,SLICEL.AFF,1'b0
u_dut/t_r_reg[2825],FDSE,SLICE_X47Y217,SLICEL.CFF,1'b0
u_dut/t_r_reg[2826],FDRE,SLICE_X58Y222,SLICEM.DFF,1'b0
u_dut/t_r_reg[2827],FDRE,SLICE_X58Y216,SLICEM.B5FF,1'b0
u_dut/t_r_reg[2828],FDRE,SLICE_X56Y220,SLICEM.CFF,1'b0
u_dut/t_r_reg[2829],FDRE,SLICE_X59Y218,SLICEL.BFF,1'b0
u_dut/t_r_reg[282],FDSE,SLICE_X27Y225,SLICEL.CFF,1'b0
u_dut/t_r_reg[2831],FDRE,SLICE_X21Y223,SLICEL.DFF,1'b0
u_dut/t_r_reg[2832],FDRE,SLICE_X22Y221,SLICEM.BFF,1'b0
u_dut/t_r_reg[2833],FDRE,SLICE_X22Y221,SLICEM.CFF,1'b0
u_dut/t_r_reg[2834],FDSE,SLICE_X21Y219,SLICEL.A5FF,1'b0
u_dut/t_r_reg[2835],FDSE,SLICE_X22Y223,SLICEM.AFF,1'b0
u_dut/t_r_reg[2836],FDSE,SLICE_X22Y223,SLICEM.BFF,1'b0
u_dut/t_r_reg[2837],FDSE,SLICE_X22Y223,SLICEM.A5FF,1'b0
u_dut/t_r_reg[2838],FDSE,SLICE_X22Y223,SLICEM.CFF,1'b0
u_dut/t_r_reg[2839],FDSE,SLICE_X21Y219,SLICEL.DFF,1'b0
u_dut/t_r_reg[283],FDSE,SLICE_X28Y228,SLICEL.AFF,1'b0
u_dut/t_r_reg[2840],FDSE,SLICE_X21Y219,SLICEL.AFF,1'b0
u_dut/t_r_reg[2841],FDSE,SLICE_X21Y219,SLICEL.BFF,1'b0
u_dut/t_r_reg[2842],FDSE,SLICE_X21Y219,SLICEL.CFF,1'b0
u_dut/t_r_reg[2843],FDSE,SLICE_X16Y222,SLICEM.BFF,1'b0
u_dut/t_r_reg[2844],FDSE,SLICE_X16Y222,SLICEM.AFF,1'b0
u_dut/t_r_reg[2845],FDSE,SLICE_X12Y222,SLICEM.AFF,1'b0
u_dut/t_r_reg[2846],FDSE,SLICE_X12Y222,SLICEM.A5FF,1'b0
u_dut/t_r_reg[2847],FDRE,SLICE_X18Y222,SLICEM.AFF,1'b0
u_dut/t_r_reg[2848],FDRE,SLICE_X18Y222,SLICEM.BFF,1'b0
u_dut/t_r_reg[2849],FDRE,SLICE_X14Y219,SLICEM.AFF,1'b0
u_dut/t_r_reg[284],FDSE,SLICE_X16Y228,SLICEM.CFF,1'b0
u_dut/t_r_reg[2850],FDRE,SLICE_X14Y221,SLICEM.AFF,1'b0
u_dut/t_r_reg[2851],FDSE,SLICE_X15Y221,SLICEL.DFF,1'b0
u_dut/t_r_reg[2852],FDSE,SLICE_X15Y221,SLICEL.AFF,1'b0
u_dut/t_r_reg[2853],FDSE,SLICE_X15Y221,SLICEL.BFF,1'b0
u_dut/t_r_reg[2854],FDSE,SLICE_X15Y221,SLICEL.CFF,1'b0
u_dut/t_r_reg[2855],FDSE,SLICE_X19Y221,SLICEL.CFF,1'b0
u_dut/t_r_reg[2856],FDSE,SLICE_X19Y220,SLICEL.AFF,1'b0
u_dut/t_r_reg[2857],FDSE,SLICE_X19Y221,SLICEL.AFF,1'b0
u_dut/t_r_reg[2858],FDSE,SLICE_X19Y221,SLICEL.BFF,1'b0
u_dut/t_r_reg[2859],FDSE,SLICE_X14Y222,SLICEM.CFF,1'b0
u_dut/t_r_reg[285],FDSE,SLICE_X28Y228,SLICEL.BFF,1'b0
u_dut/t_r_reg[2860],FDSE,SLICE_X14Y222,SLICEM.AFF,1'b0
u_dut/t_r_reg[2861],FDSE,SLICE_X14Y222,SLICEM.BFF,1'b0
u_dut/t_r_reg[2862],FDSE,SLICE_X14Y222,SLICEM.B5FF,1'b0
u_dut/t_r_reg[2863],FDSE,SLICE_X16Y223,SLICEM.AFF,1'b0
u_dut/t_r_reg[2864],FDSE,SLICE_X16Y223,SLICEM.BFF,1'b0
u_dut/t_r_reg[2865],FDSE,SLICE_X16Y223,SLICEM.B5FF,1'b0
u_dut/t_r_reg[2866],FDSE,SLICE_X16Y223,SLICEM.A5FF,1'b0
u_dut/t_r_reg[2867],FDSE,SLICE_X18Y221,SLICEM.AFF,1'b0
u_dut/t_r_reg[2868],FDSE,SLICE_X18Y221,SLICEM.A5FF,1'b0
u_dut/t_r_reg[2869],FDSE,SLICE_X18Y221,SLICEM.CFF,1'b0
u_dut/t_r_reg[286],FDSE,SLICE_X28Y228,SLICEL.A5FF,1'b0
u_dut/t_r_reg[2870],FDSE,SLICE_X17Y221,SLICEL.AFF,1'b0
u_dut/t_r_reg[2871],FDRE,SLICE_X16Y221,SLICEM.CFF,1'b0
u_dut/t_r_reg[2872],FDRE,SLICE_X15Y220,SLICEL.AFF,1'b0
u_dut/t_r_reg[2873],FDRE,SLICE_X15Y220,SLICEL.BFF,1'b0
u_dut/t_r_reg[2874],FDRE,SLICE_X16Y220,SLICEM.AFF,1'b0
u_dut/t_r_reg[2875],FDSE,SLICE_X18Y220,SLICEM.BFF,1'b0
u_dut/t_r_reg[2876],FDSE,SLICE_X18Y220,SLICEM.AFF,1'b0
u_dut/t_r_reg[2877],FDSE,SLICE_X20Y218,SLICEM.AFF,1'b0
u_dut/t_r_reg[2878],FDSE,SLICE_X20Y218,SLICEM.BFF,1'b0
u_dut/t_r_reg[2879],FDSE,SLICE_X15Y223,SLICEL.CFF,1'b0
u_dut/t_r_reg[287],FDSE,SLICE_X16Y228,SLICEM.AFF,1'b0
u_dut/t_r_reg[2880],FDSE,SLICE_X15Y223,SLICEL.AFF,1'b0
u_dut/t_r_reg[2881],FDSE,SLICE_X14Y220,SLICEM.BFF,1'b0
u_dut/t_r_reg[2882],FDSE,SLICE_X15Y223,SLICEL.BFF,1'b0
u_dut/t_r_reg[2883],FDSE,SLICE_X13Y221,SLICEL.BFF,1'b0
u_dut/t_r_reg[2884],FDSE,SLICE_X12Y221,SLICEM.AFF,1'b0
u_dut/t_r_reg[2885],FDSE,SLICE_X12Y221,SLICEM.BFF,1'b0
u_dut/t_r_reg[2886],FDSE,SLICE_X13Y221,SLICEL.AFF,1'b0
u_dut/t_r_reg[2887],FDSE,SLICE_X13Y223,SLICEL.CFF,1'b0
u_dut/t_r_reg[2888],FDSE,SLICE_X13Y223,SLICEL.AFF,1'b0
u_dut/t_r_reg[2889],FDSE,SLICE_X13Y222,SLICEL.BFF,1'b0
u_dut/t_r_reg[2890],FDSE,SLICE_X13Y223,SLICEL.BFF,1'b0
u_dut/t_r_reg[2891],FDSE,SLICE_X20Y219,SLICEM.CFF,1'b0
u_dut/t_r_reg[2892],FDSE,SLICE_X20Y219,SLICEM.AFF,1'b0
u_dut/t_r_reg[2893],FDSE,SLICE_X20Y219,SLICEM.BFF,1'b0
u_dut/t_r_reg[2894],FDSE,SLICE_X20Y219,SLICEM.A5FF,1'b0
u_dut/t_r_reg[2895],FDRE,SLICE_X20Y221,SLICEM.A5FF,1'b0
u_dut/t_r_reg[2896],FDRE,SLICE_X22Y221,SLICEM.DFF,1'b0
u_dut/t_r_reg[2897],FDRE,SLICE_X14Y221,SLICEM.BFF,1'b0
u_dut/t_r_reg[289],FDSE,SLICE_X28Y228,SLICEL.CFF,1'b0
u_dut/t_r_reg[28],FDSE,SLICE_X30Y222,SLICEL.BFF,1'b0
u_dut/t_r_reg[2900],FDRE,SLICE_X21Y216,SLICEL.AFF,1'b0
u_dut/t_r_reg[2901],FDRE,SLICE_X21Y216,SLICEL.BFF,1'b0
u_dut/t_r_reg[2902],FDRE,SLICE_X20Y221,SLICEM.AFF,1'b0
u_dut/t_r_reg[2904],FDRE,SLICE_X22Y217,SLICEM.DFF,1'b0
u_dut/t_r_reg[2905],FDRE,SLICE_X20Y220,SLICEM.BFF,1'b0
u_dut/t_r_reg[2906],FDRE,SLICE_X18Y222,SLICEM.CFF,1'b0
u_dut/t_r_reg[2907],FDRE,SLICE_X20Y222,SLICEM.DFF,1'b0
u_dut/t_r_reg[2908],FDRE,SLICE_X14Y221,SLICEM.CFF,1'b0
u_dut/t_r_reg[2909],FDRE,SLICE_X22Y220,SLICEM.DFF,1'b0
u_dut/t_r_reg[290],FDSE,SLICE_X28Y228,SLICEL.DFF,1'b0
u_dut/t_r_reg[2910],FDRE,SLICE_X20Y216,SLICEM.DFF,1'b0
u_dut/t_r_reg[2911],FDRE,SLICE_X20Y221,SLICEM.BFF,1'b0
u_dut/t_r_reg[2912],FDRE,SLICE_X20Y220,SLICEM.DFF,1'b0
u_dut/t_r_reg[2913],FDRE,SLICE_X15Y220,SLICEL.DFF,1'b0
u_dut/t_r_reg[2914],FDRE,SLICE_X21Y216,SLICEL.DFF,1'b0
u_dut/t_r_reg[291],FDSE,SLICE_X28Y228,SLICEL.B5FF,1'b0
u_dut/t_r_reg[292],FDSE,SLICE_X28Y228,SLICEL.C5FF,1'b0
u_dut/t_r_reg[293],FDSE,SLICE_X16Y228,SLICEM.BFF,1'b0
u_dut/t_r_reg[295],FDSE,SLICE_X26Y227,SLICEL.DFF,1'b0
u_dut/t_r_reg[296],FDSE,SLICE_X26Y223,SLICEL.AFF,1'b0
u_dut/t_r_reg[297],FDSE,SLICE_X26Y223,SLICEL.BFF,1'b0
u_dut/t_r_reg[298],FDSE,SLICE_X17Y224,SLICEL.AFF,1'b0
u_dut/t_r_reg[299],FDSE,SLICE_X26Y223,SLICEL.A5FF,1'b0
u_dut/t_r_reg[29],FDSE,SLICE_X35Y224,SLICEL.AFF,1'b0
u_dut/t_r_reg[2],FDRE,SLICE_X21Y220,SLICEL.CFF,1'b0
u_dut/t_r_reg[300],FDSE,SLICE_X26Y223,SLICEL.CFF,1'b0
u_dut/t_r_reg[302],FDSE,SLICE_X26Y223,SLICEL.DFF,1'b0
u_dut/t_r_reg[303],FDSE,SLICE_X26Y227,SLICEL.AFF,1'b0
u_dut/t_r_reg[304],FDSE,SLICE_X17Y224,SLICEL.BFF,1'b0
u_dut/t_r_reg[306],FDSE,SLICE_X17Y224,SLICEL.CFF,1'b0
u_dut/t_r_reg[307],FDSE,SLICE_X26Y227,SLICEL.CFF,1'b0
u_dut/t_r_reg[308],FDSE,SLICE_X25Y229,SLICEL.AFF,1'b0
u_dut/t_r_reg[309],FDSE,SLICE_X31Y227,SLICEL.CFF,1'b0
u_dut/t_r_reg[30],FDSE,SLICE_X33Y226,SLICEL.AFF,1'b0
u_dut/t_r_reg[310],FDSE,SLICE_X21Y222,SLICEL.AFF,1'b0
u_dut/t_r_reg[311],FDSE,SLICE_X17Y229,SLICEL.BFF,1'b0
u_dut/t_r_reg[312],FDSE,SLICE_X21Y222,SLICEL.BFF,1'b0
u_dut/t_r_reg[313],FDSE,SLICE_X31Y227,SLICEL.AFF,1'b0
u_dut/t_r_reg[314],FDSE,SLICE_X21Y222,SLICEL.A5FF,1'b0
u_dut/t_r_reg[315],FDSE,SLICE_X25Y228,SLICEL.AFF,1'b0
u_dut/t_r_reg[316],FDSE,SLICE_X17Y229,SLICEL.AFF,1'b0
u_dut/t_r_reg[318],FDSE,SLICE_X31Y227,SLICEL.BFF,1'b0
u_dut/t_r_reg[319],FDSE,SLICE_X25Y228,SLICEL.BFF,1'b0
u_dut/t_r_reg[31],FDSE,SLICE_X20Y226,SLICEM.BFF,1'b0
u_dut/t_r_reg[320],FDSE,SLICE_X25Y228,SLICEL.CFF,1'b0
u_dut/t_r_reg[321],FDSE,SLICE_X17Y229,SLICEL.CFF,1'b0
u_dut/t_r_reg[322],FDSE,SLICE_X31Y227,SLICEL.B5FF,1'b0
u_dut/t_r_reg[323],FDSE,SLICE_X25Y228,SLICEL.DFF,1'b0
u_dut/t_r_reg[324],FDSE,SLICE_X29Y223,SLICEL.AFF,1'b0
u_dut/t_r_reg[327],FDSE,SLICE_X29Y223,SLICEL.BFF,1'b0
u_dut/t_r_reg[328],FDSE,SLICE_X25Y229,SLICEL.BFF,1'b0
u_dut/t_r_reg[329],FDSE,SLICE_X28Y230,SLICEL.AFF,1'b0
u_dut/t_r_reg[32],FDSE,SLICE_X33Y226,SLICEL.BFF,1'b0
u_dut/t_r_reg[332],FDSE,SLICE_X25Y229,SLICEL.CFF,1'b0
u_dut/t_r_reg[333],FDSE,SLICE_X28Y230,SLICEL.A5FF,1'b0
u_dut/t_r_reg[335],FDSE,SLICE_X28Y230,SLICEL.BFF,1'b0
u_dut/t_r_reg[336],FDSE,SLICE_X25Y229,SLICEL.B5FF,1'b0
u_dut/t_r_reg[338],FDSE,SLICE_X28Y230,SLICEL.CFF,1'b0
u_dut/t_r_reg[339],FDSE,SLICE_X28Y230,SLICEL.B5FF,1'b0
u_dut/t_r_reg[33],FDSE,SLICE_X33Y226,SLICEL.CFF,1'b0
u_dut/t_r_reg[340],FDRE,SLICE_X22Y224,SLICEM.A5FF,1'b0
u_dut/t_r_reg[343],FDRE,SLICE_X23Y222,SLICEL.CFF,1'b0
u_dut/t_r_reg[345],FDRE,SLICE_X23Y222,SLICEL.BFF,1'b0
u_dut/t_r_reg[346],FDSE,SLICE_X21Y230,SLICEL.AFF,1'b0
u_dut/t_r_reg[347],FDSE,SLICE_X31Y231,SLICEL.AFF,1'b0
u_dut/t_r_reg[348],FDSE,SLICE_X12Y226,SLICEM.AFF,1'b0
u_dut/t_r_reg[349],FDSE,SLICE_X31Y231,SLICEL.A5FF,1'b0
u_dut/t_r_reg[34],FDSE,SLICE_X33Y226,SLICEL.A5FF,1'b0
u_dut/t_r_reg[351],FDSE,SLICE_X21Y230,SLICEL.CFF,1'b0
u_dut/t_r_reg[352],FDRE,SLICE_X23Y222,SLICEL.AFF,1'b0
u_dut/t_r_reg[353],FDSE,SLICE_X21Y230,SLICEL.C5FF,1'b0
u_dut/t_r_reg[355],FDSE,SLICE_X21Y230,SLICEL.BFF,1'b0
u_dut/t_r_reg[356],FDRE,SLICE_X23Y222,SLICEL.B5FF,1'b0
u_dut/t_r_reg[358],FDSE,SLICE_X31Y224,SLICEL.AFF,1'b0
u_dut/t_r_reg[35],FDSE,SLICE_X20Y226,SLICEM.AFF,1'b0
u_dut/t_r_reg[363],FDSE,SLICE_X31Y224,SLICEL.CFF,1'b0
u_dut/t_r_reg[364],FDSE,SLICE_X31Y224,SLICEL.BFF,1'b0
u_dut/t_r_reg[368],FDSE,SLICE_X31Y224,SLICEL.A5FF,1'b0
u_dut/t_r_reg[36],FDSE,SLICE_X33Y226,SLICEL.B5FF,1'b0
u_dut/t_r_reg[377],FDRE,SLICE_X28Y224,SLICEL.DFF,1'b0
u_dut/t_r_reg[378],FDRE,SLICE_X31Y220,SLICEL.CFF,1'b0
u_dut/t_r_reg[379],FDRE,SLICE_X28Y224,SLICEL.D5FF,1'b0
u_dut/t_r_reg[38],FDSE,SLICE_X12Y227,SLICEM.AFF,1'b0
u_dut/t_r_reg[391],FDRE,SLICE_X28Y222,SLICEL.DFF,1'b0
u_dut/t_r_reg[393],FDSE,SLICE_X40Y221,SLICEL.AFF,1'b0
u_dut/t_r_reg[395],FDRE,SLICE_X42Y223,SLICEM.DFF,1'b0
u_dut/t_r_reg[398],FDSE,SLICE_X43Y224,SLICEL.AFF,1'b0
u_dut/t_r_reg[399],FDSE,SLICE_X43Y224,SLICEL.DFF,1'b0
u_dut/t_r_reg[39],FDSE,SLICE_X12Y227,SLICEM.A5FF,1'b0
u_dut/t_r_reg[403],FDSE,SLICE_X44Y224,SLICEL.AFF,1'b0
u_dut/t_r_reg[405],FDSE,SLICE_X40Y221,SLICEL.B5FF,1'b0
u_dut/t_r_reg[407],FDSE,SLICE_X47Y222,SLICEL.AFF,1'b0
u_dut/t_r_reg[40],FDSE,SLICE_X12Y227,SLICEM.CFF,1'b0
u_dut/t_r_reg[411],FDSE,SLICE_X47Y222,SLICEL.BFF,1'b0
u_dut/t_r_reg[412],FDSE,SLICE_X43Y224,SLICEL.BFF,1'b0
u_dut/t_r_reg[413],FDSE,SLICE_X23Y224,SLICEL.AFF,1'b0
u_dut/t_r_reg[414],FDSE,SLICE_X47Y222,SLICEL.B5FF,1'b0
u_dut/t_r_reg[415],FDSE,SLICE_X40Y221,SLICEL.CFF,1'b0
u_dut/t_r_reg[416],FDSE,SLICE_X44Y224,SLICEL.A5FF,1'b0
u_dut/t_r_reg[417],FDSE,SLICE_X43Y224,SLICEL.B5FF,1'b0
u_dut/t_r_reg[418],FDSE,SLICE_X40Y221,SLICEL.DFF,1'b0
u_dut/t_r_reg[419],FDRE,SLICE_X43Y225,SLICEL.DFF,1'b0
u_dut/t_r_reg[41],FDSE,SLICE_X24Y222,SLICEL.CFF,1'b0
u_dut/t_r_reg[421],FDSE,SLICE_X40Y221,SLICEL.C5FF,1'b0
u_dut/t_r_reg[422],FDSE,SLICE_X40Y221,SLICEL.BFF,1'b0
u_dut/t_r_reg[423],FDRE,SLICE_X40Y223,SLICEL.DFF,1'b0
u_dut/t_r_reg[424],FDRE,SLICE_X26Y225,SLICEL.DFF,1'b0
u_dut/t_r_reg[426],FDSE,SLICE_X43Y224,SLICEL.CFF,1'b0
u_dut/t_r_reg[427],FDSE,SLICE_X43Y224,SLICEL.A5FF,1'b0
u_dut/t_r_reg[428],FDSE,SLICE_X44Y224,SLICEL.BFF,1'b0
u_dut/t_r_reg[429],FDSE,SLICE_X41Y224,SLICEL.CFF,1'b0
u_dut/t_r_reg[430],FDSE,SLICE_X41Y224,SLICEL.AFF,1'b0
u_dut/t_r_reg[431],FDSE,SLICE_X41Y224,SLICEL.BFF,1'b0
u_dut/t_r_reg[433],FDSE,SLICE_X42Y221,SLICEM.A5FF,1'b0
u_dut/t_r_reg[435],FDSE,SLICE_X42Y221,SLICEM.AFF,1'b0
u_dut/t_r_reg[437],FDSE,SLICE_X41Y224,SLICEL.DFF,1'b0
u_dut/t_r_reg[438],FDSE,SLICE_X42Y221,SLICEM.BFF,1'b0
u_dut/t_r_reg[43],FDSE,SLICE_X24Y222,SLICEL.AFF,1'b0
u_dut/t_r_reg[441],FDSE,SLICE_X42Y221,SLICEM.CFF,1'b0
u_dut/t_r_reg[442],FDSE,SLICE_X35Y219,SLICEL.AFF,1'b0
u_dut/t_r_reg[443],FDSE,SLICE_X35Y219,SLICEL.CFF,1'b0
u_dut/t_r_reg[444],FDSE,SLICE_X35Y219,SLICEL.BFF,1'b0
u_dut/t_r_reg[445],FDSE,SLICE_X31Y221,SLICEL.BFF,1'b0
u_dut/t_r_reg[449],FDSE,SLICE_X31Y219,SLICEL.AFF,1'b0
u_dut/t_r_reg[44],FDSE,SLICE_X14Y224,SLICEM.BFF,1'b0
u_dut/t_r_reg[451],FDSE,SLICE_X37Y219,SLICEL.AFF,1'b0
u_dut/t_r_reg[453],FDRE,SLICE_X30Y223,SLICEL.DFF,1'b0
u_dut/t_r_reg[454],FDSE,SLICE_X37Y223,SLICEL.CFF,1'b0
u_dut/t_r_reg[455],FDSE,SLICE_X27Y223,SLICEL.AFF,1'b0
u_dut/t_r_reg[456],FDSE,SLICE_X27Y223,SLICEL.BFF,1'b0
u_dut/t_r_reg[457],FDSE,SLICE_X37Y219,SLICEL.BFF,1'b0
u_dut/t_r_reg[458],FDSE,SLICE_X37Y223,SLICEL.AFF,1'b0
u_dut/t_r_reg[459],FDSE,SLICE_X27Y223,SLICEL.CFF,1'b0
u_dut/t_r_reg[460],FDSE,SLICE_X37Y223,SLICEL.DFF,1'b0
u_dut/t_r_reg[462],FDSE,SLICE_X37Y223,SLICEL.A5FF,1'b0
u_dut/t_r_reg[463],FDSE,SLICE_X37Y223,SLICEL.BFF,1'b0
u_dut/t_r_reg[464],FDSE,SLICE_X27Y223,SLICEL.DFF,1'b0
u_dut/t_r_reg[465],FDSE,SLICE_X37Y222,SLICEL.CFF,1'b0
u_dut/t_r_reg[466],FDSE,SLICE_X29Y219,SLICEL.BFF,1'b0
u_dut/t_r_reg[467],FDSE,SLICE_X29Y219,SLICEL.CFF,1'b0
u_dut/t_r_reg[469],FDSE,SLICE_X29Y219,SLICEL.DFF,1'b0
u_dut/t_r_reg[46],FDSE,SLICE_X24Y222,SLICEL.BFF,1'b0
u_dut/t_r_reg[471],FDSE,SLICE_X24Y221,SLICEL.AFF,1'b0
u_dut/t_r_reg[474],FDRE,SLICE_X34Y221,SLICEL.DFF,1'b0
u_dut/t_r_reg[475],FDRE,SLICE_X31Y220,SLICEL.DFF,1'b0
u_dut/t_r_reg[476],FDSE,SLICE_X24Y221,SLICEL.BFF,1'b0
u_dut/t_r_reg[477],FDSE,SLICE_X24Y221,SLICEL.CFF,1'b0
u_dut/t_r_reg[478],FDSE,SLICE_X23Y223,SLICEL.AFF,1'b0
u_dut/t_r_reg[479],FDSE,SLICE_X29Y219,SLICEL.AFF,1'b0
u_dut/t_r_reg[47],FDSE,SLICE_X14Y224,SLICEM.CFF,1'b0
u_dut/t_r_reg[482],FDSE,SLICE_X23Y223,SLICEL.BFF,1'b0
u_dut/t_r_reg[484],FDSE,SLICE_X33Y215,SLICEL.AFF,1'b0
u_dut/t_r_reg[487],FDSE,SLICE_X37Y222,SLICEL.AFF,1'b0
u_dut/t_r_reg[490],FDSE,SLICE_X24Y221,SLICEL.C5FF,1'b0
u_dut/t_r_reg[493],FDSE,SLICE_X29Y219,SLICEL.B5FF,1'b0
u_dut/t_r_reg[494],FDSE,SLICE_X37Y222,SLICEL.BFF,1'b0
u_dut/t_r_reg[496],FDSE,SLICE_X29Y218,SLICEL.DFF,1'b0
u_dut/t_r_reg[497],FDRE,SLICE_X27Y218,SLICEL.BFF,1'b0
u_dut/t_r_reg[498],FDSE,SLICE_X37Y221,SLICEL.AFF,1'b0
u_dut/t_r_reg[4],FDSE,SLICE_X35Y224,SLICEL.BFF,1'b0
u_dut/t_r_reg[500],FDRE,SLICE_X32Y217,SLICEL.DFF,1'b0
u_dut/t_r_reg[502],FDSE,SLICE_X25Y222,SLICEL.CFF,1'b0
u_dut/t_r_reg[503],FDSE,SLICE_X25Y222,SLICEL.AFF,1'b0
u_dut/t_r_reg[504],FDSE,SLICE_X37Y221,SLICEL.BFF,1'b0
u_dut/t_r_reg[505],FDSE,SLICE_X26Y213,SLICEL.AFF,1'b0
u_dut/t_r_reg[507],FDSE,SLICE_X25Y222,SLICEL.BFF,1'b0
u_dut/t_r_reg[508],FDSE,SLICE_X37Y221,SLICEL.CFF,1'b0
u_dut/t_r_reg[509],FDSE,SLICE_X29Y218,SLICEL.AFF,1'b0
u_dut/t_r_reg[50],FDSE,SLICE_X14Y224,SLICEM.DFF,1'b0
u_dut/t_r_reg[510],FDSE,SLICE_X29Y218,SLICEL.BFF,1'b0
u_dut/t_r_reg[511],FDRE,SLICE_X28Y221,SLICEL.DFF,1'b0
u_dut/t_r_reg[513],FDSE,SLICE_X25Y219,SLICEL.AFF,1'b0
u_dut/t_r_reg[514],FDSE,SLICE_X25Y219,SLICEL.BFF,1'b0
u_dut/t_r_reg[515],FDRE,SLICE_X30Y217,SLICEL.DFF,1'b0
u_dut/t_r_reg[519],FDRE,SLICE_X25Y221,SLICEL.BFF,1'b0
u_dut/t_r_reg[51],FDSE,SLICE_X14Y224,SLICEM.AFF,1'b0
u_dut/t_r_reg[520],FDRE,SLICE_X25Y221,SLICEL.CFF,1'b0
u_dut/t_r_reg[526],FDSE,SLICE_X25Y219,SLICEL.A5FF,1'b0
u_dut/t_r_reg[528],FDSE,SLICE_X37Y221,SLICEL.DFF,1'b0
u_dut/t_r_reg[531],FDSE,SLICE_X29Y218,SLICEL.CFF,1'b0
u_dut/t_r_reg[537],FDRE,SLICE_X27Y218,SLICEL.DFF,1'b0
u_dut/t_r_reg[538],FDSE,SLICE_X33Y216,SLICEL.CFF,1'b0
u_dut/t_r_reg[539],FDSE,SLICE_X31Y216,SLICEL.AFF,1'b0
u_dut/t_r_reg[53],FDSE,SLICE_X26Y229,SLICEL.DFF,1'b0
u_dut/t_r_reg[540],FDSE,SLICE_X33Y216,SLICEL.BFF,1'b0
u_dut/t_r_reg[541],FDSE,SLICE_X31Y216,SLICEL.BFF,1'b0
u_dut/t_r_reg[542],FDSE,SLICE_X31Y216,SLICEL.CFF,1'b0
u_dut/t_r_reg[544],FDSE,SLICE_X36Y218,SLICEL.DFF,1'b0
u_dut/t_r_reg[545],FDSE,SLICE_X36Y218,SLICEL.AFF,1'b0
u_dut/t_r_reg[546],FDSE,SLICE_X36Y218,SLICEL.BFF,1'b0
u_dut/t_r_reg[547],FDSE,SLICE_X36Y218,SLICEL.CFF,1'b0
u_dut/t_r_reg[548],FDRE,SLICE_X27Y218,SLICEL.A5FF,1'b0
u_dut/t_r_reg[549],FDRE,SLICE_X41Y222,SLICEL.DFF,1'b0
u_dut/t_r_reg[54],FDSE,SLICE_X26Y229,SLICEL.AFF,1'b0
u_dut/t_r_reg[551],FDRE,SLICE_X40Y217,SLICEL.DFF,1'b0
u_dut/t_r_reg[552],FDRE,SLICE_X30Y219,SLICEL.DFF,1'b0
u_dut/t_r_reg[553],FDSE,SLICE_X39Y216,SLICEL.CFF,1'b0
u_dut/t_r_reg[554],FDSE,SLICE_X39Y218,SLICEL.CFF,1'b0
u_dut/t_r_reg[555],FDSE,SLICE_X39Y216,SLICEL.AFF,1'b0
u_dut/t_r_reg[556],FDSE,SLICE_X39Y218,SLICEL.BFF,1'b0
u_dut/t_r_reg[558],FDSE,SLICE_X39Y216,SLICEL.BFF,1'b0
u_dut/t_r_reg[559],FDSE,SLICE_X40Y215,SLICEL.BFF,1'b0
u_dut/t_r_reg[55],FDSE,SLICE_X26Y229,SLICEL.BFF,1'b0
u_dut/t_r_reg[560],FDSE,SLICE_X29Y215,SLICEL.BFF,1'b0
u_dut/t_r_reg[561],FDSE,SLICE_X40Y215,SLICEL.AFF,1'b0
u_dut/t_r_reg[562],FDSE,SLICE_X29Y215,SLICEL.AFF,1'b0
u_dut/t_r_reg[566],FDRE,SLICE_X47Y215,SLICEL.BFF,1'b0
u_dut/t_r_reg[567],FDRE,SLICE_X48Y221,SLICEL.A5FF,1'b0
u_dut/t_r_reg[56],FDSE,SLICE_X24Y229,SLICEL.AFF,1'b0
u_dut/t_r_reg[575],FDRE,SLICE_X47Y215,SLICEL.B5FF,1'b0
u_dut/t_r_reg[578],FDRE,SLICE_X40Y218,SLICEL.A5FF,1'b0
u_dut/t_r_reg[57],FDSE,SLICE_X12Y229,SLICEM.AFF,1'b0
u_dut/t_r_reg[580],FDRE,SLICE_X31Y218,SLICEL.A5FF,1'b0
u_dut/t_r_reg[581],FDRE,SLICE_X30Y215,SLICEL.CFF,1'b0
u_dut/t_r_reg[582],FDSE,SLICE_X58Y221,SLICEM.CFF,1'b0
u_dut/t_r_reg[583],FDSE,SLICE_X53Y220,SLICEL.AFF,1'b0
u_dut/t_r_reg[584],FDSE,SLICE_X58Y221,SLICEM.AFF,1'b0
u_dut/t_r_reg[585],FDSE,SLICE_X58Y221,SLICEM.BFF,1'b0
u_dut/t_r_reg[586],FDSE,SLICE_X58Y219,SLICEM.AFF,1'b0
u_dut/t_r_reg[587],FDSE,SLICE_X58Y219,SLICEM.BFF,1'b0
u_dut/t_r_reg[588],FDSE,SLICE_X53Y220,SLICEL.BFF,1'b0
u_dut/t_r_reg[589],FDSE,SLICE_X58Y220,SLICEM.AFF,1'b0
u_dut/t_r_reg[58],FDSE,SLICE_X23Y229,SLICEL.AFF,1'b0
u_dut/t_r_reg[590],FDSE,SLICE_X58Y219,SLICEM.CFF,1'b0
u_dut/t_r_reg[591],FDSE,SLICE_X58Y221,SLICEM.DFF,1'b0
u_dut/t_r_reg[593],FDSE,SLICE_X53Y220,SLICEL.CFF,1'b0
u_dut/t_r_reg[594],FDSE,SLICE_X58Y219,SLICEM.DFF,1'b0
u_dut/t_r_reg[595],FDSE,SLICE_X58Y219,SLICEM.D5FF,1'b0
u_dut/t_r_reg[596],FDSE,SLICE_X58Y221,SLICEM.C5FF,1'b0
u_dut/t_r_reg[597],FDSE,SLICE_X53Y220,SLICEL.A5FF,1'b0
u_dut/t_r_reg[598],FDSE,SLICE_X53Y220,SLICEL.DFF,1'b0
u_dut/t_r_reg[599],FDSE,SLICE_X58Y221,SLICEM.A5FF,1'b0
u_dut/t_r_reg[59],FDSE,SLICE_X12Y229,SLICEM.BFF,1'b0
u_dut/t_r_reg[5],FDRE,SLICE_X25Y227,SLICEL.DFF,1'b0
u_dut/t_r_reg[600],FDSE,SLICE_X53Y220,SLICEL.C5FF,1'b0
u_dut/t_r_reg[601],FDSE,SLICE_X58Y220,SLICEM.BFF,1'b0
u_dut/t_r_reg[602],FDSE,SLICE_X58Y221,SLICEM.B5FF,1'b0
u_dut/t_r_reg[603],FDSE,SLICE_X53Y220,SLICEL.D5FF,1'b0
u_dut/t_r_reg[604],FDSE,SLICE_X57Y220,SLICEL.AFF,1'b0
u_dut/t_r_reg[605],FDSE,SLICE_X57Y220,SLICEL.BFF,1'b0
u_dut/t_r_reg[606],FDSE,SLICE_X53Y221,SLICEL.AFF,1'b0
u_dut/t_r_reg[607],FDSE,SLICE_X53Y221,SLICEL.A5FF,1'b0
u_dut/t_r_reg[608],FDSE,SLICE_X53Y221,SLICEL.BFF,1'b0
u_dut/t_r_reg[609],FDSE,SLICE_X53Y221,SLICEL.CFF,1'b0
u_dut/t_r_reg[610],FDSE,SLICE_X54Y217,SLICEM.BFF,1'b0
u_dut/t_r_reg[611],FDSE,SLICE_X54Y217,SLICEM.CFF,1'b0
u_dut/t_r_reg[612],FDSE,SLICE_X58Y218,SLICEM.A5FF,1'b0
u_dut/t_r_reg[613],FDSE,SLICE_X50Y215,SLICEM.AFF,1'b0
u_dut/t_r_reg[614],FDSE,SLICE_X50Y215,SLICEM.A5FF,1'b0
u_dut/t_r_reg[615],FDSE,SLICE_X50Y215,SLICEM.CFF,1'b0
u_dut/t_r_reg[616],FDRE,SLICE_X51Y217,SLICEL.AFF,1'b0
u_dut/t_r_reg[617],FDSE,SLICE_X55Y215,SLICEL.AFF,1'b0
u_dut/t_r_reg[618],FDSE,SLICE_X55Y215,SLICEL.BFF,1'b0
u_dut/t_r_reg[619],FDSE,SLICE_X50Y215,SLICEM.BFF,1'b0
u_dut/t_r_reg[620],FDSE,SLICE_X58Y218,SLICEM.CFF,1'b0
u_dut/t_r_reg[621],FDSE,SLICE_X39Y221,SLICEL.AFF,1'b0
u_dut/t_r_reg[622],FDSE,SLICE_X58Y218,SLICEM.AFF,1'b0
u_dut/t_r_reg[623],FDSE,SLICE_X48Y214,SLICEL.AFF,1'b0
u_dut/t_r_reg[624],FDSE,SLICE_X39Y221,SLICEL.A5FF,1'b0
u_dut/t_r_reg[625],FDSE,SLICE_X39Y221,SLICEL.BFF,1'b0
u_dut/t_r_reg[626],FDSE,SLICE_X48Y214,SLICEL.A5FF,1'b0
u_dut/t_r_reg[627],FDSE,SLICE_X45Y215,SLICEL.AFF,1'b0
u_dut/t_r_reg[628],FDSE,SLICE_X45Y215,SLICEL.BFF,1'b0
u_dut/t_r_reg[629],FDSE,SLICE_X45Y215,SLICEL.CFF,1'b0
u_dut/t_r_reg[62],FDSE,SLICE_X23Y229,SLICEL.BFF,1'b0
u_dut/t_r_reg[630],FDSE,SLICE_X45Y215,SLICEL.A5FF,1'b0
u_dut/t_r_reg[631],FDSE,SLICE_X35Y221,SLICEL.AFF,1'b0
u_dut/t_r_reg[632],FDSE,SLICE_X39Y221,SLICEL.CFF,1'b0
u_dut/t_r_reg[633],FDSE,SLICE_X58Y218,SLICEM.BFF,1'b0
u_dut/t_r_reg[634],FDSE,SLICE_X35Y221,SLICEL.BFF,1'b0
u_dut/t_r_reg[635],FDSE,SLICE_X35Y221,SLICEL.A5FF,1'b0
u_dut/t_r_reg[636],FDSE,SLICE_X35Y221,SLICEL.CFF,1'b0
u_dut/t_r_reg[637],FDSE,SLICE_X35Y221,SLICEL.DFF,1'b0
u_dut/t_r_reg[638],FDSE,SLICE_X39Y221,SLICEL.DFF,1'b0
u_dut/t_r_reg[639],FDRE,SLICE_X34Y217,SLICEL.A5FF,1'b0
u_dut/t_r_reg[63],FDSE,SLICE_X26Y229,SLICEL.CFF,1'b0
u_dut/t_r_reg[640],FDSE,SLICE_X24Y217,SLICEL.CFF,1'b0
u_dut/t_r_reg[641],FDSE,SLICE_X39Y220,SLICEL.AFF,1'b0
u_dut/t_r_reg[642],FDSE,SLICE_X21Y221,SLICEL.AFF,1'b0
u_dut/t_r_reg[643],FDSE,SLICE_X27Y213,SLICEL.AFF,1'b0
u_dut/t_r_reg[644],FDSE,SLICE_X24Y217,SLICEL.AFF,1'b0
u_dut/t_r_reg[645],FDSE,SLICE_X39Y220,SLICEL.A5FF,1'b0
u_dut/t_r_reg[646],FDSE,SLICE_X39Y220,SLICEL.BFF,1'b0
u_dut/t_r_reg[647],FDSE,SLICE_X21Y221,SLICEL.BFF,1'b0
u_dut/t_r_reg[648],FDSE,SLICE_X39Y220,SLICEL.CFF,1'b0
u_dut/t_r_reg[649],FDSE,SLICE_X23Y219,SLICEL.AFF,1'b0
u_dut/t_r_reg[64],FDSE,SLICE_X23Y229,SLICEL.CFF,1'b0
u_dut/t_r_reg[650],FDSE,SLICE_X21Y221,SLICEL.CFF,1'b0
u_dut/t_r_reg[651],FDSE,SLICE_X23Y219,SLICEL.BFF,1'b0
u_dut/t_r_reg[652],FDSE,SLICE_X21Y221,SLICEL.B5FF,1'b0
u_dut/t_r_reg[653],FDRE,SLICE_X21Y220,SLICEL.DFF,1'b0
u_dut/t_r_reg[654],FDRE,SLICE_X51Y218,SLICEL.A5FF,1'b0
u_dut/t_r_reg[655],FDRE,SLICE_X32Y218,SLICEL.DFF,1'b0
u_dut/t_r_reg[656],FDSE,SLICE_X27Y213,SLICEL.B5FF,1'b0
u_dut/t_r_reg[657],FDSE,SLICE_X27Y213,SLICEL.BFF,1'b0
u_dut/t_r_reg[658],FDSE,SLICE_X24Y217,SLICEL.BFF,1'b0
u_dut/t_r_reg[659],FDSE,SLICE_X21Y221,SLICEL.C5FF,1'b0
u_dut/t_r_reg[65],FDSE,SLICE_X23Y229,SLICEL.DFF,1'b0
u_dut/t_r_reg[660],FDSE,SLICE_X39Y220,SLICEL.DFF,1'b0
u_dut/t_r_reg[661],FDSE,SLICE_X23Y219,SLICEL.B5FF,1'b0
u_dut/t_r_reg[662],FDSE,SLICE_X21Y221,SLICEL.DFF,1'b0
u_dut/t_r_reg[663],FDSE,SLICE_X25Y220,SLICEL.A5FF,1'b0
u_dut/t_r_reg[664],FDSE,SLICE_X33Y218,SLICEL.CFF,1'b0
u_dut/t_r_reg[665],FDSE,SLICE_X25Y220,SLICEL.AFF,1'b0
u_dut/t_r_reg[666],FDSE,SLICE_X34Y214,SLICEL.AFF,1'b0
u_dut/t_r_reg[667],FDSE,SLICE_X23Y220,SLICEL.AFF,1'b0
u_dut/t_r_reg[668],FDSE,SLICE_X23Y220,SLICEL.BFF,1'b0
u_dut/t_r_reg[669],FDSE,SLICE_X23Y220,SLICEL.CFF,1'b0
u_dut/t_r_reg[66],FDSE,SLICE_X19Y224,SLICEL.AFF,1'b0
u_dut/t_r_reg[670],FDSE,SLICE_X29Y213,SLICEL.AFF,1'b0
u_dut/t_r_reg[671],FDSE,SLICE_X33Y218,SLICEL.AFF,1'b0
u_dut/t_r_reg[672],FDSE,SLICE_X34Y214,SLICEL.BFF,1'b0
u_dut/t_r_reg[673],FDSE,SLICE_X23Y220,SLICEL.DFF,1'b0
u_dut/t_r_reg[674],FDSE,SLICE_X25Y220,SLICEL.BFF,1'b0
u_dut/t_r_reg[675],FDSE,SLICE_X23Y220,SLICEL.A5FF,1'b0
u_dut/t_r_reg[676],FDSE,SLICE_X25Y220,SLICEL.CFF,1'b0
u_dut/t_r_reg[677],FDSE,SLICE_X25Y220,SLICEL.DFF,1'b0
u_dut/t_r_reg[678],FDSE,SLICE_X33Y218,SLICEL.DFF,1'b0
u_dut/t_r_reg[679],FDSE,SLICE_X29Y213,SLICEL.BFF,1'b0
u_dut/t_r_reg[67],FDSE,SLICE_X33Y227,SLICEL.AFF,1'b0
u_dut/t_r_reg[680],FDSE,SLICE_X33Y218,SLICEL.BFF,1'b0
u_dut/t_r_reg[681],FDSE,SLICE_X33Y218,SLICEL.A5FF,1'b0
u_dut/t_r_reg[682],FDRE,SLICE_X58Y217,SLICEM.AFF,1'b0
u_dut/t_r_reg[683],FDRE,SLICE_X48Y219,SLICEL.CFF,1'b0
u_dut/t_r_reg[684],FDRE,SLICE_X37Y212,SLICEL.AFF,1'b0
u_dut/t_r_reg[685],FDRE,SLICE_X48Y216,SLICEL.CFF,1'b0
u_dut/t_r_reg[686],FDRE,SLICE_X59Y218,SLICEL.CFF,1'b0
u_dut/t_r_reg[687],FDRE,SLICE_X51Y217,SLICEL.A5FF,1'b0
u_dut/t_r_reg[688],FDSE,SLICE_X51Y216,SLICEL.DFF,1'b0
u_dut/t_r_reg[689],FDSE,SLICE_X51Y216,SLICEL.AFF,1'b0
u_dut/t_r_reg[68],FDSE,SLICE_X31Y223,SLICEL.CFF,1'b0
u_dut/t_r_reg[690],FDRE,SLICE_X59Y219,SLICEL.AFF,1'b0
u_dut/t_r_reg[691],FDRE,SLICE_X54Y220,SLICEM.CFF,1'b0
u_dut/t_r_reg[692],FDRE,SLICE_X58Y217,SLICEM.BFF,1'b0
u_dut/t_r_reg[693],FDRE,SLICE_X51Y218,SLICEL.CFF,1'b0
u_dut/t_r_reg[694],FDSE,SLICE_X51Y216,SLICEL.BFF,1'b0
u_dut/t_r_reg[695],FDSE,SLICE_X57Y216,SLICEL.AFF,1'b0
u_dut/t_r_reg[696],FDSE,SLICE_X51Y216,SLICEL.CFF,1'b0
u_dut/t_r_reg[697],FDRE,SLICE_X53Y218,SLICEL.BFF,1'b0
u_dut/t_r_reg[698],FDRE,SLICE_X53Y217,SLICEL.BFF,1'b0
u_dut/t_r_reg[699],FDRE,SLICE_X56Y221,SLICEM.DFF,1'b0
u_dut/t_r_reg[69],FDSE,SLICE_X31Y223,SLICEL.AFF,1'b0
u_dut/t_r_reg[700],FDRE,SLICE_X51Y217,SLICEL.BFF,1'b0
u_dut/t_r_reg[701],FDRE,SLICE_X49Y218,SLICEL.DFF,1'b0
u_dut/t_r_reg[702],FDRE,SLICE_X57Y221,SLICEL.AFF,1'b0
u_dut/t_r_reg[703],FDRE,SLICE_X58Y217,SLICEM.CFF,1'b0
u_dut/t_r_reg[704],FDRE,SLICE_X48Y219,SLICEL.DFF,1'b0
u_dut/t_r_reg[705],FDRE,SLICE_X56Y220,SLICEM.DFF,1'b0
u_dut/t_r_reg[706],FDRE,SLICE_X59Y219,SLICEL.BFF,1'b0
u_dut/t_r_reg[707],FDRE,SLICE_X53Y217,SLICEL.CFF,1'b0
u_dut/t_r_reg[708],FDRE,SLICE_X59Y218,SLICEL.DFF,1'b0
u_dut/t_r_reg[709],FDRE,SLICE_X35Y214,SLICEL.DFF,1'b0
u_dut/t_r_reg[70],FDSE,SLICE_X25Y224,SLICEL.AFF,1'b0
u_dut/t_r_reg[710],FDRE,SLICE_X51Y217,SLICEL.CFF,1'b0
u_dut/t_r_reg[712],FDRE,SLICE_X59Y219,SLICEL.CFF,1'b0
u_dut/t_r_reg[714],FDRE,SLICE_X54Y220,SLICEM.DFF,1'b0
u_dut/t_r_reg[715],FDRE,SLICE_X51Y217,SLICEL.DFF,1'b0
u_dut/t_r_reg[71],FDSE,SLICE_X33Y227,SLICEL.BFF,1'b0
u_dut/t_r_reg[720],FDRE,SLICE_X51Y217,SLICEL.B5FF,1'b0
u_dut/t_r_reg[721],FDRE,SLICE_X51Y213,SLICEL.BFF,1'b0
u_dut/t_r_reg[722],FDRE,SLICE_X53Y218,SLICEL.DFF,1'b0
u_dut/t_r_reg[723],FDRE,SLICE_X47Y215,SLICEL.CFF,1'b0
u_dut/t_r_reg[724],FDRE,SLICE_X59Y219,SLICEL.DFF,1'b0
u_dut/t_r_reg[725],FDRE,SLICE_X51Y218,SLICEL.DFF,1'b0
u_dut/t_r_reg[726],FDRE,SLICE_X46Y218,SLICEM.DFF,1'b0
u_dut/t_r_reg[72],FDSE,SLICE_X33Y227,SLICEL.A5FF,1'b0
u_dut/t_r_reg[738],FDSE,SLICE_X47Y225,SLICEL.BFF,1'b0
u_dut/t_r_reg[739],FDSE,SLICE_X45Y225,SLICEL.AFF,1'b0
u_dut/t_r_reg[73],FDSE,SLICE_X19Y224,SLICEL.B5FF,1'b0
u_dut/t_r_reg[740],FDRE,SLICE_X44Y225,SLICEL.DFF,1'b0
u_dut/t_r_reg[742],FDSE,SLICE_X45Y225,SLICEL.BFF,1'b0
u_dut/t_r_reg[743],FDSE,SLICE_X45Y225,SLICEL.CFF,1'b0
u_dut/t_r_reg[745],FDSE,SLICE_X45Y225,SLICEL.DFF,1'b0
u_dut/t_r_reg[747],FDSE,SLICE_X45Y225,SLICEL.A5FF,1'b0
u_dut/t_r_reg[74],FDSE,SLICE_X19Y224,SLICEL.CFF,1'b0
u_dut/t_r_reg[750],FDSE,SLICE_X54Y223,SLICEM.AFF,1'b0
u_dut/t_r_reg[751],FDSE,SLICE_X45Y225,SLICEL.B5FF,1'b0
u_dut/t_r_reg[752],FDSE,SLICE_X45Y225,SLICEL.C5FF,1'b0
u_dut/t_r_reg[754],FDSE,SLICE_X47Y225,SLICEL.AFF,1'b0
u_dut/t_r_reg[755],FDSE,SLICE_X54Y223,SLICEM.B5FF,1'b0
u_dut/t_r_reg[756],FDSE,SLICE_X47Y225,SLICEL.A5FF,1'b0
u_dut/t_r_reg[757],FDSE,SLICE_X54Y223,SLICEM.CFF,1'b0
u_dut/t_r_reg[758],FDRE,SLICE_X52Y225,SLICEM.DFF,1'b0
u_dut/t_r_reg[75],FDSE,SLICE_X31Y223,SLICEL.BFF,1'b0
u_dut/t_r_reg[761],FDSE,SLICE_X47Y225,SLICEL.DFF,1'b0
u_dut/t_r_reg[762],FDSE,SLICE_X47Y225,SLICEL.C5FF,1'b0
u_dut/t_r_reg[763],FDSE,SLICE_X54Y223,SLICEM.BFF,1'b0
u_dut/t_r_reg[765],FDSE,SLICE_X47Y225,SLICEL.CFF,1'b0
u_dut/t_r_reg[766],FDSE,SLICE_X57Y224,SLICEL.AFF,1'b0
u_dut/t_r_reg[767],FDSE,SLICE_X51Y222,SLICEL.AFF,1'b0
u_dut/t_r_reg[769],FDSE,SLICE_X51Y222,SLICEL.BFF,1'b0
u_dut/t_r_reg[76],FDSE,SLICE_X19Y224,SLICEL.BFF,1'b0
u_dut/t_r_reg[770],FDSE,SLICE_X49Y223,SLICEL.AFF,1'b0
u_dut/t_r_reg[773],FDSE,SLICE_X51Y222,SLICEL.B5FF,1'b0
u_dut/t_r_reg[774],FDSE,SLICE_X51Y222,SLICEL.CFF,1'b0
u_dut/t_r_reg[775],FDSE,SLICE_X51Y222,SLICEL.A5FF,1'b0
u_dut/t_r_reg[776],FDSE,SLICE_X49Y223,SLICEL.A5FF,1'b0
u_dut/t_r_reg[778],FDRE,SLICE_X54Y224,SLICEM.BFF,1'b0
u_dut/t_r_reg[77],FDSE,SLICE_X33Y227,SLICEL.CFF,1'b0
u_dut/t_r_reg[780],FDSE,SLICE_X49Y223,SLICEL.CFF,1'b0
u_dut/t_r_reg[782],FDSE,SLICE_X51Y222,SLICEL.DFF,1'b0
u_dut/t_r_reg[783],FDSE,SLICE_X49Y223,SLICEL.BFF,1'b0
u_dut/t_r_reg[784],FDSE,SLICE_X53Y224,SLICEL.AFF,1'b0
u_dut/t_r_reg[786],FDRE,SLICE_X52Y224,SLICEM.A5FF,1'b0
u_dut/t_r_reg[787],FDSE,SLICE_X53Y224,SLICEL.BFF,1'b0
u_dut/t_r_reg[788],FDSE,SLICE_X53Y224,SLICEL.A5FF,1'b0
u_dut/t_r_reg[789],FDSE,SLICE_X53Y224,SLICEL.B5FF,1'b0
u_dut/t_r_reg[78],FDSE,SLICE_X25Y224,SLICEL.BFF,1'b0
u_dut/t_r_reg[790],FDSE,SLICE_X55Y224,SLICEL.AFF,1'b0
u_dut/t_r_reg[792],FDSE,SLICE_X60Y217,SLICEL.AFF,1'b0
u_dut/t_r_reg[793],FDSE,SLICE_X58Y224,SLICEM.AFF,1'b0
u_dut/t_r_reg[794],FDSE,SLICE_X48Y220,SLICEL.AFF,1'b0
u_dut/t_r_reg[795],FDSE,SLICE_X48Y220,SLICEL.BFF,1'b0
u_dut/t_r_reg[796],FDSE,SLICE_X48Y220,SLICEL.CFF,1'b0
u_dut/t_r_reg[797],FDSE,SLICE_X55Y224,SLICEL.B5FF,1'b0
u_dut/t_r_reg[798],FDSE,SLICE_X47Y223,SLICEL.CFF,1'b0
u_dut/t_r_reg[79],FDSE,SLICE_X33Y227,SLICEL.DFF,1'b0
u_dut/t_r_reg[7],FDRE,SLICE_X18Y224,SLICEM.DFF,1'b0
u_dut/t_r_reg[800],FDSE,SLICE_X55Y224,SLICEL.BFF,1'b0
u_dut/t_r_reg[803],FDRE,SLICE_X48Y224,SLICEL.DFF,1'b0
u_dut/t_r_reg[805],FDSE,SLICE_X55Y224,SLICEL.CFF,1'b0
u_dut/t_r_reg[806],FDRE,SLICE_X53Y223,SLICEL.CFF,1'b0
u_dut/t_r_reg[808],FDSE,SLICE_X47Y223,SLICEL.AFF,1'b0
u_dut/t_r_reg[809],FDSE,SLICE_X47Y223,SLICEL.BFF,1'b0
u_dut/t_r_reg[80],FDSE,SLICE_X29Y226,SLICEL.A5FF,1'b0
u_dut/t_r_reg[811],FDSE,SLICE_X53Y225,SLICEL.BFF,1'b0
u_dut/t_r_reg[813],FDSE,SLICE_X47Y220,SLICEL.CFF,1'b0
u_dut/t_r_reg[814],FDSE,SLICE_X47Y220,SLICEL.AFF,1'b0
u_dut/t_r_reg[816],FDSE,SLICE_X57Y223,SLICEL.AFF,1'b0
u_dut/t_r_reg[818],FDSE,SLICE_X46Y225,SLICEM.AFF,1'b0
u_dut/t_r_reg[81],FDSE,SLICE_X27Y229,SLICEL.DFF,1'b0
u_dut/t_r_reg[825],FDSE,SLICE_X47Y220,SLICEL.BFF,1'b0
u_dut/t_r_reg[828],FDSE,SLICE_X46Y225,SLICEM.BFF,1'b0
u_dut/t_r_reg[82],FDSE,SLICE_X33Y229,SLICEL.AFF,1'b0
u_dut/t_r_reg[830],FDRE,SLICE_X59Y223,SLICEL.CFF,1'b0
u_dut/t_r_reg[831],FDRE,SLICE_X50Y224,SLICEM.CFF,1'b0
u_dut/t_r_reg[832],FDRE,SLICE_X53Y223,SLICEL.DFF,1'b0
u_dut/t_r_reg[836],FDSE,SLICE_X46Y225,SLICEM.CFF,1'b0
u_dut/t_r_reg[837],FDSE,SLICE_X57Y223,SLICEL.BFF,1'b0
u_dut/t_r_reg[83],FDSE,SLICE_X13Y228,SLICEL.AFF,1'b0
u_dut/t_r_reg[840],FDSE,SLICE_X46Y225,SLICEM.DFF,1'b0
u_dut/t_r_reg[847],FDRE,SLICE_X57Y221,SLICEL.A5FF,1'b0
u_dut/t_r_reg[84],FDSE,SLICE_X33Y229,SLICEL.BFF,1'b0
u_dut/t_r_reg[851],FDSE,SLICE_X45Y223,SLICEL.AFF,1'b0
u_dut/t_r_reg[852],FDRE,SLICE_X52Y223,SLICEM.A5FF,1'b0
u_dut/t_r_reg[853],FDSE,SLICE_X40Y211,SLICEL.AFF,1'b0
u_dut/t_r_reg[857],FDRE,SLICE_X54Y224,SLICEM.CFF,1'b0
u_dut/t_r_reg[858],FDSE,SLICE_X45Y223,SLICEL.BFF,1'b0
u_dut/t_r_reg[859],FDSE,SLICE_X45Y223,SLICEL.A5FF,1'b0
u_dut/t_r_reg[85],FDSE,SLICE_X27Y229,SLICEL.AFF,1'b0
u_dut/t_r_reg[860],FDSE,SLICE_X45Y223,SLICEL.CFF,1'b0
u_dut/t_r_reg[861],FDSE,SLICE_X45Y223,SLICEL.DFF,1'b0
u_dut/t_r_reg[862],FDSE,SLICE_X49Y225,SLICEL.AFF,1'b0
u_dut/t_r_reg[863],FDSE,SLICE_X43Y223,SLICEL.DFF,1'b0
u_dut/t_r_reg[865],FDRE,SLICE_X49Y224,SLICEL.DFF,1'b0
u_dut/t_r_reg[866],FDRE,SLICE_X47Y224,SLICEL.DFF,1'b0
u_dut/t_r_reg[868],FDRE,SLICE_X43Y222,SLICEL.CFF,1'b0
u_dut/t_r_reg[869],FDRE,SLICE_X44Y223,SLICEL.DFF,1'b0
u_dut/t_r_reg[86],FDSE,SLICE_X33Y229,SLICEL.CFF,1'b0
u_dut/t_r_reg[871],FDRE,SLICE_X44Y222,SLICEL.DFF,1'b0
u_dut/t_r_reg[872],FDSE,SLICE_X43Y223,SLICEL.AFF,1'b0
u_dut/t_r_reg[875],FDSE,SLICE_X43Y223,SLICEL.BFF,1'b0
u_dut/t_r_reg[876],FDSE,SLICE_X43Y223,SLICEL.CFF,1'b0
u_dut/t_r_reg[878],FDRE,SLICE_X52Y223,SLICEM.DFF,1'b0
u_dut/t_r_reg[881],FDRE,SLICE_X59Y223,SLICEL.DFF,1'b0
u_dut/t_r_reg[888],FDRE,SLICE_X54Y224,SLICEM.DFF,1'b0
u_dut/t_r_reg[88],FDSE,SLICE_X27Y229,SLICEL.BFF,1'b0
u_dut/t_r_reg[890],FDRE,SLICE_X54Y222,SLICEM.DFF,1'b0
u_dut/t_r_reg[891],FDRE,SLICE_X45Y224,SLICEL.CFF,1'b0
u_dut/t_r_reg[892],FDRE,SLICE_X54Y225,SLICEM.BFF,1'b0
u_dut/t_r_reg[893],FDRE,SLICE_X51Y225,SLICEL.DFF,1'b0
u_dut/t_r_reg[90],FDSE,SLICE_X13Y228,SLICEL.BFF,1'b0
u_dut/t_r_reg[91],FDSE,SLICE_X21Y229,SLICEL.AFF,1'b0
u_dut/t_r_reg[922],FDRE,SLICE_X54Y221,SLICEM.DFF,1'b0
u_dut/t_r_reg[923],FDRE,SLICE_X24Y219,SLICEL.BFF,1'b0
u_dut/t_r_reg[925],FDRE,SLICE_X24Y219,SLICEL.CFF,1'b0
u_dut/t_r_reg[92],FDSE,SLICE_X27Y229,SLICEL.CFF,1'b0
u_dut/t_r_reg[93],FDSE,SLICE_X33Y229,SLICEL.DFF,1'b0
u_dut/t_r_reg[940],FDSE,SLICE_X27Y219,SLICEL.AFF,1'b0
u_dut/t_r_reg[943],FDSE,SLICE_X27Y219,SLICEL.BFF,1'b0
u_dut/t_r_reg[944],FDSE,SLICE_X27Y219,SLICEL.A5FF,1'b0
u_dut/t_r_reg[946],FDSE,SLICE_X27Y219,SLICEL.DFF,1'b0
u_dut/t_r_reg[947],FDSE,SLICE_X27Y219,SLICEL.B5FF,1'b0
u_dut/t_r_reg[948],FDSE,SLICE_X21Y218,SLICEL.AFF,1'b0
u_dut/t_r_reg[949],FDSE,SLICE_X27Y219,SLICEL.CFF,1'b0
u_dut/t_r_reg[94],FDSE,SLICE_X13Y228,SLICEL.CFF,1'b0
u_dut/t_r_reg[952],FDSE,SLICE_X21Y218,SLICEL.A5FF,1'b0
u_dut/t_r_reg[953],FDSE,SLICE_X27Y219,SLICEL.C5FF,1'b0
u_dut/t_r_reg[954],FDSE,SLICE_X23Y218,SLICEL.A5FF,1'b0
u_dut/t_r_reg[955],FDSE,SLICE_X26Y220,SLICEL.AFF,1'b0
u_dut/t_r_reg[957],FDSE,SLICE_X26Y218,SLICEL.AFF,1'b0
u_dut/t_r_reg[959],FDSE,SLICE_X26Y218,SLICEL.BFF,1'b0
u_dut/t_r_reg[95],FDSE,SLICE_X22Y228,SLICEM.BFF,1'b0
u_dut/t_r_reg[960],FDSE,SLICE_X26Y220,SLICEL.BFF,1'b0
u_dut/t_r_reg[961],FDSE,SLICE_X26Y218,SLICEL.A5FF,1'b0
u_dut/t_r_reg[962],FDSE,SLICE_X26Y220,SLICEL.DFF,1'b0
u_dut/t_r_reg[963],FDSE,SLICE_X26Y220,SLICEL.A5FF,1'b0
u_dut/t_r_reg[965],FDSE,SLICE_X26Y220,SLICEL.CFF,1'b0
u_dut/t_r_reg[967],FDSE,SLICE_X26Y218,SLICEL.B5FF,1'b0
u_dut/t_r_reg[968],FDSE,SLICE_X26Y220,SLICEL.B5FF,1'b0
u_dut/t_r_reg[969],FDSE,SLICE_X26Y220,SLICEL.C5FF,1'b0
u_dut/t_r_reg[96],FDSE,SLICE_X28Y231,SLICEL.BFF,1'b0
u_dut/t_r_reg[972],FDSE,SLICE_X26Y219,SLICEL.AFF,1'b0
u_dut/t_r_reg[974],FDSE,SLICE_X26Y219,SLICEL.BFF,1'b0
u_dut/t_r_reg[975],FDSE,SLICE_X26Y219,SLICEL.A5FF,1'b0
u_dut/t_r_reg[976],FDSE,SLICE_X23Y218,SLICEL.BFF,1'b0
u_dut/t_r_reg[977],FDSE,SLICE_X23Y218,SLICEL.B5FF,1'b0
u_dut/t_r_reg[97],FDSE,SLICE_X37Y230,SLICEL.BFF,1'b0
u_dut/t_r_reg[981],FDSE,SLICE_X26Y219,SLICEL.CFF,1'b0
u_dut/t_r_reg[982],FDSE,SLICE_X26Y219,SLICEL.B5FF,1'b0
u_dut/t_r_reg[983],FDSE,SLICE_X23Y218,SLICEL.AFF,1'b0
u_dut/t_r_reg[984],FDSE,SLICE_X27Y217,SLICEL.AFF,1'b0
u_dut/t_r_reg[985],FDSE,SLICE_X27Y217,SLICEL.BFF,1'b0
u_dut/t_r_reg[986],FDSE,SLICE_X23Y217,SLICEL.AFF,1'b0
u_dut/t_r_reg[987],FDSE,SLICE_X27Y217,SLICEL.A5FF,1'b0
u_dut/t_r_reg[989],FDSE,SLICE_X23Y217,SLICEL.CFF,1'b0
u_dut/t_r_reg[98],FDSE,SLICE_X28Y231,SLICEL.A5FF,1'b0
u_dut/t_r_reg[990],FDSE,SLICE_X27Y217,SLICEL.B5FF,1'b0
u_dut/t_r_reg[992],FDSE,SLICE_X23Y217,SLICEL.BFF,1'b0
u_dut/t_r_reg[993],FDSE,SLICE_X23Y217,SLICEL.C5FF,1'b0
u_dut/t_r_reg[994],FDSE,SLICE_X22Y218,SLICEM.AFF,1'b0
u_dut/t_r_reg[995],FDSE,SLICE_X25Y218,SLICEL.AFF,1'b0
u_dut/t_r_reg[997],FDSE,SLICE_X25Y218,SLICEL.BFF,1'b0
u_dut/t_r_reg[998],FDSE,SLICE_X25Y218,SLICEL.B5FF,1'b0
u_dut/t_r_reg[99],FDSE,SLICE_X33Y224,SLICEL.CFF,1'b0
u_dut/t_r_reg[9],FDSE,SLICE_X36Y221,SLICEL.A5FF,1'b0
u_dut/x_r_reg[0],FDRE,SLICE_X9Y208,SLICEL.AFF,1'b0
u_dut/x_r_reg[100],FDRE,SLICE_X9Y204,SLICEL.AFF,1'b0
u_dut/x_r_reg[101],FDRE,SLICE_X9Y201,SLICEL.AFF,1'b0
u_dut/x_r_reg[102],FDRE,SLICE_X9Y208,SLICEL.BFF,1'b0
u_dut/x_r_reg[103],FDRE,SLICE_X9Y208,SLICEL.CFF,1'b0
u_dut/x_r_reg[104],FDRE,SLICE_X9Y206,SLICEL.AFF,1'b0
u_dut/x_r_reg[105],FDRE,SLICE_X9Y204,SLICEL.BFF,1'b0
u_dut/x_r_reg[106],FDRE,SLICE_X9Y206,SLICEL.BFF,1'b0
u_dut/x_r_reg[107],FDRE,SLICE_X9Y204,SLICEL.CFF,1'b0
u_dut/x_r_reg[108],FDRE,SLICE_X9Y208,SLICEL.DFF,1'b0
u_dut/x_r_reg[109],FDRE,SLICE_X8Y204,SLICEM.AFF,1'b0
u_dut/x_r_reg[10],FDRE,SLICE_X24Y202,SLICEL.AFF,1'b0
u_dut/x_r_reg[110],FDRE,SLICE_X25Y201,SLICEL.AFF,1'b0
u_dut/x_r_reg[111],FDRE,SLICE_X19Y204,SLICEL.AFF,1'b0
u_dut/x_r_reg[112],FDRE,SLICE_X15Y202,SLICEL.AFF,1'b0
u_dut/x_r_reg[113],FDRE,SLICE_X19Y204,SLICEL.BFF,1'b0
u_dut/x_r_reg[114],FDRE,SLICE_X19Y204,SLICEL.CFF,1'b0
u_dut/x_r_reg[115],FDRE,SLICE_X19Y204,SLICEL.DFF,1'b0
u_dut/x_r_reg[116],FDRE,SLICE_X18Y204,SLICEM.AFF,1'b0
u_dut/x_r_reg[117],FDRE,SLICE_X15Y202,SLICEL.BFF,1'b0
u_dut/x_r_reg[118],FDRE,SLICE_X51Y205,SLICEL.AFF,1'b0
u_dut/x_r_reg[119],FDRE,SLICE_X51Y205,SLICEL.BFF,1'b0
u_dut/x_r_reg[11],FDRE,SLICE_X24Y209,SLICEL.A5FF,1'b0
u_dut/x_r_reg[120],FDRE,SLICE_X48Y202,SLICEL.AFF,1'b0
u_dut/x_r_reg[121],FDRE,SLICE_X51Y205,SLICEL.CFF,1'b0
u_dut/x_r_reg[122],FDRE,SLICE_X48Y201,SLICEL.AFF,1'b0
u_dut/x_r_reg[123],FDRE,SLICE_X48Y202,SLICEL.BFF,1'b0
u_dut/x_r_reg[124],FDRE,SLICE_X51Y206,SLICEL.AFF,1'b0
u_dut/x_r_reg[125],FDRE,SLICE_X48Y209,SLICEL.AFF,1'b0
u_dut/x_r_reg[126],FDRE,SLICE_X48Y201,SLICEL.BFF,1'b0
u_dut/x_r_reg[127],FDRE,SLICE_X31Y204,SLICEL.AFF,1'b0
u_dut/x_r_reg[128],FDRE,SLICE_X31Y201,SLICEL.AFF,1'b0
u_dut/x_r_reg[129],FDRE,SLICE_X30Y209,SLICEL.AFF,1'b0
u_dut/x_r_reg[12],FDRE,SLICE_X24Y202,SLICEL.BFF,1'b0
u_dut/x_r_reg[130],FDRE,SLICE_X25Y209,SLICEL.AFF,1'b0
u_dut/x_r_reg[131],FDRE,SLICE_X30Y209,SLICEL.BFF,1'b0
u_dut/x_r_reg[132],FDRE,SLICE_X29Y209,SLICEL.A5FF,1'b0
u_dut/x_r_reg[133],FDRE,SLICE_X25Y201,SLICEL.BFF,1'b0
u_dut/x_r_reg[134],FDRE,SLICE_X25Y202,SLICEL.AFF,1'b0
u_dut/x_r_reg[135],FDRE,SLICE_X25Y209,SLICEL.BFF,1'b0
u_dut/x_r_reg[136],FDRE,SLICE_X9Y206,SLICEL.CFF,1'b0
u_dut/x_r_reg[137],FDRE,SLICE_X17Y207,SLICEL.AFF,1'b0
u_dut/x_r_reg[138],FDRE,SLICE_X16Y207,SLICEM.AFF,1'b0
u_dut/x_r_reg[139],FDRE,SLICE_X16Y207,SLICEM.BFF,1'b0
u_dut/x_r_reg[13],FDRE,SLICE_X25Y209,SLICEL.CFF,1'b0
u_dut/x_r_reg[140],FDRE,SLICE_X9Y206,SLICEL.DFF,1'b0
u_dut/x_r_reg[141],FDRE,SLICE_X15Y202,SLICEL.CFF,1'b0
u_dut/x_r_reg[142],FDRE,SLICE_X18Y204,SLICEM.BFF,1'b0
u_dut/x_r_reg[143],FDRE,SLICE_X25Y201,SLICEL.CFF,1'b0
u_dut/x_r_reg[144],FDRE,SLICE_X14Y202,SLICEM.AFF,1'b0
u_dut/x_r_reg[145],FDRE,SLICE_X25Y201,SLICEL.DFF,1'b0
u_dut/x_r_reg[146],FDRE,SLICE_X25Y202,SLICEL.BFF,1'b0
u_dut/x_r_reg[147],FDRE,SLICE_X24Y201,SLICEL.AFF,1'b0
u_dut/x_r_reg[148],FDRE,SLICE_X25Y202,SLICEL.CFF,1'b0
u_dut/x_r_reg[149],FDRE,SLICE_X25Y209,SLICEL.DFF,1'b0
u_dut/x_r_reg[14],FDRE,SLICE_X24Y202,SLICEL.CFF,1'b0
u_dut/x_r_reg[150],FDRE,SLICE_X22Y206,SLICEM.AFF,1'b0
u_dut/x_r_reg[151],FDRE,SLICE_X24Y201,SLICEL.BFF,1'b0
u_dut/x_r_reg[152],FDRE,SLICE_X25Y209,SLICEL.A5FF,1'b0
u_dut/x_r_reg[153],FDRE,SLICE_X24Y201,SLICEL.CFF,1'b0
u_dut/x_r_reg[154],FDRE,SLICE_X9Y201,SLICEL.BFF,1'b0
u_dut/x_r_reg[155],FDRE,SLICE_X9Y201,SLICEL.CFF,1'b0
u_dut/x_r_reg[156],FDRE,SLICE_X8Y206,SLICEM.AFF,1'b0
u_dut/x_r_reg[157],FDRE,SLICE_X8Y208,SLICEM.AFF,1'b0
u_dut/x_r_reg[158],FDRE,SLICE_X8Y206,SLICEM.BFF,1'b0
u_dut/x_r_reg[159],FDRE,SLICE_X8Y206,SLICEM.CFF,1'b0
u_dut/x_r_reg[15],FDRE,SLICE_X24Y202,SLICEL.DFF,1'b0
u_dut/x_r_reg[16],FDRE,SLICE_X25Y204,SLICEL.AFF,1'b0
u_dut/x_r_reg[17],FDRE,SLICE_X24Y202,SLICEL.A5FF,1'b0
u_dut/x_r_reg[18],FDRE,SLICE_X25Y204,SLICEL.BFF,1'b0
u_dut/x_r_reg[19],FDRE,SLICE_X24Y202,SLICEL.B5FF,1'b0
u_dut/x_r_reg[1],FDRE,SLICE_X8Y204,SLICEM.BFF,1'b0
u_dut/x_r_reg[20],FDRE,SLICE_X25Y202,SLICEL.DFF,1'b0
u_dut/x_r_reg[21],FDRE,SLICE_X25Y204,SLICEL.CFF,1'b0
u_dut/x_r_reg[22],FDRE,SLICE_X24Y202,SLICEL.C5FF,1'b0
u_dut/x_r_reg[23],FDRE,SLICE_X25Y204,SLICEL.DFF,1'b0
u_dut/x_r_reg[24],FDRE,SLICE_X24Y204,SLICEL.AFF,1'b0
u_dut/x_r_reg[25],FDRE,SLICE_X24Y204,SLICEL.BFF,1'b0
u_dut/x_r_reg[26],FDRE,SLICE_X25Y202,SLICEL.A5FF,1'b0
u_dut/x_r_reg[27],FDRE,SLICE_X49Y202,SLICEL.AFF,1'b0
u_dut/x_r_reg[28],FDRE,SLICE_X51Y202,SLICEL.AFF,1'b0
u_dut/x_r_reg[29],FDRE,SLICE_X49Y202,SLICEL.BFF,1'b0
u_dut/x_r_reg[2],FDRE,SLICE_X9Y201,SLICEL.DFF,1'b0
u_dut/x_r_reg[30],FDRE,SLICE_X50Y206,SLICEM.AFF,1'b0
u_dut/x_r_reg[31],FDRE,SLICE_X50Y206,SLICEM.BFF,1'b0
u_dut/x_r_reg[32],FDRE,SLICE_X51Y202,SLICEL.BFF,1'b0
u_dut/x_r_reg[33],FDRE,SLICE_X51Y213,SLICEL.AFF,1'b0
u_dut/x_r_reg[34],FDRE,SLICE_X51Y205,SLICEL.DFF,1'b0
u_dut/x_r_reg[35],FDRE,SLICE_X50Y205,SLICEM.AFF,1'b0
u_dut/x_r_reg[36],FDRE,SLICE_X31Y201,SLICEL.BFF,1'b0
u_dut/x_r_reg[37],FDRE,SLICE_X23Y202,SLICEL.AFF,1'b0
u_dut/x_r_reg[38],FDRE,SLICE_X31Y201,SLICEL.CFF,1'b0
u_dut/x_r_reg[39],FDRE,SLICE_X30Y204,SLICEL.AFF,1'b0
u_dut/x_r_reg[3],FDRE,SLICE_X8Y201,SLICEM.AFF,1'b0
u_dut/x_r_reg[40],FDRE,SLICE_X31Y201,SLICEL.DFF,1'b0
u_dut/x_r_reg[41],FDRE,SLICE_X30Y201,SLICEL.AFF,1'b0
u_dut/x_r_reg[42],FDRE,SLICE_X30Y204,SLICEL.BFF,1'b0
u_dut/x_r_reg[43],FDRE,SLICE_X30Y204,SLICEL.CFF,1'b0
u_dut/x_r_reg[44],FDRE,SLICE_X30Y201,SLICEL.BFF,1'b0
u_dut/x_r_reg[45],FDRE,SLICE_X30Y201,SLICEL.CFF,1'b0
u_dut/x_r_reg[46],FDRE,SLICE_X24Y201,SLICEL.DFF,1'b0
u_dut/x_r_reg[47],FDRE,SLICE_X30Y201,SLICEL.DFF,1'b0
u_dut/x_r_reg[48],FDRE,SLICE_X30Y204,SLICEL.DFF,1'b0
u_dut/x_r_reg[49],FDRE,SLICE_X30Y209,SLICEL.CFF,1'b0
u_dut/x_r_reg[4],FDRE,SLICE_X8Y204,SLICEM.CFF,1'b0
u_dut/x_r_reg[50],FDRE,SLICE_X24Y204,SLICEL.CFF,1'b0
u_dut/x_r_reg[51],FDRE,SLICE_X23Y202,SLICEL.BFF,1'b0
u_dut/x_r_reg[52],FDRE,SLICE_X23Y202,SLICEL.CFF,1'b0
u_dut/x_r_reg[53],FDRE,SLICE_X24Y202,SLICEL.D5FF,1'b0
u_dut/x_r_reg[54],FDRE,SLICE_X16Y207,SLICEM.CFF,1'b0
u_dut/x_r_reg[55],FDRE,SLICE_X14Y202,SLICEM.BFF,1'b0
u_dut/x_r_reg[56],FDRE,SLICE_X18Y204,SLICEM.CFF,1'b0
u_dut/x_r_reg[57],FDRE,SLICE_X16Y207,SLICEM.DFF,1'b0
u_dut/x_r_reg[58],FDRE,SLICE_X18Y204,SLICEM.DFF,1'b0
u_dut/x_r_reg[59],FDRE,SLICE_X14Y202,SLICEM.CFF,1'b0
u_dut/x_r_reg[5],FDRE,SLICE_X8Y201,SLICEM.BFF,1'b0
u_dut/x_r_reg[60],FDRE,SLICE_X26Y210,SLICEL.A5FF,1'b0
u_dut/x_r_reg[61],FDRE,SLICE_X22Y210,SLICEM.AFF,1'b0
u_dut/x_r_reg[62],FDRE,SLICE_X25Y209,SLICEL.B5FF,1'b0
u_dut/x_r_reg[63],FDRE,SLICE_X26Y210,SLICEL.BFF,1'b0
u_dut/x_r_reg[64],FDRE,SLICE_X24Y209,SLICEL.BFF,1'b0
u_dut/x_r_reg[65],FDRE,SLICE_X31Y209,SLICEL.AFF,1'b0
u_dut/x_r_reg[66],FDRE,SLICE_X22Y210,SLICEM.BFF,1'b0
u_dut/x_r_reg[67],FDRE,SLICE_X29Y209,SLICEL.BFF,1'b0
u_dut/x_r_reg[68],FDRE,SLICE_X31Y209,SLICEL.BFF,1'b0
u_dut/x_r_reg[69],FDRE,SLICE_X23Y210,SLICEL.AFF,1'b0
u_dut/x_r_reg[6],FDRE,SLICE_X8Y206,SLICEM.DFF,1'b0
u_dut/x_r_reg[70],FDRE,SLICE_X49Y201,SLICEL.AFF,1'b0
u_dut/x_r_reg[71],FDRE,SLICE_X49Y202,SLICEL.CFF,1'b0
u_dut/x_r_reg[72],FDRE,SLICE_X49Y201,SLICEL.BFF,1'b0
u_dut/x_r_reg[73],FDRE,SLICE_X50Y205,SLICEM.BFF,1'b0
u_dut/x_r_reg[74],FDRE,SLICE_X50Y205,SLICEM.CFF,1'b0
u_dut/x_r_reg[75],FDRE,SLICE_X50Y206,SLICEM.CFF,1'b0
u_dut/x_r_reg[76],FDRE,SLICE_X8Y208,SLICEM.BFF,1'b0
u_dut/x_r_reg[77],FDRE,SLICE_X14Y202,SLICEM.DFF,1'b0
u_dut/x_r_reg[78],FDRE,SLICE_X8Y208,SLICEM.CFF,1'b0
u_dut/x_r_reg[79],FDRE,SLICE_X8Y208,SLICEM.DFF,1'b0
u_dut/x_r_reg[7],FDRE,SLICE_X8Y201,SLICEM.CFF,1'b0
u_dut/x_r_reg[80],FDRE,SLICE_X26Y210,SLICEL.CFF,1'b0
u_dut/x_r_reg[81],FDRE,SLICE_X23Y210,SLICEL.BFF,1'b0
u_dut/x_r_reg[82],FDRE,SLICE_X25Y209,SLICEL.C5FF,1'b0
u_dut/x_r_reg[83],FDRE,SLICE_X26Y210,SLICEL.DFF,1'b0
u_dut/x_r_reg[84],FDRE,SLICE_X24Y209,SLICEL.CFF,1'b0
u_dut/x_r_reg[85],FDRE,SLICE_X31Y209,SLICEL.CFF,1'b0
u_dut/x_r_reg[86],FDRE,SLICE_X23Y210,SLICEL.CFF,1'b0
u_dut/x_r_reg[87],FDRE,SLICE_X29Y209,SLICEL.C5FF,1'b0
u_dut/x_r_reg[88],FDRE,SLICE_X31Y209,SLICEL.DFF,1'b0
u_dut/x_r_reg[89],FDRE,SLICE_X23Y210,SLICEL.DFF,1'b0
u_dut/x_r_reg[8],FDRE,SLICE_X8Y201,SLICEM.DFF,1'b0
u_dut/x_r_reg[90],FDRE,SLICE_X8Y204,SLICEM.DFF,1'b0
u_dut/x_r_reg[91],FDRE,SLICE_X50Y206,SLICEM.DFF,1'b0
u_dut/x_r_reg[92],FDRE,SLICE_X51Y202,SLICEL.CFF,1'b0
u_dut/x_r_reg[93],FDRE,SLICE_X51Y202,SLICEL.DFF,1'b0
u_dut/x_r_reg[94],FDRE,SLICE_X50Y202,SLICEM.AFF,1'b0
u_dut/x_r_reg[95],FDRE,SLICE_X50Y205,SLICEM.DFF,1'b0
u_dut/x_r_reg[96],FDRE,SLICE_X50Y202,SLICEM.BFF,1'b0
u_dut/x_r_reg[97],FDRE,SLICE_X50Y202,SLICEM.CFF,1'b0
u_dut/x_r_reg[98],FDRE,SLICE_X50Y202,SLICEM.DFF,1'b0
u_dut/x_r_reg[99],FDRE,SLICE_X50Y209,SLICEM.AFF,1'b0
u_dut/x_r_reg[9],FDRE,SLICE_X24Y204,SLICEL.DFF,1'b0
u_dut/y[0]_i_1,LUT3,SLICE_X28Y238,SLICEL.C6LUT,8'hB8
u_dut/y[1]_i_1,LUT3,SLICE_X28Y238,SLICEL.C5LUT,8'hB8
u_dut/y[2]_i_1,LUT3,SLICE_X28Y239,SLICEL.C6LUT,8'hB8
u_dut/y[2]_i_2,LUT6,SLICE_X28Y239,SLICEL.D6LUT,64'h6FF6FFFFFFFF6FF6
u_dut/y_reg[0],FDRE,SLICE_X28Y238,SLICEL.CFF,1'b0
u_dut/y_reg[1],FDRE,SLICE_X28Y238,SLICEL.C5FF,1'b0
u_dut/y_reg[2],FDRE,SLICE_X28Y239,SLICEL.CFF,1'b0
u_dut/u_pc0/GND,GND,,,
u_dut/u_pc0/VCC,VCC,,,
u_dut/u_pc0/pc0_a0[0]_i_1,LUT6,SLICE_X59Y225,SLICEL.A6LUT,64'h6996966996696996
u_dut/u_pc0/pc0_a0[1]_i_1,LUT6,SLICE_X60Y225,SLICEL.A6LUT,64'h8117177E177E7EE8
u_dut/u_pc0/pc0_a0[2]_i_1,LUT6,SLICE_X56Y226,SLICEM.A6LUT,64'hFEE8E880E8808000
u_dut/u_pc0/pc0_a0_reg[0],FDRE,SLICE_X59Y225,SLICEL.AFF,1'b0
u_dut/u_pc0/pc0_a0_reg[1],FDRE,SLICE_X60Y225,SLICEL.AFF,1'b0
u_dut/u_pc0/pc0_a0_reg[2],FDRE,SLICE_X56Y226,SLICEM.AFF,1'b0
u_dut/u_pc0/pc0_a10[0]_i_1,LUT6,SLICE_X50Y234,SLICEM.A6LUT,64'h6996966996696996
u_dut/u_pc0/pc0_a10[1]_i_1,LUT6,SLICE_X52Y233,SLICEM.A6LUT,64'h8117177E177E7EE8
u_dut/u_pc0/pc0_a10[2]_i_1,LUT6,SLICE_X54Y234,SLICEM.A6LUT,64'hFEE8E880E8808000
u_dut/u_pc0/pc0_a10_reg[0],FDRE,SLICE_X50Y234,SLICEM.AFF,1'b0
u_dut/u_pc0/pc0_a10_reg[1],FDRE,SLICE_X52Y233,SLICEM.AFF,1'b0
u_dut/u_pc0/pc0_a10_reg[2],FDRE,SLICE_X54Y234,SLICEM.AFF,1'b0
u_dut/u_pc0/pc0_a11[0]_i_1,LUT6,SLICE_X50Y231,SLICEM.A6LUT,64'h6996966996696996
u_dut/u_pc0/pc0_a11[1]_i_1,LUT6,SLICE_X52Y232,SLICEM.A6LUT,64'h8117177E177E7EE8
u_dut/u_pc0/pc0_a11[2]_i_1,LUT6,SLICE_X53Y232,SLICEL.A6LUT,64'hFEE8E880E8808000
u_dut/u_pc0/pc0_a11_reg[0],FDRE,SLICE_X50Y231,SLICEM.AFF,1'b0
u_dut/u_pc0/pc0_a11_reg[1],FDRE,SLICE_X52Y232,SLICEM.AFF,1'b0
u_dut/u_pc0/pc0_a11_reg[2],FDRE,SLICE_X53Y232,SLICEL.AFF,1'b0
u_dut/u_pc0/pc0_a12[0]_i_1,LUT6,SLICE_X48Y235,SLICEL.A6LUT,64'h6996966996696996
u_dut/u_pc0/pc0_a12[1]_i_1,LUT6,SLICE_X48Y232,SLICEL.A6LUT,64'h8117177E177E7EE8
u_dut/u_pc0/pc0_a12[2]_i_1,LUT6,SLICE_X47Y232,SLICEL.A6LUT,64'hFEE8E880E8808000
u_dut/u_pc0/pc0_a12_reg[0],FDRE,SLICE_X48Y235,SLICEL.AFF,1'b0
u_dut/u_pc0/pc0_a12_reg[1],FDRE,SLICE_X48Y232,SLICEL.AFF,1'b0
u_dut/u_pc0/pc0_a12_reg[2],FDRE,SLICE_X47Y232,SLICEL.AFF,1'b0
u_dut/u_pc0/pc0_a13[0]_i_1,LUT6,SLICE_X46Y232,SLICEM.A6LUT,64'h6996966996696996
u_dut/u_pc0/pc0_a13[1]_i_1,LUT6,SLICE_X49Y232,SLICEL.A6LUT,64'h8117177E177E7EE8
u_dut/u_pc0/pc0_a13[2]_i_1,LUT6,SLICE_X47Y231,SLICEL.A6LUT,64'hFEE8E880E8808000
u_dut/u_pc0/pc0_a13_reg[0],FDRE,SLICE_X46Y232,SLICEM.AFF,1'b0
u_dut/u_pc0/pc0_a13_reg[1],FDRE,SLICE_X49Y232,SLICEL.AFF,1'b0
u_dut/u_pc0/pc0_a13_reg[2],FDRE,SLICE_X47Y231,SLICEL.AFF,1'b0
u_dut/u_pc0/pc0_a14[0]_i_1,LUT6,SLICE_X48Y231,SLICEL.A6LUT,64'h6996966996696996
u_dut/u_pc0/pc0_a14[1]_i_1,LUT6,SLICE_X48Y231,SLICEL.B6LUT,64'h8117177E177E7EE8
u_dut/u_pc0/pc0_a14[2]_i_1,LUT6,SLICE_X47Y231,SLICEL.B6LUT,64'hFEE8E880E8808000
u_dut/u_pc0/pc0_a14_reg[0],FDRE,SLICE_X48Y231,SLICEL.AFF,1'b0
u_dut/u_pc0/pc0_a14_reg[1],FDRE,SLICE_X48Y231,SLICEL.BFF,1'b0
u_dut/u_pc0/pc0_a14_reg[2],FDRE,SLICE_X47Y231,SLICEL.BFF,1'b0
u_dut/u_pc0/pc0_a15[0]_i_1,LUT6,SLICE_X48Y234,SLICEL.A6LUT,64'h6996966996696996
u_dut/u_pc0/pc0_a15[1]_i_1,LUT6,SLICE_X48Y232,SLICEL.B6LUT,64'h8117177E177E7EE8
u_dut/u_pc0/pc0_a15[2]_i_1,LUT6,SLICE_X49Y234,SLICEL.A6LUT,64'hFEE8E880E8808000
u_dut/u_pc0/pc0_a15_reg[0],FDRE,SLICE_X48Y234,SLICEL.AFF,1'b0
u_dut/u_pc0/pc0_a15_reg[1],FDRE,SLICE_X48Y232,SLICEL.BFF,1'b0
u_dut/u_pc0/pc0_a15_reg[2],FDRE,SLICE_X49Y234,SLICEL.AFF,1'b0
u_dut/u_pc0/pc0_a16[0]_i_1,LUT6,SLICE_X47Y229,SLICEL.C6LUT,64'h6996966996696996
u_dut/u_pc0/pc0_a16[1]_i_1,LUT6,SLICE_X48Y229,SLICEL.A6LUT,64'h8117177E177E7EE8
u_dut/u_pc0/pc0_a16[2]_i_1,LUT6,SLICE_X47Y228,SLICEL.A6LUT,64'hFEE8E880E8808000
u_dut/u_pc0/pc0_a16_reg[0],FDRE,SLICE_X47Y229,SLICEL.CFF,1'b0
u_dut/u_pc0/pc0_a16_reg[1],FDRE,SLICE_X48Y229,SLICEL.AFF,1'b0
u_dut/u_pc0/pc0_a16_reg[2],FDRE,SLICE_X47Y228,SLICEL.AFF,1'b0
u_dut/u_pc0/pc0_a17[0]_i_1,LUT6,SLICE_X50Y228,SLICEM.A6LUT,64'h6996966996696996
u_dut/u_pc0/pc0_a17[1]_i_1,LUT6,SLICE_X50Y228,SLICEM.B6LUT,64'h8117177E177E7EE8
u_dut/u_pc0/pc0_a17[2]_i_1,LUT6,SLICE_X50Y228,SLICEM.C6LUT,64'hFEE8E880E8808000
u_dut/u_pc0/pc0_a17_reg[0],FDRE,SLICE_X50Y228,SLICEM.AFF,1'b0
u_dut/u_pc0/pc0_a17_reg[1],FDRE,SLICE_X50Y228,SLICEM.BFF,1'b0
u_dut/u_pc0/pc0_a17_reg[2],FDRE,SLICE_X50Y228,SLICEM.CFF,1'b0
u_dut/u_pc0/pc0_a18[0]_i_1,LUT6,SLICE_X49Y229,SLICEL.A6LUT,64'h6996966996696996
u_dut/u_pc0/pc0_a18[1]_i_1,LUT6,SLICE_X49Y227,SLICEL.B6LUT,64'h8117177E177E7EE8
u_dut/u_pc0/pc0_a18[2]_i_1,LUT6,SLICE_X48Y228,SLICEL.A6LUT,64'hFEE8E880E8808000
u_dut/u_pc0/pc0_a18_reg[0],FDRE,SLICE_X49Y229,SLICEL.AFF,1'b0
u_dut/u_pc0/pc0_a18_reg[1],FDRE,SLICE_X49Y227,SLICEL.BFF,1'b0
u_dut/u_pc0/pc0_a18_reg[2],FDRE,SLICE_X48Y228,SLICEL.AFF,1'b0
u_dut/u_pc0/pc0_a19[0]_i_1,LUT6,SLICE_X49Y230,SLICEL.A6LUT,64'h6996966996696996
u_dut/u_pc0/pc0_a19[1]_i_1,LUT6,SLICE_X49Y229,SLICEL.B6LUT,64'h8117177E177E7EE8
u_dut/u_pc0/pc0_a19[2]_i_1,LUT6,SLICE_X48Y227,SLICEL.A6LUT,64'hFEE8E880E8808000
u_dut/u_pc0/pc0_a19_reg[0],FDRE,SLICE_X49Y230,SLICEL.AFF,1'b0
u_dut/u_pc0/pc0_a19_reg[1],FDRE,SLICE_X49Y229,SLICEL.BFF,1'b0
u_dut/u_pc0/pc0_a19_reg[2],FDRE,SLICE_X48Y227,SLICEL.AFF,1'b0
u_dut/u_pc0/pc0_a1[0]_i_1,LUT6,SLICE_X58Y228,SLICEM.A6LUT,64'h6996966996696996
u_dut/u_pc0/pc0_a1[1]_i_1,LUT6,SLICE_X56Y225,SLICEM.C6LUT,64'h8117177E177E7EE8
u_dut/u_pc0/pc0_a1[2]_i_1,LUT6,SLICE_X56Y225,SLICEM.D6LUT,64'hFEE8E880E8808000
u_dut/u_pc0/pc0_a1_reg[0],FDRE,SLICE_X58Y228,SLICEM.AFF,1'b0
u_dut/u_pc0/pc0_a1_reg[1],FDRE,SLICE_X56Y225,SLICEM.CFF,1'b0
u_dut/u_pc0/pc0_a1_reg[2],FDRE,SLICE_X56Y225,SLICEM.DFF,1'b0
u_dut/u_pc0/pc0_a20[0]_i_1,LUT6,SLICE_X63Y229,SLICEL.A6LUT,64'h6996966996696996
u_dut/u_pc0/pc0_a20[1]_i_1,LUT6,SLICE_X63Y229,SLICEL.B6LUT,64'h8117177E177E7EE8
u_dut/u_pc0/pc0_a20[2]_i_1,LUT6,SLICE_X63Y229,SLICEL.C6LUT,64'hFEE8E880E8808000
u_dut/u_pc0/pc0_a20_reg[0],FDRE,SLICE_X63Y229,SLICEL.AFF,1'b0
u_dut/u_pc0/pc0_a20_reg[1],FDRE,SLICE_X63Y229,SLICEL.BFF,1'b0
u_dut/u_pc0/pc0_a20_reg[2],FDRE,SLICE_X63Y229,SLICEL.CFF,1'b0
u_dut/u_pc0/pc0_a21[0]_i_1,LUT6,SLICE_X63Y230,SLICEL.A6LUT,64'h6996966996696996
u_dut/u_pc0/pc0_a21[1]_i_1,LUT6,SLICE_X64Y230,SLICEL.A6LUT,64'h8117177E177E7EE8
u_dut/u_pc0/pc0_a21[2]_i_1,LUT6,SLICE_X64Y230,SLICEL.B6LUT,64'hFEE8E880E8808000
u_dut/u_pc0/pc0_a21_reg[0],FDRE,SLICE_X63Y230,SLICEL.AFF,1'b0
u_dut/u_pc0/pc0_a21_reg[1],FDRE,SLICE_X64Y230,SLICEL.AFF,1'b0
u_dut/u_pc0/pc0_a21_reg[2],FDRE,SLICE_X64Y230,SLICEL.BFF,1'b0
u_dut/u_pc0/pc0_a22[0]_i_1,LUT6,SLICE_X62Y231,SLICEM.A6LUT,64'h6996966996696996
u_dut/u_pc0/pc0_a22[1]_i_1,LUT6,SLICE_X64Y229,SLICEL.A6LUT,64'h8117177E177E7EE8
u_dut/u_pc0/pc0_a22[2]_i_1,LUT6,SLICE_X64Y231,SLICEL.A6LUT,64'hFEE8E880E8808000
u_dut/u_pc0/pc0_a22_reg[0],FDRE,SLICE_X62Y231,SLICEM.AFF,1'b0
u_dut/u_pc0/pc0_a22_reg[1],FDRE,SLICE_X64Y229,SLICEL.AFF,1'b0
u_dut/u_pc0/pc0_a22_reg[2],FDRE,SLICE_X64Y231,SLICEL.AFF,1'b0
u_dut/u_pc0/pc0_a23[0]_i_1,LUT6,SLICE_X62Y228,SLICEM.A6LUT,64'h6996966996696996
u_dut/u_pc0/pc0_a23[1]_i_1,LUT6,SLICE_X61Y230,SLICEL.A6LUT,64'h8117177E177E7EE8
u_dut/u_pc0/pc0_a23[2]_i_1,LUT6,SLICE_X62Y230,SLICEM.A6LUT,64'hFEE8E880E8808000
u_dut/u_pc0/pc0_a23_reg[0],FDRE,SLICE_X62Y228,SLICEM.AFF,1'b0
u_dut/u_pc0/pc0_a23_reg[1],FDRE,SLICE_X61Y230,SLICEL.AFF,1'b0
u_dut/u_pc0/pc0_a23_reg[2],FDRE,SLICE_X62Y230,SLICEM.AFF,1'b0
u_dut/u_pc0/pc0_a24[0]_i_1,LUT6,SLICE_X51Y230,SLICEL.A6LUT,64'h6996966996696996
u_dut/u_pc0/pc0_a24[1]_i_1,LUT6,SLICE_X52Y230,SLICEM.A6LUT,64'h8117177E177E7EE8
u_dut/u_pc0/pc0_a24[2]_i_1,LUT6,SLICE_X50Y230,SLICEM.A6LUT,64'hFEE8E880E8808000
u_dut/u_pc0/pc0_a24_reg[0],FDRE,SLICE_X51Y230,SLICEL.AFF,1'b0
u_dut/u_pc0/pc0_a24_reg[1],FDRE,SLICE_X52Y230,SLICEM.AFF,1'b0
u_dut/u_pc0/pc0_a24_reg[2],FDRE,SLICE_X50Y230,SLICEM.AFF,1'b0
u_dut/u_pc0/pc0_a25[0]_i_1,LUT6,SLICE_X54Y231,SLICEM.A6LUT,64'h6996966996696996
u_dut/u_pc0/pc0_a25[1]_i_1,LUT6,SLICE_X54Y229,SLICEM.A6LUT,64'h8117177E177E7EE8
u_dut/u_pc0/pc0_a25[2]_i_1,LUT6,SLICE_X55Y229,SLICEL.A6LUT,64'hFEE8E880E8808000
u_dut/u_pc0/pc0_a25_reg[0],FDRE,SLICE_X54Y231,SLICEM.AFF,1'b0
u_dut/u_pc0/pc0_a25_reg[1],FDRE,SLICE_X54Y229,SLICEM.AFF,1'b0
u_dut/u_pc0/pc0_a25_reg[2],FDRE,SLICE_X55Y229,SLICEL.AFF,1'b0
u_dut/u_pc0/pc0_a26[0]_i_1,LUT6,SLICE_X52Y231,SLICEM.A6LUT,64'h6996966996696996
u_dut/u_pc0/pc0_a26[1]_i_1,LUT6,SLICE_X51Y229,SLICEL.A6LUT,64'h8117177E177E7EE8
u_dut/u_pc0/pc0_a26[2]_i_1,LUT6,SLICE_X51Y229,SLICEL.B6LUT,64'hFEE8E880E8808000
u_dut/u_pc0/pc0_a26_reg[0],FDRE,SLICE_X52Y231,SLICEM.AFF,1'b0
u_dut/u_pc0/pc0_a26_reg[1],FDRE,SLICE_X51Y229,SLICEL.AFF,1'b0
u_dut/u_pc0/pc0_a26_reg[2],FDRE,SLICE_X51Y229,SLICEL.BFF,1'b0
u_dut/u_pc0/pc0_a27[0]_i_1,LUT6,SLICE_X54Y231,SLICEM.B6LUT,64'h6996966996696996
u_dut/u_pc0/pc0_a27[1]_i_1,LUT6,SLICE_X54Y229,SLICEM.B6LUT,64'h8117177E177E7EE8
u_dut/u_pc0/pc0_a27[2]_i_1,LUT6,SLICE_X54Y229,SLICEM.C6LUT,64'hFEE8E880E8808000
u_dut/u_pc0/pc0_a27_reg[0],FDRE,SLICE_X54Y231,SLICEM.BFF,1'b0
u_dut/u_pc0/pc0_a27_reg[1],FDRE,SLICE_X54Y229,SLICEM.BFF,1'b0
u_dut/u_pc0/pc0_a27_reg[2],FDRE,SLICE_X54Y229,SLICEM.CFF,1'b0
u_dut/u_pc0/pc0_a28[0]_i_1,LUT6,SLICE_X63Y226,SLICEL.A6LUT,64'h6996966996696996
u_dut/u_pc0/pc0_a28[1]_i_1,LUT6,SLICE_X63Y225,SLICEL.A6LUT,64'h8117177E177E7EE8
u_dut/u_pc0/pc0_a28[2]_i_1,LUT6,SLICE_X63Y225,SLICEL.B6LUT,64'hFEE8E880E8808000
u_dut/u_pc0/pc0_a28_reg[0],FDRE,SLICE_X63Y226,SLICEL.AFF,1'b0
u_dut/u_pc0/pc0_a28_reg[1],FDRE,SLICE_X63Y225,SLICEL.AFF,1'b0
u_dut/u_pc0/pc0_a28_reg[2],FDRE,SLICE_X63Y225,SLICEL.BFF,1'b0
u_dut/u_pc0/pc0_a29[0]_i_1,LUT6,SLICE_X63Y225,SLICEL.C6LUT,64'h6996966996696996
u_dut/u_pc0/pc0_a29[1]_i_1,LUT6,SLICE_X62Y225,SLICEM.A6LUT,64'h8117177E177E7EE8
u_dut/u_pc0/pc0_a29[2]_i_1,LUT6,SLICE_X63Y224,SLICEL.A6LUT,64'hFEE8E880E8808000
u_dut/u_pc0/pc0_a29_reg[0],FDRE,SLICE_X63Y225,SLICEL.CFF,1'b0
u_dut/u_pc0/pc0_a29_reg[1],FDRE,SLICE_X62Y225,SLICEM.AFF,1'b0
u_dut/u_pc0/pc0_a29_reg[2],FDRE,SLICE_X63Y224,SLICEL.AFF,1'b0
u_dut/u_pc0/pc0_a2[0]_i_1,LUT6,SLICE_X60Y224,SLICEL.A6LUT,64'h6996966996696996
u_dut/u_pc0/pc0_a2[1]_i_1,LUT6,SLICE_X60Y224,SLICEL.B6LUT,64'h8117177E177E7EE8
u_dut/u_pc0/pc0_a2[2]_i_1,LUT6,SLICE_X60Y224,SLICEL.C6LUT,64'hFEE8E880E8808000
u_dut/u_pc0/pc0_a2_reg[0],FDRE,SLICE_X60Y224,SLICEL.AFF,1'b0
u_dut/u_pc0/pc0_a2_reg[1],FDRE,SLICE_X60Y224,SLICEL.BFF,1'b0
u_dut/u_pc0/pc0_a2_reg[2],FDRE,SLICE_X60Y224,SLICEL.CFF,1'b0
u_dut/u_pc0/pc0_a30[0]_i_1,LUT6,SLICE_X62Y226,SLICEM.A6LUT,64'h6996966996696996
u_dut/u_pc0/pc0_a30[1]_i_1,LUT6,SLICE_X63Y225,SLICEL.D6LUT,64'h8117177E177E7EE8
u_dut/u_pc0/pc0_a30[2]_i_1,LUT6,SLICE_X62Y227,SLICEM.A6LUT,64'hFEE8E880E8808000
u_dut/u_pc0/pc0_a30_reg[0],FDRE,SLICE_X62Y226,SLICEM.AFF,1'b0
u_dut/u_pc0/pc0_a30_reg[1],FDRE,SLICE_X63Y225,SLICEL.DFF,1'b0
u_dut/u_pc0/pc0_a30_reg[2],FDRE,SLICE_X62Y227,SLICEM.AFF,1'b0
u_dut/u_pc0/pc0_a31[0]_i_1,LUT6,SLICE_X62Y226,SLICEM.B6LUT,64'h6996966996696996
u_dut/u_pc0/pc0_a31[1]_i_1,LUT6,SLICE_X61Y225,SLICEL.A6LUT,64'h8117177E177E7EE8
u_dut/u_pc0/pc0_a31[2]_i_1,LUT6,SLICE_X63Y227,SLICEL.A6LUT,64'hFEE8E880E8808000
u_dut/u_pc0/pc0_a31_reg[0],FDRE,SLICE_X62Y226,SLICEM.BFF,1'b0
u_dut/u_pc0/pc0_a31_reg[1],FDRE,SLICE_X61Y225,SLICEL.AFF,1'b0
u_dut/u_pc0/pc0_a31_reg[2],FDRE,SLICE_X63Y227,SLICEL.AFF,1'b0
u_dut/u_pc0/pc0_a32[0]_i_1,LUT6,SLICE_X61Y235,SLICEL.A6LUT,64'h6996966996696996
u_dut/u_pc0/pc0_a32[1]_i_1,LUT6,SLICE_X60Y235,SLICEL.A6LUT,64'h8117177E177E7EE8
u_dut/u_pc0/pc0_a32[2]_i_1,LUT6,SLICE_X61Y235,SLICEL.B6LUT,64'hFEE8E880E8808000
u_dut/u_pc0/pc0_a32_reg[0],FDRE,SLICE_X61Y235,SLICEL.AFF,1'b0
u_dut/u_pc0/pc0_a32_reg[1],FDRE,SLICE_X60Y235,SLICEL.AFF,1'b0
u_dut/u_pc0/pc0_a32_reg[2],FDRE,SLICE_X61Y235,SLICEL.BFF,1'b0
u_dut/u_pc0/pc0_a33[0]_i_1,LUT2,SLICE_X60Y235,SLICEL.B6LUT,4'h6
u_dut/u_pc0/pc0_a33[1]_i_1,LUT2,SLICE_X60Y235,SLICEL.B5LUT,4'h8
u_dut/u_pc0/pc0_a33_reg[0],FDRE,SLICE_X60Y235,SLICEL.BFF,1'b0
u_dut/u_pc0/pc0_a33_reg[1],FDRE,SLICE_X60Y235,SLICEL.B5FF,1'b0
u_dut/u_pc0/pc0_a3[0]_i_1,LUT6,SLICE_X59Y225,SLICEL.B6LUT,64'h6996966996696996
u_dut/u_pc0/pc0_a3[1]_i_1,LUT6,SLICE_X58Y225,SLICEM.A6LUT,64'h8117177E177E7EE8
u_dut/u_pc0/pc0_a3[2]_i_1,LUT6,SLICE_X55Y226,SLICEL.A6LUT,64'hFEE8E880E8808000
u_dut/u_pc0/pc0_a3_reg[0],FDRE,SLICE_X59Y225,SLICEL.BFF,1'b0
u_dut/u_pc0/pc0_a3_reg[1],FDRE,SLICE_X58Y225,SLICEM.AFF,1'b0
u_dut/u_pc0/pc0_a3_reg[2],FDRE,SLICE_X55Y226,SLICEL.AFF,1'b0
u_dut/u_pc0/pc0_a4[0]_i_1,LUT6,SLICE_X52Y227,SLICEM.A6LUT,64'h6996966996696996
u_dut/u_pc0/pc0_a4[1]_i_1,LUT6,SLICE_X52Y227,SLICEM.B6LUT,64'h8117177E177E7EE8
u_dut/u_pc0/pc0_a4[2]_i_1,LUT6,SLICE_X52Y226,SLICEM.A6LUT,64'hFEE8E880E8808000
u_dut/u_pc0/pc0_a4_reg[0],FDRE,SLICE_X52Y227,SLICEM.AFF,1'b0
u_dut/u_pc0/pc0_a4_reg[1],FDRE,SLICE_X52Y227,SLICEM.BFF,1'b0
u_dut/u_pc0/pc0_a4_reg[2],FDRE,SLICE_X52Y226,SLICEM.AFF,1'b0
u_dut/u_pc0/pc0_a5[0]_i_1,LUT6,SLICE_X55Y226,SLICEL.B6LUT,64'h6996966996696996
u_dut/u_pc0/pc0_a5[1]_i_1,LUT6,SLICE_X55Y226,SLICEL.C6LUT,64'h8117177E177E7EE8
u_dut/u_pc0/pc0_a5[2]_i_1,LUT6,SLICE_X54Y226,SLICEM.A6LUT,64'hFEE8E880E8808000
u_dut/u_pc0/pc0_a5_reg[0],FDRE,SLICE_X55Y226,SLICEL.BFF,1'b0
u_dut/u_pc0/pc0_a5_reg[1],FDRE,SLICE_X55Y226,SLICEL.CFF,1'b0
u_dut/u_pc0/pc0_a5_reg[2],FDRE,SLICE_X54Y226,SLICEM.AFF,1'b0
u_dut/u_pc0/pc0_a6[0]_i_1,LUT6,SLICE_X57Y228,SLICEL.A6LUT,64'h6996966996696996
u_dut/u_pc0/pc0_a6[1]_i_1,LUT6,SLICE_X57Y228,SLICEL.B6LUT,64'h8117177E177E7EE8
u_dut/u_pc0/pc0_a6[2]_i_1,LUT6,SLICE_X54Y226,SLICEM.B6LUT,64'hFEE8E880E8808000
u_dut/u_pc0/pc0_a6_reg[0],FDRE,SLICE_X57Y228,SLICEL.AFF,1'b0
u_dut/u_pc0/pc0_a6_reg[1],FDRE,SLICE_X57Y228,SLICEL.BFF,1'b0
u_dut/u_pc0/pc0_a6_reg[2],FDRE,SLICE_X54Y226,SLICEM.BFF,1'b0
u_dut/u_pc0/pc0_a7[0]_i_1,LUT6,SLICE_X56Y227,SLICEM.A6LUT,64'h6996966996696996
u_dut/u_pc0/pc0_a7[1]_i_1,LUT6,SLICE_X56Y227,SLICEM.B6LUT,64'h8117177E177E7EE8
u_dut/u_pc0/pc0_a7[2]_i_1,LUT6,SLICE_X54Y226,SLICEM.C6LUT,64'hFEE8E880E8808000
u_dut/u_pc0/pc0_a7_reg[0],FDRE,SLICE_X56Y227,SLICEM.AFF,1'b0
u_dut/u_pc0/pc0_a7_reg[1],FDRE,SLICE_X56Y227,SLICEM.BFF,1'b0
u_dut/u_pc0/pc0_a7_reg[2],FDRE,SLICE_X54Y226,SLICEM.CFF,1'b0
u_dut/u_pc0/pc0_a8[0]_i_1,LUT6,SLICE_X50Y233,SLICEM.A6LUT,64'h6996966996696996
u_dut/u_pc0/pc0_a8[1]_i_1,LUT6,SLICE_X53Y233,SLICEL.A6LUT,64'h8117177E177E7EE8
u_dut/u_pc0/pc0_a8[2]_i_1,LUT6,SLICE_X53Y233,SLICEL.B6LUT,64'hFEE8E880E8808000
u_dut/u_pc0/pc0_a8_reg[0],FDRE,SLICE_X50Y233,SLICEM.AFF,1'b0
u_dut/u_pc0/pc0_a8_reg[1],FDRE,SLICE_X53Y233,SLICEL.AFF,1'b0
u_dut/u_pc0/pc0_a8_reg[2],FDRE,SLICE_X53Y233,SLICEL.BFF,1'b0
u_dut/u_pc0/pc0_a9[0]_i_1,LUT6,SLICE_X50Y233,SLICEM.B6LUT,64'h6996966996696996
u_dut/u_pc0/pc0_a9[1]_i_1,LUT6,SLICE_X51Y234,SLICEL.A6LUT,64'h8117177E177E7EE8
u_dut/u_pc0/pc0_a9[2]_i_1,LUT6,SLICE_X52Y234,SLICEM.A6LUT,64'hFEE8E880E8808000
u_dut/u_pc0/pc0_a9_reg[0],FDRE,SLICE_X50Y233,SLICEM.BFF,1'b0
u_dut/u_pc0/pc0_a9_reg[1],FDRE,SLICE_X51Y234,SLICEL.AFF,1'b0
u_dut/u_pc0/pc0_a9_reg[2],FDRE,SLICE_X52Y234,SLICEM.AFF,1'b0
u_dut/u_pc0/pc0_r2_0[0]_i_1,LUT4,SLICE_X59Y225,SLICEL.C6LUT,16'h6996
u_dut/u_pc0/pc0_r2_0[1]_i_1,LUT5,SLICE_X59Y225,SLICEL.D6LUT,32'h81177EE8
u_dut/u_pc0/pc0_r2_0[1]_i_2,LUT4,SLICE_X58Y225,SLICEM.B6LUT,16'h6996
u_dut/u_pc0/pc0_r2_0[2]_i_1,LUT6,SLICE_X58Y225,SLICEM.C6LUT,64'h9669699666666666
u_dut/u_pc0/pc0_r2_0[2]_i_2,LUT5,SLICE_X59Y225,SLICEL.D5LUT,32'hFEE88000
u_dut/u_pc0/pc0_r2_0[2]_i_3,LUT5,SLICE_X56Y226,SLICEM.D6LUT,32'h96696996
u_dut/u_pc0/pc0_r2_0[3]_i_1,LUT6,SLICE_X56Y226,SLICEM.B6LUT,64'hA99595569556566A
u_dut/u_pc0/pc0_r2_0[4]_i_1,LUT6,SLICE_X56Y226,SLICEM.C6LUT,64'hFEEAEAA8EAA8A880
u_dut/u_pc0/pc0_r2_0[4]_i_2,LUT6,SLICE_X58Y225,SLICEM.D6LUT,64'hEBBEAAAA82280000
u_dut/u_pc0/pc0_r2_0[4]_i_3,LUT3,SLICE_X58Y225,SLICEM.B5LUT,8'hE8
u_dut/u_pc0/pc0_r2_0_reg[0],FDRE,SLICE_X59Y225,SLICEL.CFF,1'b0
u_dut/u_pc0/pc0_r2_0_reg[1],FDRE,SLICE_X57Y230,SLICEL.AFF,1'b0
u_dut/u_pc0/pc0_r2_0_reg[2],FDRE,SLICE_X58Y225,SLICEM.CFF,1'b0
u_dut/u_pc0/pc0_r2_0_reg[3],FDRE,SLICE_X56Y226,SLICEM.BFF,1'b0
u_dut/u_pc0/pc0_r2_0_reg[4],FDRE,SLICE_X56Y226,SLICEM.CFF,1'b0
u_dut/u_pc0/pc0_r2_1[0]_i_1,LUT4,SLICE_X57Y228,SLICEL.C6LUT,16'h6996
u_dut/u_pc0/pc0_r2_1[1]_i_1,LUT5,SLICE_X56Y228,SLICEM.A6LUT,32'h81177EE8
u_dut/u_pc0/pc0_r2_1[1]_i_2,LUT4,SLICE_X56Y228,SLICEM.B6LUT,16'h6996
u_dut/u_pc0/pc0_r2_1[2]_i_1,LUT6,SLICE_X56Y228,SLICEM.C6LUT,64'h9669699666666666
u_dut/u_pc0/pc0_r2_1[2]_i_2,LUT5,SLICE_X56Y228,SLICEM.A5LUT,32'hFEE88000
u_dut/u_pc0/pc0_r2_1[2]_i_3,LUT5,SLICE_X54Y227,SLICEM.D6LUT,32'h96696996
u_dut/u_pc0/pc0_r2_1[3]_i_1,LUT6,SLICE_X54Y227,SLICEM.A6LUT,64'hA99595569556566A
u_dut/u_pc0/pc0_r2_1[4]_i_1,LUT6,SLICE_X54Y227,SLICEM.B6LUT,64'hFEEAEAA8EAA8A880
u_dut/u_pc0/pc0_r2_1[4]_i_2,LUT6,SLICE_X56Y228,SLICEM.D6LUT,64'hEBBEAAAA82280000
u_dut/u_pc0/pc0_r2_1[4]_i_3,LUT3,SLICE_X56Y228,SLICEM.B5LUT,8'hE8
u_dut/u_pc0/pc0_r2_1_reg[0],FDRE,SLICE_X57Y228,SLICEL.CFF,1'b0
u_dut/u_pc0/pc0_r2_1_reg[1],FDRE,SLICE_X56Y234,SLICEM.AFF,1'b0
u_dut/u_pc0/pc0_r2_1_reg[2],FDRE,SLICE_X56Y228,SLICEM.CFF,1'b0
u_dut/u_pc0/pc0_r2_1_reg[3],FDRE,SLICE_X54Y227,SLICEM.AFF,1'b0
u_dut/u_pc0/pc0_r2_1_reg[4],FDRE,SLICE_X54Y227,SLICEM.BFF,1'b0
u_dut/u_pc0/pc0_r2_2[0]_i_1,LUT4,SLICE_X50Y234,SLICEM.B6LUT,16'h6996
u_dut/u_pc0/pc0_r2_2[1]_i_1,LUT5,SLICE_X50Y234,SLICEM.C6LUT,32'h81177EE8
u_dut/u_pc0/pc0_r2_2[1]_i_2,LUT4,SLICE_X53Y234,SLICEL.A6LUT,16'h6996
u_dut/u_pc0/pc0_r2_2[2]_i_1,LUT6,SLICE_X53Y233,SLICEL.C6LUT,64'h9669699666666666
u_dut/u_pc0/pc0_r2_2[2]_i_2,LUT5,SLICE_X50Y234,SLICEM.C5LUT,32'hFEE88000
u_dut/u_pc0/pc0_r2_2[2]_i_3,LUT5,SLICE_X53Y234,SLICEL.D6LUT,32'h96696996
u_dut/u_pc0/pc0_r2_2[3]_i_1,LUT6,SLICE_X53Y234,SLICEL.B6LUT,64'hA99595569556566A
u_dut/u_pc0/pc0_r2_2[4]_i_1,LUT6,SLICE_X53Y234,SLICEL.C6LUT,64'hFEEAEAA8EAA8A880
u_dut/u_pc0/pc0_r2_2[4]_i_2,LUT6,SLICE_X53Y233,SLICEL.D6LUT,64'hEBBEAAAA82280000
u_dut/u_pc0/pc0_r2_2[4]_i_3,LUT3,SLICE_X53Y234,SLICEL.A5LUT,8'hE8
u_dut/u_pc0/pc0_r2_2_reg[0],FDRE,SLICE_X50Y234,SLICEM.BFF,1'b0
u_dut/u_pc0/pc0_r2_2_reg[1],FDRE,SLICE_X54Y234,SLICEM.A5FF,1'b0
u_dut/u_pc0/pc0_r2_2_reg[2],FDRE,SLICE_X53Y233,SLICEL.CFF,1'b0
u_dut/u_pc0/pc0_r2_2_reg[3],FDRE,SLICE_X53Y234,SLICEL.BFF,1'b0
u_dut/u_pc0/pc0_r2_2_reg[4],FDRE,SLICE_X53Y234,SLICEL.CFF,1'b0
u_dut/u_pc0/pc0_r2_3[0]_i_1,LUT4,SLICE_X48Y235,SLICEL.B6LUT,16'h6996
u_dut/u_pc0/pc0_r2_3[1]_i_1,LUT5,SLICE_X48Y233,SLICEL.A6LUT,32'h81177EE8
u_dut/u_pc0/pc0_r2_3[1]_i_2,LUT4,SLICE_X50Y232,SLICEM.A6LUT,16'h6996
u_dut/u_pc0/pc0_r2_3[2]_i_1,LUT6,SLICE_X50Y232,SLICEM.B6LUT,64'h9669699666666666
u_dut/u_pc0/pc0_r2_3[2]_i_2,LUT5,SLICE_X48Y233,SLICEL.A5LUT,32'hFEE88000
u_dut/u_pc0/pc0_r2_3[2]_i_3,LUT5,SLICE_X51Y232,SLICEL.D6LUT,32'h96696996
u_dut/u_pc0/pc0_r2_3[3]_i_1,LUT6,SLICE_X51Y232,SLICEL.A6LUT,64'hA99595569556566A
u_dut/u_pc0/pc0_r2_3[4]_i_1,LUT6,SLICE_X51Y232,SLICEL.B6LUT,64'hFEEAEAA8EAA8A880
u_dut/u_pc0/pc0_r2_3[4]_i_2,LUT6,SLICE_X50Y232,SLICEM.D6LUT,64'hEBBEAAAA82280000
u_dut/u_pc0/pc0_r2_3[4]_i_3,LUT3,SLICE_X50Y232,SLICEM.A5LUT,8'hE8
u_dut/u_pc0/pc0_r2_3_reg[0],FDRE,SLICE_X48Y235,SLICEL.BFF,1'b0
u_dut/u_pc0/pc0_r2_3_reg[1],FDRE,SLICE_X54Y233,SLICEM.A5FF,1'b0
u_dut/u_pc0/pc0_r2_3_reg[2],FDRE,SLICE_X50Y232,SLICEM.BFF,1'b0
u_dut/u_pc0/pc0_r2_3_reg[3],FDRE,SLICE_X51Y232,SLICEL.AFF,1'b0
u_dut/u_pc0/pc0_r2_3_reg[4],FDRE,SLICE_X51Y232,SLICEL.BFF,1'b0
u_dut/u_pc0/pc0_r2_4[0]_i_1,LUT4,SLICE_X49Y231,SLICEL.A6LUT,16'h6996
u_dut/u_pc0/pc0_r2_4[1]_i_1,LUT5,SLICE_X49Y231,SLICEL.B6LUT,32'h81177EE8
u_dut/u_pc0/pc0_r2_4[1]_i_2,LUT4,SLICE_X49Y229,SLICEL.C6LUT,16'h6996
u_dut/u_pc0/pc0_r2_4[2]_i_1,LUT6,SLICE_X49Y231,SLICEL.C6LUT,64'h9669699666666666
u_dut/u_pc0/pc0_r2_4[2]_i_2,LUT5,SLICE_X49Y231,SLICEL.B5LUT,32'hFEE88000
u_dut/u_pc0/pc0_r2_4[2]_i_3,LUT5,SLICE_X48Y228,SLICEL.D6LUT,32'h96696996
u_dut/u_pc0/pc0_r2_4[3]_i_1,LUT6,SLICE_X48Y228,SLICEL.B6LUT,64'hA99595569556566A
u_dut/u_pc0/pc0_r2_4[4]_i_1,LUT6,SLICE_X48Y228,SLICEL.C6LUT,64'hFEEAEAA8EAA8A880
u_dut/u_pc0/pc0_r2_4[4]_i_2,LUT6,SLICE_X49Y231,SLICEL.D6LUT,64'hEBBEAAAA82280000
u_dut/u_pc0/pc0_r2_4[4]_i_3,LUT3,SLICE_X49Y229,SLICEL.C5LUT,8'hE8
u_dut/u_pc0/pc0_r2_4_reg[0],FDRE,SLICE_X49Y231,SLICEL.AFF,1'b0
u_dut/u_pc0/pc0_r2_4_reg[1],FDRE,SLICE_X62Y233,SLICEM.AFF,1'b0
u_dut/u_pc0/pc0_r2_4_reg[2],FDRE,SLICE_X49Y231,SLICEL.CFF,1'b0
u_dut/u_pc0/pc0_r2_4_reg[3],FDRE,SLICE_X48Y228,SLICEL.BFF,1'b0
u_dut/u_pc0/pc0_r2_4_reg[4],FDRE,SLICE_X48Y228,SLICEL.CFF,1'b0
u_dut/u_pc0/pc0_r2_5[0]_i_1,LUT4,SLICE_X62Y231,SLICEM.B6LUT,16'h6996
u_dut/u_pc0/pc0_r2_5[1]_i_1,LUT5,SLICE_X63Y231,SLICEL.A6LUT,32'h81177EE8
u_dut/u_pc0/pc0_r2_5[1]_i_2,LUT4,SLICE_X63Y231,SLICEL.B6LUT,16'h6996
u_dut/u_pc0/pc0_r2_5[2]_i_1,LUT6,SLICE_X63Y231,SLICEL.C6LUT,64'h9669699666666666
u_dut/u_pc0/pc0_r2_5[2]_i_2,LUT5,SLICE_X63Y231,SLICEL.A5LUT,32'hFEE88000
u_dut/u_pc0/pc0_r2_5[2]_i_3,LUT5,SLICE_X64Y231,SLICEL.D6LUT,32'h96696996
u_dut/u_pc0/pc0_r2_5[3]_i_1,LUT6,SLICE_X64Y231,SLICEL.B6LUT,64'hA99595569556566A
u_dut/u_pc0/pc0_r2_5[4]_i_1,LUT6,SLICE_X64Y231,SLICEL.C6LUT,64'hFEEAEAA8EAA8A880
u_dut/u_pc0/pc0_r2_5[4]_i_2,LUT6,SLICE_X63Y231,SLICEL.D6LUT,64'hEBBEAAAA82280000
u_dut/u_pc0/pc0_r2_5[4]_i_3,LUT3,SLICE_X63Y231,SLICEL.B5LUT,8'hE8
u_dut/u_pc0/pc0_r2_5_reg[0],FDRE,SLICE_X62Y231,SLICEM.BFF,1'b0
u_dut/u_pc0/pc0_r2_5_reg[1],FDRE,SLICE_X63Y233,SLICEL.AFF,1'b0
u_dut/u_pc0/pc0_r2_5_reg[2],FDRE,SLICE_X63Y231,SLICEL.CFF,1'b0
u_dut/u_pc0/pc0_r2_5_reg[3],FDRE,SLICE_X64Y231,SLICEL.BFF,1'b0
u_dut/u_pc0/pc0_r2_5_reg[4],FDRE,SLICE_X64Y231,SLICEL.CFF,1'b0
u_dut/u_pc0/pc0_r2_6[0]_i_1,LUT4,SLICE_X54Y231,SLICEM.C6LUT,16'h6996
u_dut/u_pc0/pc0_r2_6[1]_i_1,LUT5,SLICE_X54Y231,SLICEM.D6LUT,32'h81177EE8
u_dut/u_pc0/pc0_r2_6[1]_i_2,LUT4,SLICE_X54Y229,SLICEM.D6LUT,16'h6996
u_dut/u_pc0/pc0_r2_6[2]_i_1,LUT6,SLICE_X55Y229,SLICEL.B6LUT,64'h9669699666666666
u_dut/u_pc0/pc0_r2_6[2]_i_2,LUT5,SLICE_X54Y231,SLICEM.D5LUT,32'hFEE88000
u_dut/u_pc0/pc0_r2_6[2]_i_3,LUT5,SLICE_X55Y229,SLICEL.D6LUT,32'h96696996
u_dut/u_pc0/pc0_r2_6[3]_i_1,LUT6,SLICE_X56Y229,SLICEM.A6LUT,64'hA99595569556566A
u_dut/u_pc0/pc0_r2_6[4]_i_1,LUT6,SLICE_X56Y229,SLICEM.B6LUT,64'hFEEAEAA8EAA8A880
u_dut/u_pc0/pc0_r2_6[4]_i_2,LUT6,SLICE_X55Y229,SLICEL.C6LUT,64'hEBBEAAAA82280000
u_dut/u_pc0/pc0_r2_6[4]_i_3,LUT3,SLICE_X54Y229,SLICEM.D5LUT,8'hE8
u_dut/u_pc0/pc0_r2_6_reg[0],FDRE,SLICE_X54Y231,SLICEM.CFF,1'b0
u_dut/u_pc0/pc0_r2_6_reg[1],FDRE,SLICE_X59Y233,SLICEL.AFF,1'b0
u_dut/u_pc0/pc0_r2_6_reg[2],FDRE,SLICE_X55Y229,SLICEL.BFF,1'b0
u_dut/u_pc0/pc0_r2_6_reg[3],FDRE,SLICE_X56Y229,SLICEM.AFF,1'b0
u_dut/u_pc0/pc0_r2_6_reg[4],FDRE,SLICE_X56Y229,SLICEM.BFF,1'b0
u_dut/u_pc0/pc0_r2_7[0]_i_1,LUT4,SLICE_X62Y226,SLICEM.C6LUT,16'h6996
u_dut/u_pc0/pc0_r2_7[1]_i_1,LUT5,SLICE_X62Y226,SLICEM.D6LUT,32'h81177EE8
u_dut/u_pc0/pc0_r2_7[1]_i_2,LUT4,SLICE_X62Y225,SLICEM.B6LUT,16'h6996
u_dut/u_pc0/pc0_r2_7[2]_i_1,LUT6,SLICE_X62Y225,SLICEM.C6LUT,64'h9669699666666666
u_dut/u_pc0/pc0_r2_7[2]_i_2,LUT5,SLICE_X62Y226,SLICEM.D5LUT,32'hFEE88000
u_dut/u_pc0/pc0_r2_7[2]_i_3,LUT5,SLICE_X63Y227,SLICEL.D6LUT,32'h96696996
u_dut/u_pc0/pc0_r2_7[3]_i_1,LUT6,SLICE_X63Y227,SLICEL.B6LUT,64'hA99595569556566A
u_dut/u_pc0/pc0_r2_7[4]_i_1,LUT6,SLICE_X63Y227,SLICEL.C6LUT,64'hFEEAEAA8EAA8A880
u_dut/u_pc0/pc0_r2_7[4]_i_2,LUT6,SLICE_X62Y225,SLICEM.D6LUT,64'hEBBEAAAA82280000
u_dut/u_pc0/pc0_r2_7[4]_i_3,LUT3,SLICE_X62Y225,SLICEM.B5LUT,8'hE8
u_dut/u_pc0/pc0_r2_7_reg[0],FDRE,SLICE_X62Y226,SLICEM.CFF,1'b0
u_dut/u_pc0/pc0_r2_7_reg[1],FDRE,SLICE_X62Y233,SLICEM.BFF,1'b0
u_dut/u_pc0/pc0_r2_7_reg[2],FDRE,SLICE_X62Y225,SLICEM.CFF,1'b0
u_dut/u_pc0/pc0_r2_7_reg[3],FDRE,SLICE_X63Y227,SLICEL.BFF,1'b0
u_dut/u_pc0/pc0_r2_7_reg[4],FDRE,SLICE_X63Y227,SLICEL.CFF,1'b0
u_dut/u_pc0/pc0_r2_8[0]_i_1,LUT2,SLICE_X60Y235,SLICEL.C6LUT,4'h6
u_dut/u_pc0/pc0_r2_8[1]_i_1,LUT4,SLICE_X60Y235,SLICEL.C5LUT,16'h8778
u_dut/u_pc0/pc0_r2_8[2]_i_1,LUT5,SLICE_X60Y235,SLICEL.D6LUT,32'h077FF880
u_dut/u_pc0/pc0_r2_8[3]_i_1,LUT5,SLICE_X60Y235,SLICEL.D5LUT,32'hAA808000
u_dut/u_pc0/pc0_r2_8_reg[0],FDRE,SLICE_X60Y235,SLICEL.CFF,1'b0
u_dut/u_pc0/pc0_r2_8_reg[1],FDRE,SLICE_X60Y235,SLICEL.C5FF,1'b0
u_dut/u_pc0/pc0_r2_8_reg[2],FDRE,SLICE_X60Y235,SLICEL.DFF,1'b0
u_dut/u_pc0/pc0_r2_8_reg[3],FDRE,SLICE_X60Y235,SLICEL.D5FF,1'b0
u_dut/u_pc0/pc0_r4_0[3]_i_2,LUT5,SLICE_X56Y234,SLICEM.B6LUT,32'hEEE8E888
u_dut/u_pc0/pc0_r4_0[3]_i_3,LUT5,SLICE_X56Y234,SLICEM.B5LUT,32'hE81717E8
u_dut/u_pc0/pc0_r4_0[3]_i_4,LUT4,SLICE_X55Y234,SLICEL.C6LUT,16'h6996
u_dut/u_pc0/pc0_r4_0[3]_i_5,LUT6,SLICE_X57Y234,SLICEL.D6LUT,64'h6969699669969696
u_dut/u_pc0/pc0_r4_0[3]_i_6,LUT6,SLICE_X57Y234,SLICEL.C6LUT,64'h6999999699969666
u_dut/u_pc0/pc0_r4_0[3]_i_7,LUT4,SLICE_X57Y234,SLICEL.B6LUT,16'h566A
u_dut/u_pc0/pc0_r4_0[3]_i_8,LUT4,SLICE_X57Y234,SLICEL.A6LUT,16'h6996
u_dut/u_pc0/pc0_r4_0[3]_i_9,LUT3,SLICE_X56Y234,SLICEM.A6LUT,8'h96
u_dut/u_pc0/pc0_r4_0[6]_i_2,LUT5,SLICE_X56Y235,SLICEM.C6LUT,32'hEEE8E888
u_dut/u_pc0/pc0_r4_0[6]_i_3,LUT5,SLICE_X56Y234,SLICEM.A5LUT,32'hEEE8E888
u_dut/u_pc0/pc0_r4_0[6]_i_4,LUT5,SLICE_X57Y235,SLICEL.B6LUT,32'h177E7EE8
u_dut/u_pc0/pc0_r4_0[6]_i_5,LUT6,SLICE_X57Y235,SLICEL.A6LUT,64'h6969699669969696
u_dut/u_pc0/pc0_r4_0[6]_i_6,LUT3,SLICE_X56Y235,SLICEM.D6LUT,8'h96
u_dut/u_pc0/pc0_r4_0[6]_i_7,LUT3,SLICE_X55Y234,SLICEL.A6LUT,8'h96
u_dut/u_pc0/pc0_r4_0[6]_i_8,LUT3,SLICE_X55Y234,SLICEL.A5LUT,8'hE8
u_dut/u_pc0/pc0_r4_0_reg[0],FDRE,SLICE_X57Y234,SLICEL.AFF,1'b0
u_dut/u_pc0/pc0_r4_0_reg[1],FDRE,SLICE_X57Y234,SLICEL.BFF,1'b0
u_dut/u_pc0/pc0_r4_0_reg[2],FDRE,SLICE_X57Y234,SLICEL.CFF,1'b0
u_dut/u_pc0/pc0_r4_0_reg[3],FDRE,SLICE_X57Y234,SLICEL.DFF,1'b0
u_dut/u_pc0/pc0_r4_0_reg[3]_i_1,CARRY4,SLICE_X57Y234,SLICEL.CARRY4,
u_dut/u_pc0/pc0_r4_0_reg[4],FDRE,SLICE_X57Y235,SLICEL.AFF,1'b0
u_dut/u_pc0/pc0_r4_0_reg[5],FDRE,SLICE_X57Y235,SLICEL.BFF,1'b0
u_dut/u_pc0/pc0_r4_0_reg[6],FDRE,SLICE_X57Y235,SLICEL.CFF,1'b0
u_dut/u_pc0/pc0_r4_0_reg[6]_i_1,CARRY4,SLICE_X57Y235,SLICEL.CARRY4,
u_dut/u_pc0/pc0_r4_1[3]_i_2,LUT5,SLICE_X63Y234,SLICEL.C6LUT,32'hEEE8E888
u_dut/u_pc0/pc0_r4_1[3]_i_3,LUT5,SLICE_X63Y234,SLICEL.C5LUT,32'hE81717E8
u_dut/u_pc0/pc0_r4_1[3]_i_4,LUT4,SLICE_X63Y234,SLICEL.D6LUT,16'h6996
u_dut/u_pc0/pc0_r4_1[3]_i_5,LUT6,SLICE_X62Y234,SLICEM.D6LUT,64'h6969699669969696
u_dut/u_pc0/pc0_r4_1[3]_i_6,LUT6,SLICE_X62Y234,SLICEM.C6LUT,64'h6999999699969666
u_dut/u_pc0/pc0_r4_1[3]_i_7,LUT4,SLICE_X62Y234,SLICEM.B6LUT,16'h566A
u_dut/u_pc0/pc0_r4_1[3]_i_8,LUT4,SLICE_X62Y234,SLICEM.A6LUT,16'h6996
u_dut/u_pc0/pc0_r4_1[3]_i_9,LUT3,SLICE_X63Y234,SLICEL.B6LUT,8'h96
u_dut/u_pc0/pc0_r4_1[6]_i_2,LUT5,SLICE_X63Y235,SLICEL.B6LUT,32'hEEE8E888
u_dut/u_pc0/pc0_r4_1[6]_i_3,LUT5,SLICE_X63Y234,SLICEL.B5LUT,32'hEEE8E888
u_dut/u_pc0/pc0_r4_1[6]_i_4,LUT5,SLICE_X62Y235,SLICEM.B6LUT,32'h177E7EE8
u_dut/u_pc0/pc0_r4_1[6]_i_5,LUT6,SLICE_X62Y235,SLICEM.A6LUT,64'h6969699669969696
u_dut/u_pc0/pc0_r4_1[6]_i_6,LUT3,SLICE_X63Y235,SLICEL.C6LUT,8'h96
u_dut/u_pc0/pc0_r4_1[6]_i_7,LUT3,SLICE_X63Y235,SLICEL.A6LUT,8'h96
u_dut/u_pc0/pc0_r4_1[6]_i_8,LUT3,SLICE_X63Y235,SLICEL.A5LUT,8'hE8
u_dut/u_pc0/pc0_r4_1_reg[0],FDRE,SLICE_X62Y234,SLICEM.AFF,1'b0
u_dut/u_pc0/pc0_r4_1_reg[1],FDRE,SLICE_X62Y234,SLICEM.BFF,1'b0
u_dut/u_pc0/pc0_r4_1_reg[2],FDRE,SLICE_X62Y234,SLICEM.CFF,1'b0
u_dut/u_pc0/pc0_r4_1_reg[3],FDRE,SLICE_X62Y234,SLICEM.DFF,1'b0
u_dut/u_pc0/pc0_r4_1_reg[3]_i_1,CARRY4,SLICE_X62Y234,SLICEM.CARRY4,
u_dut/u_pc0/pc0_r4_1_reg[4],FDRE,SLICE_X62Y235,SLICEM.AFF,1'b0
u_dut/u_pc0/pc0_r4_1_reg[5],FDRE,SLICE_X62Y235,SLICEM.BFF,1'b0
u_dut/u_pc0/pc0_r4_1_reg[6],FDRE,SLICE_X62Y235,SLICEM.CFF,1'b0
u_dut/u_pc0/pc0_r4_1_reg[6]_i_1,CARRY4,SLICE_X62Y235,SLICEM.CARRY4,
u_dut/u_pc0/pc0_r4_2_reg[0],FDRE,SLICE_X60Y234,SLICEL.BFF,1'b0
u_dut/u_pc0/pc0_r4_2_reg[1],FDRE,SLICE_X59Y235,SLICEL.A5FF,1'b0
u_dut/u_pc0/pc0_r4_2_reg[2],FDRE,SLICE_X60Y235,SLICEL.A5FF,1'b0
u_dut/u_pc0/pc0_r4_2_reg[3],FDRE,SLICE_X59Y235,SLICEL.B5FF,1'b0
u_dut/u_pc0/pc0_r6_0[3]_i_2,LUT3,SLICE_X59Y234,SLICEL.C5LUT,8'hE8
u_dut/u_pc0/pc0_r6_0[3]_i_3,LUT3,SLICE_X59Y234,SLICEL.B5LUT,8'hE8
u_dut/u_pc0/pc0_r6_0[3]_i_4,LUT3,SLICE_X59Y234,SLICEL.A5LUT,8'hE8
u_dut/u_pc0/pc0_r6_0[3]_i_5,LUT4,SLICE_X59Y234,SLICEL.D6LUT,16'h6996
u_dut/u_pc0/pc0_r6_0[3]_i_6,LUT4,SLICE_X59Y234,SLICEL.C6LUT,16'h6996
u_dut/u_pc0/pc0_r6_0[3]_i_7,LUT4,SLICE_X59Y234,SLICEL.B6LUT,16'h6996
u_dut/u_pc0/pc0_r6_0[3]_i_8,LUT3,SLICE_X59Y234,SLICEL.A6LUT,8'h96
u_dut/u_pc0/pc0_r6_0[7]_i_2,LUT2,SLICE_X59Y235,SLICEL.C5LUT,4'h8
u_dut/u_pc0/pc0_r6_0[7]_i_3,LUT2,SLICE_X59Y235,SLICEL.B5LUT,4'h8
u_dut/u_pc0/pc0_r6_0[7]_i_4,LUT3,SLICE_X59Y235,SLICEL.A5LUT,8'hE8
u_dut/u_pc0/pc0_r6_0[7]_i_5,LUT2,SLICE_X59Y235,SLICEL.D6LUT,4'h8
u_dut/u_pc0/pc0_r6_0[7]_i_6,LUT4,SLICE_X59Y235,SLICEL.C6LUT,16'h8778
u_dut/u_pc0/pc0_r6_0[7]_i_7,LUT4,SLICE_X59Y235,SLICEL.B6LUT,16'h8778
u_dut/u_pc0/pc0_r6_0[7]_i_8,LUT5,SLICE_X59Y235,SLICEL.A6LUT,32'hE81717E8
u_dut/u_pc0/pc0_r6_0_reg[0],FDRE,SLICE_X59Y234,SLICEL.AFF,1'b0
u_dut/u_pc0/pc0_r6_0_reg[1],FDRE,SLICE_X59Y234,SLICEL.BFF,1'b0
u_dut/u_pc0/pc0_r6_0_reg[2],FDRE,SLICE_X59Y234,SLICEL.CFF,1'b0
u_dut/u_pc0/pc0_r6_0_reg[3],FDRE,SLICE_X59Y234,SLICEL.DFF,1'b0
u_dut/u_pc0/pc0_r6_0_reg[3]_i_1,CARRY4,SLICE_X59Y234,SLICEL.CARRY4,
u_dut/u_pc0/pc0_r6_0_reg[4],FDRE,SLICE_X59Y235,SLICEL.AFF,1'b0
u_dut/u_pc0/pc0_r6_0_reg[5],FDRE,SLICE_X59Y235,SLICEL.BFF,1'b0
u_dut/u_pc0/pc0_r6_0_reg[6],FDRE,SLICE_X59Y235,SLICEL.CFF,1'b0
u_dut/u_pc0/pc0_r6_0_reg[7],FDRE,SLICE_X59Y235,SLICEL.DFF,1'b0
u_dut/u_pc0/pc0_r6_0_reg[7]_i_1,CARRY4,SLICE_X59Y235,SLICEL.CARRY4,
u_dut/u_pc0/pc1_a0[0]_i_1,LUT6,SLICE_X44Y231,SLICEL.A6LUT,64'h6996966996696996
u_dut/u_pc0/pc1_a0[1]_i_1,LUT6,SLICE_X43Y230,SLICEL.A6LUT,64'h8117177E177E7EE8
u_dut/u_pc0/pc1_a0[2]_i_1,LUT6,SLICE_X43Y231,SLICEL.A6LUT,64'hFEE8E880E8808000
u_dut/u_pc0/pc1_a0_reg[0],FDRE,SLICE_X44Y231,SLICEL.AFF,1'b0
u_dut/u_pc0/pc1_a0_reg[1],FDRE,SLICE_X43Y230,SLICEL.AFF,1'b0
u_dut/u_pc0/pc1_a0_reg[2],FDRE,SLICE_X43Y231,SLICEL.AFF,1'b0
u_dut/u_pc0/pc1_a10[0]_i_1,LUT6,SLICE_X43Y234,SLICEL.A6LUT,64'h6996966996696996
u_dut/u_pc0/pc1_a10[1]_i_1,LUT6,SLICE_X44Y234,SLICEL.A6LUT,64'h8117177E177E7EE8
u_dut/u_pc0/pc1_a10[2]_i_1,LUT6,SLICE_X44Y234,SLICEL.B6LUT,64'hFEE8E880E8808000
u_dut/u_pc0/pc1_a10_reg[0],FDRE,SLICE_X43Y234,SLICEL.AFF,1'b0
u_dut/u_pc0/pc1_a10_reg[1],FDRE,SLICE_X44Y234,SLICEL.AFF,1'b0
u_dut/u_pc0/pc1_a10_reg[2],FDRE,SLICE_X44Y234,SLICEL.BFF,1'b0
u_dut/u_pc0/pc1_a11[0]_i_1,LUT6,SLICE_X45Y233,SLICEL.A6LUT,64'h6996966996696996
u_dut/u_pc0/pc1_a11[1]_i_1,LUT6,SLICE_X47Y234,SLICEL.A6LUT,64'h8117177E177E7EE8
u_dut/u_pc0/pc1_a11[2]_i_1,LUT6,SLICE_X46Y234,SLICEM.A6LUT,64'hFEE8E880E8808000
u_dut/u_pc0/pc1_a11_reg[0],FDRE,SLICE_X45Y233,SLICEL.AFF,1'b0
u_dut/u_pc0/pc1_a11_reg[1],FDRE,SLICE_X47Y234,SLICEL.AFF,1'b0
u_dut/u_pc0/pc1_a11_reg[2],FDRE,SLICE_X46Y234,SLICEM.AFF,1'b0
u_dut/u_pc0/pc1_a12[0]_i_1,LUT6,SLICE_X41Y237,SLICEL.A6LUT,64'h6996966996696996
u_dut/u_pc0/pc1_a12[1]_i_1,LUT6,SLICE_X42Y236,SLICEM.A6LUT,64'h8117177E177E7EE8
u_dut/u_pc0/pc1_a12[2]_i_1,LUT6,SLICE_X42Y237,SLICEM.A6LUT,64'hFEE8E880E8808000
u_dut/u_pc0/pc1_a12_reg[0],FDRE,SLICE_X41Y237,SLICEL.AFF,1'b0
u_dut/u_pc0/pc1_a12_reg[1],FDRE,SLICE_X42Y236,SLICEM.AFF,1'b0
u_dut/u_pc0/pc1_a12_reg[2],FDRE,SLICE_X42Y237,SLICEM.AFF,1'b0
u_dut/u_pc0/pc1_a13[0]_i_1,LUT6,SLICE_X43Y237,SLICEL.A6LUT,64'h6996966996696996
u_dut/u_pc0/pc1_a13[1]_i_1,LUT6,SLICE_X43Y236,SLICEL.A6LUT,64'h8117177E177E7EE8
u_dut/u_pc0/pc1_a13[2]_i_1,LUT6,SLICE_X46Y237,SLICEM.A6LUT,64'hFEE8E880E8808000
u_dut/u_pc0/pc1_a13_reg[0],FDRE,SLICE_X43Y237,SLICEL.AFF,1'b0
u_dut/u_pc0/pc1_a13_reg[1],FDRE,SLICE_X43Y236,SLICEL.AFF,1'b0
u_dut/u_pc0/pc1_a13_reg[2],FDRE,SLICE_X46Y237,SLICEM.AFF,1'b0
u_dut/u_pc0/pc1_a14[0]_i_1,LUT6,SLICE_X41Y237,SLICEL.B6LUT,64'h6996966996696996
u_dut/u_pc0/pc1_a14[1]_i_1,LUT6,SLICE_X41Y237,SLICEL.C6LUT,64'h8117177E177E7EE8
u_dut/u_pc0/pc1_a14[2]_i_1,LUT6,SLICE_X42Y237,SLICEM.B6LUT,64'hFEE8E880E8808000
u_dut/u_pc0/pc1_a14_reg[0],FDRE,SLICE_X41Y237,SLICEL.BFF,1'b0
u_dut/u_pc0/pc1_a14_reg[1],FDRE,SLICE_X41Y237,SLICEL.CFF,1'b0
u_dut/u_pc0/pc1_a14_reg[2],FDRE,SLICE_X42Y237,SLICEM.BFF,1'b0
u_dut/u_pc0/pc1_a15[0]_i_1,LUT6,SLICE_X40Y237,SLICEL.A6LUT,64'h6996966996696996
u_dut/u_pc0/pc1_a15[1]_i_1,LUT6,SLICE_X39Y238,SLICEL.A6LUT,64'h8117177E177E7EE8
u_dut/u_pc0/pc1_a15[2]_i_1,LUT6,SLICE_X40Y237,SLICEL.B6LUT,64'hFEE8E880E8808000
u_dut/u_pc0/pc1_a15_reg[0],FDRE,SLICE_X40Y237,SLICEL.AFF,1'b0
u_dut/u_pc0/pc1_a15_reg[1],FDRE,SLICE_X39Y238,SLICEL.AFF,1'b0
u_dut/u_pc0/pc1_a15_reg[2],FDRE,SLICE_X40Y237,SLICEL.BFF,1'b0
u_dut/u_pc0/pc1_a16[0]_i_1,LUT6,SLICE_X40Y233,SLICEL.A6LUT,64'h6996966996696996
u_dut/u_pc0/pc1_a16[1]_i_1,LUT6,SLICE_X38Y233,SLICEM.A6LUT,64'h8117177E177E7EE8
u_dut/u_pc0/pc1_a16[2]_i_1,LUT6,SLICE_X40Y232,SLICEL.A6LUT,64'hFEE8E880E8808000
u_dut/u_pc0/pc1_a16_reg[0],FDRE,SLICE_X40Y233,SLICEL.AFF,1'b0
u_dut/u_pc0/pc1_a16_reg[1],FDRE,SLICE_X38Y233,SLICEM.AFF,1'b0
u_dut/u_pc0/pc1_a16_reg[2],FDRE,SLICE_X40Y232,SLICEL.AFF,1'b0
u_dut/u_pc0/pc1_a17[0]_i_1,LUT6,SLICE_X40Y231,SLICEL.A6LUT,64'h6996966996696996
u_dut/u_pc0/pc1_a17[1]_i_1,LUT6,SLICE_X37Y232,SLICEL.A6LUT,64'h8117177E177E7EE8
u_dut/u_pc0/pc1_a17[2]_i_1,LUT6,SLICE_X41Y232,SLICEL.A6LUT,64'hFEE8E880E8808000
u_dut/u_pc0/pc1_a17_reg[0],FDRE,SLICE_X40Y231,SLICEL.AFF,1'b0
u_dut/u_pc0/pc1_a17_reg[1],FDRE,SLICE_X37Y232,SLICEL.AFF,1'b0
u_dut/u_pc0/pc1_a17_reg[2],FDRE,SLICE_X41Y232,SLICEL.AFF,1'b0
u_dut/u_pc0/pc1_a18[0]_i_1,LUT6,SLICE_X37Y232,SLICEL.B6LUT,64'h6996966996696996
u_dut/u_pc0/pc1_a18[1]_i_1,LUT6,SLICE_X37Y233,SLICEL.A6LUT,64'h8117177E177E7EE8
u_dut/u_pc0/pc1_a18[2]_i_1,LUT6,SLICE_X38Y231,SLICEM.A6LUT,64'hFEE8E880E8808000
u_dut/u_pc0/pc1_a18_reg[0],FDRE,SLICE_X37Y232,SLICEL.BFF,1'b0
u_dut/u_pc0/pc1_a18_reg[1],FDRE,SLICE_X37Y233,SLICEL.AFF,1'b0
u_dut/u_pc0/pc1_a18_reg[2],FDRE,SLICE_X38Y231,SLICEM.AFF,1'b0
u_dut/u_pc0/pc1_a19[0]_i_1,LUT6,SLICE_X39Y233,SLICEL.A6LUT,64'h6996966996696996
u_dut/u_pc0/pc1_a19[1]_i_1,LUT6,SLICE_X39Y233,SLICEL.B6LUT,64'h8117177E177E7EE8
u_dut/u_pc0/pc1_a19[2]_i_1,LUT6,SLICE_X40Y231,SLICEL.B6LUT,64'hFEE8E880E8808000
u_dut/u_pc0/pc1_a19_reg[0],FDRE,SLICE_X39Y233,SLICEL.AFF,1'b0
u_dut/u_pc0/pc1_a19_reg[1],FDRE,SLICE_X39Y233,SLICEL.BFF,1'b0
u_dut/u_pc0/pc1_a19_reg[2],FDRE,SLICE_X40Y231,SLICEL.BFF,1'b0
u_dut/u_pc0/pc1_a1[0]_i_1,LUT6,SLICE_X42Y232,SLICEM.A6LUT,64'h6996966996696996
u_dut/u_pc0/pc1_a1[1]_i_1,LUT6,SLICE_X42Y232,SLICEM.B6LUT,64'h8117177E177E7EE8
u_dut/u_pc0/pc1_a1[2]_i_1,LUT6,SLICE_X42Y230,SLICEM.A6LUT,64'hFEE8E880E8808000
u_dut/u_pc0/pc1_a1_reg[0],FDRE,SLICE_X42Y232,SLICEM.AFF,1'b0
u_dut/u_pc0/pc1_a1_reg[1],FDRE,SLICE_X42Y232,SLICEM.BFF,1'b0
u_dut/u_pc0/pc1_a1_reg[2],FDRE,SLICE_X42Y230,SLICEM.AFF,1'b0
u_dut/u_pc0/pc1_a20[0]_i_1,LUT6,SLICE_X54Y241,SLICEM.A6LUT,64'h6996966996696996
u_dut/u_pc0/pc1_a20[1]_i_1,LUT6,SLICE_X56Y240,SLICEM.A6LUT,64'h8117177E177E7EE8
u_dut/u_pc0/pc1_a20[2]_i_1,LUT6,SLICE_X55Y241,SLICEL.A6LUT,64'hFEE8E880E8808000
u_dut/u_pc0/pc1_a20_reg[0],FDRE,SLICE_X54Y241,SLICEM.AFF,1'b0
u_dut/u_pc0/pc1_a20_reg[1],FDRE,SLICE_X56Y240,SLICEM.AFF,1'b0
u_dut/u_pc0/pc1_a20_reg[2],FDRE,SLICE_X55Y241,SLICEL.AFF,1'b0
u_dut/u_pc0/pc1_a21[0]_i_1,LUT6,SLICE_X54Y240,SLICEM.A6LUT,64'h6996966996696996
u_dut/u_pc0/pc1_a21[1]_i_1,LUT6,SLICE_X54Y240,SLICEM.B6LUT,64'h8117177E177E7EE8
u_dut/u_pc0/pc1_a21[2]_i_1,LUT6,SLICE_X54Y240,SLICEM.C6LUT,64'hFEE8E880E8808000
u_dut/u_pc0/pc1_a21_reg[0],FDRE,SLICE_X54Y240,SLICEM.AFF,1'b0
u_dut/u_pc0/pc1_a21_reg[1],FDRE,SLICE_X54Y240,SLICEM.BFF,1'b0
u_dut/u_pc0/pc1_a21_reg[2],FDRE,SLICE_X54Y240,SLICEM.CFF,1'b0
u_dut/u_pc0/pc1_a22[0]_i_1,LUT6,SLICE_X56Y239,SLICEM.A6LUT,64'h6996966996696996
u_dut/u_pc0/pc1_a22[1]_i_1,LUT6,SLICE_X56Y239,SLICEM.B6LUT,64'h8117177E177E7EE8
u_dut/u_pc0/pc1_a22[2]_i_1,LUT6,SLICE_X56Y239,SLICEM.C6LUT,64'hFEE8E880E8808000
u_dut/u_pc0/pc1_a22_reg[0],FDRE,SLICE_X56Y239,SLICEM.AFF,1'b0
u_dut/u_pc0/pc1_a22_reg[1],FDRE,SLICE_X56Y239,SLICEM.BFF,1'b0
u_dut/u_pc0/pc1_a22_reg[2],FDRE,SLICE_X56Y239,SLICEM.CFF,1'b0
u_dut/u_pc0/pc1_a23[0]_i_1,LUT6,SLICE_X55Y239,SLICEL.A6LUT,64'h6996966996696996
u_dut/u_pc0/pc1_a23[1]_i_1,LUT6,SLICE_X55Y239,SLICEL.B6LUT,64'h8117177E177E7EE8
u_dut/u_pc0/pc1_a23[2]_i_1,LUT6,SLICE_X55Y239,SLICEL.C6LUT,64'hFEE8E880E8808000
u_dut/u_pc0/pc1_a23_reg[0],FDRE,SLICE_X55Y239,SLICEL.AFF,1'b0
u_dut/u_pc0/pc1_a23_reg[1],FDRE,SLICE_X55Y239,SLICEL.BFF,1'b0
u_dut/u_pc0/pc1_a23_reg[2],FDRE,SLICE_X55Y239,SLICEL.CFF,1'b0
u_dut/u_pc0/pc1_a24[0]_i_1,LUT6,SLICE_X46Y243,SLICEM.A6LUT,64'h6996966996696996
u_dut/u_pc0/pc1_a24[1]_i_1,LUT6,SLICE_X47Y243,SLICEL.A6LUT,64'h8117177E177E7EE8
u_dut/u_pc0/pc1_a24[2]_i_1,LUT6,SLICE_X47Y243,SLICEL.B6LUT,64'hFEE8E880E8808000
u_dut/u_pc0/pc1_a24_reg[0],FDRE,SLICE_X46Y243,SLICEM.AFF,1'b0
u_dut/u_pc0/pc1_a24_reg[1],FDRE,SLICE_X47Y243,SLICEL.AFF,1'b0
u_dut/u_pc0/pc1_a24_reg[2],FDRE,SLICE_X47Y243,SLICEL.BFF,1'b0
u_dut/u_pc0/pc1_a25[0]_i_1,LUT6,SLICE_X48Y244,SLICEL.A6LUT,64'h6996966996696996
u_dut/u_pc0/pc1_a25[1]_i_1,LUT6,SLICE_X48Y244,SLICEL.B6LUT,64'h8117177E177E7EE8
u_dut/u_pc0/pc1_a25[2]_i_1,LUT6,SLICE_X46Y243,SLICEM.B6LUT,64'hFEE8E880E8808000
u_dut/u_pc0/pc1_a25_reg[0],FDRE,SLICE_X48Y244,SLICEL.AFF,1'b0
u_dut/u_pc0/pc1_a25_reg[1],FDRE,SLICE_X48Y244,SLICEL.BFF,1'b0
u_dut/u_pc0/pc1_a25_reg[2],FDRE,SLICE_X46Y243,SLICEM.BFF,1'b0
u_dut/u_pc0/pc1_a26[0]_i_1,LUT6,SLICE_X48Y243,SLICEL.A6LUT,64'h6996966996696996
u_dut/u_pc0/pc1_a26[1]_i_1,LUT6,SLICE_X46Y243,SLICEM.C6LUT,64'h8117177E177E7EE8
u_dut/u_pc0/pc1_a26[2]_i_1,LUT6,SLICE_X48Y243,SLICEL.B6LUT,64'hFEE8E880E8808000
u_dut/u_pc0/pc1_a26_reg[0],FDRE,SLICE_X48Y243,SLICEL.AFF,1'b0
u_dut/u_pc0/pc1_a26_reg[1],FDRE,SLICE_X46Y243,SLICEM.CFF,1'b0
u_dut/u_pc0/pc1_a26_reg[2],FDRE,SLICE_X48Y243,SLICEL.BFF,1'b0
u_dut/u_pc0/pc1_a27[0]_i_1,LUT6,SLICE_X49Y244,SLICEL.A6LUT,64'h6996966996696996
u_dut/u_pc0/pc1_a27[1]_i_1,LUT6,SLICE_X49Y244,SLICEL.B6LUT,64'h8117177E177E7EE8
u_dut/u_pc0/pc1_a27[2]_i_1,LUT6,SLICE_X49Y244,SLICEL.C6LUT,64'hFEE8E880E8808000
u_dut/u_pc0/pc1_a27_reg[0],FDRE,SLICE_X49Y244,SLICEL.AFF,1'b0
u_dut/u_pc0/pc1_a27_reg[1],FDRE,SLICE_X49Y244,SLICEL.BFF,1'b0
u_dut/u_pc0/pc1_a27_reg[2],FDRE,SLICE_X49Y244,SLICEL.CFF,1'b0
u_dut/u_pc0/pc1_a28[0]_i_1,LUT6,SLICE_X42Y242,SLICEM.A6LUT,64'h6996966996696996
u_dut/u_pc0/pc1_a28[1]_i_1,LUT6,SLICE_X41Y242,SLICEL.A6LUT,64'h8117177E177E7EE8
u_dut/u_pc0/pc1_a28[2]_i_1,LUT6,SLICE_X39Y242,SLICEL.A6LUT,64'hFEE8E880E8808000
u_dut/u_pc0/pc1_a28_reg[0],FDRE,SLICE_X42Y242,SLICEM.AFF,1'b0
u_dut/u_pc0/pc1_a28_reg[1],FDRE,SLICE_X41Y242,SLICEL.AFF,1'b0
u_dut/u_pc0/pc1_a28_reg[2],FDRE,SLICE_X39Y242,SLICEL.AFF,1'b0
u_dut/u_pc0/pc1_a29[0]_i_1,LUT6,SLICE_X41Y242,SLICEL.B6LUT,64'h6996966996696996
u_dut/u_pc0/pc1_a29[1]_i_1,LUT6,SLICE_X40Y243,SLICEL.A6LUT,64'h8117177E177E7EE8
u_dut/u_pc0/pc1_a29[2]_i_1,LUT6,SLICE_X41Y243,SLICEL.A6LUT,64'hFEE8E880E8808000
u_dut/u_pc0/pc1_a29_reg[0],FDRE,SLICE_X41Y242,SLICEL.BFF,1'b0
u_dut/u_pc0/pc1_a29_reg[1],FDRE,SLICE_X40Y243,SLICEL.AFF,1'b0
u_dut/u_pc0/pc1_a29_reg[2],FDRE,SLICE_X41Y243,SLICEL.AFF,1'b0
u_dut/u_pc0/pc1_a2[0]_i_1,LUT6,SLICE_X44Y229,SLICEL.D6LUT,64'h6996966996696996
u_dut/u_pc0/pc1_a2[1]_i_1,LUT6,SLICE_X44Y232,SLICEL.A6LUT,64'h8117177E177E7EE8
u_dut/u_pc0/pc1_a2[2]_i_1,LUT6,SLICE_X45Y232,SLICEL.A6LUT,64'hFEE8E880E8808000
u_dut/u_pc0/pc1_a2_reg[0],FDRE,SLICE_X44Y229,SLICEL.DFF,1'b0
u_dut/u_pc0/pc1_a2_reg[1],FDRE,SLICE_X44Y232,SLICEL.AFF,1'b0
u_dut/u_pc0/pc1_a2_reg[2],FDRE,SLICE_X45Y232,SLICEL.AFF,1'b0
u_dut/u_pc0/pc1_a30[0]_i_1,LUT6,SLICE_X42Y242,SLICEM.B6LUT,64'h6996966996696996
u_dut/u_pc0/pc1_a30[1]_i_1,LUT6,SLICE_X42Y242,SLICEM.C6LUT,64'h8117177E177E7EE8
u_dut/u_pc0/pc1_a30[2]_i_1,LUT6,SLICE_X40Y241,SLICEL.A6LUT,64'hFEE8E880E8808000
u_dut/u_pc0/pc1_a30_reg[0],FDRE,SLICE_X42Y242,SLICEM.BFF,1'b0
u_dut/u_pc0/pc1_a30_reg[1],FDRE,SLICE_X42Y242,SLICEM.CFF,1'b0
u_dut/u_pc0/pc1_a30_reg[2],FDRE,SLICE_X40Y241,SLICEL.AFF,1'b0
u_dut/u_pc0/pc1_a31[0]_i_1,LUT6,SLICE_X42Y240,SLICEM.A6LUT,64'h6996966996696996
u_dut/u_pc0/pc1_a31[1]_i_1,LUT6,SLICE_X42Y241,SLICEM.A6LUT,64'h8117177E177E7EE8
u_dut/u_pc0/pc1_a31[2]_i_1,LUT6,SLICE_X41Y241,SLICEL.A6LUT,64'hFEE8E880E8808000
u_dut/u_pc0/pc1_a31_reg[0],FDRE,SLICE_X42Y240,SLICEM.AFF,1'b0
u_dut/u_pc0/pc1_a31_reg[1],FDRE,SLICE_X42Y241,SLICEM.AFF,1'b0
u_dut/u_pc0/pc1_a31_reg[2],FDRE,SLICE_X41Y241,SLICEL.AFF,1'b0
u_dut/u_pc0/pc1_a32[0]_i_1,LUT6,SLICE_X51Y237,SLICEL.A6LUT,64'h6996966996696996
u_dut/u_pc0/pc1_a32[1]_i_1,LUT6,SLICE_X51Y237,SLICEL.B6LUT,64'h8117177E177E7EE8
u_dut/u_pc0/pc1_a32[2]_i_1,LUT6,SLICE_X51Y237,SLICEL.C6LUT,64'hFEE8E880E8808000
u_dut/u_pc0/pc1_a32_reg[0],FDRE,SLICE_X51Y237,SLICEL.AFF,1'b0
u_dut/u_pc0/pc1_a32_reg[1],FDRE,SLICE_X51Y237,SLICEL.BFF,1'b0
u_dut/u_pc0/pc1_a32_reg[2],FDRE,SLICE_X51Y237,SLICEL.CFF,1'b0
u_dut/u_pc0/pc1_a33[0]_i_1,LUT2,SLICE_X53Y238,SLICEL.A6LUT,4'h6
u_dut/u_pc0/pc1_a33[1]_i_1,LUT2,SLICE_X53Y238,SLICEL.A5LUT,4'h8
u_dut/u_pc0/pc1_a33_reg[0],FDRE,SLICE_X53Y238,SLICEL.AFF,1'b0
u_dut/u_pc0/pc1_a33_reg[1],FDRE,SLICE_X53Y238,SLICEL.A5FF,1'b0
u_dut/u_pc0/pc1_a3[0]_i_1,LUT6,SLICE_X43Y233,SLICEL.A6LUT,64'h6996966996696996
u_dut/u_pc0/pc1_a3[1]_i_1,LUT6,SLICE_X43Y233,SLICEL.B6LUT,64'h8117177E177E7EE8
u_dut/u_pc0/pc1_a3[2]_i_1,LUT6,SLICE_X42Y230,SLICEM.B6LUT,64'hFEE8E880E8808000
u_dut/u_pc0/pc1_a3_reg[0],FDRE,SLICE_X43Y233,SLICEL.AFF,1'b0
u_dut/u_pc0/pc1_a3_reg[1],FDRE,SLICE_X43Y233,SLICEL.BFF,1'b0
u_dut/u_pc0/pc1_a3_reg[2],FDRE,SLICE_X42Y230,SLICEM.BFF,1'b0
u_dut/u_pc0/pc1_a4[0]_i_1,LUT6,SLICE_X57Y238,SLICEL.A6LUT,64'h6996966996696996
u_dut/u_pc0/pc1_a4[1]_i_1,LUT6,SLICE_X55Y234,SLICEL.B6LUT,64'h8117177E177E7EE8
u_dut/u_pc0/pc1_a4[2]_i_1,LUT6,SLICE_X56Y237,SLICEM.A6LUT,64'hFEE8E880E8808000
u_dut/u_pc0/pc1_a4_reg[0],FDRE,SLICE_X57Y238,SLICEL.AFF,1'b0
u_dut/u_pc0/pc1_a4_reg[1],FDRE,SLICE_X55Y234,SLICEL.BFF,1'b0
u_dut/u_pc0/pc1_a4_reg[2],FDRE,SLICE_X56Y237,SLICEM.AFF,1'b0
u_dut/u_pc0/pc1_a5[0]_i_1,LUT6,SLICE_X56Y236,SLICEM.A6LUT,64'h6996966996696996
u_dut/u_pc0/pc1_a5[1]_i_1,LUT6,SLICE_X55Y236,SLICEL.A6LUT,64'h8117177E177E7EE8
u_dut/u_pc0/pc1_a5[2]_i_1,LUT6,SLICE_X56Y235,SLICEM.A6LUT,64'hFEE8E880E8808000
u_dut/u_pc0/pc1_a5_reg[0],FDRE,SLICE_X56Y236,SLICEM.AFF,1'b0
u_dut/u_pc0/pc1_a5_reg[1],FDRE,SLICE_X55Y236,SLICEL.AFF,1'b0
u_dut/u_pc0/pc1_a5_reg[2],FDRE,SLICE_X56Y235,SLICEM.AFF,1'b0
u_dut/u_pc0/pc1_a6[0]_i_1,LUT6,SLICE_X56Y238,SLICEM.A6LUT,64'h6996966996696996
u_dut/u_pc0/pc1_a6[1]_i_1,LUT6,SLICE_X57Y238,SLICEL.B6LUT,64'h8117177E177E7EE8
u_dut/u_pc0/pc1_a6[2]_i_1,LUT6,SLICE_X56Y238,SLICEM.B6LUT,64'hFEE8E880E8808000
u_dut/u_pc0/pc1_a6_reg[0],FDRE,SLICE_X56Y238,SLICEM.AFF,1'b0
u_dut/u_pc0/pc1_a6_reg[1],FDRE,SLICE_X57Y238,SLICEL.BFF,1'b0
u_dut/u_pc0/pc1_a6_reg[2],FDRE,SLICE_X56Y238,SLICEM.BFF,1'b0
u_dut/u_pc0/pc1_a7[0]_i_1,LUT6,SLICE_X57Y238,SLICEL.C6LUT,64'h6996966996696996
u_dut/u_pc0/pc1_a7[1]_i_1,LUT6,SLICE_X57Y238,SLICEL.D6LUT,64'h8117177E177E7EE8
u_dut/u_pc0/pc1_a7[2]_i_1,LUT6,SLICE_X57Y236,SLICEL.A6LUT,64'hFEE8E880E8808000
u_dut/u_pc0/pc1_a7_reg[0],FDRE,SLICE_X57Y238,SLICEL.CFF,1'b0
u_dut/u_pc0/pc1_a7_reg[1],FDRE,SLICE_X57Y238,SLICEL.DFF,1'b0
u_dut/u_pc0/pc1_a7_reg[2],FDRE,SLICE_X57Y236,SLICEL.AFF,1'b0
u_dut/u_pc0/pc1_a8[0]_i_1,LUT6,SLICE_X42Y234,SLICEM.A6LUT,64'h6996966996696996
u_dut/u_pc0/pc1_a8[1]_i_1,LUT6,SLICE_X41Y234,SLICEL.A6LUT,64'h8117177E177E7EE8
u_dut/u_pc0/pc1_a8[2]_i_1,LUT6,SLICE_X41Y233,SLICEL.A6LUT,64'hFEE8E880E8808000
u_dut/u_pc0/pc1_a8_reg[0],FDRE,SLICE_X42Y234,SLICEM.AFF,1'b0
u_dut/u_pc0/pc1_a8_reg[1],FDRE,SLICE_X41Y234,SLICEL.AFF,1'b0
u_dut/u_pc0/pc1_a8_reg[2],FDRE,SLICE_X41Y233,SLICEL.AFF,1'b0
u_dut/u_pc0/pc1_a9[0]_i_1,LUT6,SLICE_X41Y233,SLICEL.B6LUT,64'h6996966996696996
u_dut/u_pc0/pc1_a9[1]_i_1,LUT6,SLICE_X42Y234,SLICEM.B6LUT,64'h8117177E177E7EE8
u_dut/u_pc0/pc1_a9[2]_i_1,LUT6,SLICE_X42Y234,SLICEM.C6LUT,64'hFEE8E880E8808000
u_dut/u_pc0/pc1_a9_reg[0],FDRE,SLICE_X41Y233,SLICEL.BFF,1'b0
u_dut/u_pc0/pc1_a9_reg[1],FDRE,SLICE_X42Y234,SLICEM.BFF,1'b0
u_dut/u_pc0/pc1_a9_reg[2],FDRE,SLICE_X42Y234,SLICEM.CFF,1'b0
u_dut/u_pc0/pc1_r2_0[0]_i_1,LUT4,SLICE_X44Y233,SLICEL.A6LUT,16'h6996
u_dut/u_pc0/pc1_r2_0[1]_i_1,LUT5,SLICE_X44Y233,SLICEL.B6LUT,32'h81177EE8
u_dut/u_pc0/pc1_r2_0[1]_i_2,LUT4,SLICE_X43Y232,SLICEL.A6LUT,16'h6996
u_dut/u_pc0/pc1_r2_0[2]_i_1,LUT6,SLICE_X43Y232,SLICEL.B6LUT,64'h9669699666666666
u_dut/u_pc0/pc1_r2_0[2]_i_2,LUT5,SLICE_X44Y233,SLICEL.B5LUT,32'hFEE88000
u_dut/u_pc0/pc1_r2_0[2]_i_3,LUT5,SLICE_X43Y231,SLICEL.D6LUT,32'h96696996
u_dut/u_pc0/pc1_r2_0[3]_i_1,LUT6,SLICE_X42Y231,SLICEM.A6LUT,64'hA99595569556566A
u_dut/u_pc0/pc1_r2_0[4]_i_1,LUT6,SLICE_X43Y231,SLICEL.B6LUT,64'hFEEAEAA8EAA8A880
u_dut/u_pc0/pc1_r2_0[4]_i_2,LUT6,SLICE_X43Y232,SLICEL.D6LUT,64'hEBBEAAAA82280000
u_dut/u_pc0/pc1_r2_0[4]_i_3,LUT3,SLICE_X43Y232,SLICEL.A5LUT,8'hE8
u_dut/u_pc0/pc1_r2_0_reg[0],FDRE,SLICE_X44Y233,SLICEL.AFF,1'b0
u_dut/u_pc0/pc1_r2_0_reg[1],FDRE,SLICE_X44Y233,SLICEL.A5FF,1'b0
u_dut/u_pc0/pc1_r2_0_reg[2],FDRE,SLICE_X43Y232,SLICEL.BFF,1'b0
u_dut/u_pc0/pc1_r2_0_reg[3],FDRE,SLICE_X42Y231,SLICEM.AFF,1'b0
u_dut/u_pc0/pc1_r2_0_reg[4],FDRE,SLICE_X43Y231,SLICEL.BFF,1'b0
u_dut/u_pc0/pc1_r2_1[0]_i_1,LUT4,SLICE_X56Y238,SLICEM.C6LUT,16'h6996
u_dut/u_pc0/pc1_r2_1[1]_i_1,LUT5,SLICE_X56Y238,SLICEM.D6LUT,32'h81177EE8
u_dut/u_pc0/pc1_r2_1[1]_i_2,LUT4,SLICE_X55Y236,SLICEL.B6LUT,16'h6996
u_dut/u_pc0/pc1_r2_1[2]_i_1,LUT6,SLICE_X55Y236,SLICEL.C6LUT,64'h9669699666666666
u_dut/u_pc0/pc1_r2_1[2]_i_2,LUT5,SLICE_X56Y238,SLICEM.D5LUT,32'hFEE88000
u_dut/u_pc0/pc1_r2_1[2]_i_3,LUT5,SLICE_X56Y236,SLICEM.D6LUT,32'h96696996
u_dut/u_pc0/pc1_r2_1[3]_i_1,LUT6,SLICE_X56Y236,SLICEM.B6LUT,64'hA99595569556566A
u_dut/u_pc0/pc1_r2_1[4]_i_1,LUT6,SLICE_X56Y236,SLICEM.C6LUT,64'hFEEAEAA8EAA8A880
u_dut/u_pc0/pc1_r2_1[4]_i_2,LUT6,SLICE_X55Y236,SLICEL.D6LUT,64'hEBBEAAAA82280000
u_dut/u_pc0/pc1_r2_1[4]_i_3,LUT3,SLICE_X55Y236,SLICEL.B5LUT,8'hE8
u_dut/u_pc0/pc1_r2_1_reg[0],FDRE,SLICE_X56Y238,SLICEM.CFF,1'b0
u_dut/u_pc0/pc1_r2_1_reg[1],FDRE,SLICE_X56Y238,SLICEM.A5FF,1'b0
u_dut/u_pc0/pc1_r2_1_reg[2],FDRE,SLICE_X55Y236,SLICEL.CFF,1'b0
u_dut/u_pc0/pc1_r2_1_reg[3],FDRE,SLICE_X56Y236,SLICEM.BFF,1'b0
u_dut/u_pc0/pc1_r2_1_reg[4],FDRE,SLICE_X56Y236,SLICEM.CFF,1'b0
u_dut/u_pc0/pc1_r2_2[0]_i_1,LUT4,SLICE_X44Y234,SLICEL.C6LUT,16'h6996
u_dut/u_pc0/pc1_r2_2[1]_i_1,LUT5,SLICE_X45Y234,SLICEL.A6LUT,32'h81177EE8
u_dut/u_pc0/pc1_r2_2[1]_i_2,LUT4,SLICE_X45Y234,SLICEL.B6LUT,16'h6996
u_dut/u_pc0/pc1_r2_2[2]_i_1,LUT6,SLICE_X45Y234,SLICEL.C6LUT,64'h9669699666666666
u_dut/u_pc0/pc1_r2_2[2]_i_2,LUT5,SLICE_X45Y234,SLICEL.A5LUT,32'hFEE88000
u_dut/u_pc0/pc1_r2_2[2]_i_3,LUT5,SLICE_X46Y234,SLICEM.D6LUT,32'h96696996
u_dut/u_pc0/pc1_r2_2[3]_i_1,LUT6,SLICE_X46Y234,SLICEM.B6LUT,64'hA99595569556566A
u_dut/u_pc0/pc1_r2_2[4]_i_1,LUT6,SLICE_X46Y234,SLICEM.C6LUT,64'hFEEAEAA8EAA8A880
u_dut/u_pc0/pc1_r2_2[4]_i_2,LUT6,SLICE_X45Y234,SLICEL.D6LUT,64'hEBBEAAAA82280000
u_dut/u_pc0/pc1_r2_2[4]_i_3,LUT3,SLICE_X45Y234,SLICEL.B5LUT,8'hE8
u_dut/u_pc0/pc1_r2_2_reg[0],FDRE,SLICE_X44Y234,SLICEL.CFF,1'b0
u_dut/u_pc0/pc1_r2_2_reg[1],FDRE,SLICE_X45Y234,SLICEL.AFF,1'b0
u_dut/u_pc0/pc1_r2_2_reg[2],FDRE,SLICE_X45Y234,SLICEL.CFF,1'b0
u_dut/u_pc0/pc1_r2_2_reg[3],FDRE,SLICE_X46Y234,SLICEM.BFF,1'b0
u_dut/u_pc0/pc1_r2_2_reg[4],FDRE,SLICE_X46Y234,SLICEM.CFF,1'b0
u_dut/u_pc0/pc1_r2_3[0]_i_1,LUT4,SLICE_X42Y237,SLICEM.C6LUT,16'h6996
u_dut/u_pc0/pc1_r2_3[1]_i_1,LUT5,SLICE_X42Y237,SLICEM.D6LUT,32'h81177EE8
u_dut/u_pc0/pc1_r2_3[1]_i_2,LUT4,SLICE_X43Y237,SLICEL.B6LUT,16'h6996
u_dut/u_pc0/pc1_r2_3[2]_i_1,LUT6,SLICE_X43Y237,SLICEL.C6LUT,64'h9669699666666666
u_dut/u_pc0/pc1_r2_3[2]_i_2,LUT5,SLICE_X42Y237,SLICEM.D5LUT,32'hFEE88000
u_dut/u_pc0/pc1_r2_3[2]_i_3,LUT5,SLICE_X46Y237,SLICEM.D6LUT,32'h96696996
u_dut/u_pc0/pc1_r2_3[3]_i_1,LUT6,SLICE_X46Y237,SLICEM.B6LUT,64'hA99595569556566A
u_dut/u_pc0/pc1_r2_3[4]_i_1,LUT6,SLICE_X46Y237,SLICEM.C6LUT,64'hFEEAEAA8EAA8A880
u_dut/u_pc0/pc1_r2_3[4]_i_2,LUT6,SLICE_X43Y237,SLICEL.D6LUT,64'hEBBEAAAA82280000
u_dut/u_pc0/pc1_r2_3[4]_i_3,LUT3,SLICE_X43Y237,SLICEL.B5LUT,8'hE8
u_dut/u_pc0/pc1_r2_3_reg[0],FDRE,SLICE_X42Y237,SLICEM.CFF,1'b0
u_dut/u_pc0/pc1_r2_3_reg[1],FDRE,SLICE_X45Y237,SLICEL.AFF,1'b0
u_dut/u_pc0/pc1_r2_3_reg[2],FDRE,SLICE_X43Y237,SLICEL.CFF,1'b0
u_dut/u_pc0/pc1_r2_3_reg[3],FDRE,SLICE_X46Y237,SLICEM.BFF,1'b0
u_dut/u_pc0/pc1_r2_3_reg[4],FDRE,SLICE_X46Y237,SLICEM.CFF,1'b0
u_dut/u_pc0/pc1_r2_4[0]_i_1,LUT4,SLICE_X40Y233,SLICEL.B6LUT,16'h6996
u_dut/u_pc0/pc1_r2_4[1]_i_1,LUT5,SLICE_X40Y233,SLICEL.C6LUT,32'h81177EE8
u_dut/u_pc0/pc1_r2_4[1]_i_2,LUT4,SLICE_X38Y233,SLICEM.B6LUT,16'h6996
u_dut/u_pc0/pc1_r2_4[2]_i_1,LUT6,SLICE_X38Y233,SLICEM.C6LUT,64'h9669699666666666
u_dut/u_pc0/pc1_r2_4[2]_i_2,LUT5,SLICE_X40Y233,SLICEL.C5LUT,32'hFEE88000
u_dut/u_pc0/pc1_r2_4[2]_i_3,LUT5,SLICE_X40Y232,SLICEL.D6LUT,32'h96696996
u_dut/u_pc0/pc1_r2_4[3]_i_1,LUT6,SLICE_X40Y232,SLICEL.B6LUT,64'hA99595569556566A
u_dut/u_pc0/pc1_r2_4[4]_i_1,LUT6,SLICE_X40Y232,SLICEL.C6LUT,64'hFEEAEAA8EAA8A880
u_dut/u_pc0/pc1_r2_4[4]_i_2,LUT6,SLICE_X38Y233,SLICEM.D6LUT,64'hEBBEAAAA82280000
u_dut/u_pc0/pc1_r2_4[4]_i_3,LUT3,SLICE_X38Y233,SLICEM.B5LUT,8'hE8
u_dut/u_pc0/pc1_r2_4_reg[0],FDRE,SLICE_X40Y233,SLICEL.BFF,1'b0
u_dut/u_pc0/pc1_r2_4_reg[1],FDRE,SLICE_X45Y240,SLICEL.AFF,1'b0
u_dut/u_pc0/pc1_r2_4_reg[2],FDRE,SLICE_X38Y233,SLICEM.CFF,1'b0
u_dut/u_pc0/pc1_r2_4_reg[3],FDRE,SLICE_X40Y232,SLICEL.BFF,1'b0
u_dut/u_pc0/pc1_r2_4_reg[4],FDRE,SLICE_X40Y232,SLICEL.CFF,1'b0
u_dut/u_pc0/pc1_r2_5[0]_i_1,LUT4,SLICE_X54Y241,SLICEM.B6LUT,16'h6996
u_dut/u_pc0/pc1_r2_5[1]_i_1,LUT5,SLICE_X54Y241,SLICEM.C6LUT,32'h81177EE8
u_dut/u_pc0/pc1_r2_5[1]_i_2,LUT4,SLICE_X55Y240,SLICEL.A6LUT,16'h6996
u_dut/u_pc0/pc1_r2_5[2]_i_1,LUT6,SLICE_X56Y240,SLICEM.B6LUT,64'h9669699666666666
u_dut/u_pc0/pc1_r2_5[2]_i_2,LUT5,SLICE_X54Y241,SLICEM.C5LUT,32'hFEE88000
u_dut/u_pc0/pc1_r2_5[2]_i_3,LUT5,SLICE_X55Y240,SLICEL.D6LUT,32'h96696996
u_dut/u_pc0/pc1_r2_5[3]_i_1,LUT6,SLICE_X55Y240,SLICEL.B6LUT,64'hA99595569556566A
u_dut/u_pc0/pc1_r2_5[4]_i_1,LUT6,SLICE_X55Y240,SLICEL.C6LUT,64'hFEEAEAA8EAA8A880
u_dut/u_pc0/pc1_r2_5[4]_i_2,LUT6,SLICE_X56Y240,SLICEM.C6LUT,64'hEBBEAAAA82280000
u_dut/u_pc0/pc1_r2_5[4]_i_3,LUT3,SLICE_X55Y240,SLICEL.A5LUT,8'hE8
u_dut/u_pc0/pc1_r2_5_reg[0],FDRE,SLICE_X54Y241,SLICEM.BFF,1'b0
u_dut/u_pc0/pc1_r2_5_reg[1],FDRE,SLICE_X54Y241,SLICEM.A5FF,1'b0
u_dut/u_pc0/pc1_r2_5_reg[2],FDRE,SLICE_X56Y240,SLICEM.BFF,1'b0
u_dut/u_pc0/pc1_r2_5_reg[3],FDRE,SLICE_X55Y240,SLICEL.BFF,1'b0
u_dut/u_pc0/pc1_r2_5_reg[4],FDRE,SLICE_X55Y240,SLICEL.CFF,1'b0
u_dut/u_pc0/pc1_r2_6[0]_i_1,LUT4,SLICE_X48Y244,SLICEL.C6LUT,16'h6996
u_dut/u_pc0/pc1_r2_6[1]_i_1,LUT5,SLICE_X48Y244,SLICEL.D6LUT,32'h81177EE8
u_dut/u_pc0/pc1_r2_6[1]_i_2,LUT4,SLICE_X47Y244,SLICEL.A6LUT,16'h6996
u_dut/u_pc0/pc1_r2_6[2]_i_1,LUT6,SLICE_X47Y244,SLICEL.B6LUT,64'h9669699666666666
u_dut/u_pc0/pc1_r2_6[2]_i_2,LUT5,SLICE_X48Y244,SLICEL.D5LUT,32'hFEE88000
u_dut/u_pc0/pc1_r2_6[2]_i_3,LUT5,SLICE_X47Y244,SLICEL.D6LUT,32'h96696996
u_dut/u_pc0/pc1_r2_6[3]_i_1,LUT6,SLICE_X47Y243,SLICEL.C6LUT,64'hA99595569556566A
u_dut/u_pc0/pc1_r2_6[4]_i_1,LUT6,SLICE_X47Y243,SLICEL.D6LUT,64'hFEEAEAA8EAA8A880
u_dut/u_pc0/pc1_r2_6[4]_i_2,LUT6,SLICE_X47Y244,SLICEL.C6LUT,64'hEBBEAAAA82280000
u_dut/u_pc0/pc1_r2_6[4]_i_3,LUT3,SLICE_X47Y244,SLICEL.A5LUT,8'hE8
u_dut/u_pc0/pc1_r2_6_reg[0],FDRE,SLICE_X48Y244,SLICEL.CFF,1'b0
u_dut/u_pc0/pc1_r2_6_reg[1],FDRE,SLICE_X51Y243,SLICEL.AFF,1'b0
u_dut/u_pc0/pc1_r2_6_reg[2],FDRE,SLICE_X47Y244,SLICEL.BFF,1'b0
u_dut/u_pc0/pc1_r2_6_reg[3],FDRE,SLICE_X47Y243,SLICEL.CFF,1'b0
u_dut/u_pc0/pc1_r2_6_reg[4],FDRE,SLICE_X47Y243,SLICEL.DFF,1'b0
u_dut/u_pc0/pc1_r2_7[0]_i_1,LUT4,SLICE_X42Y242,SLICEM.D6LUT,16'h6996
u_dut/u_pc0/pc1_r2_7[1]_i_1,LUT5,SLICE_X42Y243,SLICEM.A6LUT,32'h81177EE8
u_dut/u_pc0/pc1_r2_7[1]_i_2,LUT4,SLICE_X42Y243,SLICEM.B6LUT,16'h6996
u_dut/u_pc0/pc1_r2_7[2]_i_1,LUT6,SLICE_X42Y243,SLICEM.C6LUT,64'h9669699666666666
u_dut/u_pc0/pc1_r2_7[2]_i_2,LUT5,SLICE_X42Y243,SLICEM.A5LUT,32'hFEE88000
u_dut/u_pc0/pc1_r2_7[2]_i_3,LUT5,SLICE_X41Y243,SLICEL.D6LUT,32'h96696996
u_dut/u_pc0/pc1_r2_7[3]_i_1,LUT6,SLICE_X41Y243,SLICEL.B6LUT,64'hA99595569556566A
u_dut/u_pc0/pc1_r2_7[4]_i_1,LUT6,SLICE_X41Y243,SLICEL.C6LUT,64'hFEEAEAA8EAA8A880
u_dut/u_pc0/pc1_r2_7[4]_i_2,LUT6,SLICE_X42Y243,SLICEM.D6LUT,64'hEBBEAAAA82280000
u_dut/u_pc0/pc1_r2_7[4]_i_3,LUT3,SLICE_X42Y243,SLICEM.B5LUT,8'hE8
u_dut/u_pc0/pc1_r2_7_reg[0],FDRE,SLICE_X42Y242,SLICEM.DFF,1'b0
u_dut/u_pc0/pc1_r2_7_reg[1],FDRE,SLICE_X49Y242,SLICEL.A5FF,1'b0
u_dut/u_pc0/pc1_r2_7_reg[2],FDRE,SLICE_X42Y243,SLICEM.CFF,1'b0
u_dut/u_pc0/pc1_r2_7_reg[3],FDRE,SLICE_X41Y243,SLICEL.BFF,1'b0
u_dut/u_pc0/pc1_r2_7_reg[4],FDRE,SLICE_X41Y243,SLICEL.CFF,1'b0
u_dut/u_pc0/pc1_r2_8[0]_i_1,LUT2,SLICE_X51Y240,SLICEL.A6LUT,4'h6
u_dut/u_pc0/pc1_r2_8[1]_i_1,LUT4,SLICE_X51Y240,SLICEL.A5LUT,16'h8778
u_dut/u_pc0/pc1_r2_8[2]_i_1,LUT5,SLICE_X51Y240,SLICEL.B6LUT,32'h077FF880
u_dut/u_pc0/pc1_r2_8[3]_i_1,LUT5,SLICE_X51Y240,SLICEL.B5LUT,32'hAA808000
u_dut/u_pc0/pc1_r2_8_reg[0],FDRE,SLICE_X51Y240,SLICEL.AFF,1'b0
u_dut/u_pc0/pc1_r2_8_reg[1],FDRE,SLICE_X51Y240,SLICEL.A5FF,1'b0
u_dut/u_pc0/pc1_r2_8_reg[2],FDRE,SLICE_X51Y240,SLICEL.BFF,1'b0
u_dut/u_pc0/pc1_r2_8_reg[3],FDRE,SLICE_X51Y240,SLICEL.B5FF,1'b0
u_dut/u_pc0/pc1_r4_0[3]_i_2,LUT5,SLICE_X46Y238,SLICEM.C6LUT,32'hEEE8E888
u_dut/u_pc0/pc1_r4_0[3]_i_3,LUT5,SLICE_X46Y238,SLICEM.C5LUT,32'hE81717E8
u_dut/u_pc0/pc1_r4_0[3]_i_4,LUT4,SLICE_X46Y238,SLICEM.D6LUT,16'h6996
u_dut/u_pc0/pc1_r4_0[3]_i_5,LUT6,SLICE_X47Y238,SLICEL.D6LUT,64'h6969699669969696
u_dut/u_pc0/pc1_r4_0[3]_i_6,LUT6,SLICE_X47Y238,SLICEL.C6LUT,64'h6999999699969666
u_dut/u_pc0/pc1_r4_0[3]_i_7,LUT4,SLICE_X47Y238,SLICEL.B6LUT,16'h566A
u_dut/u_pc0/pc1_r4_0[3]_i_8,LUT4,SLICE_X47Y238,SLICEL.A6LUT,16'h6996
u_dut/u_pc0/pc1_r4_0[3]_i_9,LUT3,SLICE_X46Y238,SLICEM.B6LUT,8'h96
u_dut/u_pc0/pc1_r4_0[6]_i_2,LUT5,SLICE_X46Y239,SLICEM.A6LUT,32'hEEE8E888
u_dut/u_pc0/pc1_r4_0[6]_i_3,LUT5,SLICE_X46Y238,SLICEM.B5LUT,32'hEEE8E888
u_dut/u_pc0/pc1_r4_0[6]_i_4,LUT5,SLICE_X47Y239,SLICEL.B6LUT,32'h177E7EE8
u_dut/u_pc0/pc1_r4_0[6]_i_5,LUT6,SLICE_X47Y239,SLICEL.A6LUT,64'h6969699669969696
u_dut/u_pc0/pc1_r4_0[6]_i_6,LUT3,SLICE_X46Y239,SLICEM.B6LUT,8'h96
u_dut/u_pc0/pc1_r4_0[6]_i_7,LUT3,SLICE_X46Y238,SLICEM.A6LUT,8'h96
u_dut/u_pc0/pc1_r4_0[6]_i_8,LUT3,SLICE_X46Y238,SLICEM.A5LUT,8'hE8
u_dut/u_pc0/pc1_r4_0_reg[0],FDRE,SLICE_X47Y238,SLICEL.AFF,1'b0
u_dut/u_pc0/pc1_r4_0_reg[1],FDRE,SLICE_X47Y238,SLICEL.BFF,1'b0
u_dut/u_pc0/pc1_r4_0_reg[2],FDRE,SLICE_X47Y238,SLICEL.CFF,1'b0
u_dut/u_pc0/pc1_r4_0_reg[3],FDRE,SLICE_X47Y238,SLICEL.DFF,1'b0
u_dut/u_pc0/pc1_r4_0_reg[3]_i_1,CARRY4,SLICE_X47Y238,SLICEL.CARRY4,
u_dut/u_pc0/pc1_r4_0_reg[4],FDRE,SLICE_X47Y239,SLICEL.AFF,1'b0
u_dut/u_pc0/pc1_r4_0_reg[5],FDRE,SLICE_X47Y239,SLICEL.BFF,1'b0
u_dut/u_pc0/pc1_r4_0_reg[6],FDRE,SLICE_X47Y239,SLICEL.CFF,1'b0
u_dut/u_pc0/pc1_r4_0_reg[6]_i_1,CARRY4,SLICE_X47Y239,SLICEL.CARRY4,
u_dut/u_pc0/pc1_r4_1[3]_i_2,LUT5,SLICE_X51Y242,SLICEL.B6LUT,32'hEEE8E888
u_dut/u_pc0/pc1_r4_1[3]_i_3,LUT5,SLICE_X51Y242,SLICEL.B5LUT,32'hE81717E8
u_dut/u_pc0/pc1_r4_1[3]_i_4,LUT4,SLICE_X51Y242,SLICEL.D6LUT,16'h6996
u_dut/u_pc0/pc1_r4_1[3]_i_5,LUT6,SLICE_X50Y242,SLICEM.D6LUT,64'h6969699669969696
u_dut/u_pc0/pc1_r4_1[3]_i_6,LUT6,SLICE_X50Y242,SLICEM.C6LUT,64'h6999999699969666
u_dut/u_pc0/pc1_r4_1[3]_i_7,LUT4,SLICE_X50Y242,SLICEM.B6LUT,16'h566A
u_dut/u_pc0/pc1_r4_1[3]_i_8,LUT4,SLICE_X50Y242,SLICEM.A6LUT,16'h6996
u_dut/u_pc0/pc1_r4_1[3]_i_9,LUT3,SLICE_X51Y242,SLICEL.A6LUT,8'h96
u_dut/u_pc0/pc1_r4_1[6]_i_2,LUT5,SLICE_X51Y243,SLICEL.C6LUT,32'hEEE8E888
u_dut/u_pc0/pc1_r4_1[6]_i_3,LUT5,SLICE_X51Y242,SLICEL.A5LUT,32'hEEE8E888
u_dut/u_pc0/pc1_r4_1[6]_i_4,LUT5,SLICE_X50Y243,SLICEM.B6LUT,32'h177E7EE8
u_dut/u_pc0/pc1_r4_1[6]_i_5,LUT6,SLICE_X50Y243,SLICEM.A6LUT,64'h6969699669969696
u_dut/u_pc0/pc1_r4_1[6]_i_6,LUT3,SLICE_X51Y243,SLICEL.D6LUT,8'h96
u_dut/u_pc0/pc1_r4_1[6]_i_7,LUT3,SLICE_X51Y243,SLICEL.A6LUT,8'h96
u_dut/u_pc0/pc1_r4_1[6]_i_8,LUT3,SLICE_X51Y243,SLICEL.A5LUT,8'hE8
u_dut/u_pc0/pc1_r4_1_reg[0],FDRE,SLICE_X50Y242,SLICEM.AFF,1'b0
u_dut/u_pc0/pc1_r4_1_reg[1],FDRE,SLICE_X50Y242,SLICEM.BFF,1'b0
u_dut/u_pc0/pc1_r4_1_reg[2],FDRE,SLICE_X50Y242,SLICEM.CFF,1'b0
u_dut/u_pc0/pc1_r4_1_reg[3],FDRE,SLICE_X50Y242,SLICEM.DFF,1'b0
u_dut/u_pc0/pc1_r4_1_reg[3]_i_1,CARRY4,SLICE_X50Y242,SLICEM.CARRY4,
u_dut/u_pc0/pc1_r4_1_reg[4],FDRE,SLICE_X50Y243,SLICEM.AFF,1'b0
u_dut/u_pc0/pc1_r4_1_reg[5],FDRE,SLICE_X50Y243,SLICEM.BFF,1'b0
u_dut/u_pc0/pc1_r4_1_reg[6],FDRE,SLICE_X50Y243,SLICEM.CFF,1'b0
u_dut/u_pc0/pc1_r4_1_reg[6]_i_1,CARRY4,SLICE_X50Y243,SLICEM.CARRY4,
u_dut/u_pc0/pc1_r4_2_reg[0],FDRE,SLICE_X51Y240,SLICEL.CFF,1'b0
u_dut/u_pc0/pc1_r4_2_reg[1],FDRE,SLICE_X51Y240,SLICEL.DFF,1'b0
u_dut/u_pc0/pc1_r4_2_reg[2],FDRE,SLICE_X51Y240,SLICEL.C5FF,1'b0
u_dut/u_pc0/pc1_r4_2_reg[3],FDRE,SLICE_X51Y240,SLICEL.D5FF,1'b0
u_dut/u_pc0/pc1_r6_0[3]_i_2,LUT3,SLICE_X49Y240,SLICEL.C5LUT,8'hE8
u_dut/u_pc0/pc1_r6_0[3]_i_3,LUT3,SLICE_X49Y240,SLICEL.B5LUT,8'hE8
u_dut/u_pc0/pc1_r6_0[3]_i_4,LUT3,SLICE_X49Y240,SLICEL.A5LUT,8'hE8
u_dut/u_pc0/pc1_r6_0[3]_i_5,LUT4,SLICE_X49Y240,SLICEL.D6LUT,16'h6996
u_dut/u_pc0/pc1_r6_0[3]_i_6,LUT4,SLICE_X49Y240,SLICEL.C6LUT,16'h6996
u_dut/u_pc0/pc1_r6_0[3]_i_7,LUT4,SLICE_X49Y240,SLICEL.B6LUT,16'h6996
u_dut/u_pc0/pc1_r6_0[3]_i_8,LUT3,SLICE_X49Y240,SLICEL.A6LUT,8'h96
u_dut/u_pc0/pc1_r6_0[7]_i_2,LUT2,SLICE_X49Y241,SLICEL.C5LUT,4'h8
u_dut/u_pc0/pc1_r6_0[7]_i_3,LUT2,SLICE_X49Y241,SLICEL.B5LUT,4'h8
u_dut/u_pc0/pc1_r6_0[7]_i_4,LUT3,SLICE_X49Y241,SLICEL.A5LUT,8'hE8
u_dut/u_pc0/pc1_r6_0[7]_i_5,LUT2,SLICE_X49Y241,SLICEL.D6LUT,4'h8
u_dut/u_pc0/pc1_r6_0[7]_i_6,LUT4,SLICE_X49Y241,SLICEL.C6LUT,16'h8778
u_dut/u_pc0/pc1_r6_0[7]_i_7,LUT4,SLICE_X49Y241,SLICEL.B6LUT,16'h8778
u_dut/u_pc0/pc1_r6_0[7]_i_8,LUT5,SLICE_X49Y241,SLICEL.A6LUT,32'hE81717E8
u_dut/u_pc0/pc1_r6_0_reg[0],FDRE,SLICE_X49Y240,SLICEL.AFF,1'b0
u_dut/u_pc0/pc1_r6_0_reg[1],FDRE,SLICE_X49Y240,SLICEL.BFF,1'b0
u_dut/u_pc0/pc1_r6_0_reg[2],FDRE,SLICE_X49Y240,SLICEL.CFF,1'b0
u_dut/u_pc0/pc1_r6_0_reg[3],FDRE,SLICE_X49Y240,SLICEL.DFF,1'b0
u_dut/u_pc0/pc1_r6_0_reg[3]_i_1,CARRY4,SLICE_X49Y240,SLICEL.CARRY4,
u_dut/u_pc0/pc1_r6_0_reg[4],FDRE,SLICE_X49Y241,SLICEL.AFF,1'b0
u_dut/u_pc0/pc1_r6_0_reg[5],FDRE,SLICE_X49Y241,SLICEL.BFF,1'b0
u_dut/u_pc0/pc1_r6_0_reg[6],FDRE,SLICE_X49Y241,SLICEL.CFF,1'b0
u_dut/u_pc0/pc1_r6_0_reg[7],FDRE,SLICE_X49Y241,SLICEL.DFF,1'b0
u_dut/u_pc0/pc1_r6_0_reg[7]_i_1,CARRY4,SLICE_X49Y241,SLICEL.CARRY4,
u_dut/u_pc0/pc2_a0[0]_i_1,LUT6,SLICE_X44Y213,SLICEL.B6LUT,64'h6996966996696996
u_dut/u_pc0/pc2_a0[1]_i_1,LUT6,SLICE_X43Y212,SLICEL.A6LUT,64'h8117177E177E7EE8
u_dut/u_pc0/pc2_a0[2]_i_1,LUT6,SLICE_X42Y211,SLICEM.A6LUT,64'hFEE8E880E8808000
u_dut/u_pc0/pc2_a0_reg[0],FDRE,SLICE_X44Y213,SLICEL.BFF,1'b0
u_dut/u_pc0/pc2_a0_reg[1],FDRE,SLICE_X43Y212,SLICEL.AFF,1'b0
u_dut/u_pc0/pc2_a0_reg[2],FDRE,SLICE_X42Y211,SLICEM.AFF,1'b0
u_dut/u_pc0/pc2_a10[0]_i_1,LUT6,SLICE_X40Y209,SLICEL.A6LUT,64'h6996966996696996
u_dut/u_pc0/pc2_a10[1]_i_1,LUT6,SLICE_X41Y208,SLICEL.A6LUT,64'h8117177E177E7EE8
u_dut/u_pc0/pc2_a10[2]_i_1,LUT6,SLICE_X41Y209,SLICEL.A6LUT,64'hFEE8E880E8808000
u_dut/u_pc0/pc2_a10_reg[0],FDRE,SLICE_X40Y209,SLICEL.AFF,1'b0
u_dut/u_pc0/pc2_a10_reg[1],FDRE,SLICE_X41Y208,SLICEL.AFF,1'b0
u_dut/u_pc0/pc2_a10_reg[2],FDRE,SLICE_X41Y209,SLICEL.AFF,1'b0
u_dut/u_pc0/pc2_a11[0]_i_1,LUT6,SLICE_X39Y209,SLICEL.A6LUT,64'h6996966996696996
u_dut/u_pc0/pc2_a11[1]_i_1,LUT6,SLICE_X42Y209,SLICEM.A6LUT,64'h8117177E177E7EE8
u_dut/u_pc0/pc2_a11[2]_i_1,LUT6,SLICE_X44Y209,SLICEL.A6LUT,64'hFEE8E880E8808000
u_dut/u_pc0/pc2_a11_reg[0],FDRE,SLICE_X39Y209,SLICEL.AFF,1'b0
u_dut/u_pc0/pc2_a11_reg[1],FDRE,SLICE_X42Y209,SLICEM.AFF,1'b0
u_dut/u_pc0/pc2_a11_reg[2],FDRE,SLICE_X44Y209,SLICEL.AFF,1'b0
u_dut/u_pc0/pc2_a12[0]_i_1,LUT6,SLICE_X34Y211,SLICEL.A6LUT,64'h6996966996696996
u_dut/u_pc0/pc2_a12[1]_i_1,LUT6,SLICE_X32Y211,SLICEL.A6LUT,64'h8117177E177E7EE8
u_dut/u_pc0/pc2_a12[2]_i_1,LUT6,SLICE_X31Y213,SLICEL.A6LUT,64'hFEE8E880E8808000
u_dut/u_pc0/pc2_a12_reg[0],FDRE,SLICE_X34Y211,SLICEL.AFF,1'b0
u_dut/u_pc0/pc2_a12_reg[1],FDRE,SLICE_X32Y211,SLICEL.AFF,1'b0
u_dut/u_pc0/pc2_a12_reg[2],FDRE,SLICE_X31Y213,SLICEL.AFF,1'b0
u_dut/u_pc0/pc2_a13[0]_i_1,LUT6,SLICE_X33Y211,SLICEL.A6LUT,64'h6996966996696996
u_dut/u_pc0/pc2_a13[1]_i_1,LUT6,SLICE_X33Y211,SLICEL.B6LUT,64'h8117177E177E7EE8
u_dut/u_pc0/pc2_a13[2]_i_1,LUT6,SLICE_X33Y211,SLICEL.C6LUT,64'hFEE8E880E8808000
u_dut/u_pc0/pc2_a13_reg[0],FDRE,SLICE_X33Y211,SLICEL.AFF,1'b0
u_dut/u_pc0/pc2_a13_reg[1],FDRE,SLICE_X33Y211,SLICEL.BFF,1'b0
u_dut/u_pc0/pc2_a13_reg[2],FDRE,SLICE_X33Y211,SLICEL.CFF,1'b0
u_dut/u_pc0/pc2_a14[0]_i_1,LUT6,SLICE_X34Y212,SLICEL.A6LUT,64'h6996966996696996
u_dut/u_pc0/pc2_a14[1]_i_1,LUT6,SLICE_X32Y212,SLICEL.A6LUT,64'h8117177E177E7EE8
u_dut/u_pc0/pc2_a14[2]_i_1,LUT6,SLICE_X32Y213,SLICEL.A6LUT,64'hFEE8E880E8808000
u_dut/u_pc0/pc2_a14_reg[0],FDRE,SLICE_X34Y212,SLICEL.AFF,1'b0
u_dut/u_pc0/pc2_a14_reg[1],FDRE,SLICE_X32Y212,SLICEL.AFF,1'b0
u_dut/u_pc0/pc2_a14_reg[2],FDRE,SLICE_X32Y213,SLICEL.AFF,1'b0
u_dut/u_pc0/pc2_a15[0]_i_1,LUT6,SLICE_X31Y211,SLICEL.B6LUT,64'h6996966996696996
u_dut/u_pc0/pc2_a15[1]_i_1,LUT6,SLICE_X32Y212,SLICEL.B6LUT,64'h8117177E177E7EE8
u_dut/u_pc0/pc2_a15[2]_i_1,LUT6,SLICE_X32Y214,SLICEL.B6LUT,64'hFEE8E880E8808000
u_dut/u_pc0/pc2_a15_reg[0],FDRE,SLICE_X31Y211,SLICEL.BFF,1'b0
u_dut/u_pc0/pc2_a15_reg[1],FDRE,SLICE_X32Y212,SLICEL.BFF,1'b0
u_dut/u_pc0/pc2_a15_reg[2],FDRE,SLICE_X32Y214,SLICEL.BFF,1'b0
u_dut/u_pc0/pc2_a16[0]_i_1,LUT6,SLICE_X15Y211,SLICEL.A6LUT,64'h6996966996696996
u_dut/u_pc0/pc2_a16[1]_i_1,LUT6,SLICE_X16Y210,SLICEM.A6LUT,64'h8117177E177E7EE8
u_dut/u_pc0/pc2_a16[2]_i_1,LUT6,SLICE_X16Y210,SLICEM.B6LUT,64'hFEE8E880E8808000
u_dut/u_pc0/pc2_a16_reg[0],FDRE,SLICE_X15Y211,SLICEL.AFF,1'b0
u_dut/u_pc0/pc2_a16_reg[1],FDRE,SLICE_X16Y210,SLICEM.AFF,1'b0
u_dut/u_pc0/pc2_a16_reg[2],FDRE,SLICE_X16Y210,SLICEM.BFF,1'b0
u_dut/u_pc0/pc2_a17[0]_i_1,LUT6,SLICE_X18Y211,SLICEM.A6LUT,64'h6996966996696996
u_dut/u_pc0/pc2_a17[1]_i_1,LUT6,SLICE_X16Y210,SLICEM.C6LUT,64'h8117177E177E7EE8
u_dut/u_pc0/pc2_a17[2]_i_1,LUT6,SLICE_X16Y211,SLICEM.A6LUT,64'hFEE8E880E8808000
u_dut/u_pc0/pc2_a17_reg[0],FDRE,SLICE_X18Y211,SLICEM.AFF,1'b0
u_dut/u_pc0/pc2_a17_reg[1],FDRE,SLICE_X16Y210,SLICEM.CFF,1'b0
u_dut/u_pc0/pc2_a17_reg[2],FDRE,SLICE_X16Y211,SLICEM.AFF,1'b0
u_dut/u_pc0/pc2_a18[0]_i_1,LUT6,SLICE_X17Y211,SLICEL.A6LUT,64'h6996966996696996
u_dut/u_pc0/pc2_a18[1]_i_1,LUT6,SLICE_X18Y211,SLICEM.B6LUT,64'h8117177E177E7EE8
u_dut/u_pc0/pc2_a18[2]_i_1,LUT6,SLICE_X14Y211,SLICEM.A6LUT,64'hFEE8E880E8808000
u_dut/u_pc0/pc2_a18_reg[0],FDRE,SLICE_X17Y211,SLICEL.AFF,1'b0
u_dut/u_pc0/pc2_a18_reg[1],FDRE,SLICE_X18Y211,SLICEM.BFF,1'b0
u_dut/u_pc0/pc2_a18_reg[2],FDRE,SLICE_X14Y211,SLICEM.AFF,1'b0
u_dut/u_pc0/pc2_a19[0]_i_1,LUT6,SLICE_X19Y211,SLICEL.A6LUT,64'h6996966996696996
u_dut/u_pc0/pc2_a19[1]_i_1,LUT6,SLICE_X17Y210,SLICEL.A6LUT,64'h8117177E177E7EE8
u_dut/u_pc0/pc2_a19[2]_i_1,LUT6,SLICE_X18Y211,SLICEM.C6LUT,64'hFEE8E880E8808000
u_dut/u_pc0/pc2_a19_reg[0],FDRE,SLICE_X19Y211,SLICEL.AFF,1'b0
u_dut/u_pc0/pc2_a19_reg[1],FDRE,SLICE_X17Y210,SLICEL.AFF,1'b0
u_dut/u_pc0/pc2_a19_reg[2],FDRE,SLICE_X18Y211,SLICEM.CFF,1'b0
u_dut/u_pc0/pc2_a1[0]_i_1,LUT6,SLICE_X44Y213,SLICEL.C6LUT,64'h6996966996696996
u_dut/u_pc0/pc2_a1[1]_i_1,LUT6,SLICE_X43Y211,SLICEL.A6LUT,64'h8117177E177E7EE8
u_dut/u_pc0/pc2_a1[2]_i_1,LUT6,SLICE_X42Y212,SLICEM.A6LUT,64'hFEE8E880E8808000
u_dut/u_pc0/pc2_a1_reg[0],FDRE,SLICE_X44Y213,SLICEL.CFF,1'b0
u_dut/u_pc0/pc2_a1_reg[1],FDRE,SLICE_X43Y211,SLICEL.AFF,1'b0
u_dut/u_pc0/pc2_a1_reg[2],FDRE,SLICE_X42Y212,SLICEM.AFF,1'b0
u_dut/u_pc0/pc2_a20[0]_i_1,LUT6,SLICE_X11Y219,SLICEL.A6LUT,64'h6996966996696996
u_dut/u_pc0/pc2_a20[1]_i_1,LUT6,SLICE_X9Y219,SLICEL.A6LUT,64'h8117177E177E7EE8
u_dut/u_pc0/pc2_a20[2]_i_1,LUT6,SLICE_X10Y219,SLICEM.A6LUT,64'hFEE8E880E8808000
u_dut/u_pc0/pc2_a20_reg[0],FDRE,SLICE_X11Y219,SLICEL.AFF,1'b0
u_dut/u_pc0/pc2_a20_reg[1],FDRE,SLICE_X9Y219,SLICEL.AFF,1'b0
u_dut/u_pc0/pc2_a20_reg[2],FDRE,SLICE_X10Y219,SLICEM.AFF,1'b0
u_dut/u_pc0/pc2_a21[0]_i_1,LUT6,SLICE_X11Y217,SLICEL.A6LUT,64'h6996966996696996
u_dut/u_pc0/pc2_a21[1]_i_1,LUT6,SLICE_X10Y217,SLICEM.A6LUT,64'h8117177E177E7EE8
u_dut/u_pc0/pc2_a21[2]_i_1,LUT6,SLICE_X10Y217,SLICEM.B6LUT,64'hFEE8E880E8808000
u_dut/u_pc0/pc2_a21_reg[0],FDRE,SLICE_X11Y217,SLICEL.AFF,1'b0
u_dut/u_pc0/pc2_a21_reg[1],FDRE,SLICE_X10Y217,SLICEM.AFF,1'b0
u_dut/u_pc0/pc2_a21_reg[2],FDRE,SLICE_X10Y217,SLICEM.BFF,1'b0
u_dut/u_pc0/pc2_a22[0]_i_1,LUT6,SLICE_X11Y218,SLICEL.A6LUT,64'h6996966996696996
u_dut/u_pc0/pc2_a22[1]_i_1,LUT6,SLICE_X10Y218,SLICEM.A6LUT,64'h8117177E177E7EE8
u_dut/u_pc0/pc2_a22[2]_i_1,LUT6,SLICE_X10Y217,SLICEM.C6LUT,64'hFEE8E880E8808000
u_dut/u_pc0/pc2_a22_reg[0],FDRE,SLICE_X11Y218,SLICEL.AFF,1'b0
u_dut/u_pc0/pc2_a22_reg[1],FDRE,SLICE_X10Y218,SLICEM.AFF,1'b0
u_dut/u_pc0/pc2_a22_reg[2],FDRE,SLICE_X10Y217,SLICEM.CFF,1'b0
u_dut/u_pc0/pc2_a23[0]_i_1,LUT6,SLICE_X11Y217,SLICEL.B6LUT,64'h6996966996696996
u_dut/u_pc0/pc2_a23[1]_i_1,LUT6,SLICE_X10Y217,SLICEM.D6LUT,64'h8117177E177E7EE8
u_dut/u_pc0/pc2_a23[2]_i_1,LUT6,SLICE_X9Y217,SLICEL.A6LUT,64'hFEE8E880E8808000
u_dut/u_pc0/pc2_a23_reg[0],FDRE,SLICE_X11Y217,SLICEL.BFF,1'b0
u_dut/u_pc0/pc2_a23_reg[1],FDRE,SLICE_X10Y217,SLICEM.DFF,1'b0
u_dut/u_pc0/pc2_a23_reg[2],FDRE,SLICE_X9Y217,SLICEL.AFF,1'b0
u_dut/u_pc0/pc2_a24[0]_i_1,LUT6,SLICE_X18Y215,SLICEM.A6LUT,64'h6996966996696996
u_dut/u_pc0/pc2_a24[1]_i_1,LUT6,SLICE_X17Y213,SLICEL.A6LUT,64'h8117177E177E7EE8
u_dut/u_pc0/pc2_a24[2]_i_1,LUT6,SLICE_X17Y215,SLICEL.A6LUT,64'hFEE8E880E8808000
u_dut/u_pc0/pc2_a24_reg[0],FDRE,SLICE_X18Y215,SLICEM.AFF,1'b0
u_dut/u_pc0/pc2_a24_reg[1],FDRE,SLICE_X17Y213,SLICEL.AFF,1'b0
u_dut/u_pc0/pc2_a24_reg[2],FDRE,SLICE_X17Y215,SLICEL.AFF,1'b0
u_dut/u_pc0/pc2_a25[0]_i_1,LUT6,SLICE_X21Y215,SLICEL.A6LUT,64'h6996966996696996
u_dut/u_pc0/pc2_a25[1]_i_1,LUT6,SLICE_X21Y213,SLICEL.A6LUT,64'h8117177E177E7EE8
u_dut/u_pc0/pc2_a25[2]_i_1,LUT6,SLICE_X20Y215,SLICEM.A6LUT,64'hFEE8E880E8808000
u_dut/u_pc0/pc2_a25_reg[0],FDRE,SLICE_X21Y215,SLICEL.AFF,1'b0
u_dut/u_pc0/pc2_a25_reg[1],FDRE,SLICE_X21Y213,SLICEL.AFF,1'b0
u_dut/u_pc0/pc2_a25_reg[2],FDRE,SLICE_X20Y215,SLICEM.AFF,1'b0
u_dut/u_pc0/pc2_a26[0]_i_1,LUT6,SLICE_X18Y215,SLICEM.B6LUT,64'h6996966996696996
u_dut/u_pc0/pc2_a26[1]_i_1,LUT6,SLICE_X17Y212,SLICEL.A6LUT,64'h8117177E177E7EE8
u_dut/u_pc0/pc2_a26[2]_i_1,LUT6,SLICE_X16Y215,SLICEM.A6LUT,64'hFEE8E880E8808000
u_dut/u_pc0/pc2_a26_reg[0],FDRE,SLICE_X18Y215,SLICEM.BFF,1'b0
u_dut/u_pc0/pc2_a26_reg[1],FDRE,SLICE_X17Y212,SLICEL.AFF,1'b0
u_dut/u_pc0/pc2_a26_reg[2],FDRE,SLICE_X16Y215,SLICEM.AFF,1'b0
u_dut/u_pc0/pc2_a27[0]_i_1,LUT6,SLICE_X19Y215,SLICEL.A6LUT,64'h6996966996696996
u_dut/u_pc0/pc2_a27[1]_i_1,LUT6,SLICE_X18Y216,SLICEM.A6LUT,64'h8117177E177E7EE8
u_dut/u_pc0/pc2_a27[2]_i_1,LUT6,SLICE_X16Y215,SLICEM.B6LUT,64'hFEE8E880E8808000
u_dut/u_pc0/pc2_a27_reg[0],FDRE,SLICE_X19Y215,SLICEL.AFF,1'b0
u_dut/u_pc0/pc2_a27_reg[1],FDRE,SLICE_X18Y216,SLICEM.AFF,1'b0
u_dut/u_pc0/pc2_a27_reg[2],FDRE,SLICE_X16Y215,SLICEM.BFF,1'b0
u_dut/u_pc0/pc2_a28[0]_i_1,LUT6,SLICE_X14Y218,SLICEM.A6LUT,64'h6996966996696996
u_dut/u_pc0/pc2_a28[1]_i_1,LUT6,SLICE_X14Y218,SLICEM.B6LUT,64'h8117177E177E7EE8
u_dut/u_pc0/pc2_a28[2]_i_1,LUT6,SLICE_X15Y219,SLICEL.A6LUT,64'hFEE8E880E8808000
u_dut/u_pc0/pc2_a28_reg[0],FDRE,SLICE_X14Y218,SLICEM.AFF,1'b0
u_dut/u_pc0/pc2_a28_reg[1],FDRE,SLICE_X14Y218,SLICEM.BFF,1'b0
u_dut/u_pc0/pc2_a28_reg[2],FDRE,SLICE_X15Y219,SLICEL.AFF,1'b0
u_dut/u_pc0/pc2_a29[0]_i_1,LUT6,SLICE_X15Y218,SLICEL.A6LUT,64'h6996966996696996
u_dut/u_pc0/pc2_a29[1]_i_1,LUT6,SLICE_X16Y220,SLICEM.B6LUT,64'h8117177E177E7EE8
u_dut/u_pc0/pc2_a29[2]_i_1,LUT6,SLICE_X16Y220,SLICEM.C6LUT,64'hFEE8E880E8808000
u_dut/u_pc0/pc2_a29_reg[0],FDRE,SLICE_X15Y218,SLICEL.AFF,1'b0
u_dut/u_pc0/pc2_a29_reg[1],FDRE,SLICE_X16Y220,SLICEM.BFF,1'b0
u_dut/u_pc0/pc2_a29_reg[2],FDRE,SLICE_X16Y220,SLICEM.CFF,1'b0
u_dut/u_pc0/pc2_a2[0]_i_1,LUT6,SLICE_X45Y212,SLICEL.A6LUT,64'h6996966996696996
u_dut/u_pc0/pc2_a2[1]_i_1,LUT6,SLICE_X44Y212,SLICEL.A6LUT,64'h8117177E177E7EE8
u_dut/u_pc0/pc2_a2[2]_i_1,LUT6,SLICE_X41Y212,SLICEL.A6LUT,64'hFEE8E880E8808000
u_dut/u_pc0/pc2_a2_reg[0],FDRE,SLICE_X45Y212,SLICEL.AFF,1'b0
u_dut/u_pc0/pc2_a2_reg[1],FDRE,SLICE_X44Y212,SLICEL.AFF,1'b0
u_dut/u_pc0/pc2_a2_reg[2],FDRE,SLICE_X41Y212,SLICEL.AFF,1'b0
u_dut/u_pc0/pc2_a30[0]_i_1,LUT6,SLICE_X16Y219,SLICEM.A6LUT,64'h6996966996696996
u_dut/u_pc0/pc2_a30[1]_i_1,LUT6,SLICE_X16Y219,SLICEM.B6LUT,64'h8117177E177E7EE8
u_dut/u_pc0/pc2_a30[2]_i_1,LUT6,SLICE_X17Y219,SLICEL.A6LUT,64'hFEE8E880E8808000
u_dut/u_pc0/pc2_a30_reg[0],FDRE,SLICE_X16Y219,SLICEM.AFF,1'b0
u_dut/u_pc0/pc2_a30_reg[1],FDRE,SLICE_X16Y219,SLICEM.BFF,1'b0
u_dut/u_pc0/pc2_a30_reg[2],FDRE,SLICE_X17Y219,SLICEL.AFF,1'b0
u_dut/u_pc0/pc2_a31[0]_i_1,LUT6,SLICE_X17Y218,SLICEL.A6LUT,64'h6996966996696996
u_dut/u_pc0/pc2_a31[1]_i_1,LUT6,SLICE_X17Y217,SLICEL.A6LUT,64'h8117177E177E7EE8
u_dut/u_pc0/pc2_a31[2]_i_1,LUT6,SLICE_X17Y218,SLICEL.B6LUT,64'hFEE8E880E8808000
u_dut/u_pc0/pc2_a31_reg[0],FDRE,SLICE_X17Y218,SLICEL.AFF,1'b0
u_dut/u_pc0/pc2_a31_reg[1],FDRE,SLICE_X17Y217,SLICEL.AFF,1'b0
u_dut/u_pc0/pc2_a31_reg[2],FDRE,SLICE_X17Y218,SLICEL.BFF,1'b0
u_dut/u_pc0/pc2_a32[0]_i_1,LUT6,SLICE_X32Y214,SLICEL.C6LUT,64'h6996966996696996
u_dut/u_pc0/pc2_a32[1]_i_1,LUT6,SLICE_X32Y214,SLICEL.D6LUT,64'h8117177E177E7EE8
u_dut/u_pc0/pc2_a32[2]_i_1,LUT6,SLICE_X31Y213,SLICEL.B6LUT,64'hFEE8E880E8808000
u_dut/u_pc0/pc2_a32_reg[0],FDRE,SLICE_X32Y214,SLICEL.CFF,1'b0
u_dut/u_pc0/pc2_a32_reg[1],FDRE,SLICE_X32Y214,SLICEL.DFF,1'b0
u_dut/u_pc0/pc2_a32_reg[2],FDRE,SLICE_X31Y213,SLICEL.BFF,1'b0
u_dut/u_pc0/pc2_a33[0]_i_1,LUT2,SLICE_X30Y214,SLICEL.B6LUT,4'h6
u_dut/u_pc0/pc2_a33[1]_i_1,LUT2,SLICE_X30Y214,SLICEL.B5LUT,4'h8
u_dut/u_pc0/pc2_a33_reg[0],FDRE,SLICE_X30Y214,SLICEL.BFF,1'b0
u_dut/u_pc0/pc2_a33_reg[1],FDRE,SLICE_X30Y214,SLICEL.B5FF,1'b0
u_dut/u_pc0/pc2_a3[0]_i_1,LUT6,SLICE_X45Y212,SLICEL.B6LUT,64'h6996966996696996
u_dut/u_pc0/pc2_a3[1]_i_1,LUT6,SLICE_X44Y212,SLICEL.B6LUT,64'h8117177E177E7EE8
u_dut/u_pc0/pc2_a3[2]_i_1,LUT6,SLICE_X45Y212,SLICEL.C6LUT,64'hFEE8E880E8808000
u_dut/u_pc0/pc2_a3_reg[0],FDRE,SLICE_X45Y212,SLICEL.BFF,1'b0
u_dut/u_pc0/pc2_a3_reg[1],FDRE,SLICE_X44Y212,SLICEL.BFF,1'b0
u_dut/u_pc0/pc2_a3_reg[2],FDRE,SLICE_X45Y212,SLICEL.CFF,1'b0
u_dut/u_pc0/pc2_a4[0]_i_1,LUT6,SLICE_X40Y213,SLICEL.A6LUT,64'h6996966996696996
u_dut/u_pc0/pc2_a4[1]_i_1,LUT6,SLICE_X40Y214,SLICEL.A6LUT,64'h8117177E177E7EE8
u_dut/u_pc0/pc2_a4[2]_i_1,LUT6,SLICE_X41Y214,SLICEL.A6LUT,64'hFEE8E880E8808000
u_dut/u_pc0/pc2_a4_reg[0],FDRE,SLICE_X40Y213,SLICEL.AFF,1'b0
u_dut/u_pc0/pc2_a4_reg[1],FDRE,SLICE_X40Y214,SLICEL.AFF,1'b0
u_dut/u_pc0/pc2_a4_reg[2],FDRE,SLICE_X41Y214,SLICEL.AFF,1'b0
u_dut/u_pc0/pc2_a5[0]_i_1,LUT6,SLICE_X40Y212,SLICEL.A6LUT,64'h6996966996696996
u_dut/u_pc0/pc2_a5[1]_i_1,LUT6,SLICE_X39Y212,SLICEL.A6LUT,64'h8117177E177E7EE8
u_dut/u_pc0/pc2_a5[2]_i_1,LUT6,SLICE_X41Y215,SLICEL.C6LUT,64'hFEE8E880E8808000
u_dut/u_pc0/pc2_a5_reg[0],FDRE,SLICE_X40Y212,SLICEL.AFF,1'b0
u_dut/u_pc0/pc2_a5_reg[1],FDRE,SLICE_X39Y212,SLICEL.AFF,1'b0
u_dut/u_pc0/pc2_a5_reg[2],FDRE,SLICE_X41Y215,SLICEL.CFF,1'b0
u_dut/u_pc0/pc2_a6[0]_i_1,LUT6,SLICE_X40Y213,SLICEL.B6LUT,64'h6996966996696996
u_dut/u_pc0/pc2_a6[1]_i_1,LUT6,SLICE_X41Y213,SLICEL.A6LUT,64'h8117177E177E7EE8
u_dut/u_pc0/pc2_a6[2]_i_1,LUT6,SLICE_X43Y214,SLICEL.A6LUT,64'hFEE8E880E8808000
u_dut/u_pc0/pc2_a6_reg[0],FDRE,SLICE_X40Y213,SLICEL.BFF,1'b0
u_dut/u_pc0/pc2_a6_reg[1],FDRE,SLICE_X41Y213,SLICEL.AFF,1'b0
u_dut/u_pc0/pc2_a6_reg[2],FDRE,SLICE_X43Y214,SLICEL.AFF,1'b0
u_dut/u_pc0/pc2_a7[0]_i_1,LUT6,SLICE_X39Y214,SLICEL.A6LUT,64'h6996966996696996
u_dut/u_pc0/pc2_a7[1]_i_1,LUT6,SLICE_X41Y215,SLICEL.D6LUT,64'h8117177E177E7EE8
u_dut/u_pc0/pc2_a7[2]_i_1,LUT6,SLICE_X43Y214,SLICEL.B6LUT,64'hFEE8E880E8808000
u_dut/u_pc0/pc2_a7_reg[0],FDRE,SLICE_X39Y214,SLICEL.AFF,1'b0
u_dut/u_pc0/pc2_a7_reg[1],FDRE,SLICE_X41Y215,SLICEL.DFF,1'b0
u_dut/u_pc0/pc2_a7_reg[2],FDRE,SLICE_X43Y214,SLICEL.BFF,1'b0
u_dut/u_pc0/pc2_a8[0]_i_1,LUT6,SLICE_X40Y209,SLICEL.B6LUT,64'h6996966996696996
u_dut/u_pc0/pc2_a8[1]_i_1,LUT6,SLICE_X41Y209,SLICEL.B6LUT,64'h8117177E177E7EE8
u_dut/u_pc0/pc2_a8[2]_i_1,LUT6,SLICE_X41Y209,SLICEL.C6LUT,64'hFEE8E880E8808000
u_dut/u_pc0/pc2_a8_reg[0],FDRE,SLICE_X40Y209,SLICEL.BFF,1'b0
u_dut/u_pc0/pc2_a8_reg[1],FDRE,SLICE_X41Y209,SLICEL.BFF,1'b0
u_dut/u_pc0/pc2_a8_reg[2],FDRE,SLICE_X41Y209,SLICEL.CFF,1'b0
u_dut/u_pc0/pc2_a9[0]_i_1,LUT6,SLICE_X39Y209,SLICEL.B6LUT,64'h6996966996696996
u_dut/u_pc0/pc2_a9[1]_i_1,LUT6,SLICE_X43Y209,SLICEL.A6LUT,64'h8117177E177E7EE8
u_dut/u_pc0/pc2_a9[2]_i_1,LUT6,SLICE_X44Y209,SLICEL.B6LUT,64'hFEE8E880E8808000
u_dut/u_pc0/pc2_a9_reg[0],FDRE,SLICE_X39Y209,SLICEL.BFF,1'b0
u_dut/u_pc0/pc2_a9_reg[1],FDRE,SLICE_X43Y209,SLICEL.AFF,1'b0
u_dut/u_pc0/pc2_a9_reg[2],FDRE,SLICE_X44Y209,SLICEL.BFF,1'b0
u_dut/u_pc0/pc2_r2_0[0]_i_1,LUT4,SLICE_X44Y212,SLICEL.C6LUT,16'h6996
u_dut/u_pc0/pc2_r2_0[1]_i_1,LUT5,SLICE_X44Y212,SLICEL.D6LUT,32'h81177EE8
u_dut/u_pc0/pc2_r2_0[1]_i_2,LUT4,SLICE_X43Y212,SLICEL.B6LUT,16'h6996
u_dut/u_pc0/pc2_r2_0[2]_i_1,LUT6,SLICE_X43Y212,SLICEL.C6LUT,64'h9669699666666666
u_dut/u_pc0/pc2_r2_0[2]_i_2,LUT5,SLICE_X44Y212,SLICEL.D5LUT,32'hFEE88000
u_dut/u_pc0/pc2_r2_0[2]_i_3,LUT5,SLICE_X42Y212,SLICEM.D6LUT,32'h96696996
u_dut/u_pc0/pc2_r2_0[3]_i_1,LUT6,SLICE_X42Y212,SLICEM.B6LUT,64'hA99595569556566A
u_dut/u_pc0/pc2_r2_0[4]_i_1,LUT6,SLICE_X42Y212,SLICEM.C6LUT,64'hFEEAEAA8EAA8A880
u_dut/u_pc0/pc2_r2_0[4]_i_2,LUT6,SLICE_X43Y212,SLICEL.D6LUT,64'hEBBEAAAA82280000
u_dut/u_pc0/pc2_r2_0[4]_i_3,LUT3,SLICE_X43Y212,SLICEL.B5LUT,8'hE8
u_dut/u_pc0/pc2_r2_0_reg[0],FDRE,SLICE_X44Y212,SLICEL.CFF,1'b0
u_dut/u_pc0/pc2_r2_0_reg[1],FDRE,SLICE_X39Y212,SLICEL.A5FF,1'b0
u_dut/u_pc0/pc2_r2_0_reg[2],FDRE,SLICE_X43Y212,SLICEL.CFF,1'b0
u_dut/u_pc0/pc2_r2_0_reg[3],FDRE,SLICE_X42Y212,SLICEM.BFF,1'b0
u_dut/u_pc0/pc2_r2_0_reg[4],FDRE,SLICE_X42Y212,SLICEM.CFF,1'b0
u_dut/u_pc0/pc2_r2_1[0]_i_1,LUT4,SLICE_X40Y212,SLICEL.B6LUT,16'h6996
u_dut/u_pc0/pc2_r2_1[1]_i_1,LUT5,SLICE_X40Y212,SLICEL.C6LUT,32'h81177EE8
u_dut/u_pc0/pc2_r2_1[1]_i_2,LUT4,SLICE_X40Y214,SLICEL.B6LUT,16'h6996
u_dut/u_pc0/pc2_r2_1[2]_i_1,LUT6,SLICE_X40Y214,SLICEL.C6LUT,64'h9669699666666666
u_dut/u_pc0/pc2_r2_1[2]_i_2,LUT5,SLICE_X40Y212,SLICEL.C5LUT,32'hFEE88000
u_dut/u_pc0/pc2_r2_1[2]_i_3,LUT5,SLICE_X41Y214,SLICEL.D6LUT,32'h96696996
u_dut/u_pc0/pc2_r2_1[3]_i_1,LUT6,SLICE_X41Y214,SLICEL.B6LUT,64'hA99595569556566A
u_dut/u_pc0/pc2_r2_1[4]_i_1,LUT6,SLICE_X41Y214,SLICEL.C6LUT,64'hFEEAEAA8EAA8A880
u_dut/u_pc0/pc2_r2_1[4]_i_2,LUT6,SLICE_X40Y214,SLICEL.D6LUT,64'hEBBEAAAA82280000
u_dut/u_pc0/pc2_r2_1[4]_i_3,LUT3,SLICE_X40Y214,SLICEL.B5LUT,8'hE8
u_dut/u_pc0/pc2_r2_1_reg[0],FDRE,SLICE_X40Y212,SLICEL.BFF,1'b0
u_dut/u_pc0/pc2_r2_1_reg[1],FDRE,SLICE_X39Y212,SLICEL.BFF,1'b0
u_dut/u_pc0/pc2_r2_1_reg[2],FDRE,SLICE_X40Y214,SLICEL.CFF,1'b0
u_dut/u_pc0/pc2_r2_1_reg[3],FDRE,SLICE_X41Y214,SLICEL.BFF,1'b0
u_dut/u_pc0/pc2_r2_1_reg[4],FDRE,SLICE_X41Y214,SLICEL.CFF,1'b0
u_dut/u_pc0/pc2_r2_2[0]_i_1,LUT4,SLICE_X39Y209,SLICEL.C6LUT,16'h6996
u_dut/u_pc0/pc2_r2_2[1]_i_1,LUT5,SLICE_X39Y209,SLICEL.D6LUT,32'h81177EE8
u_dut/u_pc0/pc2_r2_2[1]_i_2,LUT4,SLICE_X43Y209,SLICEL.B6LUT,16'h6996
u_dut/u_pc0/pc2_r2_2[2]_i_1,LUT6,SLICE_X43Y209,SLICEL.C6LUT,64'h9669699666666666
u_dut/u_pc0/pc2_r2_2[2]_i_2,LUT5,SLICE_X39Y209,SLICEL.D5LUT,32'hFEE88000
u_dut/u_pc0/pc2_r2_2[2]_i_3,LUT5,SLICE_X42Y209,SLICEM.D6LUT,32'h96696996
u_dut/u_pc0/pc2_r2_2[3]_i_1,LUT6,SLICE_X42Y209,SLICEM.B6LUT,64'hA99595569556566A
u_dut/u_pc0/pc2_r2_2[4]_i_1,LUT6,SLICE_X42Y209,SLICEM.C6LUT,64'hFEEAEAA8EAA8A880
u_dut/u_pc0/pc2_r2_2[4]_i_2,LUT6,SLICE_X43Y209,SLICEL.D6LUT,64'hEBBEAAAA82280000
u_dut/u_pc0/pc2_r2_2[4]_i_3,LUT3,SLICE_X43Y209,SLICEL.B5LUT,8'hE8
u_dut/u_pc0/pc2_r2_2_reg[0],FDRE,SLICE_X39Y209,SLICEL.CFF,1'b0
u_dut/u_pc0/pc2_r2_2_reg[1],FDRE,SLICE_X39Y209,SLICEL.A5FF,1'b0
u_dut/u_pc0/pc2_r2_2_reg[2],FDRE,SLICE_X43Y209,SLICEL.CFF,1'b0
u_dut/u_pc0/pc2_r2_2_reg[3],FDRE,SLICE_X42Y209,SLICEM.BFF,1'b0
u_dut/u_pc0/pc2_r2_2_reg[4],FDRE,SLICE_X42Y209,SLICEM.CFF,1'b0
u_dut/u_pc0/pc2_r2_3[0]_i_1,LUT4,SLICE_X34Y211,SLICEL.B6LUT,16'h6996
u_dut/u_pc0/pc2_r2_3[1]_i_1,LUT5,SLICE_X34Y211,SLICEL.C6LUT,32'h81177EE8
u_dut/u_pc0/pc2_r2_3[1]_i_2,LUT4,SLICE_X32Y211,SLICEL.B6LUT,16'h6996
u_dut/u_pc0/pc2_r2_3[2]_i_1,LUT6,SLICE_X32Y211,SLICEL.C6LUT,64'h9669699666666666
u_dut/u_pc0/pc2_r2_3[2]_i_2,LUT5,SLICE_X34Y211,SLICEL.C5LUT,32'hFEE88000
u_dut/u_pc0/pc2_r2_3[2]_i_3,LUT5,SLICE_X32Y213,SLICEL.D6LUT,32'h96696996
u_dut/u_pc0/pc2_r2_3[3]_i_1,LUT6,SLICE_X32Y213,SLICEL.B6LUT,64'hA99595569556566A
u_dut/u_pc0/pc2_r2_3[4]_i_1,LUT6,SLICE_X32Y213,SLICEL.C6LUT,64'hFEEAEAA8EAA8A880
u_dut/u_pc0/pc2_r2_3[4]_i_2,LUT6,SLICE_X32Y211,SLICEL.D6LUT,64'hEBBEAAAA82280000
u_dut/u_pc0/pc2_r2_3[4]_i_3,LUT3,SLICE_X32Y211,SLICEL.B5LUT,8'hE8
u_dut/u_pc0/pc2_r2_3_reg[0],FDRE,SLICE_X34Y211,SLICEL.BFF,1'b0
u_dut/u_pc0/pc2_r2_3_reg[1],FDRE,SLICE_X34Y211,SLICEL.A5FF,1'b0
u_dut/u_pc0/pc2_r2_3_reg[2],FDRE,SLICE_X32Y211,SLICEL.CFF,1'b0
u_dut/u_pc0/pc2_r2_3_reg[3],FDRE,SLICE_X32Y213,SLICEL.BFF,1'b0
u_dut/u_pc0/pc2_r2_3_reg[4],FDRE,SLICE_X32Y213,SLICEL.CFF,1'b0
u_dut/u_pc0/pc2_r2_4[0]_i_1,LUT4,SLICE_X17Y211,SLICEL.B6LUT,16'h6996
u_dut/u_pc0/pc2_r2_4[1]_i_1,LUT5,SLICE_X17Y211,SLICEL.C6LUT,32'h81177EE8
u_dut/u_pc0/pc2_r2_4[1]_i_2,LUT4,SLICE_X17Y210,SLICEL.B6LUT,16'h6996
u_dut/u_pc0/pc2_r2_4[2]_i_1,LUT6,SLICE_X17Y210,SLICEL.C6LUT,64'h9669699666666666
u_dut/u_pc0/pc2_r2_4[2]_i_2,LUT5,SLICE_X17Y211,SLICEL.C5LUT,32'hFEE88000
u_dut/u_pc0/pc2_r2_4[2]_i_3,LUT5,SLICE_X16Y211,SLICEM.D6LUT,32'h96696996
u_dut/u_pc0/pc2_r2_4[3]_i_1,LUT6,SLICE_X16Y211,SLICEM.B6LUT,64'hA99595569556566A
u_dut/u_pc0/pc2_r2_4[4]_i_1,LUT6,SLICE_X16Y211,SLICEM.C6LUT,64'hFEEAEAA8EAA8A880
u_dut/u_pc0/pc2_r2_4[4]_i_2,LUT6,SLICE_X17Y210,SLICEL.D6LUT,64'hEBBEAAAA82280000
u_dut/u_pc0/pc2_r2_4[4]_i_3,LUT3,SLICE_X17Y210,SLICEL.B5LUT,8'hE8
u_dut/u_pc0/pc2_r2_4_reg[0],FDRE,SLICE_X17Y211,SLICEL.BFF,1'b0
u_dut/u_pc0/pc2_r2_4_reg[1],FDRE,SLICE_X17Y214,SLICEL.A5FF,1'b0
u_dut/u_pc0/pc2_r2_4_reg[2],FDRE,SLICE_X17Y210,SLICEL.CFF,1'b0
u_dut/u_pc0/pc2_r2_4_reg[3],FDRE,SLICE_X16Y211,SLICEM.BFF,1'b0
u_dut/u_pc0/pc2_r2_4_reg[4],FDRE,SLICE_X16Y211,SLICEM.CFF,1'b0
u_dut/u_pc0/pc2_r2_5[0]_i_1,LUT4,SLICE_X11Y218,SLICEL.B6LUT,16'h6996
u_dut/u_pc0/pc2_r2_5[1]_i_1,LUT5,SLICE_X11Y218,SLICEL.C6LUT,32'h81177EE8
u_dut/u_pc0/pc2_r2_5[1]_i_2,LUT4,SLICE_X9Y218,SLICEL.A6LUT,16'h6996
u_dut/u_pc0/pc2_r2_5[2]_i_1,LUT6,SLICE_X9Y218,SLICEL.B6LUT,64'h9669699666666666
u_dut/u_pc0/pc2_r2_5[2]_i_2,LUT5,SLICE_X11Y218,SLICEL.C5LUT,32'hFEE88000
u_dut/u_pc0/pc2_r2_5[2]_i_3,LUT5,SLICE_X10Y218,SLICEM.D6LUT,32'h96696996
u_dut/u_pc0/pc2_r2_5[3]_i_1,LUT6,SLICE_X10Y218,SLICEM.B6LUT,64'hA99595569556566A
u_dut/u_pc0/pc2_r2_5[4]_i_1,LUT6,SLICE_X10Y218,SLICEM.C6LUT,64'hFEEAEAA8EAA8A880
u_dut/u_pc0/pc2_r2_5[4]_i_2,LUT6,SLICE_X9Y218,SLICEL.C6LUT,64'hEBBEAAAA82280000
u_dut/u_pc0/pc2_r2_5[4]_i_3,LUT3,SLICE_X9Y218,SLICEL.A5LUT,8'hE8
u_dut/u_pc0/pc2_r2_5_reg[0],FDRE,SLICE_X11Y218,SLICEL.BFF,1'b0
u_dut/u_pc0/pc2_r2_5_reg[1],FDRE,SLICE_X11Y218,SLICEL.A5FF,1'b0
u_dut/u_pc0/pc2_r2_5_reg[2],FDRE,SLICE_X9Y218,SLICEL.BFF,1'b0
u_dut/u_pc0/pc2_r2_5_reg[3],FDRE,SLICE_X10Y218,SLICEM.BFF,1'b0
u_dut/u_pc0/pc2_r2_5_reg[4],FDRE,SLICE_X10Y218,SLICEM.CFF,1'b0
u_dut/u_pc0/pc2_r2_6[0]_i_1,LUT4,SLICE_X18Y215,SLICEM.C6LUT,16'h6996
u_dut/u_pc0/pc2_r2_6[1]_i_1,LUT5,SLICE_X18Y215,SLICEM.D6LUT,32'h81177EE8
u_dut/u_pc0/pc2_r2_6[1]_i_2,LUT4,SLICE_X17Y213,SLICEL.B6LUT,16'h6996
u_dut/u_pc0/pc2_r2_6[2]_i_1,LUT6,SLICE_X17Y213,SLICEL.C6LUT,64'h9669699666666666
u_dut/u_pc0/pc2_r2_6[2]_i_2,LUT5,SLICE_X18Y215,SLICEM.D5LUT,32'hFEE88000
u_dut/u_pc0/pc2_r2_6[2]_i_3,LUT5,SLICE_X16Y215,SLICEM.D6LUT,32'h96696996
u_dut/u_pc0/pc2_r2_6[3]_i_1,LUT6,SLICE_X17Y215,SLICEL.B6LUT,64'hA99595569556566A
u_dut/u_pc0/pc2_r2_6[4]_i_1,LUT6,SLICE_X17Y215,SLICEL.C6LUT,64'hFEEAEAA8EAA8A880
u_dut/u_pc0/pc2_r2_6[4]_i_2,LUT6,SLICE_X17Y213,SLICEL.D6LUT,64'hEBBEAAAA82280000
u_dut/u_pc0/pc2_r2_6[4]_i_3,LUT3,SLICE_X17Y213,SLICEL.B5LUT,8'hE8
u_dut/u_pc0/pc2_r2_6_reg[0],FDRE,SLICE_X18Y215,SLICEM.CFF,1'b0
u_dut/u_pc0/pc2_r2_6_reg[1],FDRE,SLICE_X16Y215,SLICEM.A5FF,1'b0
u_dut/u_pc0/pc2_r2_6_reg[2],FDRE,SLICE_X17Y213,SLICEL.CFF,1'b0
u_dut/u_pc0/pc2_r2_6_reg[3],FDRE,SLICE_X17Y215,SLICEL.BFF,1'b0
u_dut/u_pc0/pc2_r2_6_reg[4],FDRE,SLICE_X17Y215,SLICEL.CFF,1'b0
u_dut/u_pc0/pc2_r2_7[0]_i_1,LUT4,SLICE_X14Y218,SLICEM.C6LUT,16'h6996
u_dut/u_pc0/pc2_r2_7[1]_i_1,LUT5,SLICE_X14Y218,SLICEM.D6LUT,32'h81177EE8
u_dut/u_pc0/pc2_r2_7[1]_i_2,LUT4,SLICE_X16Y218,SLICEM.A6LUT,16'h6996
u_dut/u_pc0/pc2_r2_7[2]_i_1,LUT6,SLICE_X16Y218,SLICEM.B6LUT,64'h9669699666666666
u_dut/u_pc0/pc2_r2_7[2]_i_2,LUT5,SLICE_X14Y218,SLICEM.D5LUT,32'hFEE88000
u_dut/u_pc0/pc2_r2_7[2]_i_3,LUT5,SLICE_X16Y218,SLICEM.D6LUT,32'h96696996
u_dut/u_pc0/pc2_r2_7[3]_i_1,LUT6,SLICE_X17Y218,SLICEL.C6LUT,64'hA99595569556566A
u_dut/u_pc0/pc2_r2_7[4]_i_1,LUT6,SLICE_X17Y218,SLICEL.D6LUT,64'hFEEAEAA8EAA8A880
u_dut/u_pc0/pc2_r2_7[4]_i_2,LUT6,SLICE_X16Y218,SLICEM.C6LUT,64'hEBBEAAAA82280000
u_dut/u_pc0/pc2_r2_7[4]_i_3,LUT3,SLICE_X16Y218,SLICEM.A5LUT,8'hE8
u_dut/u_pc0/pc2_r2_7_reg[0],FDRE,SLICE_X14Y218,SLICEM.CFF,1'b0
u_dut/u_pc0/pc2_r2_7_reg[1],FDRE,SLICE_X17Y216,SLICEL.AFF,1'b0
u_dut/u_pc0/pc2_r2_7_reg[2],FDRE,SLICE_X16Y218,SLICEM.BFF,1'b0
u_dut/u_pc0/pc2_r2_7_reg[3],FDRE,SLICE_X17Y218,SLICEL.CFF,1'b0
u_dut/u_pc0/pc2_r2_7_reg[4],FDRE,SLICE_X17Y218,SLICEL.DFF,1'b0
u_dut/u_pc0/pc2_r2_8[0]_i_1,LUT2,SLICE_X30Y214,SLICEL.C6LUT,4'h6
u_dut/u_pc0/pc2_r2_8[1]_i_1,LUT4,SLICE_X30Y214,SLICEL.C5LUT,16'h8778
u_dut/u_pc0/pc2_r2_8[2]_i_1,LUT5,SLICE_X30Y214,SLICEL.D6LUT,32'h077FF880
u_dut/u_pc0/pc2_r2_8[3]_i_1,LUT5,SLICE_X30Y214,SLICEL.D5LUT,32'hAA808000
u_dut/u_pc0/pc2_r2_8_reg[0],FDRE,SLICE_X30Y214,SLICEL.CFF,1'b0
u_dut/u_pc0/pc2_r2_8_reg[1],FDRE,SLICE_X30Y214,SLICEL.C5FF,1'b0
u_dut/u_pc0/pc2_r2_8_reg[2],FDRE,SLICE_X30Y214,SLICEL.DFF,1'b0
u_dut/u_pc0/pc2_r2_8_reg[3],FDRE,SLICE_X30Y214,SLICEL.D5FF,1'b0
u_dut/u_pc0/pc2_r4_0[3]_i_2,LUT5,SLICE_X39Y212,SLICEL.C6LUT,32'hEEE8E888
u_dut/u_pc0/pc2_r4_0[3]_i_3,LUT5,SLICE_X39Y212,SLICEL.C5LUT,32'hE81717E8
u_dut/u_pc0/pc2_r4_0[3]_i_4,LUT4,SLICE_X39Y212,SLICEL.D6LUT,16'h6996
u_dut/u_pc0/pc2_r4_0[3]_i_5,LUT6,SLICE_X38Y212,SLICEM.D6LUT,64'h6969699669969696
u_dut/u_pc0/pc2_r4_0[3]_i_6,LUT6,SLICE_X38Y212,SLICEM.C6LUT,64'h6999999699969666
u_dut/u_pc0/pc2_r4_0[3]_i_7,LUT4,SLICE_X38Y212,SLICEM.B6LUT,16'h566A
u_dut/u_pc0/pc2_r4_0[3]_i_8,LUT4,SLICE_X38Y212,SLICEM.A6LUT,16'h6996
u_dut/u_pc0/pc2_r4_0[3]_i_9,LUT3,SLICE_X39Y212,SLICEL.B6LUT,8'h96
u_dut/u_pc0/pc2_r4_0[6]_i_2,LUT5,SLICE_X39Y213,SLICEL.D6LUT,32'hEEE8E888
u_dut/u_pc0/pc2_r4_0[6]_i_3,LUT5,SLICE_X39Y212,SLICEL.B5LUT,32'hEEE8E888
u_dut/u_pc0/pc2_r4_0[6]_i_4,LUT5,SLICE_X38Y213,SLICEM.B6LUT,32'h177E7EE8
u_dut/u_pc0/pc2_r4_0[6]_i_5,LUT6,SLICE_X38Y213,SLICEM.A6LUT,64'h6969699669969696
u_dut/u_pc0/pc2_r4_0[6]_i_6,LUT3,SLICE_X40Y213,SLICEL.D6LUT,8'h96
u_dut/u_pc0/pc2_r4_0[6]_i_7,LUT3,SLICE_X39Y213,SLICEL.C6LUT,8'h96
u_dut/u_pc0/pc2_r4_0[6]_i_8,LUT3,SLICE_X39Y213,SLICEL.C5LUT,8'hE8
u_dut/u_pc0/pc2_r4_0_reg[0],FDRE,SLICE_X38Y212,SLICEM.AFF,1'b0
u_dut/u_pc0/pc2_r4_0_reg[1],FDRE,SLICE_X38Y212,SLICEM.BFF,1'b0
u_dut/u_pc0/pc2_r4_0_reg[2],FDRE,SLICE_X38Y212,SLICEM.CFF,1'b0
u_dut/u_pc0/pc2_r4_0_reg[3],FDRE,SLICE_X38Y212,SLICEM.DFF,1'b0
u_dut/u_pc0/pc2_r4_0_reg[3]_i_1,CARRY4,SLICE_X38Y212,SLICEM.CARRY4,
u_dut/u_pc0/pc2_r4_0_reg[4],FDRE,SLICE_X38Y213,SLICEM.AFF,1'b0
u_dut/u_pc0/pc2_r4_0_reg[5],FDRE,SLICE_X38Y213,SLICEM.BFF,1'b0
u_dut/u_pc0/pc2_r4_0_reg[6],FDRE,SLICE_X38Y213,SLICEM.CFF,1'b0
u_dut/u_pc0/pc2_r4_0_reg[6]_i_1,CARRY4,SLICE_X38Y213,SLICEM.CARRY4,
u_dut/u_pc0/pc2_r4_1[3]_i_2,LUT5,SLICE_X17Y216,SLICEL.B6LUT,32'hEEE8E888
u_dut/u_pc0/pc2_r4_1[3]_i_3,LUT5,SLICE_X17Y216,SLICEL.B5LUT,32'hE81717E8
u_dut/u_pc0/pc2_r4_1[3]_i_4,LUT4,SLICE_X17Y216,SLICEL.C6LUT,16'h6996
u_dut/u_pc0/pc2_r4_1[3]_i_5,LUT6,SLICE_X16Y216,SLICEM.D6LUT,64'h6969699669969696
u_dut/u_pc0/pc2_r4_1[3]_i_6,LUT6,SLICE_X16Y216,SLICEM.C6LUT,64'h6999999699969666
u_dut/u_pc0/pc2_r4_1[3]_i_7,LUT4,SLICE_X16Y216,SLICEM.B6LUT,16'h566A
u_dut/u_pc0/pc2_r4_1[3]_i_8,LUT4,SLICE_X16Y216,SLICEM.A6LUT,16'h6996
u_dut/u_pc0/pc2_r4_1[3]_i_9,LUT3,SLICE_X17Y216,SLICEL.A6LUT,8'h96
u_dut/u_pc0/pc2_r4_1[6]_i_2,LUT5,SLICE_X18Y216,SLICEM.D6LUT,32'hEEE8E888
u_dut/u_pc0/pc2_r4_1[6]_i_3,LUT5,SLICE_X17Y216,SLICEL.A5LUT,32'hEEE8E888
u_dut/u_pc0/pc2_r4_1[6]_i_4,LUT5,SLICE_X16Y217,SLICEM.B6LUT,32'h177E7EE8
u_dut/u_pc0/pc2_r4_1[6]_i_5,LUT6,SLICE_X16Y217,SLICEM.A6LUT,64'h6969699669969696
u_dut/u_pc0/pc2_r4_1[6]_i_6,LUT3,SLICE_X17Y216,SLICEL.D6LUT,8'h96
u_dut/u_pc0/pc2_r4_1[6]_i_7,LUT3,SLICE_X18Y216,SLICEM.B6LUT,8'h96
u_dut/u_pc0/pc2_r4_1[6]_i_8,LUT3,SLICE_X18Y216,SLICEM.B5LUT,8'hE8
u_dut/u_pc0/pc2_r4_1_reg[0],FDRE,SLICE_X16Y216,SLICEM.AFF,1'b0
u_dut/u_pc0/pc2_r4_1_reg[1],FDRE,SLICE_X16Y216,SLICEM.BFF,1'b0
u_dut/u_pc0/pc2_r4_1_reg[2],FDRE,SLICE_X16Y216,SLICEM.CFF,1'b0
u_dut/u_pc0/pc2_r4_1_reg[3],FDRE,SLICE_X16Y216,SLICEM.DFF,1'b0
u_dut/u_pc0/pc2_r4_1_reg[3]_i_1,CARRY4,SLICE_X16Y216,SLICEM.CARRY4,
u_dut/u_pc0/pc2_r4_1_reg[4],FDRE,SLICE_X16Y217,SLICEM.AFF,1'b0
u_dut/u_pc0/pc2_r4_1_reg[5],FDRE,SLICE_X16Y217,SLICEM.BFF,1'b0
u_dut/u_pc0/pc2_r4_1_reg[6],FDRE,SLICE_X16Y217,SLICEM.CFF,1'b0
u_dut/u_pc0/pc2_r4_1_reg[6]_i_1,CARRY4,SLICE_X16Y217,SLICEM.CARRY4,
u_dut/u_pc0/pc2_r4_2_reg[0],FDRE,SLICE_X27Y214,SLICEL.D5FF,1'b0
u_dut/u_pc0/pc2_r4_2_reg[1],FDRE,SLICE_X27Y215,SLICEL.A5FF,1'b0
u_dut/u_pc0/pc2_r4_2_reg[2],FDRE,SLICE_X27Y215,SLICEL.B5FF,1'b0
u_dut/u_pc0/pc2_r4_2_reg[3],FDRE,SLICE_X27Y215,SLICEL.C5FF,1'b0
u_dut/u_pc0/pc2_r6_0[3]_i_2,LUT3,SLICE_X27Y214,SLICEL.C5LUT,8'hE8
u_dut/u_pc0/pc2_r6_0[3]_i_3,LUT3,SLICE_X27Y214,SLICEL.B5LUT,8'hE8
u_dut/u_pc0/pc2_r6_0[3]_i_4,LUT3,SLICE_X27Y214,SLICEL.A5LUT,8'hE8
u_dut/u_pc0/pc2_r6_0[3]_i_5,LUT4,SLICE_X27Y214,SLICEL.D6LUT,16'h6996
u_dut/u_pc0/pc2_r6_0[3]_i_6,LUT4,SLICE_X27Y214,SLICEL.C6LUT,16'h6996
u_dut/u_pc0/pc2_r6_0[3]_i_7,LUT4,SLICE_X27Y214,SLICEL.B6LUT,16'h6996
u_dut/u_pc0/pc2_r6_0[3]_i_8,LUT3,SLICE_X27Y214,SLICEL.A6LUT,8'h96
u_dut/u_pc0/pc2_r6_0[7]_i_2,LUT2,SLICE_X27Y215,SLICEL.C5LUT,4'h8
u_dut/u_pc0/pc2_r6_0[7]_i_3,LUT2,SLICE_X27Y215,SLICEL.B5LUT,4'h8
u_dut/u_pc0/pc2_r6_0[7]_i_4,LUT3,SLICE_X27Y215,SLICEL.A5LUT,8'hE8
u_dut/u_pc0/pc2_r6_0[7]_i_5,LUT2,SLICE_X27Y215,SLICEL.D6LUT,4'h8
u_dut/u_pc0/pc2_r6_0[7]_i_6,LUT4,SLICE_X27Y215,SLICEL.C6LUT,16'h8778
u_dut/u_pc0/pc2_r6_0[7]_i_7,LUT4,SLICE_X27Y215,SLICEL.B6LUT,16'h8778
u_dut/u_pc0/pc2_r6_0[7]_i_8,LUT5,SLICE_X27Y215,SLICEL.A6LUT,32'hE81717E8
u_dut/u_pc0/pc2_r6_0_reg[0],FDRE,SLICE_X27Y214,SLICEL.AFF,1'b0
u_dut/u_pc0/pc2_r6_0_reg[1],FDRE,SLICE_X27Y214,SLICEL.BFF,1'b0
u_dut/u_pc0/pc2_r6_0_reg[2],FDRE,SLICE_X27Y214,SLICEL.CFF,1'b0
u_dut/u_pc0/pc2_r6_0_reg[3],FDRE,SLICE_X27Y214,SLICEL.DFF,1'b0
u_dut/u_pc0/pc2_r6_0_reg[3]_i_1,CARRY4,SLICE_X27Y214,SLICEL.CARRY4,
u_dut/u_pc0/pc2_r6_0_reg[4],FDRE,SLICE_X27Y215,SLICEL.AFF,1'b0
u_dut/u_pc0/pc2_r6_0_reg[5],FDRE,SLICE_X27Y215,SLICEL.BFF,1'b0
u_dut/u_pc0/pc2_r6_0_reg[6],FDRE,SLICE_X27Y215,SLICEL.CFF,1'b0
u_dut/u_pc0/pc2_r6_0_reg[7],FDRE,SLICE_X27Y215,SLICEL.DFF,1'b0
u_dut/u_pc0/pc2_r6_0_reg[7]_i_1,CARRY4,SLICE_X27Y215,SLICEL.CARRY4,
u_dut/u_pc0/pc3_a0[0]_i_1,LUT6,SLICE_X35Y234,SLICEL.A6LUT,64'h6996966996696996
u_dut/u_pc0/pc3_a0[1]_i_1,LUT6,SLICE_X36Y234,SLICEL.A6LUT,64'h8117177E177E7EE8
u_dut/u_pc0/pc3_a0[2]_i_1,LUT6,SLICE_X35Y234,SLICEL.B6LUT,64'hFEE8E880E8808000
u_dut/u_pc0/pc3_a0_reg[0],FDRE,SLICE_X35Y234,SLICEL.AFF,1'b0
u_dut/u_pc0/pc3_a0_reg[1],FDRE,SLICE_X36Y234,SLICEL.AFF,1'b0
u_dut/u_pc0/pc3_a0_reg[2],FDRE,SLICE_X35Y234,SLICEL.BFF,1'b0
u_dut/u_pc0/pc3_a10[0]_i_1,LUT6,SLICE_X38Y247,SLICEM.A6LUT,64'h6996966996696996
u_dut/u_pc0/pc3_a10[1]_i_1,LUT6,SLICE_X38Y247,SLICEM.B6LUT,64'h8117177E177E7EE8
u_dut/u_pc0/pc3_a10[2]_i_1,LUT6,SLICE_X38Y244,SLICEM.A6LUT,64'hFEE8E880E8808000
u_dut/u_pc0/pc3_a10_reg[0],FDRE,SLICE_X38Y247,SLICEM.AFF,1'b0
u_dut/u_pc0/pc3_a10_reg[1],FDRE,SLICE_X38Y247,SLICEM.BFF,1'b0
u_dut/u_pc0/pc3_a10_reg[2],FDRE,SLICE_X38Y244,SLICEM.AFF,1'b0
u_dut/u_pc0/pc3_a11[0]_i_1,LUT6,SLICE_X36Y245,SLICEL.A6LUT,64'h6996966996696996
u_dut/u_pc0/pc3_a11[1]_i_1,LUT6,SLICE_X35Y245,SLICEL.A6LUT,64'h8117177E177E7EE8
u_dut/u_pc0/pc3_a11[2]_i_1,LUT6,SLICE_X35Y245,SLICEL.B6LUT,64'hFEE8E880E8808000
u_dut/u_pc0/pc3_a11_reg[0],FDRE,SLICE_X36Y245,SLICEL.AFF,1'b0
u_dut/u_pc0/pc3_a11_reg[1],FDRE,SLICE_X35Y245,SLICEL.AFF,1'b0
u_dut/u_pc0/pc3_a11_reg[2],FDRE,SLICE_X35Y245,SLICEL.BFF,1'b0
u_dut/u_pc0/pc3_a12[0]_i_1,LUT6,SLICE_X29Y247,SLICEL.A6LUT,64'h6996966996696996
u_dut/u_pc0/pc3_a12[1]_i_1,LUT6,SLICE_X26Y245,SLICEL.A6LUT,64'h8117177E177E7EE8
u_dut/u_pc0/pc3_a12[2]_i_1,LUT6,SLICE_X26Y244,SLICEL.A6LUT,64'hFEE8E880E8808000
u_dut/u_pc0/pc3_a12_reg[0],FDRE,SLICE_X29Y247,SLICEL.AFF,1'b0
u_dut/u_pc0/pc3_a12_reg[1],FDRE,SLICE_X26Y245,SLICEL.AFF,1'b0
u_dut/u_pc0/pc3_a12_reg[2],FDRE,SLICE_X26Y244,SLICEL.AFF,1'b0
u_dut/u_pc0/pc3_a13[0]_i_1,LUT6,SLICE_X30Y247,SLICEL.A6LUT,64'h6996966996696996
u_dut/u_pc0/pc3_a13[1]_i_1,LUT6,SLICE_X27Y245,SLICEL.A6LUT,64'h8117177E177E7EE8
u_dut/u_pc0/pc3_a13[2]_i_1,LUT6,SLICE_X27Y244,SLICEL.A6LUT,64'hFEE8E880E8808000
u_dut/u_pc0/pc3_a13_reg[0],FDRE,SLICE_X30Y247,SLICEL.AFF,1'b0
u_dut/u_pc0/pc3_a13_reg[1],FDRE,SLICE_X27Y245,SLICEL.AFF,1'b0
u_dut/u_pc0/pc3_a13_reg[2],FDRE,SLICE_X27Y244,SLICEL.AFF,1'b0
u_dut/u_pc0/pc3_a14[0]_i_1,LUT6,SLICE_X30Y246,SLICEL.A6LUT,64'h6996966996696996
u_dut/u_pc0/pc3_a14[1]_i_1,LUT6,SLICE_X27Y245,SLICEL.B6LUT,64'h8117177E177E7EE8
u_dut/u_pc0/pc3_a14[2]_i_1,LUT6,SLICE_X27Y244,SLICEL.B6LUT,64'hFEE8E880E8808000
u_dut/u_pc0/pc3_a14_reg[0],FDRE,SLICE_X30Y246,SLICEL.AFF,1'b0
u_dut/u_pc0/pc3_a14_reg[1],FDRE,SLICE_X27Y245,SLICEL.BFF,1'b0
u_dut/u_pc0/pc3_a14_reg[2],FDRE,SLICE_X27Y244,SLICEL.BFF,1'b0
u_dut/u_pc0/pc3_a15[0]_i_1,LUT6,SLICE_X30Y246,SLICEL.B6LUT,64'h6996966996696996
u_dut/u_pc0/pc3_a15[1]_i_1,LUT6,SLICE_X28Y244,SLICEL.A6LUT,64'h8117177E177E7EE8
u_dut/u_pc0/pc3_a15[2]_i_1,LUT6,SLICE_X28Y244,SLICEL.B6LUT,64'hFEE8E880E8808000
u_dut/u_pc0/pc3_a15_reg[0],FDRE,SLICE_X30Y246,SLICEL.BFF,1'b0
u_dut/u_pc0/pc3_a15_reg[1],FDRE,SLICE_X28Y244,SLICEL.AFF,1'b0
u_dut/u_pc0/pc3_a15_reg[2],FDRE,SLICE_X28Y244,SLICEL.BFF,1'b0
u_dut/u_pc0/pc3_a16[0]_i_1,LUT6,SLICE_X25Y232,SLICEL.A6LUT,64'h6996966996696996
u_dut/u_pc0/pc3_a16[1]_i_1,LUT6,SLICE_X26Y232,SLICEL.A6LUT,64'h8117177E177E7EE8
u_dut/u_pc0/pc3_a16[2]_i_1,LUT6,SLICE_X27Y233,SLICEL.A6LUT,64'hFEE8E880E8808000
u_dut/u_pc0/pc3_a16_reg[0],FDRE,SLICE_X25Y232,SLICEL.AFF,1'b0
u_dut/u_pc0/pc3_a16_reg[1],FDRE,SLICE_X26Y232,SLICEL.AFF,1'b0
u_dut/u_pc0/pc3_a16_reg[2],FDRE,SLICE_X27Y233,SLICEL.AFF,1'b0
u_dut/u_pc0/pc3_a17[0]_i_1,LUT6,SLICE_X29Y231,SLICEL.A6LUT,64'h6996966996696996
u_dut/u_pc0/pc3_a17[1]_i_1,LUT6,SLICE_X31Y232,SLICEL.A6LUT,64'h8117177E177E7EE8
u_dut/u_pc0/pc3_a17[2]_i_1,LUT6,SLICE_X28Y232,SLICEL.A6LUT,64'hFEE8E880E8808000
u_dut/u_pc0/pc3_a17_reg[0],FDRE,SLICE_X29Y231,SLICEL.AFF,1'b0
u_dut/u_pc0/pc3_a17_reg[1],FDRE,SLICE_X31Y232,SLICEL.AFF,1'b0
u_dut/u_pc0/pc3_a17_reg[2],FDRE,SLICE_X28Y232,SLICEL.AFF,1'b0
u_dut/u_pc0/pc3_a18[0]_i_1,LUT6,SLICE_X29Y231,SLICEL.B6LUT,64'h6996966996696996
u_dut/u_pc0/pc3_a18[1]_i_1,LUT6,SLICE_X28Y232,SLICEL.B6LUT,64'h8117177E177E7EE8
u_dut/u_pc0/pc3_a18[2]_i_1,LUT6,SLICE_X29Y232,SLICEL.A6LUT,64'hFEE8E880E8808000
u_dut/u_pc0/pc3_a18_reg[0],FDRE,SLICE_X29Y231,SLICEL.BFF,1'b0
u_dut/u_pc0/pc3_a18_reg[1],FDRE,SLICE_X28Y232,SLICEL.BFF,1'b0
u_dut/u_pc0/pc3_a18_reg[2],FDRE,SLICE_X29Y232,SLICEL.AFF,1'b0
u_dut/u_pc0/pc3_a19[0]_i_1,LUT6,SLICE_X25Y232,SLICEL.B6LUT,64'h6996966996696996
u_dut/u_pc0/pc3_a19[1]_i_1,LUT6,SLICE_X26Y231,SLICEL.D6LUT,64'h8117177E177E7EE8
u_dut/u_pc0/pc3_a19[2]_i_1,LUT6,SLICE_X27Y232,SLICEL.A6LUT,64'hFEE8E880E8808000
u_dut/u_pc0/pc3_a19_reg[0],FDRE,SLICE_X25Y232,SLICEL.BFF,1'b0
u_dut/u_pc0/pc3_a19_reg[1],FDRE,SLICE_X26Y231,SLICEL.DFF,1'b0
u_dut/u_pc0/pc3_a19_reg[2],FDRE,SLICE_X27Y232,SLICEL.AFF,1'b0
u_dut/u_pc0/pc3_a1[0]_i_1,LUT6,SLICE_X36Y234,SLICEL.B6LUT,64'h6996966996696996
u_dut/u_pc0/pc3_a1[1]_i_1,LUT6,SLICE_X36Y234,SLICEL.C6LUT,64'h8117177E177E7EE8
u_dut/u_pc0/pc3_a1[2]_i_1,LUT6,SLICE_X38Y235,SLICEM.A6LUT,64'hFEE8E880E8808000
u_dut/u_pc0/pc3_a1_reg[0],FDRE,SLICE_X36Y234,SLICEL.BFF,1'b0
u_dut/u_pc0/pc3_a1_reg[1],FDRE,SLICE_X36Y234,SLICEL.CFF,1'b0
u_dut/u_pc0/pc3_a1_reg[2],FDRE,SLICE_X38Y235,SLICEM.AFF,1'b0
u_dut/u_pc0/pc3_a20[0]_i_1,LUT6,SLICE_X29Y234,SLICEL.A6LUT,64'h6996966996696996
u_dut/u_pc0/pc3_a20[1]_i_1,LUT6,SLICE_X29Y234,SLICEL.B6LUT,64'h8117177E177E7EE8
u_dut/u_pc0/pc3_a20[2]_i_1,LUT6,SLICE_X29Y234,SLICEL.C6LUT,64'hFEE8E880E8808000
u_dut/u_pc0/pc3_a20_reg[0],FDRE,SLICE_X29Y234,SLICEL.AFF,1'b0
u_dut/u_pc0/pc3_a20_reg[1],FDRE,SLICE_X29Y234,SLICEL.BFF,1'b0
u_dut/u_pc0/pc3_a20_reg[2],FDRE,SLICE_X29Y234,SLICEL.CFF,1'b0
u_dut/u_pc0/pc3_a21[0]_i_1,LUT6,SLICE_X30Y236,SLICEL.A6LUT,64'h6996966996696996
u_dut/u_pc0/pc3_a21[1]_i_1,LUT6,SLICE_X32Y237,SLICEL.A6LUT,64'h8117177E177E7EE8
u_dut/u_pc0/pc3_a21[2]_i_1,LUT6,SLICE_X30Y237,SLICEL.A6LUT,64'hFEE8E880E8808000
u_dut/u_pc0/pc3_a21_reg[0],FDRE,SLICE_X30Y236,SLICEL.AFF,1'b0
u_dut/u_pc0/pc3_a21_reg[1],FDRE,SLICE_X32Y237,SLICEL.AFF,1'b0
u_dut/u_pc0/pc3_a21_reg[2],FDRE,SLICE_X30Y237,SLICEL.AFF,1'b0
u_dut/u_pc0/pc3_a22[0]_i_1,LUT6,SLICE_X26Y236,SLICEL.A6LUT,64'h6996966996696996
u_dut/u_pc0/pc3_a22[1]_i_1,LUT6,SLICE_X28Y238,SLICEL.A6LUT,64'h8117177E177E7EE8
u_dut/u_pc0/pc3_a22[2]_i_1,LUT6,SLICE_X28Y238,SLICEL.B6LUT,64'hFEE8E880E8808000
u_dut/u_pc0/pc3_a22_reg[0],FDRE,SLICE_X26Y236,SLICEL.AFF,1'b0
u_dut/u_pc0/pc3_a22_reg[1],FDRE,SLICE_X28Y238,SLICEL.AFF,1'b0
u_dut/u_pc0/pc3_a22_reg[2],FDRE,SLICE_X28Y238,SLICEL.BFF,1'b0
u_dut/u_pc0/pc3_a23[0]_i_1,LUT6,SLICE_X27Y236,SLICEL.A6LUT,64'h6996966996696996
u_dut/u_pc0/pc3_a23[1]_i_1,LUT6,SLICE_X27Y237,SLICEL.A6LUT,64'h8117177E177E7EE8
u_dut/u_pc0/pc3_a23[2]_i_1,LUT6,SLICE_X27Y237,SLICEL.B6LUT,64'hFEE8E880E8808000
u_dut/u_pc0/pc3_a23_reg[0],FDRE,SLICE_X27Y236,SLICEL.AFF,1'b0
u_dut/u_pc0/pc3_a23_reg[1],FDRE,SLICE_X27Y237,SLICEL.AFF,1'b0
u_dut/u_pc0/pc3_a23_reg[2],FDRE,SLICE_X27Y237,SLICEL.BFF,1'b0
u_dut/u_pc0/pc3_a24[0]_i_1,LUT6,SLICE_X34Y233,SLICEL.A6LUT,64'h6996966996696996
u_dut/u_pc0/pc3_a24[1]_i_1,LUT6,SLICE_X33Y231,SLICEL.B6LUT,64'h8117177E177E7EE8
u_dut/u_pc0/pc3_a24[2]_i_1,LUT6,SLICE_X33Y231,SLICEL.C6LUT,64'hFEE8E880E8808000
u_dut/u_pc0/pc3_a24_reg[0],FDRE,SLICE_X34Y233,SLICEL.AFF,1'b0
u_dut/u_pc0/pc3_a24_reg[1],FDRE,SLICE_X33Y231,SLICEL.BFF,1'b0
u_dut/u_pc0/pc3_a24_reg[2],FDRE,SLICE_X33Y231,SLICEL.CFF,1'b0
u_dut/u_pc0/pc3_a25[0]_i_1,LUT6,SLICE_X35Y233,SLICEL.A6LUT,64'h6996966996696996
u_dut/u_pc0/pc3_a25[1]_i_1,LUT6,SLICE_X33Y233,SLICEL.A6LUT,64'h8117177E177E7EE8
u_dut/u_pc0/pc3_a25[2]_i_1,LUT6,SLICE_X34Y233,SLICEL.B6LUT,64'hFEE8E880E8808000
u_dut/u_pc0/pc3_a25_reg[0],FDRE,SLICE_X35Y233,SLICEL.AFF,1'b0
u_dut/u_pc0/pc3_a25_reg[1],FDRE,SLICE_X33Y233,SLICEL.AFF,1'b0
u_dut/u_pc0/pc3_a25_reg[2],FDRE,SLICE_X34Y233,SLICEL.BFF,1'b0
u_dut/u_pc0/pc3_a26[0]_i_1,LUT6,SLICE_X33Y233,SLICEL.B6LUT,64'h6996966996696996
u_dut/u_pc0/pc3_a26[1]_i_1,LUT6,SLICE_X32Y232,SLICEL.A6LUT,64'h8117177E177E7EE8
u_dut/u_pc0/pc3_a26[2]_i_1,LUT6,SLICE_X33Y233,SLICEL.C6LUT,64'hFEE8E880E8808000
u_dut/u_pc0/pc3_a26_reg[0],FDRE,SLICE_X33Y233,SLICEL.BFF,1'b0
u_dut/u_pc0/pc3_a26_reg[1],FDRE,SLICE_X32Y232,SLICEL.AFF,1'b0
u_dut/u_pc0/pc3_a26_reg[2],FDRE,SLICE_X33Y233,SLICEL.CFF,1'b0
u_dut/u_pc0/pc3_a27[0]_i_1,LUT6,SLICE_X34Y234,SLICEL.A6LUT,64'h6996966996696996
u_dut/u_pc0/pc3_a27[1]_i_1,LUT6,SLICE_X34Y234,SLICEL.B6LUT,64'h8117177E177E7EE8
u_dut/u_pc0/pc3_a27[2]_i_1,LUT6,SLICE_X33Y234,SLICEL.A6LUT,64'hFEE8E880E8808000
u_dut/u_pc0/pc3_a27_reg[0],FDRE,SLICE_X34Y234,SLICEL.AFF,1'b0
u_dut/u_pc0/pc3_a27_reg[1],FDRE,SLICE_X34Y234,SLICEL.BFF,1'b0
u_dut/u_pc0/pc3_a27_reg[2],FDRE,SLICE_X33Y234,SLICEL.AFF,1'b0
u_dut/u_pc0/pc3_a28[0]_i_1,LUT6,SLICE_X26Y236,SLICEL.B6LUT,64'h6996966996696996
u_dut/u_pc0/pc3_a28[1]_i_1,LUT6,SLICE_X26Y237,SLICEL.A6LUT,64'h8117177E177E7EE8
u_dut/u_pc0/pc3_a28[2]_i_1,LUT6,SLICE_X26Y237,SLICEL.B6LUT,64'hFEE8E880E8808000
u_dut/u_pc0/pc3_a28_reg[0],FDRE,SLICE_X26Y236,SLICEL.BFF,1'b0
u_dut/u_pc0/pc3_a28_reg[1],FDRE,SLICE_X26Y237,SLICEL.AFF,1'b0
u_dut/u_pc0/pc3_a28_reg[2],FDRE,SLICE_X26Y237,SLICEL.BFF,1'b0
u_dut/u_pc0/pc3_a29[0]_i_1,LUT6,SLICE_X24Y236,SLICEL.A6LUT,64'h6996966996696996
u_dut/u_pc0/pc3_a29[1]_i_1,LUT6,SLICE_X24Y236,SLICEL.B6LUT,64'h8117177E177E7EE8
u_dut/u_pc0/pc3_a29[2]_i_1,LUT6,SLICE_X24Y236,SLICEL.C6LUT,64'hFEE8E880E8808000
u_dut/u_pc0/pc3_a29_reg[0],FDRE,SLICE_X24Y236,SLICEL.AFF,1'b0
u_dut/u_pc0/pc3_a29_reg[1],FDRE,SLICE_X24Y236,SLICEL.BFF,1'b0
u_dut/u_pc0/pc3_a29_reg[2],FDRE,SLICE_X24Y236,SLICEL.CFF,1'b0
u_dut/u_pc0/pc3_a2[0]_i_1,LUT6,SLICE_X36Y235,SLICEL.A6LUT,64'h6996966996696996
u_dut/u_pc0/pc3_a2[1]_i_1,LUT6,SLICE_X36Y237,SLICEL.A6LUT,64'h8117177E177E7EE8
u_dut/u_pc0/pc3_a2[2]_i_1,LUT6,SLICE_X35Y236,SLICEL.A6LUT,64'hFEE8E880E8808000
u_dut/u_pc0/pc3_a2_reg[0],FDRE,SLICE_X36Y235,SLICEL.AFF,1'b0
u_dut/u_pc0/pc3_a2_reg[1],FDRE,SLICE_X36Y237,SLICEL.AFF,1'b0
u_dut/u_pc0/pc3_a2_reg[2],FDRE,SLICE_X35Y236,SLICEL.AFF,1'b0
u_dut/u_pc0/pc3_a30[0]_i_1,LUT6,SLICE_X23Y236,SLICEL.A6LUT,64'h6996966996696996
u_dut/u_pc0/pc3_a30[1]_i_1,LUT6,SLICE_X23Y236,SLICEL.B6LUT,64'h8117177E177E7EE8
u_dut/u_pc0/pc3_a30[2]_i_1,LUT6,SLICE_X24Y236,SLICEL.D6LUT,64'hFEE8E880E8808000
u_dut/u_pc0/pc3_a30_reg[0],FDRE,SLICE_X23Y236,SLICEL.AFF,1'b0
u_dut/u_pc0/pc3_a30_reg[1],FDRE,SLICE_X23Y236,SLICEL.BFF,1'b0
u_dut/u_pc0/pc3_a30_reg[2],FDRE,SLICE_X24Y236,SLICEL.DFF,1'b0
u_dut/u_pc0/pc3_a31[0]_i_1,LUT6,SLICE_X24Y233,SLICEL.A6LUT,64'h6996966996696996
u_dut/u_pc0/pc3_a31[1]_i_1,LUT6,SLICE_X24Y233,SLICEL.B6LUT,64'h8117177E177E7EE8
u_dut/u_pc0/pc3_a31[2]_i_1,LUT6,SLICE_X24Y233,SLICEL.C6LUT,64'hFEE8E880E8808000
u_dut/u_pc0/pc3_a31_reg[0],FDRE,SLICE_X24Y233,SLICEL.AFF,1'b0
u_dut/u_pc0/pc3_a31_reg[1],FDRE,SLICE_X24Y233,SLICEL.BFF,1'b0
u_dut/u_pc0/pc3_a31_reg[2],FDRE,SLICE_X24Y233,SLICEL.CFF,1'b0
u_dut/u_pc0/pc3_a32[0]_i_1,LUT6,SLICE_X32Y236,SLICEL.A6LUT,64'h6996966996696996
u_dut/u_pc0/pc3_a32[1]_i_1,LUT6,SLICE_X32Y235,SLICEL.A6LUT,64'h8117177E177E7EE8
u_dut/u_pc0/pc3_a32[2]_i_1,LUT6,SLICE_X32Y235,SLICEL.B6LUT,64'hFEE8E880E8808000
u_dut/u_pc0/pc3_a32_reg[0],FDRE,SLICE_X32Y236,SLICEL.AFF,1'b0
u_dut/u_pc0/pc3_a32_reg[1],FDRE,SLICE_X32Y235,SLICEL.AFF,1'b0
u_dut/u_pc0/pc3_a32_reg[2],FDRE,SLICE_X32Y235,SLICEL.BFF,1'b0
u_dut/u_pc0/pc3_a33[0]_i_1,LUT2,SLICE_X32Y236,SLICEL.B6LUT,4'h6
u_dut/u_pc0/pc3_a33[1]_i_1,LUT2,SLICE_X32Y236,SLICEL.B5LUT,4'h8
u_dut/u_pc0/pc3_a33_reg[0],FDRE,SLICE_X32Y236,SLICEL.BFF,1'b0
u_dut/u_pc0/pc3_a33_reg[1],FDRE,SLICE_X32Y236,SLICEL.B5FF,1'b0
u_dut/u_pc0/pc3_a3[0]_i_1,LUT6,SLICE_X35Y236,SLICEL.B6LUT,64'h6996966996696996
u_dut/u_pc0/pc3_a3[1]_i_1,LUT6,SLICE_X35Y237,SLICEL.A6LUT,64'h8117177E177E7EE8
u_dut/u_pc0/pc3_a3[2]_i_1,LUT6,SLICE_X34Y237,SLICEL.A6LUT,64'hFEE8E880E8808000
u_dut/u_pc0/pc3_a3_reg[0],FDRE,SLICE_X35Y236,SLICEL.BFF,1'b0
u_dut/u_pc0/pc3_a3_reg[1],FDRE,SLICE_X35Y237,SLICEL.AFF,1'b0
u_dut/u_pc0/pc3_a3_reg[2],FDRE,SLICE_X34Y237,SLICEL.AFF,1'b0
u_dut/u_pc0/pc3_a4[0]_i_1,LUT6,SLICE_X33Y244,SLICEL.A6LUT,64'h6996966996696996
u_dut/u_pc0/pc3_a4[1]_i_1,LUT6,SLICE_X34Y244,SLICEL.A6LUT,64'h8117177E177E7EE8
u_dut/u_pc0/pc3_a4[2]_i_1,LUT6,SLICE_X35Y243,SLICEL.A6LUT,64'hFEE8E880E8808000
u_dut/u_pc0/pc3_a4_reg[0],FDRE,SLICE_X33Y244,SLICEL.AFF,1'b0
u_dut/u_pc0/pc3_a4_reg[1],FDRE,SLICE_X34Y244,SLICEL.AFF,1'b0
u_dut/u_pc0/pc3_a4_reg[2],FDRE,SLICE_X35Y243,SLICEL.AFF,1'b0
u_dut/u_pc0/pc3_a5[0]_i_1,LUT6,SLICE_X38Y243,SLICEM.A6LUT,64'h6996966996696996
u_dut/u_pc0/pc3_a5[1]_i_1,LUT6,SLICE_X38Y243,SLICEM.B6LUT,64'h8117177E177E7EE8
u_dut/u_pc0/pc3_a5[2]_i_1,LUT6,SLICE_X36Y242,SLICEL.A6LUT,64'hFEE8E880E8808000
u_dut/u_pc0/pc3_a5_reg[0],FDRE,SLICE_X38Y243,SLICEM.AFF,1'b0
u_dut/u_pc0/pc3_a5_reg[1],FDRE,SLICE_X38Y243,SLICEM.BFF,1'b0
u_dut/u_pc0/pc3_a5_reg[2],FDRE,SLICE_X36Y242,SLICEL.AFF,1'b0
u_dut/u_pc0/pc3_a6[0]_i_1,LUT6,SLICE_X33Y243,SLICEL.A6LUT,64'h6996966996696996
u_dut/u_pc0/pc3_a6[1]_i_1,LUT6,SLICE_X34Y242,SLICEL.A6LUT,64'h8117177E177E7EE8
u_dut/u_pc0/pc3_a6[2]_i_1,LUT6,SLICE_X34Y242,SLICEL.B6LUT,64'hFEE8E880E8808000
u_dut/u_pc0/pc3_a6_reg[0],FDRE,SLICE_X33Y243,SLICEL.AFF,1'b0
u_dut/u_pc0/pc3_a6_reg[1],FDRE,SLICE_X34Y242,SLICEL.AFF,1'b0
u_dut/u_pc0/pc3_a6_reg[2],FDRE,SLICE_X34Y242,SLICEL.BFF,1'b0
u_dut/u_pc0/pc3_a7[0]_i_1,LUT6,SLICE_X33Y242,SLICEL.A6LUT,64'h6996966996696996
u_dut/u_pc0/pc3_a7[1]_i_1,LUT6,SLICE_X32Y242,SLICEL.A6LUT,64'h8117177E177E7EE8
u_dut/u_pc0/pc3_a7[2]_i_1,LUT6,SLICE_X32Y242,SLICEL.B6LUT,64'hFEE8E880E8808000
u_dut/u_pc0/pc3_a7_reg[0],FDRE,SLICE_X33Y242,SLICEL.AFF,1'b0
u_dut/u_pc0/pc3_a7_reg[1],FDRE,SLICE_X32Y242,SLICEL.AFF,1'b0
u_dut/u_pc0/pc3_a7_reg[2],FDRE,SLICE_X32Y242,SLICEL.BFF,1'b0
u_dut/u_pc0/pc3_a8[0]_i_1,LUT6,SLICE_X39Y245,SLICEL.A6LUT,64'h6996966996696996
u_dut/u_pc0/pc3_a8[1]_i_1,LUT6,SLICE_X39Y245,SLICEL.B6LUT,64'h8117177E177E7EE8
u_dut/u_pc0/pc3_a8[2]_i_1,LUT6,SLICE_X38Y244,SLICEM.B6LUT,64'hFEE8E880E8808000
u_dut/u_pc0/pc3_a8_reg[0],FDRE,SLICE_X39Y245,SLICEL.AFF,1'b0
u_dut/u_pc0/pc3_a8_reg[1],FDRE,SLICE_X39Y245,SLICEL.BFF,1'b0
u_dut/u_pc0/pc3_a8_reg[2],FDRE,SLICE_X38Y244,SLICEM.BFF,1'b0
u_dut/u_pc0/pc3_a9[0]_i_1,LUT6,SLICE_X39Y246,SLICEL.A6LUT,64'h6996966996696996
u_dut/u_pc0/pc3_a9[1]_i_1,LUT6,SLICE_X39Y246,SLICEL.B6LUT,64'h8117177E177E7EE8
u_dut/u_pc0/pc3_a9[2]_i_1,LUT6,SLICE_X39Y246,SLICEL.C6LUT,64'hFEE8E880E8808000
u_dut/u_pc0/pc3_a9_reg[0],FDRE,SLICE_X39Y246,SLICEL.AFF,1'b0
u_dut/u_pc0/pc3_a9_reg[1],FDRE,SLICE_X39Y246,SLICEL.BFF,1'b0
u_dut/u_pc0/pc3_a9_reg[2],FDRE,SLICE_X39Y246,SLICEL.CFF,1'b0
u_dut/u_pc0/pc3_r2_0[0]_i_1,LUT4,SLICE_X35Y236,SLICEL.C6LUT,16'h6996
u_dut/u_pc0/pc3_r2_0[1]_i_1,LUT5,SLICE_X35Y236,SLICEL.D6LUT,32'h81177EE8
u_dut/u_pc0/pc3_r2_0[1]_i_2,LUT4,SLICE_X36Y237,SLICEL.B6LUT,16'h6996
u_dut/u_pc0/pc3_r2_0[2]_i_1,LUT6,SLICE_X36Y237,SLICEL.C6LUT,64'h9669699666666666
u_dut/u_pc0/pc3_r2_0[2]_i_2,LUT5,SLICE_X35Y236,SLICEL.D5LUT,32'hFEE88000
u_dut/u_pc0/pc3_r2_0[2]_i_3,LUT5,SLICE_X35Y237,SLICEL.D6LUT,32'h96696996
u_dut/u_pc0/pc3_r2_0[3]_i_1,LUT6,SLICE_X34Y237,SLICEL.B6LUT,64'hA99595569556566A
u_dut/u_pc0/pc3_r2_0[4]_i_1,LUT6,SLICE_X34Y237,SLICEL.C6LUT,64'hFEEAEAA8EAA8A880
u_dut/u_pc0/pc3_r2_0[4]_i_2,LUT6,SLICE_X36Y237,SLICEL.D6LUT,64'hEBBEAAAA82280000
u_dut/u_pc0/pc3_r2_0[4]_i_3,LUT3,SLICE_X36Y237,SLICEL.B5LUT,8'hE8
u_dut/u_pc0/pc3_r2_0_reg[0],FDRE,SLICE_X35Y236,SLICEL.CFF,1'b0
u_dut/u_pc0/pc3_r2_0_reg[1],FDRE,SLICE_X34Y245,SLICEL.AFF,1'b0
u_dut/u_pc0/pc3_r2_0_reg[2],FDRE,SLICE_X36Y237,SLICEL.CFF,1'b0
u_dut/u_pc0/pc3_r2_0_reg[3],FDRE,SLICE_X34Y237,SLICEL.BFF,1'b0
u_dut/u_pc0/pc3_r2_0_reg[4],FDRE,SLICE_X34Y237,SLICEL.CFF,1'b0
u_dut/u_pc0/pc3_r2_1[0]_i_1,LUT4,SLICE_X33Y243,SLICEL.B6LUT,16'h6996
u_dut/u_pc0/pc3_r2_1[1]_i_1,LUT5,SLICE_X33Y243,SLICEL.C6LUT,32'h81177EE8
u_dut/u_pc0/pc3_r2_1[1]_i_2,LUT4,SLICE_X34Y243,SLICEL.A6LUT,16'h6996
u_dut/u_pc0/pc3_r2_1[2]_i_1,LUT6,SLICE_X34Y243,SLICEL.B6LUT,64'h9669699666666666
u_dut/u_pc0/pc3_r2_1[2]_i_2,LUT5,SLICE_X33Y243,SLICEL.C5LUT,32'hFEE88000
u_dut/u_pc0/pc3_r2_1[2]_i_3,LUT5,SLICE_X35Y243,SLICEL.D6LUT,32'h96696996
u_dut/u_pc0/pc3_r2_1[3]_i_1,LUT6,SLICE_X35Y243,SLICEL.B6LUT,64'hA99595569556566A
u_dut/u_pc0/pc3_r2_1[4]_i_1,LUT6,SLICE_X35Y243,SLICEL.C6LUT,64'hFEEAEAA8EAA8A880
u_dut/u_pc0/pc3_r2_1[4]_i_2,LUT6,SLICE_X34Y243,SLICEL.D6LUT,64'hEBBEAAAA82280000
u_dut/u_pc0/pc3_r2_1[4]_i_3,LUT3,SLICE_X34Y243,SLICEL.A5LUT,8'hE8
u_dut/u_pc0/pc3_r2_1_reg[0],FDRE,SLICE_X33Y243,SLICEL.BFF,1'b0
u_dut/u_pc0/pc3_r2_1_reg[1],FDRE,SLICE_X33Y243,SLICEL.A5FF,1'b0
u_dut/u_pc0/pc3_r2_1_reg[2],FDRE,SLICE_X34Y243,SLICEL.BFF,1'b0
u_dut/u_pc0/pc3_r2_1_reg[3],FDRE,SLICE_X35Y243,SLICEL.BFF,1'b0
u_dut/u_pc0/pc3_r2_1_reg[4],FDRE,SLICE_X35Y243,SLICEL.CFF,1'b0
u_dut/u_pc0/pc3_r2_2[0]_i_1,LUT4,SLICE_X38Y245,SLICEM.A6LUT,16'h6996
u_dut/u_pc0/pc3_r2_2[1]_i_1,LUT5,SLICE_X38Y246,SLICEM.A6LUT,32'h81177EE8
u_dut/u_pc0/pc3_r2_2[1]_i_2,LUT4,SLICE_X38Y246,SLICEM.B6LUT,16'h6996
u_dut/u_pc0/pc3_r2_2[2]_i_1,LUT6,SLICE_X38Y246,SLICEM.C6LUT,64'h9669699666666666
u_dut/u_pc0/pc3_r2_2[2]_i_2,LUT5,SLICE_X38Y246,SLICEM.A5LUT,32'hFEE88000
u_dut/u_pc0/pc3_r2_2[2]_i_3,LUT5,SLICE_X38Y245,SLICEM.D6LUT,32'h96696996
u_dut/u_pc0/pc3_r2_2[3]_i_1,LUT6,SLICE_X38Y245,SLICEM.B6LUT,64'hA99595569556566A
u_dut/u_pc0/pc3_r2_2[4]_i_1,LUT6,SLICE_X38Y245,SLICEM.C6LUT,64'hFEEAEAA8EAA8A880
u_dut/u_pc0/pc3_r2_2[4]_i_2,LUT6,SLICE_X38Y246,SLICEM.D6LUT,64'hEBBEAAAA82280000
u_dut/u_pc0/pc3_r2_2[4]_i_3,LUT3,SLICE_X38Y246,SLICEM.B5LUT,8'hE8
u_dut/u_pc0/pc3_r2_2_reg[0],FDRE,SLICE_X38Y245,SLICEM.AFF,1'b0
u_dut/u_pc0/pc3_r2_2_reg[1],FDRE,SLICE_X35Y246,SLICEL.AFF,1'b0
u_dut/u_pc0/pc3_r2_2_reg[2],FDRE,SLICE_X38Y246,SLICEM.CFF,1'b0
u_dut/u_pc0/pc3_r2_2_reg[3],FDRE,SLICE_X38Y245,SLICEM.BFF,1'b0
u_dut/u_pc0/pc3_r2_2_reg[4],FDRE,SLICE_X38Y245,SLICEM.CFF,1'b0
u_dut/u_pc0/pc3_r2_3[0]_i_1,LUT4,SLICE_X30Y247,SLICEL.B6LUT,16'h6996
u_dut/u_pc0/pc3_r2_3[1]_i_1,LUT5,SLICE_X30Y247,SLICEL.C6LUT,32'h81177EE8
u_dut/u_pc0/pc3_r2_3[1]_i_2,LUT4,SLICE_X26Y245,SLICEL.B6LUT,16'h6996
u_dut/u_pc0/pc3_r2_3[2]_i_1,LUT6,SLICE_X26Y245,SLICEL.C6LUT,64'h9669699666666666
u_dut/u_pc0/pc3_r2_3[2]_i_2,LUT5,SLICE_X30Y247,SLICEL.C5LUT,32'hFEE88000
u_dut/u_pc0/pc3_r2_3[2]_i_3,LUT5,SLICE_X26Y244,SLICEL.D6LUT,32'h96696996
u_dut/u_pc0/pc3_r2_3[3]_i_1,LUT6,SLICE_X26Y244,SLICEL.B6LUT,64'hA99595569556566A
u_dut/u_pc0/pc3_r2_3[4]_i_1,LUT6,SLICE_X26Y244,SLICEL.C6LUT,64'hFEEAEAA8EAA8A880
u_dut/u_pc0/pc3_r2_3[4]_i_2,LUT6,SLICE_X26Y245,SLICEL.D6LUT,64'hEBBEAAAA82280000
u_dut/u_pc0/pc3_r2_3[4]_i_3,LUT3,SLICE_X26Y245,SLICEL.B5LUT,8'hE8
u_dut/u_pc0/pc3_r2_3_reg[0],FDRE,SLICE_X30Y247,SLICEL.BFF,1'b0
u_dut/u_pc0/pc3_r2_3_reg[1],FDRE,SLICE_X30Y247,SLICEL.A5FF,1'b0
u_dut/u_pc0/pc3_r2_3_reg[2],FDRE,SLICE_X26Y245,SLICEL.CFF,1'b0
u_dut/u_pc0/pc3_r2_3_reg[3],FDRE,SLICE_X26Y244,SLICEL.BFF,1'b0
u_dut/u_pc0/pc3_r2_3_reg[4],FDRE,SLICE_X26Y244,SLICEL.CFF,1'b0
u_dut/u_pc0/pc3_r2_4[0]_i_1,LUT4,SLICE_X28Y232,SLICEL.C6LUT,16'h6996
u_dut/u_pc0/pc3_r2_4[1]_i_1,LUT5,SLICE_X28Y231,SLICEL.C6LUT,32'h81177EE8
u_dut/u_pc0/pc3_r2_4[1]_i_2,LUT4,SLICE_X28Y231,SLICEL.D6LUT,16'h6996
u_dut/u_pc0/pc3_r2_4[2]_i_1,LUT6,SLICE_X29Y231,SLICEL.C6LUT,64'h9669699666666666
u_dut/u_pc0/pc3_r2_4[2]_i_2,LUT5,SLICE_X28Y231,SLICEL.C5LUT,32'hFEE88000
u_dut/u_pc0/pc3_r2_4[2]_i_3,LUT5,SLICE_X29Y232,SLICEL.D6LUT,32'h96696996
u_dut/u_pc0/pc3_r2_4[3]_i_1,LUT6,SLICE_X29Y232,SLICEL.B6LUT,64'hA99595569556566A
u_dut/u_pc0/pc3_r2_4[4]_i_1,LUT6,SLICE_X29Y232,SLICEL.C6LUT,64'hFEEAEAA8EAA8A880
u_dut/u_pc0/pc3_r2_4[4]_i_2,LUT6,SLICE_X29Y231,SLICEL.D6LUT,64'hEBBEAAAA82280000
u_dut/u_pc0/pc3_r2_4[4]_i_3,LUT3,SLICE_X28Y231,SLICEL.D5LUT,8'hE8
u_dut/u_pc0/pc3_r2_4_reg[0],FDRE,SLICE_X28Y232,SLICEL.CFF,1'b0
u_dut/u_pc0/pc3_r2_4_reg[1],FDRE,SLICE_X28Y237,SLICEL.A5FF,1'b0
u_dut/u_pc0/pc3_r2_4_reg[2],FDRE,SLICE_X29Y231,SLICEL.CFF,1'b0
u_dut/u_pc0/pc3_r2_4_reg[3],FDRE,SLICE_X29Y232,SLICEL.BFF,1'b0
u_dut/u_pc0/pc3_r2_4_reg[4],FDRE,SLICE_X29Y232,SLICEL.CFF,1'b0
u_dut/u_pc0/pc3_r2_5[0]_i_1,LUT4,SLICE_X27Y236,SLICEL.B6LUT,16'h6996
u_dut/u_pc0/pc3_r2_5[1]_i_1,LUT5,SLICE_X27Y236,SLICEL.C6LUT,32'h81177EE8
u_dut/u_pc0/pc3_r2_5[1]_i_2,LUT4,SLICE_X27Y237,SLICEL.C6LUT,16'h6996
u_dut/u_pc0/pc3_r2_5[2]_i_1,LUT6,SLICE_X28Y237,SLICEL.A6LUT,64'h9669699666666666
u_dut/u_pc0/pc3_r2_5[2]_i_2,LUT5,SLICE_X27Y236,SLICEL.C5LUT,32'hFEE88000
u_dut/u_pc0/pc3_r2_5[2]_i_3,LUT5,SLICE_X28Y238,SLICEL.D6LUT,32'h96696996
u_dut/u_pc0/pc3_r2_5[3]_i_1,LUT6,SLICE_X28Y239,SLICEL.A6LUT,64'hA99595569556566A
u_dut/u_pc0/pc3_r2_5[4]_i_1,LUT6,SLICE_X28Y239,SLICEL.B6LUT,64'hFEEAEAA8EAA8A880
u_dut/u_pc0/pc3_r2_5[4]_i_2,LUT6,SLICE_X28Y237,SLICEL.D6LUT,64'hEBBEAAAA82280000
u_dut/u_pc0/pc3_r2_5[4]_i_3,LUT3,SLICE_X27Y237,SLICEL.C5LUT,8'hE8
u_dut/u_pc0/pc3_r2_5_reg[0],FDRE,SLICE_X27Y236,SLICEL.BFF,1'b0
u_dut/u_pc0/pc3_r2_5_reg[1],FDRE,SLICE_X28Y237,SLICEL.B5FF,1'b0
u_dut/u_pc0/pc3_r2_5_reg[2],FDRE,SLICE_X28Y237,SLICEL.AFF,1'b0
u_dut/u_pc0/pc3_r2_5_reg[3],FDRE,SLICE_X28Y239,SLICEL.AFF,1'b0
u_dut/u_pc0/pc3_r2_5_reg[4],FDRE,SLICE_X28Y239,SLICEL.BFF,1'b0
u_dut/u_pc0/pc3_r2_6[0]_i_1,LUT4,SLICE_X34Y233,SLICEL.C6LUT,16'h6996
u_dut/u_pc0/pc3_r2_6[1]_i_1,LUT5,SLICE_X34Y233,SLICEL.D6LUT,32'h81177EE8
u_dut/u_pc0/pc3_r2_6[1]_i_2,LUT4,SLICE_X33Y233,SLICEL.D6LUT,16'h6996
u_dut/u_pc0/pc3_r2_6[2]_i_1,LUT6,SLICE_X32Y233,SLICEL.A6LUT,64'h9669699666666666
u_dut/u_pc0/pc3_r2_6[2]_i_2,LUT5,SLICE_X34Y233,SLICEL.D5LUT,32'hFEE88000
u_dut/u_pc0/pc3_r2_6[2]_i_3,LUT5,SLICE_X33Y234,SLICEL.D6LUT,32'h96696996
u_dut/u_pc0/pc3_r2_6[3]_i_1,LUT6,SLICE_X33Y234,SLICEL.B6LUT,64'hA99595569556566A
u_dut/u_pc0/pc3_r2_6[4]_i_1,LUT6,SLICE_X33Y234,SLICEL.C6LUT,64'hFEEAEAA8EAA8A880
u_dut/u_pc0/pc3_r2_6[4]_i_2,LUT6,SLICE_X32Y233,SLICEL.D6LUT,64'hEBBEAAAA82280000
u_dut/u_pc0/pc3_r2_6[4]_i_3,LUT3,SLICE_X33Y233,SLICEL.D5LUT,8'hE8
u_dut/u_pc0/pc3_r2_6_reg[0],FDRE,SLICE_X34Y233,SLICEL.CFF,1'b0
u_dut/u_pc0/pc3_r2_6_reg[1],FDRE,SLICE_X32Y233,SLICEL.A5FF,1'b0
u_dut/u_pc0/pc3_r2_6_reg[2],FDRE,SLICE_X32Y233,SLICEL.AFF,1'b0
u_dut/u_pc0/pc3_r2_6_reg[3],FDRE,SLICE_X33Y234,SLICEL.BFF,1'b0
u_dut/u_pc0/pc3_r2_6_reg[4],FDRE,SLICE_X33Y234,SLICEL.CFF,1'b0
u_dut/u_pc0/pc3_r2_7[0]_i_1,LUT4,SLICE_X25Y236,SLICEL.A6LUT,16'h6996
u_dut/u_pc0/pc3_r2_7[1]_i_1,LUT5,SLICE_X25Y236,SLICEL.B6LUT,32'h81177EE8
u_dut/u_pc0/pc3_r2_7[1]_i_2,LUT4,SLICE_X25Y236,SLICEL.C6LUT,16'h6996
u_dut/u_pc0/pc3_r2_7[2]_i_1,LUT6,SLICE_X25Y236,SLICEL.D6LUT,64'h9669699666666666
u_dut/u_pc0/pc3_r2_7[2]_i_2,LUT5,SLICE_X25Y236,SLICEL.B5LUT,32'hFEE88000
u_dut/u_pc0/pc3_r2_7[2]_i_3,LUT5,SLICE_X25Y237,SLICEL.D6LUT,32'h96696996
u_dut/u_pc0/pc3_r2_7[3]_i_1,LUT6,SLICE_X25Y237,SLICEL.A6LUT,64'hA99595569556566A
u_dut/u_pc0/pc3_r2_7[4]_i_1,LUT6,SLICE_X25Y237,SLICEL.B6LUT,64'hFEEAEAA8EAA8A880
u_dut/u_pc0/pc3_r2_7[4]_i_2,LUT6,SLICE_X25Y237,SLICEL.C6LUT,64'hEBBEAAAA82280000
u_dut/u_pc0/pc3_r2_7[4]_i_3,LUT3,SLICE_X25Y236,SLICEL.C5LUT,8'hE8
u_dut/u_pc0/pc3_r2_7_reg[0],FDRE,SLICE_X25Y236,SLICEL.AFF,1'b0
u_dut/u_pc0/pc3_r2_7_reg[1],FDRE,SLICE_X29Y239,SLICEL.AFF,1'b0
u_dut/u_pc0/pc3_r2_7_reg[2],FDRE,SLICE_X25Y236,SLICEL.DFF,1'b0
u_dut/u_pc0/pc3_r2_7_reg[3],FDRE,SLICE_X25Y237,SLICEL.AFF,1'b0
u_dut/u_pc0/pc3_r2_7_reg[4],FDRE,SLICE_X25Y237,SLICEL.BFF,1'b0
u_dut/u_pc0/pc3_r2_8[0]_i_1,LUT2,SLICE_X32Y236,SLICEL.C6LUT,4'h6
u_dut/u_pc0/pc3_r2_8[1]_i_1,LUT4,SLICE_X32Y236,SLICEL.C5LUT,16'h8778
u_dut/u_pc0/pc3_r2_8[2]_i_1,LUT5,SLICE_X32Y236,SLICEL.D6LUT,32'h077FF880
u_dut/u_pc0/pc3_r2_8[3]_i_1,LUT5,SLICE_X32Y236,SLICEL.D5LUT,32'hAA808000
u_dut/u_pc0/pc3_r2_8_reg[0],FDRE,SLICE_X32Y236,SLICEL.CFF,1'b0
u_dut/u_pc0/pc3_r2_8_reg[1],FDRE,SLICE_X32Y236,SLICEL.C5FF,1'b0
u_dut/u_pc0/pc3_r2_8_reg[2],FDRE,SLICE_X32Y236,SLICEL.DFF,1'b0
u_dut/u_pc0/pc3_r2_8_reg[3],FDRE,SLICE_X32Y236,SLICEL.D5FF,1'b0
u_dut/u_pc0/pc3_r4_0[3]_i_2,LUT5,SLICE_X33Y245,SLICEL.C6LUT,32'hEEE8E888
u_dut/u_pc0/pc3_r4_0[3]_i_3,LUT5,SLICE_X33Y245,SLICEL.C5LUT,32'hE81717E8
u_dut/u_pc0/pc3_r4_0[3]_i_4,LUT4,SLICE_X34Y245,SLICEL.C6LUT,16'h6996
u_dut/u_pc0/pc3_r4_0[3]_i_5,LUT6,SLICE_X32Y245,SLICEL.D6LUT,64'h6969699669969696
u_dut/u_pc0/pc3_r4_0[3]_i_6,LUT6,SLICE_X32Y245,SLICEL.C6LUT,64'h6999999699969666
u_dut/u_pc0/pc3_r4_0[3]_i_7,LUT4,SLICE_X32Y245,SLICEL.B6LUT,16'h566A
u_dut/u_pc0/pc3_r4_0[3]_i_8,LUT4,SLICE_X32Y245,SLICEL.A6LUT,16'h6996
u_dut/u_pc0/pc3_r4_0[3]_i_9,LUT3,SLICE_X34Y245,SLICEL.B6LUT,8'h96
u_dut/u_pc0/pc3_r4_0[6]_i_2,LUT5,SLICE_X33Y246,SLICEL.A6LUT,32'hEEE8E888
u_dut/u_pc0/pc3_r4_0[6]_i_3,LUT5,SLICE_X34Y245,SLICEL.B5LUT,32'hEEE8E888
u_dut/u_pc0/pc3_r4_0[6]_i_4,LUT5,SLICE_X32Y246,SLICEL.B6LUT,32'h177E7EE8
u_dut/u_pc0/pc3_r4_0[6]_i_5,LUT6,SLICE_X32Y246,SLICEL.A6LUT,64'h6969699669969696
u_dut/u_pc0/pc3_r4_0[6]_i_6,LUT3,SLICE_X33Y246,SLICEL.B6LUT,8'h96
u_dut/u_pc0/pc3_r4_0[6]_i_7,LUT3,SLICE_X34Y245,SLICEL.A6LUT,8'h96
u_dut/u_pc0/pc3_r4_0[6]_i_8,LUT3,SLICE_X34Y245,SLICEL.A5LUT,8'hE8
u_dut/u_pc0/pc3_r4_0_reg[0],FDRE,SLICE_X32Y245,SLICEL.AFF,1'b0
u_dut/u_pc0/pc3_r4_0_reg[1],FDRE,SLICE_X32Y245,SLICEL.BFF,1'b0
u_dut/u_pc0/pc3_r4_0_reg[2],FDRE,SLICE_X32Y245,SLICEL.CFF,1'b0
u_dut/u_pc0/pc3_r4_0_reg[3],FDRE,SLICE_X32Y245,SLICEL.DFF,1'b0
u_dut/u_pc0/pc3_r4_0_reg[3]_i_1,CARRY4,SLICE_X32Y245,SLICEL.CARRY4,
u_dut/u_pc0/pc3_r4_0_reg[4],FDRE,SLICE_X32Y246,SLICEL.AFF,1'b0
u_dut/u_pc0/pc3_r4_0_reg[5],FDRE,SLICE_X32Y246,SLICEL.BFF,1'b0
u_dut/u_pc0/pc3_r4_0_reg[6],FDRE,SLICE_X32Y246,SLICEL.CFF,1'b0
u_dut/u_pc0/pc3_r4_0_reg[6]_i_1,CARRY4,SLICE_X32Y246,SLICEL.CARRY4,
u_dut/u_pc0/pc3_r4_1[3]_i_2,LUT5,SLICE_X29Y239,SLICEL.B6LUT,32'hEEE8E888
u_dut/u_pc0/pc3_r4_1[3]_i_3,LUT5,SLICE_X29Y239,SLICEL.B5LUT,32'hE81717E8
u_dut/u_pc0/pc3_r4_1[3]_i_4,LUT4,SLICE_X29Y239,SLICEL.C6LUT,16'h6996
u_dut/u_pc0/pc3_r4_1[3]_i_5,LUT6,SLICE_X30Y239,SLICEL.D6LUT,64'h6969699669969696
u_dut/u_pc0/pc3_r4_1[3]_i_6,LUT6,SLICE_X30Y239,SLICEL.C6LUT,64'h6999999699969666
u_dut/u_pc0/pc3_r4_1[3]_i_7,LUT4,SLICE_X30Y239,SLICEL.B6LUT,16'h566A
u_dut/u_pc0/pc3_r4_1[3]_i_8,LUT4,SLICE_X30Y239,SLICEL.A6LUT,16'h6996
u_dut/u_pc0/pc3_r4_1[3]_i_9,LUT3,SLICE_X29Y239,SLICEL.A6LUT,8'h96
u_dut/u_pc0/pc3_r4_1[6]_i_2,LUT5,SLICE_X31Y240,SLICEL.B6LUT,32'hEEE8E888
u_dut/u_pc0/pc3_r4_1[6]_i_3,LUT5,SLICE_X29Y239,SLICEL.A5LUT,32'hEEE8E888
u_dut/u_pc0/pc3_r4_1[6]_i_4,LUT5,SLICE_X30Y240,SLICEL.B6LUT,32'h177E7EE8
u_dut/u_pc0/pc3_r4_1[6]_i_5,LUT6,SLICE_X30Y240,SLICEL.A6LUT,64'h6969699669969696
u_dut/u_pc0/pc3_r4_1[6]_i_6,LUT3,SLICE_X31Y240,SLICEL.C6LUT,8'h96
u_dut/u_pc0/pc3_r4_1[6]_i_7,LUT3,SLICE_X31Y240,SLICEL.A6LUT,8'h96
u_dut/u_pc0/pc3_r4_1[6]_i_8,LUT3,SLICE_X31Y240,SLICEL.A5LUT,8'hE8
u_dut/u_pc0/pc3_r4_1_reg[0],FDRE,SLICE_X30Y239,SLICEL.AFF,1'b0
u_dut/u_pc0/pc3_r4_1_reg[1],FDRE,SLICE_X30Y239,SLICEL.BFF,1'b0
u_dut/u_pc0/pc3_r4_1_reg[2],FDRE,SLICE_X30Y239,SLICEL.CFF,1'b0
u_dut/u_pc0/pc3_r4_1_reg[3],FDRE,SLICE_X30Y239,SLICEL.DFF,1'b0
u_dut/u_pc0/pc3_r4_1_reg[3]_i_1,CARRY4,SLICE_X30Y239,SLICEL.CARRY4,
u_dut/u_pc0/pc3_r4_1_reg[4],FDRE,SLICE_X30Y240,SLICEL.AFF,1'b0
u_dut/u_pc0/pc3_r4_1_reg[5],FDRE,SLICE_X30Y240,SLICEL.BFF,1'b0
u_dut/u_pc0/pc3_r4_1_reg[6],FDRE,SLICE_X30Y240,SLICEL.CFF,1'b0
u_dut/u_pc0/pc3_r4_1_reg[6]_i_1,CARRY4,SLICE_X30Y240,SLICEL.CARRY4,
u_dut/u_pc0/pc3_r4_2_reg[0],FDRE,SLICE_X33Y240,SLICEL.AFF,1'b0
u_dut/u_pc0/pc3_r4_2_reg[1],FDRE,SLICE_X31Y240,SLICEL.AFF,1'b0
u_dut/u_pc0/pc3_r4_2_reg[2],FDRE,SLICE_X31Y240,SLICEL.BFF,1'b0
u_dut/u_pc0/pc3_r4_2_reg[3],FDRE,SLICE_X31Y242,SLICEL.AFF,1'b0
u_dut/u_pc0/pc3_r6_0[3]_i_2,LUT3,SLICE_X30Y242,SLICEL.C5LUT,8'hE8
u_dut/u_pc0/pc3_r6_0[3]_i_3,LUT3,SLICE_X30Y242,SLICEL.B5LUT,8'hE8
u_dut/u_pc0/pc3_r6_0[3]_i_4,LUT3,SLICE_X30Y242,SLICEL.A5LUT,8'hE8
u_dut/u_pc0/pc3_r6_0[3]_i_5,LUT4,SLICE_X30Y242,SLICEL.D6LUT,16'h6996
u_dut/u_pc0/pc3_r6_0[3]_i_6,LUT4,SLICE_X30Y242,SLICEL.C6LUT,16'h6996
u_dut/u_pc0/pc3_r6_0[3]_i_7,LUT4,SLICE_X30Y242,SLICEL.B6LUT,16'h6996
u_dut/u_pc0/pc3_r6_0[3]_i_8,LUT3,SLICE_X30Y242,SLICEL.A6LUT,8'h96
u_dut/u_pc0/pc3_r6_0[7]_i_2,LUT2,SLICE_X30Y243,SLICEL.C5LUT,4'h8
u_dut/u_pc0/pc3_r6_0[7]_i_3,LUT2,SLICE_X30Y243,SLICEL.B5LUT,4'h8
u_dut/u_pc0/pc3_r6_0[7]_i_4,LUT3,SLICE_X30Y243,SLICEL.A5LUT,8'hE8
u_dut/u_pc0/pc3_r6_0[7]_i_5,LUT2,SLICE_X30Y243,SLICEL.D6LUT,4'h8
u_dut/u_pc0/pc3_r6_0[7]_i_6,LUT4,SLICE_X30Y243,SLICEL.C6LUT,16'h8778
u_dut/u_pc0/pc3_r6_0[7]_i_7,LUT4,SLICE_X30Y243,SLICEL.B6LUT,16'h8778
u_dut/u_pc0/pc3_r6_0[7]_i_8,LUT5,SLICE_X30Y243,SLICEL.A6LUT,32'hE81717E8
u_dut/u_pc0/pc3_r6_0_reg[0],FDRE,SLICE_X30Y242,SLICEL.AFF,1'b0
u_dut/u_pc0/pc3_r6_0_reg[1],FDRE,SLICE_X30Y242,SLICEL.BFF,1'b0
u_dut/u_pc0/pc3_r6_0_reg[2],FDRE,SLICE_X30Y242,SLICEL.CFF,1'b0
u_dut/u_pc0/pc3_r6_0_reg[3],FDRE,SLICE_X30Y242,SLICEL.DFF,1'b0
u_dut/u_pc0/pc3_r6_0_reg[3]_i_1,CARRY4,SLICE_X30Y242,SLICEL.CARRY4,
u_dut/u_pc0/pc3_r6_0_reg[4],FDRE,SLICE_X30Y243,SLICEL.AFF,1'b0
u_dut/u_pc0/pc3_r6_0_reg[5],FDRE,SLICE_X30Y243,SLICEL.BFF,1'b0
u_dut/u_pc0/pc3_r6_0_reg[6],FDRE,SLICE_X30Y243,SLICEL.CFF,1'b0
u_dut/u_pc0/pc3_r6_0_reg[7],FDRE,SLICE_X30Y243,SLICEL.DFF,1'b0
u_dut/u_pc0/pc3_r6_0_reg[7]_i_1,CARRY4,SLICE_X30Y243,SLICEL.CARRY4,
u_dut/u_pc0/pc4_a0[0]_i_1,LUT6,SLICE_X12Y232,SLICEM.A6LUT,64'h6996966996696996
u_dut/u_pc0/pc4_a0[1]_i_1,LUT6,SLICE_X10Y232,SLICEM.A6LUT,64'h8117177E177E7EE8
u_dut/u_pc0/pc4_a0[2]_i_1,LUT6,SLICE_X10Y232,SLICEM.B6LUT,64'hFEE8E880E8808000
u_dut/u_pc0/pc4_a0_reg[0],FDRE,SLICE_X12Y232,SLICEM.AFF,1'b0
u_dut/u_pc0/pc4_a0_reg[1],FDRE,SLICE_X10Y232,SLICEM.AFF,1'b0
u_dut/u_pc0/pc4_a0_reg[2],FDRE,SLICE_X10Y232,SLICEM.BFF,1'b0
u_dut/u_pc0/pc4_a10[0]_i_1,LUT6,SLICE_X24Y242,SLICEL.A6LUT,64'h6996966996696996
u_dut/u_pc0/pc4_a10[1]_i_1,LUT6,SLICE_X24Y241,SLICEL.A6LUT,64'h8117177E177E7EE8
u_dut/u_pc0/pc4_a10[2]_i_1,LUT6,SLICE_X24Y241,SLICEL.B6LUT,64'hFEE8E880E8808000
u_dut/u_pc0/pc4_a10_reg[0],FDRE,SLICE_X24Y242,SLICEL.AFF,1'b0
u_dut/u_pc0/pc4_a10_reg[1],FDRE,SLICE_X24Y241,SLICEL.AFF,1'b0
u_dut/u_pc0/pc4_a10_reg[2],FDRE,SLICE_X24Y241,SLICEL.BFF,1'b0
u_dut/u_pc0/pc4_a11[0]_i_1,LUT6,SLICE_X25Y242,SLICEL.A6LUT,64'h6996966996696996
u_dut/u_pc0/pc4_a11[1]_i_1,LUT6,SLICE_X25Y242,SLICEL.B6LUT,64'h8117177E177E7EE8
u_dut/u_pc0/pc4_a11[2]_i_1,LUT6,SLICE_X25Y242,SLICEL.C6LUT,64'hFEE8E880E8808000
u_dut/u_pc0/pc4_a11_reg[0],FDRE,SLICE_X25Y242,SLICEL.AFF,1'b0
u_dut/u_pc0/pc4_a11_reg[1],FDRE,SLICE_X25Y242,SLICEL.BFF,1'b0
u_dut/u_pc0/pc4_a11_reg[2],FDRE,SLICE_X25Y242,SLICEL.CFF,1'b0
u_dut/u_pc0/pc4_a12[0]_i_1,LUT6,SLICE_X17Y233,SLICEL.A6LUT,64'h6996966996696996
u_dut/u_pc0/pc4_a12[1]_i_1,LUT6,SLICE_X18Y231,SLICEM.B6LUT,64'h8117177E177E7EE8
u_dut/u_pc0/pc4_a12[2]_i_1,LUT6,SLICE_X16Y233,SLICEM.A6LUT,64'hFEE8E880E8808000
u_dut/u_pc0/pc4_a12_reg[0],FDRE,SLICE_X17Y233,SLICEL.AFF,1'b0
u_dut/u_pc0/pc4_a12_reg[1],FDRE,SLICE_X18Y231,SLICEM.BFF,1'b0
u_dut/u_pc0/pc4_a12_reg[2],FDRE,SLICE_X16Y233,SLICEM.AFF,1'b0
u_dut/u_pc0/pc4_a13[0]_i_1,LUT6,SLICE_X20Y233,SLICEM.A6LUT,64'h6996966996696996
u_dut/u_pc0/pc4_a13[1]_i_1,LUT6,SLICE_X19Y231,SLICEL.C6LUT,64'h8117177E177E7EE8
u_dut/u_pc0/pc4_a13[2]_i_1,LUT6,SLICE_X18Y233,SLICEM.A6LUT,64'hFEE8E880E8808000
u_dut/u_pc0/pc4_a13_reg[0],FDRE,SLICE_X20Y233,SLICEM.AFF,1'b0
u_dut/u_pc0/pc4_a13_reg[1],FDRE,SLICE_X19Y231,SLICEL.CFF,1'b0
u_dut/u_pc0/pc4_a13_reg[2],FDRE,SLICE_X18Y233,SLICEM.AFF,1'b0
u_dut/u_pc0/pc4_a14[0]_i_1,LUT6,SLICE_X17Y233,SLICEL.B6LUT,64'h6996966996696996
u_dut/u_pc0/pc4_a14[1]_i_1,LUT6,SLICE_X17Y231,SLICEL.A6LUT,64'h8117177E177E7EE8
u_dut/u_pc0/pc4_a14[2]_i_1,LUT6,SLICE_X16Y233,SLICEM.B6LUT,64'hFEE8E880E8808000
u_dut/u_pc0/pc4_a14_reg[0],FDRE,SLICE_X17Y233,SLICEL.BFF,1'b0
u_dut/u_pc0/pc4_a14_reg[1],FDRE,SLICE_X17Y231,SLICEL.AFF,1'b0
u_dut/u_pc0/pc4_a14_reg[2],FDRE,SLICE_X16Y233,SLICEM.BFF,1'b0
u_dut/u_pc0/pc4_a15[0]_i_1,LUT6,SLICE_X19Y232,SLICEL.A6LUT,64'h6996966996696996
u_dut/u_pc0/pc4_a15[1]_i_1,LUT6,SLICE_X18Y231,SLICEM.C6LUT,64'h8117177E177E7EE8
u_dut/u_pc0/pc4_a15[2]_i_1,LUT6,SLICE_X16Y232,SLICEM.A6LUT,64'hFEE8E880E8808000
u_dut/u_pc0/pc4_a15_reg[0],FDRE,SLICE_X19Y232,SLICEL.AFF,1'b0
u_dut/u_pc0/pc4_a15_reg[1],FDRE,SLICE_X18Y231,SLICEM.CFF,1'b0
u_dut/u_pc0/pc4_a15_reg[2],FDRE,SLICE_X16Y232,SLICEM.AFF,1'b0
u_dut/u_pc0/pc4_a16[0]_i_1,LUT6,SLICE_X12Y234,SLICEM.A6LUT,64'h6996966996696996
u_dut/u_pc0/pc4_a16[1]_i_1,LUT6,SLICE_X14Y234,SLICEM.A6LUT,64'h8117177E177E7EE8
u_dut/u_pc0/pc4_a16[2]_i_1,LUT6,SLICE_X15Y234,SLICEL.A6LUT,64'hFEE8E880E8808000
u_dut/u_pc0/pc4_a16_reg[0],FDRE,SLICE_X12Y234,SLICEM.AFF,1'b0
u_dut/u_pc0/pc4_a16_reg[1],FDRE,SLICE_X14Y234,SLICEM.AFF,1'b0
u_dut/u_pc0/pc4_a16_reg[2],FDRE,SLICE_X15Y234,SLICEL.AFF,1'b0
u_dut/u_pc0/pc4_a17[0]_i_1,LUT6,SLICE_X12Y233,SLICEM.A6LUT,64'h6996966996696996
u_dut/u_pc0/pc4_a17[1]_i_1,LUT6,SLICE_X13Y234,SLICEL.A6LUT,64'h8117177E177E7EE8
u_dut/u_pc0/pc4_a17[2]_i_1,LUT6,SLICE_X15Y234,SLICEL.B6LUT,64'hFEE8E880E8808000
u_dut/u_pc0/pc4_a17_reg[0],FDRE,SLICE_X12Y233,SLICEM.AFF,1'b0
u_dut/u_pc0/pc4_a17_reg[1],FDRE,SLICE_X13Y234,SLICEL.AFF,1'b0
u_dut/u_pc0/pc4_a17_reg[2],FDRE,SLICE_X15Y234,SLICEL.BFF,1'b0
u_dut/u_pc0/pc4_a18[0]_i_1,LUT6,SLICE_X13Y235,SLICEL.A6LUT,64'h6996966996696996
u_dut/u_pc0/pc4_a18[1]_i_1,LUT6,SLICE_X15Y235,SLICEL.A6LUT,64'h8117177E177E7EE8
u_dut/u_pc0/pc4_a18[2]_i_1,LUT6,SLICE_X15Y236,SLICEL.A6LUT,64'hFEE8E880E8808000
u_dut/u_pc0/pc4_a18_reg[0],FDRE,SLICE_X13Y235,SLICEL.AFF,1'b0
u_dut/u_pc0/pc4_a18_reg[1],FDRE,SLICE_X15Y235,SLICEL.AFF,1'b0
u_dut/u_pc0/pc4_a18_reg[2],FDRE,SLICE_X15Y236,SLICEL.AFF,1'b0
u_dut/u_pc0/pc4_a19[0]_i_1,LUT6,SLICE_X12Y235,SLICEM.A6LUT,64'h6996966996696996
u_dut/u_pc0/pc4_a19[1]_i_1,LUT6,SLICE_X14Y234,SLICEM.B6LUT,64'h8117177E177E7EE8
u_dut/u_pc0/pc4_a19[2]_i_1,LUT6,SLICE_X14Y234,SLICEM.C6LUT,64'hFEE8E880E8808000
u_dut/u_pc0/pc4_a19_reg[0],FDRE,SLICE_X12Y235,SLICEM.AFF,1'b0
u_dut/u_pc0/pc4_a19_reg[1],FDRE,SLICE_X14Y234,SLICEM.BFF,1'b0
u_dut/u_pc0/pc4_a19_reg[2],FDRE,SLICE_X14Y234,SLICEM.CFF,1'b0
u_dut/u_pc0/pc4_a1[0]_i_1,LUT6,SLICE_X12Y230,SLICEM.A6LUT,64'h6996966996696996
u_dut/u_pc0/pc4_a1[1]_i_1,LUT6,SLICE_X12Y230,SLICEM.B6LUT,64'h8117177E177E7EE8
u_dut/u_pc0/pc4_a1[2]_i_1,LUT6,SLICE_X12Y230,SLICEM.C6LUT,64'hFEE8E880E8808000
u_dut/u_pc0/pc4_a1_reg[0],FDRE,SLICE_X12Y230,SLICEM.AFF,1'b0
u_dut/u_pc0/pc4_a1_reg[1],FDRE,SLICE_X12Y230,SLICEM.BFF,1'b0
u_dut/u_pc0/pc4_a1_reg[2],FDRE,SLICE_X12Y230,SLICEM.CFF,1'b0
u_dut/u_pc0/pc4_a20[0]_i_1,LUT6,SLICE_X24Y238,SLICEL.A6LUT,64'h6996966996696996
u_dut/u_pc0/pc4_a20[1]_i_1,LUT6,SLICE_X24Y238,SLICEL.B6LUT,64'h8117177E177E7EE8
u_dut/u_pc0/pc4_a20[2]_i_1,LUT6,SLICE_X24Y237,SLICEL.A6LUT,64'hFEE8E880E8808000
u_dut/u_pc0/pc4_a20_reg[0],FDRE,SLICE_X24Y238,SLICEL.AFF,1'b0
u_dut/u_pc0/pc4_a20_reg[1],FDRE,SLICE_X24Y238,SLICEL.BFF,1'b0
u_dut/u_pc0/pc4_a20_reg[2],FDRE,SLICE_X24Y237,SLICEL.AFF,1'b0
u_dut/u_pc0/pc4_a21[0]_i_1,LUT6,SLICE_X20Y238,SLICEM.A6LUT,64'h6996966996696996
u_dut/u_pc0/pc4_a21[1]_i_1,LUT6,SLICE_X20Y238,SLICEM.B6LUT,64'h8117177E177E7EE8
u_dut/u_pc0/pc4_a21[2]_i_1,LUT6,SLICE_X20Y235,SLICEM.A6LUT,64'hFEE8E880E8808000
u_dut/u_pc0/pc4_a21_reg[0],FDRE,SLICE_X20Y238,SLICEM.AFF,1'b0
u_dut/u_pc0/pc4_a21_reg[1],FDRE,SLICE_X20Y238,SLICEM.BFF,1'b0
u_dut/u_pc0/pc4_a21_reg[2],FDRE,SLICE_X20Y235,SLICEM.AFF,1'b0
u_dut/u_pc0/pc4_a22[0]_i_1,LUT6,SLICE_X22Y236,SLICEM.A6LUT,64'h6996966996696996
u_dut/u_pc0/pc4_a22[1]_i_1,LUT6,SLICE_X22Y236,SLICEM.B6LUT,64'h8117177E177E7EE8
u_dut/u_pc0/pc4_a22[2]_i_1,LUT6,SLICE_X22Y236,SLICEM.C6LUT,64'hFEE8E880E8808000
u_dut/u_pc0/pc4_a22_reg[0],FDRE,SLICE_X22Y236,SLICEM.AFF,1'b0
u_dut/u_pc0/pc4_a22_reg[1],FDRE,SLICE_X22Y236,SLICEM.BFF,1'b0
u_dut/u_pc0/pc4_a22_reg[2],FDRE,SLICE_X22Y236,SLICEM.CFF,1'b0
u_dut/u_pc0/pc4_a23[0]_i_1,LUT6,SLICE_X21Y238,SLICEL.A6LUT,64'h6996966996696996
u_dut/u_pc0/pc4_a23[1]_i_1,LUT6,SLICE_X21Y237,SLICEL.A6LUT,64'h8117177E177E7EE8
u_dut/u_pc0/pc4_a23[2]_i_1,LUT6,SLICE_X21Y238,SLICEL.B6LUT,64'hFEE8E880E8808000
u_dut/u_pc0/pc4_a23_reg[0],FDRE,SLICE_X21Y238,SLICEL.AFF,1'b0
u_dut/u_pc0/pc4_a23_reg[1],FDRE,SLICE_X21Y237,SLICEL.AFF,1'b0
u_dut/u_pc0/pc4_a23_reg[2],FDRE,SLICE_X21Y238,SLICEL.BFF,1'b0
u_dut/u_pc0/pc4_a24[0]_i_1,LUT6,SLICE_X16Y243,SLICEM.A6LUT,64'h6996966996696996
u_dut/u_pc0/pc4_a24[1]_i_1,LUT6,SLICE_X16Y243,SLICEM.B6LUT,64'h8117177E177E7EE8
u_dut/u_pc0/pc4_a24[2]_i_1,LUT6,SLICE_X15Y243,SLICEL.A6LUT,64'hFEE8E880E8808000
u_dut/u_pc0/pc4_a24_reg[0],FDRE,SLICE_X16Y243,SLICEM.AFF,1'b0
u_dut/u_pc0/pc4_a24_reg[1],FDRE,SLICE_X16Y243,SLICEM.BFF,1'b0
u_dut/u_pc0/pc4_a24_reg[2],FDRE,SLICE_X15Y243,SLICEL.AFF,1'b0
u_dut/u_pc0/pc4_a25[0]_i_1,LUT6,SLICE_X19Y243,SLICEL.A6LUT,64'h6996966996696996
u_dut/u_pc0/pc4_a25[1]_i_1,LUT6,SLICE_X18Y244,SLICEM.A6LUT,64'h8117177E177E7EE8
u_dut/u_pc0/pc4_a25[2]_i_1,LUT6,SLICE_X19Y243,SLICEL.B6LUT,64'hFEE8E880E8808000
u_dut/u_pc0/pc4_a25_reg[0],FDRE,SLICE_X19Y243,SLICEL.AFF,1'b0
u_dut/u_pc0/pc4_a25_reg[1],FDRE,SLICE_X18Y244,SLICEM.AFF,1'b0
u_dut/u_pc0/pc4_a25_reg[2],FDRE,SLICE_X19Y243,SLICEL.BFF,1'b0
u_dut/u_pc0/pc4_a26[0]_i_1,LUT6,SLICE_X14Y242,SLICEM.A6LUT,64'h6996966996696996
u_dut/u_pc0/pc4_a26[1]_i_1,LUT6,SLICE_X14Y244,SLICEM.A6LUT,64'h8117177E177E7EE8
u_dut/u_pc0/pc4_a26[2]_i_1,LUT6,SLICE_X16Y243,SLICEM.C6LUT,64'hFEE8E880E8808000
u_dut/u_pc0/pc4_a26_reg[0],FDRE,SLICE_X14Y242,SLICEM.AFF,1'b0
u_dut/u_pc0/pc4_a26_reg[1],FDRE,SLICE_X14Y244,SLICEM.AFF,1'b0
u_dut/u_pc0/pc4_a26_reg[2],FDRE,SLICE_X16Y243,SLICEM.CFF,1'b0
u_dut/u_pc0/pc4_a27[0]_i_1,LUT6,SLICE_X16Y240,SLICEM.A6LUT,64'h6996966996696996
u_dut/u_pc0/pc4_a27[1]_i_1,LUT6,SLICE_X19Y242,SLICEL.A6LUT,64'h8117177E177E7EE8
u_dut/u_pc0/pc4_a27[2]_i_1,LUT6,SLICE_X17Y242,SLICEL.A6LUT,64'hFEE8E880E8808000
u_dut/u_pc0/pc4_a27_reg[0],FDRE,SLICE_X16Y240,SLICEM.AFF,1'b0
u_dut/u_pc0/pc4_a27_reg[1],FDRE,SLICE_X19Y242,SLICEL.AFF,1'b0
u_dut/u_pc0/pc4_a27_reg[2],FDRE,SLICE_X17Y242,SLICEL.AFF,1'b0
u_dut/u_pc0/pc4_a28[0]_i_1,LUT6,SLICE_X10Y238,SLICEM.A6LUT,64'h6996966996696996
u_dut/u_pc0/pc4_a28[1]_i_1,LUT6,SLICE_X10Y238,SLICEM.B6LUT,64'h8117177E177E7EE8
u_dut/u_pc0/pc4_a28[2]_i_1,LUT6,SLICE_X10Y238,SLICEM.C6LUT,64'hFEE8E880E8808000
u_dut/u_pc0/pc4_a28_reg[0],FDRE,SLICE_X10Y238,SLICEM.AFF,1'b0
u_dut/u_pc0/pc4_a28_reg[1],FDRE,SLICE_X10Y238,SLICEM.BFF,1'b0
u_dut/u_pc0/pc4_a28_reg[2],FDRE,SLICE_X10Y238,SLICEM.CFF,1'b0
u_dut/u_pc0/pc4_a29[0]_i_1,LUT6,SLICE_X10Y235,SLICEM.A6LUT,64'h6996966996696996
u_dut/u_pc0/pc4_a29[1]_i_1,LUT6,SLICE_X11Y235,SLICEL.A6LUT,64'h8117177E177E7EE8
u_dut/u_pc0/pc4_a29[2]_i_1,LUT6,SLICE_X10Y235,SLICEM.B6LUT,64'hFEE8E880E8808000
u_dut/u_pc0/pc4_a29_reg[0],FDRE,SLICE_X10Y235,SLICEM.AFF,1'b0
u_dut/u_pc0/pc4_a29_reg[1],FDRE,SLICE_X11Y235,SLICEL.AFF,1'b0
u_dut/u_pc0/pc4_a29_reg[2],FDRE,SLICE_X10Y235,SLICEM.BFF,1'b0
u_dut/u_pc0/pc4_a2[0]_i_1,LUT6,SLICE_X12Y232,SLICEM.B6LUT,64'h6996966996696996
u_dut/u_pc0/pc4_a2[1]_i_1,LUT6,SLICE_X12Y231,SLICEM.A6LUT,64'h8117177E177E7EE8
u_dut/u_pc0/pc4_a2[2]_i_1,LUT6,SLICE_X12Y231,SLICEM.B6LUT,64'hFEE8E880E8808000
u_dut/u_pc0/pc4_a2_reg[0],FDRE,SLICE_X12Y232,SLICEM.BFF,1'b0
u_dut/u_pc0/pc4_a2_reg[1],FDRE,SLICE_X12Y231,SLICEM.AFF,1'b0
u_dut/u_pc0/pc4_a2_reg[2],FDRE,SLICE_X12Y231,SLICEM.BFF,1'b0
u_dut/u_pc0/pc4_a30[0]_i_1,LUT6,SLICE_X10Y237,SLICEM.A6LUT,64'h6996966996696996
u_dut/u_pc0/pc4_a30[1]_i_1,LUT6,SLICE_X10Y237,SLICEM.B6LUT,64'h8117177E177E7EE8
u_dut/u_pc0/pc4_a30[2]_i_1,LUT6,SLICE_X10Y237,SLICEM.C6LUT,64'hFEE8E880E8808000
u_dut/u_pc0/pc4_a30_reg[0],FDRE,SLICE_X10Y237,SLICEM.AFF,1'b0
u_dut/u_pc0/pc4_a30_reg[1],FDRE,SLICE_X10Y237,SLICEM.BFF,1'b0
u_dut/u_pc0/pc4_a30_reg[2],FDRE,SLICE_X10Y237,SLICEM.CFF,1'b0
u_dut/u_pc0/pc4_a31[0]_i_1,LUT6,SLICE_X10Y240,SLICEM.A6LUT,64'h6996966996696996
u_dut/u_pc0/pc4_a31[1]_i_1,LUT6,SLICE_X10Y239,SLICEM.A6LUT,64'h8117177E177E7EE8
u_dut/u_pc0/pc4_a31[2]_i_1,LUT6,SLICE_X10Y240,SLICEM.B6LUT,64'hFEE8E880E8808000
u_dut/u_pc0/pc4_a31_reg[0],FDRE,SLICE_X10Y240,SLICEM.AFF,1'b0
u_dut/u_pc0/pc4_a31_reg[1],FDRE,SLICE_X10Y239,SLICEM.AFF,1'b0
u_dut/u_pc0/pc4_a31_reg[2],FDRE,SLICE_X10Y240,SLICEM.BFF,1'b0
u_dut/u_pc0/pc4_a32[0]_i_1,LUT6,SLICE_X25Y244,SLICEL.A6LUT,64'h6996966996696996
u_dut/u_pc0/pc4_a32[1]_i_1,LUT6,SLICE_X24Y244,SLICEL.A6LUT,64'h8117177E177E7EE8
u_dut/u_pc0/pc4_a32[2]_i_1,LUT6,SLICE_X24Y244,SLICEL.B6LUT,64'hFEE8E880E8808000
u_dut/u_pc0/pc4_a32_reg[0],FDRE,SLICE_X25Y244,SLICEL.AFF,1'b0
u_dut/u_pc0/pc4_a32_reg[1],FDRE,SLICE_X24Y244,SLICEL.AFF,1'b0
u_dut/u_pc0/pc4_a32_reg[2],FDRE,SLICE_X24Y244,SLICEL.BFF,1'b0
u_dut/u_pc0/pc4_a33[0]_i_1,LUT2,SLICE_X24Y245,SLICEL.A6LUT,4'h6
u_dut/u_pc0/pc4_a33[1]_i_1,LUT2,SLICE_X24Y245,SLICEL.A5LUT,4'h8
u_dut/u_pc0/pc4_a33_reg[0],FDRE,SLICE_X24Y245,SLICEL.AFF,1'b0
u_dut/u_pc0/pc4_a33_reg[1],FDRE,SLICE_X24Y245,SLICEL.A5FF,1'b0
u_dut/u_pc0/pc4_a3[0]_i_1,LUT6,SLICE_X12Y231,SLICEM.C6LUT,64'h6996966996696996
u_dut/u_pc0/pc4_a3[1]_i_1,LUT6,SLICE_X13Y231,SLICEL.A6LUT,64'h8117177E177E7EE8
u_dut/u_pc0/pc4_a3[2]_i_1,LUT6,SLICE_X12Y231,SLICEM.D6LUT,64'hFEE8E880E8808000
u_dut/u_pc0/pc4_a3_reg[0],FDRE,SLICE_X12Y231,SLICEM.CFF,1'b0
u_dut/u_pc0/pc4_a3_reg[1],FDRE,SLICE_X13Y231,SLICEL.AFF,1'b0
u_dut/u_pc0/pc4_a3_reg[2],FDRE,SLICE_X12Y231,SLICEM.DFF,1'b0
u_dut/u_pc0/pc4_a4[0]_i_1,LUT6,SLICE_X20Y245,SLICEM.A6LUT,64'h6996966996696996
u_dut/u_pc0/pc4_a4[1]_i_1,LUT6,SLICE_X20Y245,SLICEM.B6LUT,64'h8117177E177E7EE8
u_dut/u_pc0/pc4_a4[2]_i_1,LUT6,SLICE_X19Y245,SLICEL.A6LUT,64'hFEE8E880E8808000
u_dut/u_pc0/pc4_a4_reg[0],FDRE,SLICE_X20Y245,SLICEM.AFF,1'b0
u_dut/u_pc0/pc4_a4_reg[1],FDRE,SLICE_X20Y245,SLICEM.BFF,1'b0
u_dut/u_pc0/pc4_a4_reg[2],FDRE,SLICE_X19Y245,SLICEL.AFF,1'b0
u_dut/u_pc0/pc4_a5[0]_i_1,LUT6,SLICE_X22Y245,SLICEM.A6LUT,64'h6996966996696996
u_dut/u_pc0/pc4_a5[1]_i_1,LUT6,SLICE_X22Y246,SLICEM.A6LUT,64'h8117177E177E7EE8
u_dut/u_pc0/pc4_a5[2]_i_1,LUT6,SLICE_X20Y246,SLICEM.A6LUT,64'hFEE8E880E8808000
u_dut/u_pc0/pc4_a5_reg[0],FDRE,SLICE_X22Y245,SLICEM.AFF,1'b0
u_dut/u_pc0/pc4_a5_reg[1],FDRE,SLICE_X22Y246,SLICEM.AFF,1'b0
u_dut/u_pc0/pc4_a5_reg[2],FDRE,SLICE_X20Y246,SLICEM.AFF,1'b0
u_dut/u_pc0/pc4_a6[0]_i_1,LUT6,SLICE_X22Y245,SLICEM.B6LUT,64'h6996966996696996
u_dut/u_pc0/pc4_a6[1]_i_1,LUT6,SLICE_X20Y246,SLICEM.B6LUT,64'h8117177E177E7EE8
u_dut/u_pc0/pc4_a6[2]_i_1,LUT6,SLICE_X22Y246,SLICEM.B6LUT,64'hFEE8E880E8808000
u_dut/u_pc0/pc4_a6_reg[0],FDRE,SLICE_X22Y245,SLICEM.BFF,1'b0
u_dut/u_pc0/pc4_a6_reg[1],FDRE,SLICE_X20Y246,SLICEM.BFF,1'b0
u_dut/u_pc0/pc4_a6_reg[2],FDRE,SLICE_X22Y246,SLICEM.BFF,1'b0
u_dut/u_pc0/pc4_a7[0]_i_1,LUT6,SLICE_X21Y245,SLICEL.A6LUT,64'h6996966996696996
u_dut/u_pc0/pc4_a7[1]_i_1,LUT6,SLICE_X21Y247,SLICEL.A6LUT,64'h8117177E177E7EE8
u_dut/u_pc0/pc4_a7[2]_i_1,LUT6,SLICE_X21Y247,SLICEL.B6LUT,64'hFEE8E880E8808000
u_dut/u_pc0/pc4_a7_reg[0],FDRE,SLICE_X21Y245,SLICEL.AFF,1'b0
u_dut/u_pc0/pc4_a7_reg[1],FDRE,SLICE_X21Y247,SLICEL.AFF,1'b0
u_dut/u_pc0/pc4_a7_reg[2],FDRE,SLICE_X21Y247,SLICEL.BFF,1'b0
u_dut/u_pc0/pc4_a8[0]_i_1,LUT6,SLICE_X26Y242,SLICEL.A6LUT,64'h6996966996696996
u_dut/u_pc0/pc4_a8[1]_i_1,LUT6,SLICE_X24Y242,SLICEL.B6LUT,64'h8117177E177E7EE8
u_dut/u_pc0/pc4_a8[2]_i_1,LUT6,SLICE_X25Y242,SLICEL.D6LUT,64'hFEE8E880E8808000
u_dut/u_pc0/pc4_a8_reg[0],FDRE,SLICE_X26Y242,SLICEL.AFF,1'b0
u_dut/u_pc0/pc4_a8_reg[1],FDRE,SLICE_X24Y242,SLICEL.BFF,1'b0
u_dut/u_pc0/pc4_a8_reg[2],FDRE,SLICE_X25Y242,SLICEL.DFF,1'b0
u_dut/u_pc0/pc4_a9[0]_i_1,LUT6,SLICE_X25Y243,SLICEL.A6LUT,64'h6996966996696996
u_dut/u_pc0/pc4_a9[1]_i_1,LUT6,SLICE_X23Y243,SLICEL.A6LUT,64'h8117177E177E7EE8
u_dut/u_pc0/pc4_a9[2]_i_1,LUT6,SLICE_X23Y243,SLICEL.B6LUT,64'hFEE8E880E8808000
u_dut/u_pc0/pc4_a9_reg[0],FDRE,SLICE_X25Y243,SLICEL.AFF,1'b0
u_dut/u_pc0/pc4_a9_reg[1],FDRE,SLICE_X23Y243,SLICEL.AFF,1'b0
u_dut/u_pc0/pc4_a9_reg[2],FDRE,SLICE_X23Y243,SLICEL.BFF,1'b0
u_dut/u_pc0/pc4_r2_0[0]_i_1,LUT4,SLICE_X12Y232,SLICEM.C6LUT,16'h6996
u_dut/u_pc0/pc4_r2_0[1]_i_1,LUT5,SLICE_X12Y232,SLICEM.D6LUT,32'h81177EE8
u_dut/u_pc0/pc4_r2_0[1]_i_2,LUT4,SLICE_X10Y231,SLICEM.A6LUT,16'h6996
u_dut/u_pc0/pc4_r2_0[2]_i_1,LUT6,SLICE_X10Y231,SLICEM.B6LUT,64'h9669699666666666
u_dut/u_pc0/pc4_r2_0[2]_i_2,LUT5,SLICE_X12Y232,SLICEM.D5LUT,32'hFEE88000
u_dut/u_pc0/pc4_r2_0[2]_i_3,LUT5,SLICE_X10Y231,SLICEM.D6LUT,32'h96696996
u_dut/u_pc0/pc4_r2_0[3]_i_1,LUT6,SLICE_X10Y232,SLICEM.C6LUT,64'hA99595569556566A
u_dut/u_pc0/pc4_r2_0[4]_i_1,LUT6,SLICE_X10Y232,SLICEM.D6LUT,64'hFEEAEAA8EAA8A880
u_dut/u_pc0/pc4_r2_0[4]_i_2,LUT6,SLICE_X10Y231,SLICEM.C6LUT,64'hEBBEAAAA82280000
u_dut/u_pc0/pc4_r2_0[4]_i_3,LUT3,SLICE_X10Y231,SLICEM.A5LUT,8'hE8
u_dut/u_pc0/pc4_r2_0_reg[0],FDRE,SLICE_X12Y232,SLICEM.CFF,1'b0
u_dut/u_pc0/pc4_r2_0_reg[1],FDRE,SLICE_X12Y232,SLICEM.A5FF,1'b0
u_dut/u_pc0/pc4_r2_0_reg[2],FDRE,SLICE_X10Y231,SLICEM.BFF,1'b0
u_dut/u_pc0/pc4_r2_0_reg[3],FDRE,SLICE_X10Y232,SLICEM.CFF,1'b0
u_dut/u_pc0/pc4_r2_0_reg[4],FDRE,SLICE_X10Y232,SLICEM.DFF,1'b0
u_dut/u_pc0/pc4_r2_1[0]_i_1,LUT4,SLICE_X21Y245,SLICEL.B6LUT,16'h6996
u_dut/u_pc0/pc4_r2_1[1]_i_1,LUT5,SLICE_X21Y245,SLICEL.C6LUT,32'h81177EE8
u_dut/u_pc0/pc4_r2_1[1]_i_2,LUT4,SLICE_X20Y246,SLICEM.C6LUT,16'h6996
u_dut/u_pc0/pc4_r2_1[2]_i_1,LUT6,SLICE_X21Y245,SLICEL.D6LUT,64'h9669699666666666
u_dut/u_pc0/pc4_r2_1[2]_i_2,LUT5,SLICE_X21Y245,SLICEL.C5LUT,32'hFEE88000
u_dut/u_pc0/pc4_r2_1[2]_i_3,LUT5,SLICE_X21Y246,SLICEL.D6LUT,32'h96696996
u_dut/u_pc0/pc4_r2_1[3]_i_1,LUT6,SLICE_X21Y246,SLICEL.A6LUT,64'hA99595569556566A
u_dut/u_pc0/pc4_r2_1[4]_i_1,LUT6,SLICE_X21Y246,SLICEL.B6LUT,64'hFEEAEAA8EAA8A880
u_dut/u_pc0/pc4_r2_1[4]_i_2,LUT6,SLICE_X21Y246,SLICEL.C6LUT,64'hEBBEAAAA82280000
u_dut/u_pc0/pc4_r2_1[4]_i_3,LUT3,SLICE_X20Y246,SLICEM.C5LUT,8'hE8
u_dut/u_pc0/pc4_r2_1_reg[0],FDRE,SLICE_X21Y245,SLICEL.BFF,1'b0
u_dut/u_pc0/pc4_r2_1_reg[1],FDRE,SLICE_X17Y245,SLICEL.AFF,1'b0
u_dut/u_pc0/pc4_r2_1_reg[2],FDRE,SLICE_X21Y245,SLICEL.DFF,1'b0
u_dut/u_pc0/pc4_r2_1_reg[3],FDRE,SLICE_X21Y246,SLICEL.AFF,1'b0
u_dut/u_pc0/pc4_r2_1_reg[4],FDRE,SLICE_X21Y246,SLICEL.BFF,1'b0
u_dut/u_pc0/pc4_r2_2[0]_i_1,LUT4,SLICE_X25Y244,SLICEL.B6LUT,16'h6996
u_dut/u_pc0/pc4_r2_2[1]_i_1,LUT5,SLICE_X25Y244,SLICEL.C6LUT,32'h81177EE8
u_dut/u_pc0/pc4_r2_2[1]_i_2,LUT4,SLICE_X24Y243,SLICEL.A6LUT,16'h6996
u_dut/u_pc0/pc4_r2_2[2]_i_1,LUT6,SLICE_X24Y243,SLICEL.B6LUT,64'h9669699666666666
u_dut/u_pc0/pc4_r2_2[2]_i_2,LUT5,SLICE_X25Y244,SLICEL.C5LUT,32'hFEE88000
u_dut/u_pc0/pc4_r2_2[2]_i_3,LUT5,SLICE_X24Y243,SLICEL.D6LUT,32'h96696996
u_dut/u_pc0/pc4_r2_2[3]_i_1,LUT6,SLICE_X25Y244,SLICEL.D6LUT,64'hA99595569556566A
u_dut/u_pc0/pc4_r2_2[4]_i_1,LUT6,SLICE_X24Y244,SLICEL.C6LUT,64'hFEEAEAA8EAA8A880
u_dut/u_pc0/pc4_r2_2[4]_i_2,LUT6,SLICE_X24Y243,SLICEL.C6LUT,64'hEBBEAAAA82280000
u_dut/u_pc0/pc4_r2_2[4]_i_3,LUT3,SLICE_X24Y243,SLICEL.A5LUT,8'hE8
u_dut/u_pc0/pc4_r2_2_reg[0],FDRE,SLICE_X25Y244,SLICEL.BFF,1'b0
u_dut/u_pc0/pc4_r2_2_reg[1],FDRE,SLICE_X25Y244,SLICEL.A5FF,1'b0
u_dut/u_pc0/pc4_r2_2_reg[2],FDRE,SLICE_X24Y243,SLICEL.BFF,1'b0
u_dut/u_pc0/pc4_r2_2_reg[3],FDRE,SLICE_X25Y244,SLICEL.DFF,1'b0
u_dut/u_pc0/pc4_r2_2_reg[4],FDRE,SLICE_X24Y244,SLICEL.CFF,1'b0
u_dut/u_pc0/pc4_r2_3[0]_i_1,LUT4,SLICE_X17Y233,SLICEL.C6LUT,16'h6996
u_dut/u_pc0/pc4_r2_3[1]_i_1,LUT5,SLICE_X17Y233,SLICEL.D6LUT,32'h81177EE8
u_dut/u_pc0/pc4_r2_3[1]_i_2,LUT4,SLICE_X17Y231,SLICEL.B6LUT,16'h6996
u_dut/u_pc0/pc4_r2_3[2]_i_1,LUT6,SLICE_X17Y231,SLICEL.C6LUT,64'h9669699666666666
u_dut/u_pc0/pc4_r2_3[2]_i_2,LUT5,SLICE_X17Y233,SLICEL.D5LUT,32'hFEE88000
u_dut/u_pc0/pc4_r2_3[2]_i_3,LUT5,SLICE_X16Y234,SLICEM.D6LUT,32'h96696996
u_dut/u_pc0/pc4_r2_3[3]_i_1,LUT6,SLICE_X16Y234,SLICEM.A6LUT,64'hA99595569556566A
u_dut/u_pc0/pc4_r2_3[4]_i_1,LUT6,SLICE_X16Y234,SLICEM.B6LUT,64'hFEEAEAA8EAA8A880
u_dut/u_pc0/pc4_r2_3[4]_i_2,LUT6,SLICE_X17Y231,SLICEL.D6LUT,64'hEBBEAAAA82280000
u_dut/u_pc0/pc4_r2_3[4]_i_3,LUT3,SLICE_X17Y231,SLICEL.B5LUT,8'hE8
u_dut/u_pc0/pc4_r2_3_reg[0],FDRE,SLICE_X17Y233,SLICEL.CFF,1'b0
u_dut/u_pc0/pc4_r2_3_reg[1],FDRE,SLICE_X17Y242,SLICEL.A5FF,1'b0
u_dut/u_pc0/pc4_r2_3_reg[2],FDRE,SLICE_X17Y231,SLICEL.CFF,1'b0
u_dut/u_pc0/pc4_r2_3_reg[3],FDRE,SLICE_X16Y234,SLICEM.AFF,1'b0
u_dut/u_pc0/pc4_r2_3_reg[4],FDRE,SLICE_X16Y234,SLICEM.BFF,1'b0
u_dut/u_pc0/pc4_r2_4[0]_i_1,LUT4,SLICE_X12Y235,SLICEM.B6LUT,16'h6996
u_dut/u_pc0/pc4_r2_4[1]_i_1,LUT5,SLICE_X12Y235,SLICEM.C6LUT,32'h81177EE8
u_dut/u_pc0/pc4_r2_4[1]_i_2,LUT4,SLICE_X14Y235,SLICEM.A6LUT,16'h6996
u_dut/u_pc0/pc4_r2_4[2]_i_1,LUT6,SLICE_X14Y235,SLICEM.B6LUT,64'h9669699666666666
u_dut/u_pc0/pc4_r2_4[2]_i_2,LUT5,SLICE_X12Y235,SLICEM.C5LUT,32'hFEE88000
u_dut/u_pc0/pc4_r2_4[2]_i_3,LUT5,SLICE_X15Y235,SLICEL.D6LUT,32'h96696996
u_dut/u_pc0/pc4_r2_4[3]_i_1,LUT6,SLICE_X15Y235,SLICEL.B6LUT,64'hA99595569556566A
u_dut/u_pc0/pc4_r2_4[4]_i_1,LUT6,SLICE_X15Y235,SLICEL.C6LUT,64'hFEEAEAA8EAA8A880
u_dut/u_pc0/pc4_r2_4[4]_i_2,LUT6,SLICE_X14Y235,SLICEM.D6LUT,64'hEBBEAAAA82280000
u_dut/u_pc0/pc4_r2_4[4]_i_3,LUT3,SLICE_X14Y235,SLICEM.A5LUT,8'hE8
u_dut/u_pc0/pc4_r2_4_reg[0],FDRE,SLICE_X12Y235,SLICEM.BFF,1'b0
u_dut/u_pc0/pc4_r2_4_reg[1],FDRE,SLICE_X12Y240,SLICEM.AFF,1'b0
u_dut/u_pc0/pc4_r2_4_reg[2],FDRE,SLICE_X14Y235,SLICEM.BFF,1'b0
u_dut/u_pc0/pc4_r2_4_reg[3],FDRE,SLICE_X15Y235,SLICEL.BFF,1'b0
u_dut/u_pc0/pc4_r2_4_reg[4],FDRE,SLICE_X15Y235,SLICEL.CFF,1'b0
u_dut/u_pc0/pc4_r2_5[0]_i_1,LUT4,SLICE_X22Y238,SLICEM.A6LUT,16'h6996
u_dut/u_pc0/pc4_r2_5[1]_i_1,LUT5,SLICE_X22Y238,SLICEM.B6LUT,32'h81177EE8
u_dut/u_pc0/pc4_r2_5[1]_i_2,LUT4,SLICE_X22Y237,SLICEM.A6LUT,16'h6996
u_dut/u_pc0/pc4_r2_5[2]_i_1,LUT6,SLICE_X22Y238,SLICEM.C6LUT,64'h9669699666666666
u_dut/u_pc0/pc4_r2_5[2]_i_2,LUT5,SLICE_X22Y238,SLICEM.B5LUT,32'hFEE88000
u_dut/u_pc0/pc4_r2_5[2]_i_3,LUT5,SLICE_X22Y237,SLICEM.C6LUT,32'h96696996
u_dut/u_pc0/pc4_r2_5[3]_i_1,LUT6,SLICE_X21Y237,SLICEL.B6LUT,64'hA99595569556566A
u_dut/u_pc0/pc4_r2_5[4]_i_1,LUT6,SLICE_X21Y237,SLICEL.C6LUT,64'hFEEAEAA8EAA8A880
u_dut/u_pc0/pc4_r2_5[4]_i_2,LUT6,SLICE_X22Y237,SLICEM.B6LUT,64'hEBBEAAAA82280000
u_dut/u_pc0/pc4_r2_5[4]_i_3,LUT3,SLICE_X22Y237,SLICEM.A5LUT,8'hE8
u_dut/u_pc0/pc4_r2_5_reg[0],FDRE,SLICE_X22Y238,SLICEM.AFF,1'b0
u_dut/u_pc0/pc4_r2_5_reg[1],FDRE,SLICE_X12Y242,SLICEM.AFF,1'b0
u_dut/u_pc0/pc4_r2_5_reg[2],FDRE,SLICE_X22Y238,SLICEM.CFF,1'b0
u_dut/u_pc0/pc4_r2_5_reg[3],FDRE,SLICE_X21Y237,SLICEL.BFF,1'b0
u_dut/u_pc0/pc4_r2_5_reg[4],FDRE,SLICE_X21Y237,SLICEL.CFF,1'b0
u_dut/u_pc0/pc4_r2_6[0]_i_1,LUT4,SLICE_X14Y242,SLICEM.B6LUT,16'h6996
u_dut/u_pc0/pc4_r2_6[1]_i_1,LUT5,SLICE_X14Y243,SLICEM.A6LUT,32'h81177EE8
u_dut/u_pc0/pc4_r2_6[1]_i_2,LUT4,SLICE_X14Y243,SLICEM.B6LUT,16'h6996
u_dut/u_pc0/pc4_r2_6[2]_i_1,LUT6,SLICE_X14Y243,SLICEM.C6LUT,64'h9669699666666666
u_dut/u_pc0/pc4_r2_6[2]_i_2,LUT5,SLICE_X14Y243,SLICEM.A5LUT,32'hFEE88000
u_dut/u_pc0/pc4_r2_6[2]_i_3,LUT5,SLICE_X15Y243,SLICEL.D6LUT,32'h96696996
u_dut/u_pc0/pc4_r2_6[3]_i_1,LUT6,SLICE_X15Y243,SLICEL.B6LUT,64'hA99595569556566A
u_dut/u_pc0/pc4_r2_6[4]_i_1,LUT6,SLICE_X15Y243,SLICEL.C6LUT,64'hFEEAEAA8EAA8A880
u_dut/u_pc0/pc4_r2_6[4]_i_2,LUT6,SLICE_X14Y243,SLICEM.D6LUT,64'hEBBEAAAA82280000
u_dut/u_pc0/pc4_r2_6[4]_i_3,LUT3,SLICE_X14Y243,SLICEM.B5LUT,8'hE8
u_dut/u_pc0/pc4_r2_6_reg[0],FDRE,SLICE_X14Y242,SLICEM.BFF,1'b0
u_dut/u_pc0/pc4_r2_6_reg[1],FDRE,SLICE_X12Y243,SLICEM.AFF,1'b0
u_dut/u_pc0/pc4_r2_6_reg[2],FDRE,SLICE_X14Y243,SLICEM.CFF,1'b0
u_dut/u_pc0/pc4_r2_6_reg[3],FDRE,SLICE_X15Y243,SLICEL.BFF,1'b0
u_dut/u_pc0/pc4_r2_6_reg[4],FDRE,SLICE_X15Y243,SLICEL.CFF,1'b0
u_dut/u_pc0/pc4_r2_7[0]_i_1,LUT4,SLICE_X10Y240,SLICEM.C6LUT,16'h6996
u_dut/u_pc0/pc4_r2_7[1]_i_1,LUT5,SLICE_X10Y240,SLICEM.D6LUT,32'h81177EE8
u_dut/u_pc0/pc4_r2_7[1]_i_2,LUT4,SLICE_X10Y239,SLICEM.B6LUT,16'h6996
u_dut/u_pc0/pc4_r2_7[2]_i_1,LUT6,SLICE_X11Y239,SLICEL.A6LUT,64'h9669699666666666
u_dut/u_pc0/pc4_r2_7[2]_i_2,LUT5,SLICE_X10Y240,SLICEM.D5LUT,32'hFEE88000
u_dut/u_pc0/pc4_r2_7[2]_i_3,LUT5,SLICE_X10Y239,SLICEM.D6LUT,32'h96696996
u_dut/u_pc0/pc4_r2_7[3]_i_1,LUT6,SLICE_X11Y239,SLICEL.B6LUT,64'hA99595569556566A
u_dut/u_pc0/pc4_r2_7[4]_i_1,LUT6,SLICE_X11Y239,SLICEL.C6LUT,64'hFEEAEAA8EAA8A880
u_dut/u_pc0/pc4_r2_7[4]_i_2,LUT6,SLICE_X11Y239,SLICEL.D6LUT,64'hEBBEAAAA82280000
u_dut/u_pc0/pc4_r2_7[4]_i_3,LUT3,SLICE_X10Y239,SLICEM.B5LUT,8'hE8
u_dut/u_pc0/pc4_r2_7_reg[0],FDRE,SLICE_X10Y240,SLICEM.CFF,1'b0
u_dut/u_pc0/pc4_r2_7_reg[1],FDRE,SLICE_X10Y240,SLICEM.A5FF,1'b0
u_dut/u_pc0/pc4_r2_7_reg[2],FDRE,SLICE_X11Y239,SLICEL.AFF,1'b0
u_dut/u_pc0/pc4_r2_7_reg[3],FDRE,SLICE_X11Y239,SLICEL.BFF,1'b0
u_dut/u_pc0/pc4_r2_7_reg[4],FDRE,SLICE_X11Y239,SLICEL.CFF,1'b0
u_dut/u_pc0/pc4_r2_8[0]_i_1,LUT2,SLICE_X24Y246,SLICEL.A6LUT,4'h6
u_dut/u_pc0/pc4_r2_8[1]_i_1,LUT4,SLICE_X24Y246,SLICEL.A5LUT,16'h8778
u_dut/u_pc0/pc4_r2_8[2]_i_1,LUT5,SLICE_X24Y244,SLICEL.D6LUT,32'h077FF880
u_dut/u_pc0/pc4_r2_8[3]_i_1,LUT5,SLICE_X24Y244,SLICEL.D5LUT,32'hAA808000
u_dut/u_pc0/pc4_r2_8_reg[0],FDRE,SLICE_X24Y246,SLICEL.AFF,1'b0
u_dut/u_pc0/pc4_r2_8_reg[1],FDRE,SLICE_X24Y246,SLICEL.A5FF,1'b0
u_dut/u_pc0/pc4_r2_8_reg[2],FDRE,SLICE_X24Y244,SLICEL.DFF,1'b0
u_dut/u_pc0/pc4_r2_8_reg[3],FDRE,SLICE_X24Y244,SLICEL.D5FF,1'b0
u_dut/u_pc0/pc4_r4_0[3]_i_2,LUT5,SLICE_X17Y245,SLICEL.B6LUT,32'hEEE8E888
u_dut/u_pc0/pc4_r4_0[3]_i_3,LUT5,SLICE_X17Y245,SLICEL.B5LUT,32'hE81717E8
u_dut/u_pc0/pc4_r4_0[3]_i_4,LUT4,SLICE_X17Y245,SLICEL.D6LUT,16'h6996
u_dut/u_pc0/pc4_r4_0[3]_i_5,LUT6,SLICE_X16Y244,SLICEM.D6LUT,64'h6969699669969696
u_dut/u_pc0/pc4_r4_0[3]_i_6,LUT6,SLICE_X16Y244,SLICEM.C6LUT,64'h6999999699969666
u_dut/u_pc0/pc4_r4_0[3]_i_7,LUT4,SLICE_X16Y244,SLICEM.B6LUT,16'h566A
u_dut/u_pc0/pc4_r4_0[3]_i_8,LUT4,SLICE_X16Y244,SLICEM.A6LUT,16'h6996
u_dut/u_pc0/pc4_r4_0[3]_i_9,LUT3,SLICE_X17Y245,SLICEL.A6LUT,8'h96
u_dut/u_pc0/pc4_r4_0[6]_i_2,LUT5,SLICE_X17Y245,SLICEL.C6LUT,32'hEEE8E888
u_dut/u_pc0/pc4_r4_0[6]_i_3,LUT5,SLICE_X17Y245,SLICEL.A5LUT,32'hEEE8E888
u_dut/u_pc0/pc4_r4_0[6]_i_4,LUT5,SLICE_X16Y245,SLICEM.B6LUT,32'h177E7EE8
u_dut/u_pc0/pc4_r4_0[6]_i_5,LUT6,SLICE_X16Y245,SLICEM.A6LUT,64'h6969699669969696
u_dut/u_pc0/pc4_r4_0[6]_i_6,LUT3,SLICE_X17Y246,SLICEL.B6LUT,8'h96
u_dut/u_pc0/pc4_r4_0[6]_i_7,LUT3,SLICE_X17Y246,SLICEL.A6LUT,8'h96
u_dut/u_pc0/pc4_r4_0[6]_i_8,LUT3,SLICE_X17Y246,SLICEL.A5LUT,8'hE8
u_dut/u_pc0/pc4_r4_0_reg[0],FDRE,SLICE_X16Y244,SLICEM.AFF,1'b0
u_dut/u_pc0/pc4_r4_0_reg[1],FDRE,SLICE_X16Y244,SLICEM.BFF,1'b0
u_dut/u_pc0/pc4_r4_0_reg[2],FDRE,SLICE_X16Y244,SLICEM.CFF,1'b0
u_dut/u_pc0/pc4_r4_0_reg[3],FDRE,SLICE_X16Y244,SLICEM.DFF,1'b0
u_dut/u_pc0/pc4_r4_0_reg[3]_i_1,CARRY4,SLICE_X16Y244,SLICEM.CARRY4,
u_dut/u_pc0/pc4_r4_0_reg[4],FDRE,SLICE_X16Y245,SLICEM.AFF,1'b0
u_dut/u_pc0/pc4_r4_0_reg[5],FDRE,SLICE_X16Y245,SLICEM.BFF,1'b0
u_dut/u_pc0/pc4_r4_0_reg[6],FDRE,SLICE_X16Y245,SLICEM.CFF,1'b0
u_dut/u_pc0/pc4_r4_0_reg[6]_i_1,CARRY4,SLICE_X16Y245,SLICEM.CARRY4,
u_dut/u_pc0/pc4_r4_1[3]_i_2,LUT5,SLICE_X12Y242,SLICEM.B6LUT,32'hEEE8E888
u_dut/u_pc0/pc4_r4_1[3]_i_3,LUT5,SLICE_X12Y242,SLICEM.B5LUT,32'hE81717E8
u_dut/u_pc0/pc4_r4_1[3]_i_4,LUT4,SLICE_X12Y242,SLICEM.C6LUT,16'h6996
u_dut/u_pc0/pc4_r4_1[3]_i_5,LUT6,SLICE_X13Y242,SLICEL.D6LUT,64'h6969699669969696
u_dut/u_pc0/pc4_r4_1[3]_i_6,LUT6,SLICE_X13Y242,SLICEL.C6LUT,64'h6999999699969666
u_dut/u_pc0/pc4_r4_1[3]_i_7,LUT4,SLICE_X13Y242,SLICEL.B6LUT,16'h566A
u_dut/u_pc0/pc4_r4_1[3]_i_8,LUT4,SLICE_X13Y242,SLICEL.A6LUT,16'h6996
u_dut/u_pc0/pc4_r4_1[3]_i_9,LUT3,SLICE_X12Y242,SLICEM.A6LUT,8'h96
u_dut/u_pc0/pc4_r4_1[6]_i_2,LUT5,SLICE_X12Y243,SLICEM.B6LUT,32'hEEE8E888
u_dut/u_pc0/pc4_r4_1[6]_i_3,LUT5,SLICE_X12Y242,SLICEM.A5LUT,32'hEEE8E888
u_dut/u_pc0/pc4_r4_1[6]_i_4,LUT5,SLICE_X13Y243,SLICEL.B6LUT,32'h177E7EE8
u_dut/u_pc0/pc4_r4_1[6]_i_5,LUT6,SLICE_X13Y243,SLICEL.A6LUT,64'h6969699669969696
u_dut/u_pc0/pc4_r4_1[6]_i_6,LUT3,SLICE_X12Y243,SLICEM.C6LUT,8'h96
u_dut/u_pc0/pc4_r4_1[6]_i_7,LUT3,SLICE_X12Y243,SLICEM.A6LUT,8'h96
u_dut/u_pc0/pc4_r4_1[6]_i_8,LUT3,SLICE_X12Y243,SLICEM.A5LUT,8'hE8
u_dut/u_pc0/pc4_r4_1_reg[0],FDRE,SLICE_X13Y242,SLICEL.AFF,1'b0
u_dut/u_pc0/pc4_r4_1_reg[1],FDRE,SLICE_X13Y242,SLICEL.BFF,1'b0
u_dut/u_pc0/pc4_r4_1_reg[2],FDRE,SLICE_X13Y242,SLICEL.CFF,1'b0
u_dut/u_pc0/pc4_r4_1_reg[3],FDRE,SLICE_X13Y242,SLICEL.DFF,1'b0
u_dut/u_pc0/pc4_r4_1_reg[3]_i_1,CARRY4,SLICE_X13Y242,SLICEL.CARRY4,
u_dut/u_pc0/pc4_r4_1_reg[4],FDRE,SLICE_X13Y243,SLICEL.AFF,1'b0
u_dut/u_pc0/pc4_r4_1_reg[5],FDRE,SLICE_X13Y243,SLICEL.BFF,1'b0
u_dut/u_pc0/pc4_r4_1_reg[6],FDRE,SLICE_X13Y243,SLICEL.CFF,1'b0
u_dut/u_pc0/pc4_r4_1_reg[6]_i_1,CARRY4,SLICE_X13Y243,SLICEL.CARRY4,
u_dut/u_pc0/pc4_r4_2_reg[0],FDRE,SLICE_X24Y246,SLICEL.BFF,1'b0
u_dut/u_pc0/pc4_r4_2_reg[1],FDRE,SLICE_X24Y246,SLICEL.CFF,1'b0
u_dut/u_pc0/pc4_r4_2_reg[2],FDRE,SLICE_X24Y244,SLICEL.A5FF,1'b0
u_dut/u_pc0/pc4_r4_2_reg[3],FDRE,SLICE_X24Y244,SLICEL.B5FF,1'b0
u_dut/u_pc0/pc4_r6_0[3]_i_2,LUT3,SLICE_X17Y243,SLICEL.C5LUT,8'hE8
u_dut/u_pc0/pc4_r6_0[3]_i_3,LUT3,SLICE_X17Y243,SLICEL.B5LUT,8'hE8
u_dut/u_pc0/pc4_r6_0[3]_i_4,LUT3,SLICE_X17Y243,SLICEL.A5LUT,8'hE8
u_dut/u_pc0/pc4_r6_0[3]_i_5,LUT4,SLICE_X17Y243,SLICEL.D6LUT,16'h6996
u_dut/u_pc0/pc4_r6_0[3]_i_6,LUT4,SLICE_X17Y243,SLICEL.C6LUT,16'h6996
u_dut/u_pc0/pc4_r6_0[3]_i_7,LUT4,SLICE_X17Y243,SLICEL.B6LUT,16'h6996
u_dut/u_pc0/pc4_r6_0[3]_i_8,LUT3,SLICE_X17Y243,SLICEL.A6LUT,8'h96
u_dut/u_pc0/pc4_r6_0[7]_i_2,LUT2,SLICE_X17Y244,SLICEL.C5LUT,4'h8
u_dut/u_pc0/pc4_r6_0[7]_i_3,LUT2,SLICE_X17Y244,SLICEL.B5LUT,4'h8
u_dut/u_pc0/pc4_r6_0[7]_i_4,LUT3,SLICE_X17Y244,SLICEL.A5LUT,8'hE8
u_dut/u_pc0/pc4_r6_0[7]_i_5,LUT2,SLICE_X17Y244,SLICEL.D6LUT,4'h8
u_dut/u_pc0/pc4_r6_0[7]_i_6,LUT4,SLICE_X17Y244,SLICEL.C6LUT,16'h8778
u_dut/u_pc0/pc4_r6_0[7]_i_7,LUT4,SLICE_X17Y244,SLICEL.B6LUT,16'h8778
u_dut/u_pc0/pc4_r6_0[7]_i_8,LUT5,SLICE_X17Y244,SLICEL.A6LUT,32'hE81717E8
u_dut/u_pc0/pc4_r6_0_reg[0],FDRE,SLICE_X17Y243,SLICEL.AFF,1'b0
u_dut/u_pc0/pc4_r6_0_reg[1],FDRE,SLICE_X17Y243,SLICEL.BFF,1'b0
u_dut/u_pc0/pc4_r6_0_reg[2],FDRE,SLICE_X17Y243,SLICEL.CFF,1'b0
u_dut/u_pc0/pc4_r6_0_reg[3],FDRE,SLICE_X17Y243,SLICEL.DFF,1'b0
u_dut/u_pc0/pc4_r6_0_reg[3]_i_1,CARRY4,SLICE_X17Y243,SLICEL.CARRY4,
u_dut/u_pc0/pc4_r6_0_reg[4],FDRE,SLICE_X17Y244,SLICEL.AFF,1'b0
u_dut/u_pc0/pc4_r6_0_reg[5],FDRE,SLICE_X17Y244,SLICEL.BFF,1'b0
u_dut/u_pc0/pc4_r6_0_reg[6],FDRE,SLICE_X17Y244,SLICEL.CFF,1'b0
u_dut/u_pc0/pc4_r6_0_reg[7],FDRE,SLICE_X17Y244,SLICEL.DFF,1'b0
u_dut/u_pc0/pc4_r6_0_reg[7]_i_1,CARRY4,SLICE_X17Y244,SLICEL.CARRY4,
u_dut/u_pc0/y[0]_i_1,LUT5,SLICE_X26Y241,SLICEL.A6LUT,32'h0A0A0F0C
u_dut/u_pc0/y[0]_i_10,LUT4,SLICE_X28Y240,SLICEL.B6LUT,16'h9009
u_dut/u_pc0/y[0]_i_11,LUT4,SLICE_X28Y240,SLICEL.A6LUT,16'h9009
u_dut/u_pc0/y[0]_i_12,LUT4,SLICE_X48Y241,SLICEL.D5LUT,16'h2F02
u_dut/u_pc0/y[0]_i_13,LUT4,SLICE_X48Y241,SLICEL.C5LUT,16'h2F02
u_dut/u_pc0/y[0]_i_14,LUT4,SLICE_X48Y241,SLICEL.B5LUT,16'h2F02
u_dut/u_pc0/y[0]_i_15,LUT4,SLICE_X48Y241,SLICEL.A5LUT,16'h2F02
u_dut/u_pc0/y[0]_i_16,LUT4,SLICE_X48Y241,SLICEL.D6LUT,16'h9009
u_dut/u_pc0/y[0]_i_17,LUT4,SLICE_X48Y241,SLICEL.C6LUT,16'h9009
u_dut/u_pc0/y[0]_i_18,LUT4,SLICE_X48Y241,SLICEL.B6LUT,16'h9009
u_dut/u_pc0/y[0]_i_19,LUT4,SLICE_X48Y241,SLICEL.A6LUT,16'h9009
u_dut/u_pc0/y[0]_i_4,LUT4,SLICE_X28Y240,SLICEL.D5LUT,16'h2F02
u_dut/u_pc0/y[0]_i_5,LUT4,SLICE_X28Y240,SLICEL.C5LUT,16'h2F02
u_dut/u_pc0/y[0]_i_6,LUT4,SLICE_X28Y240,SLICEL.B5LUT,16'h2F02
u_dut/u_pc0/y[0]_i_7,LUT4,SLICE_X28Y240,SLICEL.A5LUT,16'h2F02
u_dut/u_pc0/y[0]_i_8,LUT4,SLICE_X28Y240,SLICEL.D6LUT,16'h9009
u_dut/u_pc0/y[0]_i_9,LUT4,SLICE_X28Y240,SLICEL.C6LUT,16'h9009
u_dut/u_pc0/y[1]_i_1,LUT3,SLICE_X26Y241,SLICEL.A5LUT,8'h0E
u_dut/u_pc0/y[1]_i_10,LUT6,SLICE_X29Y241,SLICEL.B6LUT,64'hE21D00000000E21D
u_dut/u_pc0/y[1]_i_11,LUT6,SLICE_X29Y241,SLICEL.A6LUT,64'hE21D00000000E21D
u_dut/u_pc0/y[1]_i_12,LUT6,SLICE_X26Y241,SLICEL.B6LUT,64'h2F222FFF02000222
u_dut/u_pc0/y[1]_i_13,LUT6,SLICE_X26Y241,SLICEL.C6LUT,64'h2F222FFF02000222
u_dut/u_pc0/y[1]_i_14,LUT6,SLICE_X28Y241,SLICEL.B6LUT,64'h2F222FFF02000222
u_dut/u_pc0/y[1]_i_15,LUT6,SLICE_X28Y241,SLICEL.C6LUT,64'h2F222FFF02000222
u_dut/u_pc0/y[1]_i_16,LUT6,SLICE_X27Y241,SLICEL.D6LUT,64'hE21D00000000E21D
u_dut/u_pc0/y[1]_i_17,LUT6,SLICE_X27Y241,SLICEL.C6LUT,64'hE21D00000000E21D
u_dut/u_pc0/y[1]_i_18,LUT6,SLICE_X27Y241,SLICEL.B6LUT,64'hE21D00000000E21D
u_dut/u_pc0/y[1]_i_19,LUT6,SLICE_X27Y241,SLICEL.A6LUT,64'hE21D00000000E21D
u_dut/u_pc0/y[1]_i_4,LUT6,SLICE_X30Y241,SLICEL.A6LUT,64'h2F222FFF02000222
u_dut/u_pc0/y[1]_i_5,LUT6,SLICE_X30Y241,SLICEL.B6LUT,64'h2F222FFF02000222
u_dut/u_pc0/y[1]_i_6,LUT6,SLICE_X30Y241,SLICEL.C6LUT,64'h2F222FFF02000222
u_dut/u_pc0/y[1]_i_7,LUT6,SLICE_X31Y241,SLICEL.A6LUT,64'h2F222FFF02000222
u_dut/u_pc0/y[1]_i_8,LUT6,SLICE_X29Y241,SLICEL.D6LUT,64'hE21D00000000E21D
u_dut/u_pc0/y[1]_i_9,LUT6,SLICE_X29Y241,SLICEL.C6LUT,64'hE21D00000000E21D
u_dut/u_pc0/y[2]_i_10,LUT6,SLICE_X26Y242,SLICEL.B6LUT,64'hF0F0E2E2FF00E2E2
u_dut/u_pc0/y[2]_i_11,LUT6,SLICE_X28Y242,SLICEL.A6LUT,64'hF0F0E2E2FF00E2E2
u_dut/u_pc0/y[2]_i_12,LUT6,SLICE_X26Y241,SLICEL.D6LUT,64'hF0F0E2E2FF00E2E2
u_dut/u_pc0/y[2]_i_13,LUT6,SLICE_X28Y242,SLICEL.B6LUT,64'hF0F0E2E2FF00E2E2
u_dut/u_pc0/y[2]_i_14,LUT6,SLICE_X28Y241,SLICEL.D6LUT,64'hF0F0E2E2FF00E2E2
u_dut/u_pc0/y[2]_i_15,LUT6,SLICE_X27Y242,SLICEL.A6LUT,64'hF0F0E2E2FF00E2E2
u_dut/u_pc0/y[2]_i_16,LUT6,SLICE_X27Y242,SLICEL.B6LUT,64'hF0F0E2E2FF00E2E2
u_dut/u_pc0/y[2]_i_17,LUT6,SLICE_X27Y242,SLICEL.C6LUT,64'hF0F0E2E2FF00E2E2
u_dut/u_pc0/y[2]_i_18,LUT3,SLICE_X44Y241,SLICEL.A6LUT,8'hB8
u_dut/u_pc0/y[2]_i_19,LUT3,SLICE_X28Y241,SLICEL.A6LUT,8'hB8
u_dut/u_pc0/y[2]_i_2,LUT4,SLICE_X26Y243,SLICEL.D5LUT,16'h4F04
u_dut/u_pc0/y[2]_i_20,LUT3,SLICE_X44Y241,SLICEL.A5LUT,8'hB8
u_dut/u_pc0/y[2]_i_21,LUT3,SLICE_X28Y241,SLICEL.A5LUT,8'hB8
u_dut/u_pc0/y[2]_i_22,LUT3,SLICE_X46Y241,SLICEM.A6LUT,8'hB8
u_dut/u_pc0/y[2]_i_23,LUT3,SLICE_X27Y240,SLICEL.A6LUT,8'hB8
u_dut/u_pc0/y[2]_i_24,LUT3,SLICE_X46Y241,SLICEM.A5LUT,8'hB8
u_dut/u_pc0/y[2]_i_25,LUT3,SLICE_X27Y240,SLICEL.A5LUT,8'hB8
u_dut/u_pc0/y[2]_i_3,LUT4,SLICE_X26Y243,SLICEL.C5LUT,16'h4F04
u_dut/u_pc0/y[2]_i_4,LUT4,SLICE_X26Y243,SLICEL.B5LUT,16'h4F04
u_dut/u_pc0/y[2]_i_5,LUT4,SLICE_X26Y243,SLICEL.A5LUT,16'h4F04
u_dut/u_pc0/y[2]_i_6,LUT4,SLICE_X26Y243,SLICEL.D6LUT,16'h8241
u_dut/u_pc0/y[2]_i_7,LUT4,SLICE_X26Y243,SLICEL.C6LUT,16'h8241
u_dut/u_pc0/y[2]_i_8,LUT4,SLICE_X26Y243,SLICEL.B6LUT,16'h8241
u_dut/u_pc0/y[2]_i_9,LUT4,SLICE_X26Y243,SLICEL.A6LUT,16'h8241
u_dut/u_pc0/y_reg[0],FDRE,SLICE_X26Y241,SLICEL.AFF,1'b0
u_dut/u_pc0/y_reg[0]_i_2,CARRY4,SLICE_X28Y240,SLICEL.CARRY4,
u_dut/u_pc0/y_reg[0]_i_3,CARRY4,SLICE_X48Y241,SLICEL.CARRY4,
u_dut/u_pc0/y_reg[1],FDRE,SLICE_X26Y241,SLICEL.A5FF,1'b0
u_dut/u_pc0/y_reg[1]_i_2,CARRY4,SLICE_X29Y241,SLICEL.CARRY4,
u_dut/u_pc0/y_reg[1]_i_3,CARRY4,SLICE_X27Y241,SLICEL.CARRY4,
u_dut/u_pc0/y_reg[2],FDRE,SLICE_X26Y243,SLICEL.DFF,1'b0
u_dut/u_pc0/y_reg[2]_i_1,CARRY4,SLICE_X26Y243,SLICEL.CARRY4,
u_dut/u_pc1/GND,GND,,,
u_dut/u_pc1/VCC,VCC,,,
u_dut/u_pc1/pc0_a0[0]_i_1,LUT6,SLICE_X57Y226,SLICEL.A6LUT,64'h6996966996696996
u_dut/u_pc1/pc0_a0[1]_i_1,LUT6,SLICE_X57Y225,SLICEL.A6LUT,64'h8117177E177E7EE8
u_dut/u_pc1/pc0_a0[2]_i_1,LUT6,SLICE_X59Y227,SLICEL.A6LUT,64'hFEE8E880E8808000
u_dut/u_pc1/pc0_a0_reg[0],FDRE,SLICE_X57Y226,SLICEL.AFF,1'b0
u_dut/u_pc1/pc0_a0_reg[1],FDRE,SLICE_X57Y225,SLICEL.AFF,1'b0
u_dut/u_pc1/pc0_a0_reg[2],FDRE,SLICE_X59Y227,SLICEL.AFF,1'b0
u_dut/u_pc1/pc0_a10[0]_i_1,LUT6,SLICE_X50Y233,SLICEM.C6LUT,64'h6996966996696996
u_dut/u_pc1/pc0_a10[1]_i_1,LUT6,SLICE_X51Y235,SLICEL.A6LUT,64'h8117177E177E7EE8
u_dut/u_pc1/pc0_a10[2]_i_1,LUT6,SLICE_X52Y235,SLICEM.A6LUT,64'hFEE8E880E8808000
u_dut/u_pc1/pc0_a10_reg[0],FDRE,SLICE_X50Y233,SLICEM.CFF,1'b0
u_dut/u_pc1/pc0_a10_reg[1],FDRE,SLICE_X51Y235,SLICEL.AFF,1'b0
u_dut/u_pc1/pc0_a10_reg[2],FDRE,SLICE_X52Y235,SLICEM.AFF,1'b0
u_dut/u_pc1/pc0_a11[0]_i_1,LUT6,SLICE_X51Y231,SLICEL.A6LUT,64'h6996966996696996
u_dut/u_pc1/pc0_a11[1]_i_1,LUT6,SLICE_X51Y231,SLICEL.B6LUT,64'h8117177E177E7EE8
u_dut/u_pc1/pc0_a11[2]_i_1,LUT6,SLICE_X52Y232,SLICEM.B6LUT,64'hFEE8E880E8808000
u_dut/u_pc1/pc0_a11_reg[0],FDRE,SLICE_X51Y231,SLICEL.AFF,1'b0
u_dut/u_pc1/pc0_a11_reg[1],FDRE,SLICE_X51Y231,SLICEL.BFF,1'b0
u_dut/u_pc1/pc0_a11_reg[2],FDRE,SLICE_X52Y232,SLICEM.BFF,1'b0
u_dut/u_pc1/pc0_a12[0]_i_1,LUT6,SLICE_X47Y232,SLICEL.B6LUT,64'h6996966996696996
u_dut/u_pc1/pc0_a12[1]_i_1,LUT6,SLICE_X47Y230,SLICEL.A6LUT,64'h8117177E177E7EE8
u_dut/u_pc1/pc0_a12[2]_i_1,LUT6,SLICE_X48Y233,SLICEL.B6LUT,64'hFEE8E880E8808000
u_dut/u_pc1/pc0_a12_reg[0],FDRE,SLICE_X47Y232,SLICEL.BFF,1'b0
u_dut/u_pc1/pc0_a12_reg[1],FDRE,SLICE_X47Y230,SLICEL.AFF,1'b0
u_dut/u_pc1/pc0_a12_reg[2],FDRE,SLICE_X48Y233,SLICEL.BFF,1'b0
u_dut/u_pc1/pc0_a13[0]_i_1,LUT6,SLICE_X46Y231,SLICEM.A6LUT,64'h6996966996696996
u_dut/u_pc1/pc0_a13[1]_i_1,LUT6,SLICE_X49Y232,SLICEL.B6LUT,64'h8117177E177E7EE8
u_dut/u_pc1/pc0_a13[2]_i_1,LUT6,SLICE_X46Y232,SLICEM.B6LUT,64'hFEE8E880E8808000
u_dut/u_pc1/pc0_a13_reg[0],FDRE,SLICE_X46Y231,SLICEM.AFF,1'b0
u_dut/u_pc1/pc0_a13_reg[1],FDRE,SLICE_X49Y232,SLICEL.BFF,1'b0
u_dut/u_pc1/pc0_a13_reg[2],FDRE,SLICE_X46Y232,SLICEM.BFF,1'b0
u_dut/u_pc1/pc0_a14[0]_i_1,LUT6,SLICE_X47Y231,SLICEL.C6LUT,64'h6996966996696996
u_dut/u_pc1/pc0_a14[1]_i_1,LUT6,SLICE_X47Y231,SLICEL.D6LUT,64'h8117177E177E7EE8
u_dut/u_pc1/pc0_a14[2]_i_1,LUT6,SLICE_X48Y231,SLICEL.C6LUT,64'hFEE8E880E8808000
u_dut/u_pc1/pc0_a14_reg[0],FDRE,SLICE_X47Y231,SLICEL.CFF,1'b0
u_dut/u_pc1/pc0_a14_reg[1],FDRE,SLICE_X47Y231,SLICEL.DFF,1'b0
u_dut/u_pc1/pc0_a14_reg[2],FDRE,SLICE_X48Y231,SLICEL.CFF,1'b0
u_dut/u_pc1/pc0_a15[0]_i_1,LUT6,SLICE_X48Y232,SLICEL.C6LUT,64'h6996966996696996
u_dut/u_pc1/pc0_a15[1]_i_1,LUT6,SLICE_X48Y232,SLICEL.D6LUT,64'h8117177E177E7EE8
u_dut/u_pc1/pc0_a15[2]_i_1,LUT6,SLICE_X49Y233,SLICEL.A6LUT,64'hFEE8E880E8808000
u_dut/u_pc1/pc0_a15_reg[0],FDRE,SLICE_X48Y232,SLICEL.CFF,1'b0
u_dut/u_pc1/pc0_a15_reg[1],FDRE,SLICE_X48Y232,SLICEL.DFF,1'b0
u_dut/u_pc1/pc0_a15_reg[2],FDRE,SLICE_X49Y233,SLICEL.AFF,1'b0
u_dut/u_pc1/pc0_a16[0]_i_1,LUT6,SLICE_X48Y229,SLICEL.B6LUT,64'h6996966996696996
u_dut/u_pc1/pc0_a16[1]_i_1,LUT6,SLICE_X48Y229,SLICEL.C6LUT,64'h8117177E177E7EE8
u_dut/u_pc1/pc0_a16[2]_i_1,LUT6,SLICE_X47Y228,SLICEL.B6LUT,64'hFEE8E880E8808000
u_dut/u_pc1/pc0_a16_reg[0],FDRE,SLICE_X48Y229,SLICEL.BFF,1'b0
u_dut/u_pc1/pc0_a16_reg[1],FDRE,SLICE_X48Y229,SLICEL.CFF,1'b0
u_dut/u_pc1/pc0_a16_reg[2],FDRE,SLICE_X47Y228,SLICEL.BFF,1'b0
u_dut/u_pc1/pc0_a17[0]_i_1,LUT6,SLICE_X51Y229,SLICEL.C6LUT,64'h6996966996696996
u_dut/u_pc1/pc0_a17[1]_i_1,LUT6,SLICE_X50Y226,SLICEM.B6LUT,64'h8117177E177E7EE8
u_dut/u_pc1/pc0_a17[2]_i_1,LUT6,SLICE_X50Y228,SLICEM.D6LUT,64'hFEE8E880E8808000
u_dut/u_pc1/pc0_a17_reg[0],FDRE,SLICE_X51Y229,SLICEL.CFF,1'b0
u_dut/u_pc1/pc0_a17_reg[1],FDRE,SLICE_X50Y226,SLICEM.BFF,1'b0
u_dut/u_pc1/pc0_a17_reg[2],FDRE,SLICE_X50Y228,SLICEM.DFF,1'b0
u_dut/u_pc1/pc0_a18[0]_i_1,LUT6,SLICE_X48Y227,SLICEL.B6LUT,64'h6996966996696996
u_dut/u_pc1/pc0_a18[1]_i_1,LUT6,SLICE_X47Y229,SLICEL.D6LUT,64'h8117177E177E7EE8
u_dut/u_pc1/pc0_a18[2]_i_1,LUT6,SLICE_X47Y228,SLICEL.C6LUT,64'hFEE8E880E8808000
u_dut/u_pc1/pc0_a18_reg[0],FDRE,SLICE_X48Y227,SLICEL.BFF,1'b0
u_dut/u_pc1/pc0_a18_reg[1],FDRE,SLICE_X47Y229,SLICEL.DFF,1'b0
u_dut/u_pc1/pc0_a18_reg[2],FDRE,SLICE_X47Y228,SLICEL.CFF,1'b0
u_dut/u_pc1/pc0_a19[0]_i_1,LUT6,SLICE_X48Y230,SLICEL.A6LUT,64'h6996966996696996
u_dut/u_pc1/pc0_a19[1]_i_1,LUT6,SLICE_X48Y230,SLICEL.B6LUT,64'h8117177E177E7EE8
u_dut/u_pc1/pc0_a19[2]_i_1,LUT6,SLICE_X49Y228,SLICEL.A6LUT,64'hFEE8E880E8808000
u_dut/u_pc1/pc0_a19_reg[0],FDRE,SLICE_X48Y230,SLICEL.AFF,1'b0
u_dut/u_pc1/pc0_a19_reg[1],FDRE,SLICE_X48Y230,SLICEL.BFF,1'b0
u_dut/u_pc1/pc0_a19_reg[2],FDRE,SLICE_X49Y228,SLICEL.AFF,1'b0
u_dut/u_pc1/pc0_a1[0]_i_1,LUT6,SLICE_X58Y226,SLICEM.A6LUT,64'h6996966996696996
u_dut/u_pc1/pc0_a1[1]_i_1,LUT6,SLICE_X58Y227,SLICEM.A6LUT,64'h8117177E177E7EE8
u_dut/u_pc1/pc0_a1[2]_i_1,LUT6,SLICE_X59Y228,SLICEL.A6LUT,64'hFEE8E880E8808000
u_dut/u_pc1/pc0_a1_reg[0],FDRE,SLICE_X58Y226,SLICEM.AFF,1'b0
u_dut/u_pc1/pc0_a1_reg[1],FDRE,SLICE_X58Y227,SLICEM.AFF,1'b0
u_dut/u_pc1/pc0_a1_reg[2],FDRE,SLICE_X59Y228,SLICEL.AFF,1'b0
u_dut/u_pc1/pc0_a20[0]_i_1,LUT6,SLICE_X60Y229,SLICEL.A6LUT,64'h6996966996696996
u_dut/u_pc1/pc0_a20[1]_i_1,LUT6,SLICE_X63Y229,SLICEL.D6LUT,64'h8117177E177E7EE8
u_dut/u_pc1/pc0_a20[2]_i_1,LUT6,SLICE_X62Y228,SLICEM.B6LUT,64'hFEE8E880E8808000
u_dut/u_pc1/pc0_a20_reg[0],FDRE,SLICE_X60Y229,SLICEL.AFF,1'b0
u_dut/u_pc1/pc0_a20_reg[1],FDRE,SLICE_X63Y229,SLICEL.DFF,1'b0
u_dut/u_pc1/pc0_a20_reg[2],FDRE,SLICE_X62Y228,SLICEM.BFF,1'b0
u_dut/u_pc1/pc0_a21[0]_i_1,LUT6,SLICE_X61Y229,SLICEL.A6LUT,64'h6996966996696996
u_dut/u_pc1/pc0_a21[1]_i_1,LUT6,SLICE_X64Y230,SLICEL.C6LUT,64'h8117177E177E7EE8
u_dut/u_pc1/pc0_a21[2]_i_1,LUT6,SLICE_X61Y230,SLICEL.B6LUT,64'hFEE8E880E8808000
u_dut/u_pc1/pc0_a21_reg[0],FDRE,SLICE_X61Y229,SLICEL.AFF,1'b0
u_dut/u_pc1/pc0_a21_reg[1],FDRE,SLICE_X64Y230,SLICEL.CFF,1'b0
u_dut/u_pc1/pc0_a21_reg[2],FDRE,SLICE_X61Y230,SLICEL.BFF,1'b0
u_dut/u_pc1/pc0_a22[0]_i_1,LUT6,SLICE_X60Y229,SLICEL.B6LUT,64'h6996966996696996
u_dut/u_pc1/pc0_a22[1]_i_1,LUT6,SLICE_X64Y230,SLICEL.D6LUT,64'h8117177E177E7EE8
u_dut/u_pc1/pc0_a22[2]_i_1,LUT6,SLICE_X61Y230,SLICEL.C6LUT,64'hFEE8E880E8808000
u_dut/u_pc1/pc0_a22_reg[0],FDRE,SLICE_X60Y229,SLICEL.BFF,1'b0
u_dut/u_pc1/pc0_a22_reg[1],FDRE,SLICE_X64Y230,SLICEL.DFF,1'b0
u_dut/u_pc1/pc0_a22_reg[2],FDRE,SLICE_X61Y230,SLICEL.CFF,1'b0
u_dut/u_pc1/pc0_a23[0]_i_1,LUT6,SLICE_X61Y229,SLICEL.B6LUT,64'h6996966996696996
u_dut/u_pc1/pc0_a23[1]_i_1,LUT6,SLICE_X62Y230,SLICEM.B6LUT,64'h8117177E177E7EE8
u_dut/u_pc1/pc0_a23[2]_i_1,LUT6,SLICE_X62Y230,SLICEM.C6LUT,64'hFEE8E880E8808000
u_dut/u_pc1/pc0_a23_reg[0],FDRE,SLICE_X61Y229,SLICEL.BFF,1'b0
u_dut/u_pc1/pc0_a23_reg[1],FDRE,SLICE_X62Y230,SLICEM.BFF,1'b0
u_dut/u_pc1/pc0_a23_reg[2],FDRE,SLICE_X62Y230,SLICEM.CFF,1'b0
u_dut/u_pc1/pc0_a24[0]_i_1,LUT6,SLICE_X52Y230,SLICEM.B6LUT,64'h6996966996696996
u_dut/u_pc1/pc0_a24[1]_i_1,LUT6,SLICE_X52Y230,SLICEM.C6LUT,64'h8117177E177E7EE8
u_dut/u_pc1/pc0_a24[2]_i_1,LUT6,SLICE_X50Y230,SLICEM.B6LUT,64'hFEE8E880E8808000
u_dut/u_pc1/pc0_a24_reg[0],FDRE,SLICE_X52Y230,SLICEM.BFF,1'b0
u_dut/u_pc1/pc0_a24_reg[1],FDRE,SLICE_X52Y230,SLICEM.CFF,1'b0
u_dut/u_pc1/pc0_a24_reg[2],FDRE,SLICE_X50Y230,SLICEM.BFF,1'b0
u_dut/u_pc1/pc0_a25[0]_i_1,LUT6,SLICE_X51Y230,SLICEL.B6LUT,64'h6996966996696996
u_dut/u_pc1/pc0_a25[1]_i_1,LUT6,SLICE_X51Y229,SLICEL.D6LUT,64'h8117177E177E7EE8
u_dut/u_pc1/pc0_a25[2]_i_1,LUT6,SLICE_X53Y228,SLICEL.A6LUT,64'hFEE8E880E8808000
u_dut/u_pc1/pc0_a25_reg[0],FDRE,SLICE_X51Y230,SLICEL.BFF,1'b0
u_dut/u_pc1/pc0_a25_reg[1],FDRE,SLICE_X51Y229,SLICEL.DFF,1'b0
u_dut/u_pc1/pc0_a25_reg[2],FDRE,SLICE_X53Y228,SLICEL.AFF,1'b0
u_dut/u_pc1/pc0_a26[0]_i_1,LUT6,SLICE_X52Y231,SLICEM.B6LUT,64'h6996966996696996
u_dut/u_pc1/pc0_a26[1]_i_1,LUT6,SLICE_X52Y228,SLICEM.A6LUT,64'h8117177E177E7EE8
u_dut/u_pc1/pc0_a26[2]_i_1,LUT6,SLICE_X52Y228,SLICEM.B6LUT,64'hFEE8E880E8808000
u_dut/u_pc1/pc0_a26_reg[0],FDRE,SLICE_X52Y231,SLICEM.BFF,1'b0
u_dut/u_pc1/pc0_a26_reg[1],FDRE,SLICE_X52Y228,SLICEM.AFF,1'b0
u_dut/u_pc1/pc0_a26_reg[2],FDRE,SLICE_X52Y228,SLICEM.BFF,1'b0
u_dut/u_pc1/pc0_a27[0]_i_1,LUT6,SLICE_X53Y230,SLICEL.A6LUT,64'h6996966996696996
u_dut/u_pc1/pc0_a27[1]_i_1,LUT6,SLICE_X52Y229,SLICEM.A6LUT,64'h8117177E177E7EE8
u_dut/u_pc1/pc0_a27[2]_i_1,LUT6,SLICE_X52Y229,SLICEM.B6LUT,64'hFEE8E880E8808000
u_dut/u_pc1/pc0_a27_reg[0],FDRE,SLICE_X53Y230,SLICEL.AFF,1'b0
u_dut/u_pc1/pc0_a27_reg[1],FDRE,SLICE_X52Y229,SLICEM.AFF,1'b0
u_dut/u_pc1/pc0_a27_reg[2],FDRE,SLICE_X52Y229,SLICEM.BFF,1'b0
u_dut/u_pc1/pc0_a28[0]_i_1,LUT6,SLICE_X63Y226,SLICEL.B6LUT,64'h6996966996696996
u_dut/u_pc1/pc0_a28[1]_i_1,LUT6,SLICE_X63Y226,SLICEL.C6LUT,64'h8117177E177E7EE8
u_dut/u_pc1/pc0_a28[2]_i_1,LUT6,SLICE_X60Y226,SLICEL.A6LUT,64'hFEE8E880E8808000
u_dut/u_pc1/pc0_a28_reg[0],FDRE,SLICE_X63Y226,SLICEL.BFF,1'b0
u_dut/u_pc1/pc0_a28_reg[1],FDRE,SLICE_X63Y226,SLICEL.CFF,1'b0
u_dut/u_pc1/pc0_a28_reg[2],FDRE,SLICE_X60Y226,SLICEL.AFF,1'b0
u_dut/u_pc1/pc0_a29[0]_i_1,LUT6,SLICE_X60Y225,SLICEL.B6LUT,64'h6996966996696996
u_dut/u_pc1/pc0_a29[1]_i_1,LUT6,SLICE_X64Y225,SLICEL.A6LUT,64'h8117177E177E7EE8
u_dut/u_pc1/pc0_a29[2]_i_1,LUT6,SLICE_X60Y225,SLICEL.C6LUT,64'hFEE8E880E8808000
u_dut/u_pc1/pc0_a29_reg[0],FDRE,SLICE_X60Y225,SLICEL.BFF,1'b0
u_dut/u_pc1/pc0_a29_reg[1],FDRE,SLICE_X64Y225,SLICEL.AFF,1'b0
u_dut/u_pc1/pc0_a29_reg[2],FDRE,SLICE_X60Y225,SLICEL.CFF,1'b0
u_dut/u_pc1/pc0_a2[0]_i_1,LUT6,SLICE_X60Y224,SLICEL.D6LUT,64'h6996966996696996
u_dut/u_pc1/pc0_a2[1]_i_1,LUT6,SLICE_X59Y224,SLICEL.C6LUT,64'h8117177E177E7EE8
u_dut/u_pc1/pc0_a2[2]_i_1,LUT6,SLICE_X59Y224,SLICEL.D6LUT,64'hFEE8E880E8808000
u_dut/u_pc1/pc0_a2_reg[0],FDRE,SLICE_X60Y224,SLICEL.DFF,1'b0
u_dut/u_pc1/pc0_a2_reg[1],FDRE,SLICE_X59Y224,SLICEL.CFF,1'b0
u_dut/u_pc1/pc0_a2_reg[2],FDRE,SLICE_X59Y224,SLICEL.DFF,1'b0
u_dut/u_pc1/pc0_a30[0]_i_1,LUT6,SLICE_X60Y227,SLICEL.A6LUT,64'h6996966996696996
u_dut/u_pc1/pc0_a30[1]_i_1,LUT6,SLICE_X61Y227,SLICEL.A6LUT,64'h8117177E177E7EE8
u_dut/u_pc1/pc0_a30[2]_i_1,LUT6,SLICE_X60Y225,SLICEL.D6LUT,64'hFEE8E880E8808000
u_dut/u_pc1/pc0_a30_reg[0],FDRE,SLICE_X60Y227,SLICEL.AFF,1'b0
u_dut/u_pc1/pc0_a30_reg[1],FDRE,SLICE_X61Y227,SLICEL.AFF,1'b0
u_dut/u_pc1/pc0_a30_reg[2],FDRE,SLICE_X60Y225,SLICEL.DFF,1'b0
u_dut/u_pc1/pc0_a31[0]_i_1,LUT6,SLICE_X61Y228,SLICEL.A6LUT,64'h6996966996696996
u_dut/u_pc1/pc0_a31[1]_i_1,LUT6,SLICE_X61Y228,SLICEL.B6LUT,64'h8117177E177E7EE8
u_dut/u_pc1/pc0_a31[2]_i_1,LUT6,SLICE_X61Y227,SLICEL.B6LUT,64'hFEE8E880E8808000
u_dut/u_pc1/pc0_a31_reg[0],FDRE,SLICE_X61Y228,SLICEL.AFF,1'b0
u_dut/u_pc1/pc0_a31_reg[1],FDRE,SLICE_X61Y228,SLICEL.BFF,1'b0
u_dut/u_pc1/pc0_a31_reg[2],FDRE,SLICE_X61Y227,SLICEL.BFF,1'b0
u_dut/u_pc1/pc0_a32[0]_i_1,LUT6,SLICE_X60Y236,SLICEL.A6LUT,64'h6996966996696996
u_dut/u_pc1/pc0_a32[1]_i_1,LUT6,SLICE_X59Y236,SLICEL.A6LUT,64'h8117177E177E7EE8
u_dut/u_pc1/pc0_a32[2]_i_1,LUT6,SLICE_X59Y236,SLICEL.B6LUT,64'hFEE8E880E8808000
u_dut/u_pc1/pc0_a32_reg[0],FDRE,SLICE_X60Y236,SLICEL.AFF,1'b0
u_dut/u_pc1/pc0_a32_reg[1],FDRE,SLICE_X59Y236,SLICEL.AFF,1'b0
u_dut/u_pc1/pc0_a32_reg[2],FDRE,SLICE_X59Y236,SLICEL.BFF,1'b0
u_dut/u_pc1/pc0_a33[0]_i_1,LUT2,SLICE_X59Y237,SLICEL.A6LUT,4'h6
u_dut/u_pc1/pc0_a33[1]_i_1,LUT2,SLICE_X59Y237,SLICEL.A5LUT,4'h8
u_dut/u_pc1/pc0_a33_reg[0],FDRE,SLICE_X59Y237,SLICEL.AFF,1'b0
u_dut/u_pc1/pc0_a33_reg[1],FDRE,SLICE_X59Y237,SLICEL.A5FF,1'b0
u_dut/u_pc1/pc0_a3[0]_i_1,LUT6,SLICE_X58Y226,SLICEM.B6LUT,64'h6996966996696996
u_dut/u_pc1/pc0_a3[1]_i_1,LUT6,SLICE_X56Y227,SLICEM.C6LUT,64'h8117177E177E7EE8
u_dut/u_pc1/pc0_a3[2]_i_1,LUT6,SLICE_X59Y228,SLICEL.B6LUT,64'hFEE8E880E8808000
u_dut/u_pc1/pc0_a3_reg[0],FDRE,SLICE_X58Y226,SLICEM.BFF,1'b0
u_dut/u_pc1/pc0_a3_reg[1],FDRE,SLICE_X56Y227,SLICEM.CFF,1'b0
u_dut/u_pc1/pc0_a3_reg[2],FDRE,SLICE_X59Y228,SLICEL.BFF,1'b0
u_dut/u_pc1/pc0_a4[0]_i_1,LUT6,SLICE_X52Y228,SLICEM.C6LUT,64'h6996966996696996
u_dut/u_pc1/pc0_a4[1]_i_1,LUT6,SLICE_X52Y227,SLICEM.C6LUT,64'h8117177E177E7EE8
u_dut/u_pc1/pc0_a4[2]_i_1,LUT6,SLICE_X52Y228,SLICEM.D6LUT,64'hFEE8E880E8808000
u_dut/u_pc1/pc0_a4_reg[0],FDRE,SLICE_X52Y228,SLICEM.CFF,1'b0
u_dut/u_pc1/pc0_a4_reg[1],FDRE,SLICE_X52Y227,SLICEM.CFF,1'b0
u_dut/u_pc1/pc0_a4_reg[2],FDRE,SLICE_X52Y228,SLICEM.DFF,1'b0
u_dut/u_pc1/pc0_a5[0]_i_1,LUT6,SLICE_X53Y226,SLICEL.A6LUT,64'h6996966996696996
u_dut/u_pc1/pc0_a5[1]_i_1,LUT6,SLICE_X53Y226,SLICEL.B6LUT,64'h8117177E177E7EE8
u_dut/u_pc1/pc0_a5[2]_i_1,LUT6,SLICE_X53Y226,SLICEL.C6LUT,64'hFEE8E880E8808000
u_dut/u_pc1/pc0_a5_reg[0],FDRE,SLICE_X53Y226,SLICEL.AFF,1'b0
u_dut/u_pc1/pc0_a5_reg[1],FDRE,SLICE_X53Y226,SLICEL.BFF,1'b0
u_dut/u_pc1/pc0_a5_reg[2],FDRE,SLICE_X53Y226,SLICEL.CFF,1'b0
u_dut/u_pc1/pc0_a6[0]_i_1,LUT6,SLICE_X54Y228,SLICEM.A6LUT,64'h6996966996696996
u_dut/u_pc1/pc0_a6[1]_i_1,LUT6,SLICE_X57Y228,SLICEL.D6LUT,64'h8117177E177E7EE8
u_dut/u_pc1/pc0_a6[2]_i_1,LUT6,SLICE_X55Y227,SLICEL.A6LUT,64'hFEE8E880E8808000
u_dut/u_pc1/pc0_a6_reg[0],FDRE,SLICE_X54Y228,SLICEM.AFF,1'b0
u_dut/u_pc1/pc0_a6_reg[1],FDRE,SLICE_X57Y228,SLICEL.DFF,1'b0
u_dut/u_pc1/pc0_a6_reg[2],FDRE,SLICE_X55Y227,SLICEL.AFF,1'b0
u_dut/u_pc1/pc0_a7[0]_i_1,LUT6,SLICE_X54Y227,SLICEM.C6LUT,64'h6996966996696996
u_dut/u_pc1/pc0_a7[1]_i_1,LUT6,SLICE_X55Y227,SLICEL.B6LUT,64'h8117177E177E7EE8
u_dut/u_pc1/pc0_a7[2]_i_1,LUT6,SLICE_X55Y227,SLICEL.C6LUT,64'hFEE8E880E8808000
u_dut/u_pc1/pc0_a7_reg[0],FDRE,SLICE_X54Y227,SLICEM.CFF,1'b0
u_dut/u_pc1/pc0_a7_reg[1],FDRE,SLICE_X55Y227,SLICEL.BFF,1'b0
u_dut/u_pc1/pc0_a7_reg[2],FDRE,SLICE_X55Y227,SLICEL.CFF,1'b0
u_dut/u_pc1/pc0_a8[0]_i_1,LUT6,SLICE_X50Y233,SLICEM.D6LUT,64'h6996966996696996
u_dut/u_pc1/pc0_a8[1]_i_1,LUT6,SLICE_X51Y233,SLICEL.A6LUT,64'h8117177E177E7EE8
u_dut/u_pc1/pc0_a8[2]_i_1,LUT6,SLICE_X52Y233,SLICEM.B6LUT,64'hFEE8E880E8808000
u_dut/u_pc1/pc0_a8_reg[0],FDRE,SLICE_X50Y233,SLICEM.DFF,1'b0
u_dut/u_pc1/pc0_a8_reg[1],FDRE,SLICE_X51Y233,SLICEL.AFF,1'b0
u_dut/u_pc1/pc0_a8_reg[2],FDRE,SLICE_X52Y233,SLICEM.BFF,1'b0
u_dut/u_pc1/pc0_a9[0]_i_1,LUT6,SLICE_X51Y233,SLICEL.B6LUT,64'h6996966996696996
u_dut/u_pc1/pc0_a9[1]_i_1,LUT6,SLICE_X50Y234,SLICEM.D6LUT,64'h8117177E177E7EE8
u_dut/u_pc1/pc0_a9[2]_i_1,LUT6,SLICE_X52Y234,SLICEM.B6LUT,64'hFEE8E880E8808000
u_dut/u_pc1/pc0_a9_reg[0],FDRE,SLICE_X51Y233,SLICEL.BFF,1'b0
u_dut/u_pc1/pc0_a9_reg[1],FDRE,SLICE_X50Y234,SLICEM.DFF,1'b0
u_dut/u_pc1/pc0_a9_reg[2],FDRE,SLICE_X52Y234,SLICEM.BFF,1'b0
u_dut/u_pc1/pc0_r2_0[0]_i_1,LUT4,SLICE_X58Y226,SLICEM.C6LUT,16'h6996
u_dut/u_pc1/pc0_r2_0[1]_i_1,LUT5,SLICE_X58Y226,SLICEM.D6LUT,32'h81177EE8
u_dut/u_pc1/pc0_r2_0[1]_i_2,LUT4,SLICE_X58Y227,SLICEM.B6LUT,16'h6996
u_dut/u_pc1/pc0_r2_0[2]_i_1,LUT6,SLICE_X58Y227,SLICEM.C6LUT,64'h9669699666666666
u_dut/u_pc1/pc0_r2_0[2]_i_2,LUT5,SLICE_X58Y226,SLICEM.D5LUT,32'hFEE88000
u_dut/u_pc1/pc0_r2_0[2]_i_3,LUT5,SLICE_X59Y227,SLICEL.D6LUT,32'h96696996
u_dut/u_pc1/pc0_r2_0[3]_i_1,LUT6,SLICE_X59Y227,SLICEL.B6LUT,64'hA99595569556566A
u_dut/u_pc1/pc0_r2_0[4]_i_1,LUT6,SLICE_X59Y227,SLICEL.C6LUT,64'hFEEAEAA8EAA8A880
u_dut/u_pc1/pc0_r2_0[4]_i_2,LUT6,SLICE_X58Y227,SLICEM.D6LUT,64'hEBBEAAAA82280000
u_dut/u_pc1/pc0_r2_0[4]_i_3,LUT3,SLICE_X58Y227,SLICEM.B5LUT,8'hE8
u_dut/u_pc1/pc0_r2_0_reg[0],FDRE,SLICE_X58Y226,SLICEM.CFF,1'b0
u_dut/u_pc1/pc0_r2_0_reg[1],FDRE,SLICE_X58Y227,SLICEM.A5FF,1'b0
u_dut/u_pc1/pc0_r2_0_reg[2],FDRE,SLICE_X58Y227,SLICEM.CFF,1'b0
u_dut/u_pc1/pc0_r2_0_reg[3],FDRE,SLICE_X59Y227,SLICEL.BFF,1'b0
u_dut/u_pc1/pc0_r2_0_reg[4],FDRE,SLICE_X59Y227,SLICEL.CFF,1'b0
u_dut/u_pc1/pc0_r2_1[0]_i_1,LUT4,SLICE_X53Y228,SLICEL.B6LUT,16'h6996
u_dut/u_pc1/pc0_r2_1[1]_i_1,LUT5,SLICE_X53Y228,SLICEL.C6LUT,32'h81177EE8
u_dut/u_pc1/pc0_r2_1[1]_i_2,LUT4,SLICE_X55Y228,SLICEL.A6LUT,16'h6996
u_dut/u_pc1/pc0_r2_1[2]_i_1,LUT6,SLICE_X55Y228,SLICEL.B6LUT,64'h9669699666666666
u_dut/u_pc1/pc0_r2_1[2]_i_2,LUT5,SLICE_X53Y228,SLICEL.C5LUT,32'hFEE88000
u_dut/u_pc1/pc0_r2_1[2]_i_3,LUT5,SLICE_X55Y228,SLICEL.D6LUT,32'h96696996
u_dut/u_pc1/pc0_r2_1[3]_i_1,LUT6,SLICE_X54Y228,SLICEM.B6LUT,64'hA99595569556566A
u_dut/u_pc1/pc0_r2_1[4]_i_1,LUT6,SLICE_X54Y228,SLICEM.C6LUT,64'hFEEAEAA8EAA8A880
u_dut/u_pc1/pc0_r2_1[4]_i_2,LUT6,SLICE_X55Y228,SLICEL.C6LUT,64'hEBBEAAAA82280000
u_dut/u_pc1/pc0_r2_1[4]_i_3,LUT3,SLICE_X55Y228,SLICEL.A5LUT,8'hE8
u_dut/u_pc1/pc0_r2_1_reg[0],FDRE,SLICE_X53Y228,SLICEL.BFF,1'b0
u_dut/u_pc1/pc0_r2_1_reg[1],FDRE,SLICE_X55Y230,SLICEL.A5FF,1'b0
u_dut/u_pc1/pc0_r2_1_reg[2],FDRE,SLICE_X55Y228,SLICEL.BFF,1'b0
u_dut/u_pc1/pc0_r2_1_reg[3],FDRE,SLICE_X54Y228,SLICEM.BFF,1'b0
u_dut/u_pc1/pc0_r2_1_reg[4],FDRE,SLICE_X54Y228,SLICEM.CFF,1'b0
u_dut/u_pc1/pc0_r2_2[0]_i_1,LUT4,SLICE_X51Y233,SLICEL.C6LUT,16'h6996
u_dut/u_pc1/pc0_r2_2[1]_i_1,LUT5,SLICE_X51Y233,SLICEL.D6LUT,32'h81177EE8
u_dut/u_pc1/pc0_r2_2[1]_i_2,LUT4,SLICE_X51Y234,SLICEL.B6LUT,16'h6996
u_dut/u_pc1/pc0_r2_2[2]_i_1,LUT6,SLICE_X51Y234,SLICEL.C6LUT,64'h9669699666666666
u_dut/u_pc1/pc0_r2_2[2]_i_2,LUT5,SLICE_X51Y233,SLICEL.D5LUT,32'hFEE88000
u_dut/u_pc1/pc0_r2_2[2]_i_3,LUT5,SLICE_X52Y234,SLICEM.D6LUT,32'h96696996
u_dut/u_pc1/pc0_r2_2[3]_i_1,LUT6,SLICE_X52Y234,SLICEM.C6LUT,64'hA99595569556566A
u_dut/u_pc1/pc0_r2_2[4]_i_1,LUT6,SLICE_X52Y233,SLICEM.C6LUT,64'hFEEAEAA8EAA8A880
u_dut/u_pc1/pc0_r2_2[4]_i_2,LUT6,SLICE_X51Y234,SLICEL.D6LUT,64'hEBBEAAAA82280000
u_dut/u_pc1/pc0_r2_2[4]_i_3,LUT3,SLICE_X51Y234,SLICEL.B5LUT,8'hE8
u_dut/u_pc1/pc0_r2_2_reg[0],FDRE,SLICE_X51Y233,SLICEL.CFF,1'b0
u_dut/u_pc1/pc0_r2_2_reg[1],FDRE,SLICE_X53Y233,SLICEL.A5FF,1'b0
u_dut/u_pc1/pc0_r2_2_reg[2],FDRE,SLICE_X51Y234,SLICEL.CFF,1'b0
u_dut/u_pc1/pc0_r2_2_reg[3],FDRE,SLICE_X52Y234,SLICEM.CFF,1'b0
u_dut/u_pc1/pc0_r2_2_reg[4],FDRE,SLICE_X52Y233,SLICEM.CFF,1'b0
u_dut/u_pc1/pc0_r2_3[0]_i_1,LUT4,SLICE_X47Y232,SLICEL.C6LUT,16'h6996
u_dut/u_pc1/pc0_r2_3[1]_i_1,LUT5,SLICE_X47Y232,SLICEL.D6LUT,32'h81177EE8
u_dut/u_pc1/pc0_r2_3[1]_i_2,LUT4,SLICE_X49Y232,SLICEL.C6LUT,16'h6996
u_dut/u_pc1/pc0_r2_3[2]_i_1,LUT6,SLICE_X50Y232,SLICEM.C6LUT,64'h9669699666666666
u_dut/u_pc1/pc0_r2_3[2]_i_2,LUT5,SLICE_X47Y232,SLICEL.D5LUT,32'hFEE88000
u_dut/u_pc1/pc0_r2_3[2]_i_3,LUT5,SLICE_X49Y233,SLICEL.D6LUT,32'h96696996
u_dut/u_pc1/pc0_r2_3[3]_i_1,LUT6,SLICE_X49Y233,SLICEL.B6LUT,64'hA99595569556566A
u_dut/u_pc1/pc0_r2_3[4]_i_1,LUT6,SLICE_X49Y233,SLICEL.C6LUT,64'hFEEAEAA8EAA8A880
u_dut/u_pc1/pc0_r2_3[4]_i_2,LUT6,SLICE_X49Y232,SLICEL.D6LUT,64'hEBBEAAAA82280000
u_dut/u_pc1/pc0_r2_3[4]_i_3,LUT3,SLICE_X49Y232,SLICEL.C5LUT,8'hE8
u_dut/u_pc1/pc0_r2_3_reg[0],FDRE,SLICE_X47Y232,SLICEL.CFF,1'b0
u_dut/u_pc1/pc0_r2_3_reg[1],FDRE,SLICE_X55Y232,SLICEL.A5FF,1'b0
u_dut/u_pc1/pc0_r2_3_reg[2],FDRE,SLICE_X50Y232,SLICEM.CFF,1'b0
u_dut/u_pc1/pc0_r2_3_reg[3],FDRE,SLICE_X49Y233,SLICEL.BFF,1'b0
u_dut/u_pc1/pc0_r2_3_reg[4],FDRE,SLICE_X49Y233,SLICEL.CFF,1'b0
u_dut/u_pc1/pc0_r2_4[0]_i_1,LUT4,SLICE_X48Y230,SLICEL.C6LUT,16'h6996
u_dut/u_pc1/pc0_r2_4[1]_i_1,LUT5,SLICE_X48Y230,SLICEL.D6LUT,32'h81177EE8
u_dut/u_pc1/pc0_r2_4[1]_i_2,LUT4,SLICE_X49Y230,SLICEL.B6LUT,16'h6996
u_dut/u_pc1/pc0_r2_4[2]_i_1,LUT6,SLICE_X49Y230,SLICEL.C6LUT,64'h9669699666666666
u_dut/u_pc1/pc0_r2_4[2]_i_2,LUT5,SLICE_X48Y230,SLICEL.D5LUT,32'hFEE88000
u_dut/u_pc1/pc0_r2_4[2]_i_3,LUT5,SLICE_X49Y228,SLICEL.D6LUT,32'h96696996
u_dut/u_pc1/pc0_r2_4[3]_i_1,LUT6,SLICE_X49Y228,SLICEL.B6LUT,64'hA99595569556566A
u_dut/u_pc1/pc0_r2_4[4]_i_1,LUT6,SLICE_X49Y228,SLICEL.C6LUT,64'hFEEAEAA8EAA8A880
u_dut/u_pc1/pc0_r2_4[4]_i_2,LUT6,SLICE_X49Y230,SLICEL.D6LUT,64'hEBBEAAAA82280000
u_dut/u_pc1/pc0_r2_4[4]_i_3,LUT3,SLICE_X49Y230,SLICEL.B5LUT,8'hE8
u_dut/u_pc1/pc0_r2_4_reg[0],FDRE,SLICE_X48Y230,SLICEL.CFF,1'b0
u_dut/u_pc1/pc0_r2_4_reg[1],FDRE,SLICE_X49Y230,SLICEL.A5FF,1'b0
u_dut/u_pc1/pc0_r2_4_reg[2],FDRE,SLICE_X49Y230,SLICEL.CFF,1'b0
u_dut/u_pc1/pc0_r2_4_reg[3],FDRE,SLICE_X49Y228,SLICEL.BFF,1'b0
u_dut/u_pc1/pc0_r2_4_reg[4],FDRE,SLICE_X49Y228,SLICEL.CFF,1'b0
u_dut/u_pc1/pc0_r2_5[0]_i_1,LUT4,SLICE_X60Y229,SLICEL.C6LUT,16'h6996
u_dut/u_pc1/pc0_r2_5[1]_i_1,LUT5,SLICE_X60Y229,SLICEL.D6LUT,32'h81177EE8
u_dut/u_pc1/pc0_r2_5[1]_i_2,LUT4,SLICE_X63Y230,SLICEL.B6LUT,16'h6996
u_dut/u_pc1/pc0_r2_5[2]_i_1,LUT6,SLICE_X63Y230,SLICEL.C6LUT,64'h9669699666666666
u_dut/u_pc1/pc0_r2_5[2]_i_2,LUT5,SLICE_X60Y229,SLICEL.D5LUT,32'hFEE88000
u_dut/u_pc1/pc0_r2_5[2]_i_3,LUT5,SLICE_X62Y230,SLICEM.D6LUT,32'h96696996
u_dut/u_pc1/pc0_r2_5[3]_i_1,LUT6,SLICE_X62Y231,SLICEM.C6LUT,64'hA99595569556566A
u_dut/u_pc1/pc0_r2_5[4]_i_1,LUT6,SLICE_X62Y231,SLICEM.D6LUT,64'hFEEAEAA8EAA8A880
u_dut/u_pc1/pc0_r2_5[4]_i_2,LUT6,SLICE_X63Y230,SLICEL.D6LUT,64'hEBBEAAAA82280000
u_dut/u_pc1/pc0_r2_5[4]_i_3,LUT3,SLICE_X63Y230,SLICEL.B5LUT,8'hE8
u_dut/u_pc1/pc0_r2_5_reg[0],FDRE,SLICE_X60Y229,SLICEL.CFF,1'b0
u_dut/u_pc1/pc0_r2_5_reg[1],FDRE,SLICE_X60Y229,SLICEL.A5FF,1'b0
u_dut/u_pc1/pc0_r2_5_reg[2],FDRE,SLICE_X63Y230,SLICEL.CFF,1'b0
u_dut/u_pc1/pc0_r2_5_reg[3],FDRE,SLICE_X62Y231,SLICEM.CFF,1'b0
u_dut/u_pc1/pc0_r2_5_reg[4],FDRE,SLICE_X62Y231,SLICEM.DFF,1'b0
u_dut/u_pc1/pc0_r2_6[0]_i_1,LUT4,SLICE_X53Y230,SLICEL.B6LUT,16'h6996
u_dut/u_pc1/pc0_r2_6[1]_i_1,LUT5,SLICE_X53Y230,SLICEL.C6LUT,32'h81177EE8
u_dut/u_pc1/pc0_r2_6[1]_i_2,LUT4,SLICE_X52Y229,SLICEM.C6LUT,16'h6996
u_dut/u_pc1/pc0_r2_6[2]_i_1,LUT6,SLICE_X53Y229,SLICEL.A6LUT,64'h9669699666666666
u_dut/u_pc1/pc0_r2_6[2]_i_2,LUT5,SLICE_X53Y230,SLICEL.C5LUT,32'hFEE88000
u_dut/u_pc1/pc0_r2_6[2]_i_3,LUT5,SLICE_X52Y229,SLICEM.D6LUT,32'h96696996
u_dut/u_pc1/pc0_r2_6[3]_i_1,LUT6,SLICE_X53Y229,SLICEL.B6LUT,64'hA99595569556566A
u_dut/u_pc1/pc0_r2_6[4]_i_1,LUT6,SLICE_X53Y229,SLICEL.C6LUT,64'hFEEAEAA8EAA8A880
u_dut/u_pc1/pc0_r2_6[4]_i_2,LUT6,SLICE_X53Y229,SLICEL.D6LUT,64'hEBBEAAAA82280000
u_dut/u_pc1/pc0_r2_6[4]_i_3,LUT3,SLICE_X52Y229,SLICEM.C5LUT,8'hE8
u_dut/u_pc1/pc0_r2_6_reg[0],FDRE,SLICE_X53Y230,SLICEL.BFF,1'b0
u_dut/u_pc1/pc0_r2_6_reg[1],FDRE,SLICE_X57Y230,SLICEL.BFF,1'b0
u_dut/u_pc1/pc0_r2_6_reg[2],FDRE,SLICE_X53Y229,SLICEL.AFF,1'b0
u_dut/u_pc1/pc0_r2_6_reg[3],FDRE,SLICE_X53Y229,SLICEL.BFF,1'b0
u_dut/u_pc1/pc0_r2_6_reg[4],FDRE,SLICE_X53Y229,SLICEL.CFF,1'b0
u_dut/u_pc1/pc0_r2_7[0]_i_1,LUT4,SLICE_X60Y228,SLICEL.A6LUT,16'h6996
u_dut/u_pc1/pc0_r2_7[1]_i_1,LUT5,SLICE_X60Y228,SLICEL.B6LUT,32'h81177EE8
u_dut/u_pc1/pc0_r2_7[1]_i_2,LUT4,SLICE_X61Y228,SLICEL.C6LUT,16'h6996
u_dut/u_pc1/pc0_r2_7[2]_i_1,LUT6,SLICE_X61Y228,SLICEL.D6LUT,64'h9669699666666666
u_dut/u_pc1/pc0_r2_7[2]_i_2,LUT5,SLICE_X60Y228,SLICEL.B5LUT,32'hFEE88000
u_dut/u_pc1/pc0_r2_7[2]_i_3,LUT5,SLICE_X60Y227,SLICEL.D6LUT,32'h96696996
u_dut/u_pc1/pc0_r2_7[3]_i_1,LUT6,SLICE_X60Y227,SLICEL.B6LUT,64'hA99595569556566A
u_dut/u_pc1/pc0_r2_7[4]_i_1,LUT6,SLICE_X60Y227,SLICEL.C6LUT,64'hFEEAEAA8EAA8A880
u_dut/u_pc1/pc0_r2_7[4]_i_2,LUT6,SLICE_X61Y227,SLICEL.D6LUT,64'hEBBEAAAA82280000
u_dut/u_pc1/pc0_r2_7[4]_i_3,LUT3,SLICE_X61Y228,SLICEL.C5LUT,8'hE8
u_dut/u_pc1/pc0_r2_7_reg[0],FDRE,SLICE_X60Y228,SLICEL.AFF,1'b0
u_dut/u_pc1/pc0_r2_7_reg[1],FDRE,SLICE_X60Y228,SLICEL.A5FF,1'b0
u_dut/u_pc1/pc0_r2_7_reg[2],FDRE,SLICE_X61Y228,SLICEL.DFF,1'b0
u_dut/u_pc1/pc0_r2_7_reg[3],FDRE,SLICE_X60Y227,SLICEL.BFF,1'b0
u_dut/u_pc1/pc0_r2_7_reg[4],FDRE,SLICE_X60Y227,SLICEL.CFF,1'b0
u_dut/u_pc1/pc0_r2_8[0]_i_1,LUT2,SLICE_X59Y236,SLICEL.C6LUT,4'h6
u_dut/u_pc1/pc0_r2_8[1]_i_1,LUT4,SLICE_X59Y236,SLICEL.C5LUT,16'h8778
u_dut/u_pc1/pc0_r2_8[2]_i_1,LUT5,SLICE_X59Y236,SLICEL.D6LUT,32'h077FF880
u_dut/u_pc1/pc0_r2_8[3]_i_1,LUT5,SLICE_X59Y236,SLICEL.D5LUT,32'hAA808000
u_dut/u_pc1/pc0_r2_8_reg[0],FDRE,SLICE_X59Y236,SLICEL.CFF,1'b0
u_dut/u_pc1/pc0_r2_8_reg[1],FDRE,SLICE_X59Y236,SLICEL.C5FF,1'b0
u_dut/u_pc1/pc0_r2_8_reg[2],FDRE,SLICE_X59Y236,SLICEL.DFF,1'b0
u_dut/u_pc1/pc0_r2_8_reg[3],FDRE,SLICE_X59Y236,SLICEL.D5FF,1'b0
u_dut/u_pc1/pc0_r4_0[3]_i_2,LUT5,SLICE_X58Y232,SLICEM.B6LUT,32'hEEE8E888
u_dut/u_pc1/pc0_r4_0[3]_i_3,LUT5,SLICE_X58Y232,SLICEM.B5LUT,32'hE81717E8
u_dut/u_pc1/pc0_r4_0[3]_i_4,LUT4,SLICE_X55Y234,SLICEL.D6LUT,16'h6996
u_dut/u_pc1/pc0_r4_0[3]_i_5,LUT6,SLICE_X56Y232,SLICEM.D6LUT,64'h6969699669969696
u_dut/u_pc1/pc0_r4_0[3]_i_6,LUT6,SLICE_X56Y232,SLICEM.C6LUT,64'h6999999699969666
u_dut/u_pc1/pc0_r4_0[3]_i_7,LUT4,SLICE_X56Y232,SLICEM.B6LUT,16'h566A
u_dut/u_pc1/pc0_r4_0[3]_i_8,LUT4,SLICE_X56Y232,SLICEM.A6LUT,16'h6996
u_dut/u_pc1/pc0_r4_0[3]_i_9,LUT3,SLICE_X58Y232,SLICEM.A6LUT,8'h96
u_dut/u_pc1/pc0_r4_0[6]_i_2,LUT5,SLICE_X55Y233,SLICEL.D6LUT,32'hEEE8E888
u_dut/u_pc1/pc0_r4_0[6]_i_3,LUT5,SLICE_X58Y232,SLICEM.A5LUT,32'hEEE8E888
u_dut/u_pc1/pc0_r4_0[6]_i_4,LUT5,SLICE_X56Y233,SLICEM.B6LUT,32'h177E7EE8
u_dut/u_pc1/pc0_r4_0[6]_i_5,LUT6,SLICE_X56Y233,SLICEM.A6LUT,64'h6969699669969696
u_dut/u_pc1/pc0_r4_0[6]_i_6,LUT3,SLICE_X54Y233,SLICEM.D6LUT,8'h96
u_dut/u_pc1/pc0_r4_0[6]_i_7,LUT3,SLICE_X55Y233,SLICEL.A6LUT,8'h96
u_dut/u_pc1/pc0_r4_0[6]_i_8,LUT3,SLICE_X55Y233,SLICEL.A5LUT,8'hE8
u_dut/u_pc1/pc0_r4_0_reg[0],FDRE,SLICE_X56Y232,SLICEM.AFF,1'b0
u_dut/u_pc1/pc0_r4_0_reg[1],FDRE,SLICE_X56Y232,SLICEM.BFF,1'b0
u_dut/u_pc1/pc0_r4_0_reg[2],FDRE,SLICE_X56Y232,SLICEM.CFF,1'b0
u_dut/u_pc1/pc0_r4_0_reg[3],FDRE,SLICE_X56Y232,SLICEM.DFF,1'b0
u_dut/u_pc1/pc0_r4_0_reg[3]_i_1,CARRY4,SLICE_X56Y232,SLICEM.CARRY4,
u_dut/u_pc1/pc0_r4_0_reg[4],FDRE,SLICE_X56Y233,SLICEM.AFF,1'b0
u_dut/u_pc1/pc0_r4_0_reg[5],FDRE,SLICE_X56Y233,SLICEM.BFF,1'b0
u_dut/u_pc1/pc0_r4_0_reg[6],FDRE,SLICE_X56Y233,SLICEM.CFF,1'b0
u_dut/u_pc1/pc0_r4_0_reg[6]_i_1,CARRY4,SLICE_X56Y233,SLICEM.CARRY4,
u_dut/u_pc1/pc0_r4_1[3]_i_2,LUT5,SLICE_X57Y230,SLICEL.B6LUT,32'hEEE8E888
u_dut/u_pc1/pc0_r4_1[3]_i_3,LUT5,SLICE_X57Y230,SLICEL.B5LUT,32'hE81717E8
u_dut/u_pc1/pc0_r4_1[3]_i_4,LUT4,SLICE_X57Y230,SLICEL.C6LUT,16'h6996
u_dut/u_pc1/pc0_r4_1[3]_i_5,LUT6,SLICE_X56Y230,SLICEM.D6LUT,64'h6969699669969696
u_dut/u_pc1/pc0_r4_1[3]_i_6,LUT6,SLICE_X56Y230,SLICEM.C6LUT,64'h6999999699969666
u_dut/u_pc1/pc0_r4_1[3]_i_7,LUT4,SLICE_X56Y230,SLICEM.B6LUT,16'h566A
u_dut/u_pc1/pc0_r4_1[3]_i_8,LUT4,SLICE_X56Y230,SLICEM.A6LUT,16'h6996
u_dut/u_pc1/pc0_r4_1[3]_i_9,LUT3,SLICE_X57Y230,SLICEL.A6LUT,8'h96
u_dut/u_pc1/pc0_r4_1[6]_i_2,LUT5,SLICE_X57Y231,SLICEL.B6LUT,32'hEEE8E888
u_dut/u_pc1/pc0_r4_1[6]_i_3,LUT5,SLICE_X57Y230,SLICEL.A5LUT,32'hEEE8E888
u_dut/u_pc1/pc0_r4_1[6]_i_4,LUT5,SLICE_X56Y231,SLICEM.B6LUT,32'h177E7EE8
u_dut/u_pc1/pc0_r4_1[6]_i_5,LUT6,SLICE_X56Y231,SLICEM.A6LUT,64'h6969699669969696
u_dut/u_pc1/pc0_r4_1[6]_i_6,LUT3,SLICE_X57Y231,SLICEL.C6LUT,8'h96
u_dut/u_pc1/pc0_r4_1[6]_i_7,LUT3,SLICE_X57Y231,SLICEL.A6LUT,8'h96
u_dut/u_pc1/pc0_r4_1[6]_i_8,LUT3,SLICE_X57Y231,SLICEL.A5LUT,8'hE8
u_dut/u_pc1/pc0_r4_1_reg[0],FDRE,SLICE_X56Y230,SLICEM.AFF,1'b0
u_dut/u_pc1/pc0_r4_1_reg[1],FDRE,SLICE_X56Y230,SLICEM.BFF,1'b0
u_dut/u_pc1/pc0_r4_1_reg[2],FDRE,SLICE_X56Y230,SLICEM.CFF,1'b0
u_dut/u_pc1/pc0_r4_1_reg[3],FDRE,SLICE_X56Y230,SLICEM.DFF,1'b0
u_dut/u_pc1/pc0_r4_1_reg[3]_i_1,CARRY4,SLICE_X56Y230,SLICEM.CARRY4,
u_dut/u_pc1/pc0_r4_1_reg[4],FDRE,SLICE_X56Y231,SLICEM.AFF,1'b0
u_dut/u_pc1/pc0_r4_1_reg[5],FDRE,SLICE_X56Y231,SLICEM.BFF,1'b0
u_dut/u_pc1/pc0_r4_1_reg[6],FDRE,SLICE_X56Y231,SLICEM.CFF,1'b0
u_dut/u_pc1/pc0_r4_1_reg[6]_i_1,CARRY4,SLICE_X56Y231,SLICEM.CARRY4,
u_dut/u_pc1/pc0_r4_2_reg[0],FDRE,SLICE_X58Y236,SLICEM.A5FF,1'b0
u_dut/u_pc1/pc0_r4_2_reg[1],FDRE,SLICE_X57Y232,SLICEL.D5FF,1'b0
u_dut/u_pc1/pc0_r4_2_reg[2],FDRE,SLICE_X59Y236,SLICEL.A5FF,1'b0
u_dut/u_pc1/pc0_r4_2_reg[3],FDRE,SLICE_X59Y236,SLICEL.B5FF,1'b0
u_dut/u_pc1/pc0_r6_0[3]_i_2,LUT3,SLICE_X57Y232,SLICEL.C5LUT,8'hE8
u_dut/u_pc1/pc0_r6_0[3]_i_3,LUT3,SLICE_X57Y232,SLICEL.B5LUT,8'hE8
u_dut/u_pc1/pc0_r6_0[3]_i_4,LUT3,SLICE_X57Y232,SLICEL.A5LUT,8'hE8
u_dut/u_pc1/pc0_r6_0[3]_i_5,LUT4,SLICE_X57Y232,SLICEL.D6LUT,16'h6996
u_dut/u_pc1/pc0_r6_0[3]_i_6,LUT4,SLICE_X57Y232,SLICEL.C6LUT,16'h6996
u_dut/u_pc1/pc0_r6_0[3]_i_7,LUT4,SLICE_X57Y232,SLICEL.B6LUT,16'h6996
u_dut/u_pc1/pc0_r6_0[3]_i_8,LUT3,SLICE_X57Y232,SLICEL.A6LUT,8'h96
u_dut/u_pc1/pc0_r6_0[7]_i_2,LUT2,SLICE_X57Y233,SLICEL.C5LUT,4'h8
u_dut/u_pc1/pc0_r6_0[7]_i_3,LUT2,SLICE_X57Y233,SLICEL.B5LUT,4'h8
u_dut/u_pc1/pc0_r6_0[7]_i_4,LUT3,SLICE_X57Y233,SLICEL.A5LUT,8'hE8
u_dut/u_pc1/pc0_r6_0[7]_i_5,LUT2,SLICE_X57Y233,SLICEL.D6LUT,4'h8
u_dut/u_pc1/pc0_r6_0[7]_i_6,LUT4,SLICE_X57Y233,SLICEL.C6LUT,16'h8778
u_dut/u_pc1/pc0_r6_0[7]_i_7,LUT4,SLICE_X57Y233,SLICEL.B6LUT,16'h8778
u_dut/u_pc1/pc0_r6_0[7]_i_8,LUT5,SLICE_X57Y233,SLICEL.A6LUT,32'hE81717E8
u_dut/u_pc1/pc0_r6_0_reg[0],FDRE,SLICE_X57Y232,SLICEL.AFF,1'b0
u_dut/u_pc1/pc0_r6_0_reg[1],FDRE,SLICE_X57Y232,SLICEL.BFF,1'b0
u_dut/u_pc1/pc0_r6_0_reg[2],FDRE,SLICE_X57Y232,SLICEL.CFF,1'b0
u_dut/u_pc1/pc0_r6_0_reg[3],FDRE,SLICE_X57Y232,SLICEL.DFF,1'b0
u_dut/u_pc1/pc0_r6_0_reg[3]_i_1,CARRY4,SLICE_X57Y232,SLICEL.CARRY4,
u_dut/u_pc1/pc0_r6_0_reg[4],FDRE,SLICE_X57Y233,SLICEL.AFF,1'b0
u_dut/u_pc1/pc0_r6_0_reg[5],FDRE,SLICE_X57Y233,SLICEL.BFF,1'b0
u_dut/u_pc1/pc0_r6_0_reg[6],FDRE,SLICE_X57Y233,SLICEL.CFF,1'b0
u_dut/u_pc1/pc0_r6_0_reg[7],FDRE,SLICE_X57Y233,SLICEL.DFF,1'b0
u_dut/u_pc1/pc0_r6_0_reg[7]_i_1,CARRY4,SLICE_X57Y233,SLICEL.CARRY4,
u_dut/u_pc1/pc1_a0[0]_i_1,LUT6,SLICE_X44Y230,SLICEL.A6LUT,64'h6996966996696996
u_dut/u_pc1/pc1_a0[1]_i_1,LUT6,SLICE_X43Y230,SLICEL.B6LUT,64'h8117177E177E7EE8
u_dut/u_pc1/pc1_a0[2]_i_1,LUT6,SLICE_X43Y231,SLICEL.C6LUT,64'hFEE8E880E8808000
u_dut/u_pc1/pc1_a0_reg[0],FDRE,SLICE_X44Y230,SLICEL.AFF,1'b0
u_dut/u_pc1/pc1_a0_reg[1],FDRE,SLICE_X43Y230,SLICEL.BFF,1'b0
u_dut/u_pc1/pc1_a0_reg[2],FDRE,SLICE_X43Y231,SLICEL.CFF,1'b0
u_dut/u_pc1/pc1_a10[0]_i_1,LUT6,SLICE_X43Y233,SLICEL.C6LUT,64'h6996966996696996
u_dut/u_pc1/pc1_a10[1]_i_1,LUT6,SLICE_X43Y233,SLICEL.D6LUT,64'h8117177E177E7EE8
u_dut/u_pc1/pc1_a10[2]_i_1,LUT6,SLICE_X44Y233,SLICEL.C6LUT,64'hFEE8E880E8808000
u_dut/u_pc1/pc1_a10_reg[0],FDRE,SLICE_X43Y233,SLICEL.CFF,1'b0
u_dut/u_pc1/pc1_a10_reg[1],FDRE,SLICE_X43Y233,SLICEL.DFF,1'b0
u_dut/u_pc1/pc1_a10_reg[2],FDRE,SLICE_X44Y233,SLICEL.CFF,1'b0
u_dut/u_pc1/pc1_a11[0]_i_1,LUT6,SLICE_X45Y233,SLICEL.B6LUT,64'h6996966996696996
u_dut/u_pc1/pc1_a11[1]_i_1,LUT6,SLICE_X45Y233,SLICEL.C6LUT,64'h8117177E177E7EE8
u_dut/u_pc1/pc1_a11[2]_i_1,LUT6,SLICE_X45Y233,SLICEL.D6LUT,64'hFEE8E880E8808000
u_dut/u_pc1/pc1_a11_reg[0],FDRE,SLICE_X45Y233,SLICEL.BFF,1'b0
u_dut/u_pc1/pc1_a11_reg[1],FDRE,SLICE_X45Y233,SLICEL.CFF,1'b0
u_dut/u_pc1/pc1_a11_reg[2],FDRE,SLICE_X45Y233,SLICEL.DFF,1'b0
u_dut/u_pc1/pc1_a12[0]_i_1,LUT6,SLICE_X40Y236,SLICEL.A6LUT,64'h6996966996696996
u_dut/u_pc1/pc1_a12[1]_i_1,LUT6,SLICE_X40Y237,SLICEL.C6LUT,64'h8117177E177E7EE8
u_dut/u_pc1/pc1_a12[2]_i_1,LUT6,SLICE_X41Y236,SLICEL.A6LUT,64'hFEE8E880E8808000
u_dut/u_pc1/pc1_a12_reg[0],FDRE,SLICE_X40Y236,SLICEL.AFF,1'b0
u_dut/u_pc1/pc1_a12_reg[1],FDRE,SLICE_X40Y237,SLICEL.CFF,1'b0
u_dut/u_pc1/pc1_a12_reg[2],FDRE,SLICE_X41Y236,SLICEL.AFF,1'b0
u_dut/u_pc1/pc1_a13[0]_i_1,LUT6,SLICE_X43Y236,SLICEL.B6LUT,64'h6996966996696996
u_dut/u_pc1/pc1_a13[1]_i_1,LUT6,SLICE_X43Y236,SLICEL.C6LUT,64'h8117177E177E7EE8
u_dut/u_pc1/pc1_a13[2]_i_1,LUT6,SLICE_X43Y236,SLICEL.D6LUT,64'hFEE8E880E8808000
u_dut/u_pc1/pc1_a13_reg[0],FDRE,SLICE_X43Y236,SLICEL.BFF,1'b0
u_dut/u_pc1/pc1_a13_reg[1],FDRE,SLICE_X43Y236,SLICEL.CFF,1'b0
u_dut/u_pc1/pc1_a13_reg[2],FDRE,SLICE_X43Y236,SLICEL.DFF,1'b0
u_dut/u_pc1/pc1_a14[0]_i_1,LUT6,SLICE_X40Y236,SLICEL.B6LUT,64'h6996966996696996
u_dut/u_pc1/pc1_a14[1]_i_1,LUT6,SLICE_X40Y237,SLICEL.D6LUT,64'h8117177E177E7EE8
u_dut/u_pc1/pc1_a14[2]_i_1,LUT6,SLICE_X41Y237,SLICEL.D6LUT,64'hFEE8E880E8808000
u_dut/u_pc1/pc1_a14_reg[0],FDRE,SLICE_X40Y236,SLICEL.BFF,1'b0
u_dut/u_pc1/pc1_a14_reg[1],FDRE,SLICE_X40Y237,SLICEL.DFF,1'b0
u_dut/u_pc1/pc1_a14_reg[2],FDRE,SLICE_X41Y237,SLICEL.DFF,1'b0
u_dut/u_pc1/pc1_a15[0]_i_1,LUT6,SLICE_X39Y237,SLICEL.A6LUT,64'h6996966996696996
u_dut/u_pc1/pc1_a15[1]_i_1,LUT6,SLICE_X39Y238,SLICEL.B6LUT,64'h8117177E177E7EE8
u_dut/u_pc1/pc1_a15[2]_i_1,LUT6,SLICE_X39Y238,SLICEL.C6LUT,64'hFEE8E880E8808000
u_dut/u_pc1/pc1_a15_reg[0],FDRE,SLICE_X39Y237,SLICEL.AFF,1'b0
u_dut/u_pc1/pc1_a15_reg[1],FDRE,SLICE_X39Y238,SLICEL.BFF,1'b0
u_dut/u_pc1/pc1_a15_reg[2],FDRE,SLICE_X39Y238,SLICEL.CFF,1'b0
u_dut/u_pc1/pc1_a16[0]_i_1,LUT6,SLICE_X38Y232,SLICEM.A6LUT,64'h6996966996696996
u_dut/u_pc1/pc1_a16[1]_i_1,LUT6,SLICE_X39Y231,SLICEL.A6LUT,64'h8117177E177E7EE8
u_dut/u_pc1/pc1_a16[2]_i_1,LUT6,SLICE_X39Y232,SLICEL.A6LUT,64'hFEE8E880E8808000
u_dut/u_pc1/pc1_a16_reg[0],FDRE,SLICE_X38Y232,SLICEM.AFF,1'b0
u_dut/u_pc1/pc1_a16_reg[1],FDRE,SLICE_X39Y231,SLICEL.AFF,1'b0
u_dut/u_pc1/pc1_a16_reg[2],FDRE,SLICE_X39Y232,SLICEL.AFF,1'b0
u_dut/u_pc1/pc1_a17[0]_i_1,LUT6,SLICE_X38Y232,SLICEM.B6LUT,64'h6996966996696996
u_dut/u_pc1/pc1_a17[1]_i_1,LUT6,SLICE_X39Y230,SLICEL.D6LUT,64'h8117177E177E7EE8
u_dut/u_pc1/pc1_a17[2]_i_1,LUT6,SLICE_X40Y231,SLICEL.C6LUT,64'hFEE8E880E8808000
u_dut/u_pc1/pc1_a17_reg[0],FDRE,SLICE_X38Y232,SLICEM.BFF,1'b0
u_dut/u_pc1/pc1_a17_reg[1],FDRE,SLICE_X39Y230,SLICEL.DFF,1'b0
u_dut/u_pc1/pc1_a17_reg[2],FDRE,SLICE_X40Y231,SLICEL.CFF,1'b0
u_dut/u_pc1/pc1_a18[0]_i_1,LUT6,SLICE_X37Y232,SLICEL.C6LUT,64'h6996966996696996
u_dut/u_pc1/pc1_a18[1]_i_1,LUT6,SLICE_X38Y231,SLICEM.B6LUT,64'h8117177E177E7EE8
u_dut/u_pc1/pc1_a18[2]_i_1,LUT6,SLICE_X37Y232,SLICEL.D6LUT,64'hFEE8E880E8808000
u_dut/u_pc1/pc1_a18_reg[0],FDRE,SLICE_X37Y232,SLICEL.CFF,1'b0
u_dut/u_pc1/pc1_a18_reg[1],FDRE,SLICE_X38Y231,SLICEM.BFF,1'b0
u_dut/u_pc1/pc1_a18_reg[2],FDRE,SLICE_X37Y232,SLICEL.DFF,1'b0
u_dut/u_pc1/pc1_a19[0]_i_1,LUT6,SLICE_X39Y233,SLICEL.C6LUT,64'h6996966996696996
u_dut/u_pc1/pc1_a19[1]_i_1,LUT6,SLICE_X41Y231,SLICEL.A6LUT,64'h8117177E177E7EE8
u_dut/u_pc1/pc1_a19[2]_i_1,LUT6,SLICE_X41Y231,SLICEL.B6LUT,64'hFEE8E880E8808000
u_dut/u_pc1/pc1_a19_reg[0],FDRE,SLICE_X39Y233,SLICEL.CFF,1'b0
u_dut/u_pc1/pc1_a19_reg[1],FDRE,SLICE_X41Y231,SLICEL.AFF,1'b0
u_dut/u_pc1/pc1_a19_reg[2],FDRE,SLICE_X41Y231,SLICEL.BFF,1'b0
u_dut/u_pc1/pc1_a1[0]_i_1,LUT6,SLICE_X41Y232,SLICEL.B6LUT,64'h6996966996696996
u_dut/u_pc1/pc1_a1[1]_i_1,LUT6,SLICE_X42Y230,SLICEM.C6LUT,64'h8117177E177E7EE8
u_dut/u_pc1/pc1_a1[2]_i_1,LUT6,SLICE_X41Y232,SLICEL.C6LUT,64'hFEE8E880E8808000
u_dut/u_pc1/pc1_a1_reg[0],FDRE,SLICE_X41Y232,SLICEL.BFF,1'b0
u_dut/u_pc1/pc1_a1_reg[1],FDRE,SLICE_X42Y230,SLICEM.CFF,1'b0
u_dut/u_pc1/pc1_a1_reg[2],FDRE,SLICE_X41Y232,SLICEL.CFF,1'b0
u_dut/u_pc1/pc1_a20[0]_i_1,LUT6,SLICE_X51Y241,SLICEL.A6LUT,64'h6996966996696996
u_dut/u_pc1/pc1_a20[1]_i_1,LUT6,SLICE_X51Y241,SLICEL.B6LUT,64'h8117177E177E7EE8
u_dut/u_pc1/pc1_a20[2]_i_1,LUT6,SLICE_X52Y241,SLICEM.A6LUT,64'hFEE8E880E8808000
u_dut/u_pc1/pc1_a20_reg[0],FDRE,SLICE_X51Y241,SLICEL.AFF,1'b0
u_dut/u_pc1/pc1_a20_reg[1],FDRE,SLICE_X51Y241,SLICEL.BFF,1'b0
u_dut/u_pc1/pc1_a20_reg[2],FDRE,SLICE_X52Y241,SLICEM.AFF,1'b0
u_dut/u_pc1/pc1_a21[0]_i_1,LUT6,SLICE_X48Y240,SLICEL.A6LUT,64'h6996966996696996
u_dut/u_pc1/pc1_a21[1]_i_1,LUT6,SLICE_X49Y239,SLICEL.A6LUT,64'h8117177E177E7EE8
u_dut/u_pc1/pc1_a21[2]_i_1,LUT6,SLICE_X54Y240,SLICEM.D6LUT,64'hFEE8E880E8808000
u_dut/u_pc1/pc1_a21_reg[0],FDRE,SLICE_X48Y240,SLICEL.AFF,1'b0
u_dut/u_pc1/pc1_a21_reg[1],FDRE,SLICE_X49Y239,SLICEL.AFF,1'b0
u_dut/u_pc1/pc1_a21_reg[2],FDRE,SLICE_X54Y240,SLICEM.DFF,1'b0
u_dut/u_pc1/pc1_a22[0]_i_1,LUT6,SLICE_X54Y236,SLICEM.A6LUT,64'h6996966996696996
u_dut/u_pc1/pc1_a22[1]_i_1,LUT6,SLICE_X49Y239,SLICEL.B6LUT,64'h8117177E177E7EE8
u_dut/u_pc1/pc1_a22[2]_i_1,LUT6,SLICE_X52Y237,SLICEM.A6LUT,64'hFEE8E880E8808000
u_dut/u_pc1/pc1_a22_reg[0],FDRE,SLICE_X54Y236,SLICEM.AFF,1'b0
u_dut/u_pc1/pc1_a22_reg[1],FDRE,SLICE_X49Y239,SLICEL.BFF,1'b0
u_dut/u_pc1/pc1_a22_reg[2],FDRE,SLICE_X52Y237,SLICEM.AFF,1'b0
u_dut/u_pc1/pc1_a23[0]_i_1,LUT6,SLICE_X49Y239,SLICEL.C6LUT,64'h6996966996696996
u_dut/u_pc1/pc1_a23[1]_i_1,LUT6,SLICE_X49Y239,SLICEL.D6LUT,64'h8117177E177E7EE8
u_dut/u_pc1/pc1_a23[2]_i_1,LUT6,SLICE_X54Y236,SLICEM.B6LUT,64'hFEE8E880E8808000
u_dut/u_pc1/pc1_a23_reg[0],FDRE,SLICE_X49Y239,SLICEL.CFF,1'b0
u_dut/u_pc1/pc1_a23_reg[1],FDRE,SLICE_X49Y239,SLICEL.DFF,1'b0
u_dut/u_pc1/pc1_a23_reg[2],FDRE,SLICE_X54Y236,SLICEM.BFF,1'b0
u_dut/u_pc1/pc1_a24[0]_i_1,LUT6,SLICE_X46Y240,SLICEM.A6LUT,64'h6996966996696996
u_dut/u_pc1/pc1_a24[1]_i_1,LUT6,SLICE_X47Y240,SLICEL.A6LUT,64'h8117177E177E7EE8
u_dut/u_pc1/pc1_a24[2]_i_1,LUT6,SLICE_X47Y242,SLICEL.A6LUT,64'hFEE8E880E8808000
u_dut/u_pc1/pc1_a24_reg[0],FDRE,SLICE_X46Y240,SLICEM.AFF,1'b0
u_dut/u_pc1/pc1_a24_reg[1],FDRE,SLICE_X47Y240,SLICEL.AFF,1'b0
u_dut/u_pc1/pc1_a24_reg[2],FDRE,SLICE_X47Y242,SLICEL.AFF,1'b0
u_dut/u_pc1/pc1_a25[0]_i_1,LUT6,SLICE_X46Y241,SLICEM.B6LUT,64'h6996966996696996
u_dut/u_pc1/pc1_a25[1]_i_1,LUT6,SLICE_X48Y240,SLICEL.B6LUT,64'h8117177E177E7EE8
u_dut/u_pc1/pc1_a25[2]_i_1,LUT6,SLICE_X47Y242,SLICEL.B6LUT,64'hFEE8E880E8808000
u_dut/u_pc1/pc1_a25_reg[0],FDRE,SLICE_X46Y241,SLICEM.BFF,1'b0
u_dut/u_pc1/pc1_a25_reg[1],FDRE,SLICE_X48Y240,SLICEL.BFF,1'b0
u_dut/u_pc1/pc1_a25_reg[2],FDRE,SLICE_X47Y242,SLICEL.BFF,1'b0
u_dut/u_pc1/pc1_a26[0]_i_1,LUT6,SLICE_X46Y240,SLICEM.B6LUT,64'h6996966996696996
u_dut/u_pc1/pc1_a26[1]_i_1,LUT6,SLICE_X48Y240,SLICEL.C6LUT,64'h8117177E177E7EE8
u_dut/u_pc1/pc1_a26[2]_i_1,LUT6,SLICE_X47Y242,SLICEL.C6LUT,64'hFEE8E880E8808000
u_dut/u_pc1/pc1_a26_reg[0],FDRE,SLICE_X46Y240,SLICEM.BFF,1'b0
u_dut/u_pc1/pc1_a26_reg[1],FDRE,SLICE_X48Y240,SLICEL.CFF,1'b0
u_dut/u_pc1/pc1_a26_reg[2],FDRE,SLICE_X47Y242,SLICEL.CFF,1'b0
u_dut/u_pc1/pc1_a27[0]_i_1,LUT6,SLICE_X51Y241,SLICEL.C6LUT,64'h6996966996696996
u_dut/u_pc1/pc1_a27[1]_i_1,LUT6,SLICE_X47Y240,SLICEL.B6LUT,64'h8117177E177E7EE8
u_dut/u_pc1/pc1_a27[2]_i_1,LUT6,SLICE_X47Y242,SLICEL.D6LUT,64'hFEE8E880E8808000
u_dut/u_pc1/pc1_a27_reg[0],FDRE,SLICE_X51Y241,SLICEL.CFF,1'b0
u_dut/u_pc1/pc1_a27_reg[1],FDRE,SLICE_X47Y240,SLICEL.BFF,1'b0
u_dut/u_pc1/pc1_a27_reg[2],FDRE,SLICE_X47Y242,SLICEL.DFF,1'b0
u_dut/u_pc1/pc1_a28[0]_i_1,LUT6,SLICE_X43Y241,SLICEL.A6LUT,64'h6996966996696996
u_dut/u_pc1/pc1_a28[1]_i_1,LUT6,SLICE_X39Y242,SLICEL.B6LUT,64'h8117177E177E7EE8
u_dut/u_pc1/pc1_a28[2]_i_1,LUT6,SLICE_X43Y242,SLICEL.A6LUT,64'hFEE8E880E8808000
u_dut/u_pc1/pc1_a28_reg[0],FDRE,SLICE_X43Y241,SLICEL.AFF,1'b0
u_dut/u_pc1/pc1_a28_reg[1],FDRE,SLICE_X39Y242,SLICEL.BFF,1'b0
u_dut/u_pc1/pc1_a28_reg[2],FDRE,SLICE_X43Y242,SLICEL.AFF,1'b0
u_dut/u_pc1/pc1_a29[0]_i_1,LUT6,SLICE_X41Y242,SLICEL.C6LUT,64'h6996966996696996
u_dut/u_pc1/pc1_a29[1]_i_1,LUT6,SLICE_X40Y243,SLICEL.B6LUT,64'h8117177E177E7EE8
u_dut/u_pc1/pc1_a29[2]_i_1,LUT6,SLICE_X40Y243,SLICEL.C6LUT,64'hFEE8E880E8808000
u_dut/u_pc1/pc1_a29_reg[0],FDRE,SLICE_X41Y242,SLICEL.CFF,1'b0
u_dut/u_pc1/pc1_a29_reg[1],FDRE,SLICE_X40Y243,SLICEL.BFF,1'b0
u_dut/u_pc1/pc1_a29_reg[2],FDRE,SLICE_X40Y243,SLICEL.CFF,1'b0
u_dut/u_pc1/pc1_a2[0]_i_1,LUT6,SLICE_X44Y232,SLICEL.B6LUT,64'h6996966996696996
u_dut/u_pc1/pc1_a2[1]_i_1,LUT6,SLICE_X45Y232,SLICEL.B6LUT,64'h8117177E177E7EE8
u_dut/u_pc1/pc1_a2[2]_i_1,LUT6,SLICE_X44Y232,SLICEL.C6LUT,64'hFEE8E880E8808000
u_dut/u_pc1/pc1_a2_reg[0],FDRE,SLICE_X44Y232,SLICEL.BFF,1'b0
u_dut/u_pc1/pc1_a2_reg[1],FDRE,SLICE_X45Y232,SLICEL.BFF,1'b0
u_dut/u_pc1/pc1_a2_reg[2],FDRE,SLICE_X44Y232,SLICEL.CFF,1'b0
u_dut/u_pc1/pc1_a30[0]_i_1,LUT6,SLICE_X44Y241,SLICEL.B6LUT,64'h6996966996696996
u_dut/u_pc1/pc1_a30[1]_i_1,LUT6,SLICE_X44Y242,SLICEL.A6LUT,64'h8117177E177E7EE8
u_dut/u_pc1/pc1_a30[2]_i_1,LUT6,SLICE_X43Y240,SLICEL.A6LUT,64'hFEE8E880E8808000
u_dut/u_pc1/pc1_a30_reg[0],FDRE,SLICE_X44Y241,SLICEL.BFF,1'b0
u_dut/u_pc1/pc1_a30_reg[1],FDRE,SLICE_X44Y242,SLICEL.AFF,1'b0
u_dut/u_pc1/pc1_a30_reg[2],FDRE,SLICE_X43Y240,SLICEL.AFF,1'b0
u_dut/u_pc1/pc1_a31[0]_i_1,LUT6,SLICE_X42Y240,SLICEM.B6LUT,64'h6996966996696996
u_dut/u_pc1/pc1_a31[1]_i_1,LUT6,SLICE_X42Y241,SLICEM.B6LUT,64'h8117177E177E7EE8
u_dut/u_pc1/pc1_a31[2]_i_1,LUT6,SLICE_X42Y241,SLICEM.C6LUT,64'hFEE8E880E8808000
u_dut/u_pc1/pc1_a31_reg[0],FDRE,SLICE_X42Y240,SLICEM.BFF,1'b0
u_dut/u_pc1/pc1_a31_reg[1],FDRE,SLICE_X42Y241,SLICEM.BFF,1'b0
u_dut/u_pc1/pc1_a31_reg[2],FDRE,SLICE_X42Y241,SLICEM.CFF,1'b0
u_dut/u_pc1/pc1_a32[0]_i_1,LUT6,SLICE_X49Y238,SLICEL.A6LUT,64'h6996966996696996
u_dut/u_pc1/pc1_a32[1]_i_1,LUT6,SLICE_X48Y238,SLICEL.A6LUT,64'h8117177E177E7EE8
u_dut/u_pc1/pc1_a32[2]_i_1,LUT6,SLICE_X48Y238,SLICEL.B6LUT,64'hFEE8E880E8808000
u_dut/u_pc1/pc1_a32_reg[0],FDRE,SLICE_X49Y238,SLICEL.AFF,1'b0
u_dut/u_pc1/pc1_a32_reg[1],FDRE,SLICE_X48Y238,SLICEL.AFF,1'b0
u_dut/u_pc1/pc1_a32_reg[2],FDRE,SLICE_X48Y238,SLICEL.BFF,1'b0
u_dut/u_pc1/pc1_a33[0]_i_1,LUT2,SLICE_X53Y238,SLICEL.B6LUT,4'h6
u_dut/u_pc1/pc1_a33[1]_i_1,LUT2,SLICE_X53Y238,SLICEL.B5LUT,4'h8
u_dut/u_pc1/pc1_a33_reg[0],FDRE,SLICE_X53Y238,SLICEL.BFF,1'b0
u_dut/u_pc1/pc1_a33_reg[1],FDRE,SLICE_X53Y238,SLICEL.B5FF,1'b0
u_dut/u_pc1/pc1_a3[0]_i_1,LUT6,SLICE_X42Y232,SLICEM.C6LUT,64'h6996966996696996
u_dut/u_pc1/pc1_a3[1]_i_1,LUT6,SLICE_X42Y230,SLICEM.D6LUT,64'h8117177E177E7EE8
u_dut/u_pc1/pc1_a3[2]_i_1,LUT6,SLICE_X42Y233,SLICEM.A6LUT,64'hFEE8E880E8808000
u_dut/u_pc1/pc1_a3_reg[0],FDRE,SLICE_X42Y232,SLICEM.CFF,1'b0
u_dut/u_pc1/pc1_a3_reg[1],FDRE,SLICE_X42Y230,SLICEM.DFF,1'b0
u_dut/u_pc1/pc1_a3_reg[2],FDRE,SLICE_X42Y233,SLICEM.AFF,1'b0
u_dut/u_pc1/pc1_a4[0]_i_1,LUT6,SLICE_X56Y237,SLICEM.B6LUT,64'h6996966996696996
u_dut/u_pc1/pc1_a4[1]_i_1,LUT6,SLICE_X57Y237,SLICEL.A6LUT,64'h8117177E177E7EE8
u_dut/u_pc1/pc1_a4[2]_i_1,LUT6,SLICE_X59Y237,SLICEL.B6LUT,64'hFEE8E880E8808000
u_dut/u_pc1/pc1_a4_reg[0],FDRE,SLICE_X56Y237,SLICEM.BFF,1'b0
u_dut/u_pc1/pc1_a4_reg[1],FDRE,SLICE_X57Y237,SLICEL.AFF,1'b0
u_dut/u_pc1/pc1_a4_reg[2],FDRE,SLICE_X59Y237,SLICEL.BFF,1'b0
u_dut/u_pc1/pc1_a5[0]_i_1,LUT6,SLICE_X56Y235,SLICEM.B6LUT,64'h6996966996696996
u_dut/u_pc1/pc1_a5[1]_i_1,LUT6,SLICE_X57Y236,SLICEL.B6LUT,64'h8117177E177E7EE8
u_dut/u_pc1/pc1_a5[2]_i_1,LUT6,SLICE_X57Y236,SLICEL.C6LUT,64'hFEE8E880E8808000
u_dut/u_pc1/pc1_a5_reg[0],FDRE,SLICE_X56Y235,SLICEM.BFF,1'b0
u_dut/u_pc1/pc1_a5_reg[1],FDRE,SLICE_X57Y236,SLICEL.BFF,1'b0
u_dut/u_pc1/pc1_a5_reg[2],FDRE,SLICE_X57Y236,SLICEL.CFF,1'b0
u_dut/u_pc1/pc1_a6[0]_i_1,LUT6,SLICE_X55Y237,SLICEL.A6LUT,64'h6996966996696996
u_dut/u_pc1/pc1_a6[1]_i_1,LUT6,SLICE_X55Y237,SLICEL.B6LUT,64'h8117177E177E7EE8
u_dut/u_pc1/pc1_a6[2]_i_1,LUT6,SLICE_X58Y237,SLICEM.A6LUT,64'hFEE8E880E8808000
u_dut/u_pc1/pc1_a6_reg[0],FDRE,SLICE_X55Y237,SLICEL.AFF,1'b0
u_dut/u_pc1/pc1_a6_reg[1],FDRE,SLICE_X55Y237,SLICEL.BFF,1'b0
u_dut/u_pc1/pc1_a6_reg[2],FDRE,SLICE_X58Y237,SLICEM.AFF,1'b0
u_dut/u_pc1/pc1_a7[0]_i_1,LUT6,SLICE_X55Y237,SLICEL.C6LUT,64'h6996966996696996
u_dut/u_pc1/pc1_a7[1]_i_1,LUT6,SLICE_X55Y237,SLICEL.D6LUT,64'h8117177E177E7EE8
u_dut/u_pc1/pc1_a7[2]_i_1,LUT6,SLICE_X59Y237,SLICEL.C6LUT,64'hFEE8E880E8808000
u_dut/u_pc1/pc1_a7_reg[0],FDRE,SLICE_X55Y237,SLICEL.CFF,1'b0
u_dut/u_pc1/pc1_a7_reg[1],FDRE,SLICE_X55Y237,SLICEL.DFF,1'b0
u_dut/u_pc1/pc1_a7_reg[2],FDRE,SLICE_X59Y237,SLICEL.CFF,1'b0
u_dut/u_pc1/pc1_a8[0]_i_1,LUT6,SLICE_X40Y235,SLICEL.A6LUT,64'h6996966996696996
u_dut/u_pc1/pc1_a8[1]_i_1,LUT6,SLICE_X42Y235,SLICEM.A6LUT,64'h8117177E177E7EE8
u_dut/u_pc1/pc1_a8[2]_i_1,LUT6,SLICE_X40Y235,SLICEL.B6LUT,64'hFEE8E880E8808000
u_dut/u_pc1/pc1_a8_reg[0],FDRE,SLICE_X40Y235,SLICEL.AFF,1'b0
u_dut/u_pc1/pc1_a8_reg[1],FDRE,SLICE_X42Y235,SLICEM.AFF,1'b0
u_dut/u_pc1/pc1_a8_reg[2],FDRE,SLICE_X40Y235,SLICEL.BFF,1'b0
u_dut/u_pc1/pc1_a9[0]_i_1,LUT6,SLICE_X41Y235,SLICEL.A6LUT,64'h6996966996696996
u_dut/u_pc1/pc1_a9[1]_i_1,LUT6,SLICE_X41Y235,SLICEL.B6LUT,64'h8117177E177E7EE8
u_dut/u_pc1/pc1_a9[2]_i_1,LUT6,SLICE_X42Y235,SLICEM.B6LUT,64'hFEE8E880E8808000
u_dut/u_pc1/pc1_a9_reg[0],FDRE,SLICE_X41Y235,SLICEL.AFF,1'b0
u_dut/u_pc1/pc1_a9_reg[1],FDRE,SLICE_X41Y235,SLICEL.BFF,1'b0
u_dut/u_pc1/pc1_a9_reg[2],FDRE,SLICE_X42Y235,SLICEM.BFF,1'b0
u_dut/u_pc1/pc1_r2_0[0]_i_1,LUT4,SLICE_X44Y232,SLICEL.D6LUT,16'h6996
u_dut/u_pc1/pc1_r2_0[1]_i_1,LUT5,SLICE_X43Y232,SLICEL.C6LUT,32'h81177EE8
u_dut/u_pc1/pc1_r2_0[1]_i_2,LUT4,SLICE_X42Y231,SLICEM.B6LUT,16'h6996
u_dut/u_pc1/pc1_r2_0[2]_i_1,LUT6,SLICE_X42Y231,SLICEM.C6LUT,64'h9669699666666666
u_dut/u_pc1/pc1_r2_0[2]_i_2,LUT5,SLICE_X43Y232,SLICEL.C5LUT,32'hFEE88000
u_dut/u_pc1/pc1_r2_0[2]_i_3,LUT5,SLICE_X42Y233,SLICEM.D6LUT,32'h96696996
u_dut/u_pc1/pc1_r2_0[3]_i_1,LUT6,SLICE_X42Y233,SLICEM.B6LUT,64'hA99595569556566A
u_dut/u_pc1/pc1_r2_0[4]_i_1,LUT6,SLICE_X42Y233,SLICEM.C6LUT,64'hFEEAEAA8EAA8A880
u_dut/u_pc1/pc1_r2_0[4]_i_2,LUT6,SLICE_X42Y231,SLICEM.D6LUT,64'hEBBEAAAA82280000
u_dut/u_pc1/pc1_r2_0[4]_i_3,LUT3,SLICE_X42Y231,SLICEM.B5LUT,8'hE8
u_dut/u_pc1/pc1_r2_0_reg[0],FDRE,SLICE_X44Y232,SLICEL.DFF,1'b0
u_dut/u_pc1/pc1_r2_0_reg[1],FDRE,SLICE_X43Y232,SLICEL.AFF,1'b0
u_dut/u_pc1/pc1_r2_0_reg[2],FDRE,SLICE_X42Y231,SLICEM.CFF,1'b0
u_dut/u_pc1/pc1_r2_0_reg[3],FDRE,SLICE_X42Y233,SLICEM.BFF,1'b0
u_dut/u_pc1/pc1_r2_0_reg[4],FDRE,SLICE_X42Y233,SLICEM.CFF,1'b0
u_dut/u_pc1/pc1_r2_1[0]_i_1,LUT4,SLICE_X56Y237,SLICEM.C6LUT,16'h6996
u_dut/u_pc1/pc1_r2_1[1]_i_1,LUT5,SLICE_X56Y237,SLICEM.D6LUT,32'h81177EE8
u_dut/u_pc1/pc1_r2_1[1]_i_2,LUT4,SLICE_X57Y237,SLICEL.B6LUT,16'h6996
u_dut/u_pc1/pc1_r2_1[2]_i_1,LUT6,SLICE_X57Y237,SLICEL.C6LUT,64'h9669699666666666
u_dut/u_pc1/pc1_r2_1[2]_i_2,LUT5,SLICE_X56Y237,SLICEM.D5LUT,32'hFEE88000
u_dut/u_pc1/pc1_r2_1[2]_i_3,LUT5,SLICE_X58Y237,SLICEM.D6LUT,32'h96696996
u_dut/u_pc1/pc1_r2_1[3]_i_1,LUT6,SLICE_X58Y237,SLICEM.B6LUT,64'hA99595569556566A
u_dut/u_pc1/pc1_r2_1[4]_i_1,LUT6,SLICE_X58Y237,SLICEM.C6LUT,64'hFEEAEAA8EAA8A880
u_dut/u_pc1/pc1_r2_1[4]_i_2,LUT6,SLICE_X57Y237,SLICEL.D6LUT,64'hEBBEAAAA82280000
u_dut/u_pc1/pc1_r2_1[4]_i_3,LUT3,SLICE_X57Y237,SLICEL.B5LUT,8'hE8
u_dut/u_pc1/pc1_r2_1_reg[0],FDRE,SLICE_X56Y237,SLICEM.CFF,1'b0
u_dut/u_pc1/pc1_r2_1_reg[1],FDRE,SLICE_X54Y237,SLICEM.A5FF,1'b0
u_dut/u_pc1/pc1_r2_1_reg[2],FDRE,SLICE_X57Y237,SLICEL.CFF,1'b0
u_dut/u_pc1/pc1_r2_1_reg[3],FDRE,SLICE_X58Y237,SLICEM.BFF,1'b0
u_dut/u_pc1/pc1_r2_1_reg[4],FDRE,SLICE_X58Y237,SLICEM.CFF,1'b0
u_dut/u_pc1/pc1_r2_2[0]_i_1,LUT4,SLICE_X44Y235,SLICEL.A6LUT,16'h6996
u_dut/u_pc1/pc1_r2_2[1]_i_1,LUT5,SLICE_X43Y235,SLICEL.A6LUT,32'h81177EE8
u_dut/u_pc1/pc1_r2_2[1]_i_2,LUT4,SLICE_X43Y235,SLICEL.B6LUT,16'h6996
u_dut/u_pc1/pc1_r2_2[2]_i_1,LUT6,SLICE_X43Y235,SLICEL.C6LUT,64'h9669699666666666
u_dut/u_pc1/pc1_r2_2[2]_i_2,LUT5,SLICE_X43Y235,SLICEL.A5LUT,32'hFEE88000
u_dut/u_pc1/pc1_r2_2[2]_i_3,LUT5,SLICE_X44Y235,SLICEL.D6LUT,32'h96696996
u_dut/u_pc1/pc1_r2_2[3]_i_1,LUT6,SLICE_X44Y235,SLICEL.B6LUT,64'hA99595569556566A
u_dut/u_pc1/pc1_r2_2[4]_i_1,LUT6,SLICE_X44Y235,SLICEL.C6LUT,64'hFEEAEAA8EAA8A880
u_dut/u_pc1/pc1_r2_2[4]_i_2,LUT6,SLICE_X43Y235,SLICEL.D6LUT,64'hEBBEAAAA82280000
u_dut/u_pc1/pc1_r2_2[4]_i_3,LUT3,SLICE_X43Y235,SLICEL.B5LUT,8'hE8
u_dut/u_pc1/pc1_r2_2_reg[0],FDRE,SLICE_X44Y235,SLICEL.AFF,1'b0
u_dut/u_pc1/pc1_r2_2_reg[1],FDRE,SLICE_X45Y236,SLICEL.AFF,1'b0
u_dut/u_pc1/pc1_r2_2_reg[2],FDRE,SLICE_X43Y235,SLICEL.CFF,1'b0
u_dut/u_pc1/pc1_r2_2_reg[3],FDRE,SLICE_X44Y235,SLICEL.BFF,1'b0
u_dut/u_pc1/pc1_r2_2_reg[4],FDRE,SLICE_X44Y235,SLICEL.CFF,1'b0
u_dut/u_pc1/pc1_r2_3[0]_i_1,LUT4,SLICE_X39Y236,SLICEL.A6LUT,16'h6996
u_dut/u_pc1/pc1_r2_3[1]_i_1,LUT5,SLICE_X39Y236,SLICEL.B6LUT,32'h81177EE8
u_dut/u_pc1/pc1_r2_3[1]_i_2,LUT4,SLICE_X39Y236,SLICEL.C6LUT,16'h6996
u_dut/u_pc1/pc1_r2_3[2]_i_1,LUT6,SLICE_X39Y237,SLICEL.B6LUT,64'h9669699666666666
u_dut/u_pc1/pc1_r2_3[2]_i_2,LUT5,SLICE_X39Y236,SLICEL.B5LUT,32'hFEE88000
u_dut/u_pc1/pc1_r2_3[2]_i_3,LUT5,SLICE_X41Y236,SLICEL.D6LUT,32'h96696996
u_dut/u_pc1/pc1_r2_3[3]_i_1,LUT6,SLICE_X41Y236,SLICEL.B6LUT,64'hA99595569556566A
u_dut/u_pc1/pc1_r2_3[4]_i_1,LUT6,SLICE_X41Y236,SLICEL.C6LUT,64'hFEEAEAA8EAA8A880
u_dut/u_pc1/pc1_r2_3[4]_i_2,LUT6,SLICE_X39Y236,SLICEL.D6LUT,64'hEBBEAAAA82280000
u_dut/u_pc1/pc1_r2_3[4]_i_3,LUT3,SLICE_X39Y236,SLICEL.C5LUT,8'hE8
u_dut/u_pc1/pc1_r2_3_reg[0],FDRE,SLICE_X39Y236,SLICEL.AFF,1'b0
u_dut/u_pc1/pc1_r2_3_reg[1],FDRE,SLICE_X39Y236,SLICEL.A5FF,1'b0
u_dut/u_pc1/pc1_r2_3_reg[2],FDRE,SLICE_X39Y237,SLICEL.BFF,1'b0
u_dut/u_pc1/pc1_r2_3_reg[3],FDRE,SLICE_X41Y236,SLICEL.BFF,1'b0
u_dut/u_pc1/pc1_r2_3_reg[4],FDRE,SLICE_X41Y236,SLICEL.CFF,1'b0
u_dut/u_pc1/pc1_r2_4[0]_i_1,LUT4,SLICE_X38Y232,SLICEM.C6LUT,16'h6996
u_dut/u_pc1/pc1_r2_4[1]_i_1,LUT5,SLICE_X38Y232,SLICEM.D6LUT,32'h81177EE8
u_dut/u_pc1/pc1_r2_4[1]_i_2,LUT4,SLICE_X39Y231,SLICEL.B6LUT,16'h6996
u_dut/u_pc1/pc1_r2_4[2]_i_1,LUT6,SLICE_X39Y231,SLICEL.C6LUT,64'h9669699666666666
u_dut/u_pc1/pc1_r2_4[2]_i_2,LUT5,SLICE_X38Y232,SLICEM.D5LUT,32'hFEE88000
u_dut/u_pc1/pc1_r2_4[2]_i_3,LUT5,SLICE_X39Y232,SLICEL.D6LUT,32'h96696996
u_dut/u_pc1/pc1_r2_4[3]_i_1,LUT6,SLICE_X39Y232,SLICEL.B6LUT,64'hA99595569556566A
u_dut/u_pc1/pc1_r2_4[4]_i_1,LUT6,SLICE_X39Y232,SLICEL.C6LUT,64'hFEEAEAA8EAA8A880
u_dut/u_pc1/pc1_r2_4[4]_i_2,LUT6,SLICE_X39Y231,SLICEL.D6LUT,64'hEBBEAAAA82280000
u_dut/u_pc1/pc1_r2_4[4]_i_3,LUT3,SLICE_X39Y231,SLICEL.B5LUT,8'hE8
u_dut/u_pc1/pc1_r2_4_reg[0],FDRE,SLICE_X38Y232,SLICEM.CFF,1'b0
u_dut/u_pc1/pc1_r2_4_reg[1],FDRE,SLICE_X45Y240,SLICEL.BFF,1'b0
u_dut/u_pc1/pc1_r2_4_reg[2],FDRE,SLICE_X39Y231,SLICEL.CFF,1'b0
u_dut/u_pc1/pc1_r2_4_reg[3],FDRE,SLICE_X39Y232,SLICEL.BFF,1'b0
u_dut/u_pc1/pc1_r2_4_reg[4],FDRE,SLICE_X39Y232,SLICEL.CFF,1'b0
u_dut/u_pc1/pc1_r2_5[0]_i_1,LUT4,SLICE_X51Y241,SLICEL.D6LUT,16'h6996
u_dut/u_pc1/pc1_r2_5[1]_i_1,LUT5,SLICE_X50Y241,SLICEM.A6LUT,32'h81177EE8
u_dut/u_pc1/pc1_r2_5[1]_i_2,LUT4,SLICE_X50Y241,SLICEM.B6LUT,16'h6996
u_dut/u_pc1/pc1_r2_5[2]_i_1,LUT6,SLICE_X50Y241,SLICEM.C6LUT,64'h9669699666666666
u_dut/u_pc1/pc1_r2_5[2]_i_2,LUT5,SLICE_X50Y241,SLICEM.A5LUT,32'hFEE88000
u_dut/u_pc1/pc1_r2_5[2]_i_3,LUT5,SLICE_X52Y241,SLICEM.D6LUT,32'h96696996
u_dut/u_pc1/pc1_r2_5[3]_i_1,LUT6,SLICE_X52Y241,SLICEM.B6LUT,64'hA99595569556566A
u_dut/u_pc1/pc1_r2_5[4]_i_1,LUT6,SLICE_X52Y241,SLICEM.C6LUT,64'hFEEAEAA8EAA8A880
u_dut/u_pc1/pc1_r2_5[4]_i_2,LUT6,SLICE_X50Y241,SLICEM.D6LUT,64'hEBBEAAAA82280000
u_dut/u_pc1/pc1_r2_5[4]_i_3,LUT3,SLICE_X50Y241,SLICEM.B5LUT,8'hE8
u_dut/u_pc1/pc1_r2_5_reg[0],FDRE,SLICE_X51Y241,SLICEL.DFF,1'b0
u_dut/u_pc1/pc1_r2_5_reg[1],FDRE,SLICE_X44Y241,SLICEL.AFF,1'b0
u_dut/u_pc1/pc1_r2_5_reg[2],FDRE,SLICE_X50Y241,SLICEM.CFF,1'b0
u_dut/u_pc1/pc1_r2_5_reg[3],FDRE,SLICE_X52Y241,SLICEM.BFF,1'b0
u_dut/u_pc1/pc1_r2_5_reg[4],FDRE,SLICE_X52Y241,SLICEM.CFF,1'b0
u_dut/u_pc1/pc1_r2_6[0]_i_1,LUT4,SLICE_X46Y241,SLICEM.C6LUT,16'h6996
u_dut/u_pc1/pc1_r2_6[1]_i_1,LUT5,SLICE_X46Y241,SLICEM.D6LUT,32'h81177EE8
u_dut/u_pc1/pc1_r2_6[1]_i_2,LUT4,SLICE_X47Y241,SLICEL.A6LUT,16'h6996
u_dut/u_pc1/pc1_r2_6[2]_i_1,LUT6,SLICE_X47Y240,SLICEL.C6LUT,64'h9669699666666666
u_dut/u_pc1/pc1_r2_6[2]_i_2,LUT5,SLICE_X46Y241,SLICEM.D5LUT,32'hFEE88000
u_dut/u_pc1/pc1_r2_6[2]_i_3,LUT5,SLICE_X47Y241,SLICEL.D6LUT,32'h96696996
u_dut/u_pc1/pc1_r2_6[3]_i_1,LUT6,SLICE_X47Y241,SLICEL.B6LUT,64'hA99595569556566A
u_dut/u_pc1/pc1_r2_6[4]_i_1,LUT6,SLICE_X47Y241,SLICEL.C6LUT,64'hFEEAEAA8EAA8A880
u_dut/u_pc1/pc1_r2_6[4]_i_2,LUT6,SLICE_X47Y240,SLICEL.D6LUT,64'hEBBEAAAA82280000
u_dut/u_pc1/pc1_r2_6[4]_i_3,LUT3,SLICE_X47Y241,SLICEL.A5LUT,8'hE8
u_dut/u_pc1/pc1_r2_6_reg[0],FDRE,SLICE_X46Y241,SLICEM.CFF,1'b0
u_dut/u_pc1/pc1_r2_6_reg[1],FDRE,SLICE_X45Y241,SLICEL.A5FF,1'b0
u_dut/u_pc1/pc1_r2_6_reg[2],FDRE,SLICE_X47Y240,SLICEL.CFF,1'b0
u_dut/u_pc1/pc1_r2_6_reg[3],FDRE,SLICE_X47Y241,SLICEL.BFF,1'b0
u_dut/u_pc1/pc1_r2_6_reg[4],FDRE,SLICE_X47Y241,SLICEL.CFF,1'b0
u_dut/u_pc1/pc1_r2_7[0]_i_1,LUT4,SLICE_X44Y241,SLICEL.C6LUT,16'h6996
u_dut/u_pc1/pc1_r2_7[1]_i_1,LUT5,SLICE_X43Y242,SLICEL.B6LUT,32'h81177EE8
u_dut/u_pc1/pc1_r2_7[1]_i_2,LUT4,SLICE_X43Y242,SLICEL.C6LUT,16'h6996
u_dut/u_pc1/pc1_r2_7[2]_i_1,LUT6,SLICE_X43Y242,SLICEL.D6LUT,64'h9669699666666666
u_dut/u_pc1/pc1_r2_7[2]_i_2,LUT5,SLICE_X43Y242,SLICEL.B5LUT,32'hFEE88000
u_dut/u_pc1/pc1_r2_7[2]_i_3,LUT5,SLICE_X43Y243,SLICEL.D6LUT,32'h96696996
u_dut/u_pc1/pc1_r2_7[3]_i_1,LUT6,SLICE_X43Y243,SLICEL.A6LUT,64'hA99595569556566A
u_dut/u_pc1/pc1_r2_7[4]_i_1,LUT6,SLICE_X43Y243,SLICEL.B6LUT,64'hFEEAEAA8EAA8A880
u_dut/u_pc1/pc1_r2_7[4]_i_2,LUT6,SLICE_X43Y243,SLICEL.C6LUT,64'hEBBEAAAA82280000
u_dut/u_pc1/pc1_r2_7[4]_i_3,LUT3,SLICE_X43Y242,SLICEL.C5LUT,8'hE8
u_dut/u_pc1/pc1_r2_7_reg[0],FDRE,SLICE_X44Y241,SLICEL.CFF,1'b0
u_dut/u_pc1/pc1_r2_7_reg[1],FDRE,SLICE_X43Y242,SLICEL.A5FF,1'b0
u_dut/u_pc1/pc1_r2_7_reg[2],FDRE,SLICE_X43Y242,SLICEL.DFF,1'b0
u_dut/u_pc1/pc1_r2_7_reg[3],FDRE,SLICE_X43Y243,SLICEL.AFF,1'b0
u_dut/u_pc1/pc1_r2_7_reg[4],FDRE,SLICE_X43Y243,SLICEL.BFF,1'b0
u_dut/u_pc1/pc1_r2_8[0]_i_1,LUT2,SLICE_X48Y238,SLICEL.C6LUT,4'h6
u_dut/u_pc1/pc1_r2_8[1]_i_1,LUT4,SLICE_X48Y238,SLICEL.C5LUT,16'h8778
u_dut/u_pc1/pc1_r2_8[2]_i_1,LUT5,SLICE_X48Y238,SLICEL.D6LUT,32'h077FF880
u_dut/u_pc1/pc1_r2_8[3]_i_1,LUT5,SLICE_X48Y238,SLICEL.D5LUT,32'hAA808000
u_dut/u_pc1/pc1_r2_8_reg[0],FDRE,SLICE_X48Y238,SLICEL.CFF,1'b0
u_dut/u_pc1/pc1_r2_8_reg[1],FDRE,SLICE_X48Y238,SLICEL.C5FF,1'b0
u_dut/u_pc1/pc1_r2_8_reg[2],FDRE,SLICE_X48Y238,SLICEL.DFF,1'b0
u_dut/u_pc1/pc1_r2_8_reg[3],FDRE,SLICE_X48Y238,SLICEL.D5FF,1'b0
u_dut/u_pc1/pc1_r4_0[3]_i_2,LUT5,SLICE_X45Y236,SLICEL.C6LUT,32'hEEE8E888
u_dut/u_pc1/pc1_r4_0[3]_i_3,LUT5,SLICE_X45Y236,SLICEL.C5LUT,32'hE81717E8
u_dut/u_pc1/pc1_r4_0[3]_i_4,LUT4,SLICE_X45Y236,SLICEL.D6LUT,16'h6996
u_dut/u_pc1/pc1_r4_0[3]_i_5,LUT6,SLICE_X44Y236,SLICEL.D6LUT,64'h6969699669969696
u_dut/u_pc1/pc1_r4_0[3]_i_6,LUT6,SLICE_X44Y236,SLICEL.C6LUT,64'h6999999699969666
u_dut/u_pc1/pc1_r4_0[3]_i_7,LUT4,SLICE_X44Y236,SLICEL.B6LUT,16'h566A
u_dut/u_pc1/pc1_r4_0[3]_i_8,LUT4,SLICE_X44Y236,SLICEL.A6LUT,16'h6996
u_dut/u_pc1/pc1_r4_0[3]_i_9,LUT3,SLICE_X45Y236,SLICEL.B6LUT,8'h96
u_dut/u_pc1/pc1_r4_0[6]_i_2,LUT5,SLICE_X45Y237,SLICEL.C6LUT,32'hEEE8E888
u_dut/u_pc1/pc1_r4_0[6]_i_3,LUT5,SLICE_X45Y236,SLICEL.B5LUT,32'hEEE8E888
u_dut/u_pc1/pc1_r4_0[6]_i_4,LUT5,SLICE_X44Y237,SLICEL.B6LUT,32'h177E7EE8
u_dut/u_pc1/pc1_r4_0[6]_i_5,LUT6,SLICE_X44Y237,SLICEL.A6LUT,64'h6969699669969696
u_dut/u_pc1/pc1_r4_0[6]_i_6,LUT3,SLICE_X45Y237,SLICEL.D6LUT,8'h96
u_dut/u_pc1/pc1_r4_0[6]_i_7,LUT3,SLICE_X45Y236,SLICEL.A6LUT,8'h96
u_dut/u_pc1/pc1_r4_0[6]_i_8,LUT3,SLICE_X45Y236,SLICEL.A5LUT,8'hE8
u_dut/u_pc1/pc1_r4_0_reg[0],FDRE,SLICE_X44Y236,SLICEL.AFF,1'b0
u_dut/u_pc1/pc1_r4_0_reg[1],FDRE,SLICE_X44Y236,SLICEL.BFF,1'b0
u_dut/u_pc1/pc1_r4_0_reg[2],FDRE,SLICE_X44Y236,SLICEL.CFF,1'b0
u_dut/u_pc1/pc1_r4_0_reg[3],FDRE,SLICE_X44Y236,SLICEL.DFF,1'b0
u_dut/u_pc1/pc1_r4_0_reg[3]_i_1,CARRY4,SLICE_X44Y236,SLICEL.CARRY4,
u_dut/u_pc1/pc1_r4_0_reg[4],FDRE,SLICE_X44Y237,SLICEL.AFF,1'b0
u_dut/u_pc1/pc1_r4_0_reg[5],FDRE,SLICE_X44Y237,SLICEL.BFF,1'b0
u_dut/u_pc1/pc1_r4_0_reg[6],FDRE,SLICE_X44Y237,SLICEL.CFF,1'b0
u_dut/u_pc1/pc1_r4_0_reg[6]_i_1,CARRY4,SLICE_X44Y237,SLICEL.CARRY4,
u_dut/u_pc1/pc1_r4_1[3]_i_2,LUT5,SLICE_X45Y240,SLICEL.B6LUT,32'hEEE8E888
u_dut/u_pc1/pc1_r4_1[3]_i_3,LUT5,SLICE_X45Y240,SLICEL.B5LUT,32'hE81717E8
u_dut/u_pc1/pc1_r4_1[3]_i_4,LUT4,SLICE_X45Y240,SLICEL.C6LUT,16'h6996
u_dut/u_pc1/pc1_r4_1[3]_i_5,LUT6,SLICE_X45Y241,SLICEL.D6LUT,64'h6969699669969696
u_dut/u_pc1/pc1_r4_1[3]_i_6,LUT6,SLICE_X45Y241,SLICEL.C6LUT,64'h6999999699969666
u_dut/u_pc1/pc1_r4_1[3]_i_7,LUT4,SLICE_X45Y241,SLICEL.B6LUT,16'h566A
u_dut/u_pc1/pc1_r4_1[3]_i_8,LUT4,SLICE_X45Y241,SLICEL.A6LUT,16'h6996
u_dut/u_pc1/pc1_r4_1[3]_i_9,LUT3,SLICE_X45Y240,SLICEL.A6LUT,8'h96
u_dut/u_pc1/pc1_r4_1[6]_i_2,LUT5,SLICE_X44Y242,SLICEL.C6LUT,32'hEEE8E888
u_dut/u_pc1/pc1_r4_1[6]_i_3,LUT5,SLICE_X45Y240,SLICEL.A5LUT,32'hEEE8E888
u_dut/u_pc1/pc1_r4_1[6]_i_4,LUT5,SLICE_X45Y242,SLICEL.B6LUT,32'h177E7EE8
u_dut/u_pc1/pc1_r4_1[6]_i_5,LUT6,SLICE_X45Y242,SLICEL.A6LUT,64'h6969699669969696
u_dut/u_pc1/pc1_r4_1[6]_i_6,LUT3,SLICE_X44Y242,SLICEL.D6LUT,8'h96
u_dut/u_pc1/pc1_r4_1[6]_i_7,LUT3,SLICE_X44Y242,SLICEL.B6LUT,8'h96
u_dut/u_pc1/pc1_r4_1[6]_i_8,LUT3,SLICE_X44Y242,SLICEL.B5LUT,8'hE8
u_dut/u_pc1/pc1_r4_1_reg[0],FDRE,SLICE_X45Y241,SLICEL.AFF,1'b0
u_dut/u_pc1/pc1_r4_1_reg[1],FDRE,SLICE_X45Y241,SLICEL.BFF,1'b0
u_dut/u_pc1/pc1_r4_1_reg[2],FDRE,SLICE_X45Y241,SLICEL.CFF,1'b0
u_dut/u_pc1/pc1_r4_1_reg[3],FDRE,SLICE_X45Y241,SLICEL.DFF,1'b0
u_dut/u_pc1/pc1_r4_1_reg[3]_i_1,CARRY4,SLICE_X45Y241,SLICEL.CARRY4,
u_dut/u_pc1/pc1_r4_1_reg[4],FDRE,SLICE_X45Y242,SLICEL.AFF,1'b0
u_dut/u_pc1/pc1_r4_1_reg[5],FDRE,SLICE_X45Y242,SLICEL.BFF,1'b0
u_dut/u_pc1/pc1_r4_1_reg[6],FDRE,SLICE_X45Y242,SLICEL.CFF,1'b0
u_dut/u_pc1/pc1_r4_1_reg[6]_i_1,CARRY4,SLICE_X45Y242,SLICEL.CARRY4,
u_dut/u_pc1/pc1_r4_2_reg[0],FDRE,SLICE_X45Y238,SLICEL.AFF,1'b0
u_dut/u_pc1/pc1_r4_2_reg[1],FDRE,SLICE_X45Y238,SLICEL.BFF,1'b0
u_dut/u_pc1/pc1_r4_2_reg[2],FDRE,SLICE_X45Y238,SLICEL.CFF,1'b0
u_dut/u_pc1/pc1_r4_2_reg[3],FDRE,SLICE_X45Y238,SLICEL.DFF,1'b0
u_dut/u_pc1/pc1_r6_0[3]_i_2,LUT3,SLICE_X44Y238,SLICEL.C5LUT,8'hE8
u_dut/u_pc1/pc1_r6_0[3]_i_3,LUT3,SLICE_X44Y238,SLICEL.B5LUT,8'hE8
u_dut/u_pc1/pc1_r6_0[3]_i_4,LUT3,SLICE_X44Y238,SLICEL.A5LUT,8'hE8
u_dut/u_pc1/pc1_r6_0[3]_i_5,LUT4,SLICE_X44Y238,SLICEL.D6LUT,16'h6996
u_dut/u_pc1/pc1_r6_0[3]_i_6,LUT4,SLICE_X44Y238,SLICEL.C6LUT,16'h6996
u_dut/u_pc1/pc1_r6_0[3]_i_7,LUT4,SLICE_X44Y238,SLICEL.B6LUT,16'h6996
u_dut/u_pc1/pc1_r6_0[3]_i_8,LUT3,SLICE_X44Y238,SLICEL.A6LUT,8'h96
u_dut/u_pc1/pc1_r6_0[7]_i_2,LUT2,SLICE_X44Y239,SLICEL.C5LUT,4'h8
u_dut/u_pc1/pc1_r6_0[7]_i_3,LUT2,SLICE_X44Y239,SLICEL.B5LUT,4'h8
u_dut/u_pc1/pc1_r6_0[7]_i_4,LUT3,SLICE_X44Y239,SLICEL.A5LUT,8'hE8
u_dut/u_pc1/pc1_r6_0[7]_i_5,LUT2,SLICE_X44Y239,SLICEL.D6LUT,4'h8
u_dut/u_pc1/pc1_r6_0[7]_i_6,LUT4,SLICE_X44Y239,SLICEL.C6LUT,16'h8778
u_dut/u_pc1/pc1_r6_0[7]_i_7,LUT4,SLICE_X44Y239,SLICEL.B6LUT,16'h8778
u_dut/u_pc1/pc1_r6_0[7]_i_8,LUT5,SLICE_X44Y239,SLICEL.A6LUT,32'hE81717E8
u_dut/u_pc1/pc1_r6_0_reg[0],FDRE,SLICE_X44Y238,SLICEL.AFF,1'b0
u_dut/u_pc1/pc1_r6_0_reg[1],FDRE,SLICE_X44Y238,SLICEL.BFF,1'b0
u_dut/u_pc1/pc1_r6_0_reg[2],FDRE,SLICE_X44Y238,SLICEL.CFF,1'b0
u_dut/u_pc1/pc1_r6_0_reg[3],FDRE,SLICE_X44Y238,SLICEL.DFF,1'b0
u_dut/u_pc1/pc1_r6_0_reg[3]_i_1,CARRY4,SLICE_X44Y238,SLICEL.CARRY4,
u_dut/u_pc1/pc1_r6_0_reg[4],FDRE,SLICE_X44Y239,SLICEL.AFF,1'b0
u_dut/u_pc1/pc1_r6_0_reg[5],FDRE,SLICE_X44Y239,SLICEL.BFF,1'b0
u_dut/u_pc1/pc1_r6_0_reg[6],FDRE,SLICE_X44Y239,SLICEL.CFF,1'b0
u_dut/u_pc1/pc1_r6_0_reg[7],FDRE,SLICE_X44Y239,SLICEL.DFF,1'b0
u_dut/u_pc1/pc1_r6_0_reg[7]_i_1,CARRY4,SLICE_X44Y239,SLICEL.CARRY4,
u_dut/u_pc1/pc2_a0[0]_i_1,LUT6,SLICE_X43Y210,SLICEL.A6LUT,64'h6996966996696996
u_dut/u_pc1/pc2_a0[1]_i_1,LUT6,SLICE_X42Y210,SLICEM.A6LUT,64'h8117177E177E7EE8
u_dut/u_pc1/pc2_a0[2]_i_1,LUT6,SLICE_X42Y210,SLICEM.B6LUT,64'hFEE8E880E8808000
u_dut/u_pc1/pc2_a0_reg[0],FDRE,SLICE_X43Y210,SLICEL.AFF,1'b0
u_dut/u_pc1/pc2_a0_reg[1],FDRE,SLICE_X42Y210,SLICEM.AFF,1'b0
u_dut/u_pc1/pc2_a0_reg[2],FDRE,SLICE_X42Y210,SLICEM.BFF,1'b0
u_dut/u_pc1/pc2_a10[0]_i_1,LUT6,SLICE_X38Y208,SLICEM.A6LUT,64'h6996966996696996
u_dut/u_pc1/pc2_a10[1]_i_1,LUT6,SLICE_X38Y208,SLICEM.B6LUT,64'h8117177E177E7EE8
u_dut/u_pc1/pc2_a10[2]_i_1,LUT6,SLICE_X39Y211,SLICEL.A6LUT,64'hFEE8E880E8808000
u_dut/u_pc1/pc2_a10_reg[0],FDRE,SLICE_X38Y208,SLICEM.AFF,1'b0
u_dut/u_pc1/pc2_a10_reg[1],FDRE,SLICE_X38Y208,SLICEM.BFF,1'b0
u_dut/u_pc1/pc2_a10_reg[2],FDRE,SLICE_X39Y211,SLICEL.AFF,1'b0
u_dut/u_pc1/pc2_a11[0]_i_1,LUT6,SLICE_X40Y208,SLICEL.A6LUT,64'h6996966996696996
u_dut/u_pc1/pc2_a11[1]_i_1,LUT6,SLICE_X39Y208,SLICEL.A6LUT,64'h8117177E177E7EE8
u_dut/u_pc1/pc2_a11[2]_i_1,LUT6,SLICE_X40Y209,SLICEL.C6LUT,64'hFEE8E880E8808000
u_dut/u_pc1/pc2_a11_reg[0],FDRE,SLICE_X40Y208,SLICEL.AFF,1'b0
u_dut/u_pc1/pc2_a11_reg[1],FDRE,SLICE_X39Y208,SLICEL.AFF,1'b0
u_dut/u_pc1/pc2_a11_reg[2],FDRE,SLICE_X40Y209,SLICEL.CFF,1'b0
u_dut/u_pc1/pc2_a12[0]_i_1,LUT6,SLICE_X33Y210,SLICEL.A6LUT,64'h6996966996696996
u_dut/u_pc1/pc2_a12[1]_i_1,LUT6,SLICE_X35Y210,SLICEL.A6LUT,64'h8117177E177E7EE8
u_dut/u_pc1/pc2_a12[2]_i_1,LUT6,SLICE_X35Y210,SLICEL.B6LUT,64'hFEE8E880E8808000
u_dut/u_pc1/pc2_a12_reg[0],FDRE,SLICE_X33Y210,SLICEL.AFF,1'b0
u_dut/u_pc1/pc2_a12_reg[1],FDRE,SLICE_X35Y210,SLICEL.AFF,1'b0
u_dut/u_pc1/pc2_a12_reg[2],FDRE,SLICE_X35Y210,SLICEL.BFF,1'b0
u_dut/u_pc1/pc2_a13[0]_i_1,LUT6,SLICE_X33Y210,SLICEL.B6LUT,64'h6996966996696996
u_dut/u_pc1/pc2_a13[1]_i_1,LUT6,SLICE_X36Y210,SLICEL.A6LUT,64'h8117177E177E7EE8
u_dut/u_pc1/pc2_a13[2]_i_1,LUT6,SLICE_X36Y210,SLICEL.B6LUT,64'hFEE8E880E8808000
u_dut/u_pc1/pc2_a13_reg[0],FDRE,SLICE_X33Y210,SLICEL.BFF,1'b0
u_dut/u_pc1/pc2_a13_reg[1],FDRE,SLICE_X36Y210,SLICEL.AFF,1'b0
u_dut/u_pc1/pc2_a13_reg[2],FDRE,SLICE_X36Y210,SLICEL.BFF,1'b0
u_dut/u_pc1/pc2_a14[0]_i_1,LUT6,SLICE_X33Y214,SLICEL.B6LUT,64'h6996966996696996
u_dut/u_pc1/pc2_a14[1]_i_1,LUT6,SLICE_X33Y214,SLICEL.C6LUT,64'h8117177E177E7EE8
u_dut/u_pc1/pc2_a14[2]_i_1,LUT6,SLICE_X34Y212,SLICEL.B6LUT,64'hFEE8E880E8808000
u_dut/u_pc1/pc2_a14_reg[0],FDRE,SLICE_X33Y214,SLICEL.BFF,1'b0
u_dut/u_pc1/pc2_a14_reg[1],FDRE,SLICE_X33Y214,SLICEL.CFF,1'b0
u_dut/u_pc1/pc2_a14_reg[2],FDRE,SLICE_X34Y212,SLICEL.BFF,1'b0
u_dut/u_pc1/pc2_a15[0]_i_1,LUT6,SLICE_X32Y210,SLICEL.A6LUT,64'h6996966996696996
u_dut/u_pc1/pc2_a15[1]_i_1,LUT6,SLICE_X32Y210,SLICEL.B6LUT,64'h8117177E177E7EE8
u_dut/u_pc1/pc2_a15[2]_i_1,LUT6,SLICE_X32Y210,SLICEL.C6LUT,64'hFEE8E880E8808000
u_dut/u_pc1/pc2_a15_reg[0],FDRE,SLICE_X32Y210,SLICEL.AFF,1'b0
u_dut/u_pc1/pc2_a15_reg[1],FDRE,SLICE_X32Y210,SLICEL.BFF,1'b0
u_dut/u_pc1/pc2_a15_reg[2],FDRE,SLICE_X32Y210,SLICEL.CFF,1'b0
u_dut/u_pc1/pc2_a16[0]_i_1,LUT6,SLICE_X18Y210,SLICEM.A6LUT,64'h6996966996696996
u_dut/u_pc1/pc2_a16[1]_i_1,LUT6,SLICE_X18Y210,SLICEM.B6LUT,64'h8117177E177E7EE8
u_dut/u_pc1/pc2_a16[2]_i_1,LUT6,SLICE_X16Y210,SLICEM.D6LUT,64'hFEE8E880E8808000
u_dut/u_pc1/pc2_a16_reg[0],FDRE,SLICE_X18Y210,SLICEM.AFF,1'b0
u_dut/u_pc1/pc2_a16_reg[1],FDRE,SLICE_X18Y210,SLICEM.BFF,1'b0
u_dut/u_pc1/pc2_a16_reg[2],FDRE,SLICE_X16Y210,SLICEM.DFF,1'b0
u_dut/u_pc1/pc2_a17[0]_i_1,LUT6,SLICE_X16Y209,SLICEM.A6LUT,64'h6996966996696996
u_dut/u_pc1/pc2_a17[1]_i_1,LUT6,SLICE_X18Y209,SLICEM.A6LUT,64'h8117177E177E7EE8
u_dut/u_pc1/pc2_a17[2]_i_1,LUT6,SLICE_X16Y209,SLICEM.B6LUT,64'hFEE8E880E8808000
u_dut/u_pc1/pc2_a17_reg[0],FDRE,SLICE_X16Y209,SLICEM.AFF,1'b0
u_dut/u_pc1/pc2_a17_reg[1],FDRE,SLICE_X18Y209,SLICEM.AFF,1'b0
u_dut/u_pc1/pc2_a17_reg[2],FDRE,SLICE_X16Y209,SLICEM.BFF,1'b0
u_dut/u_pc1/pc2_a18[0]_i_1,LUT6,SLICE_X14Y211,SLICEM.B6LUT,64'h6996966996696996
u_dut/u_pc1/pc2_a18[1]_i_1,LUT6,SLICE_X19Y211,SLICEL.B6LUT,64'h8117177E177E7EE8
u_dut/u_pc1/pc2_a18[2]_i_1,LUT6,SLICE_X18Y211,SLICEM.D6LUT,64'hFEE8E880E8808000
u_dut/u_pc1/pc2_a18_reg[0],FDRE,SLICE_X14Y211,SLICEM.BFF,1'b0
u_dut/u_pc1/pc2_a18_reg[1],FDRE,SLICE_X19Y211,SLICEL.BFF,1'b0
u_dut/u_pc1/pc2_a18_reg[2],FDRE,SLICE_X18Y211,SLICEM.DFF,1'b0
u_dut/u_pc1/pc2_a19[0]_i_1,LUT6,SLICE_X17Y209,SLICEL.A6LUT,64'h6996966996696996
u_dut/u_pc1/pc2_a19[1]_i_1,LUT6,SLICE_X19Y209,SLICEL.A6LUT,64'h8117177E177E7EE8
u_dut/u_pc1/pc2_a19[2]_i_1,LUT6,SLICE_X17Y209,SLICEL.B6LUT,64'hFEE8E880E8808000
u_dut/u_pc1/pc2_a19_reg[0],FDRE,SLICE_X17Y209,SLICEL.AFF,1'b0
u_dut/u_pc1/pc2_a19_reg[1],FDRE,SLICE_X19Y209,SLICEL.AFF,1'b0
u_dut/u_pc1/pc2_a19_reg[2],FDRE,SLICE_X17Y209,SLICEL.BFF,1'b0
u_dut/u_pc1/pc2_a1[0]_i_1,LUT6,SLICE_X38Y209,SLICEM.A6LUT,64'h6996966996696996
u_dut/u_pc1/pc2_a1[1]_i_1,LUT6,SLICE_X38Y209,SLICEM.B6LUT,64'h8117177E177E7EE8
u_dut/u_pc1/pc2_a1[2]_i_1,LUT6,SLICE_X39Y211,SLICEL.B6LUT,64'hFEE8E880E8808000
u_dut/u_pc1/pc2_a1_reg[0],FDRE,SLICE_X38Y209,SLICEM.AFF,1'b0
u_dut/u_pc1/pc2_a1_reg[1],FDRE,SLICE_X38Y209,SLICEM.BFF,1'b0
u_dut/u_pc1/pc2_a1_reg[2],FDRE,SLICE_X39Y211,SLICEL.BFF,1'b0
u_dut/u_pc1/pc2_a20[0]_i_1,LUT6,SLICE_X10Y219,SLICEM.B6LUT,64'h6996966996696996
u_dut/u_pc1/pc2_a20[1]_i_1,LUT6,SLICE_X12Y219,SLICEM.A6LUT,64'h8117177E177E7EE8
u_dut/u_pc1/pc2_a20[2]_i_1,LUT6,SLICE_X13Y219,SLICEL.A6LUT,64'hFEE8E880E8808000
u_dut/u_pc1/pc2_a20_reg[0],FDRE,SLICE_X10Y219,SLICEM.BFF,1'b0
u_dut/u_pc1/pc2_a20_reg[1],FDRE,SLICE_X12Y219,SLICEM.AFF,1'b0
u_dut/u_pc1/pc2_a20_reg[2],FDRE,SLICE_X13Y219,SLICEL.AFF,1'b0
u_dut/u_pc1/pc2_a21[0]_i_1,LUT6,SLICE_X10Y215,SLICEM.A6LUT,64'h6996966996696996
u_dut/u_pc1/pc2_a21[1]_i_1,LUT6,SLICE_X12Y216,SLICEM.A6LUT,64'h8117177E177E7EE8
u_dut/u_pc1/pc2_a21[2]_i_1,LUT6,SLICE_X14Y216,SLICEM.A6LUT,64'hFEE8E880E8808000
u_dut/u_pc1/pc2_a21_reg[0],FDRE,SLICE_X10Y215,SLICEM.AFF,1'b0
u_dut/u_pc1/pc2_a21_reg[1],FDRE,SLICE_X12Y216,SLICEM.AFF,1'b0
u_dut/u_pc1/pc2_a21_reg[2],FDRE,SLICE_X14Y216,SLICEM.AFF,1'b0
u_dut/u_pc1/pc2_a22[0]_i_1,LUT6,SLICE_X10Y215,SLICEM.B6LUT,64'h6996966996696996
u_dut/u_pc1/pc2_a22[1]_i_1,LUT6,SLICE_X14Y216,SLICEM.B6LUT,64'h8117177E177E7EE8
u_dut/u_pc1/pc2_a22[2]_i_1,LUT6,SLICE_X14Y216,SLICEM.C6LUT,64'hFEE8E880E8808000
u_dut/u_pc1/pc2_a22_reg[0],FDRE,SLICE_X10Y215,SLICEM.BFF,1'b0
u_dut/u_pc1/pc2_a22_reg[1],FDRE,SLICE_X14Y216,SLICEM.BFF,1'b0
u_dut/u_pc1/pc2_a22_reg[2],FDRE,SLICE_X14Y216,SLICEM.CFF,1'b0
u_dut/u_pc1/pc2_a23[0]_i_1,LUT6,SLICE_X10Y216,SLICEM.A6LUT,64'h6996966996696996
u_dut/u_pc1/pc2_a23[1]_i_1,LUT6,SLICE_X9Y216,SLICEL.A6LUT,64'h8117177E177E7EE8
u_dut/u_pc1/pc2_a23[2]_i_1,LUT6,SLICE_X13Y216,SLICEL.A6LUT,64'hFEE8E880E8808000
u_dut/u_pc1/pc2_a23_reg[0],FDRE,SLICE_X10Y216,SLICEM.AFF,1'b0
u_dut/u_pc1/pc2_a23_reg[1],FDRE,SLICE_X9Y216,SLICEL.AFF,1'b0
u_dut/u_pc1/pc2_a23_reg[2],FDRE,SLICE_X13Y216,SLICEL.AFF,1'b0
u_dut/u_pc1/pc2_a24[0]_i_1,LUT6,SLICE_X20Y213,SLICEM.A6LUT,64'h6996966996696996
u_dut/u_pc1/pc2_a24[1]_i_1,LUT6,SLICE_X20Y213,SLICEM.B6LUT,64'h8117177E177E7EE8
u_dut/u_pc1/pc2_a24[2]_i_1,LUT6,SLICE_X20Y213,SLICEM.C6LUT,64'hFEE8E880E8808000
u_dut/u_pc1/pc2_a24_reg[0],FDRE,SLICE_X20Y213,SLICEM.AFF,1'b0
u_dut/u_pc1/pc2_a24_reg[1],FDRE,SLICE_X20Y213,SLICEM.BFF,1'b0
u_dut/u_pc1/pc2_a24_reg[2],FDRE,SLICE_X20Y213,SLICEM.CFF,1'b0
u_dut/u_pc1/pc2_a25[0]_i_1,LUT6,SLICE_X21Y213,SLICEL.B6LUT,64'h6996966996696996
u_dut/u_pc1/pc2_a25[1]_i_1,LUT6,SLICE_X21Y213,SLICEL.C6LUT,64'h8117177E177E7EE8
u_dut/u_pc1/pc2_a25[2]_i_1,LUT6,SLICE_X20Y214,SLICEM.A6LUT,64'hFEE8E880E8808000
u_dut/u_pc1/pc2_a25_reg[0],FDRE,SLICE_X21Y213,SLICEL.BFF,1'b0
u_dut/u_pc1/pc2_a25_reg[1],FDRE,SLICE_X21Y213,SLICEL.CFF,1'b0
u_dut/u_pc1/pc2_a25_reg[2],FDRE,SLICE_X20Y214,SLICEM.AFF,1'b0
u_dut/u_pc1/pc2_a26[0]_i_1,LUT6,SLICE_X18Y212,SLICEM.A6LUT,64'h6996966996696996
u_dut/u_pc1/pc2_a26[1]_i_1,LUT6,SLICE_X18Y212,SLICEM.B6LUT,64'h8117177E177E7EE8
u_dut/u_pc1/pc2_a26[2]_i_1,LUT6,SLICE_X19Y212,SLICEL.A6LUT,64'hFEE8E880E8808000
u_dut/u_pc1/pc2_a26_reg[0],FDRE,SLICE_X18Y212,SLICEM.AFF,1'b0
u_dut/u_pc1/pc2_a26_reg[1],FDRE,SLICE_X18Y212,SLICEM.BFF,1'b0
u_dut/u_pc1/pc2_a26_reg[2],FDRE,SLICE_X19Y212,SLICEL.AFF,1'b0
u_dut/u_pc1/pc2_a27[0]_i_1,LUT6,SLICE_X18Y216,SLICEM.C6LUT,64'h6996966996696996
u_dut/u_pc1/pc2_a27[1]_i_1,LUT6,SLICE_X20Y214,SLICEM.B6LUT,64'h8117177E177E7EE8
u_dut/u_pc1/pc2_a27[2]_i_1,LUT6,SLICE_X21Y214,SLICEL.A6LUT,64'hFEE8E880E8808000
u_dut/u_pc1/pc2_a27_reg[0],FDRE,SLICE_X18Y216,SLICEM.CFF,1'b0
u_dut/u_pc1/pc2_a27_reg[1],FDRE,SLICE_X20Y214,SLICEM.BFF,1'b0
u_dut/u_pc1/pc2_a27_reg[2],FDRE,SLICE_X21Y214,SLICEL.AFF,1'b0
u_dut/u_pc1/pc2_a28[0]_i_1,LUT6,SLICE_X18Y217,SLICEM.A6LUT,64'h6996966996696996
u_dut/u_pc1/pc2_a28[1]_i_1,LUT6,SLICE_X17Y219,SLICEL.B6LUT,64'h8117177E177E7EE8
u_dut/u_pc1/pc2_a28[2]_i_1,LUT6,SLICE_X15Y219,SLICEL.B6LUT,64'hFEE8E880E8808000
u_dut/u_pc1/pc2_a28_reg[0],FDRE,SLICE_X18Y217,SLICEM.AFF,1'b0
u_dut/u_pc1/pc2_a28_reg[1],FDRE,SLICE_X17Y219,SLICEL.BFF,1'b0
u_dut/u_pc1/pc2_a28_reg[2],FDRE,SLICE_X15Y219,SLICEL.BFF,1'b0
u_dut/u_pc1/pc2_a29[0]_i_1,LUT6,SLICE_X18Y218,SLICEM.A6LUT,64'h6996966996696996
u_dut/u_pc1/pc2_a29[1]_i_1,LUT6,SLICE_X18Y218,SLICEM.B6LUT,64'h8117177E177E7EE8
u_dut/u_pc1/pc2_a29[2]_i_1,LUT6,SLICE_X19Y218,SLICEL.A6LUT,64'hFEE8E880E8808000
u_dut/u_pc1/pc2_a29_reg[0],FDRE,SLICE_X18Y218,SLICEM.AFF,1'b0
u_dut/u_pc1/pc2_a29_reg[1],FDRE,SLICE_X18Y218,SLICEM.BFF,1'b0
u_dut/u_pc1/pc2_a29_reg[2],FDRE,SLICE_X19Y218,SLICEL.AFF,1'b0
u_dut/u_pc1/pc2_a2[0]_i_1,LUT6,SLICE_X38Y210,SLICEM.A6LUT,64'h6996966996696996
u_dut/u_pc1/pc2_a2[1]_i_1,LUT6,SLICE_X38Y210,SLICEM.B6LUT,64'h8117177E177E7EE8
u_dut/u_pc1/pc2_a2[2]_i_1,LUT6,SLICE_X39Y210,SLICEL.A6LUT,64'hFEE8E880E8808000
u_dut/u_pc1/pc2_a2_reg[0],FDRE,SLICE_X38Y210,SLICEM.AFF,1'b0
u_dut/u_pc1/pc2_a2_reg[1],FDRE,SLICE_X38Y210,SLICEM.BFF,1'b0
u_dut/u_pc1/pc2_a2_reg[2],FDRE,SLICE_X39Y210,SLICEL.AFF,1'b0
u_dut/u_pc1/pc2_a30[0]_i_1,LUT6,SLICE_X17Y219,SLICEL.C6LUT,64'h6996966996696996
u_dut/u_pc1/pc2_a30[1]_i_1,LUT6,SLICE_X18Y219,SLICEM.A6LUT,64'h8117177E177E7EE8
u_dut/u_pc1/pc2_a30[2]_i_1,LUT6,SLICE_X19Y219,SLICEL.A6LUT,64'hFEE8E880E8808000
u_dut/u_pc1/pc2_a30_reg[0],FDRE,SLICE_X17Y219,SLICEL.CFF,1'b0
u_dut/u_pc1/pc2_a30_reg[1],FDRE,SLICE_X18Y219,SLICEM.AFF,1'b0
u_dut/u_pc1/pc2_a30_reg[2],FDRE,SLICE_X19Y219,SLICEL.AFF,1'b0
u_dut/u_pc1/pc2_a31[0]_i_1,LUT6,SLICE_X19Y217,SLICEL.A6LUT,64'h6996966996696996
u_dut/u_pc1/pc2_a31[1]_i_1,LUT6,SLICE_X18Y218,SLICEM.C6LUT,64'h8117177E177E7EE8
u_dut/u_pc1/pc2_a31[2]_i_1,LUT6,SLICE_X19Y218,SLICEL.B6LUT,64'hFEE8E880E8808000
u_dut/u_pc1/pc2_a31_reg[0],FDRE,SLICE_X19Y217,SLICEL.AFF,1'b0
u_dut/u_pc1/pc2_a31_reg[1],FDRE,SLICE_X18Y218,SLICEM.CFF,1'b0
u_dut/u_pc1/pc2_a31_reg[2],FDRE,SLICE_X19Y218,SLICEL.BFF,1'b0
u_dut/u_pc1/pc2_a32[0]_i_1,LUT6,SLICE_X30Y212,SLICEL.A6LUT,64'h6996966996696996
u_dut/u_pc1/pc2_a32[1]_i_1,LUT6,SLICE_X30Y212,SLICEL.B6LUT,64'h8117177E177E7EE8
u_dut/u_pc1/pc2_a32[2]_i_1,LUT6,SLICE_X31Y213,SLICEL.C6LUT,64'hFEE8E880E8808000
u_dut/u_pc1/pc2_a32_reg[0],FDRE,SLICE_X30Y212,SLICEL.AFF,1'b0
u_dut/u_pc1/pc2_a32_reg[1],FDRE,SLICE_X30Y212,SLICEL.BFF,1'b0
u_dut/u_pc1/pc2_a32_reg[2],FDRE,SLICE_X31Y213,SLICEL.CFF,1'b0
u_dut/u_pc1/pc2_a33[0]_i_1,LUT2,SLICE_X31Y212,SLICEL.D6LUT,4'h6
u_dut/u_pc1/pc2_a33[1]_i_1,LUT2,SLICE_X31Y212,SLICEL.D5LUT,4'h8
u_dut/u_pc1/pc2_a33_reg[0],FDRE,SLICE_X31Y212,SLICEL.DFF,1'b0
u_dut/u_pc1/pc2_a33_reg[1],FDRE,SLICE_X31Y212,SLICEL.D5FF,1'b0
u_dut/u_pc1/pc2_a3[0]_i_1,LUT6,SLICE_X46Y211,SLICEM.A6LUT,64'h6996966996696996
u_dut/u_pc1/pc2_a3[1]_i_1,LUT6,SLICE_X46Y211,SLICEM.B6LUT,64'h8117177E177E7EE8
u_dut/u_pc1/pc2_a3[2]_i_1,LUT6,SLICE_X44Y211,SLICEL.A6LUT,64'hFEE8E880E8808000
u_dut/u_pc1/pc2_a3_reg[0],FDRE,SLICE_X46Y211,SLICEM.AFF,1'b0
u_dut/u_pc1/pc2_a3_reg[1],FDRE,SLICE_X46Y211,SLICEM.BFF,1'b0
u_dut/u_pc1/pc2_a3_reg[2],FDRE,SLICE_X44Y211,SLICEL.AFF,1'b0
u_dut/u_pc1/pc2_a4[0]_i_1,LUT6,SLICE_X40Y213,SLICEL.C6LUT,64'h6996966996696996
u_dut/u_pc1/pc2_a4[1]_i_1,LUT6,SLICE_X39Y214,SLICEL.B6LUT,64'h8117177E177E7EE8
u_dut/u_pc1/pc2_a4[2]_i_1,LUT6,SLICE_X38Y214,SLICEM.A6LUT,64'hFEE8E880E8808000
u_dut/u_pc1/pc2_a4_reg[0],FDRE,SLICE_X40Y213,SLICEL.CFF,1'b0
u_dut/u_pc1/pc2_a4_reg[1],FDRE,SLICE_X39Y214,SLICEL.BFF,1'b0
u_dut/u_pc1/pc2_a4_reg[2],FDRE,SLICE_X38Y214,SLICEM.AFF,1'b0
u_dut/u_pc1/pc2_a5[0]_i_1,LUT6,SLICE_X37Y212,SLICEL.B6LUT,64'h6996966996696996
u_dut/u_pc1/pc2_a5[1]_i_1,LUT6,SLICE_X38Y215,SLICEM.C6LUT,64'h8117177E177E7EE8
u_dut/u_pc1/pc2_a5[2]_i_1,LUT6,SLICE_X37Y214,SLICEL.A6LUT,64'hFEE8E880E8808000
u_dut/u_pc1/pc2_a5_reg[0],FDRE,SLICE_X37Y212,SLICEL.BFF,1'b0
u_dut/u_pc1/pc2_a5_reg[1],FDRE,SLICE_X38Y215,SLICEM.CFF,1'b0
u_dut/u_pc1/pc2_a5_reg[2],FDRE,SLICE_X37Y214,SLICEL.AFF,1'b0
u_dut/u_pc1/pc2_a6[0]_i_1,LUT6,SLICE_X44Y213,SLICEL.D6LUT,64'h6996966996696996
u_dut/u_pc1/pc2_a6[1]_i_1,LUT6,SLICE_X39Y214,SLICEL.C6LUT,64'h8117177E177E7EE8
u_dut/u_pc1/pc2_a6[2]_i_1,LUT6,SLICE_X39Y214,SLICEL.D6LUT,64'hFEE8E880E8808000
u_dut/u_pc1/pc2_a6_reg[0],FDRE,SLICE_X44Y213,SLICEL.DFF,1'b0
u_dut/u_pc1/pc2_a6_reg[1],FDRE,SLICE_X39Y214,SLICEL.CFF,1'b0
u_dut/u_pc1/pc2_a6_reg[2],FDRE,SLICE_X39Y214,SLICEL.DFF,1'b0
u_dut/u_pc1/pc2_a7[0]_i_1,LUT6,SLICE_X39Y215,SLICEL.D6LUT,64'h6996966996696996
u_dut/u_pc1/pc2_a7[1]_i_1,LUT6,SLICE_X36Y214,SLICEL.C6LUT,64'h8117177E177E7EE8
u_dut/u_pc1/pc2_a7[2]_i_1,LUT6,SLICE_X36Y214,SLICEL.D6LUT,64'hFEE8E880E8808000
u_dut/u_pc1/pc2_a7_reg[0],FDRE,SLICE_X39Y215,SLICEL.DFF,1'b0
u_dut/u_pc1/pc2_a7_reg[1],FDRE,SLICE_X36Y214,SLICEL.CFF,1'b0
u_dut/u_pc1/pc2_a7_reg[2],FDRE,SLICE_X36Y214,SLICEL.DFF,1'b0
u_dut/u_pc1/pc2_a8[0]_i_1,LUT6,SLICE_X40Y208,SLICEL.B6LUT,64'h6996966996696996
u_dut/u_pc1/pc2_a8[1]_i_1,LUT6,SLICE_X40Y208,SLICEL.C6LUT,64'h8117177E177E7EE8
u_dut/u_pc1/pc2_a8[2]_i_1,LUT6,SLICE_X40Y209,SLICEL.D6LUT,64'hFEE8E880E8808000
u_dut/u_pc1/pc2_a8_reg[0],FDRE,SLICE_X40Y208,SLICEL.BFF,1'b0
u_dut/u_pc1/pc2_a8_reg[1],FDRE,SLICE_X40Y208,SLICEL.CFF,1'b0
u_dut/u_pc1/pc2_a8_reg[2],FDRE,SLICE_X40Y209,SLICEL.DFF,1'b0
u_dut/u_pc1/pc2_a9[0]_i_1,LUT6,SLICE_X40Y208,SLICEL.D6LUT,64'h6996966996696996
u_dut/u_pc1/pc2_a9[1]_i_1,LUT6,SLICE_X39Y208,SLICEL.B6LUT,64'h8117177E177E7EE8
u_dut/u_pc1/pc2_a9[2]_i_1,LUT6,SLICE_X43Y210,SLICEL.B6LUT,64'hFEE8E880E8808000
u_dut/u_pc1/pc2_a9_reg[0],FDRE,SLICE_X40Y208,SLICEL.DFF,1'b0
u_dut/u_pc1/pc2_a9_reg[1],FDRE,SLICE_X39Y208,SLICEL.BFF,1'b0
u_dut/u_pc1/pc2_a9_reg[2],FDRE,SLICE_X43Y210,SLICEL.BFF,1'b0
u_dut/u_pc1/pc2_r2_0[0]_i_1,LUT4,SLICE_X38Y209,SLICEM.C6LUT,16'h6996
u_dut/u_pc1/pc2_r2_0[1]_i_1,LUT5,SLICE_X38Y209,SLICEM.D6LUT,32'h81177EE8
u_dut/u_pc1/pc2_r2_0[1]_i_2,LUT4,SLICE_X38Y210,SLICEM.C6LUT,16'h6996
u_dut/u_pc1/pc2_r2_0[2]_i_1,LUT6,SLICE_X37Y210,SLICEL.A6LUT,64'h9669699666666666
u_dut/u_pc1/pc2_r2_0[2]_i_2,LUT5,SLICE_X38Y209,SLICEM.D5LUT,32'hFEE88000
u_dut/u_pc1/pc2_r2_0[2]_i_3,LUT5,SLICE_X39Y210,SLICEL.D6LUT,32'h96696996
u_dut/u_pc1/pc2_r2_0[3]_i_1,LUT6,SLICE_X39Y210,SLICEL.B6LUT,64'hA99595569556566A
u_dut/u_pc1/pc2_r2_0[4]_i_1,LUT6,SLICE_X39Y210,SLICEL.C6LUT,64'hFEEAEAA8EAA8A880
u_dut/u_pc1/pc2_r2_0[4]_i_2,LUT6,SLICE_X38Y210,SLICEM.D6LUT,64'hEBBEAAAA82280000
u_dut/u_pc1/pc2_r2_0[4]_i_3,LUT3,SLICE_X38Y210,SLICEM.C5LUT,8'hE8
u_dut/u_pc1/pc2_r2_0_reg[0],FDRE,SLICE_X38Y209,SLICEM.CFF,1'b0
u_dut/u_pc1/pc2_r2_0_reg[1],FDRE,SLICE_X36Y208,SLICEL.AFF,1'b0
u_dut/u_pc1/pc2_r2_0_reg[2],FDRE,SLICE_X37Y210,SLICEL.AFF,1'b0
u_dut/u_pc1/pc2_r2_0_reg[3],FDRE,SLICE_X39Y210,SLICEL.BFF,1'b0
u_dut/u_pc1/pc2_r2_0_reg[4],FDRE,SLICE_X39Y210,SLICEL.CFF,1'b0
u_dut/u_pc1/pc2_r2_1[0]_i_1,LUT4,SLICE_X37Y212,SLICEL.C6LUT,16'h6996
u_dut/u_pc1/pc2_r2_1[1]_i_1,LUT5,SLICE_X37Y212,SLICEL.D6LUT,32'h81177EE8
u_dut/u_pc1/pc2_r2_1[1]_i_2,LUT4,SLICE_X38Y214,SLICEM.B6LUT,16'h6996
u_dut/u_pc1/pc2_r2_1[2]_i_1,LUT6,SLICE_X38Y214,SLICEM.C6LUT,64'h9669699666666666
u_dut/u_pc1/pc2_r2_1[2]_i_2,LUT5,SLICE_X37Y212,SLICEL.D5LUT,32'hFEE88000
u_dut/u_pc1/pc2_r2_1[2]_i_3,LUT5,SLICE_X37Y214,SLICEL.D6LUT,32'h96696996
u_dut/u_pc1/pc2_r2_1[3]_i_1,LUT6,SLICE_X37Y214,SLICEL.B6LUT,64'hA99595569556566A
u_dut/u_pc1/pc2_r2_1[4]_i_1,LUT6,SLICE_X37Y214,SLICEL.C6LUT,64'hFEEAEAA8EAA8A880
u_dut/u_pc1/pc2_r2_1[4]_i_2,LUT6,SLICE_X38Y214,SLICEM.D6LUT,64'hEBBEAAAA82280000
u_dut/u_pc1/pc2_r2_1[4]_i_3,LUT3,SLICE_X38Y214,SLICEM.B5LUT,8'hE8
u_dut/u_pc1/pc2_r2_1_reg[0],FDRE,SLICE_X37Y212,SLICEL.CFF,1'b0
u_dut/u_pc1/pc2_r2_1_reg[1],FDRE,SLICE_X36Y208,SLICEL.BFF,1'b0
u_dut/u_pc1/pc2_r2_1_reg[2],FDRE,SLICE_X38Y214,SLICEM.CFF,1'b0
u_dut/u_pc1/pc2_r2_1_reg[3],FDRE,SLICE_X37Y214,SLICEL.BFF,1'b0
u_dut/u_pc1/pc2_r2_1_reg[4],FDRE,SLICE_X37Y214,SLICEL.CFF,1'b0
u_dut/u_pc1/pc2_r2_2[0]_i_1,LUT4,SLICE_X39Y208,SLICEL.C6LUT,16'h6996
u_dut/u_pc1/pc2_r2_2[1]_i_1,LUT5,SLICE_X39Y208,SLICEL.D6LUT,32'h81177EE8
u_dut/u_pc1/pc2_r2_2[1]_i_2,LUT4,SLICE_X38Y207,SLICEM.A6LUT,16'h6996
u_dut/u_pc1/pc2_r2_2[2]_i_1,LUT6,SLICE_X38Y208,SLICEM.C6LUT,64'h9669699666666666
u_dut/u_pc1/pc2_r2_2[2]_i_2,LUT5,SLICE_X39Y208,SLICEL.D5LUT,32'hFEE88000
u_dut/u_pc1/pc2_r2_2[2]_i_3,LUT5,SLICE_X40Y210,SLICEL.D6LUT,32'h96696996
u_dut/u_pc1/pc2_r2_2[3]_i_1,LUT6,SLICE_X40Y210,SLICEL.A6LUT,64'hA99595569556566A
u_dut/u_pc1/pc2_r2_2[4]_i_1,LUT6,SLICE_X40Y210,SLICEL.B6LUT,64'hFEEAEAA8EAA8A880
u_dut/u_pc1/pc2_r2_2[4]_i_2,LUT6,SLICE_X38Y208,SLICEM.D6LUT,64'hEBBEAAAA82280000
u_dut/u_pc1/pc2_r2_2[4]_i_3,LUT3,SLICE_X38Y207,SLICEM.A5LUT,8'hE8
u_dut/u_pc1/pc2_r2_2_reg[0],FDRE,SLICE_X39Y208,SLICEL.CFF,1'b0
u_dut/u_pc1/pc2_r2_2_reg[1],FDRE,SLICE_X38Y208,SLICEM.A5FF,1'b0
u_dut/u_pc1/pc2_r2_2_reg[2],FDRE,SLICE_X38Y208,SLICEM.CFF,1'b0
u_dut/u_pc1/pc2_r2_2_reg[3],FDRE,SLICE_X40Y210,SLICEL.AFF,1'b0
u_dut/u_pc1/pc2_r2_2_reg[4],FDRE,SLICE_X40Y210,SLICEL.BFF,1'b0
u_dut/u_pc1/pc2_r2_3[0]_i_1,LUT4,SLICE_X33Y210,SLICEL.C6LUT,16'h6996
u_dut/u_pc1/pc2_r2_3[1]_i_1,LUT5,SLICE_X33Y210,SLICEL.D6LUT,32'h81177EE8
u_dut/u_pc1/pc2_r2_3[1]_i_2,LUT4,SLICE_X34Y210,SLICEL.A6LUT,16'h6996
u_dut/u_pc1/pc2_r2_3[2]_i_1,LUT6,SLICE_X34Y210,SLICEL.B6LUT,64'h9669699666666666
u_dut/u_pc1/pc2_r2_3[2]_i_2,LUT5,SLICE_X33Y210,SLICEL.D5LUT,32'hFEE88000
u_dut/u_pc1/pc2_r2_3[2]_i_3,LUT5,SLICE_X34Y210,SLICEL.D6LUT,32'h96696996
u_dut/u_pc1/pc2_r2_3[3]_i_1,LUT6,SLICE_X34Y209,SLICEL.A6LUT,64'hA99595569556566A
u_dut/u_pc1/pc2_r2_3[4]_i_1,LUT6,SLICE_X34Y209,SLICEL.B6LUT,64'hFEEAEAA8EAA8A880
u_dut/u_pc1/pc2_r2_3[4]_i_2,LUT6,SLICE_X34Y210,SLICEL.C6LUT,64'hEBBEAAAA82280000
u_dut/u_pc1/pc2_r2_3[4]_i_3,LUT3,SLICE_X34Y210,SLICEL.A5LUT,8'hE8
u_dut/u_pc1/pc2_r2_3_reg[0],FDRE,SLICE_X33Y210,SLICEL.CFF,1'b0
u_dut/u_pc1/pc2_r2_3_reg[1],FDRE,SLICE_X36Y208,SLICEL.CFF,1'b0
u_dut/u_pc1/pc2_r2_3_reg[2],FDRE,SLICE_X34Y210,SLICEL.BFF,1'b0
u_dut/u_pc1/pc2_r2_3_reg[3],FDRE,SLICE_X34Y209,SLICEL.AFF,1'b0
u_dut/u_pc1/pc2_r2_3_reg[4],FDRE,SLICE_X34Y209,SLICEL.BFF,1'b0
u_dut/u_pc1/pc2_r2_4[0]_i_1,LUT4,SLICE_X17Y209,SLICEL.C6LUT,16'h6996
u_dut/u_pc1/pc2_r2_4[1]_i_1,LUT5,SLICE_X17Y209,SLICEL.D6LUT,32'h81177EE8
u_dut/u_pc1/pc2_r2_4[1]_i_2,LUT4,SLICE_X18Y209,SLICEM.B6LUT,16'h6996
u_dut/u_pc1/pc2_r2_4[2]_i_1,LUT6,SLICE_X18Y209,SLICEM.C6LUT,64'h9669699666666666
u_dut/u_pc1/pc2_r2_4[2]_i_2,LUT5,SLICE_X17Y209,SLICEL.D5LUT,32'hFEE88000
u_dut/u_pc1/pc2_r2_4[2]_i_3,LUT5,SLICE_X16Y208,SLICEM.A6LUT,32'h96696996
u_dut/u_pc1/pc2_r2_4[3]_i_1,LUT6,SLICE_X16Y209,SLICEM.C6LUT,64'hA99595569556566A
u_dut/u_pc1/pc2_r2_4[4]_i_1,LUT6,SLICE_X16Y209,SLICEM.D6LUT,64'hFEEAEAA8EAA8A880
u_dut/u_pc1/pc2_r2_4[4]_i_2,LUT6,SLICE_X18Y209,SLICEM.D6LUT,64'hEBBEAAAA82280000
u_dut/u_pc1/pc2_r2_4[4]_i_3,LUT3,SLICE_X18Y209,SLICEM.B5LUT,8'hE8
u_dut/u_pc1/pc2_r2_4_reg[0],FDRE,SLICE_X17Y209,SLICEL.CFF,1'b0
u_dut/u_pc1/pc2_r2_4_reg[1],FDRE,SLICE_X19Y213,SLICEL.AFF,1'b0
u_dut/u_pc1/pc2_r2_4_reg[2],FDRE,SLICE_X18Y209,SLICEM.CFF,1'b0
u_dut/u_pc1/pc2_r2_4_reg[3],FDRE,SLICE_X16Y209,SLICEM.CFF,1'b0
u_dut/u_pc1/pc2_r2_4_reg[4],FDRE,SLICE_X16Y209,SLICEM.DFF,1'b0
u_dut/u_pc1/pc2_r2_5[0]_i_1,LUT4,SLICE_X10Y215,SLICEM.C6LUT,16'h6996
u_dut/u_pc1/pc2_r2_5[1]_i_1,LUT5,SLICE_X10Y215,SLICEM.D6LUT,32'h81177EE8
u_dut/u_pc1/pc2_r2_5[1]_i_2,LUT4,SLICE_X12Y216,SLICEM.B6LUT,16'h6996
u_dut/u_pc1/pc2_r2_5[2]_i_1,LUT6,SLICE_X12Y216,SLICEM.C6LUT,64'h9669699666666666
u_dut/u_pc1/pc2_r2_5[2]_i_2,LUT5,SLICE_X10Y215,SLICEM.D5LUT,32'hFEE88000
u_dut/u_pc1/pc2_r2_5[2]_i_3,LUT5,SLICE_X13Y216,SLICEL.D6LUT,32'h96696996
u_dut/u_pc1/pc2_r2_5[3]_i_1,LUT6,SLICE_X13Y216,SLICEL.B6LUT,64'hA99595569556566A
u_dut/u_pc1/pc2_r2_5[4]_i_1,LUT6,SLICE_X13Y216,SLICEL.C6LUT,64'hFEEAEAA8EAA8A880
u_dut/u_pc1/pc2_r2_5[4]_i_2,LUT6,SLICE_X12Y216,SLICEM.D6LUT,64'hEBBEAAAA82280000
u_dut/u_pc1/pc2_r2_5[4]_i_3,LUT3,SLICE_X12Y216,SLICEM.B5LUT,8'hE8
u_dut/u_pc1/pc2_r2_5_reg[0],FDRE,SLICE_X10Y215,SLICEM.CFF,1'b0
u_dut/u_pc1/pc2_r2_5_reg[1],FDRE,SLICE_X10Y215,SLICEM.A5FF,1'b0
u_dut/u_pc1/pc2_r2_5_reg[2],FDRE,SLICE_X12Y216,SLICEM.CFF,1'b0
u_dut/u_pc1/pc2_r2_5_reg[3],FDRE,SLICE_X13Y216,SLICEL.BFF,1'b0
u_dut/u_pc1/pc2_r2_5_reg[4],FDRE,SLICE_X13Y216,SLICEL.CFF,1'b0
u_dut/u_pc1/pc2_r2_6[0]_i_1,LUT4,SLICE_X18Y212,SLICEM.C6LUT,16'h6996
u_dut/u_pc1/pc2_r2_6[1]_i_1,LUT5,SLICE_X18Y212,SLICEM.D6LUT,32'h81177EE8
u_dut/u_pc1/pc2_r2_6[1]_i_2,LUT4,SLICE_X19Y212,SLICEL.B6LUT,16'h6996
u_dut/u_pc1/pc2_r2_6[2]_i_1,LUT6,SLICE_X19Y212,SLICEL.C6LUT,64'h9669699666666666
u_dut/u_pc1/pc2_r2_6[2]_i_2,LUT5,SLICE_X18Y212,SLICEM.D5LUT,32'hFEE88000
u_dut/u_pc1/pc2_r2_6[2]_i_3,LUT5,SLICE_X19Y213,SLICEL.C6LUT,32'h96696996
u_dut/u_pc1/pc2_r2_6[3]_i_1,LUT6,SLICE_X19Y214,SLICEL.A6LUT,64'hA99595569556566A
u_dut/u_pc1/pc2_r2_6[4]_i_1,LUT6,SLICE_X19Y214,SLICEL.B6LUT,64'hFEEAEAA8EAA8A880
u_dut/u_pc1/pc2_r2_6[4]_i_2,LUT6,SLICE_X19Y212,SLICEL.D6LUT,64'hEBBEAAAA82280000
u_dut/u_pc1/pc2_r2_6[4]_i_3,LUT3,SLICE_X19Y212,SLICEL.B5LUT,8'hE8
u_dut/u_pc1/pc2_r2_6_reg[0],FDRE,SLICE_X18Y212,SLICEM.CFF,1'b0
u_dut/u_pc1/pc2_r2_6_reg[1],FDRE,SLICE_X19Y213,SLICEL.BFF,1'b0
u_dut/u_pc1/pc2_r2_6_reg[2],FDRE,SLICE_X19Y212,SLICEL.CFF,1'b0
u_dut/u_pc1/pc2_r2_6_reg[3],FDRE,SLICE_X19Y214,SLICEL.AFF,1'b0
u_dut/u_pc1/pc2_r2_6_reg[4],FDRE,SLICE_X19Y214,SLICEL.BFF,1'b0
u_dut/u_pc1/pc2_r2_7[0]_i_1,LUT4,SLICE_X18Y217,SLICEM.B6LUT,16'h6996
u_dut/u_pc1/pc2_r2_7[1]_i_1,LUT5,SLICE_X18Y217,SLICEM.C6LUT,32'h81177EE8
u_dut/u_pc1/pc2_r2_7[1]_i_2,LUT4,SLICE_X18Y219,SLICEM.B6LUT,16'h6996
u_dut/u_pc1/pc2_r2_7[2]_i_1,LUT6,SLICE_X18Y219,SLICEM.C6LUT,64'h9669699666666666
u_dut/u_pc1/pc2_r2_7[2]_i_2,LUT5,SLICE_X18Y217,SLICEM.C5LUT,32'hFEE88000
u_dut/u_pc1/pc2_r2_7[2]_i_3,LUT5,SLICE_X19Y219,SLICEL.D6LUT,32'h96696996
u_dut/u_pc1/pc2_r2_7[3]_i_1,LUT6,SLICE_X19Y219,SLICEL.B6LUT,64'hA99595569556566A
u_dut/u_pc1/pc2_r2_7[4]_i_1,LUT6,SLICE_X19Y219,SLICEL.C6LUT,64'hFEEAEAA8EAA8A880
u_dut/u_pc1/pc2_r2_7[4]_i_2,LUT6,SLICE_X18Y219,SLICEM.D6LUT,64'hEBBEAAAA82280000
u_dut/u_pc1/pc2_r2_7[4]_i_3,LUT3,SLICE_X18Y219,SLICEM.B5LUT,8'hE8
u_dut/u_pc1/pc2_r2_7_reg[0],FDRE,SLICE_X18Y217,SLICEM.BFF,1'b0
u_dut/u_pc1/pc2_r2_7_reg[1],FDRE,SLICE_X18Y217,SLICEM.A5FF,1'b0
u_dut/u_pc1/pc2_r2_7_reg[2],FDRE,SLICE_X18Y219,SLICEM.CFF,1'b0
u_dut/u_pc1/pc2_r2_7_reg[3],FDRE,SLICE_X19Y219,SLICEL.BFF,1'b0
u_dut/u_pc1/pc2_r2_7_reg[4],FDRE,SLICE_X19Y219,SLICEL.CFF,1'b0
u_dut/u_pc1/pc2_r2_8[0]_i_1,LUT2,SLICE_X30Y212,SLICEL.C6LUT,4'h6
u_dut/u_pc1/pc2_r2_8[1]_i_1,LUT4,SLICE_X30Y212,SLICEL.C5LUT,16'h8778
u_dut/u_pc1/pc2_r2_8[2]_i_1,LUT5,SLICE_X30Y212,SLICEL.D6LUT,32'h077FF880
u_dut/u_pc1/pc2_r2_8[3]_i_1,LUT5,SLICE_X30Y212,SLICEL.D5LUT,32'hAA808000
u_dut/u_pc1/pc2_r2_8_reg[0],FDRE,SLICE_X30Y212,SLICEL.CFF,1'b0
u_dut/u_pc1/pc2_r2_8_reg[1],FDRE,SLICE_X30Y212,SLICEL.C5FF,1'b0
u_dut/u_pc1/pc2_r2_8_reg[2],FDRE,SLICE_X30Y212,SLICEL.DFF,1'b0
u_dut/u_pc1/pc2_r2_8_reg[3],FDRE,SLICE_X30Y212,SLICEL.D5FF,1'b0
u_dut/u_pc1/pc2_r4_0[3]_i_2,LUT5,SLICE_X36Y208,SLICEL.B6LUT,32'hEEE8E888
u_dut/u_pc1/pc2_r4_0[3]_i_3,LUT5,SLICE_X36Y208,SLICEL.B5LUT,32'hE81717E8
u_dut/u_pc1/pc2_r4_0[3]_i_4,LUT4,SLICE_X36Y208,SLICEL.C6LUT,16'h6996
u_dut/u_pc1/pc2_r4_0[3]_i_5,LUT6,SLICE_X37Y208,SLICEL.D6LUT,64'h6969699669969696
u_dut/u_pc1/pc2_r4_0[3]_i_6,LUT6,SLICE_X37Y208,SLICEL.C6LUT,64'h6999999699969666
u_dut/u_pc1/pc2_r4_0[3]_i_7,LUT4,SLICE_X37Y208,SLICEL.B6LUT,16'h566A
u_dut/u_pc1/pc2_r4_0[3]_i_8,LUT4,SLICE_X37Y208,SLICEL.A6LUT,16'h6996
u_dut/u_pc1/pc2_r4_0[3]_i_9,LUT3,SLICE_X36Y208,SLICEL.A6LUT,8'h96
u_dut/u_pc1/pc2_r4_0[6]_i_2,LUT5,SLICE_X36Y209,SLICEL.B6LUT,32'hEEE8E888
u_dut/u_pc1/pc2_r4_0[6]_i_3,LUT5,SLICE_X36Y208,SLICEL.A5LUT,32'hEEE8E888
u_dut/u_pc1/pc2_r4_0[6]_i_4,LUT5,SLICE_X37Y209,SLICEL.B6LUT,32'h177E7EE8
u_dut/u_pc1/pc2_r4_0[6]_i_5,LUT6,SLICE_X37Y209,SLICEL.A6LUT,64'h6969699669969696
u_dut/u_pc1/pc2_r4_0[6]_i_6,LUT3,SLICE_X36Y209,SLICEL.C6LUT,8'h96
u_dut/u_pc1/pc2_r4_0[6]_i_7,LUT3,SLICE_X36Y209,SLICEL.A6LUT,8'h96
u_dut/u_pc1/pc2_r4_0[6]_i_8,LUT3,SLICE_X36Y209,SLICEL.A5LUT,8'hE8
u_dut/u_pc1/pc2_r4_0_reg[0],FDRE,SLICE_X37Y208,SLICEL.AFF,1'b0
u_dut/u_pc1/pc2_r4_0_reg[1],FDRE,SLICE_X37Y208,SLICEL.BFF,1'b0
u_dut/u_pc1/pc2_r4_0_reg[2],FDRE,SLICE_X37Y208,SLICEL.CFF,1'b0
u_dut/u_pc1/pc2_r4_0_reg[3],FDRE,SLICE_X37Y208,SLICEL.DFF,1'b0
u_dut/u_pc1/pc2_r4_0_reg[3]_i_1,CARRY4,SLICE_X37Y208,SLICEL.CARRY4,
u_dut/u_pc1/pc2_r4_0_reg[4],FDRE,SLICE_X37Y209,SLICEL.AFF,1'b0
u_dut/u_pc1/pc2_r4_0_reg[5],FDRE,SLICE_X37Y209,SLICEL.BFF,1'b0
u_dut/u_pc1/pc2_r4_0_reg[6],FDRE,SLICE_X37Y209,SLICEL.CFF,1'b0
u_dut/u_pc1/pc2_r4_0_reg[6]_i_1,CARRY4,SLICE_X37Y209,SLICEL.CARRY4,
u_dut/u_pc1/pc2_r4_1[3]_i_2,LUT5,SLICE_X19Y213,SLICEL.B6LUT,32'hEEE8E888
u_dut/u_pc1/pc2_r4_1[3]_i_3,LUT5,SLICE_X19Y213,SLICEL.B5LUT,32'hE81717E8
u_dut/u_pc1/pc2_r4_1[3]_i_4,LUT4,SLICE_X19Y213,SLICEL.D6LUT,16'h6996
u_dut/u_pc1/pc2_r4_1[3]_i_5,LUT6,SLICE_X18Y213,SLICEM.D6LUT,64'h6969699669969696
u_dut/u_pc1/pc2_r4_1[3]_i_6,LUT6,SLICE_X18Y213,SLICEM.C6LUT,64'h6999999699969666
u_dut/u_pc1/pc2_r4_1[3]_i_7,LUT4,SLICE_X18Y213,SLICEM.B6LUT,16'h566A
u_dut/u_pc1/pc2_r4_1[3]_i_8,LUT4,SLICE_X18Y213,SLICEM.A6LUT,16'h6996
u_dut/u_pc1/pc2_r4_1[3]_i_9,LUT3,SLICE_X19Y213,SLICEL.A6LUT,8'h96
u_dut/u_pc1/pc2_r4_1[6]_i_2,LUT5,SLICE_X19Y214,SLICEL.D6LUT,32'hEEE8E888
u_dut/u_pc1/pc2_r4_1[6]_i_3,LUT5,SLICE_X19Y213,SLICEL.A5LUT,32'hEEE8E888
u_dut/u_pc1/pc2_r4_1[6]_i_4,LUT5,SLICE_X18Y214,SLICEM.B6LUT,32'h177E7EE8
u_dut/u_pc1/pc2_r4_1[6]_i_5,LUT6,SLICE_X18Y214,SLICEM.A6LUT,64'h6969699669969696
u_dut/u_pc1/pc2_r4_1[6]_i_6,LUT3,SLICE_X19Y215,SLICEL.C6LUT,8'h96
u_dut/u_pc1/pc2_r4_1[6]_i_7,LUT3,SLICE_X19Y214,SLICEL.C6LUT,8'h96
u_dut/u_pc1/pc2_r4_1[6]_i_8,LUT3,SLICE_X19Y214,SLICEL.C5LUT,8'hE8
u_dut/u_pc1/pc2_r4_1_reg[0],FDRE,SLICE_X18Y213,SLICEM.AFF,1'b0
u_dut/u_pc1/pc2_r4_1_reg[1],FDRE,SLICE_X18Y213,SLICEM.BFF,1'b0
u_dut/u_pc1/pc2_r4_1_reg[2],FDRE,SLICE_X18Y213,SLICEM.CFF,1'b0
u_dut/u_pc1/pc2_r4_1_reg[3],FDRE,SLICE_X18Y213,SLICEM.DFF,1'b0
u_dut/u_pc1/pc2_r4_1_reg[3]_i_1,CARRY4,SLICE_X18Y213,SLICEM.CARRY4,
u_dut/u_pc1/pc2_r4_1_reg[4],FDRE,SLICE_X18Y214,SLICEM.AFF,1'b0
u_dut/u_pc1/pc2_r4_1_reg[5],FDRE,SLICE_X18Y214,SLICEM.BFF,1'b0
u_dut/u_pc1/pc2_r4_1_reg[6],FDRE,SLICE_X18Y214,SLICEM.CFF,1'b0
u_dut/u_pc1/pc2_r4_1_reg[6]_i_1,CARRY4,SLICE_X18Y214,SLICEM.CARRY4,
u_dut/u_pc1/pc2_r4_2_reg[0],FDRE,SLICE_X29Y212,SLICEL.A5FF,1'b0
u_dut/u_pc1/pc2_r4_2_reg[1],FDRE,SLICE_X30Y212,SLICEL.A5FF,1'b0
u_dut/u_pc1/pc2_r4_2_reg[2],FDRE,SLICE_X30Y212,SLICEL.B5FF,1'b0
u_dut/u_pc1/pc2_r4_2_reg[3],FDRE,SLICE_X29Y212,SLICEL.B5FF,1'b0
u_dut/u_pc1/pc2_r6_0[3]_i_2,LUT3,SLICE_X28Y212,SLICEL.C5LUT,8'hE8
u_dut/u_pc1/pc2_r6_0[3]_i_3,LUT3,SLICE_X28Y212,SLICEL.B5LUT,8'hE8
u_dut/u_pc1/pc2_r6_0[3]_i_4,LUT3,SLICE_X28Y212,SLICEL.A5LUT,8'hE8
u_dut/u_pc1/pc2_r6_0[3]_i_5,LUT4,SLICE_X28Y212,SLICEL.D6LUT,16'h6996
u_dut/u_pc1/pc2_r6_0[3]_i_6,LUT4,SLICE_X28Y212,SLICEL.C6LUT,16'h6996
u_dut/u_pc1/pc2_r6_0[3]_i_7,LUT4,SLICE_X28Y212,SLICEL.B6LUT,16'h6996
u_dut/u_pc1/pc2_r6_0[3]_i_8,LUT3,SLICE_X28Y212,SLICEL.A6LUT,8'h96
u_dut/u_pc1/pc2_r6_0[7]_i_2,LUT2,SLICE_X28Y213,SLICEL.C5LUT,4'h8
u_dut/u_pc1/pc2_r6_0[7]_i_3,LUT2,SLICE_X28Y213,SLICEL.B5LUT,4'h8
u_dut/u_pc1/pc2_r6_0[7]_i_4,LUT3,SLICE_X28Y213,SLICEL.A5LUT,8'hE8
u_dut/u_pc1/pc2_r6_0[7]_i_5,LUT2,SLICE_X28Y213,SLICEL.D6LUT,4'h8
u_dut/u_pc1/pc2_r6_0[7]_i_6,LUT4,SLICE_X28Y213,SLICEL.C6LUT,16'h8778
u_dut/u_pc1/pc2_r6_0[7]_i_7,LUT4,SLICE_X28Y213,SLICEL.B6LUT,16'h8778
u_dut/u_pc1/pc2_r6_0[7]_i_8,LUT5,SLICE_X28Y213,SLICEL.A6LUT,32'hE81717E8
u_dut/u_pc1/pc2_r6_0_reg[0],FDRE,SLICE_X28Y212,SLICEL.AFF,1'b0
u_dut/u_pc1/pc2_r6_0_reg[1],FDRE,SLICE_X28Y212,SLICEL.BFF,1'b0
u_dut/u_pc1/pc2_r6_0_reg[2],FDRE,SLICE_X28Y212,SLICEL.CFF,1'b0
u_dut/u_pc1/pc2_r6_0_reg[3],FDRE,SLICE_X28Y212,SLICEL.DFF,1'b0
u_dut/u_pc1/pc2_r6_0_reg[3]_i_1,CARRY4,SLICE_X28Y212,SLICEL.CARRY4,
u_dut/u_pc1/pc2_r6_0_reg[4],FDRE,SLICE_X28Y213,SLICEL.AFF,1'b0
u_dut/u_pc1/pc2_r6_0_reg[5],FDRE,SLICE_X28Y213,SLICEL.BFF,1'b0
u_dut/u_pc1/pc2_r6_0_reg[6],FDRE,SLICE_X28Y213,SLICEL.CFF,1'b0
u_dut/u_pc1/pc2_r6_0_reg[7],FDRE,SLICE_X28Y213,SLICEL.DFF,1'b0
u_dut/u_pc1/pc2_r6_0_reg[7]_i_1,CARRY4,SLICE_X28Y213,SLICEL.CARRY4,
u_dut/u_pc1/pc3_a0[0]_i_1,LUT6,SLICE_X35Y234,SLICEL.C6LUT,64'h6996966996696996
u_dut/u_pc1/pc3_a0[1]_i_1,LUT6,SLICE_X35Y234,SLICEL.D6LUT,64'h8117177E177E7EE8
u_dut/u_pc1/pc3_a0[2]_i_1,LUT6,SLICE_X37Y234,SLICEL.A6LUT,64'hFEE8E880E8808000
u_dut/u_pc1/pc3_a0_reg[0],FDRE,SLICE_X35Y234,SLICEL.CFF,1'b0
u_dut/u_pc1/pc3_a0_reg[1],FDRE,SLICE_X35Y234,SLICEL.DFF,1'b0
u_dut/u_pc1/pc3_a0_reg[2],FDRE,SLICE_X37Y234,SLICEL.AFF,1'b0
u_dut/u_pc1/pc3_a10[0]_i_1,LUT6,SLICE_X36Y244,SLICEL.A6LUT,64'h6996966996696996
u_dut/u_pc1/pc3_a10[1]_i_1,LUT6,SLICE_X39Y245,SLICEL.C6LUT,64'h8117177E177E7EE8
u_dut/u_pc1/pc3_a10[2]_i_1,LUT6,SLICE_X36Y244,SLICEL.B6LUT,64'hFEE8E880E8808000
u_dut/u_pc1/pc3_a10_reg[0],FDRE,SLICE_X36Y244,SLICEL.AFF,1'b0
u_dut/u_pc1/pc3_a10_reg[1],FDRE,SLICE_X39Y245,SLICEL.CFF,1'b0
u_dut/u_pc1/pc3_a10_reg[2],FDRE,SLICE_X36Y244,SLICEL.BFF,1'b0
u_dut/u_pc1/pc3_a11[0]_i_1,LUT6,SLICE_X34Y244,SLICEL.B6LUT,64'h6996966996696996
u_dut/u_pc1/pc3_a11[1]_i_1,LUT6,SLICE_X35Y245,SLICEL.C6LUT,64'h8117177E177E7EE8
u_dut/u_pc1/pc3_a11[2]_i_1,LUT6,SLICE_X36Y245,SLICEL.B6LUT,64'hFEE8E880E8808000
u_dut/u_pc1/pc3_a11_reg[0],FDRE,SLICE_X34Y244,SLICEL.BFF,1'b0
u_dut/u_pc1/pc3_a11_reg[1],FDRE,SLICE_X35Y245,SLICEL.CFF,1'b0
u_dut/u_pc1/pc3_a11_reg[2],FDRE,SLICE_X36Y245,SLICEL.BFF,1'b0
u_dut/u_pc1/pc3_a12[0]_i_1,LUT6,SLICE_X28Y244,SLICEL.C6LUT,64'h6996966996696996
u_dut/u_pc1/pc3_a12[1]_i_1,LUT6,SLICE_X28Y245,SLICEL.A6LUT,64'h8117177E177E7EE8
u_dut/u_pc1/pc3_a12[2]_i_1,LUT6,SLICE_X29Y247,SLICEL.B6LUT,64'hFEE8E880E8808000
u_dut/u_pc1/pc3_a12_reg[0],FDRE,SLICE_X28Y244,SLICEL.CFF,1'b0
u_dut/u_pc1/pc3_a12_reg[1],FDRE,SLICE_X28Y245,SLICEL.AFF,1'b0
u_dut/u_pc1/pc3_a12_reg[2],FDRE,SLICE_X29Y247,SLICEL.BFF,1'b0
u_dut/u_pc1/pc3_a13[0]_i_1,LUT6,SLICE_X28Y244,SLICEL.D6LUT,64'h6996966996696996
u_dut/u_pc1/pc3_a13[1]_i_1,LUT6,SLICE_X29Y245,SLICEL.A6LUT,64'h8117177E177E7EE8
u_dut/u_pc1/pc3_a13[2]_i_1,LUT6,SLICE_X29Y246,SLICEL.A6LUT,64'hFEE8E880E8808000
u_dut/u_pc1/pc3_a13_reg[0],FDRE,SLICE_X28Y244,SLICEL.DFF,1'b0
u_dut/u_pc1/pc3_a13_reg[1],FDRE,SLICE_X29Y245,SLICEL.AFF,1'b0
u_dut/u_pc1/pc3_a13_reg[2],FDRE,SLICE_X29Y246,SLICEL.AFF,1'b0
u_dut/u_pc1/pc3_a14[0]_i_1,LUT6,SLICE_X28Y245,SLICEL.B6LUT,64'h6996966996696996
u_dut/u_pc1/pc3_a14[1]_i_1,LUT6,SLICE_X29Y244,SLICEL.A6LUT,64'h8117177E177E7EE8
u_dut/u_pc1/pc3_a14[2]_i_1,LUT6,SLICE_X29Y246,SLICEL.B6LUT,64'hFEE8E880E8808000
u_dut/u_pc1/pc3_a14_reg[0],FDRE,SLICE_X28Y245,SLICEL.BFF,1'b0
u_dut/u_pc1/pc3_a14_reg[1],FDRE,SLICE_X29Y244,SLICEL.AFF,1'b0
u_dut/u_pc1/pc3_a14_reg[2],FDRE,SLICE_X29Y246,SLICEL.BFF,1'b0
u_dut/u_pc1/pc3_a15[0]_i_1,LUT6,SLICE_X28Y246,SLICEL.A6LUT,64'h6996966996696996
u_dut/u_pc1/pc3_a15[1]_i_1,LUT6,SLICE_X29Y244,SLICEL.B6LUT,64'h8117177E177E7EE8
u_dut/u_pc1/pc3_a15[2]_i_1,LUT6,SLICE_X29Y246,SLICEL.C6LUT,64'hFEE8E880E8808000
u_dut/u_pc1/pc3_a15_reg[0],FDRE,SLICE_X28Y246,SLICEL.AFF,1'b0
u_dut/u_pc1/pc3_a15_reg[1],FDRE,SLICE_X29Y244,SLICEL.BFF,1'b0
u_dut/u_pc1/pc3_a15_reg[2],FDRE,SLICE_X29Y246,SLICEL.CFF,1'b0
u_dut/u_pc1/pc3_a16[0]_i_1,LUT6,SLICE_X25Y232,SLICEL.C6LUT,64'h6996966996696996
u_dut/u_pc1/pc3_a16[1]_i_1,LUT6,SLICE_X26Y234,SLICEL.A6LUT,64'h8117177E177E7EE8
u_dut/u_pc1/pc3_a16[2]_i_1,LUT6,SLICE_X27Y234,SLICEL.A6LUT,64'hFEE8E880E8808000
u_dut/u_pc1/pc3_a16_reg[0],FDRE,SLICE_X25Y232,SLICEL.CFF,1'b0
u_dut/u_pc1/pc3_a16_reg[1],FDRE,SLICE_X26Y234,SLICEL.AFF,1'b0
u_dut/u_pc1/pc3_a16_reg[2],FDRE,SLICE_X27Y234,SLICEL.AFF,1'b0
u_dut/u_pc1/pc3_a17[0]_i_1,LUT6,SLICE_X28Y232,SLICEL.D6LUT,64'h6996966996696996
u_dut/u_pc1/pc3_a17[1]_i_1,LUT6,SLICE_X28Y233,SLICEL.A6LUT,64'h8117177E177E7EE8
u_dut/u_pc1/pc3_a17[2]_i_1,LUT6,SLICE_X28Y233,SLICEL.B6LUT,64'hFEE8E880E8808000
u_dut/u_pc1/pc3_a17_reg[0],FDRE,SLICE_X28Y232,SLICEL.DFF,1'b0
u_dut/u_pc1/pc3_a17_reg[1],FDRE,SLICE_X28Y233,SLICEL.AFF,1'b0
u_dut/u_pc1/pc3_a17_reg[2],FDRE,SLICE_X28Y233,SLICEL.BFF,1'b0
u_dut/u_pc1/pc3_a18[0]_i_1,LUT6,SLICE_X26Y233,SLICEL.A6LUT,64'h6996966996696996
u_dut/u_pc1/pc3_a18[1]_i_1,LUT6,SLICE_X26Y233,SLICEL.B6LUT,64'h8117177E177E7EE8
u_dut/u_pc1/pc3_a18[2]_i_1,LUT6,SLICE_X26Y233,SLICEL.C6LUT,64'hFEE8E880E8808000
u_dut/u_pc1/pc3_a18_reg[0],FDRE,SLICE_X26Y233,SLICEL.AFF,1'b0
u_dut/u_pc1/pc3_a18_reg[1],FDRE,SLICE_X26Y233,SLICEL.BFF,1'b0
u_dut/u_pc1/pc3_a18_reg[2],FDRE,SLICE_X26Y233,SLICEL.CFF,1'b0
u_dut/u_pc1/pc3_a19[0]_i_1,LUT6,SLICE_X25Y232,SLICEL.D6LUT,64'h6996966996696996
u_dut/u_pc1/pc3_a19[1]_i_1,LUT6,SLICE_X26Y232,SLICEL.B6LUT,64'h8117177E177E7EE8
u_dut/u_pc1/pc3_a19[2]_i_1,LUT6,SLICE_X27Y232,SLICEL.B6LUT,64'hFEE8E880E8808000
u_dut/u_pc1/pc3_a19_reg[0],FDRE,SLICE_X25Y232,SLICEL.DFF,1'b0
u_dut/u_pc1/pc3_a19_reg[1],FDRE,SLICE_X26Y232,SLICEL.BFF,1'b0
u_dut/u_pc1/pc3_a19_reg[2],FDRE,SLICE_X27Y232,SLICEL.BFF,1'b0
u_dut/u_pc1/pc3_a1[0]_i_1,LUT6,SLICE_X36Y234,SLICEL.D6LUT,64'h6996966996696996
u_dut/u_pc1/pc3_a1[1]_i_1,LUT6,SLICE_X37Y234,SLICEL.B6LUT,64'h8117177E177E7EE8
u_dut/u_pc1/pc3_a1[2]_i_1,LUT6,SLICE_X37Y233,SLICEL.B6LUT,64'hFEE8E880E8808000
u_dut/u_pc1/pc3_a1_reg[0],FDRE,SLICE_X36Y234,SLICEL.DFF,1'b0
u_dut/u_pc1/pc3_a1_reg[1],FDRE,SLICE_X37Y234,SLICEL.BFF,1'b0
u_dut/u_pc1/pc3_a1_reg[2],FDRE,SLICE_X37Y233,SLICEL.BFF,1'b0
u_dut/u_pc1/pc3_a20[0]_i_1,LUT6,SLICE_X30Y236,SLICEL.B6LUT,64'h6996966996696996
u_dut/u_pc1/pc3_a20[1]_i_1,LUT6,SLICE_X31Y237,SLICEL.A6LUT,64'h8117177E177E7EE8
u_dut/u_pc1/pc3_a20[2]_i_1,LUT6,SLICE_X30Y237,SLICEL.B6LUT,64'hFEE8E880E8808000
u_dut/u_pc1/pc3_a20_reg[0],FDRE,SLICE_X30Y236,SLICEL.BFF,1'b0
u_dut/u_pc1/pc3_a20_reg[1],FDRE,SLICE_X31Y237,SLICEL.AFF,1'b0
u_dut/u_pc1/pc3_a20_reg[2],FDRE,SLICE_X30Y237,SLICEL.BFF,1'b0
u_dut/u_pc1/pc3_a21[0]_i_1,LUT6,SLICE_X30Y236,SLICEL.C6LUT,64'h6996966996696996
u_dut/u_pc1/pc3_a21[1]_i_1,LUT6,SLICE_X31Y236,SLICEL.A6LUT,64'h8117177E177E7EE8
u_dut/u_pc1/pc3_a21[2]_i_1,LUT6,SLICE_X32Y237,SLICEL.B6LUT,64'hFEE8E880E8808000
u_dut/u_pc1/pc3_a21_reg[0],FDRE,SLICE_X30Y236,SLICEL.CFF,1'b0
u_dut/u_pc1/pc3_a21_reg[1],FDRE,SLICE_X31Y236,SLICEL.AFF,1'b0
u_dut/u_pc1/pc3_a21_reg[2],FDRE,SLICE_X32Y237,SLICEL.BFF,1'b0
u_dut/u_pc1/pc3_a22[0]_i_1,LUT6,SLICE_X26Y236,SLICEL.C6LUT,64'h6996966996696996
u_dut/u_pc1/pc3_a22[1]_i_1,LUT6,SLICE_X27Y236,SLICEL.D6LUT,64'h8117177E177E7EE8
u_dut/u_pc1/pc3_a22[2]_i_1,LUT6,SLICE_X28Y237,SLICEL.B6LUT,64'hFEE8E880E8808000
u_dut/u_pc1/pc3_a22_reg[0],FDRE,SLICE_X26Y236,SLICEL.CFF,1'b0
u_dut/u_pc1/pc3_a22_reg[1],FDRE,SLICE_X27Y236,SLICEL.DFF,1'b0
u_dut/u_pc1/pc3_a22_reg[2],FDRE,SLICE_X28Y237,SLICEL.BFF,1'b0
u_dut/u_pc1/pc3_a23[0]_i_1,LUT6,SLICE_X27Y237,SLICEL.D6LUT,64'h6996966996696996
u_dut/u_pc1/pc3_a23[1]_i_1,LUT6,SLICE_X28Y236,SLICEL.A6LUT,64'h8117177E177E7EE8
u_dut/u_pc1/pc3_a23[2]_i_1,LUT6,SLICE_X26Y237,SLICEL.C6LUT,64'hFEE8E880E8808000
u_dut/u_pc1/pc3_a23_reg[0],FDRE,SLICE_X27Y237,SLICEL.DFF,1'b0
u_dut/u_pc1/pc3_a23_reg[1],FDRE,SLICE_X28Y236,SLICEL.AFF,1'b0
u_dut/u_pc1/pc3_a23_reg[2],FDRE,SLICE_X26Y237,SLICEL.CFF,1'b0
u_dut/u_pc1/pc3_a24[0]_i_1,LUT6,SLICE_X32Y233,SLICEL.B6LUT,64'h6996966996696996
u_dut/u_pc1/pc3_a24[1]_i_1,LUT6,SLICE_X32Y231,SLICEL.D6LUT,64'h8117177E177E7EE8
u_dut/u_pc1/pc3_a24[2]_i_1,LUT6,SLICE_X32Y233,SLICEL.C6LUT,64'hFEE8E880E8808000
u_dut/u_pc1/pc3_a24_reg[0],FDRE,SLICE_X32Y233,SLICEL.BFF,1'b0
u_dut/u_pc1/pc3_a24_reg[1],FDRE,SLICE_X32Y231,SLICEL.DFF,1'b0
u_dut/u_pc1/pc3_a24_reg[2],FDRE,SLICE_X32Y233,SLICEL.CFF,1'b0
u_dut/u_pc1/pc3_a25[0]_i_1,LUT6,SLICE_X33Y232,SLICEL.A6LUT,64'h6996966996696996
u_dut/u_pc1/pc3_a25[1]_i_1,LUT6,SLICE_X33Y232,SLICEL.B6LUT,64'h8117177E177E7EE8
u_dut/u_pc1/pc3_a25[2]_i_1,LUT6,SLICE_X33Y231,SLICEL.D6LUT,64'hFEE8E880E8808000
u_dut/u_pc1/pc3_a25_reg[0],FDRE,SLICE_X33Y232,SLICEL.AFF,1'b0
u_dut/u_pc1/pc3_a25_reg[1],FDRE,SLICE_X33Y232,SLICEL.BFF,1'b0
u_dut/u_pc1/pc3_a25_reg[2],FDRE,SLICE_X33Y231,SLICEL.DFF,1'b0
u_dut/u_pc1/pc3_a26[0]_i_1,LUT6,SLICE_X31Y233,SLICEL.A6LUT,64'h6996966996696996
u_dut/u_pc1/pc3_a26[1]_i_1,LUT6,SLICE_X30Y232,SLICEL.A6LUT,64'h8117177E177E7EE8
u_dut/u_pc1/pc3_a26[2]_i_1,LUT6,SLICE_X30Y233,SLICEL.A6LUT,64'hFEE8E880E8808000
u_dut/u_pc1/pc3_a26_reg[0],FDRE,SLICE_X31Y233,SLICEL.AFF,1'b0
u_dut/u_pc1/pc3_a26_reg[1],FDRE,SLICE_X30Y232,SLICEL.AFF,1'b0
u_dut/u_pc1/pc3_a26_reg[2],FDRE,SLICE_X30Y233,SLICEL.AFF,1'b0
u_dut/u_pc1/pc3_a27[0]_i_1,LUT6,SLICE_X36Y233,SLICEL.A6LUT,64'h6996966996696996
u_dut/u_pc1/pc3_a27[1]_i_1,LUT6,SLICE_X33Y232,SLICEL.C6LUT,64'h8117177E177E7EE8
u_dut/u_pc1/pc3_a27[2]_i_1,LUT6,SLICE_X34Y234,SLICEL.C6LUT,64'hFEE8E880E8808000
u_dut/u_pc1/pc3_a27_reg[0],FDRE,SLICE_X36Y233,SLICEL.AFF,1'b0
u_dut/u_pc1/pc3_a27_reg[1],FDRE,SLICE_X33Y232,SLICEL.CFF,1'b0
u_dut/u_pc1/pc3_a27_reg[2],FDRE,SLICE_X34Y234,SLICEL.CFF,1'b0
u_dut/u_pc1/pc3_a28[0]_i_1,LUT6,SLICE_X24Y237,SLICEL.B6LUT,64'h6996966996696996
u_dut/u_pc1/pc3_a28[1]_i_1,LUT6,SLICE_X24Y235,SLICEL.A6LUT,64'h8117177E177E7EE8
u_dut/u_pc1/pc3_a28[2]_i_1,LUT6,SLICE_X24Y235,SLICEL.B6LUT,64'hFEE8E880E8808000
u_dut/u_pc1/pc3_a28_reg[0],FDRE,SLICE_X24Y237,SLICEL.BFF,1'b0
u_dut/u_pc1/pc3_a28_reg[1],FDRE,SLICE_X24Y235,SLICEL.AFF,1'b0
u_dut/u_pc1/pc3_a28_reg[2],FDRE,SLICE_X24Y235,SLICEL.BFF,1'b0
u_dut/u_pc1/pc3_a29[0]_i_1,LUT6,SLICE_X22Y235,SLICEM.A6LUT,64'h6996966996696996
u_dut/u_pc1/pc3_a29[1]_i_1,LUT6,SLICE_X22Y235,SLICEM.B6LUT,64'h8117177E177E7EE8
u_dut/u_pc1/pc3_a29[2]_i_1,LUT6,SLICE_X23Y235,SLICEL.A6LUT,64'hFEE8E880E8808000
u_dut/u_pc1/pc3_a29_reg[0],FDRE,SLICE_X22Y235,SLICEM.AFF,1'b0
u_dut/u_pc1/pc3_a29_reg[1],FDRE,SLICE_X22Y235,SLICEM.BFF,1'b0
u_dut/u_pc1/pc3_a29_reg[2],FDRE,SLICE_X23Y235,SLICEL.AFF,1'b0
u_dut/u_pc1/pc3_a2[0]_i_1,LUT6,SLICE_X35Y235,SLICEL.A6LUT,64'h6996966996696996
u_dut/u_pc1/pc3_a2[1]_i_1,LUT6,SLICE_X35Y235,SLICEL.B6LUT,64'h8117177E177E7EE8
u_dut/u_pc1/pc3_a2[2]_i_1,LUT6,SLICE_X36Y235,SLICEL.B6LUT,64'hFEE8E880E8808000
u_dut/u_pc1/pc3_a2_reg[0],FDRE,SLICE_X35Y235,SLICEL.AFF,1'b0
u_dut/u_pc1/pc3_a2_reg[1],FDRE,SLICE_X35Y235,SLICEL.BFF,1'b0
u_dut/u_pc1/pc3_a2_reg[2],FDRE,SLICE_X36Y235,SLICEL.BFF,1'b0
u_dut/u_pc1/pc3_a30[0]_i_1,LUT6,SLICE_X22Y235,SLICEM.C6LUT,64'h6996966996696996
u_dut/u_pc1/pc3_a30[1]_i_1,LUT6,SLICE_X22Y236,SLICEM.D6LUT,64'h8117177E177E7EE8
u_dut/u_pc1/pc3_a30[2]_i_1,LUT6,SLICE_X23Y236,SLICEL.C6LUT,64'hFEE8E880E8808000
u_dut/u_pc1/pc3_a30_reg[0],FDRE,SLICE_X22Y235,SLICEM.CFF,1'b0
u_dut/u_pc1/pc3_a30_reg[1],FDRE,SLICE_X22Y236,SLICEM.DFF,1'b0
u_dut/u_pc1/pc3_a30_reg[2],FDRE,SLICE_X23Y236,SLICEL.CFF,1'b0
u_dut/u_pc1/pc3_a31[0]_i_1,LUT6,SLICE_X22Y233,SLICEM.A6LUT,64'h6996966996696996
u_dut/u_pc1/pc3_a31[1]_i_1,LUT6,SLICE_X22Y233,SLICEM.B6LUT,64'h8117177E177E7EE8
u_dut/u_pc1/pc3_a31[2]_i_1,LUT6,SLICE_X23Y233,SLICEL.A6LUT,64'hFEE8E880E8808000
u_dut/u_pc1/pc3_a31_reg[0],FDRE,SLICE_X22Y233,SLICEM.AFF,1'b0
u_dut/u_pc1/pc3_a31_reg[1],FDRE,SLICE_X22Y233,SLICEM.BFF,1'b0
u_dut/u_pc1/pc3_a31_reg[2],FDRE,SLICE_X23Y233,SLICEL.AFF,1'b0
u_dut/u_pc1/pc3_a32[0]_i_1,LUT6,SLICE_X33Y236,SLICEL.A6LUT,64'h6996966996696996
u_dut/u_pc1/pc3_a32[1]_i_1,LUT6,SLICE_X33Y236,SLICEL.B6LUT,64'h8117177E177E7EE8
u_dut/u_pc1/pc3_a32[2]_i_1,LUT6,SLICE_X33Y236,SLICEL.C6LUT,64'hFEE8E880E8808000
u_dut/u_pc1/pc3_a32_reg[0],FDRE,SLICE_X33Y236,SLICEL.AFF,1'b0
u_dut/u_pc1/pc3_a32_reg[1],FDRE,SLICE_X33Y236,SLICEL.BFF,1'b0
u_dut/u_pc1/pc3_a32_reg[2],FDRE,SLICE_X33Y236,SLICEL.CFF,1'b0
u_dut/u_pc1/pc3_a33[0]_i_1,LUT2,SLICE_X33Y237,SLICEL.A6LUT,4'h6
u_dut/u_pc1/pc3_a33[1]_i_1,LUT2,SLICE_X33Y237,SLICEL.A5LUT,4'h8
u_dut/u_pc1/pc3_a33_reg[0],FDRE,SLICE_X33Y237,SLICEL.AFF,1'b0
u_dut/u_pc1/pc3_a33_reg[1],FDRE,SLICE_X33Y237,SLICEL.A5FF,1'b0
u_dut/u_pc1/pc3_a3[0]_i_1,LUT6,SLICE_X34Y235,SLICEL.A6LUT,64'h6996966996696996
u_dut/u_pc1/pc3_a3[1]_i_1,LUT6,SLICE_X34Y235,SLICEL.B6LUT,64'h8117177E177E7EE8
u_dut/u_pc1/pc3_a3[2]_i_1,LUT6,SLICE_X37Y235,SLICEL.A6LUT,64'hFEE8E880E8808000
u_dut/u_pc1/pc3_a3_reg[0],FDRE,SLICE_X34Y235,SLICEL.AFF,1'b0
u_dut/u_pc1/pc3_a3_reg[1],FDRE,SLICE_X34Y235,SLICEL.BFF,1'b0
u_dut/u_pc1/pc3_a3_reg[2],FDRE,SLICE_X37Y235,SLICEL.AFF,1'b0
u_dut/u_pc1/pc3_a4[0]_i_1,LUT6,SLICE_X33Y244,SLICEL.B6LUT,64'h6996966996696996
u_dut/u_pc1/pc3_a4[1]_i_1,LUT6,SLICE_X33Y244,SLICEL.C6LUT,64'h8117177E177E7EE8
u_dut/u_pc1/pc3_a4[2]_i_1,LUT6,SLICE_X33Y244,SLICEL.D6LUT,64'hFEE8E880E8808000
u_dut/u_pc1/pc3_a4_reg[0],FDRE,SLICE_X33Y244,SLICEL.BFF,1'b0
u_dut/u_pc1/pc3_a4_reg[1],FDRE,SLICE_X33Y244,SLICEL.CFF,1'b0
u_dut/u_pc1/pc3_a4_reg[2],FDRE,SLICE_X33Y244,SLICEL.DFF,1'b0
u_dut/u_pc1/pc3_a5[0]_i_1,LUT6,SLICE_X35Y241,SLICEL.A6LUT,64'h6996966996696996
u_dut/u_pc1/pc3_a5[1]_i_1,LUT6,SLICE_X35Y242,SLICEL.A6LUT,64'h8117177E177E7EE8
u_dut/u_pc1/pc3_a5[2]_i_1,LUT6,SLICE_X35Y241,SLICEL.B6LUT,64'hFEE8E880E8808000
u_dut/u_pc1/pc3_a5_reg[0],FDRE,SLICE_X35Y241,SLICEL.AFF,1'b0
u_dut/u_pc1/pc3_a5_reg[1],FDRE,SLICE_X35Y242,SLICEL.AFF,1'b0
u_dut/u_pc1/pc3_a5_reg[2],FDRE,SLICE_X35Y241,SLICEL.BFF,1'b0
u_dut/u_pc1/pc3_a6[0]_i_1,LUT6,SLICE_X31Y243,SLICEL.A6LUT,64'h6996966996696996
u_dut/u_pc1/pc3_a6[1]_i_1,LUT6,SLICE_X32Y243,SLICEL.A6LUT,64'h8117177E177E7EE8
u_dut/u_pc1/pc3_a6[2]_i_1,LUT6,SLICE_X31Y243,SLICEL.B6LUT,64'hFEE8E880E8808000
u_dut/u_pc1/pc3_a6_reg[0],FDRE,SLICE_X31Y243,SLICEL.AFF,1'b0
u_dut/u_pc1/pc3_a6_reg[1],FDRE,SLICE_X32Y243,SLICEL.AFF,1'b0
u_dut/u_pc1/pc3_a6_reg[2],FDRE,SLICE_X31Y243,SLICEL.BFF,1'b0
u_dut/u_pc1/pc3_a7[0]_i_1,LUT6,SLICE_X33Y242,SLICEL.B6LUT,64'h6996966996696996
u_dut/u_pc1/pc3_a7[1]_i_1,LUT6,SLICE_X32Y242,SLICEL.C6LUT,64'h8117177E177E7EE8
u_dut/u_pc1/pc3_a7[2]_i_1,LUT6,SLICE_X32Y242,SLICEL.D6LUT,64'hFEE8E880E8808000
u_dut/u_pc1/pc3_a7_reg[0],FDRE,SLICE_X33Y242,SLICEL.BFF,1'b0
u_dut/u_pc1/pc3_a7_reg[1],FDRE,SLICE_X32Y242,SLICEL.CFF,1'b0
u_dut/u_pc1/pc3_a7_reg[2],FDRE,SLICE_X32Y242,SLICEL.DFF,1'b0
u_dut/u_pc1/pc3_a8[0]_i_1,LUT6,SLICE_X38Y244,SLICEM.C6LUT,64'h6996966996696996
u_dut/u_pc1/pc3_a8[1]_i_1,LUT6,SLICE_X38Y244,SLICEM.D6LUT,64'h8117177E177E7EE8
u_dut/u_pc1/pc3_a8[2]_i_1,LUT6,SLICE_X39Y245,SLICEL.D6LUT,64'hFEE8E880E8808000
u_dut/u_pc1/pc3_a8_reg[0],FDRE,SLICE_X38Y244,SLICEM.CFF,1'b0
u_dut/u_pc1/pc3_a8_reg[1],FDRE,SLICE_X38Y244,SLICEM.DFF,1'b0
u_dut/u_pc1/pc3_a8_reg[2],FDRE,SLICE_X39Y245,SLICEL.DFF,1'b0
u_dut/u_pc1/pc3_a9[0]_i_1,LUT6,SLICE_X39Y244,SLICEL.A6LUT,64'h6996966996696996
u_dut/u_pc1/pc3_a9[1]_i_1,LUT6,SLICE_X39Y244,SLICEL.B6LUT,64'h8117177E177E7EE8
u_dut/u_pc1/pc3_a9[2]_i_1,LUT6,SLICE_X39Y246,SLICEL.D6LUT,64'hFEE8E880E8808000
u_dut/u_pc1/pc3_a9_reg[0],FDRE,SLICE_X39Y244,SLICEL.AFF,1'b0
u_dut/u_pc1/pc3_a9_reg[1],FDRE,SLICE_X39Y244,SLICEL.BFF,1'b0
u_dut/u_pc1/pc3_a9_reg[2],FDRE,SLICE_X39Y246,SLICEL.DFF,1'b0
u_dut/u_pc1/pc3_r2_0[0]_i_1,LUT4,SLICE_X33Y235,SLICEL.A6LUT,16'h6996
u_dut/u_pc1/pc3_r2_0[1]_i_1,LUT5,SLICE_X34Y235,SLICEL.C6LUT,32'h81177EE8
u_dut/u_pc1/pc3_r2_0[1]_i_2,LUT4,SLICE_X34Y235,SLICEL.D6LUT,16'h6996
u_dut/u_pc1/pc3_r2_0[2]_i_1,LUT6,SLICE_X35Y235,SLICEL.C6LUT,64'h9669699666666666
u_dut/u_pc1/pc3_r2_0[2]_i_2,LUT5,SLICE_X34Y235,SLICEL.C5LUT,32'hFEE88000
u_dut/u_pc1/pc3_r2_0[2]_i_3,LUT5,SLICE_X37Y235,SLICEL.D6LUT,32'h96696996
u_dut/u_pc1/pc3_r2_0[3]_i_1,LUT6,SLICE_X37Y235,SLICEL.B6LUT,64'hA99595569556566A
u_dut/u_pc1/pc3_r2_0[4]_i_1,LUT6,SLICE_X37Y235,SLICEL.C6LUT,64'hFEEAEAA8EAA8A880
u_dut/u_pc1/pc3_r2_0[4]_i_2,LUT6,SLICE_X35Y235,SLICEL.D6LUT,64'hEBBEAAAA82280000
u_dut/u_pc1/pc3_r2_0[4]_i_3,LUT3,SLICE_X34Y235,SLICEL.D5LUT,8'hE8
u_dut/u_pc1/pc3_r2_0_reg[0],FDRE,SLICE_X33Y235,SLICEL.AFF,1'b0
u_dut/u_pc1/pc3_r2_0_reg[1],FDRE,SLICE_X32Y243,SLICEL.A5FF,1'b0
u_dut/u_pc1/pc3_r2_0_reg[2],FDRE,SLICE_X35Y235,SLICEL.CFF,1'b0
u_dut/u_pc1/pc3_r2_0_reg[3],FDRE,SLICE_X37Y235,SLICEL.BFF,1'b0
u_dut/u_pc1/pc3_r2_0_reg[4],FDRE,SLICE_X37Y235,SLICEL.CFF,1'b0
u_dut/u_pc1/pc3_r2_1[0]_i_1,LUT4,SLICE_X31Y243,SLICEL.C6LUT,16'h6996
u_dut/u_pc1/pc3_r2_1[1]_i_1,LUT5,SLICE_X32Y243,SLICEL.B6LUT,32'h81177EE8
u_dut/u_pc1/pc3_r2_1[1]_i_2,LUT4,SLICE_X32Y243,SLICEL.C6LUT,16'h6996
u_dut/u_pc1/pc3_r2_1[2]_i_1,LUT6,SLICE_X32Y244,SLICEL.A6LUT,64'h9669699666666666
u_dut/u_pc1/pc3_r2_1[2]_i_2,LUT5,SLICE_X32Y243,SLICEL.B5LUT,32'hFEE88000
u_dut/u_pc1/pc3_r2_1[2]_i_3,LUT5,SLICE_X32Y243,SLICEL.D6LUT,32'h96696996
u_dut/u_pc1/pc3_r2_1[3]_i_1,LUT6,SLICE_X32Y244,SLICEL.B6LUT,64'hA99595569556566A
u_dut/u_pc1/pc3_r2_1[4]_i_1,LUT6,SLICE_X32Y244,SLICEL.C6LUT,64'hFEEAEAA8EAA8A880
u_dut/u_pc1/pc3_r2_1[4]_i_2,LUT6,SLICE_X32Y244,SLICEL.D6LUT,64'hEBBEAAAA82280000
u_dut/u_pc1/pc3_r2_1[4]_i_3,LUT3,SLICE_X32Y243,SLICEL.C5LUT,8'hE8
u_dut/u_pc1/pc3_r2_1_reg[0],FDRE,SLICE_X31Y243,SLICEL.CFF,1'b0
u_dut/u_pc1/pc3_r2_1_reg[1],FDRE,SLICE_X31Y243,SLICEL.A5FF,1'b0
u_dut/u_pc1/pc3_r2_1_reg[2],FDRE,SLICE_X32Y244,SLICEL.AFF,1'b0
u_dut/u_pc1/pc3_r2_1_reg[3],FDRE,SLICE_X32Y244,SLICEL.BFF,1'b0
u_dut/u_pc1/pc3_r2_1_reg[4],FDRE,SLICE_X32Y244,SLICEL.CFF,1'b0
u_dut/u_pc1/pc3_r2_2[0]_i_1,LUT4,SLICE_X36Y244,SLICEL.C6LUT,16'h6996
u_dut/u_pc1/pc3_r2_2[1]_i_1,LUT5,SLICE_X36Y244,SLICEL.D6LUT,32'h81177EE8
u_dut/u_pc1/pc3_r2_2[1]_i_2,LUT4,SLICE_X37Y245,SLICEL.A6LUT,16'h6996
u_dut/u_pc1/pc3_r2_2[2]_i_1,LUT6,SLICE_X37Y245,SLICEL.B6LUT,64'h9669699666666666
u_dut/u_pc1/pc3_r2_2[2]_i_2,LUT5,SLICE_X36Y244,SLICEL.D5LUT,32'hFEE88000
u_dut/u_pc1/pc3_r2_2[2]_i_3,LUT5,SLICE_X37Y245,SLICEL.D6LUT,32'h96696996
u_dut/u_pc1/pc3_r2_2[3]_i_1,LUT6,SLICE_X36Y245,SLICEL.C6LUT,64'hA99595569556566A
u_dut/u_pc1/pc3_r2_2[4]_i_1,LUT6,SLICE_X36Y245,SLICEL.D6LUT,64'hFEEAEAA8EAA8A880
u_dut/u_pc1/pc3_r2_2[4]_i_2,LUT6,SLICE_X37Y245,SLICEL.C6LUT,64'hEBBEAAAA82280000
u_dut/u_pc1/pc3_r2_2[4]_i_3,LUT3,SLICE_X37Y245,SLICEL.A5LUT,8'hE8
u_dut/u_pc1/pc3_r2_2_reg[0],FDRE,SLICE_X36Y244,SLICEL.CFF,1'b0
u_dut/u_pc1/pc3_r2_2_reg[1],FDRE,SLICE_X32Y244,SLICEL.A5FF,1'b0
u_dut/u_pc1/pc3_r2_2_reg[2],FDRE,SLICE_X37Y245,SLICEL.BFF,1'b0
u_dut/u_pc1/pc3_r2_2_reg[3],FDRE,SLICE_X36Y245,SLICEL.CFF,1'b0
u_dut/u_pc1/pc3_r2_2_reg[4],FDRE,SLICE_X36Y245,SLICEL.DFF,1'b0
u_dut/u_pc1/pc3_r2_3[0]_i_1,LUT4,SLICE_X28Y245,SLICEL.C6LUT,16'h6996
u_dut/u_pc1/pc3_r2_3[1]_i_1,LUT5,SLICE_X28Y245,SLICEL.D6LUT,32'h81177EE8
u_dut/u_pc1/pc3_r2_3[1]_i_2,LUT4,SLICE_X29Y245,SLICEL.B6LUT,16'h6996
u_dut/u_pc1/pc3_r2_3[2]_i_1,LUT6,SLICE_X29Y245,SLICEL.C6LUT,64'h9669699666666666
u_dut/u_pc1/pc3_r2_3[2]_i_2,LUT5,SLICE_X28Y245,SLICEL.D5LUT,32'hFEE88000
u_dut/u_pc1/pc3_r2_3[2]_i_3,LUT5,SLICE_X29Y246,SLICEL.D6LUT,32'h96696996
u_dut/u_pc1/pc3_r2_3[3]_i_1,LUT6,SLICE_X30Y246,SLICEL.C6LUT,64'hA99595569556566A
u_dut/u_pc1/pc3_r2_3[4]_i_1,LUT6,SLICE_X30Y246,SLICEL.D6LUT,64'hFEEAEAA8EAA8A880
u_dut/u_pc1/pc3_r2_3[4]_i_2,LUT6,SLICE_X29Y245,SLICEL.D6LUT,64'hEBBEAAAA82280000
u_dut/u_pc1/pc3_r2_3[4]_i_3,LUT3,SLICE_X29Y245,SLICEL.B5LUT,8'hE8
u_dut/u_pc1/pc3_r2_3_reg[0],FDRE,SLICE_X28Y245,SLICEL.CFF,1'b0
u_dut/u_pc1/pc3_r2_3_reg[1],FDRE,SLICE_X31Y244,SLICEL.A5FF,1'b0
u_dut/u_pc1/pc3_r2_3_reg[2],FDRE,SLICE_X29Y245,SLICEL.CFF,1'b0
u_dut/u_pc1/pc3_r2_3_reg[3],FDRE,SLICE_X30Y246,SLICEL.CFF,1'b0
u_dut/u_pc1/pc3_r2_3_reg[4],FDRE,SLICE_X30Y246,SLICEL.DFF,1'b0
u_dut/u_pc1/pc3_r2_4[0]_i_1,LUT4,SLICE_X25Y233,SLICEL.A6LUT,16'h6996
u_dut/u_pc1/pc3_r2_4[1]_i_1,LUT5,SLICE_X25Y233,SLICEL.B6LUT,32'h81177EE8
u_dut/u_pc1/pc3_r2_4[1]_i_2,LUT4,SLICE_X26Y234,SLICEL.B6LUT,16'h6996
u_dut/u_pc1/pc3_r2_4[2]_i_1,LUT6,SLICE_X26Y234,SLICEL.C6LUT,64'h9669699666666666
u_dut/u_pc1/pc3_r2_4[2]_i_2,LUT5,SLICE_X25Y233,SLICEL.B5LUT,32'hFEE88000
u_dut/u_pc1/pc3_r2_4[2]_i_3,LUT5,SLICE_X27Y234,SLICEL.D6LUT,32'h96696996
u_dut/u_pc1/pc3_r2_4[3]_i_1,LUT6,SLICE_X27Y234,SLICEL.B6LUT,64'hA99595569556566A
u_dut/u_pc1/pc3_r2_4[4]_i_1,LUT6,SLICE_X27Y234,SLICEL.C6LUT,64'hFEEAEAA8EAA8A880
u_dut/u_pc1/pc3_r2_4[4]_i_2,LUT6,SLICE_X26Y234,SLICEL.D6LUT,64'hEBBEAAAA82280000
u_dut/u_pc1/pc3_r2_4[4]_i_3,LUT3,SLICE_X26Y234,SLICEL.B5LUT,8'hE8
u_dut/u_pc1/pc3_r2_4_reg[0],FDRE,SLICE_X25Y233,SLICEL.AFF,1'b0
u_dut/u_pc1/pc3_r2_4_reg[1],FDRE,SLICE_X26Y234,SLICEL.A5FF,1'b0
u_dut/u_pc1/pc3_r2_4_reg[2],FDRE,SLICE_X26Y234,SLICEL.CFF,1'b0
u_dut/u_pc1/pc3_r2_4_reg[3],FDRE,SLICE_X27Y234,SLICEL.BFF,1'b0
u_dut/u_pc1/pc3_r2_4_reg[4],FDRE,SLICE_X27Y234,SLICEL.CFF,1'b0
u_dut/u_pc1/pc3_r2_5[0]_i_1,LUT4,SLICE_X28Y236,SLICEL.B6LUT,16'h6996
u_dut/u_pc1/pc3_r2_5[1]_i_1,LUT5,SLICE_X28Y236,SLICEL.C6LUT,32'h81177EE8
u_dut/u_pc1/pc3_r2_5[1]_i_2,LUT4,SLICE_X31Y236,SLICEL.B6LUT,16'h6996
u_dut/u_pc1/pc3_r2_5[2]_i_1,LUT6,SLICE_X31Y236,SLICEL.C6LUT,64'h9669699666666666
u_dut/u_pc1/pc3_r2_5[2]_i_2,LUT5,SLICE_X28Y236,SLICEL.C5LUT,32'hFEE88000
u_dut/u_pc1/pc3_r2_5[2]_i_3,LUT5,SLICE_X31Y237,SLICEL.D6LUT,32'h96696996
u_dut/u_pc1/pc3_r2_5[3]_i_1,LUT6,SLICE_X31Y237,SLICEL.B6LUT,64'hA99595569556566A
u_dut/u_pc1/pc3_r2_5[4]_i_1,LUT6,SLICE_X31Y237,SLICEL.C6LUT,64'hFEEAEAA8EAA8A880
u_dut/u_pc1/pc3_r2_5[4]_i_2,LUT6,SLICE_X31Y236,SLICEL.D6LUT,64'hEBBEAAAA82280000
u_dut/u_pc1/pc3_r2_5[4]_i_3,LUT3,SLICE_X31Y236,SLICEL.B5LUT,8'hE8
u_dut/u_pc1/pc3_r2_5_reg[0],FDRE,SLICE_X28Y236,SLICEL.BFF,1'b0
u_dut/u_pc1/pc3_r2_5_reg[1],FDRE,SLICE_X28Y236,SLICEL.A5FF,1'b0
u_dut/u_pc1/pc3_r2_5_reg[2],FDRE,SLICE_X31Y236,SLICEL.CFF,1'b0
u_dut/u_pc1/pc3_r2_5_reg[3],FDRE,SLICE_X31Y237,SLICEL.BFF,1'b0
u_dut/u_pc1/pc3_r2_5_reg[4],FDRE,SLICE_X31Y237,SLICEL.CFF,1'b0
u_dut/u_pc1/pc3_r2_6[0]_i_1,LUT4,SLICE_X31Y233,SLICEL.B6LUT,16'h6996
u_dut/u_pc1/pc3_r2_6[1]_i_1,LUT5,SLICE_X31Y233,SLICEL.C6LUT,32'h81177EE8
u_dut/u_pc1/pc3_r2_6[1]_i_2,LUT4,SLICE_X30Y232,SLICEL.B6LUT,16'h6996
u_dut/u_pc1/pc3_r2_6[2]_i_1,LUT6,SLICE_X30Y232,SLICEL.C6LUT,64'h9669699666666666
u_dut/u_pc1/pc3_r2_6[2]_i_2,LUT5,SLICE_X31Y233,SLICEL.C5LUT,32'hFEE88000
u_dut/u_pc1/pc3_r2_6[2]_i_3,LUT5,SLICE_X30Y233,SLICEL.D6LUT,32'h96696996
u_dut/u_pc1/pc3_r2_6[3]_i_1,LUT6,SLICE_X30Y233,SLICEL.B6LUT,64'hA99595569556566A
u_dut/u_pc1/pc3_r2_6[4]_i_1,LUT6,SLICE_X30Y233,SLICEL.C6LUT,64'hFEEAEAA8EAA8A880
u_dut/u_pc1/pc3_r2_6[4]_i_2,LUT6,SLICE_X30Y232,SLICEL.D6LUT,64'hEBBEAAAA82280000
u_dut/u_pc1/pc3_r2_6[4]_i_3,LUT3,SLICE_X30Y232,SLICEL.B5LUT,8'hE8
u_dut/u_pc1/pc3_r2_6_reg[0],FDRE,SLICE_X31Y233,SLICEL.BFF,1'b0
u_dut/u_pc1/pc3_r2_6_reg[1],FDRE,SLICE_X31Y233,SLICEL.A5FF,1'b0
u_dut/u_pc1/pc3_r2_6_reg[2],FDRE,SLICE_X30Y232,SLICEL.CFF,1'b0
u_dut/u_pc1/pc3_r2_6_reg[3],FDRE,SLICE_X30Y233,SLICEL.BFF,1'b0
u_dut/u_pc1/pc3_r2_6_reg[4],FDRE,SLICE_X30Y233,SLICEL.CFF,1'b0
u_dut/u_pc1/pc3_r2_7[0]_i_1,LUT4,SLICE_X22Y235,SLICEM.D6LUT,16'h6996
u_dut/u_pc1/pc3_r2_7[1]_i_1,LUT5,SLICE_X21Y235,SLICEL.A6LUT,32'h81177EE8
u_dut/u_pc1/pc3_r2_7[1]_i_2,LUT4,SLICE_X21Y235,SLICEL.B6LUT,16'h6996
u_dut/u_pc1/pc3_r2_7[2]_i_1,LUT6,SLICE_X21Y235,SLICEL.C6LUT,64'h9669699666666666
u_dut/u_pc1/pc3_r2_7[2]_i_2,LUT5,SLICE_X21Y235,SLICEL.A5LUT,32'hFEE88000
u_dut/u_pc1/pc3_r2_7[2]_i_3,LUT5,SLICE_X23Y235,SLICEL.D6LUT,32'h96696996
u_dut/u_pc1/pc3_r2_7[3]_i_1,LUT6,SLICE_X23Y235,SLICEL.B6LUT,64'hA99595569556566A
u_dut/u_pc1/pc3_r2_7[4]_i_1,LUT6,SLICE_X23Y235,SLICEL.C6LUT,64'hFEEAEAA8EAA8A880
u_dut/u_pc1/pc3_r2_7[4]_i_2,LUT6,SLICE_X21Y235,SLICEL.D6LUT,64'hEBBEAAAA82280000
u_dut/u_pc1/pc3_r2_7[4]_i_3,LUT3,SLICE_X21Y235,SLICEL.B5LUT,8'hE8
u_dut/u_pc1/pc3_r2_7_reg[0],FDRE,SLICE_X22Y235,SLICEM.DFF,1'b0
u_dut/u_pc1/pc3_r2_7_reg[1],FDRE,SLICE_X23Y235,SLICEL.A5FF,1'b0
u_dut/u_pc1/pc3_r2_7_reg[2],FDRE,SLICE_X21Y235,SLICEL.CFF,1'b0
u_dut/u_pc1/pc3_r2_7_reg[3],FDRE,SLICE_X23Y235,SLICEL.BFF,1'b0
u_dut/u_pc1/pc3_r2_7_reg[4],FDRE,SLICE_X23Y235,SLICEL.CFF,1'b0
u_dut/u_pc1/pc3_r2_8[0]_i_1,LUT2,SLICE_X33Y239,SLICEL.A6LUT,4'h6
u_dut/u_pc1/pc3_r2_8[1]_i_1,LUT4,SLICE_X33Y239,SLICEL.A5LUT,16'h8778
u_dut/u_pc1/pc3_r2_8[2]_i_1,LUT5,SLICE_X33Y239,SLICEL.B6LUT,32'h077FF880
u_dut/u_pc1/pc3_r2_8[3]_i_1,LUT5,SLICE_X33Y239,SLICEL.B5LUT,32'hAA808000
u_dut/u_pc1/pc3_r2_8_reg[0],FDRE,SLICE_X33Y239,SLICEL.AFF,1'b0
u_dut/u_pc1/pc3_r2_8_reg[1],FDRE,SLICE_X33Y239,SLICEL.A5FF,1'b0
u_dut/u_pc1/pc3_r2_8_reg[2],FDRE,SLICE_X33Y239,SLICEL.BFF,1'b0
u_dut/u_pc1/pc3_r2_8_reg[3],FDRE,SLICE_X33Y239,SLICEL.B5FF,1'b0
u_dut/u_pc1/pc3_r4_0[3]_i_2,LUT5,SLICE_X31Y244,SLICEL.C6LUT,32'hEEE8E888
u_dut/u_pc1/pc3_r4_0[3]_i_3,LUT5,SLICE_X31Y244,SLICEL.C5LUT,32'hE81717E8
u_dut/u_pc1/pc3_r4_0[3]_i_4,LUT4,SLICE_X31Y244,SLICEL.D6LUT,16'h6996
u_dut/u_pc1/pc3_r4_0[3]_i_5,LUT6,SLICE_X30Y244,SLICEL.D6LUT,64'h6969699669969696
u_dut/u_pc1/pc3_r4_0[3]_i_6,LUT6,SLICE_X30Y244,SLICEL.C6LUT,64'h6999999699969666
u_dut/u_pc1/pc3_r4_0[3]_i_7,LUT4,SLICE_X30Y244,SLICEL.B6LUT,16'h566A
u_dut/u_pc1/pc3_r4_0[3]_i_8,LUT4,SLICE_X30Y244,SLICEL.A6LUT,16'h6996
u_dut/u_pc1/pc3_r4_0[3]_i_9,LUT3,SLICE_X31Y244,SLICEL.B6LUT,8'h96
u_dut/u_pc1/pc3_r4_0[6]_i_2,LUT5,SLICE_X31Y245,SLICEL.C6LUT,32'hEEE8E888
u_dut/u_pc1/pc3_r4_0[6]_i_3,LUT5,SLICE_X31Y244,SLICEL.B5LUT,32'hEEE8E888
u_dut/u_pc1/pc3_r4_0[6]_i_4,LUT5,SLICE_X30Y245,SLICEL.B6LUT,32'h177E7EE8
u_dut/u_pc1/pc3_r4_0[6]_i_5,LUT6,SLICE_X30Y245,SLICEL.A6LUT,64'h6969699669969696
u_dut/u_pc1/pc3_r4_0[6]_i_6,LUT3,SLICE_X31Y245,SLICEL.D6LUT,8'h96
u_dut/u_pc1/pc3_r4_0[6]_i_7,LUT3,SLICE_X31Y245,SLICEL.A6LUT,8'h96
u_dut/u_pc1/pc3_r4_0[6]_i_8,LUT3,SLICE_X31Y245,SLICEL.A5LUT,8'hE8
u_dut/u_pc1/pc3_r4_0_reg[0],FDRE,SLICE_X30Y244,SLICEL.AFF,1'b0
u_dut/u_pc1/pc3_r4_0_reg[1],FDRE,SLICE_X30Y244,SLICEL.BFF,1'b0
u_dut/u_pc1/pc3_r4_0_reg[2],FDRE,SLICE_X30Y244,SLICEL.CFF,1'b0
u_dut/u_pc1/pc3_r4_0_reg[3],FDRE,SLICE_X30Y244,SLICEL.DFF,1'b0
u_dut/u_pc1/pc3_r4_0_reg[3]_i_1,CARRY4,SLICE_X30Y244,SLICEL.CARRY4,
u_dut/u_pc1/pc3_r4_0_reg[4],FDRE,SLICE_X30Y245,SLICEL.AFF,1'b0
u_dut/u_pc1/pc3_r4_0_reg[5],FDRE,SLICE_X30Y245,SLICEL.BFF,1'b0
u_dut/u_pc1/pc3_r4_0_reg[6],FDRE,SLICE_X30Y245,SLICEL.CFF,1'b0
u_dut/u_pc1/pc3_r4_0_reg[6]_i_1,CARRY4,SLICE_X30Y245,SLICEL.CARRY4,
u_dut/u_pc1/pc3_r4_1[3]_i_2,LUT5,SLICE_X29Y235,SLICEL.C6LUT,32'hEEE8E888
u_dut/u_pc1/pc3_r4_1[3]_i_3,LUT5,SLICE_X29Y235,SLICEL.C5LUT,32'hE81717E8
u_dut/u_pc1/pc3_r4_1[3]_i_4,LUT4,SLICE_X29Y235,SLICEL.D6LUT,16'h6996
u_dut/u_pc1/pc3_r4_1[3]_i_5,LUT6,SLICE_X29Y236,SLICEL.D6LUT,64'h6969699669969696
u_dut/u_pc1/pc3_r4_1[3]_i_6,LUT6,SLICE_X29Y236,SLICEL.C6LUT,64'h6999999699969666
u_dut/u_pc1/pc3_r4_1[3]_i_7,LUT4,SLICE_X29Y236,SLICEL.B6LUT,16'h566A
u_dut/u_pc1/pc3_r4_1[3]_i_8,LUT4,SLICE_X29Y236,SLICEL.A6LUT,16'h6996
u_dut/u_pc1/pc3_r4_1[3]_i_9,LUT3,SLICE_X28Y236,SLICEL.D6LUT,8'h96
u_dut/u_pc1/pc3_r4_1[6]_i_2,LUT5,SLICE_X30Y237,SLICEL.C6LUT,32'hEEE8E888
u_dut/u_pc1/pc3_r4_1[6]_i_3,LUT5,SLICE_X28Y236,SLICEL.D5LUT,32'hEEE8E888
u_dut/u_pc1/pc3_r4_1[6]_i_4,LUT5,SLICE_X29Y237,SLICEL.B6LUT,32'h177E7EE8
u_dut/u_pc1/pc3_r4_1[6]_i_5,LUT6,SLICE_X29Y237,SLICEL.A6LUT,64'h6969699669969696
u_dut/u_pc1/pc3_r4_1[6]_i_6,LUT3,SLICE_X30Y237,SLICEL.D6LUT,8'h96
u_dut/u_pc1/pc3_r4_1[6]_i_7,LUT3,SLICE_X28Y237,SLICEL.C6LUT,8'h96
u_dut/u_pc1/pc3_r4_1[6]_i_8,LUT3,SLICE_X28Y237,SLICEL.C5LUT,8'hE8
u_dut/u_pc1/pc3_r4_1_reg[0],FDRE,SLICE_X29Y236,SLICEL.AFF,1'b0
u_dut/u_pc1/pc3_r4_1_reg[1],FDRE,SLICE_X29Y236,SLICEL.BFF,1'b0
u_dut/u_pc1/pc3_r4_1_reg[2],FDRE,SLICE_X29Y236,SLICEL.CFF,1'b0
u_dut/u_pc1/pc3_r4_1_reg[3],FDRE,SLICE_X29Y236,SLICEL.DFF,1'b0
u_dut/u_pc1/pc3_r4_1_reg[3]_i_1,CARRY4,SLICE_X29Y236,SLICEL.CARRY4,
u_dut/u_pc1/pc3_r4_1_reg[4],FDRE,SLICE_X29Y237,SLICEL.AFF,1'b0
u_dut/u_pc1/pc3_r4_1_reg[5],FDRE,SLICE_X29Y237,SLICEL.BFF,1'b0
u_dut/u_pc1/pc3_r4_1_reg[6],FDRE,SLICE_X29Y237,SLICEL.CFF,1'b0
u_dut/u_pc1/pc3_r4_1_reg[6]_i_1,CARRY4,SLICE_X29Y237,SLICEL.CARRY4,
u_dut/u_pc1/pc3_r4_2_reg[0],FDRE,SLICE_X33Y239,SLICEL.CFF,1'b0
u_dut/u_pc1/pc3_r4_2_reg[1],FDRE,SLICE_X33Y239,SLICEL.DFF,1'b0
u_dut/u_pc1/pc3_r4_2_reg[2],FDRE,SLICE_X33Y239,SLICEL.C5FF,1'b0
u_dut/u_pc1/pc3_r4_2_reg[3],FDRE,SLICE_X33Y239,SLICEL.D5FF,1'b0
u_dut/u_pc1/pc3_r6_0[3]_i_2,LUT3,SLICE_X32Y239,SLICEL.C5LUT,8'hE8
u_dut/u_pc1/pc3_r6_0[3]_i_3,LUT3,SLICE_X32Y239,SLICEL.B5LUT,8'hE8
u_dut/u_pc1/pc3_r6_0[3]_i_4,LUT3,SLICE_X32Y239,SLICEL.A5LUT,8'hE8
u_dut/u_pc1/pc3_r6_0[3]_i_5,LUT4,SLICE_X32Y239,SLICEL.D6LUT,16'h6996
u_dut/u_pc1/pc3_r6_0[3]_i_6,LUT4,SLICE_X32Y239,SLICEL.C6LUT,16'h6996
u_dut/u_pc1/pc3_r6_0[3]_i_7,LUT4,SLICE_X32Y239,SLICEL.B6LUT,16'h6996
u_dut/u_pc1/pc3_r6_0[3]_i_8,LUT3,SLICE_X32Y239,SLICEL.A6LUT,8'h96
u_dut/u_pc1/pc3_r6_0[7]_i_2,LUT2,SLICE_X32Y240,SLICEL.C5LUT,4'h8
u_dut/u_pc1/pc3_r6_0[7]_i_3,LUT2,SLICE_X32Y240,SLICEL.B5LUT,4'h8
u_dut/u_pc1/pc3_r6_0[7]_i_4,LUT3,SLICE_X32Y240,SLICEL.A5LUT,8'hE8
u_dut/u_pc1/pc3_r6_0[7]_i_5,LUT2,SLICE_X32Y240,SLICEL.D6LUT,4'h8
u_dut/u_pc1/pc3_r6_0[7]_i_6,LUT4,SLICE_X32Y240,SLICEL.C6LUT,16'h8778
u_dut/u_pc1/pc3_r6_0[7]_i_7,LUT4,SLICE_X32Y240,SLICEL.B6LUT,16'h8778
u_dut/u_pc1/pc3_r6_0[7]_i_8,LUT5,SLICE_X32Y240,SLICEL.A6LUT,32'hE81717E8
u_dut/u_pc1/pc3_r6_0_reg[0],FDRE,SLICE_X32Y239,SLICEL.AFF,1'b0
u_dut/u_pc1/pc3_r6_0_reg[1],FDRE,SLICE_X32Y239,SLICEL.BFF,1'b0
u_dut/u_pc1/pc3_r6_0_reg[2],FDRE,SLICE_X32Y239,SLICEL.CFF,1'b0
u_dut/u_pc1/pc3_r6_0_reg[3],FDRE,SLICE_X32Y239,SLICEL.DFF,1'b0
u_dut/u_pc1/pc3_r6_0_reg[3]_i_1,CARRY4,SLICE_X32Y239,SLICEL.CARRY4,
u_dut/u_pc1/pc3_r6_0_reg[4],FDRE,SLICE_X32Y240,SLICEL.AFF,1'b0
u_dut/u_pc1/pc3_r6_0_reg[5],FDRE,SLICE_X32Y240,SLICEL.BFF,1'b0
u_dut/u_pc1/pc3_r6_0_reg[6],FDRE,SLICE_X32Y240,SLICEL.CFF,1'b0
u_dut/u_pc1/pc3_r6_0_reg[7],FDRE,SLICE_X32Y240,SLICEL.DFF,1'b0
u_dut/u_pc1/pc3_r6_0_reg[7]_i_1,CARRY4,SLICE_X32Y240,SLICEL.CARRY4,
u_dut/u_pc1/pc4_a0[0]_i_1,LUT6,SLICE_X13Y233,SLICEL.A6LUT,64'h6996966996696996
u_dut/u_pc1/pc4_a0[1]_i_1,LUT6,SLICE_X12Y230,SLICEM.D6LUT,64'h8117177E177E7EE8
u_dut/u_pc1/pc4_a0[2]_i_1,LUT6,SLICE_X11Y230,SLICEL.A6LUT,64'hFEE8E880E8808000
u_dut/u_pc1/pc4_a0_reg[0],FDRE,SLICE_X13Y233,SLICEL.AFF,1'b0
u_dut/u_pc1/pc4_a0_reg[1],FDRE,SLICE_X12Y230,SLICEM.DFF,1'b0
u_dut/u_pc1/pc4_a0_reg[2],FDRE,SLICE_X11Y230,SLICEL.AFF,1'b0
u_dut/u_pc1/pc4_a10[0]_i_1,LUT6,SLICE_X23Y241,SLICEL.A6LUT,64'h6996966996696996
u_dut/u_pc1/pc4_a10[1]_i_1,LUT6,SLICE_X24Y241,SLICEL.C6LUT,64'h8117177E177E7EE8
u_dut/u_pc1/pc4_a10[2]_i_1,LUT6,SLICE_X23Y242,SLICEL.A6LUT,64'hFEE8E880E8808000
u_dut/u_pc1/pc4_a10_reg[0],FDRE,SLICE_X23Y241,SLICEL.AFF,1'b0
u_dut/u_pc1/pc4_a10_reg[1],FDRE,SLICE_X24Y241,SLICEL.CFF,1'b0
u_dut/u_pc1/pc4_a10_reg[2],FDRE,SLICE_X23Y242,SLICEL.AFF,1'b0
u_dut/u_pc1/pc4_a11[0]_i_1,LUT6,SLICE_X22Y241,SLICEM.A6LUT,64'h6996966996696996
u_dut/u_pc1/pc4_a11[1]_i_1,LUT6,SLICE_X24Y242,SLICEL.C6LUT,64'h8117177E177E7EE8
u_dut/u_pc1/pc4_a11[2]_i_1,LUT6,SLICE_X22Y242,SLICEM.A6LUT,64'hFEE8E880E8808000
u_dut/u_pc1/pc4_a11_reg[0],FDRE,SLICE_X22Y241,SLICEM.AFF,1'b0
u_dut/u_pc1/pc4_a11_reg[1],FDRE,SLICE_X24Y242,SLICEL.CFF,1'b0
u_dut/u_pc1/pc4_a11_reg[2],FDRE,SLICE_X22Y242,SLICEM.AFF,1'b0
u_dut/u_pc1/pc4_a12[0]_i_1,LUT6,SLICE_X16Y233,SLICEM.C6LUT,64'h6996966996696996
u_dut/u_pc1/pc4_a12[1]_i_1,LUT6,SLICE_X17Y232,SLICEL.A6LUT,64'h8117177E177E7EE8
u_dut/u_pc1/pc4_a12[2]_i_1,LUT6,SLICE_X18Y233,SLICEM.B6LUT,64'hFEE8E880E8808000
u_dut/u_pc1/pc4_a12_reg[0],FDRE,SLICE_X16Y233,SLICEM.CFF,1'b0
u_dut/u_pc1/pc4_a12_reg[1],FDRE,SLICE_X17Y232,SLICEL.AFF,1'b0
u_dut/u_pc1/pc4_a12_reg[2],FDRE,SLICE_X18Y233,SLICEM.BFF,1'b0
u_dut/u_pc1/pc4_a13[0]_i_1,LUT6,SLICE_X18Y233,SLICEM.C6LUT,64'h6996966996696996
u_dut/u_pc1/pc4_a13[1]_i_1,LUT6,SLICE_X18Y233,SLICEM.D6LUT,64'h8117177E177E7EE8
u_dut/u_pc1/pc4_a13[2]_i_1,LUT6,SLICE_X18Y231,SLICEM.D6LUT,64'hFEE8E880E8808000
u_dut/u_pc1/pc4_a13_reg[0],FDRE,SLICE_X18Y233,SLICEM.CFF,1'b0
u_dut/u_pc1/pc4_a13_reg[1],FDRE,SLICE_X18Y233,SLICEM.DFF,1'b0
u_dut/u_pc1/pc4_a13_reg[2],FDRE,SLICE_X18Y231,SLICEM.DFF,1'b0
u_dut/u_pc1/pc4_a14[0]_i_1,LUT6,SLICE_X15Y233,SLICEL.A6LUT,64'h6996966996696996
u_dut/u_pc1/pc4_a14[1]_i_1,LUT6,SLICE_X19Y232,SLICEL.B6LUT,64'h8117177E177E7EE8
u_dut/u_pc1/pc4_a14[2]_i_1,LUT6,SLICE_X18Y232,SLICEM.A6LUT,64'hFEE8E880E8808000
u_dut/u_pc1/pc4_a14_reg[0],FDRE,SLICE_X15Y233,SLICEL.AFF,1'b0
u_dut/u_pc1/pc4_a14_reg[1],FDRE,SLICE_X19Y232,SLICEL.BFF,1'b0
u_dut/u_pc1/pc4_a14_reg[2],FDRE,SLICE_X18Y232,SLICEM.AFF,1'b0
u_dut/u_pc1/pc4_a15[0]_i_1,LUT6,SLICE_X16Y232,SLICEM.B6LUT,64'h6996966996696996
u_dut/u_pc1/pc4_a15[1]_i_1,LUT6,SLICE_X17Y230,SLICEL.C6LUT,64'h8117177E177E7EE8
u_dut/u_pc1/pc4_a15[2]_i_1,LUT6,SLICE_X19Y232,SLICEL.C6LUT,64'hFEE8E880E8808000
u_dut/u_pc1/pc4_a15_reg[0],FDRE,SLICE_X16Y232,SLICEM.BFF,1'b0
u_dut/u_pc1/pc4_a15_reg[1],FDRE,SLICE_X17Y230,SLICEL.CFF,1'b0
u_dut/u_pc1/pc4_a15_reg[2],FDRE,SLICE_X19Y232,SLICEL.CFF,1'b0
u_dut/u_pc1/pc4_a16[0]_i_1,LUT6,SLICE_X12Y234,SLICEM.B6LUT,64'h6996966996696996
u_dut/u_pc1/pc4_a16[1]_i_1,LUT6,SLICE_X12Y234,SLICEM.C6LUT,64'h8117177E177E7EE8
u_dut/u_pc1/pc4_a16[2]_i_1,LUT6,SLICE_X13Y234,SLICEL.B6LUT,64'hFEE8E880E8808000
u_dut/u_pc1/pc4_a16_reg[0],FDRE,SLICE_X12Y234,SLICEM.BFF,1'b0
u_dut/u_pc1/pc4_a16_reg[1],FDRE,SLICE_X12Y234,SLICEM.CFF,1'b0
u_dut/u_pc1/pc4_a16_reg[2],FDRE,SLICE_X13Y234,SLICEL.BFF,1'b0
u_dut/u_pc1/pc4_a17[0]_i_1,LUT6,SLICE_X12Y233,SLICEM.B6LUT,64'h6996966996696996
u_dut/u_pc1/pc4_a17[1]_i_1,LUT6,SLICE_X12Y234,SLICEM.D6LUT,64'h8117177E177E7EE8
u_dut/u_pc1/pc4_a17[2]_i_1,LUT6,SLICE_X13Y234,SLICEL.C6LUT,64'hFEE8E880E8808000
u_dut/u_pc1/pc4_a17_reg[0],FDRE,SLICE_X12Y233,SLICEM.BFF,1'b0
u_dut/u_pc1/pc4_a17_reg[1],FDRE,SLICE_X12Y234,SLICEM.DFF,1'b0
u_dut/u_pc1/pc4_a17_reg[2],FDRE,SLICE_X13Y234,SLICEL.CFF,1'b0
u_dut/u_pc1/pc4_a18[0]_i_1,LUT6,SLICE_X14Y236,SLICEM.A6LUT,64'h6996966996696996
u_dut/u_pc1/pc4_a18[1]_i_1,LUT6,SLICE_X13Y235,SLICEL.B6LUT,64'h8117177E177E7EE8
u_dut/u_pc1/pc4_a18[2]_i_1,LUT6,SLICE_X13Y235,SLICEL.C6LUT,64'hFEE8E880E8808000
u_dut/u_pc1/pc4_a18_reg[0],FDRE,SLICE_X14Y236,SLICEM.AFF,1'b0
u_dut/u_pc1/pc4_a18_reg[1],FDRE,SLICE_X13Y235,SLICEL.BFF,1'b0
u_dut/u_pc1/pc4_a18_reg[2],FDRE,SLICE_X13Y235,SLICEL.CFF,1'b0
u_dut/u_pc1/pc4_a19[0]_i_1,LUT6,SLICE_X12Y236,SLICEM.A6LUT,64'h6996966996696996
u_dut/u_pc1/pc4_a19[1]_i_1,LUT6,SLICE_X12Y235,SLICEM.D6LUT,64'h8117177E177E7EE8
u_dut/u_pc1/pc4_a19[2]_i_1,LUT6,SLICE_X13Y236,SLICEL.A6LUT,64'hFEE8E880E8808000
u_dut/u_pc1/pc4_a19_reg[0],FDRE,SLICE_X12Y236,SLICEM.AFF,1'b0
u_dut/u_pc1/pc4_a19_reg[1],FDRE,SLICE_X12Y235,SLICEM.DFF,1'b0
u_dut/u_pc1/pc4_a19_reg[2],FDRE,SLICE_X13Y236,SLICEL.AFF,1'b0
u_dut/u_pc1/pc4_a1[0]_i_1,LUT6,SLICE_X13Y230,SLICEL.A6LUT,64'h6996966996696996
u_dut/u_pc1/pc4_a1[1]_i_1,LUT6,SLICE_X14Y230,SLICEM.A6LUT,64'h8117177E177E7EE8
u_dut/u_pc1/pc4_a1[2]_i_1,LUT6,SLICE_X15Y230,SLICEL.A6LUT,64'hFEE8E880E8808000
u_dut/u_pc1/pc4_a1_reg[0],FDRE,SLICE_X13Y230,SLICEL.AFF,1'b0
u_dut/u_pc1/pc4_a1_reg[1],FDRE,SLICE_X14Y230,SLICEM.AFF,1'b0
u_dut/u_pc1/pc4_a1_reg[2],FDRE,SLICE_X15Y230,SLICEL.AFF,1'b0
u_dut/u_pc1/pc4_a20[0]_i_1,LUT6,SLICE_X24Y237,SLICEL.C6LUT,64'h6996966996696996
u_dut/u_pc1/pc4_a20[1]_i_1,LUT6,SLICE_X24Y235,SLICEL.C6LUT,64'h8117177E177E7EE8
u_dut/u_pc1/pc4_a20[2]_i_1,LUT6,SLICE_X26Y235,SLICEL.A6LUT,64'hFEE8E880E8808000
u_dut/u_pc1/pc4_a20_reg[0],FDRE,SLICE_X24Y237,SLICEL.CFF,1'b0
u_dut/u_pc1/pc4_a20_reg[1],FDRE,SLICE_X24Y235,SLICEL.CFF,1'b0
u_dut/u_pc1/pc4_a20_reg[2],FDRE,SLICE_X26Y235,SLICEL.AFF,1'b0
u_dut/u_pc1/pc4_a21[0]_i_1,LUT6,SLICE_X20Y235,SLICEM.B6LUT,64'h6996966996696996
u_dut/u_pc1/pc4_a21[1]_i_1,LUT6,SLICE_X20Y235,SLICEM.C6LUT,64'h8117177E177E7EE8
u_dut/u_pc1/pc4_a21[2]_i_1,LUT6,SLICE_X20Y234,SLICEM.A6LUT,64'hFEE8E880E8808000
u_dut/u_pc1/pc4_a21_reg[0],FDRE,SLICE_X20Y235,SLICEM.BFF,1'b0
u_dut/u_pc1/pc4_a21_reg[1],FDRE,SLICE_X20Y235,SLICEM.CFF,1'b0
u_dut/u_pc1/pc4_a21_reg[2],FDRE,SLICE_X20Y234,SLICEM.AFF,1'b0
u_dut/u_pc1/pc4_a22[0]_i_1,LUT6,SLICE_X21Y234,SLICEL.A6LUT,64'h6996966996696996
u_dut/u_pc1/pc4_a22[1]_i_1,LUT6,SLICE_X21Y234,SLICEL.B6LUT,64'h8117177E177E7EE8
u_dut/u_pc1/pc4_a22[2]_i_1,LUT6,SLICE_X21Y234,SLICEL.C6LUT,64'hFEE8E880E8808000
u_dut/u_pc1/pc4_a22_reg[0],FDRE,SLICE_X21Y234,SLICEL.AFF,1'b0
u_dut/u_pc1/pc4_a22_reg[1],FDRE,SLICE_X21Y234,SLICEL.BFF,1'b0
u_dut/u_pc1/pc4_a22_reg[2],FDRE,SLICE_X21Y234,SLICEL.CFF,1'b0
u_dut/u_pc1/pc4_a23[0]_i_1,LUT6,SLICE_X19Y237,SLICEL.A6LUT,64'h6996966996696996
u_dut/u_pc1/pc4_a23[1]_i_1,LUT6,SLICE_X18Y235,SLICEM.A6LUT,64'h8117177E177E7EE8
u_dut/u_pc1/pc4_a23[2]_i_1,LUT6,SLICE_X18Y234,SLICEM.A6LUT,64'hFEE8E880E8808000
u_dut/u_pc1/pc4_a23_reg[0],FDRE,SLICE_X19Y237,SLICEL.AFF,1'b0
u_dut/u_pc1/pc4_a23_reg[1],FDRE,SLICE_X18Y235,SLICEM.AFF,1'b0
u_dut/u_pc1/pc4_a23_reg[2],FDRE,SLICE_X18Y234,SLICEM.AFF,1'b0
u_dut/u_pc1/pc4_a24[0]_i_1,LUT6,SLICE_X15Y242,SLICEL.A6LUT,64'h6996966996696996
u_dut/u_pc1/pc4_a24[1]_i_1,LUT6,SLICE_X15Y242,SLICEL.B6LUT,64'h8117177E177E7EE8
u_dut/u_pc1/pc4_a24[2]_i_1,LUT6,SLICE_X18Y242,SLICEM.A6LUT,64'hFEE8E880E8808000
u_dut/u_pc1/pc4_a24_reg[0],FDRE,SLICE_X15Y242,SLICEL.AFF,1'b0
u_dut/u_pc1/pc4_a24_reg[1],FDRE,SLICE_X15Y242,SLICEL.BFF,1'b0
u_dut/u_pc1/pc4_a24_reg[2],FDRE,SLICE_X18Y242,SLICEM.AFF,1'b0
u_dut/u_pc1/pc4_a25[0]_i_1,LUT6,SLICE_X18Y241,SLICEM.A6LUT,64'h6996966996696996
u_dut/u_pc1/pc4_a25[1]_i_1,LUT6,SLICE_X18Y241,SLICEM.B6LUT,64'h8117177E177E7EE8
u_dut/u_pc1/pc4_a25[2]_i_1,LUT6,SLICE_X18Y243,SLICEM.A6LUT,64'hFEE8E880E8808000
u_dut/u_pc1/pc4_a25_reg[0],FDRE,SLICE_X18Y241,SLICEM.AFF,1'b0
u_dut/u_pc1/pc4_a25_reg[1],FDRE,SLICE_X18Y241,SLICEM.BFF,1'b0
u_dut/u_pc1/pc4_a25_reg[2],FDRE,SLICE_X18Y243,SLICEM.AFF,1'b0
u_dut/u_pc1/pc4_a26[0]_i_1,LUT6,SLICE_X15Y241,SLICEL.A6LUT,64'h6996966996696996
u_dut/u_pc1/pc4_a26[1]_i_1,LUT6,SLICE_X14Y241,SLICEM.A6LUT,64'h8117177E177E7EE8
u_dut/u_pc1/pc4_a26[2]_i_1,LUT6,SLICE_X18Y241,SLICEM.C6LUT,64'hFEE8E880E8808000
u_dut/u_pc1/pc4_a26_reg[0],FDRE,SLICE_X15Y241,SLICEL.AFF,1'b0
u_dut/u_pc1/pc4_a26_reg[1],FDRE,SLICE_X14Y241,SLICEM.AFF,1'b0
u_dut/u_pc1/pc4_a26_reg[2],FDRE,SLICE_X18Y241,SLICEM.CFF,1'b0
u_dut/u_pc1/pc4_a27[0]_i_1,LUT6,SLICE_X16Y240,SLICEM.B6LUT,64'h6996966996696996
u_dut/u_pc1/pc4_a27[1]_i_1,LUT6,SLICE_X16Y240,SLICEM.C6LUT,64'h8117177E177E7EE8
u_dut/u_pc1/pc4_a27[2]_i_1,LUT6,SLICE_X19Y242,SLICEL.B6LUT,64'hFEE8E880E8808000
u_dut/u_pc1/pc4_a27_reg[0],FDRE,SLICE_X16Y240,SLICEM.BFF,1'b0
u_dut/u_pc1/pc4_a27_reg[1],FDRE,SLICE_X16Y240,SLICEM.CFF,1'b0
u_dut/u_pc1/pc4_a27_reg[2],FDRE,SLICE_X19Y242,SLICEL.BFF,1'b0
u_dut/u_pc1/pc4_a28[0]_i_1,LUT6,SLICE_X12Y237,SLICEM.A6LUT,64'h6996966996696996
u_dut/u_pc1/pc4_a28[1]_i_1,LUT6,SLICE_X12Y238,SLICEM.A6LUT,64'h8117177E177E7EE8
u_dut/u_pc1/pc4_a28[2]_i_1,LUT6,SLICE_X10Y238,SLICEM.D6LUT,64'hFEE8E880E8808000
u_dut/u_pc1/pc4_a28_reg[0],FDRE,SLICE_X12Y237,SLICEM.AFF,1'b0
u_dut/u_pc1/pc4_a28_reg[1],FDRE,SLICE_X12Y238,SLICEM.AFF,1'b0
u_dut/u_pc1/pc4_a28_reg[2],FDRE,SLICE_X10Y238,SLICEM.DFF,1'b0
u_dut/u_pc1/pc4_a29[0]_i_1,LUT6,SLICE_X11Y235,SLICEL.B6LUT,64'h6996966996696996
u_dut/u_pc1/pc4_a29[1]_i_1,LUT6,SLICE_X11Y235,SLICEL.C6LUT,64'h8117177E177E7EE8
u_dut/u_pc1/pc4_a29[2]_i_1,LUT6,SLICE_X11Y235,SLICEL.D6LUT,64'hFEE8E880E8808000
u_dut/u_pc1/pc4_a29_reg[0],FDRE,SLICE_X11Y235,SLICEL.BFF,1'b0
u_dut/u_pc1/pc4_a29_reg[1],FDRE,SLICE_X11Y235,SLICEL.CFF,1'b0
u_dut/u_pc1/pc4_a29_reg[2],FDRE,SLICE_X11Y235,SLICEL.DFF,1'b0
u_dut/u_pc1/pc4_a2[0]_i_1,LUT6,SLICE_X13Y231,SLICEL.B6LUT,64'h6996966996696996
u_dut/u_pc1/pc4_a2[1]_i_1,LUT6,SLICE_X13Y230,SLICEL.B6LUT,64'h8117177E177E7EE8
u_dut/u_pc1/pc4_a2[2]_i_1,LUT6,SLICE_X14Y231,SLICEM.A6LUT,64'hFEE8E880E8808000
u_dut/u_pc1/pc4_a2_reg[0],FDRE,SLICE_X13Y231,SLICEL.BFF,1'b0
u_dut/u_pc1/pc4_a2_reg[1],FDRE,SLICE_X13Y230,SLICEL.BFF,1'b0
u_dut/u_pc1/pc4_a2_reg[2],FDRE,SLICE_X14Y231,SLICEM.AFF,1'b0
u_dut/u_pc1/pc4_a30[0]_i_1,LUT6,SLICE_X10Y237,SLICEM.D6LUT,64'h6996966996696996
u_dut/u_pc1/pc4_a30[1]_i_1,LUT6,SLICE_X11Y236,SLICEL.A6LUT,64'h8117177E177E7EE8
u_dut/u_pc1/pc4_a30[2]_i_1,LUT6,SLICE_X10Y236,SLICEM.A6LUT,64'hFEE8E880E8808000
u_dut/u_pc1/pc4_a30_reg[0],FDRE,SLICE_X10Y237,SLICEM.DFF,1'b0
u_dut/u_pc1/pc4_a30_reg[1],FDRE,SLICE_X11Y236,SLICEL.AFF,1'b0
u_dut/u_pc1/pc4_a30_reg[2],FDRE,SLICE_X10Y236,SLICEM.AFF,1'b0
u_dut/u_pc1/pc4_a31[0]_i_1,LUT6,SLICE_X9Y237,SLICEL.A6LUT,64'h6996966996696996
u_dut/u_pc1/pc4_a31[1]_i_1,LUT6,SLICE_X10Y239,SLICEM.C6LUT,64'h8117177E177E7EE8
u_dut/u_pc1/pc4_a31[2]_i_1,LUT6,SLICE_X9Y238,SLICEL.A6LUT,64'hFEE8E880E8808000
u_dut/u_pc1/pc4_a31_reg[0],FDRE,SLICE_X9Y237,SLICEL.AFF,1'b0
u_dut/u_pc1/pc4_a31_reg[1],FDRE,SLICE_X10Y239,SLICEM.CFF,1'b0
u_dut/u_pc1/pc4_a31_reg[2],FDRE,SLICE_X9Y238,SLICEL.AFF,1'b0
u_dut/u_pc1/pc4_a32[0]_i_1,LUT6,SLICE_X25Y245,SLICEL.A6LUT,64'h6996966996696996
u_dut/u_pc1/pc4_a32[1]_i_1,LUT6,SLICE_X25Y245,SLICEL.B6LUT,64'h8117177E177E7EE8
u_dut/u_pc1/pc4_a32[2]_i_1,LUT6,SLICE_X25Y245,SLICEL.C6LUT,64'hFEE8E880E8808000
u_dut/u_pc1/pc4_a32_reg[0],FDRE,SLICE_X25Y245,SLICEL.AFF,1'b0
u_dut/u_pc1/pc4_a32_reg[1],FDRE,SLICE_X25Y245,SLICEL.BFF,1'b0
u_dut/u_pc1/pc4_a32_reg[2],FDRE,SLICE_X25Y245,SLICEL.CFF,1'b0
u_dut/u_pc1/pc4_a33[0]_i_1,LUT2,SLICE_X24Y245,SLICEL.B6LUT,4'h6
u_dut/u_pc1/pc4_a33[1]_i_1,LUT2,SLICE_X24Y245,SLICEL.B5LUT,4'h8
u_dut/u_pc1/pc4_a33_reg[0],FDRE,SLICE_X24Y245,SLICEL.BFF,1'b0
u_dut/u_pc1/pc4_a33_reg[1],FDRE,SLICE_X24Y245,SLICEL.B5FF,1'b0
u_dut/u_pc1/pc4_a3[0]_i_1,LUT6,SLICE_X13Y231,SLICEL.C6LUT,64'h6996966996696996
u_dut/u_pc1/pc4_a3[1]_i_1,LUT6,SLICE_X13Y230,SLICEL.C6LUT,64'h8117177E177E7EE8
u_dut/u_pc1/pc4_a3[2]_i_1,LUT6,SLICE_X13Y230,SLICEL.D6LUT,64'hFEE8E880E8808000
u_dut/u_pc1/pc4_a3_reg[0],FDRE,SLICE_X13Y231,SLICEL.CFF,1'b0
u_dut/u_pc1/pc4_a3_reg[1],FDRE,SLICE_X13Y230,SLICEL.CFF,1'b0
u_dut/u_pc1/pc4_a3_reg[2],FDRE,SLICE_X13Y230,SLICEL.DFF,1'b0
u_dut/u_pc1/pc4_a4[0]_i_1,LUT6,SLICE_X19Y244,SLICEL.A6LUT,64'h6996966996696996
u_dut/u_pc1/pc4_a4[1]_i_1,LUT6,SLICE_X19Y244,SLICEL.B6LUT,64'h8117177E177E7EE8
u_dut/u_pc1/pc4_a4[2]_i_1,LUT6,SLICE_X19Y244,SLICEL.C6LUT,64'hFEE8E880E8808000
u_dut/u_pc1/pc4_a4_reg[0],FDRE,SLICE_X19Y244,SLICEL.AFF,1'b0
u_dut/u_pc1/pc4_a4_reg[1],FDRE,SLICE_X19Y244,SLICEL.BFF,1'b0
u_dut/u_pc1/pc4_a4_reg[2],FDRE,SLICE_X19Y244,SLICEL.CFF,1'b0
u_dut/u_pc1/pc4_a5[0]_i_1,LUT6,SLICE_X19Y246,SLICEL.A6LUT,64'h6996966996696996
u_dut/u_pc1/pc4_a5[1]_i_1,LUT6,SLICE_X19Y246,SLICEL.B6LUT,64'h8117177E177E7EE8
u_dut/u_pc1/pc4_a5[2]_i_1,LUT6,SLICE_X18Y245,SLICEM.A6LUT,64'hFEE8E880E8808000
u_dut/u_pc1/pc4_a5_reg[0],FDRE,SLICE_X19Y246,SLICEL.AFF,1'b0
u_dut/u_pc1/pc4_a5_reg[1],FDRE,SLICE_X19Y246,SLICEL.BFF,1'b0
u_dut/u_pc1/pc4_a5_reg[2],FDRE,SLICE_X18Y245,SLICEM.AFF,1'b0
u_dut/u_pc1/pc4_a6[0]_i_1,LUT6,SLICE_X20Y246,SLICEM.D6LUT,64'h6996966996696996
u_dut/u_pc1/pc4_a6[1]_i_1,LUT6,SLICE_X20Y245,SLICEM.C6LUT,64'h8117177E177E7EE8
u_dut/u_pc1/pc4_a6[2]_i_1,LUT6,SLICE_X20Y245,SLICEM.D6LUT,64'hFEE8E880E8808000
u_dut/u_pc1/pc4_a6_reg[0],FDRE,SLICE_X20Y246,SLICEM.DFF,1'b0
u_dut/u_pc1/pc4_a6_reg[1],FDRE,SLICE_X20Y245,SLICEM.CFF,1'b0
u_dut/u_pc1/pc4_a6_reg[2],FDRE,SLICE_X20Y245,SLICEM.DFF,1'b0
u_dut/u_pc1/pc4_a7[0]_i_1,LUT6,SLICE_X22Y246,SLICEM.C6LUT,64'h6996966996696996
u_dut/u_pc1/pc4_a7[1]_i_1,LUT6,SLICE_X22Y245,SLICEM.C6LUT,64'h8117177E177E7EE8
u_dut/u_pc1/pc4_a7[2]_i_1,LUT6,SLICE_X21Y243,SLICEL.A6LUT,64'hFEE8E880E8808000
u_dut/u_pc1/pc4_a7_reg[0],FDRE,SLICE_X22Y246,SLICEM.CFF,1'b0
u_dut/u_pc1/pc4_a7_reg[1],FDRE,SLICE_X22Y245,SLICEM.CFF,1'b0
u_dut/u_pc1/pc4_a7_reg[2],FDRE,SLICE_X21Y243,SLICEL.AFF,1'b0
u_dut/u_pc1/pc4_a8[0]_i_1,LUT6,SLICE_X24Y240,SLICEL.A6LUT,64'h6996966996696996
u_dut/u_pc1/pc4_a8[1]_i_1,LUT6,SLICE_X24Y240,SLICEL.B6LUT,64'h8117177E177E7EE8
u_dut/u_pc1/pc4_a8[2]_i_1,LUT6,SLICE_X24Y242,SLICEL.D6LUT,64'hFEE8E880E8808000
u_dut/u_pc1/pc4_a8_reg[0],FDRE,SLICE_X24Y240,SLICEL.AFF,1'b0
u_dut/u_pc1/pc4_a8_reg[1],FDRE,SLICE_X24Y240,SLICEL.BFF,1'b0
u_dut/u_pc1/pc4_a8_reg[2],FDRE,SLICE_X24Y242,SLICEL.DFF,1'b0
u_dut/u_pc1/pc4_a9[0]_i_1,LUT6,SLICE_X23Y240,SLICEL.A6LUT,64'h6996966996696996
u_dut/u_pc1/pc4_a9[1]_i_1,LUT6,SLICE_X23Y241,SLICEL.B6LUT,64'h8117177E177E7EE8
u_dut/u_pc1/pc4_a9[2]_i_1,LUT6,SLICE_X23Y243,SLICEL.C6LUT,64'hFEE8E880E8808000
u_dut/u_pc1/pc4_a9_reg[0],FDRE,SLICE_X23Y240,SLICEL.AFF,1'b0
u_dut/u_pc1/pc4_a9_reg[1],FDRE,SLICE_X23Y241,SLICEL.BFF,1'b0
u_dut/u_pc1/pc4_a9_reg[2],FDRE,SLICE_X23Y243,SLICEL.CFF,1'b0
u_dut/u_pc1/pc4_r2_0[0]_i_1,LUT4,SLICE_X13Y233,SLICEL.B6LUT,16'h6996
u_dut/u_pc1/pc4_r2_0[1]_i_1,LUT5,SLICE_X13Y233,SLICEL.C6LUT,32'h81177EE8
u_dut/u_pc1/pc4_r2_0[1]_i_2,LUT4,SLICE_X14Y230,SLICEM.B6LUT,16'h6996
u_dut/u_pc1/pc4_r2_0[2]_i_1,LUT6,SLICE_X15Y230,SLICEL.B6LUT,64'h9669699666666666
u_dut/u_pc1/pc4_r2_0[2]_i_2,LUT5,SLICE_X13Y233,SLICEL.C5LUT,32'hFEE88000
u_dut/u_pc1/pc4_r2_0[2]_i_3,LUT5,SLICE_X15Y230,SLICEL.D6LUT,32'h96696996
u_dut/u_pc1/pc4_r2_0[3]_i_1,LUT6,SLICE_X15Y231,SLICEL.A6LUT,64'hA99595569556566A
u_dut/u_pc1/pc4_r2_0[4]_i_1,LUT6,SLICE_X15Y231,SLICEL.B6LUT,64'hFEEAEAA8EAA8A880
u_dut/u_pc1/pc4_r2_0[4]_i_2,LUT6,SLICE_X15Y230,SLICEL.C6LUT,64'hEBBEAAAA82280000
u_dut/u_pc1/pc4_r2_0[4]_i_3,LUT3,SLICE_X14Y230,SLICEM.B5LUT,8'hE8
u_dut/u_pc1/pc4_r2_0_reg[0],FDRE,SLICE_X13Y233,SLICEL.BFF,1'b0
u_dut/u_pc1/pc4_r2_0_reg[1],FDRE,SLICE_X12Y235,SLICEM.A5FF,1'b0
u_dut/u_pc1/pc4_r2_0_reg[2],FDRE,SLICE_X15Y230,SLICEL.BFF,1'b0
u_dut/u_pc1/pc4_r2_0_reg[3],FDRE,SLICE_X15Y231,SLICEL.AFF,1'b0
u_dut/u_pc1/pc4_r2_0_reg[4],FDRE,SLICE_X15Y231,SLICEL.BFF,1'b0
u_dut/u_pc1/pc4_r2_1[0]_i_1,LUT4,SLICE_X19Y246,SLICEL.C6LUT,16'h6996
u_dut/u_pc1/pc4_r2_1[1]_i_1,LUT5,SLICE_X19Y246,SLICEL.D6LUT,32'h81177EE8
u_dut/u_pc1/pc4_r2_1[1]_i_2,LUT4,SLICE_X19Y245,SLICEL.B6LUT,16'h6996
u_dut/u_pc1/pc4_r2_1[2]_i_1,LUT6,SLICE_X19Y245,SLICEL.C6LUT,64'h9669699666666666
u_dut/u_pc1/pc4_r2_1[2]_i_2,LUT5,SLICE_X19Y246,SLICEL.D5LUT,32'hFEE88000
u_dut/u_pc1/pc4_r2_1[2]_i_3,LUT5,SLICE_X18Y245,SLICEM.D6LUT,32'h96696996
u_dut/u_pc1/pc4_r2_1[3]_i_1,LUT6,SLICE_X18Y245,SLICEM.B6LUT,64'hA99595569556566A
u_dut/u_pc1/pc4_r2_1[4]_i_1,LUT6,SLICE_X18Y245,SLICEM.C6LUT,64'hFEEAEAA8EAA8A880
u_dut/u_pc1/pc4_r2_1[4]_i_2,LUT6,SLICE_X19Y245,SLICEL.D6LUT,64'hEBBEAAAA82280000
u_dut/u_pc1/pc4_r2_1[4]_i_3,LUT3,SLICE_X19Y245,SLICEL.B5LUT,8'hE8
u_dut/u_pc1/pc4_r2_1_reg[0],FDRE,SLICE_X19Y246,SLICEL.CFF,1'b0
u_dut/u_pc1/pc4_r2_1_reg[1],FDRE,SLICE_X16Y243,SLICEM.A5FF,1'b0
u_dut/u_pc1/pc4_r2_1_reg[2],FDRE,SLICE_X19Y245,SLICEL.CFF,1'b0
u_dut/u_pc1/pc4_r2_1_reg[3],FDRE,SLICE_X18Y245,SLICEM.BFF,1'b0
u_dut/u_pc1/pc4_r2_1_reg[4],FDRE,SLICE_X18Y245,SLICEM.CFF,1'b0
u_dut/u_pc1/pc4_r2_2[0]_i_1,LUT4,SLICE_X23Y241,SLICEL.C6LUT,16'h6996
u_dut/u_pc1/pc4_r2_2[1]_i_1,LUT5,SLICE_X23Y241,SLICEL.D6LUT,32'h81177EE8
u_dut/u_pc1/pc4_r2_2[1]_i_2,LUT4,SLICE_X23Y242,SLICEL.B6LUT,16'h6996
u_dut/u_pc1/pc4_r2_2[2]_i_1,LUT6,SLICE_X23Y242,SLICEL.C6LUT,64'h9669699666666666
u_dut/u_pc1/pc4_r2_2[2]_i_2,LUT5,SLICE_X23Y241,SLICEL.D5LUT,32'hFEE88000
u_dut/u_pc1/pc4_r2_2[2]_i_3,LUT5,SLICE_X22Y242,SLICEM.D6LUT,32'h96696996
u_dut/u_pc1/pc4_r2_2[3]_i_1,LUT6,SLICE_X22Y242,SLICEM.B6LUT,64'hA99595569556566A
u_dut/u_pc1/pc4_r2_2[4]_i_1,LUT6,SLICE_X22Y242,SLICEM.C6LUT,64'hFEEAEAA8EAA8A880
u_dut/u_pc1/pc4_r2_2[4]_i_2,LUT6,SLICE_X23Y242,SLICEL.D6LUT,64'hEBBEAAAA82280000
u_dut/u_pc1/pc4_r2_2[4]_i_3,LUT3,SLICE_X23Y242,SLICEL.B5LUT,8'hE8
u_dut/u_pc1/pc4_r2_2_reg[0],FDRE,SLICE_X23Y241,SLICEL.CFF,1'b0
u_dut/u_pc1/pc4_r2_2_reg[1],FDRE,SLICE_X22Y241,SLICEM.A5FF,1'b0
u_dut/u_pc1/pc4_r2_2_reg[2],FDRE,SLICE_X23Y242,SLICEL.CFF,1'b0
u_dut/u_pc1/pc4_r2_2_reg[3],FDRE,SLICE_X22Y242,SLICEM.BFF,1'b0
u_dut/u_pc1/pc4_r2_2_reg[4],FDRE,SLICE_X22Y242,SLICEM.CFF,1'b0
u_dut/u_pc1/pc4_r2_3[0]_i_1,LUT4,SLICE_X16Y234,SLICEM.C6LUT,16'h6996
u_dut/u_pc1/pc4_r2_3[1]_i_1,LUT5,SLICE_X16Y233,SLICEM.D6LUT,32'h81177EE8
u_dut/u_pc1/pc4_r2_3[1]_i_2,LUT4,SLICE_X17Y232,SLICEL.B6LUT,16'h6996
u_dut/u_pc1/pc4_r2_3[2]_i_1,LUT6,SLICE_X17Y232,SLICEL.C6LUT,64'h9669699666666666
u_dut/u_pc1/pc4_r2_3[2]_i_2,LUT5,SLICE_X16Y233,SLICEM.D5LUT,32'hFEE88000
u_dut/u_pc1/pc4_r2_3[2]_i_3,LUT5,SLICE_X18Y232,SLICEM.D6LUT,32'h96696996
u_dut/u_pc1/pc4_r2_3[3]_i_1,LUT6,SLICE_X18Y232,SLICEM.B6LUT,64'hA99595569556566A
u_dut/u_pc1/pc4_r2_3[4]_i_1,LUT6,SLICE_X18Y232,SLICEM.C6LUT,64'hFEEAEAA8EAA8A880
u_dut/u_pc1/pc4_r2_3[4]_i_2,LUT6,SLICE_X17Y232,SLICEL.D6LUT,64'hEBBEAAAA82280000
u_dut/u_pc1/pc4_r2_3[4]_i_3,LUT3,SLICE_X17Y232,SLICEL.B5LUT,8'hE8
u_dut/u_pc1/pc4_r2_3_reg[0],FDRE,SLICE_X16Y234,SLICEM.CFF,1'b0
u_dut/u_pc1/pc4_r2_3_reg[1],FDRE,SLICE_X16Y239,SLICEM.AFF,1'b0
u_dut/u_pc1/pc4_r2_3_reg[2],FDRE,SLICE_X17Y232,SLICEL.CFF,1'b0
u_dut/u_pc1/pc4_r2_3_reg[3],FDRE,SLICE_X18Y232,SLICEM.BFF,1'b0
u_dut/u_pc1/pc4_r2_3_reg[4],FDRE,SLICE_X18Y232,SLICEM.CFF,1'b0
u_dut/u_pc1/pc4_r2_4[0]_i_1,LUT4,SLICE_X11Y236,SLICEL.B6LUT,16'h6996
u_dut/u_pc1/pc4_r2_4[1]_i_1,LUT5,SLICE_X11Y236,SLICEL.C6LUT,32'h81177EE8
u_dut/u_pc1/pc4_r2_4[1]_i_2,LUT4,SLICE_X12Y236,SLICEM.B6LUT,16'h6996
u_dut/u_pc1/pc4_r2_4[2]_i_1,LUT6,SLICE_X12Y236,SLICEM.C6LUT,64'h9669699666666666
u_dut/u_pc1/pc4_r2_4[2]_i_2,LUT5,SLICE_X11Y236,SLICEL.C5LUT,32'hFEE88000
u_dut/u_pc1/pc4_r2_4[2]_i_3,LUT5,SLICE_X13Y236,SLICEL.D6LUT,32'h96696996
u_dut/u_pc1/pc4_r2_4[3]_i_1,LUT6,SLICE_X13Y236,SLICEL.B6LUT,64'hA99595569556566A
u_dut/u_pc1/pc4_r2_4[4]_i_1,LUT6,SLICE_X13Y236,SLICEL.C6LUT,64'hFEEAEAA8EAA8A880
u_dut/u_pc1/pc4_r2_4[4]_i_2,LUT6,SLICE_X12Y236,SLICEM.D6LUT,64'hEBBEAAAA82280000
u_dut/u_pc1/pc4_r2_4[4]_i_3,LUT3,SLICE_X12Y236,SLICEM.B5LUT,8'hE8
u_dut/u_pc1/pc4_r2_4_reg[0],FDRE,SLICE_X11Y236,SLICEL.BFF,1'b0
u_dut/u_pc1/pc4_r2_4_reg[1],FDRE,SLICE_X11Y236,SLICEL.A5FF,1'b0
u_dut/u_pc1/pc4_r2_4_reg[2],FDRE,SLICE_X12Y236,SLICEM.CFF,1'b0
u_dut/u_pc1/pc4_r2_4_reg[3],FDRE,SLICE_X13Y236,SLICEL.BFF,1'b0
u_dut/u_pc1/pc4_r2_4_reg[4],FDRE,SLICE_X13Y236,SLICEL.CFF,1'b0
u_dut/u_pc1/pc4_r2_5[0]_i_1,LUT4,SLICE_X19Y237,SLICEL.B6LUT,16'h6996
u_dut/u_pc1/pc4_r2_5[1]_i_1,LUT5,SLICE_X19Y237,SLICEL.C6LUT,32'h81177EE8
u_dut/u_pc1/pc4_r2_5[1]_i_2,LUT4,SLICE_X18Y235,SLICEM.B6LUT,16'h6996
u_dut/u_pc1/pc4_r2_5[2]_i_1,LUT6,SLICE_X18Y235,SLICEM.C6LUT,64'h9669699666666666
u_dut/u_pc1/pc4_r2_5[2]_i_2,LUT5,SLICE_X19Y237,SLICEL.C5LUT,32'hFEE88000
u_dut/u_pc1/pc4_r2_5[2]_i_3,LUT5,SLICE_X18Y234,SLICEM.D6LUT,32'h96696996
u_dut/u_pc1/pc4_r2_5[3]_i_1,LUT6,SLICE_X18Y234,SLICEM.B6LUT,64'hA99595569556566A
u_dut/u_pc1/pc4_r2_5[4]_i_1,LUT6,SLICE_X18Y234,SLICEM.C6LUT,64'hFEEAEAA8EAA8A880
u_dut/u_pc1/pc4_r2_5[4]_i_2,LUT6,SLICE_X18Y235,SLICEM.D6LUT,64'hEBBEAAAA82280000
u_dut/u_pc1/pc4_r2_5[4]_i_3,LUT3,SLICE_X18Y235,SLICEM.B5LUT,8'hE8
u_dut/u_pc1/pc4_r2_5_reg[0],FDRE,SLICE_X19Y237,SLICEL.BFF,1'b0
u_dut/u_pc1/pc4_r2_5_reg[1],FDRE,SLICE_X12Y239,SLICEM.AFF,1'b0
u_dut/u_pc1/pc4_r2_5_reg[2],FDRE,SLICE_X18Y235,SLICEM.CFF,1'b0
u_dut/u_pc1/pc4_r2_5_reg[3],FDRE,SLICE_X18Y234,SLICEM.BFF,1'b0
u_dut/u_pc1/pc4_r2_5_reg[4],FDRE,SLICE_X18Y234,SLICEM.CFF,1'b0
u_dut/u_pc1/pc4_r2_6[0]_i_1,LUT4,SLICE_X15Y241,SLICEL.B6LUT,16'h6996
u_dut/u_pc1/pc4_r2_6[1]_i_1,LUT5,SLICE_X15Y241,SLICEL.C6LUT,32'h81177EE8
u_dut/u_pc1/pc4_r2_6[1]_i_2,LUT4,SLICE_X15Y242,SLICEL.C6LUT,16'h6996
u_dut/u_pc1/pc4_r2_6[2]_i_1,LUT6,SLICE_X14Y242,SLICEM.C6LUT,64'h9669699666666666
u_dut/u_pc1/pc4_r2_6[2]_i_2,LUT5,SLICE_X15Y241,SLICEL.C5LUT,32'hFEE88000
u_dut/u_pc1/pc4_r2_6[2]_i_3,LUT5,SLICE_X18Y242,SLICEM.D6LUT,32'h96696996
u_dut/u_pc1/pc4_r2_6[3]_i_1,LUT6,SLICE_X18Y242,SLICEM.B6LUT,64'hA99595569556566A
u_dut/u_pc1/pc4_r2_6[4]_i_1,LUT6,SLICE_X18Y242,SLICEM.C6LUT,64'hFEEAEAA8EAA8A880
u_dut/u_pc1/pc4_r2_6[4]_i_2,LUT6,SLICE_X14Y242,SLICEM.D6LUT,64'hEBBEAAAA82280000
u_dut/u_pc1/pc4_r2_6[4]_i_3,LUT3,SLICE_X15Y242,SLICEL.C5LUT,8'hE8
u_dut/u_pc1/pc4_r2_6_reg[0],FDRE,SLICE_X15Y241,SLICEL.BFF,1'b0
u_dut/u_pc1/pc4_r2_6_reg[1],FDRE,SLICE_X12Y240,SLICEM.BFF,1'b0
u_dut/u_pc1/pc4_r2_6_reg[2],FDRE,SLICE_X14Y242,SLICEM.CFF,1'b0
u_dut/u_pc1/pc4_r2_6_reg[3],FDRE,SLICE_X18Y242,SLICEM.BFF,1'b0
u_dut/u_pc1/pc4_r2_6_reg[4],FDRE,SLICE_X18Y242,SLICEM.CFF,1'b0
u_dut/u_pc1/pc4_r2_7[0]_i_1,LUT4,SLICE_X11Y237,SLICEL.A6LUT,16'h6996
u_dut/u_pc1/pc4_r2_7[1]_i_1,LUT5,SLICE_X11Y237,SLICEL.B6LUT,32'h81177EE8
u_dut/u_pc1/pc4_r2_7[1]_i_2,LUT4,SLICE_X11Y237,SLICEL.C6LUT,16'h6996
u_dut/u_pc1/pc4_r2_7[2]_i_1,LUT6,SLICE_X11Y238,SLICEL.A6LUT,64'h9669699666666666
u_dut/u_pc1/pc4_r2_7[2]_i_2,LUT5,SLICE_X11Y237,SLICEL.B5LUT,32'hFEE88000
u_dut/u_pc1/pc4_r2_7[2]_i_3,LUT5,SLICE_X11Y238,SLICEL.D6LUT,32'h96696996
u_dut/u_pc1/pc4_r2_7[3]_i_1,LUT6,SLICE_X11Y238,SLICEL.B6LUT,64'hA99595569556566A
u_dut/u_pc1/pc4_r2_7[4]_i_1,LUT6,SLICE_X11Y238,SLICEL.C6LUT,64'hFEEAEAA8EAA8A880
u_dut/u_pc1/pc4_r2_7[4]_i_2,LUT6,SLICE_X11Y237,SLICEL.D6LUT,64'hEBBEAAAA82280000
u_dut/u_pc1/pc4_r2_7[4]_i_3,LUT3,SLICE_X11Y237,SLICEL.C5LUT,8'hE8
u_dut/u_pc1/pc4_r2_7_reg[0],FDRE,SLICE_X11Y237,SLICEL.AFF,1'b0
u_dut/u_pc1/pc4_r2_7_reg[1],FDRE,SLICE_X11Y237,SLICEL.A5FF,1'b0
u_dut/u_pc1/pc4_r2_7_reg[2],FDRE,SLICE_X11Y238,SLICEL.AFF,1'b0
u_dut/u_pc1/pc4_r2_7_reg[3],FDRE,SLICE_X11Y238,SLICEL.BFF,1'b0
u_dut/u_pc1/pc4_r2_7_reg[4],FDRE,SLICE_X11Y238,SLICEL.CFF,1'b0
u_dut/u_pc1/pc4_r2_8[0]_i_1,LUT2,SLICE_X24Y245,SLICEL.C6LUT,4'h6
u_dut/u_pc1/pc4_r2_8[1]_i_1,LUT4,SLICE_X24Y245,SLICEL.C5LUT,16'h8778
u_dut/u_pc1/pc4_r2_8[2]_i_1,LUT5,SLICE_X25Y245,SLICEL.D6LUT,32'h077FF880
u_dut/u_pc1/pc4_r2_8[3]_i_1,LUT5,SLICE_X25Y245,SLICEL.D5LUT,32'hAA808000
u_dut/u_pc1/pc4_r2_8_reg[0],FDRE,SLICE_X24Y245,SLICEL.CFF,1'b0
u_dut/u_pc1/pc4_r2_8_reg[1],FDRE,SLICE_X24Y245,SLICEL.C5FF,1'b0
u_dut/u_pc1/pc4_r2_8_reg[2],FDRE,SLICE_X25Y245,SLICEL.DFF,1'b0
u_dut/u_pc1/pc4_r2_8_reg[3],FDRE,SLICE_X25Y245,SLICEL.D5FF,1'b0
u_dut/u_pc1/pc4_r4_0[3]_i_2,LUT5,SLICE_X17Y241,SLICEL.B6LUT,32'hEEE8E888
u_dut/u_pc1/pc4_r4_0[3]_i_3,LUT5,SLICE_X17Y241,SLICEL.B5LUT,32'hE81717E8
u_dut/u_pc1/pc4_r4_0[3]_i_4,LUT4,SLICE_X17Y241,SLICEL.C6LUT,16'h6996
u_dut/u_pc1/pc4_r4_0[3]_i_5,LUT6,SLICE_X16Y241,SLICEM.D6LUT,64'h6969699669969696
u_dut/u_pc1/pc4_r4_0[3]_i_6,LUT6,SLICE_X16Y241,SLICEM.C6LUT,64'h6999999699969666
u_dut/u_pc1/pc4_r4_0[3]_i_7,LUT4,SLICE_X16Y241,SLICEM.B6LUT,16'h566A
u_dut/u_pc1/pc4_r4_0[3]_i_8,LUT4,SLICE_X16Y241,SLICEM.A6LUT,16'h6996
u_dut/u_pc1/pc4_r4_0[3]_i_9,LUT3,SLICE_X17Y241,SLICEL.A6LUT,8'h96
u_dut/u_pc1/pc4_r4_0[6]_i_2,LUT5,SLICE_X17Y242,SLICEL.C6LUT,32'hEEE8E888
u_dut/u_pc1/pc4_r4_0[6]_i_3,LUT5,SLICE_X17Y241,SLICEL.A5LUT,32'hEEE8E888
u_dut/u_pc1/pc4_r4_0[6]_i_4,LUT5,SLICE_X16Y242,SLICEM.B6LUT,32'h177E7EE8
u_dut/u_pc1/pc4_r4_0[6]_i_5,LUT6,SLICE_X16Y242,SLICEM.A6LUT,64'h6969699669969696
u_dut/u_pc1/pc4_r4_0[6]_i_6,LUT3,SLICE_X17Y242,SLICEL.D6LUT,8'h96
u_dut/u_pc1/pc4_r4_0[6]_i_7,LUT3,SLICE_X17Y242,SLICEL.B6LUT,8'h96
u_dut/u_pc1/pc4_r4_0[6]_i_8,LUT3,SLICE_X17Y242,SLICEL.B5LUT,8'hE8
u_dut/u_pc1/pc4_r4_0_reg[0],FDRE,SLICE_X16Y241,SLICEM.AFF,1'b0
u_dut/u_pc1/pc4_r4_0_reg[1],FDRE,SLICE_X16Y241,SLICEM.BFF,1'b0
u_dut/u_pc1/pc4_r4_0_reg[2],FDRE,SLICE_X16Y241,SLICEM.CFF,1'b0
u_dut/u_pc1/pc4_r4_0_reg[3],FDRE,SLICE_X16Y241,SLICEM.DFF,1'b0
u_dut/u_pc1/pc4_r4_0_reg[3]_i_1,CARRY4,SLICE_X16Y241,SLICEM.CARRY4,
u_dut/u_pc1/pc4_r4_0_reg[4],FDRE,SLICE_X16Y242,SLICEM.AFF,1'b0
u_dut/u_pc1/pc4_r4_0_reg[5],FDRE,SLICE_X16Y242,SLICEM.BFF,1'b0
u_dut/u_pc1/pc4_r4_0_reg[6],FDRE,SLICE_X16Y242,SLICEM.CFF,1'b0
u_dut/u_pc1/pc4_r4_0_reg[6]_i_1,CARRY4,SLICE_X16Y242,SLICEM.CARRY4,
u_dut/u_pc1/pc4_r4_1[3]_i_2,LUT5,SLICE_X12Y239,SLICEM.B6LUT,32'hEEE8E888
u_dut/u_pc1/pc4_r4_1[3]_i_3,LUT5,SLICE_X12Y239,SLICEM.B5LUT,32'hE81717E8
u_dut/u_pc1/pc4_r4_1[3]_i_4,LUT4,SLICE_X12Y239,SLICEM.C6LUT,16'h6996
u_dut/u_pc1/pc4_r4_1[3]_i_5,LUT6,SLICE_X13Y239,SLICEL.D6LUT,64'h6969699669969696
u_dut/u_pc1/pc4_r4_1[3]_i_6,LUT6,SLICE_X13Y239,SLICEL.C6LUT,64'h6999999699969666
u_dut/u_pc1/pc4_r4_1[3]_i_7,LUT4,SLICE_X13Y239,SLICEL.B6LUT,16'h566A
u_dut/u_pc1/pc4_r4_1[3]_i_8,LUT4,SLICE_X13Y239,SLICEL.A6LUT,16'h6996
u_dut/u_pc1/pc4_r4_1[3]_i_9,LUT3,SLICE_X12Y239,SLICEM.A6LUT,8'h96
u_dut/u_pc1/pc4_r4_1[6]_i_2,LUT5,SLICE_X12Y240,SLICEM.B6LUT,32'hEEE8E888
u_dut/u_pc1/pc4_r4_1[6]_i_3,LUT5,SLICE_X12Y239,SLICEM.A5LUT,32'hEEE8E888
u_dut/u_pc1/pc4_r4_1[6]_i_4,LUT5,SLICE_X13Y240,SLICEL.B6LUT,32'h177E7EE8
u_dut/u_pc1/pc4_r4_1[6]_i_5,LUT6,SLICE_X13Y240,SLICEL.A6LUT,64'h6969699669969696
u_dut/u_pc1/pc4_r4_1[6]_i_6,LUT3,SLICE_X12Y240,SLICEM.C6LUT,8'h96
u_dut/u_pc1/pc4_r4_1[6]_i_7,LUT3,SLICE_X12Y240,SLICEM.A6LUT,8'h96
u_dut/u_pc1/pc4_r4_1[6]_i_8,LUT3,SLICE_X12Y240,SLICEM.A5LUT,8'hE8
u_dut/u_pc1/pc4_r4_1_reg[0],FDRE,SLICE_X13Y239,SLICEL.AFF,1'b0
u_dut/u_pc1/pc4_r4_1_reg[1],FDRE,SLICE_X13Y239,SLICEL.BFF,1'b0
u_dut/u_pc1/pc4_r4_1_reg[2],FDRE,SLICE_X13Y239,SLICEL.CFF,1'b0
u_dut/u_pc1/pc4_r4_1_reg[3],FDRE,SLICE_X13Y239,SLICEL.DFF,1'b0
u_dut/u_pc1/pc4_r4_1_reg[3]_i_1,CARRY4,SLICE_X13Y239,SLICEL.CARRY4,
u_dut/u_pc1/pc4_r4_1_reg[4],FDRE,SLICE_X13Y240,SLICEL.AFF,1'b0
u_dut/u_pc1/pc4_r4_1_reg[5],FDRE,SLICE_X13Y240,SLICEL.BFF,1'b0
u_dut/u_pc1/pc4_r4_1_reg[6],FDRE,SLICE_X13Y240,SLICEL.CFF,1'b0
u_dut/u_pc1/pc4_r4_1_reg[6]_i_1,CARRY4,SLICE_X13Y240,SLICEL.CARRY4,
u_dut/u_pc1/pc4_r4_2_reg[0],FDRE,SLICE_X24Y245,SLICEL.DFF,1'b0
u_dut/u_pc1/pc4_r4_2_reg[1],FDRE,SLICE_X20Y243,SLICEM.A5FF,1'b0
u_dut/u_pc1/pc4_r4_2_reg[2],FDRE,SLICE_X25Y245,SLICEL.A5FF,1'b0
u_dut/u_pc1/pc4_r4_2_reg[3],FDRE,SLICE_X25Y245,SLICEL.B5FF,1'b0
u_dut/u_pc1/pc4_r6_0[3]_i_2,LUT3,SLICE_X15Y239,SLICEL.C5LUT,8'hE8
u_dut/u_pc1/pc4_r6_0[3]_i_3,LUT3,SLICE_X15Y239,SLICEL.B5LUT,8'hE8
u_dut/u_pc1/pc4_r6_0[3]_i_4,LUT3,SLICE_X15Y239,SLICEL.A5LUT,8'hE8
u_dut/u_pc1/pc4_r6_0[3]_i_5,LUT4,SLICE_X15Y239,SLICEL.D6LUT,16'h6996
u_dut/u_pc1/pc4_r6_0[3]_i_6,LUT4,SLICE_X15Y239,SLICEL.C6LUT,16'h6996
u_dut/u_pc1/pc4_r6_0[3]_i_7,LUT4,SLICE_X15Y239,SLICEL.B6LUT,16'h6996
u_dut/u_pc1/pc4_r6_0[3]_i_8,LUT3,SLICE_X15Y239,SLICEL.A6LUT,8'h96
u_dut/u_pc1/pc4_r6_0[7]_i_2,LUT2,SLICE_X15Y240,SLICEL.C5LUT,4'h8
u_dut/u_pc1/pc4_r6_0[7]_i_3,LUT2,SLICE_X15Y240,SLICEL.B5LUT,4'h8
u_dut/u_pc1/pc4_r6_0[7]_i_4,LUT3,SLICE_X15Y240,SLICEL.A5LUT,8'hE8
u_dut/u_pc1/pc4_r6_0[7]_i_5,LUT2,SLICE_X15Y240,SLICEL.D6LUT,4'h8
u_dut/u_pc1/pc4_r6_0[7]_i_6,LUT4,SLICE_X15Y240,SLICEL.C6LUT,16'h8778
u_dut/u_pc1/pc4_r6_0[7]_i_7,LUT4,SLICE_X15Y240,SLICEL.B6LUT,16'h8778
u_dut/u_pc1/pc4_r6_0[7]_i_8,LUT5,SLICE_X15Y240,SLICEL.A6LUT,32'hE81717E8
u_dut/u_pc1/pc4_r6_0_reg[0],FDRE,SLICE_X15Y239,SLICEL.AFF,1'b0
u_dut/u_pc1/pc4_r6_0_reg[1],FDRE,SLICE_X15Y239,SLICEL.BFF,1'b0
u_dut/u_pc1/pc4_r6_0_reg[2],FDRE,SLICE_X15Y239,SLICEL.CFF,1'b0
u_dut/u_pc1/pc4_r6_0_reg[3],FDRE,SLICE_X15Y239,SLICEL.DFF,1'b0
u_dut/u_pc1/pc4_r6_0_reg[3]_i_1,CARRY4,SLICE_X15Y239,SLICEL.CARRY4,
u_dut/u_pc1/pc4_r6_0_reg[4],FDRE,SLICE_X15Y240,SLICEL.AFF,1'b0
u_dut/u_pc1/pc4_r6_0_reg[5],FDRE,SLICE_X15Y240,SLICEL.BFF,1'b0
u_dut/u_pc1/pc4_r6_0_reg[6],FDRE,SLICE_X15Y240,SLICEL.CFF,1'b0
u_dut/u_pc1/pc4_r6_0_reg[7],FDRE,SLICE_X15Y240,SLICEL.DFF,1'b0
u_dut/u_pc1/pc4_r6_0_reg[7]_i_1,CARRY4,SLICE_X15Y240,SLICEL.CARRY4,
u_dut/u_pc1/y[0]_i_1,LUT5,SLICE_X30Y238,SLICEL.A6LUT,32'h0A0A0F0C
u_dut/u_pc1/y[0]_i_10,LUT4,SLICE_X31Y239,SLICEL.B6LUT,16'h9009
u_dut/u_pc1/y[0]_i_11,LUT4,SLICE_X31Y239,SLICEL.A6LUT,16'h9009
u_dut/u_pc1/y[0]_i_12,LUT4,SLICE_X45Y238,SLICEL.D5LUT,16'h2F02
u_dut/u_pc1/y[0]_i_13,LUT4,SLICE_X45Y238,SLICEL.C5LUT,16'h2F02
u_dut/u_pc1/y[0]_i_14,LUT4,SLICE_X45Y238,SLICEL.B5LUT,16'h2F02
u_dut/u_pc1/y[0]_i_15,LUT4,SLICE_X45Y238,SLICEL.A5LUT,16'h2F02
u_dut/u_pc1/y[0]_i_16,LUT4,SLICE_X45Y238,SLICEL.D6LUT,16'h9009
u_dut/u_pc1/y[0]_i_17,LUT4,SLICE_X45Y238,SLICEL.C6LUT,16'h9009
u_dut/u_pc1/y[0]_i_18,LUT4,SLICE_X45Y238,SLICEL.B6LUT,16'h9009
u_dut/u_pc1/y[0]_i_19,LUT4,SLICE_X45Y238,SLICEL.A6LUT,16'h9009
u_dut/u_pc1/y[0]_i_4,LUT4,SLICE_X31Y239,SLICEL.D5LUT,16'h2F02
u_dut/u_pc1/y[0]_i_5,LUT4,SLICE_X31Y239,SLICEL.C5LUT,16'h2F02
u_dut/u_pc1/y[0]_i_6,LUT4,SLICE_X31Y239,SLICEL.B5LUT,16'h2F02
u_dut/u_pc1/y[0]_i_7,LUT4,SLICE_X31Y239,SLICEL.A5LUT,16'h2F02
u_dut/u_pc1/y[0]_i_8,LUT4,SLICE_X31Y239,SLICEL.D6LUT,16'h9009
u_dut/u_pc1/y[0]_i_9,LUT4,SLICE_X31Y239,SLICEL.C6LUT,16'h9009
u_dut/u_pc1/y[1]_i_1,LUT3,SLICE_X30Y238,SLICEL.A5LUT,8'h0E
u_dut/u_pc1/y[1]_i_10,LUT6,SLICE_X33Y238,SLICEL.B6LUT,64'hE21D00000000E21D
u_dut/u_pc1/y[1]_i_11,LUT6,SLICE_X33Y238,SLICEL.A6LUT,64'hE21D00000000E21D
u_dut/u_pc1/y[1]_i_12,LUT6,SLICE_X35Y238,SLICEL.B6LUT,64'h2F222FFF02000222
u_dut/u_pc1/y[1]_i_13,LUT6,SLICE_X32Y237,SLICEL.C6LUT,64'h2F222FFF02000222
u_dut/u_pc1/y[1]_i_14,LUT6,SLICE_X35Y238,SLICEL.C6LUT,64'h2F222FFF02000222
u_dut/u_pc1/y[1]_i_15,LUT6,SLICE_X35Y238,SLICEL.D6LUT,64'h2F222FFF02000222
u_dut/u_pc1/y[1]_i_16,LUT6,SLICE_X34Y238,SLICEL.D6LUT,64'hE21D00000000E21D
u_dut/u_pc1/y[1]_i_17,LUT6,SLICE_X34Y238,SLICEL.C6LUT,64'hE21D00000000E21D
u_dut/u_pc1/y[1]_i_18,LUT6,SLICE_X34Y238,SLICEL.B6LUT,64'hE21D00000000E21D
u_dut/u_pc1/y[1]_i_19,LUT6,SLICE_X34Y238,SLICEL.A6LUT,64'hE21D00000000E21D
u_dut/u_pc1/y[1]_i_4,LUT6,SLICE_X32Y238,SLICEL.B6LUT,64'h2F222FFF02000222
u_dut/u_pc1/y[1]_i_5,LUT6,SLICE_X33Y237,SLICEL.B6LUT,64'h2F222FFF02000222
u_dut/u_pc1/y[1]_i_6,LUT6,SLICE_X33Y237,SLICEL.C6LUT,64'h2F222FFF02000222
u_dut/u_pc1/y[1]_i_7,LUT6,SLICE_X33Y237,SLICEL.D6LUT,64'h2F222FFF02000222
u_dut/u_pc1/y[1]_i_8,LUT6,SLICE_X33Y238,SLICEL.D6LUT,64'hE21D00000000E21D
u_dut/u_pc1/y[1]_i_9,LUT6,SLICE_X33Y238,SLICEL.C6LUT,64'hE21D00000000E21D
u_dut/u_pc1/y[2]_i_10,LUT6,SLICE_X32Y238,SLICEL.C6LUT,64'hF0F0E2E2FF00E2E2
u_dut/u_pc1/y[2]_i_11,LUT6,SLICE_X32Y238,SLICEL.D6LUT,64'hF0F0E2E2FF00E2E2
u_dut/u_pc1/y[2]_i_12,LUT6,SLICE_X30Y238,SLICEL.B6LUT,64'hF0F0E2E2FF00E2E2
u_dut/u_pc1/y[2]_i_13,LUT6,SLICE_X30Y238,SLICEL.C6LUT,64'hF0F0E2E2FF00E2E2
u_dut/u_pc1/y[2]_i_14,LUT6,SLICE_X31Y238,SLICEL.A6LUT,64'hF0F0E2E2FF00E2E2
u_dut/u_pc1/y[2]_i_15,LUT6,SLICE_X31Y238,SLICEL.B6LUT,64'hF0F0E2E2FF00E2E2
u_dut/u_pc1/y[2]_i_16,LUT6,SLICE_X31Y238,SLICEL.C6LUT,64'hF0F0E2E2FF00E2E2
u_dut/u_pc1/y[2]_i_17,LUT6,SLICE_X31Y238,SLICEL.D6LUT,64'hF0F0E2E2FF00E2E2
u_dut/u_pc1/y[2]_i_18,LUT3,SLICE_X45Y237,SLICEL.A6LUT,8'hB8
u_dut/u_pc1/y[2]_i_19,LUT3,SLICE_X32Y238,SLICEL.A6LUT,8'hB8
u_dut/u_pc1/y[2]_i_2,LUT4,SLICE_X29Y238,SLICEL.D5LUT,16'h4F04
u_dut/u_pc1/y[2]_i_20,LUT3,SLICE_X45Y237,SLICEL.A5LUT,8'hB8
u_dut/u_pc1/y[2]_i_21,LUT3,SLICE_X32Y238,SLICEL.A5LUT,8'hB8
u_dut/u_pc1/y[2]_i_22,LUT3,SLICE_X45Y237,SLICEL.B6LUT,8'hB8
u_dut/u_pc1/y[2]_i_23,LUT3,SLICE_X35Y238,SLICEL.A6LUT,8'hB8
u_dut/u_pc1/y[2]_i_24,LUT3,SLICE_X45Y237,SLICEL.B5LUT,8'hB8
u_dut/u_pc1/y[2]_i_25,LUT3,SLICE_X35Y238,SLICEL.A5LUT,8'hB8
u_dut/u_pc1/y[2]_i_3,LUT4,SLICE_X29Y238,SLICEL.C5LUT,16'h4F04
u_dut/u_pc1/y[2]_i_4,LUT4,SLICE_X29Y238,SLICEL.B5LUT,16'h4F04
u_dut/u_pc1/y[2]_i_5,LUT4,SLICE_X29Y238,SLICEL.A5LUT,16'h4F04
u_dut/u_pc1/y[2]_i_6,LUT4,SLICE_X29Y238,SLICEL.D6LUT,16'h8241
u_dut/u_pc1/y[2]_i_7,LUT4,SLICE_X29Y238,SLICEL.C6LUT,16'h8241
u_dut/u_pc1/y[2]_i_8,LUT4,SLICE_X29Y238,SLICEL.B6LUT,16'h8241
u_dut/u_pc1/y[2]_i_9,LUT4,SLICE_X29Y238,SLICEL.A6LUT,16'h8241
u_dut/u_pc1/y_reg[0],FDRE,SLICE_X30Y238,SLICEL.AFF,1'b0
u_dut/u_pc1/y_reg[0]_i_2,CARRY4,SLICE_X31Y239,SLICEL.CARRY4,
u_dut/u_pc1/y_reg[0]_i_3,CARRY4,SLICE_X45Y238,SLICEL.CARRY4,
u_dut/u_pc1/y_reg[1],FDRE,SLICE_X30Y238,SLICEL.A5FF,1'b0
u_dut/u_pc1/y_reg[1]_i_2,CARRY4,SLICE_X33Y238,SLICEL.CARRY4,
u_dut/u_pc1/y_reg[1]_i_3,CARRY4,SLICE_X34Y238,SLICEL.CARRY4,
u_dut/u_pc1/y_reg[2],FDRE,SLICE_X29Y238,SLICEL.DFF,1'b0
u_dut/u_pc1/y_reg[2]_i_1,CARRY4,SLICE_X29Y238,SLICEL.CARRY4,
u_dut/u_pc2/GND,GND,,,
u_dut/u_pc2/VCC,VCC,,,
u_dut/u_pc2/pc0_a0[0]_i_1,LUT6,SLICE_X61Y227,SLICEL.C6LUT,64'h6996966996696996
u_dut/u_pc2/pc0_a0[1]_i_1,LUT6,SLICE_X59Y226,SLICEL.A6LUT,64'h8117177E177E7EE8
u_dut/u_pc2/pc0_a0[2]_i_1,LUT6,SLICE_X61Y226,SLICEL.A6LUT,64'hFEE8E880E8808000
u_dut/u_pc2/pc0_a0_reg[0],FDRE,SLICE_X61Y227,SLICEL.CFF,1'b0
u_dut/u_pc2/pc0_a0_reg[1],FDRE,SLICE_X59Y226,SLICEL.AFF,1'b0
u_dut/u_pc2/pc0_a0_reg[2],FDRE,SLICE_X61Y226,SLICEL.AFF,1'b0
u_dut/u_pc2/pc0_a10[0]_i_1,LUT6,SLICE_X52Y232,SLICEM.C6LUT,64'h6996966996696996
u_dut/u_pc2/pc0_a10[1]_i_1,LUT6,SLICE_X54Y234,SLICEM.B6LUT,64'h8117177E177E7EE8
u_dut/u_pc2/pc0_a10[2]_i_1,LUT6,SLICE_X54Y232,SLICEM.A6LUT,64'hFEE8E880E8808000
u_dut/u_pc2/pc0_a10_reg[0],FDRE,SLICE_X52Y232,SLICEM.CFF,1'b0
u_dut/u_pc2/pc0_a10_reg[1],FDRE,SLICE_X54Y234,SLICEM.BFF,1'b0
u_dut/u_pc2/pc0_a10_reg[2],FDRE,SLICE_X54Y232,SLICEM.AFF,1'b0
u_dut/u_pc2/pc0_a11[0]_i_1,LUT6,SLICE_X53Y232,SLICEL.B6LUT,64'h6996966996696996
u_dut/u_pc2/pc0_a11[1]_i_1,LUT6,SLICE_X53Y232,SLICEL.C6LUT,64'h8117177E177E7EE8
u_dut/u_pc2/pc0_a11[2]_i_1,LUT6,SLICE_X53Y232,SLICEL.D6LUT,64'hFEE8E880E8808000
u_dut/u_pc2/pc0_a11_reg[0],FDRE,SLICE_X53Y232,SLICEL.BFF,1'b0
u_dut/u_pc2/pc0_a11_reg[1],FDRE,SLICE_X53Y232,SLICEL.CFF,1'b0
u_dut/u_pc2/pc0_a11_reg[2],FDRE,SLICE_X53Y232,SLICEL.DFF,1'b0
u_dut/u_pc2/pc0_a12[0]_i_1,LUT6,SLICE_X48Y235,SLICEL.C6LUT,64'h6996966996696996
u_dut/u_pc2/pc0_a12[1]_i_1,LUT6,SLICE_X47Y233,SLICEL.A6LUT,64'h8117177E177E7EE8
u_dut/u_pc2/pc0_a12[2]_i_1,LUT6,SLICE_X47Y233,SLICEL.B6LUT,64'hFEE8E880E8808000
u_dut/u_pc2/pc0_a12_reg[0],FDRE,SLICE_X48Y235,SLICEL.CFF,1'b0
u_dut/u_pc2/pc0_a12_reg[1],FDRE,SLICE_X47Y233,SLICEL.AFF,1'b0
u_dut/u_pc2/pc0_a12_reg[2],FDRE,SLICE_X47Y233,SLICEL.BFF,1'b0
u_dut/u_pc2/pc0_a13[0]_i_1,LUT6,SLICE_X46Y231,SLICEM.B6LUT,64'h6996966996696996
u_dut/u_pc2/pc0_a13[1]_i_1,LUT6,SLICE_X46Y232,SLICEM.C6LUT,64'h8117177E177E7EE8
u_dut/u_pc2/pc0_a13[2]_i_1,LUT6,SLICE_X46Y232,SLICEM.D6LUT,64'hFEE8E880E8808000
u_dut/u_pc2/pc0_a13_reg[0],FDRE,SLICE_X46Y231,SLICEM.BFF,1'b0
u_dut/u_pc2/pc0_a13_reg[1],FDRE,SLICE_X46Y232,SLICEM.CFF,1'b0
u_dut/u_pc2/pc0_a13_reg[2],FDRE,SLICE_X46Y232,SLICEM.DFF,1'b0
u_dut/u_pc2/pc0_a14[0]_i_1,LUT6,SLICE_X48Y231,SLICEL.D6LUT,64'h6996966996696996
u_dut/u_pc2/pc0_a14[1]_i_1,LUT6,SLICE_X46Y231,SLICEM.C6LUT,64'h8117177E177E7EE8
u_dut/u_pc2/pc0_a14[2]_i_1,LUT6,SLICE_X46Y231,SLICEM.D6LUT,64'hFEE8E880E8808000
u_dut/u_pc2/pc0_a14_reg[0],FDRE,SLICE_X48Y231,SLICEL.DFF,1'b0
u_dut/u_pc2/pc0_a14_reg[1],FDRE,SLICE_X46Y231,SLICEM.CFF,1'b0
u_dut/u_pc2/pc0_a14_reg[2],FDRE,SLICE_X46Y231,SLICEM.DFF,1'b0
u_dut/u_pc2/pc0_a15[0]_i_1,LUT6,SLICE_X48Y234,SLICEL.B6LUT,64'h6996966996696996
u_dut/u_pc2/pc0_a15[1]_i_1,LUT6,SLICE_X48Y234,SLICEL.C6LUT,64'h8117177E177E7EE8
u_dut/u_pc2/pc0_a15[2]_i_1,LUT6,SLICE_X48Y234,SLICEL.D6LUT,64'hFEE8E880E8808000
u_dut/u_pc2/pc0_a15_reg[0],FDRE,SLICE_X48Y234,SLICEL.BFF,1'b0
u_dut/u_pc2/pc0_a15_reg[1],FDRE,SLICE_X48Y234,SLICEL.CFF,1'b0
u_dut/u_pc2/pc0_a15_reg[2],FDRE,SLICE_X48Y234,SLICEL.DFF,1'b0
u_dut/u_pc2/pc0_a16[0]_i_1,LUT6,SLICE_X50Y229,SLICEM.A6LUT,64'h6996966996696996
u_dut/u_pc2/pc0_a16[1]_i_1,LUT6,SLICE_X50Y226,SLICEM.C6LUT,64'h8117177E177E7EE8
u_dut/u_pc2/pc0_a16[2]_i_1,LUT6,SLICE_X50Y226,SLICEM.D6LUT,64'hFEE8E880E8808000
u_dut/u_pc2/pc0_a16_reg[0],FDRE,SLICE_X50Y229,SLICEM.AFF,1'b0
u_dut/u_pc2/pc0_a16_reg[1],FDRE,SLICE_X50Y226,SLICEM.CFF,1'b0
u_dut/u_pc2/pc0_a16_reg[2],FDRE,SLICE_X50Y226,SLICEM.DFF,1'b0
u_dut/u_pc2/pc0_a17[0]_i_1,LUT6,SLICE_X50Y229,SLICEM.B6LUT,64'h6996966996696996
u_dut/u_pc2/pc0_a17[1]_i_1,LUT6,SLICE_X50Y227,SLICEM.A6LUT,64'h8117177E177E7EE8
u_dut/u_pc2/pc0_a17[2]_i_1,LUT6,SLICE_X51Y227,SLICEL.A6LUT,64'hFEE8E880E8808000
u_dut/u_pc2/pc0_a17_reg[0],FDRE,SLICE_X50Y229,SLICEM.BFF,1'b0
u_dut/u_pc2/pc0_a17_reg[1],FDRE,SLICE_X50Y227,SLICEM.AFF,1'b0
u_dut/u_pc2/pc0_a17_reg[2],FDRE,SLICE_X51Y227,SLICEL.AFF,1'b0
u_dut/u_pc2/pc0_a18[0]_i_1,LUT6,SLICE_X48Y229,SLICEL.D6LUT,64'h6996966996696996
u_dut/u_pc2/pc0_a18[1]_i_1,LUT6,SLICE_X48Y227,SLICEL.C6LUT,64'h8117177E177E7EE8
u_dut/u_pc2/pc0_a18[2]_i_1,LUT6,SLICE_X49Y227,SLICEL.C6LUT,64'hFEE8E880E8808000
u_dut/u_pc2/pc0_a18_reg[0],FDRE,SLICE_X48Y229,SLICEL.DFF,1'b0
u_dut/u_pc2/pc0_a18_reg[1],FDRE,SLICE_X48Y227,SLICEL.CFF,1'b0
u_dut/u_pc2/pc0_a18_reg[2],FDRE,SLICE_X49Y227,SLICEL.CFF,1'b0
u_dut/u_pc2/pc0_a19[0]_i_1,LUT6,SLICE_X49Y229,SLICEL.D6LUT,64'h6996966996696996
u_dut/u_pc2/pc0_a19[1]_i_1,LUT6,SLICE_X49Y227,SLICEL.D6LUT,64'h8117177E177E7EE8
u_dut/u_pc2/pc0_a19[2]_i_1,LUT6,SLICE_X48Y227,SLICEL.D6LUT,64'hFEE8E880E8808000
u_dut/u_pc2/pc0_a19_reg[0],FDRE,SLICE_X49Y229,SLICEL.DFF,1'b0
u_dut/u_pc2/pc0_a19_reg[1],FDRE,SLICE_X49Y227,SLICEL.DFF,1'b0
u_dut/u_pc2/pc0_a19_reg[2],FDRE,SLICE_X48Y227,SLICEL.DFF,1'b0
u_dut/u_pc2/pc0_a1[0]_i_1,LUT6,SLICE_X58Y228,SLICEM.B6LUT,64'h6996966996696996
u_dut/u_pc2/pc0_a1[1]_i_1,LUT6,SLICE_X59Y226,SLICEL.B6LUT,64'h8117177E177E7EE8
u_dut/u_pc2/pc0_a1[2]_i_1,LUT6,SLICE_X59Y226,SLICEL.C6LUT,64'hFEE8E880E8808000
u_dut/u_pc2/pc0_a1_reg[0],FDRE,SLICE_X58Y228,SLICEM.BFF,1'b0
u_dut/u_pc2/pc0_a1_reg[1],FDRE,SLICE_X59Y226,SLICEL.BFF,1'b0
u_dut/u_pc2/pc0_a1_reg[2],FDRE,SLICE_X59Y226,SLICEL.CFF,1'b0
u_dut/u_pc2/pc0_a20[0]_i_1,LUT6,SLICE_X61Y229,SLICEL.C6LUT,64'h6996966996696996
u_dut/u_pc2/pc0_a20[1]_i_1,LUT6,SLICE_X62Y228,SLICEM.C6LUT,64'h8117177E177E7EE8
u_dut/u_pc2/pc0_a20[2]_i_1,LUT6,SLICE_X58Y229,SLICEM.A6LUT,64'hFEE8E880E8808000
u_dut/u_pc2/pc0_a20_reg[0],FDRE,SLICE_X61Y229,SLICEL.CFF,1'b0
u_dut/u_pc2/pc0_a20_reg[1],FDRE,SLICE_X62Y228,SLICEM.CFF,1'b0
u_dut/u_pc2/pc0_a20_reg[2],FDRE,SLICE_X58Y229,SLICEM.AFF,1'b0
u_dut/u_pc2/pc0_a21[0]_i_1,LUT6,SLICE_X60Y230,SLICEL.A6LUT,64'h6996966996696996
u_dut/u_pc2/pc0_a21[1]_i_1,LUT6,SLICE_X62Y229,SLICEM.A6LUT,64'h8117177E177E7EE8
u_dut/u_pc2/pc0_a21[2]_i_1,LUT6,SLICE_X59Y229,SLICEL.A6LUT,64'hFEE8E880E8808000
u_dut/u_pc2/pc0_a21_reg[0],FDRE,SLICE_X60Y230,SLICEL.AFF,1'b0
u_dut/u_pc2/pc0_a21_reg[1],FDRE,SLICE_X62Y229,SLICEM.AFF,1'b0
u_dut/u_pc2/pc0_a21_reg[2],FDRE,SLICE_X59Y229,SLICEL.AFF,1'b0
u_dut/u_pc2/pc0_a22[0]_i_1,LUT6,SLICE_X60Y231,SLICEL.A6LUT,64'h6996966996696996
u_dut/u_pc2/pc0_a22[1]_i_1,LUT6,SLICE_X61Y229,SLICEL.D6LUT,64'h8117177E177E7EE8
u_dut/u_pc2/pc0_a22[2]_i_1,LUT6,SLICE_X57Y229,SLICEL.A6LUT,64'hFEE8E880E8808000
u_dut/u_pc2/pc0_a22_reg[0],FDRE,SLICE_X60Y231,SLICEL.AFF,1'b0
u_dut/u_pc2/pc0_a22_reg[1],FDRE,SLICE_X61Y229,SLICEL.DFF,1'b0
u_dut/u_pc2/pc0_a22_reg[2],FDRE,SLICE_X57Y229,SLICEL.AFF,1'b0
u_dut/u_pc2/pc0_a23[0]_i_1,LUT6,SLICE_X60Y230,SLICEL.B6LUT,64'h6996966996696996
u_dut/u_pc2/pc0_a23[1]_i_1,LUT6,SLICE_X62Y227,SLICEM.B6LUT,64'h8117177E177E7EE8
u_dut/u_pc2/pc0_a23[2]_i_1,LUT6,SLICE_X62Y228,SLICEM.D6LUT,64'hFEE8E880E8808000
u_dut/u_pc2/pc0_a23_reg[0],FDRE,SLICE_X60Y230,SLICEL.BFF,1'b0
u_dut/u_pc2/pc0_a23_reg[1],FDRE,SLICE_X62Y227,SLICEM.BFF,1'b0
u_dut/u_pc2/pc0_a23_reg[2],FDRE,SLICE_X62Y228,SLICEM.DFF,1'b0
u_dut/u_pc2/pc0_a24[0]_i_1,LUT6,SLICE_X50Y230,SLICEM.C6LUT,64'h6996966996696996
u_dut/u_pc2/pc0_a24[1]_i_1,LUT6,SLICE_X52Y230,SLICEM.D6LUT,64'h8117177E177E7EE8
u_dut/u_pc2/pc0_a24[2]_i_1,LUT6,SLICE_X50Y230,SLICEM.D6LUT,64'hFEE8E880E8808000
u_dut/u_pc2/pc0_a24_reg[0],FDRE,SLICE_X50Y230,SLICEM.CFF,1'b0
u_dut/u_pc2/pc0_a24_reg[1],FDRE,SLICE_X52Y230,SLICEM.DFF,1'b0
u_dut/u_pc2/pc0_a24_reg[2],FDRE,SLICE_X50Y230,SLICEM.DFF,1'b0
u_dut/u_pc2/pc0_a25[0]_i_1,LUT6,SLICE_X53Y231,SLICEL.A6LUT,64'h6996966996696996
u_dut/u_pc2/pc0_a25[1]_i_1,LUT6,SLICE_X54Y230,SLICEM.A6LUT,64'h8117177E177E7EE8
u_dut/u_pc2/pc0_a25[2]_i_1,LUT6,SLICE_X55Y231,SLICEL.A6LUT,64'hFEE8E880E8808000
u_dut/u_pc2/pc0_a25_reg[0],FDRE,SLICE_X53Y231,SLICEL.AFF,1'b0
u_dut/u_pc2/pc0_a25_reg[1],FDRE,SLICE_X54Y230,SLICEM.AFF,1'b0
u_dut/u_pc2/pc0_a25_reg[2],FDRE,SLICE_X55Y231,SLICEL.AFF,1'b0
u_dut/u_pc2/pc0_a26[0]_i_1,LUT6,SLICE_X52Y231,SLICEM.C6LUT,64'h6996966996696996
u_dut/u_pc2/pc0_a26[1]_i_1,LUT6,SLICE_X51Y230,SLICEL.C6LUT,64'h8117177E177E7EE8
u_dut/u_pc2/pc0_a26[2]_i_1,LUT6,SLICE_X51Y230,SLICEL.D6LUT,64'hFEE8E880E8808000
u_dut/u_pc2/pc0_a26_reg[0],FDRE,SLICE_X52Y231,SLICEM.CFF,1'b0
u_dut/u_pc2/pc0_a26_reg[1],FDRE,SLICE_X51Y230,SLICEL.CFF,1'b0
u_dut/u_pc2/pc0_a26_reg[2],FDRE,SLICE_X51Y230,SLICEL.DFF,1'b0
u_dut/u_pc2/pc0_a27[0]_i_1,LUT6,SLICE_X53Y231,SLICEL.B6LUT,64'h6996966996696996
u_dut/u_pc2/pc0_a27[1]_i_1,LUT6,SLICE_X54Y230,SLICEM.B6LUT,64'h8117177E177E7EE8
u_dut/u_pc2/pc0_a27[2]_i_1,LUT6,SLICE_X54Y230,SLICEM.C6LUT,64'hFEE8E880E8808000
u_dut/u_pc2/pc0_a27_reg[0],FDRE,SLICE_X53Y231,SLICEL.BFF,1'b0
u_dut/u_pc2/pc0_a27_reg[1],FDRE,SLICE_X54Y230,SLICEM.BFF,1'b0
u_dut/u_pc2/pc0_a27_reg[2],FDRE,SLICE_X54Y230,SLICEM.CFF,1'b0
u_dut/u_pc2/pc0_a28[0]_i_1,LUT6,SLICE_X64Y226,SLICEL.A6LUT,64'h6996966996696996
u_dut/u_pc2/pc0_a28[1]_i_1,LUT6,SLICE_X64Y226,SLICEL.B6LUT,64'h8117177E177E7EE8
u_dut/u_pc2/pc0_a28[2]_i_1,LUT6,SLICE_X64Y226,SLICEL.C6LUT,64'hFEE8E880E8808000
u_dut/u_pc2/pc0_a28_reg[0],FDRE,SLICE_X64Y226,SLICEL.AFF,1'b0
u_dut/u_pc2/pc0_a28_reg[1],FDRE,SLICE_X64Y226,SLICEL.BFF,1'b0
u_dut/u_pc2/pc0_a28_reg[2],FDRE,SLICE_X64Y226,SLICEL.CFF,1'b0
u_dut/u_pc2/pc0_a29[0]_i_1,LUT6,SLICE_X65Y225,SLICEL.A6LUT,64'h6996966996696996
u_dut/u_pc2/pc0_a29[1]_i_1,LUT6,SLICE_X65Y225,SLICEL.B6LUT,64'h8117177E177E7EE8
u_dut/u_pc2/pc0_a29[2]_i_1,LUT6,SLICE_X64Y225,SLICEL.B6LUT,64'hFEE8E880E8808000
u_dut/u_pc2/pc0_a29_reg[0],FDRE,SLICE_X65Y225,SLICEL.AFF,1'b0
u_dut/u_pc2/pc0_a29_reg[1],FDRE,SLICE_X65Y225,SLICEL.BFF,1'b0
u_dut/u_pc2/pc0_a29_reg[2],FDRE,SLICE_X64Y225,SLICEL.BFF,1'b0
u_dut/u_pc2/pc0_a2[0]_i_1,LUT6,SLICE_X61Y224,SLICEL.A6LUT,64'h6996966996696996
u_dut/u_pc2/pc0_a2[1]_i_1,LUT6,SLICE_X61Y224,SLICEL.B6LUT,64'h8117177E177E7EE8
u_dut/u_pc2/pc0_a2[2]_i_1,LUT6,SLICE_X61Y224,SLICEL.C6LUT,64'hFEE8E880E8808000
u_dut/u_pc2/pc0_a2_reg[0],FDRE,SLICE_X61Y224,SLICEL.AFF,1'b0
u_dut/u_pc2/pc0_a2_reg[1],FDRE,SLICE_X61Y224,SLICEL.BFF,1'b0
u_dut/u_pc2/pc0_a2_reg[2],FDRE,SLICE_X61Y224,SLICEL.CFF,1'b0
u_dut/u_pc2/pc0_a30[0]_i_1,LUT6,SLICE_X65Y227,SLICEL.A6LUT,64'h6996966996696996
u_dut/u_pc2/pc0_a30[1]_i_1,LUT6,SLICE_X65Y226,SLICEL.A6LUT,64'h8117177E177E7EE8
u_dut/u_pc2/pc0_a30[2]_i_1,LUT6,SLICE_X64Y227,SLICEL.A6LUT,64'hFEE8E880E8808000
u_dut/u_pc2/pc0_a30_reg[0],FDRE,SLICE_X65Y227,SLICEL.AFF,1'b0
u_dut/u_pc2/pc0_a30_reg[1],FDRE,SLICE_X65Y226,SLICEL.AFF,1'b0
u_dut/u_pc2/pc0_a30_reg[2],FDRE,SLICE_X64Y227,SLICEL.AFF,1'b0
u_dut/u_pc2/pc0_a31[0]_i_1,LUT6,SLICE_X62Y227,SLICEM.C6LUT,64'h6996966996696996
u_dut/u_pc2/pc0_a31[1]_i_1,LUT6,SLICE_X62Y227,SLICEM.D6LUT,64'h8117177E177E7EE8
u_dut/u_pc2/pc0_a31[2]_i_1,LUT6,SLICE_X63Y228,SLICEL.A6LUT,64'hFEE8E880E8808000
u_dut/u_pc2/pc0_a31_reg[0],FDRE,SLICE_X62Y227,SLICEM.CFF,1'b0
u_dut/u_pc2/pc0_a31_reg[1],FDRE,SLICE_X62Y227,SLICEM.DFF,1'b0
u_dut/u_pc2/pc0_a31_reg[2],FDRE,SLICE_X63Y228,SLICEL.AFF,1'b0
u_dut/u_pc2/pc0_a32[0]_i_1,LUT6,SLICE_X61Y234,SLICEL.A6LUT,64'h6996966996696996
u_dut/u_pc2/pc0_a32[1]_i_1,LUT6,SLICE_X63Y234,SLICEL.A6LUT,64'h8117177E177E7EE8
u_dut/u_pc2/pc0_a32[2]_i_1,LUT6,SLICE_X64Y234,SLICEL.A6LUT,64'hFEE8E880E8808000
u_dut/u_pc2/pc0_a32_reg[0],FDRE,SLICE_X61Y234,SLICEL.AFF,1'b0
u_dut/u_pc2/pc0_a32_reg[1],FDRE,SLICE_X63Y234,SLICEL.AFF,1'b0
u_dut/u_pc2/pc0_a32_reg[2],FDRE,SLICE_X64Y234,SLICEL.AFF,1'b0
u_dut/u_pc2/pc0_a33[0]_i_1,LUT2,SLICE_X60Y234,SLICEL.A6LUT,4'h6
u_dut/u_pc2/pc0_a33[1]_i_1,LUT2,SLICE_X60Y234,SLICEL.A5LUT,4'h8
u_dut/u_pc2/pc0_a33_reg[0],FDRE,SLICE_X60Y234,SLICEL.AFF,1'b0
u_dut/u_pc2/pc0_a33_reg[1],FDRE,SLICE_X60Y234,SLICEL.A5FF,1'b0
u_dut/u_pc2/pc0_a3[0]_i_1,LUT6,SLICE_X59Y228,SLICEL.C6LUT,64'h6996966996696996
u_dut/u_pc2/pc0_a3[1]_i_1,LUT6,SLICE_X59Y228,SLICEL.D6LUT,64'h8117177E177E7EE8
u_dut/u_pc2/pc0_a3[2]_i_1,LUT6,SLICE_X59Y226,SLICEL.D6LUT,64'hFEE8E880E8808000
u_dut/u_pc2/pc0_a3_reg[0],FDRE,SLICE_X59Y228,SLICEL.CFF,1'b0
u_dut/u_pc2/pc0_a3_reg[1],FDRE,SLICE_X59Y228,SLICEL.DFF,1'b0
u_dut/u_pc2/pc0_a3_reg[2],FDRE,SLICE_X59Y226,SLICEL.DFF,1'b0
u_dut/u_pc2/pc0_a4[0]_i_1,LUT6,SLICE_X52Y226,SLICEM.B6LUT,64'h6996966996696996
u_dut/u_pc2/pc0_a4[1]_i_1,LUT6,SLICE_X52Y226,SLICEM.C6LUT,64'h8117177E177E7EE8
u_dut/u_pc2/pc0_a4[2]_i_1,LUT6,SLICE_X52Y227,SLICEM.D6LUT,64'hFEE8E880E8808000
u_dut/u_pc2/pc0_a4_reg[0],FDRE,SLICE_X52Y226,SLICEM.BFF,1'b0
u_dut/u_pc2/pc0_a4_reg[1],FDRE,SLICE_X52Y226,SLICEM.CFF,1'b0
u_dut/u_pc2/pc0_a4_reg[2],FDRE,SLICE_X52Y227,SLICEM.DFF,1'b0
u_dut/u_pc2/pc0_a5[0]_i_1,LUT6,SLICE_X54Y226,SLICEM.D6LUT,64'h6996966996696996
u_dut/u_pc2/pc0_a5[1]_i_1,LUT6,SLICE_X55Y225,SLICEL.A6LUT,64'h8117177E177E7EE8
u_dut/u_pc2/pc0_a5[2]_i_1,LUT6,SLICE_X55Y226,SLICEL.D6LUT,64'hFEE8E880E8808000
u_dut/u_pc2/pc0_a5_reg[0],FDRE,SLICE_X54Y226,SLICEM.DFF,1'b0
u_dut/u_pc2/pc0_a5_reg[1],FDRE,SLICE_X55Y225,SLICEL.AFF,1'b0
u_dut/u_pc2/pc0_a5_reg[2],FDRE,SLICE_X55Y226,SLICEL.DFF,1'b0
u_dut/u_pc2/pc0_a6[0]_i_1,LUT6,SLICE_X57Y226,SLICEL.B6LUT,64'h6996966996696996
u_dut/u_pc2/pc0_a6[1]_i_1,LUT6,SLICE_X55Y225,SLICEL.B6LUT,64'h8117177E177E7EE8
u_dut/u_pc2/pc0_a6[2]_i_1,LUT6,SLICE_X57Y227,SLICEL.A6LUT,64'hFEE8E880E8808000
u_dut/u_pc2/pc0_a6_reg[0],FDRE,SLICE_X57Y226,SLICEL.BFF,1'b0
u_dut/u_pc2/pc0_a6_reg[1],FDRE,SLICE_X55Y225,SLICEL.BFF,1'b0
u_dut/u_pc2/pc0_a6_reg[2],FDRE,SLICE_X57Y227,SLICEL.AFF,1'b0
u_dut/u_pc2/pc0_a7[0]_i_1,LUT6,SLICE_X56Y227,SLICEM.D6LUT,64'h6996966996696996
u_dut/u_pc2/pc0_a7[1]_i_1,LUT6,SLICE_X55Y225,SLICEL.C6LUT,64'h8117177E177E7EE8
u_dut/u_pc2/pc0_a7[2]_i_1,LUT6,SLICE_X55Y227,SLICEL.D6LUT,64'hFEE8E880E8808000
u_dut/u_pc2/pc0_a7_reg[0],FDRE,SLICE_X56Y227,SLICEM.DFF,1'b0
u_dut/u_pc2/pc0_a7_reg[1],FDRE,SLICE_X55Y225,SLICEL.CFF,1'b0
u_dut/u_pc2/pc0_a7_reg[2],FDRE,SLICE_X55Y227,SLICEL.DFF,1'b0
u_dut/u_pc2/pc0_a8[0]_i_1,LUT6,SLICE_X54Y233,SLICEM.A6LUT,64'h6996966996696996
u_dut/u_pc2/pc0_a8[1]_i_1,LUT6,SLICE_X54Y233,SLICEM.B6LUT,64'h8117177E177E7EE8
u_dut/u_pc2/pc0_a8[2]_i_1,LUT6,SLICE_X54Y232,SLICEM.B6LUT,64'hFEE8E880E8808000
u_dut/u_pc2/pc0_a8_reg[0],FDRE,SLICE_X54Y233,SLICEM.AFF,1'b0
u_dut/u_pc2/pc0_a8_reg[1],FDRE,SLICE_X54Y233,SLICEM.BFF,1'b0
u_dut/u_pc2/pc0_a8_reg[2],FDRE,SLICE_X54Y232,SLICEM.BFF,1'b0
u_dut/u_pc2/pc0_a9[0]_i_1,LUT6,SLICE_X51Y232,SLICEL.C6LUT,64'h6996966996696996
u_dut/u_pc2/pc0_a9[1]_i_1,LUT6,SLICE_X52Y233,SLICEM.D6LUT,64'h8117177E177E7EE8
u_dut/u_pc2/pc0_a9[2]_i_1,LUT6,SLICE_X52Y232,SLICEM.D6LUT,64'hFEE8E880E8808000
u_dut/u_pc2/pc0_a9_reg[0],FDRE,SLICE_X51Y232,SLICEL.CFF,1'b0
u_dut/u_pc2/pc0_a9_reg[1],FDRE,SLICE_X52Y233,SLICEM.DFF,1'b0
u_dut/u_pc2/pc0_a9_reg[2],FDRE,SLICE_X52Y232,SLICEM.DFF,1'b0
u_dut/u_pc2/pc0_r2_0[0]_i_1,LUT4,SLICE_X60Y228,SLICEL.C6LUT,16'h6996
u_dut/u_pc2/pc0_r2_0[1]_i_1,LUT5,SLICE_X60Y228,SLICEL.D6LUT,32'h81177EE8
u_dut/u_pc2/pc0_r2_0[1]_i_2,LUT4,SLICE_X60Y226,SLICEL.B6LUT,16'h6996
u_dut/u_pc2/pc0_r2_0[2]_i_1,LUT6,SLICE_X60Y226,SLICEL.C6LUT,64'h9669699666666666
u_dut/u_pc2/pc0_r2_0[2]_i_2,LUT5,SLICE_X60Y228,SLICEL.D5LUT,32'hFEE88000
u_dut/u_pc2/pc0_r2_0[2]_i_3,LUT5,SLICE_X61Y226,SLICEL.D6LUT,32'h96696996
u_dut/u_pc2/pc0_r2_0[3]_i_1,LUT6,SLICE_X61Y226,SLICEL.B6LUT,64'hA99595569556566A
u_dut/u_pc2/pc0_r2_0[4]_i_1,LUT6,SLICE_X61Y226,SLICEL.C6LUT,64'hFEEAEAA8EAA8A880
u_dut/u_pc2/pc0_r2_0[4]_i_2,LUT6,SLICE_X60Y226,SLICEL.D6LUT,64'hEBBEAAAA82280000
u_dut/u_pc2/pc0_r2_0[4]_i_3,LUT3,SLICE_X60Y226,SLICEL.B5LUT,8'hE8
u_dut/u_pc2/pc0_r2_0_reg[0],FDRE,SLICE_X60Y228,SLICEL.CFF,1'b0
u_dut/u_pc2/pc0_r2_0_reg[1],FDRE,SLICE_X58Y230,SLICEM.AFF,1'b0
u_dut/u_pc2/pc0_r2_0_reg[2],FDRE,SLICE_X60Y226,SLICEL.CFF,1'b0
u_dut/u_pc2/pc0_r2_0_reg[3],FDRE,SLICE_X61Y226,SLICEL.BFF,1'b0
u_dut/u_pc2/pc0_r2_0_reg[4],FDRE,SLICE_X61Y226,SLICEL.CFF,1'b0
u_dut/u_pc2/pc0_r2_1[0]_i_1,LUT4,SLICE_X57Y226,SLICEL.C6LUT,16'h6996
u_dut/u_pc2/pc0_r2_1[1]_i_1,LUT5,SLICE_X57Y226,SLICEL.D6LUT,32'h81177EE8
u_dut/u_pc2/pc0_r2_1[1]_i_2,LUT4,SLICE_X57Y225,SLICEL.B6LUT,16'h6996
u_dut/u_pc2/pc0_r2_1[2]_i_1,LUT6,SLICE_X57Y225,SLICEL.C6LUT,64'h9669699666666666
u_dut/u_pc2/pc0_r2_1[2]_i_2,LUT5,SLICE_X57Y226,SLICEL.D5LUT,32'hFEE88000
u_dut/u_pc2/pc0_r2_1[2]_i_3,LUT5,SLICE_X57Y227,SLICEL.D6LUT,32'h96696996
u_dut/u_pc2/pc0_r2_1[3]_i_1,LUT6,SLICE_X57Y227,SLICEL.B6LUT,64'hA99595569556566A
u_dut/u_pc2/pc0_r2_1[4]_i_1,LUT6,SLICE_X57Y227,SLICEL.C6LUT,64'hFEEAEAA8EAA8A880
u_dut/u_pc2/pc0_r2_1[4]_i_2,LUT6,SLICE_X57Y225,SLICEL.D6LUT,64'hEBBEAAAA82280000
u_dut/u_pc2/pc0_r2_1[4]_i_3,LUT3,SLICE_X57Y225,SLICEL.B5LUT,8'hE8
u_dut/u_pc2/pc0_r2_1_reg[0],FDRE,SLICE_X57Y226,SLICEL.CFF,1'b0
u_dut/u_pc2/pc0_r2_1_reg[1],FDRE,SLICE_X58Y231,SLICEM.AFF,1'b0
u_dut/u_pc2/pc0_r2_1_reg[2],FDRE,SLICE_X57Y225,SLICEL.CFF,1'b0
u_dut/u_pc2/pc0_r2_1_reg[3],FDRE,SLICE_X57Y227,SLICEL.BFF,1'b0
u_dut/u_pc2/pc0_r2_1_reg[4],FDRE,SLICE_X57Y227,SLICEL.CFF,1'b0
u_dut/u_pc2/pc0_r2_2[0]_i_1,LUT4,SLICE_X54Y232,SLICEM.C6LUT,16'h6996
u_dut/u_pc2/pc0_r2_2[1]_i_1,LUT5,SLICE_X54Y232,SLICEM.D6LUT,32'h81177EE8
u_dut/u_pc2/pc0_r2_2[1]_i_2,LUT4,SLICE_X54Y233,SLICEM.C6LUT,16'h6996
u_dut/u_pc2/pc0_r2_2[2]_i_1,LUT6,SLICE_X55Y233,SLICEL.B6LUT,64'h9669699666666666
u_dut/u_pc2/pc0_r2_2[2]_i_2,LUT5,SLICE_X54Y232,SLICEM.D5LUT,32'hFEE88000
u_dut/u_pc2/pc0_r2_2[2]_i_3,LUT5,SLICE_X55Y232,SLICEL.C6LUT,32'h96696996
u_dut/u_pc2/pc0_r2_2[3]_i_1,LUT6,SLICE_X55Y232,SLICEL.A6LUT,64'hA99595569556566A
u_dut/u_pc2/pc0_r2_2[4]_i_1,LUT6,SLICE_X55Y232,SLICEL.B6LUT,64'hFEEAEAA8EAA8A880
u_dut/u_pc2/pc0_r2_2[4]_i_2,LUT6,SLICE_X55Y233,SLICEL.C6LUT,64'hEBBEAAAA82280000
u_dut/u_pc2/pc0_r2_2[4]_i_3,LUT3,SLICE_X54Y233,SLICEM.C5LUT,8'hE8
u_dut/u_pc2/pc0_r2_2_reg[0],FDRE,SLICE_X54Y232,SLICEM.CFF,1'b0
u_dut/u_pc2/pc0_r2_2_reg[1],FDRE,SLICE_X56Y232,SLICEM.A5FF,1'b0
u_dut/u_pc2/pc0_r2_2_reg[2],FDRE,SLICE_X55Y233,SLICEL.BFF,1'b0
u_dut/u_pc2/pc0_r2_2_reg[3],FDRE,SLICE_X55Y232,SLICEL.AFF,1'b0
u_dut/u_pc2/pc0_r2_2_reg[4],FDRE,SLICE_X55Y232,SLICEL.BFF,1'b0
u_dut/u_pc2/pc0_r2_3[0]_i_1,LUT4,SLICE_X48Y233,SLICEL.C6LUT,16'h6996
u_dut/u_pc2/pc0_r2_3[1]_i_1,LUT5,SLICE_X48Y233,SLICEL.D6LUT,32'h81177EE8
u_dut/u_pc2/pc0_r2_3[1]_i_2,LUT4,SLICE_X46Y233,SLICEM.A6LUT,16'h6996
u_dut/u_pc2/pc0_r2_3[2]_i_1,LUT6,SLICE_X46Y233,SLICEM.B6LUT,64'h9669699666666666
u_dut/u_pc2/pc0_r2_3[2]_i_2,LUT5,SLICE_X48Y233,SLICEL.D5LUT,32'hFEE88000
u_dut/u_pc2/pc0_r2_3[2]_i_3,LUT5,SLICE_X46Y233,SLICEM.D6LUT,32'h96696996
u_dut/u_pc2/pc0_r2_3[3]_i_1,LUT6,SLICE_X47Y233,SLICEL.C6LUT,64'hA99595569556566A
u_dut/u_pc2/pc0_r2_3[4]_i_1,LUT6,SLICE_X47Y233,SLICEL.D6LUT,64'hFEEAEAA8EAA8A880
u_dut/u_pc2/pc0_r2_3[4]_i_2,LUT6,SLICE_X46Y233,SLICEM.C6LUT,64'hEBBEAAAA82280000
u_dut/u_pc2/pc0_r2_3[4]_i_3,LUT3,SLICE_X46Y233,SLICEM.A5LUT,8'hE8
u_dut/u_pc2/pc0_r2_3_reg[0],FDRE,SLICE_X48Y233,SLICEL.CFF,1'b0
u_dut/u_pc2/pc0_r2_3_reg[1],FDRE,SLICE_X59Y233,SLICEL.BFF,1'b0
u_dut/u_pc2/pc0_r2_3_reg[2],FDRE,SLICE_X46Y233,SLICEM.BFF,1'b0
u_dut/u_pc2/pc0_r2_3_reg[3],FDRE,SLICE_X47Y233,SLICEL.CFF,1'b0
u_dut/u_pc2/pc0_r2_3_reg[4],FDRE,SLICE_X47Y233,SLICEL.DFF,1'b0
u_dut/u_pc2/pc0_r2_4[0]_i_1,LUT4,SLICE_X50Y229,SLICEM.C6LUT,16'h6996
u_dut/u_pc2/pc0_r2_4[1]_i_1,LUT5,SLICE_X50Y229,SLICEM.D6LUT,32'h81177EE8
u_dut/u_pc2/pc0_r2_4[1]_i_2,LUT4,SLICE_X50Y227,SLICEM.B6LUT,16'h6996
u_dut/u_pc2/pc0_r2_4[2]_i_1,LUT6,SLICE_X50Y227,SLICEM.C6LUT,64'h9669699666666666
u_dut/u_pc2/pc0_r2_4[2]_i_2,LUT5,SLICE_X50Y229,SLICEM.D5LUT,32'hFEE88000
u_dut/u_pc2/pc0_r2_4[2]_i_3,LUT5,SLICE_X51Y227,SLICEL.D6LUT,32'h96696996
u_dut/u_pc2/pc0_r2_4[3]_i_1,LUT6,SLICE_X51Y227,SLICEL.B6LUT,64'hA99595569556566A
u_dut/u_pc2/pc0_r2_4[4]_i_1,LUT6,SLICE_X51Y227,SLICEL.C6LUT,64'hFEEAEAA8EAA8A880
u_dut/u_pc2/pc0_r2_4[4]_i_2,LUT6,SLICE_X50Y227,SLICEM.D6LUT,64'hEBBEAAAA82280000
u_dut/u_pc2/pc0_r2_4[4]_i_3,LUT3,SLICE_X50Y227,SLICEM.B5LUT,8'hE8
u_dut/u_pc2/pc0_r2_4_reg[0],FDRE,SLICE_X50Y229,SLICEM.CFF,1'b0
u_dut/u_pc2/pc0_r2_4_reg[1],FDRE,SLICE_X58Y230,SLICEM.BFF,1'b0
u_dut/u_pc2/pc0_r2_4_reg[2],FDRE,SLICE_X50Y227,SLICEM.CFF,1'b0
u_dut/u_pc2/pc0_r2_4_reg[3],FDRE,SLICE_X51Y227,SLICEL.BFF,1'b0
u_dut/u_pc2/pc0_r2_4_reg[4],FDRE,SLICE_X51Y227,SLICEL.CFF,1'b0
u_dut/u_pc2/pc0_r2_5[0]_i_1,LUT4,SLICE_X60Y231,SLICEL.B6LUT,16'h6996
u_dut/u_pc2/pc0_r2_5[1]_i_1,LUT5,SLICE_X60Y231,SLICEL.C6LUT,32'h81177EE8
u_dut/u_pc2/pc0_r2_5[1]_i_2,LUT4,SLICE_X62Y229,SLICEM.B6LUT,16'h6996
u_dut/u_pc2/pc0_r2_5[2]_i_1,LUT6,SLICE_X62Y229,SLICEM.C6LUT,64'h9669699666666666
u_dut/u_pc2/pc0_r2_5[2]_i_2,LUT5,SLICE_X60Y231,SLICEL.C5LUT,32'hFEE88000
u_dut/u_pc2/pc0_r2_5[2]_i_3,LUT5,SLICE_X58Y229,SLICEM.D6LUT,32'h96696996
u_dut/u_pc2/pc0_r2_5[3]_i_1,LUT6,SLICE_X58Y229,SLICEM.B6LUT,64'hA99595569556566A
u_dut/u_pc2/pc0_r2_5[4]_i_1,LUT6,SLICE_X58Y229,SLICEM.C6LUT,64'hFEEAEAA8EAA8A880
u_dut/u_pc2/pc0_r2_5[4]_i_2,LUT6,SLICE_X62Y229,SLICEM.D6LUT,64'hEBBEAAAA82280000
u_dut/u_pc2/pc0_r2_5[4]_i_3,LUT3,SLICE_X62Y229,SLICEM.B5LUT,8'hE8
u_dut/u_pc2/pc0_r2_5_reg[0],FDRE,SLICE_X60Y231,SLICEL.BFF,1'b0
u_dut/u_pc2/pc0_r2_5_reg[1],FDRE,SLICE_X60Y231,SLICEL.A5FF,1'b0
u_dut/u_pc2/pc0_r2_5_reg[2],FDRE,SLICE_X62Y229,SLICEM.CFF,1'b0
u_dut/u_pc2/pc0_r2_5_reg[3],FDRE,SLICE_X58Y229,SLICEM.BFF,1'b0
u_dut/u_pc2/pc0_r2_5_reg[4],FDRE,SLICE_X58Y229,SLICEM.CFF,1'b0
u_dut/u_pc2/pc0_r2_6[0]_i_1,LUT4,SLICE_X53Y231,SLICEL.C6LUT,16'h6996
u_dut/u_pc2/pc0_r2_6[1]_i_1,LUT5,SLICE_X53Y231,SLICEL.D6LUT,32'h81177EE8
u_dut/u_pc2/pc0_r2_6[1]_i_2,LUT4,SLICE_X55Y231,SLICEL.B6LUT,16'h6996
u_dut/u_pc2/pc0_r2_6[2]_i_1,LUT6,SLICE_X54Y230,SLICEM.D6LUT,64'h9669699666666666
u_dut/u_pc2/pc0_r2_6[2]_i_2,LUT5,SLICE_X53Y231,SLICEL.D5LUT,32'hFEE88000
u_dut/u_pc2/pc0_r2_6[2]_i_3,LUT5,SLICE_X55Y230,SLICEL.D6LUT,32'h96696996
u_dut/u_pc2/pc0_r2_6[3]_i_1,LUT6,SLICE_X55Y230,SLICEL.A6LUT,64'hA99595569556566A
u_dut/u_pc2/pc0_r2_6[4]_i_1,LUT6,SLICE_X55Y230,SLICEL.B6LUT,64'hFEEAEAA8EAA8A880
u_dut/u_pc2/pc0_r2_6[4]_i_2,LUT6,SLICE_X55Y230,SLICEL.C6LUT,64'hEBBEAAAA82280000
u_dut/u_pc2/pc0_r2_6[4]_i_3,LUT3,SLICE_X55Y231,SLICEL.B5LUT,8'hE8
u_dut/u_pc2/pc0_r2_6_reg[0],FDRE,SLICE_X53Y231,SLICEL.CFF,1'b0
u_dut/u_pc2/pc0_r2_6_reg[1],FDRE,SLICE_X58Y230,SLICEM.CFF,1'b0
u_dut/u_pc2/pc0_r2_6_reg[2],FDRE,SLICE_X54Y230,SLICEM.DFF,1'b0
u_dut/u_pc2/pc0_r2_6_reg[3],FDRE,SLICE_X55Y230,SLICEL.AFF,1'b0
u_dut/u_pc2/pc0_r2_6_reg[4],FDRE,SLICE_X55Y230,SLICEL.BFF,1'b0
u_dut/u_pc2/pc0_r2_7[0]_i_1,LUT4,SLICE_X65Y227,SLICEL.B6LUT,16'h6996
u_dut/u_pc2/pc0_r2_7[1]_i_1,LUT5,SLICE_X65Y227,SLICEL.C6LUT,32'h81177EE8
u_dut/u_pc2/pc0_r2_7[1]_i_2,LUT4,SLICE_X65Y226,SLICEL.B6LUT,16'h6996
u_dut/u_pc2/pc0_r2_7[2]_i_1,LUT6,SLICE_X65Y226,SLICEL.C6LUT,64'h9669699666666666
u_dut/u_pc2/pc0_r2_7[2]_i_2,LUT5,SLICE_X65Y227,SLICEL.C5LUT,32'hFEE88000
u_dut/u_pc2/pc0_r2_7[2]_i_3,LUT5,SLICE_X64Y227,SLICEL.D6LUT,32'h96696996
u_dut/u_pc2/pc0_r2_7[3]_i_1,LUT6,SLICE_X64Y227,SLICEL.B6LUT,64'hA99595569556566A
u_dut/u_pc2/pc0_r2_7[4]_i_1,LUT6,SLICE_X64Y227,SLICEL.C6LUT,64'hFEEAEAA8EAA8A880
u_dut/u_pc2/pc0_r2_7[4]_i_2,LUT6,SLICE_X65Y226,SLICEL.D6LUT,64'hEBBEAAAA82280000
u_dut/u_pc2/pc0_r2_7[4]_i_3,LUT3,SLICE_X65Y226,SLICEL.B5LUT,8'hE8
u_dut/u_pc2/pc0_r2_7_reg[0],FDRE,SLICE_X65Y227,SLICEL.BFF,1'b0
u_dut/u_pc2/pc0_r2_7_reg[1],FDRE,SLICE_X65Y227,SLICEL.A5FF,1'b0
u_dut/u_pc2/pc0_r2_7_reg[2],FDRE,SLICE_X65Y226,SLICEL.CFF,1'b0
u_dut/u_pc2/pc0_r2_7_reg[3],FDRE,SLICE_X64Y227,SLICEL.BFF,1'b0
u_dut/u_pc2/pc0_r2_7_reg[4],FDRE,SLICE_X64Y227,SLICEL.CFF,1'b0
u_dut/u_pc2/pc0_r2_8[0]_i_1,LUT2,SLICE_X61Y234,SLICEL.B6LUT,4'h6
u_dut/u_pc2/pc0_r2_8[1]_i_1,LUT4,SLICE_X61Y234,SLICEL.B5LUT,16'h8778
u_dut/u_pc2/pc0_r2_8[2]_i_1,LUT5,SLICE_X61Y234,SLICEL.C6LUT,32'h077FF880
u_dut/u_pc2/pc0_r2_8[3]_i_1,LUT5,SLICE_X61Y234,SLICEL.C5LUT,32'hAA808000
u_dut/u_pc2/pc0_r2_8_reg[0],FDRE,SLICE_X61Y234,SLICEL.BFF,1'b0
u_dut/u_pc2/pc0_r2_8_reg[1],FDRE,SLICE_X61Y234,SLICEL.B5FF,1'b0
u_dut/u_pc2/pc0_r2_8_reg[2],FDRE,SLICE_X61Y234,SLICEL.CFF,1'b0
u_dut/u_pc2/pc0_r2_8_reg[3],FDRE,SLICE_X61Y234,SLICEL.C5FF,1'b0
u_dut/u_pc2/pc0_r4_0[3]_i_2,LUT5,SLICE_X59Y233,SLICEL.C6LUT,32'hEEE8E888
u_dut/u_pc2/pc0_r4_0[3]_i_3,LUT5,SLICE_X59Y233,SLICEL.C5LUT,32'hE81717E8
u_dut/u_pc2/pc0_r4_0[3]_i_4,LUT4,SLICE_X59Y233,SLICEL.D6LUT,16'h6996
u_dut/u_pc2/pc0_r4_0[3]_i_5,LUT6,SLICE_X58Y233,SLICEM.D6LUT,64'h6969699669969696
u_dut/u_pc2/pc0_r4_0[3]_i_6,LUT6,SLICE_X58Y233,SLICEM.C6LUT,64'h6999999699969666
u_dut/u_pc2/pc0_r4_0[3]_i_7,LUT4,SLICE_X58Y233,SLICEM.B6LUT,16'h566A
u_dut/u_pc2/pc0_r4_0[3]_i_8,LUT4,SLICE_X58Y233,SLICEM.A6LUT,16'h6996
u_dut/u_pc2/pc0_r4_0[3]_i_9,LUT3,SLICE_X59Y233,SLICEL.B6LUT,8'h96
u_dut/u_pc2/pc0_r4_0[6]_i_2,LUT5,SLICE_X60Y234,SLICEL.B6LUT,32'hEEE8E888
u_dut/u_pc2/pc0_r4_0[6]_i_3,LUT5,SLICE_X59Y233,SLICEL.B5LUT,32'hEEE8E888
u_dut/u_pc2/pc0_r4_0[6]_i_4,LUT5,SLICE_X58Y234,SLICEM.B6LUT,32'h177E7EE8
u_dut/u_pc2/pc0_r4_0[6]_i_5,LUT6,SLICE_X58Y234,SLICEM.A6LUT,64'h6969699669969696
u_dut/u_pc2/pc0_r4_0[6]_i_6,LUT3,SLICE_X60Y234,SLICEL.C6LUT,8'h96
u_dut/u_pc2/pc0_r4_0[6]_i_7,LUT3,SLICE_X59Y233,SLICEL.A6LUT,8'h96
u_dut/u_pc2/pc0_r4_0[6]_i_8,LUT3,SLICE_X59Y233,SLICEL.A5LUT,8'hE8
u_dut/u_pc2/pc0_r4_0_reg[0],FDRE,SLICE_X58Y233,SLICEM.AFF,1'b0
u_dut/u_pc2/pc0_r4_0_reg[1],FDRE,SLICE_X58Y233,SLICEM.BFF,1'b0
u_dut/u_pc2/pc0_r4_0_reg[2],FDRE,SLICE_X58Y233,SLICEM.CFF,1'b0
u_dut/u_pc2/pc0_r4_0_reg[3],FDRE,SLICE_X58Y233,SLICEM.DFF,1'b0
u_dut/u_pc2/pc0_r4_0_reg[3]_i_1,CARRY4,SLICE_X58Y233,SLICEM.CARRY4,
u_dut/u_pc2/pc0_r4_0_reg[4],FDRE,SLICE_X58Y234,SLICEM.AFF,1'b0
u_dut/u_pc2/pc0_r4_0_reg[5],FDRE,SLICE_X58Y234,SLICEM.BFF,1'b0
u_dut/u_pc2/pc0_r4_0_reg[6],FDRE,SLICE_X58Y234,SLICEM.CFF,1'b0
u_dut/u_pc2/pc0_r4_0_reg[6]_i_1,CARRY4,SLICE_X58Y234,SLICEM.CARRY4,
u_dut/u_pc2/pc0_r4_1[3]_i_2,LUT5,SLICE_X58Y230,SLICEM.C6LUT,32'hEEE8E888
u_dut/u_pc2/pc0_r4_1[3]_i_3,LUT5,SLICE_X58Y230,SLICEM.C5LUT,32'hE81717E8
u_dut/u_pc2/pc0_r4_1[3]_i_4,LUT4,SLICE_X58Y230,SLICEM.D6LUT,16'h6996
u_dut/u_pc2/pc0_r4_1[3]_i_5,LUT6,SLICE_X59Y230,SLICEL.D6LUT,64'h6969699669969696
u_dut/u_pc2/pc0_r4_1[3]_i_6,LUT6,SLICE_X59Y230,SLICEL.C6LUT,64'h6999999699969666
u_dut/u_pc2/pc0_r4_1[3]_i_7,LUT4,SLICE_X59Y230,SLICEL.B6LUT,16'h566A
u_dut/u_pc2/pc0_r4_1[3]_i_8,LUT4,SLICE_X59Y230,SLICEL.A6LUT,16'h6996
u_dut/u_pc2/pc0_r4_1[3]_i_9,LUT3,SLICE_X58Y230,SLICEM.B6LUT,8'h96
u_dut/u_pc2/pc0_r4_1[6]_i_2,LUT5,SLICE_X58Y231,SLICEM.A6LUT,32'hEEE8E888
u_dut/u_pc2/pc0_r4_1[6]_i_3,LUT5,SLICE_X58Y230,SLICEM.B5LUT,32'hEEE8E888
u_dut/u_pc2/pc0_r4_1[6]_i_4,LUT5,SLICE_X59Y231,SLICEL.B6LUT,32'h177E7EE8
u_dut/u_pc2/pc0_r4_1[6]_i_5,LUT6,SLICE_X59Y231,SLICEL.A6LUT,64'h6969699669969696
u_dut/u_pc2/pc0_r4_1[6]_i_6,LUT3,SLICE_X58Y231,SLICEM.B6LUT,8'h96
u_dut/u_pc2/pc0_r4_1[6]_i_7,LUT3,SLICE_X58Y230,SLICEM.A6LUT,8'h96
u_dut/u_pc2/pc0_r4_1[6]_i_8,LUT3,SLICE_X58Y230,SLICEM.A5LUT,8'hE8
u_dut/u_pc2/pc0_r4_1_reg[0],FDRE,SLICE_X59Y230,SLICEL.AFF,1'b0
u_dut/u_pc2/pc0_r4_1_reg[1],FDRE,SLICE_X59Y230,SLICEL.BFF,1'b0
u_dut/u_pc2/pc0_r4_1_reg[2],FDRE,SLICE_X59Y230,SLICEL.CFF,1'b0
u_dut/u_pc2/pc0_r4_1_reg[3],FDRE,SLICE_X59Y230,SLICEL.DFF,1'b0
u_dut/u_pc2/pc0_r4_1_reg[3]_i_1,CARRY4,SLICE_X59Y230,SLICEL.CARRY4,
u_dut/u_pc2/pc0_r4_1_reg[4],FDRE,SLICE_X59Y231,SLICEL.AFF,1'b0
u_dut/u_pc2/pc0_r4_1_reg[5],FDRE,SLICE_X59Y231,SLICEL.BFF,1'b0
u_dut/u_pc2/pc0_r4_1_reg[6],FDRE,SLICE_X59Y231,SLICEL.CFF,1'b0
u_dut/u_pc2/pc0_r4_1_reg[6]_i_1,CARRY4,SLICE_X59Y231,SLICEL.CARRY4,
u_dut/u_pc2/pc0_r4_2_reg[0],FDRE,SLICE_X59Y235,SLICEL.C5FF,1'b0
u_dut/u_pc2/pc0_r4_2_reg[1],FDRE,SLICE_X59Y235,SLICEL.D5FF,1'b0
u_dut/u_pc2/pc0_r4_2_reg[2],FDRE,SLICE_X60Y234,SLICEL.CFF,1'b0
u_dut/u_pc2/pc0_r4_2_reg[3],FDRE,SLICE_X59Y234,SLICEL.D5FF,1'b0
u_dut/u_pc2/pc0_r6_0[3]_i_2,LUT3,SLICE_X58Y235,SLICEM.C5LUT,8'hE8
u_dut/u_pc2/pc0_r6_0[3]_i_3,LUT3,SLICE_X58Y235,SLICEM.B5LUT,8'hE8
u_dut/u_pc2/pc0_r6_0[3]_i_4,LUT3,SLICE_X58Y235,SLICEM.A5LUT,8'hE8
u_dut/u_pc2/pc0_r6_0[3]_i_5,LUT4,SLICE_X58Y235,SLICEM.D6LUT,16'h6996
u_dut/u_pc2/pc0_r6_0[3]_i_6,LUT4,SLICE_X58Y235,SLICEM.C6LUT,16'h6996
u_dut/u_pc2/pc0_r6_0[3]_i_7,LUT4,SLICE_X58Y235,SLICEM.B6LUT,16'h6996
u_dut/u_pc2/pc0_r6_0[3]_i_8,LUT3,SLICE_X58Y235,SLICEM.A6LUT,8'h96
u_dut/u_pc2/pc0_r6_0[7]_i_2,LUT2,SLICE_X58Y236,SLICEM.C5LUT,4'h8
u_dut/u_pc2/pc0_r6_0[7]_i_3,LUT2,SLICE_X58Y236,SLICEM.B5LUT,4'h8
u_dut/u_pc2/pc0_r6_0[7]_i_4,LUT3,SLICE_X58Y236,SLICEM.A5LUT,8'hE8
u_dut/u_pc2/pc0_r6_0[7]_i_5,LUT2,SLICE_X58Y236,SLICEM.D6LUT,4'h8
u_dut/u_pc2/pc0_r6_0[7]_i_6,LUT4,SLICE_X58Y236,SLICEM.C6LUT,16'h8778
u_dut/u_pc2/pc0_r6_0[7]_i_7,LUT4,SLICE_X58Y236,SLICEM.B6LUT,16'h8778
u_dut/u_pc2/pc0_r6_0[7]_i_8,LUT5,SLICE_X58Y236,SLICEM.A6LUT,32'hE81717E8
u_dut/u_pc2/pc0_r6_0_reg[0],FDRE,SLICE_X58Y235,SLICEM.AFF,1'b0
u_dut/u_pc2/pc0_r6_0_reg[1],FDRE,SLICE_X58Y235,SLICEM.BFF,1'b0
u_dut/u_pc2/pc0_r6_0_reg[2],FDRE,SLICE_X58Y235,SLICEM.CFF,1'b0
u_dut/u_pc2/pc0_r6_0_reg[3],FDRE,SLICE_X58Y235,SLICEM.DFF,1'b0
u_dut/u_pc2/pc0_r6_0_reg[3]_i_1,CARRY4,SLICE_X58Y235,SLICEM.CARRY4,
u_dut/u_pc2/pc0_r6_0_reg[4],FDRE,SLICE_X58Y236,SLICEM.AFF,1'b0
u_dut/u_pc2/pc0_r6_0_reg[5],FDRE,SLICE_X58Y236,SLICEM.BFF,1'b0
u_dut/u_pc2/pc0_r6_0_reg[6],FDRE,SLICE_X58Y236,SLICEM.CFF,1'b0
u_dut/u_pc2/pc0_r6_0_reg[7],FDRE,SLICE_X58Y236,SLICEM.DFF,1'b0
u_dut/u_pc2/pc0_r6_0_reg[7]_i_1,CARRY4,SLICE_X58Y236,SLICEM.CARRY4,
u_dut/u_pc2/pc1_a0[0]_i_1,LUT6,SLICE_X44Y230,SLICEL.B6LUT,64'h6996966996696996
u_dut/u_pc2/pc1_a0[1]_i_1,LUT6,SLICE_X44Y230,SLICEL.C6LUT,64'h8117177E177E7EE8
u_dut/u_pc2/pc1_a0[2]_i_1,LUT6,SLICE_X44Y230,SLICEL.D6LUT,64'hFEE8E880E8808000
u_dut/u_pc2/pc1_a0_reg[0],FDRE,SLICE_X44Y230,SLICEL.BFF,1'b0
u_dut/u_pc2/pc1_a0_reg[1],FDRE,SLICE_X44Y230,SLICEL.CFF,1'b0
u_dut/u_pc2/pc1_a0_reg[2],FDRE,SLICE_X44Y230,SLICEL.DFF,1'b0
u_dut/u_pc2/pc1_a10[0]_i_1,LUT6,SLICE_X43Y234,SLICEL.B6LUT,64'h6996966996696996
u_dut/u_pc2/pc1_a10[1]_i_1,LUT6,SLICE_X45Y232,SLICEL.C6LUT,64'h8117177E177E7EE8
u_dut/u_pc2/pc1_a10[2]_i_1,LUT6,SLICE_X44Y234,SLICEL.D6LUT,64'hFEE8E880E8808000
u_dut/u_pc2/pc1_a10_reg[0],FDRE,SLICE_X43Y234,SLICEL.BFF,1'b0
u_dut/u_pc2/pc1_a10_reg[1],FDRE,SLICE_X45Y232,SLICEL.CFF,1'b0
u_dut/u_pc2/pc1_a10_reg[2],FDRE,SLICE_X44Y234,SLICEL.DFF,1'b0
u_dut/u_pc2/pc1_a11[0]_i_1,LUT6,SLICE_X47Y234,SLICEL.B6LUT,64'h6996966996696996
u_dut/u_pc2/pc1_a11[1]_i_1,LUT6,SLICE_X47Y234,SLICEL.C6LUT,64'h8117177E177E7EE8
u_dut/u_pc2/pc1_a11[2]_i_1,LUT6,SLICE_X47Y234,SLICEL.D6LUT,64'hFEE8E880E8808000
u_dut/u_pc2/pc1_a11_reg[0],FDRE,SLICE_X47Y234,SLICEL.BFF,1'b0
u_dut/u_pc2/pc1_a11_reg[1],FDRE,SLICE_X47Y234,SLICEL.CFF,1'b0
u_dut/u_pc2/pc1_a11_reg[2],FDRE,SLICE_X47Y234,SLICEL.DFF,1'b0
u_dut/u_pc2/pc1_a12[0]_i_1,LUT6,SLICE_X42Y236,SLICEM.B6LUT,64'h6996966996696996
u_dut/u_pc2/pc1_a12[1]_i_1,LUT6,SLICE_X41Y235,SLICEL.C6LUT,64'h8117177E177E7EE8
u_dut/u_pc2/pc1_a12[2]_i_1,LUT6,SLICE_X42Y236,SLICEM.C6LUT,64'hFEE8E880E8808000
u_dut/u_pc2/pc1_a12_reg[0],FDRE,SLICE_X42Y236,SLICEM.BFF,1'b0
u_dut/u_pc2/pc1_a12_reg[1],FDRE,SLICE_X41Y235,SLICEL.CFF,1'b0
u_dut/u_pc2/pc1_a12_reg[2],FDRE,SLICE_X42Y236,SLICEM.CFF,1'b0
u_dut/u_pc2/pc1_a13[0]_i_1,LUT6,SLICE_X47Y235,SLICEL.A6LUT,64'h6996966996696996
u_dut/u_pc2/pc1_a13[1]_i_1,LUT6,SLICE_X45Y235,SLICEL.A6LUT,64'h8117177E177E7EE8
u_dut/u_pc2/pc1_a13[2]_i_1,LUT6,SLICE_X47Y235,SLICEL.B6LUT,64'hFEE8E880E8808000
u_dut/u_pc2/pc1_a13_reg[0],FDRE,SLICE_X47Y235,SLICEL.AFF,1'b0
u_dut/u_pc2/pc1_a13_reg[1],FDRE,SLICE_X45Y235,SLICEL.AFF,1'b0
u_dut/u_pc2/pc1_a13_reg[2],FDRE,SLICE_X47Y235,SLICEL.BFF,1'b0
u_dut/u_pc2/pc1_a14[0]_i_1,LUT6,SLICE_X42Y236,SLICEM.D6LUT,64'h6996966996696996
u_dut/u_pc2/pc1_a14[1]_i_1,LUT6,SLICE_X40Y236,SLICEL.C6LUT,64'h8117177E177E7EE8
u_dut/u_pc2/pc1_a14[2]_i_1,LUT6,SLICE_X40Y236,SLICEL.D6LUT,64'hFEE8E880E8808000
u_dut/u_pc2/pc1_a14_reg[0],FDRE,SLICE_X42Y236,SLICEM.DFF,1'b0
u_dut/u_pc2/pc1_a14_reg[1],FDRE,SLICE_X40Y236,SLICEL.CFF,1'b0
u_dut/u_pc2/pc1_a14_reg[2],FDRE,SLICE_X40Y236,SLICEL.DFF,1'b0
u_dut/u_pc2/pc1_a15[0]_i_1,LUT6,SLICE_X38Y236,SLICEM.A6LUT,64'h6996966996696996
u_dut/u_pc2/pc1_a15[1]_i_1,LUT6,SLICE_X38Y236,SLICEM.B6LUT,64'h8117177E177E7EE8
u_dut/u_pc2/pc1_a15[2]_i_1,LUT6,SLICE_X38Y236,SLICEM.C6LUT,64'hFEE8E880E8808000
u_dut/u_pc2/pc1_a15_reg[0],FDRE,SLICE_X38Y236,SLICEM.AFF,1'b0
u_dut/u_pc2/pc1_a15_reg[1],FDRE,SLICE_X38Y236,SLICEM.BFF,1'b0
u_dut/u_pc2/pc1_a15_reg[2],FDRE,SLICE_X38Y236,SLICEM.CFF,1'b0
u_dut/u_pc2/pc1_a16[0]_i_1,LUT6,SLICE_X40Y234,SLICEL.A6LUT,64'h6996966996696996
u_dut/u_pc2/pc1_a16[1]_i_1,LUT6,SLICE_X40Y234,SLICEL.B6LUT,64'h8117177E177E7EE8
u_dut/u_pc2/pc1_a16[2]_i_1,LUT6,SLICE_X39Y234,SLICEL.A6LUT,64'hFEE8E880E8808000
u_dut/u_pc2/pc1_a16_reg[0],FDRE,SLICE_X40Y234,SLICEL.AFF,1'b0
u_dut/u_pc2/pc1_a16_reg[1],FDRE,SLICE_X40Y234,SLICEL.BFF,1'b0
u_dut/u_pc2/pc1_a16_reg[2],FDRE,SLICE_X39Y234,SLICEL.AFF,1'b0
u_dut/u_pc2/pc1_a17[0]_i_1,LUT6,SLICE_X40Y231,SLICEL.D6LUT,64'h6996966996696996
u_dut/u_pc2/pc1_a17[1]_i_1,LUT6,SLICE_X41Y231,SLICEL.C6LUT,64'h8117177E177E7EE8
u_dut/u_pc2/pc1_a17[2]_i_1,LUT6,SLICE_X41Y232,SLICEL.D6LUT,64'hFEE8E880E8808000
u_dut/u_pc2/pc1_a17_reg[0],FDRE,SLICE_X40Y231,SLICEL.DFF,1'b0
u_dut/u_pc2/pc1_a17_reg[1],FDRE,SLICE_X41Y231,SLICEL.CFF,1'b0
u_dut/u_pc2/pc1_a17_reg[2],FDRE,SLICE_X41Y232,SLICEL.DFF,1'b0
u_dut/u_pc2/pc1_a18[0]_i_1,LUT6,SLICE_X38Y234,SLICEM.A6LUT,64'h6996966996696996
u_dut/u_pc2/pc1_a18[1]_i_1,LUT6,SLICE_X38Y234,SLICEM.B6LUT,64'h8117177E177E7EE8
u_dut/u_pc2/pc1_a18[2]_i_1,LUT6,SLICE_X38Y234,SLICEM.C6LUT,64'hFEE8E880E8808000
u_dut/u_pc2/pc1_a18_reg[0],FDRE,SLICE_X38Y234,SLICEM.AFF,1'b0
u_dut/u_pc2/pc1_a18_reg[1],FDRE,SLICE_X38Y234,SLICEM.BFF,1'b0
u_dut/u_pc2/pc1_a18_reg[2],FDRE,SLICE_X38Y234,SLICEM.CFF,1'b0
u_dut/u_pc2/pc1_a19[0]_i_1,LUT6,SLICE_X40Y233,SLICEL.D6LUT,64'h6996966996696996
u_dut/u_pc2/pc1_a19[1]_i_1,LUT6,SLICE_X41Y233,SLICEL.C6LUT,64'h8117177E177E7EE8
u_dut/u_pc2/pc1_a19[2]_i_1,LUT6,SLICE_X39Y233,SLICEL.D6LUT,64'hFEE8E880E8808000
u_dut/u_pc2/pc1_a19_reg[0],FDRE,SLICE_X40Y233,SLICEL.DFF,1'b0
u_dut/u_pc2/pc1_a19_reg[1],FDRE,SLICE_X41Y233,SLICEL.CFF,1'b0
u_dut/u_pc2/pc1_a19_reg[2],FDRE,SLICE_X39Y233,SLICEL.DFF,1'b0
u_dut/u_pc2/pc1_a1[0]_i_1,LUT6,SLICE_X43Y230,SLICEL.C6LUT,64'h6996966996696996
u_dut/u_pc2/pc1_a1[1]_i_1,LUT6,SLICE_X41Y231,SLICEL.D6LUT,64'h8117177E177E7EE8
u_dut/u_pc2/pc1_a1[2]_i_1,LUT6,SLICE_X43Y230,SLICEL.D6LUT,64'hFEE8E880E8808000
u_dut/u_pc2/pc1_a1_reg[0],FDRE,SLICE_X43Y230,SLICEL.CFF,1'b0
u_dut/u_pc2/pc1_a1_reg[1],FDRE,SLICE_X41Y231,SLICEL.DFF,1'b0
u_dut/u_pc2/pc1_a1_reg[2],FDRE,SLICE_X43Y230,SLICEL.DFF,1'b0
u_dut/u_pc2/pc1_a20[0]_i_1,LUT6,SLICE_X54Y239,SLICEM.A6LUT,64'h6996966996696996
u_dut/u_pc2/pc1_a20[1]_i_1,LUT6,SLICE_X54Y237,SLICEM.A6LUT,64'h8117177E177E7EE8
u_dut/u_pc2/pc1_a20[2]_i_1,LUT6,SLICE_X52Y238,SLICEM.A6LUT,64'hFEE8E880E8808000
u_dut/u_pc2/pc1_a20_reg[0],FDRE,SLICE_X54Y239,SLICEM.AFF,1'b0
u_dut/u_pc2/pc1_a20_reg[1],FDRE,SLICE_X54Y237,SLICEM.AFF,1'b0
u_dut/u_pc2/pc1_a20_reg[2],FDRE,SLICE_X52Y238,SLICEM.AFF,1'b0
u_dut/u_pc2/pc1_a21[0]_i_1,LUT6,SLICE_X54Y239,SLICEM.B6LUT,64'h6996966996696996
u_dut/u_pc2/pc1_a21[1]_i_1,LUT6,SLICE_X53Y238,SLICEL.C6LUT,64'h8117177E177E7EE8
u_dut/u_pc2/pc1_a21[2]_i_1,LUT6,SLICE_X54Y236,SLICEM.C6LUT,64'hFEE8E880E8808000
u_dut/u_pc2/pc1_a21_reg[0],FDRE,SLICE_X54Y239,SLICEM.BFF,1'b0
u_dut/u_pc2/pc1_a21_reg[1],FDRE,SLICE_X53Y238,SLICEL.CFF,1'b0
u_dut/u_pc2/pc1_a21_reg[2],FDRE,SLICE_X54Y236,SLICEM.CFF,1'b0
u_dut/u_pc2/pc1_a22[0]_i_1,LUT6,SLICE_X56Y239,SLICEM.D6LUT,64'h6996966996696996
u_dut/u_pc2/pc1_a22[1]_i_1,LUT6,SLICE_X54Y238,SLICEM.A6LUT,64'h8117177E177E7EE8
u_dut/u_pc2/pc1_a22[2]_i_1,LUT6,SLICE_X53Y237,SLICEL.A6LUT,64'hFEE8E880E8808000
u_dut/u_pc2/pc1_a22_reg[0],FDRE,SLICE_X56Y239,SLICEM.DFF,1'b0
u_dut/u_pc2/pc1_a22_reg[1],FDRE,SLICE_X54Y238,SLICEM.AFF,1'b0
u_dut/u_pc2/pc1_a22_reg[2],FDRE,SLICE_X53Y237,SLICEL.AFF,1'b0
u_dut/u_pc2/pc1_a23[0]_i_1,LUT6,SLICE_X55Y239,SLICEL.D6LUT,64'h6996966996696996
u_dut/u_pc2/pc1_a23[1]_i_1,LUT6,SLICE_X55Y238,SLICEL.A6LUT,64'h8117177E177E7EE8
u_dut/u_pc2/pc1_a23[2]_i_1,LUT6,SLICE_X54Y236,SLICEM.D6LUT,64'hFEE8E880E8808000
u_dut/u_pc2/pc1_a23_reg[0],FDRE,SLICE_X55Y239,SLICEL.DFF,1'b0
u_dut/u_pc2/pc1_a23_reg[1],FDRE,SLICE_X55Y238,SLICEL.AFF,1'b0
u_dut/u_pc2/pc1_a23_reg[2],FDRE,SLICE_X54Y236,SLICEM.DFF,1'b0
u_dut/u_pc2/pc1_a24[0]_i_1,LUT6,SLICE_X46Y243,SLICEM.D6LUT,64'h6996966996696996
u_dut/u_pc2/pc1_a24[1]_i_1,LUT6,SLICE_X46Y242,SLICEM.A6LUT,64'h8117177E177E7EE8
u_dut/u_pc2/pc1_a24[2]_i_1,LUT6,SLICE_X46Y242,SLICEM.B6LUT,64'hFEE8E880E8808000
u_dut/u_pc2/pc1_a24_reg[0],FDRE,SLICE_X46Y243,SLICEM.DFF,1'b0
u_dut/u_pc2/pc1_a24_reg[1],FDRE,SLICE_X46Y242,SLICEM.AFF,1'b0
u_dut/u_pc2/pc1_a24_reg[2],FDRE,SLICE_X46Y242,SLICEM.BFF,1'b0
u_dut/u_pc2/pc1_a25[0]_i_1,LUT6,SLICE_X49Y244,SLICEL.D6LUT,64'h6996966996696996
u_dut/u_pc2/pc1_a25[1]_i_1,LUT6,SLICE_X49Y243,SLICEL.A6LUT,64'h8117177E177E7EE8
u_dut/u_pc2/pc1_a25[2]_i_1,LUT6,SLICE_X49Y242,SLICEL.A6LUT,64'hFEE8E880E8808000
u_dut/u_pc2/pc1_a25_reg[0],FDRE,SLICE_X49Y244,SLICEL.DFF,1'b0
u_dut/u_pc2/pc1_a25_reg[1],FDRE,SLICE_X49Y243,SLICEL.AFF,1'b0
u_dut/u_pc2/pc1_a25_reg[2],FDRE,SLICE_X49Y242,SLICEL.AFF,1'b0
u_dut/u_pc2/pc1_a26[0]_i_1,LUT6,SLICE_X48Y243,SLICEL.C6LUT,64'h6996966996696996
u_dut/u_pc2/pc1_a26[1]_i_1,LUT6,SLICE_X48Y242,SLICEL.A6LUT,64'h8117177E177E7EE8
u_dut/u_pc2/pc1_a26[2]_i_1,LUT6,SLICE_X48Y242,SLICEL.B6LUT,64'hFEE8E880E8808000
u_dut/u_pc2/pc1_a26_reg[0],FDRE,SLICE_X48Y243,SLICEL.CFF,1'b0
u_dut/u_pc2/pc1_a26_reg[1],FDRE,SLICE_X48Y242,SLICEL.AFF,1'b0
u_dut/u_pc2/pc1_a26_reg[2],FDRE,SLICE_X48Y242,SLICEL.BFF,1'b0
u_dut/u_pc2/pc1_a27[0]_i_1,LUT6,SLICE_X51Y244,SLICEL.A6LUT,64'h6996966996696996
u_dut/u_pc2/pc1_a27[1]_i_1,LUT6,SLICE_X51Y244,SLICEL.B6LUT,64'h8117177E177E7EE8
u_dut/u_pc2/pc1_a27[2]_i_1,LUT6,SLICE_X49Y242,SLICEL.B6LUT,64'hFEE8E880E8808000
u_dut/u_pc2/pc1_a27_reg[0],FDRE,SLICE_X51Y244,SLICEL.AFF,1'b0
u_dut/u_pc2/pc1_a27_reg[1],FDRE,SLICE_X51Y244,SLICEL.BFF,1'b0
u_dut/u_pc2/pc1_a27_reg[2],FDRE,SLICE_X49Y242,SLICEL.BFF,1'b0
u_dut/u_pc2/pc1_a28[0]_i_1,LUT6,SLICE_X43Y241,SLICEL.B6LUT,64'h6996966996696996
u_dut/u_pc2/pc1_a28[1]_i_1,LUT6,SLICE_X40Y241,SLICEL.B6LUT,64'h8117177E177E7EE8
u_dut/u_pc2/pc1_a28[2]_i_1,LUT6,SLICE_X39Y242,SLICEL.C6LUT,64'hFEE8E880E8808000
u_dut/u_pc2/pc1_a28_reg[0],FDRE,SLICE_X43Y241,SLICEL.BFF,1'b0
u_dut/u_pc2/pc1_a28_reg[1],FDRE,SLICE_X40Y241,SLICEL.BFF,1'b0
u_dut/u_pc2/pc1_a28_reg[2],FDRE,SLICE_X39Y242,SLICEL.CFF,1'b0
u_dut/u_pc2/pc1_a29[0]_i_1,LUT6,SLICE_X41Y242,SLICEL.D6LUT,64'h6996966996696996
u_dut/u_pc2/pc1_a29[1]_i_1,LUT6,SLICE_X40Y241,SLICEL.C6LUT,64'h8117177E177E7EE8
u_dut/u_pc2/pc1_a29[2]_i_1,LUT6,SLICE_X40Y240,SLICEL.A6LUT,64'hFEE8E880E8808000
u_dut/u_pc2/pc1_a29_reg[0],FDRE,SLICE_X41Y242,SLICEL.DFF,1'b0
u_dut/u_pc2/pc1_a29_reg[1],FDRE,SLICE_X40Y241,SLICEL.CFF,1'b0
u_dut/u_pc2/pc1_a29_reg[2],FDRE,SLICE_X40Y240,SLICEL.AFF,1'b0
u_dut/u_pc2/pc1_a2[0]_i_1,LUT6,SLICE_X45Y230,SLICEL.A6LUT,64'h6996966996696996
u_dut/u_pc2/pc1_a2[1]_i_1,LUT6,SLICE_X45Y230,SLICEL.B6LUT,64'h8117177E177E7EE8
u_dut/u_pc2/pc1_a2[2]_i_1,LUT6,SLICE_X45Y231,SLICEL.A6LUT,64'hFEE8E880E8808000
u_dut/u_pc2/pc1_a2_reg[0],FDRE,SLICE_X45Y230,SLICEL.AFF,1'b0
u_dut/u_pc2/pc1_a2_reg[1],FDRE,SLICE_X45Y230,SLICEL.BFF,1'b0
u_dut/u_pc2/pc1_a2_reg[2],FDRE,SLICE_X45Y231,SLICEL.AFF,1'b0
u_dut/u_pc2/pc1_a30[0]_i_1,LUT6,SLICE_X44Y241,SLICEL.D6LUT,64'h6996966996696996
u_dut/u_pc2/pc1_a30[1]_i_1,LUT6,SLICE_X40Y241,SLICEL.D6LUT,64'h8117177E177E7EE8
u_dut/u_pc2/pc1_a30[2]_i_1,LUT6,SLICE_X41Y240,SLICEL.A6LUT,64'hFEE8E880E8808000
u_dut/u_pc2/pc1_a30_reg[0],FDRE,SLICE_X44Y241,SLICEL.DFF,1'b0
u_dut/u_pc2/pc1_a30_reg[1],FDRE,SLICE_X40Y241,SLICEL.DFF,1'b0
u_dut/u_pc2/pc1_a30_reg[2],FDRE,SLICE_X41Y240,SLICEL.AFF,1'b0
u_dut/u_pc2/pc1_a31[0]_i_1,LUT6,SLICE_X42Y241,SLICEM.D6LUT,64'h6996966996696996
u_dut/u_pc2/pc1_a31[1]_i_1,LUT6,SLICE_X41Y240,SLICEL.B6LUT,64'h8117177E177E7EE8
u_dut/u_pc2/pc1_a31[2]_i_1,LUT6,SLICE_X41Y240,SLICEL.C6LUT,64'hFEE8E880E8808000
u_dut/u_pc2/pc1_a31_reg[0],FDRE,SLICE_X42Y241,SLICEM.DFF,1'b0
u_dut/u_pc2/pc1_a31_reg[1],FDRE,SLICE_X41Y240,SLICEL.BFF,1'b0
u_dut/u_pc2/pc1_a31_reg[2],FDRE,SLICE_X41Y240,SLICEL.CFF,1'b0
u_dut/u_pc2/pc1_a32[0]_i_1,LUT6,SLICE_X51Y237,SLICEL.D6LUT,64'h6996966996696996
u_dut/u_pc2/pc1_a32[1]_i_1,LUT6,SLICE_X51Y236,SLICEL.A6LUT,64'h8117177E177E7EE8
u_dut/u_pc2/pc1_a32[2]_i_1,LUT6,SLICE_X51Y236,SLICEL.B6LUT,64'hFEE8E880E8808000
u_dut/u_pc2/pc1_a32_reg[0],FDRE,SLICE_X51Y237,SLICEL.DFF,1'b0
u_dut/u_pc2/pc1_a32_reg[1],FDRE,SLICE_X51Y236,SLICEL.AFF,1'b0
u_dut/u_pc2/pc1_a32_reg[2],FDRE,SLICE_X51Y236,SLICEL.BFF,1'b0
u_dut/u_pc2/pc1_a33[0]_i_1,LUT2,SLICE_X53Y237,SLICEL.B6LUT,4'h6
u_dut/u_pc2/pc1_a33[1]_i_1,LUT2,SLICE_X53Y237,SLICEL.B5LUT,4'h8
u_dut/u_pc2/pc1_a33_reg[0],FDRE,SLICE_X53Y237,SLICEL.BFF,1'b0
u_dut/u_pc2/pc1_a33_reg[1],FDRE,SLICE_X53Y237,SLICEL.B5FF,1'b0
u_dut/u_pc2/pc1_a3[0]_i_1,LUT6,SLICE_X45Y229,SLICEL.B6LUT,64'h6996966996696996
u_dut/u_pc2/pc1_a3[1]_i_1,LUT6,SLICE_X45Y232,SLICEL.D6LUT,64'h8117177E177E7EE8
u_dut/u_pc2/pc1_a3[2]_i_1,LUT6,SLICE_X44Y233,SLICEL.D6LUT,64'hFEE8E880E8808000
u_dut/u_pc2/pc1_a3_reg[0],FDRE,SLICE_X45Y229,SLICEL.BFF,1'b0
u_dut/u_pc2/pc1_a3_reg[1],FDRE,SLICE_X45Y232,SLICEL.DFF,1'b0
u_dut/u_pc2/pc1_a3_reg[2],FDRE,SLICE_X44Y233,SLICEL.DFF,1'b0
u_dut/u_pc2/pc1_a4[0]_i_1,LUT6,SLICE_X62Y238,SLICEM.A6LUT,64'h6996966996696996
u_dut/u_pc2/pc1_a4[1]_i_1,LUT6,SLICE_X62Y236,SLICEM.A6LUT,64'h8117177E177E7EE8
u_dut/u_pc2/pc1_a4[2]_i_1,LUT6,SLICE_X60Y237,SLICEL.A6LUT,64'hFEE8E880E8808000
u_dut/u_pc2/pc1_a4_reg[0],FDRE,SLICE_X62Y238,SLICEM.AFF,1'b0
u_dut/u_pc2/pc1_a4_reg[1],FDRE,SLICE_X62Y236,SLICEM.AFF,1'b0
u_dut/u_pc2/pc1_a4_reg[2],FDRE,SLICE_X60Y237,SLICEL.AFF,1'b0
u_dut/u_pc2/pc1_a5[0]_i_1,LUT6,SLICE_X61Y235,SLICEL.C6LUT,64'h6996966996696996
u_dut/u_pc2/pc1_a5[1]_i_1,LUT6,SLICE_X60Y236,SLICEL.B6LUT,64'h8117177E177E7EE8
u_dut/u_pc2/pc1_a5[2]_i_1,LUT6,SLICE_X61Y235,SLICEL.D6LUT,64'hFEE8E880E8808000
u_dut/u_pc2/pc1_a5_reg[0],FDRE,SLICE_X61Y235,SLICEL.CFF,1'b0
u_dut/u_pc2/pc1_a5_reg[1],FDRE,SLICE_X60Y236,SLICEL.BFF,1'b0
u_dut/u_pc2/pc1_a5_reg[2],FDRE,SLICE_X61Y235,SLICEL.DFF,1'b0
u_dut/u_pc2/pc1_a6[0]_i_1,LUT6,SLICE_X61Y238,SLICEL.A6LUT,64'h6996966996696996
u_dut/u_pc2/pc1_a6[1]_i_1,LUT6,SLICE_X61Y236,SLICEL.A6LUT,64'h8117177E177E7EE8
u_dut/u_pc2/pc1_a6[2]_i_1,LUT6,SLICE_X61Y237,SLICEL.A6LUT,64'hFEE8E880E8808000
u_dut/u_pc2/pc1_a6_reg[0],FDRE,SLICE_X61Y238,SLICEL.AFF,1'b0
u_dut/u_pc2/pc1_a6_reg[1],FDRE,SLICE_X61Y236,SLICEL.AFF,1'b0
u_dut/u_pc2/pc1_a6_reg[2],FDRE,SLICE_X61Y237,SLICEL.AFF,1'b0
u_dut/u_pc2/pc1_a7[0]_i_1,LUT6,SLICE_X60Y238,SLICEL.A6LUT,64'h6996966996696996
u_dut/u_pc2/pc1_a7[1]_i_1,LUT6,SLICE_X60Y236,SLICEL.C6LUT,64'h8117177E177E7EE8
u_dut/u_pc2/pc1_a7[2]_i_1,LUT6,SLICE_X60Y236,SLICEL.D6LUT,64'hFEE8E880E8808000
u_dut/u_pc2/pc1_a7_reg[0],FDRE,SLICE_X60Y238,SLICEL.AFF,1'b0
u_dut/u_pc2/pc1_a7_reg[1],FDRE,SLICE_X60Y236,SLICEL.CFF,1'b0
u_dut/u_pc2/pc1_a7_reg[2],FDRE,SLICE_X60Y236,SLICEL.DFF,1'b0
u_dut/u_pc2/pc1_a8[0]_i_1,LUT6,SLICE_X42Y234,SLICEM.D6LUT,64'h6996966996696996
u_dut/u_pc2/pc1_a8[1]_i_1,LUT6,SLICE_X42Y235,SLICEM.C6LUT,64'h8117177E177E7EE8
u_dut/u_pc2/pc1_a8[2]_i_1,LUT6,SLICE_X42Y235,SLICEM.D6LUT,64'hFEE8E880E8808000
u_dut/u_pc2/pc1_a8_reg[0],FDRE,SLICE_X42Y234,SLICEM.DFF,1'b0
u_dut/u_pc2/pc1_a8_reg[1],FDRE,SLICE_X42Y235,SLICEM.CFF,1'b0
u_dut/u_pc2/pc1_a8_reg[2],FDRE,SLICE_X42Y235,SLICEM.DFF,1'b0
u_dut/u_pc2/pc1_a9[0]_i_1,LUT6,SLICE_X41Y233,SLICEL.D6LUT,64'h6996966996696996
u_dut/u_pc2/pc1_a9[1]_i_1,LUT6,SLICE_X40Y235,SLICEL.C6LUT,64'h8117177E177E7EE8
u_dut/u_pc2/pc1_a9[2]_i_1,LUT6,SLICE_X41Y235,SLICEL.D6LUT,64'hFEE8E880E8808000
u_dut/u_pc2/pc1_a9_reg[0],FDRE,SLICE_X41Y233,SLICEL.DFF,1'b0
u_dut/u_pc2/pc1_a9_reg[1],FDRE,SLICE_X40Y235,SLICEL.CFF,1'b0
u_dut/u_pc2/pc1_a9_reg[2],FDRE,SLICE_X41Y235,SLICEL.DFF,1'b0
u_dut/u_pc2/pc1_r2_0[0]_i_1,LUT4,SLICE_X46Y230,SLICEM.B6LUT,16'h6996
u_dut/u_pc2/pc1_r2_0[1]_i_1,LUT5,SLICE_X45Y230,SLICEL.C6LUT,32'h81177EE8
u_dut/u_pc2/pc1_r2_0[1]_i_2,LUT4,SLICE_X45Y231,SLICEL.B6LUT,16'h6996
u_dut/u_pc2/pc1_r2_0[2]_i_1,LUT6,SLICE_X45Y231,SLICEL.C6LUT,64'h9669699666666666
u_dut/u_pc2/pc1_r2_0[2]_i_2,LUT5,SLICE_X45Y230,SLICEL.C5LUT,32'hFEE88000
u_dut/u_pc2/pc1_r2_0[2]_i_3,LUT5,SLICE_X44Y231,SLICEL.D6LUT,32'h96696996
u_dut/u_pc2/pc1_r2_0[3]_i_1,LUT6,SLICE_X44Y231,SLICEL.B6LUT,64'hA99595569556566A
u_dut/u_pc2/pc1_r2_0[4]_i_1,LUT6,SLICE_X44Y231,SLICEL.C6LUT,64'hFEEAEAA8EAA8A880
u_dut/u_pc2/pc1_r2_0[4]_i_2,LUT6,SLICE_X45Y231,SLICEL.D6LUT,64'hEBBEAAAA82280000
u_dut/u_pc2/pc1_r2_0[4]_i_3,LUT3,SLICE_X45Y231,SLICEL.B5LUT,8'hE8
u_dut/u_pc2/pc1_r2_0_reg[0],FDRE,SLICE_X46Y230,SLICEM.BFF,1'b0
u_dut/u_pc2/pc1_r2_0_reg[1],FDRE,SLICE_X51Y236,SLICEL.A5FF,1'b0
u_dut/u_pc2/pc1_r2_0_reg[2],FDRE,SLICE_X45Y231,SLICEL.CFF,1'b0
u_dut/u_pc2/pc1_r2_0_reg[3],FDRE,SLICE_X44Y231,SLICEL.BFF,1'b0
u_dut/u_pc2/pc1_r2_0_reg[4],FDRE,SLICE_X44Y231,SLICEL.CFF,1'b0
u_dut/u_pc2/pc1_r2_1[0]_i_1,LUT4,SLICE_X62Y238,SLICEM.B6LUT,16'h6996
u_dut/u_pc2/pc1_r2_1[1]_i_1,LUT5,SLICE_X62Y238,SLICEM.C6LUT,32'h81177EE8
u_dut/u_pc2/pc1_r2_1[1]_i_2,LUT4,SLICE_X61Y236,SLICEL.B6LUT,16'h6996
u_dut/u_pc2/pc1_r2_1[2]_i_1,LUT6,SLICE_X61Y236,SLICEL.C6LUT,64'h9669699666666666
u_dut/u_pc2/pc1_r2_1[2]_i_2,LUT5,SLICE_X62Y238,SLICEM.C5LUT,32'hFEE88000
u_dut/u_pc2/pc1_r2_1[2]_i_3,LUT5,SLICE_X61Y237,SLICEL.D6LUT,32'h96696996
u_dut/u_pc2/pc1_r2_1[3]_i_1,LUT6,SLICE_X61Y237,SLICEL.B6LUT,64'hA99595569556566A
u_dut/u_pc2/pc1_r2_1[4]_i_1,LUT6,SLICE_X61Y237,SLICEL.C6LUT,64'hFEEAEAA8EAA8A880
u_dut/u_pc2/pc1_r2_1[4]_i_2,LUT6,SLICE_X61Y236,SLICEL.D6LUT,64'hEBBEAAAA82280000
u_dut/u_pc2/pc1_r2_1[4]_i_3,LUT3,SLICE_X61Y236,SLICEL.B5LUT,8'hE8
u_dut/u_pc2/pc1_r2_1_reg[0],FDRE,SLICE_X62Y238,SLICEM.BFF,1'b0
u_dut/u_pc2/pc1_r2_1_reg[1],FDRE,SLICE_X62Y238,SLICEM.A5FF,1'b0
u_dut/u_pc2/pc1_r2_1_reg[2],FDRE,SLICE_X61Y236,SLICEL.CFF,1'b0
u_dut/u_pc2/pc1_r2_1_reg[3],FDRE,SLICE_X61Y237,SLICEL.BFF,1'b0
u_dut/u_pc2/pc1_r2_1_reg[4],FDRE,SLICE_X61Y237,SLICEL.CFF,1'b0
u_dut/u_pc2/pc1_r2_2[0]_i_1,LUT4,SLICE_X43Y234,SLICEL.C6LUT,16'h6996
u_dut/u_pc2/pc1_r2_2[1]_i_1,LUT5,SLICE_X43Y234,SLICEL.D6LUT,32'h81177EE8
u_dut/u_pc2/pc1_r2_2[1]_i_2,LUT4,SLICE_X46Y235,SLICEM.A6LUT,16'h6996
u_dut/u_pc2/pc1_r2_2[2]_i_1,LUT6,SLICE_X47Y235,SLICEL.C6LUT,64'h9669699666666666
u_dut/u_pc2/pc1_r2_2[2]_i_2,LUT5,SLICE_X43Y234,SLICEL.D5LUT,32'hFEE88000
u_dut/u_pc2/pc1_r2_2[2]_i_3,LUT5,SLICE_X46Y235,SLICEM.D6LUT,32'h96696996
u_dut/u_pc2/pc1_r2_2[3]_i_1,LUT6,SLICE_X46Y235,SLICEM.B6LUT,64'hA99595569556566A
u_dut/u_pc2/pc1_r2_2[4]_i_1,LUT6,SLICE_X46Y235,SLICEM.C6LUT,64'hFEEAEAA8EAA8A880
u_dut/u_pc2/pc1_r2_2[4]_i_2,LUT6,SLICE_X47Y235,SLICEL.D6LUT,64'hEBBEAAAA82280000
u_dut/u_pc2/pc1_r2_2[4]_i_3,LUT3,SLICE_X46Y235,SLICEM.A5LUT,8'hE8
u_dut/u_pc2/pc1_r2_2_reg[0],FDRE,SLICE_X43Y234,SLICEL.CFF,1'b0
u_dut/u_pc2/pc1_r2_2_reg[1],FDRE,SLICE_X51Y236,SLICEL.B5FF,1'b0
u_dut/u_pc2/pc1_r2_2_reg[2],FDRE,SLICE_X47Y235,SLICEL.CFF,1'b0
u_dut/u_pc2/pc1_r2_2_reg[3],FDRE,SLICE_X46Y235,SLICEM.BFF,1'b0
u_dut/u_pc2/pc1_r2_2_reg[4],FDRE,SLICE_X46Y235,SLICEM.CFF,1'b0
u_dut/u_pc2/pc1_r2_3[0]_i_1,LUT4,SLICE_X47Y236,SLICEL.A6LUT,16'h6996
u_dut/u_pc2/pc1_r2_3[1]_i_1,LUT5,SLICE_X46Y236,SLICEM.A6LUT,32'h81177EE8
u_dut/u_pc2/pc1_r2_3[1]_i_2,LUT4,SLICE_X46Y236,SLICEM.B6LUT,16'h6996
u_dut/u_pc2/pc1_r2_3[2]_i_1,LUT6,SLICE_X46Y236,SLICEM.C6LUT,64'h9669699666666666
u_dut/u_pc2/pc1_r2_3[2]_i_2,LUT5,SLICE_X46Y236,SLICEM.A5LUT,32'hFEE88000
u_dut/u_pc2/pc1_r2_3[2]_i_3,LUT5,SLICE_X47Y236,SLICEL.D6LUT,32'h96696996
u_dut/u_pc2/pc1_r2_3[3]_i_1,LUT6,SLICE_X47Y236,SLICEL.B6LUT,64'hA99595569556566A
u_dut/u_pc2/pc1_r2_3[4]_i_1,LUT6,SLICE_X47Y236,SLICEL.C6LUT,64'hFEEAEAA8EAA8A880
u_dut/u_pc2/pc1_r2_3[4]_i_2,LUT6,SLICE_X46Y236,SLICEM.D6LUT,64'hEBBEAAAA82280000
u_dut/u_pc2/pc1_r2_3[4]_i_3,LUT3,SLICE_X46Y236,SLICEM.B5LUT,8'hE8
u_dut/u_pc2/pc1_r2_3_reg[0],FDRE,SLICE_X47Y236,SLICEL.AFF,1'b0
u_dut/u_pc2/pc1_r2_3_reg[1],FDRE,SLICE_X46Y236,SLICEM.AFF,1'b0
u_dut/u_pc2/pc1_r2_3_reg[2],FDRE,SLICE_X46Y236,SLICEM.CFF,1'b0
u_dut/u_pc2/pc1_r2_3_reg[3],FDRE,SLICE_X47Y236,SLICEL.BFF,1'b0
u_dut/u_pc2/pc1_r2_3_reg[4],FDRE,SLICE_X47Y236,SLICEL.CFF,1'b0
u_dut/u_pc2/pc1_r2_4[0]_i_1,LUT4,SLICE_X40Y234,SLICEL.C6LUT,16'h6996
u_dut/u_pc2/pc1_r2_4[1]_i_1,LUT5,SLICE_X40Y234,SLICEL.D6LUT,32'h81177EE8
u_dut/u_pc2/pc1_r2_4[1]_i_2,LUT4,SLICE_X41Y234,SLICEL.B6LUT,16'h6996
u_dut/u_pc2/pc1_r2_4[2]_i_1,LUT6,SLICE_X41Y234,SLICEL.C6LUT,64'h9669699666666666
u_dut/u_pc2/pc1_r2_4[2]_i_2,LUT5,SLICE_X40Y234,SLICEL.D5LUT,32'hFEE88000
u_dut/u_pc2/pc1_r2_4[2]_i_3,LUT5,SLICE_X39Y234,SLICEL.D6LUT,32'h96696996
u_dut/u_pc2/pc1_r2_4[3]_i_1,LUT6,SLICE_X39Y234,SLICEL.B6LUT,64'hA99595569556566A
u_dut/u_pc2/pc1_r2_4[4]_i_1,LUT6,SLICE_X39Y234,SLICEL.C6LUT,64'hFEEAEAA8EAA8A880
u_dut/u_pc2/pc1_r2_4[4]_i_2,LUT6,SLICE_X41Y234,SLICEL.D6LUT,64'hEBBEAAAA82280000
u_dut/u_pc2/pc1_r2_4[4]_i_3,LUT3,SLICE_X41Y234,SLICEL.B5LUT,8'hE8
u_dut/u_pc2/pc1_r2_4_reg[0],FDRE,SLICE_X40Y234,SLICEL.CFF,1'b0
u_dut/u_pc2/pc1_r2_4_reg[1],FDRE,SLICE_X45Y236,SLICEL.BFF,1'b0
u_dut/u_pc2/pc1_r2_4_reg[2],FDRE,SLICE_X41Y234,SLICEL.CFF,1'b0
u_dut/u_pc2/pc1_r2_4_reg[3],FDRE,SLICE_X39Y234,SLICEL.BFF,1'b0
u_dut/u_pc2/pc1_r2_4_reg[4],FDRE,SLICE_X39Y234,SLICEL.CFF,1'b0
u_dut/u_pc2/pc1_r2_5[0]_i_1,LUT4,SLICE_X54Y239,SLICEM.C6LUT,16'h6996
u_dut/u_pc2/pc1_r2_5[1]_i_1,LUT5,SLICE_X54Y239,SLICEM.D6LUT,32'h81177EE8
u_dut/u_pc2/pc1_r2_5[1]_i_2,LUT4,SLICE_X54Y238,SLICEM.B6LUT,16'h6996
u_dut/u_pc2/pc1_r2_5[2]_i_1,LUT6,SLICE_X54Y238,SLICEM.C6LUT,64'h9669699666666666
u_dut/u_pc2/pc1_r2_5[2]_i_2,LUT5,SLICE_X54Y239,SLICEM.D5LUT,32'hFEE88000
u_dut/u_pc2/pc1_r2_5[2]_i_3,LUT5,SLICE_X53Y238,SLICEL.D6LUT,32'h96696996
u_dut/u_pc2/pc1_r2_5[3]_i_1,LUT6,SLICE_X53Y239,SLICEL.A6LUT,64'hA99595569556566A
u_dut/u_pc2/pc1_r2_5[4]_i_1,LUT6,SLICE_X53Y239,SLICEL.B6LUT,64'hFEEAEAA8EAA8A880
u_dut/u_pc2/pc1_r2_5[4]_i_2,LUT6,SLICE_X54Y238,SLICEM.D6LUT,64'hEBBEAAAA82280000
u_dut/u_pc2/pc1_r2_5[4]_i_3,LUT3,SLICE_X54Y238,SLICEM.B5LUT,8'hE8
u_dut/u_pc2/pc1_r2_5_reg[0],FDRE,SLICE_X54Y239,SLICEM.CFF,1'b0
u_dut/u_pc2/pc1_r2_5_reg[1],FDRE,SLICE_X54Y239,SLICEM.A5FF,1'b0
u_dut/u_pc2/pc1_r2_5_reg[2],FDRE,SLICE_X54Y238,SLICEM.CFF,1'b0
u_dut/u_pc2/pc1_r2_5_reg[3],FDRE,SLICE_X53Y239,SLICEL.AFF,1'b0
u_dut/u_pc2/pc1_r2_5_reg[4],FDRE,SLICE_X53Y239,SLICEL.BFF,1'b0
u_dut/u_pc2/pc1_r2_6[0]_i_1,LUT4,SLICE_X51Y244,SLICEL.C6LUT,16'h6996
u_dut/u_pc2/pc1_r2_6[1]_i_1,LUT5,SLICE_X51Y244,SLICEL.D6LUT,32'h81177EE8
u_dut/u_pc2/pc1_r2_6[1]_i_2,LUT4,SLICE_X51Y243,SLICEL.B6LUT,16'h6996
u_dut/u_pc2/pc1_r2_6[2]_i_1,LUT6,SLICE_X52Y242,SLICEM.A6LUT,64'h9669699666666666
u_dut/u_pc2/pc1_r2_6[2]_i_2,LUT5,SLICE_X51Y244,SLICEL.D5LUT,32'hFEE88000
u_dut/u_pc2/pc1_r2_6[2]_i_3,LUT5,SLICE_X51Y242,SLICEL.C6LUT,32'h96696996
u_dut/u_pc2/pc1_r2_6[3]_i_1,LUT6,SLICE_X52Y242,SLICEM.B6LUT,64'hA99595569556566A
u_dut/u_pc2/pc1_r2_6[4]_i_1,LUT6,SLICE_X52Y242,SLICEM.C6LUT,64'hFEEAEAA8EAA8A880
u_dut/u_pc2/pc1_r2_6[4]_i_2,LUT6,SLICE_X52Y242,SLICEM.D6LUT,64'hEBBEAAAA82280000
u_dut/u_pc2/pc1_r2_6[4]_i_3,LUT3,SLICE_X51Y243,SLICEL.B5LUT,8'hE8
u_dut/u_pc2/pc1_r2_6_reg[0],FDRE,SLICE_X51Y244,SLICEL.CFF,1'b0
u_dut/u_pc2/pc1_r2_6_reg[1],FDRE,SLICE_X51Y243,SLICEL.BFF,1'b0
u_dut/u_pc2/pc1_r2_6_reg[2],FDRE,SLICE_X52Y242,SLICEM.AFF,1'b0
u_dut/u_pc2/pc1_r2_6_reg[3],FDRE,SLICE_X52Y242,SLICEM.BFF,1'b0
u_dut/u_pc2/pc1_r2_6_reg[4],FDRE,SLICE_X52Y242,SLICEM.CFF,1'b0
u_dut/u_pc2/pc1_r2_7[0]_i_1,LUT4,SLICE_X43Y241,SLICEL.C6LUT,16'h6996
u_dut/u_pc2/pc1_r2_7[1]_i_1,LUT5,SLICE_X43Y241,SLICEL.D6LUT,32'h81177EE8
u_dut/u_pc2/pc1_r2_7[1]_i_2,LUT4,SLICE_X41Y241,SLICEL.B6LUT,16'h6996
u_dut/u_pc2/pc1_r2_7[2]_i_1,LUT6,SLICE_X41Y241,SLICEL.C6LUT,64'h9669699666666666
u_dut/u_pc2/pc1_r2_7[2]_i_2,LUT5,SLICE_X43Y241,SLICEL.D5LUT,32'hFEE88000
u_dut/u_pc2/pc1_r2_7[2]_i_3,LUT5,SLICE_X40Y240,SLICEL.D6LUT,32'h96696996
u_dut/u_pc2/pc1_r2_7[3]_i_1,LUT6,SLICE_X40Y240,SLICEL.B6LUT,64'hA99595569556566A
u_dut/u_pc2/pc1_r2_7[4]_i_1,LUT6,SLICE_X40Y240,SLICEL.C6LUT,64'hFEEAEAA8EAA8A880
u_dut/u_pc2/pc1_r2_7[4]_i_2,LUT6,SLICE_X41Y241,SLICEL.D6LUT,64'hEBBEAAAA82280000
u_dut/u_pc2/pc1_r2_7[4]_i_3,LUT3,SLICE_X41Y241,SLICEL.B5LUT,8'hE8
u_dut/u_pc2/pc1_r2_7_reg[0],FDRE,SLICE_X43Y241,SLICEL.CFF,1'b0
u_dut/u_pc2/pc1_r2_7_reg[1],FDRE,SLICE_X48Y240,SLICEL.A5FF,1'b0
u_dut/u_pc2/pc1_r2_7_reg[2],FDRE,SLICE_X41Y241,SLICEL.CFF,1'b0
u_dut/u_pc2/pc1_r2_7_reg[3],FDRE,SLICE_X40Y240,SLICEL.BFF,1'b0
u_dut/u_pc2/pc1_r2_7_reg[4],FDRE,SLICE_X40Y240,SLICEL.CFF,1'b0
u_dut/u_pc2/pc1_r2_8[0]_i_1,LUT2,SLICE_X51Y239,SLICEL.A6LUT,4'h6
u_dut/u_pc2/pc1_r2_8[1]_i_1,LUT4,SLICE_X51Y239,SLICEL.A5LUT,16'h8778
u_dut/u_pc2/pc1_r2_8[2]_i_1,LUT5,SLICE_X51Y239,SLICEL.B6LUT,32'h077FF880
u_dut/u_pc2/pc1_r2_8[3]_i_1,LUT5,SLICE_X51Y239,SLICEL.B5LUT,32'hAA808000
u_dut/u_pc2/pc1_r2_8_reg[0],FDRE,SLICE_X51Y239,SLICEL.AFF,1'b0
u_dut/u_pc2/pc1_r2_8_reg[1],FDRE,SLICE_X51Y239,SLICEL.A5FF,1'b0
u_dut/u_pc2/pc1_r2_8_reg[2],FDRE,SLICE_X51Y239,SLICEL.BFF,1'b0
u_dut/u_pc2/pc1_r2_8_reg[3],FDRE,SLICE_X51Y239,SLICEL.B5FF,1'b0
u_dut/u_pc2/pc1_r4_0[3]_i_2,LUT5,SLICE_X51Y236,SLICEL.D6LUT,32'hEEE8E888
u_dut/u_pc2/pc1_r4_0[3]_i_3,LUT5,SLICE_X51Y236,SLICEL.D5LUT,32'hE81717E8
u_dut/u_pc2/pc1_r4_0[3]_i_4,LUT4,SLICE_X52Y236,SLICEM.A6LUT,16'h6996
u_dut/u_pc2/pc1_r4_0[3]_i_5,LUT6,SLICE_X50Y236,SLICEM.D6LUT,64'h6969699669969696
u_dut/u_pc2/pc1_r4_0[3]_i_6,LUT6,SLICE_X50Y236,SLICEM.C6LUT,64'h6999999699969666
u_dut/u_pc2/pc1_r4_0[3]_i_7,LUT4,SLICE_X50Y236,SLICEM.B6LUT,16'h566A
u_dut/u_pc2/pc1_r4_0[3]_i_8,LUT4,SLICE_X50Y236,SLICEM.A6LUT,16'h6996
u_dut/u_pc2/pc1_r4_0[3]_i_9,LUT3,SLICE_X51Y236,SLICEL.C6LUT,8'h96
u_dut/u_pc2/pc1_r4_0[6]_i_2,LUT5,SLICE_X52Y237,SLICEM.C6LUT,32'hEEE8E888
u_dut/u_pc2/pc1_r4_0[6]_i_3,LUT5,SLICE_X51Y236,SLICEL.C5LUT,32'hEEE8E888
u_dut/u_pc2/pc1_r4_0[6]_i_4,LUT5,SLICE_X50Y237,SLICEM.B6LUT,32'h177E7EE8
u_dut/u_pc2/pc1_r4_0[6]_i_5,LUT6,SLICE_X50Y237,SLICEM.A6LUT,64'h6969699669969696
u_dut/u_pc2/pc1_r4_0[6]_i_6,LUT3,SLICE_X52Y237,SLICEM.D6LUT,8'h96
u_dut/u_pc2/pc1_r4_0[6]_i_7,LUT3,SLICE_X52Y237,SLICEM.B6LUT,8'h96
u_dut/u_pc2/pc1_r4_0[6]_i_8,LUT3,SLICE_X52Y237,SLICEM.B5LUT,8'hE8
u_dut/u_pc2/pc1_r4_0_reg[0],FDRE,SLICE_X50Y236,SLICEM.AFF,1'b0
u_dut/u_pc2/pc1_r4_0_reg[1],FDRE,SLICE_X50Y236,SLICEM.BFF,1'b0
u_dut/u_pc2/pc1_r4_0_reg[2],FDRE,SLICE_X50Y236,SLICEM.CFF,1'b0
u_dut/u_pc2/pc1_r4_0_reg[3],FDRE,SLICE_X50Y236,SLICEM.DFF,1'b0
u_dut/u_pc2/pc1_r4_0_reg[3]_i_1,CARRY4,SLICE_X50Y236,SLICEM.CARRY4,
u_dut/u_pc2/pc1_r4_0_reg[4],FDRE,SLICE_X50Y237,SLICEM.AFF,1'b0
u_dut/u_pc2/pc1_r4_0_reg[5],FDRE,SLICE_X50Y237,SLICEM.BFF,1'b0
u_dut/u_pc2/pc1_r4_0_reg[6],FDRE,SLICE_X50Y237,SLICEM.CFF,1'b0
u_dut/u_pc2/pc1_r4_0_reg[6]_i_1,CARRY4,SLICE_X50Y237,SLICEM.CARRY4,
u_dut/u_pc2/pc1_r4_1[3]_i_2,LUT5,SLICE_X53Y239,SLICEL.C6LUT,32'hEEE8E888
u_dut/u_pc2/pc1_r4_1[3]_i_3,LUT5,SLICE_X53Y239,SLICEL.C5LUT,32'hE81717E8
u_dut/u_pc2/pc1_r4_1[3]_i_4,LUT4,SLICE_X53Y239,SLICEL.D6LUT,16'h6996
u_dut/u_pc2/pc1_r4_1[3]_i_5,LUT6,SLICE_X52Y239,SLICEM.D6LUT,64'h6969699669969696
u_dut/u_pc2/pc1_r4_1[3]_i_6,LUT6,SLICE_X52Y239,SLICEM.C6LUT,64'h6999999699969666
u_dut/u_pc2/pc1_r4_1[3]_i_7,LUT4,SLICE_X52Y239,SLICEM.B6LUT,16'h566A
u_dut/u_pc2/pc1_r4_1[3]_i_8,LUT4,SLICE_X52Y239,SLICEM.A6LUT,16'h6996
u_dut/u_pc2/pc1_r4_1[3]_i_9,LUT3,SLICE_X53Y240,SLICEL.B6LUT,8'h96
u_dut/u_pc2/pc1_r4_1[6]_i_2,LUT5,SLICE_X53Y240,SLICEL.C6LUT,32'hEEE8E888
u_dut/u_pc2/pc1_r4_1[6]_i_3,LUT5,SLICE_X53Y240,SLICEL.B5LUT,32'hEEE8E888
u_dut/u_pc2/pc1_r4_1[6]_i_4,LUT5,SLICE_X52Y240,SLICEM.B6LUT,32'h177E7EE8
u_dut/u_pc2/pc1_r4_1[6]_i_5,LUT6,SLICE_X52Y240,SLICEM.A6LUT,64'h6969699669969696
u_dut/u_pc2/pc1_r4_1[6]_i_6,LUT3,SLICE_X53Y240,SLICEL.D6LUT,8'h96
u_dut/u_pc2/pc1_r4_1[6]_i_7,LUT3,SLICE_X53Y240,SLICEL.A6LUT,8'h96
u_dut/u_pc2/pc1_r4_1[6]_i_8,LUT3,SLICE_X53Y240,SLICEL.A5LUT,8'hE8
u_dut/u_pc2/pc1_r4_1_reg[0],FDRE,SLICE_X52Y239,SLICEM.AFF,1'b0
u_dut/u_pc2/pc1_r4_1_reg[1],FDRE,SLICE_X52Y239,SLICEM.BFF,1'b0
u_dut/u_pc2/pc1_r4_1_reg[2],FDRE,SLICE_X52Y239,SLICEM.CFF,1'b0
u_dut/u_pc2/pc1_r4_1_reg[3],FDRE,SLICE_X52Y239,SLICEM.DFF,1'b0
u_dut/u_pc2/pc1_r4_1_reg[3]_i_1,CARRY4,SLICE_X52Y239,SLICEM.CARRY4,
u_dut/u_pc2/pc1_r4_1_reg[4],FDRE,SLICE_X52Y240,SLICEM.AFF,1'b0
u_dut/u_pc2/pc1_r4_1_reg[5],FDRE,SLICE_X52Y240,SLICEM.BFF,1'b0
u_dut/u_pc2/pc1_r4_1_reg[6],FDRE,SLICE_X52Y240,SLICEM.CFF,1'b0
u_dut/u_pc2/pc1_r4_1_reg[6]_i_1,CARRY4,SLICE_X52Y240,SLICEM.CARRY4,
u_dut/u_pc2/pc1_r4_2_reg[0],FDRE,SLICE_X51Y239,SLICEL.CFF,1'b0
u_dut/u_pc2/pc1_r4_2_reg[1],FDRE,SLICE_X51Y239,SLICEL.DFF,1'b0
u_dut/u_pc2/pc1_r4_2_reg[2],FDRE,SLICE_X51Y239,SLICEL.C5FF,1'b0
u_dut/u_pc2/pc1_r4_2_reg[3],FDRE,SLICE_X51Y239,SLICEL.D5FF,1'b0
u_dut/u_pc2/pc1_r6_0[3]_i_2,LUT3,SLICE_X50Y239,SLICEM.C5LUT,8'hE8
u_dut/u_pc2/pc1_r6_0[3]_i_3,LUT3,SLICE_X50Y239,SLICEM.B5LUT,8'hE8
u_dut/u_pc2/pc1_r6_0[3]_i_4,LUT3,SLICE_X50Y239,SLICEM.A5LUT,8'hE8
u_dut/u_pc2/pc1_r6_0[3]_i_5,LUT4,SLICE_X50Y239,SLICEM.D6LUT,16'h6996
u_dut/u_pc2/pc1_r6_0[3]_i_6,LUT4,SLICE_X50Y239,SLICEM.C6LUT,16'h6996
u_dut/u_pc2/pc1_r6_0[3]_i_7,LUT4,SLICE_X50Y239,SLICEM.B6LUT,16'h6996
u_dut/u_pc2/pc1_r6_0[3]_i_8,LUT3,SLICE_X50Y239,SLICEM.A6LUT,8'h96
u_dut/u_pc2/pc1_r6_0[7]_i_2,LUT2,SLICE_X50Y240,SLICEM.C5LUT,4'h8
u_dut/u_pc2/pc1_r6_0[7]_i_3,LUT2,SLICE_X50Y240,SLICEM.B5LUT,4'h8
u_dut/u_pc2/pc1_r6_0[7]_i_4,LUT3,SLICE_X50Y240,SLICEM.A5LUT,8'hE8
u_dut/u_pc2/pc1_r6_0[7]_i_5,LUT2,SLICE_X50Y240,SLICEM.D6LUT,4'h8
u_dut/u_pc2/pc1_r6_0[7]_i_6,LUT4,SLICE_X50Y240,SLICEM.C6LUT,16'h8778
u_dut/u_pc2/pc1_r6_0[7]_i_7,LUT4,SLICE_X50Y240,SLICEM.B6LUT,16'h8778
u_dut/u_pc2/pc1_r6_0[7]_i_8,LUT5,SLICE_X50Y240,SLICEM.A6LUT,32'hE81717E8
u_dut/u_pc2/pc1_r6_0_reg[0],FDRE,SLICE_X50Y239,SLICEM.AFF,1'b0
u_dut/u_pc2/pc1_r6_0_reg[1],FDRE,SLICE_X50Y239,SLICEM.BFF,1'b0
u_dut/u_pc2/pc1_r6_0_reg[2],FDRE,SLICE_X50Y239,SLICEM.CFF,1'b0
u_dut/u_pc2/pc1_r6_0_reg[3],FDRE,SLICE_X50Y239,SLICEM.DFF,1'b0
u_dut/u_pc2/pc1_r6_0_reg[3]_i_1,CARRY4,SLICE_X50Y239,SLICEM.CARRY4,
u_dut/u_pc2/pc1_r6_0_reg[4],FDRE,SLICE_X50Y240,SLICEM.AFF,1'b0
u_dut/u_pc2/pc1_r6_0_reg[5],FDRE,SLICE_X50Y240,SLICEM.BFF,1'b0
u_dut/u_pc2/pc1_r6_0_reg[6],FDRE,SLICE_X50Y240,SLICEM.CFF,1'b0
u_dut/u_pc2/pc1_r6_0_reg[7],FDRE,SLICE_X50Y240,SLICEM.DFF,1'b0
u_dut/u_pc2/pc1_r6_0_reg[7]_i_1,CARRY4,SLICE_X50Y240,SLICEM.CARRY4,
u_dut/u_pc2/pc2_a0[0]_i_1,LUT6,SLICE_X43Y211,SLICEL.B6LUT,64'h6996966996696996
u_dut/u_pc2/pc2_a0[1]_i_1,LUT6,SLICE_X44Y211,SLICEL.B6LUT,64'h8117177E177E7EE8
u_dut/u_pc2/pc2_a0[2]_i_1,LUT6,SLICE_X44Y211,SLICEL.C6LUT,64'hFEE8E880E8808000
u_dut/u_pc2/pc2_a0_reg[0],FDRE,SLICE_X43Y211,SLICEL.BFF,1'b0
u_dut/u_pc2/pc2_a0_reg[1],FDRE,SLICE_X44Y211,SLICEL.BFF,1'b0
u_dut/u_pc2/pc2_a0_reg[2],FDRE,SLICE_X44Y211,SLICEL.CFF,1'b0
u_dut/u_pc2/pc2_a10[0]_i_1,LUT6,SLICE_X41Y208,SLICEL.B6LUT,64'h6996966996696996
u_dut/u_pc2/pc2_a10[1]_i_1,LUT6,SLICE_X41Y208,SLICEL.C6LUT,64'h8117177E177E7EE8
u_dut/u_pc2/pc2_a10[2]_i_1,LUT6,SLICE_X41Y209,SLICEL.D6LUT,64'hFEE8E880E8808000
u_dut/u_pc2/pc2_a10_reg[0],FDRE,SLICE_X41Y208,SLICEL.BFF,1'b0
u_dut/u_pc2/pc2_a10_reg[1],FDRE,SLICE_X41Y208,SLICEL.CFF,1'b0
u_dut/u_pc2/pc2_a10_reg[2],FDRE,SLICE_X41Y209,SLICEL.DFF,1'b0
u_dut/u_pc2/pc2_a11[0]_i_1,LUT6,SLICE_X45Y208,SLICEL.A6LUT,64'h6996966996696996
u_dut/u_pc2/pc2_a11[1]_i_1,LUT6,SLICE_X45Y209,SLICEL.A6LUT,64'h8117177E177E7EE8
u_dut/u_pc2/pc2_a11[2]_i_1,LUT6,SLICE_X45Y210,SLICEL.A6LUT,64'hFEE8E880E8808000
u_dut/u_pc2/pc2_a11_reg[0],FDRE,SLICE_X45Y208,SLICEL.AFF,1'b0
u_dut/u_pc2/pc2_a11_reg[1],FDRE,SLICE_X45Y209,SLICEL.AFF,1'b0
u_dut/u_pc2/pc2_a11_reg[2],FDRE,SLICE_X45Y210,SLICEL.AFF,1'b0
u_dut/u_pc2/pc2_a12[0]_i_1,LUT6,SLICE_X35Y210,SLICEL.C6LUT,64'h6996966996696996
u_dut/u_pc2/pc2_a12[1]_i_1,LUT6,SLICE_X34Y211,SLICEL.D6LUT,64'h8117177E177E7EE8
u_dut/u_pc2/pc2_a12[2]_i_1,LUT6,SLICE_X33Y211,SLICEL.D6LUT,64'hFEE8E880E8808000
u_dut/u_pc2/pc2_a12_reg[0],FDRE,SLICE_X35Y210,SLICEL.CFF,1'b0
u_dut/u_pc2/pc2_a12_reg[1],FDRE,SLICE_X34Y211,SLICEL.DFF,1'b0
u_dut/u_pc2/pc2_a12_reg[2],FDRE,SLICE_X33Y211,SLICEL.DFF,1'b0
u_dut/u_pc2/pc2_a13[0]_i_1,LUT6,SLICE_X36Y210,SLICEL.C6LUT,64'h6996966996696996
u_dut/u_pc2/pc2_a13[1]_i_1,LUT6,SLICE_X35Y211,SLICEL.A6LUT,64'h8117177E177E7EE8
u_dut/u_pc2/pc2_a13[2]_i_1,LUT6,SLICE_X36Y211,SLICEL.A6LUT,64'hFEE8E880E8808000
u_dut/u_pc2/pc2_a13_reg[0],FDRE,SLICE_X36Y210,SLICEL.CFF,1'b0
u_dut/u_pc2/pc2_a13_reg[1],FDRE,SLICE_X35Y211,SLICEL.AFF,1'b0
u_dut/u_pc2/pc2_a13_reg[2],FDRE,SLICE_X36Y211,SLICEL.AFF,1'b0
u_dut/u_pc2/pc2_a14[0]_i_1,LUT6,SLICE_X34Y212,SLICEL.C6LUT,64'h6996966996696996
u_dut/u_pc2/pc2_a14[1]_i_1,LUT6,SLICE_X34Y212,SLICEL.D6LUT,64'h8117177E177E7EE8
u_dut/u_pc2/pc2_a14[2]_i_1,LUT6,SLICE_X33Y214,SLICEL.D6LUT,64'hFEE8E880E8808000
u_dut/u_pc2/pc2_a14_reg[0],FDRE,SLICE_X34Y212,SLICEL.CFF,1'b0
u_dut/u_pc2/pc2_a14_reg[1],FDRE,SLICE_X34Y212,SLICEL.DFF,1'b0
u_dut/u_pc2/pc2_a14_reg[2],FDRE,SLICE_X33Y214,SLICEL.DFF,1'b0
u_dut/u_pc2/pc2_a15[0]_i_1,LUT6,SLICE_X32Y210,SLICEL.D6LUT,64'h6996966996696996
u_dut/u_pc2/pc2_a15[1]_i_1,LUT6,SLICE_X31Y211,SLICEL.C6LUT,64'h8117177E177E7EE8
u_dut/u_pc2/pc2_a15[2]_i_1,LUT6,SLICE_X32Y212,SLICEL.C6LUT,64'hFEE8E880E8808000
u_dut/u_pc2/pc2_a15_reg[0],FDRE,SLICE_X32Y210,SLICEL.DFF,1'b0
u_dut/u_pc2/pc2_a15_reg[1],FDRE,SLICE_X31Y211,SLICEL.CFF,1'b0
u_dut/u_pc2/pc2_a15_reg[2],FDRE,SLICE_X32Y212,SLICEL.CFF,1'b0
u_dut/u_pc2/pc2_a16[0]_i_1,LUT6,SLICE_X16Y212,SLICEM.A6LUT,64'h6996966996696996
u_dut/u_pc2/pc2_a16[1]_i_1,LUT6,SLICE_X15Y212,SLICEL.A6LUT,64'h8117177E177E7EE8
u_dut/u_pc2/pc2_a16[2]_i_1,LUT6,SLICE_X14Y211,SLICEM.C6LUT,64'hFEE8E880E8808000
u_dut/u_pc2/pc2_a16_reg[0],FDRE,SLICE_X16Y212,SLICEM.AFF,1'b0
u_dut/u_pc2/pc2_a16_reg[1],FDRE,SLICE_X15Y212,SLICEL.AFF,1'b0
u_dut/u_pc2/pc2_a16_reg[2],FDRE,SLICE_X14Y211,SLICEM.CFF,1'b0
u_dut/u_pc2/pc2_a17[0]_i_1,LUT6,SLICE_X16Y212,SLICEM.B6LUT,64'h6996966996696996
u_dut/u_pc2/pc2_a17[1]_i_1,LUT6,SLICE_X17Y212,SLICEL.B6LUT,64'h8117177E177E7EE8
u_dut/u_pc2/pc2_a17[2]_i_1,LUT6,SLICE_X19Y211,SLICEL.C6LUT,64'hFEE8E880E8808000
u_dut/u_pc2/pc2_a17_reg[0],FDRE,SLICE_X16Y212,SLICEM.BFF,1'b0
u_dut/u_pc2/pc2_a17_reg[1],FDRE,SLICE_X17Y212,SLICEL.BFF,1'b0
u_dut/u_pc2/pc2_a17_reg[2],FDRE,SLICE_X19Y211,SLICEL.CFF,1'b0
u_dut/u_pc2/pc2_a18[0]_i_1,LUT6,SLICE_X14Y212,SLICEM.A6LUT,64'h6996966996696996
u_dut/u_pc2/pc2_a18[1]_i_1,LUT6,SLICE_X14Y212,SLICEM.B6LUT,64'h8117177E177E7EE8
u_dut/u_pc2/pc2_a18[2]_i_1,LUT6,SLICE_X14Y211,SLICEM.D6LUT,64'hFEE8E880E8808000
u_dut/u_pc2/pc2_a18_reg[0],FDRE,SLICE_X14Y212,SLICEM.AFF,1'b0
u_dut/u_pc2/pc2_a18_reg[1],FDRE,SLICE_X14Y212,SLICEM.BFF,1'b0
u_dut/u_pc2/pc2_a18_reg[2],FDRE,SLICE_X14Y211,SLICEM.DFF,1'b0
u_dut/u_pc2/pc2_a19[0]_i_1,LUT6,SLICE_X17Y212,SLICEL.C6LUT,64'h6996966996696996
u_dut/u_pc2/pc2_a19[1]_i_1,LUT6,SLICE_X17Y212,SLICEL.D6LUT,64'h8117177E177E7EE8
u_dut/u_pc2/pc2_a19[2]_i_1,LUT6,SLICE_X17Y211,SLICEL.D6LUT,64'hFEE8E880E8808000
u_dut/u_pc2/pc2_a19_reg[0],FDRE,SLICE_X17Y212,SLICEL.CFF,1'b0
u_dut/u_pc2/pc2_a19_reg[1],FDRE,SLICE_X17Y212,SLICEL.DFF,1'b0
u_dut/u_pc2/pc2_a19_reg[2],FDRE,SLICE_X17Y211,SLICEL.DFF,1'b0
u_dut/u_pc2/pc2_a1[0]_i_1,LUT6,SLICE_X42Y211,SLICEM.B6LUT,64'h6996966996696996
u_dut/u_pc2/pc2_a1[1]_i_1,LUT6,SLICE_X44Y209,SLICEL.C6LUT,64'h8117177E177E7EE8
u_dut/u_pc2/pc2_a1[2]_i_1,LUT6,SLICE_X45Y209,SLICEL.B6LUT,64'hFEE8E880E8808000
u_dut/u_pc2/pc2_a1_reg[0],FDRE,SLICE_X42Y211,SLICEM.BFF,1'b0
u_dut/u_pc2/pc2_a1_reg[1],FDRE,SLICE_X44Y209,SLICEL.CFF,1'b0
u_dut/u_pc2/pc2_a1_reg[2],FDRE,SLICE_X45Y209,SLICEL.BFF,1'b0
u_dut/u_pc2/pc2_a20[0]_i_1,LUT6,SLICE_X11Y219,SLICEL.B6LUT,64'h6996966996696996
u_dut/u_pc2/pc2_a20[1]_i_1,LUT6,SLICE_X11Y219,SLICEL.C6LUT,64'h8117177E177E7EE8
u_dut/u_pc2/pc2_a20[2]_i_1,LUT6,SLICE_X9Y219,SLICEL.B6LUT,64'hFEE8E880E8808000
u_dut/u_pc2/pc2_a20_reg[0],FDRE,SLICE_X11Y219,SLICEL.BFF,1'b0
u_dut/u_pc2/pc2_a20_reg[1],FDRE,SLICE_X11Y219,SLICEL.CFF,1'b0
u_dut/u_pc2/pc2_a20_reg[2],FDRE,SLICE_X9Y219,SLICEL.BFF,1'b0
u_dut/u_pc2/pc2_a21[0]_i_1,LUT6,SLICE_X11Y215,SLICEL.A6LUT,64'h6996966996696996
u_dut/u_pc2/pc2_a21[1]_i_1,LUT6,SLICE_X10Y216,SLICEM.B6LUT,64'h8117177E177E7EE8
u_dut/u_pc2/pc2_a21[2]_i_1,LUT6,SLICE_X10Y216,SLICEM.C6LUT,64'hFEE8E880E8808000
u_dut/u_pc2/pc2_a21_reg[0],FDRE,SLICE_X11Y215,SLICEL.AFF,1'b0
u_dut/u_pc2/pc2_a21_reg[1],FDRE,SLICE_X10Y216,SLICEM.BFF,1'b0
u_dut/u_pc2/pc2_a21_reg[2],FDRE,SLICE_X10Y216,SLICEM.CFF,1'b0
u_dut/u_pc2/pc2_a22[0]_i_1,LUT6,SLICE_X12Y215,SLICEM.A6LUT,64'h6996966996696996
u_dut/u_pc2/pc2_a22[1]_i_1,LUT6,SLICE_X11Y215,SLICEL.B6LUT,64'h8117177E177E7EE8
u_dut/u_pc2/pc2_a22[2]_i_1,LUT6,SLICE_X10Y216,SLICEM.D6LUT,64'hFEE8E880E8808000
u_dut/u_pc2/pc2_a22_reg[0],FDRE,SLICE_X12Y215,SLICEM.AFF,1'b0
u_dut/u_pc2/pc2_a22_reg[1],FDRE,SLICE_X11Y215,SLICEL.BFF,1'b0
u_dut/u_pc2/pc2_a22_reg[2],FDRE,SLICE_X10Y216,SLICEM.DFF,1'b0
u_dut/u_pc2/pc2_a23[0]_i_1,LUT6,SLICE_X9Y216,SLICEL.B6LUT,64'h6996966996696996
u_dut/u_pc2/pc2_a23[1]_i_1,LUT6,SLICE_X11Y216,SLICEL.A6LUT,64'h8117177E177E7EE8
u_dut/u_pc2/pc2_a23[2]_i_1,LUT6,SLICE_X9Y217,SLICEL.B6LUT,64'hFEE8E880E8808000
u_dut/u_pc2/pc2_a23_reg[0],FDRE,SLICE_X9Y216,SLICEL.BFF,1'b0
u_dut/u_pc2/pc2_a23_reg[1],FDRE,SLICE_X11Y216,SLICEL.AFF,1'b0
u_dut/u_pc2/pc2_a23_reg[2],FDRE,SLICE_X9Y217,SLICEL.BFF,1'b0
u_dut/u_pc2/pc2_a24[0]_i_1,LUT6,SLICE_X20Y213,SLICEM.D6LUT,64'h6996966996696996
u_dut/u_pc2/pc2_a24[1]_i_1,LUT6,SLICE_X20Y214,SLICEM.C6LUT,64'h8117177E177E7EE8
u_dut/u_pc2/pc2_a24[2]_i_1,LUT6,SLICE_X17Y214,SLICEL.A6LUT,64'hFEE8E880E8808000
u_dut/u_pc2/pc2_a24_reg[0],FDRE,SLICE_X20Y213,SLICEM.DFF,1'b0
u_dut/u_pc2/pc2_a24_reg[1],FDRE,SLICE_X20Y214,SLICEM.CFF,1'b0
u_dut/u_pc2/pc2_a24_reg[2],FDRE,SLICE_X17Y214,SLICEL.AFF,1'b0
u_dut/u_pc2/pc2_a25[0]_i_1,LUT6,SLICE_X21Y213,SLICEL.D6LUT,64'h6996966996696996
u_dut/u_pc2/pc2_a25[1]_i_1,LUT6,SLICE_X20Y214,SLICEM.D6LUT,64'h8117177E177E7EE8
u_dut/u_pc2/pc2_a25[2]_i_1,LUT6,SLICE_X20Y215,SLICEM.B6LUT,64'hFEE8E880E8808000
u_dut/u_pc2/pc2_a25_reg[0],FDRE,SLICE_X21Y213,SLICEL.DFF,1'b0
u_dut/u_pc2/pc2_a25_reg[1],FDRE,SLICE_X20Y214,SLICEM.DFF,1'b0
u_dut/u_pc2/pc2_a25_reg[2],FDRE,SLICE_X20Y215,SLICEM.BFF,1'b0
u_dut/u_pc2/pc2_a26[0]_i_1,LUT6,SLICE_X16Y213,SLICEM.A6LUT,64'h6996966996696996
u_dut/u_pc2/pc2_a26[1]_i_1,LUT6,SLICE_X16Y213,SLICEM.B6LUT,64'h8117177E177E7EE8
u_dut/u_pc2/pc2_a26[2]_i_1,LUT6,SLICE_X17Y215,SLICEL.D6LUT,64'hFEE8E880E8808000
u_dut/u_pc2/pc2_a26_reg[0],FDRE,SLICE_X16Y213,SLICEM.AFF,1'b0
u_dut/u_pc2/pc2_a26_reg[1],FDRE,SLICE_X16Y213,SLICEM.BFF,1'b0
u_dut/u_pc2/pc2_a26_reg[2],FDRE,SLICE_X17Y215,SLICEL.DFF,1'b0
u_dut/u_pc2/pc2_a27[0]_i_1,LUT6,SLICE_X16Y215,SLICEM.C6LUT,64'h6996966996696996
u_dut/u_pc2/pc2_a27[1]_i_1,LUT6,SLICE_X16Y214,SLICEM.A6LUT,64'h8117177E177E7EE8
u_dut/u_pc2/pc2_a27[2]_i_1,LUT6,SLICE_X19Y215,SLICEL.B6LUT,64'hFEE8E880E8808000
u_dut/u_pc2/pc2_a27_reg[0],FDRE,SLICE_X16Y215,SLICEM.CFF,1'b0
u_dut/u_pc2/pc2_a27_reg[1],FDRE,SLICE_X16Y214,SLICEM.AFF,1'b0
u_dut/u_pc2/pc2_a27_reg[2],FDRE,SLICE_X19Y215,SLICEL.BFF,1'b0
u_dut/u_pc2/pc2_a28[0]_i_1,LUT6,SLICE_X15Y217,SLICEL.A6LUT,64'h6996966996696996
u_dut/u_pc2/pc2_a28[1]_i_1,LUT6,SLICE_X14Y217,SLICEM.A6LUT,64'h8117177E177E7EE8
u_dut/u_pc2/pc2_a28[2]_i_1,LUT6,SLICE_X14Y217,SLICEM.B6LUT,64'hFEE8E880E8808000
u_dut/u_pc2/pc2_a28_reg[0],FDRE,SLICE_X15Y217,SLICEL.AFF,1'b0
u_dut/u_pc2/pc2_a28_reg[1],FDRE,SLICE_X14Y217,SLICEM.AFF,1'b0
u_dut/u_pc2/pc2_a28_reg[2],FDRE,SLICE_X14Y217,SLICEM.BFF,1'b0
u_dut/u_pc2/pc2_a29[0]_i_1,LUT6,SLICE_X15Y218,SLICEL.B6LUT,64'h6996966996696996
u_dut/u_pc2/pc2_a29[1]_i_1,LUT6,SLICE_X15Y218,SLICEL.C6LUT,64'h8117177E177E7EE8
u_dut/u_pc2/pc2_a29[2]_i_1,LUT6,SLICE_X15Y218,SLICEL.D6LUT,64'hFEE8E880E8808000
u_dut/u_pc2/pc2_a29_reg[0],FDRE,SLICE_X15Y218,SLICEL.BFF,1'b0
u_dut/u_pc2/pc2_a29_reg[1],FDRE,SLICE_X15Y218,SLICEL.CFF,1'b0
u_dut/u_pc2/pc2_a29_reg[2],FDRE,SLICE_X15Y218,SLICEL.DFF,1'b0
u_dut/u_pc2/pc2_a2[0]_i_1,LUT6,SLICE_X42Y211,SLICEM.C6LUT,64'h6996966996696996
u_dut/u_pc2/pc2_a2[1]_i_1,LUT6,SLICE_X44Y211,SLICEL.D6LUT,64'h8117177E177E7EE8
u_dut/u_pc2/pc2_a2[2]_i_1,LUT6,SLICE_X45Y211,SLICEL.A6LUT,64'hFEE8E880E8808000
u_dut/u_pc2/pc2_a2_reg[0],FDRE,SLICE_X42Y211,SLICEM.CFF,1'b0
u_dut/u_pc2/pc2_a2_reg[1],FDRE,SLICE_X44Y211,SLICEL.DFF,1'b0
u_dut/u_pc2/pc2_a2_reg[2],FDRE,SLICE_X45Y211,SLICEL.AFF,1'b0
u_dut/u_pc2/pc2_a30[0]_i_1,LUT6,SLICE_X17Y219,SLICEL.D6LUT,64'h6996966996696996
u_dut/u_pc2/pc2_a30[1]_i_1,LUT6,SLICE_X16Y219,SLICEM.C6LUT,64'h8117177E177E7EE8
u_dut/u_pc2/pc2_a30[2]_i_1,LUT6,SLICE_X16Y219,SLICEM.D6LUT,64'hFEE8E880E8808000
u_dut/u_pc2/pc2_a30_reg[0],FDRE,SLICE_X17Y219,SLICEL.DFF,1'b0
u_dut/u_pc2/pc2_a30_reg[1],FDRE,SLICE_X16Y219,SLICEM.CFF,1'b0
u_dut/u_pc2/pc2_a30_reg[2],FDRE,SLICE_X16Y219,SLICEM.DFF,1'b0
u_dut/u_pc2/pc2_a31[0]_i_1,LUT6,SLICE_X17Y217,SLICEL.B6LUT,64'h6996966996696996
u_dut/u_pc2/pc2_a31[1]_i_1,LUT6,SLICE_X17Y217,SLICEL.C6LUT,64'h8117177E177E7EE8
u_dut/u_pc2/pc2_a31[2]_i_1,LUT6,SLICE_X17Y217,SLICEL.D6LUT,64'hFEE8E880E8808000
u_dut/u_pc2/pc2_a31_reg[0],FDRE,SLICE_X17Y217,SLICEL.BFF,1'b0
u_dut/u_pc2/pc2_a31_reg[1],FDRE,SLICE_X17Y217,SLICEL.CFF,1'b0
u_dut/u_pc2/pc2_a31_reg[2],FDRE,SLICE_X17Y217,SLICEL.DFF,1'b0
u_dut/u_pc2/pc2_a32[0]_i_1,LUT6,SLICE_X33Y212,SLICEL.A6LUT,64'h6996966996696996
u_dut/u_pc2/pc2_a32[1]_i_1,LUT6,SLICE_X33Y212,SLICEL.B6LUT,64'h8117177E177E7EE8
u_dut/u_pc2/pc2_a32[2]_i_1,LUT6,SLICE_X31Y213,SLICEL.D6LUT,64'hFEE8E880E8808000
u_dut/u_pc2/pc2_a32_reg[0],FDRE,SLICE_X33Y212,SLICEL.AFF,1'b0
u_dut/u_pc2/pc2_a32_reg[1],FDRE,SLICE_X33Y212,SLICEL.BFF,1'b0
u_dut/u_pc2/pc2_a32_reg[2],FDRE,SLICE_X31Y213,SLICEL.DFF,1'b0
u_dut/u_pc2/pc2_a33[0]_i_1,LUT2,SLICE_X32Y212,SLICEL.D6LUT,4'h6
u_dut/u_pc2/pc2_a33[1]_i_1,LUT2,SLICE_X32Y212,SLICEL.D5LUT,4'h8
u_dut/u_pc2/pc2_a33_reg[0],FDRE,SLICE_X32Y212,SLICEL.DFF,1'b0
u_dut/u_pc2/pc2_a33_reg[1],FDRE,SLICE_X32Y212,SLICEL.D5FF,1'b0
u_dut/u_pc2/pc2_a3[0]_i_1,LUT6,SLICE_X46Y211,SLICEM.C6LUT,64'h6996966996696996
u_dut/u_pc2/pc2_a3[1]_i_1,LUT6,SLICE_X45Y211,SLICEL.B6LUT,64'h8117177E177E7EE8
u_dut/u_pc2/pc2_a3[2]_i_1,LUT6,SLICE_X46Y211,SLICEM.D6LUT,64'hFEE8E880E8808000
u_dut/u_pc2/pc2_a3_reg[0],FDRE,SLICE_X46Y211,SLICEM.CFF,1'b0
u_dut/u_pc2/pc2_a3_reg[1],FDRE,SLICE_X45Y211,SLICEL.BFF,1'b0
u_dut/u_pc2/pc2_a3_reg[2],FDRE,SLICE_X46Y211,SLICEM.DFF,1'b0
u_dut/u_pc2/pc2_a4[0]_i_1,LUT6,SLICE_X41Y213,SLICEL.B6LUT,64'h6996966996696996
u_dut/u_pc2/pc2_a4[1]_i_1,LUT6,SLICE_X41Y213,SLICEL.C6LUT,64'h8117177E177E7EE8
u_dut/u_pc2/pc2_a4[2]_i_1,LUT6,SLICE_X41Y213,SLICEL.D6LUT,64'hFEE8E880E8808000
u_dut/u_pc2/pc2_a4_reg[0],FDRE,SLICE_X41Y213,SLICEL.BFF,1'b0
u_dut/u_pc2/pc2_a4_reg[1],FDRE,SLICE_X41Y213,SLICEL.CFF,1'b0
u_dut/u_pc2/pc2_a4_reg[2],FDRE,SLICE_X41Y213,SLICEL.DFF,1'b0
u_dut/u_pc2/pc2_a5[0]_i_1,LUT6,SLICE_X41Y212,SLICEL.B6LUT,64'h6996966996696996
u_dut/u_pc2/pc2_a5[1]_i_1,LUT6,SLICE_X41Y212,SLICEL.C6LUT,64'h8117177E177E7EE8
u_dut/u_pc2/pc2_a5[2]_i_1,LUT6,SLICE_X41Y212,SLICEL.D6LUT,64'hFEE8E880E8808000
u_dut/u_pc2/pc2_a5_reg[0],FDRE,SLICE_X41Y212,SLICEL.BFF,1'b0
u_dut/u_pc2/pc2_a5_reg[1],FDRE,SLICE_X41Y212,SLICEL.CFF,1'b0
u_dut/u_pc2/pc2_a5_reg[2],FDRE,SLICE_X41Y212,SLICEL.DFF,1'b0
u_dut/u_pc2/pc2_a6[0]_i_1,LUT6,SLICE_X45Y213,SLICEL.A6LUT,64'h6996966996696996
u_dut/u_pc2/pc2_a6[1]_i_1,LUT6,SLICE_X45Y213,SLICEL.B6LUT,64'h8117177E177E7EE8
u_dut/u_pc2/pc2_a6[2]_i_1,LUT6,SLICE_X45Y213,SLICEL.C6LUT,64'hFEE8E880E8808000
u_dut/u_pc2/pc2_a6_reg[0],FDRE,SLICE_X45Y213,SLICEL.AFF,1'b0
u_dut/u_pc2/pc2_a6_reg[1],FDRE,SLICE_X45Y213,SLICEL.BFF,1'b0
u_dut/u_pc2/pc2_a6_reg[2],FDRE,SLICE_X45Y213,SLICEL.CFF,1'b0
u_dut/u_pc2/pc2_a7[0]_i_1,LUT6,SLICE_X43Y214,SLICEL.C6LUT,64'h6996966996696996
u_dut/u_pc2/pc2_a7[1]_i_1,LUT6,SLICE_X43Y215,SLICEL.D6LUT,64'h8117177E177E7EE8
u_dut/u_pc2/pc2_a7[2]_i_1,LUT6,SLICE_X43Y214,SLICEL.D6LUT,64'hFEE8E880E8808000
u_dut/u_pc2/pc2_a7_reg[0],FDRE,SLICE_X43Y214,SLICEL.CFF,1'b0
u_dut/u_pc2/pc2_a7_reg[1],FDRE,SLICE_X43Y215,SLICEL.DFF,1'b0
u_dut/u_pc2/pc2_a7_reg[2],FDRE,SLICE_X43Y214,SLICEL.DFF,1'b0
u_dut/u_pc2/pc2_a8[0]_i_1,LUT6,SLICE_X42Y208,SLICEM.A6LUT,64'h6996966996696996
u_dut/u_pc2/pc2_a8[1]_i_1,LUT6,SLICE_X42Y208,SLICEM.B6LUT,64'h8117177E177E7EE8
u_dut/u_pc2/pc2_a8[2]_i_1,LUT6,SLICE_X42Y211,SLICEM.D6LUT,64'hFEE8E880E8808000
u_dut/u_pc2/pc2_a8_reg[0],FDRE,SLICE_X42Y208,SLICEM.AFF,1'b0
u_dut/u_pc2/pc2_a8_reg[1],FDRE,SLICE_X42Y208,SLICEM.BFF,1'b0
u_dut/u_pc2/pc2_a8_reg[2],FDRE,SLICE_X42Y211,SLICEM.DFF,1'b0
u_dut/u_pc2/pc2_a9[0]_i_1,LUT6,SLICE_X45Y208,SLICEL.B6LUT,64'h6996966996696996
u_dut/u_pc2/pc2_a9[1]_i_1,LUT6,SLICE_X44Y208,SLICEL.A6LUT,64'h8117177E177E7EE8
u_dut/u_pc2/pc2_a9[2]_i_1,LUT6,SLICE_X44Y209,SLICEL.D6LUT,64'hFEE8E880E8808000
u_dut/u_pc2/pc2_a9_reg[0],FDRE,SLICE_X45Y208,SLICEL.BFF,1'b0
u_dut/u_pc2/pc2_a9_reg[1],FDRE,SLICE_X44Y208,SLICEL.AFF,1'b0
u_dut/u_pc2/pc2_a9_reg[2],FDRE,SLICE_X44Y209,SLICEL.DFF,1'b0
u_dut/u_pc2/pc2_r2_0[0]_i_1,LUT4,SLICE_X43Y211,SLICEL.C6LUT,16'h6996
u_dut/u_pc2/pc2_r2_0[1]_i_1,LUT5,SLICE_X43Y211,SLICEL.D6LUT,32'h81177EE8
u_dut/u_pc2/pc2_r2_0[1]_i_2,LUT4,SLICE_X44Y210,SLICEL.A6LUT,16'h6996
u_dut/u_pc2/pc2_r2_0[2]_i_1,LUT6,SLICE_X43Y210,SLICEL.C6LUT,64'h9669699666666666
u_dut/u_pc2/pc2_r2_0[2]_i_2,LUT5,SLICE_X43Y211,SLICEL.D5LUT,32'hFEE88000
u_dut/u_pc2/pc2_r2_0[2]_i_3,LUT5,SLICE_X45Y210,SLICEL.D6LUT,32'h96696996
u_dut/u_pc2/pc2_r2_0[3]_i_1,LUT6,SLICE_X45Y210,SLICEL.B6LUT,64'hA99595569556566A
u_dut/u_pc2/pc2_r2_0[4]_i_1,LUT6,SLICE_X45Y210,SLICEL.C6LUT,64'hFEEAEAA8EAA8A880
u_dut/u_pc2/pc2_r2_0[4]_i_2,LUT6,SLICE_X43Y210,SLICEL.D6LUT,64'hEBBEAAAA82280000
u_dut/u_pc2/pc2_r2_0[4]_i_3,LUT3,SLICE_X44Y210,SLICEL.A5LUT,8'hE8
u_dut/u_pc2/pc2_r2_0_reg[0],FDRE,SLICE_X43Y211,SLICEL.CFF,1'b0
u_dut/u_pc2/pc2_r2_0_reg[1],FDRE,SLICE_X42Y210,SLICEM.A5FF,1'b0
u_dut/u_pc2/pc2_r2_0_reg[2],FDRE,SLICE_X43Y210,SLICEL.CFF,1'b0
u_dut/u_pc2/pc2_r2_0_reg[3],FDRE,SLICE_X45Y210,SLICEL.BFF,1'b0
u_dut/u_pc2/pc2_r2_0_reg[4],FDRE,SLICE_X45Y210,SLICEL.CFF,1'b0
u_dut/u_pc2/pc2_r2_1[0]_i_1,LUT4,SLICE_X42Y213,SLICEM.A6LUT,16'h6996
u_dut/u_pc2/pc2_r2_1[1]_i_1,LUT5,SLICE_X43Y213,SLICEL.A6LUT,32'h81177EE8
u_dut/u_pc2/pc2_r2_1[1]_i_2,LUT4,SLICE_X43Y213,SLICEL.B6LUT,16'h6996
u_dut/u_pc2/pc2_r2_1[2]_i_1,LUT6,SLICE_X43Y213,SLICEL.C6LUT,64'h9669699666666666
u_dut/u_pc2/pc2_r2_1[2]_i_2,LUT5,SLICE_X43Y213,SLICEL.A5LUT,32'hFEE88000
u_dut/u_pc2/pc2_r2_1[2]_i_3,LUT5,SLICE_X42Y213,SLICEM.D6LUT,32'h96696996
u_dut/u_pc2/pc2_r2_1[3]_i_1,LUT6,SLICE_X42Y213,SLICEM.B6LUT,64'hA99595569556566A
u_dut/u_pc2/pc2_r2_1[4]_i_1,LUT6,SLICE_X42Y213,SLICEM.C6LUT,64'hFEEAEAA8EAA8A880
u_dut/u_pc2/pc2_r2_1[4]_i_2,LUT6,SLICE_X43Y213,SLICEL.D6LUT,64'hEBBEAAAA82280000
u_dut/u_pc2/pc2_r2_1[4]_i_3,LUT3,SLICE_X43Y213,SLICEL.B5LUT,8'hE8
u_dut/u_pc2/pc2_r2_1_reg[0],FDRE,SLICE_X42Y213,SLICEM.AFF,1'b0
u_dut/u_pc2/pc2_r2_1_reg[1],FDRE,SLICE_X43Y210,SLICEL.A5FF,1'b0
u_dut/u_pc2/pc2_r2_1_reg[2],FDRE,SLICE_X43Y213,SLICEL.CFF,1'b0
u_dut/u_pc2/pc2_r2_1_reg[3],FDRE,SLICE_X42Y213,SLICEM.BFF,1'b0
u_dut/u_pc2/pc2_r2_1_reg[4],FDRE,SLICE_X42Y213,SLICEM.CFF,1'b0
u_dut/u_pc2/pc2_r2_2[0]_i_1,LUT4,SLICE_X45Y208,SLICEL.C6LUT,16'h6996
u_dut/u_pc2/pc2_r2_2[1]_i_1,LUT5,SLICE_X45Y208,SLICEL.D6LUT,32'h81177EE8
u_dut/u_pc2/pc2_r2_2[1]_i_2,LUT4,SLICE_X44Y208,SLICEL.B6LUT,16'h6996
u_dut/u_pc2/pc2_r2_2[2]_i_1,LUT6,SLICE_X44Y208,SLICEL.C6LUT,64'h9669699666666666
u_dut/u_pc2/pc2_r2_2[2]_i_2,LUT5,SLICE_X45Y208,SLICEL.D5LUT,32'hFEE88000
u_dut/u_pc2/pc2_r2_2[2]_i_3,LUT5,SLICE_X44Y210,SLICEL.D6LUT,32'h96696996
u_dut/u_pc2/pc2_r2_2[3]_i_1,LUT6,SLICE_X44Y210,SLICEL.B6LUT,64'hA99595569556566A
u_dut/u_pc2/pc2_r2_2[4]_i_1,LUT6,SLICE_X44Y210,SLICEL.C6LUT,64'hFEEAEAA8EAA8A880
u_dut/u_pc2/pc2_r2_2[4]_i_2,LUT6,SLICE_X44Y208,SLICEL.D6LUT,64'hEBBEAAAA82280000
u_dut/u_pc2/pc2_r2_2[4]_i_3,LUT3,SLICE_X44Y208,SLICEL.B5LUT,8'hE8
u_dut/u_pc2/pc2_r2_2_reg[0],FDRE,SLICE_X45Y208,SLICEL.CFF,1'b0
u_dut/u_pc2/pc2_r2_2_reg[1],FDRE,SLICE_X43Y208,SLICEL.AFF,1'b0
u_dut/u_pc2/pc2_r2_2_reg[2],FDRE,SLICE_X44Y208,SLICEL.CFF,1'b0
u_dut/u_pc2/pc2_r2_2_reg[3],FDRE,SLICE_X44Y210,SLICEL.BFF,1'b0
u_dut/u_pc2/pc2_r2_2_reg[4],FDRE,SLICE_X44Y210,SLICEL.CFF,1'b0
u_dut/u_pc2/pc2_r2_3[0]_i_1,LUT4,SLICE_X36Y210,SLICEL.D6LUT,16'h6996
u_dut/u_pc2/pc2_r2_3[1]_i_1,LUT5,SLICE_X35Y210,SLICEL.D6LUT,32'h81177EE8
u_dut/u_pc2/pc2_r2_3[1]_i_2,LUT4,SLICE_X35Y211,SLICEL.B6LUT,16'h6996
u_dut/u_pc2/pc2_r2_3[2]_i_1,LUT6,SLICE_X35Y211,SLICEL.C6LUT,64'h9669699666666666
u_dut/u_pc2/pc2_r2_3[2]_i_2,LUT5,SLICE_X35Y210,SLICEL.D5LUT,32'hFEE88000
u_dut/u_pc2/pc2_r2_3[2]_i_3,LUT5,SLICE_X36Y211,SLICEL.D6LUT,32'h96696996
u_dut/u_pc2/pc2_r2_3[3]_i_1,LUT6,SLICE_X36Y211,SLICEL.B6LUT,64'hA99595569556566A
u_dut/u_pc2/pc2_r2_3[4]_i_1,LUT6,SLICE_X36Y211,SLICEL.C6LUT,64'hFEEAEAA8EAA8A880
u_dut/u_pc2/pc2_r2_3[4]_i_2,LUT6,SLICE_X35Y211,SLICEL.D6LUT,64'hEBBEAAAA82280000
u_dut/u_pc2/pc2_r2_3[4]_i_3,LUT3,SLICE_X35Y211,SLICEL.B5LUT,8'hE8
u_dut/u_pc2/pc2_r2_3_reg[0],FDRE,SLICE_X36Y210,SLICEL.DFF,1'b0
u_dut/u_pc2/pc2_r2_3_reg[1],FDRE,SLICE_X35Y210,SLICEL.A5FF,1'b0
u_dut/u_pc2/pc2_r2_3_reg[2],FDRE,SLICE_X35Y211,SLICEL.CFF,1'b0
u_dut/u_pc2/pc2_r2_3_reg[3],FDRE,SLICE_X36Y211,SLICEL.BFF,1'b0
u_dut/u_pc2/pc2_r2_3_reg[4],FDRE,SLICE_X36Y211,SLICEL.CFF,1'b0
u_dut/u_pc2/pc2_r2_4[0]_i_1,LUT4,SLICE_X16Y212,SLICEM.C6LUT,16'h6996
u_dut/u_pc2/pc2_r2_4[1]_i_1,LUT5,SLICE_X16Y212,SLICEM.D6LUT,32'h81177EE8
u_dut/u_pc2/pc2_r2_4[1]_i_2,LUT4,SLICE_X15Y212,SLICEL.B6LUT,16'h6996
u_dut/u_pc2/pc2_r2_4[2]_i_1,LUT6,SLICE_X15Y212,SLICEL.C6LUT,64'h9669699666666666
u_dut/u_pc2/pc2_r2_4[2]_i_2,LUT5,SLICE_X16Y212,SLICEM.D5LUT,32'hFEE88000
u_dut/u_pc2/pc2_r2_4[2]_i_3,LUT5,SLICE_X15Y211,SLICEL.D6LUT,32'h96696996
u_dut/u_pc2/pc2_r2_4[3]_i_1,LUT6,SLICE_X15Y211,SLICEL.B6LUT,64'hA99595569556566A
u_dut/u_pc2/pc2_r2_4[4]_i_1,LUT6,SLICE_X15Y211,SLICEL.C6LUT,64'hFEEAEAA8EAA8A880
u_dut/u_pc2/pc2_r2_4[4]_i_2,LUT6,SLICE_X15Y212,SLICEL.D6LUT,64'hEBBEAAAA82280000
u_dut/u_pc2/pc2_r2_4[4]_i_3,LUT3,SLICE_X15Y212,SLICEL.B5LUT,8'hE8
u_dut/u_pc2/pc2_r2_4_reg[0],FDRE,SLICE_X16Y212,SLICEM.CFF,1'b0
u_dut/u_pc2/pc2_r2_4_reg[1],FDRE,SLICE_X16Y212,SLICEM.A5FF,1'b0
u_dut/u_pc2/pc2_r2_4_reg[2],FDRE,SLICE_X15Y212,SLICEL.CFF,1'b0
u_dut/u_pc2/pc2_r2_4_reg[3],FDRE,SLICE_X15Y211,SLICEL.BFF,1'b0
u_dut/u_pc2/pc2_r2_4_reg[4],FDRE,SLICE_X15Y211,SLICEL.CFF,1'b0
u_dut/u_pc2/pc2_r2_5[0]_i_1,LUT4,SLICE_X11Y215,SLICEL.C6LUT,16'h6996
u_dut/u_pc2/pc2_r2_5[1]_i_1,LUT5,SLICE_X11Y215,SLICEL.D6LUT,32'h81177EE8
u_dut/u_pc2/pc2_r2_5[1]_i_2,LUT4,SLICE_X11Y216,SLICEL.B6LUT,16'h6996
u_dut/u_pc2/pc2_r2_5[2]_i_1,LUT6,SLICE_X11Y216,SLICEL.C6LUT,64'h9669699666666666
u_dut/u_pc2/pc2_r2_5[2]_i_2,LUT5,SLICE_X11Y215,SLICEL.D5LUT,32'hFEE88000
u_dut/u_pc2/pc2_r2_5[2]_i_3,LUT5,SLICE_X8Y216,SLICEM.A6LUT,32'h96696996
u_dut/u_pc2/pc2_r2_5[3]_i_1,LUT6,SLICE_X9Y216,SLICEL.C6LUT,64'hA99595569556566A
u_dut/u_pc2/pc2_r2_5[4]_i_1,LUT6,SLICE_X9Y216,SLICEL.D6LUT,64'hFEEAEAA8EAA8A880
u_dut/u_pc2/pc2_r2_5[4]_i_2,LUT6,SLICE_X11Y216,SLICEL.D6LUT,64'hEBBEAAAA82280000
u_dut/u_pc2/pc2_r2_5[4]_i_3,LUT3,SLICE_X11Y216,SLICEL.B5LUT,8'hE8
u_dut/u_pc2/pc2_r2_5_reg[0],FDRE,SLICE_X11Y215,SLICEL.CFF,1'b0
u_dut/u_pc2/pc2_r2_5_reg[1],FDRE,SLICE_X11Y215,SLICEL.A5FF,1'b0
u_dut/u_pc2/pc2_r2_5_reg[2],FDRE,SLICE_X11Y216,SLICEL.CFF,1'b0
u_dut/u_pc2/pc2_r2_5_reg[3],FDRE,SLICE_X9Y216,SLICEL.CFF,1'b0
u_dut/u_pc2/pc2_r2_5_reg[4],FDRE,SLICE_X9Y216,SLICEL.DFF,1'b0
u_dut/u_pc2/pc2_r2_6[0]_i_1,LUT4,SLICE_X16Y213,SLICEM.C6LUT,16'h6996
u_dut/u_pc2/pc2_r2_6[1]_i_1,LUT5,SLICE_X16Y213,SLICEM.D6LUT,32'h81177EE8
u_dut/u_pc2/pc2_r2_6[1]_i_2,LUT4,SLICE_X16Y214,SLICEM.B6LUT,16'h6996
u_dut/u_pc2/pc2_r2_6[2]_i_1,LUT6,SLICE_X16Y214,SLICEM.C6LUT,64'h9669699666666666
u_dut/u_pc2/pc2_r2_6[2]_i_2,LUT5,SLICE_X16Y213,SLICEM.D5LUT,32'hFEE88000
u_dut/u_pc2/pc2_r2_6[2]_i_3,LUT5,SLICE_X17Y214,SLICEL.D6LUT,32'h96696996
u_dut/u_pc2/pc2_r2_6[3]_i_1,LUT6,SLICE_X17Y214,SLICEL.B6LUT,64'hA99595569556566A
u_dut/u_pc2/pc2_r2_6[4]_i_1,LUT6,SLICE_X17Y214,SLICEL.C6LUT,64'hFEEAEAA8EAA8A880
u_dut/u_pc2/pc2_r2_6[4]_i_2,LUT6,SLICE_X16Y214,SLICEM.D6LUT,64'hEBBEAAAA82280000
u_dut/u_pc2/pc2_r2_6[4]_i_3,LUT3,SLICE_X16Y214,SLICEM.B5LUT,8'hE8
u_dut/u_pc2/pc2_r2_6_reg[0],FDRE,SLICE_X16Y213,SLICEM.CFF,1'b0
u_dut/u_pc2/pc2_r2_6_reg[1],FDRE,SLICE_X14Y214,SLICEM.AFF,1'b0
u_dut/u_pc2/pc2_r2_6_reg[2],FDRE,SLICE_X16Y214,SLICEM.CFF,1'b0
u_dut/u_pc2/pc2_r2_6_reg[3],FDRE,SLICE_X17Y214,SLICEL.BFF,1'b0
u_dut/u_pc2/pc2_r2_6_reg[4],FDRE,SLICE_X17Y214,SLICEL.CFF,1'b0
u_dut/u_pc2/pc2_r2_7[0]_i_1,LUT4,SLICE_X15Y217,SLICEL.B6LUT,16'h6996
u_dut/u_pc2/pc2_r2_7[1]_i_1,LUT5,SLICE_X15Y217,SLICEL.C6LUT,32'h81177EE8
u_dut/u_pc2/pc2_r2_7[1]_i_2,LUT4,SLICE_X15Y217,SLICEL.D6LUT,16'h6996
u_dut/u_pc2/pc2_r2_7[2]_i_1,LUT6,SLICE_X14Y216,SLICEM.D6LUT,64'h9669699666666666
u_dut/u_pc2/pc2_r2_7[2]_i_2,LUT5,SLICE_X15Y217,SLICEL.C5LUT,32'hFEE88000
u_dut/u_pc2/pc2_r2_7[2]_i_3,LUT5,SLICE_X15Y216,SLICEL.D6LUT,32'h96696996
u_dut/u_pc2/pc2_r2_7[3]_i_1,LUT6,SLICE_X15Y216,SLICEL.A6LUT,64'hA99595569556566A
u_dut/u_pc2/pc2_r2_7[4]_i_1,LUT6,SLICE_X15Y216,SLICEL.B6LUT,64'hFEEAEAA8EAA8A880
u_dut/u_pc2/pc2_r2_7[4]_i_2,LUT6,SLICE_X15Y216,SLICEL.C6LUT,64'hEBBEAAAA82280000
u_dut/u_pc2/pc2_r2_7[4]_i_3,LUT3,SLICE_X15Y217,SLICEL.D5LUT,8'hE8
u_dut/u_pc2/pc2_r2_7_reg[0],FDRE,SLICE_X15Y217,SLICEL.BFF,1'b0
u_dut/u_pc2/pc2_r2_7_reg[1],FDRE,SLICE_X15Y217,SLICEL.A5FF,1'b0
u_dut/u_pc2/pc2_r2_7_reg[2],FDRE,SLICE_X14Y216,SLICEM.DFF,1'b0
u_dut/u_pc2/pc2_r2_7_reg[3],FDRE,SLICE_X15Y216,SLICEL.AFF,1'b0
u_dut/u_pc2/pc2_r2_7_reg[4],FDRE,SLICE_X15Y216,SLICEL.BFF,1'b0
u_dut/u_pc2/pc2_r2_8[0]_i_1,LUT2,SLICE_X33Y212,SLICEL.C6LUT,4'h6
u_dut/u_pc2/pc2_r2_8[1]_i_1,LUT4,SLICE_X33Y212,SLICEL.C5LUT,16'h8778
u_dut/u_pc2/pc2_r2_8[2]_i_1,LUT5,SLICE_X33Y212,SLICEL.D6LUT,32'h077FF880
u_dut/u_pc2/pc2_r2_8[3]_i_1,LUT5,SLICE_X33Y212,SLICEL.D5LUT,32'hAA808000
u_dut/u_pc2/pc2_r2_8_reg[0],FDRE,SLICE_X33Y212,SLICEL.CFF,1'b0
u_dut/u_pc2/pc2_r2_8_reg[1],FDRE,SLICE_X33Y212,SLICEL.C5FF,1'b0
u_dut/u_pc2/pc2_r2_8_reg[2],FDRE,SLICE_X33Y212,SLICEL.DFF,1'b0
u_dut/u_pc2/pc2_r2_8_reg[3],FDRE,SLICE_X33Y212,SLICEL.D5FF,1'b0
u_dut/u_pc2/pc2_r4_0[3]_i_2,LUT5,SLICE_X42Y210,SLICEM.C6LUT,32'hEEE8E888
u_dut/u_pc2/pc2_r4_0[3]_i_3,LUT5,SLICE_X42Y210,SLICEM.C5LUT,32'hE81717E8
u_dut/u_pc2/pc2_r4_0[3]_i_4,LUT4,SLICE_X42Y210,SLICEM.D6LUT,16'h6996
u_dut/u_pc2/pc2_r4_0[3]_i_5,LUT6,SLICE_X41Y210,SLICEL.D6LUT,64'h6969699669969696
u_dut/u_pc2/pc2_r4_0[3]_i_6,LUT6,SLICE_X41Y210,SLICEL.C6LUT,64'h6999999699969666
u_dut/u_pc2/pc2_r4_0[3]_i_7,LUT4,SLICE_X41Y210,SLICEL.B6LUT,16'h566A
u_dut/u_pc2/pc2_r4_0[3]_i_8,LUT4,SLICE_X41Y210,SLICEL.A6LUT,16'h6996
u_dut/u_pc2/pc2_r4_0[3]_i_9,LUT3,SLICE_X40Y210,SLICEL.C6LUT,8'h96
u_dut/u_pc2/pc2_r4_0[6]_i_2,LUT5,SLICE_X40Y211,SLICEL.C6LUT,32'hEEE8E888
u_dut/u_pc2/pc2_r4_0[6]_i_3,LUT5,SLICE_X40Y210,SLICEL.C5LUT,32'hEEE8E888
u_dut/u_pc2/pc2_r4_0[6]_i_4,LUT5,SLICE_X41Y211,SLICEL.B6LUT,32'h177E7EE8
u_dut/u_pc2/pc2_r4_0[6]_i_5,LUT6,SLICE_X41Y211,SLICEL.A6LUT,64'h6969699669969696
u_dut/u_pc2/pc2_r4_0[6]_i_6,LUT3,SLICE_X40Y211,SLICEL.D6LUT,8'h96
u_dut/u_pc2/pc2_r4_0[6]_i_7,LUT3,SLICE_X40Y211,SLICEL.B6LUT,8'h96
u_dut/u_pc2/pc2_r4_0[6]_i_8,LUT3,SLICE_X40Y211,SLICEL.B5LUT,8'hE8
u_dut/u_pc2/pc2_r4_0_reg[0],FDRE,SLICE_X41Y210,SLICEL.AFF,1'b0
u_dut/u_pc2/pc2_r4_0_reg[1],FDRE,SLICE_X41Y210,SLICEL.BFF,1'b0
u_dut/u_pc2/pc2_r4_0_reg[2],FDRE,SLICE_X41Y210,SLICEL.CFF,1'b0
u_dut/u_pc2/pc2_r4_0_reg[3],FDRE,SLICE_X41Y210,SLICEL.DFF,1'b0
u_dut/u_pc2/pc2_r4_0_reg[3]_i_1,CARRY4,SLICE_X41Y210,SLICEL.CARRY4,
u_dut/u_pc2/pc2_r4_0_reg[4],FDRE,SLICE_X41Y211,SLICEL.AFF,1'b0
u_dut/u_pc2/pc2_r4_0_reg[5],FDRE,SLICE_X41Y211,SLICEL.BFF,1'b0
u_dut/u_pc2/pc2_r4_0_reg[6],FDRE,SLICE_X41Y211,SLICEL.CFF,1'b0
u_dut/u_pc2/pc2_r4_0_reg[6]_i_1,CARRY4,SLICE_X41Y211,SLICEL.CARRY4,
u_dut/u_pc2/pc2_r4_1[3]_i_2,LUT5,SLICE_X14Y214,SLICEM.B6LUT,32'hEEE8E888
u_dut/u_pc2/pc2_r4_1[3]_i_3,LUT5,SLICE_X14Y214,SLICEM.B5LUT,32'hE81717E8
u_dut/u_pc2/pc2_r4_1[3]_i_4,LUT4,SLICE_X14Y214,SLICEM.C6LUT,16'h6996
u_dut/u_pc2/pc2_r4_1[3]_i_5,LUT6,SLICE_X15Y214,SLICEL.D6LUT,64'h6969699669969696
u_dut/u_pc2/pc2_r4_1[3]_i_6,LUT6,SLICE_X15Y214,SLICEL.C6LUT,64'h6999999699969666
u_dut/u_pc2/pc2_r4_1[3]_i_7,LUT4,SLICE_X15Y214,SLICEL.B6LUT,16'h566A
u_dut/u_pc2/pc2_r4_1[3]_i_8,LUT4,SLICE_X15Y214,SLICEL.A6LUT,16'h6996
u_dut/u_pc2/pc2_r4_1[3]_i_9,LUT3,SLICE_X14Y214,SLICEM.A6LUT,8'h96
u_dut/u_pc2/pc2_r4_1[6]_i_2,LUT5,SLICE_X14Y215,SLICEM.B6LUT,32'hEEE8E888
u_dut/u_pc2/pc2_r4_1[6]_i_3,LUT5,SLICE_X14Y214,SLICEM.A5LUT,32'hEEE8E888
u_dut/u_pc2/pc2_r4_1[6]_i_4,LUT5,SLICE_X15Y215,SLICEL.B6LUT,32'h177E7EE8
u_dut/u_pc2/pc2_r4_1[6]_i_5,LUT6,SLICE_X15Y215,SLICEL.A6LUT,64'h6969699669969696
u_dut/u_pc2/pc2_r4_1[6]_i_6,LUT3,SLICE_X14Y215,SLICEM.C6LUT,8'h96
u_dut/u_pc2/pc2_r4_1[6]_i_7,LUT3,SLICE_X14Y215,SLICEM.A6LUT,8'h96
u_dut/u_pc2/pc2_r4_1[6]_i_8,LUT3,SLICE_X14Y215,SLICEM.A5LUT,8'hE8
u_dut/u_pc2/pc2_r4_1_reg[0],FDRE,SLICE_X15Y214,SLICEL.AFF,1'b0
u_dut/u_pc2/pc2_r4_1_reg[1],FDRE,SLICE_X15Y214,SLICEL.BFF,1'b0
u_dut/u_pc2/pc2_r4_1_reg[2],FDRE,SLICE_X15Y214,SLICEL.CFF,1'b0
u_dut/u_pc2/pc2_r4_1_reg[3],FDRE,SLICE_X15Y214,SLICEL.DFF,1'b0
u_dut/u_pc2/pc2_r4_1_reg[3]_i_1,CARRY4,SLICE_X15Y214,SLICEL.CARRY4,
u_dut/u_pc2/pc2_r4_1_reg[4],FDRE,SLICE_X15Y215,SLICEL.AFF,1'b0
u_dut/u_pc2/pc2_r4_1_reg[5],FDRE,SLICE_X15Y215,SLICEL.BFF,1'b0
u_dut/u_pc2/pc2_r4_1_reg[6],FDRE,SLICE_X15Y215,SLICEL.CFF,1'b0
u_dut/u_pc2/pc2_r4_1_reg[6]_i_1,CARRY4,SLICE_X15Y215,SLICEL.CARRY4,
u_dut/u_pc2/pc2_r4_2_reg[0],FDRE,SLICE_X35Y212,SLICEL.D5FF,1'b0
u_dut/u_pc2/pc2_r4_2_reg[1],FDRE,SLICE_X34Y212,SLICEL.A5FF,1'b0
u_dut/u_pc2/pc2_r4_2_reg[2],FDRE,SLICE_X33Y212,SLICEL.A5FF,1'b0
u_dut/u_pc2/pc2_r4_2_reg[3],FDRE,SLICE_X33Y212,SLICEL.B5FF,1'b0
u_dut/u_pc2/pc2_r6_0[3]_i_2,LUT3,SLICE_X35Y212,SLICEL.C5LUT,8'hE8
u_dut/u_pc2/pc2_r6_0[3]_i_3,LUT3,SLICE_X35Y212,SLICEL.B5LUT,8'hE8
u_dut/u_pc2/pc2_r6_0[3]_i_4,LUT3,SLICE_X35Y212,SLICEL.A5LUT,8'hE8
u_dut/u_pc2/pc2_r6_0[3]_i_5,LUT4,SLICE_X35Y212,SLICEL.D6LUT,16'h6996
u_dut/u_pc2/pc2_r6_0[3]_i_6,LUT4,SLICE_X35Y212,SLICEL.C6LUT,16'h6996
u_dut/u_pc2/pc2_r6_0[3]_i_7,LUT4,SLICE_X35Y212,SLICEL.B6LUT,16'h6996
u_dut/u_pc2/pc2_r6_0[3]_i_8,LUT3,SLICE_X35Y212,SLICEL.A6LUT,8'h96
u_dut/u_pc2/pc2_r6_0[7]_i_2,LUT2,SLICE_X35Y213,SLICEL.C5LUT,4'h8
u_dut/u_pc2/pc2_r6_0[7]_i_3,LUT2,SLICE_X35Y213,SLICEL.B5LUT,4'h8
u_dut/u_pc2/pc2_r6_0[7]_i_4,LUT3,SLICE_X35Y213,SLICEL.A5LUT,8'hE8
u_dut/u_pc2/pc2_r6_0[7]_i_5,LUT2,SLICE_X35Y213,SLICEL.D6LUT,4'h8
u_dut/u_pc2/pc2_r6_0[7]_i_6,LUT4,SLICE_X35Y213,SLICEL.C6LUT,16'h8778
u_dut/u_pc2/pc2_r6_0[7]_i_7,LUT4,SLICE_X35Y213,SLICEL.B6LUT,16'h8778
u_dut/u_pc2/pc2_r6_0[7]_i_8,LUT5,SLICE_X35Y213,SLICEL.A6LUT,32'hE81717E8
u_dut/u_pc2/pc2_r6_0_reg[0],FDRE,SLICE_X35Y212,SLICEL.AFF,1'b0
u_dut/u_pc2/pc2_r6_0_reg[1],FDRE,SLICE_X35Y212,SLICEL.BFF,1'b0
u_dut/u_pc2/pc2_r6_0_reg[2],FDRE,SLICE_X35Y212,SLICEL.CFF,1'b0
u_dut/u_pc2/pc2_r6_0_reg[3],FDRE,SLICE_X35Y212,SLICEL.DFF,1'b0
u_dut/u_pc2/pc2_r6_0_reg[3]_i_1,CARRY4,SLICE_X35Y212,SLICEL.CARRY4,
u_dut/u_pc2/pc2_r6_0_reg[4],FDRE,SLICE_X35Y213,SLICEL.AFF,1'b0
u_dut/u_pc2/pc2_r6_0_reg[5],FDRE,SLICE_X35Y213,SLICEL.BFF,1'b0
u_dut/u_pc2/pc2_r6_0_reg[6],FDRE,SLICE_X35Y213,SLICEL.CFF,1'b0
u_dut/u_pc2/pc2_r6_0_reg[7],FDRE,SLICE_X35Y213,SLICEL.DFF,1'b0
u_dut/u_pc2/pc2_r6_0_reg[7]_i_1,CARRY4,SLICE_X35Y213,SLICEL.CARRY4,
u_dut/u_pc2/pc3_a0[0]_i_1,LUT6,SLICE_X36Y233,SLICEL.B6LUT,64'h6996966996696996
u_dut/u_pc2/pc3_a0[1]_i_1,LUT6,SLICE_X37Y234,SLICEL.C6LUT,64'h8117177E177E7EE8
u_dut/u_pc2/pc3_a0[2]_i_1,LUT6,SLICE_X37Y234,SLICEL.D6LUT,64'hFEE8E880E8808000
u_dut/u_pc2/pc3_a0_reg[0],FDRE,SLICE_X36Y233,SLICEL.BFF,1'b0
u_dut/u_pc2/pc3_a0_reg[1],FDRE,SLICE_X37Y234,SLICEL.CFF,1'b0
u_dut/u_pc2/pc3_a0_reg[2],FDRE,SLICE_X37Y234,SLICEL.DFF,1'b0
u_dut/u_pc2/pc3_a10[0]_i_1,LUT6,SLICE_X39Y243,SLICEL.A6LUT,64'h6996966996696996
u_dut/u_pc2/pc3_a10[1]_i_1,LUT6,SLICE_X39Y244,SLICEL.C6LUT,64'h8117177E177E7EE8
u_dut/u_pc2/pc3_a10[2]_i_1,LUT6,SLICE_X40Y245,SLICEL.A6LUT,64'hFEE8E880E8808000
u_dut/u_pc2/pc3_a10_reg[0],FDRE,SLICE_X39Y243,SLICEL.AFF,1'b0
u_dut/u_pc2/pc3_a10_reg[1],FDRE,SLICE_X39Y244,SLICEL.CFF,1'b0
u_dut/u_pc2/pc3_a10_reg[2],FDRE,SLICE_X40Y245,SLICEL.AFF,1'b0
u_dut/u_pc2/pc3_a11[0]_i_1,LUT6,SLICE_X36Y241,SLICEL.A6LUT,64'h6996966996696996
u_dut/u_pc2/pc3_a11[1]_i_1,LUT6,SLICE_X37Y244,SLICEL.A6LUT,64'h8117177E177E7EE8
u_dut/u_pc2/pc3_a11[2]_i_1,LUT6,SLICE_X34Y244,SLICEL.C6LUT,64'hFEE8E880E8808000
u_dut/u_pc2/pc3_a11_reg[0],FDRE,SLICE_X36Y241,SLICEL.AFF,1'b0
u_dut/u_pc2/pc3_a11_reg[1],FDRE,SLICE_X37Y244,SLICEL.AFF,1'b0
u_dut/u_pc2/pc3_a11_reg[2],FDRE,SLICE_X34Y244,SLICEL.CFF,1'b0
u_dut/u_pc2/pc3_a12[0]_i_1,LUT6,SLICE_X29Y247,SLICEL.C6LUT,64'h6996966996696996
u_dut/u_pc2/pc3_a12[1]_i_1,LUT6,SLICE_X29Y247,SLICEL.D6LUT,64'h8117177E177E7EE8
u_dut/u_pc2/pc3_a12[2]_i_1,LUT6,SLICE_X27Y245,SLICEL.C6LUT,64'hFEE8E880E8808000
u_dut/u_pc2/pc3_a12_reg[0],FDRE,SLICE_X29Y247,SLICEL.CFF,1'b0
u_dut/u_pc2/pc3_a12_reg[1],FDRE,SLICE_X29Y247,SLICEL.DFF,1'b0
u_dut/u_pc2/pc3_a12_reg[2],FDRE,SLICE_X27Y245,SLICEL.CFF,1'b0
u_dut/u_pc2/pc3_a13[0]_i_1,LUT6,SLICE_X28Y247,SLICEL.A6LUT,64'h6996966996696996
u_dut/u_pc2/pc3_a13[1]_i_1,LUT6,SLICE_X28Y247,SLICEL.B6LUT,64'h8117177E177E7EE8
u_dut/u_pc2/pc3_a13[2]_i_1,LUT6,SLICE_X29Y244,SLICEL.C6LUT,64'hFEE8E880E8808000
u_dut/u_pc2/pc3_a13_reg[0],FDRE,SLICE_X28Y247,SLICEL.AFF,1'b0
u_dut/u_pc2/pc3_a13_reg[1],FDRE,SLICE_X28Y247,SLICEL.BFF,1'b0
u_dut/u_pc2/pc3_a13_reg[2],FDRE,SLICE_X29Y244,SLICEL.CFF,1'b0
u_dut/u_pc2/pc3_a14[0]_i_1,LUT6,SLICE_X31Y246,SLICEL.A6LUT,64'h6996966996696996
u_dut/u_pc2/pc3_a14[1]_i_1,LUT6,SLICE_X31Y246,SLICEL.B6LUT,64'h8117177E177E7EE8
u_dut/u_pc2/pc3_a14[2]_i_1,LUT6,SLICE_X31Y245,SLICEL.B6LUT,64'hFEE8E880E8808000
u_dut/u_pc2/pc3_a14_reg[0],FDRE,SLICE_X31Y246,SLICEL.AFF,1'b0
u_dut/u_pc2/pc3_a14_reg[1],FDRE,SLICE_X31Y246,SLICEL.BFF,1'b0
u_dut/u_pc2/pc3_a14_reg[2],FDRE,SLICE_X31Y245,SLICEL.BFF,1'b0
u_dut/u_pc2/pc3_a15[0]_i_1,LUT6,SLICE_X31Y246,SLICEL.C6LUT,64'h6996966996696996
u_dut/u_pc2/pc3_a15[1]_i_1,LUT6,SLICE_X31Y246,SLICEL.D6LUT,64'h8117177E177E7EE8
u_dut/u_pc2/pc3_a15[2]_i_1,LUT6,SLICE_X31Y244,SLICEL.A6LUT,64'hFEE8E880E8808000
u_dut/u_pc2/pc3_a15_reg[0],FDRE,SLICE_X31Y246,SLICEL.CFF,1'b0
u_dut/u_pc2/pc3_a15_reg[1],FDRE,SLICE_X31Y246,SLICEL.DFF,1'b0
u_dut/u_pc2/pc3_a15_reg[2],FDRE,SLICE_X31Y244,SLICEL.AFF,1'b0
u_dut/u_pc2/pc3_a16[0]_i_1,LUT6,SLICE_X26Y233,SLICEL.D6LUT,64'h6996966996696996
u_dut/u_pc2/pc3_a16[1]_i_1,LUT6,SLICE_X26Y232,SLICEL.C6LUT,64'h8117177E177E7EE8
u_dut/u_pc2/pc3_a16[2]_i_1,LUT6,SLICE_X25Y233,SLICEL.C6LUT,64'hFEE8E880E8808000
u_dut/u_pc2/pc3_a16_reg[0],FDRE,SLICE_X26Y233,SLICEL.DFF,1'b0
u_dut/u_pc2/pc3_a16_reg[1],FDRE,SLICE_X26Y232,SLICEL.CFF,1'b0
u_dut/u_pc2/pc3_a16_reg[2],FDRE,SLICE_X25Y233,SLICEL.CFF,1'b0
u_dut/u_pc2/pc3_a17[0]_i_1,LUT6,SLICE_X28Y233,SLICEL.C6LUT,64'h6996966996696996
u_dut/u_pc2/pc3_a17[1]_i_1,LUT6,SLICE_X35Y233,SLICEL.B6LUT,64'h8117177E177E7EE8
u_dut/u_pc2/pc3_a17[2]_i_1,LUT6,SLICE_X36Y233,SLICEL.C6LUT,64'hFEE8E880E8808000
u_dut/u_pc2/pc3_a17_reg[0],FDRE,SLICE_X28Y233,SLICEL.CFF,1'b0
u_dut/u_pc2/pc3_a17_reg[1],FDRE,SLICE_X35Y233,SLICEL.BFF,1'b0
u_dut/u_pc2/pc3_a17_reg[2],FDRE,SLICE_X36Y233,SLICEL.CFF,1'b0
u_dut/u_pc2/pc3_a18[0]_i_1,LUT6,SLICE_X27Y233,SLICEL.B6LUT,64'h6996966996696996
u_dut/u_pc2/pc3_a18[1]_i_1,LUT6,SLICE_X28Y233,SLICEL.D6LUT,64'h8117177E177E7EE8
u_dut/u_pc2/pc3_a18[2]_i_1,LUT6,SLICE_X29Y233,SLICEL.A6LUT,64'hFEE8E880E8808000
u_dut/u_pc2/pc3_a18_reg[0],FDRE,SLICE_X27Y233,SLICEL.BFF,1'b0
u_dut/u_pc2/pc3_a18_reg[1],FDRE,SLICE_X28Y233,SLICEL.DFF,1'b0
u_dut/u_pc2/pc3_a18_reg[2],FDRE,SLICE_X29Y233,SLICEL.AFF,1'b0
u_dut/u_pc2/pc3_a19[0]_i_1,LUT6,SLICE_X27Y232,SLICEL.C6LUT,64'h6996966996696996
u_dut/u_pc2/pc3_a19[1]_i_1,LUT6,SLICE_X27Y232,SLICEL.D6LUT,64'h8117177E177E7EE8
u_dut/u_pc2/pc3_a19[2]_i_1,LUT6,SLICE_X26Y232,SLICEL.D6LUT,64'hFEE8E880E8808000
u_dut/u_pc2/pc3_a19_reg[0],FDRE,SLICE_X27Y232,SLICEL.CFF,1'b0
u_dut/u_pc2/pc3_a19_reg[1],FDRE,SLICE_X27Y232,SLICEL.DFF,1'b0
u_dut/u_pc2/pc3_a19_reg[2],FDRE,SLICE_X26Y232,SLICEL.DFF,1'b0
u_dut/u_pc2/pc3_a1[0]_i_1,LUT6,SLICE_X38Y235,SLICEM.B6LUT,64'h6996966996696996
u_dut/u_pc2/pc3_a1[1]_i_1,LUT6,SLICE_X38Y235,SLICEM.C6LUT,64'h8117177E177E7EE8
u_dut/u_pc2/pc3_a1[2]_i_1,LUT6,SLICE_X38Y235,SLICEM.D6LUT,64'hFEE8E880E8808000
u_dut/u_pc2/pc3_a1_reg[0],FDRE,SLICE_X38Y235,SLICEM.BFF,1'b0
u_dut/u_pc2/pc3_a1_reg[1],FDRE,SLICE_X38Y235,SLICEM.CFF,1'b0
u_dut/u_pc2/pc3_a1_reg[2],FDRE,SLICE_X38Y235,SLICEM.DFF,1'b0
u_dut/u_pc2/pc3_a20[0]_i_1,LUT6,SLICE_X29Y234,SLICEL.D6LUT,64'h6996966996696996
u_dut/u_pc2/pc3_a20[1]_i_1,LUT6,SLICE_X29Y235,SLICEL.A6LUT,64'h8117177E177E7EE8
u_dut/u_pc2/pc3_a20[2]_i_1,LUT6,SLICE_X29Y235,SLICEL.B6LUT,64'hFEE8E880E8808000
u_dut/u_pc2/pc3_a20_reg[0],FDRE,SLICE_X29Y234,SLICEL.DFF,1'b0
u_dut/u_pc2/pc3_a20_reg[1],FDRE,SLICE_X29Y235,SLICEL.AFF,1'b0
u_dut/u_pc2/pc3_a20_reg[2],FDRE,SLICE_X29Y235,SLICEL.BFF,1'b0
u_dut/u_pc2/pc3_a21[0]_i_1,LUT6,SLICE_X32Y234,SLICEL.A6LUT,64'h6996966996696996
u_dut/u_pc2/pc3_a21[1]_i_1,LUT6,SLICE_X32Y235,SLICEL.C6LUT,64'h8117177E177E7EE8
u_dut/u_pc2/pc3_a21[2]_i_1,LUT6,SLICE_X30Y236,SLICEL.D6LUT,64'hFEE8E880E8808000
u_dut/u_pc2/pc3_a21_reg[0],FDRE,SLICE_X32Y234,SLICEL.AFF,1'b0
u_dut/u_pc2/pc3_a21_reg[1],FDRE,SLICE_X32Y235,SLICEL.CFF,1'b0
u_dut/u_pc2/pc3_a21_reg[2],FDRE,SLICE_X30Y236,SLICEL.DFF,1'b0
u_dut/u_pc2/pc3_a22[0]_i_1,LUT6,SLICE_X28Y234,SLICEL.A6LUT,64'h6996966996696996
u_dut/u_pc2/pc3_a22[1]_i_1,LUT6,SLICE_X28Y235,SLICEL.A6LUT,64'h8117177E177E7EE8
u_dut/u_pc2/pc3_a22[2]_i_1,LUT6,SLICE_X26Y235,SLICEL.B6LUT,64'hFEE8E880E8808000
u_dut/u_pc2/pc3_a22_reg[0],FDRE,SLICE_X28Y234,SLICEL.AFF,1'b0
u_dut/u_pc2/pc3_a22_reg[1],FDRE,SLICE_X28Y235,SLICEL.AFF,1'b0
u_dut/u_pc2/pc3_a22_reg[2],FDRE,SLICE_X26Y235,SLICEL.BFF,1'b0
u_dut/u_pc2/pc3_a23[0]_i_1,LUT6,SLICE_X28Y234,SLICEL.B6LUT,64'h6996966996696996
u_dut/u_pc2/pc3_a23[1]_i_1,LUT6,SLICE_X26Y235,SLICEL.C6LUT,64'h8117177E177E7EE8
u_dut/u_pc2/pc3_a23[2]_i_1,LUT6,SLICE_X27Y235,SLICEL.A6LUT,64'hFEE8E880E8808000
u_dut/u_pc2/pc3_a23_reg[0],FDRE,SLICE_X28Y234,SLICEL.BFF,1'b0
u_dut/u_pc2/pc3_a23_reg[1],FDRE,SLICE_X26Y235,SLICEL.CFF,1'b0
u_dut/u_pc2/pc3_a23_reg[2],FDRE,SLICE_X27Y235,SLICEL.AFF,1'b0
u_dut/u_pc2/pc3_a24[0]_i_1,LUT6,SLICE_X32Y232,SLICEL.B6LUT,64'h6996966996696996
u_dut/u_pc2/pc3_a24[1]_i_1,LUT6,SLICE_X34Y232,SLICEL.A6LUT,64'h8117177E177E7EE8
u_dut/u_pc2/pc3_a24[2]_i_1,LUT6,SLICE_X34Y231,SLICEL.D6LUT,64'hFEE8E880E8808000
u_dut/u_pc2/pc3_a24_reg[0],FDRE,SLICE_X32Y232,SLICEL.BFF,1'b0
u_dut/u_pc2/pc3_a24_reg[1],FDRE,SLICE_X34Y232,SLICEL.AFF,1'b0
u_dut/u_pc2/pc3_a24_reg[2],FDRE,SLICE_X34Y231,SLICEL.DFF,1'b0
u_dut/u_pc2/pc3_a25[0]_i_1,LUT6,SLICE_X35Y232,SLICEL.A6LUT,64'h6996966996696996
u_dut/u_pc2/pc3_a25[1]_i_1,LUT6,SLICE_X35Y232,SLICEL.B6LUT,64'h8117177E177E7EE8
u_dut/u_pc2/pc3_a25[2]_i_1,LUT6,SLICE_X35Y232,SLICEL.C6LUT,64'hFEE8E880E8808000
u_dut/u_pc2/pc3_a25_reg[0],FDRE,SLICE_X35Y232,SLICEL.AFF,1'b0
u_dut/u_pc2/pc3_a25_reg[1],FDRE,SLICE_X35Y232,SLICEL.BFF,1'b0
u_dut/u_pc2/pc3_a25_reg[2],FDRE,SLICE_X35Y232,SLICEL.CFF,1'b0
u_dut/u_pc2/pc3_a26[0]_i_1,LUT6,SLICE_X31Y232,SLICEL.B6LUT,64'h6996966996696996
u_dut/u_pc2/pc3_a26[1]_i_1,LUT6,SLICE_X32Y232,SLICEL.C6LUT,64'h8117177E177E7EE8
u_dut/u_pc2/pc3_a26[2]_i_1,LUT6,SLICE_X32Y232,SLICEL.D6LUT,64'hFEE8E880E8808000
u_dut/u_pc2/pc3_a26_reg[0],FDRE,SLICE_X31Y232,SLICEL.BFF,1'b0
u_dut/u_pc2/pc3_a26_reg[1],FDRE,SLICE_X32Y232,SLICEL.CFF,1'b0
u_dut/u_pc2/pc3_a26_reg[2],FDRE,SLICE_X32Y232,SLICEL.DFF,1'b0
u_dut/u_pc2/pc3_a27[0]_i_1,LUT6,SLICE_X33Y232,SLICEL.D6LUT,64'h6996966996696996
u_dut/u_pc2/pc3_a27[1]_i_1,LUT6,SLICE_X36Y232,SLICEL.A6LUT,64'h8117177E177E7EE8
u_dut/u_pc2/pc3_a27[2]_i_1,LUT6,SLICE_X36Y233,SLICEL.D6LUT,64'hFEE8E880E8808000
u_dut/u_pc2/pc3_a27_reg[0],FDRE,SLICE_X33Y232,SLICEL.DFF,1'b0
u_dut/u_pc2/pc3_a27_reg[1],FDRE,SLICE_X36Y232,SLICEL.AFF,1'b0
u_dut/u_pc2/pc3_a27_reg[2],FDRE,SLICE_X36Y233,SLICEL.DFF,1'b0
u_dut/u_pc2/pc3_a28[0]_i_1,LUT6,SLICE_X24Y234,SLICEL.A6LUT,64'h6996966996696996
u_dut/u_pc2/pc3_a28[1]_i_1,LUT6,SLICE_X25Y234,SLICEL.A6LUT,64'h8117177E177E7EE8
u_dut/u_pc2/pc3_a28[2]_i_1,LUT6,SLICE_X25Y235,SLICEL.A6LUT,64'hFEE8E880E8808000
u_dut/u_pc2/pc3_a28_reg[0],FDRE,SLICE_X24Y234,SLICEL.AFF,1'b0
u_dut/u_pc2/pc3_a28_reg[1],FDRE,SLICE_X25Y234,SLICEL.AFF,1'b0
u_dut/u_pc2/pc3_a28_reg[2],FDRE,SLICE_X25Y235,SLICEL.AFF,1'b0
u_dut/u_pc2/pc3_a29[0]_i_1,LUT6,SLICE_X23Y234,SLICEL.A6LUT,64'h6996966996696996
u_dut/u_pc2/pc3_a29[1]_i_1,LUT6,SLICE_X23Y234,SLICEL.B6LUT,64'h8117177E177E7EE8
u_dut/u_pc2/pc3_a29[2]_i_1,LUT6,SLICE_X23Y234,SLICEL.C6LUT,64'hFEE8E880E8808000
u_dut/u_pc2/pc3_a29_reg[0],FDRE,SLICE_X23Y234,SLICEL.AFF,1'b0
u_dut/u_pc2/pc3_a29_reg[1],FDRE,SLICE_X23Y234,SLICEL.BFF,1'b0
u_dut/u_pc2/pc3_a29_reg[2],FDRE,SLICE_X23Y234,SLICEL.CFF,1'b0
u_dut/u_pc2/pc3_a2[0]_i_1,LUT6,SLICE_X36Y236,SLICEL.A6LUT,64'h6996966996696996
u_dut/u_pc2/pc3_a2[1]_i_1,LUT6,SLICE_X36Y235,SLICEL.C6LUT,64'h8117177E177E7EE8
u_dut/u_pc2/pc3_a2[2]_i_1,LUT6,SLICE_X36Y235,SLICEL.D6LUT,64'hFEE8E880E8808000
u_dut/u_pc2/pc3_a2_reg[0],FDRE,SLICE_X36Y236,SLICEL.AFF,1'b0
u_dut/u_pc2/pc3_a2_reg[1],FDRE,SLICE_X36Y235,SLICEL.CFF,1'b0
u_dut/u_pc2/pc3_a2_reg[2],FDRE,SLICE_X36Y235,SLICEL.DFF,1'b0
u_dut/u_pc2/pc3_a30[0]_i_1,LUT6,SLICE_X24Y234,SLICEL.B6LUT,64'h6996966996696996
u_dut/u_pc2/pc3_a30[1]_i_1,LUT6,SLICE_X23Y234,SLICEL.D6LUT,64'h8117177E177E7EE8
u_dut/u_pc2/pc3_a30[2]_i_1,LUT6,SLICE_X24Y235,SLICEL.D6LUT,64'hFEE8E880E8808000
u_dut/u_pc2/pc3_a30_reg[0],FDRE,SLICE_X24Y234,SLICEL.BFF,1'b0
u_dut/u_pc2/pc3_a30_reg[1],FDRE,SLICE_X23Y234,SLICEL.DFF,1'b0
u_dut/u_pc2/pc3_a30_reg[2],FDRE,SLICE_X24Y235,SLICEL.DFF,1'b0
u_dut/u_pc2/pc3_a31[0]_i_1,LUT6,SLICE_X23Y233,SLICEL.B6LUT,64'h6996966996696996
u_dut/u_pc2/pc3_a31[1]_i_1,LUT6,SLICE_X24Y233,SLICEL.D6LUT,64'h8117177E177E7EE8
u_dut/u_pc2/pc3_a31[2]_i_1,LUT6,SLICE_X25Y233,SLICEL.D6LUT,64'hFEE8E880E8808000
u_dut/u_pc2/pc3_a31_reg[0],FDRE,SLICE_X23Y233,SLICEL.BFF,1'b0
u_dut/u_pc2/pc3_a31_reg[1],FDRE,SLICE_X24Y233,SLICEL.DFF,1'b0
u_dut/u_pc2/pc3_a31_reg[2],FDRE,SLICE_X25Y233,SLICEL.DFF,1'b0
u_dut/u_pc2/pc3_a32[0]_i_1,LUT6,SLICE_X34Y236,SLICEL.A6LUT,64'h6996966996696996
u_dut/u_pc2/pc3_a32[1]_i_1,LUT6,SLICE_X34Y236,SLICEL.B6LUT,64'h8117177E177E7EE8
u_dut/u_pc2/pc3_a32[2]_i_1,LUT6,SLICE_X34Y236,SLICEL.C6LUT,64'hFEE8E880E8808000
u_dut/u_pc2/pc3_a32_reg[0],FDRE,SLICE_X34Y236,SLICEL.AFF,1'b0
u_dut/u_pc2/pc3_a32_reg[1],FDRE,SLICE_X34Y236,SLICEL.BFF,1'b0
u_dut/u_pc2/pc3_a32_reg[2],FDRE,SLICE_X34Y236,SLICEL.CFF,1'b0
u_dut/u_pc2/pc3_a33[0]_i_1,LUT2,SLICE_X34Y237,SLICEL.D6LUT,4'h6
u_dut/u_pc2/pc3_a33[1]_i_1,LUT2,SLICE_X34Y237,SLICEL.D5LUT,4'h8
u_dut/u_pc2/pc3_a33_reg[0],FDRE,SLICE_X34Y237,SLICEL.DFF,1'b0
u_dut/u_pc2/pc3_a33_reg[1],FDRE,SLICE_X34Y237,SLICEL.D5FF,1'b0
u_dut/u_pc2/pc3_a3[0]_i_1,LUT6,SLICE_X36Y236,SLICEL.B6LUT,64'h6996966996696996
u_dut/u_pc2/pc3_a3[1]_i_1,LUT6,SLICE_X37Y236,SLICEL.A6LUT,64'h8117177E177E7EE8
u_dut/u_pc2/pc3_a3[2]_i_1,LUT6,SLICE_X37Y237,SLICEL.A6LUT,64'hFEE8E880E8808000
u_dut/u_pc2/pc3_a3_reg[0],FDRE,SLICE_X36Y236,SLICEL.BFF,1'b0
u_dut/u_pc2/pc3_a3_reg[1],FDRE,SLICE_X37Y236,SLICEL.AFF,1'b0
u_dut/u_pc2/pc3_a3_reg[2],FDRE,SLICE_X37Y237,SLICEL.AFF,1'b0
u_dut/u_pc2/pc3_a4[0]_i_1,LUT6,SLICE_X35Y242,SLICEL.B6LUT,64'h6996966996696996
u_dut/u_pc2/pc3_a4[1]_i_1,LUT6,SLICE_X35Y244,SLICEL.A6LUT,64'h8117177E177E7EE8
u_dut/u_pc2/pc3_a4[2]_i_1,LUT6,SLICE_X34Y244,SLICEL.D6LUT,64'hFEE8E880E8808000
u_dut/u_pc2/pc3_a4_reg[0],FDRE,SLICE_X35Y242,SLICEL.BFF,1'b0
u_dut/u_pc2/pc3_a4_reg[1],FDRE,SLICE_X35Y244,SLICEL.AFF,1'b0
u_dut/u_pc2/pc3_a4_reg[2],FDRE,SLICE_X34Y244,SLICEL.DFF,1'b0
u_dut/u_pc2/pc3_a5[0]_i_1,LUT6,SLICE_X38Y242,SLICEM.A6LUT,64'h6996966996696996
u_dut/u_pc2/pc3_a5[1]_i_1,LUT6,SLICE_X36Y242,SLICEL.B6LUT,64'h8117177E177E7EE8
u_dut/u_pc2/pc3_a5[2]_i_1,LUT6,SLICE_X38Y243,SLICEM.C6LUT,64'hFEE8E880E8808000
u_dut/u_pc2/pc3_a5_reg[0],FDRE,SLICE_X38Y242,SLICEM.AFF,1'b0
u_dut/u_pc2/pc3_a5_reg[1],FDRE,SLICE_X36Y242,SLICEL.BFF,1'b0
u_dut/u_pc2/pc3_a5_reg[2],FDRE,SLICE_X38Y243,SLICEM.CFF,1'b0
u_dut/u_pc2/pc3_a6[0]_i_1,LUT6,SLICE_X34Y242,SLICEL.C6LUT,64'h6996966996696996
u_dut/u_pc2/pc3_a6[1]_i_1,LUT6,SLICE_X34Y242,SLICEL.D6LUT,64'h8117177E177E7EE8
u_dut/u_pc2/pc3_a6[2]_i_1,LUT6,SLICE_X34Y243,SLICEL.C6LUT,64'hFEE8E880E8808000
u_dut/u_pc2/pc3_a6_reg[0],FDRE,SLICE_X34Y242,SLICEL.CFF,1'b0
u_dut/u_pc2/pc3_a6_reg[1],FDRE,SLICE_X34Y242,SLICEL.DFF,1'b0
u_dut/u_pc2/pc3_a6_reg[2],FDRE,SLICE_X34Y243,SLICEL.CFF,1'b0
u_dut/u_pc2/pc3_a7[0]_i_1,LUT6,SLICE_X33Y242,SLICEL.C6LUT,64'h6996966996696996
u_dut/u_pc2/pc3_a7[1]_i_1,LUT6,SLICE_X33Y241,SLICEL.A6LUT,64'h8117177E177E7EE8
u_dut/u_pc2/pc3_a7[2]_i_1,LUT6,SLICE_X33Y242,SLICEL.D6LUT,64'hFEE8E880E8808000
u_dut/u_pc2/pc3_a7_reg[0],FDRE,SLICE_X33Y242,SLICEL.CFF,1'b0
u_dut/u_pc2/pc3_a7_reg[1],FDRE,SLICE_X33Y241,SLICEL.AFF,1'b0
u_dut/u_pc2/pc3_a7_reg[2],FDRE,SLICE_X33Y242,SLICEL.DFF,1'b0
u_dut/u_pc2/pc3_a8[0]_i_1,LUT6,SLICE_X40Y245,SLICEL.B6LUT,64'h6996966996696996
u_dut/u_pc2/pc3_a8[1]_i_1,LUT6,SLICE_X39Y244,SLICEL.D6LUT,64'h8117177E177E7EE8
u_dut/u_pc2/pc3_a8[2]_i_1,LUT6,SLICE_X40Y245,SLICEL.C6LUT,64'hFEE8E880E8808000
u_dut/u_pc2/pc3_a8_reg[0],FDRE,SLICE_X40Y245,SLICEL.BFF,1'b0
u_dut/u_pc2/pc3_a8_reg[1],FDRE,SLICE_X39Y244,SLICEL.DFF,1'b0
u_dut/u_pc2/pc3_a8_reg[2],FDRE,SLICE_X40Y245,SLICEL.CFF,1'b0
u_dut/u_pc2/pc3_a9[0]_i_1,LUT6,SLICE_X39Y243,SLICEL.B6LUT,64'h6996966996696996
u_dut/u_pc2/pc3_a9[1]_i_1,LUT6,SLICE_X40Y244,SLICEL.A6LUT,64'h8117177E177E7EE8
u_dut/u_pc2/pc3_a9[2]_i_1,LUT6,SLICE_X40Y245,SLICEL.D6LUT,64'hFEE8E880E8808000
u_dut/u_pc2/pc3_a9_reg[0],FDRE,SLICE_X39Y243,SLICEL.BFF,1'b0
u_dut/u_pc2/pc3_a9_reg[1],FDRE,SLICE_X40Y244,SLICEL.AFF,1'b0
u_dut/u_pc2/pc3_a9_reg[2],FDRE,SLICE_X40Y245,SLICEL.DFF,1'b0
u_dut/u_pc2/pc3_r2_0[0]_i_1,LUT4,SLICE_X36Y236,SLICEL.C6LUT,16'h6996
u_dut/u_pc2/pc3_r2_0[1]_i_1,LUT5,SLICE_X36Y236,SLICEL.D6LUT,32'h81177EE8
u_dut/u_pc2/pc3_r2_0[1]_i_2,LUT4,SLICE_X37Y236,SLICEL.B6LUT,16'h6996
u_dut/u_pc2/pc3_r2_0[2]_i_1,LUT6,SLICE_X37Y236,SLICEL.C6LUT,64'h9669699666666666
u_dut/u_pc2/pc3_r2_0[2]_i_2,LUT5,SLICE_X36Y236,SLICEL.D5LUT,32'hFEE88000
u_dut/u_pc2/pc3_r2_0[2]_i_3,LUT5,SLICE_X37Y237,SLICEL.D6LUT,32'h96696996
u_dut/u_pc2/pc3_r2_0[3]_i_1,LUT6,SLICE_X37Y237,SLICEL.B6LUT,64'hA99595569556566A
u_dut/u_pc2/pc3_r2_0[4]_i_1,LUT6,SLICE_X37Y237,SLICEL.C6LUT,64'hFEEAEAA8EAA8A880
u_dut/u_pc2/pc3_r2_0[4]_i_2,LUT6,SLICE_X37Y236,SLICEL.D6LUT,64'hEBBEAAAA82280000
u_dut/u_pc2/pc3_r2_0[4]_i_3,LUT3,SLICE_X37Y236,SLICEL.B5LUT,8'hE8
u_dut/u_pc2/pc3_r2_0_reg[0],FDRE,SLICE_X36Y236,SLICEL.CFF,1'b0
u_dut/u_pc2/pc3_r2_0_reg[1],FDRE,SLICE_X36Y241,SLICEL.A5FF,1'b0
u_dut/u_pc2/pc3_r2_0_reg[2],FDRE,SLICE_X37Y236,SLICEL.CFF,1'b0
u_dut/u_pc2/pc3_r2_0_reg[3],FDRE,SLICE_X37Y237,SLICEL.BFF,1'b0
u_dut/u_pc2/pc3_r2_0_reg[4],FDRE,SLICE_X37Y237,SLICEL.CFF,1'b0
u_dut/u_pc2/pc3_r2_1[0]_i_1,LUT4,SLICE_X35Y242,SLICEL.C6LUT,16'h6996
u_dut/u_pc2/pc3_r2_1[1]_i_1,LUT5,SLICE_X35Y242,SLICEL.D6LUT,32'h81177EE8
u_dut/u_pc2/pc3_r2_1[1]_i_2,LUT4,SLICE_X35Y244,SLICEL.B6LUT,16'h6996
u_dut/u_pc2/pc3_r2_1[2]_i_1,LUT6,SLICE_X35Y244,SLICEL.C6LUT,64'h9669699666666666
u_dut/u_pc2/pc3_r2_1[2]_i_2,LUT5,SLICE_X35Y242,SLICEL.D5LUT,32'hFEE88000
u_dut/u_pc2/pc3_r2_1[2]_i_3,LUT5,SLICE_X37Y244,SLICEL.D6LUT,32'h96696996
u_dut/u_pc2/pc3_r2_1[3]_i_1,LUT6,SLICE_X37Y244,SLICEL.B6LUT,64'hA99595569556566A
u_dut/u_pc2/pc3_r2_1[4]_i_1,LUT6,SLICE_X37Y244,SLICEL.C6LUT,64'hFEEAEAA8EAA8A880
u_dut/u_pc2/pc3_r2_1[4]_i_2,LUT6,SLICE_X35Y244,SLICEL.D6LUT,64'hEBBEAAAA82280000
u_dut/u_pc2/pc3_r2_1[4]_i_3,LUT3,SLICE_X35Y244,SLICEL.B5LUT,8'hE8
u_dut/u_pc2/pc3_r2_1_reg[0],FDRE,SLICE_X35Y242,SLICEL.CFF,1'b0
u_dut/u_pc2/pc3_r2_1_reg[1],FDRE,SLICE_X35Y242,SLICEL.A5FF,1'b0
u_dut/u_pc2/pc3_r2_1_reg[2],FDRE,SLICE_X35Y244,SLICEL.CFF,1'b0
u_dut/u_pc2/pc3_r2_1_reg[3],FDRE,SLICE_X37Y244,SLICEL.BFF,1'b0
u_dut/u_pc2/pc3_r2_1_reg[4],FDRE,SLICE_X37Y244,SLICEL.CFF,1'b0
u_dut/u_pc2/pc3_r2_2[0]_i_1,LUT4,SLICE_X39Y243,SLICEL.C6LUT,16'h6996
u_dut/u_pc2/pc3_r2_2[1]_i_1,LUT5,SLICE_X39Y243,SLICEL.D6LUT,32'h81177EE8
u_dut/u_pc2/pc3_r2_2[1]_i_2,LUT4,SLICE_X40Y244,SLICEL.B6LUT,16'h6996
u_dut/u_pc2/pc3_r2_2[2]_i_1,LUT6,SLICE_X41Y244,SLICEL.A6LUT,64'h9669699666666666
u_dut/u_pc2/pc3_r2_2[2]_i_2,LUT5,SLICE_X39Y243,SLICEL.D5LUT,32'hFEE88000
u_dut/u_pc2/pc3_r2_2[2]_i_3,LUT5,SLICE_X41Y244,SLICEL.C6LUT,32'h96696996
u_dut/u_pc2/pc3_r2_2[3]_i_1,LUT6,SLICE_X40Y244,SLICEL.C6LUT,64'hA99595569556566A
u_dut/u_pc2/pc3_r2_2[4]_i_1,LUT6,SLICE_X40Y244,SLICEL.D6LUT,64'hFEEAEAA8EAA8A880
u_dut/u_pc2/pc3_r2_2[4]_i_2,LUT6,SLICE_X41Y244,SLICEL.B6LUT,64'hEBBEAAAA82280000
u_dut/u_pc2/pc3_r2_2[4]_i_3,LUT3,SLICE_X40Y244,SLICEL.B5LUT,8'hE8
u_dut/u_pc2/pc3_r2_2_reg[0],FDRE,SLICE_X39Y243,SLICEL.CFF,1'b0
u_dut/u_pc2/pc3_r2_2_reg[1],FDRE,SLICE_X39Y243,SLICEL.A5FF,1'b0
u_dut/u_pc2/pc3_r2_2_reg[2],FDRE,SLICE_X41Y244,SLICEL.AFF,1'b0
u_dut/u_pc2/pc3_r2_2_reg[3],FDRE,SLICE_X40Y244,SLICEL.CFF,1'b0
u_dut/u_pc2/pc3_r2_2_reg[4],FDRE,SLICE_X40Y244,SLICEL.DFF,1'b0
u_dut/u_pc2/pc3_r2_3[0]_i_1,LUT4,SLICE_X30Y247,SLICEL.D6LUT,16'h6996
u_dut/u_pc2/pc3_r2_3[1]_i_1,LUT5,SLICE_X31Y247,SLICEL.A6LUT,32'h81177EE8
u_dut/u_pc2/pc3_r2_3[1]_i_2,LUT4,SLICE_X31Y247,SLICEL.B6LUT,16'h6996
u_dut/u_pc2/pc3_r2_3[2]_i_1,LUT6,SLICE_X31Y247,SLICEL.C6LUT,64'h9669699666666666
u_dut/u_pc2/pc3_r2_3[2]_i_2,LUT5,SLICE_X31Y247,SLICEL.A5LUT,32'hFEE88000
u_dut/u_pc2/pc3_r2_3[2]_i_3,LUT5,SLICE_X33Y245,SLICEL.D6LUT,32'h96696996
u_dut/u_pc2/pc3_r2_3[3]_i_1,LUT6,SLICE_X33Y245,SLICEL.A6LUT,64'hA99595569556566A
u_dut/u_pc2/pc3_r2_3[4]_i_1,LUT6,SLICE_X33Y245,SLICEL.B6LUT,64'hFEEAEAA8EAA8A880
u_dut/u_pc2/pc3_r2_3[4]_i_2,LUT6,SLICE_X31Y247,SLICEL.D6LUT,64'hEBBEAAAA82280000
u_dut/u_pc2/pc3_r2_3[4]_i_3,LUT3,SLICE_X31Y247,SLICEL.B5LUT,8'hE8
u_dut/u_pc2/pc3_r2_3_reg[0],FDRE,SLICE_X30Y247,SLICEL.DFF,1'b0
u_dut/u_pc2/pc3_r2_3_reg[1],FDRE,SLICE_X33Y246,SLICEL.AFF,1'b0
u_dut/u_pc2/pc3_r2_3_reg[2],FDRE,SLICE_X31Y247,SLICEL.CFF,1'b0
u_dut/u_pc2/pc3_r2_3_reg[3],FDRE,SLICE_X33Y245,SLICEL.AFF,1'b0
u_dut/u_pc2/pc3_r2_3_reg[4],FDRE,SLICE_X33Y245,SLICEL.BFF,1'b0
u_dut/u_pc2/pc3_r2_4[0]_i_1,LUT4,SLICE_X27Y233,SLICEL.C6LUT,16'h6996
u_dut/u_pc2/pc3_r2_4[1]_i_1,LUT5,SLICE_X27Y233,SLICEL.D6LUT,32'h81177EE8
u_dut/u_pc2/pc3_r2_4[1]_i_2,LUT4,SLICE_X29Y233,SLICEL.B6LUT,16'h6996
u_dut/u_pc2/pc3_r2_4[2]_i_1,LUT6,SLICE_X29Y233,SLICEL.C6LUT,64'h9669699666666666
u_dut/u_pc2/pc3_r2_4[2]_i_2,LUT5,SLICE_X27Y233,SLICEL.D5LUT,32'hFEE88000
u_dut/u_pc2/pc3_r2_4[2]_i_3,LUT5,SLICE_X31Y233,SLICEL.D6LUT,32'h96696996
u_dut/u_pc2/pc3_r2_4[3]_i_1,LUT6,SLICE_X31Y234,SLICEL.A6LUT,64'hA99595569556566A
u_dut/u_pc2/pc3_r2_4[4]_i_1,LUT6,SLICE_X31Y234,SLICEL.B6LUT,64'hFEEAEAA8EAA8A880
u_dut/u_pc2/pc3_r2_4[4]_i_2,LUT6,SLICE_X29Y233,SLICEL.D6LUT,64'hEBBEAAAA82280000
u_dut/u_pc2/pc3_r2_4[4]_i_3,LUT3,SLICE_X29Y233,SLICEL.B5LUT,8'hE8
u_dut/u_pc2/pc3_r2_4_reg[0],FDRE,SLICE_X27Y233,SLICEL.CFF,1'b0
u_dut/u_pc2/pc3_r2_4_reg[1],FDRE,SLICE_X28Y234,SLICEL.A5FF,1'b0
u_dut/u_pc2/pc3_r2_4_reg[2],FDRE,SLICE_X29Y233,SLICEL.CFF,1'b0
u_dut/u_pc2/pc3_r2_4_reg[3],FDRE,SLICE_X31Y234,SLICEL.AFF,1'b0
u_dut/u_pc2/pc3_r2_4_reg[4],FDRE,SLICE_X31Y234,SLICEL.BFF,1'b0
u_dut/u_pc2/pc3_r2_5[0]_i_1,LUT4,SLICE_X28Y234,SLICEL.C6LUT,16'h6996
u_dut/u_pc2/pc3_r2_5[1]_i_1,LUT5,SLICE_X28Y234,SLICEL.D6LUT,32'h81177EE8
u_dut/u_pc2/pc3_r2_5[1]_i_2,LUT4,SLICE_X28Y235,SLICEL.B6LUT,16'h6996
u_dut/u_pc2/pc3_r2_5[2]_i_1,LUT6,SLICE_X28Y235,SLICEL.C6LUT,64'h9669699666666666
u_dut/u_pc2/pc3_r2_5[2]_i_2,LUT5,SLICE_X28Y234,SLICEL.D5LUT,32'hFEE88000
u_dut/u_pc2/pc3_r2_5[2]_i_3,LUT5,SLICE_X27Y235,SLICEL.D6LUT,32'h96696996
u_dut/u_pc2/pc3_r2_5[3]_i_1,LUT6,SLICE_X27Y235,SLICEL.B6LUT,64'hA99595569556566A
u_dut/u_pc2/pc3_r2_5[4]_i_1,LUT6,SLICE_X27Y235,SLICEL.C6LUT,64'hFEEAEAA8EAA8A880
u_dut/u_pc2/pc3_r2_5[4]_i_2,LUT6,SLICE_X28Y235,SLICEL.D6LUT,64'hEBBEAAAA82280000
u_dut/u_pc2/pc3_r2_5[4]_i_3,LUT3,SLICE_X28Y235,SLICEL.B5LUT,8'hE8
u_dut/u_pc2/pc3_r2_5_reg[0],FDRE,SLICE_X28Y234,SLICEL.CFF,1'b0
u_dut/u_pc2/pc3_r2_5_reg[1],FDRE,SLICE_X29Y234,SLICEL.A5FF,1'b0
u_dut/u_pc2/pc3_r2_5_reg[2],FDRE,SLICE_X28Y235,SLICEL.CFF,1'b0
u_dut/u_pc2/pc3_r2_5_reg[3],FDRE,SLICE_X27Y235,SLICEL.BFF,1'b0
u_dut/u_pc2/pc3_r2_5_reg[4],FDRE,SLICE_X27Y235,SLICEL.CFF,1'b0
u_dut/u_pc2/pc3_r2_6[0]_i_1,LUT4,SLICE_X31Y232,SLICEL.C6LUT,16'h6996
u_dut/u_pc2/pc3_r2_6[1]_i_1,LUT5,SLICE_X31Y232,SLICEL.D6LUT,32'h81177EE8
u_dut/u_pc2/pc3_r2_6[1]_i_2,LUT4,SLICE_X34Y232,SLICEL.B6LUT,16'h6996
u_dut/u_pc2/pc3_r2_6[2]_i_1,LUT6,SLICE_X34Y232,SLICEL.C6LUT,64'h9669699666666666
u_dut/u_pc2/pc3_r2_6[2]_i_2,LUT5,SLICE_X31Y232,SLICEL.D5LUT,32'hFEE88000
u_dut/u_pc2/pc3_r2_6[2]_i_3,LUT5,SLICE_X35Y232,SLICEL.D6LUT,32'h96696996
u_dut/u_pc2/pc3_r2_6[3]_i_1,LUT6,SLICE_X35Y233,SLICEL.C6LUT,64'hA99595569556566A
u_dut/u_pc2/pc3_r2_6[4]_i_1,LUT6,SLICE_X35Y233,SLICEL.D6LUT,64'hFEEAEAA8EAA8A880
u_dut/u_pc2/pc3_r2_6[4]_i_2,LUT6,SLICE_X34Y232,SLICEL.D6LUT,64'hEBBEAAAA82280000
u_dut/u_pc2/pc3_r2_6[4]_i_3,LUT3,SLICE_X34Y232,SLICEL.B5LUT,8'hE8
u_dut/u_pc2/pc3_r2_6_reg[0],FDRE,SLICE_X31Y232,SLICEL.CFF,1'b0
u_dut/u_pc2/pc3_r2_6_reg[1],FDRE,SLICE_X31Y232,SLICEL.A5FF,1'b0
u_dut/u_pc2/pc3_r2_6_reg[2],FDRE,SLICE_X34Y232,SLICEL.CFF,1'b0
u_dut/u_pc2/pc3_r2_6_reg[3],FDRE,SLICE_X35Y233,SLICEL.CFF,1'b0
u_dut/u_pc2/pc3_r2_6_reg[4],FDRE,SLICE_X35Y233,SLICEL.DFF,1'b0
u_dut/u_pc2/pc3_r2_7[0]_i_1,LUT4,SLICE_X24Y234,SLICEL.C6LUT,16'h6996
u_dut/u_pc2/pc3_r2_7[1]_i_1,LUT5,SLICE_X24Y234,SLICEL.D6LUT,32'h81177EE8
u_dut/u_pc2/pc3_r2_7[1]_i_2,LUT4,SLICE_X25Y234,SLICEL.B6LUT,16'h6996
u_dut/u_pc2/pc3_r2_7[2]_i_1,LUT6,SLICE_X25Y234,SLICEL.C6LUT,64'h9669699666666666
u_dut/u_pc2/pc3_r2_7[2]_i_2,LUT5,SLICE_X24Y234,SLICEL.D5LUT,32'hFEE88000
u_dut/u_pc2/pc3_r2_7[2]_i_3,LUT5,SLICE_X25Y235,SLICEL.D6LUT,32'h96696996
u_dut/u_pc2/pc3_r2_7[3]_i_1,LUT6,SLICE_X25Y235,SLICEL.B6LUT,64'hA99595569556566A
u_dut/u_pc2/pc3_r2_7[4]_i_1,LUT6,SLICE_X25Y235,SLICEL.C6LUT,64'hFEEAEAA8EAA8A880
u_dut/u_pc2/pc3_r2_7[4]_i_2,LUT6,SLICE_X25Y234,SLICEL.D6LUT,64'hEBBEAAAA82280000
u_dut/u_pc2/pc3_r2_7[4]_i_3,LUT3,SLICE_X25Y234,SLICEL.B5LUT,8'hE8
u_dut/u_pc2/pc3_r2_7_reg[0],FDRE,SLICE_X24Y234,SLICEL.CFF,1'b0
u_dut/u_pc2/pc3_r2_7_reg[1],FDRE,SLICE_X25Y234,SLICEL.A5FF,1'b0
u_dut/u_pc2/pc3_r2_7_reg[2],FDRE,SLICE_X25Y234,SLICEL.CFF,1'b0
u_dut/u_pc2/pc3_r2_7_reg[3],FDRE,SLICE_X25Y235,SLICEL.BFF,1'b0
u_dut/u_pc2/pc3_r2_7_reg[4],FDRE,SLICE_X25Y235,SLICEL.CFF,1'b0
u_dut/u_pc2/pc3_r2_8[0]_i_1,LUT2,SLICE_X35Y237,SLICEL.B6LUT,4'h6
u_dut/u_pc2/pc3_r2_8[1]_i_1,LUT4,SLICE_X35Y237,SLICEL.B5LUT,16'h8778
u_dut/u_pc2/pc3_r2_8[2]_i_1,LUT5,SLICE_X35Y237,SLICEL.C6LUT,32'h077FF880
u_dut/u_pc2/pc3_r2_8[3]_i_1,LUT5,SLICE_X35Y237,SLICEL.C5LUT,32'hAA808000
u_dut/u_pc2/pc3_r2_8_reg[0],FDRE,SLICE_X35Y237,SLICEL.BFF,1'b0
u_dut/u_pc2/pc3_r2_8_reg[1],FDRE,SLICE_X35Y237,SLICEL.B5FF,1'b0
u_dut/u_pc2/pc3_r2_8_reg[2],FDRE,SLICE_X35Y237,SLICEL.CFF,1'b0
u_dut/u_pc2/pc3_r2_8_reg[3],FDRE,SLICE_X35Y237,SLICEL.C5FF,1'b0
u_dut/u_pc2/pc3_r4_0[3]_i_2,LUT5,SLICE_X36Y242,SLICEL.C6LUT,32'hEEE8E888
u_dut/u_pc2/pc3_r4_0[3]_i_3,LUT5,SLICE_X36Y242,SLICEL.C5LUT,32'hE81717E8
u_dut/u_pc2/pc3_r4_0[3]_i_4,LUT4,SLICE_X36Y242,SLICEL.D6LUT,16'h6996
u_dut/u_pc2/pc3_r4_0[3]_i_5,LUT6,SLICE_X37Y242,SLICEL.D6LUT,64'h6969699669969696
u_dut/u_pc2/pc3_r4_0[3]_i_6,LUT6,SLICE_X37Y242,SLICEL.C6LUT,64'h6999999699969666
u_dut/u_pc2/pc3_r4_0[3]_i_7,LUT4,SLICE_X37Y242,SLICEL.B6LUT,16'h566A
u_dut/u_pc2/pc3_r4_0[3]_i_8,LUT4,SLICE_X37Y242,SLICEL.A6LUT,16'h6996
u_dut/u_pc2/pc3_r4_0[3]_i_9,LUT3,SLICE_X36Y243,SLICEL.B6LUT,8'h96
u_dut/u_pc2/pc3_r4_0[6]_i_2,LUT5,SLICE_X36Y243,SLICEL.C6LUT,32'hEEE8E888
u_dut/u_pc2/pc3_r4_0[6]_i_3,LUT5,SLICE_X36Y243,SLICEL.B5LUT,32'hEEE8E888
u_dut/u_pc2/pc3_r4_0[6]_i_4,LUT5,SLICE_X37Y243,SLICEL.B6LUT,32'h177E7EE8
u_dut/u_pc2/pc3_r4_0[6]_i_5,LUT6,SLICE_X37Y243,SLICEL.A6LUT,64'h6969699669969696
u_dut/u_pc2/pc3_r4_0[6]_i_6,LUT3,SLICE_X36Y243,SLICEL.D6LUT,8'h96
u_dut/u_pc2/pc3_r4_0[6]_i_7,LUT3,SLICE_X36Y243,SLICEL.A6LUT,8'h96
u_dut/u_pc2/pc3_r4_0[6]_i_8,LUT3,SLICE_X36Y243,SLICEL.A5LUT,8'hE8
u_dut/u_pc2/pc3_r4_0_reg[0],FDRE,SLICE_X37Y242,SLICEL.AFF,1'b0
u_dut/u_pc2/pc3_r4_0_reg[1],FDRE,SLICE_X37Y242,SLICEL.BFF,1'b0
u_dut/u_pc2/pc3_r4_0_reg[2],FDRE,SLICE_X37Y242,SLICEL.CFF,1'b0
u_dut/u_pc2/pc3_r4_0_reg[3],FDRE,SLICE_X37Y242,SLICEL.DFF,1'b0
u_dut/u_pc2/pc3_r4_0_reg[3]_i_1,CARRY4,SLICE_X37Y242,SLICEL.CARRY4,
u_dut/u_pc2/pc3_r4_0_reg[4],FDRE,SLICE_X37Y243,SLICEL.AFF,1'b0
u_dut/u_pc2/pc3_r4_0_reg[5],FDRE,SLICE_X37Y243,SLICEL.BFF,1'b0
u_dut/u_pc2/pc3_r4_0_reg[6],FDRE,SLICE_X37Y243,SLICEL.CFF,1'b0
u_dut/u_pc2/pc3_r4_0_reg[6]_i_1,CARRY4,SLICE_X37Y243,SLICEL.CARRY4,
u_dut/u_pc2/pc3_r4_1[3]_i_2,LUT5,SLICE_X31Y234,SLICEL.C6LUT,32'hEEE8E888
u_dut/u_pc2/pc3_r4_1[3]_i_3,LUT5,SLICE_X31Y234,SLICEL.C5LUT,32'hE81717E8
u_dut/u_pc2/pc3_r4_1[3]_i_4,LUT4,SLICE_X31Y234,SLICEL.D6LUT,16'h6996
u_dut/u_pc2/pc3_r4_1[3]_i_5,LUT6,SLICE_X30Y234,SLICEL.D6LUT,64'h6969699669969696
u_dut/u_pc2/pc3_r4_1[3]_i_6,LUT6,SLICE_X30Y234,SLICEL.C6LUT,64'h6999999699969666
u_dut/u_pc2/pc3_r4_1[3]_i_7,LUT4,SLICE_X30Y234,SLICEL.B6LUT,16'h566A
u_dut/u_pc2/pc3_r4_1[3]_i_8,LUT4,SLICE_X30Y234,SLICEL.A6LUT,16'h6996
u_dut/u_pc2/pc3_r4_1[3]_i_9,LUT3,SLICE_X31Y235,SLICEL.B6LUT,8'h96
u_dut/u_pc2/pc3_r4_1[6]_i_2,LUT5,SLICE_X31Y235,SLICEL.C6LUT,32'hEEE8E888
u_dut/u_pc2/pc3_r4_1[6]_i_3,LUT5,SLICE_X31Y235,SLICEL.B5LUT,32'hEEE8E888
u_dut/u_pc2/pc3_r4_1[6]_i_4,LUT5,SLICE_X30Y235,SLICEL.B6LUT,32'h177E7EE8
u_dut/u_pc2/pc3_r4_1[6]_i_5,LUT6,SLICE_X30Y235,SLICEL.A6LUT,64'h6969699669969696
u_dut/u_pc2/pc3_r4_1[6]_i_6,LUT3,SLICE_X31Y235,SLICEL.D6LUT,8'h96
u_dut/u_pc2/pc3_r4_1[6]_i_7,LUT3,SLICE_X31Y235,SLICEL.A6LUT,8'h96
u_dut/u_pc2/pc3_r4_1[6]_i_8,LUT3,SLICE_X31Y235,SLICEL.A5LUT,8'hE8
u_dut/u_pc2/pc3_r4_1_reg[0],FDRE,SLICE_X30Y234,SLICEL.AFF,1'b0
u_dut/u_pc2/pc3_r4_1_reg[1],FDRE,SLICE_X30Y234,SLICEL.BFF,1'b0
u_dut/u_pc2/pc3_r4_1_reg[2],FDRE,SLICE_X30Y234,SLICEL.CFF,1'b0
u_dut/u_pc2/pc3_r4_1_reg[3],FDRE,SLICE_X30Y234,SLICEL.DFF,1'b0
u_dut/u_pc2/pc3_r4_1_reg[3]_i_1,CARRY4,SLICE_X30Y234,SLICEL.CARRY4,
u_dut/u_pc2/pc3_r4_1_reg[4],FDRE,SLICE_X30Y235,SLICEL.AFF,1'b0
u_dut/u_pc2/pc3_r4_1_reg[5],FDRE,SLICE_X30Y235,SLICEL.BFF,1'b0
u_dut/u_pc2/pc3_r4_1_reg[6],FDRE,SLICE_X30Y235,SLICEL.CFF,1'b0
u_dut/u_pc2/pc3_r4_1_reg[6]_i_1,CARRY4,SLICE_X30Y235,SLICEL.CARRY4,
u_dut/u_pc2/pc3_r4_2_reg[0],FDRE,SLICE_X35Y240,SLICEL.AFF,1'b0
u_dut/u_pc2/pc3_r4_2_reg[1],FDRE,SLICE_X35Y240,SLICEL.BFF,1'b0
u_dut/u_pc2/pc3_r4_2_reg[2],FDRE,SLICE_X35Y240,SLICEL.CFF,1'b0
u_dut/u_pc2/pc3_r4_2_reg[3],FDRE,SLICE_X36Y240,SLICEL.AFF,1'b0
u_dut/u_pc2/pc3_r6_0[3]_i_2,LUT3,SLICE_X37Y240,SLICEL.C5LUT,8'hE8
u_dut/u_pc2/pc3_r6_0[3]_i_3,LUT3,SLICE_X37Y240,SLICEL.B5LUT,8'hE8
u_dut/u_pc2/pc3_r6_0[3]_i_4,LUT3,SLICE_X37Y240,SLICEL.A5LUT,8'hE8
u_dut/u_pc2/pc3_r6_0[3]_i_5,LUT4,SLICE_X37Y240,SLICEL.D6LUT,16'h6996
u_dut/u_pc2/pc3_r6_0[3]_i_6,LUT4,SLICE_X37Y240,SLICEL.C6LUT,16'h6996
u_dut/u_pc2/pc3_r6_0[3]_i_7,LUT4,SLICE_X37Y240,SLICEL.B6LUT,16'h6996
u_dut/u_pc2/pc3_r6_0[3]_i_8,LUT3,SLICE_X37Y240,SLICEL.A6LUT,8'h96
u_dut/u_pc2/pc3_r6_0[7]_i_2,LUT2,SLICE_X37Y241,SLICEL.C5LUT,4'h8
u_dut/u_pc2/pc3_r6_0[7]_i_3,LUT2,SLICE_X37Y241,SLICEL.B5LUT,4'h8
u_dut/u_pc2/pc3_r6_0[7]_i_4,LUT3,SLICE_X37Y241,SLICEL.A5LUT,8'hE8
u_dut/u_pc2/pc3_r6_0[7]_i_5,LUT2,SLICE_X37Y241,SLICEL.D6LUT,4'h8
u_dut/u_pc2/pc3_r6_0[7]_i_6,LUT4,SLICE_X37Y241,SLICEL.C6LUT,16'h8778
u_dut/u_pc2/pc3_r6_0[7]_i_7,LUT4,SLICE_X37Y241,SLICEL.B6LUT,16'h8778
u_dut/u_pc2/pc3_r6_0[7]_i_8,LUT5,SLICE_X37Y241,SLICEL.A6LUT,32'hE81717E8
u_dut/u_pc2/pc3_r6_0_reg[0],FDRE,SLICE_X37Y240,SLICEL.AFF,1'b0
u_dut/u_pc2/pc3_r6_0_reg[1],FDRE,SLICE_X37Y240,SLICEL.BFF,1'b0
u_dut/u_pc2/pc3_r6_0_reg[2],FDRE,SLICE_X37Y240,SLICEL.CFF,1'b0
u_dut/u_pc2/pc3_r6_0_reg[3],FDRE,SLICE_X37Y240,SLICEL.DFF,1'b0
u_dut/u_pc2/pc3_r6_0_reg[3]_i_1,CARRY4,SLICE_X37Y240,SLICEL.CARRY4,
u_dut/u_pc2/pc3_r6_0_reg[4],FDRE,SLICE_X37Y241,SLICEL.AFF,1'b0
u_dut/u_pc2/pc3_r6_0_reg[5],FDRE,SLICE_X37Y241,SLICEL.BFF,1'b0
u_dut/u_pc2/pc3_r6_0_reg[6],FDRE,SLICE_X37Y241,SLICEL.CFF,1'b0
u_dut/u_pc2/pc3_r6_0_reg[7],FDRE,SLICE_X37Y241,SLICEL.DFF,1'b0
u_dut/u_pc2/pc3_r6_0_reg[7]_i_1,CARRY4,SLICE_X37Y241,SLICEL.CARRY4,
u_dut/u_pc2/pc4_a0[0]_i_1,LUT6,SLICE_X14Y231,SLICEM.B6LUT,64'h6996966996696996
u_dut/u_pc2/pc4_a0[1]_i_1,LUT6,SLICE_X14Y231,SLICEM.C6LUT,64'h8117177E177E7EE8
u_dut/u_pc2/pc4_a0[2]_i_1,LUT6,SLICE_X13Y232,SLICEL.A6LUT,64'hFEE8E880E8808000
u_dut/u_pc2/pc4_a0_reg[0],FDRE,SLICE_X14Y231,SLICEM.BFF,1'b0
u_dut/u_pc2/pc4_a0_reg[1],FDRE,SLICE_X14Y231,SLICEM.CFF,1'b0
u_dut/u_pc2/pc4_a0_reg[2],FDRE,SLICE_X13Y232,SLICEL.AFF,1'b0
u_dut/u_pc2/pc4_a10[0]_i_1,LUT6,SLICE_X24Y239,SLICEL.A6LUT,64'h6996966996696996
u_dut/u_pc2/pc4_a10[1]_i_1,LUT6,SLICE_X24Y239,SLICEL.B6LUT,64'h8117177E177E7EE8
u_dut/u_pc2/pc4_a10[2]_i_1,LUT6,SLICE_X24Y240,SLICEL.C6LUT,64'hFEE8E880E8808000
u_dut/u_pc2/pc4_a10_reg[0],FDRE,SLICE_X24Y239,SLICEL.AFF,1'b0
u_dut/u_pc2/pc4_a10_reg[1],FDRE,SLICE_X24Y239,SLICEL.BFF,1'b0
u_dut/u_pc2/pc4_a10_reg[2],FDRE,SLICE_X24Y240,SLICEL.CFF,1'b0
u_dut/u_pc2/pc4_a11[0]_i_1,LUT6,SLICE_X25Y238,SLICEL.A6LUT,64'h6996966996696996
u_dut/u_pc2/pc4_a11[1]_i_1,LUT6,SLICE_X25Y238,SLICEL.B6LUT,64'h8117177E177E7EE8
u_dut/u_pc2/pc4_a11[2]_i_1,LUT6,SLICE_X25Y238,SLICEL.C6LUT,64'hFEE8E880E8808000
u_dut/u_pc2/pc4_a11_reg[0],FDRE,SLICE_X25Y238,SLICEL.AFF,1'b0
u_dut/u_pc2/pc4_a11_reg[1],FDRE,SLICE_X25Y238,SLICEL.BFF,1'b0
u_dut/u_pc2/pc4_a11_reg[2],FDRE,SLICE_X25Y238,SLICEL.CFF,1'b0
u_dut/u_pc2/pc4_a12[0]_i_1,LUT6,SLICE_X19Y233,SLICEL.A6LUT,64'h6996966996696996
u_dut/u_pc2/pc4_a12[1]_i_1,LUT6,SLICE_X19Y232,SLICEL.D6LUT,64'h8117177E177E7EE8
u_dut/u_pc2/pc4_a12[2]_i_1,LUT6,SLICE_X19Y233,SLICEL.B6LUT,64'hFEE8E880E8808000
u_dut/u_pc2/pc4_a12_reg[0],FDRE,SLICE_X19Y233,SLICEL.AFF,1'b0
u_dut/u_pc2/pc4_a12_reg[1],FDRE,SLICE_X19Y232,SLICEL.DFF,1'b0
u_dut/u_pc2/pc4_a12_reg[2],FDRE,SLICE_X19Y233,SLICEL.BFF,1'b0
u_dut/u_pc2/pc4_a13[0]_i_1,LUT6,SLICE_X20Y232,SLICEM.A6LUT,64'h6996966996696996
u_dut/u_pc2/pc4_a13[1]_i_1,LUT6,SLICE_X20Y232,SLICEM.B6LUT,64'h8117177E177E7EE8
u_dut/u_pc2/pc4_a13[2]_i_1,LUT6,SLICE_X20Y233,SLICEM.B6LUT,64'hFEE8E880E8808000
u_dut/u_pc2/pc4_a13_reg[0],FDRE,SLICE_X20Y232,SLICEM.AFF,1'b0
u_dut/u_pc2/pc4_a13_reg[1],FDRE,SLICE_X20Y232,SLICEM.BFF,1'b0
u_dut/u_pc2/pc4_a13_reg[2],FDRE,SLICE_X20Y233,SLICEM.BFF,1'b0
u_dut/u_pc2/pc4_a14[0]_i_1,LUT6,SLICE_X19Y233,SLICEL.C6LUT,64'h6996966996696996
u_dut/u_pc2/pc4_a14[1]_i_1,LUT6,SLICE_X19Y233,SLICEL.D6LUT,64'h8117177E177E7EE8
u_dut/u_pc2/pc4_a14[2]_i_1,LUT6,SLICE_X15Y233,SLICEL.B6LUT,64'hFEE8E880E8808000
u_dut/u_pc2/pc4_a14_reg[0],FDRE,SLICE_X19Y233,SLICEL.CFF,1'b0
u_dut/u_pc2/pc4_a14_reg[1],FDRE,SLICE_X19Y233,SLICEL.DFF,1'b0
u_dut/u_pc2/pc4_a14_reg[2],FDRE,SLICE_X15Y233,SLICEL.BFF,1'b0
u_dut/u_pc2/pc4_a15[0]_i_1,LUT6,SLICE_X20Y232,SLICEM.C6LUT,64'h6996966996696996
u_dut/u_pc2/pc4_a15[1]_i_1,LUT6,SLICE_X21Y232,SLICEL.A6LUT,64'h8117177E177E7EE8
u_dut/u_pc2/pc4_a15[2]_i_1,LUT6,SLICE_X21Y232,SLICEL.B6LUT,64'hFEE8E880E8808000
u_dut/u_pc2/pc4_a15_reg[0],FDRE,SLICE_X20Y232,SLICEM.CFF,1'b0
u_dut/u_pc2/pc4_a15_reg[1],FDRE,SLICE_X21Y232,SLICEL.AFF,1'b0
u_dut/u_pc2/pc4_a15_reg[2],FDRE,SLICE_X21Y232,SLICEL.BFF,1'b0
u_dut/u_pc2/pc4_a16[0]_i_1,LUT6,SLICE_X17Y234,SLICEL.A6LUT,64'h6996966996696996
u_dut/u_pc2/pc4_a16[1]_i_1,LUT6,SLICE_X17Y234,SLICEL.B6LUT,64'h8117177E177E7EE8
u_dut/u_pc2/pc4_a16[2]_i_1,LUT6,SLICE_X17Y234,SLICEL.C6LUT,64'hFEE8E880E8808000
u_dut/u_pc2/pc4_a16_reg[0],FDRE,SLICE_X17Y234,SLICEL.AFF,1'b0
u_dut/u_pc2/pc4_a16_reg[1],FDRE,SLICE_X17Y234,SLICEL.BFF,1'b0
u_dut/u_pc2/pc4_a16_reg[2],FDRE,SLICE_X17Y234,SLICEL.CFF,1'b0
u_dut/u_pc2/pc4_a17[0]_i_1,LUT6,SLICE_X14Y234,SLICEM.D6LUT,64'h6996966996696996
u_dut/u_pc2/pc4_a17[1]_i_1,LUT6,SLICE_X15Y234,SLICEL.C6LUT,64'h8117177E177E7EE8
u_dut/u_pc2/pc4_a17[2]_i_1,LUT6,SLICE_X15Y234,SLICEL.D6LUT,64'hFEE8E880E8808000
u_dut/u_pc2/pc4_a17_reg[0],FDRE,SLICE_X14Y234,SLICEM.DFF,1'b0
u_dut/u_pc2/pc4_a17_reg[1],FDRE,SLICE_X15Y234,SLICEL.CFF,1'b0
u_dut/u_pc2/pc4_a17_reg[2],FDRE,SLICE_X15Y234,SLICEL.DFF,1'b0
u_dut/u_pc2/pc4_a18[0]_i_1,LUT6,SLICE_X15Y236,SLICEL.B6LUT,64'h6996966996696996
u_dut/u_pc2/pc4_a18[1]_i_1,LUT6,SLICE_X16Y235,SLICEM.A6LUT,64'h8117177E177E7EE8
u_dut/u_pc2/pc4_a18[2]_i_1,LUT6,SLICE_X16Y236,SLICEM.A6LUT,64'hFEE8E880E8808000
u_dut/u_pc2/pc4_a18_reg[0],FDRE,SLICE_X15Y236,SLICEL.BFF,1'b0
u_dut/u_pc2/pc4_a18_reg[1],FDRE,SLICE_X16Y235,SLICEM.AFF,1'b0
u_dut/u_pc2/pc4_a18_reg[2],FDRE,SLICE_X16Y236,SLICEM.AFF,1'b0
u_dut/u_pc2/pc4_a19[0]_i_1,LUT6,SLICE_X14Y236,SLICEM.B6LUT,64'h6996966996696996
u_dut/u_pc2/pc4_a19[1]_i_1,LUT6,SLICE_X14Y236,SLICEM.C6LUT,64'h8117177E177E7EE8
u_dut/u_pc2/pc4_a19[2]_i_1,LUT6,SLICE_X14Y236,SLICEM.D6LUT,64'hFEE8E880E8808000
u_dut/u_pc2/pc4_a19_reg[0],FDRE,SLICE_X14Y236,SLICEM.BFF,1'b0
u_dut/u_pc2/pc4_a19_reg[1],FDRE,SLICE_X14Y236,SLICEM.CFF,1'b0
u_dut/u_pc2/pc4_a19_reg[2],FDRE,SLICE_X14Y236,SLICEM.DFF,1'b0
u_dut/u_pc2/pc4_a1[0]_i_1,LUT6,SLICE_X17Y230,SLICEL.D6LUT,64'h6996966996696996
u_dut/u_pc2/pc4_a1[1]_i_1,LUT6,SLICE_X14Y230,SLICEM.C6LUT,64'h8117177E177E7EE8
u_dut/u_pc2/pc4_a1[2]_i_1,LUT6,SLICE_X14Y230,SLICEM.D6LUT,64'hFEE8E880E8808000
u_dut/u_pc2/pc4_a1_reg[0],FDRE,SLICE_X17Y230,SLICEL.DFF,1'b0
u_dut/u_pc2/pc4_a1_reg[1],FDRE,SLICE_X14Y230,SLICEM.CFF,1'b0
u_dut/u_pc2/pc4_a1_reg[2],FDRE,SLICE_X14Y230,SLICEM.DFF,1'b0
u_dut/u_pc2/pc4_a20[0]_i_1,LUT6,SLICE_X24Y238,SLICEL.C6LUT,64'h6996966996696996
u_dut/u_pc2/pc4_a20[1]_i_1,LUT6,SLICE_X24Y237,SLICEL.D6LUT,64'h8117177E177E7EE8
u_dut/u_pc2/pc4_a20[2]_i_1,LUT6,SLICE_X26Y236,SLICEL.D6LUT,64'hFEE8E880E8808000
u_dut/u_pc2/pc4_a20_reg[0],FDRE,SLICE_X24Y238,SLICEL.CFF,1'b0
u_dut/u_pc2/pc4_a20_reg[1],FDRE,SLICE_X24Y237,SLICEL.DFF,1'b0
u_dut/u_pc2/pc4_a20_reg[2],FDRE,SLICE_X26Y236,SLICEL.DFF,1'b0
u_dut/u_pc2/pc4_a21[0]_i_1,LUT6,SLICE_X20Y238,SLICEM.C6LUT,64'h6996966996696996
u_dut/u_pc2/pc4_a21[1]_i_1,LUT6,SLICE_X20Y236,SLICEM.A6LUT,64'h8117177E177E7EE8
u_dut/u_pc2/pc4_a21[2]_i_1,LUT6,SLICE_X20Y235,SLICEM.D6LUT,64'hFEE8E880E8808000
u_dut/u_pc2/pc4_a21_reg[0],FDRE,SLICE_X20Y238,SLICEM.CFF,1'b0
u_dut/u_pc2/pc4_a21_reg[1],FDRE,SLICE_X20Y236,SLICEM.AFF,1'b0
u_dut/u_pc2/pc4_a21_reg[2],FDRE,SLICE_X20Y235,SLICEM.DFF,1'b0
u_dut/u_pc2/pc4_a22[0]_i_1,LUT6,SLICE_X21Y236,SLICEL.A6LUT,64'h6996966996696996
u_dut/u_pc2/pc4_a22[1]_i_1,LUT6,SLICE_X21Y234,SLICEL.D6LUT,64'h8117177E177E7EE8
u_dut/u_pc2/pc4_a22[2]_i_1,LUT6,SLICE_X21Y236,SLICEL.B6LUT,64'hFEE8E880E8808000
u_dut/u_pc2/pc4_a22_reg[0],FDRE,SLICE_X21Y236,SLICEL.AFF,1'b0
u_dut/u_pc2/pc4_a22_reg[1],FDRE,SLICE_X21Y234,SLICEL.DFF,1'b0
u_dut/u_pc2/pc4_a22_reg[2],FDRE,SLICE_X21Y236,SLICEL.BFF,1'b0
u_dut/u_pc2/pc4_a23[0]_i_1,LUT6,SLICE_X21Y238,SLICEL.C6LUT,64'h6996966996696996
u_dut/u_pc2/pc4_a23[1]_i_1,LUT6,SLICE_X21Y237,SLICEL.D6LUT,64'h8117177E177E7EE8
u_dut/u_pc2/pc4_a23[2]_i_1,LUT6,SLICE_X21Y236,SLICEL.C6LUT,64'hFEE8E880E8808000
u_dut/u_pc2/pc4_a23_reg[0],FDRE,SLICE_X21Y238,SLICEL.CFF,1'b0
u_dut/u_pc2/pc4_a23_reg[1],FDRE,SLICE_X21Y237,SLICEL.DFF,1'b0
u_dut/u_pc2/pc4_a23_reg[2],FDRE,SLICE_X21Y236,SLICEL.CFF,1'b0
u_dut/u_pc2/pc4_a24[0]_i_1,LUT6,SLICE_X20Y243,SLICEM.A6LUT,64'h6996966996696996
u_dut/u_pc2/pc4_a24[1]_i_1,LUT6,SLICE_X20Y242,SLICEM.A6LUT,64'h8117177E177E7EE8
u_dut/u_pc2/pc4_a24[2]_i_1,LUT6,SLICE_X19Y243,SLICEL.C6LUT,64'hFEE8E880E8808000
u_dut/u_pc2/pc4_a24_reg[0],FDRE,SLICE_X20Y243,SLICEM.AFF,1'b0
u_dut/u_pc2/pc4_a24_reg[1],FDRE,SLICE_X20Y242,SLICEM.AFF,1'b0
u_dut/u_pc2/pc4_a24_reg[2],FDRE,SLICE_X19Y243,SLICEL.CFF,1'b0
u_dut/u_pc2/pc4_a25[0]_i_1,LUT6,SLICE_X20Y243,SLICEM.B6LUT,64'h6996966996696996
u_dut/u_pc2/pc4_a25[1]_i_1,LUT6,SLICE_X20Y244,SLICEM.A6LUT,64'h8117177E177E7EE8
u_dut/u_pc2/pc4_a25[2]_i_1,LUT6,SLICE_X18Y244,SLICEM.B6LUT,64'hFEE8E880E8808000
u_dut/u_pc2/pc4_a25_reg[0],FDRE,SLICE_X20Y243,SLICEM.BFF,1'b0
u_dut/u_pc2/pc4_a25_reg[1],FDRE,SLICE_X20Y244,SLICEM.AFF,1'b0
u_dut/u_pc2/pc4_a25_reg[2],FDRE,SLICE_X18Y244,SLICEM.BFF,1'b0
u_dut/u_pc2/pc4_a26[0]_i_1,LUT6,SLICE_X19Y244,SLICEL.D6LUT,64'h6996966996696996
u_dut/u_pc2/pc4_a26[1]_i_1,LUT6,SLICE_X19Y243,SLICEL.D6LUT,64'h8117177E177E7EE8
u_dut/u_pc2/pc4_a26[2]_i_1,LUT6,SLICE_X18Y244,SLICEM.C6LUT,64'hFEE8E880E8808000
u_dut/u_pc2/pc4_a26_reg[0],FDRE,SLICE_X19Y244,SLICEL.DFF,1'b0
u_dut/u_pc2/pc4_a26_reg[1],FDRE,SLICE_X19Y243,SLICEL.DFF,1'b0
u_dut/u_pc2/pc4_a26_reg[2],FDRE,SLICE_X18Y244,SLICEM.CFF,1'b0
u_dut/u_pc2/pc4_a27[0]_i_1,LUT6,SLICE_X19Y242,SLICEL.C6LUT,64'h6996966996696996
u_dut/u_pc2/pc4_a27[1]_i_1,LUT6,SLICE_X19Y242,SLICEL.D6LUT,64'h8117177E177E7EE8
u_dut/u_pc2/pc4_a27[2]_i_1,LUT6,SLICE_X18Y241,SLICEM.D6LUT,64'hFEE8E880E8808000
u_dut/u_pc2/pc4_a27_reg[0],FDRE,SLICE_X19Y242,SLICEL.CFF,1'b0
u_dut/u_pc2/pc4_a27_reg[1],FDRE,SLICE_X19Y242,SLICEL.DFF,1'b0
u_dut/u_pc2/pc4_a27_reg[2],FDRE,SLICE_X18Y241,SLICEM.DFF,1'b0
u_dut/u_pc2/pc4_a28[0]_i_1,LUT6,SLICE_X13Y237,SLICEL.A6LUT,64'h6996966996696996
u_dut/u_pc2/pc4_a28[1]_i_1,LUT6,SLICE_X13Y237,SLICEL.B6LUT,64'h8117177E177E7EE8
u_dut/u_pc2/pc4_a28[2]_i_1,LUT6,SLICE_X14Y238,SLICEM.A6LUT,64'hFEE8E880E8808000
u_dut/u_pc2/pc4_a28_reg[0],FDRE,SLICE_X13Y237,SLICEL.AFF,1'b0
u_dut/u_pc2/pc4_a28_reg[1],FDRE,SLICE_X13Y237,SLICEL.BFF,1'b0
u_dut/u_pc2/pc4_a28_reg[2],FDRE,SLICE_X14Y238,SLICEM.AFF,1'b0
u_dut/u_pc2/pc4_a29[0]_i_1,LUT6,SLICE_X13Y233,SLICEL.D6LUT,64'h6996966996696996
u_dut/u_pc2/pc4_a29[1]_i_1,LUT6,SLICE_X14Y235,SLICEM.C6LUT,64'h8117177E177E7EE8
u_dut/u_pc2/pc4_a29[2]_i_1,LUT6,SLICE_X14Y233,SLICEM.A6LUT,64'hFEE8E880E8808000
u_dut/u_pc2/pc4_a29_reg[0],FDRE,SLICE_X13Y233,SLICEL.DFF,1'b0
u_dut/u_pc2/pc4_a29_reg[1],FDRE,SLICE_X14Y235,SLICEM.CFF,1'b0
u_dut/u_pc2/pc4_a29_reg[2],FDRE,SLICE_X14Y233,SLICEM.AFF,1'b0
u_dut/u_pc2/pc4_a2[0]_i_1,LUT6,SLICE_X13Y232,SLICEL.B6LUT,64'h6996966996696996
u_dut/u_pc2/pc4_a2[1]_i_1,LUT6,SLICE_X13Y232,SLICEL.C6LUT,64'h8117177E177E7EE8
u_dut/u_pc2/pc4_a2[2]_i_1,LUT6,SLICE_X13Y232,SLICEL.D6LUT,64'hFEE8E880E8808000
u_dut/u_pc2/pc4_a2_reg[0],FDRE,SLICE_X13Y232,SLICEL.BFF,1'b0
u_dut/u_pc2/pc4_a2_reg[1],FDRE,SLICE_X13Y232,SLICEL.CFF,1'b0
u_dut/u_pc2/pc4_a2_reg[2],FDRE,SLICE_X13Y232,SLICEL.DFF,1'b0
u_dut/u_pc2/pc4_a30[0]_i_1,LUT6,SLICE_X12Y237,SLICEM.B6LUT,64'h6996966996696996
u_dut/u_pc2/pc4_a30[1]_i_1,LUT6,SLICE_X14Y237,SLICEM.A6LUT,64'h8117177E177E7EE8
u_dut/u_pc2/pc4_a30[2]_i_1,LUT6,SLICE_X15Y237,SLICEL.A6LUT,64'hFEE8E880E8808000
u_dut/u_pc2/pc4_a30_reg[0],FDRE,SLICE_X12Y237,SLICEM.BFF,1'b0
u_dut/u_pc2/pc4_a30_reg[1],FDRE,SLICE_X14Y237,SLICEM.AFF,1'b0
u_dut/u_pc2/pc4_a30_reg[2],FDRE,SLICE_X15Y237,SLICEL.AFF,1'b0
u_dut/u_pc2/pc4_a31[0]_i_1,LUT6,SLICE_X13Y235,SLICEL.D6LUT,64'h6996966996696996
u_dut/u_pc2/pc4_a31[1]_i_1,LUT6,SLICE_X15Y237,SLICEL.B6LUT,64'h8117177E177E7EE8
u_dut/u_pc2/pc4_a31[2]_i_1,LUT6,SLICE_X13Y238,SLICEL.A6LUT,64'hFEE8E880E8808000
u_dut/u_pc2/pc4_a31_reg[0],FDRE,SLICE_X13Y235,SLICEL.DFF,1'b0
u_dut/u_pc2/pc4_a31_reg[1],FDRE,SLICE_X15Y237,SLICEL.BFF,1'b0
u_dut/u_pc2/pc4_a31_reg[2],FDRE,SLICE_X13Y238,SLICEL.AFF,1'b0
u_dut/u_pc2/pc4_a32[0]_i_1,LUT6,SLICE_X25Y243,SLICEL.B6LUT,64'h6996966996696996
u_dut/u_pc2/pc4_a32[1]_i_1,LUT6,SLICE_X25Y243,SLICEL.C6LUT,64'h8117177E177E7EE8
u_dut/u_pc2/pc4_a32[2]_i_1,LUT6,SLICE_X25Y243,SLICEL.D6LUT,64'hFEE8E880E8808000
u_dut/u_pc2/pc4_a32_reg[0],FDRE,SLICE_X25Y243,SLICEL.BFF,1'b0
u_dut/u_pc2/pc4_a32_reg[1],FDRE,SLICE_X25Y243,SLICEL.CFF,1'b0
u_dut/u_pc2/pc4_a32_reg[2],FDRE,SLICE_X25Y243,SLICEL.DFF,1'b0
u_dut/u_pc2/pc4_a33[0]_i_1,LUT2,SLICE_X24Y241,SLICEL.D6LUT,4'h6
u_dut/u_pc2/pc4_a33[1]_i_1,LUT2,SLICE_X24Y241,SLICEL.D5LUT,4'h8
u_dut/u_pc2/pc4_a33_reg[0],FDRE,SLICE_X24Y241,SLICEL.DFF,1'b0
u_dut/u_pc2/pc4_a33_reg[1],FDRE,SLICE_X24Y241,SLICEL.D5FF,1'b0
u_dut/u_pc2/pc4_a3[0]_i_1,LUT6,SLICE_X15Y232,SLICEL.A6LUT,64'h6996966996696996
u_dut/u_pc2/pc4_a3[1]_i_1,LUT6,SLICE_X15Y232,SLICEL.B6LUT,64'h8117177E177E7EE8
u_dut/u_pc2/pc4_a3[2]_i_1,LUT6,SLICE_X14Y231,SLICEM.D6LUT,64'hFEE8E880E8808000
u_dut/u_pc2/pc4_a3_reg[0],FDRE,SLICE_X15Y232,SLICEL.AFF,1'b0
u_dut/u_pc2/pc4_a3_reg[1],FDRE,SLICE_X15Y232,SLICEL.BFF,1'b0
u_dut/u_pc2/pc4_a3_reg[2],FDRE,SLICE_X14Y231,SLICEM.DFF,1'b0
u_dut/u_pc2/pc4_a4[0]_i_1,LUT6,SLICE_X20Y244,SLICEM.B6LUT,64'h6996966996696996
u_dut/u_pc2/pc4_a4[1]_i_1,LUT6,SLICE_X20Y244,SLICEM.C6LUT,64'h8117177E177E7EE8
u_dut/u_pc2/pc4_a4[2]_i_1,LUT6,SLICE_X20Y244,SLICEM.D6LUT,64'hFEE8E880E8808000
u_dut/u_pc2/pc4_a4_reg[0],FDRE,SLICE_X20Y244,SLICEM.BFF,1'b0
u_dut/u_pc2/pc4_a4_reg[1],FDRE,SLICE_X20Y244,SLICEM.CFF,1'b0
u_dut/u_pc2/pc4_a4_reg[2],FDRE,SLICE_X20Y244,SLICEM.DFF,1'b0
u_dut/u_pc2/pc4_a5[0]_i_1,LUT6,SLICE_X22Y243,SLICEM.A6LUT,64'h6996966996696996
u_dut/u_pc2/pc4_a5[1]_i_1,LUT6,SLICE_X22Y244,SLICEM.A6LUT,64'h8117177E177E7EE8
u_dut/u_pc2/pc4_a5[2]_i_1,LUT6,SLICE_X21Y244,SLICEL.A6LUT,64'hFEE8E880E8808000
u_dut/u_pc2/pc4_a5_reg[0],FDRE,SLICE_X22Y243,SLICEM.AFF,1'b0
u_dut/u_pc2/pc4_a5_reg[1],FDRE,SLICE_X22Y244,SLICEM.AFF,1'b0
u_dut/u_pc2/pc4_a5_reg[2],FDRE,SLICE_X21Y244,SLICEL.AFF,1'b0
u_dut/u_pc2/pc4_a6[0]_i_1,LUT6,SLICE_X22Y244,SLICEM.B6LUT,64'h6996966996696996
u_dut/u_pc2/pc4_a6[1]_i_1,LUT6,SLICE_X22Y245,SLICEM.D6LUT,64'h8117177E177E7EE8
u_dut/u_pc2/pc4_a6[2]_i_1,LUT6,SLICE_X23Y244,SLICEL.A6LUT,64'hFEE8E880E8808000
u_dut/u_pc2/pc4_a6_reg[0],FDRE,SLICE_X22Y244,SLICEM.BFF,1'b0
u_dut/u_pc2/pc4_a6_reg[1],FDRE,SLICE_X22Y245,SLICEM.DFF,1'b0
u_dut/u_pc2/pc4_a6_reg[2],FDRE,SLICE_X23Y244,SLICEL.AFF,1'b0
u_dut/u_pc2/pc4_a7[0]_i_1,LUT6,SLICE_X22Y243,SLICEM.B6LUT,64'h6996966996696996
u_dut/u_pc2/pc4_a7[1]_i_1,LUT6,SLICE_X23Y243,SLICEL.D6LUT,64'h8117177E177E7EE8
u_dut/u_pc2/pc4_a7[2]_i_1,LUT6,SLICE_X22Y243,SLICEM.C6LUT,64'hFEE8E880E8808000
u_dut/u_pc2/pc4_a7_reg[0],FDRE,SLICE_X22Y243,SLICEM.BFF,1'b0
u_dut/u_pc2/pc4_a7_reg[1],FDRE,SLICE_X23Y243,SLICEL.DFF,1'b0
u_dut/u_pc2/pc4_a7_reg[2],FDRE,SLICE_X22Y243,SLICEM.CFF,1'b0
u_dut/u_pc2/pc4_a8[0]_i_1,LUT6,SLICE_X26Y239,SLICEL.A6LUT,64'h6996966996696996
u_dut/u_pc2/pc4_a8[1]_i_1,LUT6,SLICE_X26Y239,SLICEL.B6LUT,64'h8117177E177E7EE8
u_dut/u_pc2/pc4_a8[2]_i_1,LUT6,SLICE_X24Y240,SLICEL.D6LUT,64'hFEE8E880E8808000
u_dut/u_pc2/pc4_a8_reg[0],FDRE,SLICE_X26Y239,SLICEL.AFF,1'b0
u_dut/u_pc2/pc4_a8_reg[1],FDRE,SLICE_X26Y239,SLICEL.BFF,1'b0
u_dut/u_pc2/pc4_a8_reg[2],FDRE,SLICE_X24Y240,SLICEL.DFF,1'b0
u_dut/u_pc2/pc4_a9[0]_i_1,LUT6,SLICE_X25Y238,SLICEL.D6LUT,64'h6996966996696996
u_dut/u_pc2/pc4_a9[1]_i_1,LUT6,SLICE_X23Y240,SLICEL.B6LUT,64'h8117177E177E7EE8
u_dut/u_pc2/pc4_a9[2]_i_1,LUT6,SLICE_X23Y240,SLICEL.C6LUT,64'hFEE8E880E8808000
u_dut/u_pc2/pc4_a9_reg[0],FDRE,SLICE_X25Y238,SLICEL.DFF,1'b0
u_dut/u_pc2/pc4_a9_reg[1],FDRE,SLICE_X23Y240,SLICEL.BFF,1'b0
u_dut/u_pc2/pc4_a9_reg[2],FDRE,SLICE_X23Y240,SLICEL.CFF,1'b0
u_dut/u_pc2/pc4_r2_0[0]_i_1,LUT4,SLICE_X15Y232,SLICEL.C6LUT,16'h6996
u_dut/u_pc2/pc4_r2_0[1]_i_1,LUT5,SLICE_X15Y232,SLICEL.D6LUT,32'h81177EE8
u_dut/u_pc2/pc4_r2_0[1]_i_2,LUT4,SLICE_X14Y232,SLICEM.A6LUT,16'h6996
u_dut/u_pc2/pc4_r2_0[2]_i_1,LUT6,SLICE_X16Y232,SLICEM.C6LUT,64'h9669699666666666
u_dut/u_pc2/pc4_r2_0[2]_i_2,LUT5,SLICE_X15Y232,SLICEL.D5LUT,32'hFEE88000
u_dut/u_pc2/pc4_r2_0[2]_i_3,LUT5,SLICE_X14Y232,SLICEM.D6LUT,32'h96696996
u_dut/u_pc2/pc4_r2_0[3]_i_1,LUT6,SLICE_X14Y232,SLICEM.B6LUT,64'hA99595569556566A
u_dut/u_pc2/pc4_r2_0[4]_i_1,LUT6,SLICE_X14Y232,SLICEM.C6LUT,64'hFEEAEAA8EAA8A880
u_dut/u_pc2/pc4_r2_0[4]_i_2,LUT6,SLICE_X16Y232,SLICEM.D6LUT,64'hEBBEAAAA82280000
u_dut/u_pc2/pc4_r2_0[4]_i_3,LUT3,SLICE_X14Y232,SLICEM.A5LUT,8'hE8
u_dut/u_pc2/pc4_r2_0_reg[0],FDRE,SLICE_X15Y232,SLICEL.CFF,1'b0
u_dut/u_pc2/pc4_r2_0_reg[1],FDRE,SLICE_X21Y240,SLICEL.AFF,1'b0
u_dut/u_pc2/pc4_r2_0_reg[2],FDRE,SLICE_X16Y232,SLICEM.CFF,1'b0
u_dut/u_pc2/pc4_r2_0_reg[3],FDRE,SLICE_X14Y232,SLICEM.BFF,1'b0
u_dut/u_pc2/pc4_r2_0_reg[4],FDRE,SLICE_X14Y232,SLICEM.CFF,1'b0
u_dut/u_pc2/pc4_r2_1[0]_i_1,LUT4,SLICE_X22Y244,SLICEM.C6LUT,16'h6996
u_dut/u_pc2/pc4_r2_1[1]_i_1,LUT5,SLICE_X22Y244,SLICEM.D6LUT,32'h81177EE8
u_dut/u_pc2/pc4_r2_1[1]_i_2,LUT4,SLICE_X23Y244,SLICEL.B6LUT,16'h6996
u_dut/u_pc2/pc4_r2_1[2]_i_1,LUT6,SLICE_X23Y244,SLICEL.C6LUT,64'h9669699666666666
u_dut/u_pc2/pc4_r2_1[2]_i_2,LUT5,SLICE_X22Y244,SLICEM.D5LUT,32'hFEE88000
u_dut/u_pc2/pc4_r2_1[2]_i_3,LUT5,SLICE_X21Y244,SLICEL.D6LUT,32'h96696996
u_dut/u_pc2/pc4_r2_1[3]_i_1,LUT6,SLICE_X21Y244,SLICEL.B6LUT,64'hA99595569556566A
u_dut/u_pc2/pc4_r2_1[4]_i_1,LUT6,SLICE_X21Y244,SLICEL.C6LUT,64'hFEEAEAA8EAA8A880
u_dut/u_pc2/pc4_r2_1[4]_i_2,LUT6,SLICE_X23Y244,SLICEL.D6LUT,64'hEBBEAAAA82280000
u_dut/u_pc2/pc4_r2_1[4]_i_3,LUT3,SLICE_X23Y244,SLICEL.B5LUT,8'hE8
u_dut/u_pc2/pc4_r2_1_reg[0],FDRE,SLICE_X22Y244,SLICEM.CFF,1'b0
u_dut/u_pc2/pc4_r2_1_reg[1],FDRE,SLICE_X22Y244,SLICEM.A5FF,1'b0
u_dut/u_pc2/pc4_r2_1_reg[2],FDRE,SLICE_X23Y244,SLICEL.CFF,1'b0
u_dut/u_pc2/pc4_r2_1_reg[3],FDRE,SLICE_X21Y244,SLICEL.BFF,1'b0
u_dut/u_pc2/pc4_r2_1_reg[4],FDRE,SLICE_X21Y244,SLICEL.CFF,1'b0
u_dut/u_pc2/pc4_r2_2[0]_i_1,LUT4,SLICE_X25Y239,SLICEL.A6LUT,16'h6996
u_dut/u_pc2/pc4_r2_2[1]_i_1,LUT5,SLICE_X25Y239,SLICEL.B6LUT,32'h81177EE8
u_dut/u_pc2/pc4_r2_2[1]_i_2,LUT4,SLICE_X25Y239,SLICEL.C6LUT,16'h6996
u_dut/u_pc2/pc4_r2_2[2]_i_1,LUT6,SLICE_X25Y239,SLICEL.D6LUT,64'h9669699666666666
u_dut/u_pc2/pc4_r2_2[2]_i_2,LUT5,SLICE_X25Y239,SLICEL.B5LUT,32'hFEE88000
u_dut/u_pc2/pc4_r2_2[2]_i_3,LUT5,SLICE_X25Y240,SLICEL.D6LUT,32'h96696996
u_dut/u_pc2/pc4_r2_2[3]_i_1,LUT6,SLICE_X25Y240,SLICEL.A6LUT,64'hA99595569556566A
u_dut/u_pc2/pc4_r2_2[4]_i_1,LUT6,SLICE_X25Y240,SLICEL.B6LUT,64'hFEEAEAA8EAA8A880
u_dut/u_pc2/pc4_r2_2[4]_i_2,LUT6,SLICE_X25Y240,SLICEL.C6LUT,64'hEBBEAAAA82280000
u_dut/u_pc2/pc4_r2_2[4]_i_3,LUT3,SLICE_X25Y239,SLICEL.C5LUT,8'hE8
u_dut/u_pc2/pc4_r2_2_reg[0],FDRE,SLICE_X25Y239,SLICEL.AFF,1'b0
u_dut/u_pc2/pc4_r2_2_reg[1],FDRE,SLICE_X25Y239,SLICEL.A5FF,1'b0
u_dut/u_pc2/pc4_r2_2_reg[2],FDRE,SLICE_X25Y239,SLICEL.DFF,1'b0
u_dut/u_pc2/pc4_r2_2_reg[3],FDRE,SLICE_X25Y240,SLICEL.AFF,1'b0
u_dut/u_pc2/pc4_r2_2_reg[4],FDRE,SLICE_X25Y240,SLICEL.BFF,1'b0
u_dut/u_pc2/pc4_r2_3[0]_i_1,LUT4,SLICE_X20Y233,SLICEM.C6LUT,16'h6996
u_dut/u_pc2/pc4_r2_3[1]_i_1,LUT5,SLICE_X20Y233,SLICEM.D6LUT,32'h81177EE8
u_dut/u_pc2/pc4_r2_3[1]_i_2,LUT4,SLICE_X21Y233,SLICEL.A6LUT,16'h6996
u_dut/u_pc2/pc4_r2_3[2]_i_1,LUT6,SLICE_X21Y233,SLICEL.B6LUT,64'h9669699666666666
u_dut/u_pc2/pc4_r2_3[2]_i_2,LUT5,SLICE_X20Y233,SLICEM.D5LUT,32'hFEE88000
u_dut/u_pc2/pc4_r2_3[2]_i_3,LUT5,SLICE_X22Y233,SLICEM.D6LUT,32'h96696996
u_dut/u_pc2/pc4_r2_3[3]_i_1,LUT6,SLICE_X22Y233,SLICEM.C6LUT,64'hA99595569556566A
u_dut/u_pc2/pc4_r2_3[4]_i_1,LUT6,SLICE_X21Y233,SLICEL.C6LUT,64'hFEEAEAA8EAA8A880
u_dut/u_pc2/pc4_r2_3[4]_i_2,LUT6,SLICE_X21Y233,SLICEL.D6LUT,64'hEBBEAAAA82280000
u_dut/u_pc2/pc4_r2_3[4]_i_3,LUT3,SLICE_X21Y233,SLICEL.A5LUT,8'hE8
u_dut/u_pc2/pc4_r2_3_reg[0],FDRE,SLICE_X20Y233,SLICEM.CFF,1'b0
u_dut/u_pc2/pc4_r2_3_reg[1],FDRE,SLICE_X20Y241,SLICEM.A5FF,1'b0
u_dut/u_pc2/pc4_r2_3_reg[2],FDRE,SLICE_X21Y233,SLICEL.BFF,1'b0
u_dut/u_pc2/pc4_r2_3_reg[3],FDRE,SLICE_X22Y233,SLICEM.CFF,1'b0
u_dut/u_pc2/pc4_r2_3_reg[4],FDRE,SLICE_X21Y233,SLICEL.CFF,1'b0
u_dut/u_pc2/pc4_r2_4[0]_i_1,LUT4,SLICE_X16Y236,SLICEM.B6LUT,16'h6996
u_dut/u_pc2/pc4_r2_4[1]_i_1,LUT5,SLICE_X16Y236,SLICEM.C6LUT,32'h81177EE8
u_dut/u_pc2/pc4_r2_4[1]_i_2,LUT4,SLICE_X17Y235,SLICEL.A6LUT,16'h6996
u_dut/u_pc2/pc4_r2_4[2]_i_1,LUT6,SLICE_X16Y236,SLICEM.D6LUT,64'h9669699666666666
u_dut/u_pc2/pc4_r2_4[2]_i_2,LUT5,SLICE_X16Y236,SLICEM.C5LUT,32'hFEE88000
u_dut/u_pc2/pc4_r2_4[2]_i_3,LUT5,SLICE_X17Y236,SLICEL.D6LUT,32'h96696996
u_dut/u_pc2/pc4_r2_4[3]_i_1,LUT6,SLICE_X17Y236,SLICEL.A6LUT,64'hA99595569556566A
u_dut/u_pc2/pc4_r2_4[4]_i_1,LUT6,SLICE_X17Y236,SLICEL.B6LUT,64'hFEEAEAA8EAA8A880
u_dut/u_pc2/pc4_r2_4[4]_i_2,LUT6,SLICE_X17Y236,SLICEL.C6LUT,64'hEBBEAAAA82280000
u_dut/u_pc2/pc4_r2_4[4]_i_3,LUT3,SLICE_X17Y235,SLICEL.A5LUT,8'hE8
u_dut/u_pc2/pc4_r2_4_reg[0],FDRE,SLICE_X16Y236,SLICEM.BFF,1'b0
u_dut/u_pc2/pc4_r2_4_reg[1],FDRE,SLICE_X17Y237,SLICEL.AFF,1'b0
u_dut/u_pc2/pc4_r2_4_reg[2],FDRE,SLICE_X16Y236,SLICEM.DFF,1'b0
u_dut/u_pc2/pc4_r2_4_reg[3],FDRE,SLICE_X17Y236,SLICEL.AFF,1'b0
u_dut/u_pc2/pc4_r2_4_reg[4],FDRE,SLICE_X17Y236,SLICEL.BFF,1'b0
u_dut/u_pc2/pc4_r2_5[0]_i_1,LUT4,SLICE_X20Y238,SLICEM.D6LUT,16'h6996
u_dut/u_pc2/pc4_r2_5[1]_i_1,LUT5,SLICE_X20Y237,SLICEM.A6LUT,32'h81177EE8
u_dut/u_pc2/pc4_r2_5[1]_i_2,LUT4,SLICE_X20Y237,SLICEM.B6LUT,16'h6996
u_dut/u_pc2/pc4_r2_5[2]_i_1,LUT6,SLICE_X20Y237,SLICEM.C6LUT,64'h9669699666666666
u_dut/u_pc2/pc4_r2_5[2]_i_2,LUT5,SLICE_X20Y237,SLICEM.A5LUT,32'hFEE88000
u_dut/u_pc2/pc4_r2_5[2]_i_3,LUT5,SLICE_X20Y236,SLICEM.D6LUT,32'h96696996
u_dut/u_pc2/pc4_r2_5[3]_i_1,LUT6,SLICE_X20Y236,SLICEM.B6LUT,64'hA99595569556566A
u_dut/u_pc2/pc4_r2_5[4]_i_1,LUT6,SLICE_X20Y236,SLICEM.C6LUT,64'hFEEAEAA8EAA8A880
u_dut/u_pc2/pc4_r2_5[4]_i_2,LUT6,SLICE_X20Y237,SLICEM.D6LUT,64'hEBBEAAAA82280000
u_dut/u_pc2/pc4_r2_5[4]_i_3,LUT3,SLICE_X20Y237,SLICEM.B5LUT,8'hE8
u_dut/u_pc2/pc4_r2_5_reg[0],FDRE,SLICE_X20Y238,SLICEM.DFF,1'b0
u_dut/u_pc2/pc4_r2_5_reg[1],FDRE,SLICE_X19Y237,SLICEL.A5FF,1'b0
u_dut/u_pc2/pc4_r2_5_reg[2],FDRE,SLICE_X20Y237,SLICEM.CFF,1'b0
u_dut/u_pc2/pc4_r2_5_reg[3],FDRE,SLICE_X20Y236,SLICEM.BFF,1'b0
u_dut/u_pc2/pc4_r2_5_reg[4],FDRE,SLICE_X20Y236,SLICEM.CFF,1'b0
u_dut/u_pc2/pc4_r2_6[0]_i_1,LUT4,SLICE_X20Y243,SLICEM.C6LUT,16'h6996
u_dut/u_pc2/pc4_r2_6[1]_i_1,LUT5,SLICE_X20Y243,SLICEM.D6LUT,32'h81177EE8
u_dut/u_pc2/pc4_r2_6[1]_i_2,LUT4,SLICE_X21Y243,SLICEL.B6LUT,16'h6996
u_dut/u_pc2/pc4_r2_6[2]_i_1,LUT6,SLICE_X21Y243,SLICEL.C6LUT,64'h9669699666666666
u_dut/u_pc2/pc4_r2_6[2]_i_2,LUT5,SLICE_X20Y243,SLICEM.D5LUT,32'hFEE88000
u_dut/u_pc2/pc4_r2_6[2]_i_3,LUT5,SLICE_X18Y243,SLICEM.D6LUT,32'h96696996
u_dut/u_pc2/pc4_r2_6[3]_i_1,LUT6,SLICE_X18Y243,SLICEM.B6LUT,64'hA99595569556566A
u_dut/u_pc2/pc4_r2_6[4]_i_1,LUT6,SLICE_X18Y243,SLICEM.C6LUT,64'hFEEAEAA8EAA8A880
u_dut/u_pc2/pc4_r2_6[4]_i_2,LUT6,SLICE_X21Y243,SLICEL.D6LUT,64'hEBBEAAAA82280000
u_dut/u_pc2/pc4_r2_6[4]_i_3,LUT3,SLICE_X21Y243,SLICEL.B5LUT,8'hE8
u_dut/u_pc2/pc4_r2_6_reg[0],FDRE,SLICE_X20Y243,SLICEM.CFF,1'b0
u_dut/u_pc2/pc4_r2_6_reg[1],FDRE,SLICE_X20Y241,SLICEM.B5FF,1'b0
u_dut/u_pc2/pc4_r2_6_reg[2],FDRE,SLICE_X21Y243,SLICEL.CFF,1'b0
u_dut/u_pc2/pc4_r2_6_reg[3],FDRE,SLICE_X18Y243,SLICEM.BFF,1'b0
u_dut/u_pc2/pc4_r2_6_reg[4],FDRE,SLICE_X18Y243,SLICEM.CFF,1'b0
u_dut/u_pc2/pc4_r2_7[0]_i_1,LUT4,SLICE_X13Y237,SLICEL.C6LUT,16'h6996
u_dut/u_pc2/pc4_r2_7[1]_i_1,LUT5,SLICE_X13Y237,SLICEL.D6LUT,32'h81177EE8
u_dut/u_pc2/pc4_r2_7[1]_i_2,LUT4,SLICE_X14Y237,SLICEM.B6LUT,16'h6996
u_dut/u_pc2/pc4_r2_7[2]_i_1,LUT6,SLICE_X14Y237,SLICEM.C6LUT,64'h9669699666666666
u_dut/u_pc2/pc4_r2_7[2]_i_2,LUT5,SLICE_X13Y237,SLICEL.D5LUT,32'hFEE88000
u_dut/u_pc2/pc4_r2_7[2]_i_3,LUT5,SLICE_X14Y238,SLICEM.D6LUT,32'h96696996
u_dut/u_pc2/pc4_r2_7[3]_i_1,LUT6,SLICE_X14Y238,SLICEM.B6LUT,64'hA99595569556566A
u_dut/u_pc2/pc4_r2_7[4]_i_1,LUT6,SLICE_X14Y238,SLICEM.C6LUT,64'hFEEAEAA8EAA8A880
u_dut/u_pc2/pc4_r2_7[4]_i_2,LUT6,SLICE_X14Y237,SLICEM.D6LUT,64'hEBBEAAAA82280000
u_dut/u_pc2/pc4_r2_7[4]_i_3,LUT3,SLICE_X14Y237,SLICEM.B5LUT,8'hE8
u_dut/u_pc2/pc4_r2_7_reg[0],FDRE,SLICE_X13Y237,SLICEL.CFF,1'b0
u_dut/u_pc2/pc4_r2_7_reg[1],FDRE,SLICE_X14Y237,SLICEM.A5FF,1'b0
u_dut/u_pc2/pc4_r2_7_reg[2],FDRE,SLICE_X14Y237,SLICEM.CFF,1'b0
u_dut/u_pc2/pc4_r2_7_reg[3],FDRE,SLICE_X14Y238,SLICEM.BFF,1'b0
u_dut/u_pc2/pc4_r2_7_reg[4],FDRE,SLICE_X14Y238,SLICEM.CFF,1'b0
u_dut/u_pc2/pc4_r2_8[0]_i_1,LUT2,SLICE_X25Y241,SLICEL.A6LUT,4'h6
u_dut/u_pc2/pc4_r2_8[1]_i_1,LUT4,SLICE_X25Y241,SLICEL.A5LUT,16'h8778
u_dut/u_pc2/pc4_r2_8[2]_i_1,LUT5,SLICE_X25Y241,SLICEL.B6LUT,32'h077FF880
u_dut/u_pc2/pc4_r2_8[3]_i_1,LUT5,SLICE_X25Y241,SLICEL.B5LUT,32'hAA808000
u_dut/u_pc2/pc4_r2_8_reg[0],FDRE,SLICE_X25Y241,SLICEL.AFF,1'b0
u_dut/u_pc2/pc4_r2_8_reg[1],FDRE,SLICE_X25Y241,SLICEL.A5FF,1'b0
u_dut/u_pc2/pc4_r2_8_reg[2],FDRE,SLICE_X25Y241,SLICEL.BFF,1'b0
u_dut/u_pc2/pc4_r2_8_reg[3],FDRE,SLICE_X25Y241,SLICEL.B5FF,1'b0
u_dut/u_pc2/pc4_r4_0[3]_i_2,LUT5,SLICE_X22Y241,SLICEM.C6LUT,32'hEEE8E888
u_dut/u_pc2/pc4_r4_0[3]_i_3,LUT5,SLICE_X22Y241,SLICEM.C5LUT,32'hE81717E8
u_dut/u_pc2/pc4_r4_0[3]_i_4,LUT4,SLICE_X22Y241,SLICEM.D6LUT,16'h6996
u_dut/u_pc2/pc4_r4_0[3]_i_5,LUT6,SLICE_X21Y241,SLICEL.D6LUT,64'h6969699669969696
u_dut/u_pc2/pc4_r4_0[3]_i_6,LUT6,SLICE_X21Y241,SLICEL.C6LUT,64'h6999999699969666
u_dut/u_pc2/pc4_r4_0[3]_i_7,LUT4,SLICE_X21Y241,SLICEL.B6LUT,16'h566A
u_dut/u_pc2/pc4_r4_0[3]_i_8,LUT4,SLICE_X21Y241,SLICEL.A6LUT,16'h6996
u_dut/u_pc2/pc4_r4_0[3]_i_9,LUT3,SLICE_X22Y241,SLICEM.B6LUT,8'h96
u_dut/u_pc2/pc4_r4_0[6]_i_2,LUT5,SLICE_X20Y242,SLICEM.C6LUT,32'hEEE8E888
u_dut/u_pc2/pc4_r4_0[6]_i_3,LUT5,SLICE_X22Y241,SLICEM.B5LUT,32'hEEE8E888
u_dut/u_pc2/pc4_r4_0[6]_i_4,LUT5,SLICE_X21Y242,SLICEL.B6LUT,32'h177E7EE8
u_dut/u_pc2/pc4_r4_0[6]_i_5,LUT6,SLICE_X21Y242,SLICEL.A6LUT,64'h6969699669969696
u_dut/u_pc2/pc4_r4_0[6]_i_6,LUT3,SLICE_X20Y242,SLICEM.D6LUT,8'h96
u_dut/u_pc2/pc4_r4_0[6]_i_7,LUT3,SLICE_X20Y242,SLICEM.B6LUT,8'h96
u_dut/u_pc2/pc4_r4_0[6]_i_8,LUT3,SLICE_X20Y242,SLICEM.B5LUT,8'hE8
u_dut/u_pc2/pc4_r4_0_reg[0],FDRE,SLICE_X21Y241,SLICEL.AFF,1'b0
u_dut/u_pc2/pc4_r4_0_reg[1],FDRE,SLICE_X21Y241,SLICEL.BFF,1'b0
u_dut/u_pc2/pc4_r4_0_reg[2],FDRE,SLICE_X21Y241,SLICEL.CFF,1'b0
u_dut/u_pc2/pc4_r4_0_reg[3],FDRE,SLICE_X21Y241,SLICEL.DFF,1'b0
u_dut/u_pc2/pc4_r4_0_reg[3]_i_1,CARRY4,SLICE_X21Y241,SLICEL.CARRY4,
u_dut/u_pc2/pc4_r4_0_reg[4],FDRE,SLICE_X21Y242,SLICEL.AFF,1'b0
u_dut/u_pc2/pc4_r4_0_reg[5],FDRE,SLICE_X21Y242,SLICEL.BFF,1'b0
u_dut/u_pc2/pc4_r4_0_reg[6],FDRE,SLICE_X21Y242,SLICEL.CFF,1'b0
u_dut/u_pc2/pc4_r4_0_reg[6]_i_1,CARRY4,SLICE_X21Y242,SLICEL.CARRY4,
u_dut/u_pc2/pc4_r4_1[3]_i_2,LUT5,SLICE_X19Y238,SLICEL.B6LUT,32'hEEE8E888
u_dut/u_pc2/pc4_r4_1[3]_i_3,LUT5,SLICE_X19Y238,SLICEL.B5LUT,32'hE81717E8
u_dut/u_pc2/pc4_r4_1[3]_i_4,LUT4,SLICE_X19Y238,SLICEL.C6LUT,16'h6996
u_dut/u_pc2/pc4_r4_1[3]_i_5,LUT6,SLICE_X18Y238,SLICEM.D6LUT,64'h6969699669969696
u_dut/u_pc2/pc4_r4_1[3]_i_6,LUT6,SLICE_X18Y238,SLICEM.C6LUT,64'h6999999699969666
u_dut/u_pc2/pc4_r4_1[3]_i_7,LUT4,SLICE_X18Y238,SLICEM.B6LUT,16'h566A
u_dut/u_pc2/pc4_r4_1[3]_i_8,LUT4,SLICE_X18Y238,SLICEM.A6LUT,16'h6996
u_dut/u_pc2/pc4_r4_1[3]_i_9,LUT3,SLICE_X19Y238,SLICEL.A6LUT,8'h96
u_dut/u_pc2/pc4_r4_1[6]_i_2,LUT5,SLICE_X19Y239,SLICEL.B6LUT,32'hEEE8E888
u_dut/u_pc2/pc4_r4_1[6]_i_3,LUT5,SLICE_X19Y238,SLICEL.A5LUT,32'hEEE8E888
u_dut/u_pc2/pc4_r4_1[6]_i_4,LUT5,SLICE_X18Y239,SLICEM.B6LUT,32'h177E7EE8
u_dut/u_pc2/pc4_r4_1[6]_i_5,LUT6,SLICE_X18Y239,SLICEM.A6LUT,64'h6969699669969696
u_dut/u_pc2/pc4_r4_1[6]_i_6,LUT3,SLICE_X19Y239,SLICEL.C6LUT,8'h96
u_dut/u_pc2/pc4_r4_1[6]_i_7,LUT3,SLICE_X19Y239,SLICEL.A6LUT,8'h96
u_dut/u_pc2/pc4_r4_1[6]_i_8,LUT3,SLICE_X19Y239,SLICEL.A5LUT,8'hE8
u_dut/u_pc2/pc4_r4_1_reg[0],FDRE,SLICE_X18Y238,SLICEM.AFF,1'b0
u_dut/u_pc2/pc4_r4_1_reg[1],FDRE,SLICE_X18Y238,SLICEM.BFF,1'b0
u_dut/u_pc2/pc4_r4_1_reg[2],FDRE,SLICE_X18Y238,SLICEM.CFF,1'b0
u_dut/u_pc2/pc4_r4_1_reg[3],FDRE,SLICE_X18Y238,SLICEM.DFF,1'b0
u_dut/u_pc2/pc4_r4_1_reg[3]_i_1,CARRY4,SLICE_X18Y238,SLICEM.CARRY4,
u_dut/u_pc2/pc4_r4_1_reg[4],FDRE,SLICE_X18Y239,SLICEM.AFF,1'b0
u_dut/u_pc2/pc4_r4_1_reg[5],FDRE,SLICE_X18Y239,SLICEM.BFF,1'b0
u_dut/u_pc2/pc4_r4_1_reg[6],FDRE,SLICE_X18Y239,SLICEM.CFF,1'b0
u_dut/u_pc2/pc4_r4_1_reg[6]_i_1,CARRY4,SLICE_X18Y239,SLICEM.CARRY4,
u_dut/u_pc2/pc4_r4_2_reg[0],FDRE,SLICE_X25Y241,SLICEL.CFF,1'b0
u_dut/u_pc2/pc4_r4_2_reg[1],FDRE,SLICE_X25Y241,SLICEL.DFF,1'b0
u_dut/u_pc2/pc4_r4_2_reg[2],FDRE,SLICE_X25Y241,SLICEL.C5FF,1'b0
u_dut/u_pc2/pc4_r4_2_reg[3],FDRE,SLICE_X25Y241,SLICEL.D5FF,1'b0
u_dut/u_pc2/pc4_r6_0[3]_i_2,LUT3,SLICE_X20Y240,SLICEM.C5LUT,8'hE8
u_dut/u_pc2/pc4_r6_0[3]_i_3,LUT3,SLICE_X20Y240,SLICEM.B5LUT,8'hE8
u_dut/u_pc2/pc4_r6_0[3]_i_4,LUT3,SLICE_X20Y240,SLICEM.A5LUT,8'hE8
u_dut/u_pc2/pc4_r6_0[3]_i_5,LUT4,SLICE_X20Y240,SLICEM.D6LUT,16'h6996
u_dut/u_pc2/pc4_r6_0[3]_i_6,LUT4,SLICE_X20Y240,SLICEM.C6LUT,16'h6996
u_dut/u_pc2/pc4_r6_0[3]_i_7,LUT4,SLICE_X20Y240,SLICEM.B6LUT,16'h6996
u_dut/u_pc2/pc4_r6_0[3]_i_8,LUT3,SLICE_X20Y240,SLICEM.A6LUT,8'h96
u_dut/u_pc2/pc4_r6_0[7]_i_2,LUT2,SLICE_X20Y241,SLICEM.C5LUT,4'h8
u_dut/u_pc2/pc4_r6_0[7]_i_3,LUT2,SLICE_X20Y241,SLICEM.B5LUT,4'h8
u_dut/u_pc2/pc4_r6_0[7]_i_4,LUT3,SLICE_X20Y241,SLICEM.A5LUT,8'hE8
u_dut/u_pc2/pc4_r6_0[7]_i_5,LUT2,SLICE_X20Y241,SLICEM.D6LUT,4'h8
u_dut/u_pc2/pc4_r6_0[7]_i_6,LUT4,SLICE_X20Y241,SLICEM.C6LUT,16'h8778
u_dut/u_pc2/pc4_r6_0[7]_i_7,LUT4,SLICE_X20Y241,SLICEM.B6LUT,16'h8778
u_dut/u_pc2/pc4_r6_0[7]_i_8,LUT5,SLICE_X20Y241,SLICEM.A6LUT,32'hE81717E8
u_dut/u_pc2/pc4_r6_0_reg[0],FDRE,SLICE_X20Y240,SLICEM.AFF,1'b0
u_dut/u_pc2/pc4_r6_0_reg[1],FDRE,SLICE_X20Y240,SLICEM.BFF,1'b0
u_dut/u_pc2/pc4_r6_0_reg[2],FDRE,SLICE_X20Y240,SLICEM.CFF,1'b0
u_dut/u_pc2/pc4_r6_0_reg[3],FDRE,SLICE_X20Y240,SLICEM.DFF,1'b0
u_dut/u_pc2/pc4_r6_0_reg[3]_i_1,CARRY4,SLICE_X20Y240,SLICEM.CARRY4,
u_dut/u_pc2/pc4_r6_0_reg[4],FDRE,SLICE_X20Y241,SLICEM.AFF,1'b0
u_dut/u_pc2/pc4_r6_0_reg[5],FDRE,SLICE_X20Y241,SLICEM.BFF,1'b0
u_dut/u_pc2/pc4_r6_0_reg[6],FDRE,SLICE_X20Y241,SLICEM.CFF,1'b0
u_dut/u_pc2/pc4_r6_0_reg[7],FDRE,SLICE_X20Y241,SLICEM.DFF,1'b0
u_dut/u_pc2/pc4_r6_0_reg[7]_i_1,CARRY4,SLICE_X20Y241,SLICEM.CARRY4,
u_dut/u_pc2/y[0]_i_1,LUT5,SLICE_X36Y239,SLICEL.A6LUT,32'h0A0A0F0C
u_dut/u_pc2/y[0]_i_10,LUT4,SLICE_X37Y239,SLICEL.B6LUT,16'h9009
u_dut/u_pc2/y[0]_i_11,LUT4,SLICE_X37Y239,SLICEL.A6LUT,16'h9009
u_dut/u_pc2/y[0]_i_12,LUT4,SLICE_X50Y238,SLICEM.D5LUT,16'h2F02
u_dut/u_pc2/y[0]_i_13,LUT4,SLICE_X50Y238,SLICEM.C5LUT,16'h2F02
u_dut/u_pc2/y[0]_i_14,LUT4,SLICE_X50Y238,SLICEM.B5LUT,16'h2F02
u_dut/u_pc2/y[0]_i_15,LUT4,SLICE_X50Y238,SLICEM.A5LUT,16'h2F02
u_dut/u_pc2/y[0]_i_16,LUT4,SLICE_X50Y238,SLICEM.D6LUT,16'h9009
u_dut/u_pc2/y[0]_i_17,LUT4,SLICE_X50Y238,SLICEM.C6LUT,16'h9009
u_dut/u_pc2/y[0]_i_18,LUT4,SLICE_X50Y238,SLICEM.B6LUT,16'h9009
u_dut/u_pc2/y[0]_i_19,LUT4,SLICE_X50Y238,SLICEM.A6LUT,16'h9009
u_dut/u_pc2/y[0]_i_4,LUT4,SLICE_X37Y239,SLICEL.D5LUT,16'h2F02
u_dut/u_pc2/y[0]_i_5,LUT4,SLICE_X37Y239,SLICEL.C5LUT,16'h2F02
u_dut/u_pc2/y[0]_i_6,LUT4,SLICE_X37Y239,SLICEL.B5LUT,16'h2F02
u_dut/u_pc2/y[0]_i_7,LUT4,SLICE_X37Y239,SLICEL.A5LUT,16'h2F02
u_dut/u_pc2/y[0]_i_8,LUT4,SLICE_X37Y239,SLICEL.D6LUT,16'h9009
u_dut/u_pc2/y[0]_i_9,LUT4,SLICE_X37Y239,SLICEL.C6LUT,16'h9009
u_dut/u_pc2/y[1]_i_1,LUT3,SLICE_X36Y239,SLICEL.A5LUT,8'h0E
u_dut/u_pc2/y[1]_i_10,LUT6,SLICE_X37Y238,SLICEL.B6LUT,64'hE21D00000000E21D
u_dut/u_pc2/y[1]_i_11,LUT6,SLICE_X37Y238,SLICEL.A6LUT,64'hE21D00000000E21D
u_dut/u_pc2/y[1]_i_12,LUT6,SLICE_X39Y238,SLICEL.D6LUT,64'h2F222FFF02000222
u_dut/u_pc2/y[1]_i_13,LUT6,SLICE_X41Y238,SLICEL.A6LUT,64'h2F222FFF02000222
u_dut/u_pc2/y[1]_i_14,LUT6,SLICE_X41Y238,SLICEL.B6LUT,64'h2F222FFF02000222
u_dut/u_pc2/y[1]_i_15,LUT6,SLICE_X41Y238,SLICEL.C6LUT,64'h2F222FFF02000222
u_dut/u_pc2/y[1]_i_16,LUT6,SLICE_X40Y238,SLICEL.D6LUT,64'hE21D00000000E21D
u_dut/u_pc2/y[1]_i_17,LUT6,SLICE_X40Y238,SLICEL.C6LUT,64'hE21D00000000E21D
u_dut/u_pc2/y[1]_i_18,LUT6,SLICE_X40Y238,SLICEL.B6LUT,64'hE21D00000000E21D
u_dut/u_pc2/y[1]_i_19,LUT6,SLICE_X40Y238,SLICEL.A6LUT,64'hE21D00000000E21D
u_dut/u_pc2/y[1]_i_4,LUT6,SLICE_X38Y238,SLICEM.B6LUT,64'h2F222FFF02000222
u_dut/u_pc2/y[1]_i_5,LUT6,SLICE_X38Y238,SLICEM.C6LUT,64'h2F222FFF02000222
u_dut/u_pc2/y[1]_i_6,LUT6,SLICE_X38Y238,SLICEM.D6LUT,64'h2F222FFF02000222
u_dut/u_pc2/y[1]_i_7,LUT6,SLICE_X36Y238,SLICEL.A6LUT,64'h2F222FFF02000222
u_dut/u_pc2/y[1]_i_8,LUT6,SLICE_X37Y238,SLICEL.D6LUT,64'hE21D00000000E21D
u_dut/u_pc2/y[1]_i_9,LUT6,SLICE_X37Y238,SLICEL.C6LUT,64'hE21D00000000E21D
u_dut/u_pc2/y[2]_i_10,LUT6,SLICE_X36Y239,SLICEL.B6LUT,64'hF0F0E2E2FF00E2E2
u_dut/u_pc2/y[2]_i_11,LUT6,SLICE_X38Y239,SLICEM.B6LUT,64'hF0F0E2E2FF00E2E2
u_dut/u_pc2/y[2]_i_12,LUT6,SLICE_X36Y238,SLICEL.B6LUT,64'hF0F0E2E2FF00E2E2
u_dut/u_pc2/y[2]_i_13,LUT6,SLICE_X38Y239,SLICEM.C6LUT,64'hF0F0E2E2FF00E2E2
u_dut/u_pc2/y[2]_i_14,LUT6,SLICE_X36Y239,SLICEL.C6LUT,64'hF0F0E2E2FF00E2E2
u_dut/u_pc2/y[2]_i_15,LUT6,SLICE_X38Y239,SLICEM.D6LUT,64'hF0F0E2E2FF00E2E2
u_dut/u_pc2/y[2]_i_16,LUT6,SLICE_X36Y238,SLICEL.C6LUT,64'hF0F0E2E2FF00E2E2
u_dut/u_pc2/y[2]_i_17,LUT6,SLICE_X36Y238,SLICEL.D6LUT,64'hF0F0E2E2FF00E2E2
u_dut/u_pc2/y[2]_i_18,LUT3,SLICE_X51Y238,SLICEL.A6LUT,8'hB8
u_dut/u_pc2/y[2]_i_19,LUT3,SLICE_X38Y239,SLICEM.A6LUT,8'hB8
u_dut/u_pc2/y[2]_i_2,LUT4,SLICE_X34Y239,SLICEL.D5LUT,16'h4F04
u_dut/u_pc2/y[2]_i_20,LUT3,SLICE_X51Y238,SLICEL.A5LUT,8'hB8
u_dut/u_pc2/y[2]_i_21,LUT3,SLICE_X38Y239,SLICEM.A5LUT,8'hB8
u_dut/u_pc2/y[2]_i_22,LUT3,SLICE_X51Y238,SLICEL.B6LUT,8'hB8
u_dut/u_pc2/y[2]_i_23,LUT3,SLICE_X38Y238,SLICEM.A6LUT,8'hB8
u_dut/u_pc2/y[2]_i_24,LUT3,SLICE_X51Y238,SLICEL.B5LUT,8'hB8
u_dut/u_pc2/y[2]_i_25,LUT3,SLICE_X38Y238,SLICEM.A5LUT,8'hB8
u_dut/u_pc2/y[2]_i_3,LUT4,SLICE_X34Y239,SLICEL.C5LUT,16'h4F04
u_dut/u_pc2/y[2]_i_4,LUT4,SLICE_X34Y239,SLICEL.B5LUT,16'h4F04
u_dut/u_pc2/y[2]_i_5,LUT4,SLICE_X34Y239,SLICEL.A5LUT,16'h4F04
u_dut/u_pc2/y[2]_i_6,LUT4,SLICE_X34Y239,SLICEL.D6LUT,16'h8241
u_dut/u_pc2/y[2]_i_7,LUT4,SLICE_X34Y239,SLICEL.C6LUT,16'h8241
u_dut/u_pc2/y[2]_i_8,LUT4,SLICE_X34Y239,SLICEL.B6LUT,16'h8241
u_dut/u_pc2/y[2]_i_9,LUT4,SLICE_X34Y239,SLICEL.A6LUT,16'h8241
u_dut/u_pc2/y_reg[0],FDRE,SLICE_X36Y239,SLICEL.AFF,1'b0
u_dut/u_pc2/y_reg[0]_i_2,CARRY4,SLICE_X37Y239,SLICEL.CARRY4,
u_dut/u_pc2/y_reg[0]_i_3,CARRY4,SLICE_X50Y238,SLICEM.CARRY4,
u_dut/u_pc2/y_reg[1],FDRE,SLICE_X36Y239,SLICEL.A5FF,1'b0
u_dut/u_pc2/y_reg[1]_i_2,CARRY4,SLICE_X37Y238,SLICEL.CARRY4,
u_dut/u_pc2/y_reg[1]_i_3,CARRY4,SLICE_X40Y238,SLICEL.CARRY4,
u_dut/u_pc2/y_reg[2],FDRE,SLICE_X34Y239,SLICEL.DFF,1'b0
u_dut/u_pc2/y_reg[2]_i_1,CARRY4,SLICE_X34Y239,SLICEL.CARRY4,
