0 10 1e-06 294 45 18 319 3 27 614 58 5 908 63 14 2803 27 24 2831 18 21 2944 97 24 2975 35 18 3075 5 5 3222 28 16
1 10 1e-06 80 42 8 495 83 23 2140 28 21 2172 13 15 2732 13 7 2764 67 11 2884 55 19 3121 30 19 3236 69 23 3359 37 15
2 10 1e-06 335 71 7 988 15 1 1175 3 22 1474 50 3 1604 96 25 2312 9 3 2811 72 8 2824 65 27 2926 59 20 3090 63 23
3 10 1e-06 446 53 9 1379 95 19 1665 17 23 1864 80 22 1911 74 14 2408 53 17 2812 82 29 2937 80 9 3029 26 2 3120 8 3
4 10 1e-06 866 49 26 966 99 30 1081 49 26 1289 73 1 1311 4 20 1337 23 13 1930 70 17 2566 88 30 2693 39 30 3341 53 18
5 10 1e-06 168 41 6 447 48 5 973 55 26 1218 7 31 2124 73 18 2263 60 21 2416 32 10 3248 45 3 3303 34 26 3384 84 8
6 10 1e-06 117 93 31 785 93 12 854 20 10 1960 65 7 1965 29 17 1968 73 26 1976 81 18 2408 30 27 2519 45 5 3106 56 9
7 10 1e-06 236 93 11 284 82 0 308 68 15 343 89 22 417 33 6 486 8 15 1098 24 23 2573 54 1 3076 24 21 3275 9 30
8 10 1e-06 471 10 29 573 86 13 1530 51 1 1592 16 24 1601 25 1 2174 46 13 2318 95 24 2327 70 4 2552 48 30 2794 48 29
9 10 1e-06 907 20 19 1074 69 19 1973 1 18 2142 66 7 2398 73 19 2589 27 8 2598 19 27 3179 17 14 3215 15 12 3305 35 20
10 10 1e-06 928 87 9 1261 26 7 1903 40 7 2482 64 18 2687 97 8 2695 10 26 2733 7 24 3007 58 27 3212 2 25 3234 28 9
11 10 1e-06 77 33 1 585 90 23 1076 22 31 1476 64 2 1499 54 4 1877 64 30 1998 28 30 2301 80 1 2480 44 12 2509 23 25
12 10 1e-06 229 6 17 246 45 5 334 97 11 754 1 13 1351 68 10 1412 25 25 2391 91 18 2563 66 8 3179 35 2 3290 85 13
13 10 1e-06 588 87 25 595 84 21 671 13 13 754 39 2 944 91 22 1666 19 2 2127 36 14 2381 60 18 2740 17 17 3114 62 27
14 10 1e-06 770 24 13 1042 10 13 1076 94 28 1098 4 31 1432 76 1 1546 97 0 1892 78 19 2340 55 30 2544 55 19 2846 68 26
15 10 1e-06 191 16 2 287 82 22 331 40 7 1226 46 8 2041 42 12 2440 58 23 2510 77 4 2853 19 11 2864 52 8 3069 57 11
16 10 1e-06 373 87 20 1103 93 8 1126 59 11 1204 13 29 1348 67 15 1977 54 12 2227 88 21 2547 83 20 2797 55 23 3369 26 15
17 10 1e-06 77 71 0 1272 46 8 1429 38 4 1600 23 22 1830 33 21 1831 94 28 2710 8 19 2953 24 29 2982 15 25 3142 34 18
18 10 1e-06 481 19 29 1407 42 0 1530 6 10 1551 85 24 2401 6 26 2542 61 27 2567 50 6 2887 36 20 3250 5 31 3327 4 21
19 10 1e-06 141 31 7 173 92 25 336 86 13 1018 21 31 1559 43 21 1614 41 15 1917 81 13 2650 13 21 2658 24 25 2778 78 0
20 10 1e-06 652 15 8 779 77 20 1180 22 15 1271 61 11 1325 98 16 1562 45 5 1822 43 23 2615 20 29 2728 76 30 3177 87 30
21 10 1e-06 458 25 2 1351 1 20 1529 60 9 1886 6 20 1984 89 3 2061 24 29 2280 41 6 2573 3 30 2807 99 24 3351 49 7
22 10 1e-06 187 84 0 980 16 0 1389 93 6 1597 83 25 1817 33 9 2187 15 0 2474 56 27 2476 93 29 2671 66 17 3281 32 12
23 10 1e-06 1074 58 11 1090 14 27 1216 36 22 1225 87 7 1604 18 1 2140 79 29 2591 41 30 2652 6 17 3066 45 26 3096 44 15
24 10 1e-06 636 52 0 902 98 10 1564 29 24 1914 5 2 2013 79 12 2242 89 22 2979 46 18 3109 50 12 3125 96 9 3214 85 15
25 10 1e-06 76 63 12 138 62 29 1155 76 18 1470 7 30 1970 19 4 2072 56 19 2078 80 15 2138 85 30 3252 90 8 3259 93 25
26 10 1e-06 209 61 30 674 64 31 917 91 21 1396 25 18 1444 9 21 1557 84 22 2587 73 5 2917 11 7 3237 72 24 3337 46 14
27 10 1e-06 266 68 3 308 100 15 556 32 18 616 72 27 646 56 20 1335 19 16 1375 26 1 2610 90 18 2689 25 29 3115 86 9
28 10 1e-06 451 13 15 897 8 30 983 36 9 1016 49 8 1186 53 9 1414 86 12 1660 94 24 2065 18 5 2195 28 21 3067 66 20
29 10 1e-06 173 17 30 519 77 26 948 33 14 992 22 0 1003 84 30 1853 14 11 1906 28 21 2016 59 22 3178 84 20 3310 86 2
30 10 1e-06 194 59 7 228 93 15 364 80 13 430 79 0 436 70 14 729 52 22 2061 77 7 2754 66 10 3081 1 3 3215 64 27
31 10 1e-06 378 20 9 494 31 12 1146 73 29 2225 14 0 2249 2 7 2294 44 3 2591 22 23 2616 41 4 3108 90 30 3197 8 13
32 10 1e-06 84 34 1 1004 1 13 1114 50 25 1448 41 13 1892 28 10 2013 74 16 2423 41 19 2666 22 14 2931 46 14 3189 34 20
33 10 1e-06 443 18 28 1026 37 26 1087 66 18 1387 100 2 2021 27 13 2048 83 24 2223 22 20 2245 3 14 2404 39 0 3398 79 12
34 10 1e-06 432 9 14 1226 99 23 1419 86 25 1525 75 20 1861 82 7 2104 85 24 2149 24 5 2944 36 30 2995 88 13 3179 27 16
35 10 1e-06 696 36 18 1224 19 1 1234 3 28 1592 49 22 1632 56 23 2113 11 9 2179 29 11 2886 86 27 3067 88 7 3335 33 17
36 10 1e-06 74 62 2 569 34 30 843 63 7 897 98 18 1589 67 23 2238 59 22 2555 14 12 2751 76 0 2820 50 7 3242 44 29
37 10 1e-06 562 64 30 590 85 0 1123 21 26 1153 2 9 1273 76 12 1425 6 26 2385 83 23 2573 80 25 2874 78 6 3324 86 21
38 10 1e-06 223 74 20 483 69 12 1037 73 29 1104 89 29 1199 82 10 1912 97 25 2569 35 22 2813 43 9 2826 82 17 3347 29 14
39 10 1e-06 262 30 22 1612 99 30 2060 96 29 2063 55 26 2167 30 9 2807 28 10 2868 57 12 3080 44 4 3232 70 29 3297 94 5
40 10 1e-06 455 67 26 936 62 21 995 2 31 1083 94 13 1135 55 7 2201 71 12 2337 47 20 2383 86 1 2771 28 26 2902 27 11
41 10 1e-06 218 47 3 452 58 14 738 33 16 1292 97 8 1588 70 19 1937 7 5 2103 65 8 2587 15 6 2858 92 14 3385 86 26
42 10 1e-06 220 32 20 728 1 30 855 39 6 912 78 0 1894 82 24 1929 48 2 2146 6 26 2254 53 18 2304 90 29 3223 35 17
43 10 1e-06 354 95 13 576 76 28 1310 63 11 1326 8 6 1481 87 26 1620 81 10 2342 68 8 2924 89 24 2988 61 19 3098 6 4
44 10 1e-06 82 12 26 674 46 27 993 26 9 1107 8 18 1312 12 16 1649 97 3 1669 67 14 1935 31 28 2028 79 14 2146 14 2
45 10 1e-06 511 40 17 649 57 18 678 82 5 775 48 22 922 34 2 1065 87 11 1574 27 18 1876 43 4 2420 94 24 3406 34 28
46 10 1e-06 309 10 17 721 4 11 1038 16 6 1072 69 20 1426 38 18 1472 21 21 1813 24 7 1872 67 16 2234 16 19 2471 33 1
47 10 1e-06 719 90 30 774 23 31 803 53 24 841 95 13 1821 96 23 2322 8 24 2328 7 17 2571 56 27 2589 11 8 3397 49 4
48 10 1e-06 202 47 23 413 44 21 652 40 10 1149 19 20 1868 30 21 2003 28 24 2353 23 20 2532 78 0 2559 22 8 2983 46 18
49 10 1e-06 141 52 31 491 61 18 663 27 26 1855 36 12 1859 37 10 2435 84 21 2545 43 29 2961 57 18 3091 72 1 3180 33 4
50 10 1e-06 228 92 21 361 91 19 386 82 22 1080 0 0 1292 37 1 1327 100 2 1519 34 1 2079 90 3 2664 74 27 2851 88 10
51 10 1e-06 179 65 17 440 18 3 559 23 7 1387 38 10 1444 68 8 1627 96 24 1817 89 27 3080 51 4 3100 99 25 3208 100 12
52 10 1e-06 373 95 2 485 70 3 1236 24 1 1322 2 18 1874 60 14 2012 29 19 2339 95 30 2630 22 18 2932 6 18 3070 4 31
53 10 1e-06 618 74 12 1046 99 11 1230 42 12 2029 78 24 2493 100 20 2546 7 8 2771 30 27 2887 17 0 3105 12 17 3290 9 16
54 10 1e-06 85 9 16 912 89 6 1313 15 23 1347 42 11 1462 74 4 1466 2 12 1503 78 25 1938 73 23 2826 62 15 3070 6 9
55 10 1e-06 364 43 22 420 13 28 454 56 13 968 68 0 1021 27 15 1826 57 22 1839 69 9 2036 8 11 2892 2 14 3177 94 7
56 10 1e-06 302 86 0 538 4 6 746 4 15 1221 25 17 1325 62 21 1651 3 24 1901 91 11 2260 48 7 2326 70 25 2452 95 19
57 10 1e-06 514 19 7 994 73 4 1107 43 11 2014 100 28 2273 61 12 2659 1 26 2825 21 14 2978 81 12 3196 32 6 3325 14 7
58 10 1e-06 454 7 0 533 68 22 900 62 19 1225 15 17 1533 90 13 2210 84 21 2215 47 10 2651 31 11 3028 90 20 3406 21 28
59 10 1e-06 103 52 7 381 9 21 640 40 1 1561 38 7 1561 69 25 1976 37 30 2099 45 12 2649 69 16 2688 29 11 2815 23 22
60 10 1e-06 159 25 30 220 20 0 487 35 25 748 99 14 1958 89 24 2103 15 12 2135 36 11 2241 38 4 2374 44 15 2432 47 10
61 10 1e-06 598 14 22 1126 95 13 1302 38 5 1401 5 19 1416 93 3 1603 16 24 1916 81 28 2219 47 4 2418 55 19 2844 70 17
62 10 1e-06 387 15 7 390 67 6 404 98 18 670 26 23 736 35 22 1419 2 14 1554 30 13 2136 16 24 2329 96 14 3175 27 24
63 10 1e-06 78 7 9 765 80 1 884 87 20 1347 86 30 1448 75 9 1906 30 14 2436 80 31 3017 85 9 3020 80 29 3099 24 8
64 10 1e-06 86 39 17 97 17 4 110 15 8 135 0 26 182 78 23 963 56 5 1237 96 19 1550 61 22 2849 94 3 3253 18 24
65 10 1e-06 332 54 23 431 60 23 979 78 15 1484 6 7 1496 53 24 1880 26 13 2426 77 11 2808 24 6 3225 28 20 3289 40 23
66 10 1e-06 316 67 19 442 6 18 498 24 19 642 20 9 1166 62 2 2717 60 7 2974 74 3 3059 12 24 3269 91 4 3371 97 15
67 10 1e-06 197 96 3 822 2 15 917 1 24 992 76 28 1224 62 15 1620 17 9 2454 94 25 2551 76 29 2724 61 18 3282 56 22
68 10 1e-06 178 65 11 254 93 16 630 14 13 869 80 6 1148 39 12 1163 40 18 1572 30 23 2446 28 25 2584 62 25 3358 51 7
69 10 1e-06 466 17 12 617 67 25 983 74 23 1184 50 12 1202 51 24 1517 4 21 1632 44 31 1902 23 1 2498 84 3 2680 94 6
70 10 1e-06 96 15 22 153 27 17 648 62 16 869 93 2 1031 64 25 2240 54 20 3030 85 21 3142 37 12 3263 95 17 3365 12 4
71 10 1e-06 153 44 7 623 56 14 891 58 0 1442 9 9 1445 54 10 2239 17 17 2538 44 28 3074 89 29 3233 100 4 3345 61 20
72 10 1e-06 303 25 28 335 51 1 454 54 19 850 95 14 956 83 26 1085 51 0 1332 24 21 1623 0 31 2603 56 27 2847 66 12
73 10 1e-06 428 96 27 1158 29 18 1561 6 7 1622 22 10 1663 18 5 2236 75 1 2435 34 8 2443 63 30 3229 41 24 3400 40 26
74 10 1e-06 215 52 25 277 2 9 322 86 27 556 16 30 784 87 13 1031 95 24 1252 2 27 2084 42 0 3097 100 10 3218 6 31
75 10 1e-06 857 37 16 1321 74 21 1368 0 15 1513 83 27 1860 50 13 2262 66 15 2290 46 12 2442 3 8 2630 52 15 2807 4 8
76 10 1e-06 683 40 4 687 34 11 765 38 27 784 28 19 898 55 20 1152 12 14 1363 80 24 1886 28 12 2483 57 12 2673 83 25
77 10 1e-06 337 96 3 398 41 9 761 78 22 1018 72 29 1084 21 25 1520 61 19 1880 84 20 2189 100 10 3317 2 27 3332 64 31
78 10 1e-06 335 57 11 359 50 8 535 60 29 638 69 30 644 50 8 1075 33 13 1107 75 7 1312 19 25 2741 73 3 3231 80 8
79 10 1e-06 250 35 12 410 23 1 855 59 4 975 85 0 1573 81 26 2058 94 11 2453 98 19 2455 78 29 2925 7 5 3113 22 19
80 10 1e-06 91 96 10 310 15 29 828 60 0 934 12 25 1087 78 11 1437 55 17 1929 11 14 3050 3 26 3103 21 14 3301 23 11
81 10 1e-06 75 26 18 490 83 25 1144 28 13 1188 66 31 1616 26 23 1994 35 8 2315 94 16 2533 29 14 2621 54 15 2947 61 20
82 10 1e-06 386 31 1 504 37 17 516 6 22 922 86 26 971 34 13 1556 25 14 2322 75 31 2540 86 4 2936 90 19 3061 73 25
83 10 1e-06 247 40 22 1122 27 10 1414 74 17 1612 55 28 2298 37 20 2366 92 19 2383 76 8 3110 26 31 3110 75 27 3130 98 15
84 10 1e-06 190 95 13 664 77 25 865 23 21 2067 94 2 2386 24 30 2413 100 2 2515 98 31 2905 75 28 3047 18 7 3384 82 14
85 10 1e-06 80 48 20 483 20 27 1199 76 20 1235 47 13 1329 45 30 2230 9 3 2264 8 10 2621 80 2 2976 89 9 3135 16 30
86 10 1e-06 272 77 20 1121 28 15 1208 70 31 1247 82 12 1654 64 11 2110 55 25 2359 56 9 2539 40 14 2564 80 12 2768 98 18
87 10 1e-06 171 91 24 200 25 8 2344 69 29 2609 25 9 2730 50 20 2768 32 17 2958 84 25 2994 59 23 3149 38 28 3327 89 8
88 10 1e-06 174 97 0 292 16 0 438 12 16 660 79 7 1315 57 6 1617 39 24 1970 78 18 2173 3 19 2751 81 20 3137 83 28
89 10 1e-06 261 81 27 432 83 2 752 76 15 855 66 28 885 97 12 1264 91 23 1443 95 3 1620 70 31 2145 9 31 2607 11 12
90 10 1e-06 145 20 27 298 69 9 476 53 11 733 97 6 1153 37 12 1277 79 9 2164 63 8 2692 92 7 2704 56 25 2964 5 29
91 10 1e-06 200 84 27 328 82 13 439 72 22 652 80 8 1078 26 0 1878 26 25 2008 67 23 2286 44 1 2322 2 17 2505 2 28
92 10 1e-06 601 27 29 925 71 13 1461 15 24 1538 18 15 1819 69 14 1952 77 7 2022 12 13 2054 79 23 2067 19 11 3026 42 12
93 10 1e-06 392 82 15 885 48 15 887 55 19 887 76 28 986 36 9 1165 72 20 1479 59 18 1859 18 6 1864 77 22 2918 7 13
94 10 1e-06 164 22 29 428 21 28 432 43 25 901 26 14 1093 95 3 2184 12 17 2211 71 29 2949 4 14 3252 85 30 3268 88 9
95 10 1e-06 458 65 19 568 55 13 632 73 3 709 63 15 782 64 28 941 60 31 961 37 11 984 40 17 1430 10 8 2283 88 30
96 10 1e-06 224 72 9 424 11 17 425 74 1 581 40 19 1246 46 29 1335 21 18 1379 4 1 1908 71 6 2625 41 29 3066 96 9
97 10 1e-06 416 58 16 478 15 10 1069 35 25 1569 86 0 1987 15 3 2192 17 16 2326 91 25 2551 100 9 3235 8 25 3400 46 8
98 10 1e-06 973 5 31 1176 14 21 1484 28 12 1996 2 6 2185 72 16 2406 83 14 2419 71 4 2479 96 10 2869 99 29 3396 88 3
99 10 1e-06 161 20 28 888 75 16 1080 59 9 1548 65 0 1942 58 19 2291 46 6 2299 33 5 2572 3 10 2663 4 5 2675 83 29
100 31 3e-06 129 32 20 299 24 0 359 68 8 363 94 0 484 89 28 555 61 8 576 93 13 661 80 23 752 90 18 983 19 10 1018 12 3 1137 53 12 1207 89 27 1209 81 29 1425 30 12 1643 26 13 2009 90 31 2035 15 5 2042 65 17 2340 12 17 2467 38 3 2493 45 15 2535 19 23 2566 70 31 2628 98 28 2689 55 1 2955 82 28 2964 26 12 3026 12 17 3092 23 1 3115 47 29
101 31 3e-06 263 28 31 455 30 2 557 41 28 764 7 10 900 62 12 902 98 7 910 100 0 955 90 5 1021 97 13 1112 83 24 1142 24 4 1572 61 23 1642 77 20 1649 50 17 1829 88 18 1948 86 20 2002 73 12 2198 51 6 2211 15 1 2252 9 15 2254 60 15 2325 63 22 2411 45 31 2563 71 5 2686 59 4 2688 32 27 3010 86 16 3044 22 17 3230 90 18 3300 31 8 3406 27 11
102 31 3e-06 169 82 1 175 56 4 252 22 16 255 7 17 280 7 24 299 97 20 358 54 23 519 89 27 539 49 12 712 4 3 759 80 1 895 99 28 1100 23 9 1220 6 20 1435 100 20 1625 59 10 1900 36 20 1917 23 30 2219 58 9 2302 89 6 2354 75 13 2398 68 15 2414 26 31 2445 94 3 2582 32 25 2708 44 21 2754 12 28 2880 80 13 2902 54 3 2943 92 9 2945 55 16
103 31 3e-06 167 35 8 242 86 11 303 38 18 310 56 13 635 29 2 717 54 28 774 31 30 818 13 21 1017 1 31 1161 46 3 1205 37 13 1242 45 3 1327 45 7 1399 77 7 1471 98 15 1666 11 16 2052 18 8 2187 14 8 2229 100 4 2266 60 23 2279 57 10 2313 69 11 2540 69 1 2757 30 19 2809 11 13 2823 68 21 2850 28 27 3059 66 29 3119 93 10 3139 98 23 3358 53 18
104 31 3e-06 220 55 17 408 39 8 408 99 31 513 89 22 523 87 23 560 77 26 563 89 24 615 65 12 731 4 30 799 11 19 1129 58 11 1135 93 30 1174 88 9 1201 8 30 1324 31 29 1443 66 9 1589 34 5 2074 0 8 2128 27 3 2194 37 31 2299 13 23 2357 73 10 2450 37 8 2600 18 9 2617 30 21 2721 7 12 2776 25 21 2846 15 13 2926 24 28 2986 82 13 3356 13 25
105 31 3e-06 119 97 4 183 18 3 213 55 10 275 100 7 393 66 12 533 5 11 618 20 14 650 66 20 695 52 18 717 18 0 776 89 28 956 3 18 1164 10 23 1273 79 1 1416 64 25 1519 51 31 1591 42 19 1635 82 18 1810 70 13 2152 20 16 2236 96 6 2297 55 1 2320 0 5 2518 12 21 2618 72 28 2641 21 15 2654 26 25 2676 69 28 2748 13 23 3070 39 31 3178 52 18
106 31 3e-06 136 44 22 210 42 9 307 92 13 353 89 2 381 25 13 390 73 18 396 45 24 443 49 29 553 34 6 763 80 22 867 11 22 888 26 25 1174 13 11 1410 20 9 1597 1 22 1666 52 25 1824 33 1 1872 58 0 1906 31 0 2076 47 4 2279 10 12 2380 64 6 2496 43 17 2590 38 14 2709 87 11 2714 54 18 2952 90 16 3049 60 1 3063 22 31 3139 91 10 3230 8 15
107 31 3e-06 86 58 4 519 22 15 574 49 14 587 9 12 622 21 16 802 59 14 846 66 21 877 33 1 881 84 9 1094 8 17 1116 95 13 1164 1 2 1287 17 5 1357 44 13 1367 90 16 1390 45 22 1472 3 10 1616 30 20 1636 24 26 1955 44 12 1967 77 9 2153 59 30 2229 52 5 2374 65 24 2596 6 4 2848 8 1 3002 46 8 3184 5 18 3193 20 10 3238 50 6 3246 61 27
108 31 3e-06 94 99 4 201 40 1 285 9 7 411 62 9 636 77 30 646 38 6 836 72 11 849 84 2 1095 8 18 1343 65 25 1346 19 27 1390 87 16 1565 15 1 1600 75 20 1662 68 9 1854 7 28 1947 82 4 2113 50 28 2339 71 20 2383 100 18 2425 35 6 2480 2 21 2562 54 25 2785 91 12 2797 28 26 2889 90 15 2922 93 16 3135 92 17 3167 66 15 3230 4 10 3321 100 3
109 31 3e-06 84 55 0 203 4 19 366 90 8 413 25 5 750 77 16 880 96 1 1075 41 30 1106 77 19 1338 31 31 1517 77 13 1663 83 5 1850 21 30 1850 79 5 1866 74 18 1872 64 6 1937 30 5 1968 35 30 1999 89 20 2081 42 7 2316 61 19 2396 68 20 2503 77 26 2623 88 17 2632 25 25 2633 49 27 3024 99 21 3086 88 31 3149 93 8 3183 59 18 3213 8 18 3307 23 0
110 31 3e-06 267 7 4 417 85 22 767 38 26 944 86 21 1050 11 13 1068 89 22 1280 91 5 1334 5 10 1408 58 1 1516 58 14 1543 20 12 1578 43 15 1657 90 28 1899 90 26 2053 5 2 2059 55 31 2130 49 13 2219 62 0 2229 6 27 2283 32 12 2300 35 31 2341 92 31 2488 51 8 2524 1 12 2583 68 22 2589 33 3 2693 53 31 2736 6 11 2813 53 0 3047 85 31 3241 0 25
111 31 3e-06 85 100 27 398 77 30 408 39 21 676 54 22 684 2 31 714 87 8 891 36 22 925 93 24 931 4 25 1088 39 28 1165 5 19 1170 50 24 1279 68 15 1563 10 12 1825 98 16 1829 24 28 1960 4 20 2067 33 28 2084 58 25 2085 88 7 2157 10 26 2340 65 12 2369 15 19 2411 59 10 2475 56 20 2634 88 0 2769 9 3 2973 74 12 3185 6 18 3203 22 24 3318 61 5
112 31 3e-06 343 60 18 345 54 13 541 71 16 590 45 31 606 70 21 640 46 14 656 22 25 749 85 10 862 41 23 872 67 20 879 80 20 896 13 26 1042 7 27 1128 73 12 1438 24 12 1472 61 20 1571 79 19 1887 76 14 1889 55 29 1907 4 16 2309 9 17 2502 29 7 2603 54 4 2614 26 0 2798 28 18 3022 61 14 3060 32 24 3069 11 21 3148 49 31 3380 57 29 3401 96 20
113 31 3e-06 82 30 17 87 94 29 126 37 0 147 41 4 236 96 28 475 45 28 679 89 29 889 1 25 1085 80 12 1111 1 6 1129 80 29 1352 98 1 1400 97 11 1622 93 0 1635 85 0 1827 52 13 1918 20 7 2104 18 8 2230 1 16 2279 86 9 2356 57 27 2482 48 22 2515 29 17 2534 30 3 2606 79 24 2914 88 3 3017 51 26 3033 91 30 3136 47 24 3218 67 17 3259 15 8
114 31 3e-06 95 3 9 128 37 19 413 39 10 654 32 20 798 73 19 1008 6 29 1094 70 25 1216 72 1 1394 85 3 1525 2 18 1650 90 25 1654 84 7 1860 0 10 1867 48 21 1870 58 23 1990 26 31 2013 20 0 2067 100 31 2142 68 22 2278 80 16 2305 49 3 2382 66 11 2425 45 14 2604 72 29 2894 18 23 2987 58 24 3093 18 8 3128 98 29 3148 26 1 3203 29 6 3407 38 1
115 31 3e-06 155 29 14 162 79 1 168 9 21 185 43 2 370 30 19 494 9 19 509 97 6 564 50 10 848 81 2 945 23 4 960 64 29 1029 88 4 1118 85 29 1318 66 8 1323 61 31 1364 7 2 1435 33 2 1443 38 25 1508 36 5 1970 15 8 2365 35 0 2408 8 8 2486 15 31 2506 16 27 2621 93 12 2626 30 12 2794 29 17 2928 50 25 3043 98 2 3133 36 26 3351 81 15
116 31 3e-06 150 0 15 178 61 30 225 46 26 281 52 15 359 97 16 375 88 19 1072 21 9 1133 48 1 1187 13 17 1439 77 27 1508 56 10 1537 3 8 1625 20 15 1817 26 22 1852 13 17 1907 11 5 1938 66 4 2156 16 22 2243 35 11 2249 21 19 2276 55 7 2302 90 25 2364 46 19 2479 99 4 2578 68 29 2844 12 24 3039 65 16 3067 58 26 3161 81 1 3208 56 12 3267 100 20
117 31 3e-06 225 63 5 232 100 5 316 59 4 605 80 22 655 51 4 677 20 24 730 18 2 765 10 29 825 6 1 876 100 29 1011 51 22 1012 33 27 1220 48 18 1238 47 27 1320 77 29 1397 10 19 1493 55 18 1504 77 25 1622 76 0 1911 50 1 1950 88 26 1969 42 10 2032 75 4 2040 0 21 2108 72 2 2460 87 1 2587 48 26 3245 73 13 3298 96 30 3324 59 7 3371 96 6
118 31 3e-06 172 16 3 351 19 10 410 80 8 417 26 16 450 9 2 467 81 24 614 57 25 645 84 30 869 81 6 889 100 27 948 28 31 1052 40 26 1160 66 27 1386 26 14 1435 44 25 1483 99 20 1596 38 21 1605 78 12 1671 49 31 1871 38 7 2056 44 22 2101 39 2 2306 71 24 2433 75 12 2767 53 10 2774 50 26 2785 51 27 2926 5 19 3156 30 18 3283 46 5 3383 45 15
119 31 3e-06 679 29 22 729 4 0 847 92 16 920 25 21 1140 44 16 1162 63 30 1390 39 23 1417 52 23 1845 46 6 1886 70 1 1975 71 25 2127 84 18 2257 12 21 2338 23 18 2438 55 6 2564 83 19 2569 50 11 2589 9 26 2607 49 22 2740 39 12 2851 61 1 2864 47 3 2867 51 20 2897 50 22 2948 27 22 3135 73 29 3137 81 27 3199 68 1 3211 19 16 3224 62 19 3241 38 19
120 31 3e-06 73 38 15 74 48 23 126 29 20 162 69 1 252 5 3 426 0 9 446 89 28 697 75 12 725 50 9 899 25 23 1292 63 29 1465 45 18 1506 9 28 1518 11 29 2044 98 13 2092 56 16 2217 34 15 2291 69 13 2309 98 6 2313 62 18 2397 60 3 2434 26 10 2480 8 19 2517 11 23 2532 90 27 2639 67 6 2760 29 15 2858 48 11 3033 35 0 3038 15 25 3325 23 13
121 31 3e-06 143 75 22 239 55 16 283 84 5 328 27 3 522 9 9 593 7 1 772 63 5 955 86 27 988 0 18 1056 57 10 1065 96 13 1167 90 16 1394 76 12 1475 63 25 1522 84 5 1542 3 16 1620 19 30 1896 57 9 1997 0 3 2019 20 20 2168 14 7 2210 97 16 2286 61 23 2477 4 16 2600 93 24 2639 68 6 2829 12 23 2937 14 0 3051 70 20 3327 58 30 3350 0 30
122 31 3e-06 120 73 6 155 20 22 238 60 9 239 2 18 252 12 6 253 100 10 438 18 26 442 86 15 717 48 27 1069 37 17 1149 90 13 1174 70 16 1197 21 19 1343 30 30 1396 53 5 1564 14 28 1963 96 17 2267 17 29 2362 76 5 2418 68 28 2428 67 2 2546 50 12 2648 2 29 2721 96 24 2803 78 20 2821 36 26 2909 5 14 2923 13 23 3193 82 14 3309 88 7 3370 48 29
123 31 3e-06 79 14 25 158 16 8 230 91 6 245 3 17 300 56 9 512 97 17 733 92 28 1021 20 13 1100 98 27 1114 8 7 1173 22 17 1175 3 7 1273 78 8 1410 8 24 1453 79 27 1513 71 23 1847 9 17 1848 49 12 1918 63 11 1959 80 21 1967 47 15 2026 96 31 2157 60 30 2179 1 6 2354 28 5 2476 54 13 2589 13 28 2684 74 30 2777 58 9 2931 27 3 3283 56 4
124 31 3e-06 100 18 30 154 78 22 173 65 16 332 81 11 380 2 0 794 46 3 937 75 22 954 83 1 957 14 8 1108 65 28 1237 33 30 1324 10 30 1377 83 22 1491 68 0 1515 30 28 1543 90 22 1830 5 30 1931 73 21 1998 53 11 2217 53 3 2262 23 16 2263 23 17 2282 4 9 2414 70 22 2619 31 23 2745 0 14 2772 96 2 2852 13 10 3080 45 16 3242 89 28 3313 98 11
125 31 3e-06 75 5 8 248 89 23 463 40 25 468 69 17 648 1 27 679 6 12 681 28 14 789 87 15 870 15 20 878 14 26 1001 60 26 1016 61 1 1175 99 27 1282 58 19 1371 77 25 1595 69 14 1665 13 31 1829 0 29 1886 70 30 1950 39 24 2002 29 3 2032 44 19 2045 53 10 2143 90 1 2178 66 19 2300 99 23 3026 31 3 3054 31 26 3075 50 13 3136 7 21 3144 42 23
126 31 3e-06 199 86 24 249 96 0 314 96 16 450 8 28 708 47 1 755 85 17 829 5 19 1002 55 15 1189 16 2 1232 22 22 1293 49 9 1334 96 13 1570 65 0 1945 100 5 2017 3 2 2020 39 29 2066 23 16 2157 26 4 2214 36 0 2243 36 23 2281 99 11 2314 63 0 2456 9 13 2465 81 2 2466 91 26 2623 71 22 2678 84 8 2752 81 12 3135 64 27 3240 38 13 3260 71 13
127 31 3e-06 98 38 14 205 90 25 255 64 3 277 14 25 399 50 29 422 13 11 471 76 21 537 89 13 546 86 28 810 6 25 880 23 9 1120 25 22 1231 86 1 1330 23 1 1373 24 25 1383 14 27 1531 63 20 1542 79 18 1546 54 30 1820 57 25 1936 57 12 2079 43 2 2231 49 24 2348 12 8 2803 48 10 2840 20 6 2842 19 27 2910 28 31 2922 80 8 3244 44 16 3391 92 30
128 31 3e-06 388 5 21 455 54 4 471 44 20 562 57 20 770 4 9 1003 63 6 1310 1 12 1312 48 1 1379 51 21 1381 30 20 1399 82 23 1420 4 6 1920 12 11 1975 36 26 1994 85 4 2011 29 8 2038 63 14 2105 60 22 2135 86 11 2141 32 5 2305 68 9 2411 97 4 2635 100 5 2661 28 0 2666 94 2 2945 27 20 3037 88 20 3081 37 6 3181 59 17 3205 20 23 3282 41 29
129 31 3e-06 85 17 12 119 5 6 606 34 6 728 54 15 737 36 7 817 44 30 923 35 16 1084 16 29 1229 85 10 1350 100 2 1597 75 29 1827 8 27 1843 8 27 2013 7 29 2177 77 0 2279 63 21 2327 78 11 2337 39 20 2369 98 30 2401 98 15 2552 87 19 2597 13 19 2709 16 31 2878 33 6 2930 65 12 3121 25 13 3164 74 10 3243 91 13 3264 99 12 3272 89 30 3288 46 24
130 31 3e-06 175 45 27 643 9 16 659 82 29 709 0 22 731 59 17 921 48 9 946 88 1 1010 23 3 1089 84 30 1141 56 3 1171 30 8 1179 69 3 1216 6 14 1256 0 20 1303 54 25 1606 89 31 1607 18 6 1827 11 6 1828 35 12 1844 18 1 2484 28 14 2519 63 17 2682 97 26 2716 28 29 2797 64 30 2814 93 29 2956 37 2 3228 66 13 3245 34 28 3271 26 23 3308 51 13
131 31 3e-06 110 13 1 131 96 25 157 82 1 160 69 0 240 14 10 337 94 29 345 74 13 427 72 24 445 16 23 565 48 31 769 47 7 1014 52 31 1045 65 27 1111 78 3 1203 52 19 1818 69 22 1837 15 22 1839 6 17 2345 29 0 2379 65 31 2493 54 19 2587 97 28 2715 42 3 2719 38 16 2790 11 2 3010 20 5 3136 39 10 3139 7 20 3144 82 4 3212 42 6 3340 48 16
132 31 3e-06 83 13 8 183 63 3 324 25 17 400 58 5 696 20 1 738 91 19 780 98 23 801 91 29 818 28 13 902 37 5 967 24 25 992 60 25 1110 82 29 1187 18 0 1301 24 0 1370 19 5 1562 54 4 1968 82 30 2490 11 11 2513 39 0 2533 81 22 2654 44 31 2710 38 15 2734 21 18 2736 21 24 2776 88 22 2981 46 2 3049 52 3 3112 40 27 3147 61 15 3383 76 30
133 31 3e-06 258 25 22 404 17 20 429 100 23 579 28 1 886 79 3 955 48 30 1021 26 3 1130 93 2 1157 44 4 1191 15 22 1281 74 29 1306 48 14 1495 35 8 1828 71 6 1837 40 4 1909 4 16 2016 68 2 2094 25 0 2322 10 20 2370 36 1 2524 87 26 2671 55 21 2702 71 30 2742 88 16 2773 6 6 3008 4 20 3173 2 17 3180 41 6 3186 30 15 3297 93 22 3344 31 10
134 31 3e-06 124 99 25 186 65 2 217 46 24 290 28 16 392 0 22 416 52 23 416 67 15 446 50 7 474 51 30 783 2 14 796 35 1 824 61 23 887 43 24 1069 28 14 1075 54 29 1163 23 18 1174 49 17 1310 77 4 1455 89 9 1607 15 11 1623 6 24 2119 81 4 2238 7 14 2432 61 22 2688 88 27 2749 65 11 2964 72 20 3082 81 29 3127 21 12 3142 78 10 3177 26 17
135 31 3e-06 170 64 26 265 55 15 307 11 4 322 91 18 348 91 10 371 58 6 563 26 3 570 67 4 865 50 2 919 99 27 934 0 19 1055 28 1 1173 72 14 1206 55 26 1273 53 17 1353 100 25 1436 38 10 1517 49 19 1606 49 17 1611 68 12 1613 41 18 1829 46 29 1942 88 1 2157 98 26 2170 93 24 2330 20 15 2331 68 13 2612 49 31 2716 21 24 2756 35 16 2860 84 14
136 31 3e-06 124 51 7 149 78 20 350 39 30 531 55 8 614 86 25 627 54 21 734 7 1 780 30 4 889 21 10 900 39 9 1072 15 22 1258 45 25 1587 70 16 1612 70 19 1667 22 26 1845 40 30 1934 45 27 2243 37 3 2337 50 26 2457 11 6 2664 90 19 2742 46 25 2764 77 22 2777 29 24 2826 95 28 2970 36 25 2980 97 25 3104 16 29 3336 22 13 3336 85 9 3397 71 31
137 31 3e-06 138 19 30 144 21 2 198 26 23 369 55 9 551 96 19 673 74 24 805 60 18 1020 13 24 1070 94 20 1283 36 27 1411 98 27 1560 11 2 1961 94 4 2292 15 5 2311 73 18 2322 61 4 2426 56 26 2496 23 25 2528 85 26 2534 65 11 2606 73 2 2606 93 6 2748 89 26 2830 28 2 2895 10 19 2919 17 28 3115 6 0 3232 79 2 3328 47 4 3385 36 4 3389 28 20
138 31 3e-06 306 89 5 317 31 21 426 16 17 467 86 20 469 65 12 489 31 28 682 65 13 1051 52 3 1197 5 17 1484 27 20 1590 65 20 1600 88 26 1624 7 6 1813 41 4 1889 76 2 2200 14 8 2253 32 9 2261 88 10 2266 60 24 2279 1 4 2490 46 15 2636 2 22 2668 66 15 2798 21 27 2822 52 9 2978 53 12 3114 79 31 3134 37 31 3159 39 30 3336 57 1 3354 1 12
139 31 3e-06 293 23 13 314 90 20 456 41 23 536 30 7 672 38 3 799 13 26 868 95 18 987 98 29 1011 71 5 1528 67 0 1584 64 15 1815 7 29 1850 41 22 2158 28 12 2295 1 8 2441 21 24 2471 39 14 2620 84 30 2638 41 16 2658 47 11 2667 23 25 2718 65 31 2742 3 21 2870 94 25 3056 95 25 3080 80 8 3103 32 16 3168 98 5 3279 93 28 3343 16 1 3396 28 8
140 31 3e-06 481 40 26 614 67 19 638 1 9 685 56 3 698 60 22 769 99 3 920 17 20 995 19 22 1105 98 31 1122 59 13 1166 7 13 1215 0 12 1279 45 4 1293 92 18 1832 67 3 1890 72 17 2004 71 18 2189 37 12 2326 70 13 2353 44 23 2356 57 14 2440 32 23 2517 66 24 2570 75 11 2700 58 1 2782 24 22 2841 66 0 3222 13 12 3240 51 26 3379 70 23 3385 32 19
141 31 3e-06 79 96 7 201 69 21 515 72 2 528 8 29 707 74 28 719 96 22 892 76 14 902 13 10 1047 66 2 1053 33 19 1058 56 14 1177 50 6 1220 6 2 1282 96 13 1375 63 12 1471 21 18 1845 100 6 1868 79 3 2100 80 6 2104 32 7 2166 17 17 2261 0 4 2265 19 30 2337 41 23 2434 4 30 2533 13 28 2659 22 29 2692 98 14 3207 15 23 3231 42 13 3297 92 30
142 31 3e-06 255 95 28 663 47 2 797 3 26 825 96 6 848 25 6 1106 98 24 1218 23 29 1279 95 30 1408 93 0 1419 100 1 1441 91 8 1458 70 25 1648 12 14 1838 54 14 1928 6 4 1988 44 0 2192 96 15 2307 37 8 2339 30 11 2340 100 31 2405 11 12 2440 21 18 2470 97 1 2485 58 7 2522 96 19 2906 2 24 2936 74 21 2972 41 26 3097 8 6 3180 1 26 3388 9 30
143 31 3e-06 161 46 30 185 67 14 193 42 26 444 46 7 459 44 14 517 78 14 589 12 18 625 19 5 819 20 31 972 24 14 1217 4 6 1441 49 11 1460 82 7 1496 51 5 1875 78 29 1995 30 1 2007 23 0 2036 31 9 2078 10 20 2233 36 21 2380 20 23 2383 94 19 2474 8 29 2575 83 12 2637 83 13 2676 53 22 2692 65 25 2780 91 2 3316 23 0 3390 75 14 3400 79 14
144 31 3e-06 304 88 6 352 15 30 443 80 30 618 61 20 849 96 5 1063 72 23 1128 33 5 1162 51 10 1325 69 20 1593 47 8 1603 36 1 2012 76 7 2028 54 29 2028 66 15 2028 85 27 2044 95 27 2122 21 0 2332 79 29 2343 44 28 2438 34 0 2490 76 26 2557 99 10 2602 4 16 2689 74 24 2785 54 2 2836 44 10 2873 42 12 2874 40 10 3007 8 18 3136 61 1 3367 99 4
145 31 3e-06 235 87 16 442 8 29 459 27 22 509 62 25 525 12 31 554 55 17 578 59 10 663 94 24 664 42 5 688 89 22 939 56 30 1032 56 16 1226 56 11 1319 94 30 1464 95 7 1489 90 15 1509 100 17 1644 20 18 1821 95 5 1838 15 30 1896 1 13 2133 84 6 2512 26 12 2578 46 5 2746 68 16 2896 72 20 2973 47 24 3183 23 3 3183 26 30 3324 87 18 3342 87 19
146 31 3e-06 95 17 15 195 43 13 469 10 15 583 5 30 615 28 22 727 16 8 862 35 8 1133 84 8 1178 92 0 1226 69 30 1253 37 15 1397 19 31 1548 32 20 1588 12 30 1825 44 16 1851 85 1 1976 65 15 2139 35 6 2277 97 27 2307 1 26 2386 27 8 2438 59 3 2452 30 9 2728 74 8 2754 11 4 2824 10 6 2862 92 24 3050 25 30 3089 94 8 3163 44 7 3322 67 16
147 31 3e-06 92 38 29 118 74 19 160 64 7 195 4 12 357 37 26 389 34 12 587 74 6 598 18 27 685 36 2 779 62 26 937 12 26 962 35 1 1007 54 10 1028 15 5 1076 48 14 1369 21 30 1370 9 12 1852 89 5 1860 19 14 1933 86 4 2079 43 21 2249 4 10 2291 80 18 2385 57 2 2435 29 7 2591 79 18 2607 17 13 2816 88 27 3045 86 6 3111 60 0 3168 73 0
148 31 3e-06 161 79 24 436 69 9 590 11 5 609 0 7 632 90 16 650 47 21 656 64 7 739 3 6 907 34 2 1106 90 28 1350 0 3 1458 2 4 1543 91 6 1584 13 15 1902 58 30 1921 9 26 1956 49 0 2087 65 18 2173 51 24 2404 98 24 2580 82 3 2636 60 14 2835 81 7 2921 56 29 2944 56 23 3043 42 2 3080 61 10 3103 46 4 3183 68 20 3223 84 28 3379 84 3
149 31 3e-06 190 22 19 225 40 20 273 25 30 322 67 22 446 16 15 466 38 4 830 46 16 979 88 30 1138 7 28 1167 69 6 1218 29 29 1311 78 10 1325 30 18 1363 21 10 1366 22 30 1454 30 1 1831 80 18 1929 30 8 2090 34 19 2100 46 16 2160 70 17 2206 76 2 2315 67 29 2399 11 11 2450 62 3 2491 92 19 2592 3 0 2767 11 12 2971 13 31 3091 2 8 3152 31 21
150 31 3e-06 86 16 4 138 85 5 167 31 0 173 18 12 214 14 7 257 6 9 367 17 22 379 97 0 643 16 16 697 86 18 942 83 11 996 5 10 1174 69 31 1282 4 20 1282 46 7 1422 12 0 1583 79 9 1919 45 19 1994 26 5 2097 60 31 2192 6 27 2364 47 7 2410 87 7 2486 99 15 2489 47 25 2595 86 17 2666 75 15 3271 24 24 3279 30 14 3325 70 30 3346 81 30
151 31 3e-06 183 61 25 197 78 22 327 83 27 486 57 6 543 81 24 585 72 11 860 27 26 897 22 25 1007 100 24 1027 73 4 1084 84 30 1420 19 6 1436 22 11 1443 74 25 1528 59 14 1541 82 17 1543 35 29 1612 78 19 2067 14 29 2098 83 27 2191 28 20 2215 4 1 2218 74 22 2240 74 17 2375 99 5 2410 46 27 2549 25 26 2694 12 23 2866 18 26 2968 28 6 3195 77 3
152 31 3e-06 193 96 27 228 25 23 240 43 10 537 2 9 559 20 15 703 89 23 781 55 16 833 9 15 837 7 15 953 83 27 1153 0 27 1364 71 25 1536 67 14 1557 71 2 1566 42 2 1608 65 4 2023 54 12 2028 2 14 2033 37 29 2049 91 17 2059 2 6 2365 96 16 2608 59 1 2613 55 22 2676 15 17 2697 37 3 2862 67 7 2879 67 18 3047 63 11 3070 44 11 3397 43 0
153 31 3e-06 150 36 31 182 63 17 232 85 26 250 65 31 459 72 8 535 28 24 1020 97 17 1187 11 5 1249 23 14 1360 90 26 1411 65 7 1480 41 22 1501 50 16 1551 66 12 1823 79 4 1850 68 17 1877 76 31 1972 41 1 2031 32 26 2075 68 6 2167 13 26 2520 63 7 2537 68 4 2679 99 5 2738 94 5 2757 29 28 2877 20 6 3022 47 0 3048 32 25 3110 65 28 3187 27 24
154 31 3e-06 281 85 15 305 34 1 433 27 27 493 17 26 572 4 23 846 11 16 1247 62 20 1332 68 19 1362 76 23 1371 82 13 1403 60 12 1413 50 29 1624 35 2 1908 77 6 1912 12 17 2028 23 17 2118 93 29 2209 77 6 2231 3 31 2319 92 2 2415 64 19 2524 50 10 2591 63 21 2659 8 12 2719 40 31 2753 90 6 2824 14 7 2946 33 0 3032 72 31 3111 43 11 3190 84 13
155 31 3e-06 321 62 20 443 90 15 449 35 19 452 39 11 483 32 5 570 17 1 654 46 7 691 7 7 787 25 13 857 69 9 893 6 20 897 86 16 1130 1 2 1201 59 20 1418 87 17 1435 14 11 1464 33 0 1594 69 7 2122 39 1 2246 18 9 2424 82 1 2448 9 9 2461 80 23 2495 2 2 2511 11 26 2728 57 17 2739 67 17 2826 48 7 2837 94 1 3128 39 29 3224 82 12
156 31 3e-06 81 37 7 106 89 3 143 51 4 337 97 21 402 41 15 452 47 9 502 69 3 529 92 19 786 47 2 937 4 0 1077 46 17 1310 35 31 1376 41 30 1472 20 18 1477 23 0 1492 4 9 2131 60 30 2264 40 30 2347 50 13 2376 45 30 2384 23 12 2551 5 3 2710 18 25 2814 49 10 2863 30 20 2879 88 15 2880 11 29 2924 5 13 3052 69 2 3152 60 27 3316 34 29
157 31 3e-06 144 94 0 186 30 19 397 70 14 453 54 29 538 37 13 611 57 1 674 11 11 878 62 19 1233 45 31 1240 30 2 1436 83 31 1449 37 29 1917 56 29 2257 8 31 2318 70 4 2415 74 23 2460 13 8 2476 33 0 2584 27 9 2586 51 10 2831 52 24 2835 39 0 2997 87 2 3034 20 23 3042 54 28 3084 17 27 3116 47 28 3140 27 19 3153 63 31 3165 94 24 3351 92 26
158 31 3e-06 105 38 17 144 82 4 150 61 0 492 1 12 563 44 28 629 9 16 703 71 28 882 96 4 901 4 17 1150 13 20 1184 40 10 1245 21 1 1447 42 11 1535 84 3 1555 76 11 1594 93 7 2036 92 0 2097 63 14 2164 72 7 2175 72 31 2199 76 31 2273 74 27 2345 27 6 2721 2 27 2916 82 19 2968 44 22 3020 42 9 3200 22 12 3240 1 19 3332 48 9 3403 91 6
159 31 3e-06 75 58 4 363 42 18 542 100 22 575 84 4 615 34 16 653 62 27 713 19 8 716 73 26 720 11 17 836 71 3 901 41 13 1331 82 24 1453 73 4 1510 8 20 1823 62 18 2275 90 21 2345 46 10 2368 49 19 2395 68 12 2401 37 9 2406 46 5 2699 26 13 2817 78 13 2828 49 11 2940 94 15 2984 60 3 3018 34 24 3030 10 22 3126 28 29 3345 77 5 3360 98 18
160 31 3e-06 73 82 19 180 9 10 240 38 8 274 98 29 352 98 0 455 47 17 508 54 9 531 31 29 623 43 31 700 5 4 822 60 4 855 25 28 859 69 25 923 42 11 999 42 9 1130 41 17 1292 13 25 1388 92 20 2030 22 19 2097 73 19 2207 0 30 2244 71 17 2404 17 10 2617 33 18 2623 4 7 2907 20 8 2935 80 18 3008 30 27 3177 86 6 3344 79 7 3370 41 3
161 31 3e-06 129 66 12 234 11 31 256 83 5 379 46 5 380 31 13 458 26 3 694 52 13 862 0 29 970 98 25 1028 61 0 1029 99 25 1168 99 25 1520 78 26 1896 86 2 1915 32 2 1992 89 26 2140 95 2 2263 24 9 2326 88 17 2382 55 8 2563 33 12 2646 94 1 2729 31 8 2744 53 3 2802 83 0 2814 88 15 2825 22 17 3188 49 13 3362 66 10 3379 21 21 3381 82 28
162 31 3e-06 124 75 30 212 66 2 221 50 13 322 67 1 412 86 7 525 16 5 580 85 11 690 40 5 889 41 29 898 19 6 1036 71 24 1105 22 6 1121 75 24 1134 16 26 1220 76 20 1366 36 31 1404 94 11 1419 91 17 1593 83 31 1946 35 19 2012 96 1 2489 1 23 2533 85 4 2668 91 31 2698 65 23 2768 42 6 2917 19 24 3066 33 31 3177 69 26 3199 65 0 3323 12 15
163 31 3e-06 146 56 15 301 31 22 475 82 22 596 81 28 646 86 31 751 77 14 786 98 16 792 43 16 949 2 1 1061 65 30 1130 52 21 1159 99 1 1194 31 13 1235 14 17 1351 98 29 1413 6 26 1472 32 26 1482 3 22 1644 48 0 1835 71 12 1876 58 17 1942 41 20 2031 40 31 2455 69 8 2732 91 26 2764 46 0 2893 94 2 3089 3 28 3176 9 4 3339 85 7 3386 64 2
164 31 3e-06 76 57 17 129 40 18 159 77 16 174 90 18 297 72 9 378 77 3 424 44 13 457 97 18 472 38 18 603 16 10 647 75 4 797 67 14 829 26 29 911 16 6 941 28 6 1017 91 31 1160 99 23 1200 42 19 1657 27 20 1969 91 16 2006 19 1 2050 74 5 2180 48 4 2483 69 9 2586 74 30 2694 5 19 2707 77 16 2995 81 28 3013 21 15 3297 12 11 3302 83 1
165 31 3e-06 108 58 25 146 74 20 549 78 13 769 48 11 1146 73 10 1162 31 25 1169 26 3 1512 1 5 1530 91 30 1849 55 31 1923 94 30 1935 26 5 1965 87 24 1980 34 8 2007 36 3 2116 32 7 2116 99 25 2302 86 12 2310 92 4 2515 2 6 2522 18 28 2527 30 14 2669 3 5 2683 35 11 2769 10 30 2883 49 28 3031 69 19 3065 37 2 3162 23 12 3252 87 23 3351 40 9
166 31 3e-06 243 10 18 311 93 11 624 30 25 738 94 13 805 77 17 823 91 2 888 65 22 1006 87 27 1082 78 27 1110 69 5 1211 12 30 1312 19 20 1332 26 3 1384 86 12 1396 11 28 1474 90 29 1533 71 20 1572 27 31 2052 15 0 2066 76 9 2119 21 26 2195 45 13 2329 91 30 2387 94 25 2562 7 16 2564 69 2 2746 62 15 2843 80 29 2998 19 17 3237 59 26 3386 25 26
167 31 3e-06 152 100 7 302 77 31 369 30 30 378 58 3 399 69 19 427 80 31 428 94 4 727 89 16 770 81 27 802 4 8 807 7 28 892 67 4 1064 32 3 1126 60 1 1166 3 0 1384 78 24 1517 8 11 1982 79 18 2023 94 23 2180 39 30 2192 72 21 2459 21 10 2492 36 22 2729 1 19 2760 73 16 2809 77 31 2832 70 14 3116 44 7 3173 45 17 3363 0 29 3407 62 22
168 31 3e-06 150 86 16 168 34 1 175 31 1 347 99 11 734 90 11 878 21 26 908 3 12 1101 66 30 1322 70 1 1413 18 13 1471 37 3 1656 50 3 1998 72 11 2055 33 15 2060 45 6 2319 90 4 2332 78 10 2342 5 13 2343 80 21 2353 0 14 2463 35 26 2469 42 29 2514 23 17 2526 16 17 2624 47 17 2914 42 13 2921 3 0 3059 67 1 3091 73 4 3115 72 24 3302 22 6
169 31 3e-06 207 79 24 249 4 22 306 39 1 875 39 6 1140 100 7 1163 45 27 1214 30 5 1292 77 20 1323 51 24 1422 66 26 1489 33 24 1657 69 10 1862 23 6 1977 59 11 2077 24 9 2160 62 24 2163 40 14 2242 6 22 2344 54 25 2384 30 30 2425 90 1 2627 21 1 2663 35 0 2711 92 23 2773 98 11 2844 24 0 2908 55 13 2942 82 12 3186 24 22 3270 41 25 3280 26 31
170 31 3e-06 72 97 2 91 34 22 131 88 25 149 80 24 203 87 23 488 67 11 521 87 4 553 41 18 672 3 21 684 67 29 921 11 8 970 84 0 1173 98 21 1236 9 5 1254 20 19 1372 44 1 1838 68 22 1952 42 0 2258 98 7 2332 41 25 2436 95 6 2452 31 4 2519 30 15 2595 50 26 2730 86 25 2767 60 10 2912 66 25 2988 44 18 3032 100 8 3130 88 18 3248 68 13
171 31 3e-06 105 47 17 182 90 6 194 24 19 205 80 3 227 8 30 350 7 23 596 36 24 612 73 1 749 43 15 755 23 20 809 88 14 1211 0 24 1393 2 5 1434 93 23 1436 53 25 1470 33 19 1875 63 19 1959 41 29 1968 43 11 2113 75 31 2235 94 23 2326 31 21 2372 53 31 2512 79 25 2643 89 15 2685 25 21 2914 52 10 3062 49 23 3283 80 19 3303 10 3 3383 99 2
172 31 3e-06 100 68 23 314 91 27 434 75 26 463 28 22 513 48 20 595 86 12 666 78 14 679 79 24 783 31 2 858 77 12 914 26 31 914 29 24 966 66 2 1090 36 2 1281 25 10 1323 12 18 1420 17 2 1531 5 23 1561 21 10 1632 60 1 2113 17 7 2120 48 26 2261 100 5 2499 90 18 2680 37 5 2960 97 12 3000 38 12 3003 74 1 3078 57 30 3086 24 7 3229 79 22
173 31 3e-06 117 49 27 309 50 30 362 12 21 471 82 24 571 94 25 573 35 10 639 54 23 658 0 24 749 100 5 865 11 30 992 20 7 1030 16 1 1166 89 5 1287 46 10 1290 31 24 1300 28 12 1327 5 7 1442 61 7 1469 90 2 1874 41 11 2146 59 11 2468 3 18 2803 50 26 2823 25 4 2908 79 25 2930 18 22 2942 95 10 3003 55 2 3152 59 20 3278 90 20 3345 89 16
174 31 3e-06 219 92 18 241 96 28 267 71 0 344 42 16 547 48 3 547 56 21 592 11 8 726 92 9 1077 81 17 1122 5 0 1131 8 4 1156 88 21 1269 3 6 1440 48 15 1578 36 15 1829 45 25 1981 62 1 2002 95 10 2014 15 15 2337 58 14 2427 83 2 2463 1 5 2551 94 9 2739 0 31 2934 76 12 2935 69 18 2966 51 20 3001 100 11 3058 66 9 3221 23 20 3384 22 29
175 31 3e-06 118 49 31 217 36 31 489 63 26 540 64 2 616 54 15 637 53 10 981 30 10 994 69 2 1170 100 9 1175 36 11 1237 23 2 1369 87 11 1489 39 30 1534 17 4 1576 35 26 2068 56 7 2175 90 15 2190 91 20 2238 21 17 2257 80 4 2403 3 23 2415 53 20 2721 39 28 2899 93 6 2982 67 31 3048 39 1 3074 31 18 3098 46 14 3153 53 24 3220 26 14 3318 67 31
176 31 3e-06 87 65 14 104 14 14 136 34 19 263 22 30 431 28 16 436 16 31 505 97 16 640 40 25 760 49 25 908 11 22 931 52 31 980 63 6 1137 50 12 1229 39 12 1284 81 20 1325 54 4 1423 37 11 1487 47 9 1668 41 23 1935 28 26 2078 39 18 2281 27 31 2816 20 17 2841 4 5 2860 96 31 2923 67 3 2933 33 17 3002 6 4 3023 72 27 3060 25 9 3261 28 3
177 31 3e-06 90 54 0 199 40 13 238 22 10 348 61 24 458 3 21 505 66 22 544 82 5 622 48 25 669 61 4 710 23 16 1082 87 31 1158 18 6 1254 93 24 1344 92 8 1398 37 23 1426 98 13 1463 0 4 1537 42 22 1566 3 7 1642 44 8 1870 75 30 2189 32 9 2198 95 26 2298 41 14 2408 14 14 2597 50 10 2647 72 5 2945 34 17 3169 66 10 3232 61 1 3387 20 31
178 31 3e-06 166 68 1 324 66 4 500 20 4 521 15 19 567 10 5 1063 5 0 1112 56 29 1233 65 12 1270 63 14 1293 43 8 1431 51 4 1433 67 0 1517 40 30 1531 71 9 1582 14 15 1613 45 10 1666 79 9 1873 43 31 1896 96 27 1937 42 4 2062 9 6 2137 29 3 2185 77 9 2230 79 25 2259 18 18 2385 46 4 2450 54 5 2689 84 28 2933 12 5 3024 70 5 3209 67 17
179 31 3e-06 176 40 20 244 37 14 275 74 18 456 44 5 462 51 7 541 1 31 551 43 30 641 43 5 963 60 19 1050 74 22 1126 89 10 1148 78 7 1155 51 31 1187 81 22 1218 33 12 1252 92 30 1290 47 26 1416 31 14 1876 25 0 2071 74 4 2076 50 1 2254 18 13 2353 81 7 2709 12 11 2826 63 6 2912 18 14 2943 89 6 3096 47 4 3186 70 22 3188 99 7 3236 94 15
180 31 3e-06 134 73 8 274 49 17 291 4 21 293 23 11 358 46 31 422 10 26 450 32 4 490 95 15 550 21 19 619 85 10 665 37 28 678 42 15 825 54 8 834 17 16 896 18 21 964 28 13 1002 14 20 1137 21 23 1303 92 20 1517 30 12 1573 26 7 1583 62 28 1823 33 3 2333 17 10 2690 31 7 2697 77 14 2878 41 1 2886 69 9 2902 57 11 3367 78 10 3376 87 18
181 31 3e-06 303 86 0 368 81 24 399 29 31 430 14 26 573 22 12 616 73 8 631 9 29 707 73 7 858 51 23 891 50 10 931 72 29 983 28 5 1157 40 25 1198 88 6 1323 54 20 1442 25 17 1460 68 0 1905 54 20 1983 0 11 2082 10 1 2082 46 14 2092 11 8 2234 70 14 2449 60 18 2647 27 21 2699 84 10 2836 47 30 3039 63 9 3115 67 2 3193 9 16 3239 48 6
182 31 3e-06 77 41 0 148 86 2 340 66 11 542 36 11 731 20 25 794 88 4 846 82 10 1141 90 6 1205 56 28 1283 93 18 1528 89 23 1660 60 1 1661 77 7 1811 40 8 1952 3 19 1982 10 23 2027 29 5 2160 75 29 2163 28 3 2229 53 29 2327 52 15 2388 85 28 2462 1 13 2486 44 12 2614 67 15 2753 8 10 2772 76 23 2978 68 20 3017 42 8 3076 74 4 3186 57 16
183 31 3e-06 299 92 7 475 78 2 492 1 1 592 10 24 605 53 30 705 100 23 716 79 5 753 4 18 877 98 13 879 100 27 953 43 13 1290 43 5 1331 11 28 1506 27 16 1544 56 15 1593 29 22 1640 51 17 1907 8 18 2219 81 9 2343 6 2 2571 65 9 2631 64 10 2856 39 27 2925 59 23 2985 25 8 3064 42 9 3176 51 14 3185 91 8 3307 24 31 3375 66 12 3404 15 22
184 31 3e-06 140 75 19 252 3 26 425 51 25 593 90 0 620 43 20 678 96 23 911 72 11 1204 90 4 1275 38 16 1341 67 30 1363 66 1 1547 32 20 1825 73 3 1840 37 28 1937 67 10 1976 97 29 2064 16 31 2341 54 26 2472 8 25 2595 61 30 2740 4 29 2750 24 10 2829 28 29 2872 78 3 2905 30 1 2941 74 31 3021 22 6 3100 71 20 3117 70 27 3174 54 23 3200 15 6
185 31 3e-06 79 29 10 106 5 13 139 8 12 304 15 27 508 61 25 611 52 13 806 18 6 939 58 9 1257 31 20 1312 18 27 1361 44 14 1371 43 17 1391 78 16 1480 50 12 1524 91 4 1630 81 18 1941 100 31 2011 84 6 2101 89 14 2174 100 10 2177 62 28 2270 18 1 2293 59 31 2471 12 17 2494 89 3 3001 96 2 3012 97 6 3057 49 0 3083 87 23 3084 20 25 3189 82 26
186 31 3e-06 319 79 13 372 18 3 600 25 29 615 91 23 699 59 5 900 2 21 909 12 23 989 16 11 1036 88 5 1226 83 28 1272 64 20 1362 94 3 1381 58 14 1421 88 15 1518 54 17 1523 42 3 1948 54 27 1985 93 25 2224 65 31 2253 100 28 2279 96 19 2298 65 21 2428 55 21 2580 8 24 2836 65 0 2912 98 13 2978 58 14 3094 15 0 3115 90 16 3232 49 19 3331 99 18
187 31 3e-06 190 81 10 234 97 24 248 91 4 356 18 27 372 12 25 541 92 13 693 28 0 769 29 16 810 11 29 906 57 15 995 1 5 1090 12 1 1279 97 26 1306 48 20 1349 68 24 1364 19 19 1609 96 2 1900 8 23 1902 40 4 1912 87 5 2097 75 20 2182 55 4 2448 67 13 2497 77 26 2517 0 1 2694 5 2 2762 8 2 2909 50 3 3197 44 5 3285 39 4 3328 53 8
188 31 3e-06 167 24 28 186 41 26 212 86 27 374 28 22 473 63 9 537 33 17 644 53 21 823 50 19 852 31 6 872 43 5 906 39 22 951 69 21 1034 10 20 1404 68 16 1439 96 14 1529 92 9 1569 51 16 1816 65 4 1959 8 3 2112 24 6 2280 31 13 2359 85 16 2386 97 5 2432 14 17 2519 58 9 2584 12 31 2679 56 16 2810 78 8 2870 92 25 2993 77 31 3023 57 17
189 31 3e-06 113 13 0 226 63 24 260 27 3 311 81 4 366 13 27 487 38 0 617 34 5 760 91 21 863 25 24 920 52 16 999 91 23 1126 9 27 1319 92 20 1433 67 19 1501 75 8 1531 52 29 1574 13 4 1667 49 15 1670 29 22 2145 10 8 2372 23 2 2412 18 11 2447 93 31 2733 9 25 2780 98 7 2932 93 7 2975 26 23 2979 82 17 3038 12 0 3330 23 30 3335 37 6
190 31 3e-06 157 62 22 261 79 3 270 79 25 320 81 13 584 50 11 609 30 12 716 48 20 1007 30 0 1031 36 28 1266 19 30 1589 60 12 1606 41 0 1631 57 30 2086 6 19 2211 1 10 2214 56 20 2328 41 25 2331 17 30 2555 37 16 2589 44 5 2665 19 30 2759 64 13 2813 74 31 2876 17 11 2898 60 31 2974 37 18 2983 62 9 3027 48 29 3034 99 29 3139 59 8 3215 96 19
191 31 3e-06 487 14 15 529 75 10 574 0 25 626 54 25 727 19 21 742 17 4 777 30 9 825 3 24 835 67 4 855 17 17 968 94 9 983 65 23 1004 25 23 1101 90 8 1107 82 25 1109 37 7 1146 89 20 1472 22 3 1488 70 14 1607 5 3 2113 26 20 2260 45 28 2308 21 8 2390 40 24 2420 4 30 2450 81 26 2744 85 12 2779 35 29 2788 27 13 3176 53 0 3356 91 22
192 31 3e-06 129 52 19 430 14 1 468 8 12 584 10 13 594 98 10 672 26 18 734 8 26 806 7 10 905 69 22 940 74 19 1090 55 12 1197 23 13 1286 23 24 1330 75 12 1389 83 31 1444 70 14 1499 11 6 1916 28 18 2113 88 2 2144 9 12 2169 69 21 2290 50 6 2509 83 18 2791 35 5 2889 96 22 2977 37 27 3022 43 7 3056 85 17 3151 19 8 3165 91 24 3200 93 31
193 31 3e-06 189 74 3 359 80 19 412 48 19 496 75 10 593 30 18 632 9 27 711 20 31 775 97 16 890 78 30 1000 89 14 1022 96 9 1057 49 11 1209 40 10 1360 26 27 1832 44 29 1909 85 16 1925 68 24 2028 98 27 2126 29 13 2343 26 7 2456 13 6 2592 47 11 2695 22 26 2701 98 4 2732 55 22 2764 96 21 3149 28 27 3230 20 0 3287 52 24 3344 1 12 3359 60 12
194 31 3e-06 209 27 6 215 93 8 274 42 28 296 54 24 481 72 16 577 89 0 789 28 24 807 81 18 894 47 17 1090 78 4 1218 31 5 1399 60 0 1443 13 15 1454 42 26 1575 76 21 1616 30 20 1944 64 9 1975 70 1 2037 26 24 2069 5 14 2204 60 26 2245 58 9 2319 55 3 2437 86 0 2692 36 6 2797 45 30 3119 11 30 3179 11 10 3197 6 27 3234 97 14 3236 95 13
195 31 3e-06 100 62 2 103 21 24 317 62 9 467 19 22 483 94 27 712 46 8 961 7 18 1028 26 9 1079 6 13 1277 26 24 1302 12 20 1564 80 28 1572 64 13 1579 19 25 1636 4 14 1671 11 1 2055 82 3 2117 80 24 2137 79 31 2169 32 0 2328 70 0 2348 43 18 2528 1 7 2577 100 23 2594 25 24 2725 99 21 2954 59 9 3062 11 23 3078 27 31 3103 17 22 3252 56 16
196 31 3e-06 110 86 23 132 43 6 158 79 23 666 74 2 796 63 1 805 45 25 890 11 6 1332 27 30 1355 23 11 1654 28 1 1916 53 0 1982 69 21 1997 67 1 2180 49 10 2213 100 1 2277 38 14 2628 48 8 2841 30 14 2899 62 4 2920 76 1 2993 82 28 3019 94 20 3042 5 8 3075 79 7 3142 98 13 3160 21 4 3199 75 7 3223 30 11 3274 12 13 3354 100 16 3382 63 24
197 31 3e-06 176 97 1 348 57 4 446 37 0 564 1 7 841 21 1 887 24 26 1142 39 10 1148 67 13 1552 27 16 1563 93 23 1579 60 6 1586 68 18 1820 82 1 1861 86 18 1893 29 2 1910 25 2 2043 60 9 2136 13 24 2189 28 20 2191 97 19 2296 2 3 2537 3 12 2601 29 26 2626 54 25 2760 72 13 2903 36 25 2930 43 7 2933 34 31 2967 82 2 3266 100 12 3304 13 3
198 31 3e-06 79 43 12 263 54 1 267 83 24 294 27 12 472 40 26 503 67 30 515 30 15 587 38 13 614 17 14 857 83 0 886 41 3 925 83 15 1005 97 20 1128 92 28 1232 92 11 1249 39 13 1284 94 19 1380 61 1 1515 14 24 1840 52 26 1999 7 18 2362 15 20 2696 33 28 2959 54 2 3049 16 21 3055 36 7 3121 82 0 3164 49 5 3277 8 28 3290 74 1 3315 29 4
199 31 3e-06 156 99 17 371 74 11 375 57 20 486 87 22 564 88 3 662 87 17 788 94 8 919 55 18 943 85 13 1094 42 1 1368 67 26 1421 27 20 1551 83 17 1842 85 2 1864 42 9 1945 47 31 2262 65 8 2744 47 21 2761 83 3 2817 32 19 2909 79 7 3016 6 25 3017 43 22 3031 10 22 3147 96 5 3159 76 13 3235 7 9 3253 15 1 3318 6 24 3332 84 1 3370 10 15
200 103 1e-05 195 19 21 227 73 10 244 91 29 258 70 6 274 82 13 283 39 15 303 76 24 304 4 4 329 89 28 330 82 8 343 65 5 363 10 26 383 42 3 435 71 17 477 50 23 494 25 29 604 91 29 643 60 18 818 82 22 823 59 25 829 48 10 832 14 20 833 75 25 859 31 20 861 15 15 880 34 8 972 4 18 991 88 8 1001 51 16 1052 55 29 1136 77 1 1157 56 16 1164 93 31 1166 88 15 1200 33 20 1201 65 11 1320 59 9 1357 18 23 1406 15 12 1449 52 27 1508 87 10 1539 3 15 1541 69 5 1553 98 29 1570 94 12 1602 5 11 1615 0 18 1635 5 20 1841 14 25 1941 34 28 1983 55 17 1993 20 5 2063 39 25 2076 87 16 2092 69 30 2097 57 14 2114 62 15 2132 46 6 2152 83 12 2180 82 11 2195 64 3 2218 96 5 2266 65 15 2298 16 19 2299 95 13 2364 46 20 2369 24 26 2388 67 16 2430 42 5 2435 27 0 2492 6 13 2504 22 21 2512 98 31 2592 17 12 2614 39 19 2702 93 27 2709 64 1 2736 80 5 2783 96 20 2794 59 2 2809 39 4 2872 96 12 2909 90 25 2934 18 22 2955 55 12 2961 71 1 2996 61 22 3040 86 6 3040 88 15 3068 82 26 3102 39 15 3106 34 13 3114 34 23 3155 73 15 3180 25 10 3219 83 21 3228 43 19 3241 39 31 3286 2 25 3333 26 18 3346 73 19 3366 64 13 3405 77 23
201 103 1e-05 165 3 15 197 40 23 241 9 29 270 89 14 282 16 6 285 40 22 345 14 1 353 41 4 371 20 30 427 20 2 476 29 27 519 42 17 561 17 13 589 63 7 685 42 18 703 58 4 718 68 25 805 78 5 809 71 8 849 15 0 862 44 29 926 98 2 973 86 1 1024 74 4 1025 66 0 1040 3 6 1053 45 27 1070 96 30 1079 88 17 1087 78 1 1108 67 31 1109 80 12 1123 64 25 1179 67 6 1185 28 21 1202 66 31 1224 87 20 1249 89 31 1262 83 0 1268 42 6 1280 95 4 1299 51 21 1307 85 21 1309 66 20 1364 92 8 1446 53 22 1486 3 26 1562 16 29 1617 72 16 1652 73 24 1848 7 2 1851 64 28 1874 42 21 1900 63 23 1933 36 0 1983 49 6 1986 40 23 2009 71 15 2095 2 16 2143 33 14 2176 95 17 2222 70 4 2225 94 31 2247 20 31 2250 2 4 2347 40 26 2395 24 6 2432 73 27 2462 68 15 2542 51 15 2567 23 29 2569 35 24 2579 58 10 2591 11 14 2598 87 13 2633 50 26 2635 89 8 2649 17 14 2674 75 20 2684 64 31 2699 2 2 2719 30 6 2721 37 18 2731 92 5 2757 15 14 2767 83 25 2778 52 21 2801 69 25 2892 27 22 2904 47 3 2905 56 17 2938 92 15 2997 31 5 3045 10 1 3063 59 18 3090 67 29 3101 65 30 3134 55 11 3169 31 21 3270 37 21 3307 43 26 3373 97 24 3403 66 29
202 103 1e-05 78 11 8 99 33 6 216 44 22 290 96 1 310 80 12 324 12 31 342 49 25 366 94 21 382 30 17 390 28 28 401 17 7 432 14 0 463 53 21 481 8 18 530 7 9 589 77 27 637 74 1 662 62 6 702 81 25 706 93 19 723 73 22 732 52 29 825 89 21 837 5 3 858 5 19 867 4 17 917 72 31 925 83 28 928 15 3 998 64 20 1016 38 10 1104 38 22 1135 100 4 1156 63 6 1183 16 7 1189 38 30 1199 45 4 1202 15 2 1309 17 14 1310 3 1 1342 89 10 1347 63 6 1410 17 26 1415 51 6 1427 32 21 1437 82 18 1541 91 13 1552 91 16 1581 37 1 1600 93 14 1824 5 12 1839 41 12 1841 62 15 1884 13 9 1908 48 20 1909 13 2 1945 48 14 1992 73 18 2044 53 10 2067 1 30 2081 72 30 2097 25 17 2156 31 30 2158 21 6 2224 77 19 2227 56 31 2238 99 3 2343 78 15 2368 48 30 2377 89 6 2410 53 13 2414 15 7 2432 17 20 2438 24 28 2472 38 17 2515 99 16 2519 79 29 2564 13 20 2594 94 7 2646 86 22 2658 10 9 2673 97 7 2813 91 25 2851 14 16 2912 100 31 2919 20 1 2923 25 23 2963 35 31 2972 88 28 3010 77 16 3011 97 17 3013 41 20 3031 43 16 3049 83 8 3160 70 31 3193 26 3 3195 57 31 3239 1 16 3250 43 22 3306 4 7 3317 87 27 3374 88 23 3402 38 27
203 103 1e-05 82 67 0 176 5 24 205 58 20 268 52 6 284 18 9 317 60 16 338 55 1 340 33 13 342 30 7 343 45 22 380 80 1 403 68 1 469 41 24 472 89 23 486 25 30 519 96 5 561 89 3 573 12 3 606 96 12 633 24 14 650 35 29 694 4 6 742 19 25 867 23 24 889 88 3 916 53 25 1019 82 9 1087 79 17 1182 54 24 1199 63 25 1202 42 26 1244 36 13 1256 10 18 1278 98 17 1445 71 15 1447 30 26 1459 14 23 1464 63 6 1477 57 1 1500 89 25 1511 14 4 1517 63 17 1552 47 1 1577 12 17 1585 5 11 1625 87 15 1830 26 17 1886 4 23 1911 31 6 1929 49 20 1931 62 23 1935 47 16 1943 63 12 1947 71 8 1949 91 31 1984 35 4 1998 20 29 2002 81 3 2024 30 13 2024 71 26 2058 79 31 2091 84 24 2103 67 15 2139 47 4 2183 42 5 2192 96 3 2273 52 3 2297 78 14 2334 88 13 2396 23 2 2397 16 30 2434 79 21 2485 100 28 2513 22 21 2590 16 30 2594 53 17 2594 85 25 2642 95 14 2705 24 2 2706 35 21 2762 88 28 2813 47 6 2838 17 17 2852 17 20 2903 48 9 2939 89 30 2968 46 9 3048 57 18 3138 28 14 3151 53 14 3156 18 27 3187 28 7 3205 77 8 3212 52 16 3235 19 1 3248 55 28 3268 76 26 3269 40 26 3283 13 3 3295 76 28 3363 62 8 3367 51 8 3369 97 8
204 103 1e-05 115 42 12 170 29 4 176 59 1 205 20 2 221 86 16 252 32 27 278 91 18 293 57 7 320 8 3 364 44 30 379 97 13 394 24 20 414 30 4 414 33 11 483 93 24 485 98 3 488 49 1 514 56 25 585 46 16 588 78 19 613 18 27 620 20 17 661 90 26 665 26 30 732 42 7 753 55 3 778 74 17 793 47 16 827 94 4 836 8 30 903 2 21 918 97 2 964 80 30 1017 19 10 1043 88 1 1073 91 3 1080 48 13 1154 60 22 1233 77 21 1236 39 23 1275 96 27 1388 25 15 1447 84 2 1472 3 10 1488 99 26 1497 71 26 1544 79 9 1602 100 28 1608 84 8 1611 56 9 1818 46 22 1848 75 19 1950 36 21 1956 15 21 1992 59 17 1993 43 18 2014 46 26 2032 0 29 2064 0 26 2082 27 4 2103 21 4 2139 16 10 2150 61 10 2164 0 28 2170 77 27 2173 9 21 2201 4 31 2209 3 7 2238 14 6 2255 64 18 2280 69 22 2299 8 14 2324 43 2 2431 9 25 2460 28 22 2568 54 13 2572 3 24 2612 77 14 2648 0 29 2667 8 14 2778 95 25 2792 24 4 2850 66 6 2879 57 12 2881 61 22 2907 98 17 2924 44 0 2930 97 31 2967 27 30 2979 4 11 3029 58 9 3032 100 14 3057 27 12 3072 61 2 3073 13 2 3168 5 4 3171 48 31 3179 58 27 3196 44 15 3205 79 26 3229 6 25 3280 85 23 3329 0 4
205 103 1e-05 76 16 17 89 22 16 132 48 15 156 74 24 182 73 30 211 41 20 213 60 5 238 84 10 246 44 31 255 57 9 276 15 6 279 33 4 284 79 0 340 70 0 425 10 1 439 16 13 441 16 5 462 67 10 515 23 12 628 50 8 647 92 5 764 78 9 827 21 3 853 89 18 880 8 1 892 9 22 916 95 17 930 96 7 976 9 9 1017 14 26 1032 44 23 1113 76 21 1143 15 27 1151 37 16 1186 36 30 1194 23 3 1196 15 19 1224 93 31 1254 80 3 1261 28 31 1268 63 0 1276 68 23 1310 100 23 1368 65 22 1429 94 9 1453 52 19 1496 5 17 1524 55 27 1535 18 13 1571 42 19 1848 58 13 1864 30 15 1937 6 19 1940 56 0 2004 12 21 2010 12 8 2020 23 13 2031 1 20 2056 82 12 2092 47 31 2136 24 0 2138 52 11 2166 44 26 2201 40 3 2205 13 16 2220 24 23 2224 56 21 2246 13 11 2279 28 14 2386 90 17 2406 53 7 2408 62 14 2445 94 10 2470 18 5 2562 32 21 2597 65 27 2739 17 26 2746 56 25 2786 16 24 2821 33 29 2838 29 8 2840 52 22 2852 62 17 2869 13 23 2875 3 2 2879 27 28 2977 13 11 2999 16 13 3013 68 6 3016 34 14 3022 79 16 3043 16 20 3044 64 23 3064 96 3 3109 49 24 3159 87 11 3176 3 5 3197 93 11 3198 73 1 3203 80 17 3257 55 17 3302 55 19 3372 3 8
206 103 1e-05 104 46 24 125 53 10 143 22 16 149 24 10 149 45 24 190 55 3 191 60 25 220 97 11 245 78 22 273 24 24 299 15 22 431 81 25 461 75 4 485 42 11 488 58 7 514 61 22 514 91 0 516 16 30 568 5 21 579 50 4 587 3 28 612 57 31 673 89 31 692 53 12 702 71 2 734 3 9 752 53 21 845 31 24 893 86 17 910 91 12 954 41 21 1010 10 14 1075 47 21 1089 45 9 1113 58 16 1182 79 14 1192 49 27 1202 75 24 1240 37 18 1298 61 13 1365 32 11 1367 46 8 1371 74 20 1430 65 15 1457 31 0 1472 45 27 1487 68 16 1530 85 1 1641 81 8 1655 19 11 1835 63 24 1852 24 30 1854 38 3 1878 6 30 1882 19 21 1893 33 2 1906 98 28 1913 68 5 1944 90 28 1963 51 17 2002 6 3 2022 73 1 2024 94 18 2083 95 19 2096 47 27 2129 97 11 2187 88 9 2210 37 8 2233 77 11 2247 54 0 2259 11 11 2259 63 0 2272 77 24 2319 97 11 2347 68 29 2446 16 10 2470 38 25 2548 90 19 2577 44 26 2587 12 9 2589 46 18 2608 58 9 2634 33 29 2659 68 29 2668 85 5 2673 83 7 2737 63 18 2826 58 18 2860 76 6 2924 15 19 2996 41 26 3016 14 3 3035 14 17 3081 29 29 3147 42 25 3258 83 25 3269 33 4 3282 17 28 3333 100 26 3357 11 4 3365 15 12 3391 77 14 3394 61 9
207 103 1e-05 80 87 27 84 2 19 114 23 19 120 56 21 194 22 26 220 70 18 280 74 18 358 49 30 372 65 0 379 47 24 385 36 16 444 54 25 527 100 14 579 10 5 585 67 28 588 7 23 697 92 21 739 5 16 743 77 21 746 71 6 771 44 12 833 16 10 852 80 3 856 44 27 877 42 10 894 51 8 901 3 25 961 37 1 990 87 1 1062 30 8 1084 20 21 1103 37 9 1130 85 18 1173 6 30 1264 82 31 1275 16 7 1278 63 29 1287 7 5 1304 21 15 1313 33 20 1322 39 29 1331 72 7 1336 96 2 1451 69 12 1536 99 27 1538 67 23 1540 72 16 1569 59 22 1580 53 27 1583 72 18 1587 45 23 1605 5 28 1873 77 29 1898 86 17 1913 4 28 1939 0 12 1982 35 12 1984 9 23 2113 60 13 2118 96 25 2191 35 8 2212 77 28 2276 77 1 2282 93 21 2329 33 29 2332 68 27 2363 74 5 2364 9 14 2401 23 15 2423 28 4 2485 69 15 2487 32 22 2516 81 8 2521 13 17 2531 49 4 2569 82 13 2585 8 31 2595 78 18 2640 2 27 2656 17 14 2666 30 28 2716 56 19 2720 52 12 2745 6 21 2803 48 8 2859 21 7 2868 62 19 2959 8 28 3014 6 10 3020 62 21 3027 81 7 3037 71 0 3056 25 13 3153 12 19 3188 82 28 3203 12 4 3228 36 11 3250 20 21 3273 56 1 3379 47 28 3390 2 31 3395 64 1 3400 21 21
208 103 1e-05 77 83 28 89 35 13 167 88 10 171 15 23 191 97 5 226 40 2 256 13 10 260 73 27 306 99 13 331 1 2 357 79 20 372 27 21 402 56 21 404 0 29 417 100 13 421 75 23 449 5 19 457 23 27 477 38 13 511 70 6 561 36 29 608 100 30 627 20 31 631 8 31 666 12 28 684 69 3 763 92 8 816 92 22 856 63 13 925 3 15 944 30 22 951 88 2 960 22 17 972 20 9 976 16 7 1056 90 28 1163 56 8 1179 22 6 1184 56 27 1186 7 5 1198 81 10 1198 91 11 1241 57 22 1258 29 9 1314 65 17 1382 3 30 1412 8 26 1480 79 8 1484 12 6 1517 19 19 1568 45 10 1569 20 18 1583 42 11 1631 98 22 1632 0 1 1634 75 13 1645 87 8 1835 24 3 1849 90 28 1866 55 18 1928 80 8 1937 85 29 1951 99 21 1963 20 14 1974 29 16 1976 2 2 2006 70 27 2084 4 3 2107 90 15 2149 10 2 2158 92 28 2178 31 30 2310 4 9 2320 97 28 2324 49 20 2339 14 25 2378 82 1 2426 81 2 2443 39 4 2471 44 24 2669 34 31 2711 6 19 2731 80 8 2770 42 13 2867 86 21 2893 15 2 2897 98 13 2946 69 1 2950 9 17 3064 35 17 3116 54 24 3144 57 6 3144 79 25 3184 22 31 3184 58 7 3219 52 25 3228 23 24 3246 26 19 3296 90 8 3299 16 8 3377 74 15 3395 68 20 3401 11 3
209 103 1e-05 94 100 23 101 36 28 111 35 27 162 7 30 173 69 20 177 4 16 287 72 9 298 45 27 365 82 30 397 49 9 437 31 0 437 74 10 587 43 18 588 16 14 660 61 19 678 52 0 710 3 5 774 31 6 806 34 0 810 33 8 815 26 24 820 27 11 843 84 31 872 99 30 874 98 30 887 14 24 937 57 30 968 75 8 1003 33 31 1074 48 21 1109 14 1 1129 37 20 1155 63 25 1190 47 2 1235 52 29 1259 95 25 1262 28 31 1335 55 16 1348 67 31 1369 26 18 1383 70 0 1442 74 7 1459 10 19 1499 68 7 1503 5 25 1554 64 5 1566 39 25 1597 52 5 1659 47 17 1814 8 12 1867 12 29 1994 57 2 2005 64 11 2032 71 9 2047 36 5 2070 73 0 2074 60 22 2109 26 20 2111 79 29 2165 20 16 2188 76 10 2285 18 16 2323 99 7 2324 68 11 2333 54 17 2362 34 6 2369 41 23 2375 91 12 2412 47 12 2413 81 23 2415 16 30 2433 12 29 2434 84 18 2444 4 0 2468 3 13 2471 19 3 2487 19 20 2551 37 21 2588 75 11 2595 91 7 2684 97 12 2687 53 29 2700 44 28 2717 19 5 2726 36 12 2727 0 24 2740 73 12 2767 0 24 2787 19 24 2832 42 29 2877 71 18 2877 96 15 2948 68 10 2952 23 1 2956 89 0 3016 48 0 3099 97 2 3108 25 31 3120 42 9 3247 1 0 3251 74 8 3381 80 25 3406 54 18
210 103 1e-05 84 82 5 88 2 10 95 97 4 118 75 22 158 17 22 199 10 2 225 18 20 253 11 9 296 29 24 330 52 9 353 19 1 409 32 29 466 20 2 506 60 31 513 30 21 528 57 24 536 23 16 590 50 28 611 17 29 614 7 25 662 67 18 690 65 10 701 30 10 701 85 25 742 25 24 750 7 8 759 42 22 770 42 24 804 86 14 810 50 29 852 20 22 869 1 28 891 20 4 899 36 22 934 0 8 941 20 13 965 45 27 1066 38 27 1072 1 19 1137 99 9 1142 66 26 1144 25 21 1274 80 27 1302 14 5 1341 91 27 1380 45 18 1407 13 16 1473 51 31 1535 35 6 1561 43 20 1596 1 8 1612 41 6 1615 56 16 1630 52 11 1814 12 27 1878 80 12 1908 77 23 1935 94 28 1954 59 5 1983 5 9 1995 42 21 1996 66 31 2022 100 11 2038 82 25 2058 39 2 2196 29 13 2211 77 24 2226 42 5 2231 9 2 2253 15 20 2256 47 20 2265 95 7 2304 53 12 2417 4 20 2448 20 5 2507 61 19 2525 2 2 2536 38 4 2568 90 22 2636 44 12 2659 97 28 2663 41 20 2671 31 21 2779 65 27 2845 82 8 2880 54 7 2883 22 12 2958 50 20 2959 48 31 3008 50 2 3050 76 4 3059 44 9 3084 26 0 3192 41 31 3213 98 11 3225 34 15 3242 90 30 3264 60 21 3276 81 11 3283 60 9 3289 3 30 3316 82 1 3365 56 5
211 103 1e-05 85 87 16 192 30 14 209 94 6 220 24 13 231 10 24 231 29 30 274 24 30 283 54 29 293 96 9 308 10 31 360 60 4 376 47 14 420 14 22 457 49 26 646 75 7 667 93 5 693 12 2 748 62 27 764 5 3 811 5 10 861 21 8 866 52 9 881 28 16 896 17 28 896 63 7 919 72 31 939 68 8 946 88 11 970 80 25 980 13 27 1047 25 8 1092 81 3 1145 39 3 1168 47 1 1312 28 22 1337 7 4 1387 58 4 1389 58 28 1432 35 25 1462 67 2 1517 36 16 1520 34 31 1542 98 22 1563 7 0 1573 6 6 1631 10 1 1637 22 22 1658 83 16 1828 3 2 1901 64 2 1915 19 5 1927 85 9 2000 89 28 2003 54 8 2020 73 12 2057 24 3 2074 87 6 2088 86 10 2133 28 0 2168 28 30 2212 96 31 2230 59 5 2242 53 13 2255 26 28 2292 26 31 2295 12 12 2297 4 3 2352 6 14 2390 82 1 2401 59 8 2421 20 25 2433 38 27 2481 53 0 2563 35 18 2594 92 7 2630 87 3 2648 49 23 2718 63 7 2857 94 13 2883 41 4 2902 47 16 2907 68 24 2956 57 30 2976 41 21 3009 90 12 3017 10 5 3062 23 3 3074 74 25 3100 72 9 3110 21 27 3129 96 30 3136 85 21 3144 29 20 3167 68 8 3172 92 26 3176 52 21 3226 16 21 3229 98 13 3307 51 19 3311 81 6 3332 18 24 3339 76 31 3402 14 11
212 103 1e-05 100 54 15 128 99 23 153 70 22 249 75 16 280 51 3 311 73 24 340 9 27 419 4 15 433 61 9 455 32 4 480 92 22 522 53 20 543 98 1 571 74 17 597 6 15 698 1 27 713 56 8 778 76 29 786 76 8 813 60 0 864 81 17 890 27 5 949 23 17 976 47 19 1061 41 1 1085 8 0 1105 14 21 1139 97 19 1172 38 23 1205 95 2 1236 33 14 1300 97 0 1331 42 6 1359 6 5 1363 67 30 1364 10 28 1386 7 19 1402 67 26 1406 16 17 1435 97 24 1460 31 12 1470 0 11 1499 2 11 1504 63 28 1542 89 22 1564 92 16 1565 57 26 1576 69 21 1603 93 21 1610 26 28 1623 21 17 1813 34 18 1873 52 29 1890 85 3 1896 6 6 1973 74 26 2005 48 29 2030 9 20 2070 65 4 2090 53 7 2149 78 8 2169 39 9 2173 69 7 2178 88 0 2183 23 8 2201 71 7 2205 28 1 2226 5 2 2274 98 29 2291 64 14 2306 21 3 2306 45 4 2308 26 12 2327 87 1 2373 16 9 2462 5 0 2464 65 14 2471 89 17 2479 6 0 2484 84 3 2553 85 29 2578 14 8 2665 36 15 2679 15 14 2701 80 17 2705 43 13 2768 85 1 2808 73 0 2830 57 30 2836 33 15 2884 45 30 2911 99 25 2927 16 6 2971 72 4 3019 22 31 3043 80 10 3100 38 18 3131 85 25 3288 40 6 3326 59 8 3334 44 13 3341 11 1 3351 92 3
213 103 1e-05 122 56 12 127 71 8 140 86 11 147 94 17 157 10 12 232 33 23 288 23 28 289 44 21 332 62 28 383 43 10 385 6 11 440 90 29 505 7 16 541 79 29 562 35 7 580 43 25 637 28 15 641 35 7 675 23 27 684 19 7 687 58 16 702 44 22 715 3 31 750 35 7 789 43 11 820 23 21 858 90 10 864 47 22 890 47 17 896 90 4 912 63 9 917 1 25 939 68 16 981 45 2 1000 21 0 1010 10 5 1029 99 3 1114 88 8 1150 40 13 1174 26 26 1182 81 6 1193 46 14 1339 94 7 1366 58 31 1405 34 7 1418 82 22 1423 96 15 1446 40 5 1473 16 12 1512 11 4 1512 96 13 1548 42 23 1601 4 1 1610 36 22 1647 63 4 1648 97 20 1820 32 13 1833 28 10 1839 95 10 1853 45 5 1900 21 8 1926 75 22 1961 14 5 1986 13 17 2034 14 25 2064 63 14 2096 47 24 2114 86 19 2120 55 19 2155 1 30 2195 15 6 2284 53 21 2305 62 16 2308 49 6 2316 54 18 2353 8 2 2381 27 10 2411 32 19 2431 7 20 2490 62 29 2497 42 16 2504 37 18 2547 73 29 2616 80 12 2630 56 5 2661 50 2 2690 48 29 2694 21 11 2713 52 22 2820 11 22 2871 19 2 2911 23 13 3008 35 5 3033 55 15 3085 27 19 3085 67 26 3125 17 17 3128 68 16 3144 26 17 3224 90 18 3305 68 5 3358 44 21 3391 3 12
214 103 1e-05 86 51 24 113 6 22 229 37 6 258 32 6 291 24 3 295 77 6 324 57 25 365 21 21 396 35 14 404 29 9 437 82 8 447 89 30 478 27 25 560 87 18 570 16 31 614 5 11 682 99 12 690 93 26 716 40 6 763 32 27 819 20 29 846 96 2 867 73 30 887 76 13 912 27 21 923 79 28 1014 99 15 1069 28 8 1133 65 8 1184 49 27 1216 40 9 1323 39 11 1325 34 25 1337 39 16 1358 56 7 1382 53 21 1443 34 10 1468 73 2 1470 0 24 1586 3 14 1648 26 8 1652 88 31 1810 15 7 1813 72 8 1832 4 29 1884 31 28 1922 22 26 1940 35 23 1954 64 5 1973 24 3 2017 59 18 2054 72 30 2060 52 29 2060 100 22 2064 30 8 2096 27 4 2141 0 0 2254 30 17 2285 93 24 2347 59 22 2369 36 12 2371 24 6 2393 97 17 2463 34 22 2470 37 15 2488 59 7 2499 87 9 2561 27 30 2624 32 7 2625 60 22 2693 19 11 2709 61 19 2727 21 10 2734 21 13 2779 72 3 2788 100 21 2799 90 1 2912 23 26 2951 82 0 2967 56 23 2995 97 24 3003 19 5 3007 11 2 3021 69 25 3052 33 21 3064 21 11 3068 97 16 3117 14 6 3121 56 4 3121 66 18 3154 1 28 3158 36 29 3174 11 6 3192 75 19 3212 63 30 3212 74 9 3222 95 12 3227 41 17 3240 87 7 3242 24 31 3257 44 11 3350 90 9 3393 57 15
215 103 1e-05 84 33 7 94 55 25 167 72 22 177 38 30 218 92 22 228 29 0 378 95 7 459 29 24 508 35 5 538 69 7 555 30 10 600 66 3 631 89 2 695 6 10 714 99 31 751 97 22 860 44 14 910 23 20 916 38 29 921 61 1 928 63 15 977 92 6 987 95 27 1030 55 28 1049 28 28 1119 40 25 1128 61 23 1134 47 7 1160 29 22 1171 14 31 1232 9 30 1254 69 10 1362 28 28 1371 74 25 1373 41 25 1376 26 12 1377 48 24 1388 41 12 1520 55 30 1531 86 27 1540 12 15 1558 63 20 1600 43 20 1620 69 18 1622 5 4 1664 59 25 1830 77 10 1873 21 2 1879 77 19 1886 100 27 1952 8 3 1957 71 0 1967 21 17 2015 66 12 2058 100 8 2060 1 3 2061 82 5 2067 46 28 2068 43 11 2101 49 19 2108 32 22 2207 99 2 2266 88 7 2308 58 8 2334 65 26 2336 90 18 2357 23 25 2424 78 5 2426 17 31 2468 73 1 2522 12 24 2560 67 29 2606 82 3 2608 55 20 2666 69 6 2682 88 19 2686 46 26 2697 36 8 2748 40 20 2800 37 15 2807 72 15 2818 39 21 2833 16 17 2855 73 10 2868 82 4 2953 58 11 2958 34 6 2989 61 0 2998 61 6 3031 40 20 3038 40 15 3070 72 14 3073 14 16 3078 28 13 3108 53 11 3124 11 1 3143 16 13 3161 52 4 3174 20 13 3238 77 7 3285 42 6 3366 24 26 3376 78 7
216 103 1e-05 77 63 25 138 46 15 159 54 13 203 93 19 227 7 20 251 86 20 261 82 30 262 43 26 301 99 11 333 21 3 339 44 31 353 75 17 389 98 27 406 36 16 433 82 7 476 21 6 485 70 10 485 77 9 491 43 26 543 61 21 550 97 14 568 6 4 569 62 7 696 12 6 711 24 18 715 30 10 722 86 4 736 70 7 765 53 30 816 27 19 849 98 9 894 89 18 902 22 20 920 63 9 1000 68 23 1029 36 5 1031 49 8 1042 49 20 1063 10 9 1083 32 10 1113 92 3 1135 68 5 1162 18 16 1233 99 18 1241 58 3 1316 57 2 1325 59 14 1343 23 10 1343 24 21 1352 24 25 1357 82 7 1366 84 4 1369 79 4 1377 22 4 1401 18 11 1496 88 23 1574 97 4 1652 32 5 1823 50 8 1846 13 0 1851 37 10 1903 18 6 2004 10 27 2035 45 15 2085 60 24 2182 26 28 2185 71 7 2203 80 19 2248 58 9 2285 53 6 2373 7 26 2510 64 23 2533 51 10 2541 57 9 2617 16 12 2665 34 4 2677 86 11 2754 2 30 2757 81 16 2762 47 24 2786 66 24 2792 2 14 2835 43 1 2878 35 13 2906 73 20 2959 76 21 2968 83 24 3003 67 23 3053 92 7 3059 26 29 3059 52 28 3064 96 16 3088 63 22 3110 54 17 3112 59 7 3152 21 1 3166 62 16 3178 33 25 3192 20 9 3218 46 14 3255 96 5 3315 4 17 3350 97 10
217 103 1e-05 175 82 24 214 49 30 237 83 1 265 85 6 286 58 29 401 7 6 401 52 2 460 99 26 477 68 31 481 87 29 488 9 10 548 5 14 636 86 30 640 21 31 664 29 8 670 5 25 714 83 7 726 67 21 779 22 15 807 97 5 868 15 15 878 61 17 884 85 31 904 54 19 981 66 6 1034 89 20 1064 9 2 1068 47 25 1079 0 4 1080 93 13 1082 98 10 1084 21 19 1105 87 9 1170 19 22 1205 55 13 1237 62 23 1239 42 14 1293 28 20 1343 50 31 1356 60 14 1367 57 16 1384 91 23 1395 81 21 1477 28 0 1514 60 3 1528 8 2 1562 91 5 1644 97 30 1658 47 14 1665 67 19 1815 66 12 1822 88 24 1899 2 27 1904 21 13 1916 8 9 1941 9 11 1959 4 28 1971 68 0 2000 52 7 2004 59 12 2117 64 6 2188 16 28 2243 45 12 2252 25 9 2281 98 11 2300 64 15 2301 36 18 2360 22 2 2441 48 17 2450 77 7 2463 44 2 2619 14 19 2644 69 16 2649 16 25 2670 89 9 2689 34 9 2699 59 4 2711 22 7 2725 92 24 2746 0 27 2779 20 23 2818 20 26 2855 58 10 2890 100 4 2900 38 25 2904 45 27 2925 80 29 2925 82 8 2961 10 8 2963 37 21 2973 61 15 2986 20 10 3048 97 3 3097 23 17 3102 17 0 3155 36 14 3180 62 23 3181 26 29 3226 4 4 3291 48 15 3295 31 31 3326 26 19 3374 84 27
218 103 1e-05 124 46 29 130 82 12 130 92 12 135 95 23 174 86 27 227 77 25 265 79 29 367 75 0 395 90 9 450 6 17 467 17 3 613 62 20 632 28 9 662 62 6 686 55 10 696 16 4 744 12 17 836 39 9 874 57 7 880 87 22 886 15 10 888 62 19 934 35 3 949 56 10 1013 28 13 1014 52 28 1026 29 23 1039 13 0 1051 89 27 1054 70 14 1075 4 2 1139 61 25 1171 3 9 1187 42 6 1215 9 14 1307 79 14 1335 5 18 1397 29 14 1415 56 17 1493 11 9 1498 24 5 1525 55 1 1591 83 25 1610 50 13 1621 63 6 1624 28 3 1625 14 16 1666 67 14 1822 88 17 1827 26 27 1830 73 6 1833 78 29 1837 31 30 1838 54 10 1850 31 18 1854 11 21 1916 75 9 2004 32 5 2046 14 7 2079 45 23 2086 25 6 2086 81 25 2136 64 22 2203 68 9 2284 97 24 2390 99 31 2421 58 10 2425 24 1 2448 63 22 2464 96 5 2499 54 12 2598 2 20 2613 77 21 2697 11 22 2705 98 9 2717 54 27 2739 77 30 2742 88 23 2748 43 21 2784 16 29 2795 69 12 2798 90 16 2801 50 28 2818 87 29 2836 7 1 2849 10 6 2889 50 8 2964 9 10 2981 43 23 2994 59 12 3026 4 26 3067 32 30 3071 65 3 3080 66 19 3097 17 7 3123 98 0 3151 92 31 3155 21 23 3180 17 5 3244 36 12 3246 73 1 3360 84 8 3387 36 6
219 103 1e-05 72 91 3 91 60 28 110 10 31 144 99 15 159 53 2 259 65 11 297 47 16 308 80 18 310 80 6 325 2 12 417 57 19 469 90 16 490 78 0 514 11 18 648 47 12 651 86 12 668 92 28 670 5 26 701 43 0 804 86 11 821 16 14 824 39 22 842 56 2 846 70 28 856 50 11 915 13 30 970 81 31 981 86 2 994 52 23 1146 7 23 1148 54 19 1180 90 20 1231 10 10 1242 27 19 1275 0 22 1275 64 11 1291 87 18 1312 66 22 1321 2 26 1324 37 12 1377 73 3 1426 51 31 1433 10 19 1443 18 14 1451 80 19 1475 62 15 1477 69 14 1481 70 14 1488 90 29 1490 100 21 1602 35 29 1602 68 13 1606 98 8 1622 100 2 1815 20 13 1818 10 15 1870 99 25 1962 43 17 1973 21 22 2088 70 14 2146 1 20 2148 35 5 2175 85 27 2280 3 25 2281 83 22 2284 72 20 2312 19 2 2357 9 8 2373 62 9 2450 26 3 2569 33 14 2585 22 27 2617 32 21 2657 74 0 2679 100 1 2724 43 26 2732 60 25 2735 83 10 2764 78 18 2768 5 11 2800 75 18 2881 0 5 2898 75 12 2937 26 24 3029 37 14 3077 52 9 3079 66 26 3088 30 30 3093 100 12 3107 24 2 3116 83 7 3132 54 1 3173 60 10 3185 6 4 3197 22 6 3226 86 12 3233 51 13 3240 4 19 3278 37 2 3286 53 3 3298 8 18 3335 54 10 3373 85 12
220 103 1e-05 181 2 28 232 16 4 270 43 5 404 71 15 416 45 0 417 96 24 474 80 30 481 11 27 500 21 6 512 8 30 564 66 9 585 26 9 607 84 13 616 8 26 617 1 19 646 2 4 680 43 13 715 20 4 721 71 7 726 90 4 777 83 20 778 31 8 805 98 16 839 3 26 871 39 22 905 45 7 922 24 17 927 38 25 943 60 29 1012 25 10 1028 12 27 1033 41 27 1221 75 21 1246 48 6 1251 80 12 1292 81 28 1313 17 20 1329 21 26 1337 53 0 1347 61 10 1390 88 3 1445 12 7 1457 71 17 1548 79 26 1550 58 20 1571 35 17 1571 73 20 1611 31 7 1620 93 4 1832 72 21 1835 26 7 1844 58 21 1845 4 7 1856 47 1 1881 52 20 1888 31 16 1926 9 21 1934 39 20 1936 88 26 1970 73 2 1985 21 23 1992 9 0 1999 40 28 1999 84 11 2059 13 12 2059 40 14 2062 30 6 2160 85 28 2247 13 4 2249 49 9 2249 89 20 2252 87 18 2256 78 7 2318 88 3 2335 53 12 2432 67 20 2450 56 13 2455 88 27 2515 90 28 2530 20 14 2543 76 6 2547 87 20 2573 47 3 2594 12 24 2602 21 24 2614 95 0 2618 80 2 2656 24 18 2728 36 18 2753 29 14 2757 50 18 2757 78 6 2770 26 0 2828 20 14 2872 94 7 2873 46 16 3054 11 7 3099 37 12 3257 59 3 3262 64 16 3374 8 26 3388 35 28 3405 97 24
221 103 1e-05 102 24 1 122 4 10 122 23 16 132 10 28 175 14 15 202 22 12 218 85 0 223 0 13 262 5 17 295 24 29 306 74 10 320 5 4 374 62 27 460 72 30 483 82 11 522 91 29 530 18 30 558 16 27 587 13 6 600 6 15 608 81 24 663 53 24 695 94 26 729 88 18 745 39 2 761 77 3 799 54 24 814 10 9 846 95 23 988 38 15 992 71 2 1033 83 4 1046 10 16 1065 62 12 1067 7 19 1100 15 12 1106 2 10 1136 60 21 1175 35 11 1281 86 23 1351 83 16 1379 95 18 1395 27 25 1413 67 16 1414 84 26 1455 21 15 1488 63 24 1489 84 26 1635 4 8 1815 87 26 1837 62 30 1842 26 21 1954 99 24 1960 78 2 1989 38 23 2003 43 8 2007 51 6 2026 34 4 2035 88 8 2051 30 3 2086 38 10 2139 16 8 2140 73 4 2225 27 16 2237 76 13 2241 13 18 2248 80 14 2277 62 4 2301 61 3 2310 25 7 2328 73 13 2336 53 14 2381 0 12 2397 70 26 2403 52 28 2419 44 23 2444 10 13 2459 16 12 2479 51 30 2502 51 1 2505 84 10 2563 65 12 2653 88 17 2695 8 16 2696 14 12 2717 53 31 2734 3 7 2759 92 16 2765 53 13 2772 5 6 2784 64 1 2802 63 22 2814 92 1 2848 89 27 2876 60 7 2926 76 17 2951 3 9 3025 37 22 3060 34 11 3061 50 5 3310 25 30 3328 0 16 3407 38 8
222 103 1e-05 84 65 5 100 16 19 118 56 22 165 65 21 170 4 17 188 15 9 227 30 18 290 36 18 328 2 25 341 19 23 341 82 18 362 71 5 378 39 20 434 50 7 473 17 13 503 16 25 546 56 7 559 29 7 577 81 8 595 32 27 607 61 10 689 14 6 716 98 14 820 43 17 938 84 29 944 62 18 965 73 11 967 34 16 991 36 16 1000 71 22 1066 87 6 1083 35 14 1086 32 29 1093 20 4 1203 78 28 1235 5 25 1242 1 25 1329 71 6 1347 36 15 1363 55 17 1438 63 27 1473 55 17 1488 42 28 1566 82 6 1582 36 24 1606 91 23 1618 89 29 1623 60 2 1824 77 20 1838 63 27 1853 52 23 1888 45 13 1926 83 4 1946 38 2 1949 42 13 1957 10 17 1976 35 25 2008 24 20 2079 44 12 2102 11 10 2140 69 24 2142 64 18 2158 70 31 2183 55 1 2185 39 4 2208 95 9 2230 92 28 2246 94 7 2253 69 28 2267 89 8 2420 25 28 2477 8 16 2484 14 16 2502 39 18 2506 26 13 2523 12 11 2593 45 6 2625 19 16 2634 61 31 2708 25 5 2741 49 24 2777 51 15 2822 37 10 2828 91 7 2839 74 5 2849 8 10 2913 54 14 2937 22 28 2950 89 1 2972 18 13 2987 24 8 2990 85 13 3023 75 17 3091 29 28 3105 44 14 3113 82 27 3144 98 29 3171 93 8 3181 36 31 3185 30 15 3243 34 17 3335 24 14 3375 15 21
223 103 1e-05 75 27 21 106 39 16 122 69 3 229 31 4 245 57 28 255 41 3 302 93 4 347 12 3 411 63 0 435 9 3 442 14 11 504 76 14 573 62 9 599 89 14 601 30 1 631 79 12 662 45 30 671 15 18 679 35 24 794 31 26 817 97 19 825 5 10 827 56 2 846 14 10 871 71 7 872 28 26 876 85 24 895 90 15 928 11 26 938 39 1 941 56 23 1006 67 11 1046 35 24 1055 89 23 1091 95 27 1109 23 5 1161 86 10 1238 99 27 1246 33 2 1254 80 18 1293 91 29 1332 52 15 1339 5 18 1489 67 14 1495 48 22 1529 15 25 1578 28 31 1637 70 13 1829 8 8 1857 53 16 1950 3 5 1952 87 1 1957 51 29 1957 92 29 2023 82 15 2027 33 5 2068 77 26 2074 95 18 2076 1 21 2127 99 20 2159 45 4 2161 48 27 2178 69 5 2239 86 29 2264 86 1 2333 89 28 2378 94 27 2396 10 11 2461 64 12 2539 36 12 2563 10 3 2584 51 25 2667 57 6 2671 21 14 2723 67 9 2746 70 5 2770 98 1 2801 51 23 2830 99 1 2853 43 24 2886 70 8 2902 30 5 2925 29 29 2928 45 21 2973 45 24 2985 70 14 3004 27 19 3041 4 24 3054 85 21 3066 24 27 3079 19 21 3084 74 2 3110 98 23 3237 64 18 3293 42 9 3306 7 15 3313 37 12 3336 99 16 3340 7 19 3357 58 25 3370 93 30 3379 1 2 3393 69 26
224 103 1e-05 72 46 20 124 94 22 162 73 8 184 19 2 205 44 2 298 91 10 336 58 10 377 47 22 424 83 15 437 81 6 558 10 7 565 96 2 585 34 22 660 69 6 677 42 20 686 94 4 733 15 27 733 29 21 734 28 23 798 81 8 833 94 16 848 13 10 863 80 19 878 29 13 935 6 14 958 33 11 1089 65 20 1113 93 21 1186 98 23 1198 47 30 1225 58 8 1233 26 15 1234 23 28 1245 16 3 1245 90 2 1278 83 26 1347 11 5 1355 69 9 1394 85 26 1512 78 10 1553 31 30 1666 88 14 1809 21 26 1893 64 11 1955 12 10 1974 71 23 2006 65 27 2013 6 14 2040 14 12 2044 39 24 2087 73 31 2108 53 12 2114 3 28 2138 60 5 2162 43 3 2177 52 28 2205 40 27 2213 98 8 2235 75 16 2248 75 23 2297 9 4 2311 66 18 2320 89 4 2331 94 7 2396 51 29 2415 24 30 2437 71 2 2441 70 13 2462 12 13 2532 4 2 2542 60 24 2598 35 19 2676 75 24 2709 92 23 2713 5 24 2717 70 12 2731 81 16 2745 1 6 2786 22 18 2829 53 11 2837 21 2 2855 10 8 2895 97 26 2902 67 31 2915 31 26 2933 64 1 2980 53 6 3024 3 20 3025 52 4 3049 33 29 3076 37 21 3078 21 9 3116 1 19 3179 67 20 3201 46 12 3255 39 14 3277 94 1 3316 35 5 3323 7 24 3338 98 8 3339 37 22 3345 94 22 3386 30 1
225 103 1e-05 86 72 24 91 31 18 101 3 0 188 46 0 235 63 13 241 28 5 242 68 21 261 79 16 265 6 30 291 97 3 345 92 29 387 94 6 390 31 25 398 59 2 408 34 3 409 14 0 455 30 1 548 14 26 589 45 21 604 75 27 612 100 12 678 10 14 718 10 30 730 32 9 794 74 9 814 93 5 825 86 17 886 4 8 982 5 28 1040 37 26 1043 92 13 1048 32 1 1100 45 27 1119 20 22 1134 68 24 1164 40 29 1191 22 27 1287 18 23 1342 94 19 1353 73 11 1366 9 16 1395 59 20 1414 11 24 1420 43 17 1425 18 2 1471 50 31 1523 23 30 1525 45 0 1579 23 17 1605 48 11 1612 80 20 1663 86 3 1851 56 23 1886 19 21 1893 86 4 1920 11 27 1991 79 16 2014 88 12 2033 30 18 2077 92 16 2122 40 9 2130 16 22 2145 79 9 2269 95 8 2312 70 4 2316 60 14 2395 38 25 2399 34 8 2460 46 3 2485 90 24 2498 22 5 2505 71 28 2556 69 5 2557 50 18 2584 72 27 2607 45 31 2610 40 4 2678 28 22 2698 47 31 2785 10 27 2812 67 15 2833 97 27 2903 47 20 2950 16 27 2951 16 20 2967 18 5 2982 51 19 2999 84 7 3013 32 28 3016 50 4 3053 51 19 3131 3 18 3148 49 1 3161 35 2 3196 5 17 3241 64 18 3243 1 3 3304 23 16 3335 96 10 3358 34 19 3358 50 12 3383 19 18 3400 39 8
226 103 1e-05 82 81 20 83 32 11 92 81 14 104 0 5 107 29 30 269 91 20 304 9 2 334 71 21 347 42 12 389 64 8 428 44 22 446 41 1 519 56 25 736 0 0 862 13 26 886 0 6 893 57 20 894 27 15 903 0 22 1000 1 9 1021 35 25 1037 72 5 1090 60 23 1126 64 26 1129 10 14 1233 41 2 1257 48 3 1262 50 16 1296 47 6 1305 58 5 1307 10 31 1307 66 19 1340 86 19 1366 27 18 1367 63 28 1386 19 29 1452 19 10 1464 52 6 1504 19 31 1523 97 2 1524 26 5 1531 88 28 1601 31 21 1603 70 14 1619 91 28 1620 30 12 1628 24 0 1640 21 13 1653 82 23 1834 46 11 1847 34 23 1964 16 7 2036 81 2 2203 19 1 2229 11 0 2234 78 20 2260 74 25 2271 25 1 2274 85 15 2294 35 15 2318 14 6 2340 1 25 2355 48 27 2363 25 25 2395 50 14 2422 46 5 2467 83 28 2479 59 0 2498 11 4 2515 3 27 2535 76 19 2538 21 3 2555 55 25 2603 40 27 2630 23 13 2650 12 13 2691 75 22 2695 63 28 2710 71 2 2759 71 9 2759 72 9 2764 29 23 2772 55 10 2805 38 26 2868 38 13 2897 69 19 2923 100 30 2969 62 23 2992 22 21 3000 67 31 3018 19 0 3054 16 28 3055 70 4 3129 20 10 3140 84 12 3207 17 7 3248 86 3 3250 36 10 3276 70 19 3278 59 3 3316 72 10 3352 67 29 3371 61 19
227 103 1e-05 88 1 13 106 92 2 107 61 21 129 3 9 150 60 21 239 34 16 292 39 9 320 86 5 433 67 26 438 42 4 444 42 14 572 85 20 674 87 13 680 7 14 681 50 7 742 71 7 744 84 20 750 76 5 773 47 31 777 32 20 799 9 24 815 84 1 837 16 31 848 19 27 881 45 16 952 60 7 998 21 5 1034 1 8 1108 58 4 1176 3 19 1190 90 27 1191 49 26 1213 6 20 1215 55 7 1252 57 29 1287 64 29 1346 96 1 1347 30 31 1388 65 19 1400 20 17 1456 79 0 1497 33 26 1501 29 10 1514 67 26 1567 97 29 1591 81 25 1609 24 26 1633 0 31 1850 6 4 1852 86 26 1861 11 26 1880 64 15 1907 32 29 1910 22 21 1945 63 5 1981 36 0 1996 80 21 2040 85 25 2067 44 10 2141 83 17 2149 94 8 2216 7 27 2221 89 14 2231 92 31 2244 91 4 2268 41 11 2311 24 10 2339 64 7 2406 60 23 2430 99 27 2432 53 30 2512 17 0 2530 43 23 2549 1 2 2552 41 19 2552 53 1 2584 24 12 2650 48 29 2670 89 29 2688 3 31 2747 46 21 2795 28 30 2841 56 12 2870 70 10 2885 46 30 2938 9 29 2982 19 3 3013 82 8 3018 53 3 3056 98 14 3069 19 1 3132 53 14 3169 45 7 3188 87 18 3205 60 21 3246 62 22 3277 56 12 3292 35 25 3329 32 31 3339 79 4 3345 83 12 3352 86 16 3383 32 28
228 103 1e-05 86 1 22 134 23 2 169 1 16 190 68 31 206 83 6 222 72 23 224 35 7 265 81 26 333 44 11 373 1 5 393 82 0 416 51 27 441 30 2 480 62 26 488 36 15 497 59 19 518 82 3 521 2 2 544 16 25 546 72 11 650 71 3 652 44 24 701 15 1 745 21 13 762 73 16 768 98 14 772 86 15 781 97 7 803 58 5 829 20 9 856 79 22 887 19 22 984 31 28 1010 24 1 1026 95 25 1044 80 10 1097 58 13 1124 57 6 1140 97 8 1187 83 29 1195 34 15 1218 59 2 1262 66 29 1266 82 28 1320 73 6 1328 59 7 1447 56 11 1465 0 1 1512 2 27 1592 20 25 1608 98 25 1646 21 14 1647 48 19 1649 8 23 1654 4 19 1908 96 31 1912 90 0 1937 70 12 1941 64 2 1963 48 16 1990 84 13 2037 56 4 2070 20 28 2091 83 28 2106 14 25 2170 8 12 2255 24 21 2317 17 27 2332 47 13 2406 75 27 2409 33 7 2509 90 16 2557 13 27 2599 65 30 2609 39 21 2609 59 13 2624 26 15 2654 61 2 2674 60 6 2678 54 25 2687 34 14 2699 58 2 2747 25 1 2777 29 25 2827 62 20 2862 86 4 2869 87 4 2877 72 22 2971 89 6 2996 70 0 3026 87 2 3052 32 19 3060 75 23 3078 32 15 3082 92 27 3083 99 4 3108 72 28 3144 47 24 3202 13 18 3312 53 24 3341 53 2 3374 42 20 3377 1 19
229 103 1e-05 77 10 23 127 61 6 198 42 9 217 57 19 231 98 31 252 62 25 273 31 29 308 32 31 332 47 29 437 19 18 470 45 31 473 15 12 632 11 8 651 23 16 659 94 18 705 76 21 733 35 31 754 9 18 770 20 6 807 19 22 888 47 13 910 49 3 1029 48 9 1040 85 22 1064 54 10 1116 40 9 1193 40 14 1216 77 12 1230 31 31 1237 94 9 1312 50 31 1327 45 15 1349 82 28 1389 52 2 1422 99 26 1446 88 5 1460 69 4 1465 77 29 1509 2 26 1524 36 20 1528 31 21 1617 35 3 1636 10 11 1813 88 13 1848 89 21 1865 75 27 1937 60 18 1941 94 9 1950 45 31 1955 69 4 1957 44 31 1963 6 20 1981 24 20 1984 31 13 1989 28 28 1994 49 7 2015 5 29 2025 36 27 2071 24 0 2086 38 21 2135 30 30 2207 6 27 2210 23 8 2238 76 3 2251 83 3 2254 43 0 2293 6 1 2360 53 24 2362 28 21 2432 76 5 2447 12 30 2501 57 27 2521 92 11 2546 46 26 2547 7 0 2552 96 20 2597 40 8 2599 30 28 2619 87 7 2626 76 19 2628 51 29 2630 83 14 2652 27 15 2674 72 8 2704 54 18 2797 37 18 2813 10 25 2817 76 6 2841 64 18 2851 76 1 2871 78 10 2990 18 31 2993 12 30 3037 4 28 3121 88 17 3136 74 22 3157 3 3 3199 99 26 3218 85 26 3219 39 8 3251 27 30 3304 64 27 3378 96 20
230 103 1e-05 79 66 19 100 75 8 117 13 27 155 54 5 167 0 10 187 87 14 190 89 3 194 37 22 195 72 29 201 77 22 209 72 8 223 50 17 252 86 12 334 76 6 358 12 21 361 21 22 365 12 6 440 42 29 473 67 3 474 0 30 498 7 8 534 15 30 568 66 13 591 40 13 697 49 7 740 53 26 749 68 24 755 67 10 768 12 22 845 60 20 858 44 8 886 53 27 916 54 17 965 97 5 1021 52 10 1025 8 2 1034 24 31 1063 57 25 1090 4 2 1117 64 29 1162 65 10 1211 56 11 1298 89 13 1341 83 14 1397 59 9 1447 4 30 1461 82 0 1499 12 10 1503 72 14 1575 2 8 1609 91 22 1671 37 5 1809 35 14 1817 62 7 1823 97 20 1913 95 20 1966 50 26 2024 54 6 2049 85 24 2154 81 6 2157 41 12 2158 23 9 2239 96 12 2357 0 18 2368 32 10 2370 4 19 2379 82 17 2380 82 25 2498 58 9 2499 45 0 2510 17 15 2512 95 11 2518 89 31 2540 55 12 2542 37 22 2595 89 11 2596 33 28 2613 69 24 2675 25 0 2686 6 15 2730 76 27 2757 9 18 2802 10 7 2815 30 17 2827 31 7 3012 87 8 3013 99 2 3060 7 5 3096 20 10 3127 22 14 3132 83 30 3240 50 5 3264 38 20 3287 97 27 3288 76 20 3297 28 26 3302 93 21 3308 83 7 3310 60 29 3340 90 28 3378 9 10 3386 46 24 3394 33 11
231 103 1e-05 85 11 27 98 77 21 110 13 21 201 93 8 224 48 27 317 30 13 318 18 17 377 71 6 411 29 30 420 32 6 430 34 17 432 25 22 445 41 0 579 41 16 594 63 9 623 5 31 642 65 18 658 44 18 683 46 7 715 61 30 744 20 19 820 4 26 857 96 18 953 0 25 996 40 20 1074 31 14 1136 82 24 1162 26 29 1172 31 6 1177 14 31 1183 51 11 1186 69 26 1219 2 15 1295 81 29 1314 83 5 1355 11 14 1409 15 25 1436 32 23 1446 84 28 1468 24 30 1469 5 29 1476 72 1 1478 17 30 1587 1 11 1600 86 18 1604 36 0 1648 100 5 1649 46 5 1810 4 18 1855 48 2 1928 53 25 1954 14 19 1965 82 1 1980 9 10 1990 38 24 2001 7 29 2019 55 24 2034 93 0 2036 99 10 2054 26 5 2062 4 29 2106 73 16 2132 27 31 2144 84 30 2149 30 9 2157 80 7 2181 21 15 2297 71 26 2304 20 17 2306 73 24 2312 27 16 2317 42 22 2350 79 5 2363 83 31 2373 92 26 2412 48 22 2434 63 25 2450 89 22 2453 61 10 2509 59 30 2514 13 4 2607 45 28 2643 60 26 2730 36 15 2735 35 10 2773 46 11 2789 30 4 2796 98 24 2812 72 18 2828 16 6 2834 17 12 2849 4 12 2902 91 26 2912 34 20 3136 45 25 3141 14 25 3145 99 31 3186 57 20 3205 4 26 3244 34 7 3298 86 23 3345 81 13 3350 99 9
232 103 1e-05 107 43 31 139 87 20 183 1 0 281 26 1 316 39 22 346 58 6 348 59 10 386 28 1 396 24 22 430 53 22 445 10 28 455 43 26 480 39 26 484 73 7 497 61 16 513 56 30 581 52 1 644 72 19 696 68 13 697 39 23 756 66 3 762 48 5 799 97 6 808 92 23 812 37 18 843 77 3 938 21 24 944 51 27 1033 26 7 1072 95 1 1086 99 24 1103 49 2 1128 9 20 1210 93 19 1337 70 25 1369 99 26 1445 90 24 1465 83 30 1504 24 16 1597 2 28 1603 4 7 1636 35 21 1833 11 22 1838 23 17 1848 2 7 1863 22 17 1884 3 7 1900 37 22 1908 86 9 1919 2 21 1922 50 29 1979 96 25 2004 2 29 2010 92 21 2033 34 26 2044 20 19 2052 89 3 2087 0 7 2087 8 10 2088 0 0 2131 45 18 2198 84 25 2200 66 4 2235 40 8 2262 42 1 2281 98 3 2285 87 12 2293 48 22 2302 100 14 2336 48 27 2338 87 21 2350 76 31 2454 72 24 2475 91 0 2510 75 22 2541 55 2 2559 38 31 2635 93 17 2649 50 28 2687 73 29 2692 23 6 2701 97 18 2732 13 12 2768 85 19 2878 59 17 2912 21 11 2940 65 31 2978 83 4 2983 23 12 3000 15 3 3009 49 22 3038 64 13 3042 59 11 3135 28 13 3153 19 18 3172 94 29 3254 100 1 3267 83 5 3275 97 9 3308 74 4 3309 2 6 3311 54 27 3352 2 8
233 103 1e-05 94 94 25 119 83 14 121 82 28 122 16 11 179 14 22 228 46 31 326 8 30 356 44 27 361 30 30 361 38 8 420 38 16 427 90 19 439 54 28 464 20 19 483 34 4 499 64 25 524 23 22 735 20 18 746 6 27 782 82 4 824 58 30 871 78 29 930 65 19 937 10 9 943 87 24 1048 81 13 1087 21 25 1119 86 21 1130 8 2 1199 72 28 1207 14 9 1252 1 7 1260 99 6 1365 87 17 1385 69 29 1386 58 15 1425 71 25 1466 2 20 1525 25 4 1547 5 12 1552 21 1 1560 38 19 1564 50 21 1607 91 5 1638 72 4 1825 87 14 1840 60 27 1865 80 3 1873 31 15 1876 34 27 1913 60 11 1924 39 6 1945 83 27 1956 58 2 1968 99 28 2021 4 5 2027 100 22 2032 74 23 2053 22 22 2057 8 27 2057 80 21 2116 56 10 2218 37 16 2219 65 11 2225 79 25 2248 63 22 2341 93 30 2347 8 23 2413 98 15 2438 90 15 2448 31 25 2500 49 4 2507 40 31 2541 83 1 2592 89 16 2613 83 19 2621 88 15 2645 36 30 2653 72 18 2697 34 25 2718 90 15 2741 7 10 2749 32 9 2771 32 11 2779 98 0 2839 94 10 2873 55 30 2885 40 6 2929 69 0 2934 29 17 2942 50 17 2974 60 10 3117 14 7 3123 77 9 3154 79 19 3179 47 15 3181 58 21 3196 42 12 3231 57 13 3245 55 24 3265 63 11 3271 25 26 3272 49 24
234 103 1e-05 147 93 30 166 22 20 182 15 15 223 38 18 228 65 29 242 76 14 253 39 20 292 68 5 310 6 23 423 59 8 573 27 10 598 50 6 698 84 5 730 98 17 731 71 4 774 80 24 815 55 25 907 15 14 918 8 3 975 10 17 985 69 14 996 18 3 1004 65 7 1023 34 22 1045 17 26 1045 63 29 1076 34 20 1092 52 8 1127 31 31 1196 35 0 1218 3 0 1245 48 26 1275 19 28 1291 81 19 1326 84 16 1330 93 13 1347 69 18 1360 99 13 1376 61 4 1385 28 20 1427 40 19 1443 40 12 1522 95 31 1536 77 16 1572 85 29 1579 1 27 1640 5 24 1831 100 4 1866 12 11 1875 14 10 1887 8 21 1889 19 10 1897 23 27 1914 87 9 1925 56 12 1932 37 4 1945 16 15 1946 3 12 1959 69 14 1976 33 8 1976 70 15 1992 68 22 2049 35 20 2078 17 10 2086 63 18 2135 85 25 2159 58 19 2165 25 7 2290 2 2 2380 4 7 2380 66 20 2439 90 28 2472 12 8 2533 36 1 2544 41 10 2548 3 8 2588 68 11 2598 100 18 2651 75 31 2683 21 31 2691 51 9 2697 92 6 2725 8 18 2727 96 14 2762 58 7 2783 91 4 2812 95 6 2839 10 2 2850 76 30 2944 49 22 2947 79 6 2992 0 9 3005 4 15 3014 46 17 3075 84 30 3117 13 3 3142 81 19 3170 6 11 3186 33 18 3268 6 20 3289 21 10 3374 14 14 3391 21 18
235 103 1e-05 78 49 14 102 88 30 104 4 14 151 84 19 203 29 20 223 5 28 248 89 26 251 75 2 322 9 11 330 13 30 338 35 9 377 8 19 424 62 17 471 71 30 512 89 19 573 61 23 586 95 24 589 57 5 603 66 4 622 71 24 639 55 24 644 45 25 684 64 16 687 56 2 700 62 28 795 85 21 808 36 13 826 20 28 833 4 31 847 17 2 867 80 13 869 2 19 943 8 17 945 71 24 951 76 16 1036 49 21 1052 33 9 1059 68 27 1131 11 1 1153 56 26 1253 42 8 1266 2 10 1269 91 13 1295 84 12 1335 33 6 1361 30 21 1378 42 8 1482 99 21 1519 7 11 1526 29 8 1603 36 31 1609 35 26 1633 1 6 1663 6 3 1667 100 3 1899 28 19 1924 40 0 1970 94 19 1983 21 13 1984 86 23 1997 57 15 2096 38 30 2097 12 27 2104 19 5 2170 68 0 2173 99 27 2215 75 9 2227 98 10 2247 51 16 2259 61 11 2340 12 9 2342 38 21 2353 56 26 2353 93 31 2386 60 9 2412 64 26 2454 48 28 2506 0 1 2544 85 24 2554 89 19 2731 89 21 2734 27 13 2735 38 31 2766 42 7 2771 95 1 2883 50 14 3019 29 6 3045 20 20 3051 90 2 3053 74 14 3054 13 17 3057 11 17 3089 34 4 3105 15 13 3137 89 5 3155 50 31 3190 77 16 3191 100 3 3239 52 29 3282 17 11 3294 5 24 3339 29 1 3369 93 14
236 103 1e-05 87 32 21 91 4 6 120 8 4 210 48 1 263 65 0 265 15 10 273 11 28 287 93 29 300 11 30 357 87 28 366 17 20 456 81 17 465 96 13 499 2 27 535 92 9 565 48 9 605 20 18 655 36 27 661 73 19 700 59 11 704 90 25 711 0 9 759 100 31 780 59 31 832 83 12 846 5 10 887 20 21 1006 12 18 1115 22 23 1125 67 3 1129 73 30 1233 17 2 1236 25 20 1246 65 2 1263 80 22 1273 25 22 1340 20 21 1367 13 15 1389 17 3 1396 18 8 1416 18 14 1437 26 20 1442 81 16 1452 93 11 1510 65 16 1555 94 22 1581 84 10 1601 85 22 1826 12 20 1830 78 20 1931 6 2 2011 37 8 2036 51 30 2038 59 0 2053 85 29 2094 5 16 2094 73 14 2135 99 6 2155 9 29 2184 91 12 2187 21 15 2213 60 17 2239 96 31 2243 18 18 2259 5 31 2285 64 29 2297 62 14 2328 68 6 2362 8 3 2386 3 29 2472 86 24 2483 95 31 2525 44 20 2553 50 9 2564 8 23 2593 100 23 2627 33 10 2629 66 28 2645 92 3 2657 41 28 2731 28 15 2757 60 29 2775 4 19 2813 19 0 2821 31 18 2835 83 23 2840 0 24 2850 22 12 2870 37 29 2915 85 28 2930 64 27 2939 98 17 2965 23 31 3002 87 11 3013 39 15 3063 49 9 3075 99 6 3121 46 17 3134 30 9 3140 77 25 3177 10 21 3239 13 25 3361 60 4
237 103 1e-05 121 67 11 161 77 5 185 55 12 192 76 1 263 80 18 272 33 10 297 47 14 301 51 19 334 27 30 359 9 14 379 63 10 398 93 8 404 44 31 436 63 3 450 30 4 452 95 5 462 38 0 462 66 10 565 68 20 589 15 7 622 53 2 629 46 31 644 33 5 710 2 29 795 1 15 820 54 7 836 49 13 841 58 26 918 84 0 936 23 16 956 55 30 983 58 0 998 29 2 1057 90 6 1081 87 9 1087 13 0 1126 40 9 1137 47 16 1157 65 19 1247 39 0 1273 0 13 1293 13 30 1342 11 12 1389 4 26 1421 29 29 1430 92 21 1473 42 13 1476 94 5 1542 5 31 1549 8 1 1550 24 16 1550 80 4 1553 98 4 1615 86 24 1624 57 23 1632 18 12 1649 26 7 1658 13 11 1823 76 18 1863 72 1 1870 58 10 1917 42 14 1919 78 7 1944 62 10 1963 27 9 2060 69 14 2119 36 4 2196 41 16 2249 32 22 2251 61 22 2338 78 14 2366 24 10 2452 70 5 2547 68 17 2569 37 10 2595 1 27 2601 90 0 2624 44 27 2641 50 21 2665 65 27 2669 2 23 2674 19 5 2695 64 8 2707 21 0 2715 98 14 2827 60 29 2837 59 5 2874 17 0 2876 22 4 2936 81 23 2988 72 10 3033 42 12 3089 21 3 3115 0 26 3124 8 13 3201 14 9 3206 82 5 3216 89 0 3240 45 14 3255 48 5 3281 72 18 3338 51 13 3389 57 1
238 103 1e-05 134 31 30 141 91 23 170 35 4 197 54 9 229 42 22 241 63 16 255 46 22 270 15 27 328 8 12 394 87 14 460 93 28 468 10 25 476 1 5 476 46 6 536 67 1 574 10 8 577 53 31 590 22 11 679 87 31 720 69 7 722 41 15 726 46 29 733 68 4 750 12 28 795 36 24 818 64 26 833 29 2 957 20 21 958 51 14 967 31 12 972 76 7 1030 73 14 1119 7 28 1126 83 29 1130 96 17 1135 76 23 1187 84 4 1280 60 9 1423 17 10 1447 11 25 1454 48 14 1474 97 13 1502 73 10 1512 24 1 1520 22 23 1532 63 15 1544 54 26 1580 51 2 1626 26 8 1825 47 9 1890 52 24 1894 55 6 1986 47 4 1994 5 9 2023 99 0 2031 99 8 2043 5 9 2044 76 10 2055 45 18 2063 85 22 2064 100 2 2137 86 22 2140 12 31 2142 53 9 2144 44 29 2158 69 12 2182 82 15 2183 76 15 2224 27 23 2251 38 29 2409 16 18 2409 52 8 2415 90 8 2424 46 23 2475 39 0 2494 49 29 2503 82 29 2542 81 22 2570 78 21 2629 27 30 2651 54 20 2656 47 24 2665 38 13 2678 3 3 2712 100 19 2713 5 20 2713 77 13 2726 3 16 2750 50 21 2771 27 21 2841 74 25 2878 46 24 2893 44 9 2943 55 21 3039 11 8 3046 13 10 3100 62 15 3106 3 6 3143 43 11 3157 25 29 3199 7 9 3201 63 18 3337 26 19
239 103 1e-05 72 6 2 209 30 16 287 99 21 321 42 23 358 62 17 370 92 20 371 69 22 408 50 27 415 90 28 467 54 11 479 37 0 500 0 25 506 76 12 515 85 14 584 27 0 633 3 1 752 96 7 761 13 19 859 78 5 868 57 24 896 58 0 932 90 20 947 51 5 951 84 26 981 17 5 985 77 20 1011 7 6 1093 96 13 1254 4 17 1262 33 1 1332 72 19 1354 67 15 1384 74 24 1391 67 26 1429 85 23 1520 15 30 1530 30 5 1531 33 10 1549 44 25 1553 37 31 1574 21 3 1577 26 21 1595 94 29 1607 53 7 1614 95 20 1642 45 8 1647 75 7 1827 1 22 1833 19 30 1835 93 11 1884 36 2 1914 80 27 1937 70 20 1941 88 25 1950 66 12 1959 81 29 1971 1 24 1983 17 20 2015 17 14 2022 95 30 2102 36 24 2179 40 22 2243 55 22 2301 16 4 2312 54 4 2329 39 15 2339 9 14 2364 41 28 2373 21 14 2413 82 14 2446 78 30 2463 6 5 2503 38 3 2527 26 26 2530 90 12 2551 76 25 2621 91 4 2623 99 12 2636 62 30 2639 45 5 2654 52 9 2686 74 15 2703 45 19 2795 91 10 2855 52 15 2872 42 6 2897 38 3 2907 38 17 2941 38 29 3009 85 6 3036 18 9 3074 63 0 3096 29 25 3122 1 18 3150 23 17 3151 2 19 3153 99 20 3156 19 9 3164 27 25 3207 26 12 3222 28 28 3274 78 13 3390 93 17
240 103 1e-05 75 16 25 82 0 0 138 27 0 173 57 15 178 99 8 179 95 29 208 12 26 233 48 24 248 65 11 252 53 3 259 29 22 265 71 29 270 9 27 321 62 23 333 73 30 342 28 14 367 57 14 425 86 5 481 55 19 543 58 11 564 0 24 578 73 31 580 19 17 594 38 30 596 50 25 601 62 1 625 19 5 630 86 7 740 13 3 743 16 9 762 2 30 773 29 4 834 74 22 840 76 20 849 40 18 851 38 8 856 56 2 934 12 3 935 34 17 1063 22 4 1099 49 27 1116 85 1 1149 44 19 1200 67 9 1210 100 23 1212 6 0 1264 96 27 1296 0 20 1312 8 27 1363 37 25 1410 16 15 1424 66 15 1526 67 0 1641 71 2 1660 30 5 1667 87 17 1836 26 19 1860 100 30 1863 55 5 1876 15 14 1895 41 28 1926 8 6 1943 82 4 1956 63 10 2025 36 11 2044 19 15 2169 57 16 2180 36 11 2211 3 27 2217 15 28 2248 61 27 2278 40 3 2302 47 24 2342 82 14 2361 87 7 2421 51 26 2439 38 15 2441 60 23 2522 15 1 2553 15 8 2647 11 9 2668 72 16 2697 12 3 2705 96 16 2813 49 18 2839 88 13 2946 92 29 2949 41 7 2975 13 8 2978 18 7 2982 10 27 2983 97 4 2988 90 29 3004 17 25 3052 41 23 3154 16 29 3188 97 0 3226 3 24 3283 33 18 3292 70 19 3321 64 7 3354 69 21 3368 41 18
241 103 1e-05 141 53 23 187 25 2 221 19 17 233 13 20 237 13 3 279 46 9 297 71 1 337 21 11 387 99 31 394 90 9 413 27 31 414 67 24 429 14 19 478 9 16 483 54 30 495 70 8 521 77 28 584 95 4 674 91 0 771 63 15 791 49 24 799 24 5 829 16 5 844 47 23 877 15 18 886 95 25 1002 17 1 1014 38 12 1032 99 15 1042 84 12 1065 99 4 1126 18 14 1143 54 7 1156 57 9 1174 96 3 1201 81 6 1213 2 1 1272 97 17 1279 43 12 1313 95 9 1395 89 20 1467 3 23 1495 38 7 1496 36 29 1517 100 18 1558 35 11 1566 18 29 1571 78 31 1608 0 3 1630 97 12 1657 8 22 1667 53 24 1820 15 12 1865 3 18 1873 33 31 1896 41 15 1914 98 9 1933 49 26 1946 20 20 2060 11 9 2061 17 24 2072 72 26 2149 99 0 2175 70 0 2185 97 3 2249 8 23 2282 89 13 2352 4 27 2389 7 0 2431 62 19 2462 20 30 2513 66 31 2584 47 15 2594 84 10 2634 0 27 2639 91 13 2662 82 22 2666 59 22 2671 65 8 2675 6 4 2700 10 12 2706 1 11 2804 16 0 2869 4 6 2888 30 7 2938 75 21 2958 33 19 2969 4 18 2976 73 26 3005 74 16 3069 55 18 3153 63 14 3155 85 20 3208 83 23 3220 99 18 3225 80 15 3239 81 7 3265 52 5 3278 9 21 3287 21 21 3377 8 24 3386 41 13 3406 53 21
242 103 1e-05 76 69 5 125 56 29 143 25 29 162 96 29 189 20 31 190 18 28 199 43 22 257 3 17 281 19 19 321 94 11 332 89 15 348 38 4 350 11 12 351 24 29 496 88 7 502 48 3 596 88 5 622 15 4 639 98 14 694 26 6 734 81 21 755 100 25 849 62 22 883 57 5 914 55 24 921 65 20 929 44 14 941 57 22 952 62 21 997 67 21 999 20 0 1034 23 25 1038 0 25 1071 88 0 1146 13 28 1170 51 12 1197 56 13 1247 71 24 1262 82 19 1334 8 13 1343 37 17 1415 80 6 1420 95 17 1435 47 13 1446 38 24 1455 49 12 1479 63 22 1489 50 28 1493 41 18 1513 88 16 1514 60 7 1569 85 19 1575 3 9 1855 96 7 1925 45 28 1989 51 6 2007 43 11 2030 69 1 2106 44 17 2119 100 19 2178 98 14 2256 65 10 2306 35 14 2324 70 28 2347 6 3 2386 18 15 2389 100 24 2419 68 22 2456 39 16 2460 94 7 2468 81 5 2476 46 0 2541 80 10 2581 24 7 2610 43 7 2628 26 16 2632 75 6 2651 63 2 2661 16 8 2703 66 2 2727 8 18 2734 39 16 2744 76 2 2748 60 31 2776 93 19 2812 22 31 2836 13 5 2957 68 9 2986 24 2 2986 78 18 3029 21 10 3082 59 31 3116 14 22 3170 62 29 3204 62 24 3206 6 24 3206 97 0 3222 51 18 3234 81 26 3313 74 17 3333 49 19 3337 86 8 3358 88 2
243 103 1e-05 76 60 7 144 76 15 170 29 24 173 69 13 213 3 21 222 48 15 271 23 25 282 58 3 289 1 20 289 44 20 333 28 15 359 29 20 379 56 8 405 15 14 423 98 7 431 51 14 442 89 9 463 68 18 473 92 28 522 30 16 532 49 1 545 90 6 571 43 28 582 35 1 595 2 26 630 84 20 641 16 18 667 55 14 700 57 12 745 46 9 764 16 4 777 67 9 822 6 12 824 69 13 839 14 2 871 93 24 876 15 22 885 98 4 891 85 8 892 19 28 970 51 11 1027 91 25 1086 87 19 1202 70 12 1298 38 18 1301 66 1 1330 46 27 1356 12 19 1368 72 6 1368 91 12 1388 96 26 1401 9 7 1405 4 10 1423 30 20 1433 5 4 1470 54 0 1527 48 3 1616 68 16 1618 36 4 1907 81 9 1917 70 28 2019 8 16 2046 60 27 2085 45 21 2106 24 14 2188 75 21 2204 23 21 2206 43 18 2249 32 13 2302 84 7 2431 52 18 2445 48 31 2477 16 8 2514 41 11 2515 96 9 2607 65 0 2616 45 26 2754 37 3 2755 56 30 2770 4 24 2808 5 0 2816 27 3 2846 82 29 2850 28 9 2860 31 19 2911 87 8 2920 63 16 2935 83 29 3018 27 14 3089 73 13 3090 56 23 3105 6 31 3105 47 28 3116 37 10 3163 6 8 3172 47 3 3211 29 6 3214 58 4 3233 7 18 3236 2 7 3246 71 0 3403 41 15 3403 44 13
244 103 1e-05 100 53 7 106 49 22 114 32 16 121 84 22 155 64 12 249 12 25 273 30 30 317 36 5 337 49 9 392 50 10 452 25 12 453 4 6 487 93 0 547 46 26 679 2 18 708 89 17 713 12 20 730 75 29 733 19 0 749 59 10 756 0 24 790 64 19 808 53 22 825 33 24 835 39 24 835 79 19 847 62 10 884 68 6 888 53 2 915 88 22 938 47 22 948 19 11 962 4 16 965 42 14 977 89 22 1056 16 8 1065 11 2 1102 73 14 1108 43 14 1111 11 11 1131 23 16 1195 82 14 1248 11 17 1293 48 10 1315 89 9 1339 32 22 1344 11 28 1362 55 16 1392 35 2 1397 88 27 1409 21 24 1412 33 20 1418 45 10 1419 3 19 1470 72 9 1525 66 6 1530 80 2 1630 45 15 1668 25 24 1852 43 31 1902 46 2 1907 50 19 1926 34 13 1956 50 5 1986 100 18 2137 45 5 2195 68 31 2220 19 20 2233 65 22 2236 38 16 2245 5 25 2354 90 17 2368 0 6 2370 97 28 2415 0 18 2420 88 30 2436 50 5 2494 60 16 2517 14 20 2531 98 10 2558 57 30 2648 30 0 2654 57 13 2710 19 18 2741 53 5 2827 69 10 2859 76 14 2882 91 8 2909 90 5 2930 88 16 2940 58 22 3001 12 24 3043 23 20 3116 4 16 3139 30 1 3143 45 14 3175 50 22 3213 93 9 3250 29 6 3317 48 4 3335 70 15 3346 12 14 3362 56 31
245 103 1e-05 100 55 12 124 64 5 157 40 7 162 28 11 166 36 12 168 55 9 263 41 25 311 99 27 359 27 6 365 54 8 368 69 6 430 100 24 458 40 28 491 84 10 492 17 13 645 79 14 651 94 22 690 0 10 703 18 31 748 17 0 833 84 23 926 62 6 1006 17 27 1053 13 1 1064 6 9 1066 20 5 1071 77 28 1094 24 27 1105 29 24 1160 81 21 1238 3 21 1260 99 1 1276 84 13 1285 76 15 1289 61 9 1301 75 19 1325 88 10 1365 27 13 1438 85 21 1439 91 2 1452 31 15 1566 38 4 1596 91 29 1640 6 28 1647 12 13 1816 63 2 1849 53 1 1850 78 26 1869 13 22 1881 33 14 1883 97 2 1899 99 27 1951 28 11 2024 95 0 2050 93 29 2081 100 10 2107 50 16 2143 83 13 2157 42 27 2179 2 24 2233 42 20 2243 100 19 2253 95 29 2264 95 1 2296 24 1 2387 34 16 2392 5 4 2437 90 14 2445 56 26 2487 75 19 2507 47 4 2537 90 21 2585 10 10 2620 36 26 2659 7 30 2682 14 31 2691 73 12 2697 42 21 2710 45 3 2754 41 29 2808 18 26 2844 7 25 2844 57 17 2845 23 10 2848 21 31 2910 95 29 2911 5 0 2946 94 15 2999 26 13 3093 91 21 3101 78 20 3102 23 8 3102 51 21 3111 34 10 3173 60 29 3194 56 3 3213 83 14 3240 13 5 3244 96 9 3272 12 3 3277 52 24 3368 30 29 3397 12 13
246 103 1e-05 81 70 23 94 55 9 101 55 26 107 18 16 115 9 8 162 65 21 171 35 1 173 45 2 177 27 27 197 74 23 235 78 20 359 47 13 390 19 22 487 37 21 499 24 4 509 66 15 513 28 1 539 16 5 568 48 15 577 54 24 595 82 28 603 33 5 629 1 10 661 65 2 673 7 18 704 75 1 736 84 19 788 28 7 847 17 15 876 28 24 882 94 4 885 70 13 899 42 13 924 21 9 961 37 31 1008 13 29 1108 50 18 1125 4 29 1208 35 0 1223 94 3 1274 30 1 1276 59 23 1286 91 0 1293 89 19 1333 39 18 1338 19 28 1372 7 25 1385 75 19 1455 16 19 1503 40 15 1534 94 14 1613 46 24 1835 20 22 1844 95 12 1845 33 0 1865 62 23 1915 21 23 1916 30 24 1929 21 30 1937 14 4 2020 14 21 2021 80 24 2036 82 22 2041 27 24 2217 29 31 2317 100 18 2371 70 10 2390 45 22 2433 67 0 2453 15 0 2465 51 12 2486 54 9 2493 73 26 2522 67 17 2539 61 3 2594 10 16 2636 15 11 2686 55 9 2703 53 11 2712 62 1 2745 25 13 2754 12 7 2757 28 10 2785 7 6 2798 29 24 2810 26 27 2900 32 28 2912 43 23 2951 40 1 2999 52 10 3022 54 7 3058 67 26 3075 28 9 3081 54 28 3105 25 25 3140 53 13 3197 55 17 3218 88 20 3228 28 17 3253 7 11 3332 5 1 3340 36 29 3351 83 18
247 103 1e-05 79 45 15 167 88 28 191 100 21 195 17 31 241 81 4 274 87 7 343 22 9 350 91 18 421 82 10 452 8 18 460 80 29 474 2 27 534 14 9 535 46 11 545 25 31 553 47 10 568 24 28 596 1 6 640 80 19 684 30 3 690 90 20 728 71 13 731 97 10 774 72 14 779 47 26 791 29 14 796 53 24 799 91 29 809 3 28 814 34 30 814 64 29 825 92 5 827 97 13 849 3 16 857 91 1 868 46 30 963 66 1 963 69 20 990 68 16 991 100 22 1028 21 17 1033 42 29 1058 32 28 1113 37 0 1127 77 2 1236 86 16 1264 94 28 1301 97 27 1371 92 27 1394 58 3 1420 77 12 1441 69 12 1448 96 26 1506 78 11 1548 92 26 1586 36 17 1603 98 0 1640 18 28 1644 0 14 1653 45 5 1656 70 20 1841 4 3 1850 100 16 1862 13 14 1953 43 15 1973 17 4 1982 33 10 2087 23 14 2093 44 4 2151 63 3 2157 62 20 2163 36 17 2176 30 10 2264 65 20 2306 61 15 2309 99 29 2370 83 4 2379 63 5 2407 5 20 2418 14 23 2436 20 1 2609 39 30 2613 31 29 2614 28 19 2646 99 26 2717 53 13 2764 46 6 2837 5 0 2949 85 31 2950 6 13 2959 22 28 2959 63 18 3018 17 11 3062 70 22 3069 15 10 3125 75 1 3136 98 3 3212 23 3 3271 40 2 3358 97 20 3360 77 6 3365 11 0 3393 10 26
248 103 1e-05 100 28 12 113 26 27 226 87 30 227 55 24 228 79 28 292 70 13 300 81 5 324 84 3 454 76 13 466 80 11 516 19 17 598 76 7 600 88 5 633 57 22 655 26 18 658 87 8 682 71 3 750 12 26 763 41 4 791 25 9 795 46 26 823 23 3 830 71 17 837 0 29 868 1 23 978 21 8 993 25 29 1003 8 15 1007 84 29 1017 47 5 1082 42 13 1084 6 27 1112 98 28 1147 35 5 1169 81 23 1237 12 20 1302 94 15 1327 8 31 1339 89 19 1356 84 14 1368 33 17 1392 79 19 1527 90 25 1573 24 14 1583 45 16 1601 13 24 1619 67 3 1637 17 16 1649 73 22 1657 61 28 1846 21 29 1860 76 2 1919 16 14 2006 41 30 2068 65 18 2071 34 21 2072 91 3 2093 35 29 2124 92 1 2193 6 30 2213 7 18 2221 77 15 2226 26 14 2231 30 29 2260 34 4 2288 17 16 2301 5 26 2310 64 7 2314 48 27 2328 86 30 2412 69 21 2473 9 25 2476 71 7 2512 51 1 2543 56 14 2606 95 2 2609 86 4 2618 51 18 2621 75 16 2641 79 25 2663 17 21 2671 78 16 2816 51 30 2823 87 10 2862 85 25 2911 41 15 2916 24 28 2920 51 26 2949 14 11 2975 52 16 2997 85 20 3002 15 15 3026 66 23 3033 8 10 3033 66 19 3035 40 29 3087 72 26 3123 27 31 3221 96 14 3256 26 15 3261 8 27 3280 91 27 3386 65 31
249 103 1e-05 95 30 3 100 57 9 142 41 18 263 34 30 401 85 18 446 50 6 447 63 31 479 82 18 527 69 19 531 86 1 556 70 18 608 36 9 618 44 25 646 70 1 659 24 29 940 59 23 942 100 22 945 40 12 971 42 1 979 88 18 1031 75 9 1057 75 22 1084 11 20 1128 18 4 1146 45 4 1162 51 11 1186 35 14 1203 65 22 1224 25 20 1256 86 18 1298 23 6 1321 90 4 1339 33 21 1351 86 11 1358 10 26 1376 77 23 1378 85 8 1431 79 10 1433 59 15 1534 26 13 1536 31 15 1560 11 3 1594 89 13 1641 76 0 1655 41 6 1659 44 14 1812 5 12 1817 73 28 1832 85 12 1835 44 9 1873 38 19 1895 99 11 1902 14 14 1947 74 25 2001 77 27 2007 50 16 2011 99 8 2032 75 12 2076 32 16 2077 62 20 2122 21 3 2129 27 10 2205 46 15 2219 4 25 2247 30 14 2339 74 18 2354 26 19 2381 62 0 2426 50 3 2474 64 16 2527 36 14 2538 39 25 2589 25 31 2643 74 0 2720 19 12 2792 27 27 2796 90 3 2844 3 2 2927 22 31 2931 76 7 2959 4 24 2983 90 24 3037 55 7 3076 59 5 3084 74 9 3099 75 29 3107 9 15 3119 86 13 3124 56 14 3138 37 9 3152 27 19 3162 41 16 3195 38 14 3246 100 22 3247 33 15 3259 22 4 3259 39 22 3295 12 4 3320 45 25 3345 19 5 3361 86 23 3364 15 10 3405 39 10
250 103 1e-05 97 60 27 115 52 23 138 96 29 168 81 4 169 80 4 247 41 13 261 90 7 311 0 2 349 16 9 391 38 25 392 51 22 459 1 9 461 50 27 463 70 19 502 65 22 573 37 28 584 3 27 618 29 2 633 29 13 666 17 11 671 38 0 753 82 19 772 91 9 774 11 18 842 2 16 843 13 30 903 99 16 906 67 11 1014 45 9 1019 22 9 1105 97 7 1137 68 5 1145 41 25 1166 10 9 1265 69 28 1296 11 2 1316 31 26 1318 2 26 1435 90 4 1457 30 7 1530 30 1 1554 76 1 1569 0 14 1577 76 18 1625 27 3 1859 14 22 1914 34 1 1940 20 15 1944 95 31 1948 6 23 2005 67 9 2031 89 24 2056 88 11 2069 89 15 2126 75 23 2185 79 15 2194 84 13 2234 20 16 2256 10 10 2269 84 25 2303 63 26 2334 78 16 2342 5 8 2350 89 10 2414 84 10 2424 49 26 2440 18 23 2482 82 11 2494 40 19 2536 3 13 2544 10 0 2545 44 17 2608 69 16 2632 16 9 2704 74 28 2708 44 18 2750 51 18 2794 100 19 2862 31 15 2866 40 15 2915 21 11 2969 95 22 3005 79 2 3022 50 27 3030 53 1 3031 33 2 3054 90 13 3070 57 0 3073 84 19 3085 58 1 3090 56 0 3104 25 14 3111 68 23 3139 71 5 3194 29 30 3220 47 3 3222 11 8 3242 45 12 3260 95 30 3277 91 18 3339 8 5 3377 13 26 3396 30 25
251 103 1e-05 72 38 9 81 78 5 158 67 22 242 17 25 247 77 17 275 34 24 284 87 28 327 28 19 332 32 18 343 78 5 378 45 18 383 58 15 397 26 8 442 44 27 451 21 20 523 100 21 541 10 2 560 52 15 605 5 4 623 11 28 651 30 5 686 100 22 725 47 17 758 52 7 873 30 10 891 48 26 895 5 3 1030 10 13 1053 75 23 1073 32 29 1073 33 4 1082 78 21 1106 79 0 1161 52 8 1172 52 19 1178 50 25 1181 46 26 1248 65 26 1276 84 21 1304 82 5 1417 14 26 1425 85 0 1447 62 7 1461 49 21 1463 43 0 1500 0 6 1514 41 7 1521 95 10 1530 51 6 1577 9 13 1668 79 13 1852 100 30 1870 71 10 1893 26 2 1914 82 17 1928 93 17 1957 17 26 1972 50 19 1974 34 11 2011 83 2 2031 56 15 2066 78 16 2107 78 22 2119 43 5 2149 97 18 2158 94 27 2174 10 0 2180 56 11 2182 99 31 2207 42 28 2246 14 23 2261 56 2 2290 100 12 2299 18 22 2308 39 8 2347 29 4 2382 72 20 2437 90 31 2469 52 22 2511 63 30 2559 21 23 2561 42 3 2587 46 9 2592 77 17 2616 26 0 2646 77 21 2754 52 12 2789 88 19 2813 72 6 2867 96 9 2871 72 8 2925 98 30 2963 18 0 3075 22 18 3121 83 25 3135 41 30 3163 43 23 3206 42 31 3212 55 4 3283 81 8 3354 99 19 3363 34 27 3394 47 18
252 103 1e-05 90 18 19 95 18 2 117 95 5 142 90 8 187 52 0 194 72 21 195 17 6 199 54 21 272 79 25 277 10 13 312 30 3 367 38 20 422 63 18 476 94 28 492 33 6 503 70 12 571 20 31 579 88 25 589 86 20 672 51 24 680 75 11 704 19 24 741 8 26 744 75 17 781 47 1 802 34 26 827 74 1 846 20 6 876 61 10 897 24 31 901 68 20 968 74 13 1066 26 11 1091 92 21 1099 27 3 1174 32 27 1196 61 23 1327 81 28 1330 51 15 1347 48 24 1355 55 23 1396 13 6 1401 25 12 1406 70 14 1463 45 5 1515 32 24 1603 78 22 1612 14 26 1641 60 3 1641 100 18 1659 33 12 1666 62 9 1813 43 24 1825 40 2 1909 58 27 1918 64 1 1932 37 5 1974 100 12 1980 65 11 1993 38 8 1997 97 12 2000 36 4 2004 74 10 2010 61 6 2033 56 4 2052 47 14 2097 7 20 2133 63 29 2141 12 14 2301 96 8 2332 34 18 2366 4 27 2375 40 11 2388 70 5 2393 26 25 2410 47 14 2445 58 1 2541 61 25 2618 91 3 2645 30 9 2701 62 11 2709 37 5 2822 3 1 2825 11 10 3006 28 28 3013 81 0 3026 4 24 3026 63 4 3044 26 20 3046 70 6 3056 78 4 3078 64 25 3093 2 28 3197 65 15 3229 35 25 3267 24 30 3280 53 31 3293 40 7 3306 60 17 3326 63 10 3347 67 23 3357 41 12 3364 54 21
253 103 1e-05 125 37 12 128 68 29 153 57 26 168 17 10 172 81 23 180 41 20 210 48 30 241 25 10 273 68 1 351 100 27 357 39 21 366 17 7 366 93 13 421 49 13 424 79 30 474 13 2 514 55 25 529 92 15 574 3 17 610 92 15 611 94 19 627 93 18 636 99 10 648 79 1 731 76 6 752 38 18 756 28 9 767 29 19 770 87 12 771 92 2 772 42 12 779 73 23 894 41 15 904 44 6 909 7 22 932 23 16 932 55 4 946 100 14 960 75 25 987 25 30 999 0 1 1025 97 31 1032 20 18 1032 81 2 1070 60 26 1073 78 16 1087 70 22 1123 73 18 1140 43 20 1163 94 13 1245 57 13 1255 44 11 1258 52 19 1272 49 11 1273 96 21 1278 5 10 1297 15 25 1329 42 10 1516 53 30 1516 90 17 1539 0 7 1546 93 9 1574 61 10 1575 62 11 1810 85 21 1834 5 25 1912 94 5 1956 27 23 1982 66 26 2010 90 22 2116 74 17 2118 99 6 2327 26 9 2360 21 30 2437 44 10 2438 77 11 2458 53 18 2522 60 2 2537 55 21 2568 62 13 2655 88 1 2656 93 7 2671 81 11 2753 78 22 2799 46 21 2888 38 6 2931 23 2 2935 11 29 2974 70 21 2982 47 19 3070 25 15 3086 21 21 3089 38 8 3101 93 18 3156 89 3 3182 2 27 3243 78 13 3246 38 7 3294 5 19 3313 91 23 3346 42 21 3346 53 17 3368 56 16
254 103 1e-05 109 46 6 121 55 18 201 45 24 215 92 22 251 12 7 261 48 3 369 46 18 395 71 4 409 18 11 409 55 12 437 35 9 490 20 5 499 92 23 522 59 25 537 86 22 538 27 31 603 14 29 625 3 5 653 72 12 682 45 11 706 94 6 710 64 0 717 85 15 744 0 1 839 78 21 856 62 16 862 15 5 866 12 15 882 95 31 903 4 29 959 87 9 1026 1 5 1055 89 0 1064 96 22 1076 15 5 1179 43 6 1231 23 3 1244 9 14 1259 44 15 1281 83 3 1281 99 28 1285 49 9 1348 99 2 1424 48 12 1425 58 8 1434 21 10 1461 14 2 1494 6 4 1503 81 0 1567 6 1 1592 92 1 1610 5 16 1614 42 25 1658 83 15 1670 8 4 1854 15 14 1908 39 28 1943 55 31 1954 21 8 1970 17 16 1986 7 29 1991 60 9 2066 80 28 2068 32 18 2092 28 4 2128 82 26 2289 28 11 2330 61 16 2367 6 24 2437 39 13 2493 42 1 2528 48 0 2546 55 22 2620 98 4 2660 89 29 2686 55 8 2721 68 20 2748 95 10 2789 39 22 2806 63 6 2856 72 8 2881 85 6 2915 25 15 2943 5 25 2967 56 13 3003 87 4 3032 62 3 3059 91 19 3098 45 23 3116 38 29 3167 67 20 3175 81 29 3181 47 31 3194 29 6 3195 95 18 3202 78 30 3215 56 19 3228 94 21 3256 40 26 3298 82 24 3322 70 18 3372 53 25 3384 86 18
255 103 1e-05 88 40 1 106 75 26 113 16 0 136 70 29 161 87 19 167 83 7 182 62 25 187 93 9 263 53 11 294 6 13 347 82 11 376 76 10 385 87 0 400 43 8 556 68 25 561 84 21 628 90 7 665 23 14 675 81 4 720 48 21 815 31 8 818 98 30 823 93 29 858 37 23 922 36 1 925 59 17 937 94 26 962 56 10 962 92 21 977 36 27 985 29 20 997 43 21 1015 11 17 1051 68 30 1061 20 26 1088 45 31 1151 16 0 1193 27 25 1218 80 13 1264 55 16 1293 48 29 1383 53 4 1384 50 14 1399 68 27 1463 53 4 1476 6 25 1483 92 9 1544 28 23 1568 38 3 1581 30 20 1590 24 18 1611 34 12 1623 34 6 1667 9 24 1902 45 16 1917 64 8 1966 15 24 1973 11 14 1994 27 23 2063 99 7 2095 40 22 2111 61 0 2161 92 12 2177 42 0 2255 58 27 2282 91 29 2323 94 9 2363 95 9 2373 93 8 2390 50 25 2504 83 27 2513 81 12 2554 40 25 2558 43 14 2569 3 0 2590 54 26 2611 11 0 2621 34 13 2668 15 29 2687 24 0 2751 94 26 2811 13 24 2872 8 24 2876 19 30 2890 97 17 2893 72 29 2897 7 18 2912 31 1 2938 63 23 2942 46 13 2960 32 14 3002 76 27 3070 98 8 3072 47 22 3073 76 10 3143 0 16 3205 85 31 3240 1 4 3246 73 22 3258 35 22 3320 47 12 3351 75 7 3358 84 1
256 103 1e-05 169 61 18 190 98 12 225 62 26 353 70 25 376 85 4 405 95 8 410 84 19 457 12 0 471 0 17 503 71 18 558 62 4 564 9 9 602 24 6 652 5 0 669 63 7 681 29 4 725 0 17 739 16 30 758 26 22 842 16 1 924 20 3 941 76 10 960 96 26 961 21 19 995 66 0 1022 48 19 1024 92 30 1068 81 14 1077 75 26 1113 80 25 1118 43 17 1130 6 18 1139 82 12 1246 91 8 1257 19 24 1274 96 16 1298 45 26 1302 11 26 1307 51 26 1353 77 10 1357 59 1 1403 81 25 1430 14 2 1584 60 30 1611 17 16 1618 78 7 1632 74 8 1651 47 25 1662 67 31 1841 55 14 1852 15 31 1896 18 4 1912 67 22 1916 53 20 1936 53 11 1972 1 15 2013 31 20 2080 8 29 2131 73 17 2184 45 20 2217 64 6 2289 9 28 2290 5 3 2305 68 0 2348 63 19 2361 58 22 2437 45 19 2437 99 28 2466 5 15 2539 21 13 2549 27 20 2550 90 6 2553 77 26 2562 44 19 2582 48 31 2585 51 13 2586 6 5 2648 98 22 2701 1 18 2711 73 20 2717 25 0 2756 37 12 2761 4 20 2781 97 29 2810 33 26 2812 100 8 2835 19 31 2884 76 31 2910 73 21 2918 31 21 2919 97 29 2959 6 20 2987 67 30 3000 6 4 3017 38 8 3060 85 7 3084 29 4 3136 52 29 3146 85 8 3278 88 27 3306 41 8 3338 83 10 3392 67 12
257 103 1e-05 78 48 24 81 9 6 87 76 26 130 32 26 147 84 17 151 71 4 182 81 29 216 50 30 233 72 15 293 87 31 314 20 5 353 29 0 382 34 29 447 10 24 490 13 22 493 12 15 502 38 3 505 26 20 518 92 30 523 48 29 548 37 3 554 33 10 616 33 17 619 83 8 623 79 2 627 64 2 637 83 27 709 0 7 752 92 24 754 84 6 890 76 28 894 62 24 899 7 16 902 86 17 936 47 10 942 44 11 944 69 26 956 26 18 1058 97 14 1076 100 30 1106 71 14 1114 19 21 1148 0 12 1204 100 30 1212 7 31 1213 9 8 1245 45 24 1305 80 27 1305 87 3 1324 1 19 1394 9 29 1410 76 2 1418 16 26 1419 32 22 1444 67 14 1538 22 16 1562 52 11 1586 11 0 1614 54 5 1653 64 31 1659 25 6 1663 23 9 1818 17 15 1858 45 20 1920 59 19 1958 21 16 1969 11 1 1991 8 13 1998 97 19 2011 51 26 2035 62 3 2055 26 26 2078 96 20 2138 88 29 2225 25 4 2245 82 15 2274 44 31 2417 52 25 2465 31 5 2492 39 26 2523 36 8 2536 36 4 2552 56 26 2584 35 30 2594 7 3 2640 21 13 2642 60 14 2647 70 16 2702 77 13 2756 18 31 2781 35 8 2849 37 25 2852 41 12 2934 36 28 2935 92 6 3030 75 5 3054 48 10 3119 48 9 3224 83 22 3249 39 24 3339 40 6 3373 27 12 3378 0 0
258 103 1e-05 87 10 21 89 9 25 161 66 3 190 76 5 304 54 19 361 18 16 487 10 8 492 45 5 496 1 17 524 61 0 587 64 5 668 41 7 669 84 13 697 60 27 703 55 4 751 16 8 776 1 7 792 20 17 800 66 15 806 77 5 907 43 17 925 48 15 939 26 17 952 88 14 970 29 12 970 58 4 989 13 18 1021 25 9 1044 27 5 1101 56 18 1154 95 6 1185 56 16 1193 52 2 1225 26 30 1279 30 18 1289 78 24 1340 18 3 1342 45 0 1361 46 22 1364 85 21 1370 13 12 1480 37 14 1492 95 3 1525 95 18 1530 79 16 1536 90 1 1566 28 10 1600 86 12 1620 95 15 1630 37 31 1640 22 29 1813 50 25 1854 51 10 1933 85 10 1939 70 23 1965 96 28 1992 23 31 2010 45 29 2025 25 13 2059 22 26 2073 97 24 2101 38 2 2141 38 4 2180 48 20 2310 20 18 2347 90 24 2350 40 14 2401 69 8 2417 35 11 2430 61 18 2455 49 27 2536 78 4 2556 48 22 2627 100 22 2690 23 17 2720 25 4 2746 5 15 2764 16 17 2779 92 8 2787 85 22 2790 82 7 2799 16 31 2812 47 16 2857 26 4 2899 39 13 2918 19 5 2978 19 0 3018 4 6 3031 21 19 3063 56 2 3067 65 22 3069 46 3 3116 90 9 3122 21 7 3147 29 18 3191 34 0 3205 33 18 3220 83 7 3226 54 12 3246 57 28 3268 88 21 3379 47 18 3382 0 19
259 103 1e-05 81 55 2 137 97 25 153 27 2 176 52 10 252 14 31 297 87 22 299 73 30 310 8 26 315 5 9 335 49 25 366 3 10 380 5 20 390 42 6 450 92 12 495 81 15 510 84 29 527 24 12 555 99 11 556 15 5 567 88 19 616 41 8 741 13 0 763 31 19 768 42 0 789 68 26 811 38 0 813 78 30 832 4 11 853 24 4 879 48 2 902 34 30 939 78 18 944 85 11 946 74 12 1011 19 29 1024 70 23 1029 23 6 1085 70 22 1105 8 18 1105 39 12 1129 36 18 1145 38 22 1154 96 24 1221 5 22 1276 59 23 1420 56 16 1431 86 19 1516 72 8 1539 75 0 1608 59 26 1622 96 31 1641 7 28 1663 71 26 1828 68 30 1865 36 20 1933 78 29 2000 41 16 2078 62 13 2079 75 18 2158 59 20 2172 0 1 2182 2 6 2214 97 13 2214 99 1 2264 51 16 2275 40 28 2277 47 26 2397 23 3 2405 2 0 2426 92 15 2452 88 15 2474 59 1 2496 29 4 2510 13 14 2518 81 31 2552 68 4 2568 89 17 2583 99 7 2586 64 20 2592 98 17 2611 23 5 2612 65 29 2613 47 21 2653 37 16 2664 67 2 2702 66 29 2722 25 10 2805 77 8 2821 4 25 2852 83 8 2862 84 12 2892 71 9 2971 99 19 2973 16 10 3046 98 18 3060 84 4 3076 75 27 3177 70 13 3210 73 25 3229 26 3 3270 53 16 3273 68 26 3362 88 22
260 310 3e-05 75 27 5 77 47 20 93 7 20 93 91 10 94 14 25 100 42 7 100 52 11 108 22 20 112 43 10 115 89 12 148 81 17 149 69 10 151 4 22 156 69 11 158 10 16 167 5 0 189 58 2 227 62 19 249 50 30 265 86 24 270 18 1 294 100 13 304 54 9 305 66 18 330 72 0 332 38 9 346 24 29 364 83 12 364 83 22 367 14 24 386 2 13 394 83 1 396 40 21 419 43 7 448 97 7 454 52 31 455 100 28 479 52 9 487 1 2 497 76 31 498 32 0 505 65 23 507 42 15 509 84 11 511 95 27 514 50 9 515 95 5 516 45 4 533 96 10 544 41 23 550 50 13 560 75 13 560 97 16 568 64 26 574 88 29 575 21 5 580 6 5 590 16 20 599 81 25 605 70 14 607 5 1 607 11 6 619 35 23 624 87 0 625 90 16 636 21 30 639 88 26 666 92 1 686 18 22 686 20 25 695 90 20 699 54 9 708 36 28 751 95 10 753 40 1 762 35 12 766 52 21 775 94 17 780 2 27 798 95 6 810 66 2 811 12 26 814 52 24 814 79 2 817 80 28 840 59 8 867 25 16 877 56 21 881 52 4 889 40 0 895 66 16 904 13 27 912 70 15 920 18 29 957 96 29 969 49 10 978 56 15 984 60 27 1006 78 3 1018 75 28 1023 76 17 1026 64 22 1043 77 16 1068 57 30 1097 65 29 1140 51 7 1147 87 15 1156 26 5 1162 67 29 1168 5 8 1178 15 16 1231 47 17 1263 5 3 1270 83 24 1281 47 17 1287 12 10 1312 18 2 1315 54 7 1316 56 17 1320 14 16 1353 100 31 1405 87 20 1411 92 5 1414 0 28 1422 66 20 1432 15 22 1471 38 16 1473 9 22 1478 90 16 1500 87 15 1506 16 10 1508 26 13 1517 18 3 1525 75 2 1529 78 29 1539 46 26 1544 38 20 1552 12 7 1563 30 7 1573 42 10 1578 9 7 1580 31 3 1581 11 27 1584 29 19 1586 21 12 1606 21 22 1617 67 18 1626 50 23 1640 34 8 1671 34 6 1827 5 2 1832 81 4 1842 36 23 1882 37 3 1884 10 5 1894 29 26 1895 35 27 1921 42 11 1943 29 7 1960 1 27 1965 71 26 1978 40 31 1982 20 10 1987 87 2 1991 14 8 2005 43 3 2020 35 24 2036 63 27 2048 76 19 2051 44 23 2119 1 10 2122 88 20 2123 66 29 2141 8 15 2144 58 1 2156 78 9 2177 49 21 2178 33 17 2183 79 6 2185 49 27 2185 90 20 2208 83 11 2224 50 8 2230 84 23 2241 31 23 2246 35 12 2246 59 28 2246 97 13 2247 19 9 2264 39 22 2272 2 8 2275 46 1 2279 55 26 2303 98 27 2323 32 30 2324 67 1 2332 5 11 2341 58 0 2359 45 24 2363 96 21 2379 35 16 2385 41 13 2389 28 16 2393 98 2 2397 80 7 2399 98 29 2403 21 23 2403 55 4 2404 13 5 2417 76 20 2442 0 8 2459 89 22 2462 51 27 2482 19 29 2486 81 25 2504 73 6 2513 78 3 2533 19 20 2571 82 8 2576 57 6 2579 61 31 2588 72 18 2598 97 28 2607 21 26 2612 23 21 2621 4 4 2629 97 13 2647 24 22 2654 13 14 2661 57 6 2672 13 12 2711 65 6 2715 35 13 2754 58 27 2767 29 13 2777 97 8 2780 34 25 2788 66 27 2824 71 18 2843 95 9 2848 35 31 2849 52 24 2862 5 24 2877 79 21 2882 91 17 2886 87 14 2912 91 23 2913 13 2 2914 3 4 2928 68 11 2930 13 24 2930 51 12 2960 26 24 2966 91 30 2995 31 13 3010 36 26 3015 5 14 3023 13 19 3035 76 29 3038 26 16 3039 33 28 3051 38 16 3058 81 20 3062 67 6 3064 42 12 3073 93 29 3075 16 31 3088 42 23 3091 88 15 3105 0 14 3120 19 23 3124 10 28 3146 40 9 3152 38 16 3165 48 23 3169 43 4 3180 79 12 3183 43 3 3185 61 26 3187 47 16 3195 41 29 3198 15 27 3199 29 6 3203 44 11 3204 33 26 3212 33 1 3220 39 28 3222 97 0 3230 84 29 3233 9 9 3245 41 19 3247 27 25 3263 62 22 3269 100 4 3283 46 17 3292 4 16 3300 5 1 3304 57 25 3310 24 10 3311 76 19 3318 23 11 3324 41 23 3327 57 10 3328 43 24 3349 60 24 3368 85 11 3383 1 3 3387 19 25 3391 40 22 3400 90 8
261 310 3e-05 101 7 30 153 48 31 157 1 22 164 67 2 184 60 18 186 64 27 188 99 7 199 67 9 200 56 24 205 58 7 217 98 15 218 87 27 247 90 6 248 65 3 249 88 22 259 82 5 270 6 22 295 30 27 308 1 0 316 17 17 316 97 26 322 73 11 326 42 18 349 46 15 367 63 26 380 5 1 400 51 27 402 19 16 408 80 23 412 100 9 418 26 21 457 8 31 469 69 4 472 97 29 484 9 30 486 86 25 499 44 26 507 21 16 516 40 3 524 22 23 539 44 4 542 10 18 549 94 18 553 5 15 554 90 25 568 60 7 584 4 19 587 57 1 590 65 31 613 93 31 615 18 26 615 49 25 624 81 1 633 88 9 666 30 10 679 43 18 684 90 13 705 87 5 707 24 23 735 24 16 735 41 6 735 83 27 740 10 31 741 87 1 759 23 19 760 41 6 775 63 27 826 20 13 829 67 24 838 27 22 876 68 9 880 44 5 885 95 12 886 82 17 902 4 4 935 30 9 936 91 15 938 32 16 969 7 26 981 64 11 992 39 18 1000 59 25 1000 64 19 1007 65 8 1019 3 11 1027 85 24 1031 38 25 1034 43 23 1034 79 1 1047 100 18 1054 73 9 1066 5 18 1078 6 24 1096 30 15 1106 85 17 1123 3 23 1127 48 5 1136 88 11 1139 97 21 1145 71 25 1145 72 8 1146 71 18 1154 83 28 1179 88 8 1187 11 16 1210 31 27 1233 6 27 1237 24 23 1251 51 26 1285 8 20 1292 18 11 1292 19 3 1308 71 22 1315 60 5 1317 25 31 1317 64 10 1321 40 14 1330 63 10 1337 24 4 1345 85 23 1360 75 24 1366 12 20 1396 16 9 1396 95 4 1411 63 23 1415 80 24 1421 48 30 1434 89 29 1436 88 31 1438 63 31 1438 68 11 1455 38 9 1461 22 6 1490 74 17 1495 15 20 1499 84 30 1499 97 22 1509 94 9 1518 50 22 1535 97 8 1558 19 0 1566 10 30 1588 65 5 1597 51 2 1597 67 3 1599 99 0 1600 62 13 1604 74 28 1617 50 22 1626 28 4 1626 83 20 1644 56 5 1649 38 25 1650 72 3 1651 44 24 1658 65 31 1663 93 28 1669 79 21 1670 53 9 1818 72 6 1823 99 18 1845 72 15 1848 2 17 1851 81 2 1858 73 27 1860 38 26 1872 2 3 1874 90 6 1881 96 29 1884 92 25 1905 97 5 1916 4 15 1920 20 9 1922 64 22 1933 2 17 1934 69 20 1941 25 31 1944 81 7 1954 69 2 2001 46 30 2005 59 29 2013 5 20 2016 40 5 2020 6 31 2020 66 19 2020 86 21 2032 51 29 2045 40 5 2054 61 27 2059 75 28 2112 35 15 2124 68 27 2138 64 6 2138 78 3 2149 20 1 2157 49 8 2157 84 15 2159 84 6 2175 83 22 2184 40 30 2185 0 3 2194 25 14 2204 73 30 2204 89 1 2217 74 27 2227 62 15 2246 56 29 2247 93 31 2256 16 15 2277 32 3 2285 58 31 2287 8 21 2297 46 12 2306 59 26 2306 87 29 2318 66 18 2329 37 29 2332 53 22 2337 7 0 2352 38 10 2353 21 15 2370 17 9 2382 60 11 2402 13 8 2407 25 13 2418 64 17 2423 74 27 2437 56 22 2443 68 21 2448 58 20 2458 18 17 2465 82 10 2470 90 19 2474 78 29 2485 78 7 2492 68 28 2494 45 2 2507 83 19 2508 50 7 2533 50 27 2558 40 13 2589 82 10 2593 8 7 2602 80 22 2605 8 17 2620 26 3 2622 9 0 2631 91 26 2672 64 14 2697 28 20 2718 6 15 2720 43 18 2740 40 4 2741 87 17 2742 5 17 2747 58 30 2759 81 23 2764 100 19 2776 98 18 2785 95 5 2815 99 20 2820 81 21 2824 19 19 2855 37 2 2872 39 19 2877 27 0 2912 48 8 2913 84 21 2918 73 14 2947 82 16 2990 0 21 3000 26 18 3021 54 27 3026 93 30 3033 20 1 3087 97 27 3088 2 7 3094 46 30 3117 90 0 3122 78 29 3138 67 31 3143 57 22 3151 65 23 3166 19 18 3189 42 8 3217 74 9 3221 5 21 3226 2 19 3238 49 6 3245 21 6 3246 48 30 3259 0 23 3267 55 5 3273 27 2 3278 95 3 3284 6 1 3284 23 22 3289 52 11 3296 23 15 3325 56 14 3326 26 7 3328 18 1 3328 100 29 3355 19 30 3355 42 14 3363 68 9 3366 56 5 3374 10 23 3381 54 28 3403 92 31
262 310 3e-05 90 72 30 97 33 16 104 43 11 134 3 18 135 26 21 155 16 17 164 26 5 168 79 15 170 54 5 171 77 6 206 62 1 209 18 15 212 0 31 216 63 16 228 43 30 230 53 16 241 25 7 279 17 18 291 37 3 313 60 28 322 52 8 328 76 28 350 82 14 355 48 3 361 24 22 373 45 11 386 0 30 398 19 7 398 38 12 402 74 23 407 89 23 408 54 12 414 57 1 436 71 22 451 98 8 469 68 0 470 10 16 491 99 19 500 15 3 502 17 22 519 27 29 519 85 23 522 94 24 528 79 6 543 39 13 545 31 16 549 40 26 552 37 14 555 65 24 578 91 2 590 65 10 596 57 16 626 8 12 635 63 11 636 23 6 681 14 2 698 68 27 711 35 27 721 66 24 725 78 20 728 24 27 729 39 4 738 8 25 738 68 2 739 55 6 765 24 6 766 54 29 772 22 1 779 37 8 790 56 3 805 48 25 813 22 6 826 70 14 843 38 11 867 61 28 870 2 28 876 10 8 888 17 17 914 45 21 924 94 30 928 24 10 934 2 14 937 75 16 942 46 9 944 51 25 953 43 8 998 31 25 1006 26 23 1015 0 30 1033 66 29 1033 86 21 1038 99 9 1039 26 31 1047 86 5 1052 38 28 1063 76 31 1131 10 1 1134 34 28 1150 77 20 1164 57 3 1169 58 8 1170 3 12 1206 1 2 1206 61 2 1222 27 28 1223 19 6 1227 100 30 1230 97 20 1238 26 26 1239 3 2 1249 65 27 1256 95 28 1267 31 19 1287 83 5 1298 67 6 1299 73 28 1329 59 30 1331 99 13 1346 60 27 1348 50 3 1359 79 23 1390 58 7 1395 24 2 1402 1 7 1402 8 23 1402 45 8 1407 30 4 1408 63 12 1410 43 19 1432 99 7 1440 79 28 1443 16 19 1458 33 11 1474 13 29 1481 33 28 1484 94 23 1486 90 12 1489 22 14 1498 74 13 1517 14 10 1530 37 27 1573 57 5 1574 90 12 1628 85 21 1634 55 22 1647 22 14 1647 76 12 1648 37 0 1654 34 7 1655 34 12 1655 84 18 1659 65 15 1669 59 8 1808 6 11 1809 33 3 1818 40 18 1818 70 13 1822 4 28 1835 61 12 1836 42 11 1845 69 27 1846 46 15 1856 58 17 1874 44 31 1883 38 16 1884 0 3 1889 4 1 1903 83 21 1906 83 30 1908 8 14 1908 57 10 1925 88 5 1930 64 26 1957 44 15 1960 60 23 1975 41 6 2004 8 25 2070 38 10 2094 78 26 2099 0 19 2154 3 7 2157 45 25 2167 61 12 2170 31 6 2220 33 3 2234 5 27 2238 71 5 2242 23 16 2246 76 0 2251 63 27 2254 28 19 2270 6 11 2271 22 14 2272 19 10 2294 17 21 2304 85 11 2319 66 24 2327 98 7 2338 17 17 2350 77 3 2354 64 31 2356 77 18 2360 72 25 2400 99 31 2413 11 9 2414 71 18 2433 43 0 2499 2 30 2504 39 0 2510 22 22 2538 63 27 2543 70 4 2545 33 3 2549 39 21 2567 19 13 2579 29 0 2583 54 23 2593 62 24 2595 96 23 2596 47 26 2606 76 4 2629 7 18 2669 65 9 2683 22 24 2688 24 16 2738 69 7 2742 39 23 2759 6 13 2759 35 2 2760 72 31 2762 50 1 2768 66 4 2769 68 25 2772 44 19 2774 74 2 2778 29 8 2780 75 26 2782 89 6 2785 53 21 2787 32 20 2816 17 7 2820 75 6 2823 87 30 2837 4 21 2842 45 19 2843 56 0 2843 58 9 2844 28 25 2845 13 9 2866 54 17 2878 76 25 2885 11 24 2885 40 18 2886 65 20 2891 47 7 2895 31 23 2925 59 10 2935 31 19 2949 93 16 2979 93 30 2986 57 6 2991 14 8 3007 75 29 3008 89 7 3014 80 2 3022 43 24 3025 5 21 3037 68 26 3039 16 31 3049 11 1 3057 93 15 3062 26 10 3067 53 9 3069 17 7 3085 35 16 3121 62 20 3127 4 20 3131 56 29 3135 5 1 3135 35 5 3150 34 22 3156 83 4 3165 17 12 3198 92 26 3218 7 28 3230 74 10 3231 10 6 3241 26 4 3246 30 17 3261 63 24 3263 65 23 3266 12 4 3272 9 15 3275 13 9 3291 69 1 3303 18 0 3303 30 3 3327 25 6 3334 20 20 3350 33 9 3360 5 23 3367 58 14 3367 87 25 3368 20 7 3387 68 5 3393 19 11 3393 70 6 3399 66 28 3400 76 24 3405 37 19
263 310 3e-05 82 65 26 110 12 8 111 68 1 114 31 5 115 59 6 150 64 25 154 66 1 155 77 5 157 16 13 185 80 1 188 24 15 189 21 24 197 65 9 216 27 10 223 10 11 225 58 15 237 32 2 244 4 18 247 98 4 249 13 10 294 13 14 297 29 27 300 87 1 302 29 18 306 87 28 318 49 2 323 68 17 326 32 2 340 2 28 340 58 10 341 71 25 349 100 24 356 94 9 363 29 31 377 98 31 379 3 27 385 43 30 389 72 27 403 69 19 404 91 14 416 75 17 421 82 14 422 59 2 427 98 0 433 7 20 453 64 16 457 52 7 483 14 20 487 92 17 510 23 5 515 72 13 550 48 13 550 65 20 569 16 24 573 74 29 585 46 11 601 44 25 605 51 13 660 23 0 666 83 0 675 66 29 707 81 1 736 13 5 740 85 25 747 79 10 748 66 31 751 5 20 753 7 26 771 41 28 795 76 6 797 81 24 799 31 19 801 86 9 811 94 15 812 65 21 822 68 23 858 83 12 867 38 24 873 88 9 879 94 22 885 50 20 889 57 21 893 13 25 900 1 9 904 4 15 927 54 13 934 46 8 949 47 15 958 45 3 967 16 23 971 26 17 990 22 3 993 31 7 1007 31 18 1021 10 5 1024 40 22 1028 5 1 1044 64 19 1046 44 12 1074 47 27 1100 13 6 1118 67 24 1124 55 24 1137 45 22 1146 12 22 1146 87 21 1150 95 11 1160 81 20 1171 57 19 1178 25 0 1200 52 9 1208 42 28 1211 31 9 1213 48 23 1218 1 22 1225 35 21 1237 74 25 1240 15 4 1272 37 11 1274 80 8 1286 63 26 1296 1 14 1304 62 7 1315 38 24 1316 30 26 1320 52 11 1377 66 0 1378 73 11 1394 88 2 1411 23 22 1412 32 17 1425 40 20 1427 1 22 1435 25 31 1435 96 15 1444 1 6 1445 88 9 1462 44 31 1480 77 24 1488 34 20 1501 97 0 1509 42 24 1510 45 6 1526 0 20 1526 92 1 1533 74 23 1535 3 25 1575 66 28 1585 74 17 1623 19 18 1632 50 26 1638 54 14 1640 39 25 1653 36 22 1818 15 2 1827 35 26 1828 53 6 1830 12 16 1839 99 11 1843 67 3 1865 57 15 1875 5 25 1880 58 23 1904 93 22 1910 23 24 1911 14 10 1913 9 17 1920 8 11 1920 16 20 1923 41 23 1927 81 10 1933 41 12 1935 37 31 1944 61 31 1955 1 19 1969 18 5 1976 74 29 1981 30 5 1994 86 2 1995 44 4 1999 94 15 2007 73 7 2008 28 22 2022 62 13 2024 55 24 2031 97 10 2042 62 8 2053 36 3 2054 96 31 2091 87 27 2094 98 25 2099 1 0 2103 12 6 2104 82 27 2118 0 11 2118 62 9 2119 82 23 2132 87 18 2133 69 30 2140 58 20 2157 38 17 2175 33 27 2176 23 24 2181 56 14 2186 59 7 2246 73 13 2259 69 18 2261 38 10 2269 6 8 2281 32 2 2282 73 27 2292 24 17 2301 75 25 2304 24 27 2310 47 31 2330 17 21 2331 54 28 2338 46 2 2345 67 7 2350 63 27 2356 30 9 2377 20 9 2393 99 0 2402 61 31 2421 37 13 2431 50 16 2444 96 15 2473 36 2 2478 57 6 2492 91 21 2494 49 20 2536 64 6 2545 0 31 2556 10 12 2569 76 11 2579 50 17 2588 48 4 2591 28 12 2630 58 12 2641 7 13 2641 46 11 2644 43 20 2653 70 8 2654 48 26 2664 92 16 2671 63 16 2688 62 23 2696 1 8 2703 1 5 2703 58 2 2740 26 29 2772 0 31 2774 9 29 2799 74 30 2812 53 16 2838 61 22 2844 84 14 2877 45 5 2890 12 7 2905 82 31 2908 86 9 2917 7 14 2921 43 11 2931 62 29 2952 53 19 2959 24 17 2980 64 29 2982 67 24 3004 80 8 3006 11 18 3029 18 8 3038 86 11 3047 78 6 3048 30 9 3054 6 29 3069 74 18 3071 72 27 3094 20 19 3112 64 8 3114 57 5 3115 89 30 3124 14 15 3172 46 13 3204 47 11 3206 4 6 3207 18 8 3210 55 24 3220 20 0 3223 92 5 3224 90 29 3229 15 6 3233 49 2 3237 56 15 3239 41 19 3240 9 27 3242 13 31 3245 8 14 3256 17 10 3258 76 27 3261 71 26 3297 98 11 3330 49 26 3335 7 17 3339 94 19 3350 23 25 3357 7 25 3361 95 5 3370 34 21 3377 45 11 3396 82 14
264 310 3e-05 75 31 3 76 67 1 92 41 28 112 10 24 124 53 27 124 75 9 146 56 6 152 44 17 184 83 1 188 87 13 190 3 31 207 96 15 223 53 31 230 90 2 241 93 14 242 53 5 245 43 28 250 87 8 287 63 7 301 27 27 305 7 5 311 71 25 335 41 17 338 91 31 370 38 9 378 7 4 395 34 26 403 24 22 405 46 20 421 77 24 425 61 10 431 11 12 441 22 31 442 18 10 455 51 20 461 57 5 462 68 4 480 83 25 486 51 4 492 70 25 495 87 0 520 31 0 532 55 16 535 61 29 561 82 0 597 96 9 601 75 27 613 39 8 632 73 14 637 51 15 637 60 20 647 9 24 663 4 5 669 21 24 669 79 10 671 9 6 672 25 15 687 27 26 691 99 3 725 17 30 750 29 29 781 60 0 787 20 10 804 76 29 808 70 11 813 79 9 817 17 22 826 35 4 853 33 24 867 62 22 896 75 23 899 56 15 913 89 28 916 43 10 936 70 7 937 46 9 939 93 8 947 11 5 963 5 2 966 79 29 979 21 7 981 63 14 991 64 12 1015 49 18 1032 81 23 1037 51 22 1046 96 31 1048 1 29 1064 88 31 1069 47 26 1078 84 31 1086 71 24 1127 81 16 1127 97 25 1135 87 28 1136 57 3 1150 30 21 1157 44 18 1161 46 1 1169 34 3 1175 23 31 1183 0 13 1185 60 5 1203 0 20 1203 98 7 1209 40 11 1211 21 12 1216 0 17 1238 76 25 1259 68 26 1291 30 3 1292 71 31 1296 67 5 1297 1 25 1302 45 27 1309 51 30 1317 1 2 1322 73 24 1328 69 23 1334 78 25 1335 48 18 1338 100 19 1350 75 13 1360 85 10 1370 16 17 1379 7 8 1381 28 14 1382 8 12 1400 98 1 1401 18 12 1403 98 23 1413 99 7 1418 64 26 1442 99 4 1450 56 0 1483 3 7 1495 73 3 1503 4 10 1503 98 4 1504 44 27 1505 86 5 1510 100 27 1517 0 24 1532 24 8 1539 25 23 1556 43 10 1568 56 26 1577 71 16 1581 2 5 1584 37 4 1597 53 3 1614 89 13 1615 86 26 1619 30 30 1633 92 27 1658 1 5 1810 60 1 1810 77 25 1811 28 4 1820 2 4 1830 0 11 1848 60 22 1850 15 11 1851 11 1 1863 30 5 1882 17 12 1897 20 12 1897 50 16 1911 11 7 1915 64 2 1952 11 16 1965 75 7 1971 94 2 1976 75 28 1983 34 31 1993 80 14 2004 86 9 2030 13 8 2037 20 31 2058 13 23 2085 38 8 2096 91 9 2107 72 9 2108 26 22 2130 51 0 2131 94 12 2163 17 14 2169 59 5 2214 35 1 2214 70 30 2219 25 10 2290 74 12 2291 23 27 2301 39 27 2305 10 2 2315 44 16 2322 63 5 2325 48 31 2340 94 2 2341 21 30 2344 95 13 2361 74 3 2379 72 25 2392 80 24 2397 62 29 2399 69 1 2407 0 9 2418 27 29 2431 64 10 2436 45 3 2439 40 7 2444 45 29 2455 22 3 2464 90 18 2467 48 13 2470 55 10 2490 25 12 2507 80 18 2508 50 30 2512 55 11 2514 98 27 2529 12 15 2529 90 2 2532 86 13 2534 65 8 2540 0 10 2544 0 30 2544 6 6 2546 61 19 2547 39 5 2551 84 22 2555 68 5 2566 71 21 2579 55 11 2597 53 27 2602 99 18 2608 62 24 2609 74 11 2629 35 18 2661 80 5 2673 53 0 2698 39 23 2713 94 27 2715 94 8 2728 45 10 2751 98 5 2754 1 20 2771 98 12 2786 17 3 2788 26 29 2809 24 7 2829 83 7 2832 83 8 2839 61 27 2848 20 17 2864 1 11 2868 23 15 2876 24 30 2885 0 10 2885 67 1 2888 100 2 2889 66 27 2895 86 17 2909 89 29 2942 57 30 2952 59 29 2961 21 5 2971 11 9 2971 93 29 2975 56 29 2994 27 2 3000 9 1 3003 52 0 3003 97 13 3030 46 15 3033 5 6 3041 94 27 3046 82 19 3056 11 26 3063 70 24 3080 46 26 3087 11 31 3093 100 1 3095 100 23 3122 35 12 3140 79 9 3151 31 8 3155 11 15 3176 79 30 3178 85 6 3183 91 19 3222 89 0 3227 65 21 3229 80 22 3235 48 23 3251 98 2 3252 14 2 3266 69 1 3271 32 10 3272 76 0 3303 84 10 3304 81 9 3305 66 2 3307 51 18 3310 23 25 3358 54 29 3365 50 27 3368 16 31 3371 44 8 3376 82 26
265 310 3e-05 81 61 17 92 74 3 93 81 2 94 25 15 95 67 29 100 43 2 104 90 17 145 54 26 157 55 22 178 69 10 215 12 5 216 38 23 229 96 6 256 24 25 256 31 9 264 90 15 269 25 1 277 55 22 305 7 6 306 51 5 349 63 25 360 60 17 367 25 10 391 59 0 398 89 18 410 2 23 410 9 27 416 87 17 434 66 31 449 98 20 459 30 29 462 92 1 489 22 20 493 70 24 506 4 30 508 1 2 510 58 15 514 96 10 517 59 1 523 57 21 549 57 11 568 72 17 574 43 29 579 83 5 584 84 5 584 96 3 585 29 11 598 75 15 605 94 30 625 14 4 627 29 29 630 19 5 633 70 29 634 46 31 650 61 13 673 16 24 682 6 23 686 63 21 689 44 13 702 100 31 738 67 9 743 31 30 750 68 2 755 7 9 763 55 4 770 87 1 775 5 10 776 95 16 792 2 16 794 80 4 807 14 21 829 65 17 846 15 10 847 89 10 864 86 8 872 47 13 886 100 15 890 96 17 915 64 26 924 56 23 925 1 27 926 6 11 926 33 3 926 97 13 930 24 17 950 87 27 951 65 12 957 85 18 981 49 29 990 9 5 993 59 22 996 90 21 1009 13 13 1013 18 22 1015 76 24 1016 70 3 1023 68 19 1024 17 4 1030 41 6 1059 24 19 1086 34 24 1121 49 4 1134 81 12 1157 31 19 1163 53 12 1211 60 5 1215 1 22 1218 18 8 1228 56 25 1266 97 8 1273 90 10 1297 32 1 1304 82 18 1350 29 19 1361 42 9 1364 18 31 1367 100 9 1373 56 13 1375 41 20 1389 9 5 1391 51 13 1400 76 30 1426 64 27 1451 53 31 1453 79 29 1454 33 15 1466 15 16 1473 48 22 1473 75 3 1499 19 3 1520 32 30 1530 35 29 1540 44 3 1546 12 8 1561 42 7 1564 27 0 1564 43 31 1569 46 3 1577 38 15 1595 78 12 1596 70 10 1602 17 12 1654 89 13 1656 94 27 1665 77 20 1671 78 11 1828 76 9 1832 2 20 1840 16 15 1858 12 27 1858 54 16 1859 91 26 1882 13 6 1912 52 4 1918 54 5 1927 87 20 1931 18 7 1946 78 20 1969 69 21 1971 8 5 1990 70 22 1997 94 20 1999 69 11 2007 74 3 2020 13 24 2021 6 18 2036 12 3 2037 20 23 2057 100 18 2066 70 28 2074 64 10 2105 43 12 2109 40 18 2120 1 24 2128 38 14 2151 26 29 2165 87 25 2175 25 3 2179 92 25 2182 28 15 2193 66 30 2207 30 17 2213 52 20 2213 80 31 2231 88 16 2233 45 25 2248 96 0 2250 57 28 2282 99 8 2289 17 17 2289 26 6 2291 11 23 2303 17 9 2303 22 26 2316 77 4 2323 93 1 2324 34 23 2324 75 30 2352 20 14 2354 43 7 2365 16 14 2369 4 1 2369 57 28 2371 70 26 2374 72 24 2380 9 9 2384 74 1 2392 86 26 2403 47 24 2420 77 12 2434 48 7 2444 54 25 2465 32 20 2466 62 26 2476 81 14 2477 78 6 2488 61 29 2490 7 10 2492 51 21 2497 57 18 2515 99 25 2526 35 12 2529 92 23 2540 17 27 2570 9 31 2572 48 7 2584 35 26 2601 83 14 2614 13 17 2617 34 24 2619 91 22 2648 82 6 2651 3 10 2683 67 31 2684 3 7 2698 95 1 2711 77 6 2721 95 18 2746 99 3 2761 15 25 2765 77 15 2766 39 18 2782 68 9 2795 8 14 2806 49 13 2823 30 12 2839 5 13 2843 14 30 2857 48 25 2871 70 10 2872 68 12 2881 31 0 2888 18 20 2900 96 7 2907 13 8 2912 31 3 2912 68 2 2927 93 19 2933 42 0 2934 59 0 2937 37 2 2951 51 10 2955 58 2 2958 55 19 2965 36 30 2971 88 31 2975 75 16 2980 75 20 2994 27 1 2996 44 8 3006 97 12 3017 22 24 3021 89 28 3031 87 30 3033 97 7 3038 39 30 3052 95 3 3055 63 3 3057 68 5 3064 38 9 3071 51 28 3082 33 25 3089 90 3 3090 52 28 3095 19 24 3139 56 16 3147 95 21 3155 39 13 3164 66 21 3201 36 9 3214 68 17 3225 5 16 3239 46 21 3259 88 21 3283 53 29 3295 60 16 3316 21 28 3319 76 22 3320 74 3 3331 8 19 3341 46 1 3342 59 4 3347 6 27 3367 81 11 3386 95 12 3391 97 9 3392 54 30 3400 7 31 3403 54 21 3404 71 19
266 310 3e-05 73 38 28 74 10 14 91 82 3 110 5 28 111 84 10 156 83 10 162 77 17 175 95 12 179 74 0 189 9 19 198 28 16 223 34 19 233 44 1 235 67 5 237 45 22 250 75 18 261 15 22 268 84 9 280 52 19 294 40 8 294 61 29 296 74 24 322 27 14 322 45 2 332 65 15 333 7 0 336 24 0 346 42 12 362 69 22 372 55 8 378 100 22 380 62 14 389 83 7 391 89 17 392 59 18 393 75 13 394 11 0 395 69 23 406 94 22 421 14 28 422 54 1 427 15 26 456 94 7 458 71 17 499 7 17 508 92 25 509 26 27 520 21 14 552 93 13 554 61 10 562 6 30 572 24 5 577 44 25 609 7 3 615 94 11 618 22 30 628 35 10 665 87 5 680 53 2 686 83 16 692 29 3 697 55 13 702 24 25 725 1 3 761 24 20 782 50 24 786 90 4 788 71 17 802 94 24 831 23 13 843 69 2 858 50 3 864 73 19 901 91 15 906 85 25 908 67 28 919 78 4 927 84 24 935 40 8 941 22 6 961 97 2 963 79 3 982 66 11 985 84 2 987 40 26 989 10 13 992 1 2 995 49 7 1001 61 10 1013 9 12 1026 53 6 1030 76 13 1031 49 7 1032 86 8 1035 95 30 1037 29 20 1040 25 1 1043 40 9 1067 38 15 1076 94 5 1084 34 23 1085 19 21 1097 32 8 1098 32 9 1117 92 11 1122 2 17 1127 78 28 1135 42 11 1145 48 7 1151 93 7 1152 15 0 1157 40 9 1161 99 20 1164 26 30 1170 47 22 1180 7 27 1182 88 23 1201 93 15 1209 76 25 1210 27 19 1238 82 2 1245 20 15 1260 20 16 1272 23 2 1273 63 24 1304 91 2 1304 93 7 1306 54 21 1322 97 15 1330 29 1 1337 20 22 1343 59 24 1346 85 21 1383 71 12 1411 61 23 1413 92 11 1417 9 24 1417 86 5 1435 3 3 1439 60 9 1447 65 13 1458 81 29 1478 57 6 1481 45 27 1488 80 6 1500 57 6 1505 74 29 1508 72 30 1510 34 12 1514 23 9 1534 51 31 1553 61 10 1555 33 18 1556 61 2 1560 69 27 1562 44 23 1571 52 0 1588 13 5 1589 50 2 1597 22 30 1602 86 24 1606 96 2 1619 100 11 1641 12 26 1653 19 17 1666 86 22 1666 91 23 1837 93 0 1853 76 21 1858 63 29 1862 63 12 1896 96 28 1909 51 30 1911 87 22 1919 64 11 1940 59 11 1945 69 5 1956 8 9 1958 70 15 1988 65 26 2008 15 17 2014 55 24 2022 82 13 2034 33 1 2059 72 28 2060 18 21 2071 76 20 2084 21 25 2087 86 15 2110 56 8 2115 97 8 2117 39 15 2117 55 6 2130 18 8 2146 82 22 2151 94 9 2158 48 3 2172 4 3 2193 6 14 2195 70 1 2212 71 4 2229 55 17 2234 86 23 2241 80 12 2252 49 8 2254 49 29 2266 72 20 2274 93 6 2287 86 3 2288 48 4 2288 81 23 2302 33 19 2322 87 12 2329 1 14 2347 26 6 2377 44 9 2386 23 2 2402 65 5 2402 74 20 2430 22 0 2434 4 4 2443 84 6 2453 16 12 2456 14 18 2462 93 16 2463 20 2 2483 99 27 2486 29 3 2489 91 12 2507 27 3 2513 55 31 2540 49 5 2540 78 13 2578 12 10 2594 88 28 2598 53 23 2608 96 30 2629 18 19 2673 38 2 2684 3 30 2686 38 16 2694 30 17 2710 64 16 2722 56 4 2735 80 18 2738 40 23 2752 0 25 2760 85 1 2763 27 27 2763 88 9 2769 58 19 2778 6 24 2823 88 12 2836 82 23 2837 18 17 2848 5 8 2851 27 31 2856 74 25 2890 80 20 2912 100 27 2925 75 9 2928 60 26 2929 16 2 2954 62 28 2970 29 15 2979 69 3 2980 69 5 2989 21 12 2994 39 8 2996 9 13 2998 94 0 3004 39 12 3004 66 6 3011 58 19 3029 50 25 3043 5 3 3051 84 26 3073 39 20 3074 84 15 3078 35 25 3092 18 7 3096 38 24 3097 71 4 3100 14 2 3101 14 20 3116 34 17 3124 78 23 3126 57 1 3148 32 8 3200 68 14 3210 41 28 3212 76 9 3213 59 10 3217 36 29 3237 32 24 3245 18 27 3267 93 12 3279 8 21 3285 62 20 3293 22 0 3296 5 1 3296 61 5 3297 16 18 3304 88 15 3318 45 24 3320 22 13 3335 23 27 3347 57 28 3366 5 11 3381 52 18
267 310 3e-05 80 11 0 97 38 3 102 54 13 112 30 28 118 28 12 118 56 17 122 37 4 132 34 5 134 45 29 144 87 9 151 79 3 157 28 7 157 63 12 166 67 8 167 83 0 208 81 21 213 71 9 219 40 5 226 27 9 238 67 22 242 49 8 249 28 21 258 14 7 263 45 24 283 70 27 289 22 20 315 61 28 333 45 7 337 15 3 344 32 19 346 54 23 348 49 4 357 18 15 367 35 10 414 23 15 419 25 7 427 87 7 452 18 17 459 42 12 483 69 10 493 88 2 510 61 12 512 21 19 545 68 16 553 70 4 554 8 31 567 82 23 585 64 15 587 29 17 598 98 11 599 50 13 619 35 0 632 29 11 654 34 12 658 96 11 660 5 25 663 94 5 664 2 8 714 58 31 724 70 5 729 1 9 732 36 6 756 6 22 779 36 31 782 95 7 791 16 21 797 6 13 817 30 16 821 24 21 822 78 31 827 17 9 861 91 5 878 61 6 896 44 8 902 55 17 912 3 22 914 25 11 914 67 3 935 65 26 936 14 21 938 23 23 939 100 10 950 56 15 965 95 23 982 2 24 1012 2 14 1030 37 1 1042 73 11 1059 65 28 1060 90 4 1067 94 7 1076 41 3 1077 15 31 1099 19 22 1105 2 7 1116 46 30 1116 87 17 1124 39 7 1126 44 28 1127 16 23 1127 89 5 1167 49 11 1168 22 28 1168 65 29 1169 58 17 1193 19 18 1193 28 6 1195 56 21 1203 41 23 1213 16 12 1256 11 7 1257 21 19 1259 2 24 1280 88 21 1283 74 12 1284 12 9 1297 97 8 1303 19 30 1303 41 15 1317 52 8 1337 99 11 1351 64 7 1369 46 5 1398 10 21 1404 47 17 1411 65 0 1421 19 11 1427 31 23 1432 81 24 1434 26 6 1443 93 11 1449 11 23 1449 25 14 1450 76 9 1458 15 15 1464 43 30 1465 22 23 1469 3 1 1469 44 3 1502 8 19 1517 58 9 1533 29 0 1534 15 30 1536 5 19 1536 47 9 1537 51 10 1544 92 28 1550 62 18 1568 100 30 1586 76 28 1587 24 5 1617 29 3 1619 2 12 1630 85 9 1650 0 1 1650 14 22 1650 18 21 1667 82 6 1836 79 12 1839 54 28 1844 91 7 1855 57 14 1863 47 13 1868 19 14 1884 28 0 1898 75 18 1899 10 2 1911 23 14 1919 76 3 1935 70 3 1952 94 23 1954 99 20 1972 93 11 1981 21 11 1999 41 19 2003 96 12 2004 6 2 2015 79 25 2017 69 28 2025 48 8 2026 72 1 2066 99 15 2072 30 25 2089 86 20 2097 77 13 2098 59 20 2106 14 21 2115 26 1 2141 10 22 2144 30 5 2151 41 11 2176 15 11 2179 44 26 2185 92 9 2194 91 21 2203 1 31 2203 22 2 2206 92 13 2219 93 23 2221 84 17 2239 93 12 2246 78 28 2247 11 3 2258 84 10 2260 84 28 2273 18 26 2276 65 2 2286 55 0 2298 39 26 2300 27 15 2312 39 3 2319 47 31 2320 8 16 2328 11 15 2335 39 25 2345 22 15 2369 63 6 2379 52 5 2381 93 15 2390 33 9 2404 74 14 2430 58 29 2431 93 19 2437 1 29 2438 59 11 2440 74 20 2457 41 10 2459 68 16 2460 20 22 2481 83 26 2490 7 16 2495 15 21 2496 51 5 2512 22 5 2527 70 20 2530 61 19 2536 43 3 2548 84 6 2562 75 24 2579 67 27 2610 92 30 2616 42 6 2617 34 7 2619 72 0 2631 35 21 2634 47 23 2656 95 31 2666 76 12 2667 19 0 2674 29 15 2699 31 0 2705 79 4 2717 93 4 2747 93 31 2761 82 10 2775 99 1 2835 59 2 2840 21 13 2840 21 19 2857 70 23 2871 21 12 2877 24 31 2884 66 17 2899 45 20 2920 21 28 2923 83 19 2942 98 13 2945 96 4 2968 53 7 2969 28 21 2980 42 31 2982 37 24 2994 23 30 3032 41 0 3033 100 12 3044 77 7 3045 97 23 3077 76 1 3081 61 24 3105 75 3 3111 34 1 3113 16 25 3121 12 22 3128 28 30 3128 58 3 3134 29 5 3147 44 0 3164 26 31 3171 25 3 3178 68 22 3192 85 21 3227 37 11 3228 73 2 3234 34 27 3235 19 27 3246 64 27 3278 99 1 3285 4 2 3292 85 31 3300 55 5 3304 28 19 3311 75 29 3313 2 19 3336 22 22 3345 42 3 3355 33 31 3357 27 18 3385 26 18 3387 56 9 3390 71 5
268 310 3e-05 77 74 13 85 91 17 102 96 15 104 9 6 104 24 25 111 0 16 118 16 21 131 80 24 140 35 24 157 13 3 159 53 31 165 33 14 169 16 5 177 36 18 179 83 13 182 37 10 186 80 10 191 22 25 192 87 19 195 17 10 205 30 3 205 95 29 234 83 25 262 23 11 262 45 14 283 56 1 288 8 30 316 90 0 340 1 11 369 48 4 371 10 9 395 96 6 404 47 2 411 25 22 418 5 25 441 30 21 448 14 10 466 81 24 470 41 11 501 25 22 505 61 28 512 2 16 513 6 11 515 72 1 517 25 6 520 44 3 520 90 28 525 82 1 529 43 1 536 73 16 562 80 7 572 83 16 581 48 25 582 89 25 584 71 31 593 58 29 595 48 16 622 51 2 633 59 11 638 82 30 654 70 6 678 19 19 685 49 25 690 20 3 690 42 3 693 86 12 706 89 26 707 89 22 711 54 22 724 91 11 730 22 23 730 40 10 737 88 21 740 14 30 747 98 23 767 70 14 768 56 20 803 56 1 804 3 7 816 13 15 824 2 5 830 85 17 841 2 12 842 93 25 858 71 28 862 34 28 870 73 27 872 68 6 877 22 6 894 53 18 909 18 7 914 8 8 933 37 26 935 17 18 952 69 8 954 22 19 960 24 0 964 24 20 964 98 14 974 62 23 985 59 2 1004 60 17 1007 77 18 1014 21 2 1017 80 27 1029 14 22 1032 2 11 1046 83 8 1062 20 4 1100 64 15 1106 14 10 1116 80 15 1121 13 17 1129 87 23 1133 77 17 1135 98 27 1151 48 0 1174 25 29 1177 95 28 1199 33 24 1205 65 15 1251 0 11 1252 2 3 1253 63 16 1274 69 11 1291 34 16 1296 88 30 1302 48 15 1315 47 16 1319 99 17 1322 17 21 1322 20 7 1330 47 24 1350 80 24 1350 91 24 1355 64 7 1370 7 29 1371 11 6 1393 71 1 1437 48 22 1452 28 29 1452 69 8 1494 23 29 1496 48 12 1502 4 18 1512 47 25 1533 48 29 1542 40 19 1548 67 19 1564 91 27 1566 18 13 1577 17 13 1586 45 12 1590 99 22 1591 82 6 1596 36 21 1616 10 31 1627 20 25 1636 29 31 1636 48 20 1643 36 16 1646 15 27 1655 7 14 1658 90 13 1663 73 26 1859 92 21 1861 95 17 1869 42 4 1870 2 1 1871 38 22 1904 17 10 1939 55 2 1952 12 3 1954 69 15 1958 38 17 1988 19 14 1989 60 9 1992 71 6 2000 9 24 2035 86 13 2037 10 4 2047 70 3 2051 3 21 2051 25 8 2053 15 27 2096 97 7 2101 16 15 2103 2 25 2110 70 4 2124 10 25 2128 68 6 2138 33 25 2139 4 14 2148 59 25 2170 13 2 2170 31 22 2173 24 26 2199 59 15 2208 64 16 2221 89 13 2229 68 15 2242 54 20 2247 5 13 2254 68 8 2270 27 29 2278 22 31 2279 24 11 2294 56 11 2295 66 2 2297 14 10 2313 51 12 2314 26 1 2319 79 8 2354 28 1 2361 86 30 2366 3 16 2397 10 9 2411 60 25 2424 82 1 2439 86 22 2444 84 26 2451 4 20 2454 90 28 2473 58 26 2476 95 27 2494 21 29 2495 83 0 2504 0 21 2515 6 1 2522 51 1 2525 85 14 2537 39 13 2537 40 26 2548 77 23 2549 55 12 2564 45 23 2570 19 19 2587 76 9 2587 92 26 2588 66 22 2624 53 16 2640 9 28 2645 68 26 2656 69 3 2673 17 0 2673 61 17 2674 0 17 2683 40 24 2707 93 14 2728 71 19 2749 55 0 2762 8 9 2794 1 15 2797 56 25 2804 74 28 2815 56 17 2816 84 3 2818 90 15 2824 16 9 2825 84 30 2843 52 11 2858 72 25 2866 39 16 2868 61 15 2885 38 10 2904 58 14 2910 87 28 2920 1 7 2932 30 23 2935 20 2 2944 39 8 2949 35 17 2967 8 1 2991 73 12 3030 34 26 3030 51 4 3032 55 4 3033 17 10 3036 76 20 3042 97 18 3045 76 28 3077 12 18 3094 93 10 3118 46 29 3141 50 22 3145 8 31 3147 75 13 3151 78 8 3153 18 31 3169 37 1 3184 44 20 3195 57 25 3197 74 14 3208 2 4 3225 48 28 3234 83 20 3240 72 21 3250 41 18 3264 42 2 3265 25 24 3286 7 13 3303 66 30 3304 100 30 3316 68 0 3318 94 20 3339 92 23 3350 38 26 3383 45 16 3391 16 17 3405 56 31
269 310 3e-05 75 11 10 82 67 10 99 41 31 116 41 20 121 64 26 133 25 30 135 57 30 142 88 0 149 91 9 150 68 22 164 43 18 174 61 24 177 0 17 186 27 19 197 74 29 200 16 4 205 49 8 241 51 22 246 26 8 253 65 23 254 15 24 268 21 7 287 35 27 290 41 24 306 69 13 313 26 4 315 1 2 318 5 26 323 78 12 347 20 12 359 43 30 360 38 24 374 85 7 401 12 18 412 2 23 414 60 15 432 62 15 441 6 20 449 99 19 453 2 1 464 69 30 469 12 8 491 52 18 498 66 3 515 73 7 529 99 27 547 24 5 548 86 24 556 38 7 569 27 5 586 66 29 617 72 16 619 51 28 621 70 17 636 63 18 647 17 22 652 86 13 658 30 23 669 37 8 684 47 19 695 31 18 722 4 5 725 92 28 746 8 23 750 37 10 752 32 12 763 80 9 767 95 17 799 29 8 828 46 5 835 47 6 840 95 24 848 83 0 853 82 1 869 26 1 878 99 28 890 44 29 892 57 10 892 77 19 893 61 26 894 10 19 905 0 17 914 63 8 917 32 30 920 44 30 933 98 29 937 32 21 955 73 30 964 6 15 971 51 30 973 0 23 976 25 15 1006 62 12 1008 47 9 1036 12 23 1041 81 19 1042 53 4 1067 26 7 1072 64 28 1088 82 26 1092 41 20 1095 82 21 1107 10 19 1117 22 28 1126 66 0 1147 35 30 1154 43 25 1166 60 17 1172 98 18 1175 88 23 1176 84 16 1179 98 8 1180 85 27 1180 98 8 1181 57 6 1197 90 17 1199 48 24 1201 80 14 1213 43 8 1217 72 8 1217 74 4 1237 25 22 1295 3 26 1298 0 26 1299 93 25 1301 55 17 1301 73 3 1306 15 11 1310 54 24 1318 11 30 1328 53 18 1329 94 1 1336 43 11 1341 87 10 1355 98 19 1360 76 29 1363 73 20 1369 79 11 1369 83 16 1386 83 19 1412 91 12 1416 2 22 1419 6 27 1431 19 16 1454 33 20 1458 13 13 1459 78 15 1472 99 20 1473 69 26 1479 33 12 1490 24 9 1494 8 7 1498 56 11 1507 34 6 1516 98 25 1521 58 20 1523 15 20 1524 89 20 1528 16 31 1542 54 21 1563 87 20 1582 18 20 1602 61 14 1603 40 28 1609 36 30 1611 48 22 1622 37 28 1627 35 4 1633 35 19 1639 16 31 1651 83 1 1664 27 16 1667 54 25 1818 87 16 1827 82 20 1831 85 14 1839 19 26 1860 76 30 1868 92 3 1871 40 16 1875 0 13 1875 35 11 1890 5 11 1897 91 27 1911 87 7 1917 17 24 1931 54 22 1950 60 17 1960 47 3 1966 62 23 1967 31 16 1969 83 21 1975 96 29 2013 100 6 2016 61 31 2042 97 26 2064 34 30 2074 25 11 2096 49 6 2105 60 8 2122 71 13 2127 26 0 2143 58 30 2147 31 10 2189 47 2 2196 2 19 2220 20 21 2233 80 8 2235 0 12 2259 89 28 2294 46 26 2294 73 25 2298 95 16 2330 66 21 2350 83 22 2359 27 5 2375 22 10 2382 90 22 2397 26 26 2397 55 14 2412 8 19 2432 62 26 2433 66 12 2447 38 29 2452 35 6 2503 22 1 2508 27 21 2535 19 19 2551 33 13 2575 29 12 2578 70 26 2594 60 18 2600 56 18 2620 53 19 2626 98 9 2665 61 21 2671 95 0 2683 75 7 2686 5 10 2697 13 22 2705 27 27 2708 35 0 2723 72 6 2729 18 8 2757 87 29 2772 0 9 2809 32 18 2817 55 19 2818 92 13 2830 66 18 2836 47 6 2844 89 31 2858 26 3 2880 41 17 2883 85 6 2884 74 3 2891 16 25 2891 53 3 2905 47 11 2907 62 27 2916 96 0 2917 10 2 2926 2 9 2940 4 29 2961 61 2 2991 3 2 2994 84 8 2999 13 11 3000 96 7 3001 16 7 3003 85 8 3013 14 17 3019 96 21 3058 87 2 3059 45 0 3063 11 22 3063 74 21 3077 44 20 3085 48 12 3090 17 21 3094 53 1 3105 47 22 3116 65 11 3119 18 21 3120 96 21 3163 64 14 3165 78 19 3188 73 9 3189 72 20 3194 92 15 3218 46 11 3220 18 10 3222 51 12 3237 77 4 3239 24 30 3240 95 19 3244 77 9 3258 21 7 3280 98 10 3286 52 11 3307 52 3 3307 59 29 3313 57 18 3324 47 0 3328 93 11 3329 33 7 3349 94 2 3351 29 2 3382 30 21 3403 76 25
270 310 3e-05 79 23 9 79 74 0 112 58 24 118 78 15 123 50 23 124 72 8 143 71 19 150 97 0 155 52 4 160 89 5 191 96 10 203 24 15 203 70 12 212 57 7 215 11 26 232 89 1 244 95 12 245 89 6 247 55 2 253 3 23 269 81 16 278 21 14 294 87 30 311 25 28 319 16 2 331 36 25 342 74 5 363 89 26 412 32 31 419 33 24 428 83 12 430 60 1 435 37 7 451 93 6 461 3 21 473 41 1 473 66 3 478 80 17 481 47 7 486 96 12 494 78 26 500 49 24 525 33 16 526 50 4 529 61 19 541 99 28 555 57 26 586 59 12 587 38 15 605 62 5 612 20 13 628 59 20 636 74 16 664 60 21 670 22 15 680 63 8 703 67 29 715 16 15 755 76 12 761 28 2 778 7 1 791 2 13 812 20 12 854 39 0 858 11 0 881 100 17 884 59 23 885 71 11 890 75 4 891 12 14 894 40 17 897 11 23 899 85 18 908 84 26 918 27 21 919 65 6 926 37 30 934 10 4 934 84 23 944 86 3 949 16 29 952 78 10 958 83 7 969 88 19 971 65 1 989 0 14 1009 96 13 1016 32 23 1037 93 29 1039 13 28 1054 14 27 1059 7 13 1083 32 18 1089 63 26 1095 2 19 1098 98 9 1100 63 5 1102 52 4 1111 38 11 1111 82 12 1115 75 4 1120 89 23 1122 40 14 1127 28 4 1129 10 1 1131 76 18 1138 26 30 1140 36 9 1151 34 1 1159 66 9 1164 90 21 1174 90 12 1192 50 13 1193 61 12 1205 0 26 1214 3 14 1265 42 8 1269 63 22 1271 57 0 1272 60 7 1282 99 23 1288 73 0 1311 46 26 1320 58 26 1323 61 15 1331 98 25 1345 95 0 1348 27 18 1350 80 31 1363 33 5 1372 41 24 1400 88 29 1407 6 20 1420 80 9 1440 41 20 1440 75 11 1444 83 17 1447 59 31 1447 77 22 1450 35 19 1454 5 27 1478 100 28 1488 32 22 1501 52 2 1510 90 3 1518 52 3 1518 85 18 1519 88 8 1525 0 13 1526 60 0 1603 94 7 1606 24 30 1615 9 7 1635 89 30 1661 28 10 1851 89 17 1855 25 12 1861 80 22 1879 42 23 1880 35 16 1889 59 11 1893 7 28 1903 67 12 1908 56 10 1920 92 4 1945 4 0 1947 42 2 1973 35 11 1988 80 19 1989 66 18 1997 40 6 2002 92 21 2022 94 31 2032 32 21 2042 15 23 2052 82 0 2078 10 8 2087 26 16 2110 40 13 2118 21 6 2121 59 26 2121 70 28 2125 11 2 2133 88 25 2154 71 5 2159 27 5 2162 58 2 2169 55 19 2173 16 11 2183 74 12 2196 85 7 2198 42 12 2202 41 8 2208 96 31 2209 29 21 2229 75 24 2230 46 7 2256 7 25 2269 3 2 2272 90 21 2284 36 5 2286 26 21 2296 68 9 2297 12 5 2329 32 0 2349 91 11 2366 88 2 2367 22 26 2370 78 12 2390 96 8 2397 15 1 2397 96 14 2401 24 30 2403 31 5 2460 80 13 2463 40 12 2476 91 31 2482 7 8 2491 96 6 2497 73 0 2497 73 22 2522 6 21 2534 64 22 2546 5 3 2553 66 20 2576 19 28 2600 89 25 2611 60 31 2629 22 8 2639 82 9 2641 36 15 2644 65 25 2658 20 17 2658 57 28 2664 97 18 2692 34 0 2705 9 5 2717 78 21 2717 93 4 2722 43 9 2727 66 1 2740 41 15 2744 97 3 2745 84 30 2748 70 14 2753 17 25 2778 66 9 2785 32 27 2793 58 26 2807 40 6 2811 17 2 2817 61 23 2827 99 27 2854 57 19 2858 72 24 2861 97 30 2884 96 15 2890 69 26 2896 63 7 2897 44 17 2900 86 1 2901 28 15 2905 18 29 2906 90 25 2928 95 15 2928 99 14 2931 49 28 2938 19 26 2945 47 23 2957 92 20 2994 57 5 3038 100 27 3047 92 14 3051 40 26 3058 73 7 3075 83 20 3076 3 23 3077 89 18 3087 74 3 3089 51 23 3094 90 18 3097 86 16 3105 73 0 3114 10 29 3124 83 0 3141 11 9 3146 22 6 3157 66 19 3158 20 5 3199 48 17 3210 21 27 3226 56 18 3240 94 14 3248 95 6 3250 42 28 3262 26 15 3269 46 9 3275 49 29 3282 89 15 3285 85 13 3297 90 19 3303 81 19 3318 78 16 3333 35 19 3354 9 22 3354 32 20 3369 22 8 3372 93 13 3373 76 12 3397 22 31
271 310 3e-05 88 37 21 96 63 3 106 1 19 108 15 23 119 17 7 137 32 14 157 72 23 162 7 30 168 84 5 189 75 12 190 18 18 201 93 3 207 8 30 208 7 15 231 10 9 234 24 6 245 63 13 246 11 14 248 95 27 265 86 23 286 7 3 294 93 19 297 89 23 299 41 23 302 28 24 309 57 14 311 19 25 319 90 24 324 39 11 328 7 0 337 20 1 337 79 27 341 23 10 353 54 4 364 55 23 375 19 6 379 27 4 392 75 15 403 37 27 403 93 7 417 64 28 433 27 4 454 54 10 456 96 16 468 72 7 474 55 13 490 43 26 499 1 6 520 15 14 520 57 19 528 0 16 528 49 24 561 90 13 566 78 4 586 98 26 591 21 9 593 26 28 599 23 21 616 13 15 626 30 1 626 36 15 631 13 4 635 90 28 637 37 7 662 31 30 663 40 17 664 95 12 668 40 27 671 70 29 700 14 13 709 63 16 720 20 6 731 30 22 752 23 20 770 29 25 781 82 11 782 15 14 799 24 8 807 84 5 817 74 10 840 64 28 843 5 18 861 24 9 866 85 8 889 27 7 909 37 4 911 11 11 917 1 8 953 53 0 957 65 19 964 91 14 973 24 19 976 75 16 995 9 28 997 12 5 1008 6 2 1013 19 25 1023 86 7 1052 6 4 1083 62 0 1092 38 17 1107 63 11 1112 57 23 1123 40 0 1133 26 19 1143 84 15 1150 35 25 1159 11 0 1161 58 7 1173 12 25 1212 26 29 1218 19 6 1218 53 0 1219 72 5 1223 37 18 1234 26 7 1239 27 11 1240 8 25 1278 82 7 1286 68 23 1294 39 20 1302 14 17 1319 78 29 1328 29 13 1344 17 18 1389 12 26 1391 6 17 1399 83 8 1405 8 28 1430 70 7 1432 96 10 1437 37 14 1441 44 7 1443 98 15 1467 3 20 1485 82 17 1496 61 8 1504 4 9 1508 77 23 1510 12 2 1510 98 8 1513 16 30 1519 97 17 1527 29 25 1535 1 26 1547 38 29 1548 37 31 1560 33 4 1588 95 28 1592 8 28 1595 11 25 1596 45 6 1611 27 26 1621 65 31 1623 29 19 1635 38 29 1635 99 19 1817 12 3 1834 48 16 1837 3 1 1840 22 31 1843 92 0 1848 54 14 1853 89 2 1857 68 1 1862 84 31 1880 2 2 1923 37 12 1936 9 26 1939 50 8 1957 41 0 1958 66 3 1959 21 8 1967 54 25 1978 59 26 1979 78 6 1980 74 2 1991 67 21 1997 96 3 2017 86 9 2031 28 17 2036 52 9 2040 41 14 2041 9 21 2056 21 6 2069 84 29 2091 21 18 2103 9 9 2103 34 31 2115 64 5 2138 74 22 2140 32 15 2141 93 29 2144 83 21 2146 36 28 2150 95 20 2151 34 25 2152 65 28 2154 6 2 2165 70 4 2184 58 8 2184 95 22 2195 59 24 2214 69 19 2239 65 21 2248 67 4 2253 52 5 2262 3 12 2281 8 12 2294 61 27 2304 27 31 2320 55 27 2358 12 19 2364 9 9 2367 96 6 2382 49 18 2400 18 16 2436 61 16 2451 50 22 2451 56 31 2453 35 2 2453 96 28 2457 70 22 2460 83 17 2465 19 9 2471 11 0 2492 41 21 2552 11 30 2555 81 25 2568 62 20 2568 93 30 2592 71 11 2603 89 18 2609 6 17 2618 20 0 2620 58 18 2626 32 4 2639 20 31 2645 96 29 2648 13 10 2657 21 18 2669 62 19 2719 87 5 2729 0 29 2753 86 15 2758 42 12 2762 42 29 2783 6 19 2787 49 4 2811 52 31 2827 39 28 2834 0 2 2838 12 26 2838 69 6 2840 18 21 2843 84 6 2843 96 2 2844 78 27 2846 95 2 2849 70 8 2850 31 26 2878 38 31 2890 61 22 2897 14 19 2960 24 9 2971 98 23 3010 21 15 3010 97 0 3053 57 26 3053 93 9 3079 27 1 3095 65 11 3102 64 19 3105 35 25 3110 91 20 3116 9 5 3117 75 28 3126 45 27 3126 78 5 3139 20 8 3139 98 26 3145 73 15 3152 85 25 3154 4 22 3161 10 5 3179 58 8 3180 56 25 3181 12 17 3185 41 8 3193 69 13 3195 85 2 3213 3 24 3225 35 16 3261 22 18 3270 8 23 3271 62 11 3280 98 12 3280 99 4 3289 84 20 3293 75 26 3323 8 6 3329 79 27 3352 11 27 3366 6 15 3368 51 27 3379 79 14 3399 44 10 3399 99 28 3400 32 20 3406 89 11
272 310 3e-05 78 81 30 93 47 16 95 94 20 117 90 17 127 100 22 142 25 1 168 38 25 170 52 1 174 42 14 179 51 9 195 74 4 210 30 25 211 36 14 222 7 13 228 52 9 236 61 5 266 84 31 272 0 23 297 6 28 305 56 25 326 96 13 331 53 18 334 94 19 343 5 19 350 35 24 352 8 19 355 98 7 361 24 22 387 7 25 390 84 14 397 55 6 402 34 5 414 90 9 417 67 28 420 72 13 454 70 18 458 83 24 460 88 17 470 53 28 474 48 3 479 48 28 492 16 15 492 98 30 493 33 27 504 68 0 528 0 27 529 97 26 534 36 7 539 65 24 564 1 10 564 40 18 569 71 11 590 31 29 605 42 3 624 99 26 627 12 29 631 49 15 642 43 4 643 54 9 645 74 8 649 32 28 657 25 26 661 6 24 667 61 0 672 78 31 683 62 21 684 39 6 686 96 15 687 10 24 704 15 0 715 75 1 730 80 23 733 38 24 747 73 13 764 3 7 771 28 11 784 59 2 796 19 7 800 83 11 813 50 9 814 50 13 822 95 21 835 50 13 874 74 26 897 26 31 902 64 31 910 84 16 919 82 14 930 53 27 939 58 30 950 56 30 955 27 14 959 80 16 960 48 23 968 18 27 971 34 29 975 31 23 976 26 27 976 78 9 991 91 8 997 95 28 1012 6 14 1018 37 15 1029 65 31 1037 74 16 1040 63 31 1047 80 16 1064 71 6 1074 60 12 1080 34 17 1103 50 11 1115 2 30 1117 79 9 1155 84 9 1165 7 31 1196 60 5 1201 95 26 1217 14 5 1282 46 21 1302 84 10 1328 42 8 1354 68 22 1361 96 17 1373 24 29 1385 19 18 1395 42 7 1395 45 5 1402 53 2 1415 40 12 1415 95 18 1419 11 19 1424 23 12 1427 22 2 1434 99 12 1437 92 6 1455 76 28 1455 88 19 1472 68 22 1477 87 8 1481 18 17 1483 71 3 1492 88 14 1495 38 29 1505 88 17 1520 26 29 1533 9 5 1540 88 2 1545 63 27 1564 90 16 1582 64 9 1583 82 10 1593 93 10 1599 21 23 1607 95 28 1638 10 22 1643 94 1 1647 82 24 1647 87 23 1648 95 20 1661 61 25 1668 26 2 1815 77 26 1834 47 5 1848 45 14 1864 3 24 1903 13 23 1932 36 8 1939 97 12 1950 85 12 1962 79 9 1971 65 30 1996 10 13 2001 52 16 2002 45 27 2009 70 19 2021 85 14 2033 8 8 2033 69 17 2037 23 6 2042 10 8 2052 46 11 2057 79 4 2061 2 19 2071 50 27 2073 49 9 2074 34 24 2075 83 29 2077 34 11 2088 45 7 2105 88 28 2109 26 22 2110 46 17 2130 36 2 2137 77 15 2141 30 1 2146 58 27 2151 45 9 2151 59 26 2153 88 21 2154 36 18 2162 62 30 2192 57 14 2195 26 23 2197 46 9 2199 68 27 2199 81 7 2201 15 14 2217 63 30 2241 86 3 2246 77 1 2246 96 11 2261 6 25 2275 80 27 2276 62 6 2288 18 21 2311 28 6 2320 10 16 2320 71 30 2320 89 13 2333 23 11 2334 17 12 2344 10 16 2346 66 27 2354 90 30 2366 34 20 2378 98 31 2380 37 23 2393 83 10 2397 43 9 2418 60 10 2426 53 9 2468 2 29 2471 38 22 2481 86 15 2491 38 30 2507 60 12 2518 87 10 2519 96 11 2534 85 1 2555 58 11 2561 53 9 2572 51 14 2584 75 8 2590 62 1 2602 32 3 2610 78 22 2620 28 17 2657 78 10 2667 40 7 2675 30 4 2678 24 9 2686 28 28 2686 96 24 2688 22 5 2690 15 24 2697 16 27 2701 4 25 2701 45 10 2706 58 30 2714 70 31 2790 18 31 2798 31 9 2835 0 18 2840 4 6 2843 8 1 2866 60 30 2887 34 23 2892 80 9 2900 26 17 2907 9 11 2921 82 12 2931 76 24 2968 7 20 2982 14 21 3002 41 25 3013 100 14 3029 89 20 3035 58 21 3051 57 17 3055 24 6 3063 63 13 3074 78 19 3084 12 27 3094 86 20 3095 12 10 3105 61 9 3122 52 6 3124 60 24 3134 0 30 3154 72 12 3164 60 21 3167 84 22 3170 11 15 3176 71 12 3190 17 31 3213 33 20 3221 91 9 3240 60 15 3261 74 27 3294 7 25 3294 82 27 3298 58 22 3317 36 23 3318 29 14 3334 80 26 3345 20 26 3368 2 15 3374 30 7 3390 74 24 3399 45 1
273 310 3e-05 72 4 18 72 84 15 86 75 2 95 34 5 106 59 15 135 10 30 146 85 2 149 87 1 151 35 12 162 90 14 191 47 23 197 40 13 218 48 25 229 30 29 242 87 14 249 45 4 250 91 1 283 93 6 298 14 9 298 61 9 303 13 24 327 95 9 367 94 8 369 14 21 424 50 9 455 17 19 459 69 15 468 7 8 473 79 10 474 0 10 480 63 14 490 61 6 494 9 21 497 89 0 505 9 15 505 38 24 511 51 24 533 39 0 534 15 29 534 94 26 543 19 30 554 84 9 555 87 0 613 88 2 617 57 29 639 2 0 699 62 2 703 43 4 708 81 8 720 15 1 770 29 1 776 42 28 779 12 31 792 81 8 796 75 31 820 20 26 826 31 17 834 53 25 866 71 2 885 57 11 906 67 29 921 21 15 930 26 6 932 34 23 946 49 21 969 9 19 970 100 3 980 24 5 989 6 27 1003 94 19 1019 16 31 1078 40 15 1079 61 26 1080 98 25 1084 77 9 1086 11 10 1094 12 9 1121 31 25 1124 85 11 1145 82 2 1148 10 2 1149 64 16 1156 37 20 1157 13 0 1172 89 11 1179 67 16 1182 97 13 1190 80 22 1194 46 8 1211 5 26 1230 11 19 1253 2 30 1266 24 20 1272 97 8 1274 94 2 1285 70 18 1288 15 28 1289 97 2 1294 95 22 1295 85 5 1308 9 13 1313 40 20 1314 28 22 1324 5 30 1333 35 22 1333 67 30 1339 69 16 1340 0 19 1341 97 0 1344 10 14 1373 10 8 1382 65 2 1398 78 26 1427 81 30 1433 77 2 1435 22 2 1441 85 21 1443 67 4 1445 46 22 1453 68 13 1455 48 24 1476 21 13 1490 16 20 1496 64 20 1513 42 3 1514 45 0 1522 39 28 1522 49 19 1534 61 14 1535 16 18 1540 80 5 1542 88 17 1556 92 24 1574 43 0 1583 30 15 1609 26 8 1623 100 30 1630 5 0 1641 57 16 1648 77 5 1651 72 2 1825 85 2 1826 5 9 1829 53 3 1832 23 20 1838 79 6 1858 90 16 1865 70 9 1869 58 20 1873 46 22 1887 36 12 1908 52 5 1908 64 17 1936 67 19 1945 43 6 1958 74 26 1982 21 18 1998 14 8 2014 59 26 2016 47 21 2031 6 16 2034 54 15 2036 74 21 2038 49 19 2056 82 20 2072 25 3 2078 53 23 2087 60 6 2087 76 24 2090 64 16 2097 50 15 2108 55 0 2137 17 10 2147 55 5 2155 72 26 2158 70 31 2167 32 31 2171 7 25 2177 53 14 2190 46 7 2192 47 4 2214 84 26 2217 98 3 2226 94 22 2228 86 6 2233 70 0 2241 72 2 2253 86 3 2264 8 31 2286 65 19 2289 81 29 2301 54 20 2306 37 16 2313 57 16 2336 92 14 2383 16 23 2384 85 20 2388 83 9 2392 89 11 2416 88 14 2419 19 31 2437 46 0 2446 53 8 2449 70 17 2451 35 8 2466 3 9 2479 31 0 2481 73 26 2506 34 16 2518 11 15 2521 54 22 2526 46 20 2528 53 18 2528 96 10 2531 14 31 2626 93 6 2631 26 9 2634 84 8 2635 26 16 2656 16 10 2656 50 27 2658 6 2 2667 70 29 2670 99 26 2684 30 18 2690 82 16 2691 91 3 2708 96 26 2721 17 3 2724 8 24 2740 78 1 2755 1 23 2761 29 22 2765 96 25 2771 53 14 2779 16 6 2791 78 0 2794 73 13 2798 86 16 2804 51 31 2813 92 0 2817 37 14 2819 100 0 2837 45 17 2847 20 0 2852 98 12 2876 58 16 2889 42 23 2890 72 15 2900 49 5 2905 26 25 2912 59 1 2923 51 20 2933 83 17 2949 35 15 2951 32 6 2953 27 19 2976 82 6 2993 97 29 3002 18 2 3003 32 12 3010 23 9 3035 75 14 3036 23 22 3038 88 1 3048 66 7 3064 33 7 3074 60 21 3083 30 15 3092 50 24 3096 85 7 3096 86 28 3098 25 23 3099 3 10 3103 83 4 3115 86 27 3131 74 4 3135 17 19 3155 73 24 3158 76 15 3173 17 21 3180 82 8 3201 55 11 3204 54 8 3214 94 29 3225 29 13 3229 15 24 3237 42 15 3253 14 22 3255 48 24 3258 59 4 3261 98 13 3264 55 16 3281 19 22 3295 90 24 3300 74 17 3307 76 14 3309 54 14 3332 5 19 3336 68 16 3336 74 6 3345 89 22 3348 27 4 3357 21 13 3376 48 27 3376 90 31 3378 53 22 3382 23 26 3385 60 5 3392 41 7
274 310 3e-05 76 40 15 80 42 4 80 85 5 81 82 14 89 45 13 104 0 21 104 9 1 135 38 17 138 6 18 149 37 6 158 54 6 160 24 21 165 95 6 181 57 17 201 80 31 209 30 25 215 61 5 217 53 9 225 5 17 233 28 29 256 9 25 268 63 16 276 42 1 276 72 10 285 19 5 294 77 31 297 40 16 298 61 0 298 62 17 311 40 9 341 69 10 347 34 9 356 72 1 362 75 10 387 82 5 396 51 20 399 88 4 410 20 23 424 24 16 434 56 13 451 65 23 456 42 17 483 24 30 487 86 4 507 97 1 517 9 19 529 4 0 530 49 23 534 27 5 534 78 21 538 66 27 542 5 0 542 91 5 543 82 15 570 97 0 584 46 28 586 90 11 605 51 5 608 98 3 626 71 19 635 6 25 678 70 16 707 80 22 718 4 9 737 88 26 742 50 4 745 13 26 745 91 12 760 68 3 769 36 22 798 35 25 810 69 10 815 9 5 834 79 14 848 70 29 853 72 3 876 73 14 879 34 7 882 58 11 891 11 1 895 44 9 900 94 14 912 52 11 914 47 3 917 40 8 918 36 17 938 38 28 965 40 28 974 39 0 975 86 20 982 3 16 982 68 6 987 92 28 992 45 8 998 47 16 1033 38 31 1034 95 1 1052 36 6 1056 11 3 1066 59 14 1069 13 2 1072 25 18 1081 23 12 1081 73 5 1085 61 14 1098 14 18 1104 71 9 1110 70 20 1121 11 4 1134 16 8 1141 95 5 1144 37 17 1190 31 21 1194 38 17 1195 33 22 1195 38 14 1199 79 20 1201 69 5 1204 83 28 1220 21 10 1240 62 0 1242 34 17 1256 97 24 1262 91 10 1266 73 2 1270 26 19 1273 23 26 1284 2 6 1290 50 21 1302 45 5 1311 93 21 1327 60 15 1327 85 3 1328 49 11 1339 44 15 1345 99 4 1370 87 23 1374 20 25 1374 78 23 1393 63 5 1399 29 19 1433 96 30 1447 7 19 1450 30 23 1462 94 7 1469 28 10 1469 96 18 1470 100 27 1505 48 6 1532 1 23 1535 27 9 1543 10 15 1547 77 16 1552 27 17 1552 54 25 1556 17 7 1564 15 0 1565 23 20 1571 33 27 1574 84 20 1623 51 6 1628 56 25 1645 18 12 1670 20 15 1808 35 1 1812 57 4 1818 68 24 1843 4 6 1867 43 19 1869 36 31 1886 16 5 1892 61 10 1907 20 13 1947 7 17 1952 67 24 1958 94 30 1960 49 24 1964 90 0 1971 90 14 2009 89 19 2020 20 8 2020 51 28 2024 78 13 2034 79 31 2057 72 28 2075 42 3 2079 86 6 2086 81 30 2092 90 3 2096 100 31 2117 74 19 2132 91 23 2144 90 3 2175 41 14 2180 75 15 2202 40 12 2205 17 9 2213 16 10 2245 52 22 2248 58 16 2254 79 17 2254 81 10 2266 26 24 2272 83 12 2272 97 4 2286 44 13 2300 85 28 2314 53 19 2329 72 15 2344 37 22 2358 46 28 2364 6 5 2369 96 12 2370 95 27 2378 65 5 2394 65 11 2405 39 0 2415 44 20 2420 13 30 2433 13 15 2441 82 23 2450 72 26 2461 89 11 2473 82 6 2476 4 2 2481 35 16 2501 52 9 2520 4 13 2528 33 20 2533 33 13 2535 50 18 2535 77 9 2571 22 20 2583 79 5 2584 96 4 2597 81 2 2609 86 29 2636 23 0 2637 29 8 2640 18 18 2650 13 30 2656 52 8 2672 80 25 2721 54 31 2729 34 12 2729 44 8 2743 13 24 2744 35 9 2747 31 26 2747 75 19 2762 92 21 2785 85 17 2791 92 9 2822 98 1 2833 34 3 2844 21 5 2860 17 20 2866 24 9 2882 2 29 2892 60 31 2895 54 15 2916 37 18 2917 4 26 2926 4 23 2946 18 19 2958 27 22 2978 100 4 2981 59 27 2984 81 3 2992 56 17 3008 36 18 3018 72 10 3031 0 23 3044 84 31 3056 25 4 3060 76 26 3062 86 27 3066 62 16 3067 63 24 3069 78 16 3074 78 24 3077 27 28 3125 36 27 3154 35 16 3165 45 25 3178 36 1 3186 90 6 3197 40 27 3197 90 2 3207 48 27 3211 74 4 3255 77 11 3271 52 13 3274 87 19 3276 82 28 3287 100 14 3288 19 3 3302 48 9 3339 22 29 3343 99 23 3345 90 13 3355 10 1 3365 100 18 3388 11 20 3394 78 17 3396 77 29 3399 82 11 3400 35 12 3404 44 8 3405 5 0
275 310 3e-05 75 41 18 91 18 17 92 97 20 106 63 0 107 20 19 108 49 19 124 27 0 131 36 6 137 60 26 142 73 13 144 84 29 186 98 25 187 18 24 191 2 21 206 94 5 212 37 15 214 49 26 229 93 7 239 10 5 267 6 10 282 27 22 293 38 14 313 78 17 321 67 30 328 19 17 338 46 22 338 65 5 353 9 5 358 99 12 360 19 12 365 62 14 372 28 24 382 7 29 384 54 20 392 60 12 395 57 15 419 4 3 421 2 2 443 64 23 464 9 31 475 71 12 476 0 19 495 25 15 511 46 19 532 70 26 561 59 22 570 23 20 575 26 6 586 14 25 588 23 30 609 62 2 618 47 18 627 16 11 639 69 21 679 2 27 684 35 20 694 23 18 701 48 19 706 21 25 711 45 31 712 16 14 725 12 16 735 59 28 748 72 20 760 83 22 772 42 10 779 4 23 791 97 17 793 27 26 796 60 24 819 27 15 827 54 19 833 53 1 835 61 17 843 1 2 843 81 13 861 33 17 870 88 5 872 90 16 890 1 25 902 76 1 907 53 29 922 57 6 963 35 13 965 33 0 970 78 20 992 13 24 999 18 18 1004 22 12 1005 89 12 1005 90 6 1033 24 26 1045 55 23 1047 39 8 1047 96 22 1051 60 7 1054 31 24 1071 80 26 1074 22 6 1078 95 21 1087 89 11 1119 17 16 1126 54 22 1135 81 5 1140 51 0 1141 20 16 1141 33 21 1152 46 21 1158 29 23 1163 10 23 1164 69 24 1180 24 20 1185 6 25 1186 58 5 1187 58 15 1195 72 5 1208 55 16 1213 18 27 1223 28 21 1228 39 7 1309 98 1 1317 39 25 1326 91 15 1328 34 19 1333 97 23 1343 84 5 1352 100 17 1362 87 3 1373 5 28 1391 88 6 1415 17 7 1437 26 14 1444 27 18 1451 39 17 1454 91 8 1458 94 24 1469 43 21 1487 41 5 1518 26 22 1521 20 21 1521 100 18 1540 77 8 1542 2 21 1543 91 2 1546 43 8 1556 74 30 1566 2 13 1569 63 22 1586 99 20 1593 62 14 1607 53 6 1609 28 24 1615 16 30 1618 95 1 1623 55 30 1626 39 11 1657 77 20 1660 61 27 1660 90 18 1670 37 27 1824 100 24 1836 96 14 1850 2 28 1874 33 2 1915 47 26 1919 91 27 1924 11 15 1939 23 2 1939 73 17 1943 37 8 1951 64 14 1955 68 25 1965 43 6 1977 50 18 1984 39 13 2015 68 17 2045 19 13 2053 47 13 2056 50 5 2059 100 8 2060 13 23 2085 34 3 2087 95 28 2098 5 6 2098 42 7 2107 81 26 2120 63 8 2120 72 30 2124 54 7 2124 92 21 2131 54 29 2157 48 4 2172 93 7 2176 86 16 2179 85 22 2187 59 9 2197 33 18 2229 72 17 2237 79 0 2241 21 16 2245 66 22 2272 38 20 2288 10 11 2290 1 5 2290 88 13 2334 60 26 2342 84 7 2353 74 23 2389 98 7 2390 33 10 2392 85 23 2407 23 18 2407 96 13 2414 63 0 2436 67 1 2456 30 13 2461 41 3 2462 99 21 2467 67 6 2482 3 19 2487 4 27 2489 88 31 2492 65 13 2515 28 2 2521 25 22 2532 35 0 2533 12 15 2556 96 14 2557 52 22 2558 99 20 2560 85 16 2568 23 30 2571 6 21 2587 18 23 2588 16 13 2593 98 30 2600 6 9 2618 23 27 2621 34 1 2629 46 10 2633 34 11 2636 50 22 2661 69 9 2667 56 13 2699 88 14 2702 37 28 2716 78 17 2724 24 3 2745 84 2 2753 39 14 2762 100 4 2769 23 6 2791 65 30 2802 30 17 2814 52 15 2814 76 14 2826 92 2 2843 41 15 2850 27 2 2855 89 7 2859 93 19 2859 95 28 2868 66 25 2872 37 27 2877 86 26 2886 5 11 2889 83 9 2899 15 14 2909 80 21 2911 41 31 2913 67 25 2927 83 23 2937 49 16 2947 43 1 2964 31 18 2977 4 26 2979 69 16 2992 30 21 3019 67 20 3038 70 0 3044 18 5 3050 48 17 3070 97 31 3082 10 19 3090 43 21 3095 49 13 3120 52 3 3124 49 27 3139 66 26 3166 77 27 3174 83 23 3181 15 8 3197 53 14 3221 93 26 3240 4 27 3250 8 22 3254 30 10 3262 38 8 3271 7 24 3280 55 31 3294 28 16 3300 19 20 3302 24 9 3303 93 19 3318 24 29 3331 68 5 3335 82 17 3356 59 23 3360 81 22 3377 82 11
276 310 3e-05 73 50 24 81 60 2 90 88 5 93 57 24 119 15 21 129 77 27 137 4 9 137 20 25 143 40 20 146 7 8 175 28 30 189 48 21 216 22 17 228 53 16 248 80 20 266 71 27 267 38 23 283 8 29 287 44 22 309 17 27 313 8 24 320 43 3 332 31 8 340 83 16 341 70 23 343 67 23 352 39 2 353 82 17 365 20 5 369 83 4 375 71 21 393 51 8 394 30 25 399 61 27 429 12 27 431 31 3 477 9 27 492 2 11 525 57 2 538 85 0 545 12 16 568 39 27 579 32 14 584 99 13 597 45 9 599 49 6 647 34 14 667 62 0 676 63 11 680 91 27 695 96 28 711 48 23 715 53 19 725 82 28 732 63 1 739 28 8 749 22 14 751 41 13 760 47 6 761 51 11 761 70 13 761 76 1 765 20 30 766 51 18 800 99 9 805 85 0 848 93 6 857 62 17 874 20 28 880 67 23 883 6 14 897 94 19 911 42 12 920 1 14 926 30 11 943 72 12 944 91 7 951 54 9 962 55 20 982 27 0 1000 2 4 1022 62 29 1028 69 30 1035 50 23 1038 81 4 1041 9 11 1067 66 15 1076 29 13 1076 40 11 1078 37 7 1083 1 29 1084 85 23 1089 50 30 1097 8 23 1097 48 25 1100 53 2 1101 59 26 1113 14 29 1119 81 17 1123 51 17 1131 21 20 1169 26 12 1171 39 4 1202 73 5 1203 5 1 1237 49 27 1240 100 7 1245 66 1 1249 89 29 1249 100 14 1269 70 23 1270 29 6 1278 83 30 1282 21 2 1288 57 19 1289 79 28 1301 66 17 1303 32 2 1328 60 13 1334 3 7 1339 28 17 1342 7 1 1348 69 13 1349 12 1 1357 79 19 1368 30 16 1385 90 4 1389 5 6 1399 82 22 1410 11 14 1415 76 3 1420 93 14 1422 30 22 1422 30 29 1436 37 29 1439 54 7 1445 48 3 1445 66 22 1449 39 5 1463 32 29 1467 86 24 1476 77 20 1490 49 22 1511 42 30 1556 15 30 1564 52 10 1569 23 24 1570 15 6 1570 59 9 1573 58 8 1590 1 5 1603 36 13 1609 37 18 1611 97 20 1624 32 12 1646 19 3 1653 29 15 1659 89 3 1662 20 16 1813 9 29 1815 22 5 1816 15 11 1817 86 1 1853 35 20 1868 26 17 1881 10 2 1888 41 15 1890 98 8 1901 8 31 1908 48 16 1941 3 31 1953 82 30 1961 78 25 1968 30 14 1981 80 3 1991 55 26 1992 100 26 2006 43 8 2010 55 19 2011 25 2 2031 63 15 2060 5 18 2073 28 25 2075 94 28 2083 71 14 2086 32 25 2087 75 30 2088 87 28 2089 3 4 2115 97 27 2121 76 20 2141 35 7 2154 46 20 2180 43 27 2180 55 15 2183 19 20 2197 24 29 2198 30 8 2256 62 27 2265 70 25 2270 7 6 2280 96 5 2304 45 31 2309 35 13 2320 78 0 2335 87 12 2352 43 4 2361 23 21 2363 72 18 2366 67 10 2369 76 21 2389 73 30 2428 34 0 2431 54 24 2437 78 0 2452 55 16 2475 83 16 2481 56 6 2482 56 19 2485 36 3 2487 24 21 2492 83 11 2499 75 0 2512 24 17 2518 2 23 2534 61 26 2560 42 6 2579 92 27 2590 70 27 2595 98 26 2596 52 5 2605 36 24 2609 50 15 2616 19 21 2632 7 19 2636 40 11 2647 42 4 2654 60 21 2683 21 0 2701 10 17 2701 53 0 2712 50 27 2728 4 19 2734 89 19 2753 73 25 2754 16 22 2770 59 12 2778 3 11 2779 63 9 2788 8 13 2812 47 18 2816 27 18 2827 53 6 2838 74 4 2849 61 12 2852 68 1 2855 21 9 2858 84 6 2867 87 13 2914 56 20 2926 100 20 2941 12 19 2964 69 6 2990 95 18 2990 98 16 2993 44 26 3000 71 7 3002 67 18 3027 84 1 3055 4 10 3057 53 28 3058 82 1 3059 23 17 3087 40 24 3092 33 25 3098 26 28 3115 84 12 3125 26 14 3130 88 9 3133 28 8 3140 27 9 3144 75 26 3146 4 23 3157 8 12 3160 96 4 3167 56 21 3170 70 20 3182 22 31 3193 75 9 3195 46 5 3209 35 17 3222 42 6 3223 63 1 3224 78 21 3226 17 20 3250 11 26 3251 8 12 3264 26 20 3270 88 8 3309 15 1 3314 29 19 3325 51 1 3339 27 31 3348 9 12 3348 93 20 3355 21 29 3357 90 30 3363 68 29 3369 13 9 3391 83 15
277 310 3e-05 82 89 0 87 87 16 96 23 31 108 59 18 109 71 10 138 1 9 143 71 10 145 89 28 146 69 29 156 97 1 164 1 14 167 51 16 200 83 8 211 19 10 226 20 2 227 11 18 227 74 20 231 94 31 239 23 25 240 16 14 242 22 31 251 4 30 254 88 20 280 32 31 298 54 15 310 70 16 316 55 18 328 79 13 335 26 5 345 35 10 355 71 3 355 94 27 374 99 10 382 53 14 393 46 28 395 97 0 403 1 21 407 74 20 425 1 21 430 85 10 433 48 13 444 78 23 447 42 13 459 81 11 463 19 10 477 29 15 491 12 22 491 80 1 498 96 15 515 95 4 532 80 16 536 68 9 559 7 18 583 41 3 607 73 17 611 85 28 612 76 22 621 22 12 630 50 5 676 86 30 683 64 14 689 88 9 702 90 26 720 89 22 727 96 11 748 40 25 752 97 5 768 1 0 768 87 1 774 54 20 775 10 2 784 37 21 788 45 31 795 39 27 795 92 27 836 80 6 844 1 11 851 94 7 866 78 6 871 56 5 873 88 17 893 21 2 898 45 30 924 25 4 931 9 23 945 72 10 963 31 29 966 76 2 973 98 31 979 43 28 980 91 25 984 95 10 993 50 6 999 91 19 1006 85 1 1007 88 3 1012 27 15 1040 3 4 1040 95 31 1044 0 22 1051 20 26 1062 34 21 1065 84 21 1073 99 16 1082 67 1 1100 90 6 1118 73 29 1121 35 22 1122 20 27 1132 20 8 1135 11 9 1138 13 2 1149 44 1 1159 55 16 1159 75 2 1184 35 1 1195 79 0 1195 96 2 1217 54 9 1246 54 15 1246 96 9 1258 71 10 1263 0 29 1276 0 12 1282 60 0 1282 98 22 1284 100 15 1286 51 2 1300 65 8 1307 65 0 1323 9 22 1349 100 13 1352 46 7 1353 0 28 1359 98 22 1377 97 19 1399 63 26 1420 63 26 1441 22 31 1463 86 3 1471 45 17 1495 12 12 1514 28 22 1515 97 9 1522 36 26 1526 65 4 1544 67 3 1544 91 1 1555 39 22 1556 76 3 1560 15 16 1579 94 8 1581 59 17 1606 54 6 1619 90 7 1624 24 11 1633 29 15 1635 100 11 1659 72 10 1813 51 29 1819 0 16 1832 78 11 1837 55 7 1842 79 24 1848 62 29 1854 48 9 1889 97 26 1917 43 4 1923 30 21 1937 14 14 1939 48 4 1954 63 7 1963 12 5 1965 65 28 1966 96 11 1971 53 5 1979 55 27 1988 40 5 2005 60 0 2028 90 1 2031 19 28 2042 40 26 2045 30 11 2058 17 21 2060 24 22 2060 88 26 2062 29 22 2084 45 8 2084 91 14 2100 78 4 2102 7 6 2105 6 8 2111 23 8 2146 32 11 2156 89 24 2157 98 17 2162 4 16 2162 69 29 2186 68 17 2207 53 12 2253 13 3 2261 15 12 2286 16 26 2287 22 11 2289 47 24 2290 20 19 2291 65 6 2307 35 19 2310 69 2 2338 26 7 2341 87 21 2342 28 20 2344 53 2 2353 43 29 2360 24 9 2362 28 9 2417 6 10 2427 28 19 2445 57 1 2459 15 11 2460 92 17 2462 11 16 2465 68 9 2496 48 14 2497 78 15 2506 12 4 2510 69 6 2516 51 1 2523 70 29 2564 18 20 2578 92 19 2583 65 5 2598 47 22 2608 62 1 2625 46 29 2625 64 14 2637 87 15 2646 27 30 2646 52 21 2664 25 17 2674 36 18 2684 45 23 2688 58 19 2710 75 28 2717 17 13 2727 46 24 2750 76 19 2768 53 12 2768 77 9 2772 60 12 2782 81 12 2797 84 22 2807 38 8 2809 69 29 2811 56 24 2830 77 31 2838 16 3 2854 38 20 2859 94 14 2902 79 20 2911 39 10 2915 98 21 2920 12 4 2921 24 5 2926 39 23 2939 84 28 2968 30 1 2990 23 9 3024 31 28 3027 5 8 3035 70 29 3059 72 0 3065 23 5 3068 55 2 3081 43 21 3133 72 17 3144 8 27 3155 78 27 3159 30 14 3166 94 18 3167 90 29 3168 93 13 3177 39 10 3178 6 6 3179 99 11 3183 68 16 3200 72 7 3215 8 8 3220 58 29 3226 66 19 3229 0 6 3255 62 11 3261 87 9 3281 27 24 3287 8 0 3312 52 0 3314 91 10 3316 73 13 3326 1 7 3333 3 19 3346 51 30 3346 91 4 3350 41 1 3357 39 30 3360 22 15 3362 89 14 3385 59 27 3388 34 17 3389 9 21 3390 8 0
278 310 3e-05 82 52 14 84 84 29 88 37 13 115 34 29 134 31 30 135 8 29 148 95 5 150 0 18 160 24 10 176 16 9 193 94 8 198 61 15 211 8 24 243 68 24 260 58 12 282 26 0 287 4 31 288 34 16 292 21 1 294 11 29 320 72 19 344 44 7 344 71 22 351 51 2 361 30 16 379 1 5 382 37 17 385 41 20 389 32 19 390 77 4 399 94 2 415 40 19 433 35 1 434 58 10 442 39 31 447 39 27 455 28 22 486 25 22 499 64 6 508 67 30 514 73 1 517 48 30 529 24 22 530 65 5 532 85 4 566 50 22 574 2 18 578 21 4 602 13 6 613 55 13 616 50 18 620 97 13 624 74 12 629 32 9 632 63 15 635 84 26 640 28 24 641 1 6 643 71 18 643 89 5 656 75 31 663 75 8 686 97 21 688 72 23 727 94 18 738 9 17 741 58 20 743 98 1 765 22 28 771 15 11 781 89 5 784 23 17 788 90 7 795 33 22 813 55 29 838 30 3 841 100 13 846 14 11 850 56 16 852 6 23 869 33 9 874 1 18 877 96 1 883 15 4 885 95 2 886 47 7 886 93 6 890 38 13 902 51 25 903 78 27 934 22 21 939 57 9 958 88 19 967 98 22 975 9 31 997 47 26 1001 38 12 1004 82 23 1022 17 9 1032 27 12 1066 61 11 1074 15 21 1088 84 8 1090 37 6 1114 35 19 1147 82 29 1150 96 30 1156 96 1 1162 12 11 1166 85 17 1171 51 0 1172 90 7 1174 92 22 1177 22 26 1182 38 14 1199 18 2 1220 51 2 1222 92 24 1227 56 28 1232 14 10 1237 73 10 1249 86 10 1263 21 1 1268 33 6 1274 48 14 1280 91 13 1295 17 30 1297 9 5 1305 81 3 1319 32 17 1321 9 20 1328 37 25 1337 73 10 1346 70 14 1374 44 20 1413 91 27 1417 42 9 1441 65 0 1452 65 31 1461 62 26 1472 47 0 1475 77 6 1490 96 29 1500 97 18 1504 54 5 1506 1 0 1523 65 7 1526 37 15 1572 94 25 1573 97 0 1597 64 5 1620 28 24 1628 84 29 1635 94 27 1642 96 23 1652 60 3 1659 26 9 1812 14 30 1821 75 23 1831 89 29 1859 49 8 1860 3 26 1863 36 1 1867 57 16 1881 42 5 1892 30 11 1897 33 20 1898 27 15 1940 51 19 1959 81 10 1972 47 19 1983 95 31 1986 4 30 1989 40 18 1990 54 11 1996 77 12 1997 56 16 2000 90 15 2009 29 0 2013 63 25 2021 72 6 2035 49 25 2057 87 25 2063 37 14 2080 98 3 2094 77 23 2099 69 8 2114 55 12 2147 93 15 2157 60 23 2166 25 17 2183 23 28 2184 79 30 2214 76 8 2216 40 18 2242 38 15 2254 12 1 2258 22 25 2260 42 3 2326 92 0 2334 12 24 2336 11 11 2379 69 5 2385 18 18 2418 10 1 2420 34 24 2446 67 30 2465 71 20 2466 19 23 2495 15 29 2506 65 24 2529 74 28 2534 25 29 2546 84 1 2548 68 23 2560 43 20 2562 22 25 2568 35 7 2577 32 3 2584 40 27 2591 19 29 2605 73 23 2615 34 23 2619 63 10 2625 28 13 2629 86 8 2634 8 27 2663 42 11 2669 28 10 2684 75 4 2688 19 6 2690 96 31 2692 58 8 2700 93 27 2704 29 31 2706 5 28 2713 2 1 2724 19 16 2732 31 28 2734 47 12 2738 75 15 2745 18 30 2761 45 14 2761 57 24 2762 61 26 2766 60 29 2777 56 23 2793 52 25 2816 5 10 2819 26 22 2823 65 22 2843 56 23 2850 41 4 2851 44 31 2851 62 28 2852 83 20 2891 47 14 2896 83 27 2903 11 4 2912 9 9 2916 5 29 2946 82 11 2953 5 24 2954 64 27 2969 26 22 2975 20 24 2978 98 18 2994 42 29 2997 10 7 2998 92 12 3016 60 13 3019 69 7 3022 74 16 3039 23 26 3043 91 24 3062 100 21 3066 22 2 3069 72 23 3080 28 0 3101 58 20 3117 76 28 3146 23 6 3146 31 18 3160 50 0 3162 28 17 3162 74 4 3163 62 28 3168 46 14 3168 74 4 3172 12 16 3172 36 17 3206 6 10 3211 68 30 3214 85 26 3216 6 7 3239 47 7 3239 71 18 3248 62 10 3253 70 2 3262 91 14 3280 4 2 3308 64 2 3311 58 11 3321 74 9 3346 11 24 3364 5 26 3371 42 27 3381 16 11 3388 18 19 3396 37 22
279 310 3e-05 75 87 22 88 43 16 96 5 13 105 39 6 111 61 8 120 12 8 122 53 25 128 52 31 154 95 3 156 85 1 158 16 2 159 33 21 160 64 17 161 62 0 163 70 25 166 5 29 178 20 2 178 56 19 194 47 23 201 59 19 206 19 31 218 75 27 227 47 16 267 68 22 269 37 11 271 73 21 275 96 15 277 8 28 312 81 12 322 56 14 329 78 25 333 18 9 339 98 13 343 23 21 348 34 19 357 3 28 373 8 25 376 95 3 377 13 13 379 33 18 380 65 14 394 41 4 414 37 28 432 67 7 437 12 14 439 18 29 441 96 27 450 78 4 465 57 21 490 60 20 506 57 31 507 59 17 510 31 4 518 34 14 534 89 6 640 81 3 667 23 20 672 13 22 725 12 18 729 33 7 732 15 27 732 44 9 742 65 27 758 36 19 762 17 24 762 42 7 762 92 11 765 23 4 768 61 18 776 88 19 786 100 25 790 75 22 791 99 3 813 12 13 818 60 22 822 32 29 835 70 21 841 84 1 872 41 15 884 5 22 916 64 12 925 3 0 949 45 25 960 53 25 996 79 19 1006 66 19 1027 67 5 1037 39 26 1048 12 7 1051 11 12 1063 43 4 1066 62 17 1068 0 23 1098 79 3 1101 60 23 1111 59 25 1136 57 6 1140 77 31 1144 81 30 1164 79 18 1180 96 30 1183 22 31 1185 68 18 1190 98 12 1203 70 25 1213 4 2 1213 62 30 1218 64 26 1241 36 10 1246 16 11 1248 80 9 1271 7 10 1291 17 19 1296 89 7 1304 31 24 1314 11 28 1314 75 25 1319 51 25 1322 87 15 1333 99 4 1336 22 24 1342 31 28 1343 81 23 1344 77 5 1346 30 0 1366 47 6 1391 19 26 1398 65 2 1405 99 0 1422 0 11 1461 6 31 1466 33 20 1487 68 30 1513 48 10 1520 53 31 1535 98 18 1542 54 22 1548 47 22 1569 5 10 1579 23 8 1583 68 3 1587 2 10 1593 29 1 1594 87 30 1610 73 29 1620 61 0 1625 32 4 1639 7 31 1655 77 23 1824 1 14 1829 22 8 1853 81 4 1873 64 22 1878 64 5 1880 54 22 1884 89 16 1888 60 21 1896 6 15 1901 7 24 1908 30 11 1910 62 0 1931 7 21 1950 82 11 1951 24 19 1959 4 0 1970 12 25 1973 94 23 1981 61 8 1988 37 14 1993 4 22 1994 87 16 2008 66 19 2044 83 2 2054 67 7 2060 69 21 2062 96 22 2085 57 19 2103 89 27 2105 74 27 2160 61 19 2179 50 30 2184 55 3 2186 10 7 2195 59 23 2196 5 31 2231 20 8 2239 4 19 2245 83 19 2248 31 22 2248 94 25 2252 82 22 2253 1 22 2254 52 8 2256 77 2 2270 26 29 2278 6 23 2292 48 10 2292 64 4 2303 70 16 2315 28 8 2316 52 15 2327 10 24 2328 70 19 2353 14 23 2359 64 14 2379 55 1 2415 74 2 2427 72 15 2432 24 22 2446 20 7 2448 98 24 2458 85 27 2464 86 1 2482 28 17 2491 57 5 2519 80 24 2523 35 16 2547 64 9 2548 3 20 2548 50 24 2563 68 12 2594 65 17 2603 44 6 2609 42 5 2625 93 3 2660 63 12 2662 21 14 2663 51 25 2675 10 19 2688 32 21 2692 2 12 2693 7 0 2698 14 22 2705 9 22 2716 76 3 2717 97 24 2726 25 26 2727 40 0 2759 55 19 2763 62 2 2801 7 10 2819 54 11 2825 36 28 2827 100 18 2832 54 11 2849 44 7 2850 14 4 2854 6 29 2868 91 14 2870 58 21 2872 62 22 2888 32 23 2894 56 13 2903 10 17 2904 82 4 2913 64 29 2914 24 1 2916 30 1 2940 51 27 2940 72 26 2948 98 25 2953 27 1 2956 22 19 2970 13 24 2975 15 20 2981 98 14 2984 51 28 2985 83 31 2988 70 15 3017 26 23 3022 55 2 3028 91 20 3033 65 22 3052 95 20 3056 9 16 3074 95 25 3094 26 8 3096 42 1 3111 23 17 3116 49 11 3122 71 8 3138 64 16 3157 0 0 3159 26 13 3162 35 26 3170 43 24 3176 22 13 3180 29 10 3202 21 28 3219 69 31 3241 71 26 3247 57 25 3254 27 12 3255 37 3 3255 82 31 3265 14 7 3282 54 20 3284 66 12 3298 51 2 3310 51 22 3316 93 9 3326 68 20 3342 63 8 3358 42 18 3359 34 13 3367 59 21 3387 8 4 3393 69 20 3394 10 4 3406 41 31
280 310 3e-05 75 11 2 78 21 8 80 74 31 84 61 26 90 25 3 92 20 16 95 72 7 105 52 1 108 32 10 115 5 3 118 52 0 124 74 4 128 89 21 132 35 18 134 74 14 143 2 15 146 39 16 168 61 13 177 21 3 182 65 27 183 37 6 193 85 25 208 72 17 214 59 21 215 84 5 228 34 10 236 11 27 247 52 27 253 64 17 263 56 27 278 34 27 282 44 3 284 42 15 296 86 17 307 94 27 318 92 14 323 51 3 334 89 21 337 54 24 343 6 0 349 37 29 356 20 9 373 16 27 394 89 29 398 33 30 451 26 6 461 45 5 466 74 30 469 61 27 470 57 14 471 62 3 495 31 0 507 43 10 521 48 5 522 71 16 528 73 21 532 81 14 545 62 27 557 8 14 567 51 19 570 74 17 574 53 12 589 16 27 598 92 19 603 11 2 618 77 17 621 19 24 636 1 14 641 2 22 645 4 25 648 41 5 649 26 12 651 20 29 653 76 3 654 100 2 665 59 24 667 80 18 674 72 22 675 73 10 677 73 3 680 53 3 689 65 7 708 1 16 726 90 14 732 18 6 733 93 4 738 82 6 760 64 8 774 81 26 806 1 11 820 99 1 835 77 1 873 36 16 875 61 13 877 9 20 882 96 26 886 9 6 898 7 6 901 50 7 919 13 24 928 3 12 939 20 23 940 71 29 961 87 5 1000 63 1 1006 94 10 1011 56 29 1017 85 29 1019 64 12 1036 23 31 1038 63 12 1046 16 11 1052 16 13 1055 94 23 1056 59 22 1086 38 23 1101 35 3 1114 7 3 1129 71 10 1134 29 24 1147 72 15 1149 56 15 1155 20 10 1161 18 24 1183 22 5 1234 4 6 1238 32 8 1246 78 29 1258 58 8 1259 22 24 1261 24 0 1262 5 8 1271 97 21 1273 35 8 1291 67 21 1292 5 30 1311 23 29 1316 38 31 1331 5 10 1371 74 12 1373 66 17 1402 87 10 1403 16 9 1404 77 24 1405 89 6 1423 80 19 1429 100 9 1456 72 2 1459 34 30 1473 78 23 1483 51 11 1502 45 7 1507 84 0 1540 11 29 1549 55 10 1553 92 19 1557 1 0 1561 88 13 1564 41 15 1597 20 2 1600 28 23 1623 61 30 1638 5 1 1639 39 12 1643 76 9 1808 60 19 1811 87 31 1814 41 23 1816 28 9 1819 22 11 1819 24 25 1844 46 24 1857 7 26 1859 99 12 1868 37 11 1872 100 17 1876 58 25 1888 53 13 1906 63 19 1908 61 6 1913 56 18 1921 8 12 1928 38 31 1958 39 31 1968 89 16 1979 46 6 2001 78 24 2027 39 30 2040 62 17 2056 64 26 2073 31 22 2073 35 3 2076 12 28 2102 38 4 2111 93 18 2125 0 24 2132 31 6 2136 54 13 2137 40 3 2162 45 3 2163 62 19 2165 9 20 2165 22 1 2171 79 27 2177 30 28 2196 30 6 2198 19 12 2216 95 11 2224 35 11 2228 29 30 2230 99 2 2247 50 18 2267 68 3 2283 69 30 2290 74 19 2301 46 7 2315 87 2 2322 7 29 2349 35 22 2350 53 7 2350 69 0 2353 77 30 2357 65 13 2365 92 17 2376 52 17 2418 37 26 2423 24 1 2440 36 20 2457 65 15 2462 75 25 2464 42 16 2469 83 17 2472 38 25 2473 96 5 2495 80 12 2514 47 1 2539 68 7 2546 90 8 2573 3 23 2588 17 11 2593 62 20 2605 72 19 2613 78 30 2638 6 6 2640 11 23 2661 83 9 2662 86 15 2673 61 21 2676 24 30 2694 76 11 2695 73 26 2713 3 19 2715 81 1 2732 34 5 2735 57 21 2741 18 10 2741 90 24 2751 48 27 2770 92 19 2830 93 10 2862 36 8 2867 89 8 2869 87 16 2873 59 17 2884 72 16 2887 27 8 2895 49 2 2900 27 14 2903 68 3 2927 39 17 2934 66 5 2957 46 28 2958 97 4 2970 80 7 2982 34 19 3046 44 10 3054 9 26 3059 48 12 3076 70 30 3096 38 17 3096 56 8 3123 59 28 3135 90 9 3139 47 11 3166 73 9 3166 97 27 3167 83 24 3177 8 22 3177 60 6 3198 83 19 3240 55 2 3271 20 21 3281 68 20 3289 52 10 3293 69 29 3300 100 18 3301 85 17 3303 94 9 3312 55 3 3313 47 16 3351 3 2 3355 79 4 3359 21 31 3359 66 31 3361 74 25 3372 39 8 3380 55 6 3383 63 5 3393 29 5 3398 81 29
281 310 3e-05 78 64 28 84 33 14 86 6 23 87 59 30 94 59 7 102 54 0 106 56 28 110 47 10 136 33 29 141 62 27 145 32 5 155 52 27 164 61 3 170 42 28 180 90 2 181 53 30 191 60 0 193 28 0 197 27 1 208 30 2 212 7 18 220 29 20 222 9 14 227 37 9 228 4 2 229 2 7 249 42 24 255 41 23 258 33 31 270 63 20 272 100 2 273 72 0 294 89 4 296 78 30 300 69 18 301 22 6 302 39 8 315 0 15 320 97 14 323 3 15 328 19 30 348 22 18 365 97 28 366 3 22 386 55 30 426 83 24 428 68 5 466 44 9 468 59 31 486 46 1 494 19 31 497 56 22 531 27 6 553 50 16 566 48 9 590 17 18 632 39 19 643 83 13 645 71 2 688 2 16 692 81 7 697 90 0 704 57 15 714 80 1 716 6 30 720 18 9 732 91 2 732 97 12 739 46 3 758 68 5 778 92 9 791 45 2 795 98 4 798 12 8 824 47 19 837 46 28 840 93 8 849 64 28 858 52 27 858 94 29 867 90 28 870 20 22 870 99 15 871 22 25 875 93 2 884 74 20 888 18 15 901 46 8 939 28 31 973 52 31 984 1 2 987 37 20 988 60 9 998 98 23 1018 13 12 1029 75 28 1031 49 21 1031 75 28 1038 95 18 1051 22 12 1064 27 21 1092 30 17 1121 41 25 1139 54 9 1145 14 31 1155 100 25 1182 45 17 1200 66 22 1205 47 7 1216 46 13 1222 91 25 1231 65 14 1244 74 7 1259 29 30 1260 13 12 1260 88 25 1297 61 4 1298 58 15 1301 18 27 1305 87 6 1308 29 9 1309 30 6 1314 17 18 1315 85 8 1316 93 10 1317 73 16 1330 45 3 1376 3 6 1390 84 31 1398 62 5 1398 73 5 1401 91 28 1406 50 6 1409 54 8 1415 20 30 1417 8 18 1428 3 21 1433 100 9 1453 7 27 1469 16 26 1485 20 22 1506 16 3 1508 37 28 1518 6 29 1523 59 14 1536 48 15 1538 85 5 1555 85 1 1556 79 20 1605 12 28 1629 47 28 1640 91 20 1811 75 21 1813 85 21 1818 38 3 1818 75 29 1820 38 11 1842 71 7 1845 97 7 1855 39 6 1858 43 6 1869 90 25 1886 67 27 1910 8 10 1915 1 7 1915 34 15 1924 47 17 1931 74 18 1947 72 21 1953 1 16 1967 16 7 1970 93 6 1984 75 16 1987 0 20 1994 31 23 2006 37 23 2026 78 1 2035 68 11 2035 76 22 2042 60 28 2055 45 16 2062 49 5 2062 66 4 2065 80 28 2068 13 30 2076 81 24 2078 96 21 2087 50 16 2111 88 27 2115 34 23 2147 1 30 2150 10 16 2153 6 2 2161 79 25 2166 63 29 2171 34 4 2174 0 22 2184 97 11 2213 25 25 2221 50 10 2223 28 2 2260 47 17 2260 68 28 2292 76 20 2310 55 9 2312 82 5 2324 77 25 2328 80 18 2362 77 23 2369 64 5 2370 6 13 2372 71 3 2373 72 30 2401 29 22 2402 86 0 2417 46 16 2418 19 19 2420 10 27 2449 10 20 2455 29 21 2461 48 24 2462 99 2 2469 20 29 2469 51 28 2482 93 3 2489 95 11 2508 60 8 2514 91 25 2528 88 27 2531 78 4 2533 3 4 2541 33 12 2544 91 18 2549 100 26 2553 6 21 2567 52 16 2582 32 6 2588 50 25 2588 60 15 2590 96 20 2594 96 4 2601 23 14 2602 46 11 2606 96 12 2620 11 26 2628 62 14 2631 95 21 2680 92 30 2716 37 17 2720 22 14 2741 42 22 2743 17 28 2762 32 3 2776 29 0 2780 85 27 2789 26 12 2798 55 28 2803 61 21 2805 75 20 2809 94 3 2830 37 9 2842 78 8 2856 26 6 2860 94 1 2879 79 10 2886 13 4 2886 37 30 2900 65 25 2930 3 31 2939 19 13 2963 70 26 2964 10 30 2966 39 20 2968 38 19 2978 54 24 2981 93 28 3008 32 29 3024 19 13 3025 63 17 3068 5 14 3090 12 14 3100 73 5 3108 21 23 3125 76 28 3143 74 4 3144 98 1 3147 85 26 3155 44 8 3168 43 12 3179 74 28 3189 23 14 3190 87 31 3220 87 31 3225 56 18 3227 25 14 3247 22 11 3257 64 17 3261 69 15 3262 99 20 3276 51 10 3277 73 6 3290 26 28 3297 90 30 3312 34 0 3313 32 16 3318 33 15 3349 58 11 3363 19 3 3371 40 22 3400 23 11
282 310 3e-05 79 89 17 81 34 22 83 23 14 85 32 23 88 87 1 103 35 25 116 58 23 135 27 12 142 25 30 153 91 31 163 60 15 196 85 13 228 30 5 255 64 3 288 98 9 292 97 12 295 88 14 298 65 31 308 62 31 313 63 18 324 56 10 331 63 0 341 94 22 349 4 1 361 52 25 363 18 29 366 79 28 380 34 14 381 30 13 394 17 28 419 10 10 421 56 5 439 40 19 450 0 17 457 90 18 460 1 10 464 73 6 486 72 7 491 49 0 495 92 17 496 79 24 507 5 3 517 63 24 531 78 9 532 100 8 539 82 1 546 69 13 550 38 30 584 16 3 595 96 4 607 87 18 612 23 20 648 93 28 697 40 15 700 87 31 702 73 5 707 77 14 718 35 29 724 61 16 726 53 17 727 49 26 739 40 12 743 17 30 744 78 0 761 26 10 769 63 8 778 15 30 780 56 16 787 75 25 790 55 7 796 77 22 876 37 11 881 75 9 905 38 19 922 48 31 923 99 3 936 90 24 955 18 7 958 4 27 963 43 13 964 25 20 966 41 14 966 85 13 980 89 18 986 78 2 995 81 0 1004 86 10 1016 46 8 1021 94 17 1029 9 6 1038 57 9 1043 43 26 1047 49 5 1056 52 9 1058 85 4 1071 44 18 1080 35 14 1088 29 17 1089 68 12 1091 12 12 1096 83 25 1098 53 8 1101 9 31 1103 79 2 1108 37 14 1119 44 19 1154 83 1 1159 51 5 1181 5 8 1181 21 21 1182 29 15 1197 12 13 1222 70 10 1234 72 24 1244 99 3 1257 40 0 1260 1 9 1296 30 14 1309 70 17 1316 10 15 1317 39 2 1320 4 17 1343 57 28 1346 24 30 1347 54 23 1362 96 23 1380 99 4 1406 5 6 1438 76 19 1446 23 10 1454 1 30 1463 41 28 1472 58 20 1474 10 8 1476 28 29 1485 50 30 1488 46 10 1506 7 30 1527 16 9 1536 66 3 1554 78 15 1578 81 20 1583 52 28 1587 51 3 1596 90 29 1602 73 22 1607 83 13 1613 78 1 1619 82 13 1630 77 26 1633 96 28 1654 39 2 1657 46 16 1810 15 16 1823 41 31 1829 23 7 1839 63 2 1841 3 8 1894 29 9 1917 64 0 1933 3 3 1934 60 23 1947 66 28 1950 59 10 1952 10 6 1952 41 2 1991 60 7 2010 81 24 2010 100 6 2014 59 2 2030 85 28 2048 65 29 2057 17 19 2089 99 31 2092 82 12 2095 5 25 2099 85 26 2106 5 15 2113 36 2 2120 17 2 2130 70 8 2141 38 23 2149 7 4 2153 26 30 2156 53 29 2159 32 28 2162 56 4 2169 65 26 2176 94 31 2181 80 28 2192 79 28 2201 87 20 2209 75 6 2222 66 27 2224 74 5 2228 68 26 2233 50 30 2246 32 6 2249 58 15 2250 58 19 2252 1 4 2264 22 5 2269 10 29 2275 94 3 2286 67 29 2287 4 23 2299 25 0 2302 67 9 2305 12 7 2314 21 18 2315 52 2 2337 50 4 2375 28 5 2377 22 2 2391 70 28 2398 18 15 2403 54 11 2411 6 21 2412 16 8 2412 19 31 2417 74 21 2434 26 20 2463 87 7 2471 79 26 2473 80 18 2474 86 18 2489 96 29 2492 68 3 2509 17 23 2509 82 12 2521 30 29 2521 63 22 2525 26 14 2546 25 9 2555 10 27 2557 93 21 2560 50 14 2561 32 25 2562 90 8 2591 2 3 2603 27 12 2626 35 27 2634 40 8 2636 57 6 2656 4 10 2663 11 18 2684 84 29 2698 90 23 2699 87 9 2702 72 9 2705 1 26 2707 8 8 2722 93 15 2725 72 3 2728 75 7 2736 81 20 2749 76 24 2781 26 28 2789 84 4 2796 77 16 2797 23 14 2841 38 12 2850 45 4 2853 50 29 2855 19 6 2861 91 12 2873 73 18 2873 100 25 2885 28 26 2886 57 17 2888 29 1 2888 86 28 2900 13 24 2946 58 30 2951 35 7 2954 52 13 2960 48 16 2986 73 0 2987 55 20 2988 59 31 2988 84 31 3020 26 6 3023 15 11 3027 95 23 3045 91 21 3047 3 16 3083 20 27 3102 86 5 3110 43 31 3117 30 19 3160 0 11 3163 11 25 3165 76 16 3180 36 16 3188 44 23 3233 83 22 3254 46 18 3261 43 2 3293 23 11 3297 81 10 3316 32 5 3343 94 7 3370 20 25 3372 8 3 3379 19 21 3387 17 26 3388 4 20 3397 88 8 3402 65 8 3404 64 20
283 310 3e-05 81 63 0 84 55 25 87 33 27 90 63 11 102 17 29 118 83 12 123 10 9 125 14 22 158 55 16 167 14 29 167 62 12 169 14 4 169 79 12 171 93 27 172 44 14 176 12 27 180 82 18 204 96 7 205 30 16 236 22 29 265 19 4 276 51 16 278 49 1 293 73 0 295 2 8 299 92 10 300 15 19 304 16 23 323 18 3 347 73 11 351 39 24 353 19 14 354 1 25 356 32 24 360 34 1 362 61 1 376 16 9 391 94 22 408 97 3 414 76 9 419 81 25 429 46 18 442 9 6 450 31 25 450 60 13 454 82 10 488 83 29 508 70 8 526 86 20 533 61 8 551 62 7 554 11 17 577 89 23 587 82 10 598 62 11 617 5 13 646 33 18 654 36 6 670 24 18 694 11 3 704 72 19 705 1 23 742 20 16 755 39 1 771 31 4 771 58 17 785 20 0 803 39 8 804 98 11 809 25 16 844 39 23 847 38 28 859 99 21 873 55 13 890 81 24 899 48 27 903 25 31 903 32 18 906 28 16 923 13 20 957 49 31 957 60 30 967 59 29 972 87 28 980 50 22 982 85 26 985 71 2 990 32 5 1001 49 9 1006 91 4 1011 70 30 1014 19 11 1021 64 5 1045 78 19 1047 5 1 1059 38 11 1061 16 6 1062 54 30 1065 33 5 1066 63 10 1077 37 17 1087 76 18 1134 10 0 1136 62 24 1138 58 10 1138 66 6 1148 43 31 1150 19 23 1162 31 10 1195 52 6 1196 99 0 1197 66 14 1201 97 29 1214 92 19 1220 55 17 1245 29 10 1271 36 31 1272 51 13 1273 93 28 1279 99 20 1288 40 21 1294 46 30 1299 49 9 1314 44 26 1322 50 22 1336 37 23 1367 26 19 1383 57 29 1383 71 22 1399 79 9 1451 99 23 1468 86 1 1469 66 26 1473 71 25 1484 75 24 1494 40 1 1499 18 6 1524 43 10 1528 61 0 1529 5 26 1530 71 6 1536 73 5 1538 72 4 1546 45 11 1554 66 8 1575 94 0 1607 48 20 1609 57 29 1612 23 19 1612 27 9 1644 83 21 1656 92 4 1667 47 7 1670 79 26 1812 26 4 1837 14 0 1842 55 9 1868 85 18 1898 92 29 1903 50 15 1918 85 0 1933 14 12 1940 63 21 1945 47 30 1952 38 4 1954 33 29 1961 35 2 1967 61 26 1977 83 15 1977 93 31 2001 98 12 2002 71 27 2004 60 2 2004 80 12 2032 96 5 2049 42 24 2059 93 7 2067 90 2 2086 36 31 2086 66 10 2100 46 9 2107 38 21 2108 48 8 2109 17 7 2135 13 16 2136 31 0 2151 34 31 2152 89 8 2156 32 0 2175 59 26 2181 78 12 2197 0 21 2219 70 22 2226 31 12 2236 6 10 2243 7 8 2251 72 0 2252 86 8 2257 34 14 2273 97 0 2278 57 3 2289 47 25 2300 41 0 2321 34 13 2343 53 16 2358 99 17 2360 81 19 2370 29 7 2375 30 3 2386 75 6 2390 88 9 2396 17 26 2405 18 23 2409 82 0 2417 12 29 2423 72 31 2440 60 3 2446 43 31 2449 43 14 2451 53 12 2454 3 23 2491 32 21 2495 17 18 2507 28 12 2538 95 9 2541 84 22 2541 85 14 2544 88 26 2606 43 7 2626 12 1 2638 73 1 2641 17 15 2658 30 3 2663 60 1 2667 42 6 2683 99 17 2687 47 13 2690 78 24 2694 40 5 2694 89 6 2699 26 20 2706 65 29 2708 22 19 2727 86 12 2738 62 17 2742 93 5 2746 72 6 2749 84 10 2767 78 10 2776 66 26 2781 1 20 2782 53 23 2788 0 17 2791 14 26 2794 38 11 2821 82 0 2825 68 7 2833 74 7 2846 94 11 2851 58 18 2854 26 6 2854 31 29 2857 5 5 2860 65 14 2868 38 22 2885 96 30 2887 82 18 2894 54 28 2918 53 16 2922 25 8 2954 50 8 2973 98 6 2978 30 26 2981 29 24 2987 27 21 2988 85 29 2991 98 19 2993 69 1 3060 47 11 3061 97 15 3062 96 4 3070 82 9 3092 29 11 3094 3 20 3100 21 5 3125 69 8 3134 90 6 3136 39 5 3140 96 28 3142 93 2 3144 31 0 3147 7 31 3149 22 10 3149 61 14 3154 91 17 3165 42 25 3179 53 5 3199 39 1 3203 49 19 3215 97 30 3218 16 17 3218 81 13 3230 28 20 3233 84 6 3238 35 4 3243 26 6 3283 45 21 3288 64 22 3300 56 11 3348 67 23
284 310 3e-05 73 74 8 84 15 13 91 70 9 124 22 31 138 83 2 148 51 5 162 79 11 176 91 23 180 15 26 180 32 18 189 22 17 198 55 27 242 20 7 251 62 15 252 88 22 268 66 26 283 67 31 287 25 17 299 73 25 307 88 22 309 5 10 324 28 31 329 2 9 345 23 10 352 80 1 363 63 6 368 60 10 371 2 10 380 0 27 389 60 7 396 82 25 399 58 4 402 55 20 408 11 21 427 52 21 447 29 24 468 51 4 475 17 12 475 40 17 478 2 10 485 43 25 498 86 28 503 48 8 541 85 26 558 76 28 559 39 0 584 4 25 595 91 13 605 58 18 617 94 30 619 38 6 622 34 30 662 42 5 662 61 20 666 34 18 698 90 28 728 88 15 740 74 5 747 98 27 749 59 28 753 53 20 756 78 31 764 69 8 791 65 0 792 74 8 793 56 6 796 33 15 818 1 31 818 8 23 829 88 4 842 65 22 847 77 0 859 16 4 873 95 23 886 38 4 886 50 7 904 11 6 907 60 25 919 42 27 919 88 16 940 3 29 945 17 12 950 13 2 954 77 10 965 21 9 968 9 17 991 86 6 993 72 2 995 68 28 1020 65 22 1047 8 9 1071 66 2 1081 45 6 1081 85 29 1088 100 11 1112 87 28 1116 19 8 1117 5 28 1117 14 19 1128 21 1 1145 67 0 1158 30 20 1163 58 7 1169 5 20 1182 9 9 1184 40 16 1187 1 22 1210 16 27 1229 9 6 1239 14 16 1252 27 13 1262 48 7 1267 33 17 1274 22 31 1274 80 31 1281 53 16 1291 78 6 1307 81 12 1335 47 11 1348 63 7 1352 38 10 1356 0 30 1356 58 10 1357 67 5 1395 17 6 1429 84 4 1435 96 9 1439 13 3 1445 99 19 1458 65 21 1464 51 9 1475 95 6 1481 3 9 1491 35 10 1494 30 29 1503 66 17 1530 2 22 1566 34 27 1567 69 22 1572 66 6 1576 31 28 1580 53 30 1591 100 29 1632 100 11 1642 46 27 1658 1 29 1659 26 23 1660 69 18 1809 59 12 1826 73 16 1831 82 14 1839 31 6 1842 78 16 1858 15 24 1860 74 15 1882 25 15 1916 45 6 1929 26 4 1956 46 25 1967 41 15 1973 2 19 1978 57 28 1992 36 10 1996 37 23 2005 67 29 2006 94 3 2016 57 18 2023 64 13 2024 60 24 2038 34 28 2038 38 17 2060 7 25 2065 2 10 2075 72 8 2078 26 22 2084 100 0 2113 78 26 2119 3 22 2129 12 22 2130 11 0 2150 60 13 2153 10 7 2157 96 18 2168 31 25 2206 75 20 2210 12 7 2212 41 23 2226 60 20 2229 9 30 2250 1 2 2253 34 11 2261 79 17 2278 90 9 2279 29 15 2291 62 9 2293 81 12 2320 98 9 2344 0 7 2354 80 26 2386 36 10 2415 80 3 2442 66 29 2459 22 9 2459 97 25 2463 75 1 2472 49 26 2480 15 0 2481 59 19 2487 53 30 2488 49 20 2506 45 27 2520 88 11 2522 11 8 2522 86 0 2525 45 31 2540 72 7 2565 25 27 2569 48 4 2577 84 16 2581 88 1 2583 73 9 2602 70 6 2606 73 7 2607 25 29 2617 46 19 2628 42 8 2638 55 5 2652 67 25 2658 14 6 2665 24 10 2670 55 22 2693 50 2 2700 96 23 2705 95 6 2711 43 24 2766 70 31 2770 47 22 2774 87 4 2782 67 22 2791 63 26 2813 90 19 2816 6 23 2819 96 1 2842 43 15 2847 65 8 2847 84 23 2849 80 8 2856 23 15 2861 40 27 2872 6 2 2872 86 0 2878 70 15 2881 24 7 2882 58 13 2895 45 27 2904 67 22 2924 98 14 2942 52 2 2945 10 16 2947 49 9 2954 61 26 2987 51 1 2999 22 30 3002 47 6 3008 58 25 3010 40 31 3013 18 3 3015 82 6 3022 59 31 3033 91 6 3045 73 31 3058 10 15 3069 82 19 3079 10 31 3081 57 24 3110 27 1 3114 11 27 3127 84 2 3135 2 27 3138 68 7 3149 10 19 3155 3 4 3165 74 20 3171 94 23 3179 66 8 3181 97 31 3209 92 8 3217 61 23 3220 57 4 3221 65 22 3259 10 27 3275 48 17 3281 54 22 3282 71 13 3283 74 21 3290 86 17 3291 58 23 3294 16 20 3305 76 7 3308 39 17 3309 100 10 3322 78 30 3327 36 12 3329 21 11 3341 99 28 3342 49 17 3349 85 21 3354 34 12 3372 42 21 3399 12 29
285 310 3e-05 102 58 27 133 60 17 139 35 16 143 57 7 144 54 17 176 73 25 176 79 18 190 35 27 212 80 9 233 37 27 246 44 14 248 75 29 295 31 31 295 97 22 298 68 12 304 79 25 316 3 18 318 32 24 324 88 25 330 10 18 332 16 3 340 31 1 346 84 11 360 11 5 364 100 8 368 15 4 381 78 7 393 33 11 396 69 6 397 85 20 422 35 28 440 22 23 474 33 10 479 17 3 485 16 24 493 14 12 506 43 4 529 38 29 530 90 21 532 4 3 547 28 4 550 26 0 566 69 17 579 73 25 585 91 2 587 2 17 590 82 1 615 55 29 625 77 21 642 95 12 654 19 21 690 14 19 694 52 11 697 90 31 706 39 11 710 85 9 723 33 24 727 67 16 731 39 14 738 85 12 741 8 23 756 84 2 764 9 10 766 28 22 773 97 22 792 61 25 810 38 18 810 81 15 811 10 29 811 39 26 814 93 31 822 60 24 826 30 30 829 79 20 831 82 21 833 94 0 841 33 28 847 53 26 861 99 29 862 66 14 880 88 2 894 27 28 899 0 8 900 21 9 922 93 25 923 94 12 933 17 0 951 22 14 959 49 10 963 91 11 987 51 3 988 97 23 994 17 22 1005 20 28 1029 73 30 1040 19 10 1049 30 18 1070 91 19 1079 48 4 1095 70 4 1096 74 20 1114 99 19 1123 0 5 1158 46 13 1170 55 19 1178 17 17 1184 59 20 1187 23 25 1188 68 30 1191 72 17 1235 20 22 1256 12 8 1264 5 31 1272 58 18 1285 3 1 1289 30 16 1296 40 0 1297 44 22 1310 7 1 1312 12 29 1323 56 7 1334 39 23 1351 96 27 1353 97 24 1361 76 5 1364 63 22 1376 86 8 1379 5 30 1385 33 31 1391 63 14 1399 17 18 1409 57 11 1418 45 9 1423 72 25 1437 74 24 1437 95 31 1440 20 25 1453 59 1 1501 5 10 1518 87 20 1535 64 8 1559 88 10 1564 54 30 1568 40 8 1568 97 6 1576 62 6 1611 58 7 1628 63 29 1635 78 13 1638 84 12 1645 73 7 1651 89 28 1669 46 8 1670 9 1 1817 95 2 1821 56 17 1822 17 17 1834 62 13 1843 25 24 1846 55 13 1860 50 0 1871 58 14 1880 99 24 1885 29 4 1918 12 23 1929 38 25 1954 23 9 1960 25 12 1964 100 17 1969 28 8 1983 10 6 2000 39 26 2012 3 11 2025 40 8 2038 59 5 2040 49 22 2060 76 13 2065 61 3 2071 94 23 2086 86 24 2092 2 12 2110 7 7 2123 58 23 2134 84 5 2142 45 26 2150 34 23 2156 85 24 2170 0 6 2188 35 13 2189 16 15 2205 73 7 2233 38 13 2236 23 3 2245 90 21 2256 71 5 2277 98 3 2280 57 17 2283 94 5 2290 46 15 2293 58 19 2299 94 0 2313 96 19 2332 58 13 2355 14 0 2355 99 3 2363 9 26 2382 68 26 2383 42 11 2391 99 19 2392 0 21 2409 67 22 2411 87 28 2414 94 25 2426 67 15 2466 3 28 2468 86 21 2481 12 16 2493 21 27 2502 93 15 2522 71 11 2522 100 10 2526 86 15 2532 100 14 2534 39 24 2545 94 19 2567 49 17 2572 79 12 2627 61 16 2653 72 16 2656 64 4 2696 60 22 2698 29 24 2703 29 3 2706 72 9 2708 29 6 2708 51 16 2776 100 21 2786 91 23 2794 94 14 2802 17 16 2802 42 2 2806 12 9 2809 83 29 2814 47 11 2815 86 8 2829 75 7 2841 96 15 2846 17 1 2876 0 29 2880 35 9 2889 37 25 2896 61 7 2902 42 25 2908 12 19 2908 69 25 2918 32 21 2918 88 3 2921 42 19 2922 11 12 2927 20 4 2927 95 30 2950 45 19 2961 68 14 2967 24 31 2971 72 29 2981 73 7 2983 4 2 2991 22 15 3009 55 29 3025 0 2 3026 48 1 3047 9 31 3050 23 6 3073 0 15 3085 92 6 3102 99 27 3107 27 20 3108 99 17 3111 77 25 3125 95 31 3134 11 12 3134 14 21 3142 38 16 3152 29 19 3155 53 1 3157 93 8 3192 19 26 3203 64 19 3207 80 9 3212 64 29 3214 25 22 3215 92 20 3221 32 6 3247 79 6 3274 16 3 3276 81 30 3279 1 25 3285 47 19 3287 77 0 3294 42 0 3296 53 7 3302 56 24 3303 92 4 3315 21 16 3320 16 16 3320 99 2 3333 21 3 3394 70 22 3401 7 14 3405 4 23
286 310 3e-05 95 29 26 105 28 27 108 50 1 113 36 9 123 28 7 134 53 19 135 95 0 142 22 3 152 55 14 170 95 11 182 21 2 183 94 15 218 41 21 247 9 4 257 69 20 270 31 28 278 40 30 297 97 11 298 98 22 306 60 17 328 82 30 329 68 0 347 29 4 347 44 7 352 12 30 358 26 3 394 15 19 408 26 7 409 55 11 412 59 5 413 38 2 420 11 7 425 53 1 432 62 25 460 42 0 460 69 19 474 25 30 489 43 19 498 60 25 505 22 11 511 3 1 513 37 24 514 16 11 544 89 8 561 26 5 566 3 27 566 60 21 577 100 6 583 18 24 606 37 14 638 16 30 653 83 3 659 2 9 664 48 11 676 58 7 686 75 19 696 57 8 760 57 7 766 99 12 770 77 26 772 67 2 781 61 26 804 6 20 804 91 25 807 76 18 808 42 19 839 69 25 842 80 14 846 82 24 848 9 23 853 22 27 856 26 9 868 27 6 874 16 27 903 46 9 916 81 7 918 8 10 931 65 8 935 79 14 943 4 27 944 28 15 951 40 8 967 30 8 970 47 8 991 18 3 1006 0 12 1007 72 15 1007 75 18 1053 52 19 1068 13 25 1069 48 10 1073 21 5 1073 50 4 1079 14 26 1080 75 0 1083 98 31 1084 97 9 1088 40 12 1090 26 21 1100 26 16 1100 35 8 1118 21 19 1125 24 19 1138 0 17 1140 96 7 1157 27 16 1160 9 29 1222 38 1 1228 1 24 1231 93 0 1260 80 3 1261 11 27 1292 16 17 1302 100 18 1310 0 13 1314 99 30 1318 47 9 1321 2 1 1347 14 6 1348 27 12 1356 74 5 1369 38 6 1396 31 19 1402 18 12 1410 38 29 1420 62 16 1424 3 21 1436 45 16 1461 64 5 1464 40 2 1465 67 19 1475 2 18 1488 37 2 1491 86 8 1493 49 7 1495 32 10 1499 57 6 1522 20 22 1531 9 24 1551 33 0 1575 81 11 1579 9 1 1582 54 18 1583 29 2 1584 21 0 1593 40 27 1596 1 4 1596 59 11 1609 42 19 1625 50 23 1625 76 0 1626 28 23 1631 8 10 1644 34 29 1655 8 14 1820 7 28 1826 34 19 1830 72 18 1844 58 6 1849 30 3 1862 62 10 1870 49 12 1881 37 20 1913 25 26 1914 70 5 1925 51 15 1931 84 27 1931 92 18 1952 48 14 1979 63 29 1981 57 8 1986 81 19 1996 30 10 2002 35 4 2016 17 9 2017 31 17 2048 25 18 2065 62 21 2077 66 31 2110 49 4 2123 45 21 2131 71 29 2139 64 20 2152 70 28 2152 91 0 2154 37 1 2155 15 27 2167 47 8 2187 63 28 2194 42 6 2227 84 30 2236 86 7 2254 12 20 2255 24 3 2270 72 20 2276 37 6 2285 22 12 2285 24 28 2286 21 9 2296 14 2 2307 90 10 2311 6 2 2317 65 13 2340 39 11 2341 66 25 2349 68 19 2359 76 7 2369 45 9 2371 78 5 2387 65 16 2394 70 11 2407 50 12 2433 93 13 2434 8 29 2438 92 8 2446 84 24 2474 31 18 2481 47 25 2499 21 13 2499 58 27 2501 49 10 2504 98 23 2513 27 19 2515 65 23 2536 61 10 2550 81 31 2556 37 9 2565 83 4 2583 99 13 2607 47 5 2608 26 11 2611 31 6 2644 13 5 2648 7 30 2648 36 29 2652 99 4 2663 50 23 2677 64 9 2684 89 27 2702 70 18 2705 40 16 2710 70 5 2724 25 26 2759 93 31 2764 16 7 2767 11 3 2769 6 30 2777 63 28 2788 33 21 2811 45 13 2822 42 28 2839 91 25 2852 0 0 2896 65 23 2901 85 31 2914 69 27 2919 81 26 2924 41 22 2934 26 7 2935 62 3 2946 1 4 2955 91 3 2957 68 14 2959 0 30 2980 89 22 3004 85 26 3022 14 10 3024 93 4 3044 39 15 3053 26 22 3083 56 25 3096 69 23 3097 37 8 3114 48 21 3122 25 21 3125 27 14 3133 64 8 3135 79 10 3146 66 21 3150 32 31 3161 23 31 3191 29 25 3207 26 25 3221 6 20 3237 33 6 3250 69 5 3253 59 10 3255 53 17 3258 75 3 3278 14 7 3284 53 8 3291 5 28 3307 38 2 3317 1 4 3320 89 6 3329 10 13 3332 57 16 3336 78 24 3349 69 12 3353 23 3 3354 6 26 3355 14 27 3357 11 17 3358 29 29 3366 83 16 3368 31 8 3384 27 30 3387 52 2 3401 27 0 3405 73 2
287 310 3e-05 80 2 27 83 8 18 91 56 23 105 61 3 111 73 20 148 89 26 176 63 6 183 8 1 199 73 12 203 93 8 210 20 8 249 100 10 250 10 27 283 98 8 287 6 8 309 2 20 318 3 24 325 100 6 346 66 23 356 60 6 357 99 7 365 4 27 372 59 20 374 28 14 383 17 4 391 95 13 397 13 20 405 39 14 430 15 12 436 96 21 437 82 10 439 21 27 450 87 15 459 17 16 460 2 12 463 95 2 474 89 16 491 91 28 500 34 9 501 58 21 525 93 4 533 52 29 544 0 17 549 90 18 554 49 23 554 89 3 564 99 3 582 6 11 589 76 15 598 39 22 621 15 19 623 78 6 626 8 4 651 31 10 656 18 18 687 89 27 693 21 20 699 42 1 719 16 31 728 51 11 729 77 8 735 92 25 771 3 0 780 10 12 803 6 4 820 48 7 822 19 26 853 34 24 869 8 11 906 79 27 907 54 30 917 74 16 918 0 2 921 67 30 928 39 1 940 79 27 946 83 10 947 53 30 954 73 31 962 94 17 963 99 26 964 34 14 973 86 26 977 16 0 999 71 6 1008 74 21 1011 41 9 1019 30 5 1019 69 31 1042 15 24 1045 91 2 1047 62 6 1051 36 30 1071 72 28 1075 68 5 1078 75 15 1080 82 19 1094 76 18 1096 37 30 1103 26 27 1121 83 4 1130 39 28 1131 31 20 1134 82 17 1135 94 19 1148 55 23 1149 17 26 1170 86 22 1175 59 16 1205 65 21 1212 23 29 1233 35 6 1237 72 12 1238 87 3 1244 16 25 1261 32 30 1268 21 22 1275 35 2 1282 9 3 1287 70 10 1308 43 22 1312 49 19 1337 25 24 1339 30 10 1340 48 21 1352 65 4 1370 47 13 1383 57 8 1392 46 1 1399 19 6 1404 56 26 1405 52 19 1412 25 21 1416 36 20 1416 84 6 1424 88 19 1431 0 15 1438 16 15 1450 90 20 1458 26 18 1460 15 18 1464 96 0 1470 5 10 1474 27 28 1493 81 22 1500 0 3 1515 88 7 1521 51 13 1526 90 28 1529 8 17 1535 87 6 1545 8 16 1557 24 20 1571 11 13 1582 66 0 1585 3 9 1586 84 8 1589 20 23 1597 54 18 1606 15 16 1611 56 6 1617 38 20 1642 2 12 1642 72 0 1644 83 29 1664 99 17 1667 73 30 1818 12 10 1819 80 10 1896 83 10 1921 7 3 1922 70 31 1929 27 15 1931 36 24 1949 22 12 1965 87 22 1968 67 2 1985 28 27 1986 54 4 1996 57 19 2007 3 5 2016 2 31 2025 73 21 2029 16 28 2030 72 12 2056 60 19 2059 57 8 2072 69 4 2077 25 1 2105 46 26 2106 56 28 2128 75 4 2139 10 3 2147 36 20 2163 29 4 2169 97 28 2179 76 29 2186 59 21 2194 29 10 2204 56 19 2208 65 26 2211 86 19 2218 84 14 2222 86 28 2223 10 19 2247 68 20 2256 96 3 2276 80 9 2280 80 9 2285 43 9 2288 49 7 2296 6 29 2306 74 17 2315 3 29 2320 31 10 2345 17 14 2346 70 19 2352 28 21 2359 34 29 2392 77 22 2401 98 13 2402 60 19 2404 10 24 2417 85 11 2423 13 13 2425 35 23 2429 0 9 2431 24 24 2435 16 6 2474 28 10 2477 59 5 2479 5 20 2486 94 26 2521 69 25 2528 25 5 2529 97 11 2542 91 23 2570 26 9 2573 15 12 2574 52 22 2577 21 27 2582 47 3 2587 84 5 2606 39 15 2621 0 14 2621 34 12 2630 83 27 2633 10 20 2637 98 4 2652 68 7 2656 2 2 2679 82 23 2680 17 17 2688 4 28 2698 5 1 2702 13 5 2718 46 3 2737 3 8 2745 13 30 2758 32 17 2761 28 1 2762 31 10 2764 6 26 2814 70 18 2849 96 28 2857 75 3 2882 72 27 2886 70 25 2894 75 27 2904 94 11 2943 67 28 2947 89 16 3000 76 9 3001 79 1 3022 55 9 3025 95 13 3031 84 12 3058 66 24 3066 52 24 3069 90 6 3085 53 22 3092 95 8 3104 39 6 3124 83 18 3129 62 27 3136 64 24 3157 7 9 3161 76 19 3162 44 27 3166 100 28 3182 87 1 3184 9 28 3190 10 20 3199 44 13 3206 35 27 3220 51 12 3224 32 9 3228 43 1 3237 19 14 3237 56 18 3244 22 5 3275 94 14 3283 24 24 3295 60 6 3296 79 20 3300 40 0 3328 23 9 3344 11 19 3373 26 18 3383 80 23
288 310 3e-05 81 13 25 92 35 26 111 69 12 113 65 1 115 74 5 121 75 22 125 29 12 125 88 6 134 29 5 147 33 9 150 22 13 150 43 20 152 57 22 153 38 30 155 48 11 178 65 18 179 4 19 215 35 17 229 80 29 235 18 18 237 12 28 243 47 7 246 49 8 246 85 23 269 10 4 279 69 3 288 55 11 291 90 28 305 96 0 324 16 0 324 70 14 335 16 27 345 92 4 354 0 16 371 68 26 372 50 15 393 86 17 410 8 8 439 25 29 452 61 8 457 22 22 466 60 28 476 17 17 478 31 31 485 12 7 493 42 31 496 87 23 497 74 26 499 44 30 514 36 26 517 8 11 521 71 30 527 43 30 535 81 5 538 3 29 557 71 2 576 78 22 612 7 15 618 75 31 633 79 20 646 51 28 666 4 25 703 28 1 709 75 29 712 8 16 728 30 14 731 6 16 751 36 13 760 13 27 775 26 0 776 43 2 809 51 20 820 12 23 846 85 9 864 76 4 883 26 14 890 74 26 899 6 16 901 100 21 906 67 17 908 0 17 920 68 25 949 12 28 962 93 12 966 96 11 968 79 9 980 28 6 987 8 6 997 18 7 998 6 28 1006 8 31 1016 51 10 1031 2 25 1034 37 21 1036 66 2 1037 74 13 1038 57 5 1062 3 7 1076 93 27 1113 3 27 1118 6 13 1134 80 8 1149 2 22 1149 88 28 1151 71 13 1173 21 12 1179 86 8 1191 43 3 1193 22 5 1196 57 7 1211 39 6 1218 35 7 1226 50 10 1227 62 2 1229 93 18 1232 99 27 1306 81 2 1312 95 11 1318 86 15 1326 39 7 1344 78 3 1351 19 12 1354 60 12 1377 61 16 1396 7 7 1402 63 15 1406 73 17 1411 76 27 1412 84 17 1421 100 12 1435 23 3 1454 40 16 1461 32 0 1514 2 9 1520 65 29 1540 42 18 1599 45 7 1615 9 11 1624 79 6 1627 92 23 1628 100 18 1641 54 1 1642 90 19 1652 47 6 1662 64 0 1812 29 25 1812 32 17 1825 97 10 1837 72 8 1838 44 31 1852 86 5 1875 34 21 1879 14 14 1890 36 13 1895 66 26 1903 62 24 1910 43 15 1913 44 31 1930 7 2 1950 85 28 1959 13 11 1959 17 29 1963 11 4 1972 96 24 1979 74 12 1989 94 31 1991 60 1 1994 17 13 2009 57 16 2010 27 5 2031 40 23 2035 56 31 2042 18 28 2047 62 25 2067 69 24 2072 0 22 2083 26 15 2087 4 2 2091 20 10 2116 100 14 2134 13 12 2143 69 3 2171 77 24 2174 56 28 2184 21 17 2196 18 8 2205 41 5 2206 44 21 2215 57 27 2217 94 18 2236 72 3 2247 17 17 2263 69 0 2287 63 26 2288 4 18 2289 100 3 2296 31 12 2302 41 23 2304 52 24 2307 23 27 2314 22 27 2340 4 9 2348 76 15 2349 35 10 2355 29 25 2363 22 8 2388 12 26 2388 47 16 2405 76 30 2415 81 20 2415 85 21 2451 67 26 2453 86 24 2457 18 31 2475 60 1 2501 20 5 2504 42 6 2506 68 9 2507 37 11 2519 11 17 2522 65 19 2543 47 15 2548 73 5 2555 52 11 2569 5 25 2615 96 19 2631 61 7 2632 80 6 2636 84 24 2639 65 30 2644 1 12 2648 60 12 2650 97 2 2661 69 5 2697 33 31 2702 32 27 2725 53 22 2731 8 4 2753 67 21 2765 88 15 2773 6 26 2774 47 3 2783 83 19 2805 43 23 2841 40 24 2851 13 14 2852 47 8 2871 77 31 2893 9 31 2894 100 7 2898 18 18 2908 51 1 2912 68 13 2916 36 9 2922 25 9 2929 3 5 2940 30 2 2942 72 8 2944 99 26 2948 81 22 2949 42 9 2954 52 18 2974 50 28 2980 68 24 3001 83 19 3004 57 5 3006 87 21 3027 70 21 3032 85 30 3035 51 20 3037 93 31 3039 50 15 3049 98 12 3060 31 29 3060 98 29 3071 62 8 3090 31 16 3095 86 22 3098 43 26 3102 16 11 3110 84 31 3129 20 3 3139 99 23 3186 42 1 3200 28 20 3224 79 12 3232 71 1 3243 22 23 3261 71 14 3262 95 0 3266 71 4 3275 19 24 3281 30 16 3281 58 4 3284 76 7 3285 93 21 3303 74 10 3304 34 25 3305 46 25 3314 89 18 3317 47 2 3321 43 19 3321 95 21 3336 53 4 3338 10 11 3347 96 15 3355 16 20 3369 94 31 3397 90 0 3399 53 14
289 310 3e-05 82 97 20 86 25 5 86 84 19 90 8 11 109 91 15 113 97 20 120 33 22 136 18 31 149 32 3 158 31 21 158 48 31 171 57 7 181 82 26 181 87 19 186 23 21 188 99 4 196 25 0 208 42 4 253 83 26 263 88 8 318 61 24 320 72 12 325 83 22 337 96 11 341 95 3 356 99 20 362 6 4 363 68 8 365 39 9 368 33 22 391 88 31 399 23 8 399 31 9 406 2 1 408 50 27 455 37 17 468 26 31 471 81 19 472 68 2 473 15 29 499 56 27 508 46 28 513 88 4 519 26 30 550 91 7 550 91 30 566 26 12 600 88 30 615 31 9 621 23 9 624 30 2 624 42 27 631 20 18 654 91 31 657 40 21 677 60 3 683 13 14 694 44 12 694 67 10 716 20 28 717 4 17 734 52 12 756 14 26 756 44 20 757 19 20 757 88 30 774 32 13 776 51 22 788 26 17 793 16 9 799 86 2 802 30 23 814 17 2 836 99 3 842 59 0 845 62 17 849 94 17 861 17 0 894 87 24 939 8 6 951 24 27 988 17 9 1001 82 12 1018 12 14 1029 98 18 1032 3 3 1047 17 30 1052 91 17 1061 39 13 1069 93 11 1071 91 0 1073 100 26 1077 64 17 1081 79 9 1082 19 17 1100 45 28 1102 83 11 1121 69 28 1134 9 20 1135 57 22 1147 36 21 1185 67 17 1185 70 12 1187 25 3 1202 58 17 1209 16 21 1234 25 16 1235 12 0 1244 13 12 1264 5 29 1264 25 27 1267 11 10 1281 86 22 1300 45 8 1304 61 14 1322 4 9 1338 85 13 1352 85 14 1355 54 15 1377 63 2 1386 47 22 1388 90 11 1395 96 24 1407 64 9 1420 2 12 1427 21 22 1437 29 27 1444 45 19 1447 50 14 1464 26 2 1470 6 21 1471 20 15 1493 20 5 1500 49 3 1501 64 19 1510 1 29 1522 97 12 1540 92 23 1557 2 10 1564 53 11 1568 58 12 1591 60 31 1623 56 1 1636 45 17 1641 14 23 1646 34 21 1821 88 21 1835 37 31 1849 17 13 1856 70 0 1860 99 28 1863 49 21 1873 30 2 1892 46 19 1894 99 17 1899 24 7 1916 48 7 1920 19 12 1923 70 10 1929 9 0 1931 13 27 1933 46 28 1965 34 29 1969 12 3 1981 25 9 1984 49 15 1995 13 12 1998 44 11 2001 68 3 2019 4 11 2022 6 14 2025 5 8 2032 87 18 2041 75 20 2044 18 3 2062 80 16 2063 39 20 2074 11 13 2076 45 2 2087 47 16 2095 71 1 2103 26 31 2128 32 22 2133 66 2 2163 19 14 2164 15 15 2175 14 6 2178 12 21 2183 34 3 2202 73 26 2205 55 23 2217 17 14 2232 33 29 2249 43 21 2277 9 14 2280 81 14 2323 75 1 2332 61 30 2339 10 22 2342 73 26 2352 9 7 2353 21 13 2360 99 30 2372 84 30 2375 15 31 2382 10 7 2395 9 30 2397 87 9 2405 56 0 2414 46 16 2434 37 3 2441 90 25 2448 69 14 2449 66 19 2464 27 10 2483 69 4 2487 96 7 2490 52 22 2500 75 4 2504 39 8 2513 50 7 2517 12 0 2528 67 26 2533 36 18 2535 52 4 2537 22 17 2537 66 8 2540 37 10 2552 73 26 2554 97 2 2560 69 13 2566 4 11 2580 4 25 2584 55 24 2600 36 30 2611 1 23 2625 77 9 2629 83 6 2630 38 2 2655 99 1 2663 4 14 2663 37 23 2675 55 28 2687 48 18 2722 30 21 2725 79 31 2741 78 6 2783 85 3 2785 40 27 2803 83 3 2805 29 10 2809 17 31 2815 36 13 2822 6 7 2824 87 17 2847 53 13 2865 66 12 2878 30 3 2905 14 31 2911 84 5 2934 30 27 2936 25 17 2937 7 21 2952 20 18 2975 34 23 2975 57 23 3004 45 4 3022 95 10 3035 24 2 3036 28 8 3041 62 12 3047 43 0 3055 93 26 3074 25 20 3078 88 13 3082 86 2 3085 90 11 3116 96 30 3118 56 0 3118 80 1 3128 69 12 3131 82 11 3141 40 27 3148 79 31 3151 97 18 3166 63 22 3166 72 28 3173 50 11 3191 22 19 3198 99 27 3200 60 18 3211 46 2 3232 20 21 3256 20 3 3266 1 1 3284 64 14 3292 41 20 3301 11 20 3305 12 0 3306 91 30 3320 67 31 3329 86 22 3332 44 0 3338 6 30 3339 42 4 3350 61 3 3352 74 26 3357 11 15 3362 49 12 3383 49 24
290 310 3e-05 91 21 23 95 45 5 121 24 18 132 91 6 135 88 20 137 72 28 140 18 15 147 67 0 157 1 22 157 70 27 160 94 20 163 44 15 166 22 28 196 79 31 207 72 28 226 23 3 229 97 18 231 75 14 240 50 6 241 27 16 254 18 8 257 5 27 269 55 17 274 30 3 279 95 23 283 9 8 295 26 28 301 56 15 306 92 9 315 39 20 334 56 10 349 30 28 356 97 0 365 79 10 374 22 5 379 19 0 393 21 2 402 14 25 402 61 27 403 82 12 424 25 10 437 31 2 439 42 8 465 72 19 465 75 9 470 75 10 474 71 9 484 50 3 489 61 13 509 84 2 510 99 1 556 92 19 565 57 4 576 28 2 604 61 13 607 74 21 616 5 11 634 57 25 638 52 10 639 48 9 650 67 9 654 2 15 657 36 26 659 41 16 670 39 19 675 87 2 676 72 24 689 87 29 697 31 0 705 34 27 706 22 30 727 38 0 732 19 29 732 62 9 737 52 7 738 80 8 764 63 15 791 51 8 792 7 0 794 89 10 808 49 27 810 9 26 822 89 25 853 21 30 861 52 24 900 45 2 921 63 7 926 35 20 937 22 12 948 84 16 956 68 31 986 82 2 995 2 6 998 19 10 1022 57 15 1023 52 24 1051 24 5 1051 85 6 1055 10 19 1055 80 1 1059 4 4 1063 60 5 1092 73 17 1099 8 31 1102 80 27 1119 22 27 1133 36 12 1145 94 6 1163 49 28 1164 80 8 1197 51 24 1203 92 26 1211 58 0 1212 26 25 1220 56 18 1220 69 31 1224 11 0 1244 100 27 1258 47 12 1260 53 29 1269 95 9 1291 67 31 1300 26 10 1305 41 17 1311 30 2 1316 12 25 1320 78 1 1320 92 1 1324 33 16 1334 37 4 1343 95 28 1352 45 16 1364 7 13 1364 77 22 1364 82 6 1366 29 9 1373 88 31 1378 54 28 1391 66 16 1393 95 9 1402 90 18 1403 19 7 1403 83 1 1415 26 25 1458 59 0 1467 61 9 1479 23 4 1527 87 26 1550 63 14 1598 92 13 1614 21 24 1615 47 17 1618 7 8 1623 52 30 1635 29 18 1641 69 4 1642 50 22 1664 57 4 1818 10 12 1821 58 27 1844 16 14 1851 32 4 1859 81 28 1887 66 12 1895 54 0 1897 75 10 1904 13 23 1925 89 6 1936 6 25 1960 21 18 1964 84 2 1972 59 19 1976 34 25 1993 57 2 2014 24 8 2023 40 24 2024 48 28 2024 54 10 2036 32 19 2038 86 0 2040 8 12 2063 78 9 2067 100 29 2076 11 20 2087 32 30 2088 15 16 2089 14 30 2099 50 5 2121 10 14 2133 74 1 2143 10 28 2171 57 14 2179 19 21 2185 10 26 2185 37 3 2189 2 30 2199 12 5 2203 2 23 2212 28 28 2238 84 7 2240 31 13 2245 75 15 2254 35 2 2261 2 28 2262 86 3 2267 27 17 2280 77 14 2283 45 26 2298 71 6 2302 52 12 2314 79 26 2346 83 15 2350 9 28 2368 42 6 2372 17 21 2384 1 13 2388 47 18 2401 5 12 2408 39 0 2432 46 22 2443 69 30 2444 63 17 2457 36 8 2473 24 1 2474 17 27 2490 86 19 2500 55 22 2537 9 14 2537 90 26 2543 76 14 2549 55 23 2571 52 14 2580 22 28 2598 1 17 2622 61 24 2623 84 26 2638 48 0 2646 74 24 2647 50 16 2650 58 16 2650 82 26 2653 81 5 2662 85 23 2670 10 3 2679 55 17 2702 74 24 2708 1 5 2759 34 20 2768 66 9 2771 72 17 2780 78 3 2798 85 6 2800 87 28 2813 94 7 2832 15 31 2833 74 0 2835 87 19 2840 71 3 2842 45 22 2856 15 23 2858 98 6 2861 79 23 2889 14 4 2890 41 28 2894 87 0 2899 70 3 2932 57 11 2937 98 2 2956 69 6 2958 26 23 2962 61 16 2974 83 2 2981 26 19 2996 49 1 3025 33 3 3028 80 14 3034 95 19 3035 83 30 3044 60 21 3070 28 6 3086 97 15 3097 27 24 3108 65 14 3118 31 26 3127 44 4 3128 15 6 3130 72 0 3145 25 12 3156 93 8 3170 56 30 3175 56 17 3176 59 2 3179 37 2 3184 60 14 3196 42 26 3217 94 14 3293 89 10 3320 29 18 3330 39 27 3339 65 9 3342 11 10 3345 27 25 3353 82 21 3361 43 1 3365 87 19 3366 35 9 3372 64 18 3373 40 28 3389 55 21 3406 27 31
291 310 3e-05 73 86 14 95 69 5 98 50 31 109 99 17 113 33 7 113 39 2 130 50 19 134 60 9 135 9 3 139 58 25 144 16 1 149 75 14 157 38 11 200 11 5 200 59 6 231 8 12 241 21 5 243 51 9 247 44 11 247 72 27 250 95 29 252 53 30 261 32 3 261 49 5 266 42 1 268 98 16 282 69 20 289 41 20 303 73 22 315 65 31 320 78 22 328 100 24 346 19 10 352 41 4 353 26 13 363 71 12 381 47 10 382 12 3 392 35 14 392 54 29 400 27 12 420 5 28 440 71 6 473 87 4 481 0 1 482 19 8 486 71 4 487 17 7 499 10 29 536 42 27 560 83 10 567 97 9 578 37 8 587 85 23 603 62 23 638 99 8 643 12 25 655 94 4 664 99 7 674 13 6 695 31 8 697 23 11 699 30 21 713 75 16 714 49 18 723 3 20 747 98 9 761 48 12 773 32 13 776 4 23 776 32 30 783 13 14 791 57 21 795 47 9 804 32 1 826 10 7 830 98 25 845 10 11 851 70 28 867 30 3 874 65 24 885 81 0 891 31 14 906 87 23 911 90 29 921 61 19 931 96 14 938 2 12 941 68 19 944 55 14 955 70 14 962 48 23 962 91 30 967 81 5 974 2 13 977 60 12 980 91 1 1006 71 3 1006 77 15 1012 88 16 1018 26 12 1034 74 29 1035 94 30 1036 47 9 1054 3 22 1075 43 11 1093 70 31 1103 75 22 1108 38 14 1117 50 10 1127 58 17 1134 59 7 1135 11 25 1153 77 27 1155 30 9 1198 75 1 1208 40 4 1232 89 9 1247 62 30 1253 5 14 1256 7 3 1260 48 27 1263 33 8 1271 31 22 1292 30 6 1325 84 7 1327 94 15 1330 0 24 1331 11 5 1335 83 13 1337 94 6 1347 39 15 1352 6 27 1352 68 8 1357 49 10 1362 95 24 1363 28 21 1369 44 0 1382 90 22 1402 81 14 1426 44 12 1477 66 0 1484 14 30 1492 95 15 1494 19 19 1518 98 10 1555 26 12 1579 69 19 1586 46 5 1592 90 14 1606 84 14 1611 22 8 1613 32 9 1618 20 13 1627 52 14 1654 0 11 1670 26 22 1812 14 25 1826 78 7 1844 20 1 1845 81 31 1855 46 2 1859 94 22 1871 41 9 1876 10 19 1876 91 7 1879 94 10 1901 28 9 1903 72 26 1909 18 28 1927 60 13 1931 89 3 1934 70 8 1935 36 16 1941 63 1 1946 22 4 1953 7 16 1970 97 8 1972 28 22 1973 58 29 1978 4 12 2007 2 14 2012 40 31 2016 65 9 2018 91 22 2039 28 15 2043 56 20 2048 28 9 2058 64 3 2062 62 20 2064 75 22 2098 100 30 2102 60 31 2107 4 11 2108 93 21 2111 61 8 2122 21 7 2128 66 31 2136 4 2 2149 89 31 2157 95 15 2164 28 13 2170 87 10 2190 45 20 2193 8 7 2195 83 27 2214 82 10 2217 45 7 2225 19 12 2229 13 19 2244 100 17 2265 33 1 2267 21 13 2286 67 16 2289 54 24 2306 87 9 2319 55 5 2357 94 27 2359 67 15 2367 32 26 2393 95 19 2440 75 19 2443 9 13 2451 38 8 2460 47 1 2464 98 1 2478 69 15 2484 7 5 2492 12 23 2508 53 26 2515 46 13 2517 37 18 2543 9 22 2546 70 1 2554 11 27 2559 58 1 2575 85 8 2578 3 19 2582 60 9 2598 86 9 2607 66 23 2628 66 22 2663 4 11 2680 97 2 2682 44 26 2688 43 3 2688 86 19 2709 29 14 2720 64 6 2722 51 21 2728 1 1 2741 7 26 2766 45 31 2768 3 1 2770 62 21 2776 16 8 2784 39 7 2786 68 18 2787 41 29 2811 68 4 2812 69 14 2819 68 6 2820 53 15 2842 26 6 2853 82 3 2858 7 14 2866 17 2 2876 87 18 2879 91 20 2881 44 3 2885 23 8 2895 87 22 2898 95 1 2900 55 5 2910 80 13 2940 84 2 2950 56 13 2955 3 11 2963 48 31 2970 94 18 2970 99 26 3004 34 14 3008 3 2 3017 16 8 3029 27 28 3037 42 10 3058 93 25 3066 50 31 3087 42 20 3115 20 22 3132 11 15 3151 23 18 3165 79 18 3179 59 4 3193 20 7 3194 7 6 3196 82 2 3207 16 2 3235 25 26 3251 51 2 3273 43 14 3284 9 17 3297 0 13 3297 79 11 3302 97 13 3305 88 12 3327 86 0 3333 81 23 3381 49 0 3391 19 28
292 310 3e-05 73 72 6 84 81 4 85 74 4 85 81 8 93 56 17 97 2 1 119 73 20 131 90 15 138 16 10 145 22 8 145 48 15 177 68 12 187 62 1 202 85 5 208 99 18 213 65 9 217 50 27 220 27 1 244 6 18 245 41 3 257 10 31 271 30 26 275 78 5 304 18 10 304 92 31 307 59 28 307 66 13 322 78 10 323 64 8 326 19 7 347 58 1 347 66 19 368 54 12 387 27 10 387 94 17 389 80 1 399 8 31 402 65 22 408 30 11 423 60 21 430 61 0 440 6 17 457 6 18 464 49 25 468 57 23 469 0 7 470 63 25 475 70 28 501 30 5 517 24 24 520 77 31 550 66 4 551 29 24 559 97 18 569 9 17 573 8 17 576 71 1 589 2 0 592 76 23 594 18 5 610 32 2 610 100 30 615 19 27 616 45 22 619 12 20 622 60 13 625 75 6 638 24 14 644 22 3 650 9 2 658 93 16 664 22 3 697 34 20 701 18 20 703 63 11 714 54 6 735 6 1 740 12 5 760 51 14 765 82 21 780 92 1 792 27 22 800 32 5 806 60 18 822 17 27 822 100 28 842 32 8 849 81 2 852 68 7 867 55 26 870 56 29 876 51 22 882 85 23 928 84 22 940 82 24 954 56 16 958 61 11 1023 31 14 1023 90 11 1025 57 25 1036 4 19 1044 98 17 1057 8 2 1068 73 2 1080 76 8 1083 14 4 1085 6 0 1098 44 6 1100 69 16 1127 12 2 1137 78 21 1154 25 25 1161 20 20 1161 86 12 1165 66 21 1176 39 4 1185 61 2 1202 89 27 1227 4 9 1242 86 27 1253 27 13 1262 6 3 1265 88 10 1299 84 20 1316 35 31 1349 84 30 1354 74 5 1385 97 7 1388 71 30 1396 50 14 1402 12 27 1433 53 3 1438 91 21 1446 100 11 1451 81 19 1468 56 4 1469 52 10 1470 71 7 1474 48 15 1481 47 28 1482 32 6 1487 52 6 1492 38 0 1516 42 23 1523 42 29 1523 99 10 1548 17 29 1553 63 15 1564 61 18 1594 1 7 1594 61 21 1613 16 12 1613 68 6 1614 7 3 1651 60 31 1822 25 28 1826 57 3 1835 35 2 1848 6 10 1887 73 5 1892 48 19 1929 33 10 1937 83 27 1939 3 14 1943 17 15 1945 13 17 2001 94 13 2002 57 29 2005 92 19 2035 41 22 2044 2 25 2050 28 1 2062 1 0 2066 91 20 2067 0 10 2082 10 23 2097 87 15 2119 100 27 2124 42 10 2141 61 28 2146 57 25 2148 54 28 2149 75 3 2150 46 0 2177 85 26 2183 74 21 2185 44 29 2190 62 21 2211 98 23 2228 6 21 2231 66 14 2232 23 9 2236 90 22 2262 56 25 2285 47 1 2285 89 23 2291 99 16 2299 4 0 2303 48 9 2305 16 15 2331 9 6 2338 84 3 2381 18 3 2383 88 0 2384 36 17 2390 0 20 2406 6 23 2418 14 25 2433 47 30 2442 65 30 2479 5 5 2494 95 0 2495 97 16 2497 65 13 2501 64 15 2514 44 9 2516 94 12 2522 73 2 2540 85 26 2541 28 9 2545 87 16 2548 47 18 2559 55 8 2608 72 4 2615 99 4 2619 67 7 2620 52 0 2650 33 25 2675 11 1 2683 100 19 2685 45 1 2695 93 19 2707 64 17 2713 77 19 2719 54 24 2722 51 2 2744 50 4 2765 17 23 2784 52 1 2787 51 4 2807 28 29 2808 81 5 2811 39 28 2819 62 31 2824 91 3 2824 95 1 2827 49 0 2828 17 11 2830 97 26 2867 84 30 2883 80 27 2896 50 22 2898 94 27 2903 26 17 2917 87 7 2922 84 28 2924 3 7 2930 25 17 2937 42 22 2939 58 4 2974 31 19 2978 3 11 2983 0 20 2988 100 3 2992 41 3 2993 83 4 3016 36 31 3030 33 1 3035 70 24 3037 15 15 3044 79 23 3044 84 22 3057 17 11 3064 45 14 3090 67 11 3093 89 0 3109 69 24 3114 97 23 3133 70 25 3147 24 17 3156 2 2 3159 35 31 3199 24 3 3199 69 13 3202 14 7 3208 60 6 3211 20 31 3216 21 7 3219 35 22 3221 87 4 3226 38 22 3227 57 18 3239 26 2 3241 29 7 3243 1 18 3248 45 22 3271 26 16 3271 54 7 3272 31 20 3280 48 26 3287 79 27 3303 30 1 3303 64 2 3322 43 6 3331 83 18 3354 38 6 3371 7 9 3371 21 16 3378 18 21 3380 95 29
293 310 3e-05 77 62 28 94 43 8 111 37 2 118 96 7 127 67 30 138 55 21 164 10 7 178 28 24 198 0 4 200 51 12 211 5 27 214 14 6 214 53 5 219 11 1 234 61 20 239 81 8 264 83 6 266 98 26 284 69 6 286 94 29 298 59 15 301 15 7 310 89 15 337 0 24 348 42 8 360 28 10 410 3 2 428 10 12 434 4 14 442 77 18 450 98 7 470 20 26 472 34 1 516 87 26 529 95 23 537 71 6 557 27 31 557 100 29 563 19 17 574 75 17 581 85 2 593 2 10 598 56 10 610 86 10 615 96 26 619 60 9 624 69 12 628 81 19 637 77 30 637 98 22 663 70 9 671 57 28 680 15 28 686 3 2 687 44 31 687 59 19 688 33 26 695 41 12 715 28 24 722 50 5 737 48 10 740 98 30 742 43 0 745 74 4 748 77 12 775 40 1 787 36 31 792 31 11 798 72 4 807 23 13 820 11 26 832 45 17 837 40 20 843 83 11 870 26 26 881 61 24 888 99 27 896 45 7 905 64 5 920 96 19 951 26 4 956 29 22 960 71 26 972 45 16 974 91 12 987 73 14 995 85 21 1000 30 14 1002 82 12 1014 14 15 1016 34 4 1027 14 31 1040 65 25 1045 21 28 1045 98 9 1080 17 24 1092 44 9 1092 85 25 1096 38 6 1099 85 21 1105 9 24 1131 5 22 1147 28 15 1148 87 6 1151 13 24 1162 12 28 1162 94 23 1171 16 15 1178 63 22 1196 70 27 1214 25 22 1216 91 23 1217 98 2 1219 46 16 1235 22 7 1244 63 12 1245 32 10 1247 12 3 1252 34 18 1269 44 24 1307 56 5 1319 45 20 1319 85 0 1320 19 25 1325 28 5 1347 44 15 1347 96 27 1352 15 28 1353 2 4 1361 80 14 1383 18 14 1385 64 8 1390 63 11 1395 32 31 1398 36 16 1407 83 3 1447 42 23 1450 98 18 1463 98 12 1483 0 25 1485 18 11 1497 63 18 1500 12 7 1500 42 20 1505 71 15 1525 51 14 1549 16 24 1560 64 17 1570 49 31 1612 35 15 1613 93 11 1621 2 26 1622 0 29 1624 23 29 1627 91 12 1634 25 12 1634 37 22 1638 45 30 1642 48 11 1649 38 8 1652 97 25 1808 37 29 1809 13 20 1819 53 21 1819 58 14 1826 75 4 1854 31 10 1872 89 4 1876 23 31 1876 77 2 1895 42 7 1896 45 18 1900 53 8 1916 18 30 1928 26 19 1949 25 15 1956 16 28 1956 71 6 1982 20 23 1985 25 31 1985 100 30 1987 4 27 1992 58 24 2005 58 18 2006 51 9 2006 62 8 2018 8 6 2021 44 23 2028 57 18 2060 2 17 2062 30 2 2066 57 2 2080 4 20 2081 48 7 2104 67 9 2114 54 8 2120 45 26 2122 90 26 2130 91 31 2150 12 0 2164 2 9 2176 67 28 2229 16 0 2232 7 7 2233 44 21 2236 27 24 2240 17 31 2247 82 4 2251 63 17 2255 46 16 2257 38 29 2258 7 26 2278 25 12 2282 73 27 2292 69 0 2299 44 2 2306 30 0 2316 3 9 2330 85 12 2367 84 24 2381 41 6 2383 14 7 2387 34 28 2393 43 3 2393 61 12 2402 42 4 2412 58 10 2425 95 16 2444 47 7 2463 28 16 2470 47 18 2478 26 17 2481 44 22 2516 37 3 2532 42 20 2538 23 3 2551 52 24 2566 70 0 2576 68 27 2581 75 3 2582 92 22 2594 19 7 2604 26 21 2619 31 11 2625 38 0 2628 86 23 2630 39 17 2634 28 29 2647 90 16 2676 43 27 2726 34 15 2735 70 17 2763 24 30 2767 19 26 2788 22 12 2800 31 1 2815 85 17 2835 4 11 2845 17 12 2846 81 14 2857 53 13 2859 76 24 2870 22 0 2876 24 7 2906 14 17 2914 3 16 2943 36 26 2947 64 19 2973 46 29 2980 29 1 2989 7 1 2992 37 21 2994 78 6 3004 86 13 3006 81 11 3025 94 3 3032 46 18 3036 78 17 3052 34 11 3057 68 19 3085 93 29 3088 69 26 3093 72 25 3109 23 21 3115 90 0 3120 83 17 3141 68 7 3175 71 27 3198 97 21 3214 28 22 3218 33 10 3220 15 19 3229 30 31 3249 57 23 3259 50 18 3281 89 30 3297 53 10 3308 22 5 3321 62 3 3326 56 20 3332 96 10 3334 64 22 3352 51 27 3354 41 5 3358 82 4 3368 49 24 3377 11 10 3392 53 24 3404 18 31 3405 78 30
294 310 3e-05 90 24 2 92 80 19 156 1 29 161 70 21 178 37 17 188 26 4 192 30 23 195 17 20 198 8 21 202 79 19 206 46 6 216 23 25 225 42 5 228 32 13 239 27 7 247 2 14 269 61 11 272 1 14 301 65 16 324 90 7 352 35 3 358 3 11 361 74 6 362 79 23 363 1 13 364 91 14 367 45 28 382 20 22 399 4 7 405 36 16 412 74 24 443 63 15 449 93 9 467 99 21 480 74 0 518 54 2 523 29 13 534 15 29 536 34 5 536 70 0 539 57 13 555 23 5 585 32 26 631 58 30 635 30 12 637 46 5 643 78 8 647 78 28 652 42 8 656 17 15 671 30 26 689 46 19 690 21 16 690 65 25 698 94 23 699 82 11 711 15 6 749 34 25 757 63 3 780 78 8 781 4 26 789 82 16 795 24 22 814 89 20 820 38 30 823 55 13 824 1 27 843 33 30 867 88 8 882 19 22 898 21 17 908 47 24 921 53 4 922 24 23 927 26 15 927 60 19 936 39 3 936 60 30 939 80 26 955 52 0 967 22 3 978 50 1 985 28 24 990 65 4 996 76 25 1006 36 19 1033 96 7 1047 100 23 1073 77 5 1081 98 26 1093 13 28 1097 80 4 1118 14 17 1125 86 13 1145 49 7 1146 52 5 1158 29 0 1171 16 18 1176 20 29 1179 18 11 1206 76 29 1210 46 10 1216 70 26 1219 21 21 1224 90 25 1225 95 1 1229 43 14 1235 67 29 1236 66 26 1237 20 19 1250 39 23 1251 44 11 1255 35 14 1267 83 26 1284 73 14 1306 20 24 1316 96 1 1318 41 22 1344 84 20 1349 38 24 1353 50 10 1357 95 8 1360 31 20 1365 54 24 1370 27 6 1376 11 15 1405 95 22 1474 10 15 1500 20 16 1523 5 16 1525 11 21 1539 43 1 1540 57 15 1548 89 7 1565 87 13 1567 3 5 1574 65 25 1584 59 9 1587 78 31 1619 4 7 1641 28 4 1646 75 10 1655 64 31 1658 33 9 1671 56 15 1812 20 30 1819 85 23 1821 4 29 1828 13 2 1836 57 10 1851 62 24 1865 34 30 1882 27 19 1892 100 20 1900 13 26 1912 50 12 1917 0 10 1933 85 26 1935 74 3 1939 56 21 1961 26 1 1961 78 21 1966 8 4 1990 57 1 2003 90 20 2008 16 15 2017 81 22 2019 40 20 2033 73 28 2043 37 23 2044 45 28 2075 29 25 2106 87 17 2110 53 9 2118 72 26 2134 20 7 2149 93 1 2153 35 21 2159 61 27 2162 14 6 2179 71 13 2190 2 9 2196 13 18 2198 56 19 2205 50 19 2210 37 6 2211 74 7 2212 53 6 2239 57 22 2250 7 21 2263 55 17 2267 8 28 2287 16 25 2301 92 10 2308 47 22 2311 41 12 2313 1 2 2331 14 29 2340 43 10 2353 93 24 2358 40 7 2366 68 1 2381 48 18 2385 58 11 2388 57 8 2390 65 29 2397 34 1 2413 5 23 2415 10 16 2415 47 3 2421 87 17 2422 63 6 2447 14 19 2453 34 1 2453 92 23 2455 2 20 2464 15 29 2482 29 1 2482 67 13 2484 50 9 2495 0 21 2498 9 21 2507 10 6 2530 10 12 2543 96 27 2566 41 14 2567 61 20 2589 26 11 2620 38 12 2657 13 11 2660 72 7 2672 45 8 2681 54 25 2696 32 21 2700 9 3 2702 23 0 2705 88 19 2705 98 12 2722 24 8 2724 75 6 2724 78 16 2750 53 9 2780 87 1 2782 90 21 2783 21 25 2784 10 30 2784 58 0 2786 20 2 2791 24 25 2798 63 19 2807 24 15 2810 80 0 2812 15 25 2813 96 6 2815 23 20 2866 39 26 2884 72 31 2884 95 22 2906 11 0 2917 18 1 2930 85 12 2938 5 6 2940 77 7 2953 74 26 2954 6 14 2955 75 23 2958 5 13 2963 56 31 3004 0 22 3026 57 26 3029 90 25 3067 68 5 3076 34 12 3078 78 31 3093 89 2 3094 1 14 3098 65 28 3101 94 12 3102 98 31 3109 28 28 3110 24 18 3111 45 15 3114 1 17 3115 78 16 3126 87 14 3130 16 1 3136 90 12 3141 10 2 3151 59 16 3152 51 17 3156 29 8 3165 2 26 3167 60 15 3188 27 1 3230 29 4 3232 14 5 3257 72 0 3262 93 0 3271 37 20 3276 59 0 3281 62 30 3294 0 25 3312 49 2 3321 4 19 3326 3 8 3345 75 21 3346 11 3 3374 21 12 3381 68 24 3388 52 14
295 310 3e-05 74 59 10 78 33 3 81 85 24 90 95 9 92 84 12 112 85 16 131 95 5 141 86 15 156 37 21 166 66 3 171 63 13 187 40 1 227 31 12 228 61 19 232 31 4 238 80 31 239 78 26 249 9 21 264 73 16 280 59 15 297 29 8 314 48 30 323 74 28 366 62 25 368 29 5 368 40 2 375 74 23 394 32 19 398 50 1 405 11 24 411 13 20 472 19 5 482 31 27 519 19 11 522 45 22 529 46 10 534 72 13 562 3 16 576 23 13 582 20 20 582 96 29 597 66 19 603 30 19 615 77 10 618 63 12 626 63 0 635 45 9 645 40 9 652 23 4 660 5 2 663 1 25 671 1 5 688 22 30 698 16 23 703 89 29 720 99 27 722 37 22 730 53 19 730 75 11 746 78 21 753 85 18 754 87 16 778 3 10 804 59 7 819 57 10 829 28 8 833 0 31 840 99 9 843 74 11 877 68 7 880 28 15 882 72 3 883 71 23 900 95 28 902 66 7 902 100 6 912 24 18 916 58 6 937 67 18 951 98 13 953 39 19 967 27 11 974 91 26 986 77 4 991 32 29 994 88 24 1002 25 4 1005 91 24 1012 33 2 1034 69 18 1038 37 2 1041 81 30 1055 71 7 1061 24 1 1072 63 9 1076 7 19 1076 71 18 1084 40 6 1099 0 12 1114 49 26 1122 80 5 1123 8 6 1151 34 10 1165 81 12 1177 20 15 1189 81 25 1195 52 19 1196 62 6 1196 80 10 1198 29 7 1202 68 27 1204 87 13 1205 66 4 1242 39 20 1276 89 6 1279 18 6 1281 43 17 1281 92 26 1309 46 26 1312 78 16 1317 60 30 1337 52 5 1346 53 11 1354 45 12 1377 89 10 1391 36 15 1422 96 26 1426 49 31 1430 77 4 1434 86 8 1436 73 24 1440 30 15 1461 36 7 1475 50 20 1494 20 23 1515 37 14 1531 19 4 1545 19 15 1545 25 15 1546 91 20 1555 37 8 1558 91 17 1571 35 31 1574 2 9 1600 24 17 1601 40 20 1617 69 1 1640 36 28 1642 1 21 1642 6 9 1650 71 13 1658 16 23 1664 11 15 1811 83 5 1816 55 25 1822 5 5 1835 27 24 1840 96 18 1846 72 20 1865 6 21 1890 37 1 1890 42 2 1896 27 4 1903 63 3 1911 75 24 1916 24 16 1928 2 3 1935 80 7 1966 32 30 1966 34 30 1975 89 24 1976 28 17 2007 52 17 2008 91 24 2015 92 28 2048 97 15 2050 75 2 2055 37 0 2055 47 13 2069 21 18 2076 8 27 2085 70 23 2095 64 4 2098 96 17 2117 21 21 2128 70 4 2136 5 24 2140 5 14 2156 30 6 2181 99 30 2186 58 23 2186 99 14 2195 74 13 2208 22 13 2231 31 23 2251 23 23 2257 81 4 2302 60 9 2313 54 27 2324 20 12 2341 1 20 2346 48 23 2355 44 10 2363 41 12 2365 21 1 2367 21 21 2371 12 21 2372 40 27 2385 94 21 2386 74 12 2403 3 26 2413 33 14 2422 64 22 2425 15 16 2427 35 10 2430 58 1 2433 58 10 2462 52 7 2465 89 24 2470 14 6 2478 8 13 2488 53 25 2488 95 6 2490 100 26 2496 22 16 2499 48 11 2505 70 22 2508 32 0 2553 69 17 2606 48 9 2608 52 1 2612 90 16 2616 55 8 2620 14 3 2624 79 18 2629 25 28 2632 59 30 2642 51 4 2659 27 30 2665 96 4 2667 84 20 2674 73 24 2694 72 13 2707 15 17 2709 45 9 2747 44 27 2747 54 22 2769 39 2 2789 16 24 2808 32 30 2809 98 24 2810 18 22 2831 47 10 2841 35 11 2860 90 17 2898 96 2 2927 36 15 2934 96 31 2941 6 15 2943 16 2 2957 37 28 2962 8 10 2967 57 12 2968 54 23 2974 99 12 2979 41 16 2993 47 26 2996 71 7 3010 62 10 3012 59 15 3014 5 4 3043 6 15 3052 55 29 3056 87 4 3065 94 28 3077 86 9 3079 39 5 3084 24 6 3097 17 12 3100 26 27 3116 65 9 3124 48 19 3144 92 1 3145 33 13 3145 88 21 3161 19 27 3165 52 21 3166 68 5 3169 29 17 3200 71 21 3205 63 9 3212 63 25 3213 51 22 3218 51 13 3228 43 15 3238 44 31 3245 27 26 3245 69 2 3262 28 4 3285 68 8 3306 67 26 3323 20 30 3329 68 10 3331 93 6 3332 15 22 3344 19 22 3352 34 2 3361 89 20 3367 31 24 3380 74 17
296 310 3e-05 73 11 9 75 45 2 78 12 8 95 6 2 97 63 20 102 11 25 113 67 21 125 30 18 131 100 8 150 87 24 174 37 22 179 27 6 196 0 28 202 61 24 230 51 28 267 4 6 274 48 24 279 0 24 284 59 1 292 46 13 312 80 3 315 53 2 319 47 9 323 40 10 325 34 23 329 5 30 338 55 19 356 74 2 357 25 19 386 50 0 386 95 14 395 100 12 396 53 12 396 90 17 433 96 24 435 13 31 443 62 20 451 100 13 452 46 30 452 58 31 452 92 2 456 57 23 457 36 17 471 36 23 485 23 15 488 70 11 490 86 30 495 63 24 543 5 13 554 86 18 559 6 24 560 20 9 574 49 23 578 58 23 581 20 30 582 28 20 583 38 6 596 69 14 600 34 0 602 13 31 607 4 14 609 74 6 609 77 12 630 12 5 630 69 20 644 21 17 652 95 21 661 82 18 686 64 30 721 36 0 755 4 17 759 58 23 768 52 4 772 69 5 777 78 10 779 25 17 800 87 16 802 5 14 802 21 20 810 16 28 814 20 5 824 0 14 847 86 14 849 91 22 856 67 31 859 70 14 872 87 29 879 88 25 880 43 14 880 81 0 899 39 24 906 88 23 913 80 14 921 84 17 930 100 27 938 5 9 939 54 30 953 86 17 970 83 7 978 41 29 984 4 14 995 35 10 1109 76 19 1120 24 23 1133 65 14 1143 94 26 1157 39 19 1158 40 8 1172 65 27 1184 25 25 1198 34 27 1200 74 0 1210 14 5 1210 73 1 1215 100 28 1250 61 20 1251 30 14 1255 82 21 1268 72 22 1273 54 27 1274 53 1 1280 77 25 1287 93 25 1312 48 1 1348 29 30 1350 47 27 1357 38 20 1359 21 31 1364 8 13 1376 60 27 1382 26 17 1392 93 23 1409 0 23 1416 61 16 1439 23 24 1440 26 20 1455 34 16 1455 82 16 1457 91 21 1471 23 6 1471 64 2 1473 85 11 1477 78 8 1491 30 13 1500 63 31 1504 90 1 1520 82 22 1521 70 26 1522 69 1 1527 41 29 1528 31 26 1528 62 23 1536 59 8 1554 20 7 1569 5 1 1594 0 16 1599 2 9 1626 59 30 1648 32 23 1819 41 5 1834 21 0 1834 57 28 1836 32 14 1836 69 24 1851 1 8 1857 87 25 1880 77 23 1885 69 19 1894 67 24 1894 73 6 1898 78 11 1903 89 18 1908 65 22 1926 59 28 1926 61 5 1931 11 31 1932 58 22 1937 35 0 1945 12 28 1992 69 14 2011 6 24 2015 5 7 2028 28 27 2035 23 27 2036 32 24 2038 24 20 2043 95 18 2056 12 30 2101 82 12 2115 27 31 2120 44 10 2139 91 27 2159 52 23 2188 28 15 2197 64 12 2201 42 7 2214 81 3 2217 14 8 2248 74 11 2272 68 18 2291 15 4 2295 14 6 2311 28 12 2347 33 3 2348 77 24 2355 27 10 2358 60 11 2363 74 11 2386 72 24 2397 84 20 2399 2 17 2407 21 26 2416 47 28 2422 19 28 2434 4 20 2438 43 12 2454 19 14 2454 35 6 2456 98 23 2527 63 20 2528 53 5 2545 22 6 2563 4 17 2576 37 27 2586 34 6 2587 25 12 2590 48 17 2594 21 25 2600 79 14 2603 42 28 2608 59 13 2615 86 5 2626 71 25 2627 86 0 2649 18 7 2651 33 13 2655 57 31 2658 16 14 2676 27 26 2680 46 17 2694 95 26 2711 53 11 2711 67 27 2711 98 6 2712 45 18 2717 73 17 2719 14 12 2739 56 18 2756 13 14 2782 54 28 2782 99 2 2783 49 21 2802 60 2 2821 95 18 2833 81 29 2848 62 28 2854 43 8 2855 60 11 2868 21 26 2869 80 17 2875 30 12 2882 20 29 2913 88 14 2918 33 30 2925 84 12 2932 0 5 2932 63 25 2934 63 13 2934 71 17 2940 52 5 2942 40 28 2943 88 9 2954 99 28 2957 36 6 2962 12 0 2973 27 18 3005 12 0 3015 52 5 3024 28 7 3025 7 20 3073 3 12 3080 91 15 3104 85 21 3116 78 0 3119 46 18 3120 54 29 3121 11 8 3157 42 20 3172 24 15 3202 95 1 3205 75 24 3211 11 4 3218 48 13 3222 78 21 3243 78 8 3253 71 11 3274 36 19 3275 90 21 3276 24 23 3310 64 4 3341 88 28 3352 4 12 3358 35 31 3358 77 3 3369 84 8 3391 8 9 3393 45 27 3400 47 23 3402 65 9 3407 29 10
297 310 3e-05 81 31 10 136 36 24 148 1 8 175 1 30 185 26 21 188 51 20 192 20 3 225 41 20 231 58 9 239 28 18 246 31 24 257 57 31 259 23 14 261 11 24 285 25 11 288 17 9 296 89 0 306 89 17 315 10 30 323 77 0 324 45 13 327 45 8 328 71 12 342 45 14 345 67 31 351 72 27 358 32 8 360 29 22 369 3 1 374 25 28 385 48 6 385 88 23 386 56 22 389 93 15 412 12 16 422 21 30 449 61 0 467 99 28 493 98 19 526 78 8 545 90 1 555 62 13 565 64 0 569 52 23 591 28 25 597 93 23 602 10 29 609 21 21 609 89 0 624 5 15 632 15 25 660 66 7 663 34 11 672 20 24 674 13 23 676 47 21 678 97 13 686 41 17 695 3 7 701 42 7 718 70 4 737 92 23 751 69 29 754 35 25 755 62 29 767 36 18 770 22 9 773 17 2 806 96 25 812 96 14 824 94 12 833 3 31 848 90 21 860 28 4 861 51 29 873 63 13 880 67 23 882 44 1 887 99 27 897 74 30 903 95 22 904 74 10 907 30 30 928 3 27 947 76 29 973 82 31 981 85 19 985 91 6 995 16 27 1002 22 15 1030 59 26 1041 77 13 1064 49 30 1070 4 18 1071 63 19 1078 95 4 1086 28 14 1113 98 8 1121 79 12 1163 89 31 1173 51 5 1174 65 5 1199 26 12 1237 95 9 1254 46 16 1271 95 1 1275 27 0 1284 74 1 1297 100 13 1314 78 26 1326 17 16 1341 14 5 1345 71 21 1347 41 7 1359 19 26 1361 38 3 1369 58 30 1377 92 5 1407 59 8 1422 100 31 1424 74 21 1437 16 0 1448 17 5 1448 18 14 1472 37 0 1495 31 30 1515 88 27 1523 56 9 1530 30 16 1538 47 19 1543 10 9 1550 42 11 1553 2 9 1586 12 27 1596 60 11 1632 5 9 1636 36 8 1664 23 20 1828 67 9 1843 49 6 1867 13 31 1891 25 9 1898 33 24 1906 54 14 1913 21 12 1918 18 1 1921 22 6 1926 71 7 1949 27 24 1973 88 22 1978 31 1 1981 91 0 1985 12 11 1989 97 11 1998 17 11 2011 27 27 2018 48 22 2027 81 24 2031 37 13 2034 87 11 2036 50 22 2047 22 11 2058 4 22 2113 83 17 2119 33 9 2119 91 6 2128 80 5 2141 82 15 2146 61 0 2155 97 26 2158 81 2 2174 100 3 2181 24 16 2184 80 21 2205 90 13 2219 1 18 2219 46 12 2246 2 5 2248 59 27 2253 12 20 2253 76 12 2284 5 11 2299 14 21 2302 27 19 2308 22 0 2312 83 3 2314 25 3 2321 88 13 2327 13 29 2332 36 12 2334 3 17 2344 43 9 2353 55 9 2353 73 24 2358 54 25 2359 69 5 2367 43 26 2373 24 14 2373 32 28 2380 100 18 2391 2 10 2391 42 4 2391 67 27 2413 23 18 2418 45 21 2418 56 20 2428 76 3 2430 47 16 2451 4 30 2452 95 15 2463 93 28 2473 7 20 2475 93 30 2476 84 20 2477 36 15 2480 53 26 2494 68 19 2495 51 23 2499 79 12 2529 37 19 2552 57 3 2561 15 12 2568 39 24 2577 1 10 2582 39 13 2594 38 30 2598 32 6 2599 27 15 2606 81 0 2618 49 29 2620 61 3 2628 8 17 2634 93 12 2652 43 6 2654 61 20 2679 92 13 2699 10 9 2704 46 10 2711 62 8 2722 81 28 2734 82 28 2736 60 15 2737 34 6 2756 75 15 2762 70 0 2772 66 18 2780 52 28 2793 93 21 2806 63 30 2813 94 22 2817 38 22 2834 66 22 2837 34 8 2859 20 30 2859 95 19 2860 80 8 2861 14 28 2861 98 3 2867 54 1 2874 80 23 2892 35 0 2894 2 25 2902 3 26 2905 45 12 2909 90 8 2913 79 31 2943 43 9 2948 53 13 2968 8 31 2979 3 4 3002 15 7 3005 74 31 3017 41 3 3047 36 18 3061 37 14 3068 91 28 3114 58 6 3125 30 27 3143 69 10 3153 13 5 3159 80 24 3167 100 9 3186 84 3 3188 20 14 3194 77 22 3195 92 15 3202 32 4 3208 24 2 3249 21 4 3259 53 5 3267 60 14 3268 92 0 3283 48 21 3286 53 3 3288 21 10 3299 64 15 3332 45 29 3338 80 16 3344 79 6 3348 33 22 3352 10 3 3354 62 12 3359 97 6 3378 51 3 3393 86 11 3396 34 2 3396 61 15 3402 58 23 3403 56 22 3406 1 11
298 310 3e-05 93 77 7 97 85 23 99 44 2 108 39 6 134 94 22 142 75 2 165 63 6 167 87 17 168 36 30 182 43 13 207 43 10 212 9 13 218 94 7 233 65 30 254 97 20 295 25 15 322 70 15 330 37 29 365 82 24 403 54 20 407 7 25 411 54 17 414 59 28 420 90 12 434 39 16 439 47 8 442 8 13 442 96 24 447 8 30 467 83 18 469 81 20 470 77 9 523 64 19 529 63 2 542 18 8 551 59 25 553 64 29 567 16 17 583 84 28 591 66 23 591 87 17 603 100 17 612 5 10 628 8 6 630 1 13 653 74 13 682 63 29 705 95 14 709 48 3 709 73 17 714 26 9 727 16 11 742 92 6 746 24 31 751 100 26 775 88 30 776 91 13 776 100 16 778 68 1 791 15 19 791 80 26 803 53 3 810 17 29 818 74 21 823 70 17 833 16 2 836 75 26 838 55 29 859 57 16 870 18 26 874 79 21 883 65 6 887 19 22 888 93 10 898 13 15 932 100 28 936 35 13 940 12 30 975 51 8 979 15 8 1040 53 29 1043 63 8 1052 66 17 1067 92 6 1068 85 0 1112 70 23 1117 42 31 1120 21 20 1131 50 17 1140 87 15 1143 75 27 1146 56 19 1152 21 11 1157 80 21 1160 61 4 1161 81 14 1164 86 30 1167 37 16 1176 17 15 1182 61 6 1184 0 11 1190 94 10 1191 66 7 1219 93 7 1221 40 21 1224 9 3 1235 79 24 1236 82 22 1254 93 27 1256 0 24 1257 76 2 1292 59 17 1297 45 8 1299 7 22 1313 20 3 1313 68 22 1315 41 8 1321 38 23 1349 46 22 1354 47 19 1356 74 1 1366 86 30 1396 45 4 1402 35 9 1407 95 2 1431 18 18 1449 6 24 1462 38 7 1476 52 23 1485 72 14 1508 92 16 1523 98 20 1530 54 10 1532 60 10 1533 62 6 1542 81 12 1543 44 24 1554 70 4 1564 83 18 1583 41 14 1596 19 0 1623 59 7 1624 96 30 1629 7 6 1635 35 14 1643 30 11 1648 5 11 1652 35 7 1655 44 14 1662 53 27 1663 33 24 1667 42 26 1671 95 28 1817 70 16 1819 12 16 1821 33 15 1846 10 22 1863 12 30 1871 65 4 1879 89 11 1889 77 19 1920 27 24 1939 82 29 1950 98 16 1952 92 21 1955 66 27 1955 79 15 1964 27 12 1990 5 18 2018 49 30 2045 57 21 2070 53 9 2076 24 11 2086 6 2 2144 25 19 2145 2 20 2147 24 16 2153 61 24 2187 55 18 2196 14 24 2196 31 14 2209 97 18 2213 33 18 2232 7 27 2256 89 13 2280 8 21 2280 8 30 2290 4 10 2292 43 6 2332 89 21 2343 69 22 2353 88 17 2366 77 19 2372 16 3 2373 44 4 2373 100 15 2377 80 7 2382 26 3 2392 7 28 2400 33 30 2401 96 11 2408 39 0 2444 92 28 2448 95 14 2463 33 21 2466 38 4 2470 58 17 2480 43 0 2485 18 8 2513 38 31 2516 70 8 2525 61 13 2537 55 9 2541 18 17 2541 21 17 2550 100 10 2556 39 29 2564 27 14 2564 92 30 2578 44 28 2586 85 12 2603 84 13 2611 58 23 2617 13 3 2636 79 14 2640 20 26 2640 58 0 2641 7 4 2643 33 31 2645 52 15 2666 57 6 2710 95 1 2739 48 8 2755 23 25 2761 96 22 2767 25 23 2773 12 14 2777 29 27 2803 78 19 2809 14 10 2829 34 8 2832 2 17 2842 42 26 2851 69 30 2867 78 5 2875 21 24 2896 24 15 2922 63 13 2940 94 28 2944 32 4 2953 23 0 2960 89 20 2970 69 9 2979 52 4 2986 71 16 2992 99 8 3003 33 22 3010 3 7 3016 16 5 3019 17 30 3032 69 17 3054 96 26 3057 18 3 3059 64 25 3066 9 31 3071 7 28 3073 74 22 3083 61 22 3087 52 30 3099 5 26 3102 95 15 3107 8 24 3122 85 23 3127 76 11 3131 54 19 3143 85 13 3153 96 27 3154 68 16 3157 80 1 3162 80 4 3173 51 17 3174 32 17 3182 33 3 3182 48 22 3192 77 8 3195 35 22 3197 1 26 3209 92 8 3236 54 2 3254 4 5 3261 54 5 3279 68 29 3279 70 21 3288 46 16 3290 94 31 3295 90 17 3301 16 12 3312 21 19 3312 84 15 3315 5 10 3315 90 19 3316 82 30 3320 6 23 3328 5 29 3342 86 23 3359 79 1 3384 92 24 3385 71 21 3404 55 26 3406 49 11
299 310 3e-05 89 20 16 104 32 16 107 26 7 112 89 17 124 9 19 125 92 3 129 68 6 147 15 29 165 38 4 168 14 28 171 3 4 183 70 16 186 97 6 190 65 18 206 61 1 211 82 23 212 14 25 212 36 11 212 73 5 233 0 29 238 94 23 253 84 21 255 43 24 255 59 7 259 55 20 269 87 30 289 22 26 298 48 29 322 14 26 333 12 31 341 63 9 342 92 16 352 94 25 365 52 25 381 6 18 383 65 14 389 28 16 398 83 16 415 22 15 416 24 16 426 11 26 430 16 11 440 40 8 441 81 25 446 60 27 450 58 4 451 57 29 457 46 5 462 93 29 468 1 22 469 9 7 470 0 22 470 25 28 486 39 5 493 40 25 529 23 28 545 90 15 556 73 3 566 5 20 570 5 31 591 20 20 598 34 6 601 97 4 623 48 4 630 86 13 634 50 11 670 5 23 694 4 7 709 6 24 713 50 10 768 35 23 783 15 24 787 92 28 793 96 8 810 22 15 814 83 1 816 53 29 818 71 3 837 27 30 867 91 11 884 95 11 891 57 18 901 36 29 912 78 17 942 28 22 979 94 31 994 83 25 995 100 14 1001 96 25 1006 84 21 1011 49 25 1012 46 13 1012 81 25 1027 61 3 1047 25 27 1061 44 2 1063 35 29 1093 22 24 1100 27 23 1100 48 25 1101 31 6 1108 3 3 1117 98 8 1128 56 2 1139 6 27 1145 97 28 1158 87 1 1161 91 31 1171 12 26 1212 81 19 1221 42 10 1223 39 22 1227 78 6 1251 75 14 1257 10 25 1258 29 31 1265 64 23 1268 50 26 1288 98 30 1300 95 4 1310 15 11 1311 34 11 1316 15 22 1324 92 0 1342 41 31 1351 61 18 1359 88 14 1360 66 20 1362 53 6 1366 71 3 1369 5 5 1386 40 20 1392 34 22 1416 98 1 1426 88 19 1433 49 18 1434 51 5 1439 9 0 1444 9 22 1456 68 15 1457 75 14 1471 28 8 1483 76 6 1492 19 2 1499 0 29 1532 13 19 1548 55 15 1556 68 17 1561 43 11 1581 5 5 1593 29 14 1598 54 4 1606 35 3 1618 52 0 1624 98 21 1627 43 26 1648 2 8 1659 60 14 1666 27 17 1668 96 19 1808 27 28 1813 2 3 1818 18 6 1820 7 18 1828 43 13 1834 93 19 1835 64 23 1843 67 8 1850 42 4 1858 67 5 1877 19 19 1884 86 29 1903 90 2 1905 70 4 1922 43 31 1926 28 1 1929 86 30 1947 78 14 1955 16 20 1957 86 20 1960 25 28 1962 76 30 1967 72 10 1972 57 24 1974 23 23 1985 24 9 1988 1 3 1997 66 27 2013 79 16 2052 100 25 2065 50 20 2067 24 29 2072 7 18 2111 23 3 2123 97 7 2159 47 9 2166 13 5 2173 79 27 2201 86 8 2204 53 13 2212 53 11 2219 38 1 2220 22 6 2227 13 15 2230 28 5 2232 20 8 2246 18 26 2261 24 19 2293 100 13 2294 44 22 2304 26 11 2312 0 23 2313 72 30 2319 55 14 2321 12 0 2323 44 22 2331 56 25 2332 28 4 2337 81 7 2348 65 3 2348 74 22 2365 35 1 2386 25 9 2394 48 26 2414 52 25 2419 8 30 2426 22 18 2444 40 1 2468 27 0 2473 5 4 2480 19 19 2485 31 28 2497 32 25 2503 22 15 2506 97 7 2514 65 23 2535 90 3 2537 41 1 2540 67 1 2549 22 21 2550 54 14 2559 74 11 2588 89 1 2593 79 25 2632 76 22 2640 65 22 2679 3 30 2690 58 9 2694 30 27 2711 15 27 2714 82 1 2727 51 11 2740 81 26 2746 97 13 2754 80 25 2769 61 5 2801 98 30 2803 39 23 2808 65 18 2814 85 23 2841 6 29 2864 51 4 2875 33 21 2875 81 11 2875 94 0 2879 63 1 2904 61 25 2908 56 0 2933 17 2 2951 100 3 2954 92 18 2965 35 23 2969 60 0 3021 3 14 3023 64 7 3035 65 28 3036 67 1 3047 69 4 3048 46 2 3055 57 14 3078 8 22 3081 62 8 3104 52 1 3124 78 22 3125 83 24 3166 64 27 3173 18 7 3182 5 0 3198 52 3 3201 37 21 3221 93 23 3228 97 26 3232 21 8 3236 82 29 3240 44 28 3254 95 31 3260 21 9 3262 89 25 3272 76 16 3284 41 1 3289 30 7 3299 2 7 3301 40 11 3336 81 7 3355 3 11 3355 98 3 3358 37 19 3376 45 5 3393 80 9 3402 88 5
300 1033 0.0001 75 11 14 79 46 4 85 68 21 96 32 22 100 55 14 100 81 17 101 9 23 102 72 15 102 98 5 107 5 12 107 35 18 110 51 1 111 74 3 114 16 5 124 78 15 126 24 16 126 68 11 126 81 31 129 79 24 130 0 17 130 80 15 130 90 15 131 10 11 131 47 9 139 54 16 140 13 15 147 100 15 149 16 26 152 26 27 152 37 1 152 43 22 158 63 9 164 13 28 168 71 29 170 99 21 171 77 22 175 39 13 175 51 6 188 16 13 189 67 6 197 51 16 197 79 2 200 75 23 202 61 31 208 26 13 208 61 4 210 33 18 215 51 24 217 73 16 218 71 27 221 17 29 222 7 29 222 77 7 223 43 10 226 59 30 226 62 23 226 83 21 231 92 2 235 19 17 235 52 11 237 23 20 255 20 2 257 5 26 262 12 4 262 53 18 271 8 31 271 28 24 271 96 22 275 3 25 277 4 18 277 76 31 278 62 5 283 60 9 284 40 14 285 84 19 288 40 7 297 64 10 300 95 11 302 84 14 305 16 7 309 40 13 310 42 6 312 37 16 317 66 22 318 76 7 319 75 3 329 11 17 329 41 2 335 34 12 337 62 15 339 62 8 345 88 6 346 13 24 349 75 0 350 91 8 352 81 22 353 70 16 354 14 13 364 24 3 373 56 31 373 77 12 393 61 9 394 30 5 395 20 20 395 57 25 397 23 31 397 29 15 400 17 22 400 62 28 401 64 31 411 75 31 412 41 9 417 97 26 418 35 5 418 91 20 421 50 22 424 3 23 424 51 9 427 21 15 429 75 30 433 69 7 434 34 23 435 15 4 435 61 14 437 57 30 439 17 26 440 0 9 442 77 1 443 59 4 449 4 4 454 54 3 458 17 10 469 43 10 471 67 28 486 33 22 488 86 20 489 16 14 500 51 14 505 54 4 508 76 31 512 12 12 515 38 27 519 14 31 519 58 25 520 69 22 520 97 9 521 52 14 523 27 30 526 65 18 532 42 27 537 49 0 537 74 22 537 88 3 540 31 5 545 70 7 546 13 16 548 61 23 549 28 21 551 64 3 556 55 10 568 49 6 569 52 5 573 35 0 573 56 7 578 96 7 584 79 9 586 23 28 591 43 11 593 17 26 594 84 13 600 46 18 605 81 10 606 1 7 606 24 28 606 26 14 611 2 14 611 58 5 614 47 30 622 56 19 623 88 0 624 76 17 625 58 8 625 65 18 628 40 8 628 81 27 644 10 19 646 64 24 647 22 28 650 82 8 658 64 29 659 15 7 663 38 13 663 63 1 665 74 17 666 53 10 667 11 13 667 80 27 671 62 5 671 77 0 672 75 15 674 4 14 683 65 29 684 83 21 686 49 15 691 42 30 699 50 22 700 34 22 701 4 1 701 92 7 705 49 10 709 3 18 715 18 25 717 16 17 725 90 13 727 26 7 729 37 0 733 20 13 737 61 30 741 70 20 744 46 9 746 97 24 754 35 15 762 99 27 765 39 20 771 73 16 772 7 0 775 95 16 781 60 30 781 75 4 782 49 25 782 94 24 789 25 11 792 49 5 794 45 14 799 67 8 810 27 13 811 75 19 812 91 24 816 2 8 817 37 15 817 43 14 818 66 25 821 79 27 825 89 14 828 23 6 828 48 3 829 38 25 830 71 21 830 81 5 835 65 28 839 76 12 840 20 11 843 14 16 843 58 12 846 10 4 854 84 2 856 80 14 857 25 7 858 32 26 861 9 12 862 13 13 863 49 15 867 4 4 879 51 8 880 20 17 880 51 15 881 11 11 881 91 22 883 94 14 884 66 9 889 1 14 892 39 14 892 56 25 894 89 21 897 1 28 899 41 2 899 62 5 900 39 13 902 99 17 910 57 6 913 26 2 922 42 23 928 36 7 934 94 27 934 97 9 935 62 27 950 43 15 952 70 23 954 34 4 958 6 19 958 18 9 958 92 6 959 22 23 966 92 13 971 76 24 976 63 27 978 26 21 979 90 5 980 55 21 985 8 17 986 93 19 990 23 15 990 49 11 996 24 14 1005 16 10 1008 14 11 1016 65 18 1018 19 3 1022 98 12 1025 0 26 1027 34 21 1032 50 27 1032 64 21 1035 2 21 1037 83 17 1042 42 8 1047 20 30 1048 11 16 1049 56 6 1051 23 24 1055 13 19 1056 20 18 1059 51 31 1071 34 26 1072 46 30 1076 59 27 1077 87 4 1078 6 15 1081 20 21 1081 64 11 1084 98 23 1085 55 13 1093 54 29 1095 12 2 1099 8 10 1101 46 20 1102 55 15 1110 52 7 1110 58 4 1112 20 22 1113 42 6 1116 58 8 1116 73 16 1116 85 20 1130 83 24 1135 23 2 1139 19 1 1140 33 25 1153 62 25 1155 25 27 1158 95 0 1166 51 12 1166 92 10 1167 54 10 1168 58 25 1171 45 7 1172 33 1 1174 20 18 1178 9 7 1179 82 19 1185 15 10 1186 50 18 1186 100 27 1190 32 7 1193 38 11 1194 0 6 1195 10 14 1198 43 20 1200 23 18 1206 89 12 1207 30 6 1209 25 5 1212 43 23 1212 80 27 1220 2 0 1229 88 10 1232 71 31 1234 72 0 1244 40 4 1252 9 1 1254 21 15 1255 41 24 1258 89 0 1262 57 25 1263 21 18 1263 93 24 1265 27 18 1265 31 17 1267 90 26 1274 21 20 1275 57 25 1275 76 7 1280 47 15 1283 88 26 1285 21 20 1294 5 15 1295 35 28 1299 77 18 1301 81 27 1303 61 11 1304 32 0 1305 81 0 1308 71 13 1308 76 13 1315 98 18 1317 29 1 1317 52 24 1317 73 6 1319 9 7 1323 88 31 1331 36 0 1351 43 9 1357 39 6 1357 62 18 1362 30 15 1368 63 18 1369 14 11 1371 21 24 1372 17 10 1372 18 7 1373 56 31 1377 23 28 1381 7 15 1383 28 23 1387 5 5 1387 81 29 1388 63 31 1393 91 22 1395 60 18 1396 21 23 1403 32 4 1411 44 14 1417 66 2 1418 36 25 1421 99 14 1431 21 0 1431 56 27 1439 82 0 1440 65 23 1446 56 9 1447 52 12 1448 87 26 1450 74 22 1454 19 18 1454 91 18 1458 90 11 1460 0 18 1460 94 11 1463 3 29 1466 35 21 1466 87 31 1467 76 12 1468 20 2 1470 32 26 1479 18 4 1479 72 19 1479 95 30 1481 30 13 1484 28 12 1491 12 18 1496 45 1 1496 93 9 1498 95 20 1503 63 29 1504 33 8 1507 67 13 1508 5 3 1508 80 17 1510 9 1 1512 30 25 1514 66 2 1517 57 14 1518 42 7 1518 63 9 1518 67 13 1525 55 20 1527 40 25 1528 14 2 1534 66 14 1536 35 19 1537 74 27 1541 79 31 1551 49 4 1552 0 10 1552 98 1 1553 32 23 1553 37 31 1559 52 9 1570 21 28 1573 57 7 1576 96 4 1580 35 27 1586 96 31 1589 89 17 1592 88 4 1597 19 30 1597 33 14 1599 40 10 1600 82 17 1602 67 26 1603 56 27 1608 96 28 1609 61 12 1616 54 14 1616 77 14 1620 68 21 1623 21 27 1628 26 20 1630 1 8 1642 52 17 1643 70 21 1645 92 11 1649 44 28 1650 7 1 1652 64 15 1654 89 16 1656 66 12 1661 25 17 1665 9 23 1665 55 18 1670 75 23 1810 19 14 1810 52 17 1813 41 17 1816 42 10 1824 87 12 1825 94 6 1826 16 29 1826 85 13 1829 17 23 1829 78 19 1830 30 15 1831 97 30 1833 26 12 1840 89 26 1843 39 19 1843 64 21 1846 9 18 1850 68 2 1850 83 31 1851 17 9 1851 97 10 1853 96 8 1855 62 30 1856 76 0 1857 98 20 1860 12 8 1860 35 25 1861 68 10 1861 97 16 1865 15 22 1865 60 11 1866 10 10 1875 74 30 1878 24 20 1881 47 21 1882 49 4 1886 83 8 1893 5 18 1898 43 26 1900 32 1 1901 88 20 1902 58 11 1910 93 28 1918 74 22 1920 19 27 1926 24 23 1927 22 10 1930 36 29 1931 32 9 1933 59 25 1936 5 5 1942 71 27 1947 59 3 1948 51 28 1949 68 5 1950 42 7 1953 84 26 1955 1 14 1955 52 7 1957 18 12 1962 21 17 1964 19 14 1965 66 27 1967 1 31 1969 13 29 1969 45 30 1971 54 17 1977 24 20 1977 42 6 1979 56 21 1981 1 2 1981 7 16 1982 59 16 1985 52 13 1990 51 23 1991 0 8 2000 74 31 2003 56 31 2012 41 12 2012 79 9 2013 25 3 2013 55 12 2013 99 23 2014 74 21 2016 53 28 2021 39 28 2023 0 7 2024 46 1 2028 56 25 2030 8 10 2033 64 10 2041 10 10 2041 39 27 2042 61 23 2043 90 3 2046 13 30 2048 29 13 2049 19 11 2049 54 18 2050 78 28 2052 5 26 2054 97 5 2058 6 24 2059 13 25 2059 59 22 2060 49 17 2060 64 31 2060 88 6 2067 55 31 2068 60 27 2070 73 21 2071 2 21 2073 13 17 2078 10 6 2080 73 1 2088 26 5 2088 42 21 2088 47 16 2088 62 14 2094 71 6 2096 49 3 2104 29 8 2105 24 4 2119 6 7 2133 5 22 2133 75 30 2135 80 14 2139 23 14 2139 40 11 2140 2 17 2145 51 21 2145 69 17 2146 54 2 2153 65 14 2157 64 21 2157 80 6 2158 0 25 2162 17 21 2162 76 25 2162 77 21 2166 61 15 2167 95 30 2169 54 12 2182 89 3 2185 43 17 2186 22 3 2187 15 1 2193 16 3 2197 57 16 2198 98 29 2202 3 5 2210 100 2 2211 100 31 2213 66 14 2214 82 29 2216 45 5 2217 59 6 2224 34 17 2224 73 27 2225 57 14 2230 7 20 2231 36 18 2234 100 28 2237 62 28 2238 50 1 2241 30 16 2249 4 28 2256 15 28 2260 76 17 2273 0 30 2274 78 4 2280 45 23 2286 59 25 2289 61 7 2290 86 11 2292 92 9 2296 2 4 2305 69 16 2306 88 29 2322 41 8 2328 82 7 2330 23 15 2331 40 18 2343 98 22 2346 12 14 2350 58 14 2357 97 14 2359 95 6 2361 28 18 2367 62 13 2368 3 7 2372 90 10 2373 85 8 2384 97 9 2385 23 2 2392 1 5 2398 72 6 2399 29 18 2403 95 24 2406 37 7 2406 38 1 2408 5 6 2414 4 12 2417 16 26 2417 23 7 2418 99 12 2422 27 13 2422 99 30 2428 8 23 2430 84 30 2433 0 11 2434 51 24 2437 54 12 2437 69 31 2439 88 7 2447 15 17 2449 13 15 2450 52 27 2450 94 30 2458 3 14 2458 78 14 2459 44 6 2466 84 21 2471 30 5 2474 7 5 2474 7 8 2474 18 15 2478 84 13 2481 17 15 2481 78 9 2486 9 6 2489 71 18 2492 41 19 2493 0 16 2500 24 16 2503 34 8 2506 99 24 2513 73 0 2520 21 19 2531 41 13 2538 40 29 2539 65 21 2540 37 11 2545 2 25 2548 92 14 2552 100 26 2554 58 27 2562 14 14 2574 5 20 2574 56 29 2575 37 24 2576 15 18 2578 7 27 2587 6 6 2598 56 11 2602 88 10 2603 53 28 2608 58 8 2610 84 18 2611 25 6 2615 2 8 2618 16 1 2619 38 26 2622 21 12 2632 88 19 2638 20 20 2638 58 8 2641 48 13 2646 41 22 2647 90 16 2649 68 10 2652 94 0 2655 64 4 2658 16 9 2659 29 2 2659 45 28 2663 67 13 2668 1 27 2672 66 18 2677 92 16 2682 35 15 2687 40 2 2690 76 11 2697 0 19 2701 69 21 2705 98 10 2721 78 13 2722 40 28 2723 26 19 2726 49 8 2727 85 5 2732 91 14 2747 90 4 2748 23 30 2749 24 2 2750 17 13 2750 18 14 2755 10 24 2758 25 14 2761 20 5 2764 39 11 2767 30 27 2771 0 27 2773 97 20 2774 11 27 2778 27 18 2779 10 17 2779 10 28 2781 65 4 2783 38 6 2783 62 1 2798 97 19 2800 51 13 2802 57 8 2805 56 25 2807 62 30 2810 30 8 2822 58 26 2824 41 17 2824 96 31 2825 66 15 2828 66 7 2829 9 24 2829 82 11 2839 25 15 2842 65 9 2847 47 19 2847 84 7 2847 95 29 2848 66 6 2852 34 8 2853 15 13 2854 37 4 2855 66 29 2859 50 31 2859 92 2 2862 81 27 2866 2 15 2873 83 26 2874 25 15 2875 91 10 2879 43 17 2880 10 25 2880 93 15 2883 54 7 2884 25 26 2890 60 0 2890 81 22 2892 54 30 2898 86 20 2902 38 10 2902 67 31 2909 12 19 2914 0 6 2914 62 21 2914 72 9 2916 92 2 2919 11 18 2926 4 28 2931 0 4 2931 49 26 2933 22 26 2933 72 13 2935 6 10 2935 87 29 2937 5 0 2937 24 4 2940 69 13 2942 98 25 2944 16 26 2944 60 4 2945 72 27 2951 71 31 2960 56 14 2962 73 4 2965 36 11 2970 7 27 2976 27 3 2977 36 4 2978 81 18 2984 29 22 2984 32 1 2985 80 15 2986 4 25 2986 60 25 2986 69 28 3000 51 13 3000 93 30 3004 19 21 3007 24 6 3008 5 21 3008 92 30 3010 40 14 3016 22 18 3016 86 23 3022 65 13 3022 94 20 3026 74 4 3029 25 7 3031 12 15 3039 81 0 3041 2 5 3042 42 15 3045 47 8 3049 4 9 3050 32 14 3051 58 14 3052 5 9 3055 25 2 3061 95 7 3067 20 24 3074 94 17 3081 58 30 3082 77 29 3088 86 15 3091 42 26 3107 93 9 3117 35 30 3121 71 1 3125 53 30 3128 45 27 3135 54 1 3136 18 31 3136 70 9 3136 91 26 3146 93 19 3147 89 2 3154 62 4 3164 28 6 3164 45 16 3167 12 20 3170 39 3 3176 71 26 3177 59 27 3180 82 18 3182 21 3 3182 37 28 3186 25 31 3192 39 5 3193 18 17 3193 35 25 3195 73 17 3196 84 30 3200 5 1 3209 68 9 3210 64 30 3210 84 4 3211 61 20 3213 68 22 3215 20 17 3216 37 25 3218 30 7 3224 23 27 3227 23 2 3229 54 0 3229 85 0 3231 6 24 3232 42 0 3235 5 5 3235 8 3 3237 55 22 3238 75 29 3247 31 19 3247 32 31 3250 42 30 3251 69 22 3252 52 27 3256 99 4 3257 94 5 3259 11 30 3262 92 13 3270 66 10 3277 75 6 3278 43 6 3278 87 21 3280 37 24 3284 60 14 3289 86 2 3296 19 5 3296 65 20 3297 51 16 3298 63 14 3302 0 27 3314 1 16 3316 56 15 3317 16 8 3320 5 18 3324 1 24 3339 9 10 3340 68 10 3341 96 12 3343 8 10 3344 46 19 3351 13 9 3352 88 27 3355 39 15 3361 21 0 3363 6 6 3363 52 25 3364 97 3 3369 47 27 3377 68 17 3378 16 14 3378 17 5 3388 42 26 3391 99 7 3396 43 0 3397 32 1 3398 39 16 3398 90 19 3399 81 30 3405 67 13
301 1033 0.0001 74 18 5 80 19 23 80 43 21 83 18 30 87 74 3 89 39 1 90 96 15 92 90 6 96 24 15 99 81 1 101 37 4 102 76 13 110 53 12 112 24 5 112 59 14 114 42 27 117 90 4 128 18 24 129 40 7 129 74 21 135 42 19 139 37 18 141 6 12 149 19 2 165 85 19 166 25 2 172 48 2 173 33 30 184 98 4 185 75 26 187 33 27 187 67 3 188 61 22 188 88 3 190 52 24 192 41 4 201 76 22 212 17 3 212 55 11 216 28 24 218 39 10 219 8 12 220 19 11 222 65 26 228 55 3 231 100 1 232 67 22 233 82 29 239 44 0 240 14 6 245 56 5 253 56 9 255 42 11 256 26 29 259 0 21 267 28 12 267 73 11 270 100 8 273 41 23 274 43 28 279 19 30 281 17 12 282 56 25 283 12 0 287 0 16 287 1 10 292 51 31 293 49 11 295 96 23 300 97 14 304 51 1 304 82 24 304 95 8 307 13 14 307 49 21 309 15 16 311 4 21 311 37 26 312 79 12 314 75 1 317 36 15 318 96 19 319 11 15 320 43 0 320 62 28 327 9 7 327 30 17 333 59 11 335 63 20 337 53 1 338 82 31 344 43 12 345 54 22 348 39 19 353 73 23 354 26 31 355 41 22 358 20 18 361 91 14 366 17 1 366 35 17 368 63 30 371 49 23 376 66 29 377 52 22 379 27 17 381 68 24 390 6 24 393 92 26 394 15 30 405 31 18 406 57 10 407 74 12 408 23 30 408 71 14 425 32 14 430 99 4 432 26 21 440 0 21 441 10 1 442 97 21 443 71 21 450 36 23 455 100 10 456 21 24 460 93 15 464 97 15 466 83 9 469 52 7 469 56 26 481 59 26 484 7 15 487 33 24 493 79 18 507 15 21 515 40 20 519 6 29 519 65 9 520 63 28 523 91 24 528 17 15 532 13 1 534 44 31 535 2 7 537 76 11 542 26 18 542 64 31 543 56 10 544 85 20 547 53 0 547 59 18 550 33 27 554 41 5 557 89 7 558 20 9 566 97 23 574 34 30 574 36 12 583 40 8 587 4 19 591 13 29 591 59 18 592 81 7 592 99 28 593 63 1 596 55 21 599 40 8 599 65 0 601 19 18 602 66 8 603 39 5 605 49 3 607 49 6 607 54 8 608 27 25 612 90 16 616 2 12 616 65 4 618 15 27 618 88 27 619 65 1 622 26 23 623 44 22 624 39 25 627 53 21 631 76 17 635 6 25 635 90 15 637 73 14 638 34 18 640 21 23 648 100 23 652 32 23 654 95 19 655 33 6 655 67 13 656 45 19 659 10 20 663 60 0 664 26 20 666 88 7 670 55 31 671 4 5 671 13 31 672 33 7 676 9 31 680 44 29 685 71 7 690 61 12 693 45 23 695 81 28 698 35 17 700 60 4 702 81 18 712 32 30 715 53 22 721 45 13 722 98 20 724 46 16 734 1 14 736 8 4 738 77 23 745 68 5 745 71 10 751 68 2 752 32 20 752 64 18 756 3 15 757 70 4 760 59 18 760 85 22 770 60 29 775 61 4 776 47 31 784 82 19 785 77 1 786 37 25 788 42 1 791 7 0 796 94 26 797 17 13 800 35 29 802 46 11 814 51 21 814 78 21 817 8 25 823 18 7 828 56 22 833 67 0 841 75 14 843 34 12 847 76 21 848 41 23 851 63 3 851 74 12 853 10 19 858 22 16 860 1 30 862 40 6 880 65 29 882 62 2 886 2 9 889 60 11 895 8 29 897 2 24 898 94 8 901 73 29 902 21 18 902 23 24 903 6 12 903 86 20 905 67 16 905 71 20 906 40 15 909 81 16 910 8 16 911 3 21 912 75 14 913 4 9 913 95 29 915 68 31 921 85 1 922 84 25 930 5 21 932 99 16 940 9 23 943 99 12 952 13 19 952 90 23 953 95 9 957 65 13 957 84 30 960 100 23 962 62 8 964 49 1 966 29 25 968 51 25 968 87 3 972 52 4 974 55 6 978 10 17 979 25 8 982 22 13 989 67 3 994 49 10 997 48 2 1002 23 5 1007 39 2 1009 96 20 1009 100 17 1011 64 23 1013 6 20 1014 4 28 1014 30 29 1019 59 4 1021 41 10 1023 52 28 1027 67 3 1032 35 25 1034 71 3 1035 46 19 1035 55 17 1036 9 14 1043 66 8 1043 81 13 1046 33 9 1046 77 19 1052 85 4 1054 46 6 1068 31 28 1069 57 10 1071 79 21 1075 98 17 1083 90 15 1084 84 14 1087 79 13 1087 92 14 1089 65 27 1100 59 5 1104 1 23 1107 85 21 1108 52 21 1110 16 23 1111 57 0 1114 85 31 1115 11 25 1119 61 25 1121 14 11 1122 32 4 1122 95 29 1126 29 10 1129 5 2 1129 99 3 1131 48 6 1132 24 12 1136 93 12 1145 11 25 1158 19 23 1158 57 11 1163 85 18 1169 28 27 1170 45 11 1173 36 23 1174 7 22 1182 49 25 1199 61 29 1201 72 10 1204 24 2 1206 16 9 1207 30 10 1209 19 6 1212 23 28 1213 25 21 1226 68 14 1236 38 22 1236 47 2 1237 29 1 1241 27 28 1253 4 24 1258 92 19 1261 42 24 1262 27 22 1274 32 15 1274 35 11 1278 44 11 1286 38 1 1287 9 18 1290 15 7 1290 26 6 1293 25 19 1297 64 12 1302 32 13 1308 30 10 1309 100 26 1310 2 25 1310 28 20 1310 54 7 1312 45 1 1316 86 12 1330 54 7 1334 85 21 1335 88 20 1338 9 24 1339 82 5 1340 46 5 1340 57 18 1351 85 2 1352 5 4 1356 84 13 1358 13 26 1360 65 7 1360 86 14 1361 71 29 1364 13 5 1365 91 14 1367 13 17 1367 17 6 1368 25 27 1370 35 14 1373 18 15 1378 2 17 1380 22 6 1383 29 27 1384 35 18 1395 79 12 1405 54 29 1405 58 30 1408 60 21 1413 13 27 1427 47 25 1430 49 15 1431 17 30 1435 10 25 1441 71 17 1449 68 27 1453 62 0 1461 43 14 1462 77 13 1463 72 30 1470 57 19 1471 69 8 1473 28 30 1473 81 26 1475 62 14 1477 50 30 1485 24 24 1489 0 3 1489 90 14 1490 17 9 1492 27 19 1493 82 6 1497 58 5 1499 34 12 1502 30 20 1505 54 0 1505 55 26 1505 59 4 1508 96 7 1516 31 27 1516 64 5 1518 34 18 1520 36 9 1521 32 2 1521 80 17 1522 75 5 1524 97 21 1525 59 12 1526 8 28 1531 10 21 1532 51 7 1535 66 6 1536 12 10 1536 60 19 1537 54 26 1539 22 26 1545 27 0 1559 35 12 1563 27 13 1566 96 31 1567 99 3 1568 73 7 1569 67 30 1570 81 6 1575 22 31 1575 95 24 1581 73 18 1583 67 2 1587 25 16 1593 80 10 1610 27 11 1612 27 7 1612 35 7 1615 71 11 1617 17 5 1620 56 29 1622 93 29 1622 97 8 1625 80 8 1627 100 14 1631 70 6 1637 64 28 1637 75 6 1638 69 5 1639 66 1 1653 94 26 1655 64 25 1656 64 28 1657 71 30 1658 65 17 1659 60 12 1662 53 16 1663 76 7 1666 63 17 1668 10 23 1669 41 21 1670 91 29 1813 97 22 1816 76 26 1817 0 16 1818 80 18 1820 97 26 1823 32 2 1823 41 8 1829 93 20 1841 14 23 1841 39 15 1842 91 29 1850 10 7 1859 71 23 1859 73 7 1859 97 28 1860 39 6 1861 53 8 1861 64 0 1862 78 25 1864 12 17 1872 94 30 1874 98 23 1875 45 11 1881 53 24 1881 70 25 1887 54 1 1889 31 25 1890 61 29 1897 89 9 1898 36 29 1901 77 2 1908 12 0 1908 55 21 1909 50 21 1909 67 16 1911 59 31 1914 30 3 1914 56 25 1916 91 6 1917 6 30 1922 17 25 1922 61 31 1923 52 25 1927 5 22 1928 34 10 1931 67 19 1933 97 6 1934 78 28 1940 80 14 1944 6 3 1955 31 6 1955 64 19 1961 5 5 1963 9 1 1966 64 11 1971 80 25 1975 73 2 1978 79 26 1979 71 24 1981 36 9 1982 28 8 1982 60 9 1982 92 12 1983 42 8 1984 78 28 1985 78 8 1987 21 29 1991 40 3 1997 1 21 2001 65 15 2006 83 17 2008 45 1 2021 85 11 2032 49 5 2035 18 13 2036 1 28 2041 85 26 2042 42 25 2043 17 20 2050 70 2 2054 58 10 2059 5 2 2059 12 28 2061 6 13 2062 44 20 2065 64 31 2067 25 15 2070 65 17 2072 100 9 2076 18 6 2079 54 7 2083 21 26 2083 69 28 2085 30 24 2085 31 6 2092 86 11 2095 3 20 2096 71 20 2096 74 0 2106 68 18 2108 40 7 2109 81 8 2112 18 16 2117 98 6 2123 96 18 2130 64 10 2131 8 28 2133 2 2 2133 13 2 2133 46 11 2134 9 1 2136 70 8 2141 76 28 2147 11 12 2147 61 14 2155 71 0 2157 46 29 2165 32 16 2165 41 26 2173 52 6 2175 28 21 2185 62 24 2189 71 2 2190 16 4 2196 65 21 2199 48 13 2200 63 10 2201 27 15 2201 27 30 2204 62 29 2205 18 22 2205 42 20 2206 77 20 2207 27 24 2208 76 29 2215 97 23 2216 23 14 2224 9 11 2224 57 3 2225 82 26 2228 65 31 2231 81 14 2233 34 22 2233 49 25 2240 12 0 2241 53 2 2242 27 28 2242 46 13 2242 68 12 2242 90 10 2243 89 24 2244 37 7 2244 68 1 2248 30 4 2250 19 1 2253 60 19 2257 19 17 2264 13 10 2264 75 13 2266 5 24 2268 81 22 2269 47 14 2272 62 1 2282 77 0 2283 29 23 2286 21 31 2289 81 7 2293 70 19 2293 71 3 2295 28 29 2296 14 17 2297 68 11 2303 98 22 2306 59 4 2309 34 28 2316 38 31 2328 67 19 2330 81 18 2330 86 10 2331 53 31 2332 13 22 2334 4 24 2341 17 30 2341 41 25 2343 63 0 2354 85 14 2355 36 17 2356 71 6 2356 92 14 2367 13 31 2369 67 2 2374 3 23 2374 12 18 2383 4 25 2383 54 21 2387 19 30 2387 37 3 2387 58 19 2388 64 4 2389 32 1 2389 40 7 2398 73 11 2400 98 23 2401 85 2 2403 62 30 2409 51 24 2415 24 10 2419 19 19 2421 95 20 2425 36 19 2425 71 24 2425 99 16 2428 35 31 2429 91 0 2430 8 1 2435 60 22 2437 28 13 2442 65 3 2446 78 27 2450 82 17 2451 59 23 2457 67 9 2468 84 26 2471 66 2 2472 41 5 2477 91 21 2478 96 15 2480 43 20 2485 34 9 2485 44 8 2489 21 5 2489 48 6 2491 1 8 2491 66 23 2492 22 6 2493 49 20 2493 59 19 2494 33 7 2496 50 29 2497 10 3 2499 67 1 2500 54 18 2504 26 15 2504 50 29 2507 68 11 2511 17 1 2512 42 5 2514 44 22 2514 46 31 2522 7 23 2527 76 21 2534 0 21 2538 39 5 2545 32 29 2549 8 31 2549 10 2 2549 72 15 2551 11 13 2552 8 8 2553 100 16 2554 10 11 2556 85 30 2560 91 9 2564 90 24 2566 82 18 2568 78 8 2575 76 13 2576 23 6 2579 86 0 2582 18 5 2583 18 13 2586 54 11 2586 98 30 2590 99 25 2591 22 31 2596 53 20 2600 53 0 2605 2 31 2605 95 2 2606 32 8 2607 85 30 2609 42 28 2613 10 23 2618 38 27 2618 67 24 2621 84 18 2624 23 24 2624 33 27 2624 41 30 2626 82 14 2628 27 9 2629 74 25 2629 77 5 2629 79 9 2630 10 1 2630 71 6 2634 20 11 2634 81 13 2634 86 23 2635 53 22 2641 6 19 2641 74 11 2650 79 14 2654 62 1 2654 95 21 2656 66 4 2657 33 1 2662 39 14 2664 40 22 2666 59 31 2676 4 4 2681 72 15 2685 12 4 2685 37 21 2695 2 27 2697 69 11 2700 59 24 2701 85 12 2706 58 12 2712 100 4 2719 79 26 2721 83 16 2733 51 10 2738 17 25 2744 98 17 2778 79 21 2778 93 26 2783 50 5 2783 56 21 2785 67 5 2789 32 16 2791 51 18 2796 21 12 2804 45 31 2813 83 14 2814 60 20 2821 34 30 2828 55 24 2829 1 18 2833 5 9 2835 85 24 2835 96 6 2838 89 1 2841 17 8 2843 86 13 2849 36 20 2849 71 7 2849 78 21 2851 37 2 2852 12 20 2853 56 6 2853 67 7 2859 35 21 2861 71 25 2861 90 6 2864 23 21 2871 20 5 2875 95 7 2876 86 16 2877 27 17 2881 17 19 2887 5 3 2887 51 3 2894 75 2 2896 14 26 2897 99 25 2904 88 8 2908 72 5 2909 50 14 2912 5 26 2913 44 31 2914 91 6 2918 76 27 2919 69 27 2920 79 26 2923 49 10 2925 92 28 2928 83 23 2929 53 17 2931 25 28 2931 58 7 2934 37 5 2934 99 17 2940 76 24 2944 6 6 2951 72 11 2952 87 15 2966 85 26 2973 22 12 2976 20 0 2977 26 27 2980 94 23 2983 40 31 2984 35 6 2985 65 20 2988 48 0 2991 49 8 2992 74 5 2998 14 27 3005 93 28 3008 63 5 3012 17 23 3013 21 4 3016 37 25 3018 40 1 3020 36 4 3032 51 16 3036 36 16 3036 55 6 3037 32 8 3038 90 15 3043 6 1 3046 56 12 3050 28 26 3053 42 7 3059 23 3 3063 51 10 3064 82 11 3065 100 4 3066 16 11 3075 47 9 3078 47 17 3078 80 7 3082 22 15 3082 36 13 3083 50 23 3084 9 26 3085 91 25 3088 28 25 3090 21 0 3097 26 28 3098 22 29 3098 49 30 3106 5 18 3110 49 28 3113 23 0 3113 65 28 3120 66 3 3121 63 18 3127 74 11 3132 18 14 3137 14 22 3138 41 23 3141 76 16 3143 97 5 3149 36 9 3149 37 26 3154 88 0 3155 35 13 3166 49 24 3170 50 21 3174 40 17 3183 14 20 3186 77 19 3192 22 12 3198 3 7 3201 86 15 3212 59 6 3214 85 14 3217 14 3 3231 33 14 3234 39 3 3237 86 3 3241 53 22 3242 86 20 3264 83 19 3266 62 19 3267 96 6 3269 39 4 3273 63 20 3275 67 23 3275 99 5 3284 26 6 3299 71 2 3301 83 30 3304 17 26 3306 37 31 3307 19 25 3311 23 15 3312 61 7 3316 34 0 3318 31 11 3318 75 16 3329 6 11 3331 43 9 3334 48 31 3334 78 18 3336 80 22 3343 66 6 3345 46 25 3345 64 20 3347 52 6 3350 13 9 3352 18 9 3354 2 25 3354 53 18 3357 56 19 3357 84 23 3357 89 10 3358 11 26 3359 38 31 3363 27 15 3368 43 27 3371 84 10 3372 92 10 3373 47 22 3380 85 8 3381 28 22 3382 56 7 3382 70 3 3385 34 6 3391 36 17 3394 12 14 3394 55 15 3400 29 13 3403 83 29 3404 59 31
302 1033 0.0001 77 64 24 80 55 26 81 47 19 86 19 13 90 22 12 95 7 9 95 40 30 99 10 30 104 61 25 106 65 16 110 78 3 111 3 29 115 67 16 116 1 1 123 57 5 123 95 11 124 5 30 126 60 25 129 72 13 130 30 14 135 85 24 136 90 29 140 55 2 144 12 11 146 5 20 146 73 20 150 86 25 159 27 22 165 70 25 165 86 9 166 32 21 166 56 21 169 73 5 175 50 14 175 75 20 176 55 1 183 41 20 192 55 27 193 33 9 195 65 26 195 95 5 196 97 8 206 26 11 208 45 5 216 11 25 220 69 17 224 17 26 224 73 10 225 30 31 236 29 18 238 27 31 239 19 0 243 48 0 244 49 20 248 16 30 253 24 29 254 6 24 263 27 27 263 75 2 270 25 4 271 18 25 273 78 18 273 99 30 278 52 18 278 85 26 279 84 15 284 2 7 288 40 28 294 26 9 298 1 27 303 41 19 309 92 3 313 49 1 316 39 3 317 96 20 321 8 7 322 46 17 325 37 27 328 31 28 330 40 15 338 7 12 344 21 5 350 21 3 351 16 2 354 80 7 358 70 26 359 1 27 365 39 10 365 65 8 370 24 25 373 62 17 378 79 17 379 18 21 380 72 3 382 98 11 385 14 5 386 70 20 389 50 7 390 10 21 393 44 10 395 95 16 399 62 2 399 100 8 404 87 1 409 47 17 414 56 23 416 37 6 417 71 14 418 7 20 419 47 29 420 4 1 423 4 15 428 47 13 432 50 29 432 86 2 446 33 18 452 96 2 453 7 9 456 36 12 456 50 27 461 39 10 464 41 25 466 22 8 467 16 12 469 67 3 472 0 24 472 72 19 476 82 14 479 81 8 490 85 3 493 15 28 497 95 6 498 43 2 498 77 12 504 56 29 507 12 31 511 71 25 513 90 11 519 39 25 524 27 30 525 0 24 525 33 18 528 44 16 529 76 6 532 32 25 535 71 26 538 42 28 540 1 20 540 12 26 542 73 8 543 60 17 544 22 0 548 7 15 550 27 28 551 6 29 553 80 22 557 48 30 558 45 11 559 78 30 564 79 11 566 30 10 568 58 6 570 54 23 572 4 1 576 24 13 576 89 21 577 52 12 582 31 20 583 20 1 583 45 22 591 55 13 594 31 25 596 39 20 599 59 15 601 49 19 601 99 31 602 93 2 604 84 13 606 94 1 611 60 22 613 91 11 615 60 3 615 95 2 617 31 6 622 12 7 624 11 6 625 0 18 629 41 9 632 38 7 637 81 7 638 15 20 640 8 6 640 46 21 641 70 19 647 26 31 647 36 24 650 56 14 653 64 1 665 93 19 667 56 2 668 10 19 670 91 25 671 64 12 675 55 18 677 32 8 682 64 4 684 72 0 688 99 14 693 71 18 694 96 20 697 45 12 701 64 21 702 14 2 702 26 16 705 0 18 705 85 2 706 72 8 709 51 21 710 23 17 710 70 22 715 33 19 721 1 29 726 36 2 729 86 2 734 33 4 734 96 22 735 76 22 738 35 16 738 86 27 739 96 25 741 50 7 741 71 17 743 39 25 746 91 16 747 43 20 751 41 8 752 55 0 755 39 9 756 68 20 758 39 7 768 66 13 768 83 0 769 13 3 773 29 5 775 56 0 775 96 27 781 93 6 785 30 15 785 60 19 785 76 10 785 97 10 790 50 31 794 80 26 796 76 0 803 79 0 808 100 31 811 35 17 811 83 2 817 11 5 817 88 11 819 49 10 821 44 16 822 7 25 826 43 1 828 6 19 832 91 16 841 35 27 842 76 3 847 52 1 857 0 24 858 12 21 860 21 30 864 28 16 866 23 28 867 76 16 868 82 23 871 48 31 874 98 28 879 68 18 880 57 16 884 3 0 890 11 16 893 91 15 893 93 10 895 79 15 896 4 23 897 8 14 897 25 2 907 73 24 910 26 0 911 10 30 912 97 12 920 45 9 920 91 1 922 50 8 927 9 8 928 19 28 931 10 9 935 13 31 942 90 13 943 53 13 943 68 11 945 65 4 952 17 25 953 57 26 956 69 9 961 96 18 962 83 17 963 35 0 972 51 22 973 58 20 974 53 5 978 87 18 980 98 24 981 50 30 981 93 8 982 47 26 984 78 16 988 6 23 994 3 21 994 80 22 995 48 31 996 71 0 999 24 7 1001 23 3 1002 90 25 1004 23 1 1005 99 15 1009 71 21 1011 90 23 1014 93 24 1016 68 30 1020 79 30 1022 16 14 1022 52 10 1030 41 4 1031 95 6 1033 68 23 1040 31 7 1042 24 23 1046 95 23 1049 23 14 1054 49 10 1058 15 7 1061 25 10 1062 32 4 1062 78 30 1063 61 10 1064 1 5 1066 71 1 1075 40 1 1075 47 0 1076 81 0 1076 83 3 1079 80 23 1087 47 26 1090 80 24 1093 43 17 1096 72 19 1097 45 16 1097 60 1 1098 15 0 1098 83 12 1100 1 23 1102 43 4 1103 81 25 1106 27 30 1110 2 0 1113 99 4 1114 0 12 1116 47 23 1119 4 12 1119 73 28 1131 40 29 1137 90 28 1138 77 1 1142 44 3 1145 65 19 1147 67 21 1148 83 13 1151 26 17 1153 36 27 1153 76 2 1154 73 7 1155 94 2 1156 44 4 1157 55 20 1158 41 7 1160 34 26 1161 18 23 1163 8 27 1164 70 12 1165 66 17 1165 85 1 1169 93 14 1176 25 21 1176 80 18 1178 4 27 1180 18 6 1181 51 3 1182 4 18 1182 65 13 1189 95 13 1190 43 5 1197 36 4 1200 94 23 1203 48 12 1206 61 29 1215 92 5 1219 96 11 1230 27 24 1230 97 1 1232 81 21 1240 60 30 1241 64 30 1241 84 22 1245 67 31 1246 5 2 1246 71 0 1249 10 6 1262 11 2 1263 65 13 1265 28 8 1270 97 7 1275 77 0 1275 81 15 1280 86 4 1281 77 12 1281 79 27 1282 59 28 1282 84 22 1283 8 19 1284 27 10 1287 15 22 1291 25 18 1291 67 13 1293 98 0 1298 51 17 1299 10 26 1321 59 27 1322 4 8 1323 64 12 1338 46 25 1338 99 30 1340 4 2 1344 72 13 1344 75 4 1347 77 4 1348 23 26 1349 3 0 1350 85 19 1354 81 23 1355 75 23 1360 12 7 1362 0 28 1368 48 21 1369 21 4 1375 52 24 1377 32 10 1378 3 30 1378 62 1 1382 4 2 1383 26 5 1385 38 26 1386 87 24 1388 61 22 1389 72 29 1391 56 24 1394 37 0 1395 1 7 1399 73 22 1399 86 3 1400 72 9 1401 46 9 1403 12 28 1404 11 24 1404 17 5 1404 19 25 1405 33 15 1409 25 6 1417 56 5 1418 82 16 1428 72 30 1435 44 28 1437 86 7 1437 86 16 1443 54 28 1445 17 28 1448 32 31 1452 23 16 1455 65 22 1456 64 3 1472 64 6 1473 100 31 1474 4 2 1479 56 27 1480 10 26 1481 40 14 1482 24 10 1486 56 28 1486 91 29 1492 62 30 1494 82 0 1498 3 28 1500 64 14 1502 81 13 1510 1 10 1512 75 24 1517 91 11 1518 76 9 1519 51 23 1519 88 21 1522 26 19 1522 49 18 1527 68 9 1529 3 18 1529 31 10 1540 19 8 1541 80 30 1549 45 9 1551 43 10 1555 87 23 1560 86 27 1571 18 2 1571 94 15 1574 25 17 1574 77 28 1577 23 24 1578 85 1 1584 59 24 1588 7 31 1595 87 19 1598 55 0 1600 39 20 1601 7 19 1605 91 2 1609 3 18 1622 36 13 1625 33 27 1626 56 11 1626 87 29 1626 93 2 1630 53 20 1644 74 17 1645 10 15 1646 82 7 1648 37 23 1665 48 17 1808 96 25 1812 86 20 1813 46 17 1820 88 29 1824 25 11 1825 0 18 1826 72 10 1831 2 11 1831 5 8 1831 96 16 1836 79 3 1839 91 27 1841 2 20 1841 2 22 1842 17 5 1857 74 6 1860 19 16 1861 77 3 1872 88 21 1874 30 21 1876 91 19 1878 98 7 1882 85 26 1884 90 7 1885 33 11 1888 34 18 1895 39 22 1897 51 20 1898 5 7 1898 78 6 1899 34 25 1900 48 23 1901 29 13 1904 32 10 1906 24 23 1906 51 29 1907 95 13 1909 77 3 1918 87 26 1920 26 23 1923 59 25 1924 36 11 1925 16 24 1925 35 13 1926 87 0 1929 78 20 1932 66 26 1934 69 2 1942 87 25 1943 72 14 1946 96 18 1947 21 8 1965 95 25 1966 94 21 1970 62 28 1971 68 30 1972 8 9 1974 22 1 1975 78 4 1978 18 18 1979 35 21 1980 66 26 1986 11 20 1988 18 5 1990 47 27 1991 97 1 2000 30 15 2001 44 13 2003 49 8 2003 72 0 2014 23 21 2019 8 23 2024 90 24 2034 99 11 2035 17 27 2035 59 27 2040 81 20 2041 75 12 2043 82 15 2045 41 9 2046 72 26 2048 44 21 2048 95 5 2057 33 19 2058 24 24 2058 33 19 2061 62 21 2064 56 13 2065 6 10 2065 67 25 2075 21 14 2076 13 28 2081 38 4 2085 6 13 2086 44 7 2088 32 25 2089 75 0 2092 42 3 2093 81 13 2099 40 30 2100 62 15 2114 18 15 2116 50 0 2132 41 17 2134 71 19 2139 48 22 2143 97 10 2146 61 3 2166 33 5 2167 83 1 2169 97 7 2176 47 27 2188 37 18 2190 20 26 2191 52 14 2194 24 29 2197 7 5 2203 39 14 2203 79 7 2204 78 11 2205 54 30 2208 62 18 2216 96 18 2220 3 10 2221 78 23 2235 55 28 2236 21 31 2240 54 7 2246 68 21 2248 35 11 2251 48 0 2255 26 7 2257 86 5 2261 6 26 2261 42 17 2270 36 23 2279 46 16 2281 58 7 2284 48 9 2286 80 25 2288 36 20 2296 45 30 2299 26 25 2304 86 15 2306 67 31 2306 81 19 2309 10 27 2311 97 15 2324 31 20 2326 100 2 2329 99 10 2330 69 20 2334 92 7 2338 20 5 2344 37 21 2351 74 10 2353 44 1 2359 73 21 2361 15 10 2361 22 29 2361 37 14 2361 60 3 2365 10 1 2372 29 14 2374 10 17 2383 9 11 2388 96 14 2397 1 13 2404 71 10 2410 11 11 2412 67 8 2416 83 26 2421 73 2 2423 50 24 2425 3 14 2426 51 0 2427 77 12 2430 94 24 2438 99 10 2446 72 29 2452 48 15 2456 86 3 2457 37 17 2460 39 14 2462 0 15 2462 38 20 2464 26 23 2469 16 6 2473 4 27 2486 95 20 2487 12 2 2487 70 15 2487 78 11 2489 40 7 2491 28 12 2492 23 9 2494 11 19 2499 20 28 2500 74 15 2501 64 23 2502 23 29 2508 90 23 2512 52 1 2513 0 7 2513 53 2 2533 76 17 2535 37 0 2538 70 14 2539 30 27 2547 9 7 2549 39 1 2549 84 3 2556 1 10 2560 98 9 2563 72 1 2568 55 29 2571 51 22 2573 91 27 2574 69 24 2575 9 26 2575 45 26 2578 87 3 2581 74 14 2583 43 26 2586 15 17 2587 28 15 2594 44 29 2597 79 18 2601 61 4 2602 5 0 2602 81 13 2611 42 2 2612 33 31 2613 73 13 2619 74 30 2628 20 1 2629 0 2 2631 9 6 2633 13 1 2633 43 7 2635 11 4 2638 10 14 2638 64 19 2639 71 4 2640 76 9 2642 19 3 2644 78 26 2645 24 26 2646 16 28 2653 19 7 2655 97 18 2656 41 28 2658 49 9 2662 13 21 2664 68 24 2671 41 0 2683 35 20 2684 14 4 2686 71 29 2687 79 1 2691 2 22 2698 13 15 2699 83 27 2704 49 28 2707 54 24 2712 5 23 2713 12 8 2716 19 1 2716 29 1 2718 12 9 2718 65 3 2718 96 9 2723 46 30 2723 92 22 2726 63 5 2726 90 22 2727 44 4 2731 34 31 2739 5 13 2743 28 18 2748 45 14 2749 51 25 2750 29 27 2750 65 13 2754 99 13 2765 18 13 2767 35 8 2767 93 8 2768 23 3 2768 37 28 2769 42 20 2771 44 19 2775 74 27 2776 8 8 2782 2 6 2786 33 7 2787 95 30 2787 96 23 2788 93 9 2794 74 31 2794 76 19 2798 0 25 2805 9 17 2808 74 3 2818 69 8 2818 87 22 2822 9 5 2829 45 2 2832 22 27 2833 89 6 2836 2 15 2837 3 11 2839 37 3 2841 10 22 2848 35 30 2851 97 14 2860 41 5 2863 25 26 2872 54 8 2872 71 0 2872 100 25 2875 40 16 2880 90 11 2883 67 29 2884 31 3 2885 95 21 2887 88 4 2890 46 20 2891 13 31 2897 4 8 2897 61 23 2899 99 24 2907 18 15 2911 74 25 2913 33 14 2915 49 14 2918 39 2 2923 24 20 2926 19 18 2927 61 0 2930 40 7 2932 99 17 2937 25 7 2943 86 2 2944 11 9 2944 61 22 2946 81 29 2948 31 1 2951 69 30 2955 64 7 2956 20 17 2961 60 17 2962 86 19 2969 46 1 2977 0 24 2978 22 6 2980 17 29 2982 65 1 2985 87 25 2987 87 27 2993 24 29 2993 56 23 2999 24 7 3006 6 1 3006 71 8 3009 35 13 3009 70 8 3012 2 29 3013 86 28 3015 23 14 3015 74 30 3016 5 2 3016 13 4 3016 86 4 3018 23 7 3018 23 30 3018 30 19 3021 79 9 3022 85 29 3026 50 1 3028 46 24 3032 67 29 3033 82 22 3035 33 26 3043 96 30 3046 54 13 3054 98 0 3061 19 27 3065 26 26 3066 87 14 3067 46 13 3075 26 22 3075 50 15 3080 39 29 3080 46 19 3084 49 11 3086 87 13 3102 50 24 3103 78 20 3109 94 4 3110 44 4 3120 38 26 3121 94 23 3126 45 27 3129 63 30 3133 60 10 3138 31 28 3140 19 30 3144 67 3 3147 58 11 3148 31 23 3150 35 9 3151 17 12 3157 88 27 3157 91 2 3159 11 20 3159 40 27 3159 82 13 3160 25 20 3161 87 26 3168 21 12 3175 98 22 3178 3 25 3181 74 28 3183 84 0 3188 13 15 3190 28 4 3191 19 31 3193 17 22 3195 76 16 3196 7 2 3198 31 2 3201 83 9 3203 33 23 3204 6 31 3206 56 23 3208 15 12 3209 26 7 3210 77 26 3221 15 10 3222 88 10 3230 27 21 3239 4 30 3239 27 8 3245 14 6 3250 6 17 3250 21 24 3250 76 31 3257 24 3 3271 84 16 3272 0 27 3274 85 10 3282 29 28 3299 68 25 3302 91 23 3303 2 27 3304 19 10 3307 73 21 3308 96 29 3315 80 29 3320 83 5 3321 16 16 3332 100 6 3333 82 31 3334 25 15 3335 100 20 3338 90 27 3339 14 14 3347 26 28 3350 80 9 3354 18 26 3356 22 9 3359 26 26 3360 60 21 3366 84 7 3369 85 27 3374 40 0 3374 83 21 3377 81 12 3378 36 12 3378 87 13 3384 54 15 3399 28 19 3403 52 5 3405 37 22
303 1033 0.0001 76 50 2 79 61 17 79 91 11 83 61 24 83 79 30 84 41 7 84 62 15 85 36 26 90 69 21 92 48 31 95 70 9 101 12 31 101 85 16 102 36 13 106 93 1 109 8 2 110 10 29 113 79 8 114 13 3 116 16 7 118 48 7 119 21 17 122 62 2 123 47 6 124 54 8 128 25 19 128 88 29 128 99 18 129 98 29 130 20 20 131 20 22 132 34 1 132 43 7 133 19 22 136 68 11 146 60 1 147 2 14 154 18 15 155 39 30 155 90 17 156 20 8 160 75 19 163 29 10 170 0 16 178 16 5 189 81 21 195 61 5 196 8 6 197 8 31 217 9 21 217 63 8 221 22 1 222 84 16 236 75 13 237 47 26 243 38 16 254 10 28 256 73 26 257 67 11 260 37 27 261 79 18 268 81 22 278 64 10 278 66 19 284 15 16 293 44 9 294 19 20 296 49 27 298 100 1 300 42 17 302 1 0 307 73 25 308 37 10 309 65 17 317 81 13 318 2 7 318 38 30 319 79 10 322 75 18 326 59 6 328 82 26 333 43 28 334 23 15 340 24 27 344 55 27 344 97 16 346 25 24 358 17 25 359 62 26 364 21 31 366 26 20 366 74 14 370 26 4 383 22 14 393 94 8 395 1 7 395 32 1 403 94 14 406 93 30 408 54 12 408 100 27 416 74 9 420 38 10 420 69 24 421 94 21 427 1 19 429 73 28 430 22 23 431 92 29 437 81 8 441 100 18 444 45 15 446 92 4 452 100 28 459 77 30 463 5 9 468 57 28 476 4 12 477 79 15 479 69 22 483 79 24 485 51 28 500 82 24 501 28 9 501 48 25 502 70 26 509 14 0 512 51 4 513 8 14 514 8 9 522 61 23 537 72 30 540 25 3 540 68 8 543 63 21 543 66 18 546 93 25 552 60 1 555 21 16 557 63 24 558 74 13 560 13 4 560 90 27 560 94 8 562 7 27 569 63 14 569 94 12 572 11 14 572 68 20 572 81 16 578 43 23 586 48 28 587 75 5 588 17 10 592 26 22 592 74 29 596 10 19 607 32 0 608 60 2 609 19 30 610 37 7 612 70 0 616 77 27 620 8 5 621 4 17 625 18 29 627 53 10 627 74 1 629 80 4 637 68 14 638 52 11 638 63 17 639 67 15 640 76 15 643 13 25 644 82 28 649 28 22 652 15 21 652 75 13 655 17 30 655 94 30 660 62 2 660 99 31 664 41 27 668 83 25 669 0 30 673 8 14 673 9 8 673 36 27 675 12 3 675 27 20 678 96 9 681 66 19 681 71 4 681 85 28 686 26 4 689 99 20 690 80 19 692 72 28 696 87 20 697 70 14 699 42 18 699 47 12 701 57 15 709 81 5 710 87 8 711 29 24 713 39 30 714 15 5 714 44 4 714 71 14 716 36 0 718 62 29 718 92 25 721 93 25 727 31 11 729 88 10 733 74 26 733 88 15 739 51 3 739 99 9 743 68 4 747 38 26 754 28 17 755 31 1 755 37 11 757 51 28 762 56 11 764 38 16 765 81 30 768 8 29 774 41 2 778 40 10 778 49 11 779 36 7 788 96 18 792 15 17 794 30 27 807 88 23 808 57 23 811 59 13 813 45 23 821 14 11 824 68 12 835 13 11 838 30 1 838 74 18 840 16 0 849 33 10 850 70 7 852 28 22 852 64 24 855 26 15 863 92 28 866 56 6 868 6 31 868 14 28 869 37 26 871 31 5 872 12 15 874 80 27 878 72 15 879 27 14 880 10 22 880 62 2 882 47 0 887 60 9 889 68 14 891 95 22 896 48 21 902 66 15 902 89 1 918 66 2 919 58 30 920 26 18 920 58 18 921 13 17 921 82 24 922 11 29 931 62 20 935 34 29 935 35 6 936 48 18 936 63 15 939 61 1 943 91 4 948 47 4 948 65 9 949 23 26 951 69 27 958 7 13 963 5 18 964 97 31 965 46 14 981 14 0 986 47 17 992 61 28 996 21 28 996 43 18 1002 5 9 1005 21 22 1007 80 17 1016 2 7 1018 79 8 1019 54 24 1019 55 31 1029 7 14 1032 82 1 1033 78 15 1043 16 2 1047 20 7 1047 69 17 1055 98 19 1058 88 26 1062 7 16 1062 77 16 1063 61 9 1068 11 27 1072 50 2 1078 41 31 1079 23 19 1090 22 10 1090 80 10 1092 14 0 1094 34 21 1094 37 0 1097 12 22 1097 41 28 1098 25 4 1102 51 12 1105 51 3 1110 78 22 1112 42 20 1113 89 9 1124 63 17 1125 76 12 1127 100 12 1130 22 0 1130 48 31 1136 34 1 1142 87 13 1144 99 8 1148 23 30 1148 82 23 1154 57 11 1157 60 26 1161 19 29 1161 38 26 1175 13 24 1177 88 11 1179 85 25 1182 53 5 1187 22 3 1188 78 8 1189 52 30 1196 64 12 1196 97 4 1210 19 0 1211 4 31 1211 95 7 1214 62 10 1220 50 10 1234 99 16 1235 43 11 1238 59 2 1245 34 23 1249 40 18 1249 88 7 1255 2 29 1257 71 30 1258 74 23 1260 52 18 1260 70 16 1261 69 30 1261 86 24 1265 22 3 1265 66 5 1265 80 13 1267 50 20 1274 68 8 1277 84 6 1278 43 19 1279 5 26 1285 37 9 1294 23 24 1296 37 17 1298 37 7 1300 80 28 1302 50 1 1302 71 21 1304 31 20 1313 26 31 1314 87 29 1315 26 29 1316 27 3 1318 61 20 1319 31 18 1319 47 31 1320 82 6 1324 60 16 1330 6 31 1331 71 20 1333 79 15 1339 19 25 1343 23 28 1345 49 14 1345 92 7 1349 97 6 1354 61 20 1361 7 22 1364 60 15 1369 56 24 1373 75 13 1377 2 10 1378 84 4 1381 46 29 1381 83 23 1385 55 3 1385 56 20 1389 49 12 1390 4 7 1392 95 0 1393 6 24 1397 36 17 1402 87 31 1406 34 17 1410 62 12 1416 40 17 1416 96 0 1425 81 14 1426 14 10 1428 34 19 1434 100 16 1435 26 7 1436 68 23 1439 17 24 1439 28 19 1441 43 3 1451 0 9 1451 96 31 1457 25 13 1462 25 5 1463 70 3 1468 70 0 1485 54 23 1485 97 27 1491 53 28 1492 0 10 1494 16 27 1494 62 12 1496 88 11 1502 51 22 1504 51 5 1510 62 24 1512 47 28 1515 48 7 1515 51 27 1517 44 24 1517 91 9 1520 63 22 1523 18 20 1534 17 16 1539 47 15 1544 27 3 1546 64 14 1549 58 2 1557 90 2 1560 4 9 1564 65 13 1565 95 17 1569 49 24 1574 75 21 1578 73 18 1580 53 27 1582 26 28 1582 77 28 1582 91 31 1583 60 6 1598 23 9 1598 26 24 1598 56 3 1599 43 22 1602 58 26 1604 99 8 1605 56 19 1608 36 15 1615 40 23 1615 54 11 1618 87 13 1619 44 27 1622 49 8 1622 62 15 1623 29 3 1628 87 7 1629 15 31 1636 32 13 1639 12 22 1643 65 5 1644 66 12 1648 93 6 1658 5 26 1661 75 6 1812 86 10 1813 63 10 1814 77 8 1814 82 13 1820 4 19 1824 48 10 1826 91 17 1829 69 14 1829 81 13 1830 42 25 1833 13 24 1834 88 23 1835 39 9 1842 78 1 1856 70 20 1859 10 8 1860 89 10 1862 10 13 1865 4 17 1865 8 14 1867 31 20 1870 13 4 1872 32 26 1876 12 10 1880 100 3 1882 2 23 1887 3 20 1888 9 13 1888 50 24 1892 47 7 1898 44 23 1899 87 15 1902 0 31 1910 97 17 1910 97 18 1914 89 27 1918 99 31 1922 59 4 1934 97 26 1936 31 12 1939 15 23 1942 61 21 1943 25 11 1952 39 6 1959 33 24 1962 71 18 1963 38 16 1972 61 22 1974 69 13 1975 16 7 1978 0 21 1981 48 20 1986 43 23 1987 96 19 1988 68 28 1990 32 26 1990 95 9 1993 62 1 1997 32 13 2002 38 28 2003 8 31 2004 52 21 2009 46 2 2012 61 12 2014 41 21 2020 14 21 2024 65 30 2034 38 13 2034 59 28 2035 11 6 2046 73 6 2046 90 11 2048 52 6 2054 46 10 2056 43 20 2056 46 24 2056 49 4 2065 4 24 2066 1 7 2066 30 22 2067 91 16 2073 19 22 2073 66 8 2080 23 17 2090 100 13 2092 6 23 2092 96 28 2093 67 13 2097 8 17 2114 41 16 2115 22 17 2119 4 14 2119 24 19 2122 57 20 2127 51 20 2127 66 27 2129 38 12 2129 83 1 2130 70 26 2135 74 7 2147 64 31 2147 88 2 2150 33 4 2150 68 16 2151 64 9 2151 71 5 2151 93 7 2159 33 14 2159 67 21 2160 81 28 2167 32 2 2168 8 13 2170 45 4 2174 5 21 2176 73 16 2179 11 5 2181 54 3 2187 27 25 2190 95 31 2191 46 15 2194 52 6 2198 65 26 2205 3 9 2211 22 4 2212 26 17 2213 61 4 2217 61 11 2221 50 12 2232 88 5 2237 78 4 2239 18 12 2248 19 3 2248 63 15 2251 96 26 2252 58 5 2253 55 12 2257 8 1 2260 34 12 2261 52 14 2262 100 27 2273 61 25 2282 39 12 2282 44 8 2285 21 13 2286 0 5 2288 8 25 2293 93 23 2294 27 15 2305 32 26 2305 47 21 2313 52 13 2314 45 20 2317 69 31 2320 6 13 2335 34 3 2335 64 7 2335 99 5 2340 73 1 2341 14 27 2343 46 29 2344 51 27 2352 60 31 2367 15 19 2369 56 13 2371 15 5 2378 38 11 2380 60 10 2381 31 19 2382 100 29 2384 43 31 2385 38 7 2385 78 6 2389 75 28 2399 63 21 2401 26 21 2404 54 2 2407 41 28 2409 12 12 2413 41 17 2417 37 16 2420 82 30 2421 4 12 2421 51 17 2425 41 27 2426 35 20 2426 54 3 2427 22 3 2429 89 15 2430 79 25 2431 53 28 2432 44 1 2440 91 13 2442 0 23 2442 21 4 2444 24 6 2446 6 18 2454 5 22 2457 80 4 2458 33 7 2463 81 9 2465 80 1 2470 27 27 2472 69 8 2474 91 29 2481 23 13 2483 30 26 2486 62 9 2490 10 20 2492 3 9 2501 74 19 2503 47 24 2503 87 4 2505 76 21 2508 31 0 2511 8 2 2512 7 11 2513 50 5 2516 12 1 2521 46 12 2522 24 9 2525 26 16 2527 1 25 2527 19 14 2527 30 22 2528 99 27 2531 95 15 2532 92 23 2536 67 3 2538 88 18 2542 28 11 2542 72 19 2549 60 7 2549 75 3 2550 7 18 2550 35 23 2555 49 11 2556 39 28 2556 63 7 2556 63 19 2557 19 18 2559 14 22 2566 10 2 2567 4 2 2568 9 10 2570 64 14 2572 74 23 2572 91 20 2578 6 28 2578 37 24 2580 84 3 2581 17 26 2585 42 8 2587 47 5 2591 1 0 2593 57 9 2605 11 25 2605 74 25 2607 7 20 2607 20 7 2616 30 12 2616 32 18 2616 43 17 2617 64 4 2618 58 7 2626 75 17 2630 44 16 2635 23 4 2636 59 16 2638 62 31 2639 4 30 2639 97 28 2641 68 28 2642 5 6 2644 17 6 2650 94 31 2654 28 5 2657 19 17 2659 29 29 2659 95 17 2660 2 15 2662 84 29 2670 92 27 2671 37 2 2673 32 5 2678 1 26 2679 6 14 2680 74 11 2695 81 4 2705 98 25 2708 33 16 2709 17 11 2712 54 1 2718 51 14 2721 45 28 2722 96 14 2729 20 10 2734 61 0 2736 27 2 2737 83 6 2745 49 5 2747 97 26 2749 9 5 2750 89 20 2762 47 28 2771 54 29 2775 49 28 2777 10 0 2777 33 14 2780 4 3 2781 45 18 2783 51 8 2786 63 7 2793 56 2 2794 97 30 2795 9 20 2796 17 9 2796 81 3 2797 5 8 2797 67 6 2803 32 12 2809 0 18 2811 40 1 2816 29 13 2829 46 5 2833 34 7 2837 91 3 2837 100 12 2839 92 18 2841 3 22 2841 33 3 2848 10 22 2849 62 27 2852 74 23 2853 20 18 2854 43 10 2854 73 29 2857 70 7 2858 96 12 2862 31 11 2862 48 21 2864 15 3 2864 38 0 2864 83 27 2874 30 19 2874 85 24 2878 7 0 2885 76 1 2886 42 10 2888 70 19 2893 33 6 2893 95 28 2894 98 26 2902 45 12 2906 89 14 2908 63 11 2909 54 14 2909 83 12 2919 59 7 2928 56 19 2930 97 0 2931 32 27 2935 97 16 2939 63 23 2941 9 25 2941 97 25 2942 61 2 2942 67 1 2948 11 23 2949 60 22 2950 18 15 2954 55 10 2957 57 8 2958 60 26 2960 13 8 2963 60 17 2964 20 15 2967 91 13 2970 52 14 2971 47 19 2975 37 26 2981 12 25 2982 27 20 2982 78 13 2985 58 17 2989 42 8 2996 37 16 3003 49 25 3005 58 16 3006 36 8 3007 52 28 3016 15 0 3016 68 29 3017 87 13 3022 27 21 3029 18 16 3032 88 4 3033 46 27 3036 91 30 3038 75 4 3040 88 5 3041 2 3 3044 91 23 3047 0 8 3050 6 15 3056 38 23 3065 25 28 3065 71 2 3066 87 26 3066 96 7 3071 7 6 3071 37 2 3075 75 25 3079 9 16 3088 98 14 3090 16 10 3099 51 25 3101 91 10 3102 6 16 3102 43 20 3108 68 13 3114 67 7 3123 52 2 3125 41 10 3129 73 4 3131 2 7 3132 39 25 3132 71 22 3134 93 30 3135 5 5 3137 43 30 3137 91 3 3142 62 18 3145 26 9 3146 22 8 3150 8 17 3153 91 12 3154 87 31 3159 84 29 3160 61 7 3161 96 14 3165 22 18 3170 37 29 3173 5 28 3173 45 26 3175 90 25 3175 100 21 3179 72 21 3185 44 21 3186 66 22 3188 17 25 3196 18 9 3196 52 24 3196 76 16 3203 70 20 3210 88 12 3212 31 20 3212 71 9 3215 31 11 3219 31 26 3219 87 12 3221 54 2 3223 3 26 3223 62 19 3227 66 12 3229 87 23 3236 6 7 3239 50 16 3240 94 9 3241 9 1 3244 94 28 3245 76 7 3255 31 16 3255 80 0 3257 78 17 3258 93 31 3259 0 3 3266 72 22 3270 51 19 3274 100 29 3277 7 14 3279 94 24 3280 34 25 3280 95 6 3283 11 20 3283 44 21 3285 24 29 3286 36 15 3292 82 14 3297 33 29 3300 57 23 3310 94 16 3314 30 7 3315 46 4 3316 53 15 3321 17 31 3323 45 29 3326 27 3 3332 48 19 3336 32 7 3336 80 8 3336 94 26 3337 2 18 3338 7 23 3341 5 24 3347 51 25 3348 40 12 3350 38 9 3351 71 2 3352 71 7 3353 93 16 3354 28 11 3355 7 23 3357 100 5 3363 21 8 3363 48 11 3369 71 18 3371 84 29 3373 35 14 3374 66 10 3376 83 15 3378 15 26 3383 81 10 3385 13 21 3386 36 22 3388 11 3 3388 53 29 3391 2 5 3393 44 8 3394 85 29 3398 93 0 3407 38 27
304 1033 0.0001 73 80 8 74 20 27 74 55 1 81 16 31 96 55 17 99 48 1 104 28 4 106 32 14 111 47 21 113 91 24 120 10 3 123 68 2 127 30 19 129 15 9 129 75 27 133 34 12 142 0 29 142 53 28 144 83 14 146 14 28 152 13 21 154 46 9 155 28 24 156 45 9 157 2 5 159 84 26 161 38 2 161 84 22 169 93 28 178 78 29 181 10 14 183 50 5 186 85 18 186 94 18 187 39 30 188 19 15 189 50 3 192 35 3 192 53 7 192 80 16 194 33 0 195 32 13 196 88 17 197 49 31 199 31 30 202 90 4 204 87 27 205 6 8 206 69 7 212 53 16 231 52 2 232 96 7 233 8 21 235 42 18 242 66 29 242 84 2 243 74 13 244 97 0 251 49 2 255 46 31 264 7 2 272 23 6 273 41 13 278 87 4 279 4 1 283 10 1 288 67 18 295 47 21 295 57 31 301 26 18 305 61 29 319 13 2 320 62 2 324 28 17 327 66 28 327 92 5 330 12 9 333 88 29 339 78 17 346 5 28 346 68 30 351 1 27 362 75 6 364 77 15 370 53 16 375 3 0 375 54 1 375 74 9 381 35 26 384 60 15 388 81 10 391 98 11 395 44 4 399 58 12 399 86 0 400 78 8 413 70 7 415 28 15 417 40 13 419 91 18 423 70 13 425 0 10 429 72 23 432 2 24 435 32 20 435 76 19 436 25 20 441 3 7 444 96 4 447 64 9 448 32 25 449 9 18 449 58 22 450 76 1 451 49 16 456 34 0 456 51 16 459 61 24 460 34 25 462 91 3 464 39 20 468 38 30 472 62 16 475 69 19 477 55 20 478 11 2 479 30 14 480 25 10 480 39 9 485 86 13 495 21 6 497 46 11 498 79 26 499 90 10 504 71 23 505 33 28 506 47 12 508 34 6 510 95 20 516 44 26 518 88 10 522 3 4 527 66 21 527 90 30 532 60 25 534 80 25 542 13 15 546 62 26 549 96 16 555 2 31 555 26 17 558 67 2 564 40 14 564 45 19 571 90 26 572 45 6 575 30 6 575 77 16 577 79 24 580 33 8 581 2 15 581 24 3 582 27 10 587 69 18 592 38 20 596 18 17 597 70 3 597 90 1 600 19 13 600 29 14 601 81 15 602 35 25 605 35 20 605 97 24 606 5 0 608 45 21 608 54 27 613 1 20 617 82 12 628 92 13 629 41 15 643 2 14 645 91 27 648 92 4 649 48 15 651 59 24 652 50 8 656 53 19 657 43 4 662 92 13 667 78 19 667 79 18 668 12 22 676 89 0 680 53 19 688 26 31 698 23 30 698 28 14 701 92 14 702 96 10 703 56 1 704 72 1 706 20 7 706 88 21 711 32 11 711 53 17 713 42 25 714 91 26 716 3 9 717 65 23 719 98 8 721 46 31 722 65 31 726 96 11 728 71 22 731 38 12 736 100 0 739 29 8 740 88 30 743 4 7 745 52 18 748 93 12 752 57 10 758 57 19 766 31 22 773 100 23 777 11 18 777 100 19 780 43 20 783 64 17 785 0 21 785 51 18 786 49 30 787 27 15 787 88 18 790 75 22 792 99 6 796 68 11 796 79 10 803 71 26 803 74 16 806 69 17 807 62 8 815 65 7 820 67 12 824 32 2 825 33 7 836 63 22 842 21 16 842 35 5 842 65 22 852 75 9 854 18 25 856 40 2 860 42 4 861 71 23 862 81 28 866 7 10 866 66 14 871 87 21 872 26 26 874 77 4 878 14 11 879 87 18 882 46 9 885 11 6 885 57 25 888 87 30 890 2 15 892 58 4 897 67 22 900 14 21 901 58 7 902 45 25 902 90 7 904 100 24 910 57 14 911 95 10 918 81 29 919 75 24 924 96 2 925 0 29 936 7 2 937 95 10 938 0 9 943 10 3 943 69 0 944 50 4 949 98 25 949 99 31 951 64 10 955 26 22 957 26 3 959 91 22 961 30 27 962 28 15 964 98 31 967 6 6 967 6 17 969 19 4 969 93 15 971 23 24 973 62 20 979 22 20 986 100 5 991 82 27 996 82 29 998 82 7 1002 95 27 1004 79 25 1009 35 23 1017 8 2 1020 47 18 1021 87 25 1028 28 23 1028 70 13 1030 59 21 1030 100 4 1032 16 12 1032 83 29 1036 34 26 1044 77 26 1046 74 16 1055 75 1 1058 8 22 1063 7 15 1069 15 14 1071 38 10 1072 80 29 1077 63 21 1078 82 31 1080 41 4 1085 22 31 1086 56 30 1086 93 6 1092 90 3 1094 54 1 1098 88 5 1100 2 0 1102 36 2 1104 10 19 1106 11 10 1106 47 26 1106 63 18 1107 48 28 1111 28 16 1115 32 6 1117 28 29 1123 51 27 1126 55 23 1128 81 28 1133 27 21 1139 49 14 1140 99 25 1142 67 12 1143 60 16 1144 73 31 1145 84 24 1146 39 16 1157 52 1 1157 78 24 1161 27 4 1163 48 19 1171 76 13 1178 25 10 1181 32 28 1181 43 19 1182 39 31 1184 9 24 1185 10 15 1186 83 30 1192 21 30 1195 2 29 1203 13 18 1203 56 27 1210 90 2 1216 23 17 1216 70 24 1218 63 7 1223 57 13 1223 65 0 1227 43 9 1227 52 6 1228 12 25 1229 87 19 1231 48 14 1232 0 21 1232 65 5 1233 48 16 1238 23 23 1239 76 29 1243 100 16 1244 17 6 1248 53 15 1251 51 15 1252 2 30 1253 77 7 1253 81 18 1263 23 16 1271 72 4 1274 33 6 1282 44 24 1283 78 3 1288 12 5 1308 20 8 1310 48 31 1311 70 23 1314 14 20 1322 15 0 1324 78 7 1325 97 19 1335 26 1 1345 3 31 1345 44 13 1347 32 15 1349 32 29 1350 23 1 1351 61 17 1355 42 25 1356 15 23 1361 34 25 1373 78 8 1377 7 8 1386 19 21 1398 99 18 1403 47 26 1405 55 8 1411 16 3 1411 46 12 1411 62 7 1415 88 0 1417 40 12 1418 100 8 1425 64 23 1427 17 5 1435 42 21 1436 57 30 1439 57 4 1441 25 25 1444 35 22 1446 77 19 1451 77 25 1451 87 24 1453 100 14 1455 41 30 1456 12 5 1456 75 7 1457 94 21 1460 18 4 1460 70 29 1462 44 13 1467 32 6 1471 6 18 1478 52 17 1482 13 23 1483 67 30 1486 96 27 1487 3 6 1490 5 29 1494 17 17 1497 18 12 1497 80 18 1502 18 22 1503 48 18 1516 93 26 1520 60 15 1521 62 31 1523 9 8 1524 87 26 1526 0 5 1530 78 1 1533 63 17 1535 2 9 1538 45 2 1540 43 18 1543 72 0 1544 9 11 1544 61 5 1545 76 1 1545 77 31 1547 17 28 1548 58 15 1549 81 19 1562 88 26 1563 48 10 1571 33 5 1571 76 9 1577 94 28 1578 24 12 1579 86 19 1580 64 8 1584 56 1 1584 84 1 1591 45 13 1591 79 0 1594 100 29 1595 12 5 1596 30 2 1598 11 17 1600 19 30 1602 4 22 1604 33 14 1607 25 12 1613 87 31 1615 12 27 1619 95 19 1625 59 31 1626 83 13 1633 67 25 1634 40 0 1641 15 26 1642 96 4 1644 64 24 1647 21 21 1648 32 4 1667 82 20 1668 42 29 1668 75 26 1668 81 28 1671 6 0 1808 22 15 1809 12 21 1813 81 9 1815 50 30 1815 58 17 1817 23 25 1817 43 9 1830 55 18 1832 62 23 1846 73 16 1849 86 5 1849 96 16 1850 84 4 1851 0 17 1854 67 24 1856 69 0 1857 88 14 1859 2 24 1866 1 27 1866 17 5 1869 74 28 1873 68 8 1876 74 23 1877 18 9 1879 11 13 1896 60 7 1897 18 23 1900 54 14 1903 52 18 1906 17 25 1912 14 5 1913 14 31 1917 0 31 1919 4 27 1920 89 27 1921 23 14 1924 46 18 1930 32 28 1932 50 1 1935 3 4 1935 52 16 1938 10 6 1943 64 1 1948 35 4 1951 0 31 1951 3 6 1951 63 1 1952 67 10 1967 25 17 1970 13 10 1972 72 17 1975 57 26 1976 78 26 1977 3 23 1978 18 31 1979 53 8 1981 2 24 1982 0 5 1983 67 25 1987 13 6 1997 26 13 2001 39 27 2002 64 5 2006 92 25 2011 97 24 2012 13 15 2022 76 0 2023 71 26 2028 19 5 2037 64 17 2043 55 9 2049 60 5 2050 12 31 2050 69 26 2056 27 4 2060 32 2 2072 10 9 2077 34 14 2085 45 19 2089 27 6 2089 94 6 2091 31 4 2091 37 12 2092 39 25 2095 88 7 2096 42 1 2096 92 7 2097 36 13 2097 54 29 2101 36 12 2104 17 7 2104 61 2 2105 89 1 2108 11 24 2111 39 25 2118 45 11 2127 99 31 2133 82 7 2136 3 5 2145 6 3 2145 14 19 2146 92 19 2146 98 5 2147 31 16 2147 73 26 2151 85 5 2154 17 4 2154 87 9 2155 21 3 2159 90 23 2163 32 13 2165 82 1 2168 40 21 2169 20 10 2169 29 21 2176 4 3 2176 62 14 2176 89 18 2176 100 18 2177 28 25 2179 73 9 2182 77 28 2183 23 20 2184 93 23 2189 24 12 2192 76 9 2193 22 29 2194 38 11 2196 1 1 2196 79 21 2200 79 18 2214 91 24 2215 30 27 2221 93 3 2227 30 12 2227 41 24 2229 7 31 2232 8 7 2233 48 12 2241 28 20 2247 74 31 2248 60 11 2251 70 6 2258 32 19 2263 44 24 2263 55 24 2272 21 11 2275 41 22 2281 90 1 2282 6 1 2284 25 31 2291 88 4 2292 40 0 2297 18 5 2297 83 17 2302 22 8 2304 54 12 2307 2 0 2308 13 23 2310 73 15 2310 77 5 2311 14 27 2316 82 0 2319 37 6 2320 64 26 2322 95 23 2323 77 25 2325 7 7 2329 55 15 2333 38 28 2350 0 11 2355 93 1 2357 10 23 2357 46 8 2360 77 24 2364 46 2 2368 21 5 2370 75 31 2371 38 10 2378 60 14 2381 30 17 2383 96 25 2389 1 6 2389 9 31 2390 30 21 2395 42 4 2395 100 17 2406 22 19 2409 71 4 2410 12 31 2411 14 29 2414 85 27 2421 72 20 2422 80 29 2423 77 13 2430 76 5 2435 47 15 2435 78 14 2441 60 22 2444 0 7 2447 48 21 2449 73 30 2451 35 30 2459 99 30 2463 62 8 2470 11 11 2470 30 8 2474 3 1 2487 34 19 2487 95 26 2491 91 29 2496 29 6 2498 2 16 2499 58 4 2500 58 5 2502 60 1 2503 23 27 2513 51 11 2517 44 16 2521 58 31 2524 62 16 2528 31 13 2529 26 6 2531 32 4 2532 14 16 2532 20 7 2538 49 17 2552 70 26 2556 22 2 2562 85 26 2565 60 20 2568 39 12 2578 87 19 2580 14 8 2581 71 24 2589 9 25 2595 7 9 2595 84 7 2602 46 30 2604 25 8 2606 45 30 2607 23 29 2608 0 5 2612 85 6 2619 81 7 2619 100 14 2621 4 3 2624 57 23 2624 58 25 2627 51 28 2628 45 13 2630 69 0 2633 92 23 2635 93 16 2638 72 4 2644 3 4 2649 94 16 2651 19 31 2652 56 27 2653 58 16 2667 34 14 2672 12 20 2674 94 10 2675 31 16 2675 58 7 2677 8 30 2692 6 10 2694 74 28 2696 67 5 2699 33 14 2704 55 12 2706 93 12 2706 95 25 2708 63 18 2712 11 1 2723 22 3 2723 99 26 2725 14 9 2730 21 21 2731 29 24 2733 96 7 2734 23 21 2738 60 16 2739 79 18 2743 60 16 2745 27 5 2753 62 8 2757 41 19 2758 18 4 2763 58 4 2764 46 19 2769 45 14 2769 76 19 2774 100 26 2778 90 13 2781 75 4 2795 61 19 2799 67 23 2802 45 14 2803 56 4 2806 64 6 2806 78 8 2808 52 30 2813 84 3 2814 73 30 2821 92 23 2822 93 19 2825 5 13 2830 54 27 2833 16 25 2834 43 5 2835 51 6 2838 90 24 2839 15 16 2839 73 28 2843 81 13 2846 19 11 2848 13 5 2848 29 16 2848 46 20 2849 23 0 2853 57 7 2855 26 31 2856 75 15 2861 56 19 2864 1 0 2872 70 22 2873 100 23 2876 60 24 2880 17 5 2884 51 31 2886 50 12 2887 94 16 2890 76 28 2891 41 8 2894 50 22 2895 1 17 2895 27 9 2896 85 16 2899 19 29 2903 48 15 2905 4 16 2906 19 19 2907 3 19 2908 0 30 2909 87 30 2914 13 26 2914 80 14 2916 35 6 2917 55 21 2922 79 14 2923 45 24 2925 78 28 2930 52 25 2931 31 14 2932 70 19 2933 78 2 2940 70 0 2942 42 29 2945 41 11 2949 13 28 2951 14 7 2952 77 20 2954 44 23 2954 92 21 2956 70 16 2971 100 3 2978 55 18 2979 50 12 2979 68 31 2980 10 25 2985 64 0 2990 8 21 2993 34 2 2994 41 8 2998 38 22 2999 44 11 2999 97 27 3001 46 6 3001 68 0 3018 38 8 3022 50 6 3023 22 3 3029 90 25 3031 43 10 3035 5 2 3038 25 12 3044 91 29 3047 82 26 3049 39 23 3057 95 30 3058 26 31 3060 24 9 3065 94 28 3066 4 21 3067 0 13 3070 2 2 3074 34 0 3081 67 31 3083 24 6 3083 58 29 3084 17 14 3084 88 24 3085 64 1 3089 36 3 3089 88 6 3092 14 16 3092 61 1 3096 79 24 3101 88 18 3103 30 31 3105 88 24 3107 28 6 3114 8 13 3114 28 23 3120 71 19 3121 76 0 3127 89 4 3131 22 12 3135 47 19 3140 80 11 3143 24 9 3143 47 11 3144 10 29 3146 38 7 3149 43 29 3151 31 13 3153 96 18 3155 80 26 3156 54 21 3159 66 8 3160 24 0 3162 13 29 3165 41 7 3166 60 28 3170 81 3 3171 86 1 3173 87 28 3174 25 30 3179 9 18 3182 19 20 3188 37 29 3192 42 12 3198 29 20 3205 11 10 3215 27 30 3217 46 7 3229 7 8 3234 21 3 3235 68 7 3237 34 9 3242 15 27 3242 24 27 3242 52 5 3248 72 19 3249 28 14 3250 63 29 3259 3 15 3270 43 27 3272 61 27 3275 2 14 3279 28 9 3279 77 7 3281 11 17 3281 39 27 3281 48 14 3282 34 9 3283 8 15 3285 46 22 3293 72 13 3294 16 26 3294 37 13 3296 24 4 3302 85 12 3303 98 29 3304 92 0 3308 54 27 3311 6 4 3311 13 30 3321 52 12 3323 49 18 3325 66 15 3325 89 21 3325 94 2 3332 73 14 3333 40 26 3345 11 26 3346 0 21 3346 50 31 3347 54 20 3347 86 3 3351 23 28 3352 67 0 3353 55 10 3355 54 31 3357 70 24 3359 43 3 3361 51 13 3362 73 8 3364 39 5 3370 59 10 3374 41 23 3374 76 19 3374 81 30 3377 3 6 3377 17 6 3382 38 7 3384 36 0 3392 72 12 3393 8 31 3393 17 31 3403 72 26 3404 23 27
305 1033 0.0001 74 49 25 75 93 25 78 59 31 78 84 8 84 51 28 92 43 4 92 84 2 93 25 22 99 89 18 101 56 6 103 28 25 103 37 19 104 75 0 112 1 0 126 63 5 128 3 3 139 34 3 140 51 0 143 38 14 148 8 23 152 1 3 154 71 15 155 96 21 160 75 11 167 9 23 170 4 7 172 44 10 173 23 13 181 72 20 193 97 5 195 59 14 197 12 26 199 70 15 202 62 30 202 67 9 212 89 18 218 56 22 220 14 5 232 39 13 232 45 1 232 86 16 245 27 28 254 30 20 255 32 8 255 41 9 255 91 11 255 96 4 259 94 14 259 96 1 264 50 10 265 66 14 266 8 6 272 51 27 272 96 5 279 40 3 291 52 11 292 21 11 297 65 1 301 63 28 303 93 22 305 63 22 308 78 5 314 25 17 319 9 3 322 23 5 326 83 12 330 62 5 330 64 18 332 24 1 332 64 11 334 15 0 334 85 31 337 26 31 338 27 30 346 1 29 350 51 0 350 77 11 355 43 27 360 39 11 363 69 0 363 92 15 365 59 5 368 8 30 370 6 24 377 58 26 389 11 1 391 58 1 403 11 23 404 16 2 417 75 0 424 49 14 424 58 27 426 24 16 432 75 16 433 83 22 433 97 27 445 29 22 445 97 27 446 85 30 452 47 11 455 85 22 456 16 29 456 35 31 458 49 27 460 17 9 461 63 6 461 99 21 462 83 3 465 48 9 467 89 8 471 68 25 473 22 26 475 21 1 476 7 31 479 26 16 480 14 22 486 58 1 487 27 10 487 98 14 489 11 0 490 97 16 492 12 8 492 88 4 493 9 1 497 34 31 498 2 5 505 78 30 512 15 19 515 74 28 515 85 30 517 10 18 517 64 7 520 13 11 522 80 15 532 76 27 534 17 14 537 44 6 539 47 31 540 54 0 542 35 1 542 60 13 543 80 27 547 24 5 547 66 28 551 57 20 556 73 2 563 65 30 565 23 10 566 72 28 568 89 12 569 7 24 572 85 15 574 14 24 579 59 19 579 92 5 581 38 30 583 86 26 584 45 28 584 46 20 586 24 2 587 84 31 597 37 13 601 59 8 604 48 17 609 67 9 611 13 30 625 62 21 629 81 23 631 41 20 633 15 27 634 70 26 638 15 6 638 60 8 643 9 15 644 10 3 645 1 30 649 82 1 650 38 6 658 22 24 664 51 17 671 12 17 671 36 10 680 47 24 680 75 22 680 89 22 681 33 6 681 99 1 682 41 15 688 99 25 692 57 11 692 100 25 699 60 24 699 66 11 703 4 23 705 31 16 709 100 30 711 36 22 714 62 26 715 86 19 719 59 15 719 81 10 720 10 4 725 23 30 732 75 27 733 84 3 735 85 3 738 46 6 741 37 31 741 43 16 748 61 25 752 91 15 757 30 22 758 99 21 762 77 23 766 17 30 770 71 9 772 61 8 778 47 4 788 93 29 790 29 5 791 41 0 797 28 30 801 26 5 803 20 25 804 1 18 811 18 27 811 34 11 815 5 6 819 33 25 820 53 31 833 23 8 835 96 7 843 77 21 851 79 30 851 80 4 853 66 18 856 18 7 860 93 22 867 88 19 868 25 4 870 95 4 881 13 22 884 65 20 893 1 29 895 10 16 895 47 1 903 26 17 904 60 31 907 84 21 909 72 27 912 84 11 913 58 11 921 79 26 924 90 5 924 91 17 928 0 31 930 89 23 932 31 30 935 91 11 935 94 31 937 98 6 944 32 1 946 72 31 949 96 3 950 44 20 956 35 22 957 45 24 959 49 6 963 15 23 964 53 29 969 13 1 969 88 21 972 32 22 974 80 29 975 38 23 977 36 6 977 99 31 980 34 20 984 7 16 985 25 10 985 48 4 989 68 4 994 0 10 996 79 24 1006 57 14 1009 66 6 1026 12 0 1027 94 1 1031 90 23 1032 75 2 1038 80 24 1044 1 26 1045 64 1 1046 68 22 1051 30 8 1052 0 18 1053 15 31 1053 79 19 1055 49 5 1055 67 24 1066 9 4 1067 33 21 1072 89 1 1074 39 23 1076 33 30 1081 70 18 1083 80 31 1087 78 2 1088 55 27 1089 83 0 1094 41 0 1098 84 11 1100 33 13 1101 63 31 1102 3 29 1104 23 27 1105 39 8 1105 53 2 1110 75 10 1110 77 27 1113 1 1 1121 84 5 1127 3 25 1131 41 7 1138 23 27 1140 39 17 1145 29 22 1145 79 12 1148 12 16 1148 89 28 1152 64 15 1152 91 18 1159 25 19 1164 55 17 1165 10 9 1167 33 19 1167 97 14 1170 2 18 1173 15 30 1177 79 28 1178 76 30 1179 26 19 1180 56 7 1185 77 10 1190 22 16 1192 41 0 1193 91 1 1194 15 17 1194 55 10 1196 78 13 1200 68 29 1201 32 30 1201 55 15 1207 36 26 1210 3 23 1210 100 21 1213 9 4 1216 17 14 1219 31 29 1220 27 30 1226 61 31 1228 96 30 1230 81 5 1230 85 15 1236 39 28 1236 70 9 1238 63 26 1240 59 9 1245 89 22 1250 60 10 1251 50 28 1259 73 25 1260 65 28 1271 87 29 1273 65 15 1274 8 29 1277 94 13 1277 100 20 1278 42 12 1286 36 15 1286 56 13 1291 16 13 1296 28 25 1297 31 19 1299 99 13 1306 10 18 1311 67 16 1316 23 9 1318 57 21 1323 45 31 1324 75 24 1326 32 17 1327 81 10 1331 7 19 1332 31 31 1332 70 22 1335 29 6 1340 58 9 1341 31 24 1342 50 8 1344 57 25 1345 84 20 1347 13 24 1347 62 1 1352 9 15 1357 0 0 1357 0 10 1358 19 20 1359 86 16 1371 6 18 1371 64 10 1374 23 3 1379 31 12 1381 37 0 1382 17 2 1382 67 11 1385 19 1 1387 35 13 1390 59 5 1391 70 15 1393 76 8 1398 46 10 1398 63 30 1403 39 12 1410 12 18 1410 73 7 1411 16 12 1418 95 31 1434 25 9 1439 64 25 1442 50 25 1442 98 30 1444 16 29 1453 77 12 1460 10 18 1460 29 2 1465 91 1 1469 19 16 1482 95 9 1483 48 1 1485 60 11 1495 41 24 1495 61 2 1496 70 18 1497 60 8 1497 71 29 1500 46 5 1501 77 23 1501 99 16 1506 69 9 1509 87 10 1511 97 8 1513 58 6 1514 98 3 1515 30 7 1516 42 19 1520 77 27 1521 32 19 1522 45 20 1534 41 10 1539 18 12 1542 9 24 1542 15 28 1544 4 1 1547 17 25 1547 46 4 1549 82 26 1549 92 14 1559 34 5 1560 31 26 1561 60 13 1562 13 21 1565 46 2 1569 8 25 1576 96 2 1576 96 5 1577 48 3 1591 92 7 1592 11 25 1595 19 9 1597 32 13 1599 91 11 1603 77 25 1605 77 12 1606 77 5 1607 85 21 1609 69 2 1612 25 2 1614 80 5 1616 35 3 1618 23 20 1623 56 7 1627 56 16 1632 94 17 1638 10 28 1643 62 16 1646 9 6 1648 39 0 1651 31 29 1662 97 23 1664 80 29 1666 6 0 1667 52 18 1669 2 7 1669 63 20 1669 81 8 1671 32 18 1671 85 0 1813 74 8 1816 9 24 1818 14 27 1822 98 6 1829 78 28 1831 10 2 1833 43 19 1834 21 29 1834 100 19 1842 76 30 1844 39 29 1848 16 29 1852 62 25 1856 5 17 1856 61 21 1857 99 17 1860 13 28 1860 89 10 1861 13 26 1863 12 26 1865 19 18 1865 96 25 1868 98 6 1874 92 28 1876 52 23 1878 49 9 1884 47 13 1885 22 18 1891 45 5 1895 43 16 1900 30 28 1906 66 19 1907 75 4 1909 82 16 1909 97 29 1921 63 17 1921 99 6 1922 7 4 1922 55 23 1923 81 3 1923 97 19 1927 65 28 1931 4 5 1933 89 5 1934 16 27 1934 67 1 1939 97 1 1942 80 7 1943 26 0 1944 58 17 1945 91 25 1947 70 24 1949 18 7 1962 14 17 1982 78 25 1983 79 6 1989 15 9 1991 5 16 1995 6 25 1996 51 15 2007 27 26 2007 60 28 2008 39 25 2021 51 31 2023 39 30 2024 33 0 2030 90 0 2034 6 12 2034 8 21 2034 64 19 2035 68 23 2036 1 23 2039 81 15 2039 97 8 2040 83 30 2044 23 16 2045 79 14 2045 95 28 2049 70 28 2050 8 22 2050 13 31 2050 38 25 2050 80 10 2054 50 3 2055 49 27 2062 29 23 2066 62 31 2067 16 4 2069 49 24 2069 86 23 2072 34 8 2075 13 30 2076 4 3 2076 66 14 2077 99 3 2084 36 28 2090 81 15 2092 8 2 2100 14 13 2104 95 8 2107 31 7 2108 98 7 2114 56 25 2122 87 9 2123 1 15 2123 76 16 2124 28 23 2124 79 5 2126 20 17 2129 30 16 2131 92 4 2133 43 14 2134 63 18 2135 92 8 2137 78 4 2139 22 10 2140 16 13 2143 36 13 2143 81 26 2146 40 26 2147 48 19 2156 76 7 2157 4 9 2161 86 25 2163 17 27 2164 21 5 2164 78 20 2166 12 13 2172 61 29 2178 38 18 2184 11 1 2188 76 18 2188 93 22 2189 8 4 2192 59 22 2193 72 21 2204 89 4 2205 50 27 2209 45 18 2209 62 26 2215 68 22 2216 65 19 2216 94 2 2219 8 19 2220 21 22 2221 27 12 2222 69 19 2223 15 20 2227 87 10 2227 97 21 2230 27 16 2231 76 14 2235 57 25 2236 42 2 2237 9 28 2237 10 15 2239 17 0 2244 37 31 2245 18 25 2249 7 10 2252 69 3 2253 72 20 2255 36 15 2266 25 6 2272 46 31 2273 78 4 2276 0 23 2276 90 11 2287 98 17 2288 77 17 2289 3 10 2290 88 9 2303 29 4 2306 16 5 2310 10 19 2311 55 13 2311 78 10 2312 40 8 2312 45 4 2315 23 18 2316 43 22 2318 71 13 2333 92 6 2334 74 11 2340 51 24 2341 26 14 2346 89 7 2348 48 11 2357 90 27 2363 38 17 2367 55 25 2370 35 0 2370 66 6 2371 14 27 2371 38 8 2375 27 0 2377 99 14 2379 25 19 2379 37 14 2384 88 24 2385 97 7 2388 30 26 2393 1 15 2395 90 26 2396 15 28 2398 31 14 2399 62 5 2401 46 18 2403 50 13 2404 32 28 2417 55 15 2418 57 18 2427 37 5 2436 6 28 2443 71 5 2444 27 5 2449 34 20 2453 27 30 2457 98 23 2459 79 12 2462 8 14 2464 70 22 2469 6 11 2481 74 0 2491 73 23 2493 48 2 2496 1 13 2496 95 15 2499 64 19 2501 0 3 2503 63 13 2506 99 20 2509 46 30 2514 74 23 2519 76 30 2529 54 21 2529 95 28 2530 62 11 2534 7 17 2537 62 15 2540 66 9 2547 0 14 2547 82 8 2548 38 14 2559 3 3 2559 24 16 2562 86 26 2564 87 10 2565 51 19 2565 57 25 2566 35 31 2571 25 10 2571 97 6 2572 98 30 2575 86 25 2576 83 11 2580 87 10 2580 98 3 2581 22 9 2588 49 8 2588 62 19 2588 62 23 2589 49 31 2591 48 24 2595 2 7 2595 45 10 2601 27 11 2601 67 17 2602 10 18 2603 64 3 2606 90 9 2610 51 27 2614 33 0 2615 92 10 2616 22 13 2617 13 19 2617 83 14 2619 67 21 2624 71 24 2624 100 17 2625 32 17 2627 23 23 2629 90 16 2630 85 19 2642 75 2 2648 76 6 2651 94 2 2655 32 25 2657 5 5 2668 29 19 2672 2 27 2674 53 18 2674 72 5 2675 59 31 2677 5 28 2682 12 25 2683 82 17 2689 97 29 2691 20 23 2693 73 31 2698 49 29 2699 48 26 2702 9 3 2704 99 30 2705 80 13 2712 48 29 2717 51 0 2718 24 27 2723 47 20 2725 65 16 2727 9 23 2734 60 11 2735 12 20 2737 52 19 2739 21 30 2742 10 11 2742 54 16 2744 2 26 2745 79 6 2747 64 28 2750 80 20 2753 80 0 2756 21 27 2757 70 3 2762 63 3 2763 43 16 2764 87 7 2769 48 0 2770 75 16 2773 63 23 2774 88 30 2776 3 31 2778 23 30 2778 43 2 2782 55 10 2783 59 10 2785 55 1 2789 92 5 2791 9 0 2797 14 7 2804 37 2 2807 82 4 2808 19 24 2808 32 4 2809 45 4 2809 65 3 2811 45 20 2813 72 22 2819 21 8 2820 4 17 2824 28 17 2826 15 13 2826 79 10 2832 8 7 2841 69 31 2841 93 27 2844 89 0 2845 17 26 2846 64 1 2861 61 26 2870 61 18 2871 77 13 2872 33 21 2878 69 6 2880 65 28 2886 12 30 2892 96 16 2893 94 13 2893 95 16 2900 15 15 2904 90 30 2905 91 10 2906 43 23 2910 16 4 2913 79 17 2919 20 23 2924 18 31 2934 52 4 2935 18 13 2937 96 18 2939 88 19 2940 16 5 2951 11 12 2951 17 21 2951 48 7 2958 59 15 2959 62 26 2960 26 5 2963 96 7 2964 43 31 2965 23 7 2965 86 26 2967 3 31 2968 39 6 2970 24 8 2970 82 28 2974 72 24 2975 75 31 2980 36 17 2990 40 1 2993 69 29 2993 84 18 2996 68 26 3031 30 9 3031 70 7 3034 83 29 3040 70 4 3041 65 25 3043 29 18 3045 4 15 3055 81 7 3058 63 7 3061 79 23 3062 49 6 3062 61 28 3065 47 22 3079 82 12 3081 45 1 3084 42 21 3085 86 12 3087 31 18 3090 16 5 3091 1 8 3098 8 15 3104 0 5 3105 7 12 3110 35 6 3111 67 21 3112 85 2 3115 7 6 3117 14 21 3118 64 0 3121 12 1 3121 100 15 3122 45 4 3126 26 6 3135 1 24 3136 71 23 3139 81 1 3149 5 5 3149 53 20 3153 0 1 3159 74 22 3162 67 8 3169 66 26 3172 37 16 3175 75 19 3176 53 2 3180 45 29 3184 13 2 3184 78 13 3192 49 5 3194 25 24 3195 17 5 3196 7 27 3198 21 5 3199 75 7 3200 96 2 3204 53 20 3207 96 25 3211 33 18 3212 57 26 3220 50 30 3221 12 18 3221 93 29 3222 33 16 3223 62 6 3228 67 9 3229 79 18 3231 33 17 3245 66 23 3247 29 16 3248 88 3 3249 19 16 3250 75 7 3253 27 1 3253 30 30 3254 38 13 3256 96 20 3259 28 21 3260 64 26 3267 20 1 3268 86 2 3274 10 14 3278 6 21 3283 74 1 3284 85 27 3290 50 2 3293 89 14 3297 26 24 3303 75 12 3308 22 14 3308 22 23 3310 5 7 3314 53 12 3318 21 20 3321 35 25 3325 12 24 3335 71 7 3341 13 12 3342 68 30 3344 20 14 3344 44 24 3347 58 8 3348 29 30 3350 13 31 3351 89 26 3353 32 29 3358 62 22 3361 5 28 3362 77 31 3373 58 22 3377 58 14 3380 18 22 3385 31 19 3386 62 27 3389 55 0 3390 98 8 3392 86 20 3394 37 11 3395 6 15 3395 82 6 3397 64 0 3397 81 11 3405 19 7
306 1033 0.0001 76 75 10 83 10 24 88 41 25 90 63 9 92 58 19 93 35 20 100 7 30 105 43 4 109 1 26 111 96 10 112 29 25 119 15 15 122 55 7 122 67 29 125 64 19 130 92 26 135 31 18 138 7 6 138 48 11 141 20 15 141 24 2 142 14 12 143 5 9 145 84 9 147 63 20 155 75 15 156 17 18 158 8 21 162 37 12 171 36 1 174 80 2 178 56 7 183 65 27 187 36 29 195 20 2 196 37 29 204 0 11 206 64 0 207 96 11 216 90 27 225 42 1 225 47 12 227 11 9 227 36 19 229 45 23 230 30 14 231 10 10 232 35 0 235 89 29 236 52 12 240 58 15 243 31 30 246 95 30 259 92 2 261 5 24 261 92 11 264 85 16 270 62 12 272 15 5 277 36 16 282 21 23 293 44 25 294 0 10 295 4 25 295 29 9 302 19 13 310 85 6 312 46 2 314 59 15 314 99 11 316 74 10 322 6 6 326 95 23 330 86 19 335 0 24 341 67 26 350 46 22 351 25 24 353 60 6 355 48 6 357 27 23 362 54 30 363 38 26 369 89 24 371 64 9 373 5 16 373 73 30 374 44 5 379 91 31 383 57 31 387 88 29 392 81 12 396 75 19 396 79 12 397 81 23 410 97 28 411 8 11 413 15 22 413 53 21 424 74 29 432 17 2 432 94 20 434 3 15 435 9 19 441 94 30 446 73 23 448 97 2 451 44 5 453 46 11 459 57 21 461 15 21 463 41 5 463 41 21 466 23 2 475 3 2 481 61 10 482 92 7 489 53 9 491 53 23 495 31 19 495 83 31 495 88 22 501 58 31 505 64 2 515 12 25 516 68 23 519 59 8 520 11 21 520 80 5 523 96 19 525 6 29 529 27 9 537 19 30 539 37 0 539 47 0 545 79 5 548 98 18 550 10 25 552 56 0 554 32 26 555 84 30 555 95 20 564 33 22 567 30 20 567 48 2 574 59 19 576 36 2 580 76 5 582 10 2 584 71 10 584 78 3 593 46 7 598 84 12 604 36 5 605 85 14 610 66 29 612 60 10 616 30 9 622 23 17 623 82 26 626 100 7 629 71 25 632 38 16 632 94 23 639 11 10 640 2 29 646 9 22 647 6 11 650 80 27 652 89 3 655 7 2 662 11 3 663 70 14 665 23 31 667 48 21 683 5 23 688 19 26 696 30 5 705 19 20 705 33 4 709 38 12 714 43 4 716 3 22 723 2 2 724 17 13 724 45 0 725 97 19 728 40 8 729 36 21 729 94 19 735 80 0 742 32 15 742 60 23 742 92 2 749 84 16 754 23 16 754 34 8 755 16 25 757 46 7 759 96 0 763 98 20 773 60 27 778 60 26 778 79 0 781 77 30 782 99 27 784 8 24 786 46 30 787 71 1 789 20 26 789 43 24 791 85 1 793 42 16 794 14 28 797 36 0 799 20 26 799 61 22 800 15 0 801 10 22 808 10 24 808 75 31 810 86 30 815 7 22 817 79 1 820 40 19 826 96 28 836 60 22 838 40 9 839 63 2 844 5 16 847 62 19 849 4 13 853 20 19 853 44 18 855 26 18 859 94 20 862 95 27 863 1 19 863 96 27 864 21 1 866 98 29 871 53 18 874 81 16 875 71 9 884 36 12 885 49 21 885 78 13 886 52 30 892 20 6 892 25 10 896 48 1 899 76 29 900 0 3 900 12 1 907 19 18 908 99 10 909 77 24 910 52 2 910 73 7 911 19 24 912 25 17 918 73 13 922 41 16 926 54 13 930 73 4 934 36 25 935 50 24 938 31 20 943 65 31 944 13 13 945 82 25 947 5 26 955 38 7 960 22 18 962 68 29 966 29 2 966 49 1 969 42 8 970 31 22 975 44 27 975 57 5 978 67 6 984 49 4 987 4 13 988 24 27 992 3 4 992 98 1 999 49 3 1006 28 23 1006 99 20 1008 53 21 1009 40 4 1014 93 12 1020 20 21 1040 0 25 1040 42 31 1041 37 29 1041 84 29 1044 55 22 1046 53 8 1048 48 7 1051 54 25 1053 18 19 1055 11 28 1055 81 3 1058 53 14 1059 18 23 1067 82 0 1068 10 6 1069 42 6 1069 77 31 1073 29 8 1076 59 1 1077 26 26 1089 89 8 1090 22 14 1093 72 7 1101 29 17 1102 14 17 1104 6 4 1105 59 20 1109 48 12 1111 92 10 1114 18 2 1118 32 26 1119 79 1 1121 8 15 1126 89 23 1127 24 24 1130 70 0 1131 68 27 1132 34 14 1135 41 2 1135 49 13 1138 35 11 1140 46 5 1140 88 14 1151 16 1 1158 73 20 1159 28 7 1161 43 28 1162 59 17 1164 7 29 1167 98 13 1169 20 4 1170 11 11 1175 1 31 1175 66 29 1177 6 8 1181 89 24 1182 97 30 1183 76 1 1186 46 13 1200 68 10 1205 47 30 1209 16 11 1210 3 8 1217 26 11 1220 4 15 1221 79 18 1222 72 0 1223 31 14 1226 17 15 1228 26 30 1229 74 17 1230 12 30 1232 84 15 1238 54 6 1246 3 21 1248 5 27 1248 22 9 1249 68 4 1254 18 16 1257 37 25 1263 8 11 1266 21 0 1269 22 10 1269 24 15 1269 31 21 1278 25 22 1279 32 2 1279 86 1 1284 92 16 1285 76 31 1285 98 30 1287 27 18 1288 72 10 1293 30 21 1294 73 14 1295 2 30 1296 76 31 1300 37 7 1300 82 26 1301 37 24 1301 67 4 1303 43 14 1305 23 20 1307 59 15 1307 63 15 1310 9 26 1312 9 13 1315 75 20 1320 37 3 1326 54 4 1334 68 22 1340 0 8 1340 74 28 1345 0 22 1345 78 29 1345 100 17 1348 59 0 1349 73 7 1350 8 8 1355 74 5 1355 95 12 1357 10 0 1363 74 11 1367 71 11 1369 72 13 1374 84 20 1377 56 17 1381 30 25 1391 90 10 1398 92 23 1399 51 23 1399 62 11 1401 41 10 1411 56 23 1417 0 19 1419 66 25 1423 7 11 1423 43 26 1423 79 31 1426 23 6 1428 50 28 1428 77 11 1428 94 2 1430 42 26 1435 24 22 1438 22 15 1439 89 27 1441 26 23 1445 3 14 1446 84 0 1449 33 28 1450 53 5 1462 70 29 1462 83 24 1464 91 31 1465 3 8 1465 24 23 1467 18 3 1473 57 23 1479 68 24 1482 40 8 1483 82 28 1487 95 9 1488 50 5 1490 45 14 1490 91 18 1497 2 26 1498 22 2 1501 84 5 1502 45 22 1504 11 25 1514 81 9 1516 27 25 1517 4 8 1524 39 3 1525 26 2 1530 82 23 1531 57 9 1534 80 13 1543 50 0 1544 0 6 1558 79 2 1561 57 12 1568 81 13 1569 97 12 1572 3 26 1573 68 4 1574 10 17 1575 27 9 1577 86 29 1583 56 24 1583 69 4 1584 9 10 1586 46 4 1588 64 29 1590 74 18 1590 93 5 1591 50 29 1597 3 19 1597 63 21 1611 81 24 1614 75 31 1616 30 19 1620 3 14 1620 82 16 1622 23 23 1625 40 19 1626 92 0 1628 15 10 1628 72 11 1637 9 2 1641 10 10 1644 6 17 1659 42 9 1669 96 20 1808 42 30 1809 59 17 1811 67 28 1815 68 28 1817 15 28 1822 7 24 1822 13 22 1822 49 23 1823 14 10 1823 30 7 1824 24 23 1824 54 28 1831 100 30 1841 2 6 1841 7 3 1846 87 7 1847 80 15 1851 11 11 1853 57 15 1855 61 1 1856 5 31 1857 40 15 1858 98 29 1860 48 0 1872 10 12 1872 13 7 1872 29 25 1873 14 19 1875 8 1 1875 58 8 1875 88 31 1879 96 10 1892 93 14 1893 64 28 1900 63 3 1903 85 0 1919 13 30 1919 56 21 1923 22 11 1927 13 20 1928 23 3 1931 23 13 1931 32 7 1932 88 6 1932 99 23 1934 89 31 1936 86 27 1956 24 29 1956 34 23 1957 61 9 1959 20 2 1962 38 14 1964 65 21 1968 77 4 1968 81 4 1969 76 20 1972 42 26 1973 50 20 1975 96 30 1977 95 24 1978 7 15 1984 71 3 1989 56 11 1989 80 14 1995 14 17 1995 70 16 1998 51 15 1999 19 26 2003 79 9 2004 1 17 2008 88 1 2009 18 19 2019 78 14 2036 64 18 2038 79 7 2039 80 17 2042 88 10 2044 94 14 2048 0 10 2053 78 31 2055 8 17 2059 33 31 2060 70 2 2064 10 6 2064 95 29 2066 67 20 2069 24 9 2070 10 3 2070 34 13 2077 4 17 2077 70 8 2078 57 19 2078 77 18 2080 26 6 2083 21 23 2083 52 22 2090 37 20 2090 39 14 2093 30 4 2095 56 2 2096 55 15 2097 53 30 2110 49 21 2114 6 31 2114 63 16 2117 14 22 2121 66 10 2132 24 3 2137 96 18 2138 1 8 2141 27 6 2144 15 14 2150 34 7 2151 30 19 2152 29 29 2159 38 8 2160 24 22 2160 27 29 2163 11 7 2163 76 24 2163 86 2 2166 17 13 2171 57 27 2172 68 22 2172 74 24 2174 97 5 2175 68 8 2190 50 1 2193 58 6 2194 24 23 2202 52 16 2204 66 17 2211 92 20 2221 5 8 2222 73 20 2224 84 24 2227 23 6 2230 52 11 2235 14 23 2236 14 14 2243 3 25 2249 72 16 2251 30 7 2254 38 26 2256 82 9 2271 98 17 2273 18 19 2276 43 30 2277 45 16 2280 81 16 2284 25 8 2286 96 9 2288 5 18 2288 52 23 2288 93 26 2290 7 9 2291 69 5 2296 17 12 2299 88 23 2302 85 30 2305 48 4 2316 87 16 2317 18 24 2321 39 10 2321 40 23 2324 18 4 2325 4 9 2328 31 11 2329 47 4 2332 64 11 2334 4 17 2338 15 3 2340 76 23 2344 73 3 2346 81 30 2349 28 30 2354 17 20 2354 24 8 2357 51 29 2357 70 5 2359 99 8 2363 91 16 2365 5 29 2366 60 29 2367 44 6 2367 61 8 2370 20 15 2373 73 11 2382 12 20 2383 78 15 2384 46 23 2387 79 15 2393 84 9 2396 19 24 2398 21 12 2398 25 28 2401 74 3 2406 91 29 2408 82 2 2408 87 23 2413 34 10 2415 12 16 2415 24 10 2418 33 21 2418 73 24 2419 33 10 2422 45 5 2426 58 30 2428 23 10 2438 15 20 2442 2 1 2445 37 13 2446 49 11 2459 46 12 2463 69 6 2465 14 17 2470 5 19 2471 49 25 2472 85 3 2474 37 12 2476 60 2 2480 29 19 2480 75 30 2483 38 23 2487 87 12 2491 23 10 2491 35 16 2495 4 6 2499 27 17 2499 40 30 2501 49 23 2503 100 6 2504 33 5 2508 55 15 2509 52 26 2509 99 29 2510 40 12 2512 82 24 2518 62 11 2519 92 26 2523 70 10 2526 12 10 2526 51 1 2526 75 28 2527 97 6 2537 9 5 2539 35 23 2541 62 31 2542 80 6 2543 24 3 2544 1 25 2544 34 8 2547 49 17 2549 14 10 2550 10 15 2550 72 9 2556 90 4 2557 57 24 2563 56 4 2566 98 12 2567 63 5 2568 17 13 2568 30 17 2570 31 6 2590 19 18 2591 1 22 2603 1 30 2612 2 30 2616 80 5 2622 52 30 2627 85 28 2632 18 9 2632 98 21 2635 95 2 2644 90 21 2646 67 26 2647 5 18 2649 55 10 2652 77 10 2659 29 17 2665 8 16 2672 69 20 2676 62 20 2679 30 30 2692 44 24 2692 54 30 2694 17 0 2695 25 12 2697 92 1 2700 79 20 2702 27 7 2702 59 9 2703 16 26 2704 69 15 2706 38 28 2706 61 25 2708 47 5 2711 27 16 2722 25 8 2722 52 0 2723 44 24 2724 94 8 2725 71 14 2725 89 25 2726 94 19 2731 89 31 2736 75 0 2738 86 19 2739 42 1 2739 80 16 2740 34 22 2740 47 18 2747 70 3 2748 44 28 2748 61 29 2749 1 26 2753 37 14 2761 75 27 2769 59 18 2770 20 5 2773 21 8 2775 98 14 2776 46 1 2778 18 10 2778 81 29 2790 15 12 2794 80 15 2795 97 5 2797 81 21 2798 51 25 2802 40 7 2802 70 17 2807 87 0 2809 12 14 2812 99 15 2814 13 17 2816 74 26 2824 2 12 2825 93 16 2832 29 21 2832 76 1 2835 16 19 2844 66 31 2847 20 0 2848 31 9 2854 98 24 2857 47 4 2858 65 12 2875 2 1 2882 34 2 2883 79 5 2884 68 14 2888 61 16 2898 79 21 2906 46 17 2910 3 0 2912 40 18 2924 85 30 2926 29 0 2928 14 18 2931 23 7 2939 40 29 2942 47 13 2943 49 26 2943 60 31 2954 18 10 2955 75 16 2968 41 28 2968 84 2 2969 16 30 2982 71 19 2983 48 9 2984 75 7 2987 17 12 2994 41 9 2995 22 5 2996 72 22 2999 55 14 3003 24 27 3007 18 30 3010 9 29 3013 46 5 3015 34 28 3019 57 28 3020 49 13 3022 65 15 3027 69 27 3028 76 20 3034 31 28 3046 12 15 3050 46 10 3050 63 16 3052 11 20 3054 19 16 3055 27 5 3058 65 22 3059 34 10 3062 67 17 3063 69 16 3064 26 29 3066 29 3 3066 44 0 3067 96 19 3068 85 13 3071 13 24 3074 55 18 3075 61 7 3082 39 19 3087 30 15 3088 16 10 3092 41 12 3099 41 23 3102 1 26 3107 53 16 3110 58 8 3117 29 21 3118 7 13 3118 36 9 3120 100 15 3123 9 4 3125 59 18 3128 91 4 3129 4 13 3132 15 1 3133 68 1 3133 100 19 3136 49 1 3136 59 4 3140 87 16 3142 48 29 3142 100 30 3144 30 20 3144 44 30 3157 99 11 3159 53 12 3160 37 18 3161 20 30 3165 23 18 3166 3 31 3170 17 6 3170 68 14 3177 6 20 3180 80 23 3181 11 27 3183 92 24 3185 1 19 3185 9 16 3185 23 30 3185 48 29 3186 9 7 3188 23 23 3194 21 28 3195 79 15 3201 22 15 3206 79 26 3207 50 11 3209 2 5 3213 41 24 3215 49 22 3223 56 17 3228 17 8 3229 10 26 3233 28 26 3235 82 0 3238 16 21 3238 50 2 3238 79 1 3247 70 26 3253 95 28 3266 35 4 3266 55 15 3269 2 26 3273 94 9 3274 10 24 3277 49 8 3279 89 18 3281 73 31 3282 38 5 3282 39 31 3282 46 2 3282 56 27 3284 56 19 3285 70 13 3288 20 1 3291 9 6 3293 12 25 3298 39 7 3301 37 2 3302 86 3 3305 11 21 3305 48 15 3306 12 15 3310 45 10 3310 93 31 3311 28 7 3314 93 13 3316 94 7 3325 16 21 3325 22 14 3328 39 26 3328 48 30 3330 42 0 3332 22 9 3334 73 17 3337 31 21 3341 100 31 3346 100 1 3352 0 17 3352 8 10 3352 43 17 3358 92 15 3360 36 20 3369 53 2 3372 10 4 3372 16 17 3377 55 26 3381 69 9 3384 92 12 3390 38 19 3390 94 15 3394 96 2 3396 79 14 3402 61 14 3405 2 23
307 1033 0.0001 73 70 10 76 46 13 78 85 23 79 18 29 88 75 7 89 68 26 90 27 20 97 89 26 109 52 24 112 91 13 113 30 20 113 69 23 120 7 10 122 58 8 124 73 29 125 5 8 130 43 30 135 83 19 136 62 28 137 98 24 138 89 8 144 59 1 148 65 15 150 20 30 151 66 20 154 70 4 155 47 12 156 63 10 158 71 5 160 69 9 167 3 25 180 94 6 182 35 2 186 24 14 187 75 3 194 47 17 196 16 27 197 7 31 204 34 7 211 95 28 212 13 30 216 27 1 216 96 4 224 81 13 226 59 16 230 89 2 231 23 19 231 25 1 240 16 10 241 4 20 244 41 28 244 95 22 250 61 20 252 43 10 260 13 3 261 46 5 267 17 18 272 43 23 273 31 6 277 3 5 277 12 20 280 14 1 280 37 2 281 38 10 283 61 6 284 21 19 288 3 3 291 43 6 293 78 13 296 58 7 297 15 13 302 39 11 302 59 15 304 52 2 310 32 16 310 64 5 312 8 2 314 28 19 316 52 2 317 77 12 325 65 5 330 50 19 330 56 13 330 70 4 331 16 10 331 19 0 333 47 2 336 58 12 338 29 23 348 19 20 349 19 22 354 36 5 354 72 13 355 10 27 357 3 12 357 15 29 358 97 28 359 76 22 360 43 15 362 25 18 362 44 24 364 82 24 374 8 7 375 99 28 376 48 16 377 32 4 380 50 28 380 78 5 381 35 24 382 72 9 383 44 14 389 21 19 392 17 10 392 27 26 396 6 27 397 22 20 398 30 14 400 26 17 402 91 5 408 55 21 409 78 16 413 53 23 419 96 19 427 42 20 427 64 22 429 83 5 430 28 10 441 61 31 447 43 23 449 55 29 450 77 4 451 7 29 471 11 22 471 43 4 483 61 15 485 0 17 485 36 7 486 1 14 486 34 15 488 42 31 488 89 23 492 46 12 498 43 19 498 61 12 499 60 4 499 74 3 500 3 8 505 21 2 507 100 13 515 65 7 522 37 26 522 69 27 524 74 9 528 14 0 532 32 25 537 37 0 539 26 9 541 40 5 541 86 23 541 100 15 544 28 31 545 27 1 545 38 11 548 51 18 549 39 23 553 35 6 553 51 9 556 55 6 556 98 24 558 51 27 559 75 6 559 100 30 564 94 31 575 26 1 575 51 22 575 88 22 580 18 16 583 37 17 583 61 9 589 11 0 597 34 10 602 87 5 602 95 12 603 33 22 603 39 23 603 59 27 604 60 26 605 14 9 605 47 23 613 30 13 616 22 7 617 73 0 617 91 6 621 41 15 623 8 25 627 91 7 631 17 28 632 30 22 635 67 5 635 70 23 639 98 20 641 65 2 645 60 10 646 49 18 651 34 19 660 87 16 663 8 18 663 51 16 669 44 27 677 3 4 682 3 18 687 94 6 689 2 0 691 65 25 694 28 11 703 29 25 703 35 24 707 42 1 712 97 20 716 61 23 722 23 24 724 35 14 725 31 4 725 83 11 730 74 0 731 33 14 734 68 18 738 8 12 741 65 2 746 3 22 746 37 14 749 52 17 749 65 29 757 73 10 761 97 15 763 39 11 764 89 18 765 39 14 767 94 26 770 66 8 775 22 4 776 7 6 777 48 24 780 21 31 781 60 2 785 9 14 787 85 2 798 47 17 799 35 7 799 35 12 799 47 5 805 90 5 817 47 28 822 36 22 823 19 21 823 71 16 824 28 8 824 64 29 835 8 12 838 96 11 839 68 1 840 74 24 841 61 21 847 78 12 853 83 10 857 83 12 860 62 13 860 81 28 864 95 6 867 31 27 868 24 15 877 99 1 881 10 10 882 49 13 882 82 22 885 14 4 888 47 4 889 26 30 890 13 20 892 18 19 898 10 29 905 34 16 905 58 11 908 42 1 909 60 26 910 33 28 910 66 2 919 99 27 924 29 15 925 55 23 926 33 6 926 33 27 935 73 12 939 38 16 947 96 30 951 87 2 954 57 16 961 34 25 968 26 12 969 97 17 970 58 28 972 33 18 972 94 2 974 51 16 983 44 16 985 3 21 986 0 21 987 0 21 993 41 6 993 78 6 999 31 30 1004 30 14 1008 93 3 1011 79 2 1012 9 7 1016 72 3 1020 84 14 1024 69 3 1025 82 9 1026 51 3 1029 51 4 1030 70 0 1032 18 24 1037 13 12 1040 5 26 1042 36 26 1045 35 26 1046 38 20 1056 73 24 1067 88 25 1074 29 19 1078 51 1 1078 91 12 1079 2 2 1080 76 18 1082 78 0 1085 3 14 1090 85 5 1094 4 18 1100 6 15 1105 77 13 1107 46 11 1110 8 16 1113 24 10 1118 53 11 1122 19 29 1132 49 15 1134 16 19 1136 2 2 1138 24 2 1140 84 6 1141 32 22 1145 67 5 1147 32 15 1148 46 0 1152 57 0 1156 84 6 1158 11 2 1163 15 21 1164 50 21 1167 26 3 1167 95 24 1181 30 16 1186 78 9 1187 98 17 1189 45 9 1191 3 17 1192 29 27 1192 75 20 1192 97 0 1193 13 27 1194 38 18 1204 38 25 1209 62 8 1209 70 18 1211 45 14 1212 31 25 1222 57 31 1225 77 30 1227 77 13 1228 64 31 1229 62 20 1230 93 3 1232 30 8 1232 43 5 1233 75 2 1234 26 31 1234 67 18 1235 45 20 1237 15 13 1237 64 17 1244 82 31 1248 22 19 1249 48 9 1254 87 9 1266 58 11 1267 9 23 1267 29 14 1267 32 5 1272 60 31 1272 69 2 1274 24 27 1280 36 25 1281 83 22 1281 87 16 1284 33 5 1291 36 28 1292 48 11 1292 83 12 1293 8 23 1296 44 13 1296 65 15 1298 26 28 1299 26 20 1307 36 26 1308 38 4 1311 21 17 1314 97 20 1324 73 18 1328 54 28 1329 22 17 1336 5 28 1339 88 20 1340 66 25 1344 33 21 1350 21 1 1350 29 13 1357 16 27 1357 88 15 1359 53 11 1362 68 31 1365 64 12 1366 42 30 1372 2 20 1373 65 12 1374 79 17 1375 85 2 1376 72 25 1377 47 5 1379 29 26 1384 91 23 1390 46 2 1393 77 18 1396 18 27 1397 55 24 1399 75 12 1409 33 9 1411 97 24 1413 61 26 1413 64 13 1414 19 16 1415 29 9 1418 37 22 1419 62 0 1426 53 15 1440 85 9 1448 34 3 1450 66 30 1454 58 28 1458 77 22 1460 20 4 1473 1 20 1474 49 6 1476 4 2 1477 28 25 1480 36 7 1483 39 15 1495 7 16 1498 91 26 1501 72 0 1504 57 20 1509 4 8 1514 62 17 1519 9 23 1519 80 17 1520 27 20 1521 20 20 1522 71 22 1522 71 29 1524 33 29 1525 84 28 1535 70 2 1535 83 24 1535 94 24 1536 95 19 1538 53 1 1539 89 5 1540 48 15 1543 15 5 1544 39 24 1546 93 0 1551 20 2 1554 8 30 1554 67 7 1557 24 5 1560 22 3 1561 43 28 1562 80 14 1568 66 19 1570 5 9 1575 17 15 1577 93 10 1578 83 15 1580 66 1 1580 72 30 1584 76 3 1585 27 7 1588 68 4 1595 48 29 1600 49 11 1601 15 22 1608 70 26 1613 50 1 1616 2 14 1616 98 15 1619 36 27 1629 3 1 1631 40 30 1634 30 2 1639 91 3 1640 60 10 1644 72 22 1646 74 29 1648 28 2 1648 33 12 1650 54 10 1650 74 8 1651 27 11 1659 99 18 1664 32 1 1666 96 2 1671 52 7 1671 92 16 1671 97 31 1808 15 24 1808 83 5 1810 49 24 1812 3 12 1816 19 7 1833 95 25 1836 5 2 1836 94 18 1839 98 22 1840 99 24 1842 2 12 1844 19 24 1854 95 30 1864 39 12 1870 61 10 1870 61 28 1874 87 2 1879 10 31 1881 6 23 1883 38 24 1889 54 28 1891 83 24 1899 5 29 1900 49 9 1904 68 9 1905 43 2 1907 14 25 1911 27 14 1917 74 3 1917 83 16 1919 61 23 1926 87 19 1929 49 27 1930 97 18 1932 72 11 1935 35 19 1949 78 2 1950 50 29 1951 100 0 1958 63 7 1962 6 20 1967 21 4 1967 81 20 1970 59 16 1972 11 14 1973 50 29 1974 82 5 1979 93 29 1981 48 24 1981 91 20 1982 62 29 1988 47 10 1990 100 30 1995 57 4 2000 75 23 2001 69 8 2002 32 4 2004 3 25 2004 93 21 2005 85 18 2008 92 13 2011 32 3 2013 21 30 2016 64 12 2018 41 5 2025 50 10 2026 43 7 2027 88 20 2028 48 3 2028 90 12 2035 15 7 2035 75 5 2039 56 22 2046 20 2 2048 84 24 2055 21 20 2057 10 4 2058 28 13 2059 52 4 2059 61 13 2072 44 1 2075 50 31 2080 86 9 2085 70 14 2095 72 26 2099 89 9 2101 0 28 2103 5 1 2103 33 10 2107 18 24 2108 92 28 2111 94 2 2112 71 9 2113 51 30 2122 75 23 2136 44 10 2137 29 0 2141 20 27 2141 42 11 2142 73 8 2143 54 9 2143 69 14 2154 18 13 2155 13 15 2160 27 12 2169 73 15 2171 7 6 2172 90 25 2174 37 22 2179 77 20 2179 88 26 2180 42 7 2191 100 25 2193 98 24 2199 37 23 2202 88 15 2208 100 16 2211 11 28 2215 8 3 2218 82 13 2219 56 14 2225 85 27 2226 81 9 2227 79 12 2228 34 31 2229 21 2 2229 71 30 2229 81 16 2232 23 20 2233 38 10 2233 47 7 2235 30 0 2235 57 11 2242 17 23 2245 16 12 2251 61 27 2251 81 19 2254 13 0 2257 34 31 2262 47 9 2264 1 8 2267 16 20 2268 89 11 2272 71 12 2286 99 17 2289 97 0 2293 73 5 2295 72 28 2302 27 1 2305 53 15 2309 78 10 2312 0 6 2313 4 6 2313 71 14 2315 64 28 2320 42 6 2323 78 29 2327 35 27 2333 24 19 2344 38 13 2346 47 4 2348 63 5 2361 83 1 2364 64 8 2365 64 31 2375 20 13 2378 8 11 2381 2 8 2385 81 29 2389 94 24 2390 5 28 2391 38 11 2393 16 26 2395 75 16 2400 5 25 2401 57 1 2402 30 15 2402 77 2 2409 50 6 2415 15 23 2418 89 26 2419 71 15 2422 99 4 2423 71 30 2426 85 29 2429 14 18 2434 97 12 2441 1 4 2441 16 1 2444 11 14 2444 32 15 2452 16 20 2456 83 8 2458 89 7 2460 75 19 2476 94 8 2488 41 16 2497 23 27 2506 32 24 2511 25 3 2515 0 5 2521 89 8 2522 67 15 2526 98 4 2532 80 23 2533 46 1 2539 67 13 2545 99 26 2547 42 20 2547 91 24 2549 85 10 2550 25 12 2550 74 26 2556 59 14 2572 29 5 2572 87 13 2576 24 14 2578 29 12 2578 78 0 2580 60 4 2583 1 21 2584 60 24 2588 65 7 2592 39 9 2593 20 13 2608 28 6 2608 83 2 2621 21 11 2622 8 4 2623 68 24 2624 69 8 2625 14 23 2626 87 12 2629 35 19 2633 43 15 2633 63 17 2633 66 7 2634 4 28 2634 45 10 2639 16 26 2641 53 18 2648 86 15 2649 71 10 2651 16 4 2651 56 8 2653 88 3 2657 28 5 2659 86 22 2660 60 12 2667 67 17 2668 36 28 2670 51 12 2677 3 26 2680 54 27 2682 24 11 2683 46 6 2684 20 14 2684 88 16 2690 57 19 2691 41 21 2691 47 15 2700 2 15 2702 12 26 2707 52 20 2713 64 19 2716 64 25 2717 18 31 2721 45 0 2726 25 14 2732 7 14 2750 30 7 2754 52 25 2755 72 29 2762 64 9 2775 54 10 2782 33 12 2782 91 15 2787 32 31 2787 52 5 2790 31 10 2792 17 22 2795 26 21 2795 39 17 2797 22 10 2799 63 28 2802 98 6 2807 97 28 2811 85 7 2812 87 22 2814 9 17 2819 65 29 2820 38 14 2822 89 29 2824 32 29 2828 6 2 2833 2 16 2836 16 25 2836 63 10 2842 56 27 2844 14 10 2848 85 7 2849 13 2 2852 6 30 2853 10 6 2861 71 13 2861 100 17 2869 25 0 2873 93 17 2874 38 16 2880 14 5 2882 50 26 2887 63 24 2887 97 9 2893 73 17 2896 29 0 2896 89 10 2897 6 0 2897 21 10 2897 79 25 2898 25 21 2899 71 31 2900 72 23 2909 40 0 2916 83 0 2917 24 31 2917 63 7 2923 0 8 2924 68 30 2925 15 30 2925 56 31 2925 65 23 2930 11 7 2931 26 27 2931 46 5 2931 57 6 2931 60 9 2938 73 22 2940 33 24 2942 0 4 2942 43 18 2944 12 6 2945 30 16 2946 94 0 2948 6 6 2949 10 9 2949 13 5 2949 84 12 2952 26 29 2954 81 26 2956 7 17 2958 0 27 2959 90 7 2972 32 17 2972 48 28 2974 48 12 2984 60 11 2985 36 7 2986 52 21 2989 78 6 2993 50 3 2997 39 7 2997 98 5 3012 1 14 3019 5 26 3019 25 6 3020 84 22 3021 96 22 3022 32 9 3024 63 23 3026 92 6 3032 87 2 3040 20 10 3040 49 20 3041 77 5 3042 50 21 3047 31 10 3049 93 28 3050 52 17 3056 46 3 3057 82 7 3062 49 8 3067 82 12 3071 28 30 3072 1 23 3075 76 9 3086 63 26 3087 28 31 3092 41 25 3095 62 13 3099 34 20 3102 27 18 3102 49 24 3106 70 14 3112 53 4 3117 2 2 3120 95 13 3124 50 17 3125 48 4 3129 73 9 3134 92 31 3138 99 14 3139 74 16 3143 68 10 3147 98 1 3150 93 4 3150 97 15 3152 12 9 3154 10 28 3155 78 6 3156 55 14 3156 79 15 3159 83 11 3163 65 10 3164 45 23 3165 0 2 3166 55 16 3167 97 7 3168 91 13 3169 62 4 3174 52 4 3175 0 26 3178 92 16 3180 50 8 3181 28 19 3181 36 19 3184 81 25 3186 71 13 3194 85 17 3196 98 16 3197 24 29 3204 25 18 3204 28 4 3206 52 29 3208 0 20 3211 75 23 3217 76 30 3218 22 21 3220 0 14 3226 100 13 3230 25 14 3231 47 8 3238 41 12 3240 29 25 3240 60 15 3240 97 7 3243 17 9 3246 14 6 3258 55 15 3259 20 6 3260 82 6 3275 50 5 3276 84 9 3278 53 15 3280 69 18 3283 3 3 3284 43 26 3285 50 20 3287 74 23 3291 43 27 3294 53 8 3298 13 30 3301 61 28 3304 52 24 3312 55 5 3317 1 9 3325 53 0 3327 64 3 3327 67 2 3327 93 21 3328 85 1 3330 23 20 3334 5 24 3337 45 30 3337 63 6 3341 73 0 3342 27 8 3342 36 4 3343 50 8 3344 76 7 3345 34 25 3355 11 22 3360 60 24 3361 2 4 3363 98 16 3373 61 7 3375 100 4 3377 70 27 3379 54 5 3379 66 0 3380 52 20 3387 21 0 3390 21 27 3390 31 16 3391 90 7 3393 54 0 3397 67 25 3398 26 27 3399 62 25 3400 38 10
308 1033 0.0001 75 19 16 75 75 28 78 44 29 79 70 15 80 35 15 81 32 8 82 40 8 90 29 14 93 29 16 93 33 19 94 43 26 97 18 2 98 92 28 100 6 24 101 29 23 108 88 1 111 77 22 114 68 26 115 81 28 123 42 17 125 39 10 125 45 1 131 52 2 133 42 12 139 22 15 140 82 30 144 12 5 144 77 15 146 20 15 146 70 11 149 10 14 168 45 31 168 78 5 170 89 28 171 5 21 171 56 15 173 23 16 190 79 17 199 78 19 201 41 10 202 41 3 202 93 25 203 4 22 205 64 11 210 95 5 214 3 6 218 41 7 219 35 12 223 49 19 223 51 19 234 1 14 235 18 27 239 35 27 241 30 28 250 12 4 251 29 10 257 45 12 261 21 22 265 32 15 265 76 15 266 11 1 271 13 13 271 91 25 272 57 16 273 16 30 285 76 17 288 71 29 289 88 26 291 59 26 292 29 27 297 71 19 300 38 12 306 36 30 308 42 7 319 23 3 319 89 4 328 26 30 331 3 14 331 83 26 343 20 5 345 49 22 347 16 25 348 90 6 351 9 5 351 29 30 357 88 22 358 100 2 359 0 25 363 21 25 364 11 18 364 38 22 364 68 4 367 99 16 371 71 4 373 11 3 375 7 20 377 22 9 381 4 5 383 40 10 383 78 16 384 6 24 394 15 1 394 92 23 396 42 3 398 8 19 398 12 16 402 83 12 409 22 27 409 25 14 409 99 17 410 28 12 417 92 15 420 41 15 424 68 28 439 33 18 440 43 1 442 57 24 449 27 16 450 97 4 459 0 5 462 69 18 464 68 23 465 68 23 467 5 4 474 89 9 477 100 12 480 93 29 496 27 0 501 96 28 504 78 14 504 89 15 507 35 29 509 86 6 517 16 31 520 17 8 522 6 29 525 54 28 526 85 19 532 39 1 538 94 13 539 99 27 542 92 6 545 19 21 548 20 27 549 71 4 551 64 10 552 25 5 555 14 12 561 21 4 561 81 23 564 17 11 564 100 1 566 22 11 566 98 25 571 44 25 572 8 12 572 60 31 572 65 10 582 24 1 586 78 26 587 58 22 590 74 4 595 2 23 596 42 0 598 66 4 599 16 12 601 13 31 606 1 8 606 31 15 607 53 28 608 85 29 614 1 1 621 36 24 622 6 21 623 65 9 624 0 12 624 45 0 627 90 3 628 21 23 632 58 27 635 39 14 645 69 19 647 34 28 649 36 1 650 94 24 661 50 28 661 68 6 663 2 12 663 84 5 664 35 12 669 8 19 674 36 12 675 68 7 675 92 11 679 81 29 681 88 24 683 96 29 694 59 13 696 33 12 697 55 14 700 32 11 700 93 13 710 46 11 713 95 4 717 90 0 719 9 12 721 97 8 723 95 25 726 56 7 734 31 17 739 60 13 740 75 10 741 8 26 742 23 30 748 72 15 753 58 13 753 100 26 754 51 19 755 89 30 757 60 1 763 49 30 766 89 25 775 53 5 775 78 24 781 8 15 792 57 14 793 77 12 795 92 27 800 25 4 800 40 17 805 65 12 807 47 5 808 31 9 810 75 22 811 56 9 811 96 20 813 60 6 820 17 0 825 30 4 827 0 16 827 96 4 830 41 4 830 43 17 834 50 25 834 85 17 840 16 26 841 43 4 844 92 7 845 23 30 846 8 5 846 58 2 857 8 22 859 5 12 864 70 15 871 89 13 872 6 18 880 33 11 880 85 14 884 69 28 887 52 5 888 98 5 890 0 23 890 64 25 894 44 2 897 37 12 903 43 14 906 12 30 909 82 7 916 78 29 921 2 31 921 5 9 921 64 22 922 7 17 922 23 28 930 76 16 936 95 6 940 57 13 941 5 21 943 27 0 944 10 19 944 19 0 945 26 17 952 5 20 955 100 23 957 6 4 957 38 20 960 39 26 961 12 26 969 10 4 971 10 30 974 25 5 978 14 12 982 10 20 985 6 25 987 63 12 988 89 1 990 88 5 993 29 18 994 70 6 996 36 16 996 70 24 1001 64 11 1007 76 16 1008 31 20 1008 90 28 1012 89 22 1015 30 23 1016 90 6 1017 33 2 1019 40 6 1020 42 4 1023 32 12 1024 50 14 1028 62 31 1028 77 20 1032 25 6 1035 87 28 1037 91 0 1041 22 20 1045 66 3 1047 10 30 1055 72 26 1065 68 4 1069 78 31 1072 60 4 1074 1 23 1079 17 16 1080 2 3 1088 40 19 1090 39 11 1090 58 4 1094 44 6 1096 4 3 1099 36 19 1102 23 26 1103 94 6 1109 77 23 1116 20 5 1119 13 30 1123 82 31 1132 10 30 1133 20 1 1133 80 22 1134 84 13 1135 44 26 1141 60 8 1143 51 0 1144 42 23 1145 66 24 1145 70 20 1145 98 29 1148 7 20 1151 5 2 1152 14 17 1153 86 27 1155 59 27 1156 32 4 1159 28 29 1159 78 12 1168 43 25 1173 35 14 1173 67 0 1177 74 26 1180 47 31 1183 61 23 1183 84 26 1184 4 18 1184 31 12 1185 80 22 1187 26 26 1190 92 15 1198 87 22 1198 94 25 1201 58 25 1207 18 23 1208 46 30 1208 76 29 1213 87 3 1216 28 10 1218 87 14 1224 29 14 1224 29 18 1228 60 0 1235 51 25 1248 2 16 1251 90 8 1254 66 29 1254 81 25 1256 93 2 1257 27 3 1258 30 10 1260 65 20 1265 13 12 1279 62 3 1281 67 2 1285 30 2 1288 35 21 1289 90 4 1290 21 27 1290 31 28 1292 92 4 1316 88 26 1317 54 8 1322 11 29 1329 29 27 1333 25 24 1334 76 4 1337 80 9 1337 99 22 1343 96 3 1346 15 2 1347 54 10 1351 38 28 1357 37 0 1361 29 31 1362 17 1 1363 7 8 1363 42 19 1365 73 28 1372 43 22 1376 93 18 1382 34 28 1383 43 13 1383 77 24 1386 22 10 1387 34 25 1387 69 1 1393 52 22 1395 36 25 1397 35 14 1402 96 23 1403 44 10 1407 39 14 1408 67 8 1410 48 7 1411 20 17 1422 45 26 1423 76 16 1433 20 9 1439 58 7 1441 13 22 1443 30 0 1444 74 13 1445 45 27 1446 40 22 1448 70 26 1450 0 24 1459 19 21 1459 40 22 1463 1 13 1468 36 6 1473 47 27 1473 74 15 1480 34 12 1487 60 7 1491 80 4 1492 68 1 1497 2 17 1498 92 14 1499 31 22 1500 69 27 1504 23 1 1504 33 23 1508 90 17 1509 35 23 1511 35 11 1521 25 0 1521 63 25 1522 72 27 1527 56 9 1528 66 29 1529 90 5 1536 56 24 1536 65 2 1538 39 22 1540 21 13 1546 27 1 1562 25 15 1571 76 9 1572 89 22 1573 20 9 1578 96 23 1579 37 15 1583 91 29 1587 69 26 1588 77 16 1591 31 28 1594 34 14 1596 93 15 1601 10 0 1601 89 23 1612 70 24 1616 86 1 1617 55 6 1621 22 19 1623 8 3 1633 74 27 1634 30 27 1636 9 10 1646 65 3 1649 34 17 1649 34 31 1650 22 8 1651 72 10 1653 40 23 1653 61 16 1659 6 29 1669 88 5 1670 53 21 1809 65 14 1813 76 7 1813 81 31 1814 49 6 1817 10 5 1817 53 31 1820 6 0 1822 3 15 1822 82 13 1826 100 7 1829 68 24 1829 81 3 1829 87 22 1830 15 30 1831 13 15 1833 0 23 1838 95 10 1839 62 2 1845 90 21 1852 47 13 1861 60 17 1864 81 6 1867 63 29 1877 91 22 1882 53 18 1883 38 2 1884 89 4 1886 59 17 1887 50 6 1888 8 21 1888 60 25 1890 20 4 1894 40 2 1903 8 20 1905 75 14 1907 59 28 1908 17 30 1911 64 9 1920 74 29 1921 10 6 1924 47 0 1924 79 28 1926 21 31 1930 78 5 1933 69 10 1938 86 15 1939 23 11 1945 54 18 1946 31 11 1966 35 25 1967 25 2 1968 100 13 1971 59 22 1987 75 9 1996 78 1 1999 97 2 2000 78 19 2003 0 17 2006 40 12 2010 33 31 2012 30 19 2022 10 21 2026 19 5 2027 87 30 2029 27 12 2035 49 9 2042 48 22 2043 25 6 2047 52 10 2048 11 2 2050 79 3 2051 34 6 2054 65 4 2062 57 22 2070 58 10 2077 64 16 2078 12 12 2083 11 11 2084 39 11 2088 37 18 2092 74 20 2095 20 28 2096 71 16 2105 44 0 2109 89 22 2111 9 6 2111 22 2 2114 4 5 2115 26 9 2117 31 28 2121 31 6 2121 56 17 2123 52 22 2130 69 22 2134 15 28 2139 1 21 2140 0 11 2140 8 22 2140 12 28 2145 27 30 2145 57 2 2147 93 31 2148 75 29 2155 45 5 2161 1 13 2166 7 15 2169 61 0 2174 49 10 2179 62 13 2179 87 24 2180 98 12 2181 1 20 2183 66 17 2185 5 28 2186 19 13 2186 91 20 2187 9 23 2187 13 14 2190 25 22 2191 71 13 2193 53 13 2201 61 6 2209 78 15 2210 64 18 2216 65 11 2218 26 21 2221 46 14 2223 63 10 2223 90 8 2223 95 3 2226 35 24 2231 74 20 2232 3 18 2232 30 7 2233 17 11 2235 49 2 2243 9 2 2251 18 28 2261 61 11 2266 59 18 2267 18 6 2271 94 7 2273 15 20 2277 7 18 2277 72 31 2279 66 11 2280 89 14 2281 17 22 2283 90 10 2285 59 5 2286 75 7 2289 49 18 2294 16 30 2294 50 19 2295 71 18 2302 62 21 2304 51 13 2307 1 10 2307 37 6 2312 40 20 2315 24 12 2315 75 20 2325 68 12 2329 36 19 2334 34 5 2335 27 0 2335 82 29 2343 20 10 2350 6 5 2355 3 11 2359 87 19 2370 51 10 2372 27 9 2379 24 24 2379 70 28 2386 62 30 2389 0 24 2389 27 31 2391 64 25 2391 98 29 2394 93 15 2396 4 21 2404 98 10 2405 2 30 2413 41 24 2415 29 29 2417 9 20 2419 18 7 2425 7 24 2427 40 24 2442 41 2 2445 93 3 2447 75 24 2451 28 22 2451 38 10 2451 38 12 2452 25 17 2457 72 10 2458 50 9 2459 78 8 2460 0 5 2466 52 2 2474 3 5 2477 25 1 2486 58 12 2487 76 6 2489 1 12 2489 78 15 2491 66 14 2492 49 6 2493 57 20 2494 39 3 2494 55 30 2496 21 20 2497 43 9 2498 37 21 2508 77 18 2509 66 19 2510 0 2 2514 93 27 2515 20 29 2519 82 23 2521 100 31 2522 8 20 2522 24 10 2541 68 16 2542 6 28 2547 36 24 2548 76 19 2549 21 10 2551 43 14 2552 43 12 2554 7 5 2555 38 26 2557 74 4 2557 88 16 2561 78 3 2565 59 27 2567 69 22 2572 74 24 2575 91 21 2576 100 22 2596 78 1 2599 53 28 2600 74 22 2604 19 28 2605 4 7 2606 68 21 2607 3 6 2610 78 0 2619 11 8 2621 41 18 2624 90 21 2626 7 27 2634 76 20 2638 51 11 2644 71 20 2652 74 4 2658 57 3 2663 33 10 2664 23 4 2668 45 17 2676 18 28 2677 59 6 2680 66 12 2681 83 5 2684 16 6 2689 65 1 2690 8 1 2692 11 4 2699 64 11 2700 72 16 2702 97 24 2703 85 5 2704 68 26 2707 35 3 2708 51 15 2710 40 29 2712 50 6 2715 8 5 2728 2 15 2737 78 24 2741 63 26 2742 36 12 2748 20 1 2751 35 15 2754 86 25 2758 68 25 2759 31 9 2767 50 4 2773 22 28 2776 90 3 2781 49 13 2786 93 18 2788 53 24 2794 69 31 2794 91 19 2796 39 11 2805 59 26 2810 26 16 2811 23 15 2811 90 12 2814 51 22 2817 69 13 2822 98 6 2826 37 23 2827 79 27 2828 19 4 2832 22 22 2834 19 11 2839 12 6 2841 42 10 2841 53 8 2842 71 14 2849 28 28 2850 88 13 2854 88 25 2857 46 26 2858 66 7 2859 63 11 2860 50 2 2867 73 24 2867 92 3 2870 53 23 2888 95 17 2890 45 1 2893 1 22 2898 32 24 2898 91 5 2900 64 6 2900 83 24 2903 67 0 2905 67 25 2905 89 11 2909 3 14 2909 21 6 2912 22 0 2913 25 15 2920 8 26 2920 25 27 2920 52 14 2920 91 20 2921 35 7 2924 54 27 2931 61 15 2931 74 27 2934 14 30 2935 75 13 2942 29 30 2952 15 18 2952 86 3 2956 30 6 2956 85 2 2959 45 12 2960 82 25 2965 38 11 2967 58 20 2967 83 20 2969 40 31 2970 42 1 2972 57 12 2973 73 8 2973 83 25 2974 28 19 2979 42 12 2981 5 5 2982 66 30 2985 82 7 2988 75 5 2997 50 26 3000 92 14 3008 9 9 3011 18 7 3015 11 8 3019 21 25 3027 8 3 3034 10 16 3035 43 28 3037 65 30 3040 57 22 3042 23 30 3042 58 13 3043 39 7 3044 41 8 3047 0 0 3048 70 11 3049 34 17 3051 10 3 3056 29 18 3060 80 14 3060 99 7 3061 57 30 3063 95 5 3065 3 10 3066 26 1 3067 7 28 3070 96 11 3072 25 2 3076 32 23 3078 25 8 3083 26 2 3088 83 26 3090 65 31 3090 85 7 3094 87 8 3097 99 24 3104 90 0 3104 90 9 3106 18 25 3110 12 18 3110 51 5 3112 76 1 3113 65 18 3114 41 5 3115 98 6 3116 11 13 3117 37 2 3119 58 24 3119 75 6 3123 52 17 3123 91 14 3128 75 20 3130 58 22 3133 52 9 3135 90 6 3150 100 11 3152 24 28 3153 10 0 3153 60 22 3157 53 20 3157 58 14 3159 22 19 3166 40 28 3170 60 21 3175 79 25 3177 1 7 3177 68 21 3178 43 30 3180 85 14 3182 87 26 3187 76 23 3194 79 29 3195 55 16 3203 41 6 3209 36 30 3210 22 25 3214 36 1 3214 64 1 3219 34 28 3220 3 25 3220 82 9 3224 9 11 3227 96 9 3228 5 11 3233 58 4 3237 0 28 3238 40 15 3238 90 4 3240 44 11 3241 42 13 3245 58 0 3246 52 30 3246 62 15 3246 86 22 3249 60 17 3259 0 30 3259 33 6 3261 37 30 3262 48 17 3262 65 15 3265 0 13 3265 88 12 3266 68 8 3267 28 2 3273 3 18 3281 34 29 3282 8 9 3284 21 3 3287 39 4 3288 48 2 3288 69 19 3292 26 7 3293 13 15 3296 25 26 3296 63 18 3299 11 17 3300 49 23 3301 87 13 3302 29 4 3310 85 10 3311 71 9 3312 76 26 3316 22 24 3316 63 9 3323 20 18 3326 13 2 3327 3 29 3328 100 20 3331 55 2 3332 54 16 3334 21 21 3334 80 4 3336 48 12 3336 89 22 3344 32 4 3346 92 8 3348 80 25 3351 1 18 3358 99 22 3362 96 23 3368 42 16 3368 63 27 3370 97 12 3378 3 11 3382 51 6 3382 94 23 3383 50 5 3390 23 28 3393 36 16 3398 80 31 3402 72 19 3403 32 14 3406 73 7 3407 30 24
309 1033 0.0001 75 34 17 77 7 27 77 19 12 78 32 15 82 2 7 84 91 29 90 74 13 97 53 10 103 66 24 108 33 10 113 6 20 118 40 18 119 0 15 121 66 16 127 33 4 131 14 19 131 88 15 133 96 28 135 98 14 137 74 6 142 97 25 144 10 5 144 73 8 147 40 0 150 57 18 150 78 15 157 45 27 158 76 15 158 93 11 160 47 16 165 27 29 168 47 24 174 31 19 174 40 26 178 22 13 180 46 25 182 16 25 184 38 31 188 82 17 193 64 10 200 29 1 205 3 5 206 22 17 206 62 17 208 46 27 211 32 8 216 15 27 227 33 16 229 36 9 235 92 20 236 79 21 242 21 15 242 30 28 244 46 16 244 94 2 245 55 20 245 65 4 245 96 19 247 99 19 250 100 11 261 90 28 263 27 31 270 83 24 279 82 16 284 71 28 300 17 5 301 80 24 302 70 8 304 59 30 309 21 17 311 91 4 314 63 5 314 91 30 319 72 14 320 54 31 330 26 22 335 36 21 336 82 14 337 51 3 340 67 30 347 7 19 348 59 20 352 33 28 353 78 6 353 99 6 357 34 9 359 81 11 359 98 14 364 21 29 364 37 4 371 21 21 371 37 2 374 59 30 378 26 21 380 69 11 383 59 13 388 39 2 389 27 13 389 38 30 390 96 3 391 36 29 391 58 2 394 22 12 399 50 12 405 10 1 405 50 4 407 38 12 407 100 13 417 64 20 419 9 2 422 11 29 428 69 12 433 42 8 433 93 11 436 20 20 438 64 29 440 9 8 443 25 21 446 72 25 454 19 26 467 3 3 471 50 16 473 20 0 474 33 16 475 11 27 478 44 24 485 40 5 494 2 25 497 90 7 498 55 27 504 68 3 505 48 1 507 24 13 511 46 14 513 32 19 514 87 22 515 73 23 517 96 17 519 6 29 527 13 14 527 18 17 527 63 23 533 96 15 539 15 23 539 39 29 540 85 12 541 74 4 543 75 28 546 10 12 547 99 2 549 15 18 554 9 12 558 15 6 561 17 26 561 100 22 562 77 13 564 77 2 566 10 19 567 13 17 567 48 21 568 48 3 571 48 29 579 17 24 581 29 6 581 92 17 582 44 15 583 15 12 587 0 18 593 29 22 595 71 10 595 79 10 602 54 10 610 17 13 611 41 9 612 33 0 616 37 27 616 59 20 618 86 7 620 56 9 623 65 25 625 78 8 634 4 2 635 7 17 635 22 31 639 69 6 641 11 0 651 44 13 655 95 10 656 10 18 659 5 31 662 8 13 662 18 29 667 22 23 668 13 0 668 44 0 669 68 23 670 59 9 671 7 7 674 11 28 686 53 27 686 96 7 690 38 21 691 10 31 691 79 3 693 36 10 696 49 23 697 53 15 703 23 2 704 99 6 708 32 6 709 48 18 709 83 20 710 2 17 723 70 12 723 83 10 726 78 15 727 67 30 730 0 14 730 68 9 737 16 10 740 39 1 741 71 11 746 38 13 753 22 31 753 45 27 755 11 19 757 5 5 757 84 24 761 36 5 762 93 9 764 51 23 768 20 30 773 4 23 773 27 10 779 72 1 786 51 29 790 86 20 790 97 25 791 73 0 797 54 31 799 62 21 799 85 14 802 84 9 815 57 14 822 16 14 825 67 7 827 70 6 828 24 23 831 72 31 832 22 0 834 78 18 835 41 3 845 34 23 846 31 19 847 4 31 847 74 6 851 23 18 854 23 10 855 10 29 856 11 0 866 94 12 869 16 9 871 74 10 874 69 11 882 95 21 883 11 22 884 44 16 892 3 26 894 22 4 897 69 2 899 63 0 903 5 31 908 1 28 908 83 6 909 52 28 911 22 0 912 18 25 919 47 30 919 60 28 920 21 18 920 73 25 920 75 16 925 52 0 925 75 28 936 48 11 941 13 28 953 21 23 960 72 9 968 73 26 979 1 3 981 21 23 982 83 5 984 30 29 987 37 10 988 93 26 991 65 20 992 37 22 999 83 2 1001 45 9 1006 43 14 1010 40 31 1011 79 9 1012 82 14 1013 68 25 1014 65 9 1016 59 12 1019 2 11 1019 48 5 1022 21 23 1022 79 15 1034 30 3 1034 36 14 1037 64 3 1039 43 15 1044 36 9 1044 68 14 1048 67 3 1057 20 19 1060 77 7 1061 91 17 1065 46 7 1065 85 2 1069 38 21 1071 12 6 1077 28 2 1078 95 17 1080 37 19 1080 63 17 1081 35 16 1082 29 31 1087 2 11 1087 98 12 1093 59 7 1094 37 15 1097 50 12 1101 18 11 1103 36 6 1104 12 30 1108 62 7 1110 37 8 1113 2 23 1113 97 3 1123 96 17 1126 78 23 1126 96 0 1129 48 11 1137 84 29 1139 14 13 1139 19 26 1146 8 30 1147 37 16 1151 49 20 1156 23 8 1156 97 10 1157 60 27 1158 0 18 1159 74 27 1159 86 0 1161 59 14 1164 49 28 1164 100 5 1168 6 21 1169 89 29 1170 78 4 1173 42 3 1175 91 6 1177 47 20 1180 87 17 1183 78 30 1184 82 31 1186 34 20 1186 62 21 1190 76 10 1191 11 19 1194 88 25 1197 43 18 1198 13 17 1203 69 8 1206 18 23 1207 17 11 1207 100 20 1208 70 17 1218 46 27 1222 14 18 1228 41 12 1230 17 17 1231 23 25 1236 47 6 1239 99 5 1243 88 8 1244 54 31 1254 58 26 1255 68 26 1259 3 31 1259 86 2 1260 47 18 1260 94 7 1261 12 31 1261 33 2 1261 78 21 1264 23 27 1265 82 14 1267 25 7 1267 89 13 1268 6 11 1270 31 13 1274 53 11 1277 22 6 1278 46 13 1280 9 15 1280 46 20 1285 32 28 1294 38 25 1298 92 13 1300 84 5 1303 37 30 1303 50 11 1304 4 24 1308 69 29 1318 26 23 1322 44 16 1326 58 2 1331 40 11 1331 74 22 1331 98 17 1333 55 15 1338 34 30 1345 26 8 1346 42 10 1350 71 22 1352 89 14 1354 72 9 1355 90 8 1356 96 5 1360 52 18 1362 94 10 1364 42 18 1364 84 5 1367 75 26 1372 49 9 1375 37 20 1377 35 11 1377 50 9 1377 100 20 1384 94 6 1391 20 6 1393 54 12 1395 67 7 1396 4 6 1400 94 19 1401 38 27 1412 31 2 1414 24 22 1425 69 28 1435 96 3 1436 85 17 1439 32 18 1445 79 2 1446 57 21 1451 52 1 1452 74 26 1452 91 3 1453 5 15 1459 64 7 1461 98 10 1465 88 15 1469 78 21 1474 28 24 1475 10 25 1475 88 2 1483 0 21 1490 7 29 1493 6 12 1498 84 22 1507 63 19 1507 95 22 1509 1 23 1514 20 17 1519 17 8 1520 2 19 1522 55 3 1522 87 23 1525 21 14 1527 21 1 1528 81 2 1530 2 31 1530 33 28 1535 93 10 1537 50 23 1555 21 21 1559 78 22 1560 5 28 1560 54 16 1561 61 6 1563 78 1 1563 85 14 1570 6 12 1570 21 14 1576 37 3 1577 69 25 1578 50 19 1580 23 10 1583 68 24 1591 97 17 1592 71 20 1599 88 7 1601 56 23 1602 61 14 1603 60 25 1609 41 3 1613 54 1 1618 44 24 1630 8 19 1633 59 22 1639 99 28 1642 55 5 1646 35 5 1646 46 22 1650 10 12 1653 19 27 1657 100 11 1662 13 29 1664 93 21 1668 75 13 1809 36 1 1816 9 8 1819 19 4 1821 51 31 1825 67 22 1827 30 29 1831 33 5 1837 3 8 1839 24 18 1845 41 20 1857 23 20 1860 0 13 1865 95 29 1875 67 17 1875 94 10 1877 57 10 1877 75 27 1881 44 26 1888 75 5 1896 6 17 1901 23 8 1902 59 26 1902 64 13 1905 57 26 1908 30 27 1908 50 22 1909 74 0 1909 79 22 1909 87 17 1912 63 3 1916 7 0 1916 25 8 1918 21 28 1920 9 25 1921 92 13 1925 66 12 1926 22 19 1928 14 8 1934 58 14 1943 46 2 1946 48 21 1946 58 0 1953 100 23 1957 41 22 1962 45 10 1963 19 2 1970 7 26 1973 46 17 1986 60 30 1992 75 4 1997 22 18 1998 52 23 1998 96 23 2001 8 17 2002 38 11 2004 34 11 2005 63 10 2006 30 28 2006 50 7 2007 23 7 2008 54 20 2015 4 21 2016 11 23 2016 44 4 2017 100 7 2019 98 14 2020 46 24 2020 93 23 2023 21 3 2033 30 16 2033 44 22 2033 98 24 2039 95 3 2041 22 1 2042 27 7 2044 25 24 2047 91 9 2053 43 5 2054 100 16 2058 92 25 2068 82 29 2071 3 12 2078 63 20 2080 10 3 2080 96 7 2082 44 14 2087 72 3 2090 2 7 2091 11 24 2096 49 26 2100 65 1 2100 100 28 2105 55 3 2109 8 21 2109 23 18 2113 95 23 2123 73 21 2128 39 22 2140 65 20 2141 44 24 2142 75 15 2145 60 29 2147 12 1 2151 1 9 2153 25 3 2155 55 22 2159 69 11 2162 56 31 2164 34 20 2172 15 15 2175 86 16 2177 52 5 2188 53 31 2189 22 4 2190 66 6 2191 30 17 2201 80 24 2204 49 26 2206 35 9 2206 94 10 2207 61 6 2208 71 24 2213 20 21 2216 16 11 2216 60 13 2217 53 1 2221 11 21 2221 51 11 2224 66 23 2224 94 20 2235 69 24 2239 34 11 2241 35 6 2244 49 10 2248 20 19 2248 80 17 2249 78 14 2252 17 15 2256 87 8 2258 14 21 2258 51 5 2259 79 12 2261 75 27 2263 49 18 2264 59 0 2265 59 4 2266 49 6 2267 37 2 2267 85 11 2269 92 26 2278 6 21 2284 95 19 2287 88 30 2288 84 15 2289 32 23 2289 44 4 2291 67 6 2293 9 2 2294 63 8 2300 64 27 2301 50 31 2306 17 12 2310 63 5 2312 52 18 2321 46 22 2324 78 31 2327 46 16 2333 0 22 2338 79 1 2342 4 18 2343 19 7 2349 22 5 2352 25 19 2353 9 4 2354 24 25 2354 27 20 2355 72 11 2359 88 24 2365 98 22 2371 50 27 2381 13 9 2383 12 21 2385 63 5 2392 7 6 2397 29 25 2397 94 7 2399 55 16 2399 95 29 2402 75 27 2405 94 5 2405 100 0 2406 55 5 2408 74 7 2408 93 21 2416 0 15 2417 85 11 2419 50 0 2421 55 23 2422 3 26 2424 65 13 2425 63 18 2426 64 15 2430 39 12 2439 15 14 2439 54 18 2440 1 4 2440 8 30 2441 63 3 2457 64 5 2459 3 6 2459 86 4 2464 71 26 2464 83 0 2472 90 11 2473 72 28 2477 59 26 2478 19 7 2485 29 8 2485 73 14 2486 3 4 2491 12 26 2493 93 17 2498 48 22 2507 88 10 2509 75 26 2510 38 21 2510 90 9 2521 45 30 2529 77 5 2534 59 1 2535 45 3 2539 40 5 2542 78 12 2543 53 14 2544 61 2 2545 88 9 2546 52 19 2546 62 26 2549 62 30 2551 89 30 2555 91 25 2563 17 25 2563 32 21 2566 83 5 2569 39 19 2573 58 24 2579 52 6 2580 23 7 2582 15 13 2583 71 13 2586 18 7 2587 22 31 2589 14 14 2594 13 8 2603 41 25 2605 38 0 2610 63 27 2613 90 2 2616 48 5 2627 7 31 2632 31 18 2637 14 21 2640 66 12 2642 95 25 2644 4 29 2644 61 14 2646 75 13 2650 11 1 2650 95 31 2651 16 3 2651 86 5 2653 95 14 2654 40 13 2654 99 13 2658 47 21 2664 34 30 2670 39 5 2676 80 11 2677 32 18 2680 72 3 2685 62 30 2685 98 4 2688 100 5 2691 98 18 2692 77 17 2701 17 0 2701 89 9 2704 93 18 2705 6 25 2705 41 16 2706 32 20 2711 60 23 2713 62 29 2716 12 27 2716 30 10 2716 57 10 2717 13 19 2717 13 30 2717 91 17 2718 45 15 2719 32 29 2720 71 23 2723 0 14 2725 87 3 2730 38 12 2730 82 8 2732 28 31 2737 98 2 2738 61 18 2745 63 3 2747 23 1 2755 72 27 2764 46 4 2771 92 18 2779 17 17 2785 5 11 2788 70 5 2789 20 0 2790 18 25 2800 4 20 2807 57 10 2809 84 30 2811 80 29 2813 85 0 2816 81 14 2820 20 4 2828 9 3 2831 63 3 2831 68 1 2833 65 25 2835 64 17 2842 45 11 2843 36 15 2848 20 30 2853 24 14 2853 58 25 2854 79 29 2859 99 10 2862 42 12 2863 40 10 2864 59 4 2866 67 26 2875 26 27 2878 29 13 2879 63 12 2880 34 28 2880 55 5 2881 38 16 2881 49 31 2882 21 7 2883 98 17 2885 69 20 2887 52 8 2892 24 22 2897 52 28 2909 94 15 2912 25 6 2917 69 21 2918 44 1 2920 73 12 2929 17 23 2934 73 22 2938 69 22 2939 24 2 2943 74 21 2953 95 19 2956 12 16 2959 64 26 2960 93 4 2962 55 20 2964 70 13 2972 93 27 2983 10 25 2985 30 26 2985 67 25 2996 74 28 2999 3 15 3001 93 22 3013 10 28 3025 59 22 3026 46 6 3031 83 30 3033 2 7 3044 6 2 3048 82 14 3050 13 9 3053 15 12 3056 14 1 3056 43 6 3058 26 29 3058 44 21 3058 60 23 3061 40 30 3062 63 23 3064 90 27 3065 1 30 3070 2 23 3075 53 9 3078 78 16 3083 28 27 3083 84 0 3090 46 1 3090 46 14 3090 72 0 3091 11 23 3094 86 13 3100 90 4 3109 62 25 3115 1 8 3115 50 22 3117 33 18 3120 61 6 3123 59 16 3124 94 11 3126 80 12 3145 88 6 3148 7 2 3151 100 20 3156 33 14 3157 60 20 3158 62 18 3159 29 0 3159 81 14 3159 92 22 3162 32 20 3173 37 2 3173 77 21 3174 96 7 3178 23 23 3179 18 0 3180 93 23 3184 49 5 3185 21 7 3190 55 6 3192 18 5 3194 41 22 3203 4 9 3206 37 25 3214 38 5 3220 17 1 3225 39 7 3228 11 26 3229 78 22 3233 36 0 3237 60 10 3237 66 23 3238 59 8 3242 4 10 3242 63 28 3242 97 27 3244 89 13 3245 8 4 3253 3 3 3253 23 8 3253 76 3 3254 72 29 3257 11 29 3257 50 30 3260 7 5 3262 96 17 3265 80 26 3266 51 31 3267 6 7 3271 34 13 3272 89 21 3273 22 16 3273 91 8 3274 20 25 3283 21 6 3283 44 26 3283 71 12 3284 19 30 3286 90 24 3291 41 10 3293 55 4 3295 61 27 3306 43 12 3308 26 7 3310 72 9 3315 2 7 3318 88 9 3322 100 29 3325 63 30 3339 60 17 3341 58 2 3345 2 21 3345 74 26 3349 71 5 3353 37 4 3353 47 31 3354 49 25 3356 45 31 3360 33 14 3363 13 0 3364 21 31 3365 61 14 3366 10 4 3372 95 0 3373 18 0 3374 18 11 3374 91 23 3375 48 22 3379 77 7 3380 45 4 3382 82 23 3396 73 8 3400 31 16 3405 78 25 3406 5 1
310 1033 0.0001 78 78 9 80 13 19 80 47 24 83 4 15 91 46 31 96 63 25 96 86 13 101 53 28 107 33 0 123 84 22 125 11 21 125 16 3 125 30 14 126 17 15 130 64 28 130 91 12 131 69 8 132 80 3 134 65 17 136 57 12 137 7 2 147 98 19 148 48 15 155 25 6 161 80 24 163 24 16 163 47 11 165 91 25 172 42 7 173 5 21 173 37 11 175 43 21 179 10 19 182 87 18 186 26 15 187 75 28 189 74 20 194 31 30 195 70 29 197 30 5 200 21 29 201 27 12 203 29 20 205 13 16 206 44 13 214 8 26 217 7 28 222 65 12 225 98 22 229 47 7 234 56 4 240 92 4 243 11 6 244 17 2 249 71 2 254 64 14 259 30 19 260 9 0 262 75 9 264 71 10 267 9 18 271 67 10 273 74 10 274 84 24 276 26 16 276 56 1 278 55 28 285 10 30 290 40 13 291 66 13 292 33 23 296 93 30 299 9 10 304 50 0 308 43 22 311 39 7 313 31 6 318 6 13 318 55 5 319 71 8 320 96 29 323 99 7 326 59 19 327 70 24 329 16 27 330 48 6 334 10 8 337 64 15 339 81 22 341 54 3 341 80 0 342 98 29 345 19 28 351 7 8 351 90 29 352 11 22 354 6 26 354 66 17 358 72 5 365 1 26 367 23 5 368 11 2 371 85 9 375 45 27 377 81 26 379 0 30 381 41 4 382 23 30 396 54 10 401 23 18 401 27 27 402 90 18 406 53 0 408 81 2 410 16 28 414 21 27 423 74 23 427 78 18 432 50 18 434 87 31 435 16 22 440 36 22 443 23 3 449 88 30 450 2 3 464 43 1 466 74 6 469 21 0 469 72 0 471 16 12 478 62 20 483 11 6 486 30 24 486 69 2 488 21 16 490 70 26 494 100 24 495 64 15 496 85 29 504 72 15 508 0 12 511 96 10 517 37 21 518 64 22 518 69 29 525 81 12 528 30 9 528 80 14 529 76 16 530 69 17 543 35 21 543 64 4 545 96 14 546 2 26 547 97 10 548 30 22 548 89 30 550 10 21 551 83 24 553 24 8 556 86 19 559 93 29 564 19 15 564 29 17 567 63 13 570 16 13 570 62 9 570 78 27 571 24 14 573 11 27 575 95 21 586 22 28 588 18 14 589 12 3 593 77 8 597 11 23 600 0 27 600 48 2 605 40 25 616 2 3 616 35 22 620 82 14 627 95 28 628 67 11 629 57 24 631 74 28 640 17 21 645 27 4 646 97 13 660 27 7 661 17 6 663 85 3 667 40 27 669 69 3 677 17 28 687 85 16 690 22 8 702 1 16 702 20 14 702 81 29 705 71 20 705 71 21 706 54 17 706 83 17 707 95 4 709 92 5 719 36 22 729 16 5 730 95 7 733 81 23 734 3 27 736 9 23 737 56 26 738 56 23 738 94 6 741 28 31 741 76 4 741 86 31 743 44 18 745 20 17 749 23 30 753 68 25 760 48 15 761 85 24 764 90 22 765 25 27 765 57 21 773 94 7 775 58 13 775 86 5 775 98 11 779 78 8 787 34 8 792 24 23 799 0 17 801 86 16 801 89 26 802 68 15 802 98 4 803 99 18 805 51 30 805 100 7 810 96 2 811 27 8 813 48 6 814 25 23 820 8 4 834 86 12 838 96 21 839 29 27 845 2 12 854 40 23 855 7 17 856 78 4 860 48 28 866 10 21 866 50 21 868 9 24 872 7 4 873 45 19 875 81 26 881 36 16 888 2 9 890 44 0 894 69 15 896 60 2 899 51 20 900 94 14 903 47 6 908 75 17 910 73 2 918 64 24 921 85 2 922 4 12 922 19 4 925 95 10 932 83 31 933 95 8 937 29 14 937 59 5 940 31 30 940 92 2 943 5 13 944 64 13 945 66 25 952 92 22 953 1 2 953 98 29 955 40 29 955 55 31 959 51 18 966 48 7 967 73 20 983 92 20 989 59 30 992 48 1 999 58 5 999 70 7 1002 35 18 1016 86 26 1017 19 25 1017 97 11 1020 30 20 1022 74 20 1023 63 7 1034 64 15 1038 9 8 1038 37 25 1042 68 28 1045 95 29 1047 75 11 1048 3 26 1048 40 1 1048 46 26 1048 96 25 1051 14 0 1053 6 31 1056 57 22 1059 21 29 1059 80 31 1059 84 13 1064 29 22 1067 91 31 1069 73 19 1071 5 1 1078 44 24 1100 74 21 1106 81 28 1107 42 31 1111 97 15 1114 96 20 1116 60 7 1116 82 14 1117 95 29 1127 15 14 1128 50 19 1130 58 22 1132 34 9 1135 54 10 1138 100 29 1139 30 20 1143 52 4 1147 14 29 1150 17 10 1155 57 27 1165 46 7 1165 94 13 1169 64 7 1170 44 4 1170 97 6 1173 8 6 1178 36 2 1179 47 19 1180 91 29 1181 47 19 1182 54 2 1184 66 0 1187 100 30 1194 77 21 1201 25 4 1201 100 17 1202 0 18 1202 24 10 1215 7 20 1215 8 12 1218 84 25 1219 78 27 1221 28 14 1221 89 4 1225 14 3 1229 26 17 1231 2 23 1235 51 15 1236 3 3 1236 97 21 1238 0 31 1248 20 31 1249 85 4 1252 78 6 1256 40 31 1257 76 7 1258 6 12 1258 70 2 1261 10 11 1261 70 26 1265 85 28 1266 96 31 1269 3 1 1277 28 14 1280 91 8 1284 91 6 1285 61 26 1287 7 25 1288 31 2 1291 100 28 1310 89 30 1311 99 26 1317 67 17 1319 40 22 1321 74 25 1332 82 2 1336 3 22 1336 96 8 1338 5 14 1345 83 19 1346 62 19 1353 80 25 1354 12 3 1362 100 12 1364 96 2 1365 20 15 1369 42 20 1374 45 3 1374 94 13 1375 29 18 1376 74 20 1377 10 1 1380 8 0 1380 90 14 1396 21 20 1397 14 26 1399 29 18 1399 99 15 1400 37 0 1401 61 4 1404 47 3 1405 1 19 1411 7 10 1411 20 14 1417 28 23 1422 67 31 1425 55 8 1427 19 12 1433 29 2 1445 23 19 1446 2 9 1448 24 21 1453 89 2 1455 24 17 1456 75 23 1457 46 11 1460 74 14 1465 89 25 1489 70 0 1491 98 25 1492 1 7 1496 44 10 1498 57 19 1499 10 19 1501 82 23 1502 11 22 1505 36 14 1509 8 13 1509 90 14 1521 49 10 1521 59 7 1522 5 19 1523 18 19 1523 97 1 1524 36 21 1526 44 20 1528 78 7 1529 17 17 1530 45 21 1530 62 0 1532 5 8 1534 13 1 1535 5 21 1535 92 22 1537 65 15 1538 35 26 1539 97 18 1540 27 8 1548 12 7 1550 87 0 1555 83 24 1556 6 8 1564 98 0 1566 9 26 1568 39 30 1568 75 19 1574 74 21 1577 42 2 1582 4 4 1586 39 4 1587 49 28 1588 55 28 1588 67 6 1588 94 13 1590 40 11 1591 8 19 1592 6 23 1595 62 6 1596 9 18 1599 47 13 1602 6 17 1604 81 13 1606 92 17 1607 90 31 1610 96 3 1617 73 23 1619 49 17 1624 84 23 1627 39 19 1636 37 24 1638 36 31 1640 80 11 1646 35 1 1646 61 2 1647 13 20 1647 51 29 1649 90 31 1650 48 0 1653 94 8 1658 65 4 1667 31 4 1668 93 18 1670 61 26 1808 17 26 1808 46 14 1823 14 22 1823 53 7 1824 80 29 1829 64 29 1830 83 30 1837 52 0 1845 25 15 1849 28 0 1852 80 24 1858 32 19 1861 27 15 1863 83 24 1875 46 30 1881 92 13 1894 0 16 1898 62 16 1898 64 22 1899 1 10 1912 94 20 1913 33 22 1914 2 23 1916 37 19 1916 69 29 1920 23 27 1920 44 18 1928 77 22 1928 91 24 1931 54 12 1933 63 14 1936 37 5 1942 72 8 1945 31 1 1947 7 28 1959 52 24 1961 9 5 1963 19 5 1969 12 7 1969 76 30 1970 34 24 1970 63 25 1975 1 20 1975 25 25 1980 5 24 1980 35 11 1982 56 20 1982 61 11 1984 79 3 1986 0 14 1988 46 24 1988 98 15 1991 2 7 1996 77 31 1997 24 16 1997 81 2 2000 96 17 2002 27 11 2006 67 0 2007 82 29 2007 99 14 2008 82 0 2008 92 21 2015 21 18 2020 50 18 2020 98 19 2023 65 12 2025 75 17 2030 47 0 2038 61 8 2040 6 5 2040 82 24 2041 24 31 2047 33 11 2047 53 30 2048 94 4 2049 43 9 2056 25 18 2063 43 20 2068 34 21 2070 37 29 2070 68 27 2079 24 4 2087 81 13 2088 98 22 2090 45 28 2091 1 22 2095 19 10 2101 94 27 2103 49 25 2104 81 24 2106 29 20 2108 1 22 2108 56 26 2110 11 27 2112 37 22 2112 40 27 2116 1 9 2118 66 1 2123 44 26 2123 90 26 2123 92 26 2126 81 11 2131 97 2 2132 74 10 2133 39 8 2141 84 12 2142 74 23 2143 24 9 2145 7 30 2151 58 29 2151 82 30 2153 63 31 2161 61 10 2167 98 6 2169 66 1 2175 86 15 2178 22 4 2180 89 6 2190 17 20 2191 50 27 2191 55 31 2195 24 1 2199 12 9 2199 24 16 2200 28 23 2204 89 2 2207 0 27 2207 62 12 2211 78 14 2214 61 31 2216 30 13 2216 33 25 2216 39 16 2226 51 8 2231 47 30 2238 92 24 2240 17 26 2241 80 31 2242 79 17 2243 16 23 2243 100 24 2248 96 28 2253 16 29 2259 66 18 2260 97 3 2262 19 23 2266 66 17 2270 9 18 2271 71 27 2276 18 9 2277 2 4 2279 90 27 2281 22 2 2283 53 5 2292 36 6 2292 69 16 2299 37 25 2309 35 18 2311 18 1 2312 77 8 2314 41 10 2315 18 14 2315 82 7 2317 84 8 2324 80 8 2326 55 19 2328 46 23 2330 90 30 2331 99 30 2336 37 11 2341 66 2 2345 15 6 2354 10 25 2354 63 28 2357 18 22 2358 7 1 2359 62 12 2367 76 2 2368 68 26 2373 24 18 2376 34 8 2378 15 18 2378 71 17 2379 56 25 2383 12 17 2383 98 2 2390 7 0 2393 67 20 2395 28 19 2398 3 8 2399 25 26 2403 37 11 2405 3 29 2405 86 6 2411 4 0 2417 46 27 2424 64 15 2426 11 21 2429 97 24 2433 84 28 2434 75 24 2436 31 14 2437 15 31 2440 31 12 2441 88 6 2445 78 11 2448 30 29 2450 70 13 2450 80 8 2451 98 28 2452 86 22 2455 32 16 2456 87 30 2456 90 6 2465 77 13 2467 63 27 2468 29 23 2469 41 1 2469 84 13 2469 95 14 2473 26 1 2476 80 14 2479 42 24 2481 80 8 2487 8 26 2490 80 16 2491 44 18 2493 73 31 2493 97 27 2497 6 5 2500 14 21 2506 2 7 2506 59 0 2506 97 6 2508 29 13 2509 21 24 2509 32 24 2513 95 11 2515 24 20 2517 53 18 2518 87 3 2521 42 23 2524 77 4 2526 19 5 2528 4 11 2529 70 22 2529 71 7 2530 47 28 2530 49 7 2534 66 28 2536 74 2 2538 54 2 2539 20 0 2542 84 7 2543 77 31 2552 24 26 2553 72 1 2558 23 29 2563 9 9 2563 12 25 2563 45 8 2578 9 25 2581 42 20 2583 15 15 2583 16 20 2586 17 27 2587 36 17 2591 95 13 2592 28 8 2593 85 5 2595 36 27 2595 98 28 2600 38 16 2606 91 17 2607 83 15 2608 89 24 2610 67 20 2611 46 27 2621 63 25 2621 68 5 2621 85 1 2622 20 15 2631 2 4 2636 29 29 2636 31 11 2638 80 13 2646 10 23 2646 44 11 2646 92 18 2653 80 17 2654 27 5 2659 58 19 2659 84 17 2661 30 10 2664 20 10 2669 20 0 2670 54 8 2672 43 8 2675 9 30 2676 99 9 2682 5 16 2687 46 11 2687 75 6 2689 5 13 2690 41 22 2697 71 21 2698 22 25 2699 12 19 2701 91 15 2707 46 3 2711 25 2 2712 13 3 2713 43 26 2716 11 26 2719 10 5 2725 7 5 2726 51 1 2726 55 22 2730 100 6 2732 76 16 2736 12 19 2737 41 18 2740 17 25 2746 41 4 2750 89 7 2752 81 2 2754 19 15 2754 21 27 2762 96 6 2768 93 19 2769 30 4 2770 97 28 2771 76 12 2775 6 12 2775 94 14 2777 3 30 2789 3 10 2795 91 26 2799 48 22 2801 70 17 2809 62 30 2822 100 6 2823 0 29 2831 45 21 2834 98 23 2840 27 2 2841 5 11 2842 58 10 2845 70 2 2852 16 8 2856 17 23 2858 26 19 2859 41 21 2859 46 9 2859 62 10 2859 84 0 2863 13 5 2875 81 30 2877 88 26 2882 25 7 2885 59 29 2887 83 25 2888 2 27 2888 85 25 2892 10 31 2893 13 23 2897 85 0 2906 32 11 2909 81 11 2910 85 9 2912 36 11 2916 30 6 2917 44 30 2922 8 5 2922 34 31 2923 27 13 2930 79 5 2931 100 11 2939 22 21 2941 68 6 2944 23 5 2947 44 23 2954 29 4 2958 89 31 2962 67 24 2966 61 3 2967 73 8 2974 56 8 2975 38 23 2982 11 29 2984 23 17 2989 0 16 2989 11 25 2992 95 1 3000 15 15 3005 94 21 3007 8 30 3010 46 10 3014 93 6 3015 94 27 3021 26 27 3030 14 7 3031 73 12 3036 70 0 3037 41 30 3038 16 22 3043 72 9 3043 74 25 3045 19 14 3047 40 3 3050 39 17 3051 96 20 3056 40 3 3058 48 6 3062 28 11 3062 92 10 3067 1 1 3067 79 28 3069 19 20 3074 66 4 3076 71 15 3081 9 5 3084 81 1 3091 36 4 3093 32 16 3094 26 12 3098 75 16 3105 56 28 3106 8 22 3106 67 16 3107 24 13 3108 37 10 3115 71 17 3123 71 5 3125 85 19 3129 9 23 3135 61 15 3136 5 27 3140 60 28 3152 1 1 3152 29 22 3152 45 11 3161 24 24 3162 83 15 3164 68 22 3174 16 16 3174 77 22 3175 75 7 3180 84 5 3184 15 11 3184 36 20 3185 42 31 3188 18 21 3198 92 13 3199 10 1 3200 40 16 3200 81 16 3204 96 21 3207 46 12 3210 68 16 3213 36 0 3213 41 16 3213 72 4 3217 60 4 3218 14 29 3220 7 5 3220 93 19 3221 74 13 3235 3 18 3237 74 25 3238 15 4 3239 25 9 3239 51 27 3245 57 4 3246 87 7 3251 43 28 3258 94 2 3263 5 12 3269 60 6 3283 66 26 3289 77 12 3296 32 21 3297 54 30 3305 77 0 3307 75 19 3311 75 1 3313 76 29 3314 32 16 3318 4 18 3320 24 26 3323 11 25 3328 78 19 3330 49 27 3332 0 0 3333 50 20 3334 78 30 3335 28 21 3339 100 27 3345 19 31 3346 77 24 3355 74 24 3356 57 24 3361 14 16 3362 11 4 3372 15 12 3374 48 29 3376 22 18 3384 88 28 3386 35 24 3388 32 31 3393 94 16 3397 19 24 3398 67 2 3403 94 31
311 1033 0.0001 75 30 26 75 69 23 76 49 15 76 100 21 84 7 31 85 8 15 85 38 1 87 43 3 96 3 10 98 22 10 101 31 8 102 26 23 109 62 5 119 48 15 122 13 0 124 98 30 128 67 1 130 33 29 136 15 21 139 30 2 141 7 15 142 74 0 150 88 6 158 90 27 159 76 0 163 30 20 163 91 11 164 84 16 164 86 27 172 73 17 178 28 11 179 30 11 181 15 18 186 31 19 187 64 22 191 90 17 192 20 5 192 99 21 194 4 1 196 86 17 197 26 25 199 80 14 200 100 31 203 14 10 214 73 13 214 78 15 216 71 21 218 85 13 224 1 18 224 22 21 224 81 25 225 42 4 225 92 22 232 73 0 234 47 14 237 20 4 240 94 20 244 56 16 244 76 27 246 29 16 247 77 22 258 2 12 262 25 2 264 71 31 265 13 7 267 95 8 274 37 30 289 2 23 290 36 13 295 78 25 303 64 14 305 15 25 307 59 21 314 53 13 317 44 10 318 48 29 327 55 11 331 72 27 331 90 7 336 22 0 338 58 4 339 1 31 339 72 3 341 14 6 342 0 8 344 69 21 349 38 10 353 1 6 360 49 21 361 43 31 362 65 29 365 24 14 367 64 3 368 26 27 382 85 8 382 91 3 388 35 31 390 17 18 390 31 17 391 59 23 391 93 2 396 17 5 396 78 10 400 69 3 400 95 31 400 98 8 402 100 31 406 100 29 409 71 9 411 62 31 418 52 10 420 24 6 420 49 1 425 82 30 429 4 27 432 11 9 437 41 19 439 25 16 440 79 28 442 70 31 443 42 8 444 69 15 446 43 5 447 28 28 447 31 1 447 58 31 451 99 22 454 36 4 463 78 14 475 14 28 475 24 29 479 2 29 483 24 12 483 76 26 485 60 24 495 56 9 498 85 31 501 19 21 502 31 13 502 85 8 506 41 8 506 100 16 508 95 31 512 96 19 517 11 4 518 76 14 523 83 1 524 68 10 528 4 22 528 26 7 530 86 12 530 92 27 533 75 22 534 35 17 534 35 25 534 52 11 538 29 20 548 95 31 551 53 17 551 80 11 552 33 6 556 96 23 558 62 16 560 13 12 563 64 29 564 86 7 567 100 26 570 51 17 571 11 1 573 2 20 573 75 12 574 90 30 581 27 22 584 35 16 591 12 18 592 100 23 595 52 17 596 84 2 599 49 29 604 42 19 605 0 9 607 29 29 607 45 0 608 75 9 609 98 31 610 96 27 614 38 4 619 61 16 627 44 25 629 58 23 632 37 26 633 20 1 633 39 22 643 16 3 645 43 15 646 45 29 646 99 16 647 19 25 649 98 12 650 29 0 655 19 1 658 88 8 660 47 13 662 78 18 662 82 5 667 80 14 675 18 14 679 100 6 680 99 9 681 34 31 683 21 11 689 66 15 691 21 1 696 40 21 698 51 16 698 100 0 706 23 29 708 2 28 708 89 6 712 58 31 713 42 31 721 7 24 721 36 9 723 9 1 725 37 11 728 64 16 731 45 28 734 65 3 734 75 28 744 30 8 748 42 12 753 58 28 757 33 30 758 42 15 758 100 6 759 65 22 766 52 14 766 58 22 767 39 25 767 40 2 770 24 21 771 50 19 771 68 0 780 86 27 784 54 11 791 66 8 802 14 12 804 45 20 805 82 3 812 29 1 813 50 15 813 95 6 813 97 12 820 59 18 821 2 1 823 9 14 825 6 22 827 48 12 831 31 22 833 84 13 840 2 1 843 47 19 844 7 17 847 66 18 848 1 8 848 16 17 851 61 5 854 67 12 858 0 20 868 90 29 869 15 30 871 42 26 871 65 17 873 42 23 875 48 4 876 49 1 876 80 19 884 27 7 884 43 9 885 8 31 890 55 30 896 51 7 898 77 0 901 33 9 902 82 9 903 7 19 906 64 20 909 41 13 915 55 2 919 3 20 929 85 13 937 96 9 938 32 1 941 48 11 942 34 10 944 89 9 946 44 6 948 97 6 951 43 4 953 26 11 954 74 2 959 12 3 959 69 22 959 97 21 968 3 21 971 99 31 978 3 2 985 9 20 985 95 13 987 50 12 987 65 12 994 19 3 994 93 5 995 97 19 996 17 11 998 9 29 1004 49 30 1011 82 21 1016 3 10 1018 68 0 1024 25 22 1024 57 1 1028 95 17 1029 85 20 1032 26 21 1038 22 5 1038 89 9 1045 1 1 1048 52 28 1051 76 6 1055 26 4 1058 83 7 1062 43 2 1063 63 26 1065 6 17 1067 87 1 1071 58 21 1073 19 15 1074 41 13 1075 37 16 1076 87 26 1080 83 10 1081 10 26 1082 49 11 1082 59 25 1084 60 8 1086 27 11 1086 60 12 1088 74 23 1089 33 22 1091 97 31 1099 95 9 1100 38 26 1102 80 17 1103 91 22 1109 53 2 1115 24 9 1125 48 13 1125 83 30 1130 57 27 1132 37 4 1139 67 6 1142 79 26 1148 7 28 1151 50 9 1151 50 11 1151 55 4 1153 87 9 1154 77 26 1155 71 5 1156 53 30 1156 66 8 1160 80 9 1164 55 13 1171 26 30 1173 0 15 1175 38 11 1176 11 31 1176 49 0 1176 66 21 1176 67 21 1179 36 28 1185 50 2 1194 80 26 1199 49 30 1199 60 23 1211 48 2 1214 81 23 1217 44 4 1220 64 1 1222 82 28 1223 30 22 1224 62 19 1227 56 24 1228 78 5 1230 61 0 1234 42 22 1234 46 29 1234 100 7 1236 70 25 1239 32 7 1242 59 20 1243 39 19 1245 9 7 1252 82 5 1256 25 12 1258 79 4 1268 3 9 1278 8 2 1284 83 11 1284 85 24 1286 30 16 1286 56 23 1287 46 12 1294 44 7 1301 28 17 1306 8 6 1306 86 22 1307 7 28 1322 83 26 1324 76 1 1324 97 10 1327 57 7 1334 68 2 1336 35 13 1339 19 2 1340 61 19 1341 66 16 1350 43 29 1351 57 2 1351 89 20 1352 46 28 1357 76 6 1360 95 13 1362 7 0 1374 30 14 1376 82 24 1378 25 31 1378 29 21 1382 65 13 1384 24 20 1386 2 27 1390 59 14 1391 82 3 1392 84 1 1394 52 9 1396 23 17 1396 81 11 1400 11 29 1401 70 21 1407 5 8 1409 78 0 1409 98 17 1413 46 8 1415 16 24 1416 81 28 1420 40 14 1422 58 15 1423 69 1 1429 4 21 1431 22 20 1431 44 14 1445 29 19 1446 65 18 1449 33 11 1453 93 24 1455 38 16 1455 81 23 1459 24 6 1459 54 30 1460 7 15 1462 4 12 1465 55 15 1474 43 8 1481 78 3 1483 10 17 1497 79 21 1504 19 3 1506 83 14 1509 70 21 1512 4 10 1521 33 23 1529 94 15 1533 5 28 1537 64 17 1538 37 1 1539 42 29 1540 27 16 1547 84 24 1561 4 28 1566 4 24 1567 10 13 1572 5 13 1572 64 24 1574 90 31 1574 99 0 1576 56 26 1590 87 5 1596 42 2 1599 90 17 1600 18 15 1606 95 0 1610 82 3 1614 78 17 1617 96 23 1620 17 29 1620 32 25 1624 0 26 1625 83 11 1625 94 7 1626 52 5 1632 23 5 1640 22 1 1644 34 22 1647 91 28 1647 97 18 1653 26 0 1654 65 14 1661 77 15 1666 62 27 1669 40 25 1816 24 18 1823 10 22 1827 37 3 1828 29 4 1829 43 2 1832 88 14 1834 36 6 1835 32 8 1836 53 10 1836 64 18 1839 53 12 1845 54 14 1846 22 28 1855 69 14 1856 32 21 1857 3 30 1857 5 29 1860 52 8 1866 48 26 1868 62 25 1872 30 4 1872 34 25 1874 89 1 1877 60 0 1879 84 29 1881 98 30 1883 56 26 1885 29 26 1885 88 23 1887 36 12 1890 82 15 1894 26 15 1894 81 8 1896 5 17 1896 10 10 1901 98 7 1902 20 6 1902 84 6 1903 55 12 1904 89 4 1905 77 26 1906 38 5 1906 40 28 1909 7 10 1911 47 7 1914 82 7 1920 27 9 1922 66 12 1923 86 20 1924 62 9 1927 69 17 1927 91 10 1928 90 4 1932 81 5 1933 11 30 1933 27 14 1933 98 26 1935 23 7 1940 53 10 1942 37 0 1943 88 15 1945 4 4 1945 55 18 1947 35 25 1947 70 11 1951 87 13 1956 11 22 1956 35 0 1957 33 18 1977 24 8 1983 18 5 1983 90 27 1986 59 2 1988 72 24 1989 19 20 1989 53 31 1989 69 5 1995 27 14 1999 26 29 2003 78 3 2004 17 31 2005 53 10 2007 62 8 2007 100 28 2009 49 26 2016 76 1 2018 47 16 2020 62 21 2022 17 25 2024 53 6 2033 83 10 2038 67 22 2039 1 26 2039 73 19 2046 34 14 2056 21 23 2061 74 31 2069 24 15 2069 43 15 2069 46 3 2074 14 20 2074 61 9 2083 19 31 2084 24 1 2086 80 16 2089 68 4 2090 21 22 2092 87 27 2093 47 11 2093 63 11 2103 72 29 2106 23 23 2116 86 13 2121 71 19 2125 54 30 2126 99 4 2139 23 27 2141 22 20 2142 35 9 2146 29 16 2149 38 16 2163 83 3 2163 94 8 2168 18 7 2173 94 10 2177 2 2 2184 46 22 2189 39 11 2195 11 12 2195 23 31 2202 100 5 2205 74 14 2208 47 10 2208 73 0 2209 56 6 2223 5 20 2225 91 22 2228 17 5 2234 95 2 2237 51 28 2240 92 14 2245 59 22 2246 16 3 2253 25 13 2253 43 11 2257 67 21 2258 70 23 2259 93 9 2262 58 4 2266 83 13 2272 53 19 2272 85 20 2276 77 9 2277 10 20 2278 83 1 2279 49 11 2282 94 30 2288 11 26 2290 34 2 2290 55 26 2292 1 22 2298 67 7 2303 28 16 2303 90 0 2307 1 12 2323 18 15 2326 77 17 2326 99 8 2328 19 21 2333 77 29 2345 54 2 2369 85 29 2369 89 14 2371 17 13 2371 22 14 2373 98 7 2376 66 12 2376 100 19 2378 75 22 2380 65 5 2388 5 20 2389 51 31 2397 23 13 2406 39 15 2406 46 10 2407 89 2 2408 2 8 2408 96 18 2417 57 13 2421 100 3 2423 63 22 2429 27 11 2429 52 22 2442 73 12 2443 32 20 2443 90 30 2449 36 11 2452 92 19 2465 90 3 2467 39 14 2468 45 25 2469 8 4 2469 87 16 2473 91 15 2475 43 30 2483 9 1 2486 56 6 2493 6 0 2493 28 12 2493 89 22 2494 19 11 2500 80 12 2500 94 15 2505 80 29 2515 40 13 2520 38 8 2520 56 24 2524 28 12 2525 37 4 2526 85 18 2528 25 31 2528 53 15 2532 81 0 2533 9 22 2533 84 22 2539 99 20 2543 86 15 2547 13 31 2548 17 18 2550 96 3 2555 17 11 2556 42 23 2562 39 18 2566 65 19 2569 97 6 2577 17 1 2577 18 22 2582 81 18 2583 59 10 2586 18 14 2588 38 17 2588 68 30 2589 8 24 2592 37 5 2592 63 25 2595 36 31 2595 40 31 2596 30 5 2599 37 3 2603 63 29 2605 18 3 2605 43 23 2606 9 9 2606 96 18 2611 57 5 2623 24 29 2623 58 21 2623 94 20 2624 2 27 2628 15 16 2628 94 19 2637 61 15 2641 19 25 2641 56 12 2653 49 14 2658 86 7 2659 61 17 2661 62 24 2662 36 30 2667 94 18 2668 57 22 2669 18 30 2673 44 7 2675 25 12 2677 84 26 2699 85 10 2702 85 22 2709 63 23 2711 17 24 2712 23 5 2712 59 4 2714 52 20 2721 66 23 2726 9 21 2729 67 29 2730 97 16 2731 15 5 2737 63 15 2738 31 28 2740 7 12 2743 12 23 2748 64 16 2753 16 28 2759 31 11 2761 75 12 2768 19 5 2770 83 31 2774 10 20 2775 98 29 2777 63 25 2781 26 3 2787 29 29 2791 43 5 2791 67 6 2793 48 21 2795 85 22 2802 20 2 2805 11 9 2805 93 17 2817 48 19 2820 0 14 2825 65 28 2829 54 12 2832 13 4 2832 63 21 2836 45 7 2840 31 2 2840 58 20 2841 71 29 2841 92 28 2842 82 16 2843 15 6 2843 90 16 2848 71 26 2855 85 19 2858 72 27 2865 86 12 2866 80 14 2866 88 0 2869 85 8 2871 5 30 2876 61 7 2876 65 3 2877 78 18 2881 39 4 2882 78 5 2886 14 16 2889 14 16 2891 92 3 2895 83 6 2896 17 5 2899 13 26 2900 60 27 2901 2 10 2905 28 16 2912 95 10 2915 55 25 2916 51 29 2919 68 29 2921 99 30 2932 34 16 2932 93 18 2934 84 4 2935 30 22 2939 94 1 2943 20 9 2943 89 30 2944 61 28 2944 81 3 2946 67 26 2947 81 12 2951 0 10 2951 1 30 2956 43 6 2956 44 26 2964 82 0 2978 12 30 2984 58 5 2984 91 5 2986 30 29 2986 50 5 2988 99 5 2989 14 7 2991 9 25 2994 50 20 2994 95 21 2996 13 0 2997 31 28 2998 88 13 2999 75 19 3001 38 27 3002 98 9 3003 56 10 3006 45 3 3009 94 30 3019 82 1 3024 63 28 3024 77 29 3033 30 0 3034 62 4 3034 75 29 3034 99 29 3038 86 17 3043 35 22 3046 33 30 3049 60 20 3050 32 11 3055 86 13 3055 98 17 3057 37 5 3061 34 27 3070 75 19 3073 13 0 3073 59 25 3073 83 19 3075 16 23 3075 74 13 3081 12 10 3085 51 28 3086 12 10 3087 80 5 3090 96 1 3096 68 15 3109 28 4 3111 77 26 3115 16 1 3117 11 17 3117 81 19 3120 63 25 3121 29 8 3123 45 24 3127 19 3 3129 29 7 3130 48 6 3130 100 22 3131 77 21 3135 74 18 3140 55 5 3144 3 12 3144 27 4 3144 30 7 3144 36 12 3146 84 4 3161 18 27 3165 53 18 3168 19 14 3170 83 30 3171 13 27 3179 41 26 3182 30 14 3183 25 5 3183 56 30 3193 88 3 3199 16 16 3201 8 15 3208 12 6 3210 47 28 3211 14 22 3216 53 0 3219 97 9 3221 36 30 3221 37 15 3222 31 8 3223 71 26 3224 19 23 3225 9 27 3228 94 2 3235 12 5 3241 7 22 3248 33 20 3248 34 7 3251 35 11 3251 53 20 3253 25 10 3259 59 6 3260 54 16 3264 45 6 3270 41 18 3270 60 0 3271 91 8 3281 88 23 3284 37 24 3287 28 19 3291 17 31 3292 49 30 3296 34 26 3313 4 13 3313 86 4 3318 38 20 3319 70 4 3320 19 4 3325 59 10 3328 73 2 3333 85 13 3337 18 25 3337 33 5 3338 56 31 3341 56 14 3344 55 2 3344 76 10 3344 99 1 3348 86 12 3354 13 10 3356 20 9 3359 28 9 3364 70 2 3366 82 6 3370 13 4 3373 67 18 3374 41 31 3379 21 28 3382 48 23 3384 48 19 3388 6 23 3394 0 25 3396 5 3 3397 22 20 3399 89 23 3400 86 16 3401 17 28 3402 26 26 3404 46 28
312 1033 0.0001 77 92 20 81 41 15 83 63 8 84 44 19 91 50 10 92 71 19 95 59 9 96 32 18 97 38 4 97 100 30 98 17 2 99 91 22 102 37 24 106 21 0 107 28 4 117 1 9 120 9 28 123 62 10 125 76 26 129 99 22 131 61 8 150 82 18 153 97 30 159 44 29 163 49 22 164 45 9 165 6 2 167 30 15 173 31 3 174 98 5 180 57 18 182 55 24 183 33 0 183 97 3 184 54 7 185 100 0 187 51 4 195 96 0 196 42 4 198 67 20 206 8 20 207 24 2 223 25 3 225 78 19 227 6 23 227 8 14 227 79 5 228 95 26 232 37 22 233 66 13 234 7 22 236 27 2 244 1 16 244 36 11 245 9 15 246 73 5 247 64 28 261 41 22 264 90 30 266 60 20 267 66 17 268 9 27 268 62 9 269 48 0 274 66 6 277 9 17 278 89 28 279 47 18 279 81 4 279 90 12 286 81 16 286 81 24 290 27 11 290 36 30 292 0 19 302 47 8 304 96 4 306 49 21 309 56 29 309 89 28 310 56 17 312 34 10 314 30 24 319 40 11 323 90 7 327 0 30 330 64 6 331 13 9 331 36 31 331 44 4 335 23 22 346 44 29 348 2 11 349 18 21 351 9 2 353 68 17 354 98 17 355 16 0 363 89 0 365 6 17 367 24 21 369 84 9 371 48 17 376 51 23 377 96 21 383 37 7 383 83 21 389 87 17 393 22 3 399 41 6 399 65 0 402 98 24 410 74 8 413 16 19 414 79 30 416 11 19 424 29 23 424 47 14 425 99 9 428 34 15 429 1 20 429 8 31 432 69 30 436 100 16 437 71 16 440 18 20 441 33 30 441 39 8 443 29 23 445 52 29 445 92 5 449 0 6 453 51 26 455 24 5 457 31 7 464 48 4 467 23 15 471 70 20 473 57 29 476 46 2 480 82 3 484 28 19 485 65 18 494 63 17 495 69 2 501 10 10 502 61 19 506 17 28 510 29 28 513 33 17 518 14 10 522 43 29 529 16 1 529 94 15 534 52 30 535 70 9 540 31 12 541 6 21 541 86 29 544 56 7 547 19 22 547 92 16 548 95 21 549 82 26 553 47 22 554 10 17 560 13 5 563 40 20 569 85 20 573 82 16 582 13 18 583 56 12 584 0 2 586 3 24 589 25 23 590 0 18 596 45 30 602 22 28 602 94 21 605 86 19 608 35 6 622 68 7 628 6 13 629 58 2 633 3 3 637 76 12 640 84 17 645 98 20 647 15 14 651 11 14 657 13 27 660 13 3 671 98 25 672 50 12 672 81 4 675 63 30 678 15 22 678 42 4 682 90 0 698 23 5 699 18 1 704 57 3 708 57 9 711 67 0 712 94 10 715 73 5 718 93 2 724 5 19 728 46 17 729 16 0 732 59 20 733 79 7 741 98 16 744 100 0 746 39 14 748 46 26 751 92 11 754 54 29 756 80 0 764 71 18 766 15 9 767 3 11 767 83 28 769 25 28 770 55 2 772 58 13 772 64 6 772 94 4 775 95 29 778 6 10 780 17 25 780 95 2 790 0 4 792 39 30 792 57 6 795 99 9 797 4 11 810 23 14 816 41 20 818 82 8 834 22 11 835 68 31 838 52 26 839 39 29 839 49 20 840 73 6 846 58 16 846 83 12 849 71 29 860 88 15 860 96 3 861 20 13 867 63 9 872 3 23 872 49 30 878 37 24 883 65 21 885 50 0 896 59 19 900 32 8 904 18 27 906 32 1 908 42 26 910 76 19 913 32 17 918 72 1 922 39 18 923 37 1 931 99 18 947 91 0 953 4 21 953 43 27 960 39 6 968 8 19 970 79 6 971 92 4 972 76 7 973 58 20 975 27 13 977 4 24 983 55 1 984 89 15 988 3 20 994 25 20 994 38 9 998 20 7 1003 26 6 1004 50 23 1008 0 24 1014 10 0 1014 87 24 1015 47 25 1017 33 0 1020 89 4 1023 89 5 1024 89 22 1027 18 15 1031 28 4 1033 46 20 1040 94 12 1042 28 14 1042 92 5 1043 3 14 1044 10 2 1047 1 31 1054 41 2 1055 22 7 1060 17 21 1062 10 26 1062 44 26 1063 94 31 1065 15 21 1072 9 17 1079 76 3 1084 84 29 1090 88 19 1094 92 17 1096 94 7 1100 89 27 1103 11 22 1104 34 29 1105 27 30 1108 27 12 1111 96 8 1112 55 23 1121 85 24 1129 53 22 1131 38 19 1132 65 11 1133 20 7 1135 58 12 1137 28 17 1138 34 16 1144 65 29 1154 14 12 1157 1 20 1161 24 3 1166 2 3 1166 3 8 1167 68 15 1170 84 8 1173 9 21 1176 32 17 1178 2 21 1179 15 0 1186 21 20 1187 38 26 1189 41 31 1195 85 9 1198 63 26 1199 62 4 1203 16 2 1203 64 13 1204 70 3 1208 29 1 1208 54 5 1214 67 31 1215 28 22 1222 26 6 1224 93 13 1231 97 31 1232 41 5 1232 41 14 1235 81 21 1237 96 15 1238 57 4 1238 67 12 1238 68 2 1239 16 17 1241 35 19 1242 6 25 1242 66 30 1245 5 20 1255 33 4 1257 72 9 1259 39 20 1263 16 2 1270 78 6 1274 98 28 1276 6 23 1276 67 21 1278 94 16 1280 89 19 1281 69 13 1283 57 24 1299 38 28 1303 44 18 1303 56 19 1309 83 15 1310 29 9 1311 10 31 1313 30 25 1314 45 10 1315 97 28 1323 20 6 1327 4 8 1332 34 23 1336 82 30 1340 58 13 1341 98 20 1343 63 19 1344 13 7 1344 60 6 1345 59 26 1346 10 21 1347 51 0 1349 73 19 1355 90 15 1357 48 19 1361 32 6 1362 2 26 1363 67 18 1364 88 18 1378 99 4 1381 14 22 1383 12 26 1383 69 16 1385 13 13 1394 10 22 1397 66 2 1406 1 23 1406 52 31 1409 33 21 1411 19 24 1413 66 27 1415 83 3 1418 3 0 1420 88 27 1423 69 16 1429 1 17 1430 86 3 1432 72 7 1435 57 19 1435 73 22 1436 100 19 1444 40 16 1448 28 7 1449 16 0 1449 66 22 1450 7 27 1453 6 3 1454 90 20 1455 98 8 1456 50 10 1456 93 23 1462 62 13 1462 83 6 1463 55 6 1466 9 20 1468 47 13 1481 61 18 1482 96 27 1484 24 24 1489 44 31 1489 79 5 1497 69 10 1504 29 24 1504 46 3 1511 62 6 1512 98 20 1521 44 31 1521 86 5 1527 30 19 1539 46 25 1543 15 5 1544 36 15 1544 62 7 1544 78 0 1545 41 10 1550 79 17 1552 56 29 1553 25 1 1556 69 18 1560 82 13 1561 80 20 1563 26 6 1571 7 24 1578 99 6 1581 23 2 1586 57 29 1591 7 17 1595 49 25 1601 27 9 1608 62 25 1610 40 21 1625 11 29 1626 6 17 1626 92 27 1628 100 21 1629 71 7 1630 49 6 1631 81 9 1631 83 27 1633 94 24 1639 30 6 1643 21 3 1644 0 0 1648 56 25 1650 41 22 1651 40 15 1653 73 13 1658 56 20 1659 57 10 1663 41 15 1665 65 17 1668 75 20 1809 48 11 1811 47 18 1813 85 15 1815 58 7 1816 85 10 1817 6 5 1818 6 13 1818 47 18 1818 97 25 1820 80 3 1820 96 8 1826 31 10 1831 74 26 1837 93 17 1841 100 26 1842 42 19 1846 8 4 1849 66 21 1850 27 2 1855 9 24 1856 12 20 1863 29 0 1865 92 17 1866 70 24 1867 33 6 1874 90 12 1876 54 8 1890 69 10 1898 29 1 1900 8 20 1900 83 16 1901 48 18 1905 26 17 1906 69 18 1907 95 28 1911 58 12 1911 85 4 1913 7 0 1920 88 8 1923 49 15 1924 84 2 1926 68 5 1932 20 5 1937 99 25 1940 53 8 1942 2 26 1942 87 8 1944 16 10 1946 22 23 1948 15 2 1949 45 7 1952 14 2 1953 4 29 1953 21 22 1954 13 21 1954 73 14 1959 73 30 1962 60 11 1964 35 0 1965 13 1 1968 14 4 1968 88 31 1970 44 11 1973 25 20 1973 44 29 1974 64 15 1975 95 5 1976 78 2 1990 13 12 1998 13 2 1998 61 21 1999 0 14 2001 11 16 2002 75 6 2006 4 22 2009 65 23 2010 17 6 2014 42 19 2021 79 12 2028 4 7 2030 89 1 2033 38 25 2035 39 22 2035 87 28 2036 71 18 2037 57 13 2038 6 1 2039 83 28 2041 0 30 2044 7 10 2044 61 9 2045 39 2 2053 98 7 2056 10 26 2062 15 19 2063 62 2 2064 61 23 2066 9 30 2070 38 8 2077 60 9 2079 11 6 2083 82 4 2086 67 2 2087 0 6 2087 24 7 2089 33 15 2092 54 30 2094 88 16 2098 20 15 2099 75 12 2106 12 26 2110 3 3 2112 10 16 2114 93 13 2115 76 15 2116 69 31 2119 67 5 2120 23 7 2124 87 26 2128 43 29 2128 69 16 2130 30 31 2132 80 28 2133 31 13 2142 0 12 2144 35 4 2144 38 11 2145 53 10 2151 67 23 2152 71 11 2162 24 3 2166 1 2 2169 27 28 2173 70 9 2175 43 7 2180 1 2 2184 35 21 2184 57 17 2189 72 27 2190 5 9 2204 17 18 2204 60 19 2210 7 7 2211 27 1 2213 50 26 2217 1 13 2217 51 13 2220 100 28 2221 9 10 2221 38 2 2224 30 13 2231 89 5 2236 30 19 2243 25 19 2243 36 27 2244 32 1 2244 55 10 2250 68 11 2251 20 0 2251 95 16 2257 9 24 2257 30 21 2259 60 10 2259 84 11 2260 1 17 2261 17 18 2274 27 31 2274 59 21 2275 75 30 2276 64 23 2280 67 18 2280 79 15 2289 56 14 2301 84 21 2313 30 4 2313 48 9 2318 57 8 2321 79 24 2337 49 24 2338 1 27 2342 30 21 2351 79 22 2354 44 3 2359 2 18 2359 30 17 2364 93 19 2367 75 31 2376 37 19 2383 64 18 2386 45 21 2389 49 13 2391 54 0 2394 49 31 2395 54 27 2397 10 14 2400 58 30 2403 48 18 2406 73 17 2406 83 10 2409 100 16 2413 98 17 2416 53 30 2419 6 23 2419 68 5 2419 79 2 2422 29 23 2422 65 6 2424 85 16 2425 56 28 2431 2 6 2433 29 0 2435 45 27 2435 75 18 2438 32 16 2439 66 12 2445 90 3 2447 15 20 2448 17 26 2456 85 23 2457 95 22 2461 64 9 2465 86 2 2468 20 29 2471 43 6 2473 5 2 2474 18 2 2475 19 30 2476 46 6 2479 19 29 2482 47 24 2484 81 16 2487 96 31 2491 43 25 2492 78 24 2494 17 30 2494 88 26 2495 89 26 2500 65 31 2504 93 0 2506 67 10 2510 16 22 2510 17 4 2511 63 20 2512 41 2 2515 88 29 2519 43 26 2523 99 21 2526 16 31 2528 30 17 2532 62 11 2534 95 23 2538 44 31 2540 7 31 2544 82 26 2546 15 17 2547 60 9 2548 17 31 2548 88 20 2551 89 31 2561 32 12 2568 29 24 2572 69 29 2573 88 26 2577 85 20 2579 5 7 2586 59 0 2588 69 2 2588 80 8 2590 78 15 2591 31 20 2593 52 9 2597 77 31 2605 18 18 2607 25 27 2607 75 26 2610 49 29 2620 92 0 2621 85 0 2631 6 16 2640 57 18 2642 6 9 2647 40 13 2648 21 31 2648 45 13 2650 24 0 2651 40 10 2654 18 24 2654 57 20 2659 2 22 2659 89 9 2666 57 0 2666 70 17 2673 63 3 2681 76 11 2682 11 30 2685 85 26 2693 50 20 2696 0 26 2698 21 13 2699 20 17 2700 97 29 2702 88 26 2706 19 17 2706 59 0 2708 59 27 2709 54 8 2726 74 15 2730 41 12 2735 20 14 2737 18 17 2738 90 24 2739 72 8 2745 37 14 2748 14 19 2750 48 25 2753 82 31 2754 100 18 2759 31 24 2763 5 16 2764 35 25 2778 38 5 2782 43 6 2787 13 29 2793 73 6 2794 12 13 2801 84 6 2803 88 13 2804 97 23 2805 57 16 2806 30 16 2806 64 16 2808 82 19 2809 60 11 2819 16 2 2819 19 21 2828 85 10 2832 80 21 2836 63 10 2839 74 3 2843 59 24 2847 34 7 2850 44 4 2850 52 21 2858 0 4 2858 27 31 2859 19 25 2861 81 1 2861 97 24 2862 61 19 2866 34 21 2866 66 14 2866 98 18 2871 95 27 2875 1 13 2876 39 3 2879 45 7 2880 44 14 2881 20 5 2885 14 16 2889 38 20 2890 36 16 2890 87 24 2892 50 26 2894 32 21 2896 24 7 2896 43 1 2907 90 25 2909 63 10 2912 16 0 2914 82 14 2918 5 10 2919 85 18 2920 16 3 2922 28 15 2931 56 20 2931 73 21 2938 87 23 2941 1 11 2945 100 29 2954 70 12 2955 74 22 2957 41 27 2959 51 12 2960 4 16 2962 62 12 2964 0 19 2967 98 30 2968 65 19 2971 1 5 2973 25 14 2976 69 7 2977 87 21 2978 59 19 2979 69 28 2983 3 29 2984 52 18 2985 40 6 2987 86 5 2991 15 21 3002 22 5 3003 81 26 3010 61 23 3013 16 15 3017 78 0 3019 98 22 3021 11 1 3024 14 18 3030 46 7 3032 3 19 3056 88 1 3058 29 25 3060 92 16 3061 64 20 3063 29 2 3064 14 12 3064 54 30 3066 95 17 3069 77 23 3070 71 30 3077 85 5 3078 63 18 3079 35 17 3083 20 25 3084 35 28 3094 66 12 3097 11 30 3103 6 5 3103 85 23 3110 86 23 3110 97 2 3113 26 31 3115 82 23 3122 43 4 3127 53 8 3136 48 6 3138 36 6 3138 94 14 3140 29 6 3154 21 31 3154 54 13 3157 69 28 3157 93 18 3158 74 28 3164 89 2 3166 74 31 3170 20 18 3170 50 19 3170 94 22 3173 22 9 3174 100 4 3176 55 18 3177 46 0 3181 70 9 3181 95 26 3182 36 7 3183 59 2 3183 71 12 3187 72 6 3195 82 7 3205 95 24 3206 100 7 3210 64 13 3210 78 13 3213 82 8 3214 10 28 3217 4 27 3218 20 23 3218 60 14 3226 68 29 3229 83 0 3231 20 31 3232 17 30 3238 42 9 3245 86 3 3257 19 27 3258 94 29 3266 45 13 3268 88 19 3270 17 3 3273 86 28 3277 94 23 3279 66 13 3280 67 24 3286 70 0 3292 44 27 3292 87 28 3293 30 18 3294 63 11 3302 53 19 3308 26 8 3317 27 31 3319 11 13 3320 75 22 3324 56 4 3324 78 17 3327 16 22 3334 42 22 3335 17 4 3340 5 21 3340 29 12 3344 14 29 3351 15 3 3353 81 27 3355 36 24 3356 2 20 3359 77 24 3362 22 18 3368 42 15 3370 27 22 3370 56 13 3370 79 9 3377 81 27 3378 7 25 3379 55 17 3387 7 31 3387 17 10 3389 32 16 3392 90 28 3393 51 11 3395 46 31 3396 37 1 3400 1 22 3401 9 27 3402 32 15 3403 16 19 3406 2 4 3406 7 4
313 1033 0.0001 78 35 31 78 95 15 80 1 18 88 44 6 88 44 15 90 53 0 91 67 5 95 18 9 95 80 19 96 45 11 101 54 30 102 27 13 111 31 3 114 2 22 117 19 30 119 65 0 121 5 7 137 100 3 143 19 19 143 65 28 153 59 22 155 77 27 158 2 29 170 54 15 170 86 6 186 48 15 186 73 22 189 21 25 192 56 17 194 79 3 195 3 3 197 4 29 199 73 26 202 35 23 203 60 10 204 39 17 205 94 30 210 21 30 211 32 8 212 38 26 221 37 5 223 36 10 226 42 17 240 68 19 242 66 13 242 67 16 249 74 21 250 3 8 251 25 17 257 12 17 258 51 8 259 15 3 261 34 0 263 42 28 268 28 14 269 82 16 282 29 15 285 28 29 285 92 20 286 86 15 290 58 24 293 80 17 295 33 11 297 59 30 307 30 0 318 54 18 320 35 0 323 4 24 325 88 21 326 23 22 327 88 21 334 35 5 337 31 22 340 41 11 345 71 2 348 37 28 350 91 25 354 50 10 355 60 9 358 73 10 365 60 17 365 67 9 369 31 28 383 2 6 384 82 9 386 98 25 387 39 3 388 0 26 388 84 2 390 17 0 392 83 14 393 28 14 398 57 29 400 28 11 405 40 24 406 37 2 412 52 4 418 12 24 418 88 26 419 31 23 419 74 16 421 38 12 421 93 12 422 89 30 425 4 0 430 26 24 431 44 2 433 36 22 433 61 31 438 23 29 444 99 8 446 30 19 453 76 20 455 87 3 459 22 6 465 98 22 469 12 3 472 45 9 472 91 11 477 3 31 483 30 31 487 79 21 491 3 11 491 82 5 496 95 25 500 25 5 503 16 22 507 14 12 509 24 10 510 30 11 519 8 24 521 54 17 522 41 1 522 70 16 526 12 8 534 50 16 535 36 13 535 95 15 541 18 16 551 59 25 559 17 24 568 81 21 574 86 31 576 22 18 577 84 13 578 18 1 580 37 19 585 50 24 589 13 0 589 15 31 591 50 15 592 7 9 596 28 7 601 17 0 601 26 0 602 15 11 603 94 10 604 12 26 610 0 30 610 54 6 615 14 17 618 36 17 618 41 20 618 87 21 619 13 16 621 0 13 623 54 10 626 67 6 627 87 15 636 27 4 641 59 23 642 93 25 643 51 4 644 3 8 650 17 14 655 48 24 656 31 8 658 39 31 661 65 23 665 38 21 665 89 7 666 36 25 669 49 29 671 3 27 672 99 2 675 60 25 679 90 8 682 31 21 685 21 0 689 72 21 689 92 26 690 45 18 691 61 1 693 42 7 694 73 15 698 86 4 705 85 29 705 94 20 714 3 13 716 39 7 717 35 29 722 29 10 722 61 14 727 61 3 728 10 11 731 9 31 734 47 13 735 68 6 737 27 14 737 78 1 741 14 28 741 74 19 746 68 18 758 48 8 761 89 24 768 97 2 769 13 20 772 71 3 775 45 9 777 71 10 778 16 10 785 64 15 786 80 30 792 80 21 795 52 17 799 90 13 801 29 21 804 21 2 804 24 31 813 18 7 814 100 28 816 84 26 822 97 4 827 42 22 828 16 23 832 55 27 834 8 29 835 94 7 843 62 0 843 97 16 845 19 29 846 73 20 859 74 29 860 7 4 865 39 27 866 86 3 867 59 16 870 68 6 871 76 13 871 86 12 873 57 2 879 82 16 880 81 3 889 26 13 890 94 10 892 46 24 898 40 20 900 59 25 903 12 22 906 12 31 907 33 16 910 64 3 911 17 25 912 2 7 914 45 9 928 46 2 929 88 20 930 37 16 930 84 26 932 57 29 940 8 26 940 78 29 943 2 18 943 5 23 946 45 18 948 34 24 954 90 31 958 93 28 967 26 31 968 46 0 971 35 25 976 54 25 979 39 20 981 41 17 981 50 9 983 89 10 987 90 21 988 14 1 988 96 30 992 12 21 995 29 18 998 47 18 1003 9 25 1011 67 20 1014 14 22 1015 41 24 1018 21 17 1018 55 28 1021 60 16 1022 33 25 1025 19 0 1025 70 8 1029 37 3 1030 37 23 1034 40 22 1035 51 5 1036 0 9 1042 7 29 1044 78 20 1051 67 6 1057 26 9 1060 9 16 1063 52 15 1064 1 18 1065 10 8 1070 45 21 1071 31 20 1081 85 11 1086 96 1 1088 38 15 1091 3 13 1091 57 18 1093 28 23 1095 23 5 1096 56 20 1099 50 17 1104 5 3 1109 38 21 1109 52 12 1110 0 7 1112 87 5 1123 7 11 1125 75 26 1125 100 15 1126 26 22 1129 73 27 1131 42 9 1136 32 13 1136 58 2 1140 45 25 1145 78 25 1150 15 23 1153 29 10 1168 59 31 1173 99 18 1176 3 20 1179 16 2 1180 56 0 1181 72 18 1182 7 16 1182 16 1 1183 1 6 1196 6 28 1197 40 13 1197 54 8 1199 80 27 1200 72 14 1201 15 0 1205 93 14 1206 96 4 1208 36 18 1211 7 4 1217 98 8 1220 76 0 1223 55 27 1223 81 28 1226 37 24 1227 62 27 1229 80 19 1229 92 3 1230 93 6 1231 16 14 1236 68 23 1246 95 9 1247 1 3 1248 96 25 1250 57 20 1252 33 16 1255 56 24 1258 40 11 1258 67 26 1261 8 14 1262 0 1 1263 37 14 1271 35 17 1272 52 4 1273 1 4 1277 22 29 1278 26 22 1280 62 4 1282 22 3 1286 81 22 1288 28 14 1293 98 27 1302 45 22 1303 18 28 1303 31 26 1307 62 17 1309 74 18 1315 84 11 1318 56 17 1323 44 29 1325 64 31 1327 41 6 1330 73 5 1331 85 29 1332 34 18 1336 1 0 1341 74 16 1342 17 17 1346 81 18 1350 48 23 1355 96 0 1358 50 28 1361 34 21 1369 51 5 1377 26 22 1379 8 25 1381 9 2 1391 90 5 1398 52 6 1401 73 26 1402 45 12 1402 49 13 1406 79 25 1406 90 22 1411 78 18 1414 21 3 1415 68 17 1417 50 29 1419 91 18 1422 74 6 1424 76 4 1428 10 29 1434 53 9 1434 54 29 1436 71 10 1438 51 6 1441 54 16 1446 70 13 1447 85 18 1454 25 5 1468 32 30 1474 14 5 1477 24 23 1477 54 17 1478 36 30 1479 6 23 1487 72 25 1487 85 29 1488 91 9 1491 41 20 1500 73 5 1501 6 24 1504 92 30 1511 39 12 1517 10 27 1520 22 8 1522 98 18 1523 4 7 1523 21 13 1524 47 11 1525 87 27 1534 1 30 1540 42 5 1541 72 15 1545 38 29 1546 84 9 1547 93 5 1554 22 5 1563 63 29 1565 30 18 1567 19 11 1573 47 12 1574 37 1 1574 83 23 1580 73 22 1585 19 25 1590 30 28 1593 5 22 1593 21 4 1595 84 30 1599 18 21 1602 67 12 1603 28 21 1615 84 4 1620 0 27 1630 21 2 1635 17 12 1640 33 3 1640 75 24 1640 93 9 1644 76 17 1647 29 9 1648 22 28 1649 20 4 1649 28 22 1649 89 27 1650 95 5 1651 66 16 1652 55 15 1654 0 30 1658 61 12 1662 37 27 1663 51 5 1664 34 2 1664 56 29 1665 20 7 1667 9 24 1667 20 25 1668 62 12 1815 69 15 1815 72 5 1820 63 17 1825 44 28 1826 95 30 1845 47 19 1847 41 28 1848 88 30 1851 49 15 1853 95 1 1859 90 12 1864 2 3 1864 95 9 1880 65 23 1895 59 5 1898 72 0 1902 19 29 1904 11 8 1906 26 18 1906 70 28 1910 22 15 1913 22 4 1913 32 6 1915 3 15 1915 44 1 1917 73 30 1919 10 12 1920 77 27 1921 33 23 1921 97 31 1924 47 10 1924 93 23 1925 11 22 1928 45 2 1939 95 24 1942 28 19 1944 66 20 1959 34 27 1961 86 27 1963 64 24 1971 17 27 1977 60 27 1978 81 2 1985 99 4 1988 70 19 1993 84 11 1999 20 28 2002 15 3 2005 39 1 2006 63 25 2010 68 29 2010 97 31 2011 10 4 2013 18 3 2014 44 3 2016 70 20 2018 26 1 2021 19 15 2022 83 16 2026 85 18 2028 25 15 2030 3 4 2030 4 10 2030 19 28 2030 24 10 2030 49 6 2031 19 30 2031 58 23 2031 87 11 2034 52 0 2037 62 4 2039 72 29 2040 65 29 2044 64 17 2044 76 13 2044 94 28 2048 15 31 2052 94 0 2054 24 1 2059 13 5 2067 67 30 2069 7 31 2069 50 18 2069 88 13 2071 47 10 2075 50 5 2076 6 5 2078 52 3 2079 12 4 2079 34 20 2080 32 21 2081 40 4 2082 92 6 2085 55 28 2087 21 28 2089 70 1 2089 81 27 2090 80 22 2091 82 30 2096 97 6 2098 52 5 2117 80 16 2118 35 25 2122 78 8 2127 99 5 2130 87 23 2131 23 29 2133 99 28 2136 95 23 2138 48 17 2139 87 29 2141 94 8 2142 47 13 2154 27 16 2155 40 5 2155 53 4 2160 33 25 2162 80 27 2162 93 17 2166 8 6 2167 38 17 2182 58 31 2185 5 3 2185 44 9 2188 29 0 2190 10 6 2194 52 3 2194 89 28 2195 86 27 2196 22 8 2198 66 2 2198 81 26 2205 31 21 2210 9 8 2211 56 25 2212 1 10 2213 90 30 2222 15 3 2223 68 18 2231 63 7 2233 26 29 2235 26 11 2235 36 5 2237 94 14 2238 64 30 2239 16 7 2240 88 3 2240 90 30 2241 67 29 2242 34 24 2248 62 2 2254 84 5 2257 90 18 2258 19 14 2262 88 25 2263 87 3 2264 88 1 2266 68 12 2274 45 12 2278 76 27 2282 17 13 2282 100 22 2288 29 22 2288 91 12 2289 37 12 2290 56 31 2291 57 29 2293 34 20 2294 91 12 2297 35 27 2309 79 7 2312 20 13 2318 4 30 2319 29 23 2331 18 18 2341 11 11 2345 66 27 2346 42 22 2348 9 24 2348 37 2 2353 93 12 2358 19 29 2358 96 14 2365 28 30 2365 82 16 2367 13 6 2372 81 5 2374 14 28 2382 33 24 2384 60 7 2394 43 29 2394 73 14 2399 39 8 2399 97 11 2404 21 0 2410 74 10 2412 66 22 2413 22 27 2415 29 2 2416 40 28 2417 85 31 2419 81 28 2420 3 29 2424 1 3 2424 92 30 2429 97 29 2431 98 9 2433 9 17 2433 58 21 2433 94 25 2434 0 19 2434 80 22 2437 18 30 2437 52 6 2441 100 14 2442 81 7 2451 91 20 2454 6 3 2459 9 12 2461 67 15 2461 72 5 2461 84 17 2462 90 31 2472 47 14 2474 76 27 2475 62 29 2476 49 1 2477 33 24 2477 87 15 2480 36 25 2481 79 17 2487 20 27 2490 46 0 2492 21 4 2492 63 21 2496 71 14 2500 9 14 2502 62 25 2505 5 10 2512 4 18 2512 31 15 2514 54 26 2517 58 12 2522 52 6 2525 22 22 2527 10 9 2528 11 30 2532 49 14 2533 69 9 2544 2 27 2545 60 1 2550 95 9 2553 28 8 2553 62 21 2573 53 11 2573 74 9 2574 52 22 2575 43 18 2577 75 30 2578 43 0 2584 36 0 2588 94 9 2589 41 20 2594 12 8 2594 88 31 2599 14 27 2618 58 27 2619 67 15 2621 51 23 2621 80 2 2622 42 10 2625 2 11 2629 50 28 2635 71 28 2636 53 5 2638 15 18 2639 51 28 2641 41 24 2644 45 6 2646 0 18 2650 20 29 2653 95 14 2663 24 30 2664 84 6 2669 41 16 2673 63 31 2676 9 12 2679 87 2 2683 13 30 2688 92 4 2691 22 10 2695 57 20 2696 64 5 2697 61 28 2708 39 1 2710 37 22 2711 5 8 2713 39 21 2713 74 0 2716 43 19 2717 53 0 2723 70 14 2723 73 20 2725 50 24 2729 29 5 2732 50 28 2734 34 23 2734 49 24 2740 5 17 2740 92 14 2743 20 7 2746 52 18 2747 9 22 2752 84 26 2753 17 5 2754 90 6 2757 23 26 2761 38 0 2762 44 7 2763 3 29 2764 11 14 2778 56 6 2784 20 28 2786 87 14 2787 80 19 2792 18 0 2795 61 10 2795 84 25 2797 29 31 2797 61 0 2799 69 13 2802 79 21 2809 19 17 2809 100 23 2814 6 19 2817 64 29 2820 62 28 2820 72 30 2822 38 29 2825 53 31 2826 80 16 2830 76 26 2832 51 15 2833 100 26 2834 36 6 2834 74 25 2837 61 18 2840 6 11 2841 42 4 2842 77 10 2843 21 3 2844 19 5 2849 30 24 2851 5 31 2855 18 22 2859 20 28 2873 88 18 2876 100 22 2878 92 25 2880 65 18 2883 76 7 2884 47 9 2884 67 22 2886 31 18 2886 62 21 2886 86 18 2892 59 29 2899 80 13 2900 94 19 2907 75 26 2910 40 7 2914 0 30 2915 75 15 2919 49 14 2926 72 29 2927 46 23 2929 60 29 2934 39 7 2937 5 28 2939 39 1 2939 74 3 2942 78 19 2942 93 27 2943 33 23 2946 9 10 2946 31 19 2952 89 25 2955 12 25 2956 30 1 2957 25 1 2963 48 22 2963 80 15 2966 5 24 2966 77 29 2974 16 26 2976 11 0 2977 62 9 2979 84 28 2983 52 15 2984 66 1 2990 35 31 2997 54 16 2997 97 1 3004 71 27 3011 95 28 3012 10 9 3012 70 4 3014 72 3 3016 43 8 3016 45 9 3021 21 0 3021 43 31 3024 8 22 3030 35 23 3034 30 9 3035 34 28 3035 46 25 3035 70 17 3039 14 11 3041 77 10 3042 85 17 3044 55 28 3045 10 28 3045 29 21 3047 54 27 3056 70 7 3058 92 12 3064 52 8 3073 93 13 3074 34 25 3079 17 28 3083 48 26 3090 14 6 3090 68 10 3090 72 22 3092 34 7 3094 41 20 3095 49 27 3106 30 25 3107 86 11 3108 67 22 3111 81 11 3114 15 26 3122 13 2 3128 33 9 3133 64 2 3134 6 17 3135 65 23 3144 25 27 3146 0 9 3146 84 13 3155 54 8 3163 46 28 3167 22 17 3168 100 16 3169 7 23 3171 75 13 3175 66 15 3176 80 21 3178 76 30 3179 13 8 3185 40 29 3186 67 26 3188 4 0 3194 21 30 3198 97 16 3200 27 21 3207 11 7 3208 61 5 3209 51 12 3210 43 13 3214 40 15 3219 91 11 3223 97 15 3230 35 2 3236 62 31 3238 65 26 3245 27 18 3247 12 16 3249 38 2 3251 18 16 3265 66 14 3268 17 24 3272 68 30 3274 51 23 3277 32 7 3287 40 19 3288 54 14 3289 16 24 3291 81 12 3301 81 29 3303 17 9 3307 47 20 3316 31 17 3316 88 12 3320 37 9 3333 30 18 3338 45 13 3338 45 24 3339 98 5 3344 22 31 3345 48 18 3349 66 24 3355 2 1 3355 72 17 3357 44 19 3366 87 15 3369 76 17 3376 92 10 3377 13 5 3384 36 10 3385 71 22 3386 24 2 3391 52 18 3397 7 24 3397 33 0 3400 64 28 3402 56 25 3404 12 29 3404 23 15 3407 74 20 3407 84 1
314 1033 0.0001 75 22 16 75 85 24 81 6 7 84 68 4 85 69 4 93 44 6 94 64 6 99 55 11 99 78 23 100 31 23 103 38 24 107 2 25 111 4 5 111 87 7 114 27 8 114 95 15 116 76 17 117 22 0 121 54 10 123 9 19 124 94 18 125 0 27 125 94 12 126 49 12 127 68 9 131 13 0 131 57 21 133 44 18 133 64 16 142 78 24 143 0 12 143 73 10 146 45 12 146 49 10 147 17 23 149 41 26 149 83 24 154 83 5 154 90 11 157 61 24 160 32 24 168 60 2 173 81 6 174 53 13 181 79 9 182 1 4 188 65 8 189 65 8 189 92 10 198 86 19 204 0 23 216 21 9 218 99 28 231 7 5 231 92 10 234 19 16 237 24 14 237 51 23 239 1 11 245 51 19 250 10 25 251 1 0 256 94 19 259 23 26 263 54 30 267 33 26 268 17 26 269 40 14 269 93 30 271 8 2 272 29 27 273 42 29 274 39 0 279 3 16 279 22 18 285 11 22 285 90 14 289 9 2 290 26 2 293 79 13 296 46 22 298 11 22 299 94 21 300 0 25 301 6 8 308 16 2 310 2 28 311 2 18 318 26 8 323 30 10 324 90 2 327 96 1 329 31 20 342 74 26 345 58 14 353 87 11 360 81 22 361 6 22 361 8 7 364 47 25 366 18 20 369 34 21 369 83 6 373 4 1 375 14 11 384 7 5 385 75 0 386 88 0 388 35 18 389 24 5 390 64 19 392 70 18 393 18 20 394 54 14 400 13 11 400 86 25 403 79 17 404 62 26 404 93 27 405 98 12 406 67 0 407 13 14 409 8 10 414 79 23 415 49 30 424 41 12 426 10 20 427 27 11 429 58 28 431 55 29 438 49 6 439 23 25 442 70 0 446 13 4 448 61 10 449 100 4 454 81 11 454 88 19 459 76 1 459 81 8 462 50 12 469 20 20 474 44 27 476 87 16 477 14 29 478 69 1 479 68 2 493 13 11 494 71 4 500 10 29 500 20 28 501 34 2 504 23 21 504 43 23 505 24 24 506 100 24 509 97 10 514 7 8 516 18 18 518 61 17 519 48 20 520 47 12 525 100 31 527 28 25 529 56 12 538 49 9 546 39 21 547 63 18 554 66 24 560 61 20 563 28 5 569 54 13 576 1 22 579 49 23 581 22 14 584 21 10 591 48 22 591 100 23 595 43 29 597 12 9 597 45 1 598 92 22 601 88 2 610 50 30 619 3 24 621 5 6 623 36 6 633 30 14 640 27 30 649 1 7 649 8 20 650 67 19 650 78 3 655 68 13 657 38 8 659 100 30 660 12 3 661 96 19 663 92 30 664 86 16 667 6 2 667 35 28 674 87 24 676 76 8 684 76 5 693 19 31 697 68 6 700 18 28 704 20 31 707 0 9 708 83 31 710 4 18 712 69 8 714 19 21 715 28 6 717 51 5 732 14 24 732 27 30 732 52 0 734 65 9 734 79 15 736 92 10 739 59 11 741 36 5 742 69 15 742 96 24 744 75 3 745 43 24 747 55 17 748 17 23 752 27 31 753 18 24 758 60 8 759 43 21 765 50 23 768 55 22 771 65 30 773 30 14 775 80 24 780 87 20 781 6 20 794 26 6 794 74 8 794 75 23 800 83 15 801 97 28 806 1 6 813 98 31 818 76 20 821 70 21 822 28 18 823 22 1 824 2 14 828 97 31 832 30 29 835 93 29 838 5 21 839 51 17 840 71 26 848 94 15 851 45 11 853 99 19 863 14 2 868 21 7 872 28 31 875 50 22 875 78 0 880 89 26 881 45 31 881 62 20 883 31 5 883 100 13 884 56 14 884 79 13 885 97 15 889 17 13 889 95 30 895 60 31 914 36 31 915 59 27 916 99 26 923 5 30 929 5 30 929 71 12 930 12 16 936 63 14 937 98 7 946 32 1 952 99 31 958 12 30 961 55 19 963 64 13 969 2 4 969 69 15 979 8 8 984 68 2 986 65 15 986 96 0 987 29 9 987 30 27 993 12 14 994 43 23 996 94 18 998 94 23 1003 36 13 1005 71 6 1010 10 13 1011 77 3 1014 8 7 1017 95 21 1019 43 25 1020 94 14 1027 40 8 1030 5 0 1031 90 27 1032 47 26 1032 93 14 1037 9 14 1039 64 13 1040 42 16 1045 40 26 1048 43 5 1054 64 11 1055 48 7 1059 30 30 1059 44 6 1066 57 25 1067 44 4 1067 52 11 1068 92 8 1068 97 22 1078 5 10 1082 58 29 1083 37 2 1091 36 9 1092 50 22 1104 42 4 1105 55 30 1108 73 16 1110 41 19 1111 12 1 1114 9 12 1115 87 3 1121 2 28 1128 24 24 1129 27 15 1133 37 12 1135 1 29 1136 24 28 1146 8 28 1147 94 27 1152 78 13 1153 59 24 1155 72 29 1155 96 5 1159 0 19 1160 99 27 1162 44 17 1163 52 11 1164 80 30 1167 70 24 1168 12 11 1173 5 28 1176 38 22 1179 99 25 1181 57 16 1184 50 4 1185 27 5 1190 23 12 1193 89 5 1198 22 6 1200 2 25 1203 63 15 1206 99 25 1210 10 31 1210 84 12 1211 1 16 1211 60 7 1212 93 26 1215 33 11 1222 25 16 1227 20 19 1230 67 27 1231 19 30 1241 98 11 1243 58 30 1246 1 23 1248 6 25 1248 84 14 1259 3 13 1272 49 30 1276 26 17 1283 55 6 1285 43 4 1291 29 29 1294 30 4 1296 79 9 1300 66 19 1301 25 20 1301 67 16 1303 23 31 1312 26 29 1316 36 9 1319 30 20 1321 83 7 1322 31 6 1330 11 11 1330 68 15 1331 58 0 1343 63 22 1344 52 10 1348 9 23 1348 19 30 1348 84 0 1351 11 2 1351 16 15 1353 95 26 1356 19 10 1356 54 1 1356 76 1 1359 45 22 1361 54 9 1364 75 3 1368 81 16 1379 24 27 1379 36 25 1385 26 21 1386 43 5 1387 58 6 1388 75 24 1390 88 4 1395 81 8 1396 33 31 1398 27 21 1398 78 25 1402 99 4 1409 51 31 1410 73 25 1411 14 14 1413 78 21 1414 0 14 1415 76 0 1435 59 23 1436 16 1 1438 95 7 1439 49 30 1439 89 31 1450 59 19 1451 59 1 1452 94 27 1454 66 24 1454 73 6 1458 31 10 1460 23 27 1462 33 20 1468 76 16 1477 7 25 1477 11 28 1479 61 27 1488 38 15 1493 48 22 1494 49 17 1499 12 27 1499 40 31 1500 11 23 1503 63 24 1507 19 24 1507 53 11 1512 89 9 1513 73 21 1518 14 0 1519 33 17 1519 94 10 1520 99 11 1522 19 11 1533 17 25 1538 11 2 1541 86 14 1543 39 25 1547 6 23 1554 61 14 1555 80 19 1563 6 22 1569 41 11 1572 87 22 1576 3 6 1577 88 17 1578 91 21 1579 43 17 1587 41 29 1589 57 12 1590 46 7 1590 90 23 1594 20 7 1596 5 12 1597 95 18 1598 81 11 1601 83 9 1606 49 16 1611 24 29 1614 31 19 1616 26 14 1624 55 21 1625 47 29 1631 39 29 1634 100 7 1635 58 28 1643 8 28 1656 26 25 1667 24 25 1668 71 2 1669 73 31 1808 24 22 1813 87 21 1817 88 11 1819 50 1 1826 45 18 1828 85 20 1830 31 12 1834 5 1 1835 19 21 1838 13 13 1840 18 25 1841 90 9 1845 99 2 1854 51 6 1858 16 6 1858 41 31 1867 28 31 1868 15 16 1869 72 29 1871 72 13 1871 91 14 1873 92 17 1876 10 31 1881 61 21 1888 47 9 1894 73 6 1899 54 19 1904 7 13 1907 66 25 1908 62 9 1909 29 26 1909 35 5 1910 1 18 1911 6 17 1919 49 7 1923 72 2 1924 27 11 1925 66 8 1926 24 31 1930 44 20 1935 74 1 1938 12 20 1945 52 1 1949 9 20 1950 92 26 1953 35 31 1956 83 7 1957 1 24 1965 74 24 1975 15 30 1975 95 25 1976 56 24 1978 0 11 1983 3 3 1983 91 18 1986 3 29 1986 50 30 1997 48 28 1998 85 1 2004 37 5 2005 1 7 2005 15 18 2011 4 22 2015 63 17 2019 70 28 2020 98 1 2030 48 9 2031 10 19 2031 20 9 2032 91 15 2040 97 22 2048 28 12 2050 38 9 2052 65 14 2053 23 5 2053 36 13 2055 59 29 2057 35 15 2058 23 24 2059 72 23 2059 73 5 2061 58 11 2063 62 28 2064 2 4 2065 28 5 2070 19 19 2082 13 31 2082 50 31 2084 73 29 2088 19 1 2088 76 0 2090 19 0 2091 61 24 2096 98 2 2098 95 0 2106 17 19 2106 32 30 2106 55 17 2115 45 17 2115 87 23 2117 2 31 2117 98 19 2118 80 17 2119 55 12 2120 63 5 2124 8 16 2126 28 28 2126 73 20 2129 60 8 2138 9 1 2144 97 22 2148 32 6 2152 94 18 2160 51 30 2165 77 26 2167 62 23 2174 30 6 2186 62 16 2186 87 1 2187 45 3 2187 98 4 2191 6 5 2191 11 24 2197 34 22 2201 76 1 2206 15 23 2206 23 9 2209 39 4 2209 84 9 2217 84 11 2222 48 16 2227 36 14 2227 44 27 2228 24 22 2228 92 1 2229 96 2 2231 77 7 2232 84 17 2236 9 5 2236 24 31 2240 66 9 2245 49 15 2246 63 23 2250 66 1 2252 43 23 2252 59 8 2258 11 10 2259 50 29 2264 53 26 2265 80 24 2268 26 10 2276 25 30 2277 87 2 2277 96 10 2280 37 26 2281 27 28 2281 64 31 2282 24 26 2282 67 30 2286 8 21 2288 27 13 2295 9 6 2295 96 14 2296 5 31 2309 40 28 2310 87 17 2313 74 8 2316 35 29 2317 62 19 2322 23 3 2323 99 25 2324 41 9 2324 94 15 2327 94 13 2328 67 14 2330 22 3 2332 67 10 2340 50 17 2341 34 6 2343 83 4 2347 17 14 2348 1 2 2348 3 24 2350 44 1 2353 33 26 2366 29 3 2366 70 26 2369 51 13 2370 49 26 2370 64 15 2371 96 25 2372 55 19 2378 42 31 2386 73 7 2389 75 16 2398 31 28 2401 58 0 2406 9 5 2412 92 11 2415 97 31 2421 56 8 2424 54 1 2426 56 21 2427 12 14 2428 67 20 2432 62 17 2451 73 21 2452 25 30 2457 44 17 2462 51 23 2464 3 0 2467 67 28 2470 29 17 2482 18 30 2485 51 22 2485 55 4 2487 52 16 2488 22 1 2488 92 7 2489 35 11 2490 14 27 2493 16 31 2493 40 26 2496 12 7 2506 17 24 2507 16 18 2512 7 31 2512 80 10 2517 85 18 2519 92 12 2524 63 20 2525 98 11 2533 95 30 2534 80 7 2537 35 0 2540 37 28 2545 3 10 2549 39 20 2550 22 3 2552 64 3 2553 63 8 2556 73 19 2560 90 15 2561 77 12 2562 1 29 2576 33 25 2576 49 4 2576 58 6 2577 54 14 2577 83 27 2578 85 25 2588 72 12 2590 88 2 2592 19 10 2593 53 1 2595 17 10 2596 66 22 2598 54 15 2606 20 3 2619 90 2 2621 71 12 2622 84 9 2623 77 8 2626 54 21 2629 45 6 2634 35 21 2636 36 4 2637 13 30 2638 2 8 2639 29 18 2647 90 10 2649 92 10 2658 60 10 2661 40 11 2664 75 3 2665 9 17 2666 0 1 2666 32 1 2666 69 19 2666 90 27 2671 84 5 2673 8 2 2675 81 13 2681 24 24 2683 11 29 2683 64 26 2686 73 14 2691 78 31 2692 97 15 2697 13 25 2699 53 4 2701 14 27 2706 76 11 2707 66 31 2711 69 22 2713 52 19 2715 35 8 2721 10 19 2727 32 18 2727 47 20 2736 2 3 2742 56 2 2743 51 11 2744 0 18 2751 72 20 2753 24 12 2754 82 8 2759 76 25 2760 72 10 2775 41 23 2783 49 8 2784 3 13 2784 5 0 2785 16 0 2789 85 4 2791 41 10 2794 78 28 2798 32 2 2800 18 2 2805 88 13 2808 4 31 2809 49 24 2812 21 29 2812 70 24 2817 4 4 2818 82 22 2820 91 2 2822 1 29 2825 27 16 2825 63 21 2826 8 14 2828 59 29 2829 51 9 2834 46 5 2845 74 26 2850 44 16 2855 80 14 2855 85 26 2860 83 29 2861 52 14 2869 41 23 2870 29 14 2870 31 2 2872 56 5 2876 47 29 2879 31 1 2881 20 5 2882 23 3 2882 29 24 2883 4 9 2886 63 18 2892 3 30 2892 88 20 2895 79 25 2897 56 11 2899 56 19 2900 39 1 2902 51 22 2903 35 28 2906 92 10 2909 50 24 2910 61 12 2912 45 8 2915 80 16 2919 64 0 2923 100 20 2924 78 14 2926 83 29 2935 83 11 2936 6 11 2937 2 16 2944 19 31 2945 77 2 2948 32 16 2949 59 12 2949 72 17 2957 88 0 2965 38 29 2970 26 25 2971 22 1 2972 14 19 2973 1 7 2973 91 16 2977 39 22 2982 79 22 2995 92 11 2999 5 27 3001 15 27 3004 1 19 3010 19 22 3015 22 6 3020 35 5 3021 4 6 3021 28 0 3022 84 26 3023 61 24 3025 25 31 3025 89 13 3029 73 29 3034 68 19 3037 68 10 3040 48 29 3041 52 19 3048 72 30 3051 31 14 3055 69 17 3058 13 17 3063 80 5 3067 14 22 3069 4 14 3069 11 15 3071 53 0 3078 94 8 3079 1 23 3085 23 23 3089 74 10 3092 69 29 3094 52 25 3094 88 9 3096 4 9 3099 42 11 3105 31 20 3106 12 19 3112 71 11 3117 51 28 3126 47 28 3128 38 2 3129 4 14 3131 73 7 3133 84 14 3140 88 16 3145 13 28 3145 75 4 3149 72 22 3153 28 22 3160 67 3 3162 13 16 3167 18 22 3170 68 18 3176 42 1 3177 23 28 3179 9 15 3179 71 2 3180 19 23 3180 37 29 3181 26 7 3185 31 8 3187 78 16 3188 41 12 3199 8 7 3200 73 24 3210 36 9 3210 74 8 3214 79 14 3216 40 8 3216 52 10 3217 39 17 3217 47 23 3219 68 1 3220 33 29 3225 69 26 3230 67 3 3232 74 25 3235 62 15 3239 16 20 3241 70 19 3245 78 1 3254 86 18 3256 98 25 3259 74 29 3260 19 26 3264 29 11 3266 75 10 3277 79 25 3278 96 12 3284 16 21 3286 96 1 3292 82 2 3294 36 11 3295 8 26 3300 4 1 3302 75 9 3308 22 10 3314 71 27 3315 55 9 3319 25 28 3324 44 21 3325 8 10 3325 14 21 3325 26 16 3328 11 19 3329 28 13 3330 75 18 3331 27 10 3331 83 8 3335 99 12 3339 32 21 3341 18 15 3344 56 24 3347 41 10 3355 90 22 3360 78 19 3360 82 18 3360 83 15 3361 50 11 3361 99 21 3362 27 5 3367 61 24 3367 98 19 3368 99 2 3375 45 22 3375 80 27 3384 1 2 3385 5 4 3386 78 15 3389 64 7 3390 7 27 3395 66 5 3395 95 22 3399 17 12 3399 27 14
315 1033 0.0001 74 47 16 81 76 8 84 59 3 91 38 6 91 52 0 99 80 10 100 67 0 102 77 13 103 92 29 105 62 4 106 37 27 111 65 6 112 8 24 112 19 14 113 38 23 115 13 7 116 0 0 119 12 25 119 28 17 120 62 2 121 61 12 124 58 24 124 90 5 126 52 9 130 27 3 136 53 20 139 6 30 142 75 2 149 13 18 149 54 0 150 89 4 155 86 21 157 16 27 157 30 17 163 33 12 167 23 15 168 28 7 174 3 18 176 73 29 180 62 26 181 31 6 187 6 27 193 12 30 208 60 11 209 50 31 212 92 24 220 86 20 223 13 19 223 67 18 226 43 28 228 30 28 229 29 13 229 46 31 233 15 7 236 79 13 241 41 2 252 51 7 254 61 18 257 97 31 260 1 5 262 29 28 284 61 3 297 13 2 299 41 15 309 7 12 309 19 8 312 13 13 312 69 5 313 25 9 314 41 13 318 79 21 324 37 3 324 44 19 327 40 25 328 99 20 333 57 23 335 3 26 338 18 28 339 62 30 342 69 9 346 52 28 352 29 18 354 52 11 354 60 17 354 89 10 355 34 26 357 50 30 358 35 12 358 40 2 370 12 3 374 4 4 377 71 21 379 36 23 386 10 30 387 56 23 388 23 3 388 89 6 389 28 30 389 62 14 389 68 24 392 25 21 400 2 21 400 63 18 402 54 2 413 7 18 417 23 7 420 82 1 424 24 25 432 27 16 432 97 7 433 65 21 438 72 21 440 30 5 444 6 3 446 67 6 450 43 29 456 69 19 461 2 25 464 32 17 470 84 21 472 39 10 476 22 4 478 14 7 478 69 29 480 52 4 482 78 4 487 45 29 488 79 20 491 41 13 491 94 30 494 47 11 502 94 30 503 59 16 507 68 13 509 70 26 510 3 11 510 72 6 511 20 27 517 47 23 518 44 18 522 99 5 524 57 22 527 80 31 529 0 20 529 91 11 530 25 15 533 68 31 534 89 31 537 51 18 538 39 9 547 98 16 561 100 17 563 60 20 566 4 20 567 12 18 567 91 0 569 2 20 571 95 18 571 98 18 572 9 30 572 34 0 572 99 4 574 32 4 576 36 30 577 74 22 577 80 18 580 62 7 582 49 5 585 97 20 585 100 20 588 60 6 598 60 28 598 71 26 600 71 30 601 74 7 603 33 15 610 9 13 612 56 17 618 49 6 618 51 24 625 18 2 626 78 12 631 89 14 633 67 11 638 33 8 641 11 14 641 32 14 647 5 21 647 77 6 659 6 27 663 54 12 668 15 10 670 23 27 673 16 19 673 64 14 674 26 25 675 10 0 676 89 8 679 24 22 687 16 31 687 51 8 695 90 20 696 7 26 697 11 22 698 54 13 700 18 11 700 89 19 703 51 12 711 15 14 711 53 30 713 39 29 718 58 31 722 31 27 725 50 8 729 38 25 737 84 2 737 85 10 741 16 30 741 38 19 741 58 11 753 25 2 754 86 19 755 10 0 763 82 19 769 63 26 770 31 14 771 93 15 777 84 25 781 66 28 782 66 27 786 17 11 786 51 5 791 36 14 795 72 2 804 47 1 809 72 19 810 30 17 815 1 18 815 29 18 815 48 23 819 95 5 824 13 26 826 1 4 828 27 4 831 43 22 836 77 30 838 94 12 843 52 8 851 15 10 853 68 3 857 44 25 862 70 19 863 31 31 864 89 24 870 22 30 872 63 18 873 16 2 878 49 18 880 63 0 882 89 22 886 57 20 888 28 19 889 6 15 892 46 27 901 95 29 903 91 18 904 25 19 905 78 20 907 90 30 910 94 29 914 8 24 915 59 16 920 81 25 921 28 4 923 24 8 927 1 12 927 68 28 931 54 2 935 25 11 937 34 4 938 64 21 939 11 19 941 97 10 944 89 12 946 11 25 957 38 18 959 45 12 963 42 27 964 83 3 971 78 7 972 71 27 975 26 3 978 95 21 987 8 7 990 15 9 994 80 3 995 27 26 998 10 12 1000 68 22 1004 80 2 1005 95 20 1010 7 29 1010 38 22 1010 46 19 1014 71 2 1014 78 0 1018 1 23 1018 10 28 1020 82 27 1021 23 6 1021 65 3 1027 44 24 1032 61 21 1033 90 24 1037 93 28 1053 57 16 1054 77 30 1066 7 2 1066 28 22 1068 45 0 1069 35 17 1077 86 10 1083 49 17 1092 55 22 1093 96 23 1098 89 14 1099 60 31 1099 87 9 1104 94 25 1108 52 0 1108 75 24 1109 55 17 1111 21 24 1112 2 2 1113 51 5 1116 91 2 1120 51 15 1123 81 14 1129 16 18 1130 38 10 1137 66 24 1138 32 17 1138 88 20 1139 20 12 1146 65 9 1150 1 18 1151 16 28 1152 50 20 1154 12 25 1156 80 16 1158 67 12 1167 53 10 1168 98 30 1170 96 23 1171 5 27 1171 85 21 1172 1 30 1172 3 13 1176 21 27 1178 89 16 1180 35 16 1184 19 13 1184 44 16 1190 70 31 1199 4 10 1199 4 21 1210 0 29 1214 41 0 1218 6 17 1218 9 8 1218 95 30 1220 72 29 1223 94 27 1224 53 24 1236 14 16 1242 54 18 1245 25 6 1247 2 17 1247 55 28 1249 82 13 1260 65 12 1260 90 8 1262 38 2 1265 40 28 1267 47 9 1268 57 24 1275 43 16 1275 95 15 1276 71 5 1276 95 19 1280 5 3 1280 88 8 1282 34 10 1290 95 7 1292 79 15 1293 11 9 1297 66 31 1300 24 16 1308 42 22 1314 75 31 1315 50 25 1315 65 27 1317 22 2 1320 89 10 1327 84 14 1329 31 4 1330 5 23 1332 60 7 1335 6 26 1337 58 6 1338 42 19 1338 91 30 1349 15 9 1353 86 26 1353 98 31 1358 72 18 1364 77 14 1368 96 18 1370 0 0 1378 64 10 1379 24 3 1381 59 4 1382 9 20 1382 97 22 1389 13 2 1395 91 26 1398 44 22 1401 68 13 1407 0 12 1412 36 29 1415 79 6 1420 39 5 1421 73 28 1422 0 16 1423 7 24 1425 51 29 1428 47 10 1430 93 17 1434 97 3 1437 39 29 1438 12 21 1442 88 2 1444 49 16 1445 12 6 1447 87 4 1448 11 28 1448 54 8 1451 40 15 1452 28 9 1461 48 28 1461 51 12 1464 94 2 1470 66 27 1473 24 22 1473 47 10 1474 77 10 1477 56 11 1477 91 5 1478 31 2 1480 17 7 1483 87 15 1484 32 26 1485 18 31 1489 40 11 1492 19 10 1493 44 9 1501 43 29 1501 72 12 1506 17 12 1508 84 31 1513 60 5 1516 88 18 1517 78 25 1519 36 17 1524 32 6 1524 49 28 1529 38 16 1532 20 4 1539 86 21 1541 24 13 1542 36 28 1543 22 2 1547 4 30 1550 41 22 1552 36 9 1560 26 18 1561 44 29 1564 6 26 1566 57 26 1568 55 0 1572 36 3 1572 48 23 1572 49 14 1573 46 29 1574 56 20 1576 47 13 1577 77 14 1578 80 28 1583 67 9 1583 87 4 1593 91 26 1599 73 30 1601 47 18 1604 58 8 1605 7 17 1611 33 16 1623 34 17 1626 35 24 1628 79 30 1634 93 1 1637 26 28 1643 57 4 1644 30 28 1644 43 28 1650 12 13 1652 26 16 1652 86 27 1654 58 31 1655 6 29 1655 100 18 1656 9 4 1659 98 14 1661 79 4 1665 23 25 1666 51 16 1668 96 13 1669 85 5 1671 98 22 1808 41 17 1811 84 0 1815 35 30 1816 95 19 1818 56 11 1819 43 1 1823 87 3 1825 75 5 1827 32 1 1828 70 11 1829 82 13 1830 73 6 1832 3 22 1837 12 30 1837 40 12 1841 83 1 1843 2 2 1843 43 16 1844 48 21 1844 52 23 1850 46 4 1850 73 27 1854 51 0 1860 99 29 1861 63 17 1870 49 10 1872 94 3 1879 83 31 1880 57 5 1881 73 21 1882 97 31 1885 56 9 1885 92 6 1886 61 9 1889 6 20 1889 57 22 1900 10 30 1900 19 13 1900 75 9 1906 80 21 1909 11 20 1910 42 3 1914 39 26 1918 46 2 1918 64 4 1919 14 20 1927 66 20 1928 58 10 1928 77 14 1929 20 29 1938 18 22 1941 52 22 1952 12 20 1960 14 7 1971 57 13 1973 2 16 1980 16 13 1981 62 15 1986 81 25 1993 30 13 1995 97 11 2001 28 16 2006 76 7 2011 83 28 2013 79 2 2014 29 25 2016 17 21 2018 41 29 2027 51 4 2033 6 28 2037 36 29 2038 95 10 2040 40 4 2041 51 12 2046 49 1 2046 98 29 2050 28 14 2058 20 0 2059 3 23 2059 89 10 2066 62 12 2067 78 1 2068 39 12 2069 85 22 2070 92 0 2074 28 21 2074 51 22 2076 15 26 2080 21 18 2081 52 15 2082 31 0 2082 43 0 2086 47 8 2088 55 13 2091 61 4 2096 79 28 2104 28 14 2104 38 30 2114 100 30 2123 85 28 2127 98 4 2132 24 8 2140 3 9 2143 33 24 2146 69 28 2149 51 19 2149 82 30 2152 26 13 2156 41 11 2167 29 26 2177 11 10 2179 33 25 2179 39 18 2182 20 21 2182 78 14 2185 58 16 2185 89 28 2187 32 1 2188 5 10 2188 29 29 2189 19 18 2194 63 0 2205 34 9 2211 2 0 2211 43 12 2215 41 11 2217 54 4 2218 74 17 2218 99 20 2220 70 26 2229 73 9 2230 62 19 2231 87 23 2236 69 1 2239 75 19 2245 58 11 2246 57 28 2255 68 5 2255 77 28 2255 78 21 2259 79 11 2261 79 2 2275 58 30 2279 14 2 2282 78 10 2282 78 25 2287 72 28 2288 85 28 2289 21 17 2299 39 8 2300 35 0 2301 7 14 2306 33 13 2315 53 18 2315 68 8 2318 76 16 2324 77 11 2325 38 7 2325 74 31 2328 71 18 2331 68 17 2332 7 9 2336 80 27 2339 66 31 2341 55 13 2345 28 18 2347 7 14 2351 23 7 2355 28 24 2358 61 13 2359 99 3 2364 97 28 2365 51 1 2368 9 29 2372 62 3 2378 50 28 2381 16 5 2381 45 22 2381 100 23 2384 31 19 2386 37 15 2387 17 13 2388 18 18 2389 6 8 2395 86 13 2396 32 8 2397 60 12 2404 51 18 2410 82 29 2411 50 8 2418 10 17 2421 34 3 2423 57 16 2425 15 27 2428 40 14 2429 56 5 2430 23 10 2437 10 7 2438 58 30 2442 32 18 2444 30 18 2451 32 29 2451 40 29 2455 7 31 2455 8 0 2460 11 0 2472 25 15 2476 74 27 2478 80 23 2492 72 18 2493 89 6 2494 80 13 2499 89 28 2500 5 24 2501 73 9 2503 1 9 2509 43 2 2513 35 25 2514 88 20 2520 52 7 2521 45 29 2524 43 30 2525 45 21 2526 3 25 2528 27 28 2532 99 6 2535 6 6 2535 81 15 2538 44 5 2538 66 19 2539 52 24 2540 35 20 2540 42 10 2545 75 2 2554 29 29 2554 69 25 2560 66 29 2561 82 4 2562 64 22 2566 8 29 2569 41 13 2575 23 25 2582 50 27 2583 54 13 2589 70 11 2595 48 16 2600 97 17 2602 14 11 2608 46 10 2611 10 5 2612 11 18 2613 74 17 2614 38 27 2615 85 2 2617 41 28 2618 37 9 2620 3 10 2626 13 17 2627 24 2 2630 96 13 2631 31 11 2642 75 0 2647 89 7 2647 90 11 2647 97 4 2648 19 19 2654 80 30 2664 38 17 2666 19 21 2668 83 2 2678 34 24 2681 6 4 2697 94 3 2698 2 31 2698 73 13 2698 75 15 2701 42 24 2703 38 20 2709 12 23 2722 82 4 2727 39 29 2728 41 20 2730 41 24 2740 34 13 2745 69 22 2749 47 2 2751 11 22 2751 81 7 2762 6 8 2766 76 15 2768 26 19 2768 76 29 2773 57 22 2774 36 11 2774 92 4 2779 18 31 2781 29 0 2782 39 17 2782 79 23 2783 12 1 2786 100 13 2787 14 3 2787 37 18 2790 57 27 2791 3 15 2793 74 8 2796 67 26 2804 27 28 2806 41 23 2809 0 9 2811 69 20 2812 0 3 2816 4 0 2816 75 24 2821 60 25 2823 87 2 2826 98 24 2833 6 0 2839 69 26 2842 31 24 2845 18 28 2847 11 30 2855 32 3 2856 3 24 2856 32 17 2861 32 31 2863 5 30 2863 25 9 2864 16 7 2864 67 26 2867 51 1 2871 84 3 2876 34 5 2876 86 1 2877 11 4 2877 52 5 2885 100 12 2905 60 16 2905 83 6 2906 100 26 2907 24 27 2913 44 0 2916 85 28 2920 41 2 2922 25 13 2923 76 29 2923 85 18 2924 8 3 2930 4 22 2930 20 25 2931 59 16 2933 55 15 2935 67 24 2939 49 28 2943 16 22 2950 2 21 2952 30 5 2952 40 9 2954 39 5 2955 61 6 2960 55 0 2968 17 13 2969 19 24 2971 18 13 2972 58 21 2972 65 16 2972 73 7 2978 58 16 2978 79 15 2981 72 21 2981 74 19 2988 64 30 2992 84 17 2999 11 30 3001 5 16 3002 25 20 3003 99 9 3006 61 13 3011 82 28 3011 88 31 3030 48 22 3040 63 20 3051 52 0 3053 95 17 3057 79 14 3058 63 6 3058 99 2 3059 26 29 3060 66 12 3063 99 24 3071 55 24 3075 30 15 3076 18 29 3084 46 14 3090 17 19 3093 63 14 3097 50 16 3097 71 2 3099 56 14 3099 86 6 3113 75 20 3114 31 14 3126 65 16 3127 98 24 3129 68 16 3129 73 26 3133 12 10 3134 96 30 3137 84 1 3140 6 31 3149 34 7 3157 78 0 3160 100 9 3166 50 22 3166 74 19 3177 61 6 3179 13 26 3180 14 20 3181 47 2 3182 10 25 3184 86 0 3187 95 13 3199 69 21 3209 66 21 3211 13 17 3213 25 21 3214 89 15 3217 26 26 3230 49 28 3231 59 10 3235 7 1 3236 93 4 3241 13 2 3254 81 17 3257 48 23 3259 5 4 3262 86 28 3265 64 3 3266 3 24 3266 97 26 3269 32 12 3271 83 25 3272 79 5 3273 15 1 3273 61 9 3275 70 14 3278 19 10 3278 88 15 3282 67 16 3285 26 6 3285 97 3 3293 88 11 3294 56 5 3294 85 24 3303 62 23 3304 18 3 3308 67 8 3308 92 4 3310 19 3 3312 54 31 3312 65 27 3313 49 1 3319 13 5 3322 85 8 3324 88 6 3326 54 1 3326 100 8 3329 9 23 3332 14 5 3334 9 2 3338 35 22 3341 71 2 3341 83 5 3342 79 17 3343 89 19 3344 68 11 3344 98 14 3347 24 27 3352 56 0 3355 11 3 3355 15 19 3355 55 18 3355 60 30 3357 44 6 3358 88 24 3364 25 3 3365 24 4 3365 63 5 3369 97 26 3371 13 13 3371 57 3 3373 81 11 3374 13 2 3379 60 27 3381 28 9 3382 20 27 3383 11 21 3388 50 3 3389 10 31 3391 75 9 3393 10 16 3394 99 6 3395 88 21 3396 57 30 3403 5 12
316 1033 0.0001 72 8 21 72 98 12 75 2 16 75 88 4 79 48 14 89 37 24 90 47 8 92 75 31 92 87 27 93 69 12 98 87 9 103 79 30 104 8 18 106 9 12 107 98 29 108 15 27 108 71 23 111 26 13 114 79 11 117 69 14 123 4 5 123 44 0 124 62 9 128 32 29 133 100 22 135 39 9 138 50 17 139 18 5 141 99 16 142 47 10 144 50 5 147 84 13 149 30 21 153 88 8 155 0 20 158 43 26 169 24 23 169 63 16 171 89 26 172 28 20 173 79 10 174 62 0 179 44 18 180 8 15 180 90 16 182 0 19 185 8 29 185 57 26 186 16 6 188 14 31 192 36 31 194 17 6 195 37 18 199 13 5 207 51 31 209 25 3 214 0 30 225 16 22 226 57 23 230 80 12 235 8 5 237 36 16 243 91 13 247 11 1 248 60 4 253 11 2 254 0 18 255 57 6 256 20 9 261 73 18 268 0 28 274 93 7 275 47 27 277 96 9 285 61 22 287 7 21 287 75 25 291 7 24 291 99 1 295 29 25 295 42 17 307 0 27 317 29 18 317 67 6 320 43 10 322 38 20 326 1 6 326 95 14 326 99 16 329 18 26 334 11 31 337 53 11 342 30 8 343 95 24 346 62 0 350 87 29 354 64 18 362 4 10 372 31 19 373 61 10 378 97 23 382 74 21 388 97 29 390 10 24 391 13 12 391 15 8 392 40 13 399 74 7 399 84 22 403 6 8 405 28 4 409 11 4 410 92 7 413 69 28 414 34 3 423 14 24 423 39 3 424 28 27 430 49 0 434 88 12 435 32 16 438 27 26 443 12 15 450 74 2 455 31 16 461 53 2 465 97 0 468 37 12 470 94 5 472 68 20 477 92 12 478 9 22 480 49 11 481 57 11 482 75 25 483 60 19 486 40 10 488 53 1 489 46 28 490 44 13 490 70 13 491 42 29 501 84 3 505 70 15 506 87 17 509 65 11 513 10 2 517 14 21 518 96 15 522 95 22 528 38 2 532 34 19 536 10 12 541 61 15 541 68 24 542 4 24 544 35 3 547 15 2 549 69 10 550 12 17 552 27 14 560 18 8 564 7 21 564 9 6 564 85 30 565 71 11 567 88 9 571 88 3 591 27 0 602 54 9 602 65 6 603 64 22 604 33 5 608 33 3 609 6 1 613 27 11 613 69 17 614 65 4 615 19 3 620 39 14 627 28 4 627 86 5 628 44 14 630 20 11 633 78 3 634 19 27 636 95 4 642 28 27 647 69 20 651 35 28 651 96 12 659 75 9 663 35 25 669 20 15 670 40 9 672 71 30 672 82 7 681 80 31 689 30 11 691 26 23 694 84 16 699 88 9 700 26 5 701 56 12 706 21 28 706 97 18 710 7 31 711 7 24 713 59 1 716 32 2 719 8 15 720 59 21 720 70 0 727 74 15 731 19 3 731 71 16 741 17 10 743 69 15 743 71 28 743 96 6 751 76 11 753 54 10 756 43 27 760 12 15 762 8 4 762 34 12 764 63 23 765 3 20 765 100 19 774 64 21 777 60 10 783 31 21 786 20 3 790 8 7 791 18 9 792 60 14 794 9 2 801 64 5 803 38 10 803 87 13 804 42 23 804 61 1 804 94 24 810 63 6 812 74 11 817 86 24 819 22 25 819 56 1 820 31 28 826 50 9 827 68 10 829 77 8 831 80 22 837 74 21 838 3 11 839 23 0 839 85 10 844 47 30 846 15 10 850 88 28 855 28 28 856 58 6 856 63 9 856 79 16 860 14 24 861 71 6 869 61 26 870 86 21 872 99 2 877 83 27 887 69 2 888 47 20 899 76 18 903 28 28 903 92 6 903 95 26 907 48 20 911 89 18 914 22 28 915 33 11 919 95 27 921 43 27 921 55 4 922 15 25 924 88 31 927 65 10 931 60 14 932 74 9 945 87 5 948 13 10 948 19 13 949 15 31 950 53 0 952 88 0 959 86 8 960 34 26 961 84 25 964 58 0 966 68 17 968 65 9 975 20 24 977 15 3 977 94 27 979 63 11 979 90 27 981 69 3 983 20 24 983 30 13 985 31 7 989 66 4 999 52 23 1002 27 4 1003 42 7 1006 16 14 1010 54 4 1014 91 6 1019 51 17 1020 67 9 1021 71 11 1022 77 16 1023 25 1 1031 61 25 1033 9 21 1036 13 11 1036 70 1 1037 6 19 1041 21 7 1044 97 0 1047 86 0 1059 50 28 1066 18 27 1071 26 26 1073 54 11 1073 79 20 1074 84 11 1077 52 26 1082 26 5 1084 60 19 1086 86 31 1091 23 6 1094 95 18 1097 52 19 1097 54 1 1097 71 11 1097 80 20 1099 2 2 1099 24 27 1103 53 17 1104 28 8 1105 18 3 1107 68 23 1107 74 17 1117 37 2 1120 60 24 1139 26 6 1144 14 21 1147 27 22 1149 14 26 1150 25 24 1150 97 0 1153 61 21 1158 22 3 1159 32 1 1165 25 25 1166 84 14 1168 34 17 1178 53 16 1179 39 0 1181 91 19 1188 79 15 1195 36 29 1195 42 26 1198 53 10 1201 100 31 1209 3 20 1214 69 1 1215 17 26 1217 76 3 1221 78 15 1226 46 22 1230 48 7 1231 16 13 1232 82 13 1233 42 20 1234 15 28 1234 55 23 1237 2 30 1238 96 5 1240 44 14 1242 58 28 1252 53 7 1254 25 24 1255 81 16 1255 91 21 1257 28 6 1257 72 21 1258 72 24 1261 18 18 1263 96 13 1265 77 19 1269 29 1 1275 67 15 1284 96 15 1287 96 7 1292 36 6 1295 56 28 1298 24 4 1299 1 27 1299 36 30 1310 90 31 1313 6 0 1314 32 3 1314 81 22 1318 64 17 1320 44 31 1323 52 16 1324 73 13 1326 42 20 1335 79 2 1337 62 6 1340 54 31 1342 71 19 1347 0 22 1347 57 30 1352 28 28 1353 17 10 1358 75 27 1359 8 3 1360 75 29 1364 100 26 1366 73 31 1368 4 1 1368 56 21 1378 77 17 1382 85 30 1385 91 25 1386 30 24 1386 94 10 1393 5 2 1393 9 7 1398 18 19 1400 89 22 1401 15 3 1408 11 3 1408 45 22 1411 70 7 1418 76 15 1418 91 23 1419 5 2 1419 73 15 1427 99 8 1430 79 28 1432 100 22 1435 33 16 1437 48 12 1440 58 18 1442 50 24 1448 24 17 1448 53 31 1453 13 7 1460 25 24 1461 51 12 1468 83 17 1485 54 27 1486 98 1 1487 36 20 1489 29 5 1491 48 28 1493 67 17 1497 2 17 1500 13 25 1502 29 8 1504 75 15 1508 21 27 1508 95 4 1511 65 8 1517 64 30 1520 15 20 1521 29 3 1523 19 0 1527 46 19 1532 96 22 1535 99 22 1546 95 30 1547 41 0 1553 4 9 1553 98 31 1555 35 6 1557 7 29 1558 34 14 1559 30 19 1564 8 7 1566 44 26 1569 31 18 1571 78 9 1571 89 6 1572 35 21 1573 39 0 1575 62 22 1578 56 31 1578 99 4 1582 23 14 1583 38 21 1590 78 18 1592 14 17 1592 46 27 1593 73 17 1594 49 6 1608 97 0 1611 26 19 1612 30 25 1623 10 14 1625 23 15 1631 5 2 1633 36 0 1636 61 30 1636 78 9 1638 66 14 1642 16 12 1643 88 31 1648 22 18 1649 43 2 1654 42 10 1654 56 25 1657 3 20 1660 26 10 1661 98 27 1662 0 14 1662 5 11 1662 33 13 1663 89 27 1664 61 12 1666 69 22 1813 23 3 1814 20 31 1816 19 21 1818 5 18 1822 14 28 1827 15 4 1830 27 4 1831 96 9 1837 91 4 1838 83 18 1841 90 17 1842 72 11 1844 23 6 1846 74 27 1849 80 5 1852 41 22 1852 86 14 1858 9 20 1865 93 4 1866 62 28 1868 26 28 1874 36 11 1875 18 14 1877 22 16 1881 56 5 1883 40 15 1884 71 29 1884 95 26 1891 71 7 1892 49 3 1900 7 13 1900 100 21 1902 81 2 1904 53 8 1913 19 20 1915 39 2 1916 66 28 1919 15 13 1926 11 17 1927 46 23 1933 31 1 1935 24 18 1939 89 1 1947 81 12 1955 24 30 1957 54 29 1963 93 15 1971 74 20 1974 100 9 1981 74 5 1982 100 13 1983 12 10 1984 29 12 1988 41 28 1994 88 23 1997 10 14 2000 80 25 2001 82 9 2012 11 13 2014 38 14 2015 37 1 2020 4 10 2022 82 3 2027 57 26 2030 29 0 2036 11 25 2036 43 14 2042 8 15 2043 19 17 2045 45 24 2049 55 28 2049 98 16 2051 8 3 2051 32 26 2054 28 23 2055 49 24 2056 16 24 2059 38 28 2061 58 0 2062 98 4 2069 53 1 2076 83 10 2084 96 16 2091 48 4 2091 98 21 2092 76 26 2093 62 20 2099 54 25 2103 95 25 2104 8 24 2104 74 2 2105 65 17 2109 38 3 2110 0 13 2116 41 3 2116 51 9 2121 2 6 2122 5 29 2125 56 24 2126 17 16 2128 33 3 2128 94 24 2134 82 14 2134 84 14 2142 33 12 2148 16 9 2149 54 23 2168 60 16 2170 28 9 2170 87 23 2177 26 2 2181 81 24 2190 7 31 2191 73 11 2195 49 31 2199 89 1 2200 3 17 2203 25 17 2203 58 23 2207 87 1 2210 84 7 2212 63 19 2215 90 18 2217 49 0 2219 10 19 2220 88 16 2223 21 7 2224 54 16 2226 45 1 2230 91 10 2246 87 11 2251 16 2 2251 39 27 2253 9 21 2254 57 7 2257 40 7 2259 46 9 2261 8 10 2262 10 14 2262 48 24 2279 47 13 2280 66 1 2293 12 11 2294 35 24 2297 19 11 2310 30 3 2313 100 1 2318 19 11 2326 100 3 2327 9 31 2330 33 5 2333 39 20 2337 70 14 2338 28 8 2339 3 17 2339 20 16 2342 46 21 2345 26 16 2345 62 1 2349 48 10 2351 47 21 2352 17 23 2355 0 28 2361 49 25 2368 58 18 2370 99 31 2394 100 28 2397 28 10 2397 51 12 2397 80 16 2398 88 16 2401 32 13 2404 91 25 2406 32 19 2406 62 13 2409 17 2 2430 7 7 2432 16 24 2432 84 16 2433 62 24 2436 36 19 2438 33 22 2443 80 7 2445 14 23 2449 15 27 2450 50 29 2451 96 11 2454 56 31 2454 71 0 2459 78 15 2461 90 30 2461 98 29 2462 100 8 2463 15 10 2463 40 0 2463 48 2 2466 98 5 2468 53 27 2469 57 27 2470 67 21 2472 31 25 2473 15 25 2474 7 31 2479 1 5 2482 79 7 2483 45 29 2484 86 8 2488 53 3 2506 18 6 2510 67 25 2512 35 18 2513 51 26 2514 60 21 2515 57 18 2518 41 13 2519 49 9 2522 76 5 2524 73 30 2526 40 24 2541 68 4 2541 76 15 2541 85 15 2543 50 11 2545 56 23 2546 23 12 2546 94 20 2549 6 23 2550 2 1 2551 28 10 2551 48 8 2553 40 14 2557 28 14 2561 30 12 2569 8 16 2570 73 9 2572 18 21 2577 45 2 2582 2 20 2587 7 10 2590 68 29 2596 21 1 2599 7 11 2599 26 22 2599 35 9 2601 8 8 2607 49 16 2612 67 26 2615 56 20 2616 15 26 2618 40 16 2621 36 12 2621 58 19 2622 13 15 2630 23 8 2631 17 11 2637 39 24 2638 69 16 2646 37 1 2656 80 15 2660 42 22 2660 69 6 2663 11 6 2668 91 26 2679 28 9 2682 74 29 2685 16 8 2685 63 9 2686 43 4 2689 55 21 2695 68 7 2697 56 28 2697 100 0 2704 3 24 2704 88 30 2706 18 23 2709 59 3 2711 92 13 2712 67 22 2714 98 20 2717 78 28 2717 96 23 2720 10 31 2723 76 2 2727 40 20 2729 22 22 2731 23 9 2731 50 19 2731 94 7 2738 43 15 2744 18 30 2744 29 15 2744 46 4 2745 62 29 2745 64 11 2749 38 0 2752 1 23 2753 18 1 2753 41 26 2755 22 18 2764 88 28 2767 85 2 2776 31 4 2777 33 26 2782 44 15 2785 17 22 2787 0 10 2788 59 24 2790 17 11 2801 18 26 2801 71 4 2801 79 4 2802 85 28 2804 12 4 2804 70 13 2807 3 23 2808 91 26 2810 83 5 2812 36 11 2817 5 23 2822 21 17 2822 26 8 2831 47 13 2834 26 19 2834 36 5 2836 28 24 2839 55 28 2852 85 5 2853 11 0 2855 14 2 2857 45 14 2865 21 4 2868 68 30 2872 37 11 2873 55 2 2883 35 30 2887 10 27 2889 36 7 2892 68 1 2892 97 29 2893 89 13 2895 46 21 2898 75 18 2899 92 6 2900 99 12 2902 65 4 2904 83 7 2909 82 31 2910 75 21 2912 44 10 2916 34 19 2917 83 16 2917 91 5 2920 50 7 2920 53 8 2929 12 0 2945 13 8 2948 37 20 2950 69 6 2956 76 11 2959 55 6 2959 56 12 2968 32 25 2969 60 20 2969 83 10 2970 89 24 2972 70 31 2973 100 8 2977 17 21 2981 77 16 2984 3 8 2985 44 15 2988 2 25 2988 21 23 3003 29 17 3004 7 9 3011 80 14 3014 32 12 3017 45 31 3021 51 19 3024 50 29 3025 59 19 3026 43 20 3027 79 7 3032 94 23 3044 52 20 3046 20 13 3048 16 7 3052 89 25 3053 48 23 3055 75 22 3062 93 7 3067 8 7 3075 38 6 3077 92 29 3078 68 20 3079 2 9 3079 4 31 3079 51 1 3085 69 1 3088 8 10 3095 87 3 3095 92 15 3099 27 25 3099 52 30 3100 58 15 3107 28 27 3112 2 15 3117 85 17 3119 65 5 3136 91 17 3140 64 21 3143 72 17 3144 91 30 3153 28 17 3154 38 9 3158 77 29 3159 77 21 3159 91 28 3159 97 31 3162 64 17 3162 97 11 3165 79 26 3167 71 25 3167 79 10 3168 55 4 3168 74 23 3174 96 27 3178 93 20 3182 70 8 3182 70 10 3184 54 28 3189 20 22 3189 49 4 3196 59 27 3204 87 31 3204 98 15 3211 6 9 3211 81 2 3212 49 26 3213 27 21 3213 83 10 3215 61 4 3216 9 22 3219 16 1 3224 82 18 3233 20 13 3234 88 3 3235 8 4 3236 33 13 3240 13 11 3243 3 13 3243 32 2 3244 17 30 3245 10 8 3246 31 31 3246 91 26 3247 89 0 3256 48 0 3266 39 26 3267 66 29 3277 0 13 3277 93 10 3281 19 12 3287 78 6 3290 13 22 3290 15 22 3290 97 14 3297 21 23 3298 5 27 3298 9 0 3301 62 10 3309 89 0 3311 7 14 3313 15 30 3313 65 5 3319 46 10 3323 60 0 3325 89 24 3326 16 17 3329 100 1 3330 91 3 3334 9 24 3338 37 14 3347 7 4 3355 19 4 3356 19 4 3357 78 17 3360 47 31 3365 21 17 3371 82 22 3373 96 19 3374 55 29 3376 52 8 3379 62 8 3381 46 11 3386 48 30 3388 39 27 3396 0 0 3401 98 23 3407 53 16
317 1033 0.0001 73 76 16 75 53 12 75 55 6 80 96 20 86 52 14 88 18 17 98 15 22 98 77 26 100 31 22 101 53 3 102 21 1 103 49 19 103 85 5 109 17 31 112 23 12 112 35 9 115 63 24 120 1 2 122 76 19 134 99 27 135 17 4 144 11 29 146 9 19 147 9 2 147 91 18 148 32 14 149 97 25 150 55 12 152 51 30 152 63 17 166 22 1 166 30 27 167 76 11 167 98 14 175 60 4 179 65 27 184 66 4 188 35 15 189 62 4 192 51 31 195 100 4 200 29 13 203 40 7 204 80 29 206 97 20 209 11 24 217 70 2 219 43 4 220 11 23 221 35 29 221 36 20 229 1 16 233 0 10 235 67 5 240 59 0 245 48 4 246 12 23 248 37 7 250 64 29 252 30 25 254 56 1 257 2 7 263 43 27 264 13 12 269 63 0 274 19 9 276 88 13 278 56 19 288 44 19 300 45 26 306 56 10 308 81 3 311 87 31 321 18 0 322 71 10 326 59 7 327 77 15 328 50 1 328 85 14 334 56 1 337 10 8 341 40 8 353 69 19 360 76 30 361 77 4 364 5 5 364 87 14 367 15 24 368 27 31 368 30 25 369 45 28 379 7 22 383 29 21 384 29 16 385 19 4 385 77 18 391 4 23 392 27 10 395 43 19 400 9 27 400 21 27 404 10 28 409 69 3 409 87 4 410 6 26 410 72 25 413 16 20 413 74 31 415 17 25 424 71 14 427 61 13 429 83 23 432 7 30 433 21 14 436 77 7 438 36 19 444 95 22 451 81 17 451 88 20 452 55 0 457 77 15 463 71 23 467 17 20 467 50 20 469 74 4 473 3 29 476 50 18 477 61 8 485 66 24 485 84 16 489 8 29 489 91 25 493 84 2 497 18 30 499 94 2 503 12 14 503 22 13 504 54 25 505 3 20 511 12 10 512 34 9 533 59 16 534 67 26 536 74 11 548 66 4 558 59 10 560 41 15 563 98 4 577 69 11 586 2 9 587 78 24 594 11 20 597 98 17 600 58 2 602 53 30 609 4 31 616 53 18 619 85 4 641 65 16 642 43 10 643 25 10 648 39 15 650 11 18 650 95 24 652 40 28 653 97 10 655 54 22 656 86 15 657 66 16 660 18 25 662 94 15 666 91 16 667 99 31 669 23 9 672 63 28 673 33 19 676 55 19 678 5 23 683 39 3 688 68 9 689 79 14 696 14 17 700 3 24 702 40 8 704 86 28 708 27 25 709 40 24 714 66 10 714 85 6 716 68 14 716 92 22 725 5 30 739 18 20 741 85 17 745 56 22 748 2 29 748 24 16 751 15 9 754 74 29 757 66 28 759 42 14 762 71 10 765 5 23 765 90 1 773 89 23 776 27 26 776 45 12 777 21 4 780 13 23 780 27 6 780 66 0 782 25 16 783 69 4 787 0 15 789 8 29 789 97 6 790 92 18 793 27 13 793 74 0 796 24 20 805 48 19 810 77 14 811 2 21 813 66 24 818 96 0 821 72 6 823 97 12 833 5 0 834 6 10 834 59 19 834 84 31 839 9 19 840 72 9 847 39 3 849 81 11 853 16 19 853 91 20 857 91 7 868 58 28 884 51 24 887 54 27 890 88 0 900 35 25 900 78 31 902 44 13 907 59 2 909 68 20 910 90 24 912 94 1 913 39 4 916 27 30 919 88 4 921 28 21 923 68 9 924 47 31 927 69 23 929 10 21 934 11 21 938 51 26 939 48 29 956 68 0 958 53 30 959 22 11 962 4 20 969 60 12 972 98 30 978 99 13 985 93 10 987 7 8 991 25 11 993 29 17 993 32 21 994 31 7 1001 39 6 1001 74 17 1007 61 10 1008 39 29 1011 40 21 1011 86 5 1014 56 3 1015 94 13 1017 51 9 1020 7 8 1020 45 25 1026 74 2 1029 56 13 1029 60 18 1031 62 15 1034 90 6 1035 86 2 1036 89 31 1038 99 4 1039 62 18 1039 83 15 1041 20 14 1042 78 2 1045 8 18 1048 22 18 1049 16 13 1049 63 20 1050 13 14 1054 77 23 1058 89 7 1066 10 19 1067 79 15 1068 60 11 1068 71 14 1076 13 19 1076 44 7 1080 13 31 1082 39 10 1088 74 30 1090 65 25 1091 91 30 1098 70 19 1102 28 10 1106 65 29 1108 49 19 1110 82 25 1112 84 27 1118 27 13 1119 56 31 1123 69 8 1127 69 27 1146 94 5 1150 16 29 1153 72 23 1157 75 1 1158 92 0 1160 15 10 1166 32 28 1167 33 2 1168 88 28 1169 15 17 1169 90 13 1169 93 19 1171 34 18 1173 100 21 1174 38 11 1177 87 14 1179 10 11 1180 14 15 1185 89 6 1187 36 5 1190 44 9 1191 3 31 1196 61 31 1198 98 9 1199 41 29 1202 64 11 1209 11 2 1212 88 8 1214 2 5 1216 22 4 1218 92 23 1221 95 2 1225 83 29 1228 80 16 1228 95 4 1231 84 2 1238 59 27 1244 53 16 1245 61 25 1246 34 4 1254 92 26 1254 97 21 1255 41 28 1259 61 17 1259 89 9 1261 91 20 1266 1 3 1267 58 26 1267 86 2 1275 90 22 1277 86 29 1285 24 3 1288 55 13 1290 4 3 1290 47 1 1293 98 0 1296 85 1 1298 57 8 1303 52 11 1304 31 5 1310 1 18 1313 24 16 1317 53 24 1321 50 8 1326 38 9 1329 73 13 1336 20 21 1336 88 19 1337 75 14 1340 14 29 1342 42 4 1348 28 1 1353 12 7 1355 5 5 1355 89 7 1359 66 3 1363 7 18 1371 91 17 1372 91 6 1374 29 21 1375 25 16 1380 70 17 1381 7 27 1381 70 11 1385 64 14 1385 68 3 1387 69 31 1387 83 24 1388 89 25 1402 26 25 1402 84 20 1404 35 10 1406 45 25 1407 61 25 1408 20 13 1410 39 24 1411 87 27 1411 90 20 1412 96 20 1413 18 30 1414 66 28 1417 99 14 1419 72 16 1421 87 0 1431 40 3 1435 94 17 1436 83 19 1441 21 31 1444 51 6 1450 42 8 1452 60 19 1453 9 16 1454 10 4 1454 53 31 1455 41 6 1457 41 22 1459 35 3 1459 77 22 1460 13 4 1465 51 16 1468 43 24 1469 32 27 1469 74 29 1473 58 3 1479 3 13 1481 20 0 1482 20 6 1485 50 29 1485 100 21 1486 31 25 1488 7 24 1494 31 12 1495 14 1 1498 10 23 1499 42 15 1502 49 29 1504 47 4 1507 29 3 1508 62 9 1509 59 29 1510 53 4 1510 84 0 1513 85 16 1518 54 16 1521 51 21 1522 74 18 1523 42 26 1532 84 2 1535 90 27 1537 52 3 1545 59 24 1547 70 23 1547 80 18 1556 44 2 1556 51 24 1564 32 4 1565 50 19 1572 21 6 1573 61 16 1575 97 23 1578 35 14 1578 77 10 1579 11 15 1580 16 24 1580 28 25 1584 9 13 1584 55 13 1586 71 2 1606 74 29 1616 37 23 1616 79 5 1618 7 12 1621 41 3 1623 24 4 1627 27 8 1630 62 25 1634 54 6 1635 52 1 1636 95 8 1638 15 28 1639 88 14 1640 68 29 1650 57 6 1656 52 31 1659 12 7 1664 80 29 1666 9 11 1666 20 17 1666 58 6 1810 48 9 1811 37 8 1819 76 7 1825 8 25 1837 4 2 1839 88 23 1839 89 13 1843 70 16 1845 49 0 1845 66 17 1851 74 25 1853 58 29 1855 12 12 1858 84 18 1859 59 27 1861 35 26 1864 32 9 1866 35 20 1870 3 14 1872 28 0 1872 36 2 1873 99 28 1874 11 27 1881 72 22 1892 61 30 1893 7 9 1899 90 23 1902 20 1 1904 92 20 1905 11 13 1906 12 31 1906 36 30 1911 100 7 1913 33 31 1914 17 3 1916 79 15 1917 68 2 1921 79 16 1938 99 5 1939 29 20 1942 90 1 1943 40 19 1948 5 20 1951 62 11 1952 72 9 1958 98 2 1962 90 17 1964 19 6 1964 100 2 1967 3 18 1967 43 8 1981 22 16 1981 78 1 1988 69 18 1990 18 27 1991 13 11 1993 47 15 2010 50 30 2011 35 18 2013 7 4 2015 4 0 2029 90 31 2031 15 9 2037 92 31 2039 7 26 2039 24 9 2039 45 5 2043 89 13 2044 90 8 2046 10 0 2050 27 1 2059 39 15 2061 40 6 2062 13 13 2062 31 12 2064 85 28 2065 1 28 2066 71 21 2069 87 22 2071 47 11 2072 51 0 2074 76 6 2085 80 6 2086 39 21 2088 51 15 2095 80 28 2099 60 1 2102 85 21 2109 80 10 2110 40 30 2126 21 28 2133 58 31 2134 30 13 2138 63 30 2142 70 22 2145 57 20 2153 59 2 2153 69 10 2157 90 23 2162 29 14 2162 48 1 2162 58 6 2166 59 4 2166 96 28 2167 71 2 2173 22 23 2175 9 30 2175 98 26 2176 37 7 2177 26 13 2180 7 1 2181 77 2 2189 50 25 2200 76 4 2200 81 15 2200 100 16 2202 42 10 2203 22 15 2203 68 8 2203 94 25 2206 77 27 2206 93 16 2209 7 5 2210 76 13 2214 9 26 2215 50 16 2217 89 12 2219 11 22 2219 24 14 2220 75 24 2221 60 5 2222 14 0 2226 95 4 2227 32 30 2233 24 27 2233 79 14 2236 99 17 2239 35 25 2242 80 9 2243 29 29 2246 72 2 2251 66 5 2256 27 16 2259 27 0 2260 92 17 2266 16 13 2268 3 21 2268 39 12 2272 86 11 2283 44 24 2286 95 6 2288 47 30 2289 74 10 2290 58 2 2297 40 28 2304 20 6 2304 22 0 2304 53 6 2307 38 19 2312 75 24 2314 19 13 2318 17 10 2323 93 26 2326 26 22 2326 67 12 2330 56 16 2330 69 19 2332 7 20 2334 53 13 2335 86 17 2336 52 12 2337 82 0 2343 18 7 2349 53 0 2350 82 21 2362 74 1 2363 43 28 2364 68 19 2364 86 2 2365 82 12 2366 39 21 2369 65 4 2377 79 31 2379 9 12 2389 61 23 2393 96 23 2394 95 31 2396 62 27 2399 73 31 2403 63 0 2407 69 19 2409 21 30 2409 80 8 2413 20 23 2423 43 7 2426 73 0 2431 76 11 2434 37 30 2436 84 15 2439 52 28 2440 11 4 2440 99 17 2444 92 27 2445 94 25 2446 19 4 2449 99 6 2451 83 4 2451 88 13 2456 65 18 2460 18 12 2468 57 14 2472 54 5 2473 9 10 2482 5 3 2487 3 10 2496 46 15 2504 40 20 2507 53 9 2512 38 21 2514 47 1 2514 89 18 2516 74 13 2520 70 13 2522 6 25 2522 59 17 2524 53 4 2525 68 23 2531 1 25 2533 13 0 2538 26 21 2538 41 23 2540 55 26 2547 13 16 2549 49 1 2551 74 3 2553 22 23 2559 10 8 2562 25 4 2564 15 24 2565 19 28 2569 70 17 2574 27 6 2575 82 6 2576 32 23 2578 43 31 2579 21 22 2580 2 1 2592 24 8 2593 72 6 2606 20 12 2607 28 21 2610 29 29 2611 36 12 2613 57 13 2613 94 10 2625 7 15 2626 26 15 2638 7 15 2638 49 16 2639 0 29 2639 39 2 2647 47 22 2649 30 23 2649 69 6 2655 21 8 2655 81 24 2657 2 17 2657 27 4 2658 35 10 2661 12 14 2663 60 15 2668 54 30 2669 8 10 2670 91 13 2671 11 11 2671 43 7 2671 84 8 2676 44 13 2683 66 30 2684 22 21 2697 79 13 2698 13 5 2698 29 8 2699 78 15 2707 61 1 2709 58 20 2715 13 2 2716 7 26 2717 85 8 2726 37 9 2735 25 0 2739 44 28 2740 98 29 2743 81 17 2745 3 29 2746 63 0 2749 3 20 2750 22 31 2750 44 14 2756 95 21 2757 18 16 2760 12 14 2760 47 29 2761 8 2 2761 92 21 2765 28 27 2766 2 1 2768 55 19 2771 32 18 2774 85 3 2777 8 16 2778 12 5 2793 70 31 2794 18 30 2796 18 17 2797 21 1 2799 35 1 2799 43 0 2799 52 26 2802 66 12 2803 62 7 2807 73 17 2811 95 0 2815 35 5 2817 60 7 2819 45 29 2822 35 13 2831 37 22 2831 74 12 2837 68 23 2838 0 15 2839 79 6 2842 60 15 2851 30 13 2853 34 13 2854 32 10 2864 64 17 2864 66 5 2866 21 28 2866 58 12 2868 57 12 2870 34 3 2873 49 8 2876 51 2 2878 13 1 2880 3 5 2889 85 22 2890 33 21 2891 11 3 2894 34 28 2894 42 27 2895 29 23 2898 81 30 2905 2 7 2907 97 29 2910 39 3 2911 37 30 2919 77 28 2919 83 20 2922 86 0 2923 35 30 2924 94 14 2928 83 10 2932 53 11 2935 75 22 2937 32 13 2942 7 29 2946 7 24 2950 50 1 2953 57 16 2953 83 9 2955 33 14 2957 32 8 2958 15 8 2962 66 21 2967 66 3 2968 93 5 2970 15 27 2974 70 25 2975 52 15 2977 58 20 2984 14 16 2986 67 0 2986 77 25 3001 56 5 3002 76 0 3003 43 16 3006 33 25 3007 39 8 3009 35 10 3010 8 31 3016 38 4 3017 39 16 3024 67 17 3026 4 20 3043 54 14 3051 95 28 3052 21 24 3058 22 25 3067 64 11 3069 96 23 3071 98 9 3073 47 25 3078 70 1 3078 92 9 3081 37 19 3084 21 27 3086 58 7 3088 77 31 3089 90 0 3090 68 22 3092 25 20 3098 44 28 3100 0 8 3103 42 18 3113 9 14 3115 1 28 3116 4 16 3118 58 27 3121 36 3 3123 17 13 3123 50 30 3124 12 19 3126 9 23 3134 72 3 3139 41 8 3143 69 2 3147 89 14 3151 2 29 3154 75 25 3155 36 27 3156 62 12 3157 35 1 3160 30 15 3161 24 12 3162 100 12 3164 89 16 3171 99 17 3174 43 6 3179 34 24 3180 10 6 3183 46 3 3188 38 23 3196 0 12 3200 66 24 3201 10 25 3201 39 23 3203 72 14 3210 15 14 3213 11 15 3213 68 11 3216 73 10 3218 42 20 3221 18 5 3223 49 12 3224 65 25 3228 34 1 3233 63 9 3235 86 0 3236 74 25 3240 3 14 3240 54 26 3240 97 24 3245 1 3 3245 50 13 3246 18 6 3247 62 16 3248 11 3 3249 83 9 3253 51 27 3259 13 20 3261 78 24 3267 18 15 3272 7 3 3272 16 15 3275 4 5 3275 52 16 3278 89 27 3281 22 1 3282 67 17 3284 2 11 3288 6 5 3289 8 3 3290 12 0 3293 69 14 3294 22 27 3294 98 13 3300 87 31 3303 92 17 3304 54 1 3310 99 2 3319 91 25 3321 89 15 3322 3 8 3324 50 0 3328 5 7 3330 30 25 3344 70 5 3347 29 26 3358 17 29 3358 65 14 3362 18 15 3365 81 22 3367 80 25 3369 36 10 3369 44 23 3372 62 15 3374 25 17 3379 18 26 3380 56 5 3380 63 16 3381 94 15 3387 41 2 3390 2 7 3397 85 22 3397 96 24 3400 44 29 3401 1 10 3401 42 15 3403 90 30
318 1033 0.0001 73 53 8 79 90 29 79 93 25 83 66 1 85 53 18 87 29 1 90 59 14 93 47 8 94 31 28 96 25 24 97 38 6 99 5 8 105 57 17 106 55 27 115 13 19 116 31 27 118 11 25 121 54 1 125 24 9 131 9 26 131 93 14 141 45 17 141 62 26 141 87 9 142 29 18 142 87 0 145 67 13 150 22 5 151 19 1 151 90 31 152 80 20 161 73 25 163 78 27 171 66 6 173 20 22 178 69 8 181 43 5 182 86 13 184 25 19 185 31 6 190 7 31 194 21 3 194 31 7 196 85 16 207 72 3 214 5 4 214 9 22 215 14 5 219 63 0 221 6 3 223 84 28 229 24 22 229 47 26 236 21 26 239 61 5 244 58 27 246 41 10 247 64 4 247 86 10 254 10 23 255 84 20 256 70 17 256 98 30 259 78 0 267 16 17 271 61 27 271 76 17 272 50 27 276 48 3 279 1 20 280 11 11 280 82 12 281 16 16 281 84 18 282 77 17 285 80 6 292 75 30 295 42 1 299 10 25 302 46 3 303 32 1 305 97 12 309 26 21 316 46 1 316 46 20 317 52 15 317 64 26 320 31 16 323 58 23 323 86 29 330 61 2 333 36 29 333 61 14 333 80 23 338 75 27 340 13 7 342 80 4 343 40 27 343 42 22 348 12 13 355 48 9 359 87 16 362 43 4 363 78 6 366 70 22 373 92 12 376 82 0 377 53 11 383 77 20 386 65 21 388 12 29 389 55 9 395 20 17 396 47 17 396 92 5 397 4 25 398 27 16 398 55 11 399 58 14 406 67 4 406 87 23 409 21 26 410 92 30 411 29 9 411 100 20 414 62 14 417 1 9 422 30 10 425 28 21 425 59 0 429 73 30 431 5 22 443 32 2 444 7 21 447 76 18 447 80 31 456 91 29 466 98 18 467 22 22 470 61 17 475 32 22 479 74 18 484 40 7 484 66 0 488 49 10 491 9 10 491 17 18 505 32 31 505 59 14 509 63 0 510 91 29 512 92 18 516 6 15 517 31 7 518 25 0 521 82 11 527 42 8 528 51 28 530 15 19 530 23 6 531 84 7 531 84 13 533 90 8 536 77 31 540 15 1 540 48 4 547 66 20 549 25 4 555 40 28 556 6 24 556 30 23 556 85 7 560 56 29 561 64 10 564 12 24 568 99 23 570 54 10 572 44 17 578 4 1 583 69 28 586 96 6 590 13 28 591 46 11 600 58 9 601 58 18 611 93 10 613 7 28 613 38 25 621 38 1 621 46 9 627 12 23 632 45 1 632 96 16 638 52 15 640 69 30 641 42 3 643 71 30 644 51 27 645 46 11 646 59 16 649 58 11 649 89 2 654 34 9 655 29 0 659 21 13 661 51 28 663 27 0 672 82 14 676 33 13 677 84 21 679 0 28 683 13 2 683 26 27 683 96 29 687 6 18 687 20 29 690 56 20 694 80 27 696 2 16 703 78 1 706 21 4 707 7 7 709 78 29 710 50 21 710 95 5 713 57 26 716 46 24 722 38 2 726 66 26 730 81 23 732 51 28 734 33 18 737 25 31 742 3 2 742 32 18 746 27 28 748 14 3 748 16 8 750 87 9 752 65 9 752 69 0 753 69 30 753 84 12 767 62 26 769 35 7 783 46 27 784 35 24 786 43 21 787 65 21 789 19 31 792 86 21 806 78 17 809 62 3 813 99 5 813 99 10 819 66 17 824 64 19 826 26 26 837 83 28 838 73 6 839 17 25 843 4 5 844 93 11 845 3 21 845 73 12 847 67 17 850 87 7 854 94 31 859 45 17 861 58 12 862 19 14 867 5 21 869 74 23 869 92 28 876 13 3 880 28 9 881 9 26 891 63 6 897 67 28 897 69 8 898 36 7 901 51 21 902 66 30 906 49 27 910 75 14 910 80 0 918 41 9 925 20 23 929 61 23 940 30 3 940 86 25 941 27 6 942 70 29 948 91 2 952 93 21 956 72 6 956 74 8 961 55 26 962 43 9 963 45 9 963 69 14 965 67 10 969 67 25 971 96 0 975 58 14 976 37 20 980 58 20 981 28 18 985 2 22 991 27 3 992 91 24 993 44 3 998 8 3 998 84 19 1001 93 16 1004 60 31 1006 43 11 1009 25 6 1022 66 29 1022 100 2 1026 61 4 1029 1 30 1030 8 4 1040 40 20 1045 61 9 1048 53 29 1051 68 11 1051 99 21 1054 47 24 1055 20 26 1056 9 9 1058 76 19 1059 52 14 1059 93 30 1060 5 6 1060 25 24 1061 15 2 1062 35 4 1068 3 14 1069 80 7 1073 10 31 1073 74 19 1075 20 27 1075 47 8 1075 94 27 1077 72 5 1078 87 15 1083 7 21 1093 16 27 1095 42 5 1096 40 2 1096 48 31 1104 3 22 1105 12 25 1112 51 20 1116 14 24 1123 27 29 1123 34 15 1124 23 26 1134 5 21 1138 26 24 1145 30 20 1146 69 21 1148 30 29 1150 35 19 1156 81 23 1161 78 29 1163 17 3 1164 14 24 1164 46 29 1166 23 4 1167 94 19 1168 97 18 1171 1 4 1174 29 25 1175 45 0 1176 29 20 1190 8 14 1191 57 11 1200 80 22 1203 14 14 1212 78 0 1213 72 25 1219 60 6 1220 76 2 1222 97 10 1233 61 14 1234 62 0 1236 81 11 1241 20 25 1246 51 17 1246 80 19 1248 31 17 1251 66 24 1257 8 11 1262 30 13 1262 90 21 1265 84 22 1266 31 28 1267 25 29 1269 4 12 1269 11 23 1271 78 13 1274 12 20 1279 90 8 1281 56 23 1285 37 30 1289 20 30 1293 86 8 1294 11 11 1294 33 24 1297 91 6 1299 55 17 1301 33 4 1304 78 29 1308 90 22 1313 71 26 1318 19 21 1319 73 7 1320 45 6 1325 64 10 1325 100 5 1326 32 22 1327 63 5 1328 23 7 1334 20 14 1336 14 22 1336 39 24 1343 88 6 1347 84 20 1348 56 11 1350 84 19 1355 51 15 1360 45 0 1364 92 4 1365 7 8 1376 92 23 1377 75 12 1384 38 6 1384 90 11 1390 38 3 1399 29 21 1403 100 2 1407 25 6 1407 87 31 1407 92 5 1418 63 6 1422 33 30 1424 19 22 1425 65 8 1428 17 0 1428 65 11 1429 46 5 1429 54 28 1439 19 20 1440 68 7 1444 60 23 1446 63 17 1451 81 2 1453 38 8 1455 96 23 1458 1 29 1461 14 1 1462 56 24 1465 93 18 1473 76 1 1474 18 13 1474 53 12 1479 15 5 1480 81 3 1481 25 16 1489 20 19 1489 53 25 1495 44 7 1496 82 30 1505 30 26 1508 53 2 1518 21 28 1520 46 7 1523 33 11 1523 70 12 1523 87 19 1528 25 18 1529 82 3 1552 77 0 1564 38 26 1566 70 29 1566 95 3 1570 92 18 1573 80 25 1576 10 29 1578 28 31 1580 23 6 1581 20 31 1587 59 4 1589 8 6 1591 62 6 1603 36 24 1608 48 7 1609 18 6 1612 34 27 1612 36 3 1616 29 11 1628 31 25 1629 14 31 1630 93 9 1631 28 4 1631 72 20 1640 2 2 1642 43 27 1644 17 5 1647 5 19 1652 94 7 1655 3 13 1659 35 13 1660 73 9 1661 93 28 1662 90 13 1666 26 13 1808 47 26 1810 67 19 1815 67 12 1820 26 26 1820 46 25 1820 88 9 1823 59 24 1826 13 21 1826 88 3 1828 53 10 1828 83 23 1832 44 1 1836 75 31 1837 86 28 1837 93 28 1838 12 7 1838 76 20 1839 52 23 1847 49 4 1847 74 9 1849 15 1 1851 12 8 1853 61 1 1854 47 31 1858 58 31 1859 26 10 1870 45 16 1874 65 11 1879 65 18 1887 64 16 1889 13 13 1895 76 26 1895 87 22 1896 59 27 1897 62 0 1898 47 8 1904 20 24 1910 35 3 1910 87 25 1922 91 21 1927 65 0 1928 86 25 1931 97 6 1932 54 23 1934 66 5 1938 100 31 1941 92 15 1943 91 20 1948 3 22 1949 34 1 1950 94 27 1956 97 28 1962 10 29 1983 20 9 1991 5 31 1995 93 5 1998 43 14 2000 8 14 2000 25 22 2002 82 20 2004 83 13 2006 9 27 2006 22 31 2010 29 2 2011 23 1 2013 20 27 2013 84 12 2017 0 22 2018 84 14 2022 58 18 2024 97 29 2026 6 11 2035 75 20 2039 82 2 2040 71 27 2047 41 18 2052 71 19 2058 90 1 2063 75 25 2066 57 24 2067 55 9 2075 38 2 2076 43 10 2081 36 7 2093 22 4 2095 43 19 2096 10 25 2101 56 27 2102 13 26 2102 62 14 2107 3 20 2110 46 24 2114 53 12 2116 73 27 2120 53 31 2121 13 1 2121 85 18 2125 53 11 2126 66 7 2129 23 7 2130 77 1 2139 80 30 2148 37 23 2151 7 22 2159 58 18 2161 8 9 2164 30 25 2166 24 21 2167 14 26 2167 36 27 2167 88 10 2175 34 29 2175 70 23 2176 28 9 2179 65 5 2185 6 14 2185 78 26 2188 40 11 2191 89 17 2194 76 4 2198 93 26 2201 16 28 2203 64 6 2210 65 0 2211 2 16 2215 17 1 2218 96 17 2219 14 4 2223 54 17 2223 88 20 2225 0 16 2226 58 23 2229 19 14 2233 29 14 2233 55 6 2233 97 3 2235 18 26 2238 31 18 2239 35 4 2244 49 4 2253 36 17 2254 93 6 2256 60 21 2258 34 11 2259 60 10 2264 91 25 2264 92 2 2268 90 19 2271 70 14 2273 64 15 2291 29 17 2301 17 25 2302 7 29 2305 10 6 2305 35 7 2305 60 22 2306 12 10 2309 39 7 2313 24 31 2316 12 3 2324 18 12 2324 57 15 2325 58 16 2334 96 2 2335 5 22 2336 99 6 2337 74 30 2337 81 6 2345 35 17 2345 78 4 2346 57 12 2347 7 0 2349 69 17 2350 3 31 2357 86 13 2363 38 21 2377 92 24 2379 54 18 2382 99 28 2388 36 19 2388 81 25 2391 6 19 2395 22 12 2396 69 7 2397 90 13 2397 95 3 2399 100 25 2400 27 3 2400 27 20 2405 96 11 2406 14 7 2412 86 21 2425 46 8 2428 79 31 2437 45 5 2442 70 17 2445 31 23 2448 91 14 2450 18 31 2453 73 20 2455 2 19 2456 15 29 2466 48 19 2469 26 10 2472 74 31 2474 99 19 2483 47 24 2483 70 4 2484 89 13 2485 1 19 2489 32 10 2491 25 21 2492 13 9 2493 74 0 2498 97 25 2501 98 7 2504 5 12 2511 31 0 2511 73 14 2514 7 14 2521 59 8 2527 93 30 2530 31 19 2530 70 31 2535 93 13 2544 51 22 2546 15 29 2546 67 31 2548 97 9 2551 23 27 2552 21 21 2556 60 8 2558 31 12 2568 42 0 2568 61 11 2569 57 23 2571 85 11 2583 92 21 2584 29 6 2587 16 3 2589 22 31 2595 95 25 2598 5 2 2598 30 14 2599 98 26 2601 56 30 2601 64 9 2602 83 20 2604 50 16 2604 71 2 2606 58 13 2609 65 12 2618 0 14 2622 23 15 2622 32 11 2622 34 29 2622 88 0 2624 65 4 2642 1 31 2644 8 11 2648 92 0 2649 90 23 2651 16 19 2652 42 25 2657 95 6 2658 83 14 2665 46 23 2667 86 18 2670 19 12 2672 6 13 2672 14 19 2673 27 17 2675 77 29 2680 3 19 2680 31 2 2684 30 28 2686 60 19 2695 53 24 2697 62 21 2701 99 5 2707 70 22 2708 45 31 2710 16 30 2710 70 31 2716 63 5 2731 21 11 2734 22 6 2734 66 25 2736 77 28 2743 27 7 2747 60 7 2748 18 7 2749 34 31 2749 83 25 2756 27 9 2761 13 20 2772 35 18 2775 40 22 2778 78 5 2784 72 19 2785 35 10 2785 56 12 2788 44 14 2791 20 10 2792 71 8 2797 61 22 2804 64 27 2805 60 19 2809 89 3 2811 0 8 2816 98 21 2821 26 5 2822 93 0 2823 10 9 2824 9 5 2828 37 8 2829 67 31 2829 88 22 2830 9 22 2831 19 5 2835 13 11 2835 52 23 2836 4 19 2838 7 29 2838 17 24 2842 90 5 2846 40 8 2846 88 10 2847 98 25 2848 47 10 2848 75 7 2850 24 17 2853 71 4 2855 47 8 2856 63 21 2861 38 3 2862 90 6 2863 0 23 2880 76 12 2882 16 13 2882 62 7 2883 66 28 2884 50 21 2889 75 1 2898 82 4 2899 69 7 2901 9 20 2901 10 8 2904 50 23 2904 51 1 2905 61 20 2911 87 19 2919 89 30 2920 92 13 2921 92 30 2923 7 25 2924 10 10 2928 40 4 2932 31 2 2932 93 27 2937 34 30 2940 10 14 2942 49 7 2944 64 7 2947 78 21 2949 31 19 2950 16 8 2951 79 15 2960 0 28 2963 0 17 2966 64 5 2970 50 21 2970 63 15 2970 68 13 2973 78 25 2974 19 8 2982 74 21 2984 19 1 2984 22 3 2988 91 24 2990 23 15 2993 6 10 2998 2 13 2998 77 22 3000 94 7 3007 87 24 3010 24 8 3012 83 3 3018 53 0 3019 97 16 3026 68 23 3027 98 24 3028 25 3 3033 11 26 3034 67 8 3036 25 18 3041 69 30 3043 83 31 3047 22 31 3056 33 25 3056 38 8 3057 39 11 3057 53 22 3063 57 8 3065 7 7 3068 94 26 3070 8 29 3075 69 4 3075 84 24 3076 16 2 3076 30 21 3076 86 14 3077 95 15 3079 59 15 3079 70 27 3080 51 27 3083 49 9 3084 59 0 3085 97 27 3087 73 7 3090 51 8 3094 55 22 3101 28 28 3105 77 31 3110 40 17 3111 71 23 3120 27 24 3120 79 12 3122 24 21 3122 97 26 3126 14 20 3143 63 24 3146 78 31 3147 76 27 3148 75 19 3149 53 4 3150 56 27 3155 51 13 3156 41 6 3156 41 16 3157 59 5 3161 74 9 3163 87 7 3164 37 24 3165 76 26 3166 81 27 3171 91 29 3173 25 19 3175 23 6 3175 95 28 3176 80 14 3184 13 9 3184 29 26 3192 31 0 3193 87 30 3194 92 25 3201 14 16 3214 95 12 3217 22 23 3219 24 7 3219 32 15 3219 62 15 3222 12 19 3222 68 5 3222 99 11 3223 7 29 3227 28 6 3230 5 26 3232 27 18 3234 34 7 3236 65 4 3238 9 28 3241 23 6 3241 30 23 3244 44 31 3247 37 14 3257 42 23 3257 63 0 3263 37 29 3271 8 7 3273 76 17 3280 20 17 3292 65 28 3294 26 4 3303 3 3 3305 56 7 3308 76 4 3313 81 16 3314 48 20 3316 32 21 3318 21 29 3319 100 3 3321 86 19 3324 84 26 3332 75 31 3338 84 19 3343 46 16 3344 43 25 3347 33 20 3347 92 9 3348 75 17 3355 24 13 3360 63 27 3366 72 1 3369 92 13 3374 54 11 3376 97 31 3377 55 10 3384 30 9 3388 69 4 3391 53 2 3404 82 4 3405 50 5 3405 86 7
319 1033 0.0001 72 15 28 82 72 2 84 3 27 85 89 14 93 65 13 94 15 16 95 96 11 105 43 16 107 19 29 107 76 11 110 61 3 120 25 0 121 100 23 123 63 23 125 37 5 139 10 31 140 34 6 142 78 31 143 96 22 145 64 18 152 7 8 154 87 14 174 25 23 177 57 27 180 88 18 185 88 22 187 11 19 193 93 3 203 81 0 205 21 7 210 81 18 215 78 27 216 28 30 216 61 21 217 97 25 222 77 9 224 57 20 228 22 13 231 94 17 233 11 2 234 3 5 234 14 27 234 21 14 234 42 7 241 11 28 244 46 29 246 16 31 251 46 1 254 4 16 255 14 28 255 23 9 261 62 22 264 84 28 266 29 20 269 65 23 269 92 19 272 89 30 273 42 14 273 62 27 274 8 2 278 3 24 278 37 20 293 73 31 293 77 13 294 41 24 297 23 29 300 32 1 302 4 28 303 21 18 304 73 23 307 35 20 310 23 27 314 83 23 317 21 24 329 13 24 330 97 3 335 50 6 344 84 9 345 85 15 349 20 18 350 24 30 352 70 22 355 28 23 356 42 17 363 44 20 366 8 2 366 67 24 374 16 18 379 29 29 382 51 0 382 99 25 385 49 15 391 15 0 394 18 17 398 59 2 406 19 19 408 62 28 411 37 26 417 2 28 417 48 0 417 51 19 419 57 17 421 83 9 424 6 7 424 9 30 425 25 13 435 10 7 437 0 18 438 87 15 440 86 23 444 53 19 444 98 2 448 43 3 450 0 14 456 80 5 457 10 4 458 54 12 463 5 14 466 18 21 468 21 9 470 4 20 470 73 24 472 35 8 475 81 24 476 91 20 478 40 17 481 1 4 482 7 28 483 96 0 492 81 0 495 11 21 495 89 15 499 27 17 502 0 3 512 69 15 521 98 4 522 91 30 525 75 6 528 18 28 533 97 20 537 76 19 546 27 20 546 46 30 553 49 17 560 19 26 561 96 20 562 99 20 563 17 27 563 98 18 565 100 7 568 84 26 569 4 1 575 27 20 578 32 22 578 64 23 588 43 19 589 19 9 596 7 4 597 60 28 599 81 20 601 95 7 608 23 26 611 23 16 616 77 19 619 23 26 622 70 25 623 82 20 627 22 11 630 88 2 631 28 29 631 78 18 635 18 18 640 32 17 652 77 5 653 66 24 659 49 24 667 54 11 669 65 28 671 28 8 672 56 13 672 69 3 675 61 29 676 57 5 682 91 20 688 5 7 697 32 3 701 36 30 701 89 1 709 30 27 710 16 6 711 10 7 717 10 8 722 61 12 726 31 20 727 12 23 737 61 12 746 44 8 751 26 20 751 27 19 755 55 5 758 71 3 763 23 20 769 3 30 769 39 13 781 30 22 784 15 27 784 36 16 785 34 3 794 1 12 799 33 6 801 45 20 802 87 14 806 21 7 807 48 29 810 55 29 816 18 9 817 31 2 830 50 4 832 89 15 836 90 26 839 96 29 841 21 13 844 48 10 845 19 1 846 31 6 847 14 21 850 38 10 854 8 25 856 39 10 858 42 29 859 100 24 861 3 11 864 38 16 867 87 4 870 89 1 874 40 27 874 64 29 875 24 11 881 53 1 883 73 7 886 14 1 888 91 15 889 27 24 893 90 30 900 44 31 903 3 5 906 72 15 907 60 8 908 10 10 909 25 12 909 91 24 917 43 7 917 44 8 923 73 4 927 39 16 934 10 13 936 84 26 943 82 29 945 79 9 946 49 5 953 45 20 953 80 13 955 75 11 967 40 25 969 96 10 971 62 10 973 26 4 974 21 30 974 44 1 980 8 14 985 3 29 986 80 21 987 36 17 988 53 3 988 61 23 995 53 7 998 99 19 1005 5 24 1019 87 21 1025 31 3 1026 98 13 1027 33 8 1032 13 16 1036 41 14 1037 13 25 1038 60 1 1040 25 16 1041 49 12 1043 85 21 1046 79 29 1050 12 23 1052 54 30 1053 77 10 1065 35 30 1065 91 10 1066 55 19 1073 67 0 1074 20 0 1082 73 29 1082 84 20 1083 58 21 1094 61 16 1098 51 25 1100 57 13 1103 82 21 1104 87 4 1105 42 17 1107 27 20 1111 9 21 1115 92 25 1117 49 5 1120 15 30 1120 50 4 1121 31 4 1123 68 8 1127 57 16 1129 63 13 1134 77 16 1135 89 24 1136 17 28 1143 72 2 1144 33 25 1148 41 1 1150 35 19 1153 8 22 1166 34 28 1171 100 24 1172 22 19 1175 80 30 1182 41 15 1186 12 28 1189 92 3 1189 98 22 1191 78 20 1198 67 22 1204 37 6 1206 51 6 1208 60 26 1213 24 10 1213 92 20 1214 57 12 1215 38 14 1219 7 17 1224 37 3 1225 66 9 1226 2 28 1228 0 14 1231 37 28 1232 38 5 1235 67 11 1240 79 7 1243 15 13 1246 22 28 1251 81 12 1251 91 22 1253 10 3 1258 26 7 1263 26 19 1264 55 11 1265 67 24 1280 5 17 1280 96 2 1280 99 31 1283 33 26 1285 96 17 1288 24 20 1289 60 21 1293 56 29 1294 13 1 1298 3 30 1299 42 29 1301 80 18 1306 19 5 1309 15 10 1313 28 0 1313 60 10 1315 51 30 1316 52 7 1318 90 28 1333 63 21 1334 13 16 1334 80 7 1340 12 14 1344 68 2 1344 68 29 1346 96 0 1349 21 24 1350 3 11 1354 46 1 1357 71 3 1359 22 22 1360 8 23 1361 89 15 1365 11 5 1370 74 5 1375 5 3 1375 88 13 1375 95 10 1376 3 21 1380 85 27 1382 23 28 1387 32 24 1387 39 4 1387 59 18 1388 92 30 1394 7 28 1394 22 31 1397 53 10 1398 98 28 1410 17 1 1410 95 11 1411 35 11 1415 99 14 1416 26 2 1417 18 19 1420 72 19 1421 44 24 1424 14 27 1424 51 21 1425 8 9 1427 32 31 1429 4 5 1435 90 10 1436 2 25 1441 57 3 1446 54 4 1450 1 2 1457 41 14 1457 75 28 1461 13 9 1461 23 12 1466 52 0 1471 48 0 1475 32 6 1477 83 29 1477 91 22 1483 57 18 1484 48 30 1488 86 1 1489 73 25 1493 86 11 1494 33 27 1496 91 18 1500 12 14 1504 14 31 1505 33 4 1507 100 15 1512 30 28 1512 47 23 1512 47 26 1513 72 19 1514 79 18 1518 19 24 1519 41 23 1521 68 20 1532 41 22 1532 50 25 1534 72 28 1535 90 0 1541 8 23 1543 100 12 1548 4 17 1549 12 19 1554 96 26 1558 25 22 1562 88 13 1572 41 18 1572 94 28 1574 0 2 1584 2 9 1587 1 21 1590 26 9 1592 62 29 1593 35 23 1597 21 12 1608 70 17 1611 83 10 1612 46 13 1613 35 30 1616 28 11 1618 49 18 1623 38 12 1623 76 31 1626 30 19 1626 85 31 1626 88 12 1629 98 9 1630 96 19 1631 56 4 1638 77 13 1639 55 1 1640 9 4 1644 21 16 1646 32 1 1646 44 20 1662 0 25 1663 47 1 1808 57 20 1810 25 2 1810 35 30 1812 86 24 1813 76 4 1818 58 23 1818 74 20 1820 64 2 1821 66 29 1822 9 13 1826 3 19 1826 3 29 1829 93 0 1832 39 9 1834 98 5 1838 34 19 1839 39 27 1841 4 28 1841 21 27 1849 46 4 1851 36 18 1853 20 15 1853 98 18 1854 19 1 1856 49 20 1861 92 4 1866 18 8 1872 5 28 1872 73 23 1880 61 2 1881 47 31 1884 99 5 1889 95 0 1892 2 26 1893 17 4 1898 100 6 1901 13 4 1901 20 27 1901 78 13 1903 89 8 1905 100 10 1911 30 2 1914 54 20 1918 99 18 1925 75 15 1926 15 26 1927 27 16 1930 17 11 1931 23 24 1931 28 24 1931 97 0 1933 13 4 1934 78 13 1935 5 4 1938 25 12 1945 1 11 1947 37 17 1950 93 30 1951 42 27 1952 19 7 1952 42 27 1953 11 13 1957 77 23 1966 68 21 1971 19 9 1976 36 6 1976 76 4 1979 39 20 1979 57 22 1981 49 8 1981 57 9 1981 80 5 1986 92 14 1987 99 12 1988 77 29 1992 22 17 1997 57 6 1997 89 28 2000 7 7 2003 2 23 2004 19 21 2004 39 16 2005 9 14 2006 60 19 2009 97 8 2013 59 4 2021 7 2 2021 72 24 2021 87 18 2033 39 28 2035 14 1 2035 89 0 2036 99 21 2037 17 28 2042 99 9 2043 31 2 2044 80 19 2047 24 7 2049 9 28 2050 43 3 2055 4 13 2055 84 4 2058 90 19 2060 65 5 2064 9 25 2065 39 9 2068 81 29 2070 28 11 2074 33 5 2074 77 28 2074 99 11 2077 8 22 2078 37 26 2080 92 22 2085 49 27 2086 40 13 2087 93 16 2091 18 11 2092 67 13 2093 55 25 2097 22 14 2099 35 6 2100 29 1 2100 48 8 2101 4 17 2102 25 14 2102 25 27 2105 4 3 2108 48 30 2113 42 5 2116 11 17 2120 32 12 2121 38 29 2126 3 14 2131 82 23 2132 69 11 2134 55 29 2144 41 7 2145 44 19 2146 1 31 2148 81 20 2149 86 24 2150 91 12 2151 37 5 2152 96 28 2156 6 9 2158 74 24 2162 18 19 2174 70 14 2174 82 12 2176 80 22 2183 60 11 2184 41 23 2186 42 5 2194 97 28 2196 90 19 2202 28 29 2204 49 12 2209 60 15 2210 73 19 2212 94 6 2215 73 25 2218 63 17 2222 28 2 2226 16 3 2228 66 4 2238 5 6 2243 83 15 2246 7 23 2246 54 17 2247 14 7 2251 49 20 2254 90 9 2260 73 26 2263 33 7 2266 91 31 2266 95 7 2268 60 9 2269 33 25 2272 4 0 2277 82 27 2284 4 21 2288 10 16 2296 52 4 2299 37 30 2301 50 25 2303 6 18 2307 15 15 2308 70 10 2310 66 14 2313 84 12 2313 93 10 2314 39 21 2320 44 31 2322 31 22 2327 87 16 2328 33 10 2335 41 14 2344 86 22 2347 53 29 2349 70 15 2355 58 31 2356 50 23 2356 71 7 2357 34 20 2364 17 29 2364 71 11 2375 40 6 2376 54 24 2377 12 5 2379 9 0 2380 96 14 2387 53 4 2397 46 24 2399 84 30 2399 93 20 2400 58 11 2402 45 15 2404 16 16 2409 91 31 2413 20 18 2415 3 28 2417 24 26 2422 96 5 2427 43 31 2430 59 16 2431 36 28 2431 38 19 2431 48 0 2432 69 29 2435 16 17 2443 70 12 2444 64 25 2445 89 21 2446 24 2 2446 73 30 2449 81 20 2455 54 0 2456 45 23 2459 27 7 2461 3 4 2465 8 30 2468 42 22 2472 77 26 2474 81 17 2483 29 14 2491 32 26 2495 27 9 2502 62 20 2503 6 7 2504 34 22 2505 86 15 2507 35 9 2507 100 6 2514 53 27 2514 96 27 2517 98 19 2518 27 18 2519 82 17 2522 49 6 2522 95 3 2531 4 23 2533 39 12 2539 7 5 2545 88 14 2551 4 12 2552 21 12 2552 25 28 2561 74 6 2564 27 3 2565 64 9 2567 23 0 2572 15 21 2575 20 12 2576 5 26 2582 79 22 2584 85 18 2591 29 21 2595 49 24 2596 74 21 2599 69 3 2607 54 0 2607 94 10 2611 20 0 2611 38 28 2619 46 0 2621 15 24 2627 23 4 2627 94 18 2643 10 12 2647 53 5 2657 59 19 2659 9 25 2667 68 15 2672 34 23 2675 84 14 2678 86 17 2679 3 14 2681 90 21 2682 67 27 2688 65 22 2692 80 26 2697 27 17 2697 76 25 2705 40 20 2710 58 13 2711 40 4 2712 1 31 2718 29 31 2718 74 15 2719 6 25 2719 53 11 2721 13 0 2721 76 5 2723 29 27 2726 3 23 2726 22 18 2726 57 20 2727 33 24 2727 52 31 2735 49 18 2735 99 2 2736 25 0 2740 85 14 2746 40 11 2750 25 19 2750 30 8 2755 50 28 2756 7 29 2768 79 11 2769 91 3 2771 5 25 2771 26 15 2777 17 9 2779 47 3 2785 82 17 2790 19 29 2791 3 29 2792 96 3 2795 59 14 2800 74 5 2804 37 31 2815 50 9 2820 67 23 2824 1 8 2824 47 16 2826 55 1 2827 32 8 2831 15 20 2832 48 3 2837 42 14 2840 49 7 2842 90 24 2844 30 5 2846 82 26 2849 48 28 2853 93 8 2854 13 4 2856 85 17 2858 6 19 2858 9 4 2859 20 16 2859 70 0 2871 22 11 2872 78 23 2877 14 12 2878 95 26 2881 70 17 2884 15 21 2888 10 16 2889 46 6 2895 98 17 2903 26 28 2910 52 9 2911 3 24 2914 11 7 2916 60 20 2917 12 12 2917 49 3 2918 9 15 2920 75 6 2927 38 30 2929 58 24 2932 89 10 2933 32 3 2933 39 7 2936 95 21 2940 45 15 2948 59 26 2956 96 25 2957 34 28 2963 86 14 2967 52 6 2974 90 30 2983 57 10 2983 80 20 2989 100 31 2991 22 11 2992 45 28 2997 65 13 3006 92 13 3008 35 22 3014 4 11 3014 73 3 3017 92 29 3031 92 12 3031 99 26 3032 80 31 3036 51 26 3037 80 20 3038 100 0 3039 83 0 3042 23 6 3045 56 10 3047 53 17 3048 10 14 3057 9 21 3058 55 11 3059 33 11 3063 91 21 3064 55 19 3068 6 25 3068 27 19 3072 60 16 3073 8 30 3074 68 10 3081 88 21 3082 93 2 3086 29 2 3089 48 5 3089 99 29 3091 61 13 3094 70 26 3100 73 28 3101 0 27 3103 55 10 3107 55 27 3107 94 22 3114 65 10 3119 65 7 3119 100 5 3122 88 21 3130 67 7 3132 30 21 3132 30 31 3137 71 14 3142 51 15 3143 75 13 3145 21 1 3146 50 28 3146 89 29 3149 70 19 3152 52 17 3154 80 9 3156 8 25 3156 70 8 3161 78 10 3171 41 11 3171 63 25 3172 21 28 3172 46 10 3173 5 10 3175 42 14 3178 45 13 3186 58 19 3188 21 15 3195 59 2 3199 63 21 3207 54 12 3208 59 23 3208 59 26 3209 69 29 3213 16 20 3217 82 14 3219 93 4 3222 48 27 3228 100 27 3234 59 0 3243 20 28 3245 2 27 3245 19 24 3247 19 6 3248 83 4 3249 68 5 3250 94 0 3254 30 30 3259 91 21 3261 39 13 3267 71 28 3267 82 8 3271 9 11 3273 79 8 3273 84 3 3275 7 26 3275 65 6 3276 69 17 3290 56 24 3290 99 25 3293 93 2 3300 7 24 3300 96 14 3301 56 4 3301 89 11 3304 63 4 3304 72 20 3304 84 13 3306 52 10 3314 91 7 3316 46 14 3317 95 6 3318 40 30 3321 66 18 3323 32 2 3323 65 7 3327 88 11 3331 21 11 3332 56 14 3333 44 20 3339 82 15 3340 54 30 3340 59 25 3349 64 26 3351 46 0 3358 96 0 3359 61 25 3360 95 12 3365 48 8 3366 57 12 3367 68 2 3377 27 7 3384 18 2 3388 14 10 3393 98 12 3399 88 22 3401 58 25 3402 37 23
320 1033 0.0001 73 78 5 74 42 28 75 9 5 78 16 23 79 8 20 86 73 6 89 95 10 91 30 14 95 90 27 101 15 3 102 1 23 104 5 28 104 45 18 105 22 23 106 88 25 108 7 22 108 14 13 109 22 2 112 20 13 113 4 26 113 98 27 115 76 18 120 96 3 121 30 27 122 82 4 126 16 18 126 21 8 127 87 20 129 52 26 131 75 0 142 13 21 150 95 2 153 59 12 154 78 7 154 80 8 155 70 27 168 51 9 171 23 25 171 54 15 171 72 26 174 56 22 178 92 24 180 85 8 181 100 29 182 8 3 182 24 0 185 87 31 187 80 28 189 58 3 190 78 12 196 66 27 197 32 2 205 31 13 206 23 14 207 84 23 213 21 8 214 13 29 216 2 10 216 13 31 218 12 6 219 74 30 220 60 17 221 1 31 235 86 9 238 73 29 239 65 27 241 71 12 242 87 20 246 25 26 247 65 16 247 74 25 252 22 18 257 27 29 262 62 2 266 32 0 271 13 22 273 8 16 273 80 27 277 4 26 282 83 29 284 41 0 284 98 13 286 91 31 287 93 22 293 97 30 299 59 29 302 39 27 305 23 29 312 21 26 312 63 12 317 74 15 318 20 17 320 48 2 320 51 0 322 76 1 330 70 25 330 92 5 333 39 11 339 48 0 341 16 12 342 89 8 347 25 21 348 1 1 352 1 28 355 32 8 356 92 23 358 12 24 358 14 11 358 59 23 358 61 31 360 41 3 360 90 15 361 94 2 366 91 13 367 20 14 368 35 25 370 40 26 371 42 2 371 42 28 373 100 24 377 40 3 381 99 9 383 20 21 383 78 18 383 87 14 384 56 30 390 66 9 395 8 30 396 73 27 398 10 23 409 84 27 417 46 29 417 62 21 423 89 18 434 43 15 436 32 24 436 69 15 439 5 9 439 71 4 440 38 1 440 80 7 449 54 22 453 28 5 453 39 20 455 30 15 456 36 13 456 100 13 462 25 7 464 44 25 469 92 28 470 4 30 471 27 0 473 71 16 476 14 27 476 27 0 476 54 23 477 26 24 481 93 16 484 75 17 485 62 31 489 83 16 494 15 24 494 54 8 494 94 12 503 0 12 503 64 4 506 1 17 508 72 25 509 36 28 515 62 15 515 87 23 527 73 22 528 87 18 529 94 17 532 4 14 537 24 3 545 68 15 555 26 27 556 96 6 557 92 31 559 89 31 561 15 2 565 30 30 567 99 29 568 54 31 568 67 1 571 17 17 573 49 22 575 98 9 578 69 19 579 46 20 581 9 29 585 36 7 586 62 5 589 23 11 592 79 12 597 57 20 601 65 21 604 6 7 606 57 5 608 42 30 608 54 6 614 28 12 614 91 12 628 7 3 630 20 8 631 100 26 632 43 31 637 35 22 644 38 18 645 40 25 646 57 18 648 25 28 651 87 24 652 94 23 654 54 4 654 90 25 658 24 9 659 93 30 663 77 20 664 25 9 666 7 12 669 49 2 673 59 27 674 60 22 674 84 6 676 84 27 679 62 30 680 71 26 690 20 4 692 95 28 693 64 5 699 83 1 699 86 12 719 83 17 719 84 1 720 47 8 721 84 0 723 48 21 723 81 16 732 53 2 735 24 27 737 9 18 741 6 24 745 9 29 748 48 25 751 48 27 755 59 14 755 84 8 758 20 25 760 100 9 764 22 10 764 47 25 765 77 0 773 26 17 774 26 16 775 58 9 778 85 27 783 5 1 788 53 12 791 16 8 793 48 30 799 52 5 800 82 1 801 39 31 803 56 22 808 96 19 810 12 3 810 39 17 812 22 12 812 63 22 816 7 25 820 62 6 820 88 12 826 41 20 828 69 20 833 29 20 833 64 25 834 12 14 838 44 14 838 66 21 841 60 17 841 95 4 843 63 7 844 13 28 844 91 22 855 96 20 860 76 29 865 4 9 868 10 10 868 80 22 870 56 10 873 48 23 876 8 4 891 57 30 894 3 31 894 32 11 894 81 13 897 2 12 900 54 10 909 46 30 909 94 4 910 28 15 913 10 31 918 70 26 919 57 7 924 76 26 930 50 26 931 21 19 933 3 11 934 66 22 935 51 16 937 46 18 938 25 17 939 34 28 939 71 2 940 40 6 940 100 8 941 52 8 952 48 5 952 55 8 958 16 17 959 52 4 960 31 24 968 11 29 970 75 8 971 5 1 971 43 0 977 39 27 978 9 29 979 63 26 980 42 3 981 39 4 984 74 7 986 52 24 987 22 10 989 9 24 991 98 8 992 7 8 993 84 7 995 67 8 997 66 11 1001 3 27 1001 8 18 1006 60 29 1007 92 28 1008 51 5 1012 45 14 1015 23 14 1015 73 15 1016 29 7 1017 59 27 1020 59 17 1021 52 14 1026 63 27 1027 24 28 1028 54 1 1032 26 19 1042 17 8 1062 34 1 1065 4 26 1066 20 23 1071 22 6 1071 59 30 1076 16 13 1076 65 30 1076 73 20 1082 83 9 1086 79 14 1088 22 3 1088 56 23 1088 63 19 1088 72 17 1091 17 27 1095 37 7 1099 1 13 1102 32 23 1102 80 2 1103 54 28 1105 47 2 1106 47 3 1106 51 0 1111 5 2 1112 93 27 1122 41 27 1123 13 31 1127 48 23 1127 70 10 1133 33 6 1134 45 4 1135 25 11 1137 31 24 1138 63 11 1147 42 28 1148 37 2 1148 50 1 1149 20 11 1149 57 17 1152 80 6 1154 20 29 1154 42 5 1154 92 28 1162 65 24 1162 86 13 1164 42 26 1174 85 14 1180 12 7 1184 18 14 1189 59 21 1201 73 8 1202 19 24 1204 87 0 1209 14 2 1209 49 22 1219 80 16 1220 90 25 1222 36 16 1223 45 25 1226 70 22 1229 99 30 1238 80 26 1240 71 5 1243 31 10 1244 53 18 1254 59 6 1260 21 29 1273 3 11 1273 21 22 1277 53 9 1281 15 29 1282 60 11 1283 75 12 1284 40 14 1292 97 10 1296 33 6 1298 21 3 1302 40 7 1303 57 1 1304 2 29 1304 25 10 1305 18 9 1313 41 0 1320 22 22 1323 25 18 1324 14 8 1329 95 8 1333 36 11 1334 8 23 1336 27 17 1336 74 8 1337 29 3 1339 29 23 1340 20 6 1344 17 4 1346 18 0 1347 90 19 1349 9 0 1352 73 8 1352 93 3 1353 35 24 1353 71 26 1358 70 10 1359 57 16 1360 23 25 1360 26 26 1360 86 26 1362 57 1 1365 9 26 1373 95 21 1374 27 0 1385 83 11 1387 17 8 1391 45 18 1391 93 12 1394 59 8 1405 27 16 1406 5 4 1407 70 7 1411 64 14 1414 37 29 1419 94 28 1422 45 27 1427 4 10 1429 79 15 1432 54 14 1435 87 9 1446 86 23 1454 97 17 1457 45 30 1457 66 5 1458 51 13 1459 30 12 1462 49 21 1469 57 23 1474 94 25 1476 31 31 1490 100 13 1492 48 31 1493 75 7 1497 66 15 1501 81 8 1501 81 18 1506 15 27 1509 72 12 1509 88 4 1509 90 19 1514 48 23 1515 26 16 1525 100 28 1536 14 14 1536 30 1 1536 77 21 1537 40 27 1538 95 5 1541 59 19 1544 93 30 1550 39 11 1550 71 15 1550 94 23 1559 42 29 1560 20 30 1562 51 15 1565 30 12 1565 69 18 1568 89 1 1568 89 13 1570 62 22 1572 2 9 1573 70 20 1577 46 29 1577 50 6 1577 53 17 1581 33 28 1587 61 14 1590 68 9 1591 17 30 1591 51 8 1597 7 15 1597 80 14 1601 33 20 1605 86 4 1606 48 2 1607 59 31 1610 55 17 1615 95 28 1617 61 24 1625 88 11 1631 56 17 1632 66 28 1635 80 7 1636 77 8 1644 17 6 1644 98 10 1651 90 16 1654 32 26 1808 52 20 1817 49 21 1817 66 29 1822 30 17 1824 9 10 1830 61 3 1835 24 7 1835 61 13 1836 2 14 1846 60 12 1848 36 18 1863 5 22 1864 18 9 1866 8 26 1867 75 19 1868 52 19 1870 39 27 1872 92 26 1875 11 17 1877 83 25 1884 38 22 1891 84 10 1896 22 7 1901 88 27 1910 24 20 1915 72 28 1919 39 0 1925 39 18 1931 82 0 1934 24 10 1936 23 19 1948 28 24 1951 91 29 1953 52 9 1958 35 8 1958 38 10 1961 21 8 1961 81 15 1965 17 25 1969 54 1 1971 67 31 1974 28 16 1975 99 23 1984 78 5 1991 98 2 1998 34 15 1998 72 2 2005 68 0 2009 87 12 2012 57 12 2012 89 27 2017 83 1 2018 87 26 2020 82 23 2024 71 10 2026 52 15 2028 8 30 2034 6 14 2035 86 2 2036 69 7 2038 68 24 2043 30 15 2043 75 31 2046 9 16 2051 40 10 2059 82 9 2065 36 28 2066 26 1 2071 41 24 2073 45 19 2079 41 31 2079 68 25 2081 22 9 2083 38 16 2100 41 1 2101 67 29 2104 5 12 2108 51 12 2108 75 15 2115 18 3 2119 24 15 2131 35 8 2132 1 24 2134 23 3 2134 54 0 2135 29 3 2138 18 24 2148 16 27 2152 59 12 2157 95 13 2165 35 15 2172 57 15 2176 36 16 2180 96 8 2181 83 14 2181 98 22 2182 45 28 2188 94 18 2190 82 14 2195 33 11 2195 44 11 2195 88 10 2201 28 7 2203 37 24 2203 75 20 2208 29 30 2211 97 14 2212 43 19 2214 55 20 2217 16 22 2234 81 14 2239 82 31 2245 47 28 2257 23 31 2259 40 28 2259 84 5 2267 93 3 2269 40 1 2274 93 24 2280 16 8 2283 4 12 2284 30 6 2286 42 23 2291 81 18 2294 45 8 2296 79 18 2300 28 16 2302 45 13 2306 89 6 2306 95 18 2307 95 22 2312 40 18 2321 41 6 2322 19 23 2322 29 24 2322 66 14 2324 14 17 2331 64 21 2331 80 10 2333 72 22 2334 2 9 2335 22 18 2337 92 7 2341 40 2 2344 33 5 2354 36 21 2354 42 12 2357 13 22 2357 29 9 2362 10 12 2365 86 20 2367 42 25 2369 22 23 2372 52 21 2375 28 20 2376 49 14 2377 32 13 2378 68 0 2380 47 26 2383 29 19 2383 37 23 2386 24 2 2386 44 6 2387 22 27 2387 26 21 2388 48 14 2390 4 28 2392 40 6 2392 42 2 2395 59 16 2397 19 17 2398 70 12 2403 10 11 2403 100 8 2412 15 2 2412 29 17 2413 53 21 2413 82 24 2414 61 15 2417 90 4 2424 9 22 2425 9 15 2426 4 5 2427 72 23 2431 35 15 2436 60 8 2440 86 8 2443 22 13 2447 5 25 2447 14 3 2457 15 12 2457 34 16 2457 64 16 2459 21 19 2463 18 25 2466 26 30 2467 54 26 2474 0 22 2479 69 1 2482 33 8 2482 87 4 2484 24 6 2485 81 14 2490 100 25 2495 9 5 2503 28 2 2506 85 13 2509 77 23 2513 61 5 2514 42 24 2519 2 15 2520 50 21 2522 18 16 2531 33 0 2545 83 27 2549 65 23 2552 54 19 2553 26 20 2554 42 31 2560 87 1 2562 87 19 2563 36 8 2566 25 1 2566 98 1 2571 20 16 2571 55 29 2573 5 19 2574 37 24 2576 24 30 2577 80 19 2580 56 26 2582 3 14 2582 30 5 2583 13 31 2591 1 8 2592 56 24 2594 96 26 2598 70 24 2606 92 16 2608 36 13 2609 63 10 2613 19 19 2614 13 6 2614 62 27 2619 22 6 2621 32 5 2621 91 10 2623 0 14 2628 72 25 2629 9 6 2633 42 30 2636 23 20 2637 49 31 2638 22 31 2639 95 14 2652 35 2 2656 70 15 2658 44 14 2661 66 20 2667 37 19 2672 25 21 2686 24 22 2689 82 29 2699 21 27 2702 13 12 2704 60 6 2706 88 1 2714 24 5 2718 36 26 2719 93 24 2720 62 31 2722 69 26 2726 14 24 2728 19 4 2729 20 26 2734 38 23 2734 87 27 2737 30 12 2744 55 17 2745 39 3 2745 51 22 2747 50 11 2754 85 12 2756 48 18 2759 11 29 2759 51 3 2762 42 18 2764 61 22 2769 83 23 2771 1 26 2771 95 18 2776 16 0 2782 81 28 2783 8 26 2789 4 16 2789 47 22 2791 49 17 2792 29 22 2794 62 20 2799 64 16 2803 90 2 2804 100 7 2813 43 3 2823 77 8 2824 55 5 2824 69 15 2825 47 26 2829 58 5 2832 87 13 2833 60 2 2835 37 2 2838 18 18 2847 55 23 2849 5 6 2850 73 9 2852 35 26 2853 57 15 2855 95 28 2858 6 6 2862 36 0 2865 48 1 2866 50 7 2868 30 18 2872 97 26 2882 49 6 2886 87 14 2890 55 4 2892 44 21 2897 13 29 2897 92 9 2900 50 10 2902 79 19 2914 64 31 2917 47 5 2918 42 2 2920 29 17 2922 11 31 2922 76 24 2923 20 4 2932 49 12 2935 2 22 2935 94 11 2936 53 20 2939 82 8 2945 79 6 2951 97 12 2975 28 12 2981 25 20 2983 5 9 2988 1 6 2988 44 30 2997 9 21 2998 76 20 3003 70 18 3004 31 26 3005 54 28 3007 71 25 3008 26 5 3009 99 19 3012 82 4 3014 87 29 3017 91 18 3023 83 21 3024 86 21 3024 97 17 3025 95 30 3026 36 23 3026 38 11 3041 15 17 3049 63 1 3050 8 18 3050 62 3 3055 30 27 3057 89 29 3059 24 6 3059 74 17 3074 51 11 3079 65 24 3079 84 30 3080 88 28 3084 16 29 3085 18 23 3086 90 8 3093 11 20 3096 49 13 3096 92 19 3099 46 24 3103 4 16 3103 56 22 3107 77 16 3109 41 27 3110 40 25 3111 30 11 3111 90 2 3118 58 28 3120 14 16 3121 62 17 3123 85 1 3124 38 26 3124 79 1 3124 94 25 3137 71 3 3139 36 17 3145 10 21 3155 15 6 3155 41 10 3155 55 15 3155 91 22 3161 1 14 3161 4 5 3163 75 8 3170 15 29 3174 21 22 3176 61 2 3179 60 19 3183 85 11 3191 13 12 3194 89 9 3195 46 12 3196 33 6 3198 24 18 3202 50 8 3214 43 23 3216 55 22 3220 39 22 3221 29 20 3224 36 19 3227 34 11 3231 4 15 3233 6 22 3236 81 23 3238 79 22 3239 64 21 3241 68 0 3241 83 24 3244 3 17 3252 90 11 3254 62 21 3256 29 31 3257 51 22 3259 50 12 3261 26 27 3261 29 25 3264 1 2 3268 22 23 3289 72 11 3291 47 8 3293 86 10 3294 59 9 3298 88 26 3300 39 26 3303 0 29 3312 37 20 3319 89 12 3321 61 25 3323 22 6 3331 59 26 3338 54 13 3343 52 26 3346 80 11 3346 83 9 3349 84 20 3350 43 14 3356 8 18 3357 91 1 3370 96 9 3371 0 14 3375 43 22 3377 6 6 3378 96 26 3381 2 16 3388 47 5 3389 89 13 3396 67 0 3398 77 21 3403 12 30 3403 51 9 3406 40 13
321 1033 0.0001 78 49 8 82 25 3 84 43 17 85 99 2 91 35 20 91 84 17 92 15 17 93 51 29 93 89 5 94 1 29 94 78 16 99 86 10 103 15 5 103 25 12 105 0 18 107 38 13 107 86 24 108 12 29 109 32 1 111 65 26 117 41 26 124 20 10 125 16 20 127 15 7 127 69 27 128 94 25 132 45 19 134 53 9 141 86 15 141 90 16 142 16 2 143 7 2 146 43 28 152 8 29 154 84 26 156 12 23 157 15 5 163 83 20 165 4 21 166 85 14 169 67 24 170 40 12 172 71 8 180 29 1 183 48 31 189 6 21 195 45 28 196 65 0 197 19 24 198 36 7 200 8 22 206 9 25 207 42 7 209 62 4 210 42 19 215 82 2 216 0 13 222 60 0 231 31 13 231 80 9 239 69 2 243 1 10 253 23 7 255 95 2 261 37 1 263 3 3 264 38 16 274 29 27 278 16 31 280 69 26 283 50 6 286 54 15 286 72 20 297 86 4 298 36 5 302 69 24 304 36 6 309 6 20 309 83 16 312 10 0 312 68 7 312 93 20 313 67 27 314 1 6 319 6 21 321 50 4 335 54 14 337 94 25 343 90 26 346 25 16 347 78 22 349 39 10 350 42 25 352 1 6 354 26 24 355 68 8 360 96 12 364 19 18 369 62 13 373 73 1 376 70 17 377 7 10 377 66 5 378 51 31 387 94 24 390 4 14 397 71 7 397 98 30 400 12 31 401 8 1 401 43 1 409 85 27 412 3 11 414 82 28 418 14 26 419 39 31 420 9 19 422 38 13 432 100 16 437 52 31 439 4 23 439 35 30 442 98 19 445 65 8 447 24 6 448 96 13 450 8 20 454 45 5 456 19 24 460 43 3 464 72 12 465 28 7 467 24 24 467 69 8 467 76 4 469 96 7 481 39 9 483 86 26 486 30 14 488 2 23 489 67 21 490 73 23 494 85 14 497 24 10 501 24 22 503 28 26 505 97 22 506 22 12 509 83 14 510 46 24 520 34 23 521 100 20 522 42 27 530 26 25 531 88 15 537 13 26 538 56 26 541 33 21 542 49 27 544 22 4 544 61 18 545 22 19 545 82 29 546 67 1 554 7 29 554 75 22 563 32 6 568 51 19 572 27 21 574 38 2 575 0 29 578 73 25 579 3 0 581 68 28 582 26 21 586 74 31 588 79 21 589 4 1 595 96 22 605 73 21 608 21 26 612 82 23 613 47 21 613 57 13 617 31 15 617 35 10 619 82 1 620 1 6 621 34 15 629 26 28 631 67 5 640 87 19 647 29 17 648 49 28 648 57 7 650 84 13 653 1 19 654 18 14 654 22 4 656 81 18 658 64 30 661 18 19 666 42 11 670 89 20 676 96 12 680 55 20 680 96 18 685 55 14 688 30 15 690 17 13 694 29 2 694 90 1 697 72 25 707 69 27 725 68 7 728 77 10 729 26 23 731 99 27 737 7 19 742 97 18 745 35 27 756 79 24 760 7 25 760 24 9 760 41 23 766 14 1 770 6 23 771 2 27 771 50 27 777 4 25 779 12 17 780 91 26 782 4 10 786 86 21 787 60 11 787 99 3 789 82 23 790 76 16 790 92 22 792 35 27 793 92 31 794 46 12 796 66 18 797 2 16 802 23 25 804 57 26 806 22 4 807 30 23 808 89 23 809 94 22 809 95 19 810 20 11 812 21 1 819 45 0 821 58 29 822 50 4 835 44 1 835 58 9 835 90 25 839 32 8 839 50 24 853 63 21 856 26 28 859 74 1 860 65 1 860 77 21 861 16 17 864 47 16 865 19 14 866 93 8 874 59 8 875 59 7 878 94 16 885 79 25 886 51 24 890 35 2 891 37 3 893 81 22 894 12 2 895 73 0 899 56 16 900 97 1 902 84 28 904 6 24 906 72 25 907 34 13 910 94 8 916 99 2 917 5 5 917 91 9 919 50 18 927 56 2 929 11 30 934 36 2 935 94 3 944 60 28 948 94 14 955 92 4 956 77 11 960 41 23 962 74 2 963 34 2 964 61 28 970 94 31 981 95 3 988 12 26 990 20 2 995 19 9 997 70 21 998 27 23 1000 87 6 1003 49 30 1005 44 8 1006 35 14 1006 50 15 1009 20 16 1018 100 28 1023 18 15 1028 39 26 1028 52 12 1033 93 10 1033 100 2 1036 11 18 1037 4 1 1040 31 14 1040 54 9 1042 74 16 1048 98 1 1049 24 15 1052 28 20 1052 53 1 1056 29 1 1056 71 7 1059 54 21 1064 14 24 1065 91 29 1066 51 6 1071 25 28 1079 20 2 1082 86 2 1087 17 2 1093 6 13 1095 72 27 1097 16 24 1105 7 1 1111 52 18 1120 41 10 1123 7 1 1125 34 17 1138 42 31 1139 38 7 1149 77 15 1150 0 3 1152 24 18 1156 83 10 1164 88 27 1166 74 3 1168 23 20 1170 88 31 1172 64 23 1175 57 1 1183 51 30 1184 89 0 1190 96 6 1194 94 19 1195 11 1 1200 69 1 1201 55 15 1202 28 20 1203 71 13 1221 35 19 1222 61 23 1225 98 16 1227 96 15 1230 6 4 1231 7 24 1231 53 25 1232 6 9 1236 56 2 1237 15 7 1239 66 31 1239 100 15 1240 14 26 1240 98 1 1243 97 11 1246 65 15 1255 1 23 1256 6 24 1256 77 25 1256 83 22 1258 16 22 1259 4 28 1259 93 27 1268 4 28 1273 42 29 1274 50 12 1284 1 28 1284 98 15 1290 37 15 1293 31 1 1298 99 0 1300 0 22 1306 23 31 1308 26 9 1308 50 31 1312 85 10 1323 86 12 1323 90 2 1324 35 7 1328 22 27 1328 59 6 1331 3 19 1333 7 20 1334 89 11 1335 51 24 1339 82 29 1341 30 14 1342 3 26 1343 18 27 1343 21 21 1351 76 3 1354 75 28 1355 6 23 1356 32 1 1361 59 11 1364 32 26 1368 47 14 1369 89 5 1372 31 28 1383 32 21 1388 0 6 1395 22 16 1397 86 24 1401 4 0 1403 11 2 1403 44 24 1403 54 2 1422 31 24 1422 56 11 1423 28 23 1428 54 17 1429 79 17 1430 19 18 1433 63 25 1435 35 4 1437 0 5 1438 29 14 1439 33 15 1440 81 5 1441 93 12 1442 16 14 1448 28 14 1450 37 19 1451 10 2 1452 36 6 1453 0 20 1460 61 19 1462 41 3 1464 76 19 1465 27 13 1465 70 2 1466 85 16 1473 5 27 1475 15 25 1475 30 3 1475 38 26 1478 81 6 1484 28 30 1487 100 21 1488 7 27 1492 90 29 1498 25 31 1528 81 6 1532 13 8 1532 79 15 1535 9 31 1539 15 31 1540 85 30 1541 26 25 1542 13 1 1543 5 22 1545 27 15 1547 95 7 1555 68 31 1558 50 31 1560 26 23 1563 63 6 1564 38 23 1570 76 26 1573 1 22 1573 59 16 1575 61 26 1579 4 16 1586 12 7 1588 78 23 1590 36 20 1591 87 28 1593 90 1 1598 75 29 1602 16 21 1605 7 21 1609 46 13 1614 67 26 1630 80 17 1632 92 25 1638 28 15 1638 71 22 1640 63 27 1644 40 23 1648 2 9 1649 50 12 1651 18 5 1652 74 29 1654 52 13 1656 10 18 1660 25 1 1660 68 11 1662 22 10 1665 71 17 1666 70 19 1666 100 8 1667 79 14 1671 17 20 1808 61 16 1809 11 9 1814 37 22 1814 54 17 1816 3 14 1818 24 3 1821 31 11 1822 48 0 1827 68 12 1830 18 25 1835 69 28 1837 72 15 1844 34 8 1845 89 19 1855 52 10 1860 45 24 1860 75 26 1864 63 17 1867 3 5 1869 22 2 1869 43 20 1873 17 13 1882 3 31 1882 48 4 1885 59 4 1888 35 2 1891 35 6 1891 46 29 1896 65 5 1896 87 20 1905 19 23 1906 59 22 1913 4 24 1913 63 6 1915 52 31 1918 82 13 1922 80 1 1923 23 27 1924 66 6 1929 12 7 1931 94 3 1932 20 10 1936 19 11 1936 93 18 1937 94 24 1940 22 5 1946 10 24 1947 75 13 1950 40 20 1954 8 5 1956 53 24 1958 38 0 1960 25 11 1968 10 26 1974 36 21 1975 86 20 1978 21 1 1984 10 16 2000 47 18 2004 90 31 2009 27 5 2012 81 16 2016 32 2 2023 54 2 2025 93 17 2025 98 12 2026 55 1 2034 43 0 2036 77 23 2041 41 6 2044 38 26 2052 92 17 2057 83 6 2058 63 10 2062 87 12 2064 20 27 2068 50 22 2071 73 18 2074 23 9 2076 41 18 2078 0 20 2080 59 3 2092 56 23 2093 12 4 2094 90 20 2096 73 14 2100 42 31 2102 79 25 2103 44 25 2106 46 21 2108 74 31 2110 76 15 2111 35 21 2115 54 0 2116 24 31 2126 27 7 2130 24 18 2136 3 6 2136 79 1 2137 5 19 2141 33 16 2141 34 21 2141 47 12 2144 45 20 2146 90 7 2149 52 23 2160 8 12 2161 5 7 2162 66 11 2166 17 24 2167 0 19 2169 40 4 2169 44 5 2176 19 24 2177 22 3 2178 47 13 2181 50 6 2182 11 19 2183 95 23 2184 83 19 2190 20 28 2190 52 0 2192 88 9 2197 86 23 2200 44 4 2200 68 29 2204 84 10 2210 14 20 2210 75 6 2211 48 30 2214 33 25 2220 43 9 2225 86 11 2230 44 20 2230 54 14 2230 71 13 2231 57 2 2244 40 12 2254 61 8 2255 86 8 2257 30 1 2264 72 23 2266 59 19 2272 96 14 2273 49 3 2274 18 15 2275 93 4 2279 100 19 2280 30 4 2283 54 9 2294 70 21 2295 92 30 2297 63 11 2300 36 12 2302 42 24 2303 10 10 2306 58 14 2309 71 30 2313 39 19 2314 82 22 2319 32 2 2319 56 20 2321 1 16 2326 14 26 2331 43 13 2337 1 21 2339 67 16 2339 81 12 2344 33 30 2348 43 21 2349 77 16 2349 94 26 2353 77 25 2355 66 6 2356 82 4 2361 97 25 2363 30 13 2366 57 3 2368 64 6 2369 83 7 2370 27 24 2378 78 14 2379 78 14 2382 92 15 2384 63 13 2392 12 2 2393 89 25 2400 49 8 2401 98 5 2402 51 3 2409 54 1 2413 29 30 2415 8 19 2423 89 11 2425 66 7 2429 53 7 2431 55 12 2440 6 31 2440 7 13 2445 65 22 2446 75 15 2448 69 15 2449 48 3 2449 94 22 2454 43 2 2455 61 0 2457 25 0 2458 73 21 2462 44 10 2462 93 21 2464 9 0 2464 86 15 2471 1 21 2471 50 15 2474 37 29 2480 79 20 2480 81 3 2483 88 15 2484 0 29 2484 78 6 2487 75 26 2493 95 2 2498 12 4 2499 56 3 2501 31 26 2506 99 31 2507 19 12 2507 77 19 2510 10 21 2517 58 2 2518 11 19 2522 37 8 2525 96 22 2527 19 1 2528 84 25 2530 30 7 2535 19 1 2535 75 11 2539 75 26 2540 30 1 2543 29 3 2543 37 19 2545 64 11 2546 1 24 2546 58 9 2547 83 30 2552 64 27 2557 32 2 2561 84 2 2563 36 29 2564 17 18 2567 51 25 2567 56 7 2573 28 11 2573 49 22 2574 83 22 2578 24 31 2583 37 6 2584 54 22 2586 9 8 2589 47 16 2595 10 7 2595 83 12 2603 42 23 2608 10 24 2618 44 22 2620 88 7 2621 19 3 2621 92 4 2622 95 20 2627 28 31 2628 34 20 2636 23 13 2640 7 24 2641 32 22 2641 38 11 2644 61 10 2645 7 25 2647 0 12 2651 27 7 2657 51 3 2665 45 6 2665 89 14 2669 16 19 2669 18 20 2673 100 31 2674 31 18 2678 14 5 2678 62 0 2683 86 9 2692 92 14 2694 15 15 2695 44 17 2697 17 20 2699 23 22 2699 47 17 2702 36 26 2702 75 2 2706 72 22 2710 43 14 2710 47 14 2713 15 27 2716 69 12 2718 75 13 2723 57 29 2724 71 14 2730 35 3 2732 80 30 2734 65 22 2735 67 26 2738 17 3 2738 65 17 2753 70 10 2758 81 20 2765 58 19 2769 48 1 2770 28 22 2771 67 17 2775 38 17 2776 34 2 2778 45 26 2778 98 6 2783 92 3 2785 54 17 2794 10 17 2796 6 22 2796 97 9 2799 15 2 2804 49 16 2806 37 3 2806 82 3 2806 83 4 2808 26 8 2810 1 9 2810 38 28 2811 38 25 2812 2 11 2812 76 25 2814 2 24 2823 7 18 2824 79 17 2825 39 2 2829 28 20 2836 5 19 2838 7 19 2841 83 14 2843 10 29 2850 95 12 2858 25 30 2859 8 15 2859 94 24 2862 44 26 2864 87 14 2868 59 31 2868 68 28 2869 39 30 2869 84 21 2875 55 3 2876 75 5 2880 84 24 2889 57 17 2890 73 6 2892 44 30 2892 55 18 2895 97 10 2897 26 28 2898 34 25 2908 15 18 2909 65 22 2916 40 25 2916 86 10 2921 56 29 2925 29 2 2928 55 13 2932 35 8 2940 42 29 2944 90 26 2949 46 24 2949 99 31 2953 8 14 2954 23 11 2957 40 26 2959 60 18 2965 64 10 2966 35 1 2968 29 8 2972 15 7 2974 97 19 2975 80 22 2980 3 21 2987 4 20 2987 86 31 2993 79 4 2997 72 8 2997 76 25 3000 1 1 3003 21 16 3007 51 1 3007 57 14 3010 42 10 3011 89 21 3012 67 23 3014 15 6 3015 89 8 3020 26 22 3020 41 19 3025 92 16 3029 20 6 3029 80 29 3030 67 19 3034 34 12 3040 38 10 3046 35 17 3046 49 9 3047 71 23 3051 38 0 3051 66 22 3055 55 5 3056 0 30 3058 10 11 3058 89 25 3062 13 9 3070 40 23 3070 61 31 3072 67 25 3072 77 25 3086 8 20 3086 9 28 3092 94 30 3093 6 1 3106 57 30 3112 32 28 3118 15 27 3118 68 22 3127 64 23 3128 64 15 3129 97 23 3132 21 11 3135 29 19 3135 88 1 3136 43 11 3136 72 13 3139 15 5 3139 71 3 3152 7 22 3152 70 0 3153 19 29 3163 84 8 3165 25 25 3168 73 13 3171 77 31 3174 28 17 3177 99 11 3181 43 12 3183 27 11 3185 88 27 3187 28 3 3189 42 14 3195 22 6 3196 24 26 3196 58 23 3196 71 18 3197 10 28 3198 24 11 3201 0 20 3201 45 28 3204 51 28 3212 37 15 3215 30 10 3218 51 25 3230 7 6 3236 50 13 3237 51 29 3247 80 6 3249 87 15 3250 57 20 3252 43 9 3256 63 8 3258 13 1 3264 58 9 3264 80 8 3265 24 19 3273 66 25 3282 24 26 3284 33 5 3285 30 11 3285 46 16 3290 4 10 3291 8 19 3304 11 29 3313 13 4 3319 38 21 3331 66 0 3338 69 26 3339 28 15 3342 20 12 3350 75 10 3352 9 24 3352 91 28 3354 51 7 3357 35 15 3359 87 7 3360 86 10 3361 74 28 3366 18 3 3372 91 8 3386 78 28 3390 44 0 3394 14 25 3396 50 0
322 1033 0.0001 75 78 15 76 1 22 77 69 26 78 25 31 84 78 26 86 19 7 97 43 26 104 25 24 109 75 26 110 56 19 112 60 15 122 100 0 123 17 23 123 67 22 124 25 8 124 36 23 126 40 6 130 8 6 130 97 28 131 0 29 139 84 0 149 14 31 149 35 5 152 45 18 159 58 4 163 34 27 163 62 0 165 28 9 165 45 21 178 47 31 183 47 14 189 94 6 194 77 18 196 56 21 201 50 7 203 48 12 214 59 8 218 7 26 219 17 0 226 100 23 230 32 3 230 62 22 230 98 17 235 5 17 236 3 4 242 10 16 242 76 22 244 25 28 264 14 10 264 39 13 264 99 25 265 19 9 266 83 6 267 79 23 267 83 18 271 58 28 274 49 23 282 77 5 284 79 21 288 21 16 291 62 8 293 88 26 293 91 17 294 99 14 296 4 8 297 89 30 298 48 12 299 1 23 305 48 29 310 11 26 316 41 14 316 73 13 318 8 27 318 58 16 318 66 5 319 29 12 323 80 3 329 26 15 330 16 8 331 57 5 336 2 0 338 5 3 338 8 18 341 1 0 345 43 26 345 67 20 347 91 18 359 12 2 359 46 22 363 6 1 363 83 16 373 27 23 379 53 27 381 93 28 386 16 19 389 17 6 396 62 3 397 91 4 400 75 1 402 64 9 402 94 3 403 19 18 410 14 27 413 36 11 413 74 13 414 78 11 420 68 9 433 32 21 437 35 14 440 1 6 441 11 26 443 46 19 444 11 20 448 0 12 450 69 19 453 93 8 457 4 22 458 25 13 464 39 25 470 37 28 481 65 18 496 31 29 496 56 15 499 3 28 499 95 18 501 18 20 504 32 15 505 35 26 509 36 22 510 12 13 513 72 7 513 96 27 514 40 6 515 94 22 517 39 24 517 41 3 518 39 19 519 45 24 520 11 28 525 5 21 533 48 12 536 19 13 541 14 28 551 40 3 553 88 16 557 77 6 560 72 26 563 43 18 566 54 26 569 25 30 573 26 29 577 61 22 578 14 13 580 66 26 581 6 20 582 25 4 584 51 21 589 1 28 590 64 0 594 26 24 601 25 30 609 61 6 613 19 19 616 26 11 618 44 4 623 32 1 624 84 25 626 30 23 631 80 9 636 51 0 649 7 31 649 18 13 655 96 15 659 21 24 659 58 22 660 84 29 662 7 23 664 74 15 665 39 27 671 40 12 674 41 14 674 96 30 686 3 9 691 67 25 692 56 29 694 16 16 700 33 8 705 53 27 708 22 21 713 95 15 714 28 23 723 18 24 727 16 30 727 20 10 727 52 2 735 98 7 743 24 15 747 40 16 754 13 23 756 6 9 757 99 26 758 25 27 759 75 17 762 39 18 762 71 22 766 21 19 769 8 25 769 17 9 770 89 5 774 68 11 776 26 22 778 61 6 788 96 19 800 95 20 803 60 26 816 81 10 822 15 16 823 79 24 828 39 29 832 27 22 834 53 13 834 99 14 836 24 28 838 36 26 842 79 26 843 99 29 858 74 28 861 67 25 865 0 22 865 68 17 866 27 6 867 56 26 878 49 6 883 1 12 883 45 7 886 25 16 886 34 10 888 30 28 894 33 7 901 47 25 906 69 29 908 59 29 909 36 27 910 32 28 910 34 5 912 54 26 915 52 5 922 37 6 927 81 1 931 27 30 933 65 17 936 60 7 936 61 30 944 64 29 955 54 29 957 20 20 957 72 3 959 48 14 963 38 30 964 61 0 967 16 28 967 59 22 982 76 0 986 90 10 988 50 11 991 25 23 994 63 26 999 29 25 1005 64 24 1009 98 2 1013 29 18 1013 32 26 1014 92 12 1025 52 21 1026 1 10 1032 45 20 1036 79 16 1044 41 23 1044 77 10 1045 15 14 1047 3 24 1047 67 28 1049 60 7 1054 40 22 1056 11 11 1057 45 31 1059 50 20 1061 57 22 1066 88 15 1078 97 21 1081 38 17 1087 17 7 1090 36 5 1090 71 6 1091 19 27 1095 84 9 1096 83 3 1097 72 22 1098 0 25 1100 45 21 1108 49 5 1112 19 21 1112 32 6 1116 16 26 1118 10 1 1124 58 16 1128 99 5 1130 9 25 1131 40 24 1132 77 1 1137 51 30 1144 58 11 1150 62 1 1156 50 14 1156 78 30 1158 53 30 1162 23 26 1163 9 21 1163 86 29 1164 47 19 1164 75 6 1165 22 6 1165 66 22 1174 22 1 1175 94 22 1176 35 2 1180 93 31 1186 19 12 1186 97 0 1187 75 6 1190 61 4 1193 36 15 1194 74 26 1202 4 28 1204 39 16 1207 84 10 1208 86 10 1213 27 22 1218 63 1 1219 60 9 1222 100 14 1223 58 8 1229 7 16 1229 63 22 1230 9 22 1231 45 22 1232 90 19 1233 36 6 1236 77 23 1237 34 2 1247 50 8 1247 71 4 1257 55 10 1262 62 8 1268 61 11 1269 91 29 1282 51 22 1287 63 12 1292 21 8 1293 88 1 1299 26 1 1300 46 5 1300 61 10 1301 76 17 1304 88 3 1305 97 23 1307 78 20 1308 72 25 1312 63 3 1313 72 31 1315 39 31 1324 92 8 1336 65 9 1336 100 2 1343 34 3 1346 72 0 1346 76 5 1352 11 0 1356 100 21 1358 16 2 1359 35 15 1366 100 25 1372 28 18 1373 11 6 1376 32 16 1380 36 11 1381 86 14 1389 6 22 1389 94 1 1391 53 14 1393 56 8 1397 46 17 1401 1 2 1401 76 17 1402 51 21 1403 90 21 1408 13 21 1414 46 13 1417 74 7 1426 89 17 1427 43 19 1429 2 3 1430 81 11 1433 37 13 1439 82 6 1440 31 5 1443 1 4 1446 98 23 1449 48 5 1451 36 2 1453 17 10 1454 97 29 1455 14 31 1455 85 1 1456 81 7 1456 97 17 1459 40 4 1459 75 0 1461 35 26 1462 27 27 1470 51 15 1470 68 17 1473 1 19 1478 81 1 1481 68 10 1482 45 20 1482 75 10 1482 100 13 1490 68 31 1491 46 5 1494 26 30 1499 89 26 1501 42 5 1503 65 22 1504 23 0 1505 99 19 1512 21 6 1513 96 9 1516 32 10 1519 93 12 1520 72 2 1521 27 3 1523 90 29 1525 14 18 1526 89 2 1528 83 18 1529 0 0 1529 28 26 1530 68 17 1532 57 1 1538 0 9 1538 26 8 1543 71 4 1545 91 27 1547 8 8 1549 24 1 1549 40 26 1558 81 11 1561 64 16 1564 73 16 1569 77 3 1570 35 3 1575 92 15 1581 11 15 1590 84 19 1592 6 5 1592 43 14 1601 66 13 1603 35 4 1603 75 11 1604 54 6 1612 3 30 1619 37 16 1620 44 13 1622 92 29 1624 52 21 1631 62 18 1633 21 18 1633 31 17 1635 57 28 1635 71 2 1641 93 27 1645 95 31 1646 37 0 1648 21 4 1652 82 25 1653 1 16 1653 8 4 1654 28 1 1655 4 31 1656 14 25 1659 13 19 1662 66 16 1671 96 9 1671 100 10 1810 31 1 1810 52 12 1812 8 14 1812 27 12 1812 97 29 1830 27 23 1832 17 25 1834 75 19 1835 90 31 1842 23 26 1845 64 15 1845 77 25 1846 67 11 1849 36 7 1852 54 25 1853 66 4 1857 53 22 1860 90 5 1864 36 1 1867 4 7 1875 2 25 1878 95 1 1880 19 5 1884 25 29 1885 39 10 1886 2 18 1886 98 27 1894 98 7 1897 9 4 1897 27 24 1900 1 19 1901 57 18 1904 81 24 1905 79 1 1906 2 22 1908 65 3 1913 46 22 1914 13 11 1915 45 16 1916 12 27 1919 90 9 1919 100 3 1924 53 19 1926 21 8 1931 62 25 1932 38 16 1933 23 13 1934 48 8 1936 68 20 1938 55 22 1941 49 11 1945 63 10 1952 24 30 1952 51 24 1952 94 10 1954 11 7 1955 28 22 1958 0 31 1961 29 20 1964 93 16 1967 70 31 1977 69 2 1982 43 0 1983 85 18 1983 87 1 1994 3 29 1997 57 25 2000 20 0 2000 67 25 2000 68 13 2005 40 2 2009 49 14 2010 40 26 2010 62 13 2010 89 21 2016 85 29 2017 25 13 2017 77 30 2023 78 26 2027 34 30 2033 38 31 2039 31 26 2040 2 11 2042 67 0 2046 24 15 2048 93 7 2049 96 4 2051 89 21 2058 89 19 2065 36 12 2066 65 30 2067 81 20 2067 90 6 2068 62 30 2070 43 25 2071 81 21 2074 38 10 2076 65 26 2077 33 24 2085 47 5 2086 99 23 2087 47 21 2091 59 7 2094 10 31 2096 33 2 2099 59 24 2100 45 22 2101 41 0 2105 52 29 2106 38 1 2106 60 26 2107 72 29 2108 43 0 2114 82 5 2115 59 16 2116 8 23 2123 58 30 2126 61 10 2127 55 29 2133 88 8 2134 57 11 2140 29 5 2144 86 10 2148 24 12 2150 66 4 2153 22 16 2155 49 11 2157 87 9 2159 7 14 2159 27 20 2169 21 14 2171 52 4 2175 60 1 2177 29 22 2179 65 9 2194 34 13 2199 1 3 2202 77 28 2203 85 14 2207 24 27 2207 36 10 2213 0 0 2213 31 8 2217 29 23 2220 11 19 2225 36 20 2235 65 21 2238 26 24 2250 98 27 2251 54 3 2253 5 4 2254 42 18 2255 53 21 2258 72 14 2261 71 4 2261 100 23 2266 80 9 2274 22 11 2276 11 23 2279 26 12 2280 37 3 2282 64 23 2284 85 26 2286 8 17 2295 76 14 2301 26 18 2303 18 10 2306 25 28 2306 90 1 2308 18 29 2312 15 5 2315 71 27 2316 24 25 2319 19 20 2324 77 14 2326 13 23 2327 93 27 2328 38 7 2329 68 1 2330 80 29 2333 52 8 2333 68 15 2337 26 16 2343 60 1 2347 64 24 2349 21 11 2353 59 12 2354 66 17 2360 13 7 2363 27 22 2364 86 19 2365 31 4 2369 59 11 2369 93 14 2371 69 28 2372 65 12 2373 27 20 2374 4 29 2375 55 19 2376 8 6 2385 62 9 2387 26 9 2388 43 2 2388 61 23 2390 95 16 2393 42 16 2394 28 6 2400 73 22 2401 3 11 2402 96 5 2405 28 15 2414 52 27 2418 75 14 2427 16 4 2430 30 28 2430 92 26 2431 13 19 2432 6 19 2432 38 19 2434 23 11 2444 53 30 2444 92 11 2450 60 28 2456 34 6 2458 0 25 2459 23 6 2460 68 5 2462 6 10 2462 60 11 2462 94 11 2463 86 4 2464 64 27 2464 88 15 2466 97 8 2473 22 19 2475 99 13 2476 46 3 2477 61 26 2482 8 10 2485 74 9 2486 71 29 2488 35 15 2490 1 15 2491 1 27 2493 30 1 2495 33 8 2499 74 26 2500 91 25 2502 42 20 2504 47 12 2511 79 19 2513 97 1 2527 68 3 2527 81 9 2528 96 7 2530 12 10 2530 27 27 2530 50 4 2531 58 18 2531 60 9 2531 65 0 2537 50 12 2544 69 10 2546 75 0 2549 100 5 2552 56 1 2553 54 21 2560 86 8 2561 28 15 2565 1 14 2569 18 3 2570 42 4 2571 30 15 2571 36 27 2579 43 10 2583 43 25 2586 57 22 2587 79 24 2589 23 3 2591 6 18 2596 76 29 2597 51 30 2599 81 13 2602 7 31 2604 70 15 2604 99 13 2607 6 2 2608 63 16 2611 2 2 2614 1 17 2615 7 31 2616 26 30 2617 57 28 2620 74 30 2623 24 0 2630 69 24 2631 24 11 2634 94 11 2639 77 2 2640 24 19 2647 50 3 2648 51 24 2650 43 9 2653 100 24 2660 84 2 2661 80 1 2664 75 28 2665 69 22 2676 38 21 2683 42 11 2683 43 14 2688 100 25 2689 25 17 2690 40 7 2694 79 16 2697 7 23 2699 96 25 2701 53 12 2701 66 30 2701 74 24 2710 40 4 2715 92 6 2716 71 7 2716 75 9 2717 10 5 2721 27 31 2724 54 0 2726 20 25 2728 28 13 2738 86 7 2741 57 27 2741 75 26 2742 39 8 2743 60 27 2743 96 10 2748 8 2 2750 69 2 2754 32 13 2757 12 24 2757 42 9 2758 10 6 2762 59 22 2763 38 10 2771 27 17 2773 21 3 2773 21 20 2776 91 27 2785 93 16 2787 98 18 2788 91 21 2791 34 14 2793 71 30 2794 62 23 2795 18 14 2801 94 19 2806 21 12 2809 65 5 2809 70 0 2810 17 13 2812 35 22 2812 86 14 2813 34 21 2814 5 10 2818 24 8 2821 41 23 2826 3 16 2831 8 11 2833 58 18 2837 48 24 2838 31 1 2842 95 4 2846 61 29 2849 12 14 2853 96 24 2857 68 26 2873 25 10 2877 46 31 2878 64 2 2880 8 11 2883 35 16 2885 10 21 2885 41 11 2888 98 7 2888 98 9 2894 28 1 2894 29 9 2899 50 0 2899 96 25 2913 24 13 2914 34 31 2915 24 22 2923 23 29 2925 26 4 2926 40 28 2929 81 16 2932 43 7 2933 100 2 2934 100 7 2945 58 14 2947 41 24 2949 71 10 2952 75 28 2956 5 24 2957 25 19 2970 55 15 2970 84 31 2972 85 21 2974 60 15 2976 29 20 2976 94 22 2977 8 22 2982 93 31 2983 78 13 2985 2 8 2986 80 8 2991 9 11 2993 54 3 3002 5 16 3002 22 25 3004 6 23 3007 43 8 3010 73 13 3013 24 29 3017 15 23 3019 75 7 3034 85 16 3035 94 23 3038 47 2 3039 100 17 3040 69 22 3041 36 30 3042 89 27 3048 53 3 3051 2 23 3055 100 25 3056 38 4 3056 51 14 3060 11 20 3060 17 10 3074 51 1 3076 29 25 3080 32 28 3081 3 19 3084 73 16 3087 67 13 3097 53 21 3099 66 15 3110 86 16 3110 94 22 3116 47 27 3124 80 3 3126 80 17 3128 89 17 3129 91 15 3130 94 18 3134 37 17 3135 59 4 3137 78 0 3140 43 22 3140 47 16 3142 87 5 3145 13 1 3147 9 25 3147 16 12 3154 18 4 3155 56 5 3159 96 8 3165 3 11 3169 90 2 3174 63 7 3180 32 16 3186 80 4 3189 40 25 3194 95 1 3199 90 14 3200 79 4 3202 40 29 3204 23 0 3205 1 10 3205 91 17 3216 73 0 3218 11 8 3219 79 19 3220 47 5 3221 28 23 3223 76 13 3226 47 22 3228 99 31 3238 46 11 3239 46 14 3240 94 19 3241 40 2 3242 12 24 3243 23 27 3248 83 5 3255 36 11 3262 75 9 3263 26 7 3264 49 6 3267 53 7 3273 87 10 3274 50 1 3277 35 26 3279 81 26 3286 64 20 3289 51 30 3290 43 17 3296 66 3 3298 39 25 3301 27 1 3301 100 20 3302 47 4 3308 0 16 3311 53 30 3318 41 24 3319 24 11 3319 81 1 3323 81 20 3324 91 3 3325 74 20 3332 18 10 3332 97 12 3340 55 16 3341 54 27 3349 97 18 3358 12 6 3362 13 8 3373 54 4 3376 81 23 3390 60 23 3392 47 16 3392 73 2 3397 77 17 3402 26 1 3403 8 29 3404 28 27 3406 95 2 3407 32 31
323 1033 0.0001 72 58 3 73 4 24 73 48 29 74 15 2 82 26 4 92 31 22 97 54 17 98 32 24 104 77 12 106 16 1 107 59 3 108 87 19 111 61 3 120 22 10 122 50 21 126 95 26 132 98 30 143 13 14 147 46 7 149 15 15 153 20 27 153 30 2 154 34 3 156 51 10 156 99 30 157 46 31 157 67 22 164 69 30 164 90 2 172 100 22 173 32 25 175 18 6 177 46 12 182 99 21 190 77 5 191 99 23 193 46 23 194 47 25 196 44 8 201 94 9 202 82 14 206 60 11 216 25 1 217 58 12 218 96 23 227 52 17 228 25 7 242 15 8 250 59 22 253 68 5 258 80 12 258 92 20 262 4 12 266 25 24 269 65 8 279 35 4 279 58 10 288 48 11 306 42 24 314 6 6 315 5 19 320 46 10 323 6 11 324 45 9 325 10 7 330 56 30 331 44 6 340 70 16 343 1 27 345 87 8 346 2 9 346 56 10 353 69 26 353 96 28 354 23 18 357 27 3 372 0 8 376 45 25 379 71 26 385 98 31 387 9 16 387 55 8 388 77 10 388 99 10 389 23 10 389 97 31 396 76 12 400 58 13 402 12 6 402 70 9 408 11 24 409 83 2 410 77 2 414 37 8 414 77 21 416 2 31 417 87 22 419 28 14 421 26 14 422 48 4 423 80 7 425 79 31 429 22 13 435 87 12 436 52 14 440 77 28 453 87 7 455 87 20 461 48 24 467 37 6 473 20 18 473 78 7 475 43 9 477 57 31 477 59 23 480 29 13 486 34 23 489 35 18 489 86 19 492 58 0 507 79 23 516 41 7 516 45 0 518 39 23 518 86 22 519 71 29 522 85 19 525 16 9 527 92 29 533 29 24 537 73 15 541 28 18 550 2 18 552 0 1 552 54 2 558 33 28 563 63 23 563 99 4 566 32 7 566 63 13 569 64 10 574 4 0 575 10 27 577 51 18 578 85 22 581 63 23 586 5 2 592 49 4 594 87 7 598 21 19 600 12 31 605 28 20 607 77 24 607 99 20 616 31 24 619 92 9 627 34 11 627 60 7 628 74 16 629 22 20 633 2 9 635 1 11 635 32 15 641 1 31 648 68 1 652 7 5 652 38 11 664 66 29 668 83 28 675 58 9 676 16 3 681 3 10 684 2 11 684 73 24 688 6 3 688 77 20 696 83 20 697 79 7 698 36 5 699 33 27 703 64 7 704 81 26 713 17 21 713 22 0 718 32 24 719 74 12 720 58 27 723 72 5 724 87 29 726 72 18 736 27 5 736 29 3 738 17 20 738 100 4 740 91 17 743 61 8 743 65 20 747 28 29 747 63 26 749 65 16 751 41 21 761 77 1 764 22 5 764 39 2 764 46 9 765 13 17 768 43 25 773 3 27 775 64 3 787 63 9 796 53 16 807 96 3 807 96 17 809 40 23 810 6 14 810 7 7 810 24 16 811 87 14 813 99 23 814 24 8 815 11 8 816 98 4 819 93 11 821 78 9 824 98 24 825 19 13 829 67 6 834 60 16 837 73 9 843 7 7 849 12 25 849 41 16 850 30 27 851 26 25 855 33 26 860 36 17 861 8 0 861 37 28 863 28 19 864 31 20 865 81 24 869 46 25 869 73 17 870 64 13 872 10 14 873 45 20 879 16 23 882 95 12 890 40 19 891 97 28 894 88 6 897 46 11 900 0 17 906 93 15 915 4 15 916 27 12 917 42 9 921 7 29 921 8 27 926 5 12 928 81 13 931 20 20 939 33 22 940 84 11 947 12 18 952 10 17 965 45 8 967 55 24 969 46 5 970 97 17 971 6 29 974 50 23 978 0 28 982 28 29 986 28 7 988 60 31 990 70 10 995 29 6 995 52 30 996 33 27 996 49 10 998 6 23 999 81 27 1002 7 19 1008 14 24 1017 68 25 1027 12 29 1032 1 18 1034 71 0 1034 84 19 1040 94 31 1042 82 10 1043 59 3 1051 98 30 1052 7 20 1054 42 1 1058 57 19 1059 2 24 1062 42 4 1065 46 12 1068 24 14 1070 57 8 1071 14 11 1077 66 0 1081 10 30 1083 56 12 1088 38 21 1089 25 19 1089 81 7 1091 14 21 1094 69 7 1094 73 10 1094 93 23 1095 23 11 1095 86 0 1098 43 8 1113 78 26 1115 12 27 1118 45 26 1118 65 9 1120 69 15 1121 6 15 1128 83 24 1131 86 3 1132 99 0 1134 32 7 1134 73 24 1141 100 30 1144 76 9 1145 24 31 1146 90 25 1146 93 20 1147 22 4 1152 94 7 1155 20 10 1159 93 3 1160 51 10 1160 60 11 1170 38 18 1170 71 24 1172 21 0 1177 93 3 1184 35 22 1185 82 20 1189 7 20 1192 43 19 1192 100 16 1193 21 30 1193 36 27 1198 90 25 1203 38 27 1206 94 16 1210 44 23 1210 45 4 1211 100 1 1214 86 17 1216 56 25 1227 99 11 1228 1 10 1229 100 15 1233 97 19 1235 29 22 1238 70 5 1246 16 9 1251 66 15 1254 83 22 1254 88 26 1262 31 17 1269 35 15 1269 43 20 1269 72 11 1272 60 26 1277 29 5 1280 87 26 1288 58 9 1292 42 21 1309 66 1 1311 9 21 1315 5 2 1316 20 13 1324 45 6 1328 27 0 1339 92 4 1340 37 14 1342 59 28 1346 37 19 1349 5 27 1357 25 29 1360 8 17 1361 0 23 1363 91 9 1364 12 27 1368 17 15 1368 58 23 1371 51 29 1373 0 4 1373 50 7 1373 82 25 1374 54 28 1375 48 2 1380 90 2 1383 88 7 1387 97 26 1392 52 1 1395 9 31 1396 81 11 1403 61 10 1404 22 4 1406 69 1 1408 57 22 1408 94 6 1420 25 22 1421 68 9 1422 2 22 1428 66 30 1428 87 1 1431 59 19 1432 74 7 1433 88 12 1434 59 12 1435 81 3 1437 95 7 1446 14 8 1446 75 17 1447 5 0 1447 86 9 1453 2 16 1456 64 23 1458 42 5 1459 51 5 1461 29 14 1461 61 12 1461 61 14 1462 88 18 1464 11 13 1471 9 31 1471 89 16 1472 98 31 1475 72 7 1478 58 11 1478 88 30 1479 84 9 1485 5 4 1486 36 13 1489 48 24 1496 34 28 1498 76 12 1500 71 5 1506 11 29 1508 6 16 1512 91 30 1513 16 1 1517 70 9 1520 44 5 1531 60 17 1532 29 6 1533 59 16 1537 24 25 1540 3 29 1546 90 15 1548 5 3 1558 39 22 1558 62 26 1564 76 28 1569 75 17 1572 98 13 1574 24 15 1581 86 8 1582 11 30 1583 15 13 1583 62 1 1586 51 1 1587 96 6 1591 72 26 1598 30 0 1598 52 7 1598 91 18 1604 35 15 1606 77 2 1610 0 0 1612 28 28 1612 85 11 1616 40 19 1616 53 5 1616 99 29 1619 3 1 1620 85 8 1626 58 29 1626 81 27 1627 61 7 1627 82 28 1629 19 9 1629 58 27 1631 3 20 1632 9 0 1633 15 27 1633 32 28 1636 45 8 1639 52 29 1650 18 12 1653 52 29 1658 81 13 1660 0 26 1663 26 22 1665 33 29 1665 68 1 1667 86 14 1667 88 30 1808 47 5 1810 91 30 1814 28 18 1814 73 19 1814 85 13 1817 13 24 1818 87 18 1819 88 17 1820 59 25 1824 31 9 1825 93 15 1826 40 26 1832 97 5 1834 14 9 1834 71 28 1837 78 25 1842 54 19 1843 44 4 1845 45 15 1851 53 28 1854 27 3 1855 9 23 1860 50 6 1860 61 26 1860 81 21 1861 2 23 1864 68 13 1869 68 21 1870 19 1 1874 42 1 1874 43 29 1875 69 28 1880 80 24 1882 20 10 1889 29 6 1892 100 14 1898 81 26 1904 12 31 1904 86 9 1910 1 2 1913 14 27 1913 84 20 1916 34 22 1920 15 18 1920 18 0 1921 81 31 1922 98 23 1924 90 29 1925 46 0 1929 60 11 1930 2 20 1943 77 6 1947 42 5 1951 13 12 1952 41 12 1957 94 24 1961 34 10 1963 68 24 1967 10 16 1975 42 9 1979 44 14 1987 30 9 1989 15 19 1990 55 3 1991 77 25 1998 56 9 2001 39 1 2004 76 30 2012 82 28 2017 93 19 2023 77 1 2024 38 5 2036 35 27 2040 52 29 2041 92 17 2042 76 31 2049 82 4 2050 83 27 2051 5 13 2051 86 11 2052 75 25 2056 99 27 2060 96 15 2062 53 18 2070 31 18 2074 1 5 2075 61 1 2078 30 11 2079 96 3 2083 43 7 2084 87 5 2086 31 29 2087 45 18 2090 49 12 2090 72 13 2099 47 28 2102 91 1 2103 4 22 2107 0 16 2108 55 16 2115 37 14 2115 55 10 2124 22 9 2126 62 31 2128 13 30 2129 89 1 2134 63 5 2136 13 14 2138 92 9 2139 14 23 2141 43 23 2156 23 9 2167 55 22 2167 93 11 2180 50 29 2181 21 1 2196 84 5 2197 88 8 2203 36 5 2205 20 27 2206 40 27 2210 87 20 2218 70 1 2228 5 15 2230 34 7 2234 74 11 2238 71 0 2242 7 15 2242 99 1 2243 90 10 2245 77 28 2251 24 8 2254 98 12 2258 12 19 2262 44 10 2264 40 15 2265 100 31 2272 66 11 2281 48 12 2282 8 4 2282 29 18 2289 67 27 2291 5 21 2292 18 26 2293 26 13 2293 81 8 2303 26 0 2305 24 17 2315 50 15 2316 81 2 2316 97 2 2317 74 4 2322 80 23 2323 64 5 2327 98 14 2329 32 9 2330 46 22 2337 49 22 2344 19 7 2345 24 19 2347 57 21 2348 14 19 2352 54 5 2355 18 5 2358 77 31 2359 76 25 2361 62 20 2362 5 17 2368 37 25 2379 7 26 2379 13 3 2381 95 17 2384 11 1 2390 34 10 2396 41 7 2403 82 28 2404 73 11 2405 24 2 2406 89 19 2407 31 20 2407 77 5 2409 35 30 2410 14 25 2411 55 7 2413 56 1 2414 70 3 2419 62 11 2422 37 29 2425 41 13 2426 32 4 2429 2 17 2439 58 20 2441 11 20 2441 76 4 2442 48 22 2445 13 3 2447 24 11 2451 1 26 2453 26 9 2453 58 17 2455 23 24 2456 40 18 2458 25 10 2464 16 23 2464 42 12 2466 58 17 2470 2 3 2471 46 6 2472 38 11 2473 92 11 2474 33 26 2480 67 20 2481 82 28 2485 95 24 2486 47 20 2488 1 26 2488 44 18 2488 55 12 2489 50 14 2494 20 2 2495 33 20 2496 65 29 2497 34 2 2500 93 7 2502 21 2 2504 37 0 2506 40 11 2508 34 25 2511 19 19 2512 37 21 2516 29 13 2520 14 2 2521 5 18 2521 19 5 2522 69 6 2524 41 23 2524 94 30 2527 26 0 2527 63 6 2527 73 23 2528 12 23 2528 19 2 2528 83 30 2530 79 20 2530 90 17 2531 63 19 2532 29 30 2532 55 25 2539 26 21 2540 83 12 2541 8 14 2543 9 25 2544 62 8 2552 2 28 2553 74 23 2555 40 1 2557 11 1 2558 3 13 2559 91 11 2561 27 6 2563 39 17 2568 16 15 2572 20 24 2572 38 9 2574 2 5 2576 16 7 2584 0 10 2585 71 4 2586 25 15 2589 52 29 2589 59 14 2591 83 12 2595 22 25 2598 28 13 2605 67 9 2610 34 25 2612 33 25 2612 45 29 2612 82 11 2617 56 12 2622 98 21 2625 30 11 2626 57 18 2628 51 7 2630 28 14 2631 97 17 2632 81 7 2633 81 19 2638 30 19 2641 9 28 2649 78 30 2653 29 2 2653 55 19 2656 71 31 2657 74 5 2659 0 6 2660 2 17 2662 9 0 2664 18 16 2666 42 3 2666 63 2 2666 88 5 2667 50 29 2668 98 30 2669 34 25 2670 60 21 2673 45 14 2676 24 25 2683 26 25 2687 25 6 2699 37 3 2700 29 29 2707 26 10 2708 37 16 2708 81 23 2709 98 9 2710 43 24 2710 77 27 2717 88 2 2720 34 17 2720 50 4 2729 5 28 2729 16 10 2731 17 13 2734 85 30 2735 87 11 2738 23 29 2742 54 0 2745 15 12 2745 57 6 2749 73 20 2750 82 1 2753 34 17 2753 47 17 2756 92 10 2761 27 24 2761 86 22 2762 31 13 2764 75 30 2770 5 23 2770 78 16 2771 81 12 2777 76 12 2778 51 16 2779 49 21 2782 19 17 2784 75 15 2785 94 25 2787 71 10 2787 75 16 2788 80 13 2789 65 29 2790 62 1 2791 58 6 2795 6 9 2799 100 27 2801 92 30 2806 83 8 2807 49 2 2808 26 17 2809 30 30 2814 23 0 2814 29 27 2828 28 19 2835 40 22 2836 95 13 2838 60 15 2840 65 6 2843 7 7 2844 88 24 2860 6 8 2871 100 5 2886 19 17 2891 43 4 2892 52 31 2898 94 19 2918 2 21 2951 49 18 2953 30 10 2955 28 13 2963 63 22 2966 16 6 2967 6 16 2967 50 30 2968 91 17 2969 28 6 2969 73 1 2979 89 30 2982 18 28 2987 34 4 2991 4 4 2997 63 5 2998 17 23 2998 36 15 2999 14 13 2999 88 18 2999 98 1 3005 14 16 3005 34 15 3009 96 27 3010 67 8 3011 55 2 3012 14 0 3013 60 21 3016 80 22 3022 15 25 3026 26 21 3026 57 10 3036 97 9 3037 35 13 3038 95 14 3044 16 5 3047 48 7 3047 57 31 3048 56 16 3053 33 30 3055 28 12 3057 31 1 3061 8 0 3070 98 22 3083 70 10 3084 86 4 3085 57 9 3093 90 3 3098 35 15 3103 94 16 3109 20 17 3118 75 22 3119 33 1 3121 60 11 3122 64 22 3132 30 14 3134 62 13 3138 73 23 3139 51 4 3145 15 20 3153 81 0 3154 90 23 3157 17 18 3165 98 16 3166 39 9 3170 4 12 3180 53 30 3181 69 19 3183 12 26 3186 50 12 3189 15 22 3190 23 11 3195 12 28 3197 48 2 3199 29 21 3203 91 2 3204 16 20 3207 50 12 3209 9 15 3211 26 21 3215 29 12 3222 22 12 3224 89 7 3226 9 11 3235 49 31 3244 90 27 3245 16 5 3246 62 10 3247 9 28 3249 98 29 3250 32 26 3258 9 19 3261 39 28 3263 89 21 3266 35 2 3275 58 19 3275 69 15 3277 41 22 3279 72 28 3283 7 3 3283 26 13 3295 69 5 3295 82 27 3296 72 31 3304 22 28 3308 21 5 3309 97 4 3310 31 31 3311 6 5 3312 86 3 3318 22 0 3320 40 6 3322 35 20 3328 93 28 3333 15 21 3333 43 26 3337 57 2 3337 99 1 3339 47 15 3341 45 7 3344 38 9 3344 71 28 3349 87 27 3351 99 14 3352 9 30 3356 40 21 3357 17 18 3359 51 9 3359 75 12 3361 42 4 3363 73 2 3365 60 14 3365 72 30 3368 7 3 3368 97 21 3370 86 20 3373 35 14 3373 94 20 3374 51 4 3379 46 1 3380 31 2 3381 91 8 3382 99 3 3387 70 9 3395 35 17 3397 46 31 3398 81 19 3404 96 18 3406 42 13
324 1033 0.0001 74 36 17 75 85 21 79 7 26 80 67 30 81 99 10 86 42 28 87 76 5 92 14 4 95 18 12 105 25 0 105 78 20 106 62 15 106 75 19 110 24 11 111 100 21 114 6 5 120 100 18 122 54 19 129 98 15 130 41 30 137 93 0 139 56 19 140 30 9 141 24 30 144 17 4 144 36 18 146 61 17 146 65 17 151 63 18 155 40 25 155 47 20 160 84 1 160 100 31 165 11 20 165 26 4 168 48 6 171 65 6 172 31 12 177 65 12 178 91 27 181 60 25 186 97 19 188 2 6 189 22 6 196 12 17 201 24 18 201 91 2 202 69 15 203 25 6 206 95 21 209 37 30 218 74 20 219 2 2 219 13 30 228 24 24 229 91 29 239 12 20 241 91 21 242 60 19 244 45 14 245 24 17 250 19 31 251 44 18 260 72 14 260 89 29 264 53 7 264 85 1 267 70 28 275 15 2 280 5 10 282 69 10 287 95 20 294 69 27 304 14 30 307 0 8 317 50 14 323 9 15 325 11 6 325 80 31 326 83 31 329 33 1 330 54 5 332 81 3 332 89 28 337 79 2 338 35 28 338 80 8 338 93 21 340 62 2 343 84 1 343 95 24 344 87 25 346 89 30 347 55 19 348 3 2 363 45 17 367 93 12 369 29 17 370 40 14 379 39 7 382 93 28 384 11 13 398 54 28 398 56 28 400 21 26 400 79 24 403 84 14 409 37 18 411 58 22 412 56 23 415 18 14 418 38 15 429 90 2 436 97 3 439 88 15 444 18 10 452 25 14 457 53 15 461 22 12 466 1 13 468 50 17 470 32 0 495 26 2 498 19 5 498 97 20 499 48 29 505 70 13 509 10 22 512 25 16 512 40 26 517 1 16 517 34 12 518 5 26 520 75 12 521 50 11 525 86 14 538 46 10 542 65 22 543 38 13 553 37 23 555 21 6 563 62 26 563 75 29 564 100 8 575 24 20 577 92 20 581 22 30 590 59 26 591 6 27 593 60 8 604 69 12 605 14 20 609 58 24 610 33 22 610 83 14 613 4 19 617 6 14 619 94 8 624 10 13 628 44 11 629 2 15 634 89 4 640 23 4 642 66 23 645 1 17 646 49 23 648 80 10 649 26 20 651 85 21 657 74 13 657 88 13 658 25 3 659 4 24 664 15 25 669 13 29 669 98 5 671 7 16 672 75 14 673 66 28 675 60 26 676 83 12 680 38 1 684 84 0 685 13 17 687 23 14 697 17 4 698 2 26 699 25 26 703 100 5 706 8 22 720 44 4 721 7 28 725 15 13 727 28 23 729 39 10 732 39 4 736 62 27 737 97 23 738 14 17 739 11 6 743 14 12 743 74 5 743 87 25 744 12 7 748 79 10 749 14 15 749 56 4 750 40 16 751 86 13 757 29 6 768 62 7 775 61 29 776 92 25 780 29 15 782 79 23 786 54 24 791 93 26 799 81 15 804 22 13 806 36 6 809 73 5 819 57 20 821 42 0 824 5 26 828 33 31 833 3 1 836 88 14 840 62 0 842 10 20 851 85 19 853 34 17 854 38 0 855 58 24 856 27 19 856 98 13 859 61 7 859 95 4 860 100 5 866 33 17 871 32 28 877 3 7 877 73 31 879 68 31 882 24 27 884 87 24 886 27 6 889 78 6 890 98 23 892 47 22 893 41 29 897 31 25 897 73 26 902 51 16 902 97 9 905 83 30 906 12 26 909 17 19 913 94 15 914 39 6 918 72 18 919 100 29 921 21 9 923 57 28 924 84 9 925 35 19 936 63 25 942 84 31 943 1 2 948 87 5 949 17 15 955 64 5 956 95 30 958 68 14 959 79 28 961 37 22 962 38 9 963 45 27 964 14 28 967 47 25 967 78 1 970 65 16 972 3 24 973 3 11 975 83 12 980 92 12 981 18 21 981 92 25 982 95 28 983 13 31 988 14 9 990 17 28 996 18 18 1003 9 7 1007 42 7 1008 91 3 1010 14 24 1012 73 31 1015 88 0 1020 98 17 1034 24 3 1034 29 3 1035 65 5 1040 79 1 1044 21 29 1046 12 16 1051 61 4 1055 16 16 1058 20 31 1059 90 8 1060 18 24 1061 37 15 1067 7 27 1071 68 17 1072 58 31 1073 91 23 1074 79 18 1080 30 3 1081 18 19 1082 35 5 1086 91 2 1092 45 28 1092 63 10 1099 90 7 1103 86 20 1108 74 5 1113 41 12 1120 58 3 1122 35 5 1123 35 10 1132 18 27 1135 1 31 1136 65 15 1141 61 10 1144 50 8 1145 30 3 1145 58 19 1147 25 21 1150 32 23 1152 50 29 1154 53 12 1164 12 6 1164 98 8 1166 64 1 1168 55 15 1172 27 18 1175 33 23 1175 80 11 1184 99 6 1188 67 26 1189 76 14 1198 83 6 1217 29 20 1219 89 18 1220 71 20 1224 17 24 1227 24 22 1233 74 23 1252 52 22 1259 17 8 1259 54 19 1268 28 31 1269 1 11 1269 30 26 1273 94 27 1276 59 3 1281 1 9 1286 59 24 1287 46 27 1292 81 23 1293 28 31 1299 81 13 1304 70 20 1305 35 10 1306 61 2 1308 87 5 1319 33 31 1320 87 23 1322 94 18 1324 75 25 1324 83 27 1326 25 23 1334 75 26 1334 90 2 1339 51 27 1340 6 0 1344 40 27 1346 78 8 1348 96 8 1349 42 20 1349 86 28 1351 58 31 1354 73 6 1355 73 5 1356 79 4 1358 46 5 1359 29 17 1359 43 8 1364 62 6 1368 83 13 1369 5 0 1369 94 4 1374 59 13 1384 33 2 1385 2 1 1385 59 5 1392 86 0 1395 25 3 1400 76 9 1403 81 7 1410 32 5 1414 33 25 1417 98 24 1423 69 30 1425 2 30 1427 59 17 1429 89 7 1430 64 13 1431 27 2 1432 78 26 1433 11 8 1437 31 8 1441 7 11 1447 37 26 1447 45 12 1455 3 8 1457 54 19 1457 69 29 1457 81 0 1459 23 17 1468 29 14 1469 98 5 1474 3 11 1478 71 7 1481 37 30 1482 78 14 1489 76 15 1489 97 7 1490 82 26 1490 97 11 1491 45 29 1495 49 27 1498 84 24 1498 91 1 1502 35 21 1505 9 28 1505 13 25 1511 82 23 1519 27 19 1522 3 4 1522 28 15 1522 74 22 1522 83 11 1523 95 5 1525 15 16 1527 100 6 1533 44 13 1533 87 29 1536 20 19 1545 30 29 1545 47 2 1547 52 13 1550 33 10 1554 17 30 1556 54 12 1557 1 4 1557 1 24 1558 56 25 1561 69 5 1561 69 6 1561 95 7 1565 30 14 1566 11 25 1571 42 20 1577 35 2 1577 73 9 1578 92 6 1580 20 8 1584 42 2 1586 83 13 1590 38 5 1595 14 9 1596 98 25 1600 12 12 1600 13 23 1601 55 22 1602 55 22 1604 84 11 1604 86 10 1618 93 28 1627 42 3 1627 94 0 1637 99 21 1639 18 30 1640 79 31 1641 17 0 1641 56 0 1652 42 25 1653 46 29 1654 99 0 1657 35 5 1657 64 18 1659 62 15 1659 90 31 1663 5 12 1663 15 14 1663 36 6 1812 87 29 1826 93 21 1830 14 8 1830 68 29 1841 44 24 1841 59 17 1848 89 18 1854 10 24 1855 17 6 1856 29 2 1861 93 18 1862 29 1 1864 52 6 1870 95 12 1871 66 1 1879 65 13 1880 56 13 1881 61 20 1897 49 25 1898 2 1 1898 66 29 1911 9 28 1911 29 22 1921 46 23 1930 47 16 1932 18 4 1935 86 25 1937 11 10 1940 25 19 1945 63 23 1947 74 13 1949 30 24 1949 55 9 1955 46 30 1957 97 21 1959 40 28 1966 58 13 1967 62 19 1969 48 11 1971 60 13 1972 26 1 1973 12 19 1977 6 14 1981 90 3 1985 91 15 1986 14 12 1986 37 7 1986 56 9 1989 38 17 1997 76 7 1998 29 0 2000 31 14 2011 7 7 2011 15 23 2015 72 6 2016 81 2 2018 31 4 2021 9 13 2027 74 23 2027 96 24 2028 33 9 2030 67 18 2039 57 24 2040 54 7 2044 44 3 2046 97 11 2049 36 22 2052 60 5 2054 52 4 2055 66 28 2056 41 28 2058 76 1 2060 24 13 2062 7 28 2071 88 13 2074 49 8 2081 11 23 2083 39 26 2087 60 26 2093 83 20 2096 10 2 2096 34 2 2096 76 6 2099 85 13 2110 34 23 2116 2 30 2120 6 26 2122 80 28 2131 26 4 2131 97 22 2138 50 28 2141 1 26 2141 42 25 2141 46 6 2142 85 6 2144 8 31 2145 96 13 2146 94 8 2153 42 6 2154 6 0 2154 66 17 2155 49 19 2163 22 16 2166 23 3 2170 24 12 2170 70 21 2177 92 12 2182 95 6 2189 59 16 2191 53 19 2192 52 12 2200 31 17 2206 95 0 2208 28 4 2211 61 0 2215 24 6 2215 83 26 2215 94 31 2218 56 1 2218 61 12 2219 93 5 2221 55 26 2227 39 9 2231 16 12 2232 24 1 2233 82 12 2236 24 8 2236 78 6 2242 35 26 2242 52 4 2251 92 29 2254 67 8 2258 76 11 2259 4 8 2266 17 17 2267 21 22 2267 39 11 2269 97 23 2270 30 6 2273 59 9 2277 84 9 2279 58 6 2284 63 9 2285 39 24 2285 52 22 2287 82 28 2291 56 21 2292 26 22 2296 77 10 2300 12 1 2300 46 11 2307 40 5 2309 60 27 2310 64 20 2314 43 16 2316 0 25 2318 92 6 2324 8 27 2324 37 7 2326 92 18 2328 51 4 2330 39 2 2332 52 0 2336 82 6 2337 86 18 2339 75 9 2341 61 28 2346 23 23 2346 47 10 2346 79 1 2348 96 13 2349 78 14 2351 17 3 2351 26 10 2354 3 28 2357 89 20 2359 45 6 2359 88 7 2360 33 20 2363 33 10 2370 22 5 2370 90 0 2372 92 7 2374 10 9 2379 70 13 2381 30 16 2390 1 29 2390 16 25 2390 88 18 2391 24 16 2391 47 7 2392 32 26 2392 38 25 2409 26 1 2410 58 6 2412 52 1 2413 38 31 2417 74 26 2421 54 12 2421 96 26 2423 18 12 2424 29 21 2425 70 11 2431 90 8 2432 77 1 2440 47 22 2445 94 0 2450 46 6 2450 93 31 2452 3 8 2455 87 18 2459 22 27 2460 7 12 2466 97 16 2467 30 9 2470 88 4 2472 0 0 2472 79 11 2473 70 14 2475 78 19 2478 53 17 2483 11 1 2483 48 24 2486 26 15 2488 62 30 2489 9 11 2496 27 29 2507 16 28 2507 86 26 2511 24 31 2518 58 4 2519 63 6 2525 82 2 2533 53 8 2533 88 6 2534 15 13 2535 28 26 2536 38 10 2537 50 21 2547 45 16 2555 84 18 2556 61 19 2557 12 31 2558 44 21 2560 46 20 2561 33 4 2563 85 3 2565 82 15 2566 84 27 2572 2 1 2578 99 27 2579 29 4 2584 61 0 2587 65 14 2590 52 14 2597 53 16 2597 58 18 2599 97 29 2603 48 19 2607 76 29 2609 50 6 2609 80 22 2612 35 0 2618 76 6 2618 77 12 2620 16 10 2624 7 28 2624 82 8 2624 99 23 2627 11 9 2635 3 0 2635 93 3 2641 33 17 2642 99 4 2644 28 8 2645 4 16 2646 56 27 2649 75 21 2650 32 6 2650 34 7 2651 28 24 2661 33 22 2662 56 0 2662 64 7 2666 44 22 2671 34 29 2677 31 17 2678 5 25 2680 6 15 2683 16 18 2684 21 13 2685 51 1 2688 50 30 2689 53 2 2693 87 29 2703 95 16 2704 50 25 2704 59 2 2707 6 14 2707 62 16 2710 21 5 2712 63 11 2716 97 27 2717 9 10 2717 66 4 2721 27 2 2721 34 16 2730 95 0 2731 78 13 2734 24 17 2739 61 11 2740 72 14 2741 25 12 2745 10 8 2749 93 21 2751 94 12 2752 33 0 2753 0 14 2756 68 29 2758 90 20 2760 65 12 2774 96 19 2784 4 18 2784 93 17 2789 5 12 2793 39 5 2797 4 21 2798 88 26 2799 85 7 2800 19 24 2802 86 27 2807 76 12 2812 62 12 2814 10 3 2814 24 26 2819 98 26 2820 81 25 2824 60 12 2825 36 12 2827 53 17 2830 67 12 2833 85 13 2835 54 14 2840 41 12 2849 97 30 2860 52 19 2863 44 14 2870 2 2 2872 40 13 2875 14 22 2882 85 7 2884 61 25 2885 64 29 2892 42 18 2893 36 0 2893 36 21 2897 95 11 2899 2 24 2903 74 21 2909 81 8 2911 34 6 2912 18 28 2914 43 22 2916 93 15 2924 99 0 2926 18 12 2930 23 15 2938 56 19 2939 94 16 2940 31 27 2942 25 21 2945 99 25 2949 5 16 2949 25 22 2958 56 14 2961 13 8 2961 59 4 2962 23 22 2968 54 7 2968 59 18 2969 47 19 2973 6 11 2974 36 18 2977 47 3 2980 90 5 2983 36 4 2983 73 14 2991 61 5 2995 7 22 2995 79 28 2998 72 4 3001 87 0 3003 69 10 3006 56 23 3007 16 19 3008 13 24 3008 94 19 3009 41 1 3012 15 18 3012 94 4 3014 94 9 3024 12 8 3027 76 22 3028 92 17 3029 80 14 3032 59 5 3033 60 15 3035 20 25 3036 61 9 3038 93 6 3047 55 9 3049 76 24 3049 77 22 3053 20 18 3053 50 19 3057 74 16 3060 59 25 3063 71 0 3065 7 31 3067 3 15 3068 61 19 3069 92 30 3071 11 10 3079 85 19 3091 41 21 3091 53 7 3095 16 21 3095 22 10 3097 33 0 3099 16 29 3108 42 12 3111 7 17 3119 6 4 3120 50 10 3121 26 8 3126 27 31 3130 25 2 3131 75 8 3133 6 10 3140 46 6 3149 80 18 3151 7 25 3152 71 9 3153 82 22 3155 49 14 3166 32 3 3166 44 31 3166 58 7 3166 73 22 3171 78 17 3176 63 31 3187 67 2 3187 73 18 3189 89 27 3196 27 18 3204 77 12 3206 55 22 3207 6 25 3208 18 26 3210 30 0 3212 32 5 3217 44 26 3218 22 1 3222 15 31 3222 39 21 3228 17 25 3234 3 14 3234 17 31 3242 48 17 3243 87 4 3250 3 21 3250 67 14 3250 87 11 3251 29 13 3254 97 29 3256 57 26 3268 31 27 3268 75 11 3276 43 2 3284 93 5 3285 33 10 3287 52 28 3289 15 3 3289 26 24 3296 3 7 3296 36 7 3297 4 4 3297 35 23 3299 19 13 3302 82 8 3309 44 10 3311 3 4 3313 75 21 3314 18 6 3319 29 29 3321 2 24 3324 44 16 3324 57 30 3332 87 7 3336 92 8 3338 93 18 3341 60 22 3343 10 24 3343 59 26 3343 100 3 3344 32 28 3349 34 9 3354 72 6 3354 81 7 3359 20 12 3360 60 9 3361 52 12 3363 75 29 3364 60 14 3372 60 30 3383 49 7 3387 32 29 3394 40 9 3395 50 18 3395 92 29 3396 82 18 3399 52 18 3400 13 20 3400 29 14 3401 82 31 3402 88 30 3407 61 23
325 1033 0.0001 72 64 12 77 40 29 84 46 19 84 94 9 96 20 7 97 80 19 99 76 31 113 20 10 114 10 24 114 21 29 117 64 10 120 23 22 122 73 30 124 82 20 128 13 8 130 12 21 132 45 12 142 47 11 143 80 10 149 55 21 153 45 7 158 15 10 158 98 26 163 41 6 163 92 31 168 27 17 171 79 13 175 61 7 175 89 16 178 70 9 179 86 27 180 82 16 181 25 19 196 43 27 197 81 3 200 42 15 201 46 22 202 42 25 206 80 1 217 61 7 218 60 16 222 6 6 222 45 19 223 16 31 223 22 6 223 79 22 224 53 31 225 7 30 225 52 20 229 16 30 231 96 4 235 5 24 239 41 9 242 87 14 244 44 25 247 77 16 248 43 9 248 91 27 249 37 31 252 11 28 253 66 0 253 84 11 258 4 28 259 38 20 264 85 11 273 100 30 275 91 30 279 24 19 285 75 10 289 64 3 297 18 30 302 38 14 303 8 26 306 53 30 306 64 3 307 77 24 319 94 28 324 19 8 331 27 1 334 66 18 339 21 15 344 24 8 360 40 22 361 55 27 361 79 22 362 73 20 363 3 24 369 41 27 371 64 9 373 45 16 382 35 27 390 64 14 396 9 19 401 90 19 402 1 25 405 68 10 406 3 3 407 70 0 409 26 4 411 34 24 411 77 8 415 11 18 427 61 20 434 50 26 439 54 6 442 35 6 447 96 13 449 21 27 451 83 17 459 36 19 461 41 25 465 78 8 473 97 6 475 25 3 481 33 5 483 1 2 488 50 26 491 12 21 494 38 16 496 36 26 497 2 8 499 74 4 499 77 2 503 77 25 504 44 22 504 98 18 506 41 15 507 50 22 509 61 17 520 35 11 523 20 0 524 22 11 524 66 8 524 69 28 534 76 28 537 16 18 544 34 22 544 97 8 546 0 26 548 94 10 553 11 13 558 90 0 565 21 12 568 24 13 569 96 19 577 20 16 579 34 1 581 85 4 584 25 24 584 37 5 586 19 0 594 66 8 595 0 7 596 45 4 605 28 18 607 64 24 614 32 17 616 42 30 617 90 4 620 77 5 624 78 18 627 36 6 628 46 23 634 68 5 636 11 2 638 13 15 638 16 14 641 48 9 644 52 31 645 93 9 646 21 27 657 25 9 657 55 17 659 44 16 661 47 12 663 31 1 667 83 11 675 78 15 676 26 2 676 70 1 678 32 1 678 91 20 680 85 15 682 64 20 685 95 24 686 70 19 696 53 22 698 54 7 699 79 11 700 77 31 703 23 15 708 57 12 709 41 23 709 51 24 710 97 31 713 71 14 714 23 21 715 35 14 715 42 7 720 25 30 721 88 11 728 76 27 729 100 1 734 93 16 737 43 22 743 42 5 743 56 15 745 18 31 745 64 1 748 35 21 761 73 9 761 80 15 762 53 9 764 48 19 766 62 7 773 88 30 775 20 7 777 76 17 778 49 2 780 78 8 781 23 27 781 46 6 783 90 1 784 1 17 785 16 30 786 25 7 786 27 19 787 86 4 789 62 12 789 85 13 791 49 7 796 20 26 796 35 22 802 99 11 807 89 10 808 88 12 810 26 13 811 78 7 817 88 8 818 6 21 822 7 30 831 20 8 831 23 21 845 6 23 848 30 23 848 98 15 850 86 13 854 74 1 858 20 11 874 89 18 878 36 30 880 9 15 882 20 14 885 35 27 885 53 2 893 0 22 899 72 7 900 78 13 904 15 6 906 75 14 912 69 6 916 36 28 919 85 25 920 79 1 921 10 20 924 93 28 933 100 31 941 81 0 944 20 23 949 8 24 953 37 17 959 74 14 959 87 24 961 9 24 963 65 17 965 40 19 965 85 26 967 6 8 967 76 0 969 71 13 970 54 25 971 43 10 975 52 8 983 5 22 984 54 23 991 29 8 991 68 1 995 3 12 996 21 28 1000 6 21 1014 74 1 1016 18 26 1016 21 26 1020 98 6 1024 64 28 1024 92 23 1029 61 9 1034 44 0 1034 47 17 1036 6 4 1036 23 11 1041 37 29 1043 37 24 1043 85 20 1045 85 31 1047 17 24 1053 34 19 1054 15 19 1058 96 16 1059 31 19 1061 56 13 1062 91 24 1063 8 23 1066 59 31 1070 22 24 1076 71 16 1084 12 18 1086 62 26 1098 62 7 1100 19 9 1101 23 8 1104 75 0 1105 1 21 1105 41 6 1107 14 1 1111 28 27 1112 27 27 1114 82 20 1118 9 11 1118 52 1 1120 26 10 1120 97 6 1123 52 4 1130 8 17 1138 7 11 1141 50 4 1144 4 10 1147 15 10 1147 65 17 1148 21 21 1151 70 5 1156 28 16 1158 17 8 1162 10 11 1166 53 26 1167 5 8 1169 74 21 1175 26 25 1179 51 18 1180 67 6 1187 1 6 1194 7 11 1195 55 30 1199 33 16 1223 60 23 1225 26 29 1231 19 20 1234 8 8 1237 80 13 1250 55 21 1259 39 22 1260 72 16 1267 41 21 1269 29 9 1269 98 8 1271 67 5 1276 5 22 1277 0 3 1278 40 20 1279 36 7 1286 71 12 1288 32 10 1289 44 22 1291 89 1 1308 79 22 1314 20 28 1324 79 25 1325 61 25 1327 53 11 1330 40 8 1332 75 15 1335 84 26 1337 77 14 1338 20 2 1338 59 15 1338 72 30 1349 40 18 1354 41 5 1356 45 15 1365 91 2 1367 67 19 1370 84 1 1372 4 16 1372 6 4 1374 47 3 1375 36 21 1378 84 6 1385 97 19 1386 2 30 1386 22 14 1386 30 22 1388 24 20 1388 43 14 1392 66 31 1399 74 8 1402 61 20 1412 96 29 1414 43 22 1414 86 22 1423 1 10 1427 98 1 1428 21 31 1430 23 22 1431 16 4 1431 79 29 1433 1 29 1438 6 2 1439 23 28 1439 80 30 1449 96 23 1451 5 10 1452 30 8 1454 30 21 1457 49 7 1459 25 8 1462 49 2 1464 67 28 1468 48 9 1471 56 3 1471 78 11 1479 17 19 1485 59 3 1487 26 9 1488 37 20 1488 58 17 1493 77 6 1494 92 4 1500 16 25 1501 63 17 1504 8 23 1506 42 1 1509 18 29 1517 14 2 1529 33 22 1534 27 18 1535 54 11 1536 35 7 1538 56 22 1543 37 15 1552 47 12 1561 91 29 1562 83 30 1567 41 7 1570 30 0 1571 10 22 1572 28 15 1573 25 30 1573 49 15 1582 33 16 1582 35 19 1582 56 17 1587 51 19 1593 93 8 1594 37 27 1595 79 17 1598 98 7 1600 57 17 1602 65 9 1602 93 16 1605 89 21 1606 15 22 1609 37 2 1611 14 14 1615 87 4 1616 21 4 1624 18 18 1624 44 4 1624 48 3 1627 59 10 1629 31 19 1634 20 31 1642 16 7 1643 86 15 1644 98 16 1649 27 15 1650 77 24 1653 30 8 1660 89 9 1663 18 6 1666 43 6 1667 18 31 1670 97 7 1811 26 27 1813 79 18 1815 86 4 1819 31 11 1820 12 15 1823 91 4 1829 70 3 1838 23 24 1841 25 1 1843 14 12 1848 41 22 1850 74 10 1856 4 24 1856 47 22 1861 7 13 1861 94 16 1864 19 3 1864 72 18 1867 41 0 1871 81 4 1872 30 11 1874 87 23 1875 67 28 1888 90 31 1891 39 25 1891 60 1 1891 89 8 1896 72 11 1900 38 23 1902 64 17 1903 94 2 1905 4 25 1908 15 0 1908 73 22 1908 84 24 1911 98 28 1913 56 19 1914 45 4 1915 69 17 1915 81 19 1916 61 4 1916 92 6 1917 15 29 1918 60 7 1918 90 16 1919 48 16 1926 28 12 1929 36 23 1930 19 3 1933 50 16 1938 21 30 1940 1 4 1941 53 13 1944 25 2 1947 20 17 1949 31 2 1949 53 2 1953 1 14 1955 31 12 1958 82 11 1959 3 30 1962 2 7 1962 46 2 1965 82 13 1967 80 26 1968 94 11 1972 98 27 1975 98 13 1980 91 6 1999 96 28 2007 6 31 2016 72 20 2016 90 25 2020 24 8 2021 66 29 2022 62 12 2029 27 19 2029 46 21 2032 1 21 2033 63 4 2034 48 31 2034 55 4 2040 47 15 2040 69 29 2042 9 6 2044 41 10 2045 8 29 2046 100 22 2048 64 4 2054 88 0 2058 2 29 2058 68 26 2065 74 30 2066 13 17 2067 3 10 2069 66 10 2073 26 16 2075 62 11 2076 11 23 2078 39 5 2082 83 13 2085 17 6 2093 98 9 2094 85 4 2095 50 17 2098 92 13 2102 15 0 2103 73 10 2104 84 12 2104 97 3 2105 17 6 2107 96 6 2112 51 3 2112 73 28 2119 33 25 2119 83 4 2124 45 18 2127 38 0 2128 47 13 2129 72 8 2131 13 3 2134 49 12 2136 56 5 2137 23 28 2139 14 8 2141 8 26 2141 49 14 2144 78 13 2148 20 31 2149 99 11 2151 29 0 2151 79 14 2160 59 26 2166 19 22 2168 14 29 2171 42 11 2182 93 9 2190 100 7 2192 77 22 2193 37 9 2194 54 20 2195 1 22 2196 23 18 2199 12 24 2199 77 20 2206 67 29 2209 13 29 2210 57 11 2212 55 26 2214 7 21 2216 100 23 2226 52 8 2236 89 23 2238 92 26 2242 98 2 2245 56 11 2252 61 0 2256 17 17 2258 9 27 2262 95 17 2263 78 13 2264 45 16 2264 51 27 2267 44 10 2269 59 4 2271 100 14 2278 83 25 2281 2 25 2286 83 4 2292 34 6 2299 19 0 2299 24 11 2301 66 29 2310 78 1 2311 2 13 2312 10 10 2314 31 21 2315 54 8 2316 50 9 2317 42 31 2318 64 26 2322 72 12 2324 77 3 2327 43 20 2330 93 3 2341 35 19 2343 85 30 2344 29 9 2346 98 2 2354 59 21 2357 8 0 2367 23 23 2371 69 27 2371 74 25 2377 77 31 2378 80 24 2379 91 7 2382 43 1 2383 52 24 2388 40 14 2392 39 6 2395 7 14 2396 73 6 2400 58 1 2411 85 25 2414 18 5 2416 3 1 2423 38 3 2429 62 19 2431 45 5 2435 38 4 2438 30 15 2440 10 28 2448 71 8 2448 86 5 2449 48 10 2450 5 13 2455 85 19 2459 94 2 2464 89 28 2473 23 18 2475 88 29 2479 93 8 2492 82 23 2498 7 7 2505 61 27 2509 3 22 2515 93 29 2518 75 26 2526 65 8 2527 14 25 2529 19 15 2529 95 15 2536 11 5 2537 99 20 2539 0 30 2539 20 2 2544 87 18 2545 48 29 2551 20 11 2553 15 16 2560 84 15 2562 68 19 2570 56 20 2571 6 12 2573 94 17 2576 62 29 2584 9 5 2592 19 7 2593 29 10 2594 34 16 2599 98 3 2603 45 6 2609 91 27 2611 54 18 2613 38 8 2617 70 13 2617 86 8 2618 97 10 2619 54 22 2624 63 24 2624 89 14 2628 9 19 2631 98 5 2633 49 31 2643 73 1 2647 74 26 2649 76 13 2652 25 9 2656 50 6 2657 46 28 2659 20 1 2659 62 21 2663 77 28 2668 37 10 2674 20 14 2674 55 20 2683 83 17 2685 18 14 2687 61 2 2692 45 6 2697 35 24 2698 78 9 2700 23 31 2708 57 8 2712 19 18 2715 9 5 2719 53 11 2722 9 17 2728 62 29 2729 68 8 2731 8 14 2732 75 30 2735 83 30 2741 29 16 2742 43 17 2745 83 22 2745 92 19 2748 80 31 2749 61 16 2750 47 0 2752 49 13 2752 84 20 2762 1 18 2762 31 13 2766 50 14 2772 95 6 2774 47 16 2776 100 11 2777 90 12 2780 99 6 2783 40 29 2784 80 8 2795 48 22 2801 16 10 2802 23 0 2803 35 2 2804 74 30 2808 69 15 2810 16 26 2811 16 31 2811 91 23 2816 26 20 2826 64 4 2831 73 1 2833 60 27 2845 76 0 2846 44 14 2846 99 5 2849 61 18 2851 76 6 2856 83 30 2860 38 29 2863 52 13 2870 37 17 2873 8 20 2873 41 22 2874 44 20 2876 59 22 2878 31 25 2885 26 21 2886 47 0 2890 2 26 2890 79 5 2891 75 2 2892 48 24 2896 14 7 2897 73 31 2901 19 8 2906 72 26 2907 93 12 2909 30 25 2911 48 21 2913 67 13 2914 29 9 2915 53 29 2917 99 21 2918 22 28 2918 94 21 2919 66 3 2920 42 25 2926 81 26 2928 38 14 2928 50 12 2933 59 18 2934 91 2 2936 31 13 2946 1 21 2946 48 11 2951 46 27 2955 35 10 2956 35 0 2967 6 14 2971 35 26 2977 35 20 2980 38 28 2982 98 5 2983 77 13 2986 33 1 2986 45 10 2986 90 24 2987 8 1 2991 37 17 2992 31 29 2999 90 11 3000 98 1 3004 97 20 3012 87 12 3014 63 25 3016 83 8 3016 98 30 3031 98 5 3033 59 8 3036 60 25 3037 74 25 3039 43 20 3044 76 10 3049 31 12 3050 8 27 3056 22 29 3056 74 31 3057 78 22 3061 84 27 3071 6 0 3073 86 23 3074 37 2 3075 7 1 3075 57 17 3076 21 22 3076 100 13 3089 38 0 3089 40 11 3089 82 30 3090 5 17 3090 16 24 3093 61 5 3096 78 30 3101 16 30 3107 91 24 3110 91 0 3117 97 12 3118 19 23 3123 97 24 3126 8 25 3128 27 19 3129 89 6 3133 87 27 3134 57 28 3147 61 11 3150 12 3 3154 92 4 3155 79 22 3155 98 13 3159 7 14 3162 11 11 3168 3 17 3174 21 4 3174 65 4 3174 92 27 3175 47 7 3178 38 30 3178 79 5 3182 13 18 3187 27 6 3188 11 11 3188 100 22 3190 1 6 3190 41 11 3190 53 11 3192 51 0 3196 3 12 3198 36 24 3198 89 26 3199 41 19 3201 66 24 3202 74 29 3205 31 1 3206 85 24 3207 74 19 3211 17 21 3211 29 16 3216 83 22 3217 16 11 3217 24 11 3217 53 26 3220 32 13 3227 75 26 3232 17 20 3235 41 25 3237 31 0 3239 0 27 3240 66 16 3241 32 3 3244 11 30 3244 46 6 3244 92 12 3250 51 21 3250 82 14 3251 91 10 3252 53 28 3259 93 26 3261 8 7 3261 12 20 3262 40 12 3265 29 19 3271 95 11 3273 65 24 3274 4 14 3276 31 24 3278 70 20 3282 61 13 3283 94 11 3286 92 2 3296 15 1 3297 69 20 3298 83 27 3301 67 20 3302 55 9 3302 64 13 3306 4 13 3306 79 29 3306 95 9 3308 48 21 3310 55 31 3317 10 7 3319 8 12 3321 40 6 3325 14 13 3329 58 27 3329 75 29 3335 20 23 3336 44 31 3340 48 12 3344 36 29 3346 12 9 3347 71 22 3349 16 27 3349 29 30 3350 35 29 3351 38 28 3356 26 13 3356 32 28 3360 14 13 3362 12 21 3366 4 17 3368 73 14 3369 27 25 3371 77 28 3371 87 12 3373 61 22 3378 81 9 3380 72 27 3380 84 15 3382 4 28 3391 93 22 3392 66 1 3393 6 12 3393 99 23 3400 51 26 3400 94 11 3407 0 30
326 1033 0.0001 79 42 6 80 11 7 80 78 23 88 31 2 89 43 18 91 96 24 93 49 2 97 10 28 97 62 3 108 44 0 109 26 30 110 37 4 110 91 11 116 88 17 121 71 15 130 2 14 130 67 5 132 66 4 138 7 26 138 20 19 142 80 7 144 37 11 152 1 26 155 50 13 158 70 16 166 32 25 172 20 3 175 15 24 175 92 29 181 76 22 189 85 0 193 59 18 196 65 29 197 63 21 198 81 25 202 87 8 209 4 9 209 73 20 209 74 22 213 10 2 214 13 14 217 37 18 217 88 9 219 83 2 225 17 28 227 95 12 228 53 3 237 67 10 241 0 16 243 57 26 246 18 20 248 33 27 250 74 22 259 28 20 259 67 28 264 32 20 265 59 7 272 21 25 276 15 5 279 35 9 279 56 25 283 8 5 285 48 22 287 53 3 292 17 19 292 69 7 294 50 8 296 98 22 297 63 20 297 98 6 304 11 18 314 85 6 317 40 14 318 83 2 322 64 25 332 23 25 336 15 19 338 97 31 341 27 6 342 0 21 349 34 28 349 47 17 352 72 25 353 19 27 354 30 7 360 41 10 361 32 17 364 30 28 366 93 31 368 50 10 373 66 24 376 50 0 378 60 10 381 24 20 381 37 20 381 82 0 383 23 26 387 11 6 388 58 8 393 33 28 397 8 6 401 70 26 402 45 8 404 77 18 414 68 20 419 19 28 421 88 21 422 23 8 423 28 29 428 28 18 430 61 29 431 86 18 432 9 2 444 8 16 449 19 3 449 71 19 450 11 23 454 89 19 457 41 25 461 39 12 464 91 25 472 83 27 475 14 17 475 69 4 479 7 17 486 33 13 489 72 29 490 51 31 493 20 16 497 47 16 503 64 11 503 70 19 505 70 31 517 21 9 517 24 5 519 75 10 523 64 17 529 44 0 531 3 22 533 51 22 535 8 1 537 92 25 540 60 0 540 71 31 542 33 4 544 82 13 547 35 29 553 3 23 558 32 28 563 61 6 567 18 21 572 49 14 574 13 11 589 71 18 596 96 22 598 62 17 601 17 28 605 21 19 610 0 6 615 60 15 618 6 6 619 16 16 619 30 29 619 55 10 622 3 7 623 87 30 624 90 4 628 53 18 630 52 5 638 32 20 639 6 19 643 96 19 647 79 17 651 59 1 654 97 28 655 6 26 655 57 25 658 33 1 659 6 1 659 19 22 660 11 7 660 63 28 665 29 15 670 24 20 672 14 7 673 33 3 680 76 28 680 79 12 684 40 21 692 39 2 692 40 27 692 98 2 693 44 22 695 8 25 698 33 10 701 63 30 707 97 8 709 49 18 711 13 8 712 12 16 712 52 31 715 35 13 717 13 5 717 25 14 718 42 7 719 55 26 720 91 6 721 97 7 724 84 16 731 12 31 733 23 15 733 62 16 733 83 1 736 22 19 737 7 2 737 84 3 738 13 31 738 29 17 740 88 15 742 62 3 742 96 14 743 16 24 746 58 8 748 19 21 749 53 10 749 58 11 751 70 4 760 23 1 764 17 28 764 76 6 764 84 20 769 84 9 777 41 14 777 49 16 780 78 13 781 84 18 782 20 20 785 45 11 788 14 7 798 49 13 798 87 4 803 3 3 803 28 30 804 80 0 807 58 17 808 32 25 809 90 5 810 0 3 811 98 17 817 33 17 818 20 5 820 43 23 822 12 27 824 22 6 824 76 3 826 84 21 829 41 21 835 7 14 836 31 12 839 12 10 839 37 0 840 54 10 847 13 22 853 100 0 867 75 16 868 39 12 869 64 23 869 88 15 870 50 26 871 15 6 874 0 1 877 36 26 879 91 28 880 32 14 881 33 18 885 70 29 886 96 9 888 44 11 889 80 6 903 67 27 906 69 31 906 96 19 912 38 15 915 10 1 917 20 24 918 55 25 919 37 19 922 52 19 925 97 21 929 79 21 933 5 4 934 15 5 938 18 26 943 17 10 946 9 19 947 31 9 950 23 25 953 4 23 964 9 15 967 75 13 968 8 1 969 27 17 973 73 31 978 65 0 979 57 22 983 93 27 988 38 5 992 62 13 993 52 15 995 59 24 999 31 16 1000 81 24 1002 25 13 1002 40 13 1005 20 11 1005 47 29 1005 49 23 1010 46 4 1012 32 30 1015 2 9 1015 52 27 1016 86 21 1018 56 8 1022 41 6 1030 51 13 1038 59 9 1041 33 3 1042 57 22 1044 27 6 1048 94 19 1051 24 10 1052 4 0 1060 49 2 1063 92 19 1064 83 25 1066 0 19 1070 98 19 1075 59 28 1076 24 2 1076 62 25 1076 78 17 1077 40 9 1078 47 7 1081 27 28 1083 51 1 1088 99 8 1089 6 3 1089 80 2 1090 20 21 1100 31 29 1106 58 13 1109 69 31 1115 93 18 1117 60 7 1118 84 27 1123 70 10 1127 22 11 1129 16 22 1134 73 3 1137 60 28 1143 20 14 1143 41 10 1143 48 4 1151 2 11 1151 80 11 1154 16 21 1154 37 22 1155 10 7 1156 11 17 1166 67 20 1176 22 12 1176 38 26 1181 8 26 1181 55 11 1190 36 22 1192 73 27 1196 25 4 1197 65 22 1197 92 15 1198 5 14 1209 93 16 1211 80 17 1212 46 2 1215 99 31 1219 55 22 1222 83 2 1227 3 29 1237 93 7 1238 84 29 1242 55 6 1244 99 0 1245 53 31 1248 95 19 1254 96 24 1255 81 7 1257 99 12 1261 82 26 1264 83 11 1265 44 11 1266 33 2 1269 29 25 1273 43 12 1273 64 31 1278 72 22 1280 18 2 1281 7 6 1283 11 30 1288 5 3 1290 48 30 1294 27 12 1296 60 8 1296 77 25 1297 20 7 1311 24 15 1314 65 8 1320 87 8 1323 1 6 1323 22 13 1329 3 19 1339 24 20 1349 55 28 1351 91 31 1352 46 24 1353 21 11 1353 35 15 1362 22 7 1364 69 31 1365 31 27 1374 5 31 1378 69 18 1386 59 12 1391 36 2 1395 48 2 1395 70 17 1396 40 19 1397 26 28 1397 49 10 1399 50 0 1406 91 0 1409 8 22 1411 59 19 1412 24 0 1415 38 8 1416 17 0 1417 4 21 1417 6 31 1421 77 26 1425 42 30 1426 50 5 1427 64 8 1429 84 14 1430 37 28 1431 18 8 1437 26 16 1442 87 26 1448 17 14 1451 18 17 1457 11 4 1458 25 19 1461 63 4 1467 25 8 1467 82 13 1468 24 12 1472 54 6 1475 0 0 1482 71 9 1486 20 19 1491 78 31 1492 50 16 1494 45 25 1496 91 22 1497 7 9 1498 63 5 1507 18 19 1512 48 9 1516 32 24 1518 94 20 1526 34 21 1527 24 24 1528 23 28 1528 73 27 1532 16 15 1533 99 3 1545 43 18 1548 47 10 1549 90 13 1550 8 18 1551 11 21 1551 16 16 1555 48 17 1558 38 24 1559 10 23 1560 90 12 1576 63 8 1583 87 8 1584 62 5 1586 42 0 1592 51 28 1597 39 0 1601 48 22 1603 54 23 1607 100 15 1617 70 4 1629 23 13 1630 99 28 1631 85 4 1632 13 8 1647 69 30 1649 72 15 1652 23 3 1652 43 12 1652 93 17 1653 82 1 1657 50 18 1658 68 13 1660 85 21 1661 58 7 1665 59 5 1666 21 14 1666 36 8 1666 38 15 1669 20 31 1670 28 4 1670 79 1 1808 95 20 1810 77 23 1811 54 24 1813 70 21 1815 14 22 1816 90 27 1821 34 4 1821 82 13 1823 3 19 1823 38 14 1823 42 9 1828 33 5 1835 92 21 1836 46 12 1841 83 9 1845 52 15 1851 12 22 1855 48 14 1862 37 13 1862 53 4 1863 51 16 1865 99 11 1866 67 7 1870 52 27 1875 3 5 1878 81 11 1879 47 28 1882 11 25 1887 64 9 1889 13 16 1892 82 6 1896 78 25 1900 20 12 1900 60 4 1906 36 16 1907 42 30 1909 71 17 1916 30 13 1916 39 22 1920 79 6 1926 68 28 1926 74 27 1930 35 6 1933 17 16 1944 95 12 1949 95 13 1957 18 29 1964 24 12 1964 26 8 1965 78 13 1968 38 7 1972 7 19 1976 37 1 1977 78 26 1978 15 4 1984 18 18 1985 20 3 1988 4 12 1990 41 21 1994 72 19 1996 63 2 2008 21 31 2009 72 27 2014 6 11 2015 56 27 2015 80 28 2018 89 27 2021 57 13 2024 43 28 2024 75 9 2026 6 16 2026 94 29 2041 21 13 2042 20 31 2044 22 15 2047 76 20 2049 47 8 2051 49 16 2062 28 27 2064 70 17 2065 9 18 2065 52 23 2068 85 8 2069 6 8 2070 15 17 2070 38 13 2072 61 20 2074 1 6 2075 27 17 2077 90 8 2079 45 11 2088 63 31 2089 19 5 2095 4 12 2098 25 6 2098 67 12 2099 73 12 2106 40 10 2108 70 25 2111 66 3 2112 73 18 2120 97 16 2123 61 3 2125 35 13 2130 32 18 2131 63 18 2132 12 5 2132 39 9 2134 76 17 2135 68 5 2137 0 29 2140 40 4 2141 37 15 2148 33 16 2152 51 15 2154 0 17 2156 46 11 2156 85 0 2163 38 4 2167 63 13 2170 16 17 2171 21 3 2173 62 3 2174 56 11 2174 82 1 2175 70 5 2177 17 8 2178 17 27 2183 1 0 2184 5 11 2190 46 2 2193 87 2 2200 80 28 2201 3 8 2201 93 17 2205 83 12 2207 73 30 2210 2 21 2212 74 8 2217 73 0 2224 93 27 2227 29 27 2228 39 31 2228 74 30 2238 18 5 2238 89 0 2239 59 3 2242 89 16 2257 25 11 2261 48 20 2264 36 23 2268 71 7 2273 96 21 2280 1 11 2280 47 20 2281 86 12 2283 93 27 2285 1 30 2287 79 28 2291 87 23 2293 15 3 2294 81 28 2297 72 2 2306 58 15 2306 84 23 2307 92 23 2311 1 4 2319 96 16 2323 30 4 2326 6 21 2329 6 5 2330 3 22 2330 27 2 2330 88 2 2331 57 25 2336 72 19 2337 21 21 2340 95 28 2352 64 15 2365 30 5 2389 17 28 2393 10 27 2395 39 15 2396 82 22 2397 86 27 2400 85 23 2401 12 28 2402 94 29 2402 96 4 2406 8 28 2407 9 13 2410 27 3 2410 59 19 2415 95 5 2419 81 14 2422 26 2 2423 74 23 2424 58 2 2425 22 12 2432 7 6 2439 29 4 2439 75 27 2441 13 28 2443 99 22 2448 95 6 2453 33 12 2454 99 8 2459 23 13 2473 16 9 2477 68 24 2478 65 28 2486 88 19 2494 3 13 2495 41 3 2496 69 26 2499 87 5 2506 45 10 2509 19 22 2514 34 24 2516 0 6 2521 84 16 2523 23 11 2526 58 12 2528 89 19 2529 73 13 2530 61 19 2535 66 9 2537 18 18 2538 54 8 2539 20 0 2542 89 25 2544 25 16 2550 18 18 2552 47 23 2553 16 28 2558 100 28 2560 76 27 2562 23 4 2564 57 17 2567 18 24 2570 4 22 2570 30 14 2570 88 11 2571 7 21 2571 83 19 2572 37 20 2578 99 11 2582 70 9 2583 70 25 2587 23 12 2590 44 27 2590 81 5 2595 16 18 2598 15 31 2599 41 10 2600 51 0 2601 2 5 2601 59 26 2602 34 3 2607 56 24 2607 56 29 2613 73 29 2614 62 10 2618 31 7 2626 14 8 2637 100 31 2638 78 31 2642 30 12 2642 87 14 2647 51 27 2649 22 23 2658 21 31 2663 0 28 2664 100 0 2666 14 28 2667 37 5 2668 86 20 2669 54 0 2672 81 29 2678 51 19 2683 58 11 2686 52 11 2689 48 5 2690 18 1 2694 81 29 2698 81 13 2699 47 19 2708 2 23 2710 59 2 2714 29 14 2716 78 12 2720 61 9 2724 93 14 2730 58 20 2732 71 28 2739 47 6 2745 49 8 2746 16 4 2746 95 31 2756 42 7 2761 39 4 2764 53 26 2764 56 9 2768 17 20 2771 75 23 2775 12 22 2776 50 28 2779 30 27 2781 77 8 2782 15 26 2782 88 26 2792 8 29 2792 26 0 2794 43 31 2795 92 20 2800 54 26 2801 24 20 2801 94 26 2804 56 24 2805 83 18 2808 51 0 2808 70 2 2809 51 13 2812 9 20 2814 77 16 2817 29 2 2817 54 27 2818 36 23 2823 41 2 2824 49 23 2824 79 24 2840 82 4 2844 31 16 2844 84 16 2845 49 26 2846 2 18 2855 58 9 2862 13 19 2862 74 8 2871 54 23 2876 93 4 2883 61 29 2884 21 23 2887 2 19 2891 54 11 2892 41 13 2895 53 8 2898 87 5 2900 84 0 2902 15 19 2905 59 11 2907 51 26 2911 34 8 2911 60 24 2915 21 13 2915 91 21 2916 4 23 2916 80 10 2918 19 21 2920 1 27 2921 22 18 2924 60 2 2928 12 23 2928 64 6 2930 55 31 2933 48 20 2935 35 17 2936 18 20 2938 74 14 2943 83 25 2947 70 6 2947 81 12 2948 60 24 2949 75 9 2953 18 9 2957 80 12 2972 2 7 2979 45 26 2983 70 17 2986 46 30 2987 7 3 2988 38 5 2991 81 22 2993 23 1 3001 5 8 3002 35 20 3003 40 19 3004 7 26 3006 48 13 3006 66 4 3007 94 24 3009 63 6 3013 19 3 3016 62 13 3017 92 11 3018 14 21 3018 28 22 3018 60 18 3019 26 12 3020 27 15 3020 51 19 3025 84 21 3027 34 8 3035 12 21 3035 53 24 3035 84 20 3037 65 0 3044 12 0 3051 31 31 3055 27 31 3059 88 0 3062 90 9 3063 28 27 3072 7 9 3081 8 10 3082 46 17 3082 93 5 3083 68 16 3086 18 4 3093 16 1 3097 99 23 3100 8 7 3101 95 10 3102 12 16 3106 27 8 3113 56 2 3113 58 11 3124 82 15 3130 22 17 3134 76 0 3137 64 30 3144 27 16 3151 26 31 3152 50 29 3156 58 18 3158 26 6 3168 29 24 3168 73 12 3170 10 15 3174 15 9 3188 90 31 3205 97 11 3211 27 16 3213 22 2 3214 91 10 3217 34 26 3218 4 22 3220 79 11 3223 50 1 3236 12 13 3236 20 13 3239 41 18 3255 89 8 3255 93 14 3258 15 19 3263 33 16 3264 85 0 3271 34 19 3271 84 23 3271 97 8 3272 48 7 3273 50 1 3276 54 24 3288 24 14 3290 14 27 3290 61 17 3292 37 12 3296 77 14 3299 99 8 3300 40 1 3307 79 26 3308 80 15 3312 10 17 3314 74 23 3316 42 16 3317 19 2 3322 75 2 3323 94 15 3323 96 7 3324 87 17 3327 83 18 3327 86 21 3332 69 17 3336 77 7 3337 77 26 3338 22 5 3338 46 22 3340 38 15 3341 43 10 3347 46 28 3348 15 4 3351 38 23 3353 33 9 3353 82 9 3353 94 10 3356 93 22 3357 40 19 3358 56 29 3361 78 4 3362 55 16 3365 44 30 3369 72 13 3384 45 13 3385 58 28 3388 82 31 3390 31 26 3394 40 14 3402 34 2 3405 61 31
327 1033 0.0001 73 73 9 75 76 19 89 47 31 99 79 4 103 87 27 110 25 12 119 69 16 120 62 22 123 89 31 125 48 7 126 95 23 132 41 4 133 13 14 133 51 27 141 62 20 144 96 27 150 73 29 153 53 13 156 4 26 157 40 7 162 58 25 165 15 0 165 67 12 165 73 25 167 69 10 185 35 2 187 94 22 188 77 19 199 15 23 199 37 31 200 30 22 201 60 5 203 13 5 208 51 12 210 7 7 216 22 13 226 37 8 241 16 13 243 25 31 244 59 14 251 57 12 252 11 9 254 85 18 258 1 28 260 37 28 262 85 18 264 99 19 265 5 18 265 93 2 268 30 22 271 91 18 273 69 4 275 20 31 276 17 1 277 20 16 278 2 6 279 74 4 292 48 6 292 55 10 294 68 3 295 41 30 304 3 9 304 95 23 309 41 0 310 15 12 314 49 20 319 75 25 320 25 0 322 92 0 323 66 26 326 94 24 327 42 15 336 37 3 344 65 9 345 27 3 350 27 29 355 71 16 369 91 14 371 46 1 373 8 7 378 74 15 381 56 6 382 74 24 386 40 30 389 80 11 393 56 2 393 97 5 396 31 10 397 61 18 399 13 29 400 21 22 404 50 8 407 93 23 418 64 22 419 2 20 422 82 0 423 100 28 428 62 14 430 27 21 430 64 3 431 62 1 434 88 20 436 35 24 437 64 6 440 52 0 440 62 24 440 65 0 441 84 16 445 68 11 452 37 25 454 75 1 456 25 25 465 90 20 467 12 14 469 22 23 470 82 2 472 51 30 476 76 26 481 74 11 482 75 4 483 85 31 487 14 20 501 64 7 503 87 28 510 49 16 512 36 22 513 69 17 515 41 31 519 93 26 526 19 10 528 62 28 538 83 27 545 1 15 545 53 21 549 17 24 550 63 26 552 28 30 553 89 22 556 15 12 558 12 12 560 35 23 564 50 19 565 51 12 566 38 2 566 70 12 568 33 26 568 62 26 574 71 30 576 59 15 578 85 15 579 54 19 579 74 10 579 98 20 584 83 14 589 97 16 592 3 19 594 51 29 596 15 1 598 49 6 601 88 10 604 71 5 608 64 30 610 61 20 612 44 30 615 69 25 617 1 27 618 24 16 622 54 27 624 79 20 624 83 4 626 16 5 630 47 22 632 30 24 632 45 0 632 45 15 635 14 17 640 21 11 640 91 7 644 45 19 645 31 4 647 74 10 654 1 16 659 6 6 659 51 25 673 73 16 676 26 30 678 69 16 679 60 31 680 57 14 688 6 14 691 70 17 693 72 0 695 60 11 705 52 8 714 75 18 717 17 1 718 26 19 729 72 12 731 32 22 732 40 21 733 86 12 736 100 30 739 88 14 751 12 11 756 9 21 756 29 7 756 76 12 763 63 31 767 29 8 778 85 30 783 93 30 786 73 20 788 86 13 792 39 31 792 73 16 800 25 22 802 33 23 805 28 1 806 30 10 808 88 29 822 36 13 823 64 20 824 90 30 828 83 4 829 59 22 831 88 30 833 61 2 834 67 0 835 63 20 837 63 20 843 92 0 845 62 1 849 97 21 851 54 14 854 11 17 855 99 30 858 61 3 859 95 23 859 98 28 861 83 3 863 59 2 863 87 31 864 66 5 866 51 2 872 26 29 883 81 19 887 5 25 887 20 14 888 61 25 890 95 16 898 36 13 902 48 5 907 6 19 907 33 23 907 76 9 908 24 9 909 47 30 911 1 26 911 79 5 915 21 28 923 3 13 932 67 11 934 100 8 936 13 15 936 74 28 939 38 16 940 20 16 941 14 18 942 17 3 942 89 24 943 77 28 944 71 16 949 30 30 950 50 5 954 9 12 963 24 0 966 35 26 967 80 31 967 90 8 971 72 7 976 69 21 980 39 8 982 52 22 990 1 6 991 37 24 995 90 4 997 27 29 999 29 25 1004 56 13 1007 2 25 1007 6 27 1016 99 23 1027 98 24 1029 2 3 1029 70 16 1035 21 30 1038 87 0 1045 68 19 1048 15 24 1049 48 12 1052 41 31 1053 53 29 1056 65 14 1059 58 2 1062 85 26 1063 54 2 1070 59 4 1075 35 26 1075 58 25 1081 88 2 1084 43 5 1086 39 0 1088 31 28 1092 42 17 1094 63 30 1099 4 17 1108 6 9 1108 28 31 1110 22 16 1121 66 27 1122 23 16 1122 84 12 1123 24 25 1125 43 0 1131 48 13 1135 12 15 1141 3 21 1143 80 8 1147 76 5 1148 46 4 1151 25 6 1154 56 7 1162 6 27 1162 60 20 1164 7 18 1165 12 27 1167 25 15 1168 3 21 1170 68 5 1173 55 27 1175 73 17 1177 37 11 1178 1 22 1183 91 16 1186 24 12 1186 67 4 1194 84 10 1202 0 22 1202 21 24 1210 32 30 1212 67 31 1213 85 5 1216 91 26 1219 52 5 1220 78 26 1222 52 16 1228 65 30 1233 28 21 1233 84 21 1237 87 7 1239 78 19 1244 12 29 1249 36 11 1249 86 24 1252 46 28 1253 14 12 1254 78 22 1259 89 1 1261 40 18 1262 16 21 1263 85 5 1265 85 11 1273 49 12 1277 44 3 1278 28 27 1280 41 9 1280 66 15 1284 73 23 1285 20 25 1289 21 20 1296 26 15 1300 32 19 1302 97 4 1304 31 21 1309 96 8 1309 96 24 1310 49 10 1310 54 28 1310 90 19 1320 89 29 1321 50 30 1322 76 6 1323 44 25 1323 79 7 1325 99 6 1328 33 14 1330 36 31 1339 92 4 1340 44 11 1342 68 3 1343 23 11 1345 21 31 1347 83 5 1348 54 22 1351 74 28 1355 78 23 1357 8 27 1357 26 6 1358 25 25 1364 59 6 1370 52 23 1370 93 4 1371 71 24 1372 17 11 1372 55 1 1383 96 1 1384 12 6 1387 81 12 1389 11 9 1392 54 17 1395 95 17 1398 68 4 1401 14 9 1402 87 0 1405 15 30 1405 69 23 1415 94 23 1416 63 19 1419 13 8 1420 2 30 1420 38 1 1427 80 19 1428 48 19 1431 53 23 1435 29 22 1435 99 28 1440 75 27 1443 68 22 1446 79 24 1446 90 12 1448 82 19 1455 92 18 1455 92 29 1461 47 0 1466 61 31 1475 38 18 1478 15 7 1479 75 27 1480 2 22 1481 42 14 1487 69 0 1488 29 18 1489 52 24 1492 49 12 1493 78 23 1493 81 11 1494 58 13 1497 68 28 1502 7 25 1504 42 17 1505 86 15 1508 73 2 1514 92 5 1515 30 24 1516 24 6 1523 44 18 1523 84 10 1526 70 16 1529 54 19 1532 60 22 1535 93 12 1538 39 5 1539 67 28 1541 30 3 1542 65 26 1547 45 21 1548 35 30 1551 13 2 1552 41 0 1561 64 5 1561 100 16 1562 85 2 1567 62 19 1568 66 21 1571 49 16 1580 72 20 1584 51 27 1591 8 15 1593 3 10 1602 9 8 1602 24 6 1605 34 16 1606 48 22 1608 9 14 1610 62 8 1611 5 15 1614 81 6 1631 33 9 1632 63 3 1640 6 30 1641 21 5 1641 64 2 1642 37 15 1642 55 5 1645 41 0 1646 39 17 1646 43 23 1647 72 0 1651 19 17 1658 6 9 1660 12 26 1660 21 11 1660 82 11 1664 67 25 1668 70 28 1668 88 12 1813 60 3 1816 82 7 1819 51 17 1827 100 5 1836 43 23 1840 57 9 1843 23 17 1845 25 14 1846 13 2 1846 28 24 1846 83 13 1849 46 20 1852 92 5 1855 6 11 1857 7 27 1857 88 19 1858 82 7 1859 52 22 1860 59 30 1861 7 19 1872 94 10 1873 96 12 1874 75 30 1876 20 1 1881 93 31 1887 97 0 1890 27 16 1890 64 29 1891 6 27 1893 36 26 1894 40 9 1894 67 30 1896 88 25 1899 22 25 1904 68 22 1908 40 9 1911 92 12 1914 72 25 1917 10 26 1917 13 22 1926 87 20 1941 64 18 1946 16 30 1947 36 21 1948 94 12 1950 21 0 1951 71 31 1955 39 12 1958 21 5 1959 35 22 1963 93 4 1972 31 27 1988 51 14 1990 12 31 1993 53 22 1995 28 19 1995 66 14 1997 27 17 1998 3 3 2000 70 28 2004 28 2 2007 21 13 2008 82 10 2018 3 21 2022 43 9 2023 34 28 2024 82 8 2037 52 3 2038 87 2 2040 37 1 2040 61 9 2043 21 19 2047 17 17 2049 56 3 2052 1 11 2055 21 15 2062 41 21 2064 90 23 2077 19 0 2087 57 1 2098 48 10 2106 28 14 2112 7 8 2114 12 8 2114 29 29 2116 0 17 2124 81 27 2125 45 14 2126 79 28 2128 21 22 2128 59 22 2129 0 22 2130 53 10 2137 18 4 2145 60 12 2146 64 31 2148 57 17 2149 4 19 2155 3 16 2156 9 6 2156 66 12 2160 18 27 2175 80 13 2176 30 2 2179 40 18 2179 100 2 2180 25 16 2194 25 24 2194 87 29 2195 95 20 2196 54 6 2200 77 14 2200 88 9 2201 29 23 2208 71 11 2211 16 14 2228 92 17 2230 91 4 2234 62 7 2236 50 25 2237 27 21 2239 0 10 2246 5 2 2251 88 18 2253 79 13 2254 87 27 2255 21 6 2257 11 9 2269 73 4 2273 72 14 2275 35 15 2277 9 15 2278 90 9 2280 69 8 2290 6 27 2294 42 23 2297 49 10 2299 54 9 2309 12 6 2310 37 15 2311 66 12 2311 96 22 2315 77 23 2323 29 22 2325 38 20 2326 32 30 2335 78 7 2338 67 22 2339 21 3 2340 69 3 2342 55 20 2345 8 5 2347 37 25 2352 23 31 2352 57 9 2356 37 27 2357 64 19 2359 25 18 2360 16 17 2363 75 3 2367 80 13 2375 87 2 2377 62 20 2377 91 7 2379 4 12 2381 39 18 2383 100 26 2388 32 2 2389 41 26 2389 46 27 2389 76 10 2396 29 12 2404 6 31 2404 13 24 2409 93 26 2413 20 22 2418 81 24 2419 13 12 2420 40 24 2425 86 29 2426 74 8 2430 30 12 2435 71 13 2436 41 24 2441 31 29 2443 65 22 2444 77 29 2445 86 15 2447 59 20 2448 17 25 2450 79 21 2452 72 4 2460 49 29 2462 16 7 2462 29 4 2465 76 1 2467 8 28 2481 72 26 2482 50 16 2483 90 12 2484 62 12 2484 82 20 2486 56 27 2488 44 29 2491 82 22 2492 23 19 2498 82 28 2501 89 20 2502 100 16 2505 17 21 2505 58 26 2509 63 17 2513 66 24 2517 4 27 2518 94 28 2520 26 20 2527 87 6 2532 20 26 2533 21 24 2533 45 11 2534 83 31 2535 32 18 2540 43 5 2542 10 7 2542 36 6 2548 50 21 2550 100 24 2556 58 26 2558 47 4 2563 1 29 2567 85 13 2572 35 12 2572 43 20 2577 10 22 2577 55 10 2577 73 21 2579 96 19 2580 84 7 2581 25 3 2584 92 19 2586 83 10 2586 85 17 2590 66 1 2593 26 4 2600 59 21 2605 9 31 2606 44 11 2608 89 24 2613 41 26 2614 81 15 2618 33 5 2619 15 25 2622 71 14 2629 68 24 2630 22 27 2630 24 30 2631 75 6 2634 62 28 2640 15 17 2640 85 26 2640 98 14 2642 25 10 2646 2 0 2648 53 2 2650 78 28 2653 58 28 2656 25 17 2656 42 30 2662 40 29 2662 81 7 2666 12 0 2667 55 17 2668 48 15 2669 59 11 2670 15 4 2686 26 19 2687 98 2 2695 41 16 2697 53 7 2703 67 9 2704 21 19 2705 86 30 2706 94 25 2710 58 30 2714 1 30 2715 41 18 2722 11 27 2722 99 7 2726 2 1 2727 45 25 2727 68 12 2727 68 23 2728 5 7 2728 40 9 2729 68 9 2730 33 2 2733 11 20 2738 90 31 2739 14 16 2739 56 27 2740 69 28 2741 29 19 2742 5 19 2748 73 1 2759 59 18 2761 90 12 2764 74 14 2766 78 17 2770 51 28 2773 56 22 2775 34 28 2784 64 18 2789 85 24 2790 98 20 2791 35 9 2791 61 3 2794 83 5 2796 41 15 2808 58 15 2811 52 23 2824 84 20 2825 46 13 2829 20 31 2829 72 12 2831 3 17 2834 13 12 2835 18 2 2841 56 12 2845 29 29 2845 86 9 2847 81 12 2847 85 22 2849 98 15 2851 91 15 2854 43 14 2854 64 20 2856 44 0 2860 81 30 2868 3 15 2869 64 12 2872 76 10 2874 23 10 2877 74 19 2880 36 31 2881 86 21 2884 14 8 2884 77 30 2886 81 14 2889 25 3 2889 65 19 2893 24 4 2894 7 16 2894 84 0 2899 83 24 2900 46 31 2901 58 29 2901 65 2 2904 59 27 2913 14 10 2916 28 14 2919 55 23 2920 90 3 2927 56 1 2932 88 21 2935 27 7 2941 75 30 2944 93 23 2946 21 3 2947 24 10 2954 92 13 2955 54 28 2960 73 16 2961 38 0 2964 23 16 2966 10 30 2970 16 3 2970 32 9 2970 52 11 2971 97 28 2973 100 10 2980 83 24 2981 85 18 2983 43 23 2984 100 16 2985 94 6 2987 39 15 2994 69 6 2997 87 11 2998 14 13 3001 28 15 3004 97 27 3010 55 2 3014 76 1 3015 13 1 3018 77 4 3030 96 5 3035 35 26 3037 86 3 3040 63 30 3042 43 4 3045 12 22 3045 87 24 3050 49 15 3051 92 3 3052 83 13 3058 21 26 3060 100 21 3064 93 7 3065 19 15 3066 41 2 3069 80 29 3070 46 17 3075 46 15 3079 19 22 3080 66 1 3080 69 3 3084 82 28 3085 83 1 3096 33 27 3096 93 28 3098 1 14 3104 84 5 3106 20 16 3109 32 6 3122 51 11 3130 92 31 3131 6 15 3131 21 23 3134 55 6 3135 41 3 3135 81 19 3136 77 0 3142 90 27 3143 25 1 3143 95 25 3152 60 10 3158 22 10 3160 18 8 3160 98 26 3161 54 16 3169 89 24 3170 51 3 3173 5 27 3173 7 1 3173 9 9 3174 72 23 3180 9 4 3187 34 8 3196 35 15 3198 39 28 3199 16 7 3200 40 23 3203 91 11 3206 80 3 3206 97 20 3208 13 29 3211 90 23 3213 1 20 3230 34 26 3230 47 22 3232 12 0 3234 86 4 3236 71 9 3243 36 5 3248 92 29 3253 86 27 3261 65 16 3266 26 4 3267 21 17 3267 24 4 3271 88 22 3273 15 28 3274 78 12 3276 1 24 3279 69 11 3287 71 16 3292 79 5 3296 97 27 3298 79 4 3312 13 10 3314 75 27 3314 97 14 3315 74 19 3319 25 18 3323 66 23 3326 74 7 3330 84 16 3333 55 0 3335 78 29 3337 69 31 3339 46 21 3342 4 8 3351 6 16 3354 93 10 3358 28 2 3358 53 1 3359 26 0 3366 93 9 3367 4 0 3368 27 20 3372 36 18 3375 88 15 3381 89 17 3382 5 31 3382 65 13 3383 29 19 3386 61 27 3387 43 3 3388 19 14 3393 36 22 3393 71 6 3394 3 1 3395 35 1 3399 68 25 3400 87 28 3406 3 30 3406 52 10
328 1033 0.0001 78 10 20 79 51 2 82 62 24 85 65 3 88 28 28 90 53 28 96 64 26 98 81 14 102 11 0 104 58 27 108 24 14 110 82 14 113 4 13 120 49 17 120 89 31 129 38 14 130 100 27 131 0 20 135 88 6 149 84 10 152 27 13 155 18 23 156 18 12 158 44 13 160 59 5 161 8 8 162 12 18 163 11 4 165 29 2 171 14 23 171 40 29 172 93 6 173 91 16 177 5 18 179 78 1 186 57 28 193 70 27 193 87 15 197 65 17 199 98 19 200 24 6 201 23 23 206 66 27 206 96 26 207 44 21 207 79 29 221 71 10 222 17 15 224 82 0 226 69 14 242 61 29 243 36 13 244 30 30 250 19 25 250 76 21 251 59 11 259 31 10 260 20 30 262 14 17 266 36 1 268 93 24 274 97 23 277 71 29 282 54 11 290 79 29 293 72 28 293 93 17 296 58 22 302 11 10 307 97 9 312 91 15 313 5 9 315 44 14 316 28 30 322 16 16 322 50 3 324 18 6 325 65 26 325 88 15 325 94 13 329 18 21 331 92 23 334 8 1 344 70 24 345 5 1 346 59 29 348 8 10 350 76 31 351 41 28 356 43 4 360 57 2 363 55 30 368 49 20 370 35 24 372 31 11 372 68 16 374 23 24 374 40 1 377 21 8 377 60 21 381 89 29 382 30 30 383 77 3 390 18 13 392 24 5 394 81 16 396 37 11 398 0 14 399 1 29 400 59 17 403 31 7 415 98 17 419 93 6 432 28 13 434 6 19 435 89 12 436 96 22 451 71 13 452 79 0 456 3 26 459 68 11 460 83 3 479 35 17 484 38 1 492 2 20 494 59 8 497 55 30 501 65 3 505 26 31 508 63 14 515 72 2 518 13 0 518 36 29 523 16 16 524 65 9 526 72 10 527 84 4 529 22 1 529 73 31 535 66 19 538 62 13 541 90 14 545 88 27 546 36 28 546 63 24 549 47 22 555 68 0 559 25 25 567 89 17 577 4 27 579 98 27 581 40 0 582 9 6 585 16 1 591 21 3 595 50 10 596 37 31 597 33 0 598 75 8 599 64 12 606 10 16 611 56 18 612 5 9 615 5 24 617 64 28 626 36 4 629 45 23 632 82 3 633 71 24 634 92 17 635 65 1 638 55 0 642 11 28 643 8 27 645 11 31 646 94 10 650 30 13 653 20 4 654 10 30 654 69 20 656 10 31 660 67 11 665 40 3 666 44 4 666 82 31 670 76 10 675 92 11 683 86 9 684 17 25 687 75 28 688 16 9 697 30 18 701 69 25 703 18 31 711 34 15 712 23 2 714 45 1 714 71 28 715 65 10 719 93 12 720 83 5 720 92 1 724 7 10 725 25 20 726 88 15 731 46 0 733 19 8 733 88 20 737 22 20 738 85 13 742 83 5 744 62 15 747 6 28 752 66 7 759 21 13 760 16 0 767 36 15 769 1 0 773 50 12 774 85 20 775 58 28 780 98 17 783 18 23 792 34 18 795 99 17 799 0 0 799 94 9 800 15 30 805 11 29 805 84 14 810 88 27 813 15 27 814 12 1 817 58 21 820 36 13 821 78 22 823 29 16 824 50 30 827 92 15 841 1 4 843 65 29 844 72 26 848 40 29 850 46 17 859 74 11 860 40 12 862 31 24 867 62 27 874 0 12 877 93 1 878 14 30 885 3 19 887 78 29 898 82 29 902 4 27 904 5 23 906 88 16 911 13 29 912 78 5 914 70 26 922 50 3 924 88 12 928 62 0 931 100 7 932 13 6 933 40 16 934 4 28 939 98 29 944 71 2 945 35 24 950 10 24 963 19 10 968 63 11 968 68 7 971 9 5 971 59 11 971 60 30 981 33 8 982 39 28 983 61 16 984 52 14 990 13 20 990 57 28 992 96 6 999 1 27 1001 20 0 1001 78 19 1013 27 4 1013 69 15 1025 20 29 1033 90 7 1040 86 16 1042 16 11 1042 37 4 1044 0 26 1045 18 11 1048 1 5 1049 37 20 1050 95 13 1053 84 30 1055 19 3 1059 18 15 1059 58 2 1066 45 21 1069 58 9 1074 25 3 1075 97 25 1078 7 17 1084 85 19 1087 61 5 1088 15 4 1090 63 22 1093 64 17 1096 20 16 1096 92 7 1100 32 13 1107 18 7 1107 40 11 1117 39 23 1117 81 18 1122 15 6 1122 99 17 1126 3 31 1130 38 5 1136 30 6 1141 5 23 1141 53 31 1145 54 23 1147 92 8 1148 61 8 1150 82 6 1152 63 31 1154 58 30 1154 71 11 1159 45 25 1159 95 28 1168 3 31 1169 13 17 1169 98 21 1170 58 28 1171 12 1 1174 81 29 1176 65 1 1184 44 26 1184 67 1 1184 77 25 1190 51 9 1192 56 18 1200 17 14 1200 51 17 1201 26 7 1204 80 22 1207 24 4 1208 23 1 1213 65 30 1214 79 22 1219 24 29 1219 96 26 1224 16 28 1224 59 6 1225 45 23 1225 60 1 1227 75 6 1234 82 0 1237 89 30 1240 0 8 1240 95 10 1242 14 13 1244 28 20 1248 1 17 1252 13 4 1253 33 14 1254 14 22 1256 24 17 1259 29 1 1259 82 31 1261 20 21 1261 35 2 1266 2 30 1269 52 0 1270 0 23 1270 36 12 1284 6 19 1287 8 16 1288 70 23 1290 8 11 1290 91 28 1294 7 16 1294 81 12 1298 97 21 1300 81 8 1302 43 17 1303 77 12 1304 20 21 1306 39 9 1309 86 6 1316 89 4 1319 50 23 1320 11 22 1323 39 15 1324 50 7 1326 52 17 1326 78 10 1327 33 7 1327 57 24 1334 79 9 1335 54 26 1337 80 25 1340 67 21 1344 29 14 1344 42 18 1344 91 26 1347 44 12 1354 78 1 1354 91 11 1358 63 20 1359 58 26 1360 1 10 1361 29 0 1362 2 28 1365 88 25 1367 17 15 1373 5 13 1376 5 9 1381 0 17 1381 26 27 1382 15 5 1384 18 30 1385 43 2 1385 76 0 1387 57 11 1388 20 2 1389 5 3 1392 13 9 1394 81 6 1398 41 13 1399 70 4 1416 34 11 1421 57 30 1422 74 21 1425 60 24 1429 25 20 1431 18 20 1431 96 19 1432 71 6 1438 17 15 1440 68 4 1446 62 0 1449 12 19 1454 11 10 1455 20 19 1458 68 8 1459 7 21 1459 77 10 1461 36 1 1461 74 13 1461 79 4 1470 4 20 1471 20 26 1475 51 31 1484 35 6 1485 74 30 1494 69 6 1496 38 1 1503 32 8 1503 95 28 1505 98 23 1507 58 28 1513 99 0 1514 78 13 1516 40 17 1519 82 26 1526 7 17 1528 47 10 1537 85 10 1546 97 17 1551 61 23 1554 97 2 1556 32 4 1560 41 15 1561 42 10 1562 80 15 1564 94 1 1565 35 18 1567 8 30 1573 37 4 1580 4 21 1584 59 3 1592 32 24 1595 0 16 1596 10 23 1598 57 17 1615 75 16 1628 37 23 1630 36 8 1633 73 12 1640 3 12 1643 42 2 1645 27 12 1648 5 8 1655 68 6 1657 67 25 1667 36 7 1812 38 19 1815 25 4 1815 65 30 1824 23 10 1832 54 19 1835 13 29 1837 31 0 1839 42 8 1840 60 27 1840 64 21 1845 85 30 1847 93 7 1855 99 26 1856 33 26 1860 57 26 1863 52 6 1866 61 13 1872 19 4 1874 24 25 1874 52 19 1874 96 18 1876 4 13 1879 85 14 1881 32 13 1882 25 9 1882 33 28 1885 73 0 1887 52 24 1890 98 19 1895 51 29 1901 1 10 1913 44 8 1913 100 8 1916 91 14 1922 80 27 1929 41 6 1934 35 9 1940 15 26 1942 14 6 1943 53 8 1947 20 23 1947 53 14 1947 87 29 1948 77 0 1948 88 5 1948 97 20 1955 67 26 1960 72 6 1970 39 6 1970 55 12 1970 74 17 1970 100 2 1972 73 19 1973 39 28 1974 97 4 1980 75 31 1982 65 13 1983 45 20 1985 83 8 1988 4 28 1989 1 15 1990 77 14 1991 86 11 1992 56 22 1994 4 0 2000 95 29 2007 58 10 2007 70 29 2009 91 0 2014 84 22 2016 97 14 2017 12 18 2019 97 16 2020 50 30 2023 87 15 2027 12 2 2027 33 7 2040 0 18 2040 17 20 2058 76 26 2069 34 16 2070 39 27 2078 28 14 2081 39 19 2088 79 17 2089 34 14 2091 72 0 2093 20 2 2093 33 21 2093 94 19 2095 88 11 2100 33 26 2104 38 25 2107 2 7 2107 16 10 2110 4 7 2110 65 9 2112 71 26 2112 86 25 2116 71 14 2133 97 23 2135 10 24 2135 65 21 2135 86 31 2138 98 21 2141 15 9 2143 22 20 2149 30 9 2152 15 20 2152 30 16 2156 15 31 2158 16 20 2165 37 17 2172 3 5 2178 71 12 2184 96 2 2187 5 23 2188 37 1 2193 23 29 2195 68 12 2206 89 23 2208 85 30 2216 13 8 2220 11 16 2221 11 24 2222 12 29 2223 63 4 2226 78 24 2228 83 15 2229 62 18 2230 2 2 2233 17 2 2235 99 30 2238 9 9 2238 23 15 2243 37 28 2244 97 21 2254 58 2 2255 75 22 2257 13 24 2264 46 0 2266 79 25 2272 91 2 2284 84 11 2284 100 17 2287 18 4 2287 90 18 2288 47 27 2288 75 22 2290 62 0 2291 84 20 2295 3 11 2295 71 6 2299 2 0 2299 83 30 2302 89 16 2307 16 10 2308 30 17 2309 79 27 2311 96 28 2312 41 10 2313 68 29 2318 32 20 2318 87 9 2322 1 2 2325 46 5 2327 42 10 2329 1 20 2333 58 4 2334 16 18 2336 74 23 2337 3 22 2341 1 5 2342 47 12 2343 10 14 2343 55 17 2353 74 14 2359 53 15 2363 68 11 2367 15 24 2372 2 29 2372 45 22 2373 93 6 2374 92 7 2378 70 2 2382 24 0 2383 98 0 2388 49 25 2394 18 29 2395 11 10 2395 69 27 2395 75 0 2397 34 20 2407 3 8 2414 52 0 2416 86 16 2428 83 3 2428 99 26 2431 65 20 2432 57 15 2434 96 29 2437 53 31 2437 81 21 2438 33 12 2443 22 24 2446 76 1 2457 79 2 2464 43 11 2471 97 23 2476 95 3 2480 55 25 2481 11 31 2482 25 17 2495 31 28 2497 74 5 2501 18 22 2507 79 10 2510 43 15 2512 42 17 2526 57 7 2527 5 20 2527 97 10 2528 1 30 2534 29 11 2535 99 5 2538 32 24 2540 0 22 2542 41 22 2545 67 28 2547 32 8 2548 18 3 2550 28 6 2552 91 23 2554 76 17 2554 85 24 2557 48 1 2558 57 24 2559 37 29 2560 52 22 2561 80 9 2562 17 5 2564 31 31 2565 59 30 2567 3 12 2569 53 23 2570 17 16 2573 12 10 2574 61 29 2579 100 18 2585 64 4 2586 59 0 2591 73 19 2593 97 22 2598 99 6 2599 78 31 2599 83 19 2600 100 17 2601 2 14 2601 29 2 2605 74 15 2606 65 3 2610 54 17 2617 87 2 2618 78 25 2620 25 3 2621 40 28 2625 65 28 2626 1 4 2628 29 20 2628 37 4 2629 42 2 2629 88 27 2635 99 30 2637 85 25 2637 89 2 2642 5 31 2645 5 11 2646 74 26 2650 6 5 2656 91 12 2658 95 30 2665 100 25 2671 9 27 2679 9 29 2681 46 19 2684 13 16 2687 92 11 2700 40 18 2709 58 10 2709 68 2 2709 95 27 2710 67 23 2713 47 1 2714 14 26 2715 61 15 2716 98 8 2719 94 22 2722 78 19 2727 10 24 2728 29 24 2730 71 16 2737 33 7 2737 84 14 2738 47 13 2745 24 6 2746 71 1 2746 85 26 2747 7 26 2747 47 9 2747 68 13 2748 96 20 2757 27 27 2766 84 18 2770 58 22 2776 86 1 2777 31 30 2779 25 3 2780 40 18 2782 11 1 2782 97 5 2783 33 17 2785 95 10 2786 60 4 2788 35 24 2793 12 11 2794 0 6 2796 14 10 2807 23 16 2808 7 21 2809 17 15 2814 25 0 2815 42 9 2817 41 10 2819 12 29 2821 51 16 2830 14 13 2832 87 23 2837 28 4 2840 82 20 2842 41 21 2842 95 7 2844 48 26 2844 64 24 2844 69 27 2854 96 18 2864 83 24 2864 87 6 2871 45 19 2875 35 12 2876 91 25 2877 89 4 2879 3 8 2879 3 30 2880 92 19 2881 28 25 2882 20 30 2886 54 24 2888 66 1 2888 100 7 2892 76 2 2893 31 25 2894 32 1 2896 50 28 2904 77 26 2906 58 12 2910 32 30 2910 48 14 2911 52 14 2915 0 7 2919 43 21 2925 68 12 2926 43 18 2926 52 30 2932 83 3 2934 23 19 2939 17 28 2940 100 6 2942 34 8 2945 68 18 2950 31 14 2956 37 20 2962 39 10 2968 18 23 2971 47 24 2971 60 7 2978 23 4 2980 25 16 2982 98 24 2985 61 25 2986 96 30 2987 30 27 2987 89 2 2992 2 2 2994 92 1 2999 87 30 3001 61 14 3003 7 21 3004 99 6 3006 55 19 3007 20 4 3008 35 16 3008 67 16 3011 99 13 3015 25 17 3019 79 20 3022 14 9 3023 11 3 3023 40 30 3024 54 12 3026 23 27 3027 100 1 3028 100 29 3029 24 13 3031 3 20 3031 96 24 3033 26 9 3033 96 30 3034 69 28 3039 91 17 3040 29 8 3040 73 16 3042 50 20 3046 32 5 3049 77 5 3051 33 20 3052 60 10 3052 88 10 3053 37 14 3056 39 6 3059 28 2 3068 16 13 3068 24 7 3071 67 31 3078 6 24 3078 82 25 3080 53 15 3082 2 29 3083 76 5 3086 42 4 3090 55 13 3092 36 26 3093 31 30 3097 11 23 3099 82 1 3102 35 29 3110 64 11 3111 29 14 3111 83 25 3112 91 18 3114 37 17 3116 86 27 3117 43 21 3123 81 8 3124 37 20 3127 96 5 3135 0 22 3136 57 2 3137 11 26 3150 47 28 3153 1 30 3154 31 14 3161 36 6 3166 66 1 3170 87 8 3176 68 7 3178 94 27 3188 98 1 3193 72 21 3196 44 14 3201 55 15 3203 49 3 3204 76 16 3206 94 0 3209 95 9 3221 88 4 3222 22 16 3223 0 1 3238 13 30 3239 64 8 3241 28 10 3244 26 26 3245 32 19 3248 60 3 3252 51 27 3257 11 19 3262 49 24 3268 47 16 3273 15 7 3278 42 13 3279 18 4 3280 74 2 3280 87 7 3289 8 0 3289 52 24 3290 64 23 3292 7 31 3293 88 23 3295 91 0 3296 27 21 3297 3 6 3299 94 23 3300 40 21 3300 93 2 3308 84 13 3319 54 24 3322 45 24 3322 97 1 3329 86 18 3329 97 18 3331 74 0 3335 27 27 3336 78 19 3337 99 27 3358 46 2 3358 58 25 3367 60 12 3368 60 10 3368 69 14 3370 81 18 3371 89 21 3379 8 28 3385 41 5 3388 93 19 3389 42 1 3391 10 25 3391 29 12 3396 75 14 3399 35 5 3403 51 13 3406 71 14
329 1033 0.0001 72 16 22 73 69 4 80 51 31 82 30 22 88 89 19 93 79 21 100 97 6 112 4 21 113 58 23 119 91 11 120 5 1 120 12 10 121 30 10 123 63 30 123 78 22 124 80 12 128 50 18 129 42 5 129 76 30 132 33 17 133 29 2 136 38 15 143 37 23 144 100 2 147 42 16 149 38 10 152 25 26 156 12 1 157 70 4 159 57 31 161 86 20 164 68 31 165 67 17 167 60 5 170 54 15 172 78 5 173 19 17 173 25 23 175 75 8 176 87 23 178 3 10 178 46 8 178 78 30 179 49 21 187 41 22 191 36 9 195 7 5 198 51 31 203 85 16 205 17 13 207 6 5 210 9 21 216 19 15 216 59 13 217 43 11 222 37 27 222 85 5 225 2 21 237 77 28 239 16 1 239 52 20 246 87 31 247 67 17 252 65 27 255 70 8 258 25 4 261 93 16 263 58 0 266 78 0 267 11 31 268 0 21 268 92 10 273 100 12 275 39 25 275 74 22 276 22 28 283 76 30 284 36 13 285 75 24 286 76 19 290 45 21 293 12 23 295 10 6 298 28 9 298 73 30 301 10 30 302 91 11 307 79 9 311 52 22 313 10 1 314 35 2 318 81 16 321 67 9 322 80 5 324 40 16 328 16 19 331 69 0 333 15 11 333 88 14 340 49 8 355 38 9 355 72 22 358 30 1 358 85 14 368 56 2 369 17 22 371 84 9 377 9 10 380 46 8 383 95 14 383 96 7 384 57 10 388 34 29 390 28 26 395 61 2 403 20 4 403 80 14 405 22 6 408 2 27 415 24 31 420 50 31 426 66 30 427 86 12 432 19 29 432 71 19 436 71 27 436 72 2 437 99 18 444 9 6 450 8 23 454 33 31 458 55 31 464 26 22 466 31 21 469 98 0 472 32 8 480 98 25 483 96 5 486 12 0 486 37 28 489 29 23 497 1 10 498 91 23 502 43 7 508 100 11 510 13 24 512 27 29 512 41 18 515 9 17 518 50 11 519 66 14 520 94 2 522 9 15 522 93 4 524 99 0 530 52 1 535 91 21 538 58 6 546 63 0 546 71 30 546 96 1 547 15 13 547 52 17 550 53 25 556 85 16 557 64 11 558 98 22 560 61 16 562 18 15 564 86 9 567 98 3 569 55 20 573 75 9 574 8 23 575 72 6 582 12 14 586 98 28 590 91 14 597 30 13 598 53 1 604 41 8 604 42 14 606 13 24 607 22 16 612 97 9 615 40 3 618 70 12 619 1 4 625 12 24 630 78 31 630 86 26 632 30 3 634 92 30 638 71 20 640 63 8 644 25 14 648 72 27 649 1 29 649 20 2 651 80 6 652 21 18 653 47 29 654 58 24 657 89 10 658 0 29 664 39 27 667 14 31 669 20 3 669 28 14 670 85 22 672 38 19 673 100 6 674 24 28 678 74 11 680 16 18 680 24 29 685 19 4 685 99 25 686 72 22 689 76 2 697 52 30 698 34 24 700 59 3 703 39 2 705 61 25 706 62 8 709 27 8 717 19 13 717 54 11 718 100 0 729 69 4 731 15 30 740 11 29 755 29 29 767 53 3 769 5 18 769 54 17 770 92 25 774 90 5 778 31 30 781 98 5 784 44 13 785 62 16 786 6 31 791 41 7 793 70 27 795 36 13 795 82 25 800 29 30 805 76 27 806 91 3 807 36 25 810 14 16 812 13 14 812 87 22 821 49 0 823 2 12 830 97 14 836 88 11 839 89 6 843 19 19 844 19 15 846 0 11 846 28 5 849 29 21 849 76 28 851 51 18 853 80 13 858 49 8 861 45 13 864 18 22 870 32 15 873 77 5 874 65 21 876 30 2 879 76 25 882 61 0 888 23 26 888 27 1 888 37 20 894 42 25 896 46 29 902 70 7 903 2 4 903 5 28 904 99 16 912 23 18 912 89 1 912 95 8 914 16 14 914 45 1 916 41 18 924 33 31 925 17 4 926 0 10 930 23 7 934 16 31 934 44 10 936 100 14 938 73 6 938 74 7 953 43 10 956 7 11 956 30 19 956 53 4 959 17 5 960 29 2 965 25 10 972 17 23 972 26 11 976 80 27 986 69 27 986 85 5 990 4 10 991 34 17 992 18 28 994 80 9 1001 92 9 1006 19 20 1011 42 27 1014 60 21 1018 85 11 1025 71 13 1027 39 28 1029 30 21 1032 46 0 1032 51 16 1041 15 22 1043 68 17 1044 54 31 1046 99 6 1048 65 6 1050 65 11 1054 39 11 1056 12 19 1059 23 8 1062 98 9 1077 83 9 1080 81 17 1085 83 16 1090 91 2 1095 3 24 1110 60 24 1110 76 22 1114 61 29 1117 42 22 1128 73 31 1128 83 2 1130 21 3 1131 79 15 1133 0 25 1133 12 2 1139 53 15 1140 18 17 1141 57 1 1144 5 9 1152 20 31 1154 93 6 1161 72 23 1162 94 29 1166 8 31 1166 44 2 1168 22 22 1168 30 15 1169 76 6 1171 2 20 1173 30 6 1186 68 1 1192 92 11 1197 15 1 1198 90 8 1199 27 16 1199 96 9 1201 3 4 1201 72 23 1203 47 10 1209 94 4 1211 56 30 1214 25 20 1217 4 11 1218 77 20 1220 3 30 1228 47 21 1229 40 5 1238 26 25 1245 18 21 1245 74 5 1246 6 31 1249 83 31 1259 33 6 1263 96 6 1266 59 6 1272 94 9 1274 13 1 1277 9 2 1277 64 8 1278 68 10 1279 15 8 1280 49 21 1286 74 16 1287 15 24 1291 75 27 1294 80 3 1295 44 23 1296 77 26 1296 82 10 1297 83 13 1298 49 20 1315 23 30 1315 87 23 1316 54 15 1321 51 0 1322 48 28 1325 5 23 1329 90 12 1343 65 2 1346 34 1 1350 77 11 1356 97 13 1357 52 15 1360 87 8 1362 2 18 1367 51 20 1368 69 21 1368 76 16 1369 11 23 1369 60 14 1370 5 27 1370 40 7 1375 87 14 1375 87 27 1382 1 22 1389 76 10 1399 69 27 1405 79 27 1409 51 24 1415 69 29 1419 29 7 1420 11 28 1421 62 24 1425 49 29 1428 90 31 1429 47 6 1441 30 4 1444 45 26 1446 33 12 1452 94 2 1454 83 30 1455 98 26 1457 45 4 1459 43 23 1460 17 5 1460 80 16 1462 42 14 1463 19 27 1463 78 19 1464 26 24 1465 83 12 1468 28 16 1468 80 29 1481 6 7 1487 99 1 1489 40 31 1490 44 24 1490 60 16 1498 94 4 1500 90 25 1506 62 27 1507 25 4 1509 86 1 1510 10 27 1511 13 17 1511 52 28 1517 78 12 1522 15 21 1529 56 28 1531 36 29 1533 27 16 1544 78 13 1545 19 1 1550 77 3 1552 63 23 1553 38 31 1554 45 1 1556 0 25 1556 76 30 1558 84 29 1559 22 7 1560 19 16 1561 3 26 1562 82 1 1567 19 26 1567 28 18 1570 8 0 1574 93 9 1576 46 21 1578 60 23 1579 12 8 1581 97 22 1582 76 13 1583 100 21 1585 25 8 1587 59 22 1603 40 16 1606 71 6 1608 15 14 1612 76 0 1613 54 19 1621 86 25 1624 75 16 1626 68 5 1628 80 24 1634 9 14 1635 80 28 1636 79 26 1637 80 24 1639 8 24 1643 14 26 1647 95 8 1650 33 20 1654 15 27 1658 25 25 1666 45 30 1668 95 12 1808 11 5 1818 64 14 1826 26 28 1827 60 28 1834 14 16 1837 2 31 1843 5 21 1847 56 26 1848 65 7 1851 79 0 1869 5 20 1870 55 14 1871 10 5 1876 9 0 1878 2 26 1880 51 1 1886 3 15 1889 59 22 1895 79 10 1903 82 26 1904 55 11 1908 92 20 1908 97 24 1909 5 23 1913 17 18 1919 26 6 1920 12 20 1923 40 27 1923 81 30 1926 59 22 1929 10 14 1930 53 17 1937 66 4 1939 31 26 1939 49 23 1940 61 27 1954 46 12 1956 96 22 1958 45 10 1958 52 28 1959 61 11 1960 98 2 1963 48 16 1968 46 9 1969 85 6 1972 77 0 1972 86 27 1976 93 22 1984 30 6 1985 19 12 1986 91 18 1989 15 17 1993 32 24 1996 50 3 2004 72 29 2005 31 30 2005 47 24 2008 61 16 2009 52 23 2011 42 10 2015 41 20 2020 89 12 2027 16 24 2027 75 23 2028 4 23 2029 3 5 2030 69 28 2036 73 18 2051 56 26 2051 83 28 2055 17 2 2057 35 25 2059 34 14 2061 48 27 2062 64 17 2064 64 24 2066 3 20 2067 42 31 2067 61 13 2070 45 20 2071 12 4 2074 55 27 2079 56 0 2081 85 7 2083 52 9 2083 70 18 2088 65 25 2096 15 9 2106 10 21 2111 69 18 2113 9 29 2115 12 15 2119 52 12 2120 39 13 2122 59 15 2122 64 24 2124 37 24 2124 94 25 2129 10 31 2132 81 22 2133 38 31 2134 67 17 2137 5 12 2143 38 25 2143 39 22 2146 47 15 2150 41 22 2153 32 14 2158 57 26 2160 4 23 2162 10 30 2162 40 18 2164 71 0 2165 12 20 2171 49 3 2176 65 28 2178 73 17 2193 90 5 2193 98 14 2195 12 17 2199 70 11 2201 33 29 2208 78 2 2209 91 23 2210 55 11 2213 35 26 2216 77 14 2220 62 1 2221 71 9 2222 97 30 2229 2 10 2229 85 0 2231 71 25 2234 63 22 2238 65 9 2239 12 9 2243 11 11 2245 50 9 2246 37 13 2246 48 2 2247 40 8 2249 47 29 2254 6 3 2255 95 13 2256 70 4 2257 53 27 2267 21 27 2272 53 19 2274 52 31 2276 67 8 2278 87 3 2281 71 18 2282 48 24 2285 98 13 2288 3 5 2290 36 29 2290 88 28 2291 95 5 2292 67 15 2296 75 9 2299 4 19 2304 73 16 2305 64 13 2308 85 30 2310 18 14 2310 56 19 2311 58 6 2318 50 18 2319 42 23 2320 19 16 2320 76 24 2334 61 29 2339 3 28 2340 54 31 2341 88 8 2342 29 18 2343 44 14 2345 54 16 2358 57 7 2364 24 0 2387 22 13 2389 89 15 2390 93 2 2391 58 28 2391 85 22 2392 3 21 2394 31 9 2398 61 6 2399 37 22 2402 13 8 2403 83 7 2404 12 22 2407 88 3 2408 92 7 2409 30 3 2409 97 14 2414 41 21 2420 41 9 2420 59 6 2435 34 21 2436 95 14 2443 31 31 2449 41 14 2452 10 3 2456 13 10 2464 82 17 2467 81 27 2468 32 26 2476 16 4 2479 96 6 2480 63 27 2481 89 14 2482 75 0 2485 62 17 2486 44 14 2486 78 15 2487 91 25 2488 11 26 2492 38 9 2494 37 28 2499 96 28 2505 75 9 2505 82 6 2509 7 22 2511 75 23 2514 26 15 2516 4 15 2516 53 17 2519 74 22 2520 42 7 2521 67 16 2522 49 27 2523 11 11 2531 73 1 2532 66 7 2538 65 2 2539 10 26 2544 18 28 2546 45 21 2548 22 18 2548 91 6 2553 14 1 2553 58 9 2554 82 6 2562 22 22 2567 35 31 2567 56 20 2568 63 8 2569 46 17 2576 41 11 2582 34 0 2584 97 8 2585 31 6 2585 70 29 2588 17 4 2593 30 31 2599 40 13 2600 22 14 2609 35 31 2615 14 21 2619 52 2 2624 70 27 2628 60 1 2633 34 2 2633 74 1 2633 79 21 2638 58 27 2639 18 18 2641 42 24 2642 8 10 2648 4 1 2648 78 10 2656 82 9 2660 89 31 2662 54 8 2664 71 19 2670 90 7 2683 52 6 2696 13 7 2697 18 4 2699 100 9 2700 49 3 2701 43 17 2708 31 8 2726 23 12 2728 67 11 2734 77 26 2740 9 30 2741 56 23 2743 99 26 2750 40 18 2751 80 15 2752 42 0 2756 32 18 2762 22 14 2763 89 9 2768 62 12 2772 64 1 2773 60 3 2775 32 30 2784 96 25 2786 62 30 2791 80 6 2795 82 5 2797 44 4 2810 31 0 2815 31 24 2815 79 4 2817 5 5 2817 13 10 2819 18 29 2819 84 5 2822 87 29 2827 12 4 2827 62 6 2830 44 30 2834 8 3 2835 57 8 2837 89 16 2839 46 30 2845 75 22 2846 67 9 2849 98 26 2858 32 20 2861 24 27 2861 27 2 2863 11 6 2864 30 15 2865 92 6 2870 89 18 2874 41 9 2877 54 5 2879 56 3 2880 78 2 2882 21 0 2885 23 31 2885 63 18 2888 55 21 2897 51 27 2902 58 10 2905 66 22 2906 19 19 2910 95 23 2911 24 0 2912 29 3 2912 64 3 2913 42 26 2916 30 27 2921 91 19 2927 1 20 2928 28 26 2929 70 20 2930 28 26 2931 17 14 2932 74 1 2935 33 4 2935 73 10 2938 41 21 2951 61 18 2968 96 9 2973 26 19 2973 30 19 2977 76 17 2987 77 29 2997 30 16 3003 1 21 3003 28 11 3005 69 29 3006 33 2 3006 73 19 3006 79 26 3008 12 29 3009 5 10 3012 9 18 3012 85 18 3015 61 27 3020 5 18 3020 32 7 3023 82 10 3026 26 7 3027 13 13 3027 78 29 3028 2 7 3030 29 16 3035 76 13 3036 89 8 3039 60 23 3040 49 18 3040 88 20 3043 45 20 3052 8 12 3052 28 16 3054 91 9 3055 49 1 3057 48 0 3059 32 4 3063 81 8 3064 94 21 3070 56 30 3081 20 9 3086 3 18 3086 48 13 3087 43 13 3088 79 5 3089 3 24 3094 69 15 3095 50 21 3106 49 3 3109 17 25 3110 86 22 3123 57 18 3126 6 17 3130 16 16 3130 42 11 3130 88 11 3133 8 20 3134 14 11 3135 78 4 3139 92 29 3144 69 4 3148 95 19 3150 37 5 3154 65 23 3157 43 17 3162 94 16 3165 41 16 3166 78 24 3168 18 12 3168 78 15 3188 28 28 3191 73 16 3194 14 2 3195 2 20 3207 98 11 3209 71 14 3211 26 21 3215 46 31 3215 62 6 3221 53 20 3223 61 4 3226 40 25 3227 0 4 3227 78 14 3228 23 16 3234 26 31 3237 10 18 3238 85 1 3242 66 17 3243 31 5 3243 42 1 3245 85 9 3246 43 11 3253 62 16 3253 63 27 3255 94 14 3259 93 26 3261 8 0 3262 23 16 3262 34 17 3262 55 19 3270 68 31 3272 98 19 3273 48 22 3273 53 29 3277 12 22 3279 16 18 3284 83 25 3294 11 4 3296 17 31 3298 14 11 3300 12 14 3300 56 30 3305 15 30 3306 11 5 3307 39 4 3311 28 20 3313 77 23 3314 25 4 3314 61 3 3316 94 3 3317 39 27 3326 34 3 3328 48 14 3330 51 19 3335 1 1 3335 43 20 3338 70 31 3339 7 30 3343 74 6 3351 36 5 3353 79 0 3356 61 23 3359 12 19 3359 21 21 3360 9 21 3361 10 23 3371 36 20 3373 47 29 3373 87 19 3374 0 12 3378 43 13 3378 96 19 3381 44 24 3382 33 0 3386 82 1 3386 87 24 3395 73 22 3399 31 26 3402 74 21
