0 9 3e-06 97 71 7 187 20 2 191 89 15 507 1 3 519 35 20 600 67 19 610 95 6 710 10 23 786 18 19
1 9 3e-06 135 9 24 188 28 0 204 54 23 431 74 15 558 30 4 562 79 14 747 98 18 903 68 12 921 70 29
2 9 3e-06 202 58 28 402 62 12 469 59 4 530 20 24 629 20 31 665 91 20 850 2 24 949 58 29 963 10 29
3 9 3e-06 195 62 17 293 88 4 318 68 11 383 58 21 483 26 4 531 9 17 672 64 30 778 8 13 838 73 2
4 9 3e-06 193 6 25 255 24 9 348 29 29 563 98 3 803 80 12 823 90 17 915 39 1 950 90 24 952 11 9
5 9 3e-06 282 83 26 388 53 30 505 33 3 568 14 12 602 7 0 717 82 18 810 18 7 903 78 13 953 45 25
6 9 3e-06 187 37 7 490 50 8 602 45 3 686 38 21 769 74 5 790 78 4 849 13 6 866 48 2 938 73 22
7 9 3e-06 85 5 24 146 47 24 204 33 15 287 87 10 320 32 16 343 88 1 457 23 20 874 77 12 943 51 29
8 9 3e-06 140 68 20 253 18 23 266 57 1 577 9 20 619 89 17 675 33 19 840 32 23 879 68 29 964 39 3
9 9 3e-06 101 64 4 228 41 0 251 89 25 375 76 12 381 79 25 468 4 0 492 14 10 723 39 5 883 90 17
10 9 3e-06 75 60 0 87 12 10 215 20 12 346 90 10 376 3 5 632 31 31 696 84 12 740 34 6 870 62 1
11 9 3e-06 102 51 13 120 99 7 152 48 15 483 91 14 517 49 30 691 17 11 806 40 27 839 53 5 964 81 14
12 9 3e-06 90 5 22 137 57 12 243 57 7 348 60 31 348 92 30 356 37 10 598 74 30 829 92 21 907 76 19
13 9 3e-06 79 1 27 91 77 0 94 2 30 151 96 19 226 71 29 489 81 18 519 2 31 766 12 31 823 86 14
14 9 3e-06 127 48 17 185 98 11 198 58 0 247 30 25 454 79 27 649 87 13 734 36 28 899 21 31 954 56 26
15 9 3e-06 96 14 8 242 39 20 445 91 17 545 8 19 608 16 2 735 1 19 793 40 18 849 9 13 874 60 15
16 9 3e-06 88 9 15 155 24 6 334 51 2 394 85 10 659 28 15 682 6 19 696 80 7 723 49 22 914 11 28
17 9 3e-06 266 62 24 291 5 4 303 29 22 328 89 1 354 40 24 499 43 2 513 89 23 836 21 27 919 92 4
18 9 3e-06 377 25 23 401 61 6 434 13 16 462 66 12 522 70 16 765 42 27 910 56 5 915 14 8 948 56 10
19 9 3e-06 107 86 0 132 42 30 168 21 27 353 63 21 434 1 25 548 26 21 740 88 2 858 19 12 967 20 6
20 9 3e-06 144 82 5 223 39 29 291 61 0 331 57 8 342 67 24 561 3 5 736 66 18 829 32 15 949 23 24
21 9 3e-06 206 16 13 501 35 24 579 97 4 664 68 28 692 28 15 771 83 10 859 53 2 892 60 4 903 4 8
22 9 3e-06 200 69 5 229 87 1 469 4 18 503 15 26 569 94 24 633 1 8 666 47 11 686 7 14 776 51 20
23 9 3e-06 103 73 9 135 19 3 218 9 31 221 91 8 394 3 11 556 32 20 645 28 3 752 27 3 873 65 18
24 9 3e-06 199 91 24 201 3 26 290 91 15 392 6 30 559 98 1 749 58 27 855 63 5 937 63 23 966 93 20
25 9 3e-06 72 44 16 126 56 0 215 13 18 264 62 9 375 0 25 518 45 9 638 99 4 642 18 5 851 87 11
26 9 3e-06 77 81 6 106 62 21 142 49 9 276 9 24 279 57 19 398 47 30 539 13 23 619 44 7 643 64 19
27 9 3e-06 175 25 17 216 27 0 297 34 0 363 2 5 516 97 12 569 52 1 642 74 6 648 53 27 829 15 23
28 9 3e-06 154 33 27 169 98 1 189 7 3 195 43 23 272 53 6 354 43 8 387 45 18 426 16 6 885 64 30
29 9 3e-06 145 90 26 149 20 15 175 63 25 575 10 21 582 26 22 681 41 23 887 100 28 889 73 5 935 20 6
30 9 3e-06 131 81 21 431 54 29 433 16 14 699 42 9 729 88 23 794 54 3 812 70 14 884 90 30 940 18 19
31 9 3e-06 116 19 16 200 97 3 382 1 24 488 59 17 509 42 17 684 30 21 760 7 27 790 48 18 795 5 7
32 9 3e-06 139 96 20 311 46 23 601 23 5 618 77 30 666 3 25 715 90 16 753 33 18 792 95 19 816 17 15
33 9 3e-06 74 78 10 103 93 15 195 55 31 295 25 30 337 27 21 386 81 0 421 79 23 518 6 17 779 61 11
34 9 3e-06 102 28 9 286 88 17 328 9 24 551 33 8 585 65 29 611 85 5 614 78 29 674 46 17 783 52 10
35 9 3e-06 187 67 19 332 21 21 337 1 6 392 9 30 407 63 21 629 82 27 730 28 15 787 72 19 904 58 31
36 9 3e-06 441 5 24 443 94 26 536 47 2 548 68 12 567 71 0 636 18 11 675 32 4 692 61 16 757 46 17
37 9 3e-06 157 54 28 158 6 20 237 87 9 302 83 13 342 96 22 363 13 9 564 0 14 624 56 7 949 53 3
38 9 3e-06 97 72 8 210 81 0 336 4 13 508 97 12 586 50 29 743 29 21 774 30 2 788 14 7 791 72 20
39 9 3e-06 160 17 22 339 71 25 402 11 7 642 72 29 649 80 26 653 79 4 694 97 10 748 95 27 880 1 8
40 9 3e-06 209 30 29 245 40 12 246 91 10 376 72 2 416 78 9 517 31 28 692 49 16 743 86 29 850 76 0
41 9 3e-06 175 39 0 205 70 18 573 40 11 690 60 29 694 8 5 701 27 0 739 23 14 773 52 2 857 30 26
42 9 3e-06 128 5 24 246 68 3 302 56 22 331 71 22 473 29 24 569 34 15 578 96 0 834 36 2 925 92 7
43 9 3e-06 262 10 7 448 25 1 516 50 31 517 87 15 653 99 20 704 17 1 791 63 1 801 89 11 861 68 9
44 9 3e-06 153 50 23 169 3 29 404 66 18 523 82 11 541 99 3 742 55 5 821 17 13 856 63 12 861 69 12
45 9 3e-06 79 47 29 195 46 18 303 85 1 412 93 11 455 83 0 479 58 30 626 93 5 812 9 23 835 42 7
46 9 3e-06 176 97 1 189 8 13 238 5 31 322 60 29 442 72 23 519 47 17 545 32 9 624 78 4 755 83 2
47 9 3e-06 82 27 28 192 18 4 225 43 0 330 35 4 372 75 24 530 77 11 834 45 21 844 45 3 878 11 6
48 9 3e-06 111 64 8 132 54 12 184 40 13 455 37 5 483 98 21 717 65 6 794 70 17 916 74 6 945 11 0
49 9 3e-06 120 77 13 179 65 6 211 29 11 257 80 8 447 1 4 552 30 21 779 33 22 904 89 29 959 88 5
50 9 3e-06 144 40 29 190 54 8 300 86 23 330 1 7 340 23 22 557 19 26 711 88 27 840 34 16 865 85 4
51 9 3e-06 156 7 3 435 34 4 462 83 0 543 73 22 632 65 28 713 38 10 732 78 11 758 55 26 848 81 30
52 9 3e-06 143 31 26 214 54 13 260 61 14 396 65 3 483 100 18 803 66 28 824 13 30 881 90 20 941 78 19
53 9 3e-06 119 93 19 135 99 6 268 64 14 293 17 4 417 82 25 526 92 5 743 89 12 749 82 3 819 75 25
54 9 3e-06 98 16 27 112 33 15 618 48 25 634 10 1 668 23 14 693 29 14 734 40 1 762 26 5 848 46 18
55 9 3e-06 124 75 13 234 91 17 399 13 18 477 1 28 550 51 9 855 87 15 867 8 21 891 84 18 943 66 4
56 9 3e-06 79 63 25 338 45 4 380 86 4 399 35 0 436 32 30 680 82 23 740 48 20 904 50 1 904 58 20
57 9 3e-06 123 90 20 149 43 27 209 61 3 287 23 28 352 89 1 587 38 3 666 36 25 797 4 11 852 84 13
58 9 3e-06 177 17 27 198 52 7 263 99 14 473 43 15 475 91 22 592 23 31 770 63 21 880 63 27 892 20 18
59 9 3e-06 120 9 11 314 89 22 363 87 16 406 46 9 604 20 22 675 37 10 697 83 26 851 85 31 938 98 27
60 9 3e-06 151 36 16 236 9 2 239 95 30 333 38 1 357 72 30 363 18 23 557 33 31 691 66 25 717 71 17
61 9 3e-06 143 21 12 220 82 16 294 53 27 474 30 11 521 94 12 704 20 29 720 28 23 931 39 9 938 100 14
62 9 3e-06 215 10 17 270 37 5 301 99 2 369 44 19 508 50 3 509 81 3 570 61 5 704 93 0 911 97 3
63 9 3e-06 126 55 31 185 96 9 222 82 10 429 47 5 482 2 17 563 99 16 572 65 4 604 31 23 831 37 9
64 9 3e-06 101 0 22 240 25 8 422 61 10 500 30 29 536 87 19 594 52 13 609 40 14 770 53 3 878 42 29
65 9 3e-06 376 77 26 499 95 10 538 24 28 788 52 31 836 10 29 888 81 26 910 93 5 912 84 25 917 89 23
66 9 3e-06 109 25 25 130 20 4 427 100 13 429 100 3 541 32 11 581 69 15 592 72 6 601 93 1 787 75 7
67 9 3e-06 89 42 26 98 29 2 292 43 27 312 28 25 489 97 16 537 66 24 715 20 3 770 87 22 840 79 8
68 9 3e-06 82 15 15 154 52 25 217 92 22 398 26 19 462 69 4 493 74 28 643 16 6 662 4 2 762 48 15
69 9 3e-06 90 87 4 383 54 9 444 62 18 547 28 20 602 81 29 712 57 0 728 67 13 847 78 9 953 24 30
70 9 3e-06 73 85 4 88 6 6 96 44 17 274 71 25 294 93 27 608 31 24 776 36 9 794 44 30 949 5 2
71 9 3e-06 102 18 18 132 27 8 186 46 26 235 25 14 371 24 24 374 7 17 407 77 23 602 53 1 619 62 4
72 9 3e-06 237 0 14 253 1 29 346 80 17 399 65 11 558 78 10 577 15 30 589 92 13 677 4 11 867 28 26
73 9 3e-06 73 94 8 356 24 21 358 4 7 416 80 16 419 10 11 422 38 29 611 30 16 710 76 30 825 92 29
74 9 3e-06 117 52 9 404 4 7 568 58 13 631 25 21 743 52 20 753 15 11 758 90 1 840 54 19 929 88 23
75 9 3e-06 79 90 27 192 1 15 264 68 30 364 28 29 389 85 25 468 7 1 660 3 20 753 11 2 754 68 8
76 9 3e-06 285 0 17 320 79 13 740 33 17 757 26 23 808 10 8 868 81 21 894 5 5 899 40 20 916 74 19
77 9 3e-06 82 57 10 86 8 3 186 73 26 249 94 11 441 26 21 731 2 1 827 60 23 840 48 23 944 71 12
78 9 3e-06 130 65 7 135 26 10 202 81 1 464 86 31 531 96 25 670 43 27 688 12 30 694 41 23 753 85 23
79 9 3e-06 115 66 23 182 55 23 245 60 11 276 27 31 294 79 22 393 92 13 400 74 4 679 76 14 719 15 28
80 9 3e-06 72 71 11 173 43 9 318 18 2 335 93 9 406 63 18 435 13 25 598 10 21 684 2 30 813 99 14
81 9 3e-06 90 99 29 99 97 16 287 83 18 293 55 22 490 40 4 589 24 24 741 21 18 798 38 8 932 83 4
82 9 3e-06 181 55 29 262 84 5 346 24 7 375 0 21 596 33 17 653 3 17 659 22 12 871 47 8 944 68 12
83 9 3e-06 165 37 19 202 24 19 348 15 19 411 85 18 420 61 11 609 97 4 637 47 4 717 89 13 916 38 26
84 9 3e-06 94 61 15 187 6 13 236 80 15 272 68 3 291 32 28 314 73 6 323 58 4 525 48 18 886 89 13
85 9 3e-06 289 44 3 337 7 23 361 72 7 409 19 8 560 35 15 680 62 17 810 44 9 818 9 6 863 8 6
86 9 3e-06 232 38 17 233 94 26 471 89 22 621 96 28 630 90 5 659 63 6 712 34 31 727 49 9 781 77 1
87 9 3e-06 104 26 26 106 69 20 160 4 25 263 54 5 705 32 8 751 12 21 770 70 25 875 6 21 892 54 22
88 9 3e-06 191 41 25 276 53 3 449 41 13 588 43 21 695 20 27 740 87 3 844 20 12 869 87 5 948 50 1
89 9 3e-06 106 93 15 146 73 7 312 94 0 377 64 11 379 58 15 417 9 2 587 59 28 682 96 13 960 88 1
90 9 3e-06 419 17 16 504 54 22 621 2 19 707 23 29 711 63 29 788 80 16 831 17 25 873 72 7 910 74 21
91 9 3e-06 205 23 1 405 74 20 416 77 14 425 58 22 476 52 11 663 12 5 782 29 20 789 1 13 902 44 19
92 9 3e-06 113 86 23 155 9 24 464 30 4 476 19 14 534 55 17 595 93 6 607 59 16 796 72 19 858 34 6
93 9 3e-06 207 78 25 208 79 1 268 27 31 367 44 3 473 64 10 503 75 14 624 98 4 635 71 19 722 31 31
94 9 3e-06 238 94 13 313 28 31 542 37 22 567 91 7 687 56 26 804 50 6 818 88 29 933 70 15 944 39 29
95 9 3e-06 306 78 21 361 82 2 506 45 22 531 13 18 616 84 10 647 66 13 653 94 5 847 39 19 890 43 13
96 9 3e-06 166 15 31 277 6 3 363 7 6 405 54 21 485 53 0 487 56 15 523 53 27 870 14 1 965 71 2
97 9 3e-06 299 44 2 302 11 16 303 67 17 497 81 23 645 99 8 862 5 9 904 16 26 926 69 0 942 98 5
98 9 3e-06 160 76 23 219 1 2 219 85 27 353 35 4 368 46 30 604 92 29 650 62 4 850 3 14 950 55 3
99 9 3e-06 232 37 2 579 87 11 580 94 26 707 13 21 715 57 9 759 37 3 764 13 13 795 14 4 915 65 21
100 29 1e-05 91 14 0 175 23 9 183 15 10 214 52 26 219 92 2 246 95 29 276 79 24 308 58 11 359 29 13 366 99 24 433 24 17 473 75 31 497 11 14 563 24 6 571 76 18 608 99 12 640 49 23 678 15 2 719 30 18 733 96 18 765 90 5 773 22 9 784 10 29 804 90 6 811 61 15 876 68 29 883 39 2 936 10 27 955 75 21
101 29 1e-05 87 52 23 88 56 3 110 49 5 159 35 19 175 40 10 178 4 1 207 1 29 276 56 26 290 73 25 364 8 7 367 66 17 395 53 13 395 89 24 399 2 26 408 57 12 415 16 1 435 6 7 444 69 28 457 52 8 479 26 20 498 86 19 513 49 19 551 65 25 632 93 10 734 87 14 737 78 5 757 38 6 794 29 25 908 22 29
102 29 1e-05 76 71 31 82 88 28 93 60 30 123 17 26 220 15 11 253 6 26 260 34 5 271 59 25 327 79 15 348 47 11 362 71 19 364 87 20 370 16 11 409 79 9 481 2 18 496 59 27 517 39 8 533 32 3 536 15 16 574 0 11 586 86 14 587 20 19 639 83 30 692 17 26 724 25 24 816 83 28 847 53 12 858 86 13 930 9 0
103 29 1e-05 91 41 17 112 85 24 143 31 25 162 75 2 209 78 1 218 59 8 258 69 8 267 33 4 289 37 11 294 31 1 329 94 27 337 98 26 348 55 17 499 41 24 536 91 8 541 100 21 593 55 27 601 90 29 682 24 4 694 26 14 776 70 16 786 34 23 807 49 21 825 22 31 882 98 7 890 88 8 896 32 10 945 90 26 950 95 20
104 29 1e-05 88 4 8 109 13 19 171 46 13 214 37 15 227 55 0 242 72 6 369 34 17 469 68 20 473 89 2 515 17 4 530 31 12 546 95 19 579 2 12 603 91 9 608 22 0 644 58 31 672 41 29 673 17 17 692 78 24 820 68 15 821 9 4 837 25 1 880 38 14 887 3 7 897 78 11 905 50 27 925 82 10 945 80 4 950 53 11
105 29 1e-05 150 64 27 150 85 11 163 39 5 188 98 7 197 69 3 224 100 24 259 83 22 338 86 16 357 9 10 359 46 22 366 82 16 426 26 4 463 4 28 471 39 31 482 86 12 497 87 26 566 21 25 625 53 23 627 46 2 631 39 15 709 37 30 797 95 20 830 55 10 840 36 23 854 61 24 857 50 2 874 40 28 926 75 14 941 70 21
106 29 1e-05 167 94 24 168 52 0 209 19 18 214 85 6 222 65 16 233 31 6 250 73 0 316 43 18 330 34 19 349 44 18 384 67 11 389 91 19 473 67 3 491 58 0 502 34 11 507 73 16 556 60 9 626 93 11 679 30 31 687 8 14 726 92 29 757 15 1 779 98 14 804 38 25 860 84 1 864 65 10 910 40 19 927 40 20 932 73 7
107 29 1e-05 112 71 12 139 14 14 171 13 1 171 75 30 183 56 17 233 79 17 237 61 30 284 60 23 320 81 22 383 88 31 388 49 6 394 6 13 455 60 19 625 40 0 674 91 15 681 0 11 701 17 14 737 5 2 746 7 11 827 41 22 836 61 3 868 8 9 891 19 28 897 40 21 902 21 10 921 14 15 931 52 7 956 41 3 958 56 9
108 29 1e-05 88 76 10 95 94 10 103 24 16 133 65 0 141 33 17 201 57 25 218 67 16 234 92 29 308 47 29 308 83 14 352 13 27 420 73 20 426 71 24 520 82 12 567 28 30 605 91 11 631 35 0 640 73 1 642 16 6 707 27 26 743 48 1 804 83 6 805 5 14 833 5 1 834 69 12 862 44 14 913 31 31 915 23 30 929 65 2
109 29 1e-05 78 22 21 110 90 27 127 47 1 138 20 7 144 97 10 227 30 25 227 34 22 253 30 16 297 53 22 305 93 6 326 80 0 346 76 0 468 97 5 487 80 8 541 20 3 542 6 16 575 13 7 598 28 16 647 68 28 652 61 16 714 68 4 728 74 20 729 58 2 753 8 18 779 68 16 886 31 22 916 66 11 930 6 21 958 26 7
110 29 1e-05 93 52 23 140 9 11 143 7 3 175 2 29 217 84 27 221 8 31 221 88 18 243 78 9 253 55 1 259 48 21 259 76 0 269 64 15 272 13 19 333 84 15 381 73 21 389 4 24 469 19 5 501 68 8 503 56 22 615 72 26 645 90 27 676 57 23 705 32 6 805 86 0 853 61 28 877 5 19 919 38 28 919 92 25 927 75 20
111 29 1e-05 104 10 6 132 59 1 156 83 14 165 20 27 222 69 13 225 5 4 254 9 28 307 72 12 353 98 4 397 78 27 398 2 21 434 8 18 442 99 9 462 47 9 475 87 31 477 85 15 503 0 25 576 35 0 594 62 22 599 32 7 606 41 2 634 62 1 652 37 15 675 27 23 713 94 29 779 87 5 852 50 6 933 60 2 945 78 9
112 29 1e-05 88 6 23 97 93 8 129 88 3 147 16 20 173 54 31 194 71 16 247 14 30 300 7 27 321 27 2 324 11 22 333 85 19 357 0 15 415 20 18 534 97 0 578 52 14 578 75 28 580 99 27 598 19 19 642 5 25 680 62 27 683 46 24 686 46 10 702 54 7 751 95 11 787 74 28 853 87 22 879 89 31 947 78 2 950 17 10
113 29 1e-05 73 61 9 79 47 5 103 28 23 177 26 27 191 10 30 212 3 2 229 79 18 263 20 22 301 29 27 306 0 4 330 7 11 338 28 1 345 97 14 372 13 30 393 63 21 445 99 11 504 94 27 611 55 16 611 66 0 636 52 19 652 29 19 655 49 8 696 89 9 714 48 25 745 98 2 752 90 0 813 13 28 836 87 18 866 95 13
114 29 1e-05 109 38 25 145 23 25 163 59 2 170 79 4 185 54 9 244 95 3 305 38 6 348 60 30 367 83 2 380 45 18 382 87 16 385 14 27 437 24 18 455 2 0 457 50 4 503 1 27 552 53 3 556 15 14 557 75 1 700 39 22 709 16 4 752 70 15 757 3 1 769 83 16 786 69 5 823 93 11 906 76 20 908 69 2 933 77 14
115 29 1e-05 172 100 5 188 34 27 190 17 28 267 42 4 295 48 7 317 33 25 318 16 12 324 94 3 346 18 21 399 11 15 406 37 1 504 28 7 528 32 18 584 10 27 593 1 4 647 44 25 695 65 26 705 74 4 726 26 12 733 60 17 820 25 10 830 98 3 852 24 19 854 84 4 919 91 3 921 87 31 925 68 12 927 95 15 942 90 26
116 29 1e-05 96 1 27 101 64 14 104 72 25 116 95 7 136 43 6 170 63 9 214 90 11 241 95 24 253 11 29 263 43 4 307 34 28 311 70 3 313 29 27 315 15 30 366 54 3 371 85 3 412 74 1 413 84 16 476 84 29 582 97 30 592 25 2 626 93 18 639 16 10 781 47 10 826 35 23 831 35 22 847 92 24 929 83 2 966 60 21
117 29 1e-05 141 39 5 218 93 26 249 20 20 308 20 26 333 5 21 341 87 11 386 35 10 393 13 23 421 46 11 423 46 16 425 70 30 461 91 3 473 14 1 486 27 13 515 43 8 521 60 10 528 31 8 591 28 28 614 48 16 620 36 16 651 67 17 662 89 16 666 22 22 710 18 4 740 42 11 795 100 3 834 99 6 889 15 18 891 11 28
118 29 1e-05 84 58 0 86 87 22 97 97 2 105 40 25 140 30 21 184 70 21 255 58 15 268 0 23 270 37 24 274 75 11 292 41 6 387 46 15 408 41 17 463 28 10 554 63 16 618 27 15 647 21 0 647 37 1 675 7 19 723 32 25 757 35 2 788 37 31 801 27 5 806 43 21 811 32 12 859 76 13 863 70 22 864 90 16 913 42 1
119 29 1e-05 110 71 8 114 33 13 128 34 17 149 42 18 178 35 3 181 43 28 181 51 19 251 52 31 321 45 18 342 6 25 370 22 28 422 82 18 479 67 28 513 64 25 553 14 4 578 18 20 582 69 29 593 75 23 602 33 11 642 2 29 655 82 1 664 37 26 697 7 14 741 5 21 760 82 4 794 6 26 834 37 7 886 62 3 942 12 4
120 29 1e-05 112 60 14 129 21 5 131 44 29 142 60 17 143 4 22 153 7 18 157 24 19 165 41 14 182 40 14 224 64 7 243 28 5 244 27 3 275 8 12 277 34 26 292 4 8 420 46 2 447 21 26 466 56 23 532 99 13 573 30 30 591 83 27 601 12 13 602 16 22 641 22 9 712 83 31 712 96 26 808 52 17 814 19 4 829 0 13
121 29 1e-05 122 32 9 139 18 13 201 69 19 281 2 14 303 38 12 324 59 30 329 34 26 421 34 12 424 27 10 474 19 12 494 40 12 496 2 8 557 80 22 575 22 3 582 41 26 590 18 29 594 88 26 636 94 5 641 75 28 736 66 16 744 27 7 755 74 25 788 73 6 810 82 23 834 60 4 842 68 10 859 13 17 896 56 10 906 96 16
122 29 1e-05 102 93 25 117 77 30 154 13 30 204 95 1 280 0 6 293 5 29 318 71 0 320 49 16 337 20 19 405 24 22 423 26 25 487 22 8 518 55 11 532 12 30 554 61 14 559 74 7 561 64 27 565 33 15 588 84 22 610 87 23 634 35 5 665 30 25 774 85 17 780 20 5 860 37 23 887 43 12 950 75 2 960 25 28 963 41 18
123 29 1e-05 127 58 0 145 19 2 146 72 19 184 1 6 193 50 18 234 21 10 240 94 8 263 5 15 277 54 30 338 9 23 373 81 1 400 70 17 473 29 0 477 73 17 501 20 10 571 73 7 581 0 22 607 5 25 646 86 11 658 42 31 672 25 0 695 55 26 705 92 3 743 25 8 749 50 28 775 65 9 796 9 31 812 100 11 933 15 25
124 29 1e-05 101 36 21 101 56 5 161 93 30 206 23 25 228 94 7 271 9 26 278 11 6 285 13 21 312 65 30 357 45 25 388 6 6 476 76 25 497 6 4 532 2 13 541 69 14 546 31 9 582 17 4 592 77 10 597 34 18 605 82 10 607 98 12 618 53 30 688 90 12 740 34 1 756 5 8 785 28 10 870 17 17 888 21 1 920 81 5
125 29 1e-05 154 7 21 160 11 20 170 54 8 215 11 5 274 37 0 297 59 30 299 0 8 350 89 30 364 73 2 376 29 15 390 95 3 394 87 20 417 62 10 429 16 26 443 29 4 513 13 12 535 13 29 569 87 5 606 59 11 616 20 28 624 65 0 630 29 28 650 66 23 673 49 28 677 20 8 688 77 26 733 86 31 798 81 19 915 7 24
126 29 1e-05 77 47 17 97 83 0 152 61 25 153 33 19 177 7 13 182 92 2 195 24 8 204 90 6 406 89 23 424 78 2 448 97 27 463 2 2 481 100 28 485 32 9 544 64 26 553 47 2 575 91 16 621 70 17 671 39 23 680 17 1 760 68 22 777 62 27 779 62 31 787 68 0 842 9 23 846 18 23 911 43 20 913 51 16 949 79 14
127 29 1e-05 72 10 20 82 48 4 111 17 21 127 25 16 131 55 1 176 66 29 267 31 10 313 15 28 322 52 10 338 73 5 346 54 12 436 45 11 436 69 29 451 33 15 463 95 10 465 47 12 470 63 28 489 97 9 538 66 3 579 65 24 630 70 15 637 38 12 652 56 10 656 59 9 726 9 6 773 78 18 777 52 29 922 25 24 925 70 22
128 29 1e-05 124 13 28 205 87 0 246 85 18 293 92 0 299 12 14 349 19 16 361 100 29 424 38 27 439 22 29 455 54 17 500 6 24 539 4 14 610 23 13 625 79 10 678 82 13 681 41 19 705 74 22 729 33 9 749 95 30 753 60 15 835 71 8 848 16 2 867 35 3 877 55 30 893 93 3 894 66 15 916 0 2 936 62 10 956 37 18
129 29 1e-05 77 93 27 93 67 26 103 76 11 114 26 19 173 61 30 192 50 4 199 91 11 267 83 22 336 12 6 359 61 27 362 88 2 456 99 13 475 89 0 600 7 1 640 30 7 659 81 26 672 88 30 723 64 22 727 91 6 750 54 0 798 62 14 813 72 0 845 6 10 857 56 13 919 85 15 939 22 4 939 61 10 964 23 28 966 45 3
130 29 1e-05 93 15 4 93 45 14 93 83 29 112 6 31 125 85 9 130 24 25 149 48 31 215 52 29 232 89 27 295 31 12 296 90 22 313 51 2 340 72 28 366 52 7 442 66 8 455 94 14 459 33 24 538 71 14 565 57 30 677 62 25 718 10 10 754 6 7 793 20 4 855 46 6 880 44 21 918 21 17 928 74 9 943 52 17 953 14 29
131 29 1e-05 95 34 18 97 79 19 148 76 22 186 68 5 224 30 16 233 15 31 257 48 27 312 94 13 361 58 25 378 100 1 417 67 13 542 94 25 558 85 10 561 3 14 594 11 26 622 78 20 631 79 15 668 40 13 682 82 10 705 43 2 736 15 1 742 89 7 746 88 18 756 81 0 793 37 11 796 40 25 845 92 6 889 0 15 893 68 2
132 29 1e-05 133 18 0 161 98 6 178 93 3 179 28 14 182 36 10 248 67 18 276 64 13 377 67 0 389 66 27 395 35 5 416 94 11 437 85 31 438 64 0 439 43 17 521 87 21 528 10 22 533 31 29 547 72 1 556 7 29 574 47 28 635 55 29 654 59 6 658 21 27 683 24 7 685 81 20 728 98 30 816 87 19 878 47 0 967 42 26
133 29 1e-05 89 9 7 90 28 0 99 67 6 146 63 13 250 40 30 269 50 23 327 0 0 380 23 5 411 70 12 413 91 30 429 68 3 445 29 2 445 43 20 446 30 3 469 87 2 508 8 13 509 35 10 545 17 19 585 27 1 698 1 16 725 76 12 800 11 24 816 65 22 840 4 24 862 55 14 917 75 0 928 63 13 953 15 19 956 92 20
134 29 1e-05 100 99 20 104 90 13 151 55 3 235 9 8 266 3 18 288 95 1 307 69 22 318 16 11 347 73 23 390 43 8 448 5 25 450 30 25 452 71 28 459 75 31 516 57 16 564 39 0 626 13 28 637 95 3 646 2 10 731 25 16 749 73 0 790 5 25 827 45 20 864 49 7 886 59 7 889 80 12 904 56 5 905 87 4 962 100 4
135 29 1e-05 151 79 5 154 1 26 187 68 17 207 80 18 238 48 27 248 82 6 260 22 29 281 40 31 346 14 13 482 54 22 507 4 22 544 70 17 559 62 15 576 9 23 593 73 25 594 23 19 631 56 16 640 87 2 657 85 23 674 96 8 680 64 17 685 79 5 686 71 22 717 92 30 722 94 10 761 30 15 769 64 14 791 93 3 928 88 12
136 29 1e-05 144 97 1 180 62 4 187 21 23 254 28 26 291 7 7 327 18 20 362 29 28 364 51 26 367 87 3 392 29 19 406 91 10 410 3 29 449 62 15 501 69 11 542 8 1 597 60 17 613 79 4 619 71 6 651 17 15 690 14 13 691 47 1 748 93 25 761 22 30 829 41 15 833 35 3 848 3 16 855 2 24 911 64 29 950 75 2
137 29 1e-05 85 75 16 93 6 22 96 29 25 155 20 11 181 67 22 218 5 23 235 90 28 327 19 17 389 56 22 423 19 2 462 24 28 462 88 28 480 69 18 512 38 26 547 31 10 590 18 10 680 2 3 730 75 14 735 21 15 745 22 31 751 12 28 763 87 29 797 62 8 818 94 14 828 82 4 829 30 18 844 47 25 878 74 27 939 81 2
138 29 1e-05 124 42 14 235 74 18 258 22 12 281 17 14 287 73 24 343 28 23 369 2 27 431 5 11 434 39 16 443 12 1 486 55 17 544 68 10 592 100 5 594 27 26 601 35 26 604 26 21 616 34 23 639 33 1 670 4 17 691 11 1 719 99 9 791 9 20 811 9 16 860 20 4 905 68 6 946 80 16 953 62 19 958 59 26 963 61 19
139 29 1e-05 112 76 29 160 83 9 192 70 7 206 57 8 226 58 25 233 100 14 248 23 26 302 10 22 310 20 11 333 81 4 343 96 23 414 78 27 423 45 23 460 91 12 489 1 22 492 31 5 494 17 18 512 64 1 525 11 12 574 70 5 587 3 0 641 86 14 757 76 26 781 81 28 835 15 31 841 52 2 842 93 20 885 89 4 933 50 25
140 29 1e-05 190 86 4 207 76 27 265 25 16 288 96 1 314 88 10 332 22 22 368 41 4 379 23 12 381 100 12 389 78 16 395 20 11 403 59 12 417 21 20 450 68 25 456 24 15 529 14 23 609 16 3 702 10 30 727 100 25 728 48 1 728 69 11 768 52 19 800 11 22 801 85 31 834 60 12 845 65 19 910 29 29 922 93 17 924 57 25
141 29 1e-05 73 25 8 174 8 26 181 6 1 192 99 18 240 4 0 283 82 0 286 66 19 307 3 13 309 5 31 318 59 27 384 64 7 385 100 23 433 9 28 502 45 18 521 97 6 525 82 6 560 9 16 573 94 28 588 49 12 666 39 6 719 13 10 784 13 16 796 37 26 805 99 15 824 3 14 842 31 23 850 68 7 936 5 1 952 10 23
142 29 1e-05 73 7 8 96 32 25 97 88 5 101 65 2 108 61 12 123 76 7 195 11 7 228 90 10 283 31 17 284 72 16 309 7 5 385 99 8 436 67 20 538 5 13 542 36 17 620 35 22 636 7 14 638 76 1 683 34 10 711 82 8 718 96 18 723 4 6 744 98 17 772 51 0 778 67 5 787 85 26 807 51 5 818 88 2 912 85 16
143 29 1e-05 72 53 0 89 3 6 97 57 10 131 52 23 168 64 28 251 66 15 304 20 18 329 33 29 397 81 15 416 76 25 420 1 28 425 25 12 463 13 30 609 97 7 612 22 20 617 44 12 623 28 31 640 81 11 702 42 26 739 75 1 740 42 7 781 82 13 818 90 0 851 67 17 880 18 0 912 44 11 915 71 29 948 98 15 959 4 9
144 29 1e-05 102 97 27 165 40 10 166 74 4 217 96 27 218 45 24 221 19 16 228 97 26 267 10 17 284 96 21 321 81 0 333 92 18 437 37 2 439 11 31 447 90 17 595 8 11 622 57 6 655 14 19 658 69 8 673 25 14 678 92 17 694 75 24 726 94 8 753 98 23 785 78 31 805 18 12 821 95 15 835 55 7 849 73 9 866 15 14
145 29 1e-05 87 16 15 242 45 18 255 60 12 296 97 21 309 81 25 325 46 15 429 27 25 445 49 11 498 6 5 507 81 12 529 91 13 553 84 2 569 45 28 582 59 25 606 1 13 625 99 6 642 82 13 658 50 3 680 79 28 760 50 26 814 95 5 827 58 30 839 7 8 842 43 13 893 17 9 896 43 1 918 17 7 918 90 24 963 53 9
146 29 1e-05 91 47 7 137 56 14 137 89 18 197 47 17 198 7 22 202 3 2 214 12 29 234 41 8 275 71 27 307 57 11 330 0 9 340 66 22 349 96 6 350 19 2 362 7 27 446 4 14 509 66 12 538 42 25 564 15 31 642 7 3 687 48 20 700 84 5 706 70 23 756 59 31 762 12 8 819 6 11 853 24 29 915 31 31 948 62 15
147 29 1e-05 164 54 12 177 47 18 211 82 24 257 20 7 322 82 30 403 74 10 424 78 2 446 64 0 468 13 25 484 78 30 496 51 17 574 19 24 590 35 8 602 77 21 644 59 22 647 69 16 679 100 14 711 5 24 716 65 13 767 83 3 791 27 19 837 97 28 849 46 17 852 68 27 857 96 11 860 68 13 884 94 4 894 12 1 919 72 25
148 29 1e-05 101 76 4 124 29 11 155 51 16 198 95 12 218 12 11 390 30 12 425 97 26 456 67 18 460 86 8 506 84 29 520 69 10 591 0 9 629 73 30 653 23 11 656 7 27 656 82 7 673 73 14 681 40 28 711 11 13 713 57 26 717 44 10 774 77 7 776 73 27 781 5 13 833 35 17 844 7 7 882 66 31 943 69 18 964 56 29
149 29 1e-05 97 37 8 98 60 18 104 60 31 142 41 9 163 97 20 193 16 13 194 57 26 221 59 20 255 14 30 256 41 24 284 100 6 319 4 1 339 35 18 342 56 5 345 57 31 348 100 29 460 69 24 496 65 26 537 84 0 611 31 2 628 44 25 640 55 15 735 58 14 738 51 15 787 99 14 800 43 25 887 100 6 899 37 4 911 48 0
150 29 1e-05 78 83 20 128 90 10 208 46 13 254 32 19 261 65 15 286 82 29 298 2 6 334 85 31 435 62 1 452 40 13 474 6 24 517 99 29 531 11 16 565 66 8 572 36 18 599 76 22 609 62 15 630 56 9 631 91 5 690 51 31 709 29 19 716 10 8 801 26 17 838 33 14 860 26 20 865 89 5 921 15 19 938 49 17 967 43 25
151 29 1e-05 155 78 1 164 7 6 181 25 29 200 89 2 202 85 26 217 81 29 291 17 25 327 40 7 349 15 26 358 79 1 375 19 19 381 100 19 386 37 8 408 27 15 420 57 7 424 73 11 448 81 30 519 91 1 539 62 4 566 1 4 660 73 24 704 33 9 727 71 26 809 25 23 826 44 29 838 3 14 859 1 22 864 13 2 965 67 6
152 29 1e-05 113 81 20 127 68 11 189 44 27 199 54 18 211 19 27 258 70 1 275 65 14 321 91 0 328 20 2 329 52 3 350 4 0 428 86 23 520 94 19 558 13 25 570 51 21 606 27 9 611 82 2 658 3 1 686 75 5 688 15 5 741 13 5 741 50 25 755 77 23 810 42 15 811 81 2 870 90 29 888 35 11 917 88 5 947 42 9
153 29 1e-05 76 42 28 110 64 12 175 47 29 267 1 5 311 67 13 365 76 1 377 41 14 389 93 8 470 65 17 473 48 11 497 58 2 524 73 4 564 35 17 578 26 31 587 36 30 616 46 5 652 51 22 689 86 18 710 15 8 719 47 22 735 52 30 739 100 0 756 6 13 759 70 6 762 42 22 819 51 29 836 56 9 843 32 24 850 73 9
154 29 1e-05 95 64 22 122 43 24 180 6 28 185 5 19 296 11 25 333 50 5 384 70 5 438 14 17 446 95 23 534 65 14 637 53 2 653 53 31 662 1 13 697 0 6 697 81 9 699 86 12 719 78 22 743 12 28 747 45 15 747 49 15 756 92 14 774 79 14 797 15 23 830 40 27 895 54 19 919 1 6 930 14 19 944 31 3 963 37 3
155 29 1e-05 76 69 22 81 85 15 101 21 13 143 81 18 154 60 29 289 31 24 314 19 20 419 77 27 443 65 19 498 65 13 501 90 23 558 15 1 640 48 13 647 53 20 655 13 16 736 13 27 742 67 0 764 73 11 781 10 14 803 96 9 817 75 27 826 91 11 833 51 2 848 21 7 889 41 17 892 13 22 902 13 1 910 47 26 921 17 21
156 29 1e-05 142 25 23 153 62 20 168 3 4 180 66 18 185 99 27 238 33 5 269 99 6 297 45 30 298 5 21 330 72 1 342 15 2 378 74 29 387 14 15 425 8 0 450 45 23 486 70 19 524 15 19 525 44 10 557 51 11 589 80 4 593 55 11 628 2 5 673 62 4 767 55 9 875 51 26 905 80 16 924 60 30 927 1 27 967 45 10
157 29 1e-05 115 100 27 202 86 31 203 29 14 222 75 9 288 43 5 291 3 5 302 77 9 404 34 23 412 14 2 422 90 5 503 15 10 504 27 8 507 0 16 515 43 20 554 2 12 567 23 22 578 19 26 590 48 18 658 84 1 713 23 22 723 80 11 763 47 3 787 87 16 794 40 6 806 83 5 833 80 7 855 23 22 920 89 15 952 24 28
158 29 1e-05 110 66 11 112 75 22 134 8 26 188 75 7 225 67 17 236 86 15 242 17 23 249 0 24 284 11 24 293 33 14 329 60 6 403 88 2 444 81 24 459 0 26 462 48 13 563 87 14 573 87 8 591 15 16 631 34 28 637 77 6 688 22 22 692 23 3 746 96 28 819 5 23 863 83 30 867 36 4 874 95 30 930 50 16 945 63 12
159 29 1e-05 82 24 29 108 23 5 142 42 24 184 39 6 220 44 5 251 3 8 270 81 20 302 46 11 354 71 31 432 81 19 451 9 0 456 73 7 495 82 23 554 5 28 597 51 25 608 32 4 627 64 25 657 81 13 676 60 15 676 82 4 710 73 27 750 94 10 767 85 2 779 99 2 789 52 11 876 1 20 886 36 2 938 48 30 956 61 19
160 87 3e-05 87 33 25 98 5 17 117 92 21 128 77 10 147 5 20 152 56 26 172 85 14 176 55 17 182 93 18 187 14 15 190 41 26 197 90 7 200 15 14 202 11 17 203 33 28 241 39 24 251 54 2 256 72 9 272 3 26 277 1 23 286 71 22 300 21 10 307 28 7 322 84 1 368 59 11 370 64 7 380 8 5 381 30 20 383 18 18 385 56 30 414 59 12 416 90 16 419 58 9 420 19 3 423 31 16 423 94 13 437 34 30 453 54 5 455 48 25 458 73 8 460 93 12 466 62 12 466 69 3 467 61 19 468 8 8 471 80 9 479 78 5 481 68 31 482 15 31 490 62 1 494 51 11 509 11 22 510 50 28 527 78 29 540 10 16 569 79 17 589 4 6 599 96 0 620 44 12 631 65 0 640 84 17 643 78 28 657 40 27 675 61 16 686 10 14 727 78 5 737 84 28 749 18 12 750 97 8 752 29 23 766 20 2 792 65 30 808 92 21 815 82 19 818 36 6 842 74 16 848 92 11 875 17 19 878 10 31 885 4 27 910 78 24 918 70 14 919 88 26 947 100 6 949 87 14 958 12 20 960 83 27
161 87 3e-05 95 12 27 95 23 27 96 32 21 109 77 14 116 5 29 118 86 30 126 6 15 128 26 2 139 24 9 140 48 24 150 32 6 172 57 31 174 31 28 207 40 4 212 15 4 225 53 4 229 58 22 231 52 16 246 60 4 249 27 6 255 42 26 257 74 15 277 76 27 280 51 0 295 73 5 296 60 6 302 83 9 331 40 15 345 84 2 351 51 5 360 80 6 374 55 8 386 63 19 406 83 8 414 50 31 426 77 19 430 22 20 442 42 17 447 80 15 453 1 10 466 14 16 471 19 3 480 65 4 497 22 10 502 25 24 503 16 12 528 83 12 532 12 21 547 65 8 547 67 5 558 22 31 579 57 9 582 41 5 586 97 17 598 72 20 613 84 31 619 46 26 709 18 9 731 97 15 737 28 22 739 94 30 741 0 25 762 8 2 783 38 28 784 97 3 786 69 7 794 27 8 828 95 31 829 25 24 835 45 8 837 38 21 842 96 16 853 67 20 862 22 1 867 32 11 867 44 0 870 96 6 875 81 1 880 22 15 885 92 16 888 14 17 891 3 8 895 0 22 933 35 18 952 31 23 964 25 13 964 25 23
162 87 3e-05 80 32 20 97 11 11 98 27 28 99 14 5 109 78 6 112 1 19 119 15 2 139 86 25 144 57 23 149 76 28 163 30 3 169 75 12 174 77 26 175 15 20 177 36 13 215 96 28 220 93 25 228 72 4 234 77 2 261 44 12 269 75 24 273 89 11 275 38 20 277 5 30 279 99 13 294 48 11 294 84 17 297 72 10 310 24 11 316 59 31 330 75 11 331 17 18 333 74 2 336 22 18 348 13 23 357 43 19 360 23 12 369 75 23 378 86 11 394 45 21 426 49 28 437 98 31 448 27 3 462 87 27 472 32 12 479 72 30 487 97 5 501 10 31 505 29 26 506 94 3 514 0 10 553 100 23 577 89 12 591 55 6 597 1 10 609 80 14 617 76 14 624 67 23 628 21 18 636 62 25 643 78 29 651 12 19 653 54 27 656 80 19 665 42 30 666 38 8 698 65 14 707 14 29 714 55 25 718 11 29 722 48 23 746 61 0 766 44 21 798 15 6 807 67 30 809 15 9 835 1 14 864 84 31 878 24 3 880 29 0 885 87 7 897 8 26 908 67 9 913 60 11 939 58 18 939 78 12 957 21 6
163 87 3e-05 79 28 10 84 8 22 95 31 1 117 82 15 121 45 17 164 6 14 175 46 25 183 28 1 189 87 1 190 13 19 204 45 2 216 46 11 227 75 20 240 89 19 246 14 31 249 18 29 254 86 14 256 73 4 289 56 24 314 78 30 323 39 10 329 28 16 340 80 25 356 78 31 359 55 9 360 94 29 367 23 31 381 51 9 390 26 25 458 8 1 461 67 26 475 84 31 485 95 26 487 2 29 490 88 23 493 37 15 495 61 2 516 68 2 533 44 0 535 60 16 541 61 14 553 68 23 562 27 9 580 20 19 580 55 16 580 60 13 580 100 3 594 75 7 606 1 5 613 38 31 624 52 4 626 66 7 627 54 14 629 47 17 630 1 14 632 39 7 655 89 17 658 69 27 664 39 12 664 84 3 679 75 20 687 71 28 705 92 19 713 73 11 713 99 30 731 63 21 741 46 13 759 75 16 769 71 13 772 29 31 776 58 19 791 75 23 809 39 29 814 97 31 831 62 7 847 45 20 862 1 4 875 1 5 875 40 30 875 79 9 887 78 1 893 22 16 896 49 10 913 71 26 917 65 3 926 81 14 933 31 4
164 87 3e-05 101 42 7 106 35 31 114 41 0 118 25 30 141 15 20 151 52 4 162 37 3 166 80 21 170 7 7 198 0 27 217 73 0 248 56 18 249 65 17 253 29 3 306 98 0 311 31 10 330 20 6 336 41 12 350 8 4 360 6 25 378 84 8 402 84 27 406 63 19 410 69 5 414 61 30 419 17 3 419 76 27 423 20 1 430 4 1 440 36 30 462 82 29 464 78 6 472 15 27 476 43 13 500 57 29 514 86 5 523 53 23 524 19 30 528 79 21 563 81 13 583 65 7 591 55 28 593 21 11 593 32 6 617 2 5 623 91 29 637 16 4 643 10 1 644 43 16 659 25 2 664 92 19 666 72 19 668 43 9 670 29 24 694 57 7 694 67 6 695 28 6 706 29 29 707 40 21 717 17 4 783 4 10 785 58 20 785 58 29 786 85 26 789 37 11 789 61 26 790 98 26 791 42 4 798 73 28 805 6 21 809 89 0 814 12 23 823 61 13 827 53 21 830 54 8 834 92 12 836 23 30 839 17 21 841 42 0 848 17 1 858 28 23 879 48 16 883 6 21 895 41 6 936 54 8 939 50 27 952 28 23
165 87 3e-05 73 84 0 73 86 14 88 17 5 118 50 24 119 56 4 157 46 6 162 80 31 165 3 28 166 34 17 182 1 14 193 76 2 208 27 11 209 76 26 225 70 17 230 17 24 247 13 16 272 11 23 297 81 21 320 12 6 325 37 28 325 49 21 368 4 26 374 10 21 376 60 22 387 93 2 409 85 22 411 1 12 428 8 3 445 40 22 452 26 11 452 55 5 461 25 9 469 32 27 475 82 3 477 46 2 480 71 13 480 95 9 488 75 2 497 37 28 519 47 20 521 4 9 521 47 14 521 99 26 529 71 31 536 3 4 558 37 6 560 94 10 570 72 15 575 39 15 577 11 28 579 94 31 586 9 30 600 59 15 606 9 2 607 93 13 618 47 24 623 77 23 625 10 3 637 12 19 641 0 8 644 85 8 654 33 20 658 32 25 664 46 10 666 38 26 674 61 25 676 58 2 686 85 23 704 26 15 704 39 13 757 57 6 781 11 18 793 12 11 800 31 10 809 63 22 812 15 22 823 14 3 831 77 31 838 96 5 864 22 10 877 60 17 881 68 15 892 94 14 903 12 25 914 90 7 949 70 9 966 52 27
166 87 3e-05 72 76 17 87 62 9 89 90 14 124 59 16 137 50 23 141 52 10 162 19 8 170 28 16 180 37 10 190 31 13 191 70 29 192 65 8 211 16 12 216 93 31 218 7 6 226 83 30 254 84 22 268 77 16 284 75 1 307 93 28 334 86 30 334 96 4 341 26 18 349 45 21 356 83 15 359 89 27 376 89 23 387 47 0 425 8 22 428 67 27 431 14 24 433 90 2 435 56 5 441 99 24 443 83 2 454 25 0 520 49 25 526 65 12 535 26 17 543 96 6 548 91 27 551 60 6 554 5 31 559 72 12 578 47 14 586 26 17 590 11 31 600 39 13 629 14 25 635 16 0 637 12 30 644 10 13 651 46 17 689 36 7 701 62 19 704 43 9 727 49 2 729 8 3 730 96 13 745 96 1 757 5 16 763 68 1 783 83 15 787 52 1 804 9 9 804 47 13 805 37 2 808 64 11 808 78 7 826 77 27 830 36 23 837 44 27 845 35 30 851 24 7 868 47 19 870 6 16 886 31 15 887 68 29 889 3 21 899 67 13 905 25 9 909 58 10 911 86 7 935 86 0 940 36 16 942 62 11 960 63 3
167 87 3e-05 87 67 14 93 44 22 126 93 15 132 79 17 145 20 24 146 50 18 146 97 31 150 53 0 153 9 27 158 12 23 177 94 20 191 78 8 217 75 11 220 86 16 226 28 9 228 77 6 244 18 20 248 75 18 290 56 27 296 69 24 297 23 3 307 71 15 330 97 6 344 3 24 367 50 29 373 78 26 380 34 16 400 42 4 404 4 22 434 46 31 444 34 5 445 66 20 447 46 1 450 68 26 455 2 6 459 41 16 460 17 11 474 33 2 474 53 8 491 68 31 492 92 6 510 8 14 527 43 4 536 5 16 575 69 31 580 19 15 602 83 30 603 5 8 610 61 7 627 12 2 635 42 9 638 31 28 639 59 13 648 20 5 651 39 26 652 53 22 663 60 15 666 45 12 680 98 26 688 13 0 689 4 28 693 35 14 706 11 6 713 86 20 715 20 2 733 10 4 733 62 2 742 95 1 759 7 5 765 22 10 771 68 3 777 72 7 785 54 18 788 22 3 806 88 16 822 81 25 866 40 19 869 63 22 887 1 9 888 38 14 893 24 14 930 91 25 936 30 4 957 22 16 959 1 30 963 90 1 964 27 9
168 87 3e-05 79 97 17 85 62 17 89 98 19 94 56 19 106 96 25 111 9 23 114 44 13 117 89 23 125 91 0 130 98 15 131 70 17 135 54 20 152 15 16 152 59 29 157 98 3 161 87 8 175 57 14 187 52 27 192 51 12 213 58 8 242 48 8 258 80 26 263 25 2 265 8 4 265 56 3 265 92 10 270 55 30 272 26 0 301 76 2 316 29 15 322 73 23 327 83 24 333 99 8 356 31 27 357 84 2 358 24 21 359 27 16 362 20 17 367 85 28 370 40 3 379 94 10 384 13 24 399 96 11 404 84 18 414 92 18 419 10 8 421 56 24 437 22 12 462 92 8 471 93 28 480 96 13 482 75 25 513 7 11 522 59 0 526 10 2 526 17 26 541 88 27 573 92 8 613 17 0 638 58 7 647 33 17 649 33 1 652 5 1 673 58 21 687 88 4 704 43 3 714 24 23 717 86 17 725 74 16 727 54 18 735 39 2 737 39 16 756 54 18 769 97 9 784 80 3 791 63 22 804 5 8 805 16 27 809 52 4 820 96 4 828 98 25 859 61 30 883 44 20 912 35 22 952 41 23 960 69 1 966 76 27
169 87 3e-05 82 89 0 86 29 18 87 11 24 95 27 22 105 71 1 113 95 11 122 15 15 124 52 7 137 12 24 154 4 2 184 20 15 211 68 27 220 39 2 228 50 28 230 72 22 230 86 23 234 22 11 240 91 19 245 12 18 248 13 25 252 60 19 258 80 20 265 52 12 265 71 20 267 48 23 274 62 17 278 60 9 314 90 3 323 41 8 330 79 26 331 83 9 335 99 4 373 97 30 382 52 16 450 10 3 462 73 8 473 62 11 478 7 16 490 28 27 514 36 13 533 26 0 577 79 31 583 15 24 592 66 9 592 91 9 601 44 0 604 42 26 617 28 13 629 36 8 645 30 12 662 54 9 701 95 31 714 64 15 716 28 0 718 36 18 719 71 27 748 64 3 756 87 16 787 19 15 793 0 21 802 44 20 802 83 4 806 7 2 815 50 0 822 83 21 849 26 19 856 26 9 861 45 29 862 45 17 866 73 14 872 97 18 877 44 29 878 12 25 891 68 12 894 74 26 900 31 20 902 21 15 902 43 14 909 32 2 942 1 29 943 53 2 943 57 3 950 12 5 953 33 6 955 7 18 955 34 9 967 0 3
170 87 3e-05 83 63 8 87 75 18 132 69 15 146 18 13 176 85 6 180 70 20 189 27 6 197 55 15 198 33 19 198 46 19 206 100 10 222 96 1 228 29 0 237 40 12 242 48 7 243 85 23 272 34 31 296 40 16 298 19 19 309 18 9 317 96 16 319 26 4 337 35 17 337 84 26 372 79 17 383 62 26 407 90 6 410 80 13 414 97 31 419 85 17 432 21 29 439 0 1 442 16 28 442 71 18 453 90 27 456 98 15 461 96 3 473 55 25 475 26 15 478 39 3 494 88 23 513 43 19 527 31 21 539 98 31 548 76 2 554 96 21 563 28 4 579 34 6 584 49 6 607 68 13 630 37 9 637 97 19 658 25 29 669 55 29 670 32 23 676 21 26 685 91 25 693 9 19 708 35 10 721 43 27 728 3 22 730 57 4 732 11 2 737 80 3 750 73 0 751 57 27 757 47 23 782 7 31 794 64 7 804 8 2 805 8 18 806 13 2 806 80 27 812 47 16 813 61 27 816 0 16 816 53 2 822 28 2 833 43 15 837 31 23 853 9 1 866 5 13 867 80 29 884 25 5 886 21 10 900 53 25 924 94 26
171 87 3e-05 86 58 29 86 69 28 107 52 8 133 12 24 136 65 22 143 11 27 151 49 10 153 1 15 157 31 0 157 100 18 160 41 3 178 93 16 195 43 13 202 56 24 220 74 26 225 87 7 229 86 14 262 79 19 274 100 13 287 61 19 308 56 2 329 26 16 330 8 12 332 74 10 339 31 13 341 86 0 355 70 3 360 100 8 368 71 27 371 27 10 381 6 4 392 14 18 418 97 14 439 45 2 440 78 21 445 39 21 460 62 28 465 16 20 481 31 12 502 55 2 511 73 16 512 37 11 514 55 19 524 97 19 528 13 12 545 37 8 545 75 21 553 16 28 567 34 9 582 93 20 583 83 18 583 95 18 592 63 17 594 12 31 620 20 13 622 15 17 626 14 0 643 93 25 650 3 20 704 90 29 717 6 6 729 40 25 732 86 28 749 100 5 752 57 16 755 39 22 767 37 10 771 8 26 784 6 20 784 99 3 790 77 26 799 75 22 828 26 29 832 49 9 841 56 27 859 34 20 861 8 24 861 98 7 904 93 13 911 18 19 917 49 7 929 100 6 943 81 22 948 27 26 948 44 20 959 4 27 963 25 28
172 87 3e-05 72 46 1 72 84 24 84 39 18 89 39 6 95 2 2 113 35 24 137 7 21 140 8 4 174 36 11 174 69 22 177 78 15 184 8 31 200 36 8 202 81 6 243 91 1 250 60 7 261 23 7 289 64 14 294 91 16 298 15 22 303 39 26 303 78 0 326 60 3 335 36 5 368 76 5 370 58 30 380 99 29 381 90 29 401 60 16 409 86 28 429 96 27 441 17 10 446 100 23 452 59 18 461 41 4 464 16 22 478 94 24 487 1 2 491 36 28 500 6 28 502 100 31 517 4 26 537 12 13 562 11 12 572 14 12 575 73 4 582 76 18 584 30 20 587 18 1 588 68 11 597 79 5 613 40 21 623 30 21 640 66 19 657 8 3 674 55 10 677 30 0 678 81 17 679 78 2 686 45 25 689 25 22 696 53 29 696 100 30 710 6 11 726 43 26 731 21 27 750 35 3 751 72 7 770 11 4 777 87 13 778 27 27 780 66 28 791 98 11 804 35 13 811 96 11 836 58 2 836 69 26 851 49 27 867 64 7 881 73 11 891 36 28 905 43 17 911 10 14 931 7 21 935 31 7 941 13 24 947 3 5
173 87 3e-05 90 58 11 110 11 3 122 62 12 134 83 12 140 52 15 144 77 1 192 50 28 206 34 30 222 99 22 236 58 27 242 64 1 256 7 7 256 21 3 264 22 24 268 21 4 285 85 29 299 66 30 309 57 26 318 57 5 327 28 15 337 65 9 357 20 2 366 0 23 368 62 2 384 44 11 394 89 6 411 96 10 421 82 5 422 77 9 424 2 5 429 74 24 461 18 0 467 23 20 476 60 14 479 95 10 494 9 13 506 30 5 544 76 23 548 25 21 550 72 3 564 13 8 566 84 10 567 99 27 574 13 17 585 84 22 599 65 10 602 3 23 608 35 0 610 47 9 613 65 7 636 66 12 641 84 20 642 75 1 643 7 18 660 25 15 666 53 16 667 52 23 672 13 27 684 41 15 687 10 12 689 91 6 709 59 3 746 75 14 759 41 11 766 50 20 773 79 11 794 63 0 794 97 26 796 4 24 832 7 17 832 66 11 838 56 19 842 50 26 874 36 29 883 58 0 887 47 21 893 20 17 903 6 9 911 6 4 924 29 12 925 54 29 939 48 25 940 95 22 955 0 4 957 10 31 959 25 24 967 96 5
174 87 3e-05 82 56 20 87 64 11 89 88 31 93 14 2 98 52 5 98 84 2 99 68 6 105 68 16 122 51 19 128 63 8 149 83 7 152 43 31 156 30 15 160 12 5 163 19 13 163 73 10 166 80 8 177 56 8 177 67 31 182 21 5 191 87 14 205 77 20 209 16 12 227 12 29 262 45 12 277 26 0 290 97 18 301 100 5 313 72 2 351 53 16 362 78 20 387 93 7 390 40 8 391 76 21 392 95 23 399 49 11 400 50 11 415 35 8 419 49 30 439 1 2 448 50 6 473 58 28 477 82 13 481 5 8 485 59 14 499 83 8 505 40 8 543 63 9 552 13 29 566 12 11 574 17 6 582 21 21 582 25 25 615 49 3 622 29 22 640 100 23 642 30 5 646 57 16 673 66 5 681 81 31 691 12 10 692 3 27 721 95 0 722 83 25 726 74 7 742 0 23 744 97 5 745 46 17 749 79 13 757 18 11 761 60 10 764 1 18 767 83 8 776 62 3 785 20 31 793 46 1 800 20 12 821 98 11 827 19 21 849 79 18 858 63 16 874 9 6 891 76 13 895 26 12 927 87 11 956 48 17 956 67 11
175 87 3e-05 87 54 12 97 79 23 99 8 30 130 70 27 132 26 20 156 76 3 158 31 15 161 2 2 171 92 13 183 0 6 207 99 20 210 39 16 230 48 26 231 43 10 255 65 14 260 34 12 268 45 6 276 4 26 280 42 14 301 86 20 304 77 25 315 74 2 329 54 4 359 91 10 366 0 5 371 7 16 389 4 11 391 58 29 392 7 6 399 51 11 399 93 3 402 85 5 410 17 22 416 32 23 424 93 18 432 9 3 464 5 8 470 92 7 490 18 30 527 100 24 532 20 29 534 89 24 546 29 18 552 53 5 565 38 1 581 18 9 581 77 22 582 92 27 585 32 4 606 29 26 611 79 14 624 69 13 633 38 2 645 67 9 658 34 29 673 89 25 683 77 20 684 17 17 687 28 12 693 86 9 699 33 8 700 2 30 705 17 26 716 53 17 725 55 21 735 18 6 735 83 9 753 8 15 761 75 10 769 64 19 773 68 30 779 74 26 784 52 22 832 87 24 866 66 7 869 71 19 876 99 15 881 23 12 889 83 6 891 97 28 920 83 0 923 55 1 939 46 1 942 56 12 943 77 5 948 85 30 952 20 10
176 87 3e-05 81 65 2 85 87 28 91 1 16 105 47 6 110 5 0 117 54 11 126 67 17 138 48 2 141 18 4 147 78 22 155 39 20 163 41 10 167 48 11 168 43 5 194 33 7 203 55 22 209 20 12 217 54 12 227 84 0 238 74 3 239 38 31 249 15 22 249 94 11 271 12 13 310 1 3 315 72 19 342 37 22 343 4 0 349 18 5 359 39 21 362 74 9 367 71 12 376 64 24 384 84 0 407 72 17 437 82 16 454 34 29 485 75 3 487 80 22 511 57 30 518 78 16 533 47 11 547 3 11 550 61 6 550 62 27 558 17 1 558 66 4 583 45 13 620 29 14 625 82 1 629 57 9 630 20 28 633 92 14 646 86 10 653 19 27 653 78 26 658 6 20 658 29 30 659 3 0 671 38 8 682 48 19 685 100 3 688 52 2 690 89 21 709 85 24 714 37 2 727 15 19 730 17 15 739 85 27 741 11 25 741 56 11 742 40 17 760 98 27 764 93 18 773 83 18 782 11 17 785 85 7 805 73 14 830 59 27 843 2 29 876 80 10 902 64 12 915 54 28 942 83 21 945 59 13 950 92 10 962 63 30
177 87 3e-05 76 24 13 77 4 12 89 0 18 110 20 22 122 66 23 131 80 25 144 69 29 154 54 12 155 22 10 160 82 22 169 52 4 174 83 9 175 7 30 184 27 19 191 46 4 193 96 14 197 81 14 201 16 23 203 37 10 222 45 9 238 28 10 255 60 27 278 40 14 289 20 1 299 53 8 308 58 30 329 93 3 339 12 8 339 62 19 370 23 26 390 3 24 394 47 17 398 90 28 421 51 12 423 88 29 426 23 6 429 45 16 430 35 31 443 61 13 451 46 19 453 47 16 461 56 13 461 78 3 463 90 3 467 2 4 476 100 13 482 79 7 492 8 16 503 54 28 533 54 19 541 32 8 545 49 5 548 57 12 548 88 10 554 76 8 573 12 19 575 88 25 579 82 5 580 70 25 581 66 3 589 25 21 608 95 18 626 94 20 668 32 27 680 83 16 680 96 3 695 28 13 717 81 22 719 42 4 722 78 29 732 41 9 755 63 18 768 52 26 798 57 22 802 36 30 804 65 6 818 51 28 823 40 10 863 79 29 864 11 15 865 23 19 896 74 27 907 22 4 922 6 2 958 12 20 959 46 14 966 99 17
178 87 3e-05 85 31 2 101 54 9 109 72 2 127 41 29 131 29 4 137 49 1 167 32 10 181 49 18 189 87 6 197 17 3 208 5 8 208 69 7 209 20 25 218 36 11 224 96 12 229 62 4 254 60 11 267 22 29 281 62 14 315 76 7 320 80 14 349 51 18 367 44 13 377 30 30 377 83 1 389 18 15 397 2 20 399 46 23 416 94 30 434 26 24 443 13 21 474 14 3 476 81 0 480 57 2 485 65 12 491 84 18 491 84 25 513 73 5 519 3 28 530 11 26 540 94 5 543 90 17 549 79 13 557 88 16 564 61 24 567 74 19 569 51 28 572 86 25 585 61 22 600 28 27 636 76 10 637 91 9 640 24 27 666 58 4 676 65 16 678 32 31 686 26 26 686 88 12 690 43 4 693 44 6 699 96 27 712 70 11 714 56 1 738 94 22 741 8 0 758 13 9 772 71 30 788 8 14 796 19 5 802 42 13 802 68 0 809 93 15 811 14 25 822 84 31 825 22 11 846 80 3 858 94 16 885 11 5 893 13 17 899 21 4 906 74 19 916 61 11 922 75 17 929 20 24 952 16 30 958 94 25 960 83 7
179 87 3e-05 88 77 22 90 85 21 125 58 14 128 20 1 138 62 13 150 13 28 155 81 23 163 57 13 163 78 16 171 49 22 199 84 4 212 100 3 213 75 3 226 57 22 229 97 13 237 94 0 244 94 12 317 89 1 323 17 20 334 30 9 336 4 18 336 75 1 347 94 1 357 78 14 363 17 5 369 44 21 370 48 0 370 89 24 385 58 19 385 62 5 410 45 8 415 55 25 422 2 6 438 17 19 442 36 23 443 35 1 460 45 9 482 3 0 486 56 27 490 22 22 496 75 9 503 36 13 518 82 5 539 16 1 545 99 7 573 75 4 606 47 10 609 34 12 611 63 18 621 85 1 639 0 3 640 38 24 641 30 8 648 19 18 658 17 14 659 22 15 667 49 2 677 64 7 686 0 30 704 5 23 706 90 17 770 92 21 776 22 7 781 69 18 794 50 31 796 80 14 797 11 9 821 44 31 824 71 0 826 66 10 850 65 29 857 58 19 866 53 18 868 36 30 870 81 23 874 50 12 876 93 0 882 56 2 885 25 11 903 4 29 911 76 12 916 39 14 930 32 2 943 94 23 954 33 14 962 35 0 966 24 20
180 87 3e-05 79 14 4 83 72 13 87 73 0 125 99 8 129 86 31 139 29 26 140 25 7 156 44 27 159 64 2 164 33 13 171 50 11 180 1 8 192 55 16 200 68 10 213 64 1 216 49 14 224 34 31 225 53 20 237 92 23 242 12 20 274 1 17 277 99 23 314 65 23 317 16 4 320 29 28 321 76 6 338 59 30 366 97 24 371 51 4 382 99 22 403 37 8 410 2 15 413 44 7 429 9 3 435 19 26 436 89 3 450 52 3 453 75 22 464 31 23 475 78 25 491 81 4 496 0 6 496 76 4 497 76 12 533 6 3 541 99 25 545 68 30 546 92 22 547 96 18 548 83 12 563 18 11 566 28 24 573 98 25 575 6 16 580 67 13 596 22 19 611 58 31 614 32 28 615 90 28 623 92 10 633 83 10 646 46 24 659 11 25 694 38 11 701 46 16 726 100 26 730 6 7 737 76 27 753 42 9 761 26 22 766 26 27 770 92 14 782 3 13 798 45 20 802 13 8 817 94 19 828 9 24 833 27 7 848 69 6 892 33 2 896 97 28 912 77 25 916 40 12 917 85 30 935 16 10 936 84 20 948 3 18
181 87 3e-05 87 87 29 105 70 14 109 36 25 110 79 20 116 24 3 126 72 10 139 95 22 146 54 0 199 26 11 209 94 9 226 32 0 251 58 29 261 3 18 261 72 14 265 92 30 295 7 26 304 73 24 319 66 12 324 64 24 334 69 31 344 70 2 366 63 22 382 33 8 386 50 12 400 81 9 433 90 3 436 21 27 436 27 18 471 67 26 471 81 14 472 65 29 477 91 20 485 6 30 487 4 9 488 41 8 488 59 11 492 48 19 497 62 18 499 100 15 507 77 13 512 3 25 524 0 12 536 95 16 545 67 14 554 44 8 562 69 14 566 46 2 568 88 24 576 11 20 589 39 8 617 76 12 646 29 6 664 93 7 682 59 29 684 12 24 691 3 6 695 93 9 698 70 23 703 40 14 704 54 1 705 76 23 746 42 14 750 71 21 768 53 13 777 15 26 793 74 15 794 81 10 799 62 12 803 27 17 805 95 8 828 45 18 851 84 10 859 66 2 866 79 11 882 73 26 893 47 16 899 61 20 899 70 10 910 72 6 920 32 22 926 93 13 934 65 11 937 28 13 938 80 7 957 42 16 961 75 14 967 65 14
182 87 3e-05 76 81 30 93 5 15 112 83 30 114 29 21 119 50 7 146 39 24 151 88 30 164 19 18 168 44 30 176 61 30 180 3 17 183 95 28 198 87 1 208 62 21 208 76 17 218 100 7 222 61 30 223 83 19 230 58 27 255 58 13 260 79 24 280 46 0 282 63 22 283 86 27 306 36 4 309 45 2 334 28 22 340 35 16 342 64 11 364 42 22 412 61 23 452 100 25 468 40 9 477 56 31 478 41 26 480 89 15 481 76 25 488 39 12 506 98 12 520 68 26 526 48 3 528 64 19 533 36 11 548 3 30 548 60 16 556 62 31 558 55 29 564 8 8 572 15 8 577 19 27 581 87 0 582 58 16 601 44 20 620 43 27 631 52 0 676 53 0 684 5 14 701 13 4 705 37 19 710 85 30 715 11 10 737 97 8 738 15 26 749 25 9 749 51 0 749 52 20 765 64 31 767 98 8 772 59 3 776 8 10 777 59 10 794 43 7 796 97 23 807 9 13 843 6 8 855 30 3 856 29 11 861 59 18 878 22 7 879 72 3 902 39 28 915 69 21 920 7 7 920 42 12 926 85 26 948 18 6 967 42 13
183 87 3e-05 74 22 14 82 65 1 86 73 6 134 65 3 140 59 11 140 86 20 149 46 17 149 72 1 150 90 13 173 13 8 178 54 27 182 10 2 189 42 16 202 45 11 214 95 5 234 72 18 241 29 17 262 45 18 267 26 25 272 53 5 290 30 13 298 13 16 311 28 5 320 31 22 332 21 8 338 70 23 341 89 30 349 51 9 372 95 26 392 83 16 406 29 8 425 65 26 428 8 12 433 25 12 460 21 15 489 8 31 496 46 11 500 23 23 510 94 5 511 54 23 526 86 18 530 83 17 552 42 19 563 55 1 563 70 31 570 86 8 576 79 7 583 90 6 585 84 22 593 90 4 598 0 16 610 47 22 616 42 8 664 17 21 672 22 18 675 55 15 701 66 30 708 47 4 710 10 21 717 16 2 719 86 5 720 55 14 724 65 10 725 51 29 726 49 7 746 25 3 756 6 13 763 37 20 780 4 25 834 14 30 853 14 17 855 8 23 866 49 24 878 3 0 886 60 28 896 53 30 922 94 15 924 0 4 925 43 0 928 24 6 931 90 7 932 23 12 933 52 31 935 57 7 944 90 26 946 19 3 950 94 19
184 87 3e-05 78 47 9 102 24 17 102 65 1 106 65 9 116 76 11 143 13 20 143 78 27 146 100 14 161 5 4 193 77 0 197 56 11 206 57 10 215 59 26 216 58 2 249 12 23 277 37 23 280 96 28 288 46 16 292 85 1 293 36 16 297 43 27 313 26 6 324 68 23 324 83 1 363 93 2 395 73 8 417 84 5 422 58 18 424 46 17 428 24 23 448 84 14 450 41 1 463 79 26 492 10 17 497 71 28 509 68 2 545 45 31 545 72 9 569 89 8 573 0 2 588 93 8 594 2 24 600 13 2 601 11 13 605 81 13 612 6 1 613 1 4 619 54 0 641 10 11 641 58 16 644 53 9 652 37 20 653 41 20 664 65 7 666 20 2 673 9 9 680 24 29 701 29 8 725 33 1 726 50 8 728 44 18 734 30 26 752 77 9 763 90 14 777 48 21 782 71 17 791 13 14 799 20 27 801 49 9 802 79 24 806 80 25 810 16 12 823 75 15 826 76 28 841 18 25 842 64 31 850 43 16 853 33 18 855 85 27 874 74 2 878 83 24 887 47 9 890 53 23 920 53 28 925 69 18 926 4 14 931 31 14
185 87 3e-05 86 79 6 88 23 4 116 26 15 120 49 2 123 94 23 162 82 19 172 78 12 175 17 22 189 57 17 191 44 8 192 31 15 194 48 19 204 65 17 224 60 13 234 68 26 247 95 18 255 14 20 264 70 24 275 7 8 283 0 29 292 15 14 323 17 20 324 31 30 326 44 2 353 10 17 356 66 4 394 59 14 404 49 30 443 70 13 445 94 28 447 87 21 449 76 30 452 59 17 459 63 25 461 31 20 494 2 10 494 42 4 496 62 20 509 89 22 513 9 0 534 15 7 545 23 29 552 7 10 552 7 28 583 40 3 591 36 1 591 48 26 600 18 28 602 26 25 616 47 24 636 49 12 641 58 23 643 54 8 647 64 8 667 36 4 668 78 22 683 36 11 692 87 20 699 20 6 702 31 1 736 45 1 750 29 30 754 7 30 763 50 26 771 40 18 775 16 24 778 99 1 792 29 14 800 36 20 804 23 12 807 56 10 809 17 26 812 86 3 815 41 7 823 49 25 831 62 14 839 13 28 882 21 30 888 67 19 893 56 9 909 28 17 911 15 24 924 82 31 943 25 30 958 4 30 959 5 31 959 31 24
186 87 3e-05 77 46 26 84 59 26 90 13 2 111 8 27 111 75 9 112 98 18 113 42 17 126 97 5 135 61 17 137 28 31 141 6 12 167 97 26 175 93 18 176 45 30 176 74 5 211 64 1 219 17 0 232 59 20 233 60 28 235 28 30 237 69 22 246 5 6 255 9 20 260 65 28 265 34 0 273 19 8 293 96 9 310 59 12 352 14 19 358 6 19 367 38 14 379 24 13 403 20 18 405 74 10 421 79 3 447 92 10 457 65 27 459 48 7 460 0 20 470 28 29 473 61 25 485 36 4 499 55 25 507 17 19 508 94 25 516 52 17 517 54 28 540 60 10 542 73 5 551 84 30 570 88 19 573 24 1 583 5 4 604 13 18 610 60 3 612 6 10 635 45 13 638 79 24 641 55 1 653 14 0 671 91 11 702 6 0 702 86 20 716 98 7 720 58 8 727 9 4 728 63 10 729 66 15 739 94 16 752 15 21 752 58 5 753 32 6 754 42 26 776 90 18 797 36 5 803 43 28 820 25 6 831 64 5 858 95 1 869 35 21 874 29 21 877 76 22 881 74 27 887 93 25 888 19 3 940 68 21 958 9 30
187 87 3e-05 90 81 23 109 67 25 113 2 10 120 69 11 126 40 5 138 34 6 143 72 9 150 73 13 152 91 5 163 74 3 165 80 25 184 53 0 186 12 26 208 1 0 210 66 4 220 65 8 225 12 8 230 20 8 232 43 29 261 95 19 287 59 3 300 62 11 301 75 7 304 5 1 309 44 29 320 96 16 339 49 10 340 34 30 353 53 11 363 15 26 377 47 7 396 84 6 398 68 1 400 11 15 401 62 29 402 10 18 406 59 18 417 97 0 420 10 18 441 28 28 454 39 14 479 83 4 484 34 6 485 8 4 493 35 23 522 47 22 540 72 16 562 57 30 585 4 7 590 9 22 601 47 9 609 9 0 618 4 31 624 75 31 627 43 16 627 45 0 630 43 11 634 11 0 672 8 24 678 70 8 687 75 5 688 61 26 694 39 30 711 71 8 718 91 11 720 34 17 724 30 11 738 5 7 744 28 21 759 52 11 765 74 13 778 13 21 781 11 31 782 100 11 818 31 27 832 33 26 854 63 15 856 81 14 893 58 0 895 64 24 908 41 1 910 23 11 911 0 2 916 34 0 924 54 31 929 91 9 955 41 11
188 87 3e-05 99 27 21 104 62 12 115 62 6 122 11 16 129 23 16 134 83 10 135 33 27 136 28 28 138 29 8 143 51 23 145 16 27 172 75 15 201 93 20 206 20 29 223 15 29 230 88 0 231 25 11 240 24 8 254 2 19 265 40 31 289 100 4 295 39 23 301 51 15 314 71 13 331 5 5 332 85 5 334 69 0 339 89 27 347 39 13 371 66 20 377 7 25 385 85 9 414 59 19 416 94 7 436 3 12 441 49 26 453 43 13 470 62 28 482 53 26 504 66 21 513 8 0 519 18 3 523 70 21 526 23 21 526 96 9 539 63 12 548 74 27 567 59 30 578 13 23 585 70 0 588 57 22 607 13 4 628 33 17 631 29 2 634 67 15 655 5 25 657 0 19 670 37 11 682 88 29 692 27 21 694 40 26 697 12 23 700 61 22 729 33 2 747 1 10 755 6 11 755 25 13 769 62 23 788 71 13 792 68 8 798 76 31 821 35 5 823 75 27 824 28 28 824 36 8 826 15 23 847 56 17 864 42 28 869 6 16 885 88 27 906 25 2 915 24 6 938 7 22 939 11 31 947 97 31 957 18 5 967 70 12
189 87 3e-05 78 29 23 88 30 13 103 0 14 123 91 22 127 38 1 145 64 11 150 49 16 161 46 7 169 61 16 176 55 31 185 13 4 185 97 4 196 79 18 209 42 11 212 38 29 234 26 9 262 34 4 270 57 9 282 64 14 293 53 9 308 95 27 314 31 3 316 23 27 320 22 11 327 97 10 334 58 21 358 66 23 375 83 29 384 25 23 397 74 9 405 64 27 405 65 27 412 12 22 427 54 9 441 3 22 443 42 22 446 94 2 453 15 26 465 65 28 480 53 0 492 92 15 505 51 23 542 44 2 554 23 0 563 58 23 580 53 23 590 19 6 614 5 0 614 61 31 621 95 14 661 29 22 667 41 4 667 70 14 672 55 9 675 0 25 680 54 16 694 71 23 706 55 8 709 1 23 725 50 13 745 78 14 750 63 30 758 90 1 766 90 17 773 63 29 775 15 7 784 65 31 786 11 12 804 6 3 830 69 26 865 0 9 871 60 5 871 91 22 887 61 10 889 100 13 904 75 9 906 57 15 909 49 29 909 72 3 915 28 25 920 21 15 924 23 15 927 87 28 934 51 27 937 68 27 945 75 9 956 44 4
190 87 3e-05 81 69 3 85 42 2 108 17 7 115 79 24 116 42 14 118 93 16 120 63 26 153 60 23 154 69 10 167 47 16 173 10 13 178 79 31 186 69 16 190 21 4 202 55 30 212 39 26 222 92 12 243 93 13 258 64 9 270 68 13 285 79 5 308 2 26 315 99 21 322 14 13 339 59 23 360 2 27 364 3 25 365 69 4 366 92 29 368 65 3 376 27 12 376 81 20 379 17 4 387 38 20 395 61 14 411 50 7 414 84 11 416 13 18 416 38 14 423 98 9 441 42 21 450 76 25 481 60 3 487 95 26 488 74 31 491 90 15 492 33 11 504 24 9 513 26 6 527 39 0 539 33 1 541 78 22 548 44 31 549 92 7 570 89 26 575 64 4 581 68 2 624 60 0 629 81 20 663 63 17 690 28 6 701 59 28 730 51 10 731 40 17 732 21 24 781 63 31 785 34 20 789 58 24 790 43 30 797 55 3 800 80 26 809 53 5 813 15 15 816 85 9 818 6 24 835 4 10 852 4 1 854 7 30 858 80 28 872 37 25 886 70 18 894 83 19 899 14 15 924 89 7 925 89 20 943 34 24 944 64 25
191 87 3e-05 79 84 21 97 12 8 109 84 28 115 0 0 120 84 12 124 51 27 130 48 0 132 19 12 133 34 15 167 38 27 189 21 21 222 71 15 223 83 9 229 26 22 232 82 8 269 70 28 279 83 12 291 87 1 298 33 14 300 96 28 340 41 2 342 7 5 342 90 24 348 2 16 351 13 16 369 30 29 375 44 0 376 64 23 392 39 6 393 31 5 401 83 31 406 85 21 407 57 26 412 51 29 430 39 20 439 96 5 441 82 15 455 86 14 457 55 12 475 1 6 494 56 1 508 58 20 511 24 12 512 72 28 529 16 13 534 4 1 540 29 0 552 44 1 574 89 4 583 12 21 585 2 6 594 44 7 599 85 20 601 14 29 604 20 23 607 89 30 612 16 15 618 50 30 625 91 13 635 35 15 645 76 1 654 54 5 663 10 22 687 5 31 707 12 29 736 59 2 741 50 8 751 71 3 756 73 9 757 2 5 782 90 10 800 86 25 803 17 2 829 71 14 835 40 26 837 25 11 848 13 25 850 43 5 858 35 10 859 64 28 892 48 4 898 18 1 914 58 26 927 61 30 928 51 5 957 54 21 960 82 3
192 87 3e-05 101 9 16 123 19 26 131 5 16 163 25 14 168 95 6 171 56 2 172 45 23 177 95 15 187 42 18 201 45 5 217 85 30 228 50 1 229 43 3 235 83 7 252 66 14 260 59 2 272 73 5 279 33 20 290 13 1 300 61 23 301 69 25 304 12 24 315 37 24 335 32 31 345 47 21 351 90 11 355 16 8 357 51 21 381 84 12 406 17 14 406 88 9 410 56 2 421 1 19 466 73 3 481 42 26 494 64 26 496 4 23 496 69 12 498 77 24 509 77 9 526 54 12 526 76 17 528 25 22 533 91 13 534 95 2 565 77 27 570 47 12 572 55 30 581 94 22 587 13 8 590 1 18 595 93 2 596 71 31 607 71 16 630 15 26 644 73 21 654 55 3 659 99 11 675 38 29 677 30 2 686 95 21 687 40 14 702 3 0 703 34 31 707 25 9 707 68 17 717 93 12 725 80 31 752 18 15 765 60 27 766 69 3 779 47 3 856 91 0 867 90 9 890 5 31 890 35 27 897 74 18 899 38 4 908 68 1 910 16 16 918 87 11 931 79 6 932 85 11 937 62 13 937 95 0 955 2 10 963 99 3
193 87 3e-05 72 27 3 79 9 29 84 99 5 112 44 1 121 72 1 133 64 15 133 80 0 137 67 15 152 12 28 157 86 5 166 78 22 176 62 12 182 42 10 196 19 29 198 49 30 204 6 8 208 14 17 211 40 18 218 57 24 220 48 20 232 89 8 263 57 1 278 39 17 284 6 29 292 76 3 327 12 10 351 43 13 353 95 7 355 6 22 358 2 29 359 78 28 372 84 27 381 3 18 382 33 6 385 6 19 385 82 3 390 24 19 408 37 19 420 93 2 428 44 26 440 2 15 454 52 1 467 6 29 468 89 19 479 40 11 509 61 21 510 22 27 519 42 9 521 55 10 523 98 5 528 0 18 528 92 16 538 25 24 552 89 25 557 21 13 566 10 17 608 16 15 610 84 29 634 79 21 640 8 10 651 98 10 654 83 23 675 70 24 687 18 18 689 71 10 703 30 29 706 62 11 732 77 11 757 75 29 783 3 24 790 49 21 805 19 30 823 48 30 830 44 28 852 97 18 853 3 30 860 57 11 860 64 4 863 4 9 864 6 31 898 66 3 907 79 31 924 67 17 927 30 10 936 57 25 937 33 19 967 87 3
194 87 3e-05 85 44 29 99 81 21 104 38 28 106 66 20 111 69 29 124 67 5 150 21 20 188 77 12 192 4 2 194 93 28 199 5 7 203 100 16 208 51 15 282 48 0 283 48 11 298 28 1 301 87 23 304 6 5 315 32 2 330 76 13 344 43 26 349 25 31 356 86 29 360 39 19 370 62 23 390 57 16 392 81 30 415 82 27 432 84 10 443 49 24 445 7 29 454 24 5 474 22 27 478 91 11 503 50 2 504 2 6 541 67 6 542 9 29 549 48 9 564 58 11 592 83 22 600 9 5 601 96 12 617 54 23 618 27 7 629 23 13 646 38 27 651 0 23 658 26 24 672 95 9 679 90 1 683 44 8 695 18 15 695 47 18 697 87 19 715 8 7 720 12 13 720 68 20 747 6 11 753 36 15 763 77 14 770 50 28 777 10 20 781 45 1 782 32 1 819 14 10 824 34 9 826 0 6 826 91 10 827 34 27 839 93 31 851 32 27 858 53 27 860 85 6 865 37 20 866 12 29 867 61 20 875 55 22 877 87 29 909 47 0 926 93 14 936 61 22 937 43 28 939 80 22 941 39 8 948 7 26 954 47 22
195 87 3e-05 75 42 22 82 24 6 86 86 25 93 93 24 101 37 6 111 70 5 118 6 18 124 83 22 139 33 8 148 36 5 153 26 25 158 10 13 161 92 26 164 77 10 179 51 0 194 34 25 200 77 10 230 10 0 231 30 3 238 39 1 244 82 26 264 29 7 277 20 3 282 32 20 282 56 2 287 50 14 304 33 2 329 85 28 330 1 11 349 68 9 360 85 11 368 76 30 395 26 3 435 57 0 453 33 19 471 52 19 480 74 29 512 23 19 513 64 7 532 66 18 556 69 1 574 69 13 593 27 8 602 78 30 610 6 23 628 75 26 631 1 22 638 81 23 641 30 21 644 52 29 645 71 22 661 35 14 664 35 2 693 28 12 704 45 5 716 84 22 726 45 15 727 76 21 740 30 18 740 51 14 741 52 7 767 29 10 768 59 11 784 22 22 785 10 15 787 39 13 790 47 13 790 81 8 792 48 26 794 77 21 795 96 10 800 90 7 801 17 14 805 17 2 819 55 1 848 7 11 850 48 1 851 66 8 853 14 17 865 2 19 866 63 2 892 55 14 905 85 30 921 69 31 940 52 5 940 62 11 941 86 3
196 87 3e-05 87 74 17 87 85 13 96 15 2 114 42 16 115 66 4 121 36 3 143 82 24 164 78 7 183 60 16 206 4 6 209 97 12 213 79 28 216 78 17 227 61 27 233 1 10 237 62 19 242 28 21 244 66 31 249 57 7 250 68 13 258 0 26 281 25 10 286 16 6 300 70 10 302 72 19 327 45 3 348 84 11 365 61 27 376 21 2 391 36 16 393 50 27 401 47 18 408 14 26 414 84 3 420 13 28 424 36 2 429 61 8 431 77 9 443 58 18 461 91 6 471 95 11 488 63 19 500 18 26 517 69 31 521 2 1 541 40 23 542 27 4 548 32 23 562 44 4 565 83 19 575 77 2 590 18 5 612 4 24 628 82 3 631 23 22 631 68 4 633 0 20 637 71 16 652 43 10 659 17 3 664 82 6 695 49 14 703 7 11 721 30 8 724 69 19 756 26 27 756 65 9 762 99 28 765 31 11 770 97 15 771 22 18 780 41 22 805 6 3 805 94 12 819 39 1 821 76 31 846 34 15 849 6 10 851 84 24 868 22 7 884 26 16 909 58 19 931 83 12 935 36 11 937 97 8 938 58 2 950 99 25
197 87 3e-05 88 73 7 95 58 0 100 88 25 105 17 6 118 62 6 125 56 12 132 39 5 143 60 23 144 32 11 168 42 9 170 58 19 180 55 23 194 20 22 208 64 23 219 60 4 236 56 23 242 81 7 275 40 26 324 20 1 327 45 25 330 34 21 342 44 6 358 75 20 360 64 4 370 72 9 385 88 19 386 88 10 397 36 26 400 20 9 415 87 16 425 22 5 426 83 15 427 20 25 472 76 15 509 83 13 511 16 22 526 49 22 531 34 24 542 66 14 544 13 0 544 98 8 558 75 4 572 47 13 581 35 11 582 97 0 591 10 8 595 4 13 600 66 18 601 18 30 607 58 12 612 35 24 614 67 9 624 58 24 651 24 1 659 63 13 660 51 8 671 40 23 682 44 2 689 7 10 699 79 15 701 51 24 707 78 5 708 76 8 713 86 26 758 51 29 760 75 15 764 81 19 775 43 27 776 95 24 788 20 17 814 61 24 814 92 12 844 25 25 850 74 4 853 23 5 907 25 14 912 60 20 914 89 22 915 37 7 924 70 15 929 78 17 931 83 4 940 96 4 952 66 6 955 96 8 958 90 21 964 16 29
198 87 3e-05 85 47 29 93 67 18 99 1 14 105 67 27 106 14 0 121 37 12 144 8 22 158 6 18 166 98 22 171 4 1 185 71 16 188 32 1 196 6 6 217 80 27 218 73 6 233 40 0 243 58 18 249 12 15 273 79 20 282 32 16 286 93 9 301 43 26 302 100 30 342 33 17 350 36 18 350 54 11 364 1 13 389 69 11 392 62 19 393 77 22 403 23 27 419 94 3 428 67 8 436 48 23 467 36 10 479 64 28 503 40 22 504 54 9 510 98 15 512 100 12 515 77 5 548 82 1 558 51 18 567 80 10 569 24 5 581 49 3 598 89 25 607 36 25 608 35 5 610 4 25 628 85 29 643 24 20 656 9 16 667 70 8 670 81 3 678 59 16 680 18 9 684 49 4 698 3 7 711 22 17 712 66 15 739 49 25 743 56 0 746 59 19 752 97 24 785 44 24 790 23 6 796 43 29 797 92 6 808 33 24 815 68 31 817 72 26 831 81 16 833 95 10 842 88 28 854 33 20 865 7 11 884 97 1 886 1 27 891 94 6 895 59 14 900 2 8 902 73 15 913 13 10 917 76 18 934 16 13 965 85 7
199 87 3e-05 88 14 26 89 50 31 94 4 4 98 1 28 98 37 0 100 38 9 136 33 17 139 54 1 149 57 31 177 21 12 182 98 16 183 97 31 197 16 23 210 32 30 212 97 0 213 43 29 214 78 3 219 67 6 229 86 3 233 7 17 234 79 14 246 2 13 270 81 20 271 3 23 280 96 7 286 25 9 289 65 10 289 93 14 291 96 9 324 13 20 330 37 11 349 1 7 366 19 15 388 59 21 391 72 27 409 83 21 419 92 27 422 13 18 427 96 13 436 1 29 436 4 10 436 33 25 436 66 5 454 89 7 474 33 27 503 84 6 514 53 24 515 15 31 524 94 2 554 17 1 557 88 13 569 98 2 603 53 8 621 57 24 628 18 16 634 53 5 651 64 19 664 82 8 667 72 18 681 8 15 700 94 6 727 69 17 741 34 2 749 92 2 754 83 3 761 96 20 762 65 9 809 37 4 809 68 22 810 5 26 818 17 23 836 86 28 837 77 28 843 38 11 845 4 19 864 88 2 873 68 21 874 82 9 889 7 25 889 19 4 893 64 11 894 70 20 934 50 23 935 84 5 940 88 9 943 28 19 956 78 6
200 289 0.0001 76 44 23 80 11 27 84 50 6 84 63 24 85 10 1 91 44 23 91 56 22 92 58 14 94 0 22 96 30 29 98 52 26 98 57 2 101 76 31 103 38 8 105 95 7 107 4 16 128 55 20 129 55 4 130 97 27 131 13 16 131 80 9 132 68 15 144 100 12 145 37 5 148 35 6 149 13 27 159 42 14 163 9 6 166 9 28 172 26 5 173 100 24 176 54 22 177 72 19 183 67 8 189 87 23 190 31 30 190 83 29 197 70 16 199 9 10 200 21 16 200 53 7 202 51 30 211 92 1 212 36 4 216 63 8 216 98 3 220 61 14 221 27 4 224 28 16 226 89 1 229 11 31 231 96 23 233 70 26 235 54 12 236 37 28 244 61 30 252 83 18 260 31 20 260 79 22 269 2 0 273 67 31 274 11 11 274 14 14 276 78 11 277 30 30 278 48 5 283 75 4 284 75 19 287 73 7 288 9 1 295 32 23 296 33 17 300 16 22 302 56 29 305 72 7 309 72 10 312 50 29 318 96 17 320 28 22 321 14 19 324 76 11 328 87 21 331 10 8 331 27 13 333 7 1 333 83 22 339 35 15 346 53 12 350 71 5 356 53 13 356 92 3 361 87 31 362 79 20 368 21 22 369 0 22 374 60 28 375 52 25 377 41 26 379 38 14 380 98 23 381 19 28 381 36 17 383 39 11 384 15 22 384 99 12 389 22 5 391 77 17 391 100 10 399 100 24 404 4 13 411 90 16 414 77 1 415 53 4 416 11 30 417 26 9 417 88 23 425 72 30 430 34 1 431 7 14 432 45 28 432 70 23 446 29 4 449 78 16 451 37 1 452 52 27 452 92 22 454 46 2 458 27 15 466 10 17 473 8 6 474 0 14 476 41 8 484 5 0 485 17 7 487 36 6 488 35 14 490 24 29 492 26 26 492 67 9 494 96 11 496 32 2 500 10 0 504 97 6 508 90 25 510 13 7 510 15 17 511 67 10 512 83 0 513 18 12 520 79 0 525 97 23 526 49 22 530 26 30 535 66 21 538 40 27 539 20 7 550 97 16 552 16 1 554 94 24 555 93 17 556 10 26 558 54 12 572 64 17 572 73 22 572 91 9 580 66 26 582 13 27 582 21 20 587 22 17 588 12 3 591 83 27 593 22 27 593 32 14 593 51 30 598 2 12 602 29 12 611 67 25 613 80 23 625 0 29 627 48 25 628 51 29 631 51 30 633 29 17 634 8 1 646 78 10 646 100 8 647 39 25 655 11 30 658 3 19 659 52 0 659 65 0 660 37 26 661 63 13 662 52 29 664 72 18 665 61 6 666 24 12 666 75 21 673 72 7 675 100 27 687 32 12 687 49 23 688 15 14 689 41 20 690 35 11 694 21 31 694 76 22 698 4 20 703 87 5 705 96 2 710 91 19 716 40 16 717 41 30 722 80 12 724 81 23 725 20 2 728 19 20 731 23 5 733 47 22 738 34 23 738 84 12 740 59 14 742 14 3 742 88 24 743 0 2 745 27 11 747 61 13 753 63 20 754 65 22 755 44 5 761 93 14 764 5 20 764 30 10 767 15 26 768 5 5 768 15 8 768 89 14 771 20 0 772 10 25 773 72 8 776 97 8 777 38 29 780 66 8 782 82 11 785 25 30 792 100 2 794 57 17 802 98 18 805 35 22 805 49 2 806 24 22 806 61 23 811 58 18 829 2 2 830 15 25 830 74 8 830 93 16 832 39 20 832 67 2 843 36 9 843 69 16 844 30 10 849 79 6 856 1 28 860 89 22 861 38 22 865 48 25 866 64 26 866 88 15 879 62 15 883 90 28 888 37 10 891 80 13 896 77 5 901 14 23 905 11 19 905 20 31 910 5 8 914 29 11 915 16 14 919 75 12 924 100 22 928 52 20 934 83 31 935 61 26 937 8 31 944 46 13 948 35 0 955 36 14
201 289 0.0001 76 92 4 82 2 5 84 82 10 87 16 4 93 47 4 100 97 15 102 28 6 103 3 13 105 92 18 108 17 16 113 77 21 114 60 22 114 65 14 115 64 30 116 88 5 117 71 8 117 92 1 118 34 9 119 74 25 125 78 29 141 21 25 144 91 18 152 59 29 153 63 30 156 60 6 158 20 1 162 26 2 164 81 3 165 79 23 165 92 22 168 18 21 176 56 14 185 7 15 188 45 16 188 73 18 192 78 20 195 68 26 197 8 6 198 80 24 202 86 10 208 35 5 213 89 25 214 6 8 214 98 4 218 90 11 221 70 9 223 15 8 223 43 25 223 83 30 224 0 2 225 1 25 225 22 21 226 59 29 227 68 9 229 44 19 229 99 29 232 93 8 233 23 13 255 74 18 259 75 29 261 61 10 266 38 3 277 97 6 279 19 26 281 56 22 287 20 29 287 51 9 289 8 27 291 51 20 299 60 3 309 13 29 310 62 3 315 3 29 315 49 9 316 47 10 328 100 22 337 54 15 338 85 13 340 17 12 342 26 29 348 3 3 348 31 13 348 32 11 348 85 18 349 22 9 351 68 20 358 67 26 369 98 29 370 36 0 375 52 21 376 39 26 376 64 20 378 95 17 388 59 12 391 32 16 391 49 20 395 88 3 397 79 1 397 85 6 398 35 30 400 67 28 400 78 6 402 20 18 404 98 2 407 44 10 408 0 21 413 39 14 414 8 1 414 67 29 415 69 18 415 85 2 422 60 5 425 60 11 428 17 28 429 20 31 430 33 2 430 52 17 430 67 0 431 97 17 437 25 12 437 39 31 439 51 9 442 65 25 443 54 21 444 64 12 446 74 21 452 45 3 457 52 11 457 69 18 459 76 20 460 45 18 469 54 12 476 87 29 477 55 2 477 78 20 479 42 5 481 55 21 482 83 22 484 38 6 485 16 0 487 28 25 487 65 3 489 16 24 492 60 14 494 55 2 495 74 30 497 14 9 499 63 21 499 94 1 501 3 12 504 16 28 504 36 30 506 60 9 508 9 31 510 72 5 512 39 6 513 13 28 521 54 3 525 22 2 526 81 29 529 65 10 530 58 3 535 24 5 536 90 11 541 42 28 542 55 2 547 49 18 554 38 31 561 26 23 563 94 7 563 96 10 566 78 16 567 76 4 568 67 27 576 3 12 581 7 15 592 25 22 592 56 15 594 67 25 599 20 22 601 63 15 615 66 31 619 95 7 626 5 31 627 82 27 635 57 11 642 88 24 643 1 23 650 64 26 651 54 25 651 64 12 655 75 6 663 76 10 668 38 8 672 96 3 673 10 26 674 17 23 681 56 31 689 9 27 691 74 7 694 64 2 698 99 29 700 59 29 703 58 24 704 47 20 707 94 7 708 34 21 709 56 31 711 8 2 718 72 27 722 20 27 722 31 16 726 92 29 739 81 23 740 39 30 740 48 26 751 48 11 752 97 21 757 87 16 780 72 3 781 15 23 783 92 18 788 45 11 788 47 30 794 0 17 798 20 10 799 56 6 803 3 25 811 95 28 812 26 6 814 1 10 814 68 11 817 4 2 818 43 0 820 4 16 821 89 30 821 91 13 830 100 22 832 34 1 846 28 5 847 12 27 848 61 28 848 92 7 850 28 19 854 72 7 856 3 29 857 86 12 862 51 30 863 100 0 864 21 27 868 67 27 869 83 30 870 77 30 871 8 21 872 51 19 873 59 21 877 2 18 882 39 21 886 52 5 889 60 5 891 22 19 892 85 13 893 69 23 904 18 26 905 94 15 912 25 15 915 80 24 922 82 6 924 42 7 926 56 4 927 62 23 932 46 1 935 2 19 935 69 24 937 36 20 938 25 14 944 22 7 946 13 31 947 74 30 948 92 7 951 0 8 954 57 13 955 2 25 955 10 29 955 78 18 957 39 26 957 57 28 959 62 8 967 91 24
202 289 0.0001 74 67 20 78 28 2 80 58 22 83 74 31 84 59 10 85 9 21 85 45 6 88 29 10 91 49 28 95 34 17 96 36 22 98 54 23 102 20 16 112 24 8 123 2 24 127 97 15 128 78 23 135 92 26 140 92 26 140 94 8 141 20 4 149 2 11 150 99 12 151 8 4 153 11 9 153 90 21 154 41 2 156 41 21 161 55 6 164 91 15 165 9 31 167 55 7 167 62 21 168 32 1 174 42 10 179 70 0 191 81 12 197 42 1 197 52 27 198 62 11 199 12 15 199 32 18 202 29 5 205 89 28 208 10 12 211 12 8 211 12 18 216 55 2 217 75 12 221 11 14 223 61 24 224 66 26 225 26 17 234 6 19 234 56 21 234 70 10 237 52 20 239 1 22 243 39 13 244 94 17 247 33 3 249 88 25 252 21 18 252 32 21 256 96 23 259 49 10 264 39 15 268 32 29 270 23 3 281 79 19 285 91 30 290 85 15 292 46 6 293 85 30 295 26 21 296 22 24 300 4 12 300 78 7 302 4 31 302 96 27 307 40 9 308 14 15 312 21 4 312 59 19 315 8 30 319 63 17 321 85 24 322 2 15 323 72 26 324 14 31 327 44 1 327 99 28 328 81 18 328 83 28 335 61 0 337 5 9 340 23 9 340 66 4 341 69 8 343 22 17 345 3 26 359 69 21 359 83 14 359 83 21 360 66 27 364 67 16 369 84 31 371 76 10 376 39 13 377 85 4 398 78 23 400 97 31 402 70 23 406 61 19 408 33 31 411 49 5 416 13 13 418 49 5 418 56 19 421 35 20 422 50 29 425 51 15 433 10 4 433 22 23 433 96 29 446 22 29 448 99 29 449 46 19 455 16 21 456 62 0 460 30 26 461 74 25 462 34 3 464 96 26 468 18 12 477 31 9 480 29 8 484 36 22 486 31 21 487 61 1 488 63 19 499 74 8 501 68 6 502 39 3 502 63 10 509 12 21 511 42 27 512 30 25 512 42 11 520 51 6 521 85 3 524 34 24 525 51 8 527 53 6 531 21 6 534 73 14 540 39 15 543 93 12 553 67 13 561 83 24 568 36 18 569 9 13 569 39 13 570 82 10 573 92 9 573 99 25 579 88 7 581 90 14 585 47 29 589 51 22 591 61 5 597 12 27 597 85 28 599 67 11 603 96 22 604 23 7 620 64 16 622 14 12 623 20 11 624 24 9 627 8 10 628 38 4 633 72 26 634 13 22 635 29 14 635 86 22 638 47 0 640 23 31 642 43 19 650 58 8 651 60 1 653 79 17 654 99 25 661 60 23 661 90 29 663 35 19 668 48 2 669 94 28 674 68 7 675 16 31 676 34 27 677 61 24 680 67 5 681 57 26 682 65 12 686 7 3 686 32 12 688 16 23 688 46 18 689 38 25 690 10 21 690 80 19 693 64 5 697 15 26 698 56 19 709 93 29 714 94 13 718 25 16 722 2 30 731 87 19 734 57 9 734 72 18 735 54 25 736 92 6 737 70 27 739 78 3 751 30 0 753 45 16 753 80 30 754 88 15 768 100 22 769 18 26 773 42 30 775 33 26 776 56 24 779 68 12 779 90 12 783 86 17 786 10 15 787 26 1 808 97 12 812 40 18 814 88 24 815 89 13 816 95 8 818 76 16 820 59 31 822 24 15 832 91 24 834 91 8 842 36 28 843 23 14 844 10 15 844 52 12 854 19 11 858 100 3 862 5 14 864 18 23 865 12 3 869 31 22 873 15 21 874 39 14 885 27 18 886 57 31 887 6 2 888 75 6 892 2 7 895 31 13 904 93 25 906 11 11 911 52 12 918 98 21 920 71 13 923 93 29 924 67 24 925 54 30 928 31 17 935 52 8 939 79 0 940 54 7 942 6 28 944 35 18 945 27 22 955 68 20 955 71 11 956 81 12 959 78 25 963 29 22 963 53 14
203 289 0.0001 73 95 0 76 89 5 84 53 23 88 100 18 91 29 8 96 59 28 103 64 27 104 83 10 109 87 13 120 4 30 122 11 23 123 18 28 123 46 2 123 86 6 124 90 5 128 51 7 136 65 12 139 57 0 148 20 23 148 87 8 149 99 26 154 23 13 154 39 6 157 34 20 158 33 8 158 48 27 158 60 22 169 35 31 169 98 5 171 42 1 171 89 20 172 45 0 172 77 2 173 13 2 180 40 31 181 38 3 181 78 7 185 30 29 188 17 2 191 30 25 193 33 7 195 50 11 196 29 9 197 5 4 200 6 4 205 23 3 206 99 1 208 39 21 211 56 25 216 18 5 219 78 0 225 96 19 226 42 3 228 89 19 233 75 21 237 15 27 250 96 27 251 83 27 259 12 2 262 93 4 270 61 19 282 23 1 282 32 15 283 95 16 283 99 0 287 3 11 288 88 28 289 27 8 292 49 29 296 18 0 296 90 11 301 26 17 303 10 20 309 14 7 311 31 12 315 95 15 322 90 1 324 33 23 324 43 23 324 50 28 324 56 11 326 2 18 326 85 3 326 96 7 328 13 16 334 75 7 335 45 30 336 51 3 337 44 23 338 63 11 339 0 0 340 16 19 342 96 10 344 74 13 349 94 29 350 69 31 355 50 30 360 77 2 364 13 28 368 61 15 369 94 4 370 36 5 372 21 30 384 29 24 402 4 1 405 15 29 408 78 16 412 53 14 416 55 20 418 91 9 421 42 18 423 73 23 423 90 31 424 54 25 431 25 9 434 98 18 440 37 8 441 18 16 444 97 16 453 12 13 456 27 28 458 34 13 466 49 31 468 11 7 470 58 26 472 55 5 477 94 6 478 51 16 485 74 5 487 94 30 493 99 7 494 73 22 495 8 6 497 43 8 497 49 8 500 9 7 501 36 25 501 76 13 502 23 25 504 62 14 508 18 6 509 14 5 512 93 9 517 80 18 519 3 17 531 99 21 534 84 15 536 36 4 538 55 5 548 28 22 548 30 5 548 32 4 562 2 0 562 21 4 565 15 3 566 34 1 569 81 0 572 52 27 575 64 22 578 19 20 580 56 29 583 58 26 584 42 15 584 45 16 585 59 2 586 14 15 590 15 7 591 27 9 593 10 25 600 3 11 600 7 1 600 28 12 604 41 11 605 85 19 605 91 11 607 76 23 609 38 30 609 44 31 610 23 15 614 39 17 617 43 14 617 59 20 618 22 15 624 92 19 628 88 17 630 84 6 636 9 25 640 36 23 640 82 10 641 24 22 645 89 20 646 37 10 646 56 1 655 12 29 659 45 11 659 67 15 662 78 17 662 91 7 665 69 11 669 65 9 673 73 10 675 76 10 678 67 15 682 34 3 687 72 21 688 69 7 694 15 10 702 43 30 706 20 0 706 26 10 707 14 4 710 36 25 711 8 26 711 99 10 713 45 7 716 59 20 717 76 10 721 25 4 723 3 12 723 99 2 727 96 24 734 65 10 736 87 17 738 48 11 739 92 19 742 94 8 746 54 11 754 72 9 754 74 2 755 9 16 761 4 21 767 2 23 782 60 20 794 40 30 795 99 23 796 72 0 798 37 17 803 65 1 804 68 15 805 35 27 808 51 17 808 67 13 814 11 15 818 71 15 820 8 3 824 92 25 829 66 3 831 74 27 833 17 6 837 95 3 842 41 10 842 68 6 842 76 6 843 88 6 849 95 31 850 47 25 851 13 11 852 8 22 857 81 19 859 74 25 865 30 30 867 45 15 868 59 27 874 49 5 874 74 29 884 20 9 893 27 1 894 70 29 894 91 27 896 0 17 899 11 28 904 19 8 908 95 22 914 16 20 916 26 5 917 89 10 919 79 20 920 24 5 920 64 13 921 25 29 925 7 15 936 61 24 936 100 14 937 2 25 948 86 27 949 83 21 955 78 7 956 63 29 959 83 28
204 289 0.0001 73 6 8 76 85 17 78 22 19 80 8 21 83 8 20 86 43 21 92 47 31 92 57 8 99 7 21 104 20 6 106 79 15 108 67 2 109 62 25 126 47 11 129 66 30 131 87 9 139 28 25 141 33 24 145 30 8 145 74 25 148 68 30 152 38 8 158 1 30 159 26 3 159 76 27 163 63 12 163 90 21 164 62 17 165 87 18 175 66 2 179 29 4 179 47 4 180 47 30 181 30 5 181 96 23 182 9 17 183 54 12 189 68 10 200 31 31 200 87 8 201 0 7 208 14 18 209 29 28 213 41 24 215 73 6 215 85 29 217 44 6 218 75 9 222 45 25 224 80 21 226 82 30 229 21 9 230 90 3 235 68 13 237 84 10 240 82 24 242 61 26 243 95 9 244 76 3 249 98 13 254 36 13 256 88 17 259 55 3 260 48 14 261 85 12 262 33 19 268 73 3 270 13 24 273 14 18 276 14 20 276 53 13 279 69 15 289 40 14 295 18 12 298 17 7 303 43 18 305 11 29 306 20 27 309 90 23 312 36 29 312 75 21 316 20 14 318 92 25 321 21 31 323 4 10 325 57 27 330 5 8 330 74 23 331 25 17 332 66 13 335 16 19 345 98 20 351 23 9 354 17 14 355 98 12 359 79 28 361 36 8 367 99 13 377 13 4 381 97 3 382 75 30 383 39 31 392 36 16 393 60 21 394 86 14 399 74 24 404 67 24 406 24 2 406 53 22 417 6 3 417 26 18 419 59 0 420 42 20 420 51 24 429 80 9 430 75 11 431 85 16 431 94 7 436 43 1 440 78 5 444 80 12 445 100 17 447 0 31 450 81 16 451 12 21 451 25 25 451 95 10 453 26 19 454 22 20 455 10 31 455 30 28 460 83 12 463 33 25 464 79 21 467 94 2 476 59 19 485 6 2 486 69 25 486 76 5 488 66 7 496 69 28 498 23 14 498 94 25 504 29 9 509 83 29 509 99 10 513 51 29 518 19 30 524 2 10 526 25 24 528 54 13 530 10 5 530 43 18 531 69 6 532 95 31 536 64 25 540 2 20 541 70 4 542 44 29 545 52 6 554 22 29 554 66 23 555 1 23 564 58 26 566 89 31 567 76 19 569 1 5 569 65 28 571 13 1 575 8 6 575 31 24 575 33 3 581 79 11 594 67 14 598 31 29 601 96 29 605 37 19 605 56 26 606 32 20 606 77 26 612 8 2 615 41 8 617 10 2 618 6 2 618 25 11 620 21 1 621 97 14 623 1 13 623 8 26 627 88 8 631 7 9 632 91 18 636 48 8 637 14 16 643 30 6 645 23 15 645 86 25 648 54 25 651 42 27 654 8 14 659 5 30 659 48 15 659 95 1 665 62 6 668 25 1 669 19 7 679 40 0 682 61 12 682 66 18 683 76 25 684 39 24 687 54 21 689 16 1 690 78 26 691 11 3 698 48 12 699 69 4 705 84 19 708 26 4 712 75 8 713 59 1 716 90 27 719 7 18 720 97 8 723 17 16 726 34 22 732 56 16 732 87 6 732 87 15 736 55 8 746 33 25 746 75 0 748 13 22 751 26 7 752 15 24 755 9 6 763 36 22 764 55 2 766 17 3 769 13 8 779 9 21 790 7 23 790 11 29 796 58 23 799 86 29 805 7 1 807 89 3 810 61 16 812 35 11 813 87 11 816 6 30 816 7 2 816 8 17 817 89 24 821 17 22 825 40 16 826 74 19 827 79 17 834 99 18 841 89 3 848 2 10 849 13 20 849 95 19 851 17 25 854 13 1 869 75 18 874 50 26 878 6 18 885 98 30 892 39 13 895 95 6 899 86 13 902 22 4 902 85 26 905 4 1 909 10 25 912 19 1 917 72 11 922 71 1 931 26 1 932 50 21 933 47 3 937 7 2 941 29 31 942 81 18 945 84 23 946 100 9 949 3 25 967 13 30
205 289 0.0001 72 60 26 73 23 4 74 79 25 75 86 17 81 15 3 82 56 29 83 87 6 87 20 3 90 14 0 92 12 17 92 86 24 94 94 27 95 99 22 99 74 21 107 11 26 109 48 1 113 90 16 117 0 11 117 67 5 123 80 16 133 32 22 133 66 12 147 56 21 149 49 22 152 4 18 152 22 9 157 32 6 162 25 7 162 90 18 165 43 2 165 51 15 168 81 25 179 91 7 182 50 21 186 49 10 207 21 13 207 65 11 211 18 12 212 72 9 215 9 5 229 29 26 235 29 9 235 40 23 236 55 12 239 1 28 240 60 17 242 19 26 243 41 31 245 88 1 251 25 30 256 59 4 257 85 29 257 93 22 264 91 24 265 3 15 268 94 4 270 0 17 274 84 31 277 87 5 280 82 26 288 33 1 288 51 18 290 33 17 291 100 15 292 59 9 293 50 10 295 63 21 298 8 22 299 22 14 303 52 31 304 61 13 308 57 22 309 28 3 309 69 3 310 56 0 311 84 7 313 57 30 316 13 29 316 70 16 322 92 8 325 44 14 330 41 10 334 24 27 335 97 29 339 12 8 340 77 5 342 84 10 344 49 5 347 40 8 354 65 12 355 70 28 359 21 29 366 71 17 369 9 29 369 89 7 380 59 23 381 8 4 381 9 22 386 66 24 387 63 28 388 18 18 389 53 29 391 13 0 397 9 13 397 29 22 401 31 3 401 73 28 402 72 24 411 66 6 411 83 0 411 86 22 414 31 10 415 36 23 421 39 22 424 3 19 426 35 30 431 61 13 431 89 3 432 16 25 432 51 20 435 13 13 442 96 6 445 83 20 448 74 12 449 15 12 456 79 17 462 64 30 464 59 26 467 58 20 471 70 18 478 61 25 485 60 23 487 79 12 497 34 9 497 35 12 497 78 16 510 77 7 514 2 12 515 18 11 523 61 1 524 26 31 527 81 28 538 56 10 539 66 3 542 36 29 542 45 15 543 55 8 543 57 3 544 12 19 544 25 23 548 68 6 553 17 18 555 3 4 556 23 24 558 11 30 559 92 17 563 39 13 566 32 10 566 81 29 572 80 3 573 12 22 580 9 24 585 22 21 589 89 26 590 50 27 592 92 25 593 95 24 594 97 16 596 15 6 598 89 30 601 68 25 602 92 31 608 20 6 616 36 11 619 30 14 627 9 23 629 82 3 633 7 19 636 82 0 641 49 4 641 61 16 641 74 1 646 88 14 652 61 10 654 13 29 658 8 23 658 24 1 661 100 10 663 60 14 666 57 20 668 54 26 670 11 14 670 99 31 672 95 27 674 46 14 681 14 15 683 37 24 683 75 28 690 37 0 692 48 30 693 11 18 696 29 14 696 43 19 701 48 5 702 20 16 712 15 27 712 53 12 714 94 7 717 47 26 717 84 19 718 72 5 719 46 7 720 42 27 723 23 9 726 91 9 736 12 29 736 84 23 741 24 11 742 58 27 756 24 23 760 6 31 760 55 1 760 80 5 763 71 19 767 84 17 772 47 20 778 97 27 782 28 1 787 40 17 789 27 10 790 97 4 792 35 24 797 77 13 800 18 25 801 15 8 808 13 6 811 19 23 811 25 24 811 51 22 811 53 23 818 90 20 821 89 0 823 54 25 824 49 0 824 88 1 824 95 7 844 92 14 848 22 12 849 18 22 851 58 31 852 23 20 855 13 0 856 18 6 856 73 5 858 88 23 861 74 23 862 24 3 864 50 18 866 70 6 880 6 30 892 93 6 895 56 26 895 82 24 896 15 10 896 96 6 899 54 8 901 57 20 902 88 22 902 100 1 904 50 10 905 53 15 908 18 13 908 36 29 911 45 5 912 43 18 913 16 3 913 49 8 920 0 8 921 47 2 921 99 8 936 0 1 939 38 20 956 9 25 961 88 1 964 90 29 965 5 13 965 36 11 965 56 18 966 83 19
206 289 0.0001 72 6 5 79 77 0 88 13 27 89 58 1 102 92 11 103 61 19 105 41 18 109 40 29 112 85 28 117 70 11 119 31 17 125 13 23 127 63 18 141 97 6 144 19 26 147 2 16 152 14 19 153 4 31 157 51 9 159 96 3 165 3 27 168 69 13 171 77 20 172 33 15 176 67 27 179 6 29 179 57 14 182 69 3 183 12 22 186 90 31 190 18 0 201 98 9 206 35 8 211 71 28 216 90 22 224 27 3 227 64 10 238 83 31 238 95 2 243 98 10 248 87 30 250 51 8 255 46 31 265 86 13 268 79 10 274 19 3 276 37 4 277 83 24 279 75 27 283 21 6 284 31 15 287 14 1 287 88 13 296 83 10 298 56 23 302 91 2 303 64 17 309 45 31 312 25 14 312 75 23 313 93 28 317 57 1 319 78 6 320 8 11 320 16 16 324 9 16 326 14 5 328 17 7 333 14 26 333 86 22 336 84 16 340 92 17 343 41 11 348 79 20 350 63 25 352 71 19 354 62 26 358 48 30 362 5 26 362 31 6 365 53 19 367 7 6 371 56 1 371 94 17 372 9 20 375 45 5 377 75 18 383 44 2 385 4 5 388 15 10 390 27 26 396 47 8 398 4 8 398 28 18 400 22 9 401 38 5 402 76 5 406 55 5 409 15 28 415 94 9 416 65 11 418 41 13 422 80 17 425 65 18 427 6 23 432 11 7 432 34 0 442 70 1 442 98 29 443 99 20 448 7 3 460 36 18 461 98 4 465 39 10 466 48 31 467 7 26 467 55 3 467 73 0 468 15 17 474 11 31 474 90 3 478 40 3 479 5 7 480 40 23 487 6 20 487 67 18 488 25 14 492 42 22 493 8 21 493 82 7 496 80 28 503 9 12 515 74 7 518 93 25 522 56 3 524 36 6 526 1 17 528 5 13 531 0 18 537 25 0 537 36 6 537 45 9 537 57 28 539 31 29 541 10 3 541 84 17 542 74 16 546 58 5 549 32 24 550 1 31 550 21 18 550 65 29 551 8 27 554 69 25 560 49 8 565 13 2 566 86 29 567 35 26 571 86 10 574 62 6 575 40 26 576 36 11 578 86 19 581 32 3 583 89 10 585 3 23 585 30 21 591 49 19 594 86 5 596 8 25 601 29 13 603 53 7 612 20 5 614 59 8 615 77 5 616 27 4 620 2 15 627 75 5 628 20 21 631 22 25 633 59 9 633 77 12 635 57 8 635 99 25 640 50 10 641 82 21 644 69 0 646 55 27 647 40 28 647 48 16 650 49 17 657 29 29 658 27 9 659 3 0 663 27 23 665 91 1 666 40 14 669 85 23 679 35 5 692 43 29 692 46 19 693 0 18 695 71 4 701 6 25 706 100 17 714 20 5 715 97 7 727 100 17 728 43 11 728 51 3 730 6 24 733 73 22 735 32 24 744 100 18 749 0 19 749 22 27 750 17 10 750 32 11 755 28 18 758 35 23 762 38 17 764 0 14 769 87 21 773 53 2 782 57 19 786 17 24 793 33 7 795 40 21 796 13 10 797 7 12 803 35 8 805 17 25 806 39 13 812 30 22 822 83 15 823 60 20 830 51 23 830 68 0 836 28 27 837 89 21 846 81 19 851 25 21 854 82 30 858 47 20 859 100 18 864 82 4 865 18 5 869 39 25 871 10 16 871 83 22 873 87 22 877 69 21 879 100 12 880 74 25 881 2 4 881 6 5 885 29 19 888 57 22 889 1 29 889 14 20 890 93 10 893 59 13 894 29 21 903 41 9 903 73 8 908 13 4 910 29 3 911 39 8 911 83 4 912 79 28 912 97 31 921 27 24 922 96 13 924 46 19 928 2 1 929 15 31 931 25 25 932 94 11 933 48 24 934 73 8 943 24 10 943 43 21 944 64 1 945 66 30 948 0 10 948 11 7 952 84 12 955 74 18 964 89 27
207 289 0.0001 76 73 22 78 59 11 84 9 11 84 55 30 87 17 7 90 21 0 94 1 5 96 72 21 97 19 26 99 32 0 103 24 0 111 54 24 122 40 23 129 53 3 131 29 4 134 72 30 134 87 19 139 74 8 141 77 13 155 100 0 159 59 13 159 68 1 160 53 20 165 44 25 167 48 12 167 68 10 173 24 12 178 23 4 178 65 29 183 27 14 188 40 4 188 59 2 190 96 5 192 14 20 195 19 2 198 80 6 200 28 0 201 35 19 207 74 4 208 54 18 210 45 19 219 87 23 221 83 9 221 100 20 230 92 29 231 48 8 235 32 10 242 6 30 242 48 23 245 24 8 248 71 18 251 8 29 254 78 9 256 38 29 262 59 23 266 10 14 268 58 23 269 38 10 269 96 25 273 27 2 273 37 6 275 15 5 276 52 8 278 9 12 279 17 28 280 5 4 283 10 26 283 21 28 296 14 22 297 5 27 298 12 26 299 78 8 301 71 21 305 22 14 308 6 16 315 84 26 317 98 31 321 99 19 325 69 1 326 28 14 328 15 10 328 95 12 340 55 7 345 17 22 346 78 28 350 34 31 350 94 22 351 7 1 354 43 13 356 65 31 358 0 17 365 12 4 368 79 18 375 21 6 376 12 6 377 89 24 386 7 2 400 7 18 400 93 3 403 31 20 407 28 28 409 3 30 411 100 4 423 15 18 424 72 29 425 36 15 431 51 28 434 0 26 435 15 29 439 75 26 443 24 6 452 87 3 454 20 12 455 65 25 460 80 11 468 73 4 472 27 20 474 26 5 476 67 13 478 33 19 480 20 5 483 70 20 487 17 13 492 5 1 494 66 24 495 75 25 501 87 3 504 88 14 504 95 21 507 37 16 510 39 17 511 71 11 518 4 11 525 53 6 531 56 0 531 92 4 535 94 27 541 30 8 547 26 3 547 69 10 550 18 8 551 59 1 553 80 9 560 42 12 565 94 13 566 65 7 568 50 7 570 16 24 573 79 5 574 93 12 576 16 29 580 33 14 583 26 1 588 64 31 596 66 19 600 0 7 602 79 30 602 92 25 605 32 31 607 26 8 608 74 29 609 25 27 610 31 10 614 83 9 614 86 15 618 55 27 620 3 28 622 83 14 625 46 7 626 18 14 626 99 19 629 35 21 631 13 6 632 61 16 641 48 11 646 23 31 654 93 10 655 86 14 658 61 27 659 1 3 661 51 13 661 93 5 672 38 4 672 73 13 681 16 2 685 51 30 691 12 2 692 36 25 693 91 0 696 27 0 696 62 9 698 46 31 705 100 9 708 82 3 709 76 16 715 37 14 722 69 19 724 4 5 727 7 6 729 98 12 738 34 6 740 66 2 740 85 5 741 18 1 746 79 10 755 49 29 757 4 28 763 16 2 765 98 10 767 5 6 768 18 28 768 87 30 775 13 24 775 96 9 781 29 29 781 65 22 785 31 0 786 63 18 789 88 1 790 93 5 796 16 4 801 38 17 803 43 16 810 36 17 810 88 8 811 11 28 812 91 12 813 25 23 815 84 6 818 60 30 820 16 24 823 5 0 823 37 1 824 0 15 832 66 24 833 23 2 839 39 7 843 4 1 843 53 26 849 37 10 849 45 26 851 16 3 853 32 1 855 35 8 857 25 3 865 46 28 867 97 22 869 86 21 871 5 17 872 62 5 874 94 3 878 31 14 881 47 26 888 26 29 888 89 31 889 76 16 890 76 2 891 42 24 891 97 25 902 49 10 906 57 24 907 4 18 909 16 15 909 86 13 910 99 0 913 85 26 915 15 8 916 26 3 917 37 8 920 72 3 922 55 22 923 18 21 925 15 18 927 51 23 927 82 7 931 15 16 933 89 28 933 99 10 934 65 12 939 62 11 945 91 23 946 98 18 951 77 21 952 53 10 953 38 6 961 89 4 962 32 18 962 36 30 963 58 9
208 289 0.0001 73 68 8 75 64 7 80 72 11 81 47 23 85 74 1 85 90 11 86 57 18 87 1 3 87 74 24 91 53 0 95 74 12 102 21 25 103 92 8 105 52 9 107 66 25 108 4 20 111 15 8 114 32 13 115 67 25 118 45 1 138 13 17 138 23 3 140 50 18 141 43 5 143 88 9 144 3 20 146 63 6 148 63 13 149 71 17 154 54 1 156 53 30 157 43 4 161 2 7 165 1 29 169 63 29 171 27 2 173 8 0 173 12 0 177 15 18 177 16 21 180 19 27 188 34 17 189 93 23 196 46 17 199 13 18 204 79 16 205 58 25 205 73 19 207 24 7 211 42 19 214 23 31 220 78 28 221 72 7 221 92 26 229 44 27 230 25 1 231 54 26 231 91 14 235 16 3 236 75 0 248 53 0 253 3 15 256 12 8 256 99 24 257 77 21 257 91 21 267 41 6 270 10 1 277 20 5 279 39 11 284 41 20 288 46 17 293 13 3 295 18 8 300 8 6 303 15 3 303 75 6 305 61 8 309 38 25 316 90 29 317 56 2 319 3 22 321 18 15 328 21 0 333 0 23 336 22 27 336 78 17 347 35 0 347 70 1 348 25 25 353 19 29 361 53 11 362 69 3 369 46 7 370 9 3 371 21 23 372 10 8 373 71 11 374 14 3 377 22 22 382 0 10 382 13 12 382 15 2 389 3 4 408 19 7 408 31 16 412 24 7 413 52 17 414 22 20 414 32 21 416 23 1 416 33 16 419 19 20 419 60 27 419 72 0 421 2 6 421 98 11 422 59 23 425 1 24 429 94 10 435 73 15 437 74 18 440 81 31 448 81 0 449 8 31 449 17 6 452 35 0 457 55 10 459 4 5 460 34 5 461 48 14 463 9 28 463 50 27 465 73 16 466 60 14 467 57 0 467 78 3 470 49 27 477 57 14 477 86 28 481 88 0 484 10 13 485 89 23 492 57 1 494 2 14 494 99 25 496 86 13 505 31 30 509 6 22 518 97 2 520 96 14 521 58 1 521 62 18 525 3 22 528 25 15 532 62 9 533 92 8 536 9 22 536 15 26 536 93 12 538 52 31 538 84 1 539 27 8 539 35 23 543 6 5 544 21 25 554 76 30 555 87 1 565 62 21 567 44 0 571 53 16 571 78 0 573 91 30 574 51 10 585 69 17 586 48 29 591 69 23 592 63 8 593 58 6 606 69 2 608 2 11 608 24 14 608 55 15 612 45 1 614 19 13 616 67 10 617 62 20 621 82 7 627 28 6 627 35 19 627 69 2 629 44 8 636 92 25 638 0 13 638 98 6 639 99 21 644 32 28 644 97 12 646 24 8 650 95 6 653 7 20 654 71 6 659 45 6 660 46 0 670 43 18 673 22 19 677 11 12 677 58 14 678 80 29 684 93 25 686 25 0 689 46 30 691 8 16 703 6 29 703 38 27 704 50 24 704 62 21 705 16 27 710 55 20 711 11 31 713 27 25 718 23 21 718 65 25 718 91 9 720 50 8 721 89 30 733 68 26 734 7 13 742 25 27 747 42 18 754 46 1 759 41 27 762 37 6 774 93 1 779 82 15 790 34 31 808 47 0 808 96 27 811 20 3 811 35 20 814 21 17 818 87 28 821 55 27 823 72 3 830 94 17 836 93 14 843 71 11 845 81 25 851 100 21 852 1 23 853 49 6 860 85 30 861 60 18 862 32 24 864 57 8 866 25 24 875 14 8 878 98 25 884 47 21 891 47 4 897 61 16 897 71 21 901 8 26 901 32 7 902 61 6 904 15 6 906 45 11 907 34 6 908 81 29 919 57 5 923 81 27 926 50 3 931 32 22 932 43 27 933 22 16 933 41 2 933 82 0 934 53 13 934 92 16 935 87 14 936 4 7 939 26 10 941 60 11 942 16 9 948 94 24 949 24 22 951 47 1 961 29 28 964 73 0
209 289 0.0001 79 74 0 81 14 21 83 33 30 85 52 3 103 67 13 104 85 13 106 24 12 106 47 15 107 72 30 110 4 9 118 66 20 120 4 11 123 51 24 125 74 14 128 17 17 128 44 25 131 43 19 134 96 31 136 59 1 137 94 14 139 36 13 143 7 10 144 51 7 145 91 15 146 94 20 147 22 19 147 55 10 147 63 12 147 95 14 151 48 14 159 62 22 162 83 9 166 55 20 166 73 25 169 97 1 176 32 13 177 71 12 186 53 21 191 74 31 194 63 0 196 52 9 209 13 9 212 100 12 220 56 12 226 48 2 233 47 29 238 23 29 240 24 9 240 33 8 242 12 28 245 48 9 247 82 31 250 57 6 253 63 0 257 66 0 258 41 3 269 15 12 277 76 27 279 60 22 281 16 19 282 91 1 284 85 29 285 60 5 286 62 17 286 84 17 289 35 29 290 93 8 291 40 26 292 26 30 293 83 3 294 96 0 298 69 4 299 61 0 302 34 26 302 92 22 307 98 23 313 40 21 314 7 15 318 2 21 319 35 24 322 20 26 326 67 31 327 64 16 330 67 13 331 85 14 339 72 21 342 73 16 343 64 4 348 12 11 349 96 15 350 50 14 353 38 15 360 91 15 362 57 0 369 80 18 372 22 23 374 84 7 375 3 28 389 22 16 396 84 12 397 50 3 397 66 30 400 64 30 404 33 3 404 63 26 404 80 29 405 86 30 406 52 1 412 40 14 422 77 12 423 40 15 427 20 9 428 41 31 433 70 20 434 80 25 438 13 3 438 32 4 442 36 25 442 69 12 447 66 11 453 48 25 457 45 31 457 66 28 466 16 5 466 49 30 468 88 25 479 76 29 481 16 21 485 59 27 486 72 21 489 55 14 492 27 14 492 73 15 496 42 29 497 64 28 498 71 3 500 7 20 502 9 2 502 37 6 507 23 11 510 57 20 523 86 14 528 52 23 529 51 24 531 86 5 532 29 19 536 47 5 539 52 3 543 85 3 546 95 27 547 22 29 553 27 18 553 67 16 557 98 16 563 34 23 563 84 26 573 40 28 578 94 13 591 74 5 594 35 9 595 68 6 596 14 7 598 27 29 601 38 3 601 61 4 611 8 12 611 27 4 613 87 13 617 57 0 619 91 28 620 18 27 622 56 7 627 77 16 629 91 19 629 95 0 631 78 22 633 7 25 635 40 10 638 62 22 638 80 0 639 17 26 644 48 2 646 6 1 659 47 0 660 10 1 660 67 1 661 63 25 665 21 23 665 31 24 665 72 29 666 75 0 667 38 20 667 52 18 672 9 24 672 74 16 677 88 16 679 59 3 683 19 20 685 21 25 688 95 3 690 19 6 693 89 26 697 2 2 697 24 0 698 51 17 698 52 8 701 100 31 704 26 18 704 82 24 707 39 8 709 21 14 711 41 12 715 58 9 719 93 5 727 30 2 728 69 27 729 67 10 731 47 7 732 70 0 736 81 7 742 81 3 747 45 26 747 82 27 753 33 25 762 6 27 762 91 13 764 30 12 766 61 8 769 55 25 771 6 22 772 27 5 775 73 0 776 24 24 779 34 8 781 16 21 782 48 10 784 6 11 784 96 19 786 1 16 787 13 27 788 84 7 790 33 8 792 86 22 793 19 3 794 12 21 794 37 6 795 31 20 795 61 29 798 9 0 800 28 18 802 18 3 808 90 16 809 100 1 823 40 30 823 52 11 824 83 26 829 5 15 832 21 0 832 70 0 834 16 26 834 24 13 837 80 1 838 5 16 846 92 28 848 43 8 849 24 14 852 18 9 862 41 7 863 73 18 865 36 28 865 84 13 867 94 7 870 50 15 880 90 16 881 75 21 886 6 20 886 17 3 902 77 11 904 98 26 909 55 18 915 55 24 924 32 26 929 90 7 936 21 6 938 69 6 947 12 12 951 29 2 961 71 13 967 78 28
210 289 0.0001 79 71 15 82 77 19 82 84 8 84 59 11 90 54 1 92 8 3 94 83 0 96 14 17 104 75 26 110 23 6 111 83 24 117 82 5 120 99 20 127 16 9 130 43 2 131 65 9 133 94 31 134 27 19 140 2 13 141 33 7 143 18 13 143 91 17 145 72 18 145 85 19 158 31 10 158 92 18 163 92 30 166 34 4 168 82 19 174 53 29 176 53 3 176 66 0 180 18 25 180 36 10 181 52 18 181 62 12 185 3 21 190 15 5 192 99 15 195 28 12 195 51 0 200 29 11 207 96 5 208 67 30 212 81 25 220 39 1 221 92 6 226 9 12 231 69 8 234 80 11 238 42 10 240 97 13 246 34 21 247 61 28 249 69 20 255 78 8 256 12 10 256 61 20 256 100 26 257 62 30 263 47 28 265 15 3 265 84 21 266 49 12 268 36 4 270 77 30 273 86 26 276 27 6 296 63 20 299 21 0 303 57 11 306 52 26 311 19 6 312 83 7 319 26 18 325 58 16 327 80 22 329 8 24 329 13 28 331 79 27 333 22 23 334 72 12 337 91 25 339 7 20 343 1 6 350 68 20 354 96 30 375 29 1 380 8 18 380 68 4 381 22 2 384 78 10 385 52 7 387 81 16 392 31 18 395 43 31 396 67 20 397 20 15 398 53 12 400 30 24 400 59 9 404 69 7 407 50 12 407 71 14 414 28 23 415 19 9 416 40 11 429 64 6 437 37 31 438 86 6 443 34 8 447 34 28 454 12 21 455 10 14 458 42 11 459 83 9 460 39 1 463 83 27 466 97 15 468 23 14 470 18 26 472 87 19 474 48 31 477 64 25 494 15 29 496 45 14 497 84 9 498 62 19 498 91 15 502 27 5 502 96 23 504 41 6 505 34 29 505 42 5 506 20 2 507 81 3 509 46 13 512 80 23 516 28 20 516 77 22 518 1 5 519 23 8 519 48 9 524 52 8 524 96 18 525 59 17 530 94 24 532 58 13 533 88 11 534 50 13 537 87 2 544 21 30 548 74 0 549 68 25 553 49 9 555 60 30 556 35 31 562 33 12 569 88 5 571 44 26 572 48 2 573 82 14 575 74 10 575 95 16 584 7 3 599 38 18 599 70 25 608 48 27 620 16 25 621 34 31 622 90 6 625 0 28 626 79 11 626 83 9 627 1 1 628 70 31 631 83 11 632 35 31 634 57 6 634 93 14 636 21 22 638 26 27 643 31 12 643 34 16 644 99 31 647 16 0 650 26 21 654 63 18 664 2 27 667 22 9 668 85 26 670 94 27 671 56 11 673 74 5 674 78 21 675 27 30 675 98 16 676 59 29 679 73 15 688 74 27 694 5 22 694 73 31 699 67 21 699 96 2 701 70 12 704 74 0 705 47 8 705 49 10 708 20 25 710 47 23 714 48 30 715 94 11 717 36 6 725 100 31 726 53 4 733 65 31 733 85 1 733 97 5 734 31 20 746 24 15 749 19 20 749 44 27 754 16 16 764 71 15 766 41 4 775 3 26 776 46 12 785 96 12 788 26 7 798 56 24 801 18 10 806 40 27 807 27 20 817 54 6 820 90 14 822 48 20 822 58 1 824 66 16 825 76 21 828 2 13 828 85 17 830 14 7 833 69 14 833 99 29 835 37 30 840 84 24 845 87 31 849 27 6 851 99 1 853 50 2 856 77 26 860 31 3 860 85 27 861 7 27 861 91 30 865 59 13 866 41 18 869 4 18 887 16 30 888 63 25 889 82 19 890 97 30 898 33 21 900 1 29 904 72 8 904 99 18 909 52 25 912 53 24 913 0 10 914 5 31 924 59 30 927 46 21 929 88 27 931 81 18 934 86 2 936 50 16 936 80 14 937 37 23 938 97 9 940 58 2 943 55 28 944 22 11 947 55 8 948 6 6 951 50 16 954 7 27 957 99 7 959 86 11 964 26 11
211 289 0.0001 72 17 7 72 22 2 72 53 24 74 1 7 80 34 15 82 55 23 82 60 31 83 0 0 83 67 6 84 53 21 86 25 28 92 40 20 95 47 17 99 58 28 100 90 5 101 98 6 103 20 2 110 80 14 111 27 3 113 24 21 119 79 0 119 83 9 127 55 27 130 4 5 131 30 4 135 76 4 137 63 8 143 1 1 147 12 31 148 13 14 148 14 14 151 34 2 153 84 15 167 32 30 171 46 6 175 52 7 184 34 20 187 11 27 193 90 30 194 2 21 195 72 2 198 26 4 206 53 7 218 68 2 220 40 14 221 29 17 221 89 24 223 79 29 234 38 18 234 60 10 237 71 25 242 48 15 243 18 29 244 97 19 247 97 27 248 15 20 253 53 11 253 93 24 258 67 7 260 12 16 271 7 30 271 14 0 272 7 8 275 46 23 276 41 8 293 61 30 297 15 23 299 55 22 307 42 1 315 5 17 315 13 20 320 28 28 322 62 28 323 33 1 323 57 11 324 25 5 324 67 6 326 29 8 327 7 7 332 63 2 337 71 12 339 57 2 340 44 22 341 55 0 345 4 17 345 23 4 347 34 2 348 74 4 352 96 23 353 47 7 363 90 7 365 86 14 365 98 6 368 39 20 368 68 29 371 77 4 374 21 29 374 84 25 378 70 26 382 36 3 388 10 4 389 87 13 394 11 30 400 28 31 400 83 12 402 40 10 412 1 21 420 56 2 426 47 6 427 18 10 434 95 8 441 64 29 444 43 14 448 31 28 449 30 4 450 69 10 451 21 13 452 74 5 454 100 26 456 63 30 456 82 15 465 49 9 466 65 12 467 76 13 469 7 13 470 44 8 470 85 17 477 19 13 478 12 7 479 73 17 486 7 18 487 40 28 488 3 15 489 2 20 500 84 3 504 19 11 504 93 25 505 95 31 511 61 31 511 99 16 516 64 27 520 23 18 523 23 8 530 31 20 532 62 25 533 10 30 535 92 22 537 30 10 541 20 11 544 98 4 547 16 31 561 87 16 562 42 23 564 97 6 567 92 21 579 33 13 586 4 20 586 15 9 586 46 15 590 91 20 596 69 14 597 98 19 598 41 11 599 99 20 607 100 29 608 6 10 612 74 15 614 84 10 623 24 19 630 90 12 632 3 9 635 71 3 637 28 1 638 95 31 641 51 17 641 70 15 643 79 2 645 83 0 649 69 27 650 89 5 652 21 28 656 68 25 657 49 22 660 64 21 663 34 5 666 55 21 667 88 19 668 34 16 669 82 0 671 72 28 677 2 7 681 83 24 682 90 16 687 26 13 688 70 0 690 29 6 691 17 30 691 100 19 695 75 21 696 55 4 697 92 25 700 61 11 702 84 31 704 93 4 705 19 16 705 90 10 710 69 29 714 66 23 716 7 9 716 90 26 718 61 26 722 27 27 722 88 2 724 79 7 726 14 30 732 61 10 732 64 13 736 59 3 738 49 31 741 14 15 741 58 16 744 98 29 745 82 25 748 2 5 748 3 7 750 40 27 754 38 26 755 29 2 756 98 28 758 18 19 763 12 22 763 59 26 765 52 2 765 70 17 766 77 23 769 57 5 770 79 1 775 62 26 777 1 25 784 45 11 795 16 23 798 70 24 799 1 12 801 29 0 805 90 24 807 64 29 812 59 26 816 18 18 816 45 20 818 33 16 822 49 31 823 69 0 825 4 0 832 82 12 843 13 2 843 19 2 844 23 11 846 5 21 848 43 1 849 32 14 860 43 21 861 5 10 867 72 22 873 61 29 882 66 30 884 14 14 885 52 14 890 63 26 892 26 10 896 28 29 904 61 13 907 44 0 913 75 19 914 0 27 923 100 22 926 42 27 933 18 12 934 60 30 934 76 10 936 4 18 937 86 27 946 50 29 946 87 20 953 20 6 954 26 7 961 30 10 962 9 15 964 63 8 967 4 29
212 289 0.0001 73 32 28 78 34 6 88 43 19 96 60 1 99 91 0 103 17 5 105 30 11 105 61 3 107 17 0 122 20 10 127 49 20 134 68 16 135 9 29 141 48 5 141 58 8 146 12 2 149 74 19 150 77 17 158 27 7 167 94 12 171 56 5 171 64 20 172 5 10 173 8 8 174 45 27 176 11 1 179 60 27 180 57 11 182 81 22 185 98 17 192 81 9 195 51 30 200 73 30 203 97 26 213 44 10 213 65 18 215 3 0 227 10 26 230 76 27 231 2 11 234 51 4 242 2 27 242 100 23 243 19 28 244 53 0 246 97 7 250 100 8 251 72 16 252 88 11 256 14 6 257 72 27 260 93 1 261 34 10 263 34 25 266 67 17 267 8 26 270 92 24 271 38 20 276 20 25 276 54 31 277 14 11 277 82 0 277 98 2 278 80 8 279 12 25 279 44 26 282 92 3 292 99 31 293 29 20 301 52 0 302 84 7 304 25 12 304 89 19 306 45 6 306 46 20 316 94 7 318 70 27 322 45 22 323 36 4 324 71 28 326 17 29 329 67 28 342 31 24 345 71 10 348 28 27 348 67 12 349 3 14 353 30 26 362 62 14 367 75 22 370 26 2 380 63 10 381 14 17 381 100 28 384 43 31 386 71 14 388 1 8 391 47 17 396 68 3 399 51 11 408 55 12 410 61 22 411 73 14 415 84 19 420 77 16 425 30 23 426 34 29 426 78 8 428 37 11 429 56 4 430 3 17 431 53 27 431 71 0 432 93 16 433 13 23 445 44 4 445 88 28 457 30 5 458 44 14 467 10 29 469 79 25 472 36 15 473 29 24 475 36 6 476 21 5 482 77 20 484 39 12 486 21 28 487 6 16 487 74 16 491 86 14 493 48 18 495 79 21 496 47 3 496 98 26 500 1 4 501 43 6 503 27 19 504 26 21 504 50 21 506 77 5 512 35 0 513 7 8 513 31 19 514 7 16 514 33 24 518 97 0 519 40 29 519 52 1 519 82 3 522 26 17 523 25 5 525 98 27 536 74 31 538 65 12 541 16 22 546 31 30 549 38 29 552 52 21 552 52 22 556 65 1 557 79 18 560 56 17 564 53 21 564 69 20 566 93 21 574 70 5 576 22 31 583 51 27 583 98 5 584 15 11 585 12 10 588 12 25 593 91 3 596 29 0 599 22 31 601 37 21 604 29 12 610 100 10 614 5 29 619 8 6 619 33 15 620 65 24 624 14 16 625 7 17 625 83 8 628 20 11 629 16 4 634 29 12 634 96 20 643 16 2 644 88 13 647 26 8 649 37 10 660 56 31 661 30 16 665 84 31 668 89 16 671 52 28 672 29 21 675 44 27 677 26 26 677 36 12 680 28 15 691 30 2 698 18 31 698 51 27 698 78 13 700 35 31 700 95 13 702 23 5 705 40 13 705 55 24 708 47 26 710 99 14 712 81 29 718 16 20 720 5 3 721 7 10 725 19 16 728 28 0 731 5 9 733 48 15 733 66 9 736 41 5 736 86 28 740 59 13 745 100 30 749 2 22 749 18 11 751 59 0 752 53 25 756 9 5 760 5 14 761 13 15 771 21 3 775 73 10 784 38 16 787 73 26 789 41 5 794 47 5 795 29 11 814 25 17 816 33 3 826 68 4 830 64 19 835 25 19 840 46 6 843 28 9 844 91 31 846 32 22 851 90 15 854 29 5 857 51 1 860 2 3 862 88 4 869 34 10 875 42 25 879 26 11 887 87 18 890 50 14 892 37 12 901 45 7 904 62 0 904 90 17 908 3 1 912 40 8 913 5 4 916 73 4 917 91 12 919 17 2 923 25 2 923 45 17 924 89 22 931 93 3 932 61 23 933 14 20 937 58 15 938 63 15 941 71 15 942 19 2 943 19 1 944 21 0 946 10 0 946 43 22 958 47 9 959 22 10 961 64 6 966 66 21
213 289 0.0001 73 30 5 80 45 14 83 36 19 88 71 4 99 56 30 99 86 27 100 68 23 103 1 2 103 45 13 106 4 20 113 53 3 117 91 24 118 85 6 122 10 30 130 23 0 133 18 7 133 51 9 133 70 15 134 76 3 135 33 22 138 16 23 140 97 22 144 29 6 147 87 31 148 41 18 148 53 10 148 96 13 153 32 13 154 77 23 162 30 5 162 99 6 175 2 5 176 47 10 179 82 28 180 93 13 187 25 13 189 80 1 191 71 20 192 29 14 199 72 8 204 21 5 207 91 21 208 94 10 210 71 6 216 23 3 219 83 0 224 5 14 228 20 10 235 14 24 237 44 1 239 17 12 243 49 6 244 4 7 249 81 18 255 99 12 262 21 22 263 26 27 265 9 11 265 95 5 266 46 7 266 84 29 271 1 26 272 4 13 277 58 30 279 25 25 279 95 2 280 78 14 292 66 9 292 75 30 295 46 11 297 9 0 298 43 0 301 96 18 307 34 28 308 68 20 308 81 8 310 22 7 313 93 20 320 81 16 320 98 23 321 67 15 323 2 26 324 93 8 325 35 28 328 7 9 331 100 29 336 27 29 337 79 30 338 26 24 342 13 19 344 3 2 345 27 11 348 90 12 349 61 17 356 29 27 360 39 24 360 60 16 362 95 4 376 9 13 388 100 17 389 44 16 389 97 13 392 28 14 393 77 21 393 85 31 395 64 28 398 1 4 402 38 10 405 13 19 406 21 23 407 51 14 409 56 12 410 43 7 412 86 10 413 14 8 420 10 27 420 49 8 423 24 28 427 49 8 429 66 31 431 31 2 435 12 13 435 63 19 448 19 26 454 41 31 457 1 30 461 43 21 463 33 3 465 0 8 466 84 28 469 92 24 471 28 30 473 7 14 473 13 12 477 68 31 479 41 19 479 57 15 480 15 1 480 15 4 480 74 9 482 28 18 489 91 20 491 15 26 493 45 11 494 57 23 497 33 23 504 4 7 504 49 2 507 84 9 508 34 3 511 5 29 511 62 17 518 32 21 518 81 21 518 87 19 522 12 9 527 67 6 527 95 2 529 52 30 530 51 24 539 83 9 543 36 15 544 16 28 548 16 8 548 25 22 551 27 1 554 1 23 556 39 3 556 41 3 558 16 17 558 85 3 567 46 17 569 64 6 577 16 23 581 48 26 582 10 22 582 94 19 584 88 2 586 39 13 590 69 15 590 73 17 591 23 7 597 21 1 602 64 27 606 25 27 606 66 30 606 69 4 607 29 18 617 74 6 620 69 10 622 80 30 626 24 7 627 59 20 628 42 8 632 1 11 646 90 5 648 56 11 654 40 10 657 12 11 659 39 30 662 39 31 668 83 18 685 38 14 688 72 5 691 15 25 692 18 27 692 64 7 693 69 3 696 40 1 697 63 5 702 83 7 709 82 14 712 63 17 727 97 20 732 96 2 743 46 14 746 85 20 748 80 10 756 2 6 757 94 31 761 59 3 767 26 16 768 85 31 769 29 9 776 3 13 780 0 26 780 64 13 789 55 25 791 33 1 797 73 17 803 93 2 810 11 18 810 86 28 811 0 4 816 36 25 819 53 8 820 27 31 822 83 6 828 20 11 835 18 19 839 4 6 840 14 11 843 27 9 845 35 23 845 38 4 847 54 24 849 6 11 850 55 0 851 20 24 853 30 19 854 85 13 859 38 16 860 7 24 861 47 1 861 54 24 862 70 14 864 32 6 864 65 13 866 81 30 867 61 30 874 31 16 876 28 17 878 39 20 881 52 5 883 73 25 884 64 30 888 41 31 892 35 10 896 29 23 897 74 23 898 33 3 901 27 27 908 60 25 913 85 3 917 6 12 919 86 19 920 71 28 921 13 9 922 32 2 923 37 3 924 4 6 925 56 15 941 14 4 947 52 3 954 62 29 958 67 17 963 66 29 965 29 6 966 59 10
214 289 0.0001 76 43 15 78 87 8 79 54 6 81 53 27 81 72 0 82 48 0 87 6 12 89 81 24 90 66 28 93 36 19 93 74 2 94 15 0 95 54 1 97 59 30 98 61 31 98 95 14 101 69 25 102 79 16 104 25 29 104 45 5 109 95 0 110 89 10 112 81 30 118 42 4 129 22 16 131 2 27 132 96 4 141 99 29 143 85 17 144 10 23 146 57 16 149 80 5 150 11 23 151 80 20 152 71 24 152 82 26 153 39 4 158 41 4 160 23 22 160 77 28 161 32 2 167 4 20 167 43 25 167 76 19 169 42 16 171 0 6 172 32 14 178 24 17 179 47 7 179 65 20 180 24 23 184 58 28 187 67 19 190 5 31 191 37 6 191 49 19 195 79 22 200 30 25 201 8 8 208 11 17 220 3 27 221 35 27 223 8 6 233 44 23 235 30 9 246 28 2 252 6 19 258 8 28 267 1 4 269 11 9 276 98 9 277 79 16 284 2 6 284 82 16 285 61 23 287 52 1 292 92 11 300 31 29 301 15 24 301 68 8 303 72 8 304 4 19 306 0 31 308 55 23 309 4 16 319 79 9 322 23 0 324 33 27 324 89 4 332 89 18 333 48 13 335 20 8 338 21 4 339 35 14 343 9 23 345 59 4 347 44 6 351 75 29 353 12 12 359 59 25 366 38 10 367 98 17 368 9 25 373 78 23 376 52 29 380 50 2 382 100 5 383 6 24 384 82 6 385 1 14 387 48 29 388 30 3 389 31 3 389 54 4 393 26 16 393 83 4 397 38 16 399 81 14 400 50 5 408 80 5 408 85 18 410 29 2 413 45 15 413 50 13 413 74 30 415 81 24 418 100 22 420 79 23 420 94 1 421 8 2 426 64 31 431 43 14 440 51 7 441 60 15 444 88 24 448 96 18 451 23 25 453 3 17 455 24 19 456 77 23 469 79 28 472 3 15 477 24 17 479 37 2 485 43 29 486 91 8 487 30 8 490 32 2 498 68 6 502 44 9 507 17 12 509 4 13 509 37 6 510 93 26 511 22 30 511 65 15 512 51 20 519 54 18 528 27 16 528 72 31 534 13 0 541 10 6 546 58 18 547 45 29 549 10 6 549 73 3 558 57 10 559 96 30 567 72 29 568 61 23 569 31 12 569 80 6 570 11 4 572 6 27 572 78 2 575 75 18 578 73 13 582 85 24 600 24 2 602 90 16 603 41 6 605 57 24 611 96 21 617 13 29 621 51 29 624 78 12 631 2 31 631 48 19 631 51 8 632 65 12 634 71 17 635 76 7 645 65 13 647 33 23 651 47 2 654 70 8 656 25 29 656 33 2 660 81 1 664 57 21 668 56 9 669 68 18 673 24 12 678 52 30 680 78 17 680 90 29 684 44 1 689 16 18 690 56 24 693 26 23 697 94 7 699 5 20 702 31 4 704 58 29 708 99 5 715 43 4 718 13 1 719 73 25 722 72 20 723 43 18 724 77 3 726 48 28 730 5 29 730 89 10 734 51 31 736 63 31 737 17 5 741 69 4 742 32 11 746 39 23 748 31 12 750 42 5 758 0 23 764 75 14 770 23 9 771 41 0 777 86 3 784 45 19 790 31 25 793 43 25 806 85 24 807 10 16 807 67 26 809 64 0 825 23 23 829 93 31 833 60 19 837 49 23 841 15 21 843 30 12 844 75 29 855 46 11 859 87 9 861 62 21 864 53 16 865 54 5 867 39 26 873 85 9 874 36 23 874 44 21 875 42 25 877 39 11 891 4 21 895 78 29 897 3 2 901 88 30 902 63 5 902 73 16 909 15 17 917 90 25 920 13 7 921 28 8 922 100 28 929 0 8 939 93 21 944 32 13 945 51 19 948 60 10 949 80 30 951 7 23 952 9 13 953 4 12 953 22 17 955 28 8 956 0 27 956 42 29 961 60 5 965 13 23 967 74 9
215 289 0.0001 73 54 23 82 53 21 86 83 26 92 16 21 97 5 3 97 30 16 98 68 18 101 4 6 101 73 6 101 100 27 102 39 14 113 39 27 114 31 13 114 98 9 115 75 24 117 22 8 120 59 13 122 1 15 124 76 1 125 57 31 126 41 7 130 47 22 135 48 9 137 0 6 138 53 26 141 57 18 141 83 20 144 44 1 145 66 16 149 29 25 149 72 2 150 62 8 151 1 26 156 95 10 169 5 2 176 50 15 179 1 7 179 67 10 182 92 3 187 16 23 190 30 9 191 77 10 191 96 21 191 98 26 203 46 15 204 100 26 205 2 28 209 4 0 209 77 22 211 62 17 212 25 17 213 30 31 219 30 23 224 28 14 228 14 16 228 29 9 230 58 8 235 8 12 241 21 2 242 7 16 242 42 20 242 94 24 243 56 4 249 19 18 250 36 5 253 55 24 254 95 7 255 76 13 256 57 20 256 94 18 258 72 9 259 57 4 264 14 1 283 43 21 284 77 8 289 26 7 289 57 22 289 69 30 290 10 0 291 91 27 295 23 2 298 44 19 299 36 27 301 71 29 310 88 18 310 99 18 312 25 6 312 72 17 313 10 30 314 42 5 319 42 20 324 57 26 330 92 22 336 31 8 342 38 3 346 24 16 350 55 7 356 96 28 357 5 4 363 71 13 364 34 18 364 43 30 364 59 25 366 19 27 367 21 5 371 82 29 380 57 30 390 4 26 390 91 27 394 62 12 398 89 2 406 94 16 412 59 18 415 1 28 417 63 5 421 36 30 422 89 13 423 54 6 423 98 1 425 3 16 425 66 27 431 27 18 431 79 1 433 18 6 443 70 13 446 91 5 456 89 18 464 43 30 468 87 3 473 79 8 476 55 3 480 21 9 489 95 14 492 81 18 498 57 23 502 51 17 508 34 21 509 69 18 509 75 4 512 68 25 522 14 27 522 90 13 525 71 28 528 23 18 530 13 28 533 99 21 536 19 4 538 81 29 553 32 19 557 14 7 564 76 30 565 38 10 569 46 27 573 30 1 574 44 6 575 9 30 577 52 3 577 75 25 580 92 1 582 89 29 583 20 29 585 51 26 588 83 2 592 96 4 593 3 1 596 78 27 598 59 7 604 80 31 605 36 16 608 38 21 611 44 26 615 42 8 617 29 17 618 33 13 625 86 3 628 93 31 632 66 26 637 2 24 637 78 6 641 30 6 642 89 29 647 100 7 652 40 10 652 85 18 653 1 3 657 8 0 659 14 22 661 29 19 666 10 7 672 65 20 676 22 28 678 91 3 681 56 13 682 13 22 683 53 5 685 22 13 691 47 14 694 63 5 697 81 21 701 52 29 703 76 28 705 10 23 708 80 2 710 68 18 712 82 23 716 54 22 725 97 26 728 51 6 730 57 28 733 60 5 734 13 4 734 57 24 735 75 8 736 80 20 740 68 12 742 40 13 743 78 11 747 17 25 754 79 19 757 26 6 760 71 26 763 64 11 789 5 31 791 50 29 795 2 9 796 11 7 797 23 29 799 11 12 799 48 14 803 36 17 808 6 6 809 97 28 809 100 2 811 50 26 815 54 29 818 55 15 820 61 20 822 23 3 823 51 2 824 21 23 830 72 12 831 78 5 838 22 1 843 80 31 845 37 13 847 26 9 853 82 7 854 87 2 856 43 16 863 48 15 867 27 12 868 46 14 870 38 5 871 75 4 872 56 26 876 45 29 885 68 11 887 84 23 889 60 18 891 94 5 894 18 3 894 83 26 900 26 1 900 69 29 901 29 3 901 38 15 906 52 17 908 16 29 914 23 23 919 0 13 921 58 14 923 31 30 923 82 31 927 12 0 928 2 25 931 4 27 931 26 4 935 13 20 938 4 15 940 67 12 943 97 30 947 3 28 947 9 2 950 58 27 956 8 29 956 94 15 962 13 8 966 5 21 966 5 24
216 289 0.0001 72 76 16 74 28 4 77 36 9 77 51 5 79 41 29 81 42 23 81 97 9 91 76 23 104 36 20 104 85 27 108 6 6 110 0 2 113 93 13 114 62 27 120 35 31 122 36 17 125 40 20 130 26 27 131 98 22 136 43 8 136 50 29 138 24 12 148 24 23 149 63 14 149 65 11 156 68 15 159 71 18 160 61 24 175 15 18 175 97 18 177 75 5 178 82 26 179 88 3 181 59 18 182 18 11 186 89 16 188 7 5 190 77 4 191 25 0 191 27 17 193 60 28 196 66 18 203 58 26 204 6 2 213 60 6 214 100 13 220 87 20 224 36 6 230 79 26 233 78 28 245 80 9 248 24 28 248 62 14 260 68 9 261 80 16 266 89 19 271 23 10 271 41 25 281 98 26 282 27 24 283 1 31 285 17 18 286 58 30 291 23 21 298 57 1 301 50 28 301 72 26 302 52 11 309 54 20 313 37 20 315 41 16 328 72 29 329 7 7 330 94 0 330 96 11 332 84 2 334 1 31 335 11 18 336 61 8 346 14 23 349 14 23 352 2 23 356 41 0 358 33 2 362 32 12 362 48 17 363 71 26 368 0 30 377 85 27 378 61 18 380 66 20 386 33 0 387 2 11 394 35 3 395 21 20 398 26 7 399 64 30 399 82 14 401 80 7 401 99 21 402 12 4 411 73 27 414 9 12 414 98 29 417 7 18 418 18 19 419 34 11 421 75 13 426 55 29 437 17 16 443 88 24 447 46 1 451 66 19 452 78 3 460 15 1 461 14 2 461 28 7 461 87 21 462 52 21 462 98 24 465 16 22 482 7 4 483 97 17 484 46 28 488 37 25 489 19 15 489 43 22 490 7 30 494 68 6 499 2 20 499 73 29 504 12 3 505 27 3 511 80 1 521 10 2 524 46 18 526 57 1 527 37 20 531 47 4 534 24 6 542 84 4 545 9 11 548 4 16 549 71 20 549 94 15 551 80 13 553 6 8 555 66 19 558 29 16 560 88 14 564 16 25 569 12 27 569 55 16 571 85 5 578 16 9 586 31 12 586 99 27 594 78 0 594 94 17 596 21 2 602 71 0 616 5 13 616 29 0 618 65 31 620 92 29 622 20 0 623 35 24 623 50 31 629 71 21 632 91 4 638 59 9 639 60 22 644 68 24 646 23 19 651 32 5 653 47 2 653 53 23 654 51 15 664 39 1 669 37 24 672 41 16 672 98 19 676 36 24 677 65 28 678 81 26 679 47 25 695 59 19 695 83 7 698 17 16 705 45 24 708 6 24 715 62 25 716 89 2 724 61 17 724 75 11 727 22 9 728 59 0 729 8 15 729 19 2 730 69 19 731 41 31 733 29 7 734 100 14 737 81 7 743 31 13 746 47 17 747 17 0 749 54 29 753 62 29 758 84 4 759 14 19 759 57 17 762 82 18 763 36 11 764 46 20 768 23 3 768 56 7 771 36 31 773 3 9 773 59 0 776 71 29 777 20 19 783 20 22 786 57 10 793 53 1 793 63 10 794 4 11 799 0 0 802 55 26 802 66 28 805 16 11 807 36 22 814 66 24 816 22 31 818 57 2 821 78 0 822 31 2 827 11 31 828 43 0 828 44 1 833 6 14 833 18 5 833 34 1 835 34 22 841 51 26 841 88 24 843 63 27 845 79 29 850 33 12 852 70 30 854 48 17 855 18 20 856 56 0 860 40 27 861 28 2 864 89 9 866 57 24 870 82 0 870 95 12 874 22 31 876 82 20 878 32 12 878 66 3 882 75 17 883 89 7 887 64 30 895 93 30 896 39 4 897 5 8 907 53 1 911 65 26 918 51 26 927 21 27 928 94 6 930 18 16 931 35 20 933 97 9 936 87 1 938 47 16 943 65 28 948 82 11 954 93 15 956 71 28 958 25 16 958 66 15 961 42 1 962 41 6 965 22 5 966 37 5
217 289 0.0001 73 87 11 74 51 11 74 68 9 76 57 10 77 18 22 83 81 18 89 71 26 93 90 20 98 94 1 100 53 24 101 87 18 103 37 2 107 85 31 110 68 3 110 78 4 112 54 25 113 89 11 117 36 21 120 97 26 124 17 4 124 51 31 130 23 26 132 93 16 134 14 19 134 21 12 137 57 22 138 76 21 139 2 7 139 31 17 142 21 26 142 90 14 144 98 17 145 87 22 147 45 21 147 66 6 149 59 18 150 41 26 150 87 10 151 60 8 153 65 17 157 91 6 167 69 25 167 77 1 170 63 18 172 78 19 173 87 4 176 23 0 178 49 12 182 60 5 190 37 17 194 40 9 196 26 5 198 57 16 199 35 24 199 69 1 200 35 26 201 80 7 206 52 2 206 93 28 209 72 19 210 88 16 227 5 5 228 59 8 232 30 18 232 56 21 235 77 30 237 34 24 238 78 12 238 80 25 250 16 17 255 52 13 260 61 10 260 95 0 262 99 30 268 87 4 272 12 15 272 50 12 279 68 11 281 40 2 286 12 13 286 20 25 287 42 4 290 31 3 295 88 14 296 96 20 298 91 12 307 77 31 308 1 30 321 47 12 321 100 20 327 52 16 328 90 15 338 22 19 340 1 2 342 27 2 342 28 11 343 97 11 345 83 6 352 18 31 353 34 23 353 64 12 356 74 1 363 5 15 365 90 27 369 71 6 373 56 5 375 7 31 382 72 3 385 66 1 386 55 24 397 39 10 401 45 27 403 69 15 410 96 9 419 38 8 421 61 8 421 97 14 430 62 8 433 6 15 437 92 17 451 74 12 461 70 9 469 34 6 470 80 7 478 33 25 484 98 12 485 33 7 492 73 7 494 35 25 497 13 29 498 54 13 503 94 0 505 6 1 508 87 2 508 87 6 509 86 13 512 66 24 515 59 4 516 66 16 516 96 28 518 37 10 522 30 8 522 88 27 529 44 30 534 1 16 536 75 4 543 44 11 549 95 9 553 51 11 555 97 1 556 92 9 562 70 0 565 69 6 565 70 11 567 35 24 567 77 14 568 49 24 572 87 9 575 37 27 582 91 25 585 88 10 586 37 9 588 53 30 591 5 23 591 21 20 591 41 30 596 12 21 596 51 16 600 34 29 605 14 16 608 22 2 612 9 15 613 82 24 616 72 16 620 63 4 622 33 31 626 6 5 626 24 13 627 0 5 628 38 20 632 91 27 637 16 4 638 63 12 646 96 14 648 100 29 651 72 0 658 36 25 658 37 22 660 14 9 668 59 15 674 87 2 681 14 14 682 11 21 683 47 16 684 85 5 685 94 17 692 55 21 695 46 29 699 74 29 701 25 25 702 64 10 707 29 9 707 73 18 708 34 15 712 95 24 717 63 10 719 32 31 721 8 21 721 50 7 734 55 7 737 26 12 739 83 7 740 42 19 742 88 21 746 51 3 749 3 7 750 97 12 756 8 29 761 62 20 765 84 2 765 89 26 769 50 9 772 80 11 773 22 1 775 59 3 778 97 31 789 20 17 789 42 7 794 90 25 795 10 20 799 70 12 809 85 28 813 16 23 817 0 31 817 73 15 821 48 0 822 51 27 832 27 31 833 33 13 834 80 8 839 44 11 840 93 26 844 3 25 844 96 25 845 56 11 847 13 30 850 77 30 853 8 6 856 97 1 862 76 9 863 4 20 869 38 23 870 40 13 871 77 27 874 3 7 875 24 8 875 74 4 877 41 18 878 75 2 886 83 21 886 94 2 892 96 1 893 0 9 898 68 1 898 71 19 904 59 20 907 82 20 909 48 17 911 1 7 917 89 14 919 100 21 923 37 11 923 78 4 924 13 23 924 75 8 929 34 2 934 62 11 935 58 13 935 82 13 935 89 23 940 99 10 941 18 8 946 92 3 949 26 30 951 79 0 952 69 29 954 33 9 955 17 2 967 52 9
218 289 0.0001 79 100 17 80 43 19 80 78 10 83 7 29 85 62 17 87 2 16 95 68 27 95 93 15 96 86 6 97 73 21 102 21 1 104 14 14 105 42 26 107 80 29 108 93 26 115 90 30 122 43 27 124 3 17 138 16 29 138 56 27 139 25 12 139 39 11 139 71 15 142 64 0 144 64 17 146 71 9 149 34 23 155 75 26 155 96 28 160 17 7 164 96 1 173 58 4 173 65 31 177 81 25 183 97 13 184 23 14 186 13 6 186 24 20 187 35 27 190 23 9 191 90 7 193 42 16 195 89 9 197 64 1 200 41 9 200 74 8 205 82 19 207 74 4 210 32 15 212 93 0 223 23 24 224 100 28 225 58 13 225 63 2 226 91 15 229 35 24 234 29 1 236 64 22 237 69 27 239 58 22 240 95 24 240 100 17 241 49 19 242 54 7 242 81 10 252 45 13 255 79 26 260 38 23 261 34 13 263 47 11 266 66 8 267 21 13 270 93 14 271 0 1 273 41 29 276 46 4 279 4 26 279 4 30 280 47 27 282 23 10 286 92 7 292 43 22 300 37 5 301 24 7 302 41 23 303 3 15 303 26 1 306 42 17 307 84 2 313 99 9 319 63 0 323 97 14 325 14 24 329 11 7 329 38 13 335 14 21 335 34 16 336 70 2 340 72 26 341 35 23 343 43 0 344 24 13 346 3 22 346 79 11 359 23 28 361 90 4 362 37 9 363 47 0 364 19 22 366 46 20 375 0 4 376 60 5 377 27 24 378 68 27 381 63 29 381 79 19 385 43 31 385 61 4 387 43 20 387 100 4 388 95 17 390 61 0 392 31 11 394 91 9 397 68 13 398 21 7 401 86 1 403 8 4 404 33 13 406 39 25 410 48 6 416 9 7 419 78 30 419 98 15 425 0 18 425 81 22 429 73 1 430 31 26 433 29 10 433 59 10 434 53 6 435 85 15 443 93 19 445 65 11 455 60 6 460 86 8 462 89 30 463 90 11 464 44 29 467 48 24 472 93 13 476 98 16 477 2 1 479 62 4 485 77 4 487 58 6 494 42 4 498 85 1 503 56 30 507 18 10 526 31 7 527 73 11 535 27 28 544 33 1 552 18 15 556 61 31 565 18 28 567 95 13 579 72 16 585 9 29 593 31 16 597 8 2 597 74 7 600 64 28 601 25 26 602 91 21 604 38 27 607 67 31 609 93 28 611 95 16 612 68 28 614 70 2 615 32 10 616 63 14 616 95 29 618 38 2 621 73 14 621 100 1 624 26 30 625 23 28 626 100 30 628 24 5 628 94 28 635 37 30 635 46 2 636 67 31 643 74 7 644 47 1 645 30 16 649 88 28 657 76 23 660 44 29 663 37 4 666 54 15 667 47 19 667 94 20 670 7 28 670 49 14 673 2 4 673 19 2 673 38 1 682 81 13 683 10 20 684 21 15 684 63 6 689 67 4 694 65 30 698 77 27 708 7 3 709 64 6 710 28 9 710 88 14 711 55 3 715 93 17 721 67 7 723 88 20 724 91 1 727 81 17 728 10 22 728 94 4 735 57 23 736 95 13 741 21 1 743 3 5 746 71 23 748 81 23 760 47 18 763 35 1 767 100 10 768 73 31 778 78 9 780 51 2 784 92 16 792 17 26 797 25 24 798 9 15 801 77 6 804 10 15 809 72 30 810 7 22 811 14 15 811 77 24 820 7 6 824 55 17 829 44 6 831 7 8 833 43 15 835 27 30 839 18 28 841 45 23 841 91 9 843 11 25 846 54 3 853 67 14 857 62 16 864 66 30 866 97 1 869 54 18 872 58 19 877 18 31 892 67 14 892 78 6 893 29 18 894 95 25 896 88 12 900 41 4 926 89 21 929 21 4 935 78 12 939 91 12 941 36 26 945 74 28 947 72 16 948 64 24 955 33 26 960 0 26 960 24 22 960 96 6 966 18 13
219 289 0.0001 85 82 15 93 34 23 95 29 1 97 14 21 99 89 4 100 23 2 100 70 29 101 17 18 101 97 13 102 44 23 107 51 20 109 62 19 111 30 17 111 81 19 119 15 4 123 5 20 125 17 7 127 8 28 128 84 11 131 45 18 144 28 25 147 87 17 148 68 28 148 91 31 149 97 6 166 46 11 172 26 30 178 91 20 179 82 0 181 17 29 181 22 22 182 24 10 182 72 9 183 4 19 186 56 9 187 2 8 189 33 25 189 89 9 200 1 30 209 31 2 210 13 12 216 26 31 216 31 19 219 7 12 225 10 29 226 90 7 237 11 4 242 45 3 243 72 12 245 34 24 246 49 16 247 95 22 248 43 17 259 26 3 259 29 29 259 45 7 259 69 24 259 86 17 261 42 16 268 92 14 269 81 20 270 14 26 271 83 26 283 45 18 284 9 27 285 55 14 287 51 2 288 11 2 288 75 20 295 33 24 295 61 16 307 66 15 312 18 23 314 25 9 315 31 24 315 57 23 324 53 15 328 1 29 334 92 7 336 5 25 338 61 11 339 86 30 349 32 2 351 33 6 361 83 9 363 39 22 363 63 6 366 100 0 370 95 7 380 71 24 382 14 4 383 98 18 384 35 10 387 58 17 389 58 18 390 1 0 390 2 1 404 54 10 407 90 10 410 10 18 412 14 17 424 38 29 424 44 29 432 99 14 438 25 24 439 99 30 442 11 9 442 61 23 447 78 10 452 28 7 453 99 7 454 22 14 457 16 14 457 49 6 463 82 20 467 17 2 467 73 0 468 55 2 469 5 22 472 100 23 479 65 18 481 27 15 481 91 21 491 16 17 494 34 25 494 66 10 495 99 3 498 66 5 501 74 16 505 97 29 506 58 12 515 32 14 516 54 27 518 92 10 519 89 18 520 71 15 522 5 18 526 6 3 526 89 13 527 96 8 533 44 16 548 88 12 559 30 4 561 76 8 570 42 12 573 67 11 577 90 10 581 29 25 581 36 6 581 71 18 583 98 0 585 18 26 591 28 19 592 67 6 598 52 29 599 91 14 606 59 1 607 28 21 607 49 28 607 82 26 610 77 27 611 27 22 614 81 10 615 15 28 618 79 13 628 66 4 631 49 28 633 81 8 638 11 5 639 84 5 647 62 11 658 74 4 662 33 12 663 9 24 666 53 6 670 54 12 681 3 25 681 62 21 684 21 8 685 2 13 687 41 16 688 45 18 692 41 16 695 32 6 699 71 12 712 46 9 717 97 14 719 16 18 721 37 9 722 26 27 726 95 10 727 30 15 735 5 27 740 48 22 741 40 14 742 21 6 747 62 26 748 74 1 749 92 24 753 79 19 754 63 0 754 70 9 759 24 31 760 72 25 762 100 19 763 8 6 764 73 24 771 90 12 772 38 25 776 19 14 777 17 4 778 52 6 778 90 21 784 79 15 785 56 10 786 100 28 791 42 25 798 55 10 801 91 31 802 39 30 807 14 14 814 56 3 816 8 15 820 27 11 821 6 15 823 38 16 823 95 12 824 1 16 825 52 17 826 50 8 826 86 6 826 92 24 828 18 29 829 79 31 834 70 29 835 4 1 839 75 4 841 21 16 841 76 19 842 42 9 843 93 11 847 81 30 849 48 31 851 32 17 853 43 23 859 23 20 860 60 4 863 4 10 863 26 25 864 68 18 866 85 6 867 52 30 867 69 12 867 84 19 875 26 16 878 27 21 879 63 9 886 33 29 891 39 12 891 74 30 897 58 19 901 67 19 903 26 11 914 47 4 915 65 12 916 17 2 917 8 13 922 40 25 928 90 20 932 94 26 935 67 15 938 82 16 939 78 1 941 29 26 942 18 14 942 67 11 942 74 0 944 63 21 945 23 31 946 29 14 950 85 7 953 40 30 953 59 31 953 71 15 954 96 30 959 32 25 964 73 24 967 26 22 967 76 25
220 289 0.0001 73 54 22 73 59 14 75 60 24 81 30 26 83 43 31 86 24 22 90 21 11 92 73 30 92 82 28 102 40 13 113 65 11 113 94 19 117 76 22 119 44 4 125 77 21 126 52 26 127 78 15 136 84 21 136 90 29 137 49 6 137 85 5 138 12 21 140 49 29 144 47 20 151 75 31 156 29 3 157 31 22 159 54 20 160 67 7 172 80 3 173 18 27 175 21 2 177 67 25 178 15 2 178 18 10 180 32 13 180 92 3 181 32 0 186 31 7 191 8 13 191 14 3 191 64 3 191 100 10 192 5 26 192 10 30 192 66 29 209 64 26 211 15 18 217 2 10 217 62 28 221 61 8 223 86 30 224 92 6 226 52 14 230 9 30 232 47 21 235 99 8 242 35 18 244 80 14 248 23 23 254 39 3 257 35 30 257 86 0 258 68 25 258 96 16 260 43 31 266 21 17 269 35 8 274 36 9 275 12 15 275 61 29 277 73 30 277 80 0 279 20 27 285 94 2 294 48 11 296 90 25 297 60 7 297 97 17 303 7 15 306 80 19 307 23 23 311 99 12 312 54 23 318 31 28 319 81 31 333 78 12 334 16 6 338 72 23 341 43 13 341 77 14 342 44 21 342 86 8 345 35 8 345 91 14 347 42 17 348 99 19 352 37 30 353 72 6 353 100 31 355 40 31 355 71 7 356 98 30 358 37 7 359 16 15 363 2 10 373 94 31 376 53 17 382 43 22 383 35 18 395 50 8 399 96 3 404 90 27 405 72 7 406 27 13 407 34 14 409 74 8 418 52 5 419 82 6 422 16 15 425 84 2 429 47 3 433 14 25 434 61 12 434 100 2 437 0 27 439 71 21 441 22 24 448 6 1 448 40 22 449 22 23 454 56 25 458 41 26 459 95 30 461 10 3 463 85 28 465 39 28 467 34 31 467 61 17 471 48 26 477 67 31 483 50 30 484 2 30 491 39 18 498 43 7 501 6 31 504 72 12 517 12 17 522 45 28 523 67 25 527 84 22 531 83 7 533 11 30 534 49 16 535 43 23 536 35 28 538 40 17 538 47 29 539 8 3 545 42 4 546 16 10 550 40 17 550 59 31 555 20 30 559 13 17 564 47 0 566 62 13 574 71 16 577 64 15 578 49 4 581 2 5 585 80 17 591 17 4 594 51 9 599 55 31 602 77 5 603 82 23 603 89 18 609 77 26 610 64 3 610 87 28 613 24 27 614 42 21 616 87 20 626 18 27 628 51 15 636 37 25 636 99 23 638 79 17 640 19 24 642 8 21 642 98 22 647 86 28 649 29 13 649 92 26 654 86 17 655 85 16 662 7 29 664 23 13 670 54 6 670 90 7 672 60 30 675 88 11 684 96 29 690 1 11 693 54 25 695 26 31 695 27 0 698 39 30 699 2 0 700 61 17 702 61 22 706 62 22 707 42 16 707 88 13 711 25 15 721 15 24 721 48 7 728 63 3 733 9 22 738 65 11 740 25 24 741 89 26 742 18 24 743 25 2 745 45 18 747 87 1 753 63 9 760 9 29 763 35 22 763 71 18 767 28 10 768 16 30 777 96 8 783 86 27 784 2 17 786 20 17 792 64 8 799 38 16 801 82 6 813 74 2 820 88 27 826 23 7 828 2 8 831 0 11 836 57 14 837 14 3 846 77 24 847 69 13 851 12 7 851 23 4 858 49 23 859 3 11 859 70 25 860 98 31 862 4 5 871 47 26 872 34 4 873 77 15 874 8 24 874 66 27 875 9 4 881 84 20 882 13 23 882 43 14 883 67 19 888 71 9 888 73 20 896 24 21 905 39 12 906 62 6 913 61 21 915 3 22 915 35 5 917 33 22 918 16 29 918 88 22 920 12 21 923 51 24 929 71 6 933 48 18 941 55 21 945 75 2 958 18 9 959 90 16 960 3 22 960 59 18 964 4 22 965 10 20
221 289 0.0001 79 29 6 81 77 21 93 14 2 98 47 20 100 58 29 101 13 11 104 69 20 111 56 31 116 75 1 117 34 5 121 0 8 121 73 11 124 50 7 126 71 31 134 13 15 140 5 25 143 86 1 144 49 26 149 59 7 162 17 16 163 0 3 164 10 11 164 56 12 166 60 8 171 88 0 175 57 9 177 98 5 187 34 5 189 33 7 192 11 19 206 2 16 207 50 15 211 54 9 212 71 11 219 42 9 224 22 23 224 70 11 227 35 31 229 88 19 230 87 14 236 5 23 237 63 20 240 68 16 241 94 13 244 16 16 245 60 29 247 56 20 253 7 30 259 80 3 261 57 31 268 54 12 269 67 23 271 82 16 275 53 8 280 58 7 284 38 29 285 16 2 294 28 29 295 1 20 300 81 13 305 85 0 312 4 27 312 69 22 318 14 24 322 75 3 325 32 1 329 41 31 333 60 27 333 76 27 336 46 19 339 27 4 339 63 17 341 67 14 341 69 13 343 52 26 343 66 20 345 36 0 345 99 11 355 4 11 355 16 15 356 73 30 356 88 3 365 76 12 367 54 21 367 84 29 370 16 15 372 25 12 374 21 30 376 9 7 390 86 9 392 2 5 392 28 26 392 59 28 396 37 20 398 85 27 400 40 22 402 34 23 409 9 4 422 29 3 422 48 12 426 78 16 426 98 26 427 40 12 430 71 30 433 100 16 436 61 28 442 43 16 447 47 21 448 69 23 450 56 25 454 92 0 460 96 11 461 25 18 463 69 7 472 90 24 477 38 15 478 78 23 482 96 1 483 81 16 487 25 30 488 31 26 492 10 0 493 24 1 493 32 23 495 8 9 496 3 13 499 74 6 500 8 30 502 23 30 503 66 2 504 19 13 504 72 23 504 80 29 515 88 2 516 13 2 516 43 5 518 52 2 518 85 12 523 25 26 524 19 13 525 43 31 526 50 13 529 48 26 531 53 15 534 47 11 536 59 10 537 38 6 538 16 23 538 31 27 548 79 15 549 9 6 549 59 0 552 84 9 554 24 20 554 35 12 556 35 19 557 7 13 562 11 9 562 61 15 573 80 23 576 91 1 583 28 13 585 50 2 587 29 10 592 69 27 595 100 11 596 56 19 597 32 8 608 57 2 609 84 11 612 85 7 614 79 24 617 38 21 618 70 19 622 61 20 626 35 30 637 61 28 638 44 21 645 64 4 645 95 19 648 1 18 654 4 25 658 95 0 661 56 10 662 84 9 665 12 26 665 21 23 665 80 19 669 68 12 675 89 15 676 27 17 677 51 7 678 41 0 679 100 4 680 42 16 682 54 29 689 0 19 692 55 17 696 71 25 706 0 13 708 28 21 708 41 0 711 77 17 718 89 30 720 57 3 723 9 24 732 59 16 739 82 7 743 34 8 744 8 24 744 61 31 744 94 18 745 98 7 752 26 31 752 75 19 754 6 17 755 77 9 759 60 17 763 67 6 768 15 9 771 15 9 775 19 19 776 43 28 776 92 5 777 92 24 790 76 15 794 6 30 796 43 5 800 25 6 807 13 14 808 5 29 808 32 25 809 26 23 809 28 7 812 2 4 814 21 30 816 10 11 817 66 13 818 86 12 827 86 9 830 7 4 836 36 22 840 64 4 841 41 20 842 78 29 843 40 10 847 70 22 852 92 11 862 91 31 869 20 9 872 13 18 874 78 7 883 44 0 885 20 18 888 5 26 892 71 8 895 24 27 896 63 0 896 85 0 897 43 23 898 90 29 901 36 17 903 27 12 904 58 1 905 30 8 907 4 7 907 61 12 910 28 26 911 45 11 912 5 13 913 1 10 913 4 14 919 4 3 928 25 15 929 80 24 932 44 10 933 37 16 937 15 28 937 45 6 940 68 0 940 90 5 943 81 24 949 55 17 951 59 19 953 32 19 957 48 2 965 76 1 967 29 23 967 88 10
222 289 0.0001 72 92 24 73 95 31 81 13 24 81 21 12 84 97 16 90 29 11 93 92 3 95 75 4 100 25 25 100 69 28 101 11 28 102 38 13 103 47 15 104 98 2 109 11 12 109 18 23 110 2 20 112 58 14 113 68 13 113 96 18 126 73 24 127 8 6 128 64 0 130 11 18 131 81 9 138 55 4 151 22 20 154 91 1 155 65 12 156 53 31 159 90 9 167 49 26 170 10 29 171 99 5 176 34 8 179 63 12 190 17 7 191 12 22 195 36 2 200 60 21 200 71 22 205 64 14 205 96 13 214 30 19 215 56 9 215 88 9 220 62 0 223 32 22 223 39 3 224 92 25 225 12 0 226 22 9 230 75 4 235 25 0 235 60 21 235 74 27 236 5 6 244 61 2 248 82 19 249 58 25 258 0 8 258 9 24 260 95 29 261 35 8 262 58 16 268 87 26 276 30 29 279 95 2 284 93 4 286 34 26 286 51 9 289 25 13 293 79 22 294 0 13 294 6 30 294 82 4 296 1 16 297 1 12 303 62 6 305 97 8 309 61 28 309 76 25 319 44 14 319 95 5 321 30 24 321 79 2 329 74 23 344 60 18 346 96 11 347 13 23 352 81 7 354 26 1 354 28 13 359 22 25 362 70 5 363 3 13 363 78 26 364 51 30 365 21 15 366 60 12 375 61 25 378 23 4 383 19 9 387 49 30 391 76 7 396 9 31 401 89 14 404 5 11 407 37 10 410 30 29 413 1 0 413 67 30 414 68 25 416 38 17 429 56 0 430 87 2 432 84 13 433 70 12 442 73 16 445 50 27 448 47 26 456 97 12 457 16 11 461 9 15 464 32 0 467 99 23 480 24 5 481 56 12 481 74 3 486 58 6 487 68 16 492 36 29 492 89 3 494 54 8 494 65 26 496 25 15 499 9 12 502 73 1 504 31 18 507 75 31 512 5 8 514 63 14 523 49 23 527 10 16 528 11 18 528 86 22 529 48 17 529 54 26 534 100 4 538 65 18 542 72 10 543 31 29 551 81 7 554 96 31 572 4 27 573 96 29 580 98 19 582 42 28 582 87 7 591 40 14 592 34 18 595 77 13 597 40 1 599 41 11 599 64 10 603 23 9 607 64 0 608 38 11 610 69 23 618 17 21 618 83 24 619 40 0 622 24 23 622 24 29 622 100 21 625 54 15 626 87 13 627 11 22 628 22 22 630 70 15 636 81 5 638 71 23 646 55 22 653 47 28 653 61 5 658 53 7 658 90 2 663 1 25 664 28 4 664 72 10 668 82 12 670 76 18 673 86 11 683 88 10 684 38 25 686 84 18 692 56 16 692 87 6 703 57 5 703 86 29 704 72 24 708 73 12 710 36 19 712 10 20 714 8 11 717 13 3 719 49 27 719 68 4 720 29 22 722 63 2 723 22 19 735 65 15 743 19 13 745 26 5 748 26 8 750 78 0 750 87 18 752 4 24 754 64 27 755 97 15 756 97 26 757 16 25 757 54 27 767 8 26 771 25 5 771 89 19 777 8 26 778 31 19 779 3 10 784 11 29 786 21 5 786 59 29 786 66 3 791 23 30 792 25 19 793 15 5 793 89 3 794 25 10 810 71 0 811 24 31 819 78 13 823 93 19 825 28 16 827 46 31 827 54 6 827 66 21 836 75 30 838 6 15 839 62 25 842 82 25 844 11 7 845 32 8 854 16 12 860 85 16 860 88 23 862 53 30 863 19 24 872 94 2 875 97 6 879 84 21 884 92 27 886 17 23 887 79 17 892 18 4 896 24 7 904 69 21 905 73 23 913 56 16 915 78 0 916 21 4 916 94 0 917 32 0 922 70 0 923 94 20 924 47 13 924 81 3 926 86 18 937 53 19 940 94 30 941 62 6 943 67 23 946 20 15 952 14 0 952 85 8 955 68 0 956 22 10 963 46 2 964 0 1 967 63 16
223 289 0.0001 73 14 23 80 10 8 87 97 8 95 7 9 95 27 5 96 77 5 101 4 15 102 89 11 104 76 6 110 48 16 112 8 5 119 13 27 123 43 16 124 83 22 127 68 16 128 50 6 130 39 16 130 64 31 133 28 30 138 46 17 145 61 23 146 50 18 164 78 10 172 18 20 182 82 28 183 46 9 185 69 13 186 95 14 187 43 5 188 46 16 195 25 27 195 94 30 199 3 26 203 95 5 205 47 27 205 70 15 206 15 17 211 77 18 215 19 0 218 12 21 220 46 0 221 19 9 222 54 30 223 77 26 227 17 20 232 63 5 233 39 8 233 89 12 240 47 17 240 83 3 254 46 16 255 61 24 258 87 0 259 35 23 260 84 5 266 11 8 268 57 16 277 98 24 279 48 6 280 72 3 281 89 12 283 65 5 287 54 28 297 50 16 299 85 1 300 54 18 303 64 11 303 90 8 304 89 24 307 81 8 307 83 31 311 33 5 311 43 12 313 46 21 316 73 14 317 32 13 318 30 18 327 65 29 329 77 15 331 80 12 332 36 11 339 94 17 343 8 6 349 58 18 350 83 5 361 63 15 362 81 3 364 95 11 366 79 26 367 73 5 368 98 16 369 29 28 371 86 13 371 88 19 372 59 11 373 29 6 375 26 23 375 83 3 387 5 24 390 6 17 390 22 29 394 47 27 396 12 17 396 87 0 397 10 31 400 22 18 401 95 25 407 26 25 426 16 15 426 79 3 433 65 8 434 74 14 434 100 28 436 13 29 437 27 24 443 28 15 443 57 27 447 18 30 447 94 1 452 74 8 458 76 5 459 36 13 463 11 26 466 59 10 468 75 16 469 77 18 473 16 9 473 80 17 481 98 28 483 97 30 484 12 24 485 65 5 486 34 22 486 52 18 496 37 25 502 47 20 502 62 9 504 51 6 506 28 21 507 27 11 508 49 25 513 26 18 516 95 18 525 7 27 531 84 3 535 34 19 536 91 30 539 17 11 545 80 29 559 67 0 560 59 2 566 24 5 571 44 0 576 41 18 582 6 4 583 37 17 585 20 4 585 92 18 591 79 3 594 95 6 598 49 12 599 8 31 599 48 26 602 18 24 602 23 6 602 75 29 606 40 5 610 50 5 614 96 2 615 9 4 618 55 1 618 59 22 619 84 18 623 58 21 624 72 8 626 88 11 626 93 20 627 92 8 628 48 9 632 87 31 649 83 10 653 28 2 659 31 14 662 29 12 669 25 17 669 34 23 669 82 8 672 30 2 674 73 3 676 65 18 677 6 9 677 63 9 681 56 24 682 78 13 682 98 2 684 89 31 685 94 31 687 23 30 692 18 11 693 95 16 698 35 20 704 40 14 705 1 6 707 77 1 719 48 21 720 39 22 722 27 1 724 52 2 728 45 10 731 82 24 733 50 21 740 53 12 741 18 1 742 73 2 743 99 7 745 89 4 757 41 14 760 97 2 761 10 20 762 73 19 763 54 16 765 98 8 769 26 23 782 52 7 784 19 22 784 52 30 788 51 5 795 30 12 803 11 19 805 19 22 805 44 4 806 18 3 816 22 0 817 52 3 820 23 9 828 2 15 832 33 3 835 50 8 842 21 10 842 21 21 843 86 18 844 81 4 847 76 25 852 49 24 853 26 22 855 4 30 859 33 11 864 56 12 866 66 29 867 83 28 867 85 16 867 98 1 871 77 2 872 84 29 876 96 3 879 85 19 881 68 20 883 8 12 883 8 22 885 20 18 886 16 15 897 77 24 899 8 27 906 10 3 909 99 21 911 15 10 917 45 25 917 75 2 919 15 1 920 64 7 920 66 13 923 12 27 925 31 24 926 31 28 930 10 15 930 93 14 933 47 21 937 43 2 940 7 15 943 16 29 947 12 13 947 37 30 949 33 3 952 24 31 957 73 25 958 41 23 959 71 22 960 93 1 965 71 0
224 289 0.0001 74 50 3 89 12 31 98 79 11 101 86 26 105 37 3 106 75 9 107 52 13 107 96 5 114 76 2 115 77 10 121 90 0 123 14 24 127 5 18 128 98 17 129 88 18 134 70 26 137 48 31 138 72 22 139 94 29 142 0 26 144 25 3 144 46 3 146 28 1 150 6 7 151 79 18 156 73 23 157 41 18 162 21 23 162 97 21 174 71 29 179 70 14 181 25 19 182 1 23 182 31 7 185 21 3 185 70 18 189 38 24 189 46 30 189 88 22 191 94 9 194 95 3 200 50 18 214 99 0 216 73 2 218 3 15 218 19 6 218 88 5 219 84 18 224 85 5 227 88 18 236 60 10 241 31 6 253 43 17 255 7 20 255 100 12 256 86 12 258 84 8 259 28 12 259 42 17 260 19 18 261 36 14 268 43 10 271 100 17 272 47 6 274 76 9 275 63 24 285 22 11 285 29 10 290 50 11 293 58 16 298 3 11 309 82 2 312 71 2 316 76 4 321 18 14 321 55 19 323 10 18 323 24 8 323 27 17 326 12 25 328 2 2 331 72 0 337 85 10 338 46 16 346 63 0 346 98 23 348 7 14 349 88 6 350 61 25 351 29 13 351 63 1 356 84 25 358 22 22 360 98 6 363 17 2 368 75 11 371 14 10 371 99 2 372 57 19 378 85 4 403 73 28 403 79 13 405 7 28 410 1 0 411 83 7 417 67 12 418 17 24 419 26 4 420 49 22 426 8 2 427 74 28 428 79 16 429 83 28 430 70 0 430 73 20 433 52 3 436 86 0 443 72 8 443 91 28 444 63 13 445 0 14 445 20 20 446 9 16 448 71 28 460 9 18 462 12 19 465 0 18 465 98 25 470 22 29 472 91 10 486 97 13 487 94 18 488 19 14 489 40 11 491 8 4 495 25 27 497 39 25 498 66 15 503 80 4 503 83 19 504 49 15 505 72 6 508 66 7 513 22 30 515 31 21 518 55 13 522 93 9 524 67 30 525 8 22 531 20 13 531 20 25 536 52 12 542 47 21 546 35 12 549 99 26 552 58 16 555 49 3 561 39 10 563 17 21 566 84 12 566 95 16 576 41 29 581 7 5 584 74 15 595 32 29 600 14 15 600 35 18 602 0 3 603 68 25 605 66 19 607 5 6 615 8 26 615 63 27 616 7 22 623 38 6 625 2 2 627 92 11 629 84 25 640 47 5 641 48 12 643 91 3 644 55 20 650 42 2 656 78 0 656 85 24 657 45 11 672 60 11 673 17 14 675 57 30 676 32 18 676 39 24 677 19 5 677 87 29 678 59 21 683 49 10 694 58 26 696 45 1 698 92 12 703 81 8 704 95 8 707 37 20 712 11 10 714 63 8 720 8 3 721 2 31 727 15 22 728 84 10 730 36 16 731 50 7 732 43 16 732 60 12 733 77 30 733 82 14 735 29 23 737 38 27 737 79 10 738 88 17 745 70 11 750 0 21 754 56 27 760 72 17 760 82 20 768 100 5 777 91 6 778 82 2 783 93 26 787 29 12 790 83 7 792 47 16 795 66 8 795 67 12 800 4 26 802 9 14 808 15 31 808 54 7 811 16 22 814 73 5 815 63 16 819 21 25 819 62 29 819 63 14 820 26 4 821 23 23 823 90 10 824 17 29 825 82 10 830 97 8 833 52 28 840 0 30 844 4 30 844 94 1 846 16 25 846 80 17 847 11 11 847 90 11 848 57 5 851 79 19 860 82 24 862 65 10 864 2 8 866 53 30 870 22 18 873 6 4 874 89 0 878 28 9 890 61 7 891 0 14 893 26 26 898 67 14 901 76 10 904 34 19 909 11 5 909 64 17 917 51 1 918 97 22 923 82 1 924 40 9 926 34 6 927 80 27 928 100 4 938 86 13 944 14 1 946 38 18 947 16 31 948 77 2 953 5 16 955 61 31 962 50 23 966 7 25
225 289 0.0001 72 84 8 81 86 17 82 85 20 87 86 23 88 78 24 89 83 0 100 56 2 108 7 7 111 62 7 113 26 8 118 35 16 119 12 11 119 53 25 124 20 6 125 28 14 127 24 14 127 58 25 130 43 5 131 65 8 131 94 20 132 69 25 132 94 4 134 36 19 134 61 16 135 35 0 144 3 9 146 54 16 148 14 25 151 82 2 155 39 22 156 84 5 158 70 2 160 37 10 164 72 30 166 49 10 167 61 25 170 25 4 171 79 9 184 50 3 193 10 30 194 40 10 194 93 12 195 94 14 203 18 26 210 94 8 213 12 30 214 19 3 214 57 6 214 72 2 221 0 28 221 78 15 224 25 9 232 62 0 234 89 2 236 71 25 237 94 8 246 37 10 248 83 31 250 65 18 258 21 28 260 98 22 262 15 18 270 33 31 270 89 11 272 74 19 272 76 15 278 52 22 279 12 19 281 17 12 291 51 19 292 75 12 293 38 27 293 80 8 293 99 2 299 82 7 302 1 1 302 59 25 308 22 15 311 86 16 312 6 6 312 81 2 316 3 6 326 3 9 326 36 12 332 21 4 336 57 23 339 1 4 343 24 15 351 59 22 353 58 12 354 44 26 356 42 16 356 98 9 360 43 5 361 36 25 368 78 29 368 95 2 370 62 9 371 50 11 371 51 21 375 54 6 376 35 21 381 19 28 381 35 31 387 28 23 387 41 5 390 69 16 390 73 22 391 2 4 392 67 31 393 82 22 394 86 19 400 39 16 410 1 9 411 86 7 412 53 16 414 97 7 418 14 1 418 94 0 424 46 0 431 8 28 432 36 1 435 7 25 435 88 1 437 32 0 441 39 9 441 81 28 442 29 23 446 46 31 459 58 15 459 68 11 466 33 9 467 25 3 478 1 15 480 58 12 480 60 5 484 67 25 487 82 17 488 41 24 489 22 27 489 76 24 492 92 17 499 67 28 511 89 0 512 40 16 512 85 19 513 54 3 514 91 22 525 4 26 527 83 25 532 45 20 534 42 6 538 25 7 548 64 7 554 14 1 562 1 5 567 29 7 567 48 2 569 34 19 570 80 5 572 14 29 572 15 10 581 61 26 586 97 10 589 42 1 594 61 16 603 74 12 603 80 3 604 86 9 610 60 20 611 33 21 618 41 4 619 36 17 619 94 24 623 89 11 625 75 18 627 44 22 629 96 11 631 24 26 639 20 14 655 16 30 656 2 14 656 10 8 660 4 17 662 80 23 663 14 9 665 23 2 668 71 27 671 55 14 674 43 9 675 17 22 684 73 20 688 42 21 689 9 1 691 10 19 691 48 18 692 87 20 694 71 20 696 85 27 702 31 18 703 12 20 706 9 7 706 80 31 709 5 4 714 95 25 716 6 3 716 45 21 716 99 27 717 4 27 717 11 15 724 64 24 725 12 10 732 12 8 739 30 24 742 74 12 750 57 6 752 84 14 756 67 4 757 55 21 763 49 8 765 5 25 765 14 13 767 67 24 768 30 30 770 42 11 772 0 5 772 17 5 772 95 13 776 21 11 778 63 0 778 81 20 780 9 28 784 71 29 786 68 21 792 94 13 795 38 27 805 34 12 808 9 6 812 95 29 813 72 25 815 1 21 816 2 13 817 15 2 818 78 7 821 35 16 829 68 16 831 27 24 836 3 12 837 82 4 838 29 9 842 53 19 845 48 27 847 17 8 849 72 23 850 66 12 852 6 29 854 74 27 855 94 23 861 22 15 873 26 30 873 48 2 883 71 8 886 13 14 890 6 11 890 19 24 892 30 0 892 56 22 892 59 17 893 43 6 896 58 21 904 86 23 906 11 16 909 83 28 912 87 4 913 43 30 915 26 17 918 27 14 918 70 2 920 12 22 923 13 13 924 28 7 924 87 21 927 84 5 937 7 23 946 1 25 949 82 8 954 26 28 960 83 2 965 65 4
226 289 0.0001 77 73 10 82 55 15 83 70 22 84 90 1 89 80 2 92 27 27 93 21 4 94 51 21 98 12 0 99 30 14 100 17 25 108 81 21 109 17 19 112 44 8 113 100 18 114 64 8 121 15 3 122 36 2 123 85 2 124 93 23 124 96 19 126 49 23 127 70 15 131 28 29 135 6 0 137 55 15 137 77 22 141 90 23 142 99 3 143 21 14 147 47 8 147 100 11 150 61 12 150 66 23 160 98 23 169 17 16 170 86 7 171 8 19 175 3 17 181 10 23 187 92 7 188 88 2 190 49 1 198 1 10 198 34 21 200 81 30 203 87 16 203 93 13 210 82 20 219 12 28 220 68 19 221 79 0 226 6 11 237 80 14 244 7 28 245 94 24 246 56 26 250 15 8 252 42 14 253 29 11 257 72 11 263 15 17 266 76 9 269 7 15 269 10 6 270 69 25 273 68 17 279 89 2 282 0 4 282 80 26 283 57 10 288 82 11 289 88 4 290 49 10 296 26 1 299 89 6 302 40 23 313 27 4 321 17 23 336 61 25 337 28 25 338 15 11 341 45 5 342 23 13 342 73 17 344 14 16 348 15 26 348 56 16 359 82 3 360 2 17 366 39 20 367 29 2 368 55 5 372 23 9 372 98 8 375 84 15 383 13 22 385 6 24 387 3 1 388 88 16 389 37 4 389 44 27 392 82 9 394 49 15 396 82 13 401 8 23 403 96 10 405 85 28 410 10 29 413 9 9 416 34 25 416 74 0 420 52 16 422 91 20 424 93 19 427 92 6 430 53 13 431 21 25 435 78 22 438 4 27 439 86 28 443 44 12 446 24 10 448 8 8 457 22 23 463 61 1 464 19 23 465 57 18 467 32 16 468 64 14 470 95 13 475 68 7 478 28 9 480 32 0 481 8 27 485 13 14 486 79 2 487 90 10 489 57 3 493 45 13 501 79 15 510 7 16 517 49 2 518 52 17 520 95 26 521 98 11 522 67 24 525 0 30 526 4 14 527 43 11 529 27 30 539 36 23 542 14 8 544 40 11 549 26 25 549 89 10 551 31 29 551 63 30 556 94 25 557 11 29 558 25 13 562 4 18 562 27 6 562 84 22 570 39 21 571 16 20 571 25 10 571 52 15 571 83 9 573 60 19 578 90 15 581 73 15 586 32 6 586 76 7 590 64 15 590 80 9 593 53 23 604 44 30 604 45 29 604 55 22 607 56 26 618 23 3 622 60 28 626 31 21 626 73 23 631 66 17 636 87 30 637 79 22 638 87 13 643 56 30 648 35 19 651 42 25 653 85 0 657 78 17 666 86 22 668 73 18 669 19 9 673 68 31 678 42 27 682 14 24 684 49 0 684 49 13 687 63 4 689 65 22 691 72 28 693 94 25 694 47 6 697 19 7 698 83 2 700 35 6 703 34 8 706 55 15 710 68 21 711 44 19 712 13 26 713 94 10 714 59 19 719 11 22 720 24 15 722 9 28 737 30 8 739 82 20 739 92 21 740 100 13 745 28 28 754 86 15 756 38 31 757 10 28 760 34 12 765 6 11 770 15 28 770 67 6 772 4 25 775 81 3 777 24 20 778 39 18 781 74 3 784 20 13 791 37 25 798 60 27 803 87 15 805 28 28 808 73 0 808 94 15 809 5 26 811 19 13 818 1 2 818 61 10 818 63 27 819 47 0 830 39 11 830 73 22 849 44 16 852 45 0 857 35 20 857 96 12 863 79 30 864 47 13 866 29 9 866 33 26 869 91 13 874 58 1 877 50 25 878 7 11 881 23 2 882 26 25 883 28 23 884 87 30 888 4 5 894 38 0 902 24 19 903 55 21 914 23 31 916 16 28 917 75 12 918 58 10 922 32 26 925 26 11 929 84 8 937 15 27 944 46 27 944 58 31 950 81 0 952 19 8 953 32 9 955 18 12 959 78 1 964 68 9 967 100 7
227 289 0.0001 73 74 17 77 100 16 84 65 30 91 14 31 91 56 17 94 66 2 97 33 18 98 11 27 101 67 26 102 1 20 102 30 30 106 71 13 111 87 11 112 21 23 119 9 17 120 40 16 121 56 5 130 30 27 131 49 31 131 82 9 132 67 7 134 87 22 135 3 24 135 28 18 135 56 26 139 51 20 146 15 24 150 14 11 151 32 8 152 35 20 156 45 14 159 51 19 159 58 3 160 56 2 162 68 7 164 85 18 165 96 20 165 97 19 167 33 15 171 51 25 171 89 29 172 11 5 175 57 16 175 65 19 188 53 3 192 42 2 193 40 7 198 5 26 201 46 7 202 30 19 204 61 11 205 1 25 208 17 1 210 8 29 216 89 11 220 6 5 230 93 2 231 60 26 232 87 17 234 37 26 236 7 15 236 50 12 237 21 21 237 37 28 237 87 28 239 9 10 239 92 23 241 75 30 245 3 24 252 39 3 257 96 23 260 24 29 261 71 10 263 78 20 268 67 8 270 44 26 276 78 8 276 91 26 278 25 0 278 97 2 280 17 14 280 45 5 286 35 16 289 49 21 291 35 24 293 16 5 301 48 21 301 80 29 301 91 6 304 73 18 306 69 20 307 44 3 307 86 14 308 99 5 313 85 27 314 100 2 316 63 28 327 19 8 329 30 14 331 55 9 332 98 17 333 66 30 334 49 9 341 10 10 343 13 3 354 89 21 364 9 1 367 42 10 372 3 24 376 14 22 384 9 25 385 98 1 386 15 18 390 54 15 392 48 12 394 74 10 398 8 19 398 20 4 400 7 27 402 6 9 403 64 28 407 65 13 410 16 21 411 100 9 420 1 10 430 65 26 435 50 26 436 80 2 436 91 11 447 76 7 457 71 20 458 12 26 463 37 1 464 46 26 466 75 16 470 49 18 471 19 21 473 97 31 474 56 27 474 84 0 481 73 8 483 48 19 488 13 28 488 39 8 491 33 17 492 37 18 496 51 15 497 85 16 500 5 5 501 74 19 503 39 27 509 62 21 516 77 6 518 15 3 520 11 13 522 38 20 531 17 28 534 35 23 539 32 21 539 43 27 544 39 17 554 0 28 554 65 27 558 11 18 561 9 12 561 91 6 563 58 7 564 27 9 568 28 22 573 73 30 580 27 25 582 77 31 587 90 29 589 51 21 590 80 23 591 85 13 592 90 19 597 17 8 597 31 3 600 89 5 601 88 28 605 1 11 613 36 30 613 67 13 615 0 23 617 69 25 630 43 22 632 93 2 635 37 10 640 58 17 642 5 25 647 85 12 652 46 10 658 14 1 660 70 21 663 83 10 668 15 26 669 94 12 677 31 0 679 76 25 684 72 18 685 51 2 688 45 2 701 32 22 703 54 12 705 97 12 708 30 28 711 70 10 716 0 20 724 28 6 724 40 5 728 10 8 732 28 5 732 67 11 732 69 26 735 11 28 737 8 17 737 35 30 746 11 16 749 77 6 751 86 3 752 21 31 758 59 30 760 33 10 760 92 31 762 20 21 762 92 26 769 41 13 769 49 29 772 39 25 780 74 23 783 34 10 792 85 8 793 71 19 798 88 24 803 41 11 807 49 3 812 94 25 814 9 0 823 85 8 825 2 15 831 23 20 840 48 27 841 70 29 843 29 24 845 57 5 860 78 20 860 95 12 861 40 17 861 58 12 863 20 6 866 33 6 869 45 12 870 17 19 871 89 10 872 55 7 876 7 22 881 25 15 882 28 1 890 99 16 897 18 14 898 63 24 905 12 2 907 83 21 909 73 10 910 25 29 914 90 26 919 26 29 922 92 15 924 79 20 924 100 27 925 28 23 928 22 31 931 9 31 935 69 23 943 76 23 944 3 17 945 90 31 946 67 12 946 84 29 949 10 1 949 25 19 950 34 26 953 8 5 953 14 5 958 15 5 959 57 20 959 69 7 966 8 4
228 289 0.0001 73 3 11 77 95 31 79 76 6 88 15 31 95 1 6 95 61 14 100 96 25 102 17 16 103 72 10 104 4 13 112 21 30 113 10 6 116 18 27 126 14 9 126 34 24 126 73 26 128 29 12 128 69 3 132 30 9 134 81 4 145 19 18 148 65 22 149 55 6 155 9 3 156 80 10 158 43 18 159 15 29 159 20 1 165 28 12 167 24 30 170 88 10 174 62 28 179 11 3 181 34 25 181 46 25 186 20 14 187 80 27 190 31 2 190 71 5 191 39 9 193 40 13 193 65 2 194 55 16 195 3 26 196 31 26 198 31 29 198 97 31 199 49 5 203 45 6 228 86 16 228 98 27 234 56 15 237 53 19 242 55 17 252 24 28 252 48 30 262 91 27 263 80 2 263 96 15 270 59 9 271 27 15 271 70 26 273 28 19 273 52 29 277 61 25 279 31 27 281 59 24 283 70 26 292 96 31 296 75 15 297 27 25 298 43 18 302 36 15 305 82 2 316 98 11 317 70 23 317 79 5 317 80 7 317 96 6 321 29 12 321 59 31 322 42 3 331 8 25 332 4 18 340 83 4 341 7 25 343 92 26 347 27 11 351 3 3 352 97 12 356 6 6 356 37 24 366 85 23 367 68 31 368 29 26 371 39 24 379 39 0 379 51 14 384 18 30 384 89 12 386 77 3 388 4 0 391 84 28 396 34 11 401 40 29 407 59 30 408 73 1 409 41 5 410 21 30 411 53 22 415 52 5 420 15 7 420 46 1 422 67 28 425 78 3 430 43 30 430 50 3 431 94 29 442 17 6 444 57 31 449 29 30 460 54 8 470 57 14 473 77 14 473 81 0 481 62 30 486 79 7 486 97 5 488 99 30 490 67 7 493 32 31 493 64 22 498 82 3 501 24 5 503 2 22 503 58 8 506 57 29 506 97 27 510 84 24 511 76 12 512 82 27 513 37 15 521 55 4 531 19 23 536 71 0 536 75 27 537 3 4 540 52 29 542 49 24 544 72 4 548 9 28 548 50 6 549 11 3 549 21 19 555 32 19 555 57 18 559 56 25 561 60 9 561 72 28 563 32 24 564 72 24 566 4 14 567 70 25 568 72 9 570 26 11 575 49 11 577 96 7 578 78 26 582 98 27 593 89 0 595 63 19 598 27 5 601 64 15 601 65 6 602 30 4 608 47 3 611 8 10 614 10 1 614 93 14 617 69 21 622 6 24 625 7 6 628 55 2 632 45 7 634 37 14 637 3 28 645 90 8 651 5 30 652 93 3 653 70 20 664 4 29 669 99 16 670 3 4 672 80 2 673 65 29 674 75 12 675 36 15 675 76 1 687 13 15 700 8 2 700 72 10 702 81 20 703 18 17 705 67 29 714 16 0 720 24 28 725 48 23 729 48 7 732 75 21 735 62 22 738 71 29 741 21 21 741 92 3 743 8 2 751 33 22 759 42 3 764 84 5 765 67 21 765 71 13 768 72 31 773 46 9 775 64 22 779 57 24 779 70 15 779 71 20 784 15 23 785 95 15 793 68 18 796 7 24 803 28 13 804 94 6 807 37 21 807 87 31 809 6 14 809 64 25 815 68 31 816 16 11 818 8 14 822 38 12 823 34 4 832 13 20 833 48 3 833 96 17 840 21 25 840 22 30 845 81 9 848 93 6 858 3 5 860 58 11 861 94 30 862 56 1 868 37 22 871 9 7 872 34 17 886 10 23 890 0 12 891 86 12 896 61 3 898 40 14 900 47 17 900 83 28 902 42 13 902 88 21 907 86 17 909 58 22 913 38 31 915 54 17 915 73 27 918 10 16 918 23 15 919 22 12 919 79 31 925 59 4 925 80 23 926 39 22 929 70 17 929 81 15 931 43 23 940 34 27 942 45 5 942 93 2 952 44 7 952 56 18 957 62 25 958 55 4 960 16 12 961 43 1 963 73 28 964 92 2
229 289 0.0001 76 1 4 76 67 2 82 2 20 84 87 25 86 73 19 88 85 30 89 22 26 89 63 25 90 29 3 94 94 8 98 18 22 102 89 24 107 86 4 110 27 17 120 8 3 120 73 2 121 48 19 122 97 13 126 51 6 126 78 28 127 40 8 134 70 22 135 29 30 136 45 14 136 49 21 143 29 3 146 64 16 148 40 6 153 35 21 160 56 19 163 23 27 166 94 24 167 85 13 169 1 30 173 19 4 174 85 10 180 76 17 181 16 22 185 93 14 186 35 4 187 52 1 189 69 15 193 66 29 197 93 11 199 82 16 199 92 28 199 98 17 200 46 20 207 75 6 211 52 11 212 23 23 215 25 25 218 4 24 218 60 12 218 78 25 226 31 5 227 61 17 227 63 27 240 34 20 241 86 11 244 50 7 245 97 10 247 91 2 254 3 26 254 65 2 254 65 20 255 82 1 257 78 8 265 13 25 267 43 12 267 53 11 268 34 27 268 68 14 271 78 5 272 48 24 273 86 3 279 75 27 281 98 18 283 90 16 286 54 9 290 84 19 300 17 2 311 35 20 311 95 12 312 60 21 313 41 0 323 52 9 324 98 14 329 16 10 333 5 21 338 29 6 343 85 6 344 66 16 349 55 7 352 1 22 352 25 30 357 84 9 360 83 10 364 49 28 369 10 26 372 32 16 373 59 8 377 89 4 386 11 6 390 96 12 392 93 29 398 9 8 398 37 23 398 51 13 407 0 0 407 22 21 407 81 15 412 31 10 414 46 18 423 96 8 425 3 13 427 52 10 436 47 25 439 61 24 445 54 2 445 91 1 453 83 27 453 97 15 464 53 11 466 32 4 474 3 10 477 18 0 477 83 2 478 72 8 480 71 19 483 80 7 487 43 2 492 44 4 492 86 19 498 19 7 498 55 5 502 6 7 502 92 17 505 48 26 506 44 12 510 74 7 521 95 7 523 5 16 523 5 21 542 74 6 543 48 8 545 91 21 552 55 26 552 92 28 553 93 1 554 12 22 557 67 25 559 87 23 560 30 13 566 40 7 571 75 22 590 72 10 593 55 23 595 82 13 600 88 29 601 11 23 610 13 10 610 59 21 613 39 5 613 73 18 613 100 11 615 56 19 616 8 30 616 49 27 617 68 22 620 72 27 627 11 22 627 89 3 633 6 9 635 4 26 638 99 18 640 54 9 640 78 10 642 51 24 644 90 17 645 49 11 647 70 19 649 53 15 651 77 31 654 29 15 654 74 0 655 54 8 656 7 24 656 77 0 659 60 28 660 90 0 660 90 6 662 25 29 663 59 17 668 86 31 680 73 15 680 73 19 684 50 0 684 66 1 686 6 9 695 89 13 699 27 22 700 69 6 725 71 21 726 15 5 727 91 20 730 89 24 733 56 8 734 78 31 736 51 31 742 54 29 743 46 0 746 3 16 753 30 13 754 71 8 756 9 16 756 67 2 756 70 20 761 73 8 763 94 15 764 50 10 772 15 20 777 16 28 777 36 13 783 33 12 783 97 0 785 57 20 789 18 24 789 95 27 794 23 22 798 2 9 799 82 7 800 77 20 807 42 17 808 65 9 812 85 16 812 91 9 827 39 9 830 84 6 831 52 5 837 54 4 838 0 16 839 80 25 842 92 28 844 61 22 844 64 3 855 23 15 855 91 14 856 2 21 857 93 30 858 22 12 862 78 16 863 0 23 872 53 0 876 0 18 879 40 14 882 49 10 883 51 27 887 66 29 888 78 13 889 49 26 895 38 11 897 31 7 899 72 31 901 62 20 903 39 9 905 44 27 906 61 3 917 81 30 918 19 28 923 60 15 925 47 6 929 97 1 933 40 19 934 58 31 937 87 9 941 98 4 945 7 10 948 10 22 950 48 16 951 47 0 955 36 8 955 42 16 961 8 22 961 9 28 962 29 16 965 23 24 965 35 19 966 46 16
230 867 0.0003 74 15 15 74 48 9 78 65 25 79 46 27 79 70 13 80 34 18 81 25 28 82 8 26 83 81 11 85 35 8 85 69 24 86 10 3 86 100 17 87 7 30 88 28 8 89 9 20 90 88 27 91 20 11 93 12 12 93 31 22 93 91 5 94 76 24 95 43 29 96 36 10 96 37 15 96 75 24 96 79 14 97 8 24 97 65 11 97 96 31 98 94 17 99 9 11 99 82 14 99 87 15 100 32 4 102 34 7 102 91 22 103 41 7 103 56 18 104 29 30 105 40 31 105 81 8 106 38 11 106 77 21 108 58 16 108 68 23 109 8 13 113 16 10 113 63 8 113 84 9 114 53 7 117 44 18 118 30 27 120 37 29 120 81 8 120 97 6 121 65 13 121 76 6 121 83 7 122 87 5 123 50 29 124 35 21 124 81 24 125 25 9 125 84 14 127 80 25 128 18 23 128 53 17 129 18 22 129 33 27 129 38 7 130 72 28 133 48 0 134 31 25 135 94 11 136 40 22 137 19 9 137 87 23 140 73 18 142 81 2 145 76 26 150 10 3 150 31 8 150 49 1 151 91 15 155 27 16 157 57 17 158 53 25 159 31 10 160 15 15 160 20 17 160 92 27 161 22 12 161 100 23 162 3 11 162 22 2 163 98 19 164 23 15 164 26 1 166 60 21 166 63 31 169 32 19 169 40 19 169 81 27 170 10 11 171 70 23 172 90 24 174 39 11 176 33 25 177 33 30 177 94 24 178 25 13 179 26 8 179 36 25 179 65 4 182 65 27 184 40 13 185 57 10 187 55 6 188 29 5 188 49 31 189 93 9 190 74 18 191 10 10 191 11 14 191 21 31 191 33 31 191 62 6 191 97 16 192 35 16 192 73 6 194 12 6 194 94 12 196 55 24 198 34 28 199 71 25 201 87 23 202 6 10 202 16 5 203 24 11 203 31 7 204 69 22 205 46 9 205 62 8 208 86 20 209 12 4 209 97 15 210 54 28 210 77 17 211 29 13 212 35 4 213 13 25 213 23 28 216 30 9 219 63 4 220 69 3 220 72 3 220 78 31 223 67 11 224 67 21 228 43 24 228 44 7 231 82 14 233 42 6 234 52 27 236 94 3 237 4 1 238 25 19 240 6 26 240 48 25 241 34 18 242 64 4 242 75 8 243 38 29 243 100 21 246 75 13 247 72 10 249 35 19 250 100 12 251 34 26 252 5 19 252 21 28 253 43 4 254 18 13 254 33 25 254 65 8 255 8 19 255 24 28 255 43 28 255 89 16 256 43 0 256 74 29 259 89 13 260 67 20 260 88 16 263 22 12 263 38 26 263 40 16 266 5 16 266 71 13 269 72 22 270 70 10 272 39 26 272 47 28 272 92 23 273 45 14 274 38 19 276 8 27 276 15 5 276 42 15 277 99 0 279 85 20 279 94 10 280 99 11 282 38 21 283 46 31 284 26 30 285 38 19 285 40 2 286 43 28 286 52 3 287 2 21 288 25 8 289 8 19 289 76 28 290 14 27 290 19 27 290 41 14 291 6 6 292 75 22 293 64 22 294 96 10 295 9 21 297 82 25 300 29 5 302 3 25 302 79 13 302 86 19 304 22 25 304 53 12 306 47 26 308 19 23 309 1 18 309 37 1 310 15 22 311 66 9 312 71 13 313 97 24 317 21 15 317 61 8 318 63 29 319 37 6 319 84 19 320 76 26 322 17 13 322 81 12 325 23 2 325 27 16 325 61 23 326 9 16 327 38 27 327 62 24 328 68 23 329 24 14 330 39 30 331 9 1 332 28 24 332 77 3 333 70 6 334 34 0 334 91 8 337 3 4 339 15 20 340 45 23 341 85 5 342 14 17 342 50 19 345 85 12 346 95 28 347 61 26 348 20 0 349 81 2 350 15 18 350 66 24 351 78 4 355 21 16 355 80 0 356 76 27 356 99 3 358 22 8 358 51 23 359 86 11 360 73 2 360 91 13 360 100 0 363 4 10 363 20 30 363 38 17 364 62 19 364 70 15 364 84 7 369 25 25 371 34 22 372 9 13 373 69 3 374 46 7 375 58 8 376 65 13 376 83 2 377 43 23 378 70 31 379 2 27 382 4 14 382 44 1 382 63 31 383 12 3 384 90 5 385 41 26 386 54 2 386 67 18 387 72 0 388 68 6 391 78 29 393 19 16 396 72 4 396 81 4 399 9 28 399 12 14 401 32 18 402 54 6 403 51 7 403 62 1 403 89 10 405 54 0 406 6 6 406 33 24 406 92 10 407 91 19 408 1 13 408 20 2 409 100 9 410 91 1 411 3 22 411 68 30 413 3 22 413 7 8 413 63 21 413 70 2 414 12 15 414 93 28 415 17 2 416 37 28 416 70 12 418 38 30 418 76 23 419 58 24 420 74 24 421 18 20 421 57 27 421 65 13 423 92 30 424 60 8 426 45 2 427 18 28 429 42 11 429 43 25 430 35 8 431 1 21 431 37 16 432 86 13 434 96 20 436 46 20 437 32 25 437 56 29 438 98 8 441 26 23 443 52 25 443 59 4 445 12 17 445 21 4 447 90 19 448 89 18 450 63 9 450 84 5 455 9 28 456 39 24 456 52 30 457 70 29 458 28 11 458 64 8 460 69 30 460 74 8 460 95 13 461 23 26 461 39 2 461 95 15 463 39 3 465 81 31 466 60 28 467 4 23 468 13 24 470 66 30 470 77 9 473 32 1 476 18 5 478 10 19 479 37 18 484 48 8 484 79 12 485 11 9 485 76 1 485 91 31 485 98 3 486 33 24 487 85 24 488 34 30 488 50 2 490 85 20 492 92 11 494 29 31 495 42 12 496 91 25 497 0 9 497 41 12 498 39 24 500 51 31 500 86 8 501 29 10 502 70 6 502 86 5 504 76 0 504 86 5 506 94 1 507 48 26 510 30 30 510 84 8 511 2 26 512 56 20 516 81 22 517 26 13 519 13 16 519 51 12 519 80 4 523 87 1 525 95 7 528 87 20 530 15 20 531 40 31 531 87 5 532 62 6 534 45 10 535 4 14 536 36 22 537 12 23 537 92 30 537 93 4 538 89 11 539 20 2 543 0 21 543 59 10 543 80 16 544 10 30 546 51 11 547 57 21 547 66 4 548 52 14 549 36 19 550 11 4 550 48 11 550 72 13 551 84 21 554 82 6 556 3 9 557 30 15 558 15 13 558 21 21 558 61 26 559 59 27 560 2 1 560 92 30 562 61 18 563 10 30 566 29 15 566 37 29 567 73 20 567 88 27 567 94 23 567 95 14 569 67 4 570 53 17 571 29 0 571 62 23 571 96 24 573 13 30 574 40 0 575 21 21 575 76 26 577 87 8 580 83 27 582 13 20 585 29 12 585 100 23 586 11 7 586 53 24 587 48 20 588 98 17 589 45 9 590 47 9 591 74 0 593 56 9 593 91 9 594 46 7 597 19 4 597 63 21 599 70 9 600 81 15 601 77 30 601 83 24 603 1 23 603 1 24 606 13 9 607 85 13 608 36 5 609 75 20 610 23 26 612 7 6 613 41 13 613 99 9 614 3 5 614 17 28 614 39 16 616 99 26 617 10 18 617 50 6 617 60 2 619 66 10 621 13 18 621 49 22 625 26 8 625 47 17 625 54 19 626 35 2 626 48 12 626 74 30 627 11 23 627 90 18 627 90 22 629 11 18 629 23 31 631 12 10 632 11 1 632 55 15 633 46 17 634 70 3 635 18 12 640 79 28 641 22 21 642 29 7 643 82 10 644 11 13 645 73 9 647 75 2 649 52 29 649 91 11 650 91 7 652 32 25 652 47 16 652 98 30 655 90 27 659 3 20 659 83 0 660 60 8 661 37 27 661 98 9 662 2 15 664 18 11 664 25 4 665 37 0 668 18 28 668 37 29 669 44 23 669 57 27 670 23 25 670 40 4 670 73 30 670 90 16 671 2 31 671 43 21 672 43 6 672 46 25 673 16 0 675 63 30 676 28 4 676 40 4 680 71 5 681 72 30 682 47 16 684 39 29 684 57 13 684 88 2 688 20 21 688 25 15 689 67 22 690 23 29 691 63 7 693 14 4 694 14 17 695 12 0 696 15 0 697 68 20 698 95 5 700 42 5 701 88 1 706 65 4 708 92 15 710 68 3 714 16 2 716 78 8 717 67 15 718 16 29 718 81 6 719 6 27 719 73 0 720 31 21 720 84 8 721 16 23 723 30 6 723 75 30 723 76 27 725 2 16 728 41 3 728 51 22 728 66 12 728 88 12 729 85 14 730 68 4 730 73 16 732 55 5 732 88 18 733 83 28 733 90 23 735 35 23 737 66 1 737 92 8 737 98 30 738 21 16 740 9 22 740 79 15 741 85 15 742 53 6 742 94 0 744 59 20 747 48 0 749 14 13 749 32 28 750 33 21 751 80 16 754 98 28 756 25 22 756 67 13 760 75 23 761 84 12 762 94 5 763 25 0 763 75 14 765 84 3 766 25 27 767 15 21 767 42 13 767 98 4 768 64 18 768 68 3 770 20 31 771 69 4 772 41 16 773 48 29 774 57 19 774 96 10 777 66 16 778 97 8 779 75 31 780 77 30 783 81 5 785 92 9 788 76 13 790 22 7 791 12 25 791 36 14 797 90 6 798 11 10 798 29 20 799 88 11 802 83 19 804 70 29 804 73 14 805 25 20 805 87 15 810 9 5 810 33 15 810 61 2 811 9 22 811 64 19 811 66 28 813 95 11 816 98 16 818 16 22 821 87 26 822 33 10 822 54 30 822 69 11 825 18 1 825 94 22 826 50 24 826 71 29 828 33 24 830 69 0 831 27 27 832 14 30 832 43 25 834 17 18 835 48 12 835 72 15 835 91 14 836 6 24 837 15 16 837 98 10 838 59 5 839 12 9 839 82 6 840 41 8 840 88 13 844 97 30 845 87 17 845 93 28 846 67 24 849 83 21 849 92 25 850 25 14 850 71 10 850 74 6 851 96 15 852 6 18 853 45 2 853 45 13 853 90 2 854 15 0 855 39 11 856 15 24 856 30 27 857 65 23 857 83 0 860 13 30 860 65 29 862 8 14 862 19 26 864 48 19 865 49 11 867 67 5 868 72 29 870 15 7 870 86 19 872 11 18 873 5 3 873 37 19 878 17 25 878 69 27 881 56 8 882 7 23 885 53 20 885 91 29 886 53 5 886 72 28 889 64 23 891 55 21 892 38 29 892 84 1 894 23 11 894 38 2 895 24 15 895 58 17 895 66 18 897 8 20 898 43 7 898 84 9 900 64 0 901 28 7 901 80 21 901 87 22 902 38 31 902 42 23 904 97 15 905 28 28 905 57 5 905 78 19 906 59 23 906 63 30 907 66 2 907 86 24 908 65 27 908 93 23 909 17 7 909 99 6 910 76 29 911 7 25 911 87 20 913 65 5 914 81 6 915 60 24 916 56 9 917 67 7 918 25 9 918 59 23 921 55 15 922 66 11 923 62 24 924 65 27 926 45 31 927 76 27 929 55 30 932 65 19 934 52 19 935 9 31 937 69 7 937 86 19 937 93 8 939 13 8 939 52 0 940 16 11 940 29 23 940 32 17 940 40 7 941 78 4 941 99 18 942 7 4 942 32 29 942 99 30 944 52 30 946 9 18 946 78 6 946 92 2 947 52 23 949 12 28 950 89 8 951 21 12 952 13 4 952 46 26 953 45 19 954 62 19 954 67 15 954 91 30 956 4 9 956 46 24 956 63 31 958 49 21 959 82 24 960 1 22 960 53 14 960 94 3 961 98 2 962 44 25 963 59 5 963 97 20 964 16 16 964 43 6 967 75 31 967 83 23 967 96 24
231 867 0.0003 73 9 29 73 22 13 74 83 8 79 16 16 79 38 8 79 81 21 81 0 25 81 32 30 81 50 30 82 22 13 85 2 17 85 13 12 85 54 10 85 56 16 85 68 0 86 78 18 86 85 22 88 41 31 88 49 21 88 74 19 91 35 29 92 79 12 93 22 5 93 69 19 93 92 14 95 57 21 100 26 22 100 47 15 100 80 30 100 94 8 104 37 29 104 40 28 104 84 21 107 8 4 109 43 15 110 14 21 110 85 31 111 4 7 111 32 17 111 71 25 111 88 28 111 98 8 113 19 15 115 97 18 118 34 11 118 81 8 119 40 1 119 50 4 120 74 3 121 67 9 124 34 19 125 72 7 126 12 12 126 20 19 126 34 16 127 88 11 128 13 26 128 45 11 128 72 12 130 93 5 131 53 1 131 84 18 131 100 3 132 19 19 134 35 23 135 29 30 135 49 5 136 19 10 136 62 23 138 13 31 138 16 19 139 38 18 139 82 4 140 63 20 141 52 12 142 66 15 142 91 5 145 31 18 145 62 24 146 3 1 146 78 16 147 54 15 150 59 11 152 55 30 154 48 22 155 81 8 156 23 1 156 70 18 157 57 25 157 84 24 160 40 28 160 97 30 163 36 28 166 10 12 167 0 9 167 64 8 169 18 23 169 95 2 170 2 31 171 99 2 172 79 24 173 84 7 174 34 17 175 77 25 177 100 8 178 10 18 180 51 26 181 87 8 182 23 3 185 30 28 185 31 7 185 80 2 188 98 24 191 70 12 193 13 30 193 93 22 194 63 12 194 85 19 195 39 6 195 74 16 196 13 7 199 19 17 199 72 7 199 83 30 201 51 15 204 25 14 205 44 30 205 76 6 206 22 5 206 30 20 206 52 19 210 62 11 211 77 3 212 38 9 212 96 15 213 22 20 213 86 25 213 92 26 214 78 26 216 27 19 217 6 17 217 23 7 217 49 20 217 59 31 217 87 14 217 97 10 218 67 29 218 74 8 219 6 5 219 72 8 220 94 8 220 97 30 221 52 25 222 16 30 222 95 25 225 18 12 225 36 28 226 39 14 227 65 8 228 80 30 229 50 20 229 66 25 232 5 8 232 47 28 233 2 28 233 77 28 234 5 12 234 61 3 234 63 5 234 89 12 235 49 11 236 38 16 239 60 7 240 86 4 241 20 23 241 38 8 241 49 24 242 21 4 242 52 1 242 81 31 242 91 23 243 51 24 244 53 17 245 73 7 249 74 3 250 33 1 250 35 24 251 85 22 253 24 10 253 77 0 254 93 22 256 80 2 258 21 21 260 44 27 261 4 20 263 84 6 264 42 17 266 94 4 267 16 15 267 36 7 267 39 0 268 49 2 269 49 7 270 95 21 276 19 27 277 4 12 277 75 17 279 28 12 279 62 11 280 76 24 281 40 10 288 15 14 289 10 15 289 55 28 291 45 14 291 47 20 292 41 2 292 46 0 293 18 28 295 39 14 296 19 9 297 68 18 299 63 26 299 92 21 300 24 10 301 82 1 302 49 24 302 99 1 303 14 14 303 39 2 304 46 8 305 1 27 306 50 8 308 29 14 309 2 2 309 25 14 312 17 17 312 71 24 314 25 25 314 74 8 315 5 4 315 48 8 317 24 4 317 79 16 317 92 10 318 16 12 318 69 13 319 6 23 319 18 22 322 3 18 323 72 27 323 73 0 325 58 19 326 22 11 327 19 10 328 69 25 332 83 13 333 12 11 334 78 15 335 99 24 336 18 6 336 63 13 336 97 1 337 12 6 338 71 18 340 98 27 343 100 17 345 86 5 345 88 5 348 97 26 350 65 20 350 76 26 350 84 12 352 5 14 352 88 17 354 19 18 354 20 9 355 96 20 357 41 0 357 92 10 358 15 20 358 35 2 358 49 21 359 58 19 359 81 0 359 96 7 362 17 17 363 8 2 364 1 22 364 29 23 364 93 30 365 25 20 365 53 2 365 69 28 366 59 4 367 41 2 367 52 12 367 53 4 369 52 26 370 1 28 370 84 25 370 90 6 373 30 12 373 51 19 374 81 6 374 97 27 376 15 27 376 63 18 376 70 9 378 86 5 380 67 0 380 69 13 381 48 17 383 61 17 383 72 4 383 80 16 385 70 20 385 77 20 385 79 6 389 92 8 390 25 3 392 76 14 392 79 12 395 0 20 395 21 19 397 77 10 398 5 25 398 85 26 399 98 3 400 29 31 400 34 10 400 88 22 400 96 30 401 20 17 402 3 28 404 68 7 404 98 17 409 76 18 410 89 8 411 20 23 412 42 6 412 81 13 413 31 19 413 60 7 413 62 20 414 95 20 415 37 10 416 38 10 417 32 1 417 85 0 419 57 28 419 89 14 420 63 10 421 27 19 421 47 23 423 52 25 424 15 0 426 41 14 426 66 30 427 61 20 428 6 13 428 76 18 430 13 29 430 81 27 431 20 18 432 23 15 432 35 18 434 84 18 436 33 6 436 46 27 441 51 0 441 95 29 442 6 18 442 96 8 444 93 7 447 53 29 449 21 21 449 64 14 449 74 28 450 77 6 451 32 14 451 77 13 451 86 18 453 78 13 456 44 4 457 51 13 458 11 14 459 55 4 460 3 3 460 31 28 461 49 25 461 99 11 462 66 19 463 45 10 463 47 1 465 26 20 467 8 31 467 15 1 468 43 2 469 81 22 470 35 2 471 65 11 471 87 0 472 12 31 472 51 9 472 71 21 474 4 23 477 51 22 477 56 14 477 100 26 479 12 21 479 14 3 479 73 7 480 41 5 480 59 26 481 20 2 482 2 11 485 20 15 491 36 19 491 49 11 492 9 30 492 72 10 497 57 21 499 8 10 499 66 18 500 9 2 502 41 0 502 93 30 505 84 18 508 73 0 508 74 21 511 26 20 511 29 8 512 56 29 512 69 3 512 78 16 515 39 17 515 85 21 516 57 2 517 74 9 518 22 3 518 27 15 519 21 5 519 50 14 519 74 24 519 84 4 520 68 1 521 23 2 528 21 16 528 60 3 529 13 18 532 40 5 533 17 18 534 6 28 539 100 1 540 51 1 540 63 9 543 30 31 545 13 26 545 57 25 551 57 30 552 13 4 552 88 13 554 47 30 556 77 31 561 2 5 563 6 30 563 66 5 564 64 7 565 64 14 566 14 16 566 17 8 566 33 18 567 44 10 569 68 8 570 88 25 571 70 19 571 82 0 573 43 23 573 73 8 574 63 24 575 37 18 575 87 19 577 27 2 578 14 10 579 16 31 579 88 23 580 58 4 581 84 0 582 27 26 583 28 25 583 60 25 584 53 4 585 89 14 586 22 3 587 87 5 588 17 3 590 81 10 591 15 4 592 3 30 594 73 4 595 11 10 595 85 18 596 30 13 596 84 30 597 40 24 597 78 29 598 32 29 598 34 6 599 45 28 599 86 22 601 43 7 601 58 8 603 15 3 603 78 9 605 48 19 606 1 27 606 28 27 607 49 15 607 65 10 608 52 8 609 94 5 613 48 24 614 78 12 615 25 13 615 69 22 615 89 29 616 79 23 616 98 10 616 99 25 617 37 6 625 30 24 625 74 23 625 99 10 627 69 8 630 68 31 631 43 15 631 77 30 633 73 7 637 77 15 637 92 11 640 64 8 641 92 13 643 90 21 644 81 29 645 0 16 646 3 20 646 47 3 647 43 10 648 46 0 652 67 7 653 75 16 655 83 7 657 91 5 658 34 0 659 70 19 660 44 14 660 63 27 661 44 15 661 58 1 661 97 25 663 63 14 665 60 13 667 69 10 668 56 31 670 58 4 671 47 30 672 6 27 672 78 28 676 88 20 678 64 25 679 91 21 681 36 25 682 11 5 682 48 28 682 78 18 684 5 13 684 21 11 685 93 1 687 41 9 687 93 24 689 51 15 689 63 27 689 72 11 689 75 4 692 91 10 695 20 7 696 67 17 699 7 6 699 15 27 699 81 20 700 28 23 700 91 21 702 60 13 703 15 15 703 68 7 705 13 0 705 40 30 706 67 18 707 0 31 707 27 9 707 49 19 710 28 28 712 13 3 712 21 3 712 53 17 712 87 7 713 75 5 714 5 29 714 23 13 714 97 27 715 34 6 718 39 17 718 61 28 719 6 28 719 63 28 721 6 30 722 8 30 722 25 25 722 39 9 722 50 8 723 78 21 725 74 0 731 7 11 731 14 8 731 47 8 731 60 14 731 83 29 731 86 5 733 87 14 734 15 29 734 24 7 734 42 22 735 47 11 737 30 8 738 36 23 739 8 21 739 75 26 739 79 11 739 80 7 741 0 3 744 72 19 747 66 19 749 1 1 749 87 19 751 34 20 754 37 27 754 43 2 754 54 22 758 25 2 758 77 26 759 34 1 759 83 17 760 13 9 760 34 2 760 50 29 761 23 16 761 62 21 761 80 10 761 83 2 762 44 1 763 52 2 764 84 30 765 12 0 765 50 16 766 32 24 767 100 25 768 7 21 768 41 21 769 23 12 769 88 20 769 89 9 770 43 1 774 39 12 775 84 31 776 41 26 778 92 16 779 58 7 781 72 2 782 26 18 783 42 26 783 63 18 783 66 5 783 66 18 784 74 9 786 3 5 786 40 11 786 61 24 787 0 20 788 66 21 793 62 27 793 79 25 796 51 31 797 39 13 798 43 31 799 0 4 800 82 15 802 13 6 802 24 9 802 68 28 803 1 30 804 55 12 805 0 11 806 14 29 806 36 3 806 64 21 808 81 11 808 83 4 810 83 2 811 13 20 811 62 25 811 95 28 812 1 19 813 9 7 813 11 9 814 17 10 815 20 20 815 43 12 816 38 11 818 40 24 822 38 0 822 100 4 824 63 29 824 74 20 825 52 4 826 53 4 826 91 13 829 48 2 829 95 22 830 30 21 830 96 8 834 0 27 834 75 16 835 67 16 835 68 23 836 67 27 837 6 6 839 63 12 841 72 30 841 89 20 841 97 9 844 28 15 844 58 19 844 80 25 845 18 1 845 96 8 845 99 7 847 68 7 848 62 9 849 78 11 849 87 24 851 38 24 853 31 12 854 32 4 856 6 30 856 38 20 857 66 9 859 55 19 859 69 27 860 9 5 860 84 5 860 91 12 863 87 16 863 88 14 865 15 15 867 7 22 867 73 0 868 74 14 871 72 29 873 13 31 873 18 0 873 24 25 876 53 22 876 92 8 877 8 18 878 32 22 878 33 20 878 57 23 879 64 24 880 5 21 880 6 7 881 10 11 881 16 29 881 54 12 882 3 20 882 29 10 882 90 4 884 61 29 884 92 24 885 51 0 885 83 7 886 76 3 887 93 11 889 13 19 889 15 30 889 30 29 890 62 28 890 67 22 890 84 10 890 95 2 893 19 1 893 99 14 894 56 17 895 5 1 895 49 3 895 75 8 897 36 10 898 44 27 898 68 8 900 55 20 902 77 18 903 16 9 904 85 10 905 66 25 906 82 4 907 13 26 910 15 23 910 22 29 912 41 26 914 13 10 914 27 29 915 70 27 916 72 0 917 65 1 919 95 7 920 58 14 922 64 2 925 3 4 925 13 4 925 36 29 926 91 29 927 57 22 929 55 10 931 55 23 932 35 31 932 46 23 932 96 29 934 34 13 936 76 29 939 14 13 939 32 16 939 33 17 941 21 4 941 31 31 941 60 7 942 5 27 945 23 28 945 48 9 946 46 6 947 31 4 948 0 16 948 91 3 949 10 15 952 17 22 952 87 30 954 2 6 954 21 8 954 32 27 954 61 0 954 77 18 956 17 4 958 47 15 961 98 27 963 12 31 964 14 5 965 17 11 966 26 0
232 867 0.0003 72 45 17 72 78 18 75 7 4 75 57 12 76 63 21 77 71 19 79 73 31 80 5 1 81 44 21 82 6 25 83 93 0 88 88 13 91 63 20 93 44 5 94 61 11 94 73 3 95 90 31 96 61 14 99 14 26 104 20 4 108 52 3 108 85 20 110 72 14 111 25 28 111 28 18 111 91 15 112 64 12 114 5 31 114 48 20 115 0 10 116 90 1 120 18 30 120 46 0 120 62 15 120 64 10 120 88 14 121 5 12 121 81 2 122 81 0 122 96 0 123 24 3 123 81 13 125 73 2 125 98 23 126 41 20 128 20 2 128 42 20 131 95 26 134 2 10 134 8 29 134 65 18 134 74 8 134 82 14 135 39 18 135 57 12 135 90 9 135 97 21 137 22 12 137 48 24 138 56 6 139 26 3 139 87 27 141 2 21 141 75 16 141 76 14 141 99 19 142 28 11 142 65 26 143 63 10 144 48 30 145 0 26 147 63 11 147 64 30 147 76 23 148 41 18 148 50 15 148 70 29 153 42 2 156 35 24 158 75 10 160 56 13 160 77 4 160 97 31 161 10 3 161 12 8 161 14 19 161 56 1 163 98 18 164 58 14 167 61 6 167 72 5 167 91 1 168 7 30 168 38 5 168 43 29 171 39 28 171 47 23 172 20 4 173 51 27 174 59 6 175 31 7 176 17 13 176 22 18 176 40 2 176 49 14 178 65 14 178 79 31 179 76 20 180 70 12 181 37 7 186 72 12 187 53 22 188 1 3 189 4 11 189 60 6 191 43 26 191 56 4 191 57 25 192 11 30 192 27 28 192 81 26 193 16 1 193 93 0 194 73 29 195 24 19 195 30 17 195 33 13 195 80 2 199 17 28 199 26 15 199 60 21 199 86 4 202 9 28 202 75 2 203 4 13 204 6 7 207 48 1 207 82 3 208 40 25 208 50 4 208 76 1 209 19 7 211 23 21 214 5 19 214 30 3 214 44 14 214 75 5 215 56 31 216 15 22 217 0 17 217 77 30 218 15 4 218 48 3 220 91 30 222 39 19 223 96 12 227 53 28 228 90 26 230 26 8 231 59 27 233 38 10 237 75 22 237 99 3 241 7 3 241 54 27 242 90 20 242 98 10 243 41 18 243 93 13 245 43 25 245 51 4 246 12 23 246 82 23 247 48 1 247 86 13 252 13 7 252 60 30 254 8 2 254 88 15 260 31 22 260 88 27 262 55 25 262 89 7 264 45 30 265 67 22 266 27 13 267 27 1 268 81 16 268 86 12 269 31 29 269 33 28 269 51 14 273 6 3 275 5 9 276 27 14 277 29 22 281 74 5 282 2 14 283 63 23 283 92 1 284 58 25 286 71 2 288 84 29 290 55 8 291 73 26 293 78 29 294 29 0 297 94 18 298 63 13 298 84 3 299 67 17 300 6 8 301 43 15 303 73 0 305 12 10 305 70 23 306 56 1 306 57 6 306 72 10 308 24 24 308 26 23 309 14 25 310 44 6 312 38 20 312 94 28 314 81 18 315 64 0 315 100 0 316 73 25 318 3 10 319 53 9 319 83 17 320 69 18 322 96 13 323 62 2 323 73 19 328 90 14 331 53 1 332 53 9 333 38 23 333 65 22 335 9 7 336 40 31 336 92 23 337 54 1 337 56 21 339 98 24 348 95 11 350 15 2 350 16 1 350 93 14 351 100 30 353 18 6 355 19 22 355 24 20 355 49 17 357 22 19 358 11 10 358 22 20 358 23 9 359 18 9 359 64 3 360 3 23 360 71 11 361 50 30 361 88 9 364 31 1 364 84 14 366 34 29 366 98 31 367 65 28 368 16 16 368 70 16 371 60 24 372 50 4 374 4 18 374 16 3 374 93 3 376 71 22 377 38 18 378 43 26 379 45 16 380 94 22 383 30 24 383 68 14 384 76 27 384 100 17 385 34 6 387 18 24 387 48 11 389 9 16 391 84 6 393 13 14 393 37 28 394 10 9 394 59 21 396 91 20 397 30 0 400 47 6 401 3 24 401 7 11 402 2 24 402 27 13 402 37 19 404 23 21 405 24 17 406 63 19 408 2 17 409 6 8 409 12 31 409 85 19 410 42 6 410 69 15 411 43 27 412 0 15 413 5 29 413 77 7 414 6 11 414 32 15 415 34 22 416 25 24 416 60 14 417 48 19 418 98 16 419 72 15 421 20 24 421 50 6 421 77 9 422 57 23 423 17 30 423 92 14 426 36 31 426 39 2 428 20 3 428 23 6 429 94 20 430 23 14 430 44 31 433 9 14 433 10 21 433 39 19 433 48 18 434 95 31 436 8 14 436 51 21 437 20 5 437 92 1 438 74 29 440 93 30 442 5 13 443 15 19 444 0 17 444 23 27 446 84 2 447 72 27 448 47 23 450 19 21 450 87 3 451 80 23 452 90 19 453 15 29 453 71 1 456 39 24 458 90 26 460 63 16 460 68 20 461 48 5 462 5 9 462 42 5 462 83 20 463 32 23 465 24 19 465 73 4 467 13 29 468 3 8 468 64 14 470 95 10 471 17 3 471 20 25 472 6 7 472 87 24 473 20 9 475 12 2 475 20 4 475 78 18 476 46 12 477 24 31 477 56 18 478 29 31 479 50 0 481 11 31 484 9 21 487 29 30 487 100 12 488 96 1 491 46 0 491 67 31 495 6 27 495 10 25 496 20 16 496 34 2 496 34 15 501 29 13 502 44 0 502 96 5 504 95 1 505 74 11 507 11 20 507 43 29 507 93 12 508 67 27 509 23 5 518 24 28 518 97 19 520 33 17 521 35 6 522 64 22 525 33 9 525 89 29 526 38 22 528 95 3 532 39 23 534 20 25 536 14 23 538 58 26 538 88 28 539 95 16 540 16 10 540 31 27 540 67 1 540 80 0 542 75 26 544 12 0 544 45 27 544 96 14 546 24 28 548 60 24 549 62 24 549 66 11 551 8 27 551 41 14 552 62 18 555 76 31 557 28 10 560 3 0 560 9 9 560 77 2 562 72 5 563 61 29 563 68 20 564 3 30 564 47 31 567 39 7 568 16 4 569 3 30 571 50 10 571 97 25 572 92 11 573 47 29 576 64 6 577 6 3 578 25 16 578 25 23 578 92 3 580 56 15 581 32 8 581 73 29 583 25 16 584 60 26 586 1 2 586 25 3 587 25 25 588 67 3 588 86 3 590 48 27 592 5 7 593 17 15 593 72 26 594 78 25 595 39 21 596 55 31 597 39 5 598 58 26 603 10 11 604 24 29 604 34 25 604 47 5 604 100 9 607 41 18 607 56 13 609 48 31 609 99 0 611 0 4 611 68 6 613 44 5 613 76 1 614 47 15 616 14 18 616 34 19 616 69 30 617 61 8 618 16 5 619 92 4 620 55 2 621 34 18 621 71 20 624 14 15 624 37 1 625 2 31 625 4 27 625 38 28 626 36 23 626 71 3 628 22 2 628 41 28 628 46 13 631 53 10 631 61 1 631 92 13 632 32 22 633 26 3 634 9 27 635 32 23 635 60 9 635 77 3 637 24 11 637 96 29 638 35 12 638 91 31 639 7 27 639 92 23 640 100 5 642 26 21 642 58 6 643 3 2 643 31 12 647 55 15 648 0 24 648 37 27 653 11 13 656 75 17 657 36 3 658 72 11 659 73 25 662 35 4 662 53 1 662 70 5 662 94 20 662 97 27 663 51 23 664 15 14 666 17 20 669 3 6 669 37 30 669 61 10 669 71 17 672 20 2 673 30 17 674 62 2 675 31 30 676 32 30 677 49 9 677 64 18 679 39 13 680 0 21 681 42 28 682 20 12 682 68 31 683 2 20 685 93 12 685 96 24 688 77 19 688 91 26 689 100 1 690 100 2 691 75 29 692 12 6 693 10 25 698 31 19 699 5 3 701 12 28 701 13 20 701 42 14 701 64 23 701 74 24 702 65 14 703 32 11 703 68 30 704 13 7 704 92 23 706 13 21 706 46 1 706 91 27 707 44 5 708 64 11 710 14 17 711 39 13 712 38 10 712 99 14 713 83 17 714 21 0 714 54 9 714 88 24 716 9 15 716 33 5 718 65 27 719 74 4 721 3 4 721 87 8 722 97 2 723 29 0 725 41 5 725 68 29 725 100 15 726 24 2 727 68 5 730 16 1 730 66 12 731 69 11 732 2 4 732 18 10 733 25 4 733 83 24 733 86 27 737 65 22 738 1 26 738 34 30 738 84 8 740 24 25 740 90 22 741 1 31 742 38 16 742 90 7 743 23 13 744 26 10 746 68 27 747 11 5 747 86 10 748 79 8 752 86 13 753 13 8 753 42 3 753 62 2 754 19 2 754 78 14 755 5 8 755 83 19 757 25 15 757 76 0 758 48 31 760 11 7 761 34 18 761 100 20 763 88 23 764 22 26 765 5 28 766 11 28 768 61 2 768 63 15 769 0 30 769 2 13 769 83 25 770 85 11 771 2 3 771 25 2 773 77 0 774 24 23 775 74 11 776 15 25 776 81 29 779 14 0 781 57 6 782 59 8 782 61 12 782 72 24 788 67 16 789 75 21 792 38 11 792 46 16 793 82 25 794 24 23 796 32 13 798 5 8 798 16 23 798 44 7 799 39 11 800 7 28 801 10 1 801 45 14 802 64 14 802 96 9 803 95 4 805 44 22 805 83 17 806 63 24 807 44 7 808 38 5 808 56 26 809 70 18 809 79 21 810 91 22 811 29 10 811 78 6 813 24 17 813 56 23 814 10 12 816 37 1 818 95 12 819 57 0 821 57 21 822 49 24 822 64 10 824 85 7 825 65 31 826 46 9 827 21 21 827 82 12 828 31 27 829 27 31 829 43 14 829 83 15 830 14 8 833 72 27 833 92 29 834 0 14 834 45 20 835 11 4 835 34 4 835 84 6 836 98 0 837 95 27 838 20 9 838 25 15 839 100 30 841 44 30 841 63 27 841 88 16 845 8 10 847 68 23 848 31 5 848 46 18 850 24 16 851 29 24 851 57 11 851 89 18 852 20 13 852 69 28 852 81 11 853 28 3 853 84 26 854 8 27 856 34 12 857 26 7 859 36 28 859 43 5 860 81 17 860 91 20 861 18 13 861 27 11 861 48 21 862 10 21 863 73 4 864 57 28 864 78 21 865 82 1 866 20 22 868 64 18 870 11 10 871 41 9 872 59 17 875 3 6 876 31 22 876 70 20 877 33 0 877 66 13 877 99 3 878 62 7 879 8 9 883 42 18 884 10 31 884 29 21 886 39 5 886 60 0 888 38 24 888 48 1 890 2 7 893 2 9 893 4 8 894 11 30 894 39 27 894 79 3 895 50 22 896 74 25 897 49 25 898 29 15 898 56 5 899 31 7 899 37 30 899 47 18 901 88 7 902 52 13 902 62 24 902 68 0 905 68 1 905 91 14 908 4 21 909 27 18 909 100 30 912 87 12 913 65 4 916 12 31 916 17 3 916 75 14 921 25 18 921 38 11 921 67 8 922 26 24 922 40 12 922 83 8 923 35 9 925 27 26 926 91 21 928 18 20 928 77 1 929 31 7 929 69 1 930 59 16 931 77 23 934 92 25 934 94 31 935 39 31 936 72 1 936 90 29 937 45 23 938 15 8 938 77 6 939 32 5 940 3 0 941 68 19 941 96 15 942 66 14 944 42 0 945 24 19 945 36 4 945 54 13 946 93 8 947 9 18 947 27 8 948 22 17 948 83 8 948 91 20 949 78 11 950 71 1 952 31 4 952 37 3 956 84 14 958 54 14 960 26 8 961 11 19 962 13 5 962 70 9 963 28 9 963 67 1 964 22 6 964 98 7 967 7 1 967 99 1
233 867 0.0003 73 58 12 73 92 15 75 2 31 75 87 9 76 89 18 77 29 16 78 85 3 79 1 1 79 22 26 81 16 12 81 77 21 83 15 23 84 40 21 84 80 18 85 93 25 86 61 14 87 18 3 87 91 13 87 92 21 88 94 10 89 77 4 91 77 25 92 86 27 92 89 30 95 8 10 95 31 15 96 2 16 96 79 13 97 25 9 97 36 17 98 68 19 100 43 30 100 44 5 101 12 9 102 14 13 102 58 6 103 17 7 104 79 3 105 10 13 105 85 22 107 14 6 109 26 9 110 60 18 111 5 31 112 38 0 112 60 28 113 22 21 115 100 27 116 99 4 120 19 6 121 13 2 125 15 25 126 39 7 126 64 20 126 87 5 127 22 18 127 69 13 128 10 9 128 42 29 129 73 31 130 92 20 131 3 14 131 37 14 131 88 30 132 18 24 135 62 6 136 55 0 136 98 1 138 29 12 138 70 25 138 76 9 142 96 29 142 98 22 143 39 0 144 93 9 145 49 30 146 55 22 146 84 28 147 72 14 147 100 11 149 24 17 149 57 5 149 91 31 150 25 23 150 94 31 152 93 20 153 82 19 154 94 9 155 12 28 161 16 15 161 74 9 162 62 31 162 79 9 164 9 18 164 67 5 165 33 27 166 94 25 167 13 7 167 17 21 167 18 18 167 59 1 167 89 6 168 19 19 172 83 31 173 46 3 173 94 6 175 38 23 176 16 5 176 68 28 177 36 15 178 25 29 178 53 16 178 69 15 179 9 2 180 74 13 181 94 6 182 80 11 187 22 17 188 97 2 189 96 17 190 79 28 191 12 19 191 50 17 192 74 29 193 92 7 193 99 27 197 47 2 197 69 7 198 58 3 199 23 12 199 36 30 201 56 10 202 19 18 205 24 11 206 76 2 207 57 9 208 71 4 211 45 29 211 61 19 212 13 14 213 35 21 213 51 30 214 63 5 219 20 22 219 42 25 221 6 16 221 25 27 221 81 24 221 86 30 222 69 12 223 62 18 223 87 16 224 29 26 225 7 11 226 34 8 227 66 9 228 50 0 230 91 17 231 70 12 231 86 19 232 78 29 233 41 6 233 41 12 236 58 6 236 90 22 241 76 18 241 86 31 242 25 24 244 45 16 245 61 26 245 91 0 246 4 15 247 53 23 247 94 15 249 20 27 249 32 12 250 20 6 250 47 24 250 76 24 251 94 22 253 53 27 253 87 20 254 55 18 254 72 25 257 5 17 257 12 31 258 49 16 258 53 17 258 69 21 258 97 5 259 20 5 259 32 29 260 57 8 263 23 23 263 74 24 265 11 18 265 12 8 265 33 3 266 86 27 268 41 13 269 10 17 269 28 11 269 70 13 272 69 16 273 66 23 274 57 4 276 6 7 276 48 13 276 98 26 277 13 21 277 34 0 277 61 14 278 1 9 278 2 19 280 28 12 280 88 5 282 91 12 282 93 18 284 49 19 285 65 26 287 36 16 287 99 2 291 58 2 294 82 22 295 56 2 297 9 6 298 6 2 298 49 16 301 49 19 301 61 28 304 6 2 304 88 11 305 5 5 306 59 27 306 60 31 306 84 1 307 29 19 307 41 2 307 98 21 308 28 15 309 9 21 310 33 24 313 67 15 313 96 30 314 63 14 315 6 11 316 8 2 316 27 6 316 66 29 316 74 26 316 85 13 317 42 5 318 36 5 321 25 4 324 32 7 324 70 22 325 15 26 326 74 13 326 88 4 327 94 18 328 74 24 329 47 1 330 3 20 331 14 21 331 40 12 332 70 26 333 8 25 333 10 15 337 3 30 338 35 30 338 36 12 339 71 6 341 16 10 341 79 13 342 26 10 343 19 2 343 52 13 346 52 10 349 6 5 349 85 21 350 87 6 351 49 31 352 70 22 353 25 26 354 15 2 355 21 31 355 72 25 356 99 10 357 2 30 359 39 31 359 66 6 359 67 7 360 19 19 360 24 17 362 69 4 363 9 13 363 21 30 364 32 5 364 41 22 364 75 17 366 42 15 368 10 14 369 61 3 371 39 30 374 17 2 374 60 10 375 65 24 376 3 26 376 38 2 377 13 15 377 19 26 377 23 15 377 40 31 377 56 2 379 30 2 379 60 16 380 9 28 380 76 1 381 29 25 383 0 5 383 17 7 386 31 4 388 49 2 389 79 11 390 82 10 391 1 4 391 14 0 391 80 27 392 45 10 392 55 20 393 8 8 393 59 22 394 71 29 396 57 24 396 65 9 397 16 31 401 10 15 401 40 22 401 56 10 402 39 17 402 86 11 402 100 2 403 53 22 406 17 28 406 43 3 407 73 7 408 44 11 409 53 11 411 64 8 412 44 10 413 48 13 415 31 4 416 49 29 416 57 19 417 66 14 417 73 26 418 92 24 419 6 19 421 33 26 422 15 29 423 67 17 424 8 23 428 13 26 428 59 16 429 57 28 429 79 31 429 95 12 432 42 9 432 92 24 433 1 2 433 27 5 435 54 3 436 21 1 436 99 25 437 62 27 439 9 31 442 30 6 442 60 12 442 83 10 443 31 29 444 99 6 448 66 12 449 55 10 450 89 9 451 26 16 451 28 6 451 37 8 451 72 29 454 16 5 454 76 29 455 71 26 457 26 12 458 13 19 458 20 17 459 2 16 459 62 10 461 25 10 461 66 0 462 11 31 464 47 22 464 88 19 466 45 12 466 53 4 466 79 6 466 82 25 467 21 4 467 25 8 467 34 0 467 63 28 468 33 1 469 7 17 470 19 22 471 41 2 471 73 15 471 95 21 472 17 26 473 36 19 474 63 25 474 91 27 475 35 4 477 12 28 477 81 18 478 47 12 478 49 8 479 7 20 479 28 27 479 78 21 480 56 19 481 71 18 481 81 8 482 0 5 482 22 15 482 82 11 483 0 16 483 59 3 483 62 26 484 55 13 485 92 11 486 95 8 487 79 13 487 86 31 488 84 15 489 0 19 490 59 21 492 2 19 493 66 3 495 48 24 496 9 0 496 69 10 496 76 21 497 74 20 498 8 19 499 90 19 500 99 21 501 84 0 501 99 24 502 56 16 503 51 6 505 34 26 505 91 12 506 20 26 506 31 1 512 39 22 513 83 27 514 5 25 514 52 24 516 100 3 518 58 30 519 2 3 521 2 30 521 17 16 521 20 13 522 41 10 522 63 18 522 93 24 524 28 30 525 3 0 525 44 25 526 66 27 527 0 2 529 42 15 532 27 21 532 65 11 533 59 15 534 66 1 536 12 25 539 44 19 539 49 27 542 37 26 543 25 14 544 16 29 545 2 18 547 49 25 547 83 18 548 14 1 551 97 30 555 60 18 557 17 14 557 51 23 560 11 2 560 85 22 560 100 3 561 33 24 562 3 24 562 57 28 565 16 3 565 68 26 565 99 31 566 2 9 569 33 15 569 55 30 569 66 14 575 45 19 578 97 20 582 24 19 583 7 1 583 21 12 588 14 22 590 31 11 591 4 16 591 57 21 591 82 5 592 45 18 595 22 14 595 87 20 596 46 24 597 100 18 598 38 27 598 61 31 599 55 21 601 8 10 601 86 21 602 24 26 602 38 11 604 39 3 605 3 0 605 86 10 605 93 19 606 83 1 608 35 31 610 31 26 611 71 18 612 12 23 612 29 4 612 68 19 613 58 22 618 14 12 620 83 23 621 61 6 622 37 8 623 35 13 624 9 14 624 94 24 625 74 19 626 74 2 628 64 5 629 69 27 629 85 11 631 38 26 631 66 18 632 93 16 633 26 0 635 19 20 635 61 25 638 18 10 643 35 26 645 15 24 645 18 9 646 99 24 649 18 24 650 15 4 651 11 15 651 50 23 654 75 29 656 71 25 658 31 27 658 43 17 659 33 14 659 49 12 661 42 28 662 25 0 662 34 14 662 83 5 663 80 7 665 25 17 667 13 1 670 71 6 670 85 24 671 82 12 673 87 11 673 90 2 676 23 20 677 29 13 677 43 27 679 99 31 680 0 13 680 49 19 683 26 9 684 14 20 684 20 26 684 43 21 684 56 27 686 52 7 687 29 25 688 8 2 689 24 29 689 95 30 690 12 14 692 23 0 693 17 9 693 85 4 695 38 13 696 65 16 699 84 15 700 37 21 700 80 0 702 2 0 702 64 17 703 88 25 704 24 20 705 8 30 706 63 6 706 81 4 708 36 31 710 61 5 711 27 13 711 28 8 712 32 15 713 31 18 714 31 13 714 82 7 716 39 23 716 78 11 716 86 7 718 9 21 720 23 20 722 25 25 722 52 6 722 80 0 723 9 29 723 10 4 724 20 19 724 43 18 724 54 11 724 80 20 725 56 24 728 20 17 730 59 25 730 79 30 731 2 3 732 14 15 733 29 4 734 24 15 735 86 17 737 4 9 741 27 22 741 98 1 744 16 26 744 95 7 746 18 13 746 22 10 747 79 4 748 0 0 749 13 22 752 34 28 753 42 14 753 92 18 755 88 24 756 21 21 756 53 9 757 30 26 758 12 22 759 25 21 760 13 16 760 67 31 761 34 18 761 80 25 762 83 15 763 0 7 763 73 23 764 71 22 766 28 27 766 40 29 769 34 26 771 57 25 773 51 29 773 74 24 774 7 8 774 89 5 775 38 10 778 85 5 779 23 6 779 81 9 780 72 10 781 76 23 783 38 7 784 57 19 785 42 25 785 98 26 786 69 14 786 76 10 788 19 30 789 91 23 790 5 17 791 21 8 792 5 4 792 48 8 794 1 11 794 41 24 795 85 6 796 2 15 797 91 19 798 40 25 799 44 29 800 16 10 801 46 11 801 57 26 802 48 8 806 96 31 807 39 25 807 87 31 808 56 8 809 31 7 810 84 2 811 19 26 811 35 0 812 16 8 813 4 10 813 52 7 816 10 19 818 94 24 819 51 8 820 87 7 823 66 15 823 76 3 824 57 28 827 2 15 827 20 13 827 45 25 829 25 10 829 49 1 830 71 31 831 53 30 831 76 12 836 84 16 837 33 0 839 1 21 840 80 1 842 76 8 843 32 14 844 83 7 844 98 1 846 61 25 847 14 26 847 50 27 852 97 10 852 98 11 853 13 19 853 80 28 855 95 9 857 34 5 858 2 19 860 71 14 861 34 2 863 62 19 864 8 5 864 70 16 865 41 24 866 66 19 866 99 0 868 73 28 868 78 1 869 25 24 869 35 1 869 47 21 870 58 21 870 58 22 871 91 19 872 28 10 872 86 9 873 11 2 874 37 2 874 52 6 876 0 0 876 27 8 876 93 18 877 4 4 878 29 7 879 76 7 879 93 12 881 9 14 881 33 4 883 93 26 887 78 20 891 9 5 892 17 5 892 28 5 892 87 4 893 58 8 893 67 14 894 7 1 898 27 13 898 30 19 898 53 27 899 90 9 901 32 31 902 14 29 904 8 19 904 47 8 905 15 14 906 100 11 907 43 19 909 61 11 910 27 4 910 38 11 915 30 16 918 56 6 919 46 22 919 94 2 923 38 23 924 49 3 925 41 13 925 94 2 926 38 11 927 4 9 927 66 30 927 73 13 930 100 26 931 4 3 931 4 22 931 54 25 933 18 2 933 50 19 936 92 5 936 99 6 937 3 13 937 32 12 937 33 21 937 68 14 938 25 2 938 27 1 938 43 6 939 70 6 941 61 17 942 97 4 942 99 5 943 80 23 944 94 22 946 22 9 947 69 30 949 80 21 951 30 6 952 11 10 955 44 15 956 41 27 957 45 1 958 14 5 959 27 21 960 5 1 960 31 21 960 61 25 961 13 14 961 48 17 964 46 4 966 28 30 967 44 28 967 92 29
234 867 0.0003 75 44 21 75 94 26 77 29 28 79 61 3 79 95 21 82 7 9 82 50 23 83 46 10 83 59 10 84 19 10 85 3 18 85 34 0 86 5 2 86 40 1 86 64 25 88 20 11 89 15 28 90 47 1 91 51 20 92 85 3 93 9 17 93 81 10 93 86 4 95 62 9 96 53 9 97 1 21 98 3 10 100 17 23 100 34 31 100 35 8 101 19 26 101 28 2 101 34 23 103 99 21 105 22 7 106 49 21 106 96 1 107 34 22 108 1 12 108 53 30 109 64 9 111 26 14 112 71 14 113 82 15 114 74 29 116 46 11 117 50 3 117 58 17 118 17 18 118 83 9 120 40 13 120 49 4 121 31 4 121 38 15 123 48 19 125 25 19 128 77 24 129 55 15 131 81 2 132 30 18 133 59 5 137 33 2 139 48 28 141 12 3 141 21 3 145 30 20 147 56 22 148 27 14 149 44 11 149 47 6 149 87 21 150 70 7 151 27 27 152 49 18 152 77 17 152 80 17 153 0 18 153 51 18 154 25 15 154 83 30 155 7 12 155 81 20 158 43 3 158 79 5 161 34 2 162 11 31 162 45 19 163 9 12 166 24 12 166 91 19 166 99 2 168 60 24 168 91 27 168 99 9 169 33 4 170 59 29 172 17 28 173 75 29 174 78 30 175 9 5 175 30 3 175 64 11 178 18 4 178 26 27 178 100 16 180 24 30 180 30 3 180 35 0 180 96 7 181 68 19 185 8 31 185 43 31 186 12 27 187 8 26 188 84 30 189 29 5 189 51 3 189 81 0 191 29 21 192 60 4 196 43 15 197 31 23 198 5 20 198 34 19 198 78 4 200 39 3 203 23 5 204 24 4 204 78 21 205 2 15 205 3 31 206 1 3 206 31 12 207 77 0 208 90 26 209 51 26 211 62 12 212 31 31 212 71 16 213 53 12 213 83 7 214 3 27 214 44 14 214 78 29 215 94 23 217 3 22 221 92 30 222 18 15 222 52 4 225 3 16 225 78 23 229 21 9 231 32 8 231 83 11 232 43 7 233 0 6 233 3 16 234 60 28 234 61 27 234 92 26 237 88 22 238 3 11 238 66 18 239 10 25 239 23 7 240 62 16 240 78 6 241 2 28 241 22 29 242 9 12 242 12 15 244 21 2 244 78 5 245 18 25 246 0 30 247 57 5 247 76 30 249 10 11 249 95 5 250 13 2 250 46 7 251 6 16 251 28 25 252 25 14 252 76 31 256 24 20 258 41 4 260 42 30 261 55 25 263 62 11 265 78 10 266 68 8 267 17 7 267 32 7 268 25 1 269 14 28 273 58 18 273 60 13 275 49 27 276 42 14 276 59 17 276 72 24 277 10 4 277 71 14 277 79 23 280 33 11 280 44 31 281 30 2 282 69 5 284 36 6 286 64 29 289 45 4 289 67 7 290 78 29 290 98 22 291 76 5 293 93 12 294 10 10 294 28 0 294 73 0 294 80 2 296 21 7 296 61 10 298 0 25 300 32 1 300 36 16 300 97 13 301 43 29 301 74 7 302 75 13 302 81 10 303 68 15 303 83 25 304 8 14 304 30 12 305 94 26 306 32 20 306 52 27 307 71 20 308 98 23 309 24 11 309 53 20 311 6 18 314 69 26 316 4 24 318 16 13 320 46 25 323 5 9 323 8 21 324 42 1 326 0 30 327 42 19 331 57 21 332 30 23 332 37 17 334 58 16 336 48 1 336 85 25 336 85 29 337 22 7 338 95 16 338 100 25 342 71 16 342 91 17 343 29 13 343 61 22 343 90 11 343 97 10 344 3 20 344 43 26 344 71 3 344 85 23 346 44 15 346 86 16 347 6 11 347 91 29 349 59 22 358 52 4 362 46 23 364 17 1 364 73 22 365 74 17 365 85 18 366 3 8 366 71 5 369 62 13 370 11 16 371 47 26 372 16 13 372 34 16 373 22 25 374 18 20 374 58 8 375 50 21 376 15 26 377 83 18 378 4 18 379 15 21 380 29 5 381 41 24 381 82 3 383 29 16 385 45 7 387 59 11 388 6 16 388 23 1 388 84 5 389 45 6 391 18 1 391 73 29 391 80 15 392 72 6 394 90 31 397 93 30 398 40 4 398 62 24 398 63 3 399 60 3 400 41 18 401 2 17 401 38 13 401 66 31 402 60 21 402 80 1 405 52 19 406 66 29 408 81 24 413 27 22 415 48 19 415 79 25 417 59 10 423 27 9 424 30 23 424 62 18 424 87 18 425 72 15 427 17 16 427 58 6 427 75 13 429 7 3 431 27 20 431 53 22 433 28 29 433 85 12 434 4 18 434 41 26 435 66 3 435 87 2 437 83 29 439 11 20 439 13 23 439 88 29 442 50 28 443 15 15 443 38 31 444 29 31 445 22 18 446 47 28 447 4 16 451 10 28 451 15 4 451 25 5 452 79 19 453 61 31 456 82 28 457 97 7 458 60 8 458 92 21 460 3 29 460 84 31 461 17 1 461 91 14 462 11 7 463 23 20 464 36 12 465 25 23 466 6 11 467 30 19 468 51 7 470 40 18 471 72 15 472 98 22 473 39 22 473 62 30 476 42 15 476 46 21 476 55 25 477 54 12 478 94 2 480 34 5 481 9 11 482 41 5 482 77 29 484 8 13 484 56 26 484 98 17 485 1 31 486 21 17 486 80 28 487 13 22 490 0 29 490 3 22 492 16 24 492 77 28 493 7 28 493 53 3 494 26 18 494 46 5 495 2 31 496 10 2 498 65 8 500 95 28 504 59 4 507 6 13 507 65 20 507 72 30 507 74 2 507 99 18 508 21 18 509 55 31 510 80 14 511 6 2 511 45 20 511 77 4 512 35 3 512 80 20 513 85 8 516 16 25 517 32 5 517 32 21 517 76 30 517 81 7 522 32 5 524 37 6 525 38 31 527 49 9 530 30 6 530 61 28 531 44 20 531 70 15 534 15 0 534 22 29 534 40 25 535 58 26 536 18 12 536 92 28 537 100 4 538 22 11 539 1 29 540 76 28 543 72 0 543 99 7 544 59 9 544 69 20 546 71 28 549 41 9 549 92 21 550 90 13 551 47 25 552 1 14 553 34 13 554 17 14 554 58 30 554 92 9 556 27 11 558 28 31 558 47 26 561 100 17 562 19 5 562 29 15 562 46 24 562 57 29 563 17 5 563 43 8 564 69 17 566 9 2 566 30 20 568 78 12 569 41 10 570 63 31 570 99 12 572 23 0 573 16 30 573 26 15 573 69 22 575 23 13 581 5 2 581 53 9 583 4 21 583 16 21 583 59 27 583 90 30 584 96 6 586 9 30 589 100 4 591 37 29 591 52 23 591 82 25 592 2 2 594 34 13 596 36 11 601 75 3 602 51 19 602 100 6 603 7 15 603 63 28 604 73 3 604 77 8 604 87 21 605 39 30 607 98 22 608 83 1 609 41 14 611 62 13 613 26 0 614 2 9 617 41 13 617 72 25 617 79 10 618 8 7 619 91 7 623 29 14 623 63 4 624 40 21 626 20 14 627 40 28 627 76 9 627 78 22 628 22 26 629 27 10 630 3 28 632 25 26 632 85 22 634 19 29 634 61 5 634 64 6 635 73 10 636 55 20 636 96 14 637 3 7 637 53 2 637 63 3 638 100 1 640 39 18 640 66 15 640 95 11 644 28 3 650 6 15 650 23 17 651 24 14 652 64 18 652 84 11 655 41 22 656 89 13 657 10 19 657 27 8 658 95 15 659 17 2 659 25 26 659 73 26 661 35 18 662 0 31 662 26 17 662 37 30 662 81 6 665 26 20 666 40 10 667 31 5 667 45 17 667 79 15 668 30 18 668 53 16 668 99 7 669 23 25 669 25 7 669 34 8 669 80 19 671 25 21 671 33 1 671 71 8 673 33 26 674 63 5 677 53 26 678 8 27 680 72 10 680 79 16 683 34 18 684 52 4 685 35 13 688 38 24 688 72 8 691 56 28 691 64 23 691 96 20 693 93 6 694 99 18 695 34 7 695 48 17 697 22 28 698 5 17 698 87 2 699 38 1 700 59 7 703 12 9 703 50 1 703 98 15 704 39 20 707 47 16 710 24 0 713 28 18 715 45 12 718 88 28 719 20 7 719 73 14 721 3 1 722 33 29 726 30 6 727 7 16 727 18 19 727 42 14 727 53 4 727 73 8 728 11 19 728 61 10 729 60 8 729 71 0 730 86 2 732 32 10 732 83 15 733 14 13 733 45 21 733 55 27 734 6 19 734 22 2 734 30 6 735 2 15 735 76 12 736 22 29 736 53 25 736 58 13 739 56 2 742 26 13 743 49 2 743 65 17 744 64 28 745 37 10 745 40 26 745 85 17 745 96 11 746 35 10 747 57 0 748 17 1 748 35 20 748 44 2 751 49 31 751 90 3 754 5 29 755 94 30 757 18 24 757 40 24 758 0 8 761 54 7 764 92 27 765 67 20 765 80 28 766 28 8 768 69 5 768 78 23 769 79 3 771 2 11 772 13 24 772 14 30 773 56 9 774 22 10 774 93 14 776 33 21 777 28 7 778 60 5 778 68 14 780 8 5 780 32 20 781 6 1 781 20 22 781 40 14 782 91 5 784 26 2 784 46 3 786 99 4 787 38 8 787 88 1 789 42 14 790 52 17 790 63 10 791 56 2 792 37 26 794 73 16 795 8 2 795 80 30 796 79 12 797 0 26 797 57 0 798 26 21 798 60 3 798 82 4 799 29 19 799 31 25 800 85 9 801 94 16 802 57 19 803 8 17 803 86 17 803 99 16 803 100 24 806 31 29 806 50 31 807 7 13 807 69 10 807 72 19 808 74 19 809 41 21 811 73 8 813 6 13 814 3 5 814 23 18 814 34 11 814 43 20 814 85 0 816 31 25 817 10 5 817 76 2 818 2 5 818 6 11 818 91 17 820 42 11 821 51 20 823 6 26 823 9 15 824 96 22 825 1 16 825 26 11 825 26 19 826 96 16 827 61 15 832 79 19 834 82 13 838 5 28 838 84 19 838 85 9 841 99 12 843 47 22 847 74 15 848 25 20 848 67 6 848 100 15 851 38 14 851 77 19 853 28 13 853 88 21 854 33 30 855 62 6 855 78 1 856 33 29 856 40 26 857 69 6 858 53 10 858 57 19 859 66 15 859 100 29 860 33 12 861 20 13 862 26 6 862 55 27 865 22 11 866 1 10 866 13 14 866 66 25 867 0 7 867 12 27 867 64 25 869 21 8 869 37 13 870 11 22 872 29 25 873 0 28 873 41 11 873 63 24 874 80 4 875 5 10 876 6 10 876 46 26 879 52 4 880 82 24 881 23 5 882 79 21 883 13 18 883 35 27 884 77 21 885 5 2 886 34 9 887 13 9 887 25 7 887 99 15 889 10 22 889 44 31 889 90 19 890 100 7 891 29 23 891 57 30 895 12 20 899 29 7 899 64 16 900 45 5 900 98 31 902 22 8 903 68 19 903 75 27 907 95 22 907 99 19 909 22 21 910 26 22 910 45 17 911 70 15 915 47 26 915 99 14 919 23 6 919 71 5 920 76 2 922 17 17 924 47 8 924 68 5 925 48 10 926 0 13 927 20 23 928 6 22 929 16 3 931 20 1 931 24 28 931 55 19 931 78 29 932 77 5 933 0 11 935 4 0 936 13 18 936 16 0 937 43 22 937 64 7 937 68 14 938 60 31 938 67 8 938 86 10 939 69 10 940 79 1 941 62 13 944 34 9 944 43 26 944 86 20 945 51 11 946 10 27 947 89 10 949 24 0 950 32 19 957 91 19 961 57 24 963 30 29 963 78 28 966 19 20 966 67 3
235 867 0.0003 72 69 27 73 54 31 73 60 17 74 3 17 74 30 31 76 80 30 76 89 17 77 10 1 77 85 13 78 28 16 78 32 7 78 34 3 78 57 6 78 62 19 81 23 1 81 28 29 81 97 16 84 60 0 85 97 0 86 26 12 87 32 7 87 52 7 88 12 9 88 59 1 89 14 14 90 0 1 91 17 16 91 19 31 91 70 8 92 42 4 92 71 27 93 82 15 95 72 8 97 24 6 97 51 26 97 62 6 98 60 4 98 87 11 99 76 23 100 81 1 101 7 27 103 72 18 107 88 28 108 54 16 108 64 27 111 78 8 112 38 16 112 64 27 113 9 17 115 86 27 116 74 28 116 75 2 117 11 6 118 61 23 119 11 31 119 42 26 120 28 5 120 41 1 120 78 2 122 65 7 126 12 7 128 16 26 129 30 23 131 94 0 131 95 3 133 28 14 136 8 26 136 77 8 137 35 15 137 86 30 139 28 25 139 94 21 140 98 18 141 50 4 141 80 26 141 81 28 142 58 20 143 96 28 144 6 26 144 39 28 146 88 4 148 12 29 149 57 23 151 86 5 156 33 0 157 51 4 157 73 6 158 78 1 159 3 2 159 15 15 160 49 18 160 59 17 160 97 16 161 79 22 162 68 6 162 68 16 163 24 28 165 39 4 166 52 16 166 68 19 166 79 1 169 77 8 171 94 22 172 85 17 173 66 4 174 95 20 175 25 16 175 40 22 175 92 17 177 11 26 177 13 28 180 9 26 180 17 28 182 90 3 183 7 22 183 38 5 183 95 15 184 63 24 185 43 25 186 52 14 188 47 10 189 0 25 189 12 23 190 53 6 191 40 8 191 70 24 192 0 19 193 12 1 193 29 16 194 70 13 194 76 25 194 88 17 195 1 7 195 73 5 196 92 27 197 78 23 198 12 28 198 32 17 198 55 12 198 60 22 198 100 25 200 55 19 201 34 23 202 31 5 202 34 20 202 43 19 203 12 4 203 39 14 203 70 29 204 2 17 204 59 10 204 92 26 207 54 14 208 80 29 210 41 31 210 73 6 212 56 26 214 100 13 216 2 23 218 60 5 219 27 7 220 84 25 221 3 2 222 22 2 222 28 31 222 68 20 223 31 0 224 64 8 225 12 4 225 39 9 226 8 5 227 23 29 229 83 10 231 68 17 231 94 2 234 56 13 235 67 6 237 40 7 237 57 7 238 11 16 238 71 8 241 7 28 242 28 2 242 54 14 244 36 15 244 64 12 245 2 15 246 35 3 247 3 16 247 16 27 248 52 27 251 9 13 251 10 17 253 5 26 256 55 27 258 70 29 261 6 2 261 19 8 261 57 29 261 60 10 263 75 4 263 77 16 264 44 7 266 68 6 268 56 8 268 65 16 270 47 10 270 51 16 271 0 30 271 41 1 271 98 9 272 16 13 273 44 30 273 71 21 275 28 5 277 89 24 281 34 9 281 79 3 284 13 27 284 77 10 286 30 13 286 56 6 286 65 3 287 51 7 292 2 26 294 15 10 294 73 10 296 87 26 298 33 25 298 34 0 300 7 17 300 68 13 301 79 5 302 29 15 302 39 5 302 43 31 302 69 12 303 13 14 304 57 28 305 35 30 311 37 23 312 3 15 312 95 18 314 29 7 315 6 21 315 9 6 315 49 20 315 96 14 318 80 25 319 7 16 320 11 22 322 48 20 323 89 27 324 37 28 326 33 13 330 14 5 332 42 31 332 99 3 333 66 28 337 19 13 337 72 7 338 14 8 339 63 22 339 89 6 339 94 12 340 93 26 342 7 31 344 24 22 344 53 27 344 96 27 345 38 0 349 75 21 352 1 7 356 9 18 357 74 4 357 77 7 361 5 12 361 82 9 364 30 13 364 51 27 368 6 27 369 3 13 369 43 8 370 26 14 370 73 3 371 15 14 371 66 24 372 7 16 373 62 8 373 64 5 373 86 5 373 94 20 375 46 21 376 19 30 376 23 7 377 66 23 378 73 12 378 73 21 378 84 3 379 10 16 380 17 5 380 23 5 385 54 20 387 46 14 387 53 22 391 4 9 391 57 17 391 60 12 392 85 3 393 80 13 393 81 7 394 19 28 395 50 26 397 7 24 401 46 3 402 24 0 402 44 29 403 30 15 404 86 5 404 89 6 404 93 4 407 77 28 408 95 18 409 28 17 412 69 21 413 70 10 415 30 16 416 60 10 417 92 30 418 51 11 419 50 12 419 96 18 420 17 20 420 34 1 420 75 21 423 7 0 423 91 21 424 41 16 425 5 16 425 17 2 425 51 12 427 68 20 429 12 17 431 75 1 432 31 20 432 49 20 433 83 23 435 96 2 437 48 6 437 73 30 440 39 15 442 33 9 443 4 27 443 20 4 443 63 15 445 20 9 446 90 22 448 60 16 450 14 26 452 4 15 453 33 19 453 33 24 453 38 9 454 6 7 454 19 4 454 21 26 454 34 4 457 66 14 458 1 14 458 19 0 459 3 7 459 81 27 459 87 17 460 29 20 460 55 15 461 65 21 462 40 12 464 95 30 466 5 18 466 25 10 469 80 22 470 60 19 470 95 27 472 16 0 473 2 6 476 20 17 477 69 10 477 73 7 477 82 2 478 72 6 479 1 11 479 90 20 481 100 12 482 83 30 483 51 20 483 95 30 484 41 21 484 79 13 485 78 6 486 37 19 487 42 2 487 50 7 488 66 18 490 47 7 491 23 6 493 12 30 493 79 9 493 97 4 494 26 9 494 35 10 495 13 2 495 92 24 496 66 13 496 68 16 498 67 12 499 2 25 501 89 24 508 46 7 509 16 26 509 36 6 509 91 19 510 5 22 510 6 1 514 28 2 514 97 20 516 22 17 516 53 25 517 41 23 522 35 27 523 10 9 523 18 13 524 24 6 524 45 13 525 44 30 525 57 5 526 45 17 527 11 6 528 42 15 528 58 9 531 7 27 531 9 7 532 59 4 532 85 17 535 89 27 536 23 18 536 47 28 536 57 15 537 65 31 538 21 11 538 90 30 540 25 6 541 32 24 542 21 26 543 10 14 548 9 17 550 2 2 554 8 1 556 7 11 556 77 3 558 41 18 558 55 31 559 35 0 560 98 26 561 20 6 563 23 14 563 35 5 563 45 24 564 75 22 566 19 19 569 61 19 570 14 1 571 91 13 571 100 24 573 52 6 575 20 27 575 24 22 575 40 6 576 20 2 576 73 20 577 90 21 582 62 3 582 88 22 583 22 4 583 78 12 585 0 16 585 85 26 587 91 19 593 88 22 594 34 3 594 51 22 594 54 15 595 27 31 595 33 15 596 28 1 597 8 20 598 34 16 599 54 26 600 79 23 602 12 7 602 68 7 604 59 0 604 85 22 605 6 5 609 93 11 610 13 11 611 31 7 611 55 16 611 96 30 613 51 4 613 66 17 613 73 0 617 42 12 619 27 13 620 2 5 620 46 27 624 1 7 624 19 15 624 30 15 625 82 17 626 17 30 628 34 20 629 1 21 633 41 29 634 20 4 634 65 29 635 43 19 636 26 18 636 92 21 637 36 6 638 12 29 640 20 10 640 20 13 640 39 9 640 76 28 643 36 23 644 68 29 646 16 23 646 38 16 647 3 11 648 36 26 648 68 31 650 10 10 650 85 14 651 34 9 651 59 28 654 3 10 654 57 29 654 91 26 655 51 4 658 15 27 659 5 25 659 82 22 661 3 31 662 11 26 663 84 20 664 17 14 664 38 27 664 50 8 666 17 28 666 47 23 667 22 28 671 28 24 672 5 21 672 7 9 672 7 10 672 40 7 672 64 13 672 73 19 673 52 4 673 68 19 673 70 5 673 85 25 674 58 24 674 95 8 675 6 11 675 18 24 678 1 7 678 48 24 679 21 31 679 31 3 680 19 18 682 2 4 685 75 28 687 6 12 687 49 8 687 56 31 688 22 2 688 80 0 689 41 3 689 100 14 690 1 18 692 46 4 693 81 2 694 71 21 696 52 0 696 88 10 697 55 30 697 86 31 698 52 13 699 51 20 701 80 29 703 38 8 705 14 21 705 19 5 706 46 19 706 64 23 707 94 5 709 88 19 710 67 9 712 2 30 713 48 11 715 68 1 716 7 30 716 40 15 718 86 12 718 98 25 721 9 29 722 13 24 722 33 6 723 46 15 723 72 9 724 44 11 726 42 6 728 39 30 728 60 21 729 2 21 729 3 5 731 49 11 732 76 23 733 25 1 734 24 18 734 60 20 736 46 7 736 64 10 738 34 19 738 42 16 739 42 5 739 74 3 741 17 2 741 51 0 742 77 9 745 98 10 746 84 0 747 59 23 748 0 11 748 72 0 749 52 27 749 64 28 750 46 26 751 53 15 753 25 27 753 58 16 754 27 25 754 93 5 755 42 2 755 69 20 756 49 24 757 25 13 758 26 24 761 37 5 762 91 12 762 92 18 763 71 19 764 54 28 765 57 10 768 69 25 768 77 22 769 67 6 770 65 15 771 100 27 773 44 2 775 87 24 777 89 1 777 92 22 779 8 26 780 9 3 783 27 1 784 54 17 785 9 21 786 80 22 789 6 19 789 24 10 793 7 13 793 59 31 794 18 29 795 64 12 798 33 6 798 68 5 799 3 0 799 3 30 800 59 13 800 85 10 804 60 20 804 80 0 805 19 0 807 85 14 808 26 31 809 55 4 810 62 18 810 77 24 811 52 18 814 61 5 815 36 29 815 59 3 815 74 31 816 29 26 817 55 16 817 83 12 819 10 6 819 14 1 819 18 25 821 54 17 822 33 18 826 73 1 828 0 28 828 23 0 829 81 20 831 13 16 832 51 26 835 41 24 836 69 10 838 16 31 838 19 12 838 36 28 839 10 13 839 62 26 841 56 25 841 86 26 842 62 26 843 52 13 843 55 22 843 66 27 845 91 11 847 5 3 848 40 24 849 54 8 851 39 16 851 81 5 855 53 7 855 58 9 856 39 12 856 40 17 856 98 15 858 3 19 858 81 12 859 6 0 860 52 4 860 90 29 861 4 12 862 5 23 862 18 5 862 32 21 863 4 16 864 0 30 864 19 4 864 37 25 864 71 16 868 29 15 868 62 4 868 91 26 869 100 15 870 57 1 871 58 9 872 18 18 872 51 1 873 14 27 873 79 20 875 38 15 876 28 8 876 81 17 876 94 2 878 16 3 878 40 2 878 52 7 881 34 16 882 9 6 882 33 31 883 13 2 883 71 8 883 91 8 884 6 4 888 22 8 889 76 5 890 34 16 894 96 30 896 22 30 896 51 6 896 75 20 898 77 17 899 48 25 901 7 25 901 52 2 902 30 11 903 60 23 906 23 19 909 4 20 909 6 8 909 33 29 911 18 16 912 84 11 914 48 28 914 65 14 917 8 12 919 16 9 919 18 29 921 49 4 921 66 25 921 95 31 923 1 19 923 9 19 924 55 1 925 59 2 925 67 6 926 42 14 926 64 25 926 74 1 930 99 27 931 75 8 932 48 24 932 64 7 933 61 6 933 66 1 933 98 14 934 19 11 934 37 31 934 89 14 935 37 8 935 48 25 938 66 28 938 75 7 938 81 27 942 39 0 943 11 13 945 6 19 945 100 7 946 17 9 946 98 18 947 11 2 948 79 5 949 92 30 950 14 24 950 21 18 951 6 5 951 49 21 952 3 23 952 26 6 953 86 2 953 87 12 954 7 14 955 74 25 955 91 19 958 45 30 958 70 27 960 37 23 960 84 26 962 98 8 963 9 22 963 15 6 963 28 26 963 56 20 963 75 5 964 21 20 965 43 6 965 96 23 966 69 5 967 34 22 967 81 18
236 867 0.0003 73 59 14 74 8 19 74 25 1 74 34 28 77 64 2 78 48 28 79 35 24 81 54 18 81 75 25 85 19 9 85 79 21 87 12 21 89 30 13 89 61 8 91 81 24 92 25 9 93 73 8 93 75 25 94 52 20 94 56 31 94 98 31 96 23 7 102 9 18 102 79 15 103 54 27 104 39 17 104 48 7 106 100 13 107 21 16 107 76 2 108 19 13 109 87 20 111 40 13 113 0 22 114 91 30 115 68 21 116 52 18 117 30 25 119 71 18 121 5 3 121 22 30 122 22 2 123 16 6 123 83 24 125 24 12 126 58 24 126 78 24 127 9 11 128 38 4 128 89 19 129 11 25 136 57 11 137 8 5 137 12 4 137 42 2 141 74 26 142 19 14 142 74 21 145 50 2 146 74 13 147 98 28 149 11 31 149 31 14 150 33 17 154 1 12 154 75 20 155 65 9 159 61 1 159 65 28 160 32 9 160 77 0 161 3 10 162 54 30 162 80 5 164 3 14 164 10 26 165 57 14 166 81 23 167 53 31 167 78 3 169 66 2 170 5 1 171 26 29 171 38 11 172 12 27 173 83 20 174 59 10 176 21 8 178 35 2 179 90 18 180 52 6 180 82 23 180 89 8 182 71 13 182 88 26 184 30 19 184 39 10 184 45 13 184 45 27 184 97 27 185 98 16 186 25 26 190 100 10 191 4 26 193 65 25 197 59 3 197 62 30 200 57 6 202 86 26 203 12 12 203 14 17 203 38 4 205 97 29 206 59 11 206 83 9 211 91 29 212 24 3 213 48 20 213 68 20 218 18 25 218 53 18 219 1 20 220 41 15 220 49 11 220 82 29 220 88 11 221 7 17 221 62 24 226 66 28 226 81 17 227 53 23 228 42 8 228 91 23 229 17 11 229 54 12 229 97 5 232 31 11 234 34 15 235 14 17 235 35 26 238 68 3 239 81 23 240 76 8 242 5 31 242 94 7 243 4 8 243 11 4 243 24 6 243 45 22 245 57 24 246 53 0 246 71 14 247 31 6 247 88 12 249 27 2 251 34 3 252 88 23 253 35 2 253 74 12 256 62 23 257 16 20 257 48 15 258 6 6 258 82 25 262 70 6 264 15 0 264 94 30 265 32 17 265 58 29 265 97 2 268 99 12 271 97 10 274 70 24 276 45 16 276 96 7 277 45 30 278 35 11 278 67 25 278 68 16 278 99 5 279 21 11 282 59 27 282 96 22 282 97 10 283 3 10 284 33 5 284 84 6 285 32 2 285 84 30 288 38 27 289 26 15 290 59 6 291 89 4 292 17 22 292 34 2 293 94 31 294 20 2 295 35 0 295 92 12 295 97 28 297 70 4 297 70 22 298 45 27 298 86 21 298 87 15 299 44 9 302 76 15 303 56 19 303 58 28 303 62 21 304 87 13 305 2 29 305 90 16 307 78 5 310 34 14 310 75 27 311 66 2 313 73 8 315 17 10 315 96 3 317 12 2 318 9 20 318 22 27 319 20 12 324 16 3 324 32 9 324 36 1 325 1 11 325 75 6 325 86 24 327 37 26 327 95 9 328 3 14 328 44 1 329 5 29 329 67 25 330 14 30 331 85 6 333 52 31 333 75 1 335 49 30 336 21 7 336 26 21 337 61 19 338 23 13 339 7 19 341 23 16 345 8 10 347 1 25 347 51 19 347 56 27 347 80 2 348 89 24 349 46 24 350 68 31 353 80 30 353 89 16 354 18 27 354 23 1 355 32 12 356 19 3 356 53 28 357 20 11 357 59 24 357 96 8 359 76 3 359 84 20 361 25 27 361 45 10 362 20 7 362 37 3 362 94 17 363 6 15 363 100 14 364 10 14 364 99 5 366 39 24 370 31 21 370 48 2 370 65 26 370 94 31 373 4 9 373 34 3 373 64 1 378 35 10 379 36 30 381 37 16 382 65 25 382 67 2 383 56 19 383 86 4 383 95 29 384 58 17 384 85 21 385 16 2 385 92 6 386 11 16 386 38 0 386 90 7 388 35 8 388 64 25 389 23 7 389 74 9 390 10 0 391 15 11 391 19 16 391 26 7 391 41 17 392 18 20 395 25 8 396 57 0 396 100 11 399 25 22 399 27 19 400 37 6 400 79 7 401 42 12 401 81 4 402 39 14 403 55 21 403 90 24 405 24 22 405 74 20 405 89 28 407 54 13 408 56 30 409 98 20 410 47 1 413 2 31 413 46 17 417 46 8 419 8 3 419 75 4 421 18 10 426 23 15 427 23 31 429 50 9 431 98 3 433 97 13 434 9 30 436 70 14 440 59 21 443 25 22 444 7 27 444 66 23 445 51 10 445 79 7 447 42 22 447 95 25 448 64 26 450 10 11 450 91 14 451 57 19 451 61 15 451 75 24 453 8 15 454 4 13 454 56 13 455 97 17 456 25 23 457 9 5 457 69 0 458 49 27 458 79 21 459 11 25 460 7 21 461 71 11 464 69 12 464 88 29 465 95 1 466 71 23 469 51 6 469 94 30 470 90 7 471 0 10 471 89 0 473 38 17 473 94 22 475 40 7 476 18 14 476 25 2 478 79 7 480 45 21 484 43 5 489 75 15 489 83 1 491 18 29 494 70 31 494 95 23 495 10 13 495 30 24 500 34 6 501 7 25 501 92 11 502 5 18 504 63 23 504 98 28 505 54 0 505 60 30 505 79 25 506 1 22 506 10 13 506 64 1 506 100 13 508 64 23 509 49 3 510 19 24 512 74 3 513 95 23 517 8 18 517 57 29 517 61 11 521 0 20 521 10 25 521 53 5 521 89 18 522 0 6 523 18 9 524 84 10 525 6 3 526 27 3 526 83 6 527 68 21 528 44 17 528 59 14 529 2 3 529 30 21 529 46 15 533 25 1 533 86 16 534 1 21 535 43 11 535 81 12 535 90 11 536 32 22 536 61 10 536 71 21 537 54 13 537 60 7 540 14 13 540 27 5 540 50 20 540 77 20 546 50 12 548 65 21 549 12 3 549 97 5 550 44 10 551 81 8 551 90 3 553 31 6 554 26 24 556 41 7 556 95 29 557 24 4 558 38 19 559 1 1 559 42 19 563 80 5 564 39 23 564 67 15 565 33 31 566 80 1 567 14 20 568 66 24 568 91 11 569 3 6 571 12 11 571 68 8 571 86 21 572 76 14 573 81 2 573 94 7 574 89 14 576 5 24 576 46 25 576 79 2 579 80 22 579 91 10 581 52 20 583 64 2 584 59 17 586 90 28 586 92 12 588 8 18 588 63 24 591 90 29 593 33 26 593 35 13 594 72 29 594 94 18 595 34 20 595 44 17 596 17 19 597 2 31 598 56 3 598 83 28 600 25 11 600 78 27 600 81 22 601 33 31 606 48 2 608 87 4 608 88 31 611 42 15 614 86 5 615 98 11 616 0 30 616 87 20 620 10 11 622 43 8 624 71 13 626 96 24 627 38 15 627 56 18 629 46 20 630 77 1 631 78 19 631 86 29 632 91 30 632 95 19 634 30 11 634 38 8 635 69 30 635 91 31 637 77 16 638 5 15 638 37 28 638 87 4 640 23 1 640 25 4 642 13 19 643 13 2 645 13 18 647 40 24 647 89 21 648 34 30 649 89 17 650 8 10 650 10 13 650 31 2 650 79 3 651 100 15 653 12 4 654 92 26 655 43 23 658 3 23 658 89 9 659 7 12 659 13 9 660 8 21 660 40 1 662 7 24 662 71 24 662 87 14 662 95 9 663 53 9 665 10 4 665 23 16 666 85 31 668 73 0 668 82 22 669 43 10 673 98 31 674 78 21 675 71 23 676 10 21 678 85 8 679 56 12 681 38 12 682 0 28 684 6 20 684 32 27 684 96 27 685 4 27 685 62 14 686 23 9 686 99 4 689 20 0 691 47 3 693 16 27 695 53 5 696 21 5 699 26 23 699 44 28 699 96 14 699 100 13 701 30 1 701 94 23 702 38 29 706 73 4 707 29 27 707 36 16 707 43 18 707 79 31 707 99 26 708 57 4 710 4 12 711 18 28 712 27 3 713 28 29 713 36 19 714 88 18 716 19 29 716 30 11 716 70 16 717 28 4 717 64 14 717 64 19 718 43 27 719 68 18 719 88 27 721 55 4 721 81 10 722 17 17 722 38 30 723 71 17 724 75 16 726 36 18 726 55 30 727 93 11 729 70 9 730 97 12 732 25 17 733 3 1 733 23 19 733 36 26 733 57 12 735 4 3 735 8 9 735 47 9 735 58 1 736 24 11 736 72 1 736 78 29 736 87 30 737 79 24 738 88 5 739 13 17 740 21 20 740 49 19 745 57 18 746 41 22 746 95 28 747 68 24 750 50 17 751 76 21 751 97 2 751 99 25 752 82 27 753 79 1 754 29 31 755 88 3 755 93 22 755 97 30 756 12 13 756 71 22 756 76 0 757 4 22 757 24 17 757 99 22 759 89 16 762 39 8 764 19 25 764 28 8 765 23 28 766 90 9 768 75 26 770 84 8 771 92 14 772 19 25 773 44 15 774 26 27 774 100 31 777 91 27 778 22 23 778 91 17 779 41 5 781 71 7 781 78 24 783 36 21 785 8 29 785 67 24 785 91 21 786 22 20 786 28 0 788 18 7 788 28 3 788 40 21 789 3 0 789 54 9 790 96 7 791 19 2 791 73 22 792 4 17 792 24 21 792 62 7 792 96 5 795 19 12 795 27 25 795 57 4 797 33 20 797 55 10 798 79 16 800 57 6 800 76 4 801 100 31 802 88 12 803 49 12 804 93 28 805 54 15 806 26 17 806 50 13 807 94 15 808 99 20 810 26 18 810 56 17 811 61 31 811 79 5 812 33 15 812 48 18 813 29 23 813 61 15 814 63 6 816 49 11 817 39 7 817 56 25 819 2 3 819 27 9 820 42 26 820 79 25 821 33 31 821 75 6 822 58 20 822 69 0 823 8 10 827 68 21 828 45 27 828 64 9 828 66 8 830 46 4 831 21 29 834 78 23 834 96 8 835 38 24 837 35 22 837 69 18 839 61 2 839 78 9 843 14 6 843 95 19 844 27 6 844 84 29 845 26 28 845 94 1 846 26 11 846 93 8 846 94 20 848 63 4 849 76 3 850 37 5 850 96 22 852 69 29 853 67 24 853 93 22 854 9 23 854 19 28 854 47 19 854 67 24 855 63 20 855 70 17 856 19 26 856 89 9 857 37 8 859 1 22 860 100 6 861 14 31 862 29 19 865 74 12 867 14 16 869 19 19 870 47 9 872 51 23 874 7 21 877 6 18 877 37 10 878 70 20 880 22 4 880 56 0 880 62 27 882 100 20 885 57 22 886 29 19 886 91 7 886 100 16 887 19 23 892 71 24 894 66 8 895 18 14 895 38 19 896 1 26 896 15 19 898 80 2 899 53 4 901 12 27 901 31 0 901 95 21 903 69 2 904 8 3 906 26 9 906 85 23 906 98 30 908 17 30 908 78 30 909 0 20 909 53 13 909 76 23 912 92 27 913 28 12 913 74 12 914 30 24 915 49 8 915 58 15 917 23 22 919 20 23 919 37 2 920 6 30 922 74 19 927 32 27 928 17 26 928 25 26 928 68 28 929 69 20 930 54 31 932 19 0 934 3 31 934 97 15 935 78 1 937 51 20 937 84 23 938 35 19 939 64 16 942 82 14 943 23 7 943 53 16 944 40 17 945 0 2 945 3 19 946 96 4 947 12 2 947 91 22 948 65 12 948 74 17 949 22 11 950 66 3 950 98 22 952 54 26 953 28 1 956 7 4 959 37 14 959 59 25 960 73 10 960 90 3 960 92 29 962 67 29 964 46 11 966 39 27
237 867 0.0003 74 88 29 74 96 11 75 63 11 76 49 15 77 22 25 81 44 15 81 98 13 82 20 16 83 0 21 85 40 25 86 88 30 87 25 21 93 1 31 93 45 2 95 98 16 96 12 22 96 95 22 99 12 22 99 84 27 102 35 5 103 99 23 105 34 4 106 35 29 106 43 14 107 0 1 107 94 2 108 35 11 108 75 7 109 93 8 110 24 8 111 27 28 111 61 10 111 72 21 112 76 4 115 55 7 117 56 29 121 9 30 122 90 11 122 98 29 124 78 2 125 23 3 125 51 0 126 10 3 126 73 11 129 1 3 129 6 0 130 90 10 131 14 15 132 57 3 135 27 0 137 84 27 138 74 18 142 91 14 143 81 22 144 11 28 144 29 22 146 81 27 146 89 5 147 20 10 147 43 24 148 37 31 149 2 19 149 44 19 149 48 28 149 73 31 150 8 20 150 35 13 150 55 23 150 65 1 150 92 12 151 25 18 151 88 1 151 92 12 154 44 6 157 66 13 159 23 1 160 17 26 161 86 18 162 69 11 162 89 9 165 47 28 165 52 20 166 96 23 167 66 20 168 14 27 168 41 15 168 73 2 169 50 22 169 52 7 169 90 26 171 96 4 172 17 20 173 98 28 174 18 28 174 87 4 175 31 17 175 58 7 175 85 15 176 87 12 177 31 17 177 72 18 179 46 2 181 33 16 181 36 7 182 13 6 182 63 13 183 20 8 183 46 20 184 2 9 184 45 13 186 9 28 186 88 23 187 27 30 187 98 9 189 0 19 189 58 24 192 16 11 193 52 28 198 2 23 198 14 6 202 95 28 203 39 25 204 67 27 205 92 18 206 83 29 207 95 17 208 21 9 208 65 10 208 68 7 209 32 5 210 35 26 211 43 20 217 99 13 218 30 19 218 91 0 221 1 29 221 41 14 221 53 28 222 41 29 222 85 8 225 42 30 226 30 23 229 11 28 230 30 13 231 44 8 231 46 21 236 36 10 236 94 15 237 73 28 237 93 20 238 6 7 238 7 4 238 29 1 240 23 14 242 34 26 244 5 2 245 4 2 245 32 11 246 44 8 246 60 26 247 7 6 247 65 19 249 83 26 249 88 12 250 28 3 250 64 8 252 54 28 254 33 4 254 79 3 256 52 15 257 94 19 259 79 10 259 88 18 260 44 1 261 32 0 261 45 30 261 50 5 261 55 8 261 67 20 262 17 0 262 63 25 263 4 14 263 53 11 263 59 19 264 90 25 265 72 20 266 23 4 266 31 5 270 80 29 271 28 4 271 49 2 272 53 23 273 65 25 273 88 15 273 97 24 273 99 14 274 2 28 275 45 3 275 75 19 276 63 19 277 57 1 278 50 10 280 38 16 280 54 30 280 95 30 282 29 17 282 94 15 283 100 24 284 15 3 284 20 0 285 5 9 285 31 9 286 1 17 286 27 1 287 21 1 287 89 14 288 56 21 289 92 18 291 7 26 292 45 19 293 13 0 293 93 23 295 88 28 295 93 25 296 43 28 297 20 14 297 23 16 300 43 27 302 71 24 303 51 9 305 24 14 305 55 30 305 81 8 307 81 3 308 83 6 310 7 15 312 2 3 313 0 13 313 10 25 313 35 1 313 57 9 313 86 13 314 11 10 315 1 4 315 19 3 317 1 30 317 42 14 318 98 2 320 50 31 320 91 1 321 18 3 323 76 31 324 87 25 328 24 14 331 19 26 332 59 23 333 100 28 334 62 25 337 49 28 338 3 19 338 80 8 338 98 11 339 17 30 342 12 10 342 86 25 344 94 18 346 68 28 346 93 14 347 29 23 348 45 2 349 38 31 349 63 22 350 82 15 351 54 25 352 69 14 353 45 8 354 34 4 356 81 4 357 62 13 359 28 29 359 44 0 359 89 30 360 26 19 361 35 26 361 93 8 363 63 19 363 88 20 364 87 4 365 35 23 365 78 9 367 98 30 368 99 28 369 60 30 369 97 7 370 33 16 371 37 13 372 3 14 373 1 1 373 12 8 377 58 8 377 69 2 378 52 24 379 36 16 379 37 6 379 66 31 380 5 20 382 100 6 383 18 18 383 33 22 383 89 5 383 94 29 384 36 27 385 31 29 386 17 8 386 17 25 386 43 11 387 4 4 387 21 6 388 51 22 388 92 3 391 32 1 394 74 2 395 41 7 396 59 23 396 63 7 398 43 26 399 24 16 399 45 18 399 82 12 400 11 8 400 62 2 400 84 13 401 64 3 402 2 24 402 84 5 405 76 25 407 46 8 408 40 19 413 39 25 414 31 28 415 0 9 415 28 31 415 29 31 415 70 9 416 6 30 416 83 10 418 24 11 419 63 16 420 18 0 425 33 29 427 87 25 429 24 14 430 52 31 431 92 0 431 99 11 433 42 30 435 29 24 439 19 0 440 1 11 441 17 0 442 0 14 443 48 21 443 55 8 444 33 0 444 86 22 447 11 27 448 35 23 451 99 27 453 9 31 453 59 20 456 63 3 456 94 9 457 75 10 457 83 23 457 91 29 458 57 15 458 82 26 459 2 0 459 71 11 459 84 0 460 24 10 461 0 25 463 5 29 466 52 27 469 3 10 469 66 29 470 16 10 471 7 4 471 60 31 474 78 10 475 13 24 475 55 3 475 55 21 477 31 1 478 27 26 479 8 0 480 63 8 482 87 19 483 56 11 484 33 21 490 41 29 491 48 26 492 34 7 497 55 1 497 58 31 497 98 13 498 49 26 498 52 19 499 12 21 501 23 11 503 23 11 504 1 21 504 23 21 504 86 19 506 1 0 506 33 16 506 82 24 509 84 23 509 92 29 512 79 0 514 41 27 515 72 23 516 33 3 516 43 11 516 96 30 517 25 17 517 92 2 518 22 6 519 78 10 520 71 7 522 30 5 524 29 25 524 43 9 524 90 9 525 12 14 525 41 21 526 52 26 526 81 29 527 45 23 527 67 10 530 61 0 532 18 25 532 57 22 535 50 22 536 70 9 536 74 3 537 19 2 537 48 5 538 63 10 540 36 29 540 43 3 541 98 23 544 9 29 545 20 25 546 84 31 548 3 17 548 76 15 549 79 3 550 97 21 551 35 16 551 42 5 552 70 22 552 93 27 553 0 23 553 59 12 554 15 27 554 64 11 555 10 14 555 25 15 557 35 19 559 26 6 560 90 9 561 100 17 563 47 3 564 64 30 564 90 28 565 10 28 565 88 8 567 37 29 568 88 28 570 42 5 570 66 1 571 79 14 571 97 30 572 69 18 573 42 14 574 41 8 577 11 2 577 86 4 580 64 15 581 38 24 581 46 11 583 80 13 587 3 22 587 11 16 587 15 5 587 79 9 588 21 11 588 86 6 589 15 25 589 39 13 590 7 8 590 50 11 593 97 21 594 43 30 594 93 16 598 9 11 598 59 16 599 64 18 600 39 29 601 66 17 603 88 13 605 35 11 605 67 12 605 95 31 607 10 30 609 73 4 615 79 16 618 11 13 620 70 14 621 50 7 623 43 26 624 78 28 624 85 21 624 89 28 625 62 13 630 15 7 631 9 3 631 64 28 633 75 27 634 94 7 634 99 21 636 5 14 636 36 17 637 82 14 638 27 3 639 53 27 639 74 30 641 46 2 641 83 7 643 59 31 647 86 29 648 25 15 652 43 23 652 49 28 652 65 1 652 83 31 655 56 14 658 0 26 658 43 31 659 15 16 659 20 0 661 88 4 662 80 29 663 90 20 664 57 10 666 12 23 668 28 14 669 60 28 669 84 4 670 79 0 670 86 28 671 5 16 671 59 25 672 11 2 673 44 15 674 46 30 675 63 29 677 52 27 677 67 31 677 89 6 678 7 17 679 2 30 679 50 16 679 97 15 680 18 25 680 96 22 681 70 28 682 78 28 685 5 31 685 23 3 685 92 27 687 56 31 687 91 26 689 62 14 689 96 13 690 55 1 690 61 2 692 36 19 692 45 7 692 76 19 693 75 9 695 8 14 698 41 17 701 18 2 701 60 19 702 27 6 702 84 9 703 39 18 705 27 1 707 49 9 708 77 13 709 48 30 710 57 13 712 35 4 713 5 22 713 22 5 713 24 20 714 62 6 714 80 11 716 75 16 716 85 27 717 29 26 719 11 21 719 82 30 720 5 18 720 79 2 722 86 20 723 37 24 723 43 5 723 51 27 723 59 28 723 69 26 724 32 27 725 70 31 726 92 4 727 90 5 727 94 4 728 53 15 729 23 22 731 34 2 732 89 7 733 50 24 733 76 16 735 65 5 736 68 9 737 14 6 740 73 21 742 50 27 742 68 19 742 88 14 742 91 17 743 58 11 743 74 3 743 98 24 744 22 18 745 86 27 750 90 15 751 39 8 751 81 13 753 1 11 753 93 29 753 96 24 755 80 16 757 100 0 758 82 20 759 37 29 760 63 22 760 74 18 762 30 31 762 34 25 762 92 9 763 67 10 763 79 12 764 42 19 764 44 11 767 1 11 767 47 3 769 36 16 770 17 18 772 78 25 773 89 29 774 90 25 776 91 5 777 42 2 778 44 24 780 16 25 780 28 1 780 80 21 781 72 20 784 41 10 784 56 14 785 17 21 785 88 21 785 96 5 787 82 2 789 35 14 793 16 27 793 97 26 794 97 12 796 7 21 796 8 16 796 84 3 797 35 3 797 64 25 797 90 9 798 85 24 800 3 18 801 45 18 801 67 15 802 63 29 803 24 6 803 49 16 804 70 17 806 17 5 806 29 23 806 78 4 807 46 29 808 15 24 809 30 9 809 86 24 810 73 14 811 45 6 812 28 19 812 80 17 813 0 4 814 22 7 815 81 26 818 34 18 820 52 10 821 89 15 821 100 6 822 16 21 822 26 19 822 31 9 822 59 26 824 90 3 825 19 16 825 73 26 825 84 19 825 94 30 828 96 20 829 49 9 832 21 20 832 47 2 832 76 13 833 45 0 833 51 4 834 65 25 835 57 5 835 61 20 835 84 26 836 20 10 836 58 6 837 28 30 838 76 16 839 66 30 841 14 7 841 59 24 841 99 27 843 49 1 844 34 1 845 51 6 845 93 14 846 37 6 848 5 7 849 55 16 853 30 19 853 44 2 856 28 1 857 10 1 861 28 18 863 47 4 863 67 28 866 43 23 867 16 11 868 21 1 868 53 18 868 75 11 869 23 13 870 12 29 871 36 21 874 9 7 875 35 29 876 30 8 876 45 27 876 99 2 877 96 6 878 46 23 879 6 11 879 12 21 880 42 26 885 66 19 886 49 25 886 74 0 886 83 9 888 2 11 888 63 16 891 28 0 892 10 9 892 12 1 893 55 27 894 33 11 897 55 11 899 6 5 900 1 23 900 42 13 902 63 14 902 95 20 905 92 13 906 70 7 910 55 23 913 44 12 917 14 9 917 36 0 918 17 4 918 33 2 920 25 16 921 68 31 922 33 8 922 94 11 923 38 1 923 76 7 924 47 18 925 27 31 925 45 12 925 89 31 926 20 23 927 50 3 930 57 6 932 23 15 934 17 5 934 78 13 935 55 22 935 65 21 936 5 5 937 32 25 938 13 29 938 88 1 939 11 11 940 26 1 940 70 28 940 81 27 941 29 27 941 89 21 942 25 28 943 49 31 944 5 11 944 48 10 947 43 11 948 17 30 948 37 4 948 65 25 950 49 25 950 91 27 952 2 23 953 25 28 953 36 29 953 69 21 954 16 20 954 46 12 955 43 4 956 1 24 956 11 1 957 84 18 960 49 25 961 100 27 962 87 28 963 4 30 963 72 17 964 52 10 964 53 17 964 60 2 964 62 25 965 21 22 966 92 26 967 42 9
238 867 0.0003 72 26 30 76 88 13 77 1 11 77 47 31 78 15 8 79 24 10 79 55 17 79 94 14 80 43 16 81 11 9 81 53 3 82 51 16 84 32 25 84 47 31 87 43 26 88 5 10 88 33 16 89 37 19 89 57 1 90 18 18 90 64 17 91 95 3 92 43 1 93 76 27 95 19 17 97 23 23 97 25 30 97 69 26 98 30 17 98 57 17 99 60 12 100 60 31 101 68 6 101 88 15 102 89 10 103 18 24 103 22 22 103 58 10 104 11 30 107 24 31 109 60 7 111 21 8 111 52 14 111 73 5 114 30 0 114 77 26 114 100 1 116 13 26 116 54 22 119 7 22 121 83 9 121 83 28 123 87 27 124 67 23 125 86 17 126 8 2 126 82 8 127 16 20 127 33 25 127 63 17 130 78 24 132 22 7 132 48 14 136 44 21 136 90 5 138 0 3 138 46 6 138 88 16 139 19 18 143 97 14 144 58 20 147 52 19 147 100 25 149 52 14 150 23 11 151 43 8 152 43 13 152 71 23 155 54 31 156 67 26 160 78 24 160 92 17 163 18 4 165 15 11 165 60 6 165 83 26 167 31 31 167 58 11 168 13 1 168 62 25 168 75 30 170 86 21 171 46 13 172 3 5 172 4 18 173 9 29 175 51 10 176 72 28 178 19 4 178 27 20 180 8 14 183 43 27 184 44 9 185 88 14 187 9 27 187 77 20 190 5 26 190 49 1 192 63 7 194 10 3 195 40 3 196 97 15 197 30 10 197 54 19 199 9 28 199 69 1 205 52 7 206 93 27 207 64 15 208 32 20 208 77 29 209 2 26 209 8 26 209 85 31 210 44 14 214 78 16 215 27 23 216 53 22 216 72 27 217 11 31 218 26 22 218 28 7 220 23 17 222 62 12 223 1 14 223 56 17 224 9 2 225 41 4 225 57 6 231 95 25 232 78 3 235 5 13 235 13 9 235 66 31 239 59 19 240 42 2 241 84 10 242 63 24 243 64 2 243 65 26 244 99 26 245 97 15 247 0 14 248 55 8 249 26 3 249 58 27 250 79 19 250 95 13 253 29 19 253 64 4 256 53 26 257 89 16 258 54 3 260 75 13 260 95 29 262 50 21 262 100 10 263 13 11 264 78 10 266 12 8 266 49 6 267 17 25 268 41 16 268 56 25 269 2 26 269 71 17 270 15 4 271 91 3 273 8 25 273 20 27 273 96 0 274 84 2 274 99 1 275 2 0 275 74 18 276 10 20 277 27 3 277 38 28 277 59 29 277 77 10 279 65 5 281 5 15 282 2 15 282 71 13 282 96 2 283 42 0 283 98 5 284 21 13 285 21 16 286 32 14 286 56 8 286 97 6 290 14 19 291 84 10 292 0 4 294 100 15 295 81 18 296 3 23 302 5 14 302 23 22 304 80 20 306 33 14 310 10 4 310 99 22 311 46 14 312 87 0 312 91 26 312 92 4 313 51 31 313 87 9 314 62 14 315 75 23 315 87 15 316 21 0 316 69 3 318 10 18 318 18 23 318 48 5 318 65 10 318 96 9 319 21 18 320 2 26 321 28 13 321 35 28 321 76 25 322 69 26 323 80 26 323 94 5 324 98 2 325 97 23 326 31 12 326 68 8 327 43 30 328 23 14 328 36 3 328 37 21 328 99 4 328 100 19 330 14 13 330 95 8 331 53 1 331 79 1 332 30 16 333 15 10 335 100 19 336 38 12 337 12 19 340 23 9 342 56 26 343 7 22 344 20 0 344 62 14 344 89 13 348 3 13 348 5 14 348 66 12 348 87 4 349 22 30 351 26 31 351 87 4 354 22 30 354 65 14 355 4 20 356 26 27 356 46 28 357 11 5 360 32 25 360 69 15 361 3 21 361 4 4 361 46 24 361 54 13 361 81 15 364 85 1 365 19 0 366 61 22 367 33 8 367 89 26 368 70 7 369 94 2 370 41 14 371 7 4 372 65 8 372 83 14 373 67 16 374 21 18 375 43 10 376 78 16 376 90 19 378 8 28 378 20 14 378 29 4 380 45 28 381 9 27 381 80 23 382 39 11 383 64 16 383 98 10 384 51 0 385 4 9 386 75 22 389 42 29 389 87 11 390 74 18 392 2 28 393 79 24 394 35 5 395 67 0 397 15 7 398 85 5 400 30 20 400 56 16 401 69 25 401 76 28 402 1 26 403 81 4 403 91 7 404 44 25 406 65 25 410 20 24 411 59 14 414 1 11 414 53 23 416 42 13 416 49 29 417 26 19 417 48 1 418 23 25 419 43 24 420 31 13 420 64 15 421 45 31 421 64 28 421 80 13 422 24 6 422 88 13 426 11 20 426 89 29 427 52 8 429 63 21 433 60 12 434 8 22 434 23 23 434 78 21 435 58 5 438 66 28 439 42 24 442 5 19 447 52 31 448 23 26 449 16 0 453 49 13 454 12 27 454 64 6 454 88 8 455 15 4 455 49 25 455 97 30 457 94 12 458 41 15 460 15 30 460 35 9 464 80 18 464 97 0 465 60 21 466 50 5 469 23 26 472 76 5 473 40 13 473 42 9 473 62 9 474 72 11 475 40 7 475 64 1 477 95 31 478 65 24 479 64 23 483 64 27 484 76 22 484 79 16 484 90 1 486 55 13 487 87 11 488 3 9 488 52 20 489 97 19 490 16 30 490 53 28 490 81 14 492 52 22 494 68 15 496 37 12 497 18 24 498 98 9 499 81 18 500 52 22 502 69 3 503 60 5 503 77 5 504 3 11 505 3 3 507 17 25 507 59 31 507 62 26 508 45 27 509 0 18 510 33 1 513 58 25 515 2 5 515 90 2 516 18 15 517 82 0 517 85 12 518 37 11 519 18 17 520 23 26 522 41 20 525 10 31 525 29 14 526 50 22 526 71 18 526 83 12 527 45 5 531 27 24 531 81 2 531 94 17 532 54 22 532 55 5 534 47 12 535 66 16 535 74 1 535 84 21 536 21 19 537 18 3 537 31 13 537 47 14 537 67 5 538 69 10 540 26 1 541 10 22 542 80 25 543 45 19 543 85 0 544 51 2 544 82 18 545 63 26 545 87 31 546 38 24 548 52 5 549 10 17 551 4 8 551 45 9 555 40 4 556 10 13 559 43 2 560 88 30 560 90 12 561 83 8 562 94 3 563 81 23 563 91 23 563 92 29 564 13 4 565 0 19 566 19 28 566 61 3 566 93 6 568 66 5 571 18 18 572 99 14 574 52 12 579 57 16 581 41 26 583 66 4 585 54 15 589 93 4 590 11 30 590 63 15 591 75 12 592 42 25 592 88 12 594 63 24 594 97 21 597 34 10 600 16 31 600 31 10 602 34 17 603 23 3 603 79 0 604 33 23 607 34 17 607 48 4 609 93 25 610 28 4 610 70 17 610 98 3 611 93 22 614 7 19 614 10 7 614 40 29 619 7 0 619 29 17 620 42 5 620 98 22 621 59 30 623 28 16 627 14 10 628 78 10 629 23 6 629 40 3 631 41 2 631 84 2 632 86 11 633 3 10 635 84 15 636 14 6 636 69 31 637 35 10 638 57 2 640 10 17 640 53 18 640 81 4 642 46 1 642 53 28 643 11 27 645 20 8 645 93 21 646 41 7 647 80 6 648 21 5 648 69 30 650 11 1 651 56 4 652 57 19 657 81 22 658 37 31 659 11 3 660 3 27 660 43 18 665 29 16 665 51 16 665 85 24 666 3 28 666 42 27 666 45 4 670 39 18 670 75 3 671 19 9 671 43 17 671 89 24 673 52 5 675 73 3 675 79 0 675 83 13 676 24 16 678 82 11 679 40 19 681 43 27 681 57 7 685 36 0 687 60 3 688 57 30 689 30 16 693 53 9 695 27 13 695 37 19 695 56 31 695 61 25 696 40 0 697 55 10 697 88 22 697 93 11 697 95 12 698 1 17 698 11 26 698 33 6 698 40 10 698 49 22 699 97 27 700 11 16 700 49 25 700 63 15 701 58 5 702 85 15 703 23 28 703 75 4 703 96 14 704 30 4 705 4 12 706 34 8 706 35 5 706 93 27 708 92 26 709 54 14 710 16 17 715 14 18 715 87 17 716 77 12 719 26 30 720 86 31 721 37 30 721 69 2 722 9 26 722 87 7 723 3 2 723 56 16 725 58 14 726 5 3 727 10 9 729 69 21 730 10 9 731 31 4 734 46 25 734 55 24 734 87 16 735 48 14 735 81 17 736 36 7 737 32 25 740 6 6 742 93 30 744 13 9 745 63 31 745 75 22 749 29 24 749 72 8 750 85 2 751 80 2 752 4 14 753 61 1 755 33 23 755 68 28 755 91 10 757 57 8 758 4 13 759 18 20 760 47 20 760 92 1 761 77 10 761 100 0 764 9 9 764 30 1 764 53 30 764 61 12 764 71 21 766 51 21 766 55 10 768 56 27 768 97 20 769 65 19 769 72 31 770 87 17 772 69 8 773 64 4 775 86 22 775 87 5 780 1 10 781 22 30 783 14 9 784 42 16 784 81 18 785 4 12 785 33 5 786 71 24 786 85 20 788 18 27 789 28 16 790 67 15 791 60 31 792 73 26 793 19 14 793 20 28 793 50 5 794 21 2 796 67 11 797 46 8 797 76 24 798 62 30 802 11 7 802 71 29 803 53 9 803 92 12 804 26 3 805 4 14 806 39 4 807 79 31 809 19 14 812 86 30 816 34 13 816 42 22 816 51 15 818 67 5 819 36 27 820 66 21 822 14 6 822 98 12 823 50 28 826 1 19 827 33 11 827 51 20 828 56 24 829 77 16 829 78 17 830 20 17 830 33 1 831 75 26 833 75 30 834 9 27 834 32 9 835 33 0 836 39 29 836 61 16 837 57 30 838 38 29 838 50 3 839 88 27 840 32 28 840 47 7 841 15 1 843 31 2 844 84 14 844 95 28 845 76 26 846 83 14 848 74 18 848 84 22 848 98 15 850 76 15 850 98 18 851 89 2 852 39 21 852 42 5 853 47 30 853 72 17 854 17 0 854 73 28 854 96 26 856 11 6 856 66 2 856 75 25 857 51 29 857 100 29 858 4 29 858 24 5 858 46 30 858 72 7 859 31 10 860 12 2 865 75 11 868 64 17 868 76 4 869 5 21 869 9 5 869 87 1 872 11 13 872 30 2 874 45 25 875 47 24 877 83 3 880 47 9 880 67 18 881 37 14 884 66 24 885 64 19 886 43 31 889 43 28 889 48 9 889 63 20 891 94 1 892 22 8 892 36 23 892 77 23 893 36 0 893 92 26 894 35 30 895 87 27 898 49 23 899 15 24 900 47 30 901 43 17 901 96 0 903 62 2 903 64 11 904 2 7 904 7 21 904 78 9 905 49 29 906 17 25 906 19 1 906 23 28 906 43 27 908 69 2 909 17 19 910 29 5 910 83 11 911 73 14 913 82 21 916 30 22 916 53 27 917 69 5 918 51 30 919 27 24 919 51 25 920 41 24 921 22 20 921 55 22 921 57 30 924 11 5 924 30 3 925 50 25 928 59 30 928 71 20 928 90 12 928 98 2 929 0 14 929 65 8 930 53 23 931 8 19 933 49 28 935 59 12 936 91 7 938 16 12 938 51 21 940 35 17 940 83 31 940 94 0 941 36 28 942 66 15 943 10 21 945 16 14 946 8 13 946 73 18 947 60 25 948 23 27 949 20 5 950 6 10 951 43 28 951 68 15 952 62 9 953 18 11 953 22 22 953 90 11 956 52 17 957 45 16 957 49 1 957 80 24 958 66 0 958 78 10 959 6 11 959 19 31 959 28 26 959 43 17 960 42 18 960 45 19 962 99 24 965 49 9 967 48 23
239 867 0.0003 72 7 14 72 16 29 72 76 25 73 55 28 73 78 9 74 81 1 75 5 7 76 38 23 77 0 6 79 59 7 79 60 5 80 3 12 81 43 30 82 70 20 84 12 3 86 2 25 86 30 29 86 43 25 87 85 2 88 24 5 88 40 3 90 72 1 90 82 7 91 66 24 93 0 11 93 5 9 93 84 24 95 7 11 95 73 12 98 9 21 98 33 0 98 64 6 100 84 27 101 3 4 102 24 25 103 79 15 108 55 27 112 16 31 113 47 17 113 98 2 114 21 15 115 25 25 118 40 9 118 71 10 119 5 9 119 15 27 119 100 26 120 19 31 123 24 8 123 62 25 125 79 12 125 96 14 128 65 11 129 15 20 129 18 23 130 1 20 130 20 25 130 58 26 130 96 13 132 11 8 132 36 11 133 82 0 135 33 9 137 76 13 139 88 22 140 8 23 140 51 3 142 8 1 142 73 21 143 65 4 143 65 30 143 91 2 144 68 9 145 39 8 145 83 5 147 62 28 148 24 22 148 48 23 148 85 2 148 94 4 149 34 11 149 54 24 149 68 15 150 86 27 151 56 9 151 88 15 152 21 19 153 99 17 155 66 9 156 15 9 156 29 19 156 63 25 156 66 3 157 40 27 158 30 10 158 59 21 158 80 17 161 75 7 162 53 18 163 82 18 165 87 28 166 73 19 169 62 17 169 98 31 170 98 16 172 58 12 174 26 23 174 35 1 174 85 7 174 97 22 176 96 19 177 64 30 177 76 17 177 80 28 178 41 21 178 66 31 178 87 11 180 40 8 181 40 10 181 79 25 181 87 9 182 61 26 185 1 0 186 76 20 187 57 10 188 97 25 189 48 9 190 54 19 193 64 24 196 29 28 198 68 8 199 0 22 199 23 23 200 10 29 200 84 0 201 42 12 201 64 17 201 86 31 202 5 4 206 26 5 208 3 26 208 24 3 208 45 7 210 12 30 210 58 1 211 66 24 212 44 15 213 52 14 214 68 18 214 72 8 216 28 12 217 26 31 217 65 20 219 84 21 221 5 8 221 19 5 221 52 14 222 0 28 222 2 9 222 18 9 222 18 22 223 6 24 223 47 14 223 87 4 226 46 17 229 99 8 230 35 22 231 5 13 231 7 9 231 30 23 232 50 5 234 58 4 237 100 5 238 9 31 240 50 5 240 96 13 241 37 18 241 70 0 243 18 15 245 91 24 246 43 11 246 66 24 246 100 3 248 21 26 249 5 10 249 63 2 250 78 25 251 71 26 254 28 25 256 15 12 256 27 11 256 38 24 257 81 13 258 16 1 258 50 24 258 82 2 260 13 23 260 72 30 260 85 24 260 85 25 261 5 18 261 49 16 261 58 9 264 50 31 264 100 27 265 17 26 265 61 12 266 58 16 267 31 17 269 65 20 270 14 11 271 18 12 272 16 0 272 69 10 272 70 28 273 39 2 274 68 24 275 35 30 276 9 12 278 38 19 279 54 4 281 8 14 282 6 20 282 68 2 282 86 26 286 21 20 288 57 17 289 32 6 290 32 1 291 28 13 291 48 26 291 76 9 291 88 29 292 27 14 292 67 13 293 11 11 295 12 26 296 92 2 297 21 30 297 63 16 297 88 7 298 17 15 298 32 26 302 39 13 303 3 30 303 24 0 306 68 24 307 56 27 308 46 24 309 60 23 311 69 6 312 14 12 313 52 22 313 76 29 315 58 15 315 68 9 319 61 11 321 89 21 322 13 5 324 21 23 324 58 6 325 64 14 326 74 5 326 89 29 326 95 22 329 21 0 329 71 9 330 28 21 332 6 0 334 16 22 335 23 9 339 15 30 339 34 28 339 81 8 339 91 17 341 23 27 341 24 11 341 35 21 342 96 11 343 35 15 343 64 4 343 83 26 345 0 22 345 32 22 346 24 15 346 37 31 347 15 23 348 10 24 348 17 19 348 33 24 348 36 25 349 72 19 351 64 22 352 23 18 353 70 3 353 71 11 354 24 19 355 10 3 355 11 0 355 38 15 359 64 9 363 63 26 363 87 5 364 33 22 364 70 12 364 95 0 365 5 22 365 22 10 370 9 13 370 25 23 370 84 10 372 96 6 373 11 27 373 39 13 374 22 29 377 26 26 377 43 21 377 77 29 379 29 8 382 58 6 382 100 6 383 14 2 384 24 17 385 97 28 386 87 21 387 96 26 388 69 26 390 26 6 390 40 27 391 5 30 391 94 26 392 22 11 394 93 1 396 44 7 396 80 4 398 45 27 400 16 8 400 23 8 401 79 14 402 52 25 403 87 31 404 34 4 406 10 20 409 62 20 410 69 10 411 90 7 412 35 19 412 89 5 413 51 0 417 32 10 418 6 3 419 83 20 422 34 26 423 48 28 429 78 24 430 24 2 431 74 11 433 29 6 433 65 2 434 67 3 434 85 25 434 88 13 435 42 0 435 51 12 435 79 24 436 10 21 436 86 11 438 73 26 439 80 16 440 8 13 441 29 3 443 75 0 443 76 0 443 94 5 444 27 10 444 37 10 444 75 15 445 78 1 446 57 15 446 59 18 447 49 21 448 14 28 448 36 5 448 93 10 451 35 14 452 3 17 452 27 28 453 6 28 453 13 22 453 50 30 454 12 9 454 100 14 455 64 19 457 11 7 457 48 19 458 17 0 458 41 22 460 97 14 462 49 0 463 41 0 466 75 4 466 94 2 467 51 28 469 10 1 469 18 15 470 39 18 472 1 0 472 19 17 473 25 6 473 61 19 474 21 11 474 54 25 475 2 30 475 45 11 475 46 25 476 10 4 477 30 0 478 18 31 479 9 15 480 38 19 482 31 23 486 81 8 487 43 20 489 86 24 490 12 20 491 39 14 491 42 25 491 65 25 491 86 5 492 47 2 492 77 28 495 57 18 496 21 27 496 45 17 497 45 25 498 64 8 500 24 31 501 17 8 502 80 1 504 14 1 504 44 17 506 32 15 507 16 20 507 31 15 509 4 16 509 13 9 510 12 22 511 90 12 512 26 27 512 46 3 512 67 13 513 60 6 514 12 22 514 16 27 515 9 29 516 45 0 521 30 19 524 69 14 524 76 19 524 83 22 527 99 7 528 63 6 529 57 4 529 61 11 532 6 2 532 19 26 532 22 2 533 46 20 533 61 15 534 12 5 534 61 30 535 5 17 535 80 22 535 95 8 536 51 21 536 97 11 538 26 29 538 67 0 540 5 24 541 65 2 542 61 30 542 79 1 543 71 13 545 93 24 546 29 26 550 13 8 550 71 20 554 52 10 554 100 30 555 14 11 555 84 3 556 32 12 556 54 7 558 8 1 558 69 31 560 77 6 560 96 22 561 77 0 562 30 10 562 56 20 563 50 11 563 97 0 565 21 22 565 70 8 567 19 19 568 45 29 568 48 14 568 83 31 568 88 7 573 0 5 573 46 17 575 38 14 576 76 1 576 86 30 579 71 11 580 18 25 580 90 24 581 65 12 584 30 20 585 3 29 587 22 19 587 91 4 588 84 18 590 29 28 590 41 5 593 64 9 593 89 21 595 28 9 595 33 0 595 58 22 598 17 4 598 91 26 599 2 11 599 66 1 599 66 4 604 68 3 605 9 3 605 38 11 607 47 7 610 20 12 612 17 29 612 18 31 613 82 11 615 53 1 615 72 8 615 93 11 618 94 1 620 31 20 623 60 19 624 5 19 624 11 20 624 43 0 624 85 22 626 92 9 627 20 21 627 34 28 628 51 12 632 65 15 633 33 14 634 54 14 634 66 31 635 85 11 636 60 17 637 97 18 638 29 18 639 3 9 640 0 7 640 21 23 643 23 21 644 21 2 645 45 15 649 95 8 650 85 1 651 4 4 653 79 0 654 25 24 654 77 20 655 14 3 659 13 10 659 93 6 661 26 30 661 98 7 661 99 24 664 60 10 665 46 30 666 53 6 667 19 17 668 6 29 668 33 10 670 50 21 670 98 0 672 74 9 673 96 27 674 16 3 675 70 23 677 17 3 677 21 3 678 19 12 678 72 0 679 1 6 679 25 2 679 68 18 681 45 28 681 53 4 685 35 21 688 21 5 689 28 1 690 49 15 690 96 16 692 97 28 697 60 26 698 16 10 701 30 27 701 74 12 702 12 25 703 16 2 705 61 3 707 63 18 707 73 20 708 26 31 708 37 9 711 65 14 712 87 23 715 87 1 719 27 11 720 13 20 720 86 17 720 90 19 721 49 0 723 36 1 723 37 30 725 26 31 725 64 17 728 22 9 728 73 30 730 12 7 731 57 30 731 69 5 732 78 31 733 40 15 736 5 4 741 26 27 742 9 14 742 50 11 742 72 1 744 33 11 745 38 10 746 9 27 747 34 19 748 31 25 751 67 5 751 85 30 751 89 17 752 2 4 752 16 14 752 26 2 754 62 0 755 13 18 756 14 21 756 54 14 758 11 7 759 65 3 760 17 15 761 96 13 764 59 25 765 8 26 765 15 21 765 89 20 766 66 16 769 60 2 770 76 30 771 62 3 774 68 28 775 87 17 776 5 11 776 19 12 778 46 3 779 49 12 780 27 24 784 12 5 786 19 29 788 0 1 788 38 0 790 70 30 791 94 28 792 64 27 792 98 13 793 69 15 794 37 8 794 39 4 796 94 5 797 20 18 797 92 18 799 74 19 800 39 5 802 71 19 803 80 30 804 29 5 806 16 6 807 48 10 808 96 4 811 51 4 814 16 13 814 21 0 815 22 12 815 40 16 815 64 2 816 8 6 816 13 21 816 72 27 816 91 17 818 3 17 818 94 20 819 84 28 819 88 20 822 28 11 822 51 8 822 89 2 824 5 27 824 97 11 825 14 16 826 100 28 828 27 22 828 87 14 828 94 31 829 20 8 834 36 15 834 98 25 836 18 12 836 43 27 837 8 25 838 9 8 839 56 23 839 61 24 840 6 23 840 94 9 842 39 28 843 26 17 843 44 1 845 86 28 846 47 11 847 32 12 848 45 15 851 9 28 853 3 20 853 25 26 854 24 3 855 15 13 855 29 1 855 69 27 855 80 16 855 92 26 856 15 8 856 47 9 859 53 20 861 80 12 863 94 21 865 88 1 868 14 8 868 83 2 869 0 18 869 54 20 870 35 23 870 99 22 871 70 10 872 88 19 874 43 9 874 47 30 874 90 16 876 0 25 876 22 17 876 58 29 877 70 23 878 12 9 879 35 0 881 76 2 881 86 1 882 80 9 883 15 13 884 16 16 885 50 23 886 57 29 886 68 19 887 8 31 887 20 3 887 97 9 889 78 6 889 89 5 890 98 8 891 28 6 891 48 12 892 17 21 892 60 15 892 75 4 893 36 31 895 21 0 895 44 6 897 53 2 898 49 6 903 53 26 905 67 29 906 95 2 908 34 13 913 46 7 914 21 11 915 5 28 915 96 4 916 64 27 917 61 26 919 10 18 919 88 9 920 32 31 921 47 25 922 41 10 924 43 13 924 84 22 926 72 28 927 15 15 928 85 11 929 47 8 930 17 5 930 66 9 931 30 9 931 55 24 932 91 24 935 12 8 935 26 23 937 85 10 939 66 2 939 96 18 941 6 23 941 18 27 941 71 2 941 94 21 942 27 10 942 58 18 943 31 1 944 48 1 946 62 22 947 86 20 947 88 13 947 97 15 948 57 19 948 57 26 948 87 4 949 82 22 950 55 0 951 19 26 951 79 14 952 70 28 954 3 25 955 18 6 955 98 25 956 40 12 958 3 14 958 94 28 959 75 30 962 78 15 963 16 10 963 32 16 963 99 29 964 67 5 965 14 1 965 90 22 966 12 26 966 12 30 967 100 25
240 867 0.0003 72 16 17 72 21 2 72 74 2 73 15 12 76 2 21 76 49 2 77 38 26 77 57 24 78 43 12 78 90 28 79 15 7 79 98 26 81 28 14 81 38 26 82 80 17 85 33 15 85 47 31 85 55 15 85 98 16 86 13 12 87 55 5 89 43 2 89 90 2 93 39 16 93 61 28 95 50 7 96 93 9 96 98 11 98 17 10 98 93 22 99 37 11 99 42 22 99 57 13 99 70 17 99 93 6 100 62 29 102 42 28 104 69 29 104 99 2 106 74 5 107 34 15 107 94 18 108 33 1 108 56 16 110 83 11 111 16 4 112 7 30 112 22 30 112 55 2 112 84 0 112 93 11 114 80 18 115 31 24 117 66 26 119 77 11 121 3 30 121 62 5 122 20 26 122 80 18 123 43 30 125 29 18 127 43 4 128 33 18 128 59 7 129 63 14 130 80 14 132 52 8 133 11 8 133 96 15 135 66 24 135 79 6 137 41 26 138 20 1 138 96 16 140 50 19 140 60 31 143 60 4 145 5 31 146 94 14 147 83 28 148 71 13 151 40 11 151 78 23 152 27 6 153 29 8 154 2 18 154 34 31 155 96 6 156 88 3 159 53 17 161 20 9 161 80 20 164 75 8 165 16 14 165 84 4 166 30 9 167 40 6 167 43 13 168 5 28 168 36 0 169 69 23 170 40 10 172 3 8 172 14 18 172 14 25 172 79 17 173 43 3 174 73 18 174 86 25 175 97 7 177 69 10 177 76 7 177 92 4 178 28 8 178 75 12 179 34 23 182 82 28 185 44 24 191 20 5 191 28 19 193 36 29 193 42 12 194 45 26 194 47 17 196 64 12 197 97 21 197 100 8 198 1 19 198 28 30 198 54 31 199 10 29 200 71 6 201 28 0 202 69 18 204 6 19 204 18 0 204 22 16 204 89 8 205 79 23 206 78 16 208 34 15 208 73 28 208 74 24 209 52 12 209 53 3 210 79 18 211 26 25 211 43 10 212 84 8 214 34 16 214 51 21 215 88 19 216 23 17 216 79 31 217 26 5 219 48 21 221 63 29 224 81 17 226 91 28 227 89 25 229 61 12 230 22 30 230 96 31 230 100 14 231 4 2 232 17 22 232 43 27 233 26 23 235 23 15 235 63 28 235 70 10 237 17 2 239 19 13 239 24 0 239 65 31 242 1 22 242 25 22 242 100 9 243 47 16 243 89 19 245 84 22 246 6 6 247 13 26 251 7 4 252 13 0 253 1 10 253 8 11 254 28 21 254 64 4 254 85 10 255 50 17 255 63 16 259 43 6 261 89 5 265 1 15 266 43 0 266 81 19 269 90 2 270 9 21 272 39 25 272 100 28 273 61 12 273 66 30 276 56 17 278 1 1 278 16 16 279 78 10 282 85 25 287 59 0 288 58 17 293 76 9 295 27 8 295 55 21 299 59 30 300 59 3 301 70 9 303 16 31 303 26 3 305 11 23 307 77 0 307 95 22 308 89 5 309 84 14 309 94 3 311 3 15 311 29 2 315 50 27 315 65 27 316 22 0 316 77 17 317 39 22 319 1 26 321 49 3 323 20 13 323 94 28 324 32 0 324 61 31 325 32 31 327 38 22 328 18 19 328 97 21 329 28 11 329 38 26 329 51 7 330 71 27 330 87 25 331 23 30 331 34 10 331 47 18 331 70 26 333 16 21 333 66 6 334 91 10 335 48 16 336 31 0 337 42 20 337 91 24 337 99 25 338 33 22 338 69 10 341 64 30 342 89 6 344 92 31 345 40 20 349 9 11 351 58 14 352 29 0 352 31 28 352 91 3 352 93 24 353 96 25 355 12 17 355 52 27 356 85 11 357 84 28 358 1 16 361 36 29 362 77 9 363 17 10 363 69 22 364 8 15 364 59 1 364 80 18 366 59 21 369 21 30 369 28 10 370 2 9 371 11 27 372 77 26 373 52 14 376 22 3 377 21 5 378 34 4 379 4 8 379 48 26 379 67 25 381 75 6 383 52 14 385 68 31 386 29 15 387 84 6 388 31 11 390 29 17 390 41 23 390 55 21 391 65 25 391 86 24 393 52 11 393 72 31 396 18 19 397 42 11 397 84 14 399 47 3 399 68 29 399 80 20 400 61 0 401 13 13 402 42 4 403 3 30 404 57 2 405 71 22 406 18 6 406 60 16 407 85 24 409 35 3 410 9 6 410 12 10 411 6 3 411 59 26 411 65 26 412 6 27 413 66 29 414 11 4 414 26 8 414 67 0 414 70 21 415 62 7 417 9 28 417 79 30 418 49 2 419 84 6 420 0 29 420 44 6 420 45 14 423 57 10 427 95 10 429 2 15 429 11 22 429 73 13 429 91 23 432 42 8 433 70 29 433 88 10 436 10 19 436 41 22 436 50 19 437 98 22 438 17 29 438 86 20 439 14 11 442 57 19 442 84 12 443 31 9 444 96 23 445 29 12 448 80 18 452 41 6 453 18 29 456 13 23 456 37 28 456 45 18 457 59 8 457 74 4 457 85 6 458 3 8 462 43 5 465 99 29 467 23 24 468 30 6 470 71 23 472 90 0 473 50 26 476 3 13 479 9 11 479 76 20 481 70 3 483 22 0 483 50 12 485 5 3 490 11 25 490 63 12 493 68 3 496 9 21 498 54 19 498 77 24 500 13 23 500 43 17 500 62 7 501 56 29 502 14 17 502 88 18 503 85 25 505 7 22 505 70 8 507 9 31 507 37 12 509 37 28 510 57 5 511 34 11 513 4 6 513 11 5 513 45 13 514 26 10 515 90 27 518 26 14 518 67 5 519 36 15 519 40 27 520 77 5 521 4 10 521 64 9 525 90 9 526 52 18 526 56 16 527 21 9 527 85 19 528 32 0 528 41 12 529 43 19 529 61 26 529 79 4 533 35 1 534 51 12 536 82 16 537 86 10 538 83 11 539 6 31 539 63 5 541 17 24 541 94 5 542 38 11 543 91 27 547 1 11 548 7 18 548 69 8 549 64 3 551 49 13 552 57 13 553 59 18 554 93 6 557 6 19 557 94 20 557 99 30 560 81 15 561 76 21 563 43 14 564 42 8 564 48 18 564 48 20 564 63 13 564 99 4 566 93 25 568 37 6 570 27 12 571 48 6 571 67 8 572 83 25 575 44 0 577 22 9 577 73 28 578 55 16 579 41 6 580 22 4 580 45 0 580 65 2 581 56 10 581 75 30 583 43 26 584 61 21 587 57 25 589 14 14 589 63 17 592 29 1 593 81 23 594 7 10 594 80 7 595 83 19 597 27 16 597 41 9 597 80 26 598 36 15 598 100 26 600 61 24 604 17 11 604 27 25 604 94 0 608 16 10 608 44 3 608 95 28 609 95 17 611 29 5 613 62 25 614 29 4 615 33 13 615 41 26 615 88 14 617 29 11 617 97 18 618 7 27 618 22 6 619 35 6 619 59 7 619 74 21 619 88 12 620 42 1 623 65 12 623 84 26 624 18 6 624 87 31 625 11 23 625 63 11 626 61 0 626 71 7 626 75 11 628 6 12 629 99 11 631 25 24 633 2 31 637 29 12 637 53 16 639 17 18 639 25 1 639 58 16 641 84 19 644 83 30 645 50 29 645 52 30 645 54 16 646 34 16 646 65 29 646 81 10 647 42 6 647 52 3 647 90 11 648 52 25 648 75 30 649 50 26 650 78 19 650 79 25 651 72 13 652 73 23 653 55 20 653 64 11 653 94 23 654 18 19 659 55 3 659 57 29 660 75 10 663 13 12 664 33 1 669 20 30 669 52 27 670 42 7 671 33 4 671 52 23 672 13 6 673 15 24 673 19 28 673 30 26 673 78 24 674 100 10 675 99 21 678 60 26 681 50 6 682 33 19 684 48 8 685 38 16 686 6 13 686 25 4 686 81 24 686 91 7 687 6 2 687 40 10 687 53 5 690 1 12 690 24 7 690 80 11 691 100 16 692 29 0 693 81 28 695 50 25 696 51 23 697 34 2 697 82 20 698 83 12 699 86 29 701 6 20 701 55 10 702 26 5 703 60 0 703 70 17 703 86 3 704 92 2 705 43 13 706 23 19 706 36 19 706 74 18 708 36 27 709 40 23 709 64 20 711 4 27 712 96 2 715 31 30 715 40 8 719 80 8 720 78 3 722 3 5 723 13 20 723 89 30 724 7 2 724 18 11 725 17 3 725 61 15 726 25 7 727 40 1 729 43 11 729 45 20 730 68 0 732 62 16 733 59 15 733 62 29 733 68 2 734 63 20 736 9 5 736 94 14 738 9 4 738 78 1 739 48 30 739 86 11 740 23 5 740 34 31 741 0 9 741 10 30 741 11 1 741 27 16 742 37 28 742 54 5 744 29 19 744 43 2 746 62 12 747 71 17 748 5 5 748 94 8 749 97 9 751 8 9 751 55 28 752 1 7 752 84 2 754 48 11 754 58 15 755 24 27 756 96 6 758 46 26 758 74 28 759 87 24 760 7 26 762 27 17 764 0 19 766 76 8 768 33 17 769 18 29 769 69 3 770 42 10 771 42 24 771 48 6 772 45 31 772 48 3 772 51 20 773 4 15 773 89 5 775 49 1 777 26 20 777 88 12 778 23 1 778 35 2 779 5 11 779 27 0 779 48 24 779 58 10 779 90 28 780 1 10 781 90 21 782 79 1 784 44 17 786 78 29 787 24 10 787 82 18 789 56 24 790 51 18 790 60 14 792 0 13 792 51 16 793 7 12 795 47 16 797 67 17 798 55 13 799 26 22 799 61 21 801 76 9 801 76 12 803 65 7 804 100 28 806 67 11 806 80 26 810 67 21 811 16 28 811 77 8 811 93 4 812 48 18 814 61 18 815 1 25 815 16 22 816 11 25 817 14 29 817 19 30 819 70 20 819 78 3 820 39 2 821 46 20 824 26 12 825 15 5 826 93 8 828 88 28 829 54 19 830 67 28 832 10 5 832 91 7 833 9 28 835 39 29 836 36 19 836 59 30 838 8 6 840 85 24 840 87 27 841 70 23 842 98 14 843 15 18 845 51 13 847 13 27 852 29 8 852 82 16 853 100 13 855 42 7 855 49 22 856 62 11 856 64 29 856 95 4 859 26 16 864 19 22 866 30 14 866 50 26 866 88 8 867 95 14 868 60 21 869 85 25 871 17 13 872 30 27 872 56 16 873 81 0 874 10 16 874 21 31 874 37 28 874 71 22 874 72 20 877 52 4 878 100 9 879 47 12 881 34 30 882 44 3 882 67 0 882 71 27 882 76 27 883 27 9 883 34 7 883 34 21 884 18 27 886 18 2 886 85 17 887 32 9 887 65 21 889 44 2 889 49 26 889 84 13 890 7 7 891 70 17 892 73 13 892 91 18 893 77 4 893 79 16 893 81 5 895 29 24 896 24 9 897 4 30 897 86 1 899 5 30 899 91 11 900 44 15 902 27 23 902 84 13 904 3 26 905 30 16 907 97 29 908 59 28 908 99 5 909 24 16 910 12 20 911 52 21 912 2 13 917 89 31 918 35 7 921 34 13 922 41 24 925 75 3 926 28 30 926 38 28 926 76 6 928 78 25 928 86 17 929 62 27 929 96 27 932 42 8 933 53 14 934 6 17 935 35 0 936 30 23 936 44 25 936 45 25 936 90 14 939 83 31 942 0 4 942 46 27 942 64 27 943 43 20 944 28 27 944 47 2 944 93 10 944 94 20 947 29 6 947 88 1 949 55 0 951 37 17 952 5 10 953 15 16 955 77 26 959 14 9 959 20 3 959 67 19 960 63 6 961 37 0 962 61 10 963 29 9 963 36 18 964 15 27 965 47 12 965 98 12 966 12 30 967 6 16
241 867 0.0003 73 65 14 74 22 10 74 70 10 74 87 2 75 19 25 75 84 14 76 8 24 76 43 3 79 24 23 80 11 29 80 72 0 80 72 30 80 92 8 81 58 2 82 31 17 82 68 4 84 76 29 85 80 0 87 6 26 88 66 18 89 68 5 90 93 29 91 67 13 91 87 21 92 14 16 92 35 20 94 44 25 94 62 23 95 43 13 97 15 1 101 15 17 101 82 24 102 74 8 104 58 8 105 84 16 106 12 22 107 10 31 107 92 12 109 65 14 112 84 21 112 85 1 115 19 31 116 43 6 116 44 2 116 73 21 118 13 13 121 20 26 121 77 22 123 9 16 123 67 21 123 80 2 125 57 18 126 70 13 127 13 3 127 62 25 131 48 28 132 58 3 135 16 7 135 57 22 136 1 27 136 12 7 137 83 1 138 0 28 138 2 8 138 25 7 138 72 21 139 79 5 140 42 10 144 23 16 145 63 18 146 91 18 147 46 4 148 31 6 148 64 24 149 42 15 150 19 29 150 71 3 150 81 23 151 50 16 154 79 23 155 71 26 155 77 26 156 21 2 156 70 6 157 23 3 157 39 7 157 42 23 159 75 30 159 80 26 161 36 9 161 85 14 162 63 8 162 74 1 164 62 8 165 71 10 166 39 10 168 35 26 169 67 28 171 65 11 172 15 2 173 2 22 173 34 29 173 97 26 174 58 30 175 80 24 176 61 25 177 81 11 178 20 9 178 36 4 179 42 28 180 85 28 181 49 7 181 58 9 182 32 18 183 57 24 187 73 27 188 86 8 189 96 8 191 41 21 191 55 31 191 80 4 192 41 25 193 90 11 194 40 10 195 4 22 197 29 16 197 65 25 198 79 27 198 99 21 201 36 12 201 92 20 202 48 1 203 12 17 203 71 14 204 88 20 204 96 28 204 99 16 205 23 16 205 92 19 206 4 25 206 18 22 206 98 30 208 60 16 209 65 25 210 53 11 211 29 8 211 99 0 218 57 17 218 67 23 218 97 2 220 75 16 224 77 16 226 60 12 226 61 24 226 90 7 227 35 2 227 78 8 229 24 16 229 85 6 230 60 15 233 96 22 234 40 3 235 7 1 235 14 22 236 97 0 238 33 18 238 86 29 240 79 3 241 42 18 242 22 5 242 38 4 243 87 26 244 42 29 245 91 9 246 13 18 247 77 11 249 23 19 250 75 2 252 22 7 253 47 12 253 66 29 256 10 13 256 31 31 257 5 30 257 58 13 258 50 6 258 99 20 259 3 26 259 71 19 259 79 10 260 82 2 261 91 8 262 50 2 262 91 7 263 96 14 265 85 16 265 93 16 266 10 15 267 22 2 267 32 1 267 62 29 269 65 20 269 95 30 270 25 11 272 78 2 273 70 25 274 39 20 275 63 12 276 9 29 276 53 2 277 70 14 277 72 13 279 58 10 279 74 28 280 68 20 281 86 23 282 56 10 283 4 31 284 56 5 284 68 23 285 58 18 287 3 15 288 11 20 288 32 31 291 96 30 293 67 19 294 9 26 294 35 20 297 43 11 299 9 21 299 58 2 300 98 24 301 25 17 302 17 4 302 24 5 304 60 30 305 8 10 306 44 24 309 81 5 312 55 22 313 27 25 314 2 14 315 55 26 315 100 28 316 0 3 316 37 7 318 68 18 319 96 19 320 83 8 321 43 12 321 67 17 321 78 2 322 83 6 324 50 5 325 69 30 327 62 29 328 62 4 332 50 16 332 70 2 334 68 6 334 73 23 335 2 19 338 14 29 338 96 23 339 77 25 340 25 13 341 16 26 342 57 12 343 12 5 343 47 6 344 33 21 345 11 27 345 80 20 346 21 15 347 100 30 348 23 22 349 86 14 356 0 26 356 90 14 357 67 12 357 95 17 358 0 21 360 32 16 360 79 17 360 96 22 362 33 29 363 27 14 365 11 30 365 58 17 366 60 21 366 71 25 367 4 8 367 44 31 369 18 25 371 96 5 371 98 28 372 30 3 375 57 19 378 10 30 378 39 9 378 94 21 379 54 19 380 32 13 381 14 21 381 37 25 382 56 30 383 79 1 385 68 21 385 94 9 388 23 15 390 78 26 391 7 25 392 79 23 395 19 30 395 28 23 396 63 25 396 64 0 396 93 0 401 28 31 401 86 4 403 5 27 404 89 18 406 12 18 406 43 16 406 46 26 408 91 14 411 55 13 411 63 27 413 56 17 415 81 1 416 1 10 417 81 9 419 66 28 420 9 31 422 25 26 422 66 3 422 74 0 423 38 18 424 9 24 426 85 22 427 14 14 429 5 13 429 91 25 430 81 11 432 54 8 432 72 12 433 55 24 436 54 28 436 83 1 438 59 11 439 69 19 440 23 2 440 24 3 440 27 5 440 50 7 443 5 24 443 51 14 444 11 17 445 58 11 445 86 0 447 40 10 448 77 20 448 93 24 449 0 25 450 5 18 451 18 6 451 97 31 454 4 8 455 8 1 456 51 24 456 88 9 456 88 24 457 4 1 457 16 11 457 24 16 458 40 30 458 65 4 459 100 29 460 59 4 463 9 15 463 69 4 463 94 29 464 32 2 464 59 11 465 11 1 466 16 2 469 23 19 469 56 13 469 95 23 470 97 13 471 6 2 473 11 31 473 54 13 476 33 18 482 92 4 484 68 10 486 14 31 487 41 28 487 66 15 487 82 13 487 90 18 488 96 26 491 0 14 491 9 16 492 26 6 492 87 6 493 83 16 494 6 28 495 52 0 496 9 1 499 75 15 500 45 5 501 14 20 501 24 31 501 43 9 501 64 15 504 68 2 504 89 22 505 51 20 506 56 30 506 94 7 507 22 7 508 4 8 508 11 1 508 70 12 510 57 18 511 46 23 512 45 2 515 43 27 516 71 28 517 60 26 518 34 27 520 5 24 521 23 16 522 11 3 522 39 12 524 72 15 524 81 7 524 88 29 524 98 0 526 50 23 527 85 2 528 3 8 528 21 26 528 26 8 528 50 6 528 60 4 529 50 26 529 93 0 533 96 9 535 27 4 535 68 21 541 61 13 541 94 16 543 0 18 543 83 9 547 72 14 547 82 24 548 28 27 548 83 22 549 82 3 550 77 6 550 94 29 551 86 11 553 20 9 554 30 3 554 36 4 556 9 23 556 93 8 557 25 23 557 78 10 559 3 26 559 48 1 560 70 6 560 84 26 561 65 19 565 78 15 566 9 25 566 16 0 566 24 27 566 70 0 566 94 30 567 11 31 567 19 23 568 60 21 568 68 24 569 21 11 570 8 12 574 78 13 576 5 25 576 7 6 576 77 31 577 26 23 578 95 5 579 65 13 580 79 17 583 80 27 584 12 17 584 86 10 584 88 7 585 11 31 585 12 20 585 27 11 585 83 25 585 97 16 586 3 25 586 64 13 592 3 6 592 19 22 593 45 20 593 46 21 593 68 25 594 71 25 596 57 22 597 53 0 598 2 17 599 11 17 599 89 2 599 94 22 600 54 10 601 68 14 606 80 28 606 100 15 607 23 5 607 40 15 608 9 7 608 89 16 608 100 10 608 100 30 609 65 2 610 4 30 610 37 11 610 95 7 611 1 21 611 2 18 613 14 13 613 56 30 613 70 26 613 91 7 614 28 3 614 89 15 615 86 30 618 80 1 619 10 21 620 5 12 622 10 13 624 15 20 624 78 5 625 17 6 625 87 19 627 42 25 632 22 7 633 2 21 634 72 23 634 73 1 635 13 10 636 29 12 637 13 5 637 29 7 638 66 14 640 5 4 641 42 13 643 78 28 644 70 12 644 81 14 645 34 29 647 38 31 648 39 28 650 15 5 651 68 31 651 84 11 651 92 9 652 27 7 652 39 10 652 42 4 654 23 13 655 75 28 655 78 29 659 41 9 659 42 10 659 78 20 660 14 26 661 15 2 661 60 22 661 65 10 662 33 8 662 85 23 666 54 0 668 69 12 668 83 10 669 12 4 669 42 22 670 21 1 670 100 1 672 67 11 674 100 6 675 64 4 676 2 5 676 23 11 677 92 15 678 0 15 678 50 11 678 69 27 679 39 26 680 3 19 680 96 19 681 52 4 684 95 26 685 15 30 685 39 5 685 98 0 687 22 4 687 33 1 687 55 25 688 29 4 689 45 8 691 32 24 691 73 31 691 81 18 692 18 31 692 42 28 692 43 14 694 25 20 694 38 29 694 63 1 694 94 28 695 54 20 698 4 0 698 17 22 698 47 16 699 32 7 699 62 29 700 18 26 700 44 25 702 18 30 703 6 12 705 100 9 706 75 20 707 12 15 707 60 7 707 66 24 707 95 3 708 45 26 709 56 18 709 57 27 709 72 3 709 94 18 714 51 19 716 42 1 718 12 13 718 50 9 719 60 20 719 91 1 721 98 21 722 32 15 722 61 8 725 84 21 726 14 31 727 19 24 727 20 26 727 55 12 728 19 19 728 30 12 728 37 29 730 0 18 730 10 24 730 23 22 731 0 11 731 21 5 731 64 7 733 83 9 733 89 26 734 12 27 736 80 29 737 12 26 742 81 12 744 13 5 747 67 3 747 79 26 748 47 3 748 55 13 749 47 27 749 92 21 751 30 23 751 83 5 752 40 0 755 0 31 755 37 13 757 5 1 757 83 30 758 93 31 762 61 6 763 22 7 764 36 7 765 49 17 766 17 24 767 2 17 769 95 6 770 66 17 770 70 25 771 0 12 773 90 20 774 4 19 774 68 8 776 69 2 777 57 10 779 69 14 779 97 22 780 56 18 781 84 20 782 70 24 783 5 14 783 64 17 786 65 8 786 87 0 787 16 12 787 91 0 787 95 25 788 5 19 789 46 29 790 3 6 791 1 4 791 8 12 791 12 4 791 48 16 793 62 7 794 40 16 794 79 21 796 45 10 797 3 26 798 14 20 798 32 16 798 79 12 801 41 8 801 71 26 801 77 12 802 99 21 803 43 18 806 60 3 810 62 10 812 15 5 813 0 14 813 63 5 815 21 14 818 49 7 819 34 1 819 59 14 822 81 28 823 33 16 825 70 3 826 22 10 826 55 3 830 80 5 833 74 30 834 69 15 836 1 20 836 48 17 837 74 24 838 38 17 838 79 25 839 11 5 839 30 6 839 56 6 840 4 22 841 9 22 841 14 4 844 74 13 846 36 22 852 24 6 852 71 1 856 31 18 856 48 22 857 83 19 858 47 18 859 24 2 862 0 24 865 26 18 866 28 13 867 93 24 869 6 26 871 27 1 871 64 6 871 78 23 872 93 15 875 88 3 877 17 19 877 35 19 877 80 7 878 7 20 879 11 5 881 45 27 881 84 0 883 77 21 885 40 7 886 70 25 887 42 22 887 58 30 887 62 24 889 70 22 890 98 24 892 67 4 895 44 8 896 35 21 898 13 5 898 28 23 898 86 29 898 87 29 902 16 30 902 53 1 902 59 5 903 12 24 903 26 8 903 74 27 906 62 16 907 92 15 911 41 2 912 99 6 913 88 4 914 23 31 914 93 23 915 22 16 915 36 19 915 66 14 919 28 26 919 82 10 920 75 24 921 24 9 921 61 17 922 42 13 922 49 11 923 7 7 923 7 10 923 20 22 924 0 19 925 31 3 926 75 29 930 28 23 935 36 2 936 18 12 936 65 11 937 11 16 938 34 11 939 17 12 939 19 16 941 49 2 942 18 24 942 85 10 944 99 21 944 100 12 945 26 15 946 49 9 947 15 19 947 91 28 948 33 14 949 44 22 949 53 10 950 86 9 953 74 7 954 13 14 955 19 3 955 32 31 955 75 8 956 16 17 956 37 19 958 20 12 962 70 20 965 1 12
242 867 0.0003 74 26 7 74 61 0 75 51 1 78 8 28 78 77 7 80 27 23 81 9 19 82 11 25 82 64 0 83 56 27 85 80 31 85 96 3 86 79 26 88 11 15 88 31 2 90 88 5 91 5 26 93 35 20 94 12 30 96 7 13 96 55 15 98 15 1 99 1 31 99 86 16 102 44 26 102 68 28 103 2 13 103 74 26 104 17 25 105 47 10 105 97 22 106 13 2 106 51 16 106 98 14 109 80 17 109 84 20 110 48 25 110 93 31 111 39 0 111 93 21 113 92 25 114 57 9 115 10 9 115 31 10 116 81 9 117 69 8 117 78 29 117 88 14 118 56 6 119 0 9 119 9 13 119 15 25 121 23 23 121 80 3 121 90 24 122 86 11 122 98 14 123 27 6 125 83 7 126 28 28 133 1 20 133 22 29 133 93 31 134 9 7 135 96 28 136 64 5 137 4 17 138 37 8 140 75 20 141 91 16 143 73 30 146 2 19 147 68 24 148 70 26 148 97 13 150 56 8 152 20 13 153 5 3 153 22 3 153 33 17 153 35 17 154 17 5 154 34 16 155 44 29 156 3 21 156 21 31 157 70 25 161 41 18 161 57 29 161 83 16 162 9 1 166 85 16 167 29 5 167 49 17 167 72 0 167 79 14 168 79 22 170 77 22 171 74 1 173 8 27 174 81 20 174 99 19 176 73 0 177 82 27 177 98 2 178 50 15 179 67 8 180 95 6 184 22 31 185 49 14 187 4 13 188 93 29 190 0 16 190 37 17 190 88 13 192 59 29 193 3 25 193 16 27 193 22 10 194 10 27 197 42 14 197 69 12 198 14 17 198 87 7 199 45 9 202 77 11 204 65 9 205 23 28 207 60 20 209 3 7 211 57 8 214 34 21 214 72 7 216 31 26 219 42 17 220 9 29 220 90 26 222 92 26 222 94 0 226 56 8 226 58 31 227 10 12 228 5 2 228 84 30 229 2 4 230 0 12 230 36 1 230 90 19 230 94 31 234 53 4 235 48 17 236 57 16 240 51 11 242 34 16 242 55 21 245 20 20 245 43 10 247 52 5 249 72 30 253 27 24 256 45 20 256 70 0 258 68 10 260 61 27 260 78 26 261 80 5 261 91 5 263 92 19 264 12 11 266 55 9 267 8 25 267 70 14 267 86 2 269 46 18 269 83 31 270 61 19 270 100 16 272 48 25 273 11 19 273 35 28 273 75 23 274 22 20 274 93 4 275 9 17 275 46 29 276 20 12 279 40 17 279 80 8 279 95 22 280 22 23 281 39 0 283 75 16 286 51 2 286 69 3 288 30 31 288 48 7 289 34 26 291 40 0 293 32 4 293 65 30 294 2 9 294 23 14 296 52 4 296 82 8 296 83 3 297 31 15 297 49 25 298 5 1 299 80 28 300 9 31 300 73 5 302 45 14 303 91 8 304 19 26 305 7 8 309 16 20 310 7 12 311 34 25 313 18 22 313 75 12 314 14 22 315 32 22 316 32 2 317 34 26 320 31 13 321 2 1 321 14 29 322 16 3 322 29 23 323 88 31 325 37 20 325 44 28 326 13 7 326 84 15 327 10 31 327 36 24 328 43 25 330 32 30 330 86 18 330 93 22 332 23 11 332 67 4 333 32 2 333 71 2 335 34 17 336 47 1 337 99 3 338 81 14 339 21 7 339 21 12 339 51 7 339 61 9 341 13 13 342 11 28 342 46 10 343 31 12 346 51 19 346 80 19 348 23 8 348 58 18 350 92 16 351 39 31 351 71 17 351 79 11 351 99 15 353 20 8 353 34 22 354 23 19 354 49 29 354 57 26 357 48 18 358 3 28 358 11 6 358 30 14 358 100 12 360 90 1 362 48 17 363 45 5 363 89 17 364 34 10 365 7 15 365 54 22 366 38 2 367 59 15 369 69 9 370 9 18 370 29 23 370 62 10 370 80 29 373 38 29 373 40 30 373 78 17 374 39 24 375 28 22 375 85 5 379 79 16 379 80 17 381 1 25 381 27 16 384 40 23 384 54 3 386 12 13 386 41 11 387 86 2 388 60 6 388 68 18 389 15 6 389 64 14 392 8 17 392 26 28 392 86 21 394 12 18 394 33 21 395 19 22 395 41 1 395 68 4 399 61 31 402 17 25 403 24 24 405 48 9 407 25 3 407 74 13 407 85 16 409 96 31 410 32 21 410 78 24 411 57 14 413 15 30 415 43 11 416 73 31 419 20 18 420 59 22 420 65 15 421 48 15 421 60 26 422 74 2 423 72 11 425 32 13 425 71 22 427 3 4 428 22 5 429 69 22 433 6 21 436 12 0 438 20 31 438 28 10 439 28 31 441 33 25 442 35 17 442 49 19 443 3 13 443 7 30 443 84 9 445 78 9 446 76 24 447 59 18 447 62 17 447 85 5 448 95 30 449 22 13 449 33 7 449 65 23 451 57 4 452 46 21 452 52 7 455 60 13 457 80 20 457 95 28 458 76 3 459 74 0 459 89 13 462 8 27 463 4 24 463 37 14 463 54 20 464 75 23 466 22 20 467 40 21 468 13 18 468 25 1 471 57 19 472 16 23 473 91 31 476 12 18 477 7 23 477 22 13 477 76 7 478 76 11 479 25 19 480 11 5 483 27 4 484 18 22 484 63 21 486 41 8 487 14 1 487 16 3 487 55 10 489 59 22 489 64 11 490 98 27 491 0 30 492 4 7 492 34 13 493 66 6 493 76 7 494 6 5 494 10 19 495 17 12 496 1 16 500 91 24 501 58 21 502 39 25 502 44 9 504 47 2 505 63 24 509 15 9 511 56 18 511 79 8 511 86 5 511 98 9 512 6 5 512 27 8 513 47 13 515 47 9 517 11 29 520 47 0 521 48 25 521 93 1 524 65 30 525 74 2 526 8 23 526 46 5 526 96 31 527 29 5 527 81 11 528 5 7 528 29 31 528 97 23 531 6 12 532 6 17 533 49 23 533 83 8 535 2 30 536 53 27 538 5 27 538 79 12 539 63 30 539 68 27 541 97 29 543 55 30 543 75 17 544 74 29 544 95 0 546 89 24 547 5 31 547 21 3 547 24 6 547 39 19 547 43 20 547 44 8 549 61 19 551 59 5 557 25 14 559 15 9 559 79 23 560 26 9 560 29 11 561 25 20 563 42 31 564 0 3 564 63 4 565 69 26 566 56 10 566 86 30 568 13 24 568 44 23 568 97 12 569 4 5 569 53 30 569 88 0 569 98 27 570 91 28 571 57 9 572 30 7 573 18 16 573 68 27 576 56 19 576 70 10 576 81 20 577 32 23 577 43 18 577 77 19 579 75 10 584 70 30 585 40 24 586 18 27 587 76 3 587 80 4 588 73 26 588 87 9 589 89 19 593 17 26 593 19 11 593 85 0 594 55 15 595 22 20 595 93 3 598 27 29 600 32 14 600 58 7 601 29 18 603 59 6 604 90 12 605 95 27 606 39 14 606 99 1 608 46 17 609 81 3 610 64 3 611 96 0 612 63 30 614 53 28 615 63 18 616 87 26 617 46 1 617 56 21 617 95 25 618 37 17 618 68 10 619 18 19 620 7 2 621 89 6 622 24 22 623 21 7 625 84 19 626 37 4 629 4 3 629 70 31 630 27 14 631 56 15 632 33 26 632 51 1 633 18 19 634 10 25 634 54 14 634 90 8 635 1 20 636 28 9 637 82 17 638 70 9 639 47 4 640 55 16 642 54 5 643 51 30 643 62 16 643 90 22 644 43 16 645 50 1 647 12 28 647 68 8 648 2 13 648 41 22 649 37 2 650 76 30 652 71 18 653 62 14 655 13 24 655 47 1 655 57 0 655 88 4 659 53 3 661 22 13 662 44 24 663 4 4 664 16 28 664 49 31 667 34 16 667 46 19 669 30 26 669 92 21 672 9 29 672 47 1 672 82 24 674 60 0 674 69 8 675 85 21 679 71 17 679 82 27 679 100 1 683 87 5 686 21 14 687 86 11 688 12 20 689 26 2 690 92 30 691 45 5 692 19 16 695 24 4 695 31 30 696 49 5 696 78 23 696 90 2 697 51 26 698 48 1 699 86 12 699 92 6 700 45 11 701 39 1 702 83 17 706 50 5 708 48 8 709 49 0 710 32 27 712 13 2 712 68 21 713 43 3 714 97 22 715 7 21 715 53 31 716 29 20 719 5 10 719 19 28 720 25 3 721 51 9 722 87 2 723 95 6 724 73 25 729 58 22 730 9 9 733 30 13 735 46 2 735 61 9 735 74 13 736 14 19 736 19 31 738 5 11 740 31 9 740 35 1 740 88 3 741 66 13 744 60 5 744 70 25 744 75 25 746 8 8 746 27 1 746 62 12 747 72 31 753 16 22 753 29 17 757 61 2 757 91 24 760 66 1 760 87 19 762 7 17 762 28 7 762 45 2 763 8 8 763 37 19 763 46 14 764 9 14 764 54 14 764 86 28 765 30 15 765 40 23 767 65 27 768 2 19 768 33 20 768 77 4 770 60 24 770 61 27 771 91 5 772 16 6 772 44 31 773 36 25 774 15 6 774 79 22 775 12 2 776 94 8 776 98 7 777 86 15 778 51 9 779 20 2 780 63 5 781 0 5 781 50 18 782 54 10 783 14 20 784 100 11 786 66 25 786 80 31 786 83 4 788 18 28 788 21 23 789 58 6 790 24 20 792 63 22 794 83 27 795 36 2 797 17 13 798 83 12 803 85 27 804 88 17 806 94 28 807 62 1 808 97 26 809 47 23 810 3 30 811 8 6 812 46 30 813 30 6 814 24 8 815 12 17 815 18 10 816 33 10 817 93 29 818 77 18 819 6 11 819 58 26 821 49 18 822 24 25 822 99 22 825 90 31 826 77 13 827 2 3 827 19 7 827 86 16 828 80 25 829 100 23 830 58 7 830 74 14 831 65 29 834 18 10 834 68 1 836 2 14 837 94 1 839 22 28 842 23 22 844 72 12 845 93 14 846 55 4 849 56 20 849 93 30 850 99 22 851 10 0 851 24 7 852 41 0 853 9 7 856 0 1 856 80 7 856 83 15 859 27 0 860 23 7 860 80 22 861 42 25 863 96 29 864 50 16 865 62 8 868 24 8 870 77 1 870 93 22 874 60 16 874 75 23 874 97 14 876 97 21 877 37 15 878 88 31 883 7 31 883 57 6 883 81 18 885 75 13 887 87 17 891 51 9 894 3 4 894 21 26 895 11 14 895 67 19 895 87 18 896 89 22 897 13 31 897 68 0 898 13 25 898 17 19 898 37 30 899 34 21 900 59 31 903 45 23 903 84 9 905 46 10 905 81 25 907 40 7 908 0 1 908 87 4 909 39 20 909 55 0 910 19 30 910 96 20 911 97 20 912 8 30 912 90 26 912 99 15 913 65 14 915 19 8 915 45 28 916 80 5 917 3 29 917 40 20 918 35 3 918 37 18 919 28 21 919 52 19 920 1 7 920 88 15 922 11 6 922 16 0 922 68 26 924 33 29 925 44 13 925 72 19 927 87 0 927 91 4 928 66 0 930 3 3 930 69 12 930 77 2 931 19 12 931 23 5 931 55 27 932 78 19 933 85 22 934 75 22 935 10 4 935 78 12 935 90 1 936 29 23 936 88 21 937 81 11 939 56 20 939 77 19 942 40 30 942 76 21 942 83 10 944 32 11 944 51 18 946 39 22 947 21 6 947 34 24 948 0 21 948 13 2 949 0 8 949 16 19 950 80 22 951 66 8 951 66 31 953 12 26 953 66 3 954 21 20 955 37 30 957 27 23 958 13 26 958 31 21 959 12 18 959 87 15 961 96 25 962 35 5 963 5 23 964 98 1 966 57 4
243 867 0.0003 72 1 16 72 6 16 74 23 23 75 53 1 76 19 18 77 24 14 77 66 10 77 91 4 78 9 28 78 81 6 81 28 3 82 74 4 84 12 11 89 26 9 89 69 20 89 88 28 92 5 26 92 18 4 93 16 10 96 26 30 97 70 1 97 77 24 98 14 25 99 19 4 100 55 29 100 80 16 101 27 23 101 65 26 102 21 5 102 78 18 103 5 17 103 34 29 105 63 7 105 88 18 107 2 27 107 87 19 108 35 10 108 48 23 108 54 12 109 51 15 112 64 4 112 93 2 113 17 7 113 67 13 114 46 25 114 73 2 114 97 19 115 76 27 115 100 11 116 43 16 116 81 19 119 30 21 119 67 28 121 14 0 121 88 6 124 98 12 125 41 25 126 55 14 127 15 25 130 13 18 130 27 17 130 61 28 130 64 16 132 75 20 133 8 7 133 26 23 133 73 6 136 55 28 136 92 31 137 84 11 137 95 25 139 83 7 141 18 23 143 32 4 144 3 22 148 5 22 148 23 14 148 41 24 148 67 11 148 100 8 149 3 1 149 30 14 150 41 11 151 90 23 152 54 19 153 65 18 154 47 18 154 49 9 155 35 1 155 82 16 155 82 26 155 92 11 156 13 2 156 49 9 157 14 12 157 87 28 158 58 28 159 9 9 163 24 21 163 89 23 164 24 10 165 9 12 165 13 24 165 19 25 165 26 22 168 50 26 171 13 11 171 43 4 171 81 17 172 73 8 174 54 11 174 93 31 176 62 24 177 97 29 179 83 28 181 34 13 183 7 9 183 53 29 188 7 17 189 48 16 192 77 6 193 2 22 195 7 16 195 77 9 196 19 30 198 15 5 198 89 22 199 7 4 200 66 8 202 26 8 202 78 10 203 46 28 203 78 23 203 83 14 204 57 19 204 91 20 205 34 5 205 78 29 208 82 29 208 87 4 212 93 22 212 97 0 213 77 20 214 96 9 216 26 10 217 35 10 217 46 11 220 59 13 220 81 28 222 94 30 223 75 18 224 6 8 225 36 16 227 9 21 227 92 21 228 67 3 228 89 8 229 57 26 230 24 26 230 100 23 231 76 30 233 65 26 234 76 15 235 83 20 238 22 25 239 29 28 240 76 12 240 81 26 241 1 16 241 9 6 243 88 4 244 42 25 244 82 11 245 44 22 246 72 23 246 75 27 249 74 30 250 39 0 256 28 23 256 97 2 259 31 31 259 58 6 261 15 13 261 64 5 262 81 25 263 9 18 263 31 26 263 36 19 263 44 10 264 71 16 265 5 20 266 68 1 267 41 29 267 98 14 268 55 12 269 1 20 269 23 21 269 94 5 270 82 4 271 60 29 273 53 22 275 23 16 275 30 30 280 37 11 282 98 23 287 45 7 287 82 9 291 42 5 291 80 24 294 64 14 294 69 18 294 93 9 295 17 2 296 63 10 298 29 13 298 31 1 298 47 3 301 83 22 302 19 30 303 26 6 303 93 29 303 99 8 305 88 25 306 5 18 306 64 0 308 5 17 308 8 13 308 47 10 308 82 28 309 32 17 309 42 9 310 53 31 312 47 6 312 47 12 313 3 4 316 0 17 316 63 31 317 7 2 318 68 10 318 99 8 319 15 19 320 16 30 320 55 15 320 91 8 322 43 22 324 18 26 324 35 10 324 82 3 325 45 16 325 93 25 326 58 15 332 1 6 332 87 3 335 84 2 337 96 3 339 98 8 352 25 4 353 7 9 356 97 25 357 85 29 358 84 27 359 35 24 360 46 25 360 68 13 364 10 7 364 30 0 366 91 28 368 99 21 369 10 31 370 25 12 372 59 15 373 71 28 375 87 23 379 49 22 381 4 21 382 27 27 383 27 16 384 4 30 384 5 11 384 10 26 385 84 5 387 75 20 387 82 0 390 29 8 390 67 16 390 96 8 391 5 2 392 65 18 393 5 6 394 67 26 398 0 18 398 20 8 398 33 19 399 90 16 400 97 18 404 61 26 405 11 20 406 2 20 407 77 26 408 14 27 408 69 4 408 98 25 409 82 28 410 82 15 410 82 29 411 6 9 411 43 17 412 34 16 412 75 16 412 96 13 413 42 20 413 44 27 414 56 30 414 70 9 414 76 14 414 83 31 415 72 3 416 31 12 418 83 5 420 7 20 421 49 25 422 6 27 422 30 23 423 32 11 425 40 3 426 8 31 428 54 28 428 62 2 428 90 28 430 83 23 431 86 25 432 85 28 433 20 8 433 95 16 434 31 18 436 63 0 437 4 9 437 65 8 438 12 20 438 21 0 438 34 7 440 86 7 440 90 12 444 62 10 446 18 13 449 68 4 450 9 10 451 86 3 451 98 26 452 75 3 452 75 15 454 74 16 455 51 5 456 16 14 456 29 21 458 42 17 459 29 21 459 75 27 459 84 20 460 66 26 461 8 28 461 31 21 463 19 6 463 34 8 464 38 6 464 55 1 468 54 22 468 95 16 470 12 31 471 45 21 472 85 9 473 99 0 474 33 29 479 5 11 479 10 2 480 6 1 481 7 25 481 58 20 483 6 0 484 10 21 486 16 2 486 20 21 486 33 7 490 35 22 490 44 25 490 50 14 492 20 4 492 88 12 494 85 8 496 77 3 497 1 11 497 51 19 498 31 27 500 100 25 501 18 8 505 34 18 505 48 14 507 23 15 507 27 23 507 44 2 509 21 3 509 47 11 510 61 10 511 32 0 511 67 1 511 69 3 512 37 16 515 1 17 515 26 29 515 60 19 516 22 27 518 82 19 519 4 2 519 4 21 520 83 10 520 94 1 522 52 29 522 99 17 523 68 2 524 5 9 524 6 16 524 70 17 525 28 3 525 29 12 526 7 29 526 98 10 529 5 1 531 84 0 533 10 13 535 80 1 541 67 9 542 94 18 545 27 18 547 23 30 548 20 23 549 26 15 549 62 17 551 65 2 553 52 25 554 7 16 554 70 8 555 68 16 555 79 6 557 21 26 557 31 2 558 83 6 559 14 6 559 54 0 559 79 10 559 93 9 566 18 17 566 84 8 568 26 10 568 39 23 568 60 25 571 19 25 572 25 22 573 57 24 575 15 15 576 13 31 577 24 1 577 98 27 578 100 21 579 73 0 582 29 31 586 43 18 587 45 20 588 12 1 588 25 6 590 9 5 592 30 3 592 34 22 592 62 1 594 11 31 598 10 28 599 47 29 599 71 14 601 26 28 602 16 15 602 20 20 602 32 3 602 77 15 605 24 12 608 29 13 608 42 6 609 89 5 610 71 24 612 16 18 614 47 5 616 8 4 618 26 1 618 80 14 619 36 31 619 73 16 620 3 7 622 94 13 623 20 24 623 78 15 624 43 29 625 39 23 625 59 17 625 90 30 627 0 24 627 76 9 627 86 0 628 31 19 630 34 28 631 26 20 631 60 17 631 86 7 633 44 23 634 6 3 634 25 9 634 27 13 634 41 1 634 74 23 635 15 30 636 39 25 636 62 28 637 54 14 638 6 5 638 69 23 640 59 7 641 1 19 641 77 4 643 18 0 643 49 19 643 81 27 644 56 30 644 85 22 646 4 8 646 22 18 646 59 0 646 80 11 647 52 23 648 50 10 649 18 0 650 49 14 651 71 30 653 59 22 654 27 23 654 66 29 655 37 19 656 30 8 657 95 6 658 21 14 658 88 21 659 57 3 659 90 11 660 85 17 663 1 9 663 37 12 663 92 21 664 37 20 665 58 19 667 37 11 668 35 5 668 48 31 668 100 2 670 37 9 672 63 25 673 49 11 674 47 17 676 24 25 676 57 28 677 98 4 678 57 10 679 82 16 680 28 10 682 54 31 682 63 7 683 90 28 683 96 22 684 82 10 684 98 5 685 8 3 685 14 13 685 39 2 686 91 26 687 87 25 690 70 2 691 0 19 691 76 25 693 80 28 694 36 14 694 43 0 695 67 4 696 41 10 697 0 24 698 3 1 698 36 0 698 40 25 698 55 0 700 11 2 703 68 7 704 27 4 704 43 20 708 85 3 709 65 10 710 52 12 711 83 1 712 5 25 712 82 6 713 59 23 714 1 29 714 33 20 714 90 12 716 10 8 718 51 3 718 60 0 720 51 17 722 56 14 722 68 0 722 70 17 722 77 15 723 75 25 723 84 28 725 36 13 726 52 0 727 89 5 728 18 2 729 7 31 729 97 25 731 18 25 731 92 2 733 47 25 733 100 2 734 61 22 735 14 10 735 99 12 736 20 28 740 27 25 740 76 30 743 36 6 743 82 26 744 83 13 745 62 1 746 6 21 746 27 18 746 85 8 747 67 20 748 72 24 749 12 4 751 55 11 751 89 24 752 21 13 753 44 20 754 34 26 755 19 28 758 85 11 759 16 22 759 61 6 759 76 11 760 7 2 760 17 3 760 85 7 761 32 10 762 73 18 764 44 7 764 98 7 767 91 27 768 36 0 769 24 25 769 38 5 771 18 3 773 69 12 775 60 28 776 9 14 776 21 10 776 28 27 777 64 20 777 78 22 777 87 15 777 95 1 779 36 25 779 75 9 780 31 9 780 92 2 781 4 16 781 28 1 781 29 20 783 13 30 786 92 13 787 46 4 787 48 12 787 60 6 788 6 5 788 43 4 789 77 29 790 24 2 791 88 11 792 46 25 793 39 15 796 16 14 796 56 14 797 9 18 797 16 24 800 48 22 801 16 31 801 27 16 801 42 10 801 98 8 805 7 19 806 22 16 806 29 18 807 9 11 807 71 25 810 73 27 811 43 4 812 79 13 814 37 15 815 24 29 815 55 17 815 75 0 816 0 17 816 79 17 817 44 14 817 79 13 819 13 6 820 20 20 821 85 31 821 90 17 823 24 11 823 98 18 824 93 1 825 78 22 826 62 10 829 58 13 831 24 21 833 9 17 833 70 11 835 24 14 838 17 14 838 34 20 838 66 7 838 96 12 839 69 20 840 2 1 840 52 19 841 4 15 841 43 5 842 53 2 843 7 23 844 25 17 844 62 28 845 35 26 845 55 7 845 78 3 846 86 19 848 65 30 848 87 6 849 100 28 850 86 9 852 15 16 852 82 12 853 59 7 853 79 1 855 80 3 858 38 25 861 16 9 861 100 31 863 43 10 863 79 20 864 23 8 864 85 20 865 9 1 866 22 23 867 21 5 867 61 4 869 99 12 871 18 15 871 19 5 871 54 28 871 77 28 872 3 26 873 48 28 873 75 2 873 91 27 874 83 17 874 94 22 875 32 11 875 48 28 877 85 1 878 65 3 879 74 20 881 98 12 882 17 25 883 100 13 885 48 7 888 24 0 888 69 22 888 97 11 889 82 1 891 8 1 891 54 18 892 51 8 892 90 24 894 23 30 894 72 0 896 19 29 896 24 14 896 51 9 896 61 12 898 14 3 898 68 0 899 30 19 899 49 0 901 29 25 902 90 19 904 2 3 905 10 6 907 45 11 907 74 26 908 19 19 909 17 17 910 44 16 911 79 3 912 65 29 914 14 9 914 23 4 915 9 29 916 13 14 916 38 29 918 6 15 919 98 12 922 17 20 925 83 7 927 79 31 932 74 3 932 85 31 935 18 0 935 90 18 935 99 3 936 36 21 936 44 15 936 64 4 937 83 0 938 16 6 938 24 21 939 0 20 940 27 17 941 50 5 941 83 29 943 52 3 944 41 23 947 84 9 949 15 19 949 21 9 950 3 25 950 53 9 952 91 6 953 57 6 956 32 26 958 34 31 958 50 20 958 69 21 960 83 26 961 17 6 963 12 17 963 14 15 963 22 30 963 24 5 963 99 7 964 9 18 965 34 8 966 7 18 967 39 18
244 867 0.0003 73 52 14 74 18 23 74 62 22 77 25 25 77 39 24 78 99 15 79 89 2 83 54 15 84 16 13 84 68 14 85 91 25 86 62 4 87 38 24 92 55 2 92 59 13 93 59 27 96 33 1 96 51 23 96 75 5 97 56 12 97 61 8 97 98 5 98 12 23 98 42 0 98 94 17 100 86 11 101 25 22 102 52 21 103 43 4 105 1 16 106 58 15 106 78 14 107 33 31 110 87 20 111 87 10 111 95 11 112 48 26 113 1 2 113 81 31 114 32 7 116 9 16 117 78 17 124 44 4 125 91 7 126 30 17 126 72 20 127 39 25 128 28 0 129 16 11 129 91 25 130 36 19 130 43 25 131 60 8 133 26 29 133 65 10 134 2 24 134 24 31 134 73 6 135 58 11 137 13 5 141 12 9 141 27 28 142 41 12 142 44 22 143 33 22 143 78 28 146 15 25 149 84 19 150 12 8 150 12 19 150 86 28 151 10 30 153 36 21 155 0 4 155 29 17 155 65 27 156 33 30 158 79 26 159 16 0 159 61 3 160 14 28 160 76 6 160 78 3 164 32 17 164 40 0 164 64 4 165 68 9 166 20 15 166 32 7 168 28 26 168 49 21 168 61 17 169 25 29 170 0 30 170 97 8 171 21 24 171 35 15 171 76 13 174 9 22 177 70 3 177 93 8 177 95 24 178 99 11 184 14 0 184 47 24 188 34 6 188 71 21 188 73 0 188 75 24 188 80 20 190 8 21 191 47 6 192 60 31 193 3 30 193 25 18 193 52 20 196 12 28 199 41 2 200 35 28 201 26 18 201 40 24 201 93 18 203 23 0 204 4 18 205 15 29 205 71 31 206 30 25 206 54 29 207 91 25 208 21 3 208 39 10 208 51 11 208 81 26 209 17 14 209 40 4 209 50 11 209 58 6 210 50 5 212 31 30 213 4 21 214 34 23 214 59 30 214 67 1 216 58 24 217 67 30 219 20 13 219 37 2 219 65 2 219 84 25 221 33 27 222 87 18 227 88 28 228 38 17 229 73 5 233 19 10 233 22 11 233 77 21 233 79 27 235 26 28 238 20 22 238 55 11 239 31 17 241 24 0 243 49 22 246 54 24 248 8 17 250 52 30 250 82 28 251 5 12 251 57 28 252 17 2 252 85 24 253 98 23 256 80 19 257 37 22 258 20 30 258 54 23 260 39 31 263 80 3 263 86 13 263 94 14 264 8 9 265 61 14 268 36 0 268 78 21 270 53 12 273 7 5 273 55 6 274 76 3 274 88 9 275 54 27 277 41 0 277 70 8 278 42 10 278 81 27 280 18 6 280 76 27 285 22 16 285 77 31 288 32 29 291 61 4 293 66 15 294 65 10 294 75 23 295 62 1 296 25 28 296 57 7 298 15 14 299 18 16 300 48 21 301 70 25 301 71 21 302 19 17 303 6 1 303 21 24 303 35 19 303 47 5 303 85 29 304 68 24 304 90 0 306 68 22 309 42 24 310 28 20 311 90 17 314 95 1 316 7 17 316 19 4 316 67 10 316 86 4 319 33 17 321 70 0 322 58 20 322 61 23 324 5 7 324 38 10 325 49 0 325 74 15 326 25 16 328 79 12 330 71 12 330 100 15 331 86 8 334 60 9 338 100 12 339 86 23 340 86 18 341 72 5 344 16 5 344 44 6 346 97 9 347 12 19 347 76 22 348 18 22 350 35 1 350 60 28 350 93 17 352 85 29 352 89 27 353 12 1 353 17 4 354 26 22 359 35 9 361 60 3 361 97 2 362 20 31 362 80 17 362 86 4 363 62 5 365 3 29 366 19 3 369 44 5 371 41 27 372 94 15 373 35 28 375 36 14 375 66 26 376 35 2 376 71 11 376 96 0 377 64 28 378 52 22 379 97 19 383 63 18 383 77 17 383 87 1 384 27 15 385 88 17 388 98 3 390 23 13 390 58 27 391 71 1 392 18 16 393 54 0 394 92 4 396 31 0 396 85 20 398 5 4 399 32 2 401 48 0 401 61 29 403 43 6 407 2 20 407 91 2 408 80 30 409 13 28 409 96 10 410 62 6 410 76 29 412 73 13 413 26 27 413 60 15 414 39 26 415 44 12 415 95 7 416 45 25 416 89 2 417 69 24 417 80 0 418 62 5 419 60 26 420 0 24 420 20 20 420 79 1 421 40 7 422 7 23 424 18 4 424 92 18 425 55 29 426 26 9 427 49 28 428 4 27 430 40 2 431 96 29 433 41 22 433 82 5 434 90 17 435 3 12 435 85 6 438 17 25 438 77 4 439 35 21 439 95 5 441 52 30 443 18 3 446 39 13 446 55 0 447 57 28 448 1 27 448 52 12 452 59 9 453 51 15 453 86 16 454 0 30 454 71 12 455 1 21 456 20 11 457 50 23 457 69 16 458 39 31 458 80 31 459 46 15 460 57 24 462 22 31 463 25 28 467 94 6 469 75 25 469 95 17 470 4 4 470 86 1 471 70 18 473 42 3 474 18 9 475 41 24 475 58 11 475 78 31 476 45 3 477 48 27 477 76 20 478 7 2 478 81 31 479 11 1 479 71 6 479 88 29 480 42 9 483 62 4 484 24 12 486 13 23 486 87 26 486 99 4 486 99 17 487 17 25 488 51 3 490 1 27 490 14 13 490 82 31 491 3 12 492 21 18 492 75 10 492 84 17 493 83 1 494 92 8 497 60 21 497 99 6 498 24 15 498 100 8 499 13 16 500 22 13 500 48 31 500 65 8 503 3 25 504 9 13 504 18 29 505 63 23 506 6 12 507 70 27 508 91 26 510 13 8 512 12 2 512 75 11 514 61 27 514 92 6 516 85 8 518 36 5 518 86 22 519 56 10 520 5 6 520 56 28 522 74 2 523 4 23 523 32 23 523 44 23 523 62 12 524 56 14 527 5 7 529 2 0 529 98 24 531 22 2 534 84 14 535 0 18 535 91 30 536 65 22 538 95 30 541 66 12 542 3 21 542 93 3 543 58 25 543 99 13 544 81 7 546 78 7 547 22 10 548 62 11 548 68 14 551 44 27 552 39 9 552 59 5 552 64 3 552 86 8 554 38 31 554 41 18 556 23 12 556 58 14 557 83 4 558 28 5 559 32 12 560 22 3 561 72 3 562 10 4 562 93 2 563 62 24 564 67 12 565 79 23 565 90 17 566 77 17 567 79 20 568 10 16 568 69 14 569 6 1 570 45 15 570 78 31 571 1 10 574 3 27 576 75 0 577 24 25 578 36 9 578 89 11 579 0 16 580 8 15 581 88 29 582 37 26 582 95 27 584 8 15 584 76 23 585 5 15 586 29 12 587 24 21 588 99 3 590 97 23 595 35 15 596 33 28 598 49 19 599 41 8 600 4 25 600 15 2 600 57 27 603 92 20 604 62 11 605 92 29 606 22 8 606 100 9 609 29 27 609 29 29 609 59 20 610 68 1 612 86 4 613 1 19 614 26 6 616 50 31 616 78 17 617 29 1 619 11 0 620 20 5 620 30 15 620 60 21 621 31 30 621 39 23 621 48 6 622 45 0 622 100 22 625 2 28 625 37 2 627 93 2 628 100 1 629 3 17 631 12 24 631 43 7 632 4 31 633 4 12 635 98 13 640 31 24 640 44 17 642 55 21 642 62 1 642 87 31 644 34 13 645 58 24 646 50 24 647 37 4 649 7 18 649 31 17 649 67 15 649 77 23 651 6 17 651 100 27 652 62 9 653 22 20 653 77 14 653 94 9 654 20 4 655 1 22 655 3 4 656 44 12 657 4 1 657 15 18 657 72 28 658 38 8 659 100 17 662 8 27 662 37 3 663 0 11 666 65 13 667 85 23 669 56 14 671 79 27 671 96 29 672 50 20 672 100 10 673 31 8 673 71 30 674 53 26 675 5 11 676 63 28 676 80 9 677 43 31 677 70 16 678 73 5 679 47 3 681 18 28 681 21 17 681 22 15 681 28 23 682 49 6 683 37 3 683 90 20 686 52 11 687 11 14 687 54 8 688 14 18 692 23 3 695 14 3 695 63 13 696 33 17 696 44 28 697 75 19 697 86 18 697 98 2 698 61 20 699 51 24 700 29 26 701 67 18 702 36 27 704 1 25 705 4 31 705 70 25 706 94 12 708 6 21 708 93 5 709 0 3 711 60 23 711 85 17 712 74 5 713 73 14 714 68 4 715 70 4 717 51 1 718 21 9 718 85 13 718 98 29 719 36 30 719 40 2 719 85 5 720 71 0 721 48 17 722 70 11 724 25 19 726 70 16 728 66 15 729 4 27 729 26 11 729 54 2 729 100 10 730 50 19 731 81 20 732 19 27 732 41 6 732 99 18 733 2 22 735 61 15 736 27 10 737 36 18 737 69 12 738 87 26 741 32 7 741 33 9 743 74 14 744 67 18 747 15 1 747 48 27 748 17 28 750 10 26 751 15 14 751 25 13 751 47 19 751 72 9 753 95 22 754 48 30 754 63 28 754 90 19 754 97 16 755 23 19 755 36 24 755 41 15 755 91 6 756 14 11 756 58 19 760 35 6 761 33 21 763 46 19 766 19 5 767 49 30 767 76 1 768 81 9 769 36 1 770 5 2 770 5 21 770 54 7 771 26 27 773 47 15 773 100 20 774 49 9 775 54 21 776 90 7 777 61 16 778 34 13 780 30 22 780 80 13 783 65 4 784 28 6 784 89 5 789 68 21 791 65 26 792 36 17 792 82 20 792 89 0 793 0 31 797 50 27 798 19 8 800 29 22 800 36 4 800 51 24 801 14 14 801 23 21 801 49 4 802 60 6 804 80 30 805 89 31 807 50 15 808 91 14 810 77 10 811 17 6 813 74 8 813 100 23 814 47 6 814 96 24 815 34 30 815 75 8 815 78 25 816 51 23 817 19 17 819 82 23 820 26 20 820 70 12 821 77 15 821 87 1 823 63 15 825 53 7 827 13 19 828 13 10 828 35 13 828 60 2 829 94 28 830 28 11 830 84 16 831 5 18 831 40 22 833 2 15 834 99 27 835 24 22 835 57 7 836 25 19 836 35 3 839 37 10 839 63 8 839 69 21 844 61 5 846 9 13 846 95 22 847 82 11 848 19 7 848 74 18 849 18 9 850 64 20 851 31 19 851 62 22 855 21 9 856 18 10 856 62 19 856 99 0 857 34 31 858 0 17 858 31 7 859 67 7 859 68 23 860 18 4 860 85 20 861 34 23 861 44 3 861 53 22 862 40 28 862 51 2 863 68 22 868 6 30 869 35 6 870 18 22 870 33 26 870 62 0 871 6 2 871 20 30 872 80 19 874 82 0 875 85 21 876 38 10 877 28 1 877 36 5 877 74 9 879 9 30 881 45 28 881 49 19 882 82 18 883 85 19 885 81 6 886 99 23 888 69 7 889 18 18 889 79 5 892 72 5 893 18 14 893 44 13 896 6 15 899 52 6 899 95 1 900 6 5 900 26 18 901 53 27 904 68 6 906 5 10 906 31 21 907 66 13 908 67 25 909 43 18 909 95 10 910 85 9 910 91 30 911 33 19 914 89 11 915 5 26 915 76 10 916 17 26 916 86 25 917 32 20 918 82 26 919 77 29 921 68 17 921 85 7 922 45 29 923 33 15 923 69 7 927 59 21 928 96 14 932 53 15 932 88 23 933 44 26 933 88 3 936 98 13 939 43 14 941 20 13 942 29 7 944 52 13 944 65 3 947 14 30 952 13 3 953 50 27 956 19 9 956 41 0 956 77 4 956 87 11 959 30 5 959 57 29 959 77 12 961 8 19 961 86 25 963 58 28 964 25 12 965 33 14 966 23 31 966 93 26 967 14 24 967 98 31
245 867 0.0003 73 26 29 78 56 17 79 59 5 80 1 0 80 83 23 81 43 13 84 79 7 86 74 13 86 85 11 89 13 0 89 32 16 89 45 3 90 49 14 92 70 18 93 2 31 93 78 11 96 83 28 98 17 30 100 8 26 101 39 19 103 77 29 105 76 29 106 41 7 107 44 0 108 10 22 108 11 10 109 5 4 110 32 6 112 49 7 112 76 12 115 19 7 117 59 25 120 9 20 120 25 4 122 36 9 124 52 4 126 83 2 127 31 16 127 32 30 128 29 0 128 54 15 131 45 4 131 55 16 132 65 25 134 43 11 142 32 29 142 99 6 145 12 10 145 18 30 145 78 23 147 65 8 148 67 5 149 70 16 149 87 19 154 59 19 155 53 9 156 29 30 156 73 15 157 44 30 158 21 26 159 79 18 161 57 20 161 90 31 162 41 4 163 18 2 163 76 8 165 50 5 165 89 6 171 91 5 172 100 6 175 12 5 175 14 14 175 97 11 176 97 6 177 36 16 179 20 9 179 33 11 180 84 25 181 22 13 181 84 14 181 88 4 181 95 11 183 68 26 183 78 3 183 97 10 184 46 22 184 85 26 185 29 4 186 76 6 187 19 10 188 70 5 188 87 19 189 35 15 189 55 22 189 74 27 190 32 17 191 77 24 192 82 5 192 99 18 193 18 18 193 29 12 194 16 20 195 30 18 195 44 25 196 46 20 198 12 20 198 31 5 198 34 27 199 32 13 199 33 11 200 14 9 200 20 28 200 94 12 201 28 23 201 84 15 202 13 19 202 68 31 204 12 26 205 22 29 207 76 17 208 0 12 208 55 20 210 0 23 213 21 24 213 43 16 213 58 31 215 74 24 216 38 19 218 45 29 218 68 9 220 25 4 220 70 10 221 17 31 221 56 6 221 60 0 224 98 11 225 75 7 225 77 12 225 94 22 226 57 16 228 62 27 228 78 28 229 32 26 230 24 10 230 65 29 231 68 25 231 88 0 232 18 15 233 2 27 235 71 17 237 64 6 237 80 2 240 11 26 240 77 14 243 1 31 245 68 3 247 52 17 248 39 22 252 57 25 254 32 11 255 37 5 255 52 16 256 6 28 256 33 28 256 66 10 257 6 3 257 75 19 257 86 2 258 68 12 259 51 30 260 0 21 260 4 19 262 20 22 262 92 0 264 73 20 265 55 4 265 72 5 265 96 9 266 84 17 268 46 5 268 74 11 268 76 14 269 77 9 270 3 11 270 90 3 270 92 27 271 21 21 272 83 5 273 0 13 273 6 4 276 55 3 276 93 14 279 64 5 280 7 4 280 82 20 281 93 12 284 13 28 284 69 13 289 15 28 290 20 22 290 29 25 290 98 27 291 10 11 291 43 14 291 81 25 292 6 8 293 70 31 294 76 24 294 95 4 295 7 11 295 40 17 298 56 15 298 71 5 298 91 23 299 91 17 301 9 17 301 61 24 301 61 25 303 25 8 303 51 26 305 74 1 306 79 14 308 20 21 308 88 15 309 18 24 310 56 30 312 7 10 314 1 15 315 24 31 315 72 22 316 19 8 318 78 15 320 14 22 320 41 9 320 82 15 321 26 14 323 77 21 326 34 28 326 83 6 327 15 8 329 87 6 330 9 17 332 11 28 333 3 28 333 40 13 334 31 3 336 69 1 338 5 12 338 45 21 338 68 26 339 29 9 340 6 21 341 86 28 341 92 13 343 11 5 344 93 22 345 24 5 346 54 5 346 87 10 347 56 11 348 20 29 349 44 19 351 50 10 351 89 19 352 74 30 353 99 9 354 59 3 354 90 3 358 4 9 361 44 5 363 44 14 364 7 1 364 40 0 364 55 16 365 41 28 369 91 10 372 55 11 375 97 5 377 45 4 378 37 16 380 70 20 384 7 19 384 76 18 386 4 27 387 30 9 387 55 21 387 66 10 388 14 27 388 32 7 388 78 20 388 88 0 388 90 27 388 98 29 389 46 12 389 61 11 389 76 18 390 19 14 390 54 20 390 90 25 393 31 6 394 62 7 394 63 17 395 41 7 396 4 25 396 22 19 399 99 22 401 25 11 401 61 6 402 31 25 402 54 15 403 77 14 405 16 8 405 94 6 407 6 17 407 53 7 407 84 20 407 87 8 408 23 15 409 51 12 410 0 20 411 4 24 411 49 29 411 54 27 411 70 5 412 55 8 413 30 23 413 87 2 416 84 6 416 87 1 416 88 4 419 49 14 419 66 26 420 2 9 420 19 6 422 8 3 422 53 23 423 57 28 424 26 3 426 58 26 430 29 11 430 86 27 431 40 18 431 56 14 432 63 15 435 60 0 437 8 22 437 48 13 438 31 2 439 64 8 440 56 1 440 62 25 441 47 5 441 70 1 441 75 5 442 5 12 442 50 29 443 40 6 443 91 12 445 14 6 446 80 4 447 80 30 448 14 7 448 74 25 449 54 14 449 71 2 451 33 11 452 69 7 452 76 10 455 85 9 456 49 13 457 97 24 458 12 28 458 34 7 459 100 9 462 48 13 462 79 19 463 4 5 465 21 31 465 30 17 465 52 13 465 73 24 468 30 24 469 37 4 470 77 29 471 12 21 471 93 12 473 55 25 474 3 17 476 28 17 476 57 10 479 5 26 480 15 21 480 33 26 481 31 8 483 34 9 484 60 21 488 85 9 491 39 6 491 93 22 493 30 11 493 83 25 493 84 12 494 98 22 495 66 20 499 96 24 500 65 1 501 95 3 504 38 15 507 28 0 508 4 4 508 43 14 508 51 6 509 99 18 511 20 22 513 19 18 513 22 18 513 37 26 513 53 22 513 82 19 514 43 0 517 85 20 519 18 11 520 18 6 523 87 9 523 93 1 524 26 25 525 92 3 528 63 8 528 92 25 529 12 2 529 36 10 530 4 19 530 61 13 531 83 22 533 50 23 534 30 19 536 38 25 536 93 27 538 67 3 540 26 21 541 96 7 546 67 0 546 87 20 551 11 5 552 23 11 552 74 22 554 96 10 556 5 14 557 12 2 557 30 14 558 33 26 558 85 12 559 100 1 561 14 11 561 18 4 561 72 15 561 98 6 563 42 9 563 58 2 563 92 4 564 31 22 565 84 8 565 89 28 566 4 11 566 80 6 569 82 13 571 3 3 571 17 8 571 39 20 571 44 26 572 46 13 575 58 22 575 88 29 576 34 30 578 57 9 578 62 6 579 55 8 579 77 15 582 1 15 584 66 2 588 5 31 588 6 27 588 16 19 588 85 2 590 62 16 591 6 8 592 33 12 592 41 0 592 71 22 592 93 7 593 47 25 594 6 6 595 83 5 596 27 31 597 54 30 599 28 3 599 56 23 601 32 18 602 0 7 602 7 5 602 82 25 602 100 13 603 52 1 604 58 24 604 69 14 604 79 7 606 68 0 608 17 12 608 19 14 608 56 17 608 88 16 610 41 20 610 60 19 612 80 14 612 81 0 613 67 3 616 33 11 617 31 26 617 72 12 618 50 9 621 52 21 622 8 5 622 64 31 623 49 8 623 90 25 624 33 14 625 19 20 625 36 22 626 37 2 628 56 5 628 100 4 629 75 3 631 77 3 632 46 0 632 50 17 632 72 16 633 84 27 636 32 1 637 15 8 637 41 26 638 51 21 638 65 4 638 85 7 638 100 8 641 7 3 642 57 13 643 26 25 643 62 15 650 24 13 652 80 31 652 86 3 654 77 0 655 4 19 655 44 8 655 56 16 656 29 21 656 52 10 658 31 18 659 57 12 660 45 29 661 10 31 661 40 5 662 0 19 662 18 14 663 9 10 663 72 1 665 79 21 666 5 0 666 73 19 667 39 2 670 11 29 670 38 8 670 92 13 671 19 31 671 56 0 673 94 8 674 30 27 675 19 28 677 11 4 677 21 30 679 58 16 680 61 14 680 83 13 681 54 29 681 90 24 683 69 17 686 75 0 686 76 17 687 9 8 687 44 1 689 53 6 689 55 3 689 71 1 690 66 13 692 61 10 692 92 27 694 54 23 694 85 11 695 51 21 699 9 0 701 68 28 701 75 28 703 52 31 704 71 10 705 46 5 706 93 18 708 17 26 709 90 11 711 46 29 713 67 16 714 25 11 715 20 7 715 35 21 715 63 22 715 92 2 717 96 11 719 86 10 720 2 23 722 21 16 723 26 6 723 92 26 724 52 14 726 40 12 726 56 18 726 77 1 727 99 19 728 68 3 729 46 10 730 53 3 731 59 23 732 43 30 734 0 14 734 3 6 734 36 19 736 20 3 736 65 24 736 72 4 738 0 21 739 18 11 739 37 9 739 93 30 739 99 30 740 61 14 740 96 9 743 29 13 743 49 6 743 96 29 744 85 23 750 81 17 753 32 21 754 25 8 754 80 15 754 92 2 755 46 18 755 68 26 755 91 23 756 12 8 757 86 20 759 92 24 761 80 2 762 17 0 763 10 4 763 30 13 764 16 27 764 38 13 764 41 31 764 78 21 765 58 1 765 73 11 767 1 20 771 21 28 771 89 6 772 66 3 773 54 9 773 79 14 774 2 23 774 66 17 777 46 19 779 95 21 780 67 25 783 5 2 783 23 29 783 56 2 784 31 4 784 79 31 786 46 20 787 63 21 790 29 20 791 1 4 791 72 3 792 48 12 793 2 9 793 12 4 793 54 16 794 34 20 794 42 3 795 75 2 797 87 31 798 86 0 799 19 20 801 73 8 804 19 11 804 93 31 805 35 31 805 63 11 805 73 2 807 27 11 807 60 12 810 35 26 810 89 6 815 79 19 816 33 31 817 96 10 818 29 10 818 45 13 818 81 12 819 11 30 819 70 6 819 78 11 821 45 8 821 57 27 826 18 29 829 44 26 830 93 25 831 3 13 831 60 20 833 28 14 833 63 15 834 90 0 835 74 23 836 88 16 837 9 26 838 19 21 838 56 11 839 48 28 839 88 21 841 91 23 842 64 9 842 73 25 842 80 30 842 86 27 842 90 11 845 22 10 846 30 12 847 71 11 848 20 0 848 98 15 849 21 16 851 73 2 853 5 19 854 44 16 854 88 22 854 90 5 855 29 14 855 70 3 856 14 20 856 38 7 857 50 14 858 42 31 858 98 15 859 23 20 861 12 8 861 73 29 866 50 2 867 33 21 869 20 7 869 58 10 869 58 25 870 87 14 872 44 26 872 99 15 874 52 16 875 32 13 877 68 15 877 87 28 878 11 10 879 23 31 879 27 31 880 48 22 880 98 25 881 48 16 881 70 15 882 81 23 883 47 30 883 63 18 883 88 14 884 94 3 885 93 1 886 9 8 886 96 25 886 97 29 886 100 26 889 10 25 889 100 22 894 25 21 894 45 14 894 72 30 895 28 30 896 3 8 896 6 7 896 99 2 897 72 21 898 14 25 900 73 0 901 63 29 901 82 8 902 88 28 902 99 28 903 20 31 903 60 13 904 16 4 905 13 13 905 36 11 905 65 16 905 75 4 906 48 18 907 13 26 907 72 23 908 63 5 910 93 1 912 26 8 912 58 9 913 7 7 914 2 1 917 41 14 918 23 22 918 59 31 918 89 26 920 87 9 921 66 8 925 4 24 926 51 28 929 52 6 929 89 26 933 85 5 934 15 27 936 14 20 941 38 18 941 49 4 942 10 10 942 69 22 943 32 14 944 91 6 945 72 16 946 0 21 947 61 14 947 94 27 948 84 22 950 98 29 951 55 6 955 67 9 956 43 10 958 20 8 959 14 28 959 19 7 960 11 18 960 37 3 960 77 7 961 53 12 963 6 28 963 14 7 964 15 20 965 25 29 967 13 12 967 53 8 967 58 23 967 66 1
246 867 0.0003 72 86 5 73 27 29 75 6 2 75 64 3 79 28 28 79 39 25 82 48 6 82 74 23 82 81 22 83 48 29 84 27 11 85 50 31 86 0 31 86 75 25 87 14 9 87 17 7 87 81 14 88 24 18 93 1 26 93 13 10 93 67 0 94 72 18 95 47 29 95 63 14 95 94 14 96 53 17 96 92 22 97 1 23 98 10 2 98 10 31 98 99 11 99 38 0 100 22 2 102 21 2 102 56 0 103 85 21 105 39 14 107 47 25 111 24 30 114 23 4 116 66 29 116 92 17 117 23 17 117 74 21 117 85 15 118 6 26 119 16 7 119 25 10 119 87 17 122 51 1 125 33 5 127 27 31 128 74 8 128 78 1 128 79 7 132 79 15 134 71 1 135 26 26 135 50 14 137 26 15 139 10 6 139 63 21 140 18 14 140 37 2 141 3 26 141 52 31 142 26 17 143 36 27 144 63 25 148 84 17 149 64 31 151 97 13 152 21 21 152 81 15 153 0 15 155 8 13 156 8 19 157 88 6 160 54 16 160 56 16 162 83 21 163 3 30 163 16 10 166 42 1 166 49 10 167 89 17 170 21 22 171 66 6 171 97 24 171 100 10 172 80 25 173 17 29 173 95 9 175 1 17 175 65 6 176 6 23 178 89 22 179 10 20 179 73 11 181 20 19 181 55 10 182 45 18 182 60 18 182 89 21 183 32 18 183 47 24 184 85 8 185 63 5 185 85 7 186 82 30 187 88 24 187 94 26 189 3 19 194 63 28 194 84 2 195 22 1 196 20 30 196 73 18 196 79 13 197 9 23 197 64 4 200 59 18 202 51 4 203 39 22 204 61 1 204 71 23 205 76 18 205 81 29 206 48 0 207 25 9 207 77 24 208 20 10 208 91 6 209 69 25 209 73 0 209 86 21 210 46 18 210 56 21 211 44 14 215 46 3 215 70 16 216 22 0 216 34 5 216 48 11 216 80 0 216 82 17 216 85 29 217 27 18 219 7 30 219 32 11 219 44 26 219 72 11 220 10 24 220 91 20 222 17 2 222 20 4 223 33 8 224 1 1 224 67 14 227 26 9 227 83 31 228 31 22 230 20 9 232 71 4 233 5 28 233 64 18 235 5 13 237 89 0 237 92 22 238 17 5 238 63 5 239 24 26 239 56 29 240 37 15 241 2 7 241 48 7 242 69 31 242 99 12 243 48 23 244 71 2 245 21 2 245 58 28 246 32 30 247 36 2 249 83 13 250 32 19 251 59 7 256 9 9 256 80 1 258 4 4 258 87 14 259 17 26 260 20 1 260 26 29 261 55 7 262 22 10 262 84 31 263 30 4 266 60 16 266 79 5 267 47 27 267 84 7 270 42 6 271 81 21 271 89 28 273 8 4 275 47 28 276 57 31 276 72 16 278 56 18 278 69 3 280 91 9 282 18 6 282 73 10 284 47 7 285 0 12 285 64 8 286 90 28 287 27 28 289 38 4 291 54 9 294 48 24 295 25 18 297 12 24 297 47 30 297 91 6 299 29 1 301 0 15 303 16 22 304 37 9 304 55 6 307 64 15 307 94 5 308 27 22 309 2 11 309 42 28 312 12 10 313 42 8 314 27 11 315 82 26 316 31 25 317 8 28 317 83 23 318 7 27 318 64 29 321 35 19 321 38 17 321 40 3 321 42 8 321 56 2 323 7 0 323 77 13 325 16 9 326 47 14 326 66 27 328 0 9 328 31 1 328 71 13 328 74 29 331 16 27 331 62 1 332 1 8 337 22 24 337 62 29 337 79 13 337 89 31 339 38 16 339 51 4 340 9 22 340 71 23 341 20 12 341 46 20 341 79 18 342 4 15 342 48 19 343 44 3 343 60 7 343 72 5 349 55 20 352 9 14 352 43 10 353 13 22 354 55 1 354 66 25 355 30 27 356 95 23 359 21 3 361 12 8 362 23 28 363 20 24 364 3 14 365 48 0 366 86 22 368 4 25 369 7 2 371 45 6 371 55 17 373 77 24 374 61 29 376 87 4 377 2 14 378 49 7 378 52 26 378 61 15 379 25 5 380 51 17 380 94 5 381 96 19 382 94 30 383 99 14 385 65 30 385 87 0 387 54 29 388 32 29 388 49 12 388 88 1 391 10 10 391 75 27 393 78 2 393 78 30 395 73 1 396 36 28 397 4 9 397 54 10 397 95 20 400 49 11 401 74 24 402 17 16 407 15 26 407 24 17 409 22 1 409 49 0 410 78 12 411 0 23 411 70 13 412 27 5 412 100 20 413 50 7 418 17 11 419 3 1 419 57 10 420 42 17 421 81 1 424 20 5 425 13 13 427 99 1 428 30 31 429 38 14 433 9 31 435 86 9 437 53 25 437 68 17 438 68 16 439 27 12 440 55 31 442 43 27 442 85 5 443 22 22 444 47 2 444 74 6 445 7 2 447 19 27 449 37 12 450 33 27 451 7 31 452 56 16 452 94 23 453 73 5 453 82 11 455 65 8 456 64 2 457 42 26 457 87 6 459 14 18 459 50 10 460 72 19 464 12 26 465 42 28 465 43 4 466 37 23 467 44 26 469 27 4 472 89 12 473 68 31 475 0 18 476 12 28 476 51 11 478 91 8 480 0 22 480 62 18 482 23 10 483 83 29 484 34 9 485 55 12 485 71 7 486 43 7 489 73 11 490 53 15 491 5 22 493 72 24 494 45 5 495 89 16 497 48 6 500 96 25 501 74 24 501 89 6 501 94 13 502 50 6 503 3 7 503 13 11 504 31 10 504 48 17 504 83 19 505 23 19 505 86 28 505 90 7 506 83 31 508 94 30 509 21 23 511 10 30 511 31 17 513 92 10 514 43 19 514 96 18 515 53 7 520 68 12 520 85 29 522 25 28 523 96 9 524 26 7 525 40 30 525 60 17 528 80 3 529 67 12 530 90 21 531 40 22 533 50 27 533 81 3 533 84 0 534 62 18 536 46 21 536 94 1 537 79 17 538 96 15 541 20 10 542 89 27 543 39 9 543 84 13 544 46 13 545 4 9 545 19 30 545 77 28 549 99 5 550 55 9 552 1 14 552 16 0 553 96 8 554 80 17 555 24 8 555 57 13 556 7 25 557 10 8 558 3 27 558 12 27 560 48 5 560 56 29 561 63 16 561 91 23 563 12 28 563 68 3 564 50 15 564 66 26 566 87 3 567 36 26 569 58 20 570 79 20 570 92 4 571 85 1 572 59 19 576 57 10 576 66 5 577 4 23 577 25 4 578 21 12 580 32 24 580 69 23 581 62 13 582 12 0 582 52 12 582 90 6 585 94 19 585 95 5 586 82 24 587 26 31 588 76 3 590 51 3 591 4 24 591 8 21 591 97 21 592 65 30 593 60 3 594 37 25 594 44 26 596 44 13 597 51 5 597 91 20 600 35 17 600 87 6 601 24 20 601 45 2 601 68 29 602 69 30 605 51 23 605 81 7 607 85 14 608 42 8 609 46 18 612 25 20 613 14 22 614 64 6 614 100 3 616 65 10 618 14 19 618 80 17 619 16 27 620 75 8 622 77 15 622 78 4 624 43 1 625 49 27 627 27 1 627 75 26 628 7 22 628 66 22 629 28 25 629 89 9 631 93 25 632 5 5 632 40 5 632 74 18 633 71 17 633 77 20 633 83 21 634 41 25 634 61 30 635 61 2 636 98 9 637 47 30 637 70 4 638 31 4 639 51 5 640 17 20 643 37 29 644 30 16 645 41 0 645 60 12 645 87 4 645 95 7 648 44 24 649 70 14 649 98 18 650 19 27 650 22 29 652 13 25 652 50 6 653 58 3 653 60 6 654 1 7 654 37 21 654 99 27 655 63 1 657 36 3 657 74 28 659 71 12 660 99 21 661 89 4 662 31 26 663 25 1 663 63 16 665 25 18 665 39 7 667 24 22 670 14 7 670 98 31 671 33 4 672 0 4 675 44 1 675 78 0 677 23 25 677 77 18 678 11 17 678 38 2 678 47 21 680 70 28 680 88 20 681 0 30 681 84 9 682 40 0 682 72 22 683 27 13 684 67 6 685 25 14 686 86 9 688 20 2 688 69 27 691 3 24 691 14 3 691 60 24 692 18 1 692 36 30 692 70 4 695 3 15 695 5 21 697 37 0 697 78 6 698 76 21 699 25 25 699 83 2 705 43 10 705 45 27 705 74 25 709 61 0 711 68 5 712 6 1 712 11 16 712 53 29 713 40 28 714 33 10 715 17 23 715 78 6 716 51 25 717 20 2 722 17 6 722 31 30 722 65 10 725 15 3 728 1 13 729 79 0 729 89 0 730 13 29 731 38 31 732 0 31 732 100 1 733 19 30 733 20 14 733 23 27 734 66 24 735 29 23 736 72 14 737 12 16 737 81 6 737 82 8 740 36 23 740 82 31 741 100 9 745 80 10 745 86 6 746 20 24 748 90 29 749 86 26 751 30 10 751 77 1 754 20 11 754 44 20 754 71 14 755 20 9 755 37 11 755 48 26 756 3 3 756 92 24 757 43 8 759 57 0 760 31 20 760 33 4 766 32 14 767 59 3 767 82 3 769 5 10 769 19 9 769 71 19 771 2 20 774 11 21 776 15 24 777 3 15 777 13 10 777 57 23 780 52 13 780 82 10 781 25 27 784 28 20 785 13 3 786 9 8 790 83 5 792 53 2 797 85 31 800 30 5 800 39 21 800 56 6 801 45 4 802 63 1 803 23 19 803 79 26 804 98 18 805 100 26 806 4 6 806 12 17 806 26 3 806 72 28 807 2 16 807 43 26 807 77 10 807 87 12 808 34 18 808 39 31 810 58 16 811 2 11 811 42 1 812 73 24 813 90 2 813 95 15 814 2 27 814 16 15 815 67 5 815 94 22 816 50 23 817 49 21 817 55 30 819 43 13 819 99 30 824 67 29 825 84 2 825 99 10 826 85 7 827 25 2 828 39 18 828 56 9 828 79 26 829 5 6 829 15 10 829 16 23 830 58 18 830 84 30 832 29 27 834 48 14 837 28 12 838 46 5 839 84 10 841 22 1 842 17 28 843 4 1 843 97 24 847 50 5 847 58 20 847 64 2 849 69 11 852 11 15 852 68 19 852 86 19 853 23 14 854 16 12 854 19 17 856 9 14 856 13 6 860 1 19 860 69 9 863 7 15 863 91 26 863 97 13 864 24 12 865 77 1 867 60 10 868 29 28 868 68 11 869 30 0 874 26 4 874 57 9 875 23 11 875 40 3 876 28 18 876 34 3 876 83 13 876 99 21 877 61 12 878 11 21 878 60 18 879 87 3 880 27 27 880 79 4 881 49 29 881 89 6 882 61 29 883 0 19 886 85 25 887 2 25 887 15 10 887 32 4 890 100 1 892 46 18 893 77 22 894 2 16 894 53 5 897 52 1 898 80 0 898 84 13 900 23 29 901 82 4 902 3 18 902 39 5 903 73 23 904 80 7 905 9 4 906 88 10 908 60 19 908 71 11 912 19 0 913 45 9 915 5 26 915 69 7 916 60 0 917 72 17 919 42 31 920 82 9 921 79 5 922 38 9 923 44 11 925 61 9 926 55 7 928 61 5 929 92 2 932 23 1 932 73 16 933 29 19 933 54 7 933 74 10 933 85 1 934 88 4 935 0 15 935 39 8 939 72 18 939 93 22 940 39 16 942 73 13 943 3 15 944 34 6 945 60 11 945 95 28 946 85 25 946 100 8 947 52 13 949 51 24 950 10 22 952 7 25 953 70 10 953 88 19 954 12 0 955 52 15 955 85 18 956 85 25 957 27 0 959 60 25 960 85 18 961 50 31 963 62 26 963 71 31 966 54 5 966 85 16 967 33 24
247 867 0.0003 73 36 15 73 88 13 74 15 16 75 91 25 84 28 7 84 95 10 88 27 3 88 41 5 89 56 29 89 82 8 92 68 12 93 44 12 94 50 20 95 36 31 96 13 0 96 21 9 97 12 9 97 35 19 98 29 5 98 75 30 99 13 19 99 28 15 99 35 5 99 38 20 99 55 24 99 92 29 100 92 23 101 0 26 101 5 16 101 42 16 102 99 4 103 28 15 103 43 28 103 56 2 103 87 17 103 90 3 104 86 11 105 45 7 105 92 17 109 47 3 110 33 16 111 44 16 111 88 17 113 89 12 113 98 14 114 49 25 114 86 18 116 6 0 117 2 21 117 81 22 117 82 29 117 96 29 118 9 6 119 62 25 121 78 26 122 11 14 122 65 22 123 11 20 126 40 5 127 53 24 129 54 17 129 60 5 130 1 30 131 54 9 133 8 10 133 12 21 136 15 20 139 28 20 139 56 19 141 24 24 142 84 20 143 7 19 146 14 25 146 33 9 146 56 1 147 65 25 148 93 16 148 100 31 149 33 17 150 41 23 150 46 29 151 41 27 151 80 13 153 99 16 154 32 23 158 9 23 158 20 20 161 90 8 164 33 26 164 43 16 164 43 31 165 39 19 165 51 4 165 54 12 165 63 9 167 100 26 168 13 22 168 35 5 168 67 24 169 95 3 170 17 15 172 7 17 172 32 1 172 47 19 173 44 4 175 11 7 176 55 25 177 70 26 178 72 10 179 54 24 179 62 3 181 59 26 182 48 27 182 90 17 182 92 27 184 96 7 186 87 11 187 8 11 187 8 26 187 15 25 187 22 19 189 0 13 189 8 21 192 7 19 193 16 15 193 19 4 193 83 14 194 15 9 194 69 22 195 27 3 197 30 2 197 38 14 199 97 21 200 91 9 200 96 9 201 45 14 202 38 17 202 73 18 203 28 26 204 16 29 206 29 1 206 54 8 207 25 6 208 20 23 209 14 24 209 22 14 211 23 7 212 24 4 214 86 29 216 37 0 217 59 0 218 91 20 219 27 18 219 41 13 221 39 1 221 47 26 221 50 5 222 41 15 222 65 21 223 83 27 224 23 20 224 75 6 225 50 1 225 100 28 227 9 13 227 69 2 227 90 13 228 69 6 232 3 22 232 9 14 232 83 10 234 37 16 235 45 28 236 20 7 237 70 11 239 86 14 239 87 14 240 79 0 240 90 12 241 27 19 242 47 5 242 62 27 246 2 29 246 77 20 246 83 17 248 37 19 248 58 11 249 5 0 249 28 7 250 57 11 250 80 0 251 70 30 252 29 30 252 76 15 253 10 8 254 63 27 254 100 27 256 94 4 257 41 20 257 92 20 258 11 12 258 65 29 260 86 7 261 33 14 261 99 1 262 60 4 263 6 20 264 14 4 264 74 20 264 84 31 265 30 21 267 10 14 268 70 26 268 72 18 268 84 19 268 98 12 270 85 17 272 11 20 273 42 2 273 90 13 273 96 11 275 23 6 275 47 24 276 68 28 277 36 29 278 41 17 279 61 4 279 74 24 281 59 26 283 61 22 284 35 12 284 52 28 285 21 26 287 68 5 288 7 0 288 14 0 288 40 5 288 83 0 289 52 4 290 47 21 291 47 7 293 11 4 294 24 18 294 58 16 296 3 17 299 38 11 299 80 20 299 82 10 300 13 13 300 85 22 302 8 6 303 4 30 303 26 1 306 41 11 307 39 25 309 26 8 309 49 7 310 59 0 312 83 9 316 11 0 316 57 7 316 93 18 320 33 27 322 34 6 323 26 12 325 20 23 325 55 6 325 57 7 326 45 23 326 50 17 327 13 18 330 73 28 331 55 1 332 13 6 333 4 21 337 20 22 337 85 3 338 33 0 338 47 6 338 99 16 340 16 7 342 65 8 343 14 6 345 33 29 346 87 25 347 26 6 348 33 31 348 48 3 348 66 24 350 3 20 352 13 18 352 28 5 352 46 9 352 57 9 353 6 23 353 66 5 355 17 17 355 64 16 356 6 24 356 25 5 357 96 27 358 90 15 360 61 30 361 70 21 361 96 26 363 11 20 364 76 30 366 23 14 367 38 28 367 78 16 368 38 8 368 52 8 369 63 3 369 64 29 369 89 21 370 46 29 371 83 26 372 59 21 373 29 9 374 99 29 375 82 31 376 11 17 377 86 6 378 48 9 378 66 6 378 88 3 380 16 8 380 18 20 382 24 4 384 22 11 386 18 22 386 67 18 386 85 17 389 67 3 389 69 15 391 18 24 393 87 19 393 95 26 394 52 7 395 55 9 395 87 14 396 45 25 396 57 1 396 93 24 399 79 7 400 24 18 401 48 7 402 22 16 403 42 0 404 27 26 404 33 10 407 30 25 409 9 27 410 3 0 410 19 10 410 58 10 415 1 12 416 45 22 416 83 14 417 47 22 422 37 15 422 53 6 422 84 30 423 46 16 423 58 9 425 31 14 425 93 12 428 59 31 429 46 1 430 81 19 432 52 6 433 14 14 434 90 21 435 36 10 435 36 17 435 64 24 436 39 16 437 71 3 437 77 8 438 23 4 439 91 16 444 54 1 446 80 23 447 5 16 448 79 25 448 89 31 449 36 13 450 84 1 454 94 28 455 42 30 455 90 3 457 92 25 458 20 27 459 5 6 460 59 4 460 77 20 461 78 5 463 89 13 464 59 25 466 100 6 470 40 12 470 87 8 471 63 29 473 43 21 473 85 30 475 21 9 475 31 27 475 64 11 475 77 1 478 23 9 478 32 2 479 98 5 480 37 23 480 47 14 482 2 10 482 6 14 482 78 13 483 49 17 483 56 2 484 31 4 485 16 22 485 28 10 486 22 11 486 100 24 487 10 10 487 61 2 489 8 31 491 81 17 492 3 8 493 63 16 493 90 13 494 74 1 495 1 8 495 91 13 497 33 13 497 48 18 501 10 18 501 67 30 503 10 7 503 17 28 504 17 19 504 25 4 504 45 7 504 45 11 506 91 26 508 33 14 508 48 31 509 60 24 511 77 5 517 10 26 519 49 24 519 56 30 521 9 10 523 86 25 526 33 17 526 70 10 527 79 24 528 2 25 529 38 28 529 98 25 530 60 2 532 91 13 533 17 3 534 85 9 536 33 19 536 80 26 537 32 17 537 78 5 538 98 29 540 36 18 543 12 4 543 37 3 545 44 23 546 47 26 547 62 11 548 70 5 549 49 4 550 27 28 550 97 17 552 99 30 553 32 28 553 61 0 553 81 9 555 69 3 556 14 4 556 55 19 556 77 19 557 11 29 558 72 3 559 87 11 560 96 29 561 42 21 561 85 16 564 48 22 564 64 5 567 65 14 568 38 29 568 58 7 569 90 4 570 81 13 571 37 20 571 68 29 573 36 26 574 24 18 575 75 19 575 92 27 579 30 24 579 93 30 580 93 2 583 38 4 589 72 30 589 77 16 590 51 10 590 87 17 591 14 8 592 15 12 592 34 31 592 35 9 592 68 22 593 35 0 593 76 30 594 44 5 595 13 9 597 81 20 597 95 11 600 94 4 602 19 5 602 60 25 605 81 3 607 7 2 607 46 18 610 25 25 611 16 19 614 44 7 614 87 28 617 88 25 617 97 16 618 46 11 619 72 0 620 60 30 621 73 5 624 49 19 625 78 27 625 79 18 626 95 8 627 13 23 630 60 6 630 71 5 633 30 13 633 68 29 634 37 30 637 46 1 638 25 29 638 69 21 641 64 4 642 34 13 642 38 18 643 63 27 644 19 4 645 8 1 645 53 15 648 7 27 648 20 19 648 74 10 649 63 8 650 3 7 650 52 8 651 38 1 653 27 8 653 32 10 655 15 18 656 47 10 658 97 22 659 5 23 660 35 31 660 55 1 661 100 12 662 25 30 663 44 26 663 63 29 664 100 6 665 14 17 665 53 28 667 34 12 667 62 24 668 31 21 669 52 17 669 97 13 670 80 23 671 30 19 671 76 10 671 80 6 672 26 23 675 26 18 675 65 29 679 54 13 680 53 27 680 94 25 681 84 20 681 86 24 682 34 19 682 85 28 685 51 24 686 46 4 688 28 27 689 85 11 691 74 22 693 24 9 694 89 0 694 89 4 696 65 25 697 84 22 698 10 29 702 23 26 702 28 6 703 37 8 703 38 31 704 2 23 704 48 9 705 48 3 705 79 28 706 44 1 706 78 22 706 99 30 712 95 26 714 32 10 716 10 14 718 41 17 719 38 10 719 55 5 719 64 9 721 4 12 721 45 1 723 42 19 724 40 6 727 94 2 731 26 8 733 95 27 734 52 28 736 13 17 736 42 13 736 50 19 739 86 22 740 27 7 740 50 1 741 3 9 743 20 6 743 39 24 743 75 6 743 81 8 744 77 9 745 31 18 745 40 17 745 100 29 746 71 11 747 28 16 747 37 24 747 62 10 748 2 25 748 7 30 749 6 5 749 39 2 749 93 22 751 71 21 752 8 8 752 12 13 752 41 22 752 63 9 755 2 8 755 57 16 755 89 18 757 72 22 759 60 30 759 75 6 760 38 20 761 99 16 762 76 7 763 71 19 766 35 22 766 51 3 769 63 24 769 66 31 770 33 13 771 24 19 772 26 27 773 87 16 773 89 25 774 74 8 778 71 11 780 84 25 780 88 6 781 96 19 782 81 26 782 85 30 783 42 11 784 68 26 787 50 23 788 65 30 791 29 3 792 69 23 793 76 5 796 16 0 797 68 5 798 52 31 800 55 9 800 62 6 801 22 1 802 0 17 806 1 1 806 46 23 806 63 1 809 13 22 809 81 5 810 52 3 810 68 10 811 34 27 812 18 25 812 64 21 815 26 12 815 89 24 816 95 4 818 11 22 818 49 13 823 100 1 824 89 4 825 90 26 827 91 3 828 73 5 831 76 21 834 42 5 835 80 14 836 13 24 836 15 31 836 91 1 837 1 16 837 31 21 837 90 5 838 8 31 840 24 1 840 54 0 842 10 15 843 23 7 843 30 2 843 75 3 844 10 6 844 65 0 844 92 17 845 63 11 845 73 6 845 98 3 846 3 18 847 58 16 847 91 25 848 34 15 848 76 16 848 82 21 851 47 11 851 69 24 852 53 15 852 76 30 854 82 15 855 36 22 856 22 19 857 41 11 857 66 20 858 33 1 858 45 11 861 74 21 863 60 0 864 22 31 864 74 10 864 85 26 865 30 0 865 62 15 869 28 0 869 63 20 871 18 5 871 47 21 873 50 20 873 70 1 874 32 15 875 69 0 876 83 8 877 26 9 878 15 28 878 33 11 878 59 11 879 8 15 879 20 8 879 77 22 880 32 26 880 37 17 880 88 15 881 17 5 881 61 27 882 36 9 883 24 26 884 60 3 885 59 12 887 84 21 887 87 18 888 76 21 891 4 18 891 49 28 892 41 23 893 89 23 894 38 13 896 63 8 898 13 9 898 65 8 898 100 31 899 88 25 901 49 18 902 100 15 903 7 28 903 57 5 905 39 2 911 3 20 911 9 7 913 28 14 913 40 13 914 36 11 916 41 31 916 59 27 918 39 0 920 34 19 922 8 2 924 27 20 925 19 26 928 16 10 929 56 26 930 44 31 930 46 7 930 76 27 931 68 14 932 2 11 932 30 11 932 70 4 934 25 30 936 40 15 937 0 6 937 24 1 937 69 19 941 64 1 942 84 23 944 22 3 944 63 30 944 88 20 945 41 27 946 13 5 949 11 13 950 9 20 950 50 9 950 65 29 957 4 22 957 62 1 957 82 2 958 0 1 958 45 0 960 9 9 961 29 31 963 65 15 964 1 20 964 75 30 965 76 6 966 5 1 966 11 19
248 867 0.0003 72 96 0 74 96 2 75 10 30 76 34 14 76 43 15 81 6 14 81 24 15 81 43 19 81 70 0 81 97 24 82 95 2 83 6 14 83 66 3 86 22 25 86 73 15 87 45 3 88 99 17 90 56 17 91 41 17 91 90 6 92 73 11 92 97 23 94 41 6 95 72 22 97 29 21 97 80 7 98 17 23 100 83 4 102 89 20 102 95 24 104 20 13 105 75 23 108 22 23 109 88 22 110 46 10 112 29 28 114 27 30 114 87 27 115 50 23 115 73 7 118 32 1 118 86 27 120 99 5 121 28 31 121 100 16 122 68 23 123 77 24 124 96 5 127 78 25 130 92 2 131 38 23 132 36 6 132 66 6 133 50 1 133 88 9 134 75 25 135 91 15 141 0 12 141 40 8 142 40 0 145 14 11 147 39 16 147 63 27 148 74 31 149 97 16 150 22 16 150 63 0 151 47 2 152 7 3 152 40 29 152 49 19 152 70 8 153 12 22 154 25 3 156 42 18 158 68 0 159 81 25 161 95 20 163 49 19 163 99 12 164 49 6 165 20 3 165 42 3 166 37 3 167 33 5 174 43 22 175 69 4 176 31 16 177 35 26 177 46 7 177 95 21 179 77 13 180 90 31 181 10 8 181 88 29 182 81 13 183 66 13 184 85 1 185 88 15 186 86 18 187 63 26 190 52 9 191 4 15 191 20 23 191 24 21 191 70 12 191 94 25 193 26 12 194 82 17 194 100 15 196 60 11 196 66 19 198 29 17 198 93 24 199 80 10 201 44 12 201 74 0 201 81 25 202 20 13 202 51 11 202 60 0 202 64 26 202 96 4 205 8 14 205 97 18 207 24 13 207 65 28 208 25 29 208 98 23 210 7 3 210 35 19 210 60 21 213 92 4 215 19 20 215 90 10 216 70 20 217 59 11 218 0 17 218 59 2 219 85 21 220 61 13 220 85 17 221 36 3 223 34 1 224 45 1 224 65 22 225 17 0 227 67 16 227 94 9 228 7 14 230 44 15 230 74 4 231 14 28 231 23 31 231 91 15 232 21 20 232 26 5 232 44 26 233 82 0 234 63 27 236 50 18 239 63 8 239 81 16 241 26 13 242 47 0 242 54 2 245 93 30 246 20 10 246 80 6 247 2 18 247 48 0 249 89 8 250 16 9 250 33 27 250 81 9 252 98 24 255 26 26 255 70 31 257 18 25 257 35 3 258 18 31 258 78 24 259 85 17 263 79 26 263 84 18 264 7 31 264 44 15 264 63 24 266 69 0 267 8 19 268 67 20 268 68 28 268 77 18 270 9 22 270 40 8 271 55 25 273 4 30 273 43 5 274 30 9 274 71 15 276 14 1 278 70 23 279 74 8 281 37 8 282 35 29 282 70 26 283 11 4 283 19 22 284 1 12 284 88 16 285 52 1 291 46 1 293 3 22 293 85 12 293 93 23 294 83 19 297 30 0 299 51 4 299 74 23 300 29 5 301 0 31 301 93 9 302 20 0 302 37 0 303 48 10 306 27 16 306 56 5 307 83 13 309 7 7 309 45 14 310 30 0 310 73 26 312 75 6 313 11 25 313 64 4 313 77 21 313 95 23 314 65 11 317 95 8 318 19 11 318 21 8 318 41 5 318 58 21 318 75 17 321 12 5 321 23 8 321 23 27 321 54 13 321 82 10 324 56 24 326 24 25 326 93 18 328 78 29 329 3 20 330 64 20 330 76 2 331 38 14 334 17 25 334 83 20 335 48 7 335 52 12 335 80 15 336 85 5 337 85 0 338 27 26 338 63 17 340 64 20 341 87 23 342 24 27 342 52 0 343 92 29 344 21 12 344 53 31 345 17 28 346 39 5 347 22 8 352 2 2 352 71 13 353 1 27 353 40 5 354 75 18 357 75 19 360 80 20 360 92 27 363 42 28 364 0 5 367 70 21 367 79 1 368 31 9 371 2 1 372 70 29 374 40 25 374 43 27 374 76 31 375 1 10 375 21 3 375 42 19 376 91 9 377 56 29 377 84 25 378 18 25 380 13 7 382 38 1 382 41 7 385 7 5 385 13 7 388 84 16 388 96 14 389 32 27 389 61 27 389 71 19 389 95 10 390 10 11 390 15 0 390 66 2 392 36 14 394 55 10 394 98 11 396 25 6 398 35 4 401 6 30 401 69 9 403 24 9 404 1 18 405 67 29 405 79 5 408 14 14 408 55 28 410 38 21 411 99 18 413 23 17 413 40 21 414 26 15 417 5 4 417 19 19 420 44 22 420 63 12 420 86 30 421 10 18 421 28 15 421 47 15 426 4 24 426 90 12 426 91 21 428 34 11 429 50 1 430 59 24 431 5 20 431 7 23 431 40 13 431 55 2 431 90 14 432 4 14 432 25 27 435 21 30 435 70 19 435 76 15 436 100 11 437 74 31 438 40 20 439 7 27 439 60 31 439 79 16 440 60 18 442 74 20 442 87 9 442 92 30 443 13 23 444 51 30 447 21 11 447 37 13 450 72 14 451 54 26 451 76 8 456 24 23 456 42 16 456 71 17 458 91 30 459 99 18 460 50 29 461 0 30 462 53 20 463 23 10 463 85 12 463 89 12 465 7 15 469 95 19 470 53 31 470 57 6 471 69 13 472 14 10 472 29 1 473 4 4 473 7 18 473 23 13 475 37 7 475 38 11 476 25 4 479 71 16 480 46 30 480 50 17 480 63 26 480 88 5 483 24 8 483 55 28 483 82 17 484 8 4 484 55 20 485 22 12 486 6 18 487 65 20 488 50 8 488 58 31 489 48 13 490 70 15 491 27 18 491 33 29 491 55 9 491 75 23 492 31 21 492 69 11 493 46 6 495 18 20 495 38 11 497 31 11 497 54 15 498 69 4 498 80 28 499 2 8 499 58 7 500 46 2 501 54 5 503 41 7 504 83 17 506 52 2 507 81 13 510 3 22 514 29 27 514 69 0 514 100 18 515 1 31 515 80 30 515 86 26 517 76 22 517 84 31 521 22 7 522 10 8 526 29 5 526 40 7 527 54 8 528 65 1 529 96 4 532 74 31 533 41 28 533 56 26 534 0 30 535 48 16 535 94 17 536 55 17 538 38 13 539 80 8 540 5 18 540 67 9 543 15 9 544 68 2 545 26 22 545 37 2 548 74 26 548 76 5 549 31 6 549 87 27 554 3 1 554 34 0 557 58 30 560 57 31 561 14 28 561 27 18 562 52 14 562 99 15 563 5 23 563 30 4 563 65 31 566 42 30 566 60 1 568 34 13 568 53 11 568 83 8 569 62 18 570 9 8 570 17 16 570 19 25 570 57 15 571 3 1 571 32 12 571 51 24 575 62 16 577 18 8 577 32 2 577 52 13 579 95 11 580 73 28 584 90 0 585 71 21 586 66 6 587 22 14 587 50 6 587 99 24 588 65 9 588 82 12 589 80 9 590 23 11 590 31 1 590 96 25 591 45 17 592 90 21 592 97 16 595 58 22 597 27 31 601 26 28 601 30 10 601 82 25 602 90 15 605 45 11 605 80 4 605 87 2 605 91 17 609 94 29 610 60 8 612 70 12 612 85 21 613 93 6 614 29 26 616 24 7 616 57 9 622 18 13 622 44 16 623 26 19 623 45 25 624 80 29 625 53 25 629 88 14 630 22 11 631 75 11 632 31 8 632 47 24 632 83 12 635 4 31 635 54 21 636 79 2 636 84 9 637 45 8 637 94 24 639 14 28 639 22 8 639 87 8 641 29 29 641 64 8 643 1 10 643 4 5 644 62 18 646 27 26 647 98 24 648 2 30 649 78 25 650 25 6 650 53 20 650 57 14 652 31 3 652 64 0 653 27 7 653 47 15 653 99 8 654 14 19 657 33 22 657 81 29 658 94 2 660 31 0 660 51 30 660 56 0 661 92 28 663 72 15 666 42 15 667 57 14 669 74 26 670 8 9 671 35 27 671 95 24 672 99 29 673 88 17 674 64 16 675 74 18 675 84 24 677 14 31 679 99 12 680 48 0 682 67 21 684 9 1 685 4 8 685 19 7 686 36 21 688 60 24 689 1 14 689 49 22 691 51 15 692 2 12 692 56 12 694 54 25 694 89 21 695 32 19 696 28 22 702 63 25 703 33 20 703 61 0 705 87 5 706 99 29 708 23 26 708 37 11 708 43 17 710 39 15 710 52 31 711 5 1 711 53 7 711 75 5 712 78 23 713 26 31 715 41 4 715 68 13 716 95 12 718 15 29 718 30 17 718 76 5 719 8 14 719 65 7 719 98 4 723 24 13 724 11 10 724 34 22 725 52 27 726 62 4 726 98 7 728 49 30 728 60 14 729 15 9 730 1 31 730 73 1 731 15 18 731 37 24 733 24 5 734 21 8 734 37 28 735 65 27 736 2 28 737 81 9 740 13 9 742 15 17 742 42 5 742 83 12 742 99 6 743 10 20 743 23 14 743 95 17 747 75 25 749 72 12 751 30 23 752 1 6 752 45 9 754 85 29 755 8 1 755 12 29 755 53 18 755 78 16 756 58 17 756 80 22 756 86 0 757 25 20 757 32 31 757 38 0 757 42 11 758 93 17 758 99 7 759 46 30 760 12 10 761 40 6 761 80 13 763 70 0 766 87 7 769 63 22 770 0 3 772 79 11 772 84 15 772 87 24 773 54 9 776 17 9 779 17 21 779 46 21 783 63 31 786 6 3 786 29 8 786 62 29 786 85 26 787 9 21 787 24 25 787 82 7 788 42 20 788 70 13 789 43 25 792 34 21 793 5 5 793 72 7 794 31 18 795 45 6 795 48 29 797 13 4 797 70 23 800 50 1 802 87 8 803 14 6 803 87 16 805 91 5 808 85 0 809 67 10 809 72 10 811 41 15 812 8 6 813 8 4 814 12 1 818 10 8 818 21 14 819 14 22 820 23 20 820 27 6 820 49 11 822 0 29 824 5 9 824 60 30 826 14 6 827 34 8 828 23 26 829 14 19 829 25 31 830 72 4 832 20 7 834 58 16 834 79 6 835 14 9 835 43 0 835 69 24 838 19 16 838 22 22 839 65 16 841 44 0 842 19 4 843 71 31 843 94 31 845 13 1 845 43 0 846 34 19 848 25 27 849 34 3 850 16 13 852 51 23 852 84 15 854 3 24 854 67 5 856 34 27 856 65 23 857 45 5 858 6 24 860 34 23 860 62 1 863 47 8 864 19 25 864 99 20 865 19 27 865 35 10 865 44 3 866 4 2 867 14 19 867 50 16 868 26 12 868 65 20 871 1 10 871 23 22 872 72 28 872 82 22 872 97 1 873 46 23 874 23 16 874 69 19 876 72 3 877 34 7 878 41 29 878 48 28 878 94 0 881 74 6 882 52 8 882 74 11 884 20 22 885 65 26 886 0 13 888 90 18 888 94 18 891 62 1 892 39 5 892 51 3 893 7 30 893 92 24 895 20 9 897 55 31 898 93 30 899 37 3 900 53 28 902 40 24 903 2 20 905 28 14 905 65 20 907 91 16 910 38 31 912 17 29 915 50 3 915 91 1 916 3 4 917 16 12 917 71 1 918 42 0 920 0 31 920 34 22 921 36 17 922 32 3 924 50 16 926 15 25 926 34 6 927 14 10 929 92 10 931 5 18 931 50 22 932 87 27 933 23 8 936 67 21 939 20 22 939 54 5 939 86 5 939 95 19 941 46 31 941 65 16 945 35 27 945 70 18 945 78 0 945 85 28 945 90 12 946 40 18 946 83 11 948 44 22 949 78 15 953 83 2 955 2 16 955 71 21 956 28 27 956 30 16 956 95 25 957 54 4 958 84 4 959 32 26 959 61 13 961 17 10 965 14 12 967 93 18
249 867 0.0003 75 69 22 76 81 23 77 1 27 79 40 2 79 43 12 79 97 9 80 15 31 80 83 25 81 2 5 81 20 20 81 48 7 82 81 1 83 61 2 84 55 18 86 39 26 86 66 28 88 51 22 88 88 9 89 64 3 89 78 1 90 5 23 92 25 8 93 56 25 95 13 0 95 94 1 95 98 6 96 45 4 98 99 0 99 86 1 101 52 4 101 61 23 102 46 0 102 87 6 103 38 3 103 53 16 103 73 15 104 53 7 106 12 17 106 78 5 107 47 19 108 92 10 109 41 21 109 62 4 110 96 7 111 42 13 111 59 5 111 71 0 111 71 22 111 98 0 114 18 29 114 73 16 115 25 12 116 52 30 118 88 0 119 3 1 119 94 18 120 13 3 120 38 10 121 15 3 121 42 26 121 47 30 122 31 17 122 60 12 124 28 12 126 18 15 127 19 30 129 84 6 130 29 9 130 40 13 132 40 26 133 70 0 133 83 0 134 6 8 135 6 11 136 22 18 138 20 13 138 26 2 138 26 15 140 38 24 140 51 14 142 9 5 142 23 27 142 92 20 143 8 11 143 14 25 144 38 26 147 13 20 148 2 21 149 7 28 149 67 8 151 23 30 151 46 7 151 49 31 152 46 25 152 69 8 152 97 26 153 30 4 153 33 4 154 44 28 154 61 0 155 4 9 155 59 17 155 99 15 157 79 31 161 35 22 162 6 24 164 98 5 165 67 19 166 99 10 168 85 14 170 66 3 171 40 20 171 55 1 171 75 17 172 91 23 175 87 29 176 85 22 177 41 11 178 47 29 179 22 19 179 69 23 179 88 30 180 23 17 180 34 0 180 38 30 180 66 5 182 87 29 183 36 1 185 2 22 185 34 26 185 49 10 185 56 14 187 10 14 189 72 7 191 59 5 192 81 10 192 87 20 193 23 7 193 97 29 194 54 12 194 91 25 197 98 8 198 61 16 198 63 6 200 22 28 200 28 11 200 33 10 200 50 5 200 51 20 202 26 6 202 65 0 202 67 13 203 94 24 204 85 14 206 18 9 206 57 17 207 23 21 207 27 10 207 37 14 207 64 21 208 44 29 209 31 21 211 58 6 212 20 25 213 4 2 213 55 9 214 99 16 215 10 3 215 25 13 215 46 24 216 35 3 216 51 19 217 36 4 217 82 3 219 95 15 220 5 14 221 66 3 222 27 3 223 100 28 225 41 19 226 24 6 228 33 30 229 30 26 230 47 12 231 12 31 235 98 27 238 35 10 238 53 26 239 4 26 239 60 31 244 91 4 245 3 15 248 53 1 250 100 7 251 63 25 251 70 25 252 23 6 253 20 1 253 98 21 256 34 31 256 37 11 257 16 16 259 76 2 261 88 12 262 50 22 264 98 29 265 26 7 265 37 17 265 77 10 265 96 19 266 0 12 266 38 0 266 63 10 268 10 14 268 32 11 268 90 28 270 12 3 270 83 6 270 83 17 273 2 27 273 61 3 274 31 26 274 52 6 276 88 2 277 19 28 277 92 30 278 32 4 278 98 7 279 7 9 282 34 16 283 2 21 283 37 4 285 2 2 288 24 27 288 93 19 294 57 19 297 73 9 299 27 0 300 64 25 300 77 22 301 4 16 301 5 24 305 27 15 305 29 18 306 3 8 307 53 5 307 55 8 307 61 1 308 95 2 312 85 24 313 92 30 315 3 0 317 1 22 318 40 7 318 66 4 321 37 4 324 20 23 324 97 29 325 87 6 326 78 15 327 26 23 329 81 15 330 22 28 334 66 8 335 34 27 335 90 23 335 92 30 337 52 24 338 68 3 339 1 19 340 17 27 340 50 25 340 62 7 341 12 0 341 36 8 341 72 12 342 40 7 344 27 24 344 75 10 345 49 29 346 18 15 346 41 31 347 47 22 348 82 29 348 83 6 349 34 0 349 91 31 350 96 17 353 7 18 354 43 27 355 24 31 355 82 8 356 53 0 356 73 22 358 51 2 364 48 19 366 55 1 366 62 23 367 44 19 368 22 28 368 44 5 369 45 7 370 2 23 371 5 24 372 19 22 373 14 30 373 87 14 374 98 27 375 56 10 376 94 16 377 77 15 378 66 16 379 34 1 380 48 10 380 87 0 380 87 31 381 53 14 383 12 8 383 94 17 389 58 24 390 27 5 390 69 24 392 6 10 392 50 3 392 51 1 393 46 10 393 81 7 394 5 18 394 62 21 398 31 21 400 65 7 400 100 4 401 19 31 402 25 11 402 63 11 403 41 4 404 56 28 406 75 5 407 32 29 409 29 11 409 97 26 411 94 15 412 56 16 412 60 15 414 48 12 414 51 27 416 20 11 416 48 31 416 74 3 417 8 0 417 23 16 417 24 0 421 28 2 422 76 8 423 89 14 426 73 10 427 68 4 428 37 10 429 16 17 431 79 23 432 44 22 432 56 7 433 9 28 433 89 27 434 27 9 435 5 3 436 57 3 436 76 20 438 69 1 439 84 25 440 54 22 441 61 28 442 39 7 451 91 19 453 60 20 453 99 31 454 50 4 455 54 25 455 86 16 459 56 7 459 93 13 461 54 19 461 98 28 462 34 17 463 8 3 464 95 31 465 0 2 466 55 21 467 7 15 467 8 0 467 51 11 468 42 13 469 61 13 469 82 13 471 94 25 472 27 15 472 59 30 472 100 2 473 40 6 473 48 16 474 39 19 478 70 30 479 22 1 479 22 26 479 61 7 479 92 19 481 1 24 481 35 31 484 93 2 485 69 29 487 41 18 487 71 31 488 76 24 489 67 0 489 85 9 490 2 0 492 34 3 492 42 22 492 79 16 493 23 10 493 86 27 496 37 0 498 94 2 499 89 15 502 62 4 502 72 16 502 96 24 503 52 14 504 79 4 505 14 26 505 87 28 505 91 29 507 22 22 508 68 1 509 29 28 511 59 31 511 97 6 512 11 7 513 60 0 517 75 6 517 81 10 519 45 12 519 52 3 520 93 25 523 41 21 523 75 6 524 58 29 527 90 3 528 78 24 528 97 9 529 12 7 529 53 4 530 32 17 530 91 16 533 55 5 534 0 10 534 67 9 536 6 16 537 57 19 538 50 8 539 34 6 539 65 30 540 94 27 542 12 9 542 53 30 545 77 31 546 31 29 547 10 19 547 32 8 547 52 3 548 29 8 548 29 22 548 45 22 551 89 14 552 67 2 552 85 12 553 9 7 554 37 0 555 59 12 555 59 24 555 64 17 555 88 26 556 52 3 556 58 7 557 17 0 557 83 5 559 13 10 559 89 7 562 15 20 563 57 30 564 11 19 565 37 9 566 55 6 566 69 23 567 0 8 568 14 29 568 70 1 568 78 11 568 82 11 569 7 14 570 75 5 571 15 9 573 40 15 573 98 14 574 22 8 574 62 4 576 71 15 580 38 23 581 66 2 585 61 25 585 70 17 588 64 19 588 95 25 589 31 31 589 36 11 590 47 4 590 77 7 592 48 10 593 70 5 595 31 23 595 35 31 596 50 0 596 58 22 597 73 28 600 49 6 601 93 25 603 23 26 603 62 13 604 10 21 605 24 5 607 59 26 608 4 9 608 6 27 608 76 4 612 9 8 614 36 15 614 47 2 615 8 24 615 15 23 615 87 5 620 70 17 620 81 22 622 47 28 623 89 23 625 5 31 626 69 20 626 83 26 627 97 2 628 39 3 630 65 8 631 25 6 631 44 11 631 62 26 631 92 1 632 77 6 637 24 16 637 79 25 638 69 9 639 39 9 641 58 11 642 78 4 644 2 22 644 5 14 644 80 8 644 80 29 646 12 17 646 34 5 646 54 18 649 26 0 649 26 7 649 81 16 650 13 15 650 61 27 652 24 10 653 77 2 653 98 2 654 27 29 654 51 7 655 93 23 656 38 1 657 38 1 657 94 11 658 41 30 658 81 25 659 78 17 660 40 20 662 49 8 663 14 20 663 49 14 664 18 26 666 63 10 671 17 23 671 64 13 673 2 1 673 17 27 673 99 10 678 8 5 679 75 22 684 82 21 685 2 0 685 38 21 686 27 21 686 38 24 686 92 11 687 31 24 687 97 29 688 58 31 689 2 2 689 49 23 689 67 13 690 55 23 690 94 3 691 67 29 695 62 15 696 16 8 696 22 7 698 71 13 703 54 31 704 91 3 705 2 19 708 54 5 709 80 25 710 42 31 712 27 0 712 73 2 714 6 1 714 9 14 714 86 28 714 95 20 715 1 20 717 80 25 718 2 0 718 82 18 719 32 12 721 89 18 721 99 16 722 47 2 722 48 17 724 57 30 724 100 7 725 7 15 728 45 7 729 19 6 731 20 20 731 96 18 732 7 26 732 55 13 735 16 12 735 34 5 736 11 23 737 46 17 737 56 20 737 81 24 738 95 15 739 25 29 739 30 30 741 69 14 741 93 7 742 80 22 742 96 29 743 47 23 744 59 15 745 85 0 745 95 2 746 4 22 746 25 27 746 42 9 747 87 9 750 93 27 750 99 8 751 47 18 751 56 16 752 73 6 753 86 25 754 84 13 755 50 0 756 8 3 756 52 5 756 91 12 758 10 8 759 8 18 759 31 0 760 72 23 761 49 7 763 46 9 763 94 9 764 34 26 764 63 6 765 54 2 766 74 15 767 30 14 768 30 15 768 74 6 770 27 24 770 76 14 772 47 17 772 92 17 773 36 29 773 64 0 773 80 7 776 16 18 777 90 17 780 54 14 780 88 10 782 32 2 783 18 5 786 81 31 788 89 14 789 81 21 790 16 19 790 31 15 790 78 13 791 23 29 791 73 8 791 100 0 792 74 5 793 97 23 794 21 8 796 23 15 798 37 30 798 91 31 799 1 26 799 53 13 801 6 3 801 84 26 803 66 3 803 97 24 803 100 5 804 52 16 805 64 31 806 77 14 808 11 25 809 27 30 810 7 7 813 86 5 815 2 8 817 74 5 819 9 30 819 77 2 820 54 23 820 85 15 821 97 26 822 38 11 822 41 9 823 34 21 823 75 20 828 49 26 829 6 0 829 89 14 830 4 13 831 29 1 835 14 23 835 25 29 835 65 13 835 68 3 836 68 8 837 71 16 839 25 11 839 71 29 839 79 19 842 95 7 843 27 20 844 82 31 845 12 6 846 56 8 846 71 2 848 45 2 851 57 12 852 16 22 852 26 6 853 7 14 853 91 16 855 76 17 855 89 17 859 35 31 860 26 11 860 66 30 861 53 19 861 91 23 864 84 31 865 12 3 867 60 23 871 55 24 872 37 18 872 79 10 873 74 2 874 61 16 875 62 24 878 96 18 879 38 25 880 11 9 881 4 8 883 58 22 883 61 25 885 3 16 885 30 20 886 87 0 887 18 12 887 80 12 889 52 24 890 72 29 891 74 21 892 76 0 893 7 13 893 65 3 894 70 30 895 82 22 899 31 25 900 23 30 900 49 3 902 61 24 903 45 19 903 76 23 903 92 13 909 51 31 910 28 6 912 78 20 913 83 14 915 53 31 915 60 3 915 69 12 916 53 2 916 61 29 918 43 31 921 27 25 921 45 2 922 4 14 923 40 3 926 50 21 926 66 16 927 17 4 931 16 8 932 42 24 933 93 8 935 35 15 936 51 19 936 97 3 937 2 8 937 55 10 937 82 26 938 11 3 938 13 5 939 72 22 941 26 6 941 64 18 941 80 0 946 1 13 946 68 22 949 71 8 950 30 31 950 38 18 952 70 19 954 69 9 955 51 24 955 74 3 955 74 25 956 52 2 956 86 16 958 36 3 959 30 19 961 11 31 964 23 15 964 33 14 965 4 29 965 68 10 966 69 13 967 96 20
250 2891 0.001 72 3 5 72 9 29 72 30 14 72 44 22 72 74 24 73 10 25 73 37 6 74 34 23 74 67 1 74 79 3 74 83 4 75 75 14 75 87 28 76 39 1 77 3 23 77 32 25 77 47 7 77 66 1 77 66 31 77 67 18 78 0 28 78 37 8 78 69 8 79 11 5 79 41 26 79 42 15 80 63 1 80 68 17 81 6 1 81 33 11 81 44 28 81 87 12 81 98 17 82 46 10 82 78 18 82 90 1 83 7 31 83 8 6 83 40 9 83 42 17 83 47 9 83 75 21 83 88 5 84 32 16 85 30 16 85 68 10 85 98 11 86 0 3 86 74 9 86 91 2 87 35 28 87 60 21 88 40 26 88 44 8 89 39 12 90 5 30 90 8 28 90 36 15 91 52 1 91 66 11 91 78 3 92 39 25 92 44 6 92 67 10 92 83 11 92 85 22 93 7 10 93 29 17 93 38 28 93 84 2 93 84 18 94 14 30 94 69 19 95 34 5 95 43 7 95 54 28 95 95 21 96 32 28 96 42 1 96 42 22 96 54 31 97 7 10 97 8 30 97 65 20 97 72 20 97 77 19 97 81 0 98 24 29 98 47 12 98 47 28 98 94 9 99 1 31 99 31 9 99 55 21 100 78 3 100 94 11 101 4 23 101 14 16 101 47 28 101 63 6 101 84 10 102 21 31 102 49 16 102 67 0 102 88 1 103 36 8 103 48 3 103 52 25 104 34 25 104 98 13 105 7 31 105 23 24 106 15 5 106 19 19 106 36 31 106 58 11 106 68 0 106 77 31 106 91 10 107 7 27 107 76 26 108 37 18 109 54 4 109 55 29 110 11 16 110 56 9 111 33 30 111 35 26 111 36 27 111 38 20 111 99 16 112 46 25 112 64 4 113 4 5 113 39 29 113 55 28 113 68 16 114 5 21 114 61 5 114 95 7 115 43 15 115 66 21 115 78 23 116 63 20 117 27 19 117 32 0 117 38 6 117 75 1 117 78 12 118 40 11 118 70 9 118 87 18 118 92 18 118 93 29 119 18 6 119 62 16 119 79 24 122 54 27 122 84 13 122 94 2 122 100 26 123 66 28 123 67 1 123 82 23 123 100 18 123 100 24 124 6 5 125 25 17 125 33 23 126 53 11 126 69 7 126 73 31 127 57 27 128 19 31 129 35 7 129 70 27 130 66 21 130 77 26 130 90 4 131 10 27 131 21 1 131 47 24 131 76 7 131 78 10 131 97 31 132 6 15 132 10 22 132 28 14 132 56 8 132 80 13 132 88 0 133 17 2 133 20 15 133 100 21 134 10 8 134 18 0 135 39 31 135 45 25 135 68 7 136 40 17 136 51 24 136 56 16 136 59 20 136 71 14 137 42 9 137 50 7 137 73 11 138 29 2 138 78 20 138 100 22 139 9 29 139 57 19 139 59 11 139 78 15 140 25 20 141 0 13 141 18 14 141 22 31 141 50 16 141 83 31 142 15 1 142 35 3 142 58 12 143 6 25 143 85 13 143 89 4 143 93 8 144 19 11 144 94 18 145 32 14 146 20 2 146 23 8 146 47 1 146 93 6 147 1 26 147 25 12 148 23 10 148 32 29 148 58 22 148 64 17 148 72 12 148 87 4 148 93 20 149 72 1 150 8 15 150 21 10 150 30 9 150 35 24 150 47 2 150 49 9 151 26 21 151 64 1 151 65 25 152 5 29 152 27 10 152 30 13 152 92 26 153 18 31 153 71 15 153 84 0 153 100 11 154 23 31 154 44 16 154 46 1 154 74 20 155 56 28 155 78 27 156 15 1 156 25 3 157 0 9 157 55 25 157 56 31 157 76 20 158 41 9 158 61 11 158 78 5 158 100 26 159 9 22 159 58 7 160 52 8 160 52 16 161 55 0 161 74 8 161 77 9 162 27 7 163 26 13 163 34 9 163 64 24 163 73 7 163 76 2 163 85 15 163 90 2 164 42 12 164 59 18 164 75 31 165 3 21 165 54 14 165 88 12 166 0 21 166 2 2 166 28 12 166 47 11 166 48 18 166 64 14 166 75 20 166 85 21 166 97 12 167 17 29 167 63 17 168 13 3 168 14 1 168 19 5 168 44 31 168 87 28 168 97 31 169 6 13 169 35 16 169 59 7 170 12 0 170 55 25 171 3 8 171 34 28 171 41 19 171 47 20 171 54 17 171 59 6 171 96 21 172 36 28 172 47 20 172 95 16 173 35 8 173 37 28 173 44 26 173 45 12 173 67 3 173 83 16 174 33 1 174 34 13 174 36 12 174 51 9 174 77 4 175 31 16 175 63 10 175 90 24 176 5 19 177 7 25 177 58 30 178 20 6 178 23 2 178 36 31 179 19 15 179 69 21 179 76 1 179 96 3 180 18 10 180 55 21 180 75 17 181 22 7 182 23 15 182 34 1 182 45 4 182 59 6 182 86 11 184 58 12 184 61 17 184 76 28 185 5 22 185 25 25 185 50 9 185 56 7 185 62 5 186 30 11 187 11 9 187 56 7 187 91 13 188 14 22 188 21 21 188 25 6 188 27 14 188 62 27 188 79 8 189 0 18 190 26 14 190 38 3 190 48 11 190 66 20 190 78 17 191 73 6 191 92 26 192 14 11 192 14 26 192 75 27 192 91 6 193 31 17 193 34 15 193 63 8 193 69 24 193 97 12 194 40 9 195 14 29 195 99 28 196 21 30 196 26 28 196 63 0 196 74 28 196 82 18 196 84 10 197 26 18 197 95 25 198 12 24 198 48 8 198 75 28 199 46 8 199 52 13 201 65 4 201 76 13 202 16 29 202 36 7 202 51 31 202 65 12 203 14 31 203 36 18 203 48 22 203 48 26 203 77 30 204 30 21 204 34 13 204 54 22 204 72 11 204 83 31 204 84 22 204 94 30 205 7 8 205 19 29 205 36 29 205 39 8 205 59 18 205 64 25 206 69 26 206 85 21 206 87 23 206 93 19 207 14 2 207 19 6 207 35 1 207 39 10 207 45 0 207 64 10 207 65 4 207 66 8 208 62 18 208 73 0 209 56 17 210 9 24 210 26 24 210 41 5 210 68 3 210 87 3 211 32 11 211 42 20 211 46 13 212 1 21 212 4 8 212 21 18 212 41 8 213 16 14 213 27 3 213 30 5 213 30 23 213 53 23 213 54 6 213 64 20 214 23 2 214 48 0 214 52 14 214 55 11 214 59 8 214 90 4 214 94 10 214 94 30 215 27 30 215 32 17 215 45 24 215 54 29 215 76 20 215 92 24 216 27 27 216 31 24 216 77 24 216 81 10 216 92 8 217 31 14 217 51 17 217 61 3 217 62 14 217 96 19 218 53 6 218 80 8 219 7 17 219 47 3 220 77 20 221 37 9 221 41 4 221 71 18 223 3 6 223 17 16 223 62 19 223 79 10 223 80 3 224 28 20 224 59 31 224 61 29 225 11 25 225 34 19 225 68 28 225 80 28 226 50 9 227 40 28 227 94 20 229 3 0 229 37 16 229 66 24 229 93 2 231 57 27 231 70 5 232 14 27 232 29 14 233 29 27 233 77 11 233 100 23 234 2 25 234 7 28 234 40 31 234 55 23 234 62 17 234 74 31 234 84 28 235 29 28 235 55 15 235 81 0 235 94 16 236 2 24 236 20 23 236 35 13 237 12 3 237 24 10 237 39 22 237 54 22 237 67 26 237 76 21 237 85 2 237 85 28 238 17 12 238 33 8 238 41 1 238 46 0 238 69 10 238 74 27 238 81 29 239 39 6 239 39 12 239 42 20 240 20 17 240 45 28 240 48 29 241 21 1 241 31 7 241 32 28 241 77 4 241 85 12 242 9 7 242 25 24 242 49 6 242 57 10 242 66 16 242 69 0 242 99 18 244 7 1 244 92 28 244 94 11 245 86 25 245 95 24 246 31 1 246 43 27 246 46 5 247 3 16 247 29 20 247 64 31 248 9 2 248 67 31 248 99 23 249 25 5 250 3 19 250 40 8 250 90 14 251 14 24 251 55 24 251 90 22 252 11 15 252 14 4 252 16 10 252 51 7 252 57 4 252 98 17 253 57 1 253 57 3 253 66 6 253 70 14 253 78 26 253 88 14 254 3 14 254 21 11 254 33 9 254 69 3 255 36 21 255 45 2 255 58 1 255 60 17 255 79 6 255 87 30 256 5 27 256 40 30 256 95 10 257 23 28 257 47 18 257 49 8 257 79 0 257 85 9 257 98 23 258 25 19 258 63 6 258 82 4 259 8 7 259 55 29 259 100 31 260 4 0 261 7 22 261 65 22 262 4 8 262 14 25 262 67 5 262 84 10 262 91 25 263 41 19 263 63 18 263 68 13 264 43 31 264 50 16 264 90 30 265 3 1 265 48 21 265 51 5 265 71 26 266 11 6 266 12 18 266 82 7 266 88 26 267 1 28 267 26 6 267 35 2 267 83 23 267 85 26 268 17 25 268 26 22 268 89 29 268 95 17 269 37 16 269 49 14 269 60 20 269 68 19 270 13 20 271 13 1 271 37 28 271 42 14 272 91 4 273 22 1 273 41 20 274 48 7 274 92 20 275 19 23 275 30 9 275 69 26 275 99 1 276 37 4 276 73 0 276 84 25 276 99 18 277 14 30 277 37 29 277 95 4 278 28 25 279 23 25 279 41 9 279 49 10 280 20 26 280 38 18 281 53 10 281 66 3 282 61 30 282 91 20 282 97 27 283 20 9 283 85 13 283 97 10 283 99 0 284 1 21 284 13 17 284 67 6 285 16 31 285 18 31 285 24 29 285 26 12 285 56 20 285 84 20 286 40 23 286 59 3 286 91 24 286 99 11 287 76 29 288 66 18 289 16 9 289 45 0 289 46 17 289 75 20 289 82 6 289 90 6 290 16 17 290 69 11 291 6 3 291 7 31 291 25 0 291 58 21 291 60 26 292 20 0 292 69 15 292 72 20 292 97 13 294 4 21 294 19 15 294 30 15 294 48 0 294 59 11 294 69 9 294 71 4 294 92 1 295 28 6 296 27 4 296 84 30 297 26 29 297 83 1 298 18 25 298 29 25 299 1 8 299 6 28 299 29 25 299 65 2 300 3 1 300 8 8 301 3 4 301 34 10 301 45 10 301 59 10 301 65 12 301 84 14 302 61 0 302 77 22 302 78 16 303 0 16 303 7 6 303 31 4 304 17 14 304 18 0 304 46 3 304 73 31 305 10 16 305 23 30 305 37 3 305 78 3 306 25 6 306 25 22 306 96 10 307 6 18 307 67 29 308 93 29 309 4 30 309 28 17 310 23 17 310 59 1 310 92 7 311 52 29 311 84 30 312 32 27 312 54 15 312 79 27 312 87 27 313 78 30 313 85 25 314 17 2 314 19 4 315 34 30 315 43 1 315 46 11 315 64 9 316 24 0 316 89 4 317 12 21 317 13 14 317 17 8 317 17 19 317 78 6 318 15 8 318 21 29 318 67 0 319 12 6 319 58 24 319 85 28 319 88 30 320 26 29 320 64 3 320 99 11 321 19 1 321 55 10 321 60 28 321 88 26 321 90 10 322 7 4 322 20 25 322 22 14 322 80 23 323 20 8 323 37 25 323 59 20 323 64 5 323 97 1 324 5 20 324 15 8 324 35 23 326 0 31 326 68 31 326 69 22 326 100 14 327 46 9 327 72 22 327 87 25 328 6 15 328 26 9 328 44 17 328 79 1 328 97 1 329 3 15 329 45 31 329 50 11 329 78 0 329 87 29 330 17 2 330 21 25 330 24 9 331 16 23 331 32 13 331 44 21 331 46 16 331 62 12 331 68 4 332 1 28 333 32 30 333 45 13 333 77 28 334 3 6 334 7 9 334 80 26 334 84 11 334 94 4 335 37 22 335 46 19 335 85 7 336 29 27 336 44 30 336 87 4 337 0 28 337 6 17 337 52 10 337 77 16 337 99 28 338 27 15 338 50 14 339 10 0 339 23 0 339 29 28 339 65 27 339 74 6 339 86 4 339 99 18 340 55 6 341 9 12 341 44 14 341 60 18 341 92 5 343 47 1 344 23 24 344 74 10 344 100 14 345 12 28 345 28 14 345 42 3 345 75 16 345 99 15 346 79 24 346 88 3 347 11 22 347 16 11 347 65 4 347 68 30 348 9 3 348 12 24 348 53 16 348 58 18 349 16 26 349 68 27 349 91 2 350 90 7 350 93 20 350 96 22 351 59 8 352 7 31 352 12 14 352 27 14 352 48 15 353 26 2 353 81 31 354 15 0 354 49 12 354 55 24 354 69 28 354 84 31 354 98 9 355 32 25 355 90 13 356 49 28 356 67 27 356 71 20 356 82 9 356 84 12 357 80 22 357 85 26 358 20 4 358 30 23 359 53 17 360 2 26 360 4 10 360 10 17 360 84 14 360 91 4 360 91 25 361 23 24 361 24 25 361 51 15 362 18 5 362 48 0 362 84 26 363 68 5 364 5 28 364 18 24 364 24 14 364 32 20 364 58 17 365 68 6 365 85 25 365 99 27 366 7 23 366 38 15 366 65 17 367 41 11 367 91 13 368 14 25 368 28 21 368 78 12 368 87 17 368 95 25 369 6 21 369 33 15 369 38 20 369 64 9 370 68 1 371 78 15 371 87 16 371 87 31 371 95 15 372 16 13 372 33 14 372 59 20 372 65 31 372 66 10 372 74 0 373 66 22 373 71 21 373 88 11 373 96 21 374 12 11 374 21 26 374 32 28 374 79 12 374 89 25 375 7 19 375 86 25 376 73 1 376 93 31 377 59 19 377 96 17 378 51 31 378 62 22 379 16 16 379 22 21 379 46 20 379 54 26 379 92 26 380 64 18 380 99 4 381 27 8 381 30 10 381 39 30 381 77 27 382 86 31 383 17 29 383 55 6 384 1 2 384 35 10 384 85 11 385 33 0 385 54 1 385 87 4 385 95 30 385 97 24 386 3 24 386 9 6 387 25 0 387 36 9 387 74 1 388 1 21 388 63 30 388 64 17 388 83 10 388 86 8 389 6 30 389 54 20 389 60 25 389 93 25 390 15 20 390 48 2 390 55 6 390 61 5 390 75 20 390 93 20 390 99 1 391 23 3 391 29 31 392 19 6 392 30 10 392 31 4 392 90 8 392 94 27 393 30 13 393 85 4 394 51 20 394 55 3 394 72 2 394 97 22 395 19 27 395 21 2 396 10 15 396 63 24 396 85 1 397 78 11 397 79 26 397 83 29 398 3 18 398 34 29 398 46 24 398 71 5 398 86 23 399 6 27 399 30 27 399 56 24 400 9 23 400 90 25 401 32 17 401 77 15 402 23 14 402 82 7 403 26 24 404 72 25 404 73 9 404 77 17 405 29 26 405 30 9 405 45 18 405 72 20 406 38 6 406 90 16 407 71 28 407 79 16 408 21 20 408 34 14 408 37 20 408 65 30 409 33 19 409 65 3 409 68 18 409 70 13 410 11 26 410 40 9 410 76 10 410 91 20 411 62 13 412 43 25 412 56 5 412 69 3 412 73 26 413 8 12 413 43 31 413 54 25 413 70 8 413 97 8 414 11 11 414 13 22 414 18 3 414 29 26 414 88 12 415 29 31 415 72 22 415 79 31 416 65 5 416 71 3 416 98 5 417 21 16 417 61 11 417 89 12 417 93 3 418 8 2 418 26 25 418 39 7 418 66 15 418 74 16 418 77 18 419 10 12 419 20 3 419 23 18 420 5 21 420 15 18 420 45 0 420 71 12 420 94 31 421 53 10 421 53 26 421 84 18 421 100 29 422 1 18 422 2 13 422 9 24 422 15 0 422 21 3 422 25 11 422 70 12 422 80 20 423 23 17 423 31 4 423 43 10 423 50 10 423 58 25 423 62 27 423 98 3 424 4 9 424 74 1 425 47 3 425 47 16 425 50 8 425 82 4 425 87 12 425 94 16 426 28 9 427 0 31 427 25 15 427 28 2 428 7 6 428 78 4 429 13 11 429 26 25 429 74 24 429 87 0 430 9 17 430 20 21 430 55 5 430 63 2 430 63 23 431 1 1 431 12 6 431 25 9 431 73 18 432 34 22 432 38 16 432 45 15 432 50 13 432 56 24 432 61 14 432 62 11 432 70 0 432 85 5 433 1 0 434 28 9 434 49 19 434 56 5 434 75 26 434 91 14 435 22 13 435 24 25 435 49 9 435 99 4 436 6 10 436 39 25 436 78 29 437 7 25 437 15 21 437 35 13 438 81 22 438 95 23 438 99 28 439 60 16 439 66 4 439 66 16 440 41 1 442 62 31 443 10 29 443 55 23 443 62 5 443 66 9 444 29 2 444 75 17 445 32 29 445 75 21 445 91 3 445 93 26 446 3 4 446 14 29 446 36 25 446 76 5 447 14 7 447 47 13 448 17 27 448 25 15 448 43 24 449 6 15 449 88 12 450 21 20 450 58 17 450 61 2 451 8 26 451 29 6 451 30 28 451 35 14 451 61 23 453 1 11 453 28 26 453 84 12 454 29 4 454 63 11 455 90 12 456 3 0 456 22 0 456 80 12 457 53 26 457 71 19 457 80 31 457 98 23 458 8 26 458 19 19 458 30 26 458 38 29 458 63 1 459 21 25 459 37 24 459 53 4 459 94 6 459 95 20 460 65 18 460 75 8 460 83 20 461 4 4 461 75 23 462 3 19 462 13 21 462 40 26 462 41 21 462 88 7 463 11 31 463 29 18 464 35 27 464 41 30 464 60 5 465 2 19 465 6 11 465 33 26 465 58 11 466 10 7 466 46 28 466 50 7 466 53 2 467 8 31 467 47 10 467 48 12 467 64 16 467 73 0 467 81 7 468 6 10 469 0 15 469 23 18 469 43 7 470 17 21 470 28 13 470 56 16 470 65 11 470 81 21 470 83 30 470 85 9 471 11 30 471 80 1 471 85 23 472 36 11 472 64 16 473 35 7 473 65 19 473 77 16 473 91 0 474 10 9 474 53 2 474 69 15 474 88 8 475 63 25 475 80 24 476 23 7 477 12 0 477 51 8 478 50 26 478 99 25 479 46 6 479 48 20 479 52 26 479 84 14 481 3 15 481 58 16 481 71 14 482 2 25 482 55 11 482 61 0 482 85 6 483 14 25 483 77 29 483 78 16 483 89 17 483 95 17 484 61 17 485 24 4 485 28 13 485 47 22 485 74 18 486 32 14 486 60 18 486 69 9 486 84 12 486 88 1 487 13 5 487 94 8 488 8 19 488 31 24 488 32 12 488 34 27 488 79 19 488 83 28 489 34 25 489 100 18 490 6 0 490 42 12 490 96 20 491 2 1 491 5 20 491 18 11 491 50 8 491 64 12 492 43 3 492 57 12 493 70 6 494 78 4 496 10 5 496 21 15 496 40 17 496 59 25 496 82 16 497 1 19 497 18 1 498 56 22 498 68 13 498 75 21 498 92 22 499 16 6 499 22 11 500 1 20 500 93 8 501 7 7 501 11 31 501 34 7 501 74 17 501 98 18 501 98 29 502 3 20 502 23 27 502 24 2 502 39 0 502 41 19 502 56 23 502 67 25 502 83 15 503 57 29 503 89 20 504 16 23 504 33 19 504 38 11 504 65 1 504 74 16 505 84 12 505 86 19 506 17 11 507 4 28 508 100 23 509 22 31 509 50 14 509 66 8 510 25 17 510 35 2 511 4 17 511 8 30 511 40 5 512 33 25 512 80 14 512 84 22 513 6 17 513 35 10 513 66 26 514 8 14 514 33 9 514 41 30 514 97 31 514 100 12 515 70 28 515 71 4 515 80 26 516 58 22 516 59 5 517 76 30 517 81 2 517 84 24 518 48 7 518 68 29 519 36 24 519 53 2 519 76 18 520 18 5 520 68 18 520 79 28 521 6 14 521 26 8 521 57 21 521 85 12 521 88 16 521 100 22 522 24 30 522 34 17 522 46 7 522 64 29 522 75 28 522 97 29 523 23 2 523 89 5 523 98 9 524 4 12 524 16 27 524 29 5 525 0 26 525 9 2 525 68 22 525 79 16 525 89 10 526 47 24 526 85 9 526 100 25 527 12 10 527 14 24 527 25 29 527 46 6 527 80 11 527 98 10 528 0 17 528 5 27 529 15 11 529 22 14 529 79 5 529 84 21 530 36 18 531 13 8 531 13 10 531 45 30 531 56 8 532 25 21 532 45 7 533 41 20 534 15 28 534 16 31 534 29 15 534 46 10 534 59 21 534 87 9 535 32 0 535 66 29 536 88 25 536 92 1 537 70 18 538 40 13 539 53 25 539 62 4 540 8 15 540 23 30 540 93 28 540 97 11 541 0 24 542 19 18 542 79 18 543 28 25 543 34 22 543 43 28 543 65 15 544 56 31 544 58 2 545 15 18 546 1 11 546 2 9 546 21 13 546 48 29 546 69 26 546 74 12 547 68 31 547 80 27 548 9 1 548 28 13 548 79 4 549 6 12 550 35 18 550 48 21 550 71 8 551 31 9 551 54 4 551 56 19 552 57 30 552 86 4 552 97 31 553 75 16 553 77 0 554 17 23 556 28 7 556 34 4 556 40 17 556 96 20 557 29 15 557 68 6 558 27 27 558 65 7 558 66 29 558 82 30 558 98 27 560 16 9 560 52 8 560 70 17 561 14 14 562 2 14 562 74 17 563 18 9 563 26 21 563 53 21 563 58 22 563 78 17 563 100 3 564 55 0 564 99 18 565 60 10 565 63 12 565 96 25 566 63 27 566 71 21 566 82 5 567 22 28 567 51 11 567 65 3 568 36 19 568 54 2 568 64 11 568 79 17 569 89 5 570 15 1 570 28 23 570 34 21 572 0 16 572 0 24 572 21 7 572 22 13 572 29 26 572 82 19 572 94 21 574 4 19 574 26 29 574 48 18 574 51 6 575 13 13 575 57 13 576 7 26 576 28 26 576 60 26 576 68 16 577 6 14 577 47 29 577 98 5 578 1 28 578 16 2 578 73 25 578 98 3 579 58 14 579 74 15 579 82 31 579 100 21 580 48 26 580 59 14 580 69 4 580 77 8 580 89 10 581 6 28 581 54 25 581 65 31 581 84 22 581 94 22 582 14 0 582 26 21 582 51 15 582 87 4 583 11 2 583 63 22 584 14 17 584 47 26 584 62 28 584 93 0 585 15 26 586 3 5 586 5 11 586 77 20 586 100 25 587 46 23 587 70 28 587 80 30 587 87 19 588 58 5 588 91 0 589 50 23 589 61 24 589 67 11 590 38 14 590 69 15 591 45 14 591 52 15 592 1 20 592 65 28 593 3 13 593 27 0 593 43 25 593 61 1 593 65 8 593 67 31 594 38 16 594 52 6 595 20 2 595 24 27 595 39 29 595 58 18 596 17 7 596 44 8 596 53 22 596 56 20 597 21 10 598 11 26 598 32 18 598 69 7 600 29 29 600 71 23 600 77 27 601 14 24 601 40 19 601 83 13 602 68 1 602 68 26 602 85 9 603 20 22 603 63 18 603 86 1 604 31 29 604 33 25 604 89 24 605 22 25 605 91 25 605 94 14 606 73 1 606 83 2 606 96 29 607 62 14 607 82 8 607 87 16 608 15 1 608 17 29 608 39 26 608 92 12 608 98 21 609 10 27 609 16 17 609 35 19 609 35 21 609 40 29 609 41 24 609 54 20 609 87 5 610 23 25 610 43 4 610 66 30 610 79 2 610 84 27 610 92 25 610 92 29 611 15 6 611 32 20 612 12 31 612 70 3 612 83 11 612 89 18 612 90 14 613 16 3 613 61 23 614 27 3 614 27 13 614 40 13 615 17 16 616 5 29 616 85 5 616 86 10 617 1 5 617 10 25 617 11 7 617 16 16 617 62 28 617 89 20 618 9 10 618 25 3 618 53 10 618 55 30 619 45 30 620 47 7 620 67 31 620 87 18 621 33 31 621 46 11 621 57 15 622 26 6 622 51 30 622 84 3 622 94 29 622 99 4 623 11 5 623 43 22 623 87 12 624 5 16 625 16 10 625 22 22 625 28 25 625 58 6 625 78 14 625 92 27 625 96 13 626 22 10 626 66 8 626 95 28 627 10 9 627 79 17 627 83 4 628 28 21 628 28 29 628 45 22 628 92 14 628 96 9 629 56 15 629 58 14 630 8 8 630 26 9 630 37 17 630 45 28 631 34 21 631 35 12 631 47 15 631 48 6 631 65 23 631 70 29 632 8 15 632 29 14 632 30 27 632 60 21 632 70 26 632 79 26 633 39 19 633 69 0 633 98 8 634 47 17 635 31 18 635 59 18 635 80 27 635 91 12 636 7 7 636 13 5 637 0 19 637 6 29 637 82 31 638 35 5 638 72 20 638 91 25 638 99 0 639 36 22 639 45 8 640 33 3 640 38 31 640 58 31 640 60 6 640 76 11 640 79 21 641 1 14 641 8 16 641 27 4 641 43 14 642 33 18 642 50 15 642 51 2 642 100 24 643 18 16 643 34 6 644 14 8 644 22 14 644 43 12 645 33 28 645 66 22 645 72 9 646 2 19 646 41 26 646 48 1 646 71 7 646 75 4 647 30 9 648 27 2 648 63 25 648 79 9 649 51 2 649 61 11 650 54 18 650 68 0 650 75 15 651 73 11 652 0 3 652 49 2 653 24 22 653 32 8 653 49 1 653 56 11 653 69 22 653 91 1 654 23 26 654 80 5 654 82 10 655 33 18 655 48 24 656 1 7 656 66 1 656 72 21 657 25 1 657 69 3 657 73 20 657 94 27 658 24 17 658 42 28 658 63 24 658 80 15 659 16 1 659 53 17 659 59 17 659 63 6 659 85 1 660 27 3 660 34 4 660 94 14 661 23 24 661 81 27 661 83 11 662 44 10 662 49 3 662 67 13 662 67 27 662 77 1 663 67 4 663 73 23 665 20 19 665 22 5 665 51 1 665 88 9 666 0 13 666 22 27 666 40 3 666 51 19 666 59 10 666 82 29 666 100 18 667 60 4 668 97 20 668 100 16 669 42 5 669 49 11 669 59 1 670 25 28 670 30 21 670 36 7 670 57 13 671 95 3 672 0 15 672 4 8 672 16 23 673 2 15 673 36 21 673 42 9 673 75 1 674 8 28 675 25 2 676 47 12 677 7 6 677 93 17 677 99 22 678 52 6 678 52 23 678 90 15 678 98 10 679 14 29 679 73 22 680 10 20 680 15 10 680 35 4 680 37 14 680 85 10 680 95 13 681 0 31 681 60 14 681 78 23 682 2 6 682 97 29 683 9 29 683 16 4 683 77 24 683 98 1 684 53 21 684 68 28 684 83 5 685 61 0 685 70 14 685 73 31 685 77 21 686 23 24 686 96 7 687 6 6 687 24 26 687 28 31 687 35 8 687 88 16 688 56 14 688 69 13 689 78 26 690 64 16 690 90 11 691 9 19 691 86 6 691 91 4 692 7 0 692 52 7 693 19 6 693 21 23 693 22 6 693 40 30 693 49 12 694 57 0 694 58 25 695 78 1 695 96 16 696 4 10 696 7 4 696 79 9 697 21 25 697 36 18 697 58 0 698 16 15 698 18 28 698 48 8 698 58 23 698 85 3 699 3 17 699 25 27 699 27 20 699 46 29 699 52 6 699 84 9 700 28 25 700 46 2 700 46 31 700 49 22 700 68 4 700 76 28 701 14 3 701 53 1 701 100 16 701 100 22 702 16 11 702 25 25 702 38 24 703 6 23 703 25 8 703 31 28 703 86 20 703 95 26 703 97 28 704 9 29 704 65 29 705 19 8 705 78 31 706 3 14 706 15 8 706 70 18 706 97 11 707 9 9 708 5 4 708 36 2 708 49 3 708 87 2 710 21 1 710 27 29 710 34 9 710 61 9 710 74 11 710 79 9 710 96 5 711 33 17 711 47 9 712 80 20 713 28 30 713 88 15 714 95 24 715 13 8 715 92 5 716 86 4 717 9 24 717 34 28 717 44 29 717 58 17 718 7 0 718 59 12 718 64 19 718 77 27 718 92 21 719 5 13 719 64 30 719 90 26 720 43 15 720 70 29 720 72 17 721 17 3 722 20 11 722 20 16 722 29 26 722 48 22 722 49 5 722 51 9 723 8 5 724 14 10 724 81 9 724 83 21 724 98 28 724 100 4 725 3 5 725 91 6 726 47 7 727 23 30 728 22 19 728 49 20 728 81 15 729 94 24 730 2 27 730 82 16 731 7 19 731 15 0 731 66 13 731 99 27 732 18 29 732 45 25 733 15 23 733 21 6 733 41 10 733 57 15 734 3 5 734 38 8 734 42 15 734 52 27 734 61 31 734 81 16 734 93 7 735 90 18 736 25 9 736 71 9 736 82 5 736 85 2 736 90 9 737 0 19 737 29 6 737 42 2 737 83 5 738 47 8 738 58 18 738 71 16 738 91 15 739 0 13 739 18 25 739 20 14 739 25 30 739 52 5 739 53 31 739 99 15 740 24 7 740 93 12 741 71 23 741 75 18 742 31 1 742 53 5 742 70 11 742 75 4 743 10 27 743 31 6 743 65 26 744 34 31 745 2 25 745 40 18 745 42 6 745 45 22 745 77 30 745 79 1 746 23 22 746 47 27 747 16 28 747 17 9 747 74 1 748 19 4 749 35 11 749 48 0 749 49 3 749 50 14 749 60 19 749 65 0 749 71 0 750 3 25 750 11 6 750 28 17 750 78 2 750 86 27 750 86 30 751 70 14 752 60 13 752 65 4 753 12 31 753 47 4 753 61 3 754 0 14 754 17 6 754 39 25 754 57 14 754 71 5 754 93 19 755 13 17 755 63 3 755 99 6 755 99 9 756 7 15 756 8 17 756 48 20 756 54 5 756 57 10 756 100 20 757 17 18 757 42 22 758 52 27 759 15 22 759 74 2 760 23 4 760 68 5 761 28 8 761 47 29 761 54 12 761 59 29 761 65 21 761 69 27 761 99 6 762 20 8 762 53 28 762 61 16 762 65 10 762 66 24 762 85 29 762 91 16 763 2 28 763 22 13 763 27 14 763 94 1 763 98 3 764 44 13 764 53 14 765 78 16 766 80 11 767 33 5 767 97 10 768 11 15 768 20 24 768 22 16 768 56 3 768 90 27 769 84 11 769 97 13 769 97 18 770 9 21 770 77 6 771 63 18 772 60 17 772 90 17 773 11 10 773 36 30 773 52 5 774 20 23 774 50 24 774 61 0 774 94 24 774 97 9 775 0 22 775 19 6 775 58 10 775 96 23 775 100 30 776 22 6 776 37 10 776 68 25 776 76 8 777 44 27 777 52 7 777 53 14 778 15 3 778 31 18 778 38 6 778 55 12 779 7 2 780 37 22 780 61 18 781 62 27 781 94 6 781 94 20 781 96 23 782 85 5 783 9 14 783 66 2 783 87 4 784 55 17 784 78 1 784 78 28 784 97 13 785 50 0 785 83 13 786 36 20 786 47 22 786 63 21 787 24 1 787 98 18 788 10 13 789 27 0 789 34 6 789 53 8 789 92 10 790 0 31 790 15 16 790 57 4 790 72 28 791 18 13 792 4 31 792 9 6 793 26 23 793 68 6 794 12 1 794 50 30 794 53 18 794 77 13 794 100 24 795 6 27 795 25 10 795 62 23 795 81 11 796 2 12 796 20 7 796 65 22 796 66 18 797 83 13 797 96 10 798 71 3 798 96 11 798 96 19 799 69 27 799 83 9 799 100 25 800 45 13 800 82 8 801 3 18 801 12 10 801 33 22 803 9 7 803 57 12 803 72 1 804 5 8 804 83 19 804 95 26 805 22 18 805 56 15 805 75 29 805 89 26 805 98 20 806 86 29 806 90 5 807 22 21 807 35 6 807 42 19 807 59 11 808 66 28 809 88 16 810 34 22 810 56 12 810 57 7 810 66 4 810 80 10 811 11 26 811 84 5 811 88 3 811 91 0 812 9 11 812 44 17 812 46 25 812 66 7 812 87 11 813 3 6 813 12 19 813 13 3 813 63 7 814 22 6 814 29 31 814 82 10 815 25 13 815 31 10 815 82 26 816 23 29 816 33 28 816 56 26 817 62 14 818 1 16 818 3 22 818 24 21 818 44 7 818 46 26 818 66 13 818 69 30 818 100 19 819 4 9 819 10 11 819 60 19 819 63 25 820 7 17 820 40 20 820 49 9 820 52 29 821 1 25 821 36 22 821 92 30 821 98 9 822 2 24 822 19 18 822 34 29 822 58 15 823 1 4 823 1 26 823 40 12 823 79 31 824 68 18 825 9 7 825 18 9 825 47 11 825 66 12 825 66 23 825 69 20 826 33 3 826 90 30 827 11 5 827 34 3 827 41 26 827 58 18 827 83 21 827 91 2 828 6 26 828 54 31 828 86 13 828 86 19 829 23 24 829 69 21 829 88 12 830 59 11 830 88 24 831 40 26 831 44 4 831 91 24 832 1 30 832 46 7 832 64 17 832 85 0 832 90 6 832 97 14 833 1 9 833 8 9 833 25 15 833 49 7 833 65 7 833 90 9 834 39 15 834 68 18 834 93 26 835 78 7 835 97 8 836 15 14 836 57 29 836 80 20 836 91 21 837 26 23 837 77 11 838 53 5 838 53 22 838 60 21 838 70 23 838 97 26 839 1 16 839 52 2 839 81 7 839 95 6 840 9 4 840 98 8 841 0 31 841 3 14 841 12 27 841 76 17 841 92 11 842 67 5 842 85 16 842 89 23 842 96 14 842 99 20 843 12 20 843 38 13 843 49 11 843 52 0 844 27 6 844 32 10 844 59 8 844 98 23 845 71 30 845 72 13 845 79 13 845 84 5 846 23 17 846 96 16 847 10 8 847 86 2 847 96 0 848 20 15 848 37 13 848 84 24 848 95 25 849 11 12 850 9 20 850 28 24 850 51 15 850 82 8 851 10 19 851 32 23 851 34 19 851 87 10 852 29 8 852 39 9 852 46 28 852 58 17 852 65 6 852 92 18 852 95 13 853 23 27 853 73 28 853 95 0 854 2 2 854 16 28 854 24 10 854 27 13 855 9 13 855 49 10 855 58 29 855 83 7 856 49 2 856 66 16 856 86 4 856 91 12 857 14 11 857 17 3 857 25 13 857 32 15 857 50 17 858 61 18 858 63 15 858 79 5 858 94 1 859 11 24 859 26 30 859 61 30 859 67 15 859 100 28 860 24 23 860 53 11 860 55 8 861 10 8 861 52 5 861 80 24 862 10 10 862 38 10 862 57 14 862 92 15 862 96 25 863 5 26 863 7 12 863 18 25 863 26 31 863 27 14 863 37 24 863 40 3 863 76 8 863 99 16 864 39 15 864 48 23 864 60 0 864 87 15 865 38 26 865 81 25 866 30 19 866 55 13 866 65 12 866 81 20 866 86 5 866 92 5 866 99 1 867 4 5 867 10 3 867 21 10 867 29 11 867 79 21 868 9 30 868 81 30 869 19 19 870 4 14 870 16 15 870 49 30 870 62 8 871 20 25 871 20 28 871 39 20 871 79 19 871 85 8 871 92 10 872 54 19 874 41 22 874 73 13 874 90 17 875 25 24 875 34 25 875 36 26 875 41 4 875 68 20 876 46 9 876 93 0 877 15 22 877 17 18 877 40 24 877 94 2 878 19 19 878 86 13 879 1 16 879 61 31 879 71 0 880 20 19 880 64 27 880 74 19 880 79 17 880 93 31 880 94 5 881 48 29 882 24 11 882 38 26 882 47 11 882 54 1 882 89 27 882 93 23 883 53 27 883 63 3 884 9 20 884 13 7 884 69 24 885 4 9 885 85 30 885 91 31 886 12 5 886 26 15 887 30 30 887 86 11 887 90 15 887 90 29 888 39 26 888 45 18 888 49 23 888 64 2 888 77 12 888 81 4 888 96 12 889 14 16 889 60 11 889 66 13 891 96 5 891 100 24 892 44 16 893 22 26 893 84 17 893 86 24 894 91 24 895 12 16 895 23 9 895 41 20 895 56 0 896 57 31 896 81 3 897 21 1 897 59 9 897 72 0 897 86 23 898 3 15 898 16 22 898 34 12 898 69 14 899 7 29 899 24 19 899 30 2 899 75 24 900 95 0 901 3 2 901 26 1 903 15 24 903 58 20 903 88 21 903 94 25 904 64 7 904 64 15 905 8 21 905 45 31 905 100 6 906 9 29 906 75 31 907 29 24 907 55 5 907 64 28 907 88 16 907 88 24 908 8 14 908 35 23 908 95 23 909 56 16 909 57 8 909 73 24 909 79 31 910 3 14 910 32 26 910 36 21 910 43 10 910 68 21 911 26 5 911 79 18 912 63 9 912 63 15 913 23 14 913 50 26 914 39 1 914 67 3 914 92 11 915 21 9 915 80 15 915 86 24 915 89 10 915 89 29 915 92 11 916 72 2 916 83 12 916 87 20 917 83 0 917 84 11 918 24 10 918 39 18 918 60 17 918 85 17 919 0 23 919 4 8 919 11 14 919 75 21 919 84 4 920 59 7 920 70 6 921 18 11 921 59 23 921 62 17 921 62 23 921 65 8 921 96 13 921 99 11 922 0 27 922 4 15 922 7 18 922 11 15 922 19 4 922 95 13 923 12 7 923 16 15 923 23 30 923 32 18 923 39 10 923 70 19 923 93 4 924 9 12 924 48 8 924 89 1 924 97 13 925 21 23 925 59 25 925 64 9 925 83 3 926 9 19 926 19 19 926 30 21 926 56 0 926 86 11 927 20 28 927 56 6 927 69 3 928 8 5 928 60 1 928 71 4 929 9 27 929 40 30 930 0 11 930 19 2 930 97 18 931 98 8 932 8 10 932 39 22 932 52 2 932 52 26 933 43 0 933 52 21 933 65 15 934 75 6 935 15 18 936 55 8 936 95 4 937 37 16 937 65 2 938 2 9 938 60 22 939 33 6 939 72 0 939 87 1 939 99 6 939 99 18 940 21 23 940 61 10 941 40 29 941 60 13 941 63 6 941 73 11 942 16 0 942 56 24 942 60 7 942 82 1 943 53 11 943 100 5 944 78 9 944 82 19 946 4 11 946 17 27 946 23 7 946 27 24 946 51 13 946 73 1 946 88 23 946 94 10 947 4 31 948 26 20 948 63 31 948 65 21 949 10 8 949 15 19 949 26 20 949 53 11 949 53 24 949 93 4 949 100 0 950 25 9 951 50 16 951 67 8 951 75 16 952 79 2 953 18 27 953 38 9 953 77 6 954 46 22 955 0 14 955 44 14 956 44 5 957 13 9 957 21 29 957 29 9 957 51 24 957 69 8 957 79 10 958 40 18 958 56 30 958 86 7 958 91 1 958 98 6 959 6 4 959 42 6 960 1 20 960 60 5 960 82 23 960 89 4 961 90 1 962 40 19 962 95 28 962 99 17 963 33 13 963 36 22 963 64 20 963 92 16 964 7 9 964 22 19 964 56 11 965 10 21 965 34 3 965 66 12 965 78 18 965 82 7 965 97 9 966 23 25 966 87 31 966 90 29 966 95 17 967 4 9 967 56 29
251 2891 0.001 72 20 18 72 29 11 72 40 16 72 61 15 73 23 17 73 24 16 73 27 0 73 95 21 74 36 14 74 94 0 75 72 14 75 73 9 75 91 10 76 27 3 76 27 18 76 46 22 76 59 28 76 91 27 77 6 15 77 55 11 77 70 10 77 90 2 77 92 28 77 99 14 78 30 3 78 57 21 79 21 17 79 44 8 80 1 0 80 7 25 80 23 7 80 86 27 81 41 5 81 53 27 81 87 13 82 58 23 82 60 4 82 98 21 83 38 13 83 97 29 84 10 30 84 36 0 84 54 21 84 91 19 85 36 12 85 80 26 85 93 6 86 8 7 86 38 7 87 24 22 87 35 10 87 58 24 87 79 13 88 13 24 88 68 26 88 99 13 89 34 6 89 48 26 89 63 30 89 67 9 90 65 16 91 5 6 91 13 12 92 77 7 92 87 15 92 87 17 92 89 6 93 10 17 93 16 18 93 26 22 93 46 22 93 51 13 94 56 28 95 12 18 96 79 28 97 8 4 98 1 28 98 54 9 98 95 19 99 13 9 99 43 16 99 47 9 99 65 3 99 70 7 99 85 16 99 99 8 100 5 14 100 37 9 100 43 10 101 2 5 101 14 14 101 16 25 101 42 3 101 57 15 101 61 9 102 1 18 102 40 25 102 46 8 103 11 0 103 24 28 104 59 29 104 77 27 105 100 5 107 22 20 107 35 12 107 42 29 108 5 21 108 30 17 108 48 12 108 67 26 109 59 5 110 1 31 110 25 5 110 57 23 111 57 11 111 81 7 111 97 4 112 28 4 112 43 12 112 72 23 112 95 27 113 52 27 113 90 7 114 21 8 114 72 4 115 9 25 115 45 3 115 97 30 116 0 15 116 14 29 116 30 8 116 43 14 116 60 23 117 47 9 117 72 22 117 77 8 118 10 25 118 14 30 118 45 6 118 53 21 118 75 3 119 20 29 119 29 8 119 30 30 119 51 4 119 75 31 120 1 26 120 53 14 120 63 29 120 70 28 120 80 30 120 90 12 122 15 27 123 5 0 123 7 5 123 21 23 123 58 28 123 65 12 123 93 26 125 4 1 125 44 18 125 74 10 125 77 22 126 80 31 126 88 13 127 59 26 127 66 25 127 67 17 127 68 30 127 86 10 127 89 14 127 93 11 128 8 18 128 17 26 128 21 28 128 36 8 128 41 24 129 2 29 129 10 25 129 42 12 129 45 3 129 46 5 129 53 8 129 86 4 130 15 26 130 45 6 131 19 3 131 20 25 131 22 30 131 29 3 131 57 19 131 74 20 133 70 11 134 30 3 134 43 12 135 15 8 135 39 6 136 25 13 138 34 1 138 35 3 138 56 5 138 74 15 138 76 13 139 16 17 140 85 3 142 95 26 142 100 30 143 27 8 143 41 21 143 54 3 143 76 11 143 76 12 143 95 4 143 96 23 144 3 7 144 9 7 144 69 24 144 76 2 145 22 23 145 26 2 145 31 27 145 33 29 146 10 28 146 39 8 146 73 5 146 99 0 147 18 15 147 31 24 147 50 4 147 55 11 147 62 15 147 67 10 147 99 18 149 96 18 149 97 7 150 0 24 150 11 28 150 12 20 150 26 1 150 45 5 150 61 9 151 15 16 151 38 21 151 92 30 152 23 1 152 44 25 152 70 4 152 80 8 152 94 19 153 2 5 153 3 15 153 19 7 153 19 9 153 33 22 153 74 26 153 75 30 154 22 18 154 88 4 155 66 9 155 76 10 156 95 11 157 20 11 157 89 12 158 48 5 158 48 15 158 72 30 158 92 3 159 9 28 159 13 25 159 67 23 160 0 15 160 20 26 160 49 22 160 58 8 160 71 8 160 84 4 160 86 13 161 29 26 161 55 30 161 67 31 161 96 17 162 21 8 162 91 31 163 9 7 163 39 10 163 54 5 163 76 20 163 94 14 165 16 7 165 56 17 165 92 30 166 36 26 166 36 29 166 49 14 167 6 25 167 55 23 167 57 29 168 9 20 168 25 26 169 7 28 169 31 4 169 54 5 169 98 18 170 12 12 170 90 21 170 94 8 171 8 25 171 9 19 171 22 26 171 80 13 172 17 26 172 67 14 172 77 8 172 87 0 174 49 20 174 87 3 174 92 31 175 32 6 176 24 14 176 65 28 177 15 29 177 26 5 177 32 3 177 38 28 177 47 4 178 1 26 178 21 22 178 29 4 178 75 2 178 88 27 179 41 1 179 54 31 179 84 24 180 95 4 181 63 10 182 59 9 182 60 16 183 61 30 184 22 8 184 43 2 184 45 28 184 50 17 184 50 28 184 62 3 184 73 16 185 27 20 185 44 28 187 3 2 187 37 26 187 55 22 187 74 13 187 97 30 188 0 2 188 74 15 189 48 24 190 4 11 190 28 23 190 34 11 190 90 31 190 99 25 191 3 7 191 10 14 191 19 0 192 2 25 192 3 13 192 53 6 192 88 3 193 0 4 193 74 25 193 91 14 194 61 23 194 92 4 195 46 12 196 2 24 196 11 15 196 19 6 196 99 24 197 11 2 197 15 30 197 20 26 197 43 30 197 48 23 197 63 24 198 87 14 199 1 21 199 59 16 199 69 29 200 4 29 200 49 23 200 86 26 201 6 11 201 12 1 201 20 22 202 71 15 202 75 3 203 13 10 203 37 30 203 50 28 203 65 29 203 76 1 203 82 18 204 2 10 204 13 30 204 16 27 204 63 21 205 49 31 205 62 4 205 76 30 206 9 21 206 33 27 206 76 25 206 82 11 207 17 21 207 61 4 207 68 31 207 100 16 208 28 22 208 91 15 209 79 27 210 27 7 210 45 17 210 69 25 210 82 28 211 25 2 211 27 9 211 35 16 212 0 24 212 27 29 212 95 17 212 96 13 213 32 2 213 70 14 214 0 25 214 62 24 214 68 31 214 69 18 214 74 8 215 37 22 215 48 1 215 58 19 215 65 9 215 74 1 216 5 3 216 13 21 216 45 12 216 45 16 216 60 9 217 43 27 217 55 12 217 77 4 218 8 8 218 21 20 218 62 27 218 83 8 218 93 16 219 96 2 220 0 27 220 3 9 220 40 22 220 79 4 220 92 11 221 44 11 221 74 31 222 58 17 223 36 27 224 17 21 224 75 26 224 76 7 224 92 9 224 98 31 225 45 16 225 57 24 225 89 30 226 12 12 226 63 0 227 6 28 227 32 14 227 39 20 227 67 0 227 82 31 227 83 9 227 90 26 228 5 31 228 15 29 228 19 8 228 33 31 228 50 25 228 93 27 229 65 0 229 81 11 230 4 2 230 5 24 230 14 29 230 18 28 230 41 6 230 67 20 230 97 14 231 33 7 231 41 19 231 90 20 231 96 18 232 0 12 232 42 22 232 66 15 232 72 16 232 78 13 233 9 9 233 36 10 233 42 2 233 47 16 233 71 18 233 97 1 234 49 9 235 10 13 235 11 20 235 28 11 235 63 17 236 4 21 236 21 9 236 77 11 237 19 9 237 19 28 237 62 17 237 67 6 238 14 11 238 70 15 238 96 17 239 16 22 240 17 21 240 70 2 240 71 5 240 76 26 240 89 12 240 99 19 241 26 29 241 98 9 242 11 22 243 31 4 243 34 20 243 59 22 243 69 27 244 25 31 244 54 10 244 84 7 245 38 4 245 58 24 245 99 9 246 12 29 246 44 2 246 80 16 247 33 8 247 62 19 247 73 3 247 86 18 248 9 28 248 18 21 248 24 1 248 39 18 248 98 11 249 30 27 249 76 17 250 28 20 250 60 1 250 80 6 250 84 5 251 28 29 251 30 10 252 40 31 252 51 6 252 76 31 253 68 9 254 72 20 255 78 11 256 22 17 256 34 6 256 63 19 256 64 20 257 12 9 257 18 5 258 4 5 258 41 22 258 73 24 259 33 27 259 55 26 259 57 23 260 61 23 260 66 23 261 12 11 262 25 20 262 40 8 262 54 10 262 73 0 263 27 31 263 34 16 263 39 7 263 44 26 263 58 21 264 34 8 264 35 13 264 36 9 264 39 28 266 32 23 266 70 7 266 81 20 266 92 12 266 93 18 266 94 5 267 34 1 267 60 10 267 88 17 268 69 22 269 1 24 269 14 24 269 63 4 270 54 6 270 78 20 270 80 28 271 39 15 272 16 3 272 26 7 272 63 6 274 79 2 275 62 5 275 78 27 275 90 9 275 100 1 276 0 20 276 13 15 276 16 16 277 18 11 277 81 27 278 22 12 279 42 29 279 90 3 279 96 9 280 15 9 280 34 15 280 64 28 280 79 7 281 95 30 282 32 26 282 76 17 282 77 0 282 97 28 283 46 20 283 55 17 284 21 2 284 44 26 284 53 27 284 68 3 284 79 4 285 3 9 285 25 23 285 73 0 286 4 27 287 5 19 287 68 22 287 71 24 287 98 23 288 32 15 288 42 5 289 22 5 289 33 9 289 34 31 289 68 26 289 86 22 290 58 15 290 66 3 290 68 12 291 6 18 291 9 21 291 46 12 292 50 3 292 67 29 292 68 18 292 80 6 293 7 12 293 17 28 293 21 9 293 29 28 293 37 5 293 51 0 294 24 5 294 48 27 295 24 13 295 98 13 296 36 9 296 90 20 297 8 29 297 36 15 297 40 17 297 84 8 298 4 27 298 21 29 298 46 14 298 69 2 298 75 12 298 80 31 299 38 10 300 2 2 300 18 3 300 30 1 300 30 27 300 50 22 301 26 18 301 34 1 301 42 3 301 75 11 301 78 27 302 60 29 302 92 11 303 59 5 304 28 7 304 90 22 304 99 8 305 19 21 305 67 14 305 90 2 306 3 9 306 5 16 306 25 8 306 26 27 306 32 14 307 4 31 307 22 15 307 41 14 307 70 2 307 85 18 308 9 15 308 19 28 308 59 15 308 77 26 309 57 24 309 77 3 309 92 13 309 98 15 310 7 23 310 10 10 310 26 30 310 27 11 310 44 20 310 76 0 310 82 2 310 91 26 311 57 6 311 60 21 311 85 2 311 94 29 311 97 12 312 53 7 312 75 10 313 16 7 313 22 11 313 68 11 313 77 18 313 88 5 313 91 22 313 99 20 314 7 11 314 22 20 314 75 9 314 75 30 314 77 5 314 77 15 314 85 24 315 17 7 315 27 1 316 89 12 317 42 5 317 66 7 317 89 25 317 90 17 318 4 6 318 30 0 318 44 15 318 46 22 319 78 2 320 1 9 320 61 19 320 81 31 321 10 31 321 82 21 321 83 10 321 97 5 322 73 6 322 80 17 323 0 11 323 7 29 323 50 4 323 53 28 323 73 23 324 29 1 324 39 0 325 57 23 325 64 19 325 72 20 326 13 4 326 15 0 327 15 9 327 46 24 327 48 19 327 89 1 327 95 21 328 81 23 329 20 5 329 38 17 329 65 20 329 67 9 329 77 6 330 24 13 330 31 16 330 33 1 330 49 1 331 14 0 331 14 29 331 73 2 332 40 13 333 0 14 333 32 10 333 41 23 333 46 8 334 26 19 334 43 26 334 48 15 334 61 5 334 92 12 335 21 1 335 23 12 335 29 10 335 78 5 336 4 13 336 18 3 336 42 3 336 43 0 336 81 27 337 13 16 337 49 22 338 11 11 338 17 3 338 57 19 338 90 22 339 24 12 339 29 10 339 54 29 339 85 7 340 0 18 340 11 8 340 22 15 340 39 31 340 65 18 340 77 2 341 14 6 341 54 16 341 54 25 341 90 1 342 17 14 342 35 12 342 64 4 342 65 29 343 51 3 343 62 27 343 64 18 343 97 0 344 3 11 344 13 2 344 14 31 344 20 20 345 4 4 345 8 13 345 47 3 345 53 1 345 72 26 345 79 27 346 8 2 346 73 11 346 80 17 346 90 27 347 54 26 347 70 17 347 80 15 348 10 3 348 39 17 348 41 24 348 72 6 349 28 9 349 70 16 350 91 18 351 11 22 351 45 4 351 93 16 352 6 2 352 37 7 352 50 10 353 73 3 353 97 6 354 6 3 354 19 27 354 56 17 354 69 6 354 77 27 354 84 4 355 31 30 355 34 6 355 40 3 355 42 22 355 54 9 355 57 2 355 86 21 356 41 30 356 61 28 357 16 2 357 62 26 358 52 16 358 56 16 359 44 19 360 16 31 360 83 7 360 83 31 361 46 26 361 84 18 362 55 8 363 13 10 363 75 19 363 78 21 364 55 27 365 16 8 365 24 2 365 43 30 365 93 5 366 2 31 366 3 16 366 42 7 367 11 0 367 43 12 367 73 5 368 4 20 368 10 17 368 62 4 368 75 23 369 7 1 369 19 27 369 38 4 369 85 18 370 17 25 370 30 20 370 42 7 371 50 8 371 65 0 371 76 19 371 99 30 372 19 10 372 47 9 372 48 7 372 69 7 372 72 5 372 79 25 372 79 31 373 5 31 373 32 22 374 36 20 374 55 29 374 79 27 375 14 29 375 55 29 375 57 10 375 82 29 375 83 9 377 61 15 378 0 15 378 15 12 378 31 25 378 59 7 378 69 9 378 92 12 379 14 21 379 64 17 380 0 5 380 13 3 380 65 26 380 93 22 381 26 31 381 49 4 381 50 26 382 27 13 382 27 31 382 29 19 382 82 6 382 92 14 382 97 21 383 5 23 383 20 21 383 21 26 383 28 8 383 53 7 383 92 5 384 12 11 384 38 9 384 46 4 384 79 25 384 84 22 385 7 20 385 11 5 385 90 0 386 31 23 386 69 28 386 98 22 387 0 5 387 30 23 387 45 17 387 90 23 388 22 24 388 62 31 388 77 19 389 4 14 389 30 24 389 46 22 389 92 3 390 29 22 390 55 12 390 71 1 390 72 7 390 95 6 391 11 24 391 75 29 391 82 30 392 79 20 393 47 15 393 48 10 393 74 4 394 4 14 394 6 29 394 39 31 394 41 27 394 77 15 395 70 1 395 88 17 396 34 20 396 71 3 396 90 2 396 100 20 397 78 3 398 21 28 398 46 27 398 76 17 399 4 11 399 6 20 399 12 2 399 28 9 399 29 26 399 37 16 399 86 18 399 92 28 400 10 8 400 24 22 400 38 3 400 86 1 401 34 14 401 49 29 401 62 6 401 73 1 402 47 29 402 90 31 403 54 23 404 36 27 405 39 26 405 72 2 406 9 31 406 16 14 407 4 14 407 7 20 407 13 17 407 80 4 407 96 16 408 5 0 408 5 19 408 18 23 408 21 10 408 41 2 408 57 22 409 0 20 409 6 2 409 45 11 409 48 31 409 78 6 409 93 4 410 8 6 411 3 4 411 25 16 411 66 31 411 87 17 411 89 3 411 91 17 411 96 15 412 17 23 412 30 27 413 38 30 413 40 20 413 91 5 414 53 1 414 64 22 414 89 30 415 80 21 417 37 6 417 45 17 417 93 9 418 15 4 418 16 20 418 95 5 419 21 11 419 28 6 419 54 6 419 75 9 419 90 20 420 34 1 420 62 21 420 68 16 420 76 25 420 84 11 421 19 29 421 46 10 422 3 22 422 26 16 422 55 19 422 84 13 422 88 15 423 43 1 423 56 21 424 68 26 424 87 18 425 26 17 425 33 9 425 35 23 425 44 25 425 73 29 426 10 7 426 28 3 426 40 23 426 51 26 427 66 30 428 21 22 428 56 20 428 75 26 428 92 10 429 12 16 429 32 10 429 48 23 430 43 1 430 69 24 430 95 13 431 66 10 432 8 1 432 8 27 432 13 6 432 44 31 432 80 13 432 93 26 433 34 16 433 51 4 433 86 2 434 24 15 434 29 27 434 60 0 434 93 24 435 55 16 435 59 2 435 91 0 435 96 14 436 30 25 436 83 24 437 56 10 437 88 15 438 88 20 439 34 11 439 69 21 440 38 16 440 89 24 441 0 10 441 21 16 441 27 1 441 34 25 441 64 21 442 23 7 442 81 16 442 91 0 443 31 20 443 56 2 443 85 30 444 2 7 445 1 31 445 16 11 445 57 30 445 78 22 445 80 3 445 99 24 446 14 1 446 54 8 446 58 9 446 71 31 446 88 9 447 40 28 447 41 9 447 65 23 447 80 14 448 10 22 448 37 31 448 41 16 448 47 11 448 81 25 448 89 12 449 2 14 449 35 22 449 46 16 449 53 26 449 56 0 449 70 21 450 18 21 450 44 28 450 69 24 450 86 14 451 0 18 451 96 23 452 74 9 452 83 24 453 1 27 453 2 8 453 7 17 453 22 19 453 42 16 453 42 24 454 67 28 454 69 29 454 80 19 455 13 30 455 17 17 455 51 19 455 57 25 455 65 4 456 12 30 456 45 1 456 64 0 456 74 6 457 0 16 457 34 6 457 64 8 457 67 3 458 32 7 458 64 8 458 77 6 458 89 16 459 46 30 459 47 2 459 80 23 459 93 13 460 9 6 460 99 28 461 42 0 461 52 13 461 60 24 461 82 26 461 90 13 462 32 11 462 96 17 463 65 7 463 75 8 463 79 16 464 46 13 464 62 13 465 24 1 465 47 30 466 1 20 466 15 1 466 38 6 466 56 19 466 89 18 467 2 8 467 65 22 468 36 9 468 43 20 468 67 0 468 67 4 468 74 5 468 88 30 469 0 15 470 44 10 470 92 31 472 18 22 472 64 1 472 89 21 473 3 30 473 12 25 473 41 30 473 47 30 473 53 13 473 58 0 473 81 2 473 84 17 474 18 9 474 35 5 474 35 8 474 42 1 475 20 11 475 45 11 475 77 15 476 70 27 476 84 19 477 11 1 477 14 9 477 31 22 477 45 11 477 87 4 478 9 23 478 21 31 478 64 7 479 40 30 479 69 12 479 87 8 479 91 16 479 95 19 480 10 29 480 12 17 480 30 23 480 52 10 480 66 18 480 83 0 480 98 10 481 16 29 481 42 19 481 92 8 481 92 24 481 99 11 482 14 27 482 41 24 482 71 22 482 84 4 483 67 7 483 70 10 483 72 10 483 72 22 484 8 20 484 37 17 484 67 23 484 87 23 484 99 31 486 32 19 486 44 23 486 94 25 487 20 12 487 22 5 487 47 9 488 44 23 489 17 29 489 56 24 490 53 4 490 53 5 490 70 5 491 16 13 491 52 3 491 73 12 491 87 12 492 0 8 492 9 13 492 37 21 492 76 9 493 1 14 493 5 31 493 98 22 494 3 30 494 42 26 494 63 21 495 59 17 495 89 26 496 13 8 496 38 7 496 68 7 496 85 18 496 97 17 496 99 7 497 29 30 497 53 21 497 60 15 497 66 20 497 73 4 497 100 22 499 46 8 499 77 14 500 5 17 500 55 31 500 56 0 501 34 10 501 51 17 501 53 7 501 82 30 503 10 4 503 22 24 503 34 28 503 36 25 504 6 11 504 22 19 504 39 5 504 91 29 505 24 25 505 43 7 505 43 8 505 62 22 505 63 31 505 74 25 505 75 0 507 74 3 508 27 22 508 41 31 508 50 7 508 96 19 509 5 17 509 15 27 510 32 26 510 63 0 511 22 17 511 77 2 512 2 1 512 56 31 512 84 13 512 91 25 514 10 21 514 32 11 514 33 6 514 64 13 514 83 24 515 13 16 515 20 14 515 86 31 516 31 24 516 42 13 516 74 27 516 81 29 516 100 6 517 35 25 517 51 22 517 56 1 518 21 24 518 61 8 518 75 8 518 76 31 519 32 15 519 32 23 519 40 9 519 49 30 519 69 2 519 92 11 521 50 2 521 69 22 521 79 14 521 91 10 522 11 2 522 35 23 523 42 5 523 68 16 523 96 25 524 7 19 524 35 23 524 51 5 524 73 12 524 83 1 525 8 7 525 21 8 525 39 0 525 68 30 525 78 21 525 82 2 525 100 21 526 72 0 526 86 16 526 87 29 527 44 0 527 88 26 527 97 21 528 18 11 528 21 0 528 64 12 528 68 15 528 77 22 529 10 15 529 35 18 529 85 2 529 91 1 530 40 28 530 54 12 530 56 6 530 58 9 530 66 16 530 72 22 531 52 18 531 75 10 531 98 7 532 29 24 532 72 15 533 31 18 533 75 24 533 90 5 534 29 28 534 38 7 534 54 30 534 92 16 535 38 26 535 55 0 535 87 26 536 12 22 536 14 3 536 43 19 536 48 14 537 6 9 537 8 25 537 37 8 537 45 8 538 25 11 538 32 23 538 55 4 538 94 0 538 97 27 540 39 27 540 42 4 540 42 26 540 50 7 540 52 1 540 52 26 540 56 3 541 2 8 541 9 1 541 30 4 541 44 19 541 49 13 541 59 29 541 91 12 542 12 22 542 13 13 542 17 27 542 39 22 542 44 21 542 45 16 542 49 16 542 96 19 542 98 23 543 8 27 543 9 10 544 31 11 545 13 26 545 40 1 545 53 11 545 75 16 545 97 30 546 6 21 546 12 13 546 52 29 547 71 3 548 14 6 548 33 27 549 6 22 549 38 15 549 40 8 550 1 22 550 72 29 550 83 28 550 97 2 550 98 27 551 17 22 551 43 4 552 12 5 552 23 9 553 48 26 553 100 1 554 28 9 554 28 25 554 70 12 555 41 14 555 89 30 555 95 4 555 96 4 556 13 2 556 16 28 556 61 29 556 95 17 557 2 7 557 29 7 557 31 31 557 78 15 557 83 21 557 86 21 558 4 3 558 17 11 558 65 14 558 66 1 558 71 13 559 53 1 559 56 18 559 83 23 559 89 4 560 13 24 560 23 21 560 89 17 561 24 26 562 50 15 562 74 22 563 10 5 563 23 30 564 2 9 564 45 1 564 87 16 565 1 9 565 34 10 565 49 25 565 70 8 565 81 27 566 27 29 566 34 21 566 48 29 566 54 14 566 59 30 567 5 2 567 46 18 567 65 7 567 67 7 567 67 24 568 48 21 568 50 18 568 65 22 568 70 24 568 85 31 569 34 20 569 50 18 569 70 15 569 94 8 569 99 28 570 38 29 570 65 9 570 66 31 570 84 24 570 91 29 571 15 29 571 22 17 571 60 29 571 83 29 571 95 24 572 12 21 572 46 30 573 22 0 573 71 8 574 41 13 575 30 10 575 54 27 575 87 23 575 92 12 576 4 21 576 22 25 576 45 25 576 76 7 577 55 25 577 64 15 577 70 17 578 21 14 579 43 23 579 59 4 580 22 4 581 33 3 582 56 26 582 77 14 582 82 2 583 52 24 583 57 5 583 64 12 584 16 6 584 45 14 584 93 17 585 13 20 585 38 14 585 42 13 586 7 20 586 16 31 586 30 13 586 41 3 586 59 22 586 86 16 587 42 24 587 46 23 587 76 9 588 44 14 589 21 25 589 24 10 589 66 2 589 85 4 590 27 15 590 35 3 590 44 0 590 47 30 591 0 4 592 5 19 592 39 7 592 55 26 592 70 30 593 5 1 593 9 20 593 70 8 593 74 31 594 9 31 594 28 24 594 47 14 594 52 14 594 87 14 594 100 27 595 1 2 595 48 7 595 59 29 595 72 5 595 85 9 596 3 5 596 43 22 596 52 20 596 61 9 597 47 22 597 87 19 598 74 8 598 92 27 599 17 6 600 7 23 600 15 18 600 17 11 600 73 13 600 90 23 601 88 18 602 19 15 602 30 18 602 62 3 602 99 16 603 56 25 603 85 3 604 27 23 604 61 29 604 70 18 604 83 20 604 95 15 604 99 31 605 12 4 605 57 7 606 11 2 606 36 20 606 69 5 607 0 30 607 46 6 607 70 7 608 70 28 608 89 29 609 13 4 609 14 9 609 50 8 609 66 8 610 34 18 610 77 17 611 48 2 611 67 27 612 29 20 612 36 1 612 84 22 613 39 10 613 85 14 614 27 18 614 45 16 614 59 5 614 64 10 615 19 8 615 32 27 615 58 21 615 92 7 616 6 10 616 34 18 616 40 5 616 44 6 616 56 4 616 87 10 617 7 7 617 60 5 617 65 21 618 54 31 618 100 16 619 50 3 619 76 28 620 0 11 621 27 22 621 37 20 621 45 6 622 11 6 622 30 31 622 42 7 622 77 16 623 19 8 623 28 16 623 71 23 623 72 2 623 83 2 624 2 5 624 46 2 624 70 19 624 90 24 624 97 1 625 42 18 625 43 22 626 7 8 626 42 11 627 18 9 627 51 30 627 71 2 628 13 5 628 73 4 628 92 9 629 44 5 629 87 2 630 2 12 630 58 1 630 79 12 631 6 13 631 33 26 631 39 27 631 63 8 631 91 12 632 12 9 632 74 21 632 89 29 633 37 3 633 43 21 633 49 24 633 75 28 633 93 2 634 34 7 635 36 2 636 66 3 636 68 1 636 68 13 637 37 6 637 79 24 637 94 11 638 11 10 638 22 13 638 88 17 638 97 13 639 39 18 639 47 31 639 62 30 639 67 12 639 98 11 640 26 1 640 26 6 641 7 23 641 21 28 641 29 7 641 62 13 641 70 22 643 31 25 643 40 10 643 49 8 643 61 10 643 92 7 644 42 29 644 57 2 644 82 0 645 4 29 645 11 3 645 27 11 645 82 7 645 82 20 646 25 5 647 18 10 647 42 2 647 98 23 648 2 5 648 61 27 648 100 9 649 15 9 650 12 22 650 40 4 650 47 2 650 63 30 651 90 25 652 29 0 652 33 16 652 49 17 652 83 14 652 86 25 652 88 7 652 98 19 653 87 19 654 37 20 654 58 31 655 40 8 655 58 31 655 61 10 656 12 26 656 25 18 656 74 31 656 91 23 656 94 8 657 12 5 657 42 3 657 91 6 657 91 26 658 11 4 658 46 6 658 50 22 658 66 5 659 79 10 659 81 5 660 53 3 660 76 4 661 65 5 661 76 14 662 9 1 662 19 31 662 39 20 662 76 31 663 7 18 663 51 15 663 54 17 663 58 9 663 62 12 664 26 22 664 43 25 665 0 3 665 23 4 665 65 24 666 66 7 666 75 25 666 76 1 667 23 15 667 61 25 667 66 22 667 97 30 667 98 25 668 14 18 668 55 27 668 63 9 668 65 8 668 72 9 668 76 29 668 96 30 669 2 29 669 24 9 669 59 5 669 67 4 669 95 17 670 23 22 670 60 0 670 78 27 671 40 18 672 4 26 672 15 20 672 42 19 672 53 20 672 72 22 673 32 25 673 35 26 673 45 11 674 25 29 674 100 19 675 57 17 675 78 6 676 41 6 676 63 28 676 88 19 677 0 5 677 87 3 678 0 17 679 26 28 679 61 5 679 90 2 680 24 25 680 48 28 680 54 28 680 56 0 681 55 7 681 88 2 682 6 29 682 16 20 682 45 20 682 64 5 682 68 29 683 40 2 683 87 2 684 99 19 685 66 4 686 25 8 686 61 28 686 89 1 686 95 23 687 2 6 687 12 7 687 26 11 687 51 21 687 60 13 687 80 20 688 31 11 688 55 22 688 92 16 689 9 18 689 27 10 689 30 30 689 93 24 690 46 29 691 23 31 691 33 15 691 52 25 691 87 21 692 7 7 692 73 4 692 93 2 693 5 10 693 12 4 693 74 19 693 88 25 694 0 18 694 32 15 694 33 5 694 37 0 694 56 30 694 58 10 694 72 12 695 7 31 695 40 31 695 58 12 695 68 19 695 69 20 696 8 12 696 41 17 696 49 21 697 3 7 697 65 0 697 68 18 697 86 11 699 89 18 699 92 6 700 24 21 700 43 20 700 59 10 700 70 30 701 16 1 701 17 0 701 60 21 701 63 23 701 64 7 701 72 21 702 4 27 702 29 26 702 48 7 702 64 20 703 6 23 703 10 11 703 87 3 704 19 11 704 29 12 704 37 6 704 61 24 704 85 15 705 3 0 705 24 9 705 57 20 705 92 6 705 100 12 706 2 0 706 47 21 707 48 21 707 97 31 708 34 22 709 4 30 709 20 6 709 29 21 709 30 13 709 37 28 709 44 29 709 68 8 710 32 9 710 71 19 710 75 31 711 20 24 712 23 9 712 33 28 712 66 23 713 32 12 713 36 1 713 36 31 713 49 22 713 87 21 714 11 11 715 6 16 715 68 11 715 91 21 716 34 20 716 45 10 717 29 19 717 33 1 717 35 31 717 57 0 718 69 7 720 5 25 720 24 10 720 35 10 720 41 24 720 45 0 720 94 17 721 14 4 721 32 14 721 74 10 721 76 13 721 83 19 722 61 29 723 18 29 723 46 15 723 88 17 724 19 15 724 47 21 724 48 17 724 74 11 725 20 21 725 45 3 725 48 4 726 15 7 726 61 29 727 5 27 727 13 31 728 22 0 728 89 21 728 94 22 729 53 8 730 13 23 730 16 1 730 24 20 730 28 14 730 47 1 731 67 7 731 98 22 732 30 9 732 86 6 732 91 26 732 95 7 732 97 21 734 14 17 734 21 5 734 22 8 734 24 26 734 58 21 735 52 15 736 29 15 736 52 14 736 80 1 736 100 24 737 69 6 738 19 21 738 32 11 738 33 23 738 69 3 738 72 3 738 84 26 738 91 25 739 89 10 739 93 0 740 24 5 740 79 26 741 9 8 741 67 30 741 89 29 742 77 11 743 25 31 745 22 2 745 57 5 746 58 18 747 28 25 747 34 13 747 42 17 747 85 9 748 16 8 748 25 6 748 33 2 748 63 27 748 96 8 749 4 19 749 25 30 749 29 23 749 84 20 750 3 15 750 12 15 750 20 30 751 12 1 751 55 31 751 72 28 751 90 8 752 25 7 752 92 2 753 26 25 753 47 5 753 49 4 753 83 27 754 22 30 754 82 14 754 86 5 754 92 17 755 6 10 756 79 4 756 98 3 757 1 19 757 31 12 757 41 3 757 82 11 758 11 1 758 22 3 758 37 15 758 86 26 759 11 6 759 17 1 759 29 15 759 78 8 759 86 3 760 51 23 760 79 29 760 98 28 761 40 30 762 27 29 762 78 7 763 2 30 763 5 1 763 17 27 763 54 22 764 40 20 764 86 2 764 92 4 764 92 24 765 3 20 766 8 17 766 27 31 767 59 5 767 88 8 767 98 15 768 31 0 768 46 26 768 47 0 768 52 24 769 62 9 770 0 2 771 5 27 771 25 2 771 48 5 772 4 28 772 14 11 773 87 24 773 98 8 774 54 13 774 60 21 775 15 23 775 26 29 775 76 22 776 24 2 776 41 0 776 58 1 776 77 3 776 79 9 776 92 14 776 97 10 777 20 26 777 74 24 777 85 19 778 68 10 779 24 12 779 76 11 780 6 29 780 48 9 780 54 9 780 85 8 780 91 27 781 8 14 781 57 9 781 80 11 781 95 14 782 4 31 782 8 16 782 29 6 782 51 29 782 92 18 783 43 15 783 58 6 783 80 20 783 80 23 784 10 2 784 12 4 784 64 8 784 66 2 784 96 14 785 9 20 785 37 10 785 44 17 785 56 21 786 0 18 786 13 5 786 50 17 787 9 21 787 16 11 787 65 15 789 68 6 789 68 23 790 51 6 790 55 25 790 89 30 791 31 22 791 71 8 791 79 17 791 82 0 792 41 18 792 97 2 793 17 29 793 26 7 793 27 9 793 51 0 793 78 29 793 85 1 793 100 2 794 60 7 794 87 30 794 93 6 795 10 2 795 32 1 796 53 22 797 0 22 797 5 30 797 7 28 797 51 31 797 64 2 798 35 7 798 51 30 798 86 18 798 100 1 799 35 16 799 37 25 800 31 24 800 32 21 800 51 25 801 3 23 801 55 18 801 80 5 802 66 6 802 66 30 803 13 12 804 26 25 804 31 29 804 51 26 804 66 26 804 84 29 804 88 12 805 2 6 805 46 12 805 98 20 806 86 6 807 2 15 807 49 5 807 49 30 807 63 31 808 35 10 808 40 29 808 60 13 808 68 17 809 1 24 809 3 24 809 54 9 809 87 30 809 97 16 809 100 11 810 1 23 810 11 11 810 28 12 810 49 10 810 56 11 810 92 12 811 15 0 811 18 18 811 48 25 811 49 0 811 54 31 812 20 2 812 26 6 812 26 11 812 29 29 812 46 25 812 66 2 812 95 3 812 95 17 813 10 0 813 14 9 813 36 12 813 46 2 813 50 11 813 52 7 813 78 16 814 11 1 814 61 23 814 79 7 814 81 31 815 11 14 816 43 17 818 25 13 818 26 13 818 28 1 819 9 10 819 33 8 819 33 23 819 52 13 819 76 21 820 23 15 820 33 31 820 98 30 821 23 26 821 29 30 821 35 14 821 56 5 821 79 18 822 17 5 822 40 26 822 46 21 822 57 25 823 2 11 823 12 20 823 15 16 823 31 9 823 79 31 824 17 24 824 21 15 824 52 29 824 88 31 824 90 17 825 11 29 825 48 1 825 55 31 825 99 4 826 28 26 826 51 24 826 67 9 826 91 9 827 22 20 827 58 12 827 78 16 827 90 30 828 46 30 828 60 15 828 79 15 828 93 20 829 7 25 829 16 1 829 31 13 829 40 19 829 51 16 829 62 0 829 83 16 830 4 16 830 22 28 830 34 30 830 68 23 830 95 19 830 97 23 831 1 2 831 11 17 831 12 26 831 23 8 831 69 31 831 75 2 831 80 15 832 57 6 833 3 9 833 27 3 833 70 22 833 74 18 833 80 31 834 36 9 834 38 0 834 52 4 834 56 27 835 31 7 835 34 21 835 69 26 835 80 11 835 83 13 836 18 13 836 43 4 836 44 29 836 51 16 836 61 16 836 76 10 836 99 11 837 9 31 837 38 5 837 47 11 837 49 5 838 60 15 838 61 4 838 87 18 838 90 7 838 100 14 839 6 7 839 31 17 839 46 19 839 46 20 839 73 30 840 6 31 840 39 31 840 41 17 841 2 21 841 40 3 841 100 3 842 23 23 842 27 1 842 34 24 842 43 29 842 98 29 843 61 18 843 88 12 844 4 27 844 9 23 844 14 8 844 22 7 844 24 17 844 26 27 844 88 26 845 38 31 845 43 26 845 61 5 846 10 22 846 37 29 846 70 7 847 16 21 847 78 30 847 87 8 848 42 26 848 87 7 849 25 4 851 23 17 852 30 27 852 77 25 853 7 14 853 80 22 854 3 28 854 7 14 854 7 23 854 13 17 854 21 26 854 41 19 854 59 5 855 1 29 855 34 1 855 84 8 856 20 18 856 86 13 856 91 18 857 11 22 857 22 27 857 29 22 857 30 10 857 40 10 857 64 28 858 77 10 858 100 1 859 10 24 859 57 21 859 66 4 859 88 23 859 90 28 860 2 0 860 25 13 860 44 28 861 20 6 861 32 22 861 70 22 861 76 12 861 90 20 862 19 8 862 21 7 862 36 21 862 66 18 862 75 6 863 45 22 863 69 5 863 72 29 864 32 22 864 83 24 865 66 14 865 77 20 865 85 20 866 28 5 866 67 30 866 76 25 866 84 16 866 90 10 867 2 18 867 32 11 867 37 22 867 87 14 868 19 1 868 33 12 868 54 27 868 87 17 869 24 31 869 33 20 869 78 11 870 46 22 870 72 18 870 74 12 871 2 26 871 48 7 871 55 30 871 92 21 872 27 12 872 66 8 873 32 19 873 94 2 874 10 3 874 50 19 874 94 13 875 6 16 875 20 1 875 64 9 875 69 7 875 94 27 876 22 0 876 41 6 876 86 24 877 41 22 877 78 26 878 12 9 878 19 2 878 51 5 878 78 13 878 90 16 879 28 14 879 35 24 879 35 27 880 42 16 880 44 14 880 56 6 880 63 22 880 81 21 880 90 1 881 27 31 881 46 28 881 63 12 881 80 23 882 7 3 882 11 3 882 23 18 882 34 14 882 38 4 883 0 18 883 57 7 883 65 13 883 67 6 883 92 28 883 93 18 884 58 31 885 15 16 885 22 30 885 23 5 886 21 31 887 15 4 887 18 16 887 79 29 887 91 14 887 95 2 888 8 2 889 30 28 889 40 14 890 39 27 891 5 3 891 8 11 891 11 19 891 22 31 891 65 24 891 100 18 892 17 16 892 34 24 893 10 15 893 84 5 894 17 31 894 25 2 894 41 29 894 41 30 894 43 4 895 11 25 896 75 9 897 13 7 897 84 18 898 57 24 899 88 2 900 6 6 900 14 12 900 20 27 900 23 20 900 29 21 900 44 0 900 93 1 901 52 4 902 31 10 902 98 8 903 15 26 904 37 20 904 81 28 904 100 2 905 10 24 905 14 6 905 28 24 905 57 25 905 84 13 905 99 10 905 99 19 906 29 28 906 38 13 906 40 15 906 48 30 907 26 5 907 74 3 907 80 12 908 16 27 908 49 31 908 56 12 908 76 16 909 29 18 909 51 28 910 54 15 911 2 2 911 34 16 911 48 30 911 57 4 911 71 17 912 18 15 912 74 23 913 40 26 913 43 31 913 87 19 914 17 31 915 1 17 915 76 20 916 20 23 916 29 28 916 55 2 916 57 12 916 73 0 917 49 21 917 66 12 918 78 7 919 61 8 920 91 31 921 29 21 921 32 24 921 46 16 921 73 24 922 16 11 922 40 7 922 86 7 922 95 19 923 66 0 924 9 21 924 63 31 924 70 20 925 14 23 925 90 5 926 74 4 926 81 5 926 86 4 926 92 29 927 15 20 927 17 6 927 49 2 927 54 31 928 41 8 928 69 20 928 87 11 929 3 15 929 7 2 929 92 23 930 8 6 930 10 19 930 19 1 930 37 22 930 49 1 931 61 23 931 86 26 931 94 12 932 70 11 933 5 11 933 10 1 933 48 9 933 49 7 933 53 18 933 73 24 933 76 11 934 34 6 934 45 2 934 45 29 934 66 23 935 10 19 935 27 6 935 74 26 936 73 6 936 96 17 937 11 22 937 32 16 937 49 12 938 57 6 938 74 2 939 44 7 939 49 4 940 57 3 941 1 28 941 74 13 942 37 4 942 83 0 943 18 15 943 18 30 943 57 8 943 58 24 943 89 17 943 98 5 944 20 9 944 21 26 944 27 22 945 78 18 945 80 15 945 84 30 946 46 0 946 51 30 946 55 2 946 74 3 946 94 2 946 96 17 947 18 9 947 19 5 947 70 7 948 12 12 949 4 27 949 10 21 949 22 30 949 29 30 949 46 21 949 51 2 949 66 18 950 35 15 950 59 23 951 0 24 951 2 20 951 23 17 951 73 8 952 42 14 952 51 14 953 55 14 953 62 14 953 63 7 953 73 9 954 10 1 954 37 1 954 62 29 954 83 17 955 25 3 956 47 5 956 88 20 956 95 18 956 100 16 957 2 24 957 17 1 957 19 20 957 20 20 957 22 25 957 96 1 958 2 6 958 37 19 959 13 11 959 39 24 959 58 16 959 84 11 960 38 5 962 23 24 962 63 10 962 75 20 963 50 9 963 61 2 964 4 15 964 33 24 964 68 22 965 24 9 965 39 10 966 17 26 966 22 6 966 56 19 967 40 26 967 57 12 967 86 25
252 2891 0.001 72 13 24 72 37 23 72 38 29 72 47 16 72 69 24 73 17 31 73 53 12 73 95 29 74 30 22 74 61 26 74 68 4 74 77 13 76 83 24 76 84 31 76 87 7 76 89 4 77 23 4 77 35 10 77 97 7 78 16 19 78 31 16 78 46 8 78 60 19 78 65 27 79 19 8 79 27 17 79 49 6 80 7 22 80 55 5 80 73 21 81 98 17 82 24 31 82 37 31 82 52 0 82 59 24 82 65 5 82 94 11 83 26 0 83 30 15 83 45 24 83 70 7 84 6 0 85 18 5 85 89 1 86 74 10 86 77 2 87 20 12 87 52 3 87 52 5 88 0 10 88 54 30 88 87 15 89 34 5 89 35 18 89 39 29 90 22 31 90 23 25 90 85 9 91 27 6 91 81 6 91 89 7 91 99 22 92 10 20 92 49 8 92 51 16 92 78 15 93 4 18 93 12 29 93 18 3 93 19 12 93 60 1 93 78 26 93 100 12 94 27 16 94 43 31 95 2 28 95 24 27 95 30 5 95 98 6 96 3 14 96 86 21 97 43 11 97 47 4 97 53 21 97 63 15 97 68 24 97 88 31 98 4 20 98 87 22 98 98 30 99 10 5 99 67 12 99 78 19 100 40 19 100 40 30 100 49 25 100 56 1 100 57 23 101 53 6 101 98 1 102 68 12 102 78 1 102 100 19 103 7 10 103 53 13 103 78 19 103 98 29 104 54 19 104 85 24 105 74 30 106 3 9 106 5 16 106 6 6 106 36 6 106 56 23 107 9 17 107 9 30 107 24 24 107 57 19 108 18 27 108 27 22 108 40 13 108 54 17 108 86 28 108 95 15 108 96 22 109 7 25 109 9 22 109 45 6 110 31 31 111 73 12 112 8 13 112 81 12 113 37 0 114 4 22 114 16 3 115 14 10 116 35 29 116 64 17 117 24 12 117 30 4 117 65 17 117 99 30 118 13 4 119 77 18 119 100 11 120 41 1 120 46 15 120 53 15 120 81 1 120 100 21 121 16 12 121 46 20 121 67 28 121 82 3 122 52 27 122 91 6 123 49 30 123 66 30 123 89 27 124 27 9 124 66 18 124 67 30 125 48 18 125 80 14 126 16 24 126 62 10 126 82 12 126 84 0 127 0 10 127 88 13 129 9 7 129 19 4 129 40 5 129 90 8 130 34 4 130 92 4 131 28 22 131 70 28 131 83 11 132 55 26 132 59 19 132 92 10 133 5 22 133 58 15 133 58 25 133 80 14 134 30 4 134 39 9 134 84 5 135 15 21 135 59 30 135 95 3 135 97 26 136 93 10 137 93 21 138 4 5 138 27 25 138 42 4 138 66 26 139 25 26 139 83 31 140 67 30 140 79 1 140 92 6 141 3 28 141 20 27 141 34 11 141 91 18 142 2 15 142 8 10 142 19 25 142 63 29 142 65 12 142 67 22 143 45 11 143 59 15 144 27 2 145 6 21 145 23 14 145 44 3 145 65 6 146 80 26 147 12 3 147 49 13 147 93 25 148 3 25 148 77 8 148 100 14 149 30 3 150 25 23 150 48 4 150 57 7 151 6 15 151 83 11 152 60 11 152 74 1 152 93 10 153 33 10 153 38 26 153 49 25 153 66 29 154 12 29 154 54 25 154 89 10 155 86 0 155 87 16 156 12 5 156 14 15 156 71 4 157 4 3 157 9 13 158 53 22 158 87 0 158 91 7 159 16 29 159 56 12 159 67 9 159 83 24 160 12 8 160 40 0 161 2 20 161 13 23 161 27 2 162 23 21 162 35 18 162 45 28 162 50 29 162 77 17 162 92 20 163 16 15 163 36 5 163 52 18 164 42 30 164 94 4 165 2 21 165 11 29 165 51 2 165 52 5 166 0 11 166 27 15 166 83 11 167 74 28 168 22 16 168 66 0 169 2 31 169 12 18 169 14 14 169 36 10 169 92 11 170 30 26 170 39 8 171 79 24 171 81 30 172 7 7 172 25 10 172 93 18 173 4 26 173 10 5 173 26 25 173 65 25 173 75 0 173 79 30 173 85 2 173 87 27 174 72 17 175 2 18 175 22 29 175 46 15 175 48 18 175 90 14 176 88 9 177 15 0 177 69 19 177 72 13 178 67 12 178 70 20 179 2 1 179 64 11 180 63 22 180 70 15 180 99 10 181 10 4 181 55 28 181 67 12 181 85 23 182 12 8 182 33 25 185 7 20 185 78 7 185 81 0 186 5 27 186 15 30 186 24 3 186 37 0 186 61 7 186 74 3 186 100 28 187 21 17 187 65 3 188 27 12 188 36 6 188 91 6 189 9 18 189 17 4 190 63 3 190 69 29 190 72 21 190 82 29 190 86 15 191 6 0 192 28 25 192 77 18 193 51 26 193 69 10 193 78 10 193 90 0 193 90 17 194 18 23 195 83 7 196 27 22 196 34 19 196 45 18 196 98 28 197 20 23 197 98 13 198 33 28 198 45 14 199 80 2 200 83 29 200 90 3 200 96 3 200 97 24 201 6 1 201 10 25 201 26 4 201 52 21 201 57 16 201 65 18 201 84 25 202 13 14 202 22 29 202 50 9 202 58 0 202 95 2 203 88 7 204 0 10 204 36 21 204 51 4 205 43 6 205 58 28 205 82 2 206 2 31 206 21 17 206 46 5 206 95 26 207 71 16 208 9 12 208 21 5 208 44 17 208 48 28 208 52 10 208 92 25 208 94 18 209 32 14 209 45 25 209 47 6 209 62 22 209 87 30 210 4 30 210 25 18 212 22 22 212 92 3 214 48 29 214 58 5 215 40 10 215 48 30 215 66 30 215 85 4 215 97 13 215 100 19 216 29 23 217 14 14 218 58 8 218 72 9 218 73 29 218 83 17 218 94 21 218 100 18 219 36 27 220 1 0 220 2 11 220 23 6 220 29 12 220 44 9 220 52 17 220 58 29 220 79 1 220 79 6 221 16 19 221 57 30 221 75 10 221 82 2 221 88 16 221 100 27 222 9 1 222 27 29 222 58 27 222 74 31 223 2 15 223 60 20 223 77 13 224 9 4 224 27 11 224 58 13 224 60 13 225 2 3 225 16 5 225 21 26 226 15 19 226 23 4 226 31 2 226 82 24 226 88 5 227 20 16 227 82 29 227 85 0 227 89 27 229 20 14 229 79 16 229 99 3 230 46 18 230 54 28 230 64 24 230 71 5 230 78 11 231 54 15 231 68 18 231 74 20 231 82 15 231 82 17 232 15 18 232 42 6 232 80 20 233 80 9 234 12 20 234 22 29 234 32 7 234 46 1 234 75 5 234 89 29 235 34 9 235 44 3 235 50 12 235 57 22 236 35 17 237 0 18 237 1 16 238 23 1 238 24 26 238 56 1 238 68 24 239 20 18 239 30 0 239 37 24 239 67 14 239 80 23 240 12 9 240 26 30 240 35 5 240 37 27 240 48 16 240 53 0 240 68 8 241 66 21 241 90 11 242 4 4 242 45 10 242 56 29 242 68 13 242 97 23 243 57 25 243 61 12 243 78 23 244 13 26 245 48 7 245 69 30 246 4 17 246 13 31 246 62 30 246 71 16 247 8 9 247 62 26 247 71 8 247 89 26 248 40 21 248 55 17 248 79 28 249 7 0 249 17 21 249 28 12 249 81 0 249 88 28 249 94 10 250 3 17 250 14 13 250 89 23 251 7 29 251 31 9 251 64 21 252 1 6 252 39 31 253 50 3 253 63 10 253 65 26 253 78 16 254 61 15 254 83 16 255 65 20 255 81 8 256 8 16 256 17 20 256 28 23 256 46 16 256 74 24 257 2 11 257 86 30 258 91 0 259 3 25 259 46 23 259 52 7 260 17 10 260 21 15 260 26 3 260 47 16 260 51 30 262 9 18 262 29 23 262 61 5 262 85 5 263 34 19 263 48 23 263 64 6 263 73 24 264 21 15 264 22 9 264 36 9 264 44 27 264 45 29 265 57 1 265 97 10 266 48 7 266 59 29 266 64 29 266 96 27 267 3 31 267 30 21 267 67 8 268 45 5 268 58 8 269 12 20 269 36 8 269 83 10 270 26 24 270 30 21 270 47 5 271 29 12 271 72 3 271 82 28 272 7 6 272 52 25 272 73 1 273 1 31 273 9 23 273 23 11 273 49 31 273 95 6 273 100 12 274 43 23 274 53 22 275 33 18 275 83 2 276 60 26 277 2 22 277 18 12 277 44 7 277 55 26 278 59 30 278 69 26 279 16 26 279 30 5 279 32 12 279 41 5 279 90 23 280 0 18 280 4 22 280 54 18 281 26 29 281 77 14 281 89 7 282 0 13 282 8 16 283 22 9 283 74 31 284 59 6 284 60 16 285 2 10 285 12 24 285 16 1 285 31 7 285 62 27 286 0 12 286 42 19 286 43 9 286 56 29 286 77 2 286 99 28 287 66 11 288 38 22 288 72 14 289 20 9 289 54 24 289 67 25 290 70 30 290 71 11 290 85 28 291 19 30 292 12 25 292 19 20 292 51 1 292 56 27 293 37 3 293 41 16 293 63 4 294 4 2 294 52 28 294 86 28 295 17 14 295 25 15 295 28 23 295 47 27 295 48 27 295 53 28 295 83 30 296 1 5 296 54 15 296 61 3 296 65 24 296 70 15 296 78 9 296 83 24 296 90 1 298 60 31 299 27 5 300 71 4 300 72 28 300 83 5 302 7 10 302 11 14 302 16 8 302 37 30 303 3 2 303 5 18 303 39 8 303 65 3 303 67 14 303 95 6 304 76 5 304 79 28 304 93 21 305 68 21 305 91 24 306 9 4 306 40 21 306 47 25 307 9 7 307 16 12 307 42 29 307 50 21 307 51 7 308 7 26 308 12 5 308 46 29 308 61 15 309 3 2 309 12 12 309 23 0 309 29 31 309 48 7 309 95 12 310 57 25 310 60 28 311 84 13 312 90 9 312 91 5 313 4 7 313 9 3 313 20 15 313 61 13 313 65 8 313 96 0 313 96 24 314 26 21 314 45 25 314 60 18 314 67 6 315 9 14 315 30 4 315 47 14 315 49 20 315 70 24 316 15 12 316 17 24 316 56 27 318 20 8 318 69 31 319 31 1 319 34 7 319 84 22 321 27 10 321 77 13 322 1 16 322 16 14 322 52 17 322 93 5 323 31 28 323 71 15 324 53 0 325 0 2 325 29 24 325 84 31 326 10 17 326 19 5 326 19 16 326 28 0 326 64 26 326 93 30 326 96 0 327 56 12 328 36 19 328 56 11 328 58 9 328 85 24 328 90 0 329 89 25 330 2 2 330 24 6 330 71 5 330 78 5 332 8 29 332 42 13 332 92 20 333 11 14 333 29 14 333 94 4 334 39 0 334 46 23 335 67 23 335 96 26 336 72 18 336 78 2 336 95 25 336 98 5 337 17 17 337 91 1 338 62 6 339 7 1 339 47 1 341 60 19 341 82 20 341 86 0 342 27 5 342 92 17 342 94 1 343 61 31 344 8 3 344 44 25 344 76 7 345 85 29 346 0 27 346 10 2 346 20 9 346 48 30 346 84 14 347 6 17 347 48 11 348 29 26 348 54 21 348 57 13 348 100 1 349 5 5 349 33 29 350 4 28 350 8 25 350 59 17 350 61 3 350 70 5 350 73 30 351 44 12 351 57 24 352 43 27 353 5 5 354 21 19 354 42 5 354 42 20 354 44 2 354 89 2 355 78 17 356 18 8 356 67 18 357 25 3 357 50 26 358 13 18 358 40 15 358 52 11 358 68 14 358 76 26 359 7 30 359 18 16 359 35 29 359 65 20 359 67 0 359 72 15 359 88 1 359 90 5 361 19 4 361 31 11 361 83 10 361 96 30 361 98 11 362 13 31 362 49 10 362 53 0 362 66 25 362 79 25 363 5 8 363 40 8 363 42 20 363 42 25 363 65 20 363 100 21 364 54 25 364 85 31 364 90 26 365 5 21 366 8 0 366 32 26 366 40 26 366 72 28 366 74 4 367 51 29 367 55 3 367 64 7 367 96 1 368 21 27 368 58 15 368 64 17 368 74 22 368 85 17 369 30 5 369 69 11 369 84 4 370 41 9 370 78 16 371 2 25 371 17 8 371 64 14 372 15 2 372 34 25 372 40 28 372 54 16 372 59 4 372 86 18 373 15 24 373 21 11 373 21 27 373 94 31 373 99 8 374 11 9 374 25 18 374 33 1 374 41 22 374 42 23 374 79 9 375 41 23 375 90 25 376 33 26 376 61 7 377 1 25 377 48 2 377 77 6 377 80 10 378 75 21 379 3 4 379 100 4 380 52 4 380 57 22 380 75 29 380 96 30 381 6 6 382 40 27 383 6 25 383 31 18 383 96 26 384 8 1 384 43 25 384 91 11 385 1 3 385 5 6 385 48 28 385 56 3 385 96 21 386 97 18 387 39 23 387 52 14 388 7 26 388 9 1 388 26 18 388 39 14 388 41 23 388 70 13 389 8 18 389 11 22 389 24 11 389 55 16 390 13 22 390 20 4 390 55 27 390 62 16 391 52 29 392 83 1 392 90 5 393 17 3 393 70 28 394 5 3 394 15 11 394 30 4 394 35 9 394 83 4 394 85 18 395 5 16 395 72 14 395 76 24 395 100 27 396 9 12 396 24 11 396 59 1 396 100 18 397 12 17 397 100 18 398 47 20 399 24 16 399 24 17 399 50 29 399 95 8 400 72 4 400 89 29 400 99 15 401 52 5 401 56 0 401 58 22 401 96 3 402 0 11 402 52 26 402 74 26 402 92 22 402 97 22 403 4 26 403 5 12 403 49 4 403 80 26 404 46 4 404 59 17 404 68 12 405 30 5 405 41 3 405 56 10 405 58 12 405 62 14 405 87 26 405 88 21 406 3 19 406 4 25 406 22 23 406 73 15 406 80 28 407 84 16 407 84 24 408 49 28 408 75 23 408 84 0 409 30 3 410 25 2 411 26 9 411 88 0 411 90 18 411 91 30 412 26 7 413 67 11 413 93 18 414 40 28 415 0 4 415 4 27 415 31 15 415 35 3 415 70 27 416 35 5 416 51 18 416 57 16 417 77 17 418 78 14 419 66 18 419 75 11 419 96 18 420 18 23 420 65 2 420 68 10 420 71 23 420 88 28 420 100 9 421 8 25 421 70 17 421 83 28 421 91 19 421 100 24 422 29 20 422 90 6 422 93 13 424 13 29 424 83 10 424 96 8 425 8 17 425 47 6 425 81 24 426 43 1 426 70 3 426 94 15 427 14 29 427 38 10 427 40 6 427 65 17 427 89 12 428 9 8 428 44 7 428 54 16 429 4 31 429 6 10 429 49 1 430 25 22 430 64 24 430 75 13 431 20 30 431 81 20 433 20 7 433 38 7 433 58 5 434 5 7 434 8 31 434 94 23 435 4 1 435 51 24 435 68 28 435 75 21 435 98 17 435 100 20 436 9 24 436 51 28 436 89 2 436 93 30 437 35 17 437 39 25 437 53 25 437 62 4 437 73 26 437 75 6 437 81 3 438 6 25 438 8 23 438 31 5 438 40 6 438 46 25 438 57 15 438 65 23 439 24 3 439 77 23 440 9 30 440 61 22 441 58 27 441 74 22 441 93 23 442 17 0 442 19 10 442 50 16 442 66 25 442 74 0 443 34 15 443 56 20 443 63 15 444 46 0 444 51 6 444 88 12 445 24 10 445 47 13 445 84 19 446 19 4 447 2 20 447 46 20 447 90 12 448 6 11 448 34 0 448 93 14 449 34 3 449 45 20 449 49 0 449 50 28 449 74 28 450 65 4 451 27 26 451 51 20 451 77 16 451 78 17 452 3 25 452 26 0 452 71 3 452 76 23 453 28 9 453 38 13 453 52 24 453 56 20 454 9 26 454 91 21 455 5 21 455 22 21 455 47 0 455 71 22 456 8 2 456 22 8 456 31 29 456 58 23 456 63 0 456 90 0 459 9 22 459 10 3 459 74 18 459 89 15 460 15 19 460 38 29 460 72 14 460 92 0 460 96 6 461 13 10 461 60 1 461 74 8 462 14 12 462 62 12 462 65 12 462 83 1 462 88 4 463 19 0 463 36 12 463 51 3 463 81 27 464 6 23 464 39 17 464 62 31 464 81 5 465 18 2 465 40 31 465 52 22 465 64 26 465 76 5 466 4 11 466 14 6 466 97 8 467 58 22 467 81 4 468 77 4 468 78 28 468 88 11 469 9 19 469 84 24 469 94 2 470 35 11 470 39 26 470 59 28 470 60 15 470 71 24 470 90 22 471 12 7 471 13 30 471 74 17 471 96 9 472 7 24 472 15 26 472 41 5 472 57 3 472 65 26 473 22 2 473 39 9 473 39 12 473 63 25 474 74 25 474 83 17 475 0 30 475 39 6 475 40 0 475 68 4 476 58 22 476 61 8 476 90 1 477 85 29 478 21 9 478 28 31 478 35 19 478 38 19 479 1 17 479 3 16 479 75 30 479 100 16 480 9 7 480 9 12 480 44 19 480 56 1 480 65 14 480 75 27 480 90 17 482 19 1 482 20 9 482 26 1 482 28 10 483 12 18 483 21 4 483 38 24 484 2 26 484 6 19 484 57 14 484 64 6 485 12 12 485 20 17 485 49 8 486 5 25 486 18 17 486 35 0 487 20 23 487 88 16 488 23 15 488 31 5 488 62 19 488 65 21 488 70 3 488 72 23 488 94 11 488 95 5 489 22 22 489 30 5 489 31 28 489 68 11 489 79 3 489 90 25 490 57 24 490 76 6 490 89 23 490 99 30 491 8 6 491 17 15 492 72 2 492 86 1 493 8 25 493 8 26 493 54 2 493 70 4 494 5 20 494 81 14 495 30 4 495 41 5 495 48 7 495 50 21 495 90 2 495 91 18 496 43 21 497 11 2 497 45 22 497 88 18 498 3 21 498 76 28 498 80 8 499 13 8 499 13 18 499 27 5 500 6 24 500 8 4 500 8 13 500 33 21 501 3 27 501 3 29 501 73 1 501 90 20 502 18 22 502 32 11 502 46 14 502 63 22 502 89 30 503 4 13 503 7 31 503 20 14 503 30 29 503 84 28 504 34 27 504 38 29 504 77 16 505 65 23 506 2 9 506 12 0 506 17 16 506 47 13 506 80 15 506 80 24 506 86 9 506 92 13 506 99 13 507 7 26 507 30 10 507 45 26 507 49 17 507 51 22 507 52 9 507 53 29 507 99 18 508 6 22 508 74 10 508 75 10 509 1 11 509 26 11 509 65 12 510 4 30 510 18 0 510 31 6 510 60 0 511 74 5 511 84 31 512 23 15 512 86 19 512 90 17 513 93 30 514 12 21 514 22 22 514 67 25 515 57 29 515 67 12 515 77 23 516 17 21 516 35 11 517 69 7 517 78 29 518 2 12 518 10 19 518 33 6 518 96 17 519 33 8 519 70 21 519 99 15 520 43 29 520 62 16 520 80 16 520 94 18 521 25 9 521 54 25 521 81 1 522 36 2 522 66 0 522 82 31 523 21 8 523 44 0 523 93 18 524 100 9 525 29 8 525 54 4 525 69 24 525 80 17 525 92 17 527 11 18 527 36 3 527 92 6 528 71 25 528 75 24 528 84 12 528 86 9 528 99 6 529 7 25 529 32 15 530 34 22 530 46 27 530 75 23 530 79 23 530 81 13 530 90 20 531 20 20 531 23 5 531 49 9 531 79 14 531 96 15 531 96 18 532 22 17 532 24 25 533 1 8 533 14 0 533 35 16 533 38 19 533 79 29 533 98 18 534 59 7 534 69 10 534 70 28 534 72 17 534 94 23 535 4 20 535 23 23 535 43 7 535 94 6 536 19 13 536 21 10 536 82 23 537 7 29 537 38 30 537 77 30 537 92 5 538 46 21 539 75 7 539 77 28 540 14 7 541 6 1 542 13 31 542 34 25 542 57 17 542 65 24 542 97 30 543 29 11 543 70 6 544 59 22 544 62 11 545 39 5 545 50 10 545 64 25 546 6 23 546 25 21 546 40 13 547 7 31 547 8 25 547 60 9 547 99 2 548 24 11 548 51 25 548 93 26 549 37 14 549 60 23 549 90 8 550 59 1 550 65 22 551 8 2 551 13 5 551 23 31 551 25 22 551 76 3 551 99 15 552 83 12 552 86 9 553 12 16 553 54 28 553 61 19 553 66 5 553 77 30 554 31 19 554 65 27 555 1 31 555 14 23 555 23 0 555 67 12 555 79 16 556 12 0 556 86 3 556 94 30 557 48 19 558 17 11 558 44 17 558 74 29 558 81 13 559 39 22 560 12 15 560 33 4 560 66 31 560 71 17 560 77 8 561 17 6 561 51 2 561 99 16 562 25 13 562 77 19 563 60 21 563 71 14 563 91 11 564 20 15 564 52 9 565 83 23 567 2 5 567 19 27 567 54 19 568 9 14 568 82 23 569 9 25 569 40 17 569 44 24 570 0 3 570 30 23 570 48 30 571 12 6 571 12 22 571 31 9 571 41 23 571 52 10 571 99 20 572 10 18 572 20 14 572 50 6 572 74 27 573 85 12 574 6 6 574 48 27 574 67 8 574 96 21 575 45 23 575 56 22 575 77 16 575 91 0 576 0 20 576 23 31 576 24 23 576 44 18 576 49 18 576 69 29 576 99 12 577 17 9 577 97 22 578 33 21 579 78 4 580 8 20 580 18 26 580 22 26 580 24 31 580 63 4 580 78 20 580 82 9 580 94 12 581 99 15 581 99 24 582 9 21 582 14 0 582 38 27 583 43 21 583 70 6 583 76 12 584 38 18 584 53 11 584 79 3 584 100 13 585 13 15 585 20 17 586 82 27 587 22 23 587 39 21 587 43 12 587 70 19 587 90 25 588 18 5 588 38 28 588 46 4 589 39 10 589 64 17 589 70 12 589 90 15 590 5 27 590 6 23 590 8 2 590 8 18 590 42 2 590 96 12 590 98 24 591 75 11 591 77 17 591 97 7 592 12 15 592 24 30 593 16 2 593 49 10 593 67 7 594 17 2 595 27 10 595 69 7 595 72 18 596 19 4 597 0 7 597 11 2 597 18 16 597 32 15 597 66 1 598 9 6 598 80 21 599 10 15 599 34 30 599 70 27 599 75 24 599 91 10 600 9 24 600 44 6 600 45 3 600 89 12 601 15 12 601 61 7 601 76 18 601 77 12 601 96 11 602 73 31 603 12 13 603 68 11 603 83 20 604 2 24 604 20 28 604 32 14 604 66 5 604 84 25 604 98 28 605 3 0 605 42 18 605 65 4 605 76 24 605 78 5 605 95 25 606 12 6 606 81 30 607 0 21 607 5 23 607 50 3 607 88 25 608 0 10 608 14 3 609 23 2 609 40 14 609 81 1 609 94 29 610 10 5 610 10 8 610 11 31 610 13 11 610 69 31 610 89 4 611 35 21 611 86 1 612 43 17 612 86 11 613 4 22 613 43 10 613 58 13 613 88 8 614 16 26 614 43 18 614 53 11 615 17 7 615 31 11 615 39 4 615 72 25 615 83 25 616 52 19 617 75 5 618 10 31 618 27 12 618 39 31 618 63 25 619 35 29 619 63 26 619 73 14 619 77 26 619 83 18 619 96 29 620 0 23 620 75 14 620 92 5 621 22 20 621 48 1 622 82 4 623 22 28 623 61 4 624 47 9 624 51 9 624 67 22 624 83 30 624 87 1 625 1 10 625 50 5 626 5 6 626 42 20 626 63 22 627 31 29 627 57 4 627 77 4 627 79 8 627 86 8 628 64 24 628 73 4 629 3 18 629 7 25 629 19 31 629 62 5 630 7 17 630 13 1 630 17 31 630 83 5 631 3 2 631 85 29 632 2 22 632 60 6 633 8 11 633 12 22 633 42 16 633 46 26 633 71 28 633 72 4 633 79 12 634 29 30 634 86 21 635 3 29 635 7 10 635 43 5 635 46 22 635 60 28 636 26 8 636 46 23 637 80 27 637 86 21 637 88 22 638 56 7 638 89 24 639 5 19 639 32 29 639 97 5 640 18 12 640 37 28 640 53 25 640 63 15 641 6 21 641 24 17 641 56 9 641 72 4 643 42 14 643 47 15 644 19 16 644 59 12 645 5 4 645 7 10 645 9 9 645 33 14 645 69 5 646 4 28 646 36 28 646 39 29 646 83 8 647 63 15 647 85 14 647 98 16 648 74 29 649 49 30 649 55 12 649 70 31 649 74 28 649 98 9 651 50 17 651 52 13 651 59 26 651 89 7 652 20 12 652 80 1 653 2 5 653 50 14 654 72 21 655 74 19 656 41 10 656 67 1 656 82 6 657 33 12 657 63 5 657 98 5 658 16 11 658 100 8 659 9 14 659 16 15 659 41 8 660 20 6 660 38 10 660 51 15 660 60 21 661 22 16 661 40 4 662 29 18 662 36 17 662 68 7 662 68 19 662 77 14 662 83 22 663 18 23 663 45 2 663 48 30 663 56 24 663 72 16 664 10 10 664 26 19 664 32 24 664 77 25 665 31 11 665 36 15 665 58 25 665 74 11 665 86 17 665 100 28 666 54 27 667 58 28 667 80 17 667 83 12 668 90 13 668 99 17 669 24 9 669 50 0 669 75 12 670 85 0 671 70 29 671 84 2 672 9 13 672 35 29 672 81 4 672 82 25 673 2 22 673 15 27 673 56 29 673 91 26 674 22 16 674 75 6 675 45 6 676 18 15 676 20 12 676 40 6 676 91 21 677 12 18 677 13 16 677 44 19 677 56 8 677 89 23 678 2 29 678 62 21 678 87 6 678 100 9 679 25 18 679 27 16 680 36 24 680 70 30 680 99 23 681 0 27 681 6 22 681 14 6 681 34 30 681 41 14 681 45 7 681 92 25 681 93 16 682 5 26 682 12 4 682 32 9 682 41 26 683 12 13 683 31 22 684 18 1 684 27 6 684 46 6 684 57 18 685 42 26 685 52 1 686 71 13 687 81 30 687 93 26 688 43 12 688 69 19 689 1 20 689 28 6 689 41 9 689 51 9 689 53 28 689 82 15 689 96 9 690 1 16 690 84 30 691 24 3 691 51 25 691 86 21 692 46 26 692 67 29 693 11 7 693 52 3 693 61 28 693 87 9 694 40 3 695 20 6 695 99 28 696 67 3 696 68 16 696 76 16 696 77 5 697 6 9 697 30 19 697 56 31 698 60 5 699 17 11 699 25 14 699 28 8 699 39 24 699 62 23 700 23 2 701 72 27 702 70 21 702 74 27 702 78 19 702 95 3 703 21 20 703 25 7 703 39 8 703 86 4 703 92 15 704 8 3 704 30 29 704 36 7 704 56 25 704 75 6 705 14 0 705 46 27 705 95 29 706 1 24 706 85 16 706 86 13 706 95 23 706 100 0 707 72 4 709 5 16 709 47 13 709 63 22 709 99 0 710 68 8 710 75 23 710 76 10 710 78 24 711 48 22 711 59 7 711 75 6 711 76 21 711 97 29 712 48 8 712 49 17 712 56 11 712 88 27 713 4 0 713 20 12 713 85 29 713 97 20 713 98 3 714 23 8 714 24 16 714 96 13 715 63 14 715 76 3 715 88 1 716 3 9 716 45 7 716 96 29 717 21 20 717 37 10 717 46 28 717 55 19 717 65 23 717 77 30 717 80 0 717 83 8 718 38 13 718 50 9 718 77 28 719 1 3 719 27 28 719 34 24 719 40 11 719 41 0 719 76 12 720 10 11 720 45 31 720 52 15 721 12 6 721 28 18 721 43 17 721 44 10 721 66 30 721 88 20 721 95 11 722 59 0 722 62 29 723 57 0 723 91 25 723 100 20 724 22 6 725 4 3 725 23 30 725 48 14 726 37 15 726 90 17 726 95 5 728 14 20 728 32 5 728 45 19 728 51 6 728 54 8 729 33 8 729 45 9 729 79 8 730 12 23 730 21 21 730 29 23 730 72 27 731 3 6 731 15 23 731 15 24 731 65 0 731 79 18 731 80 25 731 87 23 732 26 19 732 28 16 732 79 1 732 81 7 733 9 8 733 35 28 733 65 2 734 77 10 734 89 17 734 89 18 734 91 20 735 87 11 736 15 3 736 76 13 736 95 21 737 37 6 737 83 6 738 34 7 738 65 30 739 14 6 739 20 26 739 37 27 739 67 3 740 2 19 740 7 18 740 19 2 740 22 17 740 59 9 740 86 2 740 88 12 740 100 7 741 0 19 741 89 18 742 12 4 742 13 2 742 45 22 742 79 8 742 96 5 743 11 14 743 15 30 743 30 14 743 67 12 743 78 28 744 56 22 744 82 2 745 15 30 745 33 24 745 75 10 745 86 9 746 17 30 746 56 27 746 66 25 746 70 10 746 83 26 747 5 16 747 10 27 748 86 23 749 37 12 749 38 16 749 60 17 749 66 11 750 14 17 750 33 9 750 94 20 751 100 8 752 14 5 752 27 25 752 50 17 752 98 14 753 29 14 753 92 1 753 99 30 754 40 30 754 86 27 755 3 24 755 11 20 755 80 21 756 0 16 756 24 0 756 47 9 756 47 27 756 85 14 757 10 19 757 53 26 757 59 9 757 75 1 758 11 15 758 53 27 758 64 27 758 75 25 758 86 11 758 89 31 759 20 6 759 29 31 759 61 19 759 83 3 759 88 5 760 0 15 760 47 3 761 82 14 762 74 29 762 86 28 763 24 28 763 55 16 763 74 26 763 82 29 764 22 9 764 64 23 764 77 7 764 98 0 765 51 29 765 55 15 766 0 21 766 53 30 766 74 25 767 14 31 767 30 4 768 2 14 768 48 2 768 64 16 768 78 28 768 87 20 769 19 14 769 48 31 769 62 5 769 63 5 769 74 14 769 96 15 770 11 23 770 24 24 770 42 22 770 51 17 770 61 2 770 69 27 770 81 3 771 19 8 772 0 5 772 1 25 772 3 13 772 12 0 772 35 14 772 72 4 772 76 19 772 82 22 773 45 10 773 73 23 773 83 1 773 91 13 774 6 16 774 12 24 774 63 31 775 11 2 775 42 24 775 94 22 775 97 4 775 97 18 776 8 8 776 10 8 776 21 2 776 96 16 777 35 30 777 49 28 778 28 4 778 30 2 778 32 12 778 53 12 778 67 21 778 85 0 779 1 22 779 22 27 779 30 4 779 32 19 779 53 31 779 70 6 780 41 4 780 51 20 780 63 25 781 64 14 783 9 23 783 10 10 783 27 15 783 37 1 783 38 9 783 76 24 783 85 4 784 51 5 784 55 10 785 53 29 785 62 28 785 96 29 786 23 26 786 27 1 786 36 22 786 45 1 786 56 14 786 82 9 786 99 28 787 28 1 787 33 29 787 91 14 787 97 10 788 28 22 788 36 27 788 49 3 788 87 13 789 33 19 789 81 26 790 21 1 790 29 28 790 76 27 790 88 23 791 1 2 791 76 19 792 1 27 792 6 20 792 7 28 792 12 7 792 44 17 793 2 10 793 18 11 793 52 5 794 2 12 794 7 11 794 8 9 794 37 11 794 37 26 794 42 11 794 52 13 794 57 9 794 74 26 795 84 30 796 12 27 797 0 9 797 70 4 797 87 7 798 6 30 798 41 2 798 95 29 799 77 1 799 100 20 800 63 9 800 89 26 801 25 16 801 30 14 801 54 23 801 87 25 801 99 29 803 18 27 803 82 12 804 21 31 804 93 9 805 11 27 805 54 21 805 63 22 806 13 6 806 29 0 806 29 15 806 82 30 807 16 28 807 79 15 807 81 16 808 20 21 808 34 12 808 57 7 809 50 9 810 63 31 810 100 28 811 20 14 812 43 3 812 50 27 812 87 28 813 36 7 814 8 28 814 31 13 814 32 10 814 62 4 815 46 7 815 84 6 815 87 10 816 0 21 816 50 4 817 4 2 817 34 1 817 39 15 817 45 1 817 45 11 817 58 22 818 26 24 818 32 19 818 38 13 818 67 23 819 6 21 819 41 7 819 90 6 820 1 19 820 62 18 820 67 21 820 93 7 820 96 6 821 5 4 821 87 1 822 4 30 822 54 19 822 55 29 822 75 15 822 80 20 823 37 3 823 48 2 823 66 16 823 76 25 824 35 28 824 43 25 824 54 17 824 56 27 824 77 18 824 82 9 825 12 17 825 49 1 825 50 28 825 66 11 825 93 7 826 20 9 826 80 20 827 35 8 827 72 10 827 73 23 827 100 0 828 28 11 828 65 12 828 82 26 829 71 27 830 11 24 830 43 1 830 49 15 830 66 18 830 80 11 831 19 23 831 53 2 831 79 17 832 32 27 832 41 24 832 64 2 832 78 7 833 35 29 833 96 22 834 37 8 834 51 26 835 6 7 835 12 22 835 25 3 835 52 11 835 87 17 835 88 3 835 100 29 836 84 17 836 86 23 836 89 24 837 36 17 837 37 11 837 58 11 837 96 23 838 30 27 838 84 6 838 89 18 839 39 14 840 77 4 840 84 30 841 30 19 841 66 30 841 84 14 842 59 21 842 99 15 843 26 24 843 85 14 844 7 27 844 20 24 844 33 28 844 37 10 845 24 5 845 45 13 845 70 19 845 72 13 845 83 3 845 95 11 846 71 25 846 94 2 847 0 25 847 7 7 847 25 25 847 26 23 848 11 4 848 99 26 849 45 10 850 5 23 850 7 3 850 27 20 850 29 1 851 0 10 851 8 28 851 18 24 851 31 21 851 34 10 851 45 23 851 49 19 851 84 9 852 3 2 852 10 24 852 33 25 852 48 11 852 63 23 852 93 14 853 20 17 853 30 29 853 60 19 853 83 15 854 4 12 854 5 26 854 20 2 854 77 28 854 89 2 854 91 12 855 23 28 855 47 28 855 76 26 856 64 30 856 75 9 857 13 12 857 42 15 857 58 29 857 62 3 857 69 22 858 44 9 858 46 12 858 52 5 858 64 6 859 55 17 859 63 10 859 64 4 859 69 7 860 0 21 860 1 4 860 13 25 860 57 7 860 79 4 860 79 8 860 92 21 861 3 5 861 27 25 861 44 31 861 78 2 862 40 16 862 60 21 862 78 2 862 84 24 863 37 16 863 46 6 863 51 17 863 85 15 864 24 24 864 32 22 864 33 15 864 66 6 865 12 7 865 52 12 866 1 11 866 24 3 867 0 25 867 3 30 868 34 3 868 85 11 869 35 20 870 53 11 870 58 30 870 65 16 870 69 21 870 92 10 870 99 9 871 83 6 871 84 15 872 3 11 872 21 27 872 58 23 872 70 21 873 68 3 873 68 12 873 79 24 874 42 7 874 48 0 875 39 2 875 53 1 875 69 7 875 96 25 876 40 6 876 48 2 876 56 14 876 79 19 877 32 15 877 44 30 877 46 31 877 53 16 877 60 13 877 64 5 877 68 19 878 2 3 878 31 25 878 51 26 878 86 3 879 19 22 879 26 4 879 57 14 879 69 16 879 82 19 879 83 15 880 15 10 880 20 17 880 74 26 881 51 25 881 52 25 881 57 5 881 96 13 882 19 16 882 50 31 882 61 15 882 88 28 882 91 1 882 95 17 883 24 17 883 60 0 883 89 1 884 24 28 884 25 21 885 8 14 885 15 24 885 50 13 886 21 14 886 29 1 886 42 31 886 47 4 886 64 15 886 76 16 886 87 6 888 33 25 888 49 11 888 70 14 889 63 4 889 76 1 889 93 6 889 94 2 890 8 10 890 43 17 891 11 29 891 52 10 891 55 2 892 15 26 892 29 5 892 40 21 893 27 12 893 51 20 893 77 16 894 3 6 894 21 12 894 36 20 894 64 12 895 1 27 895 60 31 895 98 2 896 14 18 896 37 15 896 39 14 896 44 0 896 44 27 897 28 12 898 21 17 898 61 13 898 64 7 898 73 31 899 21 6 899 42 20 899 86 25 900 6 13 900 8 0 900 16 13 901 19 4 901 19 28 901 33 2 901 34 7 901 39 3 901 60 23 901 83 10 902 91 25 903 18 18 903 36 16 903 65 25 903 86 17 903 97 30 903 100 21 904 11 17 904 31 2 905 35 8 906 49 7 906 60 28 906 91 31 907 1 11 907 20 0 907 37 6 907 44 8 907 70 20 907 85 5 908 3 23 908 22 21 908 52 3 908 66 18 909 17 22 909 38 29 910 0 8 910 22 27 910 56 9 910 85 5 911 10 18 911 31 0 911 59 17 911 74 11 911 92 2 912 21 15 912 53 0 912 62 30 913 26 29 913 39 8 913 49 27 913 69 22 913 85 20 914 19 13 914 23 14 914 35 19 914 43 22 914 73 31 915 50 18 915 95 23 917 21 14 917 38 15 917 47 22 917 81 11 918 21 3 918 43 13 918 45 9 919 1 2 919 13 6 919 81 19 919 84 10 920 17 4 920 43 7 920 52 20 920 60 14 920 98 0 921 0 19 921 20 25 921 96 6 922 16 6 922 16 14 922 41 16 922 69 7 922 78 6 923 44 7 924 64 10 926 13 19 926 47 9 926 52 7 926 78 7 927 14 5 927 45 25 927 59 15 927 71 14 927 75 26 928 24 17 928 34 29 928 42 22 929 16 11 929 37 0 929 55 6 929 82 12 930 19 19 930 51 29 930 53 16 930 66 0 931 23 14 931 32 19 931 40 5 931 50 23 931 71 7 931 76 12 932 9 25 932 12 17 932 23 28 932 38 19 932 53 14 932 99 9 933 0 3 933 14 0 933 17 7 933 58 13 933 74 13 933 74 15 935 19 13 935 21 21 935 35 9 935 62 9 935 68 17 935 68 22 935 96 12 936 39 11 936 57 27 936 96 30 937 4 9 937 19 9 938 13 17 938 43 17 938 59 27 939 2 8 939 7 3 939 25 28 939 66 1 939 87 19 940 26 22 940 47 3 941 7 6 941 22 16 941 36 23 941 42 7 941 52 29 942 42 17 942 69 27 942 92 2 943 41 7 943 81 25 943 90 28 943 95 12 944 4 9 944 6 20 944 39 3 945 18 13 945 96 21 946 7 2 946 25 15 946 38 16 946 60 3 946 100 3 947 77 26 948 0 14 948 29 2 948 68 6 949 0 7 949 3 14 949 3 20 949 45 24 949 55 6 949 83 11 950 72 31 950 75 29 950 86 21 951 6 21 951 82 18 952 7 3 952 14 17 952 19 0 952 29 29 952 33 19 952 74 28 952 84 22 953 9 9 953 29 30 953 65 11 953 78 25 954 37 20 954 54 17 955 6 26 955 31 28 955 43 31 956 35 22 956 47 10 956 69 10 956 80 20 956 84 25 956 85 30 957 4 8 957 11 27 957 28 7 957 82 1 958 55 26 959 23 30 959 39 6 959 57 31 959 58 27 960 55 7 960 85 14 961 34 5 961 93 10 962 21 0 962 29 18 963 94 24 964 92 22 964 92 27 965 13 22 965 31 27 965 32 7 965 63 5 965 70 21 966 20 15 966 21 5 966 40 17 966 46 19 966 96 12 966 98 17 967 1 7 967 37 31 967 45 28 967 49 25
253 2891 0.001 72 31 17 72 46 21 72 93 23 73 6 16 73 54 7 73 60 20 73 95 25 74 17 7 74 31 30 75 20 20 75 89 11 75 97 8 76 1 9 76 17 19 76 75 20 77 13 3 77 30 7 77 46 7 78 27 20 78 38 15 78 71 15 78 84 26 78 95 17 79 29 12 79 43 9 79 75 18 79 98 24 80 24 10 80 38 2 80 45 24 80 76 29 81 13 8 81 96 18 82 84 21 83 7 30 83 10 25 83 36 16 83 93 2 84 15 28 84 19 13 84 64 15 85 5 12 85 81 16 86 20 25 86 44 25 86 61 20 86 66 14 86 87 24 87 8 26 87 55 18 87 95 30 87 100 22 88 3 23 88 72 16 89 12 17 90 2 23 90 23 18 90 30 19 90 77 17 90 78 14 91 28 19 93 25 4 93 56 13 93 67 4 94 23 2 94 49 3 94 98 15 95 1 29 95 4 29 95 15 21 95 26 7 96 14 2 96 40 0 96 68 5 96 100 30 97 5 3 97 14 16 97 46 29 98 37 11 100 23 26 100 64 20 101 20 14 101 57 15 102 5 23 102 56 12 102 78 10 103 30 19 103 35 14 104 33 29 104 40 24 104 41 18 104 49 13 104 73 4 105 8 2 105 73 28 105 81 0 106 35 28 106 63 29 106 77 1 106 80 29 106 89 27 107 5 25 107 52 15 107 74 25 108 30 1 108 52 12 108 70 6 108 95 29 109 15 28 109 32 21 109 48 11 110 44 6 110 63 7 110 68 17 110 77 19 112 18 1 112 34 27 112 38 26 112 66 22 112 78 7 113 12 27 113 36 2 113 39 0 113 100 22 114 24 9 114 43 31 114 46 14 114 53 5 115 14 26 115 72 5 116 32 28 116 41 30 116 75 10 117 16 3 118 39 11 118 77 13 119 21 11 119 50 2 120 8 7 120 68 30 120 95 8 121 63 9 121 78 13 121 87 22 121 90 11 121 93 29 122 2 23 122 42 19 122 57 9 122 58 25 122 92 16 123 81 21 123 91 31 124 24 23 124 41 11 124 53 30 124 98 1 125 22 16 125 47 20 125 58 21 125 88 12 125 94 21 126 3 0 126 38 3 126 62 18 126 71 19 126 87 7 126 87 15 127 9 5 127 57 16 127 79 31 128 17 26 128 57 11 128 66 7 128 75 28 129 19 0 129 51 4 129 73 18 130 63 21 130 87 7 130 96 31 131 12 10 131 24 7 131 61 6 132 38 7 132 97 16 133 15 22 133 32 5 133 36 2 133 36 16 133 66 15 134 15 5 134 57 17 135 28 15 135 31 13 135 38 12 135 53 26 135 62 0 136 4 7 136 45 10 137 0 3 137 2 2 137 56 25 137 67 26 137 69 19 137 100 14 138 24 13 138 35 2 138 35 24 138 45 9 138 49 30 138 74 15 139 34 15 139 77 9 139 94 16 140 8 16 140 13 17 140 96 27 140 100 22 141 3 3 141 43 13 142 36 21 142 45 20 142 77 27 142 89 4 143 84 31 144 1 6 144 35 8 145 10 6 145 13 15 145 27 19 145 48 3 145 84 23 146 31 9 147 36 29 147 41 30 148 10 30 148 64 12 148 92 11 150 1 12 150 23 6 150 48 23 151 49 16 151 57 25 151 74 28 151 91 13 151 94 16 153 21 18 154 41 27 154 59 28 154 68 21 154 78 6 154 78 8 154 78 14 155 41 27 155 93 3 155 94 12 156 47 9 156 69 11 157 51 26 159 37 1 159 44 4 159 54 24 159 58 11 160 2 15 160 25 9 160 56 25 160 71 15 160 73 10 161 56 2 161 82 7 161 87 24 162 1 19 162 18 18 162 84 21 162 94 31 163 44 7 163 57 17 163 65 8 163 69 17 163 69 26 163 85 21 164 3 22 164 32 29 164 40 1 164 48 4 164 87 7 165 9 2 165 25 21 165 33 26 165 33 28 166 72 1 166 76 17 167 5 4 167 21 26 167 28 31 167 76 16 168 3 25 168 35 17 168 73 9 168 83 30 168 95 1 168 99 23 169 28 11 169 30 11 169 34 9 170 22 13 170 50 5 170 64 0 170 68 5 170 84 1 171 25 19 171 29 8 172 9 9 172 25 26 172 58 21 172 60 14 173 11 22 174 28 6 175 64 7 176 36 26 176 51 16 177 15 22 177 72 19 177 82 14 178 20 8 178 20 21 178 88 5 179 14 28 179 35 8 179 61 9 180 17 26 180 20 27 180 33 10 181 33 15 181 39 7 181 77 9 181 89 12 181 99 5 182 23 17 182 26 4 182 51 3 182 71 12 182 86 31 183 0 0 184 5 2 184 27 11 184 38 0 185 3 14 185 21 9 185 52 24 185 62 18 185 67 30 185 71 12 186 43 18 186 50 28 186 74 24 186 89 24 186 91 7 188 23 15 188 37 19 189 7 27 189 17 23 189 24 8 189 60 10 189 64 19 190 33 0 190 41 22 190 57 6 191 43 3 191 58 0 191 64 2 191 100 20 192 42 7 192 50 24 192 86 8 193 29 0 193 36 1 193 48 31 193 64 3 193 71 14 193 79 25 194 22 12 194 43 11 195 0 5 195 4 1 195 19 16 195 33 6 195 51 15 195 72 11 196 22 20 196 46 4 196 80 7 197 95 4 198 6 21 198 15 19 198 49 21 198 97 30 199 30 3 199 37 26 199 75 17 200 30 23 200 56 12 200 66 31 200 100 15 201 27 19 202 89 12 203 8 3 203 22 6 203 73 7 204 6 3 204 36 13 204 92 20 205 17 6 205 51 21 205 89 0 205 97 10 206 21 14 206 33 20 206 43 28 206 43 29 206 84 27 207 9 31 207 99 0 208 6 15 208 45 21 208 69 25 208 87 26 208 88 7 209 0 14 209 21 13 209 29 31 209 57 13 209 87 24 210 66 3 211 42 3 211 52 28 212 39 31 212 61 7 213 70 13 213 95 23 214 45 4 215 38 16 215 54 9 216 1 17 216 48 9 216 69 12 217 21 12 217 30 20 217 92 27 218 40 4 218 68 10 219 9 24 219 31 12 220 16 18 221 16 12 221 29 22 221 62 1 221 64 8 221 64 23 221 91 8 222 36 13 222 74 4 222 78 3 223 25 13 223 71 6 223 92 2 224 78 16 224 79 28 224 89 22 225 37 7 225 46 31 226 4 18 226 8 2 226 12 17 226 95 5 227 12 0 227 12 18 227 16 11 227 16 17 227 48 26 228 12 21 228 18 0 228 28 19 228 29 25 228 91 17 229 14 8 230 8 16 230 11 31 230 28 13 230 98 17 232 39 14 232 81 25 232 85 31 233 16 15 233 20 29 233 36 2 233 87 15 234 61 6 235 1 9 235 9 30 236 4 4 236 56 17 236 79 3 237 10 27 237 18 27 237 22 31 237 42 24 237 44 2 237 58 16 237 61 9 238 7 17 238 27 3 238 41 3 238 87 12 239 32 27 239 50 14 239 74 11 240 19 18 240 38 7 240 62 26 241 20 26 242 22 13 242 32 21 242 33 24 242 34 11 242 53 25 242 78 12 243 16 30 243 32 28 243 48 25 243 53 19 243 88 21 244 8 17 244 47 17 245 4 16 245 63 26 245 70 31 245 71 31 246 21 15 246 25 25 247 60 31 247 73 14 248 18 19 248 31 8 248 34 21 248 51 7 248 73 21 248 83 3 249 56 13 249 57 6 250 25 21 250 36 2 250 39 30 250 41 29 250 78 27 251 29 17 251 64 10 251 93 24 252 11 9 252 43 26 252 47 21 252 59 28 252 61 15 252 65 19 252 82 1 253 4 5 253 11 3 253 16 24 253 36 28 254 40 22 254 47 19 254 59 26 255 11 18 255 28 14 255 44 2 255 54 7 255 57 8 255 85 6 256 13 8 256 13 10 256 29 10 256 45 18 256 54 10 256 56 20 256 95 15 257 12 9 257 59 7 258 20 10 258 20 19 259 37 15 259 94 19 260 58 12 260 67 4 260 80 26 260 94 27 262 22 30 262 67 23 262 100 1 263 0 6 263 7 23 263 18 15 263 99 15 264 0 23 264 57 7 264 95 25 266 47 9 266 54 30 266 65 26 267 26 24 267 62 13 268 71 17 268 71 30 269 11 3 269 19 4 269 24 10 269 30 31 269 63 11 270 0 20 270 72 0 271 16 12 271 29 30 271 36 4 271 48 28 271 57 15 271 73 14 271 85 23 271 86 22 271 97 4 271 99 30 272 58 17 272 92 1 272 99 27 273 18 5 273 28 16 273 51 3 274 59 19 274 94 0 275 28 28 275 43 31 276 43 12 276 46 0 276 52 8 276 80 14 277 0 18 277 10 31 277 26 6 277 32 11 277 55 5 277 70 8 277 80 16 277 83 17 278 54 6 279 35 17 279 45 20 279 66 29 279 73 4 280 20 15 280 34 9 280 44 25 281 89 4 282 0 15 282 29 16 282 43 2 283 8 19 283 23 28 283 28 31 284 18 9 285 1 13 285 14 27 285 36 9 285 49 0 285 89 9 286 43 22 286 49 5 286 67 17 286 70 22 286 71 14 286 82 12 287 28 17 287 68 13 287 72 24 287 73 15 288 0 21 288 17 25 289 5 8 289 34 30 289 82 4 289 98 16 289 100 6 290 14 3 290 36 10 290 84 29 290 85 27 291 33 1 291 56 28 291 64 12 291 67 13 291 83 5 292 19 30 292 33 7 292 59 26 292 61 30 292 99 2 293 76 10 294 51 15 294 56 25 294 84 16 295 3 19 295 28 22 295 56 6 295 65 22 295 83 21 295 91 8 296 10 24 296 20 4 296 40 22 296 59 17 296 60 29 296 67 9 296 93 12 296 95 30 298 65 22 298 78 28 298 88 27 299 6 3 299 22 15 299 41 24 299 49 10 299 63 2 299 71 18 299 75 3 299 75 10 300 30 18 300 32 3 301 15 12 301 68 13 302 17 31 302 31 22 303 20 5 303 71 9 303 76 13 303 94 10 304 6 2 304 21 31 304 36 28 304 93 8 305 37 28 305 43 12 305 58 29 305 79 23 305 79 24 305 89 31 306 16 0 306 42 14 306 45 18 307 2 13 307 19 26 307 24 3 308 52 7 308 71 21 308 84 18 308 95 31 309 8 22 309 90 13 309 95 16 310 31 31 310 40 8 310 69 10 310 73 1 310 78 19 311 44 18 312 15 2 312 75 12 312 79 20 312 100 4 313 6 25 313 31 10 314 51 16 314 72 5 314 95 2 315 17 26 315 66 6 315 85 26 316 0 12 316 48 9 317 35 17 317 66 21 317 74 20 318 56 25 319 20 3 320 46 0 320 58 23 320 83 15 320 84 8 321 29 7 321 47 24 322 26 9 322 49 10 322 49 28 322 83 3 323 55 5 323 63 4 323 78 14 324 24 10 324 36 2 324 37 17 324 76 30 325 10 0 325 17 10 325 27 6 325 27 12 325 29 25 325 55 14 325 84 14 325 90 18 325 95 4 326 40 30 326 57 25 326 99 16 327 21 4 327 49 25 328 71 25 328 92 29 329 35 3 329 39 5 329 55 19 329 56 4 329 64 10 330 4 9 330 10 10 330 13 7 330 26 21 330 44 26 330 51 10 330 82 3 331 26 9 331 54 28 332 12 29 332 76 21 333 18 26 334 3 26 334 27 8 334 34 29 334 50 13 334 68 15 335 4 17 335 55 14 335 59 16 335 69 0 335 75 17 335 93 21 335 97 16 336 60 18 336 63 15 336 94 17 337 45 16 337 66 17 338 52 3 338 60 31 339 0 25 339 18 1 339 18 22 339 42 24 339 94 6 340 38 24 340 45 20 341 17 30 341 41 15 342 16 5 342 33 25 342 38 31 342 55 30 342 60 1 342 60 24 343 56 27 343 95 6 343 96 22 344 47 16 345 56 22 345 92 14 346 0 28 346 25 7 346 33 17 347 5 17 347 61 25 348 16 29 348 63 7 348 83 20 348 84 29 349 31 19 349 34 18 349 66 11 349 67 10 349 84 15 350 83 27 350 97 21 351 49 21 352 3 12 352 23 16 352 63 5 352 68 13 352 75 29 353 5 28 353 19 6 353 44 6 353 93 12 354 3 9 354 32 17 354 89 6 356 22 7 356 27 23 356 62 28 356 67 20 356 70 18 356 72 13 356 78 18 357 49 20 358 6 15 358 29 21 358 31 14 358 56 7 358 72 17 358 78 5 359 5 28 359 14 23 359 19 3 359 40 11 359 40 28 359 41 26 360 1 25 360 21 22 360 22 4 360 94 0 361 51 27 361 52 29 361 65 5 361 74 2 361 93 18 362 4 31 362 52 25 362 86 2 362 94 7 362 97 20 363 7 7 363 26 18 363 36 1 363 41 5 365 51 14 366 10 16 366 27 12 367 16 30 367 23 11 367 61 11 367 66 27 367 77 28 367 94 1 368 28 24 368 52 12 368 59 19 368 66 25 368 68 5 368 81 19 369 32 24 369 61 22 369 68 28 370 30 14 370 95 15 371 22 22 371 47 19 372 28 24 372 69 16 372 69 21 372 94 2 373 62 0 373 70 15 374 65 13 374 73 22 374 78 28 375 25 31 375 55 22 375 60 5 375 100 26 376 28 10 376 37 18 376 59 15 377 25 22 377 45 27 377 50 7 378 38 27 378 59 8 378 64 23 378 93 10 379 74 30 380 27 4 380 27 15 380 91 15 381 7 21 381 24 19 381 27 28 381 57 26 381 99 11 382 36 10 382 52 29 383 18 16 383 44 26 383 64 8 383 73 28 383 96 19 384 2 3 384 62 10 384 64 10 384 74 10 384 88 17 385 12 22 385 16 2 385 68 29 385 78 12 386 35 14 386 40 15 388 40 8 388 44 9 388 59 28 388 71 3 389 9 12 389 83 24 389 84 10 389 86 21 389 94 19 390 1 17 390 6 30 390 22 1 390 43 7 390 72 25 391 52 15 391 69 23 392 35 24 392 78 17 393 0 9 393 63 27 393 77 24 395 24 22 395 28 27 395 87 20 395 90 26 396 9 3 396 83 18 397 24 1 397 86 6 398 32 22 398 74 15 398 83 5 399 32 23 399 37 26 400 36 31 401 22 1 401 80 25 402 25 30 402 38 7 403 12 24 403 44 0 403 87 8 403 96 6 404 11 19 404 80 10 405 8 23 406 58 25 407 16 21 407 96 9 408 61 5 408 86 7 410 58 1 410 83 24 410 87 26 410 88 19 411 71 6 412 22 27 412 27 1 412 70 13 412 75 22 413 25 18 413 61 18 413 92 23 413 97 16 414 28 16 414 55 25 414 61 2 415 12 16 415 33 26 415 43 4 416 24 2 416 69 13 416 81 7 417 27 26 417 53 24 417 96 14 418 67 15 418 85 15 418 94 2 419 4 20 419 56 18 419 98 31 420 5 17 420 12 12 420 19 17 420 32 30 420 47 27 420 64 4 420 84 26 420 87 19 420 94 11 421 18 21 421 47 2 422 15 30 422 31 13 422 34 2 422 99 27 423 32 12 423 36 24 423 42 10 423 44 13 423 89 29 424 59 8 425 89 21 425 93 23 426 18 27 426 26 30 426 81 31 427 8 0 427 21 12 427 51 6 427 65 10 427 77 12 428 5 13 428 20 3 428 22 28 428 33 11 428 100 30 429 64 10 429 80 9 430 0 17 430 22 19 430 70 21 430 71 2 432 3 19 432 12 13 433 17 12 433 22 22 433 37 29 433 89 18 434 10 15 434 86 30 435 13 4 435 97 6 436 5 8 436 12 11 436 24 19 436 49 14 436 67 19 436 99 12 437 7 4 437 88 16 438 4 18 438 20 11 438 49 17 438 58 28 438 83 9 439 35 23 439 62 9 440 19 31 440 71 20 440 78 17 440 78 18 441 20 16 441 89 20 442 64 6 443 6 20 443 27 9 443 91 7 444 6 2 444 7 30 444 48 31 444 86 7 445 1 15 445 19 22 445 60 15 445 64 3 446 25 5 446 86 13 447 29 26 447 75 31 448 13 21 448 13 24 449 4 20 449 31 30 449 34 8 449 59 3 449 83 23 450 5 30 450 49 6 450 95 20 451 59 19 451 94 6 452 25 3 452 30 19 452 51 12 452 92 8 453 39 9 454 7 25 454 18 20 454 32 29 454 55 12 455 42 13 455 49 23 455 65 29 456 7 14 456 8 30 456 26 26 457 40 22 457 77 20 458 14 18 458 21 3 458 46 17 458 49 16 458 56 23 458 61 10 458 67 11 458 77 29 458 89 8 459 0 17 459 16 2 459 45 4 459 45 18 459 71 2 460 5 9 460 7 1 460 33 13 460 36 10 460 55 19 460 56 5 460 65 16 461 39 29 461 43 20 461 52 20 461 65 26 461 98 24 462 17 23 462 33 12 463 56 29 463 63 17 463 64 16 464 39 22 464 65 27 464 96 9 464 96 25 464 100 2 465 58 27 465 84 31 466 24 30 466 47 18 466 90 17 467 28 6 469 11 10 469 30 20 469 39 12 469 44 8 469 77 25 470 0 10 470 42 15 470 57 28 470 60 9 471 19 6 471 28 15 471 46 24 471 78 15 471 82 11 471 92 12 471 96 13 472 5 20 472 53 31 472 97 23 473 1 31 473 38 3 474 35 31 474 80 4 474 80 14 474 91 18 474 93 28 474 94 21 475 22 6 475 43 1 475 53 29 476 1 30 476 15 4 476 84 30 477 5 14 477 16 20 477 44 7 478 44 12 479 98 21 480 2 7 480 28 27 480 36 27 481 1 17 481 91 22 482 3 25 482 17 31 482 50 5 482 56 13 483 10 20 483 29 9 483 53 27 483 55 4 483 70 30 483 71 1 483 79 14 483 84 6 484 12 8 484 28 15 484 42 22 484 45 1 484 58 6 484 65 6 484 90 25 485 30 6 485 31 7 485 52 15 485 88 20 485 98 19 486 54 20 486 80 25 487 20 7 487 93 30 488 63 19 488 64 20 489 5 8 489 18 25 489 29 28 489 30 15 489 40 2 489 74 6 490 17 14 490 29 14 491 66 26 491 74 7 492 20 5 492 35 10 492 74 17 493 70 11 493 87 22 493 91 21 494 18 5 494 31 18 494 62 8 494 93 0 494 95 27 494 100 27 495 4 0 495 9 25 495 51 1 496 5 3 496 26 26 496 80 3 497 3 22 497 14 3 497 25 3 497 27 12 497 29 26 497 59 28 498 4 30 498 15 17 498 38 6 498 75 17 498 90 16 498 94 7 500 19 10 500 21 25 500 36 23 501 1 23 501 4 14 501 25 9 501 46 7 501 54 11 501 56 25 501 57 16 501 78 8 502 38 10 503 33 27 503 83 20 504 17 18 505 24 1 505 52 24 505 67 29 506 23 19 506 25 15 506 26 23 506 59 1 506 61 2 507 86 1 508 19 14 508 22 31 508 93 28 509 14 2 509 25 24 509 80 9 510 12 22 510 27 2 510 46 28 510 53 14 510 65 30 511 71 21 511 83 27 512 3 6 512 23 30 512 57 11 512 63 18 512 69 31 513 22 30 513 58 28 513 72 13 513 75 21 513 85 19 514 8 17 514 10 29 514 67 29 515 22 9 515 39 9 515 66 8 516 1 2 516 22 29 516 35 4 516 47 29 516 73 1 516 74 9 516 86 14 516 91 8 516 91 18 517 12 16 517 97 1 518 28 1 518 50 23 518 88 10 521 28 1 521 30 22 521 54 20 522 41 27 522 41 28 522 44 5 522 68 12 522 80 15 523 10 21 523 59 5 524 0 29 524 6 31 524 12 19 524 81 25 525 4 20 525 25 13 525 26 10 525 69 8 525 69 28 525 96 16 526 43 13 526 73 29 527 13 21 527 32 26 527 54 30 527 64 17 527 76 8 528 64 17 529 29 12 529 30 18 529 35 21 529 80 5 530 0 12 530 9 8 530 36 8 530 89 30 530 94 30 531 36 0 532 9 30 533 12 2 533 17 30 533 31 22 533 70 5 534 37 25 534 60 18 535 27 13 535 61 20 535 65 22 535 75 10 536 2 18 536 16 1 536 21 6 536 63 24 537 5 27 537 35 5 537 54 15 537 93 24 538 19 9 538 19 12 539 57 13 539 62 30 539 83 18 539 84 4 539 94 18 541 31 13 541 55 17 541 69 1 541 92 3 541 95 1 542 58 2 543 13 20 543 62 3 543 62 9 543 86 16 544 20 31 544 48 3 544 61 24 544 76 3 545 28 1 546 4 21 546 70 16 546 71 10 546 95 6 547 2 10 547 4 17 547 25 2 547 62 3 548 28 15 548 33 16 548 38 31 548 46 27 548 51 5 548 59 10 548 71 28 549 35 24 550 67 4 550 89 12 551 11 0 551 39 10 553 10 13 553 36 4 553 53 18 553 73 18 553 77 31 554 3 1 554 28 11 554 51 19 555 29 14 555 45 26 555 60 16 555 72 24 555 77 11 556 25 0 556 43 0 557 10 4 557 55 4 557 97 14 558 55 29 559 74 23 560 40 21 560 71 15 560 73 16 560 89 14 561 13 1 561 51 6 561 52 7 561 61 14 562 6 14 562 52 25 562 71 13 562 78 29 563 9 5 563 52 24 563 92 14 563 94 25 563 98 3 564 45 3 564 53 16 565 12 0 565 62 24 565 64 30 565 81 31 566 5 4 566 32 18 566 52 16 566 75 21 567 90 27 568 28 4 568 64 12 568 85 3 569 33 28 569 81 26 570 25 26 571 16 18 571 45 6 571 97 1 572 23 31 572 94 24 573 6 21 573 18 30 573 49 8 573 56 22 573 64 31 573 76 9 573 81 19 573 90 10 574 42 15 574 60 9 574 86 17 574 92 27 575 9 3 575 60 19 575 96 30 576 6 26 576 47 26 576 49 28 576 69 11 576 90 22 576 96 2 577 61 24 577 95 3 578 29 31 578 33 6 578 37 27 578 63 9 579 22 18 579 43 21 579 45 29 579 61 0 579 73 16 579 88 30 579 96 27 580 13 8 581 46 24 581 90 1 581 90 19 581 93 22 582 1 14 582 44 23 582 46 22 582 52 22 582 80 26 582 100 3 583 45 8 583 66 25 583 67 10 583 90 24 584 32 6 584 79 16 584 92 17 585 9 7 585 10 27 585 44 21 585 47 23 586 48 15 586 92 23 588 9 4 589 91 12 589 92 9 590 21 10 590 25 2 590 61 28 590 69 17 590 78 14 591 3 27 592 5 3 592 5 11 592 13 6 592 58 13 593 3 12 593 43 19 593 45 3 594 7 27 594 79 30 594 100 10 595 22 25 595 23 19 595 53 7 595 86 11 596 11 14 596 64 18 597 6 16 597 66 16 597 98 24 598 8 7 598 28 8 598 32 14 598 57 5 599 24 27 599 42 13 599 51 13 599 52 30 599 63 16 599 96 14 600 43 5 600 48 13 600 66 4 600 95 8 601 23 21 601 53 0 601 64 22 601 67 6 602 22 30 602 23 26 602 94 29 603 1 0 603 25 16 603 72 26 603 79 13 603 89 5 604 1 12 604 5 19 604 19 20 604 26 11 604 63 22 604 98 11 605 38 26 605 41 23 605 86 28 605 94 16 606 6 0 606 32 18 607 0 30 607 12 27 607 74 22 607 86 17 608 1 31 608 30 0 608 39 24 608 81 28 608 96 17 609 2 29 609 29 26 609 47 9 609 75 10 610 9 28 610 41 25 610 45 27 610 53 19 610 66 16 611 5 27 611 40 29 611 41 3 612 86 3 613 30 19 613 46 19 613 52 5 613 95 10 614 59 30 614 76 28 614 87 31 614 90 24 614 91 30 614 97 14 615 19 14 615 21 10 615 28 26 615 35 24 615 43 26 615 66 25 615 72 6 615 76 23 616 0 16 616 30 17 616 64 3 616 66 27 616 92 17 617 68 27 617 86 21 618 17 24 618 97 13 619 60 20 619 91 4 620 39 17 621 58 5 621 72 18 622 6 17 622 68 9 623 14 4 623 15 15 623 27 14 623 35 1 624 35 10 625 44 28 625 61 13 625 66 8 625 85 8 626 3 0 626 38 19 626 43 2 626 94 29 627 60 13 628 13 19 628 50 6 628 85 8 629 22 3 629 68 23 629 78 19 630 0 15 630 5 14 630 11 17 630 30 25 631 56 5 631 69 8 631 75 19 632 3 29 632 12 22 632 33 23 632 40 9 632 58 23 632 98 3 633 9 8 633 83 16 633 86 2 634 49 3 634 75 22 635 27 28 635 39 1 635 77 29 635 78 2 635 88 6 635 90 14 635 98 24 636 23 27 636 61 16 636 88 30 636 94 15 637 17 24 637 32 9 638 3 7 638 45 21 638 60 2 638 77 1 639 22 13 639 28 4 639 64 13 639 73 30 639 89 26 641 6 8 641 8 18 641 38 21 642 0 17 642 82 13 643 16 22 643 41 27 643 63 3 643 64 28 643 91 8 644 15 23 644 23 1 644 27 14 644 87 17 645 4 31 645 62 19 646 34 6 646 78 24 647 44 28 647 68 19 649 18 26 649 52 1 649 69 15 649 70 1 650 28 10 650 31 2 651 33 8 652 2 18 652 47 6 652 67 29 652 72 16 653 12 15 653 31 1 653 36 12 653 83 16 653 95 14 654 1 22 654 13 3 654 79 4 655 60 22 655 69 12 655 76 15 656 0 25 656 10 20 656 31 7 656 40 14 656 55 29 656 77 6 656 86 1 657 12 15 657 56 8 657 58 6 658 28 1 658 61 4 658 96 16 660 3 18 660 9 27 660 33 29 660 88 4 661 32 30 661 58 0 661 97 1 662 2 0 662 18 5 663 16 26 663 74 28 663 75 9 664 32 2 664 91 10 665 14 11 665 30 12 665 42 27 665 48 30 665 78 5 666 7 23 666 19 27 667 13 8 667 62 16 668 78 18 669 6 20 669 88 28 670 12 20 670 63 3 670 73 25 670 74 23 670 100 26 671 34 29 671 71 18 671 84 26 671 95 26 672 84 23 673 26 4 673 98 14 673 99 27 674 3 3 674 62 6 674 85 28 675 4 15 675 37 31 675 38 4 675 56 10 676 30 22 677 70 11 677 86 14 678 7 14 678 11 30 678 14 20 678 45 30 678 49 5 678 51 28 678 61 25 678 68 7 678 74 4 678 84 16 679 7 14 679 12 17 679 53 10 679 61 29 679 76 29 679 77 8 680 19 19 680 61 1 680 64 13 680 67 14 681 94 31 681 97 3 682 8 29 682 24 12 682 79 29 682 87 14 682 97 16 683 16 3 683 18 18 683 86 2 684 11 27 684 14 17 684 29 11 684 45 6 684 72 4 685 95 13 686 2 22 686 14 10 686 32 3 686 65 7 686 68 1 686 96 30 687 76 19 687 95 30 688 91 5 689 23 15 689 97 3 690 48 4 690 81 14 691 14 29 691 19 27 691 42 20 691 46 25 691 100 22 692 0 10 693 9 1 693 61 2 693 77 6 693 86 21 694 39 12 695 70 7 695 83 15 696 1 16 696 29 20 697 0 15 697 22 18 697 29 10 697 38 31 697 65 16 697 80 0 698 46 28 698 47 21 698 64 30 698 71 5 698 98 8 699 14 1 699 44 13 699 71 26 700 1 28 701 12 15 701 13 8 701 54 6 702 19 22 702 23 20 702 39 27 702 59 23 702 68 30 703 4 25 703 14 26 703 56 31 703 80 10 704 43 6 704 71 30 704 80 13 704 82 2 704 89 0 705 29 9 705 69 0 705 91 0 705 99 10 706 94 5 707 57 29 707 83 11 708 9 0 708 51 15 708 99 21 709 3 5 710 68 31 710 95 21 711 20 3 711 65 26 712 1 5 712 30 14 712 60 25 712 64 11 712 84 27 712 96 30 713 1 29 713 89 16 713 99 9 714 8 12 714 27 29 714 33 8 714 76 9 714 78 0 714 85 6 714 95 25 715 26 28 715 83 3 716 1 3 716 8 17 716 96 7 717 0 28 717 19 5 717 40 5 717 68 4 718 60 13 718 60 22 719 50 6 719 53 21 719 73 11 720 18 26 720 60 31 721 19 25 721 55 22 721 71 28 722 39 16 722 90 18 722 91 21 723 36 21 723 45 0 723 81 8 724 39 6 726 11 27 726 14 17 726 80 30 726 100 0 727 42 11 727 100 1 728 49 31 728 62 11 728 97 1 729 2 24 729 6 17 729 19 31 729 24 28 729 56 5 729 78 20 729 89 2 730 31 28 730 48 17 730 84 29 730 96 12 731 0 17 731 53 2 731 54 26 731 55 8 731 69 22 732 10 10 732 36 18 732 40 11 732 70 29 732 86 10 732 89 18 732 94 23 732 95 23 733 33 24 733 35 11 733 51 28 733 67 9 733 67 22 733 99 0 734 42 29 734 62 2 734 67 17 735 35 26 735 77 11 736 46 19 736 61 0 736 69 29 736 73 18 736 90 22 736 93 29 738 3 11 738 26 6 738 39 24 738 84 1 739 8 16 739 9 24 739 20 24 739 21 7 739 76 26 740 1 13 740 9 28 740 28 21 740 43 16 741 36 21 741 44 19 741 48 14 741 64 11 742 0 0 743 29 9 743 30 31 743 31 28 743 85 16 744 4 25 744 56 22 745 4 2 745 15 7 745 60 9 746 21 4 746 63 26 747 1 27 747 19 14 747 53 27 747 91 20 748 5 9 748 56 31 749 8 17 749 20 24 749 90 3 749 93 20 750 7 2 750 9 17 750 64 28 750 65 11 750 84 15 751 61 12 751 69 28 752 27 10 752 41 22 752 48 8 752 67 31 753 16 18 754 0 2 754 11 26 754 72 4 754 77 5 754 81 27 755 15 25 755 38 3 755 50 0 755 79 14 755 88 29 755 89 3 756 12 4 756 32 24 756 58 2 756 60 22 757 43 8 757 70 19 758 2 0 758 19 0 758 27 18 758 27 19 758 78 26 759 7 19 759 63 22 760 51 15 760 83 2 761 29 29 761 65 4 761 74 23 761 92 20 761 94 30 762 25 26 762 46 5 762 51 27 762 57 31 762 100 11 763 10 9 763 29 3 763 59 29 764 13 11 764 18 13 764 31 15 764 96 30 765 35 30 765 77 29 765 96 29 766 88 16 767 36 5 767 100 18 768 43 17 768 61 24 769 48 6 769 50 6 769 54 17 769 54 28 769 57 10 769 65 10 769 90 17 770 7 21 770 17 17 770 97 23 771 27 25 771 66 3 771 95 2 772 28 8 772 28 12 772 71 2 773 99 2 774 33 28 774 43 5 774 56 25 774 72 21 775 6 6 775 12 2 775 36 13 776 42 1 776 50 26 777 14 26 777 35 16 777 38 7 777 86 5 777 86 13 778 5 0 778 9 25 778 26 11 778 29 29 779 1 8 779 4 24 779 5 11 779 21 15 779 23 17 779 33 9 779 50 26 779 55 13 779 75 23 779 93 10 780 24 23 780 39 17 780 81 23 781 5 7 781 21 27 781 74 29 782 9 7 782 41 5 782 76 28 783 95 18 784 24 4 784 100 7 785 72 14 785 91 16 786 24 31 787 12 28 787 50 26 787 91 9 788 1 24 788 41 29 788 61 15 788 94 21 789 7 27 789 89 11 790 53 2 790 56 27 790 64 17 790 81 27 790 85 2 790 90 30 790 98 16 791 12 22 791 44 16 791 63 10 791 89 27 791 94 28 792 32 0 792 73 4 792 95 15 793 14 25 793 77 19 793 82 11 794 68 3 795 27 20 795 39 16 795 50 4 796 4 15 796 19 1 796 27 18 796 49 26 796 52 20 796 55 18 796 56 6 796 84 27 797 19 6 798 36 26 799 0 6 799 56 6 800 47 19 800 92 7 800 100 3 801 36 29 801 82 25 802 28 20 802 30 31 802 71 1 802 90 9 803 25 19 803 69 0 803 82 7 803 93 22 804 0 10 804 42 1 805 56 27 805 92 22 806 38 15 806 61 12 806 65 29 806 73 10 807 23 23 808 23 21 808 60 0 808 96 17 809 3 10 809 12 14 809 21 22 809 59 31 809 68 18 809 72 16 809 91 29 810 13 19 810 35 31 811 8 19 811 43 26 811 75 22 813 12 16 813 20 6 813 23 10 813 68 11 814 6 4 814 65 23 815 14 14 815 69 1 815 94 4 815 95 27 816 41 21 816 47 21 817 59 16 817 72 1 817 73 26 817 91 0 818 58 20 818 99 14 819 7 28 819 26 0 819 27 19 819 35 25 819 72 22 819 88 16 819 98 10 819 99 20 820 35 24 820 91 25 821 12 12 821 14 30 821 45 29 821 64 23 822 33 14 822 43 13 823 25 11 823 78 29 823 81 1 824 2 18 824 51 22 824 86 26 824 99 27 825 6 2 825 57 22 826 32 10 826 46 12 826 69 4 826 75 18 826 89 2 826 99 30 827 30 30 828 2 23 828 31 24 828 54 31 828 85 20 829 22 29 829 23 0 829 49 18 829 49 31 829 64 22 831 33 30 831 77 26 832 47 3 832 70 21 834 60 26 834 75 6 834 84 3 834 85 13 836 22 14 836 47 7 836 73 5 836 77 16 837 53 20 837 67 1 837 73 16 838 2 5 838 37 1 838 60 7 838 81 6 839 16 16 839 38 1 839 50 31 839 66 23 840 16 17 840 61 29 840 71 18 840 93 13 841 12 3 841 29 1 841 89 22 841 96 11 842 24 15 842 80 29 844 10 5 844 42 24 845 59 24 845 83 4 845 99 15 846 41 10 846 75 28 847 10 14 847 17 18 847 27 12 847 27 24 847 28 26 847 32 10 847 43 3 847 68 7 847 82 19 848 37 21 848 39 29 848 60 21 848 67 8 848 89 26 848 100 10 849 31 25 849 82 11 849 88 10 849 96 4 849 96 30 850 7 7 850 28 20 850 65 24 850 88 0 851 1 31 851 8 17 851 13 6 851 60 23 851 99 7 852 27 17 853 2 20 853 15 13 853 64 28 853 65 23 853 85 0 853 93 3 854 21 23 854 40 3 855 2 18 855 19 0 855 86 10 856 21 21 858 3 27 858 93 17 860 28 10 860 44 5 860 47 7 861 10 27 861 11 24 861 20 18 862 35 21 862 80 9 863 19 15 863 33 23 863 72 1 863 77 18 863 79 28 863 97 16 864 9 18 864 30 17 864 44 30 864 69 15 864 72 27 866 1 23 866 17 26 866 61 13 866 78 30 867 0 21 867 25 27 867 27 18 867 58 20 867 63 29 867 97 18 868 41 12 868 44 27 869 14 23 869 77 17 870 1 8 870 71 1 870 91 13 871 72 27 872 34 25 872 78 14 872 82 13 873 71 22 873 87 10 874 9 16 874 35 8 874 80 28 874 89 5 875 62 14 875 86 28 875 96 30 876 16 29 876 38 3 876 52 6 876 66 4 878 65 15 879 9 20 879 54 12 879 67 26 879 69 8 879 69 27 880 26 20 880 43 16 880 55 6 881 63 18 881 69 15 881 86 26 883 1 6 883 1 8 883 26 26 883 51 26 883 86 20 883 87 22 884 48 14 884 55 26 885 4 28 885 15 17 885 31 27 885 85 7 886 10 13 886 28 25 886 60 0 886 72 22 886 95 4 887 38 19 887 73 2 887 79 28 887 99 0 888 4 25 888 32 24 888 44 17 888 78 8 889 19 7 889 75 11 889 76 12 890 10 12 890 65 23 890 66 31 890 71 6 890 80 0 890 81 31 891 80 16 891 90 6 892 43 8 892 64 1 893 21 26 894 7 11 894 36 28 894 47 23 894 51 13 894 60 31 894 64 0 894 68 18 895 35 31 895 47 30 895 83 0 896 15 17 896 19 2 896 44 25 896 74 5 897 0 13 897 33 9 897 70 20 897 87 15 897 98 27 898 12 0 898 12 17 898 13 19 898 21 23 898 82 26 899 71 28 900 30 12 900 69 24 901 58 6 902 1 17 902 40 14 902 80 22 902 91 19 903 45 17 903 78 30 903 81 9 904 0 5 904 14 4 904 29 16 904 34 1 904 35 0 904 83 17 905 88 22 905 99 18 906 91 30 906 96 12 907 6 15 907 31 5 907 68 5 907 75 18 908 2 10 908 5 17 908 64 14 909 37 7 909 72 29 910 8 14 910 29 12 910 46 8 910 50 17 910 95 15 910 98 31 911 16 9 911 28 20 911 29 31 912 86 16 913 13 27 913 16 25 913 80 20 913 89 30 914 10 15 914 32 5 914 52 27 914 68 17 914 87 14 915 9 9 915 41 24 915 55 31 915 56 23 916 16 2 916 18 3 916 27 3 916 33 22 916 70 31 916 93 8 917 2 25 917 21 5 917 52 10 917 57 26 917 67 19 917 67 26 917 76 10 917 84 24 917 88 22 918 25 2 918 34 7 918 62 14 918 77 1 918 89 12 919 16 12 919 76 15 920 7 16 920 16 25 920 24 29 920 75 1 920 83 17 920 88 0 920 88 30 920 99 19 920 100 6 921 2 2 921 14 30 921 47 12 922 55 15 922 56 12 923 28 0 923 50 17 923 82 1 923 86 23 923 99 24 924 46 28 924 74 28 925 1 19 925 65 18 925 94 15 926 16 0 926 58 7 926 66 3 927 33 23 927 42 26 927 46 21 927 51 8 927 54 12 927 100 10 928 39 10 928 56 18 929 14 9 929 23 26 929 44 29 929 54 5 930 16 30 930 85 26 930 86 3 931 28 26 931 66 12 932 36 16 932 63 8 932 65 9 933 97 18 934 79 17 934 99 10 935 96 17 936 53 7 936 95 5 937 1 31 937 29 11 938 35 15 938 90 28 939 24 24 939 65 5 940 13 15 940 21 22 940 36 16 940 38 10 940 44 17 940 46 7 940 73 25 940 74 6 940 84 29 940 96 2 941 69 18 941 81 5 942 57 16 942 79 6 942 80 17 942 81 29 942 88 23 943 2 26 943 32 11 943 59 21 943 90 23 944 10 9 944 22 16 944 27 27 945 0 15 945 33 4 945 92 0 946 26 22 946 48 10 946 54 27 946 76 3 946 99 29 947 68 0 948 54 31 948 77 3 948 79 2 949 5 31 949 50 14 949 82 15 951 3 0 951 15 18 951 37 31 952 4 27 952 31 23 952 56 8 952 58 4 952 61 22 953 16 16 953 38 6 953 39 27 953 52 7 953 95 17 954 11 0 954 23 10 954 24 16 954 33 23 954 44 30 954 52 11 955 16 31 955 46 10 955 64 13 955 72 26 956 3 6 956 35 18 956 51 17 957 0 29 957 12 11 957 73 16 957 82 21 958 11 8 958 100 26 959 23 26 959 33 28 959 38 23 960 11 25 961 55 13 961 62 16 961 98 23 962 16 17 963 27 30 963 53 5 963 68 18 963 86 2 964 35 11 964 41 20 964 59 1 964 70 2 964 85 12 965 40 29 965 85 16 965 86 4 965 90 24 966 2 12 966 21 28 967 33 19 967 53 23 967 71 21
254 2891 0.001 72 35 27 72 36 25 72 43 24 72 85 22 73 56 31 74 94 23 75 10 11 75 31 16 75 85 1 75 93 1 76 22 10 76 33 14 76 75 31 77 18 10 77 32 29 77 59 0 77 75 25 77 81 10 78 2 30 78 48 18 78 86 9 78 95 29 79 31 18 79 58 7 79 70 23 80 9 0 80 50 28 80 67 6 80 94 14 80 96 2 81 13 25 81 32 4 82 12 8 83 93 26 84 45 1 84 60 21 84 72 6 84 75 25 84 77 9 84 82 10 85 1 16 85 35 0 86 10 20 86 17 30 86 32 2 86 62 0 86 90 9 87 53 11 88 68 6 89 10 18 89 22 12 89 62 26 89 95 5 90 29 2 90 31 8 90 32 25 90 40 12 91 5 12 91 5 16 91 13 10 91 26 21 91 43 16 91 80 6 91 99 13 92 6 8 92 10 11 92 64 18 92 65 2 92 74 27 92 82 21 93 24 29 93 27 26 93 30 12 93 74 7 94 4 28 94 18 31 94 58 30 94 63 0 94 96 13 95 12 16 95 23 28 95 25 13 96 9 10 96 36 9 96 41 29 96 64 4 96 95 4 97 25 2 97 53 2 97 77 29 97 93 3 98 4 11 98 27 9 98 30 27 98 47 25 98 56 21 98 57 22 98 61 19 98 88 0 99 8 12 99 98 21 100 14 25 100 44 7 100 46 16 100 59 20 100 79 2 101 19 26 101 24 17 101 63 23 102 8 11 102 52 6 103 14 24 103 36 31 103 45 25 103 79 17 104 0 27 104 39 10 104 74 25 104 96 12 106 28 9 106 91 31 106 96 6 107 49 20 107 61 18 108 7 1 108 60 10 109 6 6 109 13 16 109 16 0 109 23 2 109 25 17 110 16 26 110 74 25 110 86 1 110 90 10 111 0 23 111 10 13 111 65 15 112 4 4 112 5 19 112 24 2 112 35 4 114 7 29 114 75 11 115 3 17 115 57 30 115 78 1 115 88 3 116 42 2 116 42 28 116 46 29 116 77 29 116 100 23 117 42 18 117 53 24 118 35 18 118 43 16 118 52 27 118 85 10 119 57 16 120 37 27 120 48 4 120 77 29 120 80 20 120 99 13 121 7 30 121 32 19 121 44 12 121 85 29 122 11 1 122 29 9 122 54 16 122 59 17 123 89 13 124 18 4 124 20 18 124 36 24 124 37 8 125 1 29 125 8 4 125 23 0 125 42 27 125 56 15 125 72 27 126 7 4 126 22 19 126 23 30 126 30 24 126 68 0 127 6 6 127 60 14 127 93 0 128 84 8 129 31 2 129 52 1 129 65 1 130 4 20 130 24 20 130 29 22 131 24 21 131 29 5 131 86 19 132 18 16 132 48 16 132 79 2 133 25 16 133 54 0 133 64 2 133 98 8 134 34 31 134 76 20 134 91 24 134 97 18 135 11 6 135 15 13 135 75 11 135 82 4 135 94 19 136 31 19 136 63 29 136 70 12 136 71 23 136 92 27 137 6 25 137 78 31 137 88 17 137 89 13 138 17 15 138 22 27 138 34 6 138 81 8 138 84 19 138 94 20 140 3 10 140 44 23 140 67 25 141 47 0 141 92 5 142 6 14 142 99 11 144 17 22 144 50 23 145 13 24 145 29 19 145 41 24 145 58 26 146 16 7 146 36 25 148 12 15 148 38 17 149 50 17 150 64 5 150 69 26 151 7 13 151 37 18 151 44 18 151 55 7 151 56 30 152 28 30 152 33 18 154 21 22 154 49 30 154 51 19 155 29 3 155 47 20 155 83 8 156 7 12 156 9 14 156 20 9 156 22 16 157 16 14 157 26 23 157 27 4 157 45 30 157 67 19 158 8 2 158 82 16 159 38 19 159 60 3 159 77 11 159 92 24 159 98 19 160 5 31 160 29 20 160 33 5 160 92 1 161 37 24 161 77 10 161 84 9 161 84 23 161 96 14 162 14 11 163 14 1 163 20 16 164 10 4 164 24 10 164 37 20 165 4 5 165 49 21 165 52 23 165 59 4 165 61 11 165 63 2 165 95 25 166 41 3 166 42 12 167 47 3 167 50 1 167 72 25 168 7 2 168 79 11 168 89 26 168 90 19 169 35 31 169 51 15 169 81 25 169 98 1 170 61 8 170 75 24 171 32 26 171 39 1 171 87 26 172 17 7 172 23 4 172 27 17 172 42 12 172 53 14 172 62 30 173 7 3 173 15 31 173 21 24 173 29 10 173 46 15 173 69 21 174 40 2 174 80 18 175 33 28 175 58 27 175 64 22 176 0 4 176 98 18 177 23 14 177 25 0 177 96 20 178 38 8 178 47 29 178 52 1 178 58 1 178 88 4 178 98 6 179 39 3 179 69 11 180 25 16 180 36 31 180 69 26 180 74 2 180 82 18 181 20 30 181 27 14 182 40 23 182 98 6 183 64 16 183 77 26 184 97 14 185 29 30 185 37 15 185 47 22 185 96 17 186 5 12 186 42 29 186 92 21 187 18 11 187 53 12 187 68 18 188 58 20 188 67 11 188 77 9 189 2 19 189 21 5 189 24 24 189 26 21 189 80 22 189 82 10 190 42 25 190 57 18 190 97 15 191 69 28 191 89 19 191 93 11 191 98 18 192 56 31 192 60 26 193 26 0 193 56 5 193 69 31 193 100 29 194 1 28 194 15 24 195 14 9 195 45 1 195 58 13 196 35 2 196 46 4 196 97 12 197 96 25 198 22 5 198 28 27 198 42 13 198 49 21 198 54 5 198 98 2 198 99 29 199 75 4 200 2 23 200 3 9 200 13 8 200 80 29 201 2 0 201 48 18 201 60 31 201 69 0 202 11 12 202 17 19 202 84 15 202 93 17 203 9 18 203 72 15 204 2 16 204 12 5 204 21 6 204 52 6 204 66 4 205 27 2 205 33 3 206 64 17 206 82 26 207 3 27 207 8 23 207 25 30 207 37 22 207 52 31 207 92 20 208 11 20 208 12 2 208 29 9 208 33 11 208 52 3 208 70 29 209 30 13 209 99 2 209 100 26 210 6 20 210 8 2 210 32 2 210 79 9 211 2 31 211 21 28 212 30 10 212 33 10 212 68 30 213 1 24 213 3 3 213 29 29 214 53 21 214 62 7 214 77 19 214 93 4 215 8 11 215 18 23 215 93 25 216 3 31 216 100 13 217 62 23 217 71 14 217 96 13 218 67 13 218 100 20 220 31 9 220 97 0 222 2 14 222 35 21 222 61 4 222 65 13 223 6 11 223 33 18 223 66 28 223 76 23 224 32 27 224 60 16 225 47 17 225 63 5 225 94 7 225 96 29 226 87 0 227 0 31 227 44 20 227 61 8 227 77 7 227 78 5 228 15 30 228 36 23 228 52 14 228 77 16 228 90 15 229 47 8 229 73 19 229 91 4 230 1 23 230 14 31 230 16 31 230 17 16 230 58 26 230 59 12 230 86 12 231 30 3 231 45 2 231 93 16 232 37 18 232 44 31 232 58 12 232 66 0 233 45 28 233 69 3 233 75 7 233 90 21 234 93 20 235 22 22 235 55 9 235 94 26 236 39 31 236 62 27 237 11 27 238 63 25 239 50 23 239 54 29 239 80 3 239 95 20 240 2 5 240 53 25 240 60 18 240 81 6 241 88 25 242 17 24 242 88 24 243 2 19 243 4 26 243 10 2 243 13 15 243 29 14 243 70 5 243 74 3 244 45 30 244 46 18 244 49 19 245 35 13 246 16 5 246 98 22 247 0 9 247 42 23 247 84 22 248 6 13 248 18 26 248 42 6 248 94 20 249 28 22 249 39 1 249 42 20 249 42 31 249 58 25 249 93 6 249 96 3 250 0 22 250 55 11 250 63 24 250 96 4 251 83 2 251 89 29 251 99 28 252 57 28 252 72 23 252 77 18 252 83 19 253 8 9 253 28 18 253 33 4 253 91 29 253 97 18 254 1 17 254 5 22 254 25 28 254 37 28 254 84 20 254 89 5 255 52 3 255 64 2 256 30 11 256 38 4 256 55 6 256 94 11 257 40 22 257 48 17 257 61 0 257 62 7 257 62 28 258 7 22 258 41 28 259 33 28 259 85 7 260 45 27 260 99 0 261 42 3 261 51 15 261 71 7 262 2 6 262 32 6 262 58 7 262 62 12 263 1 0 263 2 21 263 32 10 263 42 24 263 57 0 263 75 19 264 46 14 264 47 2 264 48 27 264 64 14 264 69 22 264 70 14 265 42 13 265 62 27 265 77 19 265 100 6 266 44 0 267 39 13 268 11 26 269 60 24 269 64 20 269 70 6 270 56 31 270 67 14 270 70 19 271 29 14 272 32 28 272 43 19 272 45 31 272 60 3 273 26 26 273 32 22 273 38 23 273 43 20 273 53 9 273 82 28 274 23 21 274 29 16 274 38 7 274 55 31 274 58 4 274 80 11 275 40 23 275 48 4 275 76 28 276 12 18 276 36 16 276 90 9 277 14 27 277 21 28 277 51 25 277 56 9 277 69 13 278 28 8 278 75 20 278 92 30 278 100 18 279 22 27 279 31 30 279 97 5 279 99 31 280 10 17 280 53 8 281 22 13 281 26 15 282 20 21 282 38 7 282 49 8 282 58 9 283 50 10 283 52 31 283 86 14 284 12 29 284 18 10 284 30 13 284 64 12 284 85 24 284 86 3 284 92 31 284 100 19 286 16 30 286 49 27 286 59 13 286 86 18 287 21 3 287 40 10 287 77 23 287 89 17 287 95 30 288 0 12 288 11 29 288 13 11 288 21 23 288 28 7 289 30 6 289 41 20 289 63 8 289 65 4 289 91 10 290 36 17 290 62 13 290 95 2 291 12 6 291 12 31 291 24 0 291 55 30 291 63 29 292 4 3 292 22 2 292 84 8 293 80 1 294 3 9 294 9 2 294 19 14 294 31 2 294 42 11 294 45 17 294 80 10 294 82 26 295 39 15 295 40 10 295 44 19 295 47 18 295 50 23 295 57 30 295 59 30 295 95 14 296 23 20 296 55 11 296 62 6 296 72 11 297 5 24 297 16 17 297 43 16 297 43 17 297 55 14 298 66 11 298 74 28 300 13 26 300 44 24 300 45 7 300 59 4 301 73 20 301 86 26 302 53 21 302 82 18 302 83 3 303 58 5 304 45 18 304 63 13 305 52 11 305 56 26 305 76 4 306 59 21 306 61 29 307 11 13 307 69 19 308 1 30 308 9 22 308 10 17 308 26 19 308 85 29 309 3 9 309 55 0 309 61 17 309 74 29 310 0 26 310 33 4 310 40 13 310 54 23 310 88 23 311 30 31 311 43 30 312 58 15 312 71 3 312 73 11 312 84 20 313 30 15 314 96 5 315 71 8 315 96 7 315 99 21 316 58 9 316 82 5 316 88 8 316 89 20 316 91 25 317 4 8 317 43 3 317 47 19 318 30 29 318 31 8 318 86 2 318 89 21 318 93 4 319 28 5 319 56 21 320 29 31 320 34 21 320 65 6 320 79 11 321 10 27 321 55 14 322 9 12 322 84 16 322 97 10 323 24 18 323 49 31 323 63 15 324 7 10 324 77 24 325 30 16 326 5 26 326 11 2 326 65 13 327 21 11 327 26 20 327 46 11 327 93 0 328 97 5 329 21 30 329 39 24 329 97 13 330 52 21 330 72 13 331 34 10 331 95 25 332 42 14 332 59 11 332 83 0 333 77 28 333 90 26 335 57 26 335 100 21 336 68 12 336 72 6 336 84 24 337 24 15 337 36 14 337 47 11 337 54 22 337 79 27 338 74 2 339 32 13 339 40 3 339 49 22 339 84 12 339 92 11 340 10 31 340 51 9 341 38 5 342 26 17 342 29 19 342 94 18 343 26 5 343 27 6 343 36 26 343 39 4 343 40 12 343 43 18 343 97 21 344 55 9 344 90 15 345 38 2 345 56 28 345 58 10 346 92 15 347 8 14 347 18 12 347 24 20 347 29 17 347 97 25 348 24 5 348 27 26 348 54 11 348 71 13 348 94 17 349 18 28 349 52 1 349 62 22 350 2 8 350 14 26 350 44 21 350 66 5 351 14 23 351 32 15 351 41 31 351 100 17 352 6 13 352 92 21 353 28 7 353 69 30 353 100 5 354 27 8 354 77 6 354 79 21 354 85 1 355 21 21 355 38 12 355 46 5 356 8 8 356 9 0 356 10 23 356 11 1 357 11 18 357 22 30 357 26 15 357 26 17 358 36 4 359 1 28 359 81 2 359 81 20 360 39 10 360 59 3 360 79 10 360 86 21 361 1 8 361 3 5 361 36 4 361 37 14 361 39 21 361 54 1 361 62 12 361 63 22 361 81 3 362 15 20 362 16 23 362 52 1 362 65 15 363 52 3 364 21 5 364 21 19 364 36 6 364 44 25 364 68 16 365 34 17 365 38 8 365 56 16 366 81 30 367 70 6 367 96 28 368 7 20 368 22 14 368 28 5 368 68 6 368 85 11 369 59 26 370 34 6 370 59 23 371 52 16 371 63 24 371 74 20 372 66 26 373 1 10 373 36 0 373 97 8 374 6 18 374 31 16 374 38 18 374 41 1 374 57 24 374 59 13 374 83 13 375 21 12 375 87 27 376 20 15 376 38 30 376 69 5 377 16 9 377 36 2 377 39 28 377 62 15 377 73 14 377 92 16 377 96 31 377 99 16 379 2 26 379 43 6 380 0 4 380 29 10 380 60 4 380 91 8 381 6 0 381 72 27 382 3 1 382 33 22 382 57 1 382 90 30 383 6 1 383 19 5 383 29 9 383 34 14 383 85 20 384 16 26 384 22 9 384 70 8 384 83 16 385 22 22 386 3 16 386 80 7 387 66 21 387 81 25 388 10 4 388 56 27 388 59 29 388 69 22 389 84 29 390 61 28 390 68 24 390 88 9 391 11 31 391 13 7 391 35 24 391 57 23 392 36 11 393 18 24 393 19 15 393 56 19 394 50 23 395 42 10 395 83 3 396 27 9 396 47 7 396 55 16 396 57 14 396 60 13 396 60 24 396 70 10 397 23 13 397 50 1 397 52 27 397 75 16 397 81 23 398 67 15 399 37 13 399 43 2 399 55 23 399 85 3 400 52 2 401 57 6 401 61 12 402 97 19 403 3 30 403 18 7 403 66 16 403 81 14 404 28 31 404 99 10 405 67 12 406 26 6 406 95 14 407 29 28 408 1 15 408 9 23 408 45 2 408 95 18 408 98 22 410 1 10 410 52 5 410 58 5 410 89 3 412 68 24 412 73 8 412 84 18 412 92 28 413 6 21 414 13 25 414 13 28 414 25 6 414 53 20 414 86 6 415 28 1 415 28 24 416 4 30 416 33 30 416 54 10 416 67 22 416 94 31 417 47 7 417 63 21 418 58 30 418 75 3 418 92 21 419 3 10 419 25 16 419 45 1 419 71 1 419 95 0 420 74 20 421 16 28 421 43 14 422 1 2 422 37 1 422 54 24 422 74 5 423 9 29 423 57 23 424 9 13 424 18 22 424 24 3 424 26 29 424 54 10 424 87 19 424 93 6 424 94 4 425 0 12 425 69 31 426 7 24 426 29 15 426 52 5 426 90 31 427 15 15 427 15 18 427 18 19 427 63 20 427 83 21 427 95 21 427 99 19 428 45 25 429 16 30 429 44 5 429 69 22 430 19 11 430 31 22 430 34 22 430 88 9 431 4 11 431 25 22 431 66 19 431 78 2 431 90 7 432 34 10 432 35 23 432 57 6 433 5 2 433 22 29 433 24 8 433 90 11 434 43 25 434 69 12 434 82 7 434 98 18 435 15 26 435 35 14 435 44 30 435 65 29 435 69 8 435 75 16 436 48 31 436 80 3 436 92 12 437 56 11 437 70 20 438 75 25 438 96 16 439 13 5 439 71 7 440 13 27 441 79 3 442 11 18 442 29 17 443 38 12 444 14 3 444 19 17 444 74 28 445 30 27 445 66 11 445 88 17 446 27 31 446 37 20 446 48 31 447 30 29 447 57 23 448 22 26 448 25 28 448 46 2 448 72 0 448 86 21 448 98 31 449 39 7 449 75 26 450 18 3 450 63 18 451 13 22 451 24 31 451 47 19 451 56 13 451 70 29 451 90 5 452 72 10 453 4 25 454 61 20 454 68 20 455 28 17 455 39 12 455 54 19 455 63 5 455 69 25 455 91 12 455 94 27 456 21 5 456 84 7 456 87 11 457 50 16 457 81 17 458 19 18 458 22 4 458 34 22 458 36 21 458 53 6 458 67 20 458 100 2 459 45 25 459 61 29 459 67 28 459 91 31 460 31 28 460 67 12 461 4 27 461 45 9 461 65 1 462 70 17 462 72 20 463 48 19 463 62 10 464 58 30 464 80 8 464 94 19 465 4 6 465 11 0 465 13 14 465 35 18 465 52 15 465 61 6 466 47 24 467 3 27 467 24 6 467 24 23 467 34 16 467 82 0 468 32 8 468 36 7 469 65 3 470 30 25 470 75 24 471 68 26 471 78 31 472 31 21 472 38 9 472 44 12 472 100 26 473 42 31 474 15 10 474 42 0 474 67 3 474 75 11 474 96 8 475 66 2 476 72 0 476 87 12 477 17 14 478 4 14 478 39 3 478 57 14 478 76 27 478 96 1 479 38 10 479 63 27 479 95 2 480 28 31 480 46 2 480 73 30 480 75 24 480 84 21 481 8 19 481 38 7 482 47 30 483 33 2 483 40 20 483 55 24 485 7 16 485 14 11 485 99 4 486 8 14 486 22 3 486 23 24 486 62 12 486 63 7 487 33 10 487 59 29 487 61 8 487 61 28 487 80 19 487 95 5 488 28 5 488 42 11 488 47 31 489 87 15 490 40 2 490 70 26 490 91 7 491 71 15 491 75 7 491 100 18 492 35 6 492 39 6 492 72 0 492 94 25 493 29 18 493 39 19 493 77 26 493 99 31 494 21 6 494 27 23 495 43 8 495 46 16 495 83 29 496 61 19 497 30 3 497 50 16 498 8 3 498 24 29 498 41 3 499 15 13 499 39 20 499 44 1 499 78 19 499 90 12 499 90 17 499 90 24 500 68 27 500 71 30 501 85 25 501 89 13 502 16 31 502 19 31 502 22 26 502 42 2 502 96 30 503 38 20 503 45 27 503 69 15 503 86 23 504 10 19 504 29 21 504 81 16 505 9 10 505 44 18 505 71 18 506 25 27 506 90 7 506 100 22 507 4 29 507 78 15 507 86 1 508 46 30 508 47 11 509 12 20 509 86 15 509 89 29 511 34 8 511 45 31 511 81 20 512 17 3 512 23 6 512 38 24 512 54 1 512 85 4 513 4 17 513 25 7 513 53 14 513 54 31 513 97 26 514 22 24 514 23 8 514 25 18 514 68 26 514 91 7 515 40 0 515 61 1 515 61 9 516 30 13 516 40 7 516 57 10 516 63 25 516 64 16 517 52 10 518 13 14 518 14 6 518 20 30 518 24 9 518 57 23 519 7 18 519 65 13 519 67 8 519 80 14 519 100 22 521 28 16 521 29 15 521 62 19 522 19 8 522 27 16 522 33 0 522 39 16 522 52 31 523 63 18 523 73 14 524 41 20 524 50 6 524 93 0 525 7 5 525 17 29 525 44 17 526 3 29 526 57 20 527 39 3 527 62 17 527 68 1 527 69 1 528 97 2 529 30 9 529 45 24 529 64 2 529 73 14 530 49 18 531 6 16 531 22 7 531 73 22 531 75 25 532 3 21 532 52 24 533 55 17 533 77 29 533 79 5 534 3 28 534 31 10 534 32 29 534 45 27 534 56 15 534 73 27 534 83 16 534 89 8 535 6 9 535 16 29 535 69 3 536 57 11 536 57 20 536 86 15 536 95 16 537 45 23 537 56 18 537 84 26 537 87 4 537 87 22 537 93 7 538 16 30 538 35 17 538 49 19 538 59 2 538 93 31 539 39 15 539 64 23 539 100 2 539 100 7 540 18 14 540 28 17 540 61 24 540 74 26 540 85 15 540 98 7 541 59 5 541 61 18 541 87 3 542 11 12 542 24 19 542 32 12 542 74 31 543 43 26 543 80 28 543 84 30 543 91 16 544 37 25 544 95 29 544 96 16 545 13 20 545 51 11 545 52 24 546 30 13 547 6 28 547 18 0 547 41 20 547 74 5 548 20 20 548 37 5 548 48 8 548 83 12 548 87 8 549 23 14 549 27 4 551 22 24 551 61 15 551 80 15 552 33 23 554 70 12 554 75 16 555 5 7 555 21 26 555 31 10 556 27 11 556 50 29 556 100 11 557 35 15 557 37 24 557 89 0 558 85 6 558 92 5 559 8 21 559 14 26 559 34 5 559 41 27 559 62 18 559 97 26 560 62 31 560 77 20 560 87 23 561 8 28 561 31 0 561 38 13 561 45 12 561 58 16 561 60 9 562 31 0 562 37 16 562 76 11 562 91 5 563 4 26 563 10 31 563 12 24 563 22 8 563 69 27 563 71 18 563 99 5 564 12 13 564 36 26 564 85 22 565 9 22 565 19 20 565 23 15 565 71 15 565 75 17 565 97 26 565 98 14 566 29 24 566 82 24 566 97 19 567 16 0 567 55 5 568 0 19 568 21 28 568 36 27 569 38 21 569 53 21 569 66 15 570 17 0 570 23 23 570 94 1 570 95 16 571 70 26 571 100 12 572 24 31 572 27 5 572 78 16 574 44 9 575 9 14 575 23 15 575 56 9 575 91 5 576 5 15 576 37 24 576 72 12 577 48 19 578 41 15 579 75 8 580 29 14 580 60 1 580 66 23 580 96 8 581 7 13 581 62 12 581 93 24 583 11 25 583 18 9 583 18 18 583 30 7 583 58 26 583 76 3 583 91 19 583 97 17 584 6 23 584 8 0 584 76 7 584 79 13 584 95 10 585 73 27 586 65 12 586 77 18 586 89 19 587 15 26 587 49 8 587 56 19 587 74 1 588 2 27 589 0 29 589 3 12 589 22 0 589 70 2 590 10 30 590 29 6 590 38 22 590 43 25 591 12 28 591 48 7 591 48 16 591 57 9 591 62 17 591 86 22 592 26 19 592 50 24 592 82 9 593 54 12 593 70 19 594 9 31 594 77 2 594 89 31 594 96 20 595 26 29 595 37 2 595 69 9 596 3 19 596 33 27 596 50 26 596 55 24 596 91 3 596 95 12 597 9 29 597 21 0 597 22 2 597 33 29 598 7 12 598 18 8 598 41 31 598 65 2 598 66 29 598 67 21 598 74 2 598 74 7 599 3 27 599 23 29 600 1 7 600 41 17 600 54 31 600 64 28 600 83 16 600 100 3 601 4 27 601 21 17 601 60 1 601 79 8 601 88 26 602 38 1 602 39 27 602 63 0 602 72 13 603 2 3 603 18 15 603 26 8 603 64 25 603 75 4 603 87 30 604 50 23 605 18 12 605 42 10 605 43 13 605 51 16 605 88 24 606 10 3 606 13 9 607 40 21 607 80 25 607 97 9 608 31 20 608 37 25 608 45 8 608 80 25 609 5 21 609 29 0 609 39 29 609 46 26 609 72 14 609 75 11 610 14 13 610 45 1 610 100 17 611 57 4 611 63 21 612 17 17 612 20 8 612 32 6 612 78 6 612 93 17 613 4 29 613 67 9 613 75 17 613 80 26 614 51 27 614 63 9 614 72 7 615 9 29 615 16 23 615 25 28 615 55 8 615 92 4 615 98 24 616 3 4 616 3 7 616 23 25 616 43 11 616 66 3 617 3 2 617 25 23 617 37 5 617 59 10 617 65 13 618 10 15 618 16 30 618 29 24 619 20 5 619 56 25 620 9 21 620 17 1 620 44 8 620 74 11 621 22 10 621 30 4 621 80 20 621 81 31 621 96 14 621 100 12 622 11 10 622 12 28 622 26 28 622 52 14 622 66 17 622 69 23 622 99 2 623 29 15 623 41 4 623 43 24 623 62 22 624 44 12 624 70 12 625 11 31 625 92 28 626 32 5 626 63 4 627 52 14 627 88 5 628 3 11 628 82 25 629 11 25 629 14 19 629 23 29 629 34 4 629 55 29 629 63 22 630 31 20 630 34 13 631 22 27 631 25 17 631 34 11 631 46 17 631 46 18 631 59 27 631 63 5 631 70 10 631 86 14 632 62 11 632 93 14 632 98 6 633 6 3 633 17 28 633 36 24 633 38 30 634 23 26 634 25 17 635 74 13 636 24 5 636 42 16 636 60 7 637 3 13 637 12 28 637 24 30 637 28 26 637 52 18 637 82 20 638 6 0 638 46 22 638 58 27 639 7 30 640 19 20 640 20 17 640 61 22 640 67 13 641 3 20 641 28 25 641 74 20 642 22 24 642 73 10 642 95 24 643 20 20 643 69 6 643 77 15 644 9 29 644 26 3 644 50 6 644 63 8 645 1 29 645 38 4 645 57 7 645 85 15 646 0 23 646 16 20 646 81 17 647 30 3 647 44 24 647 74 23 648 76 26 649 55 20 649 99 13 650 21 12 650 41 22 650 64 26 650 99 2 651 39 23 651 41 17 652 31 10 652 34 28 652 96 17 653 1 24 653 70 18 653 89 21 653 96 9 654 1 11 654 13 24 654 65 25 654 88 18 654 94 23 655 3 15 655 10 5 655 10 9 655 31 23 655 78 30 656 9 10 656 22 13 656 48 24 656 74 6 656 95 19 657 8 4 657 15 9 657 23 19 657 24 1 658 2 30 658 18 9 658 44 4 658 85 23 659 26 23 660 23 5 660 47 17 660 80 12 660 87 31 661 40 26 661 75 1 661 84 25 661 85 23 662 80 26 663 4 18 663 8 16 663 24 6 663 53 26 663 64 25 664 22 31 664 26 8 664 62 18 664 68 22 664 81 3 664 98 7 665 14 9 665 33 17 665 89 9 665 93 12 666 32 26 666 70 0 666 90 19 667 7 17 667 93 24 668 4 13 669 15 30 669 21 16 669 29 6 669 29 10 669 91 23 670 11 2 670 24 15 670 56 31 671 88 21 672 18 3 672 21 6 672 37 4 672 63 29 673 6 28 673 23 15 673 69 23 674 75 5 674 83 4 675 35 4 675 36 27 675 80 2 676 5 18 676 15 21 676 57 5 676 75 6 677 35 29 677 84 20 678 13 22 678 74 9 678 90 25 679 6 0 680 30 23 680 47 14 681 15 20 681 32 20 681 99 30 682 6 13 682 65 29 682 95 26 683 6 9 683 39 4 683 62 8 683 83 29 683 86 29 684 6 2 684 20 7 684 52 3 684 62 19 685 14 28 685 43 1 685 44 2 686 10 15 686 23 11 686 25 26 687 3 31 688 29 24 688 38 22 688 84 16 688 95 22 689 0 20 689 60 18 689 65 6 690 0 16 690 9 31 690 14 17 690 47 30 690 94 22 691 73 16 691 92 28 691 98 28 691 99 8 692 79 12 692 80 3 692 89 1 694 11 3 694 35 19 694 62 9 694 65 4 694 74 28 695 7 19 695 20 7 695 31 0 695 48 16 695 53 27 695 60 17 696 48 9 696 73 15 696 87 17 696 98 2 697 24 6 697 88 12 698 28 14 698 54 30 698 84 0 699 92 29 700 19 5 700 54 27 701 23 0 701 47 16 701 49 29 701 50 4 701 56 31 701 75 1 701 92 19 702 0 14 702 5 26 702 9 29 702 32 5 702 32 25 702 41 5 702 75 21 702 84 22 703 88 8 703 91 22 704 6 8 704 26 1 704 28 18 704 76 20 705 15 23 705 24 20 705 93 29 706 7 21 706 67 31 707 33 2 707 75 0 708 6 5 708 92 12 709 3 30 709 11 15 709 24 13 709 44 12 710 43 10 710 56 20 710 67 31 710 91 2 711 20 15 711 60 12 712 22 6 712 39 14 712 56 25 713 5 29 713 20 9 713 40 1 713 43 24 714 16 31 714 21 2 714 36 23 714 56 22 714 63 20 715 23 11 715 27 14 715 35 25 715 68 14 716 1 15 716 6 17 716 50 6 716 55 15 717 56 14 718 69 17 718 95 17 719 7 24 719 15 13 719 20 23 719 78 4 719 79 17 720 32 19 720 40 2 720 70 19 720 76 0 721 15 28 721 19 14 721 30 22 721 76 17 722 28 1 722 43 12 722 48 9 722 51 19 722 51 24 722 86 31 723 20 24 723 55 29 723 59 28 723 69 11 723 76 11 723 78 20 723 78 27 724 10 28 724 39 18 724 69 23 724 71 27 725 61 22 725 84 3 727 28 8 727 34 17 727 74 13 727 92 12 728 26 10 728 30 6 728 32 17 728 57 25 728 80 9 728 95 1 729 29 31 729 53 14 729 81 22 729 82 17 729 88 6 730 2 18 730 56 1 731 8 7 731 53 17 731 70 3 731 78 23 731 90 13 732 46 13 732 63 7 733 14 19 733 21 23 733 54 3 733 100 31 734 36 16 734 73 2 734 83 15 735 28 28 735 52 23 735 68 11 735 81 0 736 18 30 736 40 3 736 42 18 736 44 31 736 56 31 736 67 19 737 3 29 737 94 1 738 4 18 738 37 26 738 71 19 739 49 23 739 54 20 739 72 1 739 74 27 739 82 6 739 93 2 739 100 20 740 70 27 740 73 23 741 22 21 741 28 21 741 63 2 741 71 24 741 73 1 741 86 24 741 88 15 742 24 21 742 73 1 742 89 19 743 57 6 743 90 20 743 95 27 744 3 26 744 70 8 745 38 15 746 18 15 746 37 7 746 44 7 746 61 24 746 68 24 746 83 31 746 100 20 747 3 1 747 7 7 747 17 0 747 92 23 748 55 19 748 65 15 748 79 16 749 4 18 749 41 18 749 50 9 749 69 24 750 2 21 750 46 2 752 92 15 752 100 2 753 52 22 753 81 17 754 31 10 754 46 16 754 81 16 755 37 12 755 62 10 755 72 29 755 85 10 755 88 12 755 92 13 755 92 14 756 55 25 756 82 23 757 37 0 757 49 5 757 50 26 757 62 18 757 88 13 758 9 14 758 83 26 759 6 8 760 30 26 760 54 29 760 60 11 760 74 18 760 98 17 762 38 30 762 48 10 762 99 16 763 60 6 763 81 18 763 89 14 764 31 3 764 36 31 764 44 17 764 56 25 764 62 0 764 72 24 764 76 26 764 96 15 765 40 20 766 18 20 766 34 30 766 42 11 766 48 1 766 60 31 766 62 20 766 82 8 767 35 4 767 77 13 768 0 11 768 28 24 768 43 28 768 95 20 768 100 9 769 27 11 769 56 25 769 83 3 770 27 31 770 76 24 770 84 30 771 25 17 771 27 9 771 91 2 772 39 29 773 14 7 773 19 22 773 85 18 773 88 18 774 8 20 774 35 13 775 9 14 775 21 2 775 36 23 776 4 13 776 80 6 776 98 13 777 15 11 777 34 1 777 66 4 777 66 23 777 74 4 778 10 9 778 13 19 778 72 21 778 80 6 778 91 8 778 92 1 779 46 3 779 64 25 779 89 24 780 53 7 780 75 3 781 72 2 782 2 30 782 75 14 782 79 29 783 38 9 783 56 4 783 57 7 784 15 3 784 23 16 785 20 15 785 21 15 785 25 11 785 83 23 786 85 1 787 88 2 788 47 17 788 57 24 788 87 1 789 27 29 789 65 29 790 30 19 790 46 1 790 52 16 790 73 8 791 3 20 792 9 19 792 63 16 792 90 27 793 51 24 793 67 29 793 87 10 794 27 9 794 33 4 794 67 12 795 5 31 795 34 10 796 29 17 796 39 29 796 43 30 796 87 5 797 0 28 797 62 19 797 83 8 797 90 5 798 16 22 798 27 4 798 83 31 799 36 23 799 73 16 799 91 26 800 38 16 800 92 2 801 57 8 801 57 10 802 7 17 802 81 26 802 99 25 803 56 17 803 91 17 804 6 8 804 56 7 804 75 20 804 80 26 804 82 2 804 82 12 804 83 31 805 40 16 805 51 25 805 54 31 805 61 14 805 98 10 806 1 17 806 57 1 806 62 31 806 74 0 806 78 22 806 97 7 807 58 6 807 72 10 807 96 19 807 100 31 808 13 23 808 49 14 808 69 8 808 87 10 809 25 23 809 91 4 809 100 31 810 4 10 810 20 12 811 46 9 812 34 31 812 54 13 812 60 29 812 85 31 813 32 24 813 42 3 813 63 10 813 69 1 814 39 5 814 78 29 814 79 10 814 90 21 815 6 9 815 25 31 816 4 22 816 27 23 816 62 20 817 52 27 817 87 8 818 6 29 818 11 3 818 60 30 818 72 11 818 87 28 818 91 15 819 53 29 820 32 8 820 37 17 820 50 9 820 58 31 820 71 6 821 60 14 821 73 25 823 78 17 824 4 20 824 49 0 824 54 31 825 44 3 825 56 26 825 60 26 826 56 5 826 67 24 827 20 5 827 33 24 827 66 27 828 0 9 828 8 15 828 22 28 828 38 23 828 44 19 828 57 30 828 75 29 828 84 31 828 91 14 830 61 25 830 95 8 831 45 11 831 83 0 832 7 21 832 30 29 832 62 15 832 68 20 832 100 1 833 24 22 833 98 26 834 38 1 834 50 5 834 92 7 834 94 25 835 0 16 835 11 11 835 27 0 835 29 6 835 53 3 835 99 16 836 38 14 836 62 10 836 65 15 837 10 31 837 52 4 837 54 29 837 75 31 838 31 29 838 37 27 838 39 24 838 48 30 838 74 10 839 29 26 839 36 7 840 29 31 840 58 28 841 17 30 841 49 28 841 92 18 842 42 21 842 43 19 843 40 15 843 61 26 843 71 18 843 79 8 844 50 22 845 0 8 845 4 15 845 81 15 846 28 12 846 33 16 847 8 24 847 29 6 847 46 21 847 65 29 848 52 21 848 71 14 849 1 9 849 11 15 849 19 4 849 43 2 849 58 27 849 84 14 849 88 30 850 12 16 850 34 16 850 42 21 850 54 17 851 0 18 851 89 29 852 7 3 852 20 23 852 40 28 852 55 27 853 12 6 853 47 22 854 15 16 854 32 24 854 66 5 855 11 16 855 84 29 856 18 5 856 19 25 856 50 18 856 67 17 856 96 4 857 1 22 857 9 7 857 29 2 857 98 3 858 9 5 858 12 19 858 25 19 858 78 5 859 33 0 859 55 6 859 63 6 859 76 22 861 28 26 861 58 18 861 91 0 862 46 11 862 64 31 862 73 4 862 80 31 862 94 23 863 5 16 863 49 15 863 87 21 864 21 9 864 26 13 864 34 27 864 45 20 864 67 26 864 72 31 864 100 10 865 24 12 865 58 26 866 68 16 866 80 14 867 22 11 867 76 31 868 15 1 868 19 23 868 22 20 868 36 15 868 39 6 868 90 25 868 96 5 869 30 10 869 81 7 870 14 3 870 24 18 870 32 7 872 4 5 872 15 8 872 81 1 872 90 15 872 96 4 873 42 3 873 46 2 873 86 30 874 11 15 874 20 12 874 57 18 874 63 8 875 4 25 875 49 18 875 74 1 875 74 14 876 2 10 876 59 25 876 76 7 876 98 17 877 17 9 877 33 24 877 46 7 877 80 26 878 12 1 878 35 4 878 68 9 878 94 20 880 91 27 881 20 4 881 33 19 881 59 15 881 60 31 881 84 26 882 61 21 883 51 1 883 65 13 884 5 24 884 27 7 884 65 9 884 77 6 884 82 29 884 98 13 885 15 13 885 18 31 885 20 26 885 25 9 886 28 17 886 49 24 886 64 20 886 65 31 886 85 2 887 84 26 888 41 14 888 54 25 888 80 19 888 94 15 889 10 9 889 46 0 889 84 7 889 89 23 890 53 25 890 65 4 890 85 7 891 90 30 892 22 14 892 51 25 892 55 30 892 68 23 892 88 22 892 96 6 893 8 7 893 13 1 893 34 7 893 35 27 893 97 1 893 100 0 894 27 23 894 48 28 894 67 16 894 78 26 895 2 29 895 54 24 896 3 1 896 8 10 896 20 9 896 35 5 897 4 30 897 22 16 897 46 18 897 90 31 899 0 21 899 3 20 899 30 2 899 57 20 900 24 2 900 41 9 900 47 3 900 69 10 901 23 12 901 54 28 903 54 0 903 91 19 904 5 29 904 7 12 904 49 3 904 56 24 904 97 25 905 59 21 905 73 28 905 95 2 906 63 16 906 67 21 907 49 28 907 77 15 907 100 24 908 17 19 908 19 22 908 89 6 909 5 7 909 70 9 910 1 22 910 41 4 910 100 9 911 83 22 911 97 22 912 55 18 912 69 7 912 78 3 912 79 6 912 97 6 913 88 27 914 25 1 914 71 3 914 87 0 915 11 3 915 22 20 916 3 31 916 13 1 916 16 21 916 45 17 916 98 26 917 49 6 917 89 26 918 12 2 918 23 19 919 20 23 919 29 5 919 70 31 919 95 3 920 69 24 920 97 17 921 15 15 922 22 19 923 74 1 923 78 9 924 5 16 924 7 19 924 39 18 924 84 20 925 36 12 925 36 18 925 39 3 925 80 4 925 80 23 926 89 21 927 80 15 928 13 27 928 53 16 928 80 1 930 1 11 930 18 2 931 6 14 931 23 30 931 72 29 931 76 15 932 14 13 932 31 24 932 79 18 932 80 16 932 93 11 933 37 8 933 42 16 934 16 21 934 27 18 934 47 9 934 57 18 934 72 1 935 2 12 935 98 9 936 6 2 936 6 10 936 25 29 936 39 27 936 55 9 936 82 24 936 97 3 937 38 4 937 50 0 937 60 20 937 79 12 937 85 3 938 7 20 938 39 18 938 47 21 938 51 16 938 70 17 939 95 31 940 16 23 940 20 29 940 70 21 940 77 28 941 96 7 941 97 31 942 25 6 942 58 5 943 11 21 943 64 18 943 97 0 944 22 15 944 43 23 944 48 5 944 61 3 944 70 8 944 70 22 945 36 24 945 87 7 945 100 15 946 31 7 946 90 18 947 2 6 947 25 10 947 34 17 947 39 0 947 55 28 948 39 31 948 97 31 949 20 8 949 26 5 950 32 19 950 48 29 951 51 23 952 12 11 952 43 10 952 85 30 953 0 28 953 14 20 953 55 7 954 6 26 954 12 21 954 19 21 954 22 14 954 27 12 954 29 22 954 58 31 954 76 5 955 30 24 955 43 15 955 70 12 955 89 15 956 1 21 956 34 31 956 56 29 956 65 2 957 20 27 957 28 18 957 30 4 957 31 29 957 52 11 957 71 0 958 5 13 958 29 10 958 81 8 959 11 15 959 18 8 959 41 16 959 99 28 960 22 30 960 39 19 960 78 14 961 32 18 961 36 20 962 69 31 962 74 8 962 92 31 962 100 12 963 18 26 963 93 13 963 100 13 964 36 9 964 53 31 964 61 10 965 14 8 965 32 18 965 79 28 965 95 1 966 31 27 966 35 7 966 37 16 966 41 14 966 53 24 966 76 28 966 83 1 967 23 1 967 66 18 967 72 2 967 84 12 967 85 11 967 91 13
255 2891 0.001 72 95 3 73 3 25 73 36 2 73 60 30 73 68 24 73 76 17 74 42 25 74 42 28 74 44 4 74 59 3 75 59 29 75 79 18 76 2 26 76 17 22 77 5 10 77 24 8 77 57 25 77 58 28 77 68 1 77 69 4 78 26 10 78 50 26 79 52 24 79 71 9 81 86 31 82 18 4 82 35 12 82 63 17 83 34 2 83 39 14 83 62 22 83 68 24 83 70 17 83 89 15 83 95 14 84 31 24 84 39 23 84 71 27 85 34 31 85 43 18 85 50 20 85 62 10 85 98 29 85 100 28 86 5 18 86 41 4 86 50 21 86 52 13 86 79 7 86 80 26 87 57 23 87 69 20 87 84 5 88 13 10 88 36 12 88 38 29 88 61 24 88 100 6 89 5 4 89 5 19 89 30 12 89 35 0 89 41 31 89 58 31 89 84 19 90 72 18 90 82 9 91 3 25 91 54 27 91 77 30 91 95 7 92 5 15 92 20 21 92 53 29 93 5 5 93 32 30 93 33 13 93 90 12 94 9 30 94 17 5 94 17 30 94 56 11 94 98 19 95 2 26 95 3 22 95 10 20 96 57 29 96 65 21 96 96 7 96 100 23 97 1 27 97 97 26 98 29 14 98 66 9 99 62 25 99 78 1 100 48 25 100 56 7 100 56 25 101 14 12 101 15 18 101 53 2 101 53 16 101 61 12 101 73 21 102 6 4 102 57 18 102 83 26 103 45 25 103 48 18 104 17 17 104 53 29 104 73 22 104 79 13 105 15 31 105 25 1 105 33 30 105 36 24 105 81 3 106 64 26 106 90 4 107 5 27 107 7 28 107 38 10 107 49 20 108 26 23 108 50 18 108 55 28 108 62 9 108 72 3 108 94 4 109 36 10 109 43 20 109 44 17 110 24 10 110 84 4 110 95 4 111 0 15 111 23 14 111 26 10 111 31 13 111 34 30 111 85 4 111 98 18 112 65 12 113 33 1 113 68 3 114 3 29 114 9 22 114 17 24 114 30 1 115 17 3 115 19 14 116 21 1 116 59 3 116 97 15 117 72 26 117 94 24 118 65 27 118 87 19 118 92 18 119 2 15 119 12 24 119 41 0 120 20 13 120 91 30 121 29 13 121 35 0 121 70 24 122 7 30 122 8 8 122 34 14 123 22 7 123 23 15 123 24 15 123 70 15 123 80 10 124 62 25 124 64 31 124 82 1 125 8 6 125 21 8 125 77 3 126 7 20 126 55 31 126 60 25 126 71 30 126 96 22 126 97 25 127 29 24 127 61 13 128 7 13 128 25 4 129 16 31 129 31 20 129 98 19 130 18 0 130 72 7 130 82 31 130 88 2 130 90 29 131 45 28 131 49 21 131 100 8 132 12 30 132 34 20 133 27 16 133 34 27 133 74 26 133 96 26 134 86 4 134 89 16 134 90 7 134 100 24 135 3 29 135 84 19 135 86 18 135 90 27 136 12 1 136 73 29 136 79 19 137 21 19 137 62 31 137 70 28 137 91 13 137 91 31 138 66 23 139 71 8 140 92 9 141 2 4 141 53 24 141 94 4 142 32 23 142 35 20 142 36 22 142 68 29 142 75 6 143 35 12 143 46 31 143 80 11 143 92 1 144 0 19 144 7 18 144 29 23 144 57 9 144 64 13 144 76 31 145 28 15 145 63 28 145 92 28 146 55 0 146 69 12 146 94 11 146 97 16 147 1 0 147 14 3 147 80 23 147 86 8 147 94 31 148 95 22 149 27 17 149 51 30 149 60 11 149 100 13 150 13 24 150 13 31 150 83 7 150 92 30 151 7 28 151 83 30 152 7 4 152 38 21 152 41 1 153 14 11 154 69 12 154 88 7 155 82 30 155 83 31 155 88 27 155 95 11 156 0 0 156 5 6 156 45 29 157 95 5 158 95 9 159 54 10 159 83 2 159 92 11 160 68 3 160 96 23 161 21 16 161 76 6 161 89 3 161 97 25 162 19 14 162 58 21 162 61 7 162 99 6 163 25 14 163 56 6 163 90 28 164 3 25 164 24 23 164 48 26 165 25 27 165 46 5 165 57 6 165 60 23 165 78 15 165 91 13 165 91 17 166 40 12 166 58 2 166 67 6 166 91 12 167 5 2 167 19 12 167 67 24 167 79 26 168 7 24 168 88 30 168 93 9 169 18 6 169 22 1 169 28 11 169 47 21 169 68 21 169 70 26 169 78 30 170 16 22 170 20 22 170 46 22 171 22 18 171 81 16 172 46 2 173 16 1 173 23 18 174 2 0 174 65 24 174 76 28 174 77 4 175 81 16 176 23 2 176 33 27 176 42 20 176 66 6 176 80 20 177 19 7 177 49 22 177 59 22 177 73 20 177 77 17 178 55 0 178 56 16 178 69 31 178 81 22 178 96 16 179 69 29 180 2 22 180 54 17 180 88 30 181 2 23 181 25 19 181 52 24 181 78 28 181 95 3 182 24 8 182 73 0 182 77 12 183 22 25 183 49 3 183 93 10 184 26 15 184 30 3 184 55 6 184 61 14 185 10 23 185 42 12 185 43 12 186 6 11 186 29 26 186 44 18 186 51 3 186 56 23 186 100 14 187 5 8 187 51 10 187 58 27 187 73 13 188 8 20 188 63 10 188 87 1 189 2 1 190 25 4 191 6 16 191 22 28 191 95 29 192 55 15 193 58 10 193 75 13 194 31 25 194 60 31 196 34 8 196 91 23 197 19 29 197 21 29 197 77 14 198 24 29 199 9 27 199 10 25 199 54 0 199 59 12 199 60 30 199 80 24 201 4 10 201 13 12 201 19 9 201 24 21 201 29 19 201 37 3 201 56 11 202 12 25 202 28 14 202 60 5 202 72 5 202 89 5 203 1 20 203 44 2 203 44 13 203 50 19 204 33 14 204 55 21 204 93 11 204 100 22 205 9 7 205 60 19 206 36 29 206 45 17 206 76 29 206 86 5 207 55 19 208 63 1 208 67 7 209 40 10 211 6 20 211 86 1 212 0 8 212 57 18 214 45 21 214 50 9 214 55 9 215 1 13 215 5 27 215 35 0 215 58 19 215 75 26 216 11 2 216 48 31 216 59 0 216 65 1 218 28 9 218 43 29 218 57 3 218 88 13 219 29 24 219 70 15 219 73 8 220 12 15 220 17 21 220 48 5 220 94 29 221 27 29 221 30 22 221 61 16 221 65 12 221 89 16 222 62 3 222 89 17 223 29 16 223 58 15 223 67 0 223 67 16 223 91 20 224 1 6 224 75 8 225 19 22 225 33 11 225 41 0 225 54 25 225 80 26 225 90 2 226 34 31 226 36 23 226 77 10 227 9 27 227 18 7 227 60 20 227 91 16 227 95 13 228 13 17 228 43 29 228 55 10 228 73 22 229 14 7 229 51 17 229 72 27 229 76 13 229 78 10 229 83 8 230 2 16 230 6 4 230 23 19 230 51 13 231 37 16 232 31 10 232 87 3 233 27 22 234 2 21 234 12 12 235 16 19 235 33 23 235 81 14 237 22 13 237 47 25 237 56 31 237 58 28 237 91 19 237 92 11 238 75 9 238 96 7 238 100 28 239 2 31 239 74 11 241 29 0 241 52 9 241 75 18 241 95 18 242 24 8 242 25 17 242 50 25 243 20 17 243 62 1 243 64 7 243 83 0 244 21 4 244 60 19 244 71 4 244 84 26 245 35 0 246 59 6 246 85 28 247 22 30 247 61 3 247 70 22 247 77 28 247 90 3 248 8 31 248 39 24 248 69 26 248 88 10 249 13 21 249 60 3 249 89 31 250 24 13 250 46 10 250 50 8 250 54 17 250 55 9 250 58 0 250 58 8 250 67 4 250 68 12 251 44 11 251 46 29 251 90 8 252 53 26 252 74 3 252 82 30 253 26 8 253 79 22 254 56 21 254 77 10 255 13 24 255 61 9 255 63 21 256 31 4 256 36 23 257 21 27 257 47 5 257 54 19 257 57 15 258 29 22 258 75 23 259 30 29 259 46 14 259 57 3 259 58 10 259 98 12 260 6 7 260 32 24 260 42 0 260 53 1 261 31 7 261 66 26 261 89 16 262 37 4 262 45 1 263 6 7 263 15 13 263 51 0 264 49 5 264 59 9 264 64 0 264 93 11 265 14 9 265 21 25 265 30 19 265 93 12 266 15 12 266 34 2 266 44 26 267 12 4 267 19 8 267 48 16 268 38 20 268 43 1 268 45 24 268 75 27 269 39 6 269 61 25 270 39 2 270 45 28 270 59 26 270 90 6 271 9 16 271 15 11 271 29 4 271 52 1 271 74 31 271 98 0 272 14 29 272 17 15 272 85 28 272 94 12 273 5 28 273 6 12 273 13 0 273 17 14 273 26 13 273 43 23 273 61 1 273 66 25 273 91 0 274 0 11 274 41 27 274 53 11 274 66 25 274 81 0 274 88 6 275 12 30 275 24 14 275 34 4 275 74 29 275 89 10 276 38 6 276 39 16 277 11 25 277 59 29 277 92 15 278 36 27 278 42 3 278 79 2 279 87 16 279 94 1 280 49 20 281 0 26 281 18 21 281 31 9 282 20 24 282 54 18 282 65 14 282 68 7 282 76 19 282 88 7 283 11 27 283 13 7 283 19 7 283 33 5 283 35 0 283 41 16 283 81 10 284 26 22 284 27 0 284 76 10 285 25 0 285 66 19 285 67 12 285 73 17 286 32 1 286 32 20 286 33 2 286 47 9 286 54 12 286 90 19 286 97 8 287 8 6 287 26 28 287 80 16 287 80 31 288 17 14 288 45 21 288 52 12 288 53 15 289 24 7 289 29 30 289 52 5 289 71 25 289 93 6 290 10 29 290 14 2 291 44 5 292 59 9 292 75 17 293 24 24 293 63 11 293 91 16 294 18 11 294 30 0 294 72 18 294 99 1 295 42 18 295 53 21 295 91 13 296 37 17 297 23 12 297 26 9 297 28 30 298 8 28 298 28 30 298 50 31 298 71 12 298 95 1 298 98 15 299 16 22 299 25 21 299 47 0 300 20 11 300 55 24 300 85 28 301 11 14 301 18 28 301 34 26 301 69 17 302 95 26 302 97 10 303 69 15 303 74 2 303 88 3 303 90 9 304 7 13 304 33 12 305 69 6 306 4 31 306 32 8 306 58 25 306 85 12 307 44 2 307 75 16 307 90 18 307 93 12 308 63 4 309 9 5 309 76 25 310 31 25 311 12 1 311 33 18 311 51 21 311 98 4 312 24 4 312 60 19 312 81 1 312 88 10 312 93 25 312 97 29 313 36 15 313 59 18 313 64 7 313 74 2 314 3 17 314 3 23 314 20 6 314 34 15 314 83 29 315 46 6 315 62 30 316 89 12 317 84 29 318 12 25 318 27 26 318 55 28 319 31 14 319 95 16 319 96 7 320 4 12 321 11 16 321 94 25 322 16 18 322 28 26 322 45 22 322 63 23 322 73 14 323 9 31 323 36 2 323 56 14 323 71 15 324 75 29 324 95 11 325 17 12 325 34 9 325 63 0 325 72 28 325 95 24 326 3 0 326 26 2 326 34 29 327 24 16 327 56 17 328 4 10 328 10 8 328 32 28 328 41 21 329 23 11 329 25 12 329 97 5 330 44 14 330 49 15 330 80 14 331 31 5 331 45 19 332 3 5 332 66 31 333 17 30 333 34 2 333 47 19 333 66 0 334 28 24 334 45 13 334 61 11 334 78 27 334 82 31 334 85 9 335 0 17 335 19 16 335 37 0 335 96 24 336 1 16 336 35 28 336 98 23 337 6 12 337 85 6 338 19 28 338 21 3 338 24 13 338 35 26 338 43 25 338 71 26 339 51 30 339 61 6 339 71 5 339 100 21 341 1 13 341 31 0 341 53 19 341 62 14 342 57 6 342 61 29 342 92 30 343 23 31 343 30 17 343 62 24 343 91 23 343 99 29 344 13 17 344 38 20 345 8 15 345 28 9 345 29 6 345 34 20 345 74 4 345 88 6 346 92 20 347 3 19 347 20 24 347 67 26 347 88 13 348 1 1 348 66 18 349 35 12 349 59 8 349 72 7 350 0 14 350 5 28 350 33 26 350 72 15 350 78 15 350 80 15 351 4 23 351 26 23 351 27 0 351 59 10 352 16 6 352 59 31 352 64 31 352 92 5 354 0 30 354 5 20 354 31 6 355 77 9 356 20 1 356 28 0 357 26 24 357 47 0 357 80 20 358 3 17 359 21 4 359 44 20 359 55 12 359 82 28 359 95 24 360 22 2 360 52 7 360 58 7 360 78 30 361 100 27 362 12 22 362 13 22 362 25 22 362 26 3 362 36 6 362 64 31 363 36 17 363 39 24 363 47 8 363 70 30 363 95 28 364 31 5 365 2 23 365 74 27 365 83 0 365 93 23 366 4 0 366 12 31 366 17 26 366 100 1 367 22 31 367 39 4 368 42 9 368 52 2 368 65 28 368 71 15 368 97 16 369 1 12 369 5 4 369 11 20 369 22 8 369 50 12 369 72 23 369 73 24 369 74 3 369 89 21 370 23 13 370 41 10 370 77 17 370 100 5 371 68 14 372 18 1 373 0 31 373 30 15 373 49 17 373 53 9 373 67 29 373 74 16 373 80 14 374 40 26 374 61 2 374 77 30 375 0 2 375 71 28 375 95 25 376 14 23 376 19 5 376 52 14 376 80 30 377 11 18 377 77 31 378 2 4 378 6 26 378 54 30 378 59 29 379 4 2 379 93 14 379 94 1 380 3 28 380 13 15 380 30 27 380 31 5 380 80 6 380 98 29 381 32 28 381 34 5 381 40 16 381 49 17 381 57 22 381 72 28 382 6 4 382 37 22 382 48 7 382 73 15 383 38 24 384 17 27 384 34 5 384 95 1 385 41 12 386 2 29 386 11 23 386 71 16 386 86 3 387 8 14 387 40 8 387 62 9 387 79 23 387 82 9 388 34 17 388 39 11 388 48 12 388 54 29 388 92 31 388 100 10 389 12 2 390 37 21 390 53 23 390 76 2 390 90 28 391 40 17 391 77 3 392 15 22 392 22 5 392 79 28 393 48 22 393 74 11 393 85 27 393 91 0 394 15 15 394 30 2 394 56 12 394 58 6 394 84 30 394 88 12 395 73 26 395 81 14 395 98 11 396 38 20 396 39 29 396 94 11 397 2 12 397 9 4 397 10 13 397 15 13 397 40 2 398 30 27 398 46 4 398 52 17 398 54 10 398 68 14 398 85 25 399 9 3 399 12 25 399 14 31 399 94 13 399 96 13 401 6 8 401 11 23 401 24 27 401 43 19 401 92 28 402 11 9 402 12 18 402 40 17 402 49 23 402 79 15 402 88 22 403 6 2 403 22 3 403 23 11 403 41 26 405 23 12 405 68 14 405 78 25 406 29 22 406 35 9 406 40 20 406 47 4 406 52 0 406 63 31 406 67 3 406 79 8 407 37 25 407 80 26 408 41 13 409 7 12 409 32 13 409 35 13 409 40 17 409 64 8 409 90 18 410 73 13 410 82 4 411 15 9 411 42 21 411 100 24 412 31 19 412 61 26 412 88 6 413 11 14 413 39 12 413 41 20 415 3 4 415 24 8 415 68 28 416 41 5 416 49 0 417 22 6 417 37 21 417 44 3 417 58 23 417 85 12 418 2 10 418 58 26 418 84 22 419 6 30 419 44 12 419 47 12 419 57 30 419 58 19 420 2 18 420 37 23 420 53 13 421 11 9 421 28 4 421 44 18 421 83 22 421 94 14 422 71 0 422 91 0 422 92 8 423 30 7 423 47 4 423 74 3 423 79 27 425 78 29 426 56 30 427 24 12 428 62 23 428 65 21 429 2 12 429 8 21 429 65 1 429 65 22 429 90 2 430 1 11 431 11 4 431 62 2 432 15 25 432 18 7 432 28 22 432 69 0 432 85 23 433 7 15 433 51 24 433 79 31 433 86 8 433 89 19 434 23 7 434 26 4 434 38 18 434 54 8 434 55 20 435 12 25 435 37 10 435 42 20 436 55 19 437 8 2 437 18 8 437 39 30 437 59 4 437 84 19 438 54 11 438 75 27 438 88 13 439 26 1 439 39 7 439 63 21 440 2 27 440 46 21 440 64 15 440 66 5 440 99 12 441 9 28 441 17 17 441 29 18 441 30 7 441 36 1 441 97 29 442 52 12 442 98 6 443 74 3 443 87 26 444 26 13 444 58 6 445 42 10 445 79 13 448 23 26 449 21 8 449 62 6 449 89 21 450 22 31 450 34 24 451 12 23 451 48 15 452 84 24 452 84 31 452 96 15 453 30 25 453 56 29 453 81 20 454 28 18 454 60 18 454 98 25 455 16 23 456 8 7 456 10 11 456 31 20 457 26 7 457 36 16 457 63 9 457 63 14 457 68 6 458 61 8 458 91 18 459 18 0 459 22 15 460 0 15 460 6 5 460 34 2 460 49 25 460 77 23 460 92 25 461 60 3 461 77 24 462 35 18 463 22 25 463 31 16 463 35 14 463 38 21 463 59 30 463 81 14 464 24 8 464 60 23 464 67 23 465 5 12 465 36 13 467 52 18 467 77 30 468 51 13 468 64 21 468 100 9 469 12 13 469 22 12 469 38 3 470 6 21 470 29 12 470 51 9 470 79 29 470 83 31 471 31 3 471 42 31 472 33 23 472 49 8 472 64 10 473 98 29 474 18 22 474 49 16 474 50 20 474 55 23 474 55 27 475 5 13 475 16 3 475 85 11 475 93 30 476 6 7 476 35 30 476 60 10 476 71 20 477 2 10 477 8 20 477 33 6 477 48 3 478 67 24 479 15 0 479 46 27 479 47 15 480 12 29 480 14 27 480 36 22 480 49 1 480 62 26 480 81 26 480 83 23 481 39 9 481 67 22 481 68 29 482 46 22 482 47 28 482 65 7 482 77 13 483 31 1 484 35 22 484 87 14 484 92 31 484 96 19 485 87 30 486 7 0 486 43 7 486 63 10 486 69 8 486 100 25 487 56 1 487 78 16 488 1 14 488 21 31 488 42 1 488 43 13 489 1 24 489 10 10 489 60 30 489 86 12 489 87 17 490 2 14 490 89 11 490 97 9 491 69 21 492 14 2 492 43 21 492 49 12 492 57 20 493 21 9 494 22 16 494 22 27 494 70 14 494 70 18 494 77 30 494 86 24 494 89 10 494 98 17 496 11 11 496 12 9 496 16 11 496 32 4 496 96 31 497 89 10 498 12 23 498 85 31 499 37 22 499 42 6 499 43 11 499 48 24 500 3 7 500 63 30 500 91 9 501 5 29 501 17 25 501 28 21 501 42 28 501 79 23 501 79 27 502 17 20 502 66 26 502 69 18 502 73 31 502 80 15 502 81 13 502 87 15 503 9 31 503 10 24 503 19 31 503 49 4 503 60 26 504 72 24 504 80 0 504 93 27 505 18 2 505 29 25 505 58 20 506 0 11 506 20 22 506 97 19 507 82 23 508 14 26 508 19 4 508 24 1 508 35 24 508 40 16 508 62 27 508 91 4 508 97 27 509 38 27 509 86 10 510 44 26 510 56 2 510 74 2 513 23 24 513 28 15 513 42 4 513 67 2 513 78 9 513 79 1 514 30 31 514 31 16 514 100 17 515 31 25 515 58 6 515 61 17 515 68 26 515 74 31 515 81 14 515 84 30 516 5 22 516 19 6 516 26 23 516 60 29 516 68 12 516 74 9 517 7 3 518 13 23 518 17 7 518 48 24 519 30 17 519 60 14 520 71 22 521 28 20 521 43 29 522 19 20 522 36 23 522 44 0 522 50 5 522 51 5 522 85 16 522 96 2 523 4 15 523 12 22 523 25 4 523 85 23 523 96 1 523 99 30 524 30 18 524 40 8 524 73 23 525 4 28 525 49 16 525 62 0 525 93 26 525 97 7 526 15 24 526 26 7 526 90 26 526 98 15 526 99 21 527 16 13 527 54 0 527 75 7 528 30 5 528 30 26 528 31 5 528 76 27 528 79 12 529 37 2 529 43 1 529 52 27 529 76 6 529 78 30 530 13 27 530 23 17 530 32 0 531 16 1 531 77 29 532 8 10 532 61 24 532 68 19 532 82 12 532 85 15 532 89 13 532 93 0 534 6 20 534 23 22 534 94 3 535 9 4 535 26 27 535 31 11 535 44 15 535 64 19 535 70 16 535 95 28 536 12 8 536 69 6 536 91 18 537 5 10 537 14 23 537 57 25 537 65 8 538 8 21 538 74 20 538 77 5 539 6 5 539 16 27 539 38 4 539 91 18 540 17 13 540 38 18 541 50 15 541 90 19 541 92 17 542 13 19 542 40 2 542 41 8 542 88 7 542 97 17 543 4 9 543 25 13 543 37 26 543 58 7 543 67 26 544 36 23 544 46 18 544 74 15 544 96 1 545 59 28 546 70 30 546 94 11 547 67 0 548 20 14 548 32 25 548 100 2 549 1 30 549 32 5 549 91 17 550 42 24 550 63 7 551 7 23 551 7 24 551 28 12 551 92 3 552 32 23 552 35 13 553 12 12 553 25 4 553 25 31 553 92 19 553 96 21 553 97 8 554 2 15 555 16 4 555 62 12 555 74 30 555 90 14 556 27 15 556 43 2 556 68 14 556 88 25 557 18 21 557 84 5 558 28 18 558 37 20 558 54 3 558 70 11 558 72 21 559 45 31 559 62 29 559 69 13 559 100 24 560 21 24 560 28 18 560 41 24 560 42 30 560 52 20 560 96 25 560 98 27 560 100 24 561 12 13 561 19 8 561 52 24 561 57 12 561 60 31 561 61 15 561 72 30 561 77 13 561 77 30 562 27 3 562 42 31 562 52 1 562 77 11 563 34 20 563 81 27 564 8 16 564 21 26 564 98 26 565 79 29 565 92 22 566 32 21 566 40 9 566 85 19 566 92 23 567 17 29 567 97 10 568 26 21 568 30 23 568 52 5 568 73 22 568 93 6 569 19 11 569 87 14 570 76 26 570 96 10 571 2 17 571 46 15 571 64 12 571 98 7 572 13 11 572 23 5 572 23 17 572 26 15 572 41 15 572 76 30 573 16 22 573 26 7 574 72 16 574 96 1 575 90 6 576 28 9 576 47 19 577 7 14 577 45 5 577 69 24 577 82 4 578 0 7 578 14 28 578 76 16 578 94 16 578 97 31 579 35 17 579 63 3 579 96 10 580 4 30 580 72 1 581 51 2 581 99 4 582 6 11 582 50 7 582 63 14 583 22 8 583 26 5 583 44 13 583 65 20 583 68 27 584 8 4 584 18 1 584 19 13 584 47 16 584 56 14 584 65 12 585 7 15 585 12 31 586 5 1 586 38 9 586 78 12 586 99 3 587 32 4 587 45 21 587 70 4 587 74 14 588 35 16 588 47 18 588 58 17 588 84 17 589 18 31 589 42 29 589 56 16 590 10 14 591 34 27 592 0 10 592 54 4 593 0 11 593 71 18 594 17 4 594 24 8 594 30 3 594 59 1 595 1 11 595 19 10 595 96 19 596 61 16 597 71 24 598 0 19 598 12 0 598 18 14 598 36 22 599 20 8 599 21 30 599 37 19 600 54 19 600 85 13 600 95 29 601 31 1 601 32 4 602 3 25 602 7 24 602 42 3 602 65 24 602 66 14 603 81 28 604 16 10 604 24 23 604 51 27 604 85 14 604 94 8 605 21 10 605 30 28 606 33 20 606 41 18 606 64 21 606 95 15 607 55 29 608 1 16 608 15 13 608 75 13 609 7 31 609 46 16 609 65 27 609 69 28 609 96 30 611 8 6 611 8 19 611 52 4 611 75 27 611 83 12 613 38 11 613 81 23 614 35 3 614 48 26 614 72 16 614 73 26 614 87 19 615 17 28 615 43 16 615 74 1 617 0 22 617 26 10 617 65 1 618 13 11 618 14 20 618 73 22 618 86 13 619 36 8 619 76 16 619 77 8 620 30 15 620 38 23 620 57 4 621 32 20 621 77 13 621 78 20 622 19 4 622 42 6 622 64 27 622 75 27 623 4 3 623 26 24 623 44 1 623 82 24 623 86 31 624 8 1 624 25 16 624 81 12 625 17 3 625 35 14 625 63 12 625 72 17 625 92 24 626 1 2 626 5 6 626 10 10 626 55 10 626 85 13 626 88 13 627 50 27 628 19 15 628 34 29 628 51 6 628 52 4 628 65 13 628 76 10 628 82 9 629 4 26 629 17 6 629 17 28 629 47 17 630 2 23 630 72 27 630 76 18 631 20 30 631 58 28 631 95 3 632 44 20 633 14 5 633 26 13 633 55 29 633 96 1 634 7 0 634 49 22 634 57 7 634 61 26 634 65 9 634 72 10 634 81 5 635 32 11 636 24 30 636 31 31 636 47 16 636 65 27 636 78 5 636 88 22 636 91 6 637 1 1 637 55 17 638 17 4 639 16 1 639 23 16 639 53 22 639 61 27 639 73 15 639 73 16 639 75 30 639 77 7 639 78 27 640 5 13 640 56 1 640 57 2 640 69 2 641 8 15 641 33 12 642 98 4 643 4 18 643 43 9 643 83 30 644 51 7 644 82 16 645 12 17 645 66 23 645 81 20 646 21 23 646 87 6 646 90 14 647 87 0 647 92 12 648 32 9 648 39 16 648 40 22 648 65 0 649 7 19 649 19 10 649 31 24 649 60 6 650 42 21 650 57 14 650 84 15 651 15 30 651 57 30 651 58 2 651 60 0 651 69 25 651 88 5 651 96 3 652 95 3 653 15 21 653 42 11 654 47 9 654 93 13 654 100 7 655 23 2 655 40 2 656 70 12 657 2 23 657 11 16 657 12 21 657 23 26 657 28 21 657 33 7 657 35 24 657 50 2 657 57 13 657 59 5 657 94 12 658 10 30 658 19 31 658 64 31 659 54 7 659 68 4 659 77 19 660 4 14 660 40 21 660 54 1 661 13 16 661 16 8 661 52 31 662 2 14 662 77 11 662 91 20 662 94 26 663 4 8 663 45 22 663 71 1 663 73 18 664 11 4 664 25 22 664 34 21 664 97 27 665 17 8 665 18 11 665 66 12 665 98 31 665 100 0 666 5 5 666 37 9 666 70 21 666 72 8 666 89 13 667 3 21 667 8 12 667 55 11 668 9 11 668 39 1 668 91 25 669 24 8 669 49 6 669 92 30 669 95 28 669 97 10 670 25 20 670 71 25 671 16 7 671 20 10 671 77 11 671 95 20 672 8 15 672 65 26 672 81 16 673 8 31 673 58 17 673 72 6 674 16 28 676 7 24 676 36 17 676 58 26 676 69 31 676 70 5 677 7 17 677 24 9 677 38 21 677 92 28 678 53 8 678 86 21 678 92 3 678 96 26 679 37 11 679 50 16 679 75 6 680 13 21 680 33 3 680 39 29 680 99 17 681 14 20 681 15 20 681 21 24 682 19 19 682 26 29 682 30 2 682 36 19 683 36 7 683 67 31 684 5 3 684 77 13 684 85 19 684 92 4 685 38 7 685 67 9 685 86 14 686 43 14 686 70 28 686 80 5 687 4 11 687 8 18 687 34 22 687 60 3 688 42 0 688 85 28 689 12 6 689 90 30 689 98 12 690 21 27 690 61 10 690 63 11 690 68 9 691 36 27 692 21 9 692 64 0 693 42 19 693 52 12 694 15 19 695 42 15 695 47 28 696 66 9 696 75 10 696 92 11 696 97 10 697 2 27 697 79 14 698 18 16 698 21 22 698 30 7 698 57 17 698 77 6 699 8 9 699 22 29 699 37 2 699 69 11 700 4 31 700 7 31 700 17 28 700 26 22 700 95 4 701 24 7 701 40 19 701 82 13 702 14 26 702 35 2 702 48 21 703 16 25 703 29 9 703 57 5 703 63 15 703 75 7 704 32 10 704 43 11 704 46 2 704 59 11 704 69 12 704 70 17 705 22 24 705 31 27 705 73 19 705 96 16 706 1 8 706 9 25 706 16 30 706 63 11 706 73 20 707 1 28 707 7 1 708 4 31 708 14 4 708 14 22 708 40 17 708 79 8 708 89 20 709 48 4 709 96 11 710 48 10 711 25 18 711 38 15 711 53 2 712 24 21 712 38 27 712 59 25 713 53 19 713 60 25 714 38 11 715 12 25 715 73 26 717 10 19 717 58 4 718 7 30 718 14 24 718 28 17 719 14 28 719 31 15 719 69 28 719 78 14 720 20 17 720 47 15 720 48 10 721 36 2 721 74 31 722 20 15 722 89 2 722 97 8 722 98 10 723 4 16 723 21 28 723 39 2 723 60 13 723 81 31 723 91 18 723 96 30 724 11 1 724 20 31 724 26 15 724 31 4 724 60 14 724 66 12 725 25 24 725 55 4 726 40 14 726 65 13 726 97 3 727 2 28 727 10 22 727 25 17 727 33 0 727 52 19 727 69 11 727 98 16 727 100 9 728 18 27 728 22 16 728 75 29 728 88 6 729 0 11 729 14 5 729 16 24 729 51 11 729 58 22 729 72 28 729 77 6 730 39 3 730 45 10 730 65 28 730 100 21 731 1 12 731 52 2 731 68 27 731 84 11 733 8 11 733 65 21 735 0 1 735 18 23 735 29 21 736 50 23 736 52 26 736 82 29 736 95 17 737 9 3 737 30 0 737 33 25 737 95 8 738 25 26 738 40 30 738 52 28 738 54 3 738 66 2 739 11 17 739 14 19 739 24 12 739 36 2 739 36 14 739 95 0 739 95 20 740 32 30 740 41 10 740 48 29 740 94 1 741 6 25 741 32 15 741 51 10 741 80 13 741 95 14 742 33 1 742 36 24 742 53 13 742 83 10 742 93 22 743 16 19 743 21 23 743 70 15 743 71 10 743 85 5 744 43 25 745 55 18 745 95 29 745 98 7 746 43 25 746 56 27 747 18 26 747 90 31 748 5 14 748 20 10 748 86 1 749 53 6 750 10 24 750 56 10 750 79 18 750 86 10 751 8 23 751 74 10 751 96 20 751 98 1 752 48 13 752 52 0 752 80 12 753 8 19 753 11 21 753 51 31 754 14 6 754 54 11 754 74 2 755 20 14 755 68 6 755 88 2 756 15 18 756 51 5 756 63 28 756 71 7 756 81 0 757 8 16 757 26 21 757 80 11 758 87 27 759 83 29 759 89 21 760 52 16 760 71 29 760 92 1 760 93 30 761 23 3 761 72 3 762 11 17 762 92 5 763 28 9 763 53 8 764 7 28 764 31 21 764 48 0 764 80 2 764 84 5 764 87 10 765 61 23 765 94 21 765 96 5 766 60 29 766 89 27 766 93 31 767 7 16 767 18 11 767 94 18 768 64 25 768 98 20 769 48 23 769 62 18 769 98 11 770 28 30 771 37 28 771 58 7 771 88 16 771 90 2 772 6 12 772 45 13 772 80 31 772 93 5 773 37 10 773 50 9 773 84 21 774 5 22 774 90 11 774 97 22 775 42 28 775 44 3 775 45 9 775 61 10 776 80 12 778 21 26 778 55 10 778 73 23 778 91 23 779 40 2 779 91 14 780 92 9 781 4 14 781 21 29 781 22 22 781 55 1 781 90 15 781 92 20 782 6 31 782 10 11 782 56 18 782 66 16 782 67 9 782 69 16 782 70 21 782 94 19 783 37 18 783 61 10 783 71 0 784 54 9 785 10 25 785 30 12 785 50 27 785 63 18 786 73 18 786 87 18 788 31 30 788 43 3 788 67 25 788 85 27 789 8 15 789 23 24 790 0 27 790 39 28 790 52 27 790 54 4 790 74 9 791 45 18 791 58 9 791 70 15 792 45 12 792 55 1 793 76 28 793 93 25 793 95 31 794 39 23 795 9 23 795 18 0 796 25 21 796 68 24 796 100 8 797 13 14 797 16 3 797 32 22 797 58 9 797 61 24 797 81 2 797 86 22 798 6 18 798 79 26 798 83 29 798 93 8 799 14 10 799 20 16 799 42 28 799 43 5 799 46 17 799 47 18 800 18 7 800 18 19 800 24 21 800 84 30 800 88 22 801 14 25 801 68 25 801 75 19 802 97 8 803 15 19 803 16 15 803 17 8 803 27 3 803 73 19 803 89 19 803 90 4 803 95 11 804 16 27 804 24 18 804 74 21 804 99 30 805 61 1 805 96 27 806 9 21 806 28 12 806 69 1 807 17 23 807 36 30 808 49 25 808 58 17 808 68 21 808 69 12 809 91 8 810 10 1 810 68 14 811 27 22 811 28 3 811 77 16 811 82 13 812 4 26 812 20 28 812 22 5 812 53 31 813 4 31 813 13 23 813 35 4 813 79 8 814 9 0 814 42 17 814 82 25 814 95 25 814 97 21 814 99 27 815 9 19 815 54 31 815 59 18 815 98 18 816 25 0 817 2 19 817 45 25 817 52 22 818 3 27 818 27 20 819 26 13 819 33 19 819 46 27 819 91 3 819 99 2 820 47 8 820 100 5 821 12 11 822 5 8 822 28 30 822 49 7 822 88 25 822 94 26 823 18 22 823 84 17 824 96 7 824 97 10 825 28 27 825 62 18 825 68 5 826 3 26 826 5 18 826 78 9 826 81 28 827 19 18 827 26 0 827 27 0 827 27 20 827 40 3 829 0 3 829 2 24 829 14 18 829 26 6 829 70 8 830 11 17 830 68 12 830 81 0 830 81 18 830 100 8 830 100 26 831 27 16 832 24 27 832 88 4 833 13 1 833 30 23 833 59 22 834 3 29 834 4 25 834 45 2 834 47 22 835 24 23 835 38 17 835 46 21 835 60 23 836 50 25 836 63 5 836 82 14 837 21 13 837 33 19 837 46 10 838 0 7 838 22 27 839 43 1 840 2 0 840 52 8 840 57 30 841 88 27 841 95 31 842 20 19 842 25 0 842 34 14 842 85 24 843 3 12 843 83 12 844 23 8 844 32 20 844 78 14 845 19 28 845 43 8 846 25 10 847 20 9 848 14 23 848 34 25 848 74 5 848 93 7 849 12 28 850 5 15 850 100 31 851 35 0 851 48 6 851 71 29 851 95 15 852 53 29 852 55 8 852 72 25 852 99 12 853 28 13 853 80 22 853 90 7 854 30 1 854 59 9 855 10 17 855 35 15 855 60 12 855 71 21 856 85 16 857 65 16 857 92 25 858 16 30 858 22 28 858 41 17 858 54 8 858 55 25 859 6 11 859 29 29 859 32 27 859 37 3 859 62 28 859 67 12 860 4 9 860 20 6 860 98 16 861 95 28 862 17 2 862 85 1 862 85 8 862 89 10 862 93 9 863 17 0 863 27 28 863 29 16 863 32 16 863 96 26 864 4 13 864 41 31 864 85 22 864 100 30 865 12 21 865 39 9 865 54 26 866 99 7 867 59 7 867 96 11 868 68 15 868 69 16 869 7 24 869 10 10 870 7 3 870 54 2 870 54 6 870 79 24 871 20 14 871 23 13 871 40 18 871 67 7 871 90 21 872 38 28 873 25 13 873 32 7 873 71 19 873 93 3 874 2 10 874 63 2 875 44 29 875 64 24 875 83 15 876 55 31 876 70 11 877 39 25 877 81 27 877 99 24 878 12 22 878 25 1 878 39 31 879 11 29 879 34 8 879 44 5 880 3 5 880 17 26 880 44 23 880 84 8 881 1 27 881 17 2 881 87 5 881 96 7 882 70 13 883 50 2 883 50 31 883 55 2 883 57 9 884 38 29 884 42 16 884 70 26 885 37 4 885 40 31 885 70 7 886 2 22 886 33 22 886 38 20 886 48 16 886 68 11 886 70 4 887 46 13 887 49 18 887 65 30 887 100 22 888 40 5 888 69 19 889 50 9 889 66 14 889 97 3 889 97 19 890 55 26 890 80 17 891 0 26 891 62 10 891 75 14 891 77 27 892 26 29 892 73 29 892 89 13 892 99 9 893 19 18 893 53 17 894 18 3 894 77 21 895 4 25 895 15 1 895 27 8 895 45 22 896 86 25 898 1 25 898 64 6 899 51 3 899 55 10 899 67 16 899 89 4 900 16 18 900 18 22 900 41 25 900 54 23 900 57 1 900 85 25 901 45 18 901 47 2 901 69 12 902 52 18 903 50 31 903 53 19 903 72 5 903 75 22 903 82 6 904 28 20 904 46 11 905 13 5 905 68 26 905 89 2 905 89 12 906 12 2 906 27 5 906 52 31 906 77 29 907 99 10 908 10 12 908 56 15 908 77 26 909 32 1 909 43 6 909 97 21 910 59 25 910 76 17 910 77 21 910 87 2 911 27 0 911 27 16 911 51 20 911 58 26 912 38 18 912 53 11 912 56 4 912 68 27 912 78 4 912 90 0 913 31 15 913 36 20 913 83 11 914 63 18 914 68 30 915 15 30 915 25 10 915 30 7 915 68 4 916 1 21 916 36 19 916 72 8 916 99 12 918 17 18 918 37 27 918 53 10 919 49 25 919 71 30 920 91 30 921 34 22 922 10 13 922 24 29 922 79 5 923 71 13 923 97 25 923 100 20 924 47 22 924 61 4 924 89 2 925 5 21 925 18 6 925 20 24 925 31 13 925 79 9 926 15 20 927 12 11 927 51 28 927 88 26 928 6 29 928 37 29 928 72 0 928 92 14 929 38 8 929 58 7 930 6 14 930 16 16 930 95 8 930 100 7 931 34 14 931 57 27 933 13 12 933 52 21 933 74 10 933 76 0 933 91 30 934 32 25 934 60 31 934 70 28 935 38 14 935 45 3 935 57 15 935 99 4 936 34 24 936 71 12 937 39 9 937 69 1 937 73 10 937 78 14 937 85 22 938 17 24 938 32 16 938 67 11 938 72 8 938 90 1 939 19 0 939 30 4 939 37 17 939 50 0 939 62 16 939 73 23 940 12 15 940 35 27 940 68 26 940 73 9 940 99 20 942 2 10 942 17 19 942 43 30 942 82 28 943 9 10 943 26 8 943 29 17 943 50 9 943 61 9 943 62 10 943 68 5 944 30 27 944 98 3 945 54 3 945 60 30 946 67 2 946 68 24 947 20 4 947 46 15 947 76 27 947 80 2 948 3 3 948 72 5 949 18 23 949 62 23 949 95 0 950 0 2 950 30 11 950 62 1 950 71 29 950 79 0 950 90 22 951 83 7 951 86 12 951 100 9 952 95 5 953 10 11 954 0 22 954 35 24 955 30 5 955 59 12 955 75 26 955 98 27 956 19 25 956 62 26 956 73 20 956 80 15 957 2 23 958 6 28 958 53 9 958 66 11 959 1 10 959 14 14 959 16 14 959 18 7 959 18 13 959 51 14 959 71 20 959 93 28 959 99 10 960 65 3 960 83 4 961 2 12 961 69 3 961 70 22 961 84 21 961 94 18 962 18 7 962 21 3 962 28 18 962 64 31 963 20 12 963 24 4 963 27 8 963 31 6 963 54 29 963 63 0 964 22 2 964 31 26 964 36 23 964 52 4 965 57 29 965 69 23 966 21 7 966 33 8 966 47 5 966 56 5 966 67 2 966 81 23 967 75 24
256 2891 0.001 72 24 16 72 55 10 72 61 19 72 69 28 72 94 23 73 69 24 73 94 0 74 35 12 74 53 7 74 77 24 75 55 1 75 62 13 75 72 15 75 77 16 75 90 19 76 10 26 76 32 11 76 48 28 76 59 8 76 70 27 76 78 7 76 83 30 77 11 4 77 28 10 77 30 4 77 62 10 77 68 23 77 77 31 77 88 2 78 10 8 78 15 10 78 95 4 79 22 11 79 53 25 80 13 23 80 44 28 80 45 8 81 13 7 82 9 5 82 24 7 82 26 15 83 6 2 83 25 6 83 43 22 83 57 13 83 85 7 83 91 8 84 29 25 84 31 12 84 61 16 84 72 4 84 83 16 85 20 12 85 31 16 85 60 27 85 100 4 86 19 0 86 19 17 86 24 10 86 49 25 87 67 21 87 82 11 87 83 1 88 43 12 88 99 28 89 43 10 89 50 19 90 37 3 90 73 0 91 28 30 91 36 30 91 56 16 91 74 26 91 82 10 92 40 0 93 88 24 94 30 21 94 64 22 94 81 10 95 29 14 95 75 25 96 17 17 96 26 20 96 31 14 96 57 0 96 57 7 96 74 6 97 10 21 98 11 6 99 18 31 99 47 20 99 75 19 99 93 18 100 18 14 100 38 26 100 74 22 101 20 3 101 28 29 101 70 23 102 6 1 102 16 14 102 50 26 102 61 0 102 81 12 103 14 26 103 21 7 103 59 0 104 5 7 104 77 29 104 98 17 105 79 22 105 93 9 106 12 21 106 46 14 106 69 3 107 11 6 107 14 30 107 47 11 107 81 17 108 15 1 108 23 25 108 30 12 108 40 5 108 93 17 109 33 17 110 41 4 110 65 16 110 68 30 110 76 4 110 78 3 110 78 7 110 79 21 111 21 17 111 99 6 112 51 11 112 79 0 112 85 29 113 31 11 113 72 27 114 20 6 114 26 21 115 6 21 116 6 12 117 11 17 117 45 20 118 8 18 118 55 14 118 66 27 118 77 28 119 37 7 119 73 1 119 76 3 120 13 22 120 21 14 120 64 0 120 77 21 120 86 9 121 29 31 121 47 30 122 24 5 122 90 8 123 6 24 123 23 10 123 62 11 123 74 28 123 83 13 123 93 28 124 16 15 124 51 10 124 53 15 124 56 21 125 18 30 125 57 6 125 57 7 125 83 25 125 97 9 126 9 9 127 35 29 127 54 27 128 51 5 128 68 31 128 70 31 128 92 28 129 5 28 129 10 13 129 29 5 129 44 18 131 30 7 131 48 24 131 92 22 132 12 25 132 31 13 132 88 12 133 29 10 133 31 7 133 46 21 133 51 13 133 65 27 133 83 24 134 58 27 135 2 15 135 55 25 136 0 8 136 19 9 136 41 31 136 64 14 137 6 30 137 14 17 137 45 29 137 55 21 138 19 6 138 46 13 138 92 9 139 56 26 139 73 29 141 38 11 141 46 23 141 84 18 142 44 30 142 51 3 142 70 28 143 24 9 143 85 21 143 96 10 144 43 25 144 58 13 144 86 2 145 78 13 146 7 28 146 28 6 146 43 18 146 86 2 147 20 14 147 25 21 148 22 23 150 38 19 150 76 27 151 75 11 152 22 18 152 28 31 152 51 15 153 3 2 153 7 23 154 14 1 154 17 5 154 19 10 154 41 17 154 55 30 154 75 17 154 95 4 155 22 17 155 26 21 155 57 24 155 69 29 156 32 10 156 60 10 157 63 11 157 64 4 157 81 29 157 99 5 158 33 16 158 89 31 159 87 28 160 62 16 160 70 20 161 30 26 162 36 23 162 47 2 162 82 23 162 85 0 163 89 19 163 92 3 164 0 17 165 40 12 165 49 10 165 66 31 165 95 14 166 39 15 167 20 2 167 60 14 167 81 2 168 20 10 168 32 5 168 40 10 168 57 17 168 81 5 169 58 31 169 97 29 170 18 19 170 57 17 170 100 6 171 39 3 171 53 12 171 99 13 172 0 17 172 44 22 172 55 12 173 0 7 173 9 9 173 33 24 173 38 13 173 46 7 173 91 25 174 70 22 174 71 30 174 75 30 175 29 1 175 71 15 175 87 27 175 92 8 175 99 29 176 4 12 176 77 25 176 85 1 176 92 13 177 20 4 177 26 17 177 39 2 177 53 14 177 58 9 177 78 9 178 39 9 178 52 3 178 53 21 179 53 20 180 12 20 181 91 4 182 18 31 182 60 18 182 88 27 183 23 12 183 42 14 183 68 2 183 70 30 184 17 24 184 38 0 184 48 13 184 48 29 185 3 17 185 21 8 185 42 8 185 52 17 186 21 21 186 27 14 186 45 24 186 48 20 186 94 1 187 12 26 187 47 31 187 52 6 187 76 2 188 3 2 188 6 31 188 26 20 188 64 1 188 70 11 189 39 18 189 78 27 190 24 23 190 35 9 190 41 21 190 55 2 191 27 28 191 38 1 191 76 2 191 82 27 191 85 20 191 87 8 192 3 9 192 15 8 192 37 7 192 70 2 193 4 9 193 30 28 193 35 31 193 39 1 193 48 30 193 60 31 193 79 26 193 96 17 194 21 3 194 22 29 194 42 3 194 47 17 194 80 0 195 4 19 195 76 2 196 0 12 196 11 16 196 67 14 196 75 25 196 93 26 197 40 12 197 92 12 198 31 28 198 45 17 198 57 15 198 85 30 198 93 30 199 0 23 199 48 6 199 51 17 199 74 31 199 92 22 199 96 1 200 13 11 200 49 14 200 73 0 201 11 3 201 23 16 202 12 21 202 21 20 202 24 31 202 27 22 202 44 1 202 57 0 202 63 21 202 76 13 202 83 7 202 96 15 203 20 2 203 25 10 206 39 27 206 41 8 206 51 9 206 88 2 206 92 8 207 87 9 208 22 24 208 29 12 208 41 24 208 80 24 209 76 13 209 95 16 210 36 23 210 51 22 212 87 20 213 2 28 214 4 5 214 18 2 215 15 19 216 6 17 216 34 11 216 62 7 216 77 17 217 33 2 217 35 30 217 49 0 217 54 18 218 6 7 218 54 19 218 55 30 219 1 5 219 20 19 219 29 21 219 81 7 220 37 29 220 69 0 220 81 11 220 88 22 221 0 29 221 8 2 221 9 21 221 18 10 221 49 14 221 71 27 222 9 19 222 32 11 222 44 16 223 10 3 223 71 5 223 76 30 224 6 6 224 41 29 224 48 2 225 6 7 225 33 10 225 53 13 225 91 31 226 90 13 227 34 9 227 40 21 227 84 24 228 9 11 228 16 14 228 16 25 228 25 13 228 43 6 228 92 16 229 49 1 229 63 5 230 7 9 230 37 0 230 47 11 230 59 1 230 68 20 231 40 9 231 73 4 231 94 22 232 25 16 232 28 24 232 32 11 232 67 18 232 70 28 233 16 23 234 6 11 234 15 28 234 17 28 234 51 15 235 49 8 235 49 24 235 90 22 235 96 23 236 21 13 236 71 31 237 16 13 237 51 30 237 91 14 238 93 3 240 64 2 241 1 19 241 23 7 241 30 3 241 32 27 242 86 9 243 20 17 243 49 1 243 75 24 243 90 29 244 30 13 244 49 21 244 81 9 244 95 6 244 98 9 245 3 23 245 5 13 245 19 19 245 47 22 245 81 22 246 25 26 246 60 14 246 82 12 246 95 21 247 2 3 247 13 14 248 64 19 249 61 8 249 72 24 249 74 16 249 79 30 249 93 4 249 100 19 250 5 22 250 30 14 250 36 2 251 4 26 251 9 22 251 16 19 251 22 17 252 18 21 253 17 20 253 36 31 253 48 5 253 70 12 253 78 29 253 93 23 254 24 5 254 39 23 254 75 1 254 86 21 255 49 25 255 59 15 256 14 1 256 29 18 256 94 1 257 16 14 257 34 27 257 40 31 258 2 1 258 15 17 258 32 17 258 80 17 259 23 5 259 64 28 259 75 20 259 88 11 260 93 26 261 69 7 261 69 31 261 85 19 262 45 20 263 22 31 263 47 29 263 80 28 264 50 7 265 70 13 265 71 24 265 97 16 265 99 12 266 14 26 267 31 31 267 62 3 267 75 13 268 7 6 268 19 27 268 75 19 269 27 8 269 29 1 269 29 14 269 55 17 270 62 21 270 77 15 270 80 13 271 39 22 271 47 28 271 50 18 271 79 12 272 32 7 272 33 17 272 88 27 272 97 20 272 98 6 273 16 27 273 24 21 273 55 11 273 80 8 275 70 18 275 90 9 276 6 0 276 12 28 276 20 29 276 34 16 276 91 23 276 93 14 277 9 29 277 30 2 277 57 8 277 58 7 277 96 28 278 5 24 278 13 18 278 14 10 278 18 28 278 33 20 278 82 23 279 27 7 279 36 25 279 65 12 279 97 6 280 35 30 280 36 25 280 51 11 280 67 27 281 12 9 281 34 22 281 43 31 281 86 13 281 92 2 282 39 23 282 51 7 282 71 15 283 43 24 284 64 7 285 14 9 285 35 1 285 55 17 285 66 20 286 7 25 286 41 29 286 90 4 287 30 7 287 61 7 287 82 25 288 36 9 288 85 1 288 94 27 289 29 12 289 40 24 290 63 27 290 67 3 291 26 30 291 69 30 292 90 25 292 97 24 293 73 14 294 13 15 294 69 20 296 0 20 296 26 3 296 82 15 296 90 26 296 95 2 297 1 7 297 38 20 297 56 14 297 72 10 297 91 31 297 97 23 298 23 2 298 28 29 298 43 14 298 52 7 298 53 18 299 1 11 299 25 22 300 7 1 300 64 29 301 37 7 301 45 12 301 67 10 301 68 31 301 91 30 302 3 17 302 52 3 303 10 17 303 19 4 303 23 8 303 43 5 304 13 30 304 22 28 304 46 10 304 86 7 305 38 5 305 68 27 306 15 24 306 41 16 306 48 21 306 90 11 307 11 10 307 24 9 307 24 20 307 82 28 308 18 23 308 30 19 308 33 8 308 84 16 309 29 12 310 2 6 310 42 12 310 55 22 311 91 24 312 6 8 312 8 30 312 34 29 312 63 3 313 0 0 313 27 3 313 29 7 313 34 31 313 65 8 313 95 6 314 8 15 314 53 29 315 58 11 315 86 29 316 32 20 316 82 28 316 90 4 316 98 3 317 34 27 317 36 29 317 62 23 318 50 13 318 54 12 318 77 24 319 9 9 319 23 1 319 48 18 319 53 17 320 70 7 321 21 17 321 60 14 321 61 18 321 64 27 321 82 23 322 29 10 322 65 26 322 74 28 322 91 1 322 94 20 323 6 21 323 11 2 323 33 25 323 37 21 323 60 24 323 65 13 323 75 24 323 82 1 323 88 13 324 5 29 324 13 5 325 19 4 325 46 5 325 82 11 326 18 28 326 31 10 326 48 14 326 55 5 326 85 15 326 91 20 326 94 24 326 95 7 326 96 5 326 97 15 327 13 16 327 17 11 327 31 13 327 50 13 327 83 17 328 9 21 328 46 8 328 68 1 328 70 17 328 73 21 329 50 22 330 25 28 330 77 10 332 28 13 332 44 29 332 53 31 333 29 19 333 42 0 333 55 8 333 65 30 333 73 26 334 33 30 334 59 7 335 14 25 335 33 17 335 66 22 335 80 0 336 5 9 336 43 29 336 70 17 336 73 31 337 53 25 337 79 5 338 43 5 338 50 1 338 86 0 338 94 18 338 96 31 339 38 26 339 48 0 339 48 16 339 96 30 340 53 12 341 43 26 341 56 3 341 57 2 342 1 0 342 42 25 342 45 25 342 70 31 343 2 31 343 37 25 343 60 7 343 85 13 343 90 0 344 61 11 344 77 18 344 96 31 345 17 12 345 21 18 345 31 13 345 86 28 346 94 29 347 2 18 347 14 19 347 23 25 347 23 30 347 31 14 347 32 27 347 72 0 347 86 30 349 3 2 349 15 19 349 100 24 350 43 23 350 56 11 350 78 25 350 93 28 351 15 25 351 23 22 351 39 17 351 43 26 351 85 30 351 96 12 351 98 23 352 8 25 352 14 11 352 18 6 352 18 30 352 44 26 352 49 31 352 67 7 352 67 18 353 38 26 353 47 23 353 61 17 353 65 0 353 85 19 353 98 0 354 10 0 354 36 22 355 45 18 355 64 18 356 17 2 356 92 8 357 3 3 357 46 29 357 97 19 358 41 20 358 65 7 359 37 22 359 41 5 359 50 15 360 14 12 360 47 8 360 47 30 360 71 29 361 4 3 361 36 0 361 52 13 361 61 11 362 23 1 362 34 23 363 52 8 363 75 28 363 92 21 364 1 2 364 13 12 364 60 10 365 1 24 366 8 15 366 63 8 366 76 20 366 86 28 367 25 31 367 90 29 368 4 9 368 14 26 368 19 3 368 33 12 368 46 17 368 52 15 368 67 23 368 97 15 368 98 22 369 4 11 369 11 3 369 27 16 369 59 27 369 95 3 369 99 20 370 62 27 370 79 31 371 10 5 371 45 10 371 50 1 371 65 26 371 75 20 372 13 23 372 53 13 372 66 18 372 77 27 373 41 26 373 72 27 373 87 17 373 88 5 374 7 14 374 14 28 374 35 26 374 62 6 375 16 10 375 50 2 375 54 28 375 83 6 375 88 30 376 22 6 377 49 16 378 13 8 378 39 15 379 99 28 380 50 23 380 62 10 380 92 0 380 98 5 382 25 12 382 31 15 382 90 11 383 4 27 384 5 8 384 6 19 384 62 2 385 11 4 385 45 15 385 55 1 385 75 13 385 97 22 386 69 31 386 87 21 386 88 26 387 2 27 387 43 23 387 80 1 388 63 7 388 84 20 389 38 27 389 82 21 390 0 28 390 13 12 390 81 1 390 87 2 390 87 8 390 91 15 390 91 21 391 49 12 391 65 15 391 68 29 392 22 22 392 54 4 393 6 25 393 8 7 393 16 31 393 35 3 393 69 6 395 2 13 395 37 1 395 91 3 396 51 21 396 87 2 397 8 21 397 42 11 398 76 9 398 85 23 399 54 25 399 78 4 399 82 19 399 84 1 400 21 7 400 57 5 400 60 19 400 88 29 400 97 0 401 4 14 401 15 12 401 29 19 401 62 23 401 78 2 401 83 25 402 13 23 402 43 5 403 64 30 403 68 3 404 2 9 404 33 18 404 39 5 405 71 10 405 81 28 405 91 30 406 41 16 406 83 14 407 42 22 407 71 24 408 0 3 408 7 28 408 28 16 408 52 16 408 70 30 408 78 24 408 92 8 408 92 20 408 94 1 409 13 24 409 37 14 409 93 27 410 24 18 410 31 6 411 31 28 411 36 14 411 67 3 412 60 23 412 64 27 412 71 31 412 98 2 413 7 13 413 30 28 413 55 7 413 56 17 414 16 20 414 18 20 414 33 9 414 95 30 415 16 22 415 38 11 415 42 15 415 44 16 415 45 21 416 73 20 417 89 1 417 96 23 417 99 27 418 8 10 418 23 29 418 50 15 419 1 7 419 51 28 419 64 18 419 66 7 420 34 15 420 61 16 420 88 3 421 11 25 421 51 3 422 48 10 422 96 21 423 19 28 423 25 31 423 78 5 423 84 1 424 6 2 425 6 22 425 17 4 425 26 14 425 31 7 425 67 28 426 8 6 426 40 3 426 40 29 426 45 14 426 62 17 427 49 14 427 50 6 427 89 0 428 3 29 428 32 22 428 85 13 429 14 19 429 17 0 429 18 12 429 78 0 429 100 2 430 0 17 430 42 1 430 59 7 430 64 31 430 80 28 431 95 11 431 100 15 432 20 13 432 44 0 433 3 16 433 21 15 433 79 22 433 85 19 434 51 20 434 82 29 435 13 29 435 23 23 435 35 26 435 38 3 435 42 28 435 55 27 436 3 28 436 26 3 436 58 26 436 98 21 437 2 8 437 37 22 437 40 23 437 75 29 437 82 0 438 10 4 438 46 27 438 70 30 439 52 19 441 6 11 441 40 1 441 68 25 441 75 21 441 100 31 442 0 26 442 3 29 443 10 24 443 45 30 443 51 26 443 61 5 443 69 20 444 13 30 444 34 9 445 3 23 445 79 8 447 6 1 447 14 10 447 18 14 447 43 23 447 57 30 447 97 6 448 23 4 448 89 31 449 16 0 449 59 17 449 71 29 449 73 22 450 44 11 450 48 7 450 77 9 451 12 0 451 83 27 451 88 24 452 70 25 453 16 24 453 38 7 454 52 8 454 53 3 455 23 19 456 31 20 456 53 22 456 91 30 457 7 16 457 21 24 457 41 27 458 36 16 458 44 14 458 77 21 458 96 19 458 100 5 459 3 16 459 6 11 459 17 25 460 96 7 461 80 10 461 96 25 462 36 8 462 38 16 462 59 27 462 93 1 462 98 27 463 16 25 463 30 20 463 53 2 463 100 9 464 31 10 464 45 7 464 75 17 464 76 20 464 82 16 465 2 31 465 20 1 465 21 21 465 79 0 465 83 21 466 55 1 466 76 17 467 14 19 467 16 22 467 20 8 467 59 22 467 100 9 468 0 18 468 14 31 468 24 4 468 24 16 468 78 28 469 97 28 470 18 17 470 54 21 470 59 1 470 79 11 470 88 6 471 17 6 471 18 21 471 63 17 472 5 19 472 29 20 472 89 18 472 100 14 473 47 9 473 100 5 474 13 19 474 13 29 474 90 25 474 96 1 474 99 3 475 5 30 475 15 3 475 66 31 475 79 1 475 99 24 476 37 1 476 51 7 477 12 18 477 38 19 477 40 21 477 46 29 477 60 10 478 11 15 478 31 2 479 22 13 479 24 31 479 56 0 480 9 2 480 22 31 481 3 26 481 6 26 481 24 27 481 28 2 481 97 20 482 14 12 482 29 25 482 70 27 482 92 3 483 65 26 483 89 4 484 0 25 484 8 1 484 86 13 485 20 30 485 37 21 486 32 8 486 89 19 486 91 9 487 32 19 488 0 7 488 2 13 488 50 29 489 0 12 489 7 0 489 27 13 490 21 27 490 40 9 490 64 26 491 80 20 492 3 11 492 75 21 492 93 26 492 97 17 493 1 12 493 30 1 493 73 25 494 4 6 494 23 30 494 78 10 494 86 2 494 90 12 495 12 16 495 76 8 495 89 30 496 0 24 496 21 24 496 29 24 496 56 15 497 59 5 497 73 9 497 74 26 497 76 16 497 100 14 498 4 12 498 35 16 498 58 18 498 63 15 498 77 23 499 27 19 499 30 19 499 81 17 499 91 14 500 6 3 500 19 0 500 45 2 501 66 29 502 42 6 503 50 3 503 57 7 503 58 9 503 70 8 503 74 17 503 74 22 503 100 30 504 26 31 504 60 31 504 62 6 504 65 16 504 74 12 504 80 24 505 46 13 505 83 7 505 87 24 506 2 25 506 6 13 506 48 9 506 83 6 507 17 28 507 71 20 508 40 23 508 45 10 508 50 15 508 50 31 508 62 9 508 87 2 509 64 16 510 25 11 510 26 15 510 32 13 511 58 17 511 65 1 511 66 28 512 7 3 512 9 24 512 65 23 512 95 26 513 24 18 513 48 10 513 55 27 513 83 3 513 84 12 513 88 18 514 0 11 514 75 7 516 19 15 516 20 20 516 36 0 516 81 27 516 84 30 517 19 13 517 37 24 518 15 17 518 24 19 518 28 26 518 31 14 518 46 13 518 79 27 518 96 15 518 99 20 519 3 24 519 19 2 519 23 11 519 70 7 520 54 31 520 63 23 521 14 5 521 35 20 521 36 27 521 50 29 521 52 21 522 60 12 522 64 31 522 81 19 523 62 15 523 81 21 524 10 11 524 29 6 524 47 22 524 73 31 525 10 6 525 29 19 525 35 22 525 50 2 525 55 24 525 62 31 526 21 13 526 52 6 527 31 30 527 42 17 527 54 6 527 72 14 527 73 8 527 97 2 528 24 8 528 28 15 528 28 30 528 30 0 528 57 18 528 78 1 529 36 1 529 38 11 529 74 4 529 78 13 529 86 11 530 30 31 530 36 5 530 41 8 531 22 21 531 27 18 531 34 10 531 67 4 531 84 4 531 92 23 531 93 31 532 18 20 532 40 23 532 42 30 533 35 15 533 67 12 533 83 24 534 24 12 534 80 19 534 88 2 535 70 20 535 74 13 536 2 4 536 16 12 536 17 19 536 34 2 536 39 7 536 77 12 537 71 9 537 95 21 538 17 9 538 81 2 539 4 2 539 36 2 539 81 7 539 86 31 540 13 26 540 86 0 541 5 9 541 32 1 541 39 31 541 43 6 541 43 10 541 58 18 541 74 9 541 88 31 542 6 8 542 22 28 542 45 24 542 46 16 542 73 30 543 4 1 543 7 13 543 27 1 543 55 30 543 70 27 543 94 1 544 47 20 545 2 23 545 6 30 545 20 6 545 37 29 545 40 5 545 48 3 545 63 2 545 89 28 545 99 14 546 34 23 546 55 24 547 18 24 547 23 3 547 41 16 547 43 16 547 50 3 547 64 27 547 99 20 548 35 7 548 41 26 548 48 13 549 3 16 549 43 4 549 45 30 549 51 18 549 60 25 549 83 20 550 5 15 550 12 25 550 30 6 550 30 16 550 40 17 550 47 24 551 19 7 551 37 26 551 73 5 551 79 3 551 84 25 552 48 11 552 86 11 553 54 1 553 91 12 555 37 15 555 50 22 555 88 29 556 27 17 556 71 14 557 7 6 557 57 27 557 86 16 558 48 10 558 92 8 559 9 2 559 57 20 559 63 21 559 90 12 559 100 4 560 54 19 560 72 11 560 75 20 562 6 17 562 83 20 563 27 26 563 45 0 564 34 24 564 69 16 565 7 21 565 25 29 565 32 11 565 66 5 565 80 28 565 97 9 566 23 23 566 51 30 566 67 13 566 88 29 567 1 25 567 4 2 567 15 12 567 35 25 567 92 27 568 53 20 569 19 20 569 42 23 569 61 28 569 82 20 569 90 27 570 7 10 570 16 24 570 60 22 570 81 12 571 49 29 572 20 12 574 21 15 574 43 24 574 51 4 574 82 1 574 96 23 575 8 6 575 38 27 575 47 20 575 73 13 575 95 14 576 9 25 576 48 19 577 57 11 578 51 0 579 9 22 579 15 29 579 17 14 579 50 22 579 75 12 581 23 19 581 83 28 582 13 2 583 48 8 583 97 14 584 44 0 584 57 21 584 76 28 585 17 6 586 39 7 586 70 27 586 79 30 586 84 23 587 12 17 587 25 26 587 32 12 587 39 30 587 58 28 587 88 29 588 4 5 588 5 8 588 22 7 588 71 7 589 2 7 589 21 19 589 35 1 590 2 8 590 16 2 590 28 8 591 42 23 591 72 9 591 75 22 592 52 11 592 75 27 593 64 0 593 68 11 594 20 24 594 40 12 594 63 27 594 73 27 594 96 20 595 42 30 595 46 26 595 62 18 595 82 6 596 24 14 596 27 15 596 38 2 596 95 1 597 18 12 597 34 25 597 74 7 597 97 24 598 10 6 598 34 9 598 87 9 598 94 5 599 23 28 599 41 24 599 73 30 599 74 8 600 22 21 600 43 22 600 45 6 600 50 4 600 54 3 600 60 23 600 62 19 600 91 15 601 23 14 601 89 19 601 90 0 601 97 24 602 12 16 602 28 21 602 41 16 602 45 24 603 3 30 603 48 7 603 58 15 604 34 8 604 43 11 604 67 27 605 36 1 605 44 25 605 73 24 605 83 20 605 93 8 606 19 8 606 44 14 607 8 13 607 54 27 608 65 18 608 74 26 609 6 6 609 32 5 609 36 16 610 14 11 610 30 5 610 73 13 610 98 30 611 30 10 611 41 28 611 57 22 612 7 21 612 26 13 612 40 18 612 90 17 613 59 5 613 61 14 615 4 8 615 79 20 616 54 28 616 65 21 616 76 15 617 38 20 618 9 1 618 31 31 618 35 5 618 82 12 618 86 5 619 49 31 619 73 23 619 74 25 619 91 6 620 14 16 620 15 29 620 37 19 620 67 30 620 94 31 621 42 30 622 21 25 622 30 13 622 37 24 622 64 2 622 70 11 622 73 21 623 10 10 624 92 10 625 33 19 625 97 2 626 44 22 626 54 20 627 5 9 627 57 24 627 69 2 627 72 3 628 27 17 628 36 17 628 74 27 629 70 14 630 4 4 630 15 9 630 17 13 630 66 30 631 78 4 632 1 23 632 15 16 632 25 20 632 27 6 632 27 26 632 54 19 632 73 6 633 30 31 633 43 16 633 83 7 633 87 26 634 2 28 634 29 8 634 79 30 634 81 20 634 100 6 636 14 26 636 86 16 637 15 15 638 45 30 638 60 19 639 31 0 639 54 30 639 73 22 640 62 20 641 53 4 642 8 24 642 15 16 642 40 27 642 69 3 642 69 20 643 28 30 643 30 5 643 49 4 643 58 6 643 67 21 644 15 30 644 27 8 644 31 0 644 100 31 645 23 0 645 43 26 645 68 3 645 89 23 646 69 9 646 91 3 647 3 10 647 16 4 647 32 30 647 44 22 647 91 25 647 100 10 648 5 20 648 55 26 649 52 4 649 57 8 649 100 27 650 43 27 650 51 7 650 58 19 650 60 10 651 21 6 651 48 21 651 52 18 651 96 0 651 96 5 652 33 7 652 79 26 652 89 29 653 23 21 653 46 22 653 61 19 653 93 13 654 21 16 654 30 26 654 42 12 654 75 24 654 76 30 655 17 27 655 30 7 655 30 24 655 34 12 655 36 30 655 53 23 655 71 8 655 89 29 655 92 16 656 44 23 656 57 11 656 72 3 657 100 21 658 0 18 658 27 4 658 52 2 658 62 2 658 91 31 658 94 12 659 23 2 659 39 19 660 47 7 660 60 6 661 34 13 661 42 25 661 85 14 661 90 2 662 1 28 662 82 20 663 4 25 663 16 31 663 38 22 664 88 25 664 94 30 666 19 12 666 38 6 666 43 28 666 51 27 666 65 29 666 74 14 666 83 26 667 38 19 667 68 10 668 32 29 668 35 28 668 60 4 668 72 22 668 87 18 669 42 24 669 89 26 671 13 9 671 85 7 672 17 21 672 23 3 672 43 14 672 72 6 672 90 12 674 4 6 674 6 3 674 7 22 674 38 20 674 62 16 674 80 8 674 83 0 675 21 11 675 59 10 675 64 7 676 19 21 676 45 5 676 48 2 676 54 12 677 14 22 677 16 27 677 22 18 677 38 7 677 89 23 677 98 15 678 54 1 678 63 27 678 94 23 678 100 30 679 8 27 679 10 14 679 59 24 679 88 9 679 92 5 680 56 26 680 92 3 680 99 29 681 17 5 681 54 5 681 94 17 682 9 25 682 44 6 682 45 2 682 59 9 682 60 17 682 65 16 682 81 20 682 90 15 682 92 19 683 8 29 683 35 15 683 61 3 684 14 17 684 16 23 684 21 8 684 37 23 684 72 21 684 75 28 684 94 17 685 11 9 685 23 14 685 55 2 685 81 22 686 19 7 686 23 16 686 86 1 688 68 28 689 18 23 689 30 13 689 65 3 689 69 7 689 69 13 689 75 7 690 63 6 691 4 31 691 40 4 691 47 16 691 48 8 692 36 19 692 72 27 692 74 1 692 77 15 692 90 8 693 43 26 693 86 2 693 93 9 694 0 8 694 5 6 695 42 7 695 53 16 695 59 28 695 75 4 696 66 5 696 76 11 697 23 31 697 49 25 697 64 19 697 69 13 697 70 5 697 75 23 697 86 1 697 95 16 698 11 18 698 35 21 698 54 1 698 61 3 698 67 12 699 54 5 699 73 2 699 73 17 699 78 28 700 15 29 700 69 24 701 20 28 701 27 1 701 38 26 703 5 14 703 28 22 703 34 1 703 45 6 703 49 23 704 44 19 704 74 6 704 75 16 704 77 20 705 37 26 705 56 17 705 91 9 705 94 17 706 43 17 706 58 12 706 74 12 706 92 8 706 92 15 707 29 22 707 93 28 707 96 5 708 12 27 708 76 10 709 11 23 709 28 25 709 55 25 709 88 20 709 97 19 710 0 10 710 72 6 710 77 11 711 4 30 711 24 21 711 79 0 712 31 30 712 55 30 712 59 9 712 87 25 713 20 5 713 48 21 713 63 12 713 84 9 714 1 13 714 76 26 714 82 4 715 10 30 715 100 0 716 45 2 716 61 7 716 73 22 716 86 6 717 48 13 717 56 11 717 65 8 717 67 21 718 4 13 718 19 3 718 34 28 718 42 30 718 48 25 718 54 10 718 88 27 718 91 12 719 20 6 719 74 29 719 92 31 719 99 28 720 44 23 720 74 28 720 89 16 720 91 21 720 98 24 721 20 17 721 44 10 721 47 21 721 95 12 722 11 14 722 17 3 722 41 0 722 76 28 722 93 12 723 66 20 723 85 28 723 90 13 723 97 19 724 62 16 724 90 22 725 71 16 725 86 13 725 95 5 726 1 31 726 5 5 726 63 0 726 85 23 727 18 0 727 47 9 727 87 12 728 13 11 728 53 29 728 97 3 729 14 14 729 20 2 730 4 18 730 45 22 730 65 18 730 71 15 730 73 16 730 81 14 730 84 31 730 87 27 731 55 27 732 0 1 732 35 5 732 51 11 733 17 15 733 18 26 733 25 19 733 53 5 733 95 21 734 24 17 734 45 4 734 70 13 735 6 2 735 46 5 735 73 31 736 22 25 736 61 26 736 95 30 737 14 15 737 24 20 737 84 31 738 27 6 739 3 7 739 65 8 739 69 11 739 98 19 740 14 27 740 49 12 740 80 20 741 14 7 741 69 2 741 78 7 742 32 15 742 38 0 742 51 1 742 51 28 742 75 31 743 25 30 743 43 24 743 47 1 743 59 16 743 63 9 744 39 18 744 50 6 744 92 25 745 65 16 746 4 14 746 5 0 746 5 5 746 17 29 747 0 8 747 31 30 747 45 10 747 83 9 747 95 2 747 96 22 748 16 13 748 70 15 748 93 2 749 4 16 749 64 23 750 5 24 750 78 8 751 31 9 751 78 27 752 28 4 752 36 23 753 88 6 754 22 8 754 26 5 754 54 28 754 90 18 754 95 26 755 23 13 755 32 26 755 69 12 756 16 31 756 17 8 756 85 6 757 9 23 757 26 31 759 7 6 759 71 10 759 95 24 761 23 22 761 40 16 761 70 22 761 94 15 762 27 21 762 41 4 762 78 21 763 0 4 763 27 19 763 41 7 763 75 5 764 37 2 764 65 8 764 66 18 764 94 29 765 50 13 766 52 5 766 64 31 766 90 29 767 35 2 768 40 13 768 50 31 768 71 29 769 44 22 769 50 14 769 85 7 771 7 29 772 7 4 772 46 7 773 45 9 773 84 24 774 31 2 774 47 21 774 77 22 775 50 26 776 87 6 776 89 21 777 68 19 777 73 2 777 76 30 777 89 3 778 5 11 779 13 8 779 55 10 779 69 16 779 78 5 779 85 14 780 61 2 780 65 4 781 7 29 781 34 31 782 6 31 782 46 27 782 52 13 782 89 30 783 8 23 783 20 17 783 61 26 783 65 29 784 89 12 785 20 4 785 46 31 785 48 8 785 55 12 786 15 1 786 37 17 786 64 9 787 18 25 787 51 18 787 73 7 788 55 26 788 81 19 788 100 25 789 3 31 789 10 10 789 15 9 789 16 7 790 61 19 790 87 14 790 90 20 790 96 2 791 32 14 791 89 22 791 97 24 791 98 9 792 20 19 792 66 23 792 100 12 794 22 2 794 40 23 794 44 31 794 47 21 795 20 14 795 33 18 795 35 24 795 65 26 795 93 13 796 47 3 796 82 29 796 97 0 797 44 0 798 6 4 798 73 10 798 91 14 799 9 0 799 38 11 799 74 2 800 59 22 800 73 6 800 84 26 800 99 29 800 99 30 801 50 18 801 51 14 801 93 1 802 28 9 802 56 29 802 59 11 802 78 21 803 7 30 803 11 5 803 30 9 803 34 0 803 95 6 804 7 26 805 6 0 805 40 1 806 37 30 806 84 10 807 7 2 807 13 16 807 62 24 808 38 19 808 65 1 809 28 14 809 32 20 809 97 29 809 99 18 810 5 11 810 71 16 810 99 26 812 8 13 812 49 18 812 61 0 812 82 22 812 98 16 813 50 31 813 86 1 814 80 5 814 97 29 815 0 11 815 41 10 815 64 13 815 65 3 815 67 17 815 73 26 816 41 15 816 83 13 817 27 22 817 38 8 818 40 19 818 42 29 818 47 31 819 92 10 820 6 15 820 33 30 820 63 1 820 66 8 820 70 5 821 4 23 821 40 10 821 69 23 822 12 20 822 94 29 823 5 23 823 24 28 823 56 31 824 84 13 825 19 20 825 40 22 825 51 27 825 69 28 825 79 6 825 92 18 825 95 14 826 10 26 826 15 17 826 27 28 826 34 13 826 59 1 826 87 9 827 48 27 827 65 14 828 11 2 828 21 23 828 52 2 828 60 10 829 82 29 829 98 26 830 57 11 830 76 24 830 88 6 831 63 3 832 11 9 832 21 11 832 24 16 832 72 2 832 75 17 832 81 10 833 65 12 833 98 25 833 99 20 833 100 6 834 68 9 834 84 1 834 100 29 835 5 26 835 34 4 835 99 2 835 100 30 836 34 6 836 44 17 836 45 15 836 57 19 836 59 26 836 70 6 837 40 22 837 58 0 838 9 10 838 51 15 838 59 22 839 51 16 839 68 11 839 84 6 840 9 19 840 57 20 842 21 25 842 75 6 842 90 13 842 95 30 842 100 11 843 15 9 843 40 6 843 57 9 843 66 1 843 66 11 843 73 7 843 79 13 844 36 30 844 53 20 845 3 13 845 4 13 845 8 25 845 69 16 845 95 4 846 10 8 846 22 27 846 41 31 846 54 13 846 95 24 846 100 5 847 75 27 847 96 12 848 97 10 849 91 0 849 97 15 850 62 30 850 77 3 851 59 20 851 66 16 851 97 29 852 68 13 852 84 5 853 28 0 853 72 17 853 77 28 853 80 11 854 74 20 854 76 25 854 96 29 855 57 11 855 69 26 855 93 30 855 98 19 856 64 17 856 67 2 856 70 16 857 55 3 857 57 5 857 60 12 857 79 18 857 87 12 857 97 30 858 36 18 858 47 0 858 60 26 858 82 30 859 4 26 859 21 25 859 23 23 859 28 3 859 37 10 859 81 5 860 4 2 860 50 8 860 88 1 861 3 29 861 12 31 861 14 3 863 14 25 863 89 5 863 100 7 864 19 9 864 49 2 864 49 29 864 66 16 864 67 1 865 0 18 865 36 11 865 78 25 865 98 7 866 19 17 866 84 3 867 25 8 867 83 1 867 96 31 868 94 12 869 100 11 870 36 6 870 41 8 870 50 2 870 68 12 870 72 0 870 95 5 870 96 25 870 98 21 871 37 29 871 45 1 871 49 21 871 80 20 871 80 23 871 84 13 872 14 9 872 58 17 873 12 16 873 44 22 873 67 28 874 12 17 876 25 11 876 45 28 876 56 11 876 67 20 876 86 20 877 78 4 877 88 14 878 45 10 879 4 29 879 69 20 879 87 7 879 100 6 880 42 28 880 46 7 881 38 5 881 41 31 881 88 3 882 36 20 883 21 25 885 35 31 886 51 20 886 94 4 888 11 2 888 25 13 888 28 13 888 43 9 888 60 2 888 97 14 889 3 21 889 88 12 890 18 17 890 20 21 890 43 6 890 87 26 890 99 16 891 0 26 891 48 27 891 99 19 892 27 5 892 28 30 892 85 22 892 88 10 893 0 30 893 41 31 893 64 23 893 69 15 893 77 7 893 99 29 894 38 17 894 38 31 894 91 23 895 22 8 895 25 4 895 25 12 895 52 22 896 30 26 896 62 6 897 12 4 898 5 21 898 12 19 898 15 21 898 49 19 899 1 29 899 23 14 899 26 21 899 33 28 899 77 2 899 83 17 899 92 23 900 14 29 900 17 10 900 30 12 901 25 0 901 32 25 901 45 28 901 51 17 901 51 24 901 66 2 901 70 10 902 29 20 902 33 8 902 42 0 902 47 9 902 72 23 902 85 21 903 83 27 903 85 9 904 34 17 904 78 22 906 30 28 907 44 23 907 73 9 908 28 7 908 98 4 910 25 19 910 36 27 911 7 29 911 100 18 912 9 25 912 12 5 912 72 7 913 66 21 914 10 25 914 93 7 915 5 14 915 11 10 915 45 7 915 57 17 915 67 16 915 87 0 915 89 8 916 36 16 916 40 21 916 65 22 916 85 13 917 34 24 917 40 10 918 7 1 918 32 6 918 44 5 918 77 20 918 96 13 918 96 16 919 1 9 919 67 18 919 72 28 919 86 11 920 48 14 920 52 27 920 94 3 921 18 4 921 22 22 921 87 14 922 7 10 922 88 13 923 2 11 923 49 31 923 58 18 923 63 11 923 76 15 923 78 5 924 19 3 924 20 16 924 40 3 925 9 17 925 20 13 925 42 18 926 68 13 926 99 12 927 2 14 927 25 7 927 30 1 927 36 2 927 54 11 927 78 11 928 19 28 928 34 7 928 48 6 928 62 31 928 85 29 929 20 14 930 9 6 930 35 15 930 95 21 931 77 11 932 8 0 932 23 18 932 42 20 932 48 29 932 60 19 932 95 7 932 100 16 933 11 1 933 29 5 933 63 26 933 74 10 933 86 11 933 93 0 934 41 21 935 33 11 935 38 17 935 41 30 935 48 15 935 83 7 936 22 18 936 26 1 936 89 28 937 44 20 937 57 16 937 80 31 937 99 28 938 5 17 939 48 20 939 83 11 939 89 22 939 90 18 940 39 15 940 51 29 940 54 8 940 56 2 941 70 14 942 51 2 942 65 17 943 15 6 943 20 14 943 27 15 943 58 30 943 63 9 943 87 1 944 10 21 944 51 23 944 54 18 945 12 16 945 28 12 945 65 27 945 67 26 945 79 28 945 85 12 946 0 17 946 36 4 946 36 29 946 38 2 946 45 4 946 71 6 946 86 4 946 92 19 946 98 27 947 6 6 947 13 27 947 26 20 947 33 16 947 65 18 947 77 28 947 93 11 948 11 11 948 30 26 948 32 21 948 46 7 948 90 31 949 37 17 949 46 13 949 84 26 949 96 20 950 4 30 950 34 22 950 42 31 950 73 28 951 23 22 951 25 31 951 37 17 952 23 27 952 31 1 953 15 19 953 93 24 954 13 15 954 91 20 955 17 12 955 99 26 956 26 22 956 80 6 957 31 7 957 63 23 957 65 19 957 89 17 957 99 10 958 9 25 958 23 6 958 65 10 958 84 26 959 62 15 959 73 3 960 12 0 960 92 30 961 21 7 961 30 1 961 87 15 963 2 16 963 10 1 963 84 13 964 4 11 964 48 13 964 79 10 965 6 2 965 17 13 965 20 9 965 22 28 965 47 2 965 47 26 965 75 22 966 6 14 966 11 8 966 13 19 966 34 8 966 61 30 967 4 8 967 28 20 967 68 22 967 72 8 967 87 4
257 2891 0.001 72 16 6 72 25 16 72 44 7 72 74 8 72 82 1 72 85 2 73 92 5 73 93 23 74 4 26 74 12 18 74 15 13 74 37 1 74 73 7 76 8 4 76 81 7 77 1 27 77 3 16 77 20 10 77 67 25 77 87 14 78 34 31 78 35 26 78 78 13 78 83 13 79 63 31 80 18 9 80 18 11 80 72 11 80 79 31 80 91 20 82 18 0 82 27 12 82 51 20 82 72 1 83 6 24 83 51 26 83 74 17 83 77 16 84 30 18 84 47 26 84 92 10 84 94 2 84 96 25 85 34 12 85 35 1 86 21 25 86 41 15 86 42 6 86 54 23 86 93 26 87 11 11 88 13 5 88 57 16 88 63 3 88 75 10 88 86 1 89 30 22 89 31 19 89 73 10 90 19 15 90 55 2 90 89 1 91 53 4 92 8 21 92 38 28 93 7 2 93 39 17 93 56 20 93 74 15 93 77 1 93 98 1 94 5 31 94 23 10 94 53 15 96 5 25 96 24 23 96 33 3 96 77 25 96 84 20 97 36 23 97 58 16 97 65 13 97 67 4 98 9 23 98 51 13 98 56 10 98 90 18 99 7 0 99 62 17 100 29 20 100 52 8 100 87 21 100 89 21 100 90 4 101 19 10 101 31 13 101 78 6 102 17 7 102 55 30 102 70 21 102 73 16 102 99 13 103 42 17 103 46 29 104 9 19 104 23 5 104 45 0 105 5 31 105 28 19 105 29 13 105 65 20 105 74 4 106 44 16 107 2 21 107 12 15 108 3 6 108 22 16 108 34 3 108 83 22 108 86 30 109 70 14 109 74 2 109 74 21 109 80 12 110 3 28 110 15 8 110 100 28 111 45 12 111 50 25 112 1 5 112 77 27 112 90 26 112 92 20 112 99 15 113 43 5 113 53 29 113 73 18 114 14 0 114 90 2 115 3 17 115 67 13 115 83 28 117 16 10 117 22 0 117 53 17 117 57 31 117 69 7 117 75 20 117 95 10 118 27 7 118 80 0 118 89 10 118 99 18 119 77 5 120 51 31 120 80 5 121 79 29 122 12 17 122 22 20 122 24 30 122 26 15 122 97 14 123 57 25 123 89 5 123 89 14 124 64 18 124 72 1 124 86 19 125 50 28 125 68 11 125 76 15 126 34 18 126 38 30 126 40 5 127 4 5 127 12 31 127 33 22 127 46 17 127 97 28 128 7 27 128 35 10 128 51 24 128 71 0 128 82 28 128 93 22 129 94 6 130 27 12 130 47 21 130 58 22 130 65 2 130 72 30 131 36 14 131 88 11 131 98 18 132 20 10 132 47 31 132 57 28 133 64 16 133 80 10 133 93 26 133 100 13 135 2 20 135 17 15 135 37 14 135 51 8 135 100 16 136 72 11 137 7 18 137 16 17 138 30 3 138 52 31 138 72 2 138 87 4 138 96 16 139 23 7 139 97 18 140 43 4 140 58 16 141 4 25 141 14 20 141 17 4 142 25 20 142 65 29 143 14 11 144 29 16 144 47 11 145 76 13 146 21 28 146 72 12 146 84 27 147 24 0 147 32 11 147 47 1 147 64 26 148 2 21 149 44 29 149 57 25 149 59 4 149 60 29 149 72 17 150 1 31 150 7 0 150 57 19 150 64 9 150 95 27 151 2 6 151 16 3 151 17 1 151 67 14 152 11 10 152 28 11 153 3 12 153 60 30 153 66 3 154 4 6 154 9 14 154 75 5 154 82 21 155 3 23 155 16 28 155 34 18 155 82 9 156 22 28 156 55 18 156 95 26 157 32 19 157 54 21 157 86 14 158 43 20 158 80 21 158 84 9 160 5 17 160 9 22 160 20 15 160 22 14 160 22 21 160 36 24 160 91 14 161 67 5 162 19 23 162 66 20 162 77 23 162 99 20 163 1 14 163 20 12 164 44 21 165 12 0 165 21 30 165 61 22 165 75 22 165 84 17 166 31 18 166 36 25 166 42 20 167 19 31 167 98 9 168 11 7 168 34 17 168 67 12 168 73 15 169 10 28 169 32 19 169 36 20 169 48 20 169 61 20 169 70 22 169 80 28 169 93 18 171 83 10 171 93 5 172 21 25 172 74 10 172 83 19 172 93 28 172 95 17 173 0 13 173 56 6 173 100 25 174 18 8 174 50 23 174 59 22 175 25 27 175 100 12 176 19 18 176 40 16 176 44 8 176 64 25 176 65 22 177 89 19 178 7 4 178 14 27 178 57 21 178 70 27 178 77 28 179 67 14 179 90 19 180 53 2 180 73 5 181 4 28 181 48 3 181 51 7 181 65 30 181 100 15 182 25 27 182 66 14 183 3 29 183 24 24 183 76 20 183 78 17 183 88 1 183 89 17 184 16 7 184 88 13 185 41 13 185 52 22 186 0 30 186 9 1 186 48 28 186 65 24 186 100 8 187 18 16 187 34 2 189 31 14 190 7 4 190 20 27 190 33 9 191 2 3 191 12 30 191 27 18 191 66 31 192 14 30 192 42 28 192 45 0 192 58 31 192 62 31 193 1 19 193 7 5 193 26 7 193 31 29 193 38 2 193 54 6 193 68 5 193 92 0 194 3 13 194 3 21 194 24 0 194 61 22 195 6 2 195 22 11 195 91 4 195 92 7 195 94 13 196 76 11 197 12 0 197 17 20 197 89 25 198 79 16 198 99 21 199 12 30 199 33 2 199 77 24 199 78 10 199 94 28 200 23 28 200 55 18 201 0 20 201 20 0 201 32 20 201 35 20 201 38 25 201 76 15 203 14 2 203 65 22 203 78 28 204 6 4 204 27 15 204 49 17 204 49 18 204 93 21 204 94 10 205 21 15 205 27 20 206 12 4 206 63 13 207 15 29 208 20 21 208 43 23 208 48 19 209 32 12 210 45 9 211 17 4 211 97 17 212 58 15 213 48 17 213 67 7 214 37 12 214 43 25 214 59 4 214 62 8 214 74 24 214 80 24 215 30 26 215 63 15 215 77 26 216 35 16 216 52 5 216 100 8 217 29 11 217 30 19 217 38 21 217 41 26 217 73 1 218 76 10 219 13 12 219 35 23 219 51 1 219 72 3 219 72 22 219 84 19 219 85 19 219 87 25 219 89 20 220 8 19 220 11 29 220 29 3 220 46 24 220 72 27 221 18 7 221 47 16 221 93 19 222 8 8 222 28 21 222 85 19 223 49 14 224 4 10 224 17 15 224 34 17 224 38 4 224 43 17 224 53 24 224 56 21 225 16 21 225 38 19 225 53 12 225 56 7 225 58 10 225 73 10 225 97 21 227 46 3 227 100 28 228 57 11 228 63 12 228 88 22 228 89 16 229 0 25 229 7 15 229 51 21 230 4 30 230 33 30 230 73 5 230 74 31 231 9 3 231 10 1 231 41 18 231 73 6 231 77 23 231 95 29 232 53 10 233 1 12 233 4 10 233 54 19 233 81 26 233 84 23 233 95 11 234 1 12 234 34 21 234 38 28 234 51 5 234 58 15 235 30 18 236 1 1 236 10 9 236 89 22 237 14 14 237 32 22 237 93 29 238 20 28 239 4 23 239 12 25 239 26 9 239 36 8 239 42 17 240 2 9 240 57 12 240 58 28 240 100 29 241 88 28 242 66 9 242 79 15 242 82 30 243 11 18 243 61 26 243 96 12 243 96 29 244 8 26 244 39 4 244 54 12 244 81 10 244 87 28 244 93 8 245 55 22 245 58 30 245 72 17 245 73 9 246 2 28 246 14 6 246 22 24 246 25 2 246 37 15 246 55 0 246 68 26 247 5 25 247 31 12 247 32 28 247 47 16 247 64 15 248 5 0 248 16 31 248 69 11 248 71 12 248 93 7 249 38 23 249 87 21 250 34 30 251 46 26 252 2 8 252 44 25 252 56 24 253 35 10 253 62 6 254 1 8 254 85 28 254 87 1 255 41 21 255 98 11 256 6 22 256 29 24 256 32 3 256 37 28 256 69 31 256 78 14 256 78 28 257 2 19 257 6 1 257 13 5 257 81 19 258 35 11 258 56 8 259 17 18 259 35 21 259 76 17 260 4 5 260 45 27 260 69 15 260 73 3 261 57 12 261 57 20 261 86 7 262 27 1 262 47 25 262 58 5 263 21 6 263 23 0 263 98 25 264 18 28 264 89 9 265 35 30 265 46 31 266 1 6 266 3 14 266 4 7 267 84 25 267 94 3 268 20 7 269 17 12 269 20 10 269 26 20 269 42 8 269 63 22 270 14 12 270 20 28 270 25 4 271 65 22 272 31 0 272 64 31 272 76 16 272 88 1 272 89 1 273 13 20 273 24 24 274 0 23 274 64 16 274 87 15 275 16 0 275 28 2 275 50 15 275 58 17 275 74 16 275 95 7 276 67 3 276 71 2 276 82 17 277 22 27 277 32 21 277 40 19 277 64 30 277 68 27 277 80 11 277 80 21 278 17 26 278 44 21 278 94 27 279 6 30 279 18 27 279 48 28 280 23 28 280 77 4 280 99 22 281 6 1 281 34 31 281 71 10 282 42 0 283 20 21 284 14 21 284 73 8 285 42 8 285 50 5 285 71 19 285 91 22 286 23 18 286 41 19 286 48 18 286 54 8 286 54 23 286 65 7 286 91 14 287 7 17 287 31 21 288 3 28 288 25 24 288 54 22 289 1 20 289 32 14 290 4 13 290 9 2 290 39 7 290 51 21 291 28 2 291 97 3 292 19 21 292 31 29 292 59 8 292 71 11 292 71 19 293 30 12 293 35 31 293 46 31 293 76 31 294 22 8 294 84 20 294 95 12 295 14 28 295 28 19 295 30 21 296 39 0 297 8 21 297 20 1 297 70 19 297 73 7 298 8 29 298 80 28 298 86 19 299 12 13 299 84 26 300 6 0 300 41 9 300 63 21 300 79 18 300 95 23 301 25 22 302 50 8 302 87 27 302 89 25 303 8 3 303 45 0 303 59 26 304 60 9 304 70 4 304 84 23 304 98 15 305 39 27 305 73 4 305 80 9 305 90 27 305 96 1 306 65 31 306 68 29 306 74 13 307 4 19 307 7 5 307 10 17 307 28 1 307 63 1 307 74 31 307 90 7 308 5 26 308 11 29 308 39 13 308 59 24 308 70 16 308 88 22 309 1 21 309 44 7 309 45 25 309 73 6 310 5 9 310 31 19 310 39 11 310 65 30 310 89 8 310 90 16 311 35 0 311 35 30 311 65 8 311 79 12 312 34 2 312 90 12 313 26 24 313 83 24 314 19 8 314 25 5 314 34 2 314 69 4 314 73 30 315 56 25 315 73 27 315 93 9 315 93 29 316 10 13 316 34 17 316 35 23 316 58 25 316 84 5 317 5 7 317 18 8 317 26 0 318 2 21 318 2 30 318 75 2 319 54 20 319 70 19 320 23 11 320 33 8 320 44 5 320 78 19 320 92 31 321 30 1 321 55 26 321 86 19 321 88 7 322 45 24 322 58 1 322 79 24 322 80 4 323 36 1 323 46 10 323 80 6 323 93 20 324 16 26 324 55 17 324 62 23 325 66 28 326 12 1 326 13 14 326 14 13 326 81 28 327 1 4 327 9 24 327 22 19 328 55 30 329 30 5 330 2 27 330 21 8 330 28 0 330 31 10 330 54 28 330 66 31 330 76 25 331 52 6 331 69 28 331 82 22 331 88 18 332 15 6 332 33 8 332 37 23 332 98 13 333 15 30 333 25 26 333 86 11 333 88 30 333 92 18 334 0 23 334 6 16 334 24 1 334 39 1 334 73 23 334 83 8 335 83 23 335 85 3 335 85 5 336 33 0 336 51 7 336 71 22 336 90 1 337 6 9 337 13 12 337 23 29 337 31 23 338 40 2 338 71 13 339 7 15 339 20 16 339 80 7 339 87 15 340 42 17 340 53 6 340 97 5 341 16 17 341 27 16 341 28 17 341 70 18 341 90 13 342 22 12 342 35 12 342 52 16 342 83 3 342 96 26 343 3 5 343 48 13 343 72 1 344 85 6 344 93 23 345 36 20 345 37 6 345 39 0 345 48 31 345 72 12 346 3 9 346 57 25 346 80 21 346 87 11 347 42 16 347 86 16 348 83 6 348 95 11 348 97 13 349 42 12 349 92 15 349 96 24 350 46 2 350 71 18 350 78 17 350 80 20 350 97 2 351 55 18 351 97 23 353 23 3 354 17 15 354 38 28 354 63 20 354 95 28 355 31 12 356 68 18 357 3 18 357 11 18 357 38 5 357 42 1 357 54 2 357 63 31 357 90 12 358 12 14 358 51 21 358 92 2 358 95 12 359 20 11 359 27 18 359 37 19 359 85 8 360 2 23 360 54 3 361 36 5 361 43 8 361 61 26 361 69 30 361 87 14 361 100 31 362 22 22 362 48 19 362 85 0 363 6 19 363 39 9 363 49 18 363 51 10 363 71 13 363 74 6 363 75 21 363 85 13 364 11 27 364 17 14 364 35 14 364 53 21 364 92 17 365 20 7 365 39 6 365 53 27 365 61 6 365 72 6 365 77 1 366 4 1 366 25 6 366 81 14 367 17 9 368 48 17 368 53 3 368 77 4 368 93 2 368 94 22 369 3 30 369 11 30 369 13 22 369 23 11 370 50 28 370 98 20 371 24 5 371 27 14 372 7 4 372 98 31 373 19 23 374 9 31 374 11 14 374 61 13 374 97 0 375 9 22 375 84 11 375 100 24 376 0 31 376 45 26 376 80 18 377 34 8 377 50 22 377 78 17 377 85 15 378 12 4 378 37 0 378 50 5 378 72 22 378 85 0 379 66 0 380 21 23 380 81 19 380 99 26 381 62 9 382 33 5 382 49 27 382 52 12 382 81 28 383 43 29 383 45 10 383 51 25 383 81 31 383 90 10 384 45 22 384 65 0 385 53 23 386 71 15 386 100 13 387 9 5 387 74 2 387 100 20 388 3 5 388 14 4 388 26 21 388 76 6 388 76 22 388 84 27 389 24 21 389 59 3 389 69 10 389 97 5 390 27 20 391 11 21 391 30 29 391 72 31 391 75 31 392 29 30 392 34 8 392 37 17 392 41 0 392 41 1 392 53 22 392 95 23 393 18 10 393 18 16 393 31 12 393 75 19 394 38 15 394 43 8 394 55 23 394 98 10 395 65 15 395 73 29 396 42 9 396 56 4 397 25 14 397 81 26 397 87 20 398 7 20 398 22 28 398 68 20 399 26 23 399 45 17 399 63 29 399 89 7 401 48 28 401 71 2 403 3 2 403 27 29 404 1 25 404 11 4 404 43 10 404 67 13 405 19 11 405 52 15 405 53 12 405 57 12 405 89 10 405 91 24 406 34 4 406 85 29 407 18 23 407 23 26 407 33 14 408 25 14 408 30 6 408 30 13 408 34 28 408 45 9 408 48 21 408 54 23 408 63 5 408 63 25 408 77 29 408 91 8 409 80 9 410 23 17 410 47 26 411 46 8 411 88 18 412 14 25 412 32 22 413 25 18 413 25 23 413 38 28 414 14 30 414 34 9 414 38 27 414 68 27 414 75 7 414 76 11 415 14 24 415 24 16 415 51 4 415 93 29 417 7 18 417 53 18 417 82 13 417 83 14 418 2 16 418 8 21 419 81 12 420 2 9 420 74 26 421 9 19 422 8 25 422 26 3 422 45 25 422 80 22 423 86 16 423 91 22 424 1 15 424 32 2 424 56 23 424 62 19 425 3 21 425 11 15 425 17 22 425 23 0 425 58 11 426 4 18 426 13 3 426 13 5 426 13 10 426 23 24 426 26 7 426 60 25 427 40 21 427 64 28 427 80 21 427 91 25 428 13 4 428 42 14 428 59 24 428 98 8 429 1 30 429 11 24 429 78 19 430 9 8 430 61 25 431 6 16 431 53 0 431 57 9 431 73 25 432 52 23 433 53 20 434 2 31 434 13 8 434 32 20 434 55 30 435 55 21 435 86 5 436 28 10 436 55 26 436 60 7 436 75 21 436 79 20 437 23 2 437 67 30 437 83 30 437 89 22 437 91 8 438 1 0 438 22 3 438 22 4 438 28 4 438 38 9 438 48 16 438 63 29 439 34 14 439 83 31 440 62 24 441 41 13 441 54 31 441 86 30 441 87 19 442 39 0 442 39 25 442 66 2 442 69 6 443 13 9 443 57 13 443 83 29 443 99 31 444 17 2 444 30 18 444 72 26 445 63 3 445 70 4 446 10 24 446 32 2 447 0 18 447 41 22 447 57 15 447 82 12 448 2 13 448 54 30 448 73 2 449 44 21 449 87 9 450 57 3 450 64 18 450 97 3 451 0 27 451 39 10 451 64 26 451 67 25 452 73 19 452 75 10 453 63 8 453 68 26 454 3 14 454 72 11 454 74 2 454 87 1 455 32 0 455 64 11 455 81 26 455 100 14 456 33 28 457 1 8 457 5 15 457 16 14 457 38 17 457 45 19 457 46 10 457 52 17 457 74 10 458 74 19 458 100 31 459 4 25 459 10 10 459 34 6 459 74 18 459 95 1 460 15 29 460 29 2 460 46 30 461 8 5 462 0 3 462 80 10 462 82 6 463 8 29 463 43 15 463 47 20 463 67 21 464 8 11 464 60 23 464 65 21 464 81 0 466 28 7 467 45 23 467 65 9 468 1 9 468 8 26 468 8 28 468 36 13 468 42 3 468 70 2 468 70 3 468 83 3 468 100 18 469 1 26 469 7 24 469 19 4 469 22 22 469 27 18 469 52 0 470 32 2 470 46 2 471 59 1 471 63 25 471 68 6 471 87 14 472 8 29 472 23 8 473 4 28 473 37 31 473 40 28 473 47 23 473 50 2 473 60 14 473 63 30 473 86 4 474 11 22 474 26 3 474 36 8 474 48 1 474 56 14 474 57 12 474 57 18 474 66 7 474 87 17 474 91 6 474 97 11 475 18 23 476 39 30 476 65 19 476 100 13 477 6 14 477 10 16 477 30 5 477 32 1 477 59 23 477 71 8 478 2 17 478 5 30 478 55 27 478 76 1 478 81 11 478 91 16 479 21 5 479 36 3 479 67 20 479 72 6 480 39 12 480 68 12 480 73 4 481 2 30 481 16 12 481 38 18 482 94 30 483 0 29 483 24 19 483 70 20 484 29 7 485 13 8 485 94 19 486 1 18 486 21 2 486 25 5 486 40 8 486 47 4 487 26 29 487 35 1 487 61 9 487 72 15 489 2 29 489 5 14 489 25 8 489 36 3 489 51 7 489 53 19 489 57 24 490 4 2 490 64 5 490 91 17 490 99 24 490 100 31 491 6 13 491 50 29 491 53 29 492 34 27 494 7 13 494 19 30 494 75 8 495 10 14 495 24 25 495 25 13 495 44 26 495 62 25 495 69 28 495 90 1 496 2 10 496 11 17 496 37 23 496 54 3 497 13 19 497 16 18 498 47 7 498 54 18 498 73 20 498 79 7 499 82 14 499 91 31 500 0 31 500 32 27 500 59 2 501 3 5 501 28 1 501 63 2 502 0 0 502 76 24 502 85 2 503 48 5 503 97 22 504 42 23 504 46 31 504 74 10 504 81 26 504 92 27 504 98 31 504 100 7 505 3 11 505 45 4 506 48 1 506 67 20 507 12 16 507 89 19 507 96 7 509 60 6 509 65 29 509 68 31 509 82 8 509 94 7 510 38 12 510 71 25 511 25 24 511 26 26 511 77 4 512 10 10 512 34 1 512 34 25 512 51 13 512 83 25 512 88 2 512 90 1 512 98 4 513 17 16 513 46 30 513 66 14 513 81 17 514 17 17 514 28 25 514 76 1 515 88 8 515 91 14 515 93 23 516 39 29 516 48 23 516 62 19 516 72 26 517 9 6 518 52 15 518 93 30 519 18 28 519 21 25 520 5 5 520 14 31 520 58 30 520 78 10 521 13 8 521 27 24 522 1 14 522 24 16 522 68 6 522 83 26 522 89 14 522 94 14 524 71 11 524 92 20 525 73 25 525 74 14 525 85 18 526 53 23 526 69 6 526 92 14 526 97 30 526 98 18 527 12 31 527 96 5 528 21 28 528 74 1 528 74 23 528 96 2 528 99 5 529 55 11 529 95 25 530 11 3 530 25 20 530 61 12 530 86 9 531 30 22 531 51 4 531 74 12 532 78 24 533 3 4 533 10 12 533 31 18 535 3 11 535 6 5 536 60 6 536 71 28 536 78 17 536 94 28 537 13 18 537 27 7 537 57 13 538 12 23 538 45 2 539 50 30 540 51 20 540 62 2 540 93 21 541 32 13 541 40 27 541 54 6 541 81 30 542 4 21 542 5 17 542 18 10 542 36 12 543 5 15 543 8 12 543 26 22 543 26 31 543 40 21 544 19 19 544 30 14 544 42 3 544 43 24 544 45 12 544 70 0 544 84 5 545 0 11 545 55 25 545 72 3 545 92 30 546 29 27 547 35 4 547 48 10 547 71 22 548 59 17 548 68 27 549 14 26 549 15 10 550 92 28 551 30 28 551 38 7 551 52 31 551 75 9 551 99 8 552 52 10 552 100 23 553 19 12 553 56 29 553 61 2 553 90 13 555 23 14 555 81 4 556 90 6 557 8 29 557 12 11 557 29 9 557 43 6 557 56 21 557 89 6 557 90 17 558 30 27 558 55 9 558 67 17 558 77 31 558 78 22 559 14 24 559 30 29 559 33 16 559 35 1 559 56 20 559 100 27 560 26 16 560 44 13 560 61 11 560 85 8 561 45 27 562 8 4 563 15 2 563 18 1 563 60 24 563 66 19 564 23 21 564 25 19 564 57 29 565 2 6 565 4 0 565 42 24 565 77 19 566 13 18 567 16 16 567 61 23 567 89 13 568 51 23 568 99 26 569 12 2 569 20 9 569 34 8 569 36 19 569 78 5 569 94 19 570 43 1 570 48 4 570 78 17 571 23 24 571 28 4 571 34 8 572 10 19 572 42 1 572 73 1 573 27 27 573 61 2 574 47 31 574 71 11 575 6 16 575 27 24 575 31 8 575 37 16 575 50 10 576 6 15 577 8 20 577 47 31 577 65 26 578 12 12 578 16 26 578 17 1 578 23 8 578 27 30 578 37 24 578 42 24 579 18 0 579 34 12 579 50 16 579 53 25 579 94 27 580 4 8 580 33 15 580 87 28 580 94 11 580 96 6 581 18 6 581 47 12 581 49 25 581 52 28 581 57 7 581 65 8 581 76 3 581 100 30 582 31 12 582 54 4 582 54 24 582 72 5 582 81 15 583 6 23 583 8 29 583 17 6 583 35 9 583 74 18 584 52 13 585 40 4 585 54 16 586 52 15 587 7 29 588 23 7 588 41 16 588 50 12 588 85 31 589 8 3 589 9 28 589 21 17 589 28 20 589 42 28 589 55 11 589 70 20 589 78 0 589 79 20 590 80 31 590 82 12 590 96 18 591 40 26 591 44 18 591 58 29 591 79 7 592 77 26 592 87 30 592 98 6 593 6 29 593 95 14 594 30 27 594 63 25 595 25 9 595 36 10 595 51 2 595 56 4 595 93 28 596 42 7 596 60 4 596 74 15 596 99 11 597 1 10 597 13 14 597 16 1 597 22 11 597 63 30 598 7 31 598 11 17 598 32 12 598 39 4 598 91 25 599 0 17 599 37 16 599 39 18 599 52 25 599 84 14 599 99 25 600 50 21 601 41 11 601 46 3 601 55 13 601 56 20 601 75 14 602 55 28 602 87 6 603 1 2 603 1 16 603 31 21 603 57 12 603 74 19 604 46 2 605 15 31 605 46 12 605 93 27 606 20 6 606 21 24 606 50 16 607 38 10 607 65 1 608 24 6 608 30 28 608 51 15 608 54 27 609 1 10 609 42 31 610 42 28 610 43 25 610 69 10 610 96 22 611 36 20 611 61 19 611 69 15 611 92 12 612 1 10 612 9 14 612 11 21 612 42 16 612 56 16 612 63 5 612 81 13 613 31 26 613 35 9 613 66 1 613 70 16 613 73 13 613 88 15 614 4 6 614 25 0 614 45 25 614 59 24 614 100 14 615 95 22 616 1 5 616 24 25 616 49 3 617 70 2 617 76 23 618 41 12 618 46 10 618 64 29 619 0 3 619 45 31 619 72 29 619 75 15 619 76 3 619 89 31 620 33 22 620 61 12 620 67 14 620 76 25 621 43 6 621 57 1 621 96 15 621 97 22 622 7 24 622 10 25 622 26 27 622 53 11 622 64 5 622 65 26 622 77 21 623 19 6 623 37 20 623 45 23 623 46 4 623 77 11 623 88 20 623 100 1 624 55 6 625 6 6 625 40 31 625 98 6 626 19 26 626 37 16 626 38 8 626 43 31 626 58 10 626 79 27 626 93 9 627 11 15 627 72 5 627 75 19 628 5 10 628 43 17 628 81 12 629 33 27 629 45 5 629 61 3 630 24 12 630 31 21 630 37 17 630 62 20 631 17 23 631 59 12 631 81 4 631 88 21 632 0 16 632 90 29 633 1 30 633 18 4 633 31 19 633 41 23 633 72 31 633 95 6 634 61 28 635 6 29 635 27 4 635 61 16 635 69 20 635 98 15 636 13 26 636 48 13 637 11 11 637 93 17 638 1 28 638 71 15 638 84 30 638 85 29 638 90 11 639 95 26 640 10 13 640 20 21 640 29 2 640 70 0 640 99 31 641 38 28 642 8 31 643 9 22 643 21 17 643 94 17 644 22 21 644 69 5 644 78 26 645 4 20 645 10 29 645 31 1 645 85 21 645 99 7 646 51 2 646 78 25 646 79 9 646 99 16 647 61 7 647 62 8 648 0 2 648 35 18 648 53 17 648 55 19 649 44 25 649 45 0 649 59 6 649 65 16 649 69 29 649 72 1 650 1 15 650 38 3 650 58 31 650 86 13 651 8 0 651 69 29 652 8 17 652 13 16 652 37 4 652 58 10 652 73 12 653 10 7 653 55 4 653 56 10 653 81 24 653 89 27 654 23 28 654 30 27 654 44 18 654 88 3 655 45 20 655 84 23 655 86 5 656 3 31 656 33 2 656 45 20 656 51 2 657 35 23 657 46 25 657 60 16 657 69 16 657 92 23 658 39 27 658 74 10 658 97 21 659 56 9 660 20 12 660 63 3 661 79 14 662 3 16 662 69 8 663 41 1 663 49 19 664 11 0 664 30 16 664 40 8 664 40 17 664 82 25 664 98 18 665 85 10 667 0 8 667 4 17 667 9 0 667 18 11 667 28 7 667 41 23 667 95 10 668 43 29 668 59 7 668 67 13 668 81 9 668 92 28 669 18 14 669 30 12 669 54 16 670 2 12 671 34 5 671 82 29 672 48 12 672 89 22 673 6 20 673 49 27 673 64 6 674 53 13 674 71 22 674 72 6 675 16 30 675 29 9 675 56 6 675 88 31 676 46 27 676 78 29 676 88 16 676 91 23 677 74 18 677 89 6 678 21 17 678 22 27 679 6 19 679 9 16 679 9 25 679 13 17 679 15 22 679 16 25 679 34 25 679 87 21 679 99 12 680 28 25 680 56 13 680 99 24 681 14 24 681 72 23 681 77 14 681 83 16 682 37 2 682 58 28 683 4 14 683 50 31 683 52 10 683 73 22 684 23 6 685 12 22 685 15 16 685 36 31 685 97 15 686 24 12 686 71 6 686 84 16 688 1 0 688 16 7 688 36 19 688 77 25 689 17 23 689 22 29 689 29 22 690 92 22 691 49 26 691 75 21 691 77 31 691 82 0 692 1 30 692 10 26 692 11 9 692 22 15 692 32 10 692 44 20 692 81 24 692 86 13 693 4 6 693 27 12 693 65 22 693 96 4 694 51 13 694 55 9 694 57 31 694 85 25 694 86 27 695 61 2 695 68 20 696 34 22 696 60 1 696 87 6 696 95 5 697 49 4 697 65 27 699 17 11 699 43 5 699 91 24 700 22 11 701 5 4 701 20 2 701 21 4 701 21 6 701 24 9 701 96 25 702 7 16 702 38 14 702 57 14 703 26 31 703 55 23 703 78 24 704 17 30 705 86 18 706 16 8 706 43 2 706 44 21 706 80 26 706 87 1 708 13 13 708 36 19 708 58 18 708 74 27 709 4 21 709 36 16 709 54 17 709 64 31 710 2 16 710 30 23 710 72 9 711 68 29 711 82 7 712 11 21 712 53 14 712 81 5 713 30 4 713 37 11 713 50 31 713 60 10 714 30 1 714 39 0 714 41 26 715 3 0 715 16 13 715 32 1 715 32 16 715 37 27 715 71 13 716 52 26 716 53 23 716 67 30 717 14 28 717 37 3 717 64 27 718 18 4 718 20 29 718 65 20 718 76 26 719 12 27 719 41 29 719 51 5 720 20 1 720 26 21 720 61 26 720 74 20 721 22 17 721 42 9 721 58 21 721 77 11 721 93 27 722 14 0 723 0 4 723 22 6 723 40 0 723 54 22 723 95 0 724 36 21 724 91 17 725 54 23 725 70 28 726 0 14 726 68 15 726 74 23 727 14 25 727 26 2 727 98 7 728 2 26 728 57 19 728 77 3 728 85 3 729 63 14 730 9 18 730 21 26 730 29 3 730 32 1 730 98 14 731 7 8 731 9 6 731 85 22 732 58 5 732 78 26 733 28 0 733 90 7 733 93 11 734 0 24 734 32 24 734 87 15 735 69 26 736 9 29 736 65 19 736 99 31 737 3 17 737 43 16 737 57 18 738 53 15 738 58 4 738 59 27 738 85 28 739 0 8 739 19 12 739 59 9 739 100 29 740 7 16 740 15 8 740 61 25 740 96 29 741 33 29 741 38 30 741 52 19 741 66 3 742 25 11 742 29 6 742 44 18 742 78 1 742 97 23 743 10 9 743 63 25 743 68 19 744 22 22 744 82 2 745 71 19 745 79 10 746 4 22 746 9 12 746 29 9 746 29 14 746 52 21 746 92 8 747 82 30 747 88 0 748 37 2 750 24 5 750 96 26 751 26 10 751 52 22 751 58 19 751 63 23 751 75 14 752 10 27 752 13 23 752 38 0 752 66 29 753 5 0 753 15 2 753 41 22 754 2 23 754 22 12 754 27 13 754 53 26 754 74 7 755 0 21 755 6 24 755 11 20 755 38 3 755 67 23 755 76 15 756 0 14 756 47 29 756 98 17 756 99 31 757 6 9 757 30 12 757 71 14 758 23 11 758 54 6 759 60 3 759 63 1 761 32 11 761 39 26 761 87 19 762 6 24 762 54 11 763 14 5 763 28 16 763 35 26 763 100 21 764 79 28 764 99 16 765 36 6 765 40 27 765 91 17 766 12 15 767 16 28 767 86 25 767 99 10 768 29 11 768 55 0 769 20 18 769 64 1 769 65 17 769 90 21 769 93 6 770 21 26 770 32 0 771 21 17 771 28 7 771 28 14 771 84 19 771 89 30 772 13 7 772 33 2 772 65 24 772 68 7 773 14 10 773 31 9 773 56 15 774 10 11 774 48 19 774 95 15 775 60 4 775 64 19 776 16 26 776 20 28 776 22 28 776 36 23 776 48 7 776 73 24 776 85 31 776 91 10 777 80 28 778 42 29 778 49 6 778 74 0 778 91 18 779 6 15 779 8 1 779 21 5 779 21 11 779 44 1 779 76 27 779 77 5 780 29 19 780 58 11 780 95 29 781 0 3 781 53 15 781 77 30 782 10 0 782 76 4 783 0 17 784 90 6 784 94 17 785 17 13 785 25 15 785 55 16 785 71 24 785 100 6 786 68 30 787 73 20 788 78 23 788 86 26 789 3 20 789 40 3 789 61 31 789 78 9 790 44 11 790 63 14 790 99 26 791 25 20 791 33 4 791 58 9 791 74 20 792 15 10 792 51 0 793 27 30 793 30 0 793 44 9 793 51 16 793 72 2 793 100 2 794 26 11 794 29 15 794 47 8 794 50 9 794 89 4 795 67 22 795 73 23 796 38 29 796 81 0 797 37 3 797 41 30 797 57 25 797 90 13 798 16 11 798 39 11 798 78 28 798 86 31 798 92 10 799 15 5 799 38 20 799 53 15 799 65 14 800 7 24 800 41 20 800 49 29 800 51 2 800 51 4 801 3 15 801 22 8 801 53 6 801 79 6 801 84 29 802 30 8 802 35 21 802 61 22 803 25 19 803 35 4 805 31 20 805 34 6 805 47 13 805 69 8 806 15 10 806 89 29 807 24 19 807 37 8 807 69 14 807 72 17 809 11 10 809 47 17 809 52 23 810 2 12 810 14 1 810 49 25 810 60 15 810 78 29 811 19 26 811 34 2 811 75 0 811 93 26 812 8 9 812 41 4 812 98 0 812 98 30 813 13 31 813 19 21 813 20 25 813 43 1 813 69 16 814 80 19 815 7 14 815 14 13 815 81 2 815 92 4 816 10 11 816 49 25 816 52 1 816 62 23 817 1 16 818 1 17 818 21 11 818 22 28 818 43 8 819 66 0 819 95 21 820 79 31 821 24 2 821 32 8 821 67 26 821 83 17 822 7 16 822 36 6 822 71 4 823 33 7 823 86 19 824 47 17 824 94 12 825 13 22 825 88 24 825 89 11 826 22 22 826 55 0 826 55 22 827 7 10 827 33 3 828 10 16 828 25 13 828 85 5 829 55 17 830 9 16 830 85 1 831 46 9 831 48 31 831 57 25 831 67 30 831 70 16 831 90 30 832 85 20 833 16 14 833 53 29 833 60 16 833 62 7 833 71 16 834 5 24 834 11 6 834 47 13 834 52 25 835 15 23 835 52 17 835 81 18 836 53 7 837 6 20 837 8 7 837 37 15 837 54 26 837 83 1 837 95 6 838 9 31 838 80 23 838 82 4 838 84 4 839 58 15 839 60 30 839 77 30 839 78 29 839 96 24 840 3 7 840 4 19 840 6 5 840 19 0 840 20 11 840 41 11 841 63 1 842 5 14 842 70 14 842 92 2 843 83 31 843 100 23 844 44 11 844 68 0 844 82 9 845 19 1 845 44 30 846 18 3 847 12 1 847 73 7 848 66 9 848 84 10 849 3 14 849 79 0 849 100 27 850 13 13 850 19 19 850 22 13 850 60 16 850 93 10 852 28 22 852 45 7 853 48 22 853 61 7 854 69 25 854 75 14 854 79 17 855 30 9 855 44 16 855 51 19 855 69 21 855 99 9 856 5 10 856 66 25 856 81 20 856 98 9 857 15 11 858 0 17 858 39 28 858 88 11 859 51 19 860 35 10 860 36 16 861 15 28 861 21 5 861 50 14 861 53 17 862 16 1 862 73 1 863 46 24 863 62 26 863 64 6 864 28 3 864 28 13 864 42 11 865 5 14 865 11 22 865 32 29 866 92 27 867 21 28 867 35 26 867 100 18 868 7 1 868 17 10 868 48 17 869 6 23 869 94 0 870 43 22 870 53 11 870 77 11 871 2 27 871 25 4 871 32 3 871 41 7 871 44 28 871 45 1 872 51 11 872 66 23 872 80 31 872 82 21 872 97 7 873 21 14 873 65 0 873 79 1 873 90 9 873 90 17 874 37 24 874 64 16 874 78 13 874 81 8 874 99 23 875 3 15 875 17 31 876 83 20 877 16 3 877 55 29 877 68 15 877 79 25 878 17 7 878 25 0 879 11 17 879 11 28 879 41 26 879 49 6 879 50 25 879 66 8 881 14 28 881 17 3 882 32 11 882 52 26 883 55 7 883 91 30 884 35 0 884 46 5 884 66 26 884 76 31 884 91 6 885 38 15 885 54 11 885 60 19 886 28 12 886 51 4 886 75 24 887 23 4 887 29 16 887 79 9 888 31 22 889 17 4 889 25 28 889 31 12 890 13 5 890 20 20 890 20 29 890 23 10 890 50 26 891 2 23 892 11 29 892 70 25 892 71 21 892 77 15 893 25 9 893 71 0 893 92 10 894 10 25 894 84 25 894 92 16 895 84 2 895 91 3 896 25 24 896 66 10 896 77 2 897 27 4 897 32 22 897 69 21 898 8 6 898 18 12 898 68 16 898 73 6 898 100 1 899 1 9 899 19 1 899 53 11 899 54 1 899 97 21 900 2 22 900 40 22 901 32 13 901 75 23 901 80 31 902 7 26 902 62 8 903 3 4 903 26 18 903 42 2 903 46 14 903 51 22 903 65 22 904 48 11 904 49 9 904 50 0 904 52 23 905 46 6 905 68 25 905 91 20 906 7 7 906 40 16 906 92 7 907 5 22 907 24 27 907 79 30 908 23 1 908 27 9 909 7 13 909 68 10 910 0 16 910 13 15 910 54 11 911 29 2 911 50 10 911 85 21 911 90 9 912 10 14 912 11 8 912 13 30 912 74 1 912 74 21 912 99 7 913 18 20 913 33 9 913 54 21 913 86 31 914 25 15 914 48 11 916 16 11 916 19 6 916 26 15 916 39 14 916 45 23 916 59 3 917 10 26 917 15 17 917 53 21 917 68 8 917 89 12 918 1 29 918 25 23 918 29 18 918 60 11 918 91 14 919 40 25 919 57 2 919 66 8 919 81 10 919 100 31 920 15 1 920 69 29 920 72 11 920 92 2 921 10 0 921 21 7 921 33 4 921 51 10 921 97 12 922 59 28 922 80 7 923 14 26 923 24 6 923 28 14 923 48 9 923 53 21 923 97 15 924 27 17 924 38 29 925 46 4 925 74 22 925 82 21 925 85 4 926 10 26 926 17 4 926 57 21 926 97 24 927 0 3 927 68 26 927 90 15 927 90 17 927 100 10 928 44 18 928 68 28 929 46 24 929 72 24 929 81 16 929 92 8 931 75 10 931 75 21 931 80 30 931 100 26 932 11 17 932 82 8 932 84 16 933 23 31 933 39 29 933 44 27 933 53 29 934 34 21 934 59 7 934 80 8 934 84 13 935 21 2 935 29 20 935 46 11 936 54 7 936 87 16 937 0 13 937 37 26 937 44 13 938 42 4 938 58 19 938 61 11 939 64 8 940 3 18 940 3 30 940 86 6 941 33 29 941 54 26 941 82 18 941 87 9 942 1 18 943 1 15 943 58 5 944 15 21 944 77 10 946 55 8 947 2 28 947 46 10 947 49 2 948 45 23 949 45 27 949 60 3 949 62 5 950 46 3 950 65 24 951 3 0 951 86 7 952 45 2 952 86 25 953 31 4 953 55 23 953 71 25 953 80 5 955 17 12 955 43 28 955 65 31 956 2 21 956 51 18 956 54 23 957 3 11 957 11 31 957 70 20 957 90 11 958 1 6 958 35 19 958 60 27 958 86 17 959 15 14 959 17 6 959 32 22 959 56 22 959 62 18 959 67 1 959 78 15 959 85 14 960 2 1 960 22 9 961 24 26 961 69 17 961 75 4 962 85 8 963 55 30 963 56 29 963 70 24 963 79 15 963 83 29 964 6 6 964 75 26 964 90 11 964 100 4 965 12 3 965 59 15 965 84 29 965 86 13 966 7 7 966 13 3 966 45 2 966 47 12 966 55 31 967 13 28 967 15 10 967 36 18 967 60 6 967 84 16
258 2891 0.001 72 36 12 72 49 15 72 87 14 73 83 26 74 15 20 74 42 6 74 56 15 74 58 3 74 61 6 74 68 19 75 46 30 75 64 25 75 81 27 75 90 0 75 92 4 76 98 27 77 20 11 77 20 17 78 1 25 78 6 21 78 28 23 78 41 8 78 45 25 78 81 14 79 31 25 79 82 28 79 94 18 80 8 20 80 24 13 80 28 13 80 48 1 80 50 31 81 17 17 81 21 26 81 39 12 81 50 25 81 54 17 81 64 30 81 68 23 82 36 1 82 82 12 82 86 26 83 16 6 83 42 20 83 51 6 84 15 26 84 23 16 84 38 31 84 75 0 84 88 13 84 100 18 85 9 11 85 13 4 85 84 6 85 98 5 86 10 19 86 13 2 86 36 26 86 84 9 86 84 25 87 7 17 87 94 8 88 59 25 88 71 31 89 1 15 89 19 17 89 38 14 89 56 5 89 91 9 91 20 30 92 51 5 92 57 8 92 93 29 92 99 23 93 2 24 93 24 0 93 38 13 93 42 26 93 47 28 93 81 17 94 70 26 94 74 29 95 37 2 95 77 9 95 98 6 96 5 15 96 22 28 96 42 11 96 92 13 97 13 31 97 85 9 98 22 22 98 81 29 98 87 16 99 55 20 99 66 23 101 9 27 101 59 18 101 70 6 102 36 1 102 46 7 102 55 12 102 57 20 102 90 8 103 52 26 103 53 9 103 87 6 104 25 26 104 56 2 104 90 17 104 96 17 105 51 20 105 83 24 106 47 13 106 74 24 106 80 19 107 7 24 107 32 8 107 32 11 107 43 7 108 5 26 108 23 4 108 82 9 109 30 17 109 66 4 110 17 5 110 24 2 110 28 15 110 44 6 110 50 7 110 95 25 112 47 2 112 48 25 112 59 9 112 91 17 113 5 3 113 19 26 113 34 1 113 46 26 113 54 27 114 65 22 114 68 30 114 69 25 114 74 21 115 85 11 116 21 27 116 65 18 117 27 31 117 52 20 117 53 23 117 89 30 117 91 18 118 24 3 118 58 2 118 81 11 119 94 19 119 94 20 120 5 9 120 17 9 120 29 19 120 82 18 121 55 14 121 60 0 122 34 29 122 41 10 122 83 22 122 98 2 123 36 26 123 81 19 125 28 24 125 94 29 127 3 22 128 18 16 129 3 1 129 91 6 130 2 15 130 31 12 130 40 19 131 3 1 131 70 25 131 87 1 131 87 9 132 58 12 132 89 19 133 2 12 133 4 25 133 54 28 133 64 17 134 29 26 134 73 8 134 84 26 134 94 0 134 95 19 135 88 22 136 9 15 137 57 20 137 81 9 137 86 24 137 93 10 138 5 11 138 11 15 138 40 1 139 10 6 139 17 13 139 18 8 139 24 1 139 45 16 139 52 12 139 60 5 140 75 12 140 85 3 140 92 5 141 28 14 141 29 27 141 42 24 141 45 12 141 68 28 142 33 28 142 90 6 143 23 1 143 76 30 144 2 14 144 49 7 144 69 1 145 15 1 145 38 12 145 70 29 146 3 0 146 8 28 146 28 7 146 46 9 146 84 0 146 89 8 147 30 11 148 57 6 148 72 27 148 91 30 149 14 29 149 27 10 149 33 11 149 94 11 150 23 7 150 54 1 150 62 11 150 88 23 150 97 16 151 15 22 151 55 16 151 62 21 151 98 2 152 23 23 153 72 3 153 77 11 153 96 9 154 3 26 154 27 5 154 36 16 154 51 6 154 87 30 155 9 21 155 18 20 155 30 8 155 83 16 156 36 7 157 39 22 157 41 21 157 51 24 157 82 6 158 56 12 159 34 28 159 35 13 162 11 22 162 31 27 163 11 27 164 24 28 164 74 7 164 84 16 164 90 3 165 14 19 166 2 25 166 6 10 166 18 9 166 28 22 166 95 5 167 81 25 168 58 29 168 85 25 168 97 2 169 2 20 169 37 23 169 80 1 169 88 13 170 16 0 170 22 20 170 64 6 170 85 1 171 27 26 171 39 18 171 41 27 172 52 26 172 78 2 172 90 2 173 5 18 173 89 16 173 97 19 174 3 13 174 64 14 175 11 14 175 66 13 175 95 12 175 98 4 176 8 16 176 8 18 176 11 8 176 13 12 176 39 30 176 51 11 176 61 3 176 81 1 176 81 17 176 85 15 177 13 14 177 42 19 177 92 19 178 0 2 178 68 0 179 0 28 179 25 0 179 28 11 179 96 23 180 8 28 180 24 17 180 25 28 180 44 18 180 57 8 180 61 5 180 75 25 180 84 21 180 95 18 181 22 17 181 31 10 181 56 25 182 56 0 182 78 7 182 90 13 182 99 17 182 99 23 183 9 3 183 45 4 183 49 31 183 59 24 183 65 20 183 78 24 184 47 1 184 65 26 184 71 23 184 86 1 184 92 10 185 0 20 185 12 26 185 21 13 185 64 15 185 73 25 186 9 24 186 15 31 186 30 27 186 68 29 187 58 25 188 5 7 188 62 19 188 80 20 188 83 16 188 96 15 189 0 3 189 24 8 189 37 20 190 35 7 190 44 12 190 90 0 190 90 2 191 0 20 191 42 9 192 37 3 193 0 6 193 52 7 193 75 28 193 76 23 193 97 29 194 20 22 194 27 19 194 59 6 194 59 28 195 29 15 195 29 19 195 55 12 195 82 6 196 50 27 196 64 2 196 82 4 196 94 5 197 2 21 197 17 9 197 44 1 197 71 23 197 95 7 198 100 23 199 21 28 199 29 28 199 39 26 199 40 24 199 41 8 200 1 15 200 62 28 201 2 4 201 43 25 201 82 7 202 22 0 202 42 7 202 58 25 203 41 21 203 42 28 203 67 7 203 67 14 203 77 11 205 23 5 205 79 14 206 7 2 206 28 15 206 32 11 206 60 24 206 63 29 206 75 21 206 80 4 206 91 28 206 98 7 207 29 7 207 46 25 207 71 30 207 96 4 208 7 9 208 53 26 208 82 31 208 91 1 209 18 7 209 28 25 209 83 4 209 85 24 210 77 26 211 7 16 211 46 21 211 54 11 211 56 19 211 75 3 211 81 13 212 16 31 212 30 16 212 76 4 213 12 2 213 29 27 213 40 9 214 30 17 214 41 17 214 86 19 215 69 2 215 88 14 215 96 2 216 0 22 216 72 13 216 79 3 217 20 22 218 3 8 218 8 10 218 35 1 218 85 2 219 79 7 220 16 11 220 21 28 220 38 2 220 53 13 220 79 11 221 8 13 221 49 9 221 89 21 222 9 19 222 59 12 222 67 29 222 68 12 222 82 2 223 19 24 223 30 8 224 99 30 225 5 14 225 25 20 225 29 31 225 31 27 225 59 31 225 71 9 226 55 21 226 86 21 227 41 21 227 46 5 227 81 17 227 95 14 227 100 23 228 21 22 229 10 7 229 54 6 229 80 2 230 26 2 230 31 17 230 33 6 230 41 31 230 49 27 231 5 31 231 19 3 231 29 23 231 86 9 233 95 2 234 43 11 234 91 4 235 24 18 235 69 27 236 47 2 236 72 2 237 11 23 237 18 16 237 43 26 237 56 8 238 3 23 238 7 16 238 11 11 238 32 20 238 74 19 238 86 0 239 11 10 239 35 11 239 47 21 239 70 20 239 85 6 239 86 20 239 89 27 240 16 25 240 34 22 240 44 0 240 71 21 240 79 22 241 7 8 241 12 7 241 14 29 241 49 5 241 73 26 242 28 12 242 29 30 242 36 23 243 0 8 243 28 5 243 33 6 243 89 3 243 89 27 244 43 27 245 11 11 245 73 11 245 77 29 245 78 15 245 95 1 246 22 31 246 93 14 247 11 24 247 15 0 247 15 28 247 17 20 247 36 27 249 50 25 249 65 14 250 31 23 250 45 22 250 54 19 250 94 25 251 6 13 251 37 0 252 87 13 252 88 29 253 66 15 254 55 9 254 68 11 254 69 24 254 81 25 254 83 19 255 19 10 255 35 5 255 50 29 255 98 22 256 56 9 256 93 27 257 33 15 257 67 6 257 82 28 258 31 6 258 38 11 258 89 8 259 56 19 259 85 7 260 0 5 260 1 23 260 2 0 260 12 15 260 27 6 260 74 0 260 80 1 261 14 20 262 7 18 262 11 21 262 23 16 262 58 19 262 83 29 262 93 14 263 35 23 263 83 30 264 8 15 265 41 18 265 57 3 265 61 9 266 7 10 266 8 13 266 40 31 266 51 5 266 80 0 267 16 20 267 34 8 267 79 11 268 10 20 268 28 12 268 42 4 269 65 31 269 76 0 269 85 21 270 31 18 271 22 23 271 29 4 272 10 22 272 19 28 273 12 17 273 47 12 273 51 6 274 21 21 274 25 17 274 25 20 274 45 7 275 0 1 275 54 21 276 13 13 276 59 27 276 89 21 277 1 13 277 31 10 277 49 10 277 89 11 277 91 29 278 17 26 278 28 22 279 3 9 279 29 8 279 30 14 279 63 8 279 65 9 279 65 19 280 1 25 280 5 17 280 8 12 280 10 22 280 93 29 281 28 30 281 41 13 281 43 25 281 88 28 281 98 12 282 9 20 283 27 19 283 94 18 284 71 22 284 100 23 285 10 24 285 38 21 285 43 13 285 68 23 285 94 7 285 94 23 285 100 7 286 9 31 286 13 28 286 78 27 286 83 15 287 0 1 287 13 17 287 23 0 287 25 0 287 30 9 287 54 11 287 64 4 287 88 24 288 55 12 289 37 18 290 91 26 291 17 18 291 93 1 293 9 14 293 41 24 294 47 28 295 0 24 295 16 23 295 20 8 295 23 9 295 24 31 295 54 7 295 55 16 296 78 30 296 99 1 297 90 24 298 35 11 298 53 22 298 53 26 298 60 25 298 96 1 299 23 26 299 51 7 301 10 22 301 16 26 301 33 24 301 100 25 302 11 22 302 27 22 302 40 29 302 68 10 303 9 17 303 15 9 303 72 7 303 82 27 304 5 12 304 22 17 304 40 20 304 60 4 304 73 12 305 5 21 305 10 16 305 24 10 305 61 7 306 34 16 306 93 0 306 97 21 307 38 31 307 41 10 307 72 20 308 37 24 309 5 5 309 6 30 309 35 24 309 75 6 311 1 1 311 64 25 312 18 19 312 47 31 313 8 12 313 10 9 313 29 24 313 43 6 313 68 10 313 72 15 313 77 9 314 1 28 314 4 10 314 49 10 314 73 24 315 5 29 315 29 31 315 38 8 315 46 4 315 63 19 315 89 17 316 21 13 317 20 16 317 64 20 317 71 9 317 90 28 318 4 10 318 25 6 319 25 18 319 83 28 320 4 14 320 28 28 320 79 5 320 97 28 321 9 21 321 45 1 321 45 7 321 65 5 322 10 28 322 25 16 322 27 27 322 34 7 323 46 5 324 15 0 324 20 31 324 44 25 324 60 28 325 24 28 325 49 30 325 59 0 325 91 21 325 100 7 326 70 13 327 12 27 327 72 10 328 20 23 328 56 12 328 74 13 328 80 12 328 84 2 329 4 9 329 29 4 329 73 25 330 11 3 330 72 3 330 74 29 331 47 10 331 50 0 331 72 27 332 11 24 332 83 23 332 87 17 333 20 7 333 20 29 333 76 15 333 80 27 334 13 30 334 35 26 334 40 13 334 69 2 334 93 3 335 13 7 335 69 29 335 73 19 335 96 4 336 6 1 336 24 4 336 33 10 336 50 5 336 50 19 336 53 26 336 65 8 336 77 6 337 4 0 337 4 12 337 21 8 337 52 9 337 81 20 337 85 18 337 99 25 338 5 3 338 49 3 338 69 16 338 79 3 339 13 16 339 49 4 339 62 2 340 1 27 340 62 25 340 89 15 341 34 30 341 80 24 342 35 8 342 100 12 343 0 24 343 3 25 343 13 12 343 21 5 343 95 13 344 47 5 344 48 31 344 86 28 345 6 30 345 42 19 345 71 6 346 11 21 346 16 4 348 20 1 348 25 19 348 29 25 348 31 1 348 86 10 349 1 5 349 29 12 349 45 19 350 8 3 350 29 0 350 56 20 350 91 12 351 17 22 351 56 18 352 13 28 352 24 19 352 29 7 352 40 20 353 19 29 353 49 23 353 98 29 354 99 15 354 100 20 355 4 19 356 9 24 356 23 21 356 40 6 356 69 6 357 85 18 358 34 7 358 60 28 358 69 13 359 53 1 359 67 25 359 83 17 359 88 0 359 90 26 360 9 21 360 100 22 361 15 9 361 37 0 361 60 15 362 31 20 362 44 22 363 49 8 363 59 17 363 64 30 363 80 6 363 94 9 364 25 23 364 89 8 364 97 29 365 9 20 365 19 17 365 52 5 366 36 4 366 52 0 367 26 26 367 46 7 368 36 24 368 40 30 368 44 11 368 50 6 369 38 30 370 35 9 370 43 4 370 83 16 371 6 1 371 50 2 371 71 15 371 75 6 372 12 25 372 51 28 372 89 25 373 17 12 373 24 18 373 53 24 373 69 6 375 69 17 375 93 25 376 1 28 376 42 29 376 60 24 377 13 31 377 31 2 377 36 11 377 45 23 377 83 15 377 92 20 378 36 24 378 45 29 379 15 14 379 65 13 379 78 31 380 15 19 380 28 15 380 59 11 381 13 13 381 50 11 381 50 28 381 93 18 382 12 5 382 43 18 383 27 9 383 53 28 383 71 19 384 24 7 384 30 31 384 36 5 384 49 31 384 76 20 384 97 23 385 20 25 385 48 12 385 50 14 385 51 30 385 92 17 386 65 3 386 68 27 387 63 14 388 15 20 388 68 20 388 92 27 389 48 16 389 56 0 389 77 0 389 100 15 390 18 4 390 33 8 390 38 11 391 8 18 391 29 11 391 41 26 391 73 13 391 77 4 391 80 14 391 81 14 391 90 7 391 96 7 392 2 5 392 15 1 392 97 29 393 0 28 393 4 19 393 31 24 393 76 10 393 84 7 394 34 26 395 9 1 395 50 17 395 55 14 396 4 15 396 55 8 396 73 30 397 4 14 398 16 4 398 18 26 399 16 8 399 90 1 399 91 8 401 35 8 401 74 29 402 0 30 402 72 17 403 4 17 403 7 20 403 80 21 403 83 14 403 87 23 404 12 13 404 84 29 405 35 15 405 55 21 405 76 3 406 92 8 407 78 26 408 13 20 408 68 17 409 6 22 409 7 22 409 24 10 409 29 21 409 84 6 409 94 13 410 56 17 411 22 0 411 39 7 411 61 9 411 67 20 411 86 29 411 93 6 412 14 17 413 1 14 413 53 24 413 71 8 413 93 11 413 100 2 414 5 6 414 13 24 414 15 10 414 21 20 414 27 21 414 61 22 414 75 27 416 68 25 417 21 23 417 90 5 417 94 15 418 6 12 418 7 13 418 36 24 418 52 13 418 81 4 419 21 27 419 45 17 419 57 14 419 76 6 420 0 19 420 37 0 420 45 5 420 59 26 420 98 25 421 39 16 421 61 18 422 12 2 422 24 16 422 82 16 423 15 27 423 52 4 423 53 13 423 54 3 423 85 20 424 22 25 424 40 26 425 3 19 425 7 26 425 55 6 426 91 0 427 14 17 427 43 19 427 68 19 427 77 9 427 83 28 427 99 24 428 12 16 428 34 0 428 69 7 429 45 12 429 65 16 430 10 0 430 10 22 430 24 14 430 90 17 431 5 3 431 9 10 431 23 13 431 85 0 431 89 31 432 8 28 433 6 4 433 8 22 433 19 20 433 20 23 433 52 1 434 2 1 434 13 1 434 72 3 435 7 30 435 67 1 435 71 15 436 16 11 436 44 13 436 57 18 438 87 22 438 94 24 438 95 6 439 9 21 439 92 11 440 47 22 441 13 24 441 14 21 441 17 31 441 33 3 441 59 10 441 69 27 442 77 11 442 79 30 443 23 13 443 70 17 443 73 13 443 97 16 444 11 0 444 27 30 444 31 17 444 44 19 444 61 30 445 11 13 445 56 5 447 10 25 447 19 24 447 56 28 447 67 24 448 4 21 448 22 13 448 27 5 448 87 21 448 92 15 449 47 11 449 68 29 449 73 20 449 81 16 449 92 14 450 21 20 450 75 1 450 75 4 450 82 5 450 86 24 451 32 30 451 50 12 452 11 25 452 77 25 452 78 13 452 82 31 453 13 22 453 53 18 453 66 12 453 70 9 453 100 11 454 20 20 454 90 4 455 7 6 455 27 7 456 22 23 456 56 12 457 21 3 457 29 6 457 31 2 457 32 9 457 55 15 458 12 5 458 39 11 458 88 20 458 91 7 459 30 2 459 74 18 459 96 4 460 11 24 460 12 2 460 20 24 460 21 13 460 21 16 461 14 8 461 41 9 461 56 25 463 7 24 463 34 19 463 34 29 463 50 21 463 52 0 464 23 31 464 94 14 465 13 30 465 76 0 466 3 29 466 70 7 466 81 3 466 96 25 468 11 0 468 49 6 468 61 23 468 65 21 468 93 4 469 25 11 469 82 11 470 13 12 470 29 7 470 74 31 470 86 5 470 89 3 471 18 9 471 23 5 471 25 8 471 28 26 471 81 8 472 40 25 473 57 0 474 28 13 474 58 8 474 75 31 474 95 26 475 48 2 475 90 1 475 93 13 476 11 22 476 55 19 476 88 16 477 5 17 477 64 16 477 69 13 477 89 16 477 94 24 478 19 10 479 34 13 479 77 4 480 4 8 480 6 23 480 57 20 480 68 5 481 37 16 481 43 14 481 50 14 481 84 1 482 15 6 482 25 6 482 50 0 482 97 27 483 36 11 484 55 17 484 71 8 484 75 10 484 81 8 484 83 23 484 93 16 485 35 3 485 69 30 485 100 18 486 50 14 487 82 6 488 38 23 488 45 10 488 62 14 489 28 20 489 36 27 489 100 29 490 15 0 491 10 11 491 14 22 491 39 24 491 60 9 491 64 13 492 7 21 492 19 29 492 73 2 493 49 28 493 50 3 493 85 28 493 86 13 493 91 18 494 39 21 494 61 27 494 69 16 494 89 25 495 22 21 495 83 22 495 85 0 495 94 8 496 4 3 496 5 9 496 21 24 496 37 23 496 54 18 496 79 14 497 2 20 497 4 22 497 73 21 497 91 26 498 97 16 499 27 13 501 17 19 501 36 31 501 46 17 501 61 23 501 82 23 502 9 16 502 21 31 502 67 9 503 21 26 503 50 26 503 60 1 503 87 9 505 33 24 506 75 23 506 82 19 507 36 21 507 47 22 507 81 15 507 88 6 507 90 31 508 0 24 509 1 24 509 13 20 509 31 9 509 52 0 509 84 19 510 14 22 510 47 18 510 59 6 510 93 31 510 95 12 511 20 14 511 48 6 511 61 18 511 76 25 511 77 0 511 100 9 512 11 2 512 36 2 512 49 11 512 56 4 512 77 17 514 82 26 514 96 14 515 33 2 515 66 12 516 0 28 516 56 6 516 72 20 517 8 18 517 30 5 517 55 3 517 74 18 518 14 2 518 42 6 518 60 9 518 65 23 518 70 30 519 27 9 519 48 11 519 63 8 519 82 23 519 90 17 519 90 23 520 51 6 520 56 17 520 59 12 520 99 24 521 43 31 521 71 27 521 78 26 521 97 10 522 24 7 523 13 17 523 22 0 523 34 7 523 39 2 523 63 28 523 64 2 524 53 20 524 54 25 525 45 4 525 57 13 525 64 0 525 67 28 526 12 22 526 37 24 526 85 24 526 93 13 527 62 23 527 83 27 528 32 12 528 36 12 528 61 22 528 72 17 529 40 18 529 46 5 529 100 27 530 10 14 530 20 26 530 63 29 530 68 7 530 70 5 531 31 30 531 42 31 531 47 31 531 67 4 532 0 20 532 10 13 532 12 15 532 20 11 532 63 9 533 13 9 533 38 9 533 44 27 533 61 13 534 26 1 534 57 8 534 76 31 534 96 18 535 27 25 535 57 9 535 84 6 535 88 31 535 99 19 536 90 29 537 12 15 537 35 28 537 37 13 537 62 26 537 82 29 537 85 11 538 41 10 539 2 0 539 40 6 539 51 3 539 60 22 539 67 0 540 6 1 540 43 6 540 47 22 540 72 4 541 0 27 541 5 20 541 12 30 541 94 20 542 13 30 542 37 4 542 38 31 542 68 27 542 90 24 543 23 9 543 36 0 543 38 3 543 56 26 543 81 22 544 23 0 544 41 31 544 51 19 544 59 5 546 12 27 546 57 9 547 13 26 547 59 30 547 68 11 548 40 22 548 43 17 549 41 26 549 55 16 549 62 25 549 69 15 549 82 14 549 90 0 550 60 21 550 82 23 551 14 1 551 36 7 551 67 27 552 49 20 552 57 26 552 65 12 553 26 25 553 96 0 554 13 10 554 15 20 554 23 8 554 33 7 554 50 9 554 62 28 554 86 28 554 88 11 554 88 15 555 25 15 555 31 21 555 78 15 556 0 12 556 65 10 557 20 14 557 38 13 557 54 30 557 95 23 558 19 28 558 37 8 558 63 7 558 63 20 560 4 15 560 37 28 560 72 16 560 75 4 560 78 21 561 29 1 561 53 17 561 54 7 562 39 14 563 45 26 563 82 9 564 25 16 564 37 20 565 4 24 565 32 18 565 68 5 565 94 25 566 1 19 566 33 26 566 35 31 566 43 21 566 46 21 566 54 13 566 63 27 567 13 1 567 19 20 567 28 27 567 30 28 567 42 3 567 50 22 567 51 9 567 81 17 568 51 7 568 73 11 569 26 12 569 47 11 569 67 5 569 70 6 569 75 23 569 96 22 570 13 6 570 14 20 570 16 8 570 46 27 570 61 27 570 83 16 570 92 5 571 0 30 571 13 29 571 31 0 571 65 19 571 78 20 572 60 18 573 6 18 573 21 1 574 24 30 574 34 10 575 37 11 575 37 13 575 69 16 576 50 28 577 7 27 577 26 5 577 51 13 577 59 21 578 22 0 578 39 25 578 44 25 578 65 1 578 76 5 579 39 23 579 70 8 580 4 23 580 37 30 580 43 27 580 49 10 581 35 23 581 61 0 582 13 31 582 37 4 582 41 20 582 52 9 582 54 23 582 89 14 583 91 19 583 92 15 584 76 11 584 78 30 585 41 5 585 52 14 585 78 29 586 43 17 586 47 21 586 66 26 588 5 13 588 12 1 588 53 25 588 100 0 589 25 22 589 55 3 589 66 9 589 68 10 589 69 20 589 75 11 589 87 2 590 44 31 590 57 9 590 94 12 591 17 11 591 90 2 591 100 11 592 30 4 592 49 0 592 80 2 593 2 4 593 13 12 593 24 20 593 66 8 594 15 25 594 82 23 594 88 26 594 98 20 595 28 6 596 15 25 596 68 3 596 95 11 597 8 4 597 39 23 597 59 18 597 72 25 598 16 2 598 49 20 598 93 16 599 12 0 599 21 11 599 55 6 599 89 27 599 94 4 600 62 3 600 81 6 600 88 25 601 5 31 601 11 4 601 76 16 602 14 11 602 31 22 602 33 7 602 85 29 603 66 4 603 79 2 604 89 14 605 2 10 605 5 17 605 40 15 605 43 13 605 60 10 605 89 19 605 90 20 606 19 10 606 26 4 606 62 8 606 95 19 607 45 30 607 76 8 607 88 8 608 32 29 608 77 5 608 84 9 609 53 0 609 63 24 610 67 31 610 71 27 611 17 28 612 30 30 612 33 11 612 91 12 613 1 23 613 25 19 613 79 11 614 9 20 614 23 20 614 48 13 614 74 23 615 4 5 615 8 10 615 38 7 615 79 8 615 86 22 616 21 24 616 30 12 616 39 18 616 41 11 616 92 7 617 15 30 618 58 8 618 91 25 618 99 24 619 8 28 619 25 21 619 42 24 620 14 4 620 90 6 621 20 24 621 80 15 621 86 1 622 42 11 623 13 24 623 96 11 625 63 11 625 78 11 625 91 7 626 5 21 626 48 3 626 81 3 626 83 15 627 26 11 628 0 10 628 81 24 628 99 10 629 0 22 629 35 19 629 74 5 629 76 27 629 92 1 630 77 17 631 36 29 631 57 5 631 86 15 632 1 14 632 24 30 632 59 28 632 68 25 632 92 14 633 0 28 633 10 21 633 68 1 633 98 9 634 25 26 634 36 19 634 45 1 634 64 11 634 67 23 634 73 16 635 24 14 636 78 1 637 70 1 637 100 11 638 2 6 638 29 27 638 46 2 638 68 19 639 12 21 639 17 30 639 18 11 639 31 26 639 34 17 639 77 14 639 90 20 639 95 26 640 17 14 640 21 23 640 46 21 640 51 25 640 54 15 640 91 13 641 34 19 641 66 8 641 90 2 642 8 14 642 54 26 643 7 1 643 41 30 643 55 13 643 100 4 644 2 20 644 3 23 644 22 22 644 56 0 645 41 13 645 52 22 646 21 22 646 27 8 646 30 1 646 32 15 646 77 2 647 47 8 647 90 13 648 6 8 648 22 21 648 26 0 648 44 26 648 79 15 649 6 13 649 9 5 649 71 18 649 95 14 650 11 2 650 11 6 650 45 23 651 11 9 651 42 16 651 44 5 651 47 28 651 58 15 652 62 0 652 73 3 652 79 13 653 4 18 653 12 24 653 28 3 653 42 24 654 62 21 654 80 16 656 36 10 656 36 14 656 71 24 657 6 9 657 36 31 657 79 8 657 87 19 658 5 14 658 45 24 658 50 25 658 58 8 658 58 13 658 82 22 658 85 8 658 85 20 659 4 0 659 15 29 660 14 22 660 75 15 660 78 25 660 82 25 661 50 17 661 61 12 661 98 11 662 65 17 662 95 23 663 41 31 663 79 4 663 83 20 664 27 10 664 73 8 664 92 31 665 24 8 665 27 0 665 99 29 666 5 5 666 39 1 666 83 29 666 91 13 666 99 6 667 100 10 668 60 14 668 70 26 668 84 9 668 95 3 669 17 26 669 21 17 669 24 26 669 92 0 670 10 30 670 52 11 670 89 21 671 3 26 672 69 17 672 89 28 673 15 0 673 21 5 673 34 13 673 95 31 674 92 18 675 37 10 675 42 2 676 6 26 676 16 26 677 17 19 677 29 24 677 45 14 677 50 8 677 90 1 677 92 1 678 53 27 678 70 27 678 83 11 679 27 22 679 78 20 679 87 2 680 16 26 680 41 24 680 83 9 680 85 22 680 100 17 681 45 13 681 82 17 682 60 24 682 66 6 682 73 21 682 81 6 682 99 6 683 1 4 683 71 3 683 75 31 684 18 18 684 47 28 684 59 11 684 65 20 684 87 18 684 97 29 685 12 16 685 79 29 685 85 14 686 21 5 686 47 18 686 71 6 686 91 11 687 9 21 687 11 6 687 42 11 688 66 13 688 86 20 689 33 17 689 65 12 689 75 10 690 18 27 690 20 27 690 35 2 690 36 27 690 39 28 690 67 4 690 88 25 690 95 7 691 39 11 693 78 16 694 26 18 694 32 28 694 47 4 694 47 26 694 72 17 694 78 10 695 35 27 695 47 18 695 56 24 696 7 6 696 10 19 696 14 25 696 26 30 696 51 21 696 78 2 697 8 5 697 16 20 697 24 15 697 25 20 697 39 27 697 45 30 697 81 6 697 95 27 698 17 11 698 89 18 699 7 14 699 66 8 699 88 25 699 97 27 699 98 19 700 26 4 700 57 0 700 95 31 701 5 22 701 16 18 701 76 19 701 81 0 701 90 4 702 9 30 702 10 8 702 12 7 702 15 21 702 92 15 703 45 27 703 58 5 703 63 7 703 92 26 704 23 20 705 69 24 705 85 30 706 35 8 706 78 29 707 16 7 707 43 23 707 59 5 707 83 20 707 94 26 708 64 2 708 97 0 709 0 13 709 1 17 709 45 14 709 55 30 710 5 11 710 68 9 710 73 6 710 81 24 710 93 7 711 79 15 711 90 18 712 26 14 713 10 16 713 13 6 713 78 2 714 4 31 714 16 7 714 92 24 715 34 29 715 71 4 716 47 0 717 22 19 717 26 18 718 23 7 718 25 6 718 32 25 718 46 14 718 56 1 718 56 25 718 98 29 719 1 25 719 7 20 719 54 11 719 84 5 719 90 14 719 99 3 720 8 20 720 24 27 720 93 15 721 46 17 721 62 26 721 95 1 722 1 4 723 39 13 723 82 9 723 90 16 724 20 22 724 32 17 724 32 21 725 35 11 725 78 28 725 79 13 725 85 30 725 90 8 725 97 29 726 98 7 727 33 15 727 57 14 727 65 23 727 67 0 728 18 7 728 27 30 728 47 28 728 76 0 729 22 28 729 34 2 729 78 15 730 31 8 730 43 30 730 80 4 731 70 9 732 9 20 732 20 26 732 36 9 732 39 12 732 68 27 733 32 26 733 74 5 733 90 4 734 0 3 734 65 8 735 24 7 735 28 1 735 44 12 735 45 6 735 68 9 736 12 1 736 14 6 736 21 13 737 38 17 737 53 19 737 97 23 738 2 18 738 26 30 738 44 18 738 88 10 739 18 0 739 60 14 740 18 27 740 29 12 741 57 25 741 93 18 741 96 27 742 38 24 742 81 31 742 95 16 743 29 11 743 33 18 743 57 28 743 67 18 743 82 15 743 90 9 743 99 7 744 87 4 745 14 16 745 32 6 746 27 12 746 38 5 746 41 25 746 82 15 747 27 9 748 79 7 749 43 1 749 44 21 749 99 28 750 10 26 750 23 21 750 31 30 750 47 19 750 85 5 751 12 31 751 55 3 751 99 7 752 46 19 752 94 2 752 97 11 753 64 0 753 78 11 753 89 26 754 3 11 754 22 2 754 48 0 754 62 20 754 67 13 754 82 26 754 88 16 754 98 17 755 8 31 755 55 29 755 61 26 755 69 0 756 10 9 756 90 13 757 14 26 757 72 5 757 78 5 758 6 19 758 59 12 758 77 24 758 98 16 759 2 8 760 8 5 760 8 13 760 38 0 761 40 11 761 49 7 761 62 20 762 7 13 762 60 1 762 95 20 762 100 27 763 19 31 763 68 13 763 77 0 764 19 24 765 11 9 765 20 22 765 32 21 766 8 19 766 45 22 766 52 10 766 89 10 767 48 17 767 89 31 768 13 31 768 75 18 768 78 15 769 19 17 769 41 15 770 4 23 770 22 15 770 63 4 770 94 1 771 5 5 771 63 8 772 46 29 773 82 7 774 12 8 774 64 23 774 67 13 774 68 6 774 81 26 774 84 22 775 63 10 776 14 8 776 39 0 776 57 19 777 62 14 777 73 17 777 78 9 778 10 18 778 32 20 778 52 17 778 66 30 778 69 29 778 70 20 779 30 3 779 30 24 779 76 6 780 25 9 780 32 16 780 78 22 781 6 9 781 24 21 781 54 21 782 30 13 782 45 31 783 34 9 783 41 30 783 54 4 783 63 23 783 64 11 783 81 29 783 97 16 784 61 12 785 1 27 786 33 11 786 73 1 786 94 6 787 5 5 787 13 16 787 83 16 788 13 11 788 54 28 788 58 29 789 76 23 789 76 24 790 13 23 790 88 1 791 22 24 791 39 19 791 57 22 791 100 7 792 1 3 792 19 3 792 63 9 792 65 27 792 83 12 792 85 2 793 54 15 793 61 15 793 69 29 794 4 17 794 19 15 794 94 31 794 96 20 795 24 18 795 32 17 795 58 9 795 68 22 795 77 17 795 98 22 796 1 3 796 5 29 796 24 2 796 67 6 796 91 11 797 4 27 797 50 19 797 79 7 797 95 12 797 95 13 798 16 10 798 25 8 798 48 27 798 82 8 798 87 9 798 89 11 799 4 10 799 9 11 799 38 23 799 53 20 799 73 26 799 79 2 800 23 24 800 33 3 800 41 29 800 46 2 800 79 24 800 90 19 801 13 0 801 53 1 801 73 25 801 87 1 802 12 3 802 20 3 802 42 1 802 46 20 802 61 15 803 3 3 803 4 5 803 5 22 803 14 7 803 81 7 804 17 8 804 43 2 804 46 18 804 75 12 804 88 6 805 4 18 805 8 29 805 25 11 805 38 12 805 51 25 805 81 8 805 96 15 806 3 5 806 14 19 806 30 17 806 62 30 807 27 4 807 68 20 807 80 15 808 36 23 808 95 22 809 40 31 809 52 12 809 57 9 809 99 31 810 49 24 811 9 23 811 49 3 811 53 4 811 55 9 811 79 20 812 9 3 812 30 9 812 56 13 812 69 12 813 31 26 813 37 1 813 48 6 813 91 12 814 4 12 814 15 3 814 25 19 814 88 0 814 98 7 815 38 28 815 43 19 815 86 25 816 1 4 816 52 18 816 78 18 817 1 31 817 7 11 817 8 11 817 35 22 817 38 17 817 50 29 817 95 19 818 19 15 818 41 28 818 82 6 819 65 13 819 65 31 820 1 22 820 71 7 821 40 20 821 55 22 821 77 9 822 33 12 822 40 17 822 43 29 822 90 18 823 9 11 823 15 11 823 46 2 823 61 17 823 80 4 823 88 7 824 1 25 824 24 2 824 55 10 825 13 8 825 15 26 825 43 15 825 55 25 825 63 4 825 96 17 826 18 8 826 63 16 826 74 14 827 5 27 827 71 24 828 18 30 828 27 14 828 56 1 828 65 15 828 77 13 828 89 24 829 4 24 829 41 14 830 9 15 830 56 19 830 64 28 830 96 31 831 36 3 831 88 16 832 40 7 833 18 3 833 20 6 833 63 17 834 4 5 834 30 20 834 43 5 834 76 24 835 14 18 835 20 16 835 86 15 836 7 13 836 18 11 836 56 23 836 62 6 836 85 30 837 17 31 837 49 17 838 6 30 838 100 4 839 13 20 840 3 0 840 79 10 841 18 1 841 21 23 842 41 25 842 68 13 842 97 11 843 81 4 844 72 30 846 17 13 846 33 29 847 7 29 847 33 24 847 41 13 847 60 31 847 68 18 847 71 16 847 85 13 848 36 17 848 45 6 848 59 28 848 78 8 848 92 12 848 93 5 849 26 13 850 71 19 850 71 30 850 76 20 850 85 17 851 29 19 851 99 30 852 12 18 852 18 14 852 49 3 852 63 23 853 2 28 853 23 28 853 48 8 853 89 19 854 0 2 854 20 2 854 36 10 854 95 10 855 11 28 855 33 27 855 35 2 855 39 17 855 79 24 856 42 8 856 60 14 856 78 23 856 83 9 857 6 16 857 7 8 857 26 23 857 30 12 857 44 28 857 52 15 858 19 10 858 35 6 858 47 0 858 62 29 859 65 19 859 73 21 860 77 10 860 85 15 860 96 4 861 26 2 861 26 29 862 2 20 862 27 17 862 38 5 862 78 21 862 84 20 862 86 6 862 92 24 862 97 16 863 32 21 863 43 29 863 70 5 864 19 13 864 38 3 864 71 6 864 85 17 864 99 13 865 16 20 865 43 18 866 0 0 866 4 3 866 7 16 866 39 13 866 84 9 867 79 31 868 4 9 869 2 21 869 19 31 869 52 31 869 60 12 869 60 28 869 69 14 870 15 25 870 16 30 871 13 26 871 24 20 871 38 14 872 45 19 872 46 16 872 59 16 872 64 1 872 98 21 873 54 4 873 58 0 873 87 8 874 9 15 874 44 19 874 70 9 874 76 6 875 67 27 875 72 18 876 57 27 876 59 18 877 72 6 877 74 6 877 86 17 878 28 5 878 35 17 878 47 27 878 70 8 878 76 26 879 59 5 879 99 10 880 83 27 881 35 15 881 69 4 881 82 26 882 13 5 882 27 11 882 55 17 882 84 20 883 27 31 883 32 22 883 51 7 883 97 26 884 5 10 884 25 27 884 87 12 884 99 6 885 7 18 885 19 13 885 23 2 885 43 0 885 56 25 885 81 18 885 83 1 885 85 21 885 93 14 886 3 11 887 15 9 887 68 1 888 12 0 888 14 15 888 16 8 888 38 26 888 43 26 889 15 10 889 20 27 889 87 10 890 15 25 890 31 28 890 37 23 891 1 5 891 54 4 892 69 2 893 12 2 893 12 13 893 39 1 893 39 22 893 49 14 894 41 23 894 57 7 894 82 30 895 28 18 895 32 10 895 41 4 895 96 3 896 43 9 896 60 24 896 63 30 896 78 16 896 88 18 897 35 0 897 80 27 897 82 11 897 88 2 898 21 19 900 27 5 900 54 0 901 4 1 901 39 19 901 68 15 904 54 5 904 91 26 904 96 29 905 25 13 905 37 4 906 10 5 906 74 26 906 92 12 907 27 11 907 55 23 907 62 27 908 7 23 908 25 24 908 47 20 908 64 22 909 3 10 909 14 0 909 14 25 909 14 26 909 38 6 909 47 10 909 51 31 909 69 2 910 0 26 910 20 20 911 65 7 912 21 15 912 47 20 912 56 14 913 21 25 913 36 11 913 44 24 913 54 7 913 67 21 913 68 16 913 82 16 914 76 13 915 8 22 915 29 11 915 51 14 915 90 6 915 91 6 916 29 13 916 29 25 916 42 16 916 77 24 917 9 28 917 41 2 918 7 27 918 50 16 919 37 25 919 62 25 919 63 22 919 82 21 919 88 16 919 93 28 920 62 8 920 77 8 920 80 5 921 21 16 921 73 16 921 74 18 922 15 29 922 20 20 922 28 5 922 44 28 922 49 1 923 29 0 924 5 2 924 40 16 924 60 3 924 70 11 924 82 25 925 2 7 925 25 8 925 78 24 926 12 20 926 13 10 926 41 24 927 3 10 927 63 21 928 61 22 928 75 16 929 13 9 929 23 10 929 41 2 929 41 20 929 42 29 929 54 27 930 27 16 930 69 5 930 94 9 931 10 2 931 61 9 931 93 31 932 32 16 932 49 6 932 83 21 933 5 13 933 66 17 934 62 30 934 73 19 935 2 15 935 31 17 935 40 4 935 43 15 936 48 5 936 74 28 936 92 30 937 20 30 937 36 28 937 55 10 937 64 3 937 64 4 938 22 4 938 67 21 938 79 16 938 83 15 938 96 12 939 40 23 939 59 14 939 64 12 940 0 22 940 29 7 940 67 12 940 72 3 941 8 1 941 21 31 941 25 10 941 46 16 941 52 20 942 6 13 943 57 21 944 21 24 944 47 19 944 54 25 945 39 15 945 65 5 945 70 27 945 92 11 945 100 13 946 68 25 946 79 29 947 4 17 947 10 5 947 82 5 948 19 17 948 23 5 948 75 31 948 89 24 949 21 30 949 31 15 949 54 12 949 54 16 950 3 15 950 35 29 950 58 1 950 59 21 950 90 7 951 22 29 951 39 28 951 68 8 951 81 27 951 100 5 952 3 8 952 4 12 952 35 24 952 90 3 953 28 8 953 55 21 953 69 1 954 52 6 954 83 4 955 49 12 955 74 18 956 0 28 956 17 10 957 88 3 958 14 30 959 8 23 959 14 20 959 87 12 960 7 31 960 53 26 961 11 15 962 25 24 962 63 7 962 81 2 963 30 8 964 26 22 964 43 3 964 67 29 964 100 19 965 6 10 965 16 12 965 52 23 965 69 22 965 83 18 966 40 20 967 81 13
259 2891 0.001 72 16 10 72 27 24 72 36 14 72 65 8 72 85 31 73 50 22 73 63 26 75 9 24 75 29 26 75 35 18 75 39 10 75 78 10 76 55 18 76 92 8 76 98 1 77 5 15 77 53 0 77 72 12 77 72 23 77 79 6 77 96 13 78 46 31 78 62 27 78 72 29 78 76 16 79 19 16 80 42 31 80 89 11 81 73 5 82 3 31 82 64 13 82 89 10 83 29 11 84 33 16 84 66 19 85 56 12 85 63 27 86 14 8 86 51 12 86 58 26 86 73 25 86 90 27 87 41 11 87 56 28 88 9 24 88 17 22 88 24 28 88 61 15 89 16 17 89 24 5 89 41 17 89 47 25 89 49 6 90 20 7 91 0 5 91 3 24 91 9 24 91 35 23 91 49 16 91 69 29 91 94 20 92 0 14 92 38 25 92 40 16 92 59 8 93 13 24 93 53 4 94 5 29 94 28 21 94 83 1 95 1 29 95 20 23 96 20 21 96 78 1 97 2 14 97 52 16 97 68 10 98 5 16 98 50 21 98 63 3 98 71 20 98 85 23 98 98 25 99 26 8 99 35 16 99 56 14 99 69 7 100 92 13 100 98 13 101 55 10 101 55 14 101 60 3 102 54 26 102 65 20 102 100 10 103 1 0 103 21 29 104 34 12 104 97 8 105 100 11 106 88 19 107 4 20 107 31 25 107 32 16 107 60 30 107 69 20 107 87 10 107 94 2 108 2 0 108 80 10 109 17 9 109 31 21 109 48 15 109 67 6 109 96 16 110 1 26 110 49 19 110 62 18 110 77 27 110 95 31 111 10 17 111 55 23 111 67 16 112 8 2 112 63 28 112 69 15 113 10 17 113 16 5 113 97 27 114 47 6 114 54 10 114 81 12 115 1 19 115 9 1 115 48 26 115 68 22 115 72 19 115 91 2 116 9 9 116 15 17 116 47 10 116 63 4 116 72 21 116 88 4 117 43 25 118 32 29 118 51 26 119 44 10 119 95 27 120 76 3 120 81 21 121 27 14 121 35 27 121 81 7 121 88 3 121 98 23 122 34 25 122 48 26 122 73 12 122 97 30 123 54 9 123 77 3 123 85 20 123 95 20 124 18 3 124 45 24 125 18 8 125 33 8 125 51 1 125 72 23 126 71 4 126 95 30 126 97 15 127 13 28 127 51 4 127 62 4 127 63 2 127 75 21 128 12 8 128 13 29 128 20 1 128 54 13 128 58 1 128 75 8 129 17 29 129 36 30 129 78 15 130 91 24 131 42 30 131 53 27 131 98 9 132 1 0 132 22 28 132 43 28 133 14 10 133 20 6 133 76 7 133 79 25 134 10 1 134 23 13 134 27 13 134 45 11 134 48 26 134 52 2 134 62 29 134 87 18 135 47 10 135 51 31 135 52 11 135 84 29 138 5 30 138 16 31 138 18 15 138 89 27 139 5 21 139 44 1 139 59 0 140 6 3 141 13 15 141 60 4 141 65 29 141 74 23 141 79 16 141 88 27 142 69 12 142 99 19 143 7 15 143 68 5 143 83 24 143 95 3 144 25 29 144 59 18 144 64 28 144 83 27 144 97 12 146 60 31 146 62 8 146 71 23 147 8 25 147 37 31 147 79 15 147 98 21 148 2 21 148 30 29 148 81 27 149 43 31 149 45 1 149 56 18 149 57 2 150 30 11 150 34 17 150 90 11 151 4 17 151 71 16 151 81 23 151 99 8 152 29 29 152 39 31 152 86 12 152 89 7 153 41 4 153 73 5 153 74 24 154 13 31 154 42 9 154 88 5 154 97 13 155 55 31 155 60 13 157 70 17 157 99 26 158 13 18 158 67 29 158 100 7 158 100 9 160 63 31 160 65 23 160 75 31 161 8 27 161 18 14 161 47 7 161 69 11 161 88 25 162 11 24 162 19 31 162 88 28 163 20 3 163 64 0 163 81 9 164 1 18 165 11 30 165 33 19 165 52 10 165 52 17 165 74 29 166 40 5 166 74 13 166 77 18 167 0 8 167 29 7 167 36 18 167 39 6 168 31 12 168 77 7 168 79 23 169 6 22 169 84 2 170 69 30 171 42 22 171 58 12 172 23 8 172 29 18 172 74 23 173 10 9 173 16 1 173 19 25 173 44 1 173 84 18 174 10 3 174 23 3 174 38 11 174 39 25 174 43 10 174 50 22 174 79 13 175 10 16 175 22 17 175 39 18 175 52 18 175 53 3 175 59 19 175 61 25 175 89 12 177 4 19 177 24 0 177 38 14 177 39 3 178 60 3 178 65 9 178 71 15 178 92 12 178 95 24 179 36 15 180 4 29 180 34 29 180 76 14 180 81 26 181 13 29 182 29 1 182 96 20 183 13 22 183 26 8 183 70 1 184 7 21 184 12 1 184 22 10 184 39 25 184 61 5 184 62 2 184 78 16 184 92 9 185 27 0 185 37 3 186 6 10 186 21 2 186 49 11 186 77 18 186 87 0 186 92 3 187 4 8 187 42 16 187 53 31 187 64 26 187 78 13 188 10 28 188 52 0 188 57 19 188 60 28 188 88 22 189 52 13 190 22 21 190 35 23 190 45 25 190 78 15 190 87 25 190 93 0 191 2 7 191 21 21 191 40 17 191 94 13 192 17 3 192 25 7 192 42 22 192 57 10 192 63 7 193 31 11 193 95 12 194 10 8 194 24 17 194 64 11 195 17 10 195 48 4 195 67 2 197 8 21 197 65 28 197 90 15 198 6 26 199 22 28 199 73 3 200 2 6 200 10 14 200 95 29 200 100 15 201 11 23 201 24 2 201 35 14 201 79 15 202 10 7 202 44 10 202 57 6 202 61 21 203 40 29 204 20 11 204 37 7 204 52 3 204 88 30 204 97 27 204 100 31 206 26 30 206 45 5 206 49 4 206 100 21 207 26 27 207 79 20 209 43 8 209 66 6 209 96 31 210 1 10 210 72 1 211 33 7 211 68 6 211 87 0 212 0 16 212 5 23 212 6 2 212 43 17 212 66 31 212 71 13 213 5 27 213 16 8 213 26 1 213 60 31 213 65 29 214 29 7 214 40 11 214 47 31 214 59 17 214 77 10 215 3 4 215 15 10 215 91 24 216 33 0 216 79 14 217 34 11 217 45 10 217 45 16 217 53 31 217 66 16 217 75 21 217 83 27 218 9 12 218 26 28 218 56 23 219 51 24 219 56 3 219 60 19 221 13 17 221 18 22 221 26 14 222 100 28 223 57 1 223 82 24 224 34 26 224 71 20 224 72 5 224 100 9 225 78 25 226 16 5 226 59 29 226 84 10 227 86 5 228 7 23 228 28 4 228 40 17 228 63 21 228 66 10 229 18 16 229 27 8 229 75 17 229 90 24 230 58 19 230 95 20 231 21 8 231 25 10 231 32 4 231 86 4 232 18 9 232 56 15 232 72 21 232 94 15 233 19 13 233 24 17 233 42 6 234 36 0 234 98 16 235 43 4 235 53 5 235 76 13 235 99 29 236 86 26 238 13 3 238 47 20 238 95 1 238 96 0 239 61 8 239 65 22 239 66 17 239 67 21 239 70 6 239 73 2 240 36 16 240 74 7 241 5 22 241 16 21 241 29 9 241 61 26 241 66 28 241 80 9 241 84 24 242 32 13 242 35 24 242 59 8 242 65 16 242 70 7 242 95 30 243 4 20 243 36 26 243 37 14 243 68 13 243 83 2 243 100 11 244 14 20 244 57 5 244 99 23 245 4 12 245 39 0 245 50 18 246 36 18 246 39 10 246 68 30 246 95 17 246 97 14 247 27 11 247 63 6 248 5 3 248 5 29 248 78 17 249 50 3 249 54 26 251 4 24 251 12 17 251 56 29 251 86 5 251 94 30 251 95 0 252 35 4 252 49 1 252 50 8 253 53 25 253 97 1 254 14 23 254 19 31 254 22 22 254 57 25 254 80 24 254 90 26 255 3 23 255 34 29 255 52 1 255 85 13 255 87 12 256 43 17 256 59 8 257 0 19 257 30 0 257 35 24 257 99 22 258 3 23 258 4 4 258 58 13 259 10 2 259 59 19 260 5 21 260 16 8 260 23 19 260 41 18 260 69 23 261 8 17 261 40 29 261 45 30 261 51 9 261 94 20 262 22 16 262 37 13 262 68 12 262 72 30 262 89 6 263 8 10 263 52 13 263 53 14 263 59 23 263 66 1 264 64 5 264 83 6 264 96 18 265 51 26 267 71 7 267 98 6 269 13 30 269 14 18 269 32 20 269 35 14 269 40 26 269 51 26 269 56 14 270 58 5 270 64 15 271 5 12 271 24 31 271 68 21 271 79 20 272 1 17 272 5 2 272 71 27 272 99 5 273 83 9 273 92 31 273 99 10 274 24 18 274 29 22 274 33 3 274 43 13 275 4 4 275 10 11 275 16 0 275 28 23 275 42 19 275 57 7 275 84 7 276 43 30 277 13 22 277 23 6 277 38 23 277 41 16 278 22 0 278 52 27 278 56 17 278 76 26 278 80 26 278 84 7 278 86 24 279 78 22 280 15 5 280 59 22 280 63 18 281 40 17 281 54 23 281 66 11 281 67 11 281 97 9 282 3 16 282 46 31 282 50 24 282 100 1 283 13 22 283 24 19 283 78 27 284 3 6 284 19 28 284 37 18 284 70 27 284 71 7 284 86 13 287 29 25 287 61 11 287 75 22 288 24 24 288 46 28 288 77 30 288 80 3 289 37 29 289 77 15 289 78 4 289 93 24 289 96 7 290 16 16 290 29 9 290 94 21 291 12 21 291 56 23 291 94 14 292 40 7 293 1 18 293 3 1 293 27 8 293 31 3 293 54 28 294 27 31 294 61 17 294 74 23 294 75 6 294 76 11 294 78 17 294 86 8 295 17 17 295 58 1 296 14 23 297 7 29 297 36 30 297 65 18 298 56 15 298 66 28 299 9 21 300 9 23 300 14 20 300 59 15 300 80 16 301 9 1 301 17 20 301 25 0 301 62 7 301 80 13 302 2 9 302 85 29 303 2 0 303 40 15 303 52 18 303 70 9 304 3 9 304 40 31 304 64 2 304 75 21 304 88 31 305 9 31 305 75 10 306 10 27 306 17 14 306 31 3 306 34 15 306 40 12 306 94 20 307 68 30 308 0 27 309 22 12 310 20 12 310 44 26 310 86 25 310 87 11 311 6 18 311 20 5 311 86 30 311 87 4 311 95 27 312 32 25 312 34 29 312 46 22 312 95 5 313 16 19 313 17 10 313 73 25 313 100 21 314 44 13 314 44 31 314 71 20 315 93 7 316 10 29 317 18 13 317 25 22 317 35 10 317 46 17 317 56 24 317 62 8 317 78 3 318 63 12 319 76 26 319 77 31 319 93 3 320 1 17 320 66 18 320 72 28 320 89 11 321 24 13 321 31 0 321 87 5 322 4 6 322 40 20 322 49 12 322 52 9 322 56 16 323 12 12 324 0 7 324 13 8 324 37 11 324 42 23 324 61 5 324 63 21 324 64 25 324 69 21 324 72 18 325 9 30 325 34 2 325 44 28 326 9 8 326 16 22 326 45 16 326 74 16 326 76 22 327 1 16 328 77 31 329 32 1 330 7 4 330 25 7 330 80 9 331 34 24 331 44 8 331 53 30 331 85 5 331 94 24 332 0 29 332 10 30 332 66 21 333 79 6 334 6 21 334 33 0 334 33 17 334 39 30 334 74 19 334 96 15 335 61 2 335 81 17 335 83 4 336 1 13 336 100 22 337 8 10 337 32 10 337 55 28 337 70 18 337 78 0 337 93 14 338 16 11 338 52 23 338 56 3 338 70 18 338 82 17 338 83 29 338 86 17 338 97 22 339 25 22 339 27 6 339 39 17 339 47 4 340 10 1 340 26 26 340 29 12 340 30 15 341 18 21 342 19 18 342 23 21 342 78 9 342 83 17 343 47 11 343 55 3 344 20 2 344 23 5 344 33 29 344 80 2 345 43 25 346 2 6 346 8 24 346 45 18 346 59 23 346 80 1 347 2 14 347 28 12 348 74 18 348 91 6 349 4 28 349 97 29 349 99 27 350 14 6 350 15 20 350 60 25 350 97 28 350 99 30 351 29 21 351 37 4 351 48 27 351 57 13 351 97 5 352 12 25 352 46 22 352 70 11 353 32 4 353 63 4 353 68 14 354 13 16 354 36 23 354 43 20 354 46 20 354 66 31 355 22 21 355 33 25 355 35 23 355 64 29 355 65 30 355 80 0 356 46 28 356 67 0 357 16 26 358 25 2 359 10 17 359 30 15 359 50 10 359 62 29 360 38 0 360 51 15 360 72 29 360 79 5 360 99 24 361 7 25 361 19 16 361 56 24 361 84 21 362 0 31 362 90 10 362 98 15 363 84 4 363 92 25 364 12 24 364 51 11 364 69 26 364 95 16 365 2 0 365 61 11 365 65 7 365 84 25 366 41 3 366 47 24 366 52 8 366 67 7 367 28 20 367 32 31 367 82 17 367 84 12 367 91 31 368 60 16 368 79 18 368 96 6 369 47 27 370 3 16 370 30 9 370 79 23 370 97 14 371 1 5 371 35 15 371 49 10 371 94 12 372 29 16 372 33 5 372 34 2 372 41 24 372 50 28 372 60 0 372 65 13 373 9 13 373 62 7 373 65 18 374 53 9 375 15 22 375 15 30 375 47 23 375 50 8 375 100 6 376 35 11 377 27 13 377 55 4 377 88 7 377 95 3 378 62 25 378 96 4 379 10 20 379 32 7 379 55 23 379 94 15 380 10 26 380 13 31 380 82 12 381 25 23 381 59 5 381 72 11 382 26 0 382 37 10 382 39 28 382 51 14 382 64 14 382 78 18 382 95 12 384 13 13 384 24 14 384 83 21 384 95 0 385 52 30 385 79 29 386 23 5 386 78 16 387 18 28 387 31 2 387 38 29 387 51 11 387 83 10 388 12 18 388 19 12 388 49 22 388 89 23 389 66 2 389 71 28 389 95 13 390 50 25 390 60 2 391 32 10 391 47 25 391 68 4 392 0 13 392 22 19 392 69 15 393 3 18 393 7 26 393 15 17 393 98 16 394 29 1 394 34 21 394 59 17 394 65 23 395 38 26 395 63 22 395 80 23 395 100 29 396 8 11 396 20 13 396 35 24 396 45 22 396 72 26 397 5 27 397 16 22 397 42 16 398 17 25 398 61 3 399 30 27 399 88 10 399 97 28 400 19 4 400 74 27 400 78 29 400 86 28 400 95 24 401 10 21 401 19 7 401 38 4 401 39 14 401 59 28 401 60 3 401 92 24 402 22 25 402 80 19 402 83 21 403 11 19 403 38 7 403 42 8 404 6 13 404 8 11 404 53 10 404 90 4 406 6 21 406 18 21 406 19 18 406 67 0 406 83 29 407 7 20 407 28 30 407 47 13 407 58 27 407 83 2 408 17 14 408 26 23 408 84 1 408 97 16 409 14 27 409 45 29 410 63 12 410 70 3 411 38 4 411 39 2 411 59 8 411 83 13 412 9 12 412 18 8 412 82 28 413 11 11 413 45 19 413 49 25 413 97 6 416 58 3 416 72 13 416 86 31 417 6 17 417 51 24 417 78 17 417 94 22 418 5 22 418 54 6 418 58 26 418 90 31 419 0 14 419 4 16 419 85 28 420 6 9 420 46 30 421 30 20 421 68 31 421 90 0 422 20 21 424 8 10 424 54 0 424 79 10 425 47 28 425 67 27 425 68 9 425 74 0 425 75 16 426 39 15 426 63 11 426 84 10 427 16 2 427 19 5 428 5 26 428 100 25 429 47 10 429 61 28 429 66 28 429 76 5 431 21 23 431 78 15 431 91 7 432 45 22 432 89 29 433 59 24 433 67 21 433 81 3 433 90 18 434 31 13 434 44 13 434 49 21 434 55 18 434 98 17 435 31 1 435 60 10 435 78 21 436 4 5 436 5 21 436 28 2 436 50 30 437 27 20 438 17 30 438 48 4 438 49 27 439 0 1 439 26 18 440 30 30 440 43 9 440 72 17 440 95 23 441 45 4 441 52 20 441 56 16 441 58 6 441 97 20 442 25 25 443 18 5 443 40 28 444 34 29 444 88 19 444 95 18 445 32 0 445 32 23 445 80 30 446 61 29 446 95 12 446 98 14 447 56 30 447 63 15 447 76 10 448 20 27 448 45 0 448 64 27 448 87 6 449 9 25 449 29 12 451 24 16 451 33 24 451 59 30 452 27 25 452 58 26 453 39 21 453 100 31 454 77 16 454 96 3 455 25 30 455 53 17 456 39 13 456 68 12 457 46 21 457 55 10 458 25 11 458 53 13 458 64 7 458 78 8 458 85 1 460 20 1 460 42 26 460 61 4 461 37 23 462 17 27 462 70 24 463 90 14 463 94 15 464 59 4 464 66 19 464 90 5 465 17 10 465 41 28 465 72 5 466 3 14 466 3 29 466 7 6 466 24 31 466 55 26 466 56 11 466 84 2 467 1 23 467 5 15 467 15 3 467 52 25 467 84 24 468 24 14 468 35 4 468 43 0 468 89 13 469 9 0 469 37 23 469 92 15 470 73 30 470 75 11 471 5 25 471 58 31 471 77 13 472 25 11 472 37 25 472 41 22 472 76 8 474 6 6 474 99 29 475 27 27 475 86 13 475 90 20 476 1 3 476 16 16 476 52 16 476 59 3 477 86 20 477 99 3 478 5 28 478 58 22 478 81 0 479 37 17 479 57 1 479 68 30 479 69 18 479 98 1 480 95 17 481 8 27 481 13 27 481 19 2 481 59 20 482 35 2 482 57 24 482 80 12 483 49 24 483 57 30 483 74 24 483 78 0 483 86 28 484 51 25 485 31 2 485 31 5 485 95 8 486 20 6 487 14 11 487 87 8 488 9 19 488 9 26 488 60 12 488 72 3 488 74 11 489 41 14 489 80 19 489 97 31 490 9 24 490 11 6 490 30 5 490 40 1 490 83 1 491 29 15 491 31 13 491 40 23 491 52 25 492 21 10 492 80 15 493 5 19 493 80 27 494 4 7 494 6 12 494 49 16 494 60 19 495 13 9 495 36 8 495 66 25 496 10 13 496 40 17 496 68 12 496 83 17 497 3 27 497 7 14 497 59 2 497 61 1 497 87 2 497 88 27 497 99 27 498 5 2 498 23 13 498 30 10 499 21 26 499 62 14 499 66 15 499 69 11 500 22 25 500 29 8 500 29 20 500 46 4 500 60 26 500 83 31 500 88 3 501 11 30 503 38 29 503 42 21 503 45 23 503 78 25 503 99 10 503 99 28 504 37 27 504 52 9 504 66 10 504 74 31 504 92 24 505 0 27 505 56 26 505 57 7 505 58 8 505 76 0 505 76 5 505 98 22 506 6 29 506 23 23 506 29 24 506 50 9 507 33 8 507 34 8 507 56 18 507 82 12 507 86 1 508 5 8 508 22 1 508 54 10 509 10 30 509 12 11 509 43 11 509 70 30 509 88 1 510 74 4 511 97 18 512 40 11 512 47 18 512 67 13 512 96 17 512 99 0 513 96 26 514 36 2 514 53 8 514 84 31 514 86 30 514 98 18 515 6 28 515 16 11 515 87 7 515 92 8 516 14 8 516 41 24 516 73 30 516 74 14 516 78 12 516 99 31 517 14 28 517 87 27 517 93 23 518 2 0 519 83 30 519 93 31 519 99 13 520 4 4 520 16 29 520 70 31 521 16 17 521 52 14 521 88 17 521 94 22 522 59 27 522 64 13 522 97 4 523 20 4 524 57 15 524 78 2 524 89 9 525 4 23 525 16 9 525 41 12 525 68 11 525 74 15 525 89 5 526 5 11 526 19 14 526 22 28 526 48 20 526 57 10 526 61 21 526 90 28 527 8 7 527 60 13 527 99 3 528 0 4 528 30 24 528 51 30 528 53 2 528 77 30 529 38 23 530 11 7 530 98 4 531 0 26 531 4 18 531 32 2 531 66 23 531 90 18 531 91 8 532 17 15 532 21 17 532 24 16 532 43 5 532 53 25 533 58 25 533 65 6 533 68 9 533 95 16 534 6 2 534 13 6 534 13 12 534 72 8 534 90 25 535 24 10 535 25 1 535 32 11 535 64 14 535 100 29 536 26 9 536 30 23 536 68 4 536 70 28 536 73 29 536 97 0 536 98 7 536 99 0 537 26 19 537 67 4 538 20 18 538 36 9 538 40 26 539 15 0 539 20 1 539 30 27 539 83 10 541 10 18 541 33 11 541 76 16 542 82 1 542 99 10 543 66 27 544 17 21 544 45 24 544 54 28 544 80 8 545 1 27 545 14 11 545 79 7 545 85 16 546 7 2 546 21 5 546 93 16 547 24 7 547 50 9 547 62 24 547 73 16 547 94 5 548 42 25 548 43 24 548 44 20 548 96 29 549 19 21 549 78 29 550 23 23 550 32 17 550 38 1 550 52 0 551 49 14 551 51 31 551 60 12 551 71 6 552 1 31 552 68 17 552 100 11 553 15 22 554 30 15 554 42 26 554 62 16 554 67 18 554 78 23 555 7 7 555 88 12 555 97 26 556 6 29 556 8 19 557 10 19 557 31 17 557 38 4 557 40 30 557 97 13 558 49 15 558 51 1 559 54 4 560 22 13 560 91 14 560 98 21 560 99 25 561 6 26 561 22 26 561 28 30 561 36 2 562 41 10 562 44 17 562 100 11 563 10 26 563 71 14 564 31 6 564 79 6 564 100 15 565 8 6 565 17 26 565 64 5 566 92 27 567 47 28 567 75 24 567 87 7 568 14 14 569 26 21 569 33 30 569 54 28 569 96 12 570 13 20 570 73 1 571 12 1 571 20 9 572 84 0 573 1 12 573 5 6 573 28 9 573 67 11 573 69 28 573 84 28 573 87 16 574 92 0 575 9 25 575 28 3 575 81 28 576 5 26 577 13 3 577 19 30 577 32 28 578 1 14 578 8 15 578 30 29 578 71 15 578 76 7 578 80 8 578 100 28 579 77 7 580 20 16 580 33 24 580 51 20 580 74 30 581 3 19 581 92 8 582 71 1 582 100 3 583 24 22 583 27 29 583 59 23 583 76 13 584 4 6 584 8 17 584 66 25 584 88 14 584 95 10 585 13 6 585 20 17 585 31 4 585 36 23 585 62 29 585 79 5 585 84 1 586 9 11 586 10 24 586 44 25 587 36 6 588 26 19 588 27 0 588 27 11 588 52 25 588 61 10 588 67 31 589 37 28 589 85 9 591 3 6 591 84 18 592 13 26 592 16 22 592 48 6 593 10 0 593 47 16 593 59 13 593 71 19 593 82 19 593 96 20 594 4 9 594 16 9 594 17 11 594 75 21 595 22 20 595 26 17 595 37 31 595 44 17 595 54 8 595 67 14 596 5 6 596 53 20 597 42 22 598 10 20 598 11 29 598 22 9 598 37 21 598 90 23 598 93 11 599 9 26 599 40 29 599 56 24 599 76 17 599 84 9 600 85 7 601 29 3 601 29 25 601 43 7 602 21 4 602 76 3 603 24 8 603 45 7 604 7 4 604 34 20 604 55 14 604 87 14 605 61 9 605 80 8 606 28 22 606 71 10 606 72 9 607 42 10 608 20 17 608 48 13 608 57 12 608 65 10 608 95 13 609 19 0 609 20 9 609 32 27 609 59 7 610 14 30 610 78 25 611 29 28 611 43 2 611 45 9 611 47 13 611 73 31 611 87 21 612 2 23 612 42 12 612 66 6 613 7 21 614 34 15 615 12 26 615 43 15 615 73 21 615 81 21 616 27 7 616 60 6 617 1 28 617 67 26 617 78 8 617 96 30 618 17 23 618 21 15 618 37 4 618 46 10 618 67 19 618 69 28 618 100 11 619 33 17 620 19 17 620 23 9 620 51 12 621 32 17 621 56 13 621 67 1 621 78 21 621 83 29 622 36 14 622 71 9 623 19 13 623 83 25 624 32 21 624 35 17 624 88 14 624 97 2 625 9 12 625 88 13 626 18 17 626 19 3 626 60 28 627 87 24 628 51 26 628 62 20 629 21 15 629 60 16 629 94 2 630 7 28 630 13 24 630 16 10 630 24 24 631 64 5 631 71 9 632 10 23 632 49 10 632 51 27 633 94 11 633 98 20 634 95 3 634 97 13 635 23 18 635 52 14 635 69 29 635 78 1 635 93 11 636 20 5 636 44 18 636 80 17 636 96 24 637 39 22 637 70 6 637 78 19 638 10 26 638 22 6 638 65 28 639 9 19 639 57 23 641 15 0 641 21 21 641 22 4 641 33 21 641 48 0 641 82 16 641 87 9 642 19 21 642 88 24 642 93 11 643 43 26 643 88 15 644 15 22 644 34 10 644 55 6 645 34 1 645 47 13 646 11 20 646 43 4 647 14 17 647 97 20 648 14 27 648 16 3 648 60 19 648 68 22 648 83 27 648 98 7 649 12 25 649 57 29 649 79 0 649 89 30 650 2 0 650 3 16 650 7 18 650 31 31 650 78 1 650 84 21 650 100 28 651 18 24 651 29 30 651 49 21 651 86 21 652 52 6 652 70 7 653 7 3 653 19 13 653 21 4 653 22 11 653 46 10 654 46 20 654 48 11 654 55 31 654 94 17 655 43 26 655 49 1 655 78 17 655 88 6 656 17 5 656 18 16 657 15 21 657 20 10 658 2 14 658 3 11 658 6 10 658 69 26 660 63 19 661 30 8 661 47 23 661 54 3 662 10 8 662 59 25 662 86 3 662 99 19 663 29 13 664 14 19 664 49 1 664 54 25 664 72 24 665 13 10 665 77 15 665 82 13 666 65 1 667 30 14 667 37 4 667 65 13 668 80 20 669 5 26 669 7 24 669 65 1 670 62 29 670 70 0 671 14 28 671 38 22 671 50 2 671 77 11 673 6 5 673 35 11 673 95 27 673 99 20 674 4 19 674 26 20 674 49 14 674 90 19 674 94 26 675 2 12 675 63 17 675 74 6 676 9 12 676 29 25 676 54 21 676 71 2 676 78 24 677 16 6 677 47 20 677 58 27 677 59 0 677 59 6 678 10 25 679 28 22 679 35 6 679 67 17 679 73 14 679 92 1 680 23 0 680 36 26 681 11 30 681 15 17 681 17 17 682 91 13 682 94 29 683 33 28 683 46 4 683 50 4 683 83 5 683 94 24 684 10 6 684 43 31 684 57 15 685 16 10 685 33 25 685 35 14 685 42 26 685 49 25 685 54 13 685 62 24 685 81 30 686 6 27 686 89 28 687 38 22 687 82 26 687 87 20 687 95 8 687 99 29 688 98 3 689 23 23 689 31 2 689 34 25 689 52 13 689 84 17 690 74 15 691 39 28 691 50 2 691 62 26 691 84 10 691 89 2 692 15 14 692 35 16 692 63 17 692 72 9 693 21 13 693 39 29 693 40 4 693 62 5 693 75 31 693 90 24 694 92 3 695 1 1 695 51 30 696 15 30 696 52 28 696 94 5 697 20 25 697 87 22 697 91 6 697 98 8 698 12 11 698 16 23 698 60 13 698 76 3 698 77 28 698 82 3 699 59 21 700 24 0 700 28 8 701 1 2 701 77 3 702 4 24 702 18 14 702 20 21 702 33 15 702 42 8 702 49 2 702 80 4 702 81 4 703 11 22 703 12 2 703 35 0 703 45 6 703 49 25 703 67 1 703 67 9 703 90 27 703 92 6 703 97 24 704 85 7 704 91 5 705 22 13 705 23 0 705 29 5 705 67 29 705 89 4 706 18 14 706 49 20 706 51 19 706 74 4 707 18 15 707 77 24 708 46 3 709 35 26 709 59 12 709 67 18 709 90 10 710 23 17 710 25 12 710 28 15 710 76 17 711 11 20 711 13 3 711 16 7 711 96 9 712 26 12 712 45 15 712 79 13 713 3 19 713 15 26 713 16 22 714 64 19 714 88 8 715 8 21 715 44 11 715 57 6 715 93 14 716 24 3 716 30 2 716 30 16 716 62 13 716 83 4 716 91 3 716 95 28 716 100 7 717 3 12 717 7 2 717 22 9 717 47 30 717 67 21 717 71 15 717 88 31 717 97 22 719 7 26 719 22 10 719 32 9 719 62 29 719 73 19 720 27 7 720 34 1 720 72 0 721 25 11 721 25 26 721 98 22 722 6 10 722 16 10 722 20 14 722 24 26 722 95 3 722 95 23 723 7 12 723 45 3 724 33 27 724 35 26 724 85 20 724 90 16 724 95 10 725 4 10 725 25 18 725 44 14 725 60 23 725 73 23 727 49 3 728 24 11 728 42 14 729 57 12 729 81 8 729 90 29 729 93 9 729 95 24 730 5 19 730 36 30 730 36 31 730 46 4 730 51 22 730 70 5 730 99 30 731 5 29 732 61 20 732 84 18 732 96 0 733 18 5 734 30 13 734 71 24 735 21 29 735 22 19 735 26 30 735 45 7 736 4 0 736 37 23 737 17 3 737 22 14 737 27 3 737 37 11 737 39 23 737 43 23 737 51 21 737 79 20 738 2 12 738 2 25 738 30 27 738 34 11 738 95 6 739 35 28 739 46 16 739 63 22 739 67 18 739 81 6 739 93 7 740 9 25 740 68 4 740 92 7 741 11 8 741 68 2 742 47 0 742 52 21 742 63 11 742 81 3 744 26 7 744 32 31 744 85 16 745 6 24 745 42 13 745 47 31 746 18 24 746 28 27 746 46 17 746 96 17 747 6 14 747 38 31 747 95 12 748 9 2 748 27 14 748 46 10 748 89 31 748 94 0 749 0 28 749 5 5 749 30 0 749 85 19 750 16 4 750 23 9 750 33 7 751 49 2 751 72 17 752 10 8 753 63 15 753 75 29 754 20 11 754 32 18 754 39 11 754 41 22 754 53 20 755 16 3 755 71 28 755 74 26 755 79 1 756 7 26 756 18 20 756 32 23 756 67 24 757 2 0 757 6 14 757 47 5 757 64 30 759 39 7 759 91 19 760 7 27 760 28 31 761 74 29 762 37 6 762 75 29 762 76 27 762 86 31 762 91 5 763 66 19 763 96 30 764 31 16 764 40 8 764 50 30 764 57 25 765 6 4 765 12 11 765 37 24 765 49 15 765 58 28 765 88 11 765 93 18 766 37 23 766 86 22 767 18 24 767 47 29 767 60 6 768 39 9 768 44 29 768 66 22 768 98 0 769 68 20 769 75 4 770 6 0 770 21 21 770 43 22 770 56 15 771 4 6 771 4 19 771 86 23 772 28 14 772 32 10 772 67 13 772 68 2 773 28 5 774 18 30 774 29 16 774 77 31 774 89 27 774 91 17 775 60 9 775 76 17 775 81 21 776 40 8 777 23 29 777 25 5 777 37 0 777 51 17 777 55 1 777 77 29 778 57 8 778 67 8 779 29 8 779 40 6 779 61 7 779 71 7 779 72 12 781 43 13 781 53 0 781 83 8 782 94 9 783 1 10 783 4 22 783 41 2 783 55 15 783 85 26 785 17 0 785 80 5 785 83 28 785 87 24 786 6 28 786 28 2 787 1 27 787 11 6 787 30 1 787 35 11 788 91 16 789 12 12 789 25 6 790 17 29 790 26 1 790 59 13 791 38 23 791 62 10 792 22 31 792 70 18 792 96 12 793 22 11 794 25 31 794 29 22 794 69 25 794 93 22 795 51 20 796 19 4 796 35 12 796 42 24 796 56 21 797 99 21 798 48 29 798 99 23 799 87 10 800 33 11 801 14 11 801 36 15 802 37 7 802 95 8 803 26 24 803 42 30 803 46 14 804 64 28 804 70 22 804 82 17 804 84 16 805 26 30 805 35 31 805 82 9 806 56 24 806 57 2 806 80 18 806 81 5 806 90 2 806 92 1 806 92 14 806 95 23 807 0 24 807 36 11 807 64 12 809 77 16 809 85 17 810 27 7 810 35 9 810 58 27 810 77 2 811 62 1 811 86 19 812 0 0 812 36 0 812 39 16 813 13 10 813 55 23 813 61 2 814 32 7 814 55 0 814 77 27 814 77 31 814 87 13 815 34 20 815 57 5 816 15 5 816 26 24 816 28 20 816 78 2 816 96 20 817 20 4 817 56 9 819 28 1 819 89 3 820 70 5 821 10 17 821 47 0 821 57 11 821 60 17 821 77 12 821 78 25 822 55 9 823 16 6 823 33 11 823 57 11 823 95 10 823 97 18 824 12 2 824 33 0 824 59 27 824 60 0 825 100 1 826 3 0 826 39 28 826 41 23 828 8 17 829 42 7 829 44 0 829 74 29 829 100 1 830 83 20 831 27 15 831 41 21 831 42 6 831 52 7 831 61 15 831 62 11 831 80 17 832 36 9 832 37 19 833 13 25 834 19 29 834 74 28 834 96 24 835 0 5 835 28 4 835 53 2 835 90 11 836 31 30 836 35 8 837 21 26 837 28 20 837 36 1 837 48 30 837 69 1 837 72 4 837 73 24 838 59 29 839 19 19 839 57 13 839 67 8 839 93 19 840 33 25 840 43 23 840 44 4 840 71 17 840 88 17 841 8 28 841 17 27 841 27 23 841 50 15 841 61 10 842 60 6 842 74 4 842 74 20 842 77 2 843 22 10 843 52 25 843 56 1 843 65 6 844 35 19 845 2 12 845 11 5 845 84 1 845 95 21 846 7 5 846 15 11 846 51 30 846 58 23 847 2 1 847 37 0 847 43 25 847 47 2 847 59 12 847 64 20 847 75 22 847 91 31 847 92 21 848 2 11 848 20 26 848 48 25 848 50 13 848 56 2 848 73 14 849 24 9 849 81 29 849 84 16 850 10 26 850 82 31 850 95 28 851 48 15 851 80 4 852 40 8 852 72 5 853 35 11 853 45 15 854 9 26 854 15 4 854 32 29 855 9 1 855 92 29 855 97 19 856 7 29 856 20 23 856 42 29 856 47 8 856 82 21 856 86 1 856 100 29 857 23 9 857 98 21 858 61 3 858 61 13 858 70 8 859 18 23 859 22 25 859 31 1 859 31 10 859 69 15 859 70 20 860 24 7 860 30 14 860 31 26 860 46 9 861 14 31 862 29 17 862 45 31 862 76 18 863 37 11 863 74 20 864 22 23 864 40 15 864 45 18 864 56 14 864 68 4 864 92 27 864 98 17 865 62 5 866 40 20 867 71 12 867 71 14 867 97 2 868 38 19 869 25 21 869 36 13 869 44 30 869 59 27 869 79 20 870 35 18 870 47 10 870 72 31 871 5 20 871 13 20 871 43 12 871 48 25 871 84 3 872 20 12 872 69 17 872 73 22 873 2 11 873 42 22 873 75 16 874 64 17 874 83 15 874 90 10 875 19 13 875 43 21 875 67 29 876 9 2 876 14 8 876 69 1 876 78 18 876 96 0 877 53 5 878 46 31 878 62 15 878 87 2 879 18 23 880 19 12 880 38 9 880 45 18 880 53 11 880 57 31 880 66 30 881 3 15 881 51 26 882 20 9 882 37 31 882 65 27 882 68 13 882 84 13 882 98 20 883 9 28 883 54 3 883 88 25 884 27 21 884 85 9 884 100 31 886 6 31 886 62 13 887 11 4 887 37 12 888 8 7 888 74 17 888 94 29 889 18 22 889 43 16 889 67 18 889 75 20 890 3 18 890 46 30 890 64 29 891 15 6 891 44 13 891 44 28 892 9 23 892 11 6 892 13 30 892 17 7 892 33 6 892 90 18 893 46 12 895 12 22 895 41 1 895 45 6 895 93 6 896 10 27 896 29 3 896 49 27 896 86 3 896 93 10 897 29 19 897 43 30 897 56 21 897 84 11 898 0 5 898 12 9 898 66 0 898 83 16 899 31 18 899 97 9 900 55 26 900 61 11 900 70 31 900 94 29 900 99 27 901 63 29 901 65 11 902 24 15 902 40 12 902 42 0 903 17 27 903 29 11 903 62 12 903 71 11 904 1 7 904 17 22 904 87 24 905 9 0 905 71 1 905 85 19 906 43 1 906 49 15 906 67 23 906 68 16 906 90 3 907 33 29 907 46 26 907 56 2 907 88 6 908 2 20 908 14 16 908 54 28 908 55 8 908 67 22 908 82 16 909 35 0 910 5 0 910 12 9 910 19 4 910 23 20 910 85 29 911 37 14 911 56 2 911 64 23 911 74 5 912 2 10 912 63 24 912 85 17 912 96 15 913 8 11 913 69 4 913 78 13 913 87 28 914 2 3 914 10 8 914 14 30 914 45 16 914 46 30 915 4 18 915 29 28 915 51 13 915 55 15 915 58 13 916 29 9 916 34 28 916 50 7 916 75 29 916 76 18 917 18 8 917 20 25 917 51 29 917 85 24 917 88 19 918 73 13 919 34 22 919 43 20 919 71 27 920 13 17 921 1 1 921 22 3 921 23 18 921 34 16 921 47 27 921 68 22 921 89 20 922 14 22 922 21 12 923 23 0 923 59 25 923 66 24 923 68 19 923 94 2 924 19 5 924 34 8 924 43 6 924 71 27 924 82 5 925 22 20 925 25 10 925 84 8 925 98 31 926 32 12 926 51 23 926 73 8 926 92 27 927 58 29 927 83 1 927 90 28 928 12 14 928 18 1 928 36 16 928 48 22 928 58 28 929 71 18 929 97 6 930 17 10 930 21 1 930 23 24 930 71 25 930 80 30 930 88 9 930 89 14 931 30 28 931 51 22 931 59 12 931 90 7 931 93 25 932 43 5 932 58 31 932 99 22 933 69 0 933 94 30 935 7 6 935 20 23 935 28 1 935 90 13 936 35 29 936 38 20 936 77 29 937 15 9 937 16 17 937 27 18 937 45 18 937 77 10 938 10 18 938 32 9 938 63 31 939 16 2 939 37 26 939 75 23 939 78 10 940 12 22 940 19 15 940 36 22 940 38 27 940 51 16 940 87 10 940 87 18 941 4 30 941 21 3 942 27 4 943 0 11 943 7 16 943 78 7 944 12 17 945 16 4 945 19 19 945 34 1 945 39 12 945 55 31 945 61 29 945 67 2 946 6 25 946 32 22 946 35 23 946 39 8 946 62 20 946 82 26 947 15 14 947 40 28 947 74 24 948 40 14 948 49 21 948 51 31 948 73 15 949 15 18 949 31 4 949 64 24 949 85 9 950 35 12 950 53 30 950 97 13 951 65 10 951 84 15 952 7 26 952 9 5 952 38 10 952 48 1 952 67 30 952 71 23 952 73 20 952 77 28 952 88 10 953 33 4 953 47 5 953 50 31 953 84 6 954 37 25 954 60 8 954 98 11 955 8 18 956 33 29 956 35 9 956 59 17 956 65 29 957 52 11 957 57 23 958 2 5 958 4 7 958 28 3 958 70 8 958 97 14 959 77 25 960 27 17 960 32 21 960 80 30 961 14 29 961 60 29 961 67 13 961 95 14 962 78 4 962 99 18 963 6 7 963 37 23 963 77 24 964 38 9 964 41 29 964 66 20 964 82 2 965 7 9 965 11 15 965 37 14 965 52 10 965 72 31 966 3 22 966 27 11 967 58 19 967 96 20 967 98 19
