0 6 1e-06 320 92 3 331 3 30 1038 60 25 1982 30 21 2004 50 18 2383 14 30
1 6 1e-06 127 54 23 358 38 27 849 29 7 1011 94 11 2218 77 10 2637 1 21
2 6 1e-06 208 33 24 323 24 15 1890 75 31 1900 45 13 2300 59 21 2675 97 11
3 6 1e-06 354 15 13 786 37 14 1830 5 5 2043 97 20 2521 9 18 2736 20 28
4 6 1e-06 339 10 23 604 100 25 931 6 30 2123 26 21 2496 67 23 2765 43 12
5 6 1e-06 551 40 23 745 23 31 960 61 29 1831 98 6 2137 82 20 2365 65 3
6 6 1e-06 1903 0 31 2421 20 12 2464 64 0 2662 32 2 2739 4 29 2741 67 21
7 6 1e-06 333 59 25 467 93 30 668 100 23 1008 30 1 1912 2 7 2434 100 23
8 6 1e-06 527 54 27 755 94 30 1985 33 5 2235 43 4 2637 23 10 2744 57 15
9 6 1e-06 321 28 4 1986 14 16 2393 6 16 2519 15 29 2556 64 6 2712 76 9
10 6 1e-06 100 21 14 232 92 11 608 55 25 976 25 20 2167 51 2 2347 61 2
11 6 1e-06 357 93 30 538 42 19 659 44 5 904 38 14 2574 55 11 2723 9 12
12 6 1e-06 220 40 2 463 49 16 1931 37 2 2143 63 18 2500 13 0 2585 17 7
13 6 1e-06 136 3 9 409 95 26 460 69 17 492 40 9 2023 83 14 2768 19 18
14 6 1e-06 728 33 12 741 37 4 927 73 19 979 81 13 2247 46 24 2594 27 28
15 6 1e-06 104 68 3 728 93 12 2050 69 2 2190 9 6 2284 8 31 2565 58 10
16 6 1e-06 79 77 11 245 90 10 381 42 9 665 97 24 962 1 0 2769 10 2
17 6 1e-06 137 93 1 177 84 18 1034 59 8 2177 86 5 2426 84 20 2498 40 29
18 6 1e-06 111 1 16 213 68 2 442 71 11 669 66 27 1978 14 2 2477 64 30
19 6 1e-06 244 77 3 406 29 3 670 34 29 686 44 17 2339 82 4 2645 84 12
20 6 1e-06 87 16 21 114 70 25 119 60 15 974 77 1 1037 91 7 2464 55 3
21 6 1e-06 318 26 23 450 79 5 899 10 7 2088 60 26 2271 18 12 2746 97 17
22 6 1e-06 191 88 20 345 49 19 1998 49 6 2519 7 24 2574 18 28 2627 38 15
23 6 1e-06 124 16 13 440 17 2 879 91 13 1862 20 13 2272 59 11 2398 75 2
24 6 1e-06 106 78 7 251 86 18 639 20 5 769 58 2 2158 17 29 2190 0 7
25 6 1e-06 627 4 26 1026 80 7 2108 95 26 2247 69 16 2491 25 18 2659 58 4
26 6 1e-06 492 52 20 545 30 30 571 76 26 682 19 18 995 55 5 2672 9 22
27 6 1e-06 731 57 13 784 18 19 854 47 7 1813 83 26 2661 79 17 2733 100 2
28 6 1e-06 680 52 25 916 9 31 2285 24 11 2338 29 15 2651 88 28 2774 27 14
29 6 1e-06 149 47 0 202 56 23 279 90 17 854 21 28 1869 7 3 2538 74 12
30 6 1e-06 399 12 10 546 50 22 656 85 2 2276 13 31 2476 35 29 2735 45 30
31 6 1e-06 229 33 9 632 85 27 1896 66 11 2120 62 8 2180 25 15 2613 7 10
32 6 1e-06 361 89 19 999 71 27 1937 56 18 2352 12 10 2541 62 13 2635 65 4
33 6 1e-06 350 5 5 413 9 16 929 91 1 1915 91 5 2052 18 31 2124 48 7
34 6 1e-06 395 90 24 1003 61 8 2166 84 20 2309 87 13 2362 24 31 2572 13 20
35 6 1e-06 140 55 18 208 53 29 387 68 15 767 82 31 1886 48 27 2078 69 24
36 6 1e-06 348 37 23 350 82 5 544 100 8 1894 36 29 2710 38 15 2773 68 26
37 6 1e-06 189 88 17 763 58 10 2065 8 19 2304 6 9 2525 6 18 2533 19 8
38 6 1e-06 72 96 6 381 27 17 488 19 6 726 72 0 1036 65 14 2071 100 18
39 6 1e-06 224 30 24 512 100 14 520 50 16 777 42 10 1849 35 1 2022 86 17
40 6 1e-06 84 54 19 146 81 9 295 10 2 1914 99 26 2075 15 4 2475 100 22
41 6 1e-06 383 72 25 558 89 22 700 82 7 1033 44 15 2073 19 20 2085 73 3
42 6 1e-06 249 91 6 324 96 17 338 71 2 505 28 11 682 24 30 753 60 19
43 6 1e-06 283 69 10 295 92 24 837 24 5 1942 54 2 2598 5 3 2606 87 23
44 6 1e-06 231 68 6 238 82 4 1927 6 27 2156 77 16 2603 14 7 2705 12 31
45 6 1e-06 201 23 5 848 88 0 852 37 11 2195 67 29 2440 44 0 2596 45 1
46 6 1e-06 350 65 17 1017 14 11 2163 1 11 2261 49 8 2401 19 16 2715 90 22
47 6 1e-06 167 49 11 741 86 24 972 13 7 2326 74 21 2392 43 19 2402 31 4
48 6 1e-06 1983 51 26 2021 42 6 2231 27 27 2312 16 20 2397 76 24 2447 95 15
49 6 1e-06 218 84 11 554 39 26 589 41 15 752 19 29 2123 55 3 2368 94 22
50 6 1e-06 77 100 23 140 99 5 338 97 16 645 18 10 827 80 9 1035 82 22
51 6 1e-06 625 35 16 1875 70 3 1949 86 16 2006 45 5 2012 80 11 2141 75 9
52 6 1e-06 137 43 4 536 28 31 644 62 3 763 64 25 2045 29 11 2377 39 3
53 6 1e-06 321 93 24 634 25 5 797 20 11 2262 36 8 2386 46 27 2638 98 19
54 6 1e-06 875 66 1 1869 97 9 1911 7 12 2059 3 19 2143 60 14 2180 96 26
55 6 1e-06 570 75 20 657 46 19 869 43 4 1843 58 14 2321 8 18 2736 8 11
56 6 1e-06 256 84 11 257 97 9 430 38 29 701 5 8 1903 8 7 2033 92 20
57 6 1e-06 127 56 31 371 92 2 1016 15 20 1951 70 12 2290 47 27 2387 37 30
58 6 1e-06 642 52 27 2073 16 27 2097 6 28 2357 46 29 2395 10 27 2585 89 9
59 6 1e-06 262 52 22 650 45 3 785 27 27 2088 46 19 2186 4 21 2302 70 0
60 6 1e-06 446 67 13 730 40 11 816 97 0 1034 20 5 2291 70 18 2522 66 27
61 6 1e-06 360 89 12 368 68 18 449 92 23 2176 63 3 2180 70 29 2536 82 26
62 6 1e-06 295 39 6 1923 38 17 2184 14 1 2199 67 12 2281 70 16 2355 78 8
63 6 1e-06 193 12 15 449 42 17 633 16 1 939 8 11 1935 37 29 2685 6 9
64 6 1e-06 482 76 6 570 17 28 1914 61 29 2205 94 17 2417 7 10 2487 23 26
65 6 1e-06 884 97 12 1032 45 7 1035 39 10 2097 51 4 2394 91 5 2546 26 23
66 6 1e-06 281 68 0 790 78 30 1816 24 20 1855 50 1 2458 75 15 2535 35 31
67 6 1e-06 88 15 6 248 10 14 952 67 28 2039 2 28 2288 86 23 2546 29 3
68 6 1e-06 338 77 5 572 95 12 808 64 20 901 33 8 2439 13 26 2489 53 11
69 6 1e-06 430 81 14 613 48 21 873 2 1 1862 71 19 2034 38 30 2317 55 2
70 6 1e-06 298 79 27 324 99 12 331 68 2 1038 86 16 1831 26 14 2487 44 17
71 6 1e-06 94 20 18 403 51 14 630 21 25 721 84 10 2509 3 21 2581 78 9
72 6 1e-06 202 81 14 314 87 10 962 16 19 2401 55 1 2665 23 7 2726 54 14
73 6 1e-06 372 97 22 900 35 7 1877 80 21 2235 5 19 2639 64 14 2758 44 12
74 6 1e-06 177 37 14 304 59 23 473 45 11 882 29 16 2368 34 29 2500 16 27
75 6 1e-06 328 12 21 629 49 17 651 58 12 1888 37 13 2222 60 10 2555 27 0
76 6 1e-06 228 45 5 253 65 28 566 50 10 2225 84 19 2323 44 28 2518 47 6
77 6 1e-06 857 7 1 916 45 28 962 20 24 1859 27 19 2051 41 12 2267 75 16
78 6 1e-06 226 9 7 379 99 18 479 53 12 2465 15 23 2589 96 21 2719 34 18
79 6 1e-06 210 24 31 773 46 29 1822 94 16 2291 75 29 2304 56 17 2420 92 6
80 6 1e-06 175 56 4 496 88 24 549 89 10 819 21 31 2331 45 23 2455 68 5
81 6 1e-06 128 54 14 2020 80 6 2128 29 0 2182 43 24 2271 25 7 2517 71 25
82 6 1e-06 159 14 20 185 98 0 947 13 2 2054 54 6 2533 71 25 2723 40 3
83 6 1e-06 423 100 12 739 34 18 778 85 8 1873 92 26 2557 96 9 2611 43 28
84 6 1e-06 647 72 9 859 20 21 2155 48 28 2284 40 5 2638 79 8 2638 97 26
85 6 1e-06 88 49 15 369 32 26 678 91 13 779 30 18 1953 58 29 2527 16 16
86 6 1e-06 184 13 21 239 31 21 537 6 18 1964 8 17 2124 25 13 2406 61 22
87 6 1e-06 299 25 30 486 83 7 939 38 0 944 73 21 2349 54 20 2612 22 26
88 6 1e-06 345 37 2 596 81 31 2192 24 6 2525 3 20 2587 22 18 2713 29 20
89 6 1e-06 153 18 9 175 92 10 702 64 20 794 67 18 1989 95 7 2143 71 20
90 6 1e-06 243 48 6 426 55 21 434 90 3 636 76 25 1888 68 1 2235 19 9
91 6 1e-06 225 87 22 689 36 25 701 16 31 1812 18 6 2178 92 1 2240 76 17
92 6 1e-06 393 55 21 552 83 29 941 25 28 2206 1 29 2696 90 9 2713 33 2
93 6 1e-06 381 20 30 500 62 10 568 93 8 1015 14 15 2207 56 22 2654 92 18
94 6 1e-06 189 88 16 397 87 21 714 69 9 1017 97 21 1903 3 31 1917 34 24
95 6 1e-06 318 22 9 844 38 26 957 95 21 1921 75 26 1990 18 2 2480 78 25
96 6 1e-06 134 68 7 435 54 18 829 56 23 997 45 6 1969 1 13 2349 31 25
97 6 1e-06 730 52 23 1844 44 31 1847 42 31 2001 17 2 2582 45 26 2604 90 7
98 6 1e-06 996 67 2 2388 20 22 2491 1 30 2652 67 27 2656 82 7 2667 73 1
99 6 1e-06 841 20 12 845 52 6 1854 6 25 1941 29 10 1965 11 22 1985 0 26
100 6 1e-06 109 65 15 152 50 10 197 75 31 548 29 26 2386 52 17 2501 12 17
101 6 1e-06 128 80 26 591 18 30 975 10 16 1846 16 7 2229 77 23 2350 5 17
102 6 1e-06 250 31 3 776 97 5 916 15 29 983 26 17 2114 91 24 2331 93 29
103 6 1e-06 93 94 25 387 28 30 1986 94 0 2074 11 18 2224 7 24 2744 12 14
104 6 1e-06 112 76 14 745 14 17 877 12 19 1866 96 5 2258 87 30 2516 23 2
105 6 1e-06 106 71 4 124 81 25 553 69 10 2361 92 26 2400 100 22 2735 5 17
106 6 1e-06 75 99 6 202 22 26 424 74 26 509 100 31 1986 31 20 1998 83 2
107 6 1e-06 137 22 3 319 32 20 718 58 29 724 70 13 797 50 24 2023 24 8
108 6 1e-06 463 13 5 779 96 4 1891 79 1 1931 50 23 2147 32 26 2558 38 26
109 6 1e-06 76 17 29 428 53 8 665 76 20 829 8 10 1959 6 23 2220 18 13
110 6 1e-06 686 17 7 690 5 18 817 0 27 821 99 30 2005 28 2 2469 0 19
111 6 1e-06 170 35 13 789 45 6 1912 97 11 2048 39 8 2311 78 8 2324 17 26
112 6 1e-06 758 78 30 2290 97 15 2311 69 0 2315 6 26 2500 60 8 2693 63 21
113 6 1e-06 89 6 29 331 32 1 488 33 18 703 55 9 927 80 5 2110 58 11
114 6 1e-06 532 24 19 609 56 6 2284 7 17 2561 68 7 2627 78 26 2665 24 5
115 6 1e-06 94 84 6 319 90 31 2263 96 12 2320 66 25 2430 51 1 2616 22 0
116 6 1e-06 102 42 24 456 46 30 869 88 9 2472 64 15 2500 47 17 2725 67 22
117 6 1e-06 198 72 14 354 63 9 920 86 30 1833 84 21 2133 4 18 2171 27 30
118 6 1e-06 208 69 16 310 87 31 447 9 18 2153 19 3 2184 86 17 2313 28 11
119 6 1e-06 166 34 6 513 38 26 767 57 5 782 30 11 2162 42 13 2238 32 16
120 6 1e-06 291 15 31 642 26 20 795 3 30 856 64 3 1976 77 5 2443 21 28
121 6 1e-06 73 53 6 132 42 30 550 71 21 603 93 5 1957 62 17 2285 98 29
122 6 1e-06 113 3 2 308 72 4 538 34 15 976 3 24 2409 50 7 2699 100 8
123 6 1e-06 484 33 31 664 55 31 2095 45 16 2108 82 20 2567 42 19 2725 61 6
124 6 1e-06 353 42 11 668 69 24 726 71 25 806 31 19 1972 94 5 2664 47 25
125 6 1e-06 120 85 30 273 75 27 825 24 12 2002 38 17 2061 81 31 2235 57 29
126 6 1e-06 320 62 18 428 8 0 505 60 19 615 58 29 1819 85 5 2600 74 6
127 6 1e-06 541 82 21 545 90 29 596 46 12 1895 18 31 2155 5 8 2549 30 11
128 6 1e-06 644 76 7 697 100 4 800 57 26 2223 61 5 2435 56 0 2452 9 1
129 6 1e-06 418 54 13 936 4 15 2028 30 25 2047 61 12 2256 32 18 2373 60 1
130 6 1e-06 146 96 11 262 24 24 421 91 8 2109 69 26 2208 42 21 2307 40 1
131 6 1e-06 141 72 12 485 86 13 887 48 0 2349 69 31 2575 19 25 2612 96 16
132 6 1e-06 330 1 30 513 93 3 2186 57 23 2508 51 8 2563 96 11 2733 86 16
133 6 1e-06 147 46 27 233 46 12 817 64 22 1955 87 4 2160 9 31 2285 22 8
134 6 1e-06 592 58 28 732 39 28 736 59 19 1006 60 14 1954 4 31 2760 60 13
135 6 1e-06 2212 57 3 2222 6 15 2388 80 6 2480 36 20 2572 27 31 2652 27 29
136 6 1e-06 793 11 19 816 95 7 822 14 13 946 4 30 2026 29 2 2634 35 2
137 6 1e-06 251 55 12 359 87 22 835 99 25 2117 24 16 2374 74 26 2389 26 16
138 6 1e-06 162 44 30 919 65 3 945 34 26 1839 44 7 1997 25 25 2405 91 31
139 6 1e-06 367 55 11 939 83 2 1972 4 24 2034 82 5 2245 14 31 2539 5 12
140 6 1e-06 365 38 18 496 9 30 710 35 24 1004 89 3 2058 1 13 2453 80 10
141 6 1e-06 432 70 18 593 35 18 1911 51 2 2422 72 13 2701 89 5 2724 100 22
142 6 1e-06 698 20 14 1010 73 16 1856 34 17 2083 84 0 2170 5 17 2515 40 16
143 6 1e-06 579 29 9 700 93 3 1832 5 28 2017 23 15 2097 39 11 2608 39 22
144 6 1e-06 515 7 25 792 69 13 969 91 12 1815 64 1 2564 55 18 2771 3 27
145 6 1e-06 275 45 12 572 57 19 965 51 13 992 5 8 2080 21 16 2721 93 3
146 6 1e-06 563 42 29 569 21 9 679 92 4 2547 7 26 2638 7 15 2686 73 11
147 6 1e-06 263 79 7 391 46 19 712 58 4 1991 49 8 2521 11 1 2738 28 28
148 6 1e-06 389 65 15 1937 35 14 2090 22 14 2325 20 22 2335 50 20 2662 89 19
149 6 1e-06 418 51 7 1939 67 26 2212 34 31 2230 57 3 2238 64 8 2402 50 11
150 6 1e-06 312 16 29 514 49 23 940 7 8 1919 84 10 2000 27 4 2068 35 10
151 6 1e-06 113 35 21 295 5 7 450 1 20 990 55 13 2149 72 7 2339 30 22
152 6 1e-06 583 17 27 692 76 6 2378 66 28 2423 57 27 2438 8 12 2593 17 21
153 6 1e-06 852 54 26 2270 30 3 2355 13 28 2578 69 16 2707 9 0 2749 53 16
154 6 1e-06 155 16 2 379 96 3 391 60 1 514 0 3 709 38 25 1901 43 8
155 6 1e-06 105 54 13 295 42 1 301 12 11 363 74 16 771 83 29 799 23 0
156 6 1e-06 107 77 29 703 10 18 771 5 13 778 62 0 2320 91 17 2646 85 18
157 6 1e-06 544 62 1 951 99 1 1025 94 18 2051 100 21 2272 26 21 2278 55 8
158 6 1e-06 710 84 7 813 47 8 877 28 12 904 100 10 1876 39 11 2400 67 31
159 6 1e-06 260 75 4 503 26 13 624 68 29 856 47 24 994 32 1 1034 36 5
160 6 1e-06 669 37 13 700 14 2 1836 78 12 1952 46 3 1953 21 2 2540 17 6
161 6 1e-06 704 81 3 716 24 16 801 86 18 955 79 16 2180 2 14 2449 37 0
162 6 1e-06 82 18 14 95 51 12 118 68 18 182 58 11 989 42 25 1924 69 10
163 6 1e-06 463 23 25 478 95 14 1842 91 8 2066 92 31 2249 34 0 2515 70 7
164 6 1e-06 226 9 5 392 11 17 494 4 28 2609 35 19 2621 12 4 2694 8 20
165 6 1e-06 475 37 26 541 68 3 1844 52 29 2158 55 23 2184 53 18 2728 24 28
166 6 1e-06 369 69 14 388 73 31 552 34 20 995 52 12 1984 97 8 2383 49 25
167 6 1e-06 113 95 5 160 26 20 629 33 19 646 71 1 2429 18 31 2739 15 15
168 6 1e-06 669 55 2 1855 53 13 1966 93 21 2362 65 25 2467 51 13 2592 28 9
169 6 1e-06 268 7 2 440 87 16 714 47 19 2493 48 22 2586 68 20 2738 25 4
170 6 1e-06 286 91 8 379 62 31 940 35 17 1029 56 28 1866 22 19 2601 5 5
171 6 1e-06 106 66 30 931 27 15 1989 29 16 2138 97 14 2181 33 3 2458 57 18
172 6 1e-06 152 24 0 2077 19 6 2457 68 20 2624 26 27 2640 97 7 2684 85 27
173 6 1e-06 408 8 26 1830 28 5 1935 53 26 1998 61 31 2137 32 28 2728 1 25
174 6 1e-06 343 57 10 709 1 17 837 45 20 2408 56 29 2500 21 20 2573 77 17
175 6 1e-06 402 58 31 648 60 23 693 12 16 916 95 11 992 18 14 2537 23 13
176 6 1e-06 241 93 8 934 99 1 2048 69 3 2217 18 28 2479 0 16 2686 87 8
177 6 1e-06 242 36 16 324 75 5 688 0 10 2040 18 13 2530 100 30 2719 17 13
178 6 1e-06 269 46 23 477 85 8 959 74 27 1907 86 25 2036 2 14 2688 28 9
179 6 1e-06 280 54 21 420 54 26 671 47 20 1887 7 21 2169 2 2 2699 78 29
180 6 1e-06 758 91 17 939 89 2 978 58 19 1001 85 1 2255 9 18 2369 73 27
181 6 1e-06 368 44 4 458 17 2 600 14 26 2039 3 11 2544 44 17 2552 68 31
182 6 1e-06 279 29 25 630 20 20 747 58 30 2152 21 27 2320 41 16 2422 47 24
183 6 1e-06 380 65 1 397 51 12 609 61 4 1013 48 26 2142 71 12 2651 55 9
184 6 1e-06 429 85 5 745 89 15 755 84 22 2155 89 5 2472 23 11 2633 85 25
185 6 1e-06 159 96 18 287 54 3 531 37 13 767 89 20 900 85 28 2560 10 23
186 6 1e-06 217 7 25 286 19 6 421 58 8 2276 99 10 2674 76 11 2755 60 9
187 6 1e-06 313 4 30 2199 46 23 2296 48 11 2492 9 13 2610 5 3 2697 17 7
188 6 1e-06 351 97 27 424 2 12 1910 17 15 2035 73 26 2623 46 13 2750 96 1
189 6 1e-06 677 29 30 838 43 8 2048 59 12 2068 85 21 2212 65 17 2484 41 18
190 6 1e-06 108 20 19 123 72 5 139 51 6 582 96 11 1809 77 0 2657 85 11
191 6 1e-06 388 91 25 583 72 4 825 50 28 1993 62 3 2290 87 19 2487 95 25
192 6 1e-06 205 19 21 2423 42 23 2423 92 30 2547 92 13 2661 100 13 2693 12 18
193 6 1e-06 221 81 16 1977 14 23 2071 96 9 2259 2 17 2260 84 1 2754 96 10
194 6 1e-06 191 85 13 229 66 1 622 53 26 1855 68 4 2083 89 10 2311 63 20
195 6 1e-06 407 65 31 463 74 31 970 41 24 2228 64 7 2369 9 4 2599 50 14
196 6 1e-06 85 45 12 156 5 3 559 31 7 929 72 27 1927 12 12 2665 6 9
197 6 1e-06 215 4 0 407 57 16 577 44 15 665 66 27 1853 81 10 2694 3 18
198 6 1e-06 395 84 31 637 76 3 741 23 30 2094 53 18 2208 42 17 2425 65 1
199 6 1e-06 394 13 31 930 21 19 1004 48 18 2014 83 13 2146 30 30 2672 11 3
200 6 1e-06 225 56 27 294 62 6 443 15 26 477 9 18 2579 50 0 2670 96 21
201 6 1e-06 219 12 31 387 12 0 464 26 31 499 4 1 2080 3 10 2689 2 28
202 6 1e-06 118 50 25 477 68 21 504 43 26 757 4 28 1000 41 3 2528 85 0
203 6 1e-06 397 59 26 681 26 8 776 45 13 1929 75 21 1979 38 31 2094 1 19
204 6 1e-06 255 28 25 402 70 20 581 31 30 854 36 17 948 92 23 2055 65 16
205 6 1e-06 873 59 14 944 65 20 1003 28 24 1969 23 20 2227 4 28 2526 43 17
206 6 1e-06 141 36 16 202 91 17 273 39 20 465 46 19 1994 70 23 2701 66 22
207 6 1e-06 775 92 26 915 69 22 2143 50 28 2161 19 29 2369 49 15 2727 98 25
208 6 1e-06 197 4 18 234 41 11 564 81 28 637 78 18 2167 67 20 2529 39 24
209 6 1e-06 337 13 28 1840 32 27 1939 78 21 2155 5 30 2386 51 26 2585 62 23
210 6 1e-06 291 41 8 450 44 29 610 60 10 687 82 6 813 57 1 1934 95 13
211 6 1e-06 106 72 7 616 75 26 1934 44 24 2071 73 26 2732 29 27 2737 48 8
212 6 1e-06 128 1 9 1976 96 15 2190 19 25 2202 41 14 2309 16 21 2441 39 0
213 6 1e-06 329 36 9 485 14 2 663 96 30 1007 46 7 2006 3 24 2100 75 24
214 6 1e-06 88 13 17 139 60 8 299 45 12 374 57 5 720 51 26 766 96 2
215 6 1e-06 647 35 11 2059 77 19 2093 85 19 2228 22 15 2296 26 4 2492 66 19
216 6 1e-06 75 47 20 412 94 12 629 62 25 880 7 8 2311 21 12 2557 65 16
217 6 1e-06 567 44 21 577 61 20 904 95 22 2005 82 2 2347 81 7 2464 70 2
218 6 1e-06 445 68 14 576 26 20 738 47 31 899 60 9 2197 78 18 2647 84 11
219 6 1e-06 285 44 24 317 32 17 669 66 24 1878 28 5 2384 23 7 2643 68 5
220 6 1e-06 230 24 12 743 70 2 1886 11 24 1889 55 23 2310 80 5 2320 15 18
221 6 1e-06 269 89 25 711 18 31 748 62 23 958 26 30 1003 31 2 2216 72 24
222 6 1e-06 152 78 12 290 21 21 618 51 27 861 18 26 2684 55 25 2702 3 8
223 6 1e-06 327 35 0 554 88 0 603 89 17 794 47 19 2479 92 30 2721 77 7
224 6 1e-06 494 24 9 1006 3 9 1965 76 12 2525 89 7 2531 48 11 2676 33 5
225 6 1e-06 602 9 29 664 43 29 1825 99 8 2187 53 28 2269 53 9 2672 7 15
226 6 1e-06 323 39 7 778 80 23 2083 37 9 2253 67 27 2456 76 11 2689 45 26
227 6 1e-06 485 62 16 719 88 9 808 22 30 1946 52 10 2209 32 4 2516 54 11
228 6 1e-06 169 10 30 211 21 7 285 10 15 463 34 24 708 41 4 1964 10 29
229 6 1e-06 597 39 28 946 75 8 2039 3 24 2065 47 28 2372 96 26 2772 98 20
230 6 1e-06 123 90 17 589 91 31 593 37 14 1944 6 0 2469 95 7 2480 75 10
231 6 1e-06 136 3 31 142 70 24 380 76 6 439 21 5 580 51 30 2693 51 14
232 6 1e-06 751 22 7 810 61 24 836 25 9 938 75 13 1030 12 11 2092 50 11
233 6 1e-06 636 6 27 831 40 31 1825 96 13 1962 2 27 2012 14 21 2488 59 8
234 6 1e-06 655 10 6 827 8 6 967 12 11 1811 45 18 2123 95 29 2404 34 5
235 6 1e-06 221 93 20 389 47 19 765 89 6 2024 86 3 2284 26 19 2609 88 26
236 6 1e-06 454 89 22 582 37 24 914 47 6 2116 74 12 2218 93 9 2605 64 10
237 6 1e-06 500 63 18 753 62 17 2320 84 25 2387 89 8 2437 46 16 2542 11 25
238 6 1e-06 548 24 2 917 44 31 2082 86 29 2426 90 23 2550 64 12 2553 22 14
239 6 1e-06 99 17 4 104 12 24 495 52 2 1882 83 4 2415 74 30 2658 6 2
240 6 1e-06 219 59 1 315 51 21 798 89 23 2020 34 4 2083 20 17 2143 7 13
241 6 1e-06 128 9 18 144 17 26 468 66 27 510 7 22 655 54 12 2247 32 30
242 6 1e-06 155 63 25 193 74 21 459 91 2 1879 61 6 2071 67 21 2328 33 6
243 6 1e-06 308 62 26 610 100 8 1943 46 14 1985 90 4 2101 45 20 2400 18 11
244 6 1e-06 1026 26 13 1933 72 22 2119 96 5 2285 64 17 2600 15 4 2720 8 6
245 6 1e-06 716 38 19 830 1 21 952 87 4 1967 35 18 2190 61 6 2487 26 11
246 6 1e-06 159 72 29 163 46 29 239 28 28 301 79 14 308 46 3 2443 66 18
247 6 1e-06 401 81 2 515 69 27 547 45 9 1836 5 19 2069 93 7 2224 93 24
248 6 1e-06 247 18 5 310 54 30 1963 20 22 1983 28 20 1985 54 3 2431 41 12
249 6 1e-06 195 61 31 225 51 21 256 18 27 444 22 16 824 92 11 2475 67 20
250 6 1e-06 200 44 24 224 55 2 442 8 19 510 81 7 882 74 7 1923 18 6
251 6 1e-06 273 84 4 826 83 11 924 54 1 2224 66 1 2292 58 27 2317 37 6
252 6 1e-06 523 64 26 571 95 17 617 79 1 988 19 9 2276 13 27 2505 21 12
253 6 1e-06 217 16 11 352 22 12 628 4 29 984 69 6 1927 31 17 2540 77 31
254 6 1e-06 941 2 6 1969 80 4 2071 7 3 2436 38 3 2621 63 31 2644 10 5
255 6 1e-06 180 73 13 833 15 23 1942 86 24 2060 66 13 2388 64 11 2487 75 27
256 6 1e-06 170 90 27 359 25 1 969 17 13 1889 67 30 1959 66 5 2543 45 15
257 6 1e-06 249 48 6 608 92 18 645 3 2 1882 78 21 1897 98 21 2766 8 20
258 6 1e-06 138 83 20 2004 34 15 2370 21 30 2601 91 31 2738 72 2 2759 27 3
259 6 1e-06 521 43 23 549 65 4 605 5 17 792 4 21 1956 74 26 2121 97 6
260 6 1e-06 1036 87 5 1834 20 24 1893 86 14 1905 95 25 2055 7 14 2358 65 25
261 6 1e-06 233 45 1 724 10 30 782 22 17 830 99 11 2082 9 26 2441 7 19
262 6 1e-06 422 49 23 484 82 6 948 66 30 2107 9 28 2360 38 8 2404 57 20
263 6 1e-06 314 2 18 1939 82 22 2136 97 11 2187 32 7 2290 38 11 2303 90 4
264 6 1e-06 192 8 4 334 53 11 646 96 24 1919 77 1 1996 10 23 2700 71 31
265 6 1e-06 230 14 5 437 1 20 516 12 9 939 6 24 2209 70 30 2381 19 22
266 6 1e-06 135 87 3 946 57 22 1942 33 14 2284 8 21 2603 59 28 2674 2 8
267 6 1e-06 266 31 20 411 8 26 502 19 13 517 35 1 1864 85 21 2020 91 10
268 6 1e-06 532 52 31 688 79 3 754 92 23 1965 22 26 1993 42 19 2564 63 4
269 6 1e-06 135 44 30 990 43 29 1854 86 29 1975 11 17 1998 8 25 2318 4 4
270 6 1e-06 249 34 19 362 4 16 591 99 7 843 74 8 1833 99 1 2172 94 8
271 6 1e-06 562 49 8 704 49 21 1915 74 22 2015 88 13 2147 67 8 2270 9 13
272 6 1e-06 262 39 18 674 60 28 769 63 4 874 25 3 2090 32 12 2139 66 10
273 6 1e-06 284 92 0 509 25 27 559 44 24 729 49 8 1840 71 18 1995 9 8
274 6 1e-06 381 22 9 818 78 24 1025 16 9 2034 10 20 2046 32 4 2172 67 4
275 6 1e-06 127 80 5 247 74 14 761 14 9 957 89 29 2410 42 28 2661 65 16
276 6 1e-06 299 3 12 916 89 8 965 6 22 2027 74 27 2154 8 0 2364 65 16
277 6 1e-06 83 82 27 246 18 3 834 24 12 1928 80 15 2135 11 28 2653 78 1
278 6 1e-06 359 14 18 795 60 14 2328 4 5 2386 36 30 2512 80 4 2658 26 17
279 6 1e-06 338 29 0 886 52 24 1861 24 20 1880 31 12 2368 98 6 2736 65 9
280 6 1e-06 156 65 7 648 31 27 859 100 17 975 10 1 2047 18 26 2503 96 24
281 6 1e-06 613 30 2 891 63 11 918 88 23 2253 30 21 2356 34 17 2364 43 31
282 6 1e-06 72 22 31 94 64 10 859 47 15 922 17 20 1936 89 25 2094 42 11
283 6 1e-06 298 14 24 494 0 30 933 33 13 2061 63 3 2677 16 0 2684 60 24
284 6 1e-06 191 38 27 200 66 20 593 7 9 665 20 3 1848 31 1 2103 12 21
285 6 1e-06 449 80 9 551 49 3 698 61 4 833 40 21 2002 97 15 2663 65 2
286 6 1e-06 562 75 19 996 93 31 1849 15 0 2036 57 25 2209 33 10 2312 74 24
287 6 1e-06 184 66 2 2151 15 23 2260 30 14 2517 5 29 2615 94 24 2708 19 8
288 6 1e-06 670 94 15 865 47 24 2156 77 8 2304 86 16 2490 15 4 2580 57 24
289 6 1e-06 361 23 28 900 72 25 2257 22 3 2558 52 14 2617 53 15 2750 88 12
290 6 1e-06 118 83 14 291 56 9 693 45 8 2067 94 6 2510 37 4 2713 82 4
291 6 1e-06 495 13 4 642 69 21 1981 0 24 2410 1 15 2537 37 4 2671 96 10
292 6 1e-06 140 62 5 163 32 8 700 49 20 944 67 28 2110 9 3 2767 87 22
293 6 1e-06 903 84 31 2138 33 15 2306 12 3 2442 63 19 2714 65 25 2772 65 0
294 6 1e-06 84 81 31 332 36 6 348 36 27 554 51 18 2236 4 9 2248 0 29
295 6 1e-06 119 17 7 901 57 31 908 92 26 2398 30 27 2668 42 30 2723 10 24
296 6 1e-06 197 86 0 557 94 31 652 63 22 2313 74 26 2586 82 1 2691 16 7
297 6 1e-06 239 42 23 419 64 9 593 83 9 708 37 4 1848 42 18 2532 83 19
298 6 1e-06 158 58 12 188 34 19 382 11 18 872 89 2 1906 47 22 2148 58 3
299 6 1e-06 117 70 18 118 35 2 237 86 11 401 8 6 1896 66 31 2743 91 24
300 19 3e-06 122 44 1 319 78 24 472 78 17 592 59 23 697 71 5 818 89 24 1857 56 30 1968 14 22 2030 7 20 2049 54 16 2159 80 16 2208 66 0 2275 3 21 2289 59 10 2298 21 27 2319 66 26 2405 23 7 2605 31 22 2615 40 20
301 19 3e-06 127 72 27 204 19 2 266 40 28 303 81 10 420 21 28 735 32 5 758 38 0 770 66 30 862 50 16 864 19 8 1867 88 31 1891 94 6 1925 70 31 2098 81 0 2128 65 21 2398 68 3 2449 44 31 2512 20 21 2582 54 21
302 19 3e-06 303 2 25 310 46 1 498 75 11 514 16 18 732 45 20 817 30 24 865 92 10 1812 3 20 1825 51 31 1836 77 31 1885 96 14 2057 68 17 2106 65 9 2160 72 5 2166 26 22 2192 64 19 2259 55 2 2548 15 6 2774 76 9
303 19 3e-06 131 78 15 233 25 7 457 48 25 622 99 7 737 100 17 805 99 26 810 77 27 844 84 0 878 88 27 1016 99 24 1862 39 26 1949 2 16 2252 58 20 2413 25 13 2499 53 19 2667 41 7 2690 93 23 2743 93 7 2752 5 11
304 19 3e-06 108 93 29 111 49 21 134 63 25 143 7 25 424 39 26 581 26 6 667 78 5 878 57 14 880 75 29 884 55 25 889 41 9 894 61 18 931 67 8 1014 25 12 2080 30 9 2264 46 3 2304 36 29 2448 98 22 2607 2 11
305 19 3e-06 243 88 12 478 71 4 491 25 24 540 75 16 603 89 14 760 3 9 909 82 31 1032 59 11 1903 91 17 2037 33 19 2062 84 20 2246 48 23 2391 52 6 2472 31 28 2552 34 6 2600 8 31 2638 92 16 2641 74 20 2765 17 30
306 19 3e-06 249 21 31 365 42 14 454 4 14 524 47 1 664 34 24 959 6 12 1012 1 5 1893 61 2 1929 21 1 1967 31 12 1968 40 6 2069 15 1 2105 86 2 2142 81 24 2155 9 19 2166 21 12 2168 21 14 2347 40 2 2691 46 22
307 19 3e-06 229 65 13 244 39 12 306 69 10 321 95 25 431 73 2 623 38 14 699 24 28 802 40 29 1000 43 15 1855 71 15 1861 37 0 2010 64 19 2023 43 26 2049 4 27 2235 65 17 2329 38 26 2395 55 2 2476 55 12 2738 72 2
308 19 3e-06 320 95 21 465 87 17 545 35 15 704 3 23 711 27 21 764 6 9 795 63 28 887 93 16 1943 19 23 1975 67 21 2091 43 6 2175 63 20 2178 49 10 2302 65 18 2329 22 16 2485 5 17 2516 79 23 2531 90 24 2654 23 0
309 19 3e-06 101 71 6 124 49 29 251 78 8 308 97 19 387 59 9 426 14 6 758 16 2 830 82 21 916 58 19 955 6 0 1023 55 1 1867 0 30 2153 76 22 2263 36 25 2273 1 11 2294 65 28 2307 40 15 2407 85 27 2476 31 25
310 19 3e-06 117 52 10 185 26 24 523 97 8 623 40 14 915 21 10 1861 32 6 1959 64 26 1965 72 4 2065 84 0 2132 20 20 2334 94 11 2436 98 2 2453 92 7 2475 25 31 2509 9 16 2583 13 27 2641 33 23 2715 7 14 2730 18 27
311 19 3e-06 425 79 31 474 37 18 538 13 8 658 17 0 713 80 5 855 2 14 873 89 3 967 73 4 1968 49 10 1983 79 5 1990 7 5 2016 17 11 2177 72 18 2240 10 23 2393 76 22 2543 7 14 2744 93 25 2755 67 30 2766 51 31
312 19 3e-06 263 93 13 332 79 19 362 76 26 422 2 13 452 80 10 569 19 16 812 65 25 831 39 9 847 81 30 912 31 18 973 5 14 1819 4 24 1926 18 6 1952 84 2 2071 29 27 2321 73 31 2488 97 22 2502 71 1 2505 76 2
313 19 3e-06 160 7 15 365 34 12 406 0 25 586 69 8 637 68 28 659 62 29 735 84 25 741 81 19 758 63 8 817 91 26 980 16 27 984 19 29 1024 8 17 2257 42 27 2258 92 5 2373 70 16 2413 25 8 2598 57 10 2701 46 20
314 19 3e-06 328 81 16 489 56 29 540 77 21 596 79 1 634 27 12 712 45 19 770 34 31 788 47 4 902 24 1 1827 76 30 2000 65 14 2201 48 30 2258 46 3 2344 99 7 2487 76 13 2511 64 7 2651 32 5 2678 61 15 2682 16 21
315 19 3e-06 74 70 26 333 42 1 435 8 20 529 67 6 579 84 29 584 21 31 604 82 15 750 46 10 852 23 5 890 22 13 1812 24 8 1820 56 25 1955 99 16 2405 16 25 2417 0 0 2425 94 3 2464 94 1 2522 50 0 2706 97 15
316 19 3e-06 292 58 24 307 65 11 531 62 27 535 82 18 747 52 7 750 43 3 1002 8 9 1894 63 27 1924 55 10 2124 30 18 2238 26 31 2246 72 6 2353 59 22 2378 72 14 2386 75 14 2429 22 7 2453 78 16 2504 43 9 2741 66 16
317 19 3e-06 74 31 29 124 56 13 127 91 11 136 5 11 151 10 0 411 0 12 528 59 5 859 95 21 1847 0 28 1856 32 3 2024 84 10 2058 81 1 2064 59 21 2160 94 0 2222 46 2 2237 89 20 2294 10 29 2366 91 1 2656 83 23
318 19 3e-06 108 80 28 183 83 17 200 61 19 280 82 15 338 0 26 460 19 7 573 73 9 584 24 15 775 98 15 816 93 24 917 13 28 2002 38 25 2202 16 25 2282 80 31 2284 26 9 2524 64 26 2655 95 26 2663 2 3 2734 90 5
319 19 3e-06 73 13 17 127 24 21 138 92 13 411 16 19 628 2 31 823 97 27 835 27 25 865 24 1 2007 27 8 2018 54 14 2029 62 7 2031 17 17 2069 2 19 2100 0 28 2373 71 22 2424 19 28 2453 82 20 2586 24 16 2756 65 5
320 19 3e-06 273 81 22 276 70 0 387 37 30 388 44 24 394 36 24 493 57 2 532 14 3 611 75 27 884 20 21 1970 23 16 2107 66 22 2139 13 16 2185 59 2 2255 12 15 2313 56 14 2382 28 6 2460 42 5 2520 44 23 2555 94 23
321 19 3e-06 585 84 24 637 93 19 843 97 30 861 45 27 879 0 8 992 60 6 1013 65 26 1914 86 17 1993 86 0 2073 37 14 2151 37 20 2155 42 24 2327 66 16 2489 81 16 2497 42 24 2504 68 17 2621 35 10 2669 91 15 2766 33 31
322 19 3e-06 104 77 4 440 29 30 468 70 31 558 9 2 619 66 6 1017 65 28 1829 40 19 1881 10 10 1943 24 18 2036 100 22 2071 76 22 2107 25 9 2198 73 20 2445 28 29 2472 60 19 2528 5 4 2614 31 31 2668 33 19 2734 12 12
323 19 3e-06 114 6 14 213 66 1 214 36 20 343 10 24 344 41 28 352 96 26 379 9 28 422 92 24 512 16 13 580 100 16 629 47 17 672 58 5 880 20 13 1847 81 20 1903 41 23 2211 41 1 2319 21 12 2454 19 5 2662 16 25
324 19 3e-06 299 90 6 472 16 20 613 96 8 652 50 10 673 8 23 698 78 9 963 91 7 1960 0 14 1986 84 28 2077 20 25 2083 90 22 2169 88 27 2220 82 26 2331 15 21 2343 47 30 2495 4 2 2538 22 13 2544 10 25 2616 36 27
325 19 3e-06 271 95 27 374 11 2 788 79 13 834 24 13 881 48 5 927 94 24 989 24 26 1011 57 7 1925 10 8 2102 2 16 2153 70 30 2156 75 24 2232 90 27 2362 72 31 2394 14 18 2519 87 29 2526 83 26 2596 51 29 2671 68 29
326 19 3e-06 184 99 16 252 44 19 346 29 11 387 73 19 759 76 15 836 83 9 903 16 6 912 20 15 1809 48 26 2045 10 2 2095 88 11 2103 62 7 2140 16 8 2226 25 24 2234 61 16 2358 47 26 2372 6 9 2485 6 15 2768 58 1
327 19 3e-06 136 29 7 142 45 6 224 13 16 336 85 7 532 21 23 656 60 0 670 52 5 911 85 26 989 55 20 1846 53 16 1961 42 3 2005 29 7 2220 95 0 2273 81 5 2413 94 20 2508 22 27 2591 61 25 2627 71 8 2723 47 17
328 19 3e-06 126 82 10 129 47 29 270 72 3 333 80 17 366 85 27 395 22 13 467 73 24 470 46 29 605 79 3 649 67 26 663 11 20 893 94 17 2042 31 27 2068 47 23 2176 43 25 2280 13 27 2387 3 27 2603 12 22 2653 87 15
329 19 3e-06 86 76 4 194 94 6 481 78 12 560 37 7 857 67 10 940 75 30 1035 66 7 1832 1 14 1906 65 19 1921 14 3 2046 89 5 2049 79 25 2217 0 26 2415 73 19 2495 83 2 2543 21 16 2674 78 26 2712 24 3 2774 78 12
330 19 3e-06 308 7 9 350 48 5 354 73 19 465 95 21 536 16 27 639 95 18 670 86 15 727 11 23 741 82 3 1907 42 4 1980 34 2 2001 64 20 2112 7 27 2231 72 21 2256 81 7 2470 14 3 2551 57 3 2555 35 24 2770 96 16
331 19 3e-06 253 0 29 270 94 29 387 5 20 545 58 9 623 85 5 691 66 6 751 26 13 798 59 12 825 15 14 834 14 6 886 18 11 1039 79 14 1850 38 22 2106 24 19 2206 28 20 2285 80 25 2432 100 21 2495 18 9 2540 52 12
332 19 3e-06 162 33 28 192 30 14 325 77 3 347 58 14 372 77 4 512 2 18 611 97 14 672 77 7 843 7 1 1890 40 19 2006 38 15 2168 28 31 2171 32 24 2286 61 1 2435 52 3 2438 50 24 2566 19 22 2603 90 26 2731 53 16
333 19 3e-06 81 56 18 475 39 17 493 36 25 589 86 5 625 57 26 628 42 9 1810 2 14 1818 20 31 1917 14 8 1953 56 13 1994 40 29 2094 32 11 2175 1 9 2283 33 31 2317 43 16 2455 16 18 2491 100 0 2522 60 31 2667 69 20
334 19 3e-06 155 48 31 295 58 15 706 72 9 731 91 11 758 95 3 933 37 0 939 48 18 991 55 4 1903 84 0 1933 90 25 2016 42 0 2190 45 16 2218 87 3 2239 0 9 2273 69 11 2318 6 20 2325 92 5 2331 81 15 2506 61 25
335 19 3e-06 123 8 5 180 98 5 305 50 31 556 25 14 747 65 2 863 13 13 882 15 20 1839 65 20 2192 18 23 2196 62 6 2239 67 8 2299 54 18 2319 91 17 2358 52 20 2478 70 7 2670 15 8 2694 20 23 2724 81 19 2765 100 1
336 19 3e-06 250 48 21 316 28 11 637 2 0 823 43 25 1000 89 19 2061 94 26 2096 53 17 2099 99 17 2114 86 0 2275 1 2 2290 11 20 2299 45 31 2372 17 5 2406 86 9 2517 17 1 2606 19 14 2619 44 0 2633 67 27 2674 83 8
337 19 3e-06 82 13 16 93 27 25 135 12 0 227 15 23 541 56 1 595 31 18 875 2 27 993 87 8 1890 43 10 2068 32 15 2083 56 13 2289 11 11 2336 79 4 2421 54 24 2451 35 28 2471 13 12 2485 40 1 2612 7 31 2651 70 28
338 19 3e-06 223 80 28 279 50 1 306 78 30 318 29 31 431 39 7 559 14 16 631 0 18 655 72 8 734 78 30 889 73 17 968 4 21 1819 75 29 1958 81 4 1966 92 18 2139 92 24 2342 88 26 2576 16 12 2682 23 15 2774 81 22
339 19 3e-06 167 6 29 248 36 4 499 79 3 539 64 13 560 44 22 752 94 14 834 91 7 1011 93 2 1030 13 4 1816 98 20 1889 4 17 1910 6 5 2041 40 23 2107 98 19 2225 52 31 2386 79 2 2641 60 11 2674 20 6 2687 45 16
340 19 3e-06 354 76 4 355 69 1 397 72 16 545 26 21 570 62 12 790 10 3 806 95 10 830 18 2 1003 60 5 1006 1 6 1881 52 2 1933 75 10 1960 29 6 2248 34 24 2334 6 5 2400 90 14 2427 75 3 2532 35 0 2741 97 2
341 19 3e-06 160 4 27 206 15 14 454 46 23 530 32 20 550 23 17 628 59 23 789 8 4 877 54 1 908 21 20 915 72 5 1924 38 27 2062 46 0 2171 49 1 2180 13 28 2298 39 25 2454 17 25 2486 2 0 2550 93 1 2574 95 15
342 19 3e-06 155 53 6 324 25 15 392 73 24 404 3 15 428 20 30 439 70 24 682 86 31 903 28 12 987 75 29 1902 78 29 1961 74 31 1975 48 25 2048 59 4 2105 76 24 2146 83 22 2558 54 19 2577 25 5 2694 98 10 2727 66 19
343 19 3e-06 94 14 5 150 28 14 224 16 20 314 84 21 458 84 20 501 57 11 569 96 18 851 60 28 891 10 14 1881 59 20 1998 83 27 2040 58 26 2220 11 22 2306 99 7 2343 52 5 2369 75 7 2390 35 19 2712 22 26 2751 39 10
344 19 3e-06 171 21 22 320 80 0 348 91 2 535 93 19 712 84 31 737 68 5 824 34 3 832 43 15 958 23 22 984 92 29 1016 48 24 1824 82 5 1915 58 7 1980 75 25 2146 36 29 2307 4 17 2339 97 16 2599 59 30 2760 51 11
345 19 3e-06 105 13 15 128 30 0 246 7 12 297 91 5 311 68 23 344 1 30 459 93 13 471 11 30 504 22 22 861 41 8 926 80 26 957 20 31 2075 46 0 2432 27 2 2447 18 0 2505 34 23 2518 69 21 2596 77 6 2736 82 17
346 19 3e-06 353 14 3 355 78 20 438 1 5 580 37 18 740 31 29 744 38 11 817 22 14 912 35 26 924 80 25 953 8 13 2049 23 6 2104 90 2 2144 22 29 2256 94 31 2397 12 21 2452 67 13 2575 43 14 2669 47 20 2672 2 18
347 19 3e-06 194 66 2 234 17 20 289 90 27 717 26 30 823 1 15 831 8 18 896 39 16 907 60 29 924 66 8 927 82 24 1851 44 10 1957 18 3 2025 2 3 2069 9 18 2166 91 4 2303 19 29 2309 93 3 2581 77 26 2754 66 31
348 19 3e-06 241 22 22 327 86 24 514 99 10 565 10 1 613 98 21 749 52 23 812 23 22 900 60 12 935 85 4 976 51 3 1019 48 21 2278 69 25 2331 6 20 2380 51 3 2384 23 10 2586 34 4 2598 64 20 2652 36 24 2732 77 19
349 19 3e-06 124 56 6 188 82 18 289 31 16 293 7 19 374 83 7 663 68 0 675 94 9 725 72 17 883 99 31 954 97 15 990 78 28 1867 74 9 2265 100 19 2566 31 4 2576 79 17 2603 45 27 2609 70 5 2701 13 24 2742 10 27
350 19 3e-06 121 98 3 153 60 30 173 25 17 193 56 11 217 29 1 403 73 10 522 52 16 838 55 26 846 2 0 872 37 26 923 63 27 1001 66 15 1890 60 15 2277 49 12 2283 22 31 2285 54 1 2400 62 16 2505 82 9 2558 71 20
351 19 3e-06 364 56 3 416 68 12 473 32 27 516 59 21 557 29 2 632 49 18 795 46 15 812 5 18 934 53 28 1834 20 4 1936 71 16 2216 77 13 2475 55 28 2489 59 29 2528 97 14 2547 44 0 2558 46 15 2618 28 18 2767 91 22
352 19 3e-06 167 20 0 219 98 4 449 25 10 455 2 27 468 33 0 570 75 12 696 0 4 751 83 10 895 26 10 1003 62 13 1867 78 13 1942 85 10 1952 70 3 1978 9 2 2010 77 7 2022 92 6 2377 10 3 2476 21 12 2767 90 31
353 19 3e-06 122 20 29 294 5 26 412 49 9 515 7 13 555 40 28 631 7 22 642 92 1 916 56 12 999 18 9 1008 22 31 1827 7 0 2091 32 21 2194 0 24 2228 37 18 2245 51 6 2493 78 5 2582 5 7 2647 80 15 2715 1 20
354 19 3e-06 89 99 12 228 81 14 269 27 6 294 89 21 299 66 2 481 32 24 508 21 23 559 71 15 688 74 12 936 98 27 952 98 4 1011 77 3 1933 7 11 1974 40 24 2041 82 21 2122 22 15 2409 0 12 2586 48 9 2752 69 9
355 19 3e-06 130 64 28 173 88 15 218 63 3 240 2 0 283 20 13 423 69 5 521 39 27 586 77 28 668 65 23 768 73 14 885 0 28 1881 46 9 2019 22 22 2034 16 15 2075 46 3 2096 55 13 2297 63 9 2598 53 7 2622 78 19
356 19 3e-06 126 26 10 128 78 9 153 62 18 383 5 17 393 80 0 553 49 6 600 50 7 694 79 11 715 35 19 735 2 20 1962 59 25 2002 2 16 2059 99 19 2124 28 17 2212 37 20 2340 49 19 2429 58 14 2658 45 20 2714 59 27
357 19 3e-06 158 46 24 410 62 2 448 28 24 499 28 13 511 45 20 552 72 0 632 0 3 637 53 20 837 97 0 862 78 19 968 76 20 970 78 9 1027 4 10 1938 94 15 2103 58 23 2236 7 22 2432 78 4 2488 66 7 2553 10 14
358 19 3e-06 98 11 19 326 67 7 408 53 13 436 92 20 615 18 7 687 33 19 693 31 2 906 21 0 982 46 23 987 29 5 1938 83 28 1969 50 24 2033 83 25 2209 72 2 2546 99 27 2575 7 29 2614 43 6 2621 48 28 2658 70 14
359 19 3e-06 122 36 12 178 85 25 295 56 1 454 85 30 542 9 0 627 92 9 740 76 17 977 7 24 1837 3 3 1854 69 21 1939 79 7 2009 78 26 2038 45 22 2040 36 15 2044 54 1 2326 2 20 2362 40 1 2575 93 29 2701 4 4
360 19 3e-06 87 73 27 270 93 8 384 13 18 467 10 1 596 58 25 652 80 25 696 31 30 759 68 23 913 97 27 966 42 30 1032 82 5 1899 33 22 2045 71 21 2120 95 4 2153 17 10 2445 34 29 2481 31 21 2515 53 16 2667 19 27
361 19 3e-06 170 100 21 312 44 11 327 25 26 358 18 0 471 13 23 1880 78 5 1938 8 14 1993 85 16 2050 84 25 2101 61 26 2107 67 30 2119 99 16 2170 38 3 2227 15 24 2286 51 18 2353 14 8 2433 30 12 2602 65 27 2686 100 7
362 19 3e-06 171 95 24 643 31 22 709 93 10 944 59 6 1841 71 8 1962 61 7 1966 19 2 2076 86 25 2132 75 4 2185 19 2 2226 59 9 2234 2 24 2265 27 17 2347 55 4 2395 17 17 2488 44 16 2497 65 6 2576 75 24 2592 48 22
363 19 3e-06 163 63 12 221 42 25 267 26 2 276 84 4 344 27 2 453 50 3 463 71 30 672 86 2 795 3 31 823 41 19 920 67 31 2128 71 30 2185 40 19 2381 85 6 2443 52 23 2472 49 7 2478 99 7 2584 74 6 2714 43 5
364 19 3e-06 146 23 21 243 82 0 455 85 23 786 85 31 812 29 8 845 62 26 867 94 7 1028 88 26 1815 63 26 1966 42 17 2032 52 16 2061 15 0 2073 99 8 2186 73 17 2390 56 0 2410 26 5 2423 95 18 2538 94 18 2619 15 2
365 19 3e-06 135 57 0 579 71 2 734 99 2 803 80 28 822 13 16 830 84 25 916 45 22 936 63 3 945 86 20 1817 7 0 1902 65 28 2017 64 7 2108 88 13 2384 59 5 2491 30 3 2502 49 9 2517 7 31 2708 1 26 2742 4 12
366 19 3e-06 283 91 12 386 87 13 589 8 6 629 90 17 694 43 18 1826 100 0 1945 52 17 2121 12 17 2125 1 25 2210 53 27 2212 93 8 2372 19 20 2376 36 13 2381 85 27 2390 3 6 2393 51 6 2394 45 30 2434 35 13 2464 1 2
367 19 3e-06 76 1 0 559 91 22 724 77 5 730 15 23 841 39 5 1812 29 29 1890 91 7 1927 69 3 1931 41 28 1982 13 4 1997 99 1 2032 21 28 2061 7 13 2106 88 28 2120 13 16 2142 7 9 2168 51 25 2497 16 20 2589 48 25
368 19 3e-06 172 48 11 174 76 6 273 3 0 366 44 22 369 66 26 413 78 3 619 73 1 754 62 8 801 100 12 804 51 21 944 52 31 955 61 19 1810 25 15 1917 59 7 1994 1 19 2206 13 29 2321 31 20 2613 81 14 2772 81 24
369 19 3e-06 106 94 26 256 65 17 404 9 29 711 68 4 894 25 14 955 10 1 972 46 26 991 11 17 1950 82 25 2035 9 7 2098 25 24 2433 81 23 2439 26 23 2481 65 21 2551 77 3 2580 67 23 2635 83 18 2661 25 14 2736 45 15
370 19 3e-06 75 96 25 268 19 27 275 85 15 878 82 16 913 5 31 930 51 5 948 7 19 1811 17 25 1828 99 20 1842 64 16 1877 66 18 1896 45 3 2020 77 30 2069 45 20 2077 76 1 2124 29 24 2206 41 29 2413 67 21 2462 100 25
371 19 3e-06 306 15 23 309 71 21 335 7 14 450 41 26 504 39 25 608 11 30 619 47 19 653 80 28 893 64 4 1038 86 21 1809 6 19 1937 51 29 2076 15 10 2146 31 22 2256 32 2 2259 77 0 2398 14 3 2424 60 9 2602 46 3
372 19 3e-06 110 67 12 497 16 0 694 4 26 853 95 13 871 44 6 1822 36 22 1870 46 31 1893 82 15 1951 17 22 1981 70 23 2296 21 24 2320 20 30 2422 66 12 2493 91 16 2523 72 5 2605 38 19 2649 77 9 2654 69 2 2760 6 15
373 19 3e-06 73 64 11 213 53 23 284 36 11 327 64 9 581 78 12 687 43 9 834 92 23 1881 59 25 2043 84 8 2056 83 8 2061 8 4 2092 5 0 2263 82 3 2334 51 13 2386 2 14 2431 66 28 2470 85 8 2560 95 20 2721 15 22
374 19 3e-06 105 75 3 185 63 20 222 21 3 372 69 22 467 6 8 639 97 23 842 67 8 848 1 7 857 54 20 875 40 20 1859 76 5 1876 27 8 1934 33 31 2200 43 10 2421 84 31 2431 96 29 2511 0 3 2564 39 10 2640 42 0
375 19 3e-06 266 88 15 330 64 27 332 68 27 387 62 14 406 55 3 640 16 17 671 49 31 730 78 14 753 63 22 1840 98 26 1959 51 3 2173 94 15 2206 50 9 2378 5 14 2478 61 10 2599 50 0 2628 35 22 2706 54 6 2716 28 12
376 19 3e-06 190 68 17 203 34 25 330 80 23 385 15 16 444 4 7 531 68 12 544 25 15 631 54 28 659 80 9 738 24 1 789 46 7 909 8 17 941 75 12 1986 98 13 1987 45 21 2057 39 2 2066 40 1 2364 85 23 2752 72 3
377 19 3e-06 105 86 7 232 98 14 233 99 29 258 9 16 410 73 0 710 50 16 724 6 6 890 22 15 910 73 17 978 82 9 1018 57 31 1824 4 27 1938 6 1 2085 0 8 2155 83 21 2173 26 24 2182 56 23 2269 56 17 2601 0 31
378 19 3e-06 118 33 13 230 17 25 241 67 21 247 23 4 386 92 16 393 64 9 581 29 31 781 62 5 883 25 17 941 31 24 2039 45 30 2118 27 28 2124 43 31 2289 71 29 2556 48 3 2603 97 16 2707 50 23 2767 12 11 2767 95 2
379 19 3e-06 300 90 26 405 35 27 453 91 4 558 66 5 855 18 17 876 52 5 1842 69 20 2063 65 9 2091 91 15 2094 36 22 2210 13 11 2226 88 1 2229 77 21 2268 45 11 2351 80 14 2427 86 21 2462 28 27 2614 47 13 2695 86 16
380 19 3e-06 188 46 30 209 29 22 246 14 1 489 19 13 557 49 24 879 37 19 899 60 21 959 51 31 981 47 22 1928 34 0 2003 78 5 2064 21 6 2171 28 4 2324 56 30 2337 86 4 2381 76 13 2387 54 30 2563 45 21 2756 60 4
381 19 3e-06 110 85 0 163 70 24 171 15 10 321 61 28 475 62 25 485 23 16 501 1 27 568 43 17 599 85 11 613 76 11 638 7 2 689 60 27 791 16 25 827 30 21 2093 32 16 2273 39 10 2424 16 18 2433 56 23 2541 81 17
382 19 3e-06 120 75 12 147 54 1 156 48 3 199 43 9 200 100 4 332 38 28 440 35 23 504 70 19 624 78 5 692 72 3 699 4 24 716 75 27 746 44 4 861 14 2 2235 51 22 2277 72 24 2380 14 12 2475 61 30 2655 77 4
383 19 3e-06 89 21 11 101 43 4 245 19 3 490 100 9 686 32 23 690 49 22 711 25 2 780 62 3 821 99 23 955 64 1 1821 18 4 1821 34 29 1924 49 20 2009 31 10 2083 12 30 2206 49 28 2227 71 14 2319 9 22 2421 76 9
384 19 3e-06 266 17 6 295 79 1 737 36 3 812 95 14 916 65 28 936 13 16 1025 3 9 1813 58 30 1855 27 28 2087 44 10 2139 85 9 2252 54 18 2348 10 1 2394 92 16 2458 27 11 2593 29 22 2742 32 14 2760 19 9 2773 32 18
385 19 3e-06 102 89 6 122 29 6 257 76 23 377 91 19 392 62 25 446 7 10 490 22 1 631 17 12 1932 88 2 1990 42 0 2078 74 22 2115 99 9 2170 73 7 2256 43 30 2302 1 14 2570 66 17 2580 33 30 2611 8 28 2633 86 4
386 19 3e-06 95 51 21 162 63 17 180 37 2 596 82 27 916 24 27 939 78 26 1944 46 22 1965 52 31 2228 56 11 2236 60 31 2319 80 29 2426 11 22 2446 48 17 2547 94 25 2557 18 1 2629 75 17 2737 37 3 2744 30 7 2748 65 2
387 19 3e-06 144 83 4 249 26 26 452 58 21 475 62 13 490 14 1 509 81 1 742 95 13 888 97 19 1027 82 9 1964 99 30 2044 29 21 2385 33 3 2462 32 28 2519 44 28 2534 56 26 2545 79 11 2719 87 4 2723 11 27 2748 7 10
388 19 3e-06 104 66 29 185 47 29 212 72 22 415 25 1 422 51 29 462 22 23 494 38 18 518 40 2 642 39 9 1836 65 8 1983 96 29 2201 14 14 2232 10 1 2239 52 14 2418 27 29 2419 10 3 2581 81 24 2617 71 16 2773 84 31
389 19 3e-06 106 2 24 314 44 8 373 82 2 398 16 10 410 16 4 414 95 25 436 96 29 490 55 18 615 22 12 633 41 4 724 47 17 949 41 15 975 80 11 2018 19 30 2106 74 1 2397 89 25 2634 32 19 2649 20 20 2723 20 18
390 19 3e-06 97 12 8 232 28 31 440 35 22 504 90 0 850 32 30 871 83 12 914 57 31 985 72 23 1864 55 26 1901 51 24 1947 34 4 2166 48 20 2421 82 12 2439 95 15 2447 58 27 2485 23 20 2555 73 0 2599 28 1 2682 96 22
391 19 3e-06 203 13 2 325 38 30 556 87 18 560 74 27 603 44 13 645 35 10 721 92 16 797 77 22 804 4 6 872 100 16 1851 17 8 1883 53 25 2062 90 1 2132 81 17 2182 0 30 2257 51 8 2262 98 6 2493 63 5 2559 50 12
392 19 3e-06 306 87 22 344 97 27 409 69 29 606 25 26 823 60 11 943 33 25 950 8 23 1025 81 18 1870 12 29 1997 45 1 2046 48 4 2145 54 11 2214 97 31 2308 36 20 2321 11 5 2423 99 22 2427 70 2 2448 71 13 2595 3 29
393 19 3e-06 298 54 7 345 24 31 363 68 29 443 31 29 584 48 16 646 40 26 864 99 9 897 17 24 939 64 20 1823 81 1 1936 21 20 2131 14 13 2243 24 13 2278 59 15 2306 53 4 2374 28 3 2401 41 12 2461 13 24 2630 22 14
394 19 3e-06 103 51 18 343 27 28 429 38 18 510 61 27 745 32 29 813 6 3 878 80 10 903 82 29 1879 67 5 1946 17 4 2037 33 27 2266 31 4 2426 24 20 2442 41 21 2483 19 29 2527 71 26 2653 23 31 2733 38 15 2756 66 13
395 19 3e-06 103 75 9 257 82 1 303 3 20 338 70 12 484 24 2 655 7 9 696 43 16 821 69 28 921 52 6 1022 12 24 1818 73 26 1825 57 25 1968 17 8 2088 98 1 2233 80 4 2267 93 30 2502 81 11 2639 71 31 2693 88 14
396 19 3e-06 148 75 1 204 7 23 211 69 27 225 67 2 256 32 24 354 10 26 404 46 1 627 87 30 629 64 31 649 58 27 865 95 18 1002 28 26 1862 82 10 1910 29 1 1945 92 5 2024 51 10 2260 46 20 2304 95 19 2666 86 17
397 19 3e-06 243 75 29 247 5 0 413 8 7 583 12 29 635 37 31 684 99 5 718 64 14 739 80 0 956 40 24 1023 51 26 1943 97 22 2075 78 6 2310 52 4 2350 53 11 2378 57 20 2380 55 14 2412 46 11 2723 73 22 2765 75 25
398 19 3e-06 263 2 8 393 39 1 537 88 1 713 10 31 763 74 24 868 83 13 911 70 31 1028 22 23 1863 64 10 1964 94 0 2207 52 5 2316 62 10 2342 50 0 2393 5 27 2474 7 21 2541 22 18 2544 100 2 2546 91 12 2733 74 26
399 19 3e-06 72 99 16 98 78 9 293 17 6 300 55 30 354 63 19 571 98 21 713 20 10 784 17 3 869 68 3 894 34 29 919 36 3 978 12 30 1003 27 0 1920 67 6 2167 66 14 2218 67 26 2365 17 18 2366 6 2 2371 21 27
400 19 3e-06 109 57 20 443 43 14 553 64 8 572 80 7 968 72 22 1898 100 10 1928 40 25 1946 95 2 2104 19 9 2141 94 10 2147 88 8 2153 22 19 2173 71 24 2189 44 11 2254 4 17 2308 67 23 2348 42 2 2492 2 26 2705 36 25
401 19 3e-06 161 35 25 212 61 20 349 35 1 457 90 14 480 88 2 542 25 20 717 15 18 882 26 15 951 27 31 1033 62 23 1844 100 24 1943 60 27 1956 39 15 1976 6 30 2264 38 7 2395 66 15 2438 83 23 2640 81 15 2730 69 30
402 19 3e-06 73 82 4 641 4 5 739 64 12 741 61 6 802 2 0 845 45 5 913 40 5 996 94 7 1944 37 14 1953 15 17 2009 82 15 2031 21 6 2190 44 30 2305 72 7 2422 40 14 2492 28 7 2589 59 10 2696 21 31 2717 96 15
403 19 3e-06 121 74 26 219 10 12 293 89 8 314 19 14 560 66 12 622 10 27 769 66 16 827 85 18 1998 90 2 2068 71 25 2111 4 19 2151 13 28 2169 6 6 2297 94 16 2524 26 18 2559 14 11 2610 41 27 2614 38 31 2653 6 10
404 19 3e-06 220 5 6 362 28 19 398 24 8 604 76 20 623 59 23 953 45 13 1861 50 11 1869 5 0 1874 36 24 1903 35 28 1985 26 4 2010 34 17 2073 21 16 2483 56 26 2496 32 5 2573 68 31 2681 56 8 2714 38 23 2747 92 8
405 19 3e-06 154 34 25 207 75 17 469 73 12 487 34 25 688 23 18 712 90 27 770 32 16 829 91 8 925 99 24 1909 19 28 1911 69 21 1950 26 2 2060 6 13 2124 61 16 2217 64 18 2402 12 30 2482 30 23 2635 69 15 2775 90 18
406 19 3e-06 112 14 9 332 37 25 427 62 6 495 96 6 585 32 31 645 99 19 832 62 12 844 98 13 912 91 7 984 2 9 1010 39 29 2071 25 30 2136 73 7 2175 11 8 2356 36 6 2504 84 17 2593 58 20 2684 26 22 2757 10 17
407 19 3e-06 181 37 12 440 69 27 534 7 2 563 92 11 707 26 27 806 54 26 946 22 12 1980 9 15 2003 48 2 2126 76 1 2163 24 23 2325 29 27 2340 62 16 2401 38 24 2404 46 11 2602 0 5 2652 98 0 2717 55 9 2752 47 5
408 19 3e-06 105 79 16 129 29 24 229 22 7 254 15 11 361 3 20 470 2 10 483 51 6 568 95 18 594 27 21 675 99 12 747 9 8 865 0 16 885 50 24 965 65 10 1924 97 25 1942 43 7 2073 93 30 2362 47 19 2689 28 8
409 19 3e-06 94 82 22 117 68 8 270 19 17 759 97 27 813 88 27 955 85 10 1859 5 3 1907 66 12 1925 4 22 2014 32 6 2029 2 28 2072 25 16 2179 73 8 2254 70 6 2320 48 21 2398 86 27 2611 26 8 2618 84 2 2751 51 23
410 19 3e-06 110 64 6 245 80 19 300 7 31 300 33 8 515 50 25 545 12 15 700 29 7 779 61 17 2140 0 14 2177 75 10 2246 25 30 2294 7 30 2381 3 26 2413 44 2 2460 48 12 2471 76 25 2539 68 22 2573 9 1 2751 11 4
411 19 3e-06 131 80 19 194 35 21 240 15 22 262 40 24 269 4 1 276 83 8 310 13 8 368 37 7 407 18 28 754 62 19 762 91 21 765 48 5 822 84 15 948 86 2 996 41 1 2069 44 15 2304 50 25 2343 48 7 2520 58 11
412 19 3e-06 129 98 21 144 77 21 181 14 4 330 100 19 781 79 29 939 71 10 1008 45 16 1877 44 16 1942 52 5 2081 48 16 2157 63 16 2244 33 31 2287 70 4 2295 15 26 2330 2 10 2335 25 2 2356 13 22 2579 34 19 2679 95 16
413 19 3e-06 130 53 20 202 21 15 258 50 0 763 58 27 919 11 11 975 59 0 1878 28 10 1994 46 14 2052 98 17 2162 73 30 2195 48 13 2232 65 5 2252 13 28 2272 95 7 2557 2 14 2674 6 8 2714 32 23 2721 2 24 2741 87 5
414 19 3e-06 105 57 31 255 12 31 287 89 22 414 44 6 416 48 17 478 95 30 628 46 20 694 7 30 780 55 4 802 70 23 933 94 22 1840 17 5 1906 4 22 1943 96 1 1949 13 16 2079 53 14 2183 65 20 2484 2 2 2611 72 19
415 19 3e-06 198 84 19 365 83 21 371 2 13 496 47 6 512 89 26 522 34 0 762 53 11 786 86 19 834 57 28 1941 47 2 2034 20 4 2106 93 16 2196 100 5 2274 33 28 2330 34 23 2347 40 11 2563 62 23 2607 8 13 2723 63 29
416 19 3e-06 264 35 5 311 85 7 468 81 29 568 66 12 598 64 14 707 25 19 757 4 1 779 65 27 815 99 19 1825 28 10 1834 38 0 1864 81 31 1940 19 22 2006 32 24 2140 51 17 2311 63 14 2369 22 26 2588 52 12 2734 63 2
417 19 3e-06 127 73 1 144 31 20 154 21 21 170 39 29 356 24 24 574 95 30 718 21 20 747 94 31 850 5 8 898 14 5 1866 41 15 2024 70 26 2054 14 0 2161 86 20 2169 45 3 2208 11 14 2255 60 24 2262 12 17 2379 56 4
418 19 3e-06 92 84 22 101 97 30 235 74 14 336 32 3 456 46 30 586 27 21 700 19 26 1021 80 4 1837 10 11 1891 52 24 2044 75 2 2106 32 13 2108 40 25 2227 98 3 2285 77 24 2286 73 2 2337 21 26 2425 37 27 2505 98 9
419 19 3e-06 113 8 21 278 30 16 368 45 27 454 79 1 502 25 1 692 98 11 710 94 23 797 39 17 862 42 31 1037 36 6 1874 16 25 2097 6 6 2135 8 23 2159 7 19 2166 66 18 2177 24 6 2218 21 7 2374 35 23 2578 94 6
420 19 3e-06 190 12 16 252 18 28 269 51 13 408 71 17 432 26 20 433 67 31 512 7 2 598 61 8 657 64 18 970 42 23 1874 13 7 2036 63 21 2082 9 24 2288 55 5 2328 69 11 2356 45 11 2382 41 21 2727 58 1 2739 8 10
421 19 3e-06 221 48 7 280 35 17 386 47 6 656 20 3 670 91 17 730 24 16 965 99 6 1890 47 20 1945 9 25 2046 12 21 2095 80 25 2106 82 24 2172 11 15 2283 3 10 2479 10 9 2634 77 25 2662 66 10 2721 61 23 2764 40 25
422 19 3e-06 215 64 7 314 59 20 431 28 23 583 19 4 649 17 15 650 25 8 759 18 31 827 19 1 874 94 26 891 91 21 914 19 3 947 7 25 979 68 29 1837 26 1 1928 74 19 2128 49 10 2409 92 6 2551 53 21 2773 81 19
423 19 3e-06 81 16 23 250 34 17 263 92 3 294 17 20 768 77 14 832 31 19 844 35 7 896 25 2 913 73 7 959 59 11 1004 44 20 1863 7 2 1941 21 31 1957 64 15 2238 89 8 2266 96 13 2463 56 15 2553 96 3 2754 66 31
424 19 3e-06 82 90 21 154 55 18 330 11 10 351 9 4 517 98 8 541 30 21 629 29 27 778 34 1 837 39 9 846 30 28 918 77 14 1869 73 15 1922 79 18 1937 24 8 2000 18 30 2344 99 23 2550 84 10 2622 3 1 2676 74 15
425 19 3e-06 108 75 5 201 21 9 251 82 16 294 73 4 335 51 15 355 86 1 397 7 21 716 40 20 925 53 10 1870 39 11 1883 9 20 1939 15 28 2039 6 2 2155 77 25 2235 41 8 2246 15 14 2317 12 30 2423 3 25 2644 67 20
426 19 3e-06 181 46 25 229 6 26 282 71 6 343 84 0 412 56 23 468 71 31 524 93 14 563 62 24 757 34 16 979 15 15 1854 6 19 2155 50 18 2182 75 22 2186 74 1 2387 25 14 2418 11 9 2453 0 9 2664 96 16 2757 55 8
427 19 3e-06 191 74 10 200 10 21 213 50 2 365 97 29 598 69 5 873 92 21 946 66 26 965 78 4 979 15 0 1889 84 27 1911 15 4 1922 21 20 2062 76 13 2228 38 3 2434 45 2 2514 10 24 2596 90 27 2643 63 26 2760 49 30
428 19 3e-06 100 76 6 153 49 9 277 96 28 342 46 0 388 24 14 493 83 25 731 68 22 732 80 8 774 29 5 854 75 27 1853 23 4 1872 36 10 2167 25 16 2176 24 21 2196 84 26 2462 35 23 2614 23 28 2692 17 26 2741 79 30
429 19 3e-06 135 83 0 308 58 12 402 49 18 609 58 13 710 36 14 779 55 27 1859 63 30 1949 77 13 2060 27 28 2067 82 19 2124 71 17 2150 9 30 2224 36 19 2285 69 20 2322 53 30 2418 23 3 2540 34 22 2627 36 20 2756 42 17
430 19 3e-06 326 67 18 367 34 4 368 46 23 466 54 22 671 62 23 817 32 1 940 91 26 954 80 2 1037 93 4 1829 86 28 1904 39 20 1914 99 16 2146 47 23 2168 57 15 2354 3 30 2404 77 16 2418 78 12 2467 50 3 2678 22 18
431 19 3e-06 430 53 13 445 66 27 668 21 2 749 63 30 803 29 7 814 32 6 1026 44 15 1924 12 21 1981 47 28 2108 82 26 2281 6 8 2401 12 24 2437 8 17 2565 100 27 2573 98 2 2597 20 16 2694 58 15 2746 47 1 2763 79 7
432 19 3e-06 187 77 18 193 43 10 270 30 25 603 28 9 638 76 9 689 48 22 828 30 1 911 32 30 1849 40 3 1994 84 6 2005 99 15 2070 9 14 2148 61 8 2166 70 19 2350 16 8 2406 76 23 2470 60 11 2522 45 0 2654 47 26
433 19 3e-06 108 23 19 253 8 27 269 86 7 348 21 9 376 64 26 378 26 31 614 72 12 701 13 20 989 76 4 1864 14 7 2001 3 31 2028 5 6 2459 34 1 2556 76 3 2579 20 19 2635 66 17 2664 49 5 2724 0 27 2772 20 24
434 19 3e-06 112 73 8 215 95 6 240 84 4 286 98 13 714 69 15 749 56 10 863 19 31 874 37 28 967 75 31 1004 4 23 1037 44 3 2084 99 31 2126 68 6 2211 83 26 2361 62 14 2373 43 30 2466 38 0 2537 41 28 2560 72 19
435 19 3e-06 219 47 10 403 74 13 405 99 13 413 31 30 642 53 6 644 3 15 716 92 30 717 82 5 872 25 8 957 96 22 975 67 1 1870 28 22 2065 12 27 2068 11 20 2106 55 23 2205 70 3 2406 7 28 2409 66 5 2591 38 6
436 19 3e-06 87 43 5 97 32 1 197 2 6 217 41 0 430 50 21 611 65 15 787 100 10 802 37 26 809 75 24 989 77 30 1836 22 7 1866 16 10 1926 98 27 2005 89 17 2011 81 29 2053 95 8 2261 89 7 2451 76 11 2473 71 19
437 19 3e-06 254 46 13 261 35 20 378 3 4 439 59 24 508 50 8 601 72 24 608 50 5 648 3 9 843 57 17 856 77 3 988 14 27 1901 30 21 1908 0 26 2015 21 14 2340 11 4 2350 15 26 2374 18 7 2484 89 16 2612 49 26
438 19 3e-06 105 98 8 271 50 17 286 99 25 305 38 26 350 3 11 517 8 3 709 34 15 743 96 12 919 68 18 944 45 25 1855 51 16 1863 49 24 1939 8 20 1972 70 15 2312 35 15 2329 30 19 2622 52 24 2664 51 6 2667 64 27
439 19 3e-06 188 64 26 332 47 25 401 17 28 719 14 28 860 41 1 889 87 10 991 94 21 1857 9 22 1924 63 24 2032 53 13 2108 59 23 2184 79 8 2255 26 22 2278 52 14 2417 61 3 2518 19 20 2656 67 2 2705 4 20 2708 67 13
440 19 3e-06 384 20 8 554 0 21 596 30 7 607 11 26 742 53 27 853 95 16 896 86 0 964 52 27 979 7 18 996 78 8 1868 40 29 1900 23 26 2081 25 10 2200 8 17 2399 47 11 2652 22 16 2732 87 2 2762 49 12 2775 24 6
441 19 3e-06 167 59 10 370 3 18 574 87 7 617 89 13 859 9 3 972 12 27 1013 57 9 1863 46 16 1908 38 7 2019 22 19 2121 13 28 2159 32 3 2209 37 24 2297 23 5 2525 0 1 2541 90 14 2591 76 17 2614 97 8 2703 94 10
442 19 3e-06 190 22 25 233 4 29 405 43 29 480 45 18 782 45 25 935 87 20 937 70 9 949 5 0 1816 65 24 1929 25 4 2080 88 11 2177 55 19 2194 12 4 2306 50 8 2363 64 27 2401 78 10 2425 85 1 2628 23 6 2687 25 3
443 19 3e-06 144 81 28 152 74 2 218 82 10 460 2 28 481 93 14 491 0 20 661 21 17 968 79 19 971 74 24 980 54 17 1022 80 10 1844 62 3 1913 61 30 1957 93 27 2162 63 21 2188 12 6 2344 100 31 2420 7 6 2753 14 10
444 19 3e-06 106 29 15 155 81 28 346 98 14 639 61 2 708 61 28 751 54 23 858 97 22 935 58 6 991 64 27 1882 41 17 2204 27 28 2206 73 16 2412 17 18 2474 47 31 2557 30 24 2628 41 31 2672 99 17 2709 63 7 2712 90 13
445 19 3e-06 232 75 2 271 20 21 367 19 31 527 11 12 651 83 31 656 77 24 807 97 10 895 23 0 957 37 28 1821 100 10 1943 21 27 2303 93 29 2343 80 20 2353 77 7 2364 57 28 2582 1 4 2634 24 27 2673 19 13 2687 8 21
446 19 3e-06 82 39 31 117 49 23 163 38 27 174 63 15 305 43 23 313 89 29 414 65 28 479 92 31 638 72 27 928 51 0 955 49 2 1011 86 11 1903 25 1 1941 67 6 2199 37 13 2208 54 6 2303 90 11 2733 17 22 2774 75 13
447 19 3e-06 244 60 18 346 11 9 389 61 15 522 41 22 529 77 22 585 5 12 703 85 1 948 31 5 1826 67 15 1891 30 20 2048 96 4 2146 20 23 2220 37 27 2229 58 24 2279 37 24 2406 45 7 2546 7 29 2585 24 5 2672 44 16
448 19 3e-06 280 39 13 298 4 0 367 49 30 397 43 22 400 5 21 578 38 12 950 14 20 1809 47 23 1836 87 18 1868 59 1 1869 80 8 1931 59 4 1983 98 8 2025 0 30 2278 96 16 2361 32 14 2506 4 16 2532 48 27 2662 98 7
449 19 3e-06 76 80 30 160 22 22 239 92 17 468 66 23 483 51 18 971 70 21 1021 73 6 1878 62 26 1887 13 14 1920 69 1 2162 47 28 2296 86 23 2303 34 26 2338 77 9 2400 96 31 2428 33 0 2534 63 13 2581 60 19 2678 63 15
450 19 3e-06 220 20 1 493 92 4 608 54 3 655 15 26 722 26 21 765 21 23 836 14 5 1902 8 29 1930 70 6 1950 26 4 2003 48 30 2119 52 20 2215 22 16 2218 77 5 2600 12 15 2690 8 31 2697 99 11 2726 8 20 2728 88 6
451 19 3e-06 94 100 28 290 52 3 309 90 10 380 86 18 505 28 10 634 24 10 671 62 4 1020 41 4 1831 39 27 1878 5 14 1946 5 17 2016 33 19 2136 92 2 2234 0 16 2239 83 12 2333 86 24 2369 89 23 2701 51 11 2739 13 7
452 19 3e-06 103 82 14 220 78 30 239 37 15 302 21 3 423 59 13 437 80 2 543 69 9 841 39 25 852 56 21 973 21 7 997 29 21 1902 43 10 2144 9 27 2241 33 7 2252 5 24 2527 83 24 2556 67 26 2621 58 27 2684 0 31
453 19 3e-06 207 36 3 242 47 15 325 72 0 353 87 5 560 61 21 589 1 11 648 26 19 794 30 24 989 13 18 1822 82 14 1917 88 31 1967 66 23 1976 55 6 2200 52 22 2250 18 17 2486 79 7 2680 94 1 2698 72 5 2705 93 0
454 19 3e-06 138 21 16 225 70 29 593 29 18 618 27 30 833 57 9 886 23 23 910 82 14 979 73 9 1956 93 10 2006 92 13 2138 79 19 2254 16 6 2258 38 19 2271 5 8 2318 6 20 2427 69 31 2505 14 5 2532 2 20 2583 33 2
455 19 3e-06 85 98 19 146 86 31 264 41 24 362 76 30 382 26 15 384 38 29 515 76 3 539 71 19 559 9 31 617 98 0 918 55 7 991 85 0 1967 96 4 2094 1 30 2096 26 27 2199 72 7 2364 34 27 2601 100 12 2684 58 11
456 19 3e-06 137 35 0 227 9 29 523 50 21 549 17 25 550 30 6 1863 0 5 1863 57 1 1981 13 25 1993 40 21 2008 98 1 2023 6 21 2123 90 8 2154 24 31 2334 99 27 2375 64 13 2419 2 26 2501 100 4 2574 48 7 2673 44 9
457 19 3e-06 168 71 7 234 4 6 702 76 22 771 48 8 819 24 30 829 50 26 841 75 1 889 63 13 1017 69 18 1915 79 7 1922 52 15 2120 54 12 2310 94 27 2416 21 24 2470 83 6 2528 23 26 2533 68 9 2608 61 31 2685 34 27
458 19 3e-06 335 9 15 343 29 24 454 72 20 621 77 6 894 34 27 1983 26 15 2016 45 15 2069 67 14 2070 70 17 2077 6 29 2251 66 0 2254 18 13 2393 84 31 2411 28 26 2434 96 23 2464 31 14 2521 97 19 2649 12 30 2696 73 12
459 19 3e-06 103 95 12 167 64 15 184 22 17 330 7 8 358 62 8 401 72 26 467 73 3 488 37 14 888 23 24 1944 99 8 1985 75 29 2201 92 11 2413 79 5 2422 14 14 2429 33 10 2497 57 1 2604 59 16 2722 54 8 2754 50 11
460 19 3e-06 107 6 23 176 77 6 289 75 18 294 94 6 326 3 15 423 51 9 452 17 3 687 5 26 790 43 0 875 13 10 909 56 22 983 87 31 1838 58 6 2059 70 20 2334 14 7 2351 20 29 2367 58 29 2432 83 20 2756 68 26
461 19 3e-06 527 93 31 547 69 14 614 72 12 679 39 0 884 14 15 1025 6 28 1877 30 8 1877 31 16 2070 70 31 2074 93 26 2129 47 12 2275 68 16 2305 61 3 2313 78 15 2440 77 27 2446 29 18 2463 76 30 2682 71 1 2757 23 16
462 19 3e-06 331 96 28 336 65 11 510 78 25 617 18 17 769 2 6 879 98 19 913 19 22 984 72 31 1018 15 7 1962 18 11 2083 79 11 2126 40 7 2181 52 8 2195 20 7 2396 34 24 2481 32 3 2590 65 14 2615 15 6 2653 17 27
463 19 3e-06 83 81 10 268 23 13 389 99 28 418 100 1 421 17 30 551 58 12 690 10 21 793 10 29 989 48 25 1862 53 15 1876 80 24 1962 45 31 1981 26 13 2160 98 13 2241 39 9 2314 52 27 2359 34 14 2420 42 16 2562 86 3
464 19 3e-06 160 54 9 213 6 21 296 56 3 298 30 13 479 63 1 506 72 8 1032 48 19 1989 79 26 2057 45 25 2136 22 15 2233 60 25 2258 79 4 2312 13 20 2456 76 4 2481 35 27 2540 35 26 2573 53 9 2716 97 29 2754 61 6
465 19 3e-06 156 46 6 221 22 26 373 71 20 448 7 20 710 23 18 735 87 0 787 64 10 1857 10 6 1917 94 1 1923 3 8 1944 23 23 2003 75 24 2006 93 0 2095 68 4 2201 38 7 2310 53 17 2407 29 14 2581 1 20 2589 62 17
466 19 3e-06 99 21 1 190 76 16 279 36 13 424 82 13 430 0 29 467 62 9 489 75 10 677 31 18 827 78 30 884 24 16 905 28 22 909 23 2 910 37 14 932 58 29 1852 51 0 2070 63 1 2203 10 14 2255 46 26 2261 1 6
467 19 3e-06 111 17 14 157 88 24 161 50 13 209 44 18 297 70 13 587 52 19 939 77 18 965 14 31 982 42 30 995 82 20 1012 29 0 1016 10 1 1034 69 28 2064 67 24 2283 22 2 2309 62 23 2363 8 5 2602 99 28 2603 55 23
468 19 3e-06 153 40 3 189 54 11 215 34 8 274 68 5 413 83 15 565 98 20 649 97 17 819 52 23 1899 99 30 1984 3 0 2040 12 28 2040 16 4 2237 78 11 2292 61 29 2365 76 13 2372 20 15 2531 3 21 2651 17 31 2748 80 12
469 19 3e-06 112 64 24 160 64 17 242 10 25 393 18 12 537 82 20 573 39 24 585 5 1 773 88 4 869 93 3 953 19 4 962 95 16 1852 77 11 1948 54 7 2054 56 8 2136 62 7 2150 90 15 2184 82 22 2325 53 20 2652 84 30
470 19 3e-06 177 19 31 226 96 21 318 60 5 680 30 15 784 22 11 785 26 15 794 96 7 824 15 19 2046 61 7 2170 45 6 2172 32 19 2249 43 31 2279 14 28 2338 97 20 2452 58 1 2615 18 30 2619 65 31 2664 37 14 2693 69 6
471 19 3e-06 246 81 17 371 59 30 402 86 1 418 66 0 568 41 23 609 93 4 732 2 28 777 85 22 780 96 30 898 23 30 964 55 13 1813 34 16 1959 46 7 2000 50 5 2019 86 16 2034 34 9 2376 25 21 2535 74 31 2682 10 18
472 19 3e-06 270 21 8 289 69 9 315 13 16 365 88 23 465 30 28 482 42 13 596 42 15 631 74 9 651 82 23 667 3 31 701 10 24 1870 10 8 2222 22 10 2240 89 1 2298 51 18 2315 91 10 2464 32 8 2482 87 17 2647 23 24
473 19 3e-06 142 48 8 207 75 15 215 23 17 415 27 26 731 18 20 812 24 7 870 37 9 933 31 9 1025 4 22 1821 47 17 1850 41 11 1933 62 3 1996 26 19 2055 77 8 2184 84 19 2198 25 4 2410 32 28 2552 20 17 2711 34 21
474 19 3e-06 195 67 1 361 99 10 398 61 13 416 9 22 489 90 11 650 84 5 719 48 13 1823 2 14 1956 16 15 2180 23 23 2260 29 31 2465 47 31 2515 77 3 2598 56 23 2642 57 25 2661 100 30 2713 60 4 2732 72 27 2752 62 22
475 19 3e-06 180 28 16 230 9 13 435 52 14 543 1 24 635 61 13 858 57 26 896 16 8 959 4 16 1949 95 11 2042 7 17 2048 46 18 2099 82 27 2104 3 3 2132 91 18 2159 94 24 2190 72 20 2347 36 10 2465 63 29 2562 23 3
476 19 3e-06 166 24 13 210 91 8 226 52 8 352 74 8 554 69 20 567 91 13 639 58 30 750 12 31 817 30 15 1006 86 11 1038 22 29 1815 100 12 1910 84 14 2316 31 14 2388 60 17 2397 17 20 2459 12 26 2469 52 0 2775 34 27
477 19 3e-06 130 94 1 208 85 25 282 91 14 318 24 3 368 93 9 483 26 28 595 56 12 792 91 13 792 93 18 869 38 21 922 57 18 981 48 11 2126 51 0 2295 84 23 2306 33 18 2479 31 27 2553 45 23 2568 37 20 2672 75 8
478 19 3e-06 184 15 31 241 60 2 501 4 24 583 98 29 608 33 28 775 82 30 874 54 12 895 57 20 954 71 9 1856 48 12 1938 80 0 2012 43 23 2127 13 11 2137 61 25 2567 70 15 2602 29 22 2643 26 25 2662 9 29 2681 43 17
479 19 3e-06 107 22 13 316 44 20 527 12 31 550 66 15 840 21 22 882 12 3 1902 16 28 1959 66 24 2028 27 22 2113 29 28 2154 88 29 2211 7 18 2252 2 17 2324 17 25 2382 100 11 2421 78 4 2703 65 4 2710 49 17 2727 92 11
480 19 3e-06 138 100 5 231 10 31 265 29 18 341 63 24 375 33 19 422 60 13 625 6 15 728 49 21 746 70 0 806 92 11 2011 21 21 2185 50 12 2216 41 19 2341 47 25 2607 45 19 2649 59 6 2650 6 4 2689 29 13 2751 1 19
481 19 3e-06 85 60 20 191 65 31 297 92 3 599 18 24 599 73 5 639 36 19 691 39 18 694 35 1 1008 70 9 1881 96 20 2033 100 25 2142 93 21 2266 54 8 2356 2 27 2359 31 3 2379 84 27 2529 85 23 2617 90 15 2639 32 26
482 19 3e-06 100 99 29 167 98 29 177 8 2 319 81 20 581 99 27 703 0 30 706 57 13 712 97 11 730 60 31 735 71 8 890 39 22 1872 64 0 2407 70 11 2433 58 30 2441 42 14 2452 3 26 2685 0 21 2722 73 9 2725 53 15
483 19 3e-06 302 75 12 327 42 1 354 9 2 398 8 15 533 93 16 729 44 25 753 45 18 771 22 24 805 56 7 812 77 21 815 58 5 816 10 30 1005 95 25 1025 43 30 2118 34 16 2200 37 14 2264 78 17 2449 39 31 2682 84 19
484 19 3e-06 150 15 18 166 62 11 290 45 30 501 28 26 612 49 5 650 19 0 709 24 1 970 75 13 972 46 17 1849 76 25 1928 21 11 1941 26 7 2045 26 22 2262 85 20 2381 33 12 2488 72 14 2525 44 25 2569 38 11 2600 33 14
485 19 3e-06 92 93 13 248 32 0 278 28 22 443 48 18 475 27 2 832 51 28 870 21 28 979 27 25 980 21 18 1823 96 29 1855 5 30 1869 46 23 1917 96 21 2175 93 13 2373 31 27 2390 49 13 2392 33 21 2540 5 8 2627 22 9
486 19 3e-06 173 39 22 185 47 3 250 66 25 375 35 18 400 5 0 651 95 31 657 33 24 871 6 27 942 80 4 957 1 25 985 2 2 1878 8 18 1968 84 24 1983 34 0 1997 91 18 2057 24 11 2414 73 20 2414 86 18 2419 85 18
487 19 3e-06 153 77 1 198 35 6 547 5 29 566 72 8 714 39 25 784 67 26 901 40 23 1021 7 19 1926 59 4 1944 39 31 2079 72 9 2098 70 5 2117 21 9 2212 33 10 2308 65 7 2320 13 23 2376 3 31 2477 19 2 2753 40 17
488 19 3e-06 126 28 9 164 92 1 204 54 20 561 3 22 727 64 13 730 24 14 795 51 19 797 7 22 867 3 30 905 6 1 1827 80 17 1838 34 0 1989 95 8 2036 83 28 2168 97 22 2286 59 29 2493 49 11 2539 7 25 2625 13 23
489 19 3e-06 177 52 14 278 10 0 411 81 5 419 47 28 521 5 7 764 27 0 766 25 28 1015 32 28 1851 84 11 1980 53 13 2020 84 26 2275 98 24 2319 50 5 2489 50 10 2517 0 29 2541 87 28 2660 58 18 2688 74 10 2760 47 17
490 19 3e-06 88 94 18 202 5 27 325 26 31 387 14 12 397 64 9 499 17 27 640 98 10 655 55 4 668 41 16 675 12 30 807 76 3 846 38 25 1024 27 20 1948 49 27 2007 13 31 2521 96 29 2608 23 11 2612 82 12 2690 67 9
491 19 3e-06 289 5 1 519 99 24 565 97 11 573 56 13 676 77 31 803 52 20 826 12 15 988 24 20 1017 89 14 1822 60 26 1840 28 23 1941 83 25 1953 5 6 2147 88 15 2212 60 2 2213 52 17 2252 68 17 2368 63 29 2559 70 21
492 19 3e-06 182 62 22 199 60 19 300 92 21 321 39 23 688 91 25 795 57 9 924 89 12 989 63 12 1997 51 22 2046 1 23 2110 46 30 2169 71 6 2201 31 23 2338 68 13 2434 1 18 2647 82 2 2651 3 7 2697 75 18 2700 4 3
493 19 3e-06 281 47 0 351 70 18 505 71 17 543 31 24 568 29 30 741 47 2 794 5 8 1822 12 29 1906 90 22 1921 55 31 1959 28 20 2168 73 7 2235 66 17 2309 68 25 2341 1 12 2607 59 25 2624 18 21 2710 35 22 2767 32 0
494 19 3e-06 134 87 8 287 11 4 410 14 10 479 48 10 597 87 1 662 90 11 683 83 26 956 65 15 985 21 1 994 12 28 1838 4 18 1917 5 0 1972 4 17 2098 72 5 2204 16 2 2535 95 21 2627 73 13 2669 84 3 2747 97 0
495 19 3e-06 87 34 2 179 42 1 269 17 3 357 35 5 412 15 18 425 98 21 462 35 12 548 99 17 750 6 2 925 63 21 1018 89 1 1825 84 13 1888 40 27 1973 76 4 2077 50 31 2143 75 2 2527 44 28 2626 16 18 2711 5 3
496 19 3e-06 100 5 2 205 52 2 340 35 25 345 32 6 373 20 29 388 70 23 392 83 15 530 22 5 683 63 5 742 53 22 898 51 5 952 27 22 1816 58 27 1998 50 2 2056 2 19 2144 42 27 2174 69 11 2551 43 29 2645 91 21
497 19 3e-06 213 89 29 298 4 31 366 17 0 419 63 0 517 96 8 623 24 25 675 77 19 739 74 15 759 63 30 842 17 16 1827 26 24 2169 23 28 2267 73 11 2376 35 6 2424 23 8 2463 75 3 2544 1 16 2549 21 29 2682 37 24
498 19 3e-06 72 58 17 310 59 0 693 82 2 722 2 30 748 44 30 825 92 29 929 56 17 1017 55 23 1038 75 4 1811 34 24 1879 6 14 1907 62 15 2004 28 12 2093 15 27 2211 22 28 2478 78 30 2708 9 15 2709 74 12 2775 71 0
499 19 3e-06 159 37 14 205 18 15 245 13 14 257 50 28 276 79 28 485 92 20 681 20 0 690 2 22 798 81 7 867 19 25 1825 30 3 1847 44 26 2067 46 26 2099 33 1 2321 72 2 2392 46 0 2527 60 26 2543 87 28 2688 6 0
500 19 3e-06 132 8 24 157 77 5 240 100 28 324 30 4 331 37 21 568 68 23 597 74 22 660 65 26 695 13 14 760 34 3 874 69 21 1005 48 1 1855 75 18 2187 14 14 2204 7 8 2334 71 24 2454 36 12 2472 8 19 2732 96 9
501 19 3e-06 337 62 5 357 20 18 366 96 26 573 42 6 851 66 23 1871 70 2 1904 32 10 2081 8 5 2153 48 15 2192 32 12 2363 53 20 2374 80 3 2469 18 14 2471 13 12 2539 47 27 2555 89 7 2581 25 27 2687 25 5 2746 77 26
502 19 3e-06 141 98 14 146 89 27 526 78 16 631 10 0 671 7 15 717 23 23 814 90 20 941 9 22 1985 8 2 2018 76 24 2020 33 18 2091 6 31 2186 52 17 2229 52 2 2241 61 24 2298 62 13 2312 22 29 2349 27 0 2718 50 18
503 19 3e-06 101 5 1 185 80 6 346 52 24 560 93 1 687 50 23 765 18 11 897 91 29 951 20 21 1965 36 19 1981 5 11 2044 1 30 2106 75 28 2161 14 14 2372 91 29 2523 90 25 2544 47 1 2576 24 25 2708 17 29 2715 6 20
504 19 3e-06 135 46 3 171 53 27 304 29 1 350 22 26 528 95 14 878 11 22 1004 34 8 1854 82 1 2138 47 6 2240 41 8 2378 92 11 2380 82 6 2465 59 20 2499 28 4 2554 25 13 2559 8 22 2612 98 6 2649 52 28 2709 96 21
505 19 3e-06 157 77 21 217 48 13 247 59 21 258 4 14 272 44 14 445 41 27 487 48 22 526 45 7 526 95 29 629 49 27 696 11 8 2002 61 15 2077 6 4 2182 41 16 2284 46 8 2392 41 3 2393 13 9 2401 70 14 2716 84 7
506 19 3e-06 94 12 19 104 10 26 266 29 8 431 51 28 537 63 28 895 96 1 935 25 9 1023 22 4 1986 87 19 2064 71 31 2233 31 15 2256 91 23 2284 1 4 2286 64 4 2385 76 6 2396 76 20 2424 17 0 2455 23 11 2716 62 7
507 19 3e-06 79 39 31 119 38 15 186 14 29 236 99 26 336 35 16 629 14 8 713 21 31 1926 16 17 1966 31 26 2070 10 10 2113 42 10 2345 12 27 2404 26 0 2522 6 13 2524 62 1 2527 83 23 2553 50 23 2556 96 19 2641 72 2
508 19 3e-06 413 61 9 416 19 31 515 38 0 573 100 9 671 98 28 770 47 12 857 56 15 955 17 19 1835 35 20 2042 98 28 2047 88 14 2119 90 6 2206 54 10 2342 32 22 2414 93 30 2415 53 30 2516 88 2 2675 95 9 2719 50 26
509 19 3e-06 408 23 19 445 7 20 534 74 21 874 88 23 1026 25 4 1869 20 6 1887 26 17 1899 70 4 1907 2 3 1959 64 16 2048 34 31 2062 33 22 2079 62 30 2242 96 1 2254 8 3 2350 83 2 2454 89 25 2525 0 31 2649 77 30
510 19 3e-06 106 0 18 124 18 5 178 65 12 384 83 3 439 94 12 455 67 24 570 52 8 623 95 20 729 31 4 762 4 31 812 77 4 914 47 11 1856 11 24 2006 89 19 2049 30 0 2187 18 15 2319 32 28 2350 26 20 2423 94 12
511 19 3e-06 106 24 2 272 46 13 313 13 15 370 10 8 458 7 5 566 14 28 849 35 11 936 16 21 972 22 1 1810 20 20 2094 14 7 2108 71 6 2250 27 25 2370 68 14 2513 13 5 2697 84 18 2705 47 27 2711 9 30 2739 24 15
512 19 3e-06 163 66 20 361 63 5 419 91 7 706 41 22 798 32 0 824 22 24 833 34 21 844 69 8 997 19 0 1035 1 15 1854 24 29 2043 11 14 2203 57 12 2318 50 25 2338 4 21 2425 83 3 2460 2 6 2519 1 2 2712 42 15
513 19 3e-06 166 32 28 227 18 11 378 37 10 429 86 18 473 91 30 524 13 7 656 34 5 670 16 12 691 58 27 766 68 13 783 90 5 1928 49 8 2052 17 18 2120 91 2 2333 3 0 2560 40 25 2595 6 24 2662 28 4 2693 41 21
514 19 3e-06 187 73 5 202 48 18 285 0 12 336 5 2 752 35 23 1020 91 31 1891 72 6 1940 56 18 1970 14 31 1997 23 10 2012 55 7 2336 97 0 2359 92 31 2387 51 18 2445 22 28 2508 62 30 2522 62 25 2644 74 26 2717 56 8
515 19 3e-06 143 67 27 226 71 23 511 50 9 623 97 5 838 68 18 937 93 4 1832 51 21 1944 3 31 1982 28 14 2111 60 9 2213 73 9 2226 88 13 2323 36 14 2528 1 11 2656 30 0 2697 84 2 2742 85 9 2756 33 19 2767 72 19
516 19 3e-06 108 13 30 228 26 19 280 33 20 306 55 14 390 92 2 717 44 12 750 20 4 781 15 0 835 20 27 839 50 11 1856 96 21 1961 63 20 1983 42 23 2109 70 9 2135 14 1 2158 98 26 2173 32 2 2196 47 9 2328 18 25
517 19 3e-06 122 94 21 172 73 3 367 24 15 427 57 21 441 5 31 616 93 26 630 20 25 695 66 14 775 2 0 814 100 24 1018 1 22 1861 96 29 2033 98 4 2200 19 27 2363 19 10 2444 57 23 2661 24 9 2682 44 2 2749 97 31
518 19 3e-06 134 40 12 145 77 5 285 100 22 442 74 9 454 72 2 673 46 17 859 54 26 952 80 22 1822 2 24 1860 13 21 1870 25 24 1921 37 16 2007 55 20 2091 57 11 2163 41 8 2215 85 12 2297 60 9 2381 55 8 2486 34 19
519 19 3e-06 178 68 5 257 97 5 277 22 3 389 3 2 508 0 23 526 44 31 567 74 28 571 12 17 656 11 4 702 96 26 764 77 18 926 26 6 1891 21 8 1940 86 7 2102 6 3 2127 12 31 2282 26 13 2481 73 9 2505 65 25
520 19 3e-06 130 37 13 323 33 4 340 6 7 1030 85 19 1911 27 14 1998 90 12 2133 85 2 2192 68 9 2221 18 0 2391 89 26 2405 29 31 2446 89 17 2611 64 20 2629 12 4 2634 97 13 2657 44 31 2667 44 19 2702 89 19 2771 34 14
521 19 3e-06 118 82 27 227 76 16 387 3 12 823 78 28 1004 14 1 1006 59 18 1020 50 15 1914 39 19 1978 46 4 1996 77 22 2002 57 7 2043 19 22 2074 29 24 2154 10 22 2224 28 6 2408 49 17 2530 40 7 2553 60 30 2619 54 16
522 19 3e-06 101 11 17 144 76 9 317 69 24 420 73 27 536 39 8 673 85 0 758 43 14 767 25 13 787 71 12 842 65 31 882 84 13 1024 87 1 2150 67 9 2291 3 25 2311 38 4 2431 0 26 2451 29 8 2596 58 5 2598 86 31
523 19 3e-06 128 98 0 211 0 10 299 33 19 311 79 12 501 57 11 502 6 7 762 83 16 828 54 18 859 92 14 1029 54 12 1988 48 12 2041 76 2 2055 46 10 2156 5 21 2433 92 16 2506 73 27 2574 66 0 2615 32 19 2703 62 23
524 19 3e-06 313 94 15 342 45 5 616 79 30 707 67 12 859 22 17 899 30 16 941 33 14 1005 7 0 1028 18 24 1889 84 21 1915 98 9 2286 24 29 2330 80 23 2433 24 11 2452 27 15 2553 17 5 2605 47 15 2717 39 9 2722 59 31
525 19 3e-06 106 89 23 109 83 3 128 22 4 217 93 11 239 62 4 376 58 3 377 60 20 423 74 8 534 94 11 630 26 18 801 96 1 823 76 6 2198 95 10 2256 76 9 2304 78 2 2332 29 8 2605 72 0 2617 62 15 2751 75 6
526 19 3e-06 370 89 7 391 6 11 413 7 16 420 3 21 448 1 19 542 27 16 542 88 9 670 54 31 756 6 9 858 54 20 858 59 26 1881 83 22 2027 47 7 2127 17 30 2434 73 28 2492 65 3 2494 61 27 2510 33 12 2572 20 9
527 19 3e-06 119 63 0 129 40 11 133 32 8 199 77 28 300 43 7 380 49 23 523 49 8 547 25 28 605 60 23 841 11 23 1025 27 3 1818 66 6 2092 44 0 2115 96 10 2120 91 6 2315 38 29 2508 72 23 2667 13 1 2706 50 5
528 19 3e-06 81 60 19 199 41 28 425 36 11 518 13 29 556 72 14 727 83 12 894 20 13 964 75 3 1018 68 8 1849 49 4 1891 27 11 1985 81 17 2099 96 4 2125 8 13 2234 56 12 2257 85 23 2352 73 25 2424 57 10 2556 100 12
529 19 3e-06 375 27 19 384 50 3 427 16 30 686 79 11 740 8 23 748 27 6 814 26 13 836 29 18 1922 31 10 1942 26 11 2114 1 24 2280 84 30 2287 99 0 2335 33 26 2343 97 23 2375 87 25 2603 95 2 2631 55 9 2683 8 11
530 19 3e-06 145 34 14 349 71 22 421 39 13 514 46 22 880 73 24 1007 51 9 1809 69 24 1953 25 8 2054 49 26 2171 33 12 2185 61 3 2250 53 30 2264 41 1 2335 87 5 2419 43 15 2438 2 4 2478 16 3 2557 50 16 2661 84 8
531 19 3e-06 194 19 6 393 10 5 394 53 8 479 92 27 608 47 18 740 44 23 806 42 9 819 34 25 938 62 26 945 81 29 1966 85 5 2006 7 19 2269 25 16 2312 81 18 2363 22 19 2479 41 12 2545 63 24 2585 3 10 2622 8 2
532 19 3e-06 268 83 1 275 32 6 292 39 6 354 0 14 385 24 14 507 76 18 531 69 19 736 16 11 780 71 21 847 86 14 940 62 10 1883 49 21 2111 31 7 2123 99 18 2145 6 29 2330 73 28 2554 49 16 2725 13 23 2748 69 23
533 19 3e-06 114 26 29 201 20 5 328 76 23 349 3 7 591 66 22 610 33 11 618 13 14 812 61 27 851 37 12 1024 49 17 1822 2 24 1847 77 14 1885 63 8 1976 59 8 2251 37 31 2483 58 11 2534 4 2 2594 28 20 2690 70 14
534 19 3e-06 89 54 16 116 46 31 124 52 12 229 72 21 236 97 22 297 89 9 444 97 24 515 61 14 632 21 11 636 9 25 923 55 8 1874 91 21 1877 49 2 2052 80 1 2345 77 28 2482 100 3 2506 69 12 2611 34 27 2706 1 29
535 19 3e-06 129 31 6 576 100 4 627 1 28 637 74 15 815 54 22 1018 73 8 1841 84 17 1963 20 22 2083 26 14 2109 73 24 2120 70 8 2140 13 19 2169 53 24 2192 71 11 2232 37 2 2424 86 6 2640 32 21 2650 79 28 2733 54 1
536 19 3e-06 114 1 1 401 3 29 411 49 10 508 71 13 565 0 0 763 41 27 850 84 22 1939 7 11 2010 68 0 2081 93 15 2082 39 28 2122 61 28 2176 7 27 2184 43 27 2220 50 2 2289 58 11 2315 1 9 2401 26 31 2544 56 24
537 19 3e-06 139 80 29 374 31 6 497 71 2 585 64 8 731 92 4 757 42 15 818 0 29 906 63 0 962 32 15 985 89 4 1021 100 11 1830 18 17 1921 94 9 2042 47 7 2106 25 27 2109 45 20 2289 84 29 2299 80 12 2356 20 28
538 19 3e-06 99 0 8 99 29 17 100 30 22 203 10 28 288 63 24 462 72 12 538 12 5 631 85 9 665 17 30 744 83 6 789 45 19 971 62 6 980 7 14 1820 90 10 2209 79 17 2246 18 19 2294 75 10 2364 13 24 2671 74 15
539 19 3e-06 136 31 1 313 28 3 326 68 23 346 61 20 478 90 1 674 20 10 687 61 31 712 3 20 725 84 22 762 93 19 980 94 28 1966 22 11 2034 90 12 2040 24 8 2279 78 21 2316 72 0 2342 3 16 2371 20 18 2381 14 19
540 19 3e-06 196 34 11 230 53 9 260 89 30 508 78 4 538 91 21 554 54 15 570 18 12 700 31 11 713 75 14 888 27 4 891 71 1 895 5 17 1921 74 17 1955 18 29 2048 96 0 2169 91 7 2174 5 5 2205 27 26 2426 49 24
541 19 3e-06 119 55 19 147 72 27 406 66 4 529 52 10 698 33 7 739 61 27 746 48 11 846 26 22 898 38 8 969 47 18 996 100 31 1886 1 23 1942 43 3 1966 43 1 2350 77 16 2475 71 7 2640 12 15 2704 33 17 2709 21 6
542 19 3e-06 170 76 14 238 67 25 327 65 13 343 60 12 345 98 25 417 62 29 649 67 20 811 13 24 975 71 28 1016 1 12 2255 9 18 2284 63 16 2344 18 18 2397 86 13 2427 28 25 2479 83 1 2507 40 5 2520 57 15 2659 95 29
543 19 3e-06 164 15 5 403 7 16 645 76 7 782 16 27 874 80 7 990 61 16 1006 22 4 1011 4 1 1902 98 4 2073 81 10 2118 62 3 2204 67 13 2206 59 20 2439 49 12 2482 87 31 2531 22 18 2704 75 30 2747 98 0 2748 14 18
544 19 3e-06 279 83 20 316 32 12 395 45 16 670 18 31 761 97 10 762 33 9 777 16 11 812 42 5 877 16 15 904 100 15 959 69 1 1019 94 20 2214 96 18 2284 21 13 2551 26 23 2565 92 20 2599 94 23 2613 61 28 2753 8 16
545 19 3e-06 99 69 21 104 76 11 254 79 19 491 100 11 517 2 20 735 22 16 829 54 7 846 97 28 999 1 28 1025 17 11 2173 37 17 2185 33 26 2456 31 13 2512 100 17 2514 83 23 2563 89 14 2579 43 13 2641 90 17 2724 62 16
546 19 3e-06 258 25 8 272 52 19 378 96 16 406 3 7 469 0 18 676 31 1 798 1 14 846 66 19 872 88 1 909 84 14 970 8 31 1856 72 2 1939 97 10 1969 34 21 2092 22 25 2443 28 2 2452 82 4 2534 8 16 2572 0 28
547 19 3e-06 93 66 0 188 20 26 332 97 23 400 6 13 524 81 1 541 6 16 563 77 18 598 10 30 600 22 29 771 80 11 782 39 3 791 45 31 809 65 14 1897 16 9 2073 51 3 2606 59 21 2610 10 30 2638 11 26 2681 84 2
548 19 3e-06 171 20 9 246 14 1 323 62 8 354 74 21 691 41 31 729 71 20 841 60 10 881 71 4 894 3 22 1913 16 25 2023 95 24 2138 48 29 2237 38 12 2372 28 18 2400 4 24 2412 4 5 2419 56 27 2521 65 14 2775 81 0
549 19 3e-06 145 28 21 172 12 25 402 63 12 584 39 2 668 42 25 716 67 0 727 83 4 785 48 3 984 100 31 1819 27 26 1854 29 18 1979 14 2 1984 37 31 2057 71 19 2128 61 1 2284 40 17 2409 11 14 2686 45 17 2706 19 1
550 19 3e-06 139 5 17 221 56 4 297 93 3 389 40 5 412 18 27 651 44 25 715 85 21 866 8 1 948 77 29 1005 79 24 1964 78 24 2090 28 8 2141 13 1 2378 25 1 2449 82 24 2460 30 8 2518 3 27 2518 69 12 2548 7 20
551 19 3e-06 134 59 4 150 16 6 175 15 15 267 2 8 274 65 28 274 93 27 324 21 29 413 37 10 597 13 28 669 4 31 843 83 7 849 79 3 964 72 14 980 80 3 2040 97 28 2092 43 16 2214 7 0 2321 97 4 2749 59 25
552 19 3e-06 229 53 17 248 38 31 339 24 7 398 60 0 400 43 14 419 71 20 519 69 27 655 97 28 836 2 11 930 97 22 946 81 25 956 93 8 973 38 0 1822 72 13 1902 93 18 2444 71 30 2551 76 3 2739 27 20 2757 89 14
553 19 3e-06 537 0 4 648 58 10 776 5 16 861 52 4 963 3 5 969 31 18 995 99 22 996 64 10 1828 85 8 1830 85 27 1840 93 23 1867 40 13 1882 30 3 2037 16 17 2101 30 26 2157 9 15 2371 33 5 2615 44 7 2753 47 18
554 19 3e-06 168 96 24 378 58 24 380 92 31 408 37 18 420 37 31 730 24 8 814 61 31 905 36 22 952 31 19 1811 32 5 2014 70 24 2194 75 6 2244 91 31 2388 4 7 2438 82 23 2688 76 0 2699 20 4 2728 77 2 2746 98 25
555 19 3e-06 118 38 24 399 20 22 537 65 22 546 30 14 627 30 0 669 2 31 670 100 16 846 24 19 861 20 18 987 59 5 1023 55 27 1844 50 30 1911 18 13 2138 82 29 2220 87 26 2245 14 0 2566 60 7 2709 80 31 2732 23 2
556 19 3e-06 82 61 31 162 25 10 164 4 29 366 61 18 477 68 14 587 58 14 775 93 7 796 79 17 911 33 16 948 26 31 1929 7 10 2179 7 2 2282 95 13 2311 37 28 2561 38 13 2569 68 8 2655 55 1 2663 21 7 2711 73 1
557 19 3e-06 137 42 28 166 30 9 342 26 22 481 69 11 756 5 22 814 95 14 1014 28 24 1909 7 9 1964 12 8 2198 21 7 2217 60 0 2308 16 2 2388 9 27 2460 33 13 2479 98 18 2538 0 29 2591 2 25 2678 36 29 2734 76 21
558 19 3e-06 265 48 30 361 30 2 442 32 28 450 84 6 477 11 0 548 34 28 626 89 23 626 94 22 719 69 10 732 84 23 852 23 23 1016 50 26 1941 74 20 2092 34 5 2113 96 30 2385 47 8 2439 80 14 2547 8 6 2690 24 28
559 19 3e-06 90 54 21 182 25 25 347 10 28 525 29 17 641 57 29 798 73 13 1023 37 22 1811 99 4 1819 90 28 2072 54 17 2148 55 28 2166 83 28 2278 39 14 2315 50 17 2362 36 2 2530 9 12 2540 46 23 2597 25 9 2716 66 22
560 19 3e-06 293 30 4 345 59 0 432 88 14 471 64 23 654 72 3 704 37 21 794 100 20 928 3 20 962 100 30 970 0 8 1001 95 10 1859 70 4 1974 65 22 1980 13 27 2033 23 21 2114 61 6 2271 95 15 2506 41 21 2553 71 7
561 19 3e-06 278 61 15 353 52 6 556 49 6 651 57 16 661 96 19 693 92 12 835 84 6 1852 5 31 1912 50 6 1958 19 24 2183 17 26 2190 79 9 2244 53 8 2273 73 9 2307 77 14 2369 56 13 2488 42 3 2724 91 10 2749 38 10
562 19 3e-06 101 5 22 122 43 31 194 69 3 210 11 5 221 52 16 343 22 6 346 68 14 366 8 0 551 36 1 554 41 12 829 34 9 887 59 7 1880 75 11 1898 38 16 1924 65 29 2058 34 0 2167 37 15 2600 6 7 2604 75 29
563 19 3e-06 273 16 4 280 11 16 612 23 12 658 3 19 693 62 5 899 91 30 947 76 20 1809 9 19 1917 80 16 1937 37 9 2067 80 20 2175 55 16 2229 20 1 2369 8 27 2453 53 15 2642 28 4 2653 96 31 2680 78 16 2726 90 16
564 19 3e-06 124 64 27 129 35 10 247 26 7 461 63 11 591 2 11 715 55 17 782 81 27 854 9 6 996 21 19 1021 47 16 1914 7 22 1962 72 21 2039 37 26 2128 82 7 2171 36 4 2236 37 3 2719 97 26 2751 82 2 2758 24 5
565 19 3e-06 85 57 1 137 26 8 250 5 24 304 70 3 372 61 15 399 59 16 429 65 1 445 67 7 534 20 5 580 63 19 625 12 1 886 57 4 1989 100 22 2054 62 1 2265 79 8 2346 1 5 2445 15 1 2618 94 30 2639 72 25
566 19 3e-06 97 37 19 100 29 28 254 39 18 403 15 28 544 87 9 786 55 13 1002 46 19 1832 22 12 1914 72 18 1989 41 6 2028 70 24 2053 72 18 2057 11 9 2099 67 22 2276 69 11 2432 37 9 2573 74 14 2601 11 9 2684 26 24
567 19 3e-06 394 19 10 487 70 27 500 31 29 582 24 2 611 86 4 820 82 21 921 7 7 967 21 18 1824 26 19 2131 98 20 2313 17 31 2449 61 16 2484 10 22 2509 19 12 2571 6 25 2670 7 19 2673 82 5 2682 38 7 2766 34 10
568 19 3e-06 158 95 22 220 92 11 238 42 31 342 99 27 422 17 27 496 20 20 615 90 19 826 86 0 852 50 28 1000 40 30 1023 62 21 1817 39 1 1839 82 30 2042 17 15 2090 14 1 2155 15 9 2447 32 22 2461 6 0 2749 44 5
569 19 3e-06 99 20 0 242 66 27 248 96 23 278 45 12 401 86 22 569 7 4 571 3 20 597 24 23 644 70 30 652 49 4 778 7 26 972 22 1 1949 47 20 2097 7 24 2117 75 5 2157 11 10 2312 42 13 2378 12 1 2562 77 15
570 19 3e-06 220 95 14 242 87 30 330 87 16 372 60 25 384 32 14 456 34 30 461 39 13 623 93 12 693 91 30 2025 45 19 2030 99 29 2142 21 6 2159 43 27 2173 100 2 2218 38 26 2282 87 19 2551 69 10 2611 84 6 2705 82 8
571 19 3e-06 272 75 1 423 25 2 423 54 18 566 31 31 607 5 20 695 72 9 815 57 27 820 66 18 880 60 12 1976 21 15 2063 97 31 2171 100 20 2177 4 19 2193 82 20 2271 62 15 2359 71 9 2382 98 13 2715 3 0 2765 83 31
572 19 3e-06 77 77 19 107 20 2 114 12 6 192 93 12 386 92 16 591 85 16 616 82 27 729 70 24 805 53 30 911 1 22 914 11 30 954 19 29 1924 49 23 2145 82 17 2346 42 16 2355 58 16 2457 50 8 2504 54 14 2508 29 27
573 19 3e-06 125 13 30 316 83 1 564 74 13 645 55 4 648 92 1 832 36 1 903 4 3 915 41 8 991 23 3 1037 92 13 1915 61 13 1947 26 6 1949 71 23 2058 86 2 2131 34 22 2143 27 22 2659 68 13 2667 72 6 2749 59 0
574 19 3e-06 82 55 19 175 82 26 287 83 21 391 29 21 501 14 2 617 59 14 622 88 28 657 45 26 848 23 31 949 10 17 986 15 29 1848 7 12 1898 80 3 1959 58 5 2297 48 28 2375 40 27 2431 39 7 2594 94 11 2614 53 1
575 19 3e-06 153 82 15 186 28 28 250 1 23 290 51 22 557 94 8 617 22 12 648 10 19 785 12 12 933 22 15 1006 77 6 1840 5 25 1899 20 12 2034 70 6 2080 0 23 2172 48 18 2404 33 10 2554 10 31 2574 50 2 2736 74 12
576 19 3e-06 289 3 15 526 44 30 529 96 11 639 72 13 833 75 4 1843 34 25 1981 46 29 2081 4 29 2122 79 17 2158 77 9 2235 29 20 2283 17 31 2522 5 27 2523 48 22 2561 21 4 2664 20 14 2671 83 23 2675 0 2 2683 25 5
577 19 3e-06 113 68 20 283 69 21 816 48 2 856 29 1 869 70 22 1833 90 28 1908 12 6 1961 100 14 1993 62 4 2047 48 15 2184 29 16 2222 82 31 2225 99 18 2477 7 18 2481 58 30 2505 21 4 2505 38 13 2672 81 3 2758 35 6
578 19 3e-06 180 28 30 258 53 25 338 85 10 342 20 4 348 70 30 526 24 16 684 57 25 712 89 17 1869 18 31 1981 0 25 2002 97 19 2020 23 10 2202 19 6 2212 35 31 2220 89 12 2409 48 20 2558 74 27 2617 63 1 2709 7 26
579 19 3e-06 182 60 21 309 19 11 620 88 16 622 64 28 674 17 24 716 67 11 924 39 13 1869 11 15 1921 49 8 2018 52 13 2081 45 11 2232 78 11 2242 84 31 2257 34 4 2271 79 27 2276 59 10 2328 84 0 2507 80 18 2734 65 2
580 19 3e-06 194 9 22 421 49 27 476 31 15 530 2 29 556 38 29 589 8 9 614 10 19 661 30 30 1001 62 8 1014 46 16 2043 25 12 2069 4 24 2315 15 17 2341 76 7 2420 88 6 2424 57 21 2504 64 1 2520 93 24 2620 44 15
581 19 3e-06 108 73 2 323 0 27 334 15 27 404 66 8 625 43 20 746 78 24 791 86 22 867 94 31 996 99 9 1000 58 23 1928 22 19 1938 86 30 1947 19 21 2001 26 26 2150 84 16 2210 32 13 2431 73 16 2466 85 2 2618 7 9
582 19 3e-06 249 68 21 359 87 26 410 99 27 484 53 10 548 42 30 703 22 24 720 69 2 906 77 31 937 47 1 965 97 4 985 40 7 991 36 4 2068 7 8 2170 39 24 2210 46 1 2405 90 22 2484 67 26 2627 16 20 2708 18 1
583 19 3e-06 140 37 11 240 51 19 259 12 3 363 66 4 536 63 6 617 43 31 643 52 23 672 55 12 695 94 12 831 99 26 927 89 6 999 74 2 1016 54 2 1024 71 22 1950 92 18 2069 98 15 2109 31 8 2246 70 14 2638 12 24
584 19 3e-06 236 66 14 286 81 26 289 72 23 366 71 9 373 55 30 458 68 20 460 56 24 567 37 16 651 43 2 827 0 1 970 73 17 1869 14 22 1980 93 26 1990 38 26 2001 13 27 2018 87 12 2219 32 18 2315 98 4 2494 99 3
585 19 3e-06 183 18 13 238 8 5 306 23 20 584 39 24 599 9 23 715 75 10 895 50 8 902 31 14 950 35 18 1965 97 9 2144 54 29 2248 75 6 2315 19 12 2423 10 29 2443 50 2 2537 91 18 2542 8 8 2648 40 27 2709 0 19
586 19 3e-06 99 7 28 184 4 3 308 33 21 329 79 5 383 53 22 540 62 6 617 71 8 641 25 10 821 56 19 983 79 4 1933 74 28 1945 38 23 1993 49 21 1997 62 31 2099 98 9 2289 70 6 2453 42 19 2456 39 5 2751 44 9
587 19 3e-06 76 19 16 142 93 15 256 40 19 282 36 9 340 56 2 405 65 24 428 86 17 541 46 8 571 35 20 807 79 13 1035 24 13 1905 56 3 2109 79 2 2140 15 31 2280 7 3 2400 92 3 2525 54 29 2573 95 13 2673 67 1
588 19 3e-06 89 47 18 211 69 4 217 99 23 258 87 17 261 63 7 382 82 26 675 34 3 693 84 7 764 21 5 799 68 21 859 42 16 877 88 0 968 16 21 2011 96 7 2061 11 17 2116 50 22 2116 78 3 2177 0 24 2678 12 27
589 19 3e-06 349 25 26 436 77 26 497 6 15 541 74 25 554 23 16 743 45 2 849 71 30 1018 36 1 1036 10 21 1816 69 31 1830 54 15 2128 32 14 2214 78 4 2224 47 7 2246 100 30 2300 94 16 2447 73 0 2447 76 5 2721 57 7
590 19 3e-06 221 81 31 270 57 1 309 89 5 377 55 31 513 9 31 560 69 22 731 30 7 920 71 4 1025 99 17 1854 88 13 1913 90 29 1941 50 20 2028 32 1 2163 20 31 2238 14 19 2315 97 13 2447 72 23 2519 16 27 2628 76 22
591 19 3e-06 130 50 27 326 26 25 350 44 7 425 66 21 466 2 30 586 3 2 632 17 9 880 9 26 1821 52 2 1826 45 13 1843 96 22 1851 27 10 2047 100 16 2091 98 1 2529 96 23 2563 71 9 2598 78 18 2620 30 23 2709 17 3
592 19 3e-06 95 96 7 386 25 5 614 43 19 631 6 11 818 1 17 895 80 30 900 21 21 927 50 0 989 64 13 1018 2 25 1835 99 5 1863 13 18 2074 41 26 2079 95 17 2267 28 9 2267 94 20 2516 77 6 2581 68 10 2699 30 3
593 19 3e-06 116 24 10 151 22 8 269 99 3 482 20 12 483 25 23 640 62 30 711 54 9 769 60 17 794 19 17 891 18 11 1883 66 27 1992 88 16 1994 52 15 1995 49 4 2161 84 25 2367 84 1 2391 65 13 2430 3 5 2718 30 15
594 19 3e-06 245 68 8 272 12 15 295 97 22 303 82 25 350 74 13 366 17 2 402 15 18 605 52 18 744 84 19 780 15 15 825 3 21 891 46 23 1918 48 0 1977 22 1 2405 61 30 2439 69 5 2573 99 0 2633 87 15 2696 61 21
595 19 3e-06 82 47 25 147 16 19 231 33 17 313 0 10 430 32 15 471 47 0 506 62 4 610 49 10 817 58 9 972 27 21 1006 5 18 1833 25 2 1992 46 31 2030 75 0 2051 96 26 2108 47 5 2130 36 5 2275 90 17 2701 38 21
596 19 3e-06 141 58 2 153 29 8 237 69 19 257 87 6 415 32 13 477 23 14 599 65 27 892 95 31 1904 33 10 1927 55 9 2097 72 12 2253 85 25 2346 30 14 2423 96 11 2435 93 7 2467 89 10 2612 63 17 2735 2 25 2774 13 28
597 19 3e-06 230 38 10 368 66 11 389 7 18 406 52 30 440 65 2 456 55 24 697 22 14 766 89 20 912 14 8 1911 19 13 2024 52 22 2030 58 31 2170 0 28 2297 93 18 2333 84 21 2391 56 12 2520 92 29 2648 75 19 2655 41 4
598 19 3e-06 85 45 8 274 82 26 306 38 22 309 59 9 591 36 15 635 20 27 685 59 8 849 53 4 890 49 27 917 56 24 2019 88 28 2020 29 17 2059 68 7 2085 75 3 2173 50 28 2177 72 23 2339 91 2 2458 76 3 2667 35 16
599 19 3e-06 397 8 24 479 25 10 513 93 24 629 58 9 824 84 29 845 9 12 847 14 30 964 51 0 1829 83 8 1909 32 4 1927 52 12 1969 33 29 2041 8 17 2196 24 29 2233 44 27 2242 22 19 2309 62 28 2470 78 6 2503 50 0
600 62 1e-05 74 29 25 103 18 20 116 44 11 189 69 28 201 35 10 217 38 24 260 54 18 304 20 21 308 16 15 382 55 11 411 69 14 443 52 19 445 27 12 500 11 22 520 76 5 572 5 25 575 70 26 578 5 12 619 90 24 663 99 15 681 70 6 741 74 17 790 81 16 794 83 17 823 3 2 868 82 9 882 29 4 897 88 18 899 79 21 946 20 18 992 97 18 994 49 22 1856 50 6 1881 96 12 1882 90 2 1915 28 23 1927 1 16 1985 9 6 2006 96 26 2017 81 9 2078 59 23 2109 38 0 2122 64 2 2152 41 11 2159 35 8 2159 46 14 2193 64 29 2209 54 25 2267 95 7 2297 4 16 2307 69 10 2336 39 20 2412 70 18 2442 96 25 2451 65 29 2473 4 4 2488 60 2 2523 58 8 2635 23 3 2639 97 2 2728 11 23 2730 61 19
601 62 1e-05 123 83 24 169 24 7 196 59 28 235 26 27 245 33 23 256 35 10 310 76 31 319 38 0 459 32 19 470 84 15 499 84 4 548 63 6 555 20 10 562 97 7 587 45 8 614 15 12 649 17 15 652 72 29 660 77 12 682 72 24 692 60 0 761 55 5 784 46 1 826 94 25 832 65 16 873 52 25 877 51 2 886 2 1 886 92 24 920 28 7 991 99 9 1020 4 18 1027 8 24 1824 88 17 1856 32 28 1922 7 5 1984 49 14 2014 15 7 2070 76 31 2110 37 21 2132 35 18 2200 12 4 2226 28 12 2234 69 1 2247 12 15 2318 46 7 2328 28 30 2353 52 13 2367 56 10 2374 71 13 2430 57 12 2437 19 6 2463 87 22 2510 5 0 2519 27 24 2540 22 5 2613 78 23 2622 49 4 2638 79 27 2646 75 27 2672 29 12 2769 30 16
602 62 1e-05 74 66 8 80 33 23 104 84 28 162 53 3 205 22 19 244 96 15 268 40 19 305 14 31 365 9 16 381 17 31 411 87 28 424 83 5 436 29 27 473 57 18 488 82 26 510 28 16 516 81 29 574 60 18 638 64 16 708 78 27 739 87 21 755 18 15 758 10 2 774 43 24 786 59 27 806 26 1 837 66 26 965 68 4 991 3 25 1815 79 19 1860 12 25 1879 68 20 1894 25 0 1908 8 16 1922 79 22 1948 94 2 1969 98 28 2016 20 26 2060 40 3 2070 50 9 2071 3 2 2097 84 5 2114 81 15 2128 96 25 2141 75 3 2161 0 13 2161 82 26 2188 92 15 2223 19 27 2237 36 29 2238 98 3 2241 6 0 2393 47 18 2408 17 19 2453 84 0 2466 74 26 2534 39 10 2586 0 19 2628 7 7 2653 81 11 2675 45 26 2750 28 12
603 62 1e-05 91 77 23 131 94 18 147 88 20 152 98 13 239 44 9 267 0 13 273 87 22 274 4 27 364 15 20 432 88 28 543 76 3 583 16 13 585 57 9 599 51 22 600 73 0 619 61 26 630 35 5 657 19 27 684 100 27 739 84 10 753 100 4 806 34 1 813 92 0 850 21 27 850 97 4 856 63 7 903 41 31 916 6 28 926 74 11 950 57 25 982 51 30 1860 41 6 1909 14 21 1937 86 0 1960 34 3 1967 78 28 1972 54 14 1998 58 3 2039 40 27 2052 32 21 2094 53 3 2138 48 13 2156 18 21 2189 22 1 2201 69 18 2223 100 29 2229 19 21 2276 53 8 2334 59 5 2396 48 14 2415 49 6 2437 88 9 2437 92 20 2465 91 14 2525 87 3 2619 48 27 2620 3 28 2620 76 12 2635 29 10 2658 21 22 2769 64 1 2770 29 26
604 62 1e-05 73 30 14 94 83 10 117 7 3 121 57 3 183 92 25 204 50 25 281 18 0 372 74 1 376 4 23 439 75 9 447 69 12 489 9 10 547 34 30 550 60 0 584 69 25 593 98 4 642 36 20 667 5 26 713 95 12 715 64 24 751 90 5 783 54 18 805 90 23 811 64 1 849 60 27 879 74 10 991 6 4 1029 59 15 1817 22 6 1850 47 7 1858 88 24 1858 92 22 1869 96 28 1886 29 23 1890 36 21 1901 76 4 1965 56 6 2022 56 25 2106 36 28 2106 70 0 2118 27 26 2134 24 27 2180 69 23 2235 47 17 2255 6 2 2274 100 1 2286 3 29 2288 94 22 2326 72 26 2343 50 31 2437 32 7 2466 90 10 2524 46 9 2532 11 29 2546 40 20 2552 37 4 2557 11 1 2635 53 27 2657 51 2 2676 57 17 2762 76 20 2770 73 18
605 62 1e-05 78 2 27 97 63 31 111 19 15 115 48 23 170 67 18 234 10 27 280 92 9 287 57 23 288 79 17 425 6 26 427 54 23 442 38 13 473 74 13 497 51 29 523 20 7 539 42 16 539 82 19 560 51 9 572 26 3 590 21 15 738 78 17 774 87 19 777 0 14 800 50 18 849 1 1 935 64 3 954 44 22 970 39 28 1845 70 26 1848 9 27 1856 51 12 1883 69 29 1909 25 14 1910 32 10 1935 17 18 1946 3 19 1959 1 3 1962 47 20 1978 46 15 1987 16 29 2045 27 23 2082 14 11 2124 70 13 2152 30 30 2176 11 14 2182 5 5 2327 75 20 2385 78 19 2389 82 15 2413 40 18 2460 28 7 2517 19 16 2535 57 3 2547 48 15 2587 46 5 2632 46 31 2641 1 31 2647 14 27 2655 94 4 2706 86 21 2714 16 25 2773 47 5
606 62 1e-05 72 13 11 192 20 3 247 12 18 304 42 31 320 27 1 352 84 10 432 48 0 457 71 3 468 42 0 602 60 5 625 51 21 670 6 4 674 4 12 682 67 5 732 64 3 755 11 15 786 67 5 816 69 1 850 9 28 884 58 20 911 14 3 927 98 16 980 41 23 983 42 12 1003 47 10 1845 98 0 1853 59 22 1855 18 18 1857 13 4 1872 87 8 1929 78 18 1972 40 21 1983 65 11 2007 21 30 2016 0 29 2041 80 24 2068 36 19 2071 21 23 2081 44 29 2083 28 27 2123 25 12 2124 33 9 2261 90 12 2269 81 21 2303 29 17 2403 6 22 2426 81 19 2462 32 16 2479 27 29 2494 87 11 2514 13 31 2604 38 4 2637 12 5 2646 64 13 2653 68 19 2689 62 5 2696 61 3 2722 50 25 2722 92 16 2727 74 9 2732 80 2 2733 2 20
607 62 1e-05 138 80 16 160 26 27 186 81 31 245 17 3 256 76 17 262 3 27 298 16 25 385 8 13 443 59 4 497 19 29 520 89 31 530 75 8 594 74 25 621 12 19 636 26 20 691 1 6 698 73 29 706 23 27 709 57 2 759 70 29 836 13 20 875 76 13 924 37 10 925 65 19 942 54 0 951 52 26 970 14 11 1037 69 5 1817 42 5 1845 26 31 1845 51 5 1849 74 12 1871 36 16 1874 23 13 1920 4 12 1927 71 30 1948 53 5 2024 12 18 2040 81 9 2053 82 13 2057 71 14 2106 77 1 2108 40 24 2117 58 4 2180 64 20 2181 82 14 2187 65 10 2231 42 12 2305 33 26 2406 68 9 2478 93 24 2531 45 23 2553 84 10 2568 20 11 2572 61 15 2605 62 9 2609 46 16 2615 22 0 2616 74 30 2654 62 13 2656 71 20 2700 23 15
608 62 1e-05 88 78 1 106 87 21 140 30 9 152 83 0 174 23 1 223 17 1 273 2 29 303 34 24 311 15 27 312 11 6 490 87 17 513 58 18 536 86 7 572 51 2 591 11 22 607 37 9 616 71 2 637 80 29 644 23 27 678 53 22 748 39 22 773 8 10 781 19 10 794 86 23 820 49 25 850 59 2 872 97 8 873 58 19 914 62 12 922 0 6 950 10 28 968 84 22 971 40 19 1813 52 21 1825 40 18 1865 42 24 1873 28 17 1882 96 21 1895 48 22 1905 51 21 2012 37 28 2048 33 1 2083 45 10 2089 96 6 2199 23 23 2258 35 31 2302 82 15 2305 66 10 2323 1 15 2355 80 12 2383 13 4 2398 59 6 2439 59 4 2580 87 13 2588 15 5 2605 34 25 2657 9 23 2675 4 2 2678 67 20 2704 10 14 2725 51 26 2743 23 20
609 62 1e-05 109 98 11 144 19 15 170 74 15 227 100 17 327 35 9 362 29 9 373 88 19 401 0 28 508 88 6 516 74 18 557 79 2 561 54 0 585 7 11 592 19 12 608 3 21 608 21 8 653 5 6 658 44 9 699 27 22 719 25 16 720 7 22 720 42 14 727 66 30 744 93 14 776 48 29 783 69 26 815 14 12 829 98 9 839 19 29 926 66 25 927 4 13 940 87 6 1926 0 30 1988 48 9 2053 43 10 2077 40 29 2104 66 15 2131 78 26 2180 58 25 2212 4 13 2227 61 20 2257 42 10 2258 52 23 2273 25 22 2316 38 10 2331 72 13 2335 22 19 2375 34 10 2420 23 28 2491 40 22 2523 75 9 2539 34 11 2542 64 0 2562 94 31 2566 64 5 2588 6 13 2597 29 23 2636 44 4 2651 30 14 2692 7 14 2749 51 3 2769 28 8
610 62 1e-05 119 56 19 157 44 13 301 53 19 396 10 0 408 28 30 416 59 5 432 71 30 439 47 16 454 16 29 458 96 25 528 36 25 538 44 31 564 15 24 570 92 5 603 49 23 727 15 5 750 62 5 900 97 2 936 88 17 981 85 14 985 25 6 989 88 6 1019 24 3 1030 79 8 1820 100 24 1831 78 25 1867 83 1 1873 21 13 1875 17 10 1916 39 26 1940 49 17 1944 68 27 1949 10 10 1969 74 12 1973 64 17 1996 54 31 2014 92 26 2030 18 0 2035 87 8 2058 62 10 2080 77 1 2188 87 7 2294 15 9 2339 48 10 2347 90 8 2404 64 28 2424 18 18 2440 89 7 2441 64 20 2463 100 10 2484 80 16 2553 4 10 2585 85 8 2589 4 4 2610 54 16 2644 29 23 2652 80 15 2664 20 10 2673 83 20 2681 93 15 2701 42 7 2740 93 27
611 62 1e-05 111 34 17 126 44 21 180 91 19 261 44 7 278 73 22 312 43 3 323 50 20 329 2 7 345 97 18 351 49 28 440 36 24 470 40 25 483 82 5 498 48 18 499 73 27 507 10 1 627 18 17 662 25 20 682 25 8 729 11 29 854 19 25 941 16 28 946 37 15 949 97 28 987 60 31 1000 81 25 1012 72 1 1881 2 5 1907 25 14 1912 79 21 1924 21 11 1987 16 18 2012 96 22 2024 15 20 2099 53 24 2101 55 4 2107 50 23 2108 36 21 2137 100 28 2156 22 3 2177 74 25 2180 43 13 2189 62 14 2261 70 4 2316 84 14 2341 81 19 2437 2 8 2447 21 14 2453 19 28 2456 57 27 2462 81 5 2463 49 12 2505 100 23 2507 6 10 2519 68 0 2605 6 28 2643 27 14 2648 87 29 2666 60 22 2677 80 21 2714 67 31 2728 26 27
612 62 1e-05 82 22 5 104 78 22 125 41 19 139 50 2 207 53 0 222 75 9 253 48 12 261 25 19 290 76 4 331 60 14 367 2 15 395 73 18 446 32 18 453 82 15 466 93 13 491 40 20 496 76 13 528 38 10 556 31 24 575 93 19 598 87 21 620 13 30 625 47 17 652 25 18 674 100 0 687 5 17 705 35 8 787 88 7 800 24 24 835 51 25 874 14 14 954 0 9 1007 48 0 1833 74 21 1895 33 27 1929 36 18 2044 28 11 2051 31 28 2070 48 17 2114 66 1 2137 24 21 2183 75 25 2285 91 9 2298 1 27 2320 19 18 2333 40 5 2345 74 19 2372 59 7 2393 38 31 2420 41 22 2436 50 1 2464 87 20 2528 20 18 2566 53 15 2569 91 1 2658 100 21 2661 81 21 2688 52 8 2696 38 29 2702 30 2 2702 50 16 2763 74 0
613 62 1e-05 86 23 20 99 12 20 200 10 21 207 84 21 218 36 1 263 29 10 278 30 19 349 17 7 371 15 18 391 50 21 513 91 8 519 65 21 521 54 12 528 14 11 568 34 1 582 6 28 621 43 14 665 73 2 673 43 4 689 98 18 713 27 21 732 94 23 782 71 10 830 75 4 866 61 1 912 7 21 961 57 2 969 6 31 979 61 11 1007 32 13 1022 8 2 1035 77 31 1854 2 7 1866 90 21 1876 24 25 1908 79 19 1926 68 9 1938 36 7 1956 32 7 1999 75 10 2003 13 18 2012 89 26 2020 95 15 2037 43 14 2039 16 27 2113 76 27 2165 63 16 2215 98 2 2359 27 30 2373 35 17 2381 25 17 2498 10 27 2523 54 21 2532 59 31 2563 95 10 2679 16 28 2689 17 4 2703 94 12 2730 57 29 2742 57 15 2763 83 14 2766 44 24
614 62 1e-05 98 13 0 131 2 13 196 30 0 273 91 13 302 45 1 323 91 19 338 17 25 365 28 17 424 89 21 506 89 4 517 31 4 558 28 27 560 60 5 612 15 1 674 71 4 780 88 15 796 46 6 806 63 2 834 13 9 848 81 14 856 68 20 929 20 31 1819 95 4 1832 97 19 1842 44 14 1980 87 1 1986 89 25 1992 36 31 2000 86 16 2048 12 9 2193 61 26 2209 88 21 2218 1 5 2230 14 6 2245 96 8 2248 88 11 2255 42 19 2279 77 16 2284 77 26 2285 18 3 2344 26 13 2361 4 7 2384 11 4 2391 11 21 2404 70 29 2415 99 17 2435 39 9 2483 57 21 2519 86 12 2536 70 15 2554 45 13 2559 86 21 2574 91 17 2582 21 2 2603 72 20 2606 95 0 2611 72 12 2634 45 8 2650 37 1 2683 42 21 2744 41 1 2762 78 30
615 62 1e-05 92 47 8 106 1 0 140 96 17 227 65 19 299 23 12 323 38 18 358 92 13 373 25 11 393 47 25 412 19 12 415 38 13 416 73 11 427 97 4 584 92 27 605 78 11 635 97 4 700 8 19 714 72 26 716 8 28 720 43 25 723 91 1 757 1 11 811 45 10 815 78 21 822 18 30 826 13 24 828 19 17 893 82 28 894 94 13 917 5 5 985 96 18 1848 2 21 1906 57 28 1910 50 1 1919 87 13 1998 19 17 1999 33 10 2078 1 7 2090 93 27 2095 54 11 2164 36 23 2177 67 3 2206 92 3 2208 9 12 2241 22 0 2369 39 11 2544 48 19 2546 10 1 2556 16 0 2575 36 7 2609 9 8 2623 91 13 2631 93 3 2634 70 29 2638 3 31 2671 35 4 2700 86 15 2706 57 8 2706 95 23 2713 91 5 2761 51 30 2768 92 26
616 62 1e-05 90 84 6 114 18 30 123 29 2 163 44 25 166 36 15 172 35 31 214 90 19 222 1 8 237 57 20 239 91 14 250 33 25 360 95 29 364 21 22 379 33 25 395 94 5 453 42 13 473 39 25 554 23 6 571 45 8 601 16 4 610 41 22 625 59 25 667 70 7 668 91 26 697 59 12 731 50 28 811 67 0 823 31 4 862 25 28 905 5 28 908 28 27 924 62 2 926 70 27 957 62 3 966 29 24 1810 6 13 1825 83 29 1844 57 16 1951 66 0 1964 93 13 2011 52 25 2018 93 27 2039 80 25 2044 46 30 2062 98 10 2099 5 29 2148 48 23 2174 16 21 2204 24 14 2244 23 0 2270 55 23 2299 39 21 2331 69 18 2392 14 8 2479 85 7 2525 39 26 2552 51 18 2595 52 16 2643 0 20 2699 15 13 2718 96 4 2740 27 23
617 62 1e-05 101 68 0 102 2 9 104 43 27 149 5 13 156 60 1 227 30 8 233 24 23 264 35 16 286 49 14 290 40 24 299 21 0 305 78 31 326 81 21 340 93 10 395 49 21 413 93 25 473 70 1 530 97 6 539 71 24 549 80 19 564 82 19 642 92 22 679 59 9 742 10 29 798 68 3 829 53 10 834 77 23 868 90 18 913 55 31 922 74 3 948 95 24 983 88 7 1016 37 29 1818 89 4 1835 26 12 1838 6 11 1849 64 10 1885 49 5 1925 78 14 1962 91 5 1998 67 8 2039 96 24 2040 68 2 2067 26 0 2111 48 30 2133 3 31 2139 7 12 2203 56 13 2314 59 26 2325 30 30 2358 81 31 2432 36 3 2464 24 5 2492 79 8 2507 44 6 2511 99 5 2525 35 10 2547 67 6 2610 64 0 2631 42 17 2696 76 2 2735 47 30
618 62 1e-05 75 62 23 79 86 14 103 48 22 137 29 1 215 10 7 254 66 2 272 99 23 282 96 20 346 70 26 424 54 21 469 84 7 471 71 9 515 38 5 520 11 3 718 52 11 724 84 18 738 91 18 807 16 9 816 0 9 823 7 0 857 92 1 886 16 10 886 78 29 886 96 22 911 8 28 917 93 21 948 32 4 980 72 24 989 100 6 1811 40 20 1811 50 15 1842 78 22 1848 69 25 1857 83 20 1860 32 21 1883 11 5 1919 34 15 1924 48 31 1966 98 23 1995 30 7 2027 100 5 2065 6 17 2147 48 2 2167 21 19 2220 96 7 2225 61 27 2236 33 2 2269 71 6 2431 29 14 2437 53 17 2443 71 26 2453 78 2 2459 57 18 2528 57 19 2624 12 13 2644 93 23 2648 11 3 2680 52 12 2686 39 27 2702 13 1 2703 68 18 2734 82 3
619 62 1e-05 101 20 19 144 42 20 149 89 13 154 20 3 220 1 2 256 58 31 290 49 12 360 63 29 417 51 16 420 90 29 463 16 18 494 22 9 500 3 21 572 74 2 576 76 14 602 58 2 644 11 0 666 95 15 741 83 21 742 14 17 798 41 17 807 51 10 809 93 23 845 39 22 863 10 9 872 25 12 933 3 3 962 44 5 981 7 9 1008 27 18 1037 76 9 1842 91 28 1849 82 20 1879 90 8 1949 94 11 2007 75 22 2010 82 16 2016 87 24 2040 86 11 2060 63 13 2076 63 26 2109 30 30 2114 2 18 2151 12 17 2206 66 13 2219 73 11 2237 23 4 2237 78 8 2239 98 16 2288 23 13 2289 41 24 2400 84 0 2437 19 31 2463 57 26 2486 83 7 2525 75 18 2583 65 19 2589 64 10 2686 32 16 2701 25 20 2704 52 0 2720 17 4
620 62 1e-05 91 76 26 142 97 31 149 18 24 228 67 13 235 23 31 243 74 0 283 67 7 368 30 16 376 65 13 520 57 6 527 70 14 535 73 25 547 94 9 561 80 27 581 88 28 606 46 20 622 27 28 656 97 17 699 83 16 715 46 2 720 70 25 791 8 28 831 27 29 863 51 14 904 86 23 929 54 25 956 8 30 980 8 26 1019 63 6 1816 33 16 1826 41 24 1859 52 7 1866 23 4 1866 83 24 1880 75 18 1962 100 23 1977 13 14 2045 48 8 2065 51 4 2110 72 6 2152 82 19 2175 73 31 2193 73 8 2216 84 7 2221 58 24 2276 45 22 2331 4 0 2335 87 10 2368 36 4 2388 88 6 2398 28 21 2402 88 5 2417 71 19 2466 65 21 2475 78 18 2482 59 26 2598 97 10 2649 71 11 2662 68 6 2693 66 28 2707 31 12 2712 66 18
621 62 1e-05 88 71 18 193 37 28 193 96 25 200 41 28 208 3 29 233 92 21 234 54 8 235 41 12 276 30 0 319 47 13 330 73 20 435 52 15 439 60 11 464 44 6 473 14 19 474 78 0 533 52 14 536 20 12 541 64 31 545 3 4 569 71 20 633 45 24 650 47 1 668 62 24 673 76 17 775 30 22 782 10 15 853 53 14 896 27 28 996 95 27 1001 30 14 1833 61 24 1923 39 21 1968 65 13 1983 84 4 2018 81 22 2029 60 6 2064 68 9 2121 99 9 2125 6 31 2126 45 20 2126 75 22 2164 99 13 2173 3 16 2183 73 9 2190 96 30 2207 34 18 2230 59 7 2255 92 0 2258 93 6 2267 57 16 2299 46 22 2332 85 22 2360 54 29 2361 67 29 2380 49 31 2382 79 0 2392 10 17 2400 30 31 2403 52 19 2730 89 28 2739 89 27
622 62 1e-05 96 49 28 183 30 22 211 55 14 217 55 6 225 57 9 231 69 19 276 69 8 300 40 19 435 71 27 457 83 29 516 59 20 546 7 1 553 73 31 593 60 26 595 5 11 603 59 27 612 63 0 630 91 18 672 58 25 696 24 17 726 78 24 773 88 18 790 6 20 883 69 13 923 67 14 924 39 12 965 66 6 974 20 19 993 99 16 1828 55 29 1843 58 21 1850 17 0 1890 5 15 1901 66 1 1935 34 14 2004 81 7 2005 20 24 2024 47 31 2076 96 20 2109 34 26 2111 94 12 2122 87 6 2190 49 19 2193 71 22 2201 25 7 2300 25 22 2347 21 10 2378 57 0 2397 57 15 2432 22 14 2434 59 8 2483 64 22 2486 99 21 2519 40 6 2550 70 18 2554 23 24 2555 25 15 2559 79 5 2587 80 4 2599 18 30 2762 40 22 2775 53 6
623 62 1e-05 145 99 19 175 81 17 188 11 6 214 47 5 236 9 21 261 32 20 268 24 28 336 96 15 341 4 24 392 100 7 405 78 20 431 19 7 451 90 30 497 99 30 523 95 11 531 91 28 551 29 28 563 79 17 570 95 23 624 36 19 658 93 15 679 99 12 757 43 8 793 38 5 829 91 15 842 11 11 855 91 20 872 95 25 905 30 28 953 5 21 968 9 3 989 6 5 1001 91 6 1012 41 14 1834 56 23 1902 73 9 1971 51 25 1984 32 28 2023 88 16 2045 55 19 2049 52 27 2057 34 27 2080 38 10 2121 77 19 2136 64 11 2149 12 22 2160 62 9 2206 14 3 2261 3 0 2264 93 0 2312 17 3 2340 85 14 2353 8 7 2372 30 19 2385 20 28 2413 61 24 2495 22 24 2514 38 11 2517 64 19 2547 85 16 2635 4 26 2681 63 23
624 62 1e-05 95 27 1 140 42 27 142 77 8 146 48 15 172 82 21 200 88 24 258 49 20 297 41 5 316 24 4 349 20 5 365 76 3 446 84 17 485 72 26 492 23 24 639 66 8 646 55 27 726 34 4 775 67 2 790 73 0 790 84 20 794 80 0 797 37 5 839 49 8 861 47 26 909 98 25 928 14 19 932 37 2 991 69 28 992 10 24 993 81 5 1006 31 9 1033 1 31 1817 76 27 1870 8 13 1886 56 2 1972 52 13 1979 52 21 2050 77 23 2052 33 1 2064 30 28 2098 90 15 2119 20 18 2138 2 9 2145 1 27 2208 79 16 2212 90 8 2231 36 5 2303 77 2 2350 48 23 2375 14 8 2382 65 26 2408 88 1 2409 90 5 2461 78 16 2463 82 15 2494 66 17 2525 31 28 2565 33 9 2639 83 22 2704 38 2 2707 94 22 2731 81 16
625 62 1e-05 95 41 12 99 20 2 121 31 15 221 80 27 225 81 8 270 61 30 275 84 18 297 85 27 437 8 16 471 73 19 490 83 23 501 49 13 592 35 18 606 26 25 674 14 26 683 39 30 727 32 2 737 69 0 749 42 15 754 37 8 777 54 0 811 58 16 864 67 6 899 78 16 938 16 5 984 16 12 989 11 20 1010 18 3 1017 22 23 1820 7 25 1846 60 2 1860 33 1 1872 13 11 1921 38 31 2049 62 28 2078 6 25 2082 76 3 2089 46 25 2135 47 25 2142 43 23 2184 8 23 2196 21 24 2208 75 2 2336 75 2 2359 6 15 2415 55 26 2428 72 11 2450 90 1 2461 58 6 2468 66 15 2485 79 24 2535 67 5 2546 77 27 2607 7 5 2625 47 15 2639 26 8 2657 16 30 2659 45 12 2688 41 10 2713 26 8 2732 92 25 2767 93 1
626 62 1e-05 115 39 4 158 6 1 170 100 0 205 84 12 218 99 0 298 12 24 305 76 22 306 13 18 308 64 29 327 29 6 448 71 9 455 94 16 469 84 10 496 27 19 508 16 8 513 37 4 619 92 4 624 71 17 627 49 18 649 7 16 883 1 13 897 67 1 918 63 29 1003 17 27 1008 49 19 1031 97 29 1035 71 2 1837 98 29 1915 76 28 1919 15 22 1928 89 3 1999 18 31 2034 90 8 2038 74 1 2042 88 14 2056 32 12 2063 54 12 2146 35 21 2185 55 8 2207 15 20 2214 66 18 2228 22 25 2234 43 30 2253 10 25 2269 65 0 2270 5 6 2270 31 13 2271 7 0 2303 22 19 2387 63 29 2466 28 9 2473 55 22 2489 44 4 2501 24 13 2519 46 4 2528 59 15 2544 48 15 2656 15 4 2697 80 22 2708 58 13 2716 75 0 2723 17 30
627 62 1e-05 112 4 31 154 60 31 191 18 30 198 24 17 206 56 0 227 37 9 231 28 24 231 56 28 281 19 24 293 55 5 308 86 3 338 37 27 338 86 24 376 25 8 392 62 22 395 92 25 404 96 1 489 34 13 578 74 15 588 82 31 636 43 21 657 58 15 740 13 13 764 10 15 774 67 23 781 37 18 796 92 20 816 15 1 844 75 19 994 42 17 1024 44 19 1038 34 1 1831 64 2 1835 18 1 1928 43 11 1946 44 6 2024 43 17 2039 22 3 2074 51 4 2129 62 25 2134 13 24 2140 17 25 2143 51 12 2153 12 22 2172 60 24 2219 56 7 2296 85 11 2313 96 31 2340 42 0 2478 12 24 2486 44 18 2543 31 3 2544 98 4 2554 72 15 2556 50 4 2562 18 30 2609 56 17 2649 65 13 2682 21 10 2693 63 31 2740 35 6 2758 40 15
628 62 1e-05 88 66 2 124 17 0 177 85 13 259 80 31 333 41 26 367 31 12 417 3 17 423 76 8 431 59 0 451 45 12 469 8 19 470 89 28 473 7 31 557 36 16 562 94 2 572 35 17 627 60 22 738 96 23 747 82 21 770 86 1 773 52 11 781 99 8 813 54 10 874 36 6 906 95 3 911 19 15 925 41 2 941 66 5 948 48 1 1001 69 17 1008 33 31 1013 65 7 1038 88 4 1818 71 20 1839 33 6 1884 93 25 1899 46 28 1924 28 14 1980 21 9 2026 99 0 2030 32 18 2038 82 19 2055 55 1 2059 10 27 2074 44 12 2126 10 9 2196 83 5 2200 60 4 2254 24 19 2362 13 21 2426 84 21 2458 15 3 2475 33 11 2512 11 17 2601 34 26 2604 51 8 2629 11 12 2639 85 9 2709 83 10 2724 62 23 2745 92 24 2754 35 26
629 62 1e-05 72 37 7 95 77 17 99 7 23 175 24 21 197 41 14 200 12 26 209 76 4 243 42 30 286 90 26 295 67 24 344 81 23 388 92 31 423 32 30 452 22 3 452 62 20 464 23 9 513 67 15 608 48 0 621 45 5 633 33 21 652 2 25 706 94 26 707 19 5 713 4 21 719 71 2 742 60 0 894 66 14 933 80 8 947 50 31 970 94 2 1021 88 27 1808 50 29 1836 32 20 1845 38 15 1880 36 6 1898 46 19 1950 94 12 2031 8 2 2047 61 27 2050 7 3 2070 55 15 2079 87 12 2090 80 28 2128 52 29 2246 35 5 2275 98 28 2294 11 24 2314 44 6 2320 4 15 2322 65 14 2334 33 22 2338 49 12 2347 24 10 2440 21 1 2447 97 27 2464 17 15 2467 10 15 2597 79 1 2608 83 25 2621 4 24 2686 16 27 2706 96 13
630 62 1e-05 73 15 4 102 81 5 155 83 20 213 80 24 236 50 22 314 74 26 335 39 19 362 68 4 392 65 24 399 98 23 441 89 18 502 28 14 558 50 7 613 52 29 615 4 20 617 94 21 654 41 10 661 98 5 680 17 10 725 0 15 806 68 17 837 91 6 876 72 7 887 23 20 891 37 9 903 48 11 929 97 6 973 7 15 1009 64 28 1842 39 26 1899 67 3 1905 15 8 1961 21 9 1980 83 21 2058 0 10 2093 68 30 2117 72 0 2131 70 25 2157 67 11 2189 47 0 2198 24 12 2208 15 3 2209 67 4 2231 66 8 2237 14 16 2267 38 22 2267 45 12 2295 94 4 2316 39 11 2410 87 24 2415 78 29 2429 51 29 2448 55 11 2506 19 7 2512 51 29 2517 64 3 2544 92 20 2639 2 28 2659 34 10 2710 88 14 2761 52 29 2773 95 13
631 62 1e-05 90 2 11 97 20 23 116 8 15 134 43 10 136 76 29 175 33 28 225 43 23 236 52 28 277 98 8 320 74 10 475 33 15 511 63 4 597 17 12 615 57 6 623 13 27 662 37 12 669 95 9 712 42 11 734 70 3 758 82 15 782 50 11 785 90 22 856 21 28 899 55 17 903 8 11 924 72 23 927 11 25 949 51 21 952 99 12 998 59 3 1032 75 6 1814 98 31 1830 28 22 1835 27 15 1853 81 27 1861 96 20 1866 70 31 1936 19 29 1951 60 24 1977 42 15 1998 14 8 2105 8 5 2111 89 7 2124 66 5 2147 28 8 2169 40 28 2172 50 9 2175 95 17 2179 64 2 2228 61 7 2305 84 21 2333 32 26 2338 89 9 2360 32 30 2402 56 0 2425 75 8 2483 91 14 2508 57 21 2559 32 20 2704 17 1 2729 55 28 2744 2 4
632 62 1e-05 122 72 1 156 85 19 192 3 15 248 83 11 339 31 8 440 36 6 445 73 27 465 9 19 478 48 20 502 15 11 504 30 4 580 67 13 597 34 28 617 3 29 635 13 21 646 11 24 666 93 16 726 35 9 768 0 17 781 33 23 825 12 29 839 45 0 870 69 30 885 11 5 890 23 16 932 92 2 966 70 16 1007 43 30 1976 48 30 2008 38 9 2012 92 0 2065 1 25 2070 96 11 2075 46 13 2103 33 7 2127 52 18 2135 83 16 2159 98 4 2177 87 15 2187 75 4 2203 6 27 2220 3 5 2245 6 3 2250 48 18 2253 43 4 2280 10 19 2285 83 18 2300 71 29 2341 20 1 2349 87 27 2363 34 16 2379 40 8 2452 61 19 2519 57 16 2543 58 9 2591 61 22 2612 35 7 2645 13 30 2700 77 19 2703 84 25 2730 34 8 2746 31 12
633 62 1e-05 72 47 23 76 35 3 94 80 23 94 92 2 131 60 17 139 41 18 147 99 28 161 11 25 180 47 17 234 33 14 242 19 20 288 18 22 335 67 3 394 58 13 395 87 17 407 14 12 422 86 30 430 5 13 480 20 21 493 53 10 520 22 28 550 85 6 563 68 0 650 13 9 679 7 0 702 70 16 755 0 9 845 61 23 922 21 23 969 57 21 990 25 31 996 81 25 1005 85 2 1022 68 30 1025 3 2 1911 54 5 1950 71 11 1973 70 23 1998 28 3 2061 40 23 2088 22 29 2129 70 24 2143 87 28 2192 43 19 2207 56 30 2233 44 24 2286 77 24 2300 69 18 2318 12 18 2326 69 15 2410 19 14 2461 61 2 2506 32 5 2537 25 17 2572 5 24 2594 81 24 2658 78 18 2679 30 23 2680 93 4 2755 40 27 2763 24 4 2768 71 24
634 62 1e-05 143 96 7 191 91 0 208 34 2 232 15 9 311 43 2 318 27 5 333 2 16 381 4 21 462 82 21 481 11 1 485 44 16 492 62 30 549 50 3 567 92 18 615 11 11 628 76 11 711 3 0 739 98 5 747 8 14 799 18 21 837 64 21 842 1 11 848 85 22 939 8 12 945 38 17 959 55 30 968 84 14 970 29 10 982 70 21 1003 86 22 1027 76 17 1038 72 7 1038 96 7 1815 2 2 1878 27 7 1926 18 5 1929 49 21 1946 62 0 1990 12 31 2011 23 19 2022 8 23 2035 3 21 2036 66 8 2123 12 9 2193 1 11 2197 70 17 2220 67 0 2251 36 23 2276 57 28 2329 2 2 2443 80 14 2506 52 4 2513 9 11 2525 13 10 2608 54 28 2667 76 19 2670 49 17 2679 74 30 2719 19 5 2724 59 27 2762 25 3 2773 10 19
635 62 1e-05 125 14 10 222 33 30 258 40 26 287 29 19 290 41 8 293 37 23 296 95 31 378 6 14 415 3 24 415 61 0 423 13 2 501 81 12 502 81 21 519 54 21 601 23 8 613 15 25 663 40 15 669 80 22 738 86 9 762 28 24 779 65 27 803 64 24 835 39 11 878 89 31 967 0 12 987 69 10 989 15 6 1005 100 28 1011 40 16 1023 46 26 1820 92 25 1848 29 15 1853 73 29 1864 87 1 1895 64 14 1909 40 2 1945 23 22 1967 68 25 1983 83 5 2025 48 10 2043 87 6 2056 39 8 2077 82 27 2082 98 8 2087 53 20 2135 40 9 2201 75 10 2215 23 31 2236 17 30 2240 25 15 2269 27 6 2284 63 15 2386 49 16 2489 17 14 2500 42 3 2575 97 28 2584 26 10 2639 4 4 2646 42 20 2682 85 19 2710 27 4 2722 39 10
636 62 1e-05 107 50 31 222 12 3 279 29 0 304 50 10 306 58 31 338 88 25 350 15 16 439 38 21 450 4 15 517 4 15 527 72 24 570 77 13 573 83 23 575 20 14 621 20 21 656 7 10 668 98 14 670 59 24 679 82 27 814 94 14 838 57 10 844 58 4 849 21 25 852 31 15 879 85 20 906 99 20 931 51 18 999 87 29 1025 55 21 1037 76 5 1039 60 5 1887 17 29 1904 22 6 1972 84 10 1979 18 31 2054 95 30 2111 72 19 2137 6 11 2178 12 22 2193 72 11 2198 97 30 2208 93 13 2224 61 18 2258 2 26 2264 2 14 2296 32 10 2303 19 26 2350 79 27 2401 4 16 2510 3 30 2530 30 18 2562 83 7 2602 86 13 2612 59 5 2632 20 4 2639 65 25 2657 27 9 2665 20 30 2699 54 1 2700 69 16 2712 54 7 2729 40 11
637 62 1e-05 85 70 8 132 28 28 139 35 10 144 61 23 207 43 13 239 98 2 377 61 16 441 48 3 441 91 22 460 32 7 469 88 12 473 29 13 513 23 9 516 70 25 518 83 7 550 15 11 578 57 31 578 61 3 618 3 27 716 45 17 741 82 22 751 100 10 754 82 3 806 5 13 851 86 20 904 52 17 925 72 10 937 6 21 979 19 1 1006 51 25 1027 19 27 1844 17 24 1871 49 26 1878 27 9 1889 65 17 1904 56 22 1946 22 24 1948 71 22 1955 20 14 2004 61 20 2033 2 15 2041 80 0 2074 11 8 2147 81 12 2154 32 22 2194 28 24 2208 60 9 2269 65 23 2275 60 3 2302 86 31 2308 39 3 2310 44 2 2360 55 20 2379 25 15 2390 11 12 2402 83 9 2448 28 7 2542 69 15 2548 85 27 2655 86 31 2728 68 17 2757 3 5
638 62 1e-05 74 87 10 90 26 1 145 56 28 197 82 7 287 11 10 304 97 29 331 92 16 357 14 25 367 88 11 391 40 16 444 78 15 458 75 31 513 97 4 515 25 19 519 82 24 548 99 5 568 87 26 605 5 7 655 69 2 699 95 9 729 5 28 757 90 25 771 30 5 773 53 12 785 86 13 794 14 16 824 16 7 824 99 7 825 59 8 848 36 15 925 13 29 943 54 24 953 90 14 963 5 24 1021 90 2 1812 89 27 1868 85 20 1875 56 19 1886 62 28 1931 52 13 1951 45 15 2022 63 10 2030 12 19 2042 26 13 2050 2 30 2098 40 8 2113 31 21 2148 1 1 2224 21 27 2242 46 16 2394 26 9 2456 82 2 2470 64 8 2479 20 17 2497 36 4 2499 74 8 2511 4 26 2541 30 29 2557 36 12 2559 9 12 2698 4 18 2720 23 6
639 62 1e-05 204 19 16 214 97 15 228 19 25 237 35 27 297 73 13 307 35 30 330 66 13 347 96 19 371 70 28 429 46 14 443 74 3 456 19 11 492 16 29 523 10 25 548 78 10 554 83 29 609 60 21 611 46 19 618 50 1 625 30 5 643 2 18 659 78 25 662 46 15 767 25 11 791 81 23 796 94 31 803 24 29 830 95 9 856 61 4 884 86 4 938 74 0 953 90 7 955 16 6 974 98 25 991 2 16 1014 80 28 1020 68 23 1828 58 16 1881 50 19 1886 67 5 1915 25 3 1960 74 13 2172 54 31 2180 4 22 2181 1 22 2183 28 16 2268 12 26 2322 12 8 2345 70 12 2371 16 18 2436 77 27 2448 36 6 2519 1 3 2531 51 3 2545 98 15 2552 69 6 2621 6 17 2631 83 20 2674 73 26 2681 1 26 2684 30 2 2772 95 22
640 62 1e-05 74 81 13 131 56 10 132 19 29 133 98 0 173 21 23 205 31 13 207 59 27 221 1 29 267 11 3 294 60 19 409 51 5 433 21 11 469 54 7 483 0 0 491 5 14 561 24 12 583 40 2 583 67 11 594 74 7 609 97 29 614 40 12 647 32 19 670 29 13 695 13 25 700 64 28 767 43 10 776 42 4 898 29 12 917 55 9 921 16 25 1005 52 13 1812 59 0 1824 56 26 1830 72 5 1940 85 20 1942 19 17 1948 17 6 1961 91 21 1995 25 19 1996 62 2 2037 55 30 2085 78 15 2109 19 19 2189 14 13 2203 3 2 2257 35 31 2317 98 17 2329 100 22 2342 26 21 2408 9 6 2434 86 11 2510 100 21 2523 64 23 2551 98 14 2577 83 10 2593 92 23 2595 89 27 2624 18 30 2658 99 4 2677 29 19 2679 56 24 2747 9 23
641 62 1e-05 96 55 21 108 9 12 139 96 11 171 19 23 208 85 14 237 10 15 238 27 31 268 59 6 321 2 19 357 67 11 365 66 12 485 27 11 489 22 0 504 23 30 558 35 23 619 43 8 633 79 6 646 30 8 686 28 13 695 58 20 756 94 19 759 3 3 801 37 2 808 49 14 840 10 26 844 81 19 903 92 19 931 79 19 952 64 21 958 50 30 982 63 24 985 5 22 1013 72 3 1825 16 2 1850 84 13 1858 48 5 1890 46 17 1891 93 22 1910 55 14 1960 83 6 1974 83 11 2025 56 1 2082 18 2 2104 28 16 2165 34 13 2298 15 16 2302 36 16 2361 21 25 2369 81 3 2390 43 0 2436 47 2 2455 19 15 2489 2 10 2515 73 6 2522 21 16 2528 17 14 2545 81 25 2548 47 20 2573 57 8 2604 4 3 2665 94 30 2671 98 24
642 62 1e-05 139 0 17 161 73 9 204 90 31 235 94 17 247 71 28 250 84 31 326 52 3 383 64 11 400 55 2 424 51 22 442 54 0 492 100 17 502 2 3 516 20 30 521 30 16 580 51 29 586 73 10 671 84 8 764 3 23 809 10 30 857 70 21 913 45 20 934 75 6 938 61 6 948 57 2 952 30 11 977 68 14 1006 48 10 1036 38 4 1037 43 0 1037 55 27 1860 22 2 1869 5 1 1943 99 25 1986 57 6 1994 37 27 1995 30 11 2019 17 26 2040 47 22 2115 68 11 2129 57 30 2177 82 27 2191 80 18 2218 14 0 2290 84 5 2346 65 4 2421 47 26 2462 31 28 2473 94 14 2506 49 30 2542 81 22 2582 38 25 2589 13 17 2612 54 21 2625 46 10 2647 66 14 2673 83 5 2717 97 9 2731 74 22 2755 84 20 2766 63 14 2770 14 13
643 62 1e-05 81 57 29 88 28 23 118 96 30 223 22 30 227 80 28 233 12 13 240 9 2 240 79 15 246 63 17 277 37 2 278 20 21 278 91 19 321 93 25 327 9 11 330 18 26 424 85 10 448 57 0 493 36 23 549 33 21 583 12 6 635 70 29 663 14 4 757 61 26 809 89 3 848 63 7 965 31 25 1012 28 17 1021 96 12 1023 82 24 1039 0 21 1853 59 28 1865 43 19 1867 32 15 1870 88 24 1872 22 23 1891 33 21 1911 11 15 1913 3 16 1928 46 2 1934 90 3 2017 89 18 2047 91 6 2048 94 18 2099 3 29 2102 41 18 2206 84 1 2216 33 29 2236 10 5 2348 68 12 2392 7 11 2398 81 31 2427 80 21 2485 60 19 2501 93 11 2546 14 17 2573 68 18 2580 21 29 2633 13 20 2634 97 15 2734 7 23 2739 43 25 2743 68 31
644 62 1e-05 104 55 9 136 15 16 138 52 23 172 29 22 227 24 9 247 86 11 263 81 23 285 92 12 305 89 17 315 26 8 329 92 31 349 23 8 350 91 26 366 10 17 391 87 21 497 91 4 514 89 24 537 67 11 572 67 24 573 38 25 617 22 21 618 41 4 647 20 13 649 67 18 657 76 29 667 14 12 679 42 31 708 7 1 729 99 29 758 10 19 767 37 5 814 88 8 870 60 11 891 42 13 936 36 11 1017 2 26 1825 88 10 1838 53 11 1943 80 22 2006 70 0 2079 49 11 2092 6 4 2102 57 1 2120 38 2 2176 54 2 2182 37 28 2194 89 24 2201 92 17 2246 1 26 2261 88 18 2322 26 25 2365 14 22 2379 40 26 2428 35 10 2429 58 5 2467 53 3 2477 67 25 2609 73 7 2619 96 18 2672 57 14 2736 68 16 2744 7 8
645 62 1e-05 94 64 1 119 86 18 129 50 30 156 1 25 199 54 28 203 70 20 246 39 20 258 70 28 262 65 19 282 50 13 301 56 21 304 20 28 461 7 2 516 65 12 533 55 25 567 14 6 568 26 22 584 18 24 607 39 21 636 99 7 711 78 28 724 5 31 738 57 21 748 33 26 775 5 21 780 29 28 826 26 15 877 69 4 947 62 2 968 49 10 1002 5 17 1016 32 31 1021 4 15 1826 85 18 1914 55 7 1915 59 20 1916 27 21 1920 50 27 1922 2 23 2034 39 17 2048 88 24 2055 86 2 2058 11 12 2112 23 20 2131 41 24 2139 11 6 2173 52 2 2230 26 15 2239 56 20 2250 43 30 2286 100 21 2305 87 16 2433 82 13 2532 83 30 2558 62 18 2622 66 5 2648 85 28 2667 75 10 2675 5 4 2678 77 10 2691 74 16 2715 34 21
646 62 1e-05 86 83 31 92 60 14 110 48 19 112 32 23 127 30 11 141 70 13 142 11 0 153 98 29 195 64 28 244 42 19 264 99 31 288 77 11 394 72 1 398 44 25 474 8 11 530 11 31 531 84 17 565 32 29 577 63 15 612 67 24 693 40 26 743 97 13 747 91 0 753 67 27 755 43 13 766 15 25 799 72 8 802 95 10 809 78 14 810 41 3 821 76 29 825 64 3 825 94 31 838 28 19 886 49 31 900 8 3 931 51 24 952 20 18 1020 40 12 1865 13 10 2083 13 10 2150 53 2 2163 30 7 2192 46 21 2247 56 8 2276 8 12 2277 24 14 2288 37 13 2301 31 24 2351 21 29 2494 1 1 2542 35 10 2552 43 15 2573 85 22 2575 97 28 2634 75 5 2741 63 21 2748 52 1 2750 9 2 2762 16 13 2769 82 0 2775 43 8
647 62 1e-05 92 99 21 118 15 31 122 86 3 130 22 8 160 18 12 231 15 20 242 74 9 304 60 20 339 47 25 375 4 23 420 84 0 454 87 13 547 16 9 591 11 4 592 97 18 640 70 26 676 46 25 703 67 16 711 52 13 744 12 26 759 21 7 781 79 17 799 83 29 868 24 3 895 31 3 903 38 4 975 87 11 993 93 8 1894 34 18 1973 91 0 1981 37 19 1987 11 20 1988 22 8 1992 90 18 2005 59 0 2027 34 21 2051 40 8 2128 99 31 2155 39 28 2155 66 19 2158 33 7 2192 19 17 2253 3 31 2254 15 15 2263 66 25 2271 50 31 2291 52 2 2297 17 9 2334 43 14 2336 83 21 2402 24 25 2457 53 26 2506 56 20 2509 70 7 2529 27 31 2534 94 0 2554 61 5 2572 56 7 2689 63 24 2724 84 14 2727 41 4 2750 99 31
648 62 1e-05 136 22 28 136 82 20 161 44 20 185 99 11 187 76 18 198 34 18 228 51 28 304 64 9 320 84 26 359 37 17 369 68 22 390 28 16 442 68 31 471 60 1 528 85 11 588 38 13 592 12 14 606 61 16 664 56 19 673 86 27 687 92 7 704 21 0 707 68 5 761 7 10 832 51 9 848 28 29 882 5 26 919 94 31 1017 72 24 1024 18 25 1812 64 18 1829 91 10 1848 65 5 1888 25 12 1904 72 16 1932 79 0 1944 57 27 1977 81 3 1992 44 19 2051 43 13 2060 87 4 2062 48 4 2094 7 25 2108 66 1 2123 69 0 2137 84 2 2161 33 22 2262 99 26 2276 44 11 2298 87 5 2430 42 8 2446 59 4 2453 8 2 2463 79 23 2558 35 23 2602 80 9 2606 60 17 2632 5 19 2704 99 26 2716 95 3 2738 37 0 2752 9 11
649 62 1e-05 75 33 15 129 65 7 134 75 26 137 67 6 166 53 22 209 15 30 239 1 7 239 92 20 241 87 21 297 80 8 359 44 3 368 10 16 441 35 7 464 28 15 467 29 1 470 81 7 487 15 28 542 11 1 542 37 15 595 80 8 703 87 25 719 83 18 769 8 18 830 16 15 834 81 18 929 51 4 940 14 11 1838 22 11 1842 99 2 1906 5 9 1923 16 7 1932 27 26 1991 23 16 1998 98 0 2014 17 11 2084 56 1 2095 40 7 2145 56 21 2151 34 16 2164 100 24 2185 31 27 2205 5 18 2215 93 21 2232 67 23 2270 68 1 2274 16 16 2284 82 26 2389 36 12 2420 26 21 2434 59 10 2479 37 12 2481 66 3 2495 58 14 2565 6 22 2568 1 26 2569 79 16 2578 19 27 2598 12 14 2659 83 24 2679 45 19 2711 27 22 2750 26 15
650 62 1e-05 104 4 11 126 12 27 126 67 23 176 99 17 180 6 26 212 45 16 222 32 13 373 68 13 409 38 19 409 70 16 414 64 18 424 37 30 437 61 25 475 44 11 531 73 6 541 44 1 588 14 19 617 74 13 631 45 5 687 72 8 702 29 28 738 74 23 778 30 5 816 61 17 849 39 4 852 41 4 946 10 28 981 24 25 1002 21 6 1014 82 3 1017 84 25 1820 34 16 1925 63 1 1949 56 2 1956 71 8 1965 63 14 1965 80 17 2020 46 31 2104 19 4 2113 29 22 2178 50 7 2224 63 11 2269 52 13 2271 63 15 2394 64 30 2404 60 11 2411 8 13 2437 86 12 2465 32 17 2507 64 30 2531 54 21 2560 93 3 2617 90 29 2643 16 5 2646 72 20 2670 13 17 2680 54 27 2696 61 28 2724 7 27 2730 71 17 2771 80 24 2771 80 30
651 62 1e-05 94 76 8 115 57 21 163 42 20 164 86 3 169 71 18 189 56 20 215 76 20 222 88 24 255 54 14 281 70 15 303 22 15 327 61 27 331 19 16 401 3 25 439 48 23 440 23 19 477 27 27 543 25 8 554 33 20 561 27 26 563 27 11 568 34 18 643 9 27 656 21 1 709 87 6 795 70 24 807 92 21 813 16 23 818 80 18 831 57 19 836 16 12 903 63 23 954 2 23 975 6 1 993 70 20 1814 25 27 1825 79 25 1914 88 19 1927 5 9 1939 61 26 1943 89 21 2018 22 11 2073 53 20 2095 4 17 2157 8 8 2207 97 3 2220 0 9 2320 65 20 2434 54 19 2461 3 0 2511 3 8 2515 11 24 2550 16 11 2611 64 18 2616 49 30 2630 57 9 2631 86 10 2675 70 13 2687 67 14 2696 15 29 2730 82 23 2763 32 9
652 62 1e-05 76 93 9 93 53 10 162 59 11 239 73 31 300 48 25 302 81 19 320 23 29 322 80 14 330 78 21 331 24 4 356 4 26 377 32 22 415 10 4 452 82 21 469 4 19 535 66 2 627 46 9 699 30 8 699 65 6 734 50 2 776 96 12 780 32 2 785 0 24 820 0 17 826 88 26 838 9 1 875 13 9 894 74 31 921 52 9 975 35 6 996 20 26 1857 33 28 1880 0 3 1972 67 5 2036 72 14 2043 37 3 2070 9 10 2091 74 30 2096 38 18 2119 98 26 2130 76 6 2152 58 6 2187 40 14 2200 22 12 2258 52 29 2258 69 26 2268 86 18 2288 54 28 2315 31 10 2328 10 28 2351 13 6 2407 3 0 2411 88 14 2474 44 21 2484 69 30 2530 72 13 2566 0 14 2582 23 2 2629 63 15 2669 7 12 2751 61 16 2763 92 20
653 62 1e-05 142 98 30 197 90 16 215 13 1 236 75 3 263 46 27 380 97 30 401 20 16 421 56 26 493 9 19 502 88 16 525 71 1 532 61 12 631 48 0 670 84 3 702 30 25 779 95 9 784 59 24 813 8 3 875 52 30 883 25 17 912 82 22 973 43 29 985 28 11 994 68 25 1022 26 27 1838 77 17 1862 22 0 1872 19 17 1872 68 28 1896 32 13 1903 43 16 1933 67 21 1952 75 3 1969 56 23 1969 92 15 2026 6 0 2096 52 30 2098 64 11 2151 14 15 2230 68 29 2303 98 25 2324 5 0 2332 66 18 2336 21 14 2344 35 15 2376 71 26 2383 98 19 2399 23 7 2400 13 1 2418 75 31 2448 6 12 2453 11 16 2461 20 8 2484 44 19 2503 49 10 2582 95 30 2594 25 2 2654 24 31 2694 29 5 2723 39 17 2754 94 26 2772 47 28
654 62 1e-05 73 64 10 83 58 19 83 90 22 88 2 6 92 36 14 154 10 31 180 82 18 211 21 10 211 37 27 261 51 27 305 8 7 328 62 3 356 31 16 479 68 6 545 70 31 567 90 3 568 36 16 626 70 31 638 15 3 664 35 14 690 67 28 732 86 9 738 93 14 751 17 7 770 37 23 811 16 21 827 70 31 861 3 18 915 81 10 973 96 6 1817 64 17 1868 60 9 1914 15 5 2021 16 9 2031 65 2 2064 23 16 2148 64 25 2250 40 6 2263 24 4 2264 81 21 2272 54 22 2290 51 20 2325 64 25 2345 6 3 2354 73 26 2362 68 25 2460 4 14 2489 37 4 2521 75 24 2526 88 12 2532 24 1 2545 40 26 2556 85 5 2573 38 26 2591 80 8 2602 37 16 2691 59 8 2702 46 2 2708 72 21 2734 55 10 2755 82 11 2769 100 6
655 62 1e-05 114 70 5 149 92 25 164 9 18 187 39 2 201 59 30 239 78 2 294 89 19 308 80 1 310 7 6 329 72 3 334 75 19 341 35 20 377 95 25 393 66 22 453 62 25 526 34 23 527 96 8 570 8 16 631 53 2 640 52 1 677 5 28 785 29 26 822 50 25 892 33 28 910 68 17 913 12 9 916 79 30 962 14 5 963 21 30 971 67 8 1005 69 13 1832 78 13 1876 70 30 1879 44 5 1885 5 2 1890 74 18 1920 1 28 1951 28 3 1986 70 16 2015 55 0 2045 5 4 2051 95 30 2066 42 25 2077 40 12 2137 31 30 2192 99 5 2214 36 9 2233 41 0 2255 75 7 2259 77 26 2259 100 23 2278 61 29 2297 34 6 2312 80 1 2324 73 2 2363 75 7 2410 84 25 2428 91 30 2444 68 16 2474 42 15 2502 70 16 2511 95 3
656 62 1e-05 141 93 18 176 48 29 242 40 26 254 97 15 296 64 22 329 66 21 357 34 23 447 52 20 482 9 27 502 48 20 561 54 23 585 26 2 593 54 9 597 95 3 635 59 0 643 74 20 686 52 18 711 59 24 752 68 7 768 50 19 806 6 8 817 61 15 914 39 24 958 4 20 1008 17 2 1810 37 31 1822 18 19 1823 93 30 1915 6 9 2016 4 30 2028 82 29 2031 32 5 2080 76 8 2082 31 21 2138 54 10 2145 86 21 2187 91 15 2208 71 25 2250 10 10 2298 85 15 2333 83 30 2355 93 7 2399 0 31 2418 52 2 2424 15 17 2471 60 4 2485 3 6 2507 27 30 2535 20 0 2543 52 6 2553 19 24 2566 29 11 2578 99 6 2620 28 2 2621 26 27 2622 70 28 2645 33 14 2687 88 23 2696 82 12 2712 19 21 2747 75 23 2761 78 6
657 62 1e-05 177 81 17 184 73 2 213 68 24 216 82 11 217 44 22 235 3 2 243 99 18 302 9 10 345 48 17 347 17 24 347 89 21 363 54 30 372 7 8 418 37 7 418 93 17 497 36 25 504 41 12 537 45 30 581 97 31 611 3 6 612 17 8 655 98 6 687 22 30 707 3 11 726 87 18 788 68 31 852 15 25 914 2 6 1015 94 20 1858 65 4 1911 21 8 1956 8 11 1972 49 0 1998 62 4 2010 72 14 2037 16 30 2037 56 11 2061 15 0 2064 32 11 2106 99 15 2142 61 29 2156 18 19 2158 28 26 2161 21 15 2180 84 8 2199 64 25 2212 68 23 2213 63 11 2277 44 13 2347 9 15 2402 42 26 2461 65 4 2575 57 27 2580 26 23 2613 84 29 2626 28 16 2649 56 5 2682 54 14 2692 46 18 2706 62 8 2717 63 4 2774 96 23
658 62 1e-05 77 42 13 130 19 8 139 78 9 149 46 29 155 56 31 197 83 31 203 64 31 206 27 30 223 72 13 289 76 1 292 9 23 297 20 27 362 65 19 407 2 5 484 68 3 655 100 31 723 58 7 743 36 25 783 86 13 827 40 13 828 17 19 930 54 2 993 63 16 1018 8 4 1032 78 25 1033 43 13 1036 48 6 1844 18 1 1872 70 21 1906 74 15 1912 78 21 1927 65 18 1951 40 29 1961 88 6 1962 31 4 1981 61 1 1991 98 3 2129 5 29 2238 69 15 2284 27 5 2297 41 29 2307 4 26 2318 12 1 2339 29 31 2355 13 11 2441 45 5 2482 74 28 2498 21 29 2510 14 12 2514 86 1 2522 71 2 2562 92 23 2565 11 19 2568 7 23 2576 64 19 2583 14 11 2600 84 6 2638 99 31 2672 28 4 2679 57 8 2680 44 13 2748 27 28
659 62 1e-05 76 3 0 77 79 1 81 87 26 162 50 19 170 1 22 185 47 12 206 42 19 248 42 13 257 61 25 278 92 16 336 47 13 340 49 9 425 87 9 520 73 25 524 45 3 534 66 16 543 70 26 555 73 28 558 6 26 562 27 30 581 44 1 627 7 29 647 23 20 663 66 5 679 91 8 751 66 11 981 6 23 984 59 9 990 60 23 1015 94 11 1024 14 13 1030 46 20 1812 97 28 1838 28 17 1906 71 31 1943 93 23 1950 33 30 1973 31 31 2016 98 30 2025 42 19 2051 97 15 2086 73 25 2106 97 17 2196 37 15 2202 63 7 2224 91 15 2242 49 12 2243 38 6 2282 98 21 2302 88 5 2330 7 8 2354 22 4 2367 56 18 2389 67 27 2401 98 25 2501 43 31 2548 60 7 2600 61 24 2613 96 7 2626 20 25 2740 96 24 2742 93 12
660 62 1e-05 97 51 25 133 65 21 155 78 20 159 60 21 216 24 31 225 18 22 229 68 21 231 61 14 235 47 14 239 65 19 241 43 15 285 11 3 327 77 17 349 34 4 369 57 22 410 34 8 429 26 13 432 41 3 505 22 10 624 10 21 651 9 18 659 64 9 680 54 11 700 89 13 715 25 25 749 72 11 775 7 14 804 38 17 846 87 21 933 68 23 965 8 21 1005 28 6 1007 72 18 1814 22 15 1828 41 8 1880 40 20 1885 70 25 1900 25 1 2006 99 28 2039 20 6 2042 18 17 2110 81 13 2164 18 4 2187 12 31 2214 96 4 2235 1 17 2271 58 1 2360 24 29 2390 13 23 2412 34 28 2449 76 1 2451 30 23 2488 18 11 2508 15 12 2511 44 7 2572 97 5 2652 87 14 2667 72 14 2681 22 13 2705 95 18 2718 5 6 2746 46 21
661 62 1e-05 83 20 18 110 27 4 119 31 23 136 53 30 144 22 6 278 76 28 352 45 10 432 35 28 434 9 18 456 97 3 468 53 24 479 53 5 480 24 30 526 25 4 534 84 19 536 36 30 571 68 28 578 52 7 628 12 21 652 63 17 677 41 0 730 14 19 803 35 20 822 59 7 862 64 21 892 50 22 938 28 23 949 98 9 964 32 8 966 2 17 969 95 2 1824 70 3 1877 54 12 1887 76 25 1910 32 5 1922 22 21 1961 53 27 1975 97 8 1982 24 25 2029 12 3 2039 19 23 2092 59 31 2159 78 16 2166 54 18 2248 52 20 2289 58 4 2339 17 17 2434 28 21 2456 37 7 2459 40 20 2485 1 27 2527 70 1 2536 7 22 2549 22 19 2563 25 31 2629 96 4 2645 97 12 2703 87 26 2706 46 14 2730 43 30 2735 52 26 2760 78 0
662 62 1e-05 104 46 30 141 45 21 149 35 31 214 97 27 217 31 12 217 61 19 272 84 29 314 50 22 339 68 16 350 16 6 365 28 16 403 94 26 411 100 22 422 66 11 438 22 12 485 71 22 565 44 7 569 86 17 607 4 16 641 0 19 643 93 22 653 100 20 698 37 26 703 35 10 708 25 1 726 70 20 734 65 27 741 36 23 749 61 24 784 72 10 787 37 14 790 7 9 834 75 5 900 84 31 916 60 28 1004 49 2 1821 63 27 1841 0 23 1887 11 9 1937 3 11 1987 14 3 2012 61 7 2033 29 12 2057 29 23 2105 66 19 2127 65 20 2185 37 28 2214 36 31 2219 14 9 2231 34 12 2257 1 7 2289 91 19 2380 41 4 2416 82 0 2485 23 20 2513 55 20 2528 97 1 2537 50 10 2569 83 10 2613 46 10 2614 58 15 2758 73 30
663 62 1e-05 90 22 1 95 94 22 125 70 27 151 80 2 218 29 31 228 96 5 291 65 1 318 85 21 334 35 30 349 45 31 370 88 6 437 4 29 437 15 8 441 6 6 469 11 30 479 4 11 481 11 8 492 60 6 501 82 27 571 20 3 581 57 6 616 42 26 665 74 3 692 64 8 701 78 3 741 2 26 753 56 12 794 53 17 823 88 10 844 94 23 853 29 0 858 16 31 926 53 2 952 74 23 1012 30 18 1860 56 31 1911 60 2 1966 41 0 2002 31 17 2008 26 6 2020 57 1 2057 47 8 2078 74 30 2124 63 19 2138 100 24 2160 42 27 2257 66 13 2273 79 20 2367 14 2 2434 77 31 2437 7 26 2466 4 19 2480 13 28 2497 67 28 2502 57 10 2506 16 15 2613 23 3 2618 15 25 2692 18 19 2706 37 23 2748 64 1 2759 24 16
664 62 1e-05 90 97 3 101 43 5 123 17 3 123 70 10 127 60 0 137 27 13 166 86 15 180 98 12 184 43 22 215 83 5 224 62 18 252 97 4 253 41 20 313 93 7 321 25 6 361 14 11 461 90 29 501 99 9 507 20 7 519 37 14 519 37 24 618 98 21 627 54 29 640 58 23 660 23 28 749 24 21 756 83 26 760 41 20 764 10 1 769 71 1 775 70 8 875 63 11 912 20 15 919 97 1 984 73 0 1990 33 14 1997 44 2 2016 79 12 2028 37 18 2060 9 26 2075 35 31 2076 94 14 2117 78 15 2133 16 20 2162 82 16 2174 60 9 2194 27 18 2217 75 19 2259 44 21 2276 76 9 2302 39 17 2345 44 12 2370 88 22 2408 88 31 2421 87 19 2438 43 19 2552 72 16 2557 68 31 2687 17 1 2715 29 22 2718 45 9 2732 17 26
665 62 1e-05 233 42 7 239 11 30 262 51 22 291 48 1 300 63 3 318 61 0 327 46 24 331 5 18 343 46 13 376 49 14 398 78 11 403 84 24 406 71 12 440 48 21 493 80 17 513 78 1 522 45 22 548 29 16 594 86 15 658 47 26 664 11 19 699 40 28 731 61 25 754 77 15 815 48 25 823 46 5 836 48 16 846 21 29 852 65 4 855 31 31 918 78 0 947 3 19 994 28 20 1905 64 7 1974 55 10 1983 57 19 2006 67 15 2013 96 30 2017 48 18 2027 81 6 2035 38 31 2041 88 8 2043 39 3 2111 46 17 2126 64 30 2132 27 28 2138 64 4 2139 40 24 2163 71 21 2221 88 14 2243 74 30 2285 97 23 2333 81 3 2343 85 3 2396 9 20 2407 6 30 2434 0 23 2489 22 17 2503 54 25 2579 78 29 2734 17 8 2772 7 10
666 62 1e-05 89 27 27 134 1 24 135 3 23 173 88 19 228 18 30 235 93 18 238 18 12 302 100 19 348 61 30 402 59 9 402 83 4 427 74 29 430 1 7 443 3 3 476 61 26 503 78 10 567 32 16 642 55 26 702 12 4 709 39 12 776 85 17 833 40 25 833 53 24 851 99 15 863 37 20 879 34 26 893 68 7 947 13 13 977 70 0 1032 53 20 1037 66 0 1821 9 19 1837 4 6 1898 22 10 1948 66 16 1948 85 24 2042 77 31 2088 64 1 2157 21 26 2164 57 17 2220 43 6 2245 3 29 2250 74 2 2255 92 28 2288 13 11 2297 86 14 2314 96 15 2315 11 6 2327 59 17 2428 43 26 2471 2 10 2476 61 7 2487 99 3 2549 21 30 2585 5 4 2622 32 7 2665 99 11 2677 48 16 2691 51 18 2715 0 29 2727 91 14 2757 25 23
667 62 1e-05 101 86 7 137 78 19 148 73 23 200 46 6 276 9 31 308 0 12 319 53 4 368 68 31 370 46 31 383 82 23 477 2 5 537 65 8 538 96 1 555 15 22 590 98 7 598 29 4 640 8 3 753 88 19 759 13 0 806 96 10 871 71 8 872 79 9 904 22 30 904 93 21 925 85 19 984 57 4 1009 69 2 1010 100 28 1941 33 25 1977 67 15 1997 5 0 2012 85 17 2048 91 18 2063 20 15 2107 77 8 2117 19 9 2162 81 31 2171 98 16 2186 82 5 2235 75 9 2243 10 8 2302 22 29 2353 33 11 2367 40 26 2380 13 1 2384 91 23 2417 12 31 2418 17 26 2468 14 11 2473 91 11 2488 71 27 2503 23 0 2504 66 3 2528 45 25 2549 70 16 2700 24 17 2721 26 15 2725 50 31 2729 9 15 2744 88 4 2745 11 30 2775 48 21
668 62 1e-05 118 11 29 126 33 15 132 100 11 153 28 28 240 45 29 310 20 3 311 22 23 325 53 5 326 72 2 406 68 23 446 55 8 452 17 13 476 70 0 530 28 15 595 43 26 597 74 0 617 65 1 650 77 28 698 23 2 746 90 25 802 55 10 927 4 14 928 82 30 956 32 10 1870 39 15 1962 2 9 1965 0 29 2013 61 12 2083 75 7 2169 73 14 2238 34 1 2286 38 23 2304 79 18 2313 15 2 2328 13 0 2333 4 17 2352 27 17 2361 56 15 2366 58 21 2394 47 11 2444 45 14 2463 52 18 2464 89 26 2470 25 20 2471 16 14 2502 4 31 2540 99 24 2543 93 27 2558 90 31 2559 25 15 2559 58 12 2582 12 28 2599 55 8 2611 23 3 2636 11 28 2706 14 5 2712 95 10 2720 21 26 2738 94 0 2744 46 31 2747 83 7 2774 41 15
669 62 1e-05 122 32 3 132 24 28 136 75 7 158 1 11 182 32 1 307 91 0 383 72 24 440 28 29 477 91 12 497 48 9 499 41 4 500 14 0 533 42 8 554 56 22 625 18 18 648 6 10 671 20 19 675 55 16 717 93 29 739 3 18 742 12 16 758 20 5 797 77 30 867 12 5 918 61 10 929 93 14 938 44 16 952 82 4 985 24 9 1822 88 18 1825 18 20 1892 92 4 1916 95 6 1933 9 13 1946 22 12 1980 65 31 1995 8 16 1996 60 3 2180 53 19 2223 85 19 2255 14 26 2272 68 19 2284 40 10 2333 23 5 2336 80 0 2363 67 22 2381 80 7 2409 87 3 2447 76 1 2456 80 25 2464 74 15 2507 91 22 2516 31 0 2552 76 0 2557 43 13 2575 62 22 2623 85 4 2662 88 30 2664 0 27 2718 30 5 2726 82 15 2768 94 14
670 62 1e-05 156 93 2 186 89 18 191 2 31 194 81 8 237 69 15 288 65 15 304 96 0 311 94 23 320 53 19 386 65 17 389 79 2 428 76 12 449 2 13 453 21 31 477 55 5 481 28 24 528 89 15 540 33 18 581 19 7 701 62 11 746 9 6 759 15 8 770 99 19 790 52 13 883 95 8 897 88 6 957 70 1 988 10 11 993 88 27 1000 54 19 1029 89 31 1039 76 10 1809 53 15 1812 44 16 1904 7 25 1923 96 26 1940 44 17 1940 58 11 1997 76 4 2004 13 3 2005 21 31 2021 45 11 2053 90 25 2066 93 15 2115 54 3 2124 60 27 2133 27 11 2155 96 18 2196 29 26 2299 83 13 2324 95 15 2458 51 28 2473 55 12 2477 37 16 2498 88 12 2519 93 5 2523 90 5 2547 5 12 2610 47 7 2632 68 17 2660 33 10 2721 40 27
671 62 1e-05 79 79 0 96 71 19 111 35 11 116 80 13 162 61 29 188 18 4 212 23 10 214 88 21 228 59 20 295 0 14 301 43 6 385 35 22 402 40 16 452 80 4 491 64 18 509 24 10 519 72 4 559 45 12 590 54 6 638 45 26 654 16 8 663 83 31 780 61 18 791 30 13 801 75 21 820 73 1 855 49 22 884 56 10 906 93 31 910 25 5 918 68 12 921 29 19 935 17 3 948 54 28 962 28 0 1849 22 30 1873 69 18 1926 21 2 1979 90 9 2004 34 24 2009 48 10 2088 72 17 2133 26 30 2134 3 26 2144 80 28 2186 70 29 2202 57 18 2258 78 19 2334 59 2 2378 48 26 2397 8 31 2442 68 2 2469 68 8 2492 1 14 2523 46 8 2661 56 21 2662 23 23 2669 87 1 2693 25 26 2701 41 26 2727 91 28 2759 99 27
672 62 1e-05 75 33 14 137 69 10 161 99 23 174 50 9 256 34 6 261 15 8 263 58 22 301 36 6 307 33 2 332 72 15 400 12 30 413 61 6 418 74 5 466 8 23 479 15 21 557 95 6 579 33 14 680 71 7 687 76 23 796 58 5 844 38 20 887 7 20 926 23 9 926 80 21 1836 34 27 1841 34 30 1843 34 9 1847 92 23 1932 54 19 1939 85 26 1950 17 3 1989 11 2 1989 25 26 2012 1 31 2060 78 13 2073 72 18 2114 100 2 2119 65 0 2137 73 31 2242 64 24 2243 33 28 2268 44 14 2283 91 24 2287 44 12 2312 80 26 2333 82 17 2342 30 16 2411 66 30 2458 11 19 2514 5 23 2516 3 29 2540 55 30 2544 76 25 2569 30 15 2572 39 10 2590 47 21 2604 67 15 2666 53 0 2668 32 30 2672 56 8 2754 79 5 2758 49 15
673 62 1e-05 75 43 23 170 88 5 192 52 11 254 12 13 289 79 8 329 30 26 331 27 12 369 40 27 372 67 30 472 50 19 475 96 22 511 95 29 516 66 16 571 28 24 580 27 27 591 74 30 604 21 31 637 62 30 654 89 25 662 63 19 690 76 26 700 82 19 823 53 5 836 53 19 885 30 8 898 61 12 922 1 13 999 9 22 1006 98 23 1824 94 20 1862 92 27 1864 53 9 1874 10 17 1986 83 24 2001 97 26 2003 84 13 2059 45 19 2064 67 8 2067 71 17 2087 36 16 2099 39 3 2182 98 18 2193 46 20 2198 24 24 2211 23 20 2280 43 26 2290 37 30 2365 36 20 2378 12 24 2479 99 30 2523 69 25 2539 38 29 2567 43 26 2574 32 21 2575 25 6 2589 83 22 2591 10 29 2620 96 19 2640 72 16 2643 37 1 2658 48 15 2679 88 12
674 62 1e-05 92 10 22 116 99 24 189 81 22 212 9 26 213 50 12 214 27 2 244 32 17 290 64 5 300 32 28 308 20 15 330 50 4 331 41 13 331 52 17 473 57 25 475 36 26 498 41 30 510 90 3 516 53 12 552 72 1 560 25 0 607 45 16 648 30 28 656 35 6 684 36 7 685 0 20 692 48 8 724 41 4 730 0 9 742 76 12 744 75 1 828 60 28 852 33 24 856 32 8 860 68 18 912 74 3 978 18 24 993 39 10 1813 30 20 1815 94 5 1847 76 25 1892 56 9 1908 73 17 1934 37 21 1961 78 17 2017 30 21 2037 44 11 2042 46 9 2101 53 3 2164 43 14 2175 35 12 2186 70 31 2194 81 28 2212 97 9 2213 95 14 2221 24 12 2326 79 5 2416 92 28 2493 25 2 2541 100 20 2573 8 4 2758 80 4 2769 75 10
675 62 1e-05 102 78 20 219 100 20 306 5 3 318 99 31 329 43 3 395 25 31 401 94 9 405 88 2 426 32 11 440 8 11 445 36 23 532 58 6 534 24 23 657 24 3 667 10 24 670 49 9 677 82 1 681 32 13 687 22 22 763 47 31 764 4 19 793 6 13 794 26 24 866 52 0 869 79 27 918 32 11 961 14 15 1004 68 25 1005 85 8 1032 28 11 1033 79 12 1833 55 12 1839 31 8 1870 86 19 1884 7 13 1968 100 1 2071 80 2 2084 27 8 2144 83 10 2222 35 29 2282 96 17 2288 8 2 2295 13 23 2296 26 16 2300 34 25 2313 75 14 2344 18 19 2344 22 7 2383 19 4 2428 41 22 2447 80 2 2505 44 9 2568 87 2 2593 79 11 2597 10 7 2604 72 17 2632 1 13 2699 16 13 2709 99 14 2718 86 0 2753 26 10 2767 46 6
676 62 1e-05 93 10 29 129 20 0 157 49 6 190 22 2 271 100 7 276 40 1 287 80 4 331 53 29 373 50 19 439 18 8 443 100 18 577 26 25 592 6 9 619 34 30 649 49 20 662 65 6 683 84 9 706 73 3 710 58 19 729 5 16 839 0 21 859 83 7 872 39 29 913 6 19 959 95 23 996 21 13 996 98 22 1007 16 3 1031 64 9 1037 51 1 1815 3 15 1819 75 6 1847 25 9 1900 6 20 1930 95 23 1953 39 29 2012 82 5 2029 71 26 2062 12 28 2080 13 18 2097 64 14 2159 21 8 2173 17 17 2180 83 31 2209 91 3 2241 36 27 2246 84 7 2309 87 5 2310 91 7 2325 71 10 2433 1 26 2451 15 15 2502 48 15 2506 78 3 2638 96 18 2644 28 31 2653 81 25 2655 11 22 2690 11 25 2709 36 4 2717 43 10 2744 28 30
677 62 1e-05 117 68 9 142 63 27 228 64 11 300 98 16 413 12 28 436 47 0 447 10 25 499 11 2 503 75 15 590 68 7 637 59 20 654 72 14 658 98 28 683 58 2 687 53 9 778 23 5 785 78 21 800 35 30 829 28 25 839 92 21 847 7 17 899 36 16 950 94 11 986 16 4 1001 62 19 1843 84 27 1847 58 0 1878 95 18 1888 10 20 1924 24 23 1949 52 9 1965 6 20 1999 36 25 2002 10 30 2008 61 15 2108 21 11 2116 63 3 2121 77 18 2131 41 10 2293 32 30 2359 40 17 2363 11 18 2393 2 29 2405 28 12 2430 41 21 2430 99 23 2433 5 2 2438 98 12 2453 74 27 2500 80 28 2527 33 19 2562 52 27 2574 57 6 2613 31 11 2621 78 13 2645 51 15 2657 19 3 2657 25 27 2693 46 14 2716 96 15 2723 73 28 2771 14 20
678 62 1e-05 134 95 18 177 88 31 179 44 28 266 84 24 268 63 10 361 59 17 364 78 13 390 53 16 429 88 25 477 77 16 481 62 5 496 67 1 522 68 2 530 91 10 552 30 0 566 38 27 613 79 11 637 25 2 650 27 9 711 22 31 772 88 16 883 29 2 912 42 9 947 92 5 969 25 13 979 72 5 982 17 22 982 36 14 988 21 25 1006 99 15 1817 5 27 1828 49 18 1845 55 16 1871 93 8 1886 55 9 1898 100 6 1944 74 1 1972 20 8 2021 26 10 2037 81 8 2113 87 13 2153 70 10 2189 82 30 2237 75 11 2267 34 25 2294 2 12 2317 42 17 2362 8 9 2365 29 3 2413 54 13 2443 72 21 2473 18 22 2516 6 22 2593 28 12 2603 27 0 2618 80 24 2626 70 6 2651 29 25 2701 17 30 2736 13 19 2740 54 27 2775 73 19
679 62 1e-05 87 75 23 133 76 25 168 68 12 169 97 8 206 25 17 219 5 9 227 25 13 239 64 28 295 78 21 321 21 16 325 51 31 376 2 22 400 92 13 415 26 21 426 48 14 451 34 1 463 26 6 511 77 7 553 88 10 628 20 12 654 68 6 658 69 2 664 0 2 716 24 25 725 0 16 760 96 8 764 71 22 781 59 3 838 57 27 854 17 0 885 92 30 889 97 14 961 80 16 971 54 11 1031 8 4 1036 80 2 1832 92 3 1839 26 18 1881 100 3 1973 42 31 2018 42 1 2063 92 29 2079 46 18 2084 61 3 2123 2 26 2145 66 23 2148 33 4 2150 27 9 2214 83 18 2215 9 8 2290 57 26 2292 18 30 2334 49 18 2400 18 19 2477 98 11 2491 57 20 2622 24 30 2623 53 1 2636 14 3 2640 52 24 2670 21 15 2774 47 31
680 62 1e-05 73 99 14 91 91 9 133 5 8 159 68 17 162 66 5 185 43 19 194 37 10 251 12 24 252 74 18 271 0 23 283 99 10 297 45 5 304 55 25 327 33 20 329 40 2 350 10 20 407 68 22 426 47 10 455 71 3 474 10 8 585 41 24 603 86 0 643 42 31 704 4 1 705 55 13 720 76 15 740 21 20 762 90 25 828 88 3 853 52 29 938 22 31 956 94 25 970 16 12 1822 4 10 1825 53 28 1870 20 8 1882 22 11 1975 6 18 2020 12 30 2036 4 4 2081 44 20 2107 32 1 2121 58 12 2154 62 31 2168 49 8 2205 27 8 2215 79 7 2219 32 6 2223 8 18 2320 2 5 2350 67 10 2363 49 22 2367 70 10 2383 20 15 2544 47 23 2548 11 31 2548 94 3 2596 49 4 2612 17 18 2620 95 21 2641 45 22 2766 18 12
681 62 1e-05 76 21 20 123 30 22 134 92 13 139 100 24 152 19 7 154 16 16 190 25 29 254 66 3 288 3 8 361 44 6 382 87 31 402 41 24 415 0 0 425 49 30 473 90 24 497 38 8 513 45 6 532 6 15 541 42 9 551 69 15 551 83 18 558 19 6 628 91 5 681 93 27 708 54 23 789 47 21 802 99 8 808 83 12 844 57 29 879 3 16 904 22 23 954 8 29 981 41 1 985 23 6 1858 38 10 1883 54 15 1920 46 18 1962 27 28 1975 23 12 1987 84 19 2021 54 24 2028 93 16 2096 40 10 2162 8 22 2163 18 27 2180 86 2 2233 95 1 2239 4 29 2314 100 15 2320 45 10 2341 89 12 2366 14 5 2436 12 23 2437 30 16 2467 63 13 2472 50 11 2510 93 6 2664 9 19 2681 95 7 2687 10 9 2717 53 20 2750 55 13
682 62 1e-05 119 34 29 143 24 11 201 22 12 215 79 15 349 87 25 360 76 3 393 11 10 402 85 15 425 80 17 480 26 29 481 13 3 521 30 14 553 43 31 585 73 29 606 65 12 610 68 9 666 49 16 678 74 17 733 68 1 753 70 2 784 79 19 851 66 31 919 69 6 967 78 27 980 29 9 988 69 15 994 83 14 1028 39 22 1815 55 4 1827 14 7 1942 89 1 1971 71 21 1979 58 23 1997 35 16 1998 97 10 2030 55 6 2119 75 7 2120 69 21 2247 10 30 2301 20 22 2306 63 31 2309 39 4 2321 26 17 2352 25 28 2384 16 17 2398 20 5 2400 58 11 2464 70 20 2472 77 10 2492 41 14 2495 24 26 2498 61 22 2508 31 14 2585 51 10 2602 69 3 2639 20 20 2658 37 10 2663 15 8 2665 66 1 2678 10 19 2741 73 18 2775 20 0
683 62 1e-05 111 52 20 133 100 15 152 35 1 162 5 11 191 1 15 197 57 14 261 92 8 379 48 3 382 18 27 398 97 23 399 10 18 405 22 28 535 13 29 535 49 17 572 46 0 611 71 21 666 9 26 681 88 23 700 10 29 728 1 27 744 39 28 772 28 26 796 64 13 810 26 0 812 44 0 816 11 4 847 40 7 873 3 23 885 45 20 912 72 26 984 99 6 1013 54 5 1022 83 15 1828 62 18 1840 39 20 1848 29 27 1876 72 23 1939 75 31 2003 96 17 2028 93 4 2041 85 3 2047 18 26 2060 38 9 2064 50 12 2096 69 1 2108 10 21 2204 64 1 2207 12 30 2227 36 2 2240 78 19 2273 96 13 2317 86 6 2384 3 7 2396 26 15 2455 73 26 2472 34 24 2505 52 20 2666 49 11 2680 80 0 2710 16 21 2728 91 4 2767 36 5
684 62 1e-05 91 74 25 100 1 16 137 65 0 243 18 8 278 33 22 338 54 15 387 74 9 424 73 29 444 95 29 454 5 11 551 22 17 556 3 8 577 53 8 607 73 30 661 1 2 692 61 27 700 84 31 702 45 27 853 41 26 903 80 17 927 62 7 957 32 2 1002 67 20 1006 10 16 1823 35 10 1828 48 30 1857 8 11 1924 59 23 1943 83 28 1948 88 20 1964 31 13 1980 7 11 2022 77 14 2038 91 16 2039 45 4 2117 2 3 2129 55 12 2133 75 9 2140 44 4 2164 28 16 2181 51 11 2239 44 13 2245 82 6 2290 25 22 2294 72 26 2306 84 19 2328 96 30 2350 88 20 2378 69 2 2394 6 22 2399 78 30 2530 2 31 2544 54 21 2549 55 9 2570 58 30 2577 13 14 2599 20 9 2682 67 1 2718 100 4 2723 43 18 2743 25 16 2749 36 30
685 62 1e-05 106 49 21 173 85 28 192 30 27 198 16 26 466 24 24 491 42 12 572 50 22 573 5 20 593 73 25 624 39 19 633 34 27 634 56 29 657 73 20 697 81 9 710 98 18 722 100 31 768 78 4 772 34 9 784 93 11 931 46 25 938 80 8 962 49 7 967 28 3 988 96 2 1002 44 14 1919 13 29 1942 9 21 1985 68 4 1994 68 24 2013 16 13 2039 3 31 2041 17 6 2095 98 18 2130 49 24 2146 47 28 2147 37 1 2148 59 7 2183 85 18 2213 70 27 2240 100 5 2265 68 25 2296 6 27 2450 85 17 2456 71 31 2482 85 30 2504 21 18 2507 77 2 2516 19 27 2526 42 19 2531 95 15 2559 56 26 2559 60 9 2585 53 10 2592 53 2 2642 25 15 2650 65 21 2667 41 11 2670 45 5 2701 39 27 2730 89 30 2760 71 5 2771 3 24
686 62 1e-05 142 78 3 183 12 28 198 71 28 231 5 11 232 98 14 320 36 23 321 41 0 338 32 14 360 89 5 373 100 29 394 36 8 397 28 17 420 72 6 436 1 23 559 24 12 564 30 15 600 79 10 650 94 9 674 46 7 721 48 28 759 24 31 838 59 4 861 25 22 874 87 4 884 28 9 940 17 3 957 85 20 965 77 22 1015 13 25 1033 40 18 1818 98 5 1833 57 10 1863 75 21 1893 70 27 1944 93 24 1963 10 13 1986 81 3 2034 26 9 2131 71 10 2137 7 8 2142 31 23 2157 9 1 2285 91 8 2379 56 21 2388 16 25 2402 85 17 2448 4 9 2473 55 27 2504 20 27 2528 8 31 2541 19 24 2557 3 30 2570 39 6 2597 10 5 2599 17 19 2666 79 4 2679 4 9 2683 77 20 2685 94 4 2695 90 2 2753 81 28 2755 28 27
687 62 1e-05 122 28 1 138 74 2 272 46 19 288 47 15 346 49 25 360 40 9 407 29 3 475 76 5 476 82 19 522 98 2 537 73 15 565 81 26 604 19 6 704 97 26 713 68 17 714 37 17 719 95 26 752 75 18 837 24 24 855 77 29 874 23 22 882 67 31 894 66 22 908 98 17 917 9 10 929 26 3 962 15 0 967 66 23 1002 12 24 1006 52 28 1010 36 22 1841 15 9 1895 69 30 1907 91 29 1929 89 26 1950 43 3 1977 59 27 2021 2 23 2023 72 22 2038 93 15 2042 39 13 2051 89 3 2088 51 31 2109 1 7 2130 69 19 2159 72 0 2239 2 11 2245 4 11 2284 50 13 2289 24 14 2320 98 18 2332 47 7 2339 48 6 2424 75 16 2579 27 10 2589 49 4 2592 52 13 2653 16 27 2694 11 26 2735 66 5 2741 97 9 2758 8 27
688 62 1e-05 89 51 1 121 86 3 311 45 21 317 65 6 323 64 14 339 80 22 357 9 0 361 87 22 381 39 9 392 77 25 399 94 6 436 78 18 496 73 25 517 5 31 520 30 5 529 30 25 575 20 26 581 51 4 581 57 1 589 12 4 602 6 28 628 97 3 700 34 18 719 91 4 727 27 3 728 47 29 759 60 11 796 41 21 856 34 1 858 80 18 1012 50 3 1025 44 26 1844 54 13 1969 93 28 1978 89 23 1979 74 27 2003 54 10 2013 46 25 2020 93 22 2031 81 21 2180 3 18 2206 44 3 2207 76 17 2249 90 27 2258 40 8 2269 31 30 2291 97 6 2328 65 15 2334 22 5 2375 22 22 2378 85 28 2419 73 25 2424 22 23 2489 70 23 2509 81 17 2559 87 12 2568 6 1 2624 25 16 2627 10 3 2673 71 11 2709 94 28 2731 44 3
689 62 1e-05 74 48 1 77 39 23 125 51 10 134 76 13 155 14 21 158 60 29 186 14 30 194 7 15 204 42 23 215 60 28 256 55 17 312 83 25 325 63 28 331 14 12 349 65 30 380 94 29 419 6 20 421 79 16 437 83 21 468 73 29 480 1 16 481 15 20 525 50 21 589 34 6 621 9 18 671 77 28 708 96 22 720 17 15 773 94 7 774 47 5 781 19 28 845 17 5 907 67 7 924 59 20 938 24 5 1005 5 22 1015 49 11 1029 88 7 1849 42 30 1985 58 18 2034 92 28 2070 48 21 2103 53 4 2115 45 15 2160 13 15 2166 55 17 2169 35 16 2193 37 9 2255 61 0 2328 34 7 2346 59 17 2426 35 17 2455 40 12 2510 8 12 2516 49 4 2544 41 24 2552 49 21 2609 64 3 2673 66 20 2715 66 21 2722 34 25 2730 99 26
690 62 1e-05 166 57 1 195 10 28 216 16 12 255 7 25 304 71 2 309 72 8 325 81 20 402 25 10 427 65 14 464 2 2 476 97 10 496 43 4 550 77 23 592 9 8 614 86 22 614 93 25 633 16 22 647 75 9 668 52 6 675 47 10 676 19 0 788 90 14 822 33 0 842 92 15 875 59 21 877 14 11 877 96 18 885 97 18 970 72 22 1006 49 6 1036 87 8 1818 9 24 1818 99 30 1843 69 28 1884 68 7 1897 43 14 1939 96 20 1947 88 26 1993 8 22 2013 46 4 2031 37 13 2045 33 17 2075 72 13 2104 99 26 2189 25 6 2223 10 0 2259 23 16 2273 19 5 2304 98 27 2367 22 8 2378 27 25 2396 73 25 2403 62 0 2456 78 3 2524 90 27 2582 14 8 2614 52 18 2649 90 24 2680 52 27 2681 79 26 2724 44 24 2764 12 7
691 62 1e-05 109 0 31 148 75 12 197 5 19 218 80 20 266 93 27 268 55 29 326 70 27 387 54 13 387 88 13 471 42 11 475 70 7 476 66 24 505 15 14 511 99 29 532 71 23 585 85 11 674 0 1 735 0 0 806 26 18 840 66 6 847 3 13 847 11 6 853 13 11 878 39 5 880 31 11 910 56 25 914 95 25 968 62 20 977 51 27 1004 99 6 1009 13 16 1864 94 16 1901 29 4 1929 90 18 1942 19 4 1970 76 17 1985 18 8 1996 9 14 2041 17 13 2138 97 7 2145 93 3 2228 53 22 2240 31 30 2242 37 3 2267 0 8 2267 36 21 2277 71 11 2278 57 24 2314 83 6 2431 45 1 2437 12 20 2446 77 22 2468 78 21 2514 80 14 2548 36 16 2564 74 0 2626 19 14 2638 45 30 2670 5 16 2691 72 2 2734 43 29 2743 71 14
692 62 1e-05 129 88 16 147 7 17 179 80 27 213 49 30 223 27 0 244 40 9 316 61 25 337 64 26 389 35 13 478 63 30 510 9 24 532 86 25 560 39 22 610 41 21 611 20 31 614 57 3 625 18 30 665 38 23 672 40 29 788 78 16 819 99 22 824 100 4 837 6 19 875 17 9 921 17 14 1025 36 30 1814 32 1 1832 20 22 1832 21 15 1856 56 3 1878 39 26 1909 44 2 1981 62 14 1988 81 29 2077 12 1 2089 80 4 2103 69 27 2144 15 7 2147 64 28 2149 11 13 2185 22 16 2207 61 18 2262 53 20 2295 67 8 2328 12 15 2365 25 24 2385 54 15 2393 17 16 2413 10 14 2417 52 27 2454 52 15 2455 41 16 2458 89 5 2464 63 16 2499 45 10 2512 75 31 2551 33 24 2574 80 15 2608 78 7 2648 76 14 2666 90 13 2729 29 8
693 62 1e-05 136 52 10 149 68 29 182 51 24 190 96 25 207 48 13 228 10 30 232 49 24 240 67 18 293 94 3 308 6 19 310 35 1 317 67 23 384 71 9 391 43 27 408 81 11 467 58 0 469 56 11 504 13 14 600 85 5 646 41 29 666 14 31 687 46 3 690 45 15 696 39 0 701 13 14 713 18 16 721 45 3 817 94 15 818 89 22 860 34 11 923 27 22 971 27 20 973 89 0 991 15 21 993 89 17 1872 80 13 1981 16 26 2015 59 30 2068 29 25 2137 72 22 2145 77 19 2161 25 13 2194 58 31 2205 15 2 2264 99 15 2269 90 28 2269 100 19 2346 0 0 2403 64 14 2430 63 12 2465 24 10 2479 91 3 2485 43 29 2508 17 30 2514 11 23 2517 94 22 2556 76 29 2632 87 12 2685 99 5 2689 14 7 2713 2 25 2749 23 30
694 62 1e-05 110 51 9 144 9 26 164 38 3 174 71 4 184 79 23 192 9 26 203 13 24 228 56 10 380 4 17 454 8 10 501 74 0 505 78 21 518 23 23 544 11 12 551 64 12 582 41 11 620 90 2 621 60 19 643 67 0 676 11 24 682 28 10 695 21 5 717 22 26 718 36 11 719 16 2 760 69 2 767 36 7 791 69 12 802 34 22 807 79 18 926 1 31 932 45 29 949 28 15 954 82 27 981 48 16 986 54 1 1818 91 18 1839 15 13 1909 19 31 1920 68 10 1957 99 28 2014 64 1 2022 69 30 2023 94 22 2102 7 23 2150 67 20 2173 35 25 2177 71 19 2178 52 21 2211 63 4 2212 86 23 2216 48 31 2229 22 31 2280 93 30 2367 21 8 2444 82 11 2453 57 6 2504 90 19 2570 87 6 2612 100 28 2656 87 8 2771 85 11
695 62 1e-05 157 60 17 201 51 5 207 28 9 252 19 1 272 35 0 287 61 10 315 7 9 337 61 3 379 23 9 430 53 31 448 77 0 458 1 0 474 36 14 482 87 23 519 54 9 546 30 10 550 35 7 570 24 18 590 71 4 697 23 18 713 26 8 727 86 14 740 8 22 761 31 21 764 89 5 781 56 17 813 4 16 821 62 14 833 56 3 858 22 17 1022 46 7 1023 58 21 1881 77 7 1917 75 27 2020 63 20 2040 15 13 2110 60 9 2117 29 3 2163 94 6 2319 36 27 2337 69 1 2349 8 17 2352 87 19 2369 100 23 2379 97 22 2397 74 4 2430 48 24 2445 45 3 2450 5 16 2480 58 5 2495 74 3 2520 43 17 2545 28 24 2571 76 26 2658 10 6 2669 46 26 2672 56 10 2679 5 17 2681 53 25 2689 21 10 2736 71 10 2770 92 2
696 62 1e-05 95 44 10 161 15 9 172 15 13 198 24 23 200 88 23 227 64 27 233 6 0 255 30 12 259 32 12 372 19 22 376 94 22 380 36 23 393 97 16 395 63 6 419 4 3 480 32 29 548 97 30 564 24 11 590 26 12 634 24 1 658 7 26 680 41 12 686 55 26 719 13 6 740 43 14 760 60 1 802 35 8 806 32 31 819 91 21 847 89 18 856 51 4 871 5 19 909 45 6 909 66 17 924 3 13 963 67 3 973 51 5 1024 55 3 1028 100 25 1824 92 22 1898 78 9 1989 5 12 2032 46 31 2045 58 15 2065 56 25 2181 52 10 2185 50 6 2203 68 24 2210 9 4 2250 17 9 2251 21 6 2321 28 9 2343 14 24 2352 50 28 2384 22 4 2403 2 25 2442 65 10 2459 13 20 2477 12 25 2525 51 0 2642 28 15 2668 55 23
697 62 1e-05 106 26 29 108 25 29 133 70 22 203 66 10 206 75 16 236 53 18 262 95 2 333 68 24 339 79 19 423 95 2 427 90 6 523 97 3 551 23 23 592 30 28 599 28 18 753 24 6 753 51 1 769 60 28 870 14 19 954 86 22 970 46 21 996 7 26 1026 3 8 1847 43 23 1910 58 25 1920 69 6 1941 12 23 1952 69 19 1969 21 2 1991 34 30 2003 76 28 2005 34 27 2048 37 12 2100 5 31 2101 91 28 2116 55 12 2129 32 19 2141 68 10 2143 29 6 2233 91 16 2281 86 10 2289 27 8 2306 18 31 2311 9 11 2334 10 27 2354 54 21 2366 82 1 2440 99 2 2447 62 29 2490 86 21 2511 28 1 2571 31 5 2593 87 7 2599 11 1 2607 89 19 2613 6 1 2614 87 29 2639 57 18 2650 31 18 2662 5 2 2682 81 6 2746 32 27
698 62 1e-05 73 81 1 93 30 3 149 94 31 173 82 18 187 12 25 191 36 19 208 88 9 244 45 21 276 16 11 278 59 19 284 29 2 285 60 1 336 47 13 355 46 3 400 97 29 500 55 13 505 74 20 568 99 21 648 94 14 687 75 10 693 89 2 713 61 4 729 62 21 850 63 14 861 34 28 872 10 3 881 11 10 971 75 25 974 66 21 1834 91 13 1855 84 29 1869 88 8 1910 18 1 1914 62 4 1988 93 31 2036 49 20 2121 80 16 2135 45 27 2171 92 6 2190 12 11 2201 93 15 2231 63 21 2232 48 6 2233 64 9 2233 77 8 2266 33 23 2337 50 13 2344 52 14 2361 60 17 2424 54 15 2494 71 3 2514 93 6 2522 46 2 2531 28 8 2533 87 15 2590 75 29 2607 60 20 2612 43 7 2621 69 1 2709 18 16 2728 50 25 2760 49 19
699 62 1e-05 84 37 18 99 86 12 110 44 30 120 64 23 186 36 19 200 10 5 213 63 30 214 10 30 371 95 20 389 90 31 404 89 15 497 82 29 497 88 25 501 31 25 507 77 23 564 39 14 660 2 15 669 57 5 748 45 8 752 69 23 756 68 18 757 74 26 768 81 21 816 87 24 834 57 30 841 2 20 922 39 21 934 0 17 955 93 2 961 28 22 964 66 30 970 63 17 974 24 5 982 63 28 1000 65 10 1818 83 7 1828 4 15 1916 89 11 1923 82 7 2029 70 7 2074 99 19 2085 33 21 2163 41 28 2190 86 21 2204 14 16 2238 23 16 2315 46 6 2318 77 0 2327 31 1 2348 52 12 2360 72 15 2363 83 29 2373 53 23 2432 31 0 2552 30 11 2556 23 20 2581 70 0 2603 23 14 2616 92 30 2664 0 14 2693 54 0 2741 84 29
700 62 1e-05 94 80 5 128 44 0 162 74 27 164 12 18 186 42 25 189 75 0 208 25 18 225 87 26 235 6 17 328 1 12 393 25 19 544 9 5 647 7 30 720 71 31 744 27 24 757 91 17 783 6 7 789 25 31 830 21 9 846 68 17 848 16 14 884 61 4 919 42 21 1813 77 28 1824 5 10 1849 84 25 1860 72 24 1871 23 20 1872 57 22 1876 35 12 1899 33 17 1900 56 24 1919 98 26 1951 29 28 1990 69 26 1997 20 0 2140 6 17 2150 31 9 2158 35 15 2163 40 30 2174 57 5 2184 98 12 2211 8 2 2221 65 23 2228 45 27 2240 67 9 2277 52 25 2285 51 0 2320 32 18 2352 60 27 2437 18 17 2453 20 22 2455 5 31 2526 32 11 2550 84 12 2580 46 19 2592 96 10 2596 38 16 2669 21 13 2744 28 9 2748 30 23 2758 22 17
701 62 1e-05 115 81 26 117 83 16 130 100 1 151 53 26 178 20 1 184 1 20 236 20 7 281 97 11 286 9 17 307 75 15 322 45 31 324 53 7 344 28 2 344 100 6 356 93 15 430 24 3 456 94 10 461 84 17 463 72 14 542 76 27 556 56 8 593 31 18 643 75 25 710 3 9 712 75 29 728 50 27 809 0 8 816 3 1 858 2 9 866 84 31 874 58 1 904 36 15 926 17 31 954 25 28 1036 81 2 1887 82 6 1890 65 24 1919 32 7 1935 25 31 1960 63 18 1960 97 24 1966 89 0 1990 46 20 2038 61 30 2049 26 17 2062 51 11 2064 84 10 2125 32 8 2129 36 10 2130 36 9 2170 19 5 2183 84 0 2194 38 25 2294 78 20 2432 57 20 2451 92 16 2453 26 5 2479 40 6 2574 13 19 2633 92 26 2677 31 7 2725 40 27
702 62 1e-05 132 88 29 152 32 20 159 37 30 192 35 2 225 37 13 241 85 25 241 97 9 264 25 24 294 63 18 350 32 25 395 64 9 447 83 29 473 28 8 492 81 27 525 76 2 527 48 12 540 48 3 610 40 4 645 20 23 655 90 8 668 70 9 708 9 29 793 35 28 802 56 2 825 5 8 862 93 15 880 63 13 929 2 6 944 23 0 1018 55 29 1034 57 10 1810 5 2 1888 20 10 1952 24 1 1990 48 24 2020 24 22 2037 72 0 2060 52 31 2105 70 17 2179 4 6 2223 15 13 2227 3 19 2244 68 8 2283 18 1 2349 62 8 2366 31 13 2394 36 19 2409 99 0 2424 42 19 2431 85 19 2519 83 17 2538 22 16 2556 33 14 2588 51 21 2636 75 5 2667 42 2 2683 65 30 2709 36 1 2725 14 21 2738 84 28 2768 82 20 2775 99 10
703 62 1e-05 97 28 9 136 86 16 146 100 5 179 7 23 180 81 18 207 84 29 223 3 1 323 78 22 357 5 8 359 41 24 428 99 4 443 81 31 449 18 4 485 2 29 486 38 9 521 17 15 529 13 27 569 84 13 594 57 14 623 39 25 653 45 24 654 20 1 656 97 18 694 34 12 722 31 31 765 19 2 773 84 9 918 14 21 924 94 20 949 86 11 968 22 30 971 70 13 1000 54 26 1812 26 23 1821 5 31 1875 67 4 1898 85 20 1918 55 26 1918 74 17 1924 10 3 1941 37 29 2046 61 31 2071 73 27 2091 97 27 2097 19 17 2147 90 13 2197 68 27 2220 0 16 2231 51 27 2249 65 5 2282 97 12 2323 53 25 2337 51 19 2378 87 12 2421 35 22 2440 96 19 2478 66 31 2511 45 31 2536 93 6 2564 4 18 2659 84 8 2696 26 30
704 62 1e-05 158 13 25 200 55 23 208 20 25 243 39 2 261 8 23 263 34 20 272 62 9 332 18 25 385 5 16 416 86 10 422 85 11 461 77 9 478 75 15 517 64 28 568 54 0 584 5 1 710 31 30 746 35 18 769 34 10 776 58 9 780 89 4 806 63 13 917 63 25 942 40 26 961 9 13 971 15 18 980 30 22 989 24 21 1004 12 5 1033 0 27 1808 24 22 1839 1 14 1849 75 31 1849 100 6 1965 51 14 1982 77 7 1984 92 27 2009 74 13 2128 12 17 2199 79 21 2257 65 14 2267 51 25 2267 57 3 2277 65 1 2304 45 30 2308 97 21 2332 88 23 2353 35 15 2397 54 11 2399 41 3 2564 63 9 2577 38 8 2609 59 29 2650 8 24 2661 26 22 2678 59 5 2690 6 11 2706 19 1 2724 22 2 2730 28 11 2735 49 29 2758 3 17
705 62 1e-05 99 34 8 113 37 25 128 43 20 240 85 3 261 22 24 267 93 10 287 84 8 295 96 21 344 37 26 351 72 27 353 55 9 366 22 12 391 92 21 415 38 25 429 33 6 430 40 6 519 18 18 545 97 3 568 76 6 581 62 11 637 38 8 720 29 25 750 40 17 760 27 18 776 83 5 846 95 10 857 43 2 860 45 28 920 0 4 934 55 4 941 83 4 1832 15 7 1860 71 0 1890 35 26 1902 15 26 1903 66 5 1912 33 5 1938 23 30 1943 63 29 2010 39 7 2106 48 11 2112 1 5 2131 97 16 2214 88 12 2277 5 27 2309 76 12 2331 33 27 2371 38 26 2443 44 22 2480 49 8 2506 55 9 2544 32 28 2544 69 1 2563 6 3 2588 56 27 2622 99 13 2682 63 28 2683 71 2 2728 25 7 2735 16 9 2743 77 5 2743 90 5
706 62 1e-05 84 96 10 173 76 18 208 74 12 217 88 4 245 62 17 254 47 22 277 99 12 287 1 29 358 53 7 370 37 10 419 59 9 445 89 10 500 78 26 514 75 25 549 87 8 574 86 26 580 71 28 597 3 12 600 58 22 635 90 8 639 16 11 683 24 7 750 80 18 785 17 7 802 68 15 823 96 20 860 21 16 906 31 11 957 30 8 1017 57 27 1036 0 6 1881 48 27 1974 75 6 1975 4 3 2013 28 21 2019 8 9 2051 100 4 2057 28 10 2094 20 24 2118 77 8 2204 57 31 2222 20 8 2249 39 10 2296 57 11 2328 56 19 2346 91 9 2377 0 6 2410 58 10 2500 47 27 2503 10 24 2545 67 24 2546 5 10 2569 76 1 2626 11 17 2640 13 14 2645 99 20 2670 70 25 2723 62 31 2729 91 16 2737 86 2 2754 72 14 2757 79 14
707 62 1e-05 75 76 9 114 26 18 120 95 28 126 74 10 136 11 9 137 48 27 158 90 8 201 24 16 203 8 7 209 34 13 232 23 6 275 1 13 288 31 11 295 79 6 334 31 1 426 52 6 427 43 30 433 3 29 434 83 3 438 79 12 481 90 31 514 46 13 521 81 0 522 39 28 541 94 22 567 85 10 579 9 25 632 81 20 657 84 7 703 12 9 729 17 11 764 46 28 788 59 2 797 24 3 883 90 24 905 41 5 933 2 16 940 54 26 978 5 24 992 13 14 996 90 16 1813 14 31 1882 88 6 1898 54 17 1958 19 22 1960 98 21 1991 69 21 2068 54 11 2084 24 0 2163 91 29 2165 61 20 2171 97 11 2272 81 19 2327 28 23 2347 8 22 2420 37 1 2429 17 23 2467 7 6 2549 56 9 2568 32 15 2683 8 23 2771 86 4
708 62 1e-05 121 72 30 134 57 20 140 53 15 176 58 21 197 99 5 207 70 22 260 41 16 293 74 18 327 63 18 328 49 4 344 94 7 356 2 1 411 18 25 461 98 17 473 80 31 496 94 26 535 15 14 557 62 3 577 20 13 601 32 5 610 65 8 611 30 12 627 96 13 712 21 5 797 12 10 871 84 1 877 2 19 933 19 17 940 10 13 968 62 2 972 100 16 976 62 9 994 22 10 1861 40 15 1869 58 0 1870 90 22 1871 12 13 1896 79 26 1913 26 11 1944 8 1 1954 72 0 1963 24 1 1967 64 8 1971 41 27 2004 81 3 2013 10 23 2042 54 3 2203 81 18 2209 82 11 2266 68 3 2307 85 13 2404 52 28 2433 84 2 2464 52 18 2543 90 0 2556 32 1 2566 61 14 2590 78 20 2651 23 18 2662 65 18 2684 35 25 2742 64 17
709 62 1e-05 84 86 18 141 23 30 158 90 23 188 99 13 194 48 11 230 15 7 239 56 3 255 22 1 260 32 19 329 97 16 334 84 22 461 46 18 484 50 18 486 41 11 486 76 24 503 50 7 507 43 31 516 27 4 603 43 23 613 8 0 659 54 16 685 78 11 718 91 10 752 11 15 802 79 27 846 48 2 849 73 14 957 7 30 968 23 10 983 4 16 1003 32 29 1020 20 26 1024 49 5 1868 71 26 1884 32 18 1907 49 8 1911 6 28 1933 22 5 1977 11 25 2035 2 29 2144 54 9 2240 68 7 2338 91 5 2360 36 31 2369 13 12 2378 77 9 2399 34 16 2446 89 16 2447 93 1 2482 43 28 2485 33 18 2499 90 12 2548 16 15 2560 74 9 2599 5 5 2621 74 9 2670 61 0 2671 84 15 2721 82 2 2742 37 27 2759 6 17 2761 80 11
710 62 1e-05 74 23 15 106 92 8 123 1 4 137 19 25 167 47 30 189 42 20 285 64 19 334 31 13 347 46 23 440 51 15 501 9 2 502 57 18 506 92 15 524 87 21 558 76 10 569 75 7 631 82 4 652 85 26 709 8 15 710 89 17 748 5 18 754 88 1 772 81 13 799 56 26 824 25 22 982 36 31 1011 85 6 1025 68 10 1811 34 11 1832 19 6 1844 80 22 1884 86 17 1897 88 26 1898 14 31 1901 61 25 1904 63 14 1916 60 18 1927 90 12 2011 32 17 2019 8 1 2095 20 25 2119 25 1 2197 10 7 2251 99 28 2260 62 23 2280 57 31 2285 99 5 2290 1 6 2368 86 31 2369 15 28 2382 63 27 2420 9 3 2423 66 14 2428 94 1 2430 0 23 2452 7 14 2461 36 1 2511 98 3 2569 31 11 2684 82 15 2755 57 26 2766 78 15
711 62 1e-05 160 81 16 202 29 12 258 76 4 277 80 31 303 43 27 308 26 15 337 85 27 346 34 31 423 24 20 519 95 28 529 43 0 549 43 19 561 25 19 603 6 29 633 89 7 686 45 16 736 17 18 736 44 14 746 55 12 763 8 15 805 63 23 824 92 8 829 70 30 836 40 22 846 61 11 887 23 6 911 52 10 940 18 4 999 46 27 1022 18 31 1852 35 0 1893 48 25 1984 40 4 1984 41 21 1985 83 4 1999 15 6 2028 54 9 2055 12 12 2060 89 17 2080 2 2 2132 17 19 2138 14 10 2143 69 26 2209 18 22 2267 69 23 2287 49 9 2325 31 15 2338 83 3 2345 42 9 2355 65 24 2432 59 0 2463 43 3 2518 71 16 2546 84 11 2630 87 16 2635 29 9 2663 6 10 2668 19 3 2686 10 0 2693 47 31 2696 99 29 2753 58 4
712 62 1e-05 88 76 9 190 26 0 193 63 15 208 77 10 237 62 19 251 53 30 273 55 28 308 52 14 318 76 20 322 21 12 336 80 9 340 61 18 410 93 4 429 67 3 469 16 24 544 85 14 602 89 23 603 9 8 653 40 9 666 78 31 674 91 14 679 8 14 720 91 27 783 75 26 801 4 5 814 24 10 1004 51 31 1010 99 29 1844 9 4 1844 19 19 1856 60 20 1935 0 24 2050 97 24 2091 18 8 2096 89 15 2132 7 19 2139 100 29 2142 36 21 2169 12 29 2198 48 1 2202 100 21 2227 52 19 2273 90 12 2337 1 16 2352 84 9 2486 37 9 2499 92 27 2538 39 10 2607 47 23 2611 47 26 2625 62 4 2630 8 31 2634 30 11 2646 4 26 2649 78 4 2657 100 15 2668 39 12 2668 47 3 2693 24 13 2716 24 25 2720 79 18 2769 33 0
713 62 1e-05 99 81 16 103 83 9 121 55 26 149 47 8 154 70 11 175 89 22 191 70 25 226 3 12 269 13 21 348 40 5 348 52 13 373 46 12 375 0 24 389 15 4 405 42 3 444 72 15 447 89 13 452 7 12 496 97 13 615 46 7 659 38 0 661 13 27 713 97 10 777 20 7 797 58 26 811 97 1 834 81 11 879 10 13 924 0 29 950 80 11 961 77 25 1008 63 31 1019 99 1 1812 20 0 1857 12 14 1858 73 19 1863 98 28 1895 7 31 1971 82 16 2003 74 26 2019 5 31 2039 45 3 2041 10 13 2065 9 16 2068 97 2 2079 14 20 2103 50 31 2155 29 5 2163 77 25 2288 86 6 2315 13 9 2335 7 17 2336 29 12 2408 73 16 2440 89 1 2479 62 29 2498 100 19 2533 80 12 2548 65 2 2632 57 24 2703 80 18 2733 1 16
714 62 1e-05 109 22 7 138 74 30 279 9 20 290 64 26 307 88 12 326 29 8 348 17 24 439 0 25 473 41 1 496 24 26 535 55 31 589 17 16 590 45 18 591 87 25 593 61 18 618 61 7 671 70 21 696 6 29 765 44 7 795 84 25 796 32 23 807 31 19 897 2 20 897 32 3 940 68 16 981 35 20 993 65 3 1919 82 14 2014 48 12 2015 62 20 2025 63 19 2056 59 3 2087 88 17 2099 12 2 2112 43 12 2163 43 5 2166 82 4 2195 36 12 2269 44 1 2272 8 11 2290 83 6 2296 40 1 2318 13 12 2319 36 22 2378 34 22 2389 64 0 2412 60 14 2414 66 24 2440 76 18 2481 9 29 2495 11 30 2505 74 15 2509 44 23 2532 34 17 2534 5 25 2584 56 24 2591 23 18 2619 8 30 2643 34 21 2761 8 22 2763 67 11 2772 68 1
715 62 1e-05 80 67 12 93 67 1 110 9 26 111 52 2 128 58 13 189 78 6 211 26 1 217 81 14 233 27 18 237 7 15 321 60 4 349 57 14 381 53 29 388 76 11 408 27 29 520 89 30 529 85 17 636 6 26 647 37 27 703 100 19 723 64 30 732 93 12 832 47 15 859 52 24 947 47 30 948 87 17 969 62 13 992 88 14 1001 24 10 1879 13 3 1881 29 22 1889 40 3 1960 80 16 1966 93 10 2002 75 21 2052 29 26 2072 72 5 2077 87 12 2083 93 1 2098 16 26 2112 43 0 2129 65 10 2188 3 26 2263 67 22 2319 44 12 2363 67 5 2376 99 7 2400 54 25 2429 3 16 2431 68 30 2494 10 18 2509 39 17 2569 71 8 2623 25 31 2628 47 20 2636 39 25 2640 84 8 2667 56 6 2680 6 8 2701 24 20 2726 46 16 2761 6 6
716 62 1e-05 108 41 14 177 28 0 178 92 13 182 12 3 207 48 5 211 35 6 247 78 28 263 35 22 277 13 17 294 22 1 318 16 5 319 7 11 334 88 21 344 8 22 365 30 26 408 22 30 435 74 26 465 33 17 466 66 3 494 27 0 494 48 17 503 66 2 565 0 25 627 65 30 677 56 2 689 61 9 761 17 3 776 59 21 777 49 25 840 17 14 866 30 20 879 90 10 920 14 10 980 44 28 1003 8 24 1010 70 21 1814 60 20 1814 60 30 1881 74 11 1908 25 19 1982 76 22 2009 79 6 2016 50 0 2100 86 18 2155 28 29 2198 41 11 2252 48 13 2253 43 18 2275 83 14 2330 30 7 2364 8 10 2472 18 5 2549 14 7 2593 45 10 2606 37 10 2684 10 0 2693 81 21 2710 89 13 2748 69 11 2748 82 26 2770 2 20 2770 28 8
717 62 1e-05 77 35 26 82 7 26 90 2 18 190 36 31 264 79 0 306 100 15 368 28 1 376 96 17 387 57 6 466 64 27 489 31 19 505 18 24 508 14 23 525 70 15 533 9 1 602 69 7 604 91 6 631 82 21 649 24 24 677 3 21 743 19 7 750 71 3 773 81 17 797 80 22 851 71 9 878 21 21 955 10 14 977 1 1 1845 0 15 1858 97 17 1878 34 1 1894 14 19 1911 58 19 1983 27 5 2010 52 18 2011 9 14 2068 45 6 2092 72 29 2102 2 10 2109 64 27 2115 37 30 2118 25 27 2138 94 4 2257 23 1 2283 57 0 2299 51 14 2308 85 18 2312 9 27 2381 83 2 2391 28 17 2538 17 7 2538 80 26 2547 14 22 2577 22 28 2589 22 12 2598 63 10 2602 41 26 2604 82 28 2719 76 26 2738 14 21 2740 27 20 2758 32 22
718 62 1e-05 76 65 30 104 58 20 113 49 13 179 27 23 181 90 29 187 5 31 188 32 25 194 14 23 301 58 16 328 56 17 329 37 12 367 71 24 442 31 24 464 1 7 468 35 9 479 66 26 501 32 28 504 100 15 523 55 31 543 46 15 627 83 15 634 40 16 696 42 30 723 86 6 742 77 4 773 62 2 783 57 24 792 68 0 808 89 4 810 30 18 952 21 22 971 61 3 971 93 24 1002 96 0 1038 94 25 1816 34 23 1869 62 25 1942 25 27 2038 64 18 2050 23 26 2094 23 10 2132 97 18 2144 28 4 2163 21 10 2171 55 1 2174 61 16 2188 61 9 2248 25 6 2258 53 31 2345 31 24 2394 33 21 2425 68 6 2490 17 24 2493 28 2 2566 10 11 2597 81 19 2625 68 5 2641 9 29 2643 31 22 2648 89 16 2720 53 2 2739 1 23
719 62 1e-05 88 12 27 117 64 20 121 17 30 124 66 19 151 3 26 151 25 28 177 80 4 212 86 24 231 37 31 260 65 28 266 54 3 282 46 7 344 100 19 360 71 13 383 79 28 393 47 31 420 78 18 437 90 30 440 70 1 449 58 11 465 65 0 533 5 27 570 82 17 584 12 13 676 51 19 700 86 28 816 79 29 905 39 19 939 13 10 984 46 23 997 90 21 1033 10 19 1885 86 15 1890 44 5 1891 43 13 1894 47 21 1925 53 31 1933 2 26 1953 81 20 1980 20 7 1994 10 23 2002 98 12 2011 7 5 2026 52 24 2055 82 30 2079 66 13 2145 68 0 2175 84 4 2247 27 11 2248 27 6 2332 91 20 2369 25 9 2393 83 17 2520 86 27 2544 5 12 2570 84 30 2618 79 31 2645 61 19 2648 36 19 2667 24 14 2678 2 21 2728 67 18
720 62 1e-05 93 80 12 100 85 6 104 40 17 146 28 24 179 66 6 220 50 25 282 29 0 283 34 12 303 99 11 326 80 23 353 2 26 393 26 22 436 4 13 458 76 6 465 98 9 469 32 29 480 10 28 535 33 16 569 4 18 586 59 5 731 96 9 734 70 13 794 40 15 795 66 1 927 94 20 991 19 3 1007 5 16 1020 19 23 1038 12 31 1846 73 5 1849 48 25 1867 57 28 1900 6 25 1928 48 24 1949 7 18 2009 84 3 2039 45 6 2041 13 27 2053 15 25 2095 33 15 2119 54 3 2128 19 4 2200 98 7 2211 28 29 2270 17 16 2279 50 2 2285 5 25 2330 54 9 2452 25 9 2512 10 20 2512 24 10 2522 62 31 2534 34 2 2639 80 24 2661 5 28 2664 85 17 2689 5 17 2699 62 11 2713 62 30 2735 22 14 2747 9 0 2767 71 24
721 62 1e-05 88 63 26 92 0 0 128 9 10 161 95 7 240 75 31 270 74 5 287 42 25 341 12 8 443 64 6 491 29 30 517 6 17 543 35 23 619 15 18 619 99 2 621 2 16 666 8 25 668 79 9 704 44 3 730 25 28 744 24 10 749 20 1 778 77 8 802 30 29 821 25 3 861 88 23 874 76 6 902 57 2 970 53 19 986 89 26 1002 61 17 1835 26 5 1890 57 21 1893 55 12 1975 74 14 1982 60 20 1997 81 25 2001 93 3 2087 87 10 2133 69 20 2157 44 1 2241 95 15 2258 85 22 2263 20 31 2270 2 22 2273 32 3 2278 85 23 2289 69 21 2293 27 28 2340 8 31 2345 24 2 2348 63 11 2358 5 14 2435 32 22 2438 15 4 2470 26 23 2529 100 31 2542 95 2 2599 96 26 2612 62 14 2616 93 3 2650 64 20 2731 76 2
722 62 1e-05 125 48 9 130 20 9 211 15 25 244 66 0 358 71 7 377 17 11 428 37 12 506 12 26 507 27 27 513 70 4 574 43 6 584 89 1 613 92 28 656 48 1 673 1 7 718 80 12 762 96 17 789 10 27 811 23 11 844 28 11 847 73 29 864 93 9 925 58 30 949 48 6 963 92 6 966 0 5 966 34 20 1832 65 2 1873 86 14 1896 42 3 1901 14 20 1908 20 19 1918 82 16 1922 82 14 1968 89 1 1974 79 8 1998 92 18 2041 13 17 2072 23 16 2093 92 16 2114 88 10 2134 33 16 2159 5 9 2191 92 12 2242 66 25 2259 32 8 2318 48 9 2342 3 5 2355 71 13 2371 45 25 2412 73 22 2419 11 4 2434 81 3 2469 4 13 2497 53 19 2528 49 15 2646 5 9 2658 56 1 2669 24 14 2719 79 28 2751 44 14 2755 46 1
723 62 1e-05 139 87 8 140 19 14 195 98 28 241 59 1 266 46 10 271 34 19 276 40 29 297 44 4 355 58 0 371 84 19 428 61 2 431 22 27 470 49 20 521 28 27 542 52 15 570 66 31 601 84 9 687 77 1 691 7 6 748 7 8 804 27 6 805 96 22 826 49 8 832 40 10 859 50 7 886 34 25 922 92 13 966 47 26 967 26 1 998 63 24 1829 95 4 1843 36 0 1876 80 5 1908 2 11 1911 12 31 1967 69 7 1984 81 25 1987 37 31 2017 56 30 2069 94 3 2076 17 15 2132 62 7 2163 59 4 2164 24 12 2239 54 31 2287 34 31 2351 82 22 2353 39 6 2378 0 14 2449 68 18 2461 25 4 2461 71 27 2522 56 23 2532 68 25 2583 3 1 2600 38 15 2632 96 23 2715 85 26 2716 13 24 2716 19 26 2759 86 20 2766 46 22
724 62 1e-05 112 80 4 132 10 14 144 18 7 162 39 20 192 57 12 195 56 19 241 20 21 258 98 5 290 1 10 311 8 26 331 21 10 332 86 0 347 95 20 410 1 24 492 71 11 526 58 8 554 4 20 578 63 21 607 51 4 662 58 11 727 95 6 751 62 22 751 91 28 754 16 23 756 24 24 810 16 24 833 86 29 861 36 18 874 89 28 913 35 23 993 31 25 1007 27 16 1020 62 1 1034 8 13 1820 84 28 1848 81 7 2017 82 12 2018 66 30 2036 4 11 2038 7 4 2110 11 20 2235 10 17 2258 31 3 2288 82 15 2339 17 19 2343 80 11 2408 93 1 2438 20 2 2462 1 31 2474 22 15 2482 46 23 2496 37 21 2559 20 22 2561 49 11 2606 69 16 2634 31 0 2711 1 11 2716 36 14 2750 16 15 2760 73 15 2768 28 14 2775 46 31
725 62 1e-05 108 94 25 119 32 27 147 12 22 172 5 10 204 83 28 214 32 21 251 93 22 264 13 1 330 46 1 371 35 21 461 4 29 466 65 8 467 60 2 505 16 29 624 32 27 644 66 8 655 5 15 690 44 15 696 24 11 725 53 0 786 19 22 793 81 29 808 96 28 825 53 10 856 24 26 890 10 16 912 40 8 917 68 8 933 62 13 963 24 30 990 10 24 1019 5 17 1023 93 16 1833 63 29 1867 76 6 1873 6 1 1962 100 12 1966 94 18 2035 90 4 2037 79 12 2068 100 16 2101 64 20 2134 4 11 2178 84 11 2182 10 22 2184 27 25 2186 38 17 2267 25 13 2319 37 14 2367 55 1 2382 56 29 2423 21 21 2435 92 10 2495 5 2 2534 66 21 2537 57 9 2547 39 8 2622 78 5 2633 10 30 2647 77 11 2704 91 28 2758 75 27
726 62 1e-05 107 17 25 126 20 23 137 55 30 145 4 7 163 89 23 176 53 2 193 40 14 303 76 19 308 89 0 314 87 9 321 66 30 467 95 7 485 17 22 485 56 27 513 11 3 573 78 4 630 32 7 638 84 10 640 5 31 652 5 0 655 71 4 667 52 13 685 19 18 695 85 25 730 64 1 778 82 25 788 29 17 798 3 3 798 43 12 804 56 23 848 50 13 933 40 1 1012 96 16 1840 51 2 1888 60 14 1957 3 22 1958 5 27 1984 69 8 2006 94 29 2018 88 11 2023 33 9 2056 88 13 2113 47 16 2128 60 9 2130 91 7 2145 93 30 2155 23 30 2194 64 30 2278 29 1 2409 31 19 2423 16 4 2483 8 2 2489 66 22 2613 58 29 2619 52 16 2714 45 20 2719 33 17 2742 43 14 2744 57 3 2751 7 9 2762 98 8 2767 28 27
727 62 1e-05 122 64 7 130 54 15 132 21 10 133 18 31 138 79 2 141 79 5 170 18 24 256 90 2 276 48 2 300 91 4 329 60 4 355 72 28 423 16 26 435 14 24 440 94 3 471 17 18 541 5 31 545 33 8 592 10 1 609 50 18 612 55 21 619 25 6 623 82 4 701 59 26 704 27 2 714 28 21 837 86 18 913 2 26 964 62 8 990 31 9 1011 76 30 1860 9 7 1917 18 9 2043 77 11 2084 1 22 2108 42 4 2135 20 13 2137 35 20 2171 44 21 2219 100 9 2315 72 30 2334 67 14 2358 89 3 2388 71 10 2470 72 13 2486 84 28 2501 32 10 2513 85 3 2529 44 30 2590 34 24 2610 82 12 2626 55 29 2630 44 17 2634 22 30 2653 0 18 2654 72 4 2662 79 0 2675 63 30 2686 23 18 2730 13 27 2739 73 8 2775 91 26
728 62 1e-05 102 47 2 127 42 0 152 12 24 160 94 26 179 51 0 183 28 27 262 58 27 293 23 23 299 60 24 304 59 19 317 39 3 329 34 29 352 61 17 370 10 13 372 97 27 393 33 5 410 0 24 530 65 13 535 51 9 536 61 22 543 93 5 589 83 22 663 70 29 674 10 24 741 92 17 766 0 21 788 52 29 813 49 16 816 9 22 820 44 15 827 33 1 899 77 8 911 95 17 1859 42 10 1871 44 26 1874 37 14 1883 22 17 1950 85 18 1987 38 2 2027 29 27 2088 69 10 2119 68 23 2233 17 20 2238 13 1 2261 42 5 2263 32 19 2267 97 19 2278 100 5 2303 51 7 2436 98 17 2479 30 3 2490 93 31 2499 2 22 2520 67 6 2525 50 10 2554 50 23 2619 69 29 2652 32 23 2710 50 11 2730 43 26 2747 72 12 2763 100 12
729 62 1e-05 86 37 18 97 51 10 125 56 8 185 12 5 195 89 12 198 88 31 224 99 14 266 94 18 271 29 2 283 98 3 323 26 30 399 71 19 401 88 16 451 67 28 477 97 19 485 53 7 539 25 23 548 98 21 553 74 22 559 94 5 594 83 6 606 49 22 626 61 29 683 95 6 704 73 24 735 40 14 869 88 13 878 40 7 890 55 19 906 64 29 911 86 7 1846 72 25 1857 71 25 1865 28 0 1911 60 4 1939 44 4 1950 60 24 1951 76 15 2011 17 22 2090 85 8 2111 79 23 2114 77 2 2122 9 20 2227 52 24 2303 11 10 2305 69 4 2328 19 11 2333 59 14 2364 73 13 2391 87 23 2443 13 2 2460 25 20 2525 26 10 2528 48 21 2568 82 22 2581 92 17 2640 49 25 2641 56 8 2668 51 1 2703 66 25 2747 19 17 2775 63 22
730 62 1e-05 118 5 11 124 64 1 177 45 24 186 10 24 206 65 2 262 47 29 335 87 22 337 63 9 353 24 4 390 98 18 459 51 26 509 29 9 528 92 16 565 26 31 635 43 30 637 45 7 701 21 25 812 98 8 823 2 17 827 49 12 884 20 27 902 85 17 907 41 14 914 56 20 924 63 1 945 32 2 981 48 0 1839 22 6 1911 45 29 1915 31 13 1919 54 12 1920 26 30 1960 26 14 2011 49 14 2011 96 6 2035 44 3 2044 3 3 2048 10 13 2131 18 19 2137 43 11 2197 83 28 2216 19 15 2237 56 13 2240 82 28 2251 0 0 2342 61 1 2408 45 7 2424 35 17 2467 40 25 2490 58 24 2500 31 14 2521 58 19 2537 94 19 2552 32 28 2564 58 6 2616 61 8 2643 40 25 2680 11 4 2682 34 2 2692 93 27 2710 87 29 2721 96 30
731 62 1e-05 101 58 24 103 94 2 185 9 27 257 47 27 306 47 1 323 71 30 329 86 1 332 4 18 360 36 28 383 74 2 395 7 22 417 32 2 455 21 1 461 40 3 499 21 26 501 87 21 512 98 16 519 88 13 521 10 2 550 91 4 564 46 28 603 7 22 603 89 17 621 30 8 644 50 31 672 25 16 687 28 31 693 98 6 702 97 15 708 52 0 710 53 21 720 42 0 769 93 11 839 46 8 844 31 17 846 29 10 887 5 11 892 77 2 999 57 30 1039 55 30 1827 16 6 1901 6 0 1927 30 18 1954 63 28 1977 27 1 1992 70 23 2051 18 27 2075 53 13 2129 0 15 2236 18 17 2327 30 12 2480 58 11 2510 16 27 2571 54 7 2582 77 26 2588 38 12 2631 84 15 2662 100 25 2719 98 13 2725 27 27 2727 34 0 2741 71 21
732 62 1e-05 74 64 22 87 48 10 101 30 4 152 88 16 154 42 17 155 95 19 156 36 7 173 13 7 174 41 14 177 30 9 188 95 9 218 53 2 233 57 27 235 22 3 255 0 31 275 33 7 293 13 10 296 21 31 388 92 20 393 89 0 441 28 22 541 10 0 571 43 27 663 76 28 689 78 20 690 30 5 775 89 16 850 36 10 870 39 29 921 73 24 981 4 24 1015 67 17 1896 64 7 1915 33 27 1983 95 6 1987 66 29 2018 38 29 2036 47 27 2047 15 19 2071 42 26 2127 10 28 2197 54 27 2245 1 19 2285 52 17 2344 75 18 2347 92 10 2349 10 1 2466 45 27 2488 8 2 2498 62 31 2509 32 27 2520 75 31 2524 2 19 2530 37 0 2553 78 16 2589 18 11 2625 71 21 2651 17 2 2683 37 13 2698 99 13 2703 27 16 2772 23 24
733 62 1e-05 74 37 22 113 83 0 174 63 8 199 31 25 301 26 15 335 45 17 346 83 21 348 20 27 412 66 24 417 83 15 421 54 22 422 15 7 423 39 3 456 3 7 460 60 23 496 55 16 556 41 23 565 16 15 584 13 15 590 95 20 703 57 0 726 27 17 749 100 25 765 12 26 785 11 31 819 26 24 859 50 24 887 97 24 890 40 18 914 65 0 940 71 18 1001 99 14 1035 10 26 1836 46 31 1852 30 29 1970 29 29 2035 53 27 2062 78 23 2109 85 27 2170 85 10 2174 53 7 2189 73 24 2204 87 29 2219 15 16 2224 0 9 2245 54 16 2252 53 17 2314 78 17 2340 23 29 2384 93 12 2405 47 12 2443 62 21 2477 71 17 2490 7 0 2541 67 27 2585 8 9 2595 83 10 2618 37 30 2641 30 22 2672 16 12 2688 65 6 2734 74 6
734 62 1e-05 100 37 30 122 93 30 157 81 6 158 37 11 189 12 1 189 42 4 211 63 12 214 91 18 224 67 29 278 64 28 362 0 31 378 52 7 385 80 26 408 31 1 418 74 19 425 25 14 438 22 24 439 78 3 542 7 3 571 8 12 598 8 22 606 9 24 615 90 21 700 94 31 726 63 18 770 37 21 782 79 20 783 31 25 804 93 16 808 38 26 810 9 10 841 35 15 850 62 14 906 28 12 935 99 20 948 19 23 979 71 31 1024 39 25 1826 57 24 1877 42 25 1902 32 31 1976 6 13 2013 82 0 2014 76 20 2081 26 2 2135 29 21 2264 6 27 2281 38 17 2302 83 13 2347 93 22 2368 87 30 2384 7 5 2418 80 9 2466 22 22 2471 13 17 2520 55 21 2534 15 1 2559 33 10 2585 98 27 2597 75 31 2655 90 11 2767 66 21
735 62 1e-05 100 14 17 104 8 14 108 16 30 133 52 2 161 0 20 201 63 1 225 20 8 301 2 0 362 66 25 467 25 22 487 77 15 498 72 3 516 56 26 520 60 25 546 21 24 597 16 17 603 35 11 648 28 12 659 71 5 681 74 24 681 76 11 729 19 27 738 94 9 740 70 20 781 35 28 818 13 9 845 84 6 859 21 7 883 42 18 916 10 14 928 56 31 936 56 28 951 71 31 1015 63 31 1021 18 4 1036 15 10 1038 92 24 1809 46 1 1810 66 3 1887 45 28 1935 85 13 1937 38 14 1969 46 7 1975 24 31 1984 26 22 1994 44 10 2085 56 5 2202 54 26 2229 27 14 2277 52 23 2419 52 30 2445 86 1 2462 68 14 2512 35 27 2537 58 14 2544 44 25 2582 23 25 2590 81 13 2616 7 15 2673 54 5 2683 88 25 2769 89 25
736 62 1e-05 101 25 12 118 87 9 133 7 6 200 62 11 206 73 20 231 96 23 277 27 21 289 78 17 309 38 27 316 82 30 351 84 6 375 32 8 391 17 9 479 17 18 494 11 17 605 2 2 626 64 7 693 38 8 730 21 31 749 97 14 758 92 31 782 61 26 791 46 31 810 14 16 813 1 1 813 93 9 823 0 20 832 90 4 877 78 25 888 19 9 892 57 7 952 98 23 978 39 28 1031 2 31 1032 58 12 1838 40 4 1862 31 20 1924 8 18 1950 36 11 1972 87 12 1993 86 31 2162 82 6 2174 26 14 2236 67 13 2325 14 0 2330 51 13 2337 3 5 2346 52 10 2357 67 3 2426 74 13 2438 82 23 2510 62 14 2518 4 23 2605 97 14 2608 81 25 2614 35 24 2687 21 26 2688 45 12 2697 24 27 2719 95 19 2747 5 19 2762 99 31
737 62 1e-05 116 92 5 141 96 11 172 12 28 253 7 26 292 3 14 362 19 9 405 60 0 434 12 29 486 50 8 548 23 26 549 93 4 570 2 30 571 97 0 575 49 3 636 21 9 663 72 19 688 68 25 704 94 24 706 59 0 723 2 17 723 48 12 735 2 8 745 53 3 809 48 15 931 55 22 978 12 12 994 81 3 1827 74 14 1834 79 19 1876 22 14 1906 61 23 1919 96 2 1928 72 2 1945 42 31 1960 99 30 1971 89 9 2017 13 17 2068 66 23 2150 78 22 2156 66 28 2213 11 19 2224 73 2 2227 68 21 2237 14 21 2239 35 7 2264 21 24 2282 82 22 2329 23 24 2330 7 11 2344 2 3 2360 80 26 2367 44 25 2377 69 29 2417 84 30 2423 81 29 2427 35 4 2541 98 20 2544 60 13 2619 88 21 2659 92 24 2729 45 22 2743 31 10
738 62 1e-05 92 15 8 134 52 5 193 29 28 194 55 13 210 70 20 222 21 7 269 41 27 360 33 31 386 36 30 386 59 9 402 99 7 423 34 21 440 43 29 442 59 18 463 61 18 464 74 12 515 4 2 524 45 21 546 17 1 554 69 0 601 90 0 615 91 1 644 85 29 693 86 22 694 18 18 706 22 23 710 29 7 717 71 12 826 68 22 855 99 25 896 91 27 925 68 4 948 29 31 1003 11 25 1023 94 4 1039 44 10 1863 25 22 1904 44 31 1931 74 24 1942 56 16 1951 8 2 2075 71 14 2106 91 17 2111 45 16 2138 11 23 2299 91 19 2326 19 31 2334 16 29 2377 69 0 2388 50 8 2426 28 21 2432 2 20 2432 6 16 2461 35 8 2468 13 15 2503 15 4 2592 10 25 2596 48 29 2608 92 6 2643 80 3 2667 19 22 2699 21 20
739 62 1e-05 119 35 21 142 96 12 147 80 22 158 17 4 192 73 21 231 7 18 246 5 15 256 90 18 281 99 31 330 63 22 337 44 9 385 44 26 387 38 30 393 81 0 568 56 14 595 44 28 619 92 10 623 39 30 677 11 24 678 90 11 710 55 10 823 68 26 842 86 2 848 13 25 871 61 3 891 61 3 917 81 22 937 82 22 956 16 11 996 4 30 1036 26 29 1919 71 12 1963 66 7 1974 3 7 1979 68 16 2009 99 29 2113 91 4 2181 60 9 2194 93 4 2195 10 25 2196 51 31 2198 89 28 2203 74 30 2212 7 18 2226 63 7 2244 66 7 2248 31 3 2265 76 5 2304 68 15 2327 66 23 2330 45 17 2377 63 12 2441 33 13 2446 34 8 2486 48 23 2503 51 6 2503 67 23 2557 94 6 2619 32 5 2718 34 26 2726 82 8 2731 29 13
740 62 1e-05 92 54 6 94 8 24 117 85 25 134 23 14 201 29 15 217 59 28 220 29 8 241 81 11 283 62 31 377 14 20 403 38 8 410 81 4 419 94 20 427 18 8 457 37 19 494 17 18 539 4 17 563 85 19 642 40 20 642 82 18 674 32 16 691 2 22 705 64 13 714 87 3 847 28 31 911 3 31 917 85 13 935 52 27 949 24 27 954 85 31 1825 75 10 1858 36 8 1910 50 21 2048 77 23 2049 51 5 2053 73 14 2080 33 3 2113 61 26 2118 34 8 2186 56 11 2208 1 2 2211 34 6 2223 13 29 2227 30 26 2270 10 13 2282 92 6 2331 84 10 2373 49 9 2399 58 24 2409 62 19 2410 85 1 2441 28 30 2479 88 30 2492 24 0 2512 29 14 2579 56 12 2600 45 12 2605 60 1 2644 49 23 2683 15 25 2700 29 1 2713 65 13
741 62 1e-05 101 54 30 107 47 14 107 64 1 179 31 25 193 97 31 230 41 4 264 24 2 389 5 10 441 7 19 457 31 22 474 36 0 480 47 29 548 34 15 584 64 1 592 10 24 605 84 28 612 25 24 635 57 20 643 79 10 690 72 7 715 94 8 730 36 15 745 71 4 749 82 9 776 52 7 780 65 28 831 54 17 909 37 30 954 45 21 1030 4 8 1852 57 14 1882 49 16 1908 11 8 1923 45 25 1926 4 10 1938 89 18 2017 56 29 2078 10 4 2083 34 3 2096 100 0 2101 48 5 2114 76 0 2133 35 14 2159 72 12 2174 71 18 2174 77 18 2245 30 26 2326 86 14 2383 61 30 2417 60 31 2438 97 8 2476 69 19 2550 100 22 2551 1 22 2578 36 21 2582 25 25 2588 24 4 2609 27 3 2635 5 8 2651 1 17 2677 98 25 2735 17 8
742 62 1e-05 78 10 11 166 100 27 188 6 13 202 6 9 209 17 27 214 97 5 317 88 8 324 76 10 336 97 8 339 36 18 371 51 25 378 65 9 380 51 9 389 76 13 396 47 14 412 31 27 493 69 29 578 68 29 596 48 19 653 18 25 674 8 11 745 30 5 765 6 14 790 82 17 827 11 5 910 42 26 932 72 6 937 38 23 964 82 3 996 98 31 1009 40 7 1879 3 15 1907 71 1 1927 64 31 1933 63 13 1944 74 26 1989 1 14 1999 26 11 2015 19 12 2036 100 31 2077 68 24 2105 97 25 2122 60 6 2166 51 11 2169 72 31 2273 57 7 2307 87 15 2322 79 14 2323 92 12 2362 3 25 2436 38 26 2452 77 7 2508 68 23 2571 26 16 2590 25 29 2602 98 30 2605 65 3 2617 31 31 2745 80 16 2747 41 12 2750 44 8 2765 47 29
743 62 1e-05 88 88 3 91 46 26 142 1 24 156 97 11 208 77 10 253 100 9 263 1 24 288 3 1 316 83 23 340 21 12 357 76 20 361 0 16 373 99 27 436 85 3 437 61 0 437 98 30 559 63 12 670 45 14 685 55 16 738 99 16 759 65 1 816 10 21 873 52 28 902 66 15 1021 12 15 1039 64 18 1851 19 17 1941 60 23 1961 74 7 2002 32 4 2040 68 15 2062 46 18 2094 65 28 2153 51 30 2238 13 2 2293 55 28 2314 42 3 2314 53 12 2380 1 26 2407 36 16 2438 11 7 2448 39 19 2478 48 8 2490 9 21 2493 7 31 2534 83 15 2561 52 20 2567 98 1 2579 18 31 2585 100 0 2598 44 18 2609 50 10 2635 91 2 2659 61 9 2692 92 16 2708 50 25 2718 95 27 2732 80 16 2741 81 16 2746 20 22 2746 45 23 2755 41 8
744 62 1e-05 87 95 9 250 22 7 333 75 8 338 61 9 347 96 17 376 56 31 398 15 26 423 95 24 444 79 19 447 37 12 471 28 23 493 19 13 513 21 7 523 7 4 574 27 26 639 79 13 674 48 28 698 99 7 717 83 3 778 23 4 781 45 9 801 80 21 804 23 11 807 55 3 825 28 19 838 32 27 913 58 28 957 95 9 991 54 9 1917 94 15 1947 42 22 1955 29 24 1997 4 2 2012 79 6 2136 58 4 2158 27 24 2162 47 25 2230 7 4 2242 45 22 2265 20 19 2270 74 3 2270 92 1 2271 30 29 2279 82 31 2337 63 27 2338 46 0 2343 86 4 2374 68 8 2382 82 20 2399 22 6 2414 77 6 2437 6 1 2509 80 26 2516 1 12 2542 84 23 2571 11 27 2623 37 0 2626 21 8 2639 54 17 2714 3 16 2714 5 24 2718 11 13
745 62 1e-05 72 98 13 93 76 0 121 10 2 151 62 12 177 99 31 189 57 16 213 49 13 278 82 0 283 82 5 291 34 15 306 87 5 331 54 21 498 38 31 506 43 28 698 33 27 837 78 23 840 37 18 846 50 8 871 35 29 904 98 16 911 83 12 925 81 6 951 68 28 999 58 5 1002 4 28 1024 19 14 1038 29 15 1819 52 3 1875 17 11 1907 76 30 1950 63 20 1953 32 8 1966 10 22 1977 24 8 1980 55 22 1997 38 12 2017 53 23 2050 70 20 2083 60 11 2111 87 15 2146 97 23 2159 8 8 2208 61 13 2212 64 12 2223 31 5 2264 93 4 2265 71 10 2282 90 10 2315 88 29 2377 18 18 2422 83 20 2470 31 28 2516 2 13 2525 80 5 2528 19 4 2561 31 9 2571 3 5 2599 66 19 2627 93 24 2630 26 13 2665 18 16 2679 52 25
746 62 1e-05 78 64 3 201 53 23 207 73 18 218 65 13 223 22 7 263 35 10 302 44 1 326 9 7 348 25 18 353 10 16 416 84 9 430 13 28 461 21 12 465 42 22 491 77 8 562 12 7 615 67 12 627 7 27 690 20 28 694 36 30 724 88 29 785 62 27 798 5 16 827 16 15 827 75 0 830 80 7 913 55 13 925 78 25 948 30 8 986 13 1 1838 70 6 1851 90 14 1888 55 26 1933 88 2 1956 77 27 1960 29 25 1975 21 17 1990 51 14 2001 35 15 2018 90 28 2049 82 14 2054 53 24 2072 17 30 2116 85 14 2118 8 31 2160 25 16 2266 46 26 2280 84 21 2290 34 11 2335 70 31 2339 79 24 2350 88 13 2408 79 28 2488 87 7 2536 72 28 2556 5 2 2583 88 8 2675 89 14 2693 21 4 2736 62 28 2766 63 23 2769 46 9
747 62 1e-05 118 32 10 163 79 26 179 61 18 206 1 13 221 14 25 235 41 9 264 24 4 286 94 3 304 84 14 321 63 24 330 36 15 357 35 2 366 93 29 420 70 5 487 84 28 497 35 5 529 27 23 529 88 27 552 30 8 567 74 4 575 71 23 582 46 9 640 47 1 651 2 11 670 40 4 744 64 21 801 100 7 803 22 21 846 3 24 852 24 27 921 69 13 988 58 23 1015 52 27 1894 63 11 1903 15 24 1933 87 18 1938 85 31 1944 67 24 1973 41 20 2016 17 1 2016 93 13 2041 83 24 2074 44 13 2109 92 24 2115 96 18 2148 28 31 2329 47 20 2345 21 22 2356 31 3 2413 17 0 2525 11 13 2526 86 2 2529 33 18 2594 74 8 2633 12 3 2634 85 20 2650 68 14 2708 40 7 2709 100 20 2725 4 5 2734 75 11 2765 81 0
748 62 1e-05 156 88 25 162 88 21 207 37 2 265 50 24 280 24 25 333 3 22 338 42 18 346 98 22 355 14 30 379 78 1 438 33 25 449 74 4 498 34 23 510 74 18 513 37 22 561 68 16 598 42 22 785 84 28 792 4 11 803 81 19 823 32 4 832 39 7 837 73 20 861 9 11 864 42 27 871 58 18 892 64 13 895 57 27 944 45 10 955 99 27 1036 21 10 1834 78 20 1872 8 2 1963 69 1 1969 58 13 2042 35 11 2048 99 0 2057 77 30 2116 92 12 2172 97 12 2270 2 14 2270 9 3 2288 50 23 2323 30 2 2455 27 19 2461 60 19 2466 68 24 2468 43 11 2471 81 2 2492 89 4 2495 54 22 2499 43 5 2541 27 13 2544 39 3 2544 60 29 2593 25 9 2617 80 24 2627 72 31 2677 47 18 2711 51 0 2727 7 23 2727 47 7
749 62 1e-05 79 71 22 88 71 14 150 90 31 208 98 4 222 73 6 259 43 22 264 57 4 270 74 3 288 50 24 335 44 2 365 45 24 448 23 29 535 92 9 596 64 14 690 45 8 724 63 31 745 45 3 782 96 16 783 3 8 806 66 0 852 87 13 858 68 24 881 91 15 890 62 0 962 42 17 978 32 23 1861 92 30 1875 87 25 1885 27 15 1904 9 27 1935 29 15 1941 38 29 1956 36 25 1996 88 1 2116 32 17 2199 36 27 2202 65 21 2204 89 15 2223 68 12 2226 81 9 2227 63 15 2242 37 13 2262 9 13 2278 28 10 2320 64 2 2388 52 3 2396 71 20 2421 52 8 2433 96 19 2442 30 19 2485 87 2 2486 47 27 2529 87 21 2545 39 8 2613 100 17 2619 35 18 2627 58 14 2665 25 30 2675 26 31 2691 22 5 2721 24 17 2761 12 14
750 62 1e-05 164 92 21 177 5 5 226 77 10 278 58 10 319 87 28 338 48 25 366 73 22 386 98 3 442 37 17 451 98 10 462 23 14 582 50 16 692 52 4 710 82 28 713 8 2 730 39 16 736 31 19 800 44 9 805 42 14 856 23 14 859 61 3 907 98 28 972 92 3 978 80 5 1007 46 20 1851 56 28 1852 65 17 1940 49 27 2023 89 1 2026 98 5 2027 77 6 2033 51 6 2057 18 12 2073 84 5 2104 79 25 2119 47 25 2145 78 13 2172 66 22 2237 23 8 2252 42 16 2292 56 28 2330 89 13 2357 35 12 2361 48 17 2373 17 6 2375 37 28 2399 65 9 2409 3 21 2453 94 9 2476 26 5 2486 29 15 2490 43 1 2502 55 19 2502 96 15 2510 41 14 2521 56 18 2545 19 29 2595 13 18 2625 96 3 2712 83 26 2738 63 11 2764 54 15
751 62 1e-05 125 17 11 130 66 10 158 22 23 176 12 3 176 70 18 177 9 4 206 15 22 235 70 7 237 10 15 263 80 2 272 3 21 279 60 14 280 37 5 286 77 5 331 89 4 337 19 1 347 71 17 364 73 4 430 64 15 437 31 19 446 90 20 522 63 1 540 53 20 560 18 18 609 34 29 636 78 8 679 55 17 739 53 3 774 88 9 816 58 14 821 72 5 837 69 2 896 75 29 969 34 2 988 88 2 1821 80 1 1896 7 26 1970 91 4 2020 9 21 2085 38 17 2095 62 16 2115 57 29 2159 51 20 2200 47 29 2232 21 5 2247 24 26 2265 39 27 2334 96 3 2360 57 27 2427 33 5 2429 7 5 2431 10 10 2477 45 3 2534 74 9 2604 17 8 2616 96 30 2625 38 13 2674 100 11 2678 39 7 2695 16 23 2755 56 10 2763 32 1
752 62 1e-05 73 68 25 92 40 20 120 85 22 181 77 21 188 63 20 210 21 20 229 75 23 235 44 23 264 62 8 293 66 19 297 57 24 393 76 0 441 26 9 446 74 25 490 47 2 515 58 23 525 81 1 572 69 13 591 40 5 599 19 17 603 61 9 607 48 27 634 93 16 645 75 10 763 6 31 781 73 4 800 29 25 813 87 18 818 49 4 852 22 7 883 83 16 889 17 8 934 57 18 986 21 16 1013 91 24 1851 9 24 1852 93 16 1860 11 17 1864 71 25 1920 29 4 1922 33 20 1951 14 17 2004 63 14 2015 74 26 2034 94 26 2052 72 21 2058 13 9 2166 52 2 2194 88 19 2199 100 24 2228 34 10 2231 70 31 2256 73 11 2431 50 20 2437 39 29 2461 92 3 2552 97 26 2575 12 11 2622 2 29 2656 87 27 2692 40 13 2775 96 25
753 62 1e-05 82 0 15 97 76 17 193 43 11 193 92 4 224 66 16 228 62 14 264 52 16 322 67 10 330 6 11 346 80 4 387 79 19 388 49 27 408 6 13 467 14 14 480 11 20 483 73 21 497 24 19 525 17 25 551 20 26 579 15 18 637 35 18 719 35 21 734 11 22 753 2 21 774 3 6 808 93 31 810 46 0 876 29 28 916 47 8 949 90 0 1012 16 4 1012 85 28 1808 72 16 1813 71 8 1827 32 11 1848 80 8 2025 25 8 2033 2 13 2062 88 19 2065 29 20 2199 38 15 2211 86 20 2215 59 22 2246 54 20 2251 83 17 2285 56 19 2311 73 24 2347 81 28 2350 38 26 2424 76 23 2425 59 21 2434 15 7 2443 47 22 2459 61 16 2478 12 25 2603 98 5 2641 83 30 2664 0 28 2683 69 3 2704 57 11 2705 55 22 2726 83 27
754 62 1e-05 168 100 24 207 55 27 209 35 19 212 93 14 222 71 5 279 21 23 297 19 28 302 75 14 380 43 12 383 48 10 498 76 29 584 41 0 587 19 23 674 68 14 757 15 4 845 40 12 853 5 24 902 57 1 914 79 30 934 0 12 943 2 20 988 88 30 1009 18 7 1016 73 17 1810 92 8 1820 73 15 1869 80 26 1902 23 24 1947 59 10 1990 3 10 1997 19 2 2009 90 1 2049 14 21 2123 85 1 2131 48 6 2136 86 21 2143 60 0 2152 40 2 2210 18 23 2212 100 27 2221 54 16 2229 7 27 2289 61 17 2317 56 6 2400 57 1 2405 5 3 2409 63 3 2416 13 13 2436 57 15 2441 62 2 2448 36 23 2470 17 2 2487 44 15 2517 71 25 2541 40 30 2552 52 30 2564 49 23 2569 85 12 2577 90 3 2641 33 13 2689 97 30 2734 57 7
755 62 1e-05 177 61 8 182 71 29 183 94 23 188 8 5 223 86 17 297 78 0 308 31 23 324 90 18 372 85 13 413 96 13 478 90 5 484 44 30 564 78 14 578 83 29 606 84 15 615 92 9 673 0 3 688 28 31 690 46 23 693 50 5 695 82 2 709 37 4 711 93 13 765 88 17 811 10 4 938 88 29 945 93 0 1860 84 22 1872 0 11 1878 48 21 1894 49 25 1931 29 13 1987 56 19 2034 98 27 2037 82 31 2038 56 7 2064 94 4 2067 10 31 2084 59 11 2131 26 3 2177 46 21 2179 91 8 2193 28 19 2200 69 18 2205 86 8 2279 7 18 2321 72 7 2362 90 14 2375 67 1 2411 68 25 2476 59 20 2494 100 21 2503 48 25 2545 85 10 2547 19 15 2550 69 20 2567 29 23 2580 80 11 2607 51 22 2687 21 11 2730 46 13 2742 22 14
756 62 1e-05 182 9 3 237 29 23 247 92 22 254 26 25 297 8 26 382 20 10 385 31 26 400 33 9 443 48 17 493 92 21 592 60 22 632 76 23 644 41 22 673 2 7 676 100 28 683 91 8 684 0 29 697 54 5 703 59 26 748 29 21 749 3 17 816 57 0 841 71 25 869 15 13 875 80 16 885 45 14 929 2 6 2063 72 27 2072 86 2 2130 1 15 2139 24 16 2153 73 18 2156 80 1 2175 30 11 2207 56 3 2218 85 16 2224 99 14 2239 57 13 2253 62 26 2263 17 5 2285 30 2 2298 72 25 2300 33 7 2302 34 5 2311 13 18 2345 16 18 2346 7 2 2390 85 30 2418 70 23 2419 38 16 2473 10 8 2489 35 27 2555 20 12 2614 3 26 2634 74 9 2649 10 29 2704 52 19 2719 12 31 2730 83 26 2733 27 1 2751 88 22 2773 99 31
757 62 1e-05 84 33 28 89 39 24 123 64 30 156 83 0 210 5 23 237 73 29 330 32 30 333 79 25 367 48 28 368 43 11 379 47 0 411 1 15 544 22 0 563 93 20 576 96 30 578 81 13 600 80 3 614 24 12 643 30 26 645 80 31 747 79 15 766 40 13 795 4 0 811 66 17 826 53 28 841 65 2 862 63 19 895 1 0 917 54 16 922 73 7 936 42 9 938 16 15 947 62 31 952 48 18 1902 38 9 1912 6 1 1919 27 19 1923 54 27 1977 80 6 1991 65 7 2002 42 18 2006 8 16 2010 57 28 2035 71 12 2042 25 18 2061 32 25 2148 62 0 2179 10 23 2210 88 20 2253 9 22 2315 28 27 2326 82 0 2415 37 29 2438 44 15 2495 65 28 2517 38 15 2580 8 6 2623 66 3 2658 55 31 2663 92 30 2714 2 24 2715 57 0
758 62 1e-05 114 41 30 141 57 30 159 81 12 215 81 24 217 32 31 295 22 11 338 29 24 339 48 17 354 50 13 378 95 3 396 96 13 441 42 29 451 15 14 704 74 7 721 28 31 731 85 5 753 66 18 767 97 31 769 2 21 789 87 6 829 48 31 934 49 18 943 20 2 970 85 8 1003 16 19 1037 77 13 1848 15 9 1857 15 29 1900 29 21 1910 39 22 1930 37 23 1967 29 9 2103 47 25 2107 73 11 2130 76 19 2142 7 28 2244 17 6 2266 11 25 2268 77 25 2279 79 3 2283 89 20 2297 80 8 2312 35 3 2312 78 6 2314 1 16 2337 50 20 2350 0 16 2375 42 16 2396 53 31 2523 84 4 2527 9 28 2578 73 9 2581 50 0 2600 10 21 2616 36 20 2646 46 5 2677 18 5 2697 72 12 2708 81 1 2731 21 1 2742 9 18 2767 84 1
759 62 1e-05 122 37 12 152 51 13 155 66 12 192 32 23 278 53 19 330 20 25 353 31 14 394 8 22 402 75 13 457 63 16 499 16 28 505 63 20 531 33 7 546 78 12 650 43 27 684 54 23 700 8 22 703 62 10 707 100 22 718 91 22 726 53 8 773 47 10 785 9 17 815 84 17 832 76 17 873 96 27 911 72 10 915 58 19 926 85 24 927 72 0 928 35 10 1842 89 18 1897 31 15 1913 96 30 1959 92 31 1990 24 22 2003 14 22 2012 12 14 2069 43 9 2091 30 7 2125 91 9 2158 47 21 2166 59 11 2204 10 13 2228 94 23 2252 16 8 2263 2 30 2317 67 11 2334 63 22 2340 41 16 2346 3 27 2367 93 12 2418 35 23 2474 18 11 2476 20 14 2524 42 24 2528 12 1 2577 21 22 2582 87 18 2634 51 30 2719 73 7 2759 27 28
760 62 1e-05 134 93 10 145 13 27 289 87 22 335 42 11 400 14 4 415 35 15 444 62 8 476 76 18 600 82 10 636 13 19 644 68 1 665 15 20 687 87 17 728 94 27 744 35 13 760 87 22 766 87 16 783 75 10 801 30 16 807 59 23 857 50 5 872 76 11 874 31 2 891 51 29 897 74 20 920 2 3 943 52 16 951 57 31 957 47 17 1810 60 11 1877 7 28 1970 53 29 2032 92 19 2115 36 0 2133 95 5 2153 73 1 2171 17 13 2186 95 21 2202 63 23 2233 34 25 2246 17 24 2249 95 26 2250 51 19 2312 35 26 2328 2 20 2330 46 16 2439 27 29 2471 39 20 2515 64 26 2527 44 11 2536 90 2 2538 38 2 2585 33 1 2594 35 0 2612 15 14 2612 39 6 2625 34 0 2625 91 3 2645 13 3 2651 26 5 2709 71 25 2710 48 23
761 62 1e-05 106 39 22 133 44 29 161 7 16 189 52 10 193 92 24 215 23 25 236 20 8 306 95 28 326 87 25 367 38 8 438 80 21 454 90 5 489 28 9 489 73 10 514 90 27 524 3 10 533 64 22 628 31 9 655 96 18 658 68 6 729 67 26 739 12 25 787 17 26 809 84 24 862 0 17 872 11 5 906 32 31 1010 41 26 1028 16 20 1814 33 3 1822 39 27 1899 99 26 1905 58 8 1944 58 26 1971 93 25 1993 51 7 2020 5 27 2113 58 12 2160 76 21 2246 84 17 2276 97 20 2300 64 31 2319 6 30 2358 73 20 2381 51 0 2382 71 1 2492 59 31 2501 14 7 2527 81 22 2533 88 21 2545 53 24 2550 46 29 2570 97 28 2662 13 20 2686 7 3 2700 76 30 2708 83 24 2712 10 11 2726 17 2 2741 67 25 2748 87 4 2768 34 24
762 62 1e-05 159 24 14 226 24 25 328 68 0 377 77 31 399 61 9 464 24 11 493 3 21 497 89 17 568 12 28 573 41 31 581 88 23 604 31 7 622 71 12 657 97 3 678 51 25 693 56 28 711 80 8 731 90 10 732 21 31 769 29 4 797 40 31 818 87 20 925 9 11 929 97 14 932 38 31 950 26 20 963 40 13 979 56 4 983 7 17 989 63 6 1026 67 19 1907 44 20 1979 89 21 1985 71 20 2006 15 24 2025 87 4 2049 26 19 2063 36 0 2078 43 2 2103 39 22 2167 80 13 2233 17 25 2245 1 20 2263 46 15 2268 86 12 2292 36 10 2326 86 29 2351 58 5 2400 6 16 2411 80 27 2416 40 5 2481 13 24 2509 86 1 2554 34 10 2562 84 24 2565 51 1 2585 70 5 2609 82 31 2671 12 17 2679 60 6 2709 74 17 2775 83 18
763 62 1e-05 83 43 30 108 59 16 155 40 22 186 86 13 190 54 28 199 56 4 209 46 1 248 79 9 264 66 9 297 6 3 346 92 1 395 70 9 395 81 15 447 12 23 455 14 1 527 71 7 580 65 9 584 29 30 596 25 9 597 19 5 601 4 6 602 28 0 625 0 17 632 49 13 679 72 2 700 97 30 701 23 31 740 30 2 761 29 17 774 60 4 909 53 17 924 29 17 968 57 31 1002 31 30 1828 35 28 1842 85 10 1884 93 0 1963 17 1 2034 74 30 2045 1 8 2106 86 28 2109 40 0 2169 48 5 2286 11 4 2287 62 5 2324 96 30 2455 15 5 2458 8 4 2471 78 12 2472 32 6 2476 71 23 2481 62 8 2514 87 29 2527 46 18 2561 51 14 2588 73 12 2701 46 6 2708 98 29 2714 84 31 2754 70 10 2757 14 22 2760 3 20
764 62 1e-05 78 55 4 99 65 27 117 13 31 125 56 5 129 65 9 176 12 20 212 38 21 233 71 20 238 90 29 277 67 5 298 18 31 364 93 5 390 54 18 420 76 26 522 3 19 561 38 14 575 56 8 631 94 25 654 94 1 675 91 25 692 99 1 703 82 29 708 16 1 731 44 19 761 57 11 819 2 20 821 91 27 828 59 21 831 86 14 841 51 16 842 49 8 851 85 0 877 91 22 913 93 30 920 90 15 953 9 15 961 32 4 992 65 15 1036 94 28 1813 20 23 1867 40 27 1868 12 26 1894 67 6 1915 7 9 1983 19 25 1985 100 30 2136 3 2 2183 63 3 2206 9 30 2240 65 15 2246 85 1 2249 22 28 2270 92 18 2294 3 24 2300 17 21 2356 26 8 2391 51 21 2430 0 23 2441 18 11 2544 17 9 2561 60 13 2569 17 28
765 62 1e-05 76 14 1 86 79 10 91 80 16 110 38 20 178 15 20 199 30 20 229 57 9 246 86 28 301 59 19 359 90 17 380 17 14 394 50 14 428 30 1 471 85 29 538 67 31 546 44 11 579 40 29 617 19 5 618 100 29 629 54 24 647 52 13 794 60 22 805 86 17 873 24 29 914 94 14 925 1 19 935 0 13 970 56 8 972 67 3 1001 8 5 1023 56 30 1837 36 17 1850 0 24 1850 12 4 1896 26 13 1984 88 1 1990 33 31 1993 66 31 2007 5 28 2027 54 21 2045 34 24 2074 53 30 2140 52 5 2145 58 10 2147 87 1 2162 67 22 2173 70 3 2175 21 18 2180 13 20 2189 69 13 2221 28 17 2340 15 15 2384 23 27 2396 75 13 2431 49 12 2453 92 31 2464 32 24 2466 9 20 2551 46 17 2697 22 26 2732 12 8 2761 92 8
766 62 1e-05 126 56 14 230 80 28 291 22 1 303 39 15 351 94 20 439 88 4 513 83 0 599 39 3 687 77 18 694 81 28 731 30 30 758 65 2 762 100 25 785 89 1 788 34 28 883 63 9 892 47 17 899 3 27 908 25 9 913 5 31 936 17 10 958 37 25 961 40 4 976 45 30 989 79 3 1004 36 22 1010 19 23 1818 87 21 1823 12 25 1907 37 14 1915 29 29 1991 73 7 2048 67 20 2052 0 1 2056 91 3 2057 81 6 2107 11 3 2211 63 16 2215 0 17 2223 55 23 2225 70 2 2227 85 30 2245 58 21 2266 38 15 2310 3 6 2313 43 4 2369 36 24 2394 0 27 2400 93 26 2428 3 30 2428 98 19 2436 40 30 2437 19 12 2506 61 3 2565 51 3 2579 21 27 2616 26 2 2633 71 29 2685 10 9 2721 90 27 2721 95 7 2772 30 2
767 62 1e-05 106 36 31 137 13 4 142 84 12 211 46 24 216 12 10 241 8 22 267 81 30 270 100 2 272 22 16 279 17 25 279 85 20 302 18 7 302 52 24 332 89 24 373 32 16 373 66 13 464 97 11 474 96 5 475 38 23 507 73 26 567 87 11 578 89 20 580 40 17 685 3 31 694 71 6 725 83 14 736 64 0 737 71 27 850 76 31 890 66 22 891 48 8 939 23 5 957 26 18 1810 54 2 1860 22 4 2010 20 13 2042 73 22 2092 14 1 2140 46 9 2162 81 2 2163 57 30 2182 17 16 2201 29 18 2221 30 12 2373 59 13 2384 38 21 2433 11 18 2493 65 30 2552 80 7 2557 73 7 2562 64 22 2638 73 8 2649 83 28 2681 98 28 2687 50 24 2688 85 4 2696 15 19 2709 9 5 2711 76 14 2753 19 25 2758 83 1 2774 80 24
768 62 1e-05 104 80 19 123 92 1 167 6 28 169 19 13 202 4 15 329 39 28 390 6 27 397 59 23 410 14 9 420 76 12 458 25 6 475 3 27 485 20 19 509 69 10 517 13 20 531 13 12 558 36 4 575 17 25 586 98 5 672 35 12 743 99 17 764 40 6 786 89 6 816 52 10 821 59 23 860 64 4 891 71 15 925 94 12 926 2 8 926 21 5 936 67 11 948 84 9 959 66 3 1000 75 4 1008 33 24 1819 76 30 1839 66 31 1896 57 18 1914 59 23 1927 82 10 1935 41 13 1942 49 17 1961 51 7 1977 87 0 1998 92 5 2007 41 9 2008 25 18 2036 47 18 2249 72 15 2377 8 22 2404 1 31 2442 20 29 2464 11 31 2513 72 5 2579 46 27 2625 40 28 2640 20 23 2688 99 5 2711 72 7 2718 98 23 2728 95 2 2750 97 21
769 62 1e-05 75 41 12 87 61 30 117 7 9 159 73 28 233 8 17 277 55 19 343 9 24 363 16 16 408 33 6 417 41 0 439 2 5 460 80 5 466 44 10 475 98 3 479 44 11 489 26 26 515 24 3 517 16 14 555 3 30 610 56 4 622 41 24 704 55 0 728 10 14 794 6 6 826 82 3 845 8 23 845 41 30 858 95 31 885 85 23 901 9 3 904 44 12 924 46 10 941 98 4 952 2 25 973 3 4 1027 16 3 1037 89 9 1868 80 26 1898 83 28 1906 71 5 1955 24 16 1976 53 6 2031 31 15 2052 72 13 2078 48 16 2118 70 18 2196 58 2 2197 74 5 2198 64 21 2219 85 9 2232 35 11 2263 96 17 2296 72 9 2303 9 24 2355 77 28 2391 19 20 2408 48 8 2557 3 6 2563 11 0 2672 13 28 2739 92 10 2761 16 14
770 62 1e-05 87 14 29 93 10 30 98 80 20 138 6 23 143 53 5 147 93 27 156 39 30 190 6 5 191 32 16 225 32 21 242 57 10 277 65 6 292 24 31 295 38 19 309 53 26 345 49 25 377 42 25 427 60 26 447 75 25 451 27 23 466 81 16 472 1 0 496 38 31 498 27 1 523 31 25 537 33 25 553 45 7 578 92 3 674 54 30 731 52 18 765 77 12 783 10 0 784 8 2 798 95 27 935 70 12 950 30 22 966 35 14 970 39 30 991 90 29 998 92 22 1858 24 10 1888 32 8 1889 5 11 1964 55 5 1995 60 12 2099 16 4 2115 56 14 2121 85 27 2153 69 29 2296 80 21 2318 39 19 2329 47 20 2359 81 0 2368 12 7 2387 50 10 2395 83 7 2529 25 3 2570 42 6 2615 19 16 2631 94 22 2683 98 17 2696 14 8
771 62 1e-05 80 35 10 82 56 14 96 10 17 126 80 23 200 28 19 235 60 30 251 62 4 265 90 6 273 67 23 299 66 6 311 40 4 324 72 21 335 58 27 347 20 11 401 6 24 419 40 20 448 6 3 457 3 30 476 48 31 486 29 29 527 75 29 560 45 19 618 1 7 670 65 19 681 65 1 751 13 6 813 79 28 844 61 29 852 60 16 906 47 31 957 90 17 987 2 17 1009 54 31 1810 22 20 1834 52 18 1835 32 31 1856 34 27 1944 27 27 1973 21 22 1977 37 2 2038 62 20 2154 78 10 2163 29 14 2257 87 21 2274 40 29 2320 75 20 2322 52 22 2333 5 30 2346 77 1 2409 55 21 2416 15 12 2437 52 6 2447 80 21 2479 36 15 2497 30 21 2505 38 17 2577 80 18 2602 67 3 2613 65 20 2628 85 2 2644 18 15 2723 71 20
772 62 1e-05 102 9 22 103 57 1 133 44 15 193 22 8 196 75 1 201 38 29 216 24 4 239 60 12 240 34 19 277 13 21 320 97 13 343 57 19 374 79 18 405 48 25 417 5 31 515 68 2 582 54 11 594 81 13 599 80 13 600 65 7 626 74 31 635 30 12 636 17 7 653 58 24 693 54 21 715 3 30 724 91 0 773 30 31 816 35 22 887 78 2 942 57 26 947 36 27 954 79 1 960 6 15 988 33 28 1033 50 11 1813 68 26 1817 26 15 1862 7 12 1962 65 3 2029 19 6 2082 38 26 2116 60 21 2133 63 20 2148 17 7 2205 31 11 2211 24 24 2236 2 27 2332 68 18 2356 98 20 2367 28 29 2379 66 25 2510 17 1 2568 37 13 2573 69 9 2574 0 31 2582 16 8 2637 90 24 2651 50 13 2669 16 25 2696 5 1 2736 67 28
773 62 1e-05 114 72 16 119 11 19 121 88 9 135 40 25 225 36 15 251 19 24 268 16 6 359 43 7 361 56 15 367 80 26 423 36 8 424 2 5 430 75 25 458 91 20 512 92 27 516 26 12 594 17 25 647 53 12 708 78 0 716 14 1 725 78 31 735 99 8 755 84 13 764 62 15 852 4 4 865 19 23 910 44 17 981 16 26 984 39 13 986 4 20 993 86 29 996 56 28 1006 70 1 1020 69 2 1839 12 13 1841 67 17 1844 56 13 1882 73 9 1992 52 2 2087 13 16 2089 3 6 2089 21 29 2109 5 16 2127 32 27 2175 59 10 2207 93 9 2336 75 18 2371 33 19 2372 7 21 2404 41 13 2413 35 9 2429 68 17 2467 5 3 2545 24 9 2547 52 31 2588 22 7 2615 39 10 2671 65 12 2681 94 30 2687 86 9 2717 19 8 2759 39 17
774 62 1e-05 100 16 24 132 88 25 168 6 11 217 82 7 249 73 2 265 3 9 349 41 5 365 34 24 437 65 24 446 20 23 508 84 20 513 70 2 527 23 6 530 85 13 541 84 28 546 83 14 552 28 2 587 29 3 596 39 1 643 46 2 648 91 18 658 18 15 703 29 20 733 27 29 779 84 24 799 75 22 865 23 11 926 13 27 946 12 11 968 99 30 1830 25 18 1877 17 17 1881 84 19 1913 39 17 1984 63 3 1991 15 13 2019 93 17 2040 7 5 2051 84 5 2055 63 21 2109 92 24 2237 73 0 2256 40 27 2261 10 31 2271 3 30 2317 80 23 2352 80 7 2366 93 26 2431 89 1 2451 36 10 2451 94 27 2471 24 17 2496 94 4 2534 73 9 2569 21 3 2592 63 19 2606 26 26 2654 35 2 2692 7 23 2707 14 28 2725 100 21 2737 81 8
775 62 1e-05 83 44 23 94 69 29 133 25 3 147 52 13 170 48 30 213 15 18 240 25 8 250 98 13 295 93 31 325 90 18 332 57 26 344 100 1 378 44 17 418 64 17 433 7 2 462 58 4 496 3 18 511 69 27 544 73 3 639 36 7 671 80 9 707 32 9 735 68 3 783 70 12 862 46 2 872 55 26 921 71 26 945 84 19 1013 47 20 1013 50 1 1859 82 24 1876 0 16 1883 44 11 1945 40 29 2018 48 0 2023 87 3 2037 47 26 2116 56 12 2129 91 23 2134 98 14 2179 55 15 2190 94 17 2203 68 2 2268 54 19 2288 24 19 2296 22 12 2347 71 23 2357 30 7 2390 14 5 2429 61 14 2443 32 2 2495 23 17 2537 64 23 2557 78 2 2571 62 10 2618 54 11 2649 0 8 2651 65 31 2684 12 13 2697 74 29 2710 39 18 2727 40 20
776 62 1e-05 102 36 7 150 94 29 170 30 24 187 6 21 221 35 5 236 80 30 259 52 1 295 19 31 395 94 14 514 34 19 515 16 15 567 75 1 578 30 26 657 35 14 659 79 31 691 8 1 720 57 4 724 94 11 762 99 30 777 75 2 784 31 4 853 85 9 855 7 12 938 40 4 959 56 17 981 83 24 1026 70 19 1035 16 17 1899 38 13 1904 56 15 1917 40 28 1918 16 10 1923 8 16 1948 34 23 2019 14 26 2050 55 25 2108 90 3 2128 93 31 2130 46 0 2165 27 26 2198 19 25 2255 43 8 2263 59 23 2266 77 2 2269 43 3 2270 87 12 2309 5 11 2396 52 27 2407 74 16 2411 52 14 2518 15 12 2529 41 28 2599 56 2 2601 26 29 2601 52 22 2603 11 5 2605 53 24 2627 54 5 2631 19 3 2637 2 5 2662 51 0 2735 46 15
777 62 1e-05 133 25 21 148 37 2 162 35 23 205 7 1 239 32 24 281 39 24 291 86 15 377 81 3 396 50 24 411 69 14 416 24 20 430 41 31 474 78 2 706 92 28 753 90 13 755 28 5 756 59 6 761 66 1 762 85 24 814 16 20 839 43 8 848 85 11 852 64 8 865 27 27 903 49 8 914 92 26 923 46 5 939 29 28 1017 43 13 1842 97 13 1847 37 16 1865 72 12 1899 75 26 1946 7 5 1950 82 26 1972 100 6 2011 15 26 2031 91 11 2033 59 0 2040 83 22 2054 75 15 2060 71 10 2062 15 16 2121 88 6 2126 29 14 2130 68 19 2171 83 24 2253 76 1 2299 70 27 2337 20 8 2361 87 5 2379 41 28 2488 23 0 2539 46 21 2543 36 2 2557 3 20 2587 63 13 2593 10 23 2596 77 21 2610 26 11 2696 48 22 2710 48 23
778 62 1e-05 88 43 20 93 77 2 100 82 17 119 22 0 253 8 20 318 60 8 344 37 14 357 73 25 373 68 3 380 51 16 451 35 4 514 6 0 551 52 2 553 24 10 565 42 25 570 71 2 588 55 21 660 65 26 664 99 22 744 61 30 782 93 28 834 44 30 866 89 9 878 43 10 963 43 13 964 32 17 1013 31 25 1014 4 4 1020 11 17 1022 20 19 1024 44 13 1031 72 11 1849 9 18 1859 23 30 1962 22 13 1963 62 6 2009 50 25 2069 32 28 2094 60 5 2115 39 10 2131 67 25 2142 10 7 2163 47 23 2186 9 17 2282 40 0 2301 0 24 2338 83 0 2345 54 22 2363 91 22 2366 75 28 2369 96 31 2370 48 27 2394 76 2 2406 54 3 2419 67 5 2539 55 30 2562 89 28 2575 16 29 2670 62 24 2709 96 8 2713 2 19 2754 19 12
779 62 1e-05 89 17 11 111 90 26 117 3 18 128 25 6 156 84 6 196 35 3 285 3 6 288 45 27 303 18 24 306 10 24 308 99 17 402 67 3 404 27 19 439 52 23 456 48 23 581 30 10 645 6 18 706 69 3 741 42 3 757 92 8 843 53 7 858 20 14 914 47 29 955 94 4 984 81 22 988 36 5 1035 25 25 1871 54 31 1886 37 14 1898 74 24 1899 16 4 1940 95 10 2068 13 11 2095 1 29 2104 24 24 2148 38 24 2172 55 3 2225 63 18 2239 55 28 2260 88 22 2275 20 20 2293 39 6 2297 7 26 2320 97 3 2339 10 21 2340 14 4 2385 73 21 2392 52 6 2428 28 20 2449 95 30 2452 2 29 2506 94 1 2524 86 17 2553 93 13 2584 82 0 2607 24 13 2610 87 10 2628 29 12 2633 87 24 2646 24 19 2685 26 6 2712 62 11
780 187 3e-05 80 51 19 97 3 24 103 64 7 109 7 9 114 15 31 126 5 12 143 78 23 149 82 11 153 32 17 159 96 21 164 35 21 171 77 20 176 58 15 178 54 21 230 39 4 242 3 28 245 92 22 246 58 20 248 12 7 258 75 4 266 72 24 268 83 12 277 22 28 280 73 19 294 8 8 294 75 22 306 0 3 307 42 0 317 10 9 320 67 25 324 46 16 340 86 24 345 93 3 376 3 1 378 91 10 383 0 28 419 88 26 436 67 31 444 9 14 445 31 26 447 99 14 454 67 15 456 89 18 481 57 13 486 3 3 497 98 28 507 56 7 507 60 7 522 14 11 522 39 15 542 31 20 557 31 16 565 33 5 570 58 11 578 74 17 584 4 4 608 86 22 614 53 0 634 59 15 644 26 22 658 88 6 668 16 13 715 6 26 719 7 23 722 87 5 727 78 25 738 12 16 740 55 30 749 27 13 764 98 8 776 24 15 777 25 12 777 74 8 781 61 0 809 40 0 818 72 8 830 100 13 833 23 3 840 67 11 848 29 1 857 76 3 873 96 17 882 36 26 891 14 15 891 23 21 894 78 6 896 56 11 905 96 15 912 89 4 917 34 28 919 78 20 932 84 1 948 25 16 954 30 17 975 20 1 979 86 22 998 84 17 1014 53 27 1021 53 15 1034 21 28 1817 44 10 1824 18 4 1832 73 0 1833 27 27 1846 88 10 1872 64 30 1874 76 10 1890 73 13 1899 99 28 1901 28 3 1908 4 27 1924 0 28 1944 48 21 1987 50 14 1991 6 15 1991 37 30 1998 9 14 1999 92 27 2005 97 0 2044 10 10 2045 76 30 2068 71 15 2091 58 6 2103 77 24 2124 32 31 2126 60 17 2128 44 14 2134 82 16 2149 58 26 2160 94 17 2178 70 18 2178 87 19 2183 80 17 2187 16 17 2238 41 29 2242 37 7 2255 67 7 2256 84 12 2257 68 11 2269 21 4 2270 53 30 2272 61 8 2294 96 29 2301 40 29 2301 59 5 2352 82 26 2358 82 28 2372 81 31 2376 5 26 2386 80 7 2401 61 15 2403 93 25 2406 5 19 2411 47 24 2418 55 30 2426 65 11 2433 34 5 2443 99 16 2445 6 30 2448 25 12 2457 12 4 2462 85 2 2466 93 16 2496 92 20 2503 72 7 2516 14 27 2524 1 28 2533 51 12 2534 88 7 2555 64 6 2555 90 12 2559 15 18 2591 89 4 2596 16 10 2637 17 25 2663 61 19 2673 92 8 2676 99 7 2689 72 6 2697 24 17 2699 87 13 2700 38 20 2718 100 20 2725 8 4 2732 54 4 2762 11 5 2772 9 30
781 187 3e-05 98 34 16 103 10 23 107 0 21 117 58 15 123 2 30 124 100 24 135 8 19 135 26 13 146 53 6 176 77 10 183 23 27 194 67 0 202 30 0 221 54 21 235 26 30 239 38 28 246 52 3 247 3 1 281 55 26 282 30 4 301 42 25 301 61 20 305 90 0 316 35 21 325 43 5 326 54 7 342 77 18 355 55 14 362 20 29 375 18 19 385 38 21 397 22 14 417 34 1 419 95 31 423 34 4 432 10 12 433 33 31 436 34 2 437 22 15 439 59 14 457 60 6 470 9 30 479 13 15 493 71 15 494 2 29 524 23 15 535 78 30 545 14 29 551 90 27 553 39 18 560 34 5 568 39 18 572 92 22 573 47 4 585 23 29 599 31 29 603 89 19 614 45 23 623 90 9 632 86 23 634 44 23 644 26 30 656 93 6 659 49 4 659 64 7 661 23 25 661 55 11 666 33 18 699 61 9 704 51 1 720 96 7 729 19 24 769 70 9 786 33 23 786 75 17 795 11 5 814 84 2 833 91 29 836 28 17 874 46 11 876 43 5 881 13 10 891 45 11 907 32 26 908 1 26 912 17 21 928 74 19 939 80 3 945 93 20 958 78 5 962 39 27 964 42 5 975 26 0 982 80 16 1012 4 27 1023 47 0 1034 20 26 1813 0 31 1819 64 12 1838 57 22 1852 86 25 1861 35 0 1880 4 1 1891 13 5 1901 84 15 1922 88 29 1927 34 11 1959 23 12 1963 18 13 1968 63 17 1986 28 17 2001 19 6 2031 18 17 2040 88 28 2041 85 13 2055 70 7 2058 5 3 2061 94 27 2065 10 18 2108 71 6 2113 42 19 2114 85 3 2115 63 30 2130 49 3 2135 80 0 2155 26 13 2155 41 30 2194 47 15 2195 58 24 2204 48 20 2205 52 8 2206 42 10 2213 7 2 2219 5 0 2230 31 12 2245 19 6 2258 74 25 2267 86 18 2274 19 0 2275 87 12 2275 97 11 2290 89 26 2291 24 12 2295 3 14 2295 100 2 2308 19 19 2320 49 18 2322 25 26 2329 90 4 2345 34 0 2355 87 11 2378 99 19 2384 87 30 2392 75 15 2409 25 6 2410 44 1 2417 18 14 2427 5 18 2438 33 28 2441 22 27 2443 76 6 2444 18 17 2453 86 0 2459 48 15 2472 66 3 2483 85 14 2517 26 18 2528 12 21 2530 40 29 2541 91 11 2548 16 1 2558 4 10 2562 54 30 2564 50 18 2572 9 22 2577 35 10 2588 51 26 2609 61 14 2630 3 26 2646 33 2 2651 25 8 2696 59 6 2704 79 0 2707 20 5 2712 48 26 2714 83 2 2773 11 17
782 187 3e-05 86 30 21 96 76 21 113 43 8 141 11 18 159 25 15 168 68 14 173 17 21 178 70 16 201 21 28 243 29 17 251 50 7 267 44 14 267 93 8 273 79 6 277 6 24 315 36 24 328 10 10 329 76 22 330 64 17 334 7 28 353 56 16 353 64 1 353 83 12 358 90 21 359 46 15 367 59 13 369 12 25 425 64 1 429 38 8 430 93 13 448 72 7 450 49 2 451 77 28 459 38 25 461 47 24 487 81 4 490 70 1 492 64 16 496 91 1 504 49 29 516 47 31 521 78 6 537 65 19 556 45 28 564 81 6 566 73 14 572 59 19 573 94 16 577 47 30 584 61 19 590 65 7 595 52 10 597 19 26 617 40 11 620 84 31 635 91 16 645 0 15 648 80 3 665 89 17 672 13 25 689 39 11 704 3 27 714 66 13 719 48 21 732 81 12 754 93 13 768 17 22 770 100 26 792 65 0 816 58 7 823 84 6 835 83 30 840 30 5 843 64 31 854 27 30 858 39 27 898 12 13 908 26 26 909 95 22 935 68 8 938 49 28 951 26 17 957 88 26 963 10 21 966 100 21 976 19 2 983 74 20 984 38 25 994 69 5 1000 87 17 1826 19 21 1830 94 2 1838 74 24 1861 12 21 1893 1 22 1901 41 22 1901 89 27 1907 59 8 1914 76 20 1920 15 11 1920 85 26 1939 92 5 1944 22 21 1944 60 15 1962 54 13 1972 82 8 1987 32 17 1988 71 9 2019 28 30 2053 5 26 2059 84 4 2060 88 5 2061 58 11 2067 72 24 2076 53 16 2080 61 13 2089 40 2 2100 59 14 2104 60 23 2108 22 10 2112 75 10 2115 7 16 2123 85 17 2124 49 1 2136 55 16 2139 31 18 2140 9 4 2143 4 22 2149 42 10 2175 35 27 2186 86 19 2192 73 9 2232 36 31 2245 17 19 2256 17 24 2258 28 19 2264 97 20 2267 71 31 2268 77 18 2313 74 2 2345 35 12 2350 39 11 2369 99 1 2372 39 10 2379 60 5 2402 37 10 2409 39 7 2409 97 12 2414 83 9 2421 33 21 2421 61 22 2421 64 13 2435 95 16 2446 68 6 2447 1 15 2448 21 4 2451 52 4 2461 25 21 2462 90 27 2467 58 25 2467 59 10 2495 47 17 2514 66 30 2518 87 8 2524 94 7 2533 17 5 2540 61 22 2542 64 24 2570 75 27 2574 61 11 2578 21 25 2582 39 21 2634 4 9 2665 99 8 2682 10 23 2682 39 3 2686 64 9 2705 74 25 2712 79 19 2712 93 29 2722 22 27 2724 88 16 2728 45 6 2728 70 10 2740 33 12 2765 86 20 2766 89 10
783 187 3e-05 75 34 0 82 37 26 83 1 27 91 94 27 105 10 3 110 90 8 113 48 18 123 24 15 126 54 2 131 99 3 176 32 0 176 59 27 181 43 18 195 82 19 204 41 21 213 20 24 217 38 25 221 3 25 244 54 16 257 22 29 276 58 3 291 65 10 295 42 28 299 12 29 299 17 13 305 57 10 311 61 6 313 89 2 323 66 6 324 82 28 337 25 8 337 80 6 345 55 14 351 47 31 355 31 20 358 48 27 371 75 6 390 20 31 393 60 18 397 58 4 401 81 5 404 93 13 439 93 4 444 42 25 445 2 1 450 20 7 475 41 14 492 64 13 496 71 1 502 86 28 507 26 25 511 22 31 530 37 6 569 81 0 569 91 13 576 21 24 592 62 7 597 25 9 598 11 21 599 11 26 605 26 20 616 26 14 655 56 29 685 85 20 716 46 10 718 38 26 727 70 5 729 28 22 732 44 31 734 76 6 737 87 19 753 62 15 761 36 9 765 25 6 767 31 9 785 55 16 791 20 7 800 4 17 808 13 15 825 55 9 861 69 27 874 5 19 885 73 1 889 6 24 895 96 12 905 29 30 910 100 2 911 54 30 915 54 25 933 26 10 936 63 15 948 57 26 950 80 9 951 44 14 963 92 8 967 34 12 977 84 12 986 26 14 989 56 30 1027 64 9 1032 51 9 1034 41 15 1826 53 26 1843 80 30 1851 76 4 1854 7 21 1857 92 30 1872 87 14 1890 100 20 1901 66 30 1904 69 25 1916 33 30 1920 35 17 1927 28 26 1933 10 5 1945 81 0 1948 46 5 1967 63 19 1979 87 25 1991 33 21 1991 80 1 2002 30 12 2005 29 19 2006 70 18 2010 51 11 2018 50 3 2033 37 0 2043 55 30 2055 73 28 2063 24 10 2086 4 25 2106 52 9 2120 22 0 2126 11 19 2138 0 11 2140 5 24 2140 42 29 2168 98 18 2171 47 21 2193 73 19 2210 89 28 2237 94 14 2258 73 12 2259 65 8 2279 95 14 2282 78 31 2285 89 5 2289 33 18 2299 76 25 2311 100 30 2320 63 29 2329 53 9 2345 52 15 2365 21 1 2367 82 6 2398 3 13 2430 87 5 2433 63 7 2444 56 12 2446 20 7 2450 92 29 2477 41 5 2492 27 4 2495 52 23 2502 81 8 2507 3 7 2533 8 23 2540 6 9 2551 30 28 2568 97 27 2578 96 26 2608 20 15 2632 34 30 2648 62 10 2648 65 27 2660 37 4 2675 50 9 2675 88 12 2684 53 7 2686 84 8 2697 67 0 2702 48 20 2702 95 29 2741 51 12 2745 43 16 2749 51 20 2755 91 25
784 187 3e-05 75 46 2 76 99 13 85 58 1 93 53 24 105 53 11 116 11 23 119 14 3 130 4 24 150 96 4 166 77 21 193 36 11 211 94 26 222 82 21 224 50 29 227 48 25 239 61 20 256 76 6 266 0 28 276 80 19 295 10 2 312 66 7 333 71 4 337 11 14 339 33 19 341 92 13 344 53 3 344 95 17 349 76 28 355 90 21 375 72 9 396 73 13 407 42 21 417 1 31 429 74 31 445 86 16 486 35 26 507 84 17 531 73 10 535 79 11 552 0 20 617 31 12 621 54 4 634 71 7 637 38 4 646 13 19 650 27 20 650 93 29 660 24 16 660 87 17 661 79 14 689 46 0 698 20 28 711 72 17 717 46 5 724 22 1 753 78 5 762 50 13 785 100 20 800 77 29 813 78 17 820 71 8 822 85 14 834 85 27 835 9 28 849 30 16 850 92 26 853 81 22 867 99 23 872 17 26 873 73 20 882 4 24 897 53 3 897 81 0 906 44 22 910 7 1 923 87 5 934 1 15 945 37 6 948 66 9 948 85 11 953 35 11 959 69 17 966 4 27 969 77 28 981 94 23 1016 59 26 1018 52 24 1031 84 26 1814 70 30 1819 77 8 1831 94 16 1831 97 16 1846 14 16 1848 84 22 1856 0 8 1868 71 3 1885 95 7 1929 43 12 1950 28 16 1968 100 28 1970 77 23 1990 77 1 2002 75 23 2010 4 3 2022 50 6 2024 11 28 2025 7 14 2032 74 25 2037 42 13 2042 9 29 2060 63 5 2077 40 22 2082 48 23 2091 79 17 2092 33 25 2136 59 4 2139 71 4 2142 0 24 2142 79 18 2154 13 14 2166 14 8 2169 90 7 2183 54 10 2195 88 4 2219 98 15 2244 76 21 2247 62 19 2254 1 1 2270 92 24 2276 9 3 2282 9 31 2300 65 22 2302 18 18 2305 97 18 2308 27 5 2317 26 0 2334 59 4 2347 45 31 2365 28 30 2376 85 14 2380 80 14 2389 37 22 2389 76 1 2422 94 31 2423 35 26 2437 90 5 2454 35 25 2459 54 22 2489 52 12 2495 90 17 2498 61 24 2507 34 13 2512 18 26 2517 59 6 2524 4 7 2532 98 25 2543 76 18 2551 70 6 2561 26 0 2565 47 17 2569 67 0 2579 22 29 2592 62 15 2603 62 16 2618 18 9 2622 4 22 2627 96 14 2642 54 19 2649 24 20 2656 81 8 2660 72 29 2678 98 10 2696 2 30 2699 26 0 2699 59 13 2705 49 27 2730 57 28 2730 87 2 2737 42 23 2745 46 10 2745 91 27 2765 52 20 2765 82 4 2770 44 21 2771 59 11 2774 58 24 2775 59 0
785 187 3e-05 73 49 30 82 56 14 84 63 23 86 18 31 99 21 14 102 16 20 106 84 8 107 84 8 134 83 22 140 54 1 149 53 6 159 82 14 177 38 28 188 94 31 214 30 31 218 80 4 222 84 31 228 42 29 233 78 20 259 49 18 260 31 20 263 20 16 269 15 28 276 23 9 283 24 14 289 91 2 296 53 27 312 0 14 317 9 27 319 44 24 343 78 3 346 41 0 364 86 31 388 75 29 394 1 6 403 43 13 413 1 16 417 57 5 423 24 16 432 20 17 437 33 8 453 42 1 458 97 29 463 21 20 481 62 1 481 67 7 500 84 7 500 93 9 524 32 19 525 28 15 535 4 13 553 24 31 561 4 16 568 50 6 569 60 3 570 45 11 571 41 21 574 52 30 608 10 26 629 77 17 647 5 18 653 7 30 662 69 17 677 2 21 703 58 17 720 37 27 724 40 11 729 35 25 735 56 31 737 100 18 749 47 23 767 33 2 783 87 0 797 51 3 810 31 4 830 56 21 832 37 18 833 46 12 840 52 23 850 53 29 874 99 9 878 38 14 896 5 6 923 44 16 931 53 17 961 15 31 969 60 8 989 61 14 1015 6 2 1018 19 13 1029 12 17 1817 16 6 1817 62 2 1820 2 22 1823 36 26 1843 60 5 1847 35 10 1867 83 15 1881 64 8 1887 43 30 1891 30 25 1943 29 19 1968 62 28 1974 56 18 1982 56 26 1986 64 14 2005 82 3 2010 37 11 2033 13 7 2057 41 28 2059 21 11 2067 72 30 2098 78 8 2099 50 16 2110 10 31 2137 29 7 2137 81 16 2150 44 2 2158 8 7 2170 5 29 2172 71 27 2174 4 0 2185 50 8 2191 64 31 2192 31 0 2200 82 27 2208 4 21 2211 28 0 2214 6 27 2218 27 11 2222 92 30 2237 67 19 2242 52 2 2248 17 11 2259 66 11 2271 69 21 2275 71 2 2286 61 16 2296 26 21 2332 88 7 2338 60 22 2349 58 17 2384 48 3 2403 57 31 2410 13 27 2424 21 8 2429 96 9 2454 27 14 2473 52 12 2473 100 7 2480 27 12 2483 25 14 2497 49 18 2505 9 16 2507 10 10 2520 3 20 2534 87 18 2536 10 24 2544 90 19 2547 35 20 2552 9 16 2552 82 12 2564 24 4 2567 66 14 2572 44 1 2577 82 23 2582 65 31 2590 91 15 2594 63 24 2631 40 9 2636 86 4 2670 53 17 2676 50 15 2684 35 20 2701 79 18 2704 45 12 2726 44 29 2737 57 13 2739 40 13 2741 99 29 2749 87 29 2755 37 30 2760 53 14 2765 13 30 2765 40 26 2767 82 25 2773 15 30
786 187 3e-05 76 40 4 85 66 1 85 70 3 92 6 19 102 82 8 109 4 5 114 56 6 127 12 24 127 35 6 129 47 0 134 23 20 151 17 16 157 95 5 160 80 4 169 47 19 172 72 2 173 81 26 201 49 26 201 52 7 210 47 30 222 16 11 227 72 13 236 49 18 254 20 27 260 4 27 263 42 2 264 23 4 267 93 29 287 94 19 294 44 11 305 74 22 325 7 22 329 99 19 331 30 4 337 50 20 345 43 30 356 57 20 357 27 3 359 20 6 371 7 23 380 97 31 396 58 16 398 94 3 402 85 24 440 49 4 458 100 11 470 77 12 480 51 0 480 79 15 486 30 22 504 8 19 516 87 17 535 60 2 547 42 6 557 88 23 561 4 30 566 10 23 589 22 0 605 86 17 613 22 5 650 82 22 696 56 24 723 71 14 723 75 17 734 75 20 734 98 25 762 56 16 774 40 6 787 85 21 791 26 25 791 35 10 819 43 29 824 30 28 862 24 17 893 16 28 895 96 2 906 6 24 913 93 5 921 5 11 962 10 23 983 36 1 984 58 9 987 97 20 993 91 17 1017 0 20 1018 51 31 1813 8 30 1814 88 16 1821 94 25 1835 19 17 1835 76 19 1842 33 20 1843 7 21 1896 54 27 1897 2 5 1907 82 2 1915 19 15 1923 64 4 1927 37 3 1927 70 20 1930 58 4 1943 87 1 1954 73 16 1969 5 27 1970 65 27 1977 27 22 1985 44 16 2036 64 23 2054 76 0 2068 12 25 2068 94 0 2074 55 29 2081 7 16 2085 36 8 2089 11 16 2097 61 10 2100 79 26 2108 46 24 2118 80 3 2119 52 5 2119 98 12 2134 89 7 2143 31 16 2152 2 14 2152 22 3 2175 31 8 2180 63 19 2189 40 7 2190 17 21 2204 23 5 2208 14 11 2226 5 10 2230 80 9 2249 74 7 2279 78 12 2298 12 0 2303 94 12 2304 19 12 2312 70 17 2314 20 13 2316 67 14 2318 100 10 2322 83 2 2332 85 21 2352 50 6 2355 60 31 2360 86 26 2399 16 0 2400 44 15 2410 91 8 2410 93 9 2414 27 12 2414 83 11 2436 27 11 2454 46 1 2470 74 27 2503 45 4 2534 85 2 2538 40 8 2547 8 24 2547 66 31 2549 22 13 2560 56 16 2561 90 5 2571 5 2 2575 88 18 2581 88 28 2588 76 12 2590 37 28 2593 87 8 2594 29 15 2606 94 8 2620 92 27 2621 52 29 2626 41 10 2653 23 23 2670 47 27 2678 81 0 2686 15 30 2701 69 4 2703 35 6 2712 61 18 2720 66 8 2728 84 8 2734 48 14 2766 41 7 2766 81 8
787 187 3e-05 93 6 26 116 75 30 141 99 27 166 38 12 168 68 0 174 47 13 180 51 10 211 51 26 212 62 24 212 71 11 230 81 4 239 4 25 241 25 19 262 84 7 263 79 27 264 37 27 267 64 19 278 94 25 283 0 8 288 35 0 292 2 6 311 20 27 314 85 0 318 27 4 343 35 23 349 80 10 355 32 6 383 20 10 392 84 31 411 3 13 413 31 13 422 78 4 424 97 7 441 57 28 452 1 19 489 72 3 491 9 18 502 0 8 514 85 10 518 56 10 518 57 27 527 84 1 570 60 20 594 30 7 597 42 26 599 11 2 618 69 22 625 2 3 625 21 27 629 79 7 641 34 0 647 25 11 681 7 20 686 80 10 688 24 4 689 87 5 700 63 19 700 91 17 713 81 10 716 57 19 717 93 12 745 19 16 745 83 10 755 54 18 761 60 6 761 83 23 763 83 18 803 33 3 821 95 1 824 66 11 884 32 0 888 98 3 892 53 22 908 45 10 920 91 3 923 19 18 930 90 26 963 13 30 972 28 14 974 80 7 985 34 10 1000 93 5 1007 54 30 1009 29 30 1017 28 17 1026 93 6 1034 83 28 1822 75 5 1827 49 21 1828 10 12 1828 44 16 1851 52 25 1851 80 11 1852 30 1 1869 91 13 1873 77 24 1924 25 15 1983 75 6 2015 37 19 2024 29 18 2040 2 0 2071 90 23 2074 4 26 2083 28 17 2085 32 8 2088 65 14 2090 72 25 2100 63 27 2108 9 0 2110 69 8 2116 86 27 2125 30 20 2136 59 1 2142 43 23 2152 76 23 2158 5 17 2178 49 14 2187 26 16 2225 80 29 2231 67 21 2231 93 17 2235 3 31 2239 89 6 2263 84 5 2269 1 31 2269 46 13 2298 37 21 2311 5 28 2314 25 3 2315 60 20 2317 87 6 2319 56 1 2320 19 5 2331 74 1 2335 64 13 2336 39 8 2341 47 5 2355 61 26 2357 40 0 2365 96 0 2380 78 24 2382 3 29 2393 45 20 2395 13 5 2396 24 14 2397 4 20 2397 77 30 2407 70 26 2435 17 23 2438 9 15 2438 46 19 2439 65 4 2444 60 24 2457 13 5 2457 93 2 2462 88 10 2474 48 19 2498 58 1 2506 21 21 2507 96 18 2509 89 22 2512 24 19 2530 10 17 2533 35 6 2534 42 26 2544 59 12 2545 12 16 2562 51 13 2565 26 14 2569 68 16 2579 52 1 2586 33 12 2597 90 13 2599 45 29 2618 66 28 2657 77 18 2659 98 29 2662 74 1 2670 57 12 2672 43 27 2689 96 8 2690 12 16 2730 52 20 2736 94 14 2744 19 3 2759 52 22 2764 49 11
788 187 3e-05 76 51 1 84 17 20 87 89 28 110 4 10 138 52 22 148 8 20 160 61 0 177 99 12 182 54 27 189 94 16 190 36 23 195 41 22 223 67 8 224 85 17 233 48 31 250 80 14 252 74 12 261 39 19 268 18 4 274 17 23 311 58 16 314 99 3 329 11 4 343 44 1 387 87 16 393 68 9 394 10 29 395 29 7 411 60 29 432 13 23 436 63 26 441 100 31 442 46 13 447 3 31 449 49 24 450 80 0 455 2 19 462 83 17 470 92 9 474 2 18 487 18 0 490 28 3 497 63 7 504 6 15 530 78 28 531 88 4 551 55 18 554 59 12 555 82 12 561 30 18 562 17 23 563 43 12 575 51 13 623 79 29 653 74 7 666 23 23 667 30 12 667 91 27 681 73 6 705 5 2 736 13 3 740 46 24 747 39 30 750 71 24 751 28 0 779 14 17 781 51 16 789 13 30 799 22 2 854 10 8 854 39 16 860 0 24 895 41 25 897 49 7 901 64 21 902 26 24 904 7 5 907 10 11 907 74 24 920 48 29 934 13 9 936 2 29 939 27 11 940 47 22 943 63 15 954 55 11 985 87 25 986 64 20 997 52 7 1008 75 8 1008 90 7 1009 98 9 1024 30 9 1033 70 26 1818 45 3 1821 54 30 1824 59 31 1826 24 3 1843 27 11 1844 10 19 1865 25 28 1876 91 29 1924 53 28 1947 56 16 1955 11 9 1956 29 18 1963 35 31 1966 49 15 1969 45 23 1972 59 22 1974 44 10 1977 74 11 1982 61 4 2029 32 4 2040 41 3 2047 32 31 2049 70 18 2054 98 2 2058 45 13 2084 33 7 2089 11 22 2095 64 2 2111 36 1 2116 69 28 2130 88 6 2144 45 0 2167 17 28 2182 16 19 2195 73 17 2202 8 10 2211 46 6 2218 63 18 2225 64 8 2229 7 13 2239 45 11 2273 57 2 2276 25 25 2276 60 6 2309 20 12 2309 26 8 2320 62 0 2335 82 23 2349 99 3 2352 93 9 2365 27 4 2368 51 3 2373 47 15 2383 35 9 2387 67 30 2393 97 4 2410 38 11 2419 21 14 2426 53 25 2427 4 10 2439 97 23 2441 73 8 2454 9 31 2459 99 12 2472 81 21 2474 92 21 2478 81 20 2480 45 17 2493 71 22 2494 43 29 2508 65 30 2510 81 17 2512 96 20 2514 42 4 2521 83 28 2531 12 30 2540 52 12 2544 79 14 2601 40 26 2619 9 15 2626 46 24 2633 28 4 2637 3 5 2642 60 13 2646 74 28 2649 66 22 2650 16 4 2656 99 19 2698 62 23 2722 48 12 2734 38 12 2757 35 26 2772 53 20
789 187 3e-05 75 43 21 109 38 22 120 66 27 120 76 7 137 2 20 150 20 9 168 19 25 169 89 31 175 8 18 194 92 18 222 69 22 249 21 2 271 1 24 276 86 14 278 42 23 293 66 27 305 13 17 307 12 27 314 98 3 355 87 27 388 61 20 389 66 22 392 68 0 393 56 17 408 6 2 409 98 17 412 39 31 424 51 8 441 72 24 449 9 30 463 84 25 464 68 24 472 8 28 484 3 26 488 89 24 509 98 24 517 87 7 527 82 22 532 92 24 534 5 1 541 44 19 547 74 10 559 66 24 559 67 31 562 19 15 572 38 28 575 15 23 577 38 21 581 44 13 601 63 31 603 74 30 620 52 7 626 8 18 628 76 4 633 45 7 637 55 22 642 100 30 649 7 14 662 5 12 681 82 9 684 17 22 693 94 16 716 93 2 722 47 4 723 10 19 723 75 8 747 98 18 752 39 28 761 69 7 773 29 12 774 22 1 779 10 14 792 4 22 797 0 10 805 15 20 818 44 2 826 48 19 844 45 17 874 17 21 875 96 11 877 21 17 879 64 26 883 18 9 890 71 11 892 22 26 898 60 18 931 84 9 977 75 4 1011 12 4 1011 90 22 1810 17 19 1812 32 29 1818 94 11 1826 56 10 1836 63 4 1841 34 5 1845 90 17 1852 88 12 1870 92 28 1893 18 3 1902 63 6 1905 96 28 1913 14 12 1918 46 16 1929 12 15 1930 0 3 1937 44 1 1945 50 2 1969 92 17 1971 0 21 1978 33 11 1981 40 11 1982 54 31 1994 85 27 2012 96 0 2015 45 10 2044 52 2 2049 52 20 2051 97 22 2055 14 5 2089 7 6 2090 59 4 2151 21 29 2163 6 1 2164 43 11 2165 86 7 2168 80 22 2199 73 29 2201 11 22 2212 69 30 2232 15 2 2235 4 11 2236 76 22 2243 48 26 2248 15 23 2254 30 23 2272 73 26 2275 23 25 2278 58 22 2280 93 4 2284 42 7 2299 96 9 2308 77 8 2317 65 29 2317 77 31 2322 22 13 2326 32 27 2358 99 5 2367 42 21 2373 63 24 2387 46 20 2390 39 24 2407 23 31 2420 54 13 2430 14 24 2442 40 28 2450 95 21 2454 64 12 2462 1 7 2489 45 29 2498 95 6 2523 10 17 2528 97 24 2533 20 9 2535 91 30 2555 3 26 2580 17 16 2587 5 20 2587 20 13 2600 78 3 2613 32 14 2617 52 31 2620 76 31 2628 4 26 2631 90 14 2644 15 12 2648 53 22 2678 20 16 2693 22 13 2711 94 30 2714 72 22 2726 30 26 2732 59 9 2738 52 21 2739 22 3 2750 22 19 2760 64 26
790 187 3e-05 104 68 28 114 81 3 115 76 8 118 95 4 121 66 0 140 15 24 147 61 27 153 82 30 164 72 12 193 82 13 236 17 3 283 86 20 286 73 27 297 17 1 307 26 30 316 9 14 329 23 2 334 86 8 354 75 24 361 47 15 374 30 27 375 1 17 377 70 27 378 13 1 406 18 8 406 49 31 418 38 29 441 34 1 459 50 8 475 67 2 515 93 29 519 23 3 519 73 7 527 3 2 539 55 4 544 30 15 555 94 8 572 33 30 572 47 0 589 83 7 606 13 11 616 85 9 617 27 11 627 43 15 642 89 5 645 91 20 671 52 11 674 15 19 680 90 3 686 5 6 693 76 3 697 42 1 699 4 2 699 40 15 708 10 6 717 30 13 733 94 11 743 25 29 750 27 27 756 17 12 757 44 25 759 32 14 770 45 18 785 88 27 788 39 4 793 11 17 793 44 16 802 27 11 808 87 19 809 80 24 823 37 28 837 39 28 849 80 11 868 42 11 879 4 14 885 82 12 905 35 15 910 52 20 914 4 15 924 86 15 933 90 11 945 32 20 945 47 0 950 95 13 1001 22 27 1009 79 13 1018 82 13 1034 76 14 1810 39 16 1814 88 6 1837 94 31 1843 89 7 1846 2 2 1876 72 25 1879 98 3 1882 3 22 1886 67 14 1887 84 20 1892 29 10 1903 93 2 1904 52 1 1909 87 18 1913 67 18 1913 95 9 1919 66 11 1921 100 9 1930 69 27 1937 21 2 1940 93 29 1952 55 22 1952 58 30 1966 46 2 2000 4 23 2005 53 29 2017 30 19 2034 24 15 2039 10 23 2052 4 18 2057 98 27 2064 83 22 2093 20 16 2116 36 0 2118 12 11 2121 52 18 2140 71 12 2145 30 9 2156 70 10 2162 50 12 2164 62 25 2188 74 18 2195 34 10 2196 92 17 2212 84 8 2214 19 4 2234 26 16 2244 84 26 2250 40 17 2257 26 24 2266 62 13 2268 74 14 2273 80 10 2276 40 20 2281 49 3 2283 82 26 2295 39 20 2313 13 28 2319 46 22 2337 89 16 2345 48 14 2352 32 1 2377 5 10 2387 95 2 2402 79 29 2403 42 8 2417 32 13 2423 65 24 2424 97 29 2450 57 22 2459 10 8 2461 79 26 2474 88 14 2514 39 7 2518 6 18 2520 50 26 2529 52 23 2592 33 15 2637 89 21 2643 87 26 2658 75 31 2662 54 5 2666 31 12 2670 92 24 2688 11 15 2691 4 17 2702 62 23 2706 37 0 2710 83 27 2721 59 3 2723 12 26 2725 1 0 2730 89 6 2735 42 28 2742 60 24 2757 84 2 2760 28 18 2760 70 29 2768 35 6
791 187 3e-05 76 86 18 77 6 26 79 84 18 86 1 0 92 62 1 100 50 23 101 80 5 118 100 21 123 81 5 124 35 24 142 17 21 149 25 16 151 39 28 157 13 13 157 58 19 160 5 25 178 36 31 183 99 26 187 4 1 188 90 12 191 3 30 213 35 0 228 20 29 238 43 16 238 63 24 239 42 17 239 96 22 250 12 16 261 29 3 270 86 25 279 75 11 280 100 6 282 68 2 283 53 24 286 49 4 292 80 15 301 79 12 306 47 27 312 84 16 314 66 4 318 88 8 331 64 6 334 58 11 355 36 25 362 81 11 363 32 2 434 59 11 439 45 13 472 77 23 491 68 0 491 85 11 513 76 22 527 99 5 534 43 0 547 10 14 548 8 22 548 33 18 586 99 22 587 88 5 594 58 22 604 2 15 617 19 8 620 27 7 637 8 3 667 41 21 670 28 0 689 8 9 696 100 30 702 12 31 702 92 19 703 15 12 743 23 4 746 3 14 748 65 12 750 84 5 756 76 12 758 54 3 762 15 26 770 80 1 782 41 10 783 78 31 784 61 22 793 16 8 839 57 6 892 14 14 905 84 31 974 63 29 986 20 23 1005 46 29 1006 79 31 1015 46 2 1811 30 4 1812 7 25 1838 28 27 1842 15 11 1842 34 23 1862 46 24 1872 74 21 1879 15 8 1880 57 31 1888 46 24 1890 94 7 1892 83 20 1909 10 19 1920 5 3 1926 59 25 1940 80 9 1967 83 0 1970 80 7 2000 0 22 2017 29 15 2058 76 21 2062 46 20 2062 57 10 2063 8 8 2063 78 8 2067 78 21 2067 83 5 2078 38 12 2089 56 9 2099 52 21 2106 26 3 2108 50 6 2108 62 31 2114 99 22 2121 81 14 2129 35 2 2129 56 1 2173 59 14 2196 83 30 2204 26 0 2212 99 18 2213 77 6 2215 44 3 2221 10 5 2223 44 4 2225 14 4 2233 0 28 2244 4 11 2245 30 1 2253 89 27 2261 9 13 2268 30 2 2272 64 24 2273 95 23 2289 57 21 2297 21 19 2306 4 19 2318 19 19 2331 56 4 2348 56 1 2371 51 20 2382 55 19 2383 23 20 2389 29 30 2395 81 30 2402 61 23 2414 22 19 2414 63 15 2432 42 5 2435 82 15 2448 63 12 2460 29 6 2488 15 0 2488 52 28 2520 6 10 2526 86 4 2529 89 17 2530 70 12 2536 96 23 2547 60 12 2558 7 29 2573 5 23 2583 4 23 2583 84 3 2600 98 4 2620 47 7 2629 10 29 2631 51 6 2648 4 22 2695 6 30 2704 62 22 2710 12 12 2719 58 14 2726 38 14 2734 18 19 2774 75 4
792 187 3e-05 78 22 18 92 40 5 95 78 31 132 15 20 147 63 8 150 54 23 187 61 16 208 70 31 227 15 31 241 29 20 241 73 17 242 51 23 260 47 31 273 98 2 288 45 10 292 35 2 300 43 7 304 18 11 308 23 23 311 3 18 312 27 18 321 8 3 322 59 3 389 41 18 394 84 5 403 51 10 435 50 21 440 6 23 450 28 6 451 53 12 457 99 6 470 70 4 502 58 31 503 3 7 508 19 27 508 43 17 508 53 5 522 61 1 523 48 19 532 34 28 532 91 1 534 98 3 537 0 13 542 86 13 549 80 14 558 60 14 565 58 21 581 50 26 586 41 13 595 13 21 601 42 3 602 28 19 632 4 31 635 6 14 645 66 10 665 51 15 666 3 16 676 1 4 682 5 7 694 86 11 697 21 15 711 53 9 715 82 1 716 61 19 732 50 1 737 62 21 752 72 2 755 90 1 761 96 9 773 42 27 779 7 28 779 53 12 811 65 8 814 63 15 820 12 30 835 46 8 843 90 22 852 94 19 856 98 18 867 17 12 874 67 8 893 4 23 908 24 5 910 88 20 912 54 0 931 23 23 935 43 11 943 96 27 951 58 25 961 26 6 962 94 12 991 57 3 1009 77 31 1032 28 23 1034 6 16 1036 15 16 1819 7 2 1822 72 12 1845 14 4 1881 81 4 1884 17 6 1888 71 16 1907 12 4 1917 45 9 1939 2 8 1955 38 30 1956 78 1 1969 90 8 1992 42 3 2014 97 27 2031 49 20 2046 0 15 2056 45 27 2066 73 18 2071 22 29 2095 1 3 2123 74 12 2133 80 18 2134 38 31 2135 55 7 2141 76 6 2155 79 2 2157 39 16 2165 1 7 2170 5 29 2180 61 22 2181 28 14 2203 5 12 2213 10 29 2215 87 29 2228 90 22 2234 30 6 2241 84 10 2246 32 3 2257 19 27 2257 28 15 2264 64 20 2269 87 23 2277 18 1 2288 77 14 2289 64 9 2313 46 0 2313 52 5 2317 49 16 2322 23 4 2336 12 21 2366 42 20 2370 38 29 2373 50 17 2380 97 23 2407 27 4 2407 91 10 2408 45 12 2418 69 18 2419 100 31 2423 15 12 2426 33 15 2430 62 30 2433 9 17 2437 74 7 2460 90 4 2466 79 7 2491 22 9 2508 80 24 2511 33 1 2536 37 29 2564 53 5 2567 19 22 2575 83 1 2577 87 0 2598 8 20 2599 89 16 2604 50 20 2612 0 19 2643 54 12 2675 93 4 2680 40 9 2683 69 15 2684 6 2 2717 25 11 2718 30 6 2733 58 19 2745 8 1 2754 4 6 2764 92 16 2768 48 4 2768 50 24
793 187 3e-05 83 29 13 104 15 14 117 42 5 149 64 13 154 63 8 156 87 10 202 87 9 234 49 10 237 2 22 239 33 8 240 72 24 244 67 30 257 8 8 262 52 30 266 15 23 267 95 23 274 7 11 278 70 1 287 97 22 294 25 30 314 4 31 318 53 26 320 22 5 324 82 14 355 91 13 363 33 14 367 25 24 368 71 10 387 43 14 393 99 23 397 0 13 428 38 7 431 30 8 456 24 7 457 21 1 465 96 26 473 76 12 481 36 4 481 56 8 507 71 27 511 59 19 522 25 15 530 39 28 545 36 23 556 94 27 558 67 1 570 50 14 572 22 14 577 18 21 597 7 28 605 64 1 608 95 23 625 67 7 646 83 17 649 29 25 655 66 9 671 35 16 687 38 8 692 75 4 693 6 23 698 44 20 705 86 7 722 40 4 722 64 12 734 31 2 736 12 4 736 13 20 743 97 15 744 38 10 751 39 18 773 35 9 777 33 13 780 31 30 786 84 16 796 83 24 809 66 4 813 77 13 817 6 29 823 12 25 824 31 23 849 67 4 865 39 8 869 67 13 877 64 21 885 19 16 907 26 27 924 45 21 934 28 1 949 85 11 1011 52 19 1018 4 17 1027 94 1 1030 75 31 1032 6 18 1033 43 17 1035 49 8 1817 57 14 1822 9 16 1824 10 14 1824 57 2 1830 92 5 1834 33 11 1844 7 19 1848 25 0 1855 49 6 1865 100 21 1870 13 24 1875 74 29 1896 36 11 1898 74 25 1901 92 24 1905 1 19 1910 36 27 1916 94 23 1953 9 9 1954 46 29 2001 87 22 2049 22 31 2053 79 3 2059 42 28 2085 11 23 2100 91 10 2107 12 1 2116 55 24 2133 97 17 2136 67 7 2144 28 3 2159 73 1 2174 50 6 2183 41 26 2249 49 11 2252 46 30 2291 96 5 2336 16 15 2356 59 0 2358 77 5 2364 20 17 2379 64 7 2386 67 10 2402 12 0 2404 54 14 2406 15 26 2416 61 2 2426 60 19 2429 13 0 2434 30 19 2441 9 9 2452 63 27 2457 33 22 2460 52 12 2469 5 0 2475 57 9 2482 61 5 2483 15 4 2483 78 18 2498 70 23 2503 73 8 2516 83 15 2534 60 19 2550 58 10 2561 7 17 2561 54 19 2581 43 23 2583 97 22 2600 40 28 2600 60 31 2603 19 15 2612 4 12 2615 14 9 2616 82 27 2627 4 10 2651 87 31 2658 11 4 2666 11 1 2672 84 0 2678 63 6 2679 58 23 2681 95 18 2702 91 6 2706 10 7 2709 72 20 2711 48 4 2716 5 25 2724 26 1 2741 49 6 2744 38 8 2768 70 23
794 187 3e-05 78 38 22 81 70 28 100 97 5 104 96 29 118 34 9 124 13 0 141 11 21 153 95 2 157 83 3 178 8 28 199 25 20 227 83 12 233 80 26 241 93 21 277 17 25 295 80 24 298 58 30 308 29 19 344 31 4 354 95 12 358 67 8 361 35 29 365 74 25 370 95 13 388 12 0 411 49 4 414 4 12 430 9 30 430 83 31 445 89 31 449 26 27 477 95 25 481 45 8 482 90 28 485 84 19 501 55 25 530 6 23 539 93 19 555 74 26 575 97 29 590 62 8 592 97 8 593 96 24 610 40 29 615 99 18 639 45 17 648 47 5 666 84 2 674 44 24 678 49 1 680 13 1 689 14 0 702 67 1 706 77 5 713 71 16 718 86 8 720 29 3 736 77 31 744 70 31 746 94 3 750 85 12 753 7 30 780 96 14 782 52 17 813 13 7 815 43 27 871 47 27 874 81 18 876 49 22 907 81 19 909 73 0 942 28 18 943 6 8 943 95 19 959 77 15 978 38 24 999 45 2 1003 77 17 1007 28 14 1010 47 4 1024 40 28 1039 52 1 1809 52 28 1812 97 21 1817 28 10 1818 58 0 1819 70 6 1835 16 14 1844 15 26 1852 0 12 1852 13 25 1874 92 0 1878 66 5 1879 32 7 1913 62 6 1920 29 16 1921 85 12 1923 43 1 1931 40 4 1945 85 13 1957 43 4 1957 94 6 1960 33 1 1968 84 4 1976 74 11 1977 81 21 1980 7 28 1981 71 25 1989 23 9 2019 100 14 2063 54 31 2075 5 5 2094 15 3 2094 61 5 2108 67 25 2118 93 2 2128 39 26 2131 25 4 2131 75 13 2139 54 21 2151 62 10 2154 11 25 2164 65 8 2170 81 5 2180 43 1 2186 30 28 2193 50 2 2199 48 2 2223 61 16 2233 11 21 2233 34 1 2238 23 13 2239 76 14 2240 26 14 2247 43 23 2247 74 6 2248 12 0 2260 9 23 2267 99 1 2269 32 5 2284 94 9 2291 42 28 2306 90 28 2307 97 15 2308 87 18 2325 22 13 2327 94 12 2328 16 27 2331 64 10 2334 75 30 2341 73 8 2342 71 4 2346 80 22 2370 14 21 2382 49 2 2399 97 23 2420 54 21 2436 18 2 2439 54 20 2447 16 8 2461 10 18 2461 82 12 2467 43 30 2489 95 9 2490 44 12 2492 3 4 2501 90 9 2502 87 20 2528 46 16 2556 54 25 2560 38 8 2579 33 24 2586 78 4 2634 75 25 2666 57 31 2695 11 25 2704 21 18 2705 89 21 2706 97 23 2713 58 24 2720 37 28 2725 17 26 2738 17 13 2746 74 31 2759 78 24 2766 75 19 2773 67 4
795 187 3e-05 93 55 23 94 4 20 125 91 12 130 61 23 144 3 12 146 39 25 166 9 9 186 2 25 190 25 0 195 18 20 195 29 6 214 26 15 216 20 15 233 65 1 243 24 19 244 58 18 268 37 26 280 31 29 282 71 11 295 23 2 296 38 20 299 55 17 309 97 1 314 98 5 326 6 3 344 55 29 367 31 31 373 27 17 395 10 1 397 94 2 405 41 4 416 50 17 416 55 23 430 52 20 430 81 31 443 75 29 446 50 1 448 92 2 462 10 11 466 95 6 477 75 25 479 15 26 481 6 2 484 79 31 485 98 3 490 57 24 505 29 17 512 24 16 514 14 24 516 16 26 518 18 19 526 38 19 527 77 27 551 52 25 576 64 31 593 48 21 605 64 0 609 81 9 618 38 6 648 86 8 657 25 6 661 74 16 669 32 15 671 88 30 704 80 2 715 3 20 732 26 22 745 89 27 746 1 8 748 99 19 782 4 7 784 24 27 798 87 23 813 75 7 840 94 3 846 67 19 882 52 22 895 45 0 896 51 9 903 6 15 905 67 9 909 100 11 916 97 17 932 31 21 954 93 13 976 7 18 980 23 14 991 48 18 992 41 9 993 53 18 1005 94 14 1018 22 8 1841 50 0 1860 6 31 1872 35 20 1875 89 9 1882 84 30 1883 85 22 1904 46 17 1905 46 31 1919 90 15 1925 56 23 1940 63 30 1952 85 18 1953 1 14 1959 40 30 1993 10 11 1993 72 3 2025 58 14 2027 30 31 2034 40 20 2034 55 8 2036 21 8 2048 3 15 2056 34 1 2070 43 21 2094 28 13 2108 77 16 2120 37 8 2148 36 21 2148 69 10 2149 14 6 2149 55 31 2153 64 18 2166 50 31 2175 22 18 2200 38 31 2201 84 1 2208 31 12 2217 42 21 2219 77 6 2225 49 21 2225 55 2 2247 55 13 2255 7 28 2289 14 25 2292 48 24 2311 48 1 2324 1 26 2334 49 27 2354 18 24 2379 31 18 2382 65 10 2389 100 1 2398 23 26 2404 52 19 2410 51 27 2413 7 23 2416 13 23 2427 64 8 2440 65 27 2443 73 9 2461 20 22 2468 60 10 2476 72 8 2485 26 30 2485 40 4 2489 85 21 2493 57 5 2496 75 4 2506 96 29 2512 23 11 2513 19 2 2528 17 15 2550 13 15 2558 11 28 2562 59 20 2578 19 23 2582 54 2 2610 22 20 2623 78 5 2635 44 10 2668 33 13 2677 32 5 2685 1 14 2685 70 1 2723 5 6 2731 55 25 2733 17 4 2739 7 10 2744 14 15 2746 10 21 2750 11 0 2750 31 3 2765 30 17 2768 64 28 2769 99 5
796 187 3e-05 89 14 22 91 69 14 105 35 5 109 54 6 137 57 30 139 38 24 140 23 6 146 23 16 170 45 14 179 66 12 182 15 11 187 1 8 188 37 10 188 85 31 191 56 24 199 80 0 202 68 19 214 61 18 225 20 27 234 99 30 241 3 18 246 39 18 254 96 1 274 23 21 279 71 15 281 5 12 288 17 2 342 1 14 366 31 18 367 52 30 368 7 28 385 56 18 388 3 18 427 13 18 435 90 30 455 0 16 456 34 2 458 31 10 481 83 1 483 90 30 488 80 23 491 44 17 508 39 28 510 26 18 520 66 27 527 28 1 530 50 14 538 47 6 555 85 13 592 54 24 592 74 28 593 85 7 597 46 21 599 67 1 603 94 18 623 93 4 625 65 3 632 76 24 634 44 9 638 10 17 668 43 13 669 78 17 694 4 30 694 99 24 696 53 0 708 57 17 718 20 27 721 100 31 724 100 23 733 81 0 760 70 29 769 33 26 784 37 6 784 52 17 785 9 18 789 14 30 790 31 27 825 31 4 849 83 0 864 25 15 883 40 16 903 73 28 905 49 3 910 70 17 929 88 10 943 63 15 947 76 3 971 99 9 975 10 23 988 95 6 993 59 17 994 90 15 1005 50 17 1013 25 23 1035 34 26 1819 3 27 1835 9 30 1841 84 6 1845 77 1 1851 77 29 1857 26 21 1868 58 5 1869 62 7 1918 59 31 1933 0 10 1936 71 31 1949 61 25 1965 46 22 1975 11 0 1984 44 19 1996 21 28 2011 32 29 2034 64 11 2039 50 26 2043 3 10 2061 56 16 2066 27 31 2072 76 24 2081 13 11 2084 27 10 2086 6 26 2106 19 26 2114 55 5 2152 64 1 2170 12 19 2176 50 13 2176 63 14 2187 45 4 2189 14 9 2193 32 1 2218 89 27 2228 51 13 2247 91 16 2258 57 26 2276 17 23 2291 8 28 2296 1 28 2317 24 12 2327 59 19 2328 54 18 2330 39 0 2332 87 19 2347 42 17 2363 9 12 2376 57 31 2380 68 31 2387 47 30 2397 29 20 2398 95 25 2400 49 4 2405 80 19 2408 16 6 2468 83 20 2477 32 7 2487 88 1 2494 18 26 2514 18 0 2525 10 10 2531 75 25 2534 24 7 2538 32 10 2538 84 21 2545 41 28 2562 28 26 2573 9 5 2595 93 25 2613 45 9 2620 14 29 2629 98 28 2639 39 9 2641 86 1 2642 42 0 2668 67 26 2675 69 10 2688 48 24 2690 86 8 2691 67 20 2698 72 13 2713 6 9 2717 1 21 2730 3 27 2733 29 28 2734 19 16 2740 74 0 2748 84 6 2759 69 21 2763 3 9
797 187 3e-05 82 54 0 82 84 4 90 21 28 92 58 27 94 71 21 116 13 20 119 1 30 126 53 2 139 47 9 148 16 2 184 7 22 185 81 13 192 20 2 199 0 21 235 18 2 236 21 6 252 52 2 263 83 19 278 52 4 285 61 1 286 91 8 288 14 1 318 5 11 320 69 31 342 74 17 346 62 28 368 20 27 369 86 17 388 6 29 397 44 19 434 11 17 438 97 13 440 69 8 447 89 26 479 83 19 484 99 6 488 53 25 506 49 20 530 1 4 535 8 25 543 35 4 547 36 12 575 1 3 578 32 18 588 38 21 600 69 31 604 94 7 606 15 31 616 6 28 618 60 13 627 29 25 643 25 7 660 14 11 676 71 1 683 58 22 686 21 31 710 12 11 715 75 6 730 54 7 733 62 7 778 21 22 788 94 5 817 79 11 818 47 29 827 48 7 838 82 16 865 90 18 884 94 24 886 94 4 897 67 13 899 88 20 905 90 11 939 35 15 952 80 12 961 44 18 963 92 13 967 72 28 970 57 2 976 93 0 994 57 8 1004 92 25 1013 19 19 1015 5 9 1016 24 23 1031 12 14 1035 27 17 1824 9 7 1839 26 19 1845 40 26 1848 38 0 1853 60 31 1863 90 29 1875 7 13 1884 48 28 1902 66 18 1902 88 5 1922 48 30 1925 80 23 1963 2 12 1987 84 7 2003 6 21 2006 63 18 2011 27 9 2048 72 17 2049 64 14 2051 85 18 2058 95 19 2064 18 22 2069 2 6 2078 52 24 2105 77 11 2111 43 20 2121 94 12 2124 38 16 2124 43 14 2139 71 8 2144 60 23 2144 70 8 2157 10 1 2191 63 19 2192 86 27 2196 86 30 2198 28 31 2203 7 30 2203 93 3 2206 21 27 2210 63 6 2243 78 30 2247 84 7 2255 49 10 2271 39 24 2274 30 4 2283 49 14 2295 53 14 2304 35 9 2312 75 31 2322 34 25 2324 81 23 2336 53 9 2347 58 15 2353 99 4 2356 3 9 2360 84 17 2381 30 5 2384 28 25 2392 84 16 2398 29 13 2418 86 28 2448 31 3 2477 34 14 2478 26 12 2481 61 1 2485 93 24 2487 15 21 2501 92 1 2509 88 22 2518 31 8 2518 82 30 2522 67 28 2523 14 18 2526 20 24 2528 54 29 2537 27 12 2538 43 3 2555 5 29 2561 56 10 2562 21 9 2569 21 23 2611 64 11 2612 57 22 2637 88 23 2654 41 15 2664 30 7 2673 18 3 2675 64 14 2693 12 31 2696 23 31 2712 28 21 2717 29 31 2721 24 19 2731 93 15 2735 38 6 2740 20 27 2751 19 24 2755 81 10 2757 17 6 2759 63 4
798 187 3e-05 72 58 6 98 63 20 98 96 14 136 12 4 136 55 29 138 73 31 153 23 24 156 73 0 163 39 19 228 83 14 277 96 4 290 44 27 301 44 31 301 63 9 314 95 23 338 63 7 360 49 24 363 54 30 365 7 22 381 58 4 384 29 15 398 30 5 399 48 7 400 62 29 419 38 29 453 47 9 458 65 15 470 72 31 475 5 3 483 62 19 484 68 27 497 72 26 500 14 21 506 75 22 508 36 3 510 67 14 515 53 5 516 23 2 523 71 10 528 81 23 536 47 22 547 0 0 553 83 20 556 8 1 569 8 5 569 47 20 586 47 4 592 43 22 592 54 3 607 92 22 613 67 29 616 35 23 633 31 29 636 27 22 642 42 14 656 61 15 657 72 17 661 5 1 675 42 1 682 72 28 686 65 7 704 75 17 723 82 24 727 62 29 733 37 7 738 48 21 742 67 0 747 23 20 752 8 14 768 50 23 781 93 9 802 77 9 805 76 4 816 35 23 818 1 17 820 11 23 827 81 24 853 31 9 854 36 26 899 28 13 920 73 4 922 46 10 937 92 13 970 93 22 975 54 20 976 33 15 980 63 11 990 71 6 996 37 12 1004 56 2 1007 66 7 1031 76 0 1036 48 7 1038 23 25 1808 51 14 1822 75 19 1843 3 13 1859 52 0 1863 38 23 1886 0 28 1893 19 3 1903 35 20 1905 24 24 1908 70 21 1945 54 16 1969 25 31 1996 72 27 2011 99 6 2026 18 14 2052 23 14 2072 59 26 2074 2 5 2080 9 12 2123 13 31 2132 96 10 2136 19 1 2151 15 19 2152 42 20 2186 93 27 2187 34 24 2192 44 25 2192 49 6 2197 17 20 2197 100 11 2200 33 23 2229 65 25 2231 21 13 2233 15 22 2242 0 11 2252 19 28 2261 8 2 2271 59 4 2273 59 18 2275 49 13 2289 69 17 2303 44 15 2321 31 23 2330 88 2 2335 41 24 2335 86 18 2340 64 24 2345 7 13 2345 95 17 2360 85 17 2369 82 6 2394 86 20 2398 32 17 2422 20 11 2426 80 30 2440 79 21 2448 67 31 2463 79 8 2474 72 5 2478 53 12 2492 10 9 2495 94 30 2500 44 11 2529 7 2 2530 4 10 2541 15 11 2561 31 8 2576 7 19 2581 15 13 2587 30 19 2599 77 0 2606 34 0 2612 26 15 2615 94 6 2625 82 6 2642 44 24 2642 55 6 2648 90 12 2658 93 27 2669 7 21 2670 72 20 2681 16 30 2684 17 24 2691 10 17 2708 81 22 2717 51 21 2726 66 5 2737 24 15 2742 76 27 2745 52 24 2753 20 25 2756 6 28 2757 49 0
799 187 3e-05 106 69 7 107 29 4 115 8 28 126 57 28 128 84 1 129 41 11 133 81 9 157 39 12 164 41 29 167 37 2 168 24 12 173 72 18 179 67 19 191 19 22 217 18 28 243 62 27 245 79 13 264 12 13 274 74 21 327 9 0 347 89 21 380 50 19 384 70 27 403 82 4 417 60 29 424 48 19 425 63 19 442 86 4 445 78 19 455 71 9 463 72 31 464 46 18 473 65 12 492 23 12 496 72 7 503 94 1 510 58 28 512 22 8 516 60 22 525 81 4 530 53 15 532 69 29 594 60 17 598 68 0 598 93 13 604 57 5 610 63 7 610 79 11 620 75 27 621 49 24 625 95 26 627 26 20 629 78 0 644 86 25 668 47 28 681 82 1 688 4 9 695 77 31 697 61 22 721 61 20 748 39 30 763 49 17 774 56 11 795 8 23 810 100 10 812 11 15 824 60 21 827 7 11 828 77 17 830 14 8 837 14 10 840 17 10 854 69 10 901 65 18 906 93 8 911 11 11 921 7 20 930 31 21 942 15 22 997 92 6 1026 13 14 1029 24 16 1822 4 30 1833 79 26 1835 11 0 1845 75 14 1846 17 3 1858 67 28 1860 95 29 1870 89 16 1896 33 15 1907 82 21 1959 8 9 1960 61 13 1969 99 6 1981 22 9 1981 53 7 1989 3 0 1990 22 13 2002 31 10 2004 56 27 2022 54 27 2024 98 10 2027 51 31 2044 1 13 2044 37 30 2058 29 8 2067 51 20 2068 43 19 2084 12 24 2085 2 15 2092 25 22 2094 45 4 2106 100 3 2110 58 26 2123 55 9 2144 47 31 2145 60 5 2165 29 4 2173 82 4 2192 34 24 2192 64 20 2205 1 25 2210 65 6 2211 90 30 2217 54 17 2246 33 12 2253 21 26 2261 97 31 2277 58 7 2295 78 25 2306 79 8 2308 84 21 2309 38 15 2317 72 28 2336 37 6 2336 75 15 2372 44 6 2379 34 5 2384 58 26 2389 85 2 2407 51 9 2420 62 27 2423 90 25 2429 84 13 2432 87 4 2448 48 30 2454 85 2 2460 84 24 2491 64 19 2506 58 4 2510 12 13 2531 26 6 2535 62 24 2563 96 3 2568 82 12 2586 87 24 2598 4 10 2606 24 15 2606 67 6 2614 72 13 2616 88 16 2627 25 2 2630 9 25 2636 94 0 2647 84 11 2652 46 21 2664 80 9 2667 28 19 2681 57 27 2691 51 1 2691 74 29 2695 4 8 2701 44 21 2705 97 21 2711 53 15 2716 26 8 2718 45 14 2722 21 7 2743 99 6 2744 7 17 2753 28 13 2753 96 30 2756 69 20 2756 99 3 2765 17 5 2770 57 26
800 187 3e-05 83 83 27 85 29 12 87 65 5 88 31 21 109 96 6 111 29 10 112 27 19 122 11 18 127 51 21 131 63 24 141 40 8 157 84 4 164 89 30 190 44 8 202 11 30 211 24 11 212 21 21 215 60 4 216 50 18 227 50 1 239 50 6 269 1 10 273 27 25 280 77 30 295 65 25 298 27 19 305 54 10 312 78 17 322 14 14 328 1 10 332 64 16 335 83 6 343 26 1 366 56 2 371 13 2 392 29 7 403 47 13 424 31 17 442 89 30 450 13 19 480 26 28 493 72 23 496 39 6 499 19 9 513 1 10 515 78 19 527 81 10 535 60 8 555 59 0 589 40 26 596 23 4 603 76 30 605 60 5 611 66 23 622 28 15 625 92 13 631 50 22 651 57 16 661 63 11 670 22 10 671 0 27 696 54 1 697 45 3 698 19 3 705 50 2 711 33 17 713 7 15 716 78 24 730 80 10 739 88 2 741 39 4 745 36 18 746 8 21 757 87 11 758 82 11 767 29 27 771 34 25 781 37 11 785 7 18 816 19 16 822 71 4 844 74 14 855 87 0 857 58 30 871 58 31 896 29 6 898 77 13 900 62 15 924 39 27 939 31 13 939 78 21 944 13 29 949 14 14 950 66 11 963 86 12 964 14 6 985 28 29 1002 59 3 1012 29 13 1019 10 2 1813 21 14 1819 43 26 1822 50 1 1832 36 18 1833 50 23 1841 100 14 1842 22 13 1845 12 1 1861 63 0 1865 0 25 1875 96 2 1896 36 20 1898 37 14 1900 77 2 1902 90 24 1909 39 2 1913 13 4 1940 70 16 1959 51 2 1964 49 5 1985 92 22 1997 1 6 2003 98 9 2022 6 3 2031 16 17 2060 14 5 2089 13 2 2108 58 8 2122 40 31 2133 72 4 2134 68 24 2135 20 5 2156 82 5 2172 24 6 2182 95 9 2186 71 28 2193 47 15 2193 67 22 2205 47 29 2207 83 14 2216 20 6 2238 56 13 2243 11 21 2244 68 3 2246 69 23 2264 58 8 2272 26 25 2292 28 24 2316 49 13 2340 72 20 2350 5 5 2380 17 17 2410 2 18 2417 56 24 2421 46 10 2453 33 10 2457 64 22 2462 64 23 2469 21 17 2472 5 11 2472 44 27 2486 68 5 2489 33 15 2496 18 3 2499 17 1 2500 13 10 2511 88 14 2518 53 5 2526 26 6 2535 41 24 2539 32 28 2539 87 17 2542 91 0 2570 47 5 2573 88 3 2588 82 24 2632 16 17 2633 28 29 2636 89 1 2637 76 30 2640 95 8 2642 98 11 2651 30 17 2671 23 17 2674 94 0 2728 65 3 2774 89 1
801 187 3e-05 72 16 2 73 64 30 75 84 13 81 47 20 88 41 21 92 39 1 102 31 9 112 43 26 163 21 4 172 92 25 197 77 11 198 58 17 201 89 8 218 67 7 223 42 19 231 51 20 237 25 30 239 11 4 242 39 25 244 59 17 253 83 17 254 87 11 256 54 0 258 47 16 259 55 0 294 48 25 300 61 4 306 22 1 306 84 14 308 38 13 309 38 30 311 0 3 325 84 16 328 13 11 346 92 23 353 0 8 396 15 26 400 13 10 413 35 30 430 90 3 437 97 12 438 66 15 454 56 19 455 80 11 469 90 30 480 49 29 492 43 16 502 37 30 509 94 15 520 43 1 523 77 25 525 90 2 527 20 26 545 81 7 546 24 11 549 76 27 560 4 28 571 21 5 585 39 8 598 52 0 628 83 22 638 46 29 649 66 11 681 85 21 683 72 16 702 63 28 704 43 27 704 97 2 716 9 16 716 44 26 722 63 16 723 22 0 763 29 31 790 8 27 806 41 21 846 5 4 869 93 17 875 64 18 881 34 1 893 67 14 895 38 11 896 32 17 912 44 19 925 33 23 932 81 29 936 31 1 936 71 2 941 78 23 942 83 30 949 66 8 969 63 19 979 18 14 981 16 25 989 11 27 1012 26 30 1016 33 6 1023 29 6 1032 32 10 1818 28 14 1842 13 26 1843 68 11 1866 67 23 1882 58 31 1883 63 1 1883 94 5 1899 97 3 1906 74 8 1909 98 9 1912 70 12 1913 51 18 1939 59 1 1946 95 0 1956 74 17 1960 13 6 1978 50 17 1978 75 14 1991 86 12 2014 40 22 2032 84 7 2034 55 10 2039 64 16 2042 46 2 2055 49 4 2059 94 25 2063 60 9 2067 75 25 2076 38 11 2090 71 29 2097 6 20 2114 77 0 2120 43 25 2124 60 27 2127 94 10 2128 50 12 2152 9 2 2153 2 2 2192 96 19 2224 74 3 2231 20 10 2241 100 13 2247 44 4 2252 33 1 2288 76 12 2292 72 3 2301 32 19 2330 80 9 2337 71 24 2351 67 15 2406 37 17 2413 84 19 2422 26 31 2426 31 13 2432 34 18 2437 87 1 2445 89 27 2447 87 7 2449 53 16 2455 87 26 2461 63 27 2462 44 18 2466 94 29 2475 53 24 2488 58 11 2499 57 26 2517 69 13 2523 41 6 2528 7 4 2532 17 2 2533 33 21 2533 83 9 2563 26 2 2580 89 22 2601 41 21 2609 57 6 2610 66 21 2612 16 16 2613 8 2 2623 73 6 2686 81 24 2720 40 31 2729 81 12 2732 48 10 2736 72 9 2742 95 15 2748 30 10 2758 18 0 2771 96 15
802 187 3e-05 78 60 0 95 11 31 98 18 29 107 43 12 112 65 26 121 86 8 129 55 23 137 35 18 158 79 30 161 61 8 183 54 17 188 58 22 197 36 1 199 38 26 202 42 15 219 11 20 226 82 31 227 36 8 235 40 8 239 84 27 243 90 30 265 92 6 285 86 19 294 21 27 298 78 27 300 26 23 302 91 11 321 71 18 334 84 0 340 57 11 346 43 1 351 64 16 352 11 12 362 9 21 370 46 0 373 77 16 375 45 19 383 75 23 385 88 30 395 6 30 398 41 21 436 7 12 441 88 20 449 39 20 465 87 15 474 23 26 474 98 28 480 4 31 500 12 30 505 66 18 507 14 3 539 95 14 543 72 28 571 64 15 594 38 5 612 46 16 616 97 14 617 75 7 622 41 6 622 87 23 627 76 2 640 77 12 653 76 2 657 45 28 658 93 16 660 1 21 662 58 2 666 53 27 668 74 4 680 66 23 705 21 10 743 97 15 744 28 19 761 39 29 769 74 26 773 1 25 801 50 17 819 74 16 828 100 15 845 6 2 852 64 28 853 41 14 876 59 0 877 40 14 879 62 7 881 38 17 886 42 30 897 66 7 904 11 20 904 92 13 917 72 11 930 1 27 939 77 5 960 84 9 978 18 16 980 51 7 988 61 20 993 84 23 997 32 11 1023 70 24 1828 76 21 1837 8 25 1840 53 14 1847 47 10 1851 34 4 1885 42 28 1886 48 11 1890 28 5 1901 99 26 1902 99 19 1905 70 10 1913 60 26 1930 63 9 1937 0 29 1954 72 15 1967 10 27 1970 66 17 1970 76 23 1971 31 7 1976 91 5 2015 26 25 2032 97 8 2039 1 2 2039 95 7 2074 27 21 2099 100 25 2122 31 3 2140 66 25 2147 60 12 2151 58 16 2173 76 26 2176 38 13 2199 75 23 2200 68 23 2201 52 28 2203 76 7 2209 3 31 2213 41 25 2214 79 30 2222 9 24 2240 43 27 2257 91 15 2259 1 2 2269 9 29 2296 53 24 2299 22 15 2308 97 11 2309 4 2 2316 5 28 2325 81 4 2340 96 25 2378 69 19 2397 82 25 2400 88 5 2406 96 25 2408 50 11 2453 92 21 2491 18 2 2498 48 21 2501 45 1 2506 48 10 2532 46 17 2534 33 0 2535 1 5 2555 33 11 2566 38 21 2573 92 24 2618 72 14 2619 21 18 2625 81 2 2658 15 3 2670 35 14 2672 1 13 2672 100 3 2691 40 5 2695 31 14 2697 24 28 2721 7 18 2722 65 9 2725 17 6 2734 2 8 2738 28 22 2745 83 30 2750 2 15 2765 55 3 2771 46 8 2771 96 8
803 187 3e-05 88 39 19 103 18 27 107 8 31 123 26 29 128 38 29 134 31 28 134 73 16 165 46 22 173 90 6 175 71 25 188 21 27 220 2 6 239 55 5 259 9 29 276 68 27 282 93 21 300 51 24 301 93 21 316 18 13 319 97 2 366 37 21 371 42 13 377 79 1 380 29 5 386 71 14 396 12 24 405 75 11 414 15 26 415 67 20 416 21 9 430 66 24 437 6 11 447 77 13 450 10 22 470 40 15 475 65 17 478 51 10 480 5 0 489 40 10 504 49 0 511 39 26 512 99 20 541 56 30 557 97 29 579 7 28 582 93 26 598 30 23 607 0 28 650 65 18 659 35 1 661 89 28 664 56 16 664 85 21 668 59 9 669 8 0 677 50 30 680 69 12 684 30 27 702 13 15 703 65 19 717 70 12 731 96 4 732 69 4 746 67 15 750 40 5 752 34 10 763 91 18 777 37 23 781 6 8 784 58 1 786 16 22 789 7 30 808 55 20 809 90 13 818 86 4 849 29 0 856 7 2 857 24 2 857 44 9 858 4 20 858 73 17 860 35 2 866 71 6 867 32 19 875 25 11 885 20 14 891 67 19 899 54 23 906 93 21 915 73 14 926 59 27 943 77 21 951 61 31 954 40 4 968 27 22 987 21 19 1006 38 18 1027 31 2 1027 40 1 1810 82 11 1818 12 31 1818 43 26 1825 25 1 1826 64 12 1828 67 18 1837 40 27 1838 51 16 1848 32 31 1857 22 29 1859 22 20 1864 2 13 1864 82 16 1873 10 20 1886 95 17 1912 75 27 1930 86 29 1953 25 13 1967 65 21 1980 11 7 2007 19 11 2014 82 6 2021 76 31 2024 75 18 2055 76 5 2067 29 12 2088 77 25 2113 23 31 2133 19 9 2138 1 26 2147 69 1 2150 94 9 2157 1 6 2165 28 11 2171 45 23 2181 74 14 2243 35 17 2247 40 0 2251 52 28 2262 1 6 2265 15 6 2265 39 13 2267 76 29 2308 56 25 2309 85 7 2322 49 17 2326 95 15 2358 29 25 2361 56 11 2368 68 27 2383 17 25 2387 89 11 2395 58 29 2400 84 4 2412 43 31 2443 60 22 2447 75 13 2449 13 3 2451 97 27 2467 33 4 2474 9 10 2475 37 14 2498 59 15 2512 9 6 2515 24 28 2530 19 19 2541 63 20 2546 52 26 2551 15 6 2574 83 24 2577 23 12 2589 65 5 2592 67 19 2597 75 11 2644 7 0 2663 54 14 2677 49 20 2682 74 25 2686 37 21 2687 74 30 2696 70 28 2714 76 1 2718 6 15 2719 18 9 2732 71 23 2750 94 14 2756 42 23 2769 82 20
804 187 3e-05 72 36 18 78 5 18 82 81 19 114 48 21 117 38 20 117 49 10 119 18 31 128 89 11 162 69 14 172 25 24 182 72 8 195 49 31 195 56 23 208 84 17 224 83 13 230 57 26 236 74 31 238 3 15 238 23 2 245 32 8 249 14 28 252 76 16 254 13 16 254 92 11 267 61 20 270 39 18 283 71 13 292 97 14 293 14 12 302 47 10 324 74 8 348 81 9 366 83 9 380 37 3 396 51 6 415 71 22 423 28 7 452 75 31 458 29 19 470 15 26 473 47 27 479 78 7 487 95 24 490 33 15 494 1 14 499 6 18 505 63 7 527 61 10 547 10 0 547 95 12 548 80 24 558 63 20 561 2 13 580 99 12 590 88 25 620 3 31 622 75 7 630 7 27 649 25 15 650 87 25 653 100 15 658 31 19 676 22 17 683 70 16 731 59 25 735 97 16 743 6 22 754 70 10 756 28 8 773 79 12 781 21 14 793 91 16 818 13 29 831 46 4 855 62 0 875 23 7 883 33 12 884 75 14 893 14 28 895 53 1 906 40 11 924 93 25 930 20 4 938 99 16 943 74 16 945 14 22 947 73 27 974 88 8 975 45 10 978 25 23 978 75 13 991 28 20 999 31 27 1010 44 30 1012 59 0 1016 52 5 1022 49 6 1024 15 26 1026 16 15 1029 41 9 1834 35 19 1834 40 14 1842 45 10 1844 66 2 1856 86 31 1891 61 2 1896 8 3 1896 50 7 1898 23 28 1922 52 22 1923 51 28 1941 20 14 1948 53 17 1980 11 2 1990 96 21 1992 48 19 2007 17 2 2010 71 17 2052 88 17 2062 89 31 2098 8 24 2110 33 21 2114 80 10 2126 4 11 2134 20 18 2141 9 18 2144 42 25 2149 81 17 2177 38 31 2213 63 17 2215 1 8 2242 8 7 2286 9 10 2287 88 30 2314 94 11 2318 24 16 2336 49 27 2337 56 31 2339 29 18 2347 30 20 2361 26 0 2366 45 16 2370 38 11 2397 10 8 2429 16 1 2443 70 20 2446 28 0 2461 14 12 2471 34 0 2476 9 15 2491 73 4 2493 13 19 2495 30 25 2506 86 5 2513 40 31 2527 60 5 2533 56 23 2561 71 8 2562 10 8 2567 92 13 2581 80 20 2584 45 0 2589 86 24 2594 86 6 2600 6 2 2600 29 6 2603 6 13 2610 23 2 2613 39 22 2614 74 15 2636 71 6 2659 78 19 2665 3 2 2667 12 23 2692 75 1 2694 26 9 2700 17 28 2704 96 27 2705 27 2 2717 81 9 2734 1 26 2734 65 20 2739 69 29 2754 47 4 2764 72 6 2768 80 7 2775 100 18
805 187 3e-05 75 35 31 85 90 5 89 36 5 101 27 27 102 92 2 106 23 9 133 85 14 140 68 29 150 99 2 173 67 11 176 14 11 187 15 7 194 40 7 205 56 11 214 8 6 226 81 8 229 3 8 229 86 27 244 38 15 274 75 11 274 83 15 289 32 11 300 51 2 302 65 16 309 22 22 350 37 7 352 59 27 363 21 24 365 94 27 391 44 3 394 5 30 394 36 1 395 31 23 396 50 12 399 28 18 418 79 16 439 36 5 439 87 31 448 90 2 460 30 24 468 49 22 481 43 26 481 62 26 489 1 16 517 94 7 534 86 14 546 83 21 554 11 16 559 52 15 560 70 8 569 81 18 589 89 31 593 86 25 611 94 17 633 92 11 653 74 31 669 14 17 672 7 6 689 62 19 700 26 9 705 57 8 722 27 17 725 2 20 759 67 14 759 99 3 794 6 27 803 81 9 805 82 21 807 40 28 810 23 23 823 56 8 856 1 14 864 40 15 876 37 12 900 94 17 902 53 1 933 50 13 941 6 14 958 57 24 975 43 16 1002 82 24 1005 73 19 1012 12 18 1018 67 5 1038 62 19 1823 58 20 1834 5 29 1839 58 3 1849 20 15 1854 77 15 1874 35 24 1899 40 9 1904 11 6 1927 66 27 1938 4 17 1958 45 10 1959 89 25 1974 97 9 1976 10 16 1996 100 8 2002 90 31 2023 17 30 2023 80 30 2024 98 2 2031 85 28 2033 64 1 2051 40 16 2058 31 5 2065 19 25 2079 6 9 2090 58 0 2090 60 19 2091 14 11 2099 19 27 2108 63 2 2138 93 18 2142 90 15 2156 86 17 2191 75 17 2207 54 20 2217 24 29 2224 92 4 2238 57 9 2248 94 21 2253 65 10 2260 57 4 2269 50 30 2274 83 8 2274 91 29 2276 74 7 2283 4 13 2285 52 30 2289 22 7 2294 99 1 2309 33 15 2309 64 14 2346 42 23 2349 83 9 2353 48 28 2360 86 12 2363 88 6 2366 21 21 2369 57 16 2373 89 17 2387 7 11 2392 91 31 2399 36 15 2409 87 8 2418 86 6 2421 21 18 2427 40 31 2446 78 29 2455 95 30 2464 99 7 2467 34 19 2479 27 20 2484 9 17 2487 24 23 2504 60 29 2529 67 8 2560 23 20 2565 1 15 2566 79 5 2573 82 24 2577 70 12 2578 47 29 2591 72 8 2591 90 16 2601 17 19 2606 98 21 2607 21 11 2641 33 5 2647 9 15 2661 61 14 2675 47 12 2681 86 20 2685 87 25 2710 85 6 2715 40 30 2719 69 9 2732 52 6 2740 97 22 2743 93 0 2756 99 10 2760 6 21 2765 90 4 2767 33 24
806 187 3e-05 73 59 2 74 49 15 80 70 21 84 3 31 87 45 17 89 24 5 95 33 11 110 66 17 118 22 9 131 14 0 131 85 21 142 64 16 148 36 19 150 49 23 155 89 31 158 60 15 204 4 15 213 34 15 215 3 20 220 23 17 245 44 11 249 23 20 249 93 20 253 40 5 279 56 1 291 15 18 317 11 30 336 59 11 346 65 3 367 44 8 384 86 8 385 87 5 406 72 10 418 65 29 428 89 7 433 25 24 442 50 11 447 62 4 461 20 28 507 62 8 507 74 9 520 95 9 527 59 4 555 3 1 571 49 11 588 49 0 589 3 10 600 88 6 605 74 8 611 6 29 623 81 26 627 91 29 628 40 10 631 0 4 633 14 5 643 9 8 687 47 11 714 20 11 715 95 4 731 47 17 741 27 6 754 43 1 763 12 16 767 15 6 776 3 29 804 61 28 805 76 30 811 20 15 823 95 23 843 63 5 850 76 27 859 39 20 862 77 31 863 20 21 864 68 4 872 70 11 874 29 23 902 0 26 905 46 19 915 60 26 925 100 0 983 11 28 998 11 27 1001 42 8 1007 76 5 1021 29 3 1036 24 22 1037 11 20 1822 17 17 1824 96 18 1836 84 24 1866 37 6 1876 3 30 1878 37 16 1905 19 14 1938 61 6 1945 6 9 1957 40 8 1975 26 3 1999 8 23 2000 19 19 2011 73 26 2013 99 7 2014 16 14 2019 92 22 2023 51 10 2033 10 15 2038 56 17 2041 49 27 2071 25 28 2079 25 24 2096 57 2 2109 52 10 2109 58 13 2117 27 5 2130 39 27 2131 7 25 2133 1 3 2134 98 20 2139 1 15 2165 34 16 2168 97 29 2175 35 15 2177 4 3 2180 26 20 2192 21 20 2200 27 17 2204 70 5 2239 70 20 2241 82 5 2246 92 19 2269 58 12 2269 69 18 2271 76 5 2302 66 19 2309 31 15 2319 99 20 2323 86 2 2347 50 4 2351 37 12 2365 96 21 2368 20 16 2386 68 13 2392 69 10 2407 97 7 2412 16 1 2423 80 29 2444 57 8 2445 45 10 2445 77 17 2447 83 6 2450 5 5 2450 16 2 2455 73 4 2459 37 20 2492 6 29 2511 33 17 2556 26 3 2559 81 25 2569 23 13 2569 78 26 2572 46 31 2574 43 4 2583 68 27 2588 77 10 2591 12 11 2599 21 0 2606 37 11 2611 13 17 2615 68 31 2622 70 7 2633 99 19 2640 53 8 2646 29 13 2655 5 8 2686 8 9 2691 25 30 2693 7 23 2705 44 30 2707 52 0 2719 83 9 2721 21 3 2722 92 15 2740 7 5 2765 83 4 2767 70 11 2773 98 26
807 187 3e-05 92 5 17 102 19 29 109 66 1 122 77 27 125 86 4 125 97 4 128 55 14 130 18 17 150 100 16 156 61 30 164 47 26 165 59 19 177 96 29 191 77 0 199 4 8 209 82 25 216 67 28 226 70 13 243 56 17 261 12 28 272 39 31 278 19 28 294 25 6 300 85 14 329 56 7 344 18 2 344 28 23 344 87 25 357 60 18 359 12 16 367 46 3 379 56 16 379 93 19 383 65 10 390 67 9 413 89 8 424 70 17 433 35 20 441 47 6 443 40 9 450 42 16 466 62 27 467 7 19 489 4 31 492 93 11 499 59 11 513 100 17 539 97 21 565 91 20 581 41 30 585 90 15 598 14 10 598 46 23 602 22 20 617 18 21 619 37 1 640 6 5 646 55 24 657 30 13 677 62 23 683 75 24 701 14 0 703 11 4 704 19 11 704 65 27 708 53 6 718 31 0 721 88 26 749 78 23 760 30 3 775 13 30 780 28 4 787 28 11 790 58 12 793 5 8 800 92 1 802 52 11 806 79 23 820 66 11 824 88 8 824 90 30 844 95 15 845 34 2 873 27 7 878 58 2 893 96 7 895 64 11 928 29 5 938 21 11 953 5 1 960 52 31 964 48 28 976 54 1 988 35 11 1000 16 18 1003 0 7 1009 9 11 1012 71 24 1019 62 7 1025 11 17 1031 14 5 1809 65 23 1810 25 19 1822 9 0 1839 35 9 1844 33 31 1846 58 15 1855 39 12 1864 23 16 1868 66 28 1869 99 4 1888 8 26 1901 84 27 1912 51 15 1941 43 7 1947 61 4 1954 0 13 1968 5 0 1991 51 20 1998 49 21 2002 35 3 2019 68 11 2038 34 13 2038 65 13 2052 22 22 2061 43 22 2079 18 1 2079 22 13 2080 99 26 2081 66 21 2085 70 25 2086 19 26 2087 82 25 2096 75 29 2119 85 26 2136 71 25 2150 70 2 2158 76 7 2201 81 24 2211 49 10 2220 80 26 2230 20 9 2256 12 17 2260 52 5 2279 23 12 2280 71 7 2284 10 21 2285 75 31 2285 76 4 2288 49 12 2297 66 8 2316 30 7 2331 48 21 2344 58 0 2379 38 17 2396 82 14 2420 88 20 2437 13 2 2439 97 24 2457 5 3 2465 42 19 2482 36 13 2505 86 16 2506 24 19 2514 85 27 2532 91 6 2561 22 28 2563 93 12 2580 49 17 2591 83 3 2600 65 24 2607 11 1 2624 43 15 2648 48 10 2653 97 18 2668 72 16 2677 50 17 2701 52 10 2707 82 10 2724 76 25 2725 15 3 2726 16 30 2731 25 6 2736 12 13 2758 0 0 2765 98 28 2771 62 28
808 187 3e-05 72 45 18 81 69 30 81 69 31 83 64 2 86 91 25 92 27 31 101 11 21 105 59 22 131 25 17 137 74 20 147 5 4 149 65 15 160 42 31 170 66 26 175 21 2 181 76 22 183 13 25 193 72 18 202 76 26 209 55 27 233 92 8 237 74 31 255 38 27 264 74 17 273 30 4 280 20 2 283 8 5 289 78 3 301 64 20 311 45 20 329 74 14 334 35 22 336 63 2 341 30 29 345 43 2 350 9 17 351 33 15 357 35 29 357 70 10 361 8 5 369 14 0 371 88 31 372 92 4 382 88 20 415 47 6 415 54 22 418 9 12 420 45 4 425 56 29 425 70 25 448 9 24 458 93 0 465 87 5 492 9 31 504 100 13 506 30 13 537 82 12 581 82 11 586 10 11 586 69 17 599 69 6 617 83 13 625 54 20 627 23 15 631 34 18 632 64 29 636 30 20 641 30 27 645 50 20 646 73 4 648 23 18 661 71 1 670 72 15 678 95 26 679 0 18 702 26 5 736 38 24 759 74 21 760 0 0 780 2 25 794 98 8 797 68 2 811 53 4 817 66 13 831 64 11 841 9 12 858 73 12 865 29 6 877 86 12 886 15 12 905 14 12 905 70 15 923 30 3 994 12 28 1017 4 10 1038 72 2 1828 77 22 1829 14 3 1848 68 8 1850 40 29 1859 66 25 1880 58 11 1898 23 5 1904 43 7 1916 62 25 1919 23 0 1922 15 3 1927 78 27 1932 74 28 1934 51 12 1964 19 14 1967 48 18 1977 31 30 1978 69 31 1982 18 0 1989 88 0 1990 9 17 2010 29 9 2015 16 4 2018 21 29 2031 96 5 2032 37 6 2036 23 9 2061 95 25 2065 66 24 2066 38 2 2084 34 24 2094 79 30 2097 40 19 2135 39 31 2140 27 21 2145 4 11 2191 17 22 2194 39 15 2196 63 12 2217 76 18 2230 2 10 2244 53 23 2248 55 14 2249 18 0 2263 20 23 2267 41 8 2283 86 3 2292 93 1 2353 53 14 2353 61 1 2354 76 13 2365 19 20 2369 82 6 2375 80 19 2392 50 4 2395 73 1 2436 5 16 2438 42 15 2438 76 25 2476 83 22 2489 48 12 2495 28 17 2501 31 4 2525 99 9 2532 74 31 2535 39 9 2551 71 13 2573 11 28 2573 36 22 2573 71 0 2574 45 5 2592 93 8 2594 91 7 2602 39 2 2607 62 16 2613 75 6 2618 91 11 2628 87 11 2630 2 11 2637 80 14 2647 64 14 2650 95 27 2667 73 19 2675 18 14 2684 70 10 2693 81 6 2699 11 31 2707 84 16 2741 54 24 2761 67 11 2764 35 4
809 187 3e-05 72 35 23 100 81 11 102 54 5 118 70 18 132 33 21 143 26 16 160 22 26 179 20 21 180 48 19 194 26 31 196 52 10 205 87 20 220 1 3 235 85 22 266 2 28 275 76 8 278 12 28 284 61 28 288 14 8 288 38 23 293 97 21 296 64 0 300 36 6 303 94 27 344 23 21 354 38 16 366 60 2 369 15 17 373 26 29 402 17 14 408 84 0 415 64 24 434 25 10 463 11 27 468 77 22 500 2 27 517 13 2 517 46 16 551 15 5 554 42 21 563 77 8 568 31 2 575 70 14 614 78 13 632 36 8 647 47 18 654 62 25 677 68 29 681 23 12 684 61 29 689 100 21 697 23 27 714 34 5 723 50 6 729 33 11 733 91 24 735 43 14 736 79 23 745 10 16 751 9 19 755 46 4 762 68 7 766 71 20 772 47 13 779 56 23 783 16 12 785 94 21 802 59 3 805 89 30 812 40 5 812 48 4 814 46 4 819 15 27 823 57 16 843 43 7 853 54 1 853 91 21 859 58 27 945 0 5 957 23 14 961 13 8 997 8 1 997 72 14 1024 97 15 1025 85 17 1027 60 16 1811 54 4 1820 74 8 1825 98 0 1826 17 9 1856 35 31 1865 64 29 1872 3 7 1883 46 9 1889 98 1 1890 8 18 1896 17 10 1903 98 16 1904 11 10 1909 40 10 1919 64 5 1931 64 12 1936 36 23 1938 11 24 1939 3 18 1971 85 1 2005 25 4 2034 60 8 2035 12 22 2045 65 0 2048 39 13 2077 73 6 2083 31 21 2083 53 2 2092 60 29 2097 94 9 2112 11 7 2167 21 26 2168 43 7 2168 63 20 2169 70 28 2169 98 21 2175 84 27 2179 63 27 2183 56 3 2187 21 11 2189 39 20 2199 23 11 2205 25 17 2208 66 23 2252 26 13 2286 10 24 2288 84 18 2292 63 30 2304 89 13 2307 30 18 2308 32 12 2311 8 17 2314 64 25 2314 86 22 2323 25 12 2326 29 4 2326 74 19 2335 22 30 2341 16 27 2349 8 16 2356 57 13 2360 3 4 2367 74 21 2368 67 15 2384 44 7 2385 43 17 2390 45 2 2398 3 12 2403 21 16 2416 80 1 2416 80 9 2427 70 0 2455 57 1 2471 17 18 2475 40 18 2484 52 1 2501 26 18 2503 10 12 2527 12 12 2535 33 22 2536 3 17 2541 5 0 2556 70 5 2584 71 22 2591 61 27 2593 7 7 2593 8 5 2601 67 30 2606 24 28 2613 35 30 2615 60 8 2620 95 25 2627 3 26 2635 20 3 2649 4 9 2691 42 23 2715 13 24 2732 51 11 2749 58 4 2756 86 25 2770 53 22
810 187 3e-05 75 56 22 76 80 23 80 29 5 112 91 3 122 63 5 131 57 11 158 92 27 159 61 10 168 65 12 183 91 27 190 18 21 209 36 9 210 32 28 210 55 9 242 5 25 242 28 22 247 65 0 256 15 20 288 39 5 288 39 24 292 32 26 298 3 22 301 47 14 308 57 20 324 49 11 334 23 28 336 47 15 337 87 22 346 38 19 352 72 2 359 11 5 376 30 19 412 55 3 432 54 11 439 80 12 463 27 3 476 2 14 476 98 25 477 59 4 494 2 16 499 72 2 511 99 4 512 100 26 520 52 3 525 44 30 526 96 14 539 42 12 547 27 10 571 69 2 583 84 13 610 95 17 611 46 24 616 37 10 628 13 18 632 13 27 637 36 21 640 32 21 651 62 5 662 75 6 676 9 2 694 99 3 696 35 25 699 33 19 701 35 28 720 17 2 770 53 1 782 1 30 787 32 14 794 61 17 814 86 24 819 18 23 838 73 11 867 64 9 874 73 9 899 73 9 902 69 20 903 60 30 906 10 21 923 67 6 931 1 2 939 53 28 951 61 22 977 35 7 983 45 6 993 63 29 1005 10 13 1007 35 2 1012 39 0 1014 31 2 1021 55 28 1023 68 18 1822 5 0 1828 38 10 1829 44 2 1853 76 9 1855 40 3 1874 47 24 1879 74 16 1885 100 11 1909 98 17 1941 0 27 1946 55 30 1963 100 9 1966 73 25 1969 61 16 1980 60 26 1998 34 12 2002 57 18 2010 90 23 2020 22 23 2022 67 0 2055 88 20 2065 50 19 2077 67 25 2081 99 30 2089 21 31 2114 5 28 2124 62 18 2129 57 12 2137 87 26 2139 25 4 2153 79 29 2156 95 27 2163 39 10 2164 86 24 2166 82 13 2170 3 10 2178 18 15 2187 29 22 2204 92 28 2210 40 6 2210 68 9 2215 0 10 2232 40 11 2244 41 27 2245 16 2 2251 31 18 2252 76 18 2258 24 7 2270 1 14 2282 24 19 2300 1 8 2300 76 3 2304 79 12 2316 57 12 2321 89 14 2349 60 27 2351 25 22 2356 92 29 2368 88 4 2370 100 20 2373 76 16 2376 38 26 2377 65 17 2384 14 24 2386 96 30 2399 20 27 2405 33 0 2406 60 18 2411 41 13 2442 44 16 2463 41 24 2469 66 8 2491 57 15 2495 94 3 2501 80 15 2513 18 0 2526 88 18 2535 4 7 2557 50 1 2589 82 10 2594 0 2 2600 33 29 2601 90 15 2602 24 17 2609 58 10 2615 65 12 2621 19 12 2686 88 28 2702 68 8 2708 80 0 2718 71 23 2720 83 7 2726 14 1 2729 52 12 2750 88 15 2771 96 15
811 187 3e-05 78 18 19 114 50 2 120 88 22 138 41 13 142 39 11 183 65 2 202 89 15 214 63 6 218 46 19 219 84 8 253 0 14 256 58 2 261 71 27 267 82 19 290 98 29 296 28 13 301 81 23 308 77 8 310 37 29 326 87 4 330 84 24 342 72 26 343 50 6 356 58 25 359 28 31 359 88 22 369 42 30 402 8 25 406 7 6 411 76 12 413 5 16 414 69 10 422 90 8 443 36 14 451 78 24 461 40 26 471 86 26 474 97 20 507 82 20 516 45 25 522 90 19 528 1 23 531 54 23 533 49 0 536 63 13 567 35 10 574 59 17 591 77 2 598 25 0 605 0 9 611 69 17 620 15 28 635 28 23 662 12 31 663 60 18 668 35 31 672 37 2 685 66 23 705 34 26 706 34 17 714 13 17 734 1 29 760 80 5 761 43 27 765 13 18 773 44 2 810 1 9 824 14 12 831 23 27 851 1 25 851 41 0 853 21 10 859 68 3 867 66 17 868 21 31 902 82 31 903 97 3 907 43 10 930 31 5 959 87 7 970 12 0 970 46 13 997 75 31 999 26 6 999 88 3 1036 42 27 1810 67 1 1818 55 2 1825 85 18 1826 36 9 1828 53 30 1838 15 3 1841 88 27 1857 71 18 1859 48 9 1872 42 4 1874 86 1 1876 83 25 1889 62 26 1892 35 9 1907 60 26 1907 74 9 1935 36 4 1936 89 2 1939 34 24 1948 17 16 1949 3 6 1967 20 19 1969 43 9 1980 72 30 1984 48 22 1995 55 23 1996 85 21 2004 50 20 2009 25 23 2010 16 20 2010 46 20 2015 12 30 2024 18 27 2034 39 1 2050 48 1 2070 35 24 2075 46 0 2077 43 27 2092 53 15 2094 5 18 2094 11 21 2109 22 15 2109 24 23 2130 86 27 2144 28 18 2145 11 28 2149 40 23 2156 100 1 2174 13 0 2184 51 24 2192 69 31 2192 99 18 2197 33 15 2209 88 21 2212 32 12 2213 34 17 2218 40 6 2236 8 25 2236 90 20 2255 69 24 2277 15 1 2292 28 14 2300 19 6 2310 14 11 2315 79 22 2339 92 15 2348 5 15 2350 35 3 2364 53 17 2386 86 20 2393 82 4 2400 91 5 2410 38 2 2416 70 14 2445 87 25 2462 29 2 2490 82 29 2491 83 7 2497 51 5 2499 53 15 2501 90 1 2540 100 23 2559 78 5 2576 94 24 2597 52 21 2602 32 26 2606 82 13 2634 53 10 2661 97 10 2662 26 25 2674 97 18 2709 26 21 2713 71 27 2720 22 17 2726 27 26 2726 29 11 2726 87 28 2730 96 26 2732 59 21 2745 17 29 2748 62 8
812 187 3e-05 78 91 14 92 69 18 101 80 29 115 98 20 134 100 10 145 11 8 145 74 10 147 86 27 149 60 23 153 35 0 168 1 14 200 53 11 228 7 15 233 86 0 237 60 17 252 88 14 253 96 1 256 50 16 290 29 9 300 62 4 304 11 17 322 6 8 330 1 21 351 51 18 361 64 15 363 65 28 367 15 10 371 32 11 406 4 8 408 59 2 424 51 19 436 69 29 458 21 16 469 80 8 476 13 22 479 97 31 491 1 27 491 40 23 499 6 18 500 36 24 531 27 18 578 57 0 599 21 12 600 1 2 624 33 5 634 87 16 639 69 4 647 6 31 648 82 25 653 59 26 656 62 21 664 50 1 668 87 8 689 85 19 708 79 11 727 93 25 738 19 18 739 98 13 750 32 13 755 29 2 783 50 0 784 72 17 791 27 19 805 85 22 815 31 22 823 20 3 828 81 1 829 67 2 843 49 18 879 19 21 879 79 13 883 13 6 886 61 7 888 87 24 897 48 28 906 92 3 910 35 29 917 4 7 920 27 8 934 25 23 945 65 11 963 68 8 966 86 15 969 59 26 970 64 1 977 54 26 983 97 27 987 9 19 988 33 31 1011 77 10 1030 13 19 1808 12 15 1813 16 18 1818 74 22 1825 35 29 1826 57 26 1870 29 12 1882 10 30 1888 50 5 1906 92 1 1907 93 13 1913 1 8 1916 21 23 1950 69 16 1966 71 17 1975 51 13 2000 29 7 2001 70 7 2004 68 22 2011 71 16 2013 2 4 2022 14 0 2059 27 14 2064 38 30 2067 39 30 2078 84 15 2085 42 29 2098 3 21 2101 32 9 2113 96 27 2115 53 26 2130 20 26 2134 25 0 2142 90 7 2145 57 22 2150 47 16 2164 41 3 2165 35 30 2171 62 31 2179 6 16 2179 22 31 2193 62 30 2196 11 15 2197 89 17 2203 55 10 2217 59 4 2217 61 28 2228 28 16 2245 78 8 2256 45 24 2261 76 31 2263 92 25 2265 28 25 2276 45 0 2299 92 23 2307 79 0 2320 19 28 2332 20 13 2338 43 30 2362 62 21 2369 11 5 2369 72 8 2385 26 12 2390 23 26 2401 74 24 2419 45 27 2420 41 26 2441 10 0 2454 79 0 2455 32 28 2479 54 5 2509 67 0 2534 68 8 2546 99 2 2554 1 15 2580 13 27 2613 22 14 2619 21 23 2634 66 17 2643 37 21 2653 72 16 2657 12 12 2659 4 21 2659 84 8 2661 33 0 2662 91 9 2675 77 2 2677 52 0 2680 95 3 2711 92 8 2713 76 12 2721 65 11 2736 8 26 2738 96 8 2748 32 8 2750 42 30 2769 55 10
813 187 3e-05 80 83 27 81 57 1 87 66 1 89 54 19 90 85 15 91 26 7 95 6 17 99 57 31 110 19 6 114 93 26 115 53 0 160 25 0 165 34 5 178 32 11 179 54 7 182 40 13 187 75 22 191 12 3 192 18 15 214 66 7 216 16 10 231 9 10 239 28 20 240 97 5 243 78 15 250 89 11 255 0 6 261 61 9 265 8 3 266 13 9 268 4 29 272 11 29 283 4 6 293 66 1 307 19 20 313 7 18 359 34 22 361 35 31 361 94 17 374 46 6 389 54 21 407 66 23 421 95 10 431 40 2 440 13 28 444 56 21 448 25 22 454 96 3 464 10 13 464 52 19 472 99 5 477 75 25 482 33 2 483 61 11 486 76 24 490 85 18 520 87 26 538 97 8 550 97 12 551 89 24 552 44 16 563 73 5 566 76 11 575 63 3 593 33 1 594 95 16 607 77 1 613 96 25 617 57 29 650 58 1 658 56 28 689 24 24 695 99 23 720 86 22 733 41 22 740 47 13 743 4 0 770 34 4 773 44 16 805 67 13 845 34 6 860 27 29 873 75 18 876 3 10 904 40 11 911 62 26 918 87 27 931 86 0 938 70 31 939 61 21 972 93 25 1000 32 30 1006 89 11 1008 70 2 1014 16 14 1015 58 9 1032 90 12 1034 82 22 1812 56 14 1818 38 15 1840 100 4 1867 89 27 1868 11 2 1882 23 31 1893 29 26 1895 94 0 1897 100 9 1909 81 26 1913 18 23 1926 35 31 1929 15 17 1930 67 15 1945 86 11 1948 70 31 1950 24 5 1951 99 17 1978 95 8 1996 48 8 2000 5 26 2000 30 17 2028 62 5 2033 4 29 2035 24 17 2052 21 31 2061 8 20 2061 43 9 2083 24 22 2093 80 14 2110 82 18 2116 66 6 2132 56 9 2150 89 20 2166 62 2 2169 55 6 2180 57 26 2185 31 19 2185 100 13 2201 66 5 2213 48 21 2214 8 29 2215 19 20 2239 93 29 2253 43 5 2255 72 1 2257 85 20 2258 7 30 2261 99 0 2301 65 23 2303 83 18 2333 53 13 2335 99 30 2341 75 27 2349 70 1 2356 60 18 2384 61 25 2391 46 18 2393 74 2 2416 4 12 2416 82 13 2435 94 31 2452 95 17 2470 36 2 2487 96 1 2494 55 4 2537 95 27 2539 34 8 2567 79 6 2570 57 21 2581 9 8 2588 100 28 2626 63 23 2633 76 10 2635 83 15 2636 11 20 2637 15 22 2646 17 21 2670 74 28 2671 89 16 2673 91 17 2677 66 31 2678 93 6 2683 76 7 2686 88 10 2694 51 8 2707 25 10 2746 3 27 2749 52 20
814 187 3e-05 77 83 13 90 83 14 94 28 16 104 56 7 107 100 18 120 49 29 126 34 10 136 43 18 160 24 7 167 100 18 171 68 22 182 78 19 208 47 23 214 22 16 215 14 26 235 4 4 236 89 2 249 92 20 274 47 21 275 95 26 280 19 22 287 31 7 330 32 19 332 18 5 335 38 10 345 96 25 353 93 0 355 32 17 372 97 16 388 70 6 388 92 7 393 40 16 406 68 22 424 35 2 428 43 22 438 7 7 447 76 13 470 25 25 484 49 7 493 81 31 494 69 6 505 82 3 509 31 17 513 93 0 516 50 2 559 8 30 562 69 20 569 33 12 569 48 19 585 83 12 599 21 27 609 64 15 626 47 21 639 57 6 657 82 6 660 43 29 687 58 10 689 98 28 708 55 11 709 50 22 710 37 22 720 11 5 735 20 19 736 51 9 745 67 31 749 78 1 774 6 5 793 95 23 794 68 23 799 96 19 816 87 22 829 84 6 832 78 26 839 12 5 839 36 20 847 27 29 864 9 7 866 47 19 867 73 4 872 53 3 886 9 2 886 43 28 891 30 9 893 0 22 903 61 29 904 22 22 918 32 5 919 69 10 921 40 3 934 4 27 980 6 4 981 36 30 996 24 7 1010 97 25 1019 63 1 1032 27 14 1818 19 17 1824 95 14 1825 76 0 1854 69 19 1869 11 26 1887 78 28 1896 24 17 1908 89 31 1909 42 26 1914 33 15 1929 12 17 1931 73 31 1948 13 12 1948 72 13 1950 53 26 1963 64 19 1966 11 14 1973 45 10 1976 59 19 1982 1 31 1995 98 2 2003 26 20 2004 66 23 2006 68 19 2021 46 23 2036 75 21 2040 11 10 2055 89 9 2056 77 15 2092 86 22 2093 2 26 2101 38 27 2110 2 5 2112 99 9 2129 27 9 2149 21 9 2152 40 30 2155 78 28 2169 31 19 2180 4 29 2180 56 19 2184 80 15 2195 46 7 2211 51 19 2217 92 21 2239 28 7 2262 25 30 2264 36 24 2270 15 16 2270 67 14 2289 42 13 2301 83 21 2308 91 11 2324 26 11 2358 28 15 2359 24 10 2368 5 16 2375 62 24 2387 19 10 2393 58 12 2394 59 24 2408 100 6 2409 37 25 2427 25 8 2439 25 17 2468 52 8 2485 91 20 2497 92 9 2498 47 14 2525 88 12 2534 0 3 2556 21 23 2562 23 23 2566 99 28 2568 9 20 2579 75 29 2581 70 19 2583 94 15 2625 3 5 2625 36 27 2626 61 17 2658 56 20 2678 93 13 2679 21 9 2695 54 24 2705 47 8 2708 25 25 2733 50 21 2735 91 5 2754 83 23 2764 55 7
815 187 3e-05 85 15 19 101 83 1 102 14 21 157 10 11 168 81 28 171 12 17 179 59 14 181 89 6 206 16 11 226 100 9 247 12 26 247 49 17 252 30 11 253 58 14 265 19 16 281 13 17 285 41 20 287 49 30 300 98 9 332 57 11 333 81 15 335 84 25 347 38 11 383 83 7 391 100 25 398 9 11 407 13 14 409 18 5 415 42 28 436 9 31 440 6 0 446 73 24 463 69 1 471 7 0 479 90 30 482 9 2 521 31 25 524 42 26 539 38 3 550 20 24 557 76 23 558 84 9 564 21 14 573 71 23 594 34 26 595 20 29 621 10 16 623 21 30 631 47 10 634 28 25 637 47 5 641 0 21 674 66 14 679 91 6 681 83 15 690 20 18 690 62 6 699 65 6 708 6 16 715 21 21 717 22 26 737 4 3 750 73 23 757 27 14 771 37 7 803 2 1 809 14 19 822 20 31 827 12 25 852 16 7 863 43 5 887 100 17 907 67 2 909 78 24 918 0 26 953 81 26 969 88 29 988 17 23 1000 20 11 1006 44 0 1022 25 6 1809 0 18 1812 15 8 1821 96 4 1825 93 20 1837 15 15 1847 1 27 1848 59 22 1867 28 29 1871 98 26 1876 25 2 1901 83 26 1904 42 19 1913 80 18 1915 2 30 1922 92 8 1947 81 6 1951 1 3 1967 55 19 1972 4 18 1977 13 14 1988 61 6 1993 71 27 1994 67 5 2003 84 12 2022 31 6 2043 61 6 2054 55 24 2055 49 3 2056 52 7 2062 57 17 2072 77 12 2094 75 10 2096 71 26 2099 100 3 2100 70 31 2109 48 1 2113 14 4 2126 36 22 2138 20 4 2142 23 13 2144 75 2 2167 13 28 2170 69 11 2173 72 19 2180 6 2 2186 64 25 2189 97 31 2196 74 25 2203 3 24 2225 94 31 2230 49 29 2238 41 6 2260 85 11 2284 2 21 2284 10 25 2286 94 26 2296 90 29 2297 66 8 2327 99 13 2333 23 8 2338 24 28 2349 48 11 2349 50 23 2357 14 26 2371 13 26 2371 95 31 2391 92 28 2402 97 26 2406 89 29 2433 47 7 2470 84 10 2471 75 27 2477 82 12 2487 92 29 2497 76 15 2520 89 11 2523 41 15 2527 72 7 2541 6 1 2552 37 0 2560 45 7 2565 90 22 2574 18 29 2602 86 11 2618 51 25 2627 65 27 2640 87 14 2645 5 24 2649 36 30 2654 93 22 2661 90 9 2670 74 18 2674 18 1 2681 66 3 2684 64 27 2690 99 12 2695 38 4 2706 37 24 2721 61 0 2724 84 11 2731 37 8 2734 96 5 2746 21 15 2763 79 18 2765 32 6 2769 45 30
816 187 3e-05 76 89 5 79 58 0 103 96 24 118 13 28 128 50 18 138 29 26 139 3 14 145 39 24 153 76 15 156 11 28 158 27 15 165 13 7 172 60 4 179 82 15 182 14 11 212 54 29 231 95 25 265 54 26 266 66 13 277 90 3 278 81 20 294 14 3 294 52 28 304 64 5 320 58 7 327 77 15 342 100 23 343 57 30 354 55 11 364 100 12 411 28 3 413 40 16 456 0 23 470 55 10 494 85 15 495 18 9 498 66 12 499 46 5 501 14 2 507 7 6 535 87 31 541 62 19 550 93 24 573 7 26 584 44 31 589 15 21 610 34 0 619 47 2 623 77 20 626 8 1 630 17 2 631 31 31 636 63 28 650 0 21 650 22 13 658 22 23 676 37 10 716 9 28 717 63 0 727 31 11 728 52 12 739 70 19 747 30 11 770 33 18 770 79 22 883 61 6 886 48 18 894 7 2 900 85 15 905 60 20 905 93 17 926 35 17 947 25 22 947 57 15 948 72 23 950 89 8 962 62 1 974 29 25 974 39 27 977 36 10 984 4 27 1016 56 16 1022 66 10 1022 85 14 1820 39 7 1825 40 6 1827 38 0 1831 91 11 1840 47 27 1850 53 6 1855 47 15 1859 31 18 1866 9 30 1867 18 27 1892 60 3 1893 98 11 1894 100 4 1895 5 23 1913 97 11 1915 76 18 1930 50 30 1932 82 29 1969 8 1 1983 65 23 1991 43 26 1995 94 30 1999 13 31 2012 26 8 2017 31 2 2018 57 31 2031 0 26 2036 69 6 2037 83 26 2045 3 20 2052 56 13 2084 62 30 2101 58 26 2119 50 29 2120 21 14 2162 6 5 2171 27 10 2177 31 10 2186 81 20 2191 56 2 2196 62 7 2199 93 11 2229 27 4 2240 68 21 2268 89 6 2274 14 22 2275 14 11 2296 50 9 2335 42 1 2337 7 12 2343 10 20 2344 58 8 2352 85 15 2353 46 22 2355 45 6 2358 53 6 2363 24 21 2365 15 16 2376 58 20 2401 83 25 2421 32 6 2443 77 22 2471 38 27 2479 41 26 2513 57 25 2545 72 19 2551 20 2 2554 78 20 2579 30 22 2593 56 26 2598 27 22 2616 17 18 2620 14 9 2622 89 22 2625 4 17 2636 53 22 2637 36 0 2641 63 3 2646 36 4 2648 22 11 2649 70 4 2652 75 11 2656 95 7 2662 46 26 2665 89 19 2666 68 0 2668 72 7 2676 85 16 2689 27 16 2693 96 28 2697 25 3 2702 21 1 2704 15 21 2706 62 29 2714 55 21 2714 100 31 2731 7 30 2732 80 26 2738 84 7 2740 69 8 2748 72 31 2756 83 2 2758 42 29
817 187 3e-05 77 63 10 86 62 9 94 98 19 106 82 17 113 18 0 119 82 3 124 1 18 130 38 17 145 75 5 155 15 7 173 56 18 173 76 8 173 90 1 188 30 5 204 29 22 223 4 25 235 53 0 241 74 22 247 74 9 257 17 21 266 9 4 276 94 19 278 33 4 290 42 18 300 65 13 317 22 1 326 98 15 328 86 14 359 89 14 368 8 24 373 56 31 379 56 27 398 11 29 405 96 11 410 89 23 446 24 24 475 35 26 482 32 28 487 12 9 501 98 5 507 93 9 508 95 26 510 46 4 510 83 23 511 63 15 513 22 13 521 92 13 529 53 5 535 49 1 552 18 7 560 43 12 564 86 15 612 82 9 616 24 18 619 62 22 646 71 22 648 49 22 665 14 4 665 76 24 675 70 4 679 59 31 682 56 12 688 85 4 692 11 10 696 21 12 703 66 30 705 25 6 706 26 6 716 53 13 724 5 17 758 32 27 764 0 11 785 42 1 797 67 16 804 0 20 814 5 9 825 20 24 825 33 8 835 42 31 844 87 14 870 2 21 873 70 16 873 80 9 881 42 26 884 9 2 894 19 2 916 95 2 917 64 22 928 18 0 935 36 3 936 65 1 951 96 25 963 58 7 980 23 28 983 7 24 983 29 13 998 75 20 1022 40 4 1033 78 2 1843 73 2 1858 90 7 1861 46 14 1866 86 17 1906 73 9 1908 60 12 1909 25 17 1912 0 28 1912 67 24 1915 99 31 1931 86 31 1954 39 31 1966 14 25 1981 55 22 2002 3 29 2008 15 16 2014 63 13 2020 55 27 2049 4 26 2050 73 3 2051 9 9 2066 13 15 2068 47 26 2075 10 19 2075 71 17 2076 86 25 2083 87 30 2115 78 22 2117 7 5 2130 61 5 2136 64 23 2142 3 14 2153 8 15 2153 70 2 2178 45 9 2190 21 15 2193 64 4 2224 32 31 2238 9 23 2246 33 1 2248 66 27 2273 54 14 2273 87 11 2285 24 14 2293 51 31 2300 4 12 2343 92 6 2366 56 23 2375 27 5 2384 18 1 2384 48 22 2390 48 5 2423 54 9 2429 45 21 2434 69 27 2436 95 8 2445 68 18 2451 74 27 2461 6 21 2481 39 19 2486 86 14 2490 84 20 2494 96 26 2526 23 21 2535 72 10 2535 79 12 2543 14 3 2566 25 22 2574 51 26 2580 17 27 2610 72 31 2616 57 31 2619 72 4 2622 35 3 2655 19 11 2657 12 30 2671 25 9 2676 95 29 2696 47 8 2708 76 6 2725 24 28 2729 31 21 2735 30 15 2743 87 7 2745 0 10 2752 83 12 2755 7 3 2762 95 17
818 187 3e-05 96 99 13 107 23 27 132 19 5 137 78 25 140 58 27 141 52 27 146 57 5 147 57 19 153 67 19 162 57 31 165 58 21 170 72 3 170 92 30 178 38 21 189 29 31 215 40 27 220 55 6 237 73 22 247 78 18 278 97 22 314 49 20 324 65 27 333 53 10 333 93 10 346 11 24 358 61 24 380 37 1 390 54 2 393 73 19 406 1 6 415 33 14 423 17 14 427 59 11 440 51 25 451 24 10 479 54 9 486 68 14 492 36 16 505 18 26 506 55 24 546 5 9 551 73 16 557 11 20 557 78 17 559 22 26 566 21 1 569 94 18 586 41 7 597 76 3 602 12 4 612 52 27 622 63 15 635 22 13 649 36 27 649 37 5 669 61 20 676 54 8 676 97 23 682 39 10 690 4 25 710 68 31 723 20 31 723 25 10 740 25 5 754 47 3 763 61 24 765 28 17 768 1 28 768 47 15 787 73 11 797 43 17 829 84 9 831 96 25 858 76 14 863 27 9 865 60 27 872 22 23 879 62 23 881 75 22 883 54 25 910 11 2 914 87 22 920 62 19 923 81 12 927 94 7 940 41 26 945 19 31 967 42 7 968 100 22 969 4 3 977 29 21 979 59 21 983 96 10 986 35 25 1001 96 26 1008 96 10 1021 77 4 1023 30 2 1811 20 20 1818 5 13 1821 15 9 1824 87 13 1837 87 29 1850 42 18 1866 47 7 1866 79 28 1888 49 18 1897 13 28 1903 7 15 1918 0 4 1919 42 20 1923 100 3 1930 21 9 1930 75 13 1937 9 14 1949 32 5 1954 48 23 1956 51 10 1956 80 12 1959 0 20 1970 54 10 1982 10 11 2021 21 12 2028 14 6 2064 47 8 2074 88 26 2079 16 3 2082 69 10 2126 62 26 2137 43 30 2153 32 29 2210 97 18 2215 24 29 2217 42 24 2219 24 4 2223 13 26 2232 13 17 2243 40 16 2250 36 26 2261 95 26 2293 29 0 2293 62 23 2311 81 5 2322 5 8 2331 50 5 2331 86 17 2333 86 20 2334 4 24 2338 2 23 2345 51 8 2363 16 3 2373 2 27 2380 58 4 2387 54 6 2397 7 24 2410 46 23 2427 100 13 2439 94 7 2441 74 9 2445 81 3 2453 55 26 2454 19 4 2455 31 16 2462 67 18 2468 97 12 2473 19 6 2509 62 20 2512 23 10 2520 8 25 2523 17 0 2583 44 12 2594 8 16 2624 4 15 2625 56 24 2630 35 25 2651 10 20 2665 36 4 2668 77 18 2672 31 17 2684 3 31 2689 36 12 2696 55 15 2699 90 15 2710 76 18 2721 46 19 2740 70 25 2772 90 31
819 187 3e-05 72 3 9 81 6 8 89 88 25 91 65 27 93 86 25 112 78 21 125 4 13 144 31 29 147 69 9 160 42 13 163 98 18 167 5 25 168 0 7 203 84 22 205 82 7 210 19 30 238 30 3 238 36 9 245 29 23 249 55 5 253 98 0 273 14 27 286 19 26 298 27 29 302 11 21 307 39 24 312 100 7 322 81 7 340 35 27 344 56 22 376 50 31 386 6 0 414 16 17 425 23 22 436 64 1 436 75 25 449 52 17 488 39 4 493 53 9 520 13 20 520 99 16 539 75 12 546 93 10 553 16 28 575 60 24 577 73 12 591 58 22 593 13 11 599 90 29 608 53 14 610 6 7 643 43 29 653 52 15 655 65 11 656 38 24 668 86 10 701 74 4 702 69 1 725 39 0 736 40 20 737 6 9 739 76 25 747 1 14 751 35 7 756 7 14 756 25 17 779 88 26 780 49 15 792 55 21 796 38 0 802 23 25 805 71 27 809 77 2 827 15 18 827 39 14 836 26 29 841 69 18 843 16 0 875 43 9 887 6 30 887 30 10 892 13 14 909 82 22 940 57 1 960 64 2 975 95 5 985 65 5 989 80 1 999 34 2 1002 5 18 1021 24 1 1025 89 26 1029 77 31 1030 21 1 1037 45 0 1037 93 19 1816 78 31 1821 13 16 1823 3 31 1823 75 21 1834 6 29 1861 89 28 1862 61 13 1867 27 18 1907 79 24 1921 0 11 1923 76 2 1932 9 12 1968 15 1 1979 72 28 1985 53 20 2003 100 29 2012 11 24 2015 60 27 2018 80 31 2019 64 15 2024 22 15 2028 93 1 2046 26 27 2046 42 29 2048 41 10 2056 25 16 2059 25 1 2059 49 30 2085 46 26 2087 53 2 2090 54 13 2092 59 27 2100 50 20 2100 92 17 2117 1 0 2129 93 18 2131 93 27 2150 62 17 2168 64 30 2176 82 29 2189 34 3 2193 38 3 2193 79 5 2197 90 26 2229 50 26 2248 24 28 2275 2 23 2279 15 5 2285 0 11 2293 79 7 2295 49 8 2296 92 1 2312 7 30 2321 39 31 2326 73 0 2328 45 0 2331 5 15 2336 38 8 2350 73 11 2352 29 7 2384 53 13 2387 48 0 2406 88 17 2432 38 7 2448 28 23 2459 44 0 2475 23 2 2479 6 24 2504 25 30 2511 91 7 2523 72 6 2544 37 9 2551 79 3 2566 82 29 2574 98 22 2592 51 15 2597 69 31 2620 86 9 2625 12 26 2640 9 12 2678 8 0 2704 92 8 2707 49 25 2707 81 22 2710 80 6 2720 70 14 2733 6 19 2735 40 18 2750 78 4 2754 69 18 2761 24 16
820 187 3e-05 79 62 9 83 32 31 84 22 14 92 4 27 95 19 16 98 19 16 134 22 14 138 50 23 150 54 22 150 83 21 189 87 11 198 65 6 203 26 11 205 37 9 212 27 25 239 2 21 244 64 11 252 8 31 260 18 8 325 84 31 332 94 22 337 93 24 346 17 1 356 74 16 356 84 24 376 58 2 378 32 14 380 89 0 383 71 11 398 13 31 399 89 10 413 93 9 417 20 6 423 67 27 446 76 24 484 28 27 484 91 1 494 23 26 496 69 6 501 58 14 511 28 31 538 31 22 546 9 30 560 99 18 573 25 4 608 22 6 609 4 15 613 11 15 616 91 5 618 25 29 635 65 19 651 1 10 679 32 0 695 28 31 709 21 25 716 44 1 728 57 30 744 57 19 746 25 3 793 74 8 798 32 3 801 94 11 807 38 15 808 26 3 809 72 9 814 67 14 815 96 21 821 39 1 828 91 21 837 8 18 842 39 8 849 55 27 852 45 19 863 27 11 863 55 30 868 99 24 893 2 16 902 6 22 919 82 18 955 90 24 962 44 22 966 88 26 979 94 0 990 33 19 1008 63 6 1012 41 23 1012 50 28 1012 86 6 1016 69 1 1019 71 6 1023 52 5 1809 79 2 1810 1 6 1813 45 25 1815 94 25 1816 76 11 1842 12 14 1876 37 25 1880 43 24 1882 97 22 1888 41 24 1933 27 25 1951 54 14 1980 22 23 1983 59 29 1992 18 13 2002 21 10 2021 47 18 2023 48 26 2036 82 28 2055 20 5 2059 99 25 2077 14 27 2106 5 16 2106 64 12 2122 56 9 2137 80 3 2145 60 25 2146 31 10 2153 32 6 2159 21 13 2159 39 7 2162 26 26 2197 16 23 2219 66 8 2222 47 25 2222 99 2 2226 29 27 2227 90 23 2229 11 11 2245 67 27 2259 76 25 2269 25 22 2325 72 23 2329 42 24 2344 63 11 2346 84 8 2356 14 20 2361 34 28 2361 76 25 2364 69 9 2364 99 23 2365 17 22 2371 76 8 2372 58 21 2385 95 17 2387 20 16 2406 72 31 2415 52 30 2415 75 21 2423 97 19 2426 60 9 2440 63 12 2449 27 19 2451 43 17 2456 66 8 2464 81 10 2484 51 8 2498 76 17 2506 7 22 2508 62 13 2511 41 26 2546 97 12 2553 64 19 2585 29 20 2590 12 12 2590 56 15 2605 22 24 2609 80 16 2613 73 15 2626 20 23 2637 76 22 2656 41 13 2664 48 0 2668 10 12 2672 23 6 2700 5 13 2705 8 9 2708 23 4 2711 53 1 2719 46 2 2738 24 30 2755 14 8 2755 48 2 2755 89 6 2765 46 30 2767 32 9
821 187 3e-05 72 14 1 110 22 13 110 64 1 115 34 7 117 73 5 127 68 25 128 49 31 133 70 10 136 7 0 137 27 23 159 80 28 174 21 5 175 0 19 191 17 27 214 25 12 221 49 15 236 72 9 237 10 27 246 2 19 250 19 27 253 31 25 254 56 0 269 15 12 270 54 31 271 30 29 273 24 11 273 37 12 286 84 6 294 40 24 311 100 16 356 5 22 358 45 3 359 17 20 360 10 21 367 72 27 386 29 27 393 5 23 393 54 10 400 56 26 408 90 6 412 47 12 421 28 20 431 16 26 433 48 10 437 19 17 443 37 5 444 56 13 456 5 1 477 30 5 480 71 6 481 75 16 489 13 31 492 64 1 507 45 22 527 87 2 537 52 20 571 69 8 573 13 18 578 98 20 600 58 29 604 100 24 609 81 23 617 25 26 622 7 11 646 65 6 687 74 8 691 78 24 703 14 29 742 42 5 754 24 17 754 38 11 764 83 30 769 20 9 782 80 30 791 77 14 851 70 5 888 95 29 892 76 0 902 35 8 910 0 23 911 79 14 938 11 5 960 18 13 966 98 25 976 13 26 991 41 5 1017 24 25 1021 99 26 1030 49 26 1814 45 18 1818 15 11 1823 6 26 1857 56 14 1881 63 3 1885 9 6 1893 42 24 1894 26 20 1912 28 1 1913 1 16 1953 75 6 1959 45 1 1999 4 20 2033 66 1 2035 73 7 2053 11 28 2055 92 30 2064 46 1 2068 55 27 2075 52 14 2077 76 31 2083 54 13 2089 96 0 2096 65 28 2098 13 1 2109 56 20 2110 27 16 2117 79 0 2119 95 23 2126 42 26 2128 54 10 2139 65 4 2154 32 11 2179 12 19 2184 75 4 2184 89 11 2193 48 15 2206 51 0 2217 78 0 2227 22 6 2248 44 17 2257 82 10 2265 88 29 2299 93 26 2303 6 12 2309 4 17 2324 7 22 2326 94 22 2343 66 27 2360 28 25 2369 23 26 2370 45 31 2372 4 11 2376 57 6 2385 90 22 2387 100 14 2391 91 21 2398 72 21 2426 45 1 2429 66 25 2445 95 11 2460 31 17 2476 91 31 2480 51 15 2500 55 30 2510 100 26 2527 12 3 2529 21 3 2545 15 12 2550 5 8 2558 22 8 2567 59 3 2572 34 5 2572 70 13 2581 19 19 2603 66 9 2616 62 18 2617 65 12 2620 96 2 2621 53 3 2627 57 2 2631 87 26 2635 33 14 2645 16 28 2645 80 15 2646 78 14 2651 63 23 2654 53 21 2659 82 14 2706 64 1 2707 64 25 2716 9 0 2723 9 24 2735 28 9 2760 51 8 2765 51 4 2767 56 23 2774 69 8
822 187 3e-05 85 17 25 115 60 26 124 43 24 127 52 3 130 75 19 135 25 20 139 10 6 145 20 2 160 96 23 166 56 0 187 41 19 197 61 25 211 48 19 218 55 13 236 33 31 237 66 6 238 44 15 248 42 16 250 23 17 253 10 17 255 97 27 273 52 9 280 52 2 287 66 5 289 64 17 293 56 4 298 5 25 333 50 29 344 58 0 361 6 13 403 37 13 407 11 29 410 99 3 437 36 3 457 44 20 470 18 24 471 65 15 485 38 3 497 70 8 498 16 27 499 68 6 503 28 26 511 12 29 553 68 3 557 35 27 569 39 15 582 11 0 583 70 28 584 79 10 584 100 14 587 40 29 592 80 23 601 53 5 605 66 18 606 3 2 619 64 1 620 67 13 642 6 23 677 54 9 689 64 26 692 89 29 750 10 17 759 74 2 761 16 25 761 38 1 776 83 15 797 50 29 800 11 15 804 62 9 805 41 24 808 71 8 812 18 15 812 47 9 812 76 27 824 9 10 835 59 20 854 86 9 860 76 0 862 5 24 894 69 10 898 99 21 900 65 14 912 71 16 917 25 8 920 17 29 928 82 4 929 69 9 932 24 13 941 33 20 951 53 1 956 99 21 976 26 1 993 14 23 1037 94 27 1833 57 2 1866 86 0 1871 100 27 1888 61 22 1891 89 18 1892 57 24 1909 19 23 1912 56 30 1918 62 19 1927 17 6 1955 18 25 1976 77 19 1985 62 20 1985 87 13 2007 14 5 2020 31 0 2024 14 6 2030 41 21 2030 100 24 2032 23 15 2041 3 22 2049 13 19 2054 45 21 2054 91 23 2063 9 23 2074 15 15 2081 51 23 2081 97 28 2098 97 21 2102 50 31 2118 97 14 2128 84 5 2164 11 29 2164 69 25 2165 35 23 2170 72 15 2187 56 22 2204 87 29 2241 24 26 2245 92 27 2245 98 10 2246 12 10 2251 73 9 2254 22 6 2257 17 23 2271 71 31 2272 86 28 2274 68 21 2283 96 3 2298 14 23 2302 20 5 2309 75 4 2312 40 18 2326 4 15 2346 55 12 2361 60 16 2365 34 1 2368 41 19 2384 73 15 2386 20 2 2390 90 25 2414 4 8 2437 69 25 2444 5 7 2446 60 15 2447 58 29 2450 69 0 2454 33 28 2463 22 0 2485 81 21 2495 48 17 2495 85 20 2497 17 3 2499 47 22 2509 42 2 2553 11 29 2564 21 23 2566 81 14 2568 7 25 2568 66 0 2574 68 21 2576 10 1 2582 93 25 2594 49 8 2625 5 7 2648 90 6 2659 63 10 2676 99 13 2706 82 16 2713 35 21 2732 43 7 2743 38 11 2744 82 4
823 187 3e-05 76 83 24 84 76 3 86 70 28 109 29 23 139 73 20 144 66 10 153 4 26 162 3 6 163 75 27 164 31 20 164 84 21 168 82 17 179 76 30 186 46 21 198 70 27 204 37 30 214 50 2 226 9 30 227 65 22 241 42 15 253 11 8 259 8 5 300 97 31 304 100 3 308 25 21 339 42 18 349 99 28 354 57 13 367 63 23 410 51 7 415 55 9 425 99 19 445 40 27 449 59 9 476 74 17 485 48 13 485 65 2 495 44 31 522 23 1 553 5 25 554 20 20 560 96 1 561 33 7 568 60 0 577 34 31 582 4 24 599 22 25 633 81 31 695 75 22 713 71 1 713 97 21 721 49 5 723 92 6 746 25 31 746 37 27 760 55 22 765 70 23 776 40 29 777 11 9 790 68 20 799 48 12 804 9 21 812 60 19 828 40 1 831 10 12 842 54 24 847 33 1 854 6 6 863 9 8 869 7 24 888 4 24 894 68 16 906 95 17 908 83 31 913 19 23 917 57 24 935 10 10 951 63 7 953 70 25 967 24 28 981 39 14 998 95 4 1008 33 6 1022 3 8 1029 23 5 1031 85 14 1819 43 21 1827 56 0 1836 31 17 1854 82 9 1868 95 9 1920 91 19 1929 30 6 1931 68 5 1935 48 0 1937 4 14 1942 61 4 1955 47 7 1964 21 23 1964 31 22 1964 90 24 1986 84 15 2022 70 28 2039 21 16 2040 83 22 2042 3 12 2049 69 3 2054 87 4 2056 83 5 2061 97 25 2071 9 25 2074 83 23 2080 34 14 2080 74 1 2085 65 14 2087 11 28 2112 33 10 2149 33 16 2162 14 6 2164 46 6 2177 50 0 2183 53 29 2189 17 4 2190 46 22 2192 67 29 2206 15 11 2216 3 17 2224 62 5 2231 72 21 2236 92 12 2237 10 21 2261 68 27 2264 31 19 2270 37 21 2275 16 8 2290 62 0 2291 61 23 2296 46 27 2308 31 8 2314 35 17 2316 19 17 2332 47 4 2336 16 7 2337 31 29 2372 55 6 2395 44 25 2396 72 8 2404 71 20 2405 57 0 2417 26 17 2428 32 27 2436 18 29 2447 1 17 2460 21 21 2466 85 20 2468 70 26 2470 51 21 2489 14 31 2501 69 7 2502 51 25 2504 89 13 2514 24 27 2518 58 18 2521 3 11 2525 69 19 2533 55 27 2539 15 9 2550 83 23 2571 78 19 2574 92 26 2575 75 11 2604 64 0 2610 80 1 2612 89 3 2627 96 27 2661 70 3 2663 93 31 2684 87 27 2689 12 10 2699 80 25 2711 71 10 2718 74 4 2725 3 19 2765 69 13 2765 72 3 2770 25 10 2771 84 30
824 187 3e-05 75 28 17 76 72 29 87 9 11 116 39 20 124 57 0 139 91 12 149 50 12 150 95 29 159 47 24 163 44 13 178 17 20 191 69 23 197 91 31 198 10 17 198 26 4 203 98 31 205 20 10 221 35 19 251 98 2 252 75 18 253 78 23 257 54 19 263 82 7 272 15 29 274 41 5 280 75 9 300 93 8 314 30 9 332 59 20 340 20 20 346 56 29 349 34 9 351 61 1 353 45 29 408 82 0 409 90 16 420 35 22 424 77 30 457 74 24 462 77 2 465 20 11 487 3 15 496 27 10 507 48 31 510 9 11 521 82 19 532 72 2 546 50 29 553 30 5 556 55 30 560 65 27 565 69 4 574 76 14 579 7 24 582 95 1 590 35 3 591 59 3 611 52 3 613 43 23 613 50 14 652 93 9 660 6 3 666 47 3 692 88 28 697 73 30 703 57 19 705 17 16 714 68 13 722 23 24 730 38 24 734 30 28 760 37 1 803 65 27 804 8 21 810 9 26 859 85 20 870 44 1 877 12 0 880 50 19 898 92 29 951 0 11 952 94 9 953 31 19 975 49 6 981 11 7 985 80 9 994 92 10 997 84 5 1029 0 27 1809 21 28 1814 58 30 1815 44 10 1819 40 27 1848 95 15 1869 84 7 1871 22 31 1878 51 31 1885 32 8 1893 97 13 1894 91 2 1900 74 28 1904 51 26 1909 5 7 1911 25 31 1944 1 16 1947 93 20 1957 4 29 1970 82 1 1998 78 0 2003 92 28 2011 67 13 2024 50 25 2036 15 0 2043 59 31 2058 59 11 2068 24 3 2069 48 18 2073 49 13 2081 33 29 2099 74 1 2102 81 15 2104 35 15 2108 7 19 2115 1 4 2116 99 30 2132 91 12 2136 34 15 2140 12 31 2141 77 15 2143 2 17 2148 74 26 2164 83 13 2187 48 21 2192 54 31 2195 88 12 2209 24 29 2238 84 25 2301 2 17 2314 98 10 2324 77 18 2328 39 27 2342 77 9 2345 60 8 2346 79 22 2348 30 9 2355 68 11 2357 88 15 2397 48 22 2397 62 14 2413 78 3 2416 6 21 2418 61 17 2425 73 19 2460 3 9 2489 15 15 2496 52 30 2518 12 21 2522 89 1 2524 54 11 2528 79 8 2532 29 24 2535 34 9 2538 33 19 2545 96 5 2550 60 3 2556 9 13 2559 7 21 2564 98 11 2566 86 25 2580 15 1 2591 95 14 2598 40 5 2607 5 29 2621 74 29 2628 2 25 2628 95 11 2629 20 17 2645 62 10 2664 2 13 2669 74 10 2701 33 24 2718 9 27 2720 45 3 2725 26 22 2737 19 0 2758 21 4 2773 69 8
825 187 3e-05 83 35 28 96 94 9 98 28 8 127 22 21 127 33 5 135 21 7 160 61 26 162 34 21 189 33 17 190 23 16 193 60 18 200 77 30 207 53 18 209 37 22 232 23 10 242 39 27 254 22 27 263 78 3 271 64 25 283 77 26 286 67 20 300 37 27 323 37 26 324 20 21 327 15 3 347 29 8 357 31 18 359 72 8 362 71 24 366 31 6 366 70 17 368 39 16 368 88 17 369 9 18 369 26 18 371 25 15 384 40 13 386 76 14 420 29 3 421 54 6 458 38 12 458 89 5 460 0 20 471 29 28 486 72 13 490 33 17 497 18 15 506 46 5 510 35 21 515 83 7 533 90 30 539 42 9 553 7 22 572 13 17 575 21 10 599 37 30 667 84 18 678 93 5 718 95 27 737 43 4 773 91 8 776 50 25 779 24 6 795 90 14 802 22 12 808 21 17 811 82 14 819 15 31 825 62 18 849 77 23 853 78 11 894 34 10 905 36 18 909 19 9 931 42 30 961 38 21 962 74 10 968 41 28 969 7 24 971 96 0 975 22 2 991 60 24 997 26 24 998 18 13 1028 36 8 1033 18 9 1808 11 7 1817 85 29 1829 56 15 1832 24 8 1840 42 22 1843 98 22 1861 60 3 1866 82 17 1869 97 13 1882 35 23 1890 71 22 1892 97 0 1906 94 24 1911 94 27 1917 73 8 1924 76 27 1942 78 4 1961 34 13 1990 84 7 2000 95 9 2018 21 9 2025 37 9 2027 8 8 2030 55 8 2043 50 8 2048 11 11 2048 77 6 2050 10 24 2072 94 12 2083 20 24 2091 19 17 2105 58 9 2127 46 12 2137 51 21 2138 58 1 2139 26 1 2148 17 14 2150 96 24 2156 49 14 2159 8 29 2162 13 21 2189 0 11 2189 24 27 2200 54 0 2216 38 4 2221 100 17 2226 59 17 2230 84 26 2237 65 17 2243 34 18 2245 97 28 2262 84 3 2266 50 3 2273 87 23 2275 30 6 2277 66 12 2278 36 10 2280 92 13 2286 20 31 2305 19 25 2316 66 5 2348 28 31 2363 7 12 2364 62 18 2409 9 5 2416 21 13 2423 37 26 2446 15 31 2450 15 6 2455 83 5 2456 79 6 2460 23 30 2478 43 7 2498 6 21 2509 38 12 2516 31 26 2517 12 22 2523 88 4 2538 99 31 2566 54 19 2570 29 29 2574 65 12 2583 91 26 2588 100 31 2594 17 8 2604 63 0 2605 70 25 2606 100 22 2613 33 9 2652 50 27 2671 80 0 2675 92 5 2676 27 7 2679 48 29 2688 69 13 2702 26 7 2714 27 5 2750 95 27 2751 72 27 2762 73 29 2775 96 20
826 187 3e-05 77 66 29 83 66 2 89 3 4 118 66 6 124 97 12 128 45 17 129 7 25 147 14 12 148 35 17 188 47 14 195 51 18 204 38 9 206 50 12 224 13 22 240 18 23 240 80 19 242 93 31 247 81 2 259 53 13 261 29 7 262 46 18 275 55 3 285 83 28 286 38 0 292 60 21 315 2 5 324 37 5 333 53 19 355 55 5 366 96 16 367 61 11 376 76 27 379 57 0 380 10 15 390 42 7 391 1 22 391 44 11 394 67 23 397 99 0 412 80 18 421 58 28 433 51 30 437 68 3 461 29 21 472 54 13 511 80 20 562 88 22 569 38 19 599 62 31 617 32 10 630 100 3 631 61 31 633 47 17 666 11 26 673 99 3 678 84 20 679 42 8 679 53 8 702 9 27 732 40 31 745 85 8 746 73 25 756 89 10 762 79 18 763 83 10 766 75 6 772 74 6 784 20 4 788 12 6 797 79 17 809 38 5 814 7 16 817 19 9 818 94 26 820 94 21 823 95 14 826 95 31 834 55 23 856 41 19 858 16 12 863 20 13 864 47 20 874 1 8 880 95 31 883 51 4 897 8 12 897 41 24 915 17 6 932 5 9 949 40 17 951 65 10 954 48 3 979 97 2 1013 43 1 1018 68 10 1024 32 30 1036 45 22 1037 53 27 1815 18 14 1842 38 4 1854 80 9 1875 95 4 1877 99 10 1882 30 4 1886 28 28 1907 17 2 1914 0 13 1917 0 28 1935 23 17 1953 29 28 1972 94 28 1980 96 30 1981 18 5 1993 65 15 2000 95 5 2001 58 16 2027 26 19 2035 67 15 2086 90 9 2095 86 24 2099 77 3 2141 91 2 2156 33 28 2169 8 15 2186 43 3 2192 6 13 2192 30 5 2197 57 8 2214 36 1 2222 53 5 2224 44 26 2228 64 8 2236 27 31 2237 94 21 2254 62 5 2258 85 29 2259 70 0 2260 15 15 2286 23 7 2291 43 21 2293 45 1 2307 67 17 2308 67 27 2316 55 31 2317 72 19 2319 18 13 2327 32 24 2339 95 17 2343 32 20 2350 92 10 2356 82 4 2371 51 3 2377 66 26 2407 61 6 2413 64 4 2415 47 15 2429 20 23 2436 26 13 2448 68 16 2468 15 25 2471 63 20 2479 63 18 2480 10 7 2488 60 21 2491 54 6 2518 31 8 2522 42 8 2534 39 18 2536 91 25 2541 92 30 2541 96 7 2545 55 5 2545 75 14 2560 7 26 2565 58 6 2578 3 14 2579 98 15 2580 97 12 2589 8 0 2649 45 14 2653 56 11 2665 50 14 2699 36 5 2708 97 8 2730 95 14 2741 71 18 2770 23 19
827 187 3e-05 99 39 22 102 5 11 103 58 16 105 24 7 130 20 9 134 35 2 146 72 8 155 99 6 158 31 2 167 27 24 170 92 6 185 30 13 197 12 17 221 69 8 226 13 10 240 81 11 260 32 26 271 48 21 280 4 18 300 87 28 303 16 8 324 17 25 330 13 19 334 57 26 352 74 5 362 19 21 375 18 18 380 25 25 390 6 8 431 12 7 449 13 24 452 47 9 474 34 13 479 7 1 555 16 27 557 22 20 568 34 1 571 25 22 571 89 18 585 0 13 586 87 3 600 66 4 601 5 24 606 41 26 616 61 25 619 71 20 621 37 3 660 66 20 674 68 20 681 90 4 699 5 20 723 14 14 727 48 2 729 61 11 750 19 31 759 61 13 783 91 4 800 46 7 803 97 20 815 16 11 824 37 13 828 41 31 835 93 25 837 45 31 846 39 22 865 75 9 884 47 9 885 55 16 896 33 21 904 97 0 906 89 31 927 50 7 931 85 18 939 35 3 940 100 27 944 46 7 945 90 7 948 73 19 966 83 24 981 31 6 983 44 5 992 42 31 1022 98 6 1039 4 16 1813 91 16 1815 82 17 1823 23 29 1827 49 14 1840 5 23 1855 62 0 1857 53 9 1859 83 6 1865 86 2 1878 41 9 1878 99 27 1887 3 21 1889 73 7 1898 97 21 1913 20 7 1918 22 23 1931 69 25 1935 49 26 1937 83 8 1946 47 6 1951 23 26 1977 60 9 1989 32 13 1994 30 1 1995 97 21 2008 63 16 2016 52 14 2022 14 24 2024 73 2 2026 92 16 2034 94 20 2052 25 22 2067 97 16 2079 34 31 2088 39 28 2093 21 11 2097 3 6 2104 10 18 2115 62 4 2124 87 7 2131 15 17 2146 44 9 2152 56 22 2156 35 30 2167 80 21 2171 31 15 2180 13 26 2193 93 16 2207 84 23 2211 92 4 2234 76 0 2239 81 6 2241 66 28 2249 33 22 2260 75 12 2261 74 10 2265 66 11 2266 96 7 2268 29 8 2299 53 8 2313 49 28 2314 66 2 2315 55 4 2315 70 0 2316 27 18 2334 5 2 2366 20 8 2370 44 23 2379 3 7 2380 33 31 2390 70 25 2397 90 15 2415 67 12 2432 24 15 2443 24 21 2444 26 7 2445 32 10 2464 5 16 2473 79 9 2474 26 0 2477 69 25 2489 85 25 2514 44 15 2519 26 28 2536 11 30 2544 47 31 2548 5 24 2614 90 18 2629 64 20 2639 17 17 2661 23 16 2661 61 8 2663 11 20 2677 59 17 2680 25 5 2700 11 11 2725 54 4 2750 48 28 2751 94 31 2757 20 3 2766 46 1 2772 19 10 2774 15 21
828 187 3e-05 116 49 1 125 46 30 128 11 29 137 95 25 143 33 30 158 13 23 190 46 2 206 2 11 212 73 18 223 96 12 224 20 27 227 9 30 251 34 19 274 1 31 280 49 20 282 14 15 287 55 2 298 80 5 299 66 9 324 26 21 333 100 10 335 97 9 351 30 12 360 92 14 365 66 22 431 87 5 442 55 3 475 6 13 478 31 18 486 41 14 486 55 1 497 13 21 500 97 10 502 45 1 516 45 13 518 1 8 518 86 21 523 7 10 550 94 29 568 32 4 571 59 19 572 97 8 596 93 18 620 25 21 621 57 12 626 84 31 639 40 4 648 90 22 650 77 13 654 78 13 668 76 16 673 43 8 698 52 26 700 33 12 700 45 13 707 66 17 728 12 23 730 92 0 731 99 11 745 34 18 745 64 24 769 11 2 769 72 26 799 73 28 804 59 0 816 26 25 823 6 30 832 96 30 840 12 6 841 32 4 852 91 28 856 11 22 860 85 17 867 1 25 881 28 22 894 55 26 899 59 17 902 15 4 907 77 19 911 59 27 917 39 23 933 81 10 935 64 3 943 66 24 944 1 21 948 13 18 954 29 26 968 66 10 968 67 7 976 96 11 977 41 19 992 99 24 994 61 16 1003 35 8 1005 63 20 1005 84 4 1008 96 7 1009 89 18 1016 3 19 1829 71 8 1843 40 18 1848 33 6 1858 96 12 1875 22 10 1898 13 9 1902 25 18 1930 61 3 1934 9 29 1937 14 4 1941 71 8 1948 56 29 1979 58 15 1982 9 19 2008 99 2 2017 10 31 2029 35 29 2041 18 30 2072 80 19 2076 67 4 2087 41 4 2088 17 23 2094 55 8 2097 39 20 2097 97 19 2106 100 22 2110 49 17 2113 52 17 2135 98 20 2146 79 22 2155 50 12 2156 28 6 2160 100 0 2169 100 31 2174 30 6 2202 3 28 2205 61 18 2216 20 30 2235 72 30 2238 78 1 2254 76 10 2268 20 12 2298 81 5 2307 46 0 2308 14 15 2318 23 25 2329 45 21 2349 34 7 2360 15 10 2383 75 16 2394 97 4 2396 50 2 2414 10 26 2437 13 23 2442 68 14 2447 2 3 2447 9 23 2457 72 24 2474 79 10 2480 86 5 2484 36 0 2491 33 21 2498 62 23 2498 76 18 2512 60 0 2543 3 4 2547 84 23 2562 85 2 2563 35 2 2564 65 21 2576 89 16 2600 96 14 2614 34 15 2620 57 9 2632 38 26 2635 29 24 2642 15 4 2642 72 0 2647 81 17 2650 56 9 2652 65 7 2655 56 24 2666 50 22 2691 64 3 2744 68 12 2757 80 2 2761 5 31 2767 90 30
829 187 3e-05 91 7 24 109 70 13 111 96 1 154 80 12 176 25 14 194 16 23 200 67 21 225 37 19 235 45 14 240 25 5 252 48 13 256 62 26 261 69 4 269 1 5 290 21 22 294 82 6 294 87 4 303 63 22 309 56 11 313 31 15 319 96 3 325 100 16 333 85 7 338 73 11 340 93 17 352 54 14 353 18 18 354 37 7 357 49 11 365 33 23 367 4 25 377 12 23 404 20 2 410 42 1 410 76 21 425 73 14 435 25 18 441 52 31 453 13 19 462 16 21 465 95 4 473 57 30 482 98 26 497 9 5 513 97 14 543 68 0 546 95 19 562 28 21 583 82 30 587 47 10 594 93 12 597 59 12 609 62 26 610 58 31 634 4 0 638 78 1 651 21 20 655 21 3 665 91 8 678 60 31 690 5 22 697 39 17 715 69 8 728 78 8 750 57 11 756 67 17 756 73 20 759 52 27 772 56 1 780 69 10 798 50 24 802 33 26 817 17 9 823 19 30 838 15 8 861 70 11 870 31 18 886 2 28 902 77 29 906 77 19 910 34 17 915 72 4 921 63 24 922 28 16 930 60 12 933 63 25 934 39 31 936 12 12 939 64 20 956 40 15 982 31 11 983 47 3 998 17 27 1000 99 2 1025 69 2 1027 96 18 1035 35 11 1816 35 9 1826 64 17 1828 22 18 1830 93 1 1833 56 13 1838 91 13 1844 58 15 1865 61 25 1877 64 27 1878 74 26 1903 75 22 1919 15 22 1936 67 3 1955 7 19 1961 55 1 1966 76 8 1968 2 17 2003 35 27 2008 52 13 2010 38 19 2016 14 10 2020 83 13 2029 79 2 2035 29 25 2042 56 13 2061 13 4 2075 10 17 2114 84 9 2117 18 11 2134 70 7 2152 81 11 2157 5 0 2169 78 30 2176 74 31 2208 72 22 2218 31 2 2230 10 10 2230 70 30 2244 93 12 2247 18 22 2260 58 20 2267 1 5 2279 5 1 2281 59 16 2281 100 12 2284 67 28 2315 58 9 2330 44 31 2336 90 19 2376 38 1 2396 75 21 2399 4 5 2416 73 18 2423 66 0 2425 37 1 2429 42 4 2435 37 23 2448 30 5 2452 87 10 2454 31 8 2459 61 28 2481 28 8 2492 68 19 2505 12 22 2505 48 20 2519 33 28 2531 58 7 2531 61 11 2539 24 10 2566 12 5 2569 53 18 2570 70 21 2574 1 21 2580 84 27 2584 21 4 2587 98 1 2589 53 3 2617 8 0 2620 56 24 2636 85 14 2644 49 23 2645 75 30 2666 69 23 2686 36 12 2692 85 23 2726 9 14 2728 48 10 2740 45 11 2754 83 15 2765 34 23
830 187 3e-05 74 74 12 135 51 10 152 5 22 175 92 30 180 82 2 191 54 30 193 62 22 287 86 31 313 51 18 313 93 1 314 100 28 315 84 13 324 52 7 326 40 28 347 12 18 349 1 27 351 35 1 359 87 13 370 19 19 377 59 25 382 58 23 388 45 4 395 23 7 404 24 22 411 94 11 413 92 7 429 90 0 451 25 5 471 87 5 475 35 30 477 16 20 484 50 30 492 99 22 506 43 30 514 79 9 521 58 22 523 19 27 541 21 22 545 42 6 553 32 12 553 72 4 553 100 21 554 71 11 561 85 7 567 0 24 568 12 21 572 23 18 605 21 21 608 17 10 616 0 3 636 2 31 647 73 13 648 22 15 668 81 8 681 28 25 683 25 6 703 79 8 704 11 23 705 99 17 721 40 8 739 1 4 755 10 14 756 47 8 757 94 27 758 26 5 770 80 2 772 17 17 784 18 20 786 20 10 805 55 19 823 98 24 828 42 24 829 40 11 831 65 19 848 57 0 848 91 10 868 34 17 870 81 1 874 49 0 875 58 18 883 100 30 884 74 0 891 63 2 901 38 6 921 82 7 940 69 0 945 54 15 946 15 21 960 79 17 1012 51 17 1038 23 14 1808 39 10 1816 47 24 1866 5 13 1883 53 2 1885 91 4 1888 60 12 1896 90 17 1896 98 22 1898 69 22 1901 82 12 1907 49 3 1918 57 3 1921 35 11 1979 30 2 1979 91 28 1983 72 7 1985 18 17 1990 76 14 1998 56 15 2018 27 8 2027 36 7 2031 61 11 2032 50 3 2061 70 16 2064 36 5 2074 34 14 2099 80 9 2126 46 18 2132 93 15 2135 47 3 2140 61 5 2141 41 14 2147 47 16 2161 69 3 2169 3 25 2180 96 13 2181 63 19 2185 79 25 2200 56 28 2204 54 31 2207 9 27 2221 70 22 2231 31 7 2248 61 23 2249 91 22 2258 89 14 2265 19 2 2271 17 25 2275 14 19 2290 47 10 2291 92 7 2312 14 22 2317 73 25 2336 3 21 2350 81 17 2353 92 9 2356 88 27 2364 30 12 2380 14 3 2392 2 23 2403 81 2 2422 5 24 2447 11 16 2453 64 0 2455 56 2 2480 5 18 2490 22 18 2493 15 26 2505 33 7 2513 4 10 2517 14 11 2524 76 23 2530 63 23 2533 34 8 2534 31 21 2545 6 21 2562 52 23 2575 75 15 2581 78 18 2593 36 27 2600 92 16 2600 98 27 2605 53 31 2617 67 13 2620 50 11 2624 14 16 2630 63 30 2632 100 5 2647 71 17 2669 89 14 2702 19 28 2731 94 28 2734 60 12 2739 22 18 2760 36 31 2775 9 20
831 187 3e-05 86 17 18 88 39 16 92 37 28 99 62 31 109 1 3 109 43 7 125 65 27 132 69 17 144 95 27 150 2 26 159 48 21 160 6 10 165 32 18 191 51 26 206 90 3 254 14 6 255 7 9 258 29 3 266 25 7 296 64 9 307 100 23 309 32 24 309 40 24 325 56 26 327 66 23 333 4 13 333 41 31 344 52 18 365 87 12 377 93 6 383 97 27 388 93 14 392 32 21 393 29 10 402 53 25 419 94 18 430 23 9 468 20 24 473 35 9 478 23 2 490 19 29 505 93 3 506 31 18 520 64 23 551 3 21 561 53 17 584 49 18 590 73 17 608 74 26 629 67 16 643 91 15 649 54 8 662 39 19 671 47 22 682 59 5 733 99 2 746 30 27 747 78 29 753 82 13 756 91 3 758 59 0 761 4 31 783 42 6 788 86 6 795 98 30 797 65 19 797 71 10 801 26 9 805 66 7 805 99 10 817 14 30 822 83 12 847 39 24 866 36 1 878 25 9 888 11 2 894 71 3 905 97 19 906 31 15 916 93 24 922 74 19 978 18 0 979 34 23 985 94 6 1006 25 14 1014 16 4 1015 16 28 1026 64 28 1827 27 12 1827 71 6 1851 79 9 1888 20 21 1890 83 29 1891 94 11 1894 41 6 1898 14 3 1907 3 15 1909 10 31 1919 4 14 1928 9 19 1934 65 26 1955 28 20 1964 45 11 1971 84 2 1987 33 1 1998 51 31 1999 35 18 2000 3 20 2008 51 6 2043 50 13 2045 12 18 2051 55 22 2053 98 18 2099 18 16 2100 64 31 2100 91 15 2102 98 21 2106 86 8 2109 57 8 2111 48 23 2134 8 16 2143 33 30 2147 70 28 2168 28 20 2174 34 9 2187 23 8 2200 72 0 2211 90 12 2239 83 22 2240 20 10 2253 98 4 2276 12 6 2283 33 25 2285 42 3 2290 90 2 2306 71 17 2316 77 7 2326 39 28 2331 25 29 2333 27 10 2335 58 2 2341 73 27 2352 24 31 2371 23 27 2377 47 7 2395 9 23 2398 13 18 2410 52 12 2455 73 23 2476 62 18 2498 31 22 2499 16 21 2505 61 14 2505 68 31 2510 71 21 2516 8 3 2527 64 14 2534 82 20 2558 49 9 2581 25 25 2586 90 26 2598 65 25 2600 90 3 2607 46 7 2618 89 20 2622 55 12 2625 6 22 2632 60 17 2635 53 16 2636 0 8 2640 16 13 2640 65 29 2641 27 29 2641 48 22 2643 7 19 2659 36 28 2668 47 20 2669 24 31 2674 15 15 2702 88 12 2718 49 2 2750 100 25 2758 97 5 2762 1 22 2767 69 27 2774 12 22 2774 98 28
832 187 3e-05 103 85 1 119 5 6 140 65 19 148 57 7 150 1 15 170 51 21 200 45 8 203 5 2 229 100 17 231 42 2 239 89 7 250 45 27 265 54 6 270 25 29 274 86 11 307 17 8 324 14 17 330 79 20 344 92 19 344 100 17 350 59 21 395 15 0 404 62 5 414 81 3 417 2 17 418 11 2 436 66 12 447 26 10 468 53 31 469 72 18 470 29 29 470 100 0 488 43 22 490 56 22 491 7 27 496 49 8 499 90 7 501 75 20 501 81 18 525 59 10 530 37 7 531 56 6 543 48 11 545 15 7 546 12 23 547 49 20 564 44 16 571 67 7 577 3 2 598 61 15 599 63 9 622 60 23 623 31 5 629 17 2 636 81 29 655 9 6 657 80 2 667 40 19 675 92 16 703 7 31 753 27 18 755 47 31 760 27 28 769 8 6 793 53 26 796 98 25 807 83 10 809 46 18 810 67 10 817 8 26 846 16 17 868 49 2 871 58 16 881 82 31 887 76 6 916 38 18 928 30 13 951 54 1 963 51 23 983 45 25 1018 36 20 1025 29 20 1026 2 13 1837 17 20 1855 43 24 1902 15 15 1907 15 22 1915 64 15 1918 26 17 1929 75 16 1934 55 8 1947 70 20 1955 5 22 1960 59 10 1965 10 20 1965 57 6 1972 82 3 1975 55 19 1988 45 22 1991 19 21 1995 27 30 2019 13 30 2028 57 11 2037 83 22 2049 49 12 2050 99 12 2059 33 6 2064 7 0 2064 79 18 2065 11 1 2069 60 14 2095 5 21 2102 49 22 2115 21 26 2123 0 26 2123 57 24 2132 36 17 2155 2 29 2157 82 15 2168 31 30 2174 68 24 2185 13 21 2194 97 0 2214 60 6 2226 46 21 2227 72 26 2229 77 30 2254 32 1 2257 40 8 2262 89 15 2270 40 21 2276 25 31 2283 20 27 2293 84 7 2314 14 28 2315 33 6 2317 24 7 2318 19 9 2321 95 7 2333 71 4 2336 11 12 2338 62 9 2355 83 0 2358 24 24 2369 67 27 2376 78 24 2386 27 17 2393 58 13 2397 93 10 2400 78 13 2408 40 12 2411 26 6 2425 16 2 2428 71 22 2436 52 2 2452 52 17 2469 58 29 2485 66 25 2488 39 13 2495 53 9 2503 55 23 2518 82 31 2532 47 12 2546 38 28 2563 34 2 2584 29 26 2589 5 19 2591 93 21 2593 70 21 2594 23 12 2596 51 26 2599 1 31 2616 66 8 2652 67 17 2656 24 31 2657 31 27 2675 87 7 2707 17 6 2718 71 29 2721 31 19 2722 68 11 2727 86 11 2732 66 3 2749 35 12 2756 88 2 2759 51 10 2775 25 15
833 187 3e-05 74 76 18 89 31 0 104 7 21 107 9 26 116 73 4 117 44 11 117 66 21 128 39 26 128 56 27 140 82 10 146 34 31 185 47 22 230 13 28 237 65 25 257 55 10 267 34 24 276 0 21 287 33 1 303 91 30 304 77 11 310 66 1 316 79 6 320 90 15 334 7 19 338 42 19 341 63 12 347 10 17 348 88 18 390 32 0 394 33 14 405 99 1 419 23 28 432 3 2 471 28 20 495 14 9 499 31 24 500 73 4 506 48 8 514 34 2 552 72 27 560 11 8 566 82 5 568 12 20 579 30 31 582 52 20 603 71 2 611 21 30 619 0 30 622 25 14 645 7 22 646 51 29 646 87 12 651 28 5 656 43 22 661 72 19 665 19 21 676 76 13 677 20 12 701 21 13 701 72 19 703 0 7 734 23 13 734 49 27 754 4 14 766 25 29 767 26 6 772 86 30 784 47 29 785 72 9 791 87 15 824 34 9 833 13 4 851 21 23 857 62 30 863 49 3 868 34 12 870 92 2 872 40 20 872 55 29 873 28 28 878 9 28 889 47 29 922 8 14 953 91 17 961 85 23 965 90 25 972 68 28 977 46 18 983 21 31 987 41 6 987 90 18 996 70 5 1009 45 9 1011 55 5 1015 0 2 1016 70 12 1020 100 20 1025 36 4 1027 97 27 1809 46 24 1817 21 27 1820 9 30 1820 78 6 1902 89 1 1928 74 29 1931 70 18 1941 100 19 1956 75 20 1964 28 27 1968 86 2 1973 16 21 1983 55 0 1983 99 7 1984 49 23 1985 33 17 1986 95 30 1990 99 17 2003 76 27 2033 43 13 2035 66 22 2039 78 9 2051 8 7 2072 84 12 2079 96 8 2089 41 30 2094 95 21 2096 62 13 2105 62 20 2112 90 14 2118 52 28 2125 3 29 2143 86 5 2160 79 3 2168 52 31 2186 24 28 2209 33 18 2262 4 26 2264 75 6 2270 46 19 2302 59 11 2304 66 24 2307 78 5 2314 56 25 2321 1 16 2338 95 13 2356 36 12 2379 4 6 2379 9 18 2400 94 19 2413 85 23 2424 57 29 2431 2 17 2443 60 27 2450 93 26 2451 80 1 2459 34 21 2479 83 20 2484 92 4 2496 31 19 2499 7 8 2505 100 23 2515 81 19 2527 21 6 2537 24 7 2540 43 8 2540 99 24 2542 68 12 2551 9 0 2551 81 17 2556 68 15 2575 92 2 2578 100 29 2600 66 11 2638 6 0 2639 43 15 2658 13 2 2662 97 9 2683 19 9 2690 88 28 2693 66 1 2701 97 15 2720 4 9 2746 0 22 2749 3 12 2756 97 14 2765 50 18 2770 7 10
834 187 3e-05 103 87 31 104 78 22 125 0 7 131 15 12 148 65 13 169 5 5 174 9 21 194 67 20 218 13 3 221 17 9 223 82 18 226 20 3 263 31 7 268 98 11 284 21 19 296 86 23 311 60 9 312 54 5 315 83 6 317 51 24 322 38 15 324 88 30 343 46 20 353 99 21 358 52 16 365 36 11 381 97 26 383 61 30 384 86 10 390 58 31 391 17 16 396 54 10 401 88 0 413 83 18 421 25 29 435 80 31 445 16 15 448 67 18 456 23 10 476 43 29 484 35 23 492 88 4 494 36 21 503 73 20 511 65 19 526 14 2 536 34 3 554 39 1 563 10 14 574 47 3 581 14 27 599 90 11 610 88 13 614 49 14 625 81 16 626 75 9 632 96 5 633 82 3 653 67 16 658 85 1 692 58 8 719 2 2 724 3 27 734 31 6 735 88 20 738 60 28 753 80 24 767 28 4 781 77 25 808 80 12 824 84 22 827 83 3 858 18 23 861 81 30 876 80 3 882 69 31 896 80 16 903 8 18 904 79 28 908 51 9 946 2 25 984 79 17 991 33 25 998 86 16 1006 47 5 1016 10 13 1831 55 8 1837 89 17 1839 59 14 1843 57 17 1846 43 25 1859 50 23 1860 85 27 1883 18 29 1885 96 6 1895 65 9 1910 34 15 1915 13 2 1943 8 19 1943 90 8 1950 48 23 1952 38 4 1964 99 6 1967 1 26 1982 72 31 1986 68 6 1997 81 26 2001 30 10 2012 48 18 2016 83 14 2021 47 24 2022 27 13 2025 68 26 2030 6 16 2033 64 4 2040 82 22 2042 79 5 2044 13 16 2045 43 6 2053 83 0 2061 83 24 2079 38 16 2088 84 30 2098 34 16 2118 34 13 2136 43 19 2150 20 30 2155 61 22 2163 80 8 2171 43 12 2177 56 26 2180 43 25 2191 24 1 2194 24 31 2208 66 17 2217 68 22 2222 15 20 2223 10 13 2225 90 4 2251 27 7 2261 28 6 2268 21 13 2278 61 26 2285 13 11 2295 88 24 2319 92 7 2340 23 8 2346 43 16 2347 55 17 2380 87 27 2413 65 5 2425 97 0 2426 52 25 2435 86 23 2436 82 20 2437 67 12 2443 13 9 2471 0 5 2471 88 14 2476 1 28 2496 9 19 2504 13 14 2515 93 11 2520 36 7 2534 28 16 2555 9 17 2559 5 29 2562 73 28 2574 11 30 2575 55 27 2577 95 10 2589 93 16 2591 50 26 2623 70 31 2632 99 30 2676 14 5 2677 43 1 2679 72 13 2686 43 19 2715 34 22 2716 34 27 2728 35 26 2741 60 3 2745 48 31 2751 91 18 2761 97 17 2766 54 19
835 187 3e-05 78 61 27 79 86 6 96 82 9 104 72 12 118 81 22 121 8 29 122 72 27 123 72 13 132 98 6 163 24 23 170 83 26 173 90 30 175 43 1 191 44 7 194 59 15 203 34 21 209 20 19 213 1 10 216 99 19 222 22 17 238 2 9 239 77 8 246 60 20 263 35 18 279 18 17 289 80 26 320 9 21 336 98 11 337 40 30 355 91 6 361 12 27 362 56 28 366 29 16 369 58 17 371 39 15 396 47 22 409 75 22 420 0 2 424 31 18 440 82 20 457 30 24 460 3 18 478 64 30 492 47 26 503 91 13 527 32 5 531 8 8 532 24 8 537 15 4 571 48 22 574 8 14 585 0 21 588 74 30 593 64 8 601 57 2 610 93 4 631 99 18 654 94 12 658 50 6 659 9 26 682 50 13 684 14 11 706 11 23 725 86 29 730 72 26 739 51 31 741 73 14 755 85 1 774 32 23 776 28 2 801 21 4 803 100 27 807 22 20 844 19 30 862 12 26 895 9 27 900 95 29 911 91 29 919 27 23 922 7 28 942 78 25 953 59 7 958 39 18 965 56 18 1000 55 5 1000 97 20 1002 18 8 1009 52 15 1021 23 2 1817 20 20 1819 68 19 1837 83 8 1844 58 28 1848 96 21 1853 81 26 1857 46 9 1872 78 31 1877 17 17 1884 86 7 1888 16 24 1890 19 4 1897 95 24 1918 0 22 1933 78 21 1938 34 23 1961 51 23 2035 95 2 2051 60 4 2053 69 26 2089 32 3 2089 38 23 2094 29 2 2096 66 30 2097 56 25 2109 87 15 2112 63 26 2115 50 23 2117 52 10 2126 15 17 2149 64 19 2159 59 23 2196 55 2 2222 99 19 2224 1 1 2229 72 19 2232 61 13 2234 9 4 2245 14 29 2257 46 12 2268 67 19 2268 75 0 2271 82 29 2273 19 4 2284 14 14 2287 67 0 2317 100 15 2327 25 1 2357 7 4 2363 59 14 2364 54 13 2370 91 19 2371 55 7 2372 50 15 2396 85 26 2428 18 2 2429 6 11 2429 100 15 2431 14 8 2443 1 20 2447 44 3 2456 19 11 2474 71 5 2487 50 18 2493 55 29 2502 6 5 2515 63 9 2544 12 21 2549 28 25 2561 39 15 2580 69 15 2582 83 31 2589 8 21 2601 31 9 2612 79 0 2616 16 7 2617 24 21 2626 46 19 2626 56 6 2629 58 29 2634 23 10 2643 93 14 2667 35 30 2674 4 20 2701 0 27 2702 19 20 2704 42 18 2714 90 3 2721 39 19 2722 5 22 2724 88 10 2730 61 17 2736 5 14 2737 33 29 2757 86 8 2760 55 1 2773 51 9 2774 56 23
836 187 3e-05 73 85 6 94 64 14 95 20 25 95 35 27 101 18 5 106 15 14 123 5 14 125 84 27 128 41 23 137 27 16 156 80 31 168 50 25 171 54 13 187 22 31 207 48 29 208 70 19 244 78 27 245 32 13 247 2 27 253 69 2 268 25 21 288 5 23 290 62 5 292 27 12 294 59 8 312 86 31 317 99 12 338 24 6 340 38 1 342 30 2 358 75 21 361 1 10 367 81 19 369 51 20 369 88 2 373 29 11 389 80 10 392 1 20 393 75 11 407 47 25 431 4 20 433 37 12 434 5 24 441 45 5 446 25 22 447 6 11 469 77 26 475 77 3 478 79 26 481 56 6 483 1 11 518 32 3 523 38 17 559 18 26 581 79 1 584 14 4 590 84 11 598 83 11 603 16 25 610 85 2 625 15 2 626 67 23 645 94 14 646 29 3 713 89 7 719 24 13 731 7 3 743 86 4 746 11 2 749 72 4 750 16 21 796 17 30 796 36 26 800 63 27 805 99 27 821 84 4 833 0 9 841 17 13 841 88 18 852 23 12 864 28 31 874 11 5 894 28 10 896 100 13 909 27 19 945 20 19 954 91 30 967 46 17 1003 55 30 1006 9 30 1008 9 16 1020 79 19 1029 10 8 1809 84 21 1812 88 13 1826 100 31 1828 89 21 1837 17 29 1858 54 7 1862 11 2 1862 44 29 1890 38 19 1895 46 11 1898 55 23 1902 37 4 1917 74 20 1930 22 27 1930 41 30 1941 14 1 1950 47 15 1953 34 27 1960 34 22 1968 70 26 1981 62 11 1992 77 16 1999 4 24 2007 33 23 2020 6 10 2049 85 14 2050 11 5 2053 96 1 2062 30 22 2066 22 6 2074 58 15 2076 58 22 2080 12 25 2085 53 14 2088 24 6 2093 51 15 2101 4 17 2104 79 25 2132 41 17 2147 74 27 2148 90 1 2150 41 22 2155 90 14 2157 68 16 2158 90 2 2165 6 9 2172 49 29 2180 2 29 2181 14 15 2208 72 1 2245 87 2 2276 26 22 2278 64 4 2296 0 16 2296 77 9 2316 82 2 2325 63 21 2346 13 11 2361 48 14 2382 95 25 2419 99 21 2423 75 30 2426 5 15 2427 52 29 2429 78 23 2454 99 8 2466 31 11 2468 82 15 2469 14 14 2474 34 31 2475 20 31 2479 64 16 2482 78 30 2508 0 6 2534 20 13 2551 21 4 2579 35 0 2586 45 24 2587 55 18 2592 35 19 2609 61 1 2615 61 16 2637 13 6 2640 7 4 2655 41 2 2664 93 18 2671 4 15 2693 70 28 2705 54 5 2727 60 2 2745 9 14 2749 74 28 2752 81 26 2772 84 19
837 187 3e-05 87 75 2 87 98 20 98 51 28 102 27 12 117 41 25 126 5 16 130 30 23 138 2 0 144 14 29 169 74 10 171 6 3 181 12 28 194 70 6 219 32 21 219 72 29 251 52 14 268 71 21 276 16 13 288 0 6 295 95 26 302 96 14 303 42 27 307 96 25 308 70 27 322 51 19 341 50 24 349 85 14 364 24 0 371 17 20 382 49 18 383 88 7 384 17 28 384 91 24 384 99 2 385 90 8 398 98 29 400 45 18 408 71 15 430 42 20 430 50 19 437 21 1 438 19 14 442 52 31 450 90 17 473 99 4 485 34 14 514 2 20 518 59 5 533 61 10 541 69 25 546 36 4 558 43 26 595 48 10 604 93 11 615 100 16 649 74 7 650 0 16 652 61 7 654 23 6 655 49 12 671 71 16 677 93 20 679 45 26 682 75 25 687 69 24 696 71 19 699 11 30 709 10 19 711 68 1 755 49 15 756 67 19 761 49 11 762 89 30 771 47 26 775 39 27 785 41 13 802 98 12 804 50 8 819 98 25 822 100 13 835 1 29 877 37 21 887 39 8 891 8 8 930 38 25 938 19 31 939 93 4 951 20 14 962 95 23 974 59 10 976 32 19 1000 86 9 1003 34 0 1007 21 31 1026 85 28 1030 33 26 1816 54 23 1832 64 17 1863 69 2 1874 0 14 1877 49 0 1884 14 17 1901 18 26 1904 15 10 1904 50 20 1909 25 27 1920 1 18 1921 63 28 1931 26 14 1939 13 18 1942 22 10 1961 60 6 1976 33 27 1993 40 8 2009 26 10 2013 25 4 2030 5 2 2041 52 22 2055 21 24 2055 65 9 2057 79 21 2060 75 9 2063 63 21 2067 66 30 2078 97 20 2099 67 28 2114 57 10 2121 85 30 2122 14 14 2134 22 22 2134 98 20 2144 58 18 2155 23 10 2177 79 4 2186 20 5 2192 12 1 2195 32 10 2227 90 2 2231 1 6 2244 84 1 2261 49 26 2266 9 9 2268 66 18 2277 14 13 2308 78 2 2315 13 21 2316 20 12 2316 57 8 2327 28 9 2342 97 1 2343 45 24 2350 39 31 2363 38 5 2393 17 13 2408 36 3 2414 20 14 2421 19 6 2426 23 17 2440 51 6 2443 31 14 2446 85 20 2448 66 10 2450 80 7 2475 77 31 2475 99 26 2479 7 17 2525 60 28 2526 83 10 2528 1 31 2530 2 30 2530 9 23 2560 57 12 2573 45 20 2577 83 12 2581 79 10 2601 4 8 2601 67 21 2633 47 12 2647 66 0 2647 89 7 2661 61 9 2684 40 14 2698 71 13 2701 54 2 2704 71 12 2730 30 8 2731 75 13
838 187 3e-05 116 68 13 120 62 16 124 13 21 126 28 11 126 78 24 130 95 25 131 53 25 152 96 12 158 16 12 169 29 7 170 98 30 196 33 2 203 99 5 217 38 14 228 94 18 233 9 8 249 14 25 249 88 25 273 80 5 279 42 28 294 80 6 308 80 19 311 67 5 320 82 26 324 82 2 331 45 9 350 63 24 396 100 14 400 94 11 408 85 12 410 55 24 444 59 10 467 41 5 471 59 3 481 9 6 488 68 6 511 12 8 511 65 11 515 74 12 531 20 15 546 20 28 556 7 21 564 93 30 571 68 28 585 14 13 592 35 21 610 78 24 621 84 15 631 4 18 636 4 21 665 92 10 677 60 28 679 30 25 680 58 7 685 79 16 689 88 14 697 96 25 712 39 12 723 0 5 732 87 2 742 34 3 758 38 18 767 64 18 771 78 29 773 5 5 788 9 19 789 96 6 790 7 3 803 57 16 809 88 23 817 7 4 835 40 30 836 73 23 844 36 12 865 57 11 876 95 5 905 74 26 906 48 20 908 31 1 924 13 0 925 46 30 940 28 25 944 14 19 944 42 1 968 69 26 970 0 9 985 40 31 987 94 23 1003 49 5 1005 97 18 1014 79 16 1022 20 19 1810 36 12 1821 68 28 1835 89 9 1840 7 18 1846 40 27 1851 100 22 1857 96 19 1880 61 16 1881 36 21 1887 45 2 1904 44 28 1915 81 5 1928 83 14 1936 14 4 1937 49 22 1956 56 7 1963 50 17 1964 32 9 1966 48 19 1970 34 4 1975 47 13 1976 41 28 1986 48 13 1996 13 15 2004 99 0 2023 45 19 2039 7 14 2039 49 15 2050 86 24 2100 2 31 2111 27 8 2133 84 9 2135 90 30 2137 0 1 2152 72 15 2178 79 0 2204 21 1 2208 76 28 2224 91 21 2271 52 31 2275 0 13 2283 5 5 2295 2 26 2300 82 2 2303 64 19 2308 66 15 2314 4 9 2315 82 14 2327 40 5 2330 86 31 2340 30 7 2350 87 15 2385 100 18 2394 17 25 2399 50 30 2415 63 27 2416 12 25 2418 67 22 2427 31 19 2432 74 22 2434 18 16 2439 33 13 2449 61 10 2452 95 30 2466 77 5 2508 29 7 2509 46 21 2515 81 11 2518 35 15 2537 59 7 2571 82 12 2582 25 5 2582 81 10 2583 88 20 2585 56 18 2586 56 16 2602 80 4 2604 79 3 2609 72 31 2615 87 15 2616 93 27 2657 77 21 2694 86 11 2694 89 3 2697 52 9 2699 79 15 2707 73 0 2710 51 5 2721 64 2 2724 62 6 2728 75 12 2737 31 19 2766 74 13 2767 39 20 2771 93 20
839 187 3e-05 76 66 0 122 49 8 124 31 19 132 33 1 135 57 18 138 95 6 140 91 28 144 27 12 154 83 7 164 60 26 179 56 21 180 28 10 181 44 17 182 44 31 197 36 21 217 98 28 221 62 17 225 6 4 225 57 28 244 42 2 274 30 10 289 9 3 302 58 27 342 73 31 362 15 27 368 33 21 368 50 9 372 84 14 389 42 29 394 78 30 403 66 19 404 75 17 407 11 10 425 18 0 437 75 28 440 33 11 453 9 3 455 5 3 457 84 8 463 31 5 473 72 2 488 45 26 493 56 28 497 1 17 497 5 10 514 26 7 520 58 4 532 70 19 538 87 10 549 76 12 552 93 31 563 30 19 564 24 18 569 14 2 571 23 10 578 49 21 580 62 17 614 91 9 619 89 12 621 91 6 632 81 2 647 46 1 648 88 25 656 79 23 657 86 19 662 60 21 669 79 10 677 100 0 678 22 25 695 61 23 704 58 1 711 9 3 712 69 20 715 12 6 716 90 18 719 85 17 737 90 24 751 91 28 761 67 18 767 46 25 785 52 7 800 37 17 802 39 0 818 47 4 842 50 7 850 98 10 863 31 30 899 42 22 939 38 14 949 94 17 954 59 7 957 95 7 959 57 21 961 11 15 967 1 13 979 8 15 979 57 18 983 1 31 1006 40 8 1039 5 26 1824 83 30 1828 28 4 1830 90 4 1849 0 29 1865 20 12 1874 91 24 1885 10 15 1891 65 20 1910 96 10 1917 78 16 1919 0 4 1919 67 24 1928 46 4 1944 95 1 1961 72 10 1968 84 20 1996 98 27 2025 37 30 2075 13 17 2078 26 12 2084 74 23 2088 97 5 2108 46 20 2122 46 3 2131 7 4 2135 99 11 2144 32 13 2174 99 21 2182 32 21 2201 76 24 2211 58 6 2227 87 28 2239 16 11 2242 40 3 2275 80 15 2290 27 12 2290 69 21 2293 65 31 2302 94 15 2310 64 20 2316 100 26 2321 65 4 2326 1 31 2356 58 23 2358 41 14 2366 100 2 2374 1 11 2379 91 0 2397 20 26 2404 70 22 2407 98 19 2414 18 15 2414 33 13 2417 33 19 2425 99 20 2436 6 29 2440 31 17 2452 14 15 2473 29 3 2481 62 28 2490 34 31 2492 74 1 2506 41 5 2506 55 30 2512 33 13 2517 45 20 2526 50 19 2539 2 27 2539 29 14 2546 40 16 2552 88 13 2573 59 12 2581 88 13 2586 66 21 2595 79 11 2626 14 23 2628 81 28 2653 3 23 2668 80 22 2689 93 0 2709 2 7 2709 53 23 2727 20 3 2738 52 8 2761 52 6 2768 99 5 2771 79 13
840 187 3e-05 74 95 1 80 45 2 99 97 25 107 45 22 109 95 29 128 81 2 134 68 15 140 18 10 140 86 11 142 100 1 145 28 20 162 50 21 162 70 8 171 0 20 171 30 28 191 99 29 210 62 21 232 61 3 239 9 11 241 43 9 241 54 16 271 72 12 271 73 12 274 4 1 279 72 28 283 63 0 288 23 15 288 76 14 300 39 14 310 73 3 320 66 24 320 97 17 324 99 28 335 94 11 362 70 11 383 94 13 397 51 22 419 50 5 430 2 10 434 69 17 440 67 8 449 63 5 449 75 29 461 57 15 466 62 8 474 13 24 487 16 3 489 68 1 508 36 26 511 60 11 529 23 10 539 1 12 540 49 16 541 100 1 544 5 19 587 51 24 612 91 30 619 85 0 623 27 17 645 3 7 647 76 23 666 76 14 669 8 15 669 38 31 715 8 10 715 65 22 752 29 22 773 29 14 774 7 26 781 24 7 796 50 10 829 39 7 831 66 13 852 33 0 856 11 29 857 73 6 859 34 28 862 18 11 887 37 7 900 47 23 912 1 26 914 19 7 933 83 29 964 73 31 964 99 2 973 21 5 986 0 29 991 1 29 991 34 20 1038 91 10 1858 49 15 1867 68 0 1871 71 29 1873 42 8 1879 28 13 1880 0 22 1898 42 9 1904 11 14 1912 55 8 1923 30 28 1925 20 20 1939 64 1 1960 35 4 1982 88 0 1993 39 31 2019 49 12 2019 68 7 2027 80 17 2036 56 23 2046 97 19 2047 20 11 2055 13 15 2064 45 29 2072 34 23 2076 34 4 2088 8 20 2095 96 25 2111 68 13 2117 95 0 2118 35 8 2126 97 24 2128 46 25 2158 78 11 2165 63 5 2185 87 24 2185 88 0 2209 44 17 2212 3 4 2236 71 23 2243 27 0 2249 65 6 2264 47 23 2275 62 25 2283 94 28 2284 43 6 2285 59 13 2300 70 30 2304 81 19 2309 55 22 2310 17 30 2317 69 3 2340 63 16 2347 38 18 2353 7 16 2356 53 27 2371 60 18 2371 67 29 2388 48 22 2426 97 12 2445 98 17 2447 33 14 2464 84 16 2468 97 1 2491 12 29 2492 98 28 2493 63 0 2500 59 0 2510 5 6 2511 59 10 2511 80 18 2524 21 6 2524 69 18 2527 0 10 2534 48 27 2537 4 20 2553 12 10 2554 8 31 2562 69 17 2579 94 22 2584 13 4 2589 34 13 2597 94 1 2612 68 16 2635 54 24 2635 72 31 2636 78 13 2652 92 21 2658 2 17 2660 10 1 2676 78 25 2698 87 7 2726 3 30 2753 99 24 2755 35 31 2758 92 7 2766 60 11 2771 14 31
841 187 3e-05 76 5 9 107 15 10 110 49 23 118 32 26 130 63 21 131 16 24 134 48 27 134 78 21 157 22 7 189 54 10 232 21 5 235 46 19 238 21 22 238 37 27 243 59 25 258 26 18 266 23 22 271 51 13 291 17 25 297 91 23 304 53 1 311 62 5 316 5 30 320 19 7 333 80 22 335 23 13 348 50 17 350 52 30 351 71 5 353 72 14 364 23 25 366 30 11 380 68 24 386 57 5 394 97 30 395 2 0 417 92 18 422 84 20 426 79 24 434 71 22 436 94 10 448 2 22 458 32 7 460 28 28 472 62 29 482 49 28 483 83 2 497 31 10 501 65 24 504 39 18 509 87 15 524 87 25 538 1 7 566 48 2 584 65 23 599 45 15 600 44 9 601 21 26 608 58 22 619 10 16 621 80 24 646 41 14 651 42 8 672 76 12 686 18 10 691 90 28 698 52 9 707 75 30 726 68 0 728 47 19 729 10 16 734 21 12 735 6 13 737 85 20 750 87 9 771 9 14 780 25 3 802 74 7 829 5 8 847 28 13 866 94 29 882 38 30 886 13 22 886 35 23 890 55 10 901 48 20 905 86 29 932 83 20 949 75 18 953 51 20 954 38 7 962 88 28 968 92 21 1000 40 14 1006 40 1 1015 12 0 1017 53 23 1822 47 12 1829 56 17 1836 46 0 1843 29 11 1844 30 11 1862 98 14 1886 98 16 1896 50 22 1897 50 23 1912 96 30 1958 75 16 1963 90 30 1976 12 8 1985 59 15 2003 1 19 2012 5 12 2012 99 22 2020 74 29 2052 81 31 2061 79 21 2070 82 22 2072 43 20 2079 23 19 2085 1 7 2086 16 9 2090 1 3 2091 87 19 2096 6 23 2108 27 4 2115 38 1 2121 28 30 2121 62 3 2126 36 14 2143 48 13 2167 67 8 2171 62 11 2189 70 0 2192 26 4 2192 84 29 2204 24 23 2205 63 19 2206 61 2 2257 28 9 2270 28 18 2291 45 9 2299 29 9 2309 46 23 2325 72 6 2332 52 29 2334 59 5 2375 86 21 2409 82 0 2437 51 28 2487 36 31 2491 8 2 2494 88 14 2495 30 8 2499 95 7 2507 52 8 2512 47 12 2518 48 25 2531 44 24 2532 63 1 2550 41 10 2551 78 17 2554 79 3 2563 45 16 2567 43 16 2572 23 10 2578 100 17 2585 36 8 2587 75 25 2588 38 28 2590 96 14 2592 87 30 2602 86 14 2621 78 31 2625 3 15 2632 29 18 2640 71 25 2664 54 21 2664 93 7 2681 52 17 2683 51 27 2695 54 7 2698 26 23 2719 3 3 2725 51 19 2753 56 17 2754 39 25
842 187 3e-05 92 38 10 92 95 12 98 53 24 129 81 3 131 9 8 139 59 23 139 93 0 159 6 27 163 82 10 167 20 5 171 59 18 174 90 19 183 86 28 196 45 8 200 64 31 204 7 17 258 3 0 274 11 4 280 18 9 280 88 22 284 12 17 304 37 5 320 67 23 328 8 12 333 86 15 337 9 29 338 35 4 342 92 3 354 47 4 355 67 22 357 58 5 364 22 3 375 1 21 390 21 21 390 51 19 393 10 1 400 6 7 401 39 19 402 3 24 402 96 10 408 39 7 417 80 4 436 69 23 453 53 29 454 55 30 462 57 0 463 4 6 472 13 18 475 30 19 480 5 30 484 84 21 496 95 20 497 61 2 507 20 19 508 24 1 517 100 18 520 87 19 530 83 22 539 57 30 552 20 19 553 47 6 564 20 29 611 18 12 634 6 28 647 34 27 648 11 0 677 29 10 683 86 19 684 87 3 701 1 23 710 24 17 721 49 18 732 23 25 734 60 2 746 62 24 748 46 5 758 43 22 768 87 20 768 94 10 783 2 11 783 91 19 813 15 19 816 26 20 830 6 26 831 41 0 844 45 0 848 88 11 857 11 24 857 12 7 862 31 22 881 84 7 902 63 1 910 32 30 911 62 28 918 75 31 920 28 6 935 49 24 943 22 17 943 45 11 958 3 4 961 25 18 977 93 28 983 60 2 993 95 9 1003 65 22 1005 81 9 1011 72 6 1033 75 21 1035 33 30 1816 34 7 1824 28 28 1825 34 28 1845 43 8 1870 0 3 1881 4 9 1882 19 12 1886 8 29 1888 20 11 1894 13 25 1912 86 13 1958 65 20 1961 12 12 1964 33 0 1965 4 6 1967 38 7 2033 78 9 2036 58 10 2053 64 4 2063 52 13 2102 87 26 2108 19 10 2114 81 21 2132 3 2 2134 93 5 2154 87 16 2155 74 31 2157 69 9 2157 73 27 2159 88 6 2178 58 29 2179 8 3 2201 86 5 2210 84 10 2231 73 2 2233 54 18 2238 81 0 2239 36 2 2247 54 5 2249 2 27 2264 72 18 2290 34 13 2291 58 12 2294 84 15 2296 32 10 2297 85 20 2299 9 10 2299 82 10 2347 45 16 2348 90 8 2354 38 4 2375 95 17 2377 17 17 2435 72 29 2443 51 8 2475 6 20 2482 58 4 2503 98 12 2507 45 16 2516 52 9 2566 80 22 2573 39 30 2576 53 17 2591 77 22 2610 69 30 2626 91 30 2634 26 25 2672 30 31 2673 2 20 2673 2 26 2692 95 23 2699 72 5 2703 9 5 2735 19 9 2736 63 6 2738 18 14 2752 33 19 2769 83 11
843 187 3e-05 78 38 3 103 83 1 112 10 10 113 95 5 138 87 27 172 7 28 173 25 10 186 41 27 203 5 31 204 88 9 205 69 29 235 42 13 240 46 19 245 73 31 273 38 1 297 39 8 299 64 25 318 5 13 337 37 20 337 76 14 346 25 26 353 100 4 354 95 29 359 56 4 370 33 12 371 48 4 381 40 19 384 66 1 386 57 28 388 73 16 391 46 7 394 72 18 417 51 18 418 27 21 418 68 1 421 63 19 447 82 4 457 33 15 467 99 13 474 30 6 493 52 28 500 2 30 500 68 30 518 62 21 524 39 1 528 15 1 530 10 6 533 34 28 546 18 11 551 34 26 565 26 31 578 19 25 584 24 21 586 90 2 587 83 23 592 99 13 594 78 25 596 29 13 604 42 1 604 79 28 610 28 3 610 53 11 627 38 16 631 9 8 641 39 9 664 88 7 680 2 1 682 94 23 701 69 6 702 94 4 718 9 27 733 58 19 758 48 10 764 21 2 769 86 8 784 36 3 787 72 11 798 31 6 803 15 0 809 31 2 824 89 11 825 28 23 836 100 15 846 82 7 847 87 2 857 85 26 857 98 16 868 44 10 873 33 15 883 6 28 892 8 15 892 54 23 903 24 24 911 45 2 933 12 0 935 61 19 936 59 25 954 58 5 955 46 6 963 40 28 972 12 1 978 6 17 982 65 17 994 68 1 997 77 29 1028 51 23 1030 93 23 1035 16 0 1829 50 26 1841 45 9 1843 76 23 1870 13 1 1881 53 15 1896 91 22 1897 18 2 1899 88 2 1908 31 15 1916 46 12 1948 21 10 1952 2 12 1953 84 31 1959 75 23 1974 98 11 1983 59 28 1992 63 24 2008 29 15 2015 95 19 2029 34 27 2031 12 13 2034 44 31 2045 41 13 2050 67 16 2065 44 25 2070 82 30 2077 26 31 2097 85 20 2131 55 7 2138 57 6 2147 55 26 2164 61 16 2173 19 11 2186 83 2 2204 13 5 2209 60 9 2220 81 8 2225 60 3 2261 80 0 2288 58 21 2300 10 14 2315 94 29 2377 64 9 2384 59 5 2385 11 27 2399 42 13 2419 79 11 2437 66 5 2441 26 18 2454 37 6 2457 27 10 2460 56 3 2489 55 2 2502 53 20 2504 16 2 2517 27 0 2521 39 3 2526 46 28 2550 13 25 2553 87 31 2554 20 13 2574 38 17 2578 76 13 2594 95 7 2598 6 29 2605 16 24 2612 63 0 2614 11 25 2618 70 28 2640 48 26 2646 15 19 2663 71 23 2667 32 21 2715 38 26 2718 67 7 2727 98 8 2729 33 18 2750 69 19 2753 39 13
844 187 3e-05 78 72 10 81 38 12 91 59 0 97 18 13 102 74 15 114 99 9 123 25 13 134 28 3 144 93 9 155 9 28 164 63 18 177 84 14 178 49 31 192 53 0 200 31 12 207 59 5 230 3 30 241 89 8 243 71 2 245 0 30 246 36 12 270 75 27 275 91 0 293 33 2 309 42 13 315 82 24 330 63 22 341 35 21 351 68 26 352 48 22 366 41 18 367 97 29 382 92 11 398 100 19 401 84 8 408 93 23 414 98 28 423 40 18 434 58 29 437 73 10 458 34 30 468 93 27 472 48 25 477 89 7 486 51 2 487 81 22 492 66 4 503 17 24 509 11 12 563 58 6 566 83 8 581 55 26 594 10 18 603 100 2 622 83 5 626 83 31 646 41 6 655 93 13 659 54 21 666 67 31 677 4 14 679 20 8 689 42 17 710 93 6 712 24 10 721 73 28 726 73 5 727 14 29 756 85 23 757 65 19 760 52 19 772 61 20 777 14 19 793 21 11 799 19 24 811 53 20 817 87 14 849 63 25 856 81 23 873 6 5 873 45 23 915 83 14 918 67 9 931 85 23 952 94 31 961 82 24 962 39 8 966 68 11 970 10 5 980 17 29 991 47 12 994 19 21 995 87 29 1000 10 20 1013 65 29 1018 47 22 1029 18 29 1812 54 20 1821 59 14 1862 59 15 1895 67 18 1901 3 11 1901 56 2 1902 32 18 1908 68 14 1915 21 17 1916 23 19 1916 41 15 1961 32 12 1965 51 20 1993 52 28 2002 33 25 2008 62 14 2016 66 3 2036 2 20 2046 15 28 2049 45 19 2051 2 7 2056 59 15 2060 45 1 2062 83 29 2066 100 6 2070 8 24 2073 86 18 2084 64 2 2094 58 29 2096 39 15 2118 53 26 2126 86 9 2135 3 17 2159 48 26 2162 55 20 2180 85 25 2185 89 3 2202 62 2 2214 73 5 2236 47 31 2237 45 17 2238 16 14 2240 8 8 2264 24 20 2274 78 11 2288 1 3 2291 89 7 2304 35 18 2316 4 15 2319 66 5 2320 100 17 2330 45 23 2334 55 21 2341 40 19 2347 38 15 2396 46 2 2433 89 17 2433 100 12 2452 11 11 2456 72 23 2469 48 22 2479 36 26 2487 72 10 2488 16 0 2507 95 5 2538 47 3 2551 71 20 2553 42 5 2554 39 12 2561 33 18 2570 13 6 2570 34 13 2580 10 28 2582 43 22 2583 55 8 2589 61 5 2591 29 30 2615 94 1 2626 76 23 2635 61 18 2655 38 22 2668 87 5 2682 0 30 2685 59 11 2697 13 29 2700 9 16 2713 78 31 2733 74 30 2749 44 26 2757 87 19
845 187 3e-05 81 57 27 105 37 29 116 79 5 127 74 5 128 56 11 138 74 21 153 85 7 234 90 26 237 82 21 241 1 23 247 29 8 271 84 22 273 85 17 296 3 10 299 87 9 307 30 20 313 26 8 329 22 9 329 65 30 331 15 15 334 1 2 341 22 6 344 89 2 348 13 1 352 31 28 353 33 9 354 17 27 365 10 23 378 63 26 409 23 11 414 34 26 418 17 28 427 44 11 449 68 22 450 18 6 456 96 17 486 40 26 487 2 25 506 41 12 528 33 17 531 97 15 549 60 10 551 52 26 572 16 0 592 18 7 594 39 23 603 41 23 603 95 30 610 52 3 621 35 18 639 90 17 641 99 29 644 25 9 655 11 0 696 27 15 711 10 9 730 81 26 737 79 2 748 59 7 756 59 30 758 99 17 759 33 6 759 43 8 804 82 5 806 61 26 809 68 1 818 4 9 826 70 18 827 10 19 850 41 14 865 15 5 873 92 25 890 30 9 902 24 18 912 54 11 917 34 5 918 75 29 933 19 0 936 91 19 938 61 14 943 59 14 954 65 29 971 94 5 974 5 14 978 52 24 980 99 12 986 81 2 990 98 13 1031 5 14 1810 64 8 1835 53 26 1838 27 10 1850 77 26 1851 33 21 1852 66 2 1871 33 3 1912 45 17 1918 26 13 1919 30 21 1931 55 23 1932 28 15 1937 52 23 1949 98 29 1953 25 2 1954 91 3 1956 69 25 1962 38 29 1965 66 14 1983 67 10 2010 94 31 2011 75 7 2031 53 28 2051 79 5 2061 77 31 2093 88 27 2097 50 10 2104 74 20 2111 61 23 2136 31 30 2142 13 4 2167 46 25 2185 13 25 2215 1 10 2215 14 23 2224 54 22 2230 22 5 2230 81 2 2236 16 11 2239 38 5 2247 14 27 2252 7 26 2258 50 7 2258 72 28 2268 75 20 2283 64 26 2289 80 29 2307 79 0 2309 31 14 2310 25 24 2315 45 0 2319 77 21 2320 64 13 2320 80 9 2320 91 5 2324 25 12 2325 41 29 2329 59 26 2354 31 2 2368 0 9 2383 38 0 2385 44 18 2386 67 20 2397 99 17 2403 16 16 2408 3 3 2419 19 0 2421 35 25 2425 76 4 2432 10 17 2472 7 10 2474 0 30 2476 21 27 2488 94 0 2498 67 19 2511 15 11 2513 13 13 2519 61 1 2529 76 21 2535 41 1 2560 49 25 2566 44 11 2570 65 12 2598 83 28 2605 8 4 2612 88 25 2623 79 14 2630 22 21 2641 28 7 2675 23 2 2677 29 21 2687 72 14 2693 71 13 2714 50 10 2719 6 8 2727 7 4 2747 97 14 2761 24 25
846 187 3e-05 74 5 15 95 64 24 95 91 16 108 70 24 120 42 5 126 65 30 141 58 17 163 35 3 166 48 6 180 2 18 181 51 3 202 42 4 210 8 8 221 96 0 224 10 22 249 72 8 259 27 29 277 98 23 300 93 2 304 86 3 307 74 15 311 42 15 329 57 12 354 28 7 361 46 22 370 94 31 387 48 1 393 62 7 408 35 28 415 88 2 416 6 22 434 19 14 440 33 0 451 15 12 456 35 30 475 58 12 488 22 10 496 98 11 497 16 4 507 22 30 509 100 11 513 8 22 520 86 17 526 52 12 527 26 24 564 8 4 578 81 22 585 6 7 605 15 11 611 78 22 617 72 4 632 45 6 638 49 8 641 30 8 652 45 27 660 17 12 660 87 25 696 1 2 725 41 7 725 47 28 727 61 12 742 64 5 742 71 1 758 27 7 789 39 16 792 98 2 817 56 6 838 83 15 838 86 7 849 96 5 860 65 12 862 26 23 866 28 31 866 69 0 876 90 20 882 73 7 908 0 10 921 32 12 938 54 1 943 57 1 945 47 3 954 94 19 960 57 27 961 25 6 964 86 9 976 69 10 978 96 28 1004 15 4 1007 21 26 1027 68 3 1836 99 16 1837 30 26 1842 43 23 1847 72 6 1861 31 20 1870 10 5 1872 54 18 1889 20 31 1900 88 22 1913 50 1 1917 26 25 1918 89 25 1931 85 16 1939 22 18 1956 32 28 1959 92 11 1971 31 7 1984 79 22 1987 11 17 1993 62 17 2003 76 3 2028 79 14 2057 65 27 2060 33 25 2065 60 22 2073 80 13 2080 85 12 2084 52 27 2088 42 5 2089 43 21 2090 12 10 2095 96 24 2105 77 25 2111 70 17 2114 65 13 2140 48 27 2144 73 4 2153 68 21 2154 74 27 2164 93 26 2172 30 8 2204 72 9 2212 3 2 2219 38 14 2221 84 12 2222 30 25 2254 44 3 2255 21 2 2259 92 17 2263 31 19 2270 85 21 2271 20 17 2273 97 7 2278 62 2 2289 46 23 2290 6 23 2316 92 9 2319 18 9 2348 18 7 2355 83 2 2361 51 24 2382 88 29 2388 58 12 2390 17 3 2400 71 27 2406 80 22 2414 7 3 2439 10 16 2464 98 0 2475 98 9 2490 11 28 2495 52 30 2495 59 28 2510 51 21 2527 16 19 2534 75 11 2537 12 27 2543 97 31 2555 70 3 2558 85 22 2566 92 23 2571 73 30 2582 58 24 2610 96 6 2627 71 4 2662 56 0 2663 43 12 2666 15 18 2685 99 4 2696 17 15 2715 18 14 2728 23 30 2730 24 31 2745 37 0 2752 12 7 2757 25 27 2775 84 30
847 187 3e-05 79 98 10 82 39 16 91 97 31 93 54 10 110 10 15 110 40 19 117 30 27 145 73 31 148 64 30 150 27 14 165 100 18 176 53 30 184 97 12 196 97 5 202 52 4 205 30 14 205 58 16 215 16 21 215 17 16 221 9 26 228 40 18 236 27 13 245 92 23 247 73 12 254 41 15 257 37 16 261 73 29 266 35 9 269 69 9 311 56 17 312 61 21 320 17 16 321 85 19 336 77 27 349 65 4 362 77 13 381 99 8 403 48 14 409 80 17 411 90 1 426 31 15 440 48 9 445 59 27 445 88 22 448 40 9 490 67 27 517 80 7 558 81 3 566 2 30 568 80 23 569 39 19 569 76 11 576 8 0 594 72 26 630 85 16 656 51 2 662 26 1 672 49 1 678 53 9 684 1 21 712 6 5 726 18 13 726 65 22 732 84 1 739 36 16 763 56 30 766 58 20 788 7 23 806 50 26 825 79 21 826 31 27 841 95 27 847 82 16 848 56 21 863 69 24 868 31 19 892 87 30 909 40 10 910 19 22 925 64 28 938 95 22 952 72 26 969 59 4 974 85 2 983 52 14 986 38 15 1002 66 17 1007 12 8 1010 87 9 1012 40 0 1022 96 13 1029 24 4 1821 83 10 1826 68 13 1827 71 16 1830 30 19 1847 97 24 1858 2 12 1862 81 28 1866 57 5 1869 12 22 1869 13 21 1878 58 12 1878 97 30 1879 50 20 1885 0 18 1913 21 16 1928 17 26 1958 81 16 1967 23 18 1970 83 5 1981 91 28 1988 68 5 1993 37 27 1999 77 29 2006 99 11 2029 42 6 2049 81 21 2077 66 21 2080 52 10 2090 4 2 2093 74 7 2097 47 26 2107 7 21 2124 37 22 2132 28 25 2134 65 12 2144 51 2 2149 57 10 2165 34 27 2174 22 19 2179 70 1 2188 64 0 2188 90 27 2219 67 19 2249 53 10 2265 98 21 2277 87 31 2287 0 12 2289 75 29 2317 45 5 2324 37 21 2326 84 11 2328 12 28 2349 82 6 2354 19 30 2354 48 14 2368 62 31 2384 9 21 2387 99 11 2390 98 29 2403 24 17 2421 63 4 2442 94 5 2452 35 16 2454 26 28 2456 80 13 2457 38 29 2463 44 7 2466 16 9 2498 81 14 2505 79 17 2506 50 22 2527 68 12 2531 11 22 2543 38 31 2545 96 0 2553 71 7 2558 8 4 2574 21 4 2584 53 4 2637 53 18 2651 51 25 2675 4 4 2675 41 16 2686 67 31 2700 88 3 2708 30 25 2710 20 10 2727 82 5 2728 14 8 2728 49 31 2736 47 18 2742 94 27 2750 73 4 2756 19 15 2757 21 0
848 187 3e-05 82 85 4 89 20 27 103 68 25 107 68 14 108 46 16 115 76 6 124 83 3 132 18 6 135 99 4 137 81 12 138 69 11 139 80 17 153 27 27 157 79 15 163 15 19 178 91 0 206 9 29 210 77 20 215 4 14 247 66 29 250 14 1 252 61 29 272 89 14 277 23 15 287 8 28 320 71 8 330 39 14 335 54 22 345 60 25 349 6 5 349 17 31 349 28 24 353 45 25 359 4 8 365 8 3 376 75 18 381 20 2 381 53 4 384 24 29 470 37 14 489 58 14 489 82 28 491 8 17 491 18 27 501 60 23 507 61 22 515 37 17 516 94 14 526 49 10 559 73 18 566 93 19 583 97 6 604 96 1 610 82 1 629 96 10 651 45 25 653 49 13 654 0 25 654 78 27 656 25 19 661 32 28 664 94 9 667 21 28 670 13 8 727 32 30 730 88 25 736 6 27 738 53 28 739 38 18 764 50 18 764 52 18 769 9 5 782 11 3 783 30 17 807 94 19 816 33 23 826 69 21 832 32 24 840 51 21 860 14 2 901 40 27 926 58 22 936 15 15 937 57 12 955 77 25 996 54 15 1002 44 1 1007 91 17 1009 56 5 1026 16 1 1035 25 31 1825 5 11 1828 58 29 1837 27 8 1845 97 13 1853 24 19 1856 69 22 1863 69 10 1867 2 31 1876 90 16 1888 31 10 1894 17 26 1912 3 11 1917 65 0 1923 38 25 1938 47 20 1956 31 12 1957 78 4 1960 91 3 1964 61 4 1973 47 15 1985 2 14 1989 73 17 1997 26 14 2035 0 8 2051 65 26 2061 33 4 2075 99 19 2076 4 17 2077 65 7 2080 99 1 2081 42 5 2088 48 2 2101 70 27 2102 67 25 2106 3 21 2115 88 14 2119 55 3 2164 12 22 2164 56 21 2167 27 9 2169 52 12 2194 13 20 2207 52 17 2223 43 29 2224 42 14 2227 38 15 2251 10 23 2278 8 23 2281 75 27 2281 86 22 2287 51 24 2295 98 29 2306 98 6 2307 8 28 2310 86 1 2313 30 19 2315 41 23 2319 4 15 2341 13 2 2348 78 0 2370 95 31 2371 68 6 2374 80 4 2395 70 1 2400 49 17 2409 49 17 2427 62 24 2460 47 8 2475 79 23 2490 8 8 2497 81 28 2525 92 22 2541 25 14 2553 10 14 2559 6 25 2586 9 31 2588 11 0 2596 74 11 2613 41 18 2615 34 8 2620 3 23 2629 58 31 2637 19 23 2662 77 18 2664 97 22 2696 40 17 2702 37 12 2709 6 21 2711 46 15 2719 4 7 2737 77 24 2749 51 19 2768 7 11 2770 98 30 2773 16 17 2775 91 19
849 187 3e-05 87 99 6 88 5 11 92 48 10 95 34 13 103 10 10 123 80 15 130 29 31 135 78 12 140 12 25 142 28 13 158 36 27 164 32 18 173 62 16 175 100 14 198 18 24 208 26 11 225 59 17 239 82 6 245 86 21 250 48 28 253 47 8 266 61 16 274 39 21 286 78 25 298 55 10 305 86 30 317 21 27 333 2 19 354 28 21 354 33 27 361 93 21 374 95 13 380 96 0 387 6 2 391 67 13 395 36 14 405 27 1 414 41 2 431 83 26 432 95 6 463 52 9 488 98 10 495 73 3 496 19 12 497 44 27 500 8 3 509 58 23 519 42 25 528 71 7 532 27 30 566 30 26 581 7 13 616 95 10 620 53 4 642 25 29 645 72 17 652 15 31 664 43 16 671 24 25 708 59 26 724 24 26 758 20 17 767 87 25 795 28 31 796 54 28 800 79 22 807 86 0 811 100 29 815 72 27 817 95 29 829 89 1 850 82 5 853 94 31 872 30 21 897 37 15 900 73 10 914 63 30 921 5 11 921 16 13 924 51 24 931 11 28 931 57 7 938 43 3 939 30 29 951 90 26 953 39 18 956 50 23 974 45 20 981 20 10 982 16 3 1009 47 14 1021 84 17 1035 12 24 1038 81 27 1815 37 24 1817 91 8 1839 69 21 1855 80 20 1867 45 27 1869 48 8 1892 55 26 1903 32 10 1909 56 15 1918 52 27 1924 63 1 1949 96 17 1960 26 3 1973 28 22 2012 11 18 2013 45 31 2025 82 24 2038 83 23 2049 18 16 2087 29 5 2087 29 21 2097 2 14 2107 93 24 2111 37 9 2118 4 2 2138 63 31 2138 98 3 2140 72 4 2153 17 15 2168 66 3 2170 94 10 2188 76 28 2218 10 13 2219 46 0 2227 31 2 2229 22 22 2229 37 25 2235 87 10 2244 22 5 2245 50 24 2250 93 30 2273 28 23 2281 7 29 2296 88 11 2308 14 14 2318 10 9 2322 47 13 2334 4 13 2336 57 6 2344 51 13 2356 38 3 2361 50 7 2393 7 3 2394 6 19 2410 88 22 2411 99 6 2415 29 13 2416 98 16 2420 90 17 2421 57 30 2430 54 11 2433 4 15 2455 70 30 2458 4 10 2461 35 31 2480 60 30 2488 94 30 2490 2 16 2498 98 1 2513 60 7 2513 92 7 2517 68 17 2525 72 5 2533 48 5 2544 7 19 2546 77 11 2567 60 31 2570 27 3 2602 70 28 2606 43 20 2627 59 22 2636 53 14 2649 63 19 2668 91 13 2676 70 30 2686 33 24 2687 78 17 2708 94 12 2710 79 24 2714 90 10 2719 37 19 2729 94 11 2769 62 28
850 187 3e-05 89 63 12 97 7 16 121 98 14 140 55 30 147 13 25 151 76 26 157 17 22 157 81 0 165 45 26 173 27 28 175 58 8 178 79 28 181 33 3 189 7 14 220 2 30 225 23 13 225 73 14 234 34 27 238 54 29 246 34 7 265 6 24 285 16 18 287 53 6 299 76 22 302 6 4 303 68 22 304 69 16 306 8 19 306 78 2 333 16 6 333 95 10 337 57 20 344 19 11 349 68 8 364 28 11 383 90 9 386 7 23 396 69 12 400 43 1 434 14 18 458 75 27 460 28 16 461 42 29 465 20 6 470 32 10 472 8 19 477 68 25 483 62 20 506 36 27 509 14 22 539 24 26 576 3 15 577 68 12 592 41 1 622 50 16 623 55 31 629 4 22 639 52 31 641 1 11 642 21 3 648 20 29 648 95 15 660 31 4 682 26 6 687 22 5 710 36 28 712 52 5 715 96 2 718 17 28 720 64 6 740 81 7 760 60 18 782 86 16 802 25 20 812 7 14 838 46 19 842 1 8 849 40 19 851 6 3 852 23 5 856 45 8 866 80 12 898 46 31 915 42 5 941 45 28 950 77 18 951 89 3 965 87 30 970 23 27 972 50 13 975 22 12 980 41 25 994 48 5 1015 53 8 1016 88 1 1022 63 29 1038 96 10 1816 9 6 1827 37 1 1849 79 9 1864 86 31 1884 90 13 1884 91 8 1887 3 5 1908 57 30 1908 89 10 1913 48 3 1930 53 15 1941 21 29 1970 73 30 1975 96 17 1992 17 30 1998 29 8 2013 61 1 2015 13 13 2025 58 20 2032 47 25 2038 53 2 2041 27 19 2047 7 18 2062 51 18 2073 28 5 2135 65 8 2172 26 14 2173 20 23 2177 33 25 2178 94 13 2187 46 19 2215 37 22 2229 3 25 2238 68 4 2244 43 22 2250 2 19 2258 40 0 2264 35 18 2274 97 15 2289 40 30 2290 86 28 2293 27 17 2296 19 21 2300 35 9 2308 33 23 2316 84 19 2325 7 15 2329 79 10 2335 96 27 2338 53 23 2345 44 28 2356 3 2 2376 66 9 2384 50 29 2388 99 16 2391 75 17 2392 6 23 2395 12 7 2399 97 17 2425 19 19 2434 76 29 2445 46 11 2451 32 6 2464 31 24 2477 58 1 2477 92 16 2492 24 27 2494 48 4 2509 85 16 2543 20 28 2569 37 29 2583 60 24 2593 60 3 2597 31 29 2600 68 30 2601 37 30 2611 22 14 2630 12 10 2634 72 4 2651 28 14 2656 68 30 2662 97 20 2664 78 20 2699 13 1 2707 97 3 2711 42 0 2718 22 11 2749 50 3 2751 93 4 2767 86 26
851 187 3e-05 91 7 28 91 49 25 91 89 21 99 11 27 111 1 18 118 59 18 123 71 18 152 84 20 156 16 23 157 53 29 168 20 21 178 20 0 191 26 29 197 95 25 219 76 18 223 45 1 223 76 25 243 21 2 243 69 6 243 77 10 246 95 29 251 43 18 281 25 29 290 3 13 296 43 28 305 10 2 306 19 6 316 22 2 316 91 16 317 37 6 326 35 8 345 57 5 357 8 6 364 20 15 364 50 8 366 82 20 368 70 6 373 59 1 377 85 7 391 91 5 415 83 30 431 43 28 453 42 15 460 13 13 482 26 28 491 100 6 492 53 28 501 61 16 514 67 21 519 21 2 527 97 25 540 72 13 552 92 0 563 6 3 566 90 28 580 91 14 580 95 30 597 11 29 601 41 18 604 40 1 618 60 2 652 40 21 662 95 8 670 13 28 674 75 4 679 32 19 685 24 13 686 78 15 691 5 24 703 97 25 708 43 5 714 70 22 722 70 4 727 91 1 732 68 7 734 60 24 744 24 23 746 0 16 759 69 17 767 33 0 777 7 2 785 58 13 786 39 16 790 58 0 816 87 31 817 62 13 817 97 0 843 73 19 854 77 0 859 72 29 864 30 5 870 63 11 896 53 15 913 69 10 917 1 8 925 66 0 928 55 19 936 88 8 939 48 30 964 20 23 980 23 6 988 94 13 1003 17 28 1004 39 11 1826 98 1 1831 57 1 1838 25 31 1842 71 24 1850 46 28 1882 25 28 1885 53 2 1886 90 30 1889 73 8 1899 8 16 1902 15 6 1906 3 0 1913 39 13 1914 3 15 1925 15 20 1926 0 25 1949 77 19 1956 98 25 1957 87 17 1987 85 24 1998 23 23 2011 89 20 2042 19 18 2048 38 8 2064 45 4 2065 97 17 2070 70 6 2089 18 9 2090 21 27 2098 13 14 2098 63 25 2104 84 0 2110 1 31 2117 29 26 2124 82 22 2167 51 9 2174 22 22 2174 60 28 2176 51 29 2204 59 8 2207 79 19 2235 39 9 2237 59 13 2245 47 20 2260 0 0 2266 24 3 2267 25 31 2272 91 9 2278 63 1 2296 42 19 2297 22 26 2319 89 7 2324 60 1 2335 7 5 2342 35 3 2353 52 6 2355 45 17 2365 24 9 2397 30 13 2404 86 26 2410 65 9 2422 77 12 2461 42 10 2474 57 4 2489 18 3 2510 49 25 2524 42 27 2529 48 1 2533 76 7 2576 40 1 2593 66 24 2609 2 14 2614 10 19 2617 63 4 2658 95 17 2662 64 10 2679 63 7 2705 46 0 2737 94 4 2747 23 14 2749 1 26 2751 18 23 2755 16 21
852 187 3e-05 84 25 6 97 66 1 118 0 23 122 62 24 124 56 20 127 75 26 153 10 19 160 68 17 161 79 9 181 21 4 187 24 5 227 40 31 232 32 18 244 6 23 270 19 12 274 11 7 276 14 24 290 99 20 291 20 16 293 49 15 296 50 0 305 25 15 333 23 29 339 91 12 341 53 20 359 2 20 363 41 20 394 83 15 399 99 5 404 32 8 408 94 15 418 3 8 425 93 29 445 66 25 458 54 23 471 61 21 473 42 21 473 56 8 475 65 20 491 45 7 498 72 18 502 80 2 520 15 8 520 32 20 528 34 26 542 49 27 545 73 28 562 51 12 568 7 10 568 61 20 588 22 16 597 98 12 611 20 11 613 91 15 622 29 31 627 22 3 632 62 20 641 26 25 662 78 12 682 38 6 687 9 17 687 17 23 739 62 23 750 35 30 756 15 18 760 41 31 776 2 25 790 92 11 793 7 7 797 54 18 803 96 11 804 28 14 809 98 17 810 30 31 821 20 9 824 90 2 828 57 22 831 7 23 845 23 29 860 83 18 861 42 9 866 40 29 885 36 26 905 61 12 917 47 22 919 90 21 927 22 7 933 79 21 952 40 10 990 34 4 1009 44 20 1017 65 20 1019 14 16 1025 1 17 1029 18 16 1038 63 7 1809 47 4 1810 0 21 1813 31 11 1823 44 16 1825 30 1 1846 24 15 1891 50 23 1903 5 9 1912 50 8 1912 87 30 1920 81 29 1930 47 0 1937 64 7 1941 21 23 1948 27 27 1952 27 2 1958 17 19 1989 18 5 1990 22 17 1993 63 2 2000 25 20 2000 66 12 2001 6 18 2002 17 0 2019 95 28 2041 98 0 2048 79 19 2049 24 24 2058 80 18 2065 91 30 2103 27 8 2113 17 2 2124 32 18 2136 30 16 2151 33 6 2153 13 4 2169 46 11 2174 85 17 2197 92 11 2202 8 0 2237 20 17 2250 53 1 2251 1 14 2276 65 8 2295 83 21 2306 83 2 2314 46 10 2314 84 15 2318 97 29 2345 80 28 2355 78 14 2367 78 12 2373 98 2 2378 13 10 2389 81 26 2400 29 19 2423 70 0 2440 80 18 2443 73 6 2448 29 29 2454 14 23 2468 51 8 2471 58 13 2481 95 15 2492 2 15 2519 11 31 2533 62 19 2536 71 5 2540 74 4 2541 93 16 2552 57 17 2557 58 14 2559 47 22 2572 32 0 2575 80 19 2575 94 9 2583 73 20 2599 39 5 2615 76 9 2626 23 26 2628 53 22 2665 52 9 2668 81 29 2673 79 17 2676 71 1 2676 77 22 2679 2 31 2690 86 14 2699 33 4 2760 0 4 2761 13 8
853 187 3e-05 91 58 4 92 16 5 103 84 24 117 53 21 125 3 12 126 17 19 129 20 17 137 88 30 138 71 6 139 76 18 140 1 5 141 89 19 161 44 24 168 43 24 183 63 12 184 35 4 198 75 17 199 25 7 203 53 3 204 17 2 204 24 13 227 32 2 239 92 17 276 73 7 281 73 12 291 67 14 317 49 17 340 50 28 345 28 16 354 29 16 359 1 3 364 45 2 367 42 9 380 9 1 384 89 4 399 97 13 426 22 1 432 43 17 435 99 5 445 63 20 462 15 9 464 51 1 468 37 27 472 75 23 493 7 31 499 12 30 502 26 11 510 45 3 525 0 11 527 71 23 536 35 29 554 44 23 577 11 27 599 73 16 601 66 30 612 66 16 629 83 26 639 92 3 647 83 23 649 40 21 658 56 18 664 0 11 672 47 3 677 17 8 682 51 30 703 45 19 708 7 12 711 37 1 719 93 15 720 57 4 734 29 11 740 31 7 753 16 6 766 24 8 775 91 23 780 93 5 808 12 7 810 89 11 828 25 1 852 4 0 872 81 31 883 28 16 888 48 15 923 54 19 925 68 4 926 49 31 947 34 30 983 16 12 1001 100 23 1002 56 9 1021 41 22 1027 75 17 1029 13 10 1038 98 15 1811 39 26 1812 5 15 1820 72 6 1841 85 1 1862 35 14 1868 70 1 1876 19 16 1879 24 5 1892 22 13 1901 30 16 1929 62 10 1942 54 1 1947 31 6 1953 77 16 1962 53 28 1963 61 7 1966 67 17 1967 18 27 1982 52 24 1988 70 20 1992 14 31 2003 90 17 2008 72 24 2011 98 4 2027 46 21 2036 12 4 2036 86 31 2038 45 24 2051 71 15 2060 82 15 2072 32 27 2079 64 6 2088 4 17 2111 23 7 2154 47 2 2157 16 31 2166 10 4 2203 96 2 2211 98 18 2233 87 27 2266 4 24 2281 20 23 2285 35 26 2292 75 18 2295 13 30 2300 6 22 2310 68 19 2312 45 30 2336 36 4 2348 10 20 2387 1 30 2390 37 17 2395 92 0 2402 34 20 2410 74 23 2412 33 21 2428 88 23 2439 13 0 2440 34 28 2452 84 24 2461 79 15 2472 6 30 2483 97 2 2492 75 14 2499 63 0 2506 73 31 2516 61 11 2526 36 11 2530 26 25 2568 38 31 2592 10 6 2598 63 16 2611 78 26 2624 13 4 2639 9 15 2644 84 4 2653 40 10 2657 66 28 2663 41 0 2667 58 17 2679 46 29 2679 61 17 2683 1 9 2694 30 12 2728 56 9 2729 57 0 2730 2 23 2740 35 5 2740 71 13 2752 86 24 2753 72 2 2753 93 26 2769 75 12
854 187 3e-05 83 51 0 86 45 0 100 74 29 107 52 11 111 2 0 116 6 20 128 71 28 137 29 14 140 11 8 146 72 0 146 92 27 149 27 3 159 43 13 172 90 17 173 37 22 202 85 16 218 45 5 221 9 29 241 30 12 249 69 28 253 83 0 270 1 1 273 2 17 279 71 18 291 4 9 305 75 21 307 100 10 317 23 29 318 98 2 352 37 1 357 87 28 360 16 20 374 54 4 374 97 3 378 4 12 380 0 18 381 68 17 404 6 11 417 5 17 421 53 17 429 37 2 429 97 27 440 80 17 448 63 15 457 47 10 483 98 8 484 50 13 486 16 5 488 81 2 490 55 31 493 90 27 500 11 13 511 4 24 521 88 9 531 51 14 553 20 7 560 73 3 566 87 31 574 87 23 584 19 23 608 43 24 629 18 20 638 26 19 694 34 30 694 38 6 725 24 4 735 69 30 760 29 4 761 11 5 764 7 27 765 46 8 779 21 18 819 78 24 820 45 3 829 98 16 836 49 14 856 13 21 857 39 25 874 96 15 880 43 2 882 57 25 905 2 22 906 70 7 906 87 22 917 9 21 937 67 7 950 34 1 961 72 24 961 74 0 963 53 20 977 46 14 1007 2 9 1026 30 24 1037 15 15 1817 26 29 1818 82 30 1821 99 18 1840 11 28 1853 39 17 1857 24 2 1858 44 9 1881 85 6 1933 67 6 1938 69 13 1939 12 10 1967 12 30 1971 30 31 1973 16 9 2030 51 27 2050 66 22 2051 30 3 2070 2 23 2070 38 0 2072 69 12 2074 16 17 2139 37 24 2154 4 7 2160 13 4 2163 51 0 2172 49 0 2182 68 20 2201 24 19 2252 90 21 2266 48 3 2281 60 13 2289 28 27 2295 86 1 2298 85 7 2303 56 18 2308 63 28 2310 58 12 2330 13 26 2330 22 28 2339 5 17 2344 34 7 2355 45 19 2357 26 24 2364 26 19 2375 93 26 2395 82 30 2421 76 8 2425 43 5 2427 83 6 2452 90 12 2458 41 24 2460 48 8 2466 32 24 2481 95 14 2484 7 11 2485 36 2 2490 71 8 2499 0 18 2501 61 20 2503 57 2 2517 15 12 2518 77 3 2523 90 18 2529 55 18 2530 20 3 2536 47 7 2542 64 21 2543 83 10 2545 92 29 2548 95 6 2550 76 14 2557 86 17 2561 68 27 2573 79 9 2579 75 28 2606 73 4 2611 68 30 2612 74 18 2635 89 31 2642 25 1 2645 59 1 2649 73 12 2654 54 22 2660 15 26 2665 43 2 2670 21 26 2693 90 29 2730 48 22 2733 35 30 2736 9 25 2737 65 15 2757 46 3 2775 5 25
855 187 3e-05 72 21 14 90 75 30 102 25 14 183 63 23 184 49 12 190 26 12 199 94 6 211 82 7 213 52 20 253 2 21 259 49 28 272 41 16 277 19 8 278 63 10 295 22 31 324 34 6 324 82 14 330 69 24 354 0 15 360 21 22 377 24 9 377 30 30 379 85 23 384 81 15 385 11 25 386 61 21 405 83 12 426 42 1 437 83 22 461 23 11 462 2 15 464 31 9 464 99 4 484 34 10 497 54 30 506 78 9 507 19 21 513 58 20 514 92 16 515 26 29 522 25 21 534 4 10 540 13 31 542 81 8 551 78 19 570 63 8 590 23 1 591 74 14 592 45 17 594 42 18 598 4 18 604 0 14 610 42 30 628 29 0 632 96 29 649 12 19 649 55 18 665 74 30 696 9 10 696 96 14 715 10 27 736 34 0 746 90 24 777 92 14 800 88 27 802 58 0 812 86 13 816 81 16 821 26 30 824 5 1 828 28 21 828 80 1 866 27 30 901 78 20 906 22 22 907 38 25 908 66 29 909 0 15 914 13 31 920 29 0 924 32 24 924 39 31 927 78 19 930 31 3 933 17 15 939 85 27 940 39 23 941 75 0 942 50 0 1005 18 23 1016 73 2 1023 44 5 1030 72 17 1032 61 30 1035 33 15 1820 27 19 1820 50 31 1838 88 30 1851 39 31 1898 81 1 1902 5 30 1928 6 26 1936 74 0 1938 92 13 1945 49 9 1954 28 23 1973 43 0 1981 50 7 1997 74 30 2019 51 5 2020 89 31 2022 90 8 2026 96 27 2035 22 20 2041 98 17 2044 73 11 2044 77 20 2046 24 10 2053 64 11 2057 15 29 2065 8 10 2068 99 31 2076 41 8 2081 78 6 2081 86 18 2109 48 30 2118 42 9 2124 57 13 2132 77 3 2143 45 5 2155 76 9 2169 59 29 2201 24 7 2205 51 0 2214 99 18 2224 58 26 2234 41 2 2234 62 25 2237 81 7 2242 67 20 2254 11 27 2271 52 29 2282 31 17 2297 34 28 2319 8 26 2362 62 2 2376 47 14 2391 20 29 2392 96 5 2412 100 17 2415 23 31 2424 28 29 2425 92 9 2434 34 11 2445 96 12 2457 34 31 2469 89 19 2473 65 7 2486 23 23 2499 30 25 2501 53 20 2501 87 8 2505 18 28 2509 34 8 2529 9 30 2536 86 13 2547 18 23 2566 86 20 2574 46 25 2581 96 15 2585 2 9 2601 65 1 2623 86 19 2627 55 30 2637 58 22 2645 38 0 2698 15 23 2701 78 11 2704 14 19 2709 82 27 2710 41 14 2714 5 0 2721 3 19 2736 8 28 2752 70 25 2756 23 31 2771 60 16
856 187 3e-05 97 39 1 104 20 2 116 16 5 122 43 5 122 87 29 150 59 17 164 79 15 172 25 28 173 26 28 201 15 29 201 88 1 206 35 11 216 29 8 218 3 25 222 17 5 236 92 25 248 82 11 249 16 21 255 67 11 341 70 5 345 88 7 353 67 15 355 37 24 356 72 27 358 76 31 363 100 23 367 19 26 377 1 8 401 4 5 448 96 5 450 76 21 459 8 15 465 71 12 471 61 22 480 54 16 490 11 11 506 9 10 532 77 10 544 52 14 556 58 19 563 12 3 598 43 11 601 75 30 604 97 28 609 23 2 625 28 13 628 38 14 639 84 14 642 9 6 650 50 9 652 25 15 678 3 23 679 72 18 704 18 10 707 22 25 707 41 31 713 44 27 714 45 10 714 56 14 723 80 31 724 44 24 756 63 23 772 29 27 773 89 30 779 77 18 787 77 22 792 15 24 811 25 31 811 35 17 814 84 13 818 76 20 842 89 14 845 98 23 846 72 11 846 90 26 851 35 26 851 68 19 860 19 0 866 40 4 875 4 12 878 65 23 879 96 11 912 14 25 942 9 15 960 37 12 971 4 5 971 55 17 972 56 18 1001 18 22 1001 95 3 1006 25 4 1809 71 19 1813 71 22 1824 11 13 1847 76 17 1858 64 5 1859 9 27 1864 22 31 1870 19 15 1909 15 7 1924 78 15 1925 25 21 1925 72 16 1942 26 20 1944 36 17 1962 38 21 1978 1 23 2008 57 16 2008 70 28 2017 27 26 2027 22 19 2032 42 22 2043 42 3 2045 86 13 2050 18 10 2058 93 11 2123 96 10 2124 74 2 2132 66 24 2136 79 14 2138 64 28 2151 50 4 2168 98 5 2182 21 20 2188 19 5 2193 87 6 2198 39 0 2204 9 12 2214 32 23 2220 23 14 2226 92 0 2229 22 29 2235 98 4 2244 91 6 2264 23 13 2276 89 22 2277 78 8 2304 19 19 2305 20 19 2305 58 2 2329 76 15 2332 29 9 2336 16 20 2344 10 12 2344 30 13 2377 68 26 2391 73 6 2393 95 21 2402 74 17 2403 54 12 2403 94 20 2405 77 2 2408 30 18 2429 3 21 2436 2 6 2446 8 5 2457 27 4 2467 41 11 2487 94 2 2510 18 18 2512 90 17 2521 24 13 2526 20 0 2526 75 31 2527 34 2 2527 40 7 2528 2 27 2532 90 11 2540 1 17 2552 33 5 2554 27 31 2558 39 31 2574 83 26 2591 0 30 2639 8 29 2651 46 24 2663 46 7 2665 18 21 2681 97 2 2698 39 21 2705 3 0 2711 23 0 2718 54 4 2723 12 14 2728 85 15 2736 94 26 2756 69 6
857 187 3e-05 77 6 15 83 82 6 84 99 10 85 76 29 105 71 17 119 18 20 119 86 13 162 87 31 216 98 30 230 43 3 265 48 16 267 4 23 270 45 26 271 69 29 272 6 3 275 12 8 275 72 4 282 35 8 286 80 28 299 4 7 300 13 25 310 65 1 322 96 22 327 100 28 334 18 20 347 53 24 353 25 23 359 53 17 370 39 4 379 95 9 382 62 26 386 64 19 423 64 19 427 11 18 431 5 2 440 37 24 440 75 5 447 66 21 451 52 0 466 73 18 487 94 22 490 5 30 494 9 1 511 27 18 532 80 14 533 44 25 535 26 22 536 52 12 563 88 9 564 71 15 568 20 13 570 65 0 576 24 8 597 80 30 607 53 29 607 60 18 627 38 5 632 58 20 654 18 16 661 87 5 670 88 21 677 26 29 682 82 15 684 18 17 699 64 3 703 5 16 703 63 10 712 18 20 713 25 2 723 91 24 753 40 18 760 13 23 764 9 17 777 14 4 777 39 23 801 67 11 807 58 18 821 2 30 832 67 0 843 66 24 847 72 18 854 79 6 886 73 17 891 54 3 903 43 26 915 55 23 915 57 18 922 41 10 930 73 19 939 20 6 944 50 2 961 97 28 962 9 27 978 41 27 978 72 11 989 42 20 990 69 21 994 45 6 1012 1 17 1810 73 0 1844 47 17 1861 7 21 1865 22 24 1873 87 3 1886 39 10 1891 89 1 1916 65 22 1970 91 20 1976 79 20 2000 54 3 2001 19 29 2004 45 13 2004 45 21 2017 82 26 2039 42 1 2040 90 22 2048 58 22 2051 52 2 2068 55 10 2096 58 21 2107 54 26 2116 26 19 2121 78 19 2122 39 30 2131 21 6 2146 8 19 2149 36 28 2177 25 22 2185 18 17 2190 92 5 2191 69 14 2200 22 19 2209 42 19 2212 25 15 2219 27 7 2239 37 16 2258 49 16 2283 88 13 2301 5 9 2317 89 28 2317 90 2 2328 3 1 2354 44 5 2358 12 25 2358 85 22 2361 5 6 2374 1 18 2380 9 28 2405 78 29 2415 42 27 2423 43 19 2427 90 7 2437 2 3 2439 93 28 2448 8 13 2453 39 10 2454 27 24 2462 72 25 2464 41 4 2484 33 14 2496 25 26 2505 67 21 2505 89 0 2514 46 7 2526 61 18 2535 42 23 2541 5 30 2549 25 7 2578 20 22 2587 24 22 2594 79 2 2615 81 3 2631 30 3 2663 34 6 2670 37 12 2678 65 15 2684 37 7 2687 9 28 2688 61 29 2691 9 12 2701 50 21 2708 3 30 2715 46 20 2716 82 0 2721 58 8 2725 91 28 2735 16 24
858 187 3e-05 73 60 18 94 60 13 105 18 0 114 16 28 114 73 6 119 17 17 126 21 5 135 69 6 143 25 3 147 80 4 174 90 0 182 19 14 193 43 6 200 50 29 202 25 13 213 35 14 218 0 1 219 48 7 227 99 16 232 39 13 232 90 27 260 19 5 265 96 21 275 15 9 279 73 20 282 86 17 286 93 29 291 19 8 293 10 1 295 91 23 306 98 8 315 32 0 331 59 28 338 8 24 357 96 0 359 24 25 359 80 29 373 33 19 382 97 19 383 83 1 398 33 31 399 61 10 402 84 31 411 29 30 423 86 0 428 78 14 432 16 10 437 87 9 450 20 6 465 97 6 468 65 29 491 42 7 498 96 24 515 76 17 529 100 9 530 36 15 532 64 13 535 66 12 545 37 3 567 78 2 587 51 26 595 26 2 622 98 0 625 71 8 628 98 6 629 93 31 629 99 12 631 99 8 632 32 4 633 83 14 653 43 23 655 20 19 662 15 6 669 50 23 671 100 3 680 92 12 687 45 7 690 39 28 702 22 27 720 9 22 728 55 28 733 8 12 740 24 20 758 11 20 765 36 10 769 29 16 775 94 30 803 18 17 821 100 0 827 23 8 831 49 7 835 75 20 837 50 9 850 68 24 858 64 6 874 82 17 909 33 20 914 76 10 921 21 26 932 57 25 937 6 12 955 81 14 959 7 25 965 39 29 965 98 1 988 60 26 1001 62 27 1020 75 7 1036 71 23 1823 12 6 1851 73 12 1864 20 30 1867 82 9 1870 80 17 1880 92 25 1886 52 3 1890 71 0 1891 54 14 1900 34 26 1907 30 18 1910 95 18 1913 42 0 1922 12 18 1929 16 28 1954 50 14 1984 81 2 1993 68 25 1998 100 15 2001 18 3 2017 83 24 2017 95 7 2040 98 15 2048 60 8 2062 58 15 2081 28 1 2086 27 1 2109 61 30 2136 52 17 2151 88 5 2155 54 17 2162 29 21 2169 37 13 2201 81 0 2215 26 24 2221 71 17 2249 9 9 2268 57 13 2271 21 10 2272 13 25 2280 57 3 2291 24 31 2294 22 9 2303 89 4 2306 83 8 2312 76 4 2313 98 15 2329 90 14 2343 78 19 2358 91 5 2404 79 24 2429 39 28 2448 79 16 2451 93 14 2459 16 6 2471 12 17 2477 55 23 2480 86 13 2546 53 21 2556 26 14 2587 45 25 2587 56 14 2602 93 21 2605 20 22 2625 10 26 2646 9 19 2648 40 29 2651 61 5 2660 76 15 2667 61 13 2670 14 5 2674 84 23 2676 51 14 2677 1 20 2679 12 6 2692 61 13 2699 34 24 2770 25 0
859 187 3e-05 95 94 24 98 63 1 111 68 1 147 42 7 166 34 0 170 5 0 199 72 4 221 58 21 234 9 12 237 47 14 245 44 18 254 3 23 257 30 10 263 26 12 274 84 17 287 98 28 293 13 2 294 4 10 311 53 3 331 60 27 344 14 0 344 52 27 365 7 11 374 59 22 377 81 26 379 31 26 383 74 19 395 48 8 412 66 22 418 34 25 422 20 19 429 69 15 431 39 12 432 28 8 438 99 23 440 55 9 464 60 7 464 78 9 468 19 23 478 21 20 485 59 7 495 17 22 541 84 20 543 39 12 552 71 8 559 94 20 562 63 19 575 67 24 594 57 11 601 12 7 609 99 8 617 26 22 637 61 28 644 61 13 689 64 18 713 62 23 720 93 30 743 68 29 744 36 28 757 9 19 758 96 7 759 44 19 763 84 24 778 25 1 778 70 23 790 93 13 811 20 29 822 20 0 824 26 15 825 46 1 831 34 3 834 15 21 844 98 12 855 80 28 873 86 24 880 90 9 890 5 22 893 69 11 897 3 24 898 1 19 905 99 23 914 98 2 924 46 5 948 18 26 970 72 1 971 54 6 989 1 0 994 98 4 1032 62 30 1816 59 2 1822 79 21 1825 41 16 1829 14 4 1844 54 19 1853 22 17 1853 29 31 1895 55 6 1902 16 26 1910 4 12 1910 65 28 1920 37 23 1920 84 16 1922 38 19 1941 83 25 1952 77 4 1956 88 13 1986 64 1 1986 65 23 1998 53 4 2009 29 12 2013 64 29 2032 84 2 2036 55 29 2037 51 27 2048 86 10 2049 36 0 2055 34 6 2072 70 21 2074 50 14 2081 14 20 2090 35 3 2114 44 27 2133 33 29 2150 52 20 2168 74 15 2179 43 19 2179 80 3 2185 22 14 2187 80 8 2198 57 30 2201 60 18 2203 56 0 2205 79 4 2210 22 6 2220 12 24 2229 62 29 2233 34 19 2237 9 9 2239 93 13 2245 10 11 2245 51 4 2276 24 6 2276 47 22 2280 100 9 2305 4 19 2318 11 7 2320 46 31 2354 91 7 2360 23 7 2380 11 23 2381 66 18 2412 62 23 2415 89 0 2453 31 21 2455 35 11 2468 44 8 2473 29 1 2485 70 20 2490 30 5 2494 60 23 2503 22 28 2508 77 2 2541 81 17 2545 2 10 2548 19 17 2586 30 2 2599 8 8 2618 7 2 2622 16 17 2624 44 30 2631 10 17 2637 45 15 2650 75 31 2652 14 30 2656 35 24 2671 93 14 2685 67 19 2715 47 13 2718 96 8 2735 28 11 2745 24 11 2752 52 5 2753 34 10 2760 62 23 2765 16 21 2768 56 27 2772 18 31
860 187 3e-05 72 6 26 72 65 25 74 39 18 88 2 1 93 56 0 96 68 15 124 76 13 124 77 26 127 42 20 127 68 16 130 19 24 155 31 14 157 3 14 173 40 18 183 97 18 187 6 15 189 82 26 211 39 22 225 56 4 238 7 28 240 100 5 241 18 17 250 13 7 259 98 25 290 11 20 292 1 29 296 84 8 301 47 7 304 69 12 306 55 12 310 18 9 335 53 16 364 10 26 364 66 18 377 82 26 380 75 22 407 79 10 430 34 5 433 68 16 461 17 19 472 24 18 481 78 27 495 88 30 497 42 25 517 73 2 541 87 30 553 16 7 567 54 11 570 27 7 584 70 23 611 95 31 612 62 31 622 31 18 640 12 6 666 55 5 674 68 26 676 10 27 686 71 24 696 25 7 703 33 10 708 65 28 710 29 26 713 88 11 719 73 30 721 63 6 732 29 20 734 52 17 737 32 26 741 32 30 746 16 23 747 97 28 769 84 27 795 62 3 798 81 10 799 41 16 801 55 29 828 46 10 829 76 10 831 67 16 836 60 24 839 66 2 856 87 27 879 57 3 910 21 11 911 97 21 929 82 6 933 76 25 940 83 17 952 45 19 957 96 6 975 17 4 975 31 0 976 8 19 977 24 27 980 73 15 989 91 22 1016 22 27 1039 48 8 1813 6 3 1813 95 13 1832 98 3 1889 40 29 1901 48 19 1905 20 11 1906 52 25 1916 36 4 1931 30 5 1933 26 11 1941 62 6 1969 0 31 1977 23 15 1982 39 17 1983 89 16 2001 47 23 2007 6 12 2017 62 0 2025 8 8 2025 95 13 2030 42 24 2031 49 9 2068 92 26 2106 4 24 2123 19 14 2125 62 5 2180 76 26 2182 28 4 2195 77 29 2196 57 22 2199 39 15 2205 26 22 2241 66 20 2265 33 16 2271 30 15 2275 25 25 2303 83 29 2330 1 13 2331 32 31 2333 11 20 2348 10 9 2349 83 27 2361 14 11 2361 62 12 2362 78 6 2366 65 18 2373 29 12 2401 69 28 2402 19 9 2410 20 6 2425 73 8 2445 1 5 2463 56 19 2467 21 23 2473 13 1 2474 68 10 2475 35 20 2484 85 22 2496 24 21 2497 30 10 2506 18 9 2511 94 0 2523 42 23 2525 99 9 2533 10 1 2535 5 1 2535 96 14 2539 64 17 2549 99 8 2557 35 23 2557 99 12 2558 22 20 2564 60 27 2587 87 19 2603 100 15 2604 20 28 2625 49 0 2627 44 5 2631 79 23 2636 81 20 2675 85 3 2676 57 25 2683 55 30 2684 87 18 2686 45 8 2734 15 18 2737 8 21 2747 92 30 2756 34 12
861 187 3e-05 72 96 18 78 1 13 84 21 27 95 53 27 96 78 23 116 100 24 121 2 17 123 75 2 134 98 3 143 47 28 156 100 12 166 60 3 190 16 3 198 99 19 209 10 18 229 60 1 238 21 31 244 10 16 247 42 26 250 16 15 259 13 16 263 26 27 265 90 4 280 39 16 286 66 11 288 86 29 301 53 15 315 25 4 328 65 4 334 80 24 341 73 30 356 9 29 371 5 31 381 58 18 387 37 13 422 9 20 422 92 5 430 15 30 441 45 19 454 42 10 461 28 1 473 85 8 489 8 12 524 73 23 545 33 0 546 50 8 552 33 13 558 74 12 578 15 27 581 22 10 583 94 22 601 65 7 603 87 3 615 14 29 616 62 22 624 86 29 650 76 2 654 53 10 665 92 31 667 67 26 668 55 23 721 63 31 730 42 12 736 51 24 750 39 29 750 55 1 782 66 10 785 54 8 791 1 19 792 49 26 794 50 2 808 99 8 816 68 22 828 30 14 830 92 11 835 74 23 855 38 12 860 100 17 864 57 16 898 75 18 911 76 23 916 57 6 935 96 27 940 10 18 944 13 11 988 36 12 998 78 28 1006 14 28 1006 82 26 1009 39 28 1010 12 7 1024 43 31 1025 63 23 1808 39 8 1812 86 13 1823 39 9 1834 48 7 1839 53 5 1855 96 12 1869 10 29 1873 58 26 1876 14 4 1888 58 8 1908 76 20 1933 36 16 1937 7 20 1939 55 29 1940 98 17 1943 83 20 1946 60 10 1958 53 18 1987 79 0 2030 19 12 2039 8 25 2053 0 25 2054 26 18 2057 76 14 2063 72 12 2064 52 10 2066 9 13 2076 86 17 2078 82 8 2085 15 7 2093 21 28 2094 26 21 2108 68 29 2126 92 2 2139 49 29 2140 19 20 2140 94 30 2147 39 0 2182 27 3 2192 96 29 2195 36 8 2195 89 12 2209 97 20 2245 52 3 2267 5 4 2281 75 28 2289 18 17 2296 83 21 2303 86 8 2325 100 16 2351 70 20 2389 97 10 2419 68 20 2436 32 29 2438 65 29 2441 36 8 2442 44 20 2447 18 13 2461 28 17 2472 23 20 2484 23 0 2487 31 6 2488 47 21 2496 62 20 2497 20 5 2505 82 5 2506 97 21 2508 66 0 2511 77 28 2529 73 0 2555 19 27 2560 14 10 2564 34 27 2566 86 12 2568 23 22 2587 88 1 2604 11 29 2604 88 23 2614 43 28 2619 16 1 2643 66 24 2658 25 2 2663 39 22 2669 80 8 2671 75 4 2675 79 7 2676 86 5 2680 28 3 2725 82 18 2729 5 27 2730 73 29 2735 52 3 2763 91 12 2773 94 2
862 187 3e-05 78 10 3 87 36 24 90 64 1 101 55 21 127 57 23 134 52 12 145 89 9 146 25 24 157 5 22 162 5 16 169 92 19 184 35 18 205 96 21 211 49 30 222 89 15 243 26 31 256 86 10 258 71 5 276 12 4 276 49 2 281 31 6 284 0 23 285 99 1 317 36 23 323 10 23 331 11 5 332 91 25 334 12 8 341 27 31 352 12 22 355 84 14 360 76 28 365 11 17 386 41 1 401 71 29 423 23 0 439 88 4 448 91 5 454 99 14 463 3 23 464 31 14 465 32 23 469 29 16 474 44 16 493 38 11 495 13 6 514 60 17 530 10 27 546 45 18 547 79 10 553 65 13 571 13 23 573 67 24 591 27 23 606 96 9 614 78 0 616 83 15 620 85 3 626 84 7 638 17 24 643 6 26 646 73 11 660 22 16 662 48 26 681 64 29 685 42 2 696 23 24 711 89 23 717 35 7 749 1 0 749 46 14 750 16 30 756 57 13 807 85 9 817 38 31 825 97 0 836 76 4 841 37 6 847 96 21 849 27 10 864 96 26 891 10 0 895 85 24 901 49 6 926 87 3 971 60 28 1017 31 14 1018 94 27 1027 21 26 1035 16 18 1812 31 25 1814 98 18 1838 59 18 1838 61 30 1864 64 10 1875 65 26 1880 96 2 1896 90 23 1915 79 2 1920 37 6 1925 78 4 1932 18 25 1935 42 13 1937 26 0 1956 17 14 1964 99 3 1967 3 26 1995 38 26 2001 6 22 2002 98 9 2005 32 21 2042 33 25 2058 21 13 2064 93 23 2068 12 3 2080 30 29 2087 83 9 2096 6 19 2096 87 15 2098 4 19 2100 74 22 2101 89 7 2103 41 18 2110 16 1 2116 27 18 2121 75 6 2160 41 8 2164 13 24 2193 64 18 2195 32 14 2197 100 5 2205 46 17 2225 64 12 2237 49 7 2257 92 4 2261 81 30 2264 7 13 2269 11 24 2271 72 18 2278 66 2 2290 51 5 2304 32 18 2315 61 18 2324 75 12 2329 34 1 2333 53 27 2366 14 4 2373 97 3 2382 37 24 2383 77 26 2408 58 14 2438 57 14 2438 72 7 2439 89 0 2451 98 5 2468 3 4 2472 59 26 2475 35 6 2483 13 9 2507 2 11 2532 4 3 2547 79 7 2557 73 10 2567 26 4 2575 61 2 2591 19 12 2591 33 25 2604 51 27 2618 77 12 2623 4 0 2640 86 23 2675 73 5 2675 79 19 2679 28 10 2695 99 0 2708 90 4 2719 1 8 2719 23 6 2721 11 3 2730 36 20 2734 19 7 2746 75 20 2748 87 0 2756 49 27 2762 80 30 2765 99 4 2767 84 29
863 187 3e-05 81 48 9 88 3 14 93 31 28 95 29 3 102 19 17 111 8 12 114 47 26 134 17 7 136 46 30 138 25 24 153 14 12 170 91 26 195 92 12 196 68 11 201 78 30 216 76 28 236 72 0 240 72 14 248 55 7 261 23 1 269 36 7 270 55 23 315 65 5 322 44 7 323 18 12 327 78 23 360 65 19 380 86 3 382 15 27 422 3 0 425 38 23 430 35 29 431 66 31 436 4 23 443 80 4 444 56 9 452 48 15 469 10 19 476 23 6 492 94 22 502 89 29 512 12 0 527 7 20 529 74 16 541 22 19 542 63 31 548 85 6 549 44 17 557 82 17 574 27 15 601 75 6 603 4 27 605 96 22 611 92 23 644 73 22 647 34 4 650 32 9 651 4 4 668 63 21 677 59 10 689 53 17 693 27 9 697 55 9 725 0 8 740 52 1 767 41 14 786 80 9 808 22 15 813 77 12 817 91 19 832 51 14 835 81 17 839 7 17 845 74 24 858 46 15 879 90 15 880 17 19 881 74 12 889 21 16 891 57 23 892 23 12 905 41 4 921 29 30 945 43 0 952 54 20 964 90 0 968 42 10 980 42 20 993 93 23 996 82 28 1024 53 6 1810 30 4 1823 68 20 1825 23 3 1836 99 0 1850 38 21 1865 67 29 1868 7 0 1886 65 30 1895 94 23 1902 59 21 1930 30 13 1934 90 29 1939 29 28 1958 41 15 1970 48 25 1970 59 3 1974 83 31 1991 42 15 1995 60 14 1997 32 5 1998 46 30 2004 95 31 2011 70 1 2029 50 30 2030 80 2 2073 77 1 2079 52 5 2096 42 27 2097 32 18 2105 50 5 2125 24 3 2129 88 11 2129 94 17 2136 44 10 2154 52 1 2170 74 0 2172 20 30 2193 1 4 2194 43 7 2197 94 9 2211 40 22 2241 70 6 2245 56 22 2268 69 9 2272 39 3 2282 35 14 2283 32 25 2287 5 9 2290 7 7 2306 64 2 2311 73 3 2316 5 26 2317 11 28 2321 0 8 2332 21 3 2332 73 26 2333 64 23 2342 41 1 2380 51 25 2383 53 29 2392 62 4 2401 12 23 2410 75 9 2420 71 21 2421 2 11 2435 82 4 2454 4 19 2456 37 30 2480 93 18 2496 40 28 2498 38 19 2518 53 9 2521 65 23 2551 25 19 2557 0 19 2557 45 16 2565 58 24 2580 24 30 2581 39 4 2589 6 15 2595 100 8 2618 54 2 2627 8 2 2661 94 23 2663 20 19 2676 63 4 2687 86 20 2701 29 26 2714 88 26 2743 100 8 2755 26 11 2755 61 23 2760 48 28 2765 92 1 2767 17 24 2773 62 31
864 187 3e-05 74 96 19 80 36 20 82 89 6 95 95 9 107 44 29 117 4 26 130 38 18 134 76 30 136 1 10 143 81 31 157 9 16 158 40 1 159 80 27 165 84 30 214 1 18 221 48 27 224 0 3 227 24 2 241 59 20 244 99 11 252 56 6 269 19 5 270 25 15 277 65 24 289 9 3 304 83 4 310 95 14 336 47 13 342 66 14 347 40 13 358 38 27 363 2 31 364 54 9 377 32 4 385 98 20 401 76 1 423 37 24 426 80 27 429 3 28 431 56 7 433 75 28 435 44 13 439 52 12 468 71 9 470 45 6 475 24 24 477 25 8 486 5 23 516 99 6 527 85 7 548 92 0 571 79 28 575 96 27 595 30 16 615 71 29 646 24 31 666 45 3 667 59 18 694 51 20 696 98 21 706 93 13 724 80 27 756 16 26 761 22 26 761 76 30 761 91 27 773 43 31 792 16 23 798 46 23 809 75 5 811 60 26 819 36 6 822 27 15 839 60 15 851 17 10 864 87 25 868 2 3 884 81 28 906 45 30 910 24 15 933 36 20 933 71 28 953 21 30 957 26 10 959 72 8 967 23 6 977 73 29 985 49 25 999 20 15 1001 5 19 1002 90 5 1005 79 15 1818 100 25 1827 78 9 1827 93 19 1834 90 16 1841 9 21 1861 10 0 1865 77 24 1874 34 30 1894 78 15 1904 25 3 1906 59 13 1920 100 16 1939 96 1 1943 6 21 1948 79 8 1954 64 26 1965 81 11 1983 33 22 1997 86 8 2004 15 24 2020 29 0 2025 53 3 2036 94 23 2067 100 12 2068 57 29 2069 48 7 2105 59 28 2114 41 20 2115 88 3 2116 47 14 2118 56 17 2155 90 15 2157 56 15 2160 54 22 2161 86 27 2166 18 3 2176 70 27 2177 69 14 2179 32 29 2188 38 7 2191 23 3 2194 85 6 2208 14 19 2221 41 25 2250 93 22 2261 62 8 2287 13 19 2288 34 20 2298 86 2 2319 15 20 2330 86 9 2332 4 19 2332 32 13 2332 85 30 2348 38 30 2357 91 20 2364 42 17 2365 79 18 2379 62 9 2385 42 29 2391 41 26 2398 45 3 2399 33 24 2425 1 5 2431 72 12 2441 15 29 2455 42 8 2460 96 13 2484 48 18 2493 52 12 2511 78 29 2523 94 18 2539 68 20 2543 17 10 2549 3 16 2549 70 29 2549 94 7 2562 51 11 2565 32 5 2576 52 23 2579 71 25 2585 21 26 2592 18 17 2593 49 21 2594 71 9 2596 76 0 2606 60 3 2673 55 27 2681 13 2 2682 84 6 2691 95 9 2699 6 14 2712 48 5 2715 20 10 2773 56 19
865 187 3e-05 80 9 23 96 63 19 131 0 27 147 13 12 154 35 22 164 5 30 173 95 8 182 4 29 192 7 25 201 11 12 201 58 12 206 18 18 211 56 22 215 26 7 233 89 17 234 60 9 241 54 26 245 51 8 256 88 27 276 94 29 279 84 23 281 53 0 287 7 26 293 17 8 303 61 29 310 41 3 320 73 2 323 23 8 327 53 17 340 40 6 363 54 11 369 23 0 372 4 8 375 38 21 388 60 26 389 79 13 393 45 3 412 3 15 420 51 29 447 86 2 453 74 24 456 69 3 482 86 2 498 46 25 512 75 4 532 60 3 552 95 25 560 96 26 564 82 24 573 66 17 579 67 13 579 91 24 592 28 9 611 32 12 615 62 3 624 54 9 626 9 21 636 65 25 641 7 16 643 39 12 661 30 24 674 61 15 683 42 28 687 40 23 690 62 24 706 55 12 719 94 17 721 49 16 726 46 3 730 87 21 738 89 0 754 21 3 770 36 17 784 53 25 798 74 13 814 68 22 820 18 7 827 24 10 843 95 25 851 7 6 876 41 5 890 0 7 912 61 8 926 52 8 927 4 15 951 38 29 967 83 30 972 65 27 977 38 21 994 8 13 999 10 6 1004 51 6 1027 94 7 1030 93 15 1814 42 2 1824 85 9 1829 26 1 1832 75 27 1839 24 11 1858 31 18 1887 86 5 1916 78 16 1947 63 22 1960 7 10 1972 58 28 1973 36 22 1987 0 9 1990 18 16 2003 39 4 2010 26 30 2011 69 13 2017 25 9 2018 94 12 2020 95 19 2035 49 18 2046 48 20 2046 66 21 2048 87 29 2050 63 20 2058 44 4 2076 23 19 2083 5 31 2092 62 29 2099 25 10 2104 55 29 2107 90 29 2109 69 27 2111 8 2 2130 85 23 2158 8 11 2166 2 17 2219 85 16 2241 7 11 2246 80 25 2250 91 1 2255 78 26 2263 52 1 2274 49 20 2277 50 14 2280 4 24 2280 29 5 2295 2 29 2295 6 14 2304 10 2 2318 8 30 2320 8 8 2347 83 2 2361 95 3 2364 45 5 2371 10 12 2404 41 7 2413 98 4 2414 76 23 2443 90 0 2460 60 3 2477 15 8 2479 72 23 2483 52 28 2514 78 2 2516 39 29 2530 4 0 2540 33 21 2543 79 7 2549 28 18 2549 53 7 2552 13 5 2553 15 29 2575 84 30 2583 38 27 2593 69 19 2598 50 14 2646 9 3 2649 75 0 2650 9 22 2656 36 4 2669 26 7 2680 76 26 2685 91 17 2689 75 12 2720 16 17 2751 1 20 2758 75 21 2766 58 16 2767 51 26 2771 20 2 2771 27 31 2773 73 0
866 187 3e-05 109 58 2 118 20 27 129 19 13 131 53 17 145 79 20 175 26 8 181 85 0 203 36 21 215 23 3 224 50 14 237 77 0 250 78 10 284 95 9 301 83 16 316 28 18 316 71 30 321 69 6 328 39 11 334 94 27 356 9 20 363 37 6 365 9 2 370 75 27 371 64 5 373 3 5 380 84 24 381 97 2 389 18 10 390 63 28 394 75 5 398 64 29 403 33 9 413 22 16 437 61 22 459 97 1 460 71 16 469 70 11 487 80 20 496 7 5 514 35 4 538 20 3 552 9 20 571 28 6 578 14 25 583 94 22 586 76 3 589 54 27 616 41 30 633 8 11 636 92 24 644 29 18 663 49 16 669 61 19 674 75 15 683 14 2 698 100 17 700 42 18 721 80 19 726 23 20 726 86 24 735 83 7 745 16 14 750 66 24 758 24 30 768 86 10 768 93 26 770 33 27 776 47 12 797 38 2 801 63 13 805 82 18 819 44 8 828 70 26 831 76 8 848 23 30 850 60 18 850 83 27 850 94 15 851 19 10 856 82 22 859 35 15 877 40 19 884 98 10 891 67 18 919 77 15 921 89 10 932 34 17 934 38 15 956 99 11 959 20 0 964 99 8 968 34 15 968 98 25 993 68 13 999 68 17 1001 6 11 1001 62 13 1002 32 13 1020 65 24 1030 72 1 1035 25 14 1816 39 12 1830 39 12 1832 5 6 1832 5 10 1850 20 20 1878 38 20 1878 99 18 1913 9 7 1927 12 25 1950 72 28 1968 72 13 1995 90 11 2000 12 1 2004 28 7 2008 28 27 2015 56 2 2028 96 9 2035 36 12 2085 94 17 2090 51 9 2095 91 7 2112 52 18 2123 47 25 2131 0 7 2150 51 14 2153 95 4 2163 83 28 2165 83 4 2167 18 27 2188 44 9 2197 55 0 2206 99 5 2218 99 17 2231 31 13 2234 92 6 2238 9 30 2250 58 4 2276 53 30 2281 64 0 2313 62 8 2327 6 22 2335 6 20 2335 15 12 2341 25 23 2345 5 26 2353 80 10 2359 39 21 2366 28 13 2370 59 26 2401 18 12 2428 61 19 2435 83 30 2441 37 11 2452 42 15 2457 8 14 2462 74 8 2468 45 0 2476 17 2 2479 9 7 2491 11 24 2501 66 30 2505 58 17 2517 51 31 2522 13 28 2522 80 11 2525 6 18 2537 24 14 2556 80 2 2579 20 20 2590 70 21 2602 83 25 2602 92 22 2604 80 20 2621 67 19 2640 6 4 2642 1 29 2646 54 10 2650 23 4 2651 38 14 2684 46 29 2685 46 0 2688 89 25 2724 12 20 2743 12 5 2744 41 8 2770 94 23
867 187 3e-05 77 76 10 84 23 29 89 79 2 92 41 3 105 16 26 112 29 24 116 66 3 117 8 25 153 21 13 169 83 3 170 84 18 188 10 29 199 93 20 206 90 4 208 99 0 209 59 2 223 57 24 227 77 21 237 60 3 240 45 30 243 2 26 246 85 3 265 76 17 269 79 6 277 41 24 287 17 28 299 71 12 323 99 23 328 91 30 331 34 28 333 17 7 346 45 2 373 25 12 376 54 30 418 63 13 424 84 13 428 95 9 433 68 28 438 81 30 454 39 13 469 8 25 472 79 12 476 78 18 478 30 9 482 63 9 485 43 30 504 49 8 509 50 4 519 78 14 530 2 29 549 98 9 577 37 23 590 49 29 612 33 14 623 98 7 625 2 29 645 71 17 652 72 24 656 15 5 658 65 11 693 8 0 696 8 10 709 65 9 724 26 26 733 51 10 750 23 4 754 82 30 760 73 7 767 85 11 781 24 15 781 53 15 782 56 1 783 57 22 798 46 2 812 89 24 827 90 25 846 89 11 855 24 7 885 31 31 886 34 13 895 26 11 902 18 23 926 89 22 929 7 22 935 84 18 946 44 29 968 1 25 973 77 0 995 10 15 1000 54 20 1004 5 18 1008 94 0 1033 50 18 1034 28 20 1811 99 23 1816 74 13 1817 0 10 1843 50 29 1852 11 22 1856 49 19 1871 52 24 1894 17 20 1904 3 18 1904 95 9 1908 93 17 1911 0 11 1930 63 23 1949 35 23 1950 68 6 1950 98 0 1960 74 13 1966 31 9 1970 7 23 2043 33 25 2045 73 22 2060 96 2 2069 63 14 2090 6 4 2099 29 31 2100 41 28 2106 71 1 2107 9 23 2107 16 27 2107 60 0 2115 77 24 2132 89 3 2137 34 11 2137 99 13 2149 23 19 2182 6 11 2182 86 28 2189 99 7 2196 69 4 2200 39 3 2209 94 17 2216 7 24 2220 59 28 2244 90 28 2259 17 11 2269 46 20 2270 46 17 2278 35 29 2288 82 13 2315 13 3 2323 38 14 2352 81 17 2358 100 22 2384 11 9 2387 29 23 2390 70 30 2409 43 21 2435 35 8 2451 6 27 2460 36 24 2476 77 1 2476 99 22 2482 18 20 2491 89 21 2492 51 18 2507 23 0 2512 3 9 2527 68 13 2534 44 13 2535 85 4 2536 53 6 2549 71 29 2568 11 14 2569 74 22 2605 62 0 2619 47 2 2624 83 9 2628 80 8 2629 58 10 2647 12 9 2647 100 13 2653 58 11 2661 29 31 2664 82 29 2668 48 30 2715 97 14 2720 62 7 2727 99 14 2728 97 2 2729 45 11 2740 89 7 2748 45 7 2765 8 24
868 187 3e-05 85 61 13 87 59 5 91 14 17 113 34 11 117 95 17 134 71 14 139 21 31 164 29 20 167 72 18 192 31 23 215 33 29 215 81 23 234 45 12 246 89 0 247 6 16 263 100 4 264 95 4 284 1 16 285 77 12 314 48 2 329 19 19 340 34 8 342 32 31 361 74 31 366 47 19 377 35 1 389 46 31 399 5 21 403 56 26 405 1 17 416 26 22 419 13 24 423 9 3 433 19 27 493 19 15 501 55 24 511 96 14 539 62 9 545 34 1 549 90 30 550 61 16 556 78 13 568 41 30 586 6 21 588 21 21 594 19 21 595 38 4 607 37 2 628 12 29 630 17 10 636 84 24 639 4 16 642 82 13 651 31 17 654 40 6 681 24 8 682 99 21 684 34 12 705 44 5 725 73 29 743 92 1 754 57 6 756 13 15 767 90 21 776 86 31 778 70 7 786 6 4 794 3 3 800 29 12 804 55 14 819 97 8 823 71 12 847 2 27 851 87 9 862 55 30 866 47 24 873 41 18 875 84 6 879 63 20 880 8 3 896 14 27 940 100 28 941 36 15 983 78 0 987 91 9 1000 4 29 1016 57 23 1021 3 21 1027 75 11 1816 55 26 1820 28 5 1826 67 0 1830 48 22 1860 53 11 1885 68 26 1890 48 9 1913 55 29 1932 35 25 1932 54 19 1943 18 5 1958 50 26 1960 19 10 1963 69 27 1968 91 22 1971 33 28 1971 88 21 1990 83 9 1996 98 0 1997 48 29 2016 37 24 2030 5 5 2032 9 21 2047 98 21 2061 60 16 2074 83 0 2079 86 18 2083 31 12 2095 10 10 2105 99 6 2110 7 21 2118 8 13 2118 31 31 2126 95 20 2128 99 2 2129 14 3 2130 47 1 2136 77 2 2161 5 13 2171 67 25 2187 0 6 2223 58 26 2225 71 25 2226 8 7 2234 29 23 2242 61 7 2251 98 20 2290 39 28 2301 18 11 2304 62 1 2320 12 15 2339 72 17 2342 97 5 2357 99 16 2362 84 23 2371 61 19 2373 99 27 2392 49 9 2397 79 28 2399 70 3 2431 16 9 2432 53 7 2434 85 27 2437 9 0 2441 87 21 2448 50 25 2465 99 29 2469 14 0 2475 20 7 2484 37 25 2491 75 13 2493 100 27 2496 40 16 2498 85 26 2501 65 8 2503 73 26 2504 49 27 2512 62 26 2514 91 30 2516 24 16 2529 76 30 2537 2 12 2550 10 12 2557 41 29 2560 33 29 2565 25 6 2593 56 30 2601 30 30 2602 94 25 2609 74 5 2617 3 0 2632 35 3 2642 91 1 2658 10 8 2664 28 16 2682 44 13 2722 38 3 2723 20 28
869 187 3e-05 80 44 1 83 99 24 92 60 13 96 59 18 131 85 0 136 86 11 139 51 31 148 11 2 154 65 7 159 36 2 193 18 18 193 38 15 230 22 1 230 46 8 235 39 14 246 58 0 247 9 11 259 38 19 262 15 14 283 70 17 293 45 29 307 39 20 320 55 10 327 70 19 333 45 11 336 93 23 350 99 30 356 68 24 365 85 15 384 43 23 409 41 20 417 72 31 420 78 9 425 56 3 430 99 18 442 98 20 452 69 6 455 10 25 466 81 6 473 99 6 487 62 2 487 64 0 492 93 15 493 15 21 522 16 25 531 3 2 536 68 0 548 43 10 552 19 23 558 35 17 561 80 22 572 39 16 578 30 13 593 8 1 621 10 12 641 94 29 643 33 9 647 11 23 659 100 13 674 64 13 684 16 24 684 21 20 688 14 27 701 5 11 704 12 15 708 15 17 711 80 16 712 91 0 721 70 8 721 76 18 733 86 22 736 72 23 739 50 30 751 96 27 752 58 4 768 65 5 780 54 20 796 0 9 802 15 16 806 35 28 835 69 22 842 43 1 846 46 3 854 70 29 869 77 5 889 15 2 907 96 1 914 29 8 923 36 0 925 53 17 953 28 0 967 49 24 981 69 28 983 91 15 987 25 26 989 98 11 991 60 11 1027 26 21 1812 56 13 1843 61 13 1844 92 31 1852 41 27 1857 89 15 1857 90 16 1864 44 28 1869 22 20 1890 19 21 1918 54 7 1922 99 27 1928 72 11 1957 56 3 1957 61 18 1960 0 3 1972 28 15 1985 60 5 2001 72 27 2008 60 11 2015 56 31 2024 8 0 2030 97 17 2034 66 8 2051 60 11 2070 78 30 2075 8 2 2119 72 4 2129 86 26 2136 53 22 2169 40 23 2169 95 12 2191 92 7 2200 46 26 2207 40 12 2207 80 15 2220 16 10 2241 10 22 2249 83 7 2270 71 3 2270 85 12 2324 78 10 2333 43 30 2344 52 18 2362 2 0 2363 12 7 2375 21 31 2379 85 1 2398 26 2 2406 65 4 2431 58 13 2444 57 21 2456 72 11 2461 41 10 2462 75 14 2466 80 6 2477 92 23 2479 92 5 2502 45 5 2504 26 0 2513 20 19 2527 2 5 2530 14 21 2530 57 14 2530 95 13 2536 65 19 2537 55 13 2541 72 10 2557 6 4 2557 83 4 2558 58 0 2589 37 24 2592 35 16 2596 100 9 2597 15 10 2599 29 14 2612 53 15 2614 17 6 2641 11 7 2676 96 22 2677 47 8 2688 59 9 2693 72 9 2714 39 15 2723 24 5 2724 61 20 2739 32 24 2739 77 28 2752 11 24 2767 45 24
870 187 3e-05 99 9 29 128 22 4 134 97 30 148 38 18 177 45 2 183 60 4 192 84 15 225 30 10 226 57 11 227 64 22 256 9 23 274 15 23 287 63 24 314 93 3 339 99 24 360 71 3 375 9 27 384 11 23 387 93 21 389 24 25 404 51 27 409 48 27 414 27 23 420 7 14 439 57 23 461 81 10 462 58 3 492 68 24 512 31 16 521 19 24 526 45 22 541 62 30 548 81 27 559 97 10 587 88 15 590 23 10 601 12 24 604 17 30 609 17 22 613 75 5 624 89 19 628 71 14 634 65 22 669 25 10 683 12 7 691 8 27 705 61 1 719 69 29 721 22 27 727 1 19 732 33 21 744 42 27 766 62 30 771 81 9 774 22 20 778 65 10 779 16 0 783 61 25 784 20 24 801 21 2 812 10 1 821 64 29 824 66 10 837 77 6 852 76 11 871 97 2 874 30 16 879 18 26 879 66 22 887 35 20 888 10 7 895 39 23 905 31 12 910 55 30 920 33 28 923 64 31 947 77 15 956 9 16 958 79 12 962 40 10 976 31 28 997 99 13 1008 96 24 1015 14 23 1038 91 22 1813 8 21 1822 82 10 1829 39 25 1840 23 4 1841 24 12 1845 70 24 1852 34 25 1853 57 13 1855 33 11 1868 81 5 1882 97 31 1886 14 27 1887 83 26 1894 73 1 1906 30 0 1908 13 18 1917 85 24 1919 50 14 1945 50 25 1984 92 6 1986 51 6 2016 29 1 2016 63 19 2018 100 12 2020 93 17 2026 83 9 2027 3 23 2044 46 23 2049 80 8 2060 10 23 2063 44 26 2065 98 4 2078 33 0 2107 26 18 2129 43 16 2131 21 13 2133 39 15 2133 80 7 2135 13 22 2139 35 28 2158 39 17 2183 40 10 2185 18 14 2186 29 27 2191 84 17 2201 35 22 2201 89 22 2221 14 6 2229 48 10 2250 38 1 2251 39 9 2254 43 20 2262 36 8 2267 92 14 2279 76 16 2302 0 28 2314 9 29 2315 45 16 2322 49 3 2350 46 29 2351 37 11 2373 17 11 2381 80 31 2402 41 19 2402 89 2 2454 77 9 2456 95 3 2459 58 7 2460 7 26 2462 97 20 2473 28 25 2480 0 16 2481 59 13 2490 11 31 2493 16 5 2505 87 15 2529 97 26 2547 42 7 2551 99 15 2558 46 15 2562 81 21 2563 77 11 2579 7 3 2587 61 2 2590 42 1 2593 74 20 2625 99 18 2629 52 9 2642 0 0 2645 92 16 2647 43 2 2649 63 14 2676 2 16 2694 12 2 2698 7 12 2703 50 15 2712 77 3 2731 1 21 2737 87 16 2744 78 10 2752 65 28 2759 53 20
871 187 3e-05 72 63 14 74 67 4 77 10 7 80 5 1 94 90 9 97 87 4 118 37 25 137 70 3 167 8 8 174 21 25 196 6 26 197 66 21 215 36 6 235 23 31 243 52 29 246 36 4 247 74 19 249 66 26 261 43 16 288 45 24 299 56 24 327 58 16 358 58 7 382 1 0 392 66 8 402 55 5 413 71 28 417 49 24 419 26 26 447 93 22 457 90 2 470 30 18 484 9 26 505 50 0 544 28 30 550 31 19 577 68 14 586 83 16 586 84 12 589 71 18 591 71 22 594 39 18 595 5 2 612 9 23 614 35 2 631 93 13 644 88 23 650 74 4 651 8 14 661 97 10 663 58 28 665 98 29 682 53 20 696 6 21 715 56 27 720 19 12 727 93 7 746 97 5 747 13 4 761 14 16 765 13 11 767 17 22 796 13 0 800 17 20 801 13 7 822 93 20 831 62 29 873 20 31 884 66 12 887 74 26 890 24 15 900 66 12 903 89 14 909 93 9 913 64 18 919 100 10 929 55 3 950 63 1 953 81 10 953 84 26 969 13 13 969 17 8 978 45 28 978 91 26 996 28 16 1016 13 30 1016 35 14 1024 52 18 1029 64 0 1811 86 29 1815 38 25 1815 95 23 1820 56 15 1820 96 21 1824 6 24 1826 95 23 1833 38 9 1842 88 6 1848 91 9 1848 99 20 1852 29 4 1856 51 14 1884 51 22 1893 48 9 1894 5 31 1901 12 30 1929 49 8 1936 75 15 1951 26 2 1954 40 12 1967 33 30 1971 8 20 1991 1 0 1991 64 18 1994 5 28 1996 0 9 1999 66 19 2013 98 1 2022 99 7 2032 76 25 2033 70 22 2035 79 11 2035 81 25 2066 47 19 2069 61 26 2070 7 7 2075 74 26 2089 16 19 2089 75 29 2089 90 29 2100 96 24 2103 88 8 2106 42 4 2124 89 0 2157 5 23 2164 49 8 2165 94 6 2179 36 4 2181 64 1 2184 76 10 2203 56 1 2205 99 18 2214 96 19 2227 42 19 2242 16 24 2243 90 9 2262 4 12 2265 35 9 2294 63 30 2300 30 31 2309 5 20 2313 24 8 2315 59 8 2315 91 7 2323 5 7 2324 65 23 2337 5 19 2344 99 18 2347 35 12 2356 54 11 2366 93 16 2368 14 27 2372 12 28 2373 67 6 2395 31 3 2398 44 0 2407 63 19 2418 74 17 2434 33 4 2439 36 4 2483 37 1 2508 17 22 2550 61 3 2577 8 11 2590 69 0 2622 88 3 2656 60 14 2671 43 31 2678 65 27 2694 95 5 2697 92 0 2703 52 10 2703 97 10 2717 70 25 2729 64 27 2733 5 5 2740 84 11
872 187 3e-05 81 93 10 131 73 30 135 2 0 135 98 4 148 54 28 155 34 17 157 49 31 162 52 14 192 69 9 260 19 17 263 39 11 316 75 29 342 43 15 349 64 5 350 43 9 363 30 2 365 17 12 374 52 5 382 57 5 388 81 23 395 55 20 402 5 4 402 40 22 412 62 29 413 52 5 442 15 0 442 76 21 485 29 25 485 96 3 491 88 25 512 80 24 516 70 14 521 76 10 527 39 5 530 52 23 533 80 7 542 73 22 565 73 16 578 14 30 579 88 10 586 47 17 588 0 19 592 18 14 594 87 8 629 99 22 630 51 27 658 94 14 665 76 20 713 19 10 714 15 27 716 80 14 734 44 31 740 75 17 742 41 6 747 96 14 753 60 16 756 45 0 763 4 9 793 6 0 795 94 12 807 2 7 819 94 1 825 39 27 826 52 1 834 4 14 844 42 5 847 58 9 850 2 30 850 14 3 865 72 13 867 97 21 870 69 12 883 99 28 895 72 9 898 89 24 900 95 20 924 53 25 932 92 5 938 53 20 939 59 15 952 28 31 963 1 24 964 35 21 981 13 10 995 62 3 1014 97 29 1019 9 18 1031 99 9 1034 63 1 1039 82 10 1811 65 27 1820 49 4 1832 90 4 1848 7 9 1854 66 11 1870 81 5 1888 63 21 1889 74 12 1894 94 13 1912 80 12 1914 96 22 1933 78 25 1947 26 2 1969 77 3 1989 16 6 1991 54 26 2000 6 22 2028 63 29 2040 31 3 2067 85 14 2074 63 22 2077 15 3 2100 56 10 2118 23 5 2121 80 20 2129 33 18 2139 56 16 2146 97 21 2149 9 21 2170 56 31 2176 32 26 2181 92 22 2192 29 21 2209 71 4 2231 30 10 2247 62 18 2249 81 12 2255 39 22 2255 57 9 2260 73 19 2262 28 0 2280 58 13 2283 10 28 2285 72 10 2289 33 21 2303 36 8 2312 1 31 2315 37 15 2326 25 16 2329 61 14 2333 16 9 2336 8 15 2344 86 24 2348 18 5 2359 56 10 2364 91 6 2370 95 22 2377 20 0 2379 81 4 2385 11 27 2395 25 24 2410 82 23 2413 68 19 2433 61 12 2435 82 2 2436 58 30 2437 81 31 2439 93 28 2442 7 17 2442 20 28 2444 95 13 2445 66 8 2460 91 7 2461 78 0 2474 50 29 2476 0 13 2486 3 20 2487 68 23 2493 96 29 2529 24 21 2540 46 20 2542 38 12 2589 2 3 2603 31 28 2617 0 13 2641 68 24 2645 78 31 2651 85 8 2659 71 10 2682 30 0 2697 37 25 2722 39 5 2724 74 10 2728 12 7 2745 15 28 2752 68 2 2764 66 2
873 187 3e-05 113 16 21 142 81 21 150 82 29 163 20 21 170 89 12 193 47 8 195 22 18 196 12 21 197 0 11 200 72 6 206 61 14 210 83 25 226 30 16 227 4 16 227 48 14 230 29 8 236 18 19 245 35 12 258 86 23 270 26 23 285 69 21 286 11 24 301 50 16 302 64 25 308 2 27 313 16 20 315 57 26 322 7 16 331 36 7 340 17 19 348 68 11 354 50 15 363 18 1 372 88 14 402 6 0 439 26 19 448 24 10 451 69 18 479 64 25 513 7 15 513 14 1 517 59 7 529 9 31 532 79 2 538 67 8 567 53 22 568 49 16 575 22 26 581 60 15 582 13 8 594 62 14 597 63 28 617 12 9 626 90 1 628 75 1 639 14 18 659 63 16 667 71 8 682 80 31 702 45 17 716 55 12 721 93 2 740 71 28 742 42 13 777 39 29 780 40 31 783 95 8 792 37 10 793 90 3 797 55 29 802 50 5 807 30 18 818 42 16 844 6 24 851 58 10 890 93 8 894 87 5 904 61 8 905 25 6 909 20 8 916 75 5 939 34 23 939 69 14 955 35 3 964 9 6 968 56 30 971 82 6 985 18 17 990 95 13 1022 76 17 1027 73 15 1032 3 21 1037 32 29 1818 21 15 1829 26 29 1830 86 9 1833 87 25 1838 89 26 1854 1 30 1854 33 8 1864 11 15 1874 94 18 1877 64 25 1882 7 1 1910 55 18 1916 1 7 1919 100 6 1943 72 24 1945 35 4 1953 68 31 1971 60 10 1994 61 4 2004 12 14 2007 56 7 2032 33 13 2037 19 8 2040 72 13 2057 25 19 2067 85 4 2087 5 31 2094 27 22 2094 100 30 2097 25 5 2104 28 2 2115 25 5 2116 47 10 2118 15 1 2129 18 12 2139 29 12 2153 48 17 2168 0 9 2168 58 30 2172 19 12 2183 98 19 2188 47 0 2196 74 24 2206 20 6 2217 2 19 2217 84 12 2225 79 21 2230 80 31 2268 16 7 2286 98 4 2303 44 13 2305 41 20 2308 32 18 2311 25 26 2312 50 7 2320 2 25 2322 73 1 2356 77 2 2369 26 4 2370 82 23 2374 73 30 2393 32 1 2394 23 13 2401 92 21 2422 21 26 2423 85 29 2424 80 13 2434 59 29 2439 57 13 2466 76 25 2472 59 14 2473 1 30 2481 48 14 2499 58 11 2511 6 20 2523 70 22 2545 23 26 2546 31 30 2555 10 26 2566 47 17 2569 15 27 2580 26 31 2593 78 15 2612 16 6 2622 3 30 2687 9 11 2699 72 22 2730 53 15 2735 5 3 2735 44 5 2752 22 13 2756 84 25 2772 6 0 2772 15 16
874 187 3e-05 73 31 27 74 69 7 84 73 24 84 79 27 95 72 16 103 6 28 110 10 5 116 87 16 132 17 1 142 42 29 167 39 13 195 39 17 240 44 18 241 50 22 258 86 1 286 9 31 289 94 6 308 88 3 315 8 7 355 34 6 356 46 26 356 82 26 367 82 7 372 93 8 381 79 21 391 68 23 397 36 11 420 90 0 442 22 18 449 69 11 450 84 16 456 8 16 470 5 13 470 94 5 515 34 7 544 50 12 555 95 13 558 95 1 561 94 12 562 5 13 576 89 26 587 20 22 589 64 2 590 44 17 621 14 12 630 14 0 631 95 12 640 8 15 640 77 18 647 99 7 649 43 21 658 90 24 671 12 13 686 54 18 698 25 26 699 79 24 714 55 12 721 93 14 798 10 27 799 23 20 806 39 7 806 44 15 825 57 24 829 44 12 837 11 9 837 49 28 853 11 8 864 72 15 881 27 3 886 64 27 913 82 19 921 68 6 940 25 25 943 74 18 954 69 25 959 43 3 980 30 29 991 45 20 997 99 10 999 68 24 1003 48 30 1005 92 3 1006 26 28 1008 51 31 1009 19 4 1028 41 24 1032 96 25 1812 11 17 1817 74 15 1834 57 2 1839 42 31 1862 31 22 1872 86 21 1881 44 27 1889 63 6 1909 66 27 1912 76 9 1913 12 3 1914 62 6 1915 90 2 1918 68 18 1921 36 15 1924 4 9 1928 1 9 1932 67 20 1960 27 28 1973 53 1 1982 43 6 1982 80 20 1991 29 7 2000 61 17 2012 48 26 2039 59 11 2042 93 3 2053 22 25 2066 15 10 2102 40 27 2105 97 27 2110 3 21 2145 96 7 2157 76 21 2168 89 17 2178 61 24 2185 21 14 2185 51 24 2187 37 26 2197 87 2 2199 45 25 2205 27 23 2209 88 27 2214 15 4 2216 48 17 2257 90 27 2259 45 28 2312 45 31 2320 76 27 2331 49 16 2337 20 2 2360 62 30 2369 94 10 2374 21 19 2374 29 7 2376 8 27 2378 69 15 2390 69 25 2398 46 11 2416 35 9 2418 76 3 2423 46 13 2432 48 28 2437 16 22 2440 34 18 2465 31 30 2479 29 15 2481 71 2 2487 58 17 2500 28 21 2508 60 7 2511 17 3 2562 62 31 2565 84 31 2567 44 22 2568 39 22 2583 47 21 2595 76 30 2611 78 15 2616 49 22 2639 47 2 2640 49 16 2642 0 20 2654 6 7 2664 8 23 2688 46 17 2690 45 28 2706 30 0 2708 93 5 2719 25 16 2728 2 18 2729 58 5 2735 59 10 2736 37 15 2744 95 4 2751 97 24 2755 19 29 2758 36 5 2763 54 30 2766 50 25
875 187 3e-05 81 23 16 82 61 13 82 95 4 88 7 7 92 33 1 102 8 13 108 4 13 117 8 21 120 76 1 126 19 11 137 81 29 150 44 12 168 0 2 170 24 21 172 54 19 174 65 12 177 8 8 177 65 14 184 20 19 190 41 17 227 4 14 227 45 1 232 74 1 247 43 12 252 76 17 263 20 27 276 16 22 310 98 9 315 33 7 322 58 10 325 85 17 342 53 31 355 87 13 357 58 2 373 10 0 380 41 13 394 90 14 406 9 28 413 80 15 417 62 18 426 46 4 474 79 9 479 54 1 480 64 19 494 63 20 525 64 27 532 30 17 544 45 14 554 36 17 567 37 18 570 27 0 573 89 27 575 87 19 582 35 25 585 32 27 610 25 17 649 54 11 655 77 11 659 79 12 664 21 1 667 92 24 719 44 29 726 24 21 737 50 26 744 45 12 745 12 6 751 14 14 757 4 5 759 75 0 760 65 29 769 41 6 775 91 6 788 37 3 790 14 23 801 84 6 806 55 6 841 68 16 853 86 25 855 46 22 861 87 15 899 11 27 899 93 26 914 45 22 924 13 31 928 58 7 929 23 6 929 82 5 947 32 28 952 90 12 957 72 12 979 21 3 979 51 2 1005 57 1 1007 39 29 1013 50 4 1024 68 14 1852 6 24 1852 33 4 1855 83 4 1885 55 16 1889 80 27 1891 51 7 1891 52 16 1905 26 7 1920 24 25 1964 77 11 1965 84 26 1967 23 24 1968 10 25 1981 2 9 2005 66 0 2006 7 23 2012 8 4 2018 88 16 2048 56 26 2050 26 17 2053 9 19 2074 45 7 2098 34 13 2098 80 17 2104 92 25 2130 0 29 2131 100 1 2137 58 5 2144 14 9 2152 13 1 2158 18 18 2177 100 17 2184 66 17 2187 59 27 2234 37 3 2240 90 23 2244 9 10 2266 2 7 2270 93 9 2276 87 28 2299 22 2 2301 35 12 2307 38 21 2320 97 26 2343 59 2 2343 81 4 2358 12 1 2377 100 15 2381 39 5 2382 76 31 2383 3 7 2400 1 20 2405 51 3 2422 32 28 2427 81 20 2437 82 14 2441 30 21 2441 39 30 2442 16 27 2454 25 17 2477 45 5 2485 90 25 2497 25 28 2498 26 25 2500 32 2 2504 69 20 2508 38 0 2508 55 9 2518 58 20 2529 84 21 2533 64 27 2535 85 22 2536 41 17 2560 64 29 2561 10 10 2574 92 5 2582 63 22 2584 46 26 2594 32 31 2603 1 20 2609 81 5 2629 71 11 2640 10 19 2646 72 15 2663 12 10 2675 8 6 2686 99 20 2694 6 28 2703 27 0 2747 54 8 2772 89 27
876 187 3e-05 72 87 18 106 11 3 131 35 14 133 43 3 149 91 19 161 72 23 168 37 14 180 37 28 182 30 21 192 28 21 229 20 2 232 12 23 233 46 9 235 12 23 240 79 26 248 64 29 262 59 14 266 92 26 275 90 19 279 99 3 294 25 29 304 37 21 314 99 5 321 29 14 332 42 27 347 91 18 369 73 11 378 16 30 380 31 10 387 64 24 391 81 7 414 84 26 437 13 6 459 39 1 487 71 23 493 18 7 494 6 26 496 100 4 512 77 9 527 40 5 539 41 10 548 83 7 550 15 29 560 42 30 570 94 30 577 73 8 585 74 20 597 42 20 602 79 31 607 89 11 615 41 19 615 92 17 640 72 17 643 35 7 644 18 4 655 16 0 660 3 17 662 5 17 677 80 13 702 38 29 710 34 7 713 89 6 725 32 9 737 78 27 744 59 9 747 85 28 755 27 18 757 61 1 768 61 4 771 41 10 778 3 1 778 82 0 784 44 6 798 40 16 805 2 27 812 35 7 823 38 8 825 74 1 843 64 30 854 82 17 870 4 28 880 41 5 881 100 20 883 14 12 885 44 19 892 98 31 895 27 14 900 79 25 901 100 5 903 30 14 936 69 9 939 47 23 948 96 9 963 66 31 1000 8 19 1023 94 8 1028 83 18 1034 72 12 1036 99 29 1038 70 27 1819 64 15 1825 21 21 1827 67 23 1839 6 28 1844 87 17 1855 81 16 1865 31 11 1874 38 17 1900 35 4 1901 42 24 1908 56 10 1913 23 1 1948 28 31 1951 49 4 1952 46 7 1970 5 3 1987 31 2 2010 78 6 2015 24 10 2016 16 31 2017 75 5 2049 19 15 2055 5 13 2086 72 14 2093 84 9 2095 7 6 2114 29 29 2115 67 18 2122 71 25 2126 12 27 2144 58 30 2154 92 5 2162 5 31 2175 16 26 2184 68 3 2198 19 31 2200 65 1 2202 28 14 2203 63 26 2245 79 21 2270 87 24 2276 43 4 2280 85 29 2283 18 26 2285 6 17 2295 38 24 2309 83 11 2319 62 25 2380 80 11 2385 26 9 2402 3 0 2411 60 15 2429 19 18 2431 4 5 2434 53 24 2454 78 8 2455 17 21 2461 53 31 2463 2 27 2463 36 31 2464 41 4 2467 27 17 2476 33 20 2480 48 14 2487 24 9 2491 71 17 2507 80 30 2511 54 20 2519 41 22 2539 98 17 2546 44 7 2546 75 1 2575 48 23 2586 81 19 2587 5 31 2601 38 6 2649 15 6 2661 52 0 2666 87 16 2700 49 15 2710 7 15 2724 58 9 2735 17 20 2739 28 23 2746 54 25 2747 9 23 2757 81 11
877 187 3e-05 72 44 14 80 3 8 86 19 31 94 87 8 106 87 13 131 27 9 133 30 2 151 23 30 165 12 5 186 61 0 188 18 5 192 76 2 208 45 20 225 41 12 251 6 14 273 29 21 278 51 7 297 23 31 298 12 16 299 21 24 299 43 29 317 12 7 329 35 7 343 13 10 350 87 21 354 42 19 382 38 8 386 24 14 386 49 11 386 96 11 393 76 28 400 81 14 409 20 4 411 8 1 412 98 8 416 44 25 424 81 3 426 82 2 428 1 7 436 52 24 436 92 4 446 62 18 447 6 4 459 42 3 464 55 17 471 100 16 472 12 6 475 47 18 483 40 3 485 54 4 487 59 19 522 29 1 531 77 5 545 40 23 563 30 16 580 25 3 603 63 6 604 54 0 614 51 13 665 61 3 672 2 22 678 7 23 684 71 0 689 14 29 694 65 16 707 31 22 710 98 18 711 67 24 728 48 9 733 19 2 735 15 21 740 24 1 745 96 10 752 63 15 761 52 15 766 61 4 798 12 4 825 27 5 858 40 22 889 71 24 895 28 10 907 69 12 940 18 8 944 42 30 949 46 8 953 46 2 954 100 17 969 71 16 973 40 17 990 26 26 992 46 8 1004 1 14 1029 49 2 1828 20 29 1830 77 26 1836 77 8 1841 59 12 1847 43 30 1847 59 29 1852 13 5 1867 86 28 1908 68 7 1910 95 26 1920 63 13 1929 10 3 1950 77 26 1959 84 19 1969 1 16 1979 6 16 2007 42 11 2012 37 20 2014 52 26 2017 30 0 2029 29 28 2032 8 28 2034 79 26 2045 38 15 2060 9 30 2062 51 17 2062 83 0 2070 96 28 2078 19 20 2079 85 21 2080 79 20 2084 62 12 2101 0 28 2102 13 8 2117 14 17 2131 38 21 2132 62 2 2152 87 2 2159 51 15 2167 22 4 2173 83 4 2179 80 17 2181 20 31 2198 45 2 2202 63 29 2219 22 28 2224 28 24 2232 47 13 2248 52 14 2249 20 14 2259 35 2 2268 3 19 2275 84 15 2300 100 2 2305 3 30 2325 4 5 2337 18 22 2359 32 6 2365 13 21 2399 56 28 2419 77 19 2423 7 10 2425 92 8 2459 1 19 2469 80 10 2471 13 9 2476 53 14 2478 57 14 2480 25 30 2484 89 8 2489 37 1 2493 77 2 2497 3 26 2516 42 13 2531 88 29 2536 80 12 2542 43 3 2555 28 4 2559 64 15 2584 30 25 2590 100 13 2608 31 31 2640 18 2 2642 86 20 2654 37 11 2665 20 22 2675 44 18 2708 42 24 2721 60 10 2754 44 15 2766 27 16 2768 8 0 2768 83 17 2775 70 9
878 187 3e-05 81 64 26 98 70 19 117 60 22 132 46 23 135 56 22 160 48 12 165 88 15 171 72 0 176 86 21 193 78 11 199 98 8 201 7 31 205 31 6 216 20 8 220 75 21 234 1 4 260 28 0 266 37 7 302 94 18 322 65 3 324 23 28 337 58 14 338 76 26 371 67 26 378 84 22 383 43 30 403 83 10 407 76 20 408 86 8 410 15 31 421 96 1 429 96 15 435 38 6 436 65 1 437 74 12 444 81 9 451 98 21 477 25 0 497 70 18 497 98 19 499 1 5 522 82 16 523 12 16 531 53 12 534 50 5 541 59 9 546 19 3 561 31 27 587 37 18 596 50 28 613 91 2 617 33 25 623 99 7 635 96 19 636 64 14 640 90 13 646 100 8 651 93 18 668 57 28 681 75 12 691 17 16 707 8 10 720 63 13 723 7 17 728 47 15 742 45 29 743 58 18 772 82 2 773 100 27 779 35 30 805 92 14 814 85 29 818 24 14 827 8 4 828 82 16 834 44 29 835 30 9 850 82 25 883 15 8 886 18 1 887 79 17 903 8 13 912 49 29 938 72 22 948 6 1 956 65 1 974 23 14 989 60 28 991 73 21 1003 76 8 1008 51 29 1019 74 27 1022 20 15 1032 26 22 1036 14 18 1826 75 26 1831 3 2 1845 53 15 1853 42 24 1877 40 22 1882 8 3 1886 6 20 1887 11 4 1906 74 8 1906 99 11 1916 87 23 1918 0 6 1936 42 5 1946 63 26 1948 74 18 1949 27 5 1953 77 17 1965 94 25 1988 56 0 1990 9 14 2011 70 13 2029 5 20 2034 22 22 2041 64 17 2046 92 31 2047 38 1 2052 96 14 2054 15 10 2069 92 12 2076 85 16 2112 12 31 2115 1 15 2127 5 7 2127 72 25 2142 91 4 2147 23 25 2154 89 24 2172 98 28 2189 17 20 2189 35 5 2216 81 16 2217 0 31 2247 2 31 2262 9 12 2266 72 20 2280 100 31 2321 85 31 2396 60 31 2398 97 18 2406 53 26 2411 65 13 2423 53 28 2434 65 2 2435 21 21 2443 49 3 2459 13 15 2474 80 6 2475 83 19 2480 23 4 2492 10 8 2504 33 7 2508 65 9 2540 71 30 2557 54 15 2569 99 28 2572 75 6 2577 69 7 2583 21 16 2588 62 8 2602 69 27 2609 88 7 2624 40 8 2634 6 12 2635 50 0 2642 68 6 2644 76 11 2658 3 14 2683 40 26 2691 81 16 2691 89 6 2694 70 20 2700 59 18 2701 43 7 2701 52 19 2714 28 28 2730 5 0 2736 3 31 2744 93 15 2745 97 13 2752 60 9 2754 28 31 2770 36 8
879 187 3e-05 84 31 3 84 94 1 100 87 20 101 82 20 104 94 26 118 47 31 125 57 6 129 34 11 130 22 19 158 34 31 159 3 2 167 0 20 170 79 18 171 63 0 182 35 10 190 57 18 199 90 0 208 97 10 230 41 24 234 74 1 241 9 11 257 57 28 259 80 0 268 43 19 268 83 3 269 47 4 289 73 5 321 68 1 343 3 0 343 45 24 351 17 21 360 44 28 362 26 7 364 7 16 370 76 28 380 30 1 407 5 27 413 48 15 421 41 0 424 45 0 429 86 14 444 20 1 445 44 30 458 32 19 462 2 12 470 96 13 477 29 6 512 56 7 520 18 25 549 7 12 567 71 5 575 41 10 596 52 8 596 54 29 596 55 19 596 73 16 609 61 22 611 80 27 615 49 22 620 4 10 633 19 0 636 94 17 638 68 11 667 37 9 675 9 1 677 13 4 680 73 5 684 39 31 686 97 20 721 24 26 743 80 24 746 41 4 748 54 25 757 95 16 798 88 24 809 67 31 822 37 16 828 33 7 830 14 15 831 33 15 835 50 5 838 0 5 840 49 2 857 60 29 869 31 11 874 83 10 883 68 2 890 60 17 896 14 10 902 68 16 910 19 22 925 23 31 938 20 20 941 36 9 941 51 6 947 39 29 955 68 4 957 86 19 959 69 30 961 56 12 961 61 15 967 23 18 1038 53 30 1039 32 1 1816 81 11 1822 50 31 1838 1 27 1863 16 2 1871 48 28 1880 35 5 1887 100 12 1888 57 24 1893 40 20 1907 100 0 1943 62 24 1951 89 11 1968 51 10 1975 39 31 2000 59 0 2009 79 17 2021 90 29 2053 79 7 2063 20 26 2065 4 29 2067 23 4 2084 52 25 2085 90 12 2090 26 12 2095 32 23 2103 46 19 2103 82 25 2125 9 6 2128 9 27 2169 10 7 2173 36 29 2187 62 2 2197 46 1 2206 90 6 2208 97 15 2223 35 28 2241 3 20 2242 100 24 2243 94 25 2279 73 16 2283 88 8 2308 69 4 2324 10 26 2326 8 18 2328 69 12 2337 45 24 2362 38 26 2362 80 1 2378 65 1 2380 49 21 2381 54 25 2386 31 14 2406 69 11 2410 53 19 2428 17 31 2429 17 28 2440 97 8 2440 98 6 2445 0 12 2458 33 15 2470 62 13 2478 31 12 2492 42 9 2496 41 29 2509 98 4 2526 1 23 2529 85 7 2532 57 10 2543 60 30 2545 50 25 2573 98 17 2581 80 20 2581 95 9 2639 86 11 2652 89 7 2653 89 17 2664 87 29 2680 18 5 2685 1 26 2687 24 1 2691 6 5 2694 30 10 2742 53 14
880 187 3e-05 74 74 18 81 22 16 105 67 14 109 78 13 117 73 22 154 15 4 172 100 30 193 90 8 198 29 3 216 24 13 240 81 12 244 69 5 245 82 11 263 95 7 282 25 25 289 51 31 294 38 18 295 24 15 301 7 18 301 66 19 304 7 16 310 95 21 327 5 26 329 53 23 335 4 22 346 12 6 371 15 15 373 29 17 384 11 16 391 86 15 408 69 8 409 80 21 415 48 8 428 94 0 432 18 27 432 75 4 451 46 29 452 80 25 453 13 12 485 66 6 495 23 19 501 50 29 502 83 16 504 71 2 527 85 8 538 8 30 549 68 9 557 94 26 565 3 2 578 18 10 580 66 3 581 26 31 586 19 26 594 70 2 603 31 16 620 21 21 623 31 8 645 65 29 651 55 24 652 47 28 660 15 23 662 89 5 669 20 17 685 33 31 706 3 0 707 32 26 727 90 6 738 91 23 744 10 19 748 47 5 762 90 3 773 59 27 797 91 10 809 64 9 822 22 23 830 5 20 843 19 4 849 11 21 850 4 21 856 18 20 869 6 12 887 59 1 894 66 23 918 23 22 918 54 18 937 66 7 946 74 18 957 71 9 961 49 22 961 60 22 976 68 20 990 23 6 1009 19 20 1037 29 5 1811 23 14 1818 42 11 1818 98 29 1822 85 11 1830 81 25 1835 48 13 1842 85 4 1857 65 13 1862 88 10 1863 63 30 1874 90 22 1875 91 13 1891 64 4 1897 12 5 1899 83 26 1903 12 5 1905 97 20 1910 100 6 1917 47 11 1928 82 12 1929 98 29 1945 25 19 1955 88 27 1958 91 31 1978 12 18 1985 84 3 1992 89 13 2001 38 8 2027 20 3 2031 16 17 2043 33 16 2051 93 9 2064 86 22 2093 94 2 2121 30 27 2125 8 22 2127 74 18 2149 40 28 2159 1 6 2159 41 8 2168 73 11 2178 20 1 2190 52 3 2200 45 22 2208 25 14 2217 33 28 2225 81 22 2232 24 11 2234 88 30 2240 26 30 2280 51 29 2305 23 11 2327 68 16 2332 57 7 2340 13 17 2363 75 22 2377 100 10 2395 7 28 2401 32 23 2416 88 14 2437 95 10 2439 49 12 2439 49 24 2468 4 19 2468 21 24 2485 82 13 2489 29 19 2490 41 12 2498 26 27 2508 28 8 2513 90 14 2517 63 21 2535 96 28 2565 81 2 2567 61 12 2571 43 13 2576 53 31 2584 46 19 2589 75 7 2590 92 14 2594 34 14 2605 97 13 2610 11 24 2615 75 15 2630 1 9 2643 8 11 2674 25 20 2687 75 9 2716 72 28 2723 90 22 2735 95 14 2764 39 13 2774 71 30
881 187 3e-05 78 33 18 89 31 0 89 45 22 93 31 31 102 43 1 117 12 12 132 62 8 145 45 4 159 99 14 172 36 11 174 18 4 177 23 10 183 46 3 187 47 19 217 12 10 229 6 14 240 55 24 241 85 18 248 62 14 263 67 12 265 50 18 275 90 11 278 46 15 315 8 30 335 40 21 342 6 10 357 26 21 361 2 3 365 0 14 382 23 27 383 25 15 393 48 12 408 69 31 420 65 27 436 50 12 452 50 6 500 99 2 552 73 2 559 2 26 560 79 26 564 69 14 586 41 29 602 28 0 603 29 28 611 79 14 619 90 15 624 2 8 628 96 15 639 42 0 656 81 2 669 91 2 675 81 9 684 65 0 719 13 1 735 65 30 760 29 16 779 19 11 786 99 5 810 76 6 860 29 16 869 89 4 875 46 26 881 65 11 885 24 10 899 86 2 907 41 15 909 20 17 913 42 2 915 37 14 922 18 26 928 42 12 933 96 10 943 20 17 949 72 24 953 37 7 954 23 3 976 31 27 977 69 23 988 43 2 988 97 0 991 87 22 996 91 11 1000 72 26 1038 54 15 1819 26 2 1825 2 17 1831 16 13 1837 71 23 1854 43 20 1855 92 23 1856 38 28 1857 60 27 1874 62 6 1885 66 22 1917 43 21 1927 49 10 1940 51 22 1961 41 25 1965 9 1 1976 25 6 1978 52 24 1991 92 30 1995 30 14 2003 20 19 2013 68 20 2023 56 3 2060 5 25 2066 57 7 2078 68 4 2082 81 3 2092 100 18 2120 8 2 2146 44 7 2154 24 22 2154 76 25 2170 13 9 2183 71 1 2206 37 4 2210 92 6 2217 18 24 2234 43 14 2240 66 31 2251 92 1 2253 43 22 2262 76 13 2268 11 0 2273 68 9 2279 46 3 2287 44 18 2297 58 0 2299 9 30 2299 39 20 2328 28 13 2333 11 24 2334 22 18 2352 61 1 2361 66 15 2377 51 26 2392 59 7 2407 89 24 2409 79 25 2413 70 19 2414 10 29 2415 24 10 2431 75 31 2435 66 29 2442 77 21 2452 44 4 2455 70 2 2471 83 6 2490 34 23 2492 92 2 2536 81 24 2541 90 20 2542 69 9 2547 75 19 2548 57 27 2550 69 5 2553 7 27 2554 87 21 2556 21 6 2557 25 8 2561 80 30 2573 10 31 2576 43 10 2578 9 22 2586 77 13 2587 22 7 2590 33 13 2611 3 7 2617 0 14 2631 6 8 2638 52 16 2655 39 30 2667 22 18 2669 64 13 2678 45 20 2681 13 22 2686 84 14 2687 78 21 2691 44 15 2701 41 8 2709 72 2 2712 40 20 2731 3 17 2751 8 3 2770 3 26
882 187 3e-05 76 20 29 90 47 1 98 16 14 99 89 22 108 70 16 110 17 10 121 97 17 135 89 29 158 0 18 174 0 3 175 18 2 175 76 3 182 66 26 192 12 1 192 27 3 196 14 31 196 30 9 200 10 19 225 100 12 235 49 28 247 43 15 251 9 2 252 98 6 255 54 18 264 36 11 270 65 6 279 64 4 281 76 18 282 75 18 286 40 9 299 89 7 305 0 30 329 10 0 347 69 3 356 14 11 357 51 25 370 28 23 371 96 4 376 56 27 407 61 2 408 34 24 408 84 4 419 39 17 424 42 11 448 91 19 457 22 5 458 41 6 510 15 24 521 33 4 528 91 23 531 22 17 538 2 12 541 35 8 542 35 3 565 28 27 565 30 18 583 20 10 583 59 31 593 21 9 596 19 1 604 49 7 627 74 8 642 52 25 648 8 5 648 69 22 650 8 19 653 54 4 654 40 27 656 77 9 663 0 30 663 43 23 676 84 26 681 45 21 694 0 27 697 45 9 716 27 19 722 50 25 734 66 25 753 28 16 758 92 19 760 63 10 780 94 11 819 44 21 835 44 28 842 84 15 857 53 7 858 28 29 859 16 1 877 99 27 878 29 29 881 35 25 898 85 11 906 73 8 918 45 11 929 8 0 958 21 8 979 70 28 981 79 20 984 74 16 1014 67 2 1031 5 25 1033 11 2 1817 41 4 1825 68 17 1825 74 7 1842 29 8 1856 60 2 1864 32 15 1875 36 13 1896 34 24 1908 44 12 1915 38 21 1925 57 1 1938 11 23 1964 41 14 1973 15 3 1973 34 12 1981 19 7 1981 23 2 2023 48 21 2037 95 4 2048 69 27 2077 69 0 2111 64 7 2114 5 17 2129 72 23 2141 30 24 2173 75 9 2199 43 22 2213 9 19 2220 6 27 2226 90 6 2237 30 18 2271 65 14 2275 34 27 2302 70 28 2302 91 4 2310 37 3 2344 87 5 2350 88 14 2363 22 23 2371 75 26 2383 83 30 2422 75 28 2429 49 28 2452 46 7 2452 49 24 2458 89 11 2465 23 30 2470 28 27 2475 50 25 2479 87 17 2487 28 1 2491 18 5 2496 99 2 2497 40 15 2497 95 6 2543 18 27 2547 38 1 2548 39 8 2575 19 16 2581 6 5 2587 79 4 2606 17 1 2616 65 0 2618 52 17 2629 20 19 2629 38 10 2629 42 23 2635 90 2 2647 56 28 2659 3 18 2675 14 28 2701 96 7 2702 0 28 2704 93 7 2705 28 3 2709 27 2 2724 8 10 2730 48 6 2732 12 28 2738 38 28 2742 34 0 2752 29 13 2752 72 23 2757 40 27 2775 6 24
883 187 3e-05 101 100 13 111 40 18 114 79 28 142 98 23 144 91 20 150 96 6 151 83 21 184 11 31 200 100 28 223 43 8 224 70 18 255 2 5 266 98 1 267 22 23 273 20 11 275 70 6 310 40 18 332 95 16 335 12 11 339 55 13 353 18 7 353 38 22 353 97 27 357 22 11 369 90 26 395 56 11 396 10 16 402 94 14 408 73 21 414 57 8 414 78 19 422 73 8 423 96 29 435 75 31 436 13 16 454 60 8 456 46 29 459 44 5 460 96 12 466 57 2 484 36 5 493 100 18 497 94 0 500 48 7 508 45 17 515 90 6 519 97 0 520 15 1 525 50 9 532 51 1 541 31 8 557 93 18 571 97 14 582 19 2 594 12 31 597 70 17 599 60 1 612 53 18 621 23 12 622 88 12 646 54 7 675 79 20 681 79 4 715 53 24 730 16 28 732 67 19 735 41 2 795 41 9 816 52 4 825 39 14 842 38 14 852 45 16 857 82 3 874 84 15 877 68 11 880 52 5 908 41 22 910 69 25 911 91 20 922 3 24 938 92 24 939 29 1 967 28 24 981 85 23 986 87 4 989 7 25 991 28 13 1011 47 20 1013 6 15 1019 6 3 1811 33 19 1836 85 23 1871 46 20 1888 99 19 1911 92 17 1914 8 17 1937 15 16 1947 98 24 1948 74 6 1952 38 11 1953 25 21 1960 15 5 1974 38 11 1984 66 7 1985 7 31 1991 73 7 2033 73 10 2043 95 14 2050 5 27 2059 64 28 2067 20 19 2092 13 19 2104 73 30 2120 81 17 2138 16 18 2172 49 13 2180 65 3 2189 75 29 2191 10 6 2206 35 0 2211 74 29 2211 95 0 2225 45 27 2236 64 31 2239 62 7 2241 12 25 2263 31 5 2265 61 30 2266 64 22 2285 53 20 2289 37 26 2293 21 16 2326 19 1 2337 31 13 2338 56 23 2348 71 17 2352 50 26 2352 57 29 2356 44 4 2366 6 22 2395 19 14 2400 85 10 2412 49 7 2429 87 23 2433 52 25 2450 58 9 2452 47 0 2457 66 27 2458 27 16 2462 26 11 2479 24 26 2486 37 18 2506 48 25 2510 75 21 2537 7 0 2537 65 27 2539 31 21 2547 83 30 2548 26 15 2548 78 17 2565 39 17 2565 51 19 2568 19 8 2572 19 3 2582 21 25 2589 14 27 2590 8 3 2591 27 5 2592 12 24 2596 100 26 2606 66 1 2607 64 27 2658 0 1 2701 97 22 2705 11 9 2721 79 30 2724 28 25 2732 80 11 2735 93 15 2744 99 23 2746 56 1 2752 32 21 2752 49 3 2760 54 24 2772 11 26 2773 87 14 2774 91 10
884 187 3e-05 72 84 4 76 21 16 77 65 2 85 64 16 104 85 16 112 72 15 113 64 6 122 23 1 133 37 31 135 80 22 140 67 2 152 92 8 167 84 26 187 56 9 192 73 25 208 46 15 234 31 18 246 86 8 287 67 2 306 87 10 309 35 16 323 42 4 325 0 26 350 37 1 352 13 20 368 71 28 369 36 8 396 30 11 399 57 3 418 4 24 431 17 10 434 28 17 435 26 18 435 81 26 436 3 25 440 54 14 447 30 9 448 26 19 453 47 28 455 5 14 461 79 4 490 24 2 506 34 29 521 21 3 557 51 9 569 31 17 571 19 9 572 57 10 584 73 25 586 13 4 587 55 25 598 57 10 622 21 1 641 72 12 644 53 13 665 85 2 672 79 3 687 8 30 690 25 23 722 84 1 722 85 4 724 50 11 724 78 15 734 80 18 760 44 28 774 50 17 784 94 0 792 77 15 793 40 3 793 76 10 806 42 12 811 84 22 823 19 12 839 88 7 846 93 2 864 5 4 872 90 6 896 44 25 900 3 28 912 32 28 912 81 2 914 99 20 916 1 11 936 63 1 939 29 6 943 61 8 946 24 5 949 71 8 953 3 19 963 59 11 977 32 0 995 20 27 1010 0 23 1011 60 7 1808 94 28 1815 42 26 1823 90 21 1832 21 5 1875 15 20 1880 48 7 1882 14 5 1887 82 17 1891 85 24 1894 70 7 1921 43 18 1926 75 13 1959 43 24 1970 64 14 1976 73 31 1978 26 13 1994 8 9 2015 6 3 2020 61 3 2040 42 9 2042 93 2 2044 85 19 2047 46 8 2053 7 3 2087 92 20 2101 29 17 2113 52 13 2119 71 28 2129 92 13 2160 46 21 2162 75 3 2174 93 14 2189 94 20 2222 34 0 2224 76 19 2226 86 15 2227 11 24 2238 58 14 2267 77 1 2281 64 27 2285 25 2 2291 53 7 2297 54 10 2303 60 29 2323 40 19 2323 88 1 2325 73 18 2332 50 2 2347 61 20 2349 92 8 2354 4 12 2356 62 8 2383 33 5 2389 96 1 2395 86 16 2409 56 8 2423 64 15 2431 51 17 2437 20 24 2474 10 23 2478 74 31 2483 3 20 2507 74 19 2515 10 20 2518 85 27 2523 88 8 2541 84 16 2580 38 13 2591 49 28 2600 69 12 2612 66 8 2637 65 18 2651 16 29 2653 6 20 2653 50 24 2659 74 13 2663 53 17 2666 83 7 2676 50 30 2676 96 27 2678 8 29 2688 94 27 2705 45 19 2722 87 8 2728 62 6 2729 0 31 2735 2 2 2736 73 22 2738 73 26 2751 8 14 2759 90 16 2762 88 1 2771 3 0
885 187 3e-05 72 81 17 88 17 29 89 45 15 119 52 25 133 70 19 136 76 18 138 28 22 139 14 0 150 19 2 151 65 2 168 45 22 188 24 4 198 5 8 207 77 9 223 4 28 229 88 10 236 6 1 246 44 17 247 73 27 253 18 2 264 60 10 268 45 1 282 36 31 293 95 13 299 19 25 307 74 6 316 32 24 320 48 15 328 82 9 340 91 9 345 22 14 352 55 4 361 60 18 370 73 10 389 4 19 392 41 27 395 18 26 413 35 19 416 72 19 427 11 29 431 21 6 431 88 19 454 83 9 456 35 4 464 44 26 464 77 20 470 57 6 471 17 8 515 34 9 522 60 7 532 58 4 535 32 7 539 54 23 554 38 26 577 41 12 584 35 24 611 68 2 621 42 16 625 93 16 657 37 20 665 8 11 668 100 17 686 3 13 698 23 3 710 52 21 710 59 18 711 47 0 716 78 12 718 42 22 750 37 17 753 47 31 756 29 17 765 96 15 770 2 27 779 7 31 799 62 21 813 80 21 823 84 7 830 25 3 832 87 25 856 42 31 858 45 6 858 49 23 863 49 9 867 35 28 871 31 5 876 77 26 893 63 14 899 35 24 902 40 3 903 6 10 929 33 13 936 45 20 942 79 19 958 30 9 972 90 7 982 82 18 1001 80 24 1014 21 22 1816 48 29 1840 51 15 1844 34 15 1845 57 3 1861 13 18 1895 13 28 1900 41 15 1907 2 11 1914 74 31 1918 46 6 1918 87 14 1929 96 11 1939 66 28 1955 32 2 1955 92 15 1989 56 15 1997 5 14 2009 4 24 2030 15 5 2033 82 0 2034 16 14 2042 75 0 2043 69 4 2062 70 26 2078 29 3 2081 10 15 2118 19 27 2158 16 7 2170 59 27 2175 22 10 2175 35 22 2179 33 29 2182 92 24 2209 79 6 2234 85 28 2237 49 7 2248 59 15 2264 25 1 2265 30 14 2287 94 25 2296 0 21 2298 60 19 2325 5 7 2332 75 29 2338 49 1 2342 1 23 2349 28 13 2352 76 14 2376 48 3 2396 67 11 2417 3 29 2430 73 16 2452 59 20 2458 48 31 2498 11 8 2501 7 31 2511 75 1 2524 17 21 2524 100 31 2533 48 24 2543 87 19 2557 79 8 2576 19 1 2577 12 17 2580 33 31 2584 93 16 2589 24 10 2592 8 4 2638 38 8 2654 81 22 2671 87 29 2673 58 14 2689 3 10 2695 0 11 2698 73 8 2708 9 19 2716 51 8 2718 14 12 2718 80 2 2723 93 19 2734 96 3 2743 24 10 2746 92 18 2751 91 30 2757 6 21 2757 39 20 2761 61 6 2769 81 28
886 187 3e-05 77 98 24 84 89 8 85 32 9 93 56 0 103 90 24 115 44 20 117 47 23 123 80 17 127 37 30 133 57 3 146 68 15 152 11 13 178 88 4 197 9 8 214 70 11 220 38 20 226 38 15 241 76 25 260 34 24 276 89 29 279 91 30 283 57 1 290 33 28 298 60 29 308 96 29 319 11 13 324 59 31 350 87 1 363 59 4 365 22 26 368 100 24 379 87 21 382 2 31 394 30 15 414 39 11 417 15 5 423 65 1 435 58 7 456 92 14 485 74 19 487 64 0 492 57 9 494 78 18 505 71 8 506 51 23 518 60 21 519 92 8 532 90 30 544 55 29 561 63 8 569 21 5 569 78 13 582 94 5 585 12 7 599 54 28 600 43 15 612 21 10 615 87 22 633 98 20 639 10 26 682 22 18 704 77 19 708 84 15 725 45 13 732 4 21 767 10 22 854 37 15 857 45 2 876 88 31 883 26 27 887 32 7 888 19 11 902 98 1 912 41 29 918 59 20 933 50 14 936 18 21 946 18 19 955 19 19 966 66 21 971 52 29 972 88 15 985 56 30 987 91 25 994 91 24 1003 93 27 1012 7 29 1012 56 15 1013 1 22 1013 2 31 1016 26 11 1027 31 0 1034 100 29 1039 35 14 1820 53 6 1820 79 4 1823 37 20 1826 83 0 1826 91 18 1830 35 9 1834 41 15 1838 20 0 1850 72 22 1858 32 24 1864 73 17 1865 4 11 1874 22 30 1876 61 21 1919 9 0 1920 33 3 1927 82 18 1929 1 12 1942 17 9 1945 6 0 1971 61 7 1975 7 1 1980 21 13 2002 72 24 2002 75 24 2006 47 0 2010 84 10 2014 83 11 2023 70 17 2031 4 12 2040 90 3 2051 29 2 2056 57 5 2067 68 18 2087 80 27 2095 42 18 2123 15 22 2123 46 20 2138 65 12 2139 81 15 2148 18 26 2149 15 9 2155 85 19 2156 85 3 2193 90 10 2196 11 3 2200 65 14 2205 25 18 2209 93 30 2224 6 10 2235 6 23 2245 81 26 2261 28 24 2278 66 5 2282 63 27 2294 50 23 2309 88 29 2335 69 27 2352 54 11 2358 19 6 2367 28 19 2383 26 7 2397 93 13 2398 100 2 2412 100 7 2431 2 4 2435 98 19 2469 1 8 2481 11 27 2502 24 20 2505 88 23 2508 80 13 2511 78 29 2521 18 30 2525 42 22 2535 61 21 2542 94 23 2544 34 6 2550 11 14 2603 87 14 2606 93 31 2626 12 18 2631 66 13 2656 13 18 2658 22 30 2659 83 4 2674 90 0 2678 28 9 2696 92 7 2698 42 25 2700 68 4 2709 43 15 2713 90 7
887 187 3e-05 82 55 16 94 72 23 105 53 1 106 58 14 107 75 14 109 59 7 120 12 16 130 5 16 133 37 7 138 98 10 147 84 20 185 78 29 205 6 6 205 53 0 209 41 5 210 16 3 214 45 15 216 3 23 217 32 11 221 17 12 248 8 12 253 81 26 258 98 0 259 78 4 291 64 19 307 48 22 319 63 24 344 98 14 407 35 8 414 92 15 449 31 12 449 49 30 502 61 21 553 54 8 557 31 2 566 42 19 572 52 10 578 63 19 615 2 6 618 66 28 621 24 4 701 69 1 702 93 3 744 12 29 746 31 25 754 98 29 774 22 16 782 26 1 787 31 15 788 93 15 799 80 17 813 23 3 819 10 20 821 28 26 843 48 21 857 96 25 895 84 18 913 81 1 919 14 17 926 74 16 934 39 2 942 20 29 949 87 28 973 50 27 977 72 2 992 54 25 997 51 4 999 3 1 1008 100 17 1011 48 8 1022 37 17 1024 57 10 1031 74 8 1818 79 21 1820 29 28 1842 99 21 1844 91 2 1855 84 10 1856 95 7 1857 63 24 1867 63 16 1884 11 27 1891 71 22 1897 68 27 1909 60 18 1918 47 8 1921 96 27 1925 73 3 1928 5 8 1930 50 3 1933 25 10 1942 1 29 1947 43 3 1954 28 4 1958 47 16 1958 60 2 1959 39 25 1971 54 0 1974 77 27 1979 44 26 2008 63 29 2012 3 31 2023 99 12 2026 72 11 2040 85 16 2062 66 13 2065 83 24 2081 3 31 2099 9 3 2108 69 28 2109 22 13 2116 28 13 2137 19 28 2145 47 4 2147 3 9 2157 88 13 2168 20 27 2173 77 4 2174 4 15 2195 14 2 2203 96 0 2205 75 8 2223 92 19 2230 97 22 2231 57 19 2235 37 19 2258 40 27 2269 0 0 2276 76 28 2287 43 26 2287 96 25 2289 74 11 2296 71 9 2317 49 28 2318 95 0 2330 50 4 2336 60 16 2345 55 1 2356 97 1 2366 15 27 2366 61 7 2367 66 25 2370 89 30 2371 15 5 2378 9 0 2383 96 24 2388 12 9 2393 3 24 2454 94 16 2456 25 3 2480 40 26 2487 26 14 2488 76 18 2523 94 0 2526 39 17 2530 10 28 2541 97 10 2549 93 20 2550 96 11 2557 86 3 2561 76 7 2566 37 25 2570 8 12 2575 89 26 2580 7 2 2580 67 14 2580 75 16 2587 46 8 2610 75 5 2616 89 30 2629 21 2 2651 89 4 2656 35 0 2662 56 31 2666 26 15 2667 54 29 2673 21 9 2686 93 9 2697 69 14 2698 48 23 2711 47 9 2717 82 10 2738 67 15 2748 86 0 2752 84 13 2770 87 25 2773 79 14
888 187 3e-05 72 29 23 94 89 15 116 31 31 120 48 4 141 9 30 145 60 9 160 17 5 161 38 16 171 37 12 184 95 1 200 9 23 203 62 13 206 81 10 221 54 2 226 68 31 241 8 22 291 95 6 292 11 8 302 48 7 318 45 3 335 38 23 340 52 21 367 85 2 380 6 20 383 6 21 393 48 6 399 93 11 408 69 4 419 44 13 433 28 7 439 41 13 443 94 26 446 84 12 448 6 6 451 65 20 464 50 7 469 15 1 478 78 2 493 42 29 496 47 2 503 76 10 507 37 20 512 40 20 540 26 21 542 32 26 548 57 30 595 88 5 620 48 11 631 13 26 635 77 16 637 97 0 643 99 2 659 89 20 664 5 15 688 90 0 690 83 27 700 3 21 702 17 12 704 88 0 717 57 27 737 48 19 753 75 13 768 7 29 773 33 25 777 41 20 780 59 24 782 64 14 787 1 30 792 16 16 795 25 9 806 45 11 825 83 27 827 89 8 834 35 23 839 92 8 861 51 23 861 100 1 862 39 31 866 65 4 874 36 19 885 15 25 887 64 13 892 59 22 909 79 31 925 40 20 934 42 24 943 63 0 953 77 21 960 89 5 962 27 23 964 64 21 972 26 14 974 71 23 981 34 14 1005 8 15 1831 22 31 1832 83 1 1834 46 11 1846 71 2 1853 50 29 1871 96 30 1891 6 1 1896 96 22 1899 29 21 1904 19 7 1920 80 7 1929 53 14 1938 17 28 1948 43 26 1961 36 21 1966 79 17 1974 61 25 1982 77 23 1986 76 29 1989 12 30 1990 19 20 1991 62 5 2010 19 27 2019 99 15 2024 8 24 2027 26 9 2045 96 23 2077 20 4 2078 24 28 2113 14 12 2127 41 9 2131 56 14 2140 55 29 2154 50 17 2155 23 13 2158 73 12 2163 59 16 2174 26 3 2191 67 7 2202 76 31 2234 67 0 2251 99 9 2253 91 25 2275 3 25 2281 50 16 2290 49 18 2291 28 12 2305 27 27 2327 58 16 2334 83 19 2354 14 0 2377 8 24 2387 69 7 2391 85 5 2398 27 1 2400 84 11 2421 24 22 2424 5 24 2460 23 31 2466 2 13 2466 52 5 2482 85 12 2490 50 9 2495 77 15 2497 2 12 2508 24 5 2514 40 31 2526 72 25 2562 86 1 2573 80 14 2599 83 26 2600 20 10 2604 65 20 2607 31 29 2608 40 0 2616 57 1 2619 57 25 2628 77 17 2640 63 19 2644 100 6 2646 44 5 2655 46 14 2690 9 24 2692 8 9 2692 52 28 2712 11 4 2712 46 11 2713 49 21 2729 75 24 2733 41 6 2734 24 23 2763 67 16
889 187 3e-05 82 46 18 96 42 14 98 5 25 105 53 5 108 44 22 133 74 7 158 61 15 169 88 18 176 86 22 177 45 9 183 63 16 190 48 1 190 85 14 250 35 14 255 75 19 267 45 2 273 0 10 284 59 17 295 4 15 309 95 0 328 74 18 342 4 14 344 19 21 388 71 25 389 25 13 395 84 26 401 72 26 423 2 3 428 55 18 453 15 23 468 82 10 486 7 2 505 27 15 506 81 3 514 8 25 515 0 13 528 39 5 537 98 9 557 16 22 557 41 2 566 16 20 566 20 14 577 81 2 580 86 0 584 15 21 594 79 12 594 81 1 598 6 31 598 11 22 626 39 11 629 22 21 657 40 27 658 88 26 663 72 1 691 8 16 694 5 14 699 66 28 713 17 4 725 24 15 739 80 5 748 41 27 765 20 23 771 46 17 793 41 28 807 20 18 810 81 10 828 4 30 828 89 9 834 63 23 839 37 21 854 29 10 861 42 17 862 24 8 870 56 26 878 47 4 886 43 7 896 5 14 900 56 14 932 72 26 953 56 20 960 32 18 969 14 4 972 19 26 977 9 28 1006 17 19 1007 8 25 1010 12 18 1010 77 6 1011 88 17 1012 98 1 1014 4 4 1809 34 1 1813 74 4 1827 13 11 1831 31 18 1831 55 6 1833 84 1 1840 27 29 1847 90 0 1863 40 25 1866 53 9 1877 11 4 1880 98 2 1938 100 11 1942 80 11 1945 53 5 1953 62 9 1959 42 22 1972 63 0 1989 95 20 1992 57 23 1993 5 14 1997 89 1 2002 33 24 2002 68 28 2004 37 15 2025 69 6 2035 95 25 2037 14 28 2052 43 21 2056 64 16 2093 65 22 2106 11 28 2108 54 22 2111 80 19 2122 56 23 2141 23 13 2142 36 7 2162 94 26 2170 85 16 2173 19 25 2184 83 1 2202 94 4 2204 25 9 2206 23 16 2208 74 5 2219 100 18 2238 85 13 2272 31 8 2283 52 14 2290 18 7 2324 17 22 2336 87 16 2348 8 8 2349 9 10 2349 49 0 2363 20 30 2382 66 29 2385 51 18 2393 29 13 2410 73 24 2429 83 11 2447 21 12 2464 12 2 2492 60 0 2505 2 21 2512 27 15 2524 26 1 2531 63 31 2539 27 5 2542 66 12 2542 67 12 2560 66 14 2565 65 25 2580 52 16 2580 85 3 2582 65 3 2585 18 17 2595 3 8 2599 28 9 2599 44 22 2614 53 24 2615 5 4 2615 61 2 2636 97 3 2644 22 23 2654 11 14 2692 92 7 2699 4 2 2701 63 2 2707 70 20 2709 11 2 2724 2 9 2735 2 14 2745 27 24 2751 55 31 2755 59 10
890 187 3e-05 75 30 19 83 56 16 87 54 8 119 6 5 122 34 17 138 49 18 140 12 20 150 38 7 175 21 16 176 59 25 176 71 18 196 2 0 206 61 15 221 83 8 223 30 19 223 68 0 259 68 31 264 89 5 274 3 30 275 11 18 288 22 27 295 59 27 306 72 21 321 88 11 334 93 28 351 29 13 367 88 29 393 4 21 393 48 15 397 36 31 417 32 9 425 43 16 434 57 7 443 16 25 456 68 31 460 15 8 464 16 10 482 74 26 485 44 3 491 10 4 492 21 9 492 46 15 509 40 11 511 34 21 533 58 8 554 89 11 554 100 7 594 4 22 644 9 30 649 92 20 693 53 13 700 31 24 701 68 21 705 21 9 721 38 13 725 43 7 726 23 14 767 86 25 772 6 28 784 7 12 792 86 8 797 65 30 810 24 21 825 32 12 828 24 24 872 55 0 882 32 23 887 57 4 891 51 2 896 36 13 917 62 13 931 62 10 937 16 25 951 49 1 971 36 10 981 85 25 994 11 0 1026 89 12 1028 49 2 1035 20 27 1038 55 21 1827 41 7 1843 2 26 1846 40 11 1864 32 17 1880 72 19 1887 63 14 1931 53 19 1941 94 23 1945 63 11 1947 11 7 1953 70 9 1957 94 0 1959 37 28 1981 81 2 1991 31 23 2000 80 15 2019 19 30 2043 60 0 2053 16 13 2057 79 9 2068 65 0 2070 65 23 2070 99 30 2074 79 4 2092 33 22 2118 53 27 2122 8 15 2122 90 10 2135 79 10 2147 50 20 2203 28 23 2203 88 7 2207 18 7 2208 3 6 2213 60 8 2216 49 24 2217 74 16 2220 16 31 2221 74 18 2221 97 11 2227 10 24 2255 14 15 2257 74 28 2258 52 29 2263 98 29 2272 35 21 2280 45 3 2285 20 1 2294 89 6 2298 72 5 2302 50 10 2313 59 2 2321 36 3 2333 59 5 2357 9 18 2361 7 0 2361 32 8 2364 7 10 2364 37 13 2384 89 18 2386 87 18 2395 76 5 2400 95 3 2414 93 3 2444 58 15 2450 46 15 2465 80 5 2468 10 25 2472 92 18 2473 48 11 2483 82 15 2489 16 12 2501 24 27 2512 1 0 2516 96 6 2527 96 22 2528 82 8 2532 87 7 2551 99 17 2566 22 22 2572 44 8 2573 92 29 2578 7 15 2578 24 17 2584 25 26 2592 87 10 2595 4 31 2612 12 18 2616 17 24 2631 64 25 2635 96 1 2646 1 27 2649 35 12 2650 69 3 2652 50 18 2668 41 31 2670 41 4 2673 41 18 2674 46 14 2676 96 10 2686 26 14 2697 58 11 2700 38 2 2769 34 11 2772 68 8 2773 74 26
891 187 3e-05 77 78 22 86 26 11 96 32 23 116 27 2 125 71 25 127 49 12 146 24 3 152 15 17 201 26 26 210 22 1 241 57 3 261 19 1 261 42 19 262 40 29 269 40 9 278 87 27 281 90 23 290 81 11 292 5 9 294 61 15 317 90 8 319 91 18 328 46 14 331 91 2 334 56 2 335 37 18 340 67 18 350 50 13 350 63 11 356 95 1 374 99 18 382 81 6 389 49 13 392 28 15 392 91 28 395 70 29 397 71 27 405 8 16 405 24 24 406 64 8 439 9 15 440 79 9 453 100 15 469 76 2 483 17 12 487 82 17 503 52 31 504 29 30 518 39 11 554 21 15 557 68 5 578 48 5 587 49 3 607 51 10 617 64 1 636 58 7 649 6 7 673 99 19 676 7 17 699 74 27 713 40 17 714 38 3 719 43 22 728 64 15 747 8 2 748 33 1 755 68 16 757 47 7 759 54 11 768 39 27 769 53 12 787 30 8 788 25 1 790 63 23 792 73 0 814 64 23 826 28 0 830 18 5 835 74 29 846 8 21 863 0 27 868 46 24 884 57 0 899 68 4 916 56 31 929 29 19 933 26 2 933 91 12 939 81 29 963 44 25 964 82 7 973 70 22 974 48 16 1813 9 12 1819 97 5 1825 9 28 1832 26 19 1859 20 0 1868 46 11 1874 8 18 1875 26 20 1885 6 23 1886 4 10 1896 8 7 1917 8 13 1939 32 26 1963 49 18 1975 79 17 1993 33 19 2003 97 2 2013 64 10 2013 94 25 2034 51 17 2049 68 14 2053 70 17 2084 24 4 2088 33 23 2092 17 21 2094 93 19 2108 32 20 2116 29 5 2131 1 20 2147 52 21 2155 90 7 2158 29 25 2158 93 31 2186 56 8 2189 93 7 2195 62 14 2222 30 25 2223 89 26 2238 0 20 2244 34 22 2258 11 26 2264 25 0 2265 64 18 2267 81 23 2283 41 23 2297 75 25 2306 99 28 2311 39 18 2317 94 27 2323 64 11 2344 89 13 2349 67 30 2353 26 3 2361 6 3 2373 32 26 2379 52 27 2383 54 2 2384 51 18 2387 86 28 2393 58 7 2401 26 12 2408 1 28 2425 16 25 2447 59 5 2450 70 9 2470 91 8 2478 88 28 2483 51 28 2489 75 7 2494 19 21 2523 20 16 2545 40 6 2569 3 30 2584 11 29 2585 46 26 2586 29 30 2589 12 23 2593 62 29 2607 30 2 2610 81 3 2618 31 3 2621 27 17 2637 40 28 2644 63 1 2648 90 16 2657 74 12 2660 91 9 2671 93 26 2674 38 20 2677 50 1 2693 49 30 2701 97 26 2724 23 23 2750 84 10
892 187 3e-05 73 49 22 82 43 29 82 51 12 86 37 21 95 63 6 96 75 14 114 97 7 115 18 27 123 94 0 130 56 8 145 58 26 151 86 9 189 3 24 190 44 17 205 5 16 215 51 12 235 11 6 244 48 15 253 76 26 255 87 3 262 100 29 267 55 28 280 84 30 287 62 10 323 23 4 325 17 5 350 97 8 351 97 7 357 100 29 360 64 2 366 81 27 366 91 7 400 63 1 403 5 22 412 94 7 422 30 30 428 53 18 452 4 23 471 79 1 473 59 26 478 68 2 493 25 9 500 39 25 534 40 16 535 30 23 536 53 15 556 2 17 571 24 22 580 11 31 580 69 8 614 17 10 622 83 30 626 98 23 627 6 29 644 48 8 644 97 13 666 34 0 672 87 17 679 27 12 682 26 21 691 61 12 697 11 26 704 10 6 720 96 27 759 40 13 760 30 16 786 16 24 838 39 21 843 51 16 852 84 14 878 97 1 887 68 14 890 14 15 893 15 14 911 19 6 914 10 25 919 85 13 922 55 10 923 63 4 927 22 1 935 72 22 937 70 3 954 77 25 966 94 5 974 96 31 976 41 27 976 81 22 981 4 8 983 95 4 987 1 13 992 20 1 1001 51 8 1003 36 19 1018 50 13 1022 14 5 1810 70 27 1839 52 7 1839 77 13 1850 67 0 1869 2 5 1878 93 19 1880 62 25 1885 32 28 1910 72 29 1916 3 25 1928 79 12 1930 6 3 1937 83 19 1963 2 10 1963 84 22 1964 10 21 1967 17 7 1987 61 3 1990 92 14 2005 39 6 2008 63 29 2053 71 3 2056 17 24 2096 45 29 2103 29 14 2126 89 11 2152 10 6 2156 62 29 2163 34 28 2165 63 25 2174 31 22 2206 79 13 2235 33 4 2238 73 10 2243 23 24 2243 74 10 2249 26 11 2324 9 27 2341 13 23 2368 11 15 2370 67 7 2376 49 12 2376 86 14 2400 19 15 2400 21 17 2408 83 17 2414 35 24 2415 82 2 2417 30 4 2422 11 13 2426 24 29 2426 59 3 2440 1 22 2441 87 10 2443 44 14 2446 40 13 2447 28 4 2454 19 26 2455 99 9 2468 6 25 2472 89 16 2495 1 19 2496 91 23 2503 39 31 2519 85 11 2521 15 30 2527 35 31 2539 70 6 2548 64 3 2550 22 31 2552 70 29 2599 74 26 2612 41 12 2617 48 29 2631 94 29 2633 1 16 2647 78 30 2654 43 14 2658 100 9 2679 72 3 2682 30 25 2685 54 21 2686 37 4 2690 48 31 2696 56 1 2716 7 6 2724 98 29 2729 29 4 2732 29 9 2742 6 30 2751 80 15 2757 82 2
893 187 3e-05 74 55 2 94 14 10 97 27 10 109 49 25 111 38 27 117 65 25 126 95 16 150 65 22 162 85 29 163 9 17 170 64 2 178 22 24 179 63 25 181 99 21 195 57 18 202 92 22 215 20 12 220 90 31 233 62 27 247 85 21 248 45 12 268 98 24 284 41 10 291 84 17 302 55 8 308 72 2 318 84 17 328 31 24 354 93 18 360 30 6 361 13 7 383 78 20 390 41 24 391 81 17 391 84 15 392 74 1 442 80 11 456 18 5 458 53 7 467 3 23 486 27 23 500 83 28 508 34 11 521 44 16 521 65 5 525 76 20 525 94 4 531 37 0 536 4 6 550 31 16 550 41 0 551 77 11 573 16 11 597 25 27 610 60 27 654 53 12 661 34 27 698 52 18 701 63 18 722 71 29 739 57 31 790 34 25 792 40 3 800 81 8 824 33 7 841 41 20 842 16 7 847 15 2 853 26 16 856 20 23 858 71 18 859 61 20 864 23 0 874 99 8 884 20 12 894 59 27 897 60 28 958 33 0 972 41 24 987 6 21 987 95 1 999 2 29 1012 90 0 1017 63 24 1023 21 28 1024 65 25 1030 86 24 1037 75 4 1039 97 23 1833 84 7 1856 28 9 1862 86 13 1895 96 27 1902 44 11 1902 87 11 1909 98 25 1919 31 28 1920 58 30 1929 51 25 1931 12 24 1942 26 22 1955 76 26 1961 31 16 1984 33 2 1988 80 31 1998 15 4 1998 44 30 2012 25 3 2014 10 19 2020 33 30 2031 87 1 2041 4 8 2052 34 9 2054 97 4 2057 48 19 2064 89 10 2069 59 16 2103 62 5 2118 2 30 2119 85 7 2127 35 6 2133 93 16 2143 88 20 2145 51 9 2151 26 4 2151 54 12 2156 18 1 2227 70 31 2231 22 15 2260 56 13 2262 38 31 2266 68 27 2274 42 21 2276 35 7 2295 77 30 2305 68 10 2309 27 8 2312 7 22 2315 46 31 2334 66 2 2345 23 30 2346 43 25 2348 43 13 2356 24 2 2359 90 20 2368 78 25 2381 94 12 2386 100 9 2392 3 9 2450 70 30 2450 99 25 2457 55 26 2462 15 7 2464 34 9 2465 63 4 2466 62 12 2467 28 28 2475 27 15 2488 90 18 2511 20 18 2515 12 21 2526 8 4 2539 44 6 2555 64 8 2565 74 25 2576 54 0 2578 42 18 2578 92 20 2585 48 22 2586 18 23 2592 22 15 2594 24 20 2609 88 28 2620 36 30 2621 39 7 2637 97 3 2666 63 9 2672 65 29 2688 39 13 2708 94 1 2715 21 19 2721 31 29 2728 37 17 2738 97 3 2743 3 2 2772 55 4 2774 82 29
894 187 3e-05 76 98 26 87 72 4 103 84 26 109 46 25 118 66 20 131 78 28 132 2 4 142 31 13 147 83 24 148 15 21 169 76 5 202 84 18 212 28 15 224 65 17 261 78 6 272 80 24 281 65 31 288 61 30 296 49 10 304 57 29 318 66 30 348 12 16 350 66 30 351 86 23 366 31 10 385 61 28 389 1 3 389 62 7 396 71 3 398 32 13 411 67 19 421 59 28 422 53 4 432 15 2 438 59 9 440 29 12 441 41 20 442 72 17 450 30 17 470 18 24 487 84 26 499 44 25 509 61 29 524 16 21 531 34 4 547 63 23 552 81 25 555 64 4 584 58 23 592 52 21 593 17 6 603 97 29 629 51 12 629 99 6 642 34 8 664 25 13 667 23 10 674 18 4 685 16 13 688 34 13 692 29 26 700 88 29 708 12 15 708 81 24 712 3 29 722 6 22 725 8 12 729 58 21 732 74 10 738 62 5 738 74 5 742 70 7 752 55 23 758 13 16 765 36 4 771 55 27 779 64 29 780 59 24 782 85 2 783 100 3 786 64 8 806 36 28 836 48 18 871 83 21 923 41 29 929 53 27 932 82 14 933 24 25 944 22 24 958 50 13 960 51 2 983 16 10 986 63 10 994 92 14 1000 89 13 1016 80 13 1810 2 11 1833 47 6 1836 92 14 1861 19 10 1863 9 18 1866 51 16 1898 72 18 1914 84 4 1924 34 25 1928 50 8 1941 94 4 1945 76 21 1954 71 23 1983 35 1 1993 71 22 2002 69 2 2021 11 19 2074 68 9 2078 81 10 2079 57 16 2083 77 20 2086 17 19 2105 37 10 2130 47 3 2149 45 31 2156 1 27 2220 22 9 2222 79 29 2227 68 9 2230 70 11 2234 46 11 2235 44 20 2242 92 14 2244 20 5 2258 59 17 2260 30 11 2262 2 8 2277 67 24 2279 77 19 2283 77 8 2285 50 21 2290 8 16 2314 48 25 2315 85 22 2318 44 21 2320 31 30 2321 24 10 2326 58 24 2339 55 17 2342 34 14 2347 37 9 2355 63 21 2361 0 25 2361 36 20 2361 59 30 2366 10 27 2385 64 8 2404 63 28 2415 71 11 2443 93 4 2449 82 24 2453 34 16 2461 71 2 2481 69 2 2490 51 15 2492 64 25 2493 73 18 2523 60 12 2529 30 22 2544 33 28 2544 63 4 2552 0 5 2568 22 0 2572 19 22 2623 19 28 2627 83 3 2635 36 0 2643 8 31 2668 94 9 2670 14 30 2687 72 3 2697 14 0 2699 36 3 2700 34 6 2706 76 20 2718 45 3 2742 14 29 2743 79 20 2748 5 22 2757 80 6 2767 22 19
895 187 3e-05 116 90 6 121 76 19 127 2 20 128 28 1 145 54 0 183 26 25 195 36 5 203 93 15 218 57 0 224 62 12 230 68 8 237 87 19 242 84 11 249 45 29 290 45 13 295 55 11 366 98 20 402 64 1 405 41 27 415 6 31 417 32 4 424 93 29 425 27 23 476 13 19 477 17 9 479 32 27 483 85 8 498 44 3 519 63 12 542 4 21 575 29 7 576 92 15 579 97 15 580 87 7 613 30 18 624 19 0 655 0 0 664 47 15 670 50 8 683 22 30 692 52 20 692 90 7 698 55 20 707 42 18 707 96 4 710 79 8 712 96 5 720 54 7 721 8 31 724 41 4 727 59 16 731 5 21 739 12 17 748 9 26 749 50 28 772 27 16 772 59 26 787 12 22 794 16 20 799 6 25 802 86 21 823 38 11 825 46 24 837 82 5 844 42 28 860 51 15 862 27 7 862 97 20 863 68 26 879 76 13 894 71 31 916 45 30 917 94 6 942 39 27 946 86 10 950 1 5 954 53 3 970 59 19 994 18 10 996 97 17 1000 51 12 1002 10 5 1011 73 13 1015 66 26 1809 72 30 1827 9 6 1830 61 18 1831 35 7 1836 39 10 1841 33 29 1842 43 0 1851 52 11 1856 77 13 1872 59 25 1878 99 28 1895 87 0 1924 81 29 1934 4 7 1959 2 17 1980 32 1 1980 65 21 1984 68 0 1995 58 0 2009 88 6 2026 4 12 2034 91 6 2062 53 27 2064 16 28 2078 20 3 2082 3 6 2106 53 12 2110 94 4 2115 60 30 2117 95 19 2124 64 14 2138 20 6 2138 93 24 2145 94 1 2150 74 2 2152 14 11 2157 86 28 2178 59 20 2189 72 28 2190 58 21 2195 31 18 2205 39 9 2211 72 30 2218 49 25 2234 12 14 2241 26 26 2255 4 14 2284 63 5 2298 11 19 2313 41 30 2321 70 6 2324 85 3 2326 29 31 2345 73 30 2354 27 5 2368 27 7 2368 32 18 2369 12 26 2381 75 0 2388 95 2 2400 8 25 2401 64 9 2404 1 13 2426 60 3 2427 74 19 2461 73 30 2466 7 13 2469 61 28 2474 90 24 2485 7 9 2508 87 28 2514 57 19 2521 66 12 2523 39 0 2529 78 0 2529 81 4 2535 39 11 2536 45 4 2541 67 22 2541 86 8 2545 77 12 2553 71 17 2568 64 31 2569 83 20 2581 58 20 2620 74 25 2629 24 17 2631 97 14 2632 6 31 2636 33 26 2645 14 14 2660 25 28 2688 69 1 2694 31 17 2705 16 4 2736 12 26 2741 58 20 2741 84 11 2748 59 27 2751 89 13 2769 34 22 2772 13 9 2774 65 26
896 187 3e-05 73 1 21 90 87 1 94 42 12 127 16 24 127 93 1 148 86 19 171 68 2 175 70 24 179 33 2 199 29 18 220 62 19 228 15 8 236 29 26 253 21 10 269 75 23 336 0 24 354 13 16 358 31 3 361 100 21 366 5 27 376 47 17 382 41 28 406 52 18 451 47 12 475 84 27 477 5 12 478 59 3 479 23 10 487 32 0 487 33 23 535 61 21 544 56 26 550 87 22 554 45 27 569 12 8 574 92 14 574 100 15 583 24 20 592 50 25 592 83 2 592 93 20 595 46 25 669 53 6 673 96 7 682 23 18 691 43 9 696 86 14 721 48 12 749 35 10 754 96 8 755 35 26 757 13 4 762 40 13 768 50 31 769 58 20 776 38 24 805 4 17 838 92 10 849 44 24 861 82 0 865 50 10 870 91 1 871 88 21 873 4 26 901 89 19 910 11 6 917 24 28 921 55 8 922 29 4 930 0 29 937 51 8 948 93 20 951 44 26 953 77 31 954 98 4 958 45 13 962 35 29 965 43 10 977 52 0 1002 47 15 1003 3 5 1030 64 14 1032 11 15 1036 39 8 1814 9 24 1827 61 30 1836 11 24 1839 74 2 1879 57 22 1882 88 5 1883 67 12 1902 21 1 1938 4 20 1963 7 1 1968 26 3 1981 83 1 1995 100 19 2001 17 2 2002 3 25 2007 72 15 2023 58 4 2039 88 26 2057 40 30 2059 20 22 2068 9 22 2069 98 3 2076 34 29 2084 52 10 2088 84 10 2092 97 8 2111 32 11 2111 60 24 2116 48 9 2117 38 22 2119 36 24 2136 6 22 2148 44 1 2160 88 10 2165 43 26 2171 93 23 2177 14 0 2177 100 24 2181 9 21 2182 4 14 2183 67 25 2195 37 19 2212 3 9 2217 39 11 2220 15 24 2229 24 11 2233 57 28 2236 90 21 2243 25 14 2248 78 18 2265 79 18 2272 4 24 2293 76 10 2297 83 13 2303 63 11 2304 9 31 2316 1 22 2334 24 12 2340 69 22 2343 91 28 2359 22 4 2366 92 3 2377 6 4 2379 61 25 2390 99 7 2395 89 6 2395 98 17 2406 52 29 2419 89 14 2424 98 8 2439 85 30 2472 9 15 2479 54 18 2487 57 27 2521 63 10 2525 59 11 2528 18 4 2546 47 28 2556 12 13 2590 60 5 2596 84 31 2597 74 22 2626 33 20 2632 53 22 2637 71 13 2643 34 5 2644 0 11 2645 71 16 2646 85 2 2660 8 12 2668 90 7 2695 3 26 2695 30 26 2696 75 28 2706 2 30 2713 39 4 2718 57 0 2720 73 28 2730 61 5 2739 41 14 2741 3 14 2763 49 1 2770 20 31
897 187 3e-05 83 30 4 85 96 12 95 0 5 100 48 9 117 76 31 117 79 25 130 29 27 154 79 29 157 84 20 177 87 21 185 81 29 190 1 7 230 23 19 231 12 27 239 1 29 246 14 30 268 12 13 300 36 25 300 42 28 303 24 8 317 84 9 328 52 13 329 25 21 342 53 25 362 52 27 369 2 26 381 85 11 383 13 17 401 1 12 417 2 1 425 14 5 433 48 20 436 46 16 469 95 26 496 75 13 516 14 6 521 53 15 525 24 27 529 52 0 532 28 15 548 45 11 557 80 0 563 6 12 582 9 21 590 21 29 605 3 11 606 36 13 619 30 2 621 4 23 626 35 7 630 99 21 634 69 31 636 19 10 638 95 4 655 7 9 669 59 5 670 63 15 677 94 24 693 56 12 693 68 8 698 91 18 712 83 2 715 21 25 718 11 13 744 66 14 757 19 27 785 4 12 793 78 28 797 65 11 813 88 15 816 3 27 826 7 16 827 60 14 834 92 13 840 46 1 848 14 20 860 40 31 863 83 2 892 57 15 902 19 8 903 64 21 908 40 24 916 7 25 920 35 2 920 74 12 922 79 25 931 82 14 955 51 12 972 36 1 990 54 20 996 96 30 1003 44 10 1006 26 11 1009 80 21 1015 69 0 1018 78 19 1019 68 10 1027 52 21 1030 44 0 1035 73 23 1035 91 14 1811 90 10 1814 94 21 1819 43 13 1828 14 9 1837 80 23 1839 81 0 1840 92 24 1870 51 7 1875 50 0 1875 53 23 1883 94 31 1890 48 9 1893 11 27 1916 70 0 1926 11 27 1939 40 23 1948 89 15 1966 7 21 1981 6 22 1993 30 18 1996 10 19 2016 55 31 2038 40 7 2045 84 27 2046 6 12 2047 91 13 2053 86 24 2065 24 24 2088 25 10 2115 45 28 2121 98 14 2136 63 21 2156 76 29 2188 26 14 2202 85 31 2225 10 15 2240 36 26 2242 57 1 2247 85 10 2251 3 15 2268 43 14 2269 63 1 2272 31 6 2282 0 20 2283 84 24 2304 22 17 2309 59 16 2318 96 5 2319 76 13 2347 6 20 2347 35 3 2350 75 28 2377 91 29 2383 72 2 2408 38 24 2416 33 14 2436 77 10 2443 95 3 2448 65 1 2452 72 5 2458 21 3 2460 64 25 2463 49 16 2478 7 12 2492 71 11 2493 75 9 2503 2 5 2508 52 3 2513 93 25 2531 58 31 2532 35 11 2537 42 17 2537 49 14 2544 87 31 2551 82 12 2583 38 6 2600 46 10 2621 23 9 2626 6 15 2627 36 25 2647 47 20 2658 65 27 2700 75 3 2706 16 15 2726 70 14 2770 20 4
898 187 3e-05 103 21 1 138 50 5 150 91 18 160 10 9 165 21 29 204 14 2 213 94 16 217 51 2 238 36 22 250 65 13 271 71 6 274 6 10 281 86 22 290 7 13 301 47 11 305 81 5 320 95 7 328 18 30 336 8 23 401 68 16 418 62 10 420 22 30 420 65 10 433 65 10 458 94 22 469 86 12 484 68 8 499 84 10 503 55 28 507 40 2 532 55 17 538 73 19 544 88 5 545 62 30 554 87 6 563 83 31 565 30 0 567 13 14 569 64 28 592 27 25 596 33 12 597 43 28 606 43 10 611 4 0 641 75 5 655 98 12 660 67 29 671 24 18 674 26 9 697 84 28 701 54 14 707 84 13 709 78 3 720 83 25 725 94 14 742 60 14 746 5 12 747 52 13 755 63 19 755 74 1 760 3 7 779 7 28 784 13 6 790 82 27 792 86 8 813 12 29 816 39 9 824 19 17 824 96 6 828 93 3 837 47 12 840 97 18 863 89 0 892 1 17 901 8 27 913 65 0 920 41 8 943 69 17 950 7 20 973 66 31 990 84 29 996 93 30 1003 71 8 1016 80 13 1019 81 5 1022 35 4 1032 11 0 1033 31 8 1033 31 29 1818 39 22 1824 30 11 1828 7 20 1846 74 17 1855 34 28 1861 49 0 1862 62 12 1869 61 13 1880 88 21 1903 51 14 1913 48 28 1929 14 24 1932 48 22 1938 13 7 1978 92 30 1980 5 18 1987 36 15 1992 49 20 1996 26 0 2011 47 4 2019 44 25 2022 68 20 2023 27 28 2034 58 7 2036 70 18 2037 95 24 2053 95 21 2068 44 2 2080 35 25 2102 74 27 2110 71 25 2116 61 27 2159 91 17 2162 99 15 2183 12 27 2197 42 21 2199 35 31 2202 73 6 2231 68 31 2232 47 6 2238 86 26 2240 55 2 2245 73 12 2251 46 11 2262 21 18 2269 67 27 2269 68 24 2270 35 11 2281 40 29 2288 66 9 2290 52 21 2321 1 15 2322 50 2 2347 9 9 2353 10 18 2394 51 3 2399 54 1 2401 15 28 2410 85 6 2428 49 3 2432 35 14 2440 81 21 2451 68 19 2463 73 7 2468 44 5 2477 20 0 2481 65 11 2490 79 6 2496 85 9 2514 71 16 2518 86 29 2522 92 25 2525 95 20 2528 91 17 2531 34 26 2547 73 14 2548 68 29 2554 57 8 2596 100 10 2604 20 3 2621 37 11 2625 21 10 2632 48 7 2649 31 23 2651 31 0 2659 55 3 2685 59 27 2686 50 3 2690 32 5 2706 16 25 2714 75 31 2723 73 29 2741 74 22 2742 67 29 2744 23 8 2750 84 2 2753 99 23 2754 64 0
899 187 3e-05 86 78 20 96 55 13 105 60 17 106 65 24 150 43 9 169 58 7 184 89 15 194 22 29 199 40 0 205 22 25 212 49 19 215 36 3 231 55 1 237 59 25 254 51 21 258 26 12 260 93 17 266 87 1 280 19 3 285 21 1 301 48 7 306 7 1 310 23 31 311 84 26 314 10 31 349 23 3 366 84 7 368 48 3 379 79 15 383 17 25 390 29 30 395 33 15 404 85 20 407 96 16 413 58 2 428 75 25 448 42 26 451 70 10 453 87 1 460 14 16 460 78 4 461 17 6 468 35 23 470 20 2 470 79 3 479 46 25 505 39 29 539 9 18 557 100 26 565 33 10 576 25 31 576 71 13 577 15 11 577 95 29 592 72 2 609 64 31 664 58 4 666 31 26 671 94 22 677 50 26 678 35 15 690 64 11 698 72 3 711 7 25 713 3 1 730 13 2 732 9 11 760 67 4 777 9 10 810 89 28 823 89 13 839 22 24 841 65 2 843 37 24 845 9 12 847 5 21 850 12 13 858 77 7 879 24 9 887 27 18 907 3 6 907 70 30 911 13 17 919 85 24 924 34 8 930 4 19 934 74 5 942 32 14 959 10 2 961 76 2 973 67 21 978 93 21 979 94 3 983 16 24 994 8 3 1000 17 26 1026 71 10 1032 38 19 1033 20 28 1811 33 10 1829 62 5 1830 38 21 1831 53 21 1869 21 28 1880 7 25 1880 45 14 1896 34 17 1900 44 9 1901 10 25 1906 58 2 1906 99 17 1913 54 0 1930 2 10 1931 5 18 1940 81 6 1960 74 17 1977 14 6 1981 78 27 1984 40 19 2000 21 1 2004 75 24 2045 69 17 2060 67 2 2069 63 19 2076 26 24 2094 22 19 2097 82 12 2106 78 20 2136 8 11 2149 8 7 2155 2 1 2178 48 25 2183 11 4 2195 6 28 2220 1 5 2224 15 29 2227 14 11 2228 85 19 2256 17 19 2259 50 31 2260 12 9 2263 93 4 2271 31 12 2290 47 2 2290 50 23 2291 67 17 2315 15 6 2365 14 27 2372 41 26 2427 28 1 2432 91 30 2438 39 3 2454 65 2 2461 46 30 2463 24 3 2468 25 15 2471 8 15 2473 56 12 2476 15 15 2477 4 18 2518 15 15 2520 95 28 2530 14 16 2556 93 1 2559 13 20 2565 77 24 2570 33 24 2573 65 12 2603 24 25 2619 3 26 2637 72 16 2644 33 28 2645 66 3 2656 85 30 2667 44 2 2672 65 4 2677 80 7 2679 85 25 2688 32 31 2692 69 31 2695 74 8 2704 23 31 2707 100 19 2722 4 10 2727 1 7 2733 97 5 2774 56 12
900 625 0.0001 72 68 5 75 32 14 80 39 25 80 56 27 80 67 22 81 1 31 85 79 16 87 76 3 88 5 5 90 94 2 95 94 22 98 27 3 99 31 4 104 60 18 106 57 2 109 0 2 111 40 4 112 55 22 121 74 16 124 16 0 125 31 28 126 12 26 135 9 28 136 95 12 138 2 26 139 64 10 142 3 8 146 23 14 147 39 1 155 5 10 155 77 16 159 17 18 161 36 14 161 42 25 163 89 20 166 45 29 174 1 1 179 75 27 179 89 10 181 29 20 182 1 15 185 51 20 189 49 28 204 58 3 204 59 2 206 29 4 208 74 5 209 27 30 214 60 4 215 13 3 215 58 7 215 68 7 224 92 16 230 32 18 230 76 28 243 76 9 250 86 4 263 67 28 266 6 10 269 57 22 270 11 31 270 87 12 271 64 28 277 38 6 278 91 13 279 51 16 282 24 3 284 23 5 295 93 22 300 43 8 303 52 1 304 51 9 309 43 15 311 20 25 316 23 23 316 62 8 319 93 0 324 98 4 325 32 19 330 50 2 334 49 30 337 86 9 347 5 17 350 0 14 351 32 19 355 22 30 356 62 21 357 34 27 357 100 11 367 74 11 367 75 6 375 35 29 385 76 27 394 58 24 395 27 21 397 70 0 397 78 18 402 13 28 402 35 4 403 38 31 405 1 26 414 0 1 418 56 11 424 22 19 426 45 0 429 0 30 429 43 22 435 82 20 436 34 23 437 61 8 440 5 21 442 18 25 442 63 16 443 38 8 445 90 29 447 17 1 448 52 3 453 2 25 455 66 0 462 21 5 462 33 17 463 45 8 466 27 4 468 64 7 469 23 17 474 33 4 479 95 8 483 2 21 484 70 24 486 83 10 488 91 17 492 19 6 492 59 8 494 68 4 498 18 10 498 32 22 503 82 14 506 28 7 513 72 4 515 18 11 515 64 17 516 67 18 516 74 3 518 26 30 528 53 19 532 26 16 534 14 12 535 84 20 535 93 1 536 15 21 537 16 19 538 1 23 546 41 24 553 49 5 557 44 12 562 61 29 563 54 9 569 35 7 572 65 21 572 76 23 573 14 14 575 28 11 577 15 15 577 37 17 578 58 26 579 82 24 584 27 27 586 2 12 586 13 12 589 36 24 592 18 20 592 88 20 598 47 15 602 13 22 602 98 5 604 75 27 608 85 0 609 66 19 612 74 27 615 69 21 617 27 13 619 85 17 628 49 25 628 50 31 629 56 5 631 22 10 632 18 30 634 6 9 635 43 0 636 35 8 639 18 24 640 36 28 641 45 28 643 73 6 644 45 17 645 56 27 653 62 6 656 68 13 658 77 24 663 86 4 664 5 17 664 76 2 670 14 25 671 96 24 674 47 23 678 63 0 679 28 29 679 57 24 681 16 1 686 23 27 686 99 26 690 10 13 690 60 15 691 52 3 693 0 0 694 32 22 700 93 5 712 18 28 721 70 26 721 71 4 723 70 27 727 25 15 727 89 22 729 66 23 731 57 10 731 100 29 734 0 31 735 17 21 740 18 28 740 26 0 741 79 12 756 6 24 758 97 31 759 14 4 764 19 17 766 96 15 774 75 12 781 51 1 783 34 31 785 86 6 796 19 24 797 90 25 804 20 8 806 0 17 807 13 11 807 22 12 812 27 12 813 85 23 814 4 27 816 77 27 817 2 11 818 60 8 819 51 14 821 44 0 822 98 25 824 4 23 825 30 12 825 75 3 828 59 22 830 39 0 831 10 15 831 19 29 833 84 25 840 45 17 841 33 10 847 4 25 852 39 12 862 56 0 876 84 6 886 69 16 888 38 14 892 18 25 895 4 19 900 62 11 900 97 11 906 35 3 907 9 18 908 21 1 910 51 10 911 76 19 913 37 18 913 45 19 918 22 4 921 14 7 926 8 19 932 88 7 936 10 7 936 41 1 937 44 15 938 49 11 943 24 17 944 98 0 946 75 10 948 3 18 958 97 19 962 83 6 963 12 28 965 2 4 965 4 12 969 13 2 970 71 10 972 24 8 983 62 25 997 25 15 999 94 16 1003 100 7 1005 5 25 1009 4 8 1010 32 15 1016 53 27 1017 95 29 1018 67 4 1019 54 5 1026 49 28 1027 22 2 1027 27 5 1032 92 29 1032 95 18 1033 79 10 1036 28 4 1813 21 29 1814 4 12 1816 66 29 1816 92 6 1828 10 4 1828 21 5 1832 54 11 1842 2 8 1843 2 16 1851 7 24 1854 4 23 1854 56 27 1859 2 29 1866 44 2 1867 67 14 1881 53 14 1884 25 23 1885 18 11 1886 71 10 1888 16 15 1889 12 24 1896 87 23 1897 71 11 1902 94 25 1906 62 26 1914 60 19 1918 55 20 1922 38 27 1923 73 27 1924 26 21 1930 48 27 1930 95 0 1934 13 7 1942 93 2 1943 9 8 1944 10 22 1945 55 29 1946 98 13 1951 65 3 1963 69 9 1970 56 13 1975 80 19 1983 52 31 1985 67 19 1985 69 16 1987 21 4 1987 89 12 1989 53 15 1989 62 19 1989 92 30 1990 87 5 1991 61 0 1996 0 7 1998 18 23 2009 60 22 2009 95 9 2013 4 29 2013 19 13 2014 20 24 2014 70 12 2027 48 3 2030 89 11 2036 29 18 2037 10 3 2037 96 21 2039 6 21 2043 18 9 2043 100 3 2044 99 26 2045 20 5 2045 93 14 2046 34 1 2049 46 3 2050 72 28 2054 0 6 2058 37 9 2060 55 5 2061 49 30 2065 61 2 2065 73 13 2066 71 12 2067 4 22 2074 12 21 2076 52 2 2081 94 14 2083 88 23 2087 13 21 2088 23 9 2091 77 8 2093 27 6 2097 16 11 2097 57 24 2101 18 9 2102 8 17 2102 72 30 2105 22 13 2110 58 6 2111 22 25 2118 59 29 2121 61 21 2123 63 19 2123 89 26 2125 91 24 2134 26 21 2140 73 8 2142 59 11 2143 0 21 2143 73 1 2149 71 10 2150 44 28 2150 98 28 2154 13 15 2155 15 28 2157 96 6 2158 22 28 2159 75 10 2163 32 24 2163 90 29 2166 74 12 2170 48 8 2172 95 31 2173 66 31 2177 80 30 2183 66 13 2188 32 5 2190 93 28 2191 7 14 2191 28 10 2191 85 21 2193 100 20 2201 76 9 2205 13 0 2207 11 6 2209 86 18 2215 31 28 2220 58 25 2221 12 24 2222 89 3 2225 5 30 2231 52 29 2234 52 16 2237 12 3 2245 31 8 2247 59 12 2254 84 23 2259 65 15 2261 49 31 2268 12 2 2276 21 6 2276 29 3 2281 65 24 2283 57 15 2284 29 3 2287 68 19 2294 49 4 2302 99 19 2305 11 22 2308 62 19 2317 47 8 2322 29 19 2322 66 10 2322 84 26 2333 68 10 2335 50 15 2335 61 14 2347 96 14 2348 34 20 2358 38 0 2359 24 9 2359 76 28 2363 62 22 2366 10 18 2368 8 16 2369 24 25 2371 53 29 2373 55 15 2375 75 31 2378 31 17 2385 100 25 2392 61 17 2393 21 15 2395 58 30 2404 95 20 2406 17 13 2412 4 5 2420 96 26 2425 2 0 2427 53 26 2431 57 17 2432 52 8 2433 73 22 2434 41 23 2437 71 7 2451 31 15 2453 14 27 2454 82 23 2458 70 6 2459 76 23 2464 38 28 2464 92 5 2466 100 10 2470 66 13 2483 15 6 2488 7 11 2494 52 14 2495 15 16 2502 21 9 2514 1 19 2514 78 16 2515 17 5 2516 1 11 2516 32 12 2520 64 11 2520 77 6 2522 44 21 2527 85 19 2545 3 19 2545 5 19 2549 54 23 2550 79 7 2551 94 26 2552 25 0 2552 78 0 2555 65 1 2557 79 0 2570 25 7 2576 39 10 2578 33 13 2584 86 28 2585 14 28 2585 17 31 2587 3 27 2594 21 24 2596 77 10 2597 34 17 2603 10 4 2604 9 22 2605 72 6 2606 94 23 2607 69 11 2608 87 29 2612 71 26 2617 41 18 2619 29 20 2620 84 16 2621 39 3 2622 1 16 2624 10 4 2624 71 4 2625 21 23 2628 45 9 2629 72 27 2635 35 19 2644 9 28 2647 74 10 2651 67 15 2657 46 6 2660 79 18 2661 19 14 2663 99 21 2665 16 9 2666 25 28 2666 93 6 2667 4 2 2667 25 7 2667 70 26 2668 50 17 2669 61 27 2671 76 27 2674 17 0 2674 19 2 2674 43 10 2680 62 30 2684 49 22 2690 41 22 2690 78 31 2692 24 13 2698 100 17 2706 76 30 2709 65 8 2716 28 13 2716 32 10 2716 49 12 2717 56 4 2721 5 7 2721 54 31 2721 58 0 2723 26 5 2724 36 22 2726 31 23 2736 2 19 2736 71 26 2739 60 22 2740 8 3 2742 63 26 2742 75 19 2743 95 7 2744 41 2 2752 50 3 2753 81 8 2762 6 4 2762 99 21 2766 33 23 2769 18 17 2770 39 23
901 625 0.0001 74 30 10 76 21 7 82 26 12 83 8 15 85 56 4 88 74 29 89 24 1 90 10 4 90 26 23 98 34 23 103 67 27 104 12 29 121 64 28 122 3 6 127 2 5 135 89 29 139 74 24 142 71 14 145 3 22 147 11 11 147 19 24 151 19 23 151 84 19 155 46 14 163 69 26 163 75 2 165 22 31 174 63 3 175 89 30 184 16 19 185 24 14 186 45 29 187 78 1 190 1 23 190 21 7 190 55 17 191 3 18 192 55 18 194 42 3 196 25 22 196 74 6 199 18 31 199 75 11 200 0 1 203 73 19 204 49 21 208 80 16 208 95 17 210 38 0 213 66 25 213 90 20 221 8 11 221 15 22 250 46 14 252 23 23 254 99 11 256 77 22 261 23 9 263 36 4 265 50 26 266 50 12 268 27 27 268 50 4 271 49 16 271 82 12 273 67 25 276 65 16 280 100 21 281 22 21 282 32 19 286 54 6 289 32 31 290 48 23 292 100 19 297 50 22 308 36 2 317 29 7 317 50 14 319 41 13 325 18 16 327 67 23 330 4 24 331 28 3 337 77 30 344 12 19 344 39 20 347 22 7 350 72 27 355 53 12 361 100 13 362 25 25 362 47 29 362 48 0 365 100 18 367 35 13 382 14 17 385 96 28 388 32 19 395 32 13 395 90 24 402 10 30 404 93 5 406 79 12 409 34 20 419 46 28 420 32 17 421 75 11 427 57 7 440 2 1 440 4 13 452 96 12 455 67 22 458 29 23 461 87 15 463 88 23 467 66 15 470 55 6 471 61 31 471 100 16 484 87 0 486 88 5 497 90 22 502 76 8 504 6 3 506 69 29 509 74 22 513 77 25 520 70 20 520 84 2 522 16 13 533 0 27 535 44 28 538 11 4 538 12 21 540 99 24 542 63 27 543 34 3 543 82 2 544 86 2 546 57 31 546 64 16 551 15 7 554 45 24 555 63 17 556 87 31 558 5 11 562 0 28 562 22 15 571 56 6 573 41 31 576 37 26 578 52 1 583 46 19 583 99 6 590 90 10 595 100 15 599 22 15 600 25 0 606 12 25 610 64 31 613 23 19 613 24 26 617 30 19 620 60 13 622 5 26 622 95 31 624 4 26 628 14 9 629 69 6 629 75 16 630 42 23 630 56 24 632 80 23 639 57 24 641 89 9 642 27 14 642 35 23 647 87 11 648 5 15 655 74 19 656 69 31 663 8 28 668 72 20 669 71 22 672 32 27 674 77 18 686 12 0 687 19 12 688 87 12 691 16 29 692 25 10 692 99 26 696 29 30 697 56 5 698 45 10 699 74 12 700 45 9 700 62 29 707 47 31 709 91 31 710 73 2 714 43 22 726 22 18 727 99 10 734 45 2 738 8 29 740 90 22 747 48 2 749 78 19 751 33 12 756 31 1 758 75 25 759 25 26 762 76 23 765 60 4 767 25 18 771 86 8 772 26 28 776 7 23 778 17 13 779 25 20 779 36 19 791 7 21 804 11 13 804 21 30 811 58 0 812 15 31 818 4 7 824 64 0 825 81 1 825 95 21 828 98 28 840 15 2 840 71 20 841 93 23 849 94 11 852 83 24 856 3 30 859 56 11 859 95 17 866 31 24 868 83 4 868 83 7 873 77 15 875 92 14 880 65 7 881 96 17 882 91 17 887 32 18 887 86 7 890 80 12 892 93 16 896 7 11 898 9 26 906 49 8 907 35 2 909 16 11 909 17 11 911 7 9 913 93 16 918 20 1 930 75 26 933 20 16 935 12 21 938 38 2 939 26 14 942 62 6 945 25 16 953 62 17 961 20 25 961 57 23 961 86 11 966 27 13 972 21 31 973 42 12 973 66 11 978 77 21 983 54 6 985 81 30 986 19 12 990 61 4 992 80 14 997 20 2 997 57 23 998 99 9 1000 62 21 1008 10 16 1016 79 4 1018 98 6 1022 8 25 1023 22 28 1024 7 16 1026 13 20 1029 67 31 1031 38 13 1031 85 19 1810 82 17 1813 21 30 1816 80 0 1818 91 5 1820 28 26 1822 55 3 1823 83 18 1824 51 3 1834 14 8 1836 35 3 1841 82 14 1850 28 14 1850 84 31 1859 55 8 1865 69 13 1865 71 4 1866 88 13 1869 11 1 1869 50 24 1871 43 0 1874 74 3 1880 98 6 1884 61 4 1884 92 28 1885 28 9 1891 30 21 1895 30 4 1902 3 30 1902 89 24 1903 0 31 1905 49 12 1907 50 25 1911 50 6 1916 59 13 1920 27 17 1924 15 4 1926 53 17 1926 67 5 1927 3 13 1930 6 24 1934 3 6 1936 79 17 1941 100 16 1942 97 10 1945 57 2 1948 65 0 1948 68 16 1952 59 21 1959 6 14 1959 79 13 1965 81 8 1966 70 13 1968 6 5 1972 46 11 1974 51 30 1981 90 6 1989 24 29 1993 52 15 1993 95 31 1994 52 11 1999 90 12 2003 36 5 2003 45 0 2010 6 10 2010 99 18 2013 69 2 2013 73 4 2015 44 12 2016 8 8 2020 13 5 2023 86 29 2030 86 15 2033 47 15 2037 87 1 2049 4 5 2055 37 18 2058 15 13 2059 15 15 2059 96 26 2063 95 2 2066 50 25 2069 58 20 2070 27 20 2075 11 28 2075 15 25 2075 72 24 2076 42 19 2083 37 15 2087 85 12 2088 22 3 2102 53 2 2108 24 18 2112 38 30 2114 74 12 2117 34 17 2122 35 14 2122 98 17 2131 85 21 2132 38 3 2135 1 17 2135 80 23 2136 32 3 2138 24 12 2140 82 15 2142 8 5 2144 11 21 2145 73 17 2148 74 15 2149 55 25 2150 72 5 2151 20 9 2153 20 3 2155 9 10 2157 91 19 2162 61 22 2167 36 29 2168 7 15 2175 24 1 2177 6 14 2178 39 25 2179 64 9 2181 100 21 2183 45 31 2190 46 3 2193 61 19 2194 13 4 2196 97 27 2199 37 21 2200 25 4 2202 10 13 2202 53 9 2203 73 16 2207 29 14 2207 33 1 2208 36 7 2209 21 1 2211 91 20 2213 29 18 2227 36 5 2228 81 28 2229 92 11 2233 68 20 2237 11 16 2241 45 6 2242 73 14 2243 50 0 2246 40 18 2246 42 31 2247 41 10 2248 36 21 2249 63 1 2253 36 14 2253 42 7 2257 41 7 2261 27 14 2262 43 21 2265 4 20 2265 9 12 2266 86 8 2267 92 24 2268 99 26 2271 84 20 2276 73 2 2279 60 7 2280 84 5 2282 84 27 2286 30 16 2286 47 22 2286 56 0 2293 21 16 2295 45 16 2299 64 1 2304 81 16 2306 35 18 2306 36 19 2306 77 29 2308 44 7 2310 17 31 2311 80 28 2313 61 16 2315 26 1 2316 58 29 2317 67 23 2323 94 18 2325 78 4 2329 37 19 2330 33 14 2335 89 21 2341 43 10 2342 47 16 2344 79 21 2347 18 21 2348 55 29 2351 76 4 2352 37 23 2356 78 26 2357 75 8 2358 3 21 2359 11 18 2364 12 9 2365 15 12 2367 73 13 2369 62 23 2370 31 24 2370 63 24 2374 30 25 2383 28 23 2385 18 27 2386 87 8 2387 11 1 2392 53 11 2392 78 5 2393 34 7 2401 49 24 2403 4 6 2405 42 23 2405 56 17 2414 1 27 2432 71 31 2433 92 9 2433 100 24 2435 38 2 2441 59 12 2442 55 23 2445 72 23 2446 89 20 2447 46 18 2448 59 22 2456 18 23 2466 72 6 2471 31 31 2474 68 9 2476 15 7 2476 73 23 2488 26 19 2488 29 14 2491 26 28 2491 80 12 2498 8 7 2500 76 1 2501 43 5 2503 51 11 2508 29 7 2513 27 30 2514 93 29 2515 14 28 2515 24 24 2520 94 3 2521 19 6 2521 65 15 2527 58 1 2529 34 0 2538 40 25 2543 25 5 2545 24 18 2551 49 18 2558 32 14 2559 2 8 2560 82 8 2569 31 28 2572 26 28 2572 60 20 2574 62 30 2577 12 28 2586 43 3 2589 50 29 2595 70 3 2599 4 14 2600 38 2 2603 85 7 2606 92 16 2611 56 0 2613 15 23 2617 12 30 2620 4 12 2622 60 13 2625 1 26 2625 4 4 2633 42 31 2634 26 1 2636 53 9 2637 24 15 2638 1 22 2638 34 28 2650 7 28 2651 76 25 2652 80 13 2653 45 20 2660 45 21 2662 37 29 2664 36 24 2669 88 18 2670 48 0 2672 45 3 2674 42 2 2674 77 13 2675 46 14 2682 53 19 2685 11 4 2692 90 0 2695 73 19 2696 67 22 2699 57 10 2702 46 22 2713 87 25 2715 97 13 2716 45 24 2721 72 21 2723 93 8 2729 3 18 2729 50 9 2730 9 10 2734 43 30 2734 48 7 2744 71 11 2745 63 31 2745 99 17 2746 71 27 2748 27 21 2749 29 4 2749 47 10 2750 14 4 2756 55 17 2763 39 12 2766 67 1 2767 3 27 2768 62 20 2771 36 14 2775 37 19
902 625 0.0001 75 46 8 78 93 8 83 45 16 83 80 0 87 0 27 91 73 24 93 51 25 97 76 22 102 70 6 111 55 9 112 57 21 117 92 5 118 81 31 120 2 31 120 59 7 121 80 30 124 72 1 126 1 21 126 33 6 128 98 23 133 0 31 141 87 24 146 83 31 147 75 20 149 22 22 152 28 30 158 82 8 159 26 6 160 87 9 163 27 7 167 78 9 167 97 27 168 69 0 172 23 22 173 4 31 177 19 4 180 9 16 181 26 12 183 95 9 186 100 30 187 54 6 188 54 28 188 75 0 190 55 1 192 7 1 193 38 17 194 62 31 195 57 10 200 79 30 202 46 17 207 19 23 212 45 11 218 42 18 218 79 25 219 11 5 222 1 26 224 3 15 225 15 26 229 96 0 230 2 2 232 56 25 240 57 4 241 3 8 241 58 12 244 65 27 244 72 18 250 85 31 250 86 17 253 36 6 262 19 26 266 18 9 269 86 15 270 2 4 270 11 12 272 65 27 273 14 6 277 74 6 277 89 22 282 19 26 285 12 1 288 27 9 297 82 15 299 21 9 300 64 16 309 64 18 310 77 30 317 69 15 319 25 19 320 24 13 323 45 5 326 18 24 330 36 30 332 19 3 334 21 31 334 82 18 335 15 16 338 48 8 340 41 22 340 92 15 345 31 17 346 34 29 348 2 22 354 81 9 361 28 7 363 91 28 368 2 25 368 66 18 371 59 28 373 24 9 373 47 18 378 16 28 378 71 19 381 81 12 384 17 24 388 93 17 394 29 31 398 81 31 399 79 28 407 18 5 409 46 4 409 69 1 411 3 1 411 54 8 415 50 20 419 55 29 423 34 26 424 41 10 428 5 0 429 46 17 429 77 24 429 83 23 431 56 10 432 55 12 433 54 23 434 43 14 435 42 9 440 100 26 441 85 11 444 66 20 447 34 22 451 43 11 454 6 14 457 46 20 468 1 31 470 74 2 474 33 23 476 86 12 478 7 27 479 65 22 488 8 8 493 92 3 497 3 30 498 18 8 499 1 20 501 36 18 502 62 28 504 12 4 506 92 8 511 24 17 511 57 4 513 91 9 514 51 7 514 96 26 515 51 5 516 12 25 522 39 3 525 76 25 526 67 25 528 9 18 528 42 19 535 91 13 542 99 8 546 98 18 548 6 27 548 64 11 549 48 4 555 24 22 555 79 31 556 23 9 557 27 20 561 73 12 563 37 30 564 1 11 564 9 15 583 4 20 583 74 16 587 74 1 587 82 2 596 93 19 615 52 15 616 1 24 618 14 24 619 3 4 619 24 29 619 30 3 620 47 7 620 70 8 628 68 20 638 19 2 643 79 14 646 1 10 648 93 22 649 30 0 649 83 13 650 93 16 654 12 2 656 11 22 659 62 27 660 73 26 670 17 18 671 19 19 671 25 31 678 46 26 680 10 23 687 15 13 687 32 22 691 64 8 694 75 24 698 3 4 710 84 30 711 42 22 713 0 2 717 94 15 719 7 8 722 22 29 726 11 10 728 86 7 739 83 9 744 38 6 747 74 1 748 65 13 749 99 0 751 22 15 758 74 17 765 10 31 785 59 21 787 47 14 789 6 11 789 61 5 799 31 6 809 35 12 810 12 6 810 79 17 815 80 27 821 5 5 821 87 19 831 31 29 831 36 14 832 33 25 836 74 16 837 29 29 838 65 11 839 51 20 844 75 28 846 1 29 852 50 27 862 92 26 864 8 5 871 22 10 874 21 4 877 98 24 878 37 4 884 72 26 888 88 18 898 58 10 901 88 7 904 75 10 905 54 3 907 48 5 908 54 18 911 55 8 911 56 13 914 63 23 915 5 27 915 39 22 918 5 23 921 6 1 921 7 4 922 98 27 923 86 12 925 26 3 930 46 12 930 65 8 933 25 21 935 81 6 935 89 17 942 33 6 942 63 28 943 93 2 947 44 31 957 70 1 958 63 23 960 28 13 960 68 23 961 57 29 962 48 5 963 17 31 967 71 4 973 13 4 974 61 4 975 55 24 975 81 22 980 25 26 984 21 8 985 15 16 986 6 28 988 25 14 991 59 2 993 28 13 994 48 15 1000 16 9 1001 93 20 1008 72 16 1010 25 24 1014 49 8 1014 56 27 1016 8 2 1024 21 11 1025 36 30 1030 62 0 1037 57 12 1810 76 25 1813 79 7 1815 75 18 1819 35 1 1820 30 5 1820 87 22 1823 42 4 1839 5 30 1840 100 23 1841 73 21 1842 63 8 1843 94 14 1844 86 18 1845 90 22 1847 30 28 1866 21 23 1866 39 10 1869 77 23 1882 57 13 1886 32 13 1890 3 4 1896 0 3 1897 69 5 1904 3 22 1908 9 1 1913 9 9 1915 63 6 1919 16 15 1922 66 23 1922 93 8 1924 45 16 1925 97 26 1928 13 23 1928 92 7 1937 5 18 1937 93 19 1941 81 20 1949 47 6 1959 4 14 1959 71 10 1960 93 23 1961 49 26 1963 86 7 1964 82 30 1969 60 29 1971 91 0 1973 60 5 1979 23 1 1980 76 24 1982 90 13 1984 45 31 1988 90 20 1992 55 29 1998 100 10 2000 95 3 2001 92 14 2002 68 7 2003 61 22 2012 39 11 2013 89 11 2014 82 2 2014 91 26 2027 79 9 2028 53 27 2031 30 20 2035 84 12 2036 19 3 2041 65 15 2050 8 14 2051 25 28 2052 9 31 2052 36 8 2057 7 30 2058 42 5 2058 60 3 2061 18 17 2064 61 28 2071 62 15 2073 37 13 2095 64 27 2096 3 30 2100 100 15 2101 88 10 2105 26 17 2113 36 29 2114 87 10 2115 21 7 2119 83 22 2121 9 24 2133 71 9 2143 73 12 2150 37 31 2152 70 4 2152 88 22 2153 20 27 2158 56 9 2166 99 14 2168 76 1 2170 90 2 2184 81 15 2187 91 31 2188 92 28 2192 16 0 2193 63 10 2195 72 17 2223 51 11 2224 67 28 2224 94 0 2226 94 6 2227 78 12 2227 89 30 2229 23 1 2233 56 14 2234 7 4 2235 11 30 2239 55 21 2258 50 10 2258 77 1 2260 1 22 2262 79 21 2263 57 8 2263 82 0 2265 8 15 2266 29 17 2267 59 14 2267 99 24 2269 34 18 2274 21 1 2276 1 30 2276 66 4 2279 10 27 2279 89 16 2283 39 4 2286 90 10 2292 10 11 2294 25 2 2298 52 22 2304 73 27 2310 32 4 2310 74 24 2316 10 22 2319 22 31 2324 57 30 2327 67 30 2328 35 6 2330 12 22 2330 77 3 2331 44 30 2331 88 30 2332 0 7 2332 13 14 2333 4 0 2333 27 22 2334 33 28 2345 17 31 2347 4 29 2347 24 21 2347 41 29 2350 27 7 2350 94 10 2353 10 26 2354 2 1 2357 55 5 2364 6 13 2365 57 23 2365 68 1 2367 74 21 2368 34 3 2368 71 29 2378 95 14 2380 57 27 2382 55 7 2387 97 26 2388 39 2 2389 9 25 2389 40 13 2391 14 17 2393 14 17 2393 50 18 2393 83 11 2395 48 3 2397 28 5 2397 76 15 2398 19 10 2399 64 10 2402 79 18 2404 45 24 2404 77 6 2405 55 4 2406 93 25 2409 47 3 2414 98 8 2417 94 11 2419 25 19 2421 24 11 2421 65 20 2426 79 16 2428 63 28 2430 79 31 2441 36 1 2441 52 20 2444 66 8 2447 42 27 2454 2 3 2454 22 13 2458 64 21 2464 43 15 2465 97 9 2469 87 27 2476 72 26 2483 66 3 2492 35 15 2492 44 26 2494 9 15 2495 90 27 2497 62 23 2498 36 6 2498 70 7 2499 79 1 2500 96 29 2501 85 22 2504 27 21 2505 48 18 2511 51 19 2515 48 1 2517 52 17 2518 64 8 2519 56 2 2524 50 2 2531 90 11 2532 24 27 2533 69 9 2534 46 25 2543 59 11 2550 84 7 2552 85 9 2557 29 29 2559 86 13 2563 75 18 2566 20 25 2573 9 24 2578 63 18 2583 91 6 2586 79 19 2589 38 5 2594 19 14 2598 48 27 2599 44 5 2602 69 25 2604 82 16 2608 90 19 2608 99 23 2609 17 24 2611 35 3 2614 41 24 2616 26 22 2617 57 31 2637 29 18 2638 46 25 2642 0 16 2645 82 4 2657 52 17 2658 89 14 2660 0 30 2662 68 21 2664 22 15 2665 64 13 2667 25 22 2669 30 11 2672 82 22 2674 7 11 2674 49 19 2677 82 4 2679 37 3 2680 52 26 2680 91 4 2681 94 4 2686 67 2 2688 13 12 2688 51 9 2688 58 0 2692 3 26 2694 25 25 2699 61 23 2708 90 6 2709 6 2 2715 79 20 2717 7 29 2724 63 3 2724 74 21 2728 27 15 2730 60 26 2732 8 3 2744 44 21 2746 25 3 2746 87 28 2748 91 1 2754 0 2 2757 6 11 2757 28 4 2757 38 20 2765 80 8 2771 46 13 2772 14 27
903 625 0.0001 72 100 26 74 0 16 76 69 23 77 0 16 89 81 14 95 100 28 100 20 20 101 84 4 103 57 14 106 46 26 108 12 13 110 96 3 113 67 6 118 58 24 122 26 0 133 89 5 142 1 15 142 20 7 143 48 3 144 89 9 148 75 16 151 29 0 152 65 6 152 99 2 155 57 28 159 86 13 177 76 0 179 23 4 179 81 20 180 95 22 188 41 9 198 69 2 209 45 19 215 37 19 219 22 2 224 22 27 227 23 3 227 60 9 228 32 28 234 85 6 234 96 2 238 19 6 247 48 14 250 7 15 253 33 14 260 78 7 261 15 16 262 69 3 263 71 27 270 46 7 273 50 2 273 67 20 276 75 7 281 46 21 281 56 24 284 83 4 285 55 10 286 46 9 289 36 25 302 93 3 303 96 1 305 74 19 308 23 21 309 17 10 310 18 12 314 59 3 314 82 5 320 27 19 323 14 21 326 9 16 327 86 15 333 13 8 334 6 24 334 98 16 338 18 22 338 87 26 339 31 29 359 19 25 359 75 1 361 46 5 363 35 14 365 82 9 369 24 27 369 90 14 375 81 24 384 63 11 387 29 10 389 84 7 392 14 4 396 89 16 400 24 1 403 60 0 407 16 30 407 26 10 407 26 23 409 71 19 413 65 17 428 93 2 430 84 25 433 92 25 439 80 30 440 47 21 442 53 3 452 69 2 453 38 18 457 15 24 457 38 9 457 50 29 459 40 12 461 95 25 462 24 21 462 69 2 463 18 1 466 12 5 466 53 16 468 57 21 469 86 15 472 100 29 480 24 19 483 99 14 485 9 8 492 35 24 498 7 3 502 33 20 503 2 27 503 21 12 503 84 17 506 11 10 510 48 1 516 45 13 520 2 26 520 24 21 525 50 3 526 38 15 530 46 23 533 28 12 535 33 2 541 62 28 543 1 27 544 88 4 545 91 7 547 79 4 548 68 29 552 78 24 553 92 18 555 4 7 557 30 20 562 97 8 568 26 31 573 76 10 574 7 19 580 19 13 580 28 19 586 94 12 587 11 8 587 94 2 593 40 19 596 44 4 598 89 28 609 11 16 613 96 19 617 2 1 618 88 11 626 68 18 627 13 5 628 5 17 630 3 16 638 69 23 638 86 9 641 54 21 649 31 12 651 90 31 656 22 28 656 59 19 659 59 18 675 91 2 677 7 11 681 39 18 682 1 25 683 23 5 687 9 2 692 44 14 692 53 28 693 1 31 694 76 22 697 58 13 700 70 9 701 33 31 701 65 16 706 19 6 712 69 28 712 85 15 713 32 1 715 5 9 716 54 31 734 56 30 736 95 6 738 8 4 739 46 5 742 96 8 744 95 2 745 36 2 745 56 27 746 4 30 748 3 23 748 58 4 755 65 10 757 14 28 758 80 28 759 58 14 762 39 14 770 44 12 770 53 11 771 79 11 773 86 26 777 99 18 784 60 30 788 13 30 789 25 23 791 71 6 794 94 19 799 85 11 803 56 29 808 26 17 813 39 21 821 62 18 824 34 31 826 49 12 827 9 23 836 65 22 845 55 9 853 94 11 854 40 21 856 62 21 858 42 10 858 61 29 859 2 21 860 63 9 860 82 5 865 75 13 867 57 18 868 68 6 869 75 0 875 58 7 875 96 16 877 63 21 879 32 3 883 90 6 884 73 0 889 81 1 893 61 15 893 73 10 894 17 7 897 56 16 897 79 31 900 46 17 901 91 15 902 29 3 907 25 6 907 95 15 910 47 16 931 47 8 934 54 3 936 18 30 941 38 2 947 20 26 950 20 4 953 52 22 954 19 3 954 36 12 957 98 12 958 28 1 961 23 17 963 46 12 963 61 16 964 15 25 965 50 9 968 26 21 973 88 13 981 9 17 984 50 6 985 98 28 987 7 15 988 72 11 989 86 17 990 38 22 990 89 27 990 95 2 994 40 15 999 4 7 999 49 7 1000 11 1 1005 81 8 1010 29 25 1011 1 10 1011 5 23 1013 75 28 1019 39 31 1026 42 27 1030 3 24 1035 59 31 1036 77 4 1813 26 29 1814 71 24 1821 90 6 1824 76 12 1826 67 10 1829 81 9 1831 64 14 1836 47 25 1836 77 17 1837 59 20 1839 55 5 1842 92 12 1845 48 31 1847 31 2 1850 40 14 1850 86 7 1854 86 2 1855 41 8 1856 78 18 1857 99 25 1859 2 17 1860 30 28 1860 89 16 1861 18 0 1864 28 3 1869 33 23 1869 60 1 1870 3 26 1874 26 0 1875 21 31 1875 83 4 1879 53 5 1882 7 4 1893 87 16 1895 96 22 1897 91 8 1898 89 22 1899 88 25 1900 28 1 1904 21 27 1908 52 5 1909 1 5 1912 31 30 1920 87 29 1923 57 24 1923 91 22 1925 59 10 1933 19 23 1933 97 9 1934 68 7 1935 97 15 1936 42 2 1936 46 29 1937 38 29 1937 55 31 1941 73 22 1941 74 30 1943 70 2 1945 9 14 1946 6 24 1947 99 20 1948 26 26 1949 40 19 1955 12 17 1960 57 31 1966 67 6 1970 54 20 1976 71 29 1977 23 7 1977 76 20 1979 61 0 1982 27 15 1984 15 11 1989 3 26 1990 6 15 1993 68 29 1997 58 18 1997 84 6 1998 79 9 2000 36 31 2003 89 19 2005 50 18 2005 50 31 2008 63 14 2012 75 30 2012 99 30 2013 7 15 2014 3 11 2016 80 25 2016 86 24 2019 6 8 2021 84 8 2023 20 31 2024 92 21 2029 86 8 2031 14 7 2040 49 13 2042 43 16 2045 80 9 2049 32 12 2050 27 13 2050 87 1 2055 95 1 2057 32 1 2058 15 2 2063 3 12 2074 66 31 2078 19 24 2079 43 10 2080 99 5 2089 50 13 2089 56 11 2096 15 16 2097 42 4 2099 23 2 2101 33 19 2103 51 11 2103 70 14 2104 28 23 2107 49 5 2113 91 2 2118 58 31 2121 96 10 2122 22 8 2126 97 6 2129 47 4 2130 8 29 2133 69 9 2139 15 0 2140 70 8 2149 65 15 2150 50 24 2150 86 4 2151 72 0 2151 82 31 2160 12 9 2160 54 21 2160 59 30 2162 67 16 2166 56 14 2168 13 18 2176 35 16 2179 65 19 2187 63 11 2194 71 20 2196 30 23 2201 67 26 2203 51 27 2206 50 0 2207 48 0 2209 68 19 2213 84 16 2214 41 4 2216 35 0 2216 44 23 2222 10 17 2224 23 19 2229 0 3 2231 11 27 2239 5 21 2239 13 5 2243 85 0 2255 24 29 2259 73 20 2260 79 29 2265 40 18 2266 94 13 2268 9 28 2268 96 11 2271 72 25 2273 32 10 2275 71 26 2281 38 8 2281 64 21 2283 98 1 2296 78 3 2297 69 11 2300 44 22 2300 76 12 2301 87 2 2305 17 1 2309 87 29 2313 86 27 2315 36 5 2316 84 18 2317 68 2 2318 19 0 2318 63 17 2319 17 9 2322 84 29 2330 72 2 2337 29 4 2338 14 18 2339 4 8 2339 45 8 2343 85 20 2362 4 8 2362 23 7 2366 2 27 2367 65 27 2368 12 31 2372 5 28 2374 99 24 2382 14 1 2394 91 23 2396 40 10 2403 27 4 2405 48 26 2415 14 9 2415 96 0 2416 94 3 2417 99 13 2420 3 1 2421 49 6 2422 54 25 2427 37 26 2436 96 4 2443 38 16 2448 46 25 2451 0 17 2454 61 20 2455 61 15 2455 95 20 2456 15 28 2456 98 28 2458 17 30 2459 36 2 2461 25 13 2467 14 30 2470 17 9 2470 80 11 2472 0 5 2474 18 5 2480 71 17 2487 77 11 2494 38 14 2496 40 0 2503 65 22 2508 99 20 2512 1 3 2512 36 13 2515 14 2 2518 1 7 2523 24 3 2523 38 9 2523 48 11 2525 32 7 2528 93 10 2540 32 18 2543 65 31 2550 67 10 2555 99 27 2556 93 1 2558 36 4 2560 89 22 2562 40 27 2567 97 29 2574 80 27 2576 92 5 2577 58 6 2578 2 30 2582 94 19 2585 19 8 2592 36 27 2592 37 0 2592 92 8 2593 45 7 2595 54 5 2600 10 21 2600 86 18 2601 81 20 2609 22 1 2616 90 17 2617 20 30 2617 48 4 2620 76 28 2623 30 15 2624 46 18 2625 0 23 2626 52 22 2635 12 1 2638 44 22 2639 50 21 2641 78 0 2644 0 8 2644 87 6 2646 48 1 2650 86 25 2652 72 27 2653 18 30 2653 48 17 2659 8 19 2661 68 25 2662 70 8 2664 3 1 2665 87 5 2668 70 11 2683 12 15 2688 41 10 2689 56 8 2697 47 26 2704 66 23 2711 94 21 2714 74 2 2717 8 26 2717 31 31 2719 15 3 2719 40 4 2721 52 2 2722 68 3 2729 64 13 2739 33 18 2746 27 22 2746 47 19 2751 17 19 2752 25 13 2758 97 20 2762 21 15 2768 25 2 2768 86 16 2771 35 1 2771 73 21 2774 99 27
904 625 0.0001 82 27 4 83 19 23 86 49 27 86 81 28 87 80 26 88 37 13 88 64 14 91 34 15 95 42 9 98 90 3 99 69 21 100 84 22 102 64 1 103 58 8 108 3 1 109 21 10 110 77 19 121 60 13 122 20 30 124 76 5 125 90 5 129 39 15 129 41 23 135 8 18 137 0 0 148 95 5 154 47 6 158 95 9 162 75 3 164 99 20 166 80 11 167 98 5 170 38 20 173 22 1 179 55 26 187 43 29 190 13 15 196 27 21 202 68 24 204 35 9 206 71 31 211 25 24 214 13 23 216 20 8 216 42 5 219 89 14 221 0 2 222 9 18 223 6 5 230 36 29 230 63 5 236 45 10 243 94 6 245 58 4 252 36 7 256 24 11 262 86 3 266 77 30 268 93 15 273 3 19 274 0 28 274 26 5 278 83 10 282 69 23 287 79 23 288 62 31 288 66 24 288 98 25 289 42 8 290 70 14 290 86 25 291 73 0 293 25 9 298 83 5 307 12 16 311 78 23 316 80 31 316 97 7 317 18 9 317 62 2 320 30 21 321 63 2 324 8 15 326 57 2 332 37 17 332 59 10 334 65 14 335 65 12 336 54 0 338 7 13 340 92 15 341 65 4 344 58 31 348 86 12 349 78 16 350 30 18 352 21 2 353 13 24 358 63 18 360 48 16 362 92 18 364 25 13 364 83 25 367 37 25 368 67 18 376 73 14 383 23 0 398 40 25 408 58 28 415 24 10 416 52 9 424 68 27 427 21 15 431 26 2 433 93 11 434 55 27 434 89 12 441 22 7 441 59 4 441 70 14 443 83 12 451 94 20 462 16 28 462 48 30 463 26 30 463 33 0 466 6 4 470 75 31 472 77 26 474 79 21 481 48 3 482 58 28 485 39 7 486 31 22 487 87 9 488 23 27 488 35 5 488 36 26 495 76 0 497 3 3 505 43 9 509 28 16 515 26 23 516 5 15 517 71 28 521 87 16 526 19 13 526 81 5 529 4 15 529 76 24 538 97 29 544 37 14 546 56 30 549 16 4 553 45 16 554 69 3 554 86 17 556 43 16 558 51 31 559 9 10 561 74 26 564 8 30 565 61 21 576 57 7 576 66 28 578 89 8 581 98 0 582 13 24 589 7 12 591 83 2 593 38 26 598 58 13 602 39 23 602 80 30 604 19 29 609 25 15 609 56 0 611 20 20 612 38 10 619 24 15 619 31 22 621 70 13 623 43 27 623 98 10 627 22 12 637 61 28 643 90 1 645 60 26 648 33 26 651 30 30 652 4 26 658 11 14 658 13 22 658 39 14 660 47 10 666 73 3 667 52 11 668 96 5 669 52 16 673 64 1 676 100 0 677 13 28 681 91 12 682 98 9 683 2 19 683 95 16 685 88 4 697 78 28 699 72 25 700 0 26 703 38 17 703 89 18 706 30 4 711 74 6 715 20 25 716 63 2 718 54 14 721 65 0 723 89 6 727 15 17 729 46 24 729 69 24 730 34 0 731 37 1 732 59 15 732 100 22 735 40 11 737 50 25 738 79 13 746 18 30 750 54 16 752 18 8 756 27 31 761 52 29 762 3 11 773 26 4 773 36 24 774 74 2 779 35 25 791 48 21 798 3 7 798 21 1 804 22 31 808 15 1 808 45 21 808 63 20 821 21 20 823 80 27 830 62 30 834 57 2 840 41 29 841 18 20 841 71 3 845 95 30 849 37 1 851 8 5 861 87 16 863 25 29 864 44 23 864 60 29 864 89 15 872 9 22 872 84 20 878 61 8 884 92 18 886 28 18 889 13 28 891 20 18 903 58 27 907 48 23 908 17 26 909 17 25 909 72 14 921 45 10 922 42 13 922 47 14 927 23 28 931 98 4 935 60 11 942 57 6 949 34 28 950 48 13 954 19 10 955 15 15 955 77 8 958 92 26 961 24 29 961 37 11 966 48 30 967 87 28 969 98 26 970 42 17 970 73 31 976 3 20 980 34 6 981 53 11 984 41 29 985 88 3 986 91 22 989 46 17 992 57 18 992 64 13 993 34 22 1000 78 30 1004 9 17 1005 12 13 1010 30 20 1013 59 17 1013 75 29 1021 28 30 1022 79 2 1023 95 2 1026 1 27 1027 53 27 1027 58 28 1028 49 11 1032 21 31 1032 72 28 1032 74 14 1038 0 3 1039 100 11 1812 74 2 1818 63 29 1819 37 0 1823 97 3 1828 9 18 1828 82 16 1829 16 10 1837 28 2 1838 96 11 1839 46 10 1839 83 25 1840 3 22 1841 89 25 1844 62 2 1846 73 13 1851 19 20 1852 82 11 1853 31 29 1854 69 29 1856 23 3 1857 14 5 1859 43 3 1860 67 8 1864 83 24 1867 20 28 1871 24 12 1876 30 1 1876 71 2 1882 98 0 1892 7 31 1896 30 27 1897 41 17 1897 88 24 1899 55 25 1900 38 24 1901 1 12 1902 44 21 1903 86 25 1905 65 27 1907 34 5 1909 48 18 1909 90 16 1914 70 30 1915 2 11 1916 40 11 1922 3 23 1928 4 12 1928 79 23 1941 81 23 1944 77 31 1945 38 24 1946 8 17 1946 21 12 1947 92 19 1954 35 18 1958 59 14 1961 69 10 1963 68 23 1966 90 14 1967 24 16 1970 3 31 1970 63 17 1971 19 13 1976 49 9 1976 93 17 1979 80 13 1979 83 23 1982 3 12 1982 24 24 1989 22 9 1992 57 6 1998 82 25 2001 31 28 2001 92 16 2017 41 7 2018 14 4 2019 98 13 2027 99 19 2043 12 30 2046 41 28 2048 39 0 2052 100 13 2061 8 0 2061 42 13 2061 93 24 2063 9 12 2064 25 6 2067 71 9 2070 6 10 2074 21 4 2075 25 3 2077 80 29 2079 92 23 2080 61 5 2089 35 12 2091 1 8 2093 97 0 2094 67 12 2094 77 10 2095 28 8 2096 89 11 2098 95 9 2103 5 12 2114 49 30 2116 55 20 2120 88 22 2123 21 19 2125 79 14 2130 57 29 2132 34 24 2132 63 23 2133 46 5 2136 89 2 2138 74 13 2144 63 0 2145 41 2 2149 69 9 2161 3 12 2162 3 26 2165 46 17 2167 18 0 2167 23 10 2172 81 19 2173 4 25 2175 63 29 2177 91 20 2185 57 7 2187 16 14 2189 86 19 2190 16 0 2200 31 4 2204 63 20 2207 21 9 2213 66 16 2216 19 7 2220 48 28 2223 33 18 2225 14 19 2229 93 18 2230 81 6 2234 87 23 2239 66 0 2242 72 23 2245 50 8 2247 7 0 2252 26 29 2257 24 21 2257 100 5 2261 34 1 2265 5 22 2267 6 16 2269 39 11 2271 17 18 2279 13 16 2282 80 19 2286 87 19 2287 37 24 2288 20 26 2291 6 11 2292 8 8 2296 72 12 2297 80 2 2298 55 8 2298 85 13 2298 90 22 2300 47 2 2303 25 1 2303 70 0 2317 33 3 2321 43 6 2321 60 18 2324 54 31 2328 16 27 2328 68 21 2335 88 28 2338 24 22 2344 80 12 2346 60 30 2347 19 12 2347 23 16 2364 73 28 2367 18 6 2368 81 27 2370 93 13 2377 47 10 2377 49 23 2389 83 25 2390 64 28 2392 4 26 2397 66 15 2400 62 17 2405 30 0 2406 22 14 2412 41 20 2413 83 6 2416 39 2 2418 85 0 2423 37 17 2424 92 3 2425 79 15 2427 31 15 2427 55 10 2427 65 14 2429 67 27 2430 19 11 2432 100 22 2434 39 31 2434 90 24 2439 68 11 2442 44 27 2445 97 20 2448 16 19 2451 27 20 2453 19 29 2475 12 17 2475 33 18 2479 14 15 2479 86 25 2482 81 8 2483 48 14 2495 79 26 2517 57 13 2520 13 17 2520 78 19 2521 30 21 2526 23 14 2527 78 20 2529 51 15 2530 54 7 2536 36 5 2541 66 31 2541 84 7 2547 96 17 2548 53 12 2548 70 11 2549 85 16 2551 21 11 2552 85 17 2558 24 26 2564 27 31 2564 78 12 2564 94 28 2570 30 27 2589 32 19 2589 88 13 2595 90 19 2596 100 2 2597 6 24 2602 55 2 2608 86 19 2616 2 9 2617 15 14 2617 80 4 2622 70 7 2624 54 3 2629 59 6 2630 56 31 2643 39 27 2643 48 26 2646 41 4 2651 56 12 2654 93 28 2656 48 19 2656 67 24 2661 97 19 2663 100 29 2667 62 9 2667 73 8 2670 57 12 2673 78 18 2673 90 1 2681 9 6 2683 88 2 2687 17 1 2693 93 3 2697 61 30 2708 94 13 2710 8 27 2710 31 26 2710 84 22 2712 28 11 2713 12 12 2715 86 21 2722 23 12 2730 67 28 2731 46 14 2734 89 2 2735 38 12 2741 53 25 2742 10 26 2742 35 29 2745 90 15 2748 57 15 2749 42 3 2751 29 6 2752 92 13 2753 35 18 2758 69 24 2768 11 15 2768 13 15 2768 67 18 2771 55 21 2773 46 0 2775 67 7
905 625 0.0001 78 35 4 80 47 24 81 12 5 83 51 9 84 6 22 84 42 29 91 74 28 92 13 16 93 87 27 97 78 10 99 58 24 108 96 25 111 56 24 113 17 9 116 61 8 117 91 22 118 97 8 119 64 22 127 69 6 133 50 0 135 18 25 142 75 0 146 7 1 147 43 21 156 49 19 162 92 27 164 36 17 168 7 18 168 74 19 172 15 16 174 79 6 178 4 18 181 20 13 185 14 17 185 15 18 189 33 31 197 42 14 202 3 30 203 33 25 207 93 21 209 89 4 210 97 5 211 79 31 211 82 27 212 59 25 214 34 14 214 36 10 214 99 2 218 100 30 241 91 23 242 86 12 245 48 3 249 64 30 251 97 4 253 94 10 256 1 8 256 65 0 257 10 26 261 27 1 261 97 20 262 9 8 264 11 10 265 96 23 266 11 24 269 6 14 274 7 16 274 21 11 275 99 21 276 1 12 283 34 7 295 94 22 299 41 14 300 95 5 302 15 1 302 28 1 302 93 0 313 50 28 320 88 12 324 86 25 325 37 26 328 19 24 329 5 0 334 0 9 339 1 25 344 16 6 348 63 20 351 77 30 354 90 10 357 47 29 360 8 12 363 78 20 366 10 24 366 48 27 366 57 21 371 88 11 372 40 22 375 21 16 380 48 20 386 84 2 387 36 31 392 45 30 403 61 9 406 61 25 408 22 11 409 41 22 411 0 22 412 81 16 413 43 13 417 55 31 418 52 10 426 22 23 439 70 27 441 77 26 444 64 19 450 7 20 451 3 30 455 71 4 457 98 4 460 55 1 465 5 20 465 81 6 467 6 4 468 53 2 472 60 28 473 3 25 473 6 13 474 5 26 476 78 20 477 88 19 480 33 17 481 27 26 483 78 29 484 76 3 489 93 14 490 36 20 490 68 15 498 97 1 499 16 14 502 61 27 505 7 21 506 88 20 507 13 12 509 9 21 509 66 27 510 18 16 521 41 2 521 66 2 522 57 11 526 57 11 531 92 8 532 22 18 536 24 23 538 47 13 541 52 20 542 83 22 545 46 7 545 71 23 547 44 31 551 88 3 552 9 18 554 80 5 555 8 0 564 94 24 565 91 22 568 38 8 572 37 9 577 7 19 580 1 7 583 77 14 584 16 4 589 35 14 596 95 31 601 10 11 604 20 21 605 45 27 615 70 14 616 66 10 618 16 16 623 55 25 624 98 5 632 36 10 641 50 31 642 42 18 643 98 8 655 97 1 657 42 0 658 34 15 662 69 20 663 12 12 666 83 21 668 88 10 669 89 12 671 63 24 672 73 14 675 15 19 678 99 6 683 14 7 685 84 13 685 88 25 693 86 25 693 87 31 695 55 18 696 51 29 697 22 5 697 29 26 698 18 11 701 89 5 705 83 20 724 46 0 726 32 11 728 58 5 729 29 26 739 45 22 739 79 24 746 50 25 747 93 28 748 79 22 755 0 8 756 0 6 756 6 27 762 50 25 765 100 2 766 0 18 766 80 27 770 82 13 775 85 19 787 28 12 788 62 18 795 72 24 811 26 6 811 26 13 812 11 9 812 81 21 815 39 17 822 31 22 822 73 28 829 42 19 834 59 3 834 74 25 837 5 30 840 85 6 841 10 3 846 28 2 849 63 9 852 12 24 852 51 11 855 11 20 857 96 14 860 48 4 867 44 11 871 71 28 890 11 4 891 93 26 892 43 8 892 84 25 900 16 19 900 72 28 900 91 12 901 51 12 904 96 16 906 45 29 909 52 19 911 80 21 913 91 26 916 18 31 918 17 14 920 26 11 925 57 0 926 1 4 926 22 9 931 19 26 938 44 21 940 94 13 944 18 10 946 47 12 946 80 19 952 23 8 953 44 29 955 19 13 960 76 27 970 0 22 971 46 13 971 77 2 971 89 8 974 89 26 983 80 25 990 95 22 996 30 30 996 56 24 996 57 7 998 32 27 1001 60 5 1003 18 10 1007 17 13 1007 79 20 1009 12 6 1011 68 23 1011 91 11 1016 50 25 1023 8 4 1023 87 29 1024 54 4 1024 98 6 1030 5 9 1032 58 29 1035 97 20 1036 20 0 1813 2 24 1817 53 29 1818 96 21 1822 19 30 1824 58 20 1830 67 14 1837 79 2 1838 92 29 1847 96 11 1849 90 22 1852 54 4 1855 78 22 1858 64 1 1859 66 3 1868 95 2 1870 28 21 1870 37 1 1883 8 2 1883 74 13 1886 37 15 1889 85 29 1894 36 14 1896 78 22 1900 70 24 1901 18 19 1906 76 29 1906 85 22 1909 16 17 1911 73 14 1912 18 15 1918 4 25 1919 71 27 1920 90 0 1925 63 7 1927 34 15 1929 11 26 1944 52 24 1952 0 19 1952 52 29 1953 82 31 1957 16 10 1959 48 30 1962 45 9 1965 33 17 1969 54 22 1969 82 19 1969 96 31 1971 54 5 1974 83 9 1975 10 6 1977 97 21 1978 12 4 1982 100 27 1983 12 9 1985 100 8 1986 3 6 1988 95 18 1990 59 3 1992 5 15 1996 86 3 1999 87 31 2001 86 6 2002 78 0 2005 85 19 2005 99 21 2007 16 9 2007 22 3 2013 48 14 2015 94 22 2016 85 5 2020 11 12 2022 34 18 2023 12 22 2024 28 2 2024 44 1 2026 71 22 2027 96 22 2029 89 11 2030 51 24 2031 18 19 2031 49 16 2041 8 11 2044 2 31 2044 72 4 2048 84 11 2048 84 13 2049 12 2 2049 34 23 2051 33 23 2059 55 26 2060 88 17 2063 97 8 2065 29 26 2067 73 8 2071 4 11 2079 31 22 2088 86 24 2090 28 8 2091 95 6 2099 56 25 2100 37 28 2102 90 30 2104 19 13 2106 57 17 2108 1 8 2110 100 17 2112 38 19 2117 8 3 2119 71 6 2120 61 27 2124 16 26 2127 88 29 2130 29 2 2137 22 16 2139 9 8 2140 8 5 2154 37 17 2156 21 5 2158 17 16 2162 49 5 2164 84 14 2166 91 6 2173 17 18 2175 54 0 2184 20 12 2189 32 6 2190 38 23 2192 34 2 2193 79 0 2198 10 9 2200 15 27 2200 16 11 2201 96 3 2203 6 8 2205 71 8 2208 26 5 2217 32 25 2223 70 25 2227 54 24 2231 64 21 2232 57 31 2237 87 12 2241 77 21 2245 57 22 2247 82 31 2248 26 3 2249 63 28 2256 86 26 2259 46 20 2261 35 28 2265 41 14 2265 60 4 2270 39 20 2272 18 2 2273 68 28 2274 28 30 2282 96 14 2287 8 5 2287 41 16 2293 50 27 2302 91 2 2303 88 27 2304 29 28 2305 95 30 2313 19 9 2317 10 6 2317 66 18 2317 75 9 2319 12 10 2320 89 0 2321 14 7 2331 93 19 2334 34 15 2336 77 28 2339 94 11 2344 47 22 2346 0 9 2347 80 12 2349 82 29 2350 93 6 2352 29 2 2353 35 25 2356 56 4 2357 58 17 2363 63 26 2367 42 2 2367 43 24 2374 17 7 2375 82 15 2378 75 29 2381 2 25 2381 4 30 2381 13 10 2386 80 8 2388 31 1 2392 52 5 2393 63 25 2400 75 6 2402 94 0 2408 45 4 2409 26 5 2410 48 0 2417 48 24 2419 46 3 2421 44 15 2422 85 14 2423 26 12 2423 40 30 2425 11 29 2435 4 13 2437 76 19 2444 94 24 2445 55 3 2452 13 6 2453 44 16 2457 48 3 2468 32 7 2471 77 26 2472 6 8 2473 51 4 2473 68 26 2474 45 27 2482 30 31 2484 84 2 2487 54 10 2492 12 0 2494 12 9 2494 57 25 2500 69 16 2503 57 17 2509 15 25 2513 0 1 2513 11 3 2515 55 25 2518 24 16 2519 12 6 2521 95 25 2532 8 19 2534 39 8 2536 79 1 2538 87 24 2545 42 15 2546 5 22 2546 75 27 2552 3 5 2553 43 21 2557 33 4 2560 35 14 2560 77 16 2563 83 17 2564 55 23 2568 66 23 2570 51 7 2570 63 14 2573 14 0 2574 24 27 2576 64 13 2577 26 21 2578 85 11 2580 9 26 2581 10 16 2582 100 21 2597 10 22 2600 64 24 2602 80 14 2605 16 19 2609 29 0 2612 90 8 2613 68 31 2623 7 5 2626 99 28 2627 55 30 2629 96 13 2630 7 31 2638 77 8 2641 91 26 2648 63 19 2661 18 15 2666 86 16 2670 75 20 2677 9 6 2684 81 5 2684 82 14 2691 28 22 2694 28 6 2696 19 10 2696 57 4 2699 92 18 2699 94 18 2702 90 3 2703 77 15 2707 41 18 2707 71 23 2708 4 1 2708 63 12 2711 34 17 2712 20 0 2715 39 22 2717 1 5 2717 16 26 2720 36 14 2730 40 20 2731 36 23 2735 51 4 2746 17 8 2746 38 30 2749 83 11 2750 82 25 2755 2 0 2759 20 22 2759 56 23 2765 18 17 2769 83 3 2770 21 22 2772 36 11 2772 43 22 2775 38 15 2775 80 8
906 625 0.0001 72 77 14 72 79 16 78 71 2 85 2 25 90 73 1 99 22 27 99 47 25 99 55 16 100 12 9 105 55 24 111 76 14 113 17 1 113 34 6 113 63 1 116 99 8 122 24 7 124 5 22 125 23 4 127 15 14 128 77 1 132 45 14 133 78 12 139 97 5 147 52 23 151 7 22 152 8 0 152 49 25 166 15 5 167 99 28 170 14 13 172 32 23 172 52 29 177 84 31 179 72 1 184 80 16 186 56 13 190 98 6 192 13 12 192 83 25 194 81 1 196 55 24 197 85 22 205 17 19 212 27 15 223 39 7 228 66 10 230 2 22 237 3 30 239 46 2 243 50 17 243 65 21 243 92 12 253 12 6 253 66 15 256 23 16 261 64 11 271 0 9 278 34 6 279 58 19 281 37 2 285 6 3 286 75 11 288 44 15 288 57 7 291 22 28 295 82 3 296 72 15 301 86 10 303 13 25 304 68 22 313 22 4 324 29 30 325 33 20 330 62 21 331 4 8 331 12 10 338 73 27 340 68 19 348 1 26 357 27 3 359 96 13 364 50 26 370 13 28 370 32 12 375 15 0 379 97 29 381 38 22 385 29 12 388 91 19 393 86 30 396 16 4 396 87 27 397 51 5 399 91 27 403 95 1 404 61 3 404 66 30 406 94 3 407 87 14 412 24 17 413 72 2 413 76 11 413 77 17 416 19 30 419 12 24 421 48 30 425 38 10 428 77 28 432 4 11 436 15 8 436 74 14 441 54 10 442 11 10 444 71 2 450 13 8 453 19 2 454 31 10 455 36 7 456 44 14 456 50 25 458 67 0 463 70 25 465 17 26 465 28 18 465 37 18 468 78 30 471 59 18 492 12 4 501 4 3 507 23 30 507 44 25 508 98 0 512 27 7 519 76 13 519 96 3 524 6 30 528 99 22 530 35 3 531 45 11 534 76 8 535 46 12 538 61 8 541 77 11 542 23 1 542 27 4 545 7 1 545 47 28 546 39 23 551 23 9 551 75 21 552 65 30 553 40 3 554 93 12 555 89 0 557 55 10 559 35 2 568 66 25 570 11 11 586 27 1 587 42 16 588 14 31 592 14 8 592 38 18 599 18 24 600 98 5 606 30 7 606 91 26 608 60 15 614 87 10 620 95 18 622 22 11 627 78 2 628 15 17 629 39 6 630 59 22 633 68 2 635 5 20 645 76 21 649 98 11 650 89 18 652 17 1 658 49 2 659 64 30 660 90 19 663 9 8 666 59 18 670 93 4 671 86 25 672 100 17 675 53 31 679 77 7 681 30 20 685 82 24 697 81 22 698 97 14 711 48 26 712 5 8 712 17 18 719 17 27 719 42 7 719 65 22 722 40 24 724 68 10 725 36 13 725 81 16 741 22 5 744 11 9 744 61 16 745 82 7 754 5 6 760 43 17 761 55 21 772 66 6 773 37 15 775 36 20 775 99 2 777 84 14 779 47 30 787 12 17 788 94 25 796 48 10 802 35 10 808 11 16 808 21 7 813 73 6 816 45 7 816 74 5 818 46 3 826 45 17 828 27 17 829 84 17 831 65 7 832 98 3 839 38 26 839 45 20 843 74 16 848 24 27 856 29 0 856 68 14 857 30 12 857 75 23 857 82 29 859 55 10 860 21 18 866 51 2 870 100 19 876 8 27 880 92 5 885 41 26 886 55 4 887 43 8 891 44 29 892 11 29 894 62 16 898 87 0 900 39 31 901 4 24 902 16 27 903 52 5 905 62 18 906 78 17 909 65 16 910 16 19 912 62 26 916 23 16 920 72 13 921 2 13 921 40 0 922 28 19 924 34 21 928 33 21 933 59 2 935 82 9 937 10 19 950 8 23 952 78 15 954 56 8 955 38 20 955 92 17 956 55 17 964 54 2 966 50 1 978 87 24 978 95 27 982 29 21 987 78 16 991 38 24 996 56 13 1001 54 1 1004 25 4 1012 1 20 1015 7 21 1015 8 17 1018 8 10 1023 54 28 1026 97 24 1027 52 25 1030 51 8 1034 54 23 1035 99 7 1039 56 19 1810 79 30 1812 91 28 1813 45 29 1815 85 1 1817 72 12 1821 4 27 1824 46 25 1827 36 19 1833 34 25 1834 0 23 1835 5 25 1838 33 20 1840 16 3 1845 95 5 1846 61 14 1847 65 30 1850 44 9 1855 24 3 1856 6 8 1859 51 29 1861 93 3 1867 93 17 1871 16 12 1877 87 10 1884 29 25 1888 71 7 1891 93 29 1892 45 24 1895 78 11 1899 41 25 1901 14 23 1903 3 8 1903 34 1 1905 44 12 1918 8 0 1932 20 9 1934 21 2 1938 93 21 1939 70 29 1941 13 31 1944 52 4 1946 43 13 1946 46 5 1952 26 29 1957 11 0 1957 56 18 1959 88 11 1960 7 28 1962 64 8 1964 14 7 1968 10 23 1970 85 17 1973 30 15 1974 59 9 1978 12 16 1980 89 6 1981 75 10 1984 30 16 1984 92 22 1986 53 6 1986 73 16 1987 74 6 1987 91 0 1994 3 26 1997 71 23 1998 6 13 2000 42 28 2003 43 6 2004 62 4 2008 46 11 2010 56 26 2010 68 6 2012 21 28 2013 63 7 2014 45 15 2015 24 4 2015 50 2 2016 35 31 2017 66 4 2018 99 27 2025 66 27 2026 88 17 2028 64 5 2029 82 15 2033 67 2 2036 87 3 2043 77 26 2043 83 27 2049 19 9 2049 69 17 2051 100 28 2052 10 7 2052 29 13 2052 54 27 2061 34 1 2073 17 24 2075 42 31 2078 91 13 2083 5 16 2084 0 29 2086 21 22 2093 89 11 2095 41 22 2097 29 19 2097 43 29 2097 57 1 2097 83 26 2099 43 15 2099 77 27 2099 92 19 2101 38 29 2103 44 29 2104 34 27 2104 53 24 2107 12 12 2113 53 31 2117 16 20 2118 37 6 2121 24 21 2127 63 22 2133 32 31 2136 16 20 2136 82 13 2143 66 30 2145 19 8 2161 53 12 2162 5 21 2162 79 24 2163 70 11 2168 93 12 2171 64 10 2176 35 2 2177 35 3 2179 47 12 2179 60 10 2181 34 13 2181 36 1 2181 55 9 2184 73 10 2186 29 1 2190 97 12 2193 21 24 2196 76 9 2197 34 6 2200 70 4 2201 7 3 2201 46 21 2202 87 25 2205 37 19 2212 76 29 2216 46 12 2219 75 14 2221 13 19 2221 99 26 2224 7 10 2225 88 11 2227 97 13 2228 39 18 2228 54 18 2229 84 24 2238 31 15 2238 42 31 2241 65 31 2245 57 12 2247 91 16 2248 31 1 2249 1 28 2250 32 19 2258 12 20 2259 14 24 2261 81 10 2271 96 19 2275 63 4 2276 96 27 2279 85 10 2283 18 29 2283 35 9 2287 5 12 2291 89 28 2297 64 29 2298 11 29 2298 64 9 2302 34 23 2311 26 21 2314 60 26 2321 99 2 2324 4 11 2331 73 10 2334 97 22 2341 29 27 2343 87 12 2361 23 31 2363 25 3 2364 89 27 2369 55 2 2378 94 3 2384 57 15 2388 94 9 2397 7 11 2398 99 7 2399 75 1 2404 99 29 2408 30 6 2416 38 30 2420 69 28 2424 98 31 2425 91 19 2425 100 23 2431 77 15 2432 15 17 2434 70 21 2440 9 12 2440 77 18 2444 95 21 2447 67 28 2448 92 2 2453 85 27 2455 20 28 2457 1 24 2457 29 10 2464 38 1 2464 96 19 2470 38 12 2473 99 29 2474 33 7 2474 74 23 2487 28 2 2488 44 6 2488 49 23 2489 20 16 2489 25 7 2489 76 28 2493 18 10 2496 15 19 2497 91 15 2500 7 3 2507 61 7 2511 98 15 2517 84 30 2519 80 14 2525 12 3 2525 51 12 2526 55 24 2535 44 29 2536 19 28 2538 26 6 2538 52 9 2542 12 14 2548 35 24 2549 24 17 2551 74 28 2552 26 16 2557 7 12 2559 41 27 2571 63 29 2571 72 15 2576 11 17 2578 49 27 2587 83 2 2588 74 14 2589 84 3 2594 62 30 2596 61 4 2597 20 12 2599 43 20 2604 87 18 2607 22 17 2613 85 7 2614 22 25 2614 68 18 2618 33 12 2621 18 8 2623 59 4 2626 93 13 2630 56 1 2637 51 27 2637 84 29 2637 88 4 2639 81 14 2641 15 9 2645 86 9 2646 35 18 2652 83 7 2654 63 19 2656 19 2 2656 70 4 2657 8 1 2659 86 19 2661 72 21 2663 93 4 2674 37 20 2680 44 23 2681 4 21 2683 87 21 2683 93 15 2689 13 12 2689 87 21 2703 12 22 2706 99 23 2710 72 9 2712 2 17 2724 5 25 2725 17 16 2728 17 4 2729 13 11 2731 82 29 2737 81 9 2738 15 17 2741 70 0 2744 77 27 2746 2 3 2746 23 7 2747 38 10 2752 68 16 2753 75 28 2756 13 8 2757 44 19 2761 57 23 2764 53 25 2764 63 2 2767 34 25 2768 51 23 2772 83 21 2774 33 17
907 625 0.0001 72 94 17 79 15 25 80 30 14 84 54 29 87 1 20 89 48 9 90 37 26 102 94 18 104 18 11 110 7 21 111 52 0 111 60 2 114 77 23 115 43 31 116 60 5 116 82 12 118 2 17 119 95 3 120 80 16 120 89 7 121 97 13 124 63 31 126 56 0 128 0 30 128 27 14 129 50 4 132 82 15 133 45 2 137 94 24 139 78 2 140 69 1 141 16 9 152 23 26 152 29 6 152 44 14 155 71 13 156 28 21 159 18 7 166 58 19 176 75 5 180 27 15 181 31 9 184 11 2 186 69 27 187 1 0 187 73 12 197 96 20 204 96 28 207 60 31 208 36 25 209 74 14 210 15 2 211 65 31 215 9 21 215 34 6 216 34 29 216 63 26 230 100 2 232 68 22 236 48 18 242 3 0 243 88 21 250 24 30 253 70 29 260 81 19 262 27 10 265 11 8 266 10 24 271 30 29 271 59 21 274 29 28 278 27 26 281 35 11 283 69 12 290 38 24 290 57 31 294 11 25 295 28 4 302 6 4 304 3 11 305 91 6 306 14 31 308 10 19 316 8 18 319 24 7 323 90 19 325 25 29 326 53 18 332 51 0 335 61 4 335 95 13 342 1 7 344 73 6 344 87 18 345 41 9 350 78 10 355 26 2 356 61 0 357 67 14 358 33 13 365 68 16 366 98 4 370 17 21 372 81 17 376 70 17 377 30 11 380 15 13 389 62 10 398 99 19 408 56 26 413 18 11 414 65 25 414 66 31 421 35 23 427 70 28 434 1 13 444 63 7 452 69 17 455 6 2 455 28 14 460 69 26 460 91 12 462 59 14 462 72 14 463 80 20 467 15 30 470 22 10 470 39 4 481 90 25 483 87 30 485 61 23 491 16 9 494 18 15 499 4 13 501 26 23 501 33 16 505 12 26 508 7 23 511 66 5 513 5 18 513 57 8 514 72 13 515 41 27 516 43 18 526 100 22 530 46 25 530 72 30 531 91 17 535 67 3 539 0 0 539 32 5 543 82 18 547 83 24 552 34 22 552 59 1 554 70 28 555 12 10 556 51 2 557 18 19 561 93 9 565 60 21 570 74 31 578 94 2 581 25 31 582 50 8 585 26 29 587 11 18 592 9 12 599 11 11 600 46 18 601 18 0 605 38 2 605 53 12 610 25 8 614 26 11 615 41 7 621 5 29 623 44 12 631 1 12 634 70 2 637 89 26 645 11 13 645 37 8 658 42 4 674 9 16 675 74 15 680 66 12 684 47 15 688 5 6 688 37 15 692 16 21 695 99 8 696 47 26 697 25 0 697 60 28 698 95 3 703 70 31 704 39 26 705 91 21 709 0 10 710 92 4 713 3 2 715 1 6 717 17 7 723 14 22 725 41 26 731 79 24 731 87 31 732 35 26 741 89 16 742 54 24 743 77 15 744 39 20 744 72 21 746 62 18 758 77 1 760 58 12 760 100 20 773 30 11 773 58 5 775 30 19 780 37 26 781 83 20 784 9 30 784 18 31 787 59 8 800 11 7 811 50 26 813 74 25 818 81 21 820 87 23 827 1 28 829 4 9 832 78 1 833 8 26 834 45 0 836 23 5 838 0 28 842 19 19 847 42 27 847 79 23 849 12 9 850 59 23 850 62 26 852 54 7 853 96 1 855 66 31 855 94 22 865 26 21 874 45 2 879 36 31 879 84 29 880 71 8 882 93 28 883 50 25 885 97 27 888 21 11 898 71 27 906 51 15 906 82 26 907 17 17 913 49 5 917 88 24 921 93 4 926 0 0 928 42 6 936 97 9 937 23 25 939 36 31 941 51 4 950 90 10 951 30 24 964 68 28 966 72 12 967 4 15 967 89 22 976 70 2 982 51 9 983 32 27 994 96 14 995 47 25 995 57 10 998 26 4 1000 86 24 1006 6 12 1018 15 24 1025 41 28 1026 5 5 1028 99 22 1034 64 12 1036 12 26 1039 28 3 1810 77 28 1811 50 16 1813 16 26 1819 18 28 1819 76 13 1831 91 20 1833 39 11 1840 55 3 1840 78 1 1843 80 21 1843 81 7 1845 71 24 1846 55 6 1846 60 7 1847 25 26 1848 91 8 1851 19 31 1853 4 10 1854 64 23 1861 91 25 1863 11 24 1866 49 4 1866 73 6 1867 23 7 1875 47 12 1884 9 9 1886 88 13 1888 76 6 1892 59 2 1892 100 28 1897 25 17 1902 40 28 1905 74 5 1907 32 26 1910 74 3 1912 50 24 1916 54 28 1927 4 6 1929 81 18 1930 55 13 1937 9 10 1938 27 18 1939 97 6 1944 38 4 1945 76 2 1947 99 14 1950 2 22 1954 99 29 1962 75 20 1963 26 26 1964 66 12 1972 29 14 1972 94 25 1973 41 4 1974 25 23 1977 93 23 1978 78 21 1979 21 1 1982 65 0 1983 48 10 1988 73 9 1992 59 18 1992 77 1 1993 56 17 1994 10 21 1998 96 2 1999 11 8 2001 30 26 2007 47 30 2008 79 15 2012 46 18 2012 65 28 2013 83 0 2015 38 14 2018 38 27 2020 39 3 2025 1 28 2028 38 11 2028 97 24 2029 51 31 2031 43 26 2031 90 13 2035 13 8 2037 73 4 2038 39 0 2040 32 6 2041 43 10 2044 88 30 2048 33 4 2054 83 31 2059 94 2 2064 22 17 2068 61 6 2068 73 18 2069 52 31 2072 9 16 2073 66 6 2076 49 6 2077 0 8 2080 26 25 2081 100 15 2083 37 7 2087 93 4 2091 91 8 2103 91 5 2104 52 25 2106 24 13 2108 92 0 2111 52 7 2114 26 29 2123 30 15 2124 97 5 2125 40 21 2130 41 3 2130 57 22 2137 80 13 2142 36 5 2142 53 13 2146 29 23 2146 68 21 2151 33 28 2151 68 28 2159 45 2 2160 8 20 2161 100 5 2163 47 21 2165 44 9 2174 46 3 2174 56 4 2179 61 4 2186 56 10 2186 79 20 2199 58 23 2201 26 7 2201 37 26 2205 30 7 2206 18 14 2209 74 28 2210 5 24 2211 35 1 2216 62 21 2219 46 23 2231 53 22 2232 69 12 2237 31 6 2240 84 27 2241 0 0 2245 39 20 2248 10 31 2252 75 9 2255 88 4 2256 0 23 2258 7 18 2258 67 4 2260 23 9 2262 95 28 2264 8 25 2265 85 11 2273 17 10 2275 12 2 2278 89 17 2280 57 10 2282 74 15 2284 94 11 2289 24 12 2289 60 6 2294 99 12 2298 47 30 2301 84 1 2302 4 14 2311 43 2 2315 35 14 2317 59 30 2317 75 8 2319 70 18 2327 23 10 2327 87 4 2333 2 6 2336 43 12 2336 54 21 2340 56 29 2340 84 28 2342 45 8 2343 35 19 2345 91 7 2348 78 16 2350 89 15 2354 97 16 2355 8 9 2356 49 21 2359 18 20 2359 43 24 2359 77 17 2364 3 6 2365 69 5 2365 76 9 2367 1 29 2375 72 26 2388 8 31 2392 38 5 2392 96 30 2395 92 29 2399 33 5 2401 48 6 2402 32 24 2405 21 9 2406 54 7 2411 63 5 2412 81 5 2414 97 29 2421 78 14 2423 40 7 2423 44 11 2424 67 23 2428 4 15 2430 28 26 2434 61 9 2440 23 12 2441 79 25 2442 57 6 2445 19 5 2451 60 16 2452 4 4 2453 78 2 2457 74 16 2459 96 11 2466 3 12 2467 97 2 2470 63 15 2475 32 4 2475 46 3 2481 76 18 2486 42 6 2488 64 7 2490 76 5 2495 92 20 2496 70 13 2498 4 11 2501 98 8 2504 66 30 2504 68 30 2507 44 20 2510 33 5 2515 17 31 2515 97 11 2518 91 5 2522 20 15 2525 80 27 2528 54 12 2530 1 2 2531 9 16 2535 8 9 2536 5 22 2538 59 23 2539 100 11 2541 19 2 2551 0 1 2551 85 30 2552 74 13 2554 71 7 2560 41 22 2560 71 20 2562 74 17 2568 90 22 2572 59 25 2573 33 7 2574 12 19 2576 65 8 2579 75 8 2580 36 24 2581 80 3 2583 56 18 2593 43 17 2593 74 19 2595 8 11 2596 15 10 2596 27 20 2600 20 20 2604 3 0 2605 52 28 2608 62 4 2613 25 28 2614 12 13 2617 55 22 2620 87 5 2628 14 17 2636 71 19 2641 46 1 2646 78 20 2648 26 26 2650 2 5 2659 6 7 2660 85 4 2663 73 16 2664 62 11 2665 76 15 2668 47 11 2674 78 18 2680 35 16 2686 24 25 2690 72 11 2697 69 20 2698 90 8 2700 21 12 2701 28 22 2703 55 9 2704 7 24 2704 75 17 2706 100 7 2709 84 5 2712 69 14 2715 95 21 2719 76 13 2721 6 21 2723 36 24 2725 45 15 2728 45 24 2731 16 26 2733 64 23 2743 61 14 2746 33 30 2750 10 26 2751 46 26 2752 85 5 2754 51 12 2756 80 23 2760 39 20 2761 66 17 2765 2 17 2765 60 17 2771 22 29 2773 32 22 2775 26 20
908 625 0.0001 73 84 6 75 38 12 80 71 1 81 36 7 86 0 12 91 30 29 102 48 7 113 99 15 115 18 7 115 33 16 115 35 5 117 98 0 121 78 10 128 84 22 129 20 10 130 6 7 130 52 12 134 19 11 134 97 26 136 2 14 139 30 3 141 99 13 143 20 22 148 69 13 149 94 18 150 36 3 155 95 23 156 3 31 156 77 23 157 67 16 158 52 6 158 55 13 169 22 28 171 26 6 173 83 16 174 43 16 176 52 29 177 38 15 177 44 11 178 57 27 178 83 8 180 66 28 180 78 1 184 75 7 185 70 23 188 7 23 188 83 29 189 16 11 189 19 9 195 83 12 198 87 16 200 0 31 200 10 23 201 33 27 201 92 29 202 38 24 205 91 15 208 5 6 208 45 29 213 97 9 220 38 8 223 10 14 225 37 30 227 59 0 227 95 30 228 95 29 229 22 1 232 24 8 250 28 17 253 99 3 257 100 14 259 59 8 262 78 14 266 37 1 274 100 18 282 19 25 282 36 9 285 37 15 286 39 24 286 61 29 289 21 21 299 38 2 306 85 30 306 95 5 307 97 17 317 6 27 318 22 25 318 44 4 318 96 28 319 54 1 320 60 2 321 95 28 322 5 9 327 88 26 329 26 21 331 23 20 334 95 9 345 15 29 345 31 19 346 35 4 346 39 5 348 64 27 352 3 23 353 27 6 354 70 23 356 0 12 359 37 6 363 31 1 363 89 7 366 11 21 370 35 14 370 87 11 380 82 6 381 16 7 382 23 26 382 99 27 384 19 8 386 65 7 390 26 13 397 41 29 399 70 19 401 13 9 401 73 1 403 47 4 409 86 18 410 19 18 410 73 22 413 52 29 418 68 11 418 97 9 420 86 16 421 82 8 424 3 29 435 4 21 436 29 28 439 6 3 439 87 20 442 99 9 443 6 26 446 56 22 448 31 10 455 36 30 456 62 27 457 79 29 467 71 7 473 7 25 475 51 27 479 19 22 483 22 22 484 72 16 484 83 25 485 2 20 485 92 16 487 85 29 487 91 3 493 75 29 504 85 15 507 0 9 509 61 5 509 71 17 511 50 5 516 15 8 516 23 2 518 73 8 519 9 20 519 26 4 521 35 1 524 15 22 532 6 4 533 68 1 535 7 28 537 0 17 537 42 2 538 21 27 538 72 31 539 18 3 542 41 16 542 87 24 555 80 9 557 33 13 559 9 7 570 73 27 574 26 11 574 64 29 578 87 12 582 15 18 585 40 31 585 69 28 586 96 26 601 13 10 601 47 3 602 30 0 608 50 11 613 99 20 625 36 19 635 56 22 644 24 15 646 30 1 649 61 0 649 77 20 650 72 10 654 4 28 656 2 21 659 69 25 661 65 20 666 1 14 666 38 3 668 29 5 670 38 12 684 30 20 688 29 23 688 37 11 690 74 14 695 12 27 696 14 4 699 15 27 703 39 14 713 40 4 713 99 3 715 65 22 725 21 5 725 77 28 733 9 10 733 14 26 736 26 20 737 34 6 738 12 27 739 62 8 743 4 7 746 52 31 747 65 7 752 81 12 754 37 28 764 20 26 768 84 12 771 69 17 773 8 9 774 28 20 779 75 10 787 67 18 789 98 21 792 96 28 794 24 5 798 97 13 800 4 15 803 44 6 803 57 5 808 95 19 816 1 6 817 32 2 821 59 18 821 84 24 823 29 3 825 53 1 833 14 27 833 74 2 837 52 28 838 84 25 839 39 2 844 32 10 844 87 14 845 30 15 846 21 20 854 74 16 857 9 28 862 17 12 872 59 2 876 20 19 877 39 5 881 15 21 884 99 8 895 33 25 901 58 26 911 3 31 920 30 6 921 25 9 932 62 30 937 0 22 941 0 22 941 81 0 942 4 10 942 22 3 942 67 9 947 46 22 960 93 6 966 69 8 967 0 27 969 41 11 970 2 2 977 13 4 979 49 17 980 25 17 981 4 2 984 27 24 986 98 21 992 100 24 999 33 2 1001 47 17 1002 0 24 1004 76 6 1008 54 26 1019 98 23 1021 54 9 1022 30 9 1023 21 9 1027 70 18 1028 51 9 1029 88 16 1030 50 23 1031 1 13 1031 48 11 1032 0 24 1036 92 8 1038 49 23 1039 24 4 1816 5 14 1817 29 31 1823 7 5 1824 60 27 1828 42 31 1829 1 26 1832 11 7 1832 24 18 1837 76 12 1839 23 9 1844 42 19 1848 15 26 1851 61 15 1851 83 10 1859 14 27 1862 31 8 1863 14 25 1868 95 3 1869 29 25 1869 53 25 1886 71 13 1887 94 7 1893 16 16 1893 61 7 1896 9 1 1897 56 18 1897 84 29 1901 39 3 1904 91 13 1908 3 0 1909 38 0 1909 94 20 1915 30 1 1920 34 24 1920 93 8 1920 94 24 1931 32 10 1932 65 31 1939 7 3 1944 91 16 1945 7 18 1948 32 27 1953 10 25 1953 98 28 1960 18 27 1962 44 22 1974 16 15 1974 85 17 1976 70 3 1977 43 25 1977 99 11 1984 72 3 1987 38 27 2000 93 12 2001 15 29 2009 5 8 2010 38 30 2015 50 7 2018 86 23 2028 29 27 2028 67 16 2029 29 27 2029 78 26 2031 50 2 2034 22 6 2043 89 15 2044 25 3 2044 54 2 2046 35 29 2048 58 0 2052 46 27 2052 95 20 2054 87 21 2058 7 15 2059 16 5 2062 57 22 2076 14 7 2077 28 15 2078 13 5 2079 84 12 2089 79 10 2099 92 10 2102 5 24 2102 34 1 2103 36 20 2112 22 5 2114 47 31 2117 50 15 2118 13 15 2119 64 3 2119 69 31 2120 48 21 2121 23 26 2121 61 16 2122 2 3 2122 73 3 2126 81 23 2131 91 24 2133 64 29 2143 70 20 2147 75 30 2148 0 2 2149 4 9 2150 99 7 2154 73 21 2156 57 27 2158 1 10 2160 33 15 2171 83 20 2175 10 24 2175 33 18 2179 5 16 2181 1 8 2185 29 31 2185 36 3 2187 28 1 2187 42 13 2194 40 26 2197 31 14 2200 10 21 2201 94 25 2202 13 5 2204 64 0 2206 13 0 2208 6 30 2214 34 31 2216 90 20 2219 100 0 2225 45 21 2225 96 12 2227 63 19 2230 10 18 2236 13 27 2238 14 31 2239 69 2 2242 65 0 2242 96 31 2243 91 21 2243 95 2 2244 91 5 2245 6 14 2246 32 27 2246 37 12 2248 31 15 2250 28 0 2259 90 3 2260 74 0 2261 48 2 2267 42 26 2268 55 0 2268 70 13 2274 1 20 2275 57 25 2275 68 11 2275 94 8 2276 16 7 2278 92 7 2279 59 12 2282 26 9 2282 36 27 2284 88 4 2286 0 9 2286 13 7 2288 82 31 2291 78 18 2297 11 29 2297 27 0 2302 48 27 2305 2 4 2312 56 12 2312 57 29 2314 27 31 2316 57 11 2321 17 27 2322 45 21 2327 70 6 2327 75 12 2334 80 21 2335 90 2 2336 0 18 2336 16 28 2336 86 20 2337 28 2 2340 28 20 2340 44 20 2340 88 15 2349 100 19 2353 47 21 2357 0 20 2362 86 24 2364 72 17 2368 61 24 2369 1 5 2371 39 20 2373 49 10 2377 8 25 2382 38 14 2392 24 28 2399 52 17 2406 87 2 2407 86 19 2409 3 19 2419 7 8 2426 17 10 2427 18 19 2429 37 12 2430 58 16 2431 34 22 2431 76 7 2441 99 31 2444 8 28 2450 87 5 2452 48 29 2456 91 11 2459 67 16 2465 91 14 2468 23 19 2471 94 0 2472 77 23 2479 28 23 2480 96 7 2483 61 24 2484 28 19 2488 87 20 2491 61 13 2492 18 26 2494 6 7 2495 96 23 2502 66 10 2506 78 14 2507 23 19 2510 24 0 2514 74 27 2519 28 23 2520 68 27 2521 78 6 2523 21 3 2524 74 8 2530 38 10 2530 95 21 2533 66 7 2534 42 24 2548 100 3 2550 18 17 2553 97 25 2560 25 8 2561 42 0 2561 87 30 2561 99 19 2572 73 4 2575 15 25 2579 32 17 2582 29 0 2588 45 10 2589 29 10 2591 50 9 2599 89 16 2600 23 18 2604 31 26 2606 29 2 2607 10 21 2611 57 19 2612 26 27 2612 99 9 2614 72 2 2616 8 22 2616 70 24 2619 44 11 2620 49 28 2620 61 8 2631 73 30 2632 41 2 2636 70 24 2638 93 25 2645 26 21 2646 74 4 2650 72 7 2653 42 3 2654 9 27 2662 2 12 2668 22 15 2671 64 31 2671 67 3 2672 16 3 2680 92 31 2681 78 9 2682 74 21 2692 98 24 2698 52 25 2701 17 12 2706 80 23 2719 72 21 2724 62 31 2725 7 29 2725 65 8 2725 66 6 2727 9 4 2740 37 27 2743 27 0 2743 91 5 2747 1 7 2748 56 5 2748 84 29 2752 88 17 2756 95 12 2762 90 22 2767 19 21 2772 48 19 2772 57 4 2775 65 3
909 625 0.0001 74 94 5 75 80 19 94 36 24 97 24 4 107 90 4 108 86 1 109 63 20 112 66 0 113 13 19 117 49 1 118 8 1 120 74 27 121 76 13 121 93 10 125 92 16 128 81 22 133 72 7 136 96 7 142 29 30 143 65 6 144 9 4 147 75 24 151 11 31 156 14 12 156 94 30 162 4 21 163 13 4 165 27 29 169 15 26 170 79 26 172 80 31 178 50 30 179 39 7 183 71 3 186 11 10 186 70 1 190 22 0 191 48 3 200 55 1 201 63 10 205 40 27 207 88 25 212 91 24 214 41 27 221 13 19 224 1 8 224 86 23 231 9 31 234 7 19 234 35 27 242 87 12 247 32 27 250 66 30 253 38 8 253 61 24 254 48 22 257 70 11 264 21 14 267 72 22 267 78 6 271 31 25 273 94 11 274 24 26 274 91 3 279 60 2 283 28 4 284 10 26 289 5 24 297 63 8 298 13 5 300 53 29 302 21 15 302 53 27 305 41 28 308 65 9 322 83 19 324 85 17 332 47 23 335 6 1 340 66 27 341 89 31 346 64 26 351 14 19 355 8 30 357 93 29 359 57 25 362 51 16 367 20 26 368 88 29 372 48 20 384 53 30 388 7 1 395 34 28 399 52 12 399 71 29 403 76 30 408 87 22 412 33 26 412 79 27 412 87 18 413 45 3 413 90 23 414 49 25 434 43 15 437 78 30 439 20 23 442 81 24 444 9 19 451 43 22 452 48 7 454 17 21 456 37 16 457 79 26 466 91 9 472 74 27 472 97 5 474 53 11 476 72 7 477 4 24 477 30 13 481 4 10 485 79 19 493 60 15 496 48 12 497 12 12 502 18 25 502 61 5 506 44 14 506 58 25 506 68 12 507 24 5 510 19 30 510 35 15 511 14 30 513 60 28 521 14 5 523 61 9 524 26 3 527 15 4 527 39 8 528 32 17 530 64 28 530 65 19 531 71 4 532 77 16 535 10 4 535 56 6 536 33 14 541 39 23 546 14 8 553 80 17 558 66 24 562 84 26 565 7 30 571 4 21 572 61 24 574 0 0 577 72 1 579 43 26 581 38 22 583 28 6 585 73 30 586 93 31 588 67 15 591 87 20 595 63 22 596 69 15 604 73 26 613 15 25 613 75 24 619 3 10 619 39 25 620 0 27 620 89 16 621 38 9 625 85 16 627 81 3 632 29 15 636 33 13 639 80 7 640 69 8 644 73 9 647 69 12 650 2 7 654 38 8 656 72 14 657 38 16 658 6 22 658 90 16 663 46 19 668 38 10 671 79 12 674 95 0 685 13 22 695 98 15 698 88 23 699 100 23 701 78 21 702 82 24 715 31 10 716 39 24 719 52 9 723 2 22 723 83 21 726 70 17 733 22 20 733 32 24 734 35 24 737 35 14 739 21 26 740 53 8 741 22 7 742 86 6 743 39 23 744 81 30 748 17 24 749 19 3 752 30 29 755 53 0 755 63 13 755 82 29 756 78 7 757 20 21 761 5 6 763 91 6 768 96 19 769 57 9 769 64 24 774 45 30 777 52 7 777 86 19 778 75 19 778 88 9 794 31 23 796 65 13 800 32 7 801 2 26 801 54 3 802 9 29 804 81 24 809 4 29 813 19 13 816 33 23 819 27 19 825 7 6 830 22 20 836 42 16 842 62 16 845 57 1 850 24 31 850 47 18 853 73 19 855 0 12 857 13 29 857 25 12 860 84 6 861 93 17 863 99 12 864 44 27 865 54 15 869 27 6 875 21 7 877 3 3 884 94 24 887 4 13 898 69 19 899 51 5 901 89 30 911 8 23 911 42 20 912 34 19 917 33 1 917 60 11 927 15 3 928 75 0 933 68 2 941 67 10 944 60 0 947 27 22 953 85 19 954 35 31 954 62 22 954 92 15 956 57 27 958 90 3 970 89 23 974 32 15 978 83 26 982 11 23 985 68 13 985 73 31 988 38 30 988 83 27 994 30 22 998 15 18 999 87 8 1002 98 26 1008 85 7 1010 19 14 1011 84 20 1013 68 24 1014 39 7 1014 59 4 1015 42 0 1016 16 21 1018 7 31 1019 59 26 1026 31 10 1026 55 17 1026 57 5 1030 51 26 1030 94 26 1032 95 19 1033 67 21 1039 13 13 1813 26 18 1813 42 0 1814 58 11 1816 62 20 1818 22 8 1821 53 1 1824 28 10 1828 58 10 1829 91 9 1830 29 16 1833 43 29 1834 10 25 1838 76 14 1841 36 19 1841 92 27 1844 53 19 1848 54 29 1857 79 19 1858 24 9 1860 86 7 1867 78 3 1869 20 10 1871 35 7 1875 59 16 1876 96 6 1879 57 13 1879 86 25 1881 28 25 1881 38 27 1881 52 8 1884 96 29 1885 56 18 1888 34 30 1891 61 27 1893 61 31 1894 90 10 1895 32 16 1895 56 0 1897 82 15 1897 90 10 1898 25 30 1899 33 9 1901 65 26 1911 64 5 1912 37 17 1913 71 17 1914 29 6 1928 77 21 1929 61 3 1934 96 26 1935 42 5 1937 54 27 1937 75 19 1941 93 12 1945 53 15 1950 72 7 1952 73 14 1956 18 9 1963 58 13 1973 53 18 1976 93 30 1982 2 18 1982 91 25 1985 26 7 1986 8 0 1986 60 19 1989 85 24 2011 86 20 2014 86 2 2023 56 29 2028 81 1 2032 89 17 2034 45 31 2036 23 10 2037 14 26 2038 22 3 2040 28 23 2041 78 4 2042 76 14 2043 62 24 2047 32 0 2052 73 11 2055 87 23 2060 60 0 2065 47 10 2065 63 14 2066 75 23 2068 51 6 2085 44 20 2088 2 1 2095 25 5 2096 28 13 2104 29 6 2104 53 9 2104 63 24 2106 61 6 2109 100 31 2117 96 30 2118 50 23 2121 67 31 2123 42 17 2123 58 1 2125 38 4 2127 99 18 2129 75 22 2134 70 31 2138 78 30 2141 11 8 2146 57 13 2148 6 0 2149 22 5 2150 53 24 2151 24 30 2151 46 28 2152 35 21 2155 85 7 2156 21 6 2158 68 20 2158 82 22 2164 19 0 2164 33 5 2167 61 13 2169 2 9 2171 90 25 2175 26 25 2180 9 30 2182 93 11 2202 0 2 2206 50 12 2206 56 8 2207 8 5 2211 47 8 2214 32 12 2214 52 7 2221 24 20 2224 13 24 2229 61 30 2233 89 21 2236 43 19 2238 30 12 2238 66 7 2239 48 5 2246 57 10 2247 46 17 2248 38 7 2249 35 17 2255 50 5 2257 91 30 2260 85 10 2262 72 22 2263 91 8 2265 2 16 2275 85 9 2276 49 9 2276 76 19 2277 7 1 2277 60 12 2283 24 16 2284 6 9 2286 62 6 2287 24 3 2288 46 30 2289 69 0 2296 21 15 2301 7 27 2303 95 4 2306 17 3 2306 67 11 2309 19 13 2311 63 22 2317 65 27 2319 2 11 2319 45 22 2320 27 14 2328 54 19 2336 93 20 2338 70 7 2341 55 4 2341 86 19 2345 97 22 2352 26 29 2354 23 15 2354 49 25 2356 95 9 2359 93 15 2359 96 2 2377 7 7 2377 58 19 2379 59 19 2380 82 28 2389 74 25 2396 69 6 2406 81 11 2407 21 31 2411 14 22 2411 86 18 2414 90 20 2419 40 19 2419 85 31 2421 5 23 2421 40 10 2421 41 14 2422 0 10 2423 78 29 2436 7 6 2437 36 14 2437 37 8 2439 3 6 2440 8 13 2441 84 29 2442 79 8 2445 30 6 2445 62 8 2447 52 16 2448 10 24 2449 79 17 2455 5 21 2456 17 16 2458 36 3 2469 26 10 2469 30 3 2471 90 16 2472 19 30 2475 72 23 2477 16 17 2479 55 31 2492 55 16 2493 67 7 2499 47 20 2504 19 9 2505 59 2 2511 15 30 2518 30 12 2523 19 26 2538 14 24 2539 48 22 2547 33 9 2548 79 3 2549 72 28 2553 12 0 2562 25 24 2562 31 10 2567 28 5 2568 35 12 2572 26 21 2574 24 14 2576 1 14 2582 39 15 2584 43 12 2586 82 6 2590 7 24 2598 16 16 2599 65 13 2604 63 26 2607 38 15 2609 64 28 2610 96 25 2629 43 0 2629 97 16 2630 91 18 2632 24 5 2641 78 27 2642 29 22 2647 57 4 2648 2 7 2651 96 23 2652 31 29 2658 95 11 2662 94 30 2663 68 17 2665 19 3 2682 23 28 2682 84 7 2683 21 8 2683 48 10 2689 31 14 2689 72 21 2690 38 20 2691 55 15 2696 79 28 2700 66 26 2702 0 3 2702 34 17 2704 5 8 2705 93 17 2707 60 21 2710 49 31 2713 10 19 2714 41 10 2715 77 14 2716 98 7 2717 63 26 2722 18 12 2723 5 27 2723 29 20 2723 31 27 2729 90 26 2736 29 5 2743 46 28 2750 2 19 2756 58 25 2756 91 14 2760 93 17 2762 39 3 2765 87 7 2766 37 17 2766 54 31 2768 14 13 2770 76 15 2772 13 13
910 625 0.0001 77 26 26 83 32 18 84 4 0 84 26 5 88 65 22 93 31 2 94 97 19 97 81 25 98 78 20 100 84 18 102 20 24 103 33 22 106 86 17 107 35 11 115 66 8 119 31 5 125 26 15 126 5 25 129 60 8 133 54 30 135 81 11 135 98 12 136 23 30 146 85 31 147 80 5 148 69 11 150 87 20 150 99 2 151 33 4 152 90 26 154 63 13 158 38 0 159 83 17 168 33 29 173 61 7 180 21 14 185 75 14 188 16 28 189 98 28 190 77 26 195 84 19 197 71 12 199 9 25 199 20 25 204 39 18 204 55 16 207 81 16 208 12 4 211 87 18 211 99 27 213 80 5 218 29 18 222 24 7 227 38 11 227 74 2 231 72 19 235 90 24 236 8 19 238 97 13 240 83 26 240 84 11 242 52 31 253 11 16 253 50 16 263 60 18 264 77 4 265 94 9 266 21 7 268 59 7 269 17 4 270 87 17 273 50 15 276 35 9 277 38 0 281 42 26 284 75 20 290 58 3 297 20 31 304 69 28 307 58 7 311 24 10 311 33 24 315 31 25 316 39 13 317 8 31 318 46 6 319 41 28 321 58 18 323 100 24 324 50 31 342 52 1 344 79 3 347 68 24 351 26 8 354 18 6 362 32 28 364 89 16 374 18 5 375 73 29 380 0 13 381 1 8 392 16 17 393 82 14 394 54 28 395 86 31 398 90 25 405 50 10 407 30 12 420 47 8 429 54 17 432 29 6 432 91 7 439 84 28 442 86 14 446 55 26 451 64 12 451 79 30 453 13 25 453 78 23 455 73 31 457 60 13 457 68 29 459 72 12 462 51 29 466 46 22 470 36 3 478 15 31 478 35 3 481 81 8 482 29 10 483 50 13 488 86 9 491 1 19 492 13 27 500 66 12 504 7 30 506 43 13 506 87 24 507 61 18 510 91 4 511 35 28 512 23 0 515 20 2 523 99 27 526 92 22 528 19 18 528 62 20 533 66 11 537 13 0 539 86 23 541 100 3 550 88 6 556 81 3 558 78 26 563 49 9 565 84 14 567 20 31 568 29 14 571 1 13 573 5 22 573 44 28 581 77 10 589 52 5 591 8 27 592 67 10 594 98 7 601 12 25 606 37 9 612 4 20 613 54 23 615 55 8 623 51 5 625 23 24 626 3 15 627 85 17 630 41 29 630 52 26 638 73 0 639 42 11 642 34 4 646 41 19 647 17 22 647 20 10 647 27 16 647 52 4 653 26 17 653 90 15 660 0 12 662 62 7 666 1 23 666 27 19 669 78 29 671 27 24 672 6 11 672 69 17 672 81 9 673 40 20 674 40 14 681 34 15 681 44 19 686 7 8 688 38 0 690 4 1 692 58 10 695 53 21 699 16 22 706 69 23 707 53 9 709 91 4 712 99 2 713 76 30 713 85 2 718 3 19 729 17 13 730 59 16 732 69 10 735 43 2 737 58 28 740 36 24 750 72 8 760 25 28 762 13 21 762 92 20 765 13 28 767 43 2 768 100 17 772 1 16 772 93 15 774 43 7 777 38 13 780 57 30 783 0 28 783 12 22 783 81 20 794 79 29 798 89 16 800 92 25 807 32 7 808 53 16 809 70 5 816 16 26 819 66 11 820 87 13 826 69 25 827 88 29 828 11 2 829 77 22 842 56 7 843 43 1 852 18 0 853 87 5 853 94 14 854 68 8 855 34 9 862 47 17 865 82 30 866 34 23 867 20 18 869 95 31 871 40 8 875 50 29 876 35 13 878 86 0 888 51 8 891 18 16 895 90 0 898 0 13 905 23 4 905 23 15 905 33 23 907 34 31 907 100 16 910 37 4 910 49 12 917 51 28 918 12 8 919 52 13 926 61 10 930 7 0 935 4 16 937 66 27 941 80 23 943 11 11 944 78 18 946 22 5 952 43 1 953 89 26 957 18 7 958 92 21 959 55 15 973 5 19 973 24 4 980 43 27 980 56 7 980 74 1 984 30 19 984 31 11 990 21 31 992 21 22 999 56 16 1001 48 29 1002 60 4 1004 32 7 1009 76 16 1014 84 16 1019 35 17 1029 18 27 1030 44 18 1030 67 17 1030 80 26 1032 66 22 1032 82 27 1036 72 29 1813 39 27 1815 2 0 1818 91 23 1820 81 28 1821 30 13 1824 74 6 1825 94 2 1825 96 5 1828 37 3 1829 13 22 1835 40 1 1835 76 15 1835 92 24 1840 26 18 1840 99 16 1841 8 8 1844 85 14 1845 4 24 1847 7 29 1849 41 27 1849 87 26 1852 3 31 1854 45 31 1855 35 27 1856 39 23 1856 42 9 1857 42 23 1858 95 5 1860 64 29 1861 92 4 1870 64 22 1870 70 31 1872 62 18 1877 85 5 1883 97 31 1887 25 7 1887 69 8 1893 76 1 1896 86 12 1897 0 4 1899 87 6 1919 19 9 1920 86 3 1926 23 7 1926 74 2 1930 1 28 1933 64 20 1936 24 16 1936 84 2 1943 3 29 1946 67 26 1947 30 16 1953 75 7 1954 36 14 1955 95 19 1957 50 2 1959 47 25 1962 15 24 1965 74 22 1968 41 18 1972 12 4 1979 13 4 1979 50 20 1986 59 5 1989 9 7 1990 61 17 1994 54 20 1995 20 22 1999 76 12 2001 80 22 2006 41 10 2014 20 2 2018 15 11 2023 55 9 2027 89 22 2030 64 24 2035 24 10 2035 63 31 2036 43 4 2038 93 20 2043 11 28 2049 10 0 2050 96 15 2055 38 27 2055 72 16 2056 5 27 2057 17 19 2060 83 14 2066 27 20 2066 45 9 2067 40 17 2069 63 12 2070 16 6 2079 52 7 2080 72 6 2084 39 2 2085 26 15 2085 42 2 2085 97 5 2087 41 19 2091 39 28 2092 29 28 2093 11 1 2100 55 29 2105 24 28 2106 41 23 2109 80 15 2110 60 4 2117 7 12 2119 89 10 2125 1 0 2125 81 8 2128 62 24 2130 100 29 2131 94 13 2131 100 24 2135 93 7 2136 31 23 2136 61 18 2137 84 16 2151 36 21 2154 0 21 2162 47 4 2164 1 11 2165 33 29 2168 94 6 2169 58 24 2170 12 20 2173 42 19 2176 63 31 2176 68 10 2176 79 0 2184 30 4 2187 15 3 2189 71 2 2190 26 13 2193 7 6 2196 25 13 2199 61 11 2203 77 25 2204 3 24 2204 77 20 2208 22 4 2210 25 26 2211 25 2 2215 8 7 2216 13 10 2221 52 16 2234 91 10 2249 23 21 2250 20 26 2254 51 5 2257 41 24 2259 95 24 2261 15 1 2263 95 0 2265 38 25 2265 72 8 2277 52 8 2280 16 28 2280 19 16 2280 45 11 2281 97 24 2284 24 11 2287 56 16 2296 26 16 2297 26 2 2297 54 9 2300 43 10 2310 32 14 2315 19 12 2316 20 24 2321 81 21 2329 22 28 2330 27 24 2331 14 5 2332 87 10 2333 66 17 2335 38 21 2336 24 11 2339 40 13 2340 84 24 2352 64 9 2367 4 6 2368 48 22 2372 43 21 2375 59 31 2381 68 12 2384 32 23 2388 52 23 2388 91 23 2389 41 25 2392 55 21 2392 99 7 2396 90 2 2399 89 0 2399 93 25 2400 89 15 2408 37 20 2411 28 3 2411 76 14 2420 6 8 2421 52 23 2422 17 0 2425 88 15 2427 44 18 2441 19 25 2441 38 21 2446 69 7 2451 98 15 2454 62 16 2454 78 0 2456 0 8 2458 64 19 2466 92 16 2470 86 7 2471 76 17 2471 92 21 2475 98 8 2476 22 10 2478 6 30 2479 98 25 2484 2 28 2485 58 21 2491 88 4 2493 94 22 2498 19 2 2505 99 9 2509 75 23 2510 66 12 2512 94 13 2517 46 11 2532 6 17 2537 56 25 2538 81 30 2539 21 7 2540 62 14 2546 86 10 2548 79 20 2549 49 12 2549 76 12 2549 82 28 2552 18 17 2566 92 3 2576 44 10 2578 41 19 2581 51 13 2591 69 6 2593 57 3 2599 54 24 2599 86 24 2600 28 20 2602 4 9 2602 39 21 2606 73 7 2609 18 29 2611 24 5 2613 91 29 2614 36 29 2615 9 10 2618 59 18 2618 85 31 2628 0 13 2632 72 12 2637 31 16 2638 71 10 2640 15 25 2641 79 15 2643 70 31 2646 32 13 2652 34 12 2660 68 27 2660 80 14 2664 43 0 2668 34 11 2668 78 6 2669 10 19 2671 19 6 2676 83 27 2678 30 13 2681 95 27 2683 53 28 2683 76 29 2695 94 1 2697 29 13 2701 97 14 2706 82 17 2710 59 8 2712 73 5 2714 14 12 2714 68 12 2719 87 31 2720 76 30 2726 24 12 2727 46 18 2727 61 11 2735 35 1 2736 98 29 2737 10 31 2737 76 14 2738 43 28 2738 80 17 2749 18 10 2751 41 30 2755 82 1 2762 69 10 2764 43 1 2765 72 0 2768 47 22 2772 69 14 2773 43 5 2775 46 14
911 625 0.0001 77 23 30 77 24 4 79 77 4 81 2 5 84 6 13 84 28 16 85 53 9 96 61 26 99 47 0 101 2 5 101 17 13 109 38 19 109 100 12 110 54 24 114 22 31 116 37 4 118 9 2 119 91 6 119 92 28 121 65 5 125 9 23 126 1 6 132 0 28 133 71 0 134 100 12 138 5 12 143 84 25 145 3 30 148 44 30 151 80 25 152 73 2 155 91 20 156 28 2 161 29 30 165 32 31 167 52 22 177 68 26 180 20 25 182 67 28 183 92 13 190 75 14 193 16 0 193 54 11 195 52 30 199 26 28 207 90 10 208 21 2 210 6 29 214 40 19 220 91 6 223 95 31 227 13 4 228 20 30 228 80 15 233 7 2 233 38 4 235 78 27 240 52 28 245 69 3 251 6 21 261 14 17 261 96 24 266 39 30 266 88 29 274 17 6 274 91 13 281 98 28 282 6 4 282 61 17 287 66 4 293 80 24 296 30 2 299 28 30 300 45 16 302 79 5 308 6 20 309 55 25 312 32 31 312 89 28 314 65 1 319 27 25 321 74 28 334 70 4 336 92 3 342 56 12 348 14 0 350 83 8 351 1 27 351 36 29 353 16 26 354 44 3 354 80 28 355 100 21 356 13 24 358 40 29 363 18 10 363 38 9 379 80 19 383 38 11 384 40 29 388 69 9 389 35 31 392 82 14 397 44 0 398 2 9 399 70 27 400 45 28 403 30 18 404 32 4 407 12 8 410 1 3 416 35 31 419 58 11 424 55 22 424 92 23 425 94 27 429 78 17 430 48 7 430 49 26 432 84 17 438 28 6 438 78 18 441 93 2 443 26 2 444 94 29 445 16 20 454 74 19 457 78 6 462 8 3 462 70 31 464 80 7 468 78 2 472 90 31 478 92 13 479 35 8 489 32 21 489 48 28 496 42 15 500 81 3 501 10 8 504 46 20 506 16 11 508 25 10 509 90 6 512 54 5 517 90 14 518 0 26 518 80 21 528 66 21 528 80 22 529 65 21 533 81 12 535 9 5 535 40 27 536 47 28 538 27 28 539 69 27 541 52 3 543 27 6 550 4 26 552 7 6 552 32 12 560 95 0 563 3 5 566 48 16 567 55 13 572 71 21 573 1 1 581 71 9 584 28 26 590 51 16 592 30 26 594 0 20 594 97 26 598 40 13 604 13 8 607 96 2 610 26 21 612 53 26 612 80 10 615 11 6 615 87 24 618 12 17 621 57 13 629 38 20 632 60 22 636 97 14 639 7 30 640 28 6 650 22 8 650 43 23 654 57 11 660 54 19 662 50 15 666 64 22 678 28 20 678 39 13 681 99 28 686 24 14 688 81 23 701 55 16 701 62 14 702 28 27 703 60 4 706 87 13 709 39 14 712 48 2 712 69 7 713 76 30 715 32 1 716 78 15 717 55 23 720 60 20 722 40 0 724 9 23 725 85 1 728 23 21 731 26 25 734 46 16 737 79 19 738 16 6 738 16 28 740 39 17 740 90 13 746 88 8 754 33 13 759 92 8 768 39 22 771 66 0 772 90 21 775 9 1 778 83 18 784 87 2 785 30 24 786 10 2 786 74 11 787 70 8 788 9 7 792 1 27 792 99 5 794 55 11 794 69 12 795 4 26 795 11 17 797 57 13 800 86 8 805 39 28 806 64 14 813 65 2 817 93 1 818 25 16 818 71 0 821 92 17 822 72 15 822 78 30 823 99 11 826 33 14 830 19 29 831 5 26 844 78 27 850 19 22 851 33 22 853 12 22 855 37 7 856 61 30 861 52 1 868 56 12 869 51 31 870 7 17 887 92 28 889 24 13 891 95 23 894 89 26 895 13 22 896 45 14 901 94 16 904 66 8 908 68 12 912 2 0 914 18 10 920 45 12 921 27 28 929 2 21 932 10 26 932 59 28 933 76 27 940 56 26 942 89 8 945 6 7 946 46 17 947 80 24 950 70 21 960 72 16 964 8 18 968 1 24 971 33 2 971 76 12 974 89 31 977 9 4 977 26 7 979 80 29 985 33 5 985 33 14 985 49 12 988 49 24 998 74 19 999 7 12 1000 66 4 1002 54 6 1002 85 23 1003 70 7 1006 99 16 1007 14 5 1007 98 17 1014 48 18 1031 93 27 1035 98 7 1036 4 25 1813 10 25 1814 15 6 1816 31 30 1816 54 6 1817 50 29 1819 87 5 1822 91 20 1823 9 23 1825 95 14 1826 99 12 1828 24 6 1835 69 25 1838 39 19 1840 61 7 1842 46 21 1844 5 7 1851 59 10 1858 51 1 1861 45 16 1873 74 10 1879 84 31 1885 23 1 1891 26 24 1891 66 27 1895 35 3 1896 50 13 1896 54 27 1897 72 16 1898 15 5 1898 24 25 1900 40 28 1902 66 26 1903 25 19 1905 18 24 1909 22 20 1918 25 11 1919 57 31 1922 88 12 1923 8 0 1932 92 23 1933 33 0 1939 18 18 1940 90 17 1945 60 13 1947 69 4 1951 43 2 1952 28 22 1956 74 14 1958 0 24 1958 30 4 1967 26 19 1968 54 7 1969 15 24 1976 55 14 1976 80 2 1985 34 26 1992 32 14 1994 71 25 1995 87 8 1998 47 23 2000 47 29 2001 71 29 2002 38 3 2005 74 25 2012 15 10 2012 69 9 2013 65 22 2018 99 2 2020 6 12 2021 32 31 2024 73 2 2026 93 31 2032 32 23 2033 26 7 2036 86 27 2037 25 29 2038 87 5 2043 90 30 2045 74 13 2048 29 1 2049 88 7 2053 36 1 2055 55 4 2059 33 0 2061 100 5 2066 78 16 2066 82 0 2068 48 29 2073 87 13 2074 70 3 2077 2 16 2078 36 3 2082 18 21 2089 81 13 2090 70 23 2092 29 20 2092 34 1 2099 53 31 2104 73 19 2104 79 1 2105 8 31 2107 57 13 2111 66 8 2121 70 11 2124 98 18 2134 62 3 2140 13 16 2146 33 10 2152 64 2 2153 16 13 2154 42 22 2156 18 31 2158 46 0 2160 98 4 2168 19 23 2172 84 18 2178 27 10 2182 72 7 2190 37 5 2190 51 8 2195 26 3 2195 56 20 2199 96 24 2205 2 0 2209 30 31 2209 92 29 2210 10 10 2212 9 14 2215 91 29 2217 40 29 2219 57 17 2223 38 28 2223 69 18 2226 16 20 2227 100 28 2235 100 3 2240 58 26 2247 9 13 2247 92 21 2248 59 0 2248 70 18 2251 50 7 2257 37 29 2257 84 1 2259 31 28 2259 60 9 2261 24 10 2269 64 11 2272 55 31 2275 80 24 2281 44 25 2281 72 17 2281 98 18 2283 23 4 2284 40 25 2286 21 15 2288 38 29 2289 46 18 2291 35 2 2291 36 29 2292 94 20 2298 89 12 2305 19 20 2307 31 16 2310 40 8 2311 70 10 2314 77 25 2318 26 15 2324 13 3 2326 20 27 2334 19 16 2351 59 2 2352 23 15 2358 76 6 2358 92 2 2366 65 14 2371 76 25 2372 41 30 2373 12 16 2373 89 3 2373 93 24 2375 62 17 2376 13 7 2377 79 14 2384 62 30 2387 100 10 2391 41 17 2392 52 27 2394 53 12 2402 40 27 2404 91 17 2405 83 21 2406 50 22 2407 84 25 2410 68 1 2411 84 10 2413 39 11 2413 53 9 2416 63 29 2419 82 14 2426 57 23 2428 50 30 2434 83 1 2438 43 1 2438 53 20 2443 44 23 2444 16 5 2445 2 4 2445 39 0 2446 59 9 2457 22 24 2461 15 22 2462 43 30 2463 9 23 2482 68 5 2484 97 2 2486 57 7 2489 62 31 2492 13 26 2495 11 11 2503 49 17 2503 64 30 2504 28 26 2507 70 5 2519 15 8 2524 23 0 2525 24 4 2526 54 16 2528 12 22 2529 45 9 2532 60 14 2535 83 23 2538 69 2 2541 12 11 2541 27 27 2541 83 19 2542 74 5 2548 96 31 2551 38 13 2559 3 17 2559 83 23 2561 39 24 2565 41 4 2572 95 6 2576 84 24 2578 72 21 2581 12 23 2584 64 25 2585 93 13 2587 66 21 2588 38 22 2593 43 12 2595 33 18 2596 1 16 2597 45 31 2598 88 24 2601 98 16 2608 66 17 2613 37 1 2613 70 17 2616 49 29 2617 77 20 2624 79 19 2628 82 19 2630 24 15 2630 29 14 2634 52 8 2636 65 3 2637 17 16 2643 17 3 2649 44 21 2656 14 9 2656 47 25 2657 84 9 2665 77 22 2677 14 5 2685 59 0 2691 11 10 2692 55 20 2694 24 27 2701 50 22 2710 70 10 2710 85 31 2711 56 14 2713 75 12 2714 92 19 2721 60 1 2722 54 29 2724 81 2 2731 62 17 2732 86 1 2734 33 10 2739 4 25 2741 4 29 2741 41 24 2745 77 7 2746 52 1 2749 53 26 2751 80 2 2752 29 10 2757 66 3 2758 8 21 2758 68 17 2765 63 28 2765 78 24 2771 0 30 2772 39 14
912 625 0.0001 74 24 14 75 46 30 75 63 27 77 59 5 86 5 6 88 25 19 93 100 17 96 50 5 97 11 1 97 28 0 98 61 12 101 42 21 102 24 31 102 37 8 103 13 4 103 37 17 103 95 14 103 98 29 105 90 31 106 21 10 107 40 25 109 48 19 114 72 27 115 9 6 128 11 4 131 68 30 135 80 12 139 97 4 140 2 5 142 72 22 142 85 1 144 3 0 147 39 21 152 88 29 156 83 29 157 1 18 162 84 6 162 96 22 163 39 21 173 26 30 173 37 23 176 15 8 178 63 1 182 70 17 182 72 23 188 85 0 189 88 15 192 15 16 205 88 11 210 54 28 216 3 16 224 3 17 224 73 5 226 42 0 230 34 15 233 92 2 238 26 13 239 49 3 242 31 30 244 49 24 245 0 31 245 74 8 253 13 23 269 83 17 270 57 15 271 83 27 274 63 5 276 55 0 277 6 8 281 33 15 283 5 28 283 10 17 284 19 15 290 74 11 292 44 1 294 3 27 294 4 11 298 44 12 300 15 11 303 10 4 306 52 28 307 26 8 309 20 24 310 19 30 313 84 14 314 57 7 315 18 8 320 47 16 327 50 22 329 62 1 331 17 28 343 75 12 346 62 24 347 57 6 347 72 6 351 53 4 351 94 22 353 50 20 359 21 12 374 51 2 379 90 20 381 10 26 382 61 1 388 40 24 391 13 13 392 5 11 394 60 30 395 26 15 400 23 1 402 3 29 404 52 3 405 54 4 406 40 26 408 21 1 408 96 5 410 25 23 410 65 14 411 54 7 412 91 22 418 38 27 428 100 24 429 74 13 432 74 15 445 46 6 449 80 31 450 62 7 457 85 21 458 4 13 459 77 30 460 70 19 463 65 24 468 72 28 470 24 0 472 20 6 483 33 12 488 12 22 488 22 29 491 51 8 491 91 21 494 38 3 498 99 7 503 9 19 504 52 7 505 98 31 507 73 31 513 63 24 516 93 14 521 83 25 522 49 18 526 19 20 527 21 5 528 16 18 536 73 20 538 28 29 539 84 10 543 34 1 548 98 9 551 48 0 553 23 11 554 75 24 554 99 22 560 51 21 562 35 27 562 43 7 567 4 28 580 71 24 592 46 18 592 58 12 593 51 25 594 10 22 598 4 6 603 19 11 603 81 24 607 74 22 607 76 8 614 55 27 618 54 16 620 71 20 624 19 11 631 18 23 633 86 6 636 68 6 637 36 8 639 89 5 639 94 4 641 6 1 642 46 16 651 6 16 656 62 9 662 5 22 663 76 29 667 65 12 674 23 4 674 36 4 675 41 17 677 35 1 678 98 4 693 8 3 693 31 10 693 90 23 694 17 17 694 76 18 698 61 1 699 38 18 705 14 30 707 63 25 710 25 0 713 10 4 713 66 12 714 21 2 714 81 25 715 29 4 723 52 1 723 97 27 725 41 10 726 20 18 728 75 11 729 26 31 738 92 22 740 72 25 742 63 13 750 53 7 751 100 14 753 96 22 754 38 29 755 97 1 760 74 6 766 63 25 767 54 4 768 8 7 774 9 4 774 56 25 777 56 3 778 23 3 783 41 3 785 27 31 786 94 8 787 32 31 793 20 16 794 43 24 795 37 25 804 7 29 818 39 13 821 42 10 823 0 23 823 2 5 827 4 10 831 100 20 832 12 1 838 11 8 843 56 18 844 77 13 847 94 12 849 2 16 859 69 20 868 14 9 868 52 25 869 68 17 869 94 18 873 57 2 880 70 4 889 49 28 894 89 11 896 98 26 899 92 1 904 44 1 908 58 25 913 81 6 915 44 12 918 58 23 930 28 17 930 62 15 934 79 26 937 34 9 941 69 23 945 70 14 947 14 1 952 41 23 955 36 19 959 29 3 962 98 25 964 20 18 964 28 11 967 46 16 967 89 30 969 90 13 970 37 31 971 79 12 974 87 14 975 23 11 985 93 28 992 74 12 995 43 19 995 53 9 995 67 16 1000 65 26 1002 69 21 1003 48 19 1003 50 9 1004 57 16 1007 44 2 1017 6 13 1025 38 22 1025 48 30 1025 78 13 1027 71 22 1031 77 18 1809 53 30 1810 78 3 1814 38 2 1814 76 4 1820 13 4 1820 89 7 1826 93 29 1829 7 24 1830 11 6 1835 25 8 1835 85 1 1842 84 7 1845 97 27 1846 12 31 1848 49 14 1849 18 23 1851 1 10 1855 31 20 1855 83 15 1857 62 28 1863 30 7 1865 70 11 1868 94 21 1874 17 20 1875 14 31 1877 90 31 1889 75 15 1890 92 4 1894 42 25 1896 59 0 1899 67 19 1903 54 11 1907 21 24 1908 9 9 1912 28 24 1912 83 27 1913 29 12 1915 75 11 1917 68 18 1918 9 24 1920 86 30 1921 24 22 1922 0 12 1943 32 15 1944 60 23 1944 69 5 1946 46 14 1946 70 26 1947 49 27 1948 61 8 1948 73 5 1953 46 0 1954 27 3 1955 69 16 1968 26 6 1970 8 11 1970 47 6 1975 91 29 1977 32 12 1979 16 25 1982 69 5 1990 2 29 1991 33 3 1991 52 6 1997 18 1 2004 80 27 2004 81 23 2009 77 15 2012 66 17 2017 61 0 2020 3 20 2022 69 10 2024 90 28 2025 29 22 2027 92 12 2030 1 19 2031 12 23 2032 41 26 2042 99 31 2047 23 30 2054 47 19 2055 65 2 2059 17 27 2060 5 6 2060 54 19 2063 33 13 2066 70 12 2066 70 15 2068 77 3 2073 71 11 2075 56 30 2077 70 2 2084 27 15 2086 90 12 2087 14 22 2092 55 7 2095 71 24 2098 55 9 2099 68 21 2100 19 6 2104 7 22 2105 28 22 2106 3 23 2109 50 13 2111 37 12 2112 95 30 2113 0 28 2113 80 6 2114 88 9 2116 79 0 2116 85 26 2119 38 15 2123 44 25 2124 26 14 2130 47 1 2138 17 13 2147 39 24 2158 61 24 2161 65 24 2165 96 23 2166 37 2 2175 79 21 2187 3 12 2189 90 20 2193 0 10 2194 95 15 2197 3 18 2197 50 16 2198 97 10 2201 57 9 2206 26 18 2206 84 31 2207 5 20 2208 41 24 2209 80 15 2212 20 20 2218 44 2 2221 84 0 2226 32 5 2230 92 25 2239 66 22 2241 16 1 2241 17 26 2243 7 18 2246 55 0 2249 2 7 2249 45 20 2250 8 0 2252 12 22 2253 98 6 2255 18 19 2255 33 9 2255 82 8 2255 98 13 2256 39 23 2256 75 29 2259 5 11 2263 16 3 2268 41 16 2273 19 1 2279 92 3 2281 51 12 2285 66 30 2290 19 20 2290 30 23 2291 66 25 2300 76 22 2306 81 29 2308 72 6 2313 92 0 2317 22 28 2319 29 26 2320 66 21 2337 1 16 2339 43 21 2342 9 0 2343 72 23 2345 24 17 2347 6 2 2351 15 5 2355 74 12 2359 90 27 2365 94 1 2367 43 3 2369 58 22 2374 33 6 2375 32 2 2375 53 16 2375 55 8 2381 24 5 2381 95 29 2387 76 9 2394 53 13 2394 80 28 2395 6 6 2407 77 9 2408 25 15 2408 82 24 2410 39 0 2410 47 28 2413 40 6 2416 78 18 2419 84 9 2423 24 9 2425 11 1 2431 35 15 2431 54 10 2431 77 26 2434 40 8 2439 37 30 2439 40 22 2445 34 8 2450 71 29 2450 86 26 2460 65 16 2464 51 0 2466 94 27 2467 64 5 2468 36 1 2468 48 2 2470 93 31 2479 57 7 2479 97 20 2480 57 20 2484 58 26 2487 43 8 2487 48 30 2489 15 18 2489 45 12 2489 93 11 2493 40 28 2500 55 7 2500 67 16 2504 49 7 2508 57 16 2508 77 23 2521 15 14 2523 95 14 2526 51 18 2526 92 12 2530 32 14 2533 13 7 2533 37 19 2539 52 1 2541 18 23 2541 93 9 2543 7 18 2544 75 24 2548 88 12 2551 19 26 2554 62 17 2564 40 19 2565 41 11 2565 96 19 2566 85 22 2569 40 24 2571 42 18 2580 22 28 2582 7 6 2583 96 2 2589 89 5 2593 41 15 2593 52 7 2595 41 11 2597 54 9 2600 32 15 2611 29 12 2612 36 17 2618 37 14 2619 24 26 2626 12 15 2628 9 16 2628 35 28 2629 47 20 2632 20 30 2637 9 28 2638 33 0 2641 35 2 2642 62 9 2646 58 17 2650 61 11 2653 43 7 2653 95 12 2655 83 11 2656 67 26 2656 93 15 2657 95 13 2661 83 4 2662 13 1 2674 25 17 2680 29 28 2680 86 27 2684 79 11 2687 68 5 2694 3 3 2696 3 23 2703 23 30 2703 84 28 2705 52 14 2712 62 18 2717 6 27 2720 19 31 2723 44 14 2729 94 14 2731 5 19 2732 27 7 2732 34 4 2741 11 22 2756 95 22 2760 10 25 2760 49 24 2762 35 21 2763 43 0 2763 49 6 2763 65 12 2767 83 24 2768 3 26 2773 11 15
913 625 0.0001 74 3 16 80 14 6 80 18 19 82 31 31 82 92 21 83 45 8 85 18 19 94 12 21 96 31 0 97 68 29 105 65 8 108 85 1 112 45 0 114 26 16 114 66 2 119 75 19 122 33 0 123 32 4 125 8 7 128 42 8 138 56 27 138 62 2 141 52 11 143 25 12 145 0 27 145 30 8 150 29 24 156 73 19 158 9 1 160 26 30 162 14 30 175 11 24 176 17 15 177 56 19 183 53 17 186 98 7 188 60 18 194 99 23 197 27 8 200 46 27 201 46 31 209 98 22 222 9 0 222 90 25 224 34 22 226 16 31 233 98 27 239 67 8 245 48 6 245 96 26 249 55 4 252 84 11 253 24 8 259 86 26 261 76 22 270 60 4 270 80 16 275 98 3 277 68 30 278 72 14 278 98 17 280 29 13 290 96 12 293 94 4 295 17 21 296 81 19 297 44 10 299 30 27 299 94 23 300 12 9 302 24 22 304 34 23 310 8 18 313 29 28 316 62 6 319 36 17 322 71 17 335 51 22 336 29 1 336 51 10 336 63 2 339 39 29 339 94 20 346 9 0 347 44 19 349 63 18 360 67 27 363 42 13 363 51 15 366 34 23 367 29 26 367 59 2 369 65 30 376 37 27 378 92 0 391 19 14 392 60 8 401 32 27 403 1 3 404 56 9 409 36 16 409 62 4 409 100 18 413 1 10 413 55 14 414 18 20 414 41 1 414 66 8 416 41 31 418 26 9 419 23 9 422 9 12 422 30 12 429 63 17 432 67 22 440 41 6 441 93 2 445 89 7 445 92 27 449 23 9 449 73 14 452 5 10 456 73 21 457 13 3 457 38 9 457 86 6 458 7 3 459 25 8 461 33 4 464 60 2 472 48 8 477 27 25 479 11 13 483 51 24 487 91 26 489 67 30 491 14 18 491 50 1 496 32 31 498 24 19 498 50 14 501 75 27 502 31 13 503 59 6 506 24 19 508 47 20 509 36 10 512 56 7 513 23 19 517 51 19 520 5 16 521 28 7 522 21 24 522 88 28 526 60 18 527 64 13 528 85 16 532 54 10 539 8 28 539 49 17 548 63 6 551 97 21 553 17 1 558 18 29 558 73 2 559 71 16 561 41 19 561 85 24 567 78 7 576 93 19 578 30 0 578 65 16 579 54 17 587 15 26 589 13 1 591 93 3 594 32 0 595 7 15 595 32 26 598 92 6 602 72 12 616 23 11 619 65 16 620 22 6 622 78 31 625 35 10 626 60 13 630 1 27 635 22 1 638 84 6 640 59 0 641 70 5 643 19 26 644 54 20 648 28 31 654 43 21 654 45 24 656 92 1 658 20 28 658 85 1 659 52 4 662 48 15 666 6 22 666 71 8 668 8 27 675 42 4 675 69 6 676 10 31 677 30 31 681 26 0 684 46 5 684 87 7 689 53 12 695 40 24 695 83 8 697 21 29 698 90 30 702 75 26 704 22 4 707 9 17 707 33 29 713 2 1 721 88 29 723 43 30 723 94 10 725 30 16 727 4 20 729 98 29 738 84 6 741 96 6 742 36 26 749 92 19 753 49 5 754 34 1 756 94 4 763 77 7 764 59 7 767 18 6 770 71 0 771 49 16 771 86 26 773 17 28 777 5 11 778 22 30 780 62 7 785 91 6 790 19 23 793 4 12 798 0 6 799 69 6 800 1 6 803 90 4 807 97 15 809 46 29 809 65 7 811 32 11 814 60 15 815 74 0 819 52 2 819 58 28 824 74 10 827 18 15 830 84 14 831 42 11 837 75 27 839 58 4 841 92 8 843 4 6 843 77 19 847 26 29 849 74 12 850 29 23 851 69 26 852 9 13 852 48 7 861 5 5 864 34 8 864 72 0 870 78 9 874 61 12 876 8 16 879 64 26 879 65 6 884 93 8 886 94 3 892 71 5 902 39 15 904 3 19 916 80 5 917 49 30 917 67 10 917 98 14 919 67 21 919 97 23 920 77 8 921 94 30 925 84 24 929 79 20 933 6 8 933 85 31 944 46 11 947 96 27 948 11 30 951 73 29 955 32 15 956 33 19 957 20 27 959 41 8 961 46 19 966 25 29 971 95 19 988 16 2 988 41 0 993 22 19 995 21 25 995 55 25 996 58 23 996 86 11 1000 38 7 1002 83 23 1008 22 28 1009 37 11 1010 79 3 1014 94 24 1014 95 8 1016 2 5 1018 94 15 1025 91 24 1026 7 3 1032 12 28 1033 10 30 1811 10 4 1812 74 27 1814 6 26 1823 48 3 1823 81 21 1828 26 30 1837 88 31 1841 80 1 1846 78 21 1854 6 3 1854 23 9 1854 63 13 1862 7 22 1862 16 26 1863 95 2 1864 14 22 1866 19 28 1872 94 24 1875 14 28 1881 37 17 1885 53 8 1886 37 23 1888 10 5 1890 72 18 1892 46 20 1893 25 13 1894 20 12 1895 4 1 1897 91 11 1901 51 2 1903 82 11 1906 95 3 1907 31 22 1908 25 23 1916 19 14 1917 78 14 1920 30 2 1920 64 29 1927 67 23 1928 41 13 1932 12 26 1935 34 21 1942 10 4 1946 21 6 1952 12 14 1953 32 10 1954 2 24 1964 73 22 1971 82 1 1972 74 16 1974 77 19 1983 68 27 1983 71 8 1992 11 25 1992 62 16 1998 17 22 2001 30 5 2005 52 19 2006 25 1 2010 70 5 2012 99 4 2016 60 29 2021 60 14 2023 87 2 2025 53 1 2029 97 26 2034 69 19 2036 96 3 2037 5 29 2042 10 16 2042 45 21 2042 47 24 2045 77 14 2049 51 19 2050 33 17 2054 21 24 2059 66 19 2060 31 26 2060 49 28 2066 30 11 2074 39 2 2082 11 21 2082 76 11 2090 12 10 2092 18 0 2092 94 29 2093 93 13 2100 7 29 2102 82 6 2104 26 22 2106 17 11 2107 29 17 2111 51 16 2113 40 2 2116 48 3 2118 56 4 2125 71 2 2128 55 29 2129 7 9 2132 2 28 2132 66 7 2139 84 31 2141 58 7 2142 47 6 2145 23 31 2145 86 6 2146 10 2 2146 57 26 2147 72 6 2150 76 20 2154 57 12 2156 34 12 2160 96 16 2163 16 19 2168 39 23 2173 56 22 2178 50 12 2181 20 12 2191 95 21 2192 14 24 2193 25 21 2193 84 20 2194 26 3 2197 10 0 2197 27 6 2200 86 3 2202 29 12 2203 53 8 2209 76 7 2214 6 8 2214 11 5 2214 53 14 2228 94 17 2234 70 10 2239 59 2 2240 12 1 2241 75 8 2244 34 24 2246 72 27 2253 15 4 2254 45 31 2257 72 5 2260 69 15 2262 59 8 2262 73 15 2268 61 7 2271 90 26 2272 69 2 2272 96 13 2274 13 24 2275 20 12 2285 37 9 2290 78 11 2295 35 9 2309 22 14 2311 0 18 2319 66 27 2326 33 6 2328 11 4 2328 58 22 2334 66 26 2336 0 23 2336 61 21 2337 8 10 2341 46 9 2341 48 18 2347 9 25 2347 36 0 2348 12 10 2348 80 18 2355 46 13 2356 47 21 2360 29 23 2362 87 3 2372 4 5 2374 25 29 2377 59 20 2380 34 13 2395 65 4 2402 58 24 2406 13 6 2410 24 31 2411 77 1 2414 82 17 2415 48 6 2423 94 5 2428 92 16 2442 93 29 2456 2 29 2457 56 28 2457 72 7 2461 59 16 2462 57 1 2468 71 29 2469 51 20 2474 62 1 2475 66 31 2479 4 27 2486 55 11 2495 60 6 2507 13 25 2514 99 23 2517 2 30 2518 71 18 2522 69 6 2527 48 25 2529 24 22 2531 75 29 2537 87 6 2540 9 21 2540 100 0 2553 44 31 2553 72 15 2554 22 19 2554 28 31 2555 13 10 2556 2 18 2557 73 24 2559 85 2 2565 2 14 2566 32 13 2567 85 23 2568 13 28 2571 27 28 2573 16 9 2578 42 14 2579 6 26 2581 81 17 2582 51 1 2586 24 2 2590 97 6 2599 93 17 2603 13 24 2603 69 10 2604 0 8 2605 22 31 2606 38 10 2607 39 17 2622 28 26 2623 40 9 2625 1 31 2625 8 19 2628 90 12 2629 39 13 2634 29 14 2645 77 6 2648 46 3 2649 20 16 2652 54 22 2656 20 9 2662 93 18 2663 34 21 2673 42 1 2674 94 4 2675 19 2 2680 2 4 2680 12 14 2680 44 14 2681 79 15 2687 38 0 2688 18 14 2688 52 19 2688 57 30 2698 72 19 2701 97 15 2705 66 26 2708 38 26 2709 86 22 2710 75 24 2711 88 10 2713 99 11 2716 26 31 2716 70 21 2719 16 29 2722 62 0 2732 62 27 2733 44 30 2736 76 27 2738 65 7 2740 7 6 2743 81 29 2746 3 29 2750 4 20 2750 49 31 2751 65 10 2754 36 2 2754 54 18 2755 53 26 2756 20 31 2756 87 3 2756 95 10 2758 11 29 2758 56 24 2772 88 28
914 625 0.0001 72 52 30 79 82 18 84 27 21 84 69 14 87 60 29 98 60 19 99 24 23 100 77 4 105 86 22 106 17 14 106 18 30 109 66 17 113 67 30 113 85 7 116 7 3 119 27 22 120 19 11 125 44 29 133 33 12 136 96 0 138 12 24 155 51 12 155 74 11 155 78 19 163 18 13 171 58 6 172 58 16 174 35 11 175 18 11 185 50 21 186 93 9 187 74 29 194 9 17 195 79 7 204 43 17 204 47 21 211 67 4 212 60 4 212 76 16 215 60 20 216 58 23 217 99 11 228 82 30 241 36 16 242 18 6 247 8 13 249 48 12 250 80 8 251 21 20 252 58 3 257 79 0 258 54 12 261 87 2 263 48 17 263 66 1 264 97 8 267 25 7 267 47 19 268 23 20 274 99 26 283 69 3 284 14 30 284 99 2 287 5 11 288 3 25 289 25 27 290 23 30 290 43 17 293 91 13 296 53 9 305 63 12 310 98 13 311 58 18 312 34 10 312 75 16 315 4 22 320 33 21 321 60 16 327 86 14 333 54 11 334 75 27 340 17 21 341 94 17 353 35 30 353 49 0 354 68 1 355 48 25 365 56 30 383 88 20 388 66 25 390 6 20 391 36 20 393 26 14 393 97 19 395 0 13 395 48 27 397 5 31 399 79 27 399 92 9 409 27 14 418 33 10 422 37 31 436 37 14 443 10 12 448 52 5 450 41 21 456 60 15 458 87 31 464 78 17 468 48 2 469 88 1 471 58 30 472 61 15 473 94 19 474 22 24 477 95 10 480 22 12 481 88 2 485 72 28 486 43 4 494 67 15 494 96 6 501 16 11 502 83 31 503 6 15 513 52 29 515 59 18 517 41 24 517 83 15 524 33 14 524 53 17 535 29 7 537 20 6 541 75 13 551 9 1 557 77 7 560 94 30 563 3 6 568 28 6 568 77 26 571 35 12 571 53 30 572 4 29 576 92 29 578 50 1 581 54 19 583 74 12 590 37 23 590 77 1 593 48 17 602 16 20 605 20 4 605 90 14 609 36 10 611 40 31 613 59 9 616 63 10 619 7 2 622 0 5 622 65 21 623 35 22 624 77 23 626 72 20 628 39 6 631 11 30 634 94 31 636 85 12 640 99 17 641 98 30 642 54 23 648 78 4 649 94 22 662 55 8 663 74 4 666 25 12 670 58 30 673 62 0 676 68 14 680 18 12 688 81 16 691 36 10 697 57 12 699 10 4 702 39 16 705 12 27 711 67 0 713 97 30 714 32 11 715 1 8 715 77 14 715 87 7 721 64 16 724 25 0 724 86 9 727 77 18 727 87 29 733 46 23 737 48 3 738 59 3 739 60 18 743 76 5 744 8 22 746 28 22 747 47 17 750 39 23 751 97 3 753 56 19 756 60 7 758 72 7 760 98 11 761 6 29 762 74 31 765 96 6 780 22 24 780 32 13 782 1 3 784 55 2 788 65 31 793 27 8 796 76 0 797 37 27 798 17 2 798 61 20 799 52 10 802 17 1 808 3 2 808 74 27 819 79 11 823 18 21 825 82 5 840 12 28 843 74 20 845 55 8 846 43 30 846 81 2 853 85 25 857 10 22 857 15 19 862 41 29 870 93 5 871 48 22 873 86 11 876 52 14 882 57 31 886 35 23 887 87 6 888 16 25 892 81 25 896 5 2 900 5 29 906 99 20 908 18 0 915 45 28 915 50 24 915 96 27 926 76 21 927 66 5 928 16 28 929 33 12 934 52 30 936 92 28 942 90 12 944 20 8 949 50 2 953 77 10 955 82 6 955 88 22 956 26 20 959 87 6 962 23 12 967 22 26 968 49 12 973 16 31 979 6 16 979 57 25 981 59 7 981 69 24 982 30 21 993 72 14 995 28 9 996 92 18 997 19 14 1002 0 31 1009 89 19 1013 44 23 1015 4 4 1021 95 15 1021 99 14 1024 77 6 1025 40 15 1033 17 20 1036 35 16 1036 67 27 1037 39 1 1037 75 0 1037 81 25 1038 24 30 1809 17 25 1810 46 27 1810 95 27 1815 82 23 1816 87 8 1818 22 25 1825 90 12 1825 93 22 1826 52 8 1829 12 17 1829 29 21 1830 27 9 1833 75 30 1834 33 2 1834 85 18 1837 53 19 1838 77 30 1843 30 11 1848 63 12 1851 51 16 1854 30 6 1854 97 12 1856 53 20 1862 88 19 1867 41 18 1871 58 31 1871 65 1 1875 39 23 1876 68 4 1878 17 30 1884 43 3 1889 80 17 1891 14 7 1895 60 9 1898 89 28 1905 40 0 1908 50 30 1909 29 27 1910 32 8 1914 29 25 1920 80 3 1925 13 30 1927 86 21 1928 89 1 1930 4 1 1934 41 21 1947 22 31 1947 52 15 1953 3 21 1953 46 18 1954 67 22 1955 40 27 1967 10 8 1969 47 23 1970 98 7 1972 81 1 1976 76 5 1978 55 19 1981 34 17 1993 66 7 1996 16 12 2002 77 29 2007 35 14 2008 72 31 2010 21 13 2014 98 4 2016 84 6 2017 6 18 2018 42 1 2019 95 9 2020 43 26 2022 99 0 2023 51 18 2024 88 15 2026 10 13 2028 86 24 2029 90 22 2030 78 6 2035 60 0 2038 20 21 2041 95 18 2042 14 0 2045 2 17 2046 0 18 2047 11 7 2050 58 24 2050 60 3 2061 13 19 2063 95 21 2065 79 19 2068 63 7 2070 58 29 2074 82 23 2087 85 20 2087 96 21 2089 83 29 2090 18 16 2092 9 17 2093 11 6 2096 37 24 2097 100 20 2099 18 13 2100 34 21 2101 68 7 2106 19 9 2107 51 6 2108 19 30 2108 84 4 2114 87 1 2116 59 16 2117 8 17 2117 81 26 2121 17 18 2124 88 10 2125 5 25 2125 26 1 2126 45 17 2136 81 14 2137 98 10 2140 88 29 2144 18 5 2146 3 26 2151 55 26 2152 84 0 2153 53 2 2158 99 3 2159 30 23 2160 1 22 2162 72 6 2165 70 9 2167 9 2 2172 47 26 2178 51 31 2181 30 10 2183 65 4 2191 83 23 2194 4 29 2199 67 14 2204 2 16 2204 47 29 2207 16 1 2208 95 3 2210 83 7 2211 87 16 2211 87 31 2212 69 19 2218 27 12 2218 54 26 2223 54 20 2225 45 11 2226 82 29 2227 21 2 2228 83 0 2232 46 28 2232 81 26 2235 92 15 2236 74 24 2237 78 13 2239 98 3 2243 32 22 2248 5 2 2248 56 15 2252 48 2 2252 80 10 2260 1 29 2263 49 22 2263 57 12 2263 63 19 2281 26 27 2282 59 27 2283 30 28 2285 83 1 2286 100 17 2288 77 26 2289 30 22 2290 85 12 2299 16 22 2305 8 27 2306 64 16 2308 81 31 2310 7 6 2317 25 15 2320 67 10 2329 60 14 2330 24 22 2333 65 1 2333 94 17 2340 65 27 2340 93 16 2342 45 3 2345 39 31 2352 65 28 2355 63 19 2356 47 28 2357 49 2 2357 84 30 2358 48 27 2365 21 7 2365 58 15 2367 91 25 2369 30 1 2374 25 28 2375 23 2 2381 2 2 2381 78 6 2383 55 27 2386 1 14 2388 26 26 2389 32 1 2389 56 16 2393 33 16 2393 45 8 2394 25 0 2396 15 21 2400 51 9 2400 100 25 2401 5 18 2404 19 22 2406 43 22 2407 46 12 2408 81 25 2416 24 16 2418 59 23 2419 0 13 2421 52 12 2424 66 22 2428 41 25 2434 72 29 2436 75 0 2445 34 26 2446 29 25 2446 79 22 2446 100 1 2459 23 31 2466 66 30 2467 89 24 2468 12 26 2468 51 26 2473 74 13 2477 78 9 2483 76 20 2488 26 14 2490 79 7 2491 52 7 2492 1 27 2492 6 20 2496 38 27 2499 7 0 2504 21 26 2506 77 26 2507 32 21 2507 48 6 2507 61 18 2510 33 0 2510 42 15 2512 61 26 2516 17 26 2520 83 1 2525 29 12 2527 15 29 2529 23 29 2531 27 25 2531 32 14 2533 6 21 2533 85 25 2533 95 25 2535 51 12 2537 45 22 2538 25 27 2542 73 23 2545 10 21 2549 44 19 2553 46 10 2564 23 28 2565 79 26 2568 13 23 2572 18 21 2585 84 26 2586 78 7 2588 92 17 2603 75 26 2607 86 30 2609 34 22 2609 64 28 2616 8 16 2628 56 17 2629 44 20 2631 94 9 2632 33 26 2632 65 7 2634 2 22 2635 22 25 2639 40 6 2655 26 8 2661 60 15 2666 67 9 2668 11 20 2676 32 1 2687 95 31 2690 60 27 2700 25 12 2700 100 28 2723 33 30 2724 37 14 2725 25 6 2726 92 0 2728 48 1 2730 58 15 2731 19 22 2731 34 18 2733 2 29 2733 48 30 2733 78 9 2735 75 22 2735 94 29 2737 85 25 2738 69 16 2739 83 5 2741 94 26 2748 28 18 2751 79 16 2753 64 7 2758 98 3 2761 33 8 2761 52 9 2767 0 7 2771 82 15 2773 94 0
915 625 0.0001 73 32 4 73 50 0 74 2 21 75 65 31 76 17 12 79 66 19 80 3 10 80 42 14 82 16 0 82 44 11 88 27 27 90 24 26 90 25 20 95 90 21 97 72 23 98 57 5 99 47 20 100 53 1 101 39 16 102 23 13 102 66 10 107 50 14 108 71 18 111 69 11 114 82 10 120 92 28 121 27 26 131 36 7 132 34 15 134 9 29 135 9 6 136 17 17 137 17 16 140 24 21 146 46 8 147 95 13 149 37 10 150 44 0 151 79 14 152 67 3 154 99 22 155 58 24 155 78 27 159 53 9 161 26 8 165 5 12 167 20 31 176 0 22 177 37 31 184 20 22 184 71 21 192 1 8 194 52 12 201 92 17 204 80 31 204 91 9 205 60 3 209 32 6 213 43 9 221 91 29 225 93 31 227 47 19 232 6 6 233 74 4 244 31 5 268 28 18 273 81 28 274 0 5 274 38 9 279 87 5 281 16 21 289 2 25 296 69 25 298 69 27 299 71 25 302 18 19 314 38 12 318 79 9 320 76 13 321 51 12 322 11 2 324 14 30 327 49 26 328 14 11 331 61 27 332 79 7 334 21 27 334 49 28 336 5 30 336 9 26 337 32 7 345 22 20 347 51 27 350 97 31 351 23 24 354 53 8 355 60 3 362 42 7 362 63 31 370 6 5 376 72 31 379 21 1 381 31 29 384 47 28 393 53 4 393 69 0 394 12 1 394 34 6 402 73 0 406 69 3 407 65 2 407 78 26 408 73 4 409 42 25 409 43 16 412 28 12 412 58 30 414 87 0 419 16 5 420 23 17 423 13 27 428 87 24 430 47 28 437 81 8 442 53 21 444 71 8 445 75 9 447 55 22 450 1 2 450 17 6 456 4 3 456 15 27 459 12 13 463 88 29 467 10 15 472 8 16 476 55 14 487 94 3 490 52 30 490 55 28 491 14 17 494 2 11 495 66 1 498 29 11 498 85 24 501 48 11 506 23 12 506 67 2 512 13 19 514 75 17 516 19 12 521 35 2 522 53 9 523 86 3 525 44 8 531 45 0 533 42 15 540 75 2 546 70 0 556 1 13 558 99 22 560 82 10 561 47 7 562 51 19 566 3 6 567 60 19 568 24 20 573 59 1 574 27 29 576 26 17 580 1 1 582 33 8 582 64 21 590 71 8 592 73 30 599 92 4 601 31 20 602 12 7 604 70 19 606 74 8 606 85 1 611 33 26 614 48 20 614 58 6 615 6 9 615 64 18 615 96 31 616 9 17 616 78 30 620 42 22 621 22 24 624 6 5 634 39 23 636 58 17 637 53 3 639 37 26 643 94 22 649 74 28 650 99 15 652 21 19 654 17 4 656 31 4 656 37 20 659 48 13 666 90 26 672 68 1 676 91 1 677 96 26 678 44 9 678 45 1 680 48 7 680 55 22 681 54 4 693 20 23 694 59 29 696 53 31 703 21 22 708 60 29 708 89 27 709 97 19 711 99 0 712 70 3 713 83 12 719 67 26 720 51 10 723 27 8 742 49 31 746 25 26 749 27 29 752 34 9 752 69 8 761 6 15 762 32 24 762 67 16 765 74 5 779 73 10 781 94 20 785 33 9 793 48 31 800 45 31 805 16 20 805 26 13 807 95 4 808 97 5 809 99 15 811 68 9 816 87 0 820 12 0 822 88 21 826 34 15 832 70 27 835 30 4 835 40 14 837 87 12 840 96 24 843 69 15 845 4 14 855 28 19 856 64 11 856 85 17 858 58 28 859 76 18 860 61 21 860 71 20 861 53 24 862 28 25 869 44 13 874 94 9 878 2 21 883 20 17 889 70 19 889 78 30 895 59 20 898 51 20 898 53 13 902 39 17 903 68 26 904 34 12 914 59 15 916 67 17 917 20 2 920 64 18 922 85 30 924 96 27 927 63 12 927 97 10 933 13 17 934 49 24 935 48 30 940 91 13 942 55 16 948 9 13 951 95 13 952 61 17 954 6 11 962 39 1 964 83 4 973 61 2 985 76 7 986 25 8 987 61 31 987 91 17 991 94 31 1004 34 10 1004 87 15 1006 74 2 1007 1 31 1009 47 5 1009 81 26 1015 16 12 1015 40 25 1017 61 27 1021 81 12 1026 68 22 1027 4 11 1028 65 5 1034 32 28 1036 29 26 1809 36 21 1810 93 8 1813 61 30 1819 2 7 1824 68 4 1824 69 29 1833 20 20 1833 78 20 1840 13 18 1842 62 11 1842 93 3 1844 22 29 1846 26 0 1850 79 30 1853 49 10 1854 30 16 1855 28 5 1855 67 19 1856 2 18 1857 79 2 1857 86 12 1860 88 15 1866 84 5 1870 74 10 1872 45 14 1873 9 18 1873 47 6 1873 47 28 1873 85 6 1876 55 8 1876 80 13 1880 46 14 1884 71 22 1887 31 23 1892 8 6 1893 50 19 1895 98 19 1901 88 8 1907 90 30 1908 84 11 1909 59 24 1909 64 22 1909 89 6 1911 54 18 1915 82 22 1925 78 0 1926 75 18 1935 69 21 1937 9 18 1940 31 4 1942 24 20 1947 94 0 1956 45 23 1957 13 27 1959 59 30 1962 96 22 1963 3 2 1968 34 1 1969 97 0 1971 39 19 1976 47 4 1978 40 23 1979 20 31 1982 1 16 1982 82 7 1983 52 14 1984 94 13 1984 95 10 1990 23 17 1992 43 20 1993 45 14 1994 23 19 1999 75 2 2000 44 1 2000 100 5 2003 11 3 2004 58 23 2005 86 25 2006 95 29 2010 26 12 2013 36 9 2021 51 24 2021 59 29 2024 38 18 2029 77 4 2040 68 2 2053 9 8 2054 38 23 2058 96 31 2076 27 9 2076 51 21 2079 55 6 2081 73 31 2082 20 4 2082 48 21 2084 37 26 2084 56 8 2084 69 28 2089 99 28 2090 14 25 2095 13 28 2101 22 10 2101 62 20 2106 76 22 2124 40 22 2124 57 30 2128 49 16 2131 87 22 2136 93 6 2145 49 23 2147 55 7 2149 15 10 2149 34 8 2151 75 1 2157 3 13 2157 90 21 2159 0 0 2159 78 31 2160 39 2 2162 67 15 2162 82 0 2164 38 11 2165 1 30 2166 26 26 2174 65 7 2174 77 24 2176 68 1 2181 57 30 2182 74 27 2183 80 24 2192 86 10 2196 33 14 2196 46 1 2199 54 4 2206 53 3 2209 69 7 2211 14 11 2220 8 3 2224 74 8 2226 6 0 2226 37 23 2231 48 11 2235 10 30 2236 87 13 2236 99 11 2238 41 26 2241 10 2 2242 75 1 2243 25 14 2252 99 6 2258 58 24 2259 51 3 2263 15 15 2268 64 3 2287 19 11 2288 37 23 2290 39 26 2291 11 11 2293 7 14 2293 99 17 2295 56 24 2296 43 20 2299 45 20 2300 52 3 2330 76 2 2333 5 23 2346 98 12 2360 7 0 2363 6 5 2371 9 10 2388 82 18 2389 23 1 2392 71 26 2393 26 19 2397 87 2 2400 91 18 2402 64 0 2402 97 3 2405 36 28 2410 64 4 2414 82 8 2415 13 29 2416 26 12 2417 15 9 2417 93 18 2419 65 27 2419 72 25 2429 47 8 2434 54 21 2434 58 8 2439 11 0 2444 97 14 2446 81 6 2446 86 13 2448 46 11 2449 35 31 2452 81 28 2452 92 26 2457 63 27 2458 48 2 2459 87 17 2460 81 13 2462 82 22 2463 23 4 2467 44 7 2469 6 2 2469 41 12 2470 44 20 2471 4 20 2472 38 26 2472 74 21 2473 97 13 2483 69 5 2486 42 3 2487 93 15 2488 62 30 2490 75 7 2491 76 21 2492 29 2 2493 82 16 2505 36 6 2507 33 11 2508 87 1 2509 22 3 2510 30 25 2512 26 31 2514 44 19 2514 54 4 2526 82 29 2529 18 19 2535 38 15 2538 3 2 2541 8 13 2544 53 4 2545 8 6 2551 70 17 2552 35 24 2552 72 23 2557 41 2 2558 31 5 2561 95 22 2565 72 0 2567 22 13 2571 69 16 2583 80 31 2586 85 15 2603 38 12 2605 38 19 2607 91 17 2610 67 22 2611 76 10 2612 37 2 2614 85 9 2615 43 23 2618 7 1 2618 75 5 2618 81 28 2619 39 30 2621 8 28 2627 41 21 2629 72 27 2642 70 10 2645 15 16 2646 97 1 2654 100 3 2656 55 2 2659 55 24 2662 45 13 2663 39 18 2665 47 15 2666 55 9 2671 57 21 2671 98 7 2673 32 17 2674 84 9 2676 77 5 2678 50 12 2681 37 2 2683 29 20 2689 8 25 2690 30 21 2699 12 24 2699 26 10 2699 51 18 2703 43 5 2707 34 11 2708 78 26 2710 25 1 2711 15 19 2714 38 11 2716 34 25 2721 22 18 2723 85 8 2727 71 30 2727 76 7 2732 2 27 2737 21 16 2739 78 9 2742 9 12 2745 60 4 2750 64 29 2757 89 28 2765 41 16 2769 65 14 2771 13 28 2771 92 28 2775 71 1
916 625 0.0001 73 18 17 77 46 16 81 33 26 83 4 6 83 41 11 84 13 26 85 29 17 86 100 30 91 73 21 93 81 5 96 71 0 97 59 23 99 72 7 102 77 26 109 82 10 112 45 30 124 23 16 124 43 4 130 75 10 137 91 24 139 30 7 145 74 8 146 95 8 147 87 9 148 64 13 150 10 28 155 81 30 163 32 13 170 21 1 173 5 30 177 8 13 181 97 20 182 34 15 182 70 7 183 80 21 191 61 11 194 48 2 195 38 23 202 31 25 208 18 0 210 70 16 224 21 12 224 77 13 227 24 18 229 41 22 231 41 13 232 50 4 234 60 28 236 70 24 247 18 16 250 6 25 251 82 31 251 91 27 257 3 9 279 0 7 280 11 24 280 66 20 282 85 30 288 8 13 292 19 25 298 53 28 300 1 27 301 88 16 309 47 6 313 36 3 315 3 19 316 23 29 317 28 24 318 91 26 319 30 11 322 80 0 330 90 21 330 96 21 334 28 14 335 15 17 341 55 17 344 94 5 345 48 13 346 43 3 348 1 15 348 86 19 350 13 15 353 16 18 353 43 6 353 84 10 354 11 12 366 49 1 366 75 25 371 28 23 384 80 30 388 63 27 389 65 22 390 26 6 394 15 16 396 31 19 403 30 16 417 11 30 426 13 26 426 26 27 437 87 6 441 16 29 443 43 5 445 38 17 445 68 20 446 83 7 453 67 14 456 44 9 463 47 5 466 10 3 468 68 31 470 20 19 477 44 20 481 86 14 482 20 26 485 18 31 491 10 16 495 93 14 497 11 28 498 28 15 503 68 24 506 4 12 506 83 30 507 49 8 512 92 11 514 79 9 515 16 1 517 1 30 518 88 18 519 85 29 522 19 30 526 85 14 536 32 13 540 53 29 544 40 19 544 47 20 549 45 10 557 95 7 564 80 4 571 62 28 573 78 10 575 13 6 582 58 28 587 44 18 591 32 5 593 31 15 594 77 21 598 30 17 600 99 23 601 14 12 606 19 4 610 48 12 611 31 13 611 79 18 612 81 12 613 78 27 614 12 23 614 20 16 615 14 21 622 85 22 622 86 24 623 27 12 626 13 13 626 65 26 634 75 12 644 1 3 647 68 1 648 83 9 649 95 25 657 62 10 661 2 22 662 34 0 670 86 1 673 89 9 674 69 13 675 17 29 675 78 14 676 96 2 677 39 10 678 7 0 679 100 3 682 10 25 686 0 25 687 62 8 687 87 29 692 94 2 693 0 17 695 30 0 695 31 15 707 43 18 711 35 29 711 89 23 713 66 10 713 69 0 719 46 21 721 36 1 724 26 12 724 70 7 728 60 16 734 2 10 756 14 0 759 12 24 760 84 29 763 92 11 766 34 12 767 7 0 773 94 12 780 35 15 782 62 9 782 79 24 782 97 31 783 20 20 783 51 12 784 21 30 784 67 14 788 59 5 789 41 1 790 7 20 795 46 26 799 98 10 800 97 3 802 85 17 808 18 14 813 1 22 813 95 16 821 80 7 824 67 8 829 28 22 830 32 4 834 88 13 837 77 18 840 11 7 841 30 4 846 93 15 853 73 1 855 96 7 857 53 31 875 11 18 882 40 3 883 51 9 888 12 28 891 16 30 902 87 5 906 82 16 907 70 13 912 41 31 914 23 28 918 99 15 920 62 8 921 22 21 921 59 18 924 50 12 925 80 8 928 16 3 931 90 21 938 20 13 938 43 29 939 46 8 940 90 23 942 66 27 942 73 15 944 91 2 945 72 26 947 92 13 949 92 13 951 89 29 957 82 30 964 6 12 969 39 25 976 4 2 976 57 4 981 51 8 983 24 5 984 33 23 985 50 6 985 66 30 988 61 15 988 78 24 989 35 14 992 56 12 996 37 10 997 75 24 1004 49 22 1004 52 0 1004 77 27 1006 0 18 1006 76 22 1007 15 26 1012 29 19 1024 12 6 1026 65 30 1026 77 25 1031 78 4 1031 80 20 1033 94 8 1036 1 5 1037 92 29 1038 34 6 1811 25 7 1813 71 27 1816 23 4 1817 66 31 1819 57 9 1819 88 11 1821 42 20 1824 28 23 1825 20 11 1826 96 15 1828 21 31 1829 3 9 1832 25 17 1832 50 23 1833 57 10 1842 0 8 1843 41 15 1850 92 12 1857 11 28 1858 90 7 1859 21 15 1862 45 14 1862 83 24 1863 4 24 1863 37 3 1867 27 9 1867 73 12 1869 25 20 1871 77 5 1881 26 3 1896 4 23 1900 54 14 1905 79 14 1906 65 13 1906 97 7 1912 87 1 1914 79 22 1915 20 2 1915 64 30 1916 39 26 1917 33 23 1926 43 26 1927 1 15 1929 21 5 1932 39 6 1935 86 13 1936 57 8 1952 32 2 1953 62 27 1955 1 25 1957 55 23 1957 84 23 1959 30 4 1959 86 9 1968 76 15 1971 5 18 1973 2 28 1974 25 0 1975 12 2 1975 97 7 1981 80 1 1981 83 6 1981 93 29 1982 15 26 1986 15 29 1988 37 14 1988 59 20 1993 24 2 1994 78 1 1997 15 24 1999 55 4 2001 8 18 2005 27 21 2023 49 10 2027 15 7 2029 4 12 2037 100 5 2040 74 21 2050 55 13 2053 95 2 2054 4 0 2056 6 27 2064 26 11 2073 8 21 2074 41 23 2075 1 10 2076 59 26 2078 8 30 2078 58 24 2079 2 22 2080 0 29 2083 37 2 2088 89 27 2091 51 7 2095 89 0 2097 37 23 2098 19 23 2099 15 25 2100 43 20 2100 49 6 2100 85 14 2103 8 16 2108 14 24 2124 28 14 2127 8 25 2129 34 14 2134 55 24 2136 9 7 2138 36 19 2140 92 13 2143 37 3 2146 23 23 2147 59 28 2148 5 0 2150 55 15 2151 42 11 2153 44 22 2154 93 29 2155 86 1 2156 24 14 2159 44 4 2159 98 3 2161 50 28 2163 99 0 2164 76 23 2167 18 10 2168 52 15 2174 55 29 2177 59 14 2181 22 29 2187 41 0 2187 73 31 2189 70 26 2189 92 27 2192 29 0 2193 92 11 2198 42 16 2199 92 29 2207 23 14 2208 54 21 2215 85 17 2216 63 7 2217 57 13 2218 46 24 2220 81 2 2221 22 20 2222 39 3 2224 5 15 2229 57 30 2233 34 24 2234 87 15 2235 5 23 2236 23 8 2236 57 10 2237 72 31 2242 5 27 2242 10 15 2242 25 26 2245 34 15 2246 11 0 2246 46 22 2248 46 23 2250 12 14 2253 21 30 2254 95 1 2255 66 0 2256 28 7 2263 28 7 2263 32 18 2266 7 9 2266 83 6 2268 78 24 2271 36 6 2273 54 20 2276 77 14 2277 18 21 2277 40 19 2278 69 31 2282 68 23 2284 41 24 2285 8 9 2288 49 21 2291 19 16 2296 42 3 2296 71 6 2298 49 9 2300 55 20 2300 100 13 2302 64 0 2314 8 14 2314 78 29 2315 55 0 2316 47 16 2318 30 3 2319 75 28 2320 30 2 2336 64 16 2338 45 26 2350 51 11 2353 49 13 2363 0 27 2364 77 29 2364 95 29 2369 11 11 2369 45 23 2372 11 23 2376 45 30 2376 71 14 2384 12 21 2386 48 6 2389 45 24 2395 47 24 2395 66 8 2402 92 12 2403 61 1 2411 3 8 2412 42 27 2414 57 5 2418 54 14 2421 81 26 2426 78 13 2427 77 20 2431 11 9 2431 68 12 2441 3 21 2442 18 5 2445 42 8 2450 55 19 2452 76 29 2456 35 21 2456 95 0 2462 57 6 2463 92 14 2468 100 26 2469 78 8 2482 60 18 2486 43 30 2488 75 22 2489 35 28 2494 18 29 2495 30 31 2496 21 1 2505 69 4 2505 90 18 2512 89 2 2513 29 13 2513 56 8 2520 96 31 2522 38 19 2524 47 23 2524 62 17 2528 11 27 2529 7 2 2539 10 15 2539 33 1 2542 22 2 2555 55 11 2565 13 13 2566 28 27 2566 36 14 2567 37 26 2567 47 24 2568 88 19 2569 83 7 2571 0 0 2578 66 25 2581 4 23 2585 18 26 2585 56 26 2588 84 9 2592 81 12 2597 43 14 2607 19 20 2609 59 29 2616 94 3 2622 85 23 2624 88 0 2625 81 30 2628 70 15 2632 21 19 2634 10 18 2634 40 27 2637 35 4 2637 38 7 2651 47 6 2655 21 5 2665 4 27 2670 2 23 2670 2 29 2670 15 13 2678 82 20 2681 34 3 2695 94 28 2698 38 31 2700 36 26 2700 61 24 2701 74 24 2705 41 12 2705 60 0 2705 74 3 2709 98 8 2715 28 0 2716 66 23 2720 92 10 2723 24 19 2725 31 12 2726 57 22 2728 13 4 2729 23 31 2729 25 21 2729 28 6 2729 99 22 2730 31 0 2730 76 17 2730 93 1 2737 1 11 2738 2 21 2743 93 8 2752 90 30 2754 14 29 2754 60 27 2768 39 21 2769 5 16 2770 0 24 2770 54 20 2773 0 12 2774 45 20 2775 38 29
917 625 0.0001 77 7 30 77 99 16 80 88 9 81 69 18 81 91 31 84 47 20 89 58 16 94 17 18 96 100 19 102 67 15 103 31 27 124 53 16 125 7 23 126 24 26 131 96 20 132 90 12 135 28 7 139 44 3 141 25 24 142 81 26 150 65 4 158 39 12 160 12 0 169 48 13 172 83 5 178 52 5 178 90 30 180 55 25 183 99 3 185 45 30 185 57 17 187 74 31 188 31 10 188 88 20 195 28 30 196 11 18 200 13 1 200 53 3 203 53 30 205 21 15 207 22 18 213 64 12 215 1 26 218 35 9 228 51 11 232 83 11 234 49 18 245 34 11 249 59 26 250 37 29 254 19 10 254 79 28 257 1 19 257 41 22 259 75 13 270 54 22 275 96 4 277 70 14 278 56 21 285 90 7 286 75 16 291 5 15 291 22 10 294 1 25 296 8 11 296 43 24 298 38 8 299 44 23 300 55 16 302 15 5 314 82 3 317 6 17 323 21 15 324 1 10 325 65 21 326 49 18 327 72 21 329 72 28 329 94 27 330 75 31 330 100 6 331 35 31 332 8 10 334 10 26 337 87 16 341 37 16 342 96 9 344 6 21 346 26 7 348 39 24 348 47 0 354 96 20 362 39 7 383 28 18 386 1 5 386 7 12 386 35 17 386 47 17 387 60 10 396 80 23 398 48 28 400 56 21 401 46 5 403 73 29 411 5 3 417 58 16 418 41 1 422 17 11 422 42 7 425 26 11 426 82 11 427 90 20 437 19 21 437 66 13 444 29 21 449 26 0 455 76 13 456 0 9 457 26 4 458 98 16 464 12 2 465 9 17 465 77 15 466 86 13 474 59 15 475 62 6 477 67 27 501 54 22 503 0 21 504 84 1 504 86 30 508 2 2 513 6 6 516 17 10 517 23 9 517 40 6 520 67 11 525 56 16 527 28 7 532 99 6 533 66 14 534 56 16 537 87 7 538 32 26 541 50 28 545 78 3 549 30 7 556 56 12 558 3 13 559 37 6 560 12 30 560 25 13 561 25 10 561 44 10 569 4 2 570 7 31 577 95 11 580 29 1 580 29 24 584 72 15 586 30 1 593 36 2 594 12 31 596 4 22 604 62 1 615 74 21 621 49 21 621 86 21 622 88 24 622 91 18 623 66 3 637 36 3 643 37 5 645 74 25 646 28 19 647 82 27 648 59 20 655 41 28 658 36 19 659 38 15 661 37 23 661 79 23 662 24 30 666 71 18 666 87 25 667 74 13 668 5 22 674 36 26 675 34 30 677 18 31 677 40 31 680 100 7 689 90 3 690 86 11 697 76 21 699 35 11 701 89 15 702 96 3 709 11 0 712 28 26 712 57 10 717 24 0 717 60 31 718 27 11 719 2 11 719 12 17 725 87 16 728 48 4 732 7 24 739 47 9 748 54 23 749 48 18 752 36 26 757 78 18 759 39 23 760 97 31 765 77 9 769 97 7 774 42 5 775 13 31 778 2 18 781 17 0 785 96 27 794 57 7 799 12 15 799 99 5 802 99 28 805 92 22 810 1 12 811 36 21 813 48 23 814 3 14 814 10 9 819 35 16 820 69 12 823 15 2 825 24 22 830 97 19 832 8 12 832 21 1 835 9 31 836 18 19 837 6 29 838 23 10 845 52 4 849 85 15 850 80 20 857 25 31 859 5 28 861 47 5 863 3 27 863 83 7 866 10 28 870 16 5 871 46 27 871 55 10 874 74 2 882 66 28 884 35 2 890 40 24 894 59 5 904 77 26 908 10 12 908 27 14 908 33 19 908 58 10 921 63 0 922 96 0 925 92 15 932 36 15 933 22 30 933 66 26 936 40 31 940 59 16 943 9 7 946 2 15 947 36 6 948 38 12 958 20 8 958 53 17 961 97 0 965 18 7 968 45 23 970 87 1 970 91 25 973 2 19 975 65 7 981 11 31 983 92 0 991 57 15 991 88 1 991 91 11 992 45 22 993 83 2 994 12 27 1004 87 3 1005 43 4 1006 83 27 1008 58 26 1011 53 16 1015 15 10 1015 94 11 1018 96 28 1019 8 22 1022 87 17 1022 93 8 1036 20 23 1039 34 17 1811 29 1 1817 26 31 1819 44 3 1819 100 20 1820 15 7 1822 8 5 1824 3 17 1825 81 9 1825 91 13 1830 38 15 1830 49 14 1832 36 4 1834 80 26 1836 85 22 1839 98 13 1842 95 23 1847 26 16 1849 14 7 1849 83 11 1853 5 15 1856 52 0 1858 27 23 1859 71 17 1864 93 2 1865 37 16 1866 74 25 1869 39 28 1869 54 3 1871 97 2 1873 69 17 1875 79 30 1878 100 1 1886 37 27 1889 18 19 1893 63 19 1894 41 14 1904 56 13 1905 93 10 1919 26 21 1925 62 3 1935 83 2 1941 60 13 1945 15 29 1948 82 8 1952 42 14 1955 4 5 1962 32 26 1964 69 26 1965 19 20 1967 19 20 1969 26 4 1977 27 6 1979 59 18 1980 28 3 1980 28 26 1982 19 27 1985 11 0 1985 45 2 1985 80 0 1986 6 24 1987 42 26 1990 43 5 1990 96 3 2004 3 16 2007 66 2 2020 50 23 2024 41 19 2029 20 9 2039 31 9 2040 43 20 2042 96 27 2046 5 6 2050 3 22 2051 17 0 2051 57 4 2052 83 6 2054 95 22 2056 3 6 2066 70 28 2071 80 7 2071 94 27 2072 48 19 2073 9 25 2075 21 24 2083 11 21 2085 77 10 2093 10 28 2094 93 5 2096 69 31 2098 44 23 2100 35 25 2103 40 12 2109 18 26 2111 79 18 2113 58 7 2114 49 12 2114 59 11 2117 34 29 2121 4 9 2123 88 24 2129 66 18 2130 86 31 2137 36 6 2140 84 27 2142 8 27 2142 53 3 2144 28 24 2151 78 14 2155 69 5 2158 24 24 2159 33 14 2163 92 2 2173 81 30 2174 64 26 2178 34 14 2180 43 1 2183 97 31 2184 7 19 2187 2 27 2187 27 7 2190 96 30 2191 51 21 2191 94 3 2192 6 24 2192 49 15 2193 37 12 2193 77 3 2195 93 18 2196 34 14 2204 14 2 2204 38 4 2207 18 28 2211 48 30 2214 49 13 2216 100 3 2220 19 7 2224 12 22 2233 7 23 2244 71 21 2244 83 28 2248 72 0 2250 73 11 2257 13 28 2259 90 23 2261 85 20 2265 10 22 2267 17 6 2269 37 11 2270 28 5 2270 92 23 2276 3 23 2279 62 11 2283 68 5 2288 79 20 2292 85 16 2296 43 9 2300 26 21 2302 15 7 2302 90 30 2304 19 1 2307 80 7 2309 89 20 2313 33 20 2314 16 28 2315 66 12 2316 27 5 2318 29 15 2324 57 0 2325 94 20 2326 46 14 2331 48 30 2331 78 2 2332 58 5 2337 24 24 2344 95 23 2364 87 17 2368 81 21 2371 18 3 2372 70 4 2375 11 2 2376 3 6 2377 68 15 2381 60 1 2383 7 9 2385 31 18 2389 58 16 2397 14 11 2411 66 20 2414 28 1 2415 13 31 2420 13 4 2420 21 5 2428 27 28 2433 5 18 2433 14 20 2436 13 26 2439 99 28 2440 23 18 2440 70 16 2450 32 26 2469 92 13 2474 79 27 2477 43 29 2479 46 26 2479 71 17 2481 33 16 2482 38 26 2482 67 12 2485 70 30 2486 45 5 2491 74 19 2498 37 10 2498 73 24 2499 64 0 2500 66 27 2505 81 2 2506 24 1 2511 72 20 2516 62 5 2518 80 14 2533 33 20 2535 43 29 2537 34 9 2537 38 24 2539 62 28 2540 59 4 2540 95 24 2541 28 10 2543 72 16 2544 89 19 2551 3 9 2551 27 6 2552 33 29 2552 71 18 2559 54 31 2565 32 13 2568 21 29 2577 76 13 2578 19 25 2581 26 31 2589 91 6 2600 84 11 2604 6 31 2604 43 7 2608 39 8 2612 40 28 2613 62 16 2613 68 6 2613 97 20 2615 33 15 2615 60 15 2616 95 1 2618 81 12 2621 76 21 2626 96 4 2627 48 18 2627 64 6 2631 77 15 2632 34 8 2632 74 12 2634 95 26 2638 45 24 2651 22 26 2653 0 27 2658 59 8 2661 73 6 2662 72 1 2664 42 27 2664 51 26 2668 65 31 2668 91 27 2669 63 4 2671 69 4 2674 30 5 2679 84 18 2680 40 25 2683 53 5 2683 100 31 2686 72 3 2687 46 25 2688 5 12 2689 100 21 2690 92 24 2691 41 11 2692 17 4 2694 9 2 2694 65 26 2697 71 17 2702 22 15 2702 36 26 2705 52 21 2706 48 5 2707 41 26 2711 30 0 2715 12 11 2715 26 3 2722 31 0 2722 42 11 2722 57 19 2728 1 9 2729 43 12 2730 45 0 2732 29 13 2734 73 31 2747 71 23 2753 60 5 2754 89 25 2755 79 25 2760 70 31 2762 75 13 2765 25 8 2769 89 30 2769 96 5 2770 53 1 2771 97 29 2772 41 17 2775 31 6
918 625 0.0001 72 35 1 72 95 18 73 76 9 73 82 27 76 16 25 77 11 16 84 25 20 86 75 21 88 49 27 99 95 1 99 100 30 107 93 2 112 80 19 119 2 11 123 99 2 124 57 2 126 81 6 127 42 5 133 62 13 136 33 23 138 33 21 138 39 25 141 64 15 150 26 31 154 43 25 156 26 26 157 35 26 161 75 1 169 58 24 173 10 18 179 59 1 180 52 17 184 11 4 187 98 31 190 93 25 194 78 2 198 34 14 201 37 19 205 52 23 205 96 4 210 27 25 212 61 15 212 80 26 215 74 25 216 15 2 218 86 11 221 19 12 221 40 21 225 72 16 228 20 16 231 37 3 233 71 17 239 68 15 239 93 19 240 58 13 241 77 18 243 6 4 245 10 2 250 95 21 253 99 31 256 83 27 262 62 29 266 89 16 268 60 5 269 6 4 271 74 28 273 20 16 274 26 29 274 57 5 282 28 30 282 63 19 287 70 1 292 39 8 293 48 9 297 13 14 298 10 5 298 12 3 302 27 6 302 55 22 306 93 5 311 10 3 311 93 7 314 35 3 317 4 23 319 73 18 325 48 4 327 41 14 332 63 31 333 48 18 333 60 18 339 74 26 339 79 18 345 96 0 348 7 15 351 43 15 354 25 24 357 81 1 358 27 24 359 23 15 359 84 9 361 80 9 366 30 8 366 80 1 370 97 12 379 76 18 385 29 3 385 94 3 386 13 6 386 20 1 389 9 25 389 92 1 391 16 30 391 50 26 397 94 24 401 36 11 401 58 14 403 73 27 407 90 19 409 7 0 419 97 24 421 4 11 422 6 19 423 13 5 424 85 29 425 25 8 428 27 28 433 11 12 433 62 4 440 74 23 443 56 3 447 37 16 448 2 19 453 77 22 454 28 9 455 27 26 469 72 6 479 19 24 481 61 12 482 22 6 488 77 16 491 20 19 499 2 11 500 27 4 504 81 14 506 60 3 510 97 23 511 22 25 511 88 20 512 66 29 535 56 31 535 79 19 539 26 25 539 89 11 543 23 7 551 16 20 566 0 17 566 34 26 570 85 7 575 9 29 579 1 29 581 11 25 583 44 5 585 66 6 588 18 27 589 16 5 594 52 29 596 47 30 601 49 6 601 94 3 613 15 30 613 42 15 613 90 6 616 5 18 617 69 16 623 19 9 634 50 6 637 12 31 642 8 29 644 35 26 645 27 2 648 28 3 653 15 4 653 59 7 657 62 24 658 59 16 660 72 6 664 10 24 665 27 15 665 91 12 666 51 13 670 13 27 684 15 17 688 97 0 689 17 14 691 7 0 693 95 28 698 32 1 699 9 11 702 60 4 703 69 12 706 40 8 718 0 10 724 78 26 725 85 25 726 91 8 729 33 18 729 84 18 731 75 27 732 10 11 734 100 23 736 75 28 737 97 14 740 100 9 752 61 28 755 36 0 756 43 3 756 60 23 761 93 28 762 83 24 767 20 28 771 31 16 793 48 17 796 24 7 796 56 1 798 54 31 809 35 14 828 44 8 832 37 20 834 98 24 835 22 22 842 12 12 842 49 24 843 31 30 849 27 24 850 99 17 854 46 21 861 15 18 863 29 25 866 78 20 870 19 5 871 17 31 872 95 14 875 42 15 877 34 23 880 34 2 883 50 8 884 3 1 887 55 1 890 83 18 891 75 29 897 47 5 901 70 31 903 91 3 903 100 7 904 70 20 908 30 6 908 42 4 911 36 16 919 18 1 926 88 25 928 54 29 929 14 10 929 85 3 932 95 29 935 39 6 935 49 15 936 48 4 939 47 6 940 29 6 941 82 9 942 48 16 943 17 1 947 22 31 947 74 6 947 78 8 949 30 23 950 100 2 956 8 11 960 58 19 964 66 16 966 57 17 970 0 25 983 98 31 987 32 28 987 91 25 988 39 11 988 95 30 990 66 16 994 16 2 996 81 15 1001 10 28 1002 75 22 1007 41 28 1017 64 27 1024 60 13 1025 88 26 1027 41 17 1031 15 13 1032 40 12 1032 70 12 1032 92 13 1036 80 31 1037 69 17 1808 11 5 1808 32 11 1809 26 12 1812 35 18 1814 11 18 1814 34 18 1820 38 19 1822 11 16 1825 76 5 1827 41 3 1833 36 9 1836 15 24 1836 77 7 1841 93 2 1843 86 25 1847 16 21 1854 25 5 1858 57 7 1860 51 11 1860 80 4 1867 22 30 1867 37 21 1868 47 18 1870 99 27 1876 11 21 1877 10 22 1879 72 16 1884 12 26 1888 13 28 1890 77 15 1892 93 27 1893 1 24 1901 23 18 1907 68 31 1912 82 28 1914 13 15 1914 61 12 1918 80 20 1918 93 28 1920 58 31 1923 11 15 1925 71 6 1926 98 27 1929 13 31 1931 34 27 1932 18 30 1933 59 7 1934 13 2 1937 74 4 1940 87 23 1940 94 14 1943 51 11 1943 71 14 1944 27 6 1949 61 28 1951 45 3 1956 0 20 1957 30 13 1958 0 23 1958 27 19 1962 28 22 1963 10 20 1965 88 29 1971 14 24 1971 25 22 1973 11 27 1975 75 1 1979 54 28 1981 95 2 1986 37 26 1988 57 8 1996 81 1 2003 95 21 2007 70 6 2007 100 14 2010 36 10 2015 45 25 2019 8 30 2019 23 10 2023 54 14 2027 45 22 2028 29 28 2028 97 23 2030 5 16 2031 36 6 2031 53 23 2035 0 24 2035 75 30 2037 98 20 2044 83 10 2046 20 7 2046 35 31 2048 22 3 2049 58 3 2050 1 3 2053 72 29 2056 46 31 2064 49 28 2076 41 24 2078 19 1 2081 95 18 2084 57 28 2087 69 24 2090 74 29 2091 22 23 2096 56 0 2096 58 19 2097 12 18 2098 4 23 2099 42 14 2101 95 5 2102 57 2 2106 0 5 2107 77 21 2111 85 27 2114 36 13 2127 67 2 2132 16 0 2138 73 28 2143 27 19 2151 70 6 2151 76 15 2155 85 22 2157 43 16 2157 53 22 2168 20 12 2180 12 15 2181 49 21 2182 39 10 2183 86 27 2187 43 20 2187 59 29 2189 57 20 2191 50 9 2197 41 3 2199 54 22 2210 24 9 2210 82 7 2210 85 23 2214 100 22 2215 47 6 2216 47 30 2222 45 31 2223 10 25 2224 0 2 2225 66 30 2226 10 30 2226 31 4 2232 63 20 2232 65 19 2232 96 11 2233 98 29 2235 4 28 2239 7 23 2240 57 23 2241 47 0 2241 74 23 2242 79 11 2247 48 18 2247 80 11 2252 46 23 2253 11 25 2259 7 28 2265 75 5 2270 23 4 2270 41 9 2274 93 17 2281 61 23 2286 64 31 2288 22 10 2291 20 20 2292 49 1 2296 42 21 2297 45 9 2307 3 19 2308 38 8 2308 49 11 2312 34 7 2317 94 23 2318 96 9 2320 74 22 2321 62 12 2329 24 5 2333 67 1 2333 82 25 2337 34 20 2338 15 2 2344 72 28 2347 84 31 2355 87 23 2358 87 8 2361 50 25 2362 17 21 2367 42 25 2371 3 14 2371 95 27 2373 62 1 2374 32 15 2381 62 25 2381 78 14 2384 22 23 2386 49 3 2388 93 25 2394 10 10 2398 83 2 2403 78 4 2407 41 30 2409 2 28 2409 52 18 2414 6 28 2414 9 17 2417 97 28 2424 54 2 2424 82 20 2425 28 27 2433 58 1 2434 66 15 2434 91 21 2441 39 7 2458 89 28 2461 31 9 2466 88 15 2467 31 12 2471 50 4 2475 32 17 2481 22 3 2481 44 0 2481 49 17 2483 89 5 2485 46 4 2486 71 2 2487 48 10 2493 12 11 2495 32 12 2498 94 14 2499 53 8 2502 94 23 2503 87 17 2505 25 31 2508 6 20 2509 84 1 2518 95 27 2521 3 9 2521 45 30 2531 38 13 2532 49 6 2534 11 16 2535 43 11 2535 75 13 2536 10 12 2540 21 13 2543 42 26 2553 70 12 2559 92 28 2564 10 4 2566 95 24 2569 100 28 2570 30 23 2571 19 8 2572 12 13 2572 42 24 2575 2 21 2583 96 0 2599 43 9 2600 44 21 2607 75 11 2612 4 4 2613 32 8 2620 6 23 2622 7 26 2632 86 2 2638 85 3 2642 19 7 2644 32 5 2646 85 28 2650 97 22 2651 85 0 2654 67 27 2660 35 29 2661 31 28 2663 100 9 2664 49 4 2666 3 16 2666 96 4 2667 26 22 2667 72 9 2668 60 10 2669 25 26 2672 61 12 2673 84 6 2679 8 19 2679 38 1 2684 7 22 2684 69 14 2685 48 19 2689 56 9 2690 53 0 2693 29 4 2697 67 29 2698 46 18 2700 2 8 2700 89 21 2703 28 1 2705 69 15 2708 1 24 2714 72 3 2715 58 8 2716 61 22 2718 84 6 2725 80 17 2729 65 9 2731 62 7 2741 11 12 2748 28 16 2751 17 21 2757 25 17 2758 38 17 2766 39 24 2767 45 16 2768 98 30 2769 29 9 2769 78 15
919 625 0.0001 82 38 14 86 64 26 89 68 13 89 68 16 90 84 7 91 24 27 94 19 16 95 14 31 96 88 17 99 91 8 104 25 31 110 30 12 111 31 9 112 7 6 114 19 6 124 39 1 129 28 3 130 49 13 131 68 12 134 37 29 135 7 15 137 19 6 142 10 22 143 94 7 153 53 20 154 19 7 160 37 17 161 51 24 164 99 20 166 35 20 166 71 7 170 38 4 171 27 13 173 30 22 173 52 26 176 83 15 177 43 11 189 51 22 191 56 18 195 0 15 198 58 10 200 26 14 201 59 21 205 81 28 211 84 7 215 25 12 224 66 21 233 44 18 235 6 1 235 44 16 239 33 29 241 92 1 242 59 7 249 27 3 250 79 15 257 51 16 259 55 8 262 63 13 268 66 7 275 79 2 277 70 8 280 16 29 283 32 9 287 91 10 292 79 4 297 58 21 305 13 20 308 55 9 312 37 8 313 48 12 313 52 15 313 73 0 313 76 9 317 29 4 320 47 3 320 88 22 329 17 5 329 40 19 330 56 10 334 0 25 334 26 11 336 93 19 339 72 14 355 35 26 380 15 16 386 87 16 390 39 10 392 41 7 393 34 24 394 33 30 396 28 22 396 72 24 399 32 29 400 81 2 403 80 0 410 30 3 411 39 20 414 96 25 415 75 19 421 63 6 422 78 15 429 21 31 431 12 20 436 26 6 442 81 9 445 52 25 448 27 2 448 77 12 450 80 15 451 50 30 456 32 17 459 77 22 460 98 22 462 14 14 463 85 11 467 11 10 469 52 1 470 38 19 471 6 28 473 48 9 476 43 13 478 30 20 483 11 17 485 19 1 490 2 9 491 27 6 495 15 15 495 35 18 498 57 0 503 39 5 505 53 27 506 2 21 506 84 5 512 22 3 514 55 22 515 82 10 516 67 6 516 67 29 518 6 10 519 67 24 521 94 29 523 7 29 523 72 18 524 34 2 531 64 17 533 30 27 534 19 19 535 28 18 541 57 16 548 63 4 554 50 1 558 34 31 560 51 24 564 29 31 565 53 5 570 4 0 570 89 12 572 40 27 577 39 12 577 50 20 579 20 4 579 93 0 579 100 11 582 5 11 582 77 30 587 9 9 589 18 5 590 11 0 595 30 25 595 43 18 596 37 18 598 63 31 599 5 0 599 44 5 608 80 31 615 33 10 616 34 18 621 13 3 639 69 4 644 73 4 644 88 14 647 61 10 655 16 25 659 9 18 662 66 17 662 93 6 663 42 24 665 76 29 671 42 28 672 59 12 674 21 5 681 70 7 692 0 15 692 72 7 694 34 24 697 77 22 699 65 10 701 83 22 701 87 15 702 29 27 704 7 23 705 52 23 705 93 22 707 79 23 712 71 14 713 99 24 722 33 16 728 86 1 732 85 16 734 74 4 742 53 21 742 89 23 743 57 29 745 92 11 747 53 28 758 21 9 758 43 12 759 70 16 761 52 8 764 16 10 764 58 10 768 95 6 775 99 8 776 10 25 777 87 0 780 46 23 783 93 1 784 39 30 787 80 5 789 39 30 790 28 23 794 41 9 798 65 23 798 75 12 799 17 9 806 96 28 809 35 24 811 80 10 812 44 5 813 44 17 814 22 4 829 98 18 832 26 13 833 79 9 833 91 31 834 81 28 835 11 6 835 99 1 839 93 9 841 1 24 843 42 2 845 5 23 846 86 19 855 37 30 859 70 4 859 79 20 862 85 4 872 31 28 879 45 3 884 48 17 888 46 4 890 13 8 892 36 15 900 93 30 902 44 11 904 85 29 907 63 25 908 19 25 917 77 23 917 86 22 920 74 2 923 93 14 927 84 3 930 92 17 932 65 23 935 59 0 938 55 19 939 26 5 939 74 23 939 82 8 940 86 18 941 84 11 942 2 13 942 69 22 946 33 17 947 31 23 948 37 3 948 61 31 951 87 7 952 86 21 954 41 27 955 3 16 955 80 10 960 7 12 961 57 0 967 54 31 975 26 26 977 48 3 978 49 24 990 60 1 993 63 26 1004 30 3 1005 36 6 1007 57 27 1017 71 16 1019 21 20 1021 10 19 1021 12 28 1023 44 21 1023 46 11 1024 64 21 1024 82 6 1026 29 30 1031 20 11 1033 72 5 1822 44 30 1823 40 21 1825 18 14 1829 50 2 1832 42 29 1832 87 1 1836 31 15 1845 31 24 1855 12 29 1855 93 22 1857 88 14 1864 82 18 1869 78 4 1875 64 29 1879 30 2 1880 52 20 1880 61 19 1887 72 7 1888 57 28 1888 87 30 1895 38 7 1901 30 0 1909 91 19 1910 88 9 1911 47 4 1916 96 19 1918 71 6 1923 83 7 1927 64 25 1933 68 26 1933 82 23 1934 23 27 1935 87 19 1939 66 26 1940 82 17 1941 43 19 1942 64 6 1943 12 11 1943 13 22 1952 94 21 1955 82 15 1958 60 20 1961 1 8 1965 23 28 1968 55 27 1970 83 28 1972 6 9 1974 34 11 1974 72 17 1974 86 5 1976 79 1 1983 91 5 1993 67 17 1994 25 19 1994 91 2 1998 81 5 1999 24 20 2001 22 16 2003 40 17 2005 41 9 2006 60 23 2008 13 28 2009 63 10 2011 64 27 2012 8 24 2013 25 28 2020 74 26 2023 47 17 2028 63 0 2032 45 12 2033 90 12 2036 98 17 2037 46 14 2037 84 22 2038 28 21 2038 75 4 2039 44 21 2042 29 4 2043 9 30 2044 24 15 2044 48 28 2051 95 14 2056 63 19 2057 6 10 2059 68 17 2061 4 23 2063 0 16 2064 81 2 2067 17 21 2067 73 16 2067 91 21 2068 79 5 2075 79 27 2077 41 7 2079 93 4 2081 94 15 2082 38 7 2087 70 6 2087 100 27 2089 71 16 2090 15 20 2093 50 27 2095 59 31 2097 30 0 2098 19 25 2100 67 31 2101 51 13 2101 54 16 2125 72 31 2125 82 19 2126 1 26 2126 52 10 2129 5 11 2129 23 2 2129 53 0 2130 34 15 2130 60 8 2137 46 26 2139 97 7 2148 83 19 2149 86 8 2151 89 25 2151 92 6 2159 29 27 2160 29 15 2161 28 31 2165 31 6 2171 2 7 2173 65 24 2173 80 12 2177 30 24 2179 23 29 2179 69 4 2180 60 11 2185 14 28 2185 83 1 2190 32 16 2195 14 2 2201 16 5 2201 41 15 2202 7 11 2205 9 22 2211 62 27 2215 82 13 2218 59 18 2227 82 29 2230 87 18 2238 25 31 2244 31 15 2248 66 13 2255 83 13 2257 49 12 2258 66 24 2261 96 14 2262 43 31 2263 86 15 2267 31 29 2267 76 16 2280 28 7 2281 20 12 2286 35 15 2288 63 27 2290 6 0 2293 76 11 2295 86 19 2300 25 29 2310 72 15 2311 77 22 2314 8 23 2315 19 23 2315 79 0 2323 41 11 2332 5 20 2333 36 1 2348 87 6 2352 79 2 2353 96 30 2354 97 21 2360 27 3 2360 36 24 2361 59 18 2361 63 27 2361 93 25 2363 9 24 2366 52 6 2367 4 25 2367 77 3 2367 80 16 2368 57 10 2370 42 11 2380 45 17 2382 74 0 2388 76 10 2389 31 9 2390 9 3 2390 56 12 2392 75 24 2393 53 12 2398 98 21 2401 95 7 2407 76 5 2410 36 31 2410 54 15 2410 66 1 2411 16 17 2411 67 8 2414 9 10 2415 64 11 2416 86 11 2429 61 22 2433 46 26 2436 29 27 2437 50 5 2438 78 10 2442 58 6 2444 98 12 2447 14 22 2447 80 2 2448 69 5 2452 35 9 2455 47 2 2456 10 3 2460 16 12 2465 88 10 2468 92 18 2474 4 14 2476 85 24 2478 2 16 2481 93 23 2490 37 13 2494 73 2 2498 52 13 2499 84 12 2500 31 21 2511 19 17 2521 52 1 2523 3 7 2526 32 26 2528 83 19 2543 40 8 2545 95 28 2557 59 31 2558 23 26 2570 34 11 2570 65 26 2572 67 2 2575 12 29 2579 72 21 2580 84 27 2583 95 9 2584 59 24 2584 75 21 2585 11 15 2588 38 25 2596 45 16 2601 61 31 2602 68 17 2609 69 0 2614 49 7 2617 93 1 2618 8 23 2624 8 2 2624 93 15 2626 21 25 2626 31 30 2629 0 0 2629 13 1 2629 95 5 2631 93 16 2636 45 27 2636 96 27 2641 35 1 2646 95 1 2653 92 17 2654 77 28 2655 24 10 2658 33 10 2664 5 12 2668 51 31 2672 28 26 2674 66 24 2676 53 16 2678 32 21 2679 80 30 2679 92 17 2684 86 21 2684 91 31 2686 48 28 2688 89 7 2689 35 4 2693 71 9 2705 14 27 2708 73 22 2709 83 17 2719 43 5 2733 77 5 2736 23 14 2743 28 27 2748 85 26 2749 32 18 2751 24 14 2753 75 2 2755 70 5 2756 24 22 2761 41 0 2762 36 21 2766 90 19 2767 49 15 2771 37 0 2772 69 30
920 625 0.0001 73 59 15 76 13 12 76 42 28 76 59 20 76 65 24 77 89 22 82 88 24 83 24 3 90 100 22 94 71 28 95 92 5 97 36 20 97 43 2 98 58 27 98 96 4 108 18 14 108 41 19 115 40 11 116 4 21 118 97 25 120 68 20 127 27 8 128 39 2 134 43 9 138 1 28 143 43 18 144 71 16 144 89 27 146 42 3 150 52 1 151 58 6 151 65 7 153 54 29 153 67 10 163 5 0 169 71 1 170 47 24 170 85 28 175 20 20 180 30 23 180 57 16 180 60 25 185 74 19 185 90 24 188 15 18 191 84 11 192 94 9 193 76 11 197 91 20 202 67 18 208 50 12 208 93 17 209 22 12 215 86 19 216 47 18 220 18 6 240 69 8 247 9 4 248 32 16 251 42 11 255 55 17 256 36 5 259 63 3 262 26 12 262 93 27 265 74 24 267 89 27 268 12 28 275 90 11 279 37 15 282 91 22 283 59 22 289 86 28 290 8 3 291 43 29 293 67 21 295 10 25 296 70 25 297 66 24 300 79 31 301 19 0 306 49 24 307 62 28 308 62 0 318 34 17 319 37 2 327 11 26 334 61 5 335 68 23 336 12 6 337 90 21 342 47 3 344 1 1 346 38 20 346 69 15 348 8 24 350 75 10 351 49 30 351 56 24 352 37 7 356 46 11 356 74 26 357 34 28 359 97 19 362 90 4 364 3 24 368 71 24 374 43 0 375 75 27 379 62 25 380 55 15 381 64 26 383 91 5 384 26 3 391 46 2 401 64 22 402 95 18 403 84 17 404 15 30 404 68 18 410 97 27 417 61 5 421 92 12 423 28 31 430 53 8 432 95 0 441 9 23 445 64 13 448 50 17 450 25 5 452 39 21 465 27 31 467 8 27 470 21 1 477 69 26 479 70 24 483 56 13 483 78 26 485 15 5 486 81 26 498 3 10 498 23 8 500 13 1 500 36 8 510 33 28 511 71 7 515 43 31 515 65 5 516 33 30 520 31 21 525 11 19 530 38 29 536 72 6 548 4 2 550 16 30 550 52 26 553 49 13 556 84 9 558 59 18 559 67 25 559 73 14 562 75 17 564 77 29 567 35 22 574 58 5 574 79 12 575 39 20 576 30 7 580 37 5 581 70 16 585 6 30 586 93 17 588 16 3 589 81 16 592 50 31 598 27 4 599 98 26 600 47 22 601 77 11 606 87 13 607 20 28 608 57 13 609 54 13 609 85 15 611 87 30 617 85 1 620 9 7 626 34 10 627 95 26 630 6 13 630 13 18 634 11 7 637 85 25 638 24 28 638 95 5 643 53 0 645 10 6 650 63 10 655 88 1 656 52 5 657 17 8 657 46 29 661 72 20 662 67 24 662 71 22 668 4 23 673 67 3 679 66 6 682 15 15 682 68 30 687 11 2 692 56 19 697 22 8 698 61 9 703 18 13 704 91 24 712 61 20 714 2 17 714 23 13 718 64 24 720 37 2 726 61 24 728 50 19 734 25 14 745 74 9 752 82 31 754 21 6 755 8 29 756 42 0 765 48 3 765 99 17 769 86 6 771 49 22 773 27 16 779 12 21 779 53 9 779 93 0 789 60 5 792 66 20 792 75 10 799 4 6 803 49 6 812 57 31 812 60 12 818 59 26 819 21 6 819 23 14 819 80 1 832 60 29 833 26 0 836 100 3 837 17 15 837 17 30 837 40 15 840 44 19 845 74 3 848 83 28 853 16 22 862 11 17 862 46 3 863 29 24 868 49 2 871 16 16 872 30 5 874 86 7 876 15 8 876 44 13 880 80 3 881 16 21 882 28 9 885 61 0 885 100 6 889 98 4 890 93 26 896 71 6 904 22 30 912 69 29 914 68 24 916 44 5 920 30 6 920 40 28 927 83 31 929 14 13 929 42 17 930 29 7 930 39 24 935 100 17 941 64 4 942 56 11 945 79 3 950 44 30 950 88 17 952 96 16 955 13 22 977 13 27 977 34 8 984 25 3 986 95 2 988 19 14 993 47 31 998 5 1 1000 29 28 1006 34 20 1007 1 28 1007 55 5 1007 66 24 1008 56 2 1010 78 18 1019 93 25 1025 25 6 1038 24 19 1038 30 28 1809 68 6 1810 44 28 1812 85 13 1813 78 26 1814 23 24 1818 63 2 1826 89 9 1828 63 23 1830 15 24 1831 45 24 1840 48 22 1844 11 0 1844 60 23 1847 86 19 1852 32 8 1857 82 6 1858 27 0 1860 76 18 1863 21 12 1863 56 19 1864 0 20 1867 88 7 1869 98 9 1870 98 24 1874 81 20 1878 26 15 1888 21 10 1889 86 10 1891 29 10 1891 55 23 1891 78 10 1891 79 28 1892 58 30 1894 100 18 1898 93 11 1902 33 29 1905 32 3 1906 90 4 1914 66 15 1915 55 8 1915 90 26 1921 25 29 1927 43 24 1927 92 16 1936 56 27 1941 20 4 1941 97 8 1944 49 25 1956 77 19 1957 55 19 1958 76 19 1965 67 27 1967 78 6 1970 60 1 1974 66 29 1978 71 17 1979 50 12 1979 83 13 1984 20 17 1984 63 26 1987 4 14 1988 94 15 1990 49 2 1992 65 30 1998 66 24 1999 31 30 2006 82 7 2006 99 25 2010 52 6 2011 19 29 2015 31 26 2016 48 12 2020 64 6 2025 38 26 2025 72 5 2028 32 17 2028 56 15 2030 97 12 2037 86 9 2039 3 6 2040 82 6 2046 48 20 2052 55 14 2053 5 12 2057 80 19 2062 81 9 2069 42 29 2071 80 23 2074 23 2 2077 62 4 2078 76 2 2085 33 19 2085 72 13 2088 23 0 2088 93 12 2094 46 22 2094 79 6 2104 79 1 2107 3 5 2108 27 3 2109 54 29 2117 86 29 2119 38 6 2120 0 14 2123 13 0 2129 78 2 2131 11 11 2136 4 6 2139 66 8 2141 90 6 2142 28 22 2142 29 24 2146 7 13 2146 97 15 2149 89 2 2151 77 2 2152 30 3 2156 19 9 2167 20 6 2168 49 5 2178 55 11 2179 15 6 2179 89 11 2180 33 25 2185 6 16 2195 69 27 2199 52 13 2199 61 16 2202 48 12 2203 99 25 2204 60 30 2211 76 7 2217 15 24 2217 54 22 2224 59 30 2225 82 16 2228 1 9 2229 40 25 2234 45 29 2236 21 4 2236 27 5 2244 77 6 2247 10 2 2252 11 27 2257 37 9 2262 21 29 2264 6 21 2268 83 30 2270 16 13 2274 4 24 2276 11 28 2280 18 5 2282 46 31 2284 68 19 2285 43 14 2289 77 21 2291 30 31 2296 52 25 2298 29 26 2307 69 16 2308 25 15 2308 74 20 2314 19 18 2314 76 21 2315 92 6 2316 58 29 2317 21 28 2317 40 26 2320 3 23 2335 20 28 2336 93 8 2338 25 5 2339 81 3 2342 5 27 2343 82 29 2346 46 7 2347 39 6 2347 42 14 2347 96 23 2348 1 4 2348 65 6 2350 80 26 2357 4 12 2362 72 25 2366 38 20 2369 27 6 2373 9 5 2376 28 7 2380 97 5 2392 34 16 2394 26 15 2394 80 28 2395 15 6 2396 81 11 2398 47 24 2398 52 8 2399 42 3 2400 60 19 2401 4 23 2401 11 8 2403 65 4 2407 31 16 2412 24 5 2418 8 17 2418 64 25 2426 29 17 2437 19 12 2438 37 19 2441 51 16 2441 53 30 2445 72 20 2448 64 9 2448 92 7 2459 6 19 2463 41 3 2470 35 28 2473 73 8 2483 98 16 2485 64 4 2485 84 6 2486 59 11 2488 97 2 2489 75 20 2493 75 19 2494 99 9 2496 84 7 2498 57 23 2499 50 7 2505 72 21 2507 71 14 2509 53 6 2514 81 29 2516 12 5 2521 32 19 2522 33 12 2525 98 2 2528 56 17 2531 29 18 2536 49 12 2545 89 4 2547 31 2 2548 53 7 2550 47 12 2551 89 18 2552 19 12 2558 53 31 2560 7 31 2560 30 7 2565 91 13 2567 37 15 2572 67 19 2573 70 25 2574 63 24 2579 0 11 2594 30 30 2595 25 4 2595 93 27 2597 83 5 2599 92 14 2605 67 21 2615 47 1 2616 34 5 2621 85 18 2625 14 15 2626 94 24 2628 5 8 2633 56 19 2636 12 11 2636 66 19 2638 77 21 2638 79 5 2640 87 6 2642 91 3 2644 73 17 2645 91 18 2655 30 5 2656 58 31 2656 60 10 2664 91 20 2666 13 23 2671 34 30 2673 78 30 2674 25 27 2675 54 31 2679 28 27 2681 52 8 2685 62 9 2687 41 22 2692 74 0 2697 79 11 2698 21 7 2703 81 2 2704 25 17 2709 2 22 2709 97 24 2712 49 19 2718 39 1 2723 22 29 2724 48 8 2731 68 4 2742 39 21 2745 12 19 2752 49 11 2755 15 20 2756 89 9 2756 93 3 2764 86 27 2766 100 5 2771 33 24 2772 64 29 2772 88 15 2774 62 25 2775 65 13
921 625 0.0001 72 55 5 84 68 3 85 71 31 100 83 9 102 72 11 118 22 9 119 47 23 119 67 0 125 52 20 129 38 22 130 11 24 134 42 7 139 99 19 141 35 5 147 68 29 147 90 2 149 86 7 157 24 3 158 45 26 160 41 13 162 16 15 171 98 16 182 12 6 183 43 22 184 10 16 186 21 5 187 61 7 189 54 10 191 11 27 193 16 30 194 10 27 194 52 14 198 72 2 198 89 3 202 7 26 202 88 31 205 18 18 208 18 9 217 26 24 219 86 0 223 80 19 234 57 8 234 75 9 236 27 13 242 75 2 244 14 2 245 46 26 248 43 21 249 38 14 252 7 31 253 10 3 254 69 18 258 76 8 262 58 22 281 83 2 282 37 22 283 10 9 289 66 26 290 11 21 302 70 28 304 64 18 309 67 13 321 21 9 327 68 11 331 61 4 332 20 16 332 25 4 334 13 1 334 91 12 335 41 29 347 11 29 349 8 11 351 16 6 359 22 1 366 90 20 371 14 29 372 71 10 377 70 19 378 9 31 380 8 23 380 42 17 382 34 12 382 65 11 385 96 25 390 72 12 391 18 7 391 43 31 391 54 25 392 4 3 392 79 13 394 97 8 395 95 27 403 41 30 411 25 5 414 12 0 414 100 21 415 77 20 417 21 28 419 91 11 421 69 15 426 58 10 428 83 17 433 40 18 433 75 23 437 16 2 441 2 6 441 73 23 443 54 30 443 84 0 444 48 15 444 81 13 445 38 21 446 100 16 447 35 30 449 14 9 450 83 22 457 35 27 468 30 16 470 26 3 471 25 6 471 79 19 472 1 12 474 65 19 475 9 24 479 78 19 481 60 28 487 26 12 495 94 7 498 9 21 505 78 23 514 22 12 516 42 11 519 42 2 533 77 6 535 43 20 535 55 28 536 35 8 537 23 10 540 91 29 543 13 5 544 14 8 545 80 15 547 27 21 547 78 17 548 89 8 548 89 25 552 15 20 554 15 29 554 45 18 566 69 25 571 30 4 571 30 5 572 8 28 577 1 5 577 16 19 579 87 15 581 37 18 583 83 13 585 3 19 586 36 22 591 30 11 593 30 24 595 62 25 599 96 8 601 1 16 603 59 28 605 14 11 610 66 23 613 89 12 615 11 4 621 7 31 621 11 1 622 57 29 623 0 20 623 47 1 629 53 1 631 10 26 632 74 28 633 12 5 633 39 26 633 52 15 635 90 1 636 29 1 636 50 12 638 62 25 642 5 30 642 9 3 643 13 20 643 97 7 649 35 10 651 99 5 652 21 4 653 82 29 653 85 3 654 74 31 656 15 5 661 54 8 667 10 22 670 44 17 672 50 3 674 76 9 687 88 27 688 62 20 690 23 9 691 94 11 695 44 25 697 37 17 697 95 7 702 35 27 702 39 1 703 30 15 706 24 13 707 33 31 713 56 27 713 82 15 718 57 21 722 80 15 728 88 23 730 58 20 732 70 17 733 44 9 739 24 26 739 64 6 742 95 5 744 93 3 744 96 3 745 9 3 751 100 10 754 78 18 757 47 29 762 90 6 764 6 31 765 99 3 766 26 11 768 68 7 772 98 18 774 78 14 776 56 6 776 89 4 787 26 15 791 94 3 792 64 22 796 35 7 798 97 27 799 96 6 801 88 22 803 34 26 805 47 21 806 38 3 809 64 5 811 70 15 813 65 18 815 13 18 823 98 23 825 53 14 828 81 20 837 17 19 837 45 27 838 19 17 841 50 0 847 84 12 848 93 3 854 24 15 858 18 15 860 11 31 860 20 18 862 58 18 862 61 29 863 42 25 863 64 22 863 86 25 864 19 3 872 88 21 879 29 30 883 16 4 892 30 2 894 65 8 894 68 31 898 98 24 899 25 24 900 24 2 901 30 22 904 87 15 904 100 29 909 80 0 910 23 5 910 70 15 910 98 29 927 67 23 929 80 8 930 21 15 936 79 4 939 32 14 939 52 8 941 38 22 941 84 23 947 7 23 949 38 4 951 20 30 952 18 15 956 56 10 962 84 25 966 40 9 966 99 20 967 7 16 969 27 16 969 45 1 970 24 30 973 8 3 973 13 18 974 16 21 976 55 22 985 43 19 986 53 4 987 48 6 989 30 10 994 3 31 996 39 9 996 59 28 997 49 11 1007 18 3 1013 83 20 1013 97 29 1017 52 16 1017 100 5 1018 25 1 1026 62 18 1031 8 17 1810 76 7 1820 64 3 1822 95 5 1823 7 13 1826 87 27 1827 34 14 1829 85 9 1840 54 27 1844 56 29 1850 14 16 1852 54 25 1853 22 0 1854 6 30 1854 53 31 1855 64 5 1860 83 20 1861 35 27 1861 66 13 1862 2 18 1875 80 26 1889 89 6 1892 99 14 1893 48 14 1894 42 31 1896 25 17 1902 21 8 1906 14 27 1917 6 19 1927 51 11 1933 69 9 1933 92 27 1936 22 1 1936 63 30 1938 36 9 1939 52 27 1941 2 26 1944 88 29 1949 30 27 1951 73 23 1955 43 0 1957 26 16 1958 80 3 1962 36 25 1973 50 19 1973 81 19 1974 40 24 1976 71 12 1977 23 3 1977 37 21 1978 50 14 1980 83 30 1984 23 7 1987 36 19 1988 1 22 1992 0 8 1994 28 31 2000 33 17 2005 95 6 2006 11 8 2007 3 19 2008 53 9 2009 70 27 2010 45 29 2010 84 25 2012 38 30 2021 14 0 2023 84 13 2024 80 1 2029 53 31 2029 77 11 2029 80 29 2031 54 19 2041 47 18 2047 1 29 2049 11 3 2049 74 10 2052 20 14 2054 19 30 2055 65 5 2058 59 16 2064 78 30 2067 51 11 2070 28 4 2080 21 13 2085 76 27 2088 13 17 2092 55 15 2094 0 29 2098 49 13 2102 84 5 2102 95 30 2110 94 18 2118 4 12 2120 1 0 2120 92 11 2126 23 4 2128 73 7 2134 100 28 2138 35 3 2143 54 8 2149 14 5 2151 85 5 2153 43 11 2154 33 12 2157 66 25 2161 31 29 2164 85 26 2166 60 29 2172 67 2 2173 54 17 2179 10 6 2179 88 10 2181 39 19 2181 90 8 2185 80 25 2191 86 11 2196 73 27 2217 77 10 2219 19 16 2229 69 23 2230 2 17 2238 88 24 2240 72 0 2243 21 1 2243 56 13 2243 96 26 2246 63 14 2249 57 19 2250 75 4 2254 71 10 2255 58 31 2259 25 5 2260 95 20 2262 37 21 2264 10 28 2271 9 15 2272 26 22 2276 86 6 2277 81 11 2278 10 25 2283 52 9 2283 69 1 2286 24 20 2286 94 3 2296 95 23 2301 44 1 2305 48 20 2309 52 9 2309 58 17 2316 1 22 2320 6 26 2320 22 20 2325 70 12 2329 42 28 2329 58 31 2343 55 29 2344 48 31 2350 95 23 2352 15 1 2353 20 31 2365 3 14 2368 8 9 2369 27 27 2371 84 18 2375 74 9 2380 36 4 2381 13 19 2382 12 19 2396 4 9 2400 1 19 2400 67 10 2406 9 3 2408 45 21 2415 23 24 2416 30 6 2416 98 22 2420 23 20 2424 48 16 2427 89 22 2428 65 25 2428 93 5 2429 68 11 2432 69 18 2435 67 28 2435 90 31 2439 10 23 2439 81 21 2441 2 17 2441 4 19 2442 1 1 2445 57 18 2447 38 18 2449 77 6 2451 93 17 2452 38 19 2457 93 15 2462 5 25 2468 93 28 2469 67 3 2470 37 11 2472 4 24 2479 64 22 2481 3 0 2491 93 12 2496 87 9 2496 91 19 2498 96 17 2499 56 19 2499 87 8 2509 2 2 2512 78 26 2518 52 10 2520 57 2 2531 17 11 2532 79 31 2533 33 9 2533 97 9 2538 33 20 2539 17 21 2545 14 15 2545 25 29 2551 90 9 2560 97 22 2562 23 18 2565 39 16 2567 9 26 2567 29 18 2569 67 22 2574 27 18 2574 57 19 2580 57 23 2581 91 11 2588 34 0 2590 87 31 2591 31 5 2595 49 8 2596 14 27 2597 96 21 2601 48 6 2603 82 30 2605 98 15 2607 91 15 2607 92 3 2607 97 9 2613 30 10 2613 44 25 2615 93 3 2620 21 28 2620 98 30 2623 17 6 2627 32 3 2632 97 14 2635 62 21 2636 55 8 2638 75 19 2641 84 13 2644 0 29 2648 68 10 2649 98 29 2653 46 19 2655 22 18 2657 12 13 2657 56 17 2659 2 5 2659 87 17 2669 92 31 2671 54 25 2671 87 10 2680 86 5 2681 76 28 2687 34 15 2693 48 3 2697 67 6 2699 98 12 2701 53 12 2704 34 16 2705 33 11 2712 43 21 2717 34 24 2719 53 10 2719 86 11 2722 1 12 2730 69 12 2735 93 22 2736 27 30 2738 51 30 2744 78 31 2745 30 23 2752 30 22 2754 16 21 2757 90 3 2757 99 25 2758 76 18 2759 19 10 2769 50 15 2770 79 26 2771 84 4
922 625 0.0001 76 66 8 80 82 15 82 85 5 85 73 25 87 81 9 91 82 31 93 100 8 100 84 24 102 53 16 103 13 29 103 15 13 103 42 15 104 66 1 106 86 4 107 81 0 109 39 8 109 41 7 117 53 4 118 59 7 120 3 15 124 35 1 125 67 14 126 32 0 127 45 28 133 13 18 135 33 19 138 95 24 139 90 5 143 8 2 143 92 15 153 45 26 155 18 11 160 9 17 160 56 7 164 68 11 168 47 28 170 72 0 173 13 16 175 58 12 182 13 17 189 42 7 197 17 25 203 56 16 208 0 31 216 67 27 221 46 1 221 73 17 222 0 13 222 56 27 228 59 1 232 36 14 238 18 10 239 61 23 239 64 22 243 4 5 251 70 24 262 35 13 264 10 1 273 42 0 274 76 9 275 50 10 276 1 31 279 67 16 281 0 2 285 12 14 288 54 10 290 24 12 295 98 13 296 90 22 301 35 23 307 40 19 308 93 25 310 23 13 312 81 9 315 90 1 317 74 20 318 52 1 319 80 12 329 72 6 332 55 10 335 54 22 335 69 9 338 24 28 341 56 23 342 34 31 342 46 12 343 63 1 348 44 17 349 76 25 355 95 13 358 27 22 363 25 9 367 0 27 368 41 6 377 30 8 391 97 30 392 13 23 397 38 4 400 52 19 401 16 29 401 24 22 403 23 10 403 27 12 409 6 20 410 43 5 410 99 19 412 34 3 413 50 12 417 12 3 418 86 12 422 87 19 426 38 9 431 38 2 435 4 30 436 23 0 439 6 10 441 49 7 442 19 14 447 37 22 448 45 19 449 44 4 451 14 8 452 65 17 453 82 2 457 28 29 461 89 17 464 42 14 466 100 31 471 26 5 471 87 0 476 82 16 479 93 19 489 79 16 491 25 16 494 7 10 495 3 22 502 61 4 506 4 26 507 40 9 508 48 14 508 91 8 509 85 8 514 30 29 517 49 11 519 13 24 519 90 9 523 56 23 524 48 0 526 65 18 528 35 19 533 13 24 534 90 19 535 43 19 536 85 6 537 93 16 538 80 16 543 88 12 545 0 0 549 72 23 550 29 1 553 72 20 553 86 13 554 19 28 554 27 17 562 5 8 562 17 18 567 3 10 579 8 6 583 20 30 584 12 19 587 66 23 594 94 8 598 4 4 599 6 12 603 60 16 608 36 0 610 99 17 611 21 12 611 91 14 616 86 28 626 87 4 629 92 27 630 64 16 630 90 20 631 6 25 634 59 27 637 68 9 637 80 6 637 93 20 638 12 13 639 89 23 649 7 5 650 24 2 650 79 0 653 98 30 654 96 30 670 40 4 674 36 8 674 40 24 676 2 26 676 93 29 683 37 21 688 5 6 688 71 0 689 74 15 692 93 29 700 43 0 700 91 26 701 61 13 705 2 12 706 64 0 706 74 15 708 100 7 709 78 26 713 22 12 713 60 11 716 82 13 716 99 4 724 75 20 731 68 30 733 98 0 736 74 20 737 83 15 747 12 5 747 79 0 748 23 20 749 38 21 749 45 24 751 94 20 754 86 6 758 60 0 759 2 16 759 82 22 764 23 13 764 30 28 764 30 30 765 52 28 768 57 29 790 80 25 793 43 10 795 52 6 798 29 15 798 65 9 799 35 15 799 36 26 799 67 12 802 83 9 803 53 20 806 96 11 807 34 18 811 7 19 811 28 22 817 61 14 819 66 23 822 23 26 823 51 13 826 29 25 829 23 5 834 90 26 840 78 22 843 63 10 852 15 1 854 88 18 857 53 17 859 10 23 868 16 16 870 1 7 870 48 15 873 91 26 875 13 18 875 77 5 882 50 13 884 91 22 886 30 22 887 60 27 898 95 0 899 32 13 904 54 16 905 47 0 908 93 24 916 40 2 917 3 0 918 29 0 925 5 22 927 88 22 928 42 20 929 97 29 930 34 30 932 59 18 934 74 29 937 16 0 941 16 23 948 47 13 959 93 11 967 40 3 973 56 11 973 79 25 974 11 16 974 25 20 977 31 18 978 43 8 980 24 27 986 20 24 986 51 25 999 55 6 1002 93 20 1004 55 26 1006 43 25 1008 31 16 1011 19 29 1011 52 7 1012 18 1 1013 66 1 1014 8 27 1018 4 7 1018 71 14 1020 43 24 1021 87 31 1022 20 19 1022 94 14 1023 82 8 1024 51 6 1027 65 25 1028 66 29 1032 21 11 1818 17 3 1820 17 15 1820 40 0 1821 78 0 1823 6 0 1830 92 30 1832 69 13 1835 61 30 1840 31 29 1841 64 8 1844 25 14 1845 2 10 1845 96 31 1855 40 12 1855 66 2 1856 31 23 1856 37 11 1858 27 19 1860 27 30 1867 9 7 1869 37 14 1876 59 28 1881 24 0 1883 35 27 1885 30 21 1885 36 13 1889 16 1 1889 100 13 1891 47 11 1895 74 27 1895 98 30 1897 57 19 1903 58 10 1903 62 16 1904 31 12 1905 28 6 1910 21 20 1913 85 26 1914 31 7 1917 36 7 1917 72 10 1921 92 29 1926 20 24 1932 57 14 1934 28 8 1934 96 2 1937 51 21 1939 70 24 1940 19 16 1944 31 28 1945 72 24 1947 41 4 1949 33 2 1950 13 19 1960 99 8 1961 31 30 1962 67 26 1965 45 24 1969 25 31 1975 94 5 1977 60 11 1980 50 26 1984 0 14 1985 49 2 1987 37 18 1997 37 24 2003 38 17 2004 53 27 2014 8 21 2015 12 12 2015 96 27 2021 89 9 2022 90 10 2023 53 3 2025 51 31 2026 0 3 2027 15 25 2029 30 6 2032 21 2 2032 70 3 2040 74 25 2051 98 23 2052 84 16 2055 77 25 2055 90 9 2057 98 4 2058 94 25 2064 90 20 2068 45 19 2072 78 25 2073 98 16 2078 32 19 2081 34 19 2083 42 19 2083 72 25 2083 75 0 2088 27 20 2089 13 13 2091 97 8 2093 40 4 2094 54 21 2099 26 1 2105 1 30 2105 31 18 2105 50 31 2112 18 23 2114 90 18 2116 30 19 2119 80 12 2121 25 13 2125 63 21 2129 8 0 2137 92 17 2139 4 8 2143 71 20 2144 11 14 2144 82 8 2146 76 22 2147 3 13 2153 68 21 2154 93 2 2158 83 24 2161 78 1 2162 86 5 2164 79 24 2171 35 3 2171 79 3 2175 73 7 2183 21 4 2185 20 21 2189 2 26 2190 15 8 2192 18 17 2198 15 0 2199 20 3 2199 54 27 2205 96 15 2209 22 23 2209 58 31 2214 50 19 2216 38 25 2217 57 23 2219 100 21 2220 8 10 2222 17 9 2228 7 12 2230 3 17 2230 15 3 2234 14 19 2237 22 26 2237 46 31 2254 57 26 2263 46 28 2276 96 0 2280 31 29 2280 88 6 2280 93 15 2282 49 15 2283 35 28 2283 99 18 2288 30 21 2289 35 4 2295 69 30 2296 96 4 2300 36 28 2310 10 0 2311 55 29 2313 67 6 2322 75 22 2325 76 21 2330 61 7 2331 3 25 2339 33 21 2343 62 24 2345 3 14 2350 95 7 2352 26 20 2353 91 20 2355 33 10 2357 86 31 2361 45 8 2362 99 6 2366 16 12 2368 7 26 2372 47 29 2374 76 16 2377 63 23 2390 88 8 2390 91 19 2405 19 6 2409 22 4 2411 99 10 2413 16 25 2413 89 31 2420 3 0 2427 31 12 2431 7 6 2437 96 1 2450 50 3 2452 82 22 2455 45 25 2459 57 8 2459 83 14 2460 70 12 2464 55 14 2464 58 31 2479 3 8 2480 98 8 2484 66 6 2485 60 12 2487 59 31 2491 100 30 2492 63 2 2493 8 29 2494 12 2 2497 56 17 2499 34 4 2505 84 4 2510 64 18 2512 77 10 2518 13 13 2530 10 30 2532 95 9 2541 59 5 2550 12 21 2550 50 11 2553 56 28 2554 15 7 2555 77 18 2563 39 19 2565 18 21 2566 47 21 2566 94 23 2567 37 26 2571 89 28 2575 44 7 2581 8 8 2582 7 6 2582 56 16 2584 79 3 2589 50 6 2593 52 20 2597 48 29 2598 90 7 2605 86 20 2608 55 23 2613 26 19 2616 100 31 2623 29 6 2624 47 27 2626 89 28 2628 6 23 2629 65 30 2634 73 6 2650 69 20 2651 12 5 2657 88 5 2658 93 17 2662 58 28 2664 21 5 2664 62 23 2668 0 17 2670 100 23 2672 1 27 2674 90 30 2674 91 18 2675 15 22 2677 89 24 2683 63 20 2685 54 0 2689 35 0 2690 90 0 2691 4 17 2697 36 28 2701 23 3 2701 33 25 2705 63 9 2709 81 16 2712 8 2 2715 59 1 2717 84 3 2718 79 16 2725 16 10 2736 11 11 2738 9 14 2739 33 17 2741 1 30 2744 25 26 2750 12 31 2754 42 8 2757 77 14 2758 23 16 2762 48 24 2766 41 26 2766 71 24 2768 28 6 2771 96 28 2774 13 24 2774 16 29 2775 12 26
923 625 0.0001 75 96 11 79 87 22 80 45 24 82 76 17 85 58 15 85 95 11 89 14 30 96 68 22 96 87 7 98 26 31 100 8 4 101 89 31 103 3 26 109 15 6 109 56 0 117 35 3 118 40 11 121 5 5 138 0 20 138 75 31 140 85 19 141 70 6 144 41 8 145 9 21 147 6 13 147 19 2 148 31 25 148 32 2 150 28 11 151 55 5 154 47 28 154 72 12 159 44 1 160 70 18 161 32 3 161 59 22 164 15 22 179 16 0 180 79 2 181 83 15 182 99 13 190 92 25 193 40 1 200 100 21 201 35 9 202 90 2 203 91 16 204 98 24 210 2 8 214 44 24 214 86 5 217 74 28 217 89 25 227 62 31 234 70 31 237 78 1 243 3 9 249 96 29 251 55 5 253 12 22 256 51 16 256 77 19 271 32 4 272 72 2 277 14 14 285 57 16 286 51 3 289 100 26 297 57 14 297 82 2 299 16 15 305 26 27 305 89 4 305 92 0 306 31 11 306 58 24 308 74 1 311 61 28 315 54 0 315 98 15 318 53 18 324 71 12 327 92 10 336 5 1 338 96 8 341 95 8 347 26 18 347 28 18 355 98 2 356 71 16 361 7 17 363 15 19 363 64 11 364 32 16 365 76 2 366 1 9 371 85 6 374 8 5 379 71 22 383 15 29 384 69 28 387 64 27 388 21 19 389 28 24 391 32 10 392 25 21 397 57 18 398 69 23 406 61 1 408 66 5 414 6 26 415 97 6 417 40 12 428 92 9 430 84 24 448 46 0 449 97 9 450 38 0 450 45 1 455 85 15 458 91 12 459 56 18 462 83 28 467 3 28 467 83 7 470 78 11 472 45 9 473 51 2 479 80 18 485 46 17 489 91 19 493 70 6 496 40 17 499 49 26 500 50 7 510 63 7 516 86 20 520 62 24 523 44 7 524 53 5 532 46 22 534 26 5 536 8 1 554 37 25 555 2 23 560 10 10 561 7 27 561 47 23 563 58 13 567 16 15 569 21 20 569 84 25 572 90 21 573 40 16 574 15 20 574 86 13 575 57 10 575 67 26 578 34 28 582 74 11 584 24 0 594 19 18 594 28 18 594 38 31 594 99 17 597 70 5 603 32 9 615 33 2 623 25 30 626 95 2 627 39 30 627 93 19 629 70 28 631 0 22 633 18 18 636 38 9 642 56 10 643 14 10 643 50 22 643 51 20 643 58 18 643 83 9 646 86 25 648 23 31 656 14 27 657 54 19 657 57 18 657 64 2 662 79 15 663 40 7 664 28 25 668 91 12 671 14 25 671 49 27 674 64 1 675 22 0 683 45 13 691 45 12 701 83 1 702 48 27 704 84 20 708 2 10 708 36 21 712 45 6 712 65 6 719 58 28 720 49 9 731 80 10 734 16 9 737 84 7 738 11 2 739 95 24 742 8 7 744 57 6 745 51 29 746 92 18 748 75 18 750 28 19 759 9 23 761 90 15 763 20 0 767 22 14 770 10 17 776 80 12 786 59 10 787 29 22 787 36 10 788 93 4 791 17 17 792 28 0 792 71 19 795 65 28 800 68 24 805 19 31 806 34 16 806 48 2 809 96 11 811 26 3 819 75 4 820 73 19 822 74 30 830 1 16 831 57 13 833 5 31 846 5 31 847 81 11 848 19 31 849 52 0 857 78 4 857 87 22 859 73 28 864 85 24 864 86 20 869 60 13 873 12 1 873 17 21 875 71 25 888 6 13 888 16 20 890 51 9 890 61 6 894 74 10 894 85 17 902 93 0 904 57 4 905 6 9 910 61 15 917 58 16 921 2 3 925 39 18 928 97 9 929 4 26 941 86 6 943 80 13 946 83 0 947 21 0 948 58 1 949 0 13 953 72 8 956 54 1 957 53 17 958 43 21 958 97 7 959 99 19 963 40 22 963 83 12 967 62 4 970 45 29 973 81 15 977 66 0 978 72 13 984 67 21 985 14 20 987 78 1 995 21 11 999 32 20 1000 72 12 1016 91 3 1019 41 14 1022 70 20 1022 96 1 1028 81 18 1037 19 26 1039 61 17 1039 78 12 1811 70 16 1811 85 17 1812 24 16 1814 96 7 1815 86 5 1824 92 26 1826 61 5 1828 43 28 1830 98 14 1833 20 20 1839 90 18 1842 31 24 1844 100 29 1845 50 15 1845 53 26 1846 56 13 1847 78 14 1851 34 22 1853 50 1 1860 97 1 1864 45 26 1871 56 2 1872 14 28 1872 42 28 1875 76 16 1878 54 22 1882 17 23 1884 30 18 1885 80 5 1888 77 19 1890 53 25 1894 52 30 1895 24 5 1897 74 7 1906 69 23 1907 26 9 1907 43 5 1910 17 9 1910 65 23 1914 89 21 1916 32 4 1918 21 29 1919 88 23 1927 64 14 1927 64 20 1936 33 18 1938 45 30 1947 98 13 1951 63 9 1961 78 31 1964 21 27 1966 1 28 1969 80 3 1970 0 10 1972 55 24 1974 55 15 1978 54 5 1978 96 8 1979 88 19 1982 18 24 1987 1 21 1991 41 24 1992 53 5 1992 59 18 1994 38 14 1996 97 15 2001 67 14 2009 49 29 2011 31 21 2012 14 15 2013 45 1 2017 93 30 2020 100 21 2022 10 5 2022 83 13 2026 68 9 2030 85 21 2037 15 27 2041 36 24 2044 28 8 2048 63 18 2049 69 21 2050 53 30 2052 18 5 2055 28 25 2065 40 0 2065 51 13 2065 81 12 2065 87 8 2067 17 22 2067 75 26 2068 28 23 2069 24 12 2073 92 24 2074 67 5 2074 96 10 2076 41 26 2080 84 4 2080 95 13 2092 30 25 2094 78 20 2096 29 9 2105 90 3 2110 82 8 2112 11 18 2113 74 30 2113 98 12 2114 77 7 2116 87 25 2118 68 6 2123 44 18 2125 42 13 2129 59 15 2129 82 27 2134 2 19 2142 73 25 2143 81 28 2147 87 23 2149 20 10 2152 14 24 2153 23 26 2154 61 12 2155 87 13 2157 64 23 2159 33 28 2160 22 9 2162 76 7 2164 45 20 2167 70 9 2174 77 31 2183 48 26 2184 67 14 2184 98 7 2184 99 23 2189 39 16 2194 93 20 2198 99 4 2201 59 4 2212 40 15 2213 85 3 2216 41 6 2220 28 25 2222 40 2 2223 42 23 2225 30 11 2236 36 13 2237 2 2 2237 94 23 2239 92 20 2240 10 10 2244 34 0 2244 49 11 2255 99 11 2256 68 2 2258 45 23 2262 69 22 2265 41 28 2270 16 5 2270 39 28 2271 79 23 2273 7 9 2273 50 25 2275 17 13 2279 9 5 2279 99 30 2281 58 25 2288 51 8 2290 47 7 2291 7 26 2291 28 24 2297 21 25 2303 73 5 2303 76 22 2310 28 18 2311 30 3 2312 82 13 2315 50 17 2318 15 0 2322 39 17 2323 52 18 2324 46 11 2326 75 12 2329 60 4 2333 48 19 2335 64 12 2337 62 9 2339 72 22 2340 51 27 2341 45 3 2345 47 28 2345 54 4 2349 53 15 2351 69 31 2356 42 13 2358 28 11 2361 98 23 2368 27 5 2373 11 23 2375 9 5 2387 36 1 2388 24 26 2388 33 16 2391 69 10 2395 74 16 2399 19 6 2402 6 27 2402 72 29 2403 44 26 2403 67 9 2406 31 14 2408 21 15 2409 73 3 2416 74 22 2418 32 8 2419 55 13 2419 61 1 2422 64 17 2424 92 2 2432 33 21 2435 67 26 2436 98 18 2437 91 12 2438 47 19 2439 58 8 2440 41 23 2441 89 1 2443 57 29 2446 24 17 2447 27 0 2452 79 22 2459 24 22 2462 47 26 2463 2 17 2464 1 9 2468 21 10 2470 77 29 2474 91 0 2478 2 14 2479 21 6 2480 76 7 2486 55 30 2504 65 0 2505 21 17 2507 65 9 2513 11 31 2515 44 13 2517 100 18 2525 63 8 2528 2 29 2532 59 17 2532 69 7 2535 78 31 2536 31 28 2539 7 17 2545 36 16 2547 78 27 2548 65 13 2549 83 7 2556 45 15 2557 41 15 2559 48 11 2563 22 15 2566 71 10 2569 95 2 2572 60 15 2576 51 2 2582 13 31 2589 79 25 2590 77 4 2598 40 31 2598 49 26 2603 98 9 2609 65 20 2614 20 21 2617 33 16 2622 10 29 2623 34 6 2630 22 30 2632 8 0 2638 88 5 2639 68 17 2643 64 9 2644 78 31 2648 84 9 2649 63 19 2656 1 29 2664 27 16 2666 1 16 2666 68 29 2668 13 11 2671 47 9 2676 95 23 2681 3 23 2681 80 10 2682 43 25 2684 78 7 2687 48 22 2692 62 29 2694 48 20 2700 0 14 2700 49 19 2701 80 22 2703 89 4 2704 11 5 2712 97 14 2714 21 8 2718 13 7 2719 96 26 2723 21 26 2728 45 20 2730 17 18 2737 18 11 2738 38 25 2742 19 17 2747 53 12 2758 42 24 2767 93 23 2770 65 8 2771 30 29 2775 58 21
924 625 0.0001 77 53 15 77 63 23 79 49 4 80 23 18 80 41 6 83 24 4 88 90 22 92 84 13 94 38 7 99 82 27 100 37 12 102 48 4 108 77 5 109 94 9 110 69 6 117 43 26 117 89 24 118 29 13 119 12 2 122 49 14 125 84 7 127 85 4 130 5 3 136 16 13 137 81 27 138 5 16 142 34 18 146 48 10 152 60 18 170 38 16 171 15 24 175 83 18 180 92 28 197 11 10 197 100 10 199 55 8 206 60 27 213 68 20 215 46 26 216 99 19 220 54 21 220 90 30 228 63 4 232 50 6 238 70 3 238 96 29 241 3 9 241 87 26 242 62 26 243 89 8 244 80 7 250 27 21 251 6 2 251 74 17 268 88 23 275 16 27 275 72 26 281 51 0 281 65 7 282 40 1 286 76 15 286 81 13 289 20 11 296 90 17 298 45 7 302 49 17 305 55 8 311 81 19 315 41 7 321 74 24 324 37 5 327 72 17 328 89 27 333 45 17 336 19 31 338 40 9 339 53 5 342 14 25 343 3 5 349 92 18 351 67 17 353 80 14 356 50 5 359 87 30 362 22 31 362 91 7 365 23 25 369 86 4 373 55 18 377 52 26 379 47 29 392 93 24 393 48 26 395 0 2 397 56 17 404 11 17 407 90 24 408 96 7 411 45 18 414 29 13 414 46 12 416 19 5 432 27 22 432 52 12 433 60 5 434 66 27 435 74 31 435 95 3 437 31 29 438 21 15 439 93 25 446 4 21 450 46 30 450 92 7 466 71 31 471 58 17 477 88 18 478 25 11 478 25 31 478 48 18 482 79 10 483 79 24 490 24 5 491 36 7 492 89 29 499 7 9 508 93 23 509 1 3 514 98 21 521 66 14 524 21 1 525 49 18 528 50 19 529 94 11 533 16 7 537 8 30 537 20 12 541 68 17 550 41 17 552 71 1 554 100 29 557 69 19 562 38 0 571 33 7 576 76 11 579 60 9 584 86 10 589 80 14 590 97 30 595 95 23 598 41 26 602 90 30 604 7 17 607 96 5 609 96 3 610 22 22 619 19 15 619 73 21 620 81 9 622 33 4 635 58 8 637 58 27 638 88 8 638 98 5 640 10 0 641 85 4 644 68 6 644 68 31 645 4 15 648 44 22 649 97 4 651 11 6 670 54 25 672 86 1 677 63 5 679 59 8 680 22 21 683 47 30 683 58 21 685 86 0 686 15 3 687 12 14 691 26 30 694 0 26 699 56 29 703 48 12 712 36 3 712 52 17 717 68 20 719 12 19 721 32 25 722 13 22 723 53 1 725 10 14 728 18 19 728 70 31 737 2 30 749 34 6 751 86 17 753 99 6 758 14 18 762 92 23 767 39 16 773 65 31 774 33 2 778 91 1 780 48 15 783 63 18 784 48 7 785 5 21 789 62 29 793 14 24 797 53 3 800 80 11 801 97 6 805 93 27 817 92 2 819 47 8 824 90 12 825 21 2 830 75 24 831 53 5 832 24 16 839 99 20 840 52 20 840 85 21 841 18 31 841 95 4 845 77 7 854 22 14 856 51 14 858 85 27 859 45 15 866 96 24 875 19 25 879 14 30 889 21 15 890 35 28 891 62 5 897 38 9 897 84 8 907 94 5 907 99 24 908 84 27 910 25 18 910 80 29 912 83 4 913 40 17 917 0 17 917 59 6 923 40 30 931 57 3 933 57 13 933 81 18 942 66 11 944 77 12 949 11 25 953 6 5 958 22 1 964 0 17 971 69 8 975 17 27 977 56 21 979 67 2 979 93 16 982 73 17 986 47 6 987 80 29 988 61 15 988 95 31 989 31 10 989 85 3 990 36 11 990 40 27 991 88 26 999 95 5 1000 26 30 1001 31 12 1001 58 10 1002 55 7 1005 13 21 1016 52 29 1017 34 27 1020 100 3 1029 10 0 1035 11 13 1038 88 9 1039 19 14 1809 27 10 1810 13 17 1812 84 25 1815 32 4 1815 85 24 1817 82 10 1824 47 6 1826 84 19 1829 83 28 1831 10 29 1833 95 4 1834 19 23 1834 36 24 1835 28 17 1837 40 23 1838 81 17 1839 48 0 1844 52 5 1846 7 21 1846 51 3 1849 92 8 1850 49 6 1852 13 31 1852 76 16 1866 64 4 1867 81 0 1872 0 14 1876 43 27 1884 17 6 1887 18 15 1888 38 25 1897 75 21 1901 90 1 1903 62 10 1903 88 16 1908 16 13 1908 76 21 1910 64 13 1915 31 17 1916 35 8 1918 0 24 1921 65 30 1932 26 11 1932 44 6 1933 80 0 1934 72 0 1937 75 5 1940 57 10 1942 86 12 1943 88 20 1946 8 17 1951 54 12 1952 3 22 1955 18 27 1958 55 21 1958 96 6 1964 62 20 1974 25 21 1979 15 15 1980 62 16 1983 25 28 1984 66 3 1991 71 24 1997 61 30 1998 85 17 2001 44 6 2005 0 25 2007 50 13 2014 97 9 2015 90 9 2016 27 26 2027 96 11 2028 7 11 2032 62 2 2036 23 9 2036 55 20 2045 16 11 2045 49 6 2047 34 2 2051 28 13 2054 88 9 2062 96 0 2065 52 8 2066 78 31 2067 66 18 2075 99 15 2076 0 26 2080 90 6 2085 5 23 2085 12 28 2089 13 2 2091 100 26 2094 92 8 2102 64 11 2106 29 25 2107 26 24 2117 88 30 2118 77 29 2119 73 15 2120 71 23 2121 89 1 2125 59 6 2130 33 3 2130 41 3 2130 48 8 2134 35 10 2138 35 15 2148 31 2 2150 91 25 2151 17 26 2155 50 4 2159 61 25 2163 76 29 2164 23 9 2166 22 30 2168 20 11 2173 88 23 2175 77 16 2176 7 9 2177 36 7 2178 32 24 2185 64 20 2187 34 9 2188 44 13 2188 51 25 2190 81 2 2190 97 31 2191 43 12 2194 52 27 2196 67 13 2196 88 19 2199 21 11 2199 44 27 2209 57 20 2211 58 23 2217 35 2 2225 24 17 2230 8 23 2236 32 4 2236 82 10 2238 2 1 2243 30 6 2243 65 13 2252 79 10 2252 88 21 2255 21 2 2256 50 6 2256 70 28 2260 7 31 2262 42 8 2266 92 9 2267 54 31 2269 82 22 2273 15 16 2274 1 16 2274 98 5 2275 1 27 2278 2 6 2286 76 5 2287 52 15 2287 59 19 2289 43 22 2293 87 9 2294 85 26 2297 13 30 2298 8 22 2299 6 22 2305 65 13 2305 99 7 2311 37 6 2313 68 18 2314 8 0 2314 64 1 2315 72 7 2321 63 30 2327 38 27 2329 79 11 2332 94 26 2334 52 8 2334 70 26 2346 44 0 2348 28 9 2350 19 6 2350 45 14 2358 57 24 2364 88 17 2364 98 27 2365 69 24 2366 90 18 2366 96 30 2369 25 24 2372 8 6 2377 16 23 2377 65 4 2378 35 24 2380 63 17 2386 70 14 2394 4 2 2394 40 16 2394 79 18 2402 10 14 2404 31 4 2404 88 3 2406 62 25 2408 56 16 2411 67 14 2413 90 18 2417 58 19 2417 75 29 2423 53 16 2425 54 24 2425 87 20 2429 59 30 2429 85 17 2433 32 19 2433 57 8 2433 67 29 2434 59 4 2437 82 21 2440 13 22 2443 4 15 2445 35 15 2446 34 22 2447 60 5 2448 70 10 2450 56 8 2450 82 30 2452 31 9 2460 2 28 2461 40 22 2464 90 13 2466 4 3 2467 35 31 2469 8 12 2469 57 16 2473 91 14 2474 70 18 2475 77 0 2476 55 10 2479 90 16 2481 88 15 2483 0 11 2484 69 25 2485 66 30 2487 39 5 2490 47 31 2491 18 1 2497 25 6 2499 49 26 2501 98 16 2514 73 1 2516 2 3 2517 50 3 2518 69 25 2522 68 5 2522 87 14 2523 83 26 2525 33 25 2526 41 5 2526 72 25 2532 56 30 2536 30 10 2537 12 6 2537 28 19 2539 33 2 2544 29 31 2548 78 8 2548 81 21 2552 81 22 2560 2 1 2569 55 9 2578 45 20 2580 97 6 2583 3 30 2584 97 5 2585 82 31 2587 65 25 2593 43 31 2594 62 1 2596 37 10 2596 62 27 2597 88 14 2598 66 21 2602 44 8 2603 45 22 2614 80 12 2615 0 13 2621 73 18 2624 35 16 2625 21 13 2640 67 19 2645 39 9 2647 38 0 2647 74 28 2649 53 18 2650 70 9 2655 46 12 2658 63 8 2661 67 16 2663 41 20 2664 55 25 2665 30 31 2670 94 8 2673 62 12 2674 0 3 2677 57 11 2682 21 22 2682 70 22 2686 14 15 2692 65 21 2699 26 30 2705 37 15 2709 47 1 2710 39 11 2714 72 12 2716 12 20 2725 31 27 2727 70 16 2727 82 25 2729 94 18 2733 28 12 2734 41 16 2737 88 13 2739 76 19 2740 12 7 2740 73 18 2741 52 25 2746 87 16 2748 97 22 2750 44 21 2754 11 25 2756 74 24 2759 87 15 2761 12 5 2768 81 27 2769 51 14 2772 55 11
925 625 0.0001 77 22 19 83 24 17 85 10 24 89 47 15 89 81 20 90 38 0 92 53 27 95 37 11 104 5 12 104 57 24 106 43 5 108 11 8 113 50 21 116 44 11 123 35 11 129 94 1 137 59 26 140 12 12 153 36 16 156 15 25 159 70 12 160 39 2 170 36 5 171 19 11 171 91 25 175 58 11 176 8 16 176 35 3 177 48 17 187 13 15 188 55 12 198 19 6 203 86 9 205 18 20 207 98 17 210 49 11 218 5 18 220 75 22 231 96 21 233 81 2 237 44 8 242 43 27 244 3 24 248 56 18 249 7 28 254 27 25 259 2 25 260 74 23 272 59 31 273 26 4 280 69 20 283 30 14 283 48 17 289 74 29 290 35 15 292 14 28 292 32 10 296 65 31 297 0 3 298 2 4 298 46 9 301 3 23 303 21 23 303 73 29 306 67 7 312 3 15 312 91 24 315 0 21 315 84 29 316 17 19 317 54 18 323 99 6 324 43 11 328 90 0 329 14 0 335 8 27 336 88 7 336 89 24 341 1 21 344 12 25 346 88 24 353 36 24 362 14 21 362 84 12 363 50 20 364 70 13 372 50 16 373 34 3 373 50 23 375 15 13 376 92 27 382 46 13 394 12 26 396 31 19 397 87 5 402 57 7 402 71 10 403 13 28 409 54 2 412 39 18 414 10 12 415 68 26 421 91 26 422 97 9 424 72 30 427 90 26 429 45 31 429 72 27 430 76 19 430 93 2 433 8 7 434 35 12 434 69 30 434 76 28 435 36 10 436 53 28 437 42 21 437 48 15 438 74 23 440 10 27 443 39 6 443 40 28 444 58 22 447 47 16 450 50 23 457 59 1 457 78 10 462 80 21 469 52 24 478 80 14 483 3 29 484 33 13 484 54 1 491 33 27 492 27 18 495 73 16 496 10 27 499 28 31 504 57 13 507 32 1 509 43 20 511 80 7 513 7 10 514 71 4 516 0 5 516 92 5 519 92 27 520 67 4 521 61 12 533 70 30 534 61 7 534 69 22 536 56 1 537 4 20 537 72 12 539 90 26 547 18 27 562 100 4 571 45 20 573 77 18 575 97 20 579 70 10 581 32 15 585 70 17 592 96 6 597 88 2 598 97 29 599 67 30 601 82 6 603 63 14 607 49 20 610 99 3 616 95 26 617 46 9 619 93 7 620 62 25 624 53 14 625 59 7 632 64 12 638 40 30 640 55 20 641 77 5 642 95 14 646 33 30 647 80 28 649 20 5 652 41 29 652 99 18 657 84 26 659 60 1 660 77 0 662 2 12 664 38 15 668 79 11 668 100 13 673 89 30 677 30 1 677 53 6 677 87 26 681 27 30 693 58 2 693 92 5 694 6 29 694 49 24 696 44 14 696 78 4 697 74 24 699 28 21 702 4 7 706 20 24 714 57 3 719 66 28 722 75 15 723 86 13 729 78 10 731 32 0 732 81 5 732 100 31 733 97 15 738 77 24 740 75 22 747 21 13 755 12 3 756 77 31 757 99 12 759 93 23 761 45 19 762 16 13 763 1 0 763 47 31 763 75 26 765 61 13 765 69 15 766 27 5 770 100 6 773 25 19 776 74 18 780 51 4 799 47 2 802 18 8 805 32 15 810 33 4 812 59 8 819 77 12 821 34 19 823 40 6 824 72 23 826 94 13 827 41 2 828 51 11 831 55 28 839 36 26 840 71 14 841 48 21 845 75 24 847 90 15 852 44 8 852 46 19 853 13 9 854 46 7 855 72 26 865 19 3 869 69 16 870 57 26 870 80 20 876 2 5 877 11 6 882 69 25 883 48 31 883 72 16 884 53 11 885 0 31 888 33 21 888 57 8 894 75 21 895 53 2 896 38 7 906 88 21 910 62 4 910 82 11 910 82 18 917 93 7 921 46 13 924 83 7 928 70 7 929 64 4 934 62 22 935 87 7 941 21 24 942 23 15 946 11 30 952 14 28 954 81 8 956 66 25 963 74 19 963 96 6 973 63 22 975 50 15 982 73 31 983 51 14 987 100 27 999 74 16 1004 35 27 1012 94 1 1016 27 9 1023 49 3 1023 77 25 1023 92 14 1024 37 22 1031 38 0 1032 56 16 1032 92 0 1034 16 15 1034 70 11 1039 78 25 1811 10 8 1815 21 21 1820 25 26 1822 97 7 1825 98 27 1828 31 25 1832 45 18 1836 37 23 1837 4 29 1841 0 17 1842 54 22 1849 9 24 1850 14 27 1850 35 17 1853 65 27 1855 84 8 1857 0 27 1857 48 7 1858 19 20 1858 51 21 1865 40 25 1867 62 25 1874 12 2 1874 59 23 1878 20 21 1878 38 12 1881 80 21 1881 97 5 1883 32 20 1890 91 10 1896 3 19 1896 11 8 1899 59 31 1902 67 25 1908 11 23 1908 33 1 1910 45 29 1911 30 4 1913 28 21 1914 44 13 1915 95 10 1916 38 24 1918 49 29 1918 86 28 1922 97 25 1925 41 22 1928 32 31 1934 17 15 1941 10 31 1942 26 19 1943 8 13 1943 13 21 1947 92 26 1956 8 0 1957 64 17 1958 27 1 1958 51 8 1958 70 27 1960 21 15 1966 26 6 1967 15 4 1968 23 9 1969 66 29 1975 22 23 1975 65 18 1976 88 26 1985 89 26 1991 78 23 1992 96 2 1994 23 23 1995 15 16 1995 87 16 1997 87 29 2008 74 26 2013 36 1 2016 7 29 2016 31 19 2017 40 19 2038 6 16 2038 77 28 2043 53 27 2045 10 17 2049 6 8 2052 39 8 2053 62 8 2054 26 20 2055 70 15 2057 0 17 2063 1 4 2063 60 28 2063 95 31 2064 43 20 2070 87 7 2079 21 28 2080 72 3 2081 90 25 2084 71 7 2085 53 17 2086 93 23 2088 26 19 2088 78 5 2095 47 24 2098 88 16 2102 64 2 2104 15 12 2108 0 8 2112 27 12 2116 22 19 2121 83 3 2127 77 29 2129 30 11 2139 32 28 2145 21 30 2148 20 21 2156 85 16 2159 78 2 2160 15 31 2161 83 0 2166 34 30 2167 13 9 2169 4 20 2169 75 9 2174 56 16 2176 11 2 2185 52 5 2187 14 13 2189 96 19 2196 18 22 2200 73 16 2200 83 3 2201 46 23 2201 47 14 2204 39 19 2204 66 5 2213 32 8 2214 8 10 2215 59 3 2220 53 18 2222 64 1 2226 69 15 2227 28 26 2227 53 3 2229 16 14 2238 14 23 2242 14 13 2248 38 30 2248 56 22 2249 48 22 2249 48 31 2251 70 31 2252 64 2 2259 5 17 2260 32 5 2266 52 7 2268 94 11 2273 52 18 2277 70 21 2291 77 26 2305 19 24 2308 30 23 2309 25 1 2314 95 20 2315 96 30 2319 87 4 2323 92 9 2326 75 28 2330 7 9 2332 17 30 2333 5 2 2337 82 18 2340 66 5 2342 74 8 2353 50 29 2358 20 26 2358 26 20 2366 98 17 2370 48 19 2371 47 14 2377 0 4 2379 74 30 2383 46 26 2384 31 18 2384 77 8 2385 20 6 2390 88 9 2395 70 14 2396 12 13 2397 6 28 2399 4 2 2402 90 5 2404 48 26 2405 80 8 2408 56 12 2410 55 5 2410 59 19 2410 94 3 2411 4 0 2411 99 22 2412 42 9 2413 51 10 2413 71 16 2414 94 25 2416 29 26 2417 2 9 2418 64 9 2419 79 13 2421 22 8 2423 25 27 2424 34 30 2424 63 3 2426 3 8 2439 12 15 2442 12 5 2443 34 22 2445 13 12 2449 25 15 2449 78 8 2453 65 24 2455 47 0 2462 90 17 2468 37 7 2470 54 8 2471 46 29 2472 88 11 2475 42 14 2487 12 2 2488 94 19 2489 6 14 2492 11 23 2515 27 28 2516 38 14 2518 39 7 2519 44 13 2527 58 18 2529 68 23 2530 46 0 2531 72 16 2533 55 4 2535 29 20 2536 73 31 2539 67 13 2544 47 19 2544 70 20 2545 38 10 2547 55 29 2548 95 26 2550 6 17 2553 41 21 2553 81 2 2555 70 6 2562 52 6 2564 61 29 2569 85 9 2570 68 28 2574 40 1 2582 29 30 2591 37 2 2591 99 30 2594 43 19 2596 83 2 2597 15 19 2597 58 21 2598 44 5 2603 40 12 2603 49 18 2604 8 3 2605 75 23 2607 81 1 2608 14 26 2614 78 30 2618 96 29 2619 14 31 2620 32 22 2621 35 25 2622 32 21 2642 25 19 2644 1 8 2646 91 24 2648 84 9 2654 23 22 2656 20 31 2657 63 9 2658 61 14 2662 11 3 2664 28 10 2669 4 18 2673 94 25 2676 1 30 2677 4 29 2679 39 7 2695 37 20 2696 27 6 2698 91 28 2705 56 2 2708 46 13 2712 88 26 2713 24 9 2727 14 30 2730 85 4 2732 38 20 2735 62 20 2738 35 8 2739 3 25 2741 41 14 2744 78 25 2756 87 18 2764 39 6 2764 77 24 2769 65 31 2771 0 29
926 625 0.0001 72 78 19 73 5 30 73 87 30 77 57 0 77 79 22 85 0 9 85 85 17 89 90 8 91 92 8 92 61 31 95 46 30 96 11 18 98 43 18 98 77 1 99 53 28 102 19 4 104 6 14 117 22 17 121 13 31 123 80 16 123 98 14 124 77 2 128 67 3 131 53 16 131 77 14 134 88 1 135 94 14 140 11 11 143 21 1 148 55 17 159 47 22 161 77 1 164 22 23 164 24 17 164 35 3 166 74 14 167 54 14 172 64 5 179 6 6 183 95 6 195 22 26 197 37 26 201 34 24 207 53 21 214 18 24 214 72 29 217 14 6 217 16 0 217 28 16 221 70 15 222 6 2 223 98 16 225 18 4 225 91 8 227 5 24 229 4 28 230 55 28 232 8 13 232 89 6 239 8 30 240 39 24 248 67 30 249 76 24 251 99 20 256 55 24 257 42 10 260 73 18 266 72 5 267 14 22 272 37 23 279 1 26 281 26 21 284 23 22 293 77 29 294 80 20 296 60 1 296 96 14 298 54 27 299 79 13 300 86 14 303 81 4 306 98 27 307 17 0 308 19 0 310 88 18 311 82 0 313 11 28 313 24 19 313 52 31 316 62 16 318 67 0 318 99 3 322 76 6 325 32 19 327 92 9 330 3 1 332 8 1 334 56 31 338 40 16 341 30 7 341 69 8 347 29 20 348 60 28 354 15 6 356 49 21 361 69 11 367 63 28 367 81 9 368 63 31 369 80 13 373 95 18 374 87 5 376 13 1 384 84 11 385 75 11 387 53 29 395 87 11 403 88 4 405 95 1 412 95 16 413 96 0 425 69 24 427 36 25 428 77 20 433 86 24 436 71 7 439 97 5 442 8 18 447 48 23 447 84 16 455 53 26 464 51 20 466 43 23 468 50 16 473 17 5 474 72 2 475 81 0 486 49 22 487 3 29 490 33 7 492 5 19 502 47 11 504 37 18 506 57 25 508 99 29 509 1 10 514 6 22 515 62 9 519 34 6 519 92 26 520 67 27 521 47 4 521 55 7 522 48 23 525 70 4 525 96 19 531 61 3 533 5 31 534 25 2 534 38 0 536 18 2 538 45 23 554 34 3 561 47 15 561 62 26 567 53 4 569 56 9 570 43 1 572 67 23 574 57 25 588 43 22 591 60 13 593 37 7 593 66 8 596 47 17 597 18 5 602 76 18 606 24 20 609 55 20 611 41 20 612 41 18 612 73 4 612 78 7 612 91 31 616 82 29 617 81 2 626 35 9 626 74 6 628 89 2 632 70 5 634 3 25 635 66 17 636 39 25 642 32 24 644 8 3 645 71 17 658 0 20 660 73 2 661 57 27 669 2 4 673 30 6 676 5 0 686 50 26 690 70 12 693 26 8 697 24 2 702 15 27 702 79 9 705 29 27 705 51 7 709 99 14 716 65 14 722 90 31 728 90 19 730 15 28 731 100 19 735 67 20 740 74 16 745 13 20 746 66 24 746 81 12 749 41 29 756 25 22 762 99 29 768 50 0 772 16 28 788 99 4 789 7 12 800 30 22 800 32 27 804 96 9 805 80 5 808 84 10 810 80 27 810 95 12 811 43 5 811 56 6 812 28 23 816 76 15 819 37 30 820 39 23 822 100 22 823 95 2 826 4 7 828 78 6 833 44 29 834 81 24 835 92 6 838 84 26 842 70 8 844 78 14 847 47 23 849 62 24 850 4 24 852 20 20 864 70 15 869 62 12 874 12 24 876 38 23 876 46 17 876 74 23 878 19 8 886 41 4 890 36 3 891 99 27 893 32 21 896 65 27 899 71 14 902 20 7 904 50 14 909 79 31 913 73 31 917 96 4 919 51 27 922 79 16 933 87 30 934 52 5 934 67 6 939 67 8 944 70 3 945 18 2 949 66 31 953 66 29 956 81 31 960 84 0 964 21 22 965 12 22 965 88 1 966 53 6 971 83 15 972 19 15 978 19 5 981 6 12 983 62 18 985 75 0 988 23 9 988 25 27 994 55 20 1013 86 17 1019 66 18 1020 40 24 1021 59 2 1022 19 27 1022 20 11 1030 62 8 1033 70 26 1035 98 30 1036 58 23 1036 97 26 1037 8 18 1038 42 22 1809 9 19 1809 21 5 1814 77 30 1817 79 25 1819 77 23 1820 3 6 1821 23 27 1822 80 22 1826 6 15 1829 61 0 1830 5 9 1832 80 8 1834 15 10 1836 91 25 1853 39 23 1856 33 12 1858 92 4 1859 44 28 1860 35 8 1860 76 10 1861 12 14 1869 43 19 1871 85 21 1875 28 17 1881 36 4 1882 54 18 1882 81 25 1883 36 2 1889 12 11 1897 21 9 1905 33 24 1905 93 26 1908 39 17 1908 56 9 1909 98 10 1912 81 27 1915 50 0 1917 83 1 1919 60 20 1922 66 16 1925 21 14 1931 72 25 1936 99 16 1938 58 22 1938 70 15 1946 10 15 1957 6 28 1958 58 15 1960 48 0 1961 27 7 1963 34 2 1965 28 22 1965 78 18 1970 66 10 1980 71 24 1982 60 0 1982 76 13 1983 14 24 1985 86 17 1988 76 6 1993 58 11 1993 60 17 1999 80 6 1999 95 18 2003 92 26 2004 0 5 2007 45 8 2008 99 11 2010 65 2 2011 61 28 2022 46 14 2024 37 23 2036 83 15 2038 82 31 2039 76 25 2043 10 23 2043 48 23 2050 3 5 2051 47 20 2055 10 18 2062 30 16 2068 39 24 2070 18 28 2071 37 23 2071 79 19 2075 91 29 2077 12 25 2078 98 16 2084 34 26 2086 87 26 2089 88 0 2091 29 25 2095 65 14 2103 39 21 2104 81 22 2105 72 3 2107 15 29 2107 42 30 2107 43 8 2108 1 2 2108 68 21 2121 13 11 2132 34 16 2138 91 30 2145 43 18 2149 16 0 2150 55 2 2153 42 2 2154 7 17 2161 72 16 2163 38 16 2164 79 11 2168 63 30 2172 86 6 2176 17 20 2176 76 17 2177 22 10 2184 53 26 2186 90 2 2188 60 26 2188 87 2 2190 62 23 2190 100 15 2191 30 6 2192 98 25 2196 86 31 2197 49 9 2201 1 25 2201 51 21 2203 23 3 2204 77 3 2210 65 11 2212 99 29 2216 29 8 2218 65 22 2220 10 9 2230 86 31 2232 51 2 2234 23 5 2236 52 25 2237 3 21 2239 14 21 2239 79 1 2240 68 5 2247 47 9 2249 23 2 2257 82 22 2261 27 3 2278 97 18 2279 61 26 2283 76 26 2289 72 30 2290 56 9 2291 60 30 2291 97 5 2296 91 19 2302 34 4 2304 95 0 2305 47 17 2307 40 22 2313 12 12 2313 37 6 2315 4 31 2315 38 10 2316 97 12 2317 9 5 2317 24 21 2321 76 29 2324 36 4 2338 7 15 2344 15 24 2346 91 13 2357 8 15 2358 63 30 2362 37 29 2364 64 18 2366 59 14 2368 28 18 2370 32 31 2385 2 4 2393 27 29 2397 12 15 2397 50 10 2397 53 31 2399 37 15 2400 13 14 2400 45 23 2407 60 21 2409 2 25 2410 44 9 2412 53 20 2415 44 10 2418 22 9 2419 57 23 2422 1 7 2422 56 31 2423 91 2 2423 100 13 2428 71 9 2443 80 17 2451 78 16 2456 25 9 2457 74 18 2461 25 7 2461 47 31 2463 68 28 2465 37 19 2467 30 14 2467 95 24 2474 8 26 2475 15 25 2488 10 25 2490 95 11 2493 33 13 2494 0 19 2495 25 26 2501 12 23 2502 5 15 2509 63 26 2515 86 22 2516 8 14 2517 68 26 2518 71 13 2522 58 1 2525 75 31 2529 43 30 2532 9 14 2534 91 10 2535 69 3 2536 81 29 2538 74 6 2542 5 29 2547 2 2 2549 5 2 2550 63 7 2551 70 26 2552 10 6 2553 11 21 2554 38 8 2555 61 10 2562 14 24 2563 38 15 2563 58 2 2564 59 11 2567 23 17 2569 57 7 2571 98 10 2573 9 20 2574 52 26 2578 49 12 2580 92 27 2581 22 27 2583 18 3 2588 78 14 2590 46 16 2592 94 22 2593 3 30 2595 5 11 2597 7 21 2601 31 7 2605 63 24 2607 17 11 2608 27 14 2610 79 2 2614 21 13 2617 89 2 2618 88 25 2621 80 14 2624 32 7 2631 32 6 2632 70 14 2639 79 18 2640 42 10 2645 54 21 2646 52 25 2648 82 18 2658 11 30 2658 32 12 2660 96 17 2663 43 24 2671 90 7 2672 13 15 2676 4 6 2677 66 9 2683 13 26 2685 52 17 2691 18 29 2692 1 22 2692 91 15 2695 91 29 2698 6 15 2704 75 22 2708 85 12 2710 20 10 2711 65 27 2714 61 22 2715 52 1 2716 95 3 2717 4 9 2718 20 14 2718 66 7 2728 28 6 2730 72 30 2733 20 19 2734 71 10 2736 11 3 2741 50 11 2743 35 31 2744 19 18 2749 51 4 2754 71 30 2758 89 13 2765 85 7 2769 87 22
927 625 0.0001 75 24 25 81 84 1 86 71 11 90 31 20 92 29 5 92 92 19 100 29 6 106 78 27 106 95 30 107 85 28 109 79 8 114 11 12 116 31 6 118 19 29 118 51 22 126 7 3 147 79 28 148 93 25 149 91 29 152 31 30 154 62 27 155 5 10 160 94 14 161 1 12 165 10 16 168 8 14 168 63 7 168 96 20 169 83 29 184 2 28 184 75 7 190 73 27 194 61 20 204 23 25 207 0 29 207 78 20 209 23 29 214 30 18 222 100 0 228 96 28 229 36 28 230 5 15 231 25 6 233 69 22 236 88 14 241 69 28 245 50 6 246 77 11 249 26 9 250 8 13 259 97 17 259 97 20 265 31 24 265 79 16 268 36 30 270 82 24 273 20 13 274 6 20 275 24 16 275 97 18 281 8 4 284 9 10 288 57 15 289 67 22 292 47 2 293 24 20 293 48 7 294 9 9 294 78 20 299 39 9 302 32 15 302 57 2 306 10 16 306 100 7 307 10 28 308 0 0 311 35 18 313 34 4 314 26 1 316 43 29 316 74 19 318 46 4 321 87 24 323 76 10 324 81 13 325 61 16 325 93 14 328 64 30 332 51 22 332 64 16 335 7 3 335 83 15 343 50 12 346 40 28 347 5 3 350 78 17 352 49 19 353 84 30 354 11 24 362 59 10 363 69 21 370 20 29 371 72 23 374 51 19 380 48 2 380 68 3 382 88 10 383 3 26 387 67 5 392 60 20 398 92 13 401 97 1 407 81 0 409 23 28 412 85 22 414 65 10 416 24 10 417 40 0 420 78 17 423 99 18 425 12 1 430 96 27 434 34 14 438 98 11 442 28 20 443 63 17 448 75 14 449 44 12 458 64 4 458 87 27 460 80 26 461 68 22 461 98 24 462 0 12 466 74 31 474 56 18 477 26 23 478 22 0 480 69 16 481 36 6 498 36 8 498 42 9 498 87 21 502 52 6 506 26 23 510 72 1 517 49 10 525 0 28 528 20 18 532 22 28 537 87 15 539 24 21 542 53 26 542 94 10 543 39 8 545 57 26 547 21 29 548 22 0 549 55 22 549 58 27 552 28 0 553 28 0 553 36 8 558 12 1 558 33 11 558 96 1 561 53 17 564 96 17 567 34 6 568 96 30 574 16 13 575 19 3 577 5 27 578 47 18 580 60 25 580 65 26 584 20 6 590 46 18 591 32 6 592 92 2 593 10 13 599 45 6 601 77 21 608 48 0 609 77 19 613 30 0 619 62 22 621 18 1 627 99 29 634 2 0 638 83 10 639 59 3 642 1 8 645 79 8 646 42 14 646 59 14 646 73 5 648 55 2 661 43 5 670 20 20 673 1 10 675 64 0 677 100 28 678 51 0 679 85 21 684 24 29 685 19 19 689 64 2 693 20 12 696 87 9 704 98 5 708 13 1 708 37 5 710 2 10 710 40 11 718 18 15 720 93 9 721 61 31 723 78 17 727 3 9 727 3 26 733 5 10 737 36 12 741 66 30 742 76 4 746 67 7 747 94 6 748 17 22 755 5 16 756 71 8 759 49 31 760 19 17 762 29 10 762 84 22 763 33 0 764 92 12 768 37 17 774 59 18 779 21 18 782 31 28 782 77 3 783 10 13 784 15 24 785 52 26 786 83 13 797 9 30 803 82 31 811 29 15 817 14 26 828 69 29 834 27 4 843 37 14 844 34 30 844 70 18 853 47 0 853 96 16 854 85 29 861 25 13 868 7 0 868 70 6 874 1 12 876 53 25 883 63 7 887 22 0 891 63 31 892 19 16 896 74 10 900 13 23 904 33 0 910 79 12 925 12 3 928 56 28 932 25 10 934 25 4 935 78 30 937 92 19 942 75 7 950 51 2 953 51 11 955 2 31 956 2 29 961 11 29 978 47 12 978 63 17 983 39 13 983 50 11 985 31 4 990 46 24 992 27 2 995 97 2 996 4 25 998 67 24 999 20 12 1003 74 7 1004 18 7 1011 37 12 1012 70 8 1013 12 8 1013 80 18 1023 73 29 1029 91 9 1033 80 3 1039 85 26 1039 97 18 1812 18 27 1814 40 11 1818 91 12 1820 26 26 1821 38 14 1821 45 26 1831 6 24 1832 45 27 1833 19 24 1833 72 23 1834 86 2 1837 55 18 1838 53 25 1840 95 19 1842 21 13 1844 15 15 1847 77 13 1849 37 26 1852 23 23 1858 47 4 1866 86 19 1872 59 6 1873 33 8 1873 52 8 1873 64 5 1878 29 27 1878 61 16 1879 29 9 1879 88 17 1881 75 21 1885 97 30 1888 83 1 1891 46 13 1893 43 0 1897 21 2 1901 14 12 1903 74 20 1904 77 10 1905 41 6 1906 61 3 1909 84 4 1915 38 2 1918 45 27 1922 55 9 1922 63 18 1928 59 22 1930 8 31 1931 33 7 1937 13 18 1942 76 21 1944 10 22 1949 57 12 1949 80 1 1950 84 19 1955 4 14 1955 51 5 1956 24 8 1957 90 29 1958 92 10 1963 56 10 1963 93 24 1970 62 24 1971 0 21 1971 50 5 1973 67 26 1975 29 5 1978 48 5 1979 57 23 1989 3 5 1990 69 9 1999 18 0 2000 18 20 2000 71 23 2000 74 17 2005 60 0 2012 71 10 2013 54 25 2014 20 0 2014 85 7 2019 67 1 2021 72 3 2027 44 11 2029 17 14 2034 79 29 2037 44 27 2041 7 15 2043 98 22 2049 21 12 2051 5 18 2058 48 14 2060 31 17 2063 44 10 2067 6 14 2080 50 13 2081 17 13 2082 72 29 2086 27 14 2086 67 30 2092 7 27 2095 98 19 2098 74 1 2104 35 22 2106 23 11 2107 95 24 2108 42 31 2113 82 21 2116 10 5 2119 45 30 2123 58 2 2124 30 9 2125 26 6 2130 11 11 2131 92 13 2133 22 30 2134 59 8 2135 9 22 2140 64 29 2140 72 26 2142 78 19 2144 27 8 2147 61 15 2153 52 26 2155 55 10 2156 25 10 2159 45 20 2160 93 2 2163 63 9 2164 87 18 2165 68 27 2166 27 11 2169 7 31 2172 42 15 2173 67 17 2178 33 29 2178 55 29 2182 66 13 2192 32 17 2192 50 6 2192 97 14 2194 27 19 2197 44 20 2201 35 17 2202 30 9 2202 99 19 2205 35 25 2205 40 1 2206 7 25 2208 35 31 2210 29 0 2211 48 11 2223 83 27 2230 29 4 2233 45 12 2250 62 11 2250 83 10 2252 65 6 2253 4 6 2258 2 21 2261 33 3 2261 64 13 2266 28 1 2266 85 19 2273 3 23 2279 70 8 2282 56 15 2283 57 8 2284 82 9 2289 3 14 2294 47 19 2295 6 28 2302 66 2 2302 83 3 2302 92 11 2306 79 13 2308 17 20 2308 68 11 2314 30 22 2319 38 6 2320 13 10 2320 41 2 2321 48 11 2331 5 7 2332 52 6 2336 7 20 2336 30 23 2348 66 19 2350 44 7 2357 45 23 2360 34 0 2366 91 7 2368 49 0 2369 15 2 2376 37 7 2377 14 25 2377 43 0 2377 45 29 2378 2 2 2385 55 28 2394 89 18 2397 78 12 2403 86 11 2404 38 15 2412 71 15 2413 99 18 2414 71 11 2415 47 7 2424 38 12 2424 57 29 2426 27 30 2426 62 12 2435 36 18 2438 62 22 2439 78 5 2441 77 25 2444 43 3 2449 24 12 2449 89 27 2449 92 0 2457 72 7 2464 41 15 2464 79 6 2466 13 28 2477 80 29 2481 10 1 2484 74 11 2486 89 29 2488 6 21 2488 53 30 2489 22 29 2494 42 25 2500 96 28 2507 4 1 2507 11 1 2510 47 18 2517 76 17 2522 57 11 2524 92 0 2528 55 19 2533 93 20 2535 1 3 2536 66 17 2538 27 14 2540 97 29 2541 89 13 2541 97 26 2549 93 10 2552 75 3 2556 48 4 2560 76 6 2567 34 7 2569 0 25 2571 65 6 2573 85 19 2576 61 8 2591 59 11 2591 99 13 2605 17 17 2608 86 6 2610 58 4 2613 73 3 2622 27 10 2623 22 14 2628 100 7 2634 29 14 2640 6 26 2641 71 12 2646 67 14 2648 12 12 2648 59 14 2649 33 27 2649 100 18 2654 43 0 2655 5 2 2656 36 25 2657 6 14 2657 94 24 2658 64 19 2660 29 25 2662 67 19 2665 26 31 2670 87 18 2671 49 8 2674 96 1 2676 93 3 2677 6 17 2677 21 6 2682 69 11 2688 78 2 2692 23 11 2692 61 21 2694 40 18 2697 32 23 2697 99 12 2700 35 1 2702 41 0 2705 14 5 2707 89 21 2709 34 28 2710 39 11 2712 63 8 2716 60 25 2722 14 13 2724 61 14 2727 74 18 2729 16 16 2732 22 21 2735 42 0 2741 7 18 2745 6 22 2750 9 3 2751 48 20 2754 44 11 2754 48 26 2755 90 16 2759 30 22 2762 32 2 2763 59 9 2766 0 11 2771 7 31 2771 76 16 2775 91 18
928 625 0.0001 72 35 8 72 59 31 73 40 0 75 53 5 82 62 8 82 74 24 82 92 31 84 36 9 86 60 22 90 20 23 93 69 29 94 99 17 102 56 1 105 63 12 107 10 16 107 89 18 109 8 22 109 76 7 113 5 25 113 26 16 116 4 15 121 31 17 124 30 8 128 29 30 129 26 16 131 55 8 134 61 5 135 85 8 135 95 20 138 97 24 148 32 12 151 50 29 154 1 4 155 16 31 156 16 6 156 49 26 157 71 28 159 92 13 160 82 9 163 76 24 164 49 20 166 86 23 172 9 26 174 50 23 179 76 24 186 91 24 188 7 14 190 77 5 191 13 24 192 17 0 194 24 12 195 96 2 202 13 13 205 43 28 209 95 4 214 98 0 216 53 16 222 69 15 224 74 6 225 38 14 227 44 31 233 19 29 234 87 16 236 16 18 239 59 3 239 60 6 242 47 11 244 44 30 244 82 26 264 70 17 273 67 5 274 7 4 277 27 20 285 24 27 290 45 21 290 66 6 296 47 1 314 48 8 324 54 19 329 59 13 332 20 2 338 14 0 338 80 18 344 2 16 344 39 31 347 98 14 348 62 16 348 80 8 350 99 8 351 24 30 354 21 14 355 93 26 369 43 26 373 80 21 376 2 25 380 9 19 381 4 30 384 85 2 388 3 31 388 68 14 390 73 30 399 49 9 402 57 31 405 9 21 408 76 4 410 43 26 420 29 11 420 40 13 424 14 15 426 33 24 428 21 21 434 26 16 434 28 30 434 40 22 435 78 29 438 59 24 438 88 23 440 59 15 443 26 7 443 96 18 451 48 6 452 41 20 459 3 20 465 74 9 470 84 23 472 37 26 473 87 11 473 98 8 477 33 6 478 33 28 483 1 24 484 44 26 485 84 26 495 44 14 497 96 27 497 98 7 498 77 23 501 20 9 504 25 13 508 100 0 509 39 22 510 97 22 511 2 7 511 54 7 512 43 4 515 24 6 526 76 7 526 84 15 527 89 29 530 88 13 531 60 4 538 17 16 542 55 6 550 18 16 555 8 6 559 56 30 562 69 19 566 36 29 574 66 9 574 91 12 575 66 20 586 69 8 588 10 25 588 12 1 589 4 6 594 31 12 602 59 17 610 68 26 612 27 2 617 41 27 617 87 2 618 88 7 622 46 21 631 18 11 633 45 4 635 21 12 638 25 8 638 82 5 638 97 4 645 28 12 646 26 3 647 10 2 648 52 3 649 49 24 649 92 26 655 81 30 658 57 8 660 14 17 664 8 10 670 62 27 674 78 2 674 82 15 675 47 27 676 92 24 677 27 21 680 51 21 682 25 23 684 20 23 693 47 17 695 10 0 695 85 14 704 2 24 704 42 20 706 48 31 708 69 17 710 11 24 712 87 15 713 27 20 720 95 9 721 10 27 721 30 20 723 71 10 727 77 30 728 84 26 732 91 15 735 23 25 739 26 17 742 38 6 743 50 24 743 87 2 746 43 12 752 14 17 753 46 6 755 20 8 760 39 20 765 76 14 772 7 1 784 16 7 791 28 27 794 9 26 796 86 7 806 26 30 819 47 22 823 61 5 826 75 6 836 18 17 836 19 15 838 25 2 844 81 13 845 0 13 849 37 30 850 84 11 853 76 1 855 37 4 856 28 30 857 0 11 859 59 19 865 55 19 871 39 20 872 1 20 877 68 25 878 65 10 883 90 31 884 88 10 885 82 13 886 80 21 899 5 6 907 18 2 907 71 23 916 19 13 920 26 25 923 48 1 924 53 7 944 71 12 945 28 15 948 95 7 949 21 6 955 93 1 958 64 31 959 61 28 961 29 19 963 32 17 981 78 27 983 92 4 983 96 25 986 26 29 989 1 2 989 93 29 992 16 26 992 20 20 997 27 19 997 42 12 998 58 26 1006 85 18 1007 3 9 1009 21 24 1009 22 3 1010 26 0 1014 18 18 1018 11 21 1022 64 24 1024 15 26 1028 86 8 1029 34 23 1033 50 4 1033 84 16 1035 40 3 1039 64 4 1808 36 19 1811 28 19 1820 40 2 1820 71 27 1822 19 8 1825 29 4 1826 42 18 1828 27 24 1831 87 14 1834 30 17 1837 35 2 1838 38 12 1840 19 14 1843 13 16 1844 65 10 1844 67 31 1845 30 13 1849 48 22 1849 72 3 1850 84 15 1860 84 15 1861 57 31 1863 72 0 1863 85 18 1867 41 29 1867 68 29 1870 57 30 1871 8 7 1873 94 11 1883 15 0 1885 94 9 1888 77 0 1891 20 4 1897 7 26 1909 38 9 1910 58 12 1918 63 23 1922 15 18 1924 33 24 1929 12 19 1934 85 29 1935 3 28 1935 48 14 1941 78 16 1944 65 31 1945 76 23 1946 37 30 1946 47 9 1948 32 27 1948 73 20 1951 57 4 1955 51 29 1963 22 6 1963 87 19 1967 80 25 1970 87 16 1971 21 20 1978 91 18 1980 33 24 1985 63 21 1987 86 22 1995 35 1 1996 89 20 1998 58 25 2002 79 5 2005 26 23 2016 1 3 2016 72 12 2017 63 20 2020 21 4 2020 74 26 2024 49 15 2024 57 17 2025 17 8 2027 92 14 2033 41 22 2038 34 4 2045 53 19 2056 99 19 2058 15 10 2060 72 0 2069 77 17 2070 16 27 2070 47 25 2072 2 25 2074 71 8 2077 11 1 2084 50 15 2085 87 20 2088 42 20 2088 94 17 2089 58 10 2094 33 14 2094 72 13 2098 53 27 2098 57 19 2100 64 2 2100 75 10 2107 67 29 2111 86 29 2120 31 26 2130 7 5 2146 24 10 2148 50 10 2152 30 30 2153 12 20 2154 20 27 2156 13 6 2160 6 22 2161 18 16 2169 67 13 2170 98 21 2174 97 30 2181 0 7 2192 88 0 2199 11 10 2200 74 21 2201 65 4 2201 97 19 2202 97 12 2203 66 24 2204 38 4 2207 39 29 2207 52 22 2208 22 22 2210 96 15 2215 20 9 2217 14 8 2217 65 6 2221 4 13 2225 9 19 2233 65 2 2234 13 28 2234 69 11 2238 68 0 2241 69 1 2244 60 17 2244 91 2 2244 100 16 2246 51 24 2249 55 24 2256 32 6 2257 95 29 2260 82 17 2261 53 31 2263 89 22 2267 88 30 2268 12 22 2275 52 21 2277 73 6 2277 99 1 2279 8 24 2279 9 19 2281 97 12 2283 19 9 2288 81 10 2293 83 25 2294 30 27 2295 18 29 2297 32 1 2301 64 0 2303 44 31 2304 64 4 2305 68 6 2318 9 22 2318 63 15 2326 37 13 2332 76 4 2335 89 24 2336 45 16 2338 64 3 2339 38 1 2342 9 28 2344 70 15 2345 28 22 2347 49 4 2349 11 13 2355 26 18 2357 22 29 2360 27 14 2360 62 18 2360 73 21 2364 41 1 2364 98 0 2376 29 30 2391 95 30 2392 67 2 2401 53 12 2403 30 14 2404 77 14 2405 11 17 2408 65 21 2420 48 2 2427 18 1 2427 18 24 2427 70 25 2427 95 5 2428 91 6 2434 10 18 2434 27 28 2435 87 15 2441 37 25 2442 39 31 2443 94 28 2446 15 10 2459 38 13 2460 3 2 2460 6 4 2461 72 19 2463 4 10 2465 11 22 2477 26 19 2491 47 13 2493 56 14 2494 52 30 2499 27 9 2500 15 9 2500 37 21 2501 32 18 2502 67 18 2502 91 0 2506 39 6 2512 3 2 2512 55 5 2515 56 19 2515 94 19 2516 17 16 2516 52 20 2517 80 2 2519 39 27 2520 69 0 2522 81 29 2528 49 18 2529 89 23 2530 0 8 2534 17 3 2534 44 24 2541 14 26 2545 12 16 2548 60 27 2552 15 9 2552 26 9 2553 39 25 2559 29 25 2562 87 22 2565 1 4 2565 26 16 2566 53 22 2576 51 5 2582 54 20 2584 9 26 2586 68 9 2586 84 1 2586 100 28 2589 12 26 2590 100 4 2591 64 29 2592 55 19 2596 32 25 2598 98 2 2600 15 27 2603 32 7 2604 74 16 2606 23 21 2608 47 10 2611 100 13 2612 50 2 2619 14 24 2623 80 30 2625 1 10 2631 10 9 2633 92 19 2637 8 3 2641 39 28 2643 48 30 2643 50 21 2644 93 4 2645 19 31 2645 40 0 2647 81 12 2651 8 29 2652 52 6 2653 64 23 2658 84 22 2659 4 5 2659 37 0 2659 64 24 2660 32 29 2662 73 28 2674 92 28 2675 18 22 2675 92 16 2676 36 24 2680 4 23 2681 34 7 2681 86 4 2683 57 29 2685 20 29 2685 95 6 2689 18 29 2689 84 19 2693 26 20 2708 52 30 2710 67 28 2714 96 29 2716 28 26 2718 11 10 2726 65 16 2726 73 0 2727 3 7 2729 23 2 2734 36 4 2739 19 11 2743 0 12 2743 32 3 2745 39 14 2751 34 27 2762 92 19 2764 71 14 2765 16 24 2765 33 8 2768 17 26 2769 68 3 2770 32 6 2770 64 10 2772 26 20 2775 9 13
929 625 0.0001 73 84 25 87 54 24 91 19 31 93 1 6 95 52 11 98 65 5 101 29 26 101 45 31 103 83 23 109 25 5 111 32 29 113 13 17 114 55 16 119 66 28 122 14 4 127 14 8 127 48 13 129 53 13 134 48 7 139 45 17 141 88 24 143 22 18 154 14 23 155 78 1 164 95 15 166 46 27 167 27 10 170 17 2 172 50 22 177 46 19 179 99 23 183 36 4 193 43 11 195 54 30 196 84 25 200 40 15 200 64 1 201 59 2 206 94 13 207 31 10 207 84 20 209 24 23 215 0 8 216 89 26 217 71 22 218 3 2 235 76 4 237 97 15 246 71 7 248 62 12 249 48 8 257 17 4 257 80 13 259 27 22 263 51 22 269 100 15 278 5 3 278 10 24 281 13 17 287 16 5 291 17 20 292 61 17 295 3 20 298 98 11 302 43 22 303 98 21 305 46 22 311 75 10 314 86 0 315 31 5 320 18 14 321 39 17 321 64 11 322 16 5 323 88 12 327 95 11 328 85 2 328 96 11 334 11 26 336 99 12 339 20 15 346 90 29 352 43 22 353 11 9 357 65 20 358 33 8 359 11 27 359 31 3 359 37 27 362 50 22 368 95 8 375 94 6 376 79 11 377 22 0 378 7 4 379 69 5 379 85 20 386 3 29 386 28 0 386 46 10 386 93 4 387 9 26 390 93 3 394 23 26 394 34 31 394 51 24 413 17 18 425 83 31 431 70 14 434 24 24 437 79 17 440 8 23 441 37 26 442 27 9 446 89 13 450 0 27 450 4 30 450 71 22 455 62 18 460 80 22 464 24 7 465 68 13 468 15 30 468 52 29 470 50 25 471 75 7 472 50 7 475 14 13 481 25 9 481 47 21 482 40 11 483 33 30 484 9 24 485 98 12 488 93 7 501 6 21 504 17 24 508 29 19 508 43 8 509 10 2 510 85 16 511 24 7 515 44 22 518 24 2 518 75 26 522 71 9 525 83 10 530 50 6 539 72 14 545 47 6 553 29 0 554 21 22 566 100 23 570 81 0 571 17 0 572 25 6 572 63 17 573 35 31 578 27 16 578 34 26 581 24 16 584 57 12 588 55 21 590 27 10 591 27 18 592 61 12 593 8 25 599 4 28 602 37 13 607 36 27 607 89 28 609 42 1 610 54 18 611 89 5 617 30 6 617 89 15 618 5 9 619 39 11 621 1 31 623 1 15 629 62 10 632 57 24 632 78 22 633 65 29 642 4 23 644 58 27 644 77 15 646 10 1 647 95 31 648 60 23 651 65 5 651 70 23 651 73 2 653 63 24 655 90 27 658 73 30 660 44 14 662 82 1 664 22 17 665 31 22 682 10 26 682 76 6 683 97 20 684 90 6 692 35 14 692 78 15 697 66 23 700 72 4 702 76 1 705 13 12 706 40 19 708 27 15 711 17 25 717 98 23 718 7 30 719 11 0 734 52 23 736 2 29 736 53 22 737 73 29 740 93 18 742 93 3 749 44 2 750 1 10 753 2 29 753 29 9 754 41 4 758 36 10 765 93 3 767 70 11 768 49 21 769 2 12 770 74 28 776 78 4 782 40 21 784 86 26 786 76 25 788 10 4 789 54 4 795 11 11 797 62 8 800 8 21 800 48 9 806 85 7 810 89 5 819 12 25 820 87 13 821 78 17 824 6 11 828 1 15 832 75 23 833 73 13 839 40 5 848 16 9 853 29 29 855 24 10 857 63 20 858 2 8 858 59 15 870 43 12 870 55 14 874 50 14 877 83 27 879 68 17 882 14 30 886 29 23 893 67 8 894 33 9 900 70 19 902 56 11 903 17 30 906 58 12 907 86 12 911 67 5 913 32 26 918 78 7 920 42 28 925 52 14 925 60 17 925 81 11 927 29 26 929 56 4 933 55 6 933 58 7 937 17 30 943 36 23 944 62 10 946 19 16 952 21 20 952 90 25 957 0 26 959 12 31 961 65 31 965 4 1 966 41 23 974 74 30 975 42 7 976 96 16 978 21 9 984 88 30 987 41 17 989 61 5 992 44 13 997 41 19 1005 40 27 1006 55 8 1008 81 9 1010 39 1 1013 68 0 1016 47 3 1017 16 4 1017 75 25 1024 78 24 1024 84 2 1026 95 19 1029 14 19 1031 6 10 1032 94 28 1035 52 27 1808 8 29 1809 52 11 1810 51 31 1812 5 18 1813 60 25 1814 92 6 1818 55 28 1821 7 31 1822 28 20 1822 91 24 1824 42 6 1825 24 23 1825 95 10 1834 39 11 1834 45 24 1838 13 13 1843 23 4 1844 69 21 1853 60 23 1857 66 23 1862 5 26 1864 33 9 1864 63 26 1866 18 2 1869 41 30 1876 27 22 1879 64 17 1883 78 23 1885 72 15 1888 17 16 1890 3 2 1896 74 9 1900 90 19 1911 42 12 1914 45 0 1915 4 31 1915 94 20 1917 60 14 1923 12 15 1924 1 9 1933 50 24 1933 99 8 1938 75 17 1939 88 30 1943 48 28 1944 72 31 1948 89 16 1949 11 11 1950 81 17 1953 54 25 1965 95 18 1967 50 14 1968 26 22 1969 51 21 1977 1 8 1978 53 26 1982 68 23 1988 31 0 1991 37 13 1993 38 5 2001 0 20 2005 64 18 2006 85 8 2008 20 13 2011 85 10 2015 1 16 2020 13 1 2020 55 0 2026 93 25 2027 67 9 2034 61 8 2037 43 21 2042 47 1 2044 82 2 2045 85 18 2050 23 6 2051 11 1 2054 27 10 2061 65 30 2062 30 27 2063 19 25 2065 33 12 2071 21 11 2073 51 4 2076 66 30 2079 10 15 2084 89 27 2086 4 5 2086 36 29 2087 0 18 2090 56 26 2091 45 30 2095 79 26 2095 83 18 2101 38 2 2102 22 21 2106 25 8 2106 31 23 2113 31 3 2113 68 27 2116 96 5 2117 61 25 2123 6 24 2135 34 7 2140 85 22 2142 97 4 2145 27 15 2145 71 20 2146 59 26 2146 76 13 2147 58 15 2148 25 12 2156 20 30 2162 58 2 2165 27 29 2166 83 11 2173 9 31 2173 83 11 2179 28 29 2180 40 20 2183 13 16 2185 94 13 2190 30 9 2194 23 25 2194 36 23 2204 16 4 2204 85 12 2205 38 23 2208 21 12 2210 100 22 2212 45 10 2219 4 0 2219 7 31 2220 95 16 2220 98 20 2224 56 4 2228 56 20 2229 6 23 2231 34 5 2232 14 16 2233 28 4 2235 10 29 2235 19 7 2235 75 27 2239 33 5 2239 56 8 2242 86 14 2244 41 29 2246 50 12 2250 72 29 2251 90 19 2261 87 28 2262 74 13 2262 86 15 2263 25 11 2268 62 23 2271 4 12 2273 2 8 2277 35 28 2277 81 28 2278 58 13 2279 77 27 2296 73 1 2298 62 21 2302 57 11 2317 46 10 2318 33 1 2320 22 30 2327 19 10 2330 33 27 2334 48 10 2337 51 4 2339 26 26 2340 34 21 2341 39 14 2345 96 11 2347 63 4 2352 19 21 2363 82 10 2364 9 21 2366 69 19 2373 8 4 2373 73 17 2376 12 17 2384 96 0 2385 67 12 2389 2 31 2389 50 7 2389 77 28 2396 20 24 2419 36 9 2423 15 23 2423 41 9 2423 45 17 2427 69 15 2439 70 20 2442 28 13 2444 92 23 2445 12 4 2446 64 0 2447 90 15 2458 60 21 2459 60 25 2459 67 23 2465 56 28 2476 56 30 2480 89 13 2481 30 1 2481 31 29 2489 76 26 2490 56 12 2496 39 10 2498 50 4 2500 36 24 2501 98 3 2502 18 13 2507 30 27 2508 84 5 2510 28 19 2513 50 29 2514 60 11 2515 34 28 2515 49 18 2515 83 8 2516 77 6 2517 16 4 2521 27 0 2524 23 19 2528 27 22 2532 3 9 2534 92 23 2539 63 16 2539 64 5 2554 78 13 2559 29 30 2562 64 14 2563 5 3 2563 37 10 2568 21 7 2572 35 4 2574 83 10 2575 47 12 2575 99 25 2580 51 25 2582 88 3 2587 9 28 2592 29 4 2596 66 23 2605 71 2 2606 75 21 2619 23 22 2620 66 24 2621 5 5 2630 26 27 2630 38 24 2630 59 18 2632 63 21 2634 25 29 2637 74 26 2638 9 12 2646 8 13 2650 79 12 2650 95 4 2661 58 19 2662 12 8 2662 58 26 2664 72 14 2666 25 2 2680 23 25 2680 78 27 2686 82 18 2687 23 28 2689 96 22 2693 81 30 2695 43 9 2695 78 30 2697 16 4 2701 86 0 2706 63 23 2707 69 2 2711 87 25 2712 55 10 2716 33 15 2727 50 20 2730 96 17 2733 65 24 2733 85 21 2733 90 21 2736 33 17 2736 77 28 2740 67 6 2741 63 3 2742 97 9 2743 9 18 2744 30 3 2744 60 14 2744 68 22 2746 56 12 2747 3 31 2748 9 16 2754 100 13 2756 48 7 2758 22 0 2768 25 19 2769 11 14 2775 95 26
930 625 0.0001 72 78 25 79 12 3 79 32 21 80 15 30 83 94 23 84 50 8 84 87 17 86 31 7 86 52 31 103 35 8 115 7 28 115 22 19 116 8 5 129 71 27 130 1 8 130 91 1 131 10 0 138 22 24 139 0 11 148 30 27 149 11 19 149 64 13 149 83 23 152 63 0 152 99 11 155 45 1 158 60 23 159 80 11 162 68 31 165 96 16 168 42 20 175 61 0 177 34 18 179 61 28 180 78 25 181 61 6 182 13 8 183 85 13 184 24 15 185 33 30 191 94 8 193 26 15 193 30 3 194 16 18 199 28 22 204 11 4 206 18 4 214 74 5 222 50 13 222 79 27 225 57 21 226 87 24 234 24 12 241 18 22 242 80 5 245 71 31 248 58 30 251 26 16 252 63 27 263 55 15 264 49 26 266 20 16 266 90 2 270 36 25 277 90 7 283 39 6 286 83 7 290 58 4 293 21 17 295 88 14 299 71 27 303 8 16 312 40 16 314 16 18 315 68 20 315 98 14 316 96 13 318 77 31 319 99 3 320 29 15 320 57 28 329 17 13 331 14 20 331 65 26 331 83 12 336 13 12 342 27 23 350 62 30 350 72 27 351 49 17 358 1 3 362 11 10 365 40 13 373 5 1 377 97 16 379 45 5 381 31 10 382 95 14 398 26 26 400 3 28 401 17 17 406 3 6 409 67 31 409 94 26 411 82 11 419 27 4 419 74 10 422 81 13 432 71 29 434 15 5 436 59 11 437 52 8 440 73 0 440 83 6 441 58 22 448 81 11 452 39 29 453 97 18 455 52 10 460 61 23 465 16 21 465 57 3 467 49 18 469 24 1 469 28 9 476 27 6 478 56 24 479 71 9 480 56 11 484 88 9 488 23 6 490 12 25 503 45 19 503 69 8 508 8 20 509 17 14 511 85 24 517 58 13 518 91 26 520 96 2 522 79 20 524 46 4 528 44 3 537 19 10 541 69 10 542 88 30 543 66 30 546 41 13 550 10 7 553 31 16 556 31 25 561 76 0 564 85 30 565 92 15 568 52 30 569 1 11 577 84 25 577 99 0 579 63 24 581 95 21 590 27 24 594 89 15 595 85 4 595 86 11 602 13 7 603 4 21 604 90 2 613 4 26 613 23 23 613 39 4 614 61 1 617 100 0 621 80 10 622 41 30 637 64 22 639 71 1 648 26 7 648 84 26 649 76 14 651 28 29 657 6 27 657 18 6 660 21 6 669 96 6 672 66 3 676 6 27 680 63 5 681 61 21 682 32 6 684 87 30 687 7 23 688 16 17 696 61 29 698 63 14 700 54 16 703 20 12 711 38 8 713 63 18 714 76 10 716 54 19 718 82 3 722 58 8 725 68 9 727 72 16 729 61 31 731 61 1 732 19 30 735 57 7 740 21 11 742 62 20 742 68 5 755 85 23 758 48 30 758 99 24 762 73 9 763 44 7 763 92 4 765 67 8 769 15 26 771 27 20 772 51 10 772 84 15 773 4 30 774 36 3 780 65 13 782 57 27 783 28 30 783 69 26 783 72 20 787 44 28 788 1 15 790 50 9 794 7 28 795 47 26 801 14 13 803 68 14 805 75 24 809 78 22 809 87 24 816 52 21 816 53 13 816 84 11 821 55 28 827 57 3 837 74 15 839 46 26 841 34 7 844 39 4 849 65 15 855 13 1 858 62 23 859 10 4 863 89 22 869 19 10 870 27 5 870 51 23 878 63 25 883 49 4 885 39 18 891 43 29 896 8 5 899 45 10 904 88 6 907 41 13 921 53 20 923 39 29 923 40 31 924 52 3 926 61 25 928 39 27 929 100 20 930 61 22 931 78 30 935 39 2 936 83 21 937 9 16 940 74 22 944 96 5 946 5 8 952 63 22 952 89 15 955 62 4 956 14 4 961 72 31 961 92 4 969 0 12 970 56 28 972 15 1 975 11 16 976 3 18 978 1 5 979 96 19 985 11 29 990 38 31 991 57 10 991 61 18 992 97 15 995 9 8 997 78 1 998 8 26 1004 10 3 1004 96 10 1005 39 22 1007 61 12 1008 82 5 1012 62 27 1016 50 4 1028 17 22 1028 90 14 1031 17 5 1033 3 14 1035 72 28 1037 59 25 1813 70 21 1822 0 15 1823 30 13 1829 85 18 1831 71 12 1833 71 9 1835 7 31 1837 48 28 1839 80 13 1840 94 1 1841 10 12 1842 57 18 1846 16 31 1857 29 11 1861 3 5 1862 32 25 1867 92 2 1869 44 1 1872 35 9 1876 9 16 1882 38 13 1885 52 4 1888 62 23 1891 16 24 1896 54 14 1896 56 29 1897 36 14 1899 64 1 1899 70 31 1905 22 10 1911 17 19 1914 60 23 1916 33 2 1923 96 26 1924 39 13 1927 4 30 1927 44 16 1931 44 17 1931 87 9 1933 35 19 1934 96 6 1938 8 7 1947 72 6 1948 17 30 1949 23 13 1950 24 23 1955 50 9 1956 5 27 1956 38 21 1961 48 12 1968 24 12 1970 54 10 1976 77 3 1979 91 31 1980 50 15 1986 81 15 1989 65 30 1992 98 6 1995 37 5 2001 57 21 2006 50 17 2007 69 30 2009 11 5 2019 4 2 2019 26 20 2021 19 27 2022 63 13 2028 2 25 2029 92 22 2033 47 31 2035 7 20 2036 77 13 2045 98 8 2049 36 26 2056 35 31 2056 40 30 2057 61 1 2057 98 24 2059 7 15 2059 60 7 2069 91 29 2069 92 28 2071 31 22 2073 61 2 2075 66 23 2076 26 23 2087 98 4 2091 70 4 2092 11 24 2092 91 21 2096 36 30 2102 25 18 2104 45 22 2115 4 5 2120 19 13 2126 27 29 2129 51 20 2131 34 5 2133 61 3 2138 72 28 2141 32 9 2141 81 18 2149 63 0 2161 27 5 2161 98 17 2162 22 18 2165 43 27 2165 58 29 2170 61 24 2173 91 14 2174 28 16 2176 92 13 2179 39 5 2179 98 10 2182 66 28 2183 43 10 2188 63 9 2189 42 5 2190 90 1 2193 90 28 2196 4 16 2197 53 27 2201 69 29 2204 48 2 2204 85 27 2205 50 22 2209 18 21 2209 64 17 2213 72 13 2225 36 1 2225 37 28 2229 52 31 2230 56 28 2232 84 11 2233 74 2 2238 15 4 2240 88 0 2242 85 15 2244 82 6 2247 59 18 2249 51 17 2251 3 29 2251 49 27 2252 24 26 2252 52 28 2258 34 0 2261 59 2 2262 54 19 2262 54 21 2273 13 4 2273 52 19 2274 80 26 2277 24 11 2277 45 31 2277 68 2 2282 19 12 2285 33 11 2285 76 19 2286 98 12 2292 71 8 2298 39 1 2300 52 26 2312 81 8 2314 4 9 2321 9 31 2325 25 8 2332 85 6 2335 12 28 2337 64 18 2338 18 15 2342 72 28 2344 82 19 2348 31 1 2350 43 11 2353 10 30 2358 49 15 2358 78 25 2362 0 14 2363 85 0 2364 48 19 2368 25 10 2372 88 12 2378 10 16 2380 96 8 2382 30 24 2382 38 25 2382 47 5 2383 35 12 2385 15 5 2391 78 13 2394 38 19 2400 59 23 2400 67 24 2402 4 2 2405 27 15 2405 57 16 2436 25 26 2438 9 19 2438 93 25 2444 92 16 2448 14 17 2448 18 19 2449 64 17 2450 16 15 2450 94 17 2454 66 0 2455 96 29 2463 41 13 2463 93 9 2466 14 7 2469 16 0 2470 7 6 2473 68 30 2476 60 26 2479 61 20 2480 57 18 2481 71 7 2482 92 26 2482 95 21 2484 60 15 2488 63 15 2491 54 18 2493 100 11 2497 69 13 2505 3 25 2512 28 5 2512 72 27 2516 54 4 2517 92 9 2518 28 28 2526 22 1 2526 90 31 2535 77 20 2536 16 1 2539 83 9 2540 89 4 2541 15 11 2543 16 9 2543 63 29 2547 60 6 2551 77 31 2553 27 15 2565 81 31 2570 5 31 2570 14 30 2574 68 19 2577 41 8 2578 90 12 2586 27 15 2587 29 8 2588 9 10 2590 61 28 2593 50 4 2601 78 31 2606 93 2 2607 54 20 2618 54 15 2620 26 13 2621 50 1 2622 42 30 2624 76 4 2626 16 12 2626 54 5 2631 20 30 2635 94 16 2636 18 11 2639 59 25 2643 9 16 2646 41 24 2647 54 15 2649 26 31 2651 18 20 2654 22 21 2657 34 10 2659 54 19 2664 27 6 2664 39 9 2665 28 11 2666 92 11 2671 66 28 2672 58 3 2675 47 15 2679 26 9 2680 19 25 2683 63 24 2686 36 1 2690 35 18 2694 26 18 2694 34 20 2695 63 3 2696 72 4 2698 6 1 2699 13 29 2705 29 29 2709 37 17 2711 40 27 2714 15 1 2715 77 31 2715 92 20 2717 37 7 2717 37 22 2717 77 14 2721 100 0 2723 66 7 2724 41 16 2730 23 28 2735 61 26 2737 87 10 2741 60 7 2753 35 18 2753 47 6 2761 19 19
931 625 0.0001 78 69 25 79 24 17 80 14 9 82 83 1 84 35 19 85 79 14 85 97 28 89 75 5 96 39 30 99 35 23 103 51 11 104 19 17 105 29 26 109 62 21 113 82 20 116 48 22 117 67 20 120 15 2 121 74 15 125 53 7 130 29 17 131 82 27 135 85 18 137 100 14 145 45 16 147 36 12 147 73 5 149 49 25 153 38 24 157 46 16 163 92 3 166 38 14 167 40 25 178 46 21 178 64 28 181 8 4 187 23 5 187 61 20 190 20 7 192 19 1 192 46 8 201 67 2 202 58 23 205 51 19 206 46 31 206 55 19 207 7 30 209 13 29 219 5 31 221 38 5 222 37 31 227 20 14 228 12 24 228 85 13 229 66 5 233 22 23 233 43 6 236 27 12 239 31 28 239 34 6 241 27 25 244 22 27 247 90 23 251 6 17 252 54 6 258 11 9 258 86 3 263 77 18 266 72 10 269 5 18 273 98 2 274 55 15 276 70 19 276 77 14 280 10 3 281 74 0 288 71 2 290 85 23 292 4 5 292 89 19 293 32 10 295 68 17 295 69 20 295 83 22 299 70 14 303 1 6 307 82 11 310 30 8 312 13 11 315 33 3 319 38 3 322 88 15 323 95 16 327 45 11 327 73 18 329 100 7 335 49 6 353 63 25 357 94 8 364 27 13 371 0 18 371 8 28 374 20 8 374 62 28 374 63 21 375 43 18 377 0 29 383 85 25 386 27 19 386 73 12 390 83 11 401 98 6 404 27 24 406 55 29 410 49 16 411 63 14 415 44 9 416 0 27 416 9 20 418 10 22 418 93 6 425 33 22 430 75 14 432 73 31 432 93 25 437 28 18 438 48 25 440 1 16 442 95 16 444 87 14 445 78 14 445 90 20 459 99 17 466 49 4 466 98 24 467 19 16 473 99 4 478 72 21 479 10 16 483 100 27 485 82 20 486 11 0 488 64 11 494 87 5 496 87 23 502 9 26 505 68 22 506 13 30 509 46 14 513 73 10 515 78 8 515 84 9 518 32 0 518 84 15 518 97 9 521 76 2 524 76 25 525 3 1 525 67 23 529 60 11 530 14 4 531 59 11 531 92 31 540 38 18 540 43 7 545 6 6 550 69 28 552 100 16 553 52 30 567 18 9 568 13 21 571 100 3 587 21 3 588 85 3 591 57 19 596 42 31 601 93 13 602 71 13 607 34 11 607 69 15 609 28 14 616 51 0 616 79 5 617 81 21 626 81 29 630 0 13 632 37 8 633 81 10 640 17 9 640 92 14 641 58 0 642 46 11 647 88 22 649 46 17 665 1 3 665 75 17 666 25 4 666 81 6 670 31 5 671 20 25 672 61 28 672 99 7 673 98 28 675 89 11 680 13 18 686 65 8 690 50 19 695 39 3 695 98 29 696 42 13 698 26 1 702 57 11 706 91 6 711 21 25 715 97 25 717 60 15 720 7 12 720 85 13 721 50 11 737 80 22 741 21 2 743 20 6 746 15 25 750 96 31 753 73 3 761 96 28 771 64 13 772 25 9 773 63 18 775 14 9 777 70 23 780 44 24 781 12 16 785 25 28 789 49 30 793 82 31 796 0 8 796 5 4 796 46 10 798 37 21 798 57 23 799 80 19 805 30 3 805 32 4 807 3 12 808 42 1 809 4 23 817 59 8 818 55 30 819 73 21 820 77 13 821 87 9 824 94 7 835 76 13 836 31 27 836 35 3 838 70 11 851 78 27 863 20 23 863 86 0 864 99 10 867 81 9 881 43 19 882 21 17 897 39 19 900 11 0 905 5 29 911 27 18 915 6 4 918 86 28 920 93 26 922 5 22 922 71 5 923 86 14 928 16 24 949 37 31 950 99 8 964 97 15 965 4 7 966 97 23 971 6 9 971 6 26 972 40 13 972 45 8 973 91 11 975 39 4 975 83 8 977 97 31 981 22 13 986 76 17 988 36 30 992 57 27 993 11 14 996 11 0 1004 24 28 1006 24 3 1007 41 23 1008 84 12 1009 70 24 1009 90 23 1010 83 12 1012 64 31 1013 75 28 1014 54 26 1014 69 20 1014 82 7 1015 23 18 1019 98 27 1023 58 11 1027 81 17 1029 27 17 1029 55 5 1031 66 29 1032 25 10 1032 95 31 1809 6 27 1809 88 12 1817 88 4 1818 31 20 1819 15 12 1819 69 18 1826 40 3 1826 96 10 1830 13 13 1831 79 11 1835 83 13 1838 54 5 1838 54 6 1841 79 23 1844 2 29 1847 33 21 1847 67 18 1854 8 31 1855 1 6 1856 81 14 1859 12 24 1860 23 24 1868 35 23 1869 45 29 1876 4 1 1876 51 1 1877 18 23 1882 11 24 1882 80 30 1882 91 28 1894 91 22 1896 38 28 1902 44 12 1905 61 30 1911 75 21 1912 2 11 1926 65 12 1931 59 11 1938 36 27 1939 24 27 1945 40 22 1946 65 12 1950 14 3 1955 70 23 1964 60 27 1966 75 19 1967 0 10 1967 26 21 1967 99 14 1972 32 29 1973 36 17 1976 79 27 1977 34 16 1983 4 8 1983 64 22 1983 66 6 1983 95 7 1990 24 11 1994 43 30 1999 37 13 1999 54 18 2000 64 2 2004 15 3 2005 55 7 2006 20 30 2021 24 24 2021 90 18 2029 73 20 2030 97 27 2032 34 31 2042 70 12 2046 2 25 2046 21 2 2054 18 3 2060 36 31 2062 48 31 2064 37 24 2066 36 11 2078 82 19 2084 92 17 2086 97 24 2088 66 9 2088 97 23 2089 5 16 2090 71 4 2091 5 5 2095 53 7 2095 86 6 2099 56 12 2101 58 28 2116 67 1 2120 70 19 2121 59 15 2122 97 1 2124 86 14 2126 42 11 2127 2 15 2133 45 25 2133 70 0 2135 93 5 2139 34 29 2140 64 19 2142 69 16 2144 50 10 2148 49 19 2148 49 30 2152 100 27 2154 50 22 2154 67 20 2159 100 3 2163 30 2 2163 59 8 2165 24 9 2165 86 29 2168 60 25 2170 72 4 2170 88 18 2177 84 1 2178 83 14 2181 19 4 2182 26 14 2183 75 9 2186 14 27 2187 23 27 2188 44 3 2192 40 5 2192 55 12 2202 15 17 2203 67 17 2212 46 5 2217 82 28 2218 31 2 2219 14 20 2220 17 16 2222 76 13 2223 42 18 2232 1 20 2232 15 13 2233 55 22 2233 82 1 2235 57 0 2238 46 13 2240 73 9 2246 79 2 2264 3 25 2267 39 13 2271 93 23 2272 30 6 2273 39 18 2281 7 10 2282 64 28 2282 94 9 2288 69 3 2289 41 24 2292 56 21 2296 94 26 2299 31 29 2300 84 17 2301 23 8 2305 31 8 2305 46 23 2309 51 0 2312 89 15 2313 7 5 2314 45 11 2314 50 12 2314 76 6 2316 11 11 2317 30 28 2317 37 6 2326 74 22 2331 69 17 2332 54 6 2338 43 26 2342 99 13 2348 64 27 2349 39 2 2353 19 11 2353 95 5 2353 96 19 2355 38 29 2358 75 3 2368 94 13 2369 17 17 2382 90 20 2387 88 10 2397 22 20 2398 35 21 2409 73 6 2410 82 0 2413 72 2 2415 95 2 2418 11 28 2419 7 29 2420 5 17 2420 40 16 2423 3 4 2425 56 31 2427 90 1 2427 94 9 2428 1 8 2428 14 9 2429 50 23 2435 19 5 2443 7 0 2464 74 9 2469 24 18 2470 3 6 2470 87 1 2480 88 6 2493 41 23 2493 72 15 2494 49 13 2498 71 13 2501 78 22 2505 33 30 2505 35 1 2505 40 9 2511 83 27 2513 65 18 2520 63 13 2523 8 25 2528 6 24 2530 38 22 2533 83 17 2535 84 29 2541 100 10 2543 29 24 2543 32 23 2547 95 23 2550 72 29 2552 49 26 2559 85 10 2560 99 19 2563 80 2 2566 70 30 2567 45 29 2570 79 0 2574 27 21 2577 52 15 2578 69 26 2579 27 3 2583 40 9 2594 24 4 2595 9 9 2601 22 9 2609 95 30 2610 59 3 2612 2 18 2612 8 17 2612 15 19 2614 94 26 2623 53 14 2624 39 25 2625 96 26 2627 59 6 2632 60 18 2636 89 23 2642 96 18 2643 97 9 2647 53 22 2654 3 28 2656 83 26 2658 26 10 2666 19 19 2667 64 16 2667 70 20 2669 54 0 2671 5 29 2674 47 11 2681 66 25 2682 47 2 2684 90 2 2688 67 24 2689 35 27 2690 61 30 2690 83 29 2695 81 15 2699 48 3 2704 85 29 2707 63 6 2709 61 11 2709 100 8 2713 69 0 2715 1 15 2720 40 18 2727 14 25 2727 63 15 2728 61 17 2729 30 22 2729 81 7 2731 50 15 2735 28 7 2738 26 12 2740 36 11 2742 25 4 2742 46 3 2742 89 4 2746 63 24 2747 86 8 2750 80 16 2750 83 14 2758 39 4 2759 41 24 2760 45 1 2761 7 0 2762 18 1 2766 86 27 2768 79 2 2769 77 4
932 625 0.0001 72 98 11 74 52 24 79 49 18 79 74 25 81 42 15 82 36 31 82 55 8 89 23 5 96 33 24 97 74 0 102 72 13 104 5 5 106 97 5 107 53 13 111 80 29 112 47 0 114 3 28 116 46 29 116 88 3 124 40 30 126 75 2 134 9 8 137 98 13 139 50 24 139 76 7 148 70 22 149 79 6 153 7 18 156 96 16 157 12 28 162 3 20 165 41 30 165 48 1 165 80 5 165 99 20 168 66 30 169 41 9 170 64 15 171 20 10 174 13 8 177 7 15 185 77 9 189 66 18 192 11 15 193 8 1 193 100 27 194 78 3 201 55 26 212 42 30 212 86 20 215 3 5 223 93 17 224 66 29 233 92 19 234 39 12 235 4 14 238 32 23 242 20 19 244 52 3 245 93 15 257 33 31 259 66 21 260 38 23 266 28 12 266 61 9 266 69 12 270 85 29 271 30 2 274 33 3 276 92 11 278 3 2 282 72 15 290 67 8 292 21 3 294 2 5 300 97 25 302 72 17 305 47 1 307 93 0 309 28 11 313 79 27 314 45 1 314 55 27 317 58 24 320 90 24 327 9 9 332 80 17 336 62 22 339 62 6 343 85 1 348 2 2 352 79 23 355 44 3 356 31 26 360 15 15 360 47 15 364 46 19 364 48 27 365 12 11 369 27 1 373 79 23 375 7 29 387 95 18 388 16 31 388 44 7 389 5 11 391 95 11 394 43 31 395 75 1 396 10 24 396 47 22 400 78 19 401 90 19 406 13 13 410 94 5 411 90 30 421 90 3 425 49 7 430 70 26 431 87 18 437 5 12 439 19 30 441 16 26 446 3 20 448 46 18 450 63 3 454 47 7 455 29 10 458 47 21 460 22 27 464 21 7 464 88 9 467 34 18 470 100 7 471 27 0 473 77 17 473 81 27 476 15 5 478 62 19 484 11 11 485 40 4 486 86 18 493 52 4 499 36 26 502 32 30 502 50 10 509 12 28 511 35 12 512 50 27 517 76 11 521 86 1 524 25 29 524 76 0 528 76 26 534 51 0 540 51 4 552 55 10 560 86 14 567 85 6 568 14 17 569 64 6 571 56 28 572 27 13 573 23 19 578 33 5 579 50 10 579 90 27 581 1 4 583 42 13 590 89 11 593 4 27 595 8 4 596 37 5 602 18 18 608 26 3 608 50 23 610 48 29 610 58 20 611 17 9 612 86 19 614 74 16 619 29 9 619 95 14 627 95 4 628 94 4 633 77 8 637 8 23 639 3 16 641 0 16 641 36 14 644 38 23 647 6 9 648 31 18 651 56 13 671 73 4 676 43 25 680 53 11 686 69 25 690 98 17 693 5 17 696 87 13 700 84 5 707 73 5 711 15 9 711 85 12 712 38 2 713 46 13 715 56 26 716 98 25 725 65 7 726 91 17 735 0 1 736 50 27 736 79 16 738 67 16 741 72 29 742 96 28 752 71 1 754 38 30 756 6 30 760 28 0 761 34 2 761 62 28 763 4 7 767 14 13 771 57 20 776 46 24 776 58 22 777 29 5 781 0 3 781 70 18 782 44 9 797 82 6 801 6 9 803 8 28 805 92 18 815 23 4 820 59 29 824 83 28 830 63 27 831 27 27 842 61 11 843 19 30 843 71 25 845 20 18 850 49 27 853 12 19 858 40 27 859 65 25 859 91 19 862 83 29 870 3 26 874 94 1 876 7 9 877 69 15 879 98 6 881 44 4 882 71 27 887 75 11 890 57 16 901 37 16 903 45 25 907 15 15 908 81 15 914 17 5 915 0 19 920 22 15 921 90 24 922 53 27 925 18 29 930 25 10 930 31 17 933 18 19 938 33 9 940 38 19 943 20 22 945 21 12 945 36 1 946 21 28 946 85 5 948 56 6 949 0 6 955 66 5 957 16 10 961 49 1 966 66 4 972 38 16 977 82 3 983 19 29 993 27 28 994 54 13 994 61 4 997 74 12 1006 83 6 1007 17 14 1013 42 27 1018 41 28 1021 88 31 1027 19 18 1029 79 13 1029 92 11 1033 39 22 1033 83 18 1034 4 16 1035 5 13 1038 41 29 1813 69 26 1813 95 27 1814 48 16 1815 33 13 1815 50 1 1815 65 26 1816 91 26 1821 43 19 1828 46 20 1829 22 16 1829 28 16 1829 56 16 1830 44 6 1832 73 1 1833 85 24 1835 31 11 1837 96 31 1838 69 0 1856 40 30 1860 33 21 1863 56 22 1865 28 12 1866 76 4 1868 33 30 1869 99 29 1880 91 27 1885 91 4 1886 87 30 1887 69 3 1889 89 23 1892 54 16 1894 63 10 1896 87 10 1897 15 2 1899 27 30 1899 37 27 1899 53 3 1900 52 6 1903 1 24 1905 33 14 1907 64 0 1908 45 29 1910 25 30 1911 70 8 1912 76 26 1919 34 25 1920 100 19 1921 62 17 1927 22 6 1927 58 24 1929 82 6 1932 85 30 1933 9 15 1934 21 9 1935 64 22 1936 64 24 1940 86 15 1944 66 8 1947 46 9 1948 75 13 1948 80 18 1949 99 26 1953 19 3 1956 99 28 1957 12 17 1963 0 7 1967 65 23 1976 40 19 1983 43 13 1985 49 1 1986 17 19 1986 61 21 1987 15 6 1988 98 9 1989 31 6 1989 93 17 1992 37 1 1994 17 25 1998 68 23 1998 89 24 2000 14 18 2002 16 4 2002 77 16 2008 5 18 2010 25 19 2011 13 24 2011 52 10 2012 49 8 2013 34 19 2014 9 11 2014 60 7 2016 30 20 2017 27 17 2019 48 17 2027 40 11 2029 21 5 2041 94 23 2045 7 30 2056 78 12 2061 25 23 2069 26 0 2070 67 13 2073 78 22 2074 26 29 2074 27 26 2074 36 0 2077 87 30 2079 100 26 2080 63 1 2084 67 30 2088 53 20 2092 1 1 2092 27 21 2094 29 4 2094 52 31 2096 35 5 2102 26 11 2109 96 4 2110 99 12 2112 38 11 2113 5 12 2114 98 1 2119 38 15 2119 59 4 2123 4 4 2124 30 10 2132 73 21 2149 62 2 2149 86 7 2160 4 21 2160 46 13 2161 82 29 2168 20 20 2169 53 22 2169 83 22 2170 11 5 2172 5 5 2173 92 20 2178 36 26 2184 85 29 2189 72 11 2192 38 23 2193 1 14 2198 60 25 2199 48 25 2199 70 9 2209 90 5 2210 91 9 2211 96 19 2212 9 18 2220 6 14 2221 1 15 2222 17 26 2224 47 0 2227 25 19 2238 31 25 2240 13 9 2242 74 26 2244 76 4 2245 42 1 2247 27 11 2255 16 21 2256 53 8 2256 58 17 2257 6 10 2260 83 6 2261 36 25 2278 53 16 2283 47 0 2284 96 16 2287 48 31 2293 53 28 2296 90 13 2297 85 27 2311 74 14 2312 59 12 2313 9 29 2315 23 21 2324 70 22 2327 2 26 2328 86 30 2329 79 23 2332 36 2 2332 68 15 2342 66 1 2342 87 28 2349 75 20 2351 42 3 2352 68 27 2353 46 11 2355 30 14 2355 77 5 2357 76 10 2358 20 29 2360 85 31 2361 74 29 2361 80 6 2364 48 4 2366 94 7 2367 25 31 2367 79 2 2368 66 27 2372 95 9 2377 26 27 2382 91 0 2383 93 14 2385 95 30 2392 97 20 2397 21 10 2400 1 3 2402 23 20 2403 37 25 2410 55 21 2411 28 14 2412 91 1 2419 60 31 2426 34 2 2437 14 9 2441 46 28 2446 84 12 2450 99 7 2455 26 9 2456 84 10 2461 86 29 2463 23 28 2470 63 31 2471 48 16 2472 82 25 2474 76 25 2475 34 12 2479 52 0 2481 36 5 2485 19 2 2490 21 1 2491 86 6 2493 40 2 2494 7 24 2494 41 14 2504 33 31 2513 38 15 2514 2 19 2515 1 26 2518 74 22 2525 69 30 2529 99 12 2530 48 30 2537 36 9 2538 34 24 2552 48 7 2552 72 26 2554 54 4 2562 37 10 2565 80 23 2566 10 0 2566 37 1 2567 31 9 2574 84 23 2577 19 27 2578 82 15 2579 77 24 2582 12 4 2588 63 25 2590 82 15 2595 83 4 2596 59 8 2599 50 16 2608 6 17 2608 91 24 2615 62 24 2622 97 11 2627 16 31 2628 74 11 2629 83 18 2630 67 3 2638 34 20 2642 22 12 2643 89 5 2648 12 22 2652 30 31 2654 83 16 2661 76 29 2670 68 0 2671 28 4 2672 21 16 2673 1 0 2675 24 9 2681 95 2 2682 88 5 2683 83 17 2692 34 31 2696 45 14 2697 37 18 2703 30 5 2705 10 7 2712 78 10 2717 60 11 2718 39 18 2723 10 19 2723 69 7 2729 76 14 2734 5 9 2737 43 21 2738 50 24 2739 65 22 2740 93 0 2743 8 9 2743 49 3 2751 44 17 2755 33 10 2755 90 21 2761 36 10 2763 25 10 2764 39 23 2767 5 16 2770 51 23 2771 67 0 2774 35 5 2774 40 21 2775 59 19
933 625 0.0001 73 64 24 81 32 30 86 46 9 88 7 8 91 52 1 94 61 10 96 100 10 102 31 18 102 92 31 103 77 30 106 11 10 107 41 1 109 55 22 114 76 18 115 9 24 116 94 9 131 28 12 135 2 19 142 94 26 143 71 12 148 55 20 154 29 16 155 62 23 155 84 8 156 31 30 159 70 15 160 86 5 162 73 18 162 81 25 175 93 13 178 40 21 179 29 1 183 67 3 184 30 31 185 17 0 189 95 3 190 1 28 198 83 4 201 17 29 206 28 15 208 13 31 208 58 14 209 51 4 211 0 17 213 84 5 214 44 20 215 31 26 215 47 25 220 94 27 225 26 15 227 50 3 229 64 12 232 61 18 233 4 9 233 62 9 234 26 23 235 95 0 240 51 28 242 80 16 244 62 22 245 22 22 249 65 17 249 67 5 252 47 12 253 39 31 259 22 12 269 46 19 270 49 22 272 44 25 274 6 27 287 74 10 289 19 5 289 96 13 290 96 13 304 19 19 308 78 11 308 79 15 317 77 12 317 96 0 319 42 18 321 38 15 322 34 26 328 72 5 334 99 26 339 13 24 340 10 22 341 26 30 353 47 13 355 87 29 356 9 28 358 57 0 359 78 9 360 8 30 360 67 30 365 22 25 367 100 10 371 17 12 374 4 0 378 68 5 379 37 18 380 15 21 386 8 28 387 78 7 388 20 4 390 97 5 397 23 17 399 64 1 400 49 15 400 86 9 401 76 20 404 58 0 405 82 15 406 17 1 407 23 2 407 43 19 408 80 11 412 49 19 414 67 27 421 18 16 429 98 16 431 81 19 434 29 11 436 20 21 445 29 27 454 3 17 454 44 24 456 58 21 456 65 2 457 45 26 460 81 14 464 45 18 467 26 22 470 54 21 471 0 9 478 87 21 478 94 6 480 0 14 480 11 27 486 19 10 486 38 5 487 21 8 488 82 4 489 11 24 491 67 31 493 1 21 497 79 6 500 37 10 505 83 16 507 49 5 507 74 2 516 32 29 519 9 18 526 32 16 531 3 18 534 83 12 537 10 20 563 81 27 563 97 14 572 58 21 573 52 14 580 95 15 581 16 2 582 97 21 590 28 26 594 70 18 599 93 6 600 82 8 601 19 17 602 42 13 602 72 2 606 19 0 611 55 5 613 47 25 614 93 13 614 94 31 616 20 5 616 86 21 619 19 17 624 72 0 625 66 27 633 1 6 645 24 29 646 89 11 647 71 21 649 36 28 649 96 21 655 65 11 659 54 24 660 10 26 661 72 28 663 8 27 669 34 21 669 38 15 673 35 5 674 98 28 690 16 17 693 44 10 696 4 5 696 17 19 699 68 10 700 9 3 700 30 19 702 84 1 703 31 9 704 83 20 707 4 14 711 43 3 712 9 31 716 27 24 717 27 0 720 67 16 721 75 0 722 21 16 723 88 16 724 98 11 727 84 6 728 57 0 739 45 2 744 25 21 744 65 22 745 40 28 745 58 26 746 46 6 753 60 15 754 70 29 757 10 30 757 20 22 757 81 20 758 72 29 762 92 15 766 20 7 768 74 20 776 29 25 777 22 19 787 48 7 792 48 21 794 34 22 795 100 5 804 9 24 808 56 1 808 97 13 810 56 4 812 37 15 813 40 3 814 15 5 816 58 24 822 61 2 826 7 24 827 53 5 829 4 19 832 12 26 832 61 5 833 7 25 844 98 29 847 92 9 848 73 10 849 25 24 851 84 7 852 100 17 853 82 28 862 5 6 865 91 30 866 60 14 875 51 7 876 31 16 877 46 3 880 29 17 883 37 8 887 18 6 887 30 29 887 57 12 889 78 9 890 23 25 894 94 11 901 42 25 902 2 16 904 38 8 905 52 21 913 13 11 917 8 8 919 98 2 922 26 14 925 7 14 925 44 20 928 9 24 929 70 24 931 61 20 935 24 29 947 1 3 947 61 8 948 31 19 950 35 18 959 17 17 961 22 20 963 4 6 963 72 23 966 4 23 969 31 6 977 97 6 978 93 7 979 2 3 979 4 23 980 40 18 982 68 8 988 36 13 989 81 4 991 88 20 1003 57 26 1003 73 6 1011 91 10 1021 70 21 1024 97 18 1027 16 25 1027 92 1 1028 43 27 1031 43 26 1034 81 28 1039 56 4 1039 73 10 1811 18 3 1811 33 25 1816 94 3 1818 26 21 1820 56 8 1822 75 0 1826 99 5 1827 33 21 1827 80 23 1831 72 24 1838 19 4 1839 4 7 1846 19 24 1850 80 19 1851 5 2 1853 35 15 1855 8 7 1865 94 3 1868 61 11 1874 87 11 1881 47 21 1891 42 15 1898 20 20 1898 27 24 1901 7 4 1902 58 0 1903 12 11 1904 9 18 1907 8 13 1907 54 17 1908 43 31 1914 29 25 1915 12 23 1916 2 29 1919 95 25 1923 45 7 1925 0 14 1926 64 24 1941 84 3 1942 40 20 1942 68 31 1943 35 27 1943 63 25 1948 95 10 1960 66 8 1961 99 31 1962 70 21 1971 39 19 1972 99 15 1976 18 2 1978 93 25 1982 77 7 1982 98 17 1984 51 29 1991 64 16 1997 4 16 2003 75 31 2010 46 27 2012 81 23 2013 85 4 2017 14 26 2019 65 11 2019 75 7 2020 53 4 2030 23 1 2033 44 0 2035 35 2 2036 41 28 2037 40 26 2037 41 21 2041 3 21 2041 32 12 2045 5 14 2047 8 22 2051 95 11 2065 49 23 2068 47 4 2068 93 4 2078 24 30 2082 5 3 2093 84 24 2096 25 19 2096 68 7 2097 46 16 2098 1 22 2102 5 11 2105 13 3 2110 3 2 2116 5 31 2123 64 1 2125 47 12 2126 48 11 2127 58 11 2127 99 21 2130 59 27 2131 84 10 2132 67 5 2135 62 31 2142 52 18 2160 42 21 2160 91 15 2169 50 31 2170 92 3 2173 34 30 2174 41 5 2174 73 15 2174 96 3 2175 49 28 2179 4 23 2182 19 5 2184 13 16 2185 1 14 2186 53 13 2192 72 21 2195 95 22 2196 8 22 2196 32 21 2197 14 12 2198 77 30 2201 24 17 2211 26 4 2216 58 8 2217 14 19 2217 38 10 2219 39 31 2221 70 4 2221 85 25 2226 80 2 2231 89 15 2233 57 14 2242 17 2 2243 18 9 2252 35 14 2259 68 19 2262 100 25 2264 45 4 2278 35 20 2289 75 18 2290 66 23 2291 24 31 2294 49 3 2294 58 10 2295 44 18 2307 55 21 2308 19 28 2313 68 3 2313 88 31 2315 14 19 2315 36 26 2323 8 31 2324 3 10 2325 58 10 2330 63 11 2331 26 3 2333 53 15 2335 5 17 2337 86 4 2338 4 18 2342 0 11 2343 20 13 2344 35 30 2347 50 6 2350 19 26 2357 33 8 2357 62 0 2362 32 5 2368 94 0 2372 51 26 2376 56 13 2379 94 17 2382 2 17 2393 9 17 2395 33 4 2397 45 23 2401 89 22 2402 84 14 2403 2 8 2403 43 22 2405 3 29 2406 34 22 2407 70 30 2413 10 1 2419 52 3 2426 24 12 2427 20 29 2433 51 25 2433 72 24 2434 94 22 2442 48 23 2449 55 0 2464 58 11 2465 87 24 2466 43 7 2468 4 10 2469 64 29 2475 92 8 2477 1 25 2485 33 22 2485 57 30 2486 3 16 2488 85 8 2490 41 31 2493 59 19 2498 9 16 2502 82 4 2504 87 5 2505 23 12 2506 7 20 2513 47 9 2514 98 31 2517 65 21 2517 77 4 2522 27 21 2522 36 6 2526 13 21 2530 41 2 2532 87 30 2533 57 27 2534 6 5 2535 39 24 2541 17 25 2548 79 17 2556 24 10 2556 55 0 2556 72 16 2560 24 22 2561 43 29 2561 79 12 2562 5 2 2564 17 0 2567 52 9 2569 16 1 2571 37 29 2571 91 17 2579 71 26 2580 47 14 2581 71 26 2581 93 10 2587 27 28 2591 38 16 2595 39 24 2602 57 28 2605 66 1 2607 1 26 2608 21 12 2609 97 4 2612 21 5 2612 25 30 2621 32 25 2633 21 11 2633 47 15 2636 14 10 2636 48 14 2637 3 29 2638 20 10 2641 34 11 2641 40 2 2645 95 15 2648 2 8 2651 21 11 2657 41 28 2661 29 13 2666 51 13 2668 86 16 2669 63 16 2671 55 21 2671 63 7 2676 10 14 2677 10 9 2680 6 19 2681 44 6 2683 83 20 2686 81 6 2699 27 27 2700 37 29 2705 32 30 2706 64 2 2707 83 10 2708 57 11 2709 20 26 2709 45 19 2711 50 28 2715 41 29 2716 23 6 2717 33 2 2725 19 4 2726 86 18 2727 18 8 2738 89 8 2741 49 2 2742 41 22 2743 91 1 2745 52 1 2750 13 10 2750 22 26 2753 64 0 2755 3 31 2756 87 15 2758 91 24 2759 43 0 2762 22 17 2764 60 5 2765 66 17 2765 80 1 2772 71 10 2774 88 23
934 625 0.0001 75 39 11 76 38 13 76 44 18 76 81 25 79 80 16 80 43 2 85 81 6 86 91 12 90 6 1 92 76 16 95 33 17 102 47 20 105 90 25 106 43 13 117 50 23 117 62 8 118 17 2 120 53 14 121 41 14 121 79 31 122 28 5 128 90 10 129 81 15 133 63 23 134 24 23 137 32 30 140 80 0 141 76 3 142 7 2 145 13 11 148 43 7 149 41 11 150 13 2 153 69 25 159 22 8 161 22 12 162 89 13 175 41 15 177 11 31 186 3 22 191 5 16 194 96 18 198 97 2 200 28 2 204 29 30 216 79 7 219 38 4 220 95 14 224 8 24 224 55 15 225 75 14 225 89 3 230 69 29 235 76 21 235 77 25 240 25 23 246 93 18 251 5 21 252 59 29 255 64 3 263 8 18 268 30 31 270 11 30 271 63 28 274 2 1 274 74 0 275 68 21 278 76 31 279 55 30 285 18 17 286 7 12 286 21 2 286 22 19 286 33 13 287 30 11 288 40 2 289 31 5 293 7 10 293 46 5 294 25 22 294 99 10 298 20 20 302 93 7 306 87 28 311 84 30 311 95 11 313 66 1 316 20 22 317 3 30 317 55 25 319 99 23 321 92 9 322 8 22 323 80 18 333 47 15 335 83 21 337 66 29 339 22 1 339 55 4 343 91 13 347 81 14 352 77 31 353 5 12 362 63 18 372 83 3 376 55 6 378 7 24 380 7 22 382 47 28 385 67 14 386 24 22 387 88 14 391 69 6 391 75 4 397 72 2 400 11 2 402 6 26 402 33 27 403 2 4 403 92 19 407 98 18 408 27 0 412 86 26 421 22 7 422 31 17 423 63 19 424 6 7 425 47 29 431 89 27 439 58 19 441 87 10 451 99 11 453 98 24 458 94 27 462 55 3 464 92 20 465 34 29 465 87 28 466 34 28 467 24 26 473 53 22 476 83 13 480 79 1 481 15 14 493 61 12 493 69 21 495 54 18 495 70 27 495 76 16 508 72 2 514 61 9 516 96 18 519 9 30 519 41 21 520 67 4 523 94 25 524 98 11 525 64 23 530 52 18 533 38 6 534 31 13 535 43 23 537 38 29 541 3 20 545 13 14 552 17 20 552 51 25 555 8 16 557 100 8 559 87 28 561 88 14 572 20 23 580 21 10 581 74 29 588 19 2 589 24 6 590 6 27 599 18 14 605 68 9 610 2 11 623 26 11 624 27 22 634 14 31 639 62 28 648 12 17 650 27 27 650 88 3 653 96 16 657 47 28 663 65 23 665 17 6 667 56 3 679 93 23 681 22 0 693 95 0 703 95 26 705 91 24 707 78 17 708 51 14 712 82 12 713 31 4 713 46 14 718 42 31 721 48 2 724 61 4 725 100 27 728 15 2 733 39 11 735 98 29 736 24 16 737 39 22 739 37 5 740 71 6 743 2 30 744 63 29 745 98 12 746 39 22 749 41 4 753 69 16 754 16 26 756 19 18 760 96 6 762 58 18 763 96 1 769 13 28 769 48 13 774 92 7 775 95 5 779 39 1 779 47 20 783 51 31 786 3 6 786 30 19 786 90 18 787 56 23 789 92 22 790 100 1 795 3 0 797 90 19 802 94 23 806 63 14 808 31 17 811 91 12 812 6 10 826 43 12 844 28 16 845 61 5 846 22 21 846 90 18 854 4 9 854 85 17 858 51 1 859 2 1 860 98 31 861 50 20 873 68 30 874 50 5 875 38 14 877 54 24 883 83 24 886 96 18 888 87 22 890 56 5 892 100 18 897 60 16 905 89 21 906 83 22 912 5 28 913 32 17 918 28 29 927 11 28 931 40 24 938 37 18 946 99 24 948 65 28 951 13 26 952 13 0 952 79 9 957 50 9 957 73 24 961 41 13 963 62 4 963 80 8 965 81 15 966 45 19 967 40 4 968 80 13 973 68 7 975 51 24 980 75 19 988 16 17 996 70 25 997 51 16 1002 50 30 1006 30 22 1011 59 15 1012 86 10 1019 86 15 1022 90 29 1023 43 20 1024 29 6 1026 9 9 1026 93 3 1031 74 11 1033 28 25 1034 92 2 1037 65 9 1039 53 18 1810 54 26 1810 59 18 1811 20 20 1813 71 13 1815 60 28 1818 35 13 1822 51 27 1822 53 10 1822 81 18 1824 55 6 1824 61 21 1839 20 13 1844 12 22 1846 64 13 1848 26 21 1852 40 6 1853 31 5 1854 80 8 1869 85 1 1872 85 7 1873 29 19 1874 41 23 1874 71 12 1875 75 19 1877 53 24 1878 74 28 1880 3 18 1883 4 18 1884 84 11 1885 61 29 1886 52 13 1887 26 12 1894 59 28 1894 64 10 1901 93 10 1902 90 0 1903 38 11 1904 49 4 1905 18 25 1916 43 7 1920 69 28 1922 33 13 1922 94 28 1924 58 22 1925 29 15 1926 13 26 1929 29 2 1935 91 18 1937 86 9 1941 27 10 1947 50 27 1953 46 28 1954 20 20 1955 71 28 1958 16 27 1959 26 14 1960 96 22 1965 53 26 1970 78 6 1976 16 1 1982 10 24 1982 73 21 1984 61 13 1984 83 20 1985 67 5 1989 51 20 1992 32 24 1994 29 4 1998 48 30 1999 34 22 2000 2 23 2011 38 27 2011 97 18 2012 12 19 2021 8 30 2021 61 20 2022 12 1 2031 84 19 2035 55 3 2038 58 8 2040 67 6 2045 75 2 2050 88 16 2051 18 23 2051 39 21 2056 84 22 2059 15 5 2059 63 6 2059 69 29 2063 81 15 2064 29 14 2068 92 7 2077 61 18 2080 42 10 2083 68 21 2083 86 13 2084 21 2 2084 56 9 2087 33 1 2087 63 22 2090 92 4 2090 94 6 2091 33 14 2097 93 7 2099 34 8 2101 35 27 2104 6 21 2108 97 31 2110 74 27 2111 6 3 2113 16 4 2113 68 18 2113 73 28 2116 76 18 2126 3 14 2126 47 26 2131 94 0 2141 46 2 2142 75 31 2144 57 4 2144 96 13 2150 0 22 2151 28 18 2152 85 19 2153 66 30 2154 22 18 2160 80 19 2172 0 28 2179 17 18 2181 20 0 2184 81 31 2185 6 26 2186 34 14 2188 73 11 2189 2 8 2189 31 13 2193 43 8 2193 80 28 2201 42 29 2201 91 24 2205 26 2 2211 4 18 2213 82 31 2214 94 6 2215 69 28 2217 98 22 2221 10 30 2224 76 4 2229 88 12 2230 58 8 2231 56 20 2233 62 8 2234 94 4 2235 6 6 2235 90 19 2238 29 14 2241 37 13 2245 86 9 2252 29 1 2254 38 27 2255 69 8 2256 14 31 2260 6 25 2262 39 24 2263 52 0 2264 33 31 2267 70 19 2270 21 19 2270 43 6 2272 68 27 2275 53 23 2277 3 3 2280 83 27 2283 28 12 2285 53 31 2289 2 0 2294 20 29 2298 15 18 2305 37 23 2308 55 19 2312 54 13 2313 16 23 2313 24 2 2316 67 22 2318 32 25 2319 46 25 2320 100 25 2326 76 20 2327 32 24 2331 0 11 2335 52 4 2342 62 8 2344 83 6 2349 38 9 2349 66 7 2352 70 18 2360 65 13 2367 30 20 2371 62 5 2377 71 0 2383 36 20 2385 38 22 2394 13 24 2394 42 18 2394 70 27 2398 22 16 2404 85 7 2409 3 20 2409 42 15 2411 20 3 2421 1 30 2424 56 6 2424 89 2 2429 22 0 2434 55 12 2448 58 5 2451 0 10 2452 14 11 2455 22 1 2456 62 1 2457 42 29 2466 41 20 2466 65 17 2467 44 3 2468 5 25 2473 24 4 2475 70 30 2476 17 13 2477 96 2 2480 26 3 2487 2 23 2487 3 14 2490 9 26 2502 41 15 2504 95 5 2508 72 15 2509 83 27 2509 91 1 2510 51 29 2512 24 29 2515 16 23 2522 55 15 2526 15 15 2529 60 17 2536 4 21 2536 20 15 2537 68 5 2542 10 30 2542 26 25 2542 27 0 2543 45 8 2544 79 22 2546 61 8 2556 15 29 2565 22 11 2565 62 26 2574 19 31 2582 65 12 2585 48 9 2594 85 9 2598 41 24 2599 84 24 2605 21 2 2606 65 14 2608 54 13 2611 13 11 2613 92 8 2614 0 25 2618 81 6 2620 1 0 2621 96 2 2625 23 13 2628 98 19 2629 2 19 2634 81 1 2637 91 8 2647 61 24 2648 34 3 2650 3 20 2650 66 29 2650 75 20 2655 90 25 2657 25 14 2662 99 19 2665 35 20 2668 4 18 2668 8 31 2671 88 2 2677 68 7 2680 5 11 2690 66 18 2694 30 29 2694 92 9 2704 4 6 2704 4 9 2708 68 28 2711 14 11 2713 24 29 2715 50 20 2715 62 13 2724 94 16 2725 93 29 2730 25 29 2732 13 28 2732 50 26 2733 2 22 2735 75 20 2748 4 19 2748 41 25 2752 92 4 2756 88 31 2756 90 4 2762 28 18 2772 68 12 2773 9 20 2773 43 17 2774 59 17
935 625 0.0001 74 56 23 77 64 11 81 14 31 81 61 15 92 7 11 94 91 5 102 47 6 102 52 8 103 47 13 107 15 5 108 26 14 113 53 19 115 60 12 116 30 20 121 87 17 123 40 1 123 67 12 123 73 19 130 2 28 131 70 7 132 65 1 132 96 0 134 67 8 135 98 31 136 61 3 137 50 7 140 60 12 141 16 25 141 68 8 144 80 20 148 86 2 149 46 27 151 29 29 153 13 1 154 94 28 163 27 11 164 46 2 164 59 29 167 43 31 167 56 6 167 79 22 172 24 2 173 94 17 175 40 10 180 66 29 180 75 14 185 41 26 195 10 19 198 67 24 198 99 2 201 27 9 201 33 15 201 90 0 204 96 31 207 69 7 209 99 23 211 52 27 216 24 6 220 28 13 223 77 17 227 73 1 228 19 25 228 39 18 229 24 24 229 100 8 230 70 22 234 54 8 246 72 12 252 86 10 253 54 15 255 44 5 256 63 10 256 66 24 260 11 6 260 74 0 261 68 21 261 93 29 263 8 14 263 55 14 263 81 23 267 100 1 274 46 5 277 47 17 279 97 23 283 8 29 285 22 18 292 94 21 294 55 17 295 37 14 295 70 17 300 38 4 304 6 12 306 13 8 306 42 1 307 64 12 307 100 17 311 9 1 312 30 24 314 37 19 316 3 18 318 50 30 320 22 0 321 92 1 323 64 17 324 95 9 327 30 26 327 33 26 331 68 21 335 80 18 342 62 25 343 29 17 343 44 17 345 22 28 346 23 10 346 38 14 346 69 23 350 40 6 362 58 27 362 82 27 364 98 30 365 56 31 366 47 10 367 43 27 369 23 27 375 21 27 376 48 7 376 49 28 377 18 4 384 11 16 384 28 27 388 38 0 389 25 28 389 28 20 393 13 22 393 72 16 394 49 16 400 96 29 402 80 23 410 47 28 411 1 1 416 1 7 417 20 7 417 71 18 420 57 5 422 42 31 423 86 8 425 19 28 428 70 5 444 63 26 446 37 9 447 58 1 449 51 4 458 30 4 459 91 26 463 6 30 467 61 19 484 48 29 484 79 0 487 1 12 487 80 25 488 71 9 490 24 2 493 53 2 496 66 13 499 17 20 500 81 22 513 2 4 516 82 23 516 92 6 517 44 22 518 98 3 519 57 19 521 31 28 522 8 1 523 21 28 524 91 30 531 71 15 532 16 9 533 97 18 535 83 10 536 77 18 539 5 0 539 78 28 539 96 15 540 64 11 541 46 2 545 39 14 546 5 26 547 79 19 557 65 10 559 71 16 560 74 22 563 49 20 563 59 7 567 13 8 571 89 16 579 36 6 581 13 18 594 44 17 594 89 28 598 72 26 604 30 29 609 7 9 615 48 4 617 92 2 618 63 7 621 8 4 621 79 31 622 80 29 624 66 7 631 92 0 633 93 15 640 55 15 641 53 29 643 62 18 645 79 28 650 13 12 652 26 28 658 60 18 659 85 16 671 34 20 680 9 26 681 69 17 681 73 1 682 74 14 698 90 22 701 50 2 703 17 23 706 52 9 710 51 6 716 51 6 721 36 22 728 40 23 737 11 11 742 42 20 743 89 30 746 11 9 751 88 21 752 6 17 757 98 1 758 46 0 759 65 29 759 83 9 760 53 26 762 17 5 764 5 7 767 87 17 771 35 26 774 2 13 776 94 5 779 30 8 782 80 11 784 10 4 786 40 2 787 69 1 803 23 2 806 33 18 809 56 31 812 15 10 815 32 9 817 45 25 821 86 2 826 57 1 833 98 13 836 14 2 838 74 5 839 49 22 840 59 3 845 7 6 850 33 10 850 58 21 851 94 7 852 85 16 855 38 23 855 47 25 859 0 5 861 73 15 871 1 8 871 49 3 873 0 19 874 75 6 878 62 19 882 12 1 883 100 1 888 55 28 888 90 18 889 13 29 890 49 18 891 55 25 891 99 15 894 68 5 899 25 26 904 50 25 905 88 14 929 46 19 932 18 15 939 31 23 944 7 12 944 30 1 950 48 31 952 66 22 955 61 6 971 50 0 977 58 5 981 90 20 982 50 29 983 76 29 986 70 29 990 48 15 994 24 12 994 38 30 995 46 19 998 9 26 999 95 15 1005 6 4 1013 7 2 1013 88 8 1017 63 28 1019 67 1 1019 79 23 1022 91 28 1032 22 31 1033 27 8 1033 47 21 1034 8 27 1034 41 14 1035 53 11 1039 24 24 1812 13 10 1815 23 9 1818 40 15 1819 38 0 1821 16 28 1827 44 31 1827 97 8 1829 61 20 1840 40 25 1844 97 11 1846 91 13 1853 40 23 1856 18 2 1856 21 28 1857 0 0 1858 52 12 1881 37 4 1884 82 15 1888 23 21 1891 83 26 1894 29 24 1899 75 21 1901 70 27 1903 98 6 1907 83 6 1911 80 23 1915 83 9 1917 76 10 1919 20 16 1921 99 0 1942 53 29 1943 47 15 1951 30 5 1954 14 6 1954 70 20 1955 11 29 1956 81 26 1963 77 13 1968 71 26 1972 30 11 1972 43 8 1976 9 15 1976 54 12 1977 39 30 1983 37 18 1983 66 11 1984 78 7 1984 92 25 1987 21 10 1987 92 16 1991 36 2 1991 37 9 1994 22 23 1997 23 19 1998 38 22 2000 19 23 2002 52 5 2007 33 17 2014 30 9 2014 50 24 2015 91 27 2028 62 8 2029 76 22 2029 77 2 2034 35 19 2039 48 0 2040 98 22 2044 37 13 2045 70 4 2047 8 31 2053 30 7 2055 83 25 2061 98 23 2067 26 14 2073 13 24 2073 33 7 2078 87 9 2079 83 25 2080 84 20 2092 14 16 2092 15 20 2093 77 22 2096 59 7 2096 60 6 2099 83 29 2100 65 25 2106 47 23 2106 80 18 2107 95 20 2109 8 30 2111 29 12 2117 30 14 2121 28 23 2121 80 24 2121 98 29 2125 79 17 2128 33 27 2133 50 22 2135 11 4 2136 25 7 2137 82 2 2145 92 28 2146 35 24 2156 32 0 2170 14 9 2185 40 1 2185 44 12 2186 34 1 2186 84 12 2186 92 31 2193 20 31 2194 17 23 2195 55 18 2198 5 28 2203 12 24 2203 51 31 2206 78 4 2208 78 25 2212 55 13 2214 59 12 2219 77 6 2225 99 24 2228 2 25 2228 54 0 2228 70 3 2230 64 10 2232 72 2 2238 88 18 2241 55 22 2241 89 1 2243 3 8 2243 17 20 2243 51 24 2245 26 5 2247 10 1 2258 37 5 2262 14 12 2263 64 0 2264 29 21 2264 73 1 2264 92 9 2273 78 26 2276 67 16 2282 84 21 2287 0 15 2287 26 18 2291 10 30 2291 75 9 2297 28 10 2298 6 26 2299 35 23 2301 65 26 2306 75 14 2310 55 1 2310 58 21 2327 3 3 2328 59 24 2328 84 21 2330 57 27 2330 77 26 2335 70 28 2339 3 4 2339 28 4 2344 50 10 2346 66 6 2348 29 26 2349 91 15 2353 63 12 2354 28 19 2354 34 13 2355 85 20 2358 95 28 2363 10 4 2368 72 22 2371 83 17 2375 14 11 2376 5 28 2382 20 19 2387 65 19 2390 22 30 2391 60 26 2392 23 18 2392 31 26 2394 54 5 2397 23 10 2398 1 19 2411 14 26 2415 35 3 2418 24 24 2422 11 13 2424 86 25 2429 49 7 2436 72 15 2443 91 20 2446 90 13 2450 11 29 2450 41 25 2453 24 21 2454 2 28 2458 46 25 2464 24 9 2467 23 30 2468 72 22 2470 4 29 2471 90 17 2473 26 9 2480 4 24 2487 36 5 2489 10 29 2498 1 24 2504 75 19 2512 76 15 2520 26 0 2520 48 31 2527 37 30 2528 93 15 2536 92 31 2537 7 24 2539 82 23 2541 37 24 2546 40 3 2548 8 19 2548 96 4 2549 51 26 2564 81 1 2567 3 6 2570 4 6 2573 39 31 2575 18 18 2575 68 12 2575 98 22 2584 79 14 2587 42 29 2588 12 31 2588 81 26 2591 55 31 2595 3 30 2598 7 6 2600 44 2 2605 89 21 2607 74 28 2619 4 11 2624 1 1 2626 6 9 2626 28 9 2632 12 1 2632 71 3 2633 78 19 2636 61 27 2636 67 19 2639 1 17 2651 6 12 2651 29 15 2654 46 11 2655 42 19 2667 28 14 2676 56 8 2677 74 29 2682 13 15 2682 67 27 2689 86 2 2689 99 13 2694 17 11 2696 31 26 2700 93 25 2703 95 8 2704 17 17 2707 78 20 2714 39 14 2718 11 23 2721 81 14 2722 17 22 2722 87 28 2728 4 7 2729 0 16 2730 91 24 2733 98 21 2734 35 10 2735 86 17 2739 9 13 2739 63 16 2742 3 19 2742 39 22 2743 14 31 2748 37 20 2751 15 14 2751 67 7 2751 80 5 2753 58 21 2754 20 21 2756 26 23 2764 6 1 2764 89 21 2766 38 31 2773 1 9 2774 33 4 2774 41 21
936 625 0.0001 72 41 10 78 61 10 82 0 22 82 1 15 82 29 25 85 4 20 90 45 6 92 39 24 92 73 17 92 77 2 93 0 6 97 21 23 97 51 14 99 5 5 100 84 23 107 22 29 111 56 14 116 51 29 122 42 22 124 21 28 134 15 23 137 9 6 140 1 7 140 48 5 145 0 7 146 48 1 148 41 31 154 12 16 154 100 29 155 4 14 155 93 5 166 29 21 166 30 30 167 31 19 168 15 4 168 84 9 174 29 20 174 79 1 175 50 21 179 86 23 181 84 10 189 90 0 189 93 26 192 40 5 193 64 11 196 6 21 198 84 14 200 29 2 201 79 8 202 89 30 205 81 19 205 91 16 206 93 12 208 63 27 210 87 30 211 90 16 213 47 30 219 5 26 221 54 16 222 21 6 223 30 0 228 83 29 229 71 2 231 31 23 243 84 4 247 76 15 251 16 27 255 55 15 266 52 19 268 29 11 271 75 24 271 95 22 280 39 13 281 64 6 283 19 7 286 13 5 287 29 19 287 30 1 287 61 6 288 2 18 288 27 18 289 13 30 289 58 29 289 94 5 291 96 11 296 58 11 299 14 2 300 74 2 301 85 14 302 19 27 314 67 2 318 34 22 320 37 5 326 99 23 332 44 1 332 82 10 333 43 22 333 73 12 339 25 2 340 56 5 348 52 9 351 74 27 353 32 9 355 75 28 357 33 13 357 59 22 358 97 29 367 88 21 384 86 31 386 78 24 387 78 23 388 68 30 398 53 15 400 42 4 403 13 22 404 43 23 413 79 3 416 28 14 433 84 18 434 98 7 439 6 28 441 55 30 445 60 29 446 12 20 447 47 30 448 59 15 449 3 14 452 12 7 457 57 18 465 31 24 466 82 20 466 96 5 469 25 28 470 29 18 478 94 8 479 36 24 486 36 21 487 42 31 491 53 21 493 69 5 495 5 6 499 88 3 501 52 31 507 72 17 512 53 5 513 41 27 515 96 18 523 66 28 530 6 21 533 49 22 542 9 17 543 11 13 545 90 3 547 72 6 549 17 25 551 90 26 551 99 30 558 64 25 560 77 11 563 62 25 567 79 17 568 37 12 568 61 4 570 71 31 570 75 6 573 27 14 575 42 6 583 32 31 584 50 26 586 82 31 588 31 7 601 81 6 603 2 18 609 56 21 610 33 15 619 70 11 622 43 14 625 85 13 627 59 10 632 5 17 634 75 27 637 16 3 638 10 30 638 34 27 639 33 19 647 77 11 654 37 7 655 22 22 655 74 4 656 6 24 656 91 9 659 79 18 659 90 24 665 49 28 666 58 11 671 69 11 673 31 30 676 100 3 679 39 14 679 50 21 680 41 14 681 69 20 683 27 11 685 57 10 689 79 12 692 32 18 693 10 3 694 57 28 698 96 5 700 1 4 714 89 6 715 66 18 719 38 21 727 58 0 728 21 14 729 45 3 731 47 13 732 20 18 735 39 0 745 96 17 749 97 19 764 96 3 765 87 18 767 19 1 768 72 2 769 73 31 773 8 11 778 10 13 779 67 21 779 93 16 784 29 4 785 25 30 787 64 20 790 6 18 797 91 4 799 34 27 801 83 28 809 55 10 812 23 3 816 88 19 816 98 7 817 72 22 818 1 0 818 65 25 819 12 11 821 11 29 825 23 7 825 67 27 831 15 30 833 3 9 838 53 10 839 88 3 846 27 24 848 90 4 851 73 2 852 13 2 852 15 28 853 15 13 854 28 13 859 2 24 859 26 20 859 51 27 862 24 1 865 58 28 868 36 27 872 61 4 879 4 8 879 40 18 880 93 5 881 68 11 883 86 14 884 29 1 891 28 17 896 6 20 897 3 1 899 76 17 899 99 14 902 26 8 903 59 11 908 95 17 911 9 7 915 78 18 918 32 8 925 10 5 927 36 29 934 98 12 936 38 27 940 20 10 943 48 23 947 29 14 950 47 26 958 28 28 959 75 18 966 88 2 975 61 21 978 4 0 978 49 4 980 54 31 981 4 11 986 52 6 988 39 11 991 80 21 992 84 15 996 53 2 996 91 5 1004 40 13 1005 62 8 1008 81 11 1014 14 17 1019 25 1 1023 10 11 1027 49 5 1028 94 25 1034 27 15 1036 18 17 1808 30 24 1810 91 3 1814 36 18 1818 21 19 1830 74 13 1836 37 30 1836 72 24 1841 94 26 1843 79 24 1848 34 26 1853 57 1 1856 69 19 1857 75 0 1858 33 20 1861 90 24 1865 45 7 1866 81 26 1868 56 16 1869 4 0 1870 20 16 1879 1 11 1879 51 6 1881 9 7 1882 27 25 1890 35 18 1893 60 0 1894 99 22 1902 2 1 1902 58 27 1903 99 16 1904 98 12 1905 46 20 1906 23 21 1908 21 3 1909 35 25 1911 36 7 1912 47 22 1916 18 18 1924 80 5 1925 50 14 1928 50 28 1930 80 17 1934 66 28 1935 40 23 1940 38 6 1940 51 7 1940 74 24 1942 33 14 1943 92 13 1944 47 9 1952 12 9 1954 18 3 1958 10 31 1959 69 10 1962 7 22 1966 21 29 1966 56 24 1968 91 25 1974 56 17 1986 64 15 1988 5 6 1991 28 26 1993 7 13 1996 86 14 1997 21 9 2004 51 16 2006 44 8 2009 7 2 2011 92 4 2016 70 28 2020 100 7 2022 34 12 2029 92 21 2030 7 3 2033 78 19 2034 28 26 2037 38 20 2038 87 29 2041 51 15 2043 89 23 2052 21 22 2053 36 25 2054 7 1 2060 29 23 2060 74 31 2061 26 27 2062 37 9 2063 68 30 2065 62 28 2073 40 5 2073 79 23 2076 40 10 2076 43 14 2078 54 11 2079 34 22 2082 57 24 2091 22 13 2092 36 23 2097 95 28 2100 50 15 2104 71 21 2105 8 18 2107 34 23 2108 63 13 2115 77 28 2119 72 3 2123 14 3 2123 73 28 2128 49 16 2128 63 28 2130 6 2 2143 38 22 2146 19 31 2147 91 20 2150 7 15 2155 3 23 2160 32 2 2170 14 30 2170 42 10 2171 17 13 2176 34 23 2183 53 13 2185 55 2 2186 0 1 2187 26 0 2187 87 21 2189 48 12 2189 85 11 2204 35 6 2206 49 5 2207 78 11 2208 87 1 2210 50 18 2210 51 3 2211 8 5 2212 93 25 2215 84 30 2216 27 29 2221 21 8 2222 93 8 2227 56 16 2231 17 20 2235 25 26 2240 25 22 2245 1 14 2245 18 5 2248 29 9 2249 53 2 2251 39 16 2253 37 10 2255 19 16 2258 1 4 2261 63 15 2267 61 18 2278 22 2 2279 74 13 2280 55 12 2293 40 4 2293 98 29 2294 68 9 2296 28 16 2297 11 2 2304 96 5 2308 82 13 2315 45 24 2315 65 26 2316 0 19 2318 62 7 2343 31 6 2351 76 1 2354 96 23 2359 76 9 2360 24 19 2360 32 15 2363 62 21 2374 95 29 2375 8 12 2376 1 7 2376 99 0 2377 9 24 2377 46 30 2378 17 22 2383 43 6 2390 13 27 2394 2 3 2401 16 3 2401 66 4 2407 11 10 2408 80 23 2411 0 4 2411 9 22 2413 59 8 2413 89 11 2413 90 2 2414 45 6 2416 59 1 2420 64 5 2420 69 23 2421 80 28 2427 0 20 2430 58 2 2430 63 12 2437 16 2 2437 53 13 2441 42 15 2444 32 5 2444 82 14 2449 11 24 2450 75 4 2451 57 13 2453 56 0 2455 73 2 2456 40 19 2458 29 24 2458 51 19 2463 26 3 2463 45 22 2464 30 10 2464 62 6 2479 84 2 2480 35 11 2482 29 24 2486 31 30 2495 76 2 2499 17 23 2500 88 24 2501 100 18 2503 83 26 2505 7 10 2507 20 19 2508 98 10 2510 2 13 2512 23 29 2512 88 5 2513 97 0 2519 53 19 2522 16 21 2523 43 13 2523 53 4 2526 25 8 2536 100 31 2542 69 23 2542 74 31 2545 77 5 2559 99 19 2563 48 6 2564 4 22 2572 72 26 2572 97 3 2573 68 2 2579 99 0 2585 10 13 2590 82 0 2590 90 0 2592 7 11 2592 47 12 2596 96 5 2600 79 11 2602 88 15 2603 10 18 2606 23 10 2609 72 17 2610 4 3 2610 38 19 2610 53 15 2611 42 8 2619 19 7 2625 51 11 2627 20 3 2628 32 25 2633 74 22 2637 10 25 2637 11 8 2645 33 7 2645 96 30 2648 67 16 2650 42 22 2652 96 9 2656 31 2 2660 15 4 2660 59 21 2662 98 6 2670 68 28 2680 41 19 2681 54 29 2682 20 29 2687 91 25 2701 42 23 2703 52 12 2706 18 7 2708 81 4 2709 75 18 2712 34 9 2713 51 11 2714 72 9 2718 90 22 2719 52 19 2724 19 19 2729 75 1 2732 2 19 2738 19 1 2741 74 30 2742 61 21 2746 29 1 2752 55 19 2752 97 18 2753 67 17 2764 69 20 2770 72 31 2774 86 4
937 625 0.0001 75 68 22 76 83 16 84 8 20 85 60 27 88 3 29 90 80 9 93 46 16 96 3 9 97 53 10 110 26 5 118 50 2 123 17 22 123 74 25 136 50 23 140 94 24 142 62 27 143 43 18 147 55 20 151 5 13 151 61 22 159 12 13 165 71 16 168 22 9 171 72 16 185 32 19 186 28 26 186 82 8 190 10 20 196 6 11 196 8 8 203 66 19 206 44 30 211 7 29 213 22 25 220 18 12 220 76 27 223 97 13 230 66 8 233 0 25 236 37 27 244 57 16 244 71 30 246 10 14 246 32 30 249 43 21 252 100 0 259 23 26 265 19 1 267 70 17 268 98 15 273 23 7 273 70 10 280 21 27 280 64 18 286 24 11 287 7 25 287 61 23 287 99 23 289 87 15 299 66 14 300 4 9 303 41 11 309 9 14 316 88 29 319 65 2 320 1 12 320 71 2 321 37 27 328 55 23 330 31 31 337 1 8 338 56 25 339 26 6 347 17 3 353 8 16 365 28 26 367 15 22 367 38 20 376 63 17 377 30 17 377 87 25 378 37 16 387 98 3 388 23 24 389 17 24 393 51 31 393 76 12 395 8 13 396 4 6 397 65 17 397 94 24 402 33 19 405 92 3 408 22 14 411 64 4 415 55 5 426 15 4 427 54 28 427 80 14 430 44 22 430 68 25 431 42 16 432 13 29 437 70 12 438 91 18 441 93 16 445 40 11 446 76 18 453 5 6 453 21 2 456 77 4 456 86 30 460 11 31 461 12 15 461 97 5 463 51 20 466 35 29 466 62 0 467 71 10 470 4 7 470 56 23 476 67 27 477 80 1 478 88 2 480 37 28 481 26 3 482 23 5 483 90 3 485 71 6 487 32 7 492 43 7 494 19 18 494 55 11 495 100 9 496 51 12 498 30 29 506 80 23 508 16 24 510 97 25 514 48 16 514 68 13 522 66 31 524 1 31 525 11 13 526 49 1 527 19 13 530 80 4 533 55 12 537 9 0 539 8 30 545 50 0 549 100 6 550 29 5 559 28 24 563 24 13 567 24 7 567 81 28 570 40 24 573 27 17 584 99 2 585 9 30 585 59 17 593 12 23 596 65 19 603 36 12 606 75 9 612 84 20 615 67 8 615 71 5 617 23 19 623 6 22 630 6 24 630 40 4 642 62 8 644 1 27 646 5 17 653 54 26 659 86 8 669 45 13 670 64 12 673 20 5 677 40 8 678 50 16 684 31 25 684 89 28 685 78 27 686 1 26 686 82 13 688 12 5 699 22 12 699 78 29 700 23 4 701 51 9 708 35 0 715 25 7 717 16 16 717 92 8 723 29 22 725 69 6 728 62 12 732 4 24 734 4 3 735 25 22 739 42 3 741 1 16 742 90 26 745 11 29 747 49 26 749 13 16 750 29 21 757 6 11 767 32 14 769 83 3 779 12 0 784 71 18 792 14 23 794 46 18 798 56 14 800 3 31 801 53 0 804 15 31 805 68 24 810 85 13 811 47 18 813 58 29 815 74 0 817 70 31 823 91 7 825 39 2 830 28 29 831 19 9 832 8 23 833 54 6 836 96 5 840 44 3 843 35 28 853 45 17 854 96 28 855 73 27 858 93 2 859 72 5 863 58 5 866 5 2 866 90 25 877 40 27 878 12 11 878 47 20 879 75 0 880 81 23 882 45 13 885 48 11 886 58 24 887 32 31 890 11 25 891 2 19 892 10 30 894 31 14 894 36 10 901 82 28 902 92 6 908 94 26 912 52 23 913 19 14 916 84 6 920 13 12 922 84 22 924 75 16 928 1 15 929 6 16 929 44 18 930 36 21 935 12 25 936 50 2 936 98 19 941 100 24 942 47 19 944 98 5 947 97 5 948 56 5 950 68 7 952 6 13 954 15 22 954 38 16 956 15 25 959 73 16 962 81 20 963 53 1 967 83 14 971 83 24 978 47 20 991 27 20 993 55 23 993 83 28 999 60 2 1001 14 14 1003 69 3 1008 2 13 1010 92 21 1011 2 3 1011 12 2 1012 6 11 1015 99 12 1016 83 0 1017 21 31 1018 40 12 1021 11 24 1023 4 6 1026 92 4 1029 11 26 1029 21 23 1032 25 2 1816 50 6 1818 86 12 1819 37 31 1821 25 21 1825 86 19 1828 98 11 1834 89 17 1836 5 23 1839 22 4 1845 23 4 1846 21 19 1846 30 6 1849 32 1 1849 96 26 1851 11 30 1853 79 29 1857 12 26 1860 32 20 1861 11 24 1861 46 17 1865 76 13 1872 35 8 1872 49 15 1876 71 27 1879 27 10 1881 3 8 1882 81 31 1882 89 0 1884 2 19 1884 5 29 1886 18 31 1886 76 23 1888 60 29 1892 4 9 1896 42 0 1898 56 6 1900 52 20 1902 40 11 1904 66 15 1907 11 2 1908 12 21 1909 32 15 1920 61 27 1923 13 9 1925 65 15 1932 90 9 1938 0 25 1943 58 15 1944 91 20 1956 7 24 1958 52 15 1961 73 8 1962 64 10 1963 14 11 1964 81 22 1967 23 5 1970 3 4 1972 51 13 1979 22 1 1980 80 15 1980 86 8 1981 18 22 1982 4 11 1986 16 3 1990 7 17 1990 35 16 1993 37 10 1994 74 11 1994 77 29 1994 88 14 2003 91 13 2009 14 28 2010 16 9 2010 69 22 2014 73 18 2015 31 14 2017 32 14 2017 60 5 2018 37 22 2022 0 13 2022 64 28 2025 67 18 2029 40 26 2032 90 17 2033 16 10 2038 63 4 2043 58 26 2052 27 8 2055 1 8 2061 14 30 2062 1 3 2065 69 9 2065 90 17 2070 86 10 2071 38 28 2075 7 11 2075 7 14 2079 63 1 2087 50 23 2087 80 4 2089 28 12 2090 68 30 2091 33 25 2097 32 7 2100 5 24 2100 25 4 2101 79 31 2104 58 31 2105 81 17 2105 87 4 2113 32 18 2113 79 6 2121 36 13 2125 40 4 2128 45 26 2136 22 20 2142 45 12 2143 61 12 2147 45 10 2151 72 12 2157 23 8 2158 91 24 2159 51 3 2160 56 13 2160 57 19 2163 58 8 2168 96 0 2170 39 10 2170 81 20 2173 15 26 2180 79 4 2185 97 24 2191 89 6 2194 72 20 2196 86 4 2199 58 18 2202 22 6 2203 87 21 2210 66 5 2212 21 1 2215 31 1 2215 44 20 2215 95 3 2216 83 22 2223 70 2 2224 86 31 2231 56 27 2242 25 20 2243 98 7 2244 0 0 2247 87 13 2253 60 0 2255 52 12 2257 12 21 2261 35 14 2262 30 24 2265 0 8 2273 80 25 2279 73 26 2292 69 28 2292 97 8 2297 14 28 2298 59 4 2302 11 4 2306 83 7 2314 73 25 2315 99 30 2316 29 10 2320 84 10 2324 91 27 2325 13 8 2325 15 13 2327 27 3 2327 34 26 2331 67 2 2333 77 19 2346 70 26 2346 83 15 2350 33 15 2352 96 21 2353 38 18 2355 71 20 2356 70 28 2356 87 27 2362 97 26 2366 59 27 2367 47 17 2380 26 23 2385 0 30 2392 47 12 2396 63 5 2397 66 6 2406 59 19 2406 59 24 2407 27 2 2407 69 26 2409 48 24 2412 30 23 2413 32 9 2413 45 9 2415 93 16 2419 10 21 2428 56 2 2430 6 6 2430 64 20 2432 78 2 2434 47 20 2434 80 6 2436 36 6 2454 9 2 2465 50 4 2466 9 20 2469 27 7 2475 37 10 2475 97 26 2477 3 4 2478 21 23 2478 91 26 2481 44 2 2485 81 30 2492 75 26 2494 31 29 2494 92 18 2497 61 25 2498 14 2 2499 74 11 2502 83 23 2506 80 3 2510 91 4 2512 24 5 2514 12 5 2520 37 10 2525 49 9 2530 82 4 2534 36 21 2542 51 6 2543 42 30 2548 36 19 2551 1 23 2564 46 29 2564 63 18 2567 58 10 2573 68 21 2582 21 5 2584 90 28 2585 50 23 2588 30 16 2592 100 22 2599 36 9 2600 45 24 2602 81 4 2602 92 22 2603 44 1 2603 45 30 2604 94 23 2605 99 21 2612 99 0 2613 71 12 2618 89 4 2619 38 0 2619 42 12 2621 46 17 2627 8 21 2628 34 10 2628 42 17 2636 63 30 2642 100 27 2646 34 24 2647 72 28 2649 34 27 2652 68 9 2657 26 11 2664 86 13 2668 100 29 2673 64 8 2680 56 1 2680 88 0 2684 75 2 2687 14 6 2689 12 7 2690 8 18 2690 44 0 2693 60 0 2697 2 12 2703 76 26 2706 8 29 2708 65 23 2709 86 7 2712 91 5 2714 16 26 2715 93 25 2718 47 9 2724 51 15 2725 35 2 2728 98 17 2729 58 23 2732 36 19 2733 59 24 2737 4 29 2737 6 25 2738 34 14 2742 47 3 2746 95 17 2747 94 17 2753 13 14 2756 86 17 2758 86 16 2759 17 8 2760 20 20 2769 19 30 2770 60 18 2774 30 9 2774 43 3 2774 61 7
938 625 0.0001 72 70 6 72 82 23 81 62 16 82 7 20 82 86 5 86 18 27 91 93 25 106 5 29 107 3 12 119 79 5 121 11 3 121 68 0 122 70 14 123 19 15 123 92 21 127 9 10 131 13 5 131 73 28 132 64 27 135 21 2 141 50 0 141 70 6 143 74 1 144 8 21 151 32 27 152 29 11 152 57 22 156 90 10 157 30 24 157 78 19 158 26 10 160 96 28 162 75 31 164 96 16 165 19 17 165 68 30 174 99 11 180 28 30 182 40 25 182 57 10 184 90 27 185 56 22 185 58 19 188 16 29 196 39 31 198 23 13 200 94 6 204 62 11 204 96 4 205 94 29 208 43 10 238 78 13 240 4 17 244 73 10 245 15 31 246 67 1 252 67 18 256 70 9 260 5 6 260 98 9 264 38 4 275 94 17 282 24 24 283 14 12 284 9 5 288 71 18 289 10 27 296 20 14 299 0 10 303 79 14 305 57 15 325 32 18 325 96 0 326 98 9 331 77 3 332 71 20 335 55 2 336 92 20 346 97 1 349 7 3 350 7 12 350 66 19 356 92 7 360 71 13 364 91 23 365 48 29 368 61 11 369 11 6 369 15 5 369 54 9 373 0 9 382 18 27 382 48 9 383 21 20 386 22 10 387 6 29 387 11 6 399 7 18 409 60 9 412 76 2 413 98 21 417 96 19 424 15 15 426 36 15 426 38 15 426 90 7 431 12 13 432 93 23 433 15 6 438 34 2 438 75 5 439 96 14 440 78 17 440 100 3 448 16 5 451 38 16 453 62 5 454 29 15 454 86 31 455 95 20 456 14 2 456 17 25 457 47 12 461 0 15 463 69 21 464 11 26 464 18 16 465 22 10 471 43 18 475 70 4 476 47 3 478 43 13 478 66 10 479 17 28 484 64 4 492 51 24 493 43 6 495 91 19 496 80 12 502 73 3 505 89 9 511 35 23 514 58 13 517 19 23 524 48 2 528 38 21 528 65 10 534 27 23 535 12 16 536 88 10 537 49 6 543 89 4 546 91 12 549 67 15 549 68 0 552 13 13 556 76 30 558 1 26 562 30 1 564 47 16 565 86 2 568 6 17 569 53 9 576 72 5 580 80 11 585 87 15 599 67 30 600 51 17 601 71 23 605 8 1 612 61 6 614 12 13 614 94 10 615 41 19 616 36 23 618 2 30 619 23 20 619 100 28 624 42 3 629 18 12 629 36 13 629 38 16 639 8 22 640 62 23 642 39 23 647 48 29 650 68 20 652 17 26 653 74 15 656 85 2 658 13 4 662 73 21 664 37 31 666 77 16 667 45 27 668 31 17 669 18 19 675 50 29 675 69 8 679 46 6 681 89 5 681 91 22 698 6 24 698 19 19 702 8 0 713 91 3 715 32 19 715 92 28 722 87 1 734 88 27 738 12 11 742 1 4 744 32 5 744 77 14 745 3 8 746 0 6 748 38 30 751 75 27 752 7 15 758 54 3 761 71 24 763 45 16 770 81 20 777 15 20 783 30 14 784 42 10 784 54 14 784 72 18 787 14 12 792 15 23 792 90 31 794 80 31 799 32 29 801 19 27 802 3 25 811 2 3 811 27 2 811 35 10 816 4 11 816 89 23 822 95 20 823 3 7 823 10 27 825 31 18 825 95 14 827 11 3 836 48 4 837 34 29 838 0 14 843 9 25 844 99 31 846 58 28 846 86 5 854 85 3 859 45 2 863 68 17 864 56 7 865 53 21 873 57 6 880 45 20 882 14 6 885 58 30 886 22 12 887 74 29 895 38 13 898 83 16 901 2 31 908 37 30 910 33 11 910 63 29 910 74 7 925 41 25 929 17 14 930 3 16 930 41 30 931 54 23 935 2 15 937 39 14 938 70 7 941 90 15 947 11 1 951 27 18 959 77 31 966 0 1 968 84 14 973 2 20 974 80 15 975 27 30 977 3 9 979 78 16 982 90 9 985 40 15 985 64 23 987 52 13 989 73 31 994 0 5 996 68 7 997 76 0 999 9 16 1000 95 17 1001 10 6 1001 18 19 1005 42 2 1007 91 5 1016 66 0 1021 97 3 1023 42 14 1030 10 0 1030 11 2 1030 50 17 1030 61 1 1031 18 8 1037 27 0 1039 36 9 1808 33 16 1809 6 18 1813 46 8 1814 2 21 1817 66 24 1821 42 12 1823 87 11 1827 16 5 1828 7 0 1831 19 15 1835 75 27 1837 67 30 1838 97 9 1839 53 16 1840 85 12 1841 32 30 1847 73 22 1849 61 27 1850 43 27 1850 91 17 1855 26 18 1855 74 7 1859 95 29 1862 16 20 1869 12 5 1872 20 29 1874 62 5 1876 28 16 1876 39 23 1877 87 14 1879 36 21 1879 86 10 1883 50 7 1885 60 23 1885 88 8 1885 99 2 1894 64 31 1898 10 4 1899 19 28 1900 93 4 1905 60 11 1905 80 30 1909 68 6 1911 96 10 1912 14 1 1916 19 7 1917 75 18 1919 18 19 1922 13 15 1926 17 14 1928 5 6 1928 94 14 1931 49 10 1931 52 18 1933 23 26 1935 0 30 1943 21 25 1944 89 15 1944 99 17 1946 23 18 1949 47 7 1950 72 5 1951 32 4 1952 69 12 1953 3 17 1954 65 13 1958 30 30 1958 75 23 1961 99 25 1964 74 26 1976 6 25 1993 6 17 1993 40 20 1995 41 7 1998 95 26 1998 98 17 2000 46 2 2007 24 18 2007 68 22 2007 100 1 2008 74 6 2009 2 0 2009 80 25 2010 8 23 2015 65 13 2015 77 13 2022 84 5 2025 88 24 2029 19 2 2032 5 14 2032 42 4 2033 7 0 2035 57 10 2038 67 14 2043 46 15 2044 7 7 2053 44 31 2058 5 26 2058 71 5 2059 27 1 2059 73 1 2062 81 14 2063 39 27 2066 92 11 2070 50 19 2071 81 12 2076 85 14 2078 82 28 2082 4 2 2088 93 2 2089 40 22 2089 92 20 2100 95 2 2101 95 1 2102 41 29 2104 26 31 2104 72 7 2106 24 5 2109 46 1 2110 97 2 2120 100 6 2134 70 28 2137 35 14 2144 63 18 2148 32 3 2155 4 21 2155 52 27 2157 71 27 2159 66 13 2162 13 12 2163 99 4 2168 20 1 2169 37 18 2171 44 4 2171 70 27 2172 50 31 2177 48 22 2177 88 0 2181 21 22 2184 10 24 2189 90 13 2190 87 6 2193 26 25 2197 36 14 2200 85 20 2205 59 0 2211 81 11 2214 55 1 2228 8 20 2231 16 7 2231 87 9 2235 74 25 2238 72 5 2239 22 3 2248 30 3 2249 69 11 2251 71 22 2253 85 4 2259 72 1 2266 70 25 2267 61 6 2268 94 23 2280 29 28 2288 56 20 2289 70 16 2290 79 1 2293 11 7 2304 36 4 2304 75 14 2305 29 1 2305 67 30 2312 84 3 2318 78 23 2323 54 14 2325 53 30 2328 58 15 2329 10 11 2337 5 6 2346 57 24 2352 47 23 2354 26 24 2364 46 27 2364 83 31 2402 99 24 2404 75 28 2406 59 21 2408 40 17 2411 58 9 2412 29 30 2412 59 20 2414 54 19 2416 33 9 2416 84 6 2417 34 28 2418 32 4 2418 69 0 2420 94 6 2423 90 10 2424 18 12 2432 19 2 2434 90 9 2439 88 7 2447 69 26 2448 12 31 2448 13 18 2449 76 2 2458 12 19 2459 9 7 2459 14 19 2461 2 0 2466 67 13 2469 10 14 2472 10 14 2482 59 15 2490 56 1 2492 42 3 2493 38 2 2497 43 13 2498 55 21 2502 44 22 2503 87 20 2512 22 22 2518 54 1 2519 0 4 2520 40 5 2527 68 17 2529 59 21 2529 95 5 2548 54 9 2558 78 9 2561 0 22 2562 98 25 2563 14 21 2567 22 12 2569 29 21 2572 28 11 2572 39 4 2573 78 10 2574 63 4 2579 34 30 2580 78 27 2588 13 0 2589 38 22 2591 2 8 2591 4 25 2591 70 13 2595 68 0 2598 16 30 2599 49 22 2604 42 4 2607 76 6 2610 60 10 2610 100 15 2613 34 28 2617 25 16 2623 50 5 2624 64 31 2625 51 9 2627 93 19 2627 99 8 2635 55 28 2636 19 10 2639 3 29 2640 9 17 2641 31 21 2642 67 23 2643 10 5 2643 68 3 2648 60 2 2649 47 24 2652 35 29 2653 89 29 2657 42 7 2659 56 23 2664 47 7 2668 25 28 2668 51 0 2672 86 21 2682 91 25 2684 77 17 2690 56 14 2692 93 1 2692 100 6 2695 8 0 2695 37 12 2696 53 30 2701 30 0 2707 68 9 2708 89 26 2713 25 26 2718 79 14 2722 14 21 2728 12 4 2728 88 15 2735 55 16 2742 38 17 2744 5 8 2745 93 24 2747 84 31 2749 9 16 2750 52 25 2750 93 21 2752 21 22 2756 38 10 2756 57 3 2758 85 5 2760 30 30 2765 2 3 2765 100 4 2770 96 27 2773 83 18
939 625 0.0001 73 29 26 73 65 7 75 52 3 77 77 3 78 4 16 81 37 5 83 31 12 85 56 0 88 13 12 89 84 25 91 44 24 93 10 18 94 40 1 95 18 28 99 48 10 104 60 21 106 31 27 114 1 19 121 78 31 124 11 23 124 74 14 129 35 21 132 38 12 132 76 21 133 86 1 136 84 13 137 8 22 140 48 19 156 12 30 156 41 21 161 57 9 163 6 26 167 95 13 168 89 18 176 26 16 176 64 16 177 42 11 180 52 13 184 75 1 185 31 17 186 8 29 188 30 18 198 24 11 198 61 0 199 13 5 202 91 24 202 96 24 204 38 6 212 40 7 215 30 23 218 16 31 218 51 31 222 41 24 225 1 24 231 74 5 233 70 22 235 36 26 237 37 17 239 18 21 244 11 26 253 76 10 255 5 17 256 39 23 262 55 29 268 51 8 270 81 17 272 95 16 274 19 1 275 19 18 280 50 11 298 5 28 298 8 0 310 9 29 310 53 10 313 27 1 315 14 9 316 38 19 317 41 9 319 50 19 324 71 30 325 39 31 338 87 12 341 31 21 343 18 8 344 58 25 345 11 2 346 1 28 350 25 9 350 89 11 351 26 30 358 98 27 360 16 1 360 29 25 364 96 4 366 6 13 371 45 5 372 49 29 373 49 26 373 89 29 375 0 24 376 72 13 378 19 2 378 24 7 378 74 3 387 13 20 392 59 24 397 57 18 397 72 11 398 47 20 399 4 22 399 23 12 400 70 28 403 38 30 407 78 19 408 33 12 408 99 16 409 38 6 426 83 21 427 71 26 432 79 24 437 52 20 437 83 15 439 65 23 441 73 28 442 41 25 445 43 13 453 48 22 453 91 7 455 70 29 460 89 6 467 83 13 468 93 20 470 2 29 473 90 2 474 89 31 483 71 6 485 34 23 487 79 6 488 15 0 488 60 21 506 55 7 507 10 8 510 98 17 511 63 0 515 1 22 515 5 2 516 57 6 517 43 22 520 49 8 521 26 30 524 39 25 526 42 22 531 97 22 533 5 24 536 7 5 537 54 29 540 17 7 540 57 18 547 43 30 548 76 21 557 60 18 562 42 30 567 15 15 571 83 19 572 0 18 572 55 27 575 5 26 577 34 30 577 35 29 579 3 9 579 26 14 586 55 20 600 59 10 606 11 24 610 24 27 612 49 28 613 48 21 617 72 12 624 35 31 625 34 24 626 91 6 627 62 26 630 58 19 633 5 25 635 86 30 639 20 16 643 59 4 647 58 1 651 59 0 656 2 3 656 48 4 656 88 2 662 66 26 668 22 9 671 53 4 672 83 1 673 43 11 678 50 14 683 84 21 685 76 18 688 30 7 689 37 21 692 33 1 701 38 10 703 29 26 704 96 19 706 49 16 709 23 14 712 51 13 714 1 13 714 25 29 715 24 0 716 50 8 719 81 10 721 65 15 725 53 0 734 35 1 736 32 5 738 0 14 755 45 3 768 21 25 769 25 13 774 70 13 776 34 10 776 81 28 781 17 11 791 30 4 795 69 22 797 23 1 799 19 5 799 76 12 799 88 16 801 19 17 802 61 21 809 64 23 810 21 13 811 4 27 811 21 1 811 39 8 811 45 9 814 11 5 816 68 1 818 72 11 819 75 29 823 0 5 827 91 2 829 16 27 832 50 13 833 43 17 842 66 13 843 3 9 860 8 0 869 34 3 874 41 0 876 7 20 876 66 9 877 33 17 879 7 19 879 27 20 884 3 21 889 64 8 892 12 29 893 1 17 899 0 0 900 33 16 905 45 26 908 45 11 908 87 17 912 79 27 913 14 13 917 3 21 919 88 10 920 69 21 920 86 20 924 26 19 924 79 27 933 56 9 933 81 7 933 99 17 937 36 20 938 93 21 945 64 16 953 34 24 959 65 28 963 73 31 964 97 24 966 74 31 972 38 4 984 43 7 987 18 25 988 31 7 989 29 13 991 29 20 992 93 11 993 27 19 994 53 29 997 37 14 999 99 21 1000 45 5 1000 53 21 1002 46 18 1003 20 12 1003 34 28 1004 49 26 1005 78 9 1009 91 22 1010 24 31 1012 23 26 1013 59 15 1017 0 28 1018 5 14 1019 7 14 1019 12 3 1024 56 20 1026 99 16 1027 37 31 1029 94 8 1032 43 27 1033 63 28 1035 13 20 1038 33 26 1039 70 23 1810 55 8 1812 6 0 1812 92 24 1814 78 8 1823 0 24 1825 80 15 1830 53 29 1830 56 5 1831 43 14 1834 16 19 1838 41 24 1843 66 10 1844 45 24 1849 0 28 1850 64 26 1850 92 11 1851 87 13 1851 92 2 1854 12 25 1860 55 19 1861 17 31 1867 98 26 1876 65 5 1876 92 13 1879 35 19 1885 49 28 1895 79 22 1896 60 21 1897 4 18 1897 99 19 1898 31 25 1900 78 15 1901 23 22 1901 53 10 1904 26 25 1904 39 27 1904 64 21 1906 53 5 1907 98 12 1909 95 11 1915 33 16 1920 46 23 1923 13 14 1924 50 13 1925 47 30 1931 55 12 1932 27 20 1936 41 24 1952 25 17 1953 41 29 1955 82 24 1957 82 8 1966 91 20 1970 35 11 1970 46 15 1975 47 11 1983 57 29 1988 35 6 1989 12 2 2000 79 19 2001 9 13 2005 75 28 2005 84 25 2008 90 15 2013 99 7 2014 23 10 2021 34 16 2026 0 0 2031 19 19 2031 89 5 2033 99 8 2035 39 24 2039 5 22 2039 74 21 2042 98 0 2043 30 29 2044 8 11 2047 42 15 2050 71 3 2051 48 29 2061 24 13 2061 53 1 2063 36 5 2069 52 13 2070 1 15 2072 55 31 2077 58 6 2085 93 16 2087 18 8 2089 66 20 2090 50 8 2091 61 16 2093 77 16 2094 78 0 2095 77 15 2097 89 16 2097 94 17 2100 22 19 2102 33 19 2110 23 26 2111 7 12 2112 25 18 2114 83 20 2117 76 28 2123 6 5 2130 16 1 2130 36 1 2133 49 14 2135 32 3 2140 96 4 2141 96 26 2152 66 12 2152 66 21 2154 100 24 2155 16 16 2157 17 2 2168 40 21 2175 11 3 2176 12 29 2179 8 16 2179 94 29 2184 13 22 2185 55 29 2189 34 2 2194 51 22 2194 83 15 2196 23 27 2198 86 11 2203 29 2 2212 40 11 2219 23 11 2221 96 19 2224 66 15 2227 84 24 2228 2 3 2228 71 0 2230 17 20 2236 27 4 2236 75 0 2238 57 6 2241 98 10 2244 37 1 2245 77 18 2247 89 30 2255 98 3 2256 8 19 2257 26 19 2261 49 27 2262 10 10 2263 94 0 2268 32 15 2272 58 2 2277 65 2 2281 31 25 2288 26 16 2301 32 0 2303 51 11 2304 38 11 2312 39 9 2320 78 24 2322 14 23 2328 41 18 2335 67 28 2335 71 13 2335 77 0 2340 12 12 2345 97 27 2346 16 16 2348 44 26 2349 54 24 2351 41 9 2357 14 26 2361 11 3 2362 40 24 2363 32 14 2366 6 8 2369 13 9 2373 69 31 2375 27 14 2376 78 25 2379 94 29 2381 48 27 2381 71 30 2383 35 27 2384 57 7 2385 18 12 2388 52 16 2389 98 25 2391 87 5 2393 38 7 2394 5 31 2398 4 9 2401 37 21 2406 43 20 2416 20 14 2419 100 10 2420 13 16 2421 9 29 2423 91 5 2424 41 29 2426 74 2 2432 27 15 2435 59 2 2436 44 12 2438 84 31 2439 43 26 2441 68 22 2445 64 8 2449 41 16 2453 16 17 2454 74 7 2454 81 3 2457 87 5 2458 25 13 2461 33 22 2463 26 19 2465 71 15 2472 60 26 2476 23 4 2484 19 21 2490 13 0 2491 77 16 2498 66 28 2502 90 19 2508 75 4 2511 1 15 2514 59 17 2530 44 7 2534 10 29 2537 66 17 2539 96 20 2543 31 15 2545 39 2 2549 67 1 2549 98 5 2551 85 8 2557 88 24 2562 74 29 2566 81 15 2568 62 18 2570 2 4 2570 100 7 2572 46 30 2573 62 26 2575 32 0 2576 92 25 2577 48 24 2580 69 30 2585 62 23 2592 65 26 2596 17 21 2597 47 0 2599 2 15 2602 3 7 2602 57 17 2606 2 1 2610 97 19 2617 2 26 2617 75 18 2619 95 19 2622 4 14 2628 82 0 2629 68 21 2632 56 16 2641 6 22 2641 52 6 2643 68 27 2644 97 16 2652 26 17 2660 95 3 2664 22 28 2666 53 26 2668 54 0 2669 37 17 2670 45 15 2671 4 27 2671 36 13 2673 56 5 2678 29 26 2681 44 31 2683 92 27 2687 10 31 2691 4 23 2692 19 0 2693 37 20 2694 75 25 2696 4 21 2700 22 29 2708 22 30 2721 24 10 2726 94 25 2745 5 19 2748 7 22 2750 11 1 2754 98 5 2766 99 6 2768 1 1 2769 27 14 2769 51 10 2772 2 19 2772 96 30 2773 7 28 2775 4 31
940 625 0.0001 72 40 30 78 2 1 83 83 31 83 86 13 84 7 19 85 56 4 89 1 31 89 54 2 91 35 29 100 60 6 107 89 13 108 61 16 113 51 16 125 90 31 126 35 12 126 51 0 128 48 5 129 54 16 131 26 1 138 18 11 143 47 8 144 70 3 144 97 16 147 68 2 148 96 24 148 98 20 155 28 1 157 88 4 157 94 25 158 42 4 163 74 26 165 53 29 168 34 7 169 77 6 170 8 29 170 17 23 181 51 26 183 14 11 185 1 19 185 47 19 195 17 28 196 11 12 196 47 12 199 92 16 200 61 27 201 43 3 202 57 1 202 72 10 207 77 25 209 93 24 213 43 14 217 3 1 221 29 17 228 63 20 228 70 21 230 75 1 231 88 18 232 95 17 234 84 4 235 66 18 238 2 14 239 83 3 240 5 17 245 11 22 246 81 30 248 65 8 251 71 31 255 62 29 256 81 7 259 8 24 260 46 6 262 40 26 262 75 12 266 1 30 266 16 15 267 54 15 271 91 14 272 79 2 279 40 23 289 64 9 302 63 1 308 2 27 317 50 11 324 24 10 327 58 27 344 42 26 346 58 28 347 57 15 347 92 28 353 59 6 354 29 2 354 34 31 354 69 3 357 41 21 363 85 13 367 3 21 376 49 26 377 45 19 382 8 15 395 28 24 397 37 17 397 89 11 398 83 19 402 14 3 403 94 31 407 84 18 410 35 8 411 35 1 414 11 30 415 19 4 419 33 25 427 47 28 428 78 12 437 72 16 443 96 7 446 71 12 446 72 26 448 22 19 448 47 28 449 41 15 450 83 27 454 45 26 455 0 17 455 47 13 460 62 30 462 60 22 463 0 30 469 2 0 471 23 19 471 26 14 473 86 23 474 6 27 477 9 2 481 26 19 483 20 18 483 45 7 486 94 5 488 17 12 492 0 11 493 66 9 503 19 4 508 48 26 509 68 10 511 3 14 512 32 20 514 64 10 517 27 26 517 36 6 517 54 2 520 35 7 525 18 2 530 20 16 531 54 22 533 16 6 536 78 15 537 63 21 538 91 25 540 76 21 544 100 19 547 79 5 553 83 22 554 90 5 561 26 10 562 98 2 569 36 31 571 96 25 573 41 5 574 41 15 574 50 5 575 15 6 576 10 7 576 59 6 576 92 1 577 69 18 578 87 15 579 27 30 584 74 3 586 75 17 588 77 31 592 56 28 592 68 30 601 56 3 605 60 25 612 61 8 614 67 17 617 23 11 618 41 28 620 17 8 630 51 31 639 48 7 652 54 12 654 15 29 656 35 27 659 17 26 661 7 4 669 93 30 675 54 17 676 97 26 677 56 5 680 22 12 686 86 16 696 4 4 696 27 7 697 76 11 699 62 27 701 86 13 701 86 18 706 31 21 715 45 3 716 30 20 717 5 17 717 21 0 721 96 14 726 75 23 729 91 22 730 67 9 732 82 16 734 100 7 739 84 11 741 47 10 743 66 18 754 66 25 760 58 18 761 60 19 761 98 2 763 5 29 767 14 18 775 34 5 778 77 9 795 1 19 795 45 1 796 86 23 802 85 8 806 39 30 814 72 13 814 82 25 818 52 13 827 89 3 829 4 23 829 79 28 830 56 11 833 77 28 836 74 14 838 14 20 840 33 15 842 7 5 844 79 27 845 98 30 847 12 19 848 82 17 851 11 18 851 50 27 852 37 11 854 43 1 854 51 25 857 73 20 859 29 9 859 46 22 860 32 0 864 56 17 869 14 9 870 56 26 871 66 9 871 67 27 873 38 17 873 95 25 879 86 12 890 1 31 892 35 13 895 14 26 897 26 8 899 23 6 903 79 30 904 18 17 904 18 27 904 60 3 906 28 28 915 57 0 917 94 17 920 71 4 921 6 21 923 99 4 929 3 19 931 28 0 932 84 23 941 62 19 951 15 12 951 30 26 952 8 24 954 79 10 957 22 0 957 88 10 963 15 14 968 13 4 975 11 3 975 26 3 975 76 8 976 48 1 985 14 23 987 40 2 995 35 28 996 45 22 997 30 23 998 75 27 999 83 26 1003 12 11 1004 41 30 1006 5 8 1006 50 3 1006 93 16 1013 75 6 1017 63 2 1019 57 26 1024 81 23 1033 18 10 1039 6 26 1039 21 21 1039 34 8 1819 29 14 1835 39 2 1836 57 10 1843 22 28 1845 54 26 1846 13 8 1851 33 2 1851 71 13 1852 79 30 1854 5 22 1855 38 4 1859 54 27 1860 83 16 1865 22 27 1867 35 7 1867 98 12 1872 92 16 1874 80 11 1876 49 13 1879 59 26 1880 6 27 1887 33 16 1888 19 18 1889 64 9 1890 80 10 1894 17 16 1896 90 31 1896 97 19 1910 2 6 1914 0 18 1917 82 22 1923 23 31 1923 46 24 1924 2 12 1929 66 2 1938 10 3 1938 52 6 1943 54 20 1946 25 15 1953 90 25 1954 51 27 1958 63 2 1969 18 0 1972 27 27 1974 87 26 1977 13 0 1977 33 24 1981 2 1 1982 81 24 1991 95 7 1992 22 3 1995 34 5 2007 77 13 2016 78 6 2027 1 23 2031 57 21 2035 26 21 2040 27 0 2042 2 21 2043 59 28 2045 60 5 2048 27 21 2052 28 16 2056 63 29 2059 25 16 2059 43 24 2063 40 17 2064 97 26 2080 13 2 2082 14 11 2085 9 20 2086 40 13 2088 24 31 2088 99 10 2089 44 3 2089 93 29 2092 22 31 2095 3 1 2095 77 6 2097 98 6 2098 80 30 2100 18 6 2101 46 30 2101 87 18 2105 16 24 2105 62 11 2106 27 26 2107 41 18 2107 44 12 2109 79 23 2111 28 0 2116 2 19 2116 27 9 2120 5 31 2121 86 20 2131 95 19 2140 60 10 2140 75 25 2151 38 12 2156 89 20 2157 86 20 2160 53 28 2166 73 26 2169 60 23 2170 69 25 2181 74 31 2182 10 13 2183 51 5 2185 35 13 2187 15 30 2190 12 5 2193 26 7 2193 59 19 2193 92 10 2199 21 23 2199 74 12 2203 29 6 2213 3 12 2219 33 26 2222 7 0 2223 6 24 2228 88 4 2230 85 6 2232 19 9 2232 69 5 2233 90 10 2239 48 18 2239 85 30 2244 2 23 2248 2 0 2248 89 29 2259 54 31 2259 97 28 2263 9 10 2269 9 28 2269 48 15 2272 74 10 2278 76 1 2279 27 23 2280 2 9 2280 46 1 2287 44 23 2291 6 17 2291 51 21 2292 87 3 2298 28 26 2300 91 7 2302 75 3 2303 50 16 2305 92 5 2306 21 23 2309 86 2 2309 90 24 2317 63 14 2319 29 21 2319 69 30 2320 39 23 2321 84 13 2330 25 31 2331 65 19 2335 71 22 2338 68 25 2339 66 27 2340 8 6 2342 17 19 2344 24 25 2346 50 24 2348 23 26 2349 52 23 2349 70 2 2350 52 23 2352 2 7 2353 22 24 2353 90 17 2354 7 22 2354 44 8 2363 87 29 2376 13 1 2378 88 27 2383 61 22 2389 21 6 2391 24 14 2395 24 28 2407 30 28 2408 39 27 2410 25 16 2414 82 28 2419 81 23 2424 92 10 2425 67 30 2426 99 15 2435 4 26 2437 10 27 2439 75 28 2441 3 10 2443 23 19 2443 92 27 2450 66 23 2451 53 27 2457 0 3 2476 95 7 2478 2 28 2497 6 21 2498 29 17 2499 11 2 2499 33 18 2500 52 15 2501 53 14 2504 38 31 2505 83 10 2513 77 10 2514 68 9 2514 75 28 2518 6 10 2521 31 26 2521 82 11 2523 28 22 2523 32 29 2524 3 10 2526 87 14 2530 78 24 2531 13 1 2531 64 20 2535 16 15 2543 30 9 2546 85 19 2548 40 25 2550 11 11 2550 15 24 2554 48 5 2560 33 20 2561 47 9 2562 92 10 2565 0 10 2567 2 25 2567 30 8 2571 62 6 2571 81 2 2584 47 1 2586 61 11 2589 58 31 2594 48 27 2598 88 21 2598 88 28 2602 65 30 2603 43 31 2604 61 5 2607 23 10 2607 59 0 2608 56 7 2613 100 7 2614 49 0 2617 54 7 2617 62 25 2629 15 4 2634 57 7 2635 14 28 2636 1 28 2640 1 14 2654 58 5 2656 82 30 2659 80 2 2664 72 25 2671 40 14 2677 29 24 2678 65 12 2680 3 4 2682 22 2 2683 91 24 2685 30 7 2687 50 7 2689 44 4 2692 60 27 2695 63 31 2702 17 29 2704 65 11 2705 63 25 2709 34 0 2715 5 7 2715 82 27 2715 100 14 2716 55 5 2716 72 11 2717 25 1 2717 87 0 2721 3 11 2726 54 9 2728 21 14 2732 82 31 2736 15 28 2738 46 26 2741 59 7 2748 14 8 2748 36 25 2749 30 18 2750 60 15 2752 7 19 2755 61 4 2756 35 9 2757 35 16 2759 67 10 2760 87 2 2762 7 3 2767 15 17 2770 21 20 2771 64 3 2773 39 8
941 625 0.0001 76 4 27 78 26 13 79 70 14 87 28 11 87 97 25 95 17 26 98 26 17 98 89 8 100 52 22 102 12 14 108 79 15 111 84 28 118 69 17 128 59 27 134 80 10 139 92 12 142 54 18 142 86 23 151 1 29 152 1 20 154 61 27 159 48 16 163 48 16 164 2 4 171 75 7 171 95 2 173 43 5 178 67 9 180 77 0 182 61 31 185 81 17 187 83 6 188 36 30 189 63 29 191 3 20 194 17 18 197 15 20 200 52 4 201 52 20 203 77 20 211 99 15 212 75 18 215 42 25 215 43 0 221 69 26 229 63 12 236 53 1 240 73 27 241 41 19 242 63 22 247 31 9 248 67 2 250 39 27 250 57 15 251 91 2 256 39 24 256 91 25 260 53 20 261 39 27 263 1 20 264 19 8 265 69 28 270 24 1 277 100 15 283 65 10 295 35 15 295 85 19 298 15 21 306 83 14 310 27 30 311 73 6 313 36 30 316 23 26 322 66 9 322 86 11 323 24 8 323 26 4 323 88 6 324 5 9 324 7 2 326 21 3 327 65 14 328 92 24 330 43 29 330 100 20 332 84 8 335 45 8 336 14 0 338 3 17 339 72 25 341 59 26 341 96 29 344 47 1 352 86 29 354 31 4 355 92 24 356 49 23 363 81 9 365 26 22 378 40 7 385 61 0 388 1 13 388 10 15 389 0 2 392 74 20 398 63 26 402 44 5 403 95 25 404 9 15 406 18 7 409 46 29 411 73 26 412 81 21 413 22 8 416 19 13 421 48 16 430 61 0 436 83 30 437 68 27 440 41 25 442 48 26 444 94 31 447 95 1 452 91 16 453 71 12 455 48 12 458 80 6 465 61 8 468 38 28 474 8 13 476 90 12 478 74 2 481 37 21 482 83 22 485 0 26 487 40 22 489 12 25 502 0 20 506 56 28 506 93 4 508 52 31 508 68 28 519 9 4 520 22 19 525 19 11 526 6 18 527 67 8 534 58 6 535 79 15 536 61 13 541 42 29 548 70 22 550 28 23 550 50 25 554 83 11 557 93 21 559 85 26 560 2 13 560 83 23 561 2 26 561 89 29 563 49 7 564 94 0 568 79 16 572 12 4 578 11 29 583 88 6 587 9 20 589 26 24 602 0 3 602 39 23 607 6 2 613 5 4 613 11 22 614 85 23 619 66 2 623 91 22 629 86 7 632 78 4 633 0 28 638 70 23 644 1 11 647 67 30 648 81 14 656 93 29 659 32 2 659 95 15 663 82 5 667 83 14 668 6 9 681 7 7 681 81 24 692 74 6 694 36 29 705 34 18 705 83 13 711 70 3 713 44 7 714 87 18 717 100 25 718 36 0 718 39 17 718 78 7 725 64 28 728 12 7 734 100 30 743 87 5 749 23 30 754 78 31 757 11 10 758 66 6 759 91 16 761 35 11 762 84 22 764 15 10 771 65 8 771 88 22 774 38 27 783 31 3 783 36 12 788 69 4 791 15 22 795 76 14 798 16 24 800 14 18 804 3 4 804 19 5 809 22 7 810 78 0 813 62 26 815 73 10 819 99 11 820 93 21 822 35 25 822 73 18 827 61 20 827 65 21 833 15 5 834 0 2 848 83 16 850 92 29 858 47 0 863 71 8 867 88 11 879 79 13 880 51 13 883 71 20 886 2 12 888 30 24 892 62 22 893 94 28 894 73 0 895 31 4 897 92 31 898 18 15 898 34 19 903 32 24 904 33 9 905 33 14 909 14 19 910 54 20 913 31 7 914 0 29 918 6 9 920 13 28 920 95 1 921 28 25 923 50 31 929 24 19 930 33 7 935 5 12 935 31 29 937 25 14 940 27 29 946 27 28 947 23 9 949 9 19 949 78 20 951 58 10 952 36 15 958 16 10 964 61 13 970 1 11 973 52 31 974 19 18 974 54 13 977 19 28 978 24 14 981 91 13 984 15 20 985 62 20 992 18 6 992 59 20 994 66 18 1003 33 12 1009 66 16 1016 52 5 1017 62 21 1025 97 28 1026 69 24 1031 54 18 1036 76 21 1039 66 18 1809 25 2 1819 38 23 1822 36 24 1825 11 13 1825 95 15 1827 30 26 1829 91 6 1830 8 29 1832 98 20 1833 18 28 1833 20 18 1845 44 7 1851 19 3 1853 77 3 1865 31 25 1872 34 13 1875 36 11 1876 98 22 1878 92 23 1879 89 16 1881 3 29 1888 45 20 1895 22 15 1896 24 22 1896 88 13 1899 0 15 1902 31 11 1904 23 23 1905 36 16 1908 29 16 1911 76 25 1921 90 13 1923 84 0 1926 10 17 1927 1 31 1931 46 23 1931 63 11 1933 7 3 1933 87 9 1934 63 17 1935 99 30 1937 43 15 1941 84 13 1947 44 8 1952 81 20 1953 77 1 1955 18 24 1955 39 1 1961 6 0 1963 90 5 1964 4 19 1964 15 27 1973 0 25 1975 37 13 1976 61 5 1980 61 7 1984 4 9 1984 20 31 1985 70 19 1988 85 20 1988 99 5 1990 65 19 1994 22 16 1997 40 30 1997 66 21 1999 32 8 2008 26 28 2009 75 19 2013 28 6 2015 57 19 2019 24 13 2019 24 29 2021 28 29 2024 46 29 2025 73 26 2025 89 2 2032 79 2 2039 54 21 2042 68 10 2045 14 5 2046 9 11 2049 31 13 2053 81 3 2054 66 16 2056 75 10 2058 94 28 2060 68 14 2060 79 12 2062 14 0 2068 47 22 2072 68 12 2074 93 30 2075 58 26 2076 33 27 2076 77 18 2079 13 9 2091 95 0 2092 31 4 2094 10 8 2095 93 13 2096 50 4 2097 96 22 2099 61 8 2102 19 24 2103 56 10 2110 85 26 2111 77 31 2113 99 14 2116 28 29 2118 14 5 2118 25 11 2122 52 27 2128 82 31 2131 43 29 2134 39 13 2135 81 6 2143 3 18 2148 4 21 2157 84 1 2163 62 8 2167 96 5 2170 33 19 2172 21 18 2173 80 30 2179 26 11 2181 85 29 2182 33 26 2188 89 27 2189 78 4 2191 23 9 2194 39 27 2194 96 1 2195 6 27 2196 33 25 2198 44 6 2198 93 23 2202 11 26 2202 58 20 2203 66 28 2204 91 17 2205 64 2 2206 1 22 2206 33 13 2210 99 14 2213 39 4 2217 4 24 2222 34 25 2227 13 17 2228 43 20 2229 46 13 2230 54 2 2240 98 26 2242 47 23 2246 5 31 2248 88 0 2249 38 19 2249 61 18 2252 46 24 2255 9 18 2258 0 16 2259 23 12 2260 35 22 2260 59 7 2260 67 14 2261 39 8 2261 91 22 2263 3 10 2263 29 30 2266 67 28 2268 90 17 2278 74 5 2278 89 31 2293 98 4 2298 64 14 2312 92 6 2315 73 20 2316 76 9 2326 38 14 2327 20 19 2331 20 9 2333 57 9 2333 83 24 2337 7 19 2350 72 20 2358 34 26 2367 68 13 2374 25 1 2376 24 28 2378 93 10 2380 57 6 2381 91 20 2382 82 16 2382 99 12 2385 48 5 2385 70 23 2387 62 8 2389 34 20 2391 36 18 2396 63 17 2396 83 11 2398 11 8 2398 90 5 2400 47 20 2403 26 25 2404 83 18 2407 58 4 2407 73 16 2413 38 29 2414 79 4 2418 12 10 2427 42 20 2428 13 22 2436 45 10 2441 3 12 2442 4 14 2443 98 30 2450 93 16 2456 76 18 2456 85 18 2459 76 22 2460 76 12 2469 89 19 2471 3 0 2472 26 20 2473 49 28 2476 23 2 2476 23 17 2478 41 4 2481 94 27 2482 33 28 2485 38 17 2488 51 31 2489 83 21 2491 97 13 2494 97 12 2504 33 28 2507 78 3 2507 82 17 2508 18 16 2510 23 3 2510 51 28 2515 50 5 2523 83 24 2530 74 27 2531 89 12 2533 4 18 2538 29 3 2541 88 30 2544 19 20 2545 47 25 2547 45 26 2548 55 8 2551 67 5 2560 8 6 2567 92 31 2571 79 3 2576 41 29 2577 85 30 2583 86 13 2584 94 9 2585 45 2 2589 51 14 2589 84 2 2590 13 25 2592 41 24 2593 73 4 2594 53 16 2610 98 1 2612 64 6 2613 0 0 2614 6 4 2614 93 25 2617 60 6 2620 18 21 2620 81 2 2633 52 8 2635 49 18 2642 32 6 2647 15 19 2648 44 24 2649 6 26 2649 25 24 2650 69 10 2651 60 9 2652 45 0 2653 10 25 2663 84 28 2667 5 13 2669 78 20 2671 99 3 2673 43 19 2673 78 9 2674 43 21 2676 36 13 2678 69 5 2678 98 16 2686 25 10 2689 56 11 2696 49 6 2699 37 28 2701 0 14 2701 63 7 2706 8 7 2707 24 6 2708 76 31 2710 50 1 2715 66 10 2720 14 20 2720 38 13 2721 44 12 2721 84 11 2721 100 20 2727 92 12 2733 29 19 2737 63 8 2738 92 22 2739 14 1 2757 87 7 2761 86 12 2770 71 20 2775 34 22 2775 39 31
942 625 0.0001 72 35 7 72 56 26 75 43 11 76 25 19 78 49 10 84 85 26 86 64 10 89 42 23 89 59 26 89 67 22 90 74 5 91 16 5 99 36 6 100 54 29 104 28 18 105 76 24 108 89 15 109 56 25 115 43 30 119 59 17 119 63 17 125 47 22 126 13 28 126 74 23 127 17 20 130 68 12 136 38 0 137 17 4 137 36 14 137 48 13 145 78 23 148 53 20 153 5 10 155 100 13 157 54 9 165 8 18 170 41 2 173 100 12 181 17 10 181 36 31 185 86 22 187 22 28 189 35 18 189 82 29 190 2 19 197 83 4 202 44 9 203 91 30 204 65 7 205 5 17 205 20 25 205 73 30 211 9 16 213 31 28 214 13 1 230 0 25 231 49 31 232 27 1 235 78 11 236 49 11 240 39 12 242 61 29 242 69 3 250 62 28 255 53 24 258 29 10 266 65 30 267 63 26 274 98 24 277 87 21 280 79 7 282 27 11 285 68 13 285 80 2 286 24 16 287 21 2 297 12 14 297 36 15 297 86 25 300 63 6 305 88 13 308 28 14 309 8 13 309 59 31 310 52 21 316 97 25 318 87 8 319 96 4 328 11 18 333 90 19 335 17 3 339 9 16 342 80 28 350 17 12 355 99 11 357 27 21 359 25 6 359 62 8 360 80 1 361 39 23 364 90 17 366 59 16 370 30 23 373 48 27 378 28 13 383 14 14 384 74 24 389 28 17 395 63 4 399 58 28 400 86 5 408 72 2 411 19 24 414 89 4 418 44 8 420 11 3 421 46 14 422 1 0 422 46 15 429 10 28 429 52 14 430 64 1 431 98 28 437 7 17 437 91 7 442 6 28 443 10 15 447 63 4 448 71 25 451 27 20 454 41 23 455 67 21 467 16 27 469 22 16 472 62 7 475 90 31 477 19 0 479 2 26 480 76 21 481 49 18 482 79 27 484 31 9 484 59 0 484 81 6 505 24 11 506 42 19 506 71 26 508 31 30 528 61 6 530 15 12 533 8 27 545 79 16 556 14 20 558 7 14 568 49 25 575 80 22 590 62 3 597 65 12 597 84 25 599 54 18 604 11 9 604 30 11 611 100 26 613 68 30 614 90 9 619 75 6 620 47 16 622 26 9 623 12 31 626 51 7 627 59 20 631 49 29 638 98 1 643 25 15 645 98 28 647 28 7 655 88 23 660 38 7 661 51 13 663 60 4 673 33 4 674 29 19 674 45 17 675 64 25 675 92 2 678 97 5 680 23 19 702 42 18 704 27 23 706 68 6 708 35 14 710 19 17 712 55 16 713 27 26 720 12 20 721 96 0 722 99 18 724 16 21 725 86 18 726 8 28 730 97 26 733 75 15 738 1 25 740 90 27 743 55 3 746 94 11 748 89 7 749 29 20 751 3 26 752 95 25 760 43 25 763 65 26 765 70 29 765 93 21 766 1 0 767 95 16 769 6 2 773 12 21 776 10 1 776 53 24 777 10 4 789 41 16 789 68 6 801 58 14 801 74 12 805 49 25 806 35 31 817 95 17 819 21 25 821 12 18 826 65 22 827 8 3 827 8 13 830 77 13 831 46 2 832 75 4 838 12 24 842 89 3 846 82 22 854 30 9 856 92 15 860 15 29 862 72 5 869 79 16 871 6 18 871 27 3 871 27 12 871 31 4 871 96 19 878 44 2 897 79 29 898 32 6 901 13 23 905 72 2 916 74 21 919 92 22 923 37 19 926 38 6 927 73 23 934 55 12 935 1 9 940 21 14 941 78 25 942 72 18 946 75 23 946 80 1 948 18 0 948 78 3 956 81 12 957 14 30 958 36 7 961 3 8 963 55 19 964 62 17 967 9 25 967 68 12 967 72 31 969 65 10 970 84 0 971 32 27 974 48 27 975 23 10 978 55 17 981 5 14 981 22 11 981 84 24 983 1 30 987 76 6 989 15 25 996 50 19 997 62 2 998 12 2 998 23 22 999 7 31 1009 3 16 1011 38 23 1018 94 26 1020 91 4 1021 53 24 1023 86 5 1027 29 15 1031 86 7 1031 90 21 1032 23 22 1034 42 16 1037 40 4 1039 25 17 1039 40 6 1039 85 27 1812 93 18 1814 50 19 1816 73 21 1817 18 12 1818 8 6 1819 91 26 1823 97 28 1824 38 11 1825 66 10 1826 97 18 1833 29 31 1836 7 13 1837 91 22 1839 60 10 1842 16 26 1845 29 26 1848 68 0 1849 10 10 1853 97 26 1856 59 13 1860 8 17 1865 1 16 1869 42 15 1874 15 4 1875 89 13 1876 63 16 1882 30 21 1883 61 18 1886 30 13 1886 45 10 1892 57 3 1893 83 17 1894 57 22 1896 73 30 1901 93 10 1904 85 1 1908 86 3 1920 83 15 1921 21 5 1924 43 11 1931 30 23 1937 48 13 1937 85 6 1940 1 27 1945 32 8 1945 98 31 1958 43 24 1960 6 11 1962 63 31 1963 38 6 1964 81 11 1966 100 11 1971 41 17 1972 97 0 1975 13 10 1978 99 13 1979 80 20 1982 66 11 1993 82 23 2001 66 5 2002 16 28 2004 19 27 2005 0 10 2006 69 11 2006 82 22 2007 87 20 2008 1 24 2010 17 6 2011 56 30 2013 77 4 2018 38 12 2021 91 31 2022 86 9 2023 45 13 2027 65 10 2030 15 1 2032 19 21 2044 58 29 2045 98 10 2049 66 23 2049 89 16 2049 100 2 2050 18 10 2056 37 29 2056 66 30 2057 88 5 2061 72 27 2068 31 19 2075 23 21 2080 48 0 2080 83 26 2081 50 10 2083 14 7 2085 48 27 2085 78 14 2086 74 9 2087 36 4 2088 94 25 2095 44 26 2096 90 3 2097 25 24 2097 87 16 2101 94 13 2108 15 22 2114 64 29 2115 27 18 2119 60 26 2123 56 3 2125 51 7 2127 11 4 2132 34 6 2139 57 0 2149 28 10 2151 79 26 2155 4 9 2156 6 14 2158 7 0 2169 13 25 2171 43 27 2172 54 24 2175 86 31 2176 26 1 2176 52 15 2178 67 20 2182 36 7 2185 18 18 2185 75 18 2187 23 21 2189 45 23 2189 51 27 2191 16 15 2194 46 9 2195 47 26 2198 16 27 2200 40 20 2206 80 27 2207 6 19 2209 8 23 2211 6 3 2211 42 17 2211 76 12 2214 27 12 2217 48 15 2220 6 18 2222 17 2 2226 33 7 2233 18 6 2233 77 22 2240 43 7 2250 15 18 2258 78 4 2261 2 20 2262 88 15 2267 82 31 2268 6 19 2268 21 12 2271 24 26 2271 32 5 2273 32 10 2274 47 30 2275 97 16 2279 50 18 2282 12 28 2283 34 4 2288 11 16 2293 32 25 2293 64 9 2295 1 26 2295 90 15 2299 35 15 2299 100 6 2307 36 20 2308 16 20 2308 43 8 2310 68 25 2312 29 25 2312 78 11 2317 35 23 2323 75 22 2325 55 31 2326 11 29 2327 36 9 2329 69 20 2341 74 21 2346 77 17 2350 29 24 2356 3 26 2360 87 23 2361 2 21 2361 18 11 2368 59 20 2371 57 18 2372 86 12 2380 89 22 2385 33 20 2387 63 5 2388 17 7 2388 19 27 2388 67 13 2388 78 19 2390 43 27 2392 98 28 2399 28 21 2399 56 23 2400 55 14 2407 30 8 2410 36 25 2411 13 16 2411 63 0 2419 12 5 2421 93 11 2423 75 8 2428 14 9 2429 57 18 2429 95 17 2436 74 1 2438 60 3 2442 29 4 2452 22 31 2456 31 4 2457 74 18 2465 6 7 2482 86 29 2483 79 20 2484 32 3 2490 30 26 2495 97 26 2498 96 24 2502 21 9 2508 20 12 2509 67 28 2511 17 13 2514 75 20 2516 60 26 2518 26 5 2519 15 28 2519 64 14 2522 30 17 2523 84 3 2528 80 24 2530 73 14 2531 8 5 2531 21 2 2532 56 3 2534 2 3 2536 45 10 2545 9 22 2546 95 30 2554 28 8 2557 85 25 2558 50 10 2562 36 24 2564 19 29 2576 14 19 2580 47 26 2580 65 6 2585 51 26 2604 2 19 2606 49 9 2612 17 11 2615 36 8 2618 18 3 2618 23 16 2635 38 7 2637 62 18 2641 46 23 2643 43 13 2646 51 16 2646 71 23 2646 89 20 2647 98 10 2648 62 30 2652 52 12 2653 61 11 2657 66 31 2665 95 16 2666 100 4 2673 26 6 2675 48 18 2679 76 4 2680 8 20 2688 2 13 2688 54 26 2688 84 2 2690 4 8 2693 76 17 2694 40 2 2698 82 16 2699 97 2 2710 52 19 2710 82 0 2713 12 3 2716 38 25 2717 64 2 2724 30 16 2730 23 27 2738 52 19 2741 26 5 2743 59 14 2748 3 11 2751 19 16 2751 22 27 2754 4 25 2756 43 9 2756 47 12 2756 61 30 2757 35 16 2762 68 11 2765 82 5 2765 87 25 2765 99 19 2767 4 26 2768 95 29 2773 18 23 2773 89 26 2774 100 3
943 625 0.0001 73 93 16 77 27 26 79 77 31 87 56 28 89 4 30 89 7 24 89 59 18 90 62 18 92 56 5 93 30 12 94 46 19 95 34 18 98 93 27 99 0 8 102 54 2 103 13 24 107 4 17 127 63 18 129 79 10 129 99 17 130 72 31 133 73 18 135 30 12 136 69 20 142 58 4 146 1 25 148 47 18 158 64 18 159 84 29 170 39 11 170 45 30 171 11 6 171 31 13 174 47 24 176 26 2 179 22 12 183 53 7 184 49 7 189 99 22 199 27 21 199 51 22 203 34 22 205 36 25 212 83 2 213 9 17 215 53 6 217 76 15 218 71 14 223 83 2 225 78 29 228 16 24 231 60 0 235 26 11 237 34 27 242 5 21 246 6 0 247 62 22 249 34 0 249 91 17 250 13 14 254 48 16 261 90 11 265 3 9 283 22 3 286 66 12 287 72 11 289 12 13 291 66 28 294 81 2 295 80 19 303 14 6 304 16 22 304 92 8 306 10 8 310 91 0 314 59 25 314 64 30 315 76 0 322 60 30 325 15 20 325 17 25 325 72 10 332 74 9 332 80 20 340 11 10 343 36 19 344 91 23 346 23 25 349 7 3 357 21 31 359 16 2 363 7 2 364 70 22 365 8 6 366 60 20 367 15 2 370 5 0 370 34 26 371 20 20 372 81 19 375 2 30 375 95 2 382 90 9 386 75 28 391 17 5 391 80 0 392 41 15 396 56 13 397 86 0 399 12 26 399 13 6 411 64 8 416 31 6 416 43 10 419 90 28 424 95 30 429 46 8 448 2 13 448 69 7 451 82 17 456 33 27 458 27 29 459 38 24 460 47 23 461 26 20 461 84 3 464 73 8 465 13 31 466 54 31 469 91 20 473 50 14 482 51 5 484 39 29 488 60 29 489 58 30 493 4 1 494 21 3 501 18 10 502 14 7 506 27 31 511 35 3 511 57 12 514 19 16 514 40 8 516 98 24 527 57 12 530 97 20 530 99 0 531 77 3 534 24 5 535 5 2 536 90 16 551 29 9 552 47 13 552 72 13 553 12 1 559 65 28 560 100 2 562 38 23 563 42 18 563 98 28 577 72 16 581 24 26 590 24 16 595 1 4 596 53 11 597 28 9 598 51 11 601 77 29 603 8 13 604 42 18 609 90 29 611 40 7 613 52 4 614 24 31 622 97 16 629 96 18 640 72 15 643 40 31 648 21 10 648 74 25 655 36 4 657 45 3 663 8 26 666 78 12 671 18 23 672 31 21 673 46 15 682 42 22 685 22 31 685 58 25 689 22 23 691 57 25 691 88 19 693 76 9 694 100 29 696 9 27 696 34 23 708 20 4 713 20 17 714 80 19 715 92 21 717 24 2 717 81 23 719 3 19 723 4 30 726 33 22 731 20 10 735 58 16 738 34 15 742 4 29 743 35 23 745 73 11 746 78 28 747 22 28 748 78 14 750 57 16 750 65 27 751 21 3 760 62 27 762 62 11 766 20 24 767 60 27 776 17 19 776 59 3 776 100 8 777 18 8 778 97 11 784 95 28 785 68 6 788 5 13 788 97 2 796 74 20 806 57 16 806 99 12 807 47 22 813 9 9 814 62 14 818 49 22 821 64 28 827 70 22 835 34 19 839 17 1 839 41 27 848 57 27 849 53 4 850 65 28 852 27 31 860 65 2 861 43 25 861 44 6 868 27 31 871 25 14 871 42 19 874 98 1 875 74 22 881 18 5 883 93 26 884 66 17 888 18 0 889 14 22 890 35 8 899 31 5 901 77 17 902 80 6 907 82 10 908 33 11 909 96 7 915 99 10 921 93 20 922 15 15 922 40 13 923 50 28 925 82 31 926 68 19 933 97 19 935 5 27 937 47 28 937 61 30 937 94 18 939 44 26 944 33 7 944 50 12 947 0 21 947 24 0 949 25 5 951 32 1 951 51 20 953 59 8 957 1 15 961 76 3 963 88 5 967 23 27 968 72 14 977 25 10 987 47 22 988 53 31 989 14 20 989 38 10 989 65 31 991 99 23 996 5 15 1001 16 22 1006 82 2 1013 7 31 1013 34 22 1017 0 14 1018 13 13 1018 24 26 1023 17 27 1024 34 3 1024 68 9 1027 41 17 1029 72 30 1030 73 11 1037 60 14 1808 46 9 1809 41 12 1810 12 28 1813 96 5 1818 73 16 1820 21 2 1822 29 5 1830 75 31 1833 36 5 1842 21 12 1852 84 6 1856 77 22 1856 85 14 1861 61 4 1867 23 10 1868 100 23 1878 26 22 1883 0 26 1890 59 6 1895 17 28 1895 71 9 1898 67 30 1903 42 10 1904 86 11 1913 95 0 1918 27 12 1918 42 2 1924 26 11 1925 68 8 1929 68 16 1938 57 25 1943 78 21 1944 21 2 1945 25 0 1949 97 14 1951 15 26 1953 59 20 1957 45 31 1960 86 28 1969 97 6 1971 25 18 1971 35 25 1974 28 9 1975 23 0 1977 20 30 1987 52 25 1988 5 17 1996 70 14 1996 70 21 1999 39 27 2003 94 30 2013 70 22 2017 19 13 2017 96 2 2018 100 0 2027 74 23 2028 23 0 2034 26 29 2040 32 7 2042 94 4 2048 51 12 2048 95 20 2054 72 9 2055 6 3 2057 42 5 2058 83 26 2060 2 3 2063 60 4 2063 81 14 2069 76 4 2072 61 18 2073 99 23 2074 14 26 2075 79 7 2076 79 8 2080 47 2 2084 95 16 2085 17 29 2085 26 12 2086 55 25 2087 7 3 2092 90 18 2095 80 28 2105 70 15 2105 92 24 2106 58 26 2106 61 19 2109 51 29 2110 14 8 2111 3 2 2112 20 21 2115 21 24 2116 52 15 2130 59 5 2133 84 10 2134 32 2 2141 1 18 2141 54 29 2145 1 25 2150 89 30 2156 52 3 2157 70 30 2159 80 24 2163 90 14 2165 87 7 2169 4 18 2169 20 27 2173 39 17 2176 39 30 2180 68 29 2182 6 14 2188 26 2 2188 91 5 2193 18 25 2193 85 4 2198 49 20 2214 31 0 2214 47 3 2214 74 17 2225 49 13 2230 45 2 2235 22 2 2236 99 0 2237 54 3 2241 21 24 2245 22 6 2248 53 21 2261 25 15 2262 13 13 2264 27 25 2269 87 17 2271 68 5 2274 38 17 2279 50 24 2281 85 6 2282 27 16 2284 67 24 2286 61 13 2287 9 5 2290 91 17 2300 31 16 2302 89 2 2303 4 6 2304 23 6 2305 86 10 2308 2 9 2310 52 0 2316 32 29 2318 53 8 2319 92 30 2321 56 20 2322 14 25 2322 55 19 2323 24 0 2328 23 3 2329 98 6 2330 75 23 2349 28 26 2349 87 5 2350 95 21 2353 84 13 2356 28 9 2357 3 9 2357 95 13 2359 81 10 2360 85 22 2363 20 14 2364 46 13 2364 49 0 2368 60 24 2369 42 1 2379 80 0 2381 33 12 2381 68 28 2382 73 6 2383 99 22 2385 43 20 2388 90 26 2390 44 27 2391 44 29 2391 45 26 2393 16 7 2396 85 28 2405 53 15 2405 89 13 2407 35 12 2413 65 10 2417 3 30 2418 80 11 2424 10 23 2429 46 2 2429 63 7 2431 50 21 2434 46 12 2443 0 14 2444 25 31 2460 40 20 2463 71 14 2466 27 15 2467 82 9 2479 31 25 2479 36 23 2483 49 28 2485 60 30 2491 52 5 2495 49 15 2498 45 25 2500 64 24 2502 51 9 2508 61 23 2509 6 21 2515 0 6 2516 66 27 2518 88 2 2519 41 7 2520 99 11 2523 16 25 2525 44 12 2532 53 14 2537 51 31 2538 11 28 2538 29 3 2541 49 30 2542 21 28 2545 31 6 2547 21 25 2548 8 21 2560 25 24 2561 22 31 2564 11 11 2565 93 13 2570 26 30 2578 50 18 2580 89 26 2585 33 6 2585 55 16 2586 30 15 2586 30 27 2589 11 8 2589 76 5 2590 42 26 2593 75 3 2593 82 8 2595 43 29 2601 62 26 2604 57 24 2608 87 26 2612 51 28 2613 30 27 2614 61 30 2616 94 14 2618 52 19 2622 49 13 2623 25 20 2624 78 18 2626 86 20 2627 15 8 2633 17 25 2633 74 4 2638 95 6 2640 58 14 2642 35 8 2643 20 31 2643 64 26 2647 58 21 2649 29 29 2649 79 27 2656 89 17 2668 60 0 2669 9 24 2672 62 4 2675 40 23 2676 22 12 2676 61 0 2678 88 4 2680 9 0 2681 16 13 2685 76 2 2689 79 17 2691 56 20 2692 58 12 2692 95 2 2693 34 9 2694 65 12 2696 76 6 2700 42 27 2703 6 16 2704 100 13 2711 46 19 2711 63 11 2713 66 17 2713 89 1 2714 48 13 2717 72 9 2718 86 31 2729 42 27 2731 15 31 2735 84 11 2736 88 21 2738 26 20 2741 80 4 2747 55 6 2748 33 25 2748 94 9 2752 37 11 2764 53 24 2764 56 24 2764 89 16 2766 63 12
944 625 0.0001 72 85 29 73 50 20 73 56 23 75 44 18 89 14 28 96 84 7 99 59 14 104 26 25 106 72 15 108 62 25 108 98 26 109 46 6 114 81 24 123 56 31 123 74 5 128 71 11 131 5 9 131 37 19 136 48 12 136 85 1 137 16 13 137 57 22 139 92 23 140 9 8 140 23 11 140 58 18 143 52 27 143 98 27 145 98 1 149 53 12 154 40 18 159 77 27 162 1 12 163 76 4 166 88 2 175 62 20 175 90 27 180 10 1 182 11 21 192 22 10 196 34 10 199 55 15 199 83 12 201 7 22 201 24 3 201 29 9 203 26 15 203 80 22 205 92 7 208 53 11 212 25 31 212 54 14 222 82 0 229 92 1 239 24 31 240 36 9 242 34 3 245 88 7 248 86 0 254 68 8 256 18 11 256 19 12 259 8 15 260 92 22 264 5 1 264 47 25 265 18 25 269 77 20 270 23 29 271 76 0 273 92 26 279 80 2 281 44 21 281 54 4 282 81 17 285 94 4 286 37 4 294 50 2 295 28 10 301 81 12 301 91 20 303 49 27 307 43 26 308 27 19 313 60 18 314 53 19 321 52 2 329 36 10 334 35 10 336 95 23 344 57 1 345 81 20 348 58 3 349 80 8 359 73 21 372 63 13 375 20 15 381 67 31 389 27 1 392 85 29 394 11 6 394 43 30 395 63 29 403 0 31 413 25 29 417 2 30 427 22 6 427 49 25 433 70 14 445 12 23 447 96 21 448 78 30 450 55 6 452 48 6 453 15 21 453 39 18 453 67 11 454 68 9 456 25 1 463 4 5 464 50 12 468 17 9 469 9 4 470 43 23 475 84 8 476 92 14 479 25 10 486 72 13 486 99 16 489 55 20 489 93 10 489 100 18 498 3 30 506 27 20 507 84 19 509 12 10 509 59 24 511 87 31 513 33 30 513 84 4 514 61 30 517 94 24 523 1 14 526 27 19 529 57 7 530 8 27 533 32 9 533 71 26 536 10 18 544 42 12 549 45 28 556 100 14 560 95 7 562 3 28 569 54 22 569 85 20 569 92 7 571 74 17 577 63 22 582 35 6 584 1 16 584 44 3 584 56 7 589 64 27 591 60 11 599 72 11 600 8 16 600 28 13 600 45 14 600 59 18 607 67 2 608 54 20 609 10 1 610 55 28 612 8 5 616 27 3 618 25 19 626 70 27 636 78 10 639 58 0 642 27 20 643 75 19 644 92 22 646 97 16 647 91 12 651 4 17 652 64 8 655 37 26 657 19 13 657 45 19 662 5 3 663 76 16 668 34 29 669 37 23 675 27 9 681 28 8 692 14 27 695 18 4 704 19 7 708 67 6 713 51 2 716 7 28 716 24 17 717 96 25 720 46 8 724 30 26 726 49 25 727 17 1 728 35 25 730 8 2 734 17 6 734 55 22 736 53 16 738 5 14 741 16 29 743 10 23 748 65 19 752 44 16 752 97 3 755 21 29 757 89 3 760 21 7 760 52 15 760 82 20 761 24 25 761 36 27 768 53 30 770 78 24 785 61 30 786 50 4 787 24 2 791 1 5 791 93 10 793 71 22 798 0 22 801 23 29 802 7 0 803 26 8 807 91 20 811 8 0 813 2 22 813 80 15 813 95 18 819 24 12 821 30 15 821 68 16 824 79 30 828 92 10 830 19 14 833 32 13 835 99 14 836 50 29 839 96 25 841 18 7 848 82 19 849 94 19 852 87 17 854 2 16 865 24 18 867 90 3 871 8 4 886 15 3 886 66 6 890 49 7 890 60 26 890 87 17 895 10 12 900 59 29 900 98 20 906 50 6 910 91 11 919 39 16 921 58 0 922 1 18 922 35 31 926 4 9 926 97 14 929 94 30 944 48 7 944 80 27 947 90 25 949 11 25 949 19 8 952 97 12 953 16 5 960 30 7 969 100 17 974 4 15 974 100 29 978 73 13 981 68 10 983 17 13 983 60 7 988 17 1 994 85 29 995 96 14 997 52 14 1003 29 15 1005 79 5 1014 55 24 1015 36 2 1015 65 6 1022 27 19 1024 43 18 1025 39 0 1026 38 22 1027 23 20 1027 46 17 1036 98 12 1039 63 24 1811 48 21 1811 64 26 1815 45 29 1819 41 16 1824 53 17 1824 98 31 1827 41 10 1833 13 1 1845 96 13 1847 34 11 1854 32 15 1856 32 19 1858 21 23 1858 78 29 1861 4 0 1862 12 25 1863 46 22 1876 13 18 1876 72 23 1880 5 30 1883 95 9 1886 93 9 1887 98 23 1901 91 27 1908 6 9 1915 57 8 1916 97 8 1922 49 25 1923 97 8 1927 83 27 1927 99 27 1931 38 11 1932 29 1 1936 23 22 1939 50 3 1939 70 4 1939 73 25 1939 81 24 1941 13 4 1949 76 18 1953 87 26 1957 9 6 1959 57 2 1959 84 23 1960 23 9 1968 30 18 1973 9 6 1976 85 6 1980 4 15 1980 96 21 1982 42 27 1983 96 10 1985 22 8 1987 23 20 1988 67 30 1990 66 31 1991 17 31 1994 55 15 1997 81 29 2000 64 10 2005 99 7 2011 6 2 2014 45 3 2014 63 10 2029 76 28 2031 63 11 2032 21 27 2033 85 21 2038 26 2 2039 49 11 2042 38 27 2043 5 12 2049 0 12 2054 65 6 2055 61 1 2059 97 11 2060 60 13 2063 24 17 2063 37 29 2068 37 1 2070 20 7 2070 49 19 2074 24 31 2077 47 16 2079 1 8 2084 65 30 2085 61 7 2086 20 28 2089 71 31 2092 15 4 2098 84 15 2099 53 20 2099 95 3 2100 90 0 2101 89 23 2103 16 31 2104 55 29 2104 78 8 2108 83 20 2108 97 8 2109 76 19 2117 64 3 2119 6 31 2120 54 2 2122 33 12 2122 47 24 2123 92 18 2125 75 19 2127 32 29 2129 65 11 2133 42 13 2134 65 21 2134 75 9 2138 16 19 2138 91 3 2140 28 20 2147 22 31 2148 95 29 2154 22 14 2155 24 10 2163 11 17 2164 26 11 2171 63 2 2173 27 30 2175 77 23 2177 85 22 2180 69 25 2182 16 19 2186 64 27 2188 49 25 2189 64 15 2191 19 4 2192 57 17 2193 48 8 2200 51 18 2207 89 27 2211 65 26 2214 30 7 2220 3 6 2220 61 28 2225 25 18 2227 21 8 2230 92 16 2231 78 23 2238 55 7 2238 60 24 2239 8 3 2241 50 31 2244 82 14 2246 52 7 2248 19 16 2251 74 6 2255 86 22 2259 5 6 2259 6 9 2261 12 15 2272 17 1 2279 50 17 2280 63 29 2280 65 28 2282 51 23 2286 31 14 2298 60 8 2303 55 0 2304 58 2 2305 7 10 2307 82 16 2318 69 2 2321 45 13 2323 32 3 2325 44 11 2329 15 5 2332 12 10 2334 14 19 2337 10 28 2337 79 14 2338 35 31 2340 98 12 2342 3 26 2351 74 4 2355 8 5 2365 21 21 2366 92 13 2367 51 9 2368 41 25 2370 9 24 2372 38 12 2375 15 0 2377 83 11 2377 100 17 2385 40 19 2386 48 21 2387 18 28 2389 27 29 2392 34 25 2394 7 9 2396 76 13 2397 8 7 2402 20 12 2404 63 3 2406 31 17 2407 56 13 2410 8 24 2411 85 28 2415 33 23 2417 70 24 2420 80 17 2421 31 11 2424 9 31 2426 59 30 2427 19 18 2428 58 22 2428 76 2 2436 39 24 2440 5 3 2440 72 1 2440 99 1 2442 37 26 2447 59 6 2453 15 20 2453 81 22 2454 18 12 2454 55 4 2458 5 2 2460 85 7 2462 9 9 2464 51 4 2465 71 28 2470 10 22 2474 77 17 2476 42 6 2485 28 24 2485 89 9 2488 88 9 2492 92 8 2497 59 16 2499 7 6 2499 16 10 2499 31 23 2500 27 23 2507 32 6 2507 96 10 2509 94 6 2513 53 30 2516 47 12 2518 59 12 2519 57 11 2520 14 29 2526 1 26 2531 20 17 2537 3 21 2540 6 4 2542 14 9 2549 1 18 2552 61 14 2552 87 18 2554 25 31 2554 48 19 2557 33 8 2565 81 29 2569 39 9 2576 73 24 2578 94 19 2593 12 26 2597 53 5 2601 25 17 2614 0 24 2619 81 29 2621 42 0 2621 60 3 2635 6 26 2638 1 30 2638 25 30 2638 64 31 2640 37 29 2640 97 1 2642 26 24 2644 19 12 2646 74 9 2650 33 19 2652 50 27 2653 17 19 2655 80 14 2658 84 25 2659 42 1 2661 5 3 2661 8 23 2664 91 6 2667 95 22 2674 57 13 2678 75 0 2683 19 21 2684 32 3 2687 95 1 2690 9 2 2691 59 31 2694 8 0 2705 88 17 2711 62 12 2712 96 10 2725 68 6 2730 7 12 2732 89 7 2738 89 15 2746 30 7 2748 4 27 2749 37 17 2753 23 25 2758 50 31 2762 27 27 2762 51 11 2766 91 26 2767 71 6 2770 77 16 2774 46 17
945 625 0.0001 72 87 20 73 1 4 77 64 5 78 30 18 81 67 15 82 44 15 86 2 5 91 27 20 91 57 17 97 80 15 108 50 25 111 59 12 113 72 30 116 51 1 118 47 30 125 23 29 126 50 19 128 24 9 130 30 2 132 92 28 137 10 28 137 11 16 141 81 7 143 11 19 144 10 26 155 77 20 159 64 8 160 6 10 164 66 11 164 74 22 167 29 20 176 37 10 177 18 26 184 74 30 185 31 18 185 51 12 186 55 5 188 7 30 202 18 27 202 27 28 206 12 3 206 92 25 215 50 1 226 32 25 230 68 11 232 91 3 251 10 17 257 93 31 264 65 10 271 99 13 278 51 28 286 16 28 288 5 14 289 36 1 294 34 31 303 34 15 304 41 2 305 85 14 306 39 5 307 68 29 307 89 28 309 45 11 309 52 24 314 52 23 316 79 4 316 82 3 317 48 23 320 12 17 326 22 14 329 9 12 332 96 0 333 79 23 337 44 30 344 1 20 346 35 9 351 23 18 352 61 24 353 59 31 354 27 13 359 87 6 360 100 1 363 39 17 364 62 11 369 13 22 370 4 19 370 22 4 379 13 7 380 50 21 390 19 7 391 5 15 392 12 17 392 33 13 394 97 1 401 62 9 403 41 26 406 92 1 411 22 21 413 13 27 418 53 17 420 48 15 420 55 3 437 88 3 440 7 23 446 49 30 449 37 11 451 60 28 452 49 16 454 37 6 455 28 11 457 72 2 463 32 0 473 40 7 473 96 21 476 59 28 478 61 14 481 87 9 486 47 19 486 83 16 491 33 5 493 56 19 503 70 28 510 26 22 512 17 8 514 69 6 518 1 28 518 13 16 520 44 1 521 80 22 523 41 22 524 42 20 526 96 17 528 89 5 533 6 26 535 55 19 538 65 25 541 45 17 542 29 23 544 20 19 544 73 7 545 19 0 545 26 10 547 32 7 548 8 0 548 15 0 552 63 11 554 86 8 557 9 19 561 99 26 565 15 22 566 18 8 575 3 16 576 78 28 578 82 18 579 20 22 584 60 4 589 24 6 589 80 1 590 54 14 597 25 1 602 70 4 604 26 5 604 51 3 605 52 10 609 97 10 611 37 13 614 0 16 616 61 8 622 10 30 622 100 7 626 2 23 626 5 6 631 78 19 636 26 5 638 52 23 650 66 13 652 74 14 654 97 19 655 43 27 656 83 31 658 99 21 659 39 4 666 30 5 668 49 27 669 76 11 672 56 13 677 100 16 681 91 26 682 47 27 687 81 16 692 59 3 695 12 15 696 17 14 698 48 19 700 27 12 700 73 23 703 31 6 704 17 26 713 74 30 723 16 19 723 46 14 734 36 10 734 89 13 740 76 12 741 19 31 741 88 27 753 63 21 756 6 2 758 18 20 765 58 9 768 11 12 769 11 10 769 73 23 772 26 2 777 6 15 778 8 20 779 0 10 779 54 20 784 5 22 784 72 7 795 8 10 796 67 19 802 69 7 808 55 16 808 58 30 808 86 20 814 96 18 817 10 17 822 21 3 822 84 9 824 2 7 824 30 2 825 61 18 827 12 15 829 37 21 831 88 26 832 73 16 837 6 27 840 56 13 843 80 9 847 73 28 849 44 9 856 63 10 860 91 23 861 67 27 862 20 22 862 89 1 862 94 8 866 60 18 871 39 24 872 35 8 872 79 23 874 41 14 879 86 21 882 87 25 883 59 22 886 44 28 889 12 6 889 30 28 892 1 18 894 36 3 895 57 28 896 74 31 900 23 4 905 98 22 907 77 6 910 9 22 912 42 29 915 59 19 919 73 30 920 88 17 923 40 15 923 71 2 928 35 4 935 10 3 939 23 15 942 96 21 946 54 2 946 57 2 947 31 10 953 71 13 965 86 14 967 8 8 968 30 15 970 26 26 977 9 11 977 20 6 978 57 30 984 60 12 987 62 18 991 85 7 994 93 4 996 21 11 997 9 27 1001 21 17 1005 10 6 1006 51 28 1009 13 15 1009 37 10 1011 39 23 1020 21 8 1020 73 25 1021 70 1 1024 65 14 1032 87 5 1034 12 1 1039 52 20 1812 11 11 1818 20 15 1822 45 23 1825 36 16 1825 52 10 1826 62 15 1827 65 24 1829 17 15 1831 50 29 1833 70 4 1836 40 16 1844 69 27 1845 89 17 1846 96 1 1847 25 10 1849 91 12 1852 81 7 1852 100 6 1853 76 23 1858 94 25 1862 0 26 1864 79 22 1870 23 5 1872 22 15 1877 10 0 1880 40 25 1881 24 31 1887 13 17 1890 27 11 1890 55 5 1892 48 10 1893 12 9 1901 48 25 1902 100 0 1903 22 23 1905 93 7 1909 49 16 1914 8 10 1916 41 15 1923 43 26 1927 16 13 1938 18 28 1942 56 6 1943 24 18 1945 43 12 1958 12 2 1960 80 13 1962 0 3 1967 63 31 1973 64 27 1981 61 23 1986 56 11 1997 88 3 1997 90 6 1999 9 29 1999 18 31 2002 71 9 2006 78 14 2009 86 3 2009 95 14 2009 99 6 2010 36 26 2010 59 15 2012 15 31 2012 88 19 2013 86 13 2014 41 27 2016 43 27 2016 60 7 2017 27 11 2018 97 31 2020 59 7 2026 56 15 2029 99 10 2041 83 5 2044 34 9 2045 97 2 2047 31 17 2047 77 12 2047 90 7 2051 29 0 2052 32 5 2054 18 25 2057 73 11 2059 91 21 2067 11 0 2076 19 13 2076 97 1 2076 98 27 2081 19 26 2083 36 4 2084 43 28 2084 49 16 2087 68 3 2095 94 19 2096 100 14 2104 33 24 2105 19 4 2105 21 28 2111 68 20 2114 87 12 2122 25 3 2124 52 11 2128 61 2 2132 18 8 2137 28 4 2138 3 0 2138 11 3 2139 80 8 2140 12 22 2141 82 6 2144 48 11 2150 69 18 2156 25 5 2158 94 29 2161 46 25 2163 64 17 2166 50 0 2168 23 19 2173 28 6 2174 10 31 2177 2 31 2179 20 0 2190 0 15 2190 6 31 2196 70 16 2199 80 31 2201 94 18 2202 37 19 2204 31 11 2204 72 10 2211 3 28 2212 99 27 2213 82 16 2219 7 11 2221 98 4 2222 34 5 2225 3 19 2225 5 0 2225 14 9 2230 55 19 2233 73 27 2235 33 16 2236 40 21 2239 93 29 2241 56 19 2245 10 11 2248 58 28 2255 18 22 2259 100 13 2273 53 23 2274 87 9 2275 95 23 2280 32 30 2282 99 19 2283 22 8 2283 60 7 2285 7 16 2289 73 9 2291 72 2 2293 62 4 2294 41 3 2301 71 27 2302 25 28 2303 22 13 2306 63 12 2307 65 12 2312 22 30 2314 45 4 2315 38 5 2317 31 19 2317 66 19 2319 30 14 2322 0 19 2326 2 13 2328 74 23 2334 71 8 2336 10 10 2351 90 19 2357 60 21 2359 34 17 2361 13 9 2361 33 30 2372 9 31 2375 99 19 2377 28 28 2379 32 14 2382 10 7 2383 69 18 2383 93 3 2391 38 30 2392 91 26 2394 35 6 2397 27 0 2399 46 7 2399 72 11 2400 6 17 2401 8 3 2401 38 24 2402 50 14 2404 4 18 2408 82 4 2410 89 1 2411 13 22 2413 46 20 2414 8 10 2419 36 8 2424 21 3 2426 34 14 2426 83 0 2426 94 10 2427 80 13 2429 79 25 2433 93 18 2440 53 21 2442 28 15 2442 82 14 2445 2 12 2447 77 14 2447 88 11 2453 57 18 2456 57 30 2457 55 4 2458 27 25 2464 60 21 2469 87 10 2469 88 31 2471 67 4 2475 33 1 2475 91 19 2484 42 1 2484 76 4 2490 37 8 2491 17 17 2498 62 29 2504 39 14 2506 11 13 2508 94 15 2509 9 26 2513 1 10 2513 86 2 2515 45 30 2516 42 21 2518 31 10 2530 1 26 2530 74 1 2533 89 18 2535 0 12 2537 89 28 2539 33 10 2546 66 21 2549 16 19 2550 47 6 2553 32 1 2559 1 31 2562 100 23 2564 91 22 2565 66 22 2570 33 4 2578 16 13 2579 1 23 2582 47 0 2588 39 15 2598 34 24 2599 11 30 2606 1 14 2606 80 12 2617 21 27 2618 74 9 2619 57 27 2626 43 14 2627 98 25 2628 39 3 2630 30 24 2632 11 11 2635 62 5 2637 6 7 2638 4 28 2639 13 0 2640 6 9 2640 79 21 2644 9 11 2644 72 14 2646 39 15 2649 48 26 2649 72 26 2656 57 7 2662 51 8 2663 22 6 2671 64 31 2680 64 15 2680 74 12 2685 43 13 2695 30 14 2701 9 7 2706 31 30 2706 60 20 2707 57 20 2708 50 19 2708 99 12 2715 29 24 2716 38 9 2726 77 25 2731 0 15 2737 56 1 2742 0 14 2745 25 10 2745 32 13 2746 26 27 2748 87 10 2751 72 11 2752 39 28 2755 22 2 2759 16 2 2766 74 19 2768 28 18 2770 65 8 2773 43 1 2775 39 7
946 625 0.0001 72 62 27 72 70 12 80 8 13 80 85 29 85 61 21 90 83 17 90 92 8 95 99 8 99 58 24 102 73 15 102 89 16 104 14 10 104 35 7 105 28 18 106 55 8 109 65 1 113 64 19 115 38 1 116 97 15 117 69 23 119 47 24 120 42 30 121 96 0 138 44 28 138 83 30 139 97 30 146 0 7 146 10 3 146 82 17 147 90 27 151 98 8 154 65 10 155 4 30 158 5 28 160 34 11 164 68 16 167 5 25 168 34 19 169 61 12 171 17 25 174 44 20 177 90 1 179 29 16 181 15 9 189 97 2 193 31 1 196 85 4 200 8 1 203 47 20 206 41 12 208 53 14 209 16 6 212 83 14 214 1 6 216 33 3 217 91 20 219 81 27 223 23 28 223 94 9 223 94 22 224 81 13 230 76 1 231 88 29 233 13 30 233 31 16 239 16 0 249 31 13 250 12 22 255 36 2 258 85 22 260 24 20 265 76 22 283 46 2 287 14 5 288 95 10 293 93 27 295 72 11 296 43 8 298 80 10 304 19 24 304 50 31 308 54 4 318 26 22 322 9 2 324 49 1 324 89 0 328 8 21 328 93 8 330 70 28 332 70 31 334 12 27 335 38 20 341 57 15 342 78 16 347 69 14 351 6 19 351 68 30 353 13 4 353 28 22 355 85 4 357 65 28 361 96 14 363 62 29 368 96 0 369 59 13 370 23 3 371 73 2 374 27 13 377 90 12 378 10 20 378 95 12 382 40 28 384 9 23 384 31 24 384 77 0 385 69 25 388 34 22 389 94 0 408 26 18 413 27 10 432 4 4 432 59 12 437 13 19 437 95 2 439 16 6 442 1 3 444 36 17 445 14 20 445 76 31 446 93 22 452 62 4 452 91 2 456 66 6 465 88 14 469 61 1 472 97 18 473 38 18 477 72 2 478 83 5 479 90 1 485 8 19 489 30 10 492 14 19 495 69 17 496 20 5 496 66 23 500 24 21 505 43 19 507 32 20 510 91 13 512 55 22 512 77 16 515 82 26 516 55 17 522 62 5 522 100 12 525 87 22 529 98 8 544 2 23 545 29 23 549 17 20 555 35 22 559 63 12 567 29 29 567 43 15 568 36 4 581 3 21 583 54 24 590 95 12 593 65 29 598 3 22 598 23 30 606 71 22 607 39 20 611 68 13 617 57 24 618 89 20 618 95 31 619 79 4 621 56 28 623 1 6 623 74 5 624 19 16 626 21 25 636 81 0 640 3 17 641 78 15 643 24 15 652 59 27 657 23 17 669 75 9 675 23 31 679 33 23 684 72 22 684 84 13 687 64 5 693 22 23 699 42 21 699 80 17 701 54 21 715 52 28 716 18 11 716 93 31 717 89 13 719 61 8 721 69 28 723 33 4 724 28 6 726 78 5 727 65 4 733 66 13 734 56 6 755 17 11 756 5 25 762 13 30 771 11 24 772 29 2 772 98 1 773 65 1 783 88 2 786 50 10 788 84 21 790 8 26 791 3 11 793 28 14 797 65 19 810 89 1 811 2 21 819 47 16 820 14 3 821 63 2 822 39 31 831 46 7 842 93 11 844 94 13 846 63 29 847 50 12 847 68 26 852 62 26 854 10 17 855 36 25 857 79 14 859 4 18 860 68 12 868 12 5 869 36 13 871 60 8 872 28 31 876 73 24 879 12 5 885 54 7 888 21 20 890 4 1 893 0 31 893 6 23 894 69 15 900 79 15 903 16 17 903 25 26 907 18 23 913 34 18 913 64 31 913 77 28 920 65 22 927 1 13 929 33 13 930 35 11 933 22 15 937 83 10 941 79 5 949 93 28 950 61 2 952 52 9 953 25 25 955 11 5 956 68 25 956 90 22 961 96 25 964 39 2 969 99 14 970 22 28 972 6 4 974 99 8 982 31 8 983 48 30 984 13 24 985 13 11 989 98 23 992 76 2 997 75 30 1001 32 2 1004 1 14 1010 26 25 1011 33 26 1013 49 2 1014 93 4 1015 19 9 1018 71 22 1021 37 5 1024 21 9 1024 94 26 1031 37 28 1036 9 29 1808 86 15 1815 20 0 1821 27 24 1823 43 1 1824 67 4 1829 87 22 1831 29 10 1841 35 0 1846 13 1 1856 88 22 1858 56 17 1863 83 29 1868 68 19 1875 94 7 1876 49 23 1882 80 12 1886 19 30 1888 67 24 1894 41 2 1909 28 18 1911 65 30 1917 50 19 1923 7 4 1924 86 27 1926 52 18 1927 31 10 1927 78 17 1927 91 31 1928 7 7 1928 27 17 1931 17 26 1933 44 11 1936 84 1 1939 79 20 1941 63 26 1941 100 12 1944 31 1 1946 41 13 1947 81 25 1950 29 12 1953 66 12 1956 100 25 1957 58 13 1957 69 27 1958 18 13 1958 90 30 1962 51 31 1967 91 23 1968 7 26 1971 21 16 1972 12 18 1979 92 13 1981 29 13 1981 55 25 1982 78 1 1984 27 28 1993 49 6 1994 11 31 1994 52 15 1997 24 28 1998 77 5 1998 89 11 2000 0 13 2006 33 16 2007 58 18 2011 38 8 2020 46 4 2029 1 30 2029 86 20 2030 62 13 2031 57 21 2033 77 16 2035 99 25 2042 87 9 2046 15 28 2049 54 29 2053 4 26 2057 84 4 2069 89 28 2072 19 0 2072 95 21 2074 34 2 2078 16 2 2079 3 27 2079 28 9 2080 4 22 2087 4 13 2090 54 30 2091 91 23 2113 76 5 2116 26 1 2121 88 19 2125 27 14 2133 5 27 2138 54 6 2139 29 6 2139 85 13 2144 44 17 2146 86 16 2154 55 6 2156 59 7 2161 65 9 2166 80 6 2167 93 29 2172 60 27 2183 58 15 2190 31 5 2192 84 28 2193 20 6 2193 59 27 2193 70 5 2195 11 2 2202 93 31 2207 59 31 2207 88 22 2214 16 24 2214 75 6 2214 99 12 2216 18 7 2223 9 1 2224 24 11 2237 82 30 2243 40 26 2246 10 3 2246 42 14 2246 44 21 2251 31 10 2252 30 6 2252 44 0 2255 5 16 2256 78 13 2263 78 2 2270 98 9 2271 52 22 2275 18 12 2276 52 5 2280 9 13 2289 82 4 2291 71 22 2294 14 4 2296 5 24 2296 46 27 2298 84 27 2305 51 9 2308 92 10 2310 52 5 2314 0 3 2314 60 31 2315 76 17 2317 60 13 2318 43 0 2318 71 28 2318 73 1 2319 35 10 2324 43 27 2325 34 14 2327 98 7 2330 9 26 2330 97 25 2331 25 12 2333 37 14 2333 52 21 2338 70 9 2340 22 20 2340 64 14 2340 94 24 2342 93 4 2348 79 10 2351 64 27 2356 21 27 2359 56 28 2362 73 30 2367 54 13 2373 72 27 2375 84 16 2385 24 22 2385 53 22 2389 86 8 2390 100 8 2392 58 28 2393 75 7 2393 75 10 2396 65 8 2396 65 23 2397 91 3 2398 100 3 2399 9 12 2402 44 15 2409 68 30 2411 14 2 2417 20 22 2417 98 16 2419 3 13 2422 89 12 2424 35 7 2425 36 31 2425 98 11 2426 26 14 2426 61 24 2432 16 20 2437 53 28 2445 19 23 2447 65 21 2449 25 15 2452 12 17 2453 0 25 2457 69 27 2461 7 9 2461 93 15 2463 11 0 2463 33 4 2466 64 3 2467 14 15 2468 36 28 2470 94 17 2475 12 25 2478 25 15 2479 13 2 2485 74 29 2489 27 4 2503 38 10 2503 86 17 2504 26 1 2504 59 11 2504 90 18 2505 77 20 2506 75 10 2511 56 3 2514 35 11 2515 26 17 2517 45 4 2517 62 19 2518 100 14 2523 79 11 2525 29 11 2531 41 8 2533 51 9 2536 55 25 2537 100 21 2547 3 0 2549 68 4 2550 44 29 2553 28 16 2555 25 15 2556 9 2 2556 87 20 2557 12 27 2560 14 24 2560 100 25 2561 77 3 2562 90 24 2563 85 10 2565 42 29 2565 97 23 2568 12 10 2568 64 17 2576 61 8 2576 93 8 2577 9 27 2581 5 24 2584 100 11 2585 21 18 2586 16 19 2588 62 20 2589 70 21 2593 56 5 2597 63 28 2599 42 12 2599 73 30 2599 91 8 2600 0 0 2600 25 2 2609 65 29 2611 40 1 2612 27 8 2612 93 20 2614 25 7 2614 26 25 2625 32 5 2628 90 24 2629 60 28 2631 34 10 2632 54 21 2639 93 28 2642 51 0 2643 69 26 2651 66 12 2652 3 31 2653 70 13 2656 21 31 2661 60 4 2666 30 27 2683 14 18 2685 23 14 2686 78 18 2687 55 20 2689 44 30 2689 85 8 2703 2 0 2713 12 20 2714 66 29 2723 74 29 2726 96 0 2729 46 30 2729 73 18 2730 42 1 2736 32 19 2747 5 2 2748 31 15 2748 42 28 2748 56 15 2755 7 6 2755 93 12 2758 29 31 2758 65 18 2764 48 15 2767 74 29 2768 16 25 2768 47 3 2769 32 5 2774 100 14 2775 62 12
947 625 0.0001 74 86 1 75 23 6 76 52 20 80 71 15 85 87 2 89 30 3 94 59 23 95 67 16 100 98 13 102 56 9 109 62 17 115 4 28 124 9 9 129 19 6 130 83 12 132 25 25 140 48 20 140 54 0 144 23 16 149 12 6 150 63 28 154 89 8 158 50 7 159 58 15 164 57 21 167 46 1 170 14 24 173 35 23 177 65 8 179 35 0 182 73 2 183 82 30 187 73 20 193 14 15 196 75 25 200 57 1 202 56 6 204 11 13 206 56 7 209 62 1 215 89 0 227 18 13 230 36 12 231 17 11 231 59 24 234 83 5 240 89 11 242 35 21 244 51 27 247 82 21 256 37 1 257 89 22 270 4 4 270 31 26 272 92 21 275 35 1 275 41 8 276 33 1 278 79 1 280 11 31 281 3 23 282 34 4 285 33 30 298 52 14 298 97 27 303 24 14 306 1 5 311 58 29 312 16 27 314 67 21 318 77 5 319 53 20 324 82 24 325 84 13 326 40 16 329 85 7 335 48 26 337 44 29 341 32 24 343 53 6 347 25 29 352 86 31 354 98 31 356 84 6 357 4 9 357 91 8 368 49 24 374 95 6 380 85 10 381 86 24 385 2 19 385 36 3 385 68 20 398 42 21 400 72 23 407 54 15 407 91 26 414 28 29 414 40 18 420 0 3 422 28 22 427 81 19 428 72 12 431 20 27 431 38 8 431 75 27 432 11 19 434 92 20 435 94 2 438 18 27 444 15 27 445 29 23 445 82 31 448 45 0 454 37 5 454 71 10 457 82 2 458 21 22 460 63 4 461 83 15 464 45 5 468 16 30 470 72 21 470 89 18 474 42 11 478 23 14 480 13 25 481 46 30 481 94 3 492 63 25 496 2 28 496 14 15 503 71 23 504 21 11 505 26 8 509 50 8 510 63 20 513 79 11 514 19 29 516 68 1 523 18 16 524 15 14 524 15 21 524 62 6 524 92 3 529 48 10 530 82 23 533 15 18 539 97 17 547 75 5 555 83 1 556 47 9 561 50 29 563 72 2 570 69 26 573 0 5 573 91 1 577 87 16 579 78 17 580 37 26 586 72 17 588 26 8 593 71 23 595 36 0 598 2 1 600 95 26 603 73 26 603 86 10 606 24 5 608 49 27 610 80 28 611 73 10 615 38 9 617 67 25 618 15 30 620 29 13 620 60 31 623 47 13 634 45 19 639 63 19 640 22 1 640 53 8 641 23 0 642 57 23 645 85 17 647 51 25 649 2 11 656 25 4 660 64 15 661 60 14 669 13 21 672 48 12 673 36 14 673 80 14 675 17 2 678 94 1 680 40 16 682 4 17 682 95 9 689 70 7 692 91 6 694 78 24 697 1 31 702 37 21 703 59 12 704 25 10 705 58 16 705 87 30 710 46 16 712 13 14 714 27 13 721 15 23 725 23 20 726 5 19 731 4 15 732 34 31 735 98 27 744 17 27 744 99 19 756 32 19 759 84 5 760 86 27 764 23 11 765 42 3 765 49 31 766 62 6 773 26 18 778 90 1 783 14 13 789 24 31 790 60 0 792 63 0 793 46 13 800 27 31 803 76 30 809 59 4 810 76 25 811 9 15 811 33 0 811 63 0 813 88 22 820 46 31 828 39 22 833 26 26 836 13 25 836 42 8 837 57 16 850 3 11 857 21 19 859 65 1 862 91 14 870 54 15 873 46 15 879 98 20 890 19 27 891 95 25 892 31 29 892 46 26 895 45 21 901 88 5 903 15 14 909 36 24 911 3 31 914 58 10 917 20 13 917 98 13 920 71 26 929 100 6 930 63 7 940 17 23 942 73 15 944 4 23 945 24 0 945 82 16 946 3 22 954 90 26 955 78 15 965 39 17 967 77 27 972 36 18 972 73 29 979 4 2 979 98 6 990 59 19 991 28 27 996 94 23 999 6 6 1010 35 20 1010 70 31 1013 2 25 1014 3 12 1016 7 20 1019 17 17 1019 98 31 1020 65 15 1021 70 29 1024 11 4 1024 72 2 1027 79 15 1028 97 3 1031 1 5 1034 26 4 1034 55 5 1034 85 13 1037 22 9 1038 23 19 1038 40 15 1038 51 0 1808 87 16 1808 100 25 1813 54 25 1814 74 15 1814 77 26 1816 69 9 1817 61 15 1819 14 27 1822 54 31 1823 10 10 1841 96 3 1843 57 6 1845 42 17 1848 61 11 1849 97 12 1851 43 8 1860 71 16 1862 32 8 1866 59 22 1867 1 17 1872 25 5 1874 17 16 1875 11 7 1875 99 23 1878 55 21 1881 38 6 1885 35 22 1894 12 8 1901 55 30 1902 38 3 1904 51 10 1905 12 18 1905 51 7 1905 58 13 1906 42 15 1909 79 19 1921 76 0 1921 98 21 1940 49 5 1942 7 7 1949 42 26 1951 56 7 1954 35 31 1954 96 19 1960 8 21 1960 50 11 1963 34 28 1968 66 5 1971 18 10 1979 45 17 1984 32 0 1985 34 1 1986 10 17 1989 9 11 1990 46 17 1996 19 9 1998 8 16 2002 62 15 2003 98 0 2006 51 7 2007 100 26 2016 14 20 2016 72 17 2017 12 16 2018 65 17 2022 68 15 2023 82 22 2027 41 30 2030 81 17 2031 16 22 2037 48 22 2041 15 5 2052 33 18 2055 58 9 2061 94 5 2068 70 22 2069 5 13 2070 9 28 2074 75 19 2075 66 11 2078 73 6 2080 24 24 2080 100 25 2089 85 6 2092 4 16 2092 51 6 2092 55 18 2094 15 3 2095 48 26 2100 76 0 2102 100 3 2110 3 20 2111 41 13 2113 96 13 2114 48 3 2120 61 14 2130 28 13 2137 76 13 2139 22 18 2143 89 5 2150 80 23 2151 45 21 2153 3 24 2154 41 29 2155 60 1 2156 54 3 2166 30 12 2170 100 29 2172 62 18 2175 41 3 2175 85 25 2184 20 30 2184 44 24 2184 71 8 2185 23 19 2191 24 25 2192 15 19 2192 62 19 2193 80 26 2194 30 4 2194 90 23 2202 99 10 2206 14 2 2206 17 25 2210 29 15 2212 78 7 2214 84 24 2226 7 20 2227 68 5 2230 57 29 2238 25 11 2242 98 18 2243 44 16 2243 96 11 2244 39 4 2246 71 5 2250 85 21 2251 70 25 2254 21 17 2258 20 30 2261 43 28 2273 59 9 2274 37 1 2275 23 21 2276 61 3 2279 92 31 2280 28 12 2283 95 24 2285 70 31 2289 100 6 2290 10 5 2292 100 13 2298 62 11 2306 4 14 2308 75 5 2310 66 12 2313 22 14 2314 1 29 2314 99 2 2315 75 17 2315 98 16 2320 78 21 2322 37 29 2323 98 21 2326 22 3 2330 44 21 2341 84 7 2343 35 22 2359 9 8 2363 69 6 2366 45 29 2370 56 27 2375 12 10 2377 94 22 2384 62 26 2390 95 26 2393 46 24 2393 79 24 2395 7 23 2398 65 28 2399 10 31 2399 51 15 2404 11 6 2404 50 29 2406 93 15 2408 83 1 2409 76 13 2427 10 2 2429 27 18 2429 45 28 2432 81 19 2440 45 3 2440 60 17 2444 5 5 2450 97 18 2453 28 18 2462 74 2 2464 47 2 2465 39 10 2465 57 17 2465 60 17 2466 9 10 2468 54 21 2469 39 16 2472 3 5 2472 91 8 2482 8 7 2484 57 19 2488 82 27 2490 78 4 2492 68 4 2494 99 1 2495 56 21 2499 39 20 2499 47 31 2504 82 15 2508 50 29 2513 56 18 2513 84 19 2513 99 29 2518 78 30 2524 7 15 2528 92 29 2533 62 17 2542 46 15 2546 39 0 2547 79 1 2550 42 12 2550 78 27 2551 94 5 2552 62 21 2553 92 21 2555 84 19 2559 67 10 2564 83 7 2566 99 19 2567 61 28 2568 81 9 2576 87 7 2581 54 26 2582 5 29 2584 35 17 2585 35 19 2586 57 29 2589 8 5 2590 9 2 2591 51 4 2592 56 16 2593 16 26 2594 67 3 2595 78 21 2598 63 0 2599 77 1 2603 44 26 2603 51 18 2607 89 23 2612 82 19 2613 55 14 2615 65 19 2617 74 31 2618 0 5 2624 35 24 2632 31 24 2637 37 1 2640 15 23 2640 79 11 2641 49 5 2643 51 31 2646 20 17 2647 97 30 2648 50 17 2652 42 4 2653 74 28 2663 0 30 2663 98 15 2678 36 19 2683 21 12 2686 37 3 2687 41 29 2691 63 5 2693 64 3 2698 5 23 2699 26 24 2701 29 2 2710 75 13 2719 80 27 2721 46 16 2722 57 29 2733 4 14 2733 5 0 2733 19 9 2737 23 2 2740 82 19 2742 26 29 2742 97 31 2745 37 3 2746 9 4 2749 59 19 2750 20 9 2750 54 9 2758 99 14 2759 9 9 2761 33 0 2762 29 3 2763 94 10 2764 90 3 2765 12 0 2765 14 12 2765 26 9 2768 96 4 2770 34 23 2770 94 15 2771 2 0 2771 62 10 2772 41 13 2772 56 19 2773 95 5
948 625 0.0001 72 30 5 75 20 9 75 74 24 90 53 9 92 5 16 94 43 23 94 87 0 96 21 19 99 55 8 100 30 1 101 41 6 108 72 27 115 21 18 116 54 30 121 69 20 125 77 31 137 3 26 138 84 16 141 60 27 142 64 22 143 89 22 145 2 26 152 60 4 152 65 13 158 80 23 162 66 26 163 17 27 164 66 30 166 19 1 172 78 19 179 66 2 183 94 18 187 13 27 188 9 27 191 29 27 196 46 16 198 97 23 202 81 29 203 52 27 203 64 27 208 21 31 208 93 9 209 54 23 214 88 24 223 1 30 229 30 24 230 58 4 235 76 5 238 52 27 241 9 21 252 72 2 252 96 22 255 88 23 256 75 24 258 42 18 264 61 28 267 17 31 270 90 6 272 67 13 273 87 8 276 48 28 276 68 7 276 92 18 277 100 16 281 72 14 282 33 1 288 60 17 289 74 22 289 90 14 293 38 2 295 8 11 295 61 3 296 30 14 299 4 7 303 98 14 304 23 18 305 70 12 306 86 17 307 94 26 309 51 17 309 90 6 312 15 30 318 74 14 324 81 18 326 54 27 326 71 22 327 86 4 328 3 7 328 85 10 331 85 30 334 46 22 341 15 27 342 94 9 349 85 2 352 60 26 360 22 7 360 29 20 363 76 0 364 51 24 365 41 8 375 87 22 377 14 16 381 58 0 387 53 28 390 41 19 390 100 7 394 35 9 394 95 22 398 45 4 407 27 15 416 53 3 418 35 15 418 70 7 427 74 27 429 21 10 433 4 23 437 36 24 438 64 16 439 24 5 447 22 7 448 24 25 448 33 12 452 20 9 453 12 14 454 11 13 455 52 0 458 56 27 459 96 30 463 51 31 464 8 20 468 77 18 473 68 16 475 29 3 479 12 4 481 10 21 487 31 23 491 48 15 501 49 3 503 5 2 505 5 6 509 24 7 510 99 10 511 2 15 511 95 9 514 72 19 517 85 29 520 79 17 524 80 2 525 13 18 528 42 9 529 10 5 529 90 11 533 55 3 533 61 23 536 34 29 560 59 8 564 66 22 566 80 26 567 82 14 568 29 23 571 58 31 573 4 16 574 18 15 577 28 9 577 42 9 578 56 0 579 82 19 581 26 10 582 3 6 583 35 3 584 70 23 589 21 24 594 67 7 598 47 29 598 88 12 601 98 28 610 47 18 611 74 28 624 43 0 625 68 10 631 54 2 637 54 5 639 6 16 642 39 1 643 18 29 643 61 2 643 78 17 644 78 26 645 60 9 646 75 8 652 77 23 654 86 29 664 69 5 667 74 13 668 58 20 672 92 24 672 98 13 676 78 13 680 75 20 690 15 10 696 68 31 697 32 19 697 96 15 701 46 17 707 32 22 708 44 29 714 49 16 715 57 18 718 42 30 721 36 13 722 75 4 724 53 26 731 45 23 734 20 30 745 79 14 749 80 2 751 37 7 754 6 13 758 63 11 758 94 25 759 71 21 764 25 10 765 6 7 765 96 1 788 15 7 791 35 3 792 16 10 792 99 20 793 14 6 796 11 13 799 9 11 799 75 25 799 94 30 804 92 9 806 37 6 810 49 18 814 37 14 816 96 19 817 28 22 823 28 29 831 5 2 832 20 15 833 81 31 847 27 9 849 53 12 849 62 31 850 74 14 858 8 14 858 64 30 859 100 10 860 69 12 866 64 3 868 97 8 877 4 11 880 8 10 882 97 17 883 18 22 889 37 11 890 40 8 898 11 5 900 0 10 903 67 11 903 95 17 904 9 19 905 85 13 906 3 31 906 88 18 908 11 12 913 22 31 914 20 10 915 60 9 916 44 25 917 63 14 918 77 23 918 86 26 918 93 0 919 54 26 923 89 26 925 94 11 928 38 0 931 89 10 947 35 1 951 12 16 951 15 27 951 49 10 952 98 24 954 17 30 955 24 28 955 96 22 959 71 21 963 67 8 966 38 26 971 21 29 984 36 6 1004 54 23 1006 64 29 1009 53 11 1009 76 8 1011 53 30 1017 47 13 1017 67 20 1018 68 18 1025 76 6 1028 97 17 1029 6 7 1030 5 13 1030 51 9 1031 48 31 1032 45 15 1033 93 26 1035 34 19 1035 96 8 1038 58 3 1812 46 8 1815 15 19 1825 16 29 1826 88 25 1827 6 28 1830 63 4 1839 49 14 1839 89 27 1848 46 16 1851 20 3 1851 33 22 1855 46 11 1859 42 28 1865 57 3 1869 40 9 1873 56 3 1874 15 14 1877 38 26 1880 7 25 1881 25 4 1881 96 6 1885 97 31 1888 24 18 1893 12 31 1893 28 10 1895 95 0 1901 89 30 1907 63 31 1914 68 8 1917 5 5 1917 68 0 1918 98 11 1922 37 0 1922 47 11 1925 32 26 1926 50 30 1929 90 26 1930 92 6 1931 18 8 1931 24 21 1939 29 15 1947 50 18 1948 16 20 1951 61 28 1951 73 11 1951 89 22 1952 9 22 1955 95 18 1957 77 2 1959 19 27 1962 27 6 1962 38 27 1966 71 25 1968 49 3 1969 1 23 1971 56 0 1973 32 21 1973 99 27 1974 20 15 1974 100 5 1977 94 0 1981 85 26 1995 18 20 1995 55 25 1995 100 22 1996 3 16 2002 2 22 2003 66 12 2007 4 30 2008 37 5 2011 41 15 2014 86 22 2016 30 12 2018 66 28 2022 45 0 2024 56 23 2037 26 28 2038 45 29 2039 32 3 2042 63 31 2044 25 10 2044 27 3 2056 71 30 2060 57 31 2063 20 5 2063 80 10 2064 75 6 2078 48 7 2078 56 0 2078 88 13 2083 24 30 2088 18 18 2091 32 0 2092 91 14 2094 0 11 2099 72 30 2102 16 5 2103 21 6 2103 55 2 2105 34 12 2105 77 30 2114 9 16 2114 21 11 2114 21 22 2116 74 11 2117 34 1 2120 58 28 2130 16 19 2132 53 20 2143 24 25 2154 2 9 2156 61 29 2161 15 21 2167 41 5 2168 53 9 2170 46 17 2178 44 1 2179 41 19 2184 3 18 2185 65 25 2187 19 4 2194 71 12 2194 75 17 2201 43 18 2203 14 5 2203 31 6 2204 76 9 2205 81 30 2207 20 26 2209 91 30 2213 63 10 2214 89 28 2216 13 17 2216 29 18 2217 56 10 2219 73 3 2221 85 10 2225 5 17 2229 54 17 2230 33 29 2231 72 17 2232 65 17 2234 22 21 2237 22 29 2237 58 10 2238 89 2 2239 53 4 2240 41 29 2241 80 20 2247 2 5 2250 71 12 2252 36 26 2254 28 0 2255 59 4 2256 11 14 2258 57 26 2260 97 9 2264 96 23 2273 90 27 2281 79 8 2285 52 16 2286 24 9 2294 58 30 2295 67 17 2297 24 1 2302 94 1 2303 2 31 2304 32 23 2312 43 18 2313 73 23 2314 25 11 2315 14 1 2325 5 7 2325 41 26 2335 38 21 2335 92 0 2336 23 28 2336 88 12 2338 9 9 2339 46 7 2340 28 9 2342 11 27 2342 20 17 2345 37 4 2346 6 18 2346 36 23 2347 96 2 2352 82 7 2352 89 10 2360 95 29 2361 52 3 2362 3 4 2363 80 9 2364 84 7 2370 35 21 2381 28 10 2388 53 14 2390 98 22 2393 53 3 2394 3 30 2400 50 28 2405 94 17 2412 95 5 2416 98 21 2418 52 19 2423 68 14 2425 36 7 2427 11 13 2428 79 27 2433 39 11 2437 94 18 2441 67 18 2445 93 22 2446 75 0 2460 84 27 2462 23 22 2465 9 15 2466 27 26 2466 36 15 2468 87 25 2475 32 15 2477 5 31 2502 90 3 2505 26 11 2508 66 8 2509 87 26 2515 99 14 2516 7 26 2517 34 17 2519 61 28 2520 60 10 2527 45 20 2527 100 0 2529 75 16 2529 97 2 2533 46 26 2534 97 19 2536 65 8 2542 37 9 2542 60 17 2548 36 18 2551 12 9 2559 96 15 2560 5 13 2563 20 3 2572 99 2 2574 21 15 2574 95 22 2576 15 15 2576 26 24 2576 55 21 2584 43 21 2589 89 10 2596 8 28 2596 87 23 2597 69 23 2600 42 21 2605 85 23 2611 94 2 2614 42 7 2618 93 17 2623 65 7 2626 65 9 2627 43 10 2631 58 11 2634 46 10 2638 12 31 2639 28 17 2647 61 10 2652 40 4 2656 12 27 2659 10 0 2665 36 10 2667 42 18 2669 28 29 2673 1 9 2676 3 9 2677 50 8 2684 12 31 2685 84 9 2690 1 25 2693 2 11 2693 47 9 2693 72 31 2695 78 13 2697 86 24 2705 81 30 2707 85 21 2713 66 9 2715 87 20 2717 83 11 2718 85 25 2722 10 22 2725 18 17 2736 28 19 2737 43 16 2740 4 29 2744 19 16 2746 79 24 2748 43 31 2748 90 13 2750 50 19 2755 62 25 2755 97 23 2757 25 6 2757 77 10 2758 7 15 2759 83 0 2764 14 10 2765 82 14 2770 22 8 2773 48 15
949 625 0.0001 78 86 26 81 79 17 84 86 9 89 40 2 92 72 23 93 96 12 97 46 14 97 62 2 98 49 7 100 25 22 100 51 2 102 69 17 110 10 18 111 24 6 111 95 15 114 49 31 119 56 31 126 30 7 127 76 5 128 26 5 131 77 8 132 5 11 136 48 7 138 7 17 138 40 6 143 64 22 143 95 12 146 2 17 149 46 8 150 79 21 152 71 18 152 88 31 153 39 11 154 70 26 156 73 28 158 3 25 160 92 10 163 13 16 165 60 25 165 81 3 167 85 12 169 19 1 179 53 5 180 34 9 183 41 17 186 86 11 187 3 30 204 55 19 223 57 2 223 89 23 231 25 23 238 97 28 245 1 22 249 50 0 250 37 25 250 79 9 252 100 2 253 0 5 262 87 26 268 83 24 272 23 6 272 75 21 273 14 12 277 46 13 279 50 8 285 35 31 288 64 4 290 82 9 291 69 4 292 69 11 294 12 21 294 68 9 296 71 9 307 2 4 308 14 14 309 2 13 323 12 27 323 74 30 325 29 0 326 58 17 331 58 31 335 57 6 335 69 16 338 86 3 342 37 5 343 47 15 346 40 8 352 13 19 357 21 7 357 69 15 359 40 8 360 52 12 370 81 2 371 52 13 374 91 8 380 75 6 384 0 26 384 73 5 395 86 12 400 27 24 400 96 14 404 79 13 406 84 12 408 73 10 409 47 30 409 95 24 417 16 29 418 91 7 423 54 31 425 66 31 428 33 28 431 15 30 433 22 5 433 70 7 433 74 9 434 43 26 435 83 18 436 32 29 438 24 14 445 9 10 447 58 11 447 69 10 456 37 18 457 6 26 457 38 1 461 37 26 464 16 25 464 17 19 464 90 22 471 47 26 474 63 21 484 18 11 484 71 31 495 2 21 499 1 6 500 49 25 502 9 4 502 41 31 504 56 7 506 69 4 509 50 6 510 73 20 512 50 5 512 54 6 513 82 21 527 51 12 529 35 16 534 21 26 546 82 18 549 48 9 551 82 7 554 54 22 558 32 25 564 70 0 565 15 1 567 5 26 568 35 11 578 55 8 579 77 12 582 20 2 584 27 25 588 30 0 589 42 22 606 72 7 612 59 22 615 18 7 616 38 5 616 79 13 617 18 19 619 70 8 621 5 6 621 56 12 623 89 2 625 74 15 627 14 5 627 67 18 628 38 31 630 67 18 634 79 12 635 36 23 636 59 12 640 70 9 641 47 4 641 74 30 641 85 17 643 66 14 644 19 25 656 23 4 669 84 23 672 44 13 673 39 15 674 12 9 675 7 11 678 39 24 680 22 27 684 98 12 685 23 3 686 93 2 690 15 28 692 31 18 692 67 4 698 100 29 713 72 30 715 32 6 721 72 19 724 65 18 726 49 26 726 86 31 731 19 26 734 46 15 737 10 0 743 91 28 750 4 13 754 7 4 755 27 29 756 81 30 758 90 8 759 55 5 761 69 30 761 91 11 763 68 6 764 17 22 778 20 22 780 42 6 783 44 21 788 71 6 793 64 24 796 93 13 797 61 30 800 8 12 801 33 31 805 21 15 808 76 6 809 17 5 814 21 25 814 63 11 815 47 20 820 69 29 822 29 26 822 48 1 831 24 18 838 25 8 840 59 11 845 67 0 849 9 23 854 56 3 856 47 6 856 61 23 863 52 12 865 22 11 866 85 21 873 17 18 874 31 26 876 15 13 877 54 4 878 63 15 880 67 22 884 1 19 898 83 3 905 50 13 908 28 13 909 42 5 909 94 30 910 81 13 918 30 27 919 68 24 920 25 19 920 93 24 921 4 3 921 52 20 922 85 4 923 43 8 924 31 17 925 55 29 929 82 31 931 8 10 931 33 7 933 81 8 943 85 3 954 82 13 958 77 13 963 76 7 965 6 9 972 31 30 977 35 16 977 95 22 979 59 5 981 15 14 984 12 4 995 2 30 996 26 10 997 55 11 998 59 31 1001 100 10 1002 21 22 1009 97 27 1010 94 11 1016 79 30 1021 68 13 1022 4 31 1034 72 5 1037 89 13 1808 55 23 1814 47 27 1818 10 5 1819 97 22 1822 75 2 1823 28 6 1824 58 20 1825 64 19 1830 97 30 1831 17 17 1832 79 14 1837 65 10 1846 53 16 1847 17 19 1847 91 9 1848 93 3 1851 5 22 1851 30 31 1852 39 29 1854 14 29 1856 96 8 1862 7 6 1863 53 12 1867 83 10 1869 34 28 1872 87 31 1875 96 13 1884 15 19 1899 64 26 1904 12 2 1904 15 6 1906 93 21 1907 53 17 1917 65 25 1919 3 28 1921 100 6 1931 7 1 1940 49 21 1942 26 31 1943 36 7 1943 78 15 1955 35 10 1968 50 11 1972 77 8 1974 16 11 1977 95 30 1978 15 2 1980 79 15 1982 39 5 1982 93 0 1983 48 27 1984 71 24 1986 80 14 1987 25 0 1990 29 17 1991 47 28 2000 18 10 2004 5 2 2005 60 24 2006 57 2 2016 45 20 2016 53 5 2017 96 27 2020 100 0 2026 89 30 2036 84 1 2036 88 26 2038 16 17 2039 9 19 2039 76 0 2040 46 27 2041 17 15 2044 63 2 2044 74 31 2050 15 2 2052 80 1 2060 17 2 2060 98 17 2062 84 30 2066 68 2 2069 9 24 2070 39 21 2073 68 17 2076 62 23 2086 49 27 2086 83 15 2087 59 4 2091 91 9 2093 0 9 2095 59 2 2097 28 3 2097 43 16 2097 69 21 2102 6 6 2102 26 13 2108 82 30 2110 86 16 2113 32 29 2115 26 7 2117 20 15 2122 81 19 2125 58 21 2127 3 23 2130 64 14 2132 64 22 2133 100 10 2134 10 31 2138 82 4 2141 75 20 2143 64 18 2144 45 30 2146 10 31 2149 93 21 2154 18 23 2158 0 19 2158 51 16 2161 23 25 2162 33 20 2168 17 13 2178 78 17 2180 56 0 2181 5 11 2182 41 5 2184 45 27 2187 54 24 2192 44 7 2193 80 15 2196 27 28 2197 63 9 2199 11 29 2199 35 25 2199 54 29 2204 39 3 2205 30 1 2206 21 9 2208 11 6 2208 13 5 2214 21 24 2215 19 18 2221 25 21 2222 7 26 2234 12 22 2239 8 0 2246 1 26 2246 73 23 2251 15 23 2258 94 4 2263 74 14 2264 45 21 2268 74 16 2274 93 13 2282 97 17 2286 49 31 2288 7 18 2289 37 30 2290 96 14 2294 78 13 2297 74 24 2305 56 18 2305 99 29 2307 6 7 2309 24 19 2312 58 1 2313 52 29 2330 100 16 2331 65 6 2338 16 25 2342 55 9 2344 21 10 2344 46 10 2345 6 31 2345 91 2 2346 3 17 2347 9 0 2349 54 29 2350 87 27 2351 5 19 2351 70 9 2353 17 31 2353 85 10 2355 90 0 2357 92 29 2361 47 0 2362 45 10 2365 96 21 2367 99 6 2368 22 31 2371 35 15 2371 43 19 2371 81 23 2371 88 10 2374 63 18 2375 70 24 2376 33 3 2376 97 20 2379 58 16 2381 38 2 2381 86 14 2385 19 13 2386 82 25 2399 11 21 2401 2 13 2413 60 16 2415 70 30 2420 45 24 2420 69 2 2421 52 21 2426 8 12 2428 76 7 2428 85 3 2429 16 4 2429 17 8 2436 47 0 2437 62 10 2443 79 20 2448 78 8 2452 11 20 2453 78 12 2455 90 14 2457 9 6 2475 75 0 2477 27 29 2478 6 4 2482 69 24 2483 50 9 2483 91 2 2490 3 7 2502 65 30 2504 72 30 2508 42 6 2516 58 24 2517 44 19 2518 24 22 2518 56 6 2528 100 3 2530 38 27 2533 73 3 2539 3 17 2540 22 22 2540 37 11 2540 96 18 2545 66 21 2547 95 20 2557 44 20 2562 9 27 2566 34 28 2570 82 5 2573 23 12 2573 98 20 2577 38 25 2579 28 17 2582 77 1 2584 49 15 2585 24 12 2586 30 9 2598 16 26 2599 66 4 2600 47 8 2602 25 9 2602 73 19 2618 3 0 2619 38 28 2620 59 5 2620 100 12 2623 67 28 2632 86 17 2634 1 0 2637 87 25 2639 66 13 2640 1 26 2643 30 14 2643 75 17 2648 45 28 2649 58 11 2651 47 30 2652 17 18 2653 77 27 2655 92 19 2660 33 1 2661 78 30 2663 86 11 2663 96 16 2666 34 31 2667 71 17 2668 20 9 2670 91 26 2677 21 2 2677 86 8 2683 31 14 2685 56 4 2689 100 3 2690 9 13 2692 67 17 2697 22 22 2700 11 29 2700 91 24 2703 84 4 2704 3 7 2704 18 7 2706 41 28 2707 82 8 2712 24 20 2712 96 17 2714 50 8 2718 47 26 2719 50 9 2725 14 6 2727 44 4 2728 5 17 2730 31 19 2736 53 23 2738 98 11 2742 94 2 2752 24 23 2755 93 30 2758 55 24 2759 20 9 2759 93 15 2764 80 23 2765 55 12 2766 37 30 2769 87 29 2772 25 22
950 625 0.0001 73 96 26 75 20 28 75 93 5 78 24 10 82 78 13 83 44 15 85 25 18 89 96 15 91 93 26 93 77 30 102 27 23 109 12 4 119 56 0 119 83 15 126 13 25 128 39 23 128 44 24 131 37 26 132 56 16 132 85 2 134 7 0 137 70 4 139 30 13 140 81 11 145 40 14 146 99 27 147 63 27 156 63 1 159 46 22 169 4 11 174 66 18 185 43 10 187 30 17 197 72 21 197 92 28 202 73 7 208 7 16 209 50 18 210 70 12 217 15 15 222 81 10 228 14 17 230 73 15 231 30 18 231 35 3 232 98 25 232 98 28 234 0 9 235 47 15 237 30 29 238 16 18 238 36 8 238 86 24 238 96 4 239 33 8 242 29 8 248 43 20 253 33 22 254 82 26 259 70 20 263 45 15 267 91 29 271 0 15 271 98 13 274 47 6 275 12 6 276 4 18 279 85 28 289 92 13 292 48 27 293 28 26 298 51 14 298 100 7 302 70 5 302 83 18 306 46 22 309 88 22 311 58 21 312 30 30 313 57 30 316 68 11 317 37 27 322 61 20 323 56 31 326 49 14 327 92 6 331 39 1 332 84 1 332 100 3 334 29 24 337 74 15 337 80 21 342 18 20 345 86 4 346 96 17 347 43 12 353 25 3 353 60 26 353 97 12 356 26 17 362 20 14 362 96 15 366 23 30 368 80 2 375 24 23 375 57 4 377 84 16 385 81 2 389 23 0 391 52 29 397 60 25 398 67 2 400 23 19 404 71 12 407 46 8 408 92 4 412 58 8 416 26 8 418 59 4 420 33 17 420 89 8 425 92 27 426 11 27 429 4 10 431 63 24 431 76 12 431 86 28 437 45 19 445 70 27 452 56 4 454 99 10 457 41 16 465 70 2 466 86 8 468 40 27 472 3 19 474 80 28 477 71 18 480 25 13 487 85 14 488 58 3 501 14 11 501 50 24 501 78 27 504 24 28 520 60 5 521 45 27 523 9 4 524 56 18 531 2 20 533 7 9 533 67 13 534 55 3 535 16 25 536 53 31 538 17 9 539 25 16 540 43 4 546 22 1 548 58 27 550 44 25 559 71 15 561 89 25 564 42 14 567 58 9 570 21 25 573 55 27 585 17 2 585 36 6 586 25 24 586 81 22 595 8 23 595 56 28 595 75 25 597 18 5 598 43 8 599 65 17 606 39 21 606 98 9 610 21 6 615 38 25 615 94 20 617 24 25 619 27 13 621 71 24 626 74 30 629 98 9 630 24 23 634 99 24 636 6 30 640 44 14 642 12 26 651 63 3 655 24 30 655 61 9 657 27 21 659 43 17 660 44 2 662 2 12 662 25 14 663 67 11 663 89 3 670 74 18 671 79 23 681 100 0 692 52 23 707 3 9 707 16 27 722 32 13 722 51 11 722 74 23 725 12 12 728 45 27 728 78 27 731 82 2 743 91 5 750 11 7 750 81 16 751 20 7 751 59 29 758 86 19 761 6 31 763 71 28 768 66 14 771 88 17 774 89 20 778 86 1 781 39 15 788 56 9 789 41 30 791 84 0 792 26 30 794 29 14 799 74 14 801 3 8 803 75 6 806 35 30 806 41 15 807 69 9 808 78 7 819 13 24 820 53 23 824 43 7 824 70 10 825 5 11 826 43 21 832 14 17 833 40 30 835 75 11 838 18 1 841 59 11 842 89 5 845 75 31 849 25 25 850 26 7 850 37 13 851 38 11 854 25 29 860 93 10 861 22 24 862 78 9 863 34 14 864 95 29 865 12 8 865 27 17 867 5 2 868 79 21 874 78 2 877 15 27 879 77 27 881 36 9 882 58 22 884 14 13 886 63 8 889 46 7 890 54 22 898 68 22 902 45 7 907 8 28 907 95 10 909 90 5 912 8 28 912 91 2 922 11 29 926 28 18 929 19 26 933 53 30 935 38 23 936 59 13 941 1 8 941 22 6 941 91 23 943 61 15 945 11 8 947 56 5 949 31 31 953 17 20 961 8 23 967 69 8 968 20 8 973 9 31 973 73 29 973 89 23 975 8 3 975 57 17 976 29 24 977 71 2 978 63 7 980 13 15 980 38 23 985 89 18 987 96 26 989 0 11 991 7 21 1000 16 17 1002 23 19 1003 8 10 1010 77 9 1012 96 14 1019 98 2 1020 29 8 1025 52 29 1026 84 15 1034 22 9 1034 83 2 1036 11 1 1808 49 4 1809 14 30 1812 45 12 1816 21 11 1816 78 0 1818 80 30 1820 76 8 1824 96 16 1826 57 4 1829 33 1 1829 45 8 1833 100 25 1836 73 18 1842 55 12 1847 15 31 1852 36 6 1858 56 1 1858 94 19 1864 0 31 1868 38 22 1871 30 28 1872 28 8 1872 55 4 1873 37 15 1874 24 25 1876 59 8 1876 70 12 1882 25 0 1882 47 0 1884 82 8 1888 86 30 1889 65 16 1890 89 20 1893 40 16 1901 96 15 1904 62 5 1905 65 15 1911 7 24 1915 42 19 1920 64 29 1921 4 18 1924 43 2 1930 17 21 1940 1 7 1941 34 25 1944 84 6 1947 25 23 1951 62 16 1952 68 11 1956 68 11 1957 8 3 1958 82 13 1959 94 30 1961 12 25 1964 49 13 1966 74 0 1973 7 2 1982 92 8 1988 20 5 1994 91 26 1998 50 29 2001 27 29 2003 19 4 2004 99 11 2010 62 31 2013 0 27 2013 70 29 2016 95 28 2019 18 5 2023 88 10 2025 23 16 2026 91 2 2029 37 2 2039 68 26 2041 32 31 2041 73 31 2043 33 11 2048 67 12 2051 36 31 2052 34 21 2056 23 1 2065 19 28 2068 88 8 2071 41 27 2072 40 6 2074 5 20 2076 42 12 2077 21 24 2078 38 28 2079 96 14 2090 0 21 2092 76 27 2094 8 15 2100 20 31 2108 37 31 2114 79 29 2120 51 18 2123 64 5 2125 1 4 2127 16 28 2131 21 19 2131 40 22 2134 77 19 2134 79 24 2135 93 10 2135 96 28 2137 9 23 2139 29 30 2143 6 23 2146 3 24 2154 91 12 2155 67 5 2158 27 19 2161 99 10 2165 13 18 2181 41 10 2182 23 15 2183 81 29 2189 28 23 2190 80 25 2191 5 30 2191 37 24 2191 52 1 2195 10 22 2195 66 24 2196 98 15 2198 83 11 2199 49 18 2201 76 4 2203 10 27 2203 78 15 2208 12 12 2208 91 5 2209 39 21 2209 67 4 2213 43 3 2214 88 20 2225 66 9 2226 46 22 2233 1 0 2234 54 2 2236 53 13 2241 32 3 2243 90 8 2248 36 19 2253 23 24 2258 0 3 2259 85 23 2260 26 21 2263 98 2 2265 43 27 2267 14 25 2269 66 6 2269 67 8 2271 95 17 2274 13 1 2284 62 11 2287 76 9 2288 13 24 2288 85 22 2298 2 0 2302 100 17 2304 84 26 2310 57 8 2310 95 8 2326 69 23 2328 6 12 2329 25 24 2331 5 12 2334 50 24 2346 11 26 2351 93 15 2353 3 25 2354 22 7 2355 100 11 2360 70 10 2364 20 9 2365 61 3 2367 51 31 2373 7 9 2373 9 1 2378 56 13 2380 2 13 2381 88 0 2383 40 0 2385 7 22 2385 75 23 2389 28 15 2402 51 10 2403 21 4 2412 58 1 2422 63 15 2425 62 15 2426 42 29 2426 90 22 2430 36 31 2430 83 21 2431 80 19 2434 14 3 2436 94 18 2439 29 21 2440 25 1 2444 80 25 2449 30 25 2449 37 10 2449 50 27 2452 17 3 2452 70 21 2464 63 26 2465 19 22 2471 34 23 2477 43 3 2484 30 9 2490 72 12 2493 12 10 2493 55 31 2503 93 31 2505 69 12 2506 55 29 2507 61 31 2513 67 4 2515 87 20 2517 25 4 2528 89 0 2533 13 17 2537 37 5 2544 68 22 2550 32 9 2551 15 16 2559 29 3 2559 45 11 2559 66 0 2562 39 9 2562 49 20 2563 62 27 2564 29 28 2565 95 11 2568 28 26 2575 21 19 2576 40 7 2586 3 1 2588 35 1 2589 84 13 2596 92 13 2596 98 26 2597 33 25 2600 89 8 2601 25 16 2601 72 15 2602 34 12 2605 5 29 2608 85 12 2611 47 10 2614 98 1 2616 100 22 2618 97 3 2623 44 16 2624 72 1 2631 85 9 2634 86 21 2635 76 30 2637 94 8 2641 55 4 2647 41 28 2651 5 0 2652 15 15 2652 70 17 2653 34 25 2655 9 6 2661 2 17 2661 3 7 2663 92 16 2666 1 9 2669 16 13 2672 1 26 2675 71 5 2679 33 2 2688 43 21 2691 30 5 2695 45 13 2711 5 20 2713 77 4 2714 5 5 2715 36 7 2719 77 3 2720 4 24 2723 97 16 2730 38 27 2731 42 2 2749 33 3 2756 17 4 2758 54 11 2763 0 22 2764 96 4 2770 85 14 2771 33 11 2771 96 9 2772 6 15 2775 17 25
951 625 0.0001 76 0 27 82 61 28 83 67 31 86 86 18 87 12 13 88 39 25 88 88 19 97 81 16 100 20 7 101 39 24 102 21 10 108 76 20 109 27 17 109 48 25 110 25 1 116 41 24 116 78 28 117 29 2 117 87 25 118 37 1 118 90 14 118 91 15 124 69 8 125 44 2 128 0 3 144 59 0 146 70 15 147 80 31 149 9 25 152 72 30 153 78 19 156 41 9 156 75 26 158 91 16 159 67 17 160 15 29 164 35 7 166 9 7 167 91 21 170 98 26 181 5 16 185 94 23 193 82 25 197 75 11 201 83 2 209 58 28 210 28 3 213 1 11 218 31 0 220 79 1 227 88 1 231 29 27 235 52 29 244 64 29 250 23 26 251 96 23 252 40 31 252 61 26 253 46 21 254 55 3 255 28 1 256 26 15 256 87 3 267 25 8 274 84 13 290 31 6 300 28 0 303 70 23 306 74 30 308 87 20 315 84 5 318 67 21 327 12 0 329 100 15 334 20 8 346 8 23 347 16 11 360 65 16 360 96 24 362 59 16 364 31 5 365 73 26 367 82 20 373 15 0 373 80 21 379 1 11 385 84 13 390 71 29 390 84 17 396 2 4 396 97 24 401 74 11 403 57 30 407 34 10 417 18 3 418 39 8 420 20 27 422 5 28 424 74 11 425 26 22 429 48 29 435 17 1 437 20 14 440 31 14 443 66 5 451 94 20 452 65 7 455 57 8 459 76 17 466 24 26 469 56 21 474 18 13 475 3 9 476 72 18 477 16 7 479 94 19 485 48 24 488 78 16 492 16 22 494 75 7 503 91 3 505 50 0 508 92 5 512 55 5 514 93 15 518 65 24 528 99 14 544 59 9 546 97 29 551 8 26 551 11 20 557 69 29 560 1 18 560 34 10 564 5 9 565 56 20 570 23 15 574 6 29 575 50 0 577 3 12 585 66 8 587 18 22 589 85 23 593 9 23 594 80 5 595 80 19 601 59 2 602 15 25 605 35 18 606 51 16 607 19 13 611 75 13 612 27 15 614 8 14 616 93 14 620 65 3 621 0 23 623 28 26 632 14 11 634 32 22 635 9 8 636 21 22 636 79 13 641 77 31 642 5 9 645 94 1 647 78 7 656 45 28 657 92 5 663 31 4 664 18 18 664 23 25 666 93 29 670 35 13 682 3 18 685 2 12 685 85 26 687 5 14 687 36 14 691 7 31 702 50 0 707 33 14 708 29 4 718 29 27 720 34 17 727 82 28 733 13 23 738 1 0 738 50 20 740 92 30 745 29 29 746 17 29 747 20 10 749 74 31 750 24 12 751 72 10 756 0 28 758 70 21 761 97 17 765 2 7 767 37 16 770 13 23 772 48 28 774 50 26 776 38 27 776 54 4 778 84 7 780 64 11 783 80 31 785 77 3 788 40 5 789 11 14 795 4 18 795 45 12 798 9 10 800 79 13 803 98 15 811 28 15 811 89 11 815 75 24 816 28 13 825 70 7 828 21 29 828 99 22 836 63 4 842 49 5 845 13 20 850 100 8 851 22 11 852 100 12 854 89 29 855 63 14 858 62 2 861 28 14 863 90 24 864 18 5 864 62 20 864 89 3 866 58 22 871 36 12 872 97 30 874 20 19 882 2 16 889 63 16 891 30 30 894 54 13 895 89 27 895 90 0 897 67 4 899 56 21 900 78 2 901 65 17 904 10 26 907 26 24 912 44 30 912 63 26 917 40 28 918 84 7 921 59 25 923 31 9 924 51 23 925 4 29 927 2 8 928 77 8 931 96 8 934 3 14 935 87 14 944 32 20 944 48 25 947 13 23 952 60 19 956 71 12 956 99 5 959 8 28 960 27 8 961 56 26 965 2 0 969 27 28 972 93 20 976 35 30 980 42 25 980 81 29 981 5 11 982 50 26 988 53 25 988 60 13 1002 3 31 1010 38 5 1018 61 21 1019 58 23 1019 84 30 1023 34 6 1039 24 8 1039 30 25 1810 9 20 1813 15 15 1815 6 12 1817 79 30 1819 24 14 1820 1 23 1821 89 1 1822 96 15 1823 75 13 1826 97 4 1836 31 10 1839 54 5 1842 9 18 1844 83 31 1847 65 0 1851 80 17 1853 59 27 1858 68 28 1860 17 18 1862 65 13 1863 24 20 1867 0 17 1869 35 9 1872 59 15 1874 28 9 1874 78 20 1875 33 28 1877 86 10 1883 58 16 1883 91 16 1884 19 5 1884 86 1 1888 58 21 1891 74 1 1894 2 24 1901 97 23 1907 55 17 1907 80 15 1909 1 25 1909 91 31 1910 18 25 1910 46 22 1914 61 25 1922 86 23 1923 3 5 1927 82 15 1930 3 6 1931 57 27 1937 21 11 1940 18 25 1941 91 2 1948 39 6 1948 61 29 1949 13 9 1949 23 11 1956 50 11 1959 26 9 1959 94 14 1960 98 17 1963 63 3 1972 38 15 1973 36 2 1977 83 19 1980 21 23 1983 91 15 1984 47 12 1997 58 11 1997 62 9 2004 0 22 2005 8 17 2012 64 17 2020 9 23 2021 19 21 2022 22 14 2025 77 10 2029 64 31 2033 90 11 2036 49 26 2038 44 20 2047 32 28 2049 23 12 2050 38 27 2055 91 25 2057 3 15 2057 44 6 2060 49 11 2064 11 7 2064 45 18 2074 0 22 2079 63 31 2083 20 22 2084 33 17 2084 63 16 2097 79 23 2098 35 6 2102 10 12 2105 63 30 2112 65 5 2124 36 29 2126 17 14 2127 44 10 2129 95 14 2130 31 30 2130 80 13 2131 57 8 2139 68 29 2141 9 12 2142 1 0 2143 4 10 2144 17 13 2145 6 8 2151 39 7 2163 36 5 2169 100 15 2171 24 18 2177 88 17 2180 54 7 2185 6 24 2185 90 19 2199 70 8 2213 36 27 2213 49 26 2214 8 26 2219 50 12 2221 26 9 2222 15 24 2222 33 17 2224 93 1 2226 44 16 2229 86 14 2234 72 31 2236 78 6 2239 36 17 2239 70 19 2240 79 30 2241 23 11 2247 40 18 2254 9 0 2254 85 28 2255 53 17 2257 4 10 2258 62 30 2264 35 0 2268 10 2 2279 7 3 2280 37 11 2280 64 23 2285 59 11 2291 3 29 2294 98 0 2295 98 29 2296 46 1 2297 46 24 2297 85 29 2299 3 24 2299 66 3 2306 0 19 2309 30 19 2310 9 19 2310 26 3 2313 93 23 2317 51 0 2318 61 6 2318 64 28 2321 51 7 2322 94 6 2329 31 18 2329 90 8 2333 19 19 2334 84 11 2334 84 12 2338 58 13 2350 49 30 2353 75 9 2354 16 26 2354 49 23 2361 82 12 2368 45 12 2370 94 17 2383 28 21 2383 42 20 2383 64 27 2384 74 28 2385 24 3 2386 16 15 2392 59 23 2394 18 1 2395 44 20 2396 40 20 2397 77 5 2399 7 12 2399 96 2 2405 35 26 2406 62 27 2406 88 9 2407 58 25 2411 58 15 2411 82 8 2421 32 18 2421 51 26 2423 84 19 2427 70 4 2428 75 31 2433 45 20 2437 15 31 2438 36 13 2442 48 24 2442 68 28 2443 100 23 2445 31 22 2445 37 16 2446 3 14 2451 85 0 2457 24 13 2462 97 18 2467 59 9 2468 62 25 2473 40 8 2475 86 7 2478 7 16 2478 16 8 2479 46 26 2479 53 30 2482 58 14 2483 67 9 2485 71 24 2486 25 18 2488 99 26 2489 59 10 2490 88 23 2494 53 9 2496 73 17 2498 0 22 2506 100 12 2509 18 1 2513 30 25 2522 38 27 2526 46 30 2527 25 25 2529 30 6 2530 2 1 2533 38 24 2534 0 17 2544 21 16 2545 11 7 2546 42 21 2548 76 9 2548 85 22 2551 33 14 2556 5 18 2558 1 8 2559 79 28 2563 34 1 2564 8 20 2570 60 30 2574 19 11 2577 70 7 2580 31 0 2585 50 8 2592 12 7 2592 75 1 2594 87 4 2595 7 19 2595 33 25 2596 9 12 2598 28 2 2599 70 21 2604 79 15 2605 17 23 2606 10 22 2608 28 2 2609 75 0 2615 54 13 2616 85 31 2619 22 20 2619 80 5 2623 60 12 2626 22 19 2630 51 24 2630 90 3 2631 9 28 2632 99 28 2636 46 25 2636 67 12 2636 88 27 2637 89 20 2639 45 6 2640 49 8 2641 68 6 2642 35 8 2642 100 7 2644 19 27 2645 13 10 2645 83 28 2645 93 25 2653 20 27 2662 55 24 2665 36 5 2673 24 13 2673 61 9 2674 97 20 2675 38 26 2676 68 4 2676 92 0 2686 5 23 2686 75 23 2687 4 4 2696 94 20 2699 86 14 2704 14 13 2704 21 1 2706 69 12 2708 23 4 2714 57 28 2718 10 2 2738 3 6 2738 67 30 2742 94 27 2752 77 9 2753 89 13 2757 96 28 2760 90 19 2761 41 11 2764 28 19 2764 91 15 2765 93 9 2766 40 28 2767 56 4 2771 94 26 2773 72 12 2775 83 5
952 625 0.0001 76 15 19 76 69 25 78 77 10 79 13 31 84 79 12 89 41 24 89 97 29 104 61 12 107 87 4 108 74 5 112 72 29 126 3 6 128 0 22 130 27 17 130 42 0 140 22 18 140 79 15 140 84 27 143 13 18 144 43 25 149 31 6 149 57 14 154 24 31 154 96 10 155 55 3 157 69 26 160 23 26 162 40 26 163 14 25 163 78 26 173 3 10 178 94 29 181 85 13 182 21 13 182 29 27 188 97 31 193 46 21 194 62 16 198 45 13 199 5 5 204 66 10 207 32 24 210 15 8 210 70 22 217 23 0 221 6 25 221 50 31 225 94 6 227 65 31 228 64 20 229 97 0 232 47 12 233 55 24 234 34 31 236 49 13 237 69 2 239 93 9 240 28 24 243 49 27 243 90 1 243 95 6 251 17 25 254 13 28 256 27 9 256 36 6 256 82 4 265 28 21 270 1 29 272 88 14 272 93 8 273 57 3 284 51 2 285 56 27 287 1 22 290 41 13 291 90 14 293 52 13 300 53 16 301 14 7 303 87 30 306 60 13 308 1 20 312 39 29 313 56 16 314 28 5 316 43 11 323 67 23 325 65 31 326 13 30 333 12 16 334 18 2 334 53 4 340 40 3 340 40 4 341 81 30 343 87 14 344 53 22 348 2 2 348 39 11 349 79 21 349 85 2 353 15 9 357 65 13 358 65 11 358 75 19 361 22 7 363 5 7 368 15 11 374 34 29 376 94 0 377 32 29 379 37 28 383 16 9 383 37 30 387 93 12 388 1 25 389 29 27 390 25 0 394 100 16 395 29 21 396 79 16 399 84 20 401 73 29 404 17 14 406 39 30 411 3 13 418 14 12 418 55 10 419 83 10 422 19 21 422 66 26 423 58 4 423 69 19 425 17 10 437 23 8 439 34 0 444 74 4 453 24 30 456 49 20 464 77 7 467 23 0 487 94 0 492 69 13 497 55 28 497 81 1 505 93 5 513 99 0 517 41 19 518 94 7 521 72 21 522 84 2 526 25 17 528 64 26 543 68 26 545 5 25 552 80 23 559 46 30 562 43 13 571 28 23 578 8 31 579 26 24 580 35 18 582 4 21 583 5 0 585 71 0 586 45 0 586 71 17 592 50 21 597 26 17 597 99 0 598 41 2 607 98 19 608 53 31 610 83 29 611 97 20 614 25 14 617 87 22 619 6 7 619 22 8 622 40 31 630 26 0 635 83 18 638 76 16 640 23 11 644 32 10 652 84 0 662 80 21 669 76 23 673 85 27 675 78 25 678 42 22 686 46 16 690 62 18 694 16 29 695 80 13 700 45 1 700 65 11 702 39 20 704 88 14 705 81 17 706 3 16 709 3 20 712 31 15 716 89 8 719 82 3 722 95 15 723 80 23 723 98 24 724 68 27 728 67 28 728 96 28 728 97 23 729 5 8 731 62 17 734 39 20 737 24 21 743 92 9 744 53 24 747 90 29 751 41 9 752 8 19 754 70 2 760 56 24 760 94 16 761 97 0 763 54 5 773 4 10 777 19 17 778 32 19 778 64 26 785 95 23 806 31 28 806 83 8 812 24 1 821 100 7 822 94 2 825 54 21 831 6 7 833 98 24 837 49 26 846 89 12 853 97 14 856 5 13 873 24 18 879 64 13 880 60 7 882 89 3 888 62 14 888 97 13 892 21 20 892 25 10 893 0 26 898 61 1 900 5 22 906 0 1 908 38 26 912 22 11 913 34 17 914 47 8 921 52 0 924 74 5 928 13 5 928 63 21 931 100 13 935 29 15 935 61 13 938 66 23 938 81 6 941 25 31 941 79 1 944 77 25 945 36 14 954 12 8 955 2 11 955 47 17 955 85 31 956 84 16 959 27 30 960 59 0 963 32 8 963 80 3 964 74 11 969 4 0 971 62 20 972 81 18 975 12 17 976 26 16 980 19 10 980 66 1 981 51 15 987 38 9 991 46 24 993 57 9 995 64 30 997 43 11 997 97 0 999 86 17 1005 16 30 1005 57 8 1006 69 16 1007 15 22 1007 64 13 1007 69 0 1017 75 0 1022 62 22 1023 77 12 1035 18 11 1816 28 19 1820 54 25 1822 83 27 1823 43 17 1825 13 2 1826 54 26 1826 65 14 1829 48 18 1831 56 21 1832 55 31 1833 54 9 1836 27 20 1837 0 10 1840 32 17 1842 49 18 1851 78 16 1852 58 27 1852 93 8 1853 50 17 1854 21 27 1856 72 16 1856 87 11 1857 11 30 1862 59 23 1865 90 16 1866 68 30 1872 52 6 1880 21 28 1883 33 26 1886 89 1 1887 52 16 1887 78 13 1889 86 12 1890 16 18 1903 61 26 1910 83 1 1913 68 7 1915 2 25 1916 55 28 1918 7 16 1922 45 1 1925 55 16 1927 69 4 1932 10 14 1938 42 27 1940 30 6 1941 100 6 1943 34 11 1943 58 0 1944 9 30 1951 2 11 1951 99 15 1957 46 16 1958 43 30 1964 45 30 1969 29 13 1972 80 12 1983 94 6 1987 84 23 1988 52 8 1989 2 25 1991 61 0 1992 16 18 1992 46 5 1997 59 7 2000 93 27 2007 12 28 2014 54 25 2016 29 28 2017 23 19 2018 35 25 2021 61 8 2027 87 30 2029 65 28 2029 75 11 2031 71 15 2034 32 5 2037 12 24 2038 61 11 2041 21 17 2046 82 22 2047 57 2 2051 8 8 2051 87 21 2053 44 25 2059 62 23 2063 7 13 2065 12 30 2068 82 26 2073 70 13 2074 28 25 2076 3 19 2077 100 3 2086 92 13 2090 83 15 2091 90 6 2092 22 21 2092 32 8 2092 88 23 2093 4 18 2093 95 16 2096 46 21 2096 73 21 2096 84 14 2097 76 9 2099 7 4 2099 71 10 2101 23 16 2101 31 1 2102 29 23 2103 74 12 2105 13 11 2105 90 4 2108 12 19 2116 29 7 2120 35 21 2121 96 17 2128 81 24 2128 89 17 2132 70 13 2138 44 30 2139 0 16 2139 47 7 2143 51 6 2148 60 8 2152 19 9 2155 44 24 2168 48 23 2169 36 26 2170 59 25 2171 79 26 2174 80 0 2175 7 4 2182 18 26 2182 48 17 2183 83 31 2191 28 10 2203 59 26 2213 39 2 2214 51 31 2216 6 28 2217 14 4 2217 72 17 2226 35 27 2231 56 1 2234 76 24 2241 26 8 2245 44 30 2252 58 27 2254 45 17 2258 55 26 2262 18 16 2272 91 23 2273 55 11 2274 38 11 2280 31 6 2283 55 21 2285 74 0 2288 5 24 2290 42 19 2290 51 19 2291 88 17 2297 84 23 2302 47 29 2304 2 25 2307 19 3 2317 99 29 2320 37 23 2320 63 8 2326 72 13 2349 14 18 2358 21 22 2358 83 25 2364 55 22 2364 63 1 2365 62 31 2368 99 15 2371 76 9 2377 72 13 2379 13 12 2390 80 23 2391 75 31 2392 24 14 2396 20 8 2397 12 2 2398 83 4 2399 6 26 2399 12 6 2405 9 23 2416 54 5 2419 40 3 2421 36 3 2424 7 17 2426 51 15 2427 4 27 2428 50 28 2433 42 30 2436 15 22 2436 51 16 2437 43 18 2438 84 18 2444 38 6 2445 49 19 2451 26 9 2453 83 2 2461 96 30 2464 14 2 2470 30 19 2470 48 23 2472 34 26 2474 7 5 2474 20 14 2478 39 9 2479 51 5 2481 9 23 2487 6 31 2490 65 26 2496 29 6 2499 11 15 2501 63 11 2509 45 21 2513 83 18 2513 90 14 2514 33 2 2518 20 0 2518 60 15 2523 27 31 2525 30 0 2525 33 23 2526 77 8 2526 98 6 2529 100 29 2530 17 25 2530 20 12 2537 58 23 2542 100 20 2546 66 21 2553 36 9 2554 12 15 2555 7 18 2561 94 24 2564 19 1 2565 31 31 2567 28 17 2569 70 21 2570 45 11 2572 20 13 2572 78 12 2573 18 11 2573 75 9 2573 88 7 2575 2 11 2578 1 7 2578 100 9 2581 18 28 2584 27 27 2584 92 18 2586 3 18 2589 15 6 2593 62 6 2595 90 12 2598 79 8 2599 57 14 2602 23 12 2602 94 26 2608 58 10 2609 5 26 2610 19 16 2612 34 7 2613 92 6 2619 28 2 2621 36 4 2623 58 8 2624 64 12 2625 100 13 2628 60 6 2629 47 9 2635 10 29 2638 77 30 2640 91 6 2647 56 19 2648 10 27 2653 0 3 2658 23 20 2666 4 21 2672 68 18 2672 74 12 2673 2 13 2674 78 23 2676 93 21 2692 90 29 2695 41 6 2695 78 31 2696 12 9 2696 87 1 2697 6 11 2705 37 12 2707 92 28 2718 80 27 2720 100 24 2726 45 20 2728 27 9 2739 66 6 2740 93 10 2742 43 13 2742 97 25 2745 19 3 2746 77 13 2750 56 16 2755 61 15 2758 49 28 2762 31 31 2766 49 18 2767 65 20 2769 35 17 2770 39 1 2771 5 6 2774 65 25
953 625 0.0001 73 69 20 74 54 27 75 84 21 81 55 8 86 86 28 93 6 0 93 34 9 94 51 3 100 25 3 101 99 21 107 4 10 108 58 20 114 10 28 114 39 17 115 29 4 115 54 28 121 13 21 128 12 31 128 53 6 133 79 29 134 54 26 136 31 22 137 99 26 138 1 14 143 42 24 144 53 8 147 17 4 148 53 5 149 41 8 155 20 18 156 81 1 157 13 21 158 58 27 162 63 26 162 82 3 163 84 27 167 46 2 170 35 17 172 78 9 175 17 14 177 45 2 177 57 6 179 4 13 179 14 22 179 88 20 184 18 6 189 22 0 192 7 12 202 83 21 211 59 23 212 46 10 212 56 4 219 88 21 225 6 7 227 52 30 229 55 7 234 22 26 238 5 17 246 70 28 255 0 17 255 15 12 255 90 21 256 96 7 258 13 29 265 7 27 268 36 22 273 97 5 275 13 16 277 9 15 281 72 10 284 80 24 285 77 12 289 34 19 295 36 30 296 57 8 296 65 24 298 53 0 309 89 11 310 33 20 319 32 18 321 82 19 324 20 29 326 56 13 330 82 0 333 74 22 334 58 18 339 26 20 343 27 0 346 57 7 347 13 16 350 84 12 353 43 27 356 43 3 357 60 0 358 9 27 370 25 24 370 39 17 371 29 8 372 35 27 386 52 16 388 70 6 391 87 19 393 15 8 394 71 20 395 24 31 399 27 10 401 56 21 402 45 9 404 33 4 407 19 27 408 8 6 408 97 27 410 84 17 413 16 27 415 50 18 421 16 6 423 38 20 425 32 28 427 93 17 429 69 2 430 52 19 440 36 7 452 90 2 455 74 3 456 100 30 459 34 28 459 64 29 460 0 11 462 94 2 468 94 17 473 39 1 473 69 2 484 26 17 487 67 4 491 4 14 495 68 23 497 11 11 503 28 5 505 2 21 505 75 15 505 86 11 507 86 10 508 1 25 511 89 4 513 85 14 521 48 30 522 1 13 522 22 0 523 32 23 524 46 1 528 26 24 533 45 12 534 45 17 534 64 21 535 48 25 541 12 10 542 40 7 546 19 5 551 74 29 555 10 2 555 14 2 560 19 12 562 2 18 567 9 22 572 99 12 573 36 7 574 78 1 576 64 2 580 54 2 582 10 2 583 54 1 587 73 17 587 89 5 588 25 2 596 10 17 596 18 30 598 54 19 598 84 1 601 51 12 602 98 28 603 22 30 607 13 29 608 17 6 610 44 6 615 4 30 615 85 4 615 86 9 622 49 10 635 41 31 635 83 3 637 97 27 638 41 1 641 93 0 647 64 25 651 69 6 656 50 29 659 81 27 668 80 9 685 41 29 686 78 9 687 19 3 688 20 2 691 43 7 691 93 18 692 68 31 705 42 30 708 96 11 713 95 6 714 0 4 723 19 30 730 56 15 731 47 7 732 16 24 735 79 13 735 94 6 736 69 30 744 94 3 748 35 26 748 70 15 755 46 20 755 100 21 757 18 21 760 43 4 760 64 4 763 45 6 764 12 17 765 34 15 768 52 10 772 12 14 773 47 30 774 85 16 776 9 4 780 14 3 782 36 1 791 80 6 796 3 6 797 24 10 799 97 0 800 52 19 804 48 12 805 94 0 807 1 29 809 24 24 813 25 15 814 57 27 819 8 27 820 79 13 834 37 19 836 72 28 837 19 20 838 17 8 839 100 11 841 7 6 846 96 10 847 43 9 847 82 6 850 81 11 860 13 30 860 70 15 864 21 8 868 56 25 868 76 2 871 79 16 873 12 22 873 62 0 880 9 30 880 57 5 880 87 10 881 3 25 883 74 2 886 84 28 889 40 8 893 67 16 897 90 31 899 0 26 900 36 26 902 45 2 902 82 21 907 93 16 922 44 18 929 10 13 930 1 23 930 3 29 933 32 20 934 68 2 938 27 26 941 67 7 941 83 9 942 26 4 952 88 20 957 34 2 958 6 3 959 34 2 965 44 17 965 62 8 968 12 29 971 95 0 973 86 13 974 91 28 981 0 2 981 90 13 983 52 27 989 33 4 989 60 11 997 90 30 998 85 10 1004 28 18 1005 36 31 1007 37 1 1010 42 8 1011 80 21 1014 84 14 1017 56 15 1020 30 19 1022 35 28 1024 52 28 1030 10 12 1035 79 1 1810 24 5 1811 27 6 1813 14 24 1818 68 30 1821 68 26 1823 71 29 1837 23 24 1837 48 22 1855 77 7 1858 79 8 1859 49 7 1860 28 25 1865 96 8 1870 43 14 1878 94 12 1885 46 24 1885 48 10 1886 62 21 1891 89 13 1892 62 2 1899 95 17 1900 4 26 1900 84 13 1903 54 31 1903 100 6 1906 93 18 1908 7 22 1916 77 29 1918 90 9 1925 23 15 1927 65 1 1929 49 30 1932 33 27 1934 6 3 1939 12 12 1942 56 16 1949 98 2 1951 25 16 1963 63 19 1964 9 3 1967 48 8 1971 80 7 1976 81 23 1977 74 19 1979 20 23 1986 34 2 1989 90 1 1998 13 16 2000 64 22 2000 90 16 2005 54 14 2012 61 19 2019 22 4 2021 58 7 2021 84 15 2025 90 27 2026 79 31 2028 62 29 2030 16 15 2031 47 22 2033 27 7 2036 4 27 2039 6 23 2043 77 12 2046 24 5 2046 53 14 2050 29 11 2056 83 16 2058 4 28 2059 75 23 2061 23 5 2067 66 20 2067 78 4 2068 29 8 2074 3 0 2074 22 23 2079 28 12 2087 92 16 2093 63 31 2099 45 29 2103 66 9 2108 1 20 2112 12 9 2115 84 25 2116 99 21 2119 37 23 2119 55 28 2119 92 22 2121 83 11 2124 54 4 2127 8 22 2131 35 29 2143 85 22 2144 26 23 2147 4 8 2149 6 4 2150 46 10 2154 37 12 2156 61 5 2158 0 12 2166 39 4 2168 93 15 2169 85 13 2170 61 3 2171 100 25 2172 7 25 2172 44 28 2174 65 27 2175 20 30 2175 46 21 2176 91 26 2179 44 9 2179 67 21 2181 14 0 2182 62 16 2188 85 12 2191 13 6 2191 37 31 2193 89 9 2196 77 25 2198 96 28 2200 94 18 2202 76 11 2204 94 21 2206 89 14 2208 75 8 2210 72 29 2219 57 18 2220 26 15 2220 56 2 2223 49 12 2226 52 7 2232 46 14 2236 66 10 2246 35 6 2246 42 12 2248 37 17 2253 30 24 2258 47 12 2260 84 27 2261 43 2 2261 61 5 2262 89 18 2268 48 11 2272 54 9 2280 65 31 2285 11 2 2285 35 3 2287 90 24 2289 57 7 2290 93 30 2291 69 13 2298 31 30 2298 46 0 2307 92 13 2308 98 2 2310 39 4 2310 87 4 2312 82 26 2315 48 27 2316 17 5 2321 17 14 2322 30 9 2323 45 11 2327 12 13 2327 39 23 2327 88 10 2328 2 30 2329 34 10 2330 74 1 2335 93 15 2336 93 17 2343 87 29 2348 55 7 2348 75 26 2350 1 5 2351 48 28 2355 58 29 2362 26 26 2364 36 19 2364 44 0 2365 10 19 2365 56 11 2374 43 30 2375 51 17 2378 63 0 2379 99 13 2380 11 30 2381 55 4 2384 22 9 2384 48 18 2385 59 8 2388 85 12 2389 95 9 2392 87 12 2401 77 15 2404 1 22 2404 50 1 2408 37 24 2411 10 31 2411 94 4 2417 11 9 2421 18 31 2422 37 13 2424 34 31 2425 87 30 2430 69 10 2438 90 14 2439 50 28 2439 95 12 2440 35 9 2440 73 19 2443 25 20 2445 34 15 2456 24 15 2457 29 17 2462 92 29 2469 6 30 2476 84 10 2478 97 15 2480 96 6 2482 35 25 2485 71 25 2487 71 12 2495 38 12 2498 11 3 2503 22 5 2505 77 8 2511 79 14 2512 96 14 2515 85 13 2516 54 12 2517 42 22 2520 78 6 2536 82 28 2537 43 25 2550 48 19 2556 99 30 2558 53 26 2559 15 11 2564 83 2 2565 87 23 2574 73 24 2574 91 15 2575 85 10 2580 15 4 2586 51 16 2590 88 26 2598 17 29 2599 9 21 2602 60 3 2603 32 14 2606 5 29 2606 78 28 2610 10 13 2611 93 11 2612 15 2 2615 92 1 2619 17 27 2619 44 1 2619 66 20 2621 13 11 2622 24 27 2629 66 30 2635 96 31 2638 33 19 2648 26 0 2649 50 12 2657 37 2 2660 52 6 2661 23 23 2664 21 23 2664 29 14 2666 88 20 2669 92 30 2670 90 0 2678 86 11 2679 37 19 2681 19 1 2685 90 1 2690 73 9 2690 85 13 2691 26 25 2696 38 26 2697 61 11 2697 67 26 2698 47 25 2699 30 18 2703 98 15 2707 20 8 2710 62 0 2713 80 15 2715 32 11 2725 73 19 2728 35 17 2731 12 11 2733 56 17 2738 87 4 2740 68 28 2741 60 23 2742 66 5 2745 34 9 2745 81 22 2753 78 3 2758 81 28 2759 28 22 2765 65 2
954 625 0.0001 76 73 13 78 10 14 78 23 22 80 16 30 80 73 2 81 15 7 90 29 5 90 31 16 91 86 2 94 14 19 96 91 17 97 92 5 99 63 11 99 92 17 102 21 30 103 16 9 104 22 22 106 21 31 114 76 22 115 63 10 118 52 28 121 54 14 123 8 11 127 76 31 132 6 16 132 10 31 138 78 29 141 97 26 142 27 1 153 23 28 155 41 16 155 89 26 157 32 22 157 80 14 173 34 14 179 39 15 180 42 8 184 76 6 186 67 12 192 66 16 193 77 29 195 48 5 198 73 24 199 5 22 201 16 9 207 29 0 207 50 12 209 78 16 211 49 2 211 90 4 218 98 18 222 72 7 223 4 8 230 53 29 232 87 6 238 51 10 240 53 10 245 25 23 246 40 9 249 76 18 254 38 12 264 1 27 265 88 12 268 12 19 269 11 29 272 79 18 277 27 4 277 32 15 278 78 7 282 76 31 282 94 26 283 39 19 283 79 11 285 4 14 286 46 19 287 30 12 288 17 29 290 14 28 290 33 9 292 78 8 295 33 30 298 4 9 299 19 29 310 45 11 312 8 12 318 84 4 319 47 14 329 61 2 331 13 19 332 66 28 337 14 21 338 83 17 339 11 19 339 98 17 340 79 30 342 13 9 351 60 6 351 77 29 353 63 23 360 63 12 362 34 28 363 77 28 365 38 4 369 16 13 375 61 31 376 92 21 377 79 21 379 45 0 385 10 27 388 46 9 390 13 14 393 59 6 394 81 27 396 35 28 400 78 13 409 49 5 410 68 29 412 6 28 412 13 23 415 76 21 416 11 7 418 43 16 426 86 17 427 68 1 432 16 28 434 10 30 434 77 10 436 18 5 442 30 4 447 31 11 454 43 3 461 77 16 470 1 12 472 68 8 474 82 29 475 76 13 479 35 13 492 23 20 492 67 24 494 90 3 496 33 9 499 52 30 501 25 28 503 35 19 505 5 1 508 9 29 511 95 16 515 21 18 519 43 13 521 78 21 524 84 20 524 100 21 528 37 18 532 18 28 534 50 8 535 9 22 535 81 12 539 49 29 543 72 6 543 84 19 545 51 31 547 85 18 556 40 21 556 45 22 559 2 15 561 90 5 562 76 4 567 11 7 567 53 4 573 70 24 577 83 17 578 70 5 583 69 7 586 23 5 586 90 30 587 88 7 590 13 31 596 41 18 596 46 25 596 92 23 601 51 29 603 27 12 603 85 31 606 34 21 606 41 7 608 56 10 608 99 23 612 77 7 614 30 17 616 93 28 619 1 4 621 11 18 621 38 29 624 72 7 638 93 5 643 29 23 650 52 10 656 59 17 659 43 10 661 42 11 662 83 21 667 51 29 668 66 27 679 19 18 680 49 4 681 40 19 683 26 29 688 98 18 692 59 6 692 67 18 693 6 21 695 44 9 696 23 12 698 13 18 698 16 6 700 10 19 705 18 13 709 56 25 709 78 15 713 91 5 716 71 0 717 44 0 717 67 1 721 92 31 722 43 2 723 66 26 727 90 11 728 5 6 730 36 19 731 43 13 742 94 14 752 30 9 753 64 6 756 76 26 760 98 0 765 50 16 772 92 1 773 11 11 774 81 25 780 10 16 780 19 6 780 24 23 780 36 1 782 36 16 789 64 30 794 5 29 800 38 23 800 59 14 813 43 30 814 30 13 818 59 1 823 64 31 825 81 9 830 95 1 843 78 16 845 30 31 846 5 19 846 30 13 849 76 16 849 80 24 851 100 4 854 79 18 855 13 8 858 17 29 867 16 12 869 63 26 874 41 6 878 99 4 882 59 7 888 79 6 892 26 9 892 50 7 903 21 16 904 28 3 904 37 24 910 0 28 913 90 24 918 8 28 922 12 9 926 35 11 934 21 19 936 79 6 945 4 15 945 14 0 947 1 5 954 13 17 959 23 15 960 2 20 960 17 3 962 50 15 969 38 7 976 6 0 983 17 19 985 78 29 990 8 20 994 77 11 996 2 18 1002 31 13 1003 44 20 1009 56 24 1011 96 7 1014 73 14 1020 78 16 1021 41 25 1021 46 31 1035 92 1 1036 77 13 1815 88 8 1819 8 19 1823 86 14 1824 90 10 1826 9 1 1826 23 14 1828 40 3 1830 48 31 1833 63 27 1833 77 9 1834 54 27 1838 81 3 1844 95 12 1845 45 31 1845 47 24 1846 1 24 1847 12 14 1847 20 26 1847 78 23 1850 2 18 1851 4 4 1855 73 11 1862 58 28 1865 70 19 1867 2 0 1872 73 1 1873 2 19 1878 3 7 1878 58 8 1880 73 1 1887 8 13 1893 24 23 1899 68 8 1901 72 8 1906 92 1 1920 91 9 1922 79 31 1923 77 10 1924 20 18 1925 46 14 1925 83 19 1928 80 31 1928 97 30 1930 5 28 1930 43 23 1937 72 21 1941 77 16 1942 5 4 1942 8 14 1945 44 5 1947 4 5 1949 24 12 1950 81 10 1950 85 13 1970 45 5 1972 2 20 1975 37 9 1978 80 12 1992 49 17 1992 68 23 1993 96 29 1996 96 10 1998 82 3 1999 26 0 2000 74 2 2002 63 20 2003 7 25 2011 97 16 2013 58 8 2013 60 27 2014 70 12 2015 99 5 2022 67 3 2022 75 14 2022 77 15 2028 11 20 2029 25 10 2038 38 21 2041 45 2 2047 7 20 2051 77 23 2053 75 10 2054 46 20 2054 58 29 2057 19 8 2059 25 26 2063 44 2 2066 52 16 2067 39 13 2071 97 16 2075 72 23 2077 51 2 2083 79 29 2099 54 19 2104 32 12 2106 65 3 2107 15 28 2110 67 30 2111 23 28 2114 23 30 2115 17 1 2118 40 16 2118 55 5 2120 92 21 2123 25 7 2123 28 9 2123 80 1 2125 3 4 2126 8 16 2129 6 18 2131 61 30 2136 55 22 2142 47 18 2156 75 31 2163 34 19 2164 47 4 2166 68 20 2168 51 25 2168 63 23 2168 75 26 2170 66 7 2176 19 20 2177 87 13 2181 43 14 2181 86 30 2186 92 8 2193 46 20 2200 71 30 2206 18 31 2210 13 30 2211 70 18 2213 2 2 2214 98 3 2215 84 11 2220 75 31 2221 1 13 2221 99 21 2224 10 13 2227 43 24 2229 24 6 2234 0 23 2235 75 19 2237 79 23 2239 48 31 2247 41 25 2251 96 22 2255 39 31 2259 44 16 2262 77 22 2264 48 7 2264 97 29 2269 72 20 2271 41 15 2272 27 18 2273 16 28 2278 84 7 2279 56 11 2281 19 0 2282 66 17 2287 68 3 2293 23 31 2294 88 10 2301 89 10 2306 14 26 2307 49 2 2314 64 21 2316 29 8 2320 76 3 2323 37 15 2325 61 17 2326 70 21 2327 14 18 2332 17 5 2338 86 30 2342 24 1 2344 32 17 2345 19 15 2347 7 21 2349 28 19 2349 97 16 2365 88 7 2366 13 31 2368 27 15 2369 42 23 2372 45 2 2372 64 20 2379 7 11 2379 87 8 2381 0 17 2381 15 10 2388 25 3 2389 24 6 2392 58 20 2394 4 24 2396 29 25 2399 51 31 2403 70 28 2405 8 20 2407 44 7 2409 84 28 2409 100 7 2411 12 1 2414 60 31 2417 59 13 2418 16 19 2418 49 15 2418 62 7 2420 87 14 2422 72 24 2429 37 16 2430 84 2 2437 1 22 2444 60 11 2446 27 22 2450 0 20 2453 51 12 2453 55 16 2453 98 5 2459 95 11 2462 31 27 2464 29 3 2473 94 15 2476 2 31 2491 23 16 2492 54 18 2494 12 0 2494 34 4 2500 16 15 2502 81 21 2504 2 24 2508 75 20 2509 4 31 2514 56 11 2516 4 18 2521 40 1 2526 0 29 2533 38 7 2538 73 19 2542 100 5 2543 27 30 2544 46 22 2545 24 20 2546 9 9 2546 33 1 2546 74 1 2550 82 13 2552 96 16 2553 0 11 2557 48 26 2563 36 6 2568 78 23 2573 50 14 2581 20 25 2590 79 30 2594 95 3 2596 83 15 2597 25 2 2597 77 19 2610 35 26 2615 96 28 2622 61 12 2624 27 14 2624 60 23 2629 43 26 2630 61 4 2633 81 18 2635 67 31 2637 86 21 2641 44 30 2642 16 21 2642 94 31 2643 26 19 2643 96 9 2644 27 28 2645 50 4 2646 16 15 2651 42 30 2652 27 7 2653 70 7 2656 19 0 2656 62 10 2658 69 31 2659 31 6 2659 43 14 2660 44 7 2661 64 13 2663 34 19 2665 24 4 2667 22 30 2668 96 14 2675 79 24 2684 29 31 2684 67 8 2686 34 18 2689 17 15 2689 51 30 2693 92 23 2695 73 3 2695 87 4 2697 1 0 2708 58 14 2720 82 21 2721 90 27 2725 94 5 2725 94 18 2730 36 19 2733 67 17 2734 44 9 2736 93 4 2737 65 16 2746 37 9 2751 13 1 2751 53 11 2753 70 5 2757 92 18 2759 56 5 2764 45 18 2769 39 23
955 625 0.0001 81 51 29 83 41 30 85 93 6 87 84 24 89 40 24 93 36 3 95 87 16 109 15 1 120 50 1 125 47 15 125 86 26 128 68 20 130 57 31 132 75 13 134 37 3 138 74 6 144 0 6 146 11 8 146 58 1 150 87 0 151 31 14 151 49 7 151 75 0 154 40 6 157 22 30 158 56 23 161 50 17 161 67 29 163 55 6 166 31 22 166 79 30 168 62 24 173 19 27 178 14 22 178 32 22 183 57 19 188 53 29 204 95 21 206 45 27 209 8 2 212 87 7 213 35 16 214 89 3 215 37 14 218 87 10 223 58 27 223 98 1 225 74 10 235 69 18 236 72 23 242 71 18 243 40 3 245 100 4 256 98 5 259 15 25 260 42 4 268 71 26 273 12 27 274 43 22 276 27 14 280 49 22 282 76 27 289 90 9 294 54 10 297 98 31 298 20 26 302 23 7 305 95 16 306 88 7 309 68 7 309 68 23 310 86 9 311 96 26 320 45 13 321 67 10 322 20 9 325 27 20 326 13 2 331 4 29 331 91 21 334 6 12 334 41 21 334 84 24 338 2 13 339 6 19 343 79 4 345 61 24 346 19 3 346 64 8 359 33 8 365 64 8 366 34 28 371 46 11 372 37 0 375 66 0 376 55 27 379 41 30 382 77 2 389 69 15 391 65 2 398 89 27 399 15 0 400 32 7 401 5 29 401 95 5 402 61 17 403 37 28 403 85 31 404 12 22 404 20 13 409 1 5 414 61 13 416 24 12 419 76 19 420 56 11 425 76 31 427 30 14 430 49 30 431 49 26 435 5 3 440 71 17 447 5 2 449 19 25 449 40 28 464 19 10 465 71 23 465 72 26 467 35 12 468 1 25 471 81 21 472 69 20 473 40 22 477 28 21 480 1 5 480 96 9 483 12 12 490 68 28 492 93 20 499 31 20 499 43 18 500 28 3 503 8 15 509 22 19 509 44 12 511 98 21 513 59 25 514 84 13 515 23 22 519 14 30 523 80 8 533 86 6 533 95 18 540 80 5 550 83 8 552 34 26 556 15 9 556 79 4 560 56 20 561 8 20 563 71 22 565 0 18 567 95 15 571 97 23 574 99 2 575 23 9 577 53 10 585 51 16 585 54 6 590 36 24 591 48 14 596 74 26 597 65 10 599 84 19 601 49 11 602 66 30 607 64 27 625 96 14 627 35 9 632 70 27 636 32 18 637 70 30 638 9 31 642 99 17 644 82 1 647 1 19 652 50 19 653 42 11 653 77 11 654 46 5 663 43 1 664 37 11 665 20 29 671 17 16 673 33 12 677 29 21 677 34 19 679 100 31 682 43 27 682 92 8 690 59 6 690 62 17 691 58 20 691 67 8 693 62 1 694 67 28 695 80 18 702 69 12 702 97 8 704 77 29 707 59 26 716 21 7 717 61 13 717 80 11 722 36 3 724 84 25 726 19 23 727 94 11 728 72 8 728 90 11 734 8 20 734 20 5 735 97 16 736 34 5 736 41 21 741 13 3 741 60 17 746 34 8 747 37 29 747 61 9 752 62 14 756 40 30 756 62 30 758 80 9 769 17 24 776 73 29 778 31 27 779 69 29 781 72 26 785 8 16 785 11 0 785 66 25 791 26 10 791 40 20 792 37 27 799 91 27 804 1 26 805 83 21 807 6 31 810 93 29 810 96 26 813 18 19 818 42 20 819 100 16 821 46 0 828 11 20 828 20 0 828 72 7 833 0 17 834 7 22 834 34 17 838 92 29 844 53 13 848 93 4 852 16 2 852 65 18 853 29 16 855 68 4 855 68 10 856 30 20 859 27 28 863 16 30 869 12 19 871 98 31 874 13 15 877 87 4 878 94 17 882 42 26 882 49 11 884 74 3 887 87 26 891 38 30 894 20 31 898 13 25 901 22 18 902 37 19 905 85 18 909 64 14 910 8 6 917 61 9 918 37 12 922 70 18 923 44 11 924 73 20 925 34 5 933 50 6 937 32 16 940 72 31 946 40 26 947 28 10 948 51 2 954 69 19 954 89 15 954 97 17 955 67 15 957 54 20 957 92 0 963 18 0 965 13 31 969 5 11 972 22 20 975 36 13 982 47 29 983 27 10 983 53 18 986 97 5 990 19 26 1000 87 27 1005 27 30 1008 84 5 1023 82 28 1025 76 19 1029 7 27 1029 87 10 1030 22 5 1032 36 10 1033 18 22 1035 12 18 1038 66 12 1809 47 13 1809 99 16 1810 55 31 1812 55 26 1816 32 14 1816 84 9 1817 86 11 1817 99 14 1819 53 9 1822 28 20 1822 40 10 1823 62 9 1824 44 7 1826 66 8 1827 65 3 1833 61 24 1837 28 25 1839 46 11 1850 5 14 1854 4 8 1856 69 3 1861 6 30 1868 45 4 1868 45 10 1869 14 26 1880 3 20 1880 44 31 1883 43 1 1883 95 17 1885 86 11 1886 70 16 1888 20 2 1891 84 0 1894 16 1 1897 29 26 1912 31 28 1924 3 18 1925 24 26 1931 81 2 1934 8 21 1939 6 25 1946 17 20 1950 22 28 1951 40 16 1952 34 24 1955 64 22 1957 50 10 1960 47 18 1965 11 18 1968 57 3 1972 0 6 1973 30 12 1977 12 13 1980 19 25 1987 20 23 1989 35 15 1996 63 5 2005 37 18 2006 21 27 2007 67 26 2008 9 13 2010 88 0 2011 77 18 2015 79 31 2017 81 4 2022 22 23 2023 24 27 2024 26 31 2025 84 24 2030 34 10 2044 73 13 2055 72 25 2061 52 30 2070 99 23 2074 98 8 2075 0 9 2079 88 18 2080 36 25 2081 50 26 2082 26 22 2083 98 10 2084 10 28 2085 65 28 2085 87 9 2086 21 2 2087 42 12 2089 71 11 2090 1 4 2103 32 24 2105 25 14 2105 100 14 2106 0 12 2113 33 28 2119 97 27 2122 19 6 2125 67 20 2128 45 8 2130 34 0 2145 4 27 2151 81 10 2157 9 18 2160 40 28 2160 94 13 2164 78 14 2170 11 16 2173 70 21 2179 93 0 2196 41 26 2196 98 7 2200 16 7 2200 85 6 2212 39 0 2215 36 24 2218 71 1 2221 45 6 2221 58 3 2223 23 10 2224 22 4 2226 96 29 2234 39 2 2236 19 15 2237 61 16 2239 33 28 2244 78 14 2246 80 3 2247 29 26 2250 84 30 2251 50 20 2253 75 15 2254 33 7 2257 97 29 2258 9 22 2259 24 6 2262 62 0 2266 33 8 2267 1 20 2267 5 5 2269 46 13 2276 0 9 2278 46 13 2278 78 12 2281 62 30 2284 33 30 2290 84 7 2296 35 24 2298 75 18 2300 11 11 2303 74 20 2314 34 12 2321 15 24 2323 66 4 2326 77 28 2327 43 19 2332 37 3 2336 96 18 2337 26 5 2337 59 19 2338 97 15 2340 57 18 2344 33 17 2346 89 28 2347 37 8 2348 9 2 2349 86 19 2350 12 3 2359 58 21 2365 59 4 2369 49 0 2370 28 14 2373 73 30 2374 49 5 2384 84 17 2387 37 10 2389 91 24 2392 41 18 2392 78 19 2394 61 17 2396 73 2 2399 64 23 2410 12 27 2413 32 11 2414 20 26 2416 28 2 2419 65 24 2429 97 21 2436 82 28 2437 42 17 2438 50 13 2440 6 24 2440 53 22 2440 95 4 2444 22 25 2445 7 1 2451 43 26 2451 47 2 2451 57 10 2453 7 17 2454 92 0 2455 17 1 2457 11 17 2462 84 0 2464 19 11 2469 71 4 2470 10 26 2472 83 30 2477 3 16 2484 83 27 2487 78 14 2490 46 23 2509 7 25 2514 90 18 2520 47 4 2522 89 13 2526 69 1 2538 3 27 2543 84 24 2544 94 10 2545 67 9 2546 73 21 2548 81 12 2550 70 14 2553 82 0 2554 22 4 2557 37 28 2559 100 25 2559 100 31 2566 39 22 2572 85 12 2585 6 7 2588 41 29 2589 8 29 2589 80 15 2590 12 15 2593 29 28 2602 36 10 2608 63 24 2612 31 31 2618 6 23 2624 90 9 2626 5 25 2632 42 28 2632 95 18 2632 98 3 2635 97 31 2639 5 23 2644 80 28 2644 82 25 2656 20 12 2660 76 27 2662 95 29 2663 4 23 2663 92 24 2664 97 9 2665 65 27 2665 100 31 2667 40 18 2669 30 19 2669 40 29 2675 74 23 2683 86 12 2686 82 10 2697 33 26 2698 38 8 2700 41 10 2702 66 9 2704 82 23 2704 98 11 2705 5 2 2710 52 23 2710 84 19 2713 9 21 2713 58 19 2716 64 12 2717 79 12 2719 75 16 2719 88 14 2721 40 8 2721 71 7 2723 2 0 2725 75 7 2732 63 8 2735 19 1 2739 55 7 2743 44 23 2745 10 20 2750 47 13 2754 33 3 2760 20 16 2761 7 9 2761 72 23 2762 20 15 2763 14 3 2763 75 22 2764 70 20 2770 98 9 2771 99 20 2775 46 24
956 625 0.0001 82 27 7 82 75 4 83 79 14 84 39 22 87 19 13 87 56 27 96 97 12 97 25 19 98 47 27 101 29 30 102 62 14 105 64 15 106 90 25 110 12 3 111 26 10 113 20 25 119 40 17 128 53 7 139 65 26 152 68 25 155 28 28 155 72 22 163 49 22 178 6 24 179 65 17 180 24 30 181 49 5 196 91 15 197 70 18 197 86 7 199 10 14 205 20 26 205 22 27 206 9 8 208 73 24 209 27 30 211 85 17 214 25 0 214 95 30 216 99 11 217 13 19 218 64 23 222 8 2 223 3 7 226 54 25 234 74 0 240 6 18 241 87 1 243 93 17 246 37 26 246 82 16 247 24 1 250 48 18 251 72 24 274 27 18 274 27 23 274 61 2 277 82 7 280 35 3 288 6 13 307 33 8 307 86 8 315 2 0 315 12 8 320 38 16 321 22 5 322 57 11 323 58 18 324 33 10 327 37 28 328 84 21 329 100 20 334 85 4 335 40 4 335 87 28 336 3 5 339 13 6 341 74 21 346 73 28 355 61 0 361 94 28 369 2 4 377 63 6 379 98 27 380 77 0 383 52 22 384 42 26 391 25 19 391 63 9 392 34 25 395 53 11 395 60 16 398 79 22 398 97 25 399 96 0 406 76 31 407 7 12 407 65 28 408 45 4 415 40 25 420 63 31 421 87 25 422 88 21 424 75 1 425 69 7 425 82 9 426 70 7 429 83 3 432 34 2 432 49 24 435 5 9 435 11 18 437 57 27 439 90 2 444 20 27 451 39 13 461 43 27 466 71 17 469 47 5 474 40 29 475 28 22 480 31 19 480 39 8 482 51 28 487 5 4 487 95 10 493 65 6 493 87 20 494 51 21 498 14 21 502 29 4 504 3 18 510 14 27 512 47 6 520 9 31 521 10 18 522 88 8 528 8 21 529 29 12 538 89 9 541 61 16 542 74 28 546 7 0 548 68 18 551 31 5 556 70 14 563 50 28 566 89 13 567 12 5 567 96 8 568 25 31 568 46 1 572 96 20 573 82 23 575 62 15 585 53 17 590 39 3 590 80 2 592 18 12 594 18 22 596 43 29 597 72 9 597 95 26 599 62 27 611 91 5 613 80 22 615 48 17 618 24 23 619 51 4 622 75 23 629 85 9 629 91 28 633 26 9 637 40 10 639 23 20 639 53 28 648 78 17 650 13 7 657 13 4 660 49 29 665 13 15 666 40 6 672 94 13 673 63 17 673 78 25 675 25 2 676 66 27 680 24 0 681 52 28 681 82 16 683 54 26 683 58 16 683 77 22 685 91 5 686 23 2 687 97 4 689 45 9 692 87 4 693 81 19 694 76 27 701 93 3 702 65 22 703 75 5 703 86 10 714 3 11 720 45 10 721 63 2 735 27 1 737 47 3 741 19 4 741 24 2 744 61 25 745 11 28 746 46 22 749 34 25 753 91 29 754 74 5 772 17 22 781 73 1 785 31 15 793 27 0 793 36 2 794 89 21 798 39 13 798 55 1 801 1 17 801 100 31 802 91 6 803 94 13 804 50 26 814 26 2 814 54 2 817 3 6 819 15 3 820 16 16 833 88 5 834 74 29 838 34 25 840 81 14 840 91 26 841 6 10 841 75 31 842 39 25 842 73 10 843 28 9 846 83 14 853 31 28 854 76 16 858 65 15 859 38 18 861 55 24 863 0 7 870 21 22 871 70 29 875 26 3 875 37 21 877 96 28 883 17 9 886 88 14 889 81 6 890 58 7 894 52 24 896 1 11 896 40 17 903 18 7 907 16 13 907 34 9 908 23 1 912 24 2 915 76 6 915 92 9 922 18 11 926 10 15 926 43 4 926 67 28 927 98 24 929 36 15 929 51 4 934 50 8 941 63 27 947 85 14 949 90 5 953 35 5 955 59 20 962 56 25 963 58 22 966 6 2 978 27 12 982 96 16 982 98 12 983 84 1 984 44 10 984 45 28 991 75 8 995 53 9 997 38 18 1003 25 11 1010 29 4 1015 65 16 1022 31 27 1028 28 20 1030 32 25 1030 58 24 1033 100 10 1814 1 15 1819 64 4 1820 37 13 1823 31 25 1833 22 7 1837 36 6 1841 85 1 1845 69 25 1848 2 24 1849 49 23 1850 49 8 1852 18 4 1853 75 14 1854 10 23 1856 96 16 1858 89 31 1859 6 27 1860 94 23 1862 64 0 1875 56 13 1876 67 18 1880 1 19 1884 97 0 1886 68 6 1889 5 26 1890 54 6 1891 55 22 1912 26 3 1912 51 26 1915 48 14 1917 56 22 1925 14 6 1935 55 17 1936 44 28 1937 94 2 1945 9 15 1945 67 27 1949 93 1 1951 12 21 1955 69 26 1957 82 1 1960 2 28 1967 28 6 1974 14 16 1975 24 8 1975 34 1 1977 33 15 1979 55 19 1982 64 22 1988 13 17 1989 73 2 1993 50 25 1993 93 1 1994 100 2 1997 40 24 1998 44 21 2000 57 14 2001 22 15 2001 45 31 2005 58 22 2005 67 9 2009 32 23 2009 37 0 2012 38 16 2012 50 10 2014 29 15 2017 70 23 2023 89 31 2025 3 9 2026 17 15 2027 8 5 2028 14 3 2034 93 31 2039 13 29 2043 6 13 2048 62 24 2049 99 12 2050 93 31 2051 54 5 2053 12 9 2057 42 18 2060 33 13 2063 65 5 2065 12 6 2065 24 0 2065 40 4 2067 5 22 2068 33 26 2073 3 3 2079 78 10 2087 56 23 2088 81 6 2089 59 27 2090 69 15 2092 11 11 2096 34 28 2098 44 2 2104 87 26 2112 25 8 2116 27 8 2118 94 2 2121 71 18 2124 57 15 2131 34 23 2136 98 9 2139 26 24 2140 21 29 2144 57 24 2145 76 0 2145 97 23 2146 74 7 2148 31 9 2149 10 0 2149 28 15 2151 47 8 2152 93 5 2157 16 14 2158 74 19 2159 14 17 2160 54 28 2165 53 2 2165 83 20 2165 90 3 2166 53 21 2166 94 27 2167 65 30 2174 37 23 2177 11 3 2179 92 26 2185 3 29 2192 60 15 2193 12 3 2194 83 26 2197 40 17 2198 53 15 2206 58 17 2214 17 28 2216 85 4 2217 16 18 2217 26 14 2217 68 3 2218 71 6 2228 13 0 2233 8 1 2233 10 28 2235 40 11 2241 68 14 2242 98 20 2243 63 6 2244 19 14 2247 89 8 2249 0 0 2257 33 29 2257 66 19 2258 78 16 2261 83 14 2262 86 29 2273 53 21 2277 0 1 2277 48 25 2277 59 15 2278 55 19 2279 27 2 2284 2 21 2285 94 19 2288 61 14 2291 44 2 2291 92 27 2292 6 28 2299 86 5 2304 64 15 2305 29 12 2308 16 11 2309 73 31 2311 21 4 2311 43 14 2312 89 8 2314 85 18 2316 35 8 2318 28 23 2324 49 5 2325 21 1 2331 39 28 2334 69 1 2341 27 15 2342 37 14 2345 71 5 2348 59 25 2349 53 9 2351 70 1 2357 2 6 2358 26 5 2360 58 27 2368 16 21 2379 16 22 2380 78 31 2382 61 0 2383 96 13 2385 6 6 2387 26 11 2389 37 17 2393 95 17 2398 29 12 2400 34 25 2402 5 7 2407 68 30 2408 38 0 2408 71 1 2408 100 9 2410 3 13 2412 14 29 2415 56 10 2417 5 25 2420 46 22 2425 21 7 2431 84 11 2437 82 1 2442 72 8 2444 91 27 2447 76 9 2452 58 30 2454 3 0 2466 74 25 2467 51 18 2467 69 23 2468 41 30 2468 76 29 2474 23 6 2477 68 4 2488 11 17 2490 88 3 2494 47 1 2495 49 20 2495 100 16 2497 80 25 2502 47 29 2504 78 24 2507 54 23 2507 54 27 2513 73 27 2514 9 3 2519 91 14 2519 97 29 2520 61 3 2520 63 28 2526 38 11 2528 45 3 2535 66 22 2537 100 8 2543 33 16 2552 89 6 2556 48 25 2557 12 20 2557 55 22 2574 7 21 2575 64 3 2576 63 9 2577 12 20 2580 34 19 2580 37 25 2585 23 14 2586 2 6 2588 89 8 2596 84 27 2598 38 27 2600 31 24 2612 61 3 2615 72 29 2615 86 0 2617 54 4 2619 12 11 2619 37 26 2623 22 17 2623 23 18 2625 70 2 2626 95 29 2627 94 4 2630 67 30 2630 79 16 2639 19 21 2641 32 5 2642 0 12 2649 82 28 2650 38 9 2650 59 6 2654 8 28 2655 37 7 2657 39 28 2667 97 13 2669 84 28 2673 100 26 2694 34 9 2703 48 20 2705 90 18 2710 99 1 2712 90 31 2715 86 22 2717 40 10 2719 11 12 2719 73 8 2719 95 11 2723 31 21 2724 64 14 2729 55 2 2729 57 30 2729 88 7 2730 15 31 2731 61 15 2732 19 4 2738 27 19 2738 49 1 2743 96 8 2744 75 7 2746 1 13 2749 77 3 2767 2 27 2767 59 21 2767 74 13 2768 95 11 2769 96 16 2774 95 25
957 625 0.0001 75 2 20 75 80 18 75 95 8 76 82 22 77 18 16 81 19 18 86 76 19 91 39 4 96 45 24 99 33 3 100 38 3 101 23 24 103 71 31 104 3 10 105 14 6 111 36 24 119 87 17 131 95 5 133 21 8 136 4 10 137 33 19 138 60 17 143 49 18 147 4 20 156 15 16 158 34 28 162 35 5 163 83 25 164 91 10 173 19 14 176 90 25 176 96 19 177 0 5 177 61 11 179 81 13 181 10 19 183 20 17 185 6 5 186 66 12 188 80 28 189 91 13 191 74 29 197 81 8 204 54 31 206 35 15 208 98 25 213 71 10 214 27 21 219 61 10 220 73 12 222 46 8 222 64 24 224 49 29 225 67 16 228 11 21 228 71 20 231 36 14 233 96 6 234 60 23 234 93 13 235 17 11 235 87 6 238 16 31 239 7 4 242 47 5 243 90 4 245 39 12 253 20 9 257 98 30 259 84 10 263 56 0 264 24 20 264 26 30 264 44 24 265 33 0 269 41 19 271 100 16 275 73 3 277 73 22 278 3 31 279 25 19 283 72 24 288 88 26 316 56 8 316 72 29 328 49 1 337 84 16 344 17 19 347 65 22 348 71 12 349 99 27 357 18 12 358 12 22 358 16 20 362 65 11 370 24 17 371 99 25 379 20 15 380 10 2 380 99 30 384 79 25 387 82 22 387 94 27 388 74 29 389 36 25 391 84 6 392 25 21 392 94 14 393 23 14 395 27 12 395 40 7 396 100 4 405 9 23 411 11 27 418 86 17 420 100 30 425 53 8 430 45 24 433 52 4 436 88 15 450 8 19 455 50 22 456 37 4 458 19 26 460 82 3 463 13 20 469 82 9 472 42 5 475 58 17 477 57 9 478 3 12 478 76 12 481 98 17 482 39 30 485 32 26 486 56 28 489 2 6 494 63 27 496 41 7 499 83 19 501 19 3 501 66 31 505 27 28 508 7 6 511 44 16 512 31 18 515 16 22 515 45 19 516 66 0 516 72 2 518 28 19 520 65 10 524 38 2 525 38 7 527 7 5 527 71 18 533 34 12 538 31 26 542 67 15 544 40 28 545 63 9 549 32 25 549 50 4 550 89 17 556 19 26 557 91 20 561 33 23 562 43 28 575 71 2 575 89 1 577 82 13 581 86 28 585 18 14 590 48 25 595 50 20 597 23 26 599 40 26 599 81 17 599 100 8 601 33 0 602 93 13 606 98 14 609 19 31 609 53 0 614 40 21 614 68 11 616 72 15 617 77 25 619 99 17 623 12 4 628 88 21 631 27 4 641 12 7 642 8 10 644 70 25 652 12 5 653 41 13 666 12 14 668 11 16 669 17 24 671 51 28 672 81 0 676 30 23 684 39 14 688 12 13 688 26 13 697 94 27 701 38 13 701 58 15 702 66 2 706 26 18 715 43 25 715 97 23 717 39 1 720 16 15 725 84 6 726 78 15 729 54 16 737 78 30 748 77 23 750 55 25 752 65 19 753 60 27 760 3 22 762 70 4 763 92 19 764 37 24 766 18 4 769 100 13 774 55 4 774 90 9 780 17 25 782 48 12 782 58 25 782 64 29 783 40 2 785 84 23 786 10 20 789 55 12 793 90 0 802 95 26 803 100 29 804 33 31 804 89 31 805 45 30 808 30 8 820 82 30 822 19 24 822 44 20 824 48 1 825 93 2 828 55 27 829 78 28 831 56 15 836 35 6 837 38 31 838 23 4 839 58 14 841 23 11 841 27 5 846 14 19 846 89 14 851 67 30 851 68 14 854 27 30 859 11 10 861 52 2 863 57 25 864 72 21 866 21 23 868 28 30 869 78 2 875 52 17 879 89 11 883 83 0 886 8 16 899 41 0 900 76 21 907 51 22 910 90 22 913 99 24 915 7 7 918 81 13 918 84 13 920 71 19 922 89 12 926 74 10 927 85 12 930 50 31 933 22 28 938 65 25 939 4 5 940 35 2 944 57 24 944 76 3 947 31 12 947 36 3 948 50 15 952 90 16 953 12 27 956 64 8 957 21 5 957 64 27 962 39 28 962 92 12 970 57 22 972 81 9 976 19 14 976 99 28 980 23 4 988 23 3 990 66 10 991 52 29 994 68 22 997 63 20 1001 45 6 1005 60 19 1009 3 25 1014 81 7 1017 33 14 1020 66 4 1025 66 14 1030 32 27 1030 67 24 1035 2 31 1035 90 8 1038 52 8 1038 81 11 1813 47 16 1820 91 24 1822 39 26 1828 87 15 1830 24 27 1831 67 27 1836 5 16 1838 84 7 1841 36 3 1852 43 10 1863 18 5 1873 75 0 1875 8 30 1876 7 28 1878 82 27 1879 83 1 1889 62 0 1889 64 28 1899 40 8 1899 84 27 1900 50 0 1908 35 6 1908 78 24 1909 36 23 1910 13 19 1912 46 31 1912 100 12 1914 76 3 1917 12 13 1919 100 6 1924 39 2 1928 95 9 1933 22 21 1934 38 14 1937 47 8 1938 14 22 1939 59 14 1939 89 11 1943 49 11 1946 55 31 1948 22 24 1949 93 20 1950 57 30 1951 42 3 1958 29 19 1963 64 2 1965 46 3 1965 52 7 1966 96 28 1975 17 27 1980 71 28 1981 37 16 1982 50 20 1991 0 10 1993 44 29 1994 23 25 1996 39 27 1997 29 23 1999 4 7 2010 100 5 2016 2 27 2018 13 4 2019 65 3 2021 2 27 2024 41 17 2027 57 26 2035 73 2 2042 80 30 2044 60 19 2045 77 19 2046 42 0 2049 8 21 2050 80 3 2051 66 14 2051 68 8 2054 35 28 2061 48 24 2063 99 1 2067 48 19 2071 83 19 2074 42 27 2080 42 19 2090 15 17 2094 66 8 2096 81 31 2105 62 14 2106 61 16 2108 41 27 2108 58 31 2108 72 14 2108 77 19 2110 21 3 2110 21 23 2126 19 25 2134 91 20 2139 69 4 2156 69 11 2159 30 5 2159 42 7 2160 28 26 2162 16 30 2169 46 15 2171 87 8 2176 37 2 2181 77 22 2183 51 13 2186 38 15 2196 94 6 2199 67 21 2203 41 24 2204 63 25 2205 68 16 2207 8 30 2209 8 7 2212 96 25 2216 23 1 2218 80 25 2220 81 18 2222 51 7 2222 74 2 2223 90 21 2226 100 31 2227 13 1 2230 45 3 2231 39 4 2236 58 8 2237 52 0 2237 85 1 2238 67 29 2240 5 29 2249 66 16 2251 56 15 2256 83 18 2257 17 0 2257 89 11 2258 85 28 2262 18 23 2263 58 24 2265 30 16 2266 61 12 2269 52 16 2273 3 22 2275 1 20 2277 59 23 2282 6 10 2283 55 22 2283 59 23 2288 95 17 2292 13 21 2296 44 2 2302 42 30 2303 9 25 2303 55 25 2304 28 8 2315 39 4 2319 93 0 2321 86 27 2326 53 9 2327 4 7 2328 1 11 2331 56 26 2332 80 10 2335 4 13 2340 27 4 2341 28 22 2341 60 5 2342 64 14 2344 18 0 2345 51 4 2349 75 19 2354 30 20 2355 38 28 2357 70 31 2359 23 24 2366 54 28 2367 17 10 2368 46 31 2381 33 15 2382 31 22 2384 53 20 2387 1 26 2391 93 1 2394 84 22 2396 36 18 2398 95 14 2400 97 4 2405 29 19 2408 86 3 2409 37 25 2414 85 13 2415 70 5 2418 12 2 2420 65 25 2420 74 19 2422 48 24 2426 97 9 2427 55 6 2428 96 9 2438 95 0 2439 15 31 2440 46 29 2441 12 30 2453 75 5 2456 25 22 2465 98 20 2468 28 16 2468 30 0 2469 16 29 2474 99 6 2476 66 7 2483 97 15 2485 29 15 2485 61 23 2489 11 18 2489 39 7 2494 88 8 2499 56 8 2506 18 8 2510 13 4 2515 64 2 2517 51 31 2519 15 20 2519 47 25 2519 56 27 2522 15 8 2532 57 12 2534 2 15 2534 55 3 2538 33 9 2538 35 28 2545 83 5 2549 24 31 2553 69 2 2553 92 13 2558 12 10 2562 99 2 2568 19 21 2568 59 27 2570 7 0 2575 1 23 2579 49 31 2583 51 3 2590 27 26 2591 11 5 2593 92 21 2600 63 2 2601 55 4 2601 100 27 2602 21 27 2603 69 18 2603 74 21 2607 97 23 2609 85 6 2612 2 15 2624 76 10 2627 28 23 2628 29 4 2631 60 14 2633 42 26 2635 25 19 2638 18 11 2656 90 31 2657 13 26 2657 94 0 2658 66 5 2665 30 1 2667 7 21 2675 44 18 2676 40 21 2677 99 21 2683 36 26 2685 27 7 2687 77 27 2690 52 15 2691 18 24 2696 91 20 2703 40 26 2706 46 15 2711 18 5 2711 87 20 2714 95 0 2719 80 21 2721 86 29 2725 48 31 2725 87 30 2736 58 25 2737 93 18 2739 66 6 2741 78 21 2750 77 4 2764 38 0 2764 51 27 2764 98 14 2768 70 8 2768 87 17 2769 2 24 2771 31 18
958 625 0.0001 74 65 2 75 36 0 79 74 18 89 29 1 90 28 12 90 77 23 94 73 6 97 92 5 103 61 8 103 86 21 108 11 18 109 89 22 110 16 9 114 25 22 116 65 9 122 71 7 133 93 31 138 77 24 140 78 29 141 58 10 142 46 25 145 56 27 152 39 0 156 44 23 159 60 14 163 60 22 168 15 30 171 3 5 171 47 11 173 65 26 185 8 5 186 59 31 187 43 17 189 42 15 189 44 7 189 86 17 193 48 0 196 74 30 203 24 30 207 7 18 222 0 27 226 53 27 227 51 29 228 4 6 232 23 16 235 73 9 237 83 21 239 30 12 240 85 30 242 72 4 245 39 31 247 41 19 255 100 8 262 44 2 263 2 5 263 7 17 268 99 27 269 13 14 269 34 29 272 48 27 282 45 1 282 47 1 287 1 21 292 42 20 299 25 18 299 67 12 300 84 0 300 90 11 307 57 6 324 55 29 333 6 6 338 0 6 349 15 5 349 26 7 358 78 23 358 79 9 362 74 22 368 83 1 370 27 30 371 45 2 373 96 21 374 8 19 376 87 0 378 20 9 378 70 8 383 64 26 386 17 0 390 2 3 390 63 26 391 94 17 394 53 10 395 73 12 399 12 27 402 3 22 402 95 7 403 82 26 410 22 2 419 46 13 420 96 6 422 48 21 429 40 26 429 68 14 432 26 6 442 15 28 443 52 18 455 75 13 456 69 17 458 87 17 462 15 6 464 14 8 468 73 7 471 60 5 472 77 9 474 10 12 476 0 14 476 3 2 479 31 1 492 96 18 494 68 18 500 41 25 503 57 16 507 81 9 509 25 29 511 38 14 526 19 9 531 89 23 532 60 8 534 36 25 537 15 7 538 58 13 538 70 15 548 60 6 550 22 18 552 58 5 553 95 28 555 38 11 556 31 16 559 43 4 560 36 30 565 37 3 568 16 30 573 11 4 576 72 30 576 73 15 577 4 18 578 64 1 584 45 12 589 74 0 591 87 1 592 41 21 592 57 12 596 6 17 596 100 16 598 94 1 599 61 4 605 83 9 607 67 16 611 24 22 611 73 29 613 48 16 615 84 24 617 29 16 617 71 31 620 81 12 620 88 24 621 18 28 622 51 21 622 71 13 622 96 1 626 5 14 629 21 6 651 41 12 653 8 28 654 49 29 659 9 5 662 78 20 685 5 18 695 28 12 696 35 29 700 64 5 706 53 3 709 74 16 710 46 20 714 55 10 716 8 18 716 63 16 723 49 13 724 3 7 724 26 26 727 21 0 727 37 2 730 86 1 733 27 22 733 33 29 734 3 24 735 59 15 739 11 1 740 63 12 743 69 11 745 69 2 746 92 24 755 34 17 755 42 20 756 68 4 756 92 16 757 20 11 758 10 9 758 47 9 769 16 26 769 53 16 771 21 0 778 24 2 778 42 27 779 27 31 780 7 2 785 20 16 785 82 25 788 79 15 790 31 11 791 92 19 792 8 9 794 20 21 795 81 3 796 67 18 798 32 27 800 13 21 803 99 27 807 85 6 811 87 28 816 46 0 816 70 15 817 79 25 823 100 4 827 26 30 829 37 22 829 78 15 834 53 2 838 25 26 843 7 3 843 48 28 844 37 13 844 60 0 846 8 0 854 13 17 856 79 13 859 32 31 860 17 19 860 18 12 861 80 27 862 94 16 866 72 16 868 20 4 876 16 10 878 75 5 885 0 22 894 9 7 895 42 2 896 88 22 898 25 12 898 40 0 902 0 27 902 92 8 904 49 0 905 94 10 908 49 10 909 10 27 911 85 14 913 59 27 917 47 15 923 68 11 927 44 2 928 56 13 929 96 12 931 73 12 934 26 14 943 61 29 945 44 3 947 96 1 947 100 10 951 93 25 954 16 29 956 50 14 963 83 5 967 5 8 967 16 13 971 38 27 971 39 29 973 65 29 974 43 1 980 97 10 984 33 4 990 7 15 997 28 16 1001 30 22 1003 43 6 1005 85 12 1006 90 28 1019 63 20 1021 63 8 1022 40 27 1031 60 15 1810 95 7 1811 90 10 1816 1 17 1823 49 10 1832 77 21 1832 98 25 1834 76 15 1835 47 2 1838 56 13 1839 32 18 1842 24 12 1845 73 31 1846 35 22 1847 90 13 1848 25 0 1850 19 6 1851 34 31 1853 94 3 1863 69 3 1864 7 7 1864 67 22 1870 33 22 1870 58 11 1875 59 20 1876 73 16 1881 14 30 1883 45 2 1886 86 27 1887 10 22 1888 95 26 1893 0 4 1902 9 25 1908 44 19 1911 33 5 1915 97 4 1916 27 13 1921 90 23 1923 4 2 1927 48 19 1931 60 21 1933 35 24 1937 30 21 1942 70 0 1946 94 6 1947 60 17 1949 3 18 1950 12 30 1951 32 13 1951 40 18 1960 81 27 1961 91 27 1964 55 8 1973 0 25 1975 53 13 1977 34 14 1978 18 26 1978 46 29 1986 37 27 1986 98 2 1995 82 25 1996 14 1 1998 57 24 2000 83 27 2003 29 10 2003 33 16 2011 24 30 2018 21 25 2018 59 30 2020 58 20 2025 35 4 2025 59 31 2027 20 18 2030 35 22 2034 0 21 2034 42 26 2037 61 6 2041 50 0 2044 38 16 2048 11 17 2048 25 29 2050 90 30 2051 55 13 2058 23 5 2060 77 26 2064 55 11 2068 42 17 2070 10 27 2072 40 23 2072 60 17 2073 26 18 2079 83 4 2084 43 24 2089 95 16 2102 76 17 2102 95 31 2105 0 18 2108 93 26 2111 41 24 2112 34 0 2116 51 7 2129 42 21 2129 66 3 2138 73 4 2143 16 8 2145 27 9 2149 85 22 2150 98 29 2152 48 17 2157 81 11 2159 84 20 2163 30 18 2164 1 15 2168 90 14 2168 97 8 2172 80 20 2174 8 9 2175 64 25 2175 90 0 2177 72 28 2182 98 20 2183 21 17 2184 18 10 2187 35 15 2191 93 15 2192 1 30 2193 32 16 2194 19 30 2195 39 16 2199 66 23 2202 39 27 2205 69 12 2205 86 10 2210 11 20 2211 89 28 2215 72 12 2219 91 15 2221 19 1 2222 8 4 2224 59 27 2225 89 26 2226 2 3 2231 55 0 2232 53 15 2235 89 26 2236 15 10 2238 30 28 2244 29 20 2247 79 20 2247 81 16 2259 94 30 2261 88 7 2263 50 20 2263 90 0 2264 8 16 2267 29 14 2268 80 21 2270 47 4 2271 82 9 2275 16 16 2282 100 9 2284 55 28 2293 93 29 2296 54 1 2302 7 26 2306 88 12 2317 57 29 2323 44 4 2326 79 24 2328 41 16 2331 56 24 2333 43 18 2335 73 23 2340 1 30 2341 25 29 2345 94 16 2346 11 3 2346 22 7 2347 22 5 2347 80 14 2349 12 11 2351 62 12 2363 22 30 2366 1 28 2376 19 17 2376 45 5 2393 25 8 2394 93 28 2395 59 12 2396 33 8 2397 46 13 2398 53 0 2402 13 26 2404 97 26 2405 1 14 2405 50 29 2410 56 12 2414 85 17 2417 80 12 2417 82 20 2418 68 8 2422 20 30 2425 42 29 2427 57 20 2429 6 15 2429 44 27 2433 94 23 2435 8 19 2435 49 9 2438 44 27 2445 43 29 2445 43 31 2446 77 16 2455 35 28 2457 28 26 2460 8 7 2460 55 18 2463 14 23 2465 38 27 2470 33 25 2470 73 10 2471 62 9 2478 56 26 2479 100 2 2482 95 27 2484 33 16 2487 80 30 2488 9 3 2493 45 11 2496 52 19 2496 82 8 2499 49 4 2500 29 9 2502 15 20 2503 77 24 2510 45 17 2511 100 26 2518 82 1 2521 50 4 2525 33 17 2528 48 9 2528 98 9 2530 48 21 2532 71 25 2536 60 27 2536 94 21 2537 48 30 2544 83 27 2548 2 20 2548 50 26 2550 45 6 2550 100 2 2552 5 17 2552 95 17 2552 96 28 2553 69 5 2556 32 20 2559 51 0 2567 14 13 2568 26 3 2570 9 18 2570 45 18 2571 23 23 2573 0 19 2575 51 23 2577 16 18 2579 38 14 2580 92 22 2587 66 25 2588 3 1 2591 0 26 2591 9 2 2593 100 27 2594 66 25 2594 77 13 2606 85 20 2612 62 5 2613 49 9 2618 78 8 2618 85 0 2621 38 6 2624 44 31 2635 23 9 2640 39 22 2646 2 18 2646 90 13 2650 92 12 2662 78 17 2667 0 24 2668 35 13 2673 17 21 2673 63 7 2675 36 1 2676 60 14 2678 81 25 2679 94 6 2680 6 11 2690 27 12 2692 1 27 2697 62 17 2700 32 16 2705 50 24 2705 76 1 2709 50 12 2710 48 9 2711 5 16 2723 19 8 2730 22 18 2738 11 17 2745 81 31 2749 36 6 2749 82 11 2749 90 22 2750 72 14 2754 38 7 2755 26 18 2758 98 3 2760 76 9 2763 54 12 2763 81 10 2764 8 23 2770 49 14 2771 27 31 2774 43 28 2775 32 17
959 625 0.0001 72 66 30 75 61 31 75 78 12 76 66 11 78 41 24 81 72 16 95 19 31 98 72 27 104 50 12 106 36 0 110 62 12 113 20 29 124 22 2 124 57 14 133 16 24 135 96 5 139 52 4 140 84 12 141 78 7 142 39 23 146 33 19 146 54 2 154 59 6 155 4 19 156 24 11 158 22 31 158 63 1 162 86 22 163 47 24 167 2 24 167 94 4 172 20 27 177 36 17 177 56 16 181 44 26 181 80 26 185 29 4 191 47 18 191 51 26 195 31 2 203 44 19 207 26 3 210 72 2 211 63 4 223 7 29 223 91 11 228 40 11 229 87 26 230 38 27 232 71 31 234 27 30 236 72 3 238 74 16 239 52 30 240 90 12 249 37 13 255 29 19 256 47 29 258 76 18 261 28 24 261 85 13 262 41 7 262 54 4 264 46 16 265 65 23 276 85 22 284 9 16 284 26 31 286 27 16 289 33 12 289 95 19 291 16 17 292 64 4 293 37 9 295 35 26 303 48 14 305 59 25 306 41 30 307 87 30 309 66 17 312 25 12 322 90 21 322 97 22 326 74 13 330 36 22 332 85 2 333 32 1 336 13 15 339 40 18 342 66 20 344 35 14 345 21 1 347 60 14 348 15 27 348 58 19 350 62 23 363 46 5 366 52 6 367 51 28 372 65 22 373 76 20 375 72 23 381 74 4 383 5 14 383 6 20 383 12 20 383 100 22 385 60 9 387 30 20 387 78 21 394 27 4 394 44 25 394 85 10 396 7 30 396 28 13 396 73 14 396 99 16 397 15 7 398 83 1 401 41 22 402 16 6 404 66 12 406 87 11 409 42 9 410 33 10 412 12 5 426 28 3 430 29 9 431 97 16 439 71 20 442 96 7 452 11 1 452 69 9 453 52 10 453 59 7 453 78 17 456 15 13 476 47 5 478 75 29 479 19 3 479 32 26 484 56 29 486 94 10 488 74 11 489 20 6 489 31 3 490 55 28 492 74 30 496 64 11 499 12 26 499 76 4 513 12 11 514 6 16 522 3 9 523 4 28 525 42 28 527 34 21 528 27 6 530 32 31 534 16 22 540 61 26 540 66 26 543 32 13 544 76 19 549 11 7 557 28 2 557 34 12 559 47 7 560 54 12 561 78 24 562 16 20 562 74 31 567 32 2 567 47 1 567 68 31 569 48 0 572 29 22 582 30 2 583 2 10 586 45 28 591 55 20 595 46 16 595 48 14 597 8 24 597 36 6 608 94 14 612 35 30 612 58 17 613 25 19 613 38 0 617 51 13 618 40 28 620 16 14 621 56 3 622 46 2 623 97 11 624 66 24 627 83 10 630 80 17 634 9 21 636 46 29 648 25 20 648 51 17 651 26 13 654 32 16 654 47 13 654 94 15 662 81 21 669 91 27 673 58 1 681 37 31 684 83 25 686 60 25 689 66 17 693 55 0 697 64 3 699 23 18 701 44 14 701 79 28 704 5 17 704 39 12 711 11 30 713 41 14 719 24 0 723 82 2 726 51 15 727 34 28 728 36 27 729 13 8 730 88 21 733 9 12 733 74 20 739 69 3 743 9 24 743 81 10 745 15 25 745 85 20 747 19 4 748 19 25 754 48 13 758 4 19 764 52 18 765 58 26 774 9 31 778 0 15 786 83 4 789 45 8 796 27 30 799 58 25 801 33 17 802 1 11 805 31 4 805 51 18 809 22 22 810 4 29 820 81 1 830 1 26 832 26 28 833 81 8 836 94 25 845 76 6 846 57 1 848 24 13 849 82 7 851 59 27 860 52 9 864 67 23 865 57 2 867 5 28 870 11 12 872 16 6 873 8 13 877 28 14 877 41 22 878 78 28 881 58 1 882 78 5 885 25 12 886 45 23 888 17 26 890 48 27 897 86 19 897 87 26 900 83 31 901 6 22 901 69 11 902 11 24 902 14 15 902 31 8 902 46 2 903 60 18 904 99 3 907 4 29 909 73 31 914 55 0 916 19 6 920 77 19 922 33 6 927 16 8 931 49 4 934 59 11 941 60 18 949 71 2 951 23 5 959 19 2 960 97 11 962 98 16 964 6 20 964 83 8 966 8 28 967 33 16 968 80 9 969 31 21 969 36 29 969 62 29 969 71 19 970 80 0 980 91 7 981 30 11 982 54 9 989 34 28 999 51 15 1002 7 22 1002 48 20 1012 23 13 1023 32 24 1028 19 28 1030 35 9 1031 18 3 1032 14 8 1039 46 14 1039 78 6 1809 43 1 1812 38 25 1812 68 4 1814 74 3 1815 20 31 1818 59 4 1822 30 23 1823 42 12 1824 87 5 1828 46 22 1828 72 25 1829 77 9 1830 33 7 1830 99 13 1835 17 3 1840 95 23 1847 34 11 1850 83 7 1852 55 29 1858 32 8 1860 57 22 1861 52 24 1865 17 24 1865 48 22 1868 6 19 1870 63 5 1874 64 21 1875 63 14 1884 74 27 1886 91 1 1887 72 4 1891 55 7 1897 12 27 1897 22 31 1898 41 17 1898 89 9 1900 80 2 1906 60 27 1912 32 18 1917 75 20 1921 27 9 1923 41 22 1929 29 1 1937 90 0 1940 24 13 1951 62 18 1964 43 26 1971 44 3 1978 67 8 1978 86 10 1982 65 6 1982 80 24 1986 24 5 1989 36 31 1993 88 25 1999 31 6 2004 95 27 2009 53 24 2013 83 31 2017 59 2 2017 71 7 2019 34 23 2019 50 18 2022 47 13 2048 23 30 2049 67 6 2052 3 1 2053 86 25 2054 46 13 2057 18 0 2064 32 4 2064 96 8 2065 17 5 2066 20 18 2069 36 5 2076 38 11 2080 3 18 2080 32 13 2081 9 3 2085 10 12 2086 17 15 2086 54 0 2089 60 12 2091 58 8 2095 81 10 2097 80 14 2099 36 15 2100 22 12 2106 71 15 2107 16 0 2108 70 16 2108 91 4 2109 37 16 2113 66 30 2115 3 29 2120 21 11 2129 20 19 2138 31 24 2140 10 8 2140 97 23 2142 76 30 2146 23 5 2149 85 11 2150 24 7 2150 29 17 2156 22 5 2157 64 8 2160 94 17 2161 5 7 2163 57 30 2169 49 25 2169 97 6 2170 72 20 2177 49 16 2182 56 28 2186 77 12 2188 77 21 2189 25 1 2191 59 18 2192 22 31 2192 60 14 2194 56 27 2196 16 3 2196 52 5 2203 62 10 2206 9 8 2208 95 1 2212 6 1 2213 60 11 2220 11 30 2220 79 25 2222 13 25 2223 9 4 2228 77 29 2229 46 23 2229 52 11 2229 83 18 2231 36 11 2233 97 13 2234 89 24 2237 35 14 2239 33 30 2240 75 25 2246 54 9 2251 93 19 2252 27 4 2254 8 0 2255 79 0 2256 96 8 2258 20 27 2266 10 14 2272 36 17 2279 60 22 2280 62 7 2281 98 17 2285 97 13 2289 63 8 2296 31 2 2296 49 6 2298 2 8 2298 30 26 2298 66 20 2301 29 0 2301 80 7 2309 53 1 2318 74 21 2322 22 28 2322 28 19 2322 32 1 2323 45 17 2330 13 26 2331 24 21 2344 65 6 2350 22 17 2351 39 28 2352 57 19 2358 6 28 2367 17 19 2368 45 8 2372 7 17 2372 56 29 2376 86 3 2377 4 26 2377 79 18 2386 67 24 2390 0 13 2391 91 7 2392 67 13 2394 63 29 2395 84 29 2398 90 1 2401 21 22 2403 9 6 2403 16 30 2405 63 15 2405 84 10 2411 92 4 2412 97 5 2413 60 28 2430 34 7 2433 29 8 2434 21 16 2437 52 14 2439 47 27 2439 100 14 2443 83 8 2446 37 8 2450 46 3 2452 36 18 2455 73 15 2464 34 19 2472 60 16 2477 22 12 2477 96 26 2479 37 16 2481 17 24 2488 52 7 2489 29 14 2490 29 8 2498 89 19 2501 64 14 2502 99 16 2507 41 13 2512 24 18 2515 57 3 2521 28 17 2528 26 13 2528 62 29 2531 33 20 2532 63 1 2534 93 9 2535 100 8 2543 73 13 2554 53 26 2557 93 12 2562 15 8 2563 53 26 2567 82 11 2569 35 10 2569 69 29 2573 18 3 2587 47 24 2591 1 8 2597 57 28 2603 42 21 2604 57 8 2605 1 28 2607 37 13 2617 26 28 2619 29 7 2619 98 14 2624 16 1 2637 83 11 2647 79 6 2650 35 22 2651 52 12 2655 2 17 2659 25 26 2659 38 18 2662 46 24 2672 33 0 2676 32 5 2677 3 12 2681 3 8 2702 77 10 2704 50 1 2705 94 20 2706 80 22 2707 62 25 2709 2 20 2709 55 13 2712 62 6 2716 78 28 2722 42 20 2729 87 18 2730 23 28 2730 66 29 2730 82 6 2737 59 0 2745 5 25 2745 37 6 2749 51 5 2749 83 25 2756 93 20 2757 21 11 2757 50 21 2757 51 1 2761 68 9 2767 11 14 2770 65 24 2771 24 19 2771 72 29 2772 63 22
960 625 0.0001 78 10 14 80 12 7 97 55 0 101 5 11 102 61 21 105 89 21 107 21 29 111 7 25 113 80 4 115 24 3 118 34 9 119 52 4 119 57 18 120 61 2 122 23 5 123 18 2 125 8 25 126 62 7 127 53 5 128 90 3 132 15 31 132 94 24 146 95 18 147 3 8 153 51 3 154 30 21 156 81 3 165 92 16 167 52 21 168 70 8 170 46 14 172 67 23 175 25 11 178 26 11 179 3 24 179 5 25 181 65 16 181 67 24 189 81 18 193 0 24 194 76 21 194 97 2 200 99 12 203 36 29 206 23 15 206 75 20 208 94 3 213 80 30 213 81 2 214 59 1 215 49 21 217 53 1 218 6 15 220 60 0 236 8 6 236 50 22 239 32 18 242 83 24 254 62 4 258 7 28 260 100 18 271 88 6 276 89 9 279 43 1 286 2 6 290 71 24 296 72 14 298 63 6 300 29 25 300 53 20 302 86 29 304 32 8 309 78 1 312 89 22 313 91 29 315 57 8 318 33 23 319 48 0 321 24 3 330 29 29 331 56 13 331 70 6 337 43 10 338 0 29 338 21 15 340 86 18 348 52 16 353 74 25 356 76 19 357 65 27 358 51 25 359 37 28 360 83 17 361 34 8 363 5 22 363 56 2 365 88 13 368 77 8 369 39 17 370 48 13 375 53 1 376 32 25 380 14 25 381 72 30 381 87 15 385 60 11 387 27 29 387 35 18 388 35 3 390 21 14 391 53 28 392 99 8 392 99 13 395 70 31 397 11 23 399 80 6 401 77 14 406 70 1 407 49 4 409 56 12 412 58 4 414 30 31 417 30 4 420 51 25 424 33 18 432 99 9 444 53 10 453 19 16 456 23 4 459 26 13 459 48 5 461 77 4 461 86 7 466 19 0 470 2 10 472 16 30 474 41 5 475 61 15 478 73 6 483 75 22 487 38 4 491 50 13 491 72 19 491 97 29 496 23 25 498 42 13 503 98 21 504 21 16 505 77 7 522 46 29 524 35 10 528 16 22 530 59 27 534 12 5 537 34 29 537 42 26 537 69 30 538 23 10 538 93 2 542 90 20 549 53 5 550 27 0 557 12 0 558 42 11 558 57 18 565 17 10 573 16 14 574 97 17 577 58 17 578 69 8 579 85 13 585 1 29 595 18 5 596 65 4 597 54 27 599 2 1 604 18 20 604 25 21 605 34 7 611 61 23 612 78 29 619 43 28 622 38 12 627 56 3 627 79 14 628 38 15 630 78 6 638 50 28 643 21 29 644 50 28 645 38 8 646 45 28 646 93 6 648 63 14 652 71 0 656 53 24 659 48 3 660 89 16 663 47 27 670 26 29 671 66 2 672 94 21 674 10 8 676 49 14 676 54 12 677 0 16 677 53 24 677 63 16 677 100 18 679 77 3 682 67 30 686 7 18 688 68 7 699 30 31 706 46 3 707 16 23 711 0 15 717 62 2 721 67 3 732 7 1 733 52 17 746 40 11 750 72 17 753 76 10 755 69 12 755 79 11 759 13 7 759 34 9 768 8 27 770 65 22 776 46 25 777 79 14 778 79 18 779 8 9 782 62 20 786 14 2 787 3 23 787 84 11 801 55 8 805 30 23 808 73 7 809 74 26 811 87 9 817 22 27 821 38 12 821 66 3 823 34 3 823 72 30 823 82 12 825 59 13 826 82 23 831 78 18 837 81 17 840 69 27 842 61 29 844 27 4 846 69 30 849 98 30 852 70 11 854 75 14 861 9 3 868 96 4 871 57 2 879 68 2 888 52 20 891 25 21 893 13 1 894 11 30 896 91 20 903 65 20 912 66 27 913 40 23 913 60 10 919 72 7 925 6 1 930 51 31 936 12 1 936 43 30 938 88 9 939 67 23 942 38 2 945 9 23 957 73 2 961 22 30 963 72 4 964 57 24 973 31 28 973 55 9 978 96 19 983 34 5 984 19 7 984 28 27 987 68 17 990 82 20 997 42 8 1011 83 14 1011 86 4 1016 66 29 1019 68 18 1022 28 30 1025 88 18 1025 95 20 1031 23 13 1034 18 21 1034 62 23 1035 100 9 1039 23 5 1809 51 10 1810 67 25 1811 52 19 1813 10 12 1815 90 29 1816 93 7 1820 54 1 1829 65 8 1830 73 29 1833 64 19 1833 99 14 1835 58 15 1840 55 21 1849 13 20 1849 54 1 1856 11 17 1856 61 2 1857 72 16 1857 76 18 1859 77 12 1860 60 11 1862 92 6 1865 100 0 1874 0 13 1881 19 10 1881 54 24 1883 23 7 1883 92 20 1883 99 30 1885 94 5 1891 7 5 1892 42 1 1893 27 2 1895 30 5 1898 49 20 1898 96 3 1901 68 22 1914 16 26 1914 28 17 1916 88 19 1926 34 31 1931 90 5 1935 18 21 1942 11 8 1944 77 31 1945 14 29 1947 81 31 1948 10 24 1949 2 8 1952 34 19 1952 99 12 1953 57 31 1954 98 11 1955 36 30 1956 39 22 1957 74 28 1960 3 11 1961 47 15 1964 10 11 1964 52 25 1964 83 29 1966 18 19 1968 33 13 1971 32 1 1974 65 11 1976 30 1 1980 22 9 1986 36 11 1989 19 0 1994 83 8 2000 62 17 2006 10 5 2010 1 6 2011 58 30 2011 78 27 2012 19 25 2012 86 6 2016 6 6 2019 100 7 2020 86 25 2023 16 9 2026 36 28 2032 27 19 2034 38 18 2034 65 11 2040 80 2 2040 98 31 2045 27 15 2046 75 15 2047 49 20 2058 98 20 2065 16 7 2076 50 12 2078 29 0 2079 19 27 2080 81 28 2081 78 29 2084 5 12 2092 13 26 2093 81 15 2097 85 5 2099 93 25 2101 31 16 2104 0 4 2104 1 10 2106 49 21 2107 50 7 2110 50 4 2111 32 26 2111 39 12 2111 95 4 2119 19 10 2122 12 10 2127 44 30 2131 42 13 2138 41 10 2149 37 16 2150 93 17 2154 74 0 2157 47 29 2157 50 27 2158 2 27 2160 83 24 2162 65 3 2164 0 30 2170 10 5 2176 99 21 2177 34 22 2177 74 5 2177 95 24 2180 1 12 2183 44 10 2184 14 25 2187 2 1 2189 3 23 2189 11 31 2190 68 30 2194 6 24 2195 80 27 2196 72 24 2203 56 27 2204 56 26 2205 63 2 2206 8 0 2209 4 30 2212 27 26 2212 32 14 2220 9 29 2224 29 31 2229 32 5 2231 74 18 2232 84 7 2234 81 21 2234 83 31 2237 79 21 2241 50 6 2242 79 4 2244 100 29 2245 89 25 2247 81 25 2248 4 19 2249 5 0 2253 38 30 2253 47 27 2255 98 27 2256 0 30 2263 24 29 2266 97 3 2284 36 25 2289 32 24 2289 100 23 2290 100 27 2292 42 28 2295 74 16 2296 93 8 2297 82 21 2306 23 11 2306 91 3 2309 76 28 2315 6 19 2321 22 25 2327 2 29 2329 75 20 2331 74 10 2334 90 11 2337 66 7 2340 85 0 2342 40 30 2350 83 4 2351 36 18 2352 75 27 2353 86 25 2355 65 12 2360 61 7 2364 41 15 2376 12 14 2377 23 7 2381 35 19 2381 56 16 2383 21 0 2389 1 7 2395 46 17 2397 32 12 2402 70 16 2405 30 18 2417 5 18 2419 33 22 2420 88 13 2422 38 17 2423 52 25 2425 77 12 2433 74 7 2436 47 10 2438 59 5 2441 51 23 2443 100 14 2452 55 3 2453 55 7 2454 53 10 2462 44 18 2465 18 30 2466 17 27 2467 15 22 2472 79 19 2476 0 4 2477 71 9 2478 50 22 2478 86 29 2479 10 31 2480 76 7 2482 84 28 2487 38 13 2488 58 8 2490 22 30 2491 20 4 2492 46 18 2492 73 27 2495 25 24 2496 83 8 2501 29 0 2504 28 0 2507 32 13 2509 49 24 2509 57 17 2511 77 23 2513 28 0 2516 52 24 2516 91 27 2517 15 18 2518 42 3 2522 88 4 2523 10 6 2528 46 9 2529 91 23 2535 8 26 2542 85 1 2543 63 19 2546 25 0 2559 97 1 2562 15 29 2562 22 26 2562 70 20 2567 44 28 2570 1 19 2570 76 22 2574 17 4 2578 86 29 2581 66 21 2582 42 24 2583 8 6 2586 56 0 2598 54 2 2599 39 28 2600 91 5 2604 89 11 2616 92 1 2618 51 29 2622 39 18 2622 60 7 2626 2 14 2627 73 4 2628 94 10 2642 91 15 2645 20 9 2645 25 29 2650 91 24 2657 66 31 2659 34 24 2661 27 31 2661 92 26 2669 27 28 2676 32 7 2676 100 30 2679 19 21 2680 54 3 2682 90 4 2684 93 19 2686 73 9 2691 53 3 2692 1 0 2695 8 19 2695 60 30 2696 60 14 2705 3 28 2711 62 9 2716 59 16 2721 35 0 2728 83 25 2729 81 7 2735 58 12 2740 27 5 2740 65 7 2753 8 22 2754 31 9 2760 81 22 2774 71 16 2775 1 19 2775 48 0
961 625 0.0001 72 17 13 75 9 6 75 10 30 75 42 17 76 37 24 76 77 0 78 25 4 80 80 2 80 86 16 86 50 19 93 36 31 98 30 23 106 15 4 109 16 16 110 5 23 110 89 13 114 22 23 119 52 23 119 91 29 121 56 24 127 73 29 131 6 31 131 62 0 132 27 9 134 69 5 136 24 22 143 63 27 149 63 1 152 10 10 157 72 2 158 40 11 167 61 0 170 11 20 170 57 31 173 10 9 173 10 27 173 12 9 175 27 0 177 54 15 178 85 0 182 54 7 187 65 11 188 50 22 189 53 10 189 72 0 193 8 20 193 29 5 194 32 6 197 100 30 199 31 22 200 80 19 207 46 1 207 94 19 208 18 1 208 95 10 220 35 14 229 53 5 231 66 19 244 21 5 244 78 24 249 20 4 249 27 5 249 90 24 250 62 2 250 67 10 252 39 28 256 66 5 257 98 3 258 91 7 262 26 28 262 61 9 262 68 7 262 78 17 262 87 5 266 23 30 272 44 5 272 46 9 272 85 28 276 12 11 277 22 27 284 73 1 287 20 27 288 46 9 290 56 19 290 87 17 295 65 9 296 91 23 297 88 6 307 61 0 314 24 13 316 37 23 323 43 30 324 39 7 324 87 29 331 26 0 331 73 13 332 65 18 332 71 21 339 54 15 347 50 26 350 10 6 350 84 25 353 0 12 355 1 28 355 15 6 355 25 28 366 57 4 368 97 5 370 21 27 370 30 2 370 85 1 371 73 23 382 68 24 383 75 1 385 27 24 386 53 15 391 82 5 394 24 24 395 49 16 396 22 15 398 7 0 399 3 16 401 57 29 405 30 29 405 85 23 409 0 8 409 79 0 415 53 29 423 39 13 431 51 31 435 27 29 436 59 10 437 85 7 441 42 1 448 66 4 451 51 4 453 77 19 454 90 11 455 99 8 456 21 11 457 2 20 463 75 13 466 65 6 469 55 30 470 13 26 473 43 17 474 87 4 476 71 11 478 62 11 484 48 12 485 52 23 491 76 24 493 72 2 497 10 27 498 59 18 501 78 3 505 62 31 509 45 13 511 17 2 517 18 0 518 74 28 524 12 17 524 47 7 533 73 5 545 34 9 550 60 10 554 6 3 558 92 20 563 37 13 565 39 14 565 41 19 565 61 27 567 100 31 568 72 0 571 100 29 573 82 10 575 15 12 577 60 19 586 93 2 591 54 19 592 21 28 592 64 26 601 64 28 603 70 12 605 11 27 607 37 20 617 38 16 619 85 1 622 98 24 625 32 3 629 22 9 629 67 28 632 19 17 632 28 7 633 47 25 633 98 0 635 29 18 636 74 11 647 4 9 651 69 23 653 74 5 654 49 22 654 52 24 655 93 0 656 85 1 657 92 12 663 76 18 665 34 29 666 2 5 667 25 4 671 84 2 687 41 18 689 60 24 689 76 22 690 39 16 692 15 21 693 71 4 694 97 0 697 32 9 701 65 7 705 75 17 713 40 15 723 70 26 727 46 12 727 52 6 735 2 6 737 3 20 738 65 0 739 71 28 743 67 5 744 37 21 753 44 20 753 87 11 754 14 8 761 60 22 764 35 27 764 47 2 766 62 12 767 29 6 768 28 16 769 92 25 771 22 28 772 16 6 773 5 22 773 77 17 778 25 2 785 41 22 786 48 23 786 96 6 794 78 8 801 17 20 804 37 7 805 90 4 811 62 12 812 11 9 814 87 21 829 11 31 829 69 10 838 19 29 839 84 30 848 29 10 850 56 1 850 94 7 850 96 18 853 100 18 854 79 24 857 37 19 862 84 14 863 48 17 864 59 27 869 29 23 870 82 15 871 95 12 872 27 20 875 16 5 875 39 7 880 7 24 880 38 0 883 47 0 886 28 7 893 76 14 898 97 5 902 80 13 907 53 28 907 95 15 913 27 25 913 83 27 922 44 9 925 60 25 927 45 29 929 27 30 933 95 19 935 35 25 951 92 28 962 16 9 969 31 17 969 74 26 974 31 21 975 41 5 975 93 10 976 64 0 977 73 4 980 40 26 987 83 25 988 75 21 989 57 20 993 10 4 997 91 18 1001 85 8 1003 65 3 1009 54 3 1015 75 8 1021 24 10 1033 21 2 1034 17 24 1809 92 19 1810 13 19 1811 5 15 1811 10 11 1812 16 1 1830 34 31 1830 61 15 1833 77 1 1836 11 10 1836 47 6 1839 96 8 1840 1 13 1840 67 0 1847 21 25 1847 95 26 1854 40 17 1858 77 19 1861 69 12 1862 77 11 1864 98 25 1869 24 11 1878 16 9 1878 47 8 1878 51 18 1878 95 23 1879 98 10 1883 35 21 1883 60 30 1884 36 24 1885 9 28 1889 19 16 1890 97 17 1900 85 26 1903 84 3 1905 6 3 1906 20 30 1917 42 2 1918 25 8 1929 12 18 1938 28 20 1950 82 8 1951 70 1 1952 16 8 1959 57 22 1968 70 7 1968 95 26 1970 75 8 1973 24 31 1973 36 4 1981 45 9 1985 4 17 1985 4 29 1985 65 20 1990 47 14 1994 76 11 1998 83 16 2001 88 10 2002 38 13 2006 62 5 2006 88 18 2007 8 11 2010 36 23 2015 21 31 2018 8 28 2020 62 27 2021 88 9 2025 37 18 2028 66 19 2035 88 26 2037 5 11 2039 86 16 2040 75 25 2044 32 15 2045 57 19 2049 52 2 2049 69 12 2050 32 30 2059 27 1 2061 73 3 2064 26 12 2064 78 28 2073 11 23 2074 19 13 2075 65 22 2077 43 15 2078 36 14 2083 86 4 2084 7 18 2087 38 13 2100 20 5 2101 84 20 2107 65 21 2109 26 4 2111 6 13 2115 10 15 2120 27 23 2120 46 11 2121 35 8 2124 25 14 2126 62 24 2129 59 21 2130 21 4 2132 81 22 2134 46 15 2135 30 13 2138 7 11 2139 7 11 2152 94 1 2157 76 15 2160 34 15 2164 63 25 2165 52 27 2171 27 12 2172 61 27 2183 27 26 2186 12 21 2190 49 18 2191 24 10 2194 47 21 2195 2 14 2197 33 25 2197 69 9 2198 27 13 2199 13 11 2199 98 15 2206 41 11 2208 39 3 2208 59 12 2208 71 18 2210 71 7 2215 19 0 2216 14 17 2218 69 21 2219 19 10 2220 43 27 2220 88 20 2243 38 8 2247 67 24 2247 79 11 2253 23 9 2253 39 26 2253 81 4 2254 66 26 2261 2 2 2265 19 27 2267 10 10 2278 45 30 2283 66 2 2286 34 19 2286 47 21 2289 1 15 2291 75 19 2293 89 18 2294 71 0 2299 62 10 2306 30 10 2310 56 26 2319 91 29 2321 61 31 2321 98 26 2330 11 21 2341 81 19 2345 60 26 2346 29 17 2353 30 3 2366 81 14 2369 75 22 2370 52 28 2371 64 0 2375 11 23 2386 83 8 2387 76 12 2391 45 31 2393 7 6 2394 32 3 2394 72 2 2400 94 27 2401 2 29 2401 87 2 2403 86 0 2405 56 17 2406 72 22 2412 30 25 2412 61 7 2414 59 11 2415 39 31 2417 58 10 2417 86 20 2418 24 20 2420 47 11 2423 0 27 2424 95 11 2425 84 29 2428 33 6 2434 10 11 2434 75 19 2434 93 24 2437 68 11 2437 90 16 2438 0 4 2438 15 27 2441 85 24 2442 42 0 2446 45 29 2449 81 22 2453 38 25 2460 22 31 2462 14 8 2464 63 23 2467 10 7 2473 46 11 2473 85 29 2474 66 8 2474 89 4 2475 16 5 2476 75 17 2477 27 10 2480 61 14 2482 23 8 2484 73 4 2493 60 30 2495 8 5 2495 23 5 2495 32 26 2500 93 16 2502 42 26 2502 44 9 2502 44 10 2508 66 23 2510 24 14 2510 49 26 2514 1 23 2516 90 13 2517 4 22 2517 67 8 2517 87 6 2524 59 3 2524 85 26 2534 56 0 2535 47 0 2543 30 18 2544 83 13 2547 66 1 2550 48 25 2555 6 25 2563 43 5 2571 24 4 2571 91 8 2579 100 3 2581 66 22 2584 20 8 2585 18 5 2591 13 14 2591 73 23 2598 44 23 2602 70 13 2611 67 28 2614 46 28 2614 93 3 2621 8 20 2629 64 24 2630 38 19 2630 74 24 2634 13 13 2638 18 17 2641 38 9 2644 25 30 2648 77 5 2650 89 28 2654 0 31 2654 28 26 2655 78 0 2655 96 9 2656 51 21 2666 75 29 2670 80 25 2673 94 6 2676 28 2 2679 5 4 2679 32 12 2684 23 10 2686 60 22 2696 46 31 2703 55 9 2705 86 21 2706 71 9 2707 85 8 2708 83 9 2717 67 29 2718 3 21 2721 83 24 2723 98 27 2729 98 0 2731 60 27 2733 87 23 2737 25 21 2740 78 18 2742 24 13 2742 42 31 2749 39 3 2749 88 5 2755 13 30 2762 12 5 2763 20 10 2764 1 14 2764 64 4 2767 17 4 2769 72 20 2770 55 3 2773 82 5
962 625 0.0001 76 58 26 80 44 15 80 83 5 80 93 5 83 94 4 85 96 29 87 13 23 96 58 14 98 51 8 98 91 10 103 70 20 113 1 17 113 21 8 114 82 12 126 19 17 130 93 22 135 52 19 142 96 1 143 37 3 151 37 1 154 79 14 155 96 28 167 21 8 167 26 10 170 43 17 173 12 21 177 98 24 181 52 30 182 94 22 190 11 3 191 75 11 200 27 23 217 83 7 217 96 20 229 78 8 230 70 14 231 15 6 234 12 0 237 2 15 237 46 8 248 45 8 250 12 9 250 42 29 251 85 15 252 76 6 257 84 5 259 61 6 266 28 11 268 87 13 269 8 5 269 41 27 274 96 28 279 1 10 287 59 28 295 76 4 295 81 17 296 29 8 297 33 18 298 73 14 308 76 2 309 96 12 312 74 0 313 57 1 314 1 4 320 64 29 326 21 9 329 74 7 333 72 23 333 100 7 336 43 11 337 89 10 343 1 4 348 84 18 359 38 22 361 76 21 362 82 7 368 80 11 370 82 27 371 54 12 373 70 29 375 12 6 376 9 9 376 30 3 386 94 5 388 26 16 389 88 6 394 9 5 398 8 10 398 19 6 399 13 12 401 19 30 402 49 7 404 30 23 412 20 7 412 31 27 413 61 13 413 94 29 416 82 2 420 37 27 422 38 14 423 92 21 424 85 30 428 59 26 430 20 16 430 26 5 431 54 29 434 58 8 434 59 10 440 36 14 446 9 31 448 64 2 450 81 12 453 85 26 456 11 9 461 3 21 467 81 26 468 55 29 469 8 19 480 66 15 487 54 18 495 74 26 502 16 23 516 60 18 527 53 12 528 74 5 530 29 17 531 58 4 535 9 11 536 96 6 537 14 19 538 63 27 538 81 28 540 4 28 543 79 24 545 36 28 546 0 14 552 92 25 556 48 4 560 63 17 561 2 4 562 3 3 562 16 4 566 36 24 568 59 8 569 86 23 570 6 17 574 16 12 574 28 12 575 66 7 583 88 9 584 12 27 589 31 9 596 83 6 614 23 22 615 45 26 619 70 6 625 49 8 625 79 6 626 30 3 632 17 12 636 41 10 636 74 5 639 80 8 650 22 8 651 75 20 652 39 2 653 50 7 657 32 9 657 72 12 658 6 9 663 91 4 664 56 4 667 7 28 667 22 2 669 18 23 671 65 19 679 26 18 682 20 6 682 53 30 686 91 31 686 95 7 687 1 18 690 32 15 691 49 1 693 85 14 695 74 9 698 61 0 699 48 31 699 60 22 703 56 15 709 93 15 712 69 12 712 83 13 713 76 31 717 15 16 717 100 23 718 7 22 719 47 31 722 93 4 723 23 21 726 9 19 728 16 3 729 40 1 729 67 18 734 42 30 740 57 7 741 100 4 749 38 4 751 83 2 754 26 15 756 3 31 756 75 1 761 8 12 762 20 27 764 19 2 766 13 6 770 41 23 773 46 17 773 78 29 775 10 24 775 80 21 779 66 24 783 7 14 786 33 4 789 43 15 792 11 22 792 81 15 794 11 6 795 99 16 797 70 24 802 13 28 803 91 31 807 9 3 809 97 30 810 23 8 815 61 11 822 90 22 823 74 4 827 62 3 830 34 8 839 20 5 841 81 12 844 56 18 846 92 14 847 9 29 847 31 3 853 53 12 869 37 4 872 95 13 875 13 28 881 30 7 882 26 18 882 72 1 883 68 29 884 3 21 889 38 12 890 55 3 892 96 9 894 55 30 901 29 12 904 78 17 905 81 12 910 66 2 911 61 23 915 91 21 922 76 16 922 82 24 928 9 22 929 78 19 934 92 15 938 49 5 939 11 25 939 32 21 941 65 6 943 34 3 945 6 27 947 89 30 947 92 28 949 44 26 950 40 17 951 98 10 952 55 23 957 39 12 963 27 19 969 4 3 972 8 6 972 76 16 978 26 26 979 75 13 981 45 17 982 20 5 984 16 8 984 17 15 984 51 19 986 38 6 989 20 6 994 6 13 994 48 7 997 2 7 997 37 25 1000 76 12 1001 38 12 1001 68 8 1003 31 9 1003 72 28 1011 85 20 1012 27 5 1013 83 11 1017 76 18 1018 11 20 1029 27 7 1031 19 13 1031 77 24 1810 100 16 1813 8 24 1813 28 27 1819 33 17 1824 32 25 1827 24 1 1828 67 29 1831 6 18 1832 84 3 1833 58 22 1849 30 26 1850 69 22 1853 58 9 1855 39 11 1855 43 16 1855 81 14 1861 59 31 1866 27 14 1866 89 25 1867 18 0 1869 80 12 1871 41 12 1879 15 30 1879 70 6 1881 63 12 1882 37 6 1885 88 8 1888 84 30 1891 44 14 1902 14 9 1908 72 4 1908 92 7 1912 74 29 1914 82 27 1917 79 26 1921 30 17 1921 74 8 1925 2 17 1929 33 24 1929 55 25 1931 39 31 1936 57 29 1939 38 8 1944 51 11 1947 61 14 1949 15 17 1949 39 31 1950 67 22 1952 95 5 1954 50 18 1956 22 30 1957 3 27 1958 46 2 1972 12 6 1977 79 4 1977 100 5 1990 41 17 1991 84 19 1991 86 30 1992 23 11 1999 74 27 2000 59 19 2001 22 15 2009 51 7 2010 97 11 2011 98 30 2012 61 1 2015 10 8 2015 35 1 2017 4 7 2019 21 19 2019 34 28 2032 1 31 2033 99 0 2035 9 11 2037 51 10 2039 44 16 2040 90 22 2043 19 14 2049 81 30 2051 20 12 2053 33 10 2054 25 3 2055 22 19 2057 36 3 2058 41 8 2066 91 25 2067 61 10 2070 4 14 2072 60 16 2079 96 22 2087 35 0 2088 40 9 2088 41 16 2089 9 19 2092 38 29 2093 12 21 2096 13 6 2101 54 17 2102 39 10 2106 28 30 2107 56 2 2109 0 25 2110 39 2 2110 63 30 2110 70 10 2112 41 26 2115 54 20 2119 6 14 2120 2 10 2122 73 16 2124 88 20 2133 11 13 2138 25 10 2143 68 27 2144 38 12 2144 81 3 2151 5 1 2155 92 20 2159 91 21 2165 79 22 2166 1 6 2166 67 17 2200 58 9 2205 30 24 2212 22 12 2216 19 4 2219 71 20 2221 46 5 2226 16 15 2230 91 6 2234 42 22 2234 81 19 2240 35 30 2254 44 27 2254 75 31 2258 60 2 2258 77 25 2259 79 15 2265 26 10 2267 81 21 2268 33 20 2270 37 7 2270 37 27 2271 74 16 2272 12 12 2273 66 0 2277 35 27 2277 72 25 2279 78 19 2285 69 17 2287 64 9 2289 6 5 2289 80 5 2295 92 20 2297 14 19 2302 14 25 2304 32 20 2304 78 22 2306 98 0 2309 32 5 2316 16 0 2316 43 6 2323 9 15 2324 92 0 2325 13 13 2325 51 6 2327 67 22 2330 59 19 2334 33 26 2340 32 4 2342 19 15 2346 36 25 2346 58 5 2352 93 27 2353 75 24 2354 12 8 2360 49 17 2364 100 7 2368 66 30 2372 68 19 2373 89 29 2381 20 22 2381 65 7 2381 97 6 2382 89 10 2383 9 11 2385 47 15 2389 7 12 2389 64 1 2391 8 5 2395 55 3 2395 64 15 2400 24 2 2401 41 22 2402 75 2 2405 79 13 2409 55 26 2411 96 26 2419 96 11 2421 13 30 2422 87 15 2423 82 5 2434 45 2 2434 98 5 2436 82 17 2438 41 6 2443 10 16 2446 69 13 2457 64 21 2458 15 28 2460 63 3 2462 1 13 2466 78 15 2469 81 22 2475 55 21 2478 18 23 2481 22 4 2488 10 12 2491 21 17 2496 2 26 2500 2 23 2501 53 27 2507 73 15 2509 37 26 2510 19 14 2510 41 13 2511 10 26 2514 87 8 2514 96 5 2521 45 3 2524 12 1 2529 7 19 2533 54 2 2533 59 17 2536 26 4 2536 38 19 2537 77 8 2542 41 13 2543 53 29 2545 46 23 2547 12 4 2548 69 27 2550 44 23 2550 96 17 2554 17 9 2558 59 21 2559 54 20 2559 66 29 2561 32 0 2561 46 3 2562 25 17 2565 75 2 2569 52 27 2576 12 2 2580 77 11 2581 49 27 2584 36 16 2584 37 13 2586 53 26 2589 30 10 2596 64 22 2612 64 30 2617 56 13 2622 84 31 2624 37 11 2626 89 13 2635 78 1 2637 37 23 2639 58 9 2640 76 4 2644 46 26 2646 96 16 2656 26 15 2656 40 4 2665 26 23 2665 49 5 2668 21 19 2669 43 30 2669 97 13 2682 72 17 2685 50 4 2694 18 30 2699 65 5 2703 32 0 2706 8 10 2707 37 3 2708 99 3 2709 51 11 2711 69 31 2713 58 12 2717 80 24 2719 82 23 2720 61 15 2722 10 30 2729 53 23 2731 48 3 2738 74 4 2740 60 15 2740 61 4 2743 27 25 2745 21 2 2749 11 24 2751 86 6 2755 92 12 2761 3 8 2762 40 15 2763 12 7 2771 46 22 2774 84 17 2775 8 3 2775 23 14
963 625 0.0001 78 69 30 79 12 23 79 15 16 79 90 5 82 81 31 84 61 22 84 89 20 85 78 31 91 73 28 96 44 30 98 60 25 103 23 5 106 78 25 107 38 17 108 41 3 110 70 27 110 91 4 111 18 11 111 74 5 116 68 4 118 65 31 126 25 8 129 24 8 131 14 18 132 70 27 135 42 22 136 62 14 136 65 21 141 81 28 150 50 22 152 72 13 153 9 23 154 39 9 155 40 17 156 51 9 156 54 23 164 29 8 164 83 3 169 11 12 172 77 9 179 29 23 182 48 30 183 2 22 184 37 21 184 89 30 188 47 22 191 72 0 195 44 18 197 7 18 198 30 23 199 6 18 203 5 0 203 80 21 215 49 19 217 93 0 219 28 29 224 68 29 230 43 26 231 39 12 235 80 9 235 99 23 241 35 29 242 61 28 249 14 10 250 0 31 252 23 28 254 21 26 257 93 22 266 90 24 270 62 4 274 71 5 280 99 9 281 21 30 283 39 7 285 99 26 286 31 13 300 23 1 300 80 16 309 66 28 310 99 10 311 44 19 313 94 5 316 4 14 324 90 26 325 63 26 328 16 24 328 52 27 330 60 21 330 62 14 330 66 15 337 40 25 344 80 13 345 15 4 349 95 19 352 42 20 353 71 2 364 32 26 367 0 8 371 34 23 374 0 26 380 49 10 380 91 19 385 19 24 391 86 23 394 8 1 400 36 10 407 41 8 408 99 21 413 57 27 421 19 0 421 62 6 423 80 19 425 22 22 430 89 12 431 69 3 431 79 4 435 36 15 437 12 19 437 70 7 442 73 28 443 53 31 447 26 7 458 45 24 458 54 26 458 100 11 459 79 8 462 34 0 466 24 18 467 70 30 479 81 8 490 91 4 501 53 28 504 76 2 505 44 0 507 0 17 510 99 1 511 75 27 512 77 13 513 11 22 514 23 5 520 28 27 522 65 22 525 69 20 529 65 28 530 16 12 534 75 10 536 74 15 537 80 24 540 1 7 542 55 11 542 97 6 545 85 7 546 76 1 554 45 3 558 8 27 560 73 1 561 80 26 563 68 17 565 50 8 566 19 14 570 63 4 571 95 19 572 59 25 573 20 9 573 30 2 576 10 2 576 91 11 579 36 13 579 44 4 579 84 25 580 50 2 580 59 26 582 43 26 587 5 25 588 14 3 593 66 20 593 91 2 598 67 14 602 81 12 607 88 9 608 84 1 609 38 25 616 63 21 618 57 23 618 79 31 619 24 29 621 92 18 622 88 23 623 11 29 625 33 30 633 29 15 635 72 7 638 98 5 646 41 27 658 48 1 658 56 18 670 43 15 671 100 7 673 55 3 674 11 1 678 47 28 686 35 1 686 76 2 690 96 9 691 11 3 693 82 26 696 62 4 697 43 13 698 67 30 702 13 30 703 18 8 705 90 20 707 31 10 707 92 18 709 26 15 711 11 3 713 5 14 723 91 25 724 97 2 732 12 8 735 35 18 736 88 20 740 13 31 741 41 1 745 59 27 746 31 5 747 69 25 747 70 1 751 80 0 754 5 8 758 15 16 758 50 9 759 71 7 764 6 25 765 76 11 776 45 9 778 19 21 778 81 25 780 12 19 787 70 22 788 23 25 789 50 4 793 69 18 796 25 8 805 39 3 806 8 31 807 36 0 809 36 22 811 28 1 811 31 11 813 87 12 814 43 26 817 36 26 818 0 19 819 43 20 822 63 0 824 67 8 824 96 0 839 25 30 845 63 13 852 50 29 856 40 3 857 19 28 864 19 6 873 41 23 874 46 0 881 26 4 882 40 24 888 10 2 890 20 27 893 18 7 895 71 3 898 8 25 903 73 27 913 78 0 914 86 17 921 73 24 921 88 1 924 53 5 926 75 20 927 79 8 941 78 26 942 94 17 948 77 9 949 99 21 951 15 26 953 3 11 953 80 30 957 75 23 958 41 28 968 58 0 972 61 8 976 22 25 976 35 3 976 78 14 979 10 8 984 5 30 986 10 1 986 12 7 990 64 30 991 45 6 992 4 23 992 17 17 998 74 18 1006 41 9 1011 68 8 1016 81 11 1019 66 22 1021 43 2 1026 28 5 1032 19 9 1032 68 27 1036 68 10 1039 90 18 1810 80 15 1813 99 15 1818 76 26 1818 93 11 1819 36 25 1823 74 22 1832 34 31 1835 3 16 1835 94 24 1838 20 20 1838 41 29 1839 39 20 1843 68 13 1844 1 13 1845 30 8 1849 95 26 1854 23 2 1859 87 6 1865 19 14 1865 20 17 1867 15 17 1872 59 22 1872 93 15 1875 7 17 1876 88 2 1878 53 27 1889 83 8 1900 31 21 1901 8 19 1902 55 31 1903 68 5 1908 33 19 1908 54 13 1909 12 7 1911 66 4 1913 22 18 1935 86 6 1936 65 27 1937 34 20 1937 58 7 1938 53 21 1940 20 5 1943 66 14 1947 70 25 1948 24 18 1949 22 8 1952 41 23 1958 53 30 1958 56 14 1960 11 15 1960 88 26 1962 39 13 1963 23 23 1965 88 12 1967 26 12 1970 1 28 1976 6 22 1977 7 7 1980 27 31 1982 90 14 1992 81 24 1994 64 27 1995 31 29 1996 81 5 1997 66 2 2001 34 17 2001 92 6 2002 99 19 2005 28 14 2010 61 16 2012 50 5 2014 80 30 2015 15 3 2020 69 29 2027 9 4 2028 1 8 2028 34 24 2028 46 22 2028 72 5 2031 14 22 2033 23 29 2033 31 10 2034 66 28 2035 32 27 2039 37 1 2045 10 21 2051 59 15 2057 8 3 2060 23 16 2061 38 8 2062 59 26 2065 5 27 2076 39 0 2076 41 14 2080 97 29 2086 81 12 2090 51 26 2098 80 29 2105 46 22 2115 20 18 2118 17 27 2122 86 1 2128 75 4 2129 99 24 2135 4 25 2135 46 27 2136 28 1 2140 80 23 2151 22 23 2152 69 25 2152 80 10 2155 65 1 2155 84 28 2156 41 7 2157 59 23 2158 89 6 2173 18 20 2183 19 30 2183 84 29 2188 37 15 2191 28 4 2195 75 9 2199 71 31 2200 60 25 2207 33 25 2214 92 12 2220 39 30 2220 48 18 2221 62 8 2225 94 29 2238 14 23 2240 96 8 2242 45 28 2249 9 18 2250 4 18 2252 11 3 2253 26 17 2254 33 22 2254 43 6 2260 53 26 2264 77 3 2264 88 20 2278 95 2 2279 35 29 2283 4 28 2287 63 8 2287 98 11 2290 92 15 2295 90 31 2296 38 3 2297 83 10 2299 61 30 2301 73 8 2304 39 0 2308 45 15 2309 17 14 2313 27 31 2316 20 16 2318 45 28 2319 85 30 2320 39 30 2322 100 10 2323 14 16 2324 8 27 2330 88 19 2330 98 13 2331 4 9 2334 99 12 2335 34 24 2339 85 8 2340 68 14 2345 59 15 2345 62 10 2348 63 17 2349 57 23 2350 9 2 2350 87 9 2352 49 24 2352 89 1 2363 64 2 2364 68 22 2365 50 14 2368 52 5 2368 53 31 2369 99 29 2370 10 8 2373 100 26 2376 91 25 2378 25 24 2381 0 4 2382 15 12 2387 88 11 2389 37 22 2392 100 17 2400 97 30 2402 49 25 2403 44 1 2404 4 16 2406 47 31 2408 5 9 2408 82 25 2409 39 13 2410 99 8 2413 42 4 2418 11 31 2422 41 2 2423 53 20 2425 95 8 2430 97 27 2435 30 25 2439 54 4 2443 60 16 2446 10 14 2447 40 13 2451 71 25 2452 48 10 2455 80 13 2459 98 9 2465 29 26 2468 82 20 2473 65 10 2474 34 8 2475 52 11 2486 93 16 2491 85 23 2493 76 1 2494 42 16 2504 61 6 2504 93 2 2521 61 7 2523 26 27 2530 35 9 2532 55 15 2533 23 13 2534 7 11 2535 28 31 2545 48 17 2547 31 15 2556 49 13 2561 62 10 2562 28 11 2565 65 2 2568 67 15 2576 19 7 2581 57 25 2584 2 4 2586 73 15 2588 59 0 2591 89 6 2598 17 19 2599 52 15 2602 97 25 2606 47 17 2606 54 11 2610 94 19 2612 5 1 2614 67 7 2616 20 11 2617 1 17 2618 8 21 2621 94 30 2629 44 17 2635 13 20 2640 26 28 2645 5 7 2648 26 17 2655 32 17 2655 72 6 2656 54 4 2660 76 1 2663 32 28 2664 43 25 2665 57 8 2667 19 9 2670 3 27 2670 4 10 2670 4 11 2672 97 16 2673 78 9 2677 20 28 2677 66 3 2678 99 31 2679 92 22 2689 88 2 2691 43 11 2693 28 3 2697 88 9 2700 48 7 2703 61 29 2705 6 25 2710 0 19 2711 53 9 2712 42 1 2725 52 9 2727 46 28 2729 44 27 2733 17 2 2733 38 16 2733 54 19 2747 71 8 2748 24 6 2748 46 11 2748 64 28 2749 17 15 2753 14 23 2755 51 31 2765 8 17 2766 19 18 2773 60 29 2774 16 4 2774 65 14
964 625 0.0001 73 40 21 77 58 1 79 71 15 80 5 0 81 5 15 84 41 28 85 35 17 93 11 3 94 61 17 96 21 7 99 11 7 102 19 30 104 7 14 105 26 17 108 79 3 109 9 21 121 45 3 124 7 16 125 26 2 133 22 22 134 73 31 139 70 18 145 39 18 146 0 28 147 79 17 155 58 24 156 4 18 166 32 3 168 70 3 170 73 1 171 95 29 172 63 12 175 11 27 185 23 17 187 14 15 190 21 13 191 58 12 202 36 31 208 29 31 210 28 11 214 6 25 221 52 11 225 4 10 225 37 14 227 100 28 230 43 18 234 33 1 238 22 8 239 78 27 248 43 2 250 83 7 251 15 7 253 20 22 257 68 0 263 49 24 266 30 13 266 30 20 273 83 7 280 28 7 291 10 27 291 21 27 298 11 13 299 52 30 304 22 1 304 93 15 313 39 26 317 33 15 318 28 17 320 37 31 321 5 28 321 6 0 325 34 28 325 45 15 326 52 16 330 26 29 334 51 14 335 37 29 338 8 6 339 55 0 342 53 31 344 51 10 345 80 25 346 26 14 358 98 20 359 49 23 361 82 22 364 77 31 367 60 17 371 46 29 372 36 5 372 68 29 374 25 27 381 11 29 381 28 9 382 8 27 382 30 1 384 65 8 385 50 17 385 84 26 394 32 20 395 10 20 403 23 23 403 52 5 415 79 30 427 5 22 428 74 16 432 47 6 439 16 15 446 62 13 449 70 13 453 4 31 455 8 25 456 10 8 456 76 18 457 63 31 469 70 26 473 25 26 478 92 31 482 35 16 483 20 25 485 46 20 486 19 6 488 39 4 489 16 16 489 71 11 490 32 18 492 65 11 497 80 24 500 52 5 501 99 20 506 54 17 509 0 10 509 59 9 510 89 26 511 75 24 513 69 25 516 19 13 516 32 9 518 39 30 521 27 27 521 95 11 527 88 16 530 41 16 530 94 5 532 98 4 541 54 12 544 56 11 548 89 12 548 100 13 551 27 20 552 25 18 553 55 4 557 13 2 560 44 18 561 11 13 568 37 13 568 99 18 576 98 5 583 78 7 587 16 0 588 19 31 588 56 10 592 38 25 596 28 15 598 44 10 599 25 20 601 31 12 606 43 16 608 58 19 611 39 15 618 73 14 618 79 8 619 43 15 619 62 5 621 62 10 623 59 17 624 23 14 624 72 13 629 76 18 632 20 23 632 57 7 635 91 17 639 71 26 640 55 12 656 1 0 656 61 7 657 18 10 671 14 1 676 8 1 679 35 14 683 37 4 686 41 20 687 15 15 694 92 18 702 75 16 709 76 23 709 86 9 710 5 2 718 25 13 720 46 28 724 12 2 727 0 3 730 90 21 734 96 24 742 50 25 742 94 11 744 22 12 744 86 16 747 81 17 749 44 31 752 9 7 753 14 25 756 47 29 757 55 9 758 71 6 761 6 4 761 74 4 762 64 28 769 20 31 777 84 23 784 87 31 788 0 26 791 66 26 792 84 18 793 71 21 798 47 28 798 65 2 817 37 31 818 40 22 819 22 27 823 39 1 825 89 0 827 13 21 827 64 2 828 88 11 835 13 19 839 18 24 841 74 26 849 18 5 853 39 10 853 86 30 857 3 22 859 73 23 862 53 24 862 88 11 863 23 10 868 93 9 882 35 12 883 24 24 884 68 8 887 74 11 895 39 27 901 65 29 905 88 2 907 81 20 911 59 8 922 30 28 922 56 24 922 75 7 929 84 24 930 24 11 930 99 11 934 32 10 937 95 2 949 30 29 950 86 20 958 59 25 959 16 6 959 18 18 959 27 13 963 49 8 964 25 17 965 86 5 971 5 2 975 32 25 976 13 9 977 98 13 982 12 24 982 70 12 985 3 10 985 81 14 991 70 5 991 70 13 996 86 0 997 37 19 999 17 19 1000 12 20 1001 41 23 1003 30 10 1005 27 21 1007 95 13 1008 3 24 1008 16 21 1009 98 5 1015 5 14 1016 94 27 1019 79 23 1020 70 26 1031 49 17 1036 6 31 1037 26 1 1038 66 19 1039 21 23 1811 67 6 1815 16 10 1819 38 10 1822 98 30 1825 7 17 1827 90 25 1828 93 14 1832 38 13 1836 40 2 1842 12 27 1847 33 26 1854 28 5 1854 92 17 1860 79 3 1861 63 6 1862 96 31 1867 77 12 1876 16 21 1876 92 3 1882 63 20 1884 49 3 1892 49 10 1893 78 25 1896 7 25 1898 57 21 1900 34 12 1901 68 17 1903 94 9 1907 20 14 1907 82 2 1909 46 17 1911 38 16 1912 56 18 1913 59 10 1914 81 4 1914 97 22 1917 20 30 1918 49 28 1918 82 18 1919 28 20 1921 38 29 1922 50 5 1925 69 0 1930 12 15 1931 41 1 1933 85 8 1933 86 12 1940 62 6 1941 52 12 1944 44 23 1947 31 2 1950 4 6 1954 25 28 1956 19 13 1956 53 8 1961 74 14 1965 75 17 1966 60 3 1972 82 16 1973 55 21 1974 19 7 1975 6 30 1975 50 7 1976 70 11 1977 41 20 1981 12 26 1981 93 2 1983 64 16 1992 51 30 1994 3 6 1997 97 21 2002 74 2 2005 66 24 2018 26 24 2018 66 0 2018 70 25 2022 80 0 2024 33 3 2026 27 16 2029 12 9 2033 20 24 2033 59 21 2033 80 13 2038 33 27 2039 26 12 2040 46 18 2042 11 15 2047 86 10 2048 22 19 2049 65 3 2058 69 25 2062 65 17 2068 75 25 2070 64 9 2076 67 29 2079 33 22 2082 3 20 2088 0 3 2092 24 30 2092 65 26 2104 73 21 2116 16 23 2118 8 3 2119 99 22 2120 65 24 2121 93 7 2125 10 17 2133 23 5 2135 59 20 2136 36 18 2136 41 30 2137 35 0 2141 28 1 2143 52 14 2144 24 15 2148 12 12 2149 97 8 2155 40 31 2157 91 16 2169 42 22 2174 91 2 2180 54 11 2182 55 12 2188 65 4 2193 48 6 2195 16 16 2197 43 19 2198 36 3 2209 46 13 2212 89 31 2217 38 21 2219 78 5 2223 51 30 2227 60 12 2229 99 9 2230 62 14 2233 28 24 2233 83 2 2235 93 10 2237 95 2 2241 18 6 2242 86 31 2251 95 11 2272 5 2 2272 33 28 2275 51 0 2276 2 22 2278 59 0 2279 1 20 2281 34 26 2282 13 22 2282 95 26 2284 48 3 2289 57 20 2290 9 12 2302 39 1 2302 59 20 2304 19 15 2304 78 25 2306 34 28 2307 56 23 2308 18 18 2308 84 5 2320 47 17 2323 75 30 2324 20 23 2327 85 23 2328 47 27 2335 72 24 2336 21 9 2336 24 30 2336 95 6 2337 16 28 2337 100 28 2339 42 24 2341 74 20 2343 22 30 2345 49 16 2346 23 13 2349 17 23 2355 1 27 2355 54 17 2357 81 23 2357 97 26 2358 53 26 2362 71 1 2363 63 26 2368 21 12 2370 95 11 2376 10 10 2386 18 2 2386 25 18 2387 13 13 2390 70 24 2392 30 9 2396 80 2 2398 27 30 2399 44 27 2401 38 7 2402 58 29 2404 2 29 2407 17 28 2407 83 11 2412 4 29 2412 71 7 2413 4 10 2414 53 10 2416 83 30 2419 73 13 2428 33 28 2429 72 19 2430 17 31 2431 91 26 2433 69 29 2434 75 15 2438 90 27 2439 68 18 2441 2 31 2442 100 24 2445 70 30 2455 65 11 2459 78 8 2461 40 10 2464 87 16 2465 9 24 2465 71 11 2469 3 26 2471 7 28 2471 75 7 2475 70 13 2487 0 31 2488 70 9 2489 94 11 2493 43 26 2494 51 30 2494 75 6 2495 37 22 2498 57 0 2512 78 27 2514 98 22 2517 84 23 2520 8 5 2525 24 11 2527 86 21 2530 66 6 2531 2 6 2538 34 10 2539 68 20 2541 3 20 2542 97 20 2543 49 7 2553 87 29 2560 34 21 2562 55 14 2563 4 12 2564 47 31 2566 86 14 2568 45 9 2569 64 22 2573 43 3 2574 35 13 2574 67 28 2578 63 12 2578 84 6 2581 47 8 2582 57 11 2584 38 25 2585 21 26 2585 95 27 2588 63 29 2592 68 7 2593 8 25 2596 33 10 2596 35 23 2599 58 5 2601 19 16 2601 56 30 2604 24 9 2607 57 0 2608 7 17 2608 11 22 2609 22 0 2617 99 26 2623 50 8 2625 23 9 2627 48 11 2632 84 24 2634 43 25 2641 11 18 2642 9 21 2647 33 8 2652 17 9 2652 80 14 2655 69 5 2655 93 31 2664 20 0 2667 67 11 2672 97 8 2678 7 3 2681 87 0 2691 87 29 2694 33 26 2701 10 3 2701 99 31 2704 5 2 2707 37 26 2707 100 12 2709 86 3 2710 17 8 2718 45 11 2721 48 29 2721 81 28 2722 84 1 2728 94 16 2733 14 2 2737 18 19 2739 97 9 2742 68 14 2746 50 3 2748 32 5 2749 53 13 2769 8 11
965 625 0.0001 73 70 24 73 80 21 73 85 23 76 28 14 76 99 2 83 49 4 84 2 22 84 67 9 84 76 31 85 20 0 90 33 13 92 84 21 100 35 2 103 68 31 106 57 19 108 83 19 110 74 8 110 100 28 116 95 2 123 49 5 127 18 21 127 20 8 128 21 12 129 71 16 148 90 5 150 10 26 154 22 2 154 75 12 160 71 20 165 92 3 170 53 25 172 62 1 172 86 20 177 44 6 183 44 23 190 35 17 190 79 1 193 46 5 195 20 28 196 8 9 197 14 15 199 13 19 202 19 30 207 78 22 208 9 6 219 24 3 222 30 24 224 46 6 226 55 13 231 64 28 245 20 20 245 33 15 246 26 7 246 81 26 247 46 14 249 60 28 249 64 12 262 72 17 263 43 8 266 27 19 269 63 14 277 29 27 281 21 12 281 42 1 283 87 9 288 8 17 288 91 25 288 93 23 290 52 11 292 25 31 297 23 13 297 99 12 303 10 14 303 29 13 305 85 27 311 87 4 314 90 31 319 24 16 325 70 13 327 19 25 331 81 5 335 42 19 344 59 5 345 29 4 345 85 0 348 92 27 351 68 22 351 73 5 355 90 9 356 77 21 361 48 5 368 2 24 369 85 5 377 64 26 380 13 27 390 52 20 391 72 22 392 12 5 396 53 17 406 79 28 411 64 28 411 83 14 413 39 23 419 65 30 421 58 30 424 49 27 426 36 0 427 62 14 433 22 22 433 58 7 435 85 16 436 87 12 437 19 19 438 98 24 446 21 9 450 26 27 457 47 12 460 54 12 465 55 9 471 68 9 472 48 16 485 52 0 486 3 9 487 23 30 488 26 20 489 44 24 493 32 9 500 12 24 501 44 7 503 81 10 505 87 9 506 50 25 515 8 11 516 23 9 517 14 12 520 50 17 520 57 19 522 99 16 525 66 31 528 79 3 529 90 2 541 32 18 543 67 19 543 71 30 543 100 16 544 23 0 545 85 17 551 20 0 553 20 8 553 80 25 563 58 7 566 51 15 567 9 21 574 2 27 575 27 25 580 12 9 580 47 31 584 29 21 586 12 2 587 23 4 588 75 26 589 30 24 590 29 24 593 80 2 596 45 16 602 10 19 607 97 10 610 78 3 612 62 28 615 15 12 615 24 23 615 37 9 615 78 2 615 95 25 616 38 18 622 0 6 624 52 20 631 14 6 631 15 27 631 77 10 632 93 15 634 48 30 640 40 30 641 53 16 643 99 29 651 8 0 651 25 29 651 50 20 653 26 14 656 78 14 657 99 31 662 9 30 663 65 19 671 17 6 672 37 11 672 37 22 675 21 5 677 33 17 679 71 5 680 80 8 694 76 0 696 34 25 701 69 28 702 43 24 704 19 17 707 47 6 709 3 19 711 18 2 712 26 19 729 36 1 752 48 2 760 21 2 763 42 13 763 61 28 765 44 17 766 69 10 770 52 22 771 43 19 772 23 7 774 49 24 780 6 9 784 24 27 784 25 0 784 38 3 794 89 3 799 1 10 802 28 1 805 10 28 806 51 26 807 25 22 813 49 13 816 68 25 824 39 22 827 25 9 833 72 23 835 71 22 838 55 26 838 94 8 840 98 19 846 50 4 846 70 17 847 8 29 848 39 2 855 1 3 855 36 9 855 78 30 856 15 2 856 35 24 856 61 14 857 69 6 861 71 18 862 47 17 863 62 14 867 2 30 867 4 28 870 61 8 871 73 7 877 92 30 878 55 4 879 91 7 881 23 26 881 52 17 883 7 23 887 90 23 892 72 5 896 89 29 901 33 24 903 33 12 909 77 3 911 5 1 917 54 27 917 69 8 924 56 3 927 61 21 929 3 12 931 17 15 934 96 21 940 6 29 940 89 4 941 68 16 941 96 27 943 79 1 944 26 25 947 12 31 950 42 9 950 100 10 954 78 0 955 62 11 956 39 6 960 0 29 960 8 13 961 55 19 963 98 23 964 17 4 967 7 3 969 6 22 970 37 16 972 15 25 977 95 24 981 21 30 987 14 17 987 62 12 990 79 13 991 83 12 995 16 1 998 26 13 999 59 1 1002 28 4 1006 48 7 1012 37 16 1014 78 29 1015 5 7 1020 72 16 1023 54 0 1030 17 1 1033 72 18 1033 98 30 1813 43 18 1815 40 8 1820 57 19 1821 87 28 1822 21 21 1824 71 28 1830 90 29 1831 44 22 1836 26 23 1836 94 22 1837 26 21 1837 58 25 1841 38 12 1842 96 14 1846 20 3 1848 28 18 1849 26 11 1851 91 16 1852 67 8 1853 5 26 1857 28 22 1858 26 10 1859 82 28 1860 48 0 1863 27 23 1866 35 31 1866 58 1 1868 77 28 1873 26 15 1877 85 31 1878 60 27 1879 19 8 1882 85 4 1883 82 20 1888 13 20 1889 78 19 1900 99 10 1909 43 27 1914 98 23 1918 81 15 1919 35 1 1929 71 21 1935 15 29 1937 59 15 1937 74 14 1940 41 19 1940 42 23 1948 42 19 1949 74 5 1952 32 9 1956 81 27 1968 11 16 1968 20 12 1968 24 29 1970 4 17 1972 37 24 1983 82 7 1984 12 17 1990 89 25 1991 41 22 1995 2 15 1996 40 9 2000 69 21 2004 15 27 2009 92 2 2010 14 22 2019 83 15 2020 41 4 2021 2 7 2024 88 28 2032 4 7 2032 89 18 2035 37 10 2035 59 4 2039 22 21 2039 75 1 2040 61 31 2042 78 29 2044 76 22 2046 32 22 2047 14 27 2047 96 31 2049 98 23 2052 35 27 2052 50 9 2056 28 4 2059 35 14 2063 1 0 2070 63 22 2078 43 26 2087 81 7 2093 30 17 2094 17 27 2097 94 9 2099 2 26 2099 4 31 2101 20 13 2103 86 3 2107 81 9 2107 90 15 2113 32 17 2114 48 20 2116 89 18 2125 58 23 2126 87 10 2128 71 17 2130 38 11 2135 97 17 2140 59 26 2144 19 7 2145 39 23 2146 97 31 2148 31 19 2158 39 12 2158 85 28 2169 38 9 2173 41 28 2174 87 2 2175 59 27 2177 34 31 2178 62 18 2182 68 4 2184 35 23 2187 10 25 2188 71 22 2193 68 31 2196 7 23 2214 60 18 2218 99 14 2221 12 29 2226 78 30 2227 28 17 2228 39 9 2230 20 1 2240 46 5 2242 46 20 2245 43 25 2252 51 3 2265 62 0 2265 84 11 2268 29 28 2272 20 9 2276 88 31 2278 12 26 2293 77 18 2298 54 20 2299 79 6 2302 84 16 2303 27 8 2310 50 1 2314 80 5 2315 75 21 2316 84 30 2320 9 20 2321 54 11 2322 2 30 2330 35 1 2331 52 14 2332 22 25 2337 33 6 2345 6 13 2347 19 15 2354 15 13 2361 99 20 2362 37 29 2363 48 19 2363 51 20 2372 31 12 2372 52 22 2378 81 19 2379 96 1 2385 58 2 2385 59 29 2386 90 31 2395 48 13 2397 10 1 2397 12 1 2399 96 12 2401 41 6 2403 85 23 2405 17 30 2405 92 11 2407 10 9 2407 45 21 2408 52 15 2408 91 2 2411 33 18 2417 41 7 2418 88 6 2430 10 27 2430 13 30 2431 46 8 2432 21 8 2434 27 3 2434 93 6 2435 32 6 2436 88 15 2441 38 13 2442 54 14 2446 22 27 2446 76 0 2458 58 17 2461 2 15 2461 27 5 2481 56 1 2481 87 28 2483 77 14 2484 57 15 2487 78 15 2488 21 13 2488 41 7 2497 82 30 2501 85 14 2503 84 9 2505 59 14 2508 33 29 2509 26 12 2512 77 30 2514 84 4 2517 60 28 2518 13 3 2518 15 21 2519 65 4 2519 74 7 2520 32 30 2522 14 25 2523 60 14 2524 50 7 2524 87 30 2530 84 25 2533 64 29 2536 51 9 2538 82 10 2546 23 8 2547 41 20 2547 68 31 2557 29 19 2559 75 19 2561 59 27 2565 84 16 2566 81 19 2567 37 29 2567 59 3 2570 94 0 2576 30 31 2581 7 29 2582 68 8 2583 89 22 2586 29 29 2587 92 25 2588 23 0 2590 18 8 2594 12 14 2594 49 26 2596 12 2 2599 18 28 2599 63 4 2599 79 11 2601 2 30 2603 4 2 2607 35 28 2611 52 9 2620 99 8 2625 10 12 2625 81 26 2626 8 31 2627 80 4 2629 6 23 2629 62 5 2635 96 14 2649 48 10 2656 78 20 2666 56 31 2677 90 11 2680 20 29 2680 31 14 2680 76 18 2680 93 24 2681 31 17 2684 18 11 2686 64 2 2689 38 0 2695 94 12 2697 32 17 2698 38 26 2705 27 26 2705 97 10 2707 95 31 2708 28 10 2708 76 4 2721 39 26 2725 14 10 2726 21 17 2727 50 6 2730 56 2 2734 11 28 2734 93 30 2736 89 21 2737 21 22 2744 99 21 2749 73 24 2751 3 1 2753 99 11 2756 4 27 2757 34 12 2761 28 3 2761 96 3 2774 33 6
966 625 0.0001 73 91 2 74 18 21 77 89 30 82 32 17 83 79 11 85 59 7 86 38 13 86 50 17 89 67 27 89 87 20 90 21 8 90 100 29 91 78 23 97 32 21 97 66 8 98 50 21 98 79 27 103 41 17 107 69 13 116 90 7 118 9 2 118 90 8 120 65 17 122 78 1 124 3 6 127 73 12 128 61 7 130 74 16 137 20 4 137 52 15 142 4 13 142 84 8 145 18 23 154 73 7 161 4 6 165 21 7 165 93 23 167 3 20 169 55 11 178 23 1 179 78 3 182 54 11 187 3 15 188 0 17 189 21 5 194 15 1 197 31 13 200 41 21 202 100 5 203 7 4 209 80 18 211 13 22 214 92 0 216 48 16 220 60 14 225 15 26 227 5 29 227 45 27 233 83 21 236 36 15 242 40 20 246 50 1 256 41 15 267 100 12 268 96 23 272 84 31 276 78 15 285 7 0 287 70 3 288 3 12 288 10 4 289 13 23 289 40 11 291 9 7 295 7 9 297 45 17 299 6 18 299 65 12 303 14 0 306 22 1 308 55 25 309 29 31 316 0 12 322 27 2 322 100 0 326 80 25 328 98 16 329 15 2 335 6 27 340 68 30 345 13 29 348 1 26 353 41 20 361 88 29 365 90 28 366 41 29 371 70 20 373 14 2 373 84 25 375 43 4 381 87 10 391 37 26 391 67 10 396 55 13 398 56 9 399 35 3 404 27 15 407 60 2 410 5 25 411 64 25 415 55 16 421 42 14 428 2 5 429 91 6 432 14 19 432 91 24 433 39 6 434 13 4 435 25 31 437 10 26 438 47 2 440 81 29 444 14 4 450 44 26 453 48 12 455 56 14 457 33 10 457 53 7 458 56 14 464 61 2 467 76 24 468 94 12 470 85 29 471 3 21 479 71 7 480 2 21 486 17 4 486 100 7 489 81 3 503 31 21 505 3 20 508 97 11 513 53 3 518 39 14 532 97 10 536 19 14 538 77 20 545 49 0 545 59 13 546 56 28 554 64 5 558 19 17 559 14 12 561 85 1 563 95 17 564 43 1 569 5 17 572 63 0 575 5 25 581 91 8 585 17 20 586 50 4 587 58 17 594 61 23 595 5 17 603 7 28 603 23 8 605 66 1 605 69 16 611 89 4 616 5 6 626 9 15 626 89 24 633 48 9 633 50 11 634 95 8 636 28 20 639 27 5 645 11 30 645 73 13 656 7 8 662 15 25 664 92 18 665 50 25 665 58 11 665 91 7 667 64 24 670 71 13 670 80 25 672 52 23 685 55 1 686 52 4 688 97 22 689 5 18 703 40 25 708 44 21 710 23 26 712 37 1 712 55 20 715 27 25 722 78 14 724 46 18 725 19 31 726 37 31 726 44 30 726 65 15 728 67 12 731 59 9 732 47 15 732 58 25 733 49 28 734 48 18 735 57 26 743 19 0 753 78 10 756 44 1 756 53 15 759 13 25 759 38 21 759 50 0 761 84 18 766 2 28 768 7 6 773 13 11 778 15 12 779 87 21 781 90 22 782 43 8 788 52 14 793 33 27 793 45 24 795 69 31 803 59 4 805 85 24 807 16 4 811 68 22 812 74 17 813 61 29 815 27 9 815 75 12 815 87 30 817 65 4 822 28 26 824 34 29 827 38 6 828 33 25 829 91 24 832 84 25 834 1 14 841 34 12 844 96 23 853 86 11 853 96 23 854 42 2 857 66 20 859 59 20 859 84 5 864 95 16 868 56 31 876 10 7 882 5 24 884 99 4 891 3 14 897 41 4 898 23 19 910 91 18 913 49 23 914 42 31 916 46 31 924 67 29 925 36 11 930 4 16 932 68 31 932 79 24 946 84 8 951 19 24 953 23 21 953 51 23 953 89 30 954 56 30 957 75 23 960 11 27 969 10 17 969 92 30 972 48 9 974 55 2 975 9 30 978 8 29 978 87 31 979 42 19 979 47 7 980 31 13 980 57 10 981 24 14 981 25 27 990 73 3 992 82 13 994 23 9 997 14 2 998 54 13 1012 3 30 1014 56 15 1015 4 2 1022 75 22 1023 69 31 1024 52 5 1024 59 3 1027 27 24 1031 63 11 1033 8 0 1033 19 14 1034 96 30 1035 52 16 1810 79 13 1816 43 30 1818 93 24 1820 59 17 1821 4 18 1824 57 10 1825 95 30 1827 69 29 1828 28 20 1829 70 13 1829 73 19 1836 56 22 1837 99 9 1845 77 15 1849 48 13 1854 34 6 1861 71 24 1861 99 3 1864 37 19 1867 97 9 1868 43 24 1875 24 3 1876 65 23 1880 28 27 1883 37 29 1885 32 27 1896 68 12 1896 70 24 1897 74 7 1898 64 23 1906 75 11 1907 43 2 1912 28 17 1918 84 24 1919 74 21 1920 35 31 1920 41 30 1920 85 28 1923 8 24 1930 50 10 1931 1 21 1931 2 19 1935 54 26 1936 87 8 1939 63 13 1941 21 25 1941 100 16 1946 25 16 1947 65 25 1948 91 29 1949 55 31 1950 11 5 1951 16 13 1951 41 31 1955 81 10 1958 27 7 1959 30 9 1964 57 28 1967 14 1 1967 97 2 1975 8 27 1975 90 8 1976 67 6 1983 54 21 1989 83 1 1998 28 8 2000 59 16 2004 39 17 2005 39 23 2007 47 13 2011 41 11 2015 39 0 2015 68 14 2017 66 19 2018 95 19 2019 24 6 2021 43 24 2025 46 18 2029 10 22 2029 58 11 2029 64 20 2032 29 20 2038 65 17 2042 24 0 2042 73 1 2058 0 9 2062 86 5 2067 66 16 2070 94 9 2075 25 25 2076 50 6 2079 32 10 2080 11 16 2082 5 10 2082 70 18 2084 33 11 2088 14 20 2090 7 25 2091 54 24 2091 59 12 2092 99 27 2093 95 16 2097 3 17 2102 46 26 2102 72 16 2104 78 19 2106 76 27 2108 56 30 2115 80 22 2127 89 25 2128 65 18 2133 40 17 2138 97 11 2143 2 23 2148 47 5 2162 73 25 2164 27 8 2167 72 24 2170 100 10 2178 29 28 2182 91 14 2183 33 14 2184 56 25 2188 66 0 2194 86 20 2198 6 1 2198 9 17 2198 44 20 2205 27 2 2207 3 5 2207 17 12 2207 32 30 2221 94 30 2226 64 12 2236 18 8 2240 82 0 2254 29 17 2257 58 11 2259 2 15 2261 34 0 2263 13 10 2266 24 4 2266 42 27 2267 86 10 2270 24 22 2270 41 29 2271 62 1 2271 76 21 2275 4 21 2276 9 19 2278 39 21 2280 79 28 2281 58 18 2289 81 23 2290 81 7 2294 41 25 2297 39 25 2308 20 10 2310 53 13 2313 84 10 2314 35 28 2320 2 1 2320 50 25 2321 86 14 2321 100 16 2327 18 22 2331 77 14 2333 65 22 2342 81 2 2344 8 5 2345 62 14 2346 92 18 2350 77 29 2353 45 8 2354 45 4 2358 64 9 2376 42 5 2383 91 21 2385 18 22 2387 39 20 2388 44 31 2394 55 4 2396 21 9 2398 71 13 2399 72 21 2403 55 14 2404 58 7 2406 35 3 2408 70 28 2411 90 15 2413 78 11 2413 80 22 2414 44 0 2414 67 29 2416 72 14 2417 1 13 2422 73 23 2423 17 18 2425 79 20 2427 67 22 2429 38 14 2439 50 6 2449 14 25 2453 12 15 2454 32 27 2454 67 18 2455 7 23 2460 94 31 2462 7 20 2462 15 28 2479 86 27 2480 73 28 2493 26 8 2494 30 1 2494 47 28 2495 58 0 2496 36 5 2497 51 31 2497 79 30 2502 23 30 2504 90 26 2505 50 23 2511 34 12 2514 94 10 2515 18 10 2519 50 4 2520 35 9 2522 91 23 2525 12 21 2529 79 26 2530 61 19 2531 18 26 2538 61 3 2538 85 23 2539 24 0 2543 31 9 2548 65 16 2553 42 6 2554 71 2 2555 59 19 2559 85 12 2570 80 25 2573 99 27 2576 91 21 2580 27 20 2593 18 30 2594 17 29 2596 45 6 2602 11 12 2602 57 6 2607 36 31 2608 99 17 2611 88 18 2615 71 15 2619 23 9 2624 21 20 2624 52 20 2624 60 20 2629 54 8 2630 28 30 2631 50 11 2637 66 0 2640 38 7 2643 48 10 2645 21 10 2645 91 1 2646 35 14 2649 41 29 2652 97 20 2661 32 15 2662 86 0 2663 62 21 2663 74 13 2664 63 5 2666 39 10 2666 92 11 2674 9 22 2674 69 14 2681 74 13 2684 42 7 2685 41 20 2686 33 23 2687 8 11 2687 87 12 2689 60 19 2689 88 12 2690 29 5 2691 31 26 2706 42 8 2710 51 23 2712 62 11 2714 53 19 2719 77 14 2720 76 30 2724 5 17 2724 76 28 2726 52 17 2727 68 2 2739 66 2 2741 48 16 2744 98 5 2746 13 3 2747 66 21 2758 32 27 2758 40 4 2762 78 9 2765 15 26 2765 34 5 2765 57 13 2765 94 21 2769 6 27 2775 19 28
967 625 0.0001 73 63 5 73 70 30 79 94 4 80 7 14 86 13 28 86 44 15 87 4 10 88 48 18 95 61 24 96 73 13 97 45 23 100 80 27 108 38 6 119 10 1 119 82 7 122 57 6 125 93 25 128 24 3 130 73 19 131 44 5 132 24 12 138 31 26 138 64 29 140 47 2 140 63 0 141 29 12 142 91 10 147 94 7 150 27 6 150 60 15 154 47 21 161 39 29 162 98 27 168 38 2 170 2 9 177 29 0 182 10 12 182 97 19 185 47 13 196 51 19 196 85 22 197 75 5 197 94 18 208 22 17 208 68 1 213 69 16 225 21 14 232 24 22 236 55 7 238 91 22 239 39 22 242 88 11 252 23 29 254 2 3 256 93 6 259 71 13 266 88 10 268 19 27 271 46 16 271 48 20 276 25 27 277 23 6 277 75 21 278 21 14 278 59 9 281 72 31 281 76 11 290 29 4 295 44 25 295 74 1 298 82 16 303 36 13 307 99 18 319 45 23 329 5 20 332 97 14 336 7 31 338 71 8 346 80 5 348 87 2 350 5 21 353 82 6 355 33 24 356 97 26 358 1 26 359 38 17 361 69 27 372 98 2 376 4 31 377 92 5 379 33 27 381 19 31 383 11 26 383 24 24 384 74 31 388 85 21 393 63 3 395 69 7 396 69 31 398 97 2 402 16 6 413 18 4 414 26 4 426 89 3 441 21 20 443 57 14 445 6 15 446 34 20 448 81 3 452 48 13 453 96 12 454 32 27 462 13 7 465 81 12 469 35 9 471 23 16 472 1 10 472 51 25 474 14 24 475 17 21 479 24 17 480 13 5 480 67 13 481 29 1 481 44 3 489 32 20 494 80 31 498 19 13 506 74 19 511 39 20 513 93 16 519 97 0 520 20 4 520 25 22 520 69 21 520 81 8 522 57 21 523 9 2 524 25 22 534 45 2 535 33 3 536 96 30 539 57 16 541 52 18 544 72 7 550 10 10 551 11 24 553 61 12 553 69 25 558 25 8 558 27 25 558 68 14 560 66 13 563 38 12 563 52 28 565 98 26 571 38 27 579 4 12 579 70 17 581 14 22 591 31 8 592 55 27 594 20 21 596 14 11 596 16 19 604 7 3 604 40 16 615 40 25 616 0 19 619 2 3 620 95 19 624 64 2 626 12 27 627 60 21 628 35 23 632 14 17 632 64 10 634 0 22 639 29 20 648 80 14 651 51 6 658 73 4 663 92 24 666 58 19 672 25 0 676 48 0 678 18 8 680 53 24 686 21 30 687 97 14 692 11 28 696 62 23 700 40 0 708 8 10 711 14 31 711 73 22 712 26 16 712 41 15 713 88 18 715 8 6 717 69 14 718 91 26 720 55 3 722 15 22 730 11 15 732 25 23 733 84 20 739 83 20 740 55 26 741 56 21 742 43 6 749 43 2 751 72 5 753 6 0 762 34 1 768 48 29 772 86 4 775 66 21 777 75 20 779 1 27 779 63 23 783 24 1 783 24 23 785 66 16 787 29 27 795 96 18 797 64 19 805 24 8 805 98 20 806 99 28 811 62 17 815 60 15 821 22 28 821 56 2 823 27 5 825 65 15 830 86 1 835 44 4 838 1 5 838 7 12 839 96 22 841 57 18 847 75 16 848 39 7 848 52 22 848 63 7 850 82 19 851 97 7 853 65 19 863 0 30 863 10 3 863 82 15 866 33 19 873 44 3 873 91 6 878 19 16 883 2 23 884 60 24 885 65 25 889 37 18 890 69 2 892 21 1 892 26 0 893 14 20 895 76 4 899 50 8 907 43 4 907 54 1 908 92 5 909 72 4 910 56 19 914 78 2 915 6 26 920 73 8 921 56 0 922 70 20 926 31 24 928 35 25 930 42 21 933 39 8 935 60 11 936 61 26 938 67 24 944 52 20 951 83 21 957 26 14 958 84 29 962 86 6 973 14 27 974 28 8 974 35 28 975 89 1 981 58 21 981 96 0 983 76 24 988 82 14 994 1 25 994 51 8 998 5 24 998 54 30 1005 45 2 1006 25 25 1006 71 26 1006 100 28 1011 71 24 1013 81 25 1014 48 9 1017 75 25 1018 43 2 1019 9 5 1019 91 17 1021 99 21 1022 97 29 1024 2 21 1025 19 15 1029 81 15 1030 63 11 1032 79 6 1034 31 14 1036 2 17 1037 54 10 1809 17 12 1810 31 16 1818 47 23 1819 40 26 1820 28 1 1821 41 27 1822 7 30 1823 45 19 1825 57 30 1836 22 2 1836 88 4 1838 88 30 1840 77 4 1841 18 28 1846 73 12 1852 14 16 1853 15 13 1853 95 7 1856 82 13 1857 53 26 1860 47 11 1864 44 13 1868 56 3 1870 40 13 1873 77 15 1873 78 4 1874 30 14 1874 33 14 1876 86 24 1880 29 13 1882 77 17 1886 16 6 1887 33 0 1887 100 11 1892 67 0 1901 6 24 1902 0 23 1902 29 4 1905 42 13 1907 18 27 1913 24 12 1917 61 3 1919 89 22 1921 19 10 1924 93 22 1926 24 20 1929 62 26 1931 48 13 1932 73 3 1934 94 27 1937 8 15 1941 18 6 1942 22 30 1942 78 27 1942 97 7 1949 26 4 1954 67 0 1958 15 10 1959 82 12 1960 4 27 1971 23 5 1973 87 0 1974 48 19 1976 45 31 1976 96 4 1977 91 12 1985 1 18 1985 77 25 1989 51 14 1993 72 31 1994 0 13 2000 37 17 2003 98 1 2004 95 9 2005 60 5 2009 45 16 2012 84 16 2013 7 0 2016 20 30 2018 14 30 2018 48 16 2024 100 15 2026 80 13 2038 18 20 2055 50 31 2055 79 12 2063 74 20 2069 14 1 2070 38 18 2072 75 9 2075 36 25 2091 37 6 2091 85 31 2097 42 7 2099 27 30 2104 61 29 2108 70 0 2112 24 29 2118 45 15 2119 44 19 2121 45 23 2122 19 29 2124 75 6 2125 36 24 2130 32 31 2136 91 21 2137 72 27 2142 4 2 2143 98 2 2148 28 31 2148 90 11 2150 92 17 2165 34 19 2169 8 12 2170 64 21 2180 3 21 2186 13 15 2187 50 6 2188 83 17 2199 19 23 2200 81 13 2207 42 15 2215 25 0 2216 63 26 2218 36 30 2218 48 0 2223 12 18 2232 91 3 2234 53 2 2239 55 15 2241 63 23 2242 34 7 2245 77 12 2246 34 12 2249 83 31 2251 59 9 2252 29 24 2256 54 28 2261 20 4 2265 48 7 2270 50 7 2278 44 22 2287 88 5 2288 6 27 2288 70 20 2289 42 23 2295 2 5 2296 80 6 2303 16 22 2303 67 10 2305 39 8 2305 46 18 2305 50 7 2307 81 8 2310 26 11 2313 86 13 2318 65 2 2318 87 3 2319 47 20 2319 55 20 2319 79 17 2320 100 2 2323 36 10 2327 72 5 2334 35 28 2341 43 18 2343 28 6 2344 82 10 2349 7 5 2354 29 26 2356 37 18 2360 35 21 2366 26 22 2370 28 5 2386 37 0 2386 51 5 2386 57 24 2386 96 22 2388 27 5 2392 50 13 2394 29 21 2395 54 5 2399 23 21 2400 64 30 2401 68 28 2402 60 29 2403 85 11 2405 2 28 2406 47 17 2408 59 14 2409 21 15 2413 36 24 2413 77 2 2414 3 0 2414 85 11 2418 27 20 2424 28 10 2429 55 23 2434 13 3 2434 55 27 2437 37 20 2440 51 11 2444 72 1 2446 53 30 2451 65 17 2454 90 7 2462 78 31 2463 64 28 2463 81 20 2464 16 20 2465 100 3 2468 88 12 2470 2 14 2472 10 8 2475 47 25 2476 90 3 2477 79 20 2478 92 30 2479 10 3 2480 93 28 2482 18 13 2485 56 20 2491 4 28 2499 51 14 2503 13 6 2506 27 30 2514 94 31 2523 94 28 2524 93 23 2528 34 28 2533 96 9 2536 4 14 2538 70 1 2541 10 1 2548 22 23 2552 49 27 2556 46 14 2556 100 25 2557 35 7 2558 20 7 2558 89 20 2569 67 6 2572 80 13 2573 70 17 2574 28 13 2576 38 24 2576 75 17 2585 11 17 2590 19 11 2592 47 24 2592 74 22 2594 23 6 2600 78 11 2609 36 18 2614 38 23 2616 0 4 2616 100 13 2621 63 29 2622 31 13 2623 27 14 2629 30 10 2631 78 11 2637 9 2 2639 95 13 2640 15 22 2650 7 4 2650 47 7 2652 66 30 2660 38 24 2663 36 30 2664 37 14 2666 98 16 2673 40 4 2673 76 26 2681 95 22 2683 7 26 2684 44 14 2686 67 31 2690 58 23 2692 70 20 2694 53 6 2696 100 2 2699 85 14 2701 54 2 2706 80 30 2711 22 8 2711 100 1 2713 39 4 2715 40 26 2717 93 23 2725 9 26 2726 96 26 2731 27 30 2739 65 2 2740 53 0 2741 93 28 2746 10 24 2747 79 9 2748 37 17 2757 39 28 2759 29 8 2762 95 19 2766 55 15 2771 61 22
968 625 0.0001 74 98 10 77 30 3 77 91 17 78 47 12 81 26 10 83 48 20 84 79 18 92 25 13 92 44 19 92 65 26 97 79 5 105 70 25 109 6 1 116 73 11 121 52 21 123 11 28 125 28 28 126 65 20 127 82 23 133 95 16 134 86 11 137 43 17 137 87 31 145 8 31 147 11 28 147 93 12 151 75 29 158 95 21 164 27 8 165 36 2 166 51 13 166 57 20 167 23 23 180 75 6 190 100 23 196 45 25 198 27 0 199 75 20 204 97 22 209 65 15 212 50 24 217 53 4 221 89 24 223 33 2 225 53 19 225 59 8 225 100 26 226 30 29 228 68 22 229 80 6 240 48 25 249 5 3 251 74 7 252 91 17 259 23 24 266 77 22 272 8 23 276 21 21 279 76 14 281 89 19 287 7 25 288 64 5 301 12 10 302 7 2 305 100 7 307 13 12 310 69 11 313 68 10 317 10 16 322 18 10 322 47 30 323 99 27 324 31 25 324 62 22 329 22 9 330 93 16 333 3 14 338 20 14 338 42 15 340 55 6 341 25 22 343 42 5 344 54 28 346 53 3 346 62 13 347 9 10 354 70 14 356 44 18 357 0 4 357 1 14 359 81 23 360 0 16 361 48 8 364 21 7 364 51 11 369 37 9 369 92 30 371 83 11 374 7 11 374 44 30 374 49 9 379 29 2 381 23 14 384 1 28 391 66 31 392 99 29 393 35 29 395 5 13 397 38 2 397 69 23 397 85 14 404 61 16 407 89 24 408 73 20 409 83 22 413 42 5 414 23 5 417 70 14 428 20 3 430 56 12 431 52 21 433 51 30 434 60 10 434 75 5 435 20 10 441 58 10 442 85 26 445 43 24 450 65 31 452 30 25 454 89 7 454 96 11 458 59 30 465 13 27 467 59 8 468 14 4 470 56 3 472 47 2 478 58 21 479 33 28 486 22 27 490 95 14 491 5 4 493 57 8 494 90 21 500 3 1 500 42 2 504 74 17 512 38 8 512 70 22 512 81 2 514 58 16 517 92 1 518 98 7 521 75 24 523 5 22 523 15 10 528 24 20 531 85 10 532 94 31 534 39 29 537 29 9 538 26 22 544 5 20 545 28 21 546 98 24 550 27 5 553 69 17 554 1 3 554 72 6 555 25 28 557 13 0 557 43 22 557 59 29 557 83 0 559 89 8 560 23 2 563 61 2 566 84 5 566 87 1 567 13 16 569 43 29 569 83 10 572 51 0 573 71 19 574 2 13 575 85 15 582 28 4 586 14 15 587 56 17 592 16 29 596 26 15 600 68 17 605 69 29 610 92 22 613 91 29 619 19 7 619 64 6 627 13 31 628 2 7 630 97 10 631 65 31 632 70 19 641 44 25 648 39 14 648 70 14 655 86 26 663 31 27 667 53 3 669 81 11 674 52 5 693 4 23 697 28 11 699 30 10 705 11 6 707 9 0 712 14 30 713 79 6 715 82 19 720 94 29 721 28 22 724 14 18 725 71 24 729 27 9 733 67 23 733 77 1 741 9 13 741 45 29 745 45 15 753 40 3 759 46 12 761 100 31 766 0 14 767 10 29 767 74 16 769 69 25 777 77 0 780 99 30 781 16 25 781 86 27 787 48 18 801 68 18 805 0 24 812 24 2 813 32 28 824 98 5 825 60 15 828 58 25 832 65 22 844 53 8 855 74 24 863 77 30 864 68 31 865 63 31 867 70 12 868 68 10 870 33 12 873 86 10 876 52 1 877 73 25 878 62 7 880 29 18 882 24 7 882 65 10 883 60 26 886 18 23 890 80 10 891 71 12 899 2 12 899 91 18 904 36 24 905 74 12 905 80 12 907 57 24 911 38 5 913 27 24 914 57 15 914 77 17 914 89 23 917 24 30 926 34 27 928 41 30 929 44 7 932 86 21 934 16 9 934 44 3 934 63 2 937 99 15 939 55 31 941 44 15 945 62 8 947 21 15 947 90 23 953 7 3 953 92 9 960 59 24 980 100 2 984 47 9 984 73 25 987 70 8 993 57 3 993 83 13 996 9 19 996 93 21 998 72 11 999 53 2 1000 68 22 1004 15 19 1005 32 24 1006 67 10 1010 23 23 1010 52 14 1010 63 10 1018 20 11 1018 29 6 1023 76 13 1025 73 3 1025 94 25 1027 51 24 1027 90 10 1027 97 30 1029 38 19 1032 47 10 1033 62 4 1037 84 20 1039 72 10 1817 63 28 1818 44 21 1827 56 7 1840 79 14 1842 4 29 1845 22 17 1847 0 7 1850 16 23 1852 35 5 1853 86 31 1861 80 16 1863 11 20 1864 87 19 1868 67 12 1874 71 28 1877 11 20 1877 52 22 1877 59 0 1886 5 20 1896 19 0 1896 56 27 1897 0 13 1899 69 7 1900 63 4 1904 42 24 1905 24 6 1906 74 30 1910 12 13 1910 18 6 1910 54 26 1910 97 1 1913 5 23 1927 93 28 1930 30 21 1933 25 16 1934 29 13 1938 60 17 1942 10 31 1944 35 20 1944 78 21 1947 0 22 1947 75 19 1947 94 16 1951 67 25 1959 26 21 1960 9 0 1970 77 3 1977 2 12 1981 44 23 1982 27 4 1982 88 10 1984 33 19 1991 81 23 1999 55 13 2002 26 1 2002 96 7 2007 1 29 2017 39 6 2018 47 18 2019 27 17 2023 85 31 2044 88 8 2049 53 2 2057 23 21 2057 93 25 2063 9 9 2063 21 5 2063 48 9 2070 8 4 2073 50 31 2075 24 4 2078 10 6 2087 33 25 2089 67 24 2098 66 4 2103 2 9 2105 100 22 2106 9 20 2108 84 12 2111 49 25 2122 44 28 2125 2 2 2125 91 2 2126 19 4 2126 19 23 2129 54 4 2135 70 8 2136 59 10 2144 70 13 2153 12 22 2155 24 6 2156 29 0 2159 54 6 2161 24 30 2168 92 13 2168 99 26 2171 25 12 2177 35 3 2182 63 28 2184 18 13 2189 34 25 2191 40 14 2200 40 24 2200 59 8 2207 21 19 2211 16 6 2216 80 15 2218 72 12 2222 92 9 2226 9 28 2227 49 30 2241 0 14 2243 29 14 2247 78 25 2248 1 6 2248 20 24 2250 0 21 2258 79 8 2260 58 17 2261 14 8 2261 71 6 2263 19 19 2268 3 2 2274 98 5 2275 39 31 2275 52 25 2277 0 20 2281 7 6 2282 30 21 2283 60 3 2283 74 31 2285 61 1 2290 75 20 2291 4 7 2300 32 6 2306 0 18 2306 53 3 2310 79 30 2312 36 18 2316 56 18 2323 31 10 2324 5 18 2326 7 22 2326 37 10 2333 61 1 2334 20 2 2336 66 24 2339 56 28 2341 0 30 2342 71 4 2345 82 3 2353 96 19 2357 42 1 2370 6 30 2373 66 9 2388 5 19 2388 48 22 2390 52 20 2390 61 20 2391 71 19 2391 95 28 2392 34 4 2393 69 24 2394 31 3 2396 55 21 2401 95 18 2407 57 4 2408 23 5 2410 60 4 2417 38 15 2418 0 19 2419 42 26 2421 34 8 2422 20 8 2423 13 4 2426 57 0 2428 36 5 2431 92 15 2433 16 29 2434 5 30 2435 65 11 2437 53 16 2438 5 2 2440 68 6 2441 58 23 2442 79 29 2445 31 5 2446 31 7 2446 86 28 2451 19 10 2451 67 1 2454 22 5 2458 21 22 2461 37 31 2464 68 30 2466 65 17 2467 34 10 2468 41 24 2468 54 26 2469 81 4 2472 99 5 2477 88 9 2481 21 15 2486 82 17 2490 56 9 2492 96 14 2497 42 10 2498 8 12 2499 73 14 2501 19 21 2506 92 3 2514 7 5 2516 11 8 2516 58 1 2516 80 18 2517 87 25 2519 80 15 2520 89 28 2521 65 24 2522 85 31 2523 51 14 2525 32 27 2528 66 23 2532 47 0 2537 47 1 2541 19 25 2543 24 6 2552 46 11 2553 95 25 2557 97 5 2563 1 12 2570 70 6 2574 74 20 2577 46 27 2579 12 17 2581 13 9 2581 92 27 2582 86 24 2583 42 11 2586 81 27 2592 29 2 2597 15 10 2599 75 9 2607 1 10 2610 72 20 2613 58 14 2618 61 3 2618 62 25 2620 41 24 2631 25 31 2631 65 29 2632 77 26 2639 42 12 2641 81 3 2650 17 24 2650 90 8 2656 6 12 2657 51 25 2661 58 14 2665 35 27 2666 1 11 2668 37 14 2669 82 6 2671 18 31 2675 55 9 2676 62 31 2678 78 29 2680 49 30 2682 68 6 2686 28 4 2686 68 10 2697 81 2 2702 19 30 2710 5 2 2711 25 0 2712 95 23 2719 74 13 2725 72 13 2732 92 27 2739 100 14 2740 20 21 2740 60 18 2741 15 23 2741 23 2 2743 53 20 2744 0 6 2756 32 5 2757 33 28 2760 47 25 2761 23 29 2763 6 9 2763 98 27 2766 73 8 2767 12 2 2769 45 8 2770 23 23 2774 7 6 2774 81 5 2774 98 27
969 625 0.0001 75 69 19 77 5 14 78 66 3 80 82 4 83 5 28 86 26 1 91 59 12 92 63 15 94 13 17 94 28 8 95 84 4 98 94 15 99 3 13 100 5 6 102 20 23 102 90 17 105 31 21 108 44 30 110 92 16 111 56 4 116 22 24 122 41 31 126 30 27 126 71 26 128 12 25 130 51 21 130 72 16 130 92 8 133 40 5 138 35 8 146 19 10 146 99 23 148 3 31 151 5 25 151 23 2 154 63 4 157 18 16 157 19 29 157 100 3 160 60 0 176 5 21 177 32 31 180 55 20 182 48 23 182 84 4 182 87 10 188 18 7 188 50 6 196 89 6 200 98 24 201 79 20 203 90 19 205 55 5 211 27 18 213 0 3 214 34 1 219 11 16 226 49 20 227 6 8 228 9 30 236 32 14 236 36 23 238 55 15 239 35 4 240 99 12 241 55 18 244 65 12 246 9 11 254 70 12 262 59 20 267 99 0 270 16 5 275 38 30 284 78 18 285 23 28 286 74 4 288 40 3 291 45 18 295 31 29 298 31 8 299 0 28 299 17 19 299 84 13 322 70 21 324 29 3 331 8 28 332 37 26 335 19 22 345 19 9 346 34 25 355 35 3 357 1 25 358 89 1 366 57 17 367 7 25 373 88 22 379 97 13 380 51 1 384 92 11 395 42 27 398 37 15 399 39 20 400 68 6 404 21 1 407 66 0 410 1 3 416 54 24 423 78 17 432 4 19 433 3 3 434 75 6 438 44 28 439 34 9 442 57 24 446 81 12 450 24 1 458 28 1 464 0 13 464 7 6 472 30 2 473 50 25 475 52 31 479 23 7 485 75 26 486 62 28 488 100 24 489 35 10 490 33 15 494 22 14 498 62 10 500 22 12 501 91 25 503 6 18 503 67 22 512 2 16 513 58 29 522 74 6 524 29 21 524 64 4 525 19 17 528 6 8 531 36 25 532 22 1 536 70 15 537 71 5 541 85 27 543 68 4 559 2 11 578 74 16 581 1 29 583 4 28 584 82 11 588 23 25 590 19 18 594 35 1 603 68 23 605 4 16 611 3 12 619 3 30 620 61 10 629 42 20 629 47 15 631 18 30 631 51 11 631 61 26 632 39 19 633 28 25 633 87 16 636 75 29 646 95 13 647 56 18 652 68 8 656 98 9 657 78 20 663 16 5 663 28 8 672 8 6 672 43 11 692 37 14 694 89 14 695 23 0 696 56 27 698 78 25 700 47 1 704 82 4 706 97 16 708 67 15 711 40 3 714 45 31 717 79 2 719 91 26 721 1 8 722 10 22 723 9 5 724 2 19 726 55 3 726 80 7 727 89 4 735 1 22 738 25 27 739 38 21 744 79 3 746 28 18 749 44 12 750 42 31 751 10 7 753 71 30 757 84 26 758 32 31 760 1 31 762 31 13 762 51 31 767 34 8 768 20 8 769 6 26 773 12 10 773 34 24 778 36 7 782 7 6 786 6 10 786 68 6 789 35 11 791 13 6 793 7 11 793 65 3 796 54 22 797 57 14 800 40 2 801 89 13 804 68 25 805 89 18 808 89 30 810 61 17 812 92 7 820 97 20 828 58 11 830 97 25 833 5 29 840 2 25 840 6 25 840 19 1 850 64 13 854 81 5 855 19 19 859 66 0 861 65 18 865 0 13 865 26 18 868 44 15 869 18 17 871 45 16 871 54 30 877 4 11 881 53 3 883 50 4 887 74 0 893 24 18 894 49 20 899 33 13 904 93 19 917 12 15 921 77 12 922 19 10 923 79 9 931 52 17 935 82 8 937 9 14 938 79 28 939 35 3 944 20 18 944 38 11 949 89 18 953 25 20 954 4 2 955 60 14 964 68 2 966 18 0 967 49 4 968 27 10 978 41 2 979 23 9 980 31 13 986 6 25 996 5 24 998 72 23 1000 43 24 1002 56 17 1004 47 29 1006 75 30 1008 53 6 1013 85 5 1014 92 29 1016 67 27 1018 61 13 1019 65 13 1020 88 24 1022 77 3 1024 12 15 1024 45 4 1025 94 20 1029 55 0 1029 59 8 1033 45 3 1034 21 23 1034 69 9 1036 99 23 1810 72 31 1812 5 5 1822 3 28 1822 99 7 1831 79 5 1832 99 15 1833 28 3 1834 48 9 1836 31 26 1836 48 18 1837 20 15 1837 80 8 1839 78 2 1842 57 13 1845 16 15 1852 65 22 1856 13 19 1862 30 9 1874 12 1 1878 16 30 1885 90 14 1892 38 15 1893 12 25 1895 98 26 1896 30 26 1899 64 10 1900 82 1 1901 73 14 1905 64 3 1908 27 9 1910 2 12 1910 63 1 1912 57 19 1913 62 29 1915 2 20 1917 39 28 1918 9 14 1919 95 18 1924 34 4 1924 39 14 1927 65 30 1929 22 12 1933 79 0 1950 14 18 1950 44 18 1950 65 0 1951 63 13 1952 43 4 1955 13 20 1963 84 28 1975 70 19 1979 54 28 1985 67 26 1987 47 6 1988 55 26 1990 86 23 1991 5 8 1996 100 17 2002 11 21 2010 27 18 2014 23 30 2015 33 19 2019 50 6 2019 54 12 2021 68 2 2033 97 9 2039 8 28 2040 98 10 2042 81 5 2045 98 1 2047 31 26 2059 43 14 2060 75 3 2068 72 30 2070 53 13 2078 31 5 2079 74 18 2082 37 26 2082 92 9 2083 34 18 2088 68 27 2090 42 19 2090 58 7 2091 40 10 2091 83 28 2091 85 6 2100 53 14 2101 87 25 2110 74 13 2118 68 27 2119 42 7 2121 1 7 2122 15 18 2122 49 29 2130 12 9 2130 19 9 2131 34 27 2134 49 0 2138 54 4 2139 7 0 2146 62 31 2147 21 3 2149 46 23 2153 33 30 2156 25 15 2156 48 0 2157 38 3 2157 97 1 2158 100 20 2161 47 11 2164 85 7 2165 96 17 2166 56 17 2167 45 3 2171 59 15 2171 73 23 2172 83 20 2173 10 4 2175 7 19 2182 66 21 2186 62 21 2187 7 8 2188 70 30 2188 72 25 2193 55 1 2197 24 30 2197 38 12 2197 90 12 2200 66 10 2203 27 11 2211 82 21 2215 92 8 2220 81 31 2221 32 13 2223 66 17 2228 4 19 2233 0 18 2239 86 7 2243 91 17 2246 30 12 2249 10 24 2251 56 28 2252 51 5 2253 23 28 2255 99 6 2257 65 24 2258 8 3 2260 4 11 2265 70 2 2268 59 24 2273 72 18 2274 32 3 2275 85 13 2275 96 7 2276 6 5 2284 56 24 2285 82 17 2286 97 25 2291 19 22 2296 71 12 2301 54 15 2306 13 19 2306 41 20 2310 2 31 2310 7 22 2310 79 17 2311 30 18 2313 89 8 2314 20 10 2314 64 9 2315 90 12 2318 65 29 2318 94 5 2320 91 19 2321 73 6 2330 37 0 2330 96 1 2336 39 15 2341 80 1 2343 37 27 2350 38 29 2351 0 13 2353 85 13 2365 51 26 2369 15 26 2370 15 4 2373 23 29 2376 30 25 2377 64 21 2382 91 7 2384 2 16 2392 47 18 2399 78 28 2400 50 12 2400 57 3 2401 46 14 2407 38 22 2407 49 17 2412 93 5 2415 3 7 2415 78 5 2415 82 23 2415 91 0 2416 41 9 2416 72 17 2418 14 10 2420 90 14 2427 94 26 2428 46 4 2439 17 31 2444 35 5 2447 69 16 2448 30 5 2449 26 17 2455 23 21 2455 70 15 2458 88 6 2462 35 12 2462 69 17 2466 83 2 2468 8 16 2470 83 11 2471 4 18 2475 4 19 2477 74 22 2479 46 13 2482 47 20 2486 5 4 2486 16 14 2490 88 15 2492 28 7 2494 69 11 2499 79 21 2500 2 26 2503 60 14 2506 31 29 2509 15 1 2509 57 10 2510 57 20 2512 93 30 2514 74 10 2515 23 14 2515 65 17 2517 30 6 2527 95 0 2533 55 19 2537 42 28 2546 58 7 2546 70 20 2551 95 19 2555 91 16 2566 34 9 2569 83 6 2571 67 7 2574 37 7 2576 28 1 2576 75 5 2577 77 9 2588 45 20 2591 30 15 2595 9 6 2597 35 3 2606 53 22 2608 77 12 2611 33 21 2612 20 31 2614 19 0 2614 81 27 2614 93 30 2621 8 7 2621 23 11 2626 55 23 2627 23 29 2636 58 16 2639 41 14 2640 56 0 2640 59 16 2644 23 18 2644 91 8 2645 67 8 2647 35 2 2651 15 6 2652 28 12 2656 18 12 2658 14 1 2660 82 21 2679 60 30 2681 38 4 2682 100 26 2685 92 22 2686 32 1 2693 1 9 2696 80 24 2697 93 26 2697 100 20 2698 38 29 2702 50 6 2702 60 26 2705 18 17 2709 55 18 2715 71 18 2716 46 20 2717 85 10 2720 88 3 2726 95 10 2734 29 29 2735 42 1 2743 65 22 2746 2 10 2746 12 25 2747 35 16 2747 57 4 2751 12 26 2753 40 25 2759 3 15 2759 94 5 2766 1 31 2770 60 0 2771 64 17
970 625 0.0001 72 15 29 72 33 12 72 83 22 73 61 1 76 87 7 78 65 31 79 50 19 80 67 25 83 22 24 92 34 12 92 40 9 98 29 26 101 74 19 102 93 2 107 10 11 111 38 2 111 54 8 113 85 13 119 81 28 121 76 30 123 96 17 125 55 14 126 18 26 130 28 0 137 67 8 137 91 13 139 41 12 141 79 11 141 95 9 141 99 3 146 79 20 146 84 27 152 22 16 154 1 31 154 86 31 156 21 16 159 59 5 159 67 10 160 29 14 160 42 13 169 14 16 170 42 9 174 1 23 176 96 15 179 36 11 181 40 13 184 36 7 189 45 16 191 94 28 193 22 22 194 40 5 197 82 1 199 90 14 200 54 16 202 89 7 203 44 14 205 13 26 205 90 19 206 22 1 207 77 19 210 42 25 214 84 3 217 81 8 218 34 0 221 42 1 225 77 2 226 85 8 227 14 7 230 85 12 236 58 10 244 61 22 245 36 7 245 59 17 248 61 20 248 75 11 249 80 30 261 37 17 265 69 6 273 0 13 274 44 13 276 44 27 294 74 24 295 85 14 296 59 26 297 34 10 297 55 30 298 47 6 298 100 23 300 77 2 304 68 18 305 11 31 308 99 20 309 31 17 312 46 15 312 51 22 313 8 5 315 43 25 325 55 27 328 78 18 329 54 15 332 8 28 333 52 23 336 38 26 341 64 4 341 77 20 343 66 6 350 80 16 351 14 12 355 60 24 358 43 7 367 76 5 377 2 13 385 73 29 390 68 1 392 37 9 395 9 22 397 78 8 401 41 23 403 55 11 405 64 20 411 23 16 411 24 14 414 38 8 415 21 15 423 26 4 434 98 24 435 53 27 437 8 5 437 55 26 440 34 21 442 76 25 445 36 3 450 88 23 451 40 28 454 67 22 455 55 11 460 99 10 463 16 5 463 68 27 464 11 30 464 18 5 464 73 6 466 55 10 467 76 9 470 19 21 470 93 3 474 25 1 480 96 3 481 14 20 484 51 31 488 7 12 488 28 10 488 64 27 488 70 25 489 47 16 490 18 7 498 67 16 501 27 24 502 20 26 502 57 15 505 63 19 505 81 24 505 95 8 511 51 13 511 57 9 523 21 30 523 61 4 524 18 0 530 30 10 530 46 26 534 76 12 537 89 13 538 59 29 541 46 19 542 96 12 543 1 29 543 92 11 544 73 15 546 77 15 550 80 6 552 79 10 557 67 10 561 13 27 565 93 31 572 96 8 573 30 14 575 62 5 577 69 12 580 66 3 580 93 13 587 25 14 589 1 18 592 84 28 597 37 7 598 25 0 599 51 31 600 95 30 603 70 16 605 96 16 606 86 15 609 89 3 611 15 22 611 90 9 612 49 1 613 76 13 614 46 30 619 56 25 620 52 27 621 2 25 622 23 19 622 73 16 631 44 21 633 93 27 636 28 26 639 66 14 639 74 0 642 5 14 646 40 6 649 30 6 652 32 3 654 74 12 659 76 11 668 23 8 670 7 18 670 70 11 671 19 12 671 48 8 677 42 21 679 73 4 682 41 3 687 0 13 688 38 19 689 61 19 692 15 8 694 5 26 694 95 24 695 38 20 695 80 27 700 38 28 709 92 22 712 71 23 713 80 0 714 19 27 723 77 4 723 86 15 727 49 31 729 36 26 731 81 12 733 12 11 733 80 31 734 11 14 734 49 0 734 72 19 738 20 25 742 70 28 743 73 9 744 52 24 750 28 19 763 24 30 767 85 17 767 86 6 770 19 2 777 55 27 780 47 18 782 24 2 784 18 6 785 20 5 790 89 15 792 66 15 793 3 21 795 54 15 797 6 5 798 1 4 799 78 16 804 68 4 805 56 23 817 58 2 820 99 9 823 39 7 824 97 3 828 42 19 833 29 26 835 11 14 838 49 15 840 5 18 847 11 3 848 36 7 850 7 24 850 69 16 854 52 23 861 47 26 862 54 13 867 56 7 878 54 8 883 79 18 883 85 11 884 96 3 891 10 18 902 17 21 907 20 1 913 92 20 922 46 28 934 23 23 934 44 17 941 37 11 941 49 15 941 77 4 942 56 9 947 17 23 948 28 12 949 7 20 949 98 7 960 100 17 963 6 17 964 64 22 969 23 13 979 75 3 980 72 4 983 83 5 985 73 20 990 98 3 994 52 13 997 87 28 998 71 9 999 53 11 1027 26 16 1030 67 20 1031 35 24 1034 19 10 1035 61 8 1036 39 25 1039 76 27 1808 82 27 1815 8 1 1818 55 15 1819 42 15 1819 63 26 1824 22 17 1826 72 30 1833 95 14 1840 89 13 1842 5 5 1849 84 16 1850 48 25 1855 38 1 1856 74 11 1857 60 6 1859 45 8 1859 55 13 1861 69 27 1865 94 0 1866 3 29 1885 65 17 1888 63 2 1890 28 10 1897 73 24 1898 19 13 1898 73 29 1904 70 27 1907 29 14 1910 26 13 1913 55 7 1914 20 31 1918 4 10 1919 48 27 1920 19 24 1921 42 19 1922 32 13 1929 18 5 1929 68 17 1930 8 16 1932 99 9 1934 77 10 1937 53 6 1938 81 9 1940 41 31 1940 48 5 1944 17 31 1947 69 2 1954 44 24 1955 3 16 1958 87 4 1962 92 31 1966 0 15 1971 48 13 1977 60 16 1979 4 31 1980 24 29 1980 40 27 1981 99 28 1983 100 19 1991 56 7 1997 15 23 1998 9 19 1998 85 26 2005 15 1 2006 9 14 2010 39 22 2014 87 18 2015 1 30 2020 13 8 2021 42 22 2021 59 23 2028 46 25 2036 11 0 2038 60 26 2042 25 0 2052 47 18 2055 48 14 2065 14 22 2065 71 11 2065 89 25 2071 94 8 2073 64 28 2079 90 29 2080 23 7 2080 71 20 2084 6 5 2086 77 5 2087 46 28 2090 49 17 2094 55 17 2098 99 5 2099 96 30 2103 32 30 2103 81 12 2104 37 7 2104 65 12 2112 36 4 2127 87 13 2128 79 13 2129 25 28 2129 68 9 2130 7 13 2137 76 16 2140 49 8 2141 27 16 2144 11 29 2145 27 7 2146 61 6 2149 27 14 2152 85 2 2159 81 25 2161 14 13 2164 0 19 2166 77 28 2167 1 5 2170 46 16 2176 35 9 2177 44 15 2182 16 31 2187 70 15 2188 91 1 2193 85 12 2193 87 1 2195 15 28 2197 79 24 2198 99 19 2199 14 8 2200 36 24 2208 15 5 2208 91 10 2213 81 27 2216 72 0 2219 98 4 2220 33 27 2225 98 26 2228 7 9 2232 14 3 2233 45 15 2237 67 14 2241 44 30 2241 77 28 2242 87 22 2247 50 8 2253 69 5 2260 64 13 2262 63 30 2277 33 24 2286 59 1 2292 67 16 2293 14 16 2299 29 30 2299 33 31 2304 12 19 2309 1 17 2310 19 16 2311 11 29 2317 45 7 2321 73 23 2324 82 6 2329 13 7 2332 18 27 2333 18 11 2333 20 17 2335 83 22 2338 39 7 2339 37 16 2341 35 17 2342 13 10 2342 51 9 2343 20 7 2344 36 2 2344 79 17 2359 3 23 2360 68 5 2361 16 30 2368 87 15 2368 93 0 2372 11 31 2384 66 5 2387 22 26 2387 100 1 2392 86 25 2395 52 3 2395 76 4 2397 55 10 2403 87 31 2406 72 12 2414 21 14 2428 41 31 2429 33 28 2433 54 20 2434 2 2 2437 60 2 2439 71 11 2440 11 21 2443 88 15 2447 14 1 2447 96 15 2453 47 10 2453 88 15 2461 71 14 2462 96 20 2470 36 1 2471 20 17 2472 73 4 2478 43 26 2484 58 9 2488 4 28 2495 11 25 2503 86 14 2507 16 27 2511 2 14 2511 52 2 2518 43 10 2520 62 22 2527 84 18 2531 87 30 2542 82 24 2544 89 19 2547 24 23 2547 32 5 2550 47 15 2551 33 4 2554 68 2 2556 59 22 2559 98 20 2560 30 30 2562 92 25 2565 10 30 2568 26 17 2573 32 23 2577 61 8 2578 60 9 2579 88 31 2580 16 25 2581 76 30 2581 90 25 2583 10 3 2584 51 30 2588 26 4 2590 19 4 2594 78 10 2595 70 29 2597 11 17 2598 33 20 2600 23 27 2601 8 4 2603 74 16 2614 21 27 2620 59 25 2624 83 23 2627 6 12 2633 28 10 2636 89 27 2637 29 5 2637 50 28 2653 7 12 2653 32 29 2654 5 7 2655 3 11 2659 16 3 2665 10 3 2669 53 29 2669 80 31 2672 5 28 2677 27 6 2678 64 19 2679 94 27 2682 91 4 2685 99 1 2687 74 31 2691 78 30 2693 6 10 2694 97 16 2696 29 2 2707 42 16 2709 43 25 2732 20 31 2732 98 31 2734 99 22 2738 28 14 2744 4 27 2746 11 30 2748 56 31 2752 29 7 2754 67 27 2754 93 16 2761 0 3 2762 16 13 2763 18 27 2769 78 4 2771 66 28 2771 66 31
971 625 0.0001 72 77 7 76 48 19 87 28 18 89 18 9 90 74 23 95 13 30 97 14 27 100 28 15 109 28 12 111 50 15 112 66 11 114 83 25 121 40 10 126 19 17 132 53 18 132 90 8 133 73 4 140 48 17 142 1 12 145 58 2 148 37 19 149 42 6 149 96 10 152 73 10 154 13 7 155 42 25 156 72 17 166 78 12 168 19 25 174 85 10 178 86 25 181 28 18 187 37 23 191 62 21 197 71 28 199 27 1 199 71 19 200 16 11 205 51 30 210 95 15 220 47 28 222 40 13 223 99 17 227 80 21 228 93 1 229 4 4 236 65 9 239 22 16 241 75 11 243 16 11 245 100 13 249 40 9 253 14 16 254 18 22 258 48 17 263 49 5 264 31 27 266 62 12 271 65 5 271 67 30 271 70 16 274 10 19 275 0 3 277 46 28 278 18 21 282 24 12 285 7 21 287 18 1 290 4 27 291 48 7 295 24 23 299 48 14 301 9 17 305 86 22 308 5 23 308 77 26 314 88 5 319 50 31 320 68 0 320 98 11 322 69 25 324 64 19 327 81 22 336 17 26 346 52 0 346 70 24 348 12 10 350 32 23 351 56 5 351 99 6 354 76 1 356 7 30 356 22 12 358 57 23 364 36 23 367 41 31 371 36 18 372 74 4 375 84 10 379 22 30 379 92 13 389 44 21 393 56 30 394 3 13 396 29 7 399 99 10 401 80 12 404 54 23 404 100 13 406 25 2 411 82 20 415 43 14 416 5 9 418 15 13 427 31 24 427 56 29 431 13 19 432 64 0 443 60 6 446 11 21 448 49 15 458 7 25 459 12 5 466 9 0 474 88 19 475 6 6 475 58 4 477 43 28 477 62 28 486 21 14 486 26 17 488 16 7 493 15 21 504 19 5 508 20 11 512 79 15 513 62 23 513 93 7 514 0 5 515 18 28 515 62 20 517 21 0 518 98 31 524 10 23 525 67 12 527 33 15 528 3 16 529 67 6 533 31 17 543 46 2 543 55 29 548 63 30 549 61 11 550 40 22 550 58 31 557 17 25 558 27 6 562 42 12 562 53 17 564 69 29 564 94 31 566 39 16 566 89 13 574 19 19 574 56 15 575 63 10 578 88 11 582 61 10 586 83 24 590 42 21 590 45 5 590 68 20 593 80 31 601 14 9 606 30 4 611 54 23 615 52 31 615 79 19 616 24 14 618 19 13 619 20 9 624 97 28 632 55 14 635 98 2 638 59 1 638 89 17 639 6 30 639 90 25 642 33 0 644 14 28 648 31 7 661 21 29 664 48 10 667 0 22 671 28 18 672 6 11 680 99 13 684 13 21 686 62 6 691 7 15 691 44 28 693 10 18 696 99 6 699 35 31 705 17 9 707 35 0 708 95 7 709 69 6 714 20 9 716 53 19 717 45 16 720 6 10 724 78 13 728 64 18 732 19 4 733 82 9 741 0 1 747 99 18 748 50 20 750 71 12 754 75 29 755 31 25 756 13 2 756 66 25 762 78 17 765 77 19 775 31 19 776 30 18 782 50 1 784 76 11 789 2 8 795 6 15 799 82 14 801 68 19 803 24 17 804 75 2 807 52 23 810 84 15 811 82 10 812 75 22 824 38 31 825 32 21 825 43 6 825 44 0 827 93 20 834 81 6 838 21 31 840 90 16 841 98 2 845 58 0 845 70 18 846 79 27 847 80 4 848 70 18 849 73 31 854 31 22 854 40 1 855 95 7 860 32 13 861 48 31 863 2 12 869 39 22 871 65 14 877 60 29 879 17 27 879 53 11 884 10 25 884 58 8 885 49 24 885 96 0 887 35 7 892 64 3 893 42 30 898 83 0 898 89 9 903 13 19 905 34 1 907 74 10 908 78 5 913 30 30 915 56 6 916 35 9 916 60 4 918 86 5 920 84 10 920 90 2 921 64 11 927 17 25 935 43 26 936 63 16 943 59 18 946 62 13 954 39 3 962 95 23 964 15 7 966 26 9 971 29 6 972 79 1 974 19 6 975 77 4 977 31 22 979 91 18 988 13 24 994 76 14 996 83 17 998 25 7 1005 35 24 1005 59 26 1006 64 9 1008 58 17 1011 84 22 1012 97 5 1017 35 9 1019 4 7 1022 18 8 1028 62 28 1029 36 24 1029 52 11 1029 52 15 1033 72 2 1037 75 2 1809 11 11 1809 35 22 1810 4 29 1812 27 18 1812 61 14 1822 41 26 1826 35 17 1826 75 13 1827 37 24 1834 72 30 1838 57 12 1839 43 1 1839 69 10 1848 32 22 1853 9 1 1855 49 17 1856 76 6 1859 53 18 1860 73 25 1861 24 12 1864 48 4 1868 5 24 1868 71 8 1870 87 3 1872 16 27 1872 94 28 1876 39 25 1882 62 6 1882 82 16 1888 16 8 1889 78 20 1891 17 8 1892 17 18 1893 93 27 1897 0 13 1903 35 25 1903 88 21 1904 24 23 1908 100 23 1912 100 16 1913 68 3 1916 40 4 1926 50 21 1928 83 3 1933 43 30 1937 20 3 1939 81 20 1942 90 20 1946 67 22 1946 84 9 1950 58 11 1953 95 26 1955 78 3 1958 24 25 1959 2 10 1959 39 22 1959 68 2 1962 34 2 1966 13 13 1968 61 17 1979 43 5 1980 86 12 1984 69 3 1985 33 15 1989 98 13 1991 17 8 1992 97 2 1999 83 5 2000 67 16 2005 18 24 2007 27 13 2011 48 2 2012 31 31 2013 33 5 2013 84 16 2014 11 22 2014 14 31 2016 33 4 2016 72 22 2021 86 11 2024 73 31 2026 89 20 2030 22 7 2033 48 3 2036 10 26 2040 18 17 2049 3 7 2054 39 24 2060 13 20 2061 89 10 2069 30 20 2069 73 26 2069 88 12 2070 75 29 2074 53 25 2074 83 13 2078 50 19 2091 40 15 2093 11 20 2095 81 10 2096 14 26 2099 52 20 2099 98 29 2104 17 8 2106 74 27 2111 57 3 2117 65 3 2120 90 0 2125 55 5 2130 81 30 2131 65 21 2134 15 6 2135 36 12 2135 55 4 2141 85 31 2141 100 5 2150 82 27 2157 95 23 2164 22 11 2172 24 3 2174 19 2 2175 75 17 2191 54 18 2193 8 10 2199 62 22 2204 84 9 2204 94 11 2205 87 25 2210 62 1 2212 87 4 2216 30 9 2218 25 24 2218 67 10 2225 49 8 2231 63 19 2231 64 20 2234 12 18 2235 60 10 2236 79 1 2237 37 0 2238 73 29 2240 21 23 2245 5 20 2246 49 31 2247 86 24 2251 14 25 2252 4 3 2256 46 23 2260 0 6 2260 88 13 2261 40 20 2262 6 14 2262 65 6 2263 4 4 2265 94 5 2267 75 15 2267 87 25 2268 39 26 2269 13 30 2272 29 2 2272 88 23 2277 65 29 2290 16 18 2292 22 16 2295 13 16 2297 9 18 2300 2 31 2303 95 21 2309 3 6 2309 30 17 2316 22 27 2322 19 12 2322 55 24 2331 24 10 2331 51 5 2331 67 1 2332 58 23 2351 96 29 2357 62 23 2370 10 18 2374 60 29 2375 79 0 2376 18 24 2376 85 26 2382 38 25 2403 91 1 2404 49 29 2409 85 4 2414 22 23 2416 100 0 2419 5 19 2423 15 23 2423 23 11 2431 47 25 2434 44 31 2437 30 2 2437 86 22 2441 69 20 2445 12 29 2448 66 22 2449 89 31 2453 5 9 2454 68 15 2454 100 9 2459 23 2 2463 35 5 2465 83 28 2466 14 10 2478 6 30 2479 46 31 2486 36 25 2487 74 8 2491 94 14 2499 12 0 2505 16 31 2506 5 30 2509 95 29 2512 14 23 2515 69 26 2516 62 24 2520 29 2 2524 53 30 2524 75 23 2529 35 5 2533 81 13 2535 70 5 2538 18 10 2540 49 7 2547 71 29 2553 19 12 2556 57 14 2557 28 17 2558 40 5 2564 1 16 2564 29 26 2567 87 12 2568 54 7 2570 3 22 2574 3 27 2574 30 0 2576 57 5 2580 63 30 2583 96 0 2587 21 6 2587 39 5 2590 14 29 2591 4 22 2595 86 6 2605 16 3 2613 11 5 2614 16 1 2615 29 2 2616 16 13 2618 83 2 2621 89 2 2623 26 30 2628 96 0 2629 76 10 2633 83 27 2636 8 19 2637 8 8 2642 0 20 2642 25 26 2643 10 10 2643 21 10 2644 2 11 2645 37 27 2654 92 16 2655 17 1 2665 43 27 2686 6 28 2687 77 0 2692 2 25 2697 34 7 2698 63 5 2699 63 8 2699 91 1 2701 39 31 2702 53 3 2705 23 17 2706 75 10 2709 81 15 2713 31 13 2717 96 11 2722 73 7 2724 23 28 2731 60 23 2734 90 24 2737 100 5 2740 25 30 2742 90 22 2743 76 25 2743 83 6 2744 39 23 2744 40 20 2745 82 23 2751 39 22 2760 61 25 2760 62 24 2763 47 23 2766 25 6 2767 36 12 2768 88 25 2775 11 19
972 625 0.0001 76 87 16 78 80 0 79 40 22 80 34 0 82 77 8 92 0 7 95 55 22 110 98 25 113 17 14 114 9 15 115 64 30 116 49 11 120 36 26 123 52 29 131 84 16 134 37 2 137 55 30 139 82 1 140 40 1 144 3 13 144 97 0 144 100 24 145 38 9 145 98 15 154 24 26 159 74 0 161 43 30 161 80 29 162 13 4 166 54 26 169 88 5 171 21 8 171 60 9 176 4 6 176 4 17 176 36 15 179 87 0 189 86 9 190 82 24 190 100 7 192 77 18 196 10 19 198 8 5 198 81 20 200 42 25 200 98 6 201 79 15 205 56 21 209 39 25 217 72 17 221 86 2 224 20 21 234 57 10 235 2 24 248 53 7 250 9 24 252 20 29 264 95 18 273 1 0 278 60 10 279 17 3 279 61 4 281 23 14 283 70 5 287 86 6 288 42 14 291 92 6 292 4 18 297 76 6 299 38 22 299 71 16 299 78 28 300 93 15 302 14 17 303 84 7 311 35 20 316 26 26 316 87 18 324 80 17 325 28 15 325 43 2 334 23 25 350 80 2 352 84 13 354 41 2 361 75 2 367 45 7 372 64 12 377 89 11 378 25 19 379 25 1 379 30 0 389 65 21 391 50 11 395 12 27 395 77 3 402 16 29 408 1 12 411 47 24 411 50 20 414 47 4 417 3 11 422 81 4 431 27 0 438 20 17 442 40 10 442 92 21 446 52 5 468 40 21 474 36 22 479 72 31 487 80 18 489 45 11 495 75 20 499 56 27 501 92 28 508 42 29 509 100 9 511 7 4 512 47 26 518 17 4 523 18 22 523 76 25 526 43 11 528 46 21 528 90 28 532 25 1 534 10 12 534 51 0 536 55 6 537 40 18 549 39 7 555 31 19 556 73 26 565 62 19 568 22 18 575 38 21 576 28 21 576 53 8 577 80 29 580 50 14 581 92 23 586 30 7 586 46 14 589 28 30 594 44 22 599 75 9 602 83 20 603 75 15 604 65 31 607 90 2 623 67 27 629 26 20 631 61 20 632 0 5 633 54 21 635 72 18 641 92 30 644 54 12 644 86 25 654 83 8 656 34 19 658 57 4 659 92 25 659 99 7 670 83 12 674 14 29 675 6 20 678 18 11 678 70 19 680 14 1 680 25 13 680 26 21 681 0 2 681 61 0 681 65 31 689 27 13 692 48 7 697 43 8 702 20 27 707 74 16 711 25 13 716 89 26 717 38 31 719 86 18 722 36 29 728 22 27 736 19 15 738 83 17 740 49 24 743 96 8 747 4 10 749 68 20 751 86 29 757 73 22 759 75 20 760 27 18 760 55 21 762 85 16 769 12 0 774 90 0 779 4 29 780 94 11 781 7 14 781 92 31 783 91 16 784 48 4 784 95 6 785 35 11 788 56 10 791 97 19 792 79 18 793 71 17 796 81 24 799 45 26 799 97 30 802 82 27 804 50 21 806 38 28 815 73 11 816 38 6 816 88 24 822 67 8 826 35 26 826 95 22 828 64 10 830 62 23 833 61 14 836 90 14 836 99 23 837 79 1 842 16 18 843 60 13 843 67 2 848 28 18 849 51 21 853 52 15 854 10 27 859 41 18 859 77 9 866 57 6 867 38 26 869 38 28 869 79 17 871 58 31 873 52 20 874 77 17 876 81 30 877 44 11 884 66 31 888 50 26 889 91 19 898 70 27 900 37 16 903 60 2 906 95 14 911 15 22 912 24 3 919 83 10 919 86 5 923 30 26 928 8 7 928 56 8 928 90 16 930 22 31 937 95 31 938 21 10 939 43 18 946 74 1 949 71 7 951 16 4 954 35 21 956 55 3 963 100 21 967 70 3 973 55 14 981 68 28 982 26 17 994 79 6 1008 23 17 1008 50 20 1012 84 5 1026 26 14 1030 92 23 1030 99 3 1031 98 7 1033 31 22 1034 37 2 1038 32 21 1039 95 23 1808 73 13 1811 30 22 1811 37 16 1812 55 23 1813 41 0 1814 63 17 1814 98 18 1833 22 12 1834 68 13 1834 79 20 1837 42 21 1840 48 17 1843 38 15 1844 37 26 1846 79 19 1849 93 6 1855 41 23 1858 29 19 1860 65 22 1861 35 10 1868 39 14 1872 96 6 1873 22 1 1876 9 30 1878 2 22 1879 87 12 1880 74 4 1888 31 1 1889 27 26 1894 34 15 1895 20 17 1899 39 20 1900 10 10 1900 40 23 1902 38 5 1906 100 31 1910 26 28 1911 38 14 1914 36 11 1920 75 2 1921 15 14 1927 76 6 1929 45 22 1931 35 0 1933 38 5 1938 51 31 1939 51 15 1943 32 21 1943 36 8 1946 55 9 1947 6 14 1949 75 20 1952 24 9 1953 81 28 1954 89 12 1959 0 23 1968 44 23 1970 36 25 1975 90 12 1976 92 20 1978 42 25 1980 9 17 1980 89 1 1983 65 5 1984 55 27 1985 8 23 1987 53 14 1990 37 14 1992 82 15 1995 49 10 1997 67 13 1999 23 16 2000 44 10 2000 56 10 2003 83 25 2003 96 14 2006 26 0 2010 35 5 2018 3 7 2021 1 9 2022 31 7 2025 28 26 2025 72 27 2025 90 17 2025 94 11 2026 25 0 2030 31 29 2032 19 16 2042 55 3 2042 77 30 2043 38 21 2044 80 0 2047 43 21 2051 63 20 2052 81 29 2056 7 3 2057 28 8 2061 66 6 2061 82 15 2068 12 0 2068 21 13 2068 23 0 2070 86 2 2079 57 15 2079 63 23 2079 72 2 2080 53 12 2082 23 15 2093 25 25 2093 77 25 2093 83 26 2094 69 29 2096 61 11 2098 17 14 2114 42 27 2120 63 2 2122 25 3 2128 13 18 2129 21 16 2133 50 29 2136 63 6 2137 13 9 2142 28 1 2143 97 2 2145 95 0 2146 30 5 2147 29 7 2147 69 12 2156 57 10 2157 37 14 2159 92 0 2175 80 12 2177 30 21 2183 86 23 2190 10 15 2195 77 11 2199 67 12 2203 41 0 2203 58 7 2205 76 5 2210 56 19 2211 19 22 2211 76 12 2214 90 7 2216 76 9 2218 60 0 2219 37 9 2221 44 29 2222 59 5 2225 25 16 2225 89 20 2226 7 20 2231 34 7 2236 62 13 2237 51 23 2238 25 3 2240 10 19 2240 77 5 2245 8 4 2245 9 4 2245 27 17 2246 54 5 2249 73 18 2253 9 28 2253 38 2 2261 90 9 2263 11 26 2264 59 4 2273 45 28 2277 40 14 2282 9 2 2282 16 14 2282 73 16 2283 82 20 2296 51 30 2297 13 14 2297 29 10 2297 57 7 2299 21 28 2302 57 22 2302 73 2 2303 13 22 2307 42 1 2315 64 29 2318 53 2 2323 98 9 2325 93 2 2328 1 15 2330 23 0 2334 57 3 2339 65 13 2340 43 10 2340 83 12 2345 86 17 2349 63 21 2350 67 13 2357 37 5 2359 79 22 2364 70 23 2369 97 14 2371 7 2 2376 92 19 2378 45 8 2378 66 7 2384 93 8 2388 8 6 2390 67 25 2391 95 10 2396 2 20 2397 42 16 2400 31 7 2400 45 14 2405 26 15 2405 90 25 2409 25 2 2417 8 8 2424 22 4 2425 90 10 2429 28 27 2433 52 0 2436 98 1 2437 8 0 2439 3 13 2439 25 23 2450 53 8 2455 1 19 2462 3 18 2462 63 13 2468 68 11 2478 26 14 2479 44 31 2484 9 10 2491 68 11 2492 80 18 2495 95 5 2497 40 2 2500 72 17 2500 87 27 2504 68 5 2506 31 0 2508 80 15 2509 64 16 2509 92 14 2509 99 31 2512 4 14 2514 29 8 2518 41 6 2522 49 3 2522 59 11 2524 45 9 2528 73 12 2528 79 30 2532 93 21 2533 8 10 2535 55 9 2539 69 7 2545 13 29 2546 56 29 2549 97 8 2551 95 13 2556 91 7 2561 1 16 2563 82 3 2565 15 22 2565 72 1 2566 29 19 2571 54 7 2573 2 2 2575 19 18 2578 3 22 2584 25 12 2585 59 21 2589 7 19 2589 33 18 2590 69 1 2593 81 1 2594 73 28 2595 48 3 2596 35 26 2606 39 6 2607 47 17 2612 80 16 2614 74 21 2620 53 19 2622 33 15 2624 71 21 2628 0 15 2629 12 28 2640 8 22 2640 53 3 2641 28 7 2641 68 6 2641 86 2 2646 11 22 2650 86 19 2651 61 11 2653 17 8 2658 60 27 2662 29 25 2668 90 29 2670 14 13 2672 74 19 2674 57 26 2675 71 15 2677 91 20 2678 95 7 2682 44 9 2683 73 14 2695 60 6 2698 36 28 2705 6 11 2706 29 8 2707 2 25 2709 20 17 2712 84 22 2713 56 7 2718 89 17 2719 48 24 2720 12 9 2726 88 26 2726 100 31 2727 69 16 2731 63 25 2737 26 13 2739 99 8 2742 63 11 2750 0 22 2752 7 25 2752 74 10 2762 37 2 2764 18 2 2765 36 0 2767 64 25 2767 69 3 2769 59 11
973 625 0.0001 72 20 9 75 6 12 85 71 8 91 9 13 92 1 25 97 91 23 98 9 31 104 47 22 105 91 24 108 64 8 110 22 5 110 28 23 111 70 21 112 17 20 124 9 6 125 61 5 126 87 5 127 47 16 132 59 1 136 21 21 139 75 6 147 100 16 154 100 0 167 0 8 167 40 2 169 68 11 172 27 0 172 73 8 177 59 3 178 50 29 178 76 16 181 19 6 186 90 11 186 96 0 189 20 25 189 34 10 195 31 14 195 64 22 197 76 2 199 47 6 200 82 27 202 83 17 203 5 4 207 36 23 209 80 25 210 2 1 210 67 21 213 38 21 214 59 10 214 94 10 218 40 24 221 18 12 221 25 11 221 35 15 222 52 18 223 80 6 224 74 17 225 70 1 233 52 9 238 12 24 240 14 10 240 68 3 250 13 25 259 81 21 260 10 19 265 16 0 265 43 18 267 8 9 272 35 4 275 60 1 277 56 8 277 93 20 284 57 18 285 60 25 286 37 7 287 30 14 287 39 27 288 47 8 291 91 2 295 24 24 297 43 27 298 9 13 304 48 31 305 45 11 311 44 4 311 82 2 317 41 4 318 70 30 321 10 23 323 26 11 324 49 18 325 71 23 338 43 24 345 74 1 347 45 12 348 62 13 351 6 8 354 86 15 356 6 11 360 96 8 362 46 2 362 71 12 363 13 22 365 56 27 369 2 2 371 13 28 384 53 27 388 20 23 388 63 18 391 47 0 398 34 28 403 18 28 405 97 16 411 21 8 419 29 1 420 35 19 434 76 18 438 31 7 441 53 17 442 97 2 444 11 19 445 30 19 449 76 28 449 98 20 451 54 20 452 24 9 454 98 8 457 37 27 457 64 15 458 42 31 467 70 7 470 59 14 472 15 22 476 49 23 480 85 30 484 57 8 489 83 31 493 20 14 493 24 4 494 99 21 497 87 28 499 42 13 506 63 23 508 0 13 508 38 0 514 43 23 517 56 1 519 42 31 520 5 9 522 94 7 523 91 24 524 13 31 525 7 11 533 27 11 537 77 26 544 10 17 563 85 28 565 10 1 568 78 25 569 90 15 570 37 13 572 73 0 580 59 19 581 14 22 581 92 15 583 28 26 588 59 1 589 92 3 591 28 29 594 7 22 596 8 23 596 59 19 597 40 10 602 36 25 604 73 2 605 95 30 608 9 9 611 83 18 612 33 24 615 50 29 616 91 28 617 99 9 618 39 5 620 81 6 627 12 29 638 89 18 639 42 29 643 70 24 646 76 25 654 75 13 662 3 6 665 79 18 668 85 8 672 2 14 673 99 20 680 17 22 680 44 17 681 42 31 683 79 2 689 48 6 690 45 1 692 98 26 696 18 16 702 14 12 705 57 29 705 70 13 707 5 21 707 35 14 708 85 1 716 51 4 717 19 7 718 5 0 719 87 0 724 75 0 724 88 27 734 44 16 735 83 30 737 38 18 739 18 30 740 45 11 741 2 3 750 44 19 752 72 11 755 29 16 762 47 23 763 59 12 767 11 24 770 57 4 772 56 14 785 78 29 789 66 23 790 42 24 791 53 8 792 65 24 799 35 9 801 11 15 806 3 13 809 2 13 810 18 17 811 71 10 811 85 30 825 39 11 826 49 14 830 21 30 833 25 23 837 91 1 840 1 9 841 86 27 841 100 16 843 70 2 846 18 30 849 90 23 856 63 19 858 3 24 859 44 16 861 43 30 861 67 26 873 31 30 878 55 18 884 69 15 886 72 30 891 80 27 894 89 13 895 71 24 898 44 26 901 51 25 901 85 24 904 73 21 905 33 10 912 9 2 920 11 15 921 99 29 929 71 5 933 27 12 946 11 4 947 57 5 948 7 25 951 47 20 951 59 8 952 50 22 961 57 10 963 36 18 964 76 5 964 98 25 969 34 11 973 62 14 982 50 16 983 92 29 986 82 24 988 2 18 988 48 13 988 71 9 990 1 1 991 55 24 994 79 1 1003 89 14 1004 31 0 1013 20 16 1013 93 30 1018 32 6 1021 6 2 1021 44 20 1021 100 9 1022 46 5 1025 22 9 1810 39 18 1811 90 12 1817 89 18 1819 33 24 1827 6 27 1833 5 10 1841 80 15 1842 85 11 1843 7 2 1850 79 0 1854 33 5 1855 93 24 1858 37 19 1858 41 22 1859 42 25 1859 50 28 1862 37 5 1865 72 6 1867 89 31 1868 96 11 1871 40 1 1872 85 11 1878 4 2 1878 15 5 1879 19 7 1883 7 4 1883 92 25 1884 55 10 1891 41 17 1895 77 21 1896 97 12 1897 17 30 1899 97 8 1903 53 4 1911 51 6 1912 41 19 1914 45 31 1914 62 19 1914 67 24 1918 16 7 1920 33 0 1927 64 16 1927 69 18 1928 3 0 1930 45 22 1932 31 25 1939 49 12 1940 54 7 1946 0 22 1947 38 29 1947 88 11 1948 57 13 1952 100 25 1953 81 2 1954 13 24 1961 92 9 1967 11 16 1973 60 11 1976 77 15 1983 35 12 1986 18 4 1987 34 17 1990 37 11 1992 57 7 1998 67 21 1999 98 20 2000 81 4 2002 54 25 2004 82 0 2005 0 28 2007 100 17 2008 8 25 2009 62 31 2009 87 27 2018 28 20 2020 44 14 2030 1 21 2031 19 5 2033 69 2 2034 1 24 2034 28 19 2038 67 29 2040 74 24 2049 31 15 2053 18 1 2060 27 14 2060 51 3 2062 48 11 2063 19 28 2063 32 3 2065 27 12 2066 36 16 2067 47 29 2069 83 11 2074 59 4 2076 71 22 2080 0 20 2089 25 9 2094 80 30 2095 22 9 2096 30 3 2097 84 3 2102 74 17 2104 64 15 2122 50 29 2123 45 21 2126 50 27 2128 29 7 2131 14 23 2134 95 4 2138 51 2 2138 63 6 2145 24 1 2145 56 21 2146 48 28 2157 53 14 2159 65 14 2159 99 4 2162 70 30 2169 43 9 2171 89 28 2175 62 13 2178 94 2 2180 29 2 2184 30 1 2184 47 7 2205 21 6 2207 72 16 2212 60 7 2224 59 7 2225 68 5 2225 70 6 2229 42 3 2229 43 29 2230 84 7 2232 22 21 2236 31 1 2238 52 14 2252 71 17 2255 98 31 2256 57 15 2257 22 1 2257 33 24 2259 92 5 2262 61 8 2262 93 27 2277 61 29 2281 88 15 2282 57 8 2283 3 16 2285 35 6 2286 75 3 2288 14 27 2288 22 22 2289 44 0 2294 67 30 2300 26 2 2301 77 8 2302 52 24 2305 8 29 2305 17 30 2308 57 26 2311 85 22 2316 5 6 2326 27 14 2332 2 8 2333 31 19 2334 28 4 2335 47 29 2339 50 29 2340 15 5 2344 41 28 2345 35 8 2347 83 26 2355 51 16 2356 15 11 2357 0 7 2357 90 16 2358 5 20 2359 77 29 2362 17 30 2364 53 11 2365 52 30 2367 24 8 2371 9 28 2371 30 16 2374 65 11 2378 71 8 2381 51 23 2386 95 12 2391 63 20 2392 30 21 2396 18 3 2396 47 31 2401 7 3 2406 41 31 2407 20 29 2410 7 30 2412 87 28 2413 44 28 2413 49 20 2413 80 3 2418 71 0 2423 20 30 2426 57 10 2426 93 16 2428 27 27 2430 52 6 2432 17 31 2432 50 30 2434 86 8 2435 21 17 2438 5 14 2439 88 1 2443 89 3 2444 51 7 2448 52 4 2453 10 26 2453 35 13 2453 89 10 2455 52 16 2460 56 3 2465 98 2 2466 18 16 2467 36 19 2475 78 12 2487 14 7 2490 38 11 2496 52 18 2497 42 7 2498 53 7 2501 31 3 2508 20 19 2511 87 19 2512 3 27 2514 23 30 2514 96 3 2519 73 7 2523 75 10 2528 7 31 2529 78 16 2531 32 29 2542 36 6 2543 15 17 2555 50 12 2559 75 25 2561 35 4 2562 90 20 2563 12 18 2566 59 17 2567 88 6 2578 12 15 2578 12 28 2578 65 29 2578 88 6 2580 56 0 2583 62 19 2585 12 30 2594 35 26 2594 39 20 2595 9 4 2597 76 26 2598 99 5 2599 17 6 2600 78 24 2602 0 1 2607 47 28 2607 66 15 2608 65 24 2608 83 1 2610 27 24 2612 40 20 2616 7 15 2617 91 16 2619 4 11 2627 87 20 2636 99 14 2637 4 3 2639 19 17 2641 32 19 2645 99 26 2649 61 12 2654 17 7 2660 42 10 2663 66 11 2673 81 20 2675 18 15 2677 2 23 2680 27 29 2680 60 17 2681 58 12 2684 42 7 2684 43 25 2688 90 27 2689 25 1 2691 10 16 2692 3 14 2694 8 24 2701 42 30 2707 85 20 2714 84 3 2731 36 4 2732 9 28 2734 26 22 2734 70 29 2738 83 4 2740 13 29 2748 41 31 2749 17 8 2752 51 1 2753 91 5 2754 62 16 2759 29 14 2759 43 8 2760 46 14 2766 64 13 2768 29 8 2773 9 12 2775 29 27 2775 41 1
974 625 0.0001 72 56 9 73 4 17 73 44 0 74 95 15 78 14 19 79 8 30 83 67 22 84 17 8 85 66 17 87 2 9 94 67 9 94 92 4 95 55 18 97 78 1 107 78 7 110 43 20 110 74 12 115 14 18 117 16 17 120 15 26 126 48 28 126 88 20 134 47 6 140 63 16 146 97 25 151 28 6 153 79 4 159 4 8 159 90 27 160 84 1 163 93 20 173 49 22 178 8 18 182 74 21 192 9 10 193 38 28 194 78 23 198 32 2 203 98 31 205 18 7 208 66 30 211 78 31 211 97 5 212 58 4 219 76 17 219 99 3 220 40 7 224 82 16 230 27 6 231 44 26 239 91 24 240 15 13 249 35 24 250 79 23 252 23 24 252 24 30 252 90 10 254 15 6 259 56 30 260 41 11 260 87 20 261 98 27 264 12 14 264 55 20 265 35 0 265 47 6 267 95 30 269 26 5 272 81 16 275 60 11 275 88 3 285 8 12 290 73 9 294 65 18 299 51 11 308 47 31 311 8 10 312 93 27 313 55 8 316 55 1 333 26 0 336 3 20 337 55 28 338 97 5 340 97 8 343 9 6 344 45 23 345 42 19 346 72 11 351 46 12 359 13 24 361 66 27 367 39 26 373 19 19 374 97 4 383 43 21 387 27 3 388 66 6 391 28 28 394 42 25 400 36 19 402 40 19 413 93 29 414 7 16 414 83 24 428 98 14 428 99 28 434 14 26 434 67 3 434 79 14 437 75 2 440 11 24 441 72 1 442 85 17 448 18 8 452 35 20 454 98 27 458 18 4 466 84 14 468 90 12 469 0 25 473 75 19 480 51 24 485 21 10 486 58 6 488 1 27 489 93 13 490 41 30 494 32 19 495 57 1 498 65 4 506 16 29 506 75 23 509 37 21 512 1 29 512 99 21 515 5 7 516 22 12 516 39 9 520 10 0 520 95 30 524 57 23 525 13 27 526 46 5 530 25 7 535 80 0 542 15 2 545 98 6 551 77 8 553 31 25 553 43 6 555 29 14 556 79 3 558 4 0 562 29 18 564 36 19 566 15 27 568 85 27 570 91 9 571 57 25 573 6 30 582 66 18 584 91 1 586 64 23 590 28 15 592 55 2 595 34 17 596 42 0 601 46 25 602 36 0 606 21 13 611 28 8 622 75 18 626 100 10 628 63 7 629 41 15 630 46 27 630 52 28 631 97 29 632 83 7 635 57 19 638 50 8 640 45 16 645 36 3 647 40 9 650 5 20 650 57 5 659 92 14 662 69 10 664 2 7 667 85 20 669 3 12 669 42 31 672 21 18 673 77 29 673 79 20 674 21 0 674 50 2 674 90 0 675 96 21 676 19 1 676 19 18 677 42 24 678 75 9 678 95 1 684 58 25 687 93 8 693 5 18 696 99 26 698 10 8 700 50 13 701 3 6 704 82 5 710 60 19 712 29 29 715 29 2 724 25 25 727 12 25 727 18 25 735 5 4 736 76 28 737 28 10 743 55 0 743 74 5 745 51 2 745 77 14 747 18 1 753 23 10 753 89 18 754 31 7 757 99 8 768 47 14 770 52 0 771 48 10 772 33 30 777 2 7 787 45 18 788 79 27 790 20 21 796 78 20 814 27 15 815 25 25 817 94 24 819 69 13 826 56 2 828 96 6 829 3 25 830 2 15 832 6 28 835 45 4 840 66 0 840 75 29 843 11 30 843 11 31 846 6 9 846 31 13 850 39 15 851 57 30 853 67 18 862 44 1 862 95 30 863 41 6 868 47 17 869 79 25 878 10 27 878 52 15 880 48 14 881 20 21 883 28 17 884 16 0 884 89 16 887 65 9 894 18 29 894 56 24 894 71 12 895 99 9 898 8 31 906 12 11 910 30 20 914 56 17 914 81 29 921 33 1 923 41 14 924 10 5 937 8 28 944 40 7 950 98 19 957 51 13 964 63 27 965 46 11 968 18 10 968 80 9 972 15 10 972 56 11 975 50 14 986 10 1 987 45 23 990 5 20 993 92 19 997 38 7 1003 12 19 1004 10 20 1008 73 6 1016 46 15 1017 100 28 1019 65 23 1021 3 14 1026 37 18 1027 71 8 1037 65 22 1038 11 30 1810 53 22 1812 46 31 1821 17 7 1823 36 25 1824 75 28 1831 100 1 1832 88 11 1836 18 5 1836 94 28 1840 69 13 1844 67 22 1849 54 28 1849 74 1 1852 41 20 1852 83 13 1855 86 25 1859 31 0 1860 67 16 1863 21 11 1863 69 31 1864 27 7 1865 97 8 1866 47 17 1871 74 16 1872 69 25 1874 47 28 1874 70 13 1877 99 9 1879 63 25 1879 77 10 1887 68 23 1888 95 8 1889 21 18 1889 85 11 1892 56 11 1894 69 25 1901 61 9 1902 93 6 1909 66 3 1910 90 14 1920 44 7 1921 55 20 1921 56 30 1921 81 21 1923 91 24 1931 30 12 1932 13 27 1948 7 24 1949 80 12 1951 99 17 1953 48 8 1957 19 1 1957 30 1 1958 99 14 1959 13 3 1962 52 14 1963 12 8 1967 3 11 1967 48 14 1968 56 26 1970 40 4 1977 54 13 1978 36 19 1983 86 8 1985 38 6 1985 99 12 1991 16 29 1998 86 17 2001 98 21 2002 69 20 2014 68 8 2020 0 20 2020 89 21 2031 41 15 2037 46 17 2039 99 30 2042 97 24 2044 76 19 2046 34 15 2047 74 2 2050 22 27 2057 54 21 2063 15 30 2066 50 12 2076 41 24 2076 46 30 2077 44 23 2083 77 21 2084 62 18 2085 2 19 2087 70 20 2088 69 10 2089 26 25 2090 28 26 2092 52 5 2100 16 31 2102 14 30 2106 97 7 2109 87 29 2114 39 25 2115 99 31 2119 24 14 2119 81 18 2121 33 22 2124 55 5 2125 56 10 2128 95 2 2129 1 2 2133 57 19 2134 51 14 2139 60 8 2149 92 21 2157 98 5 2163 95 23 2164 26 12 2166 89 20 2168 25 30 2171 33 14 2171 68 15 2177 19 5 2178 40 8 2181 37 28 2182 3 28 2182 24 14 2183 29 4 2188 79 21 2191 36 13 2192 57 2 2196 75 4 2198 86 6 2200 53 3 2203 18 4 2203 49 22 2213 80 24 2218 4 9 2221 60 14 2233 98 1 2235 42 14 2239 49 4 2254 58 16 2258 11 7 2278 83 21 2282 65 24 2291 90 26 2296 57 22 2299 26 20 2300 95 28 2301 92 12 2305 16 30 2305 67 17 2307 26 16 2313 57 21 2314 53 24 2315 69 10 2320 67 22 2322 100 4 2328 60 8 2332 28 11 2334 16 29 2336 60 24 2344 14 0 2345 27 25 2345 83 31 2350 86 28 2351 35 29 2352 42 19 2352 64 3 2361 42 2 2362 1 24 2366 35 12 2377 48 18 2379 75 5 2381 35 31 2382 43 29 2383 86 18 2385 60 10 2389 25 0 2392 89 5 2396 36 19 2396 48 8 2408 72 6 2408 89 29 2410 91 0 2412 28 17 2418 50 23 2421 19 7 2422 70 16 2423 81 1 2424 25 6 2428 46 16 2433 0 8 2433 3 7 2439 91 10 2442 5 16 2442 40 28 2444 27 3 2448 82 15 2451 60 0 2457 65 21 2459 6 7 2472 30 13 2476 12 1 2482 98 18 2492 10 24 2492 64 9 2496 65 5 2497 5 0 2498 92 26 2501 6 1 2502 10 30 2502 78 28 2512 63 11 2514 6 23 2515 94 5 2516 40 17 2520 69 27 2522 65 21 2524 53 4 2525 6 13 2529 70 4 2530 28 2 2530 83 20 2534 38 19 2535 6 26 2540 91 5 2545 13 18 2545 20 22 2550 5 31 2551 73 14 2553 42 14 2558 88 20 2565 52 29 2568 92 16 2569 14 20 2578 9 17 2578 32 3 2580 60 24 2585 30 13 2593 64 10 2594 30 10 2594 80 18 2595 75 16 2600 42 18 2602 24 18 2602 75 24 2603 74 4 2606 75 0 2608 12 9 2608 22 17 2613 24 21 2613 24 27 2622 42 8 2624 16 6 2628 39 27 2634 12 14 2637 25 4 2641 12 25 2644 69 6 2644 97 12 2645 14 10 2647 11 23 2649 88 3 2651 71 18 2653 55 24 2654 89 12 2656 54 2 2657 33 26 2658 41 11 2659 69 14 2661 95 1 2664 16 23 2665 66 18 2665 79 0 2668 3 8 2668 62 20 2668 100 24 2669 38 18 2671 93 7 2673 18 26 2674 78 9 2674 89 3 2680 51 9 2687 36 25 2690 93 21 2691 22 26 2692 69 25 2694 100 18 2695 71 4 2698 7 4 2698 50 22 2702 84 18 2704 16 29 2708 55 25 2708 95 11 2709 2 13 2709 66 27 2710 67 21 2720 24 5 2721 3 8 2724 32 20 2728 93 16 2732 95 20 2733 52 3 2735 88 16 2737 13 30 2738 16 6 2740 1 27 2740 45 31 2746 55 25 2749 24 23 2752 99 25 2756 35 31 2756 47 28 2768 44 15
975 625 0.0001 74 88 11 75 54 0 76 36 20 76 47 19 85 86 0 89 92 8 91 94 18 93 56 10 94 5 10 95 1 11 107 15 1 107 86 7 113 69 28 114 71 2 119 39 9 120 12 4 120 58 30 121 5 4 121 29 13 124 78 6 127 78 1 144 21 13 148 57 9 150 89 20 151 9 26 152 13 17 152 95 23 153 36 7 154 81 3 155 55 11 164 84 24 168 80 27 179 94 25 182 26 23 185 18 27 187 5 10 188 67 28 189 0 9 191 93 18 194 38 17 196 80 8 196 97 29 199 66 12 200 62 15 201 51 1 204 42 6 206 85 20 209 41 3 209 45 24 211 73 14 213 25 18 214 24 7 226 35 7 227 95 6 229 43 21 229 90 4 230 41 24 231 70 29 235 76 16 237 82 17 238 69 15 246 19 8 249 91 18 250 48 22 252 28 8 254 43 2 269 4 12 271 34 10 274 71 30 277 75 13 282 71 6 284 64 8 289 93 28 291 13 24 291 76 5 292 88 8 293 68 13 300 42 14 301 47 29 302 89 25 303 0 27 305 77 26 307 100 26 309 1 13 309 99 22 312 5 19 319 13 21 325 70 20 329 40 12 329 58 17 329 75 8 329 77 21 341 47 6 342 6 2 344 83 23 350 66 14 352 18 19 353 5 4 356 1 4 369 25 7 373 28 22 374 50 6 375 26 4 376 22 25 379 3 11 387 8 19 392 88 29 398 20 21 401 54 1 406 62 18 406 81 2 415 12 20 415 16 12 415 39 11 417 43 16 424 1 19 434 57 2 438 83 16 438 90 18 445 25 11 452 18 0 458 84 4 461 18 16 464 72 29 468 32 6 479 57 20 482 98 6 484 63 25 484 93 24 498 4 14 503 49 11 503 97 7 506 63 9 506 74 15 508 23 0 517 5 16 519 20 10 525 40 10 526 44 12 530 46 7 531 86 18 541 88 28 543 69 27 547 57 10 553 45 19 556 28 0 560 12 1 564 49 19 564 53 19 572 32 6 575 18 20 576 93 8 586 68 6 588 28 30 589 32 30 591 40 29 591 65 11 593 78 22 595 59 20 596 89 24 606 11 13 606 36 24 611 58 18 611 73 6 613 61 31 616 22 4 617 34 23 617 62 18 617 97 24 618 31 16 624 67 29 630 18 3 632 11 16 632 49 11 637 47 14 643 81 16 644 77 29 647 32 3 653 8 25 654 28 23 656 17 17 657 35 31 658 89 31 661 48 17 665 34 4 668 44 6 675 61 12 678 27 23 679 86 20 686 17 1 686 37 27 688 97 3 700 27 28 702 50 30 706 86 10 715 8 14 718 77 19 721 12 2 721 88 29 724 7 17 729 43 0 731 15 5 732 14 22 736 88 18 742 67 14 744 70 9 745 34 23 747 56 19 750 23 10 750 53 14 751 18 15 752 54 27 755 28 18 758 11 4 758 12 7 761 29 28 767 2 28 772 42 26 773 70 14 777 73 9 782 15 29 783 98 31 784 87 5 785 46 28 786 62 21 789 26 5 792 35 16 795 34 7 795 55 9 796 47 14 798 39 15 805 63 15 808 58 31 808 80 11 811 57 25 822 35 10 824 84 24 829 79 8 833 66 15 834 77 17 836 53 12 839 2 21 840 66 8 840 83 1 845 9 31 845 99 6 852 43 14 861 30 17 864 75 19 866 19 0 871 8 1 877 95 6 878 100 1 881 89 22 883 56 20 889 10 12 891 59 22 893 67 5 894 66 0 896 43 21 908 74 7 909 59 29 916 96 18 917 15 5 920 54 18 924 72 2 927 52 29 929 77 9 931 46 16 933 8 18 938 46 26 942 73 28 944 11 0 948 71 29 949 2 12 949 21 3 953 47 18 970 96 4 979 83 27 980 53 28 980 75 14 981 16 31 981 21 7 985 53 0 987 87 24 990 12 31 990 84 0 993 90 11 996 53 17 996 77 23 999 13 1 999 67 19 1001 6 25 1001 13 3 1001 14 30 1001 58 15 1016 47 11 1019 1 19 1023 88 9 1025 81 26 1028 14 21 1031 24 18 1031 54 12 1032 50 11 1034 10 5 1034 21 4 1034 24 20 1036 27 30 1036 32 16 1036 98 27 1039 61 14 1039 90 6 1810 32 28 1811 88 24 1817 7 4 1818 14 17 1825 63 19 1828 53 20 1829 47 7 1830 16 18 1830 40 10 1835 42 16 1838 94 0 1839 25 22 1842 46 24 1848 16 31 1850 24 25 1862 1 31 1867 47 1 1868 47 16 1868 96 13 1876 24 8 1877 63 21 1879 14 2 1882 42 25 1885 60 14 1887 19 22 1887 88 1 1888 36 15 1891 40 28 1897 32 30 1914 64 9 1923 65 28 1925 65 4 1928 96 25 1931 54 0 1935 11 19 1936 45 5 1939 54 18 1941 24 16 1941 51 18 1945 4 29 1946 33 7 1947 30 10 1947 61 13 1950 36 6 1950 86 26 1952 17 9 1952 59 8 1957 4 2 1958 16 31 1961 24 18 1965 45 4 1966 61 9 1968 42 23 1976 59 1 1977 5 19 1978 14 15 1981 49 24 1983 2 14 1985 16 20 1994 54 5 2000 83 22 2006 4 15 2007 26 24 2008 13 17 2014 31 26 2014 47 22 2015 75 0 2019 7 19 2020 73 30 2027 93 19 2029 14 14 2030 30 12 2032 18 30 2032 69 31 2033 5 19 2033 21 17 2034 91 3 2036 30 8 2040 26 10 2040 85 0 2044 70 30 2049 89 27 2053 38 4 2055 65 29 2058 43 21 2060 27 28 2065 23 2 2067 21 4 2081 44 7 2082 64 29 2091 97 28 2092 65 20 2093 14 26 2098 20 30 2100 27 2 2102 33 3 2105 15 1 2111 67 1 2112 64 16 2114 71 11 2115 71 7 2115 85 5 2119 6 10 2126 28 4 2128 47 24 2130 7 4 2138 10 25 2140 44 18 2141 40 14 2141 85 4 2143 13 0 2146 5 19 2146 24 21 2147 51 27 2147 77 2 2154 52 25 2157 61 22 2157 85 4 2159 50 28 2161 16 5 2167 70 29 2169 64 19 2177 23 25 2185 53 29 2185 74 27 2187 64 13 2188 7 10 2188 38 12 2197 71 30 2197 82 14 2198 18 26 2205 60 14 2212 9 16 2216 95 13 2217 64 15 2219 20 29 2221 68 9 2221 92 28 2228 54 2 2229 36 21 2230 7 3 2230 77 24 2234 2 6 2243 79 22 2252 62 5 2252 72 21 2252 93 22 2253 95 0 2256 16 9 2258 90 21 2261 95 20 2263 60 19 2265 99 3 2267 51 27 2269 57 26 2272 61 29 2274 12 22 2276 47 15 2277 15 5 2279 70 3 2297 76 23 2299 33 8 2305 87 28 2307 3 18 2310 59 16 2312 87 26 2315 85 31 2319 3 21 2327 19 22 2327 20 10 2332 84 23 2335 85 3 2338 64 23 2341 18 4 2342 18 30 2344 71 9 2345 31 12 2349 14 10 2349 25 0 2349 100 0 2353 70 9 2353 95 18 2360 8 16 2365 20 21 2366 23 20 2366 91 6 2367 1 28 2367 100 11 2368 46 8 2370 61 26 2377 14 12 2377 25 21 2380 100 3 2382 76 15 2386 69 31 2386 89 24 2389 57 26 2390 55 29 2390 75 28 2394 25 27 2407 34 15 2408 89 7 2410 100 21 2413 64 30 2414 27 20 2415 33 13 2420 20 18 2422 63 2 2428 27 28 2430 7 3 2432 90 16 2442 61 5 2444 95 19 2446 37 31 2448 65 27 2449 83 29 2450 56 31 2452 62 29 2456 75 5 2458 46 27 2461 74 14 2461 93 28 2469 80 20 2473 86 12 2474 77 16 2476 13 2 2479 44 25 2483 73 6 2488 86 13 2495 37 3 2497 12 16 2499 36 28 2502 9 25 2503 13 7 2503 37 20 2504 57 24 2506 72 5 2510 89 24 2515 23 20 2520 12 4 2520 73 8 2521 79 21 2522 44 12 2525 78 3 2528 99 15 2530 54 28 2532 6 31 2532 98 20 2534 0 7 2539 69 15 2544 24 24 2545 72 5 2546 9 6 2551 33 28 2552 79 24 2553 26 0 2561 41 20 2561 55 22 2563 48 31 2563 70 11 2567 43 27 2573 76 8 2573 80 11 2577 48 12 2579 28 12 2580 76 1 2591 94 13 2602 40 26 2603 32 11 2604 36 21 2605 41 10 2605 100 0 2606 15 26 2607 36 25 2612 17 29 2619 91 18 2622 45 6 2623 44 17 2624 82 26 2625 10 15 2625 16 24 2629 91 5 2630 25 19 2632 19 18 2633 73 25 2637 58 9 2642 62 14 2647 94 11 2656 48 25 2668 0 10 2668 48 28 2670 19 11 2680 49 5 2686 59 15 2690 91 7 2700 61 24 2712 15 24 2715 22 13 2718 84 16 2721 64 21 2721 90 11 2727 2 12 2730 61 2 2731 54 5 2733 59 16 2743 9 12 2744 36 26 2750 83 27 2752 62 21 2757 86 29 2758 23 16 2758 79 25 2773 41 1
976 625 0.0001 72 94 6 73 63 7 75 41 1 77 94 29 79 84 22 86 2 8 88 28 13 89 34 13 92 91 1 93 48 26 96 18 0 99 1 8 99 52 20 108 53 21 109 14 20 111 72 12 112 17 24 112 41 29 113 66 1 117 34 19 120 22 5 128 11 23 128 18 29 129 70 12 130 41 14 136 25 31 143 56 9 144 76 16 147 29 19 154 51 28 155 30 21 155 42 28 155 46 18 157 3 7 158 11 30 161 62 18 174 87 29 176 38 13 179 89 15 182 46 11 189 94 28 190 87 23 191 50 3 191 88 14 193 23 13 197 65 3 199 62 27 204 54 9 207 91 25 209 15 20 209 16 22 209 82 24 210 4 15 216 14 22 218 81 10 219 77 22 219 95 31 229 16 30 231 40 4 233 7 17 237 65 6 241 13 12 247 87 23 263 88 25 267 47 3 269 2 22 269 26 29 274 63 26 277 41 22 283 65 8 287 7 27 287 21 6 290 32 15 290 41 31 291 57 6 294 90 31 295 64 24 296 13 29 298 29 29 300 6 13 301 45 20 304 92 18 306 3 7 307 81 1 307 98 4 309 15 16 321 56 16 325 41 23 327 14 28 327 23 12 331 82 19 332 4 14 334 58 22 339 28 30 344 85 15 345 31 22 350 78 31 351 37 29 353 1 2 355 69 24 357 48 9 362 73 23 362 78 3 368 100 29 369 59 17 374 63 14 376 88 10 379 4 10 384 58 27 397 88 6 399 84 16 402 62 9 404 63 11 412 40 2 416 50 26 419 52 30 425 5 23 432 14 0 432 41 15 432 74 24 441 89 26 442 58 20 446 72 24 449 24 7 449 55 9 453 72 5 454 39 12 456 16 18 458 47 18 459 32 12 462 53 5 462 99 17 471 47 2 475 35 10 481 30 17 486 18 31 488 82 24 491 50 16 494 67 27 495 32 20 500 35 2 505 14 12 506 48 5 509 97 15 512 36 17 513 27 6 515 77 1 518 72 28 520 39 25 520 48 17 521 19 21 525 26 20 533 13 9 537 15 5 541 59 3 541 65 22 547 52 9 549 13 28 549 43 13 551 96 6 554 34 17 554 62 23 558 3 23 566 31 1 573 68 25 574 16 2 574 23 12 580 58 10 581 13 6 582 38 15 587 99 6 590 61 13 593 6 10 594 87 1 598 86 2 600 9 9 602 96 19 603 38 3 606 96 16 607 56 20 608 60 22 610 92 24 612 27 10 624 12 11 629 61 10 638 83 15 646 47 2 649 20 7 649 83 13 654 80 1 658 4 17 659 59 13 664 30 17 667 49 6 669 21 31 670 69 7 678 77 12 678 96 23 681 1 15 686 52 1 687 79 2 688 55 30 691 16 10 704 64 29 706 78 2 713 15 27 716 9 29 717 69 6 720 45 4 721 79 21 725 20 12 725 53 21 727 65 20 734 76 18 737 87 9 747 73 10 751 98 23 752 4 0 754 9 18 767 83 25 770 24 24 771 15 5 773 4 28 775 59 9 796 17 23 798 58 29 799 53 4 799 55 27 800 86 18 809 49 27 813 63 16 813 100 29 818 69 2 821 73 21 824 45 29 834 78 0 837 15 14 837 16 14 838 23 16 842 38 16 842 64 21 844 91 3 846 73 28 850 17 19 850 32 25 855 28 30 864 46 28 872 62 3 873 50 17 873 82 18 875 87 15 876 82 10 877 6 12 877 38 24 877 48 13 884 97 17 885 15 30 888 47 8 893 0 11 893 92 24 895 30 5 902 91 13 903 83 10 906 59 9 909 3 23 909 56 19 909 66 20 912 46 16 914 17 31 916 11 10 918 0 25 920 13 21 926 65 22 935 75 10 936 7 9 942 87 21 946 93 15 947 0 6 953 2 24 955 6 18 960 45 25 962 29 19 962 97 27 964 76 2 965 81 6 969 31 12 982 16 27 982 67 19 984 91 29 996 9 2 998 79 13 999 26 26 999 98 0 1002 52 0 1004 100 7 1007 14 26 1010 58 16 1013 22 9 1013 66 25 1014 6 5 1016 7 12 1016 57 20 1017 54 25 1020 86 16 1020 96 7 1022 82 21 1023 80 27 1024 75 31 1026 91 27 1029 82 8 1033 26 9 1034 65 6 1809 85 20 1812 51 12 1812 73 13 1814 7 6 1817 77 1 1820 30 4 1825 4 20 1829 9 17 1834 57 29 1840 9 21 1842 42 20 1843 66 13 1851 49 14 1851 62 22 1851 71 12 1852 68 2 1854 1 16 1855 61 16 1856 44 10 1857 2 29 1858 22 25 1858 80 2 1861 61 20 1863 44 25 1864 42 20 1868 72 11 1880 46 13 1889 86 13 1890 15 1 1891 34 26 1897 84 4 1898 75 21 1904 63 17 1905 42 24 1908 38 27 1909 58 9 1921 56 17 1923 61 23 1925 44 9 1928 0 0 1932 9 26 1933 31 23 1934 59 21 1935 68 21 1941 39 21 1942 39 17 1944 12 14 1945 33 25 1946 29 9 1948 25 31 1958 49 9 1960 47 13 1969 35 28 1971 57 18 1974 12 4 1975 86 2 1977 74 4 1978 6 10 1982 86 7 1983 2 18 1983 28 29 1986 5 13 1988 19 17 1988 66 7 1992 35 7 1993 69 25 1997 20 7 1998 12 29 2001 3 15 2003 15 25 2012 62 29 2013 60 15 2013 72 2 2014 7 11 2015 98 13 2018 55 30 2021 4 31 2022 0 24 2024 38 24 2030 73 2 2032 1 25 2032 42 5 2036 48 2 2040 0 20 2042 41 13 2043 60 0 2044 74 4 2047 1 30 2049 50 1 2052 98 31 2064 39 18 2068 43 2 2070 29 3 2071 89 6 2076 18 9 2080 27 14 2080 60 21 2082 80 7 2083 19 10 2084 45 3 2090 18 28 2091 46 19 2091 65 17 2095 21 22 2098 55 13 2100 70 5 2106 36 3 2107 4 31 2107 86 14 2109 30 16 2114 29 21 2118 86 23 2127 41 15 2127 41 18 2127 47 15 2132 19 5 2132 71 5 2135 97 1 2138 33 24 2138 96 20 2145 10 14 2146 54 25 2150 7 8 2155 45 16 2157 37 17 2168 35 24 2169 16 17 2176 29 13 2179 12 1 2181 12 20 2182 52 6 2184 51 1 2188 6 6 2193 40 26 2195 81 13 2196 77 15 2213 52 7 2214 86 28 2216 10 9 2230 0 26 2230 72 8 2230 73 20 2232 99 18 2236 87 28 2237 2 6 2237 41 20 2241 41 24 2242 26 13 2251 21 31 2256 29 24 2257 45 17 2264 22 10 2268 19 4 2271 4 3 2277 88 14 2292 50 18 2292 75 20 2299 67 8 2300 76 22 2306 24 28 2310 17 23 2314 87 26 2316 73 4 2317 38 0 2319 67 1 2326 92 16 2327 11 13 2329 88 23 2330 79 31 2337 17 30 2338 36 8 2340 6 12 2346 5 3 2348 18 27 2351 22 31 2354 92 20 2355 57 14 2358 19 20 2358 55 0 2366 97 28 2370 75 4 2371 62 9 2373 82 22 2376 99 24 2377 68 19 2381 68 28 2382 34 15 2383 19 25 2390 32 28 2394 41 31 2394 91 17 2398 69 25 2400 2 27 2400 84 11 2406 25 17 2407 100 5 2409 66 10 2412 22 30 2415 15 16 2415 35 28 2415 38 7 2420 60 19 2422 58 5 2424 93 0 2427 51 25 2434 0 19 2436 47 25 2440 52 15 2449 13 3 2451 16 17 2453 85 18 2456 2 0 2458 77 2 2463 28 28 2466 69 27 2468 80 27 2471 86 26 2472 17 15 2481 48 1 2482 45 28 2485 50 16 2489 3 15 2489 9 3 2489 12 8 2489 64 15 2492 33 2 2494 45 9 2494 66 5 2500 43 6 2501 42 31 2502 78 5 2503 4 27 2503 23 16 2505 1 12 2507 46 10 2511 24 14 2521 13 4 2524 76 13 2526 37 27 2534 43 17 2536 36 9 2537 25 5 2542 15 3 2546 48 9 2546 87 8 2565 56 2 2568 8 19 2568 85 7 2575 39 24 2577 7 29 2580 61 11 2582 78 24 2583 21 8 2583 67 21 2591 78 6 2606 47 24 2607 92 30 2611 98 0 2613 66 9 2617 68 10 2618 94 18 2623 47 1 2623 100 4 2625 100 5 2632 66 17 2636 45 9 2638 71 14 2643 19 19 2646 44 23 2646 58 5 2649 76 31 2651 45 12 2652 46 1 2653 97 2 2654 97 11 2657 29 21 2657 38 2 2661 23 2 2661 77 3 2662 68 10 2669 44 20 2680 94 3 2684 96 21 2685 61 4 2685 73 4 2704 61 23 2711 84 14 2714 91 11 2715 86 25 2716 97 13 2727 90 11 2730 95 30 2733 40 11 2734 1 26 2739 16 24 2741 14 13 2742 52 7 2743 27 15 2743 55 14 2745 62 30 2749 4 19 2749 39 19 2749 49 22 2750 33 15 2753 12 5 2760 67 23 2761 62 19 2764 17 15 2765 27 18 2765 51 18 2766 37 16 2769 94 30 2774 30 11
977 625 0.0001 77 97 11 83 82 18 85 65 11 85 99 13 94 42 0 96 65 2 104 71 24 106 75 0 112 16 18 114 51 21 114 74 15 115 74 21 119 83 12 123 84 26 124 48 14 127 28 14 131 15 4 132 67 24 133 80 8 134 12 3 134 22 6 135 35 19 136 91 28 138 25 26 145 18 26 146 91 25 148 69 16 155 35 16 157 34 29 158 6 11 168 64 6 181 16 7 186 62 13 193 4 7 200 52 26 204 83 17 209 22 10 212 61 29 217 27 14 218 49 12 226 82 15 227 35 20 234 51 2 240 85 9 241 17 20 241 69 26 242 69 24 247 24 25 251 37 18 261 64 23 263 77 5 266 58 7 275 97 29 276 26 29 276 97 8 286 20 28 289 18 3 291 57 0 300 13 14 302 97 2 305 66 27 307 44 24 311 9 13 313 14 0 314 41 19 315 24 11 316 90 23 318 76 26 323 46 9 325 33 21 325 89 30 327 95 1 329 81 20 330 30 9 333 13 30 333 42 5 333 58 9 340 66 5 342 22 25 347 60 1 347 67 17 350 99 4 352 26 14 356 18 2 361 80 28 370 93 8 372 53 23 373 27 3 379 25 18 391 86 19 393 17 6 393 90 7 394 38 7 395 45 16 395 90 0 398 12 12 400 0 11 406 26 28 407 62 13 408 23 29 410 18 19 415 81 23 417 31 11 419 28 28 420 74 19 424 27 4 426 85 25 428 11 4 428 29 2 429 50 5 431 89 22 436 42 4 437 23 24 440 75 17 441 25 20 443 33 14 445 37 2 446 47 18 448 57 17 452 61 6 457 82 23 472 47 16 475 8 27 475 34 13 477 18 26 478 24 1 487 48 15 489 92 12 493 19 6 494 30 18 497 56 14 498 19 4 499 15 16 502 72 13 514 80 29 517 62 3 524 95 6 526 37 13 527 65 24 530 67 19 532 52 23 536 32 7 540 30 21 540 93 7 551 53 30 552 0 22 552 16 27 552 57 5 554 50 3 557 29 30 563 94 10 564 52 28 571 80 26 575 1 28 575 97 5 576 22 20 576 42 3 581 90 23 583 8 6 589 38 28 592 19 1 592 79 13 596 91 31 599 29 15 604 49 10 604 90 24 606 44 27 610 5 28 612 82 14 615 40 25 620 86 14 623 64 0 626 33 6 634 59 14 638 85 3 647 7 17 649 49 0 654 1 3 655 4 2 656 27 0 659 4 21 666 58 26 666 97 22 667 73 29 668 44 8 671 25 1 674 11 5 675 10 26 675 68 30 675 70 26 686 61 19 688 43 22 688 75 9 690 95 29 691 65 12 693 11 18 698 76 19 703 16 29 704 31 1 705 68 24 709 83 15 713 48 21 714 91 31 715 92 6 716 13 9 719 28 12 724 24 14 730 2 10 730 3 9 732 73 31 735 30 21 738 65 28 740 40 26 746 37 1 748 56 22 754 68 31 762 85 19 770 10 12 770 39 28 771 11 1 773 45 4 776 50 18 778 83 16 778 89 24 779 3 31 780 50 0 782 96 1 789 94 10 790 58 20 793 24 11 803 55 1 812 0 25 815 24 4 822 27 13 825 37 25 826 60 27 827 89 2 828 75 3 833 29 3 833 91 3 834 68 6 834 86 16 836 95 12 837 3 31 838 72 5 839 48 24 841 13 26 841 53 9 846 57 0 852 60 31 852 92 29 854 1 0 854 31 29 865 37 12 869 55 17 880 99 3 881 59 5 885 94 15 892 72 4 895 15 4 895 43 13 895 53 25 897 8 18 900 56 22 902 39 14 906 89 11 907 72 1 908 46 19 919 99 11 922 79 27 922 95 22 929 1 19 930 37 21 932 10 22 933 19 17 934 12 22 938 3 2 940 5 26 942 24 17 948 60 30 952 96 18 956 13 26 958 92 10 959 24 20 962 13 4 974 13 21 975 98 24 985 26 31 990 19 1 990 68 9 991 15 6 994 10 16 994 100 0 997 35 0 1000 40 1 1005 93 24 1013 18 13 1013 80 29 1014 99 24 1023 55 14 1023 80 22 1026 7 5 1033 14 17 1039 27 19 1039 57 17 1809 42 8 1813 49 16 1818 16 9 1821 48 0 1829 6 3 1832 20 21 1837 98 4 1838 36 31 1839 21 25 1842 79 3 1849 76 14 1853 3 9 1857 89 17 1858 72 29 1859 29 4 1859 52 7 1861 25 26 1863 20 3 1864 7 17 1872 96 31 1876 82 26 1877 60 0 1886 37 26 1888 77 27 1894 100 23 1895 15 30 1900 67 9 1905 63 27 1908 55 0 1910 36 31 1911 14 21 1912 83 26 1919 42 10 1923 81 6 1925 7 21 1939 32 6 1939 46 9 1942 38 5 1945 73 21 1946 10 6 1947 75 26 1951 2 24 1951 76 21 1952 57 14 1952 97 11 1954 71 20 1955 15 6 1959 88 8 1960 27 7 1963 8 13 1967 4 27 1968 98 12 1970 33 17 1971 6 21 1972 13 0 1973 98 22 1974 47 15 1979 39 0 1979 50 23 2003 57 20 2008 35 6 2008 41 4 2010 80 30 2011 22 19 2013 1 25 2014 23 11 2016 25 8 2018 100 28 2022 48 7 2026 71 12 2028 44 21 2029 50 8 2029 79 4 2035 78 11 2046 30 5 2047 78 9 2055 83 23 2067 56 28 2070 57 13 2071 81 6 2075 58 29 2078 51 29 2078 81 22 2080 53 20 2084 4 11 2085 30 25 2087 53 6 2089 28 29 2091 24 30 2095 10 13 2100 55 0 2103 88 9 2109 12 2 2109 50 27 2116 39 17 2119 57 11 2123 87 2 2127 54 21 2128 14 3 2128 65 11 2131 43 30 2132 23 15 2132 57 22 2134 36 19 2134 80 0 2135 46 11 2136 9 20 2136 86 2 2144 56 27 2147 73 11 2150 11 28 2157 31 24 2158 18 25 2160 29 16 2180 88 25 2181 58 25 2190 0 9 2197 48 19 2199 33 27 2199 36 7 2206 71 10 2209 81 21 2217 97 3 2220 96 21 2222 58 23 2223 4 9 2240 79 18 2243 46 29 2243 95 15 2244 2 27 2244 38 15 2248 94 24 2250 83 22 2251 96 5 2257 1 26 2257 43 4 2258 74 20 2260 50 7 2264 88 5 2269 100 27 2272 25 1 2276 3 21 2282 1 7 2282 59 8 2283 19 7 2287 16 30 2288 83 17 2289 48 8 2289 56 22 2295 16 24 2295 91 1 2296 98 14 2299 2 2 2299 99 8 2302 10 26 2305 97 23 2309 69 14 2312 36 9 2315 2 15 2315 79 26 2317 72 24 2320 55 18 2321 95 19 2323 44 24 2333 93 9 2338 83 6 2338 100 20 2343 50 12 2343 60 30 2344 23 23 2346 51 25 2346 52 1 2350 13 18 2362 57 29 2364 56 7 2366 17 13 2370 73 29 2370 91 20 2375 33 18 2378 19 6 2381 91 8 2382 38 7 2383 87 18 2384 94 0 2391 11 14 2395 79 30 2396 20 27 2404 97 14 2408 21 14 2409 34 20 2414 27 25 2415 94 1 2417 96 20 2418 22 30 2419 66 13 2421 81 27 2423 51 2 2427 2 31 2431 9 19 2432 25 21 2434 58 10 2435 46 8 2440 57 21 2440 99 21 2441 36 16 2441 75 19 2448 30 25 2448 72 2 2453 51 14 2455 36 8 2458 56 5 2461 58 4 2469 90 0 2474 83 23 2475 60 25 2475 92 24 2476 99 16 2481 24 4 2481 94 30 2484 9 8 2485 11 15 2488 63 11 2488 88 27 2493 54 29 2502 73 27 2505 50 13 2507 77 27 2508 100 24 2509 17 16 2520 36 1 2520 73 1 2521 28 26 2521 54 29 2536 31 2 2536 69 24 2537 87 21 2544 96 27 2549 38 1 2554 86 30 2554 95 4 2560 43 28 2561 46 6 2561 59 0 2562 55 25 2564 53 27 2570 80 24 2576 48 20 2577 70 22 2578 31 26 2580 75 8 2583 2 1 2584 50 0 2585 98 0 2586 100 16 2587 21 11 2592 20 17 2592 28 21 2596 42 11 2602 94 10 2609 22 15 2611 59 5 2614 60 10 2616 49 13 2627 3 14 2630 100 17 2632 3 3 2636 81 27 2638 70 28 2640 79 27 2642 20 26 2643 27 25 2644 63 30 2645 7 26 2649 94 17 2650 79 31 2651 85 5 2654 37 14 2656 77 24 2658 62 9 2660 59 30 2669 59 14 2670 21 22 2679 32 4 2680 19 20 2680 80 31 2683 53 10 2684 5 27 2685 82 0 2685 91 5 2693 68 16 2695 53 21 2699 94 25 2703 26 7 2703 38 22 2703 68 7 2704 13 14 2704 98 30 2706 67 0 2725 46 13 2734 96 5 2738 83 9 2740 29 2 2741 53 21 2742 95 1 2748 7 6 2749 65 11 2750 14 22 2751 10 13 2752 0 3 2755 39 22 2761 34 2 2762 95 29 2764 57 8 2764 64 4 2766 100 1 2767 63 3 2767 93 18 2769 62 29 2772 38 24 2775 11 7
978 625 0.0001 73 55 15 76 77 24 79 93 28 82 10 28 84 66 27 93 61 20 95 83 14 98 8 11 100 0 26 101 70 0 102 32 5 109 92 7 118 8 12 118 22 4 118 62 16 122 13 27 124 17 3 131 20 5 133 76 7 137 93 27 138 70 10 139 85 20 140 71 24 141 86 31 154 58 10 161 34 30 169 22 14 170 72 23 175 95 1 180 69 20 181 45 31 199 73 5 200 0 13 201 33 23 207 0 29 209 16 25 217 64 26 223 88 16 226 65 25 230 100 24 232 2 20 233 15 10 236 32 3 237 58 17 238 43 18 243 60 16 246 24 12 249 8 21 254 70 1 256 86 10 260 19 31 261 12 14 269 39 30 276 61 22 277 53 11 281 2 3 285 8 23 287 13 9 291 30 27 294 53 17 294 91 17 299 71 3 310 56 2 312 20 9 312 80 14 313 91 26 315 71 9 315 73 18 324 85 31 329 40 25 330 32 0 330 55 16 333 45 9 334 75 11 340 10 9 340 34 31 341 50 21 345 62 29 347 72 20 349 82 20 350 19 29 353 43 16 353 77 29 355 63 28 360 85 12 365 0 15 367 8 18 370 12 9 377 13 21 380 94 12 388 73 13 391 22 1 401 79 20 412 30 22 414 95 16 415 66 9 416 4 8 416 77 14 418 37 28 420 82 22 430 33 26 430 56 18 434 5 29 440 21 30 445 47 17 445 69 22 450 11 27 454 42 23 454 42 24 456 53 5 458 36 12 460 53 29 476 12 20 480 85 10 482 21 2 484 40 31 491 2 12 493 81 17 503 20 31 504 30 23 506 7 7 510 64 24 511 47 0 512 14 30 518 1 0 529 47 8 533 43 16 536 88 8 539 31 1 542 17 8 543 10 26 547 0 3 547 17 25 548 95 31 551 74 28 552 41 20 553 31 22 559 96 18 566 16 22 566 45 6 567 95 25 569 28 11 580 56 23 580 74 24 582 72 5 584 12 24 584 42 24 584 56 20 585 24 22 587 84 0 588 62 11 589 20 0 592 91 21 604 2 6 604 100 15 607 43 19 614 86 20 614 97 2 615 63 24 624 7 22 628 51 15 632 10 4 633 54 17 634 77 3 635 15 0 636 78 21 644 13 3 647 15 22 652 61 18 659 36 12 664 24 17 664 27 31 666 38 15 667 19 24 676 73 8 680 39 1 682 29 14 683 7 18 683 38 27 684 32 13 685 22 30 693 24 9 695 60 16 698 35 10 699 6 21 699 63 2 701 12 15 705 80 19 706 60 0 708 28 25 711 42 29 713 32 25 717 60 11 719 25 13 722 86 6 732 41 10 732 80 15 737 84 5 745 88 20 747 23 27 747 67 29 749 60 14 751 17 31 753 35 12 758 4 11 763 10 30 769 66 0 770 17 30 771 0 21 772 12 14 787 41 19 789 14 20 790 50 2 795 46 21 796 68 31 800 67 1 802 22 19 808 85 2 811 41 13 813 13 23 813 74 17 817 13 28 817 23 24 818 24 6 820 98 2 823 22 0 823 33 28 827 76 5 829 16 9 829 78 8 829 91 22 831 35 4 833 69 5 833 76 19 834 22 4 837 74 22 843 91 24 844 5 21 846 7 17 852 66 20 869 23 13 872 84 7 877 25 14 877 88 1 882 98 30 883 46 14 883 67 6 883 95 8 885 23 2 885 25 26 886 24 21 887 7 8 888 51 21 889 28 1 890 85 24 892 2 16 892 50 15 892 58 31 893 78 24 901 60 19 902 63 23 903 25 15 911 20 12 916 5 16 916 40 7 916 67 31 918 96 28 924 54 23 935 46 28 935 67 19 936 64 18 936 79 18 938 49 18 939 15 8 939 60 16 941 54 30 942 22 28 943 36 28 947 14 24 951 40 17 951 81 1 955 5 19 960 99 4 969 84 16 970 68 23 974 10 16 979 9 16 979 42 22 982 78 31 990 23 14 990 84 16 992 47 0 995 47 1 996 71 11 1008 9 27 1009 32 13 1011 37 10 1012 39 2 1013 66 8 1013 92 19 1017 51 17 1017 62 21 1017 96 1 1020 82 24 1026 26 22 1033 44 26 1033 82 25 1035 21 21 1037 17 2 1038 52 18 1813 50 7 1813 53 24 1816 27 20 1818 59 9 1821 93 10 1824 68 9 1824 73 12 1825 44 29 1827 1 3 1827 72 1 1831 4 14 1831 48 1 1838 79 22 1838 89 24 1839 6 11 1841 0 24 1844 4 31 1850 13 18 1851 69 20 1859 8 14 1860 45 7 1861 7 5 1863 46 11 1871 5 7 1872 48 1 1874 45 9 1879 54 15 1880 10 2 1882 35 6 1883 64 29 1884 10 27 1886 32 27 1896 8 24 1901 79 8 1903 81 21 1906 27 16 1908 69 20 1910 44 12 1910 46 31 1916 4 25 1921 82 24 1924 45 7 1932 28 18 1932 87 6 1937 73 23 1939 62 29 1941 59 6 1944 46 18 1946 47 3 1953 33 20 1956 26 22 1960 24 15 1960 80 14 1961 4 18 1961 7 12 1965 79 24 1966 5 1 1967 10 0 1975 88 12 1984 71 5 1985 24 13 1987 35 7 1987 70 6 1995 84 29 2001 54 1 2004 76 9 2005 7 31 2008 81 24 2009 12 0 2011 6 0 2011 18 14 2012 15 30 2014 35 3 2014 77 3 2016 36 12 2018 9 5 2020 82 0 2027 65 7 2027 80 13 2034 90 8 2042 98 31 2045 97 13 2052 99 18 2053 92 0 2054 91 11 2055 35 23 2055 70 13 2055 83 30 2056 53 21 2059 36 22 2059 40 25 2060 97 28 2066 80 0 2069 12 18 2077 9 28 2077 72 21 2081 28 29 2085 31 17 2088 64 19 2090 18 26 2090 95 10 2092 17 13 2093 43 18 2099 90 30 2100 66 27 2101 17 30 2101 93 23 2104 85 20 2105 13 28 2111 39 4 2113 47 21 2115 38 8 2116 25 14 2116 48 7 2117 34 11 2118 7 6 2119 14 30 2123 31 21 2124 95 10 2136 85 2 2138 6 12 2139 29 22 2140 48 27 2145 37 5 2146 26 0 2147 24 13 2147 71 18 2151 57 4 2165 92 3 2173 89 10 2174 38 25 2180 92 7 2181 21 16 2185 96 29 2201 83 7 2203 28 25 2205 81 5 2207 60 17 2208 83 3 2215 71 16 2217 71 27 2219 76 21 2222 92 29 2225 36 16 2226 9 5 2228 60 15 2228 68 25 2235 52 28 2236 12 31 2237 16 8 2247 58 30 2252 61 31 2267 18 30 2267 80 0 2268 48 7 2270 68 11 2274 90 11 2278 89 31 2279 56 30 2282 70 15 2282 93 26 2284 29 4 2287 34 18 2287 79 13 2289 79 20 2297 97 18 2299 39 24 2299 60 28 2300 84 16 2301 12 22 2305 83 27 2307 38 23 2310 68 11 2311 3 19 2312 8 14 2313 7 16 2314 81 12 2318 12 20 2330 1 22 2332 61 26 2343 5 6 2348 19 11 2351 52 21 2355 40 5 2357 49 4 2360 97 9 2366 95 5 2367 81 9 2368 18 7 2368 91 20 2368 100 27 2372 10 12 2372 15 21 2374 68 22 2378 25 4 2385 97 23 2388 4 30 2389 27 17 2389 42 19 2390 89 18 2392 15 8 2401 29 21 2406 14 29 2406 68 13 2409 51 12 2418 52 12 2419 12 5 2419 89 28 2421 84 9 2425 42 18 2430 54 18 2439 20 10 2441 78 13 2445 77 21 2448 46 15 2450 52 11 2450 76 19 2450 80 19 2460 4 25 2461 46 5 2462 28 16 2464 9 25 2464 76 0 2468 34 8 2468 34 31 2469 20 18 2470 47 24 2475 45 31 2477 78 11 2485 44 9 2489 29 0 2490 11 6 2491 9 25 2494 15 14 2497 94 13 2498 76 14 2503 72 6 2512 100 28 2514 42 14 2518 41 28 2519 6 10 2521 28 23 2524 80 12 2525 11 2 2529 37 28 2532 6 22 2533 89 20 2538 43 19 2549 18 15 2550 79 15 2554 91 4 2555 26 10 2556 53 16 2559 19 7 2561 32 30 2562 16 22 2563 7 7 2563 51 2 2563 55 5 2563 97 21 2566 37 13 2568 96 29 2572 89 17 2575 65 22 2575 87 22 2576 94 6 2577 24 11 2578 6 20 2578 74 2 2579 18 30 2580 100 18 2582 64 30 2585 54 10 2586 49 9 2586 77 30 2587 5 29 2588 62 1 2589 33 6 2591 25 27 2591 77 31 2594 49 12 2604 22 5 2604 81 29 2607 77 10 2611 70 24 2615 4 21 2622 98 30 2630 83 13 2635 78 17 2636 46 5 2639 30 4 2641 85 3 2645 50 23 2656 4 10 2667 1 19 2667 16 13 2672 69 26 2673 50 21 2676 78 22 2677 50 23 2682 81 29 2686 1 16 2686 69 14 2689 18 25 2693 44 16 2697 50 6 2698 42 26 2699 73 3 2712 36 26 2719 93 9 2735 99 14 2743 85 16 2759 97 29 2766 95 24 2775 84 0
979 625 0.0001 72 77 8 77 17 26 79 31 11 83 74 30 89 4 10 89 88 18 93 36 12 103 16 30 104 22 0 104 25 4 109 64 5 116 32 1 118 12 27 120 62 13 123 77 28 124 45 31 125 28 13 128 62 0 128 74 4 128 95 15 130 68 26 133 77 21 139 42 9 140 67 20 140 94 29 142 86 11 144 22 28 144 33 22 152 2 25 152 8 22 153 17 22 156 70 13 171 1 20 174 59 15 175 76 29 179 83 28 180 6 21 182 12 23 185 51 6 190 88 13 195 31 29 195 46 16 199 67 27 204 66 4 213 61 9 216 58 21 219 36 17 220 57 3 221 97 16 227 51 22 227 83 3 229 26 16 230 36 8 233 7 31 242 75 16 243 93 2 245 81 28 251 80 20 252 1 8 253 49 22 254 37 0 256 70 1 258 18 5 264 1 25 269 38 20 273 43 22 274 83 0 275 4 8 275 18 12 275 56 26 282 20 5 286 26 10 296 56 3 302 35 11 303 62 16 312 18 18 314 39 13 314 93 21 315 17 26 319 66 1 320 75 10 321 41 30 328 31 6 345 65 15 348 59 24 357 40 10 361 49 12 365 20 26 366 81 0 379 36 11 380 28 13 381 24 12 383 12 24 386 31 2 387 94 20 389 2 23 389 50 7 390 69 10 391 12 11 392 18 3 392 90 2 399 29 12 399 69 26 402 65 31 405 72 29 408 4 20 408 21 19 415 12 1 420 60 27 422 23 10 427 1 9 434 89 11 442 51 10 443 58 23 449 34 0 454 13 9 455 93 14 456 48 27 458 87 8 460 6 26 462 48 3 472 86 16 473 45 30 475 82 0 477 5 1 477 29 10 478 46 9 482 5 5 483 44 22 485 29 3 487 82 15 493 52 24 497 7 3 497 44 7 501 24 6 503 25 8 504 58 8 505 40 16 506 26 5 506 73 24 510 48 1 519 99 6 519 100 24 520 57 0 528 35 25 529 48 17 529 81 21 537 3 4 538 22 4 544 15 11 549 57 15 550 60 9 552 14 23 554 43 14 555 46 8 560 3 27 567 41 15 574 35 2 574 46 19 574 70 29 575 90 3 583 74 13 588 14 28 592 34 24 595 85 29 598 22 11 598 50 29 600 51 16 607 74 18 613 57 6 618 95 14 619 31 25 625 36 13 634 88 16 637 54 11 638 9 19 641 47 12 645 34 19 646 26 13 649 50 27 650 0 24 654 54 3 665 9 22 666 72 31 666 91 4 670 14 21 685 16 12 688 54 16 690 55 13 692 33 12 692 39 13 700 9 9 701 13 12 709 50 0 709 50 1 717 94 24 719 91 14 720 69 25 722 46 13 722 50 19 723 9 28 728 34 16 729 64 7 734 65 1 734 66 23 740 6 14 742 100 30 746 98 13 748 21 26 749 18 20 749 81 26 751 1 20 751 69 29 752 86 4 754 23 24 758 73 15 758 100 28 760 55 17 762 76 28 763 51 1 766 38 2 767 8 26 769 74 21 769 91 26 772 3 5 773 93 19 780 70 31 790 54 13 792 38 7 793 23 28 801 62 6 804 89 2 808 98 22 809 7 26 810 73 10 815 79 4 826 87 14 829 62 31 830 70 2 831 90 10 832 63 11 833 91 11 835 100 4 836 66 22 845 85 24 850 35 6 851 86 31 852 28 10 854 39 21 857 65 19 866 74 9 868 29 19 871 80 5 872 3 17 880 50 14 883 2 17 890 4 17 891 27 1 897 59 17 898 90 29 900 81 21 901 84 23 904 46 24 910 34 16 915 57 7 915 94 11 916 49 20 925 97 27 929 25 4 930 67 0 935 5 17 936 44 20 941 96 1 943 0 8 944 53 2 946 21 20 947 41 12 947 43 5 947 73 15 950 2 16 950 92 20 951 59 25 952 24 2 954 1 20 954 59 1 960 26 13 960 55 2 962 37 17 963 32 14 965 59 27 970 64 26 981 35 29 983 87 5 985 74 23 986 39 23 987 39 7 1005 79 14 1006 19 25 1016 98 22 1018 83 19 1019 10 29 1021 26 16 1024 83 15 1025 5 22 1026 60 9 1026 65 23 1026 66 9 1032 57 1 1032 77 12 1035 37 15 1036 70 1 1037 96 15 1039 34 31 1809 4 15 1810 31 29 1813 0 4 1820 2 17 1820 37 14 1825 86 11 1829 1 10 1830 40 28 1831 93 4 1834 74 5 1834 91 15 1837 56 0 1840 53 27 1842 76 27 1849 69 5 1852 31 26 1853 51 8 1859 71 29 1867 49 28 1869 19 13 1872 1 27 1872 23 15 1874 32 0 1874 79 14 1876 23 16 1877 63 12 1879 54 29 1883 48 14 1885 14 13 1888 75 13 1889 97 21 1890 40 25 1891 15 22 1896 47 31 1897 15 28 1902 55 25 1911 51 23 1912 9 29 1915 88 0 1917 29 13 1920 98 11 1921 17 3 1923 19 26 1926 77 2 1927 33 5 1928 6 15 1930 94 13 1934 97 4 1935 11 21 1937 46 17 1937 67 17 1941 41 5 1942 72 8 1942 73 8 1948 25 2 1950 63 4 1951 16 22 1954 39 26 1963 73 10 1966 63 25 1976 22 11 1978 61 1 1979 19 14 1981 1 17 1981 50 29 1983 66 21 1992 82 16 1994 11 17 1997 24 18 1998 20 22 2013 54 16 2019 78 18 2021 100 25 2023 69 18 2023 95 22 2026 66 31 2033 44 1 2037 97 26 2039 17 15 2049 8 23 2049 9 8 2050 86 9 2052 25 23 2060 78 9 2062 9 27 2065 3 22 2065 34 6 2067 80 10 2072 46 28 2073 67 1 2073 96 27 2077 30 9 2078 38 18 2084 41 18 2087 10 9 2089 40 22 2100 65 26 2106 24 3 2106 79 9 2109 76 18 2113 87 4 2115 22 10 2118 18 1 2119 73 19 2123 25 22 2129 3 8 2129 95 5 2145 1 23 2147 2 7 2153 67 14 2155 14 20 2155 76 30 2156 23 22 2159 29 28 2164 19 21 2164 28 15 2164 49 20 2166 31 4 2169 63 18 2175 82 20 2184 11 14 2191 19 22 2191 93 17 2197 12 15 2197 34 8 2197 82 6 2203 40 17 2203 82 3 2205 96 10 2212 17 19 2215 44 7 2217 47 0 2218 15 13 2218 64 13 2218 76 15 2222 61 16 2225 67 25 2227 3 2 2228 15 14 2230 61 13 2235 89 28 2238 33 13 2246 78 27 2250 21 19 2250 41 14 2252 0 31 2255 98 12 2259 14 8 2260 8 6 2262 30 19 2265 35 20 2268 76 17 2270 40 30 2273 2 24 2281 28 26 2283 57 0 2294 97 26 2297 71 28 2302 28 9 2310 62 15 2311 52 14 2312 71 15 2314 37 6 2320 0 22 2328 61 4 2334 10 30 2335 9 16 2336 75 18 2340 83 14 2341 54 30 2341 95 17 2349 50 18 2353 72 8 2354 73 17 2356 17 10 2357 91 0 2359 71 23 2360 10 24 2362 60 17 2362 100 5 2363 21 21 2372 65 6 2376 59 23 2385 85 23 2386 93 25 2388 96 1 2393 51 18 2397 30 3 2400 94 8 2402 21 1 2404 78 0 2406 46 8 2407 98 29 2413 23 11 2413 34 24 2418 45 21 2426 40 22 2428 49 17 2431 48 12 2432 43 8 2436 6 30 2446 2 9 2449 45 31 2449 54 26 2451 69 17 2451 92 20 2452 63 31 2453 1 30 2454 71 15 2456 48 22 2457 3 25 2466 34 16 2472 65 7 2476 75 31 2480 74 16 2481 13 19 2485 27 5 2492 22 25 2492 42 13 2495 72 26 2496 80 24 2500 86 9 2503 12 12 2510 21 6 2510 89 24 2515 62 30 2519 25 31 2524 89 11 2525 10 12 2531 71 30 2533 8 8 2536 59 7 2540 18 11 2541 72 1 2543 12 4 2554 16 25 2555 69 16 2559 15 28 2563 49 16 2565 33 15 2565 41 31 2569 25 3 2569 66 6 2573 77 29 2574 40 5 2575 27 3 2578 89 25 2582 8 22 2582 48 16 2582 100 20 2587 30 11 2590 2 8 2590 93 15 2600 95 9 2605 6 9 2605 93 20 2616 0 30 2623 46 12 2630 24 16 2633 37 14 2642 17 11 2644 20 20 2646 40 25 2647 85 26 2653 77 9 2656 64 20 2658 32 0 2658 91 22 2661 1 31 2661 31 1 2661 96 21 2662 33 1 2662 48 31 2667 31 5 2667 45 2 2670 94 11 2677 42 7 2682 98 30 2685 32 21 2686 89 2 2692 14 26 2692 74 30 2698 88 15 2703 21 9 2709 29 17 2711 22 3 2711 100 12 2713 97 10 2714 20 9 2717 80 25 2719 11 13 2721 58 1 2724 59 21 2726 63 16 2731 70 4 2733 10 14 2736 19 22 2738 29 18 2742 62 23 2744 44 31 2744 54 11 2745 72 27 2745 100 6 2749 38 3 2750 85 30 2760 32 5 2761 3 4 2764 98 22 2772 37 8 2772 42 4 2774 3 5 2775 28 10
980 625 0.0001 72 95 7 74 55 28 79 11 31 81 81 9 82 11 8 86 77 13 86 95 6 88 66 7 97 38 13 102 2 19 102 26 24 107 19 5 117 45 13 123 12 14 130 73 17 131 38 15 134 60 17 135 61 0 138 100 25 142 75 24 142 76 5 144 68 22 145 82 27 147 3 2 148 61 9 151 69 0 153 84 24 157 7 7 159 72 22 161 24 1 162 79 4 172 0 31 174 31 3 175 40 8 177 4 9 179 0 15 180 55 25 182 91 5 186 71 16 187 83 20 188 60 3 189 81 2 194 83 14 201 89 16 204 9 31 210 57 26 212 20 1 214 38 26 214 76 25 216 30 0 217 72 4 219 12 9 221 30 11 226 52 1 228 36 15 235 43 24 235 61 21 243 28 22 248 97 23 254 7 24 254 43 29 254 79 12 257 0 10 263 73 22 263 86 18 264 96 30 268 14 31 268 78 7 269 2 30 270 70 21 271 20 29 273 84 11 276 88 29 282 35 27 287 68 5 288 23 19 293 100 5 295 45 10 300 3 12 301 81 23 305 37 10 307 22 26 308 35 19 310 40 18 312 49 18 317 13 30 321 12 3 323 85 27 324 12 29 324 29 12 329 66 25 329 78 24 330 4 29 330 40 25 330 68 14 334 6 29 336 16 31 339 56 5 340 61 30 347 6 16 356 8 21 360 52 5 365 18 4 372 78 10 376 38 26 379 75 13 382 30 29 384 33 6 385 64 17 386 28 26 389 32 11 399 31 19 406 74 10 408 83 19 414 81 5 418 11 29 419 59 1 422 98 1 423 61 5 429 4 1 437 18 12 437 29 6 440 35 5 440 91 12 443 9 27 445 99 8 451 35 29 454 4 25 457 66 19 464 5 10 469 56 28 470 34 13 472 51 27 475 12 7 477 7 25 493 59 11 495 48 6 498 45 8 499 19 22 501 82 8 508 44 17 521 37 3 524 55 21 525 57 20 527 11 13 528 43 4 531 59 8 533 83 18 536 100 28 537 5 27 537 65 15 549 37 17 554 82 22 568 81 25 572 25 21 573 43 3 576 46 3 579 20 31 583 84 3 585 67 19 586 36 7 587 34 7 587 64 22 587 65 15 589 33 10 589 48 2 590 35 2 594 100 16 596 23 27 599 64 3 599 88 23 600 59 29 602 50 12 603 26 16 606 67 12 609 61 28 610 60 25 610 81 10 615 41 26 621 30 11 628 41 13 632 87 27 634 71 12 635 33 16 640 91 25 648 55 19 649 47 16 651 34 27 654 26 24 655 83 29 656 1 30 662 11 25 663 15 30 666 66 27 682 75 1 685 24 18 695 49 16 710 66 25 710 93 28 714 34 16 716 16 23 720 33 20 723 7 31 724 21 28 729 36 8 730 5 8 730 12 22 735 92 22 740 95 0 742 78 30 743 90 19 749 82 9 752 99 19 761 47 3 762 67 16 765 11 2 774 19 24 779 11 10 781 30 1 784 47 7 785 74 17 791 61 4 792 56 12 797 82 25 797 89 4 800 72 28 802 64 20 804 100 10 812 39 15 813 88 6 816 49 6 817 3 29 819 66 1 822 19 0 822 82 9 824 25 27 831 76 27 832 80 2 838 82 23 839 84 22 845 70 30 846 48 17 852 95 17 864 67 28 866 24 2 866 49 22 867 66 15 872 76 7 876 70 26 881 19 26 887 96 3 893 36 24 901 29 22 901 52 30 908 88 19 908 89 21 910 87 21 917 18 21 917 74 5 930 46 31 933 88 1 935 71 27 937 19 18 946 85 1 948 0 29 952 6 24 952 93 13 954 70 0 956 39 29 962 45 29 966 57 17 970 39 14 970 68 1 972 45 23 973 33 15 974 93 8 976 58 23 982 31 2 991 75 28 993 21 0 993 94 7 996 41 29 999 89 5 1004 8 9 1007 94 29 1008 78 18 1014 14 11 1014 79 24 1018 87 15 1019 37 6 1028 39 10 1031 18 17 1033 17 15 1034 58 27 1037 47 13 1039 76 28 1812 87 18 1816 24 17 1820 20 13 1820 33 23 1827 84 21 1828 51 0 1829 87 16 1836 80 3 1849 88 4 1850 87 29 1854 72 6 1855 38 30 1857 52 11 1864 87 4 1866 30 9 1867 55 24 1872 89 25 1876 47 14 1879 41 7 1880 73 23 1884 68 29 1889 73 31 1891 26 16 1895 33 17 1895 44 19 1896 66 11 1897 73 25 1898 82 26 1901 7 8 1901 34 27 1901 98 9 1911 45 8 1914 61 22 1915 6 22 1919 71 30 1927 1 25 1928 37 2 1933 47 13 1934 32 19 1936 17 7 1936 33 1 1940 60 22 1942 46 8 1942 51 21 1944 0 21 1945 89 14 1945 95 21 1947 82 30 1952 92 13 1961 4 11 1965 94 24 1967 15 11 1970 46 11 1970 92 10 1971 69 24 1971 84 27 1972 43 6 1981 38 19 1981 87 9 1981 92 19 1986 77 21 1987 7 18 1988 11 22 1989 5 15 1991 25 20 1993 38 11 2002 42 14 2009 76 10 2011 86 27 2012 41 12 2012 72 18 2017 31 22 2017 56 15 2023 97 10 2025 2 20 2029 13 18 2029 70 13 2030 52 7 2034 43 6 2036 73 28 2038 75 18 2040 25 8 2040 46 19 2047 15 26 2047 50 23 2049 9 23 2052 85 5 2053 4 0 2053 4 5 2057 45 15 2058 94 14 2060 12 7 2060 86 22 2062 65 17 2064 4 26 2064 7 18 2065 92 16 2066 30 5 2069 16 12 2069 35 20 2084 27 18 2086 11 17 2086 50 19 2096 93 3 2097 62 1 2099 84 1 2105 50 25 2108 11 25 2109 1 13 2112 23 3 2112 30 21 2113 84 22 2113 97 24 2114 78 18 2117 56 29 2122 76 21 2124 57 27 2126 36 24 2132 19 20 2139 74 30 2152 91 13 2154 34 21 2162 97 23 2176 79 26 2177 37 27 2180 68 8 2181 11 22 2185 9 1 2189 34 19 2190 7 24 2190 48 24 2192 90 30 2197 42 7 2201 42 14 2201 56 22 2203 15 22 2205 39 28 2206 86 9 2208 49 31 2211 62 26 2219 8 29 2220 94 31 2222 55 6 2226 89 27 2227 13 5 2229 56 19 2229 62 17 2230 94 17 2236 21 18 2239 5 31 2241 15 3 2242 41 5 2242 54 5 2244 20 17 2244 33 16 2245 2 29 2250 84 6 2251 88 7 2256 18 5 2258 67 31 2262 4 2 2265 11 29 2265 20 31 2269 54 10 2272 18 8 2274 45 13 2285 82 26 2293 70 21 2293 74 3 2298 73 8 2302 66 19 2303 7 12 2307 17 7 2312 92 17 2321 65 7 2321 90 29 2322 48 27 2323 37 26 2323 95 1 2324 86 15 2327 27 24 2339 89 15 2341 6 19 2341 100 9 2344 75 18 2345 44 10 2345 52 9 2347 47 24 2348 24 16 2354 13 25 2356 54 2 2365 48 1 2366 7 11 2367 35 19 2376 79 8 2376 93 11 2383 16 28 2390 48 2 2392 29 21 2392 37 18 2394 37 1 2396 42 20 2397 77 21 2398 62 21 2398 89 18 2400 74 14 2402 75 16 2404 55 18 2409 68 2 2411 19 22 2413 76 3 2413 79 16 2415 31 20 2415 99 12 2417 94 20 2420 12 20 2420 51 4 2421 50 14 2421 64 19 2423 13 1 2423 72 26 2424 9 22 2425 2 26 2427 49 13 2433 77 5 2440 77 18 2443 90 25 2445 83 15 2448 98 2 2450 25 3 2461 67 31 2469 47 13 2472 38 21 2472 68 7 2475 63 4 2476 13 7 2489 33 13 2490 72 28 2492 16 23 2494 80 15 2497 11 25 2498 49 16 2503 37 31 2503 45 16 2509 18 14 2510 20 5 2522 64 30 2527 6 11 2534 9 16 2536 6 18 2542 52 8 2545 11 26 2550 77 31 2554 21 12 2554 73 2 2559 41 0 2562 59 19 2567 40 10 2579 73 28 2579 76 6 2582 92 28 2584 47 2 2587 45 28 2594 11 7 2597 6 24 2597 70 1 2598 6 12 2599 21 9 2599 94 12 2600 57 9 2601 71 5 2605 71 27 2610 5 5 2611 67 1 2612 7 18 2619 98 15 2624 58 4 2625 9 0 2625 80 17 2635 37 27 2636 16 24 2639 24 27 2640 80 4 2645 34 9 2645 79 25 2645 93 6 2647 45 31 2650 94 29 2651 28 13 2651 90 20 2652 1 29 2653 38 15 2654 43 18 2656 54 3 2662 9 16 2674 71 29 2675 66 1 2680 53 11 2682 56 19 2682 71 4 2683 97 17 2684 51 27 2685 85 6 2687 50 29 2687 64 24 2689 10 16 2693 72 23 2695 24 10 2697 62 26 2697 72 5 2698 58 9 2698 62 12 2700 37 28 2700 42 29 2702 50 4 2703 79 10 2705 72 9 2706 58 12 2708 5 21 2714 44 30 2721 97 13 2723 50 13 2726 61 17 2726 82 6 2728 55 18 2749 23 5 2757 57 23 2757 64 4 2771 67 1
981 625 0.0001 72 94 24 80 65 31 84 39 10 85 41 19 88 82 26 91 16 18 99 87 1 104 91 11 106 17 9 112 33 5 112 83 29 113 97 14 118 56 3 125 70 22 128 32 19 129 16 27 130 21 9 131 49 10 132 61 3 134 91 30 135 74 4 137 53 10 140 52 22 145 10 29 152 19 5 164 93 15 166 30 16 166 68 22 166 74 17 168 12 7 177 33 21 178 75 29 181 23 9 183 56 22 193 17 27 196 49 18 201 65 17 209 55 21 209 84 9 215 52 14 215 85 11 220 77 24 221 53 28 224 95 13 226 17 8 226 73 6 227 5 21 231 3 25 231 52 23 236 53 0 242 99 25 248 71 25 252 75 28 255 24 17 257 20 2 259 31 26 263 29 13 272 52 16 281 92 4 290 27 23 292 100 15 296 90 24 299 94 13 301 60 22 303 30 18 304 95 21 315 61 28 321 3 2 323 10 29 324 31 4 324 73 4 326 97 16 327 73 13 335 95 25 337 44 26 338 29 30 341 100 22 345 46 9 352 33 12 360 82 8 363 62 22 365 50 13 367 19 8 367 96 15 368 45 16 369 25 4 369 95 16 371 18 18 371 38 27 372 26 16 372 52 1 372 90 1 376 86 15 377 90 8 380 64 2 381 11 14 386 81 9 392 31 1 394 3 9 394 50 19 405 60 6 409 25 16 414 26 0 424 53 19 424 83 17 425 18 20 435 37 13 440 90 18 443 15 6 445 97 28 462 31 1 464 10 12 465 29 3 472 84 21 474 29 14 475 44 29 477 55 16 479 31 4 497 25 15 503 33 5 507 13 31 508 80 10 514 69 23 516 7 30 520 15 15 522 54 20 525 10 11 527 50 22 528 50 11 533 36 26 535 89 13 538 91 16 544 37 23 545 50 14 545 55 4 545 77 23 551 36 3 552 0 7 553 19 16 556 58 26 556 80 0 556 99 4 559 21 29 561 10 24 561 48 2 565 83 2 573 44 28 576 96 25 577 78 4 579 73 27 583 73 0 585 11 23 589 52 2 590 62 28 590 97 15 592 82 0 593 51 26 594 27 4 599 12 16 610 54 4 611 5 0 616 36 31 621 99 6 624 73 25 625 7 30 625 37 27 627 85 20 630 42 23 634 98 11 637 24 22 637 41 29 638 70 27 638 98 6 638 100 18 640 12 1 651 52 10 653 34 20 655 17 19 655 88 0 659 76 28 661 71 26 676 93 3 678 29 18 682 5 30 694 65 23 695 11 21 699 58 16 699 72 26 703 28 28 703 36 8 708 12 16 711 84 6 713 26 12 717 61 3 719 42 2 727 9 27 729 56 9 730 0 3 730 48 30 731 12 6 732 34 30 740 37 10 743 12 20 745 95 14 748 83 12 748 96 26 755 31 23 760 21 6 763 90 1 769 53 10 772 83 21 776 89 5 778 28 12 779 36 14 779 65 7 780 42 13 784 62 7 786 90 14 788 75 13 790 47 30 792 41 14 793 51 4 795 72 1 797 32 10 802 6 11 804 4 20 804 84 0 809 86 29 815 37 27 819 61 22 824 58 26 825 58 23 826 28 3 828 68 18 831 29 10 834 31 13 839 12 14 844 98 18 848 71 4 849 48 0 851 8 9 852 0 30 853 8 3 857 73 15 862 0 30 865 86 9 869 87 0 872 86 21 873 99 3 874 18 30 884 43 11 888 50 11 895 48 12 900 81 19 904 4 19 904 61 17 907 45 22 909 25 24 909 86 20 913 55 10 915 60 13 916 45 30 916 64 12 920 55 27 924 28 28 924 69 20 931 36 18 932 68 18 937 20 5 939 64 15 940 52 27 941 38 20 941 68 22 944 76 0 953 64 21 957 56 9 958 71 25 960 73 15 962 39 25 966 57 3 967 63 1 967 64 28 971 85 13 973 14 27 974 60 19 976 58 18 977 91 6 978 14 5 982 37 8 982 100 31 983 51 2 985 94 8 988 49 23 988 58 24 992 77 10 993 10 10 998 39 28 1002 22 23 1007 3 11 1008 39 7 1010 0 12 1014 25 24 1018 40 19 1023 25 22 1024 27 27 1026 10 24 1026 90 3 1028 50 4 1033 33 8 1039 48 23 1809 76 4 1819 4 15 1820 20 6 1820 61 5 1824 0 12 1824 6 24 1826 32 20 1826 39 1 1833 62 22 1838 70 4 1842 38 11 1844 67 0 1850 41 20 1850 100 6 1856 62 16 1858 92 20 1861 28 15 1861 30 7 1862 16 11 1863 14 30 1870 59 17 1870 65 31 1871 98 8 1879 42 20 1887 82 17 1892 13 1 1894 76 1 1897 93 22 1903 53 19 1922 10 12 1936 76 8 1938 3 7 1939 14 21 1944 45 6 1945 74 28 1949 19 27 1949 78 14 1953 2 18 1957 71 9 1960 29 27 1962 65 10 1965 78 19 1968 74 9 1971 12 26 1976 72 12 1985 71 2 1989 14 7 1992 99 26 1999 20 23 2001 56 7 2006 42 8 2008 40 8 2010 38 26 2011 51 18 2012 91 0 2012 96 11 2012 98 4 2014 48 19 2017 79 14 2018 15 11 2025 62 21 2030 11 5 2032 82 25 2033 52 27 2034 41 9 2036 87 20 2037 3 29 2037 56 30 2040 86 20 2041 21 8 2042 70 13 2048 10 10 2052 74 14 2054 3 16 2054 34 15 2054 98 11 2064 17 7 2064 26 24 2064 63 9 2069 61 2 2069 73 3 2074 0 3 2076 47 23 2082 79 28 2084 62 30 2089 87 26 2090 55 19 2090 79 11 2090 86 21 2092 90 1 2093 87 7 2094 6 17 2102 87 8 2102 94 12 2110 90 11 2112 48 18 2112 62 3 2115 98 22 2117 18 3 2125 95 20 2126 36 9 2127 29 5 2128 85 28 2136 94 17 2137 20 2 2138 83 12 2140 22 9 2150 38 6 2151 2 15 2151 60 9 2158 78 8 2161 92 29 2163 42 17 2163 62 18 2166 53 7 2168 64 30 2168 98 25 2169 50 30 2169 91 0 2171 20 10 2171 78 16 2173 47 13 2173 70 1 2187 73 3 2192 19 8 2195 30 29 2198 5 4 2199 47 6 2203 26 31 2205 6 15 2205 28 26 2205 86 25 2207 20 15 2208 18 0 2209 0 14 2213 1 0 2215 24 30 2217 68 16 2220 78 14 2221 47 19 2225 41 8 2229 50 31 2234 54 2 2237 90 16 2238 77 14 2242 10 26 2249 43 12 2257 88 12 2260 17 25 2261 38 27 2265 51 14 2269 84 26 2271 0 24 2284 23 10 2286 22 25 2288 33 16 2292 9 14 2302 44 6 2307 20 2 2308 15 16 2310 20 18 2311 70 18 2311 72 27 2312 33 8 2314 42 30 2317 95 31 2319 77 26 2319 81 16 2322 9 11 2324 39 29 2327 43 7 2327 81 18 2333 61 9 2333 84 16 2339 53 17 2341 7 16 2342 96 14 2353 34 10 2366 34 30 2369 28 6 2378 66 3 2382 59 22 2385 68 11 2389 55 23 2396 33 7 2397 10 2 2398 87 25 2402 19 0 2402 71 15 2404 68 17 2406 23 29 2407 48 5 2410 5 12 2413 15 9 2414 99 24 2419 86 13 2421 8 30 2424 51 8 2425 43 4 2432 4 5 2432 18 12 2433 61 0 2434 39 5 2437 12 21 2442 41 4 2443 0 30 2446 22 19 2450 64 31 2452 33 23 2454 83 14 2459 23 28 2466 62 18 2468 46 31 2469 93 7 2472 81 13 2475 51 25 2488 87 11 2490 23 19 2497 53 24 2499 24 29 2500 32 11 2503 27 11 2507 90 29 2508 98 29 2509 38 28 2517 39 14 2520 28 20 2523 9 26 2524 35 6 2524 89 29 2526 20 14 2528 14 28 2529 51 4 2530 23 27 2531 34 10 2531 44 13 2540 23 29 2544 1 30 2545 22 18 2545 75 12 2547 83 4 2554 65 3 2557 84 13 2562 8 3 2563 98 16 2570 99 11 2572 17 28 2573 56 10 2574 14 9 2578 86 31 2594 87 7 2594 88 19 2600 94 18 2603 40 5 2613 74 11 2615 69 6 2616 5 21 2616 14 26 2629 37 0 2633 69 13 2644 46 10 2650 8 0 2650 28 24 2654 9 7 2657 12 12 2658 24 1 2661 51 11 2664 29 3 2664 89 1 2665 12 30 2668 84 31 2669 99 23 2670 1 0 2674 58 14 2674 81 24 2682 66 19 2688 48 24 2689 7 21 2696 63 25 2697 48 4 2700 1 26 2702 90 11 2705 89 20 2708 91 6 2716 35 25 2719 92 0 2725 58 20 2727 93 19 2728 64 29 2730 14 20 2730 70 10 2730 80 2 2733 33 23 2733 33 30 2736 29 7 2736 87 1 2737 77 27 2738 90 5 2739 76 25 2743 32 15 2746 1 2 2746 56 26 2746 98 14 2748 16 22 2748 98 4 2749 57 12 2753 17 15 2753 25 26 2753 39 27 2754 53 12 2755 91 8 2761 7 9 2761 65 12 2772 75 25 2775 6 1
982 625 0.0001 76 54 27 77 100 27 82 14 8 82 18 25 86 5 9 86 15 14 87 17 4 87 24 18 92 23 23 94 49 7 96 25 28 97 7 12 99 1 27 101 81 17 106 79 3 107 42 24 121 28 23 123 49 6 128 18 15 128 75 21 130 16 12 134 92 14 137 60 27 140 24 5 141 1 22 143 97 22 144 0 21 155 23 10 157 23 23 157 27 1 162 5 20 170 17 16 170 80 8 171 9 15 173 100 9 174 17 15 175 39 16 179 100 23 180 93 3 186 68 30 186 98 5 187 40 22 194 18 22 198 58 13 199 71 11 205 10 24 208 78 18 215 71 18 215 81 22 220 14 28 222 71 11 223 0 1 223 7 1 227 100 25 228 69 9 230 61 15 235 81 3 236 84 13 250 0 12 262 45 10 262 77 27 262 93 31 263 88 6 270 96 6 273 47 30 273 55 4 275 44 31 275 95 27 277 62 8 285 100 30 286 21 28 286 37 7 288 66 13 292 75 17 300 82 19 303 63 22 304 66 2 310 88 22 311 96 25 318 69 24 327 29 2 327 73 12 334 91 31 338 22 4 338 95 13 339 58 8 341 33 19 342 65 22 344 74 23 348 3 13 351 51 5 353 1 21 354 99 4 355 85 1 359 44 1 368 74 30 369 67 25 381 16 16 383 86 27 385 13 19 390 90 22 393 75 6 398 27 27 404 28 22 404 82 1 407 69 22 413 18 10 413 97 19 414 48 21 421 73 12 423 72 7 424 64 27 427 57 5 428 22 25 437 98 13 438 83 28 439 57 0 447 52 30 450 22 13 455 2 1 466 81 8 469 91 27 474 54 10 475 81 29 476 28 31 480 52 16 482 25 2 491 25 11 493 67 16 498 43 2 500 39 16 504 67 31 504 90 24 508 10 21 522 14 25 526 69 27 528 60 21 528 63 5 532 22 25 533 61 22 535 60 17 538 68 14 539 32 22 544 47 29 546 82 16 549 6 14 551 34 25 555 0 7 557 69 23 571 22 16 571 71 21 574 59 5 577 83 6 581 19 4 583 25 28 583 89 4 592 34 0 593 38 16 599 0 9 599 77 30 602 13 10 603 82 30 604 13 19 606 71 18 611 40 2 614 3 21 616 98 29 618 88 19 624 59 31 633 58 2 637 52 13 637 87 14 641 43 19 647 74 17 649 12 21 652 34 4 662 3 31 662 10 2 666 60 3 672 28 0 672 70 5 676 53 13 680 47 28 681 3 19 682 6 24 687 0 4 693 96 15 694 33 30 695 73 10 696 75 5 700 31 24 702 1 0 704 83 18 705 89 20 710 25 19 713 8 16 714 87 26 718 60 23 718 75 5 727 0 17 729 83 15 737 55 28 738 27 13 738 54 28 742 54 13 747 16 17 748 18 14 750 82 0 752 13 21 753 97 28 755 51 1 756 52 26 758 9 2 758 14 27 758 19 14 761 48 24 763 26 6 763 52 27 765 53 11 765 77 23 768 41 28 776 13 23 778 29 4 781 6 28 782 30 5 784 100 28 785 40 22 787 45 9 788 77 11 788 97 15 790 78 15 790 93 20 792 0 7 792 42 14 802 20 12 802 56 23 803 77 1 806 1 16 807 1 19 812 18 7 817 86 19 820 46 16 827 24 15 827 54 23 829 36 29 830 46 20 831 13 13 836 26 16 836 70 13 839 26 29 847 21 31 856 50 1 857 78 20 858 69 26 859 7 13 864 16 20 865 18 3 866 35 11 875 2 21 880 22 9 881 49 23 887 25 8 888 54 22 894 56 7 894 63 25 895 7 17 899 62 12 902 77 1 906 99 31 917 26 26 917 60 2 920 20 12 921 3 11 922 29 28 928 7 30 930 57 26 931 93 20 933 21 27 936 10 12 941 21 28 942 6 13 946 65 7 950 68 22 951 91 31 953 22 18 954 79 0 957 9 22 966 18 20 966 57 9 969 88 17 975 5 26 975 20 0 977 59 28 979 64 9 980 74 8 981 100 25 985 25 11 987 69 12 990 71 15 991 56 21 993 25 26 1004 87 29 1005 34 22 1009 34 12 1020 16 14 1022 17 1 1024 33 13 1026 89 3 1027 35 8 1030 55 26 1030 81 15 1037 37 13 1039 35 14 1814 95 9 1818 33 7 1819 99 18 1828 24 20 1828 49 2 1829 12 1 1833 33 0 1843 43 7 1845 91 7 1846 44 8 1850 76 9 1852 73 17 1853 59 10 1853 81 9 1854 87 21 1859 44 0 1865 28 13 1865 72 17 1868 10 2 1869 3 16 1869 44 28 1873 28 31 1880 32 0 1886 84 7 1888 66 1 1889 63 2 1892 47 1 1893 16 0 1893 71 27 1893 84 20 1895 45 12 1905 5 30 1911 39 19 1911 63 24 1922 9 25 1924 32 30 1925 9 16 1925 20 15 1925 60 27 1927 59 4 1928 25 22 1929 55 16 1933 24 28 1939 61 6 1942 56 25 1943 18 24 1944 95 3 1946 66 25 1951 35 25 1952 0 25 1954 12 10 1956 1 18 1956 49 28 1964 77 3 1967 3 17 1972 91 20 1974 6 11 1975 77 13 1976 1 2 1976 62 15 1981 6 4 1981 25 26 1981 59 23 1987 25 4 1991 3 22 1992 37 1 1998 62 15 1999 14 25 2009 53 4 2010 41 20 2012 69 28 2014 9 29 2014 100 6 2021 15 0 2025 42 21 2029 72 5 2041 58 0 2046 22 11 2046 26 1 2047 37 31 2049 45 19 2053 53 23 2054 70 7 2058 38 25 2066 8 17 2066 32 19 2074 93 29 2080 43 21 2087 68 30 2087 77 15 2088 1 10 2088 72 24 2095 13 0 2102 99 10 2104 27 4 2104 30 18 2105 47 26 2115 39 31 2119 33 8 2123 82 16 2126 74 22 2131 71 18 2139 95 7 2143 13 15 2146 73 13 2148 95 30 2149 30 11 2150 77 23 2159 95 8 2160 13 26 2161 59 0 2162 53 20 2166 88 29 2171 81 12 2175 21 8 2176 16 15 2182 0 9 2186 60 0 2189 5 14 2191 69 14 2193 11 28 2194 100 9 2195 44 27 2201 86 10 2202 2 15 2209 49 16 2211 1 16 2225 83 27 2227 49 17 2229 47 3 2229 53 24 2233 33 2 2233 48 16 2235 27 19 2236 70 13 2236 73 30 2238 58 8 2238 92 11 2240 78 13 2245 1 25 2257 75 31 2258 55 15 2258 73 4 2258 96 14 2264 47 9 2265 27 28 2267 43 18 2267 97 3 2268 61 23 2269 56 9 2273 63 21 2275 95 21 2283 53 20 2287 16 19 2290 88 5 2291 57 7 2295 95 20 2303 11 21 2304 47 24 2304 68 30 2304 94 29 2306 56 19 2308 61 8 2314 5 4 2321 35 17 2325 30 24 2328 34 2 2329 61 17 2329 97 17 2330 35 27 2336 19 31 2336 74 21 2337 6 24 2337 29 1 2337 43 25 2339 21 2 2339 93 7 2342 45 10 2347 66 3 2353 46 12 2353 85 16 2357 73 7 2359 72 9 2363 82 29 2365 7 8 2365 19 26 2367 42 16 2369 34 27 2370 95 24 2372 13 5 2373 40 13 2382 68 7 2388 35 14 2391 75 7 2392 53 20 2395 91 28 2401 13 10 2401 35 8 2402 41 18 2408 4 19 2409 12 25 2410 47 24 2410 77 31 2417 48 11 2420 43 29 2420 91 17 2425 25 21 2434 29 19 2441 37 2 2449 77 20 2449 77 31 2452 8 0 2452 84 30 2458 43 4 2458 52 28 2458 98 16 2459 66 9 2465 61 28 2472 84 5 2475 29 0 2475 67 1 2481 1 21 2489 35 29 2493 78 27 2500 96 25 2503 13 6 2504 51 30 2511 82 17 2515 43 9 2517 52 11 2518 5 9 2519 5 10 2519 52 3 2519 92 15 2531 47 16 2531 75 29 2540 69 1 2543 50 14 2545 56 21 2547 68 24 2549 82 13 2551 68 29 2555 8 0 2555 21 26 2561 36 14 2561 39 22 2562 0 14 2564 10 3 2564 11 13 2564 51 1 2567 94 21 2572 47 6 2574 90 13 2575 50 1 2575 84 27 2580 26 0 2583 72 27 2592 5 28 2593 6 29 2593 20 18 2596 90 16 2598 63 5 2602 63 5 2604 13 28 2605 46 25 2607 88 27 2609 51 14 2611 24 26 2625 73 8 2626 45 15 2626 73 19 2634 0 7 2642 97 18 2644 50 27 2646 59 24 2648 62 17 2656 61 2 2659 61 20 2662 68 28 2665 99 0 2667 54 19 2670 50 20 2671 57 29 2675 96 26 2678 11 27 2680 29 7 2689 34 25 2690 84 25 2692 54 15 2701 36 31 2704 34 0 2705 80 8 2712 2 29 2715 0 28 2717 57 8 2718 32 19 2720 86 23 2724 40 18 2726 14 21 2727 63 17 2730 73 12 2743 89 0 2745 47 27 2760 80 24 2762 44 9 2762 95 14 2764 81 29 2765 14 17 2765 91 28 2767 71 1 2768 10 12 2768 21 19
983 625 0.0001 74 14 6 78 52 0 78 61 30 81 11 0 87 17 24 91 62 22 92 59 1 93 88 8 99 8 10 101 14 31 103 25 1 106 87 24 107 45 30 110 81 26 113 37 24 114 15 14 115 56 4 116 56 3 120 41 23 123 19 29 124 52 13 128 51 16 128 94 24 128 95 11 134 53 7 137 33 31 138 38 10 139 15 4 141 2 20 145 44 22 151 14 26 152 7 12 155 11 6 161 66 20 161 81 24 164 26 5 164 69 6 164 90 6 165 15 19 167 88 10 167 94 24 179 18 7 191 35 23 192 36 4 195 61 19 195 68 7 196 78 10 198 87 25 201 18 11 204 15 14 206 37 20 211 71 11 212 70 26 215 52 22 216 18 10 224 14 24 224 88 12 224 92 13 227 51 24 232 53 16 233 34 24 240 29 5 242 85 10 253 68 24 268 43 30 270 93 0 275 88 30 276 46 7 281 84 18 283 41 27 283 49 11 284 50 20 284 58 15 284 91 3 286 6 19 290 84 23 291 86 22 292 77 16 296 35 24 297 13 18 299 60 13 300 88 23 300 94 2 302 92 1 304 31 30 313 24 30 314 49 27 316 83 11 318 8 6 324 16 8 329 70 11 331 87 3 333 41 18 335 41 29 341 21 23 343 5 29 349 31 16 350 50 25 360 29 7 363 89 6 369 34 7 370 42 30 374 44 13 385 70 15 386 9 19 387 25 31 387 63 15 387 76 11 389 5 12 391 78 15 391 91 25 394 37 17 395 100 1 400 39 17 407 50 4 411 11 20 411 21 30 414 3 25 416 61 13 421 27 7 421 59 14 427 88 8 430 78 10 435 29 6 436 88 26 438 89 24 440 44 8 444 20 29 444 74 30 448 45 7 451 88 30 452 3 15 457 88 16 459 4 7 463 61 11 466 92 11 477 90 5 485 41 24 488 72 10 497 12 18 498 11 28 501 26 4 504 40 22 511 10 4 516 75 21 524 80 5 526 42 22 527 39 27 528 60 21 528 75 17 529 79 8 530 31 0 531 7 17 531 36 22 531 61 4 537 80 20 540 31 10 545 87 18 548 85 19 550 81 17 551 60 15 551 83 16 562 13 4 569 30 7 570 46 6 570 82 1 571 80 9 572 23 25 577 88 27 583 87 5 585 15 12 586 26 1 587 42 5 588 67 6 595 21 9 599 59 7 600 62 1 606 77 18 607 51 13 608 1 24 611 32 8 617 72 18 619 7 0 619 79 24 620 65 30 626 57 1 627 39 14 627 92 30 629 7 21 630 58 22 635 21 16 635 83 31 637 39 20 643 63 10 646 35 29 646 92 0 647 44 5 650 33 8 650 75 28 661 35 6 661 85 12 664 8 4 665 62 10 666 19 27 667 26 25 669 99 23 675 24 14 675 43 28 679 72 1 681 1 20 683 80 28 684 96 24 688 66 15 691 96 25 696 31 20 698 21 10 698 34 5 700 3 23 700 72 30 702 15 20 702 85 6 702 93 4 704 87 13 705 38 2 705 66 24 708 78 13 716 74 24 719 14 4 721 72 0 726 47 31 733 86 13 738 5 7 748 42 17 749 42 23 751 23 16 759 62 8 769 51 18 773 83 29 776 39 1 777 49 24 783 44 18 784 16 26 790 38 5 790 89 6 791 98 29 792 20 25 793 32 16 797 14 19 801 63 4 803 28 3 803 79 5 811 41 24 814 76 28 815 11 9 815 70 29 821 79 13 822 68 16 823 66 30 830 47 1 842 5 31 849 50 19 850 4 25 851 86 10 852 91 30 854 40 25 855 0 30 868 21 20 868 28 17 876 83 6 877 22 24 879 66 17 899 43 18 901 15 15 902 52 23 905 38 22 906 2 28 920 65 7 922 99 22 925 25 3 930 26 23 934 5 25 937 71 1 937 82 31 939 6 23 942 13 10 943 24 29 943 33 13 944 74 31 947 89 28 948 0 10 948 44 22 952 90 5 955 24 22 955 72 4 962 57 11 963 77 8 977 10 6 979 97 19 983 79 19 987 9 2 989 58 27 990 36 8 993 62 19 1000 71 20 1002 60 27 1004 27 20 1004 69 4 1008 64 26 1012 72 18 1016 39 16 1017 45 21 1018 85 19 1018 88 4 1024 82 0 1026 9 2 1026 98 23 1028 49 2 1030 61 10 1031 16 28 1036 0 1 1036 72 28 1810 67 25 1814 44 28 1818 82 25 1819 33 31 1823 85 26 1827 86 1 1828 30 21 1832 40 27 1834 12 2 1834 46 8 1843 81 8 1852 47 17 1852 83 17 1854 25 14 1855 18 14 1859 78 18 1861 87 2 1863 8 5 1865 9 21 1867 15 25 1869 84 30 1870 74 26 1871 15 31 1872 70 21 1878 4 6 1882 16 2 1882 67 2 1882 84 20 1887 62 31 1900 77 12 1912 86 10 1916 49 29 1922 27 26 1922 56 10 1925 44 4 1927 80 19 1932 44 27 1936 56 27 1941 70 1 1944 57 16 1947 79 26 1948 83 7 1954 95 5 1955 25 28 1956 12 5 1964 50 21 1965 78 28 1967 88 29 1972 75 17 1973 99 4 1975 35 19 1977 85 25 1977 90 22 1982 73 5 1988 7 27 1988 61 5 1993 59 25 1995 38 22 2002 3 19 2004 2 13 2004 46 24 2007 80 21 2008 30 3 2009 57 13 2018 12 24 2025 80 3 2034 53 2 2044 90 21 2045 25 15 2050 66 0 2053 69 4 2055 64 18 2056 97 10 2063 67 1 2069 97 27 2070 16 15 2073 8 14 2077 72 30 2084 76 27 2090 18 17 2092 88 9 2100 32 1 2106 45 11 2107 58 14 2107 85 11 2108 66 18 2109 21 3 2114 27 23 2116 56 1 2121 40 13 2132 4 26 2133 56 6 2135 2 4 2137 90 10 2138 69 3 2139 96 28 2140 46 27 2150 23 17 2152 71 23 2153 38 16 2154 18 5 2157 11 25 2161 55 6 2163 70 22 2165 84 30 2166 21 6 2167 10 23 2172 18 14 2173 10 1 2174 31 0 2176 8 23 2177 19 17 2177 42 6 2180 69 0 2188 4 17 2188 58 27 2189 45 19 2190 42 29 2190 91 11 2192 60 2 2192 91 5 2193 10 13 2195 54 1 2196 22 25 2206 33 14 2207 82 6 2210 73 18 2210 88 23 2212 82 1 2215 38 20 2216 31 14 2217 46 11 2217 75 16 2221 25 26 2221 100 31 2222 21 10 2231 0 28 2234 60 28 2235 71 25 2240 30 16 2249 15 0 2249 32 23 2251 5 18 2251 95 22 2252 92 23 2258 63 0 2260 55 8 2266 66 22 2273 13 21 2277 55 23 2288 25 28 2297 16 2 2300 85 24 2304 86 24 2307 34 14 2317 48 8 2322 34 29 2322 78 24 2323 29 7 2323 34 25 2325 9 25 2325 27 25 2339 76 15 2346 58 14 2350 30 10 2351 94 20 2353 0 4 2357 13 31 2361 79 2 2364 62 28 2366 11 15 2373 22 1 2374 80 26 2376 99 21 2377 46 17 2377 55 23 2383 92 6 2390 71 3 2390 94 7 2392 66 9 2393 3 11 2397 74 6 2404 34 23 2413 79 29 2415 51 3 2418 29 4 2424 35 3 2424 58 26 2426 15 22 2427 47 25 2432 70 24 2436 18 30 2438 85 19 2439 10 28 2446 35 9 2447 20 8 2452 0 29 2461 57 28 2466 31 24 2471 11 28 2481 8 6 2488 22 29 2488 72 29 2489 85 24 2490 88 22 2491 19 1 2491 91 8 2494 81 17 2495 5 23 2500 43 24 2505 20 24 2510 79 24 2511 6 16 2513 15 20 2521 24 2 2529 2 3 2532 36 10 2536 42 26 2538 53 5 2539 3 14 2539 72 1 2539 99 30 2541 72 3 2542 77 26 2547 95 13 2549 29 18 2555 76 31 2563 44 14 2563 70 18 2565 45 25 2575 84 23 2579 54 20 2580 21 28 2580 58 6 2586 91 0 2587 81 26 2588 91 5 2590 54 30 2591 41 17 2595 6 7 2599 15 13 2600 95 5 2607 75 22 2612 71 15 2613 16 0 2614 88 16 2616 13 30 2618 30 20 2619 94 28 2620 31 2 2624 77 5 2626 86 12 2634 87 1 2639 14 13 2642 51 26 2647 33 30 2651 10 15 2651 37 25 2651 74 8 2655 46 19 2659 43 20 2665 51 11 2665 84 9 2665 91 27 2668 6 22 2668 22 10 2668 87 5 2669 34 16 2673 58 19 2677 97 25 2678 95 31 2679 63 21 2700 9 27 2705 50 23 2706 48 14 2715 15 25 2715 44 27 2716 44 3 2719 51 21 2721 23 11 2721 84 31 2722 83 25 2725 5 4 2726 50 31 2726 82 24 2731 23 23 2744 6 13 2744 54 23 2745 90 18 2746 50 14 2750 19 26 2750 24 0 2751 42 23 2753 24 5 2753 56 27 2754 30 25 2757 78 25 2761 17 7 2764 53 7 2765 53 1 2766 28 11 2769 36 7 2772 63 5 2774 71 28
984 625 0.0001 77 11 21 77 23 23 78 70 24 79 28 9 83 76 28 92 68 19 93 30 29 95 76 28 100 58 29 116 16 13 122 20 26 122 49 20 126 75 7 128 23 24 135 16 11 136 2 8 138 58 24 140 73 15 142 52 12 155 64 24 157 23 14 158 6 9 160 84 29 167 65 28 169 100 27 172 2 26 176 85 26 177 54 21 181 56 0 182 43 2 185 86 10 186 83 29 189 71 20 192 57 4 198 27 16 200 11 23 211 99 12 213 91 11 216 14 1 216 14 13 218 20 9 218 62 5 220 16 25 223 100 9 228 22 6 228 24 27 228 78 3 236 10 20 237 74 19 239 89 27 243 22 2 245 51 26 246 21 10 246 75 6 248 74 11 249 30 7 255 11 27 257 11 17 259 22 3 259 99 18 266 62 24 271 99 12 276 34 16 278 11 18 278 11 31 279 10 18 280 65 10 281 1 14 281 9 14 282 4 20 285 7 6 286 54 3 288 74 11 291 90 13 293 20 29 293 55 16 293 62 1 297 66 22 298 91 30 301 10 26 304 93 9 306 53 9 311 21 13 312 18 6 315 35 19 316 49 1 317 82 19 317 99 31 320 91 5 321 7 6 321 73 17 323 87 27 324 37 2 325 36 16 326 95 19 333 0 2 335 11 31 338 87 30 341 13 24 341 30 19 346 87 27 350 7 12 355 72 28 358 54 26 359 97 29 360 95 20 363 38 30 364 79 5 365 87 7 365 95 11 366 67 1 367 66 18 379 83 23 381 70 11 382 60 28 384 100 22 385 82 8 386 90 30 389 66 9 394 24 30 396 83 19 400 86 28 404 85 2 409 2 31 419 44 19 421 54 31 421 84 22 422 52 18 427 12 21 429 70 9 442 73 20 443 13 2 447 90 31 451 65 28 452 98 1 456 39 10 461 10 9 462 37 19 468 26 9 468 57 18 470 35 17 471 52 20 473 0 2 475 51 14 475 59 31 482 45 30 482 78 25 483 36 9 483 94 25 484 80 4 491 88 6 492 89 6 497 17 24 504 6 5 508 83 18 513 31 9 516 39 20 516 47 3 518 1 21 518 17 5 519 0 2 524 71 6 525 93 19 531 30 4 531 44 14 531 51 20 532 23 30 534 76 9 534 76 18 541 29 30 541 82 11 542 97 7 546 20 3 557 41 9 561 96 6 568 17 10 568 82 1 568 100 22 569 1 4 575 83 31 575 96 5 576 98 9 584 9 16 584 67 6 586 63 11 596 77 27 599 2 14 601 19 19 604 18 9 609 43 3 611 90 8 613 92 10 616 10 8 619 5 15 624 59 15 625 37 4 630 76 22 631 35 23 640 71 18 641 66 16 642 94 11 643 58 13 651 60 21 654 39 10 663 83 10 667 16 12 667 88 19 670 19 10 670 54 8 671 42 10 672 61 24 675 84 1 676 5 18 677 77 28 677 98 3 681 69 20 686 85 3 692 58 17 697 87 29 701 97 17 704 84 10 710 42 9 718 6 17 721 34 10 722 80 31 733 4 6 737 44 11 738 62 15 738 65 0 739 69 11 748 78 31 752 28 28 753 94 12 754 19 3 760 48 4 763 7 26 763 53 18 765 82 19 766 82 4 771 0 7 775 65 13 776 50 2 777 21 29 777 85 11 783 65 0 785 94 17 786 66 28 791 53 10 800 74 25 801 55 30 812 75 16 812 77 31 812 84 31 813 9 13 817 55 7 820 46 24 823 56 1 824 55 13 827 28 28 831 4 23 833 78 28 835 82 15 847 51 0 850 29 24 853 16 11 854 84 3 858 12 31 864 54 21 869 13 24 879 57 9 881 76 5 891 33 13 894 62 30 900 28 3 902 26 26 903 25 10 916 63 13 920 93 5 925 83 28 927 30 1 932 2 19 934 50 10 938 16 10 938 33 9 943 66 27 947 64 12 952 45 23 952 78 8 961 99 13 962 21 26 962 32 13 964 48 3 967 99 3 971 53 1 972 95 26 973 22 16 975 29 31 978 7 12 981 17 11 982 37 6 985 65 31 990 6 24 990 83 22 997 26 5 999 19 4 999 47 10 1000 72 2 1001 83 10 1008 59 12 1019 25 23 1019 81 23 1029 97 19 1030 90 21 1814 56 8 1824 21 16 1828 43 14 1829 1 4 1835 9 26 1843 2 8 1843 58 28 1844 36 19 1844 87 16 1845 27 20 1847 95 17 1849 53 25 1853 100 14 1860 22 14 1862 90 3 1863 83 11 1864 14 21 1871 20 24 1871 67 21 1873 64 26 1877 28 17 1880 59 13 1880 65 19 1880 72 20 1881 24 18 1883 23 23 1885 51 28 1899 80 31 1902 5 2 1904 78 10 1906 85 26 1907 13 3 1907 85 13 1910 40 22 1913 33 16 1913 72 15 1915 1 27 1924 1 31 1925 19 14 1930 5 9 1930 24 11 1935 17 12 1940 99 17 1948 77 6 1951 11 5 1955 22 29 1958 77 23 1968 100 17 1970 20 18 1971 3 29 1973 12 1 1975 53 1 1977 53 30 1977 70 0 1980 94 25 1981 63 29 1982 20 0 1983 18 24 1986 4 6 1994 43 20 1996 17 20 2000 19 15 2003 10 23 2005 1 31 2005 64 19 2019 41 12 2020 80 22 2020 89 28 2025 40 16 2026 13 13 2026 46 15 2030 54 2 2033 81 20 2034 84 21 2037 23 17 2040 99 17 2047 7 27 2047 32 5 2047 32 20 2048 62 5 2052 99 1 2053 13 1 2053 96 18 2068 29 24 2071 88 24 2073 91 12 2074 60 31 2075 51 6 2076 14 6 2076 47 24 2077 36 8 2083 74 9 2086 83 7 2095 14 0 2095 80 30 2097 68 29 2100 40 15 2103 29 8 2110 98 11 2118 66 27 2120 35 29 2121 84 19 2129 72 22 2134 4 25 2134 64 31 2139 11 10 2139 49 31 2142 99 6 2144 78 19 2147 13 7 2147 16 7 2152 51 6 2154 4 11 2160 94 30 2164 73 4 2164 81 16 2165 76 24 2171 15 29 2171 68 11 2173 96 18 2175 74 17 2176 82 13 2189 67 19 2190 63 15 2204 14 2 2205 2 6 2206 46 12 2207 43 21 2210 28 15 2210 52 5 2215 48 15 2217 81 29 2219 83 23 2223 66 17 2224 5 27 2230 96 3 2231 56 11 2232 87 9 2234 59 21 2234 93 28 2236 59 1 2240 56 20 2243 54 1 2243 78 21 2244 8 22 2245 14 20 2245 67 30 2248 63 16 2252 64 25 2253 64 14 2261 18 1 2264 84 26 2267 32 8 2278 86 0 2279 13 0 2279 59 0 2285 54 18 2291 98 6 2292 43 19 2292 87 7 2297 3 29 2297 36 3 2299 8 21 2304 1 2 2306 2 6 2307 93 0 2309 88 1 2310 70 4 2310 84 24 2313 9 24 2314 16 29 2315 29 30 2319 58 27 2319 76 12 2321 27 16 2322 92 10 2324 52 0 2327 30 6 2336 12 0 2336 32 22 2337 37 7 2337 88 2 2340 67 25 2343 79 7 2347 26 10 2349 93 29 2354 66 10 2355 41 21 2355 41 26 2355 58 25 2361 5 28 2361 95 21 2365 8 16 2366 14 16 2370 95 6 2383 20 15 2385 31 16 2388 70 10 2389 16 11 2393 50 17 2393 79 22 2394 30 23 2404 50 24 2405 81 1 2407 64 8 2409 82 3 2419 43 22 2422 31 2 2428 17 0 2428 18 23 2429 48 17 2429 83 28 2431 45 22 2431 51 22 2433 29 28 2434 67 22 2436 44 5 2446 19 2 2447 67 29 2449 11 2 2450 0 0 2454 33 13 2463 3 2 2470 90 7 2471 65 19 2475 56 25 2478 85 20 2480 27 8 2482 14 23 2483 64 15 2484 32 18 2484 41 27 2485 11 18 2489 79 7 2500 67 16 2500 92 0 2501 43 12 2509 31 17 2519 9 29 2521 35 30 2523 13 31 2536 85 9 2537 23 7 2539 83 26 2544 59 4 2549 91 2 2551 6 13 2554 67 11 2559 60 23 2562 74 9 2571 92 25 2572 75 16 2576 75 6 2579 49 13 2589 65 3 2591 47 19 2591 89 5 2592 91 27 2593 79 30 2594 33 15 2596 37 23 2596 47 16 2605 93 30 2606 3 8 2608 44 16 2611 45 21 2612 93 11 2614 93 16 2616 8 18 2620 36 10 2626 99 23 2627 93 5 2632 88 8 2639 59 10 2644 48 25 2646 89 12 2647 15 25 2647 44 7 2647 58 12 2652 45 1 2652 48 20 2653 5 18 2654 50 27 2659 57 24 2660 49 24 2667 2 12 2671 50 18 2673 49 27 2678 40 6 2680 47 6 2704 16 18 2706 47 19 2714 68 8 2714 94 9 2717 3 31 2723 96 5 2725 31 7 2729 3 18 2730 35 1 2732 0 5 2733 10 6 2736 43 28 2747 62 8 2748 90 28 2753 6 3 2753 86 31 2758 79 15 2763 90 29 2764 45 19 2770 60 8 2770 82 5 2771 9 19
985 625 0.0001 74 9 3 79 70 7 81 20 18 89 26 12 89 34 0 91 0 6 107 54 16 112 33 7 112 87 23 119 19 1 119 59 18 124 59 1 127 46 15 127 52 5 129 19 16 131 1 11 131 57 2 133 90 9 134 77 14 135 8 30 139 74 4 154 74 14 158 69 11 159 30 14 170 93 17 173 71 22 178 86 21 181 87 0 182 20 27 183 44 9 183 70 14 184 35 20 187 84 22 188 2 19 191 37 28 198 18 5 198 99 17 201 4 2 201 99 26 203 1 7 203 69 1 205 32 8 205 95 11 207 11 28 207 36 5 211 19 13 220 16 15 220 23 20 236 88 17 240 42 21 241 39 24 242 49 20 245 59 15 247 25 0 248 10 5 251 76 9 252 98 27 253 53 1 257 81 30 263 38 26 268 96 20 270 91 12 275 4 7 277 80 21 286 4 23 287 49 3 289 19 5 299 59 31 303 97 5 306 86 16 309 35 27 309 47 13 318 24 30 319 29 31 327 62 28 328 27 10 331 64 23 332 30 26 333 45 8 335 69 2 343 69 24 347 62 11 348 66 19 360 62 27 362 87 0 364 27 27 364 48 4 365 48 20 366 35 22 366 74 2 371 28 12 375 27 0 375 49 27 382 84 2 383 42 7 390 87 0 390 87 2 392 87 29 394 1 27 398 56 6 400 17 5 400 44 14 412 19 11 414 26 7 418 71 15 424 28 13 424 69 9 424 98 4 432 14 24 436 7 27 445 22 11 447 88 4 448 67 16 452 55 25 457 37 30 458 20 9 459 29 0 459 64 7 461 78 16 466 59 18 467 55 4 470 40 12 470 49 25 470 59 15 496 100 7 497 63 26 499 36 29 508 99 21 510 97 17 514 53 7 514 91 18 519 17 28 520 37 18 522 21 5 525 6 21 527 75 6 530 41 18 540 11 7 549 82 1 555 47 25 556 23 27 559 7 9 570 49 16 573 14 15 578 39 17 582 59 29 584 14 27 586 75 27 589 68 1 590 45 12 592 27 28 592 62 13 594 62 17 610 58 4 616 7 2 619 43 24 636 62 11 652 34 7 655 4 3 659 53 26 659 100 17 664 82 25 666 31 7 666 40 26 669 40 11 673 85 21 674 1 20 674 11 26 679 24 25 681 88 17 682 77 24 683 82 18 684 13 5 690 44 15 693 70 12 694 96 12 695 41 18 699 87 10 701 30 9 701 92 24 703 76 14 707 90 18 708 99 14 709 27 3 711 80 23 720 12 18 720 84 23 722 36 26 724 35 17 729 11 21 735 88 11 741 40 21 743 22 27 746 94 1 752 43 1 752 85 19 754 87 11 758 99 12 764 51 24 768 81 2 772 20 14 787 41 24 791 61 16 793 35 18 797 14 17 798 28 22 801 92 3 804 58 23 814 87 24 816 49 3 817 46 10 817 65 16 822 9 15 825 79 13 825 98 17 829 89 7 839 99 18 842 62 3 845 7 9 847 7 20 848 77 1 849 1 13 853 35 22 857 25 4 859 0 19 859 77 2 860 9 31 867 55 7 868 99 17 870 80 20 873 36 0 873 50 1 876 79 12 878 86 5 879 25 9 879 26 13 880 45 31 882 18 0 882 42 26 883 8 30 888 20 19 897 44 30 899 75 13 899 98 19 902 4 17 902 9 6 902 81 7 904 25 31 905 12 22 906 78 25 909 6 31 910 31 8 916 13 0 917 79 0 920 0 7 924 10 26 929 71 7 932 79 9 932 88 5 936 100 3 944 6 15 945 3 5 945 66 21 946 97 7 947 72 27 951 88 8 952 98 11 956 1 3 967 99 13 969 22 31 972 8 16 973 34 6 976 2 15 981 10 4 983 49 26 993 87 9 1003 17 6 1003 22 12 1003 79 5 1003 91 9 1005 96 21 1007 18 24 1010 48 20 1011 41 6 1013 88 15 1017 14 18 1018 4 6 1018 16 29 1018 89 12 1019 45 6 1019 100 16 1025 91 24 1032 79 6 1035 5 30 1808 27 15 1816 39 20 1818 5 13 1826 2 11 1836 71 15 1839 23 31 1840 45 4 1843 22 2 1846 16 18 1846 36 17 1849 17 22 1850 1 19 1855 92 2 1858 2 24 1860 19 14 1867 21 7 1872 65 13 1878 29 6 1881 31 20 1887 19 8 1887 82 26 1901 13 19 1906 91 23 1912 23 19 1917 47 5 1918 17 4 1918 43 5 1918 97 13 1920 57 12 1924 59 24 1925 56 18 1927 74 16 1929 10 11 1931 45 3 1933 21 20 1933 26 9 1936 68 10 1945 33 1 1947 86 15 1950 12 9 1950 17 11 1951 80 13 1959 94 9 1963 95 18 1968 28 20 1969 100 3 1972 72 11 1974 32 13 1976 47 4 1981 5 28 1984 57 6 1986 63 5 1987 71 27 1989 57 21 1990 22 23 1991 29 28 1993 16 27 1995 94 9 1999 78 30 2002 56 11 2011 4 1 2018 64 3 2018 96 27 2021 43 30 2031 34 25 2037 66 19 2037 75 12 2040 77 15 2041 37 0 2043 23 9 2043 74 28 2051 57 9 2055 15 3 2061 53 18 2062 97 30 2063 35 12 2064 77 6 2065 14 11 2066 38 9 2067 88 30 2069 80 6 2070 68 16 2074 98 22 2078 45 15 2079 47 24 2080 61 13 2081 4 25 2085 25 16 2088 48 4 2091 84 14 2091 100 23 2095 36 25 2097 6 31 2098 45 16 2099 96 2 2111 39 10 2112 98 17 2115 83 22 2117 87 11 2123 13 12 2124 33 11 2124 76 14 2125 14 8 2128 10 21 2130 17 12 2138 79 14 2144 19 1 2144 55 13 2144 56 8 2145 87 0 2147 76 18 2147 79 22 2152 69 25 2154 23 24 2156 30 7 2157 10 13 2157 94 6 2166 26 8 2170 10 26 2171 69 26 2172 10 26 2172 27 16 2185 18 11 2186 80 27 2192 60 20 2194 11 29 2197 36 12 2204 41 2 2204 53 4 2205 20 26 2207 41 17 2207 69 16 2210 83 3 2211 17 27 2212 86 19 2213 90 20 2222 23 18 2222 90 24 2226 59 28 2227 71 18 2229 2 30 2229 89 31 2230 86 16 2238 47 27 2239 22 14 2239 100 6 2248 88 2 2250 78 15 2253 85 6 2261 65 5 2263 32 20 2264 98 2 2266 90 5 2267 53 2 2268 24 25 2270 96 4 2272 60 25 2273 76 25 2277 38 24 2277 55 2 2284 3 27 2285 78 7 2292 14 19 2293 37 19 2300 61 31 2301 27 9 2303 45 3 2305 12 25 2305 65 23 2311 62 14 2316 59 23 2317 38 15 2321 64 2 2324 83 16 2325 56 1 2328 2 3 2329 13 8 2329 34 31 2336 1 1 2336 21 13 2339 25 20 2339 99 10 2344 33 17 2349 73 8 2352 32 27 2354 40 8 2356 17 15 2360 100 6 2361 29 15 2363 67 23 2364 45 17 2369 63 14 2375 9 0 2377 92 1 2381 61 9 2382 12 5 2383 79 26 2383 84 27 2384 63 0 2385 81 24 2389 68 16 2389 87 30 2392 61 14 2394 100 9 2397 78 17 2401 34 18 2403 17 20 2407 83 4 2411 6 23 2416 13 28 2417 27 21 2420 42 23 2421 34 31 2424 24 23 2425 71 7 2431 47 3 2433 23 25 2436 51 9 2439 81 28 2440 7 29 2450 34 20 2453 67 16 2454 36 5 2463 48 25 2464 55 21 2466 84 19 2472 36 4 2472 44 6 2476 100 15 2477 71 14 2480 70 0 2496 44 12 2496 56 29 2496 62 28 2497 32 3 2498 55 15 2512 5 23 2516 27 21 2518 44 13 2521 35 12 2522 23 23 2522 97 12 2524 64 15 2524 76 30 2528 95 31 2530 13 6 2531 25 10 2532 33 23 2532 98 14 2538 80 25 2540 12 29 2546 88 26 2547 69 15 2547 72 17 2557 94 17 2559 6 21 2562 23 28 2563 53 28 2566 60 4 2568 30 17 2569 0 14 2569 9 30 2569 22 5 2572 14 10 2572 74 31 2577 36 30 2578 4 9 2579 91 22 2583 73 1 2592 83 13 2604 19 19 2614 13 18 2618 3 20 2618 74 19 2623 77 17 2627 53 12 2628 97 2 2630 65 25 2633 31 22 2633 62 28 2637 96 17 2639 13 11 2640 0 15 2643 59 7 2647 49 22 2650 57 1 2652 61 14 2656 25 29 2658 88 3 2664 26 7 2666 55 9 2666 96 18 2668 84 18 2670 82 0 2671 15 23 2675 65 30 2678 68 5 2678 87 26 2680 66 6 2680 93 18 2681 97 21 2684 71 2 2684 93 9 2685 90 25 2687 28 1 2687 42 27 2699 23 13 2707 100 26 2711 50 24 2711 81 7 2712 11 23 2715 14 7 2715 40 19 2724 52 7 2726 4 12 2726 30 30 2729 35 29 2737 81 11 2737 94 26 2739 94 6 2743 45 26 2743 66 26 2746 21 9 2752 31 4 2754 58 14 2755 29 17 2755 29 26 2760 59 15 2762 15 14 2763 76 27 2768 5 19
986 625 0.0001 75 66 18 79 15 22 83 75 19 83 80 25 87 23 19 93 70 19 101 100 30 102 100 0 104 49 15 107 33 24 107 44 7 108 63 23 117 14 16 120 0 14 120 14 29 120 18 22 125 73 18 128 64 9 129 76 24 133 52 6 142 6 16 142 26 22 144 28 23 153 100 10 157 48 24 157 58 26 158 57 1 160 16 4 161 70 16 162 4 19 167 8 4 169 18 8 174 91 17 176 28 31 179 40 22 180 2 12 180 51 13 192 5 18 197 68 14 199 32 6 200 87 3 202 55 16 202 70 5 206 100 24 207 88 21 213 94 31 214 50 19 218 35 11 223 80 5 226 61 5 230 58 17 231 18 20 235 46 9 237 81 15 238 9 13 251 86 12 253 55 21 254 100 10 255 22 17 258 10 2 260 76 17 262 48 12 264 89 23 276 64 22 278 59 11 280 17 23 280 41 4 282 58 16 283 34 23 288 71 4 288 99 0 290 34 1 302 10 6 305 12 13 306 70 11 308 22 22 309 13 12 309 28 24 311 98 5 319 20 14 325 48 22 328 71 18 331 38 29 331 64 10 332 0 7 332 80 24 342 35 21 342 36 0 352 56 3 354 5 13 358 52 21 360 41 29 369 60 7 371 83 26 383 72 1 383 90 24 389 65 28 392 3 21 397 17 11 412 51 25 413 96 24 413 100 4 416 38 29 418 20 6 420 5 30 424 99 15 426 60 7 426 91 26 429 14 31 433 46 10 434 27 30 434 99 22 435 20 13 436 9 21 437 81 19 438 21 15 440 24 3 454 15 18 456 7 6 456 100 2 457 91 6 458 27 18 461 65 6 462 56 20 463 76 20 472 29 22 476 100 9 483 95 19 494 30 27 502 90 24 506 69 28 514 2 28 520 31 2 523 77 12 524 87 30 529 36 1 535 17 3 536 86 24 541 54 18 554 39 12 557 12 29 563 63 18 566 0 26 573 18 31 577 92 27 578 93 16 580 11 18 585 64 22 594 21 28 595 47 13 605 99 6 609 7 6 609 59 27 610 20 19 611 98 2 613 36 18 618 64 2 619 92 20 627 59 27 628 59 7 629 31 3 629 53 4 630 53 9 631 17 5 635 100 0 641 51 22 644 65 30 647 100 19 649 32 8 649 68 19 654 59 20 655 10 28 656 82 19 667 46 28 668 30 9 669 85 30 672 24 8 673 70 26 674 4 27 676 100 14 681 4 8 689 88 18 691 48 12 695 51 5 695 65 31 698 2 6 701 33 11 701 88 5 706 30 9 707 66 9 708 94 31 711 43 8 720 42 28 722 22 10 724 23 24 728 5 18 731 27 12 736 34 10 737 18 0 742 33 28 743 61 22 746 23 1 747 37 15 749 11 1 752 84 25 757 17 26 762 24 30 763 24 30 765 58 14 769 48 0 770 55 6 770 72 14 774 95 19 775 18 6 775 32 31 777 68 27 780 47 20 781 81 17 782 71 5 787 15 22 795 10 12 797 10 31 800 93 2 808 56 23 808 95 3 810 70 14 811 79 6 813 33 17 815 3 17 824 69 21 829 57 21 830 93 27 835 99 18 836 72 21 838 28 15 848 50 4 849 25 10 851 98 23 857 1 14 863 43 14 863 69 1 866 8 29 874 66 21 878 5 23 878 40 20 890 8 0 890 25 4 891 0 13 891 28 21 891 77 14 894 65 12 898 12 9 902 87 22 903 99 25 906 68 20 907 93 4 912 74 7 925 28 15 927 91 23 930 43 15 930 70 22 933 6 7 935 14 7 937 35 3 937 35 28 937 47 0 938 27 8 941 44 14 950 46 11 951 26 20 960 75 20 969 46 2 971 31 8 972 9 12 977 5 20 985 37 14 991 12 17 991 90 9 993 38 16 995 5 16 995 34 9 1025 56 16 1036 59 10 1037 71 30 1038 78 1 1811 26 3 1812 55 22 1815 4 28 1816 13 29 1816 89 17 1819 28 16 1820 66 25 1821 74 9 1822 46 12 1823 57 28 1824 20 14 1828 31 25 1828 92 8 1829 78 28 1830 22 19 1831 84 6 1832 63 18 1835 97 0 1836 43 25 1839 40 29 1842 8 1 1843 70 1 1851 87 20 1858 23 17 1858 77 23 1859 22 8 1864 95 11 1865 10 20 1867 8 5 1869 18 15 1870 69 29 1872 20 27 1872 57 24 1876 48 18 1876 77 11 1877 15 7 1878 51 3 1884 78 15 1892 49 23 1896 53 6 1898 85 7 1907 87 17 1912 38 8 1912 47 8 1912 87 29 1913 16 12 1913 62 18 1918 19 10 1921 39 17 1922 93 21 1925 70 8 1934 100 11 1942 2 14 1950 6 14 1951 57 31 1955 13 4 1958 95 11 1972 64 3 1975 87 10 1978 34 31 1978 45 24 1978 70 25 1978 77 13 1979 90 25 1987 39 28 1988 86 16 1989 7 24 1990 33 25 2007 2 28 2009 49 8 2012 34 9 2012 87 25 2018 68 24 2018 93 6 2021 73 23 2021 89 30 2024 33 11 2027 56 2 2029 57 2 2030 88 9 2041 6 20 2044 83 18 2046 35 22 2047 69 1 2048 4 0 2048 99 1 2050 82 3 2052 85 22 2061 2 2 2061 18 6 2065 34 26 2068 16 4 2072 47 6 2079 11 6 2080 79 3 2083 9 15 2085 23 8 2085 47 11 2085 57 6 2090 15 26 2095 100 28 2101 65 5 2102 26 4 2102 35 1 2104 96 10 2108 80 30 2110 64 19 2125 88 20 2128 2 1 2130 93 0 2132 91 12 2137 58 10 2139 7 0 2147 57 9 2147 64 10 2150 21 3 2155 97 3 2158 36 10 2162 70 6 2165 98 21 2169 49 1 2171 14 30 2175 8 25 2179 45 7 2181 63 0 2190 38 22 2193 20 30 2194 96 1 2197 42 16 2198 33 30 2204 66 10 2206 17 14 2207 42 30 2212 49 10 2212 87 14 2213 1 21 2221 66 23 2222 62 24 2223 46 4 2228 67 11 2229 28 1 2236 5 7 2239 57 2 2240 31 26 2242 82 7 2246 78 13 2249 61 2 2252 0 20 2252 25 2 2254 65 8 2257 12 15 2257 51 4 2257 96 22 2265 24 14 2268 13 7 2268 31 17 2272 29 28 2272 72 2 2273 35 2 2276 99 12 2277 56 13 2279 70 29 2282 49 25 2286 58 0 2295 72 25 2298 44 8 2307 19 20 2308 100 5 2310 85 14 2310 93 24 2312 79 24 2313 52 17 2314 27 27 2315 26 22 2321 94 12 2326 25 11 2327 16 8 2328 46 13 2331 32 19 2332 31 5 2332 59 28 2337 74 17 2343 35 11 2343 84 26 2344 30 14 2346 71 19 2347 74 29 2347 86 1 2349 23 20 2349 68 14 2362 80 14 2363 77 24 2366 7 1 2368 70 10 2373 16 10 2375 51 3 2385 70 17 2389 32 1 2391 82 18 2392 78 22 2393 31 8 2397 14 24 2397 61 27 2397 65 30 2399 22 4 2399 73 28 2400 24 13 2403 86 27 2405 37 18 2405 73 16 2406 24 4 2409 23 2 2409 25 14 2409 52 18 2415 98 17 2418 18 22 2420 55 8 2421 66 22 2424 30 14 2424 52 20 2426 59 0 2434 33 9 2441 13 14 2443 55 10 2444 7 26 2445 84 9 2447 20 22 2452 46 29 2452 57 1 2454 62 11 2458 5 5 2465 26 11 2466 62 15 2472 89 30 2473 53 31 2477 100 15 2482 30 15 2496 43 13 2498 21 19 2500 15 23 2501 44 21 2505 50 26 2506 38 26 2506 54 2 2511 18 14 2511 71 3 2512 23 3 2516 4 8 2518 52 12 2519 22 26 2519 40 12 2520 1 19 2531 48 12 2536 36 2 2536 76 1 2538 92 16 2543 24 10 2544 47 12 2553 4 24 2555 96 13 2557 17 11 2561 47 11 2566 61 19 2569 16 4 2577 36 15 2577 69 27 2581 44 17 2584 43 2 2584 43 30 2586 39 5 2589 50 10 2591 97 9 2601 12 1 2601 92 12 2602 89 13 2603 54 2 2605 32 22 2607 21 21 2607 77 21 2609 4 19 2609 14 29 2613 5 0 2614 82 31 2616 87 14 2618 49 26 2620 35 6 2620 82 6 2625 9 23 2625 71 12 2628 33 1 2635 21 12 2638 89 3 2642 74 16 2645 2 10 2647 89 3 2649 69 10 2649 74 12 2655 36 9 2660 73 20 2662 25 14 2673 26 1 2681 72 19 2682 33 1 2684 2 10 2686 93 12 2687 46 2 2687 98 25 2695 30 20 2695 95 12 2696 7 30 2700 33 31 2705 60 23 2709 99 24 2710 87 20 2715 12 5 2716 19 24 2717 40 2 2718 75 5 2721 70 1 2723 50 8 2724 3 15 2724 8 13 2727 67 11 2728 45 31 2728 47 9 2731 61 27 2731 70 8 2732 36 26 2734 15 29 2736 2 19 2738 19 20 2740 2 5 2741 34 12 2742 93 19 2743 61 1 2748 84 30 2751 52 25 2753 31 7 2760 37 2 2772 77 23
987 625 0.0001 76 82 18 79 74 22 84 11 2 92 55 30 94 16 8 95 4 0 95 36 8 98 38 31 100 26 2 100 27 23 100 40 7 103 91 10 105 41 19 109 13 26 109 53 8 110 57 5 111 86 28 112 2 28 112 4 7 114 62 24 116 17 29 116 27 26 118 69 27 119 99 11 123 68 15 128 68 7 129 71 26 134 4 15 135 68 1 139 26 23 142 35 15 144 5 6 146 92 26 151 85 6 152 73 29 159 63 0 160 11 21 162 31 15 162 76 22 163 45 10 164 79 8 164 98 19 169 17 3 179 29 2 179 75 28 181 37 3 181 51 19 181 62 12 182 54 8 184 89 16 186 62 21 188 14 27 192 19 2 195 19 22 195 91 27 201 64 21 201 100 7 202 14 13 204 98 14 212 83 28 215 19 25 217 68 25 219 88 18 220 61 8 220 66 25 222 94 18 228 98 11 237 99 20 243 10 12 247 67 29 255 76 27 268 7 18 274 4 11 274 61 9 275 64 23 275 77 5 278 37 25 282 84 14 284 3 10 287 58 22 289 75 25 290 68 9 295 1 29 310 41 18 313 79 6 314 91 27 315 85 19 320 90 22 329 15 4 336 76 13 337 29 22 338 49 18 345 46 30 346 52 28 348 95 15 349 7 12 349 45 21 358 95 1 360 74 13 360 95 25 364 68 6 364 73 9 375 44 25 378 71 7 385 17 20 385 80 1 388 32 2 394 57 11 398 90 10 399 53 20 399 97 14 400 52 7 405 31 7 406 15 25 410 66 29 412 34 1 414 22 15 415 77 30 422 54 9 427 75 3 427 97 30 428 63 31 429 0 21 433 69 1 446 95 24 450 5 31 451 77 28 452 39 2 454 73 2 457 52 13 460 70 21 465 80 17 468 15 27 475 76 27 482 98 31 484 0 31 485 8 25 488 54 1 490 8 30 494 8 11 496 77 15 499 93 5 500 75 28 502 81 17 502 100 2 504 74 18 507 76 28 510 11 13 515 98 2 519 95 2 522 36 1 523 63 29 526 2 30 531 13 7 531 88 24 533 90 6 535 7 26 541 4 2 543 69 15 544 28 13 545 19 17 557 22 30 567 8 29 573 74 12 574 92 11 578 97 13 584 99 27 586 89 4 595 9 26 595 94 13 598 29 23 601 75 24 606 84 23 610 67 7 611 3 5 612 66 15 613 28 28 614 99 8 615 34 1 619 50 7 620 31 4 620 64 29 623 71 21 624 2 5 625 23 30 626 41 4 629 31 2 631 53 25 631 68 7 633 85 18 634 76 7 635 82 21 638 99 15 639 38 31 643 8 30 644 41 31 644 88 15 645 81 3 646 82 9 648 40 5 650 33 25 651 41 23 654 29 5 658 75 29 659 5 11 671 41 1 671 65 3 672 45 31 674 98 8 676 1 5 679 4 13 682 31 7 685 97 6 688 1 17 691 26 30 695 94 27 697 98 1 698 16 28 705 30 2 708 95 18 715 21 27 716 43 15 719 5 28 744 88 28 745 83 12 748 70 2 751 3 26 754 11 18 757 89 26 761 79 15 764 20 27 767 7 19 769 74 25 771 77 2 772 87 12 782 84 5 784 92 0 787 39 10 792 40 28 797 100 14 798 35 16 801 61 29 809 55 6 810 83 14 811 68 3 813 0 31 815 28 24 816 67 24 817 4 9 826 21 29 826 33 27 838 34 21 842 3 26 846 66 18 852 38 17 856 95 24 857 44 30 857 53 17 865 31 12 871 42 16 873 29 3 874 99 21 879 13 17 881 57 27 883 37 7 888 22 17 889 12 10 899 2 5 899 36 12 903 75 8 903 92 23 908 61 15 910 15 17 912 11 10 913 9 25 913 88 9 917 41 10 917 63 23 918 87 7 919 76 13 922 72 4 929 14 0 935 44 5 935 61 2 937 17 20 938 99 31 941 62 18 950 10 20 950 44 1 955 88 28 956 1 4 957 10 27 957 35 13 963 50 0 963 87 12 963 89 29 966 31 19 970 42 13 970 73 31 983 36 11 985 34 26 988 28 7 996 32 23 1001 87 28 1003 26 8 1006 97 28 1011 40 16 1017 97 24 1021 34 15 1024 38 8 1029 21 23 1029 27 9 1030 50 3 1031 85 16 1037 65 17 1037 97 31 1038 57 18 1038 93 17 1811 94 1 1813 89 29 1820 63 5 1820 65 27 1825 8 16 1826 7 9 1830 94 17 1831 50 29 1832 48 3 1833 51 18 1834 31 7 1836 71 17 1837 85 3 1838 11 22 1844 40 8 1845 39 17 1849 53 17 1849 91 23 1850 77 4 1855 24 28 1857 85 9 1858 36 5 1861 56 31 1864 22 17 1865 83 31 1868 26 18 1873 85 21 1878 44 4 1879 5 28 1879 98 17 1882 55 25 1885 54 22 1886 83 25 1887 32 3 1890 54 5 1891 2 8 1894 21 7 1902 94 17 1903 44 29 1905 33 17 1907 17 1 1909 57 5 1911 92 8 1912 46 29 1912 57 2 1912 96 9 1915 80 3 1922 85 31 1932 47 16 1941 30 12 1943 29 14 1945 42 0 1946 18 21 1952 56 8 1955 79 26 1958 73 4 1960 6 23 1960 10 13 1962 37 14 1964 37 2 1969 2 19 1971 77 12 1972 68 7 1973 26 14 1976 22 9 1982 55 4 1985 45 15 1987 54 30 1993 60 19 1994 44 16 2002 1 8 2002 68 11 2003 39 16 2003 64 7 2003 98 29 2012 78 27 2015 62 16 2018 74 7 2024 67 14 2034 16 18 2035 62 19 2042 18 16 2044 6 23 2050 73 3 2056 42 31 2056 55 29 2057 40 1 2061 86 30 2062 53 19 2069 35 13 2070 14 3 2076 1 22 2076 61 25 2083 23 14 2084 36 8 2088 3 26 2088 95 21 2089 5 6 2089 26 0 2095 22 16 2098 28 16 2099 72 21 2101 50 14 2102 66 23 2105 58 30 2106 37 26 2110 89 28 2112 10 30 2113 38 20 2114 0 21 2117 45 19 2117 51 5 2118 81 8 2120 46 19 2120 80 13 2127 52 15 2130 26 25 2130 78 18 2134 51 5 2136 74 3 2138 79 27 2141 56 21 2141 96 25 2153 32 0 2155 74 12 2159 17 27 2161 11 1 2167 7 9 2171 41 3 2177 26 12 2178 32 30 2179 94 23 2186 79 19 2189 58 6 2193 87 7 2200 6 18 2204 20 13 2205 11 25 2207 71 0 2208 18 24 2209 29 29 2214 61 5 2216 93 22 2232 8 23 2232 97 26 2237 82 28 2237 92 10 2241 66 14 2243 37 24 2248 4 4 2250 86 12 2250 99 15 2251 94 29 2252 78 1 2255 72 8 2262 55 17 2270 98 4 2277 72 29 2281 22 0 2289 59 12 2292 36 15 2295 100 9 2296 85 4 2298 44 28 2299 29 24 2301 0 14 2307 55 17 2308 53 23 2314 25 6 2316 60 6 2316 63 3 2316 93 24 2317 58 20 2324 59 23 2330 17 11 2332 57 26 2332 96 26 2337 25 22 2337 69 0 2346 13 16 2347 15 6 2364 40 13 2367 40 13 2368 34 1 2368 99 19 2373 25 18 2373 51 30 2379 49 7 2379 96 30 2385 2 3 2398 56 21 2400 0 23 2404 30 5 2416 22 25 2421 58 29 2427 69 10 2429 79 1 2433 72 18 2437 6 13 2440 19 2 2442 20 2 2445 64 30 2449 94 3 2450 31 22 2465 29 8 2467 85 16 2473 43 21 2478 53 1 2479 25 23 2480 58 13 2487 72 10 2492 57 27 2493 96 2 2497 3 13 2497 15 9 2500 43 9 2502 42 8 2503 100 24 2506 84 28 2509 17 6 2510 22 22 2515 70 25 2515 92 16 2521 76 16 2524 44 20 2525 11 15 2535 57 18 2536 71 14 2546 42 7 2551 55 26 2563 41 13 2567 82 4 2568 13 0 2570 49 14 2571 63 30 2571 99 28 2574 38 10 2574 100 12 2578 22 1 2580 2 0 2581 12 20 2585 66 12 2586 25 21 2588 58 18 2588 72 6 2591 28 5 2591 61 28 2593 32 4 2593 51 28 2599 92 5 2600 93 1 2603 43 21 2610 25 13 2611 61 25 2612 98 8 2613 27 17 2614 52 1 2615 45 30 2618 50 29 2625 1 2 2625 64 11 2628 3 25 2628 66 31 2629 42 3 2632 86 25 2634 3 18 2634 47 14 2639 25 10 2640 11 15 2640 47 30 2641 91 12 2642 30 0 2642 94 0 2648 66 11 2650 53 10 2650 88 21 2662 93 29 2663 31 8 2663 72 3 2667 86 5 2687 60 6 2690 30 0 2692 68 4 2698 3 18 2704 76 12 2704 78 23 2704 81 20 2712 88 28 2716 85 30 2724 25 24 2724 38 3 2725 5 18 2727 85 19 2731 92 15 2735 84 5 2737 69 8 2747 82 7 2748 26 22 2750 59 18 2751 69 19 2752 72 10 2757 78 6 2759 85 13 2760 27 28 2762 36 13 2772 79 14 2773 38 23
988 625 0.0001 84 13 9 84 67 20 85 53 23 86 11 9 86 35 19 101 52 29 103 0 24 108 66 2 114 84 2 116 20 24 121 30 8 122 88 30 129 63 12 131 15 8 131 82 4 135 45 27 137 4 2 137 59 12 140 0 7 147 3 21 147 26 6 148 76 29 150 35 0 151 20 30 152 75 22 157 40 5 162 1 11 165 81 7 166 89 5 167 72 29 174 45 7 174 73 15 178 17 18 182 58 3 184 22 13 184 23 29 187 66 22 190 28 22 190 64 6 191 99 13 193 2 29 194 33 0 195 71 31 196 51 6 204 22 16 206 13 8 210 22 21 215 96 31 216 97 16 218 82 7 233 27 8 239 48 28 242 32 31 249 58 8 259 9 20 263 55 29 264 59 23 272 45 9 273 22 9 277 17 27 280 60 18 287 32 25 287 62 25 289 26 9 291 19 7 295 51 5 297 81 23 297 91 16 300 49 28 300 52 7 300 68 7 301 76 5 303 13 9 307 9 27 310 49 3 311 90 21 314 15 15 323 34 18 328 58 25 332 1 4 333 83 27 335 16 17 337 6 30 342 62 8 343 86 4 359 43 26 363 89 27 366 7 3 367 2 7 371 16 21 375 18 12 379 38 11 384 90 12 386 52 25 387 43 10 392 45 28 402 18 21 411 100 19 421 0 23 424 37 16 427 42 13 427 76 19 427 99 18 429 33 11 429 73 11 430 67 21 432 44 26 433 29 13 434 40 12 434 53 9 437 30 17 453 53 19 455 21 29 457 96 7 460 41 4 461 33 27 461 52 22 463 60 16 465 38 31 466 19 15 471 32 3 475 61 6 477 47 12 478 9 21 484 55 27 493 12 26 493 45 11 499 21 16 504 0 25 505 52 13 505 60 1 505 64 1 506 20 7 508 37 0 512 82 30 515 41 8 524 92 10 531 72 21 537 12 27 538 2 17 540 84 9 542 24 19 544 99 19 548 17 16 549 79 25 550 4 28 556 37 21 559 2 10 560 92 26 563 57 13 572 96 13 575 13 19 578 3 24 588 92 0 601 11 30 603 63 3 606 55 7 608 46 6 609 35 29 610 93 18 611 99 4 614 28 1 615 71 12 616 21 22 617 68 26 621 75 16 622 22 0 622 94 19 625 56 16 625 63 25 627 98 2 628 21 31 632 55 19 632 60 28 635 25 20 638 21 24 640 96 4 643 20 1 644 89 24 645 37 21 645 56 9 645 62 12 649 90 5 651 28 26 652 57 6 656 99 12 659 57 20 660 61 25 664 65 31 665 98 8 674 84 10 675 32 30 675 66 11 675 93 6 676 42 22 676 55 6 681 41 24 681 73 0 694 30 17 700 46 27 704 8 17 706 90 24 707 15 2 707 72 4 708 79 24 717 10 29 722 17 13 723 39 29 726 17 22 735 78 24 736 15 24 740 65 6 742 47 20 745 56 21 746 1 1 746 11 27 746 91 10 747 71 4 749 30 8 759 59 3 759 74 25 761 41 14 764 44 22 765 86 18 768 89 20 770 30 27 772 23 19 774 27 26 776 65 14 778 19 8 781 47 8 782 18 28 783 56 1 784 28 21 784 68 30 785 76 19 788 99 19 793 76 4 800 40 24 804 73 28 806 27 23 807 84 8 808 15 7 815 48 28 815 49 28 823 8 16 823 54 7 823 85 2 824 62 22 825 6 12 828 13 11 830 59 22 833 2 16 834 53 13 837 6 27 841 56 17 844 29 7 846 35 18 847 72 13 849 71 31 850 13 13 861 11 24 862 43 1 866 70 1 876 31 20 878 44 31 883 35 4 885 70 21 889 25 10 890 5 30 890 19 19 892 53 28 901 64 13 906 61 3 910 19 30 910 61 21 910 75 2 911 72 1 912 8 18 913 21 11 918 64 16 919 41 30 920 40 20 920 45 1 923 77 17 934 68 10 935 37 20 936 69 18 936 93 20 938 89 12 944 44 18 944 64 13 945 55 23 946 43 14 946 47 23 949 58 5 949 90 2 953 46 5 954 94 26 955 14 26 955 17 30 962 14 21 962 66 4 964 97 16 971 37 25 975 68 3 976 21 12 981 87 6 983 47 24 984 8 26 985 28 14 985 73 24 987 22 1 995 14 8 997 4 5 998 71 25 1002 25 3 1003 11 9 1003 80 15 1006 68 18 1011 31 14 1013 72 17 1016 6 20 1016 22 1 1022 34 20 1023 30 2 1028 59 21 1031 73 3 1032 94 31 1036 13 23 1812 48 26 1828 66 13 1829 72 22 1833 100 24 1834 21 0 1835 96 21 1837 98 22 1838 25 9 1842 75 16 1846 97 3 1847 16 22 1847 43 21 1851 78 0 1853 65 9 1855 100 17 1859 88 31 1860 7 19 1865 25 31 1878 26 11 1879 46 17 1885 79 10 1889 81 6 1892 57 14 1896 17 28 1906 52 28 1907 34 6 1907 53 25 1912 35 23 1913 53 10 1924 68 2 1925 20 14 1932 88 13 1933 3 21 1934 12 14 1934 47 0 1941 30 18 1944 29 28 1947 44 21 1948 63 13 1959 63 0 1965 51 5 1968 8 26 1970 48 29 1973 80 16 1977 57 28 1980 55 2 1981 95 26 1984 71 25 1985 11 9 1987 43 16 1994 3 5 2000 1 28 2000 66 15 2001 23 9 2003 45 31 2023 54 11 2026 14 0 2027 58 28 2034 41 1 2037 29 21 2038 88 10 2042 46 27 2046 0 14 2048 45 2 2050 17 3 2053 65 17 2053 96 6 2054 62 3 2061 25 22 2064 33 24 2081 99 25 2085 38 31 2087 50 10 2088 50 26 2093 77 19 2098 54 6 2104 87 14 2110 7 13 2110 93 18 2118 64 21 2118 84 29 2123 10 24 2124 25 7 2128 33 10 2131 12 16 2133 70 30 2133 98 0 2134 29 23 2136 59 8 2136 84 24 2145 90 20 2146 63 4 2148 4 29 2154 56 6 2155 58 31 2156 97 26 2158 52 26 2158 98 4 2159 28 27 2159 80 23 2160 22 11 2160 86 18 2165 12 18 2168 35 24 2170 24 11 2171 20 9 2173 22 0 2173 31 28 2175 13 20 2175 46 9 2185 19 26 2192 73 6 2193 85 29 2195 36 15 2195 83 30 2198 97 9 2204 62 16 2206 55 30 2210 86 26 2212 80 13 2214 18 0 2218 16 6 2219 12 12 2221 61 6 2224 44 30 2225 33 29 2231 96 1 2235 35 22 2236 44 6 2236 45 17 2238 4 2 2246 11 27 2246 41 1 2252 98 9 2255 9 13 2257 1 26 2260 5 4 2264 10 10 2268 50 6 2270 67 9 2275 63 20 2277 63 19 2279 53 0 2284 1 30 2284 33 20 2286 88 25 2288 63 6 2290 54 5 2297 83 3 2300 52 17 2304 42 2 2306 56 16 2314 50 22 2316 99 21 2327 83 9 2333 33 11 2333 49 19 2336 46 17 2337 45 9 2338 49 20 2340 82 1 2340 96 1 2352 17 26 2353 17 10 2355 59 30 2357 55 13 2358 31 15 2364 43 28 2370 51 12 2373 51 29 2374 95 31 2375 7 7 2377 93 6 2379 59 19 2385 20 29 2385 58 17 2388 27 18 2388 82 26 2394 89 6 2396 76 4 2397 56 28 2397 58 12 2400 19 24 2413 27 15 2414 77 1 2418 59 21 2421 4 21 2426 71 29 2427 46 21 2429 71 4 2437 27 19 2437 96 12 2446 6 0 2446 85 15 2447 85 10 2457 80 30 2462 0 9 2464 83 13 2471 68 19 2472 29 3 2478 13 1 2480 18 20 2481 2 4 2482 58 3 2486 21 9 2486 37 23 2486 64 5 2489 77 1 2492 31 21 2494 76 17 2494 99 5 2496 45 3 2505 7 15 2505 62 11 2507 70 21 2516 70 12 2517 22 9 2518 39 12 2519 4 25 2522 94 10 2523 81 14 2524 41 24 2529 90 1 2535 78 8 2538 44 9 2541 99 7 2543 95 13 2544 51 25 2550 48 7 2555 21 5 2565 64 10 2566 0 28 2567 12 14 2569 32 27 2571 44 0 2582 1 29 2584 26 0 2588 99 12 2591 13 31 2599 29 1 2601 95 9 2602 15 12 2607 54 29 2619 73 27 2620 9 24 2625 21 31 2625 91 25 2628 44 6 2629 63 22 2634 39 19 2636 34 22 2636 46 12 2644 55 5 2650 81 18 2651 25 18 2651 75 24 2652 27 23 2657 19 30 2658 25 20 2660 33 15 2664 61 13 2666 55 4 2673 62 23 2673 98 15 2676 91 14 2677 0 13 2679 74 12 2688 50 14 2690 50 27 2693 66 17 2697 55 2 2711 9 9 2711 37 4 2713 58 6 2718 76 23 2718 77 21 2719 95 13 2724 95 7 2726 10 0 2726 11 28 2728 87 9 2734 27 17 2734 49 2 2734 68 3 2742 65 6 2743 65 27 2745 68 19 2748 9 7 2750 9 20 2752 49 3 2756 76 12 2769 28 1 2771 10 15 2772 58 2 2774 26 29
989 625 0.0001 73 11 4 78 24 24 79 22 9 81 48 26 87 23 19 91 35 25 91 37 29 100 47 26 102 52 0 110 62 23 112 49 26 112 72 20 116 48 22 124 4 22 129 7 19 130 14 18 133 52 24 134 78 8 138 67 27 139 97 2 142 95 23 143 27 0 144 99 18 145 14 28 146 60 14 147 4 15 148 33 9 150 84 14 150 95 9 153 94 10 154 18 11 157 48 6 158 92 26 159 20 20 163 44 9 165 81 3 173 85 2 175 1 1 176 42 22 178 23 22 178 76 7 189 50 27 189 80 30 192 15 13 192 26 27 197 49 20 200 59 13 200 77 13 203 33 11 205 10 21 207 0 13 213 48 20 215 2 21 224 62 24 225 71 2 225 77 4 230 79 5 235 89 19 237 0 29 237 73 9 238 4 30 238 82 5 240 67 28 246 62 30 246 78 9 251 48 21 252 11 27 254 83 7 260 61 7 260 67 30 260 68 22 266 19 27 266 96 20 275 40 13 275 66 17 279 55 19 281 61 2 286 82 24 289 67 2 303 73 30 306 29 9 313 8 1 315 18 29 320 95 2 322 31 31 331 39 9 332 100 21 335 40 17 338 83 12 340 72 12 345 50 26 346 61 10 349 68 13 353 50 26 359 35 24 362 38 24 362 47 7 372 1 28 372 92 15 374 31 5 376 52 9 381 50 4 385 88 31 385 95 13 386 93 31 390 81 11 397 24 15 397 88 14 398 20 2 403 7 29 403 24 29 404 87 1 405 45 17 408 30 12 414 60 30 414 65 25 417 28 26 418 50 26 423 96 27 426 19 21 434 54 19 434 61 19 436 88 16 438 2 24 439 36 30 441 29 8 449 15 4 451 76 24 455 42 21 457 66 22 458 24 15 462 32 30 462 54 16 465 50 14 467 22 10 468 72 15 469 4 20 472 0 7 474 3 6 474 50 13 475 52 10 482 69 10 483 17 28 484 10 0 484 82 11 488 36 9 490 64 18 495 10 23 497 50 16 499 34 22 502 16 23 506 91 22 508 62 5 514 11 23 524 65 1 524 87 29 527 72 28 533 57 28 537 65 29 541 80 25 545 91 3 563 6 17 566 42 16 581 53 12 582 34 9 583 27 0 585 54 3 585 76 13 586 29 23 592 89 29 594 26 16 594 80 10 596 17 13 597 14 1 607 0 11 610 3 15 610 91 5 611 27 6 614 12 28 618 26 17 619 69 15 620 52 15 620 64 25 624 83 14 628 78 10 634 57 13 635 78 3 639 30 20 640 87 23 652 14 21 653 85 8 655 61 21 657 54 20 666 43 28 667 83 2 671 39 6 678 64 19 684 43 21 695 14 31 701 4 24 708 28 3 718 68 17 721 3 23 721 84 9 721 95 7 723 58 26 728 89 22 733 60 19 737 100 4 738 75 6 740 86 21 741 94 30 743 21 20 746 77 5 747 29 16 747 64 12 749 51 22 750 60 15 766 58 19 768 73 10 776 33 0 778 7 5 780 95 6 784 22 0 787 44 17 787 78 27 793 29 23 795 84 9 797 77 6 802 67 16 807 56 29 809 3 18 815 51 23 817 69 24 827 8 4 828 76 9 830 89 21 831 2 17 834 27 19 836 20 16 846 10 25 847 96 7 851 43 14 855 91 17 861 24 11 863 84 1 865 45 30 868 55 20 869 80 31 877 4 19 878 54 8 879 54 24 881 5 12 881 7 22 888 5 31 889 26 10 889 72 14 891 33 22 895 52 30 907 49 26 910 47 4 913 94 2 919 51 20 923 32 10 925 45 7 925 72 6 928 4 4 928 18 18 928 24 16 928 57 24 929 79 6 933 11 29 936 68 24 937 30 12 940 34 1 947 32 30 948 18 13 957 30 7 957 53 23 957 97 11 958 35 0 959 56 31 962 84 14 963 21 31 965 80 7 967 6 17 972 54 12 972 77 26 973 23 3 975 68 30 977 11 1 978 74 6 981 95 21 982 79 4 983 39 5 985 26 24 985 88 3 987 1 31 987 27 19 987 30 9 993 57 1 995 0 7 995 16 0 999 42 6 999 48 3 1001 0 20 1002 14 18 1005 76 2 1009 47 27 1010 29 25 1011 82 29 1013 64 8 1015 59 16 1019 32 26 1020 16 15 1028 73 21 1816 51 30 1817 2 31 1817 66 7 1818 50 14 1819 50 19 1820 74 24 1821 78 19 1822 45 7 1823 84 21 1824 60 6 1829 77 18 1831 38 24 1831 41 4 1833 74 16 1834 9 21 1836 66 25 1836 86 8 1838 81 21 1839 18 6 1839 34 15 1848 62 10 1853 66 6 1861 62 14 1865 55 28 1870 75 3 1875 27 12 1880 76 27 1882 42 26 1883 96 6 1884 97 7 1886 37 25 1887 35 16 1891 66 17 1893 37 8 1894 78 19 1899 76 21 1902 85 15 1910 36 18 1910 63 20 1919 98 13 1925 53 25 1929 32 0 1935 81 13 1937 35 15 1939 9 0 1939 51 10 1940 24 26 1943 68 4 1945 93 15 1946 31 31 1946 32 22 1947 89 21 1949 12 5 1949 50 3 1950 33 19 1952 18 8 1953 89 8 1958 97 2 1962 83 23 1963 22 29 1965 43 7 1970 87 15 1972 0 22 1982 53 3 1992 6 8 1992 16 17 1992 65 0 1997 88 8 2005 83 29 2008 65 17 2009 11 19 2009 86 25 2012 11 16 2014 24 5 2021 69 20 2024 35 23 2026 50 16 2028 85 22 2030 79 3 2033 62 24 2033 100 6 2034 30 4 2034 83 17 2035 26 25 2037 24 11 2039 92 21 2044 27 6 2045 62 1 2046 50 1 2051 56 23 2052 72 21 2053 58 26 2058 50 24 2060 92 3 2061 14 8 2063 42 16 2067 38 17 2074 57 25 2075 95 13 2079 1 22 2080 9 5 2087 78 4 2095 92 22 2098 65 6 2101 84 9 2104 14 16 2104 26 28 2112 62 25 2114 72 2 2121 1 14 2122 83 6 2124 77 24 2124 90 15 2135 81 7 2140 12 0 2140 35 17 2142 59 1 2150 46 0 2150 75 30 2151 43 0 2151 90 22 2156 41 8 2157 20 0 2160 37 20 2164 31 31 2164 59 19 2165 7 13 2172 9 8 2174 72 21 2184 94 18 2187 28 4 2187 48 23 2194 62 14 2197 7 5 2198 85 1 2200 1 15 2206 73 19 2208 27 28 2216 37 31 2216 57 28 2218 41 28 2222 65 15 2224 24 14 2231 59 1 2233 44 21 2234 63 18 2236 25 30 2241 45 6 2242 67 0 2244 85 3 2245 61 30 2248 68 20 2253 1 28 2256 80 23 2259 20 30 2260 88 22 2264 9 4 2265 58 18 2267 65 12 2271 53 9 2272 24 19 2276 21 9 2278 17 18 2287 37 4 2287 43 6 2287 85 24 2293 4 0 2293 18 25 2296 11 25 2298 80 19 2303 50 19 2304 3 13 2304 92 10 2305 40 23 2310 37 30 2310 65 26 2311 0 16 2320 69 27 2323 73 30 2324 20 14 2324 34 15 2325 21 0 2330 45 6 2332 87 7 2336 79 9 2340 82 23 2340 83 9 2343 63 28 2345 84 12 2348 64 4 2352 65 6 2354 82 29 2354 95 5 2358 93 26 2360 26 20 2365 13 18 2367 69 10 2375 19 23 2378 89 5 2382 89 29 2384 65 20 2395 35 20 2399 6 3 2399 57 15 2401 64 13 2405 18 26 2408 94 4 2410 42 23 2414 79 13 2419 91 3 2421 82 16 2423 79 25 2424 44 6 2425 65 14 2428 60 8 2431 95 8 2437 69 23 2444 40 20 2445 2 22 2447 11 17 2447 26 7 2459 42 20 2464 27 21 2472 17 25 2474 77 20 2477 63 10 2478 38 12 2485 3 13 2486 71 28 2487 22 10 2492 22 3 2494 39 2 2502 29 15 2506 5 6 2513 16 17 2516 74 25 2521 9 6 2523 67 30 2524 34 4 2528 15 3 2530 82 7 2533 3 25 2536 41 11 2536 57 26 2538 25 4 2544 50 25 2547 25 24 2548 45 4 2562 46 10 2566 66 13 2567 79 16 2568 40 1 2569 19 31 2572 93 13 2575 69 24 2578 69 8 2582 94 12 2584 75 4 2588 51 11 2592 3 12 2594 78 26 2603 77 3 2603 98 18 2607 42 2 2613 39 7 2619 72 14 2625 7 29 2626 27 11 2635 36 12 2638 55 31 2639 94 26 2642 42 29 2648 56 23 2652 0 27 2653 47 4 2654 22 4 2655 70 23 2657 40 1 2659 10 12 2670 3 8 2673 68 9 2675 32 17 2679 7 20 2679 79 8 2682 57 16 2692 20 11 2699 10 11 2701 23 14 2703 14 12 2706 69 3 2711 40 2 2711 52 15 2716 7 30 2717 81 7 2718 91 24 2721 40 31 2727 4 7 2729 20 16 2730 73 24 2737 56 6 2738 100 1 2752 61 20 2767 100 13 2768 43 4 2769 31 6 2769 55 4 2771 80 5 2774 67 0 2775 35 10
