0 11 3e-06 143 11 30 269 94 22 281 0 31 292 23 15 348 91 29 458 28 1 604 92 31 714 43 21 748 42 10 1117 21 23 1146 17 25
1 11 3e-06 75 12 7 199 4 25 248 47 12 326 52 8 420 73 6 805 16 5 812 17 12 940 4 18 1019 37 31 1061 53 2 1122 50 13
2 11 3e-06 189 97 11 356 79 0 401 18 17 459 57 31 532 25 18 572 80 0 588 56 15 594 4 23 669 78 20 866 31 4 997 9 1
3 11 3e-06 279 43 16 313 14 19 357 69 0 588 84 6 688 18 16 812 24 19 821 25 14 833 24 28 889 46 27 1095 98 26 1117 6 24
4 11 3e-06 143 4 29 258 33 5 406 79 5 438 46 28 540 14 12 788 76 28 1022 5 27 1043 80 12 1090 79 3 1106 11 11 1148 76 10
5 11 3e-06 125 47 6 314 20 27 522 54 19 802 44 28 931 84 25 938 52 28 947 44 10 972 84 2 1008 36 15 1034 19 30 1142 12 6
6 11 3e-06 94 33 18 220 32 24 294 28 23 351 12 24 512 35 10 694 48 13 857 5 19 915 4 8 927 20 20 1018 55 8 1115 95 8
7 11 3e-06 75 4 16 221 13 26 259 96 4 350 29 0 429 58 19 450 52 2 534 58 30 734 52 22 769 30 25 933 54 25 1081 89 15
8 11 3e-06 164 97 27 661 53 8 663 85 0 673 75 30 734 72 4 790 33 30 857 44 30 870 89 26 876 68 2 1051 3 2 1081 64 4
9 11 3e-06 317 32 23 384 3 17 688 32 26 795 23 10 872 100 20 972 76 17 1039 30 20 1072 31 31 1113 20 9 1117 45 23 1144 57 28
10 11 3e-06 162 20 7 199 58 10 463 41 5 597 50 18 701 23 29 892 55 11 952 15 3 956 5 30 980 20 16 1119 99 31 1139 33 28
11 11 3e-06 422 93 26 553 94 17 567 66 6 624 13 25 752 59 20 826 65 27 830 18 15 1063 57 3 1124 48 14 1130 21 11 1148 64 3
12 11 3e-06 185 12 3 210 58 14 217 38 5 393 38 19 518 54 10 587 49 1 751 40 22 951 2 11 975 97 20 1078 13 22 1086 20 22
13 11 3e-06 242 60 5 337 76 10 477 71 31 737 11 3 839 13 27 914 80 12 1042 48 20 1056 48 7 1134 30 13 1140 68 0 1169 59 24
14 11 3e-06 111 31 22 147 29 29 157 44 11 280 31 29 292 31 20 304 53 30 522 93 11 821 100 4 830 90 30 959 60 5 1169 58 8
15 11 3e-06 162 20 26 265 87 20 352 13 30 414 39 29 589 10 31 829 92 11 835 72 15 839 92 6 891 74 5 935 51 11 1033 82 12
16 11 3e-06 232 57 16 266 93 1 285 9 6 370 30 16 376 11 4 577 33 7 698 38 11 741 52 11 880 23 31 949 80 5 1112 37 7
17 11 3e-06 191 67 10 206 6 8 558 66 16 561 2 0 581 12 3 617 65 9 647 56 21 740 81 19 841 21 31 863 63 12 1053 22 18
18 11 3e-06 295 65 26 370 47 13 395 41 22 541 14 17 621 73 31 663 11 21 928 14 28 945 8 0 949 23 3 1020 97 27 1089 6 31
19 11 3e-06 79 82 14 150 62 0 201 31 11 237 75 1 280 77 31 431 86 29 461 26 10 500 0 14 814 19 28 901 25 31 1069 26 31
20 11 3e-06 135 21 3 182 90 26 221 8 5 241 84 10 401 77 22 622 90 28 772 22 8 824 7 18 867 91 14 930 54 6 1162 75 25
21 11 3e-06 110 85 12 140 18 16 284 31 18 342 54 11 401 36 5 608 1 6 629 51 21 699 64 9 838 92 10 902 86 3 981 68 24
22 11 3e-06 83 30 4 133 78 21 171 95 18 217 6 5 289 12 7 593 82 19 717 4 24 738 33 6 888 46 23 937 56 20 1102 84 23
23 11 3e-06 79 26 30 208 91 3 354 3 21 519 15 9 551 95 14 801 74 10 839 87 10 966 63 10 986 50 27 1089 16 28 1113 3 7
24 11 3e-06 153 42 6 158 51 30 259 39 22 311 8 7 607 32 23 628 64 7 634 22 12 821 33 22 900 88 11 1014 60 12 1155 20 8
25 11 3e-06 237 80 15 317 58 17 360 70 19 377 52 6 470 56 24 523 80 4 620 11 14 635 69 12 701 0 5 866 57 16 943 96 14
26 11 3e-06 180 56 14 247 31 0 330 1 19 362 1 10 397 10 2 458 69 24 485 76 20 590 16 7 929 14 22 947 88 24 1171 36 21
27 11 3e-06 319 87 31 500 46 2 520 15 17 550 11 15 552 64 20 666 69 7 860 89 30 921 57 5 993 24 24 1044 95 15 1050 15 20
28 11 3e-06 119 82 11 181 22 6 293 42 28 377 91 27 408 39 11 418 35 20 673 7 24 675 27 7 695 28 1 958 95 29 1064 48 4
29 11 3e-06 75 0 28 332 64 5 374 87 8 400 92 16 449 57 15 503 34 6 534 72 6 709 72 5 710 80 2 826 34 25 989 16 27
30 11 3e-06 80 51 22 113 79 9 117 23 21 278 77 25 467 94 8 514 66 11 793 7 15 963 28 24 1000 78 14 1075 92 4 1146 80 3
31 11 3e-06 90 54 28 152 28 0 217 10 29 270 28 20 314 6 0 398 23 4 479 70 27 564 27 14 589 61 14 696 77 12 835 24 1
32 11 3e-06 215 69 20 341 80 11 391 7 11 645 87 12 745 83 15 832 4 13 950 59 26 968 6 22 1023 25 21 1060 18 30 1161 50 28
33 11 3e-06 131 28 16 135 14 18 351 30 2 496 94 15 585 48 1 600 42 17 611 82 16 707 90 2 907 27 26 1093 9 15 1155 10 1
34 11 3e-06 80 27 29 195 54 31 275 75 31 294 70 16 356 7 6 621 99 6 642 44 5 737 19 12 1055 77 0 1059 100 16 1156 88 0
35 11 3e-06 185 81 22 207 3 2 270 7 4 415 90 26 610 18 2 730 7 3 802 38 3 961 83 19 995 11 29 1122 54 8 1168 19 13
36 11 3e-06 230 33 23 280 60 4 291 65 25 358 53 22 438 48 20 645 52 31 797 38 2 907 64 9 916 92 6 1037 33 30 1125 32 5
37 11 3e-06 102 16 19 344 61 9 552 32 6 600 69 14 636 15 16 649 83 24 685 93 28 1018 53 6 1034 72 25 1062 10 18 1107 78 29
38 11 3e-06 96 90 16 163 58 9 195 90 24 330 50 10 429 71 24 491 67 15 829 68 17 958 53 17 976 42 3 1068 72 11 1171 16 7
39 11 3e-06 111 48 4 212 57 30 434 80 0 436 76 31 680 14 6 786 44 25 822 62 1 849 97 6 915 75 2 1050 10 11 1063 67 3
40 11 3e-06 140 86 18 167 93 23 384 82 30 397 96 20 458 45 15 701 57 1 736 77 12 961 91 20 1045 97 24 1092 37 23 1098 65 0
41 11 3e-06 123 66 27 211 2 1 454 64 12 544 29 30 633 35 16 756 4 24 831 49 18 903 53 31 924 38 5 940 74 25 1066 81 2
42 11 3e-06 153 17 6 213 28 10 318 80 8 574 6 23 617 89 29 713 38 18 938 53 27 1028 41 20 1053 53 13 1053 87 3 1114 3 3
43 11 3e-06 85 95 31 156 83 24 260 30 26 303 81 16 370 67 9 540 59 16 808 71 14 889 17 18 922 41 22 947 34 28 1083 74 9
44 11 3e-06 131 64 1 184 49 6 223 13 6 260 62 1 403 99 2 535 94 20 577 12 14 671 48 9 1042 62 14 1083 58 11 1086 50 30
45 11 3e-06 149 88 27 221 25 9 291 3 0 688 42 20 823 38 6 892 36 4 982 64 30 1099 97 27 1116 53 10 1123 32 21 1140 69 1
46 11 3e-06 252 53 15 329 13 2 536 90 29 602 35 4 606 30 23 823 89 1 856 58 25 893 97 27 897 40 7 944 31 13 1043 58 4
47 11 3e-06 144 6 22 333 62 0 387 43 15 412 34 19 490 55 23 527 55 17 530 79 6 607 15 22 721 98 2 982 69 19 1157 67 20
48 11 3e-06 249 19 20 509 95 16 767 95 7 818 89 11 825 73 18 868 26 18 896 25 17 959 100 8 993 52 16 1036 2 17 1103 89 17
49 11 3e-06 107 8 4 123 25 21 425 5 5 497 75 13 694 87 18 945 8 16 985 62 24 989 46 9 1015 80 17 1163 9 3 1170 57 18
50 11 3e-06 144 34 9 165 51 7 622 44 6 674 90 2 778 95 27 854 50 21 855 84 19 867 99 19 876 27 7 915 91 26 1164 76 20
51 11 3e-06 251 78 2 308 56 13 406 25 21 506 74 20 571 45 29 667 3 22 672 43 11 760 32 31 817 28 10 867 25 24 875 84 20
52 11 3e-06 230 32 17 543 88 21 671 93 10 726 28 27 781 85 20 861 62 31 868 25 19 976 1 18 1053 38 6 1057 70 27 1076 55 11
53 11 3e-06 73 86 9 122 68 12 301 15 27 346 95 16 444 0 20 474 99 29 642 43 31 712 27 15 906 95 24 965 57 28 970 96 14
54 11 3e-06 229 24 14 429 85 0 548 62 11 614 11 21 707 72 0 764 94 30 901 59 8 926 54 16 1069 19 9 1070 83 6 1140 10 25
55 11 3e-06 106 71 13 482 12 30 516 8 29 590 67 11 626 93 18 716 87 29 771 40 2 807 51 5 853 49 20 1117 28 26 1175 82 20
56 11 3e-06 103 91 4 161 24 1 466 96 17 531 17 19 605 63 3 646 28 8 733 21 14 733 36 25 738 54 0 1092 9 0 1101 71 23
57 11 3e-06 76 98 5 122 30 27 227 49 21 405 0 19 452 37 28 522 30 30 587 77 14 706 78 21 816 54 17 1063 24 9 1152 3 6
58 11 3e-06 156 76 13 183 42 6 401 90 21 407 93 29 662 13 27 694 45 16 788 55 11 1001 48 31 1012 10 16 1050 92 13 1121 41 11
59 11 3e-06 212 62 31 234 28 23 292 59 20 380 42 7 502 80 29 537 57 14 546 1 3 641 56 27 648 13 18 864 12 10 940 76 20
60 11 3e-06 307 98 9 355 3 28 463 81 19 465 22 30 591 48 2 764 55 0 860 3 29 936 72 16 1015 86 29 1024 5 0 1035 37 12
61 11 3e-06 135 18 19 263 45 3 607 4 9 612 27 7 696 73 19 810 80 3 859 78 27 877 37 14 977 40 29 1094 43 30 1134 31 11
62 11 3e-06 189 62 23 190 84 17 227 58 16 307 24 17 359 7 9 383 70 30 499 75 22 787 56 12 837 21 4 874 31 19 931 76 10
63 11 3e-06 133 99 6 139 26 27 192 43 9 412 34 26 617 50 9 793 43 0 913 100 9 1067 64 25 1073 81 26 1121 92 4 1137 5 0
64 11 3e-06 186 19 22 191 12 30 223 88 6 374 41 21 502 100 22 609 83 8 762 92 13 897 39 8 925 27 20 1113 75 2 1136 13 28
65 11 3e-06 131 12 27 205 75 24 307 47 30 360 55 24 526 93 11 687 1 6 721 73 23 964 59 13 1095 4 30 1095 74 21 1115 26 25
66 11 3e-06 184 62 13 396 74 1 471 35 19 552 94 17 565 24 1 769 92 14 785 58 4 901 92 7 954 88 15 1005 36 6 1016 72 31
67 11 3e-06 190 85 22 264 35 16 282 42 12 369 48 19 598 36 8 725 1 1 821 76 4 906 21 14 1016 84 23 1056 97 8 1166 75 24
68 11 3e-06 144 49 8 205 69 23 446 79 28 556 56 0 572 73 30 615 69 8 645 87 23 753 41 18 777 57 17 921 44 25 1100 91 10
69 11 3e-06 80 92 15 113 9 24 416 21 12 416 55 7 431 57 5 452 8 0 527 59 29 728 79 29 823 11 4 830 49 11 1057 13 12
70 11 3e-06 90 79 26 231 28 25 237 83 28 247 47 12 304 44 1 324 34 9 434 75 7 575 7 30 579 11 10 778 12 15 964 20 14
71 11 3e-06 108 59 16 282 24 16 334 16 1 384 58 8 390 20 17 392 52 8 540 11 27 913 16 28 949 71 3 1107 77 27 1108 76 11
72 11 3e-06 178 82 12 200 59 30 649 11 27 671 20 22 740 77 1 796 15 23 839 51 1 910 57 21 957 23 3 970 16 22 1064 48 9
73 11 3e-06 88 27 27 181 70 5 306 77 25 352 59 8 365 17 11 704 76 11 715 62 7 736 41 15 995 46 25 1147 42 21 1163 23 16
74 11 3e-06 112 90 0 157 13 9 221 12 18 223 10 10 405 54 3 573 60 16 698 10 25 700 90 10 838 26 28 912 72 13 966 56 18
75 11 3e-06 120 30 27 193 17 15 274 87 18 376 93 1 507 64 25 660 19 10 698 13 27 870 2 22 894 41 7 899 16 8 1103 68 31
76 11 3e-06 88 24 30 134 56 13 183 29 12 337 83 9 423 9 28 505 37 20 523 9 6 675 61 31 887 73 5 990 45 25 1119 36 11
77 11 3e-06 178 88 12 217 27 15 287 58 18 369 9 12 427 71 31 604 44 15 611 56 10 757 71 16 836 69 10 1084 5 13 1142 67 26
78 11 3e-06 96 54 16 214 63 26 223 86 21 276 50 20 308 52 11 407 33 7 415 9 16 747 0 18 772 80 7 990 29 17 1079 8 15
79 11 3e-06 335 5 29 441 89 12 490 42 19 517 12 20 545 92 29 702 64 0 871 74 0 894 61 30 897 30 28 973 30 17 985 8 17
80 11 3e-06 96 31 22 150 56 26 248 48 20 311 62 12 383 38 23 406 100 11 427 45 2 462 88 13 522 68 9 798 15 0 933 73 11
81 11 3e-06 117 38 8 161 84 26 223 37 28 286 36 22 395 38 26 450 2 5 619 13 28 646 37 29 985 53 31 1071 31 26 1145 71 25
82 11 3e-06 128 12 20 167 44 23 219 81 11 292 89 21 563 95 31 582 62 9 648 5 22 665 62 9 707 13 8 846 23 13 940 1 13
83 11 3e-06 284 85 8 295 65 21 297 69 25 324 80 22 550 96 8 603 9 8 668 16 7 723 78 3 732 59 15 796 77 9 1160 77 18
84 11 3e-06 250 19 28 411 36 3 437 7 14 593 89 3 669 23 9 696 54 6 937 89 9 955 14 28 1107 52 12 1112 15 11 1160 94 12
85 11 3e-06 79 36 30 107 83 7 310 88 16 390 32 21 556 79 2 626 85 6 677 33 20 800 79 2 935 83 10 1002 4 26 1016 82 9
86 11 3e-06 81 39 8 452 2 12 664 76 26 727 0 29 781 19 17 953 0 0 985 26 16 1006 6 22 1076 11 28 1099 29 9 1175 49 31
87 11 3e-06 99 39 2 220 65 22 260 79 10 419 95 11 479 80 2 552 86 4 649 9 24 780 38 25 895 95 25 928 10 8 1018 54 6
88 11 3e-06 165 71 29 222 34 12 255 60 24 272 55 31 410 78 24 430 26 12 572 17 30 787 53 6 806 63 25 948 49 17 994 14 4
89 11 3e-06 117 81 28 210 7 23 212 40 14 258 71 5 409 43 3 452 14 9 469 82 1 537 48 10 580 99 6 892 53 4 995 55 9
90 11 3e-06 302 60 25 454 82 6 531 0 24 546 13 23 665 75 16 793 86 4 835 79 25 966 87 3 1025 87 10 1075 87 27 1129 65 2
91 11 3e-06 354 24 20 369 73 25 378 57 23 533 22 2 635 22 29 727 35 6 927 63 11 936 37 28 976 40 15 1034 13 19 1105 46 17
92 11 3e-06 79 75 11 237 4 10 240 22 16 250 43 23 323 24 11 436 22 21 478 3 26 767 86 27 1039 21 19 1069 27 7 1133 21 15
93 11 3e-06 184 20 17 245 78 19 456 51 5 515 64 16 603 18 4 651 57 6 797 96 10 798 66 12 946 62 14 970 36 28 1143 67 11
94 11 3e-06 208 60 1 237 25 14 239 11 4 357 20 25 533 19 20 599 51 4 727 10 15 788 37 12 1000 77 21 1066 82 28 1159 60 25
95 11 3e-06 120 78 7 169 70 9 200 67 29 300 96 8 414 51 26 460 47 3 538 53 7 638 100 9 1042 80 30 1075 15 22 1127 82 16
96 11 3e-06 123 8 17 198 69 5 292 38 30 375 66 21 450 44 22 580 2 23 607 42 26 832 91 1 883 81 0 1023 21 31 1113 48 1
97 11 3e-06 113 57 27 114 52 16 169 64 25 422 42 13 453 48 20 570 16 1 861 11 22 863 15 14 1005 39 15 1145 71 22 1154 11 14
98 11 3e-06 168 85 25 177 61 15 390 12 22 431 5 23 653 83 5 963 83 10 1086 71 19 1096 13 22 1111 38 11 1122 83 2 1173 48 13
99 11 3e-06 142 71 11 317 9 2 333 33 15 352 77 26 492 22 17 717 92 10 804 52 23 814 62 22 1008 90 29 1052 25 4 1143 99 20
100 36 1e-05 90 58 22 105 9 5 173 90 19 231 43 2 269 60 0 320 77 2 321 7 11 326 6 8 378 63 17 518 96 25 602 49 24 614 54 28 637 7 15 642 57 18 665 16 6 748 51 10 752 41 29 755 85 11 822 53 20 878 62 25 892 46 6 895 46 14 909 49 24 914 99 6 948 45 30 956 44 4 976 23 18 998 50 24 998 65 22 1041 31 13 1081 78 3 1086 81 14 1115 84 21 1121 59 28 1146 2 4 1152 3 9
101 36 1e-05 86 90 28 98 51 21 115 60 30 122 48 26 122 83 16 134 65 1 150 81 16 180 38 14 263 87 19 283 23 5 329 88 30 379 67 0 398 71 30 482 90 19 485 81 10 490 21 22 497 25 23 572 1 5 599 32 16 637 72 29 660 75 2 664 79 28 746 46 14 803 20 18 867 56 0 872 92 21 882 75 21 883 3 12 900 31 15 951 11 1 981 60 20 1085 39 26 1102 5 21 1133 73 8 1157 67 15 1170 70 5
102 36 1e-05 124 78 15 162 6 4 163 90 30 176 49 8 206 94 14 212 8 21 218 33 13 242 10 31 301 15 15 307 97 0 325 52 20 366 77 23 404 65 14 405 19 13 421 49 14 434 8 19 455 25 2 496 98 28 510 44 7 546 22 21 553 94 16 634 56 17 651 99 13 684 42 26 712 87 17 732 29 11 732 76 20 877 20 23 952 21 11 1019 83 14 1049 80 10 1055 63 22 1112 75 12 1125 79 4 1139 92 7 1170 85 25
103 36 1e-05 82 44 8 100 15 26 101 42 9 141 49 15 151 7 16 179 83 14 235 36 29 240 59 16 275 10 23 326 89 22 334 92 25 359 53 6 377 26 6 477 73 22 533 57 24 616 51 31 621 56 11 678 4 20 686 82 10 708 28 2 773 28 6 836 30 8 848 85 23 850 90 23 887 48 1 904 97 3 933 63 6 945 79 21 953 47 16 959 64 25 1017 7 9 1039 4 21 1052 98 3 1110 62 10 1138 58 11 1168 3 27
104 36 1e-05 77 50 2 99 11 28 163 28 10 196 60 27 203 82 20 231 85 20 243 84 21 298 32 4 340 59 31 376 0 29 396 53 19 492 79 19 534 34 21 576 80 9 577 0 3 585 11 2 595 89 31 615 26 23 620 83 6 635 30 8 668 90 1 715 9 8 794 92 26 819 31 6 879 36 8 891 34 17 905 80 11 939 95 12 960 72 29 978 65 3 983 46 14 1005 3 6 1055 62 29 1072 94 15 1075 32 15 1154 85 26
105 36 1e-05 93 0 2 97 23 22 128 70 18 144 29 8 170 11 9 183 4 0 205 92 21 304 74 23 566 90 6 567 31 9 567 39 4 619 72 24 627 94 31 656 73 16 713 17 6 756 8 9 762 10 2 792 98 4 814 14 12 887 40 27 889 16 6 894 59 18 904 81 23 968 95 29 977 17 19 988 90 14 995 51 1 1009 34 17 1013 33 16 1014 30 14 1024 28 19 1043 78 15 1069 77 11 1096 23 14 1162 64 31 1171 28 11
106 36 1e-05 120 57 7 142 56 23 164 87 8 258 20 8 374 57 11 385 16 19 390 41 17 391 96 10 521 40 27 569 92 27 620 47 18 649 56 4 653 76 13 701 74 23 708 20 18 713 41 16 750 59 2 753 3 22 777 17 21 784 59 9 791 57 17 818 5 19 821 21 18 883 88 17 901 3 15 925 3 11 936 70 6 954 94 23 958 96 18 967 12 18 970 15 30 977 78 22 1047 15 28 1111 28 19 1158 40 1 1164 36 16
107 36 1e-05 123 87 15 131 39 8 153 96 16 195 85 9 196 13 3 197 14 18 255 22 26 270 0 0 288 70 7 292 80 28 293 0 20 346 67 9 390 31 3 401 58 3 427 6 14 475 52 20 478 80 3 499 90 3 507 5 9 541 95 5 542 19 17 595 5 4 619 92 12 735 65 21 789 93 24 795 11 11 877 86 10 908 20 7 1020 79 8 1037 82 9 1072 16 21 1080 5 3 1089 63 26 1127 59 7 1146 57 19 1170 49 20
108 36 1e-05 76 9 30 96 1 30 189 81 23 192 66 25 308 97 17 344 14 15 395 60 27 411 3 13 429 11 2 453 8 31 460 20 16 468 31 16 469 22 6 513 94 22 516 90 15 576 23 2 698 69 7 706 84 7 715 8 14 729 67 18 738 88 2 808 36 26 819 61 31 870 88 19 917 49 6 928 96 22 936 79 2 942 84 6 955 76 28 967 12 19 1037 98 5 1051 51 19 1053 49 15 1097 69 29 1154 89 25 1159 71 0
109 36 1e-05 108 98 30 149 57 21 197 67 30 201 6 31 339 7 18 340 41 11 379 45 22 470 94 13 521 99 14 528 29 13 588 67 27 590 38 8 616 26 28 625 66 23 637 18 15 693 18 12 701 34 20 719 69 29 724 98 8 826 37 10 838 38 14 842 41 9 914 11 25 934 54 22 935 96 25 936 12 12 936 66 5 943 83 17 945 93 24 1015 9 16 1032 1 0 1052 43 4 1057 10 6 1059 51 27 1092 62 25 1161 17 28
110 36 1e-05 90 94 22 94 70 4 100 25 24 140 4 28 150 32 12 215 23 7 223 63 12 230 24 3 301 95 31 334 52 26 349 9 21 377 89 5 413 18 16 506 31 27 517 77 16 534 97 8 603 88 12 608 71 24 627 18 3 676 20 18 685 84 5 690 99 9 709 13 31 727 100 24 735 16 21 744 60 18 755 91 12 817 30 23 894 50 9 899 80 16 909 67 28 931 27 17 953 46 25 1001 89 12 1031 89 2 1099 77 6
111 36 1e-05 76 28 2 79 30 22 108 4 18 110 88 8 121 18 19 156 100 26 281 61 28 301 36 13 303 42 10 328 35 16 337 60 13 342 100 11 366 49 18 404 53 9 433 65 10 461 73 13 635 70 13 639 12 17 668 69 25 684 79 4 704 23 4 730 7 12 777 87 30 790 40 13 801 70 26 842 19 8 890 23 6 946 50 28 969 74 11 1012 3 22 1028 60 26 1047 37 15 1069 15 15 1091 65 28 1092 35 30 1153 76 23
112 36 1e-05 76 24 18 132 91 12 174 22 9 188 30 29 261 41 29 270 18 10 297 97 3 301 22 3 338 11 10 352 54 26 362 79 1 376 45 1 415 79 20 435 69 11 450 50 19 477 35 10 483 59 3 585 54 2 608 70 11 629 73 0 673 55 21 839 32 31 843 59 18 849 82 5 860 54 10 923 94 25 928 97 1 1016 29 26 1034 43 14 1052 24 19 1055 35 27 1090 5 12 1102 2 26 1107 20 1 1113 83 25 1164 66 11
113 36 1e-05 143 21 31 200 2 8 207 13 26 240 55 11 249 85 22 252 33 23 278 4 8 336 42 21 424 58 29 426 30 25 503 57 29 528 4 18 528 54 6 538 19 27 543 83 19 594 33 10 612 12 26 624 9 12 654 55 29 669 6 17 672 80 0 746 51 28 754 8 27 770 5 25 791 31 13 815 92 12 885 79 23 911 94 26 924 27 28 1000 99 18 1048 83 17 1051 61 14 1084 61 19 1118 47 15 1131 58 22 1133 11 23
114 36 1e-05 81 74 10 185 73 22 256 34 14 256 35 17 277 45 26 322 7 8 322 55 14 333 49 4 356 12 1 389 94 25 389 97 23 398 59 4 412 46 16 449 62 17 488 0 28 531 29 28 602 55 9 683 86 31 737 57 12 812 68 17 813 76 31 834 23 1 843 44 13 853 77 22 875 19 6 904 86 2 914 94 2 916 38 29 993 70 15 1012 19 4 1039 50 25 1052 72 6 1066 55 11 1086 48 28 1100 4 3 1111 78 24
115 36 1e-05 177 47 19 214 46 0 227 26 24 249 100 9 257 2 22 279 82 2 390 41 14 403 92 16 454 41 5 481 12 10 498 69 19 526 46 2 533 43 16 547 90 24 554 43 27 589 39 1 716 34 6 720 25 26 873 1 12 890 0 29 897 74 18 926 70 25 933 17 20 949 25 29 950 95 30 964 73 1 981 84 11 987 36 3 992 72 1 1049 3 15 1059 62 14 1061 18 19 1113 83 11 1115 45 15 1135 7 7 1162 93 20
116 36 1e-05 96 11 9 113 59 16 125 36 16 142 98 8 158 93 12 161 18 16 195 97 3 198 28 28 201 42 25 224 1 23 270 61 25 282 22 23 309 35 9 327 63 1 367 92 10 402 89 1 410 41 6 490 2 15 519 1 22 537 10 31 544 51 14 574 6 26 614 8 24 625 39 8 634 0 8 635 36 0 719 52 21 743 29 16 886 66 9 995 41 16 1004 90 16 1050 50 12 1077 84 18 1083 44 23 1094 5 22 1095 42 9
117 36 1e-05 123 5 23 125 21 0 127 71 21 157 14 0 204 16 3 211 83 2 248 73 10 265 42 4 363 18 0 391 34 15 394 26 11 423 63 0 424 88 7 425 46 28 433 92 15 471 7 9 529 53 30 565 13 8 577 26 19 588 76 14 648 99 28 673 69 22 677 20 9 681 38 16 682 54 15 695 87 26 741 28 10 781 31 7 896 20 5 926 49 16 929 94 14 958 1 29 1056 80 27 1096 77 11 1109 92 22 1167 93 2
118 36 1e-05 102 34 27 110 40 11 122 63 0 150 91 2 206 62 0 215 63 30 275 65 26 290 97 4 325 61 3 360 80 23 361 39 1 373 65 5 441 57 29 444 3 2 489 15 8 492 40 28 528 71 20 528 80 23 539 58 6 552 53 7 592 25 28 704 16 8 755 31 25 771 55 17 773 93 14 791 31 9 797 91 7 807 37 1 815 90 2 880 19 22 930 43 21 960 77 15 979 75 6 999 19 29 1068 96 3 1162 85 14
119 36 1e-05 72 17 5 77 90 26 95 46 5 141 84 31 161 85 11 176 1 4 218 60 26 342 27 17 372 38 13 398 57 7 413 7 3 461 79 27 499 90 5 516 1 18 601 26 7 604 58 17 613 98 11 614 70 3 638 21 23 646 13 27 653 14 2 655 71 19 662 95 5 707 81 7 708 64 0 886 11 26 899 22 23 903 12 28 932 92 3 939 74 11 948 96 4 961 29 27 976 75 28 999 77 11 1062 31 8 1152 39 4
120 36 1e-05 87 0 11 87 94 25 118 14 19 187 91 25 192 11 1 200 89 29 269 64 28 278 62 27 292 10 8 352 54 25 364 75 17 384 80 16 486 21 19 548 8 23 555 99 26 558 49 24 577 21 11 617 12 21 631 74 27 696 57 14 791 4 14 795 98 1 822 26 14 894 34 16 914 73 24 940 76 4 982 2 25 1023 31 9 1026 25 1 1026 62 2 1030 3 31 1063 98 2 1109 53 21 1113 8 12 1166 25 0 1167 57 6
121 36 1e-05 84 100 6 109 64 21 135 10 6 163 45 11 170 43 11 213 81 20 229 54 17 249 46 2 331 79 17 336 76 0 399 92 1 405 9 22 423 27 10 448 56 31 531 41 20 552 38 22 611 20 25 638 53 15 723 6 12 776 43 12 795 12 21 816 97 2 832 16 1 866 17 7 888 83 26 915 39 7 924 4 15 942 57 28 1010 13 16 1016 46 11 1028 35 23 1034 49 13 1037 33 1 1064 22 7 1133 30 21 1145 80 0
122 36 1e-05 81 77 2 132 85 23 168 16 21 186 61 19 187 65 0 199 82 19 201 82 20 319 82 29 344 90 31 379 13 23 484 23 11 496 17 23 525 96 14 541 34 14 560 5 6 568 17 10 569 21 13 679 96 16 723 63 17 747 21 1 764 21 9 825 41 16 855 12 3 935 71 29 941 41 7 963 80 31 967 82 19 975 56 18 1025 88 8 1059 65 5 1080 87 7 1131 36 2 1145 22 7 1158 11 8 1159 28 19 1174 2 19
123 36 1e-05 118 68 7 125 32 4 141 37 17 147 15 14 193 30 28 240 12 27 261 83 27 323 54 10 328 13 2 352 98 26 378 9 11 393 64 29 431 74 26 455 91 18 490 66 2 512 92 11 555 7 9 570 63 7 579 43 16 596 32 2 663 39 25 687 59 20 741 58 3 808 74 26 847 25 8 854 28 15 862 21 7 876 47 14 902 70 30 977 5 3 986 100 9 991 91 30 1024 16 31 1080 1 12 1125 58 31 1130 22 25
124 36 1e-05 123 2 7 130 69 12 139 27 15 151 41 23 183 48 1 199 3 18 287 24 27 341 74 7 374 30 29 410 87 17 414 85 11 446 7 30 476 78 0 488 90 2 489 43 9 522 64 6 548 34 14 586 85 3 635 74 12 640 51 1 671 4 16 696 19 23 796 8 6 820 97 6 868 75 1 888 10 18 899 58 28 923 75 9 935 39 1 935 49 3 998 67 4 1018 98 27 1092 72 15 1153 10 8 1158 3 18 1166 23 4
125 36 1e-05 80 28 30 109 74 24 223 42 26 224 73 13 246 62 18 305 20 7 318 44 4 369 43 21 387 77 0 405 12 5 423 40 24 427 40 31 434 28 15 455 86 3 481 30 4 485 7 10 486 81 8 497 100 20 536 81 27 542 18 1 614 93 18 655 37 26 665 16 31 696 44 14 721 100 11 742 28 30 818 10 18 862 0 24 882 55 1 1044 32 18 1076 54 11 1086 59 6 1113 41 3 1127 82 22 1152 66 10 1154 60 8
126 36 1e-05 72 34 4 84 22 19 95 27 4 105 26 14 139 13 30 169 35 31 196 83 29 229 92 9 249 46 21 331 88 29 385 81 2 424 69 8 489 28 11 522 63 19 557 61 0 624 22 24 627 93 11 706 46 29 801 83 31 809 83 20 875 9 7 875 11 15 878 44 18 906 90 10 928 65 9 940 75 9 963 23 12 969 83 6 1028 7 26 1028 50 5 1056 82 31 1073 6 5 1092 64 29 1117 36 18 1125 55 13 1150 13 0
127 36 1e-05 152 61 9 170 76 30 189 82 31 212 83 23 233 40 14 335 13 31 394 19 18 396 70 4 397 75 21 441 5 12 451 68 18 531 5 15 538 63 26 581 82 8 592 20 21 647 4 27 656 55 24 662 23 21 662 91 30 697 100 13 698 50 24 752 58 1 756 87 6 759 73 5 819 57 0 880 46 13 903 84 5 912 33 22 929 66 25 931 1 14 963 1 24 1017 85 26 1077 61 25 1083 41 13 1141 55 18 1153 17 3
128 36 1e-05 78 41 6 106 98 8 122 38 0 163 14 13 183 32 24 310 43 11 316 43 11 324 81 5 347 46 19 351 11 28 356 75 12 423 3 24 437 6 10 471 67 3 476 44 25 491 78 12 508 96 23 557 91 7 591 58 22 609 71 19 623 85 25 623 93 5 642 30 13 643 33 7 683 42 14 696 46 1 738 52 13 754 2 10 813 46 13 834 60 18 870 55 3 896 39 27 976 88 20 981 39 29 1084 2 27 1093 98 14
129 36 1e-05 89 5 4 93 96 27 123 100 15 143 80 16 289 18 30 292 45 4 294 3 30 309 74 3 381 73 19 388 55 18 393 53 0 449 59 27 453 83 28 521 38 1 620 77 2 663 87 3 675 25 8 689 20 6 706 95 26 717 57 19 720 47 23 726 89 9 738 0 14 765 70 20 800 57 18 804 29 25 844 96 8 846 7 8 850 56 25 876 3 29 940 42 0 949 26 15 1007 36 26 1065 88 18 1073 5 4 1114 4 12
130 36 1e-05 97 73 12 108 73 7 116 56 15 124 88 11 132 84 4 140 45 7 163 44 27 167 29 20 189 37 1 281 1 15 313 39 7 419 53 5 464 2 24 475 8 30 511 27 12 520 75 21 520 99 29 528 17 20 550 1 30 617 45 11 696 88 7 697 76 20 705 38 4 748 83 20 751 100 30 766 29 0 851 23 23 888 34 1 1002 36 2 1004 32 30 1032 94 14 1100 35 25 1105 62 9 1123 63 13 1127 39 9 1174 59 17
131 36 1e-05 76 27 12 89 55 18 91 93 5 105 32 7 113 100 28 132 80 20 137 85 8 218 88 30 243 63 9 266 37 0 278 71 17 291 8 24 490 28 31 493 74 9 510 65 6 510 78 25 526 41 24 544 54 3 665 62 2 676 75 30 694 60 25 704 90 23 738 80 26 743 53 13 765 47 3 806 11 14 830 85 22 886 63 30 910 33 7 912 78 1 926 48 31 941 39 28 984 85 21 1037 82 18 1112 13 29 1166 52 3
132 36 1e-05 89 40 9 97 80 23 126 86 18 134 40 5 152 29 22 255 72 25 262 97 0 292 5 23 325 67 3 406 69 15 421 67 2 421 75 28 445 78 12 448 44 23 514 25 12 516 72 24 582 78 29 638 42 14 656 59 22 685 61 0 691 70 25 695 56 5 719 98 16 756 49 0 789 71 7 815 82 27 848 98 1 868 39 14 884 39 23 984 44 8 1005 41 25 1040 39 20 1043 87 14 1086 61 16 1104 87 27 1153 56 19
133 36 1e-05 74 49 30 89 86 12 122 4 14 192 75 27 208 63 15 215 30 0 223 36 10 256 46 2 351 82 16 362 74 5 375 92 13 433 37 23 487 96 13 490 82 23 491 25 15 533 32 20 625 82 10 646 86 23 648 28 17 661 31 18 679 100 23 683 75 28 703 11 5 726 3 27 733 46 19 827 90 11 915 63 30 946 62 9 959 21 11 965 26 2 1005 56 25 1006 12 3 1047 51 29 1070 48 30 1155 35 5 1159 33 13
134 36 1e-05 108 40 20 122 34 7 163 6 22 167 37 22 233 13 6 236 37 26 240 94 11 265 36 8 319 50 7 380 7 18 387 74 24 418 33 22 438 16 12 438 85 9 445 11 18 457 26 18 463 26 29 497 75 6 555 91 22 557 61 17 559 25 20 586 83 12 612 33 2 620 73 1 622 70 3 721 20 7 765 60 8 863 2 31 883 95 15 886 47 29 907 95 12 933 69 22 1018 20 22 1058 25 1 1098 37 2 1101 11 12
135 36 1e-05 119 42 11 123 90 15 153 82 5 191 14 15 214 26 7 246 1 23 299 49 5 328 42 12 373 68 20 408 17 19 427 5 16 441 31 16 464 17 23 563 24 15 567 24 24 601 32 21 674 10 12 687 98 14 689 15 14 721 9 11 725 36 18 797 65 11 847 24 16 867 56 23 869 12 25 875 20 15 922 6 18 927 15 0 937 10 30 940 73 11 963 20 4 1022 5 3 1074 17 13 1081 47 2 1095 97 18 1125 74 24
136 36 1e-05 115 42 14 151 11 8 225 31 9 230 39 20 241 27 8 247 12 2 274 68 6 282 97 14 341 40 10 383 84 1 396 82 12 427 80 8 453 72 22 463 78 20 485 98 11 504 54 5 550 87 18 571 29 6 591 33 27 608 100 7 640 20 21 674 74 7 692 60 10 700 16 16 821 21 27 852 90 31 874 60 15 878 62 6 881 27 27 891 68 30 955 8 27 983 51 20 1056 37 25 1065 2 2 1085 18 1 1134 21 1
137 36 1e-05 135 71 18 166 22 29 192 92 4 220 37 21 223 93 5 244 82 23 296 25 14 328 34 28 375 32 24 399 97 8 414 77 4 420 29 28 449 52 3 487 18 18 515 17 27 536 38 28 567 31 6 610 66 1 648 40 23 680 51 21 687 81 4 694 80 8 806 45 21 841 31 17 854 96 28 869 98 3 915 80 24 941 24 26 1031 23 11 1054 89 12 1078 31 24 1101 57 12 1104 98 7 1108 61 9 1144 10 20 1160 58 29
138 36 1e-05 123 12 17 148 28 30 165 41 20 240 87 19 258 74 16 318 24 12 332 78 27 383 20 7 394 59 19 407 100 6 490 37 23 595 39 12 617 53 11 640 82 18 656 42 15 690 81 28 787 47 30 795 37 6 845 94 21 869 0 16 887 85 4 894 55 7 911 80 13 915 64 21 929 55 20 963 97 14 967 92 24 992 13 0 1014 81 16 1031 57 11 1047 10 30 1053 88 6 1055 31 31 1101 86 16 1105 31 20 1174 3 6
139 36 1e-05 84 42 13 98 29 6 108 15 28 120 87 23 139 5 5 144 28 14 145 78 31 191 22 4 231 63 27 278 20 4 305 51 27 342 89 15 414 94 28 441 20 25 509 64 5 527 24 14 552 14 31 621 43 15 632 74 12 711 94 31 734 90 20 746 18 12 757 68 0 803 5 12 813 23 26 831 88 31 901 90 6 939 56 17 984 14 15 1052 66 15 1066 70 25 1130 78 16 1134 16 12 1163 98 6 1164 48 28 1173 2 9
140 36 1e-05 122 47 15 220 37 12 243 18 5 245 57 1 246 49 3 277 20 2 289 59 27 434 55 11 455 45 24 460 18 23 463 20 19 465 5 21 487 77 6 493 36 31 510 11 14 518 45 11 593 93 30 596 93 16 597 3 10 661 47 30 695 59 17 716 37 12 738 92 29 762 23 28 808 32 10 882 14 30 892 88 21 909 40 20 928 6 29 989 47 31 994 79 15 994 83 9 996 22 3 1121 6 31 1157 85 15 1161 70 13
141 36 1e-05 99 22 18 120 92 25 127 59 11 131 25 8 184 7 15 189 99 23 346 85 2 369 51 4 378 1 12 380 82 10 394 65 12 397 53 26 424 89 27 482 49 7 536 87 23 577 48 23 674 56 9 691 4 2 726 21 23 752 53 14 757 100 10 790 97 24 811 69 9 839 97 26 885 14 1 886 67 13 916 73 4 976 46 3 1004 96 7 1009 32 5 1013 69 24 1049 11 19 1059 89 16 1085 85 11 1092 50 13 1164 90 2
142 36 1e-05 140 5 31 160 76 21 163 37 15 166 60 22 248 61 26 268 90 15 304 10 24 325 80 3 342 44 18 343 71 16 353 16 20 358 82 27 389 13 27 408 98 11 414 40 31 425 87 7 456 68 26 510 71 1 585 99 6 600 69 28 643 32 24 676 81 0 679 79 19 699 1 22 742 61 0 752 51 28 761 67 6 806 65 18 845 24 1 849 91 18 901 24 31 947 58 4 1021 85 20 1040 54 16 1064 30 1 1106 11 5
143 36 1e-05 98 39 5 200 53 5 215 54 6 228 9 24 229 72 27 260 56 8 306 19 21 334 45 19 339 0 12 362 13 0 376 76 7 409 73 0 476 43 28 534 47 13 563 47 30 635 85 13 636 0 13 684 7 20 711 37 10 736 17 7 738 3 14 761 6 31 763 23 2 766 26 11 775 58 6 791 26 22 830 20 10 839 79 0 916 37 28 934 83 24 1039 84 24 1101 43 25 1113 40 16 1152 84 15 1163 77 29 1164 65 9
144 36 1e-05 109 96 17 140 30 13 144 37 24 215 3 7 225 85 17 239 83 12 242 97 19 261 61 15 276 49 24 330 94 5 337 34 10 342 15 31 376 76 9 410 45 17 442 72 29 446 31 4 476 17 25 488 36 20 507 0 7 611 7 11 697 100 12 705 90 5 715 97 11 797 84 3 823 16 0 855 48 20 857 57 3 859 96 23 925 81 30 949 95 21 964 77 20 1015 97 20 1016 11 30 1075 10 13 1111 51 9 1157 27 13
145 36 1e-05 109 52 16 132 31 31 144 76 4 162 80 19 191 0 22 252 51 19 275 75 10 285 86 31 322 69 30 395 81 26 419 43 1 461 89 1 480 21 4 498 0 1 507 38 22 514 46 27 536 10 3 569 47 20 664 91 22 699 78 14 705 7 14 748 96 6 776 11 5 814 50 14 877 35 1 890 12 27 946 37 9 988 21 11 1045 2 28 1093 95 1 1111 65 7 1116 22 7 1152 62 23 1163 52 27 1174 48 14 1175 60 25
146 36 1e-05 149 5 14 183 4 3 245 12 3 282 58 2 311 7 25 318 77 9 325 39 31 369 38 29 384 28 16 396 22 30 448 29 28 465 83 29 565 50 22 581 23 11 647 89 16 657 4 2 659 59 29 691 17 17 760 72 26 784 97 12 791 24 8 801 42 14 847 98 18 857 98 12 904 65 1 917 2 31 919 90 3 927 17 3 941 68 19 1013 79 30 1053 57 8 1060 26 13 1072 92 31 1095 34 28 1155 31 4 1171 6 11
147 36 1e-05 85 67 11 203 57 29 239 16 1 295 28 25 351 17 4 357 93 4 432 23 12 436 19 5 439 8 15 480 62 6 495 46 9 520 21 7 543 88 9 564 18 19 591 59 10 635 47 4 649 31 28 660 91 23 667 48 27 683 2 17 739 56 9 750 55 24 815 28 31 840 23 27 840 69 4 854 84 21 881 52 1 897 7 12 897 8 10 931 77 31 957 70 6 1042 96 3 1063 44 7 1066 26 15 1102 54 24 1123 89 31
148 36 1e-05 117 57 23 138 88 0 206 36 20 241 76 31 265 17 11 308 31 12 309 60 29 318 33 19 336 89 18 379 60 5 423 79 30 439 81 4 453 5 10 456 89 15 512 94 22 590 76 22 608 74 4 646 88 24 676 7 26 689 18 19 707 29 2 722 39 15 739 11 19 744 5 10 748 86 23 837 80 5 905 85 24 913 43 14 923 60 25 933 78 30 980 6 7 1017 7 0 1075 3 3 1098 37 8 1120 68 28 1160 42 8
149 36 1e-05 82 18 12 96 72 2 113 44 28 140 6 22 145 19 27 151 10 12 163 14 28 184 73 4 193 41 1 328 43 23 347 85 7 353 61 24 366 15 17 387 49 16 464 89 15 497 37 12 497 58 13 522 91 17 574 10 16 632 69 14 656 8 27 668 28 5 669 84 14 677 84 16 771 14 27 822 67 24 828 63 26 864 51 27 878 28 3 899 49 18 942 91 3 1020 50 13 1032 3 3 1119 96 7 1134 0 26 1155 28 31
150 36 1e-05 85 79 0 107 29 15 133 43 18 170 2 30 181 34 30 195 99 23 220 26 22 277 9 3 324 70 8 399 68 7 433 13 29 433 98 25 453 83 18 456 11 29 519 29 17 549 50 19 597 50 15 713 38 13 747 27 5 755 10 22 758 69 24 781 40 23 788 26 8 846 20 15 855 100 17 857 54 4 942 44 22 956 46 0 987 7 12 1012 24 20 1017 30 2 1023 61 26 1089 4 1 1119 74 25 1121 60 27 1164 53 5
151 36 1e-05 84 48 12 108 6 0 143 96 12 173 92 8 182 66 29 232 70 12 248 2 15 297 81 22 376 45 8 396 61 12 405 52 27 415 67 8 452 55 20 489 51 3 502 37 13 560 95 23 568 95 12 571 88 18 585 3 13 629 89 17 630 17 4 633 35 11 681 64 7 688 2 11 688 35 12 908 15 13 977 66 5 987 16 14 1013 55 1 1016 80 29 1036 38 27 1036 67 3 1060 37 7 1087 22 12 1146 10 11 1172 43 24
152 36 1e-05 157 99 14 195 11 6 200 48 15 238 48 25 253 69 30 262 67 15 266 94 31 288 60 17 359 0 24 360 6 13 363 65 4 395 96 18 471 22 24 483 72 29 488 97 6 509 25 19 512 92 10 572 10 10 598 13 25 680 17 21 706 55 26 731 26 1 733 69 28 745 0 31 823 51 10 839 97 30 863 54 10 870 66 18 887 22 31 910 70 5 919 20 20 932 16 9 1074 23 8 1114 13 18 1125 34 21 1145 56 30
153 36 1e-05 91 66 8 128 39 5 136 34 14 187 73 19 271 56 20 326 33 1 326 95 13 365 19 12 385 30 11 424 50 9 455 73 1 467 43 30 492 3 20 513 15 10 525 22 12 587 59 1 626 90 2 637 91 12 695 89 30 762 8 31 789 93 11 790 80 0 793 95 30 837 38 5 893 21 2 898 96 14 946 43 10 986 18 17 993 1 30 1016 94 6 1063 69 17 1079 52 13 1083 83 24 1092 86 23 1124 72 19 1153 1 9
154 36 1e-05 135 66 14 203 98 26 230 17 21 259 58 14 284 83 13 356 19 9 412 99 9 496 54 20 503 67 12 504 76 18 523 3 19 604 55 20 670 23 22 671 91 29 717 2 19 732 41 22 783 28 1 784 67 0 796 98 23 808 6 18 814 100 27 864 48 4 875 42 10 962 59 29 971 47 16 984 83 14 985 15 5 988 23 18 1002 38 12 1041 44 24 1075 15 19 1096 91 27 1110 100 6 1114 83 7 1150 78 4 1155 42 10
155 36 1e-05 123 94 23 128 76 7 215 15 20 248 26 10 347 47 14 395 42 4 483 34 8 496 100 8 570 94 0 580 66 29 582 83 17 592 26 26 628 51 4 688 74 2 715 19 31 715 100 4 720 63 31 727 94 30 766 14 28 770 59 22 853 63 0 857 15 23 860 69 20 938 65 27 956 74 28 957 32 17 962 41 17 980 65 14 1017 79 27 1046 25 10 1051 0 4 1079 84 30 1090 9 23 1099 83 28 1147 12 25 1157 86 22
156 36 1e-05 92 4 7 150 66 18 165 23 9 236 94 4 245 26 7 294 70 4 316 2 20 323 7 16 327 10 27 403 62 0 434 29 13 448 51 7 452 0 19 504 88 26 519 61 21 532 70 15 598 39 12 598 68 10 613 98 30 722 4 14 739 77 0 760 96 8 789 50 28 817 78 26 836 44 19 863 28 1 885 41 17 942 84 7 966 70 10 996 58 3 996 95 22 1017 45 4 1027 52 14 1057 50 2 1097 1 1 1162 37 4
157 36 1e-05 90 99 31 111 23 15 287 65 9 300 17 7 302 42 3 310 0 10 312 57 31 320 40 22 344 27 31 387 19 7 440 59 13 448 29 28 519 99 16 549 65 29 566 90 23 578 28 8 596 44 15 628 26 12 641 21 30 689 3 30 790 66 10 804 65 27 832 46 21 871 69 16 876 92 0 886 84 15 900 46 2 904 44 18 919 30 23 936 59 5 996 4 11 1042 30 20 1116 61 16 1127 80 23 1135 7 30 1165 35 16
158 36 1e-05 102 25 1 105 34 25 155 81 10 179 94 31 180 93 21 241 32 31 269 60 15 303 73 2 326 23 8 357 28 7 365 16 10 374 50 31 411 44 11 418 82 24 429 12 21 470 25 17 507 6 21 566 43 1 642 9 24 661 86 7 666 29 25 675 89 16 702 49 9 749 72 9 759 77 20 817 44 2 852 3 19 880 64 21 901 44 18 928 72 5 944 42 6 950 98 13 982 99 18 1002 82 31 1123 81 19 1135 29 2
159 36 1e-05 167 16 25 194 33 7 196 55 11 238 19 14 328 4 29 382 9 31 440 81 10 440 100 7 453 41 3 457 86 3 465 96 5 469 26 1 492 3 10 524 14 11 543 88 29 622 12 17 667 98 25 669 94 12 675 53 23 748 39 28 768 43 19 777 63 7 793 47 30 827 85 29 843 51 3 846 13 13 853 59 25 871 59 21 893 45 26 896 83 22 916 20 29 1069 26 18 1080 11 28 1153 100 15 1159 3 27 1173 71 12
160 107 3e-05 84 14 18 86 16 1 86 98 23 91 8 6 101 24 16 103 11 29 121 51 14 123 1 4 137 62 31 146 53 25 155 100 18 157 13 29 188 0 15 195 10 0 195 45 3 204 4 20 205 41 24 206 27 3 209 78 6 221 16 31 232 59 8 247 48 28 258 3 5 259 41 2 264 21 22 282 54 13 285 90 29 289 53 6 297 3 1 298 66 30 304 63 13 308 60 15 335 2 12 351 86 1 354 99 16 355 96 21 358 88 31 373 50 15 410 38 23 418 18 11 451 58 5 470 67 21 471 12 12 473 67 3 489 60 26 518 18 13 535 79 5 538 95 27 548 0 21 556 2 0 576 87 19 582 39 24 582 80 26 595 56 22 611 93 0 615 25 30 615 85 14 616 29 30 620 5 4 622 41 25 623 42 24 641 25 20 641 38 26 643 24 22 648 30 0 680 98 6 704 90 8 721 98 21 727 71 13 771 10 4 781 1 24 804 92 10 806 51 10 810 87 6 832 93 10 860 97 15 866 80 16 877 67 4 881 48 17 882 34 3 887 89 28 891 13 10 902 65 28 907 93 19 913 11 22 915 70 20 926 69 22 939 62 13 959 99 4 982 39 4 982 86 24 983 79 8 1010 88 21 1039 93 27 1064 42 31 1081 68 23 1083 58 28 1087 3 0 1088 94 16 1112 26 21 1129 1 17 1137 26 0 1137 73 2 1145 23 11 1146 36 27 1165 88 24 1168 89 16
161 107 3e-05 100 0 13 102 46 16 107 2 21 112 35 26 113 13 26 136 50 12 150 79 8 187 87 17 222 46 18 237 4 16 243 8 10 256 69 22 259 64 27 264 81 21 266 64 19 295 51 31 296 59 27 301 52 21 308 86 27 323 86 27 344 8 26 352 45 18 354 58 19 359 100 8 384 83 11 389 99 7 402 57 19 403 89 5 410 58 12 413 6 21 414 39 21 429 91 1 435 92 15 451 42 2 454 83 26 456 38 12 486 95 29 491 24 13 491 94 3 491 97 27 493 94 3 496 5 21 503 12 3 508 4 22 514 46 3 520 64 31 523 18 0 527 79 1 540 62 26 564 33 17 569 95 17 570 94 10 572 23 22 591 42 28 592 99 8 608 91 9 618 23 18 635 27 18 643 51 25 661 10 16 686 36 15 731 53 23 748 35 24 758 73 2 780 67 20 791 37 16 792 63 5 800 52 4 818 20 26 832 38 27 833 3 15 838 85 28 856 63 0 873 69 26 875 56 15 879 8 4 895 25 19 900 55 26 901 1 19 904 51 22 915 41 2 916 36 15 921 59 18 932 73 9 939 35 4 940 27 18 942 58 22 953 95 14 958 85 29 974 54 4 1016 35 25 1034 15 16 1035 78 29 1037 84 25 1054 90 8 1071 30 22 1091 74 22 1105 88 9 1106 58 5 1113 78 2 1125 4 6 1128 29 28 1143 40 31 1156 26 2 1158 53 13 1161 77 29 1174 31 0
162 107 3e-05 72 70 11 77 92 20 84 19 5 88 56 10 104 22 20 107 31 23 110 99 22 119 23 6 121 27 22 124 29 31 136 59 11 152 21 20 155 73 14 157 64 1 164 26 1 177 86 13 182 2 30 194 42 15 211 58 12 212 27 8 216 59 0 221 75 28 227 34 12 241 6 11 245 1 5 251 37 0 276 94 6 277 83 9 314 0 25 317 40 17 330 60 21 353 95 20 367 64 1 370 63 12 374 22 31 376 37 25 390 56 27 394 69 2 441 33 24 447 67 17 457 88 7 466 55 20 471 3 1 509 29 13 511 38 30 514 19 10 527 15 16 531 26 15 532 93 3 539 27 25 547 11 8 566 93 23 599 47 1 618 97 25 624 26 29 633 22 26 638 92 21 656 47 29 670 12 17 672 75 3 675 84 26 676 78 7 679 16 12 679 27 5 690 24 18 700 91 4 702 33 12 715 56 30 726 22 16 744 16 21 784 38 8 793 60 27 808 36 9 823 18 30 840 52 31 841 59 27 848 70 16 850 35 27 857 10 8 866 79 0 898 61 20 925 66 6 930 58 23 936 37 2 940 25 21 948 99 13 956 81 6 968 47 28 975 51 7 987 42 11 989 93 28 1004 5 7 1012 35 13 1040 44 8 1050 17 19 1112 81 24 1119 71 28 1124 47 20 1129 73 9 1135 79 20 1138 83 10 1146 28 30 1146 74 28 1158 43 8 1163 83 16 1173 40 24 1175 88 8
163 107 3e-05 89 3 7 93 83 3 93 89 10 117 8 21 154 73 24 158 62 9 212 12 29 218 18 5 236 56 28 239 6 1 245 36 19 250 9 30 254 59 9 290 75 0 299 19 19 308 68 17 312 65 4 329 0 23 343 45 7 360 58 12 388 43 25 402 34 3 414 55 2 422 31 18 423 14 13 427 69 8 430 36 1 430 64 16 445 20 14 447 50 28 458 78 28 472 35 23 475 66 14 479 25 10 482 33 23 483 64 3 489 89 6 492 0 8 492 11 5 493 44 16 497 92 22 505 24 7 527 23 16 555 20 26 557 5 11 557 82 20 576 80 13 580 67 17 584 2 18 601 52 25 609 92 27 619 63 13 643 53 30 643 98 17 656 16 27 658 59 8 668 88 23 682 16 14 688 37 6 691 73 27 711 63 21 737 76 13 739 40 26 760 62 6 776 9 9 781 9 19 782 77 18 784 75 7 787 17 15 816 55 22 826 53 20 847 71 1 852 59 0 853 92 24 867 33 30 874 35 13 875 51 0 882 72 4 888 92 27 901 99 8 914 64 28 917 98 28 928 43 21 953 88 3 960 24 15 979 40 3 992 64 19 994 63 13 996 53 22 1005 5 22 1008 4 0 1009 22 15 1016 61 28 1021 8 18 1022 82 29 1039 78 17 1040 69 25 1045 22 28 1049 96 29 1088 81 1 1103 13 18 1118 70 8 1121 15 3 1126 49 4 1150 81 27 1158 55 2 1169 77 8
164 107 3e-05 134 38 2 147 18 6 151 93 6 153 48 17 166 19 13 190 19 10 190 52 2 196 8 30 203 5 9 218 68 17 238 3 10 254 12 7 278 30 1 286 85 12 287 74 30 308 72 28 313 22 18 321 75 17 350 23 30 371 72 3 403 82 16 431 25 30 473 72 4 475 81 18 476 64 28 479 47 30 487 81 2 492 95 17 500 19 26 508 1 23 508 48 23 523 92 4 539 24 16 541 86 10 547 50 30 548 39 19 559 87 17 571 7 11 572 44 15 578 3 18 586 4 28 586 70 0 592 57 24 603 44 0 638 2 3 644 3 7 653 83 23 656 56 29 664 95 27 687 50 27 689 88 24 694 26 21 710 23 3 716 38 6 719 20 20 723 32 17 735 10 15 758 53 9 760 34 25 777 89 24 782 1 16 783 62 7 788 20 14 788 64 0 807 92 31 810 1 2 812 26 25 816 80 9 818 55 2 826 62 17 827 21 4 839 22 4 853 30 0 857 3 7 866 29 0 867 74 16 870 0 1 877 54 7 879 12 9 897 21 15 899 44 20 901 56 22 912 38 21 913 32 5 941 59 12 955 59 19 956 41 7 970 65 18 977 99 26 987 30 29 993 55 29 1003 63 13 1006 85 24 1014 2 7 1024 49 23 1037 10 10 1037 20 13 1053 13 21 1054 88 5 1063 71 28 1113 15 11 1116 2 21 1121 45 18 1127 51 25 1131 7 14 1166 92 1 1170 0 18
165 107 3e-05 79 80 25 87 44 4 113 100 19 116 82 10 124 72 29 158 8 14 173 46 27 181 20 21 192 88 13 194 80 1 203 8 31 203 67 19 225 48 19 229 5 31 233 83 25 236 0 21 236 61 27 237 48 14 264 8 13 265 88 24 273 93 0 290 82 9 292 39 18 317 40 31 334 55 15 344 14 1 352 32 14 357 12 25 372 12 13 386 56 7 393 23 28 394 8 28 409 81 21 415 48 9 415 83 27 426 20 13 447 98 25 464 5 5 468 7 24 468 29 19 482 18 25 483 26 1 489 6 7 496 0 30 506 16 27 508 95 12 514 25 19 525 64 19 525 66 1 530 86 19 530 94 12 543 2 15 588 47 11 603 34 5 610 28 26 621 22 16 633 33 3 659 27 19 672 37 30 685 79 22 699 67 8 707 67 15 713 40 22 732 76 28 733 54 9 748 34 6 751 57 19 772 40 18 773 2 2 774 86 30 779 29 26 780 40 29 790 50 29 793 69 5 794 35 24 843 61 21 847 48 25 850 98 29 859 38 17 869 5 5 874 94 1 877 21 9 878 65 28 901 11 6 904 20 6 924 6 5 937 4 20 964 56 23 965 34 17 974 14 29 976 88 1 982 46 25 989 40 18 991 54 21 1012 88 27 1013 62 0 1024 80 22 1068 78 7 1074 55 6 1107 50 16 1111 9 27 1129 23 14 1154 70 24 1158 88 12 1159 9 21 1161 82 29 1172 27 13
166 107 3e-05 93 62 11 100 64 17 101 91 26 115 56 19 117 32 1 118 15 31 131 38 26 136 69 2 139 45 22 150 19 21 158 99 1 165 72 29 168 62 10 172 73 10 182 81 2 197 53 25 211 62 9 211 65 29 232 68 2 234 19 15 234 27 30 256 38 14 287 28 13 289 62 13 301 10 1 306 22 31 310 54 26 320 31 9 320 91 10 329 42 7 335 89 22 339 41 24 350 76 17 365 11 27 373 82 7 388 24 10 403 68 24 404 96 31 414 33 29 427 88 0 431 14 9 460 34 5 462 61 22 463 88 21 493 27 19 523 2 21 527 59 14 531 2 5 551 79 2 560 96 17 561 38 1 563 56 26 575 76 23 586 75 18 591 95 3 605 34 20 612 63 0 614 54 24 646 1 0 657 9 27 675 9 29 688 70 24 692 86 16 708 46 6 726 70 28 733 26 24 740 22 22 745 27 20 777 50 22 780 32 8 795 27 13 800 90 10 808 60 2 845 48 1 854 5 12 865 12 18 866 96 11 868 11 4 876 94 12 878 46 3 885 88 30 886 72 25 900 68 12 905 44 3 915 70 11 920 99 25 922 79 15 929 94 19 931 60 25 940 0 31 941 56 26 961 97 8 962 9 29 993 96 19 999 52 29 1015 21 10 1029 25 29 1043 47 2 1047 90 15 1054 90 24 1055 92 31 1074 37 3 1074 88 4 1098 35 17 1125 88 20 1133 40 25 1174 12 21
167 107 3e-05 77 99 17 98 41 1 107 97 11 111 88 14 120 71 30 123 3 20 124 57 31 129 29 7 132 35 0 146 39 19 165 0 9 181 51 3 182 52 14 189 1 2 192 55 24 198 46 17 199 67 21 203 42 1 212 56 2 221 38 1 224 89 6 233 56 11 233 63 2 236 27 14 260 56 11 263 24 18 266 43 2 267 27 6 270 24 16 273 31 19 290 13 9 298 9 4 305 71 11 309 38 29 309 72 1 317 15 5 342 100 6 343 48 30 351 11 12 358 37 10 362 59 19 404 14 23 408 86 21 420 1 26 424 2 24 425 56 13 445 40 27 446 53 11 453 27 1 470 55 24 472 56 10 476 61 28 494 100 10 531 38 5 536 22 18 541 87 13 543 55 1 546 12 23 550 24 15 603 15 20 620 19 22 622 40 13 629 2 31 643 18 12 668 24 6 673 56 18 682 33 19 687 57 15 713 0 3 714 22 9 751 83 26 766 81 5 791 8 31 807 49 29 815 92 13 837 25 17 841 21 12 842 93 29 843 55 17 849 93 4 897 82 0 901 63 27 911 37 15 923 70 31 930 81 5 956 23 18 966 52 28 974 32 2 974 77 31 994 3 22 1001 81 5 1011 96 26 1021 34 7 1052 86 18 1067 63 19 1079 59 3 1102 7 29 1105 53 31 1112 8 1 1122 35 26 1123 54 0 1126 8 29 1132 56 26 1143 28 26 1150 23 19 1158 64 5 1166 28 29
168 107 3e-05 77 100 3 82 61 29 83 19 24 85 8 26 99 67 0 111 36 9 111 88 30 119 84 0 122 68 29 134 88 4 135 14 29 138 67 11 146 91 24 151 39 11 154 15 25 156 58 3 165 9 3 179 67 12 181 86 19 204 97 31 216 15 1 224 5 23 233 94 5 236 26 4 251 20 2 252 63 27 265 8 28 274 5 8 277 99 14 279 70 19 281 73 9 285 92 19 287 72 5 308 76 18 309 53 11 330 31 22 343 5 4 354 53 29 370 89 12 375 7 24 375 83 26 405 84 9 413 50 29 414 50 25 416 93 5 422 94 14 424 74 31 433 13 16 434 38 30 450 3 29 466 31 29 469 92 11 473 55 9 475 59 29 478 52 13 483 3 12 485 78 2 489 50 20 501 40 0 513 21 8 522 58 2 546 17 18 553 83 8 556 81 9 567 23 9 578 15 22 585 0 7 614 26 6 627 27 12 654 45 14 661 46 29 676 21 11 686 31 9 697 51 24 744 82 6 746 54 15 776 14 6 783 41 14 787 90 21 799 35 29 832 58 17 877 60 2 881 19 3 900 55 3 902 50 1 910 53 18 916 30 0 950 10 2 969 2 31 969 82 23 976 6 3 985 0 28 989 56 24 996 31 2 1008 20 14 1021 56 15 1025 71 16 1026 91 16 1052 33 30 1059 68 19 1073 60 8 1090 91 15 1092 73 1 1107 93 16 1120 14 26 1136 100 20 1168 82 7
169 107 3e-05 86 83 17 94 10 5 99 75 10 102 24 10 104 65 27 109 54 8 115 79 8 128 65 6 135 17 20 138 47 30 185 90 5 194 29 22 218 97 16 236 30 31 253 73 11 284 23 3 291 74 8 305 60 0 309 88 6 323 35 23 324 30 12 364 34 25 369 40 28 370 0 5 382 98 30 394 94 9 408 63 7 415 80 14 418 15 10 420 95 9 471 89 11 500 40 18 504 53 16 509 96 5 516 65 8 526 54 27 528 38 30 550 98 25 558 52 11 565 59 14 581 5 19 594 0 27 659 36 30 674 99 26 679 62 23 682 77 19 683 25 1 683 43 6 687 42 17 702 74 3 703 38 1 704 24 4 718 9 21 723 91 4 735 77 17 744 18 1 749 9 8 757 10 20 779 20 31 787 23 17 797 30 24 807 36 3 816 42 6 822 12 9 826 74 11 830 64 27 833 16 9 835 73 9 840 64 25 858 85 5 881 33 16 886 34 12 896 67 26 897 44 16 918 45 1 933 12 16 940 41 29 942 32 28 945 41 2 952 53 27 952 70 8 957 5 11 964 20 12 965 92 20 966 78 25 968 40 16 971 32 27 979 47 2 990 81 11 991 55 20 994 24 14 1016 55 23 1027 9 13 1030 18 4 1043 18 10 1052 48 1 1053 25 10 1055 65 26 1076 88 28 1095 15 30 1105 33 21 1110 1 22 1121 89 28 1123 100 27 1134 79 29 1151 31 3 1167 30 19
170 107 3e-05 72 87 14 95 35 19 99 27 3 115 71 20 126 79 25 130 93 27 148 56 13 169 68 6 197 53 22 205 37 25 207 82 7 249 60 21 256 63 21 265 74 24 286 22 14 288 83 5 305 62 27 313 10 31 330 24 30 333 51 6 365 99 8 370 10 4 394 83 3 396 65 6 397 47 11 406 0 7 408 78 27 426 27 11 443 62 7 446 29 11 446 45 12 464 61 7 472 36 17 473 11 15 473 19 17 473 51 31 475 74 7 479 30 20 480 12 4 480 28 25 482 10 23 493 67 12 494 62 16 508 92 24 516 52 4 516 90 22 518 4 28 527 61 15 530 18 10 542 4 14 546 68 2 577 66 17 583 38 23 599 67 19 608 98 15 611 90 29 628 23 11 633 6 14 638 60 18 648 39 23 653 71 6 701 38 13 703 44 30 705 26 5 707 45 11 736 95 9 750 10 9 752 65 25 761 86 4 773 1 22 776 69 4 794 46 23 798 54 5 806 62 23 807 24 7 817 97 23 819 80 8 841 37 16 849 40 26 858 64 15 864 27 7 865 2 31 879 90 21 900 48 29 918 97 7 932 24 29 955 47 13 961 34 31 975 40 18 981 27 5 1014 90 17 1022 46 6 1036 77 2 1052 68 6 1055 25 25 1059 2 21 1061 37 23 1064 28 4 1078 3 24 1078 84 18 1100 48 10 1101 90 19 1109 95 27 1138 54 11 1149 20 19 1149 42 1 1164 7 17
171 107 3e-05 76 85 1 105 55 15 110 53 1 111 13 24 114 81 27 124 21 16 124 24 20 127 86 15 128 25 16 129 5 7 141 8 15 157 66 29 165 5 13 165 26 18 176 49 20 194 42 29 194 92 7 226 15 25 229 6 19 230 51 17 234 64 16 235 30 11 244 48 16 249 5 7 251 58 4 263 58 3 269 79 1 291 53 30 292 11 6 295 78 31 303 30 14 306 35 25 325 60 29 328 16 23 329 95 22 343 6 8 369 22 21 373 28 22 394 2 24 413 25 10 413 82 12 455 6 15 476 56 15 488 96 7 493 55 27 499 49 17 537 42 6 545 11 26 547 99 16 548 31 2 554 2 9 564 98 1 572 44 22 572 46 3 576 70 22 599 20 17 604 49 25 610 71 9 616 54 5 626 0 0 629 44 7 634 45 9 646 74 2 649 21 29 650 67 31 674 43 30 688 24 22 697 14 29 705 52 9 730 31 18 744 30 16 745 100 28 757 71 6 762 95 5 774 78 19 782 21 4 794 61 25 795 68 28 799 57 4 890 58 0 896 64 0 905 96 27 912 0 14 925 23 14 929 2 31 942 70 7 957 67 27 982 4 28 993 92 17 1002 54 24 1005 41 18 1029 37 4 1029 41 20 1042 33 22 1055 41 17 1062 65 28 1067 97 8 1068 43 17 1070 89 11 1074 41 9 1081 41 3 1108 6 16 1123 42 11 1130 76 19 1144 77 0 1159 38 15 1170 10 1
172 107 3e-05 76 97 30 78 19 19 81 35 4 115 6 0 153 71 5 156 86 10 160 40 26 162 4 17 165 84 15 193 49 20 197 24 30 198 38 26 213 42 23 215 93 26 223 62 10 224 47 6 247 55 9 247 68 20 248 49 5 257 46 2 259 30 7 276 30 0 288 91 2 306 47 12 310 43 26 312 9 26 319 46 21 347 43 27 354 84 15 359 42 11 360 35 22 367 93 24 376 55 15 385 59 18 397 62 31 407 33 0 415 82 10 416 58 6 419 44 26 438 49 21 443 19 29 476 51 2 483 87 28 487 85 12 514 98 22 533 15 11 541 34 17 547 56 21 548 98 30 562 4 12 571 60 20 585 14 31 604 12 9 618 72 10 637 3 9 639 24 31 640 75 14 657 63 17 663 97 4 666 85 2 678 14 10 682 45 21 694 81 12 707 39 26 715 47 24 729 41 30 736 76 6 739 73 3 764 14 15 766 7 20 766 90 30 769 67 5 775 96 25 799 75 29 802 67 14 804 24 18 808 51 11 810 13 27 812 15 1 821 74 4 833 28 17 837 13 24 847 17 25 894 35 23 915 6 4 919 3 19 955 50 3 964 85 13 970 10 7 972 100 2 987 6 4 1009 95 10 1021 90 8 1028 94 12 1053 36 9 1053 100 0 1081 76 29 1091 53 25 1098 43 14 1107 78 27 1123 13 19 1132 36 9 1141 29 19 1143 14 4 1146 61 22 1146 70 30 1165 8 18
173 107 3e-05 90 51 16 93 78 6 107 72 24 115 16 25 116 20 0 143 34 13 160 17 30 164 29 29 167 25 18 174 29 21 177 35 3 235 36 3 239 7 22 252 75 12 259 78 1 265 10 3 267 66 19 282 28 29 288 64 18 290 10 15 291 9 27 291 64 25 320 71 6 321 6 22 324 36 4 336 89 23 337 82 1 340 66 0 343 48 13 344 79 5 345 73 22 355 17 30 371 71 10 372 100 24 390 99 4 394 20 7 394 72 23 431 18 4 453 4 19 469 20 24 470 32 5 483 22 18 494 44 23 496 85 7 499 1 26 519 94 17 523 38 7 531 78 21 535 58 24 547 75 8 567 74 26 581 0 31 584 86 6 593 90 20 603 20 13 610 52 12 616 38 30 621 56 29 622 22 0 626 6 16 658 35 10 670 36 6 708 64 24 721 70 0 728 43 24 738 99 17 744 39 17 750 85 14 783 56 15 795 18 13 806 82 23 855 25 17 857 62 9 863 23 26 894 84 6 903 7 22 908 94 26 912 33 30 913 5 24 923 99 31 948 20 17 959 37 30 983 33 27 990 96 27 996 51 13 1019 41 4 1038 89 29 1044 71 31 1050 79 8 1078 62 30 1081 14 26 1081 83 13 1091 50 22 1093 58 9 1104 70 23 1123 34 14 1123 34 24 1134 73 8 1138 9 17 1143 41 25 1147 38 4 1150 66 15 1160 81 10 1162 88 13 1170 41 10 1173 10 3 1175 22 15
174 107 3e-05 76 52 12 78 56 13 90 6 20 97 88 2 116 26 9 120 26 25 162 13 6 165 88 30 170 92 13 184 3 22 190 25 15 200 60 26 207 90 12 211 91 22 214 73 9 256 32 7 261 27 1 270 57 18 277 51 22 282 96 27 288 100 14 302 18 9 307 51 20 342 40 30 350 95 5 360 80 21 379 4 13 383 9 18 392 77 29 424 5 5 425 71 16 433 69 28 435 16 7 454 87 25 457 35 16 465 65 24 482 7 9 483 74 16 487 54 22 490 13 20 490 49 13 501 51 11 510 30 28 529 47 10 532 15 16 542 55 20 552 88 0 558 23 3 560 17 7 563 72 25 570 100 2 582 10 28 589 5 26 602 48 30 612 0 7 614 35 14 617 1 29 625 58 17 628 55 27 630 76 20 639 58 9 650 55 8 660 76 12 667 36 8 671 30 20 685 14 13 696 12 18 696 84 19 719 45 29 743 28 10 761 48 27 765 82 23 769 75 24 779 60 18 784 86 4 792 50 27 849 49 10 871 6 17 878 72 31 880 23 15 881 50 20 897 69 28 906 42 22 911 37 18 915 86 21 931 92 17 934 50 26 943 83 23 946 49 30 959 18 4 983 78 31 1013 86 14 1016 0 23 1052 85 23 1059 45 29 1070 34 10 1076 36 11 1093 100 5 1124 65 20 1127 65 27 1131 63 0 1142 92 27 1145 35 1 1146 66 4 1149 37 4 1152 19 25 1166 67 25
175 107 3e-05 77 45 4 79 44 29 101 76 1 103 68 22 109 57 17 117 17 5 119 32 7 122 78 26 152 52 26 157 43 24 160 36 20 170 40 28 172 20 16 208 7 13 213 60 26 214 30 22 222 87 17 224 42 6 234 15 28 236 73 26 247 12 24 258 44 14 259 26 18 263 60 25 279 78 8 300 88 14 304 40 29 305 47 6 308 82 15 318 70 4 318 84 18 320 52 1 331 87 26 335 7 12 337 90 4 368 98 28 372 72 9 387 84 27 389 77 7 391 59 11 397 30 25 398 69 5 404 84 15 406 74 30 426 41 24 429 82 4 473 94 13 480 80 24 489 32 18 496 78 3 500 38 26 508 13 31 514 19 6 525 61 25 564 82 31 571 93 6 572 97 16 574 47 23 622 22 17 633 58 19 636 78 20 644 36 7 647 75 10 651 39 8 652 60 10 667 95 18 676 32 5 681 7 21 688 61 28 691 40 20 692 27 19 697 31 5 721 41 17 731 24 0 732 25 13 739 68 7 754 74 21 764 65 19 796 44 9 811 26 24 823 85 10 827 61 9 843 10 26 870 100 24 883 37 26 890 38 22 893 27 18 902 3 11 908 8 23 918 43 29 936 24 13 942 97 9 948 77 25 953 80 10 988 81 19 1014 27 27 1019 77 30 1019 88 15 1023 5 29 1053 58 17 1057 65 0 1075 30 9 1103 50 29 1109 8 8 1156 38 7 1171 7 13 1175 77 8
176 107 3e-05 73 5 20 77 78 14 81 22 28 82 86 21 104 35 1 124 1 20 127 93 8 141 65 18 148 72 3 153 56 31 160 29 5 161 62 9 169 11 7 172 3 5 172 34 15 246 49 31 248 55 23 291 61 31 293 76 31 297 96 1 300 10 19 300 18 18 302 8 26 304 2 3 316 69 7 317 56 5 325 90 3 326 67 6 340 1 23 345 38 14 358 42 3 378 53 27 380 100 13 399 34 16 399 67 11 399 81 25 419 12 1 424 98 11 435 41 19 460 20 22 465 79 16 469 56 31 471 99 23 474 91 16 475 86 10 480 81 25 489 69 2 503 96 6 528 20 14 553 96 24 570 26 1 616 88 24 640 60 5 644 89 2 657 100 9 662 40 28 669 70 5 677 0 9 689 41 22 707 9 8 707 62 6 740 96 29 741 28 19 745 56 26 760 38 22 761 62 1 778 85 17 802 8 13 811 8 4 814 82 24 832 63 14 846 10 0 849 10 31 859 2 16 871 40 23 875 99 19 884 8 6 890 73 17 892 36 5 896 76 14 897 13 9 907 91 5 930 57 5 948 83 30 957 72 19 977 14 3 979 63 16 988 46 6 1011 69 21 1019 14 8 1040 64 26 1046 27 20 1048 40 21 1052 42 28 1081 64 5 1087 26 3 1103 78 29 1117 94 23 1118 73 22 1119 56 27 1123 81 31 1127 76 12 1144 16 0 1154 19 30 1156 61 16 1157 36 21 1167 63 9
177 107 3e-05 74 4 23 80 90 9 105 93 10 117 40 7 152 33 10 160 54 20 181 80 11 192 40 17 200 71 28 209 47 19 214 71 2 215 32 28 248 61 5 248 88 21 260 2 0 272 31 23 284 80 6 291 48 15 305 16 11 326 90 8 333 73 9 334 54 27 336 48 0 347 11 7 355 12 24 359 81 29 366 62 16 368 91 29 369 50 23 370 17 2 370 33 19 373 81 19 378 99 2 403 30 21 414 56 29 421 1 24 422 95 18 426 100 16 427 55 11 436 97 12 460 33 16 462 59 20 464 49 16 504 41 8 505 9 4 506 90 15 508 63 22 522 0 22 547 25 0 549 3 22 557 29 25 590 9 6 594 55 3 610 49 17 613 91 12 616 46 28 621 28 0 621 70 3 622 48 13 622 69 30 628 4 5 629 77 14 636 38 25 636 47 27 649 14 5 649 30 5 653 51 8 654 23 18 654 64 6 659 42 20 660 93 20 675 68 16 678 60 0 693 60 29 699 20 8 722 74 27 730 95 23 758 91 14 768 86 12 785 34 8 789 84 12 820 52 5 827 16 31 837 12 21 837 35 12 861 76 1 868 1 2 868 35 21 870 33 19 907 87 22 918 46 28 923 22 16 923 51 14 925 20 12 934 78 13 945 57 27 950 16 12 959 81 11 962 19 25 981 20 1 990 66 20 1048 25 7 1086 50 11 1125 92 10 1143 74 27 1148 44 22 1160 3 18
178 107 3e-05 78 35 29 92 1 7 94 52 29 98 37 19 107 67 13 128 54 1 128 65 21 130 92 12 133 1 13 136 67 4 171 1 27 175 35 11 178 88 0 187 5 9 192 81 17 202 87 7 203 41 20 214 96 16 217 7 11 219 75 30 220 96 18 229 15 27 229 17 15 232 10 21 233 70 29 238 10 29 269 58 2 275 41 29 320 79 19 321 86 5 337 44 2 343 46 9 355 98 17 373 57 11 386 10 20 388 99 12 391 94 15 404 36 23 410 20 23 414 54 27 438 10 5 441 94 11 454 93 27 462 24 12 466 52 29 480 93 5 481 48 31 490 9 12 528 55 10 548 89 7 560 10 13 569 48 16 577 19 28 581 52 3 591 77 30 616 57 31 626 63 21 643 49 0 647 80 29 657 91 25 661 57 4 664 66 19 669 58 2 676 69 7 679 10 10 687 29 3 692 25 23 696 33 24 705 80 2 711 22 0 716 35 18 726 49 29 730 39 4 732 46 2 738 13 27 782 26 18 782 53 21 806 60 16 820 55 9 821 92 5 824 63 25 838 15 17 838 42 27 841 65 28 856 42 19 883 98 4 899 52 18 908 2 22 937 95 13 956 76 14 972 51 29 974 39 9 982 7 28 996 63 6 1000 22 24 1006 19 7 1030 31 8 1034 15 7 1036 65 14 1039 5 0 1059 90 20 1061 22 24 1065 37 30 1093 64 16 1104 13 18 1133 74 0 1175 69 17
179 107 3e-05 90 89 4 100 32 12 111 19 3 112 22 1 138 45 21 148 14 1 148 42 25 157 60 13 161 1 14 161 32 17 190 49 9 195 47 28 209 62 31 241 42 3 245 21 7 249 80 1 268 62 26 269 16 20 272 92 26 285 60 7 288 16 16 300 47 16 316 6 22 321 42 18 322 48 2 325 4 28 334 0 23 336 66 23 365 49 23 373 54 15 405 30 27 421 60 11 427 78 9 452 62 30 462 68 13 473 98 27 525 28 11 530 14 20 536 25 4 537 62 12 544 26 27 545 87 29 548 75 14 558 62 6 568 26 14 588 63 2 612 27 6 614 93 5 619 17 29 645 28 5 654 73 24 663 7 1 666 45 9 695 6 1 700 41 26 701 12 31 706 18 13 738 59 17 753 11 8 754 29 17 762 98 20 771 28 1 778 6 2 811 55 11 815 31 10 816 62 17 827 23 27 833 15 26 848 69 31 854 68 14 866 34 22 870 36 1 906 46 27 912 89 2 921 16 8 926 58 21 933 2 20 958 18 7 988 47 22 988 85 31 993 40 20 1000 54 0 1004 18 4 1006 51 22 1011 8 18 1015 25 12 1026 42 6 1027 68 30 1043 81 5 1045 60 18 1061 54 12 1064 3 2 1064 35 24 1071 57 0 1080 82 29 1086 46 3 1088 58 16 1097 21 13 1098 20 31 1101 52 19 1101 54 9 1110 42 19 1139 56 1 1141 13 11 1146 31 26 1170 37 23 1173 74 31
180 107 3e-05 113 13 17 117 24 1 126 99 24 136 56 8 157 70 2 166 22 13 187 49 5 189 46 4 199 83 18 200 82 13 211 8 5 211 24 19 222 76 17 227 77 31 237 41 4 264 76 14 268 72 12 297 59 25 300 22 1 303 26 7 317 84 9 318 44 2 319 21 6 338 17 27 371 49 16 371 64 14 391 39 27 391 74 11 397 86 29 398 15 25 411 14 12 426 58 21 451 96 23 453 46 5 464 67 24 467 50 10 469 1 24 493 47 5 526 47 17 557 11 17 573 85 5 578 23 27 581 25 7 581 79 8 586 76 23 589 21 28 594 69 11 596 78 19 597 30 8 607 39 30 611 17 16 645 88 13 650 65 27 651 88 13 667 43 31 669 83 31 673 2 25 673 22 5 689 27 21 702 93 10 722 80 7 724 62 7 735 72 13 739 93 29 742 33 3 752 49 15 754 79 5 812 39 3 839 46 8 841 78 0 859 86 26 861 85 28 883 8 12 886 24 9 901 78 12 908 19 26 921 9 17 922 63 6 922 73 13 924 40 0 926 89 25 933 16 7 939 47 2 974 14 30 986 29 18 989 84 10 990 54 27 998 13 11 1004 64 1 1006 94 2 1019 48 6 1030 88 9 1033 21 11 1038 86 14 1048 0 16 1057 32 18 1071 91 9 1072 34 3 1091 63 7 1097 1 22 1104 94 28 1108 66 13 1112 32 5 1125 10 6 1138 9 24 1144 19 29 1154 1 10
181 107 3e-05 77 29 28 92 78 22 97 70 25 102 79 8 104 92 10 115 22 24 127 97 19 136 75 13 139 87 27 143 34 24 148 34 10 173 97 31 178 4 14 181 74 28 199 63 13 208 61 16 211 98 31 213 87 19 242 90 13 255 28 9 265 45 6 275 29 11 275 29 22 280 8 27 280 38 6 286 38 29 286 45 12 288 37 9 302 11 11 305 21 26 324 5 23 342 60 15 351 0 27 362 22 16 409 53 18 443 15 28 465 79 4 471 6 23 478 44 24 501 5 20 502 59 22 509 61 0 512 71 24 547 85 13 561 11 20 562 39 23 585 29 23 586 35 7 587 59 22 594 33 6 605 89 24 609 62 24 632 21 13 638 94 2 656 89 0 657 52 3 668 13 17 693 84 28 696 12 18 716 51 7 729 42 23 737 17 31 745 22 22 762 77 20 767 66 26 770 53 9 774 80 24 782 6 6 787 68 22 788 44 5 793 24 28 796 52 12 798 78 0 804 12 18 804 18 28 835 80 17 878 9 8 883 23 18 890 17 10 902 51 23 912 58 15 918 46 16 937 42 9 953 83 2 963 48 18 967 32 7 995 8 0 1001 56 9 1010 31 10 1011 47 14 1015 58 16 1016 75 24 1026 14 15 1051 31 9 1053 24 21 1064 85 7 1067 65 2 1095 26 4 1102 85 14 1112 63 5 1114 76 18 1121 61 20 1136 60 6 1142 21 3 1150 3 23 1163 89 12 1167 48 28
182 107 3e-05 74 23 6 85 63 19 100 25 29 106 9 26 108 45 18 108 50 13 110 76 19 112 5 1 120 36 24 124 54 16 166 36 17 174 41 18 187 11 24 195 18 7 207 8 1 212 39 31 224 50 2 238 0 31 240 28 7 266 0 22 269 60 19 281 73 6 326 58 7 327 45 23 334 50 10 338 93 2 348 3 24 349 33 15 364 95 6 369 100 16 378 7 0 394 6 30 397 70 17 398 63 28 405 36 24 413 78 15 417 57 12 430 6 4 430 83 0 440 86 23 459 65 19 465 89 12 468 68 17 479 47 3 484 69 30 506 31 10 513 96 4 514 6 1 515 44 19 528 81 5 548 96 31 556 85 27 561 55 19 569 26 25 579 79 4 581 68 10 584 0 26 595 43 20 608 61 25 629 72 0 691 68 12 694 11 26 696 5 27 717 72 20 724 36 16 738 88 11 739 81 23 746 36 22 766 61 11 780 65 1 789 4 29 801 69 3 832 30 5 838 92 7 865 97 13 876 86 23 882 86 6 900 74 10 901 25 27 906 32 5 908 59 12 911 55 2 921 80 20 923 93 6 924 70 12 941 90 17 947 90 8 948 56 25 949 51 13 989 88 24 997 30 3 1013 47 11 1016 24 9 1027 79 1 1085 19 8 1085 74 20 1090 12 1 1095 37 0 1097 11 16 1100 73 21 1130 37 23 1134 82 2 1141 97 22 1146 50 29 1154 72 1 1155 24 19 1163 31 2
183 107 3e-05 95 88 24 97 62 0 100 3 2 107 99 25 145 93 12 149 80 6 152 15 20 171 7 30 174 36 18 181 23 1 194 82 26 201 34 25 201 57 26 221 72 0 224 96 22 235 95 12 276 3 24 278 57 4 320 56 23 344 50 21 371 68 9 376 16 24 377 51 3 379 66 10 399 96 19 407 68 2 408 79 16 411 55 23 436 51 29 447 81 29 451 96 27 455 8 7 462 0 30 475 14 6 482 9 17 511 60 20 520 57 2 527 84 8 528 100 20 548 91 6 556 12 27 560 39 7 575 54 12 590 78 20 605 90 6 633 27 1 633 86 30 637 7 26 665 13 0 673 83 17 685 51 2 692 19 6 693 16 6 697 54 19 710 17 27 723 99 13 734 59 24 753 2 25 780 11 25 794 14 13 802 70 6 802 81 18 803 63 5 821 98 11 830 9 8 846 95 18 856 36 3 860 8 10 870 34 19 872 45 3 875 32 31 878 57 0 880 24 31 894 50 27 907 87 6 935 79 30 938 26 6 947 77 31 952 37 23 955 20 30 978 18 23 980 22 28 982 37 27 987 89 14 1000 10 0 1005 71 17 1015 74 10 1022 81 9 1023 30 0 1023 97 22 1035 27 17 1045 58 18 1046 92 5 1056 35 13 1062 13 20 1068 47 17 1082 76 2 1102 75 6 1118 1 26 1122 66 0 1128 16 22 1129 23 7 1136 39 6 1142 12 17 1151 52 26 1153 49 31 1172 22 7
184 107 3e-05 77 89 17 79 100 0 82 39 24 87 4 29 87 61 26 90 2 22 101 23 4 106 4 5 110 61 14 136 13 5 147 99 1 149 60 27 156 17 21 189 51 6 214 33 2 226 56 14 226 68 15 236 38 3 239 1 16 239 43 6 242 96 29 257 12 16 270 67 23 281 5 6 284 45 19 309 64 16 321 61 24 346 62 19 351 78 26 376 100 28 378 66 9 392 14 17 399 36 1 415 48 8 470 95 4 473 26 18 478 0 25 488 37 20 506 38 8 507 1 2 509 1 3 513 30 6 515 93 6 545 34 15 563 72 27 566 98 30 570 25 0 591 9 15 594 95 9 595 90 23 604 32 17 620 6 14 626 55 27 635 87 8 664 6 5 726 87 21 741 57 13 742 16 7 753 12 15 780 33 22 794 30 24 804 88 6 815 37 2 822 23 2 831 51 19 833 89 2 836 97 11 860 46 13 870 94 17 871 8 29 876 73 1 889 86 2 890 36 24 898 64 27 917 66 8 921 88 14 945 69 7 950 91 23 957 59 10 961 72 22 965 92 13 968 93 6 970 46 19 988 57 22 1002 29 20 1005 65 25 1006 82 10 1007 18 26 1029 28 9 1044 26 0 1049 3 11 1061 2 19 1070 59 28 1074 17 20 1085 65 27 1097 10 12 1098 82 2 1120 88 18 1130 10 22 1132 2 20 1133 98 27 1147 31 22 1156 92 3 1161 72 14 1165 17 9 1168 10 27 1171 60 21
185 107 3e-05 80 19 23 83 80 29 89 23 29 95 16 28 99 88 15 113 92 3 117 72 29 120 10 5 129 64 12 146 32 31 150 83 0 152 39 22 211 66 7 219 60 1 247 21 8 260 70 19 263 81 31 276 43 2 295 26 2 303 13 1 303 36 18 310 54 26 316 91 22 317 58 15 319 9 2 324 88 19 339 36 6 363 0 13 364 46 16 371 49 31 377 91 3 382 14 2 385 46 20 403 29 21 406 63 26 416 24 2 427 6 10 433 32 18 477 43 19 488 42 10 522 12 14 538 8 0 538 75 15 544 6 21 544 62 27 557 2 14 563 29 21 586 13 9 587 11 18 587 50 12 607 3 18 608 27 28 609 31 13 620 91 14 624 45 19 630 58 20 631 57 15 635 12 24 635 45 24 640 3 7 640 97 4 641 1 31 642 90 0 649 78 19 664 28 24 692 85 13 704 79 7 709 62 8 710 92 24 720 7 24 720 100 9 724 56 7 735 30 30 749 76 4 754 47 18 758 36 16 775 87 29 787 93 13 790 15 21 798 94 11 807 12 18 844 9 6 868 36 17 881 2 22 883 19 1 907 54 18 919 96 4 932 50 12 933 75 0 935 81 7 946 21 25 961 8 31 963 41 12 977 41 18 978 11 21 990 61 5 1001 28 22 1009 6 5 1014 11 9 1035 27 31 1045 31 17 1047 37 1 1051 15 9 1055 44 19 1140 83 11 1159 78 15 1164 73 22
186 107 3e-05 73 15 5 86 55 4 89 97 15 98 45 0 119 38 28 140 61 5 147 56 10 148 56 24 149 24 20 151 15 9 207 1 5 212 99 10 219 0 30 219 39 18 235 58 17 260 1 23 284 74 12 285 50 14 286 87 22 296 31 2 301 12 24 318 47 19 322 83 20 339 97 1 345 55 18 356 96 10 367 23 1 390 47 12 397 26 17 399 75 7 403 86 12 405 72 14 410 91 1 423 5 1 437 76 16 438 52 12 438 94 18 455 50 15 459 70 8 482 66 12 536 7 0 564 79 3 574 12 5 575 45 30 576 12 12 583 85 6 583 87 8 586 16 16 598 53 3 612 83 2 627 8 29 629 86 5 641 98 14 649 69 15 659 82 14 665 82 18 665 98 23 676 66 3 689 92 24 712 51 29 719 91 2 736 93 26 748 88 13 762 37 31 765 98 26 779 84 31 780 12 13 801 95 17 809 96 10 825 2 31 841 36 10 843 37 10 866 13 28 872 16 5 873 8 5 878 90 13 883 65 3 884 49 17 884 50 22 902 88 13 905 25 27 905 61 12 905 100 7 906 49 4 910 88 12 943 31 5 951 25 12 960 60 16 982 71 5 990 87 26 1007 7 9 1041 37 25 1042 81 1 1043 4 22 1067 42 23 1080 98 6 1087 70 24 1122 22 26 1132 44 10 1146 38 30 1146 80 11 1147 44 17 1152 22 21 1153 6 17 1164 81 27 1169 7 26 1169 74 13
187 107 3e-05 86 55 27 103 11 8 105 21 19 108 96 19 130 50 28 132 94 26 137 22 2 217 21 12 221 74 13 263 16 23 269 14 13 271 66 25 276 87 9 278 30 2 287 56 4 312 97 11 319 66 3 321 18 5 327 32 14 328 12 7 336 81 29 340 63 9 342 91 24 343 70 18 348 9 3 348 85 22 349 75 3 349 78 8 359 40 18 371 73 2 385 54 16 390 25 27 395 35 20 421 4 19 422 10 2 424 34 23 440 24 29 465 100 23 480 72 27 488 57 13 493 28 3 511 5 25 514 0 5 525 45 3 559 95 9 578 58 11 580 80 20 607 75 22 629 49 12 633 99 18 639 67 27 643 82 11 648 67 7 649 21 15 652 72 22 680 0 19 681 15 25 691 19 31 697 9 25 698 0 11 705 14 7 718 68 31 720 67 5 724 99 27 750 24 10 753 91 18 772 37 25 784 50 28 796 30 22 798 85 30 802 17 17 803 95 31 808 57 8 817 1 21 818 31 22 863 32 26 863 40 18 866 32 18 868 72 15 875 97 19 877 22 22 882 54 29 889 50 30 900 48 24 902 63 28 905 64 28 931 47 6 944 15 30 953 54 1 956 10 14 959 87 23 964 54 21 965 85 7 978 69 24 979 45 8 995 28 12 997 82 21 1049 95 31 1069 47 6 1092 39 30 1096 4 17 1101 0 10 1116 0 16 1144 89 14 1170 6 28 1174 68 15 1175 18 23
188 107 3e-05 72 23 14 73 63 27 73 70 4 80 49 21 90 89 25 110 24 25 124 35 25 125 11 31 125 38 27 128 31 15 155 87 13 161 39 10 166 8 31 181 61 7 193 12 8 193 99 23 194 25 22 229 100 11 240 69 16 245 16 1 255 89 14 278 5 3 287 34 4 291 5 27 294 85 24 313 20 31 334 2 19 345 97 26 357 17 7 367 80 16 367 81 0 379 52 21 386 98 14 390 13 13 407 19 21 409 98 17 413 64 17 421 2 21 427 21 2 431 14 15 444 18 28 462 39 30 486 30 22 527 19 26 532 48 27 556 33 18 562 80 14 567 1 13 567 94 6 577 97 13 594 0 27 599 27 12 623 27 20 639 95 25 644 53 10 658 82 30 660 46 8 672 8 6 674 59 28 689 70 1 698 2 4 723 79 31 724 90 31 742 76 30 749 88 27 750 7 31 752 26 13 754 54 19 778 76 28 787 69 6 797 14 21 799 25 8 811 78 22 813 2 0 827 69 23 847 95 24 853 18 2 857 31 7 860 65 15 868 46 28 888 71 25 891 56 21 897 85 12 900 50 3 902 34 0 909 21 17 930 89 10 933 46 21 943 92 10 958 99 10 976 89 13 983 3 30 983 88 16 1019 48 4 1034 96 2 1045 45 3 1077 54 12 1093 97 23 1094 59 10 1095 8 8 1098 41 27 1108 26 30 1146 56 19 1147 9 5 1152 53 14 1166 13 22 1173 100 29
189 107 3e-05 72 14 4 128 40 26 135 96 25 153 17 27 158 16 14 168 94 18 178 97 3 188 12 1 206 8 12 206 83 5 222 0 2 222 51 8 236 54 13 238 3 5 246 73 15 263 10 30 283 33 15 291 44 12 301 12 16 303 6 10 312 72 20 318 15 12 327 16 7 349 54 18 369 5 25 401 42 30 410 0 9 410 31 26 446 67 23 446 83 23 452 6 29 452 39 3 455 97 30 472 49 22 476 51 8 485 84 26 488 79 3 490 82 3 502 94 29 506 6 9 507 64 30 509 35 27 519 23 26 523 35 2 530 66 5 536 18 1 553 17 13 565 69 22 592 59 24 596 4 31 600 15 6 608 38 31 623 10 27 647 46 25 660 51 21 671 90 2 675 62 11 698 27 10 704 61 24 705 13 31 713 14 11 730 90 13 740 78 20 767 10 28 767 47 7 791 14 29 816 58 7 816 63 29 828 26 15 845 39 7 845 78 2 855 7 20 856 62 26 856 86 12 876 93 4 881 88 20 889 32 25 891 67 28 896 16 30 911 81 9 930 84 15 940 90 20 946 84 14 953 57 24 961 0 18 963 73 8 970 22 8 971 39 1 984 45 20 998 11 11 1008 4 14 1027 19 26 1031 89 27 1033 69 7 1040 53 6 1044 40 6 1057 16 10 1059 81 11 1069 82 31 1070 6 21 1077 54 3 1103 10 23 1103 72 22 1104 73 28 1109 71 22 1158 40 3 1158 66 15
190 107 3e-05 72 5 5 72 54 14 79 31 20 84 78 29 104 85 22 106 28 24 106 55 10 107 47 6 108 85 11 121 98 11 131 38 27 138 65 7 148 29 5 150 36 10 168 63 24 202 24 16 211 10 23 212 75 19 213 99 16 219 83 16 224 40 23 248 41 22 253 49 28 276 93 3 279 59 10 279 86 30 296 49 7 305 82 13 326 17 30 360 77 14 362 45 28 367 39 27 405 50 17 421 62 10 424 36 23 429 80 27 452 39 29 461 17 30 467 62 19 469 9 5 476 93 4 494 32 30 496 63 20 511 40 11 514 43 22 517 45 31 539 92 19 558 16 15 560 49 25 572 62 0 578 92 18 600 56 20 601 64 30 602 15 5 612 74 10 629 41 17 632 25 8 657 62 17 661 3 29 665 12 4 689 55 4 696 92 18 702 7 28 709 18 5 725 74 30 729 20 27 743 5 28 745 77 24 760 33 28 764 63 4 771 27 21 785 53 15 800 59 24 814 52 8 836 84 15 837 22 7 843 34 20 847 59 0 869 88 20 888 23 24 914 57 8 918 14 4 927 29 6 927 37 7 931 87 18 950 29 17 953 81 3 960 76 30 961 37 17 1010 42 29 1012 69 2 1039 71 12 1052 30 25 1065 75 3 1081 21 23 1088 25 31 1089 6 24 1100 63 2 1111 65 5 1134 33 20 1140 85 7 1141 4 27 1142 61 16 1145 79 30 1154 15 20 1160 76 3 1173 6 29
191 107 3e-05 84 92 9 92 63 15 96 78 5 104 4 23 108 33 14 118 99 23 119 3 10 149 72 7 180 27 27 213 1 23 214 82 28 224 99 20 231 18 28 241 6 14 243 62 16 251 81 28 252 36 8 270 90 3 275 57 19 284 7 11 300 23 20 307 75 31 308 10 3 323 47 28 333 73 4 336 64 9 362 3 30 372 32 18 376 0 6 377 62 18 378 12 17 413 62 11 435 93 18 436 61 26 442 75 2 446 31 16 457 48 15 479 85 12 482 91 1 508 40 28 513 28 22 522 3 12 530 48 21 547 68 10 564 37 0 570 98 5 582 69 26 618 29 24 618 71 12 622 78 22 647 35 19 650 14 5 682 42 8 700 8 2 701 57 26 752 80 14 765 23 11 765 72 27 766 86 21 785 9 0 812 67 15 814 40 20 814 76 8 817 82 31 823 1 14 837 47 11 861 7 19 884 14 20 889 45 4 891 83 9 913 58 11 915 36 29 919 21 9 933 26 4 934 20 11 937 87 23 968 95 31 980 83 10 984 33 15 988 40 1 995 59 19 1026 79 12 1036 90 15 1042 69 10 1045 56 18 1049 6 29 1063 8 16 1065 10 30 1065 27 7 1076 38 13 1077 32 16 1079 78 21 1084 89 30 1101 19 13 1104 60 2 1111 40 25 1113 19 12 1113 45 11 1114 82 9 1120 17 27 1127 51 4 1139 56 13 1143 79 6 1146 22 24 1150 1 11 1155 85 24 1175 84 29
192 107 3e-05 92 18 18 121 29 19 136 20 26 137 64 14 138 29 15 140 33 13 150 89 16 155 10 8 159 8 28 177 13 11 182 0 11 184 25 29 211 8 30 212 62 18 213 51 17 224 41 5 241 48 9 244 92 19 246 1 30 257 6 9 257 90 31 263 4 8 264 9 10 275 57 9 292 5 11 304 26 1 312 58 5 314 16 31 315 80 31 326 31 10 331 74 8 338 82 17 341 100 15 381 50 26 401 59 26 402 79 8 404 92 15 405 38 13 415 38 10 424 5 9 424 70 19 428 12 5 453 39 20 459 93 9 472 57 22 477 78 22 488 75 21 492 98 4 501 68 2 528 22 19 530 34 12 548 37 14 563 44 5 567 10 22 585 47 11 595 87 7 604 61 20 606 60 14 608 2 7 615 46 1 630 16 8 633 30 20 635 5 15 636 4 18 656 97 29 667 8 23 702 50 21 702 62 11 704 6 15 710 10 11 733 65 3 738 93 11 740 35 17 744 45 22 760 29 21 767 98 23 770 88 0 776 22 14 777 25 18 782 13 20 800 86 29 804 26 15 838 61 24 842 64 6 852 36 13 857 73 0 867 91 14 876 32 27 885 94 25 896 44 3 901 34 14 929 89 2 933 83 2 946 93 12 952 52 28 975 6 7 980 89 8 1015 4 25 1024 92 25 1032 50 15 1034 6 16 1038 94 20 1046 39 2 1088 39 31 1158 6 14 1172 90 23 1175 98 10
193 107 3e-05 78 33 13 82 97 4 114 47 19 129 84 21 138 45 2 138 90 31 143 43 5 175 97 0 179 18 0 216 39 2 232 74 3 241 87 13 270 74 24 273 43 11 287 81 25 294 100 1 298 46 10 298 46 14 298 89 12 313 71 25 325 91 27 348 14 5 349 65 19 351 7 15 366 57 24 383 17 9 383 35 22 402 54 0 445 24 8 463 76 13 469 64 11 474 19 8 496 76 6 499 76 15 499 78 26 512 36 14 514 88 27 521 63 14 542 8 1 542 81 13 554 30 18 555 72 13 557 62 3 572 82 4 582 44 13 582 85 23 585 38 5 590 72 30 594 61 11 601 46 0 602 15 13 622 39 13 630 46 1 639 46 15 643 19 25 673 21 3 694 31 14 707 90 29 710 39 19 727 25 15 729 100 17 731 8 11 756 12 11 758 83 30 772 96 18 773 80 2 774 96 10 779 63 29 780 29 24 789 27 18 810 84 21 832 41 7 836 13 11 845 28 26 861 7 29 863 67 7 871 85 31 881 43 18 882 34 27 882 56 26 883 71 22 890 95 23 894 6 1 916 27 27 936 44 5 947 15 30 947 50 17 970 53 19 987 39 6 987 43 2 996 19 30 996 84 18 1008 28 15 1042 99 4 1061 88 22 1062 19 0 1078 81 26 1110 96 17 1124 10 31 1127 91 19 1130 93 16 1140 30 4 1149 85 22 1163 92 13 1168 20 10 1170 100 28 1174 0 6
194 107 3e-05 82 59 17 103 6 19 114 4 14 116 94 11 128 81 5 135 68 29 144 63 21 147 46 16 170 53 14 171 4 6 174 93 13 211 10 18 212 4 21 227 97 2 228 21 11 232 37 30 249 12 8 263 30 14 268 73 11 269 10 3 270 63 12 278 52 6 280 9 19 280 37 4 283 52 1 310 93 5 319 78 12 328 94 8 341 33 28 342 54 10 368 97 8 387 34 20 396 100 28 418 46 19 438 86 23 442 30 30 443 32 2 452 53 20 460 51 24 472 19 3 475 38 26 509 14 29 511 80 12 528 38 22 528 83 23 542 8 10 571 24 8 571 27 28 573 94 0 580 23 10 602 81 26 603 15 3 607 3 19 611 94 12 617 10 7 620 3 1 649 28 29 652 78 1 689 74 0 708 55 23 708 85 15 754 82 29 755 65 31 761 40 30 762 85 28 774 47 5 790 89 0 792 28 5 793 2 5 813 16 8 821 57 17 827 66 28 831 31 26 832 19 5 867 38 3 888 2 1 889 80 4 891 57 7 896 96 28 904 7 16 907 31 15 913 46 25 918 44 15 919 6 0 930 38 8 941 4 15 957 62 2 978 10 11 979 82 30 980 25 9 997 53 15 999 52 18 1001 66 12 1002 88 19 1005 67 8 1052 92 17 1055 71 16 1060 91 1 1088 38 13 1116 21 10 1120 2 13 1131 75 19 1145 68 10 1154 92 2 1158 47 26 1173 56 28 1174 34 21
195 107 3e-05 72 8 0 75 58 4 79 64 0 84 53 10 92 30 27 97 19 16 104 46 30 132 13 1 135 96 16 138 43 7 139 64 7 151 16 19 156 94 0 160 20 1 175 49 16 178 61 6 186 53 15 222 37 11 227 62 24 236 56 15 295 60 6 295 89 17 306 59 12 309 29 2 310 4 26 319 88 23 320 84 2 332 65 19 350 50 19 360 19 31 362 20 28 370 4 31 396 31 26 402 56 29 409 19 17 414 4 24 424 21 3 435 0 4 444 26 20 451 8 10 463 10 19 463 14 28 463 49 18 466 45 22 467 56 20 478 66 24 478 75 13 533 59 17 539 61 28 541 10 22 548 91 29 560 86 2 568 66 7 571 54 14 584 40 5 590 14 30 599 22 18 599 83 6 615 8 14 641 63 21 663 8 21 696 30 24 727 60 1 728 22 1 742 45 10 751 41 11 760 12 26 768 41 3 769 11 15 781 4 1 782 14 0 808 77 21 834 68 28 836 95 0 842 35 23 845 14 28 850 99 18 855 67 9 859 70 24 865 35 2 882 90 5 898 50 3 913 72 13 924 65 0 979 80 14 990 79 1 1012 59 9 1027 10 19 1027 60 18 1030 40 2 1040 39 25 1046 82 5 1052 76 23 1071 1 5 1071 45 24 1094 83 13 1099 54 3 1100 3 29 1100 96 12 1102 71 24 1110 77 21 1120 28 24 1131 76 11 1137 81 13 1149 57 18 1149 86 21 1175 84 18
196 107 3e-05 75 61 13 91 98 18 93 46 0 96 88 2 99 51 6 100 92 11 138 46 8 138 53 22 146 45 22 150 1 12 162 14 22 164 48 25 166 29 23 187 8 24 200 76 0 234 87 8 235 97 2 251 2 0 252 79 1 256 22 24 259 24 1 264 99 17 271 10 13 274 76 31 275 33 23 284 9 12 287 42 28 288 85 11 302 17 6 315 10 1 319 16 9 320 30 20 334 96 20 336 60 19 337 13 20 340 54 15 365 68 1 373 79 23 407 19 0 427 73 3 428 26 31 437 10 0 457 91 9 466 68 28 471 50 29 472 7 17 502 74 16 550 45 25 572 55 8 576 89 24 601 37 28 609 42 28 611 19 26 620 53 30 621 54 22 633 85 9 645 47 20 645 83 25 647 1 27 678 18 9 692 66 19 714 89 29 717 92 1 730 9 6 733 48 16 741 26 7 754 49 23 758 91 28 767 82 18 774 24 19 801 76 6 804 74 22 806 43 7 823 71 10 825 15 1 833 29 25 847 5 18 850 39 4 863 71 30 870 61 15 888 100 7 889 0 9 915 62 0 922 69 22 940 64 10 943 3 19 959 54 8 971 48 10 972 68 16 980 96 23 1012 39 12 1013 94 0 1027 78 26 1027 79 5 1030 93 15 1040 10 3 1058 29 18 1086 5 18 1115 42 4 1135 8 4 1137 85 25 1158 76 13 1162 95 13 1164 97 17 1165 62 26 1172 49 7 1175 66 30
197 107 3e-05 73 98 11 82 0 6 83 25 28 84 60 20 98 23 3 101 80 3 113 9 31 116 45 3 136 15 27 144 39 19 149 28 3 149 29 6 179 75 13 190 25 7 199 87 31 206 94 20 214 18 2 221 11 11 223 63 9 243 83 2 257 29 5 259 17 19 262 3 13 263 53 23 306 26 12 309 19 4 311 62 26 323 21 30 334 79 16 335 26 0 345 17 5 365 29 8 389 34 21 389 50 19 392 10 7 403 31 10 414 64 5 414 66 16 427 88 21 440 13 13 449 93 17 454 99 11 458 15 6 458 15 27 459 63 11 461 71 12 477 36 25 503 36 12 529 61 2 545 16 24 549 16 16 564 22 16 576 70 19 591 6 14 591 97 31 593 36 20 601 82 19 614 36 25 615 45 0 630 89 20 644 72 7 651 93 13 651 94 12 652 53 20 663 38 18 664 86 22 668 79 13 683 17 9 735 17 5 753 56 9 757 16 23 778 44 4 796 93 3 813 96 11 819 10 21 827 94 1 829 26 4 830 18 5 840 27 16 897 31 2 910 20 8 912 50 16 933 58 16 933 98 14 934 9 12 935 97 12 938 36 31 948 58 0 954 99 26 980 33 27 1003 20 12 1015 91 20 1021 24 30 1027 24 10 1044 81 19 1067 46 7 1070 56 8 1082 0 14 1083 10 30 1128 66 11 1129 43 25 1137 44 15 1140 89 14 1149 40 28 1156 78 16 1166 97 20 1169 90 23
198 107 3e-05 74 25 11 87 44 23 88 50 5 89 57 19 92 87 2 105 97 25 113 15 4 118 75 27 119 51 7 134 68 12 142 93 11 147 12 16 150 27 29 152 85 10 170 47 30 171 77 20 176 59 0 189 81 20 197 59 30 200 81 27 203 16 24 218 32 14 249 7 26 279 73 27 281 59 28 285 30 10 287 72 18 293 72 30 308 66 28 309 34 8 321 27 3 323 3 20 323 58 25 326 47 13 326 70 6 352 14 7 367 79 17 381 76 1 395 95 7 408 21 5 430 10 1 431 18 27 438 40 7 455 86 1 486 53 2 523 89 20 529 94 2 564 85 24 567 56 11 593 83 22 596 52 15 613 23 20 614 67 26 617 99 19 623 82 1 647 45 5 660 89 12 680 26 20 697 49 20 699 98 23 749 26 8 751 61 27 760 92 28 763 88 2 768 43 21 773 1 8 793 48 23 805 97 16 811 24 25 816 60 29 818 56 5 824 36 1 858 24 1 864 57 17 866 100 7 883 22 31 887 28 16 903 12 26 906 64 27 909 64 1 915 62 30 930 57 24 938 37 22 941 12 15 953 55 6 979 99 7 986 40 25 987 3 25 989 7 18 1008 62 4 1024 25 19 1024 58 22 1034 99 16 1041 10 13 1046 12 25 1065 29 30 1068 62 14 1073 61 29 1089 71 1 1090 81 10 1090 91 25 1092 21 26 1093 6 27 1130 26 26 1138 62 4 1162 75 25 1166 81 31
199 107 3e-05 73 68 15 88 92 4 93 2 27 102 4 5 115 98 16 124 37 0 136 82 28 137 0 21 164 45 2 181 9 17 196 60 7 213 29 31 217 85 31 222 3 29 302 41 20 306 19 6 346 61 2 351 53 23 371 73 22 376 61 1 378 10 15 394 1 4 403 88 19 406 68 0 413 56 14 414 74 2 426 30 2 432 30 29 437 64 0 437 67 17 447 75 30 452 34 10 464 85 13 465 70 8 481 6 19 486 50 1 494 63 13 508 33 14 514 100 26 534 42 22 573 2 7 575 20 27 583 77 29 590 95 16 604 23 4 640 46 7 679 34 24 687 13 2 689 28 4 739 17 30 761 3 6 778 89 23 790 78 10 793 95 5 803 65 28 814 86 17 815 80 7 829 36 23 834 12 4 844 61 25 852 66 19 859 8 29 859 25 17 869 91 8 882 48 26 885 90 25 899 52 4 901 7 2 904 0 17 910 20 19 915 42 9 916 43 7 917 100 2 931 2 30 944 42 24 953 40 1 960 47 29 973 71 11 977 100 11 982 98 11 983 61 22 984 8 0 993 17 14 1003 19 17 1008 31 26 1033 27 18 1037 38 13 1037 80 21 1039 27 30 1053 66 30 1061 84 10 1064 82 30 1071 30 6 1072 20 19 1080 91 9 1087 83 21 1089 93 7 1092 59 8 1095 41 26 1106 27 30 1110 74 10 1118 59 22 1131 18 5 1142 43 6 1149 27 0 1166 56 5 1174 20 19
200 356 0.0001 74 51 3 75 98 29 76 21 5 86 52 17 86 86 24 92 26 19 94 72 27 96 9 5 101 10 5 101 23 7 101 90 3 102 38 25 104 16 22 106 59 4 109 73 25 113 12 1 113 45 6 115 13 0 123 96 1 124 39 31 126 53 21 126 88 8 128 25 7 136 42 27 136 44 9 143 66 3 147 63 23 148 6 8 150 52 11 154 88 19 156 36 10 159 19 15 163 40 9 166 10 16 166 15 31 177 95 4 179 40 5 179 77 9 182 36 1 184 10 7 184 39 26 193 28 21 193 92 11 198 40 4 203 59 11 204 37 22 208 6 25 208 78 28 210 13 6 210 48 8 213 5 8 218 93 20 218 95 24 224 45 17 225 38 13 233 57 28 241 4 8 245 7 15 249 51 8 253 93 12 254 46 24 256 50 25 258 68 11 260 95 7 267 52 8 269 55 4 270 5 13 273 67 20 276 30 27 277 74 15 281 6 26 281 89 27 292 22 6 300 79 7 305 10 2 308 83 13 316 74 16 317 18 5 319 93 8 320 72 12 322 17 19 325 64 4 326 6 5 327 61 12 332 57 11 333 94 19 334 59 11 338 13 20 347 28 29 351 38 22 352 41 10 358 27 21 362 28 7 367 6 22 371 47 5 375 18 0 387 23 11 388 45 22 399 72 3 406 100 14 407 70 19 413 84 7 414 32 22 414 60 27 416 47 14 417 97 3 419 56 5 420 98 3 422 44 2 440 17 27 441 51 6 444 10 14 444 23 28 449 44 4 452 46 5 454 73 27 457 79 6 462 59 10 462 91 7 463 0 3 467 66 12 471 24 24 471 37 20 474 79 29 477 10 21 477 26 8 482 78 13 482 81 21 483 87 26 485 32 19 487 16 17 495 18 25 505 16 8 505 40 3 511 38 27 514 2 15 516 90 16 520 54 4 520 59 23 521 51 13 530 71 17 532 25 7 532 78 6 540 62 18 543 28 24 544 71 8 546 78 13 546 80 20 549 24 15 553 84 22 554 13 23 557 25 3 559 46 19 561 95 16 563 1 3 567 74 31 570 81 4 574 4 24 576 28 13 582 39 23 585 90 25 592 34 25 596 65 9 599 51 22 606 50 15 609 67 21 612 69 25 613 16 27 614 36 2 616 76 19 621 47 3 623 53 20 624 11 23 624 70 26 627 8 23 627 61 12 629 15 7 635 0 11 638 47 6 645 62 3 646 34 3 647 72 20 653 45 28 666 90 21 673 72 15 676 22 21 677 69 23 679 24 4 680 92 18 681 97 5 691 56 31 695 55 14 696 14 0 697 18 5 699 45 19 708 63 22 709 62 27 710 13 1 711 81 1 725 30 1 725 67 7 729 57 30 730 22 9 742 93 27 744 36 6 745 90 25 756 14 20 762 3 22 763 19 19 767 84 12 767 87 13 776 70 0 779 83 24 785 90 10 793 89 7 795 7 22 796 90 19 812 47 30 816 86 1 820 81 11 822 52 10 830 92 25 831 80 13 831 89 30 837 82 26 840 87 25 842 94 11 849 94 11 850 33 20 850 44 30 854 62 0 859 94 1 860 25 10 861 29 8 862 42 16 864 43 29 867 88 12 871 19 13 871 98 2 872 31 24 875 69 22 876 79 13 883 32 8 887 83 2 889 20 5 889 24 7 890 96 6 891 27 20 891 41 20 892 68 13 906 39 15 908 7 27 909 77 22 909 89 2 912 58 13 912 65 11 915 56 23 915 79 11 918 72 18 920 75 19 921 59 10 925 96 25 929 67 26 932 99 17 934 10 25 936 53 10 941 70 10 948 60 4 952 26 17 956 64 13 958 1 26 960 53 27 964 64 2 965 35 31 966 78 5 971 48 8 971 81 17 985 17 8 985 70 14 988 10 11 988 64 16 989 55 28 999 18 20 1000 74 26 1006 37 3 1008 89 19 1010 21 13 1020 5 15 1021 48 29 1024 60 17 1030 68 3 1034 7 12 1035 13 17 1043 98 5 1044 4 21 1048 64 31 1049 10 24 1049 31 16 1053 0 21 1053 80 30 1054 36 10 1055 19 13 1057 14 14 1058 11 2 1060 80 18 1061 57 10 1061 68 13 1070 34 29 1071 46 23 1072 27 27 1072 59 22 1075 16 5 1075 33 13 1077 27 29 1077 42 16 1077 51 14 1077 79 5 1081 12 22 1082 37 11 1082 42 2 1083 34 27 1084 41 20 1084 58 25 1085 10 29 1086 44 21 1086 50 2 1087 32 25 1090 17 25 1090 42 24 1096 9 28 1097 25 31 1100 88 2 1102 38 3 1106 91 22 1108 75 18 1109 78 5 1113 100 10 1114 33 27 1123 75 23 1132 83 29 1133 70 19 1139 47 20 1146 63 18 1146 64 9 1150 19 17 1151 46 14 1158 65 15 1164 9 8 1164 61 6 1166 4 10 1167 98 21 1168 62 4 1171 68 11 1173 38 28 1174 29 25 1175 70 1
201 356 0.0001 72 72 18 75 23 22 78 20 30 78 47 3 79 50 13 80 26 20 81 44 14 87 92 10 88 73 14 93 25 23 101 47 0 101 65 24 104 14 28 108 91 11 110 64 15 115 5 24 115 22 13 118 53 14 120 92 20 121 68 13 123 11 3 125 77 21 128 34 4 130 70 3 131 78 8 134 77 28 135 65 20 135 66 18 136 32 16 140 67 4 145 54 12 146 77 0 148 23 29 149 70 9 152 34 12 153 58 30 154 60 2 155 44 11 156 93 14 157 5 25 158 73 25 160 67 14 163 65 10 172 58 9 177 66 11 177 84 10 179 20 15 190 95 24 193 47 13 196 20 2 206 14 1 208 71 11 212 32 6 212 69 9 215 21 10 225 44 17 231 36 29 232 1 7 233 5 11 240 2 10 242 25 3 249 53 13 251 54 1 252 79 25 256 94 13 258 77 3 271 58 5 272 75 11 274 13 4 274 27 29 278 83 28 280 82 16 283 98 4 284 83 25 285 98 17 296 81 7 297 56 21 297 84 4 303 48 13 306 80 24 306 92 15 308 35 12 311 40 26 319 60 29 320 10 4 320 60 7 320 82 28 321 13 23 325 23 31 325 97 6 327 9 9 327 79 28 332 22 4 336 52 25 338 92 4 339 62 13 342 17 25 348 17 14 353 90 10 359 88 25 362 92 20 366 54 9 369 77 17 375 78 22 386 36 9 387 79 19 390 4 5 391 8 25 392 75 13 394 59 16 397 37 8 399 62 1 400 19 11 409 2 29 409 58 14 413 87 17 418 12 25 422 28 20 422 93 29 430 49 6 433 44 30 433 90 27 439 93 1 440 43 26 444 34 0 444 70 2 445 29 10 448 43 21 456 41 7 460 16 8 465 28 17 465 62 2 467 15 10 468 11 31 474 9 24 478 56 30 479 17 7 482 7 17 483 6 3 484 75 20 485 59 8 486 74 29 492 5 28 499 74 20 505 1 28 511 72 15 521 16 6 521 84 25 522 19 7 524 80 6 527 31 11 527 69 7 527 85 20 529 47 8 531 93 16 532 7 30 539 98 13 541 17 28 546 59 15 547 39 17 548 44 6 550 62 8 552 11 1 554 2 16 555 79 19 556 47 3 561 99 28 562 54 3 562 84 14 572 94 13 578 7 27 579 16 16 579 27 25 580 45 27 583 83 6 586 66 3 589 26 5 591 44 31 591 94 15 592 92 19 593 67 20 599 41 6 599 58 0 607 38 13 611 13 8 613 75 4 615 24 22 620 84 8 621 44 1 626 55 31 628 35 8 631 55 1 643 30 22 645 87 6 647 62 31 647 100 26 650 48 17 657 0 20 657 47 30 658 32 9 668 17 6 674 78 28 676 91 10 678 13 4 678 30 31 690 18 22 693 60 28 696 0 24 696 57 26 700 14 5 706 16 23 708 31 30 717 60 26 723 97 3 724 77 7 725 60 10 729 21 9 731 88 0 741 6 16 746 52 23 749 98 28 759 16 8 764 39 0 765 0 12 768 100 31 771 100 7 772 77 7 774 96 28 782 51 19 782 68 7 789 15 4 793 66 8 797 94 2 802 65 20 804 37 13 811 23 12 815 38 17 815 59 17 818 33 13 824 67 5 825 3 27 826 16 28 827 9 20 827 52 7 832 19 13 836 83 7 837 9 22 840 62 13 840 72 11 844 53 24 851 100 7 857 9 5 857 80 2 861 2 7 867 2 26 868 34 27 880 68 23 881 74 27 882 20 17 883 83 15 884 39 14 886 91 11 894 8 7 895 51 31 897 89 17 898 26 27 900 83 1 904 21 0 905 46 25 907 2 7 909 86 31 917 31 24 922 100 5 923 55 7 928 34 14 930 14 18 936 13 1 937 58 29 937 67 21 942 30 8 948 27 15 953 7 22 953 27 5 953 41 28 954 44 31 956 67 6 959 61 25 971 73 25 973 22 18 980 22 13 984 27 7 987 52 28 992 29 8 992 86 22 993 55 5 997 22 8 998 97 5 1002 18 22 1003 65 24 1007 57 29 1007 75 0 1008 41 18 1019 90 11 1025 59 18 1029 67 5 1033 32 10 1036 96 4 1038 42 10 1041 85 19 1043 73 0 1045 88 27 1046 16 7 1048 50 5 1049 74 2 1053 82 25 1056 31 28 1056 78 20 1061 83 29 1064 8 27 1064 99 16 1065 85 23 1076 86 5 1080 6 22 1084 5 27 1097 57 2 1101 9 7 1105 37 17 1105 78 15 1107 85 18 1114 6 5 1122 51 25 1123 82 25 1123 90 13 1126 23 24 1127 43 0 1128 22 11 1131 64 15 1132 15 24 1134 26 10 1137 17 25 1139 31 6 1139 52 17 1140 78 29 1142 43 0 1144 53 30 1150 48 16 1152 17 1 1152 97 7 1153 72 5 1156 64 30 1158 53 10 1165 94 28 1166 65 20 1174 33 13 1174 78 20 1175 70 0
202 356 0.0001 72 41 29 76 4 11 80 100 12 83 82 31 84 7 2 85 53 18 89 98 2 92 55 21 95 25 0 96 32 3 101 87 26 102 88 9 112 93 31 117 15 31 121 83 1 122 51 3 124 66 0 130 2 14 132 91 26 137 20 31 137 38 0 139 17 20 146 96 1 150 62 6 151 0 14 153 13 24 165 66 30 172 7 3 175 21 25 175 41 15 178 50 14 185 6 24 186 95 16 189 7 16 190 25 14 190 86 3 194 60 11 195 37 24 199 87 14 208 18 10 210 71 30 213 77 7 216 85 9 217 14 13 220 95 7 222 64 29 223 13 29 227 3 26 229 22 11 230 74 29 232 96 18 234 9 4 234 90 24 236 66 25 238 34 21 238 79 26 240 43 4 241 64 19 242 26 24 246 7 24 247 16 0 247 77 11 248 14 25 248 59 27 249 56 19 261 41 26 262 7 3 266 6 27 269 12 3 272 21 12 272 25 10 273 1 10 276 86 6 280 16 9 284 80 24 293 90 15 301 77 17 303 50 16 306 2 21 306 92 11 307 0 7 309 14 18 312 73 1 317 16 6 317 57 24 321 90 2 324 3 31 327 33 6 328 80 22 336 88 21 342 26 8 350 59 14 351 91 27 354 38 8 356 38 3 369 54 4 370 82 11 375 76 8 377 97 20 379 60 20 382 26 10 385 30 22 386 30 12 387 77 3 388 7 18 388 23 6 392 22 29 392 50 24 396 10 29 396 45 4 397 83 5 398 12 21 400 98 18 420 20 10 424 12 5 424 26 3 425 89 2 425 92 20 429 35 3 436 60 29 445 13 10 447 95 15 448 3 3 450 49 15 451 49 10 452 2 2 458 75 18 464 57 12 469 30 11 472 73 21 475 51 15 484 86 9 485 100 21 494 24 20 494 80 0 499 29 19 500 75 10 502 64 29 504 60 12 511 6 30 517 81 17 518 4 31 522 62 21 524 62 4 524 90 6 525 65 30 529 26 24 530 12 8 531 58 24 533 46 29 534 91 14 536 7 23 543 40 8 562 11 11 565 99 18 566 68 22 570 26 6 571 1 30 579 87 25 580 46 20 582 14 20 585 11 0 586 45 8 590 2 20 590 57 13 593 23 8 593 24 20 595 40 29 596 15 0 602 32 28 611 11 11 612 5 16 617 3 19 620 61 26 621 78 2 623 61 19 626 95 2 630 78 10 633 49 4 635 20 15 637 42 5 641 88 3 652 67 15 656 53 31 659 39 28 659 40 11 666 63 12 673 53 0 673 74 18 675 11 6 676 68 0 697 31 10 697 45 18 705 98 23 709 47 1 709 73 4 711 50 30 711 92 15 714 92 13 715 70 24 717 17 13 726 77 27 750 75 2 751 79 24 752 26 26 761 18 30 768 32 13 770 87 27 774 99 12 776 19 27 781 13 3 783 4 29 783 40 28 791 4 10 793 47 4 799 32 13 802 28 12 808 27 18 812 7 11 813 41 12 815 24 2 818 25 13 818 58 27 820 45 5 820 64 9 822 41 20 825 57 10 830 9 21 839 53 12 843 11 26 849 22 8 849 36 31 850 51 2 857 97 13 857 100 16 858 36 18 860 88 3 868 3 31 868 37 5 875 34 0 880 40 30 887 56 20 895 31 27 897 37 5 900 51 19 903 0 28 903 12 8 911 42 20 913 0 31 915 64 27 917 56 20 919 34 1 926 37 10 926 46 27 930 41 23 941 20 3 942 30 24 945 61 20 953 16 18 953 71 11 955 54 29 959 85 11 967 87 10 972 52 11 972 92 19 973 24 26 973 60 12 974 97 21 980 44 28 983 37 17 984 49 27 987 3 0 997 24 18 997 74 9 1001 26 23 1002 23 16 1008 35 22 1012 47 11 1014 53 4 1014 77 29 1019 82 1 1023 52 22 1030 74 1 1034 83 30 1035 75 23 1035 98 21 1036 45 1 1037 39 3 1038 68 2 1039 99 22 1041 59 25 1042 6 21 1044 29 30 1046 22 6 1051 80 2 1052 82 12 1055 8 13 1055 73 17 1056 21 30 1056 76 21 1059 40 21 1060 4 18 1060 17 14 1060 39 21 1067 67 29 1069 56 26 1069 86 2 1071 17 26 1071 85 11 1073 36 12 1073 63 17 1073 65 13 1076 6 13 1077 57 10 1079 45 13 1079 98 19 1084 56 30 1085 3 4 1085 69 23 1085 85 17 1090 40 13 1090 84 27 1092 69 12 1097 55 13 1099 98 18 1101 47 7 1106 3 14 1106 64 22 1111 61 28 1122 55 13 1124 47 8 1125 35 30 1126 36 6 1127 49 25 1128 22 31 1130 25 25 1132 37 21 1137 44 17 1137 82 30 1138 21 15 1140 60 8 1141 17 6 1141 81 27 1145 30 30 1149 66 19 1149 73 0 1149 87 13 1154 66 21 1155 75 1 1156 67 11 1160 0 12 1162 23 18 1167 32 16 1167 83 11 1170 49 5 1170 92 3
203 356 0.0001 74 47 28 79 72 12 80 60 18 81 20 15 84 30 5 87 54 21 91 37 31 94 95 14 95 41 31 106 5 18 106 48 20 107 59 10 115 50 13 117 99 6 119 52 4 121 7 19 125 83 18 125 99 29 132 23 26 135 21 17 141 41 18 141 51 30 142 63 29 143 22 12 146 55 3 148 89 20 151 41 20 154 8 31 154 91 10 162 86 27 167 4 5 167 91 28 173 55 26 180 15 4 181 22 31 181 47 26 182 74 13 187 84 31 190 75 28 193 66 15 193 88 10 197 56 24 197 89 0 201 2 20 201 71 7 205 27 24 208 40 24 209 28 26 217 80 23 220 9 23 223 26 4 226 37 23 227 4 19 227 31 20 231 93 13 237 29 0 240 61 30 253 83 20 254 90 16 255 95 23 257 90 21 257 100 16 258 72 12 258 80 8 259 76 0 260 22 2 266 29 27 267 96 11 270 97 14 274 25 30 274 39 26 276 2 18 277 72 21 283 98 4 284 88 4 287 11 8 292 97 0 293 11 16 294 82 28 297 19 11 306 59 4 306 63 19 308 9 16 311 0 19 314 99 30 318 64 17 320 4 19 322 82 14 336 19 18 337 59 15 340 21 6 341 17 0 341 87 13 341 99 1 346 65 29 349 88 1 352 68 27 354 84 25 359 43 25 364 58 31 375 46 9 375 58 22 376 63 14 377 19 6 381 97 0 384 45 14 388 85 19 393 73 31 397 16 23 406 58 12 412 53 22 413 75 4 428 87 11 429 77 4 430 70 10 432 15 21 436 90 19 441 3 27 447 0 23 449 10 12 450 54 10 452 100 14 455 54 17 462 55 26 464 5 7 464 56 5 465 10 30 470 4 10 472 89 13 477 69 7 478 90 3 483 1 15 489 41 26 500 2 27 505 32 23 507 33 0 511 14 0 511 37 30 516 64 1 521 14 12 523 91 31 524 80 5 529 36 31 532 0 18 536 13 5 536 60 26 538 11 28 542 36 8 542 98 13 548 56 2 549 69 1 551 21 23 552 18 7 561 28 21 572 28 26 579 18 28 580 23 5 582 97 0 586 12 26 588 51 11 588 69 9 592 36 8 596 20 20 596 65 1 597 79 7 598 24 22 602 2 3 602 5 5 602 13 6 604 4 21 606 70 24 606 76 24 607 19 9 609 44 5 613 11 24 614 95 31 616 31 25 617 68 0 617 83 19 621 22 5 621 99 31 630 2 17 636 58 24 638 34 27 645 67 18 652 25 21 652 68 8 652 92 3 656 84 7 657 29 31 661 53 15 665 24 29 666 86 31 667 34 12 673 53 14 674 49 5 677 5 8 681 14 1 684 8 6 686 56 3 694 38 24 703 24 16 705 76 11 706 17 21 706 27 22 713 36 14 713 59 3 714 21 31 716 38 13 716 57 13 720 61 9 720 99 25 721 35 0 724 1 6 726 70 22 728 6 13 736 13 30 736 61 31 739 24 19 741 81 6 745 67 10 754 71 7 757 43 0 757 93 27 762 1 21 762 25 3 766 15 18 766 45 7 767 33 14 767 53 1 768 65 7 776 42 17 777 80 24 779 78 6 781 35 25 787 79 14 789 16 9 790 63 15 791 0 16 791 18 26 799 26 31 802 31 2 808 56 22 811 40 29 815 39 25 818 86 6 822 48 5 824 21 4 824 53 27 824 74 26 825 14 6 838 24 14 844 35 4 845 59 10 849 97 22 852 46 11 852 68 7 853 76 28 859 78 17 866 90 24 869 6 24 878 23 8 878 37 26 878 54 18 879 99 16 882 1 20 885 58 24 886 40 0 889 12 10 889 29 13 891 2 13 891 56 22 894 9 10 895 22 29 895 42 0 895 72 25 896 52 0 907 75 30 910 60 29 917 31 6 918 77 2 920 94 21 922 65 28 922 73 6 927 90 6 930 17 26 937 94 11 938 33 8 941 61 0 948 95 1 950 56 27 954 58 7 960 79 20 961 1 14 963 91 1 967 20 3 968 77 28 968 83 31 969 74 21 972 50 27 972 80 7 978 56 17 983 37 28 985 56 28 993 24 26 994 18 16 995 100 29 996 33 19 1003 4 8 1005 86 28 1008 84 11 1021 30 28 1022 8 9 1025 2 6 1025 57 12 1032 99 28 1038 50 14 1044 70 15 1046 10 10 1047 60 4 1047 87 21 1048 59 31 1049 80 7 1051 49 23 1059 42 11 1062 22 2 1066 5 19 1069 15 24 1073 56 30 1076 91 10 1080 15 23 1081 61 26 1082 50 16 1084 23 14 1094 70 20 1101 23 3 1104 38 31 1110 84 22 1110 92 5 1112 23 26 1118 81 5 1126 62 23 1127 7 18 1133 71 12 1134 2 29 1134 26 1 1136 63 8 1139 17 22 1141 3 12 1147 16 11 1153 33 10 1153 75 26 1153 77 17 1166 57 18 1166 90 4 1174 31 2
204 356 0.0001 72 27 22 75 30 27 75 57 6 83 41 21 84 80 1 86 77 27 87 75 8 89 93 22 93 95 28 94 59 25 98 2 30 98 92 24 102 29 10 111 60 19 113 80 22 117 77 31 122 76 28 125 90 20 126 22 18 135 79 10 136 0 15 139 7 13 139 50 17 141 100 13 142 84 29 159 9 23 160 32 11 161 44 18 162 36 24 164 33 18 164 44 22 167 90 25 175 13 10 176 94 21 180 66 13 186 24 9 187 61 28 188 31 14 195 4 31 200 4 13 205 12 10 207 41 30 207 67 26 209 100 17 210 58 16 211 56 29 212 1 7 215 83 13 216 28 2 217 94 4 220 37 20 225 13 26 225 58 4 227 45 24 228 44 3 237 87 6 237 90 24 239 86 8 241 72 19 244 89 4 250 96 23 254 88 1 259 66 6 259 98 29 260 49 23 262 0 18 262 16 2 267 61 14 268 64 14 270 94 12 272 14 19 276 52 0 277 90 24 280 24 21 299 57 23 306 7 20 313 86 11 315 22 31 315 35 2 316 4 7 322 21 31 325 2 23 325 90 16 327 66 11 331 65 4 331 95 2 333 85 14 352 85 13 362 31 22 362 99 24 363 62 9 363 70 30 363 91 10 363 97 15 364 40 22 366 36 17 367 33 5 372 89 24 376 57 18 376 61 25 376 69 4 390 34 16 391 26 6 393 4 1 394 85 31 398 16 20 398 90 13 401 90 8 402 78 7 403 5 21 407 77 4 408 35 28 413 62 3 414 96 9 417 93 10 421 82 8 422 3 27 423 24 30 423 94 10 430 38 7 434 28 2 435 63 29 437 49 18 444 32 5 447 64 2 448 3 26 449 70 9 452 21 4 453 92 13 458 10 9 460 10 2 461 87 29 463 38 4 464 36 18 468 58 24 470 41 8 471 82 6 472 36 26 473 53 21 483 57 20 484 65 9 486 3 5 489 44 9 492 6 27 501 0 22 501 59 28 503 43 20 508 9 16 511 14 9 514 81 21 519 24 26 520 73 13 520 84 2 528 80 4 529 17 15 531 30 11 532 59 29 541 94 31 543 49 6 544 88 6 547 66 13 547 88 5 556 27 12 558 25 10 563 39 18 566 28 29 567 81 6 568 30 0 569 3 2 578 54 7 583 36 26 586 41 20 590 24 0 600 63 4 603 42 31 605 86 17 606 68 13 609 0 16 613 36 23 618 69 6 620 93 6 621 50 18 624 4 13 624 45 22 625 66 30 627 96 0 631 79 19 635 60 15 636 70 29 639 72 4 642 76 15 647 8 1 653 7 3 654 38 4 661 86 28 663 38 13 664 8 3 665 10 30 665 54 10 677 14 4 685 43 24 688 52 4 689 68 6 690 25 16 695 5 25 696 34 28 697 50 26 698 55 9 699 37 29 701 6 26 702 20 5 709 72 22 718 57 21 720 57 22 720 63 29 726 1 13 730 32 14 730 78 6 733 57 14 739 18 23 740 23 5 753 81 14 753 96 8 754 51 9 755 85 10 759 65 30 762 93 7 764 6 15 766 61 26 768 45 15 775 77 28 788 57 19 792 3 16 806 38 8 808 62 18 809 14 6 814 14 18 814 50 8 816 96 11 824 47 15 824 61 0 825 10 20 828 0 26 831 30 13 837 8 30 845 1 17 848 27 5 849 10 6 860 40 14 863 86 21 866 55 15 867 20 22 869 90 24 872 27 7 873 74 13 875 68 6 880 22 6 881 62 4 883 7 26 887 39 13 889 5 18 890 98 4 894 34 18 894 40 24 896 87 25 897 20 20 900 66 20 906 27 23 908 17 29 910 58 31 916 38 23 916 62 24 916 63 0 916 87 10 923 27 2 925 76 25 928 93 3 929 4 30 929 98 28 939 27 19 951 99 4 952 14 23 955 64 1 957 94 27 961 3 20 961 20 3 965 50 21 965 82 29 973 87 4 974 61 29 976 61 20 976 69 18 978 3 3 978 68 24 980 34 12 982 70 21 984 16 14 984 75 15 988 36 17 989 74 2 991 92 2 1001 35 27 1007 61 23 1009 2 7 1012 5 7 1015 50 30 1020 38 5 1020 88 4 1021 32 14 1028 15 1 1028 56 4 1033 63 20 1035 27 16 1037 13 6 1048 89 26 1053 60 0 1055 0 0 1055 16 29 1057 28 21 1059 31 14 1060 16 4 1072 1 10 1080 17 12 1086 9 10 1094 9 19 1095 54 5 1098 21 22 1103 6 1 1110 7 23 1111 14 31 1111 32 7 1122 71 23 1131 33 14 1131 69 31 1131 85 2 1133 25 10 1134 87 18 1141 57 7 1152 73 28 1155 17 23 1156 10 6 1157 57 29 1159 23 19 1161 30 31 1161 57 6 1162 17 28 1164 74 29 1165 0 8 1166 40 0 1167 61 18 1168 39 23 1169 55 25 1170 22 29 1170 23 18 1172 4 8 1173 39 10
205 356 0.0001 73 53 4 77 61 17 85 30 14 86 36 0 87 7 7 87 51 19 92 2 7 96 72 0 99 37 30 100 70 31 101 8 0 105 65 22 110 17 15 110 20 26 112 5 22 112 36 14 116 92 5 123 47 7 128 13 23 134 70 1 134 74 1 136 54 0 138 3 10 139 95 25 145 54 13 147 100 14 149 56 23 149 72 30 151 29 14 154 82 1 162 87 14 165 41 20 165 78 9 170 5 22 170 93 23 174 46 24 176 41 4 190 3 5 190 21 4 196 92 28 196 99 2 198 28 4 199 45 21 207 99 27 208 42 27 209 7 1 210 49 24 223 6 26 223 50 3 223 68 8 230 0 31 230 27 16 231 40 3 231 50 18 233 50 16 234 18 14 238 4 25 248 0 15 249 89 21 259 40 31 260 5 18 262 8 27 262 67 31 266 48 21 283 56 16 293 1 17 293 59 31 295 0 0 297 22 8 300 36 21 302 41 13 309 3 21 310 63 2 310 73 1 315 25 24 316 64 27 321 75 21 324 95 31 327 95 4 331 0 12 333 23 18 335 37 21 336 39 17 349 71 27 350 48 11 355 73 29 356 21 11 358 32 27 358 86 23 360 64 24 368 86 17 369 19 17 372 44 19 372 98 3 376 28 7 385 34 31 385 58 29 385 94 18 389 51 7 392 58 3 394 39 6 396 23 27 396 65 27 397 38 26 405 61 18 406 48 11 408 14 26 413 95 5 417 39 8 418 74 6 419 33 0 422 42 15 427 20 10 430 51 9 433 23 8 438 92 10 439 37 25 443 25 2 446 38 0 450 16 15 451 86 12 451 97 26 454 38 12 455 12 3 457 16 15 476 13 27 485 16 0 486 53 4 489 42 11 491 57 10 492 79 21 504 31 13 510 51 5 512 0 19 513 0 7 516 53 26 520 38 14 521 24 2 524 86 23 524 89 20 530 60 29 533 74 20 534 78 20 535 28 21 535 94 3 536 18 6 537 61 2 537 62 20 538 31 23 538 67 13 539 24 1 540 4 3 543 37 9 544 62 30 546 47 9 546 78 15 546 89 9 550 8 24 555 91 27 559 35 14 570 99 28 572 12 5 574 75 11 575 56 11 578 52 25 578 96 18 580 43 13 580 79 0 581 92 16 582 35 21 585 69 16 586 36 13 588 49 29 589 89 30 590 60 16 591 67 17 597 63 30 601 30 21 603 63 4 605 69 31 606 3 6 606 67 24 607 28 6 609 54 9 611 68 22 613 45 19 616 62 9 618 41 1 623 6 5 638 13 27 646 83 2 649 82 14 651 94 24 653 27 4 657 20 10 660 72 14 661 35 31 666 97 26 672 37 16 673 64 1 677 8 24 687 90 6 697 30 2 698 17 3 699 100 31 701 86 10 704 5 23 704 21 1 707 77 10 709 0 24 714 72 4 715 11 31 716 19 16 723 80 31 724 67 7 730 72 16 731 26 7 739 35 19 748 42 28 750 64 22 752 53 4 755 53 25 759 60 10 760 93 12 761 53 9 772 22 22 773 58 11 773 100 11 775 89 31 778 13 16 780 6 8 783 58 25 784 86 22 789 51 2 794 0 2 796 18 2 798 8 2 799 33 30 799 72 14 806 91 0 809 25 6 809 69 14 814 76 21 815 86 21 821 38 22 821 52 7 827 34 16 827 74 20 828 88 10 833 28 7 833 68 9 835 92 29 836 71 3 840 38 31 846 42 18 846 48 20 849 63 7 849 72 3 849 81 18 852 89 23 863 4 2 867 6 5 869 27 0 874 68 30 876 12 23 887 58 23 887 75 18 891 51 19 891 76 16 897 33 25 904 69 31 906 7 1 907 0 15 913 52 6 913 84 26 920 68 7 926 83 6 928 99 29 934 50 8 943 44 17 947 4 14 949 13 12 950 13 4 952 1 18 955 72 15 958 88 11 959 42 12 959 55 27 970 23 26 972 87 11 979 26 4 985 64 6 990 61 27 991 88 21 993 17 3 997 96 25 998 80 15 1002 41 6 1006 28 23 1009 81 11 1015 79 31 1020 40 12 1022 25 22 1030 73 21 1041 96 30 1043 62 0 1044 57 23 1047 28 29 1049 17 14 1049 44 31 1049 99 13 1054 26 30 1056 31 20 1057 73 26 1065 5 4 1065 36 16 1069 11 5 1075 51 9 1083 19 17 1083 56 19 1084 94 13 1086 91 30 1093 37 3 1098 35 13 1102 26 27 1108 24 0 1108 28 23 1108 67 9 1113 52 13 1113 100 30 1114 82 2 1115 32 24 1118 16 11 1122 26 9 1122 38 10 1122 48 1 1123 84 8 1124 39 4 1124 50 26 1125 25 16 1128 67 11 1133 24 3 1138 23 27 1142 70 2 1144 22 4 1144 59 11 1145 97 21 1146 93 27 1152 24 16 1154 72 27 1157 81 16 1158 28 19 1161 88 4 1165 80 16 1172 5 0 1175 64 2
206 356 0.0001 72 18 30 76 27 12 77 43 1 78 26 21 78 97 22 87 65 29 87 85 5 88 33 1 90 28 8 90 74 18 94 0 6 96 19 17 100 33 10 106 32 17 106 45 11 108 13 5 108 62 9 109 46 11 112 29 5 117 18 30 118 94 22 119 11 14 122 16 31 122 55 19 127 10 15 130 50 26 137 42 19 138 43 25 140 1 10 140 35 27 145 37 20 156 9 19 156 91 2 157 20 9 157 91 2 158 44 26 159 8 22 159 48 5 165 96 23 166 42 9 168 10 7 169 57 4 176 19 19 176 49 21 177 17 18 179 70 23 192 98 22 194 58 29 197 84 13 198 45 11 202 100 22 203 55 26 205 71 18 211 43 8 212 91 19 213 47 27 214 15 31 217 54 31 219 59 5 220 25 31 225 59 27 226 5 0 231 53 16 235 56 28 236 13 4 239 18 16 239 83 17 242 88 26 246 20 19 250 84 17 256 81 8 257 73 12 261 32 30 261 79 12 264 53 8 270 28 2 277 29 21 277 67 27 282 21 1 287 73 11 295 37 1 300 1 26 305 21 13 309 12 21 309 82 20 314 38 2 316 4 2 316 52 5 326 84 8 327 47 18 335 24 15 342 97 20 343 23 24 345 96 6 354 58 11 357 24 9 360 59 4 363 35 19 373 51 4 375 33 27 378 72 21 379 44 20 380 9 28 380 99 28 393 49 25 397 2 21 399 60 10 400 13 21 405 67 12 413 67 28 414 42 7 417 52 1 419 58 4 433 2 2 433 43 9 437 7 19 439 18 22 439 86 9 441 1 27 451 77 22 457 22 20 459 23 28 462 57 10 465 81 17 466 81 29 468 77 24 470 10 30 472 73 5 473 78 26 477 16 7 477 61 2 480 25 14 480 78 23 483 74 17 488 30 29 489 72 12 496 42 7 500 38 4 503 3 14 506 22 23 517 54 7 520 6 25 522 81 16 526 60 27 533 56 4 533 57 13 533 82 10 537 86 2 539 30 8 539 36 29 541 16 9 541 73 1 542 14 11 546 91 11 547 39 28 549 70 15 551 79 30 552 72 25 553 1 6 553 51 28 557 78 25 560 30 1 565 88 9 567 82 26 573 45 6 574 25 12 576 18 22 580 28 1 580 51 7 589 1 25 590 16 18 592 35 11 596 4 6 601 68 21 603 13 28 611 95 29 615 81 31 619 27 1 619 43 19 626 33 3 627 11 28 627 44 28 628 68 19 629 36 28 630 83 20 632 9 28 632 70 22 633 47 8 635 8 10 635 16 26 637 100 17 638 74 0 639 23 19 647 18 27 652 15 26 654 68 29 655 75 29 656 24 27 660 80 12 661 69 0 667 42 29 673 3 22 673 39 13 678 30 26 680 80 9 682 79 23 688 42 1 691 77 8 692 72 5 699 6 27 706 27 28 712 8 24 715 34 3 716 53 20 716 96 31 718 98 8 727 97 24 735 36 23 743 13 17 745 74 25 746 92 12 748 16 8 749 96 28 751 81 0 753 3 13 753 68 31 757 14 19 760 51 30 762 47 21 764 45 21 767 44 0 767 80 7 767 91 31 771 80 4 775 39 2 777 2 29 777 42 21 780 72 7 784 64 13 787 15 19 795 77 6 795 90 13 796 7 3 801 2 5 809 65 14 813 53 10 816 99 4 818 34 27 820 44 1 826 0 31 826 86 23 827 38 28 827 81 16 831 42 4 833 94 7 835 39 0 839 34 31 839 72 13 840 26 14 840 38 0 849 29 20 849 31 5 849 53 24 852 45 18 858 94 2 860 16 14 864 55 8 867 74 16 868 6 18 868 81 15 869 91 14 870 52 0 877 43 0 879 11 23 882 8 27 882 27 6 883 0 28 884 59 18 887 88 2 888 81 10 899 39 4 901 52 15 904 18 30 904 73 14 908 52 23 921 27 23 927 63 6 928 80 4 931 8 20 932 45 31 944 90 16 946 35 5 946 96 28 948 21 16 958 33 8 961 4 4 963 65 30 982 66 2 984 43 11 985 0 9 985 18 19 993 83 0 994 34 27 994 68 10 995 47 14 1000 56 22 1002 49 20 1007 16 4 1009 2 6 1012 72 12 1017 15 8 1018 2 24 1021 98 12 1022 51 6 1023 16 20 1023 23 30 1030 76 13 1041 52 24 1046 58 8 1049 35 2 1050 31 3 1053 96 19 1054 41 8 1056 50 23 1057 9 15 1057 69 18 1061 88 2 1062 81 21 1065 91 21 1066 71 19 1069 49 1 1070 95 29 1072 82 12 1079 77 31 1081 2 28 1081 33 16 1087 15 5 1093 69 14 1108 5 18 1109 49 17 1110 61 24 1111 31 15 1117 39 12 1120 31 13 1121 96 29 1136 98 12 1142 96 28 1146 58 4 1149 51 31 1153 3 5 1154 58 1 1158 38 2 1162 16 27 1163 54 23 1167 54 3 1172 0 13
207 356 0.0001 72 61 12 73 30 21 78 80 9 80 52 1 81 24 12 89 47 29 95 98 18 96 71 22 99 99 4 101 89 23 102 36 17 104 90 29 107 46 1 109 35 5 113 17 3 115 87 22 120 98 23 123 96 10 129 97 19 133 56 10 133 83 29 141 80 2 144 16 10 147 97 2 148 0 22 150 69 5 152 0 2 169 45 22 175 87 4 178 58 3 178 63 1 179 34 27 184 75 23 184 78 24 197 23 15 197 34 4 199 58 12 203 81 7 206 2 21 212 30 2 212 50 17 217 51 12 218 46 17 221 14 5 221 83 26 221 87 31 222 25 26 222 100 31 224 0 27 226 55 12 232 27 11 247 46 26 248 87 12 249 23 19 256 95 14 257 23 8 257 96 1 258 16 31 259 100 22 264 30 23 264 92 18 265 91 6 267 35 28 272 46 27 279 57 12 281 43 1 282 53 28 296 85 24 299 27 23 299 77 17 299 84 22 301 76 1 303 19 29 304 74 4 308 76 10 311 1 1 311 35 18 314 16 11 320 8 8 332 44 5 338 74 3 341 100 2 347 40 22 352 8 26 353 30 16 355 39 28 356 77 4 359 1 7 363 59 17 363 61 24 365 80 18 376 49 7 380 78 28 382 25 0 392 47 21 393 90 20 397 51 25 399 89 31 400 80 12 405 56 27 405 92 6 409 85 29 412 26 18 415 7 30 423 24 21 428 85 29 429 45 23 431 52 28 435 9 22 440 2 18 440 49 4 454 36 9 455 91 26 456 61 17 457 83 6 466 35 24 476 90 26 489 61 16 491 11 17 493 35 8 494 19 16 495 7 6 495 58 21 500 3 18 504 70 16 508 68 9 510 5 24 510 86 9 511 33 28 521 44 19 523 100 28 527 19 2 529 26 1 529 49 18 529 66 8 533 0 17 540 22 0 541 78 11 543 11 0 547 49 6 556 5 11 556 94 6 556 99 28 566 55 20 569 93 5 571 66 29 573 71 21 578 78 18 579 7 17 586 15 1 586 32 21 588 32 25 590 36 22 598 34 22 602 62 3 608 32 8 614 28 25 615 68 14 619 42 11 623 22 28 625 85 19 627 69 2 633 35 30 635 52 12 636 57 10 636 65 17 638 39 12 639 86 27 644 96 16 645 57 25 653 76 21 654 7 23 654 62 22 655 41 19 655 83 13 656 48 30 664 95 30 668 51 25 671 35 17 673 72 16 676 41 19 676 66 11 677 70 31 683 49 14 686 75 7 691 78 0 696 26 10 697 35 25 698 30 12 701 27 2 702 86 17 708 38 16 708 65 4 715 48 18 716 62 8 716 88 28 720 91 22 722 7 30 733 80 11 734 20 0 739 37 14 740 45 12 740 92 23 741 97 29 743 19 31 743 87 13 743 96 19 746 35 2 750 65 18 754 10 16 760 35 12 763 79 9 768 45 25 771 4 5 771 17 0 772 81 27 773 2 0 777 73 3 778 35 19 780 35 23 781 49 26 785 34 8 791 96 12 799 33 22 807 22 31 808 88 0 813 61 17 814 48 22 815 18 9 816 0 12 816 59 3 816 82 10 816 92 30 820 53 6 820 61 12 821 55 0 822 35 27 827 14 0 835 5 17 837 33 24 839 87 31 844 93 16 858 98 11 861 29 13 862 97 16 863 43 11 865 43 17 869 63 15 870 2 29 878 64 16 880 38 13 882 16 0 884 71 17 886 27 9 887 18 6 887 98 10 888 69 7 890 28 4 894 28 7 900 8 25 902 27 13 903 88 5 906 56 16 910 73 2 912 87 29 914 14 29 920 82 17 921 69 23 926 59 26 926 95 12 929 17 27 932 66 28 934 52 2 942 22 2 945 90 17 947 96 6 950 46 11 951 70 18 955 23 2 959 34 22 960 13 5 967 9 15 980 68 0 982 54 0 983 41 17 987 17 4 990 51 15 991 59 11 994 20 26 996 63 17 1014 17 2 1015 3 11 1017 1 0 1020 11 3 1020 75 8 1027 65 11 1033 54 22 1042 49 31 1043 8 19 1045 82 31 1045 92 24 1048 27 7 1049 4 3 1049 35 21 1050 47 25 1057 37 31 1057 79 28 1059 67 13 1061 88 11 1063 31 23 1073 34 14 1073 71 10 1076 42 5 1076 84 31 1077 15 16 1082 71 20 1084 84 29 1085 27 0 1088 74 30 1089 7 28 1097 46 10 1097 92 15 1101 6 20 1105 56 0 1108 1 28 1108 70 11 1111 52 8 1115 49 20 1116 58 28 1118 26 29 1119 47 13 1120 44 4 1121 85 30 1121 95 7 1123 59 29 1125 61 23 1125 82 28 1129 14 22 1133 10 24 1138 84 19 1139 61 15 1139 71 11 1141 78 2 1143 83 13 1145 28 4 1145 65 18 1145 75 30 1150 27 17 1151 68 2 1158 61 10 1162 21 19 1164 77 31 1167 2 28 1171 25 27 1172 22 5 1175 100 18
208 356 0.0001 72 53 4 80 11 22 81 31 22 84 42 18 85 91 3 91 28 8 91 58 8 92 55 15 93 82 27 96 18 1 102 51 6 102 66 24 104 77 13 110 31 31 110 55 2 111 33 10 112 23 26 112 66 30 115 21 0 115 39 25 116 60 26 116 85 6 117 90 28 119 78 22 122 2 12 125 16 10 126 88 30 127 20 19 129 51 7 134 6 5 136 69 14 137 17 11 137 99 21 152 2 3 153 34 0 154 53 9 159 1 23 159 49 22 159 96 19 161 41 22 164 57 14 178 9 14 188 88 20 195 50 31 202 37 25 207 33 4 207 99 1 208 17 31 213 81 4 217 69 11 219 10 10 219 100 14 220 4 21 222 47 21 224 99 27 225 91 3 226 56 28 226 72 6 226 96 13 230 16 8 230 56 15 232 51 27 234 61 21 238 23 24 239 89 28 247 77 20 255 1 25 255 37 16 258 22 31 262 14 4 263 99 30 267 26 7 280 34 21 282 22 9 284 99 20 285 69 20 290 80 25 299 73 8 300 13 24 303 20 1 310 60 31 310 98 29 311 45 27 312 8 27 313 23 22 314 96 4 317 33 24 320 16 9 321 86 7 322 92 21 324 66 28 325 80 23 326 49 13 326 51 2 327 25 23 328 66 23 330 84 17 339 32 27 339 95 25 340 98 29 342 61 26 343 56 23 346 72 2 347 8 11 347 93 30 348 50 0 352 63 28 360 36 23 362 99 2 365 5 18 365 97 3 370 95 23 371 56 27 374 21 4 375 82 28 378 86 14 381 73 26 390 43 0 392 16 18 392 54 12 393 28 0 393 99 13 395 44 10 397 62 0 398 8 21 399 57 31 399 72 13 400 14 7 400 28 29 404 46 21 418 69 22 420 43 2 423 21 8 423 58 20 427 14 21 431 0 10 432 47 27 433 48 21 438 35 26 439 70 15 442 68 26 448 49 5 452 24 14 453 14 15 457 11 20 462 59 26 467 74 25 469 82 9 472 98 2 482 66 14 482 86 15 487 91 6 491 45 2 500 8 29 501 64 18 510 95 11 520 86 30 524 6 8 524 28 25 524 55 2 528 95 17 529 1 30 529 96 3 530 59 22 532 86 17 538 30 28 542 61 3 546 68 17 550 6 23 553 95 16 554 19 2 565 26 8 570 33 3 571 24 3 574 28 23 576 34 27 576 62 13 578 94 23 579 70 28 583 12 19 585 60 21 587 90 5 597 95 13 607 50 17 609 84 14 611 36 16 621 0 19 622 62 20 624 6 8 626 81 23 628 61 5 634 94 6 636 15 16 638 46 18 639 57 20 639 85 1 640 87 21 650 39 11 651 39 12 652 5 15 652 34 21 654 19 4 657 21 5 658 45 14 660 57 13 667 59 26 671 45 14 673 98 26 677 59 22 680 32 5 682 24 28 683 24 12 685 83 21 688 3 12 689 34 3 690 61 11 698 76 19 702 25 24 705 15 30 705 57 31 711 72 3 725 26 3 726 44 28 726 96 2 729 91 26 736 33 28 739 55 13 746 28 27 756 23 14 756 39 11 757 23 28 758 67 16 762 67 17 763 46 20 766 89 10 779 86 22 782 4 9 784 41 4 789 51 16 791 95 23 792 27 19 795 67 25 797 45 30 798 81 10 805 16 23 807 26 17 811 1 18 812 6 13 817 42 5 821 89 4 822 37 31 825 48 15 832 51 22 835 71 14 842 70 7 843 45 22 844 65 22 854 35 13 865 6 19 873 65 24 879 86 20 880 20 15 884 83 3 885 60 27 887 40 4 888 20 16 888 77 3 893 47 25 900 22 26 900 49 1 906 90 15 909 10 28 921 58 3 922 18 8 929 59 6 929 76 1 930 50 26 937 66 15 945 56 21 945 72 10 950 90 27 951 41 16 951 74 10 968 92 7 972 94 9 973 35 28 985 46 21 985 49 19 986 46 20 986 93 20 994 11 3 996 9 25 1002 69 13 1003 57 24 1008 1 27 1013 44 15 1014 1 3 1014 12 7 1015 79 27 1016 24 8 1020 15 6 1023 56 7 1024 75 21 1025 13 15 1027 51 4 1029 13 22 1039 53 9 1041 15 4 1047 11 28 1049 19 16 1049 28 27 1049 91 22 1054 57 5 1055 37 15 1056 5 22 1056 21 7 1056 28 9 1061 47 23 1065 50 12 1065 82 29 1073 75 0 1073 75 4 1074 30 0 1081 21 24 1081 83 26 1083 20 1 1083 73 3 1084 34 24 1085 56 6 1090 28 15 1091 82 9 1093 28 22 1095 10 27 1101 93 7 1105 65 12 1113 86 17 1123 18 7 1126 5 17 1128 93 6 1131 82 7 1135 37 30 1135 72 13 1139 30 17 1141 17 25 1143 68 31 1146 14 9 1150 5 8 1151 58 30 1153 30 13 1153 77 11 1155 2 27 1157 50 31 1164 37 23 1165 60 17 1167 46 28 1172 18 19
209 356 0.0001 73 79 16 78 42 30 79 71 24 80 3 28 81 49 0 83 14 7 84 68 4 87 53 0 91 44 18 91 99 31 92 47 1 99 93 29 105 8 27 107 26 21 111 35 5 111 51 17 113 75 27 117 62 20 118 17 21 126 49 14 129 83 7 132 68 11 139 26 23 140 70 26 141 54 11 144 24 11 150 35 6 150 94 28 155 34 27 158 10 1 160 35 14 164 71 25 167 6 26 168 57 29 171 68 2 181 54 16 183 82 19 196 94 1 198 27 29 201 41 29 206 23 5 208 27 16 208 56 11 212 26 29 218 87 28 219 38 14 220 47 11 222 40 30 223 18 2 223 96 4 227 21 0 227 94 23 230 19 16 233 26 2 247 58 24 247 85 17 249 91 31 253 70 28 254 80 5 255 80 3 258 58 16 267 9 28 269 3 18 273 57 18 274 9 24 278 58 2 285 90 18 286 36 7 287 76 25 297 58 21 297 72 18 301 65 3 304 99 3 307 70 20 311 30 29 312 8 1 319 77 9 321 71 22 322 90 16 323 35 6 325 64 8 326 85 6 327 5 30 331 73 23 332 37 16 336 99 26 343 35 21 345 57 15 347 100 24 348 11 28 348 61 18 355 77 10 356 92 23 357 72 11 364 0 5 369 37 21 373 86 27 384 70 24 386 53 6 388 63 20 391 20 27 395 38 8 399 74 19 401 84 17 409 39 18 413 20 14 416 13 17 416 22 22 419 57 12 422 23 17 424 76 0 426 40 4 431 80 23 432 80 15 434 54 30 437 39 21 441 40 2 443 48 9 443 62 26 446 86 13 448 82 7 450 73 29 450 81 10 451 3 14 451 46 31 452 52 20 457 4 13 457 35 4 460 28 22 461 48 4 464 53 15 464 88 8 466 4 6 472 5 25 478 43 31 478 82 24 481 6 19 484 4 9 487 8 8 487 44 5 487 76 7 488 34 29 490 54 22 490 86 22 496 9 21 496 56 13 497 44 23 500 10 1 504 39 17 505 64 19 507 44 0 521 24 19 523 5 18 527 39 8 531 33 1 531 67 1 540 30 12 540 100 2 553 0 13 554 84 15 557 9 6 560 66 16 564 14 18 564 74 14 566 1 3 567 37 9 568 67 29 574 10 13 577 86 3 578 26 25 578 72 13 580 36 6 580 58 1 595 40 31 598 58 27 599 5 0 610 4 7 614 22 6 621 58 18 624 46 31 631 54 26 634 37 5 639 9 2 645 2 17 645 14 18 645 30 17 647 71 22 648 93 7 649 14 8 653 68 25 659 19 14 660 77 26 661 37 15 667 73 5 670 68 15 676 79 22 679 81 29 680 20 8 693 63 19 694 13 3 697 25 25 698 74 4 699 91 6 701 32 7 705 22 16 705 92 6 716 77 18 721 90 13 721 93 28 722 69 0 725 55 0 726 65 20 731 74 13 734 37 31 739 30 30 745 47 8 746 84 23 755 56 7 763 89 18 764 34 9 766 41 3 767 96 13 773 16 7 773 61 21 774 10 17 777 52 11 778 76 14 786 6 28 787 44 8 787 50 5 798 59 6 798 66 30 799 59 3 806 32 31 809 27 31 814 80 30 815 81 28 820 26 0 820 77 4 821 78 8 823 98 13 824 35 17 825 55 11 828 9 0 830 14 22 830 56 3 830 68 17 833 22 19 835 75 28 835 79 18 838 79 29 839 59 15 842 76 21 842 83 31 854 40 26 857 37 28 857 63 16 863 73 24 871 94 30 874 83 2 875 22 30 876 46 1 876 68 11 877 47 5 879 43 2 883 40 2 886 90 23 888 29 21 890 25 8 895 2 17 898 39 0 898 70 11 899 66 20 905 100 6 908 94 29 918 80 21 936 12 30 939 55 13 939 81 3 941 53 29 942 48 21 945 22 20 955 84 23 955 85 22 957 78 4 958 42 28 962 30 1 965 55 18 967 0 31 971 6 13 972 80 25 974 27 9 974 50 15 974 74 10 977 1 7 978 39 11 980 82 26 983 100 17 985 8 10 986 80 23 992 87 22 994 38 7 999 40 11 1002 45 14 1002 70 12 1003 3 1 1006 1 24 1007 50 12 1008 36 24 1009 54 6 1016 57 5 1017 85 31 1017 100 5 1021 4 20 1027 54 19 1031 93 16 1032 3 23 1032 84 4 1036 35 28 1036 59 6 1040 85 11 1042 27 9 1043 77 22 1044 70 12 1048 67 23 1055 29 26 1055 79 24 1057 30 30 1060 86 8 1062 58 4 1062 89 9 1063 75 16 1064 74 26 1070 79 2 1078 2 20 1087 80 19 1101 66 6 1102 36 12 1105 100 0 1106 15 26 1108 68 30 1117 50 12 1122 69 30 1126 9 30 1126 82 15 1129 50 16 1131 3 9 1131 66 8 1135 42 24 1139 78 15 1141 48 9 1144 5 7 1149 93 26 1152 51 28 1160 100 1 1161 16 10
210 356 0.0001 72 13 4 72 51 6 75 15 12 76 54 0 76 100 29 78 69 6 80 49 10 92 79 8 93 42 18 94 11 26 94 52 10 97 33 20 99 76 22 104 65 30 106 51 19 111 36 28 112 19 13 113 78 24 116 61 11 117 69 3 118 77 16 123 80 12 131 4 0 132 6 3 133 10 23 136 29 18 136 66 29 144 99 3 145 2 27 145 71 26 145 93 12 146 10 13 146 72 20 146 96 21 147 60 5 155 32 7 155 65 6 156 89 24 161 70 0 162 46 10 166 89 22 172 34 10 173 99 24 174 26 13 175 84 21 181 38 0 184 53 12 186 73 16 189 73 23 192 58 15 194 60 18 197 72 10 199 11 1 202 31 6 204 87 3 205 32 24 205 75 21 212 52 21 213 12 11 213 93 4 214 40 12 215 72 9 218 25 29 219 54 5 220 5 27 221 49 14 223 82 7 224 32 17 226 69 30 227 46 16 228 29 19 230 3 27 232 98 16 237 51 2 241 46 21 244 52 1 244 58 1 245 11 4 246 73 29 251 95 25 252 97 7 254 19 31 255 14 3 268 64 23 274 18 29 274 45 28 275 91 22 278 19 18 278 51 28 280 14 19 284 4 25 290 97 17 296 81 23 298 76 11 299 94 13 301 31 28 309 74 6 326 66 13 327 63 25 339 72 20 342 49 29 343 8 1 348 14 12 359 67 28 361 43 11 362 97 17 367 88 6 372 87 30 373 16 2 375 55 4 378 28 20 378 45 28 379 86 4 380 3 10 380 70 13 381 74 26 382 66 15 384 84 28 393 58 22 395 85 19 396 65 6 411 76 31 412 91 30 416 75 3 421 22 6 423 88 6 429 56 24 435 13 3 439 90 21 442 94 20 454 44 28 456 44 31 468 43 15 470 17 15 474 30 21 479 22 23 483 99 1 486 54 17 491 10 31 495 19 11 498 3 20 504 65 6 506 93 24 507 91 10 508 55 12 512 62 31 513 99 17 515 2 16 515 58 3 516 76 28 520 55 13 523 70 27 525 56 31 528 41 26 531 57 29 532 39 5 534 51 12 538 8 25 541 70 14 547 0 2 549 94 18 556 99 1 566 67 22 567 22 29 568 1 18 569 63 28 573 74 27 574 63 7 575 44 28 583 75 0 584 63 22 586 63 28 588 28 15 588 94 4 590 65 14 591 13 19 591 80 28 596 72 21 603 88 0 605 45 9 607 87 14 608 98 12 614 91 7 626 92 2 627 95 22 629 54 13 636 20 22 636 63 6 639 78 0 641 58 10 644 97 28 646 86 21 649 89 21 650 31 9 658 8 5 664 95 26 669 13 22 669 65 4 672 84 17 674 78 8 675 47 26 676 81 26 677 73 18 679 16 21 684 98 25 692 2 23 695 58 8 698 22 30 705 41 2 707 12 10 709 91 28 718 33 13 721 50 26 722 61 21 726 11 27 726 35 26 727 38 17 729 46 11 729 75 14 732 70 29 737 43 27 743 78 13 744 50 21 745 2 21 746 20 7 748 86 1 753 40 16 754 42 23 758 63 27 761 56 31 763 55 3 764 22 6 765 49 2 766 20 24 770 16 12 773 1 27 780 14 7 781 98 3 784 21 23 804 78 3 811 81 26 812 28 28 813 83 28 814 73 6 816 96 31 821 57 10 829 48 31 830 51 28 834 24 25 834 84 23 837 22 26 856 96 30 863 39 29 865 76 4 866 3 0 866 38 14 869 57 12 872 59 16 878 81 7 879 24 23 879 78 19 887 61 15 890 96 20 892 85 23 892 97 2 894 44 24 901 87 10 902 28 25 905 26 14 906 20 4 920 7 14 923 33 22 925 10 6 925 15 9 928 76 7 928 77 18 931 22 28 931 56 26 931 80 13 932 89 1 935 35 15 935 71 0 941 41 0 941 58 9 945 54 13 947 71 29 949 44 1 952 94 0 954 9 30 954 95 21 956 26 29 956 33 26 957 82 24 962 90 31 964 90 16 971 73 29 976 64 14 980 72 28 982 14 28 984 79 13 985 2 8 985 41 7 986 97 8 990 60 26 991 52 2 996 73 1 1001 27 26 1002 76 30 1008 4 14 1014 1 1 1021 59 4 1023 55 28 1023 81 31 1023 83 0 1024 12 0 1026 19 13 1031 68 12 1035 41 5 1038 47 28 1058 3 12 1059 71 17 1062 83 15 1068 55 6 1070 4 4 1073 11 20 1076 19 24 1076 34 9 1077 93 30 1084 53 26 1086 66 14 1092 13 26 1093 0 23 1102 65 21 1104 52 13 1108 90 0 1113 42 10 1115 34 14 1118 3 4 1126 42 28 1127 34 27 1128 65 23 1133 73 30 1136 3 0 1136 97 25 1153 75 13 1154 16 2 1155 40 12 1156 9 11 1159 19 30 1159 34 13 1160 51 24 1160 63 0 1165 6 28 1165 14 5 1170 54 24 1175 8 18
211 356 0.0001 73 96 3 78 49 23 80 78 18 81 20 22 82 62 0 85 13 12 85 61 20 86 70 1 88 7 29 89 74 24 91 61 16 95 37 14 95 47 3 96 28 20 98 17 13 99 62 31 101 68 4 111 90 25 115 62 9 125 25 14 127 5 8 139 15 23 139 86 28 141 77 0 145 54 6 147 91 5 150 82 24 150 94 22 155 48 16 157 71 1 164 18 4 165 41 0 167 20 5 168 56 20 173 84 14 178 93 9 185 32 5 186 45 23 188 1 6 192 97 9 195 24 10 195 66 23 197 74 5 199 48 27 200 69 24 202 20 15 205 24 28 205 100 10 219 40 10 221 21 4 226 40 16 229 38 28 239 94 10 247 61 7 247 91 12 254 1 17 255 58 31 262 81 25 276 74 2 285 64 7 287 49 31 290 73 15 292 32 16 300 96 10 325 6 16 328 66 17 331 2 6 333 13 27 334 71 9 335 31 31 345 26 8 346 6 8 346 8 12 347 64 7 347 91 5 350 72 10 354 25 17 354 31 10 359 89 21 360 16 8 364 51 30 364 76 21 365 94 30 369 81 8 372 60 2 373 67 3 375 97 21 382 95 20 385 48 29 394 57 3 403 74 27 405 28 26 407 38 1 410 92 24 418 47 29 421 11 14 422 9 29 422 47 28 426 22 1 431 59 6 434 81 12 444 15 12 449 2 19 450 31 22 453 53 6 459 86 24 461 39 14 463 97 10 469 58 31 475 88 27 478 70 23 481 88 15 487 82 9 488 30 10 489 12 7 492 49 5 499 38 19 503 51 2 509 53 26 512 92 22 515 74 16 520 4 27 523 79 8 523 86 25 525 1 21 530 64 7 531 13 5 535 60 16 538 64 19 541 33 2 543 84 3 548 29 8 548 90 11 549 41 24 554 67 6 559 32 26 566 48 20 568 38 6 569 19 30 571 37 27 573 51 31 585 38 1 591 90 11 592 47 3 592 51 5 597 58 28 599 77 16 600 58 30 601 0 22 604 34 28 607 9 11 607 62 31 610 38 14 618 49 8 620 16 14 626 99 1 627 35 24 628 92 25 631 85 11 631 86 1 635 26 21 636 77 0 639 29 27 640 94 20 641 47 0 642 49 17 643 21 18 645 39 23 646 15 6 649 82 20 650 3 7 650 77 12 650 85 16 655 11 25 655 82 6 657 21 1 662 90 25 663 98 18 665 20 25 684 1 17 685 60 1 688 75 18 690 22 15 692 3 6 696 42 22 698 28 31 699 32 2 701 47 17 706 72 6 715 29 0 718 45 11 718 64 29 718 87 31 721 2 12 724 84 4 729 66 1 730 21 5 732 17 11 734 83 3 736 85 28 737 18 21 748 55 27 750 96 12 751 20 22 753 97 13 755 2 8 759 15 29 761 68 12 764 86 3 767 45 3 769 28 1 771 50 28 774 0 25 774 19 6 775 85 13 776 12 12 777 28 8 780 83 10 782 68 4 783 25 14 785 21 23 786 61 18 791 68 5 791 98 21 794 37 10 806 7 23 807 48 30 814 17 0 817 32 12 821 88 20 821 96 13 833 17 7 837 24 23 839 11 13 843 86 1 849 6 3 851 53 14 853 65 5 854 79 14 857 2 2 859 51 31 860 4 29 860 20 14 867 56 10 868 62 12 870 15 26 871 89 13 872 12 31 875 51 23 879 71 14 880 91 22 881 31 11 884 68 9 886 75 29 895 44 4 895 75 1 895 97 15 898 48 30 901 33 22 905 23 13 906 63 12 906 81 18 914 12 20 919 25 4 919 66 28 919 67 6 920 17 17 920 85 22 923 89 19 925 11 16 930 35 16 931 39 5 931 100 23 938 58 9 940 14 1 944 28 14 945 66 23 951 88 28 952 89 20 953 77 12 956 35 14 958 7 5 968 0 1 972 88 3 973 88 1 976 74 17 977 67 24 978 63 30 980 46 12 981 78 17 983 75 2 984 41 7 985 12 7 987 27 25 989 6 9 992 91 27 997 58 27 1009 13 13 1009 32 22 1013 28 25 1019 3 15 1024 55 26 1027 72 10 1028 8 18 1029 17 18 1033 54 20 1034 90 31 1036 12 29 1037 11 23 1040 23 29 1044 37 4 1058 57 10 1059 16 10 1061 16 19 1063 65 22 1065 56 11 1066 98 14 1071 58 20 1071 69 21 1080 26 9 1081 23 31 1087 31 9 1088 23 11 1091 94 25 1094 34 16 1094 38 12 1095 41 28 1099 25 13 1107 4 29 1109 56 12 1109 91 27 1111 18 18 1113 40 21 1118 0 30 1119 97 3 1120 62 10 1123 11 20 1128 70 15 1131 45 24 1132 84 20 1133 90 21 1134 96 9 1136 18 12 1141 23 12 1141 62 0 1144 50 2 1151 45 9 1151 58 18 1153 35 27 1155 88 14 1158 33 3 1160 59 21 1168 14 18 1168 28 23 1170 87 6 1172 54 6
212 356 0.0001 75 0 30 82 22 16 82 72 5 86 21 3 87 60 24 93 82 9 93 98 28 94 31 21 94 71 2 95 84 12 99 12 8 100 62 17 101 18 8 102 57 22 106 4 16 128 82 15 138 6 21 140 19 14 146 6 19 149 9 23 151 36 29 154 96 2 160 62 12 171 67 0 174 28 28 177 81 29 182 81 19 183 55 13 184 75 23 191 95 22 200 84 13 201 10 29 202 34 17 202 86 9 210 46 12 211 95 27 214 37 18 215 29 8 222 66 10 222 73 30 224 27 12 224 80 19 225 47 19 227 19 9 231 49 17 232 81 11 233 58 3 236 77 27 240 40 29 240 84 5 243 61 28 246 28 30 248 51 4 249 57 2 249 67 12 254 30 9 255 6 27 256 19 4 257 14 28 257 40 16 257 75 11 259 27 15 266 48 31 268 3 19 269 62 20 270 29 15 274 6 30 282 64 2 287 14 5 288 10 29 290 69 17 297 20 12 302 19 12 318 35 26 319 19 30 321 5 31 323 58 11 324 4 21 324 73 11 329 42 23 341 0 19 343 10 18 345 2 27 346 37 17 351 74 21 355 80 29 361 8 7 364 15 0 365 65 23 366 38 7 368 5 0 371 20 9 372 17 8 372 83 31 374 33 31 375 34 1 379 8 19 385 45 19 386 63 15 387 3 26 387 37 28 388 16 21 390 75 4 391 89 14 391 96 29 393 58 25 393 96 31 396 55 10 397 3 14 398 62 31 404 83 18 407 63 21 408 52 19 411 34 10 416 52 12 416 63 14 417 20 14 419 57 11 420 47 8 421 50 30 422 47 14 428 49 29 431 9 7 434 48 24 434 52 16 439 9 14 446 86 6 447 85 16 448 39 15 453 89 7 456 43 1 457 33 28 457 61 30 460 3 4 461 54 23 462 50 16 470 42 18 471 59 0 473 2 30 475 87 16 484 11 19 490 71 14 491 41 28 491 51 18 492 40 19 496 85 28 497 1 6 498 30 2 503 30 10 505 62 30 506 90 29 510 27 21 510 69 25 511 80 12 513 99 27 516 43 11 517 53 24 519 57 12 519 83 18 520 80 3 522 55 12 522 96 0 525 19 12 528 39 24 530 60 15 537 78 7 539 51 20 542 33 21 544 37 15 553 18 3 557 28 16 560 9 8 568 41 13 569 100 31 573 25 6 573 26 16 573 80 18 577 85 27 581 40 4 582 12 25 587 20 29 588 49 11 592 38 18 594 9 11 595 5 22 596 17 22 596 73 6 600 33 14 600 71 0 601 99 25 610 98 6 611 4 5 617 26 8 619 17 9 621 48 17 622 93 21 630 37 20 630 61 21 632 17 31 634 89 5 642 88 8 647 11 26 654 52 26 657 83 12 661 28 5 663 71 20 668 59 7 674 51 8 676 87 30 680 78 28 683 47 16 683 94 14 686 10 4 691 80 7 698 45 25 699 12 17 707 50 30 710 41 30 710 48 27 718 68 1 720 54 14 721 1 31 725 38 6 728 24 3 729 19 24 731 88 14 737 24 1 742 26 11 755 30 19 755 51 13 763 6 24 766 57 6 768 65 24 771 86 24 779 84 4 780 33 25 780 36 27 780 100 21 782 23 12 782 50 2 782 99 26 786 81 30 788 51 4 789 91 21 792 3 5 793 57 7 796 37 20 798 92 19 799 86 20 808 49 15 818 54 14 821 84 0 826 83 21 831 64 6 832 39 18 837 53 23 839 88 3 843 3 15 845 15 2 849 13 23 857 14 11 861 58 30 866 77 17 868 9 31 868 29 26 870 45 1 873 17 22 874 23 25 876 82 6 882 59 8 895 54 1 900 37 18 900 49 7 902 56 27 904 19 22 914 72 14 918 67 11 919 67 2 924 26 7 927 91 28 932 87 8 934 82 15 936 36 27 940 79 28 945 39 25 948 92 5 950 17 7 952 34 8 955 9 16 957 78 22 961 58 13 962 10 11 965 58 29 967 56 31 971 81 19 975 85 17 978 78 30 981 98 17 991 8 9 992 47 19 994 11 16 997 53 0 1000 28 31 1012 4 9 1012 4 12 1016 32 7 1018 84 0 1020 21 17 1024 96 20 1025 40 4 1026 80 20 1034 47 15 1042 51 31 1045 38 17 1045 63 14 1046 57 18 1050 21 29 1052 69 20 1057 49 4 1066 39 3 1069 6 30 1072 25 5 1075 82 19 1076 21 11 1078 29 4 1078 74 27 1084 21 23 1090 55 19 1091 58 22 1094 85 10 1095 19 21 1096 88 22 1097 1 3 1100 24 4 1100 28 28 1101 69 31 1103 17 27 1106 96 29 1114 81 28 1117 11 24 1118 29 4 1124 49 24 1126 16 21 1128 56 2 1133 97 13 1135 39 21 1135 74 6 1136 82 13 1142 71 20 1145 47 24 1149 100 2 1162 27 24 1165 71 25 1168 58 7 1169 66 9 1170 95 4
213 356 0.0001 72 45 21 75 26 18 76 59 9 83 83 6 99 21 0 99 34 21 100 24 4 113 76 5 120 58 25 122 12 3 126 62 27 127 91 21 133 85 18 137 54 10 146 96 29 151 48 21 153 27 11 155 92 8 157 89 12 159 61 15 160 16 5 168 63 14 172 57 14 174 18 25 176 89 13 179 50 28 185 3 7 187 27 7 194 32 31 195 40 13 198 3 21 199 64 25 200 26 22 201 40 29 209 45 0 210 56 11 218 17 12 220 58 25 220 61 27 224 19 17 225 9 1 226 96 14 227 15 12 231 58 24 235 72 20 237 62 10 237 87 28 238 72 14 241 55 16 242 61 25 243 37 16 247 4 3 247 60 22 250 55 24 251 87 28 253 70 21 257 45 26 257 100 14 262 26 17 264 34 5 264 67 2 271 59 14 272 31 6 272 67 28 273 69 13 276 30 21 276 53 2 277 8 5 278 89 7 289 88 3 290 71 30 291 26 14 292 95 20 295 41 31 295 94 29 297 70 19 298 61 21 299 62 22 300 14 12 303 15 9 304 25 9 312 93 16 314 20 12 316 23 1 317 27 22 318 81 26 320 14 21 321 78 4 321 79 21 322 94 6 323 86 11 324 27 26 332 44 15 332 83 5 333 31 24 333 40 4 335 36 20 341 46 19 344 73 17 352 47 20 357 47 28 361 29 0 362 68 30 363 93 19 364 83 8 366 62 28 372 56 21 372 65 30 376 82 29 380 38 14 383 16 31 383 52 29 387 54 15 388 2 2 389 86 26 391 89 21 395 19 30 397 13 4 404 39 3 404 82 28 406 70 9 409 99 15 411 93 14 419 63 17 425 13 14 426 18 23 428 44 15 430 42 3 434 27 5 434 43 18 435 18 26 442 88 16 448 88 9 456 8 18 456 45 29 461 89 25 468 26 10 468 35 2 470 49 7 471 49 23 473 56 8 473 100 3 480 97 12 489 44 0 491 68 28 492 38 30 497 66 17 506 60 26 506 70 2 511 28 2 511 45 20 513 13 24 513 77 20 517 36 4 524 22 23 525 34 20 527 62 16 528 88 12 532 29 12 534 93 10 536 53 1 540 63 30 544 27 12 554 63 20 554 85 17 555 37 18 558 11 22 558 68 11 558 92 14 563 24 2 563 41 1 565 23 25 569 18 24 569 72 10 574 39 21 574 85 9 575 24 3 578 8 23 579 38 14 582 69 18 584 18 19 588 64 6 589 62 1 590 69 27 594 6 10 594 96 15 596 35 5 605 24 1 611 10 22 611 55 2 613 47 0 617 76 13 619 2 22 628 66 27 630 8 18 631 45 6 631 74 10 635 43 7 636 27 21 638 55 23 643 69 23 647 82 20 652 15 21 653 30 25 655 84 29 665 18 8 667 64 30 669 25 20 669 69 29 674 45 16 675 50 4 675 82 11 679 58 4 682 86 8 684 47 17 685 8 26 690 13 9 690 51 24 690 97 28 691 64 5 692 96 3 698 7 18 700 0 7 700 44 7 701 45 20 703 70 9 704 90 21 705 62 10 711 87 12 712 87 30 720 4 15 721 38 10 721 39 18 725 98 30 727 62 26 729 5 25 753 5 30 761 0 18 762 83 11 768 54 23 775 47 11 783 67 23 785 1 28 786 38 19 802 75 10 806 54 15 811 82 29 814 94 9 816 42 31 818 60 30 819 80 30 822 72 20 823 20 0 823 88 12 826 69 6 827 75 3 831 65 31 845 13 5 849 89 20 855 34 3 859 67 25 861 92 1 862 21 30 874 46 13 879 5 5 879 41 8 880 34 20 887 87 4 894 29 14 897 0 7 900 46 17 901 58 6 906 77 4 913 60 23 915 57 23 918 13 4 919 22 26 921 12 19 923 87 13 926 95 29 927 95 15 931 80 31 934 59 22 935 79 31 944 91 7 946 16 19 948 62 20 950 0 16 952 27 4 955 12 14 957 90 17 958 96 22 960 31 27 962 16 26 965 88 13 968 66 21 972 18 6 975 92 31 980 69 6 981 95 26 986 19 10 986 48 25 986 76 0 990 31 27 999 44 14 1004 29 6 1005 66 24 1007 2 25 1008 72 6 1009 53 8 1017 47 22 1019 12 1 1019 67 14 1023 76 9 1031 39 12 1038 7 4 1039 60 23 1039 89 31 1041 41 25 1053 7 30 1054 81 14 1065 60 7 1066 61 23 1068 35 14 1074 25 15 1074 36 4 1075 7 5 1075 68 22 1077 49 23 1090 75 5 1092 26 28 1094 26 26 1095 56 21 1102 53 18 1106 31 2 1108 24 18 1112 32 13 1114 52 4 1116 66 3 1117 76 4 1118 21 31 1118 32 15 1121 24 22 1125 8 4 1125 96 25 1128 31 28 1136 79 9 1137 11 8 1144 60 19 1154 20 18 1156 48 5 1156 75 17 1157 3 0 1159 5 21 1162 25 6 1162 40 26
214 356 0.0001 73 96 22 74 92 3 78 8 10 78 62 3 80 8 26 81 66 12 83 95 8 85 4 28 89 69 27 92 88 14 96 3 0 96 4 0 104 81 15 105 8 18 105 14 9 105 81 20 109 96 19 112 4 9 118 63 24 119 41 11 122 96 9 123 22 0 126 9 22 127 48 11 130 40 23 132 20 7 132 80 29 133 62 25 134 12 13 136 61 9 138 58 11 142 66 14 143 90 24 149 9 23 149 38 26 163 86 15 168 5 24 169 2 10 169 90 26 170 0 6 173 34 5 175 19 15 177 45 15 177 68 14 179 7 7 187 54 21 188 33 13 192 38 9 192 62 4 197 54 8 199 29 24 211 2 19 212 27 20 213 46 23 214 55 12 215 67 15 219 56 9 221 81 12 224 66 16 229 12 21 236 97 24 237 48 2 240 54 2 241 10 26 242 64 29 243 17 2 248 52 4 249 27 12 251 100 13 257 60 16 271 65 22 274 7 17 278 79 21 279 29 29 279 56 16 279 58 4 283 13 4 283 92 1 286 99 13 286 99 24 290 67 13 291 67 18 295 79 9 295 100 8 296 99 13 301 65 21 309 48 13 314 16 8 319 33 1 325 79 10 330 44 23 331 87 22 336 9 10 336 58 4 338 13 22 342 51 26 345 24 31 347 88 22 355 41 1 356 64 31 357 44 6 357 46 6 364 63 0 370 5 18 371 67 30 375 82 7 376 58 10 377 91 22 381 13 9 391 31 13 391 100 16 393 77 22 393 85 29 394 33 26 398 92 15 399 78 31 401 55 10 407 14 18 412 72 8 416 33 16 417 36 15 417 66 13 419 64 4 425 34 25 427 21 4 428 13 28 431 83 5 432 7 11 432 90 25 435 88 30 440 65 1 445 13 14 447 79 5 452 33 9 457 79 17 459 22 13 475 47 1 475 84 18 478 78 13 482 83 12 483 60 23 486 10 24 487 7 21 487 83 7 488 60 24 492 88 17 497 5 12 501 6 27 501 44 3 503 97 5 504 30 3 507 76 17 512 10 3 522 5 27 522 64 8 524 90 27 526 34 14 527 38 5 534 76 3 554 81 24 560 16 6 560 66 5 562 22 28 563 49 30 570 85 6 573 43 2 574 39 7 576 96 9 580 54 26 580 78 6 585 70 22 589 72 11 591 13 4 602 75 22 604 31 31 605 12 31 608 42 26 609 75 28 611 83 7 612 28 30 613 97 12 618 29 18 622 22 20 631 72 13 635 7 15 641 89 1 644 57 20 647 96 5 652 31 15 652 47 28 658 77 5 661 46 24 662 73 7 664 49 21 666 43 6 667 64 10 668 87 0 670 50 3 675 0 7 676 10 6 677 24 17 683 30 18 686 45 27 687 5 24 688 96 30 690 99 30 692 87 27 693 35 8 693 52 20 701 3 9 707 84 9 714 8 2 715 12 14 718 87 13 722 83 30 722 84 27 724 81 22 725 41 28 727 94 28 735 85 17 739 0 31 740 37 20 741 39 28 742 96 0 743 92 28 749 92 6 759 82 24 761 42 0 763 77 0 766 37 8 767 100 24 768 33 16 771 59 12 774 85 16 776 16 14 776 68 1 782 65 6 790 17 14 790 43 19 791 49 13 793 26 18 797 50 29 802 55 21 803 4 0 806 7 22 806 88 7 812 0 14 817 7 20 819 71 20 820 85 14 822 19 1 827 62 27 827 94 9 829 66 23 830 30 17 831 86 28 833 12 5 838 48 17 842 48 19 851 34 7 852 14 12 855 37 4 857 33 15 859 36 31 860 64 13 862 41 5 864 36 13 868 42 10 871 63 28 872 36 25 876 11 6 876 100 30 878 34 31 885 39 28 886 69 5 895 97 21 902 51 9 908 39 22 912 20 28 912 92 23 914 63 22 914 93 16 917 67 25 919 90 10 921 71 4 922 72 26 924 62 11 927 43 24 927 87 15 933 27 25 938 11 29 946 91 17 952 57 26 955 87 31 961 17 20 967 83 22 971 96 27 973 27 14 973 95 20 981 0 24 991 15 30 993 71 19 995 22 2 997 12 4 998 62 30 1004 41 20 1007 1 15 1009 62 8 1012 86 31 1015 84 22 1018 15 9 1026 79 15 1027 7 10 1027 86 4 1041 51 5 1041 68 30 1044 87 9 1046 81 28 1046 85 31 1054 20 7 1056 81 7 1056 83 10 1067 56 14 1068 53 18 1075 49 21 1075 95 9 1082 94 27 1083 69 6 1084 37 16 1089 26 20 1089 60 20 1096 24 2 1098 69 8 1099 8 31 1099 44 26 1099 77 8 1107 21 6 1109 20 14 1113 100 25 1115 66 26 1116 45 24 1116 72 8 1122 82 12 1129 62 17 1130 62 2 1131 25 23 1135 4 1 1135 36 1 1136 63 11 1136 69 29 1141 66 22 1144 62 31 1149 59 24 1156 66 15 1157 26 12 1165 74 4
215 356 0.0001 75 1 17 81 57 1 82 29 25 82 42 8 85 43 0 87 27 5 102 25 30 104 57 16 106 34 17 111 37 31 112 69 30 113 8 24 119 80 9 120 76 7 121 41 6 125 76 23 131 10 5 132 31 9 134 74 8 138 71 24 141 73 7 141 74 13 145 98 27 150 97 20 155 69 23 158 83 1 160 69 14 161 29 26 165 27 13 165 56 21 167 48 31 169 24 9 173 81 31 174 54 22 174 71 16 175 31 7 176 9 7 177 84 1 178 37 10 178 73 1 179 5 30 179 47 18 183 16 4 189 50 22 191 10 29 195 79 23 197 45 31 199 62 8 214 13 19 214 14 25 215 54 26 216 43 27 216 96 19 230 69 19 235 98 9 238 67 15 239 13 6 240 96 9 242 90 16 243 71 30 246 92 14 255 24 8 257 96 13 259 47 2 259 75 7 259 83 0 260 28 2 260 99 17 263 46 25 267 3 9 269 29 13 271 29 9 274 23 23 280 72 3 281 78 21 282 57 17 289 76 27 299 94 19 300 57 13 306 21 1 306 84 7 310 71 10 313 48 10 317 12 3 319 50 13 320 7 9 321 51 5 322 11 19 323 62 9 323 73 3 327 22 6 329 16 1 329 18 22 330 36 31 339 63 24 341 75 1 342 9 11 345 66 30 348 33 21 353 73 4 354 48 2 355 70 13 355 87 21 358 60 14 359 24 0 371 74 2 373 40 23 376 64 23 379 53 19 383 100 5 386 14 7 388 12 0 390 51 7 391 85 20 396 71 14 399 82 29 406 21 10 412 41 1 419 29 20 425 5 11 425 11 21 427 89 17 429 32 27 429 36 10 431 59 30 438 9 18 453 17 1 453 69 2 462 21 19 463 95 30 464 19 14 469 0 0 470 40 14 470 78 31 473 36 24 484 25 2 484 45 3 485 59 19 485 60 28 487 6 23 495 64 12 508 7 30 508 42 17 510 73 28 512 83 19 515 9 6 522 63 8 526 1 5 527 48 28 533 41 7 533 57 27 535 76 22 535 82 17 536 42 10 540 26 30 542 39 4 542 88 17 546 5 18 546 85 28 547 11 24 548 58 31 549 52 0 551 93 10 552 70 26 555 83 5 557 34 13 559 48 1 559 52 9 562 83 18 566 74 28 568 22 13 574 0 9 582 43 20 587 4 21 588 59 24 588 62 29 589 56 12 591 43 22 593 2 6 595 71 5 596 66 24 602 5 28 603 30 1 604 49 1 610 39 4 611 70 0 616 12 18 616 33 13 617 43 19 617 86 2 619 64 9 624 95 17 632 7 11 633 88 29 640 43 29 655 82 26 657 36 5 658 23 13 662 61 22 664 74 2 666 96 22 680 59 31 685 26 28 687 47 22 689 84 18 690 13 10 696 13 20 701 39 6 701 58 25 701 69 21 704 1 6 706 99 23 707 12 15 715 31 25 716 44 10 724 11 1 730 6 24 731 18 28 732 71 24 733 41 20 734 3 15 734 4 28 734 52 0 740 0 6 742 45 13 747 50 12 752 53 22 757 4 10 758 82 30 759 71 7 763 95 17 769 33 16 769 51 30 774 83 23 779 79 1 786 52 17 796 89 21 796 93 12 798 84 29 799 77 8 801 91 27 802 23 18 802 50 16 805 53 26 817 68 29 828 69 25 831 1 27 835 33 5 839 15 3 840 62 2 842 75 6 850 7 12 854 60 12 856 4 23 857 27 31 865 68 8 868 28 21 876 15 16 876 28 1 878 3 25 878 77 22 879 35 31 881 67 14 885 75 4 887 48 25 888 69 30 889 71 29 892 40 7 894 67 21 895 30 28 903 79 21 920 23 6 920 78 29 921 88 15 925 85 2 927 78 26 930 46 15 933 46 25 938 75 14 939 50 6 942 88 18 943 36 24 947 2 17 957 31 9 957 57 16 961 65 16 961 95 28 965 64 12 965 72 5 973 30 2 975 13 21 981 70 18 990 37 28 992 18 10 995 91 12 996 30 11 997 70 11 998 31 13 1000 62 4 1005 1 19 1010 76 20 1012 96 3 1013 41 29 1016 18 25 1021 24 5 1023 38 22 1026 61 20 1027 7 23 1027 25 13 1033 14 6 1033 34 27 1036 61 21 1039 5 31 1039 86 12 1045 83 11 1048 18 14 1050 72 22 1053 71 5 1056 89 2 1057 57 6 1057 89 0 1060 0 3 1066 1 4 1066 15 5 1066 25 0 1067 22 12 1068 100 9 1070 72 25 1072 23 24 1072 55 16 1076 29 6 1088 36 27 1088 38 12 1088 61 4 1097 73 16 1102 78 29 1102 91 16 1104 86 6 1109 90 27 1110 31 21 1121 36 1 1125 73 23 1126 42 15 1128 4 23 1128 14 23 1134 31 26 1134 98 16 1140 99 30 1144 75 5 1153 95 21 1155 28 12 1156 83 31 1163 46 28 1164 80 10 1167 28 25 1168 96 22
216 356 0.0001 73 68 7 79 64 0 87 87 22 96 61 15 98 7 16 100 10 20 102 78 7 105 20 25 106 61 11 107 93 2 109 21 17 112 57 1 112 94 17 116 8 31 116 46 15 116 85 7 119 48 14 119 73 20 121 52 9 124 39 0 128 29 1 128 77 16 133 98 1 135 42 3 139 17 9 140 85 5 142 93 8 144 79 26 147 6 12 148 53 17 150 65 14 151 9 4 153 19 28 154 17 9 154 22 15 158 11 30 158 30 2 161 80 31 164 49 27 167 58 13 170 47 31 175 64 10 176 40 16 184 97 27 189 2 13 195 69 26 196 93 16 199 45 21 201 76 31 202 33 31 207 27 10 210 25 5 211 34 8 214 71 7 215 80 16 220 22 3 224 16 0 231 56 11 232 62 25 237 33 23 238 21 23 238 94 13 240 14 21 245 25 11 253 51 0 253 53 31 256 95 3 257 3 3 260 77 8 263 2 6 267 46 11 267 77 6 277 18 17 278 44 31 281 34 2 282 80 30 285 72 24 286 99 11 288 54 17 289 64 1 290 23 31 302 2 3 303 69 12 304 60 8 315 54 6 319 34 13 319 48 20 320 74 0 322 54 16 323 33 21 328 16 15 332 68 30 335 83 2 338 34 24 340 58 5 340 75 31 346 13 5 346 15 15 346 50 2 349 31 23 350 63 11 351 4 26 352 38 23 358 49 10 367 5 9 367 93 19 368 60 6 370 81 12 375 58 16 375 74 19 380 30 2 383 38 0 385 89 1 392 68 5 393 80 30 395 47 20 401 36 12 414 24 6 419 12 7 420 96 13 438 41 10 438 76 25 439 31 31 442 2 26 442 72 1 443 45 18 446 95 29 449 94 27 454 31 28 465 3 13 465 67 15 466 89 1 467 15 18 468 2 19 469 59 17 470 83 25 473 20 2 473 54 2 475 63 7 478 34 6 481 39 1 484 84 12 484 100 25 485 24 21 485 67 25 486 59 1 487 8 29 487 34 4 491 7 10 497 76 27 502 27 17 503 32 6 508 82 9 510 9 18 510 35 16 522 71 23 536 53 26 538 93 3 543 29 7 546 37 27 548 19 2 552 71 1 557 20 22 561 71 19 566 26 3 569 90 8 570 52 12 576 22 6 578 53 25 579 24 26 584 95 23 586 34 12 587 62 27 594 43 21 599 98 2 606 26 29 612 94 13 615 49 6 623 91 19 625 42 4 628 70 31 631 77 23 639 3 5 641 68 10 641 96 26 643 22 10 652 2 30 660 62 6 662 40 27 662 84 10 666 55 7 667 64 24 667 74 18 668 62 14 674 71 8 676 15 0 683 11 4 683 40 31 690 15 8 699 31 23 703 19 11 709 37 16 709 58 24 714 21 6 716 88 13 719 98 4 723 70 14 724 81 5 734 55 6 735 79 7 737 95 5 741 32 25 743 40 21 743 74 9 744 17 14 745 2 9 747 15 31 750 43 28 754 4 27 757 72 15 762 98 22 763 50 9 766 29 23 769 92 23 771 28 9 774 33 7 778 59 12 779 95 27 781 81 28 784 93 24 790 54 25 791 45 9 792 52 0 802 14 12 803 46 11 804 81 16 805 16 8 823 75 19 825 66 3 827 67 26 831 9 22 831 19 23 836 74 24 839 43 31 840 55 30 841 44 16 842 53 24 852 91 29 862 16 7 866 63 23 868 97 20 869 35 27 874 95 28 881 9 28 890 94 13 896 96 21 897 58 11 897 94 2 899 71 13 904 26 21 909 34 10 913 11 25 913 98 24 921 65 4 922 61 15 923 22 4 925 32 24 931 20 12 934 82 30 936 37 0 940 68 17 942 39 21 954 74 22 955 67 15 960 21 25 961 3 24 962 65 2 965 72 4 965 98 6 969 79 10 971 39 5 976 30 5 976 100 6 978 60 29 978 71 5 982 54 1 985 66 14 990 97 4 995 88 1 996 89 8 998 24 1 998 69 0 1003 57 20 1006 80 27 1008 3 4 1008 96 18 1009 48 1 1009 94 21 1014 9 24 1015 31 13 1015 65 26 1018 28 15 1019 4 14 1019 87 19 1026 69 21 1030 18 11 1033 80 16 1041 12 9 1043 31 11 1044 72 25 1049 46 27 1051 22 18 1053 25 9 1058 91 19 1059 43 17 1061 49 2 1065 77 6 1066 13 20 1067 48 23 1073 3 8 1074 92 4 1075 47 26 1078 6 6 1078 7 18 1081 76 24 1093 53 11 1095 7 8 1096 3 7 1100 94 7 1106 30 7 1106 79 3 1106 98 11 1107 10 17 1107 16 16 1108 42 28 1111 6 8 1111 56 3 1115 24 20 1116 51 20 1116 71 1 1118 26 28 1126 46 12 1128 46 6 1129 7 20 1132 25 31 1141 100 22 1142 4 23 1143 14 5 1144 86 17 1146 1 31 1148 0 0 1153 51 16 1153 61 19 1164 28 21 1170 94 23 1171 71 24
217 356 0.0001 72 23 12 73 100 22 84 88 18 86 19 2 87 24 6 93 100 18 95 91 6 101 15 4 101 29 2 102 99 26 103 96 30 105 37 18 105 87 20 109 97 13 111 78 4 113 2 24 114 98 6 116 16 23 118 26 17 118 41 0 120 81 10 126 84 1 128 36 20 128 77 16 133 8 28 137 72 31 146 73 31 149 56 24 149 69 20 150 47 9 154 43 21 158 7 5 159 9 13 159 50 15 162 18 0 163 21 17 165 67 3 167 82 9 169 9 30 171 37 25 184 12 5 188 23 1 197 92 15 199 61 20 203 91 20 206 55 6 206 68 6 212 52 19 213 31 17 220 6 27 222 36 20 233 96 5 235 47 1 238 79 11 239 73 19 247 77 29 251 39 16 258 20 14 259 6 28 259 16 24 262 90 13 263 86 8 264 15 9 266 5 0 271 85 11 277 3 29 279 33 16 281 11 7 281 40 31 281 43 4 281 87 15 286 42 5 286 45 22 305 66 25 306 99 9 308 37 29 311 88 2 315 69 10 320 15 17 320 36 0 321 80 22 326 36 1 329 90 23 329 94 24 334 79 7 338 66 23 347 81 1 350 11 27 351 41 18 352 61 18 359 71 14 366 33 9 368 5 7 376 7 9 377 60 0 381 58 21 384 69 26 392 60 18 392 82 3 394 27 31 394 44 25 395 2 1 402 28 8 407 48 27 407 69 8 415 23 19 417 9 28 417 43 1 417 79 4 420 30 8 421 79 29 424 95 1 426 9 15 428 42 29 429 62 21 430 77 10 434 22 17 438 57 13 440 10 25 441 87 12 444 53 25 448 73 21 449 98 13 453 93 22 454 90 22 459 66 12 479 38 10 485 11 3 485 37 10 487 99 21 492 73 26 500 61 20 502 26 29 503 55 1 504 84 10 505 5 31 507 48 23 507 60 16 507 70 20 508 41 19 508 54 0 512 7 5 515 8 4 517 38 29 523 47 18 526 27 24 526 37 31 526 71 27 528 97 24 530 1 0 537 8 29 537 28 26 538 85 8 550 56 17 551 49 18 554 17 30 555 48 22 562 95 31 563 25 27 566 26 9 567 10 31 569 95 0 570 7 30 571 99 20 577 47 18 578 29 21 578 77 22 579 79 25 583 76 11 585 75 16 586 86 1 590 49 25 594 75 12 596 19 23 602 7 29 602 43 7 603 50 5 615 22 16 622 46 16 626 51 29 629 62 23 637 83 5 640 18 6 641 33 10 644 67 13 645 20 11 653 43 1 657 4 4 659 35 6 668 75 6 669 25 20 669 100 21 672 5 26 672 20 8 678 23 10 684 24 14 684 83 3 687 4 19 688 3 4 688 60 25 689 14 7 689 24 13 690 98 13 692 1 20 697 18 31 698 52 29 702 8 0 703 46 1 704 9 1 704 47 9 707 93 8 708 6 0 710 63 28 713 12 16 713 16 25 713 74 2 721 63 25 723 2 23 724 78 28 729 18 18 733 42 13 736 83 5 737 67 7 739 33 18 749 85 5 752 70 1 754 1 16 760 60 9 761 2 13 762 73 15 766 72 18 768 95 6 769 2 7 769 12 9 775 36 2 775 71 22 776 81 5 783 73 20 784 22 26 792 93 30 799 28 19 800 63 8 802 78 24 803 41 25 812 44 8 820 82 18 824 68 24 826 16 28 828 37 3 843 34 14 843 87 29 846 19 29 846 42 1 851 18 23 857 22 21 860 20 31 862 61 8 864 36 20 866 60 24 867 40 7 872 55 22 877 97 16 882 74 8 885 58 6 888 91 27 894 58 9 894 96 2 895 95 2 899 97 24 900 84 23 904 66 13 905 58 29 906 36 28 912 14 1 919 34 23 921 58 4 921 91 22 922 10 26 927 81 3 927 99 0 930 80 7 937 57 15 937 92 12 947 30 25 952 67 10 962 4 8 965 77 18 966 34 13 967 84 1 975 66 17 982 25 7 983 39 30 984 73 13 986 28 9 989 85 21 992 89 16 993 46 0 1000 83 31 1002 46 4 1002 64 21 1004 74 27 1006 21 0 1008 90 3 1013 30 26 1014 1 28 1014 19 24 1016 3 13 1018 45 19 1021 15 31 1021 40 16 1025 42 8 1033 46 0 1037 52 2 1038 1 11 1045 44 8 1049 91 3 1049 92 15 1052 22 17 1056 21 20 1070 67 31 1070 68 28 1071 60 8 1075 4 27 1076 30 21 1082 45 15 1085 34 20 1091 35 3 1093 98 1 1100 24 29 1102 27 31 1114 37 19 1115 20 28 1115 30 22 1119 23 12 1126 45 7 1127 66 4 1136 2 28 1137 64 13 1140 100 7 1143 52 10 1146 63 2 1150 35 19 1150 37 24 1151 78 18 1154 60 28 1155 41 2 1157 77 6 1159 11 6 1161 94 9 1162 38 12 1163 57 19 1163 99 7 1166 89 22 1169 49 30 1170 94 26 1174 16 20
218 356 0.0001 73 11 16 75 87 20 76 58 30 89 25 29 94 64 9 102 6 16 106 39 1 114 33 30 116 8 21 118 15 15 123 48 13 125 43 5 126 2 22 133 2 14 147 92 16 155 77 8 155 89 12 159 40 12 160 25 17 161 25 27 161 31 17 164 57 11 166 15 19 168 24 15 170 6 28 179 60 27 180 97 23 181 72 12 184 79 17 191 75 5 192 38 26 195 91 9 199 1 3 199 23 4 202 18 3 202 88 28 207 28 11 210 1 11 220 40 14 224 62 27 225 6 20 228 37 22 230 50 1 231 26 5 232 75 6 233 74 25 237 25 4 240 17 3 244 47 26 245 48 20 247 1 9 249 75 2 249 97 0 251 76 26 256 2 3 258 71 8 260 50 20 266 22 14 268 78 20 270 14 5 282 8 14 284 52 7 287 41 11 290 47 12 292 30 15 295 22 19 295 97 27 297 38 31 304 18 4 307 6 7 308 69 10 308 71 18 310 18 31 313 85 19 322 100 4 325 87 8 332 49 14 333 70 26 334 97 7 335 59 23 337 88 25 338 18 28 342 12 12 351 94 26 355 8 30 355 47 4 356 45 3 357 9 7 358 36 23 359 2 6 359 60 31 360 21 29 362 32 3 369 81 23 370 100 7 374 9 1 380 99 16 381 58 11 382 18 3 383 34 21 383 63 20 385 64 23 394 24 18 396 43 30 399 54 19 404 49 7 408 78 22 416 41 28 423 42 19 425 46 14 428 38 2 429 63 14 430 33 0 430 56 10 430 72 7 432 30 17 434 58 29 436 96 12 441 67 13 444 29 3 444 77 9 446 87 10 450 52 15 451 31 3 452 88 17 455 61 2 455 92 29 457 41 19 461 37 4 461 63 27 466 19 2 469 10 8 483 77 1 490 49 27 494 69 8 495 31 15 495 36 22 496 69 29 499 81 7 509 47 10 513 16 4 516 98 12 517 24 22 522 2 30 533 9 13 535 50 15 540 82 14 540 84 26 546 89 6 547 3 11 548 59 16 556 97 28 557 100 25 561 30 1 562 29 13 565 88 8 570 98 14 573 82 0 576 5 17 578 29 6 579 26 10 583 97 6 584 22 29 584 44 21 586 4 5 589 10 24 598 75 13 604 57 23 604 71 25 605 50 3 606 3 19 609 4 0 611 84 26 614 37 1 614 98 11 615 35 25 615 81 2 620 32 23 631 13 25 635 41 20 641 59 7 643 96 11 646 47 31 647 23 29 647 26 27 655 13 29 656 14 1 659 0 28 659 68 24 660 32 18 662 21 31 662 64 20 663 21 6 663 43 31 664 70 12 673 79 14 674 19 19 676 13 12 681 76 15 692 3 23 693 85 29 705 60 15 707 52 13 712 41 11 723 96 17 726 32 8 732 9 27 732 74 7 734 1 2 743 63 2 748 78 28 750 82 26 751 82 11 755 56 0 758 1 5 762 78 0 770 76 8 770 93 25 770 95 10 773 94 25 777 46 17 783 51 10 791 93 29 793 3 23 793 13 17 794 30 26 795 49 24 799 31 12 804 61 0 806 100 8 808 82 0 810 63 7 814 4 7 815 20 20 817 39 16 817 58 27 818 98 1 820 34 21 822 42 26 824 79 16 825 79 15 826 66 3 828 16 20 833 13 7 836 14 19 849 66 1 852 80 17 858 9 7 859 70 7 860 39 30 861 72 9 866 67 22 874 9 29 874 47 2 875 1 4 876 65 30 877 76 8 880 84 19 881 70 15 883 17 18 885 11 13 891 6 21 892 85 30 892 97 5 893 5 15 894 13 18 894 57 25 901 66 22 902 42 25 904 22 7 904 23 23 910 13 15 915 27 9 917 32 15 918 23 28 919 95 10 920 42 1 920 61 16 926 4 5 928 93 2 929 9 9 929 61 14 930 100 28 931 20 19 931 30 12 931 51 1 932 23 15 937 38 6 937 38 25 944 39 6 947 51 24 950 82 16 955 89 24 960 85 13 963 31 27 966 22 1 975 6 24 975 48 16 980 12 15 980 24 20 980 99 15 983 33 13 983 97 23 989 11 26 990 98 16 992 0 16 1003 64 30 1007 5 24 1008 45 23 1009 32 29 1013 16 22 1014 80 11 1017 71 9 1018 86 23 1020 62 11 1020 94 0 1021 13 25 1024 23 6 1024 95 21 1026 11 30 1034 17 13 1039 22 29 1043 52 0 1045 22 23 1047 36 29 1050 49 3 1055 30 24 1057 23 15 1057 41 28 1058 31 10 1078 96 11 1079 87 26 1081 68 28 1087 49 14 1088 78 3 1090 23 16 1091 9 23 1099 31 25 1109 61 10 1109 77 10 1111 24 13 1117 22 2 1119 64 20 1119 96 12 1124 57 15 1127 88 23 1132 81 20 1136 71 3 1141 68 7 1142 44 23 1143 52 10 1156 54 2 1164 80 1 1167 87 2 1174 83 11 1175 25 28
219 356 0.0001 76 72 21 78 46 16 80 53 12 85 53 23 86 46 30 91 51 25 92 41 24 95 90 12 99 2 30 100 85 6 104 14 28 110 4 28 119 20 20 122 46 0 128 17 29 130 19 28 131 44 11 134 81 26 136 53 4 137 77 9 138 73 12 139 84 3 140 76 19 142 7 16 144 18 8 146 54 19 156 94 30 159 74 6 161 14 10 166 98 16 171 95 5 172 71 5 179 62 0 180 33 22 182 73 23 183 37 29 184 21 26 188 21 16 190 28 28 199 95 6 201 0 30 209 44 6 210 15 21 212 28 31 212 93 7 213 76 31 229 18 28 237 76 24 240 11 1 241 46 21 244 46 30 247 66 7 248 46 28 259 92 29 265 18 6 285 12 23 289 71 11 294 57 26 295 28 23 297 71 25 300 12 27 302 71 23 307 79 10 309 99 31 312 65 31 314 89 6 315 67 26 318 49 21 322 62 24 322 69 9 324 23 18 324 63 2 324 91 16 325 89 27 326 21 4 334 15 3 335 49 10 338 39 3 342 7 9 343 35 5 345 100 16 349 56 16 352 96 22 357 8 10 361 45 8 364 29 4 377 77 11 382 34 31 383 2 30 383 32 14 383 87 18 384 72 14 385 14 18 386 85 13 387 40 7 394 35 19 396 1 4 402 26 20 402 47 29 404 73 17 409 88 31 414 99 7 417 39 3 420 43 12 422 18 10 426 96 29 428 85 17 429 68 11 434 0 20 435 28 11 436 24 6 442 18 15 444 16 28 444 26 24 452 5 5 453 31 11 457 28 1 459 89 17 460 4 25 461 80 11 462 49 2 464 11 21 470 41 6 472 68 9 474 30 6 474 41 0 479 15 8 481 31 8 482 77 4 486 90 28 492 40 16 493 58 26 497 52 19 501 60 26 505 50 29 506 98 10 507 57 28 511 17 19 513 25 15 513 89 27 514 87 14 515 27 1 517 18 20 518 47 10 519 81 27 522 31 31 524 13 29 527 34 6 527 61 26 532 80 4 532 85 5 539 45 25 542 75 20 542 98 26 553 75 11 559 16 16 560 45 3 562 76 10 564 31 22 570 72 3 570 77 15 573 91 3 573 95 2 582 0 19 583 22 2 584 40 18 585 21 15 588 97 14 589 21 0 596 1 29 596 5 29 601 53 7 607 85 26 609 38 30 615 38 30 622 90 10 624 52 28 632 9 30 635 88 6 639 54 1 640 62 11 640 62 18 643 89 22 644 99 23 647 85 8 650 31 8 653 32 10 654 92 18 655 92 2 658 28 2 661 58 12 668 76 24 670 17 28 671 6 31 673 64 30 674 52 6 677 3 16 681 65 26 684 80 29 686 26 30 686 62 23 689 93 18 693 75 14 697 25 28 705 9 26 706 4 2 706 64 6 706 94 1 710 55 23 711 82 28 716 67 15 725 43 27 726 88 26 727 81 29 738 25 6 741 57 20 747 28 8 747 52 28 748 1 30 749 78 0 761 30 20 762 100 31 770 96 15 774 71 30 776 47 22 776 47 31 782 13 22 789 75 2 790 80 5 791 92 8 792 100 3 804 46 22 805 51 15 808 76 8 810 87 9 812 43 3 813 10 17 813 62 24 816 75 30 831 2 2 843 47 2 845 48 17 846 41 7 847 16 7 852 64 1 853 0 18 853 16 17 853 83 5 856 6 18 863 89 15 865 8 12 878 27 24 878 32 24 882 33 30 886 44 2 887 24 14 887 34 16 888 26 13 889 97 17 892 12 19 897 91 21 899 58 26 900 94 27 902 33 30 904 9 4 905 4 14 906 32 9 907 97 18 908 25 24 910 34 16 910 40 8 915 75 16 916 0 16 917 43 1 919 91 17 922 7 7 933 75 3 935 10 22 937 21 4 940 44 28 947 31 29 947 52 24 957 34 5 958 2 26 960 61 9 961 40 17 961 82 17 962 78 26 971 4 26 988 68 27 991 63 28 997 84 26 1000 51 4 1012 63 30 1014 12 16 1015 93 20 1016 98 11 1020 49 26 1021 46 9 1023 22 15 1032 59 6 1034 86 3 1036 29 11 1037 13 0 1039 27 18 1045 7 4 1047 19 27 1047 56 10 1047 65 1 1049 79 10 1050 29 7 1052 5 12 1052 62 13 1053 48 18 1053 52 16 1054 7 19 1056 33 10 1057 41 10 1058 8 22 1067 59 28 1072 32 15 1073 73 9 1074 87 8 1076 23 5 1076 92 12 1079 0 30 1080 17 25 1080 94 25 1081 21 22 1081 51 3 1092 77 7 1100 74 1 1101 70 26 1103 93 15 1104 22 30 1107 65 15 1112 14 3 1119 57 22 1122 26 2 1123 20 7 1123 24 8 1124 91 23 1128 59 5 1130 60 6 1133 8 17 1135 74 0 1139 20 26 1151 10 14 1156 54 31 1163 89 17 1164 71 3 1166 33 10 1167 48 8 1170 38 0 1172 96 0 1175 52 10
220 356 0.0001 77 45 19 80 53 30 81 61 24 88 72 6 90 34 22 91 80 26 94 91 0 103 30 1 108 11 28 108 66 23 113 30 5 120 7 29 121 92 21 122 5 19 123 74 5 125 16 9 125 19 4 125 72 26 134 64 11 139 49 19 140 6 16 144 12 3 150 53 28 153 2 29 160 32 24 163 50 5 165 18 16 166 66 16 167 51 31 169 3 0 172 59 1 172 85 18 174 1 9 178 30 14 180 25 2 188 66 31 188 78 6 198 7 23 207 36 8 209 16 9 213 21 12 215 39 0 217 90 12 229 4 11 229 8 27 233 79 26 238 73 19 242 62 2 242 73 28 243 81 25 244 58 6 247 12 16 251 11 19 257 3 15 257 36 12 258 62 23 261 30 6 264 89 5 265 72 17 282 47 0 283 14 21 289 37 26 289 85 25 290 79 29 292 56 9 296 62 14 301 92 14 302 81 11 303 77 9 308 24 25 309 29 6 313 70 7 314 70 7 315 60 2 317 67 23 318 90 1 321 65 0 324 82 6 327 8 28 327 76 24 336 21 7 336 95 28 345 24 2 345 91 16 352 7 0 361 57 30 375 91 17 377 23 18 377 25 21 380 93 15 383 14 9 383 53 10 384 23 23 396 40 9 396 47 4 399 75 30 402 67 25 404 47 1 406 90 16 408 26 29 418 67 9 424 48 27 433 83 12 434 26 3 434 46 3 434 79 1 439 14 30 440 90 31 441 24 14 444 48 17 448 63 4 452 91 31 453 24 1 457 8 15 457 26 17 465 36 9 468 36 20 471 76 2 476 19 18 476 68 0 478 37 19 478 98 16 487 71 1 488 6 28 495 27 27 498 32 17 499 25 13 505 10 5 506 87 24 511 33 10 512 35 30 512 46 13 514 59 27 517 24 0 522 13 30 524 49 21 528 98 1 538 70 26 539 27 22 544 19 1 544 27 8 549 38 12 551 20 9 557 60 22 559 45 24 560 21 27 564 76 11 579 93 5 592 24 26 592 53 10 593 36 16 598 15 2 600 32 11 609 3 25 613 24 2 615 19 8 615 63 2 617 56 10 618 77 7 620 76 22 632 74 21 635 33 26 635 42 2 635 42 21 643 7 17 643 46 16 654 8 8 656 29 31 658 58 22 660 33 16 661 1 25 664 15 22 666 92 21 667 44 20 670 42 24 670 74 12 677 70 31 682 70 6 683 92 24 684 99 21 689 20 28 690 50 17 693 59 31 698 19 27 698 41 6 708 2 7 708 4 7 709 33 10 714 68 26 714 97 18 718 13 12 719 79 1 720 9 28 730 16 13 731 22 14 731 59 26 735 92 21 736 60 4 742 5 29 743 32 17 744 34 21 746 68 9 747 26 26 758 17 0 759 78 22 759 99 8 760 1 9 760 90 13 778 27 27 780 46 26 782 19 5 783 27 17 786 89 17 788 53 10 796 51 6 798 10 27 805 35 14 810 79 26 816 75 20 818 93 1 819 47 19 823 33 15 825 48 12 825 70 0 829 50 1 836 49 16 836 56 18 837 1 13 837 79 12 842 13 24 843 23 29 843 91 16 844 16 2 847 62 21 847 94 12 848 2 3 848 36 27 851 58 7 853 46 12 856 70 24 858 84 4 859 53 18 859 67 7 860 61 7 861 3 1 862 25 20 865 79 25 866 72 15 870 27 7 872 11 4 875 45 5 881 59 10 883 77 27 886 71 26 887 32 21 887 49 26 887 65 6 889 15 0 889 86 5 890 30 16 890 81 26 895 9 26 895 15 26 899 2 31 901 2 16 906 37 18 908 58 29 909 59 21 914 67 19 915 26 8 920 77 0 921 10 1 922 62 31 923 82 20 927 13 20 929 85 1 934 91 2 938 99 7 941 54 18 945 23 22 946 65 26 948 82 19 960 16 17 966 92 1 968 73 13 969 11 14 976 35 3 977 98 9 982 96 22 987 15 18 996 52 26 997 55 9 998 1 6 999 100 30 1000 98 25 1001 55 23 1001 83 23 1002 53 20 1004 40 23 1008 13 12 1009 54 23 1014 10 18 1015 63 6 1018 38 13 1023 67 23 1026 0 3 1026 4 18 1028 96 4 1029 59 5 1031 14 28 1032 19 14 1035 23 7 1037 15 19 1038 82 20 1041 27 10 1044 42 27 1045 59 9 1053 88 4 1055 79 31 1055 98 25 1061 70 24 1062 14 25 1063 43 6 1070 87 17 1074 26 11 1081 96 11 1085 52 14 1086 40 7 1088 61 20 1089 55 21 1098 23 1 1105 41 28 1109 81 3 1110 68 16 1111 29 25 1112 47 15 1118 37 16 1119 79 8 1122 67 15 1122 79 12 1123 24 19 1124 42 6 1125 85 27 1126 34 25 1129 35 17 1133 37 4 1135 26 3 1149 3 31 1150 6 13 1154 38 19 1162 98 0 1166 42 11 1168 48 2 1171 86 21 1173 14 5 1174 95 8
221 356 0.0001 73 73 10 75 92 28 76 70 13 78 60 8 78 67 22 81 62 6 82 64 12 86 53 6 88 27 26 88 93 13 89 14 29 89 26 26 90 46 24 96 42 6 96 71 22 99 66 29 99 84 28 102 80 15 106 91 12 113 1 0 117 30 30 117 38 6 117 50 7 117 53 14 117 80 27 121 56 9 124 67 17 130 37 28 140 22 23 142 52 14 142 83 15 143 89 3 147 32 22 150 90 31 157 24 17 158 76 14 166 90 28 167 80 29 168 10 1 168 82 20 172 21 4 173 8 11 176 97 16 182 84 5 183 84 7 185 95 5 189 61 17 191 91 30 193 36 30 195 8 22 196 54 19 197 33 11 200 36 9 201 91 1 207 68 10 212 99 15 214 16 28 214 51 20 216 32 3 219 60 21 221 85 14 221 95 3 245 24 26 247 7 10 251 86 6 251 91 0 254 36 14 255 31 18 255 48 3 256 90 3 259 90 22 260 67 12 265 73 1 269 63 5 274 75 0 279 91 28 282 97 1 284 33 12 284 57 21 289 3 1 293 58 3 294 86 25 296 3 7 301 19 30 303 70 4 308 30 11 312 48 1 314 67 23 319 37 27 323 16 14 326 43 12 332 86 28 338 80 16 340 63 21 342 81 12 343 93 23 345 14 16 349 80 3 350 57 17 355 51 10 355 53 16 360 40 7 360 70 12 372 100 24 376 53 6 377 3 12 377 95 4 378 33 24 379 17 8 385 48 15 387 22 20 388 33 27 389 47 23 392 87 13 394 39 21 395 27 28 400 70 2 401 50 15 403 13 8 408 6 3 408 60 28 415 21 10 416 84 20 418 90 1 424 95 21 427 74 18 429 6 0 430 74 7 431 90 6 438 50 25 439 37 19 439 41 7 442 8 31 442 25 14 456 42 28 461 51 16 466 16 15 466 20 24 467 2 22 468 90 6 476 48 14 481 30 13 494 88 31 502 16 11 508 79 23 511 85 16 511 96 16 524 74 27 525 32 9 528 19 21 530 63 10 531 51 18 531 68 19 539 69 9 552 60 12 553 54 4 559 60 18 563 68 20 569 96 28 576 72 3 577 61 21 578 51 5 591 27 27 591 94 22 592 95 5 594 51 10 594 69 31 596 64 22 607 78 18 622 17 19 623 15 23 625 37 6 626 7 14 631 86 17 633 90 23 634 66 0 634 68 24 635 93 4 643 27 1 643 32 8 645 55 26 651 16 12 668 91 23 671 43 14 676 81 4 679 85 26 684 56 18 685 38 4 685 59 29 693 14 8 699 13 18 701 94 8 704 40 1 704 85 13 705 91 28 706 72 9 709 21 29 711 41 12 713 39 12 714 7 24 714 64 10 715 69 7 720 40 8 728 50 26 728 81 1 730 58 20 732 62 13 737 31 17 738 80 29 743 51 4 745 73 15 746 2 6 751 85 8 758 32 9 759 46 30 764 25 11 764 76 5 769 24 23 771 62 13 774 15 3 779 17 28 784 12 29 785 44 22 788 32 21 788 56 24 790 73 19 793 8 9 793 14 21 795 36 24 801 10 25 805 68 15 812 42 25 813 40 19 813 88 8 816 26 8 816 69 8 817 45 11 818 16 15 819 9 17 820 10 30 824 9 27 826 16 20 829 61 11 829 86 22 839 1 3 845 9 26 846 58 13 850 59 4 852 30 16 854 92 5 855 63 26 859 1 0 859 52 27 864 5 22 871 13 9 874 55 1 882 74 29 885 90 30 887 88 17 888 77 18 892 67 18 896 13 3 898 20 4 899 10 16 902 92 20 905 79 8 907 82 9 912 52 12 914 2 20 916 3 30 916 92 28 918 31 13 920 8 21 932 27 28 934 33 11 935 16 3 935 84 0 936 34 27 940 52 3 940 78 12 947 0 1 948 14 18 952 42 13 952 67 9 956 83 30 957 53 29 959 100 17 961 38 25 961 98 16 962 10 16 962 67 3 963 84 12 968 77 24 970 95 18 982 21 24 991 37 16 992 66 28 993 29 14 996 99 6 1003 92 2 1011 48 22 1013 68 28 1016 5 18 1018 47 21 1019 50 4 1019 58 0 1020 25 2 1025 46 17 1028 74 11 1029 94 6 1030 98 24 1031 95 8 1037 47 3 1037 77 24 1048 69 12 1056 11 4 1056 78 31 1058 79 3 1064 53 17 1064 68 11 1065 94 4 1066 95 23 1069 41 13 1079 19 9 1087 34 18 1091 74 4 1096 64 8 1101 100 1 1109 22 25 1111 92 25 1114 18 10 1114 100 28 1118 0 11 1118 94 7 1119 93 6 1120 11 29 1120 18 6 1122 99 1 1131 43 30 1133 57 12 1135 0 13 1140 67 3 1142 50 11 1144 57 7 1146 27 17 1148 46 18 1148 99 4 1150 82 30 1163 5 14 1163 18 24 1163 27 13 1164 59 23 1167 7 7 1170 39 27 1170 75 15 1172 33 21
222 356 0.0001 72 32 23 76 5 20 86 19 18 87 34 24 88 98 15 91 48 25 92 62 12 93 38 18 94 39 26 97 6 20 100 54 25 116 7 19 119 40 11 124 45 9 125 33 26 129 9 8 134 67 0 139 84 4 142 45 15 144 34 30 144 62 23 146 9 20 147 39 25 158 56 0 158 94 12 164 24 29 165 91 13 166 51 18 174 68 14 183 54 18 185 42 17 186 7 28 189 47 9 193 97 4 199 67 25 199 72 11 199 72 25 201 54 9 206 42 30 214 61 9 217 48 23 218 89 12 225 30 24 227 72 18 234 15 20 237 88 1 239 46 16 240 35 10 251 72 11 256 24 4 259 34 31 264 4 6 264 78 17 274 2 23 277 16 3 279 59 24 282 30 29 284 18 18 285 25 8 287 10 7 295 1 19 296 63 2 302 69 21 304 8 9 307 30 15 314 13 19 314 52 7 314 98 7 316 34 24 321 38 2 323 62 23 324 5 11 326 18 20 337 31 2 341 71 20 342 96 14 344 26 3 348 45 1 351 6 8 353 93 25 360 69 15 361 73 13 361 95 20 363 31 9 364 22 20 366 55 23 374 22 27 376 55 0 379 16 12 383 31 19 384 13 21 384 36 2 387 38 6 388 93 7 389 37 27 392 21 0 393 78 8 394 57 20 396 65 8 400 11 6 405 27 26 405 59 28 405 96 11 408 89 22 414 14 31 415 59 28 419 35 21 420 84 12 420 100 5 422 74 16 424 2 27 425 79 14 426 54 0 427 29 18 429 44 17 431 24 17 433 35 1 438 61 11 443 72 28 447 44 0 448 49 17 449 94 29 454 84 11 463 25 17 464 1 7 473 58 6 474 1 11 481 96 21 495 24 10 495 55 18 498 28 19 500 81 14 503 13 29 503 77 10 504 11 16 504 41 14 511 11 10 514 9 16 517 61 5 522 15 27 524 84 27 527 77 21 528 90 8 528 97 17 532 53 30 534 13 7 534 19 30 534 93 0 540 48 5 542 59 11 546 8 24 551 5 23 551 7 27 554 61 23 561 46 30 562 95 19 566 91 22 567 73 27 567 76 19 568 54 27 568 77 3 571 90 26 572 41 14 579 10 22 580 63 0 586 13 16 588 44 7 589 31 30 589 76 26 590 51 25 594 40 4 597 81 0 599 23 31 604 22 16 604 100 21 606 86 31 608 39 13 614 5 3 617 0 8 629 18 1 631 11 9 636 7 4 636 28 6 636 59 1 638 5 12 640 4 6 640 100 15 644 46 1 644 51 22 645 28 26 647 99 5 648 67 21 648 74 5 649 86 29 650 73 6 652 35 17 654 48 17 661 34 12 666 74 12 667 10 26 671 94 8 672 25 6 675 8 26 678 68 0 683 8 29 683 25 6 684 98 17 687 90 28 688 85 30 693 8 13 697 2 21 700 28 3 700 91 9 712 45 28 713 33 6 713 60 12 720 42 31 721 47 3 722 56 1 733 13 2 737 34 18 742 9 8 748 37 30 748 64 13 750 51 4 751 70 8 752 56 10 753 19 11 754 50 26 763 50 28 764 85 1 766 31 13 768 67 16 773 40 30 780 37 14 790 50 31 791 56 27 798 31 8 799 96 14 806 42 16 812 32 8 822 67 13 823 19 2 823 90 23 824 64 12 824 71 6 825 92 7 827 11 0 827 43 14 828 57 26 836 81 16 837 89 15 841 30 18 841 82 24 842 93 30 849 56 18 852 5 20 855 43 26 858 22 29 858 30 1 860 20 19 861 61 1 861 70 16 866 78 15 867 83 15 877 62 21 878 79 12 879 64 18 887 11 2 891 6 11 893 53 6 897 73 17 901 81 20 905 20 30 908 33 20 909 25 8 913 88 4 914 6 3 915 6 16 915 59 14 922 26 27 924 33 19 931 96 4 931 100 3 938 76 12 941 92 31 944 42 24 946 70 2 947 12 8 955 6 8 960 88 1 970 42 23 971 42 29 974 21 5 989 33 14 1017 40 24 1021 49 1 1023 50 18 1025 62 20 1030 59 3 1035 58 15 1042 89 5 1044 99 30 1046 77 29 1047 21 23 1047 64 30 1052 80 27 1055 26 24 1060 52 18 1063 74 1 1065 31 7 1067 51 30 1068 13 20 1070 1 5 1072 60 16 1074 36 24 1078 51 26 1080 70 27 1080 85 27 1080 92 14 1083 14 21 1085 43 8 1086 53 25 1086 97 22 1090 50 5 1091 48 22 1092 90 20 1095 96 18 1096 78 28 1107 30 6 1107 57 4 1111 14 31 1114 11 0 1114 44 31 1115 15 21 1117 75 27 1121 87 29 1138 73 29 1142 44 5 1143 98 2 1147 61 5 1148 77 27 1149 2 23 1149 6 25 1149 23 7 1153 17 18 1159 62 24 1161 31 16 1165 44 19 1168 17 17 1169 30 8 1170 21 8 1171 18 21 1173 51 6 1174 53 24 1175 11 15
223 356 0.0001 72 78 4 73 53 18 78 78 13 82 54 25 83 41 26 83 91 16 84 81 11 92 74 28 97 91 14 100 56 21 101 95 14 102 40 25 104 66 16 105 44 23 107 10 12 112 69 18 116 5 3 116 44 5 119 97 27 134 3 8 136 5 0 136 21 11 148 14 23 149 54 6 159 61 18 162 1 1 163 43 30 165 78 7 166 44 17 170 33 25 173 71 2 174 29 15 174 46 12 175 16 19 178 6 12 185 41 29 190 63 0 190 85 17 194 49 21 195 83 24 202 14 31 211 48 5 214 42 5 214 83 21 218 46 21 220 22 31 221 95 29 223 58 10 226 74 18 227 93 25 228 18 6 233 12 1 234 6 28 234 56 23 236 13 6 244 78 0 246 30 11 249 50 14 250 31 22 252 66 2 254 16 14 254 62 17 255 99 5 256 97 15 258 32 29 258 93 21 266 7 20 266 19 21 267 51 0 268 64 7 273 20 27 276 94 26 277 40 20 283 87 29 284 16 26 284 31 24 285 70 28 287 4 16 292 19 13 296 69 12 297 87 19 302 8 16 304 100 26 308 4 21 320 16 8 324 85 10 327 71 4 331 67 16 332 43 2 335 29 26 340 25 28 340 91 1 345 79 26 347 60 25 353 100 6 355 41 11 357 8 16 358 29 22 359 52 27 361 44 18 363 61 9 371 23 29 371 81 13 373 55 14 374 71 6 380 6 9 380 15 6 380 43 16 383 39 20 384 32 0 384 57 1 386 77 23 394 22 14 398 22 10 406 22 10 412 35 14 412 46 4 421 9 8 421 97 13 425 37 14 428 72 10 429 63 7 430 50 1 432 79 20 434 13 16 439 13 10 443 43 29 447 8 7 447 18 18 452 7 22 459 0 27 460 16 2 466 1 6 466 20 16 469 61 7 472 26 0 476 84 1 478 25 21 481 39 23 482 34 19 486 4 7 486 78 25 488 34 8 488 76 1 489 27 5 492 83 25 493 52 12 503 29 17 503 47 11 505 56 30 507 70 17 508 84 15 515 18 29 517 35 1 517 80 27 520 57 11 521 17 21 523 91 12 524 90 10 530 77 24 533 4 4 533 8 26 535 83 22 542 71 0 545 49 15 547 98 11 548 20 0 564 73 10 566 53 22 567 41 30 568 41 10 568 74 22 573 94 11 574 88 14 576 53 8 577 78 12 584 2 23 585 53 30 586 26 19 587 65 23 592 28 13 593 22 23 600 94 20 603 80 20 604 11 13 607 17 28 607 77 0 607 90 16 608 34 15 608 92 18 610 25 6 613 98 2 614 35 4 615 24 21 618 75 13 620 32 5 624 19 22 626 14 21 634 57 11 648 54 7 655 42 22 660 78 29 673 10 17 675 59 22 676 15 2 676 92 28 677 44 22 678 36 24 678 59 11 683 61 25 684 14 26 693 59 25 693 72 27 694 33 2 697 6 31 711 60 5 714 78 12 719 1 16 723 68 15 726 35 10 727 5 31 737 29 7 740 67 20 743 52 14 743 66 2 750 69 3 750 81 15 752 3 17 753 26 21 754 19 16 758 26 25 761 12 17 761 34 16 768 27 21 768 44 8 772 36 26 772 58 15 782 89 9 786 54 26 790 59 14 794 36 11 808 14 6 811 28 23 811 53 13 817 100 25 820 85 6 820 97 0 823 76 14 825 62 26 829 0 17 837 43 14 838 54 23 840 13 25 850 43 11 851 0 4 851 81 10 859 44 4 860 57 4 865 40 29 869 91 21 870 0 27 871 6 17 872 54 15 876 48 16 877 34 0 885 94 3 889 27 26 890 93 10 893 14 18 906 22 27 910 16 1 911 87 19 914 6 25 917 47 5 922 57 23 923 98 26 927 94 25 928 63 20 931 59 3 931 97 6 932 44 26 932 60 18 938 72 3 941 79 25 943 69 2 944 33 26 947 18 11 952 68 9 957 50 1 958 23 22 959 93 9 962 1 2 963 81 26 965 43 3 976 4 26 976 57 5 979 67 24 981 86 12 983 92 8 986 81 21 987 54 2 988 28 30 1009 57 18 1016 42 23 1021 34 0 1027 94 21 1032 43 1 1032 50 9 1033 41 13 1033 70 29 1033 92 6 1035 85 27 1037 72 14 1037 76 16 1039 21 27 1039 28 8 1040 98 3 1045 65 20 1053 17 10 1053 35 2 1055 2 2 1055 93 2 1057 90 14 1062 75 17 1072 56 30 1074 61 6 1080 89 16 1102 89 8 1105 34 1 1106 38 9 1108 18 11 1109 95 28 1110 62 15 1110 86 31 1111 91 2 1114 70 2 1124 83 4 1129 27 17 1129 61 30 1134 77 24 1141 5 15 1141 64 10 1141 67 14 1148 5 4 1149 78 28 1151 39 3 1153 43 19 1155 82 29 1160 100 1 1163 4 25 1169 13 3 1170 79 17 1171 14 0 1172 8 15 1174 60 10 1174 75 31
224 356 0.0001 72 50 4 73 38 9 77 82 29 81 31 4 83 58 4 89 84 17 92 93 22 97 72 16 99 72 15 100 35 3 102 7 11 104 3 10 104 66 0 104 78 11 108 9 14 109 15 2 114 96 16 116 71 25 119 63 17 120 88 15 134 39 22 136 55 13 141 42 27 143 29 16 144 39 30 146 99 15 147 57 10 147 90 19 154 49 22 156 91 22 158 17 12 164 30 11 164 42 13 164 99 18 167 12 10 172 9 6 172 75 8 176 20 11 179 29 23 187 5 28 191 100 29 197 79 15 200 15 9 201 85 18 203 96 29 205 37 19 209 87 9 210 54 10 226 13 26 229 4 6 229 54 7 230 54 10 239 78 4 240 93 1 244 77 5 247 85 1 249 43 7 249 82 5 250 3 15 254 85 27 255 2 22 258 36 2 261 86 0 262 91 5 263 26 8 270 28 28 272 71 19 274 37 1 275 94 13 276 87 29 283 67 3 284 96 17 287 2 12 287 9 26 287 42 27 292 97 13 293 83 2 295 98 26 296 40 29 299 31 24 300 23 27 301 31 10 311 36 1 313 64 5 315 31 18 317 13 31 319 61 6 319 95 8 321 31 27 321 38 14 324 93 20 325 91 2 336 17 12 336 25 14 336 28 12 340 49 25 340 54 20 342 25 27 353 93 28 354 26 14 354 70 5 356 90 15 357 73 3 361 42 15 361 96 23 363 51 6 364 10 6 372 41 6 373 94 7 377 67 18 379 100 28 388 61 25 400 11 17 400 51 25 403 96 6 405 14 14 407 80 13 418 20 22 420 73 26 423 93 23 424 65 31 429 47 25 430 14 20 431 21 31 434 78 10 437 42 15 439 36 30 441 16 13 442 71 18 443 11 4 443 80 4 445 87 11 454 20 9 455 68 16 462 58 23 464 79 15 465 80 12 468 92 26 471 22 31 472 67 2 478 69 1 484 98 17 486 27 26 492 98 13 494 55 8 494 61 17 497 20 14 498 47 18 499 83 25 502 90 13 506 25 27 506 38 21 511 98 8 512 67 2 521 32 25 523 76 29 525 54 1 529 82 3 532 3 30 532 10 25 541 62 6 543 59 10 546 28 31 551 35 19 553 11 13 554 31 10 555 66 19 559 94 31 566 71 2 574 73 20 576 43 8 582 57 3 586 24 15 591 47 9 592 94 21 594 47 10 597 98 28 598 67 22 601 40 29 606 65 11 610 80 5 613 61 25 616 5 3 620 90 23 631 95 31 634 75 19 638 95 11 639 8 1 640 47 25 640 76 10 644 96 31 645 37 21 647 84 0 652 75 13 653 3 4 656 76 19 661 30 5 662 70 6 669 12 19 670 47 16 675 3 4 677 11 3 678 36 18 679 0 13 683 10 27 683 51 10 686 100 29 698 55 19 699 57 14 704 70 7 705 63 29 708 45 21 714 65 11 716 22 29 716 24 12 719 84 24 720 8 4 727 83 13 731 47 12 732 57 10 736 16 22 737 57 4 738 54 4 743 76 17 751 55 30 753 68 25 754 12 6 754 16 6 755 84 28 757 73 10 758 49 22 760 7 5 760 82 4 767 14 29 769 11 27 780 32 29 782 66 7 792 8 28 795 57 14 797 21 17 797 49 13 800 38 21 817 75 7 817 88 25 819 20 27 821 12 19 825 90 2 828 11 21 829 42 1 834 61 30 836 17 19 840 100 29 841 89 19 848 55 6 848 67 13 849 72 12 853 29 6 856 3 3 861 34 4 864 55 12 870 8 14 872 52 7 873 21 20 874 91 30 891 36 18 891 41 4 896 5 6 896 37 9 896 97 7 918 18 22 918 70 5 920 76 26 923 93 0 926 79 29 928 67 24 929 61 3 930 87 28 931 70 23 931 97 14 935 16 2 939 90 4 940 96 7 946 25 20 946 28 3 951 8 2 954 2 31 955 25 24 955 99 19 957 42 25 958 71 1 958 95 15 967 64 29 968 62 29 970 60 6 970 86 25 972 97 17 978 66 4 981 72 22 981 79 23 989 61 2 992 63 0 994 23 15 999 54 10 1000 80 9 1005 64 20 1006 85 1 1008 56 14 1012 74 10 1013 30 25 1014 63 0 1016 36 2 1017 55 25 1019 5 14 1020 66 5 1022 26 26 1025 87 23 1027 5 30 1027 7 21 1036 17 28 1038 50 20 1049 90 11 1050 62 24 1059 21 6 1061 91 20 1065 80 25 1070 82 21 1074 22 22 1078 39 5 1083 48 6 1083 50 28 1083 100 22 1087 56 13 1095 34 18 1098 55 4 1098 64 15 1102 54 9 1109 65 23 1113 89 18 1114 28 1 1117 85 1 1118 37 14 1122 89 11 1126 22 8 1131 28 8 1131 73 15 1136 61 10 1140 43 19 1142 22 0 1153 98 27 1156 33 9 1156 72 23 1157 39 7 1165 14 15 1167 31 17 1168 67 12 1171 69 12
225 356 0.0001 73 81 20 77 15 12 79 35 19 80 20 12 81 7 20 81 24 1 82 30 13 87 86 26 89 35 20 94 34 30 98 38 24 98 68 13 99 40 28 105 43 16 115 71 1 121 40 3 124 64 27 128 79 24 130 76 15 134 26 13 140 66 17 142 18 29 150 29 12 152 44 8 157 71 24 158 45 28 159 55 13 163 28 1 165 75 16 167 34 16 167 46 20 170 77 24 171 15 12 173 16 9 178 21 8 181 19 1 182 46 26 184 82 27 191 53 3 195 85 20 204 32 14 204 68 30 207 25 29 208 48 17 210 61 30 212 83 17 218 42 22 218 70 11 220 34 17 222 29 20 228 7 24 229 6 8 230 39 19 230 94 31 238 53 22 240 96 13 249 29 15 250 39 16 254 49 14 255 27 12 255 66 15 256 69 22 258 48 7 258 53 9 260 88 17 266 91 4 268 47 2 270 52 2 275 99 6 276 32 24 279 53 10 281 5 27 291 93 11 292 76 7 295 5 20 297 77 20 305 3 15 307 93 30 308 8 22 310 29 20 311 67 17 314 29 2 317 70 4 319 16 27 319 46 8 325 29 4 327 86 20 327 94 5 330 7 21 340 83 8 342 56 16 342 92 7 343 78 22 349 29 15 351 30 31 352 7 12 353 18 19 355 35 31 357 3 16 358 29 30 360 74 2 375 73 7 386 34 13 387 100 19 391 95 9 394 65 30 406 36 20 407 18 26 413 12 17 414 54 2 418 39 9 419 38 23 421 97 22 433 49 12 444 44 0 447 58 4 458 2 15 458 31 29 460 19 20 463 82 3 465 48 12 465 79 14 467 27 27 468 10 27 470 36 25 471 83 16 472 37 14 475 14 0 475 52 8 476 80 12 477 93 3 481 91 11 482 50 25 483 98 9 492 56 28 498 42 14 501 16 28 502 59 6 503 90 4 505 33 26 511 59 24 516 75 2 517 87 25 523 19 0 523 93 29 524 13 27 525 14 21 525 76 8 526 87 25 529 69 8 530 100 5 532 12 15 539 100 5 541 15 10 547 63 6 548 51 17 548 91 29 550 20 18 557 55 21 561 6 21 564 45 6 565 96 6 566 2 31 569 30 29 577 100 31 582 72 23 584 72 31 586 49 10 587 96 18 591 43 11 593 59 23 598 37 7 599 64 2 605 63 11 606 57 11 608 48 10 614 40 12 617 83 28 622 61 8 625 77 11 627 49 17 628 43 20 629 91 27 634 63 5 636 24 6 656 37 23 663 31 21 664 32 28 664 72 7 666 51 12 669 73 18 675 16 1 675 91 5 677 13 7 680 53 16 681 36 22 684 37 8 690 66 31 690 67 14 697 20 29 698 97 4 701 36 24 706 39 12 708 8 13 714 10 19 716 29 4 716 63 25 719 3 28 724 21 0 724 91 2 731 97 10 733 77 24 735 9 20 739 11 22 739 99 17 741 89 10 742 16 29 745 0 23 746 88 7 748 88 26 750 83 20 751 61 1 758 64 0 760 53 22 762 0 1 767 20 2 773 84 4 774 61 10 778 13 20 780 46 26 780 56 8 785 59 6 786 89 29 787 62 16 791 26 3 798 58 17 802 61 0 802 72 15 803 30 29 803 78 8 806 25 12 810 81 31 811 44 10 819 93 5 824 78 23 826 44 14 827 8 28 839 90 26 843 82 15 844 64 30 846 45 26 846 85 10 856 25 10 869 51 23 871 18 20 878 78 19 879 74 31 882 97 15 884 6 26 885 13 27 885 44 29 889 68 17 890 40 6 892 74 17 894 11 7 896 34 17 897 98 21 899 82 14 901 31 2 901 69 23 904 59 20 911 70 29 911 96 23 914 50 27 921 47 17 921 84 30 922 8 7 925 33 7 933 36 6 935 89 29 936 59 5 938 16 5 939 82 26 952 85 7 953 78 28 956 67 28 956 96 0 958 89 14 959 40 28 963 70 11 964 8 6 967 49 15 967 86 17 970 19 4 977 70 22 980 69 26 988 37 26 990 14 8 997 9 19 1001 6 16 1002 54 22 1006 89 18 1010 1 21 1010 3 23 1013 97 23 1016 54 4 1016 96 10 1029 6 13 1030 91 31 1031 63 5 1033 92 28 1038 54 31 1040 77 7 1040 85 19 1041 8 28 1042 35 26 1042 78 26 1045 68 6 1047 1 29 1050 3 15 1050 54 2 1054 59 15 1059 54 12 1066 0 6 1073 90 6 1076 76 25 1077 90 13 1078 73 17 1082 34 4 1084 31 11 1085 56 21 1091 62 13 1093 64 31 1094 64 20 1096 25 31 1107 39 9 1109 38 26 1111 56 28 1111 71 19 1120 76 9 1122 49 7 1130 57 8 1132 10 19 1134 82 0 1138 49 1 1140 7 27 1140 27 2 1142 40 27 1143 27 19 1155 49 13 1161 12 12 1162 10 26 1164 17 21 1169 62 12 1170 44 8 1171 9 31
226 356 0.0001 80 23 2 81 27 25 81 79 24 85 54 4 86 61 16 87 50 0 92 95 4 94 79 15 96 30 24 99 42 8 105 11 0 106 35 5 107 0 6 111 96 9 122 1 6 125 16 22 129 24 28 135 34 12 135 77 0 136 94 8 139 89 0 149 60 22 153 66 0 155 95 31 156 12 12 159 62 3 165 10 18 167 17 0 167 95 7 169 56 25 174 2 1 174 2 17 174 19 12 180 6 31 187 94 27 188 70 5 193 30 13 196 26 18 202 9 26 203 20 4 203 40 18 208 8 21 216 81 30 216 82 17 219 32 2 227 0 13 229 39 8 239 54 0 244 62 18 246 18 9 249 97 29 250 0 6 250 72 31 255 45 7 256 38 17 258 50 9 262 28 0 263 51 25 265 62 24 273 28 3 274 74 0 275 28 14 278 40 1 281 98 22 285 24 1 288 87 13 289 41 17 293 38 14 296 27 24 304 72 31 307 73 29 308 90 7 308 98 30 319 4 8 320 17 16 321 53 12 322 20 15 323 35 26 324 76 8 327 50 7 331 38 14 336 15 7 338 31 15 339 47 10 347 60 15 350 79 18 355 64 7 357 11 26 362 1 6 367 95 20 371 25 22 372 70 28 377 21 21 378 88 19 387 81 4 392 46 26 393 75 13 399 0 23 401 0 1 402 80 18 406 59 15 409 72 29 409 90 12 409 94 20 410 19 25 410 70 24 411 44 20 414 45 16 421 6 18 424 41 18 425 39 19 428 100 28 441 68 7 444 28 22 445 44 26 450 65 3 451 49 5 461 90 31 461 97 20 464 77 15 465 23 3 465 68 30 470 80 2 485 22 17 489 84 0 495 2 24 497 98 5 498 40 1 501 49 27 506 53 3 510 12 28 516 81 21 523 3 23 525 0 5 527 79 0 528 38 15 534 81 8 537 51 21 539 21 14 549 98 19 554 44 5 555 94 0 562 10 0 564 6 20 564 32 6 564 44 28 565 75 10 566 6 19 566 51 14 569 35 10 569 48 23 573 6 8 577 71 7 577 78 14 581 48 9 584 57 11 585 51 5 586 38 28 592 82 13 596 43 14 596 51 26 597 28 0 600 17 25 603 27 23 606 7 16 606 76 6 609 19 28 610 13 10 610 24 10 616 49 7 616 62 8 616 81 22 616 85 16 617 73 12 618 95 30 619 56 26 620 60 5 632 40 12 632 50 11 633 20 8 634 35 30 636 4 31 636 71 17 639 52 1 641 39 27 644 15 11 649 36 24 650 91 10 652 6 12 652 27 4 652 87 11 660 9 18 660 88 3 663 37 0 663 52 27 666 13 16 669 52 10 670 10 10 673 69 17 674 57 10 675 64 5 675 81 30 676 89 9 678 86 31 680 27 25 686 57 12 686 98 17 695 55 23 696 17 16 696 95 6 705 38 6 707 1 8 707 64 14 709 90 5 711 22 9 711 29 15 718 27 6 719 83 2 725 13 11 725 62 14 726 21 9 728 30 15 732 46 19 734 65 8 737 4 2 737 41 26 739 8 25 744 91 23 747 48 26 751 38 5 752 66 31 756 63 15 758 11 19 767 62 10 770 17 1 773 58 19 773 61 0 776 87 11 779 6 28 784 98 3 786 87 9 798 64 24 802 99 23 806 97 5 809 78 3 810 59 0 811 90 13 816 10 26 820 80 4 825 55 30 826 2 30 827 82 3 829 6 25 832 55 26 832 71 5 838 69 30 848 92 2 849 82 29 858 15 21 858 33 11 865 84 10 868 64 6 874 78 11 876 71 9 878 43 16 882 94 13 885 69 8 896 93 0 898 7 31 901 28 14 904 51 18 905 53 0 909 44 22 909 96 29 910 82 7 914 45 24 914 47 31 915 42 29 916 59 24 917 32 11 918 23 29 923 61 3 926 69 21 937 88 31 938 67 9 944 45 13 946 39 10 947 11 28 950 45 0 950 71 6 957 21 1 959 11 7 960 7 8 966 47 0 971 11 26 973 72 8 974 68 22 979 76 29 989 26 22 994 3 11 997 100 2 1000 99 13 1005 53 29 1010 77 8 1014 29 5 1014 62 7 1017 8 5 1028 47 30 1029 10 14 1030 29 31 1032 40 5 1032 46 4 1033 38 17 1033 52 7 1036 77 21 1043 88 19 1047 71 11 1049 64 12 1051 45 2 1056 61 14 1059 14 4 1060 26 30 1061 53 19 1066 21 8 1067 37 12 1069 72 29 1073 39 31 1075 63 0 1081 23 5 1081 61 6 1082 82 9 1088 46 3 1099 0 24 1101 93 16 1106 16 14 1108 85 4 1111 85 7 1111 87 8 1112 90 30 1123 73 31 1124 9 19 1127 45 31 1128 48 28 1131 66 2 1134 76 20 1139 69 27 1148 92 6 1150 20 17 1150 56 31 1150 73 17 1151 35 16 1154 95 5 1155 57 27 1160 44 6 1161 75 29 1170 55 24
227 356 0.0001 73 81 6 82 29 7 83 58 5 88 0 31 88 11 6 94 30 30 95 14 5 97 77 28 97 82 16 99 23 12 103 16 11 104 17 23 107 62 25 109 65 4 111 57 2 111 86 0 118 50 5 119 47 10 127 91 26 136 49 4 140 66 13 146 6 29 146 50 10 146 92 27 148 72 3 151 57 14 153 7 0 154 6 4 154 87 11 157 20 18 166 45 1 167 73 16 172 33 1 178 84 24 181 66 12 184 0 24 186 43 6 187 33 17 204 39 4 213 97 19 215 20 21 221 33 11 223 44 24 232 99 14 233 64 13 233 99 1 244 40 15 244 77 1 247 33 11 248 3 3 248 100 4 249 83 26 251 43 22 256 77 29 263 11 31 267 1 20 280 35 10 282 30 12 282 94 29 285 29 16 288 50 16 293 14 2 298 91 10 304 19 14 305 92 13 308 98 15 309 16 16 310 98 7 311 12 26 312 56 24 312 76 4 314 22 0 314 72 29 315 35 4 319 32 24 319 70 10 326 38 31 329 54 5 334 31 14 335 17 13 337 98 8 339 23 5 341 38 24 349 77 8 350 56 20 353 4 25 355 2 13 359 77 20 362 89 17 364 90 23 367 40 0 369 76 23 374 12 24 374 56 31 377 71 24 379 91 10 381 3 10 383 14 19 383 36 27 387 36 1 397 90 28 402 16 21 404 19 15 406 59 4 407 2 14 411 22 26 415 26 1 417 7 0 417 83 13 422 64 1 422 76 23 423 61 3 424 47 20 432 46 8 434 75 10 441 3 21 446 0 7 447 18 21 458 95 22 462 1 29 465 16 4 465 79 11 468 80 8 470 42 15 473 26 21 473 44 11 475 37 4 477 5 15 478 13 1 480 15 4 480 45 2 481 32 6 481 84 17 483 100 1 488 94 15 489 29 4 490 94 7 500 60 12 501 84 24 505 47 17 506 5 4 508 35 28 516 72 11 522 72 20 522 93 22 527 48 5 528 25 2 530 50 5 534 54 10 536 12 26 537 45 5 537 74 17 539 2 17 539 39 5 544 25 28 544 84 27 549 72 21 553 5 22 557 1 31 557 66 13 560 73 6 568 22 17 576 14 8 580 4 28 580 20 24 580 21 13 585 62 9 594 36 22 597 86 11 599 2 3 600 35 26 600 57 20 602 48 4 602 50 22 606 10 20 608 29 28 610 1 7 618 8 17 636 29 21 636 72 7 639 12 24 647 88 16 647 99 12 650 20 31 656 27 19 666 46 4 666 71 5 668 95 18 669 75 17 671 32 0 671 73 18 674 3 0 676 13 9 676 18 6 676 76 15 677 53 29 682 39 9 686 10 1 715 81 22 716 40 1 718 83 28 720 93 6 724 63 4 728 96 15 732 84 23 736 26 6 740 83 19 741 78 4 743 71 24 747 95 15 749 12 30 751 55 28 753 1 28 754 88 1 754 98 8 755 98 18 756 17 13 758 17 19 761 53 15 764 24 30 768 47 6 770 11 31 777 91 27 779 15 20 780 49 15 785 70 4 788 100 28 790 9 23 801 79 6 802 16 20 804 56 24 806 100 0 812 79 8 812 88 3 814 4 14 817 64 18 821 18 21 825 86 5 830 7 29 830 20 28 831 58 24 832 54 3 834 55 14 835 89 28 837 59 7 837 87 30 837 89 11 838 85 23 838 91 8 847 82 22 850 2 3 860 14 4 860 51 21 862 15 9 865 5 18 865 41 3 865 66 9 867 3 27 870 90 23 873 31 23 875 46 20 875 52 9 876 60 29 877 38 22 879 90 15 886 87 15 887 10 16 889 11 28 889 62 14 889 70 24 890 5 20 890 64 3 892 67 10 892 99 8 895 86 17 896 14 9 898 52 13 899 17 31 899 60 4 900 3 7 900 8 12 900 61 15 907 70 13 908 10 11 909 72 21 909 90 3 912 5 13 913 61 19 913 63 1 917 25 14 923 17 9 928 67 16 929 66 3 934 45 25 935 81 13 936 86 14 937 61 19 939 48 4 940 34 15 944 96 21 945 33 12 948 45 29 952 78 9 958 27 29 958 73 4 961 62 5 967 28 11 970 18 2 984 87 28 985 4 22 985 58 5 993 28 3 1001 11 8 1006 54 5 1013 22 28 1014 5 14 1014 74 14 1016 22 21 1026 11 25 1026 56 26 1032 86 28 1035 38 27 1037 1 23 1042 32 19 1045 97 1 1051 43 2 1055 90 3 1056 23 31 1058 93 31 1065 51 6 1070 81 23 1075 17 0 1083 67 26 1094 45 28 1094 75 4 1095 21 31 1097 5 17 1110 40 29 1110 41 19 1117 96 17 1124 48 5 1127 61 25 1134 53 5 1144 17 1 1146 60 15 1147 43 5 1152 73 16 1155 8 11 1157 16 12 1159 2 17 1165 11 25 1165 43 17 1167 34 9 1167 89 17 1173 37 2 1175 52 29
228 356 0.0001 78 21 5 86 64 8 91 61 16 95 90 17 100 11 5 104 82 22 108 17 29 109 20 22 113 26 8 116 13 9 120 57 16 122 30 27 128 1 0 128 57 17 139 36 9 141 39 29 142 50 4 143 9 9 144 9 23 148 11 15 157 20 29 165 63 26 165 76 10 166 17 29 167 0 23 169 85 31 170 33 20 170 86 18 172 85 6 173 34 21 173 60 7 177 96 18 179 58 27 182 63 23 183 23 11 192 70 13 192 96 12 194 14 15 203 28 13 204 53 23 207 87 19 210 36 12 213 11 8 213 65 21 215 95 20 217 7 6 219 82 4 221 32 18 221 76 31 245 34 18 251 53 10 252 76 21 255 78 28 256 87 28 257 8 28 257 77 0 260 99 25 266 31 26 278 10 8 288 30 12 290 85 12 291 75 7 293 93 27 295 75 8 300 41 5 313 94 22 316 78 24 318 14 23 323 59 9 326 18 21 326 60 19 327 33 12 328 98 2 329 39 29 329 100 28 332 11 8 334 86 6 337 67 1 340 51 27 342 55 1 346 6 29 347 28 14 348 88 3 350 40 10 351 60 20 353 44 23 354 28 28 354 55 9 354 74 6 355 80 30 356 43 1 359 0 12 360 16 1 363 24 4 367 82 21 371 6 11 375 83 24 377 71 29 380 68 15 386 17 28 387 53 25 389 13 12 393 32 6 394 31 7 395 40 24 398 79 31 407 36 26 409 3 26 417 95 16 425 91 21 429 33 19 432 77 23 436 82 17 439 29 9 443 21 4 445 10 6 450 32 25 451 48 13 452 19 30 462 8 14 464 55 19 466 30 26 471 39 5 477 8 9 479 36 1 484 28 5 490 99 2 495 30 2 496 14 3 496 62 22 500 2 15 504 95 13 505 9 8 509 87 0 514 6 18 514 55 28 515 89 0 520 1 31 520 77 29 522 72 29 526 90 30 527 10 18 527 22 30 529 24 13 530 2 1 532 25 7 541 45 14 544 38 17 545 42 16 550 57 4 551 98 3 553 39 6 556 7 21 556 52 10 557 69 19 558 52 9 563 40 8 564 36 27 569 29 23 573 77 7 576 16 21 579 73 23 582 96 1 584 88 22 588 43 4 589 25 1 589 94 27 590 49 30 596 83 29 603 81 30 605 68 30 606 16 7 611 10 12 616 85 11 618 14 9 619 13 30 620 94 18 636 67 11 637 91 1 639 85 21 640 53 20 641 24 9 642 97 0 644 2 18 644 3 8 644 48 23 646 49 8 647 92 11 648 41 7 648 59 24 653 16 18 660 16 30 666 96 16 668 88 9 674 16 15 677 99 12 684 57 30 685 34 30 697 77 10 697 86 8 702 35 11 710 42 22 719 95 0 722 89 5 724 73 18 725 42 16 730 93 17 734 1 20 739 39 16 740 68 9 748 8 4 749 61 0 749 99 31 752 39 17 752 95 27 755 10 5 758 77 19 758 89 24 760 18 4 760 68 0 771 85 25 774 100 28 777 18 13 778 100 15 779 76 22 782 73 28 785 73 26 790 13 19 791 56 6 792 99 20 794 13 29 795 43 9 796 38 0 799 82 17 801 13 29 801 82 4 806 87 3 808 51 21 810 46 5 812 50 22 814 90 3 815 20 24 815 86 17 824 69 22 824 84 29 827 17 15 828 33 1 828 99 28 829 18 9 832 96 28 833 63 14 833 96 1 837 15 29 848 58 20 850 3 24 850 11 20 851 14 14 851 65 10 859 46 2 861 70 21 862 29 5 872 12 26 876 71 20 876 80 14 886 35 6 895 25 6 902 3 30 902 13 17 902 93 7 922 86 12 923 100 8 924 86 0 926 53 20 928 87 9 930 42 31 931 90 6 938 30 13 945 40 8 947 47 27 950 47 12 957 21 4 959 41 30 964 62 1 966 71 2 967 25 1 967 31 18 972 81 24 977 60 29 980 77 8 981 83 31 982 22 18 989 20 5 990 50 26 990 53 23 992 0 16 992 6 14 995 93 18 998 0 31 999 86 21 1003 3 28 1003 19 11 1003 98 14 1010 79 31 1016 11 6 1016 19 10 1018 55 17 1019 80 22 1031 26 31 1036 8 19 1038 87 24 1043 40 29 1046 55 8 1046 96 18 1049 45 0 1051 71 20 1051 98 29 1057 25 12 1059 86 4 1061 17 13 1064 84 11 1068 34 26 1071 37 19 1074 99 21 1075 59 19 1079 86 1 1083 87 18 1084 5 31 1088 63 25 1093 74 8 1096 55 27 1098 50 14 1099 47 10 1100 57 30 1102 16 10 1109 96 27 1117 39 25 1118 37 26 1125 17 12 1125 85 7 1128 83 18 1129 2 10 1131 74 17 1135 7 21 1135 22 18 1135 59 18 1137 6 10 1138 29 8 1139 15 16 1139 64 26 1142 81 4 1145 89 15 1153 91 31 1158 41 17 1161 5 31 1161 16 1 1162 51 26
229 356 0.0001 74 97 10 79 31 16 79 32 1 79 89 23 82 1 11 82 18 31 82 82 1 86 72 3 93 56 6 94 12 14 97 94 20 99 75 23 101 94 27 102 63 24 108 26 30 108 61 4 109 29 19 113 56 29 115 38 31 116 0 3 118 38 12 131 19 15 131 57 18 132 34 7 136 55 16 137 1 28 137 57 17 139 8 11 146 20 17 147 44 13 151 37 27 157 68 24 169 27 24 170 13 15 174 37 0 175 3 27 177 36 15 179 9 17 181 92 0 189 49 15 193 29 23 194 100 24 200 61 30 203 23 15 203 53 29 203 89 29 206 92 31 213 48 17 217 86 29 218 70 29 222 46 30 225 8 28 226 56 6 229 99 9 230 97 21 238 63 8 240 41 12 241 77 28 244 77 6 248 39 7 249 16 4 249 30 13 249 81 13 256 37 18 260 26 30 261 84 19 265 51 8 266 96 18 267 24 9 268 57 5 268 78 23 270 3 27 274 90 24 276 28 11 279 19 24 280 25 2 283 87 5 286 24 10 299 21 4 301 82 26 307 84 21 309 28 10 310 84 25 311 24 21 316 73 25 316 98 16 318 28 4 320 30 13 327 45 10 327 74 1 328 98 29 329 100 1 331 62 23 336 18 23 336 30 27 338 26 10 347 85 22 349 17 13 350 25 22 364 17 3 373 51 7 375 81 30 376 55 17 377 96 23 379 5 26 383 55 1 388 44 5 390 52 22 394 89 22 395 7 16 396 74 15 397 21 23 400 31 24 402 2 23 403 84 4 404 47 27 411 3 5 411 73 29 412 93 0 414 75 25 415 91 23 418 20 21 421 82 19 423 17 5 424 78 25 425 33 25 430 80 8 431 100 11 436 87 16 441 68 26 441 69 10 444 1 19 446 27 13 447 15 2 448 34 15 449 2 12 450 28 22 452 71 4 454 6 0 454 45 21 457 62 24 459 39 27 465 29 15 468 8 28 468 21 13 474 5 9 474 40 1 474 58 31 474 86 29 475 46 17 476 89 14 477 82 28 479 89 2 481 51 16 483 0 20 485 19 29 487 96 16 489 63 30 490 99 29 491 74 17 497 35 11 500 12 12 502 16 20 502 92 15 505 15 24 506 18 16 518 65 25 519 98 17 522 88 15 524 46 18 531 20 1 532 21 26 533 43 8 536 86 12 538 47 15 540 15 31 545 25 14 545 41 23 546 2 20 549 62 14 553 70 24 556 29 7 557 16 27 560 9 28 561 33 25 564 42 1 565 72 11 566 13 14 567 43 30 572 50 25 575 1 17 579 25 29 582 17 25 582 19 10 591 22 21 591 39 24 598 72 30 608 42 9 610 92 18 612 65 18 619 87 15 620 0 12 623 38 29 627 2 14 633 16 8 636 10 4 647 29 30 660 36 25 666 26 12 674 48 4 678 21 16 685 64 19 689 46 0 689 69 22 690 51 15 695 63 15 696 87 2 698 61 25 700 64 30 701 33 3 702 11 15 703 51 19 703 65 31 705 88 6 721 6 22 722 88 27 728 0 8 731 15 22 731 97 13 733 32 8 735 57 21 739 56 15 745 80 11 753 61 18 759 77 10 762 85 12 765 45 31 775 35 4 779 43 20 779 93 7 782 35 1 783 49 8 783 78 17 791 55 9 792 28 0 793 11 6 799 49 28 801 31 29 801 78 7 804 21 28 804 24 28 813 69 17 818 68 27 819 60 5 820 50 22 826 28 25 830 57 3 838 24 4 838 37 1 840 47 24 848 68 2 863 10 7 867 5 19 867 43 2 870 52 22 871 51 10 872 84 29 876 23 19 879 38 14 880 6 23 888 91 3 891 98 20 893 91 16 895 36 7 896 12 20 902 67 0 906 40 20 917 79 19 919 15 22 922 39 5 922 47 18 922 56 18 923 11 25 923 16 17 926 7 7 926 75 1 929 6 2 931 62 16 942 29 4 944 94 28 946 36 19 947 80 28 949 59 22 955 5 18 959 3 14 962 2 16 968 57 22 969 0 8 973 55 20 986 56 5 986 80 7 986 85 16 990 34 5 990 61 8 1005 14 10 1018 27 21 1019 4 30 1023 0 15 1036 1 25 1036 42 20 1039 25 20 1040 40 19 1041 35 1 1043 19 2 1047 46 19 1049 57 6 1054 16 26 1056 61 17 1059 27 0 1060 9 8 1061 25 8 1061 48 31 1063 16 2 1063 49 23 1063 96 27 1070 66 2 1085 66 6 1091 14 24 1099 25 28 1102 30 8 1107 79 6 1108 87 27 1112 0 8 1114 20 5 1116 61 4 1118 32 23 1118 48 24 1124 57 18 1126 20 10 1126 23 30 1134 91 5 1135 23 31 1140 79 21 1149 93 19 1152 67 12 1161 9 27 1161 49 6 1164 77 1 1165 22 28 1166 76 30 1167 52 1 1173 13 3 1174 45 17 1175 18 18 1175 48 30 1175 51 16
230 1069 0.0003 72 6 21 74 16 4 74 67 7 75 27 19 77 34 3 77 54 19 78 47 14 79 47 31 84 60 14 84 69 3 86 10 18 89 74 29 89 97 16 91 95 9 95 88 19 96 58 22 101 55 15 103 97 29 104 17 31 104 49 0 105 63 31 108 32 9 108 93 20 111 51 28 114 60 2 114 61 6 115 36 27 117 81 22 120 3 3 123 84 7 124 8 3 126 23 0 129 81 28 130 76 26 130 82 17 130 95 14 132 48 9 135 28 2 137 28 30 138 5 9 140 11 26 141 29 5 141 48 12 142 63 13 143 41 30 144 27 19 144 40 26 145 46 9 145 47 14 148 20 29 149 7 10 149 54 10 151 11 27 151 45 3 152 37 28 153 90 4 154 13 20 155 66 17 157 11 15 158 3 14 158 11 14 158 33 3 160 91 31 160 93 3 161 14 20 162 13 29 162 80 29 163 44 29 163 73 8 166 45 10 166 98 0 167 11 17 167 17 2 167 72 3 169 4 10 169 56 29 169 74 20 172 5 13 172 57 13 173 34 17 177 65 4 178 74 7 179 65 15 182 3 19 182 72 5 183 68 16 184 31 19 186 95 6 193 10 30 194 10 28 195 14 14 196 5 8 197 31 17 200 69 6 202 62 22 202 78 19 202 90 14 204 97 15 204 100 9 207 81 21 208 54 0 210 60 31 210 97 6 211 48 27 214 39 15 215 70 28 215 85 18 216 27 0 217 30 3 217 73 6 221 63 20 222 36 12 223 0 19 225 35 29 229 31 23 229 36 19 230 45 14 231 17 4 233 2 4 234 30 18 236 67 9 237 22 5 237 70 29 239 22 22 239 56 21 240 62 28 240 82 10 243 52 9 244 79 3 245 90 12 246 50 29 250 15 29 250 37 22 251 13 18 251 23 17 252 38 30 253 14 2 255 8 19 255 75 16 260 1 27 260 16 28 261 28 29 261 43 6 262 1 10 262 69 21 262 92 2 264 3 24 265 14 11 265 18 20 265 93 15 266 89 31 268 100 30 269 82 28 270 22 8 270 64 31 271 12 7 271 41 6 272 98 8 273 92 2 274 3 8 274 97 24 275 10 14 275 58 29 278 14 30 278 82 11 278 96 8 279 16 25 280 73 1 281 17 0 282 1 0 284 14 17 284 37 22 285 46 18 285 95 27 286 24 9 286 87 22 287 35 12 289 92 12 289 95 31 290 86 15 292 58 28 292 66 14 293 35 4 296 24 13 298 48 14 298 91 27 300 46 18 300 70 2 300 77 19 302 41 21 302 94 16 305 65 18 306 89 23 309 98 21 311 50 2 311 97 30 312 100 13 313 67 14 313 79 16 313 80 17 314 10 28 314 95 1 316 58 6 317 36 22 317 62 11 318 55 7 318 82 8 320 9 13 320 91 19 321 16 8 321 54 11 321 74 29 322 96 28 324 51 1 325 26 29 325 69 11 327 98 6 328 96 11 329 6 5 329 78 31 330 16 31 331 4 27 331 50 6 334 13 25 335 5 6 336 34 26 336 95 30 337 92 21 339 35 8 340 1 15 341 90 21 342 7 22 342 21 29 342 86 9 343 57 21 345 63 2 345 98 9 347 53 4 348 3 27 351 12 0 351 28 29 352 38 18 352 55 0 352 56 27 352 64 25 353 45 2 354 9 5 356 5 0 356 31 29 358 0 20 358 10 5 358 81 29 358 84 13 359 3 4 360 57 2 360 69 30 361 89 17 362 53 2 366 26 26 366 75 12 367 54 25 367 66 5 367 75 12 369 23 28 371 45 3 372 20 10 372 97 15 373 40 13 376 4 23 377 26 30 377 86 3 378 60 4 378 97 29 379 72 19 380 79 3 381 18 9 381 41 8 381 49 5 383 69 25 388 0 24 389 22 6 391 55 9 391 100 3 394 1 31 395 57 28 395 59 2 397 13 19 398 3 17 398 36 15 399 97 23 400 79 31 401 57 11 403 22 23 405 29 16 405 47 6 405 51 30 405 79 6 406 12 30 409 35 5 411 17 0 411 88 25 412 8 12 417 26 20 419 39 4 419 45 4 420 29 30 420 47 29 421 71 8 422 98 12 424 53 20 424 72 16 425 4 4 425 21 13 427 1 30 427 28 28 427 73 13 428 4 28 430 3 6 430 41 22 430 65 10 432 34 17 435 31 7 436 54 16 437 49 29 437 61 0 437 70 3 438 18 26 438 85 3 442 73 21 443 66 9 444 27 23 444 55 6 445 19 16 446 28 14 449 76 10 450 96 12 451 57 29 452 83 13 454 18 10 455 30 15 455 78 24 457 4 19 457 29 6 457 95 0 458 19 7 459 29 31 462 54 20 463 7 28 465 4 13 467 30 1 469 92 18 472 8 26 472 45 15 472 100 29 473 89 25 474 75 3 476 24 17 476 40 20 476 50 10 478 50 6 479 85 2 479 100 3 480 42 6 480 86 22 482 41 24 482 72 29 484 69 31 484 96 27 485 29 16 486 16 1 487 13 16 487 40 16 487 70 23 489 2 16 490 71 27 491 50 7 492 76 13 494 77 14 495 63 30 496 21 8 497 27 11 497 40 1 499 74 12 500 81 5 501 96 27 501 98 14 504 7 31 504 32 3 504 48 22 505 48 13 506 74 7 507 14 3 508 29 1 508 56 14 509 79 17 509 87 5 511 21 7 511 92 18 513 24 25 513 67 18 514 35 0 514 89 9 515 54 2 515 69 3 516 66 21 517 40 1 518 27 27 518 32 10 519 82 6 520 58 15 520 82 15 521 40 14 521 53 16 523 46 11 527 15 11 527 52 11 530 19 8 532 67 28 535 88 21 536 64 26 538 38 13 539 80 10 541 59 10 542 30 5 542 85 11 543 38 27 544 29 8 544 92 3 545 3 10 545 31 28 546 7 21 546 40 26 546 41 3 546 72 11 548 91 23 550 85 29 553 38 9 554 10 25 556 55 4 556 76 22 557 49 29 557 58 16 558 29 11 558 49 22 558 65 31 561 88 26 563 56 18 564 71 17 565 12 10 565 45 10 565 62 26 565 93 30 566 67 20 571 37 17 572 54 11 574 96 2 574 100 0 576 4 27 576 75 16 577 33 5 584 42 16 585 18 0 585 32 25 585 78 16 587 13 18 588 88 11 589 14 17 589 25 17 590 32 26 591 40 21 591 87 29 593 96 8 594 2 19 595 30 31 595 33 18 595 86 18 598 31 7 599 5 0 599 51 30 600 81 23 601 46 22 601 47 31 601 62 24 602 22 25 602 57 21 602 76 27 602 95 24 602 98 13 604 85 19 605 23 24 605 35 21 605 81 26 607 28 0 607 28 19 607 44 3 608 38 6 609 32 6 610 82 29 611 82 7 612 60 18 613 10 2 614 35 29 614 50 4 614 78 16 615 10 18 616 76 2 617 8 3 618 7 3 618 44 29 619 7 3 619 25 8 619 50 18 619 54 29 619 99 19 620 25 0 621 4 14 621 20 22 622 20 29 624 29 17 624 41 12 625 47 30 626 63 0 627 52 17 628 21 25 628 24 30 628 30 29 628 60 31 629 17 15 629 100 0 630 9 10 630 83 18 632 10 4 632 77 3 633 1 2 633 15 2 635 82 22 636 36 6 636 56 13 636 62 22 637 38 20 637 46 23 638 20 18 638 89 7 639 80 3 640 75 5 641 56 31 641 99 2 642 95 0 643 51 8 644 65 8 645 77 16 646 15 4 648 93 8 649 19 11 649 38 0 649 57 2 650 19 5 651 56 14 653 12 26 653 16 2 653 72 9 655 66 21 655 74 24 655 90 31 657 67 20 658 90 15 659 66 4 659 69 21 660 56 10 661 50 3 662 48 19 664 64 6 664 75 7 665 64 21 667 91 21 668 38 6 668 50 13 669 97 10 674 12 11 674 13 27 676 63 4 677 13 16 677 21 28 677 99 6 678 73 7 679 39 9 680 56 21 681 21 2 681 45 11 681 88 18 682 50 8 684 50 25 686 94 3 690 20 8 692 40 6 692 65 3 696 21 8 696 69 10 698 100 12 699 4 21 699 65 13 700 49 21 703 29 18 704 23 23 704 49 8 704 89 19 705 31 13 705 55 19 705 58 2 705 77 26 706 9 17 706 34 8 709 60 21 711 77 27 713 93 30 714 22 6 714 61 22 714 92 1 714 93 8 715 3 29 715 54 23 717 92 16 718 55 4 718 57 25 718 69 18 722 80 10 723 61 26 723 82 14 724 0 15 724 0 22 724 28 13 725 14 31 725 43 0 726 97 9 734 55 30 736 20 13 736 54 27 736 63 7 740 33 27 741 47 14 742 60 6 743 27 25 743 62 14 743 94 30 746 94 19 747 99 16 749 1 4 749 8 11 752 89 10 753 90 8 753 91 7 756 39 31 757 16 6 757 18 10 757 57 27 757 83 1 758 6 30 758 38 22 758 82 21 759 25 28 760 54 24 761 35 14 761 70 25 762 81 22 763 16 2 763 18 20 765 32 3 768 50 11 770 40 25 770 88 25 771 14 30 772 6 10 772 21 15 772 94 26 775 21 1 777 23 27 779 10 26 779 14 4 780 19 4 781 66 10 784 70 26 788 1 4 788 67 15 789 59 24 790 66 0 793 75 13 794 63 11 794 76 20 794 90 0 797 14 14 798 46 28 799 14 14 799 59 7 800 35 8 800 60 19 801 6 18 801 55 24 801 87 21 802 9 4 803 11 31 804 0 8 805 39 22 805 43 25 807 15 24 807 36 12 809 14 24 810 25 31 810 36 4 811 56 25 812 68 12 812 68 22 814 13 3 814 68 25 814 71 11 815 23 14 815 31 12 819 100 10 822 7 17 822 60 7 822 79 4 823 22 4 823 82 12 824 51 5 825 33 15 825 90 4 830 26 28 830 85 9 831 53 10 832 95 28 835 62 13 838 99 18 839 24 11 839 89 6 840 24 15 842 82 3 843 83 19 845 85 8 846 10 16 846 23 20 846 66 24 846 74 28 848 7 9 848 37 31 849 7 19 851 4 21 855 92 19 856 79 12 858 5 6 858 57 23 859 13 1 860 79 17 862 56 7 863 14 7 863 19 24 863 89 9 864 31 8 864 98 4 865 21 14 865 50 28 867 54 29 869 16 14 872 13 20 873 16 30 874 32 15 875 27 19 877 74 28 880 22 9 880 50 13 880 64 23 881 44 20 884 59 23 887 92 10 888 0 29 888 94 13 890 2 24 892 25 1 894 23 20 894 29 17 895 97 0 897 9 25 897 94 4 898 40 14 898 48 16 898 61 3 899 57 1 900 29 19 900 98 26 901 6 23 901 66 21 903 47 22 905 62 13 908 11 31 908 78 17 909 1 5 909 27 13 909 57 1 909 75 0 911 4 4 911 49 6 914 92 12 915 5 31 915 41 17 915 100 23 916 55 3 916 73 29 916 88 1 917 61 11 918 28 10 918 91 3 921 83 4 921 95 0 923 21 22 924 87 25 925 100 14 926 1 16 927 30 6 929 90 18 930 52 4 931 97 19 932 13 10 932 67 29 932 99 19 933 6 10 933 17 0 933 85 7 934 37 31 934 59 30 937 42 17 938 16 27 939 20 4 939 84 26 940 11 27 940 15 14 940 37 2 940 63 19 941 73 15 942 14 23 942 29 17 945 14 19 946 75 22 948 12 1 948 49 30 950 13 22 952 55 1 954 33 18 954 91 0 957 19 6 957 25 27 958 62 24 958 70 16 959 43 4 960 34 3 961 40 12 961 61 24 963 37 24 964 8 1 965 25 2 967 52 6 967 89 24 968 67 14 968 81 25 969 86 16 971 66 6 972 51 21 975 71 0 975 83 14 976 90 17 977 50 13 978 27 16 979 26 22 979 60 20 980 43 1 980 78 27 981 18 11 981 72 7 982 31 24 982 50 5 986 5 21 986 8 31 986 53 8 987 46 24 987 86 4 988 43 18 988 79 13 989 3 22 989 20 18 989 85 15 990 35 3 992 5 23 993 11 7 993 46 4 994 88 28 998 67 19 998 80 14 998 95 19 999 43 2 1003 41 11 1004 20 14 1005 96 9 1006 8 10 1006 50 17 1006 64 12 1007 99 23 1008 42 19 1009 73 23 1010 15 18 1010 23 29 1011 31 2 1012 19 13 1012 34 16 1013 63 5 1014 57 17 1015 56 26 1015 58 14 1016 75 9 1018 22 1 1018 98 8 1020 45 31 1021 78 11 1022 39 16 1024 39 9 1024 100 1 1025 36 19 1027 76 6 1028 0 29 1028 7 28 1029 62 3 1031 21 27 1032 40 20 1032 41 24 1033 39 27 1034 29 31 1034 89 16 1035 41 2 1035 50 6 1036 8 28 1036 97 12 1037 57 1 1039 3 4 1039 9 6 1043 14 31 1045 46 4 1047 18 21 1047 70 23 1048 22 30 1049 1 15 1049 87 11 1050 99 30 1052 3 26 1053 46 12 1053 53 11 1056 92 26 1058 56 1 1059 17 14 1059 55 11 1059 66 17 1061 37 21 1062 28 19 1067 7 9 1068 26 1 1068 57 2 1070 22 24 1071 66 9 1071 79 8 1072 13 22 1072 82 10 1072 97 6 1074 52 23 1075 97 14 1078 5 28 1078 7 10 1079 80 11 1080 69 23 1081 29 9 1083 88 1 1085 10 24 1086 28 28 1086 58 16 1087 26 11 1087 88 4 1088 43 23 1088 63 5 1089 48 24 1090 57 14 1091 62 6 1092 69 16 1092 71 24 1092 72 4 1092 73 30 1093 23 24 1093 85 21 1093 97 27 1096 34 18 1096 62 22 1096 69 21 1096 79 5 1098 41 19 1099 18 8 1099 50 0 1099 61 23 1099 74 5 1100 57 13 1101 45 21 1104 39 1 1106 25 6 1107 42 25 1108 90 12 1109 9 4 1110 45 19 1111 7 0 1111 15 14 1111 83 29 1112 59 25 1114 50 1 1115 6 21 1115 18 3 1115 67 30 1117 41 28 1119 34 0 1119 51 23 1120 17 10 1120 33 2 1121 68 26 1122 31 3 1123 76 12 1125 14 15 1125 20 11 1126 53 14 1127 49 19 1128 59 15 1129 39 2 1131 62 7 1132 4 3 1132 49 21 1134 13 14 1134 69 13 1137 6 8 1138 21 27 1138 65 22 1139 65 10 1139 69 0 1141 25 5 1144 32 17 1144 50 23 1147 73 26 1149 29 29 1149 75 21 1150 68 22 1152 3 0 1153 70 4 1153 84 20 1154 16 0 1158 37 10 1158 44 2 1162 65 16 1163 84 15 1165 51 9 1165 95 30 1168 11 18 1169 59 28 1169 82 0 1170 80 29 1171 86 24 1172 25 11 1172 30 10 1173 95 7 1174 11 5 1174 85 11 1175 9 14
231 1069 0.0003 72 0 3 72 25 8 72 33 5 72 88 7 73 10 30 73 49 7 75 41 7 75 90 22 76 15 1 76 64 6 77 9 10 78 39 2 78 52 18 81 2 2 83 23 9 83 54 6 84 53 28 84 57 10 85 11 16 86 24 25 86 70 31 86 99 30 87 7 2 87 50 10 91 12 9 91 45 13 91 75 26 96 73 5 96 90 21 98 6 19 98 6 28 99 49 6 100 61 27 102 58 6 104 88 28 106 80 18 109 81 27 110 4 11 110 77 1 115 19 23 115 63 29 116 8 13 117 8 8 118 47 30 120 87 31 121 51 5 122 68 8 123 59 3 124 65 15 126 92 7 127 3 10 127 35 15 127 84 15 127 96 6 128 66 20 130 66 0 130 67 30 133 35 3 133 96 23 134 19 19 135 64 14 137 5 30 137 17 24 137 66 28 137 95 23 138 77 13 139 26 5 140 72 13 141 15 9 142 16 25 143 9 6 143 33 23 144 47 5 144 52 4 145 20 19 149 40 16 152 4 20 152 66 0 152 74 3 156 24 10 159 29 20 161 82 16 162 10 18 162 54 5 163 49 0 164 58 18 164 79 27 167 6 1 167 22 5 167 93 31 168 35 17 170 6 10 170 86 11 171 12 18 171 92 29 174 75 22 177 100 2 178 39 8 178 71 3 180 24 1 180 49 28 180 79 5 181 100 17 183 86 7 184 26 8 184 72 7 185 67 12 188 73 16 188 76 26 189 10 24 190 64 15 192 12 23 192 25 26 193 77 3 194 81 29 195 37 22 195 99 1 197 32 30 197 44 21 197 76 15 198 22 25 198 72 2 199 5 19 199 63 9 200 32 24 201 3 4 202 47 2 202 57 4 202 75 31 203 77 0 204 5 17 204 90 27 207 31 28 207 66 15 207 94 2 210 32 31 211 16 15 211 97 0 212 49 25 212 92 12 215 89 28 216 50 21 218 48 3 218 71 2 219 0 22 220 22 13 221 92 25 222 0 18 222 11 1 223 100 11 225 40 8 226 47 11 227 13 15 228 21 12 229 25 31 230 4 10 231 11 22 231 14 0 231 81 15 233 23 2 233 27 24 234 69 2 236 8 9 236 55 19 237 4 12 237 47 20 237 64 9 237 85 3 237 92 25 238 42 14 238 80 3 240 4 5 241 39 8 244 75 10 244 83 10 245 8 3 245 77 20 246 43 26 247 20 20 248 53 22 249 29 20 249 88 2 251 43 19 253 28 28 254 32 26 254 89 23 255 42 26 258 23 4 258 51 29 258 96 15 261 39 29 263 29 23 263 78 3 264 37 18 264 89 2 265 12 3 265 43 8 266 53 3 267 51 30 267 55 26 267 96 1 268 24 10 269 38 22 269 66 4 269 84 5 270 29 3 272 100 30 275 9 11 275 64 10 275 94 1 276 11 13 276 28 22 276 78 14 280 48 15 281 73 6 282 75 23 284 97 2 286 65 21 287 7 18 289 86 23 290 5 12 291 19 10 292 96 8 293 5 19 293 62 31 295 93 11 297 87 26 300 71 12 300 71 24 302 94 9 303 45 6 303 75 26 303 89 20 304 33 20 307 100 23 310 56 9 313 9 17 313 34 20 314 63 10 316 38 28 317 98 11 320 50 31 321 7 14 321 83 24 323 10 8 323 95 29 324 6 26 324 24 9 325 97 6 325 97 8 327 28 7 327 73 24 328 85 31 332 1 23 332 36 19 333 0 16 333 62 7 333 83 24 334 68 26 335 4 5 335 31 21 335 73 23 336 39 16 337 15 23 338 1 6 339 1 22 340 4 7 340 7 11 341 77 0 345 47 14 345 79 11 347 18 24 348 59 18 348 79 27 349 34 11 350 46 5 351 30 10 352 72 10 352 75 6 353 39 14 355 87 17 360 10 22 360 21 18 360 30 11 360 81 7 361 86 13 361 90 3 362 18 21 362 35 26 363 47 29 363 56 12 364 62 6 366 28 22 366 56 12 369 81 5 370 64 31 370 86 13 371 64 11 372 84 13 373 84 12 374 40 23 374 60 29 376 42 20 378 38 16 379 8 0 379 18 21 379 49 12 380 49 21 381 19 19 382 76 30 387 33 27 387 51 13 388 21 21 389 43 1 391 64 14 392 4 0 396 54 16 397 25 14 397 63 2 400 5 21 400 48 30 401 26 7 401 39 10 401 74 25 401 90 31 402 11 25 403 2 3 404 44 28 406 22 6 406 24 16 406 45 12 407 90 16 408 14 21 408 27 15 408 66 18 409 84 28 409 89 26 410 32 29 412 73 3 413 50 23 414 40 29 415 83 28 420 49 19 421 9 7 422 61 30 424 79 30 430 51 1 432 9 23 432 12 0 432 60 29 433 33 3 437 23 13 437 33 15 439 31 29 439 56 27 439 58 30 439 66 9 440 92 17 441 66 2 441 74 4 442 4 8 442 13 5 442 95 3 443 29 12 443 40 20 444 22 16 444 28 29 444 59 17 444 82 7 445 0 29 445 50 10 446 60 25 448 77 4 448 79 10 448 88 29 449 19 0 453 25 22 453 86 7 455 85 25 456 8 12 456 28 22 456 82 1 458 70 12 459 19 27 459 54 4 459 96 1 461 16 2 461 50 16 463 57 2 464 37 26 464 54 1 466 47 19 467 69 18 467 95 24 468 83 25 471 15 13 471 81 20 472 2 9 473 32 11 473 72 4 474 42 2 474 63 13 475 1 20 475 7 16 476 48 31 479 70 1 480 86 26 482 44 10 483 46 6 483 70 12 486 41 1 488 28 5 489 19 5 491 61 20 492 5 13 494 37 15 495 7 27 495 33 23 495 49 28 496 87 0 499 46 22 503 99 29 504 7 21 507 29 13 507 55 14 508 20 14 509 69 6 509 85 7 510 17 20 510 61 24 511 8 20 511 15 25 511 23 25 513 29 16 513 41 25 513 67 30 513 80 17 514 10 15 514 54 23 514 98 11 515 81 25 516 51 18 518 27 11 519 43 2 519 96 20 521 5 9 523 78 4 525 41 13 527 70 17 528 68 17 534 27 8 534 38 11 534 92 16 535 29 4 535 43 6 537 33 20 538 35 3 538 52 7 538 74 27 539 67 25 541 30 22 541 57 24 541 98 8 542 79 9 542 98 19 545 22 13 548 11 10 548 77 22 549 84 20 550 10 16 550 75 2 551 45 12 553 90 18 559 2 26 559 63 30 559 67 4 559 88 8 560 13 24 561 51 6 561 60 31 562 63 2 564 4 1 565 79 25 565 80 15 568 55 14 568 100 29 570 49 10 571 9 21 571 49 13 573 46 0 573 62 27 574 27 5 575 34 23 575 37 26 577 19 4 578 79 27 579 52 23 579 70 25 580 16 25 581 43 15 581 96 24 583 4 2 583 64 11 585 86 31 586 0 8 587 13 23 588 13 22 588 95 29 590 79 7 590 82 31 591 89 18 593 17 0 594 23 26 594 52 8 595 56 21 595 74 25 597 46 27 598 89 10 600 8 17 600 49 28 600 68 18 601 31 19 602 44 15 602 72 11 603 59 7 604 17 5 605 13 21 605 42 5 607 51 12 608 62 1 609 88 19 611 46 19 611 83 29 612 70 8 613 40 2 614 97 11 615 26 31 616 72 19 616 96 1 618 26 23 618 64 2 619 70 5 620 1 4 620 32 13 620 88 20 623 22 29 624 4 9 626 37 16 626 47 7 626 97 21 629 24 26 630 47 15 631 42 13 632 4 9 635 40 17 635 100 9 636 2 10 637 98 7 638 27 9 639 59 2 640 22 1 640 68 14 641 39 17 641 40 14 641 92 5 643 38 12 643 46 13 645 64 0 646 11 9 646 97 22 647 75 6 648 33 23 649 31 3 650 14 22 650 51 28 654 11 19 654 42 25 655 12 20 656 56 2 657 29 12 658 8 11 660 50 30 662 41 10 662 93 9 666 6 30 667 38 31 668 91 14 669 58 4 669 82 13 670 30 2 671 82 23 672 90 28 672 95 12 674 0 4 674 36 13 674 68 18 675 43 17 675 95 16 676 60 23 681 100 29 682 0 20 682 51 19 688 59 23 689 95 24 690 14 5 690 15 9 691 8 11 695 84 30 697 23 24 697 40 5 697 65 3 699 32 7 699 63 24 699 97 20 700 64 16 702 56 4 705 62 5 705 71 9 705 93 20 706 85 7 713 13 4 713 81 4 714 100 16 715 42 25 719 38 28 719 40 15 720 24 0 720 85 22 721 91 24 723 12 30 723 80 12 723 98 27 724 84 5 728 62 20 728 84 1 729 7 6 729 8 24 730 24 20 731 46 21 733 57 17 733 60 23 734 46 5 736 71 11 737 27 20 737 62 13 737 71 29 738 54 30 739 63 13 739 77 28 744 82 23 745 52 2 746 43 16 747 11 6 748 25 12 748 41 15 750 87 0 752 92 21 753 65 15 754 26 15 758 88 9 759 79 19 760 47 1 760 67 11 761 73 12 761 86 14 762 54 30 762 95 17 763 99 1 765 95 17 767 7 13 768 92 23 769 55 1 770 8 24 770 89 12 777 47 16 777 82 1 778 47 22 780 81 11 781 75 2 782 19 17 782 71 6 783 57 5 784 76 3 787 77 22 787 94 6 788 64 18 790 36 17 794 87 0 795 69 25 796 40 8 796 75 23 796 79 15 799 84 27 800 6 30 800 92 31 801 58 3 802 38 9 805 7 2 806 54 15 806 81 9 808 81 21 808 92 16 810 33 29 811 28 22 811 29 1 811 81 8 812 0 15 812 95 2 813 31 13 814 34 20 815 30 17 815 71 27 816 17 11 816 81 6 816 99 16 818 14 2 818 69 3 820 18 29 820 49 20 824 34 28 829 31 28 829 78 1 829 79 12 830 72 28 830 97 20 831 29 25 831 88 10 833 1 27 833 6 25 833 51 14 833 100 24 835 42 17 837 94 26 840 20 9 840 71 26 841 43 11 844 18 24 844 20 10 844 85 22 845 16 21 846 46 6 847 4 7 848 71 1 849 23 21 852 9 9 852 47 19 852 86 12 852 86 29 853 28 5 854 90 17 855 30 18 855 32 8 856 44 9 858 52 5 858 85 31 859 37 18 860 61 25 861 79 2 861 82 21 861 90 26 863 27 30 863 99 1 864 96 3 865 19 9 865 24 25 866 96 15 867 27 1 868 73 25 869 25 12 873 79 8 876 66 2 878 98 1 879 76 17 880 4 12 880 51 17 881 51 13 883 5 22 885 84 13 886 90 22 887 2 6 887 83 22 889 56 14 891 75 31 892 36 5 892 75 24 893 28 16 895 63 5 896 94 10 896 100 8 898 85 12 898 91 24 899 7 4 901 43 24 904 11 24 905 30 11 906 35 5 908 53 10 909 16 17 910 3 14 912 43 20 913 30 15 913 30 24 913 39 16 914 40 19 914 76 5 915 41 29 915 78 26 917 16 16 917 77 12 920 33 4 922 58 2 922 65 20 922 94 30 923 31 1 923 45 20 923 51 26 923 53 6 924 97 19 925 19 20 925 88 14 926 3 13 927 86 17 929 26 7 929 66 31 930 36 12 931 16 22 934 41 4 934 58 7 935 26 29 936 98 26 939 6 30 939 12 15 941 17 19 943 55 1 946 30 7 948 76 26 949 23 15 949 73 13 949 89 20 950 39 22 950 61 29 952 14 7 952 89 23 954 58 0 954 83 22 957 25 20 959 62 13 964 54 16 968 36 0 968 63 22 968 78 30 968 98 15 969 45 5 971 11 9 971 47 2 972 56 9 972 78 1 973 14 14 973 74 22 973 86 20 976 34 21 977 44 4 979 67 20 979 88 7 981 43 23 982 5 6 982 50 17 983 54 11 984 63 27 985 90 22 986 62 17 987 28 23 989 13 21 991 46 25 994 3 5 994 34 4 994 76 21 995 85 20 996 19 10 996 25 22 996 60 4 997 7 22 998 75 18 999 87 2 999 88 13 1000 30 11 1000 90 11 1001 96 2 1002 4 29 1003 77 1 1004 69 20 1005 48 25 1007 44 25 1008 87 4 1009 34 8 1009 70 3 1010 4 28 1011 57 22 1012 5 29 1012 39 21 1013 8 22 1013 56 0 1013 77 1 1013 90 29 1014 38 17 1014 43 2 1015 38 18 1016 7 17 1017 79 20 1018 24 30 1019 10 8 1020 97 25 1022 21 26 1023 6 26 1028 79 28 1029 50 12 1032 19 18 1032 64 3 1034 26 3 1035 16 16 1035 75 27 1036 32 8 1037 83 6 1039 28 18 1040 15 19 1040 19 24 1040 33 19 1041 47 13 1042 95 9 1044 32 10 1044 65 23 1044 93 13 1045 6 20 1046 24 10 1048 3 28 1048 29 18 1048 51 26 1048 74 16 1048 91 17 1048 95 8 1049 3 11 1049 46 5 1049 65 19 1051 18 4 1055 57 14 1056 24 3 1056 65 17 1056 88 30 1057 18 13 1057 26 30 1057 78 26 1058 63 17 1059 10 24 1060 80 10 1061 55 29 1061 68 12 1064 94 7 1065 8 30 1065 32 18 1067 13 0 1068 2 25 1068 62 0 1071 98 13 1072 95 26 1074 28 13 1074 40 11 1074 50 5 1074 85 7 1075 13 11 1076 49 6 1077 86 24 1079 39 23 1081 67 4 1082 7 1 1084 16 10 1085 39 31 1086 8 26 1086 12 12 1086 42 22 1087 28 11 1087 87 31 1087 95 7 1088 54 28 1089 39 23 1089 81 5 1090 50 20 1091 38 7 1092 47 9 1092 51 10 1092 67 10 1093 32 9 1094 4 20 1094 51 11 1094 88 11 1097 51 8 1098 8 26 1098 38 13 1099 23 28 1101 36 17 1102 71 31 1103 1 21 1103 10 31 1103 31 29 1105 38 6 1106 86 1 1106 89 17 1111 81 18 1112 33 4 1112 35 23 1116 29 15 1116 64 14 1117 87 11 1118 69 17 1118 92 8 1119 42 23 1121 28 27 1122 91 15 1123 88 8 1125 5 16 1125 12 26 1125 29 4 1125 30 13 1126 76 26 1126 93 17 1126 95 24 1128 93 11 1129 31 7 1129 60 31 1129 94 9 1130 41 11 1130 48 8 1131 55 27 1131 59 28 1132 48 25 1134 22 22 1135 20 4 1136 59 10 1137 78 17 1139 60 1 1139 94 13 1144 12 23 1144 75 16 1148 6 8 1148 42 20 1149 30 28 1149 32 18 1153 15 21 1153 35 0 1153 84 28 1154 62 13 1156 45 9 1157 44 5 1158 67 23 1158 86 2 1159 23 22 1160 93 29 1161 46 6 1162 16 23 1163 60 31 1164 19 18 1166 20 3 1167 24 8 1167 25 31 1167 44 9 1168 58 10 1169 92 20 1170 14 24 1170 16 18 1171 0 15
232 1069 0.0003 73 13 21 73 85 14 75 8 31 75 81 12 76 43 0 76 73 18 77 33 30 79 5 8 79 28 16 79 31 0 79 57 4 80 34 8 81 19 22 82 55 15 82 68 8 83 3 14 83 49 0 83 52 28 87 67 17 87 69 23 89 69 6 91 92 10 92 9 22 92 49 20 92 61 26 92 77 18 94 82 20 95 63 10 96 8 20 98 12 14 101 8 26 102 60 7 102 77 24 104 39 2 104 41 24 105 13 29 105 87 13 106 10 20 108 37 13 108 77 15 109 24 19 109 100 25 112 94 12 114 28 9 116 33 17 116 95 26 119 48 26 122 34 8 122 36 28 124 92 11 125 30 14 130 24 14 134 93 29 134 94 17 136 21 25 138 37 7 138 82 7 139 55 14 141 44 3 141 72 16 142 58 26 144 18 17 145 48 19 145 70 26 146 57 10 147 3 21 147 12 19 148 6 13 153 1 14 156 25 21 156 66 25 156 94 28 156 96 20 160 54 19 161 9 4 162 44 5 163 74 25 165 21 17 165 73 29 167 97 4 168 60 26 168 73 20 170 31 5 174 56 27 176 1 30 176 51 20 178 52 2 180 33 30 182 14 2 182 53 1 185 66 19 186 72 4 186 97 11 188 20 21 188 21 31 189 59 5 191 76 3 192 79 13 192 91 14 193 19 27 193 38 24 195 6 28 195 69 4 196 56 8 197 47 29 197 70 0 197 82 16 197 100 26 199 42 7 199 58 3 199 98 22 200 7 19 200 39 15 200 73 1 201 36 2 201 83 9 202 63 10 203 46 1 204 83 0 205 21 24 205 99 29 206 7 23 207 10 10 211 80 8 213 87 3 215 8 13 215 9 25 216 82 3 216 82 16 218 92 13 219 17 19 219 71 6 220 69 5 221 76 19 222 19 14 222 54 1 224 23 22 224 42 14 224 81 5 225 9 11 225 55 14 228 57 17 228 61 19 229 11 3 229 74 20 229 87 25 230 30 19 230 73 0 230 89 8 231 12 2 231 12 14 231 40 30 232 94 6 232 99 8 233 61 7 235 86 21 235 90 23 236 35 15 236 66 19 236 68 0 238 15 1 239 45 2 239 66 8 240 39 24 240 75 27 243 26 21 244 15 13 244 89 16 246 25 23 246 57 24 247 84 25 248 58 9 248 72 28 250 42 23 250 64 6 251 23 19 252 41 12 252 79 8 257 11 26 257 27 17 258 14 27 258 68 4 259 88 10 260 77 8 261 70 17 263 84 15 263 89 30 265 25 16 265 79 12 266 84 26 267 44 31 267 84 15 269 96 7 271 46 30 273 98 19 277 11 10 277 22 22 281 39 1 282 18 23 286 42 8 291 20 31 293 0 2 293 2 24 293 94 7 294 0 30 295 27 29 296 24 12 296 87 22 297 1 29 297 66 2 299 58 15 299 98 26 300 35 0 300 72 28 300 77 15 301 22 17 301 31 18 302 93 3 303 12 2 304 55 3 305 30 16 306 59 6 307 12 23 307 24 15 307 63 31 308 5 11 308 36 25 312 41 8 313 55 18 314 7 17 314 40 26 317 13 12 317 62 8 317 66 31 318 38 5 321 13 29 321 16 9 323 98 15 324 90 28 326 27 4 327 90 10 328 24 5 328 28 12 328 55 1 330 91 17 331 41 25 331 100 13 332 1 11 332 64 21 333 7 0 333 18 1 334 42 24 335 42 26 335 47 23 335 71 22 336 18 27 338 45 22 338 87 20 338 98 28 339 5 13 340 14 19 340 29 31 341 72 25 342 36 20 345 10 6 345 55 1 348 18 4 350 96 13 351 4 12 351 38 13 351 57 3 352 84 29 353 0 1 353 24 13 353 83 6 354 9 1 354 38 10 355 80 13 356 27 2 356 31 1 356 31 22 356 54 19 356 69 27 356 90 2 358 11 13 358 45 5 359 16 21 360 40 8 361 41 7 362 33 24 363 92 28 363 99 26 364 75 30 364 93 11 366 64 22 367 71 1 368 44 29 371 65 0 374 37 19 375 93 25 378 41 1 381 64 10 383 61 1 385 0 25 385 67 30 387 30 25 392 82 19 393 52 22 393 95 0 394 31 20 395 12 8 395 67 10 397 85 1 401 75 24 402 95 17 404 0 4 404 21 10 404 30 23 410 1 7 410 3 30 411 64 16 413 42 16 414 87 20 416 63 29 416 75 1 418 82 31 420 69 1 420 81 4 421 57 18 421 81 8 423 12 25 423 33 25 426 19 26 426 29 1 426 75 1 426 81 4 427 65 19 428 51 14 429 2 18 429 45 23 430 1 10 430 29 21 430 32 16 430 72 2 432 77 5 433 59 1 433 76 2 434 95 12 435 35 7 435 37 10 435 86 21 435 96 16 436 76 13 437 35 3 437 66 4 439 15 24 439 79 31 439 96 14 443 66 1 449 10 23 449 91 15 451 95 9 452 9 11 452 19 5 452 59 23 452 91 23 454 14 11 454 82 14 454 89 10 458 54 29 458 72 9 459 32 0 460 20 10 460 67 30 460 88 12 463 26 29 464 35 4 464 87 3 465 23 6 465 44 2 465 57 9 465 90 21 465 99 17 466 15 4 466 83 21 466 95 13 467 45 22 467 65 17 467 94 22 468 76 19 470 81 20 472 88 7 473 71 3 473 77 7 476 81 21 478 13 21 479 59 24 482 67 12 484 99 6 485 49 0 495 16 4 495 20 26 495 62 4 496 20 30 496 39 23 496 91 31 497 8 31 498 27 20 499 7 17 500 12 9 502 10 23 503 42 11 505 72 18 505 100 16 506 31 18 508 27 23 508 38 15 509 49 26 510 86 5 511 100 1 515 66 13 516 3 6 519 6 13 519 56 14 519 89 14 521 93 6 522 16 24 522 54 16 522 96 13 522 99 27 528 56 10 528 60 13 528 96 17 529 6 2 529 45 13 529 98 25 531 81 2 532 69 28 532 80 21 534 46 24 534 59 7 535 50 12 536 18 24 538 14 21 538 27 19 538 93 19 540 35 30 541 20 29 541 31 24 543 8 5 544 19 5 546 76 27 548 62 16 548 67 9 548 70 10 548 81 31 549 55 4 550 39 1 551 52 28 551 78 10 553 56 14 557 50 14 557 51 31 557 91 12 559 32 5 559 60 10 560 13 31 560 100 25 562 65 30 563 70 22 564 15 24 564 85 26 564 86 12 565 37 23 566 48 15 569 62 11 569 67 6 569 68 31 570 79 24 571 99 8 573 3 16 573 48 31 573 62 25 576 8 28 577 98 4 578 48 21 579 5 31 579 8 2 579 50 21 581 100 8 582 17 5 582 52 9 582 62 28 584 9 3 584 55 26 584 92 15 585 20 21 585 46 20 587 30 15 588 72 15 589 21 3 589 57 13 589 62 6 589 77 9 589 86 1 591 24 24 591 70 23 592 41 28 593 8 5 593 41 11 593 88 14 597 4 29 600 19 1 600 28 19 601 57 18 604 7 22 604 57 26 605 56 18 606 15 6 606 70 18 608 51 11 608 60 29 609 61 8 611 42 16 612 90 18 613 13 31 619 7 24 619 83 26 619 90 0 620 21 27 620 63 2 622 61 16 622 79 9 623 84 27 626 73 26 626 100 13 631 27 20 631 30 27 632 0 30 632 3 4 633 3 31 633 8 1 634 45 10 635 25 22 635 26 25 637 29 18 638 45 1 641 12 5 642 97 13 644 51 18 645 48 18 645 80 15 645 92 1 646 5 27 651 18 0 653 29 9 654 49 17 655 85 0 658 26 4 658 66 28 661 49 21 661 60 18 661 75 16 661 98 16 664 15 19 667 33 16 667 43 10 667 61 18 668 86 23 673 62 20 673 69 6 674 8 2 674 14 8 675 71 3 675 80 1 676 9 15 676 95 10 678 17 25 678 87 7 680 14 15 680 26 26 682 44 12 684 2 25 684 55 17 686 96 26 687 87 18 688 84 15 689 59 23 692 20 4 693 20 13 694 23 7 695 11 7 695 44 22 695 73 27 696 45 6 696 55 15 696 59 4 696 86 31 697 71 3 699 1 16 700 75 9 701 18 25 704 20 0 705 91 10 705 95 29 706 36 9 706 100 0 707 87 0 708 73 11 709 54 28 711 36 9 711 75 27 713 85 6 714 79 25 715 55 7 716 89 20 719 45 3 719 77 0 720 57 23 721 84 27 722 45 14 723 91 7 724 73 7 725 44 13 727 6 11 727 97 5 728 89 31 730 88 24 731 96 12 733 89 25 734 94 2 735 28 9 736 52 9 736 83 15 736 100 2 737 79 21 738 70 14 740 71 31 741 44 11 741 46 27 742 28 9 742 53 14 742 100 7 744 23 8 744 66 29 745 6 7 745 15 28 745 40 16 749 16 15 751 50 24 751 76 25 752 57 21 757 79 2 758 75 8 760 1 1 761 60 17 761 89 15 763 25 27 764 67 29 765 4 1 766 14 8 766 21 6 768 20 3 771 20 14 772 58 12 772 72 20 774 90 19 775 59 17 776 26 10 777 37 0 777 41 11 777 80 23 778 39 29 779 46 2 780 42 6 780 95 1 781 74 8 782 50 29 784 47 10 784 63 3 785 36 18 785 45 15 785 62 26 785 92 3 787 8 0 787 37 19 787 43 4 789 0 8 790 82 17 792 7 29 792 29 8 792 40 17 793 51 26 795 14 4 795 45 17 795 58 13 796 56 1 796 69 22 796 72 20 797 3 17 797 41 1 798 1 5 800 80 4 800 100 7 801 87 14 802 43 10 802 73 12 803 47 23 803 78 16 803 98 21 809 2 27 810 6 15 810 67 1 811 10 24 811 18 21 813 18 23 813 42 6 814 60 3 814 96 13 822 9 4 822 97 12 823 21 0 823 21 29 823 47 28 823 61 10 824 14 13 825 100 24 826 75 11 828 99 23 829 25 27 832 74 4 834 76 28 835 41 21 835 96 7 838 23 23 838 54 27 839 13 26 839 94 30 840 19 4 840 33 27 840 52 2 840 84 27 842 52 3 843 69 18 844 29 0 844 45 4 844 50 7 845 51 22 846 44 18 846 46 5 846 93 29 848 38 10 848 51 20 850 26 18 850 75 17 851 33 4 851 42 16 853 42 15 854 50 30 858 13 2 858 75 17 858 99 20 861 97 12 862 64 20 862 87 13 863 1 1 865 12 21 865 17 9 865 34 10 866 3 13 867 7 7 869 82 29 874 59 12 878 21 20 880 8 27 881 42 8 882 3 21 882 49 24 882 88 14 883 44 0 884 67 25 886 48 19 886 73 12 887 59 1 889 65 24 890 81 12 890 97 18 891 89 12 895 6 26 895 46 10 895 99 4 896 25 2 896 42 2 898 27 23 898 71 6 899 81 25 901 39 17 903 61 7 903 67 12 904 18 0 904 38 15 905 6 2 905 42 27 905 58 4 907 57 26 908 22 30 908 35 29 909 64 6 910 16 25 913 45 10 913 61 5 913 80 17 914 97 13 915 80 5 916 80 21 918 19 21 918 85 18 918 86 11 919 25 4 919 79 30 921 32 5 925 34 6 925 77 19 927 9 28 927 43 23 927 75 6 928 74 10 929 21 31 929 82 5 931 43 0 931 91 18 932 45 24 934 28 16 935 65 19 939 55 23 940 98 9 940 98 26 941 56 7 942 81 20 943 76 14 945 11 21 945 20 7 946 6 31 947 57 8 949 7 12 950 17 8 950 43 31 953 11 1 953 53 10 953 78 0 953 80 20 955 31 25 955 47 23 955 53 22 956 19 6 959 54 16 962 36 4 962 71 23 962 75 19 965 8 8 965 77 26 970 27 5 972 7 8 972 46 24 974 26 18 976 97 3 977 27 18 977 77 16 978 1 28 979 6 29 980 54 21 982 41 22 982 58 18 983 78 19 984 81 19 985 68 30 989 87 10 990 1 30 990 52 6 991 10 23 991 97 1 992 90 6 993 0 12 993 61 29 994 79 29 995 54 25 996 6 2 996 37 12 996 44 16 996 56 18 997 46 9 997 63 10 998 25 21 1000 21 23 1001 12 16 1001 100 19 1004 36 13 1004 63 22 1006 44 12 1006 54 16 1008 42 8 1010 5 31 1011 94 10 1012 61 19 1015 5 17 1016 54 28 1019 29 3 1020 11 31 1020 56 15 1021 33 31 1022 93 23 1024 35 11 1024 88 24 1025 2 22 1025 34 29 1025 95 16 1028 66 23 1029 10 30 1029 77 0 1032 34 9 1033 38 1 1034 32 24 1034 70 2 1034 86 17 1034 95 7 1035 95 0 1037 0 8 1037 78 13 1038 97 4 1042 44 13 1043 33 12 1043 80 5 1046 8 4 1046 77 29 1047 31 11 1047 83 23 1048 73 10 1050 35 22 1050 78 8 1051 37 27 1051 50 30 1054 30 16 1055 0 7 1056 38 2 1056 52 22 1056 69 1 1056 92 29 1058 39 26 1058 63 11 1060 19 13 1061 17 26 1061 54 19 1061 59 12 1063 74 17 1064 35 25 1066 8 10 1066 55 23 1066 84 3 1068 27 0 1068 36 18 1068 68 12 1068 77 9 1070 100 6 1072 92 25 1073 1 18 1073 3 29 1073 97 7 1074 45 5 1075 43 16 1075 52 10 1078 99 28 1080 32 28 1082 22 26 1082 54 30 1083 66 5 1083 93 10 1083 97 20 1084 17 10 1086 18 3 1087 66 5 1089 0 28 1089 32 18 1090 19 13 1090 56 27 1091 19 28 1095 79 12 1096 46 14 1096 55 31 1097 6 29 1097 17 27 1097 99 15 1097 100 14 1099 22 28 1099 26 16 1101 96 2 1105 69 21 1106 34 4 1107 3 1 1108 81 23 1111 60 22 1113 25 17 1114 3 21 1114 21 11 1114 55 9 1115 48 20 1115 51 25 1115 74 3 1117 83 24 1120 2 18 1121 22 25 1121 67 29 1124 33 7 1124 53 16 1124 64 30 1124 91 30 1125 18 31 1125 52 25 1127 98 7 1128 24 22 1128 75 6 1128 82 29 1128 93 18 1129 81 2 1130 9 22 1130 73 4 1131 79 20 1132 13 14 1132 35 6 1133 16 14 1134 6 9 1134 8 9 1134 60 21 1137 10 8 1137 11 5 1137 94 16 1140 45 26 1140 72 2 1141 72 24 1141 75 14 1141 75 27 1142 28 26 1142 29 0 1142 79 17 1144 77 18 1146 37 8 1147 22 7 1147 35 1 1148 97 27 1156 77 1 1157 55 23 1158 1 30 1158 37 30 1159 6 10 1159 51 15 1160 84 9 1161 43 26 1162 60 3 1162 67 20 1164 17 25 1166 7 20 1167 24 24 1168 9 4 1169 13 24 1169 45 6 1169 68 14 1169 89 1 1171 52 20 1174 34 5 1175 82 15
233 1069 0.0003 73 39 8 73 44 16 73 91 25 73 99 19 73 100 29 74 53 9 74 96 24 75 100 26 78 7 23 78 19 19 79 64 12 79 68 29 80 92 19 82 10 19 82 45 12 82 56 0 83 28 3 83 48 18 83 51 24 84 86 22 85 84 13 86 82 5 87 46 16 88 9 14 89 44 24 93 15 24 93 82 31 95 7 0 95 80 3 96 77 16 97 28 12 98 44 8 98 81 9 99 81 6 100 100 16 101 39 16 102 1 25 102 34 16 104 55 16 104 63 5 105 19 18 105 55 11 107 43 11 107 77 11 108 20 30 109 18 28 109 80 24 110 78 29 111 10 1 113 6 31 114 15 25 116 43 2 117 27 14 118 93 15 119 56 28 120 80 29 123 79 9 125 16 19 125 36 24 126 4 22 129 5 1 129 33 26 132 6 5 133 6 15 133 38 19 133 69 31 139 57 22 139 80 15 143 45 19 143 50 23 145 0 27 145 2 19 145 85 29 146 28 10 146 67 15 146 85 11 147 72 26 150 11 15 150 13 8 151 93 1 153 9 22 156 18 0 156 32 9 157 60 22 159 66 16 160 83 10 161 32 11 162 86 23 163 31 23 164 2 27 164 61 31 164 65 18 165 92 20 169 0 13 169 19 4 170 0 17 170 8 23 171 28 18 171 65 2 171 80 18 171 91 18 172 79 28 172 80 23 172 88 30 173 16 7 173 84 11 174 4 13 176 27 25 176 28 6 176 41 20 176 50 28 176 64 31 178 92 16 179 34 23 180 32 31 180 35 26 181 1 13 181 39 13 182 59 20 184 22 20 184 40 20 184 86 0 185 57 15 186 30 17 186 71 8 187 11 8 187 55 23 187 66 15 189 92 13 190 55 23 192 36 29 193 16 4 194 92 12 195 31 12 196 89 6 198 8 25 199 8 6 200 94 25 203 27 19 203 73 3 203 91 14 205 21 0 205 87 2 207 47 13 208 67 19 209 40 31 209 64 4 211 85 4 212 13 1 212 32 21 212 46 14 212 65 19 214 64 10 215 22 20 215 84 6 216 11 27 217 52 23 218 3 26 218 90 20 219 79 24 220 84 22 220 95 28 221 47 9 221 81 4 221 88 16 222 53 21 222 95 1 223 82 13 224 17 3 224 45 3 226 74 29 226 81 5 227 70 18 227 72 21 228 36 0 229 7 2 230 37 4 231 98 17 235 4 10 235 52 6 235 89 31 236 89 31 238 22 26 238 55 19 239 53 10 239 77 12 240 43 1 243 39 29 244 46 29 244 76 5 246 24 12 246 29 22 247 16 9 247 24 27 249 21 6 251 4 6 251 69 22 251 93 18 252 37 27 252 53 17 256 80 28 257 4 30 257 55 6 258 72 0 259 21 29 265 20 16 266 36 15 267 24 8 267 88 5 267 95 6 268 84 19 274 24 7 274 32 19 274 32 29 274 39 28 276 39 27 278 1 13 278 15 30 278 36 16 278 90 8 280 22 0 281 4 29 281 13 25 282 58 30 283 7 4 283 16 29 285 23 19 285 52 24 287 72 15 288 53 9 289 18 13 289 21 6 289 55 1 291 82 22 293 24 22 295 25 29 296 59 13 299 45 29 300 90 22 302 7 8 302 38 16 302 56 13 304 58 28 304 100 12 305 83 26 306 79 10 307 53 23 308 48 21 308 56 14 309 22 4 309 42 5 311 87 29 312 73 8 314 34 21 314 66 23 315 57 26 317 27 11 317 97 3 320 15 16 321 42 2 322 55 10 322 90 27 323 17 9 323 41 27 324 29 2 325 14 13 325 21 24 325 24 15 325 44 25 327 9 0 327 21 0 329 44 12 330 68 30 330 86 16 331 23 24 331 60 23 331 74 15 331 85 7 333 49 21 334 43 2 334 78 25 335 50 15 336 5 17 336 19 9 336 78 2 336 94 17 337 92 20 339 13 26 339 19 12 339 20 28 339 87 2 340 48 17 341 31 8 342 92 19 344 6 29 344 61 16 344 96 19 348 19 28 348 44 28 349 71 3 353 29 28 353 61 6 355 8 20 355 21 2 355 29 10 356 4 21 356 68 9 362 40 16 363 35 11 368 99 2 369 21 14 369 22 2 370 26 8 371 46 27 373 16 1 373 22 7 374 34 4 376 27 22 376 44 31 379 10 29 379 56 27 380 13 5 380 32 18 380 59 16 380 62 30 381 34 8 382 13 26 383 17 10 383 17 23 384 72 9 385 66 20 386 35 31 386 84 24 387 33 10 387 76 1 387 80 4 388 50 22 390 47 23 392 44 8 392 50 31 393 44 2 394 30 11 394 59 26 396 10 7 396 85 26 397 38 29 397 69 3 397 76 19 397 95 18 398 10 6 398 54 0 402 23 27 403 53 17 404 15 7 404 56 24 406 34 2 406 52 1 407 58 20 409 27 23 410 41 10 410 80 23 411 86 0 412 1 17 412 70 6 415 4 8 415 4 22 418 47 14 418 69 18 418 90 5 420 95 16 422 65 20 423 29 13 423 41 19 424 67 16 424 75 9 426 68 9 427 9 29 427 87 9 428 30 24 431 36 12 433 68 0 433 86 28 434 40 20 434 41 7 435 95 14 438 78 9 438 94 27 438 96 17 439 32 19 439 63 15 440 15 6 441 33 17 442 35 20 442 51 31 443 25 0 444 74 9 445 14 13 446 23 6 446 86 12 448 33 4 450 40 25 451 53 3 452 76 10 452 86 15 453 19 21 453 25 12 453 75 2 453 95 8 454 2 7 454 4 26 454 64 17 456 15 24 456 88 1 456 96 13 457 22 25 457 30 8 457 87 20 459 85 7 459 94 3 460 32 27 461 14 16 461 56 6 462 10 27 462 38 0 464 43 15 465 38 7 466 15 24 470 1 25 470 77 26 471 79 5 473 47 23 473 99 16 475 15 29 476 8 20 476 46 9 476 48 11 477 51 30 478 14 3 479 1 31 479 51 26 480 13 14 483 52 31 485 98 20 486 3 27 489 12 14 490 33 10 491 18 29 491 88 14 496 31 29 497 54 31 498 41 9 498 63 4 498 68 13 500 3 3 500 18 11 500 78 25 504 4 23 504 82 19 505 25 31 507 72 28 508 51 26 511 19 31 511 44 29 511 91 1 512 8 25 513 27 10 513 94 3 514 30 18 514 93 0 515 69 24 515 81 3 516 14 27 517 85 14 518 9 3 518 22 11 518 35 2 519 70 1 520 71 12 521 22 13 522 19 20 523 1 19 523 19 6 523 63 4 524 73 8 527 62 1 528 17 4 531 86 9 534 76 1 535 69 31 536 40 22 537 41 1 538 11 28 540 84 0 541 49 5 543 0 26 545 4 28 545 13 2 547 92 21 549 45 18 550 33 16 550 67 14 553 88 14 554 53 10 555 68 14 556 58 23 558 89 26 559 62 3 560 58 8 561 5 23 562 72 18 563 20 3 563 59 20 563 68 30 565 46 3 565 64 22 565 81 5 565 83 27 566 64 31 570 76 26 571 24 28 571 98 15 573 41 20 574 49 21 575 65 18 576 14 4 576 27 29 576 43 20 577 47 0 578 27 27 578 59 1 579 46 29 580 57 16 582 15 8 583 18 23 583 84 16 583 86 30 584 30 6 584 47 31 584 87 24 585 63 26 585 77 10 586 64 11 587 57 25 588 66 3 589 8 13 590 57 19 592 25 20 592 68 9 592 98 21 594 4 29 594 61 22 595 17 21 596 9 15 596 84 0 597 2 4 597 39 0 597 69 24 598 51 12 599 24 28 599 98 21 600 72 21 601 55 15 602 17 21 603 2 19 603 60 1 605 10 25 606 87 16 608 27 7 610 45 10 610 57 14 613 7 31 613 55 23 614 50 31 614 81 27 614 87 23 615 62 22 620 58 17 621 20 23 622 0 2 623 27 8 624 58 1 626 21 10 627 21 5 628 78 6 628 94 16 630 35 10 633 68 3 633 88 2 635 79 14 636 20 14 638 18 17 642 99 11 643 44 16 643 63 21 644 29 17 644 45 14 644 80 27 645 1 13 645 33 31 645 50 1 646 64 12 647 55 1 648 5 30 649 30 22 649 56 25 650 15 13 650 84 16 651 41 14 652 19 7 653 69 7 653 95 29 656 57 23 657 86 16 657 93 14 658 45 22 659 73 20 660 70 20 661 59 19 662 38 18 663 89 23 666 31 1 667 16 0 667 22 0 667 28 22 669 63 14 669 79 24 671 4 23 671 96 1 672 22 5 672 64 14 673 64 26 673 71 31 673 90 6 674 5 6 675 61 22 676 20 16 677 77 30 678 47 0 678 62 6 678 78 5 681 14 12 682 34 5 683 58 9 687 3 16 688 27 0 688 27 11 689 16 31 694 91 27 697 35 29 700 22 28 702 28 29 704 77 16 706 36 19 710 78 27 714 29 8 715 27 23 715 46 27 716 80 16 718 22 29 718 65 18 719 8 8 719 71 31 719 77 8 721 76 29 722 76 25 723 12 27 723 98 31 725 85 12 726 96 9 727 68 15 731 18 9 731 25 7 731 29 9 731 80 21 734 35 19 734 57 20 735 24 9 736 5 8 736 16 23 736 74 7 737 22 28 737 51 16 738 11 29 739 19 24 739 45 31 739 63 0 740 15 22 742 71 7 743 14 15 743 39 20 745 31 29 745 93 6 747 17 1 747 25 12 747 63 0 748 92 6 749 46 7 751 38 2 752 82 10 753 37 5 754 3 17 755 1 31 755 58 12 755 84 15 758 23 31 760 82 1 761 6 2 761 24 5 761 43 1 762 61 18 763 0 31 763 91 26 764 96 25 772 81 25 773 90 13 774 95 12 777 33 26 778 39 27 780 36 15 780 96 28 781 91 8 785 12 2 785 80 19 787 46 26 787 71 17 788 0 26 788 55 2 789 66 7 791 83 10 792 16 7 792 16 29 792 94 29 793 44 10 793 78 12 794 5 5 795 25 4 798 10 4 800 4 20 801 11 19 805 45 5 806 28 11 806 35 23 806 75 20 806 81 16 808 27 31 808 35 21 810 38 18 811 39 19 814 36 25 814 41 3 815 4 16 817 52 27 819 45 30 823 50 20 825 37 24 826 96 24 827 71 23 827 84 15 829 28 28 830 36 4 831 18 9 831 19 23 833 9 28 833 55 18 834 88 0 837 48 18 840 29 27 841 51 18 843 80 10 844 0 28 844 44 22 846 33 19 848 25 6 848 34 15 848 56 3 849 6 10 849 95 15 850 85 18 852 49 8 852 92 13 853 83 13 854 63 12 854 74 20 856 4 15 857 62 23 857 99 29 860 4 11 860 10 30 861 28 7 861 53 23 861 82 12 862 80 0 864 84 27 865 81 30 866 87 7 869 28 14 870 59 29 871 21 15 872 76 22 873 9 11 874 94 17 875 22 7 877 41 27 879 17 1 879 21 29 883 2 17 883 93 30 884 80 16 889 54 6 889 91 25 890 51 8 891 23 28 891 31 2 891 60 16 895 24 17 895 25 18 895 71 19 896 61 10 897 56 9 899 8 10 900 15 23 902 66 7 906 35 5 906 87 28 906 96 30 907 53 29 908 15 8 908 32 8 908 71 4 909 43 1 909 84 10 910 93 23 911 93 2 913 98 12 915 31 0 916 24 30 919 30 19 920 22 2 920 46 26 920 84 16 921 10 4 921 80 3 923 33 21 927 11 3 927 64 4 929 20 13 929 93 23 930 44 9 931 3 12 931 56 28 932 1 17 932 97 13 935 34 25 935 61 7 936 8 21 936 47 30 936 54 9 936 94 2 937 36 14 937 70 16 937 70 25 939 91 27 940 37 23 941 47 1 941 62 8 943 8 24 943 56 25 943 64 12 944 8 25 945 73 2 946 12 15 946 30 8 947 65 4 948 97 19 956 42 8 958 0 14 958 35 30 959 87 14 961 30 20 962 6 12 962 41 24 962 67 9 963 58 19 965 28 1 966 11 0 966 39 26 969 29 8 969 31 5 969 41 2 969 80 0 971 6 14 971 32 7 973 21 31 974 0 21 975 28 28 977 33 12 980 9 8 981 8 5 982 13 10 983 65 29 983 100 20 984 16 6 984 89 27 985 26 5 985 55 0 985 97 5 986 7 26 987 65 27 991 20 6 991 39 19 991 70 7 991 70 16 992 26 20 993 8 1 993 26 3 993 56 28 993 73 14 997 1 2 997 20 10 997 45 20 998 81 25 1000 83 27 1000 89 8 1001 29 22 1003 40 5 1003 66 25 1003 75 8 1004 18 30 1006 62 19 1007 51 25 1008 60 25 1008 83 12 1009 5 5 1010 22 9 1010 89 27 1011 5 8 1011 10 28 1012 70 17 1012 70 23 1012 70 28 1013 60 28 1014 10 26 1015 35 18 1015 51 20 1016 24 29 1016 45 6 1016 49 28 1017 46 13 1018 63 20 1018 79 26 1020 84 10 1021 41 30 1023 37 0 1023 97 16 1024 98 12 1026 64 19 1027 3 29 1028 88 17 1030 80 27 1030 97 5 1031 10 4 1031 23 7 1033 53 23 1034 69 24 1037 71 27 1040 92 13 1041 77 13 1042 53 12 1045 29 7 1047 63 3 1048 22 12 1048 47 10 1051 88 23 1058 19 27 1062 16 21 1063 64 13 1067 20 30 1067 59 5 1069 42 1 1069 76 17 1070 18 20 1070 44 9 1073 9 12 1076 34 15 1076 94 30 1079 16 11 1081 32 30 1084 17 12 1085 26 18 1086 26 21 1089 5 17 1089 53 5 1090 73 22 1091 11 13 1094 37 25 1095 33 21 1095 46 28 1095 65 1 1097 31 16 1097 50 27 1098 43 16 1100 26 3 1100 83 17 1103 1 12 1104 29 5 1105 29 0 1108 52 25 1108 67 2 1108 80 7 1110 25 19 1110 40 19 1110 52 17 1111 30 21 1112 22 1 1113 37 4 1113 100 18 1114 15 2 1117 28 19 1117 56 24 1117 96 7 1117 99 16 1121 31 18 1123 0 15 1123 76 6 1125 78 9 1126 8 14 1127 13 5 1127 17 12 1128 72 0 1130 98 21 1131 44 9 1132 23 2 1132 30 23 1132 36 14 1133 49 7 1135 34 1 1135 70 30 1135 94 11 1136 28 29 1137 45 23 1140 5 13 1141 67 3 1142 85 3 1143 71 25 1145 30 10 1148 2 29 1148 84 10 1149 29 9 1149 32 17 1150 28 14 1150 94 20 1155 6 14 1158 67 16 1159 15 21 1160 26 28 1162 30 16 1162 33 4 1162 71 11 1164 68 16 1165 84 22 1166 29 27 1166 79 1 1166 89 8 1166 97 22 1170 8 9 1172 95 24 1174 12 5 1175 56 14 1175 86 11
234 1069 0.0003 72 10 30 72 23 3 73 4 31 73 41 31 79 14 23 80 55 4 80 58 11 80 78 17 81 44 0 84 7 28 84 59 10 87 27 8 88 25 21 89 9 26 89 100 14 90 61 8 90 81 7 91 69 18 92 83 0 94 14 5 97 85 3 98 28 24 99 16 8 100 47 1 101 86 29 103 52 0 105 20 13 105 40 8 105 73 27 107 87 19 108 65 1 109 89 4 110 4 3 110 37 22 110 98 21 112 20 10 114 7 6 114 14 16 118 18 17 118 43 22 119 34 16 121 39 9 122 24 29 123 11 1 124 23 29 124 71 21 126 0 2 131 37 14 131 63 3 132 65 19 136 30 1 137 29 20 138 2 6 138 2 9 138 39 24 140 11 24 142 70 15 145 19 2 145 84 5 145 93 23 146 55 6 146 81 25 152 9 19 155 7 5 155 74 16 157 27 4 158 47 8 160 55 14 160 56 5 160 69 25 161 14 22 163 99 1 164 14 2 164 35 19 164 40 16 165 6 3 165 48 30 166 65 5 168 1 10 168 10 1 168 34 3 168 63 5 170 14 29 173 72 3 173 93 20 174 97 31 178 33 28 179 15 23 179 21 20 179 37 0 181 46 24 181 77 18 185 59 0 186 15 15 188 43 25 189 9 31 192 18 23 192 81 28 193 10 13 193 53 7 194 85 6 195 8 24 195 25 28 195 73 25 195 92 10 196 10 21 198 58 20 199 99 5 200 5 0 200 10 4 201 73 6 203 27 28 203 37 5 206 43 21 207 47 14 210 21 8 212 2 14 212 68 15 212 80 1 213 19 19 213 88 25 215 85 8 216 46 13 216 92 8 217 17 25 217 56 8 219 78 30 219 86 7 222 9 13 222 78 1 222 88 10 223 23 9 223 48 11 223 97 1 225 55 26 226 33 3 226 57 23 227 89 6 228 6 0 230 64 24 231 24 11 231 34 12 231 67 7 232 65 2 232 70 30 233 60 24 234 64 20 235 33 22 235 93 3 237 20 15 237 37 18 239 6 6 239 18 8 241 32 29 241 67 15 241 72 0 242 16 16 242 57 10 242 85 23 243 56 5 243 89 4 245 81 29 247 13 24 249 48 5 250 6 29 252 77 17 256 78 6 257 84 25 259 18 17 263 17 8 263 30 8 264 7 11 265 3 21 265 57 20 267 19 24 267 20 4 267 89 22 268 31 13 268 40 18 270 51 12 270 58 10 271 24 14 274 25 31 275 8 11 277 96 1 279 6 8 280 69 29 281 69 6 282 21 19 282 25 2 284 11 11 284 93 7 285 77 8 286 0 0 286 86 0 287 0 8 287 29 11 288 74 24 289 53 5 290 7 7 290 39 4 290 60 13 293 25 28 293 27 20 297 12 20 298 81 8 299 10 9 300 58 30 300 79 6 301 15 28 301 48 15 302 14 3 302 74 20 304 46 2 304 51 13 306 52 14 306 54 25 306 64 24 307 53 18 308 21 18 309 54 19 309 57 8 309 66 2 309 94 22 310 50 18 310 76 9 312 19 3 313 56 31 315 24 4 317 16 13 317 17 12 318 94 25 319 25 4 319 72 29 320 97 12 324 50 27 325 78 24 326 12 19 326 56 5 329 75 16 333 61 28 334 6 1 334 100 14 337 0 16 337 31 8 339 34 16 339 97 22 342 57 24 344 83 9 345 18 16 345 91 0 349 11 15 350 5 19 350 99 8 351 81 16 353 99 0 355 99 5 356 97 11 358 70 11 358 91 7 359 92 29 361 82 5 362 16 1 363 11 20 363 16 1 363 74 11 365 75 25 366 43 6 367 63 6 371 73 28 373 9 9 373 16 7 373 83 0 375 18 26 377 59 4 377 83 8 377 87 7 378 29 7 378 96 0 379 48 27 379 68 20 381 65 9 384 33 5 385 52 7 385 59 6 385 100 4 386 52 23 389 18 24 389 25 9 390 62 6 391 7 17 391 16 24 391 45 14 391 46 25 391 53 23 394 49 31 394 73 6 394 100 31 396 23 20 397 95 17 398 24 23 399 25 18 399 88 12 400 7 7 401 17 25 403 45 30 403 100 7 406 12 25 406 21 1 408 43 22 409 70 13 410 50 3 410 86 15 411 54 1 412 4 15 412 34 6 412 42 30 413 80 24 416 19 11 417 47 20 419 39 23 420 7 22 420 73 10 421 28 9 422 14 0 423 5 21 426 44 26 427 23 5 427 36 0 427 36 10 427 92 20 428 13 20 429 27 8 430 71 4 430 99 2 431 78 26 432 7 16 432 93 13 434 90 16 435 11 14 435 41 31 435 63 28 437 46 30 437 73 19 437 89 21 439 28 19 439 49 27 441 15 12 442 0 20 442 48 5 443 32 4 443 33 18 443 47 26 443 70 0 443 89 3 443 95 3 443 98 0 445 36 3 446 82 25 448 9 26 448 11 24 448 14 30 449 73 16 450 33 15 452 60 16 454 65 0 454 82 25 457 18 8 457 57 2 459 49 14 459 80 3 461 17 31 461 80 27 462 1 17 464 52 23 464 93 3 465 20 21 465 66 5 465 69 30 468 55 0 468 61 9 469 48 27 471 41 23 472 25 1 473 90 25 474 76 12 476 83 13 480 67 30 481 4 1 481 7 25 482 69 29 483 29 27 483 31 5 483 81 7 485 36 27 485 54 12 486 51 7 487 28 30 490 2 23 490 7 5 492 18 26 494 38 7 497 63 7 498 43 9 498 95 11 499 54 26 499 58 9 500 68 11 502 0 22 502 16 15 502 63 13 502 65 27 504 11 5 504 64 30 505 7 31 505 32 3 507 63 19 507 65 27 507 86 17 508 92 22 509 94 2 512 55 9 513 83 17 515 11 24 515 90 22 518 44 17 518 50 7 520 71 26 522 46 5 522 76 25 522 83 0 523 39 29 526 7 0 527 40 6 528 22 9 528 44 3 531 48 11 531 55 18 532 5 26 532 35 20 532 42 24 534 71 0 536 15 14 537 6 10 538 47 24 538 53 20 540 68 9 540 75 15 542 62 11 546 30 5 549 93 6 550 57 5 551 43 5 551 58 22 552 29 22 554 37 11 554 58 26 554 65 30 555 22 7 556 14 2 556 41 22 557 10 12 557 12 5 557 26 25 557 29 3 557 54 10 557 90 25 558 36 27 558 58 28 558 62 13 559 36 17 559 65 23 559 88 27 562 64 2 562 83 22 563 63 31 565 87 31 565 91 5 567 87 31 568 80 21 569 73 8 570 58 6 571 7 5 572 32 9 572 55 13 573 70 20 573 82 25 575 19 0 576 39 22 578 39 5 580 14 4 580 79 22 580 81 28 581 14 23 581 36 14 581 58 0 582 35 23 584 19 27 585 38 12 585 93 17 586 2 9 588 18 27 588 33 20 588 50 29 589 64 20 590 22 14 591 29 28 591 73 7 593 4 17 593 31 4 593 68 2 594 91 19 595 42 7 596 42 7 596 42 31 597 48 20 598 58 14 599 23 30 600 25 5 601 13 5 603 7 17 603 60 1 604 35 6 605 40 8 606 61 13 608 37 10 608 66 0 608 90 22 609 39 1 610 60 29 613 40 21 614 47 7 614 73 9 614 93 29 615 72 23 616 33 13 616 59 31 617 79 8 617 90 23 618 1 12 619 76 0 619 80 3 621 33 5 622 2 3 623 26 12 624 11 20 624 30 25 624 51 14 625 21 20 625 52 26 626 37 7 627 35 21 627 58 28 628 46 5 629 42 31 629 48 4 629 87 4 629 89 31 630 15 10 630 54 8 631 86 17 632 5 9 632 52 3 633 4 23 633 7 29 633 70 3 634 93 31 635 84 28 637 26 10 637 75 8 639 63 24 641 21 5 641 47 7 641 55 29 641 97 23 644 13 27 644 32 18 645 42 17 645 48 25 646 58 11 647 10 24 648 40 2 649 43 18 649 49 6 651 99 17 652 3 5 653 73 16 653 87 0 653 97 14 654 17 8 654 99 1 656 48 12 656 65 27 657 35 17 657 92 23 659 66 9 665 25 8 665 42 6 667 88 20 667 97 31 668 3 0 669 71 8 669 94 23 670 39 11 670 62 13 671 29 25 671 38 5 671 38 23 671 76 11 672 98 3 673 25 20 673 54 0 674 40 31 677 61 4 678 23 17 678 86 28 678 95 24 679 64 1 680 16 25 680 86 27 681 2 20 681 20 3 681 29 10 681 34 8 682 2 20 682 55 6 683 43 9 683 86 26 684 35 4 684 56 9 684 84 8 685 17 28 685 82 23 686 51 28 687 41 5 687 64 27 687 66 8 688 15 24 688 90 7 690 34 22 690 83 14 690 89 23 693 5 3 693 16 5 694 29 21 696 10 31 697 44 2 698 43 14 698 47 28 698 56 31 699 18 0 699 46 6 699 55 13 700 30 29 702 53 31 704 94 28 705 16 9 706 6 23 708 81 17 709 38 6 709 72 25 709 74 11 711 38 25 712 17 15 713 66 20 714 20 26 714 41 21 716 54 17 721 35 13 722 57 7 722 72 18 722 92 15 723 63 0 724 25 13 724 38 14 724 38 25 724 64 25 726 87 20 727 5 2 727 85 17 728 9 26 728 74 10 730 91 13 731 11 21 731 14 28 731 63 14 732 64 16 733 5 25 736 36 29 737 64 17 739 90 11 743 51 27 745 79 29 747 19 8 748 22 24 748 89 17 748 100 31 751 32 17 752 39 0 753 37 3 753 99 14 755 11 11 755 33 27 756 97 9 757 6 18 759 5 5 759 49 7 760 92 31 761 18 16 761 70 22 762 91 1 763 10 4 763 41 11 763 63 20 764 71 27 764 79 30 765 63 16 765 86 14 767 43 4 767 56 0 767 59 24 769 56 13 769 96 29 771 32 23 771 69 27 771 76 1 772 8 29 773 42 4 773 76 12 773 89 2 774 66 28 775 4 16 775 81 2 779 92 13 783 29 4 786 17 30 786 80 15 787 76 9 789 71 14 793 24 3 795 98 11 796 95 2 797 50 8 798 1 8 799 12 20 799 80 15 799 92 7 802 40 14 809 57 19 810 30 30 810 72 17 812 4 8 812 40 25 814 25 8 815 34 17 816 81 17 816 90 24 816 95 15 820 36 16 820 62 17 820 75 8 821 47 7 822 84 18 825 19 29 825 66 4 826 29 29 827 95 0 829 73 14 829 83 22 829 97 21 832 23 25 832 94 8 832 99 15 834 16 19 836 3 8 837 53 10 838 39 21 841 42 0 841 49 2 843 83 16 843 87 25 843 91 0 845 58 20 846 86 2 847 99 11 849 9 26 850 76 7 851 80 9 853 57 0 857 96 22 859 100 27 860 49 18 861 62 9 865 36 18 866 35 26 867 1 31 868 9 7 869 64 15 870 13 0 872 38 17 872 53 11 872 66 29 873 36 0 874 12 20 874 16 12 877 51 3 877 72 22 879 24 5 880 48 11 881 7 25 883 38 6 885 22 8 886 81 21 886 98 3 888 65 23 896 60 3 896 82 22 898 61 4 900 82 1 902 64 26 903 55 24 903 63 4 907 30 21 911 56 21 911 91 6 912 7 1 912 7 20 914 76 31 915 74 5 916 79 4 916 81 20 918 6 27 918 53 0 919 67 28 919 80 31 920 38 17 921 29 22 921 36 30 921 90 28 922 92 12 923 74 22 924 29 5 924 79 20 928 70 12 928 84 11 930 2 11 931 12 29 933 68 24 933 78 2 934 28 8 934 28 20 935 98 12 936 25 5 936 46 25 936 61 5 941 29 24 943 0 2 943 3 22 943 40 7 944 14 4 944 49 29 947 4 11 950 7 27 951 14 28 951 97 24 955 34 31 955 53 1 955 93 12 959 1 2 959 65 10 960 65 23 962 33 22 964 24 16 965 88 25 966 75 31 967 82 23 968 14 23 969 23 30 970 87 24 971 78 16 974 11 28 974 26 23 974 38 25 975 30 31 976 21 9 976 22 19 976 62 12 976 66 23 977 18 16 978 82 15 979 55 10 980 69 22 982 43 31 985 38 14 985 51 14 985 55 0 985 84 15 986 62 24 987 39 31 987 88 13 988 56 7 989 40 9 990 90 31 991 76 28 992 34 14 993 91 7 994 49 26 995 35 22 998 69 7 999 21 10 999 69 31 1002 58 14 1003 18 0 1003 71 19 1005 30 13 1005 47 16 1005 98 15 1007 68 17 1008 76 13 1009 47 24 1010 83 6 1013 73 5 1015 25 29 1015 39 1 1016 1 14 1018 88 8 1020 65 0 1020 73 20 1022 23 0 1022 95 27 1023 43 9 1023 96 13 1024 58 23 1024 83 1 1025 92 2 1026 16 19 1026 34 18 1026 40 30 1026 52 15 1030 19 26 1030 35 24 1031 16 17 1031 41 26 1031 71 23 1032 0 13 1034 20 2 1034 23 5 1034 63 28 1038 47 22 1039 24 11 1039 95 2 1040 65 6 1041 32 8 1042 51 25 1042 77 15 1044 21 26 1044 31 27 1047 1 11 1049 16 17 1050 92 10 1052 47 28 1053 33 2 1054 8 4 1055 95 27 1058 6 24 1061 84 2 1062 80 26 1063 0 27 1063 33 8 1063 46 8 1065 73 7 1066 52 9 1066 82 9 1067 62 10 1068 85 6 1069 80 8 1071 63 29 1072 68 2 1074 58 18 1075 51 21 1076 3 28 1076 19 4 1076 48 31 1077 61 10 1077 83 13 1078 42 22 1079 9 30 1079 34 11 1081 24 2 1081 72 9 1082 30 31 1083 74 7 1084 54 25 1087 30 23 1088 29 26 1089 41 10 1092 27 30 1092 88 5 1093 9 4 1093 16 21 1094 13 23 1096 58 5 1097 40 2 1097 56 22 1100 6 26 1101 23 5 1101 48 20 1103 44 5 1106 9 4 1106 80 8 1107 10 6 1109 25 31 1110 22 6 1113 6 31 1113 29 12 1114 48 17 1115 7 7 1115 45 22 1116 25 1 1116 50 10 1118 84 0 1119 10 13 1121 64 17 1122 39 13 1122 83 11 1124 53 10 1126 79 9 1127 34 29 1133 26 20 1135 39 5 1137 19 26 1138 4 9 1138 83 2 1139 7 7 1139 44 2 1139 100 21 1142 66 29 1143 5 28 1143 62 20 1144 23 19 1144 25 3 1144 61 11 1144 62 19 1145 65 25 1146 12 26 1146 74 28 1147 26 30 1147 100 18 1148 1 11 1148 34 22 1149 77 19 1155 21 30 1158 1 1 1159 90 26 1160 68 13 1160 83 26 1162 23 14 1162 30 1 1163 5 30 1165 91 0 1167 32 17 1167 70 22 1169 93 5 1171 83 18 1174 60 21 1174 87 0 1175 43 5 1175 66 22 1175 69 15
235 1069 0.0003 73 52 23 75 6 22 75 78 21 76 46 17 77 29 7 77 47 0 78 66 24 78 74 13 79 5 5 80 12 7 80 39 7 81 27 21 81 30 1 82 5 0 82 91 21 83 46 24 84 60 29 85 63 8 85 85 15 86 1 17 86 38 15 86 89 8 90 97 28 91 17 31 91 49 12 91 88 30 95 14 18 95 35 31 95 99 13 97 20 2 97 84 0 98 35 2 98 36 19 98 51 7 98 76 22 98 85 19 98 99 2 100 8 26 100 22 0 102 77 17 103 25 20 104 9 19 104 10 5 105 30 14 107 6 14 107 17 17 107 96 27 110 60 8 112 17 13 113 19 9 113 99 12 114 5 3 114 19 30 116 49 29 117 1 9 117 39 8 117 85 19 118 88 16 119 0 11 120 30 26 122 72 7 124 41 22 125 76 26 126 60 12 127 6 15 128 46 0 128 70 3 130 3 23 133 17 18 134 5 24 134 47 30 134 74 15 136 17 9 136 76 0 137 28 12 137 52 7 139 14 22 139 27 4 139 77 31 140 95 0 141 73 0 142 73 21 142 75 5 142 86 30 145 21 12 146 9 13 146 12 2 147 34 6 149 26 24 149 52 21 150 26 0 150 73 14 150 81 15 150 98 6 151 77 7 152 23 26 154 72 11 154 88 11 155 0 13 155 18 27 157 25 21 157 57 14 157 70 31 160 25 11 160 60 11 160 79 27 161 97 21 162 67 10 163 90 22 166 73 4 166 80 21 167 64 28 168 83 23 170 22 7 171 30 29 173 17 2 174 59 11 174 81 7 175 15 4 176 56 11 177 70 18 177 86 13 178 6 8 178 47 16 178 77 28 179 79 30 180 26 15 181 94 24 182 53 4 183 15 20 184 18 27 184 50 29 185 12 8 185 24 11 186 81 6 188 53 28 188 59 6 189 51 20 191 47 18 195 52 6 195 93 27 197 32 3 197 49 15 199 1 23 199 66 7 199 84 11 202 47 9 203 88 22 204 86 22 206 77 15 207 3 15 208 72 8 208 98 30 210 55 23 211 8 27 211 28 7 212 87 28 213 55 5 214 24 21 215 18 31 215 37 13 217 67 29 218 0 6 219 31 1 220 60 15 222 49 5 226 47 3 226 54 27 226 64 15 226 81 7 228 74 10 229 81 8 230 97 0 234 32 3 235 51 30 237 34 7 237 38 31 238 12 12 240 50 30 240 85 17 241 35 15 242 83 4 244 43 14 245 16 17 245 61 31 247 10 29 249 74 6 250 16 3 252 36 11 252 90 5 254 7 22 256 93 17 257 4 20 258 44 11 258 98 7 259 83 4 260 94 1 262 91 5 265 41 27 266 7 13 268 13 13 268 53 11 269 45 12 271 85 8 273 21 12 273 26 16 273 37 16 273 78 8 274 23 28 274 76 23 275 44 22 276 40 5 277 38 12 278 75 26 278 76 23 279 2 5 280 32 31 282 11 13 282 27 8 282 65 19 283 32 0 284 7 0 284 57 1 284 99 0 285 2 27 285 37 19 285 48 30 286 5 10 288 19 24 290 19 1 290 95 25 292 35 4 292 56 11 293 69 31 294 36 7 294 47 16 295 0 23 295 16 29 296 11 16 296 87 27 297 50 17 298 19 13 302 77 9 306 86 18 307 49 17 308 96 20 308 97 29 308 98 10 309 39 26 309 62 10 311 79 2 312 39 0 313 63 10 314 14 23 320 93 24 321 3 8 321 7 3 321 17 2 321 89 9 323 4 30 327 14 9 327 44 29 327 69 21 328 57 31 331 56 10 334 20 5 334 82 7 334 84 13 335 54 3 335 54 29 335 88 16 336 86 2 337 85 30 339 0 11 339 81 28 341 20 31 341 46 16 341 60 24 345 0 18 346 97 27 347 24 6 348 11 10 349 17 14 350 32 13 352 23 26 352 59 5 353 58 15 355 62 29 356 20 15 357 9 26 357 54 15 358 37 3 358 55 9 360 42 26 361 0 5 362 59 19 362 78 7 363 18 13 364 12 6 364 21 24 364 26 26 364 36 2 365 64 24 367 85 31 368 54 8 370 40 22 370 76 28 372 24 19 375 58 19 376 43 18 377 69 8 378 48 23 378 50 28 379 63 20 379 67 30 380 32 7 381 71 7 382 7 27 383 30 10 383 33 27 384 45 9 385 12 11 387 96 0 388 27 5 388 45 16 388 91 25 389 52 16 389 69 12 391 16 25 391 73 18 391 75 28 392 93 18 393 57 21 394 26 21 396 36 26 398 22 15 398 86 29 399 64 19 400 11 2 402 21 4 402 35 3 403 0 29 404 77 7 404 96 2 405 93 25 406 86 30 409 41 28 409 85 9 410 35 16 410 41 18 410 48 10 412 39 31 412 57 1 412 86 9 413 52 23 413 58 21 415 30 27 415 60 1 416 6 9 418 49 14 419 94 22 420 7 26 420 34 29 420 63 31 420 95 16 421 21 11 423 59 7 423 100 0 425 17 5 426 29 8 426 43 18 427 26 23 428 16 27 429 12 22 433 7 20 433 8 25 434 42 1 435 13 22 436 11 25 440 10 24 443 44 11 443 55 2 444 20 26 444 26 24 445 66 22 447 47 2 449 68 24 449 84 9 449 96 11 451 61 28 453 6 2 454 55 16 455 29 28 455 39 7 456 34 10 456 44 26 457 72 9 457 83 29 457 89 3 459 61 3 463 50 26 463 76 29 464 53 5 464 84 10 464 93 0 467 67 8 467 80 11 472 6 18 472 60 5 473 1 5 473 81 4 475 88 22 476 37 17 476 84 11 477 0 14 477 57 6 478 74 16 478 86 1 479 77 19 480 48 24 480 56 21 481 22 25 482 56 22 482 81 9 483 22 27 485 29 18 485 88 21 486 64 21 487 77 16 489 70 23 490 67 4 490 76 26 491 17 16 491 93 24 492 72 1 493 37 15 495 2 6 497 8 26 497 74 20 497 75 15 498 51 9 499 38 9 500 43 7 500 83 8 500 88 7 501 17 4 501 68 7 503 14 10 504 46 8 506 24 18 508 8 5 508 43 13 510 16 14 511 82 26 512 29 1 513 75 15 513 77 24 514 58 11 514 59 14 516 84 0 517 63 8 518 15 10 518 15 31 519 74 28 522 46 30 522 92 7 525 15 1 526 4 4 526 6 1 527 54 2 528 20 12 528 66 31 528 70 30 530 12 30 530 55 24 530 95 12 532 12 23 532 56 28 533 85 21 534 97 8 535 70 13 536 64 14 539 63 5 541 83 29 542 30 1 544 55 30 545 0 26 545 97 5 547 2 27 547 100 18 548 71 9 550 47 0 552 12 12 553 34 13 553 67 20 554 42 25 556 25 17 556 44 29 556 59 14 556 99 30 557 42 28 560 57 16 561 84 30 562 38 25 563 3 7 563 42 25 563 50 15 563 90 5 568 67 28 568 68 8 569 10 7 569 42 22 570 41 5 570 87 9 573 10 10 573 52 2 573 61 13 577 63 3 579 75 8 582 67 28 583 36 23 583 48 30 584 74 20 585 15 11 586 55 10 586 93 24 587 82 24 590 64 5 590 72 10 590 78 22 590 89 4 590 93 4 594 95 25 595 52 26 595 56 12 596 74 4 597 10 30 598 27 13 598 33 23 598 94 29 598 96 9 600 6 31 600 19 10 601 9 2 602 31 0 602 67 15 605 1 16 605 38 27 606 18 29 606 76 4 609 19 3 609 57 2 609 87 11 610 55 25 611 88 3 613 7 10 614 59 7 617 74 24 618 11 31 620 93 27 622 97 27 623 4 29 623 91 4 624 12 11 624 95 11 625 5 6 625 30 7 627 63 3 627 68 3 628 93 3 629 49 20 632 4 12 632 23 18 632 86 1 634 21 25 635 88 5 636 16 0 636 56 9 641 42 11 641 73 6 641 87 0 644 40 30 646 6 3 646 7 9 646 94 13 648 64 22 649 6 16 649 63 14 650 10 23 650 41 22 650 99 15 652 36 11 655 52 22 656 9 18 658 82 9 658 97 4 660 31 31 662 0 4 664 61 7 664 74 25 665 69 1 666 23 30 667 68 3 667 89 0 669 24 15 669 96 10 670 27 23 670 87 19 671 69 13 672 10 6 672 19 26 673 74 31 673 93 24 676 99 19 677 50 12 677 78 30 678 29 4 678 42 16 678 48 17 679 33 8 679 59 20 679 69 9 681 12 9 682 1 28 684 7 8 684 19 14 687 46 12 687 53 27 688 32 27 690 1 3 690 4 7 690 4 22 693 32 1 693 41 7 693 61 29 694 8 20 694 30 27 694 44 24 696 7 12 697 20 5 698 37 18 700 50 26 703 36 6 703 56 3 706 40 17 706 61 2 707 16 31 707 52 12 708 65 9 708 97 17 709 32 8 709 43 18 711 13 27 711 26 23 712 32 10 713 83 7 714 99 9 715 66 20 717 17 1 717 99 31 718 20 4 719 27 20 719 51 10 722 12 25 723 15 8 726 47 28 727 66 10 728 18 25 729 31 15 729 63 17 730 87 29 731 71 29 732 30 18 732 98 26 733 28 15 733 39 26 733 78 25 733 97 31 736 74 27 737 14 21 738 74 28 738 86 31 740 87 16 741 64 18 741 99 28 743 83 8 745 17 8 746 92 15 747 45 7 748 78 17 750 3 2 750 3 11 750 16 6 750 52 21 753 30 2 753 47 1 754 80 28 755 71 14 756 5 22 756 93 18 758 73 25 759 76 31 760 22 19 760 75 26 763 79 30 765 10 18 765 68 2 765 94 3 767 62 30 767 100 3 768 0 1 771 32 21 772 9 27 772 65 17 773 85 22 776 15 6 776 77 6 777 68 20 779 42 4 779 68 21 782 71 17 783 74 26 783 81 18 785 33 0 785 34 29 785 47 3 786 23 12 786 47 13 787 24 8 787 37 1 788 36 25 788 40 29 790 37 6 790 61 26 792 97 23 793 5 23 793 78 4 794 0 8 795 17 16 796 63 1 797 19 14 797 85 17 798 48 21 804 36 4 804 84 25 809 94 2 810 4 25 812 1 25 812 66 14 814 82 16 815 52 24 817 14 9 817 28 22 818 23 31 818 53 27 821 72 30 822 22 10 822 92 19 823 94 7 824 77 9 824 94 3 827 42 29 829 27 13 829 65 29 835 83 16 837 20 25 840 79 17 841 4 16 843 2 13 843 6 15 846 36 29 847 3 19 848 29 6 849 85 30 852 2 3 854 48 17 854 71 20 856 19 19 858 12 28 859 0 23 859 36 18 860 8 14 861 40 26 862 61 8 862 64 27 862 86 29 862 90 2 864 38 5 864 65 29 865 13 14 865 63 30 865 88 10 866 83 22 868 46 27 869 41 1 871 5 18 871 21 3 873 41 16 876 97 7 878 55 27 878 65 9 880 60 17 880 63 22 883 35 25 884 19 2 887 92 8 891 31 13 891 88 22 892 0 19 892 20 4 893 8 31 893 55 18 894 9 16 894 59 9 896 71 16 898 43 0 898 67 20 900 39 17 902 59 14 903 93 22 904 57 24 906 20 16 907 77 1 907 96 0 907 98 22 908 94 19 909 84 5 910 18 15 913 87 15 914 69 12 915 18 24 915 29 6 915 61 10 916 13 19 916 91 10 917 36 19 918 12 18 918 55 22 922 14 15 924 43 4 926 12 29 927 11 9 928 42 0 930 12 16 931 67 29 931 87 12 932 61 3 934 38 23 935 41 30 936 31 17 937 46 9 937 74 23 938 56 28 939 0 12 939 43 12 940 34 19 940 67 2 940 67 22 944 70 7 945 82 7 946 70 15 946 90 24 947 93 14 948 57 5 948 78 5 950 6 17 950 73 23 951 71 9 951 87 23 952 39 28 952 40 15 953 83 15 954 95 27 957 60 11 958 74 31 961 14 14 962 100 19 963 71 7 964 68 25 965 16 16 967 54 18 969 82 8 970 17 6 972 15 14 972 49 14 972 57 20 972 67 6 972 85 1 975 45 19 977 45 27 977 83 9 977 94 20 978 41 21 981 46 18 983 99 25 985 68 8 987 14 29 988 83 5 989 48 8 990 69 31 991 32 19 992 50 17 992 71 27 992 82 2 992 99 19 994 85 13 994 100 28 995 43 19 996 58 3 996 62 31 996 99 26 997 68 28 998 66 29 1001 55 17 1004 71 21 1004 83 11 1006 10 12 1009 98 15 1012 97 26 1013 45 30 1015 40 15 1017 5 7 1017 50 7 1020 38 20 1020 86 2 1020 89 27 1022 89 18 1023 90 30 1024 11 21 1026 3 29 1026 42 10 1027 38 29 1028 67 22 1029 94 15 1030 72 0 1030 93 8 1032 95 30 1033 71 2 1034 60 6 1035 59 18 1035 94 8 1037 43 23 1037 85 15 1038 41 3 1038 90 17 1038 92 28 1040 73 29 1043 93 29 1046 23 25 1047 17 31 1047 21 21 1050 23 30 1050 63 6 1051 47 10 1051 53 1 1052 44 25 1052 85 29 1053 72 7 1055 8 19 1055 62 29 1056 92 4 1059 33 11 1059 74 27 1062 13 9 1062 15 16 1062 80 8 1063 24 2 1067 32 12 1071 0 7 1071 99 19 1074 0 2 1074 29 25 1080 7 11 1080 7 14 1080 58 3 1081 1 15 1081 19 18 1081 53 0 1081 74 15 1083 19 4 1083 42 3 1084 39 4 1084 43 8 1085 45 17 1085 64 16 1085 75 13 1086 99 9 1087 74 27 1088 49 11 1089 7 3 1089 49 21 1091 2 4 1091 45 15 1092 75 23 1093 15 3 1093 21 27 1093 85 30 1093 93 12 1094 78 28 1096 12 21 1096 97 8 1097 73 16 1098 29 9 1100 27 30 1101 21 5 1102 20 0 1103 8 18 1106 59 17 1110 14 29 1110 57 13 1111 34 0 1112 80 3 1115 10 15 1115 18 7 1115 49 9 1116 74 18 1119 13 26 1120 8 6 1120 15 8 1120 16 7 1123 26 22 1125 8 26 1125 47 9 1126 25 15 1126 32 14 1129 7 25 1131 37 19 1132 89 6 1133 24 15 1134 18 5 1134 65 4 1135 32 3 1136 25 14 1139 12 15 1140 41 22 1140 46 14 1140 77 15 1142 32 24 1142 57 7 1143 0 23 1143 39 6 1143 50 19 1143 53 25 1144 33 8 1146 12 25 1147 61 24 1148 84 21 1149 10 3 1149 67 18 1151 1 24 1151 30 14 1153 76 31 1156 52 10 1157 39 12 1157 71 16 1158 31 11 1159 40 8 1160 32 31 1161 29 8 1162 99 10 1163 97 21 1165 97 29 1168 9 23 1170 63 18 1171 2 31 1172 5 22 1173 11 31 1173 72 0 1175 98 28
236 1069 0.0003 74 3 4 74 30 18 74 33 5 76 17 13 76 82 10 77 25 22 77 35 27 78 23 9 78 31 14 80 10 9 80 73 7 81 2 21 82 48 4 84 31 6 85 60 28 88 32 31 89 6 18 89 23 6 89 45 19 90 69 17 91 50 17 91 77 4 92 14 5 92 26 27 94 8 19 94 34 8 95 3 0 97 67 28 97 89 14 98 78 8 99 2 24 100 23 30 103 32 3 104 24 30 104 85 1 105 10 17 111 36 21 113 29 8 116 38 11 117 61 17 117 99 28 118 23 4 119 84 29 121 32 16 122 95 26 124 5 17 124 18 16 124 77 30 125 24 31 127 31 28 128 44 30 129 25 22 131 11 10 133 78 13 134 75 28 136 8 2 136 84 30 137 31 1 138 47 10 138 72 4 140 29 16 140 34 14 142 8 19 143 28 15 148 45 4 150 82 28 151 44 17 152 17 27 152 98 22 153 74 28 154 66 0 155 39 6 156 98 11 157 24 20 159 12 6 160 77 6 160 86 11 161 36 13 161 92 19 162 81 21 163 29 21 163 100 28 164 24 13 164 82 4 165 65 26 165 68 31 166 31 29 166 38 5 167 22 25 167 79 4 168 39 7 169 86 4 173 84 20 174 1 0 174 27 30 174 90 13 176 4 1 176 24 18 176 45 26 177 99 22 178 35 16 179 68 17 180 11 13 182 44 11 184 75 12 188 81 28 189 2 6 190 68 15 191 19 19 191 74 15 191 98 19 192 12 5 192 37 3 194 46 14 196 34 1 201 12 7 202 29 19 202 29 23 205 50 3 205 72 7 205 82 7 207 71 12 210 3 24 210 58 27 212 39 14 212 58 8 213 68 30 214 52 25 214 87 0 215 99 24 216 8 28 216 71 3 216 86 23 217 17 14 218 54 20 219 11 10 219 16 17 220 3 24 221 19 22 222 41 15 225 64 17 225 88 29 226 44 25 227 13 23 227 28 1 228 26 21 228 69 18 229 70 30 232 16 13 232 47 21 232 86 22 233 82 29 238 37 19 239 10 1 239 57 7 239 59 19 243 14 7 246 5 25 246 8 10 246 24 2 246 42 24 247 97 11 248 69 13 250 14 31 250 69 25 251 16 7 252 62 20 255 81 27 256 96 26 258 26 28 258 42 24 258 90 27 259 53 28 260 0 5 260 82 16 261 81 15 262 54 4 265 3 15 265 5 20 266 55 7 267 43 3 267 70 1 267 76 25 269 68 25 269 92 5 270 57 15 270 99 26 271 66 26 272 5 19 272 52 8 272 68 18 272 71 5 275 35 26 276 99 0 278 14 6 279 14 7 279 31 0 279 82 16 280 34 18 282 93 16 284 30 13 284 68 14 284 99 29 286 13 0 286 74 25 287 63 19 288 12 21 288 44 6 289 36 9 290 50 12 291 52 4 292 36 30 293 25 21 293 81 2 293 94 1 294 78 29 296 14 29 300 17 13 300 27 20 300 85 11 301 88 17 304 38 10 307 50 3 308 57 23 308 61 7 309 52 31 311 32 6 312 4 29 312 90 11 313 32 25 313 57 31 316 67 9 317 97 2 317 100 26 319 64 25 320 41 4 321 76 13 322 18 24 323 49 2 324 8 25 324 76 11 325 75 3 328 2 5 330 59 12 330 96 4 331 13 31 331 28 13 334 37 24 335 36 9 337 38 13 337 84 9 338 89 1 340 71 0 340 99 8 341 8 22 341 15 18 341 42 28 341 62 31 341 73 15 342 16 17 343 21 22 343 96 10 344 61 11 345 2 5 345 58 20 347 59 30 348 77 6 350 34 23 352 10 26 354 13 31 354 41 18 354 42 14 354 74 19 356 17 9 359 44 31 361 76 21 363 94 7 364 47 14 364 47 19 365 9 10 367 16 23 368 79 6 375 4 9 375 73 28 376 15 6 376 49 20 377 4 0 377 53 28 380 74 11 382 49 23 383 42 27 383 70 11 384 75 0 385 36 3 385 51 3 386 26 4 386 52 16 388 50 30 389 37 19 390 44 14 391 30 8 396 47 30 397 12 17 397 30 14 398 0 0 398 37 13 399 5 27 399 78 7 400 70 11 401 7 19 402 35 15 404 47 10 405 7 5 405 32 9 405 72 30 409 11 16 409 49 20 410 66 9 412 44 28 413 62 15 414 85 2 415 2 21 416 20 29 416 23 19 416 46 1 416 76 22 417 7 30 417 66 20 419 61 31 419 76 26 423 15 17 423 95 24 423 96 17 424 39 13 424 52 16 424 60 10 424 72 15 427 47 24 428 23 13 428 31 27 431 46 17 435 62 4 440 46 17 442 36 11 444 45 23 445 53 11 445 62 2 446 61 1 446 93 31 447 22 5 448 67 16 450 72 10 450 73 7 454 91 27 456 78 30 457 91 28 458 11 2 458 57 31 459 7 13 459 16 2 459 100 25 460 93 8 461 25 28 461 95 18 462 23 26 467 68 0 468 67 22 469 6 15 469 92 20 471 7 3 471 46 7 472 53 18 473 55 27 475 12 2 475 55 1 475 74 21 477 13 24 477 83 29 478 30 10 478 63 0 481 42 14 481 80 31 482 76 24 484 28 2 484 90 3 488 23 9 490 59 4 491 34 31 491 89 6 493 39 10 494 44 26 494 54 26 498 5 1 499 62 31 500 88 12 501 92 4 502 1 3 505 39 0 505 44 9 505 81 9 506 14 22 506 79 15 509 76 4 512 31 27 512 39 21 512 57 17 512 64 11 512 74 20 513 79 5 514 24 2 516 54 20 517 87 18 519 3 30 521 100 4 522 30 9 525 93 4 528 3 29 529 62 19 537 100 8 539 70 6 543 1 29 543 87 13 544 19 31 544 37 19 545 30 3 545 63 2 546 14 7 547 50 31 549 19 27 549 23 1 549 73 18 550 14 1 550 18 23 550 91 22 553 0 17 554 78 29 556 3 10 556 23 11 557 56 4 557 81 20 558 63 30 559 7 30 559 39 12 560 11 11 560 74 6 560 78 7 561 44 22 562 6 16 563 90 6 563 100 1 563 100 25 564 61 7 565 47 16 565 83 13 565 91 18 566 14 12 566 93 27 567 62 12 570 54 11 570 54 26 570 68 8 571 19 30 571 66 14 571 82 4 571 86 5 572 55 3 573 12 6 574 51 29 575 18 26 579 36 1 580 60 11 583 58 18 583 65 27 584 0 7 584 83 31 584 97 4 585 25 26 585 93 31 586 4 26 586 77 10 587 28 7 589 95 27 590 45 16 593 70 4 596 53 7 596 94 31 597 15 0 598 5 8 598 61 2 598 83 29 599 8 22 599 93 24 601 30 2 602 27 22 604 18 9 605 22 26 605 31 25 605 86 16 606 26 3 606 27 18 608 23 19 608 27 9 609 53 18 609 80 8 610 4 14 610 57 23 612 9 16 613 4 13 614 74 4 614 98 7 615 31 21 615 55 15 615 85 23 616 29 30 616 83 15 617 6 5 618 94 30 619 85 27 621 67 4 621 80 9 622 88 1 624 12 22 624 78 18 625 76 0 626 17 4 627 25 0 630 94 25 631 70 27 632 17 0 633 35 15 635 8 22 635 99 26 636 57 28 637 53 30 638 4 18 638 19 0 639 51 2 640 6 24 643 44 5 644 65 9 646 93 31 647 44 2 647 48 18 647 90 16 648 91 4 649 17 1 649 37 30 649 82 27 650 53 6 650 88 1 650 95 1 651 77 13 652 20 26 652 41 0 652 82 22 654 88 2 655 77 10 656 37 0 656 95 2 659 31 14 661 8 4 662 16 0 663 55 4 663 69 27 665 38 31 665 69 1 665 72 16 666 56 27 666 71 4 666 85 21 668 17 30 668 80 26 670 28 3 670 45 27 671 98 30 674 38 24 676 67 30 677 9 21 677 20 17 677 79 2 679 2 17 680 16 4 680 74 6 681 29 2 681 79 4 683 62 5 684 17 21 684 55 11 685 30 0 685 97 29 687 62 19 688 25 13 688 90 3 689 77 11 690 75 23 690 82 2 691 45 2 691 45 22 691 92 17 692 13 19 693 98 6 694 20 26 694 43 27 694 72 24 695 92 0 699 30 23 700 55 9 701 86 10 703 75 31 705 20 12 705 55 4 708 48 27 709 19 7 710 37 14 710 98 1 711 63 24 712 12 5 714 25 20 721 0 1 721 24 15 722 43 9 723 33 11 725 62 25 725 63 18 725 75 31 728 28 31 729 29 12 730 13 7 730 88 25 731 51 0 731 63 23 731 99 11 734 49 9 736 45 7 737 94 17 738 63 12 738 76 24 738 95 22 739 60 1 740 61 8 741 35 18 742 75 27 743 38 8 743 81 25 743 86 21 744 16 5 747 79 0 748 70 15 748 94 8 749 23 30 749 46 28 749 85 0 751 38 16 753 47 20 753 51 16 753 92 14 753 93 31 755 12 9 755 70 24 756 7 14 756 90 4 757 3 17 758 57 14 758 93 15 759 77 8 759 94 23 762 92 21 763 0 5 763 25 13 763 80 16 764 69 28 765 34 31 765 83 2 765 87 11 766 10 3 766 24 11 766 40 22 766 69 26 768 11 17 768 41 13 768 45 30 769 25 3 769 98 10 770 69 3 771 74 5 772 59 11 773 64 17 775 18 23 776 90 20 777 62 14 777 93 19 778 32 19 778 71 10 778 72 11 779 78 29 782 19 31 782 41 2 783 15 3 783 81 19 785 51 28 785 61 19 787 41 12 791 9 0 791 49 9 791 83 14 791 93 28 792 67 0 793 97 5 796 62 27 798 4 26 799 16 5 799 32 12 799 99 6 801 69 17 804 8 22 804 70 30 806 74 7 806 84 17 809 64 2 811 86 20 813 22 22 816 71 3 817 62 31 817 66 30 818 64 26 818 78 20 818 98 27 819 25 28 819 81 9 820 71 10 821 56 29 821 60 26 822 0 31 822 47 3 824 50 29 824 78 31 824 79 5 825 2 8 825 41 20 826 0 24 827 98 1 829 89 10 830 70 30 831 5 17 831 75 31 832 75 22 834 38 14 838 21 26 838 55 13 839 19 9 840 69 9 840 96 5 841 17 29 843 0 30 843 24 0 844 69 21 844 79 31 845 17 30 848 5 4 851 42 15 851 46 5 853 78 17 855 26 17 855 93 30 856 38 27 857 57 4 858 10 29 860 11 15 861 47 10 863 26 25 864 8 6 864 100 27 866 80 12 868 10 22 870 54 27 872 56 8 873 69 15 874 37 24 874 38 13 874 66 17 877 5 21 877 96 21 879 90 5 880 43 13 880 91 2 881 96 17 882 8 12 882 72 23 884 88 5 885 41 12 885 62 18 887 37 15 887 63 15 888 31 26 888 46 16 889 42 29 890 0 10 890 6 17 890 74 18 891 92 18 893 19 3 893 64 30 895 0 3 896 23 6 900 30 9 901 30 31 901 51 26 902 38 26 902 48 15 902 49 22 903 56 7 904 70 0 904 86 21 905 2 10 905 2 31 907 55 17 907 85 1 908 27 31 908 80 20 910 25 28 911 34 29 911 74 20 913 1 12 914 93 4 915 54 12 916 30 29 917 90 9 918 7 17 919 32 15 919 41 27 924 90 20 925 26 28 926 34 29 927 42 31 930 70 18 930 72 6 934 31 13 934 38 25 934 58 13 935 36 1 935 72 22 936 67 23 937 5 28 938 27 31 938 37 9 939 47 14 943 62 14 944 5 6 945 51 1 945 82 17 947 78 30 948 33 1 953 95 1 954 80 22 955 20 4 956 40 8 959 82 5 960 36 7 960 49 29 961 97 2 963 33 27 966 22 17 966 47 2 966 100 26 967 40 19 967 46 30 969 68 8 970 94 1 971 11 19 971 19 31 971 62 22 972 2 13 972 13 1 973 49 14 974 32 28 976 18 10 976 46 25 976 48 24 979 6 30 980 20 31 981 27 4 981 31 3 981 48 28 981 94 16 983 56 5 983 66 11 985 98 31 986 80 3 987 6 21 987 10 22 987 41 16 990 7 16 991 0 9 991 19 14 991 38 19 992 24 27 995 85 23 996 82 14 996 85 3 997 19 7 1000 92 14 1000 94 14 1001 61 19 1001 65 2 1001 87 27 1002 69 25 1003 36 19 1003 44 0 1004 42 19 1004 71 21 1007 1 10 1007 48 11 1007 61 8 1007 93 21 1008 71 17 1009 16 21 1009 49 1 1009 77 11 1010 50 17 1013 49 22 1014 10 22 1014 51 16 1014 97 19 1017 2 18 1017 32 1 1018 19 7 1020 66 18 1022 53 6 1023 57 27 1023 99 7 1024 64 18 1027 13 9 1027 41 24 1028 67 3 1028 97 17 1029 51 14 1029 66 9 1030 38 19 1031 34 3 1031 54 11 1031 92 13 1032 80 1 1034 35 18 1036 60 11 1037 15 22 1038 80 6 1038 100 19 1040 1 15 1040 31 14 1041 35 4 1045 8 9 1046 83 0 1050 44 18 1051 66 8 1054 94 23 1055 11 4 1055 37 6 1058 49 3 1062 59 28 1064 58 25 1065 57 27 1067 9 28 1067 10 28 1068 76 21 1069 3 24 1069 58 5 1071 32 7 1072 19 15 1073 37 3 1075 29 17 1076 5 25 1076 19 2 1076 47 12 1076 87 9 1078 64 20 1079 14 23 1080 16 28 1083 59 22 1084 12 0 1085 13 26 1087 67 5 1089 29 17 1089 50 30 1090 98 15 1092 16 26 1094 14 23 1094 45 20 1094 95 25 1095 18 3 1095 53 0 1099 75 1 1100 42 28 1101 54 24 1102 34 23 1102 49 24 1103 41 6 1104 16 16 1104 27 4 1107 69 30 1108 11 21 1108 33 4 1108 59 5 1108 85 29 1108 93 0 1108 98 31 1109 15 4 1109 85 19 1110 6 24 1110 19 24 1110 40 3 1110 56 25 1114 90 5 1119 5 20 1120 65 16 1121 24 20 1121 52 23 1122 29 2 1123 77 18 1125 4 21 1125 8 20 1126 67 21 1127 41 28 1128 16 26 1129 66 19 1130 13 8 1131 98 11 1133 94 13 1135 9 24 1136 54 26 1138 1 8 1138 6 8 1138 49 7 1139 58 13 1142 75 24 1142 90 6 1143 28 29 1145 13 11 1145 59 24 1146 5 19 1146 15 15 1146 25 6 1146 99 29 1147 52 4 1147 53 11 1148 15 20 1148 26 7 1149 85 17 1151 46 11 1151 94 24 1153 34 23 1153 62 0 1155 51 10 1155 59 15 1156 48 9 1158 86 23 1159 13 6 1159 58 18 1161 61 28 1162 13 31 1162 66 8 1163 93 23 1167 16 22 1170 61 17 1171 15 10 1172 52 25 1172 67 24 1173 78 8 1174 30 5 1175 38 7
237 1069 0.0003 72 17 29 72 18 26 73 51 30 75 74 1 77 42 13 78 68 25 79 96 31 80 83 27 83 18 30 83 62 7 83 91 14 84 6 2 84 76 10 84 97 10 85 27 18 86 53 18 87 3 9 90 20 10 91 15 0 91 78 5 91 84 26 92 91 16 93 55 25 95 67 31 96 91 0 97 30 1 102 58 18 103 50 28 104 31 12 106 51 13 106 61 26 106 68 19 107 85 19 108 100 8 109 16 8 109 17 19 110 24 10 111 17 2 111 30 26 111 70 1 112 83 19 113 69 20 114 9 10 114 16 25 114 66 9 115 17 9 115 95 23 116 61 26 116 82 30 119 37 14 121 17 8 123 31 18 123 51 26 124 32 2 124 38 6 125 45 16 126 80 17 130 72 20 133 98 22 134 49 0 135 25 14 135 29 1 135 43 9 135 85 25 135 92 26 136 49 4 137 50 1 138 8 16 138 15 29 138 60 19 139 32 18 140 21 26 141 11 12 142 33 10 142 34 27 143 59 11 143 85 24 145 18 11 145 46 22 146 6 14 147 49 2 149 22 14 151 96 20 153 89 8 157 15 9 161 96 19 163 48 17 164 99 8 166 89 22 169 50 20 170 44 14 170 45 25 171 26 28 171 56 27 171 88 15 172 17 26 172 54 11 173 33 6 174 8 0 174 57 21 175 13 5 178 99 26 179 84 12 181 54 0 181 81 18 183 99 6 184 59 18 187 62 29 189 57 19 192 28 18 193 78 31 195 31 19 196 92 15 198 84 30 199 95 21 200 32 21 202 11 24 202 34 19 203 23 28 205 42 19 205 55 0 207 10 3 208 2 8 208 9 5 208 54 6 208 73 17 210 38 2 211 12 24 212 13 19 213 25 3 217 77 28 221 35 21 222 23 20 222 72 0 224 70 23 224 93 9 225 88 10 226 16 16 226 24 23 226 43 23 229 6 14 229 46 7 230 51 6 231 22 12 234 100 6 235 69 7 236 88 23 242 65 6 244 30 24 244 96 9 245 19 29 246 11 7 247 33 0 247 75 19 248 12 10 248 53 15 249 47 13 250 53 13 251 30 20 251 95 23 252 10 19 256 30 7 256 46 31 256 65 29 256 79 17 258 18 17 258 33 11 258 61 3 258 74 5 258 100 27 259 90 25 260 9 24 261 4 30 262 28 31 262 80 1 265 4 19 265 46 5 267 24 10 267 45 20 267 84 19 267 94 16 268 5 8 271 69 13 272 45 29 275 4 9 276 0 1 276 90 2 277 32 17 278 13 21 279 27 9 279 77 24 281 53 29 282 94 15 283 41 11 285 27 7 286 22 7 286 58 26 286 95 15 287 6 24 287 33 18 290 26 25 290 76 14 292 71 5 294 32 0 294 43 31 294 98 8 296 66 26 297 80 14 300 0 26 301 8 16 305 84 31 306 16 3 308 53 29 308 63 7 308 84 19 309 91 16 309 95 16 310 13 3 310 47 31 310 73 11 311 68 7 315 54 17 316 88 5 316 94 23 318 22 16 323 12 23 323 16 11 323 18 27 323 57 4 323 76 2 324 90 1 325 11 29 326 33 16 330 76 14 332 74 21 336 40 10 336 65 21 337 5 27 337 32 1 339 92 2 342 4 10 343 9 13 343 80 31 347 82 16 349 7 4 350 16 20 351 48 18 351 55 10 353 71 27 356 53 3 356 65 23 357 20 10 359 19 24 360 4 24 360 25 30 361 27 28 361 100 11 362 18 22 362 86 30 362 88 29 365 13 18 366 25 12 366 43 30 366 70 29 366 74 3 366 83 4 367 37 30 370 21 16 372 100 1 373 77 4 374 72 0 375 35 17 376 30 14 379 25 28 380 45 26 380 100 10 382 34 21 385 29 1 386 77 20 387 77 5 388 61 11 389 22 23 389 71 17 389 71 19 390 11 25 391 83 8 392 36 17 393 59 23 394 43 6 394 94 20 397 23 26 397 61 25 399 51 25 400 90 2 401 7 22 401 93 9 402 6 19 405 34 27 405 38 2 405 69 17 406 4 2 406 82 12 407 20 17 412 13 28 413 5 3 413 62 27 415 39 9 417 81 24 417 84 5 418 88 25 419 50 7 421 44 27 422 9 28 423 21 29 423 77 29 424 62 30 424 80 9 425 58 29 426 45 9 428 8 21 428 40 8 429 34 30 429 89 7 429 94 23 430 3 8 430 80 28 430 100 17 431 67 13 433 7 14 434 1 23 435 40 21 435 79 24 436 26 16 436 55 11 439 1 28 440 77 9 441 3 21 442 2 4 442 85 22 443 46 26 444 24 23 444 40 1 444 77 27 446 12 6 446 33 1 446 51 6 446 71 19 447 49 6 447 69 5 447 98 13 448 60 5 448 82 14 450 91 28 451 62 3 454 35 31 454 71 10 457 94 12 458 48 11 460 59 12 460 98 24 461 0 1 461 38 31 461 76 16 461 93 25 462 85 20 463 21 12 463 86 22 464 38 29 465 2 2 465 14 21 469 60 30 469 76 18 470 31 15 470 76 29 475 66 10 476 43 28 477 39 31 477 83 25 479 6 8 479 85 27 480 39 29 482 27 28 484 11 5 484 99 26 487 87 25 488 76 13 489 16 0 489 32 9 489 43 15 491 19 7 491 45 14 491 56 30 491 80 6 494 52 31 495 50 3 497 71 10 498 52 16 498 92 28 499 32 25 499 88 17 501 44 0 501 94 10 503 44 24 504 41 22 505 15 23 505 95 22 508 78 26 510 5 18 512 12 0 512 12 13 512 79 10 513 39 17 514 54 26 515 34 0 519 67 27 520 21 19 522 48 28 525 18 10 525 32 2 525 68 24 526 18 21 531 94 0 532 64 20 532 70 21 532 75 15 533 4 7 533 46 0 533 81 3 535 4 4 535 75 8 537 33 26 537 47 22 538 95 7 539 92 23 539 98 28 541 19 12 541 70 2 542 47 6 542 74 6 543 4 19 543 21 14 544 53 13 549 28 6 551 10 9 552 96 8 553 37 3 553 100 10 554 58 0 555 19 16 556 59 0 557 44 22 557 86 10 558 43 17 563 9 18 563 72 4 567 51 7 567 64 8 568 40 3 569 90 4 572 72 23 573 20 24 574 4 6 574 48 9 575 73 8 576 46 19 576 92 6 577 42 2 579 9 27 579 49 22 580 63 1 581 89 12 582 61 3 582 66 16 583 99 2 584 2 8 584 32 17 585 32 28 586 30 31 586 89 14 587 54 7 587 86 22 587 95 5 590 74 5 592 15 10 592 49 21 593 5 19 593 19 30 594 21 27 594 52 13 594 92 16 598 92 7 600 53 3 601 33 5 601 39 19 601 69 9 602 10 9 602 27 25 602 93 30 603 20 14 604 40 4 604 59 19 604 64 0 604 65 1 605 61 7 606 58 6 609 36 15 610 64 16 611 86 19 613 4 12 613 5 4 613 74 5 613 97 17 615 46 30 615 53 23 615 79 0 616 35 15 616 63 19 619 57 4 619 75 15 620 14 9 621 5 0 621 47 0 621 79 3 622 65 15 623 63 3 624 0 4 625 35 20 626 23 6 626 61 3 626 74 8 626 95 17 627 71 4 629 25 18 629 82 8 630 34 1 630 73 13 631 13 21 634 78 29 639 100 18 640 18 0 642 2 1 642 63 13 643 37 9 644 17 16 644 62 19 647 9 17 647 62 7 648 50 15 649 79 16 651 31 2 652 79 4 654 84 17 655 4 1 655 55 16 655 59 17 655 81 6 657 26 5 657 54 18 658 38 24 658 91 7 660 38 14 662 64 18 664 38 0 664 49 31 665 82 1 667 58 19 667 90 23 668 2 12 668 38 0 668 38 11 668 60 31 670 23 10 672 18 23 672 74 26 674 19 0 674 93 6 681 8 26 681 44 26 682 97 16 683 16 27 683 70 13 685 10 11 686 64 22 687 18 22 687 56 19 688 73 0 689 83 25 690 56 2 691 14 3 691 21 8 691 53 23 691 78 13 692 94 10 693 49 1 694 84 20 694 99 27 695 43 30 697 42 21 698 15 12 699 80 30 700 29 2 702 49 1 704 13 31 704 34 20 704 72 23 704 81 25 705 32 12 707 93 9 708 11 19 708 20 7 708 30 1 708 31 28 708 58 6 708 73 6 710 38 13 710 67 15 710 71 6 713 3 27 714 37 10 715 6 4 716 15 22 718 95 31 720 6 6 720 7 15 722 7 19 722 87 1 723 98 1 725 21 16 725 93 1 727 31 3 727 66 7 727 72 1 729 15 3 729 90 2 730 99 27 731 41 8 731 58 7 734 38 7 735 2 27 735 44 5 736 45 9 736 82 21 737 45 28 737 61 0 738 18 5 738 93 8 739 22 23 739 55 3 739 65 31 740 48 17 741 5 29 742 87 2 743 74 15 744 3 12 744 28 8 748 6 29 749 81 14 750 3 9 750 65 28 752 32 19 753 7 25 755 74 22 756 37 5 756 65 17 756 67 31 757 64 7 759 57 10 761 96 17 762 43 9 768 31 30 768 83 8 769 27 6 769 86 6 770 32 28 770 73 20 770 91 25 770 98 6 773 8 25 773 95 5 774 47 31 776 100 18 778 41 4 778 65 6 778 84 26 779 47 7 780 2 20 781 29 26 781 65 5 783 57 16 785 6 22 786 72 6 788 6 30 789 18 24 789 75 24 792 29 28 794 64 7 795 50 11 796 44 27 797 77 14 799 58 21 802 86 22 803 52 3 803 72 20 804 34 17 806 29 25 806 66 14 807 6 8 807 30 22 807 73 17 808 1 1 809 99 12 813 98 24 817 24 25 818 67 16 819 88 25 822 52 5 823 17 29 824 39 6 824 49 14 824 79 4 824 95 31 825 26 31 826 66 3 828 8 11 830 56 15 830 79 2 830 92 3 831 37 0 831 96 27 833 46 19 833 96 2 835 39 1 835 82 28 836 1 9 839 57 19 840 84 9 841 44 16 843 56 14 844 18 24 845 4 3 845 45 18 846 27 29 847 4 6 847 28 24 848 83 31 848 91 10 849 22 22 850 1 1 850 99 0 852 0 11 852 14 8 854 59 26 856 20 13 857 92 11 861 38 3 862 36 31 863 56 23 865 69 5 869 53 10 869 87 16 872 25 3 872 81 22 872 82 15 876 29 2 877 58 21 877 79 20 878 3 24 878 46 3 879 81 22 880 100 15 881 28 12 881 30 30 883 27 30 883 67 31 883 99 20 884 37 15 888 23 18 890 43 25 890 45 21 890 72 23 891 46 21 892 36 3 894 40 5 895 8 7 895 15 17 895 67 0 896 96 20 897 29 30 897 34 14 898 11 2 898 40 26 899 21 13 900 51 9 900 66 3 907 25 28 907 41 14 907 93 18 908 28 4 910 38 20 913 92 30 915 32 23 919 2 8 919 38 26 920 17 6 921 44 21 921 55 11 925 85 13 926 20 5 926 56 20 926 89 3 926 90 21 928 22 7 928 72 31 929 1 26 929 10 29 930 87 14 931 31 7 931 54 7 931 61 0 931 97 24 932 49 22 934 63 19 935 18 18 936 2 3 936 86 26 937 6 20 937 20 3 937 26 15 938 6 8 938 76 24 939 54 26 939 97 7 940 15 24 941 36 9 941 61 30 942 39 8 942 59 1 943 47 9 943 67 2 944 5 4 947 0 1 947 76 3 948 0 3 948 38 15 948 64 0 949 14 0 950 18 8 950 47 26 951 13 28 951 86 23 952 15 8 952 43 19 952 92 29 953 94 28 955 64 24 956 82 8 956 86 28 958 92 9 959 95 30 960 88 12 963 1 27 964 83 2 965 23 6 966 8 22 966 72 28 969 15 7 969 41 10 971 88 6 973 72 8 974 91 26 975 69 24 975 88 0 977 34 13 979 16 7 979 48 0 979 96 1 981 44 3 982 54 27 982 78 29 984 33 20 985 14 22 985 81 19 986 4 12 986 16 24 986 37 16 986 96 11 988 30 0 989 99 29 990 29 8 990 30 31 991 37 2 993 88 9 994 97 15 995 23 1 996 25 8 996 92 12 997 94 25 998 47 8 998 95 3 1001 38 14 1001 43 12 1004 44 2 1006 98 28 1009 54 7 1010 34 21 1011 98 14 1012 83 20 1013 14 5 1013 76 24 1014 91 29 1015 46 22 1015 93 29 1015 99 21 1016 8 2 1016 46 9 1019 53 4 1021 44 28 1022 14 23 1023 87 13 1024 21 30 1024 30 21 1024 57 31 1024 61 20 1026 85 26 1027 99 1 1029 26 29 1030 77 3 1031 73 9 1032 47 26 1033 61 0 1034 21 7 1035 4 23 1036 1 3 1036 80 11 1041 2 24 1041 37 20 1042 60 16 1043 41 29 1044 50 14 1045 4 26 1049 89 9 1050 1 3 1050 29 21 1051 55 29 1052 3 30 1054 5 16 1055 91 2 1056 89 29 1057 90 2 1058 4 24 1059 47 0 1060 57 16 1061 26 9 1061 30 13 1062 51 20 1062 53 7 1062 78 1 1062 93 20 1066 38 25 1067 53 30 1068 15 23 1068 38 27 1069 54 2 1070 57 30 1071 61 21 1071 74 19 1072 64 8 1074 6 28 1075 52 20 1075 57 25 1076 15 27 1076 35 13 1077 2 14 1080 19 4 1081 63 4 1081 69 12 1082 93 9 1083 6 3 1083 47 13 1084 9 19 1084 38 13 1084 76 19 1087 67 21 1088 60 26 1089 37 12 1091 65 15 1091 98 23 1091 98 31 1093 16 24 1094 42 8 1094 45 8 1094 46 31 1095 16 9 1096 38 25 1096 68 16 1098 47 9 1098 94 12 1099 50 16 1100 27 4 1101 88 17 1102 26 22 1102 74 10 1102 96 18 1103 8 27 1106 35 5 1106 37 11 1108 2 15 1109 8 17 1109 91 29 1110 48 17 1110 73 4 1111 60 7 1112 91 5 1115 36 30 1116 34 5 1116 50 28 1117 37 6 1118 9 27 1118 65 28 1119 25 2 1119 45 12 1119 50 29 1119 59 5 1120 94 29 1124 4 10 1124 99 11 1125 77 21 1125 85 23 1127 38 0 1129 61 19 1130 0 21 1131 20 22 1131 68 20 1131 98 26 1132 50 29 1132 73 13 1134 57 8 1134 78 20 1135 49 7 1135 75 2 1136 31 8 1137 38 23 1138 39 8 1140 19 7 1140 89 15 1143 6 23 1144 31 6 1144 87 17 1149 13 13 1149 77 7 1149 80 9 1150 71 25 1150 74 24 1153 64 10 1155 62 13 1159 41 4 1160 47 27 1163 56 24 1166 87 21 1167 25 1 1169 10 14 1169 34 19 1169 48 18 1169 54 0 1172 99 6 1173 33 8 1174 48 6 1175 94 29 1175 96 2
238 1069 0.0003 72 82 20 75 69 10 75 98 28 76 57 3 81 1 8 81 34 24 82 3 8 82 16 30 83 74 24 84 30 22 84 94 14 86 13 6 87 76 2 90 74 19 92 72 7 93 30 16 93 54 8 94 19 6 95 57 10 97 13 12 98 37 8 100 29 7 101 5 13 101 82 19 104 15 3 105 85 0 106 85 13 107 89 24 108 4 7 108 45 25 110 27 12 112 61 14 112 88 23 113 47 10 113 48 26 113 69 28 114 6 27 114 68 21 115 3 16 115 49 15 115 75 27 119 5 14 120 26 7 120 79 27 120 93 29 121 11 26 121 37 26 121 40 21 122 46 27 122 52 21 124 8 31 124 52 29 125 69 28 125 70 28 125 84 8 126 69 2 127 11 22 128 33 1 129 76 1 130 41 18 131 10 15 131 90 26 132 87 16 133 44 11 134 35 13 134 94 16 134 100 26 136 77 13 137 94 17 139 22 11 139 32 5 142 17 13 142 38 0 142 61 10 146 5 19 147 99 23 148 68 6 149 97 16 150 59 15 150 82 4 151 73 30 152 20 19 153 50 0 155 59 29 157 44 29 158 32 4 158 65 26 160 24 10 160 50 3 160 99 22 161 87 17 162 14 10 162 86 30 163 1 4 164 0 17 168 46 25 168 75 25 169 31 31 169 62 0 171 25 22 173 24 4 173 29 14 175 40 25 176 97 23 177 22 14 179 79 7 180 9 20 181 6 8 182 23 21 182 54 21 182 77 10 182 98 12 183 2 6 184 92 19 185 74 1 186 90 10 187 4 29 188 37 11 189 63 3 189 69 19 189 78 13 190 27 29 193 50 25 196 64 5 197 85 13 198 16 24 200 24 30 201 58 15 202 94 12 204 12 18 204 39 10 205 57 16 207 100 13 209 73 20 211 96 21 212 3 28 213 19 29 213 25 24 213 81 13 214 94 27 215 8 30 216 42 14 216 53 25 217 33 28 218 43 14 219 98 1 221 78 18 223 36 23 225 31 4 227 59 29 228 62 11 230 20 24 231 7 31 232 0 18 232 90 3 233 52 30 237 18 20 239 29 2 239 69 1 242 56 31 243 10 3 245 54 7 245 82 29 246 33 22 246 77 9 247 57 14 249 20 11 249 91 31 250 7 21 256 46 6 256 62 29 258 2 25 258 7 2 259 92 25 260 89 22 262 79 25 264 73 5 265 38 31 267 21 0 269 8 24 270 26 8 271 31 17 273 67 22 273 68 11 274 73 9 275 49 24 276 88 27 277 13 7 279 56 12 281 44 10 281 51 31 281 74 21 282 54 28 282 66 11 283 9 22 284 6 3 284 36 29 284 66 30 286 46 29 286 68 21 287 23 29 287 34 17 288 8 10 288 27 7 289 79 22 290 86 8 291 26 27 291 47 30 291 91 24 292 1 14 297 28 14 298 29 10 300 100 28 301 14 27 301 27 17 305 29 3 306 67 17 307 35 26 307 50 27 308 70 21 310 90 9 311 93 8 312 91 2 314 15 6 315 38 11 315 97 1 315 97 20 320 11 23 320 47 21 320 93 17 322 4 0 322 7 11 322 33 31 323 37 26 324 62 30 325 36 20 326 48 9 326 62 9 327 14 2 329 98 15 330 34 29 331 36 29 331 70 31 331 94 13 332 27 18 332 35 23 333 73 17 335 15 2 335 18 22 335 49 14 335 55 4 335 95 10 336 59 26 336 67 25 337 79 22 338 9 3 338 67 7 339 14 26 342 79 8 344 34 10 345 74 10 346 17 15 346 52 7 347 7 29 347 75 22 349 95 18 352 91 13 353 97 22 354 5 11 354 43 15 355 61 19 357 19 5 357 30 17 358 9 19 359 79 12 360 71 27 360 74 7 362 37 22 365 38 18 366 51 13 366 82 25 368 11 17 368 32 16 369 76 18 372 11 24 373 59 26 374 26 7 376 100 3 378 83 7 380 43 20 380 60 26 380 85 2 382 3 30 383 48 5 385 75 5 387 30 11 387 41 0 387 42 0 387 83 0 389 69 1 390 70 17 393 81 1 395 17 16 396 84 14 398 15 23 399 69 11 399 87 0 403 67 22 407 24 19 409 21 13 410 30 0 410 81 11 413 3 5 414 45 24 415 57 14 417 34 3 418 34 19 419 8 18 420 3 9 422 29 8 422 40 8 422 92 13 423 30 18 424 43 29 428 3 0 428 64 12 429 67 17 430 24 11 432 8 4 433 42 24 438 23 25 439 20 28 442 20 17 442 93 31 443 48 16 444 37 15 444 54 26 444 82 14 445 35 3 445 68 30 446 42 5 446 58 13 447 43 16 448 87 4 449 19 23 449 100 0 451 22 26 451 66 5 452 76 24 453 76 9 455 7 12 455 25 26 456 47 19 457 10 28 458 25 9 458 75 11 460 24 31 461 10 19 461 19 23 461 30 14 462 68 13 465 37 31 467 32 12 467 69 22 468 64 26 469 42 12 473 68 12 474 11 20 476 35 14 477 79 8 479 84 5 482 33 28 482 68 29 483 72 19 484 54 23 484 61 4 486 48 29 486 100 7 489 70 21 491 45 14 494 43 28 494 81 20 495 9 10 496 19 25 497 22 0 497 51 31 497 93 5 500 15 16 502 59 4 504 56 27 509 12 22 509 41 11 509 69 13 511 98 26 512 32 9 512 99 25 513 38 25 513 43 14 514 1 22 515 10 5 515 23 13 516 27 1 517 41 12 518 46 23 518 66 23 519 37 11 521 9 27 521 23 29 522 84 28 525 19 5 526 70 11 527 76 11 527 98 5 529 59 9 529 78 21 532 12 1 532 50 2 533 44 8 533 74 4 535 67 0 536 81 9 536 100 4 537 24 11 537 100 9 538 36 7 539 27 19 539 35 5 539 47 5 540 5 13 540 67 8 546 13 6 548 9 20 548 15 14 551 2 8 554 40 13 557 62 2 558 59 5 559 9 25 559 52 23 560 7 16 560 29 2 560 69 0 561 62 5 562 35 22 563 51 3 563 68 30 564 63 29 565 34 25 566 96 24 566 97 28 568 48 16 569 1 0 569 36 13 569 69 22 570 45 27 570 93 5 572 49 15 572 56 23 572 97 18 573 71 1 573 86 7 574 17 23 574 97 21 575 35 20 575 36 15 577 2 24 577 16 19 577 90 17 580 90 21 581 31 7 583 57 0 586 5 16 589 1 14 590 47 4 591 14 30 593 51 19 593 73 25 594 25 27 595 85 6 596 39 12 596 52 25 596 55 0 596 76 22 598 59 1 599 16 22 599 56 22 599 76 6 601 74 7 602 35 26 602 91 16 603 45 30 603 47 31 603 59 21 605 73 4 607 77 25 608 0 28 608 15 9 610 22 23 611 19 30 613 10 28 615 6 26 615 34 6 615 58 26 615 97 13 617 77 21 622 18 20 624 33 5 624 86 0 624 88 20 625 39 16 625 70 6 627 15 9 627 19 3 629 78 29 630 18 8 630 89 24 631 78 1 631 79 12 632 34 19 634 27 27 635 95 20 636 50 4 637 92 6 639 75 11 639 79 30 641 44 29 644 27 18 644 87 10 645 58 29 647 38 31 649 9 20 649 10 29 651 89 22 652 76 18 652 92 23 653 45 2 656 44 28 656 88 17 657 60 19 658 15 1 658 20 22 658 47 22 660 69 16 661 75 20 661 89 4 664 79 5 665 7 6 666 31 28 670 24 21 671 65 29 672 4 23 672 13 8 674 72 1 675 49 11 675 84 28 676 2 11 677 70 27 677 77 13 678 43 8 678 55 3 681 80 15 682 55 21 682 75 6 683 44 15 683 83 26 684 93 18 685 96 21 688 30 3 688 76 28 689 50 14 690 3 5 692 45 6 692 46 5 694 10 14 694 85 1 697 80 3 697 100 13 698 55 27 699 60 21 700 20 14 700 28 30 700 51 9 700 68 30 701 72 23 702 63 4 704 2 14 704 37 6 704 75 22 707 22 1 708 64 9 708 80 31 709 14 24 710 7 30 710 91 8 710 94 19 715 80 6 716 30 24 716 93 0 717 91 11 719 5 30 719 14 7 720 20 11 720 50 10 720 93 19 721 57 19 723 31 17 723 44 23 723 74 20 724 22 18 724 33 6 725 57 21 727 50 21 728 56 25 730 77 23 731 40 1 731 65 14 732 8 7 733 43 11 735 90 19 736 20 2 736 74 13 737 99 26 739 12 8 739 63 0 743 18 24 743 43 19 745 14 23 745 24 22 745 94 23 746 8 16 746 21 7 746 56 27 746 70 27 748 33 27 750 71 17 752 16 8 753 5 3 753 35 22 756 73 11 757 44 16 762 2 16 763 78 8 764 21 21 764 41 15 764 98 0 767 28 26 767 30 2 768 27 18 768 48 31 769 28 28 770 39 7 770 48 15 770 91 1 771 6 10 773 35 27 776 59 20 777 74 9 778 23 11 778 42 27 778 68 28 778 100 1 779 73 19 781 75 18 782 33 13 785 29 28 785 76 29 787 27 8 788 79 7 790 29 19 790 40 15 791 10 31 791 16 17 791 73 7 791 91 11 792 21 4 792 95 30 793 69 26 793 82 14 794 31 25 795 5 24 796 60 2 797 55 28 798 53 5 799 9 17 799 11 22 799 24 25 799 37 18 801 95 31 803 98 30 804 10 15 804 19 0 804 30 17 804 54 21 807 14 3 807 34 7 809 43 20 812 7 16 812 75 5 813 5 18 813 24 1 814 45 20 815 35 6 816 64 10 817 23 10 817 36 9 818 60 14 818 68 1 819 80 24 820 1 24 821 30 3 823 39 25 824 85 26 825 81 1 826 80 24 827 4 24 827 27 3 827 79 4 830 35 19 832 42 18 833 1 10 833 14 0 835 65 19 835 78 24 836 4 26 836 61 30 836 93 21 837 23 1 837 85 24 838 25 11 840 17 18 843 58 10 844 11 22 844 35 5 844 61 10 845 4 3 845 47 8 846 90 28 848 84 31 849 43 6 850 5 20 852 56 22 856 10 16 858 74 25 860 17 29 861 57 2 863 11 1 864 23 20 864 38 5 865 78 29 865 84 7 866 54 27 866 77 0 867 10 14 867 78 27 869 17 5 869 19 5 869 65 14 870 52 4 872 69 12 873 64 25 873 69 9 873 83 16 875 18 6 875 22 12 875 98 11 876 41 13 877 8 8 877 73 31 878 3 10 879 26 10 879 61 3 879 80 16 880 47 19 881 46 1 882 71 13 882 76 29 884 54 4 888 31 19 888 82 28 888 86 2 890 15 1 890 62 11 890 73 17 891 40 17 891 72 16 892 36 1 893 83 31 894 17 20 894 18 9 894 62 26 895 59 14 896 74 4 897 90 23 898 16 12 900 46 10 901 7 24 904 18 9 904 33 27 906 77 17 907 80 20 910 10 3 910 15 27 910 19 22 910 47 22 911 82 9 912 11 7 912 64 9 913 12 6 913 94 23 914 4 8 914 71 26 916 94 5 917 56 29 917 93 1 918 80 13 920 38 11 921 79 9 922 6 2 922 61 19 923 60 5 923 91 14 924 26 28 926 77 13 927 8 13 927 29 6 928 5 27 928 44 31 929 40 17 930 16 2 932 94 16 936 27 16 936 46 17 936 93 30 937 59 16 937 100 23 938 20 3 938 58 10 941 0 4 941 63 30 942 52 16 944 22 12 944 29 26 945 57 4 946 12 0 948 38 14 948 84 17 949 25 13 949 52 29 950 58 22 951 7 21 951 84 28 951 92 11 952 3 14 952 5 21 952 32 17 952 53 9 953 74 28 954 27 24 956 23 16 956 47 4 957 56 22 958 65 19 960 82 28 961 68 4 961 84 23 962 66 31 965 4 11 965 19 17 967 80 15 968 39 5 970 14 28 970 26 3 970 67 13 971 74 2 971 86 13 972 19 29 975 20 24 975 33 11 976 70 8 977 59 24 977 74 11 978 81 18 978 89 13 979 41 1 980 2 20 982 6 14 982 57 6 983 36 7 983 51 26 983 77 2 983 97 5 985 29 16 986 89 28 988 22 24 988 75 15 988 75 20 988 82 15 989 39 17 989 48 19 990 75 14 993 28 31 993 65 27 993 95 3 994 35 14 994 56 30 995 5 24 995 13 27 995 27 28 995 90 4 998 65 17 998 67 30 999 44 6 999 46 27 1000 8 13 1000 74 10 1001 84 19 1002 28 7 1003 73 3 1004 92 1 1005 28 30 1006 34 17 1006 75 16 1007 2 26 1007 67 25 1008 50 24 1010 50 13 1010 64 5 1013 42 22 1013 45 19 1015 27 10 1016 15 12 1016 36 1 1016 59 12 1017 64 22 1017 95 4 1018 26 10 1018 26 16 1020 30 7 1021 79 2 1022 47 24 1029 44 8 1029 93 9 1030 31 22 1031 97 26 1032 57 31 1033 0 12 1033 35 14 1034 9 30 1035 1 31 1036 90 8 1037 19 16 1037 79 11 1037 92 31 1038 22 22 1040 27 6 1040 40 2 1041 23 17 1041 50 9 1043 50 5 1044 77 30 1046 1 19 1047 37 13 1047 60 9 1047 62 24 1048 19 27 1051 60 20 1054 11 22 1055 47 19 1056 5 21 1056 88 7 1057 39 27 1058 0 31 1060 6 14 1064 7 28 1066 59 27 1068 94 9 1072 42 7 1072 86 16 1073 38 29 1074 51 9 1074 84 20 1075 61 8 1076 85 3 1079 37 20 1079 40 8 1080 87 11 1082 26 13 1082 39 25 1083 36 3 1084 96 29 1088 49 11 1088 55 15 1089 13 31 1089 78 23 1090 1 10 1090 76 26 1091 38 8 1092 36 9 1092 53 18 1094 33 23 1094 90 3 1095 4 26 1095 69 5 1095 88 30 1096 51 8 1096 77 11 1098 8 12 1100 83 19 1100 97 22 1104 34 10 1106 27 7 1106 53 7 1106 93 6 1107 12 1 1107 23 3 1107 69 7 1113 45 22 1114 3 3 1114 60 21 1116 55 17 1117 58 5 1119 40 5 1122 26 28 1125 31 22 1125 35 27 1125 48 10 1126 53 6 1128 2 17 1129 1 2 1129 76 29 1130 40 30 1131 5 12 1132 75 16 1132 80 30 1133 24 15 1133 86 9 1135 7 18 1135 68 1 1136 17 25 1137 23 2 1138 34 3 1141 88 1 1142 28 5 1144 18 31 1145 55 1 1146 53 13 1147 85 31 1150 49 6 1152 38 12 1153 70 20 1153 100 18 1155 96 8 1157 28 4 1159 56 9 1159 63 26 1160 59 23 1160 64 29 1161 6 17 1161 8 3 1164 25 29 1164 71 6 1164 75 16 1166 19 8 1167 0 19 1168 49 16 1169 12 30 1171 4 25 1172 80 2 1175 45 31
239 1069 0.0003 72 31 19 73 96 10 75 1 29 75 10 26 78 76 4 79 41 30 80 11 16 81 65 17 81 96 15 82 35 5 83 61 4 84 98 14 85 36 9 87 5 30 88 51 7 90 91 8 95 35 13 96 37 15 97 47 1 98 30 8 98 96 7 99 100 14 100 71 15 101 71 7 102 57 25 102 93 10 104 12 20 107 43 7 109 40 31 109 45 21 110 25 15 111 80 20 111 87 28 112 71 7 113 67 21 113 93 3 115 38 5 115 59 18 116 2 9 116 72 11 116 92 31 116 95 21 117 36 31 118 38 2 119 52 2 119 67 5 119 73 13 119 100 0 120 88 18 123 92 0 123 93 12 124 49 24 124 87 19 125 14 26 126 40 21 127 4 10 128 42 31 129 75 6 132 4 15 132 23 5 135 36 17 136 6 16 136 16 22 136 31 30 137 22 28 137 81 15 138 29 18 141 16 8 141 65 28 141 80 11 141 100 14 142 68 11 142 85 19 143 6 18 143 45 3 147 71 25 149 31 5 149 82 1 150 93 10 152 77 21 153 31 0 153 41 17 155 48 18 155 74 5 157 12 3 157 16 18 163 15 27 164 70 0 166 40 6 168 99 7 169 60 16 170 25 5 171 29 0 174 44 26 174 80 16 177 32 23 177 73 24 178 23 7 178 39 4 178 94 15 180 11 17 181 20 7 184 34 19 184 94 1 185 76 1 186 26 23 186 57 20 189 21 31 189 87 20 189 89 3 190 6 1 190 19 13 191 32 29 191 81 17 193 57 23 196 78 18 198 51 12 201 6 31 201 48 5 201 71 4 203 6 25 203 69 28 203 92 1 204 32 28 205 81 16 206 48 3 207 66 25 208 32 17 209 7 19 209 8 24 210 60 6 214 63 18 217 36 2 219 69 10 220 2 2 220 4 22 220 53 6 221 50 21 222 88 22 225 14 7 225 50 19 226 89 14 227 47 12 227 73 29 228 17 31 228 89 10 230 12 18 230 87 10 232 11 28 232 33 12 232 52 6 232 55 13 232 93 16 233 30 7 233 59 2 233 74 18 234 62 7 234 82 30 236 87 19 241 2 29 244 2 3 246 13 14 247 65 26 249 25 25 249 93 6 250 73 7 251 64 16 252 20 16 254 75 25 254 88 10 255 70 17 257 30 26 257 76 0 259 19 11 259 75 22 261 64 25 261 82 3 263 13 5 265 70 26 267 31 4 268 41 0 268 92 30 269 25 0 269 72 17 270 37 24 270 89 11 272 42 12 273 45 10 275 74 12 276 23 19 276 23 27 278 90 18 279 77 21 280 37 29 280 66 7 280 96 25 281 89 0 282 54 4 283 0 12 284 58 7 286 21 15 288 5 0 288 58 17 289 47 0 290 91 1 291 33 10 293 44 30 293 81 0 293 99 12 297 83 9 298 35 31 298 79 26 298 81 5 299 60 0 301 2 31 304 40 3 307 95 10 312 22 27 312 90 9 313 45 21 316 64 17 317 74 31 318 30 24 318 84 22 319 39 5 320 73 24 321 52 15 321 98 5 322 55 30 322 70 21 322 79 27 324 14 26 324 39 29 327 49 30 329 6 16 329 55 5 332 12 31 332 72 29 332 75 6 332 80 30 333 8 30 333 41 18 333 99 27 334 13 28 334 38 3 335 29 23 336 17 18 337 17 30 337 71 25 339 48 31 342 60 9 345 100 2 346 100 25 347 26 17 347 100 9 348 4 10 351 3 23 351 42 2 351 71 18 353 42 25 354 38 30 356 9 14 359 17 13 359 36 10 360 3 28 363 78 29 365 67 24 367 23 6 367 77 13 368 7 15 368 33 27 368 48 0 368 85 14 369 75 17 370 32 8 370 34 25 370 76 12 371 39 11 371 88 2 374 66 23 374 76 27 375 80 11 375 95 25 376 54 20 378 75 21 379 7 21 379 49 21 382 8 18 383 66 16 384 35 24 384 59 25 384 95 18 385 41 11 385 64 13 385 87 10 386 8 13 386 35 8 386 59 8 386 65 4 387 44 21 388 74 24 390 21 29 390 32 6 390 97 3 391 26 10 392 36 1 392 46 3 392 52 4 392 79 17 393 8 20 398 67 13 398 77 27 399 7 31 400 1 17 400 95 23 402 43 29 402 73 0 403 79 0 404 2 26 404 7 26 407 7 29 407 65 5 408 33 4 408 48 28 408 98 23 409 97 5 410 60 23 412 17 27 412 100 25 413 1 14 416 3 17 416 55 21 417 40 2 417 77 11 418 82 30 418 83 29 419 57 6 420 21 3 421 33 7 422 7 7 422 21 19 422 40 29 424 22 2 425 62 11 426 41 30 427 18 24 427 52 12 427 82 6 428 33 22 428 92 9 428 100 23 430 28 8 430 36 19 431 62 2 432 4 16 435 14 24 435 42 5 436 52 25 438 25 28 439 48 26 440 44 31 443 79 27 445 47 26 445 56 16 446 72 24 448 61 28 449 59 0 450 73 3 452 23 14 452 48 18 453 78 10 454 91 31 455 22 7 460 42 19 464 27 3 465 24 22 466 25 23 466 76 16 467 96 28 468 73 2 470 1 17 470 19 1 471 0 28 471 51 7 473 46 6 474 42 25 474 66 3 474 88 9 476 53 23 476 72 14 476 72 16 477 1 0 477 80 24 479 18 8 480 17 6 482 64 3 483 74 18 484 1 7 486 69 19 489 39 5 490 27 13 490 93 4 492 23 21 493 0 20 493 71 3 494 35 22 497 82 21 500 12 4 502 18 4 503 65 3 503 84 12 504 50 15 506 37 12 506 49 13 508 43 23 508 55 12 508 91 10 508 97 20 511 56 12 511 67 15 512 91 10 512 92 27 515 68 20 517 15 16 517 30 15 519 91 24 520 92 10 521 10 6 522 8 17 525 84 21 526 25 17 526 72 2 527 43 19 527 91 10 528 9 12 528 53 15 528 98 3 529 53 0 530 11 17 531 83 25 533 73 23 533 77 12 535 24 16 535 36 23 535 58 15 537 67 4 539 57 25 539 74 10 541 34 3 541 38 21 542 95 1 543 43 20 544 33 14 544 84 29 545 55 21 545 93 7 546 24 27 546 38 5 549 33 26 549 61 6 550 36 4 551 6 3 551 39 12 551 47 12 551 49 7 552 72 12 553 75 6 554 0 7 554 25 20 558 3 16 558 64 0 560 40 15 560 58 29 561 45 11 562 11 11 562 12 16 562 78 20 564 65 26 566 59 7 566 79 8 568 55 17 569 18 8 571 2 22 575 22 7 575 26 0 576 64 3 577 46 10 577 92 15 578 8 28 580 26 15 580 76 6 582 32 4 582 86 9 585 75 9 586 8 26 586 74 5 587 17 6 587 63 8 587 75 13 591 17 7 593 11 5 594 98 27 596 57 11 597 49 16 597 89 3 598 8 4 598 17 29 599 67 17 599 92 20 601 41 13 601 86 9 604 2 16 606 18 0 606 34 13 607 48 27 608 14 12 608 85 24 609 40 21 611 2 19 611 46 9 611 49 0 612 23 8 612 59 24 616 100 8 617 36 30 617 80 1 617 88 26 618 43 10 618 76 12 620 14 29 623 38 10 623 69 28 624 72 27 625 47 29 625 93 8 626 45 9 627 27 0 627 100 7 628 43 19 629 7 25 630 38 22 630 39 28 630 42 10 631 59 17 632 3 6 632 42 9 634 47 10 635 86 17 637 88 24 638 65 11 638 87 10 639 51 5 639 92 2 640 56 29 641 89 21 642 40 25 642 66 25 643 71 24 644 25 10 645 52 10 645 60 26 645 90 29 646 8 11 647 25 13 647 71 14 647 93 2 649 31 30 649 32 0 650 79 15 653 65 26 654 1 8 654 64 28 655 90 14 655 91 7 655 99 20 656 21 3 656 99 1 659 34 10 659 98 20 660 53 13 660 73 24 660 93 27 662 7 26 663 43 4 663 70 27 664 15 6 664 36 3 665 94 19 666 74 7 666 82 15 668 17 3 669 48 19 675 45 9 677 56 7 678 46 16 678 94 0 679 98 19 681 55 1 684 66 5 685 25 30 685 59 10 686 73 18 686 86 22 688 60 11 688 85 24 688 100 10 689 91 7 690 42 23 691 8 14 691 34 20 691 39 29 691 45 29 692 32 16 693 34 26 693 99 3 694 23 29 694 37 23 695 17 8 695 47 27 695 81 24 696 5 14 697 45 27 699 2 0 699 99 19 701 87 5 703 39 13 703 43 30 703 70 0 703 75 6 707 15 10 707 85 16 707 91 5 708 59 27 709 74 5 711 23 23 713 29 29 714 15 7 714 41 18 715 84 21 717 13 19 720 9 15 720 45 26 721 70 22 722 43 3 724 19 16 724 43 11 724 88 11 724 89 0 725 34 8 725 70 2 726 53 19 729 3 31 730 92 18 731 6 19 731 85 0 732 69 23 735 97 20 736 13 1 736 91 3 740 4 6 740 25 2 740 42 17 742 32 29 744 45 0 745 39 17 745 94 17 745 100 15 747 1 26 747 6 5 747 49 16 747 53 14 748 73 0 749 38 7 749 90 11 750 41 8 750 43 23 752 34 11 752 71 29 753 6 28 756 56 3 757 92 14 758 87 9 759 62 22 759 67 2 759 72 11 760 60 29 760 75 21 760 76 28 761 25 29 762 14 11 764 40 18 767 17 16 767 29 30 767 39 8 767 65 30 768 100 17 769 56 10 770 91 21 771 36 3 772 33 4 773 44 12 773 90 27 775 9 25 775 84 26 775 92 14 777 9 23 777 54 21 778 22 18 778 38 23 778 72 2 779 83 12 780 1 6 786 21 2 786 54 26 786 57 6 787 13 0 787 54 28 789 42 25 789 89 1 790 93 13 792 79 26 793 29 29 797 18 17 797 29 31 799 60 23 800 7 15 803 26 1 803 62 5 805 43 7 806 1 6 807 49 28 807 85 28 808 21 23 808 47 22 810 94 25 812 55 11 813 12 13 817 67 25 818 1 3 819 64 24 822 72 5 823 4 15 827 14 13 831 64 12 833 39 6 833 47 10 833 90 15 834 26 5 834 56 19 837 33 31 838 8 22 838 89 27 839 33 22 843 20 10 844 23 20 844 69 15 846 20 5 847 100 2 850 16 0 850 61 9 852 24 20 853 79 0 858 8 1 858 49 26 861 63 0 861 75 8 863 37 14 863 46 12 865 51 26 866 73 22 867 34 2 871 86 27 873 15 29 874 27 27 875 49 21 876 7 9 876 51 8 878 72 31 880 60 6 880 68 6 880 88 0 880 94 27 881 52 20 883 1 10 884 19 3 884 20 15 886 11 20 886 23 6 887 11 2 887 19 14 888 9 9 888 16 17 888 64 21 888 96 30 890 29 21 892 42 4 892 95 30 892 99 7 894 89 31 896 46 25 897 58 29 897 72 13 898 4 31 898 37 27 898 41 27 898 55 19 899 2 5 902 15 17 902 64 30 902 96 6 904 51 26 906 27 1 906 78 25 907 18 28 908 99 7 910 30 12 910 72 25 914 9 5 914 15 21 917 47 19 919 71 26 920 26 24 922 8 14 922 75 11 923 9 26 925 48 19 926 99 24 928 37 5 929 40 17 930 36 21 932 40 11 935 6 12 935 43 18 936 23 26 937 63 3 938 51 24 940 0 27 940 10 23 941 64 10 943 19 18 944 86 1 945 27 16 945 45 31 947 18 15 947 40 6 947 63 28 947 65 4 949 82 7 951 0 4 951 9 18 951 31 27 952 8 22 953 19 29 954 19 20 957 48 2 958 61 5 960 53 24 960 56 2 960 97 28 961 91 0 961 91 10 961 91 30 962 24 16 962 43 17 963 1 12 963 25 12 963 64 25 964 68 0 965 10 0 966 68 17 966 94 1 966 100 23 969 23 19 971 53 23 973 38 12 973 62 16 975 98 5 976 70 9 978 47 18 982 12 16 982 18 28 982 30 28 984 91 11 985 13 15 987 30 25 988 54 18 989 30 16 990 26 24 991 7 30 994 14 21 994 45 8 995 66 3 996 24 18 996 31 18 996 47 12 996 99 24 997 34 11 997 79 1 997 85 20 1000 7 17 1004 3 29 1004 17 2 1005 84 14 1006 29 18 1006 41 30 1006 50 31 1006 94 25 1011 9 8 1012 58 28 1015 23 20 1017 15 24 1018 46 7 1019 27 23 1020 16 15 1020 43 2 1021 7 0 1023 11 15 1024 53 10 1027 43 5 1027 66 19 1029 10 2 1029 77 30 1031 25 28 1031 35 3 1031 52 8 1031 97 17 1032 2 24 1032 39 3 1032 98 24 1033 88 10 1035 88 23 1036 100 24 1037 59 30 1039 78 25 1041 32 13 1041 56 9 1042 34 18 1042 74 16 1042 85 30 1042 88 19 1046 8 22 1048 13 24 1048 25 9 1048 49 10 1049 0 7 1049 25 28 1049 50 7 1051 78 19 1053 91 29 1054 33 2 1060 15 27 1061 4 6 1061 83 17 1061 100 31 1062 34 23 1063 28 31 1063 29 27 1065 44 26 1065 94 20 1066 26 28 1069 92 29 1070 6 5 1070 65 9 1070 87 3 1071 54 6 1072 84 27 1073 61 11 1074 19 0 1075 70 3 1076 81 22 1077 75 5 1078 83 15 1079 0 3 1080 43 8 1081 72 14 1083 75 1 1084 29 30 1084 54 0 1084 83 12 1085 13 30 1087 55 29 1089 75 16 1090 73 0 1091 68 10 1092 77 4 1093 11 26 1093 76 17 1093 100 21 1095 17 24 1095 22 23 1095 22 24 1095 36 5 1096 71 27 1096 82 9 1096 84 15 1099 78 29 1103 69 27 1104 24 25 1104 75 23 1105 64 16 1105 67 11 1106 31 18 1108 42 21 1108 81 0 1110 6 23 1110 29 29 1110 31 20 1111 91 4 1112 46 18 1112 46 30 1115 29 20 1115 66 13 1117 38 14 1117 60 22 1121 17 30 1121 64 17 1122 9 17 1122 45 2 1122 51 16 1123 23 17 1123 24 26 1123 95 29 1123 98 19 1124 7 18 1124 27 0 1125 35 8 1126 33 6 1127 47 0 1130 44 23 1130 87 23 1132 26 25 1133 59 14 1134 39 8 1134 49 3 1134 78 0 1135 46 9 1137 17 14 1137 26 6 1137 87 9 1138 28 29 1138 42 23 1138 95 17 1139 70 13 1143 77 28 1144 11 11 1145 3 12 1148 59 15 1151 7 0 1152 40 21 1152 72 17 1153 58 30 1155 1 28 1156 69 0 1160 100 17 1162 57 11 1163 67 6 1164 30 3 1164 68 28 1165 14 23 1166 100 22 1167 15 25 1167 41 11 1170 81 29 1171 8 21 1171 25 1 1171 58 25 1174 8 14 1174 9 26 1174 55 7
240 1069 0.0003 72 12 28 72 50 25 73 18 24 73 41 20 73 89 26 74 40 14 74 47 7 75 14 16 76 0 19 76 92 3 78 25 25 78 45 17 79 51 11 83 69 1 84 21 12 84 47 8 86 92 6 89 11 4 91 76 29 92 91 27 93 56 28 95 91 14 96 87 18 97 42 14 97 77 18 97 82 20 101 89 17 102 0 14 102 9 22 102 80 18 103 94 19 104 67 15 105 38 5 106 32 22 106 45 3 106 46 12 109 86 11 109 93 15 110 86 30 112 68 6 113 34 11 113 79 22 116 24 16 116 84 10 117 4 8 118 32 5 118 64 31 119 58 9 119 86 18 120 59 27 120 78 7 121 25 4 122 47 28 122 61 11 124 27 29 124 100 30 125 3 12 125 17 5 128 7 29 128 82 16 133 16 1 135 35 11 137 99 0 138 1 15 139 86 14 141 17 5 141 83 8 142 16 24 142 42 7 142 57 11 144 17 18 145 26 21 147 84 1 148 42 20 151 42 0 151 99 24 152 3 15 152 14 7 152 73 18 153 30 17 153 40 5 154 32 27 154 53 16 155 39 21 155 94 23 156 74 23 158 11 0 158 39 6 162 79 5 162 97 20 163 21 26 163 88 1 164 90 21 165 10 28 165 82 6 166 73 16 168 18 11 168 57 25 169 34 7 170 76 19 171 8 7 173 81 27 174 17 6 175 62 4 177 43 29 177 86 8 179 87 17 180 49 12 183 54 17 184 32 5 184 46 15 184 86 6 185 45 3 186 55 5 187 44 12 190 34 25 190 42 9 192 80 16 194 62 7 195 1 16 195 76 12 196 87 19 198 56 13 198 87 21 200 16 17 202 60 8 202 90 27 203 8 9 205 37 5 205 83 20 206 37 30 206 42 16 208 3 7 208 100 9 209 20 7 209 21 23 209 31 25 210 9 2 210 73 30 211 63 17 212 6 13 212 25 8 212 25 24 212 53 14 215 15 5 216 29 17 216 45 26 216 47 23 216 78 12 216 79 17 218 49 24 218 86 18 219 4 6 221 50 8 221 63 21 221 69 19 221 95 14 224 45 29 224 51 10 224 86 26 225 73 30 227 4 29 229 65 30 230 92 14 231 22 25 231 45 16 231 50 17 231 60 28 232 27 17 236 6 15 236 9 8 236 64 6 237 16 31 237 84 22 238 41 7 238 82 20 239 0 14 239 29 26 239 71 25 239 84 4 240 41 10 242 48 7 244 20 6 244 22 13 246 18 31 246 47 6 247 59 22 250 50 29 253 16 8 253 45 27 254 65 27 255 47 26 255 50 2 255 68 3 256 60 31 257 69 18 257 96 21 258 8 26 261 6 2 263 91 9 264 9 20 264 34 2 264 51 7 264 61 11 264 77 9 264 84 1 264 90 4 264 98 10 266 15 27 267 45 8 267 67 7 268 24 12 268 27 5 268 37 18 269 7 3 269 77 23 270 4 5 272 3 1 272 69 23 276 47 24 276 75 19 278 37 28 279 84 20 280 10 12 280 12 5 281 20 14 281 46 29 281 77 7 286 38 6 286 64 29 288 23 25 293 72 31 296 24 16 299 6 13 300 83 27 302 68 21 304 64 18 305 23 14 306 4 26 307 16 6 307 85 10 310 99 26 311 88 27 314 5 27 314 44 23 314 86 25 315 75 16 317 44 27 317 61 22 318 13 6 318 49 2 319 34 20 320 39 2 320 58 0 321 71 4 322 100 13 323 41 5 323 46 20 324 20 21 324 56 29 325 24 13 325 98 28 328 19 9 328 88 22 328 91 29 330 74 10 331 27 9 334 4 5 335 73 22 337 18 21 341 58 2 342 72 12 345 5 7 345 79 5 346 17 4 346 78 25 346 95 26 352 9 21 353 40 27 353 84 23 354 44 23 356 26 12 357 26 19 357 34 1 358 90 1 359 35 27 359 52 18 359 69 8 360 43 1 361 18 7 361 55 11 361 80 19 362 9 25 363 27 15 364 17 7 365 14 10 365 92 24 366 7 18 366 35 30 368 23 23 368 26 16 370 28 8 371 77 14 372 83 25 375 73 14 375 76 6 378 56 11 379 5 15 379 91 10 381 62 14 382 22 8 383 9 28 385 37 19 386 23 6 387 54 28 388 3 29 389 57 14 392 22 0 392 68 0 395 14 25 395 89 2 396 51 1 396 91 19 397 3 12 397 66 7 397 82 13 399 69 16 400 82 23 400 87 26 402 1 6 402 50 2 403 2 23 405 73 14 406 31 9 406 92 12 407 2 2 407 85 2 407 85 23 407 96 8 408 54 22 408 54 28 409 54 22 410 82 11 412 7 18 412 58 5 413 7 11 413 54 20 414 14 21 416 27 3 417 1 15 417 24 19 417 56 16 417 75 23 417 82 29 419 59 16 420 77 11 421 35 13 421 77 30 422 44 13 422 91 24 423 2 8 423 21 14 425 38 26 425 50 17 425 57 11 425 73 28 426 45 10 428 47 12 428 51 9 429 50 31 429 56 20 430 1 17 431 22 3 434 72 7 437 29 25 437 76 19 438 28 18 442 38 24 443 10 10 444 44 15 445 77 20 446 4 19 446 75 31 448 24 21 451 10 24 451 25 6 452 60 21 453 46 6 454 62 16 455 54 20 455 93 28 457 4 1 458 97 21 460 9 29 461 4 31 462 0 27 462 45 24 463 38 4 465 51 26 465 67 2 468 33 8 468 37 17 469 75 29 470 54 0 471 16 15 471 17 3 471 28 9 472 68 15 473 30 5 474 74 2 476 74 15 480 10 16 480 31 17 481 5 25 482 76 27 484 6 2 484 26 20 486 56 27 486 99 12 489 33 31 489 38 6 490 21 21 492 61 9 492 95 1 497 5 25 497 14 22 497 50 14 497 62 24 498 22 8 503 39 25 503 88 28 504 62 28 505 25 13 507 11 16 510 56 1 513 68 31 515 15 22 515 78 7 518 98 11 521 12 26 521 74 9 521 86 2 521 98 10 522 2 5 522 26 30 523 30 18 524 80 28 525 14 27 526 59 5 526 73 11 528 1 3 530 78 8 531 82 5 531 96 8 532 4 31 533 3 22 533 86 3 534 27 20 535 49 16 536 4 18 536 79 21 537 26 2 539 50 16 539 69 6 540 83 18 542 47 27 543 39 26 547 90 16 548 18 30 548 82 21 549 37 15 549 54 1 551 70 27 552 5 6 552 14 14 552 34 6 553 25 5 555 31 9 555 61 4 556 77 8 559 27 22 560 4 5 560 43 26 560 53 7 561 1 30 561 75 13 561 90 12 563 74 3 563 92 31 564 64 19 565 43 10 565 78 7 566 46 14 566 88 7 567 81 0 568 2 0 568 51 3 571 67 1 571 82 19 572 9 0 573 15 26 574 72 27 574 80 20 575 85 4 576 53 26 576 87 27 577 95 3 580 28 11 581 5 18 581 31 24 582 82 26 583 50 0 585 13 24 585 40 2 585 83 23 585 92 27 586 8 7 586 51 29 587 96 12 589 3 14 592 35 6 595 38 4 596 13 3 598 48 16 599 29 11 600 0 1 601 42 25 603 12 23 609 3 25 610 56 20 612 37 3 612 86 9 613 21 11 613 27 22 614 1 12 614 43 8 614 72 0 615 42 23 616 11 7 617 25 24 617 57 27 617 67 7 617 72 14 618 51 19 621 81 4 621 87 20 623 2 30 623 29 16 623 80 9 623 91 15 626 15 15 626 19 1 627 13 4 627 82 3 627 93 6 628 96 30 630 38 24 630 83 27 631 19 20 631 68 9 632 3 0 632 52 0 633 20 23 635 20 24 635 24 13 636 55 1 636 84 31 639 6 21 639 23 23 640 72 4 641 51 13 642 71 30 643 8 30 645 69 11 647 78 16 651 77 10 653 61 22 657 27 9 657 48 5 657 84 16 659 32 22 660 18 21 661 76 25 662 73 24 664 44 15 664 50 29 665 73 18 665 83 4 666 80 4 667 91 20 668 11 19 671 0 19 672 6 30 672 89 20 673 10 28 673 78 27 674 83 21 674 84 6 675 54 9 676 25 26 677 69 25 677 99 27 678 25 19 680 27 10 680 58 21 681 6 13 682 16 27 682 72 19 684 17 25 684 88 4 685 20 11 687 23 26 688 12 29 690 44 8 694 74 23 695 71 7 696 1 2 700 60 27 701 80 15 702 21 23 702 57 30 702 68 30 704 62 8 705 93 8 708 38 12 708 58 19 708 74 2 708 90 13 709 22 2 709 58 0 711 97 13 712 86 8 714 9 25 717 31 29 717 41 13 718 22 6 719 2 18 723 83 7 724 23 0 724 72 31 725 50 28 727 56 20 731 84 17 733 68 7 736 71 15 736 90 3 738 31 11 738 91 27 740 52 26 740 57 9 741 66 21 743 92 11 745 54 8 747 32 29 747 58 7 749 76 15 750 49 3 751 28 2 756 31 26 756 96 23 758 69 28 760 5 16 760 23 27 760 65 6 762 23 6 762 72 26 765 61 0 766 66 6 766 93 21 768 43 27 768 64 13 769 38 6 771 39 21 771 40 19 772 100 0 775 55 23 776 15 18 777 9 16 780 22 26 783 9 26 783 83 13 784 24 31 784 76 25 785 69 3 786 79 9 787 93 30 787 100 16 789 6 10 789 71 25 790 82 0 791 78 17 793 21 1 794 11 17 794 57 27 795 24 23 797 40 13 799 12 30 799 96 1 800 28 0 800 56 7 800 71 5 801 12 3 801 57 31 802 52 30 802 72 2 803 52 28 803 96 1 804 68 5 804 78 27 805 56 18 808 42 11 808 79 4 808 91 4 811 38 5 812 10 18 813 7 16 813 96 19 814 81 1 815 78 0 816 90 14 820 39 15 820 96 29 820 100 30 821 5 6 823 58 12 824 15 18 824 57 16 825 29 26 829 52 3 829 65 3 830 67 28 830 76 18 830 78 3 831 32 20 831 36 11 832 63 16 833 68 26 834 57 18 834 94 8 836 24 5 838 15 30 838 23 30 838 57 14 838 85 12 843 36 6 845 46 11 848 49 15 850 13 17 854 24 12 854 27 3 855 16 7 856 95 4 857 91 29 858 51 2 858 84 12 859 40 16 860 5 6 861 21 28 863 28 24 865 66 8 866 46 27 867 14 2 867 37 26 868 39 17 869 90 16 871 28 6 871 78 25 873 59 3 875 96 24 879 29 24 879 46 20 879 87 0 881 9 20 882 44 0 882 62 20 883 68 9 883 70 1 883 87 10 884 49 20 886 51 30 887 4 6 887 16 30 887 28 23 888 33 7 891 57 9 891 93 18 893 11 28 895 76 23 896 17 17 899 40 12 899 56 3 901 86 5 904 26 28 905 31 20 905 71 16 906 97 10 909 5 1 909 9 2 909 53 2 910 37 21 915 21 3 915 79 8 917 24 16 918 66 31 918 67 13 919 17 27 919 69 28 919 78 8 920 33 15 921 96 19 923 21 18 923 40 25 924 32 22 924 34 8 925 4 12 925 79 27 925 82 12 926 20 7 927 10 21 927 36 26 927 82 27 928 50 28 928 70 18 931 31 25 931 62 13 933 8 15 933 25 9 933 59 17 934 3 30 935 30 3 935 86 20 936 77 1 938 78 26 939 41 29 941 49 31 943 79 9 944 25 11 945 92 21 946 4 27 946 54 13 946 79 20 947 1 4 947 40 5 949 43 23 951 9 4 951 35 8 951 50 20 952 9 6 952 53 8 952 100 30 953 16 26 953 42 16 953 60 13 956 16 7 956 44 2 956 68 7 957 86 29 958 8 29 958 39 0 958 56 0 959 13 19 959 25 11 959 78 29 960 1 30 962 19 20 964 8 8 964 76 19 964 91 24 966 60 7 967 19 6 967 34 24 967 40 21 967 87 24 969 23 11 972 0 14 975 52 8 976 76 6 981 36 28 981 97 13 982 0 8 982 50 26 983 6 27 983 46 30 983 74 18 983 84 7 986 58 24 987 75 7 987 76 12 988 16 27 988 51 9 989 78 16 990 8 16 990 38 19 991 46 31 992 49 23 993 14 27 993 31 6 994 15 21 994 71 25 995 60 7 996 88 9 997 49 31 998 30 7 998 40 2 998 52 24 998 62 25 999 99 22 1001 60 11 1002 47 15 1005 17 9 1008 42 17 1009 33 5 1010 100 23 1011 5 16 1011 52 0 1012 51 12 1013 83 9 1017 55 16 1017 76 23 1018 32 31 1019 54 1 1020 6 18 1021 4 12 1021 11 11 1024 34 14 1024 69 8 1026 68 16 1026 84 1 1028 10 0 1029 85 20 1031 9 17 1031 74 9 1031 76 25 1032 66 23 1032 79 5 1033 69 24 1033 95 20 1034 2 4 1034 44 13 1037 40 14 1037 49 20 1038 95 13 1039 98 15 1040 2 24 1040 100 13 1044 100 13 1051 9 31 1052 69 2 1052 100 18 1053 9 22 1054 90 20 1055 1 29 1060 0 14 1061 90 12 1062 25 4 1062 29 17 1063 47 18 1064 19 16 1066 81 0 1068 9 31 1070 49 18 1072 97 27 1074 30 11 1074 59 29 1074 95 25 1075 19 16 1076 58 1 1077 2 3 1077 92 10 1079 54 2 1081 67 19 1084 37 25 1087 37 14 1087 58 28 1090 68 24 1091 54 15 1092 11 26 1093 0 1 1093 31 0 1095 21 28 1095 86 17 1098 55 18 1099 57 13 1100 6 6 1100 48 4 1101 32 21 1102 41 14 1103 5 27 1103 29 0 1104 42 7 1104 83 5 1107 29 14 1107 33 17 1107 51 11 1109 53 22 1110 10 31 1110 30 20 1110 39 14 1111 7 6 1111 47 28 1113 83 27 1114 40 23 1115 15 26 1116 18 20 1116 66 17 1117 46 18 1119 85 12 1120 40 28 1120 49 29 1120 96 4 1121 4 9 1123 29 4 1125 63 13 1127 26 19 1127 67 18 1128 70 15 1129 18 15 1130 16 21 1130 93 25 1131 30 5 1131 48 4 1133 44 7 1135 0 31 1135 31 30 1135 66 12 1138 49 17 1138 59 5 1139 11 2 1139 45 10 1139 86 3 1142 1 22 1142 17 31 1144 76 2 1147 11 16 1147 49 23 1147 79 29 1149 66 6 1150 72 17 1151 95 6 1152 50 9 1153 3 23 1153 17 19 1153 64 20 1154 51 28 1155 54 4 1157 12 26 1157 50 26 1158 29 23 1158 73 31 1159 57 22 1159 78 24 1162 5 1 1162 10 26 1162 53 22 1164 25 26 1165 0 13 1165 5 18 1165 39 8 1167 39 12 1167 49 0 1168 72 23 1168 75 26 1168 81 31 1170 58 1 1171 23 2 1173 53 21 1174 32 4 1174 58 14 1175 89 20
241 1069 0.0003 72 5 10 73 2 8 73 58 12 75 64 8 76 17 9 78 12 5 80 14 24 82 24 19 83 40 11 83 81 12 84 11 19 84 18 7 86 95 17 88 13 8 89 87 15 90 40 7 91 84 7 92 92 21 93 48 12 96 49 7 98 8 5 98 31 5 98 72 12 99 96 31 100 61 3 101 28 4 101 29 18 101 56 13 101 66 27 102 17 1 102 30 30 102 52 27 102 85 22 102 97 22 103 36 29 104 80 29 105 31 22 105 54 7 106 5 22 106 44 13 107 3 10 107 66 28 108 32 22 108 59 15 108 60 17 109 76 1 111 37 24 112 53 27 113 10 9 113 71 28 115 46 26 119 34 3 119 43 0 119 71 10 122 34 26 122 80 28 122 92 2 123 59 6 124 63 13 124 97 23 125 87 25 125 100 1 126 19 2 130 91 5 132 13 28 133 13 14 134 97 23 136 95 3 136 96 6 137 94 7 138 37 27 138 85 2 139 86 20 141 9 17 143 74 24 145 33 22 147 40 15 148 17 18 148 100 15 149 4 3 149 58 22 150 35 13 151 32 1 151 54 28 152 42 25 153 15 16 153 42 5 153 47 7 153 48 13 153 100 11 156 68 17 157 99 0 158 21 11 161 20 5 163 21 26 163 87 10 167 20 28 167 52 31 167 53 16 168 71 10 168 76 14 170 31 7 171 8 9 171 13 5 171 50 7 171 78 27 174 75 16 174 98 1 175 25 7 176 48 4 177 66 5 178 40 30 178 46 29 181 16 26 181 20 6 181 20 16 183 33 27 183 94 25 184 68 5 186 1 13 187 62 14 187 96 3 190 51 20 191 12 13 191 48 24 191 53 23 191 83 19 193 63 9 194 20 29 194 53 27 195 4 17 196 57 3 196 83 17 197 41 21 198 15 5 198 69 11 199 0 3 199 2 13 201 2 30 203 63 19 203 73 7 205 70 6 206 20 5 206 38 21 206 67 5 206 79 26 207 79 27 208 17 30 209 9 3 211 47 18 212 73 26 212 100 0 216 21 0 219 7 5 221 57 29 224 36 28 224 71 2 226 13 14 227 36 31 227 84 21 229 39 20 230 35 27 230 67 23 236 62 2 236 95 6 238 12 4 238 67 3 239 0 5 240 95 13 241 30 19 241 51 28 242 75 7 243 39 22 244 68 5 246 19 7 247 92 22 252 53 22 253 60 17 253 68 19 253 99 28 256 94 20 260 89 4 262 63 7 263 17 10 264 40 21 264 97 6 265 24 7 265 56 27 268 71 7 269 44 13 269 63 20 270 64 15 270 93 12 271 29 1 272 34 27 273 2 13 273 73 17 274 80 18 274 92 23 277 35 28 277 79 5 280 8 29 280 74 27 280 79 14 281 10 3 281 21 31 281 64 7 281 70 7 281 75 17 282 7 8 283 22 16 283 33 0 283 79 6 284 72 5 285 5 18 285 83 10 287 22 8 289 56 18 290 48 8 290 51 21 291 16 8 291 65 10 293 63 1 294 77 15 294 82 6 295 71 12 295 93 15 296 91 31 299 10 3 299 10 26 300 53 15 302 51 29 302 98 14 306 23 25 306 46 4 310 100 7 312 17 8 313 45 31 314 46 11 316 2 6 316 13 17 318 31 21 318 40 30 318 60 22 320 26 6 321 23 11 323 24 13 323 28 12 324 85 29 325 2 19 325 7 8 325 31 22 325 42 19 326 57 0 326 100 10 327 33 16 329 22 10 330 16 26 331 8 2 331 18 1 331 41 21 331 85 11 331 91 26 331 97 6 332 73 20 332 98 3 334 54 13 336 36 6 336 69 7 338 57 26 338 76 27 339 82 25 343 0 17 343 46 23 343 62 12 344 13 10 345 48 6 345 56 19 345 81 2 348 92 4 352 4 13 352 12 21 352 19 26 352 41 3 353 96 27 356 22 26 356 61 29 356 99 23 357 17 18 358 13 16 358 96 17 359 14 1 359 80 6 360 37 13 360 42 21 360 46 10 360 84 26 361 72 10 361 93 15 362 21 15 363 30 8 363 51 12 364 20 1 364 46 20 365 11 16 366 24 7 366 74 17 367 73 6 368 49 15 369 72 4 370 67 13 371 26 11 371 70 3 373 74 11 374 45 4 375 95 30 376 16 18 376 20 22 380 10 23 380 36 23 382 30 20 383 57 17 385 18 15 385 27 2 385 76 31 385 97 22 386 27 28 386 44 26 387 33 0 387 52 8 390 4 28 390 17 16 390 44 5 390 46 7 393 19 16 396 57 20 397 6 20 397 79 13 398 0 22 398 23 20 399 88 2 402 95 31 404 22 4 404 97 11 404 99 2 407 41 0 408 73 3 410 76 0 411 77 27 412 39 5 414 67 12 416 18 14 417 32 4 418 64 11 419 5 23 419 22 11 419 88 17 419 93 15 420 100 11 421 18 23 421 59 8 421 99 28 422 42 18 424 7 17 424 53 21 425 24 3 425 94 3 426 3 4 426 45 21 427 18 23 427 43 19 427 99 19 429 33 0 430 21 19 433 56 15 434 63 28 434 79 26 438 81 31 439 12 3 439 67 12 441 34 14 443 69 16 443 90 8 446 81 5 450 5 27 452 87 27 453 2 30 456 91 10 458 14 3 458 21 2 460 4 6 461 16 6 461 76 2 461 89 4 462 14 1 462 14 27 464 49 29 464 91 13 466 46 27 466 75 26 467 19 4 468 93 21 472 30 14 472 60 12 474 72 4 475 73 7 479 2 25 479 74 14 480 18 10 480 65 9 481 42 21 481 56 8 482 56 25 484 73 11 485 61 24 485 63 26 486 86 10 486 100 24 487 39 28 488 97 10 488 98 4 489 83 2 489 99 14 491 18 0 493 54 28 494 30 17 496 56 15 496 58 13 499 17 18 500 48 3 501 42 26 502 19 12 502 34 25 503 7 30 503 29 15 505 79 11 507 2 16 507 33 18 508 15 27 510 56 19 513 80 16 514 68 19 515 58 4 515 94 14 518 23 31 519 6 21 519 21 17 519 37 30 519 58 31 519 62 30 520 45 7 525 76 26 526 35 8 526 45 12 526 76 25 529 64 24 533 99 16 535 60 10 537 2 18 537 84 10 538 65 18 540 87 29 541 25 11 542 78 10 542 89 12 544 46 9 544 81 4 545 20 15 545 66 13 546 18 24 546 90 30 547 64 14 549 81 26 549 82 17 550 55 6 551 34 1 557 38 9 559 11 15 560 94 11 561 91 23 562 46 22 564 32 0 564 39 9 564 56 30 565 11 29 565 92 8 567 85 24 568 0 26 570 75 22 570 87 27 573 20 20 573 92 9 574 0 22 574 49 31 575 98 7 578 75 13 579 23 26 580 28 1 581 90 9 582 27 26 582 31 29 583 16 12 583 29 26 585 8 14 586 21 12 586 41 25 589 46 2 589 87 15 591 72 31 591 78 20 592 5 1 592 42 7 594 46 17 594 73 14 595 63 9 597 46 19 597 73 22 598 68 18 600 21 4 601 66 24 602 35 8 602 81 3 603 54 8 604 30 5 605 79 13 606 3 15 606 71 22 607 81 25 608 8 30 609 65 25 610 84 11 610 92 30 612 54 23 612 60 11 612 77 19 613 9 18 614 49 18 614 78 6 615 29 18 615 32 4 617 37 24 619 2 3 619 58 17 619 100 13 620 10 26 620 55 21 621 6 18 622 3 21 622 6 25 623 61 10 625 90 23 626 70 18 627 89 24 630 85 24 633 65 5 633 95 29 634 11 12 636 21 10 636 93 14 637 10 25 637 12 23 637 70 6 638 42 31 638 90 19 639 76 14 641 13 5 642 32 3 642 94 9 643 56 8 645 40 17 645 67 21 645 95 19 646 0 29 646 30 7 649 21 22 649 69 16 649 95 1 650 74 24 652 52 13 654 64 20 654 71 29 654 87 23 657 67 22 658 21 25 658 32 6 659 13 1 659 20 29 661 40 18 661 61 10 664 33 19 664 35 1 667 81 9 668 2 15 668 28 4 668 68 12 669 69 4 670 57 22 670 93 10 672 16 28 672 82 12 675 93 8 676 85 16 677 54 1 678 43 16 679 72 15 681 48 30 681 99 20 682 2 16 683 18 25 683 97 10 683 98 28 684 85 14 686 22 10 686 36 18 688 34 12 691 93 16 692 23 21 695 1 10 696 19 1 699 77 27 702 53 22 703 35 13 704 12 25 705 2 16 705 93 30 706 26 9 709 94 2 711 78 17 712 28 28 714 24 31 715 74 4 715 94 25 716 71 16 718 94 21 719 66 17 722 23 13 722 36 2 722 51 24 722 72 30 724 53 25 726 6 26 727 35 12 727 69 25 728 1 4 728 29 4 729 86 6 730 16 18 731 30 9 733 15 4 733 39 16 734 31 16 735 5 21 737 98 28 738 0 27 739 65 11 739 78 14 740 44 17 740 64 18 741 10 24 741 45 27 742 9 20 742 18 22 742 96 11 743 78 24 744 47 13 747 20 30 747 89 30 747 91 16 748 63 30 750 0 27 750 21 3 751 34 2 753 8 14 754 46 30 754 56 11 754 95 23 758 25 17 760 15 18 761 30 4 761 84 29 761 97 26 763 3 20 764 26 5 766 39 17 768 26 27 769 18 23 774 66 3 775 68 30 777 34 24 779 20 24 779 37 24 780 20 12 780 79 17 781 59 21 783 20 21 783 36 7 784 2 6 785 42 18 785 70 11 785 92 17 788 69 9 790 42 19 790 53 19 790 60 10 790 86 22 791 77 23 793 2 26 794 37 30 794 52 0 794 65 2 794 96 9 797 28 15 797 77 26 798 16 7 798 62 22 799 10 5 799 65 29 800 29 15 800 44 24 800 89 17 801 52 13 802 4 31 802 13 16 802 98 12 803 37 11 806 62 20 809 33 6 811 14 9 811 91 16 811 98 2 815 31 12 815 49 22 815 71 4 816 93 1 818 98 19 819 31 31 819 51 23 819 70 8 820 44 4 822 20 24 823 65 10 823 94 12 824 48 12 828 30 18 829 92 27 830 77 25 830 85 6 830 89 5 832 62 0 832 65 21 832 88 8 833 36 7 833 45 19 833 85 3 835 11 26 835 62 31 836 27 11 837 85 29 838 21 1 838 36 24 838 64 25 842 49 24 846 21 19 846 42 30 848 74 16 849 32 11 849 37 13 850 29 25 850 56 29 850 100 26 851 72 22 852 18 22 853 64 25 853 73 27 853 83 3 858 0 26 858 38 26 860 8 14 860 98 22 861 49 4 861 51 21 862 86 5 864 39 11 864 48 18 866 15 10 866 32 15 867 36 13 868 80 21 870 90 8 871 6 20 871 61 25 871 93 23 875 98 7 878 9 22 878 78 20 880 31 5 882 91 31 883 20 6 885 76 1 886 44 17 887 17 0 887 17 30 888 40 21 891 0 2 892 100 3 895 65 9 895 67 23 897 63 14 899 52 9 900 34 4 900 90 29 902 27 6 906 19 19 907 46 5 908 66 18 911 17 19 912 65 20 913 0 11 914 58 6 915 16 21 915 71 31 918 3 0 918 65 1 919 30 2 919 86 24 922 0 27 922 50 22 925 53 9 928 3 0 928 12 4 928 27 30 928 54 16 929 29 1 930 12 7 932 55 5 932 84 21 933 86 27 934 90 22 936 0 20 938 47 25 938 76 18 941 40 27 942 32 19 946 0 20 947 71 25 947 90 20 948 48 18 948 71 12 949 77 3 949 84 27 950 61 17 950 79 15 950 88 2 950 99 14 950 99 31 956 39 18 958 38 6 958 100 13 960 37 9 960 89 12 961 49 23 961 78 6 963 55 5 965 80 27 965 81 25 966 40 15 966 59 31 970 45 26 970 63 12 973 86 31 975 48 25 976 96 22 977 33 29 977 40 24 977 94 0 979 61 13 980 38 31 981 83 16 981 87 2 982 16 1 983 1 28 983 12 25 983 74 0 983 78 22 985 98 4 986 17 11 987 3 22 988 45 5 988 54 29 988 81 25 988 96 3 989 46 24 990 69 26 993 83 12 994 17 30 996 20 7 997 43 30 997 58 3 998 77 21 999 44 18 1000 41 13 1005 99 8 1006 44 2 1006 49 8 1007 69 15 1007 82 3 1009 59 11 1009 67 27 1010 89 15 1011 28 9 1011 65 2 1012 20 28 1012 39 30 1012 78 8 1013 67 13 1013 79 12 1014 78 4 1016 42 16 1016 66 14 1019 19 0 1020 14 28 1020 36 16 1022 23 15 1022 28 14 1022 63 20 1023 17 19 1028 34 7 1028 35 17 1028 56 16 1029 66 7 1029 79 27 1030 8 9 1030 48 10 1031 78 29 1032 64 27 1034 86 27 1034 95 20 1035 58 24 1035 82 5 1040 84 30 1042 44 11 1044 66 20 1044 97 18 1045 16 15 1045 93 26 1046 57 2 1046 75 6 1047 94 25 1048 37 21 1048 41 8 1051 57 16 1051 77 21 1051 82 0 1054 66 24 1054 93 4 1055 24 28 1055 78 6 1056 38 17 1056 90 31 1057 23 5 1061 18 4 1062 78 1 1064 28 23 1064 34 0 1065 27 18 1066 6 17 1066 20 31 1066 51 16 1067 45 1 1067 72 2 1068 49 7 1070 56 19 1071 7 20 1073 9 8 1074 80 2 1075 4 24 1076 79 16 1076 81 26 1076 92 16 1077 20 3 1078 27 1 1079 21 9 1079 68 11 1080 32 2 1080 47 19 1081 34 13 1081 91 21 1083 6 30 1083 76 21 1084 90 24 1087 26 15 1088 91 1 1089 3 29 1089 44 24 1090 28 1 1090 30 1 1092 29 30 1096 11 4 1096 79 4 1097 2 22 1097 56 9 1098 38 17 1098 59 23 1099 68 28 1100 43 29 1102 53 12 1106 20 18 1108 33 16 1109 2 3 1109 30 9 1110 85 19 1113 49 4 1114 94 3 1115 67 25 1116 0 23 1118 7 30 1119 12 3 1119 37 11 1121 22 29 1122 61 18 1124 47 29 1125 16 8 1127 22 15 1127 25 31 1128 21 2 1129 16 28 1129 30 11 1129 31 12 1129 93 14 1132 3 10 1133 46 12 1135 95 19 1139 33 18 1139 47 8 1141 2 12 1141 92 11 1142 47 29 1142 49 6 1144 81 2 1145 13 20 1145 93 18 1146 64 15 1147 72 19 1149 67 2 1153 5 13 1154 15 12 1155 9 24 1155 51 12 1156 75 7 1157 48 25 1157 78 30 1158 0 9 1161 63 26 1161 67 3 1162 87 0 1162 99 6 1164 60 30 1166 64 20 1166 96 19 1168 15 6 1169 65 22 1169 99 10 1170 41 0 1170 48 4 1171 55 9 1175 3 21 1175 5 25 1175 66 13 1175 81 31
242 1069 0.0003 72 63 10 73 98 17 75 94 0 76 10 21 76 96 0 77 24 15 77 45 17 77 89 8 78 77 13 81 21 5 81 85 29 83 46 22 84 67 23 85 91 11 86 98 2 87 2 25 88 53 3 88 57 20 92 66 18 93 0 4 93 91 6 94 59 27 98 13 15 99 9 25 100 33 2 100 96 1 101 88 20 104 4 8 104 18 28 108 98 17 110 32 24 111 36 8 111 57 3 112 52 9 113 89 11 114 70 4 116 63 25 117 17 0 118 30 0 118 93 16 120 2 10 120 77 1 122 62 12 122 94 6 123 39 7 124 74 26 125 2 4 125 29 5 126 67 8 127 4 25 130 27 25 130 62 21 132 12 12 132 16 7 132 65 2 133 30 30 134 75 14 135 4 20 137 29 27 137 32 25 138 44 2 138 67 28 139 9 13 139 83 13 142 84 12 144 36 30 144 70 21 146 19 22 147 1 25 147 61 26 148 95 24 151 82 3 152 75 3 154 51 24 155 89 30 157 68 23 158 21 13 160 24 18 160 36 12 161 64 17 162 15 9 163 8 14 163 21 5 163 22 30 163 62 8 163 79 22 165 6 25 169 49 6 171 19 3 172 77 25 173 69 6 173 97 14 174 22 4 174 36 29 175 62 2 178 99 16 179 60 5 179 93 12 179 94 4 179 98 0 180 83 24 181 6 27 183 67 31 184 77 27 185 22 31 185 90 8 187 18 20 187 39 24 188 9 27 188 18 7 188 85 12 189 3 0 191 8 25 191 50 5 193 69 3 195 21 4 195 80 8 196 4 27 196 56 15 198 35 3 200 96 4 201 72 15 202 24 15 203 60 20 203 69 17 205 51 18 205 84 18 206 20 21 207 97 1 211 6 28 211 39 1 211 82 30 213 65 3 214 51 24 214 84 12 215 52 24 215 96 16 216 33 6 217 26 9 219 25 28 219 64 2 220 92 17 221 25 11 221 25 15 222 60 8 223 78 27 225 41 6 226 48 26 226 79 6 226 79 11 228 85 16 228 96 18 228 100 8 230 31 29 231 68 21 231 92 15 231 93 1 233 93 17 234 33 8 234 55 27 235 78 8 237 35 6 238 53 22 240 57 23 241 7 0 241 69 17 242 74 21 243 34 12 244 49 15 244 52 7 244 87 12 245 56 11 245 73 24 248 56 19 248 81 30 249 38 18 249 82 29 250 1 6 250 1 11 253 63 28 255 72 17 258 42 4 259 65 2 259 90 24 260 12 0 261 51 17 262 63 25 264 67 21 266 65 23 267 2 5 268 48 13 270 16 10 271 88 22 272 38 14 272 58 22 276 75 9 278 94 29 280 29 22 281 52 11 281 69 8 283 57 29 283 69 30 284 15 26 286 32 15 287 72 4 288 6 4 288 99 28 291 32 8 291 47 16 292 15 19 294 12 13 294 83 7 295 36 19 297 48 30 297 75 14 298 51 7 299 82 25 300 9 2 300 45 7 302 12 31 303 73 9 305 12 11 306 42 26 306 60 1 306 65 9 307 33 23 308 55 10 308 77 6 308 84 16 309 53 12 311 50 2 313 10 10 313 37 7 313 64 26 316 11 27 316 66 12 319 63 17 320 37 29 320 91 11 321 0 21 321 10 13 321 76 13 322 32 22 322 75 11 324 8 7 325 44 8 326 98 4 327 54 12 331 47 28 332 26 8 333 73 28 336 49 6 338 5 13 338 91 18 339 85 26 340 51 3 341 100 18 342 34 5 342 70 25 342 87 28 343 8 31 343 40 2 344 51 8 344 65 12 351 38 20 354 65 5 355 13 28 355 87 23 356 22 13 357 4 11 357 98 12 360 81 27 361 13 26 361 76 19 363 53 8 363 90 29 365 39 14 366 98 15 367 59 20 368 57 9 369 9 14 370 51 25 373 50 23 374 80 10 375 57 1 375 89 6 376 20 15 376 51 27 380 54 30 380 86 28 381 94 8 382 66 22 382 93 1 383 58 4 383 65 4 385 48 26 386 15 19 386 20 9 387 28 29 387 86 28 388 39 9 388 49 7 391 11 24 393 15 31 393 51 30 393 69 6 393 72 3 394 12 10 394 19 30 394 79 24 396 89 19 396 98 15 397 19 18 397 43 14 397 64 6 398 3 21 399 41 16 400 48 19 402 1 30 402 42 4 403 91 7 403 94 23 404 28 21 405 80 6 405 96 2 408 25 10 409 90 25 410 35 16 410 100 8 411 28 27 411 48 19 412 16 27 412 20 21 413 61 30 415 33 30 415 93 21 417 34 22 417 50 22 420 92 18 421 14 3 421 60 19 421 72 17 422 30 13 423 1 1 423 17 15 423 26 20 423 60 27 426 30 28 426 41 18 426 41 23 427 43 8 428 40 23 428 45 29 428 70 29 430 53 16 430 82 22 432 39 11 432 86 18 434 20 10 435 74 21 435 81 1 435 87 16 438 3 8 442 21 22 443 1 1 445 29 18 445 41 2 447 29 4 450 39 12 451 45 15 451 72 27 455 87 18 456 4 6 457 63 2 459 2 14 459 13 27 459 94 14 460 76 17 460 92 2 461 97 17 462 98 12 463 44 21 463 59 22 463 80 31 464 45 28 465 24 29 465 26 7 465 88 5 466 12 20 466 16 17 470 14 22 470 18 17 471 71 24 473 72 3 474 82 28 476 32 0 477 33 0 477 45 1 477 45 19 477 56 23 478 66 14 478 92 22 480 78 16 482 27 16 482 52 8 483 16 12 483 99 8 484 71 6 485 22 22 487 1 28 487 21 28 488 36 28 488 38 17 489 25 2 491 60 10 492 45 24 492 52 31 492 76 6 493 77 14 497 59 31 499 95 15 500 58 12 501 27 4 502 40 3 505 40 2 505 73 9 505 75 18 507 66 14 507 97 0 508 4 2 510 21 10 511 25 0 512 13 7 512 38 3 513 92 20 515 52 22 515 67 26 516 6 16 516 58 20 519 86 28 521 70 5 521 87 17 522 47 0 524 17 29 524 23 1 526 86 19 527 47 12 527 78 31 528 32 6 529 1 10 529 8 30 529 78 14 530 92 14 532 55 18 533 25 26 533 77 18 535 57 22 536 15 19 537 6 8 539 50 21 541 45 16 542 25 23 543 98 27 544 3 12 547 19 22 547 41 31 550 19 3 550 53 28 553 14 8 553 38 7 555 83 28 556 5 9 557 41 15 557 44 8 558 36 19 558 72 0 559 23 31 560 38 1 564 86 12 565 70 9 567 21 16 567 34 4 568 12 4 569 60 4 569 81 20 569 93 1 571 4 7 572 48 15 572 63 27 573 17 14 574 14 9 574 25 10 574 96 1 575 54 17 577 37 23 578 97 3 583 6 11 584 18 12 584 26 24 585 16 13 585 72 23 586 82 0 587 26 26 589 27 25 590 80 31 590 89 20 591 14 7 591 49 9 592 90 24 595 26 27 595 73 1 595 89 12 596 11 19 596 17 9 596 71 11 598 3 3 598 92 13 600 0 16 600 39 7 601 70 9 604 74 10 604 78 11 605 17 8 605 95 0 606 21 15 606 36 19 607 32 28 608 54 30 609 74 6 609 89 8 613 65 17 615 39 29 618 30 18 620 35 25 620 80 10 622 55 3 622 68 11 623 68 17 623 99 8 626 8 5 626 33 24 626 44 5 627 21 26 628 87 9 629 3 31 630 1 28 630 58 0 631 83 16 633 57 27 635 25 13 636 60 9 636 88 22 638 99 2 640 59 31 644 33 11 645 18 5 645 56 24 646 55 9 646 90 14 647 10 23 648 28 29 648 43 12 649 19 11 649 26 19 649 26 31 649 61 13 650 38 30 651 58 12 651 66 15 651 98 28 653 44 4 653 89 27 654 34 13 654 59 18 656 30 22 657 15 14 659 44 9 660 43 31 661 86 14 661 95 6 662 53 9 662 74 26 662 86 16 665 89 2 666 0 25 666 46 5 666 80 6 666 84 14 667 88 19 670 48 14 671 98 15 672 22 30 673 59 9 674 35 18 675 65 12 678 62 20 679 97 21 680 52 4 684 55 19 685 67 3 686 33 7 687 80 6 687 80 10 688 38 24 689 22 30 690 70 19 691 3 2 692 34 19 693 71 10 696 74 23 698 57 26 698 91 25 700 79 2 704 1 31 705 85 6 706 8 28 710 36 21 712 43 20 715 87 9 717 3 26 717 17 1 719 33 11 719 61 10 719 91 22 721 53 30 722 13 8 722 29 16 723 8 20 723 13 13 723 44 12 725 5 26 725 97 0 726 7 0 726 23 1 727 34 19 727 50 29 730 35 30 731 46 16 733 57 4 733 68 5 733 92 2 734 48 21 737 58 2 737 100 12 739 31 30 741 6 20 741 38 27 742 13 18 742 45 4 742 52 22 743 77 8 748 12 16 748 39 14 749 41 12 750 69 22 751 37 2 755 43 2 758 52 28 758 53 18 759 45 0 760 11 13 760 58 10 760 93 12 762 53 1 764 54 18 765 31 30 766 66 9 768 24 12 769 10 26 770 2 1 771 28 19 771 44 11 773 14 17 774 73 3 775 92 31 777 24 22 778 33 17 778 36 23 779 18 9 780 2 28 780 88 28 781 52 4 783 4 28 783 6 29 783 74 1 785 23 28 785 81 26 786 52 3 786 54 21 786 85 20 787 31 16 788 45 13 788 89 2 790 22 21 791 10 24 792 94 25 793 70 17 796 81 28 797 34 26 798 39 17 799 84 5 802 33 13 802 48 8 804 36 17 804 82 29 807 61 28 807 63 5 809 47 28 810 8 15 813 95 9 814 4 1 814 40 31 816 68 29 816 89 12 820 87 5 821 21 20 822 25 13 823 41 21 824 36 2 824 67 19 824 90 24 825 63 30 825 72 20 827 29 25 829 33 7 831 10 10 831 92 6 832 25 20 832 53 17 834 10 22 835 21 31 837 52 12 840 4 8 840 100 10 842 33 13 843 8 25 843 35 21 844 32 3 845 30 7 845 33 22 848 31 16 848 94 29 850 93 18 852 32 10 853 3 2 857 15 7 857 69 10 858 89 0 859 24 27 859 58 30 860 18 8 860 50 9 861 37 20 863 16 6 863 21 16 863 32 14 864 21 21 868 17 20 870 25 12 870 69 2 871 8 8 871 21 26 871 52 13 871 85 7 872 88 24 873 69 11 874 43 28 875 9 29 876 87 3 878 39 6 879 13 18 880 7 20 880 45 26 880 94 13 883 13 11 885 49 27 886 18 2 887 84 25 890 62 19 892 76 14 894 62 28 895 52 10 896 61 23 897 4 3 897 57 4 897 65 7 898 63 1 899 10 20 899 46 17 902 87 10 902 93 13 903 39 25 904 9 1 904 51 11 904 61 14 905 83 25 906 68 15 907 21 8 908 2 16 909 0 1 909 70 25 909 80 14 911 58 12 912 48 1 913 16 30 913 75 27 913 93 12 914 32 29 914 46 27 915 75 7 916 27 3 917 8 25 917 27 22 919 40 3 920 2 0 920 24 3 921 80 13 921 88 20 922 73 7 922 99 5 923 40 21 924 66 31 924 71 16 924 93 17 925 74 8 926 63 25 927 9 21 928 3 8 929 66 12 931 7 2 931 15 21 933 10 1 934 3 8 934 24 4 934 73 29 935 6 29 935 20 7 935 37 27 936 31 16 936 31 26 936 56 1 938 4 5 939 13 10 939 50 5 941 26 29 941 77 20 942 18 13 942 46 10 942 88 18 944 21 6 944 32 10 944 72 27 947 10 14 949 67 2 950 25 28 951 0 19 951 31 7 953 44 5 954 13 11 954 97 9 955 26 2 955 93 9 958 98 12 959 22 3 959 29 2 960 22 0 960 42 18 960 55 15 960 68 17 961 23 11 962 69 7 962 92 17 963 23 15 963 82 10 964 18 11 965 74 18 968 24 11 968 46 26 970 27 14 970 41 17 970 50 3 971 76 30 971 94 1 972 16 28 972 34 26 973 6 10 974 17 30 974 43 30 974 46 22 975 14 23 975 95 0 976 18 23 976 27 20 976 59 15 981 60 3 983 79 23 987 87 5 987 90 10 987 91 21 989 5 29 989 58 6 990 7 16 993 59 30 993 89 12 993 98 7 996 31 16 996 32 22 999 6 0 1000 47 22 1001 54 12 1001 98 11 1002 100 20 1003 2 23 1005 14 26 1006 2 17 1006 68 10 1007 52 4 1007 94 18 1008 41 18 1008 69 19 1010 81 9 1012 0 11 1012 34 28 1012 62 11 1012 96 0 1014 58 17 1014 70 14 1015 44 13 1016 28 5 1017 79 17 1018 81 7 1019 67 5 1019 87 25 1021 46 27 1021 61 24 1024 61 1 1025 56 13 1025 59 0 1025 73 15 1025 90 20 1026 54 15 1027 63 2 1029 72 13 1029 80 19 1030 54 26 1034 10 25 1035 38 0 1037 19 10 1038 48 22 1040 55 11 1040 70 2 1040 91 3 1041 2 15 1041 23 28 1041 78 15 1042 60 5 1044 63 1 1047 37 18 1048 57 4 1050 42 30 1053 79 20 1054 8 15 1055 37 0 1056 16 1 1059 16 14 1060 43 16 1061 3 23 1061 64 18 1063 55 30 1065 16 15 1066 21 31 1067 24 29 1069 78 26 1069 90 18 1070 33 16 1070 37 16 1072 28 26 1072 49 21 1072 85 31 1075 2 21 1075 93 2 1077 4 19 1077 72 15 1082 55 21 1082 71 1 1083 22 9 1083 46 9 1084 37 29 1084 70 29 1085 70 1 1087 100 14 1089 26 0 1090 70 22 1092 84 30 1094 1 4 1095 46 30 1096 24 27 1096 98 9 1099 21 12 1099 46 6 1100 96 3 1101 32 16 1102 12 2 1102 53 26 1102 96 29 1103 78 23 1109 53 8 1110 26 8 1111 20 20 1113 68 7 1113 78 7 1113 98 6 1114 59 3 1115 74 4 1115 98 6 1117 67 4 1118 10 0 1120 19 25 1121 83 15 1122 28 12 1122 87 25 1124 69 30 1126 90 31 1127 13 30 1127 26 26 1127 96 11 1128 6 28 1128 37 26 1129 93 16 1130 78 31 1131 32 2 1131 86 27 1133 67 10 1135 19 29 1135 69 0 1136 15 8 1136 88 27 1138 22 5 1141 5 24 1141 15 22 1142 30 18 1143 25 10 1145 31 0 1148 32 28 1149 59 22 1150 38 21 1152 10 15 1153 58 3 1154 98 8 1156 16 24 1156 25 2 1158 13 13 1158 36 29 1158 82 10 1158 91 21 1160 24 0 1160 24 2 1160 49 26 1160 89 18 1164 4 22 1164 64 31 1165 8 3 1166 40 29 1169 55 2 1172 79 30 1174 53 25 1174 59 18 1174 60 7 1175 37 31
243 1069 0.0003 73 30 26 74 19 31 74 100 4 75 11 18 75 73 17 77 31 12 77 82 8 79 29 12 80 52 0 81 19 21 81 73 19 87 36 24 88 6 12 88 65 19 89 96 26 90 2 11 90 91 6 92 73 25 93 66 5 96 74 3 100 5 5 103 25 12 104 6 4 106 41 30 106 91 7 107 27 26 107 47 11 109 4 1 109 100 4 112 6 20 112 75 9 113 87 3 114 8 16 116 30 10 120 18 4 120 74 28 121 68 12 123 59 25 123 84 19 126 42 18 128 36 0 128 48 19 128 64 24 129 66 31 130 5 27 131 48 20 133 82 31 135 5 23 135 13 15 135 66 14 135 82 3 136 9 28 136 22 24 136 44 30 138 93 28 140 60 20 144 72 10 144 96 8 148 37 6 150 33 24 151 29 27 151 32 3 153 71 4 153 92 25 155 15 1 155 48 30 155 68 6 157 40 12 158 34 6 160 12 28 160 36 26 162 58 24 163 43 4 163 65 0 166 32 22 167 96 23 170 74 14 170 93 2 172 10 21 173 51 17 174 94 30 175 39 30 176 14 13 178 2 27 178 33 1 179 84 31 180 47 1 180 56 27 181 39 30 183 98 20 184 27 22 185 36 29 187 18 23 187 73 23 187 76 21 187 80 6 189 27 6 194 0 23 195 0 20 195 83 7 195 87 24 197 60 20 198 21 18 199 32 25 203 9 25 203 93 0 204 27 20 205 96 17 205 97 21 206 0 15 206 62 1 207 25 6 208 47 0 208 49 13 210 7 8 211 38 12 212 92 6 213 8 24 215 10 13 215 99 17 216 26 23 218 96 16 221 48 15 222 86 28 223 94 27 226 53 6 227 4 21 227 32 16 227 65 17 231 21 17 231 42 19 235 58 16 235 60 21 237 56 25 238 49 4 238 56 28 239 70 6 241 93 22 243 81 8 244 7 4 244 8 30 244 62 26 245 63 31 246 52 20 246 68 12 247 44 17 247 47 14 247 48 16 247 54 28 250 45 14 252 11 31 253 13 29 257 62 9 258 94 19 259 38 11 259 79 2 261 25 28 265 91 25 266 72 12 268 30 31 269 24 7 269 28 24 269 75 26 273 60 28 276 8 2 276 43 10 278 29 14 280 98 21 281 65 19 281 69 1 283 84 0 284 23 2 285 79 15 287 1 22 288 38 17 289 45 9 289 71 30 290 70 1 294 3 19 298 14 4 298 53 28 299 11 8 299 100 31 300 18 1 300 61 17 303 27 14 304 88 22 304 90 1 305 19 29 305 91 5 307 20 8 307 31 20 308 17 22 310 41 23 314 70 2 315 51 21 315 88 1 318 92 20 320 96 12 321 23 13 321 95 14 323 66 8 324 67 0 324 70 28 325 13 16 326 34 4 326 59 19 327 0 29 327 40 0 328 27 30 329 23 27 330 95 2 331 35 11 333 84 26 333 91 12 334 51 12 334 77 23 334 89 7 337 47 28 338 15 23 338 18 6 339 11 23 339 39 15 340 6 22 342 89 31 343 30 21 345 4 5 346 20 5 346 84 15 347 11 28 347 48 24 347 83 16 347 91 27 348 44 3 349 81 22 350 18 8 350 34 24 350 34 31 350 60 10 350 61 24 351 54 27 352 0 31 352 42 17 353 43 15 357 41 27 360 16 30 360 58 11 361 14 11 362 52 4 363 18 31 363 35 29 363 49 12 365 62 20 365 75 19 366 79 25 367 44 2 368 72 10 369 4 14 369 71 22 370 65 5 370 92 3 371 66 9 372 12 19 372 14 21 372 69 15 373 100 28 376 49 23 376 71 16 377 47 14 377 81 21 379 85 16 380 1 5 380 4 12 381 0 3 381 41 31 382 95 31 384 27 2 385 96 5 387 15 15 388 82 3 388 90 2 392 1 9 392 2 9 392 57 27 394 12 25 395 49 20 395 86 2 397 24 17 397 85 12 398 49 6 399 49 26 400 39 7 402 88 26 406 1 4 406 26 17 407 37 23 411 93 27 412 7 31 412 13 15 414 60 30 416 23 17 417 44 15 417 94 25 418 6 2 418 29 25 418 68 22 418 68 30 418 79 10 419 77 30 419 92 26 422 14 27 422 92 13 423 57 6 424 83 2 425 15 22 427 20 21 427 67 25 428 16 12 429 1 22 429 24 11 429 58 1 429 83 20 431 15 0 431 43 13 431 51 17 434 71 29 436 20 31 436 95 16 436 100 27 439 48 0 440 19 3 440 99 1 441 5 18 442 4 2 442 69 16 442 74 6 442 89 11 443 67 2 444 81 17 444 95 23 449 7 8 449 22 1 449 81 8 449 88 18 454 43 24 454 72 6 455 71 10 455 75 9 457 22 8 457 68 31 458 5 1 458 72 22 459 11 10 460 33 15 461 57 9 463 54 16 463 90 26 464 11 26 465 31 30 465 40 17 466 40 29 467 55 22 468 12 27 468 27 17 469 32 4 469 100 5 471 15 3 471 56 5 472 36 27 472 57 11 475 31 26 476 32 18 477 42 26 477 63 28 477 87 1 478 19 20 478 32 25 479 98 23 480 60 18 481 11 21 481 54 5 484 32 28 486 35 29 487 45 14 487 85 11 488 7 31 490 97 17 491 61 31 492 30 15 492 79 24 494 30 25 495 15 18 495 43 23 497 37 28 497 72 20 497 93 29 498 66 28 499 43 8 500 17 27 500 33 20 500 43 15 501 14 6 501 48 21 504 9 8 504 12 6 506 67 25 507 1 26 509 66 5 512 24 17 513 48 24 516 61 20 516 80 13 517 88 4 518 83 31 520 5 10 520 24 4 520 38 5 522 71 9 522 84 26 522 89 29 524 100 5 526 2 8 526 24 22 527 1 6 528 41 25 528 65 19 529 28 19 529 87 3 529 89 26 530 40 22 531 80 11 532 1 26 532 61 28 533 2 18 533 11 11 533 33 2 533 82 5 535 62 24 538 95 18 540 66 26 540 75 19 541 27 14 541 89 19 542 47 9 543 87 13 546 84 27 546 99 29 547 31 8 548 5 14 548 72 30 549 2 28 550 45 1 551 28 25 552 10 2 552 16 8 552 83 3 553 9 10 555 28 19 555 34 26 556 5 19 558 3 16 558 65 10 559 61 12 563 55 0 565 54 7 565 97 5 568 4 11 568 69 19 569 17 22 570 23 23 570 24 26 570 39 2 573 95 2 574 15 28 574 57 20 578 33 15 579 72 8 580 77 21 581 8 28 581 58 31 581 93 28 583 80 23 585 2 26 586 32 9 587 11 27 587 88 17 590 27 9 591 44 17 592 1 5 592 47 4 593 66 21 593 93 29 594 35 2 595 46 6 596 99 29 597 15 24 599 49 22 600 79 10 601 28 0 601 45 23 601 74 1 603 30 16 605 6 14 607 12 17 607 34 26 607 38 22 612 27 6 612 69 5 614 19 5 614 59 14 615 35 9 616 60 23 616 82 25 617 72 6 618 24 19 619 23 9 619 61 24 619 65 29 619 90 31 621 41 4 621 47 18 623 0 21 623 12 10 624 49 30 624 83 14 626 25 9 627 2 28 627 38 16 629 94 18 632 33 13 634 27 14 634 61 1 635 34 29 635 50 1 636 69 29 636 95 16 637 29 28 638 20 0 638 97 30 639 32 9 640 41 25 640 71 0 640 78 20 640 81 6 641 7 8 642 93 3 643 8 9 643 23 7 643 39 29 644 61 28 645 34 19 646 53 13 650 30 8 652 39 16 652 74 31 653 2 15 655 72 4 655 86 13 656 29 17 656 96 26 657 8 15 657 47 17 659 39 28 659 88 11 660 27 27 660 34 19 660 78 8 661 29 15 661 34 12 662 65 15 667 42 5 671 30 5 674 91 14 675 6 31 675 35 4 675 99 9 676 100 24 679 25 28 679 97 11 680 3 8 681 71 26 684 15 1 684 33 13 685 77 30 686 24 5 686 28 11 686 34 27 687 78 6 689 47 11 690 78 20 691 5 0 691 76 30 692 60 10 694 31 31 694 67 22 695 22 6 695 47 20 696 8 12 696 76 27 697 1 13 697 45 23 698 29 19 698 65 17 699 90 12 701 91 3 706 65 17 706 91 9 711 27 27 711 62 5 711 68 28 713 2 25 713 11 7 713 49 14 713 82 30 714 54 13 714 88 17 715 56 21 716 17 9 717 2 0 718 93 9 722 73 17 723 11 0 724 17 3 724 44 4 724 64 20 725 56 21 725 97 12 726 66 31 729 53 27 729 62 2 729 97 18 730 36 18 732 3 20 732 71 18 733 31 25 733 62 29 734 14 24 735 90 25 738 45 12 739 7 2 739 30 18 740 52 18 741 100 15 742 93 5 746 5 11 748 7 1 752 62 25 755 37 23 756 65 23 756 86 20 757 19 21 757 81 11 758 27 0 759 47 21 761 28 17 761 41 8 761 59 5 761 85 29 762 80 30 763 72 27 763 92 9 764 15 22 769 34 14 769 44 23 769 99 6 772 36 25 772 86 6 772 86 13 774 66 26 775 71 11 778 14 25 778 65 7 779 27 17 779 46 9 781 23 7 781 29 15 781 48 24 781 52 6 782 98 14 784 4 4 785 92 1 786 52 23 786 100 5 787 87 12 788 37 13 789 15 21 789 36 16 790 15 10 790 98 29 792 67 26 792 100 10 793 0 10 793 53 19 793 54 3 794 3 15 794 39 12 794 66 25 795 72 25 798 85 25 802 88 7 810 16 2 810 98 5 811 60 10 811 96 22 812 13 16 812 97 11 813 25 28 814 15 30 816 54 30 817 13 5 817 75 30 819 10 8 819 28 11 820 91 16 821 9 27 821 42 14 821 92 4 822 8 5 823 65 7 824 3 18 824 69 4 826 47 9 827 93 15 827 94 22 829 17 16 830 46 27 831 20 18 833 72 8 835 62 14 836 43 15 836 93 31 838 58 24 840 61 19 841 35 28 841 41 13 842 37 18 842 92 15 843 66 30 845 89 11 847 98 27 848 99 27 849 20 6 850 79 25 850 97 19 851 57 22 852 21 21 853 37 5 855 100 12 856 96 26 857 47 18 858 35 2 860 33 17 862 33 8 862 85 28 864 10 21 865 51 23 866 99 31 867 40 7 868 36 13 870 29 7 871 37 14 871 83 5 874 0 16 874 97 13 875 4 22 875 25 12 875 72 2 876 19 10 876 52 13 876 94 15 880 42 7 880 49 28 881 26 6 881 80 6 884 2 10 886 33 11 886 51 21 886 97 20 888 32 18 889 29 25 890 0 4 890 85 8 891 51 27 892 36 23 893 5 31 894 87 18 895 69 9 896 47 19 896 69 19 897 36 26 897 59 1 898 79 26 899 62 15 899 70 31 899 93 23 901 52 13 901 57 2 902 4 28 905 31 11 907 65 11 908 52 9 909 63 10 910 0 31 912 74 9 913 99 25 914 89 25 915 65 11 916 22 18 918 18 23 919 83 5 920 2 18 921 44 4 921 68 4 921 70 27 923 18 2 927 93 16 928 80 23 928 82 30 928 83 20 929 33 2 930 32 3 932 39 0 934 7 15 934 38 5 935 75 0 936 46 3 936 91 28 939 26 9 939 76 8 940 51 20 940 54 16 940 65 2 940 73 17 941 29 1 941 57 2 943 4 1 943 4 24 944 99 20 945 89 16 946 17 5 946 43 6 946 89 24 948 59 8 949 7 19 949 81 0 951 71 30 951 100 10 952 2 4 952 39 19 952 41 27 953 92 7 954 43 31 956 46 31 956 57 17 957 83 9 958 36 1 959 41 14 959 45 30 959 66 13 960 12 15 961 1 17 961 6 13 961 22 15 961 73 15 962 38 31 962 94 1 963 13 15 965 29 24 965 97 27 967 12 4 968 98 6 969 58 18 969 70 22 971 20 5 972 12 8 972 72 29 974 34 5 976 78 20 978 87 17 979 38 15 981 80 7 982 61 27 983 17 2 983 58 8 983 95 23 984 14 2 984 42 31 986 3 13 988 52 15 991 54 24 991 75 12 993 16 17 993 68 10 994 61 1 995 77 29 995 79 19 995 81 7 996 73 1 996 83 1 1000 95 5 1002 30 9 1004 14 30 1004 84 25 1007 43 5 1008 93 19 1010 82 16 1014 53 7 1014 53 27 1014 86 28 1016 26 23 1016 57 1 1017 73 30 1017 79 1 1018 60 5 1019 70 14 1019 70 19 1020 8 15 1021 38 1 1022 36 5 1024 3 26 1024 57 1 1025 7 0 1026 80 28 1028 7 29 1030 89 19 1030 93 2 1031 12 5 1031 47 29 1032 42 11 1033 48 11 1033 90 18 1034 0 5 1034 68 15 1035 4 26 1037 25 25 1037 43 23 1039 44 0 1040 56 14 1040 59 7 1042 14 2 1042 43 19 1042 80 12 1043 44 7 1043 80 17 1044 34 12 1044 68 21 1046 50 21 1047 31 25 1049 2 10 1049 12 18 1052 80 23 1052 82 24 1056 65 3 1057 70 28 1058 87 26 1060 4 19 1061 15 21 1062 33 22 1062 59 18 1063 65 20 1067 79 4 1070 96 1 1071 30 30 1071 39 25 1072 50 11 1073 1 3 1074 19 29 1075 27 26 1075 40 7 1075 90 20 1077 77 24 1077 80 1 1077 90 30 1081 55 31 1082 32 7 1083 72 13 1086 91 4 1088 99 29 1090 39 14 1090 47 7 1091 9 28 1095 27 5 1095 44 30 1095 48 25 1098 79 25 1100 60 3 1101 7 2 1101 50 4 1101 72 15 1102 68 19 1103 19 12 1104 71 18 1107 51 22 1107 51 29 1108 1 19 1108 81 24 1110 13 2 1110 31 21 1114 63 0 1115 49 29 1116 56 4 1117 12 28 1118 24 10 1118 39 25 1118 63 15 1119 39 26 1119 44 11 1120 49 5 1121 78 23 1122 12 13 1123 1 12 1124 21 19 1126 11 7 1126 86 11 1127 93 17 1128 7 15 1128 95 25 1129 20 11 1129 23 3 1129 73 5 1130 25 26 1131 31 5 1131 48 26 1132 76 12 1134 57 27 1136 88 0 1138 35 18 1138 58 17 1138 61 21 1139 49 9 1139 59 3 1139 96 6 1140 66 14 1140 91 16 1141 40 24 1141 88 26 1144 11 12 1144 60 23 1144 99 10 1146 19 25 1146 34 30 1146 40 22 1147 2 29 1148 65 5 1149 32 6 1149 70 12 1149 72 13 1150 63 17 1150 74 17 1154 0 1 1154 82 25 1156 55 18 1160 91 9 1163 11 7 1163 94 20 1164 18 24 1165 60 19 1166 14 29 1167 39 14 1168 20 25 1168 79 4 1169 50 10 1170 95 29 1171 82 27 1172 64 21 1172 70 9 1174 24 3 1175 17 1 1175 30 22
244 1069 0.0003 73 71 7 74 10 0 74 77 4 76 16 16 77 80 1 78 12 4 78 88 19 79 9 6 79 99 18 80 18 6 81 27 31 83 14 1 83 17 0 83 33 20 87 4 28 87 84 4 89 18 13 91 21 18 91 61 11 93 10 10 93 73 13 94 28 11 95 45 17 99 75 15 99 94 12 99 96 13 102 40 9 102 94 16 103 12 2 103 23 28 106 8 29 107 83 17 109 27 3 109 28 27 110 9 24 111 32 28 112 68 26 113 34 18 115 25 25 117 78 19 118 26 23 119 47 6 121 7 11 121 49 25 121 57 17 123 17 22 125 22 16 125 26 30 125 40 11 126 34 8 127 11 24 129 81 12 129 87 16 130 85 11 132 52 13 134 86 13 135 13 29 135 18 24 135 86 0 135 89 12 136 69 24 138 62 10 138 92 29 139 52 9 140 19 18 143 94 5 146 87 18 147 62 11 149 52 31 151 45 22 151 64 20 151 72 31 153 49 21 154 30 29 155 20 6 155 36 5 156 16 26 156 58 18 156 69 28 157 1 14 157 16 6 157 68 11 159 80 25 160 72 3 160 75 12 164 92 27 165 11 4 165 34 29 168 18 26 168 67 23 170 36 19 172 25 6 172 90 22 173 61 3 173 97 25 175 47 4 175 83 9 176 90 11 179 40 28 179 47 21 179 86 7 180 14 15 180 24 16 180 72 22 181 57 25 181 61 9 182 59 5 183 0 1 183 14 1 183 28 5 183 84 10 185 18 14 186 1 13 186 6 3 187 2 17 187 61 9 187 93 20 189 19 29 189 29 20 189 36 25 191 51 4 192 19 5 193 25 24 193 42 8 194 10 31 195 56 31 197 49 6 197 94 19 200 18 27 200 92 26 202 20 4 204 44 21 205 0 14 205 29 18 206 80 27 206 90 27 209 3 13 209 33 15 209 48 31 210 38 2 210 63 28 210 82 1 210 84 23 211 34 7 214 46 6 214 68 28 216 11 21 216 19 9 216 69 23 216 96 2 218 29 31 220 21 10 220 80 6 221 50 17 222 41 20 224 32 16 224 41 24 224 50 29 226 0 24 230 60 26 231 39 8 233 9 18 233 30 21 235 67 0 236 28 19 236 100 8 237 4 20 237 8 14 237 51 19 237 64 27 239 5 14 239 83 15 241 41 1 242 18 27 242 33 25 243 37 2 244 33 5 247 52 30 250 32 9 250 65 22 251 54 16 251 83 21 254 1 14 254 62 22 254 91 2 256 72 18 258 62 19 259 7 0 259 66 19 261 71 26 265 76 28 267 29 29 271 41 2 271 65 7 272 34 5 273 32 18 274 21 19 275 70 10 275 90 31 277 26 8 277 82 6 278 1 10 278 50 25 278 98 13 279 41 18 279 82 12 280 64 13 282 69 14 284 90 15 286 95 1 288 51 27 288 95 7 289 26 14 289 29 16 289 72 25 289 92 13 290 94 1 291 38 8 292 53 20 292 58 23 292 78 29 292 86 23 298 20 19 298 41 20 299 16 0 299 69 16 300 11 1 301 69 16 303 81 20 304 56 22 304 65 5 304 76 16 305 2 15 306 1 6 306 90 24 307 26 0 309 93 12 312 38 20 313 27 25 313 77 10 314 13 19 314 81 20 317 36 20 318 5 19 319 69 2 322 71 13 323 63 18 325 23 10 326 4 4 327 5 23 328 78 19 328 97 10 330 36 6 330 89 17 331 10 20 331 13 8 331 74 20 331 84 26 333 64 7 334 98 16 336 52 0 336 72 28 337 63 29 337 69 20 338 18 31 339 80 4 340 52 21 340 61 25 342 33 17 342 83 16 343 53 0 344 15 30 344 27 17 347 2 2 348 67 10 350 72 10 351 79 5 352 6 1 352 41 21 353 17 31 354 27 2 357 96 12 357 100 6 360 80 4 362 49 2 363 4 20 365 58 28 365 85 14 366 19 25 368 14 27 368 40 7 368 86 29 368 95 17 369 30 29 369 75 26 371 15 13 371 89 28 372 23 7 372 95 13 373 80 1 373 92 20 375 33 26 376 2 28 379 48 15 379 62 10 379 63 28 379 100 9 382 11 2 382 64 3 383 2 18 383 47 8 384 29 15 389 75 16 390 35 16 392 96 3 394 48 7 394 100 20 395 69 4 398 64 15 399 100 12 400 50 2 402 50 9 403 8 7 403 92 7 405 63 21 406 62 22 407 66 29 408 28 0 409 53 13 411 15 10 412 20 12 412 91 30 412 99 8 414 96 23 415 47 10 417 76 4 418 47 18 418 84 26 419 10 30 421 42 25 422 58 6 423 0 14 423 12 29 425 55 20 426 32 1 427 13 22 427 86 20 429 52 28 436 38 3 436 52 25 440 35 16 441 29 22 441 81 28 442 8 21 443 36 5 444 89 16 444 91 13 448 39 19 450 54 29 452 98 14 453 2 7 454 2 14 454 77 26 456 10 0 456 97 1 457 9 19 457 34 18 457 39 29 458 32 2 458 77 19 459 13 25 462 47 11 463 16 3 464 3 6 465 64 19 467 76 21 469 36 14 472 51 9 476 92 25 478 81 11 479 59 0 480 22 31 482 16 15 484 6 28 487 97 17 488 97 5 489 22 31 489 31 29 490 58 30 491 26 20 491 45 0 491 92 22 492 41 17 493 89 4 493 95 0 494 79 30 495 76 14 496 12 22 496 38 20 497 68 13 498 75 12 499 91 20 500 51 26 500 82 2 500 87 15 502 19 1 503 42 22 503 67 11 504 43 27 506 61 11 510 39 29 510 97 31 512 2 27 512 3 4 512 43 19 513 74 12 514 38 31 515 23 10 516 74 1 517 61 3 520 14 20 522 79 23 523 33 6 523 94 7 524 2 23 525 27 6 527 39 15 529 1 7 531 23 29 532 20 15 535 3 7 536 33 24 539 1 31 539 27 27 539 74 10 539 99 1 540 52 26 542 7 22 545 96 25 547 98 7 548 5 6 549 32 2 550 6 3 550 57 19 551 7 16 552 69 20 554 59 5 555 49 24 556 7 24 558 50 4 558 60 22 558 68 12 559 20 20 559 66 19 562 87 17 563 64 10 565 6 6 566 37 14 566 43 0 566 57 3 567 32 30 567 44 6 567 60 12 568 13 14 569 80 27 569 99 15 570 37 31 571 71 5 572 18 11 572 28 31 574 88 18 575 63 13 576 84 6 577 82 29 578 56 28 579 72 4 581 17 7 581 39 27 582 79 20 583 14 30 586 91 2 590 94 3 591 66 27 592 54 5 593 52 4 594 40 3 594 86 14 595 34 14 596 26 9 596 91 18 597 62 11 597 79 6 597 93 13 599 0 9 599 80 20 599 86 18 600 99 21 602 59 22 603 49 11 605 96 25 608 21 23 608 74 20 609 14 2 611 65 17 611 69 30 611 94 14 613 54 4 614 4 15 616 28 2 616 95 12 617 80 27 618 89 7 618 94 2 619 21 15 621 43 6 624 22 6 624 50 17 626 5 19 626 25 19 627 60 3 627 78 24 631 12 4 632 49 19 633 73 15 634 21 29 634 83 31 636 35 23 636 99 26 639 59 26 639 77 3 639 100 27 640 7 15 640 23 28 640 32 15 640 34 24 640 38 18 641 100 4 646 13 13 646 91 18 647 31 17 648 93 11 650 1 7 650 77 3 650 81 13 652 7 1 653 86 24 654 26 9 654 33 0 655 64 14 655 74 28 656 9 19 657 75 3 658 41 14 660 46 9 660 99 31 661 63 10 661 70 21 663 53 29 664 66 1 665 2 31 666 96 14 667 53 26 668 28 1 668 65 1 669 4 31 672 8 19 673 13 17 673 95 11 675 45 23 678 39 28 679 19 9 682 79 9 682 86 23 683 39 15 689 36 22 689 50 27 689 52 14 691 5 22 692 10 31 693 56 6 693 70 26 693 78 8 695 32 5 697 18 28 698 9 15 698 16 30 698 23 15 699 9 14 699 24 24 699 72 2 702 6 16 703 61 20 704 6 2 704 40 19 705 45 15 705 57 19 708 2 17 709 18 19 709 40 21 711 12 19 711 57 8 712 24 2 713 27 9 713 49 10 714 3 29 715 29 1 715 88 3 716 72 28 719 58 2 719 59 14 720 11 23 722 83 5 723 29 15 723 44 20 723 85 30 724 63 18 724 81 11 725 9 1 725 45 26 725 60 21 726 39 7 728 21 18 728 50 22 728 70 24 729 47 0 730 5 4 731 48 6 732 1 24 733 61 0 736 30 31 736 37 12 738 100 26 739 15 1 741 28 18 742 64 27 744 4 19 744 13 28 744 23 12 749 80 14 749 95 24 750 25 23 751 4 29 751 24 21 751 67 13 752 15 11 753 61 27 753 71 10 754 8 22 755 53 13 757 38 27 758 77 16 759 70 31 760 81 17 761 73 10 763 2 29 764 40 31 765 6 14 766 98 27 767 32 26 767 36 31 768 91 21 769 93 4 770 32 17 770 36 7 770 96 31 771 41 14 771 50 8 772 8 5 772 22 14 774 8 28 775 93 20 777 48 8 779 63 5 782 45 14 784 92 28 787 15 16 787 93 23 788 71 10 789 70 20 789 74 5 790 32 2 790 38 4 790 81 7 790 96 3 791 4 12 791 70 0 796 21 2 797 34 23 798 14 0 799 9 14 800 50 13 800 94 12 802 90 28 803 1 24 804 31 6 804 33 7 805 28 10 806 9 10 806 12 21 807 72 26 808 55 5 809 48 21 811 76 31 815 9 4 815 44 27 816 20 3 817 25 30 817 38 11 817 52 4 819 53 20 820 6 19 820 63 7 820 99 14 823 8 13 823 88 30 825 22 27 825 96 31 827 13 24 829 11 9 829 20 2 830 98 27 831 14 30 832 55 22 832 58 26 834 38 11 835 61 2 836 52 22 837 23 29 837 62 25 838 15 0 838 27 2 842 32 30 842 93 21 844 30 11 844 80 5 844 89 2 844 99 19 847 78 23 850 33 1 851 2 25 851 40 13 851 57 24 855 91 23 857 63 4 859 64 30 860 86 30 860 91 9 861 52 25 862 97 0 863 71 8 865 41 8 865 48 22 866 10 25 866 94 25 866 97 27 867 24 10 869 41 25 869 75 12 870 99 0 870 100 11 871 97 24 873 19 7 873 48 24 875 85 30 876 18 16 876 69 16 878 18 12 879 20 6 883 44 21 883 56 11 884 93 8 885 43 7 885 59 11 886 3 22 886 9 17 886 68 16 888 16 29 889 8 29 889 35 13 889 72 25 890 64 22 891 33 5 891 72 29 892 34 24 893 54 6 893 55 18 894 18 31 894 48 24 895 76 9 895 83 6 898 23 21 898 35 10 898 57 28 903 7 1 905 53 12 907 69 24 907 97 7 908 20 18 909 14 31 909 100 3 910 36 6 910 36 12 912 30 0 912 41 15 912 86 21 913 41 3 914 6 13 916 31 7 917 5 3 917 46 30 918 51 11 918 64 19 918 76 12 919 48 5 922 24 29 922 92 6 923 79 21 923 84 23 924 56 25 926 14 14 926 94 9 928 37 13 930 1 25 931 22 16 931 82 14 933 32 14 934 35 5 934 57 26 935 8 12 935 23 5 936 94 0 937 21 0 938 27 0 938 74 9 939 72 10 940 72 11 941 29 17 944 32 31 945 3 12 946 77 31 947 0 15 949 39 6 949 99 0 950 12 26 950 59 17 952 24 11 954 11 14 954 20 4 954 34 25 956 6 25 956 30 16 957 98 12 958 89 10 959 43 26 959 55 30 960 8 7 960 16 0 961 74 29 962 61 3 962 69 28 963 75 25 963 90 26 964 82 2 965 17 22 965 67 19 965 87 13 966 16 26 966 22 2 968 2 12 968 10 31 968 31 31 969 0 6 969 36 0 971 16 6 971 16 23 971 25 3 971 25 26 971 34 29 974 46 10 974 100 2 975 63 6 976 4 14 976 10 15 976 37 5 978 41 24 980 1 22 980 96 16 982 15 2 982 41 7 982 77 25 982 79 11 982 88 27 982 91 16 983 11 7 984 73 1 986 54 4 986 79 15 987 18 3 988 73 27 990 81 19 994 93 20 996 9 13 996 36 24 997 88 4 998 32 3 999 22 8 1000 34 16 1002 89 24 1004 84 5 1005 56 7 1009 9 3 1009 64 8 1009 77 29 1011 8 12 1011 49 28 1012 41 14 1015 100 7 1016 44 19 1017 75 12 1019 8 2 1022 63 23 1022 77 17 1023 4 21 1023 84 0 1024 44 21 1025 68 22 1026 73 27 1027 18 0 1029 98 12 1030 86 23 1031 96 6 1032 88 18 1032 89 4 1036 48 10 1036 49 10 1036 55 8 1037 21 1 1039 39 28 1041 14 0 1041 55 5 1041 69 30 1041 88 3 1042 91 23 1044 33 9 1046 45 18 1047 25 18 1047 38 3 1048 4 0 1050 14 15 1050 55 20 1051 100 26 1052 2 31 1052 23 21 1053 84 23 1055 75 9 1056 81 1 1057 53 18 1058 13 0 1059 16 17 1061 10 27 1061 44 8 1062 4 0 1062 14 12 1063 54 15 1063 89 27 1065 7 9 1066 1 17 1067 36 21 1067 73 28 1068 56 12 1069 65 10 1075 34 0 1076 25 23 1077 25 12 1079 66 30 1082 53 13 1083 38 29 1084 64 9 1085 62 18 1085 85 21 1085 91 21 1086 89 29 1087 94 16 1088 88 4 1089 15 25 1091 57 28 1091 63 31 1092 9 26 1092 22 4 1092 47 17 1093 4 15 1093 62 2 1096 23 26 1097 20 9 1097 26 8 1098 21 8 1098 51 0 1101 33 9 1101 42 28 1103 36 20 1103 88 5 1105 21 9 1107 34 17 1107 59 14 1109 20 26 1109 28 3 1109 71 12 1112 53 11 1112 57 30 1114 99 22 1115 10 25 1117 71 26 1121 6 0 1121 45 17 1121 62 5 1122 22 27 1122 97 11 1124 15 22 1127 18 1 1129 43 23 1130 23 28 1130 100 15 1132 75 1 1133 80 9 1134 62 12 1135 66 30 1136 10 15 1136 13 8 1136 32 20 1141 32 22 1143 81 16 1144 72 10 1145 13 13 1145 60 20 1145 99 22 1146 40 5 1146 57 19 1147 57 8 1148 1 3 1148 80 17 1149 31 20 1150 94 12 1151 25 23 1152 59 25 1153 13 22 1157 51 15 1158 37 11 1158 59 1 1159 38 0 1159 87 4 1162 21 23 1163 25 17 1163 30 22 1163 31 12 1163 41 6 1164 6 18 1166 96 9 1168 15 20 1170 16 16 1170 48 8 1171 54 18 1171 90 15 1172 65 13 1172 99 4 1173 58 21 1174 36 15 1175 43 10 1175 88 4 1175 97 8
245 1069 0.0003 73 82 12 73 97 15 74 64 12 75 14 12 75 97 7 76 6 25 76 65 24 77 21 16 77 56 2 78 92 24 79 87 24 81 11 27 81 29 20 82 3 4 82 4 31 85 25 25 87 88 13 90 74 7 90 100 31 91 61 21 92 28 30 93 77 8 93 82 15 94 45 25 95 40 1 95 74 7 96 32 8 98 22 31 98 68 7 100 6 28 100 48 5 101 76 9 101 81 10 103 15 17 105 30 16 106 38 19 106 62 24 107 43 12 107 52 29 108 42 18 110 1 1 110 3 30 110 50 13 110 71 2 111 77 16 112 32 25 112 38 6 112 53 3 112 94 4 113 12 6 114 12 28 116 77 26 117 21 22 120 38 17 121 10 5 122 21 24 123 6 15 123 64 0 125 7 1 125 73 5 127 74 7 129 55 27 129 84 28 131 8 18 131 12 21 131 50 7 131 54 31 133 49 18 135 19 4 137 13 11 137 14 21 138 47 14 139 87 27 139 96 13 140 28 26 144 4 21 144 97 4 152 64 27 153 0 18 153 44 2 155 11 20 156 21 8 157 47 14 160 68 0 163 16 27 164 16 20 165 97 17 167 56 0 170 71 10 171 12 29 171 67 22 172 53 18 174 8 25 174 67 13 174 88 7 176 39 27 178 81 2 180 76 23 181 25 3 182 14 23 182 20 13 183 30 7 186 41 19 187 88 24 188 1 5 188 33 7 191 59 31 192 65 18 193 88 22 194 96 0 195 31 18 195 35 31 196 75 13 197 71 22 198 46 26 198 98 11 200 90 13 201 62 23 201 86 1 203 6 0 204 5 23 204 67 8 206 65 16 207 39 11 208 22 6 208 63 23 209 96 25 210 29 15 211 32 0 211 87 29 212 36 2 215 15 15 215 96 6 218 10 2 218 22 12 223 32 6 228 28 24 229 19 12 232 59 12 233 3 15 236 75 28 237 76 21 239 32 30 240 88 2 240 96 8 241 49 7 241 57 9 241 94 30 247 16 16 247 25 30 247 76 23 250 84 22 252 48 19 252 77 20 254 49 9 255 1 8 255 1 13 256 15 29 256 30 21 256 95 23 257 3 13 259 21 0 260 5 26 260 54 15 260 59 30 261 80 2 261 81 27 263 8 17 264 10 23 265 80 9 266 96 15 268 49 4 270 28 22 270 86 2 271 9 27 271 48 5 274 52 7 275 25 2 277 4 11 278 96 3 279 11 25 279 16 29 280 81 7 281 50 7 281 75 11 281 93 0 282 58 31 284 66 19 285 74 4 286 99 4 287 55 5 289 1 20 289 26 8 289 37 23 293 44 7 293 78 29 294 34 23 295 74 23 297 0 14 297 60 17 297 92 5 298 11 9 300 40 16 300 85 26 302 61 13 304 46 30 306 56 6 306 87 2 307 52 21 307 62 0 307 69 23 308 8 19 308 24 13 308 39 25 310 81 17 311 75 3 312 41 18 315 23 1 315 84 21 316 19 11 316 64 21 317 32 16 317 50 12 320 23 2 320 59 0 322 59 31 322 94 16 323 6 23 323 44 6 323 54 8 325 55 13 326 22 7 326 71 13 328 19 17 329 3 30 329 15 19 332 65 8 334 20 13 335 20 9 336 24 11 338 95 3 348 28 3 348 57 31 351 87 14 353 95 31 355 42 10 355 83 13 356 53 13 360 0 9 360 65 10 361 14 16 361 14 19 362 54 0 362 91 30 364 46 24 364 93 20 365 79 14 367 1 21 368 51 15 368 76 7 369 22 17 371 6 18 372 2 13 372 92 9 373 24 11 373 52 2 373 99 17 376 81 15 377 17 10 378 19 5 378 21 31 378 56 27 380 52 9 380 96 27 381 52 5 383 7 12 383 27 15 383 41 2 383 73 30 387 1 0 391 95 9 392 11 16 392 92 5 394 26 28 396 57 25 396 72 25 397 8 5 397 84 4 397 84 10 398 1 5 398 99 9 399 43 25 399 72 29 399 74 11 400 63 27 402 45 5 402 77 2 403 72 19 403 78 16 404 8 31 404 9 6 404 76 1 406 93 17 407 24 16 408 11 11 408 89 14 411 36 10 411 40 25 411 77 15 413 97 4 414 29 6 414 58 1 415 23 13 415 42 21 415 44 24 416 24 8 418 27 30 420 14 24 420 98 23 422 19 3 422 32 20 422 51 8 422 79 1 423 27 3 427 54 24 428 14 6 428 32 26 429 78 31 430 63 7 434 30 15 435 3 31 435 62 28 436 19 4 436 89 12 438 80 18 439 93 15 440 62 4 441 54 30 441 77 20 441 94 22 442 52 20 443 14 20 448 15 25 448 85 0 448 97 3 450 4 31 450 7 9 450 68 22 451 18 31 455 26 29 460 8 21 460 32 19 462 39 29 462 58 20 464 84 21 465 67 27 467 41 3 467 74 20 467 95 31 469 83 1 470 23 9 472 4 16 473 8 3 473 12 14 473 13 24 475 99 26 476 76 27 478 20 4 478 46 30 478 97 14 481 43 17 481 43 19 482 8 7 482 98 29 483 59 19 485 13 11 486 23 23 488 53 10 491 68 12 493 51 8 494 71 5 495 22 30 495 56 19 496 47 25 496 64 17 498 89 13 500 46 12 501 67 1 503 62 20 504 81 26 507 71 23 509 95 10 512 31 8 512 66 15 514 8 18 514 91 11 517 66 6 518 1 10 518 30 3 519 26 24 521 67 14 521 84 19 522 37 1 522 58 26 522 58 31 523 4 25 523 72 24 524 1 19 528 98 23 529 24 21 529 48 16 529 63 0 529 80 4 530 5 17 530 28 13 530 34 24 531 21 10 531 66 21 531 74 12 531 86 19 533 65 5 534 3 28 534 86 9 537 9 13 537 76 12 538 20 29 539 15 18 540 6 19 541 20 29 541 69 5 542 13 26 542 31 9 544 3 16 544 19 6 544 52 10 544 62 12 547 68 29 551 3 25 552 10 5 552 17 22 552 55 29 552 68 13 555 26 21 555 60 3 557 56 9 559 17 0 559 19 30 559 22 30 560 1 8 561 21 12 562 58 21 564 100 16 565 55 7 568 54 3 569 51 8 573 3 1 573 6 3 573 27 6 573 29 13 573 95 31 574 99 24 575 52 11 575 100 3 576 94 17 577 0 3 577 26 21 578 63 0 579 61 12 579 67 13 580 92 12 581 43 11 581 81 24 582 27 12 584 6 19 584 84 17 586 12 27 587 44 23 588 30 24 591 48 31 592 15 26 592 50 24 597 45 12 598 9 7 599 45 9 599 69 2 600 12 4 600 23 5 600 80 7 601 29 26 603 98 21 604 78 7 605 92 20 607 17 24 607 57 23 607 100 29 608 48 20 608 77 20 609 31 18 609 63 1 609 83 19 610 74 9 611 0 10 611 98 25 612 13 8 612 46 7 612 57 2 612 80 25 615 17 18 617 43 0 617 60 24 617 100 17 618 7 14 618 11 31 618 70 4 620 53 2 621 53 5 622 22 20 624 56 18 624 64 17 625 17 25 627 32 19 628 81 25 631 8 13 633 42 12 639 26 4 640 51 14 640 84 28 641 71 12 643 2 14 644 47 8 644 82 5 645 15 12 645 57 10 645 98 26 648 4 13 650 60 29 650 64 25 651 73 1 653 30 2 653 50 0 653 72 29 654 50 16 656 17 9 659 44 18 660 30 22 661 0 2 661 58 13 663 47 25 666 92 8 666 92 20 667 12 26 668 27 18 669 24 23 670 16 11 671 89 17 673 21 22 673 70 24 673 93 31 675 89 12 678 2 22 678 34 22 678 58 7 678 64 31 679 8 27 679 38 15 679 89 17 680 47 11 680 92 23 681 32 25 683 14 1 683 33 0 683 34 30 684 66 29 685 41 9 687 71 3 688 52 31 689 1 31 690 55 24 690 85 3 690 86 22 692 42 21 692 73 14 693 2 6 693 43 26 695 46 16 697 29 3 698 44 27 701 8 0 701 18 8 701 28 10 702 10 21 703 89 25 705 74 22 706 28 4 706 50 7 706 91 3 706 98 13 709 16 23 709 60 16 710 2 30 711 78 7 712 79 13 713 60 14 717 34 25 717 56 21 718 81 8 719 40 11 721 93 10 722 45 6 723 52 12 723 70 1 723 72 1 724 11 9 725 19 22 725 80 29 726 92 12 728 0 24 729 9 24 731 0 11 732 42 7 732 60 7 733 26 3 733 95 29 735 40 19 735 44 30 735 80 16 736 30 8 736 64 2 737 27 3 737 68 1 737 72 15 741 14 26 741 72 22 742 37 19 742 48 2 742 81 20 744 82 12 744 87 30 745 59 28 745 75 6 747 22 2 748 70 20 750 41 23 750 73 12 752 3 0 752 18 8 753 64 4 754 16 16 754 96 24 755 75 28 755 82 0 758 62 14 763 45 8 763 64 30 763 80 19 764 38 22 766 40 13 767 29 30 767 34 16 768 10 6 770 6 30 770 47 7 771 60 15 771 100 27 772 46 0 775 61 12 777 34 30 780 100 5 782 29 4 783 89 29 784 53 30 785 40 0 786 54 12 787 7 11 788 81 14 790 46 23 792 99 3 793 17 23 793 84 27 794 63 11 794 96 7 796 66 31 797 69 23 798 86 3 799 8 11 799 65 20 800 65 22 802 58 18 802 71 7 803 1 15 803 56 11 803 94 14 804 78 11 805 12 14 805 21 15 805 35 23 806 41 6 807 83 21 807 95 20 808 62 21 809 19 6 810 23 9 810 95 31 812 36 22 812 89 12 818 51 13 818 60 11 818 79 26 820 15 29 823 35 10 823 58 24 824 74 6 825 14 19 825 65 4 830 44 22 831 3 21 834 21 10 834 86 27 836 3 17 836 76 4 837 8 2 838 0 29 838 17 24 840 14 30 840 36 6 840 53 12 840 73 13 841 69 31 842 95 17 843 13 29 844 3 16 844 47 17 844 88 11 845 59 16 846 61 28 848 36 21 849 74 11 849 93 18 851 45 18 852 17 11 854 59 2 855 38 12 855 86 10 855 87 30 855 88 9 856 73 2 856 100 14 857 72 22 858 44 1 858 48 14 860 34 29 861 13 8 861 14 19 861 67 27 862 51 17 864 32 23 865 54 8 865 83 20 865 95 21 868 30 18 868 62 1 869 3 21 874 1 14 879 14 3 879 63 26 880 46 5 880 100 21 881 40 15 881 73 21 883 41 16 887 5 0 887 50 29 888 1 15 889 4 12 889 94 17 891 12 21 891 46 31 892 34 3 893 8 9 893 19 23 893 50 19 894 15 30 894 39 10 897 66 21 898 6 22 898 44 15 898 86 4 900 5 16 900 41 31 901 53 8 902 66 16 903 14 14 904 57 2 904 73 26 904 77 14 905 73 4 907 35 1 907 96 22 908 95 27 910 46 15 911 47 3 912 30 29 912 67 15 913 1 8 914 56 28 916 82 14 917 91 14 918 11 1 918 12 15 918 95 8 920 44 18 920 72 29 922 21 24 922 89 28 923 59 22 924 73 14 924 85 3 925 28 12 928 43 29 928 64 27 928 89 5 930 16 17 930 36 28 931 4 5 931 58 19 931 64 14 933 93 11 934 3 7 935 15 14 935 71 25 937 31 7 937 33 7 940 54 20 940 74 17 941 22 23 941 86 9 941 94 0 942 29 17 944 27 6 944 87 27 945 50 2 946 35 30 947 29 10 947 67 18 947 69 3 948 47 31 948 50 22 948 66 30 949 62 3 950 61 10 952 27 7 952 56 23 954 36 28 955 42 20 955 57 25 957 77 12 958 55 5 960 61 1 961 74 17 961 77 4 964 6 0 966 53 18 967 65 26 967 91 18 973 2 28 974 83 17 975 98 18 977 25 20 977 51 0 977 61 2 978 1 11 978 66 21 982 77 4 984 57 10 984 60 22 984 73 20 985 18 26 985 83 29 986 85 15 987 52 11 988 8 0 988 92 30 989 57 11 991 66 22 992 63 15 994 82 3 995 90 10 997 80 1 999 98 10 1000 25 1 1002 0 11 1002 71 9 1003 83 3 1003 98 28 1004 11 18 1006 85 10 1007 69 6 1008 13 24 1008 47 0 1008 91 15 1009 13 15 1010 46 24 1010 80 28 1011 26 31 1013 39 22 1013 42 0 1013 53 2 1013 65 15 1014 11 8 1016 36 7 1016 52 23 1020 85 26 1022 57 19 1023 68 11 1025 79 0 1025 100 2 1027 79 24 1027 80 27 1029 1 21 1029 3 1 1029 6 29 1029 86 6 1029 100 6 1034 28 4 1034 35 25 1034 55 29 1034 56 29 1034 75 8 1036 3 6 1036 44 28 1036 76 11 1038 51 29 1038 63 3 1040 93 19 1041 38 28 1041 93 27 1042 73 4 1043 59 10 1051 80 6 1052 34 30 1052 88 28 1053 17 13 1054 90 2 1054 91 28 1055 54 8 1055 71 15 1055 77 11 1056 18 30 1056 49 29 1058 27 13 1060 31 16 1061 59 8 1063 6 23 1064 96 23 1068 55 13 1068 68 3 1070 2 15 1073 50 4 1075 21 9 1076 48 3 1076 63 22 1077 18 27 1079 33 13 1079 78 13 1081 20 1 1082 2 30 1083 25 13 1083 96 3 1084 78 6 1084 99 21 1085 27 12 1088 25 26 1089 42 6 1089 79 3 1090 4 15 1091 73 7 1092 10 19 1092 95 15 1093 49 10 1094 63 21 1094 66 29 1094 90 7 1095 46 5 1096 58 18 1096 79 6 1097 32 19 1099 86 21 1101 82 24 1102 56 9 1103 7 23 1103 62 4 1103 63 24 1103 72 21 1103 81 23 1104 16 22 1104 22 20 1105 17 13 1108 87 22 1110 19 25 1110 59 17 1112 11 7 1113 97 17 1114 90 7 1115 29 0 1117 65 17 1118 54 11 1118 67 24 1119 46 19 1121 37 26 1122 26 10 1122 36 8 1122 39 1 1123 49 19 1123 91 22 1123 94 4 1124 20 17 1125 100 27 1126 14 10 1127 43 0 1128 76 23 1129 35 29 1130 99 11 1131 44 3 1131 80 26 1132 58 20 1133 86 6 1133 90 19 1134 10 1 1134 10 28 1134 57 13 1134 91 29 1137 94 18 1138 64 17 1139 87 1 1140 39 3 1141 70 12 1143 53 30 1144 8 10 1145 21 1 1147 13 17 1147 57 1 1148 25 18 1148 30 29 1149 35 22 1149 65 10 1150 32 20 1151 18 17 1151 35 21 1152 41 3 1153 47 13 1155 73 28 1156 3 7 1156 30 22 1159 87 9 1160 72 31 1160 100 17 1161 21 28 1161 25 6 1161 63 6 1161 91 4 1162 13 24 1165 9 25 1166 42 6 1167 76 28 1168 78 24 1169 80 1 1171 46 7 1171 59 26 1174 81 22
246 1069 0.0003 72 58 7 72 70 23 74 30 16 76 61 1 77 24 10 77 55 26 77 65 18 77 78 17 79 100 2 80 27 14 80 63 28 80 100 5 83 58 24 84 59 14 85 83 11 86 90 4 87 73 29 88 94 10 90 40 12 91 33 20 91 80 8 92 69 8 93 7 0 93 60 19 93 70 3 94 2 27 94 50 17 95 22 16 97 31 19 98 5 0 98 7 17 98 38 9 99 47 21 100 17 0 100 22 13 101 90 25 105 12 2 105 19 29 106 64 24 107 32 6 110 37 16 111 28 18 113 56 1 114 61 4 114 64 30 115 66 31 117 33 14 118 1 11 119 2 8 119 49 31 121 88 2 122 25 8 124 29 25 125 65 14 126 57 24 131 50 1 133 37 3 134 70 31 135 69 7 136 74 8 137 30 2 137 85 9 137 96 4 138 29 27 138 38 7 138 74 29 143 42 23 144 71 23 148 21 11 149 91 21 150 57 10 152 4 30 153 45 17 153 72 19 153 83 0 155 44 30 155 74 19 157 59 10 157 59 31 158 16 28 158 74 16 160 45 21 161 33 24 163 50 22 165 39 26 166 13 1 168 4 6 168 62 19 169 6 25 171 15 9 171 52 19 171 71 10 171 97 17 173 41 19 174 30 27 174 96 20 175 16 24 175 57 16 176 31 11 176 68 15 178 61 11 179 10 19 180 55 31 180 99 25 184 28 4 184 48 22 185 17 30 186 31 11 186 81 9 186 82 16 187 25 16 188 44 15 188 58 10 188 86 7 189 14 31 190 80 9 192 99 30 195 37 19 196 14 29 197 64 10 197 70 7 198 60 20 202 89 25 203 67 13 204 22 24 205 22 28 205 27 27 206 74 10 208 3 10 208 23 16 208 30 14 208 62 30 210 17 30 210 19 29 210 60 6 210 65 22 213 10 27 213 90 5 213 94 6 215 0 23 215 27 10 215 96 9 217 65 3 217 86 29 218 0 22 218 69 3 219 30 20 220 17 26 220 83 18 221 56 8 221 64 19 222 47 5 222 55 16 225 40 27 227 59 10 228 33 18 229 56 16 229 76 4 230 33 13 230 48 3 230 97 24 232 78 22 233 5 18 233 36 13 233 81 1 235 28 18 239 94 28 239 96 21 240 0 5 241 37 3 243 22 17 243 64 3 244 26 8 244 53 13 244 64 17 244 85 9 246 16 6 246 73 28 247 71 23 248 53 1 249 10 24 250 1 11 250 99 13 253 27 6 253 76 21 254 68 24 256 8 3 256 43 11 256 55 19 258 28 0 259 20 1 260 71 28 260 90 0 261 78 31 262 98 5 263 58 13 263 85 28 267 53 30 268 73 18 269 28 1 269 40 27 270 95 24 272 24 2 274 19 0 277 39 11 282 34 0 283 99 16 285 85 30 287 17 28 288 95 7 289 70 23 291 80 3 292 2 5 292 13 10 293 1 27 293 2 10 294 28 4 294 82 13 296 11 31 296 14 31 297 69 23 298 36 5 299 82 20 300 68 21 301 72 27 303 82 22 305 79 29 306 48 30 306 68 7 307 11 29 308 28 12 309 70 5 309 77 9 310 72 12 310 92 1 312 14 16 313 51 1 314 23 18 314 69 24 314 82 9 315 16 14 316 62 25 316 94 15 317 66 2 318 94 4 319 56 8 320 45 25 320 62 1 320 73 26 324 0 28 325 86 6 327 33 12 328 16 2 328 51 25 329 30 25 329 73 20 330 26 0 330 95 3 331 31 12 332 65 15 333 0 0 333 31 2 335 54 20 335 76 3 337 41 27 337 68 5 338 2 8 338 24 25 339 6 30 339 13 28 339 20 29 343 18 11 343 27 15 347 94 16 348 10 3 348 25 16 354 5 17 354 37 22 354 41 31 354 72 6 355 9 8 355 49 21 355 89 1 355 99 0 359 31 2 359 57 28 361 68 3 361 72 13 361 92 2 361 96 31 362 7 23 362 88 22 364 68 20 365 23 20 367 77 9 370 26 10 370 51 19 371 85 4 372 18 11 374 38 23 374 67 0 376 34 29 377 51 15 377 62 3 379 71 19 379 100 22 380 23 12 380 83 25 381 96 14 382 47 0 384 22 7 384 58 25 386 40 26 386 64 31 386 72 15 388 88 30 391 10 24 392 44 4 394 1 22 394 23 4 394 43 28 394 69 10 395 19 10 395 95 28 396 73 26 397 10 21 397 61 29 398 49 11 398 98 3 399 37 19 399 75 7 400 2 1 402 99 22 405 2 16 407 79 24 408 60 2 409 11 26 409 29 10 412 61 30 412 83 6 413 68 15 415 3 1 415 82 8 419 81 7 420 4 30 421 83 3 422 47 13 424 43 5 424 74 31 425 9 2 425 9 3 426 40 23 426 64 19 428 16 14 428 77 11 431 93 11 431 93 17 433 20 20 435 2 11 436 8 10 438 73 20 439 64 17 440 55 8 441 26 12 443 5 31 443 9 19 444 50 3 445 31 27 445 66 24 446 54 23 446 80 2 447 11 20 449 100 31 450 62 19 452 8 7 452 18 7 452 100 27 454 6 4 454 76 21 454 91 25 458 60 17 459 14 8 459 31 7 459 39 28 460 29 5 460 74 24 463 0 23 463 15 27 464 26 31 464 35 5 464 74 30 464 76 22 465 18 22 468 60 20 468 98 15 470 59 26 470 85 22 471 91 23 473 1 0 473 91 10 474 39 7 474 73 28 475 51 12 475 87 17 476 60 9 477 61 12 479 49 3 481 90 28 482 65 25 484 44 30 485 46 30 486 27 13 486 81 26 487 54 2 490 97 11 492 54 8 493 61 22 495 68 30 497 90 24 499 0 29 500 46 22 501 86 25 502 72 13 503 17 5 503 46 23 503 100 28 504 30 16 505 8 20 506 37 19 506 76 22 507 24 2 507 42 12 508 36 8 508 75 29 509 66 10 510 29 20 510 31 0 510 44 4 510 46 1 512 50 5 513 40 0 514 54 22 519 54 25 522 78 11 523 49 27 523 80 28 524 99 21 525 82 20 526 15 12 527 93 12 528 3 1 530 8 24 530 85 15 531 35 5 531 40 1 531 66 26 531 76 19 533 59 21 536 30 15 537 42 26 538 44 27 538 89 18 540 66 4 541 32 23 541 57 29 541 60 14 541 91 30 542 41 2 543 13 13 543 40 30 544 96 21 545 74 17 546 17 16 546 78 27 547 60 16 547 97 12 549 27 4 550 58 29 552 7 7 553 16 5 553 30 1 557 43 27 557 86 26 557 97 19 558 2 25 558 81 11 559 32 25 560 64 23 560 82 29 562 15 23 563 5 14 563 71 17 564 47 7 565 53 28 566 64 27 566 76 30 568 5 13 568 24 27 568 49 13 568 93 30 569 57 0 570 9 3 570 86 10 570 88 24 572 9 21 574 5 24 574 72 18 576 5 2 576 22 2 576 30 16 577 37 24 577 53 10 577 80 4 577 88 26 578 25 18 578 81 1 580 0 25 583 57 18 584 31 25 586 71 30 587 6 15 588 30 6 589 65 8 590 40 23 590 47 0 591 79 24 592 17 20 593 15 15 594 30 21 598 77 15 599 43 19 601 12 24 601 24 2 602 24 22 602 77 13 604 48 27 604 64 20 605 51 26 606 54 27 606 93 22 607 60 14 607 64 9 607 87 5 607 87 21 611 14 2 611 97 26 614 38 16 614 61 17 614 98 17 615 19 31 615 26 3 615 72 16 617 71 26 617 81 5 617 96 7 617 97 12 618 52 20 620 20 14 622 4 16 622 85 2 624 30 12 624 46 31 625 7 25 625 32 5 625 37 26 625 67 5 626 54 31 626 65 31 627 3 6 628 14 10 628 98 7 628 99 9 630 15 23 630 89 13 630 95 25 631 52 16 632 10 10 634 25 12 635 61 19 638 67 10 641 6 29 642 12 1 643 81 7 643 100 14 648 41 0 648 84 3 649 40 2 649 49 24 649 53 11 650 50 10 654 12 31 654 44 14 655 7 30 656 18 14 656 56 21 657 24 13 657 52 14 660 95 19 664 49 5 664 88 3 664 89 26 667 57 22 667 61 10 667 67 20 668 22 11 669 17 16 670 77 10 672 50 17 673 39 29 673 45 17 673 79 29 675 25 24 676 20 31 676 25 20 676 86 16 677 97 20 678 13 2 679 20 22 681 78 7 682 7 9 683 34 18 683 95 25 684 81 11 686 9 22 686 53 4 687 21 2 687 48 13 690 12 31 691 1 2 691 32 29 691 36 22 691 67 18 691 79 26 694 30 25 694 48 1 694 51 21 695 8 18 695 39 29 696 17 30 696 45 22 698 62 9 699 4 1 700 13 11 700 59 3 700 75 10 701 31 14 701 50 23 702 38 13 702 61 28 704 99 2 707 44 14 707 90 25 708 35 12 708 45 19 710 13 11 711 54 20 711 58 30 715 83 9 717 60 24 719 68 24 722 78 27 723 18 8 724 49 15 724 89 18 725 53 2 727 85 23 728 91 18 729 53 7 729 96 11 731 11 10 732 22 4 733 52 3 734 77 12 735 48 18 736 20 5 736 73 24 737 17 2 739 5 24 742 9 14 742 35 14 744 0 0 746 84 23 747 63 3 747 91 24 748 48 24 749 97 24 750 82 25 750 82 30 751 14 12 752 0 4 752 3 10 752 34 9 752 98 25 753 41 7 753 56 0 755 87 23 756 90 28 762 6 30 762 37 17 762 79 16 763 86 14 764 85 21 765 1 27 766 75 27 767 17 0 767 85 20 768 41 5 769 47 10 773 96 10 774 44 25 778 0 4 778 2 13 778 15 9 778 56 2 779 67 30 781 33 5 782 29 31 783 10 13 783 65 23 783 81 31 784 28 13 790 80 25 791 19 4 794 27 15 797 94 2 798 61 25 800 77 10 800 85 7 801 14 14 802 85 11 804 32 25 804 84 11 804 89 8 805 15 13 807 43 20 808 73 8 813 86 27 814 39 31 814 51 24 815 48 19 817 55 8 818 15 19 818 16 7 818 16 11 818 74 2 819 11 6 819 13 4 819 14 24 819 40 17 820 69 21 821 88 22 822 87 12 822 91 30 823 6 4 823 11 15 823 78 31 824 5 10 824 8 4 824 12 18 824 76 0 825 4 4 825 34 10 825 99 29 826 65 1 827 21 21 827 75 27 827 83 2 829 66 6 831 21 25 832 32 24 833 8 19 834 16 11 835 73 17 838 7 10 842 25 14 844 32 25 844 49 24 844 92 0 845 47 2 848 0 19 848 77 23 850 69 20 850 71 31 850 93 0 851 33 3 851 71 13 852 13 18 852 31 24 852 51 18 852 61 14 853 61 21 854 11 11 860 18 23 862 6 27 862 50 7 864 13 14 864 58 19 866 78 30 867 92 19 869 3 0 871 58 8 873 57 9 874 82 24 876 63 17 876 85 29 877 70 28 877 73 14 879 50 23 880 44 15 883 84 0 885 26 20 886 12 7 886 17 17 886 25 7 887 42 28 887 63 15 887 86 28 887 96 4 888 90 16 889 0 26 890 2 30 890 4 6 891 38 4 892 64 12 893 89 21 895 54 3 900 54 8 900 90 23 902 12 20 903 72 13 908 44 9 909 1 17 910 36 30 911 98 2 913 23 22 916 47 11 916 50 8 917 25 6 917 49 25 919 28 14 920 13 14 920 72 9 922 21 16 922 49 6 929 14 9 930 99 19 932 4 2 933 21 8 933 40 14 933 61 12 933 64 14 934 26 20 934 65 9 934 65 16 937 41 30 937 64 9 941 35 26 943 30 15 943 44 14 943 67 30 944 37 14 945 7 17 945 61 25 949 99 13 953 12 6 953 43 5 954 26 18 954 27 13 954 79 29 956 32 25 957 16 16 958 7 29 958 30 1 958 32 6 960 21 3 964 14 3 966 94 30 970 42 13 971 14 31 972 49 26 973 28 2 973 50 28 973 91 8 977 82 23 978 31 19 978 62 16 980 63 22 981 56 23 981 66 15 984 20 10 985 56 13 987 31 22 989 79 29 990 10 13 990 45 23 991 0 18 991 12 26 991 39 10 991 46 10 991 46 27 991 55 6 992 74 28 993 4 29 993 56 27 993 66 12 997 30 31 997 38 5 998 84 22 1000 64 20 1001 23 11 1002 78 16 1004 62 18 1006 11 6 1007 23 1 1007 57 18 1008 38 2 1008 89 17 1009 32 1 1009 51 11 1012 35 6 1013 20 11 1015 88 27 1018 0 12 1018 33 18 1018 83 18 1019 37 14 1019 58 12 1020 82 30 1020 86 24 1022 69 0 1024 38 7 1025 6 20 1025 69 18 1025 86 12 1028 100 7 1031 37 30 1031 54 24 1032 0 16 1034 92 21 1035 97 8 1037 43 10 1040 91 27 1040 97 5 1042 13 4 1042 16 29 1042 39 27 1042 96 1 1043 1 23 1043 9 24 1044 10 15 1045 17 2 1045 83 2 1045 97 5 1047 1 27 1048 10 6 1049 20 25 1052 96 10 1053 27 2 1053 45 25 1054 86 2 1055 32 20 1059 88 19 1061 35 21 1062 52 17 1063 32 19 1066 99 18 1067 17 7 1068 48 20 1068 99 27 1071 21 25 1074 0 6 1074 55 25 1074 87 3 1075 78 3 1076 98 30 1077 26 3 1078 28 21 1079 12 18 1079 99 20 1080 6 7 1080 29 27 1080 44 9 1084 53 3 1085 4 16 1088 7 25 1088 39 15 1090 24 16 1091 3 0 1093 21 31 1093 26 10 1093 31 29 1094 36 4 1094 64 20 1094 81 28 1095 4 20 1095 46 6 1096 60 6 1097 40 5 1098 52 11 1102 30 28 1102 99 31 1108 13 6 1109 9 4 1109 74 2 1109 95 10 1113 26 11 1113 80 14 1114 68 21 1116 77 8 1117 65 20 1117 89 8 1119 50 19 1120 41 30 1120 100 23 1122 31 0 1122 60 4 1123 63 13 1124 67 20 1125 5 3 1125 8 23 1126 1 8 1127 17 8 1127 29 6 1130 57 22 1131 73 16 1133 1 15 1133 18 6 1133 51 31 1133 67 26 1134 94 15 1135 75 16 1136 67 20 1138 88 4 1139 7 23 1139 77 29 1140 0 4 1140 38 17 1140 99 2 1142 18 19 1142 80 20 1147 47 18 1147 84 16 1148 58 11 1153 2 8 1154 7 11 1154 8 24 1154 39 2 1161 20 29 1161 24 16 1161 70 22 1161 100 15 1162 89 28 1163 60 26 1163 64 5 1164 31 24 1164 60 5 1165 2 15 1166 18 17 1167 37 8 1167 43 13 1169 24 2 1170 95 22 1172 7 21 1172 47 28 1172 80 28 1175 23 15 1175 39 9 1175 40 3 1175 87 25
247 1069 0.0003 73 95 6 74 4 25 74 24 26 74 78 23 75 2 9 75 46 12 75 55 28 76 83 17 77 34 7 78 79 30 79 91 15 80 67 1 81 74 12 82 28 18 85 36 4 87 54 9 88 11 28 91 49 31 91 58 29 93 10 29 93 40 21 94 35 25 94 42 28 98 58 14 100 100 27 101 74 13 102 98 22 103 21 20 103 60 8 105 18 3 108 10 13 110 36 1 111 48 12 112 11 21 112 65 10 113 16 2 113 21 26 113 34 13 114 12 12 114 83 19 116 36 13 117 66 3 118 58 7 119 96 6 121 25 9 122 25 11 123 22 3 123 62 27 124 78 31 125 15 13 125 95 12 126 17 13 126 39 3 127 86 4 130 72 13 131 6 21 132 41 28 132 80 7 133 49 21 133 90 4 135 19 3 136 44 15 136 51 29 137 58 22 138 65 0 138 95 20 139 45 11 139 54 3 140 94 24 141 41 23 142 11 20 142 57 8 142 69 31 144 42 8 144 66 12 144 78 0 146 82 3 146 95 16 149 94 27 150 84 25 150 89 0 153 28 22 153 93 5 154 47 17 155 36 6 155 95 2 156 26 7 156 52 19 157 10 23 159 89 26 161 63 14 164 1 17 164 5 18 164 23 25 166 27 30 167 44 14 168 24 18 169 32 21 172 11 1 173 65 12 173 90 12 176 28 11 176 59 25 177 35 31 178 3 27 178 19 5 179 10 26 179 78 6 180 35 4 180 52 13 181 50 31 181 86 16 181 95 11 182 58 6 182 87 19 184 30 6 187 17 0 187 55 14 187 89 1 188 34 28 188 35 2 189 55 30 190 59 22 190 84 22 191 48 10 195 43 29 196 82 16 199 44 15 202 45 31 203 41 0 205 27 6 206 35 21 207 42 29 209 66 10 212 45 8 212 71 17 212 93 16 213 7 2 214 8 17 216 100 23 217 6 3 217 32 4 217 34 21 217 97 19 218 27 26 218 77 18 220 71 9 223 30 0 226 34 2 226 71 26 229 56 18 229 98 9 231 1 8 231 7 2 231 38 15 231 88 31 233 89 26 234 20 5 235 34 30 235 52 17 235 75 18 235 95 10 236 52 29 236 96 5 240 38 30 241 27 13 241 78 31 242 0 18 243 75 0 245 1 1 246 47 11 246 80 8 248 8 19 248 29 13 249 71 9 250 78 21 251 36 21 251 54 3 251 85 22 253 13 9 254 14 19 255 91 17 256 73 11 257 40 3 257 61 6 258 63 15 259 27 19 260 6 27 261 64 15 263 17 10 263 74 24 264 63 21 265 85 20 266 64 13 269 37 12 271 29 2 272 44 12 272 94 23 273 24 16 273 27 0 274 46 21 274 50 17 276 3 12 276 56 17 277 19 16 277 61 19 278 51 25 279 71 9 280 42 8 280 54 9 280 66 7 281 10 5 282 24 16 286 39 3 288 25 13 288 74 27 289 70 5 290 5 22 291 88 27 293 8 30 294 33 27 296 61 22 296 79 24 297 65 24 298 13 31 299 69 5 304 12 3 305 18 13 306 51 28 309 26 28 309 45 17 312 12 4 312 21 24 312 95 11 313 5 26 315 72 23 315 92 11 316 88 12 316 92 12 317 1 5 317 50 0 318 19 5 318 39 4 319 39 2 319 73 23 320 12 29 320 33 22 320 47 28 320 83 21 321 27 19 325 77 24 327 19 8 327 81 23 328 29 13 328 47 15 328 55 20 328 55 26 329 46 28 329 76 29 331 1 9 331 16 24 331 24 23 331 48 23 331 80 14 332 18 1 333 59 8 334 48 28 336 81 26 337 19 4 338 0 27 338 54 11 340 56 6 342 3 23 342 89 25 343 23 31 345 5 26 345 27 14 345 65 14 345 86 21 347 64 12 347 81 23 348 16 8 349 87 2 350 83 23 351 93 19 352 78 19 354 73 14 355 62 25 357 91 4 358 94 2 359 55 25 360 36 26 360 70 30 361 39 0 361 40 16 361 96 9 362 6 18 362 15 21 362 53 24 363 1 4 363 1 9 363 93 25 364 57 28 365 29 14 367 84 22 368 52 12 368 92 19 372 44 23 374 8 26 375 27 11 376 14 14 376 71 7 376 89 10 377 77 4 379 40 4 381 6 22 381 17 26 383 15 15 383 23 10 385 45 5 385 62 1 387 65 9 387 87 15 389 57 4 389 72 6 390 59 8 392 68 0 393 77 24 394 35 12 394 100 18 395 4 10 395 15 9 395 92 23 396 22 27 396 81 10 398 22 7 398 52 25 399 61 4 401 38 19 401 52 3 406 67 30 407 73 28 407 91 0 408 31 30 408 64 22 408 90 7 409 46 7 410 67 4 410 81 13 411 71 1 414 85 4 416 32 20 417 16 6 417 23 13 417 70 11 418 54 7 419 64 12 420 4 7 420 75 27 425 37 9 425 49 14 426 82 6 427 30 22 427 39 12 427 55 19 430 61 16 430 67 3 431 24 4 433 20 27 433 30 30 435 88 9 436 66 31 437 72 16 438 45 10 438 100 17 439 1 30 439 10 29 440 39 27 441 66 29 442 39 21 444 20 2 445 73 12 446 56 7 447 20 8 447 31 1 447 31 6 448 40 25 449 32 13 449 64 6 450 90 26 452 59 14 453 18 11 457 10 15 458 41 14 459 62 0 461 38 27 462 71 22 466 66 2 467 67 19 468 5 19 468 45 21 468 79 16 469 1 30 469 92 14 470 58 20 470 68 25 470 73 10 471 41 18 472 16 28 472 31 7 474 49 12 474 100 19 475 66 27 476 7 18 479 28 7 481 8 19 482 26 4 482 51 14 482 95 22 484 17 20 484 52 31 487 43 20 488 50 8 489 26 30 490 64 8 490 67 13 492 19 24 492 29 2 493 52 13 494 0 13 494 28 14 494 90 13 494 95 12 496 8 17 497 17 1 497 26 27 497 70 27 498 15 0 498 57 30 501 80 27 501 90 3 502 22 25 503 6 28 504 82 19 505 43 11 507 38 28 508 82 1 508 96 0 509 49 17 509 99 18 511 9 7 511 50 14 512 65 18 513 29 24 514 98 3 515 29 29 516 70 11 516 74 4 520 4 11 522 34 14 522 100 28 526 69 24 527 89 12 533 60 18 533 77 4 537 45 31 537 65 26 540 4 20 540 51 3 540 74 18 540 77 7 541 96 7 543 2 24 543 53 25 544 16 21 544 73 18 544 86 23 545 42 14 545 90 0 549 57 30 551 16 8 551 39 11 555 6 15 556 7 0 556 73 19 556 95 16 557 46 29 559 3 25 563 18 9 563 26 6 569 3 7 570 66 21 570 73 17 570 89 5 571 100 19 573 35 15 574 12 2 574 58 28 575 42 4 576 46 16 578 26 27 579 44 5 579 45 31 579 97 24 580 6 22 581 27 8 581 41 13 581 62 21 583 100 30 584 76 21 584 81 21 586 16 25 586 98 9 588 29 15 589 57 1 590 16 19 594 59 30 594 99 6 595 1 27 595 10 7 595 37 17 597 79 20 598 45 10 602 50 15 604 76 18 605 3 12 606 34 17 607 2 22 607 54 14 607 68 2 607 74 19 607 85 20 608 58 20 609 83 7 611 30 28 611 44 13 611 57 30 611 81 27 611 100 4 612 55 25 612 59 21 612 87 9 614 23 13 615 28 28 615 40 24 617 74 11 618 20 21 618 22 3 619 34 12 621 79 16 624 72 2 624 86 20 625 48 6 625 91 3 627 37 27 628 11 24 628 45 24 629 50 11 629 68 13 633 20 12 633 97 15 635 27 28 636 14 16 636 84 2 637 16 14 640 19 26 641 16 0 642 81 20 643 25 3 643 86 0 644 28 26 644 71 31 647 80 12 650 0 29 650 29 5 651 4 26 651 15 23 651 70 27 653 62 28 654 80 27 654 96 26 655 13 3 655 41 9 655 77 9 657 16 15 658 58 9 658 72 17 659 99 25 660 13 12 660 93 23 661 3 9 663 11 29 665 5 19 665 12 21 667 50 27 668 9 17 671 68 10 675 58 8 675 100 4 676 74 27 679 43 8 679 57 25 682 35 13 682 72 9 684 49 1 685 69 21 685 80 26 686 80 2 687 29 31 687 44 15 687 71 22 688 46 10 688 96 19 692 0 8 692 18 31 692 95 14 694 8 10 694 36 14 697 49 6 699 45 27 702 50 23 703 46 9 704 30 14 704 85 13 705 31 16 706 59 10 707 60 11 708 61 1 708 99 0 709 27 24 710 43 10 712 7 25 712 78 10 714 81 17 715 52 6 717 4 9 717 91 12 718 22 28 725 47 8 726 32 27 726 84 16 726 87 8 727 88 0 733 17 30 733 33 16 733 38 30 734 71 18 734 85 13 735 37 12 735 71 7 736 30 12 737 6 13 737 22 14 738 19 24 739 7 3 742 81 2 742 93 24 742 96 9 743 69 2 743 84 12 744 30 11 744 46 8 746 79 16 747 2 18 748 28 11 752 46 23 752 76 1 753 10 25 753 29 10 755 78 25 756 50 23 756 67 1 757 5 8 757 16 22 757 47 20 760 2 28 761 64 20 761 94 2 762 75 0 762 95 19 763 5 3 763 44 25 763 46 28 764 47 8 765 76 13 766 2 14 767 13 1 768 49 25 769 17 11 769 89 5 772 21 29 775 88 29 776 5 31 776 100 6 778 45 30 779 33 3 779 53 22 780 51 26 780 71 11 781 16 22 781 77 2 782 12 23 783 18 26 784 21 6 787 43 30 788 25 4 789 20 13 789 77 2 789 94 14 790 40 1 792 2 24 792 67 27 794 36 4 795 79 11 796 39 27 797 11 23 797 15 13 797 18 26 798 10 16 798 43 30 798 80 27 799 61 20 799 82 13 800 62 27 802 72 25 802 89 2 803 7 4 805 82 1 806 1 8 810 3 19 810 4 8 813 36 4 814 68 8 815 41 12 815 77 14 816 33 0 818 95 0 819 21 10 820 26 29 820 62 20 820 96 17 823 46 1 827 39 22 827 86 21 828 24 15 830 26 15 831 72 15 834 86 5 835 1 24 835 9 14 835 48 25 836 29 16 839 33 27 839 53 1 839 91 28 841 3 14 841 21 7 841 98 21 842 82 4 843 28 23 843 94 21 844 14 9 846 21 25 849 17 5 850 31 6 850 50 17 851 86 21 853 32 5 853 42 8 856 11 5 857 15 30 857 17 24 857 56 29 857 85 6 858 35 15 860 17 3 860 22 21 860 36 21 862 32 23 862 46 18 862 66 23 865 40 24 867 7 9 867 19 12 867 24 27 870 22 31 871 1 29 872 40 10 872 91 29 875 62 21 877 67 25 880 12 7 881 83 22 882 7 27 882 19 7 883 46 20 885 14 10 885 73 7 886 8 19 886 55 22 887 21 4 889 54 27 891 45 2 891 98 10 892 24 12 893 47 11 893 89 4 894 41 9 895 10 19 895 26 16 896 18 18 898 54 2 900 8 1 900 14 20 901 9 10 902 2 9 902 19 21 903 56 31 905 2 27 905 72 6 905 82 8 906 21 29 907 66 24 908 53 26 911 40 10 911 51 30 911 91 3 912 23 7 912 45 13 912 53 21 912 91 13 912 92 5 912 95 1 913 9 13 916 15 9 916 53 20 917 98 21 918 1 15 919 43 12 921 87 11 925 32 20 925 99 8 926 3 20 926 68 8 930 16 9 932 86 20 932 96 26 935 23 1 935 70 16 936 0 21 936 53 13 937 40 7 938 92 31 938 99 6 939 6 29 939 61 23 939 100 4 944 21 14 944 27 8 944 82 25 946 35 15 946 35 17 946 63 0 950 8 10 950 21 2 951 90 13 953 82 24 955 42 27 956 21 2 958 51 3 958 70 5 960 88 16 961 88 28 962 41 27 965 34 20 967 17 13 967 100 9 969 26 19 969 70 22 972 59 8 972 80 22 972 93 29 972 99 4 974 28 8 975 96 13 976 9 29 976 26 22 978 32 29 979 55 30 979 92 25 981 49 16 981 74 23 981 79 26 983 11 15 983 26 31 985 62 2 985 64 7 985 94 21 987 48 12 989 25 23 989 45 28 992 31 7 992 51 9 993 27 15 995 55 25 996 19 1 996 64 31 998 63 29 998 70 15 999 83 31 1000 43 4 1000 73 15 1000 85 17 1003 20 0 1003 38 6 1004 17 26 1005 52 27 1005 76 6 1006 42 1 1006 66 10 1009 63 18 1009 68 11 1010 8 26 1010 10 2 1010 89 19 1013 71 9 1014 31 5 1014 99 6 1015 6 1 1017 7 1 1017 37 13 1018 100 5 1019 52 4 1019 55 25 1021 27 15 1021 30 21 1021 39 25 1021 81 20 1024 84 9 1025 16 31 1026 92 24 1027 1 0 1027 13 1 1027 92 11 1027 96 8 1029 10 25 1030 2 23 1037 46 17 1038 25 1 1038 63 20 1040 84 10 1042 43 16 1045 25 1 1045 78 19 1046 5 24 1047 42 28 1049 18 11 1051 15 12 1052 7 0 1052 93 13 1053 15 24 1060 86 7 1064 19 27 1064 79 13 1064 88 25 1066 96 19 1071 24 3 1071 71 27 1072 76 20 1072 85 30 1072 99 16 1072 99 21 1074 1 20 1074 16 4 1076 69 2 1076 77 9 1076 78 31 1077 56 8 1078 95 19 1082 49 1 1082 63 11 1083 45 28 1084 34 16 1085 24 15 1085 60 17 1085 67 27 1086 17 18 1086 64 0 1088 54 1 1088 80 16 1088 96 18 1089 37 29 1091 19 15 1093 47 7 1094 89 26 1095 71 15 1097 44 7 1097 88 18 1098 46 4 1098 47 18 1099 7 18 1099 51 17 1099 56 28 1099 65 14 1101 60 6 1102 38 15 1102 55 10 1106 44 6 1107 19 29 1107 77 9 1108 100 10 1111 11 17 1111 19 8 1111 51 12 1111 86 28 1112 25 28 1112 79 17 1114 50 21 1118 35 24 1118 91 24 1119 68 23 1120 14 31 1120 41 31 1122 36 29 1122 41 8 1123 40 21 1123 51 14 1127 48 25 1128 19 22 1128 80 3 1128 98 12 1130 47 30 1131 13 12 1133 50 9 1137 28 31 1137 38 24 1137 40 14 1138 35 27 1140 91 13 1140 99 10 1141 94 30 1142 90 25 1143 60 25 1145 5 22 1146 87 27 1147 65 24 1148 34 1 1148 73 25 1149 26 14 1150 91 22 1151 14 26 1155 55 1 1155 73 30 1157 13 24 1161 41 27 1163 61 14 1165 16 15 1167 76 24 1168 42 10 1168 48 13 1168 53 24 1169 42 18 1169 50 18 1174 61 27 1174 74 6 1174 86 4 1174 100 21 1175 20 14 1175 91 31
248 1069 0.0003 72 25 4 74 47 14 75 27 23 75 87 12 76 11 16 76 34 10 76 82 24 77 71 19 77 87 28 78 56 12 78 62 0 81 56 29 86 53 2 88 53 17 89 6 26 91 13 12 92 6 12 92 8 21 93 1 17 93 25 22 93 27 1 93 75 18 94 41 0 96 3 28 100 25 1 101 9 6 102 78 6 105 6 3 105 9 9 105 11 15 106 53 15 108 3 3 112 95 9 113 15 2 113 99 16 114 80 30 115 47 16 115 68 6 119 18 26 119 29 31 120 46 20 122 26 23 124 96 21 125 9 10 126 18 11 126 34 27 127 14 20 128 28 2 128 96 10 130 87 19 131 66 27 132 55 15 132 58 25 135 37 17 135 45 28 135 53 31 135 88 16 136 53 24 138 3 17 139 16 0 139 91 13 139 96 2 140 48 12 140 54 11 140 68 6 141 24 23 141 77 19 143 3 7 144 51 20 144 77 24 145 62 29 147 35 19 147 80 23 148 27 28 149 7 4 150 0 5 154 29 4 154 91 26 155 69 7 156 24 0 156 86 5 157 13 28 160 16 11 161 71 11 162 10 19 162 83 5 164 14 4 165 35 25 165 81 31 167 10 28 169 85 1 171 66 28 171 67 15 172 8 31 172 59 9 172 83 27 173 33 11 174 63 1 176 80 25 177 12 15 178 19 15 178 77 30 178 97 19 179 20 18 181 27 4 181 87 16 183 6 31 185 54 15 186 95 14 187 7 30 188 96 0 188 99 11 189 22 21 189 47 5 190 97 23 192 24 6 194 62 22 196 96 10 197 33 9 199 96 28 202 39 26 203 38 29 205 80 29 206 67 29 206 97 8 208 89 23 211 49 16 212 16 13 212 26 22 212 63 29 213 99 24 214 77 27 215 62 29 215 86 25 215 98 29 216 91 28 217 18 24 222 40 16 222 48 14 222 69 19 224 69 5 225 15 31 227 85 31 227 94 25 228 62 27 230 11 13 230 57 7 230 82 4 234 12 17 235 48 25 237 7 24 238 10 23 240 15 1 241 73 13 242 15 30 242 47 6 244 18 9 244 80 2 247 59 6 247 95 20 248 90 10 249 88 2 250 54 19 250 77 3 250 91 22 251 96 11 257 69 25 258 3 19 259 26 19 259 86 8 261 31 17 261 50 17 261 77 4 263 63 30 265 24 24 265 39 14 265 40 20 266 59 15 266 62 6 267 45 12 267 66 4 267 77 28 268 15 3 269 67 30 270 28 17 270 94 3 271 36 7 272 28 17 274 19 24 274 46 6 274 53 27 275 14 5 275 93 17 277 45 13 278 9 26 278 27 23 278 78 14 279 62 30 280 74 26 281 42 22 281 43 7 281 77 21 282 94 28 283 5 5 285 99 14 287 88 10 290 58 15 290 85 23 293 60 15 298 64 2 298 96 13 299 10 2 299 32 4 299 54 7 301 39 19 301 50 6 302 97 3 305 6 7 306 40 16 307 88 5 310 18 25 311 64 27 311 82 2 312 27 7 313 13 29 314 3 6 314 39 20 314 85 21 315 44 10 316 64 31 318 2 29 319 98 25 320 58 26 320 82 20 321 14 24 321 80 9 322 82 28 323 34 26 324 66 7 325 70 7 326 81 1 327 77 16 328 73 24 329 81 21 331 16 21 333 40 21 333 57 16 337 60 0 340 13 5 341 8 8 341 35 1 341 70 6 342 24 9 342 31 4 342 41 25 342 98 24 343 63 30 344 44 27 345 22 4 346 70 24 346 78 31 348 11 10 348 28 28 350 51 6 351 5 20 352 45 26 353 5 30 353 43 8 353 61 18 353 79 21 354 23 6 354 96 11 357 30 10 357 38 18 359 41 10 361 93 2 362 39 31 362 52 0 362 79 8 362 89 28 365 98 26 366 71 13 369 77 30 371 25 11 371 82 9 372 43 25 375 98 7 376 98 5 376 100 4 377 98 28 378 52 29 379 84 23 382 16 11 382 90 14 384 5 27 384 47 17 385 76 14 386 51 29 387 88 1 390 12 12 391 35 21 392 25 23 392 84 27 393 0 16 393 11 6 394 6 12 394 77 24 396 43 23 397 13 12 397 85 6 397 92 4 399 30 9 399 33 18 399 76 24 400 82 23 400 92 8 401 13 18 401 78 27 406 32 29 406 38 20 408 14 13 409 65 14 411 40 20 414 55 2 414 84 0 415 19 28 415 60 8 416 0 3 416 45 11 418 21 22 418 65 2 418 73 6 420 2 24 420 32 30 420 42 31 420 72 7 423 56 2 423 65 4 424 74 28 425 56 4 425 83 31 427 0 7 428 89 6 429 78 25 432 86 10 432 97 13 433 3 17 433 94 7 434 35 5 435 86 29 436 2 13 436 78 2 437 8 12 437 77 8 438 29 5 438 30 9 438 57 6 438 80 25 440 21 25 444 67 0 445 25 11 445 31 19 445 94 8 450 34 2 450 99 10 451 48 20 451 93 1 452 41 31 454 27 10 459 86 9 460 58 29 461 52 12 461 100 25 462 33 2 462 73 0 462 88 11 465 10 14 465 16 30 465 58 20 466 4 12 466 59 12 466 69 11 467 15 30 467 87 3 468 33 16 469 8 3 469 42 12 469 49 31 469 54 21 471 29 2 473 16 23 473 93 6 474 12 20 476 0 30 479 34 12 480 46 4 480 93 11 482 47 28 482 50 6 482 64 5 484 78 24 485 82 10 487 34 0 488 30 7 488 33 2 490 26 19 490 53 25 491 39 4 491 43 19 492 100 24 493 25 23 494 43 7 494 71 18 495 28 22 495 39 21 496 6 14 496 24 8 496 48 19 497 31 8 497 50 27 499 21 28 500 0 31 501 33 4 501 84 24 502 81 25 504 77 16 505 17 6 506 12 8 506 32 1 507 66 9 508 21 7 508 82 18 510 45 30 510 95 5 512 50 26 514 1 3 514 68 30 515 40 27 515 84 26 517 8 16 517 31 18 517 53 31 519 52 22 520 3 20 522 12 29 522 56 24 522 88 0 523 57 25 525 1 12 526 63 10 527 7 15 528 94 13 530 55 4 530 95 14 531 17 23 531 44 5 534 6 0 536 34 13 537 60 15 538 55 28 538 56 16 539 82 0 540 50 16 540 55 30 541 51 28 541 78 29 543 5 17 544 87 20 545 23 19 545 28 20 545 93 3 546 16 9 547 48 31 548 87 10 549 24 10 549 92 30 551 64 11 552 49 0 553 6 12 555 60 28 556 55 13 557 90 31 558 31 30 558 37 8 560 15 20 560 65 9 561 97 6 562 3 1 562 39 2 562 70 0 563 75 24 564 10 10 564 17 20 565 44 16 567 11 19 568 32 18 569 24 3 569 75 30 569 96 7 571 27 20 571 52 31 571 80 6 572 54 2 572 78 21 573 63 16 574 68 3 574 97 16 575 31 5 576 22 3 576 46 28 576 47 2 576 69 20 577 33 9 578 48 27 578 57 21 580 1 27 580 56 19 581 8 4 582 70 9 588 47 15 590 24 8 591 52 28 595 81 21 596 75 31 597 17 7 598 90 30 600 35 9 601 3 5 601 79 24 602 78 0 604 2 2 607 94 13 609 25 28 609 28 12 610 18 23 610 21 29 611 22 15 612 8 2 612 28 6 612 35 26 616 61 21 621 41 6 624 4 17 627 47 16 628 50 14 629 22 5 629 59 21 629 59 29 630 4 15 630 23 7 631 21 20 634 78 21 635 96 21 636 16 2 636 55 30 638 9 7 638 66 26 640 94 22 641 56 15 641 84 31 643 67 16 644 87 1 644 96 0 645 13 10 645 98 4 646 1 12 646 7 2 648 45 5 648 46 21 652 7 19 653 47 14 653 95 3 654 26 11 655 0 5 656 24 28 656 91 2 657 3 6 657 73 8 659 66 2 660 2 8 660 18 22 661 61 17 661 63 28 661 98 30 662 82 27 663 88 19 664 57 24 664 99 9 666 75 27 667 71 17 670 56 8 670 57 25 670 64 9 675 45 26 675 53 27 677 17 25 681 67 14 682 32 31 683 26 23 683 65 29 684 85 2 685 35 26 686 78 3 687 68 8 687 76 5 688 89 1 689 79 6 690 30 4 691 13 28 691 19 7 692 24 6 693 70 10 696 30 6 698 36 2 701 43 4 703 54 3 703 64 30 704 3 15 704 66 7 704 69 16 706 29 19 707 54 4 707 80 5 707 89 14 708 66 24 710 8 23 710 61 25 712 27 21 715 23 5 719 68 0 720 81 29 721 35 14 723 41 4 724 56 13 726 46 13 727 58 24 727 78 11 731 95 12 735 10 8 737 49 1 737 64 9 740 16 6 740 22 10 740 47 27 743 23 9 744 23 21 744 62 27 745 11 13 745 93 27 746 61 26 747 3 27 747 55 10 747 61 29 747 78 22 748 49 26 750 91 29 751 41 21 751 73 26 752 13 25 752 81 16 753 41 8 755 22 26 755 79 18 756 85 4 761 84 2 763 50 27 764 91 16 766 52 7 769 90 15 770 61 17 771 5 0 772 22 28 773 18 2 773 64 26 773 78 4 775 34 5 775 97 3 776 87 25 778 51 1 779 7 14 779 82 3 782 47 6 782 66 26 785 60 21 787 83 17 788 73 10 788 81 25 789 6 25 790 75 1 796 55 10 800 25 4 801 10 21 803 9 12 804 96 30 806 42 26 806 44 0 807 27 6 808 1 6 809 30 9 809 41 5 812 94 22 813 46 3 814 28 19 816 75 6 817 32 21 818 35 28 819 94 0 820 32 0 821 77 15 823 18 5 823 43 10 824 49 18 825 50 0 830 14 25 830 54 15 830 89 18 832 97 31 834 10 3 838 50 16 838 87 20 839 56 31 840 18 6 841 89 29 842 57 8 842 85 3 843 87 31 845 92 15 847 96 7 847 98 23 848 58 5 849 44 1 850 25 23 850 56 6 851 77 8 852 4 21 856 80 7 858 20 0 858 77 4 860 3 23 860 8 17 862 46 20 862 53 19 863 49 24 866 32 22 867 30 8 868 39 23 870 44 23 870 45 29 871 6 18 871 31 15 872 49 24 876 4 23 876 80 6 879 23 9 879 45 15 880 72 0 881 32 6 882 31 5 884 70 27 884 88 13 884 90 14 885 41 12 885 56 17 886 19 7 886 29 13 886 41 11 890 16 9 890 82 10 891 99 1 892 5 20 893 83 22 895 48 4 897 39 25 898 57 17 900 10 8 900 31 9 900 99 22 902 67 4 903 38 8 906 14 8 906 54 23 907 17 9 907 26 20 907 41 23 907 67 8 907 100 4 910 44 30 910 77 10 911 98 4 912 7 24 913 20 30 914 12 26 914 47 9 914 54 7 915 28 29 917 16 12 917 89 27 920 43 6 920 96 24 921 11 27 921 85 21 922 8 8 922 14 28 922 84 5 923 40 6 925 11 17 925 85 16 926 39 10 926 53 11 926 96 21 930 75 27 932 16 22 933 83 0 935 93 0 937 24 26 937 80 11 937 91 8 938 96 30 939 6 27 939 22 0 941 7 5 941 7 26 943 8 20 943 17 31 944 88 3 949 0 26 949 59 25 949 73 24 950 2 25 950 68 0 951 3 22 952 28 19 952 56 9 953 33 7 953 60 27 954 9 28 955 3 15 955 62 6 956 86 9 960 71 16 960 74 25 961 73 4 962 50 8 963 2 11 963 29 3 963 71 27 964 1 9 964 55 11 964 76 22 964 83 14 967 82 27 967 91 2 968 63 6 969 74 16 969 90 21 970 12 0 970 36 16 972 7 9 972 37 4 973 3 21 974 73 19 974 84 27 979 99 15 981 100 30 982 73 6 984 2 20 984 59 31 985 85 3 986 52 29 986 74 30 987 20 26 987 61 6 987 63 8 987 69 22 988 11 4 989 93 6 990 79 15 992 25 12 992 94 20 993 73 21 993 92 28 993 97 27 994 57 23 995 76 18 995 90 12 997 82 23 998 28 30 1001 31 19 1002 3 24 1002 37 16 1004 4 0 1006 13 5 1007 41 20 1008 36 6 1008 79 22 1009 6 6 1009 7 6 1010 4 20 1010 9 21 1011 53 24 1012 71 22 1013 28 28 1014 70 23 1015 82 15 1016 44 19 1016 68 25 1016 100 29 1019 12 11 1019 68 21 1020 1 24 1020 31 3 1020 99 9 1023 77 13 1027 74 15 1028 52 2 1030 31 1 1030 70 3 1030 92 19 1031 90 10 1032 0 17 1032 31 4 1033 6 0 1033 93 0 1034 2 6 1035 24 5 1035 44 28 1036 66 12 1037 48 22 1037 85 9 1038 68 31 1038 89 6 1039 35 21 1040 31 22 1040 76 7 1041 20 25 1041 75 12 1042 43 6 1042 46 30 1042 89 0 1043 37 26 1045 35 18 1045 36 16 1046 1 0 1046 50 31 1050 77 2 1050 91 20 1051 1 31 1051 53 14 1052 59 30 1052 60 27 1053 55 29 1054 3 25 1054 11 20 1054 20 30 1054 65 15 1055 9 1 1055 61 18 1056 10 24 1056 59 31 1057 100 29 1058 63 28 1058 64 14 1062 37 28 1062 83 3 1063 47 18 1063 50 27 1064 96 28 1065 6 30 1068 1 22 1069 67 19 1071 89 23 1072 75 2 1072 84 18 1072 91 17 1074 37 24 1074 74 13 1076 80 27 1077 62 19 1078 14 11 1079 37 20 1080 63 25 1080 88 6 1081 24 7 1082 99 7 1083 36 19 1085 83 24 1085 94 4 1086 19 19 1087 32 17 1089 5 1 1089 21 13 1089 100 10 1090 10 5 1091 69 16 1093 75 29 1097 22 25 1098 12 0 1099 7 12 1100 64 0 1100 79 31 1101 47 28 1101 58 11 1102 23 0 1102 39 17 1104 38 26 1105 68 24 1107 38 22 1107 95 13 1109 52 13 1110 90 10 1112 12 10 1113 6 31 1113 15 1 1113 20 9 1113 83 20 1114 23 7 1116 59 15 1117 6 19 1119 47 31 1119 84 31 1120 11 30 1120 53 0 1121 78 12 1122 11 23 1122 14 25 1122 71 3 1122 88 31 1124 27 6 1127 30 18 1128 12 4 1128 20 5 1128 33 25 1128 92 3 1130 56 26 1130 98 28 1131 65 17 1135 31 4 1135 45 13 1137 79 6 1138 10 20 1139 79 2 1139 92 23 1145 100 4 1146 52 25 1147 75 22 1147 80 30 1147 100 6 1151 85 16 1152 44 5 1154 87 11 1157 20 7 1157 52 26 1157 83 3 1161 43 18 1161 50 27 1161 96 17 1162 44 29 1163 60 23 1166 36 13 1170 15 12 1170 26 3 1173 8 8 1173 22 5 1173 63 22 1174 38 21 1174 93 31 1175 4 11 1175 26 1 1175 31 27
249 1069 0.0003 74 40 14 77 15 28 77 32 18 77 96 27 79 66 27 80 41 11 81 35 31 82 27 27 83 63 24 85 24 20 87 37 4 87 73 4 89 4 18 89 95 12 90 57 10 90 64 19 91 72 26 93 37 30 93 46 24 93 99 31 94 20 26 94 85 30 95 57 9 96 28 3 96 66 9 97 55 9 97 72 25 98 62 5 98 74 16 98 90 3 100 81 25 102 73 22 103 52 10 103 72 18 105 31 12 105 49 14 106 46 5 106 53 18 107 50 5 108 79 22 111 21 12 111 80 5 111 94 2 114 6 17 114 68 2 115 53 16 117 65 27 120 16 12 120 27 14 122 26 1 122 85 22 123 40 11 124 55 22 125 74 10 126 22 10 127 6 9 128 82 15 129 40 14 131 95 16 135 34 8 135 82 10 136 8 23 136 61 13 136 69 12 137 7 3 137 46 7 138 21 29 140 65 30 141 94 1 142 66 6 143 28 2 143 54 30 144 72 25 146 47 30 147 43 1 148 54 2 150 5 13 150 53 17 150 72 4 151 92 12 152 22 27 152 34 3 153 18 14 154 9 21 156 47 21 157 28 13 159 52 21 160 75 31 162 14 11 162 45 17 165 40 10 168 58 6 173 75 27 176 8 31 177 3 8 178 57 3 178 93 4 179 31 24 179 43 8 180 74 26 180 82 18 181 14 23 181 63 3 182 50 20 182 66 18 186 12 0 187 38 25 188 43 8 188 79 18 188 100 31 190 20 24 193 78 20 196 5 19 196 58 29 196 79 24 197 10 4 198 25 5 199 93 16 201 52 2 201 85 31 202 23 27 202 32 8 202 53 5 203 19 24 203 73 14 207 98 18 209 41 11 212 93 26 212 97 11 215 36 25 216 6 21 216 18 20 216 25 28 217 33 1 217 53 7 218 6 0 219 71 29 221 30 23 224 32 13 224 52 20 226 72 15 228 76 4 229 70 0 230 14 7 230 82 18 230 94 0 234 21 12 234 27 27 235 59 23 236 41 24 236 52 13 236 61 15 236 63 27 238 15 18 241 22 11 241 34 23 242 23 26 243 42 0 246 10 18 246 40 5 249 4 29 250 6 16 252 13 20 253 74 9 255 35 24 256 54 4 257 13 12 257 26 2 257 44 18 258 6 9 258 53 24 258 93 30 259 33 18 266 42 2 269 36 14 270 11 13 271 74 22 273 35 28 273 90 0 276 52 11 278 0 16 278 55 28 280 53 17 281 0 8 281 57 29 282 2 6 282 3 10 282 93 2 283 17 31 283 34 10 284 97 27 285 90 16 287 62 30 288 60 0 288 85 1 289 36 1 290 1 6 292 54 15 293 99 7 294 9 19 295 2 16 298 73 22 299 42 10 301 40 2 301 77 9 302 51 14 302 57 6 303 46 30 305 23 8 306 43 17 306 94 8 311 6 3 311 21 3 319 61 10 319 96 11 320 49 9 320 69 21 320 98 29 321 43 27 322 51 1 322 53 18 324 20 29 324 26 28 326 22 25 326 28 29 326 49 12 327 80 14 328 20 30 330 45 13 330 61 0 332 68 14 333 86 14 335 94 19 336 56 11 337 10 7 338 35 9 338 80 11 339 27 6 341 90 11 342 79 26 343 31 17 343 71 1 343 79 15 346 66 2 347 23 21 347 67 20 350 62 29 351 9 27 352 79 27 352 85 7 354 43 4 354 97 6 357 49 18 358 21 0 360 25 9 360 52 27 361 80 8 362 24 13 364 64 14 364 86 22 365 1 16 367 45 15 367 82 23 367 92 26 368 49 19 368 75 15 368 93 12 369 3 2 370 57 31 371 77 20 371 86 30 371 96 30 373 98 11 374 43 31 376 5 9 376 10 6 376 77 18 377 90 3 378 12 15 378 79 7 381 6 21 382 26 10 383 79 25 384 19 19 386 72 25 386 93 13 389 40 10 389 63 13 391 95 20 393 23 23 393 75 14 396 10 19 396 89 20 396 97 14 397 5 0 398 96 19 399 95 16 401 60 15 404 19 31 404 85 25 408 29 24 409 10 15 409 82 22 409 85 15 411 44 31 411 63 21 411 68 19 413 25 1 413 78 5 414 59 27 415 32 28 416 3 12 417 33 20 418 2 23 419 67 23 420 95 7 421 16 14 421 26 25 422 31 21 422 95 4 426 55 28 427 41 15 430 65 8 430 95 21 431 29 0 431 75 13 432 53 29 432 58 17 433 18 15 433 59 6 433 85 6 434 24 16 434 74 22 435 13 5 437 9 17 438 98 18 439 95 31 441 94 27 445 74 8 446 82 27 447 30 20 450 37 19 451 11 8 451 90 13 452 99 26 453 18 5 453 29 20 453 45 23 456 22 0 458 17 28 458 95 9 460 56 26 462 73 15 462 84 4 462 88 27 462 91 8 464 95 28 464 98 6 468 24 5 469 93 15 470 27 29 470 99 14 472 86 13 474 100 30 476 96 30 477 78 31 478 49 27 478 53 15 478 100 6 479 54 11 480 85 26 481 54 18 481 74 8 483 12 19 483 47 8 483 95 30 485 33 29 485 57 8 486 2 29 487 12 16 487 63 24 487 74 20 487 99 31 488 0 15 488 12 25 489 2 1 489 65 29 492 93 12 494 30 3 494 58 1 494 77 11 494 94 20 495 2 25 495 89 28 496 62 2 497 6 4 497 71 9 498 24 4 500 9 7 501 87 29 502 90 1 503 62 4 503 84 2 506 9 22 507 87 29 508 35 24 509 30 4 510 16 13 510 49 7 510 58 10 510 73 25 515 70 21 516 15 18 517 62 21 517 99 23 520 56 31 520 72 11 521 54 21 522 90 10 523 64 2 523 79 5 524 2 21 524 65 22 525 57 9 525 72 20 526 10 12 526 43 17 526 53 12 527 51 11 527 51 16 528 21 29 529 28 4 530 86 9 530 88 7 531 16 20 531 24 2 533 85 7 535 48 14 535 76 18 536 42 11 536 51 11 536 71 2 539 36 5 539 57 15 539 79 25 539 83 22 540 70 21 544 34 26 545 92 9 547 13 24 547 59 13 548 17 17 548 38 11 550 20 6 551 1 24 551 38 3 551 43 25 551 69 27 552 15 31 552 49 24 553 63 24 554 50 27 554 73 21 555 78 31 556 24 18 556 73 8 556 76 27 559 91 6 559 91 10 560 32 24 564 73 12 565 26 22 565 42 5 565 64 8 566 4 20 566 77 24 568 22 30 570 60 15 570 96 30 571 65 0 576 3 3 576 85 29 577 11 22 578 10 4 578 14 0 578 34 20 579 61 21 580 31 23 580 53 20 580 72 30 580 81 16 583 27 4 583 52 7 584 1 19 589 37 13 590 50 20 590 67 14 590 69 27 592 19 6 592 53 28 592 64 28 593 48 9 594 41 16 594 71 19 594 96 6 595 43 14 597 74 21 598 43 29 599 6 23 599 45 23 602 0 20 602 61 5 602 87 11 603 93 11 603 97 13 605 1 22 605 100 15 606 4 26 607 47 9 608 64 4 610 9 28 610 23 7 610 33 6 612 54 21 613 5 22 615 64 21 616 66 17 617 43 1 619 1 26 620 22 18 620 36 6 624 49 12 625 85 14 627 53 22 628 99 8 630 48 16 632 10 26 633 56 12 634 27 28 634 48 11 636 48 18 637 86 25 638 23 19 639 23 0 640 11 20 640 43 19 642 21 26 642 49 5 642 65 31 644 7 28 644 41 15 644 53 9 644 57 11 645 61 6 645 73 4 646 18 7 646 43 31 646 84 7 648 25 11 652 36 3 652 43 19 652 65 30 653 53 4 653 85 23 655 89 23 656 74 20 657 52 13 658 75 7 660 16 15 660 65 11 660 84 3 661 99 23 662 28 12 667 39 24 667 78 27 667 81 18 668 11 1 668 21 5 669 54 26 672 25 12 672 50 2 673 75 4 674 16 29 674 36 25 676 34 0 679 20 7 679 56 8 680 17 17 680 23 1 680 53 2 680 75 4 684 58 4 686 74 10 687 29 25 687 81 19 689 18 6 693 14 4 693 43 8 693 52 25 693 96 29 695 51 25 697 48 26 700 27 31 701 0 30 702 2 27 702 10 8 702 42 29 702 68 15 702 94 15 704 2 29 704 82 1 704 84 19 705 14 18 705 92 30 706 72 5 707 96 17 708 15 5 708 75 29 709 28 28 709 66 14 709 98 19 710 40 16 714 55 0 714 55 30 715 53 5 717 65 11 718 14 14 718 45 16 718 70 23 718 93 9 719 79 9 720 42 16 720 43 25 722 90 24 723 25 12 726 8 30 727 3 30 728 37 21 729 15 22 729 38 13 731 19 25 731 32 0 731 89 26 732 2 28 735 49 14 737 94 4 738 78 5 739 32 30 739 45 21 741 6 22 741 39 17 741 46 20 741 54 2 743 75 15 745 26 14 745 43 24 748 39 27 748 42 23 749 38 20 749 81 0 749 92 26 750 24 14 750 46 1 750 68 3 751 59 23 752 64 2 753 79 14 755 55 13 755 78 3 757 80 2 759 33 17 762 33 11 762 34 22 762 42 21 762 78 19 764 62 18 765 57 3 766 32 15 766 50 20 766 91 0 769 56 29 770 18 4 770 80 21 771 52 3 772 20 26 772 75 24 773 77 31 773 90 0 774 1 24 774 65 4 774 81 0 775 48 12 777 20 29 777 93 29 778 41 12 778 77 31 778 91 2 781 10 20 781 47 21 781 100 30 790 1 13 790 4 10 791 0 18 791 13 21 792 26 13 795 58 15 796 92 3 798 56 0 800 32 16 800 75 24 802 42 17 804 96 26 806 11 1 806 54 14 808 10 20 808 81 22 810 63 21 810 74 7 810 97 5 811 77 8 812 80 24 813 9 8 813 22 9 814 73 1 815 26 2 815 98 15 818 11 14 820 18 29 821 59 18 823 51 6 825 4 5 825 74 25 827 93 19 828 4 10 828 62 5 828 80 0 829 16 20 829 88 6 832 17 29 834 39 20 835 24 5 835 65 4 836 23 14 839 10 7 840 22 13 840 59 2 842 41 14 842 91 30 843 71 11 843 84 26 843 92 8 844 43 25 846 20 26 846 70 25 846 78 29 847 5 0 847 71 4 850 20 2 850 45 18 852 7 11 854 9 23 854 49 15 856 10 28 856 40 0 857 39 24 857 83 31 858 35 11 860 69 3 860 81 30 861 51 6 862 29 27 864 78 5 864 83 2 864 98 6 866 27 25 868 44 13 869 43 20 870 70 10 870 90 25 874 12 15 874 76 14 875 1 6 876 82 3 877 4 10 877 43 0 878 47 20 880 23 21 880 64 13 883 38 15 883 54 6 884 16 30 884 82 5 885 57 17 887 64 21 890 12 26 890 16 28 890 22 7 890 47 30 891 49 5 892 72 19 894 9 0 894 36 23 897 3 30 897 67 1 897 96 7 898 46 11 899 94 16 901 76 22 901 97 21 902 45 9 906 5 28 906 14 1 906 66 31 906 81 9 906 95 0 907 46 18 907 54 4 907 89 19 908 91 11 908 93 9 912 93 7 912 95 16 913 50 1 913 66 3 914 37 6 914 56 21 915 79 10 916 31 31 917 60 19 918 99 19 920 55 14 922 95 25 925 80 5 926 16 1 926 16 31 926 79 14 927 97 5 929 88 27 931 17 18 932 31 6 933 27 27 934 35 15 934 73 16 936 58 20 937 9 11 938 89 27 939 72 27 940 15 26 940 65 21 940 74 18 940 86 14 941 24 21 941 36 29 941 68 12 942 89 19 943 51 6 945 10 26 946 9 0 946 51 12 951 23 28 954 6 31 955 19 6 955 65 0 957 41 18 957 77 29 958 26 23 958 65 2 959 63 2 960 64 15 961 75 8 963 42 18 963 61 29 964 94 16 965 6 25 965 38 9 965 46 28 967 1 4 967 18 5 969 93 23 970 38 28 972 19 29 974 57 9 976 27 16 976 59 13 976 74 12 976 82 28 977 9 21 977 31 21 978 30 6 979 92 22 980 27 26 981 22 18 981 77 8 981 87 23 982 92 20 985 79 6 988 51 5 989 16 21 990 61 25 993 18 1 993 28 13 993 52 2 995 1 16 995 10 26 998 64 7 1000 36 5 1000 67 25 1001 60 8 1002 23 9 1003 77 19 1003 100 31 1005 57 28 1006 36 1 1010 24 6 1010 29 14 1012 87 27 1014 58 1 1014 64 2 1016 15 17 1018 97 8 1019 4 28 1021 8 13 1022 61 13 1024 10 6 1031 29 0 1032 85 1 1033 8 22 1034 28 6 1034 52 12 1036 23 7 1037 84 13 1039 44 6 1040 10 7 1040 97 24 1041 77 1 1042 46 1 1043 18 5 1044 86 31 1045 26 21 1045 32 28 1046 40 24 1047 11 26 1049 4 18 1049 36 30 1049 91 22 1052 18 4 1054 59 3 1055 4 26 1056 71 6 1057 11 17 1057 24 11 1062 27 28 1062 46 10 1070 16 18 1070 29 21 1070 56 7 1070 70 26 1073 14 1 1073 90 16 1074 6 23 1075 66 26 1075 81 16 1076 74 0 1078 24 2 1078 32 24 1078 69 9 1079 25 23 1079 66 11 1080 87 11 1080 100 20 1081 74 8 1082 8 23 1083 11 16 1083 17 3 1085 34 24 1085 98 21 1085 100 0 1090 58 14 1090 88 13 1091 41 18 1092 12 23 1093 33 26 1093 44 13 1095 0 16 1096 5 27 1096 36 7 1097 58 8 1098 33 1 1098 89 6 1099 15 10 1099 20 2 1102 54 18 1102 77 28 1102 80 8 1104 6 9 1105 0 2 1105 5 22 1105 40 27 1107 13 24 1109 19 27 1109 58 5 1110 100 7 1111 15 13 1111 34 21 1111 56 20 1112 1 11 1112 72 22 1112 97 15 1113 42 8 1113 56 29 1114 29 20 1114 35 12 1114 41 31 1115 27 29 1115 62 15 1116 25 9 1118 41 6 1119 83 29 1122 6 4 1122 56 14 1129 17 25 1129 51 1 1129 53 16 1130 11 11 1130 14 18 1132 45 30 1132 59 3 1132 91 8 1133 85 18 1134 34 9 1134 95 2 1135 37 25 1137 57 3 1137 75 15 1141 1 14 1141 9 10 1141 38 21 1141 74 2 1142 14 15 1142 87 13 1143 7 24 1143 48 16 1143 55 6 1144 62 17 1144 82 24 1146 59 4 1150 9 27 1152 12 1 1152 90 12 1153 2 30 1153 9 7 1155 44 22 1155 82 31 1155 83 16 1156 59 25 1157 66 1 1157 90 27 1158 38 12 1161 48 22 1161 86 18 1162 61 14 1163 89 6 1163 96 1 1165 76 9 1166 34 5 1169 5 23 1171 75 2 1173 59 7 1173 90 5
250 3563 0.001 72 43 2 72 59 24 72 82 4 72 90 9 72 98 23 72 99 22 74 3 15 74 56 28 74 76 17 75 8 27 75 26 21 75 42 19 75 47 27 75 65 13 75 91 2 75 94 23 76 57 6 76 69 16 76 93 24 76 94 29 77 4 29 77 39 25 77 71 14 78 11 27 78 22 19 78 62 11 78 62 26 79 69 29 79 76 15 79 77 3 80 21 18 80 24 7 80 42 16 80 61 19 80 92 25 81 32 19 81 46 23 81 55 24 81 76 1 81 95 16 82 2 8 82 19 0 82 43 21 82 84 13 83 8 29 83 18 14 83 26 19 83 70 11 83 72 1 83 84 24 83 86 31 84 52 16 85 19 9 85 91 29 86 41 3 86 46 7 86 81 24 87 6 6 87 14 28 87 73 6 88 33 15 89 11 22 89 42 4 90 14 19 90 38 11 90 98 27 91 37 27 91 52 4 91 73 28 92 3 0 92 51 2 92 61 14 93 28 27 94 3 15 94 54 2 95 81 26 95 99 0 96 22 8 96 23 24 96 28 29 96 36 12 96 36 18 96 91 5 97 36 19 97 39 1 97 50 2 97 63 9 97 92 3 98 37 16 98 53 4 98 67 20 98 67 30 99 74 23 100 7 16 100 41 7 101 34 18 101 34 21 101 94 31 102 22 1 102 26 27 103 48 13 103 55 26 103 95 13 104 23 21 104 41 12 104 55 8 105 21 13 105 49 20 105 65 16 106 62 8 106 62 18 106 87 6 106 89 30 107 6 22 107 9 3 107 35 6 107 38 15 107 52 13 107 86 30 107 89 22 108 44 28 108 60 21 110 61 1 110 88 22 110 99 25 111 10 3 111 10 19 111 11 21 111 13 20 111 37 21 111 73 6 112 7 4 112 12 27 112 65 17 112 86 15 113 15 0 113 17 27 113 62 1 114 36 8 114 60 0 115 54 6 115 76 26 116 67 24 117 19 23 117 47 30 117 78 13 118 14 25 118 20 24 118 77 3 119 13 26 119 33 7 120 32 8 120 44 6 120 71 25 121 3 17 121 18 25 121 19 30 121 20 6 121 26 7 121 59 19 121 65 28 122 12 14 122 37 12 123 72 18 124 13 8 124 20 29 124 46 0 125 15 3 125 55 15 125 79 20 125 95 2 126 37 16 126 94 23 127 36 24 127 82 11 127 86 1 128 68 4 128 80 12 129 22 27 129 38 1 130 68 18 130 74 26 131 18 11 131 21 27 131 23 0 131 44 21 131 53 6 131 64 10 131 69 5 131 84 18 132 4 7 132 73 2 133 8 24 133 34 16 134 80 0 135 26 13 135 36 21 135 38 13 135 68 15 135 77 22 135 86 17 136 0 3 136 44 13 136 49 21 136 89 22 136 90 18 137 24 30 137 26 31 137 29 16 137 63 3 138 8 19 138 12 26 138 15 11 138 20 10 138 70 28 138 80 1 138 93 6 138 94 14 139 30 8 139 35 14 139 55 12 139 90 21 140 16 1 140 22 30 140 46 5 141 60 25 141 92 31 142 2 29 142 15 18 142 34 8 142 91 12 142 95 10 143 33 18 143 46 23 143 56 14 144 29 25 144 68 1 144 94 7 145 53 10 146 73 3 147 37 16 147 48 3 147 53 2 148 5 27 148 27 28 148 55 11 148 100 9 149 1 19 149 96 18 150 5 6 150 38 24 150 41 13 150 75 17 150 79 11 151 35 8 152 86 9 152 98 19 153 15 27 153 91 6 153 94 0 154 37 5 155 25 10 155 84 13 156 54 23 156 65 3 156 77 13 156 96 20 157 51 27 157 67 19 157 84 7 158 44 29 159 4 22 159 17 29 159 36 24 159 54 26 159 61 19 159 89 23 160 0 27 160 5 30 160 14 9 160 21 0 160 60 22 160 72 22 161 8 26 161 59 23 162 83 5 162 85 0 162 97 10 163 6 8 163 8 24 163 12 8 163 77 22 163 90 22 164 30 4 165 77 3 166 10 3 166 21 17 166 58 2 166 61 7 166 64 30 166 65 14 167 8 0 167 11 17 167 49 10 167 73 12 167 85 26 168 57 9 168 58 14 168 61 13 168 69 30 168 89 22 169 53 24 169 63 23 170 57 16 170 75 23 171 33 10 171 59 24 171 76 20 171 93 15 172 67 19 172 83 17 173 26 18 173 67 10 173 71 24 173 77 12 174 15 19 174 51 22 174 90 24 174 96 18 175 12 6 175 41 31 175 42 19 175 51 19 176 37 26 176 76 9 176 92 7 176 94 27 177 13 15 177 25 22 177 26 23 177 47 6 178 73 13 178 99 24 179 19 4 179 30 12 179 71 27 179 88 27 180 46 8 180 53 24 180 56 21 180 72 0 180 84 13 181 0 7 181 30 13 181 40 22 181 62 2 181 75 3 182 0 4 182 7 8 182 11 4 182 51 29 182 56 20 182 74 22 183 8 7 183 24 28 183 39 27 183 87 22 183 98 13 183 98 16 184 7 20 184 13 22 184 33 15 184 64 19 184 69 5 185 17 15 185 34 26 185 37 12 185 59 28 185 96 25 186 10 10 186 11 28 186 34 2 186 66 24 186 68 18 187 10 9 187 19 5 187 24 26 187 34 12 187 68 4 187 74 16 187 97 13 187 100 17 188 18 16 188 89 8 189 21 12 189 22 19 189 68 0 189 85 26 189 98 12 190 21 23 190 53 8 191 44 11 192 3 1 192 17 13 192 52 1 193 76 8 194 4 18 194 16 23 194 59 30 194 100 11 195 7 28 195 46 16 195 97 14 196 6 14 196 29 9 196 46 27 196 90 17 197 59 7 197 70 11 197 97 24 198 88 8 199 8 3 199 12 31 199 26 8 199 66 3 199 93 6 200 14 4 200 16 28 200 36 9 201 26 2 201 34 5 201 64 22 202 8 7 202 23 29 202 42 24 202 43 27 203 15 30 203 53 10 204 6 19 204 27 21 204 31 5 204 37 6 204 65 7 205 38 22 206 24 2 206 74 19 207 30 12 207 66 1 207 83 8 207 94 17 207 98 6 207 100 13 209 18 16 209 98 20 211 22 9 211 70 9 211 86 24 211 93 30 212 33 17 212 92 14 213 37 22 213 53 9 213 75 21 214 27 4 214 35 31 215 50 12 216 7 27 216 81 20 218 9 4 218 21 1 218 60 17 218 71 2 219 8 8 219 27 1 219 30 14 219 36 30 220 40 23 220 95 6 221 0 12 221 83 11 222 20 1 223 6 4 223 18 24 223 43 1 223 59 2 223 83 19 224 22 13 224 25 16 224 34 22 225 15 28 225 16 0 225 35 13 225 70 23 225 73 19 226 6 1 226 48 31 226 73 21 226 88 10 227 4 29 227 19 10 228 37 23 228 39 21 228 49 18 228 87 17 230 31 7 230 37 1 230 54 18 230 91 18 231 33 2 231 69 6 232 37 1 233 16 19 233 52 7 234 20 29 234 36 29 234 47 1 234 68 16 234 88 3 235 15 10 235 50 7 236 34 2 236 92 11 236 99 25 237 29 9 237 36 1 237 39 20 237 58 21 237 69 26 237 96 28 238 1 16 238 9 28 238 16 7 239 64 15 239 69 6 240 10 21 240 64 7 241 15 1 241 79 15 242 27 31 242 61 16 242 64 14 243 9 17 243 12 14 243 39 19 243 88 21 244 19 16 244 23 15 244 44 23 245 3 10 245 13 2 245 47 24 245 53 22 245 91 0 246 9 21 246 16 30 246 78 2 246 81 6 246 99 6 247 0 10 247 36 21 247 77 18 248 79 25 249 18 13 249 66 3 249 82 23 250 79 11 250 79 17 251 26 20 251 37 25 252 35 6 252 40 31 252 57 28 252 89 26 253 60 10 254 23 1 254 93 9 255 45 1 255 89 23 255 95 19 255 99 3 256 15 8 256 29 12 256 39 18 256 70 2 257 40 8 258 46 5 258 77 3 258 90 3 258 90 13 259 16 30 259 27 16 259 58 7 259 83 13 260 5 1 260 65 2 260 82 5 261 44 16 262 4 3 262 23 14 262 78 1 262 88 26 263 8 15 263 8 29 263 48 3 263 72 15 264 39 14 264 42 20 264 50 23 264 99 14 265 20 15 265 26 20 265 44 12 265 48 1 265 69 25 265 97 28 266 91 16 267 17 23 267 38 10 267 94 6 268 26 0 268 38 18 268 54 14 268 56 7 269 9 6 269 62 28 269 64 21 270 14 27 270 26 28 270 95 3 271 4 22 271 10 1 271 12 6 271 48 20 271 94 14 272 14 17 272 16 20 272 18 6 272 32 2 272 36 1 272 40 22 272 55 0 272 85 9 272 87 2 272 90 14 273 26 11 274 40 24 274 52 10 274 55 4 274 61 14 274 65 23 274 87 17 274 89 3 275 14 20 275 19 17 275 21 3 275 62 9 275 97 20 276 11 23 276 34 8 276 46 20 276 90 31 277 49 27 278 16 12 278 50 24 279 12 30 279 38 7 279 78 25 279 79 5 279 86 14 279 94 23 280 55 13 280 69 31 280 71 10 281 0 8 281 1 29 281 15 26 281 40 1 281 58 4 281 86 25 281 91 26 282 15 31 282 94 19 283 56 4 283 70 7 283 80 31 283 83 5 284 27 20 284 49 5 284 55 4 284 67 21 284 82 28 285 66 27 285 72 6 285 88 23 286 4 10 286 9 13 286 12 0 286 45 18 287 36 3 287 36 17 287 57 13 287 63 19 288 26 19 288 46 17 288 50 10 288 69 25 288 94 7 288 99 7 289 8 6 289 19 6 289 33 6 289 86 19 290 28 26 290 59 30 290 98 25 291 27 0 291 36 7 291 41 10 291 82 4 291 93 1 292 43 6 292 62 9 292 81 14 293 3 13 294 7 4 294 82 23 295 74 16 295 93 3 296 27 23 296 80 4 297 13 26 297 21 28 297 93 14 298 64 14 298 87 28 299 86 10 300 25 30 301 16 8 302 30 5 302 46 3 302 71 1 302 92 23 303 0 27 303 25 14 303 87 26 304 29 0 305 3 23 305 6 8 305 61 21 305 62 4 305 62 17 305 77 27 306 0 10 306 45 13 306 93 3 307 13 4 307 35 14 308 43 19 308 98 23 309 8 24 309 47 28 309 55 7 310 10 9 310 92 19 311 6 22 311 26 15 311 74 18 312 39 15 312 40 27 312 41 27 312 63 18 312 83 19 312 87 14 313 10 2 313 67 29 313 78 26 313 79 0 314 14 11 314 60 21 314 83 2 314 100 5 315 66 29 315 68 4 316 1 17 316 8 20 316 40 25 316 46 14 316 81 9 317 2 31 317 6 23 317 19 10 317 88 21 317 90 20 318 45 11 318 63 19 318 63 30 318 66 12 318 69 22 318 81 27 318 82 4 318 97 8 319 3 13 319 31 10 319 55 27 319 71 0 319 71 31 320 13 15 320 14 19 320 56 0 320 64 17 320 97 24 322 25 25 322 40 19 322 84 2 322 87 21 323 11 17 323 28 4 323 54 0 323 56 1 323 67 3 324 46 28 324 50 27 324 83 22 325 8 21 325 27 8 325 29 17 326 34 16 326 40 15 326 68 6 326 82 18 327 0 1 327 17 4 327 56 19 327 78 3 327 82 27 327 91 7 327 95 12 328 27 12 328 78 27 329 67 9 330 1 28 330 18 18 330 30 23 330 40 31 330 60 3 331 9 12 331 34 23 331 52 6 331 53 1 331 66 10 331 91 19 332 66 26 333 65 10 334 4 27 334 20 6 334 46 18 334 48 21 334 100 31 335 34 25 335 37 0 335 41 31 335 83 2 335 97 0 336 4 31 336 22 22 336 70 7 336 79 24 337 46 19 337 75 20 337 97 10 338 1 6 338 16 10 338 39 12 338 40 20 338 56 30 338 59 1 338 81 9 339 38 11 340 47 7 340 75 28 340 95 9 341 3 1 341 47 22 341 76 14 342 57 9 343 60 26 343 82 20 344 13 7 344 78 5 345 2 6 345 34 19 345 43 16 345 50 26 345 73 8 345 73 29 345 87 26 346 6 17 346 84 31 347 61 11 347 81 10 347 85 27 348 17 28 348 99 18 349 23 10 349 39 25 350 20 13 350 42 19 350 47 10 350 68 14 351 10 10 351 10 26 351 11 30 351 44 18 351 72 24 351 86 13 351 87 13 352 11 20 352 14 7 352 17 30 352 79 11 353 8 22 353 50 19 353 57 7 354 19 19 354 33 30 354 36 23 354 51 15 354 76 16 354 79 8 354 91 31 355 31 20 355 41 13 355 58 18 355 92 10 356 21 18 357 31 14 358 8 28 358 66 8 358 68 24 358 96 25 358 97 18 359 20 21 359 24 21 359 28 29 360 8 9 360 9 2 360 37 22 361 53 11 361 70 14 361 97 3 362 13 12 362 47 23 363 0 31 363 2 7 363 41 23 363 61 9 364 14 27 364 78 23 365 29 1 365 29 10 365 97 24 366 63 6 367 9 6 367 18 8 367 43 11 367 64 21 367 97 31 368 21 28 368 23 14 370 2 17 370 23 28 370 50 25 370 55 16 370 85 9 371 45 10 371 75 20 371 85 17 372 2 6 372 48 12 372 56 3 373 12 18 373 33 2 374 15 28 374 26 26 374 43 6 374 61 29 374 85 22 375 98 27 376 31 15 376 58 15 377 31 28 377 35 5 377 82 9 378 17 5 378 31 17 378 46 2 378 75 25 378 85 22 380 58 10 380 76 10 381 8 8 381 12 9 381 25 10 381 36 4 381 94 4 382 5 14 382 72 20 382 97 22 383 93 29 384 0 1 384 16 15 384 26 15 384 64 4 384 67 22 384 68 12 385 15 15 385 75 3 386 26 14 386 55 12 386 69 3 386 98 6 387 10 26 387 18 1 388 91 24 389 43 3 389 43 6 389 92 28 390 30 11 390 59 24 391 39 14 391 71 2 392 45 11 393 69 24 393 94 31 394 13 21 394 29 3 394 29 17 394 54 20 394 61 1 394 100 23 395 12 17 395 37 27 395 40 31 395 56 31 395 60 15 395 74 15 395 81 5 396 33 7 397 16 30 397 59 28 397 67 24 397 76 18 397 79 25 397 100 3 398 0 23 398 35 9 398 44 27 399 15 4 399 28 3 399 31 5 399 72 8 399 75 3 400 50 20 400 87 16 401 1 23 401 14 7 401 51 5 401 53 29 401 79 0 402 21 21 402 28 1 402 74 17 402 84 28 403 6 29 403 78 6 404 3 26 404 63 23 405 30 9 405 38 14 405 57 3 407 18 7 407 25 28 407 37 11 407 75 0 408 38 12 408 53 21 408 73 23 408 78 1 409 6 4 409 13 28 409 18 7 409 31 22 409 52 22 409 76 9 409 77 4 411 0 23 411 12 31 411 32 22 411 87 7 412 51 21 412 65 14 413 22 28 413 42 2 413 92 27 414 50 20 414 92 29 415 15 19 415 33 17 415 44 21 416 73 14 418 2 9 418 16 13 418 24 29 418 88 6 419 16 14 419 17 4 419 41 16 419 58 27 419 63 21 419 70 27 419 76 8 419 96 1 420 7 24 420 84 24 421 53 21 421 53 30 421 54 15 421 61 19 421 89 29 422 21 12 422 61 5 422 65 4 422 85 21 423 2 16 423 41 0 423 70 31 424 19 22 424 36 21 424 99 21 425 36 1 425 37 10 425 42 28 425 44 8 425 74 18 425 92 1 426 62 15 426 83 28 426 85 1 427 0 20 427 21 12 427 23 28 427 91 19 428 24 21 428 98 23 429 9 5 429 10 7 429 20 1 429 34 23 429 64 23 429 78 6 429 90 8 430 24 11 430 42 11 430 44 9 430 69 11 431 12 1 431 13 6 431 69 11 431 99 26 432 93 17 434 57 13 434 72 13 434 88 23 435 63 28 435 64 26 435 68 21 435 81 25 436 1 16 436 25 3 436 59 12 436 85 3 436 95 12 437 40 31 437 53 19 437 86 15 438 34 23 438 48 10 438 53 3 439 76 1 439 86 23 440 2 26 440 45 29 440 71 15 440 81 12 440 100 24 441 30 15 441 88 8 442 10 20 442 36 18 443 37 12 443 51 27 444 1 23 444 23 15 444 60 15 444 68 15 444 80 27 444 97 17 444 100 21 445 20 13 445 47 29 445 51 31 445 53 20 445 71 27 446 1 27 446 7 1 446 22 15 446 49 29 447 7 0 447 59 14 447 69 5 447 96 23 448 18 14 448 82 5 448 93 30 449 7 9 449 13 0 449 16 31 449 30 1 449 71 2 450 63 4 450 65 6 450 87 24 450 89 4 451 3 24 451 54 21 451 97 14 452 0 9 452 64 20 453 62 24 454 83 9 454 87 5 454 99 8 455 2 12 455 7 17 455 27 22 455 43 18 455 49 17 455 80 11 456 5 19 456 7 13 456 11 18 457 83 29 457 84 18 457 91 9 457 91 20 457 99 18 458 21 12 458 23 22 458 31 17 458 90 27 459 89 5 460 48 22 461 2 22 462 83 15 463 10 27 463 67 6 463 97 20 464 9 0 464 32 30 464 88 25 465 23 6 465 25 6 465 91 9 466 17 3 466 47 12 466 63 5 466 64 10 466 87 14 467 27 23 468 2 8 468 24 22 468 27 20 468 38 12 468 54 14 468 57 14 468 58 15 468 64 26 469 34 16 469 63 26 469 74 5 469 83 6 469 94 0 470 40 14 470 88 15 471 24 25 471 26 27 471 30 30 471 34 29 471 38 3 471 63 29 471 79 27 473 1 12 473 20 17 473 38 26 473 48 17 473 69 10 473 87 11 474 52 16 474 95 7 475 4 6 475 41 3 475 42 17 475 73 6 475 88 16 476 40 0 476 68 17 476 88 20 477 40 4 477 94 5 478 18 10 478 53 8 479 62 13 480 6 6 480 7 20 480 20 14 480 27 26 481 0 16 481 24 19 481 31 12 481 37 13 481 39 27 481 41 6 481 59 6 481 68 6 481 76 2 481 88 10 482 64 29 483 27 11 483 51 13 483 92 10 483 93 2 484 6 14 484 15 3 484 57 6 484 71 5 484 81 14 485 19 31 485 92 13 486 83 4 486 85 5 486 94 20 487 18 12 487 25 15 487 84 21 488 33 2 488 39 5 488 80 16 489 1 7 490 55 23 490 67 23 490 69 29 490 69 31 490 85 8 491 71 20 491 74 27 492 26 9 492 43 20 492 63 23 492 66 0 492 85 29 493 15 16 493 50 2 494 7 13 494 28 5 494 55 23 494 57 23 495 22 5 496 82 31 497 29 18 497 49 24 497 92 0 498 18 13 498 63 0 498 96 3 499 6 27 499 66 18 500 1 22 500 6 20 500 57 0 500 67 30 500 69 7 500 74 16 500 77 20 501 4 15 501 7 11 501 13 20 501 81 28 501 93 15 501 95 6 502 30 22 502 63 17 502 80 0 502 100 13 503 7 13 503 22 18 503 30 26 503 58 12 503 67 3 503 71 22 503 90 28 504 62 26 504 97 19 505 19 10 505 49 5 506 60 5 506 66 17 506 73 12 507 43 25 507 71 28 508 58 18 508 81 6 508 96 0 509 14 5 509 14 11 509 24 2 509 40 24 510 31 29 510 36 26 510 80 25 511 7 12 511 80 20 512 2 6 512 22 24 512 26 11 512 51 0 512 57 21 512 62 25 513 27 25 513 43 28 513 49 16 513 60 20 513 68 1 513 80 9 514 30 6 514 35 29 514 79 9 516 18 19 516 33 27 516 86 9 517 36 13 517 57 11 517 62 9 517 62 30 517 81 19 518 3 1 518 43 15 519 96 19 520 54 2 520 58 3 520 96 0 521 33 9 521 84 17 522 15 10 522 80 21 523 14 3 523 58 28 523 83 23 524 31 12 524 74 18 524 88 11 525 8 25 525 17 25 525 36 21 525 77 4 525 83 26 525 88 17 525 96 17 526 8 3 526 23 15 526 30 12 526 51 18 527 10 29 528 83 2 528 98 15 529 7 18 529 8 22 530 6 20 530 79 8 530 86 15 531 40 19 531 92 11 532 48 20 533 6 6 533 15 3 533 76 26 534 7 9 534 33 2 534 42 15 534 56 7 534 69 15 536 23 2 536 24 25 536 32 13 537 18 19 537 90 2 538 58 6 538 83 12 538 94 1 539 8 29 539 19 31 539 50 28 539 62 20 539 87 9 539 96 5 540 19 12 541 45 1 541 47 23 541 54 21 541 55 31 542 62 4 543 5 21 543 19 3 543 39 22 543 57 8 544 11 11 544 18 24 544 44 22 545 40 31 545 76 10 545 87 11 546 0 5 546 0 12 546 18 24 546 31 7 546 37 16 546 79 0 547 16 4 548 35 23 548 47 3 548 72 23 549 7 12 549 29 12 549 97 7 550 44 11 550 49 18 550 94 13 550 97 4 551 12 30 551 68 13 552 32 26 552 85 31 553 25 13 553 53 4 553 66 22 553 83 0 553 97 30 554 2 23 554 13 29 554 23 21 554 65 2 555 83 5 556 23 2 557 40 12 557 58 3 557 95 27 558 22 19 558 76 31 558 84 24 558 100 7 559 22 13 559 76 1 559 88 17 559 98 27 560 37 8 560 99 21 561 71 15 561 94 13 562 35 31 562 43 30 564 8 6 564 9 3 564 50 11 564 92 29 565 2 21 565 38 23 565 41 8 565 97 15 566 78 22 568 1 29 568 15 30 568 43 10 568 92 14 570 34 26 570 43 11 571 5 29 571 67 10 571 86 3 571 96 6 572 29 7 572 39 21 572 42 1 572 61 20 572 73 4 573 4 24 573 16 31 573 40 29 573 64 3 573 70 9 573 89 11 573 100 3 574 7 20 574 24 27 574 40 12 574 45 13 574 79 25 574 80 23 574 83 15 574 85 9 574 88 19 574 90 25 575 0 6 576 22 31 577 8 15 577 11 26 577 80 6 578 11 17 578 19 10 578 25 6 578 83 30 579 21 31 579 34 2 579 34 15 579 38 11 579 59 22 579 62 20 579 74 25 580 11 4 580 44 10 580 68 26 580 79 1 581 1 4 581 22 22 581 53 15 581 98 3 582 12 20 582 48 9 582 61 22 582 76 5 583 67 2 584 74 4 584 89 10 585 38 24 585 59 15 585 70 4 585 73 5 585 95 16 586 41 24 586 60 4 587 16 8 587 26 1 587 44 8 587 47 25 587 76 24 588 28 6 588 58 7 589 20 13 589 52 5 589 92 11 590 49 21 590 63 14 591 20 2 591 57 13 591 63 7 591 63 22 591 100 17 592 18 23 592 20 16 594 30 7 594 34 20 594 66 6 594 76 21 594 91 5 595 1 9 595 53 16 595 99 10 597 12 13 597 77 15 597 95 29 597 99 26 598 0 24 598 11 0 598 41 31 598 47 7 598 89 9 599 39 14 599 57 24 599 69 23 599 91 5 599 92 17 600 92 4 601 43 16 601 100 20 602 59 23 602 71 3 602 72 29 603 3 5 603 17 29 603 20 3 603 65 0 603 79 26 604 7 20 604 51 17 605 71 2 606 39 21 606 100 14 607 2 22 607 42 0 607 84 19 608 27 18 608 58 25 609 2 22 609 56 30 609 76 13 610 2 17 610 30 14 610 37 17 610 46 7 610 72 1 610 76 21 610 87 2 611 29 5 611 48 0 611 49 6 611 53 20 611 56 31 611 91 12 612 43 10 613 33 21 614 23 10 614 48 11 614 54 20 614 58 16 615 62 19 616 29 30 616 60 2 616 78 25 616 82 9 616 96 18 617 36 27 618 41 18 618 63 5 618 73 13 618 79 5 619 13 3 619 14 9 619 46 16 619 93 7 620 46 15 621 6 7 621 15 22 621 44 18 621 46 12 622 7 10 622 39 11 622 45 12 622 52 4 622 71 14 623 5 14 623 10 28 624 8 29 624 23 18 624 40 8 624 95 24 625 7 0 625 83 17 625 90 25 626 14 17 626 26 5 626 32 18 626 44 6 627 3 7 627 63 11 628 0 26 628 67 10 628 75 9 628 95 27 628 97 5 629 2 0 629 25 5 629 32 19 629 42 30 630 7 17 630 61 15 630 62 3 630 81 24 630 97 7 631 8 11 631 38 9 631 39 21 631 84 10 631 95 11 631 96 6 631 100 2 632 58 11 632 86 22 633 25 8 633 62 26 633 93 4 634 67 15 634 86 8 635 98 7 636 9 20 636 59 22 637 31 21 637 48 28 637 62 24 638 16 12 638 17 26 639 10 8 640 7 18 640 21 5 640 28 9 640 86 6 640 92 6 641 9 27 641 47 27 642 35 13 642 38 22 642 60 11 642 82 1 643 1 27 644 18 9 644 35 15 644 72 6 644 80 19 644 100 11 645 1 13 645 34 30 646 12 24 646 15 28 646 72 13 646 75 20 647 32 11 648 43 26 648 61 29 648 85 31 649 10 14 649 38 29 649 47 16 649 77 25 650 11 30 650 100 22 651 61 28 651 71 1 652 29 29 652 40 7 652 64 8 652 86 18 654 7 25 654 23 1 655 10 26 655 19 4 655 58 17 656 41 4 657 12 20 657 14 19 658 11 7 659 61 4 659 79 22 659 83 15 660 35 9 660 35 31 660 64 16 660 66 22 660 95 14 661 14 10 661 59 7 661 68 6 662 38 8 662 40 3 662 57 0 662 59 9 663 24 28 663 25 29 663 47 17 663 48 26 663 62 14 663 100 0 664 6 16 664 42 26 664 61 1 664 62 13 664 93 7 665 4 17 665 17 3 665 28 21 665 37 1 665 38 13 666 0 28 666 53 27 666 63 16 666 84 6 667 45 2 667 50 7 667 50 17 667 74 28 667 87 23 668 22 30 668 37 22 668 60 3 668 73 29 668 100 29 669 26 6 669 45 16 669 83 24 670 54 22 671 64 19 672 5 3 672 42 8 672 85 20 672 86 15 672 92 16 673 11 18 673 37 8 673 95 23 674 14 18 674 59 0 674 93 13 675 25 22 675 28 19 675 75 31 675 95 30 676 25 5 676 50 4 676 63 17 677 1 12 678 8 0 678 31 2 678 61 26 678 74 19 678 80 21 679 5 24 679 18 7 679 75 18 679 82 20 680 7 7 680 9 5 680 28 31 680 30 27 680 59 6 680 77 24 681 1 8 681 18 17 681 37 8 681 47 1 681 98 26 682 0 2 682 26 11 682 44 12 682 64 28 682 70 30 683 10 22 683 12 17 683 26 9 683 57 14 683 58 5 683 83 26 683 84 20 684 39 7 684 43 23 684 46 3 684 55 3 684 82 13 685 7 15 685 55 25 685 56 14 685 65 5 685 71 1 685 77 27 686 18 0 686 24 18 686 31 25 686 51 15 686 86 15 687 1 16 687 8 27 687 20 29 687 42 26 688 48 23 688 65 11 688 78 10 688 84 2 688 93 16 689 27 7 689 77 18 690 3 0 690 55 23 690 88 12 690 97 12 690 99 24 691 41 26 691 55 22 691 57 24 691 77 9 692 30 30 692 91 7 693 3 6 693 16 21 693 18 17 693 53 18 693 77 10 693 80 5 693 85 9 693 97 25 694 40 9 694 46 29 694 93 2 695 41 1 695 56 1 696 39 2 696 80 9 696 91 25 697 20 29 697 35 4 698 2 30 698 26 21 698 28 12 698 69 6 698 97 26 699 5 28 699 18 0 699 20 4 699 50 21 699 87 15 700 24 1 700 47 29 700 94 3 700 94 18 701 18 25 701 37 31 702 55 22 702 56 10 702 57 23 703 5 15 703 12 16 703 25 0 703 57 30 703 79 21 703 81 28 704 66 29 704 67 23 704 79 21 705 12 10 705 61 12 705 67 2 705 83 3 706 31 3 706 81 7 707 73 12 708 32 7 708 84 28 708 96 14 709 41 19 709 66 9 709 83 7 710 0 25 710 15 31 710 39 3 710 76 9 710 80 2 710 85 19 711 26 8 711 40 17 711 74 23 712 47 4 712 86 14 712 94 27 713 8 14 713 21 28 713 61 14 713 100 21 714 30 19 714 43 8 714 50 6 715 4 24 715 12 11 715 36 5 715 37 7 715 54 31 715 58 4 715 64 1 715 66 16 715 82 18 716 4 21 716 39 0 716 51 14 716 73 7 716 92 10 717 1 21 717 5 1 717 7 29 717 21 26 717 90 27 718 36 10 718 58 18 718 62 21 718 73 13 719 17 10 719 21 11 719 46 7 719 47 18 719 60 20 719 94 13 720 0 28 720 37 6 720 44 0 720 93 1 720 96 18 721 3 13 722 11 2 722 20 5 722 75 8 722 83 12 722 84 30 722 86 29 723 1 29 724 1 31 724 25 13 724 34 27 724 37 22 724 41 20 724 60 8 724 74 25 724 83 22 725 24 9 725 27 19 725 48 5 725 52 21 725 74 24 725 82 15 725 92 23 725 96 12 726 71 31 727 8 18 728 56 18 729 71 26 730 10 13 730 58 11 731 25 18 731 46 8 731 69 1 732 27 1 732 72 21 732 94 11 733 11 22 733 49 10 733 50 19 733 61 19 733 72 25 733 86 22 733 94 21 734 73 31 735 2 11 735 37 4 735 74 0 735 95 21 736 11 11 736 13 3 737 1 9 737 31 0 737 77 3 738 11 3 738 24 29 738 31 12 738 86 11 739 23 23 740 1 31 740 63 8 741 44 30 741 61 1 741 61 28 741 66 27 741 67 26 741 87 29 742 14 26 742 54 19 742 97 22 743 37 28 743 100 2 744 25 27 744 30 10 744 46 29 744 81 20 745 2 13 745 71 11 746 6 30 746 30 21 746 37 11 746 61 14 747 40 18 747 55 18 747 59 15 747 71 23 747 73 17 748 41 6 748 72 22 748 91 0 749 34 19 749 38 25 749 51 18 749 73 5 749 78 17 749 83 5 749 94 25 749 97 0 749 99 27 750 37 4 751 57 13 751 73 14 752 32 30 752 34 25 752 37 22 752 41 13 753 50 19 753 53 14 753 59 30 754 60 27 755 30 30 755 49 29 755 74 16 756 0 22 756 25 3 756 62 22 756 94 28 757 25 6 757 27 8 757 75 2 757 86 15 758 29 31 759 28 23 759 38 16 759 56 16 759 92 17 760 19 21 760 81 21 761 29 24 761 97 2 762 31 22 763 7 28 763 23 24 764 38 29 764 76 17 765 70 4 765 83 4 766 8 26 766 54 16 766 86 5 766 96 26 767 8 9 767 30 17 768 24 21 769 4 18 769 54 18 770 11 24 770 19 28 770 52 17 770 67 28 770 98 0 771 1 12 771 3 11 771 3 22 771 29 10 771 30 24 772 2 31 772 53 1 772 66 18 772 85 13 772 96 16 772 100 18 773 1 11 773 49 18 774 55 7 774 79 27 777 2 3 777 33 3 777 43 21 777 79 27 777 88 30 777 95 22 778 9 15 778 35 22 779 36 19 780 3 27 780 29 23 780 47 5 781 6 8 781 38 25 781 44 3 781 81 24 781 96 12 782 38 17 782 61 12 783 13 6 783 86 26 783 93 20 783 100 6 784 12 15 785 5 29 785 9 30 785 23 3 785 45 16 785 52 11 785 54 30 785 57 3 786 1 6 786 10 20 786 42 30 786 46 22 786 77 22 786 80 6 786 100 31 787 39 5 787 49 25 788 58 7 788 63 17 788 73 14 788 78 26 788 79 18 788 98 20 789 29 24 789 53 16 789 100 14 790 22 10 790 45 30 790 57 0 790 86 19 791 51 7 791 96 7 792 48 30 792 49 6 792 66 6 792 75 3 792 75 6 792 88 16 793 2 3 793 12 24 793 34 3 793 72 14 793 80 2 793 80 19 794 4 28 794 23 14 794 44 28 794 99 27 795 16 4 795 94 12 796 0 14 796 60 21 796 63 25 797 38 15 797 78 6 798 95 15 799 5 23 800 27 3 800 40 30 800 73 7 800 86 10 801 27 26 801 40 6 801 43 13 801 54 13 801 83 9 802 1 4 802 24 19 802 47 17 802 82 15 803 44 23 803 49 4 804 62 4 804 78 18 804 87 21 804 100 13 805 52 7 805 67 2 805 91 17 806 36 24 806 87 18 807 49 13 807 81 19 807 97 31 808 4 0 808 15 10 808 44 3 808 51 6 808 53 7 808 68 31 808 93 16 809 38 28 809 40 16 809 64 0 809 73 20 809 88 6 810 40 10 810 44 23 810 79 0 810 95 18 811 22 2 811 45 10 812 50 12 812 85 5 812 99 26 813 0 24 813 48 12 813 70 19 814 1 19 814 14 25 814 83 3 814 85 15 815 3 6 815 22 16 816 71 1 817 33 13 817 64 2 818 20 10 819 67 16 819 93 25 819 96 18 820 74 13 820 87 6 821 76 7 822 5 0 822 8 16 822 60 9 823 1 13 823 23 6 823 80 0 823 80 19 823 87 6 824 3 13 824 12 2 824 29 21 824 34 30 824 66 16 824 81 5 825 41 26 825 77 4 825 95 19 826 14 6 826 46 8 826 59 4 826 63 26 826 72 13 826 75 23 826 80 28 827 1 14 827 89 3 828 0 8 828 73 21 828 87 30 829 98 22 830 10 24 830 35 30 830 47 6 830 58 18 830 89 22 830 95 9 831 18 3 831 28 27 831 62 29 831 63 15 831 98 10 832 72 27 832 85 11 833 9 29 833 15 28 833 27 15 833 60 29 834 0 31 834 9 27 834 35 3 834 40 11 834 92 12 834 94 27 835 41 0 835 84 19 835 86 11 836 5 26 836 9 25 836 41 0 836 56 23 836 77 16 836 79 10 837 41 14 838 65 0 838 71 13 838 72 16 839 1 25 839 21 13 839 45 15 839 46 24 839 92 14 840 17 10 840 25 1 840 28 26 840 41 6 840 59 21 840 74 2 841 54 11 841 55 17 841 76 17 841 86 0 841 86 13 841 97 15 842 44 23 842 44 24 842 51 17 843 78 24 844 32 6 844 42 22 844 52 6 844 81 19 845 12 13 845 27 26 845 28 21 845 46 0 845 99 5 846 83 20 847 45 19 847 71 20 848 12 21 848 63 12 848 67 27 848 80 14 849 17 2 849 33 0 849 48 25 849 79 19 850 9 15 850 40 19 850 72 20 850 79 29 850 100 24 851 10 22 851 37 22 853 11 23 853 14 0 853 80 7 853 87 10 855 18 19 855 20 15 855 53 5 855 88 7 856 52 14 856 66 13 856 81 25 858 11 1 858 74 6 858 74 31 858 87 17 858 91 18 859 4 7 859 22 28 859 38 28 859 42 8 859 47 5 859 58 11 860 10 12 860 77 9 860 88 8 862 20 20 862 26 16 862 59 30 862 98 24 863 2 21 863 36 1 863 42 1 863 44 29 863 71 9 863 74 10 863 98 6 864 56 1 864 62 8 864 78 28 864 89 3 865 11 25 865 67 9 866 51 2 866 80 29 867 42 13 867 50 17 867 79 5 867 88 22 867 93 7 868 36 23 868 82 25 868 100 30 869 0 31 869 79 31 870 3 9 870 14 9 870 23 7 870 35 8 870 46 26 871 9 27 871 82 29 871 87 6 871 88 28 871 98 26 872 74 12 872 80 7 873 94 17 874 49 25 875 47 21 876 24 30 876 33 27 876 47 20 876 65 15 876 72 30 876 94 28 877 31 17 877 59 0 877 69 14 878 47 10 878 81 0 879 18 11 879 26 24 879 73 23 879 75 1 879 84 25 880 9 26 880 10 25 880 17 0 880 19 10 880 69 26 880 96 4 881 76 6 882 47 19 882 50 23 882 83 12 882 84 10 883 15 15 883 44 3 883 49 19 883 89 20 884 11 6 884 12 19 884 58 2 884 80 10 884 97 21 885 11 18 886 42 28 886 69 1 886 77 8 886 78 13 887 3 5 887 84 18 888 5 4 888 16 0 888 69 21 889 3 16 889 4 1 889 8 29 889 10 28 889 12 16 889 60 23 889 67 24 889 96 26 890 17 10 890 34 31 890 71 15 891 27 0 891 78 13 892 27 6 892 63 13 892 64 23 892 74 21 892 74 31 892 75 4 893 42 14 893 58 20 894 7 7 894 54 4 894 100 11 895 62 29 895 87 3 896 63 1 896 97 2 897 7 10 897 11 11 897 21 26 897 38 9 897 46 0 897 48 16 899 6 22 899 12 5 900 38 17 900 46 4 901 47 19 901 59 31 901 93 30 901 100 14 902 24 15 902 27 22 902 90 18 903 89 18 904 60 12 906 16 9 906 94 9 907 5 30 907 12 1 907 39 1 907 76 29 907 97 0 908 37 10 908 47 8 908 58 3 909 25 14 909 55 27 909 75 31 910 1 26 910 9 2 910 20 30 910 30 24 910 80 8 910 96 28 911 22 2 911 37 27 911 71 21 912 68 23 912 87 10 913 7 23 913 29 23 913 36 23 913 53 5 913 65 19 914 23 7 915 2 30 915 22 10 916 5 7 916 25 2 916 29 24 916 47 14 916 83 9 917 48 14 917 95 30 917 100 12 918 55 3 919 21 7 919 23 17 920 19 13 920 85 13 921 8 22 921 57 5 921 61 0 921 61 7 921 77 22 921 78 10 921 95 0 922 6 22 922 20 4 922 37 25 922 92 7 923 7 19 923 23 3 923 70 24 923 80 11 923 85 7 924 84 26 925 30 20 925 38 31 926 89 5 927 59 0 927 66 11 927 81 9 927 85 6 927 93 19 927 96 14 928 16 4 929 4 20 929 20 1 929 24 11 929 52 4 929 60 31 929 95 25 930 27 28 930 59 2 930 66 9 931 11 17 931 21 0 931 32 23 931 43 0 931 74 14 932 19 31 932 53 28 933 25 6 933 26 23 933 34 12 933 66 4 933 69 23 933 79 19 934 18 13 934 19 10 934 49 3 934 92 9 935 8 14 935 9 10 935 10 17 935 40 25 935 54 15 935 55 15 936 13 17 937 9 31 937 15 30 937 45 17 937 75 15 937 83 29 938 5 1 938 26 26 938 42 7 939 40 20 939 66 0 939 86 28 940 15 5 940 34 31 940 91 0 941 65 17 941 90 8 941 96 30 942 8 23 942 19 22 942 45 5 943 44 8 943 81 12 943 87 10 944 73 20 945 20 26 945 52 22 946 19 8 947 10 13 947 17 5 947 32 6 947 33 11 947 68 30 948 20 21 948 46 2 948 94 25 949 7 0 949 85 21 949 98 30 950 11 6 950 34 25 950 83 19 950 91 31 951 66 25 951 100 19 952 4 8 952 47 12 952 50 13 952 71 12 953 18 22 953 24 0 953 80 13 955 9 11 955 20 27 955 22 16 955 58 5 955 100 31 956 16 15 956 41 5 956 63 29 956 78 13 957 58 31 957 65 1 958 17 2 958 27 30 958 73 23 959 30 19 960 13 4 960 33 10 960 54 28 960 64 8 960 81 19 960 90 8 961 79 19 962 28 22 962 32 9 962 50 15 962 50 30 963 8 19 963 14 14 963 30 16 963 54 18 963 56 31 963 77 24 963 81 14 963 89 15 963 97 30 964 53 26 964 75 13 964 78 31 964 93 31 964 98 31 965 27 23 965 58 1 965 87 20 966 63 16 967 2 15 967 66 19 967 86 12 969 90 12 971 12 9 971 19 4 971 48 6 971 52 22 972 75 7 973 23 12 973 70 2 973 73 16 973 76 14 973 88 31 973 96 12 974 38 16 974 53 12 974 65 24 974 69 17 974 73 20 974 90 18 975 8 6 975 28 25 975 65 23 975 84 27 975 96 9 976 13 29 976 30 5 976 86 27 977 15 14 977 17 19 977 57 21 977 60 4 978 26 20 979 9 12 979 28 12 979 51 23 979 96 27 980 73 28 981 7 26 981 27 0 981 41 22 981 90 17 982 11 25 982 14 17 982 30 16 982 31 17 982 56 19 982 84 5 983 42 6 983 43 17 983 64 23 983 65 27 984 55 7 984 66 20 985 39 6 985 42 27 985 62 4 987 12 14 988 32 20 988 47 29 989 5 11 989 31 12 989 49 28 989 52 21 989 80 12 990 40 13 990 59 26 990 61 14 991 9 7 991 52 13 991 54 7 991 63 2 993 29 11 993 79 12 994 2 23 994 3 8 994 19 9 994 68 13 994 71 12 995 19 8 995 31 22 995 36 4 995 52 17 995 73 31 996 27 31 997 8 13 997 60 7 997 91 18 997 99 27 998 80 9 999 8 28 999 34 30 999 96 22 999 98 14 1000 5 7 1000 24 29 1000 43 24 1000 60 16 1000 78 12 1000 83 1 1001 36 18 1001 55 26 1001 60 0 1002 1 16 1002 2 29 1002 32 16 1002 83 24 1002 92 23 1003 17 23 1004 16 6 1004 27 14 1004 28 1 1005 16 28 1005 88 10 1005 90 16 1006 27 23 1006 46 17 1006 75 15 1007 24 9 1007 26 10 1008 6 16 1008 56 0 1009 41 20 1010 33 14 1010 35 20 1011 1 18 1011 17 16 1011 70 10 1011 84 28 1012 57 3 1012 77 26 1012 90 15 1012 91 12 1012 97 21 1013 15 11 1013 63 25 1013 70 24 1013 93 13 1013 96 13 1014 19 31 1014 41 25 1014 42 29 1014 45 16 1014 65 8 1014 91 26 1015 11 15 1015 76 19 1016 49 17 1016 93 26 1017 10 26 1019 23 21 1019 28 5 1019 88 0 1020 15 0 1020 35 8 1021 34 31 1021 61 10 1021 72 28 1021 80 4 1021 83 16 1022 6 17 1022 8 7 1022 74 26 1022 75 16 1022 84 4 1023 44 2 1023 74 0 1023 92 15 1023 99 19 1024 11 25 1024 19 4 1024 40 25 1024 69 19 1024 95 2 1025 48 1 1025 52 16 1025 63 27 1026 14 27 1026 16 14 1026 43 7 1026 73 13 1026 76 18 1026 84 9 1027 16 31 1027 23 1 1027 24 4 1027 84 31 1028 0 21 1028 42 22 1028 52 9 1029 15 9 1029 31 11 1029 38 18 1029 44 15 1029 71 10 1030 67 26 1030 85 3 1031 30 13 1031 31 18 1031 53 28 1031 71 6 1031 85 9 1032 16 0 1033 2 19 1033 7 19 1033 34 28 1033 38 9 1033 56 29 1033 64 22 1033 71 26 1033 85 12 1034 52 22 1035 12 17 1035 44 28 1035 71 3 1035 79 29 1036 48 8 1036 50 9 1036 68 26 1036 80 9 1037 5 1 1037 67 27 1038 61 8 1039 54 19 1039 92 29 1039 94 1 1040 0 5 1040 4 19 1040 56 11 1041 22 24 1041 23 19 1041 79 27 1042 8 20 1042 16 16 1042 20 11 1042 42 31 1043 10 3 1043 12 1 1043 42 5 1043 49 2 1043 69 23 1044 80 20 1045 38 28 1045 63 3 1045 100 5 1046 66 27 1047 30 11 1048 10 31 1049 26 28 1049 39 1 1049 41 12 1049 46 4 1049 52 14 1049 76 31 1049 86 10 1050 43 1 1050 46 23 1050 71 3 1050 88 29 1050 89 17 1050 90 6 1050 90 14 1051 75 30 1051 90 21 1053 7 26 1053 21 23 1053 27 3 1053 44 24 1054 82 30 1054 85 4 1055 4 0 1055 74 17 1055 92 0 1056 51 17 1056 92 4 1057 11 24 1057 20 30 1057 53 21 1057 75 19 1057 87 30 1057 88 4 1058 2 21 1058 12 30 1058 31 26 1058 37 8 1058 42 20 1058 55 8 1058 57 31 1058 74 29 1058 84 9 1058 94 6 1059 19 23 1059 22 27 1059 37 25 1059 47 5 1059 55 8 1059 81 3 1059 87 30 1060 40 12 1060 51 29 1060 74 25 1061 2 4 1061 60 8 1061 80 19 1061 95 7 1061 96 28 1062 10 16 1062 31 12 1062 46 2 1062 59 28 1062 99 29 1063 2 11 1063 3 13 1063 56 30 1063 71 21 1063 91 14 1064 13 16 1064 31 27 1064 55 9 1065 71 25 1067 17 18 1067 40 15 1068 28 12 1068 29 29 1068 61 18 1068 67 1 1068 72 1 1068 79 31 1068 85 0 1068 92 11 1069 76 12 1069 87 20 1069 92 27 1070 13 0 1070 53 1 1070 95 2 1071 14 29 1072 26 30 1072 47 13 1072 64 30 1073 15 17 1073 37 2 1073 38 20 1073 69 6 1074 23 9 1074 56 5 1074 63 31 1075 78 11 1076 2 15 1076 91 31 1077 7 23 1077 27 24 1078 3 16 1078 19 12 1078 31 13 1079 20 16 1079 62 13 1079 64 0 1080 14 17 1080 24 30 1080 83 11 1081 16 19 1081 36 19 1081 47 30 1082 12 22 1082 39 31 1082 62 28 1083 71 16 1083 79 7 1084 14 26 1084 31 6 1084 43 4 1084 74 27 1084 86 6 1085 92 4 1086 34 29 1086 53 30 1086 79 19 1087 2 29 1087 41 9 1087 70 30 1088 20 1 1088 72 24 1088 90 19 1089 58 17 1089 67 5 1090 35 28 1090 55 26 1091 45 30 1091 82 1 1092 35 3 1092 40 17 1092 72 30 1093 3 23 1093 95 30 1094 24 20 1094 71 7 1095 13 24 1095 65 11 1096 5 7 1096 32 20 1096 57 24 1096 65 21 1096 79 23 1097 51 3 1097 62 26 1098 47 7 1098 55 10 1098 75 0 1098 80 3 1099 23 15 1099 72 30 1099 75 15 1099 100 24 1100 43 11 1100 57 7 1101 17 30 1101 75 20 1102 31 29 1102 38 30 1103 51 25 1103 53 23 1103 61 9 1104 27 11 1105 17 21 1105 20 19 1105 27 25 1105 74 4 1105 91 8 1106 6 26 1106 20 16 1108 9 25 1108 18 21 1110 35 8 1110 40 21 1110 78 31 1111 17 3 1111 50 15 1111 60 7 1111 68 18 1111 70 13 1111 79 19 1112 13 31 1112 19 7 1112 59 28 1113 27 7 1113 35 21 1113 63 2 1113 84 14 1113 85 18 1114 65 31 1114 68 29 1115 30 3 1115 51 14 1115 73 6 1115 88 13 1115 100 9 1116 10 24 1116 16 21 1116 21 7 1116 48 13 1116 72 8 1117 13 7 1117 17 10 1117 19 14 1117 21 7 1117 36 5 1117 50 5 1117 100 3 1118 19 30 1118 63 15 1118 69 28 1118 84 31 1119 9 23 1120 31 8 1120 46 0 1120 52 21 1120 92 28 1121 4 30 1121 20 14 1121 49 23 1121 57 3 1121 70 26 1122 41 11 1122 44 26 1122 81 11 1123 6 28 1123 11 26 1123 15 28 1123 84 19 1124 21 6 1124 83 18 1125 2 11 1125 11 9 1125 55 18 1125 65 23 1125 69 8 1125 84 29 1125 93 18 1126 14 14 1126 14 21 1126 61 2 1127 5 19 1127 21 7 1127 48 5 1127 50 13 1127 64 16 1127 96 11 1128 30 19 1128 43 19 1128 82 25 1129 48 10 1129 78 1 1129 94 29 1130 3 6 1130 10 7 1130 19 0 1130 52 27 1130 59 10 1130 60 13 1130 64 22 1131 4 5 1131 61 30 1132 57 29 1132 58 25 1132 86 29 1132 97 0 1133 5 31 1133 7 9 1133 40 30 1133 41 23 1133 55 6 1133 92 1 1134 6 0 1135 29 27 1135 72 5 1135 82 17 1136 2 6 1136 19 27 1136 82 17 1136 84 18 1136 97 15 1137 70 10 1138 35 5 1138 49 8 1138 87 24 1139 45 16 1140 34 10 1140 54 25 1140 65 11 1140 83 0 1141 7 27 1141 13 3 1141 14 29 1141 89 26 1142 44 21 1142 71 0 1142 77 8 1143 3 0 1143 35 22 1143 60 29 1143 72 21 1144 82 4 1145 27 8 1145 82 13 1146 100 5 1147 21 19 1147 49 6 1148 16 27 1148 72 13 1148 73 12 1148 74 12 1148 93 17 1149 6 26 1149 67 27 1149 90 1 1150 38 26 1151 54 0 1151 82 24 1151 91 10 1152 38 9 1152 43 26 1152 93 10 1153 37 28 1153 67 19 1153 90 29 1154 32 2 1154 71 14 1154 100 30 1155 17 7 1156 80 13 1156 95 11 1157 22 4 1157 41 18 1157 41 27 1157 85 9 1158 7 8 1158 11 2 1158 11 31 1158 17 15 1158 51 14 1158 97 20 1159 8 20 1159 22 23 1159 41 18 1159 46 12 1159 69 22 1159 76 29 1159 80 18 1160 2 31 1160 51 3 1160 65 1 1161 23 10 1161 42 28 1161 45 13 1161 51 23 1161 54 31 1161 61 30 1162 74 30 1163 44 0 1163 69 27 1164 18 0 1164 68 0 1165 31 24 1165 36 9 1165 93 24 1166 4 24 1166 8 9 1166 36 29 1167 16 25 1167 68 9 1167 82 3 1167 85 26 1167 87 14 1168 21 27 1168 32 21 1168 55 13 1168 95 16 1169 75 9 1170 21 9 1170 80 1 1172 26 29 1172 46 21 1172 59 23 1172 68 1 1172 74 17 1172 100 26 1173 61 2 1173 98 22 1174 34 17 1174 76 6 1175 33 2 1175 40 5 1175 40 9 1175 45 17 1175 90 0
251 3563 0.001 72 4 2 72 24 4 72 69 15 72 90 7 73 46 15 73 65 16 74 61 4 74 79 13 75 43 23 75 86 31 76 18 20 76 29 28 76 47 19 76 48 6 76 81 10 77 52 30 77 55 26 77 78 4 78 37 23 78 83 0 79 84 26 80 45 21 80 68 15 81 36 28 81 49 23 81 66 18 82 25 11 82 36 24 82 77 28 82 83 20 82 84 31 82 98 2 83 10 23 83 25 9 83 55 29 83 76 20 83 81 29 84 79 0 85 5 27 85 9 9 85 9 24 85 57 24 85 90 19 86 0 23 87 32 19 87 35 12 87 58 27 87 62 9 87 91 0 87 98 9 89 17 17 89 44 22 89 56 23 89 77 23 90 22 30 90 28 12 90 41 7 90 56 20 90 63 17 91 39 26 92 10 30 92 37 28 92 38 14 92 48 21 93 15 13 93 21 0 93 35 22 94 9 21 94 19 12 94 40 1 94 47 17 94 55 0 94 88 12 95 12 6 95 27 5 95 58 1 95 59 1 95 73 3 96 16 26 96 22 26 96 27 12 96 34 30 96 38 29 96 66 4 96 66 13 96 78 24 96 81 11 97 5 9 97 27 30 97 73 25 98 1 7 98 46 24 99 4 25 99 18 6 99 46 0 99 53 2 99 85 14 100 25 2 100 29 28 101 1 13 101 35 26 101 57 8 101 86 8 101 98 20 102 62 15 102 86 5 102 87 22 103 50 6 103 62 2 104 19 19 104 20 2 104 34 18 104 77 7 104 100 28 105 47 24 105 48 6 105 84 8 106 10 26 106 30 9 106 61 28 106 69 5 107 46 15 107 51 4 107 91 15 108 17 9 108 24 2 108 43 9 109 11 31 109 39 7 109 64 7 110 20 10 111 3 23 111 56 23 112 8 29 112 11 29 114 29 6 115 0 6 115 44 4 115 54 17 115 70 6 115 94 30 116 57 20 116 59 30 116 77 7 116 92 20 116 100 6 117 12 27 117 90 26 118 10 26 119 15 25 119 66 7 119 72 5 119 81 7 120 36 22 120 44 27 120 45 28 120 59 9 121 23 12 121 36 9 121 57 19 122 52 27 122 96 22 123 20 1 123 21 6 123 55 31 123 72 28 123 82 4 123 83 14 124 20 8 124 68 30 124 78 24 124 86 7 125 9 15 125 50 7 125 50 30 125 81 7 126 22 12 126 35 10 126 36 9 126 40 12 126 49 31 126 87 31 127 20 2 127 69 13 128 7 28 128 30 4 128 31 2 128 45 15 128 63 21 129 88 1 130 32 24 130 46 17 130 50 18 130 75 31 131 48 14 131 48 20 131 65 28 132 4 11 132 87 17 132 95 7 133 15 25 133 41 20 134 19 0 134 50 17 134 54 30 134 87 2 135 9 13 135 22 2 135 87 7 135 97 28 136 30 31 136 33 0 136 62 31 136 70 19 137 77 17 137 100 11 139 7 7 139 10 6 139 27 12 139 37 0 139 41 27 139 51 30 140 13 9 140 32 28 141 4 17 141 51 3 141 53 1 141 53 14 141 78 12 142 22 6 142 40 7 142 45 13 142 59 29 142 98 14 143 8 8 143 26 18 143 56 22 143 68 15 144 27 24 144 54 10 144 92 11 144 95 28 145 45 1 145 66 12 146 11 20 146 12 29 146 15 17 146 46 4 148 51 20 148 67 19 148 75 9 149 37 6 149 45 12 149 58 5 151 5 14 151 59 11 151 70 0 151 86 24 153 18 16 153 24 19 153 28 11 153 44 26 153 45 11 153 51 18 153 55 5 153 72 14 153 79 7 153 94 15 154 26 30 154 39 4 154 90 8 155 38 9 155 64 11 155 76 22 155 76 25 156 83 10 157 0 6 158 9 20 158 13 23 158 21 1 158 85 9 159 44 20 159 77 11 160 10 15 160 21 13 160 41 12 160 66 30 160 83 1 161 49 30 161 57 25 162 14 21 162 30 2 162 82 22 163 27 0 163 47 5 163 50 19 163 71 18 163 100 7 164 3 7 164 54 6 164 57 12 164 88 11 164 95 15 165 14 11 165 94 15 166 9 9 166 79 23 166 84 4 167 12 18 167 16 9 167 40 16 167 47 17 167 60 7 167 63 9 168 54 23 168 80 4 169 53 27 170 22 17 170 41 30 170 59 19 170 65 10 170 69 19 170 73 24 170 85 22 171 13 22 171 36 8 171 81 0 173 24 18 173 30 24 173 39 12 173 83 2 173 93 19 174 0 1 174 17 12 174 49 10 174 50 8 174 92 2 175 7 14 175 17 9 175 44 3 175 51 24 175 59 17 175 79 21 175 92 1 175 94 16 176 3 9 176 7 4 176 39 25 176 67 23 176 97 27 177 5 11 177 24 31 177 36 11 177 55 3 177 58 28 177 91 24 178 38 1 178 67 5 179 34 5 179 38 13 179 39 16 179 43 6 179 44 2 179 52 11 179 53 12 180 2 16 180 37 28 180 64 8 181 52 8 181 71 12 182 49 20 183 31 21 183 55 30 183 100 24 184 17 26 184 24 3 184 26 16 184 27 16 184 32 24 184 57 10 185 28 2 185 30 26 185 53 6 185 61 9 186 40 0 186 50 12 187 4 31 187 68 10 189 2 10 189 17 2 189 45 2 190 10 16 190 69 5 190 94 15 191 44 12 191 61 18 192 33 5 192 68 13 192 77 29 193 25 12 193 97 17 194 13 20 194 21 14 194 30 28 194 57 26 195 50 18 196 15 19 196 47 10 196 65 23 196 67 28 197 9 23 198 16 2 198 32 14 198 68 13 198 77 11 199 6 28 200 1 15 200 41 23 201 0 6 201 20 11 201 58 0 201 76 30 201 82 26 201 91 23 203 5 28 203 20 30 203 54 21 203 87 12 204 15 24 204 20 29 204 22 15 204 84 22 205 2 14 205 40 12 205 42 6 205 86 4 205 89 2 206 95 29 207 0 21 207 2 27 207 73 4 207 84 21 208 0 25 208 56 20 208 90 12 209 75 19 209 88 24 210 10 4 211 45 6 211 85 23 212 5 22 212 7 31 212 10 29 212 18 25 212 36 19 212 43 26 212 96 14 213 21 5 213 49 26 214 18 19 214 28 13 214 49 29 214 59 29 214 66 9 215 84 16 216 27 7 216 84 13 216 86 13 217 82 15 218 0 0 218 5 19 218 40 2 218 61 16 219 81 11 219 89 10 220 16 2 220 19 4 220 36 12 220 37 26 220 75 9 220 100 31 221 16 19 221 54 1 221 76 20 221 78 17 221 80 21 221 84 29 221 88 27 222 4 19 222 48 9 222 48 11 222 71 30 222 80 30 222 84 31 222 86 29 222 88 5 223 29 12 223 29 23 223 42 2 223 55 6 223 88 31 224 26 29 224 44 10 225 61 5 225 69 5 226 9 3 226 25 14 226 26 10 226 33 29 226 46 4 226 48 11 227 24 25 227 59 18 227 60 16 227 87 5 228 21 3 228 23 30 228 63 22 228 84 14 228 87 13 229 39 23 229 42 31 229 45 12 230 2 20 230 36 5 230 42 9 230 48 4 230 72 7 230 94 20 231 41 18 231 69 2 231 74 29 232 37 9 232 65 26 233 37 11 234 31 25 234 33 5 234 87 3 235 41 18 235 47 22 235 57 31 235 67 23 235 68 4 235 97 27 236 1 21 236 40 0 236 70 17 236 75 12 236 81 23 237 16 25 237 63 6 237 68 15 238 20 14 238 34 26 238 72 3 239 49 27 240 38 2 240 46 3 241 6 22 241 42 18 242 88 26 243 6 17 243 14 20 243 26 27 243 39 3 243 69 16 243 79 24 243 89 10 244 7 23 244 23 29 244 30 19 244 46 25 244 60 16 244 92 21 245 95 12 246 66 10 246 73 1 246 88 27 246 95 17 246 95 29 247 48 8 247 54 1 247 95 15 247 97 25 247 98 16 248 21 30 248 76 9 248 91 9 249 20 8 249 44 22 249 49 0 249 71 8 249 84 5 249 92 22 250 27 4 250 56 28 250 59 0 250 61 2 250 68 1 251 73 8 251 84 30 251 89 4 252 11 24 252 79 15 253 2 21 253 66 10 254 0 5 254 18 22 254 22 24 254 37 24 255 23 11 255 50 20 256 2 11 256 51 25 258 15 11 258 61 18 259 20 16 259 90 21 260 20 24 260 22 2 260 37 19 260 89 16 261 15 25 261 23 10 261 71 10 262 1 18 262 5 19 262 20 7 262 28 1 262 72 29 262 79 28 262 88 15 263 30 16 263 30 31 263 41 27 263 71 14 263 98 24 264 7 5 264 17 16 264 58 28 265 27 21 265 53 14 265 67 12 265 71 24 265 85 7 266 52 25 266 96 18 267 5 21 267 74 14 268 1 15 268 11 19 268 15 0 268 35 9 269 35 10 269 42 16 269 98 24 270 15 27 270 23 15 270 26 0 270 38 23 270 53 4 271 32 8 271 94 12 272 36 26 272 39 31 273 15 27 273 38 22 273 53 11 273 62 29 273 64 31 273 82 25 274 11 0 274 33 15 274 90 23 274 95 8 275 52 0 275 63 26 275 78 18 275 86 15 275 95 8 276 16 1 276 44 9 276 51 10 277 28 31 277 41 15 277 72 11 277 91 17 277 93 27 277 96 28 279 4 16 279 38 24 279 44 21 279 58 27 279 72 3 279 87 27 279 88 4 279 93 24 280 58 12 280 59 2 280 61 17 281 95 22 282 31 19 284 54 22 284 100 14 285 1 29 285 12 10 285 80 13 286 43 31 287 53 18 288 3 27 288 43 4 288 64 0 289 13 10 290 67 7 290 77 8 291 68 14 291 79 6 292 20 20 292 41 9 292 61 11 292 61 22 292 67 1 292 99 16 293 8 12 293 14 17 293 18 27 293 22 5 293 25 12 293 52 16 293 86 25 294 4 18 294 50 25 295 67 24 295 86 6 296 8 1 296 12 24 296 42 21 297 5 17 297 26 18 297 39 16 297 66 16 297 99 28 298 15 28 298 29 6 298 65 3 298 78 13 299 15 1 300 3 31 300 46 8 300 54 28 300 77 13 301 62 19 302 43 5 302 77 28 303 80 11 304 47 12 304 52 13 304 97 16 305 20 11 306 58 22 307 30 31 307 36 20 307 38 12 307 45 13 307 65 27 307 80 0 307 92 7 308 39 15 309 26 13 309 58 14 310 34 5 310 54 2 311 5 29 311 15 12 311 43 29 311 72 8 312 30 5 313 27 3 313 29 13 313 44 21 313 47 20 314 20 23 314 46 15 314 73 22 314 86 16 315 66 7 316 1 1 316 15 12 316 40 5 316 51 18 316 80 20 316 90 1 316 95 31 317 91 6 318 2 2 318 23 1 318 93 25 319 88 19 320 32 11 320 33 21 320 48 28 320 54 18 320 65 0 322 17 25 322 36 10 322 74 12 323 41 23 323 45 12 324 1 18 324 8 31 324 33 17 324 61 10 324 89 21 325 37 28 325 47 12 325 74 28 325 77 25 326 78 26 327 45 18 327 96 2 328 29 29 328 94 18 329 28 7 329 43 3 329 94 0 329 98 21 330 0 7 330 2 28 330 4 9 330 23 28 330 51 24 331 41 13 331 44 23 331 96 5 333 11 23 333 25 9 333 28 2 333 94 27 334 43 15 334 44 28 334 47 13 334 50 13 334 55 24 334 71 29 335 79 9 335 98 7 335 100 16 336 45 23 336 58 17 337 63 16 338 96 7 339 57 10 339 67 25 340 10 6 340 28 3 340 39 28 340 66 9 340 69 21 341 9 21 341 22 28 342 10 13 342 28 17 343 6 3 344 6 11 344 8 7 344 20 9 344 39 19 345 25 16 345 100 18 347 3 28 347 18 10 347 72 9 347 77 12 347 100 13 348 2 22 348 35 21 348 71 14 348 72 21 348 95 5 349 18 24 349 72 30 350 17 11 350 21 6 350 22 28 350 34 12 350 74 12 350 81 11 351 1 23 351 70 2 351 99 28 352 25 22 352 88 23 353 40 30 353 60 24 353 94 28 354 43 16 354 65 22 354 76 16 355 12 15 355 54 12 355 82 29 356 13 24 356 46 6 356 79 1 356 87 6 357 71 16 358 2 11 358 25 13 358 40 4 358 44 10 358 57 16 359 36 12 359 42 17 359 46 31 359 89 14 359 95 14 360 49 22 360 55 25 360 79 7 361 39 16 361 42 9 361 86 1 362 9 31 362 56 28 362 74 8 362 80 1 362 97 3 363 23 1 363 29 23 363 32 21 363 53 25 364 63 31 364 72 9 364 80 0 364 84 31 364 88 19 365 4 20 365 31 24 365 88 27 366 32 28 367 8 19 368 49 15 368 56 29 368 61 0 369 7 19 369 15 19 370 8 7 370 11 29 370 14 23 370 71 1 370 72 3 370 97 25 371 32 15 371 95 6 372 0 9 372 22 16 372 32 0 372 62 13 372 64 29 372 71 14 373 32 8 374 8 28 374 31 1 374 33 24 374 69 13 376 7 31 376 11 17 376 28 1 376 88 9 377 27 16 377 30 17 377 52 25 377 85 17 377 98 20 378 21 18 378 32 29 379 1 22 379 50 23 380 35 28 380 68 12 381 57 16 381 63 16 382 56 25 383 8 4 383 27 8 383 33 31 383 42 14 383 51 17 383 84 29 383 98 25 384 22 12 384 50 16 384 85 5 385 3 24 385 17 14 385 27 5 385 83 7 385 89 28 385 98 0 386 4 29 386 15 27 386 25 31 386 42 5 387 24 8 387 70 28 387 79 5 387 80 17 388 5 30 388 6 9 388 28 27 388 53 27 388 77 29 389 1 15 389 21 24 389 39 5 389 64 9 389 74 24 390 54 13 390 60 19 390 94 9 391 76 17 392 25 28 392 35 29 392 58 25 392 67 17 392 74 23 392 88 4 393 8 31 393 35 2 393 37 14 393 67 16 394 10 25 394 36 20 394 67 22 394 95 9 395 9 21 395 28 10 395 30 22 395 51 15 395 53 9 395 54 23 395 56 28 396 35 17 396 52 17 396 54 31 396 94 9 397 16 26 397 22 21 397 57 21 397 64 24 397 98 16 398 55 24 398 96 27 399 50 29 399 54 7 400 9 27 400 43 18 400 61 29 400 80 15 400 99 26 401 57 5 401 86 6 401 99 6 402 34 28 402 98 13 402 100 12 403 19 1 403 85 29 404 13 23 404 75 11 404 81 8 404 92 12 405 1 31 405 28 1 405 54 26 405 62 4 405 87 10 405 91 19 406 46 11 406 55 15 406 62 29 406 63 16 407 24 11 407 35 24 407 52 13 408 14 14 408 75 12 408 97 6 409 44 6 409 75 12 409 99 25 410 8 20 410 17 10 410 17 20 410 32 25 410 86 21 410 92 31 411 85 21 411 99 31 412 26 31 412 35 3 412 59 24 413 63 2 413 71 6 413 87 14 413 91 2 414 99 22 415 21 16 415 25 9 415 29 14 415 45 10 415 75 13 416 6 26 416 52 20 416 52 27 416 82 28 416 92 29 417 88 1 418 4 11 418 45 5 418 48 2 420 58 14 420 68 7 421 5 14 421 6 13 421 96 2 422 8 13 422 96 31 423 99 4 424 5 22 424 62 11 424 93 18 425 4 13 425 5 5 425 22 5 425 34 15 425 91 14 427 21 6 427 60 5 427 82 7 428 17 29 428 46 11 428 58 4 429 17 1 429 61 13 429 84 23 430 18 29 430 60 8 431 31 14 431 47 23 432 5 10 432 17 3 432 18 31 432 44 15 432 72 28 432 85 18 432 92 31 433 3 24 433 52 13 433 76 8 433 76 11 433 86 8 433 93 25 434 39 7 434 71 1 435 13 31 436 0 2 436 48 10 436 97 25 437 57 5 437 72 10 437 99 25 438 32 1 438 74 16 438 76 24 439 28 13 439 47 23 439 67 9 439 74 15 439 87 24 439 99 30 440 30 24 440 43 9 440 47 28 441 61 29 441 63 11 441 92 31 442 18 8 443 5 31 443 6 11 443 53 5 443 67 25 444 23 25 444 41 25 444 72 15 444 93 23 445 30 29 445 54 9 446 38 25 446 43 11 446 61 28 446 63 0 446 88 31 446 97 2 447 81 12 448 27 10 448 57 14 448 85 15 449 34 4 449 42 3 450 34 28 451 5 0 451 54 27 451 78 5 451 88 21 452 42 31 453 80 13 454 9 16 454 55 26 454 75 4 455 69 27 455 83 15 455 84 18 456 37 21 456 55 10 456 57 1 457 43 17 457 44 17 457 95 16 458 21 25 458 66 16 458 67 24 458 98 30 459 12 5 459 21 12 459 66 16 459 69 11 460 15 4 460 20 20 460 37 22 460 39 18 460 51 13 460 100 16 461 32 7 461 35 10 461 71 22 461 82 11 462 13 2 462 56 10 464 22 16 464 36 1 464 42 11 464 42 25 464 49 13 464 97 30 465 31 15 465 52 3 465 67 1 466 31 28 466 90 26 467 20 7 467 47 25 467 52 24 468 41 28 469 15 5 469 17 2 469 46 22 469 67 21 469 72 12 469 89 0 470 5 23 470 9 23 470 53 21 470 58 26 470 59 11 470 75 4 470 86 11 471 9 18 471 27 15 471 43 30 471 54 29 471 54 30 471 60 7 471 81 30 471 89 12 472 32 1 472 62 25 473 7 14 473 28 28 473 55 0 473 67 14 473 91 1 474 7 19 474 86 8 474 88 0 475 31 2 475 72 17 475 74 5 475 93 0 476 32 2 476 47 15 476 52 3 476 58 29 476 65 11 476 66 10 476 91 7 477 0 6 478 3 7 478 4 15 478 6 6 478 9 12 478 31 27 478 39 26 478 55 5 478 60 30 479 16 10 479 16 25 479 25 0 479 60 0 479 86 12 480 41 17 480 83 25 480 97 12 481 6 3 481 27 14 481 30 0 481 68 6 481 87 23 481 93 30 482 17 28 482 17 30 482 32 5 482 50 16 482 70 26 483 29 6 483 78 18 484 5 8 484 10 21 484 43 13 485 15 3 485 31 12 485 59 16 486 24 17 486 36 11 487 34 15 487 60 25 487 73 13 487 98 18 488 25 18 488 41 27 488 91 28 489 37 5 489 61 30 489 77 29 490 1 30 490 11 29 490 24 0 490 31 4 490 81 2 490 84 1 491 27 29 491 33 7 491 57 25 491 89 0 492 23 20 492 24 14 492 39 7 492 96 9 493 36 5 493 83 9 493 99 8 494 53 1 494 100 23 495 56 2 495 76 16 496 3 0 496 4 21 496 51 20 496 96 29 496 99 29 497 8 2 497 49 28 497 66 12 497 93 28 498 7 7 498 25 11 498 28 4 498 62 5 498 85 16 498 90 14 499 40 28 499 49 3 500 5 10 500 23 24 500 37 29 501 59 24 501 73 5 501 92 14 501 96 10 502 11 2 502 49 18 502 83 10 502 83 29 502 90 3 503 37 12 503 50 31 503 77 9 504 28 11 504 100 15 504 100 19 505 51 29 505 86 26 505 88 7 505 95 8 506 48 6 506 75 24 506 91 23 506 97 28 507 15 31 507 25 4 507 44 24 507 72 11 508 4 20 508 14 19 508 19 17 508 63 2 508 71 7 509 71 17 510 3 20 510 13 17 510 72 25 510 83 10 512 11 19 512 71 9 512 83 20 513 0 7 513 25 6 513 43 17 514 10 5 514 10 25 514 60 23 514 81 5 515 21 20 515 64 21 515 72 30 516 95 30 517 33 14 518 16 13 518 35 26 518 65 13 518 72 25 518 83 6 518 98 29 519 84 18 520 9 1 520 25 28 520 39 26 521 46 24 521 95 8 522 20 24 522 39 13 522 58 29 523 44 27 523 54 7 523 80 3 523 87 6 524 44 8 524 61 30 524 64 21 524 73 14 524 96 6 525 42 9 525 44 29 526 0 18 526 40 19 526 47 11 526 57 4 526 72 18 527 1 5 528 10 23 528 25 19 528 43 16 528 99 10 529 0 12 529 54 17 529 77 10 529 97 3 530 18 9 530 25 4 530 36 2 530 59 11 530 70 20 531 23 23 531 27 15 531 53 4 531 75 31 532 17 15 532 26 16 532 57 29 532 91 25 533 8 25 533 62 30 533 97 19 534 4 21 534 10 1 534 67 3 535 9 15 535 70 31 535 100 13 536 15 23 536 46 0 536 58 27 536 85 7 537 52 24 537 61 18 537 64 20 538 0 3 538 20 4 538 64 30 539 9 23 539 18 22 539 19 17 539 83 14 540 44 11 540 59 31 540 76 15 541 9 11 541 69 1 542 22 26 542 28 16 542 50 3 542 94 29 543 4 17 543 38 8 543 46 8 543 55 30 544 15 22 544 36 29 544 89 17 545 15 14 545 28 9 545 52 3 545 58 5 545 66 1 545 83 2 546 15 29 546 36 10 546 38 0 546 49 23 546 70 23 546 87 9 547 44 13 547 61 9 547 62 6 547 67 25 547 88 2 548 70 17 548 76 31 549 1 1 549 1 11 549 4 9 550 30 23 550 71 21 551 19 28 551 48 31 551 87 2 551 92 27 552 17 27 552 30 13 552 56 24 552 75 14 552 93 1 553 1 17 553 58 5 554 96 9 555 2 13 555 34 21 555 51 30 556 32 1 556 72 2 556 97 24 557 24 17 557 48 0 558 86 17 559 73 7 559 75 12 559 100 2 560 26 7 560 45 7 560 47 11 560 76 21 561 26 10 561 27 0 562 29 18 562 41 7 562 68 6 563 6 20 563 47 6 563 53 27 563 54 23 564 69 7 565 27 29 566 12 30 566 36 13 566 65 6 567 3 23 567 18 14 567 84 20 567 86 9 567 90 1 568 26 28 568 37 2 568 52 29 568 77 10 568 84 27 569 24 13 569 87 0 569 90 12 570 27 24 570 36 21 570 38 9 571 39 4 571 41 31 571 84 16 571 88 13 572 26 29 573 31 16 573 49 9 573 81 23 574 11 18 574 46 29 575 59 6 575 99 5 577 3 11 577 19 24 577 91 24 578 67 3 578 67 15 579 14 30 579 18 31 579 23 27 579 61 13 581 16 30 581 79 20 581 84 14 582 4 25 582 7 31 582 84 8 583 3 9 583 11 9 583 30 14 583 45 16 583 56 24 584 41 27 584 52 23 584 53 10 584 67 26 585 32 2 585 44 4 586 69 8 586 88 7 587 93 9 588 92 4 589 33 25 590 12 19 590 30 16 590 71 15 590 71 16 590 90 31 591 9 15 591 41 12 591 47 11 591 51 1 591 55 22 592 1 28 592 21 21 592 22 25 592 45 24 593 15 29 593 51 22 593 88 31 593 94 10 594 8 19 594 10 24 594 39 16 594 69 21 594 94 0 595 22 16 595 44 24 595 54 21 596 44 9 596 55 17 596 63 22 596 70 25 596 87 15 597 28 8 597 57 21 598 2 10 598 21 3 598 94 9 598 97 7 599 25 24 600 83 17 600 88 21 601 5 8 601 14 9 601 62 15 601 69 16 601 98 5 602 1 23 602 5 14 602 11 28 602 55 19 602 96 7 603 11 0 603 26 4 605 80 12 605 96 11 605 96 28 606 19 7 607 67 20 607 79 12 607 91 28 608 0 3 608 7 9 608 11 28 608 64 4 609 12 23 609 18 29 609 32 6 609 60 15 610 5 11 610 51 13 610 70 2 610 91 21 611 6 28 611 19 8 611 55 16 612 11 3 612 11 21 612 16 4 612 31 10 612 46 1 612 75 12 613 12 1 613 50 15 613 93 25 614 17 10 614 65 22 614 73 21 614 87 21 615 15 1 615 46 8 615 73 14 615 73 27 615 86 12 616 44 19 618 33 11 619 8 18 619 33 13 619 37 4 619 38 31 619 79 4 620 1 22 620 49 0 620 70 11 620 89 30 621 0 0 621 6 19 621 11 0 621 15 28 622 11 17 622 96 7 623 2 1 623 5 5 624 82 19 625 17 28 625 24 3 625 64 3 626 19 8 626 26 17 626 38 11 626 46 5 626 68 17 626 77 0 626 80 10 626 90 15 627 32 3 627 45 17 627 94 21 628 3 16 628 59 29 628 60 11 628 72 18 629 12 8 629 25 9 629 76 0 629 84 2 630 3 25 630 24 24 630 53 15 630 64 15 631 79 24 631 95 7 632 25 22 632 28 29 632 92 27 633 6 4 633 37 23 633 85 6 633 85 8 634 19 5 634 31 8 635 39 15 636 0 7 636 61 18 636 97 15 637 17 5 637 25 3 637 29 0 637 41 30 637 62 5 637 93 27 638 75 27 638 76 15 638 78 25 639 23 21 639 45 25 639 98 15 639 99 20 640 15 22 640 68 23 641 8 9 641 76 7 641 99 25 642 31 31 642 57 2 642 70 16 643 8 20 643 11 13 643 45 17 643 95 6 644 84 12 644 91 12 645 5 13 645 60 26 645 72 18 645 84 17 645 100 13 646 6 22 646 94 10 647 13 24 647 81 10 647 100 20 648 29 24 648 51 30 649 5 30 649 13 11 650 5 6 650 37 15 650 79 2 651 7 11 651 33 21 651 45 14 651 68 11 651 78 17 652 57 28 652 67 13 652 94 16 653 46 7 653 90 8 654 4 6 654 8 24 654 13 23 654 16 1 654 34 9 654 41 15 654 63 14 654 93 29 655 3 9 655 3 26 655 25 9 655 76 1 656 40 1 656 99 27 657 56 28 657 69 14 657 69 17 658 0 15 658 18 25 658 47 25 658 82 14 658 95 29 659 48 4 659 58 19 659 91 16 659 96 13 660 25 13 660 74 25 660 84 1 660 84 18 660 99 2 660 100 3 662 37 24 662 51 14 663 21 9 663 28 14 663 32 8 663 35 5 663 76 12 664 6 22 664 48 13 664 52 10 664 90 9 665 83 6 666 2 24 666 55 9 666 72 18 666 78 28 667 67 30 667 76 28 668 35 17 668 100 28 669 19 20 670 21 22 670 23 2 670 95 10 670 97 3 671 19 6 672 33 8 672 58 16 673 17 21 673 49 16 673 62 29 674 51 29 674 65 29 674 79 9 675 3 2 675 31 6 675 37 18 675 39 19 675 69 10 675 88 14 676 0 14 676 32 2 676 37 13 676 40 30 676 79 19 678 15 8 678 15 31 678 22 2 678 41 21 679 55 19 679 88 15 680 63 18 680 65 0 680 77 23 681 2 19 681 59 23 681 84 14 681 85 16 682 37 23 682 45 22 682 73 22 682 87 20 682 88 26 683 35 8 683 75 9 684 81 12 685 1 26 685 2 17 685 40 6 685 57 24 685 66 31 685 70 22 685 86 28 686 38 9 686 59 29 686 67 1 686 74 21 687 4 18 687 29 31 687 65 20 688 5 10 688 13 24 688 47 15 688 78 0 688 87 4 689 8 14 689 10 7 690 55 18 690 92 25 691 18 27 691 83 27 692 59 0 692 65 19 692 86 17 693 0 25 693 4 8 693 43 0 693 62 0 694 13 8 694 36 21 694 65 14 694 97 31 695 3 5 695 5 12 695 19 12 696 33 27 696 87 1 696 94 27 697 34 18 699 3 15 699 15 2 699 19 29 699 24 15 699 37 28 699 73 30 699 85 1 699 92 11 700 56 18 700 57 7 701 2 29 701 37 29 701 51 24 701 73 8 702 33 10 702 92 26 703 54 9 703 60 3 703 62 23 703 68 11 705 5 10 705 14 27 705 54 29 706 19 9 706 65 11 706 71 10 707 66 29 708 60 6 708 93 4 709 27 27 709 81 1 709 81 21 709 91 9 709 95 6 709 97 25 710 40 28 710 76 3 710 86 2 710 100 3 711 13 18 711 16 1 711 66 28 711 84 8 711 97 28 712 53 19 712 56 1 712 80 29 712 83 15 712 85 0 713 22 30 714 91 19 715 31 29 715 32 30 715 45 9 715 77 13 716 8 19 716 57 25 717 5 5 718 43 16 718 53 7 718 58 15 719 1 28 719 14 16 719 23 8 719 44 9 719 61 20 720 83 11 720 95 18 721 17 10 721 91 21 722 6 1 722 74 15 723 36 20 723 64 13 724 26 11 724 26 26 724 65 6 724 79 20 725 18 24 725 57 4 726 11 23 726 23 19 726 39 20 726 46 28 727 14 3 727 27 6 727 82 27 727 94 6 728 94 13 728 99 9 729 49 7 730 41 23 730 89 13 730 91 4 731 53 13 731 59 28 731 78 23 731 84 30 732 36 8 733 30 25 733 66 4 734 23 24 734 41 3 734 52 0 734 53 15 735 7 11 735 93 23 736 18 21 736 26 30 736 46 25 736 80 27 737 19 30 737 45 15 737 56 13 737 80 24 738 0 9 738 38 2 738 46 20 738 82 26 739 54 1 741 44 1 741 49 30 741 72 20 741 85 22 742 1 3 742 2 6 742 6 8 742 79 30 743 12 18 743 28 6 743 42 6 743 62 3 744 17 5 744 44 15 744 58 7 744 58 23 744 84 21 744 98 26 745 46 26 745 62 18 745 80 28 746 3 29 746 29 2 746 34 31 746 98 15 747 24 0 747 29 29 747 37 7 747 67 7 747 67 19 747 78 28 747 94 12 748 45 18 749 19 18 749 29 12 749 71 12 749 93 5 750 15 28 750 18 11 750 23 12 750 49 18 750 50 24 750 62 6 750 90 22 750 93 11 751 34 19 751 37 9 751 86 28 752 17 9 752 40 31 752 52 7 752 72 24 753 25 4 753 81 22 753 89 1 754 2 0 754 52 3 754 63 24 754 83 14 754 94 10 755 8 12 755 13 10 755 13 23 755 34 10 755 36 3 755 100 7 757 11 23 759 55 26 759 62 15 759 99 26 760 34 12 760 39 11 760 95 13 761 30 11 761 53 24 761 80 9 762 80 26 763 0 7 763 52 9 764 7 21 764 29 2 764 56 18 765 36 31 765 37 18 765 88 27 766 31 1 766 43 23 767 50 6 767 56 15 768 19 19 768 25 2 768 52 12 768 59 18 768 83 1 769 40 22 770 1 30 770 35 17 770 60 9 770 82 2 770 82 10 770 97 0 771 65 27 771 76 20 771 89 23 771 100 12 772 0 28 772 13 21 772 29 25 772 43 11 772 57 9 772 76 21 772 89 6 773 63 8 773 64 28 773 92 20 774 7 19 774 22 4 774 94 0 775 16 18 775 22 19 775 49 22 775 62 15 775 62 24 775 94 24 776 9 17 776 75 17 776 96 12 777 29 13 777 49 6 777 56 8 778 13 17 778 65 5 779 28 25 779 34 7 779 62 25 779 64 28 779 100 10 780 24 25 780 33 21 780 36 19 781 54 28 782 46 12 783 4 18 783 16 26 783 67 13 783 89 22 784 16 14 784 25 16 784 27 2 784 64 29 784 76 17 785 41 26 785 80 23 785 87 5 785 97 25 786 88 20 786 92 25 787 25 3 787 42 24 787 52 31 787 59 24 787 73 27 787 81 30 788 18 0 788 19 0 788 68 27 788 92 3 788 94 17 789 1 29 789 54 30 790 1 13 791 20 30 791 93 11 792 12 18 792 44 25 792 67 0 792 99 28 793 41 18 793 42 22 793 69 16 793 77 31 794 95 18 796 10 1 796 61 14 796 93 12 797 29 30 798 9 16 798 18 1 798 59 16 798 90 30 798 100 18 799 6 21 801 24 5 801 56 3 801 95 27 802 35 24 802 50 8 803 83 14 803 94 12 804 4 19 804 47 21 804 66 24 804 75 19 805 3 23 805 35 19 805 85 26 805 99 2 806 34 28 806 41 14 806 76 28 807 18 12 807 85 8 808 3 10 808 88 7 809 23 16 809 66 19 809 73 11 809 87 8 810 10 4 810 14 19 810 66 2 810 98 12 811 21 19 811 83 10 812 12 3 812 31 8 812 40 28 812 65 25 812 79 9 812 80 24 812 89 29 813 44 18 813 89 19 814 64 23 815 3 23 815 17 8 815 75 25 816 30 28 816 57 19 816 76 6 817 0 25 817 22 3 817 34 16 817 53 28 817 95 6 818 10 31 819 6 6 819 48 1 819 61 24 819 68 9 820 3 14 820 23 7 820 33 30 820 70 16 820 98 29 820 98 31 821 14 15 821 27 23 821 27 30 821 28 3 821 52 30 821 79 28 822 12 18 822 75 7 822 85 21 822 99 1 823 27 16 823 75 27 824 6 26 824 24 23 824 38 23 824 61 26 824 83 9 824 94 10 824 100 24 825 26 31 825 45 24 825 56 5 826 12 0 826 31 21 826 39 17 826 92 10 827 5 22 827 21 25 827 28 29 827 40 7 827 68 13 827 94 13 828 5 25 828 25 0 828 60 30 829 22 9 829 41 8 829 45 23 829 52 2 829 73 28 830 13 0 830 75 13 830 82 30 831 71 12 831 84 8 832 61 20 832 64 29 832 66 26 833 5 27 833 25 24 833 69 18 834 4 15 834 94 22 835 62 8 836 12 17 836 98 31 837 29 1 837 53 23 837 69 1 837 80 9 837 82 10 838 70 18 838 78 8 839 11 31 839 60 9 839 68 0 840 5 26 840 16 29 840 28 6 840 40 28 840 50 30 841 48 28 841 75 20 841 82 2 842 5 11 842 14 31 842 36 21 842 39 18 842 90 29 843 55 4 844 25 4 844 58 19 844 70 15 844 87 6 844 90 23 845 67 3 845 82 31 846 72 12 847 57 2 847 59 22 847 85 20 848 19 6 848 66 19 850 24 14 850 57 11 850 60 20 850 96 10 851 8 19 851 42 19 851 69 14 851 80 20 852 10 1 852 16 2 852 18 12 852 42 1 852 62 4 853 2 0 853 66 15 853 69 4 853 71 7 853 81 6 854 45 19 854 55 10 854 68 31 854 86 12 855 14 1 855 61 3 855 64 15 855 65 29 855 72 31 855 80 30 856 55 13 856 74 27 857 17 22 857 19 29 857 20 16 857 74 3 857 99 27 858 10 16 859 5 10 859 37 17 859 44 11 859 69 30 859 90 7 860 2 0 860 39 14 860 48 6 860 55 22 861 9 24 862 26 17 862 46 14 862 58 16 863 74 28 863 79 4 864 98 18 865 1 13 865 16 3 865 30 2 865 31 25 865 65 7 866 18 31 866 42 4 866 45 2 866 88 10 867 5 6 867 17 10 867 65 28 867 86 18 867 91 28 868 8 1 869 66 7 870 27 13 870 78 14 871 35 7 871 55 20 872 37 1 872 37 10 872 58 8 872 93 9 873 98 1 874 31 22 874 57 10 874 65 1 874 65 24 874 77 8 875 60 2 875 84 29 876 4 3 876 49 7 876 70 2 876 75 30 876 92 1 877 69 15 877 80 26 878 89 1 879 5 4 879 13 0 879 74 2 880 12 10 880 64 2 880 73 17 880 86 29 881 4 29 881 38 23 881 50 26 881 62 15 881 71 29 881 77 29 881 96 1 882 21 3 882 38 17 883 6 3 883 37 25 883 58 22 883 63 30 884 43 22 884 55 4 884 82 0 885 32 30 885 53 15 885 65 29 885 72 14 885 79 24 886 42 14 886 63 30 886 83 21 887 73 12 887 80 29 888 48 19 888 51 9 888 68 22 889 8 4 889 16 22 889 48 21 889 100 20 890 72 28 890 99 0 891 42 28 892 49 31 892 69 31 892 79 27 892 97 6 893 5 0 893 23 0 893 62 19 894 24 22 894 59 12 894 89 16 895 3 12 895 17 18 897 16 0 897 61 30 897 78 6 897 83 21 898 62 23 898 67 9 899 5 9 899 49 4 899 60 28 899 90 1 900 12 6 900 13 12 900 26 31 900 63 30 901 8 9 901 25 15 901 37 11 901 48 2 901 87 17 901 99 2 902 21 19 902 24 4 903 60 28 904 16 20 904 54 5 904 83 24 905 5 3 905 28 3 905 52 20 907 5 26 907 48 0 907 58 16 908 15 0 908 40 30 908 59 30 908 82 2 908 88 28 908 89 25 909 9 16 910 37 21 910 48 0 911 35 22 911 42 26 912 29 29 912 39 10 912 80 31 913 36 15 913 58 27 913 73 25 914 3 8 914 6 12 914 41 17 914 72 12 914 93 28 915 38 15 915 55 22 916 2 12 916 27 22 916 33 18 917 5 11 917 65 9 918 25 6 918 73 27 918 86 18 918 100 17 920 58 23 920 76 9 920 81 10 921 44 25 922 22 0 922 23 12 922 28 6 922 62 9 922 80 18 923 10 4 923 10 28 923 23 10 923 53 7 923 53 13 924 16 21 924 21 22 924 24 13 924 53 24 925 88 28 926 4 5 926 4 22 926 56 8 926 56 21 926 89 3 926 100 5 927 14 20 927 20 2 927 47 7 927 56 4 927 58 11 927 67 15 928 27 4 928 31 10 928 52 22 928 80 27 928 94 16 928 97 28 929 6 22 929 45 7 929 80 6 930 7 7 930 50 1 930 62 7 930 63 5 930 72 11 931 15 25 931 15 26 931 38 5 931 68 4 932 68 25 932 98 30 933 38 13 933 87 20 934 1 6 934 9 23 934 14 11 934 34 0 934 39 16 934 84 14 934 95 14 935 14 8 935 27 19 935 62 9 935 70 2 935 83 10 936 19 19 936 33 1 936 53 20 936 69 15 936 70 17 936 80 5 936 87 10 937 5 26 937 19 29 937 34 12 937 48 24 937 49 11 937 56 19 938 23 25 938 70 22 938 91 5 939 60 16 939 69 24 939 79 5 940 65 7 941 20 25 941 27 27 941 36 20 941 66 23 942 3 18 942 28 7 942 84 23 942 97 18 943 2 20 943 30 9 943 33 14 943 43 5 943 49 7 944 20 2 944 46 16 944 60 2 944 99 11 945 34 30 945 48 25 946 4 11 946 12 8 946 29 7 946 57 16 946 72 15 946 92 29 947 20 11 947 26 23 947 37 0 947 38 0 947 66 22 948 55 31 948 60 15 948 71 11 948 81 27 949 1 26 949 57 5 949 60 29 949 62 5 949 68 11 949 78 8 950 23 2 950 79 23 950 80 22 951 12 25 951 12 29 951 48 19 951 52 5 951 71 10 951 71 16 952 0 21 952 57 5 952 66 6 953 6 7 953 17 8 953 73 17 953 91 22 954 4 22 954 9 31 954 21 5 954 79 11 954 83 6 957 41 21 957 78 5 957 89 20 957 94 22 960 27 16 960 56 22 960 56 31 960 65 25 961 13 10 961 30 26 962 40 26 962 46 18 962 99 19 963 11 18 963 24 31 963 52 29 964 28 7 964 46 1 964 52 4 964 53 16 964 82 27 964 83 20 964 95 25 965 0 25 965 67 8 966 28 25 967 20 2 967 24 21 967 55 18 968 4 18 968 16 11 968 48 13 968 54 17 968 95 24 969 28 17 969 33 15 969 71 29 969 93 8 970 30 15 971 33 9 971 92 1 971 94 20 972 13 26 972 59 29 973 17 21 973 71 20 974 20 2 974 26 22 974 61 27 974 88 3 975 29 29 975 39 18 975 55 3 976 25 27 976 57 16 977 4 0 977 27 25 978 22 4 978 77 17 978 92 18 979 40 10 979 49 30 980 10 2 980 35 11 980 46 15 980 57 29 980 72 17 980 77 15 980 79 24 981 78 5 981 89 23 982 11 19 982 14 20 983 26 0 983 26 10 983 94 23 983 99 31 984 2 2 985 7 9 985 48 30 985 62 13 985 79 9 986 18 28 986 33 9 986 76 6 987 17 25 987 32 29 987 45 13 987 84 19 988 20 30 988 42 29 989 9 21 989 17 29 989 24 25 989 55 20 989 93 27 990 63 16 990 100 6 991 4 31 991 10 12 991 30 28 992 27 5 992 39 12 992 46 26 992 59 10 992 91 11 993 60 3 994 37 26 994 43 9 994 62 11 994 74 31 995 11 0 995 15 10 995 49 5 995 74 30 995 85 0 995 88 11 996 11 22 996 12 15 996 18 24 996 70 24 997 21 21 997 60 17 997 91 7 998 1 0 998 1 21 998 32 22 998 52 20 998 72 13 998 74 19 999 18 9 999 36 28 999 63 10 999 89 24 999 100 30 1000 16 15 1000 53 9 1001 5 24 1001 64 16 1002 63 19 1002 80 31 1003 10 24 1003 38 28 1003 47 9 1003 65 27 1003 98 27 1004 31 4 1004 31 25 1004 53 2 1004 63 28 1004 82 28 1005 64 25 1005 75 19 1005 84 14 1006 26 6 1006 54 3 1006 63 28 1007 14 3 1007 25 15 1007 45 14 1008 18 31 1008 28 11 1008 55 25 1009 9 11 1009 11 14 1009 36 27 1009 76 20 1010 14 28 1010 35 16 1010 45 2 1010 82 17 1010 99 2 1011 78 24 1012 19 30 1012 38 17 1012 45 23 1012 49 3 1012 55 21 1012 63 25 1013 11 9 1013 26 11 1013 49 27 1013 52 22 1014 49 9 1014 58 24 1014 88 14 1015 1 31 1015 29 26 1015 73 3 1015 75 0 1015 97 6 1016 17 14 1016 35 27 1016 46 1 1017 17 14 1017 18 28 1017 83 29 1018 5 27 1018 28 10 1018 31 14 1018 74 27 1018 84 2 1018 94 15 1019 32 2 1019 61 10 1020 20 31 1020 42 26 1020 56 19 1020 85 13 1020 96 22 1021 7 10 1021 12 15 1021 60 4 1023 6 2 1023 31 4 1023 40 23 1023 47 28 1023 87 8 1024 30 14 1024 38 31 1024 47 14 1024 89 17 1025 37 17 1025 82 24 1026 15 27 1026 89 4 1027 23 18 1028 19 22 1028 27 7 1028 51 4 1028 71 19 1029 9 6 1029 41 28 1030 3 13 1030 71 11 1031 8 3 1031 29 29 1031 52 6 1033 53 25 1033 61 11 1033 68 12 1033 96 6 1033 100 19 1034 32 5 1034 46 22 1034 54 27 1034 59 19 1034 78 24 1035 4 30 1035 9 19 1035 18 25 1035 51 20 1035 68 26 1035 94 24 1036 30 20 1036 40 7 1036 45 18 1036 59 5 1037 13 7 1037 13 21 1037 77 26 1037 98 21 1038 16 24 1038 27 25 1038 35 11 1038 42 22 1038 70 30 1038 91 26 1039 26 10 1039 27 13 1039 72 19 1039 85 20 1039 98 23 1040 33 6 1041 98 31 1042 9 21 1042 15 8 1042 31 21 1042 93 12 1044 9 1 1044 32 26 1044 81 29 1045 0 20 1045 23 7 1045 31 29 1045 57 2 1045 67 2 1046 16 3 1046 62 21 1046 64 15 1047 16 5 1047 20 31 1047 39 0 1047 84 8 1048 25 0 1048 51 23 1048 59 18 1048 95 4 1049 9 1 1049 74 18 1050 29 14 1050 68 11 1050 82 15 1051 19 13 1051 52 23 1051 57 4 1051 72 8 1052 13 5 1052 15 12 1053 17 21 1053 82 24 1055 38 6 1055 65 5 1055 83 24 1056 82 26 1057 20 4 1057 73 18 1057 84 4 1057 87 27 1058 2 28 1058 26 8 1058 73 12 1058 89 30 1058 95 15 1059 30 12 1059 62 10 1059 91 30 1060 88 24 1061 17 0 1062 11 10 1062 40 8 1062 99 18 1063 3 4 1063 89 25 1063 96 1 1063 97 25 1064 41 13 1065 5 26 1066 16 14 1066 20 9 1066 21 25 1066 74 17 1067 10 11 1067 48 21 1067 68 0 1067 78 28 1067 93 5 1068 53 20 1068 63 1 1068 92 11 1068 100 18 1069 31 26 1069 82 7 1069 86 29 1069 92 2 1070 27 18 1070 41 3 1070 59 20 1070 75 28 1070 84 10 1071 41 12 1071 92 11 1072 29 31 1072 50 31 1072 68 10 1072 70 12 1073 11 27 1073 94 31 1074 17 14 1074 71 28 1075 0 1 1075 68 5 1076 9 31 1076 18 29 1076 34 4 1076 77 4 1076 96 18 1077 32 11 1077 41 10 1077 50 6 1078 63 26 1078 80 8 1079 20 9 1079 24 0 1079 31 14 1080 21 10 1080 87 30 1081 28 1 1081 31 27 1082 47 18 1082 82 26 1083 0 10 1083 1 16 1083 46 15 1083 54 4 1083 68 2 1083 88 27 1084 28 9 1084 49 29 1084 54 26 1084 80 10 1085 6 21 1085 54 22 1085 98 25 1086 61 2 1086 66 24 1087 73 15 1087 75 25 1088 3 14 1088 16 17 1088 20 5 1088 32 6 1088 57 4 1089 33 6 1089 40 5 1089 53 7 1090 1 24 1090 51 11 1091 9 24 1091 27 10 1091 62 18 1091 88 1 1092 11 23 1092 17 16 1092 26 20 1093 65 19 1093 83 24 1093 90 22 1093 100 31 1094 0 0 1094 46 23 1095 18 31 1095 32 13 1095 55 18 1095 60 23 1095 62 28 1095 81 19 1095 81 30 1096 4 22 1096 19 12 1096 28 21 1096 47 0 1096 51 6 1097 26 26 1097 37 14 1098 9 22 1098 58 6 1098 69 20 1099 69 11 1099 74 29 1099 82 15 1099 95 29 1100 12 24 1100 80 19 1100 86 7 1101 85 22 1102 53 3 1102 61 20 1102 85 1 1103 17 22 1103 81 31 1103 86 2 1103 93 5 1104 49 23 1104 88 13 1105 14 4 1105 70 11 1106 11 1 1106 13 24 1106 67 16 1107 50 26 1107 100 2 1108 7 25 1108 14 7 1108 32 20 1108 89 31 1108 92 16 1108 96 25 1109 24 29 1109 48 3 1109 65 13 1109 73 16 1109 73 20 1109 94 15 1109 100 9 1110 10 20 1110 16 16 1110 57 0 1110 65 29 1111 13 3 1111 77 14 1112 12 2 1112 35 12 1112 47 28 1112 55 11 1112 56 7 1113 1 3 1113 1 28 1113 21 20 1113 38 1 1113 47 1 1113 66 9 1114 0 10 1114 19 18 1114 76 21 1114 83 18 1114 86 25 1115 13 30 1115 55 21 1115 69 18 1115 79 20 1115 96 5 1116 10 26 1116 36 10 1116 64 31 1117 9 26 1117 11 29 1117 19 19 1117 27 29 1117 70 10 1118 23 3 1118 35 19 1118 36 6 1119 18 31 1120 19 12 1120 27 27 1120 90 20 1120 92 26 1121 41 17 1121 76 17 1121 92 7 1122 24 23 1122 37 3 1122 44 10 1122 51 7 1122 58 22 1123 34 15 1123 36 20 1123 57 18 1123 94 4 1124 6 23 1124 19 6 1124 20 28 1124 23 4 1124 44 6 1124 53 26 1124 87 16 1124 94 5 1125 24 28 1125 50 29 1125 68 22 1126 0 14 1126 13 31 1126 15 13 1126 17 16 1126 73 18 1126 87 17 1127 54 10 1127 82 17 1127 84 13 1128 11 26 1128 14 1 1128 54 0 1128 63 14 1128 100 22 1129 18 9 1129 62 11 1129 63 8 1129 64 1 1130 20 10 1130 42 31 1130 63 25 1130 82 11 1130 90 30 1131 10 18 1131 14 17 1131 71 3 1132 52 1 1132 92 7 1133 1 7 1133 16 26 1133 62 5 1133 97 19 1134 7 19 1135 4 11 1135 20 9 1136 2 30 1136 3 24 1136 15 28 1136 41 13 1137 62 17 1138 40 5 1138 56 4 1138 61 26 1138 63 24 1138 92 7 1139 1 26 1140 26 29 1140 59 22 1140 86 31 1140 99 12 1141 40 11 1141 45 25 1141 61 0 1141 79 6 1142 26 14 1142 46 29 1142 61 16 1142 96 7 1143 75 15 1143 96 0 1144 32 7 1144 81 27 1145 1 23 1145 5 30 1145 93 0 1146 16 5 1146 18 3 1146 52 12 1147 86 11 1148 21 31 1149 59 9 1149 75 18 1149 100 16 1150 0 4 1150 13 31 1150 32 23 1150 38 28 1151 32 17 1151 66 21 1152 3 1 1152 43 11 1152 63 21 1152 76 23 1153 13 1 1153 67 23 1153 100 21 1154 34 21 1154 35 6 1154 53 19 1154 78 8 1154 79 28 1155 29 23 1156 22 22 1156 57 15 1156 82 5 1156 96 1 1157 19 1 1157 79 22 1157 82 6 1157 83 22 1157 84 30 1157 87 12 1157 89 5 1158 9 7 1158 10 0 1159 16 2 1159 17 9 1159 62 10 1159 87 15 1159 94 21 1160 24 23 1160 42 27 1161 7 7 1161 8 26 1161 16 27 1161 27 23 1161 33 15 1161 82 14 1162 75 3 1162 85 2 1162 85 7 1163 18 29 1163 30 30 1163 38 27 1163 77 9 1163 78 11 1163 86 30 1164 38 6 1164 69 13 1164 89 26 1164 99 23 1165 69 4 1166 3 2 1166 6 18 1166 19 31 1166 54 29 1167 1 12 1167 6 26 1167 33 31 1167 35 15 1167 80 2 1168 11 19 1168 20 3 1168 23 7 1168 47 9 1168 78 1 1168 84 8 1169 50 8 1169 61 5 1169 61 12 1169 64 21 1170 61 28 1171 29 25 1171 30 12 1171 44 5 1171 88 21 1171 98 8 1172 4 24 1172 7 8 1172 11 16 1172 42 1 1172 82 5 1172 83 28 1172 90 3 1173 36 7 1173 53 16 1173 95 29 1174 48 11 1174 61 18 1174 68 13 1174 71 31 1174 81 17 1175 3 14
252 3563 0.001 72 10 24 72 24 17 72 51 2 72 71 5 72 82 3 73 58 23 73 63 1 73 70 25 74 19 27 74 22 3 74 63 3 74 73 28 74 89 9 75 13 31 75 26 14 76 6 17 76 33 21 76 62 9 76 85 18 77 4 4 77 72 10 77 87 16 77 88 4 79 10 8 79 12 17 80 10 29 80 34 0 80 56 18 80 67 10 80 73 0 80 78 15 80 91 7 80 98 2 81 75 5 81 76 30 82 28 3 82 36 4 82 94 15 83 28 12 83 47 30 83 92 27 84 13 13 84 35 30 84 47 9 84 57 5 84 75 1 84 78 19 85 14 1 85 63 6 85 66 20 86 30 12 88 19 7 88 56 26 89 90 23 89 96 26 90 12 6 90 41 22 90 87 31 91 30 9 91 40 5 91 50 8 91 59 21 91 59 24 91 97 5 92 14 29 92 26 12 92 42 2 92 48 4 92 55 27 92 69 18 93 5 13 93 18 5 93 39 22 93 64 24 93 96 8 94 23 3 94 89 16 96 45 0 96 46 20 96 58 26 97 25 15 97 75 19 97 86 5 98 28 19 98 43 4 98 56 30 98 99 8 99 0 5 99 23 27 99 53 18 99 86 10 100 42 9 100 59 6 100 59 11 101 31 28 101 62 8 101 63 28 101 65 22 101 68 14 101 72 12 101 87 14 102 66 3 102 88 29 103 10 4 103 17 6 103 45 16 104 80 3 104 95 30 105 46 10 105 67 2 106 21 0 106 78 9 107 24 29 107 47 7 108 10 3 108 22 11 108 23 12 108 25 13 108 37 2 108 52 17 109 72 18 109 100 10 110 2 15 110 63 25 110 72 28 110 92 28 111 69 11 112 0 14 112 52 21 112 53 22 112 67 9 112 85 5 113 16 10 113 20 17 113 32 6 113 64 22 114 8 25 114 16 28 114 18 19 114 65 0 115 33 6 115 42 30 115 83 15 116 100 17 117 39 25 117 84 28 117 86 18 118 2 13 118 18 5 119 18 19 119 87 2 119 95 7 119 100 28 120 5 21 120 46 6 120 97 31 121 18 17 121 26 3 122 42 19 122 64 11 122 81 15 122 96 11 122 99 28 123 5 25 123 56 13 124 11 18 124 46 30 124 49 29 124 54 24 125 14 26 125 52 0 125 75 24 125 96 24 126 60 22 127 39 7 128 1 15 128 16 11 128 41 12 128 46 27 128 62 3 128 83 18 129 27 10 129 40 4 130 8 0 130 28 23 130 48 0 131 52 4 132 38 27 132 70 20 132 94 19 133 1 21 133 47 31 133 75 8 133 76 15 133 80 15 133 87 13 134 93 10 135 53 4 135 98 14 136 69 22 136 87 21 137 23 11 137 44 4 137 48 3 137 76 13 137 90 8 137 96 10 138 18 31 138 40 17 138 56 8 138 75 1 138 100 28 139 23 26 139 79 9 139 95 21 140 58 14 140 90 2 141 7 7 141 17 29 141 48 11 141 68 7 141 70 18 142 42 14 142 53 1 142 91 24 143 16 12 143 28 10 143 52 1 143 83 5 144 63 13 145 1 29 145 18 8 145 24 9 145 25 22 145 33 16 145 78 2 145 95 2 146 41 16 146 49 28 146 65 24 147 0 4 147 48 7 148 21 29 148 26 18 149 3 23 149 25 4 149 77 18 150 52 19 150 58 13 150 67 19 150 99 1 152 6 27 152 8 3 152 51 31 152 95 1 152 95 18 153 4 25 153 11 25 153 38 14 153 98 30 154 0 29 154 58 8 155 3 3 155 5 0 155 5 16 155 19 27 156 24 8 156 72 23 157 34 8 157 36 21 157 51 1 157 56 21 157 60 6 157 76 28 157 89 10 158 57 22 158 93 26 158 95 8 159 34 5 159 61 5 160 20 9 160 53 19 160 84 11 161 28 9 161 29 24 161 38 11 161 42 4 161 44 14 161 46 10 161 59 3 161 63 25 161 64 28 161 77 3 162 12 12 162 15 27 162 19 28 162 64 15 162 90 15 163 56 12 163 94 25 164 57 22 164 71 4 164 93 4 165 5 28 165 8 20 165 15 5 165 29 4 166 0 22 166 11 4 166 15 19 166 27 4 166 48 5 166 48 15 167 11 16 167 54 19 167 64 26 167 80 2 167 85 23 168 41 23 168 42 25 168 50 30 168 69 23 168 79 14 169 8 9 169 8 28 169 18 10 169 62 3 170 48 17 172 100 4 173 0 31 173 55 20 174 36 28 174 89 0 175 0 19 175 6 12 175 55 7 175 58 13 175 71 3 175 90 25 176 6 24 176 63 12 177 56 9 177 57 7 177 63 1 177 75 5 177 76 29 177 94 21 177 97 15 178 29 16 178 66 6 178 74 4 178 79 4 178 93 9 179 41 19 179 43 21 179 56 25 180 6 9 180 15 22 180 23 22 180 29 26 180 56 26 180 84 7 181 36 26 181 43 19 181 46 17 181 94 7 182 35 29 182 43 3 182 54 21 182 59 2 182 80 18 183 70 27 184 15 13 184 25 4 184 89 9 185 13 23 185 83 15 186 66 11 187 29 10 187 34 30 187 37 0 187 37 3 187 75 31 188 10 0 188 52 27 188 67 7 188 68 8 188 74 11 188 76 22 189 1 18 189 14 1 189 72 19 189 74 31 189 76 26 189 87 23 189 89 19 190 28 10 190 31 29 190 44 8 190 89 24 191 27 8 191 57 4 191 70 21 191 95 20 192 8 14 192 14 2 192 26 27 192 54 12 192 80 13 192 82 5 192 96 31 193 11 24 193 30 24 193 49 7 193 98 7 194 13 22 194 15 25 194 62 16 194 85 9 194 90 10 195 8 3 195 31 17 195 83 19 196 9 18 196 40 6 196 40 21 196 41 15 196 41 31 196 62 18 197 10 8 197 14 5 197 59 23 197 71 7 198 20 29 198 79 29 199 16 23 199 62 17 199 68 24 199 78 18 199 88 29 200 6 4 200 15 25 200 26 26 200 86 23 200 96 11 201 7 0 201 25 8 201 53 0 201 61 31 201 86 22 202 13 18 202 23 19 202 31 20 202 41 2 202 46 8 202 56 2 202 93 0 203 6 29 203 59 9 204 55 1 204 76 18 204 83 16 204 86 4 205 10 23 205 11 30 205 23 20 205 55 7 206 41 13 206 53 17 206 54 16 206 75 5 207 24 0 207 47 8 207 65 18 207 87 15 208 9 16 208 24 7 208 32 25 208 73 29 208 100 21 209 13 8 209 20 30 209 29 14 209 68 16 209 99 17 210 37 3 210 45 9 210 59 29 210 67 7 210 92 29 211 30 23 211 44 23 211 82 3 211 87 14 212 76 24 213 16 30 213 34 3 213 34 16 213 62 30 213 100 23 214 15 27 214 27 21 214 57 29 214 77 31 215 39 8 215 62 27 215 86 26 215 89 2 216 39 29 217 4 14 217 27 25 217 48 30 217 55 27 217 91 23 217 96 1 218 2 27 218 12 1 218 15 24 218 23 20 218 30 29 219 65 31 220 15 19 220 32 20 220 75 24 220 89 17 221 21 12 221 32 2 221 70 27 222 30 26 222 46 5 222 57 26 222 76 15 223 59 4 223 64 31 223 77 20 223 81 19 223 86 14 223 93 29 224 5 12 224 14 14 225 8 5 225 35 22 225 85 7 225 100 24 226 32 27 226 61 15 227 0 12 227 42 30 227 63 6 228 31 23 228 38 30 228 43 11 228 56 7 228 65 0 228 82 17 228 83 25 228 92 14 229 11 21 230 29 30 230 83 16 231 16 3 231 22 17 231 50 10 231 64 22 231 92 1 232 75 18 233 25 10 233 42 24 233 60 31 234 67 23 234 82 5 234 95 10 235 13 16 235 59 5 235 93 3 236 8 30 236 42 11 236 73 22 236 84 1 236 91 24 237 0 28 237 60 23 238 0 19 238 34 20 239 72 27 239 85 23 240 70 15 240 81 30 241 33 15 241 46 10 242 25 0 242 40 9 242 57 23 242 78 26 243 5 26 243 30 13 243 31 25 243 52 24 243 64 19 244 5 0 244 68 27 244 86 21 245 1 19 245 31 19 245 59 10 246 62 24 246 74 3 247 16 19 247 73 19 248 92 30 250 35 16 250 48 29 251 7 28 251 62 5 251 73 16 251 84 9 252 47 3 253 73 12 253 75 10 254 15 22 254 22 30 255 18 25 255 29 14 255 94 26 256 28 9 256 36 20 256 41 13 256 57 27 257 24 23 257 62 27 257 64 4 257 71 15 257 73 28 257 80 8 258 12 18 258 20 30 258 42 7 258 42 9 259 39 9 259 44 19 259 88 26 260 15 15 260 16 0 260 45 29 260 51 24 260 67 22 260 77 30 260 82 29 261 20 6 261 25 28 261 80 13 262 12 4 262 66 31 262 74 9 262 80 23 263 5 10 263 6 1 264 50 27 265 1 9 265 24 10 265 45 20 265 52 15 265 75 17 265 84 28 266 44 17 266 54 17 266 83 5 267 29 16 267 60 5 267 80 18 267 85 22 267 89 5 267 92 5 268 37 3 269 45 30 269 52 3 270 38 19 270 51 29 270 61 20 270 76 7 271 29 4 271 96 2 272 44 6 272 76 13 273 61 18 274 0 0 274 20 14 274 38 31 274 60 11 274 64 10 274 99 17 275 82 22 276 20 15 276 42 19 276 52 8 277 11 7 277 18 18 277 28 18 277 69 3 277 80 6 277 89 25 277 98 16 278 4 10 278 11 11 278 22 31 278 36 25 278 38 12 278 55 4 278 76 8 279 47 3 279 83 30 279 85 19 279 87 17 279 95 6 279 96 23 280 38 23 280 42 31 280 46 30 280 92 4 281 10 10 281 96 10 282 26 9 282 27 27 282 51 21 282 77 9 283 35 1 283 41 9 283 68 30 284 7 29 284 33 22 284 56 18 284 83 15 284 98 26 285 3 28 285 17 7 285 25 31 285 59 17 285 88 1 286 26 2 287 17 17 287 60 20 287 97 20 288 51 25 288 67 4 289 50 6 289 76 6 290 2 17 290 36 22 290 61 0 290 61 24 290 90 16 291 0 19 291 2 3 291 12 6 291 36 9 291 54 30 291 66 20 291 76 16 291 83 6 292 17 21 292 78 4 292 80 10 292 100 16 293 6 18 293 26 2 293 30 5 293 42 19 293 57 18 293 74 18 294 12 13 294 29 10 294 30 25 294 34 12 294 84 6 295 10 12 295 10 16 295 33 29 295 44 21 295 47 24 295 70 14 295 94 7 295 94 20 296 98 19 297 3 8 297 71 29 298 9 14 298 48 17 299 1 21 299 34 11 299 42 26 299 82 19 300 8 14 300 8 20 300 14 24 300 21 0 300 42 28 300 50 20 300 57 5 301 0 6 301 39 26 301 46 25 301 69 21 301 86 2 302 86 15 302 99 6 304 40 24 304 47 5 304 72 2 304 85 27 305 8 27 305 70 22 305 81 17 306 92 11 307 36 24 307 42 8 307 52 20 307 68 23 307 89 12 308 73 16 308 75 12 309 30 27 309 72 16 310 25 2 310 37 8 310 82 16 311 40 8 312 42 12 312 53 31 313 46 31 313 85 4 313 85 31 313 88 24 314 50 10 314 74 29 315 29 0 315 36 1 315 43 5 315 49 6 315 64 14 315 85 11 315 98 0 316 7 7 316 35 28 316 45 4 316 57 31 316 65 0 317 31 22 317 37 25 317 56 27 317 60 14 317 83 2 317 87 19 318 6 27 318 50 12 318 59 26 319 3 22 319 20 11 319 24 8 319 32 27 319 75 9 320 43 22 320 48 17 320 61 15 320 73 22 321 29 28 321 87 6 322 61 15 322 87 30 322 88 22 323 50 2 323 54 23 323 82 21 324 17 12 324 60 19 324 88 23 324 93 23 325 3 10 325 7 0 325 7 14 325 25 17 325 51 23 325 84 2 326 27 16 326 35 14 326 36 30 327 43 27 327 58 14 327 80 2 327 91 23 328 35 21 328 67 6 328 70 27 329 82 6 330 43 29 330 53 12 330 75 16 331 34 4 331 91 2 332 29 1 332 80 26 333 46 16 334 14 3 334 32 7 334 34 7 334 98 20 335 7 21 335 13 12 335 28 31 335 37 4 335 44 2 335 64 31 336 25 4 336 28 25 336 65 14 336 72 19 337 25 29 337 59 9 337 97 17 338 13 2 338 54 15 339 44 18 340 42 28 341 2 26 341 22 24 341 41 22 341 62 27 341 73 26 342 4 22 342 6 8 342 10 12 343 40 22 343 81 8 343 83 22 343 90 30 344 34 6 344 58 2 345 5 8 345 46 6 345 48 13 346 8 4 346 19 31 347 36 28 347 73 14 347 98 16 348 3 1 348 22 23 348 61 0 348 80 1 349 0 26 349 7 30 349 72 8 351 35 31 351 93 19 352 7 9 352 9 5 352 10 22 352 94 25 353 5 24 353 27 31 353 43 31 353 53 26 353 64 24 354 86 12 355 30 5 355 45 15 355 59 31 356 31 4 356 53 31 356 83 5 357 10 12 357 15 8 357 71 6 357 98 19 358 10 12 358 74 18 358 100 0 359 10 1 359 60 0 359 74 19 360 10 25 360 60 6 361 14 14 361 29 29 361 50 21 362 17 21 362 29 20 362 38 20 362 49 18 362 53 6 362 63 27 362 84 0 363 24 0 363 61 16 364 47 2 364 50 13 365 5 22 365 26 5 366 0 0 366 16 4 366 26 0 366 78 8 366 78 14 367 59 30 368 22 18 368 36 14 369 83 9 370 35 29 371 8 1 371 8 9 371 98 17 372 18 3 372 27 13 372 88 7 373 67 11 374 15 19 374 52 31 374 57 26 374 65 31 375 0 4 375 33 16 376 72 28 376 80 11 376 84 12 377 7 11 377 67 9 378 61 11 379 4 23 379 79 17 379 86 9 380 18 25 380 34 13 380 43 15 380 69 27 381 89 11 381 93 1 382 10 4 382 17 23 382 46 21 383 3 24 383 22 10 383 43 14 384 47 25 385 61 19 386 28 16 386 79 12 387 8 11 387 19 26 387 43 11 387 88 3 388 11 15 388 52 5 388 57 30 389 26 5 389 46 10 389 47 7 389 73 23 389 94 29 390 37 2 390 84 14 391 50 1 391 53 12 391 64 20 392 0 27 393 10 5 393 51 29 393 56 16 393 80 18 393 91 3 393 95 12 393 97 10 394 18 13 394 21 22 394 25 25 394 30 13 394 42 2 394 96 19 395 22 17 395 57 8 396 25 11 396 45 16 396 74 2 396 77 10 396 88 14 398 16 14 398 24 13 398 84 26 398 92 28 399 15 21 399 19 11 399 59 28 399 88 30 400 17 8 400 28 22 400 29 23 400 34 2 400 36 12 401 48 18 401 93 21 402 56 7 402 67 22 402 91 9 403 65 7 403 70 21 403 78 6 404 44 0 404 74 28 405 13 21 406 3 18 406 3 24 406 22 0 406 72 16 407 14 19 407 42 23 407 44 4 407 73 23 407 78 29 408 32 29 409 2 20 409 11 1 409 68 9 409 78 2 409 81 31 410 83 7 410 94 10 411 16 23 411 31 9 411 73 11 411 89 5 412 25 1 412 29 28 412 41 15 412 52 17 412 90 10 413 27 13 413 44 14 413 51 21 413 76 30 414 94 17 415 18 12 415 62 16 416 14 2 416 15 30 416 39 14 416 40 19 416 68 3 417 37 14 417 93 8 418 32 15 418 45 14 418 53 2 418 85 14 418 100 8 419 4 7 420 2 21 420 14 31 420 93 19 421 1 18 421 13 26 421 16 15 421 49 16 421 77 22 422 4 29 422 35 10 423 37 2 423 70 20 423 72 14 423 82 14 423 93 28 424 1 25 424 76 7 424 76 24 424 92 25 425 98 29 426 1 13 426 15 30 426 25 29 426 27 21 426 32 9 426 71 2 427 8 12 427 10 26 427 17 13 427 77 12 429 48 6 429 63 9 430 38 25 430 39 30 431 16 28 431 47 21 431 73 14 432 35 26 432 55 23 432 93 14 433 4 12 433 23 17 433 33 10 433 87 3 434 8 28 434 45 4 434 80 26 434 96 4 435 5 12 435 12 22 435 78 25 435 86 17 435 91 8 435 96 3 436 4 30 436 18 29 436 19 0 436 19 23 436 67 19 437 69 18 438 51 19 439 9 1 439 22 15 439 57 15 439 91 30 439 92 11 440 13 27 440 17 28 440 21 19 440 37 0 440 95 28 441 15 4 441 35 23 441 60 14 442 6 14 442 16 24 442 47 2 442 79 17 443 53 6 443 53 18 443 78 4 443 91 21 444 5 22 444 13 31 444 20 24 444 28 31 444 57 19 445 10 25 445 77 6 447 23 25 447 52 23 447 92 6 448 14 27 449 22 17 450 4 18 450 28 2 450 37 18 450 76 2 451 54 2 451 63 26 452 6 17 452 39 15 452 41 14 453 49 1 453 92 23 454 24 9 454 31 4 454 58 20 454 65 16 454 68 18 455 36 26 456 60 2 456 93 29 456 94 15 457 85 4 458 12 15 458 29 24 458 52 16 459 37 19 459 56 3 459 67 8 459 70 15 460 87 21 461 11 11 461 64 30 461 88 21 462 19 15 462 21 29 462 62 7 462 68 18 462 92 23 463 82 5 463 92 19 463 99 25 464 22 17 464 55 11 464 84 17 464 97 27 465 29 24 465 52 22 465 82 27 465 84 5 466 39 23 466 44 22 466 47 23 466 97 19 467 4 19 467 8 6 467 13 4 467 13 15 467 37 26 467 44 23 467 63 28 467 99 16 468 25 11 468 58 24 468 77 16 469 0 11 469 30 6 469 63 29 469 75 0 469 85 23 469 85 30 470 9 12 470 27 13 470 29 28 470 62 4 470 78 22 471 3 16 471 54 19 471 60 30 471 74 24 471 84 18 472 43 25 473 66 14 474 5 24 474 61 21 474 75 20 475 8 15 475 29 8 475 36 0 475 82 12 476 17 16 477 33 30 477 41 5 478 28 18 478 35 26 478 81 20 479 3 3 479 21 27 479 53 31 479 65 21 479 91 19 480 23 8 480 60 15 480 87 5 481 6 12 482 34 22 482 47 12 482 81 8 482 85 17 482 97 31 483 24 1 483 74 8 484 67 30 484 95 23 485 11 13 485 50 13 486 12 10 486 62 31 486 63 29 486 74 31 487 6 20 487 69 25 487 93 5 488 28 25 488 58 25 488 70 6 488 83 19 488 89 11 489 31 22 489 42 30 489 62 9 489 73 15 489 78 20 490 1 15 490 78 1 490 78 23 491 50 2 491 83 20 492 0 22 492 10 7 492 55 15 492 86 17 492 98 2 493 54 16 493 65 20 493 74 9 494 48 23 494 55 26 495 26 6 495 77 9 496 33 24 496 90 21 496 100 26 497 19 5 497 45 15 497 66 17 498 28 12 498 66 1 498 67 19 498 68 19 498 71 15 498 78 17 499 12 6 499 13 20 499 27 31 499 40 6 499 77 13 501 42 31 501 66 26 501 96 9 502 17 12 502 21 26 502 45 2 502 74 9 502 92 31 503 14 9 503 36 28 503 44 20 503 82 18 504 2 4 504 72 19 504 80 15 505 30 11 506 22 13 506 49 29 507 16 7 507 30 5 507 44 9 507 88 6 508 0 11 508 15 7 509 17 4 509 44 17 509 92 20 510 10 28 510 19 9 510 34 2 510 36 25 510 50 29 510 57 5 510 79 26 510 92 31 512 19 18 512 29 26 512 46 27 513 2 3 513 30 12 514 52 12 514 73 5 514 96 28 515 5 20 515 65 15 516 12 16 517 34 14 517 94 27 518 23 21 519 7 2 519 13 5 519 19 26 519 44 18 519 53 29 520 29 20 520 29 25 520 57 7 520 90 4 521 28 10 521 68 21 521 81 31 522 4 18 522 31 21 522 38 19 522 41 11 522 91 25 523 5 20 523 12 6 524 19 4 524 66 10 525 68 6 525 84 25 526 2 5 526 66 25 526 67 8 526 67 27 527 56 3 527 61 14 527 63 14 528 14 8 528 25 12 528 54 2 529 97 3 530 58 17 531 17 2 531 96 16 532 10 17 532 36 21 532 48 11 533 0 4 533 7 28 533 18 2 533 53 19 533 71 17 534 7 6 534 34 9 534 38 14 534 54 22 534 66 7 535 4 6 535 86 1 535 98 10 536 7 18 536 52 16 536 98 9 537 28 9 537 30 17 537 52 26 537 97 9 538 16 28 538 73 30 539 3 9 539 11 24 539 51 30 539 62 27 539 66 25 540 81 18 540 94 20 541 79 20 542 19 26 542 20 25 543 42 5 544 36 22 544 65 30 545 11 25 545 40 5 545 72 22 545 76 17 545 93 31 546 69 6 546 71 7 547 5 29 547 49 3 547 68 17 547 91 21 547 97 4 548 0 22 548 30 29 548 38 30 548 54 18 549 36 26 550 82 11 550 89 21 550 99 29 551 8 5 551 37 3 551 52 24 552 1 5 552 46 2 552 67 5 552 75 17 552 93 26 553 17 12 553 27 4 553 67 7 554 41 1 555 71 20 555 94 2 556 15 14 557 13 7 557 47 0 557 70 5 558 39 5 558 75 12 558 87 15 559 22 1 559 70 29 559 87 9 559 90 25 560 5 20 560 36 9 560 79 5 560 90 26 561 41 14 561 86 14 562 63 18 562 71 31 562 86 8 563 25 16 563 81 10 563 86 2 564 43 30 564 62 3 564 91 18 565 1 2 565 3 1 565 10 18 565 29 11 565 33 6 565 40 14 565 71 8 566 59 22 566 75 15 566 93 23 567 27 23 567 44 6 567 45 18 567 74 10 567 97 26 568 14 30 568 50 29 568 71 20 569 8 14 569 10 5 569 37 11 569 54 23 570 65 2 570 78 10 571 16 25 571 29 20 571 31 3 573 27 2 573 51 27 573 53 21 573 89 16 574 34 2 574 57 31 575 35 6 575 51 22 575 73 28 576 14 20 576 33 16 576 34 25 576 58 6 577 2 3 577 59 9 577 82 12 578 57 23 579 2 27 579 18 21 579 48 7 580 3 14 580 15 21 581 8 28 581 13 3 581 23 4 581 72 23 582 55 31 582 89 9 583 9 13 584 48 19 584 77 4 585 21 10 585 58 5 585 65 26 585 92 6 585 93 29 586 48 12 586 66 1 586 85 11 587 3 28 587 38 7 587 53 21 587 68 23 587 95 19 588 3 23 588 51 10 588 94 14 589 2 4 589 14 8 589 21 18 589 56 12 589 60 15 589 84 12 590 1 19 590 14 10 590 21 6 590 39 15 590 80 26 591 12 31 591 67 24 592 18 26 592 21 3 592 39 31 592 55 1 593 9 22 593 34 7 593 69 6 593 88 1 594 68 6 595 37 13 595 40 25 595 44 17 595 55 1 595 60 5 596 45 14 597 34 16 597 50 25 597 61 31 597 78 5 597 83 29 598 88 15 599 15 13 601 7 18 601 66 2 601 94 30 602 21 12 602 22 0 602 46 7 602 59 6 603 91 11 603 100 22 604 11 12 604 81 18 604 95 12 605 1 10 605 11 28 605 37 12 605 57 28 605 59 16 606 18 24 606 62 30 607 2 17 607 3 29 607 33 4 607 89 31 608 5 4 608 14 22 609 20 16 609 62 1 610 39 29 610 50 26 610 91 12 611 3 26 611 12 26 611 18 19 611 25 31 611 45 16 612 26 13 612 89 7 612 94 11 613 52 20 613 86 24 614 1 28 614 6 20 614 22 3 614 26 23 614 27 27 614 53 20 614 96 24 615 33 10 615 45 15 615 87 17 615 97 2 616 7 3 616 31 10 616 73 16 617 12 13 617 46 28 618 45 15 618 45 27 619 25 16 619 35 2 619 66 8 619 81 26 619 95 0 619 98 6 620 14 11 620 23 0 620 46 3 620 56 12 620 57 25 620 99 15 621 16 9 621 50 20 621 52 20 621 75 18 621 77 15 621 80 21 621 94 0 622 2 26 622 7 16 622 29 19 622 66 9 622 83 2 623 69 3 623 71 31 623 93 30 624 8 4 624 58 17 625 22 23 625 27 0 625 29 16 625 29 18 625 46 24 625 61 0 625 83 20 625 89 19 626 13 28 626 16 21 626 63 22 627 9 8 627 25 12 627 26 2 627 44 2 627 51 11 627 77 16 627 98 15 628 4 5 628 26 10 628 86 9 629 36 4 629 56 0 629 69 6 629 88 18 630 19 11 630 32 14 630 44 24 630 45 5 630 70 27 631 2 19 631 41 8 631 96 5 632 66 2 632 81 21 632 84 24 633 5 0 633 30 27 633 48 20 634 10 31 634 21 11 634 54 5 635 43 31 635 60 3 635 63 10 635 99 16 636 31 17 636 33 8 636 33 19 636 55 11 637 17 17 638 33 9 638 60 11 639 18 9 639 24 27 640 15 9 640 71 23 640 74 12 640 75 24 640 76 6 640 99 10 641 15 24 641 36 31 641 47 12 641 70 0 642 5 29 642 13 24 642 37 15 642 39 6 642 44 25 642 99 13 643 10 17 643 11 25 643 22 7 644 45 15 644 80 6 644 88 7 645 1 26 645 8 6 645 32 2 645 61 9 645 62 14 645 64 5 645 71 5 645 91 18 646 45 30 646 89 2 647 21 21 647 22 9 647 30 1 647 72 12 647 82 15 647 84 24 647 94 20 648 13 1 648 14 25 648 41 12 648 76 15 649 18 11 649 21 19 649 25 9 649 36 7 649 71 18 649 73 16 650 1 0 650 23 25 650 53 14 650 78 27 651 55 2 652 28 15 652 54 24 652 81 31 653 4 14 654 3 0 654 21 7 655 2 16 655 6 3 655 58 29 656 10 26 656 28 21 656 74 8 656 95 28 657 51 31 657 80 12 659 32 27 659 39 12 661 22 17 661 34 1 661 48 17 661 75 3 662 40 28 662 59 24 663 19 31 663 43 6 663 54 10 663 55 19 663 73 2 663 94 17 664 48 8 665 21 4 665 23 27 665 30 12 665 68 5 666 34 7 667 11 1 667 34 22 667 88 8 668 31 24 668 80 24 668 99 31 669 13 27 669 36 21 669 58 13 670 5 0 670 6 4 670 13 22 670 26 2 670 36 25 670 59 26 670 79 7 671 16 18 671 31 17 672 87 30 673 14 11 673 33 6 673 33 7 673 48 4 673 82 23 674 68 27 674 83 1 674 94 6 674 96 9 675 56 17 675 63 29 677 1 5 677 20 7 677 79 12 677 82 7 677 83 25 677 97 15 677 100 23 678 58 11 678 89 25 679 8 5 679 24 24 679 25 20 679 36 24 679 46 20 680 11 11 680 46 26 680 75 13 680 76 27 681 71 5 681 87 3 682 0 15 682 64 4 683 5 31 683 62 9 683 74 16 684 87 6 684 89 31 685 24 6 685 25 10 685 25 16 686 11 21 686 48 31 686 88 20 687 99 17 688 28 19 688 35 30 688 39 21 688 47 1 688 86 28 689 31 7 690 30 28 690 48 24 690 62 14 691 4 12 691 47 29 691 87 23 691 89 21 691 94 26 692 31 16 692 46 12 692 58 17 692 87 4 693 9 18 693 11 10 693 49 16 694 21 17 694 41 11 695 5 26 695 16 22 695 23 15 695 38 27 695 54 22 695 55 22 695 55 25 695 98 28 696 9 7 696 51 2 696 54 29 696 90 7 697 40 23 697 48 24 698 41 23 698 45 30 698 65 3 699 16 14 699 68 2 699 88 26 700 12 8 700 15 31 700 25 19 700 29 11 700 48 29 700 54 28 700 90 13 701 12 31 701 24 26 701 60 20 701 96 14 702 34 29 702 54 31 702 71 7 702 80 3 703 23 5 703 41 7 703 45 10 704 19 21 704 26 6 704 26 25 704 31 13 704 51 1 705 1 12 705 87 29 705 100 8 706 33 7 706 36 30 706 43 4 706 48 21 706 100 12 707 60 8 708 92 7 709 38 27 709 59 25 709 75 15 709 91 22 709 96 29 710 22 23 710 33 14 710 34 10 710 38 1 710 42 13 710 51 4 710 87 17 711 9 9 711 49 26 711 85 31 711 95 30 712 9 8 712 16 30 712 19 16 712 93 16 712 95 19 713 78 15 714 82 1 714 82 31 714 95 0 715 49 11 715 53 9 716 23 31 716 39 21 716 53 4 716 65 5 716 83 28 717 89 26 717 96 13 718 4 1 718 93 7 718 97 1 719 7 2 719 48 18 719 64 13 719 79 23 719 88 24 719 92 25 720 82 27 720 88 5 720 100 17 721 26 30 721 79 9 722 3 30 722 5 10 723 7 14 723 49 29 723 73 0 724 17 0 724 25 9 724 27 22 724 32 1 724 40 5 724 51 31 724 73 10 725 30 26 725 60 29 726 12 7 726 21 4 726 40 0 726 46 10 726 53 12 727 0 10 727 18 8 727 19 11 727 48 29 727 62 28 728 45 8 728 64 3 728 66 6 728 76 11 729 37 17 729 70 6 729 98 19 729 100 31 730 11 21 730 23 24 730 66 7 730 72 15 730 82 10 730 92 24 731 39 25 731 60 24 731 91 23 731 97 1 732 9 4 733 93 31 734 21 19 734 43 20 734 49 26 734 84 20 735 11 15 735 32 3 735 41 2 735 93 13 735 93 18 736 31 14 736 32 9 736 39 20 738 4 14 738 76 5 739 32 13 739 69 0 739 69 5 739 73 31 739 96 12 740 0 3 741 19 5 741 28 10 741 52 3 742 42 29 742 54 16 742 67 21 742 77 29 743 24 9 743 29 30 743 71 4 743 74 28 743 93 6 744 64 15 744 70 2 744 100 19 745 34 24 745 36 28 745 57 20 745 81 19 745 94 2 746 60 2 746 95 9 747 9 31 747 35 1 747 35 28 747 60 12 747 74 21 747 77 22 747 82 18 748 26 26 749 65 0 750 2 11 750 31 9 750 45 0 751 20 7 751 90 16 752 7 0 752 63 2 753 33 5 754 8 20 754 10 11 754 58 7 754 60 9 754 64 13 754 77 6 755 1 10 755 11 19 755 12 25 755 17 13 755 35 15 755 78 0 755 82 7 756 6 0 756 30 5 756 33 2 756 42 18 756 80 0 757 73 9 757 88 23 758 44 17 758 65 5 758 66 15 758 99 19 759 16 31 759 30 5 759 74 16 760 16 2 760 17 9 760 21 31 760 32 10 760 37 14 760 87 11 761 3 26 761 44 8 761 70 12 761 75 15 761 99 19 762 10 19 762 27 26 762 46 8 762 58 12 763 0 2 763 18 17 763 21 2 763 51 21 763 73 31 764 23 9 764 30 1 764 31 19 764 43 4 764 53 10 764 90 23 764 98 2 765 0 17 765 6 4 765 11 20 765 13 7 765 33 28 765 45 27 765 60 22 765 79 22 765 84 7 766 13 14 767 37 18 767 39 14 767 54 28 767 100 1 768 7 23 768 19 0 768 54 23 768 57 5 769 24 3 769 29 10 769 52 2 770 28 30 770 91 13 771 1 14 772 9 28 772 27 22 772 60 0 772 100 11 773 2 18 773 33 9 773 67 23 773 99 3 774 71 25 774 73 2 775 20 13 775 80 9 775 91 31 776 7 0 776 22 21 776 37 17 776 79 8 776 82 17 776 89 30 777 23 1 777 26 24 777 44 1 778 47 21 778 88 30 779 73 15 780 15 16 780 27 25 780 51 28 781 20 3 781 30 31 781 54 23 781 58 23 782 52 3 782 61 8 782 84 18 782 90 3 783 1 26 783 61 3 784 1 8 784 77 31 784 84 17 785 58 29 785 95 22 786 36 24 786 56 14 786 74 15 787 20 28 787 42 18 787 64 28 788 6 17 788 68 21 789 25 2 789 26 12 789 71 22 790 61 19 791 21 5 791 40 20 791 91 17 792 44 8 793 16 3 794 9 19 794 33 0 794 48 15 794 55 20 794 97 31 795 8 16 796 5 14 796 30 28 796 39 26 796 43 27 796 61 15 796 63 17 797 9 29 797 40 25 797 69 10 798 12 27 798 17 17 798 21 24 798 81 8 798 97 24 798 99 11 799 14 15 799 33 3 799 57 13 799 68 4 799 86 30 799 94 4 799 95 5 800 5 16 800 21 4 801 23 11 801 34 0 801 40 14 801 43 3 802 29 6 803 32 20 803 33 16 803 70 5 803 100 11 804 17 6 804 19 21 804 45 21 804 61 1 804 63 15 804 72 19 805 30 17 805 49 13 805 83 26 805 86 30 806 4 16 806 5 20 806 16 9 807 15 21 807 96 23 808 30 20 809 4 25 809 24 25 809 62 18 809 77 5 809 82 31 810 60 0 810 65 20 811 63 28 811 65 14 811 97 25 812 19 0 812 42 30 813 9 23 813 44 20 814 9 4 814 42 3 814 43 6 814 90 6 815 68 24 815 92 13 816 0 16 816 4 28 816 11 10 816 49 19 816 57 28 816 65 21 816 71 0 816 75 11 817 61 21 817 96 27 817 99 3 818 24 7 818 25 23 818 56 8 818 85 30 819 8 1 819 33 0 819 71 14 819 76 7 819 77 13 819 81 30 820 31 7 820 46 10 820 88 18 820 91 23 821 33 11 821 68 8 821 75 9 821 94 9 822 29 15 822 32 28 822 40 2 822 99 4 823 4 4 823 32 4 823 50 15 823 51 1 823 84 9 824 2 23 824 11 0 824 52 7 824 78 7 824 86 15 825 55 9 826 34 25 826 43 28 826 81 1 827 41 30 827 54 8 827 68 29 827 70 28 827 77 0 827 83 26 827 88 28 828 71 4 828 88 2 828 99 17 829 6 29 829 29 20 829 75 1 830 96 5 831 1 17 831 22 10 831 55 14 831 85 6 832 8 27 832 34 8 832 35 0 832 94 6 833 61 23 833 97 10 834 23 28 834 52 31 834 93 2 835 3 24 835 62 5 836 56 15 836 67 3 836 89 25 837 81 28 838 23 17 838 73 7 839 14 13 839 86 8 839 87 29 840 17 22 841 17 18 841 49 24 841 85 31 842 15 9 842 35 31 842 74 22 842 85 11 842 86 11 842 98 0 843 86 24 843 95 29 844 85 3 845 18 27 845 19 10 845 29 8 845 81 2 846 21 18 846 91 0 846 95 23 847 10 27 847 34 6 847 41 13 847 91 8 848 18 28 848 79 0 848 83 0 848 90 3 848 92 18 850 13 20 850 25 20 850 52 29 850 68 22 850 79 23 850 95 12 851 30 6 851 31 9 851 93 14 852 2 12 852 47 26 852 61 5 852 83 6 852 87 14 852 98 25 853 1 4 853 6 2 853 36 24 854 29 4 854 67 7 854 70 1 854 80 0 855 16 18 855 30 10 855 41 23 855 54 4 855 93 13 856 50 7 857 27 2 857 68 18 857 69 29 858 73 15 858 92 22 859 52 9 859 92 9 860 6 28 860 22 8 860 22 13 860 24 13 860 40 6 860 44 5 860 59 12 860 61 26 860 100 16 861 4 30 861 24 29 861 64 28 861 67 30 861 78 28 862 11 15 862 27 1 862 31 0 862 55 25 862 85 8 864 6 8 864 25 10 864 55 19 865 7 0 865 69 23 865 94 30 865 96 14 866 6 11 866 26 24 866 30 9 866 69 8 867 91 13 867 97 25 868 17 19 868 21 16 868 33 15 869 2 4 869 60 30 869 68 17 869 74 15 869 99 18 870 46 14 870 57 21 871 6 14 871 20 14 871 73 28 872 8 28 872 20 29 872 45 8 872 53 6 872 86 29 872 99 9 874 10 27 874 45 15 874 68 22 874 69 10 875 13 3 875 16 14 875 33 4 875 59 1 875 74 22 876 37 20 876 63 21 876 77 20 877 4 23 877 17 19 877 21 18 877 82 7 878 45 22 878 73 6 878 83 13 878 91 0 878 92 29 878 96 22 879 7 29 879 71 22 879 83 15 880 3 22 880 90 10 881 5 6 881 39 12 881 51 3 881 74 19 882 10 24 882 14 26 882 20 2 882 61 6 882 98 8 883 51 29 883 76 12 884 13 1 884 29 23 885 2 3 885 11 10 885 41 4 885 84 14 885 97 4 886 35 29 887 6 28 887 34 22 887 65 27 887 82 1 887 98 12 888 23 4 888 23 13 888 87 11 889 12 30 889 35 5 889 38 4 889 45 16 889 56 26 890 5 1 890 27 2 890 39 7 890 58 15 892 42 4 892 62 16 893 47 28 893 56 19 893 57 10 893 63 20 893 79 13 893 80 23 893 92 14 894 29 1 895 53 4 896 4 11 896 18 31 896 29 25 896 57 11 896 75 7 897 49 5 897 66 29 898 7 17 898 17 10 898 23 31 898 29 1 898 31 4 898 62 13 900 9 19 900 14 16 900 16 19 900 51 31 900 78 6 901 15 18 901 20 14 901 30 8 901 95 5 902 11 19 902 32 18 902 34 30 902 45 27 902 47 18 902 61 0 902 67 0 902 80 21 903 20 1 903 25 17 903 54 25 904 1 10 904 5 7 904 7 4 904 14 0 904 82 30 904 89 22 905 59 1 905 73 19 905 78 12 905 79 3 906 14 27 906 16 5 906 62 20 906 63 25 906 75 13 906 84 18 907 45 2 907 59 26 907 84 19 908 2 5 908 36 5 908 36 8 908 43 0 908 59 7 908 85 11 909 0 6 909 20 19 909 31 28 909 40 5 909 46 0 909 64 2 909 86 12 910 12 2 910 12 18 910 30 8 910 59 20 910 66 11 910 83 9 910 87 14 910 89 30 911 23 3 912 72 17 913 4 1 913 6 31 913 21 22 913 23 30 913 64 12 914 1 29 916 18 2 917 24 20 917 54 25 917 92 7 918 21 7 918 73 12 919 24 30 920 28 18 920 49 31 920 68 17 921 4 0 921 5 17 921 20 11 921 39 24 921 89 28 922 4 28 922 62 31 922 65 14 923 2 1 923 39 0 924 18 9 924 63 10 924 66 12 924 100 16 925 28 10 925 49 21 925 57 7 925 61 22 925 77 15 925 86 21 925 91 4 926 1 1 926 29 5 926 43 8 927 44 13 928 2 23 928 30 8 928 76 11 929 80 18 929 99 10 930 3 3 930 34 14 930 46 8 930 56 5 930 63 15 930 73 2 930 75 10 930 85 15 931 50 30 931 60 28 932 84 29 932 94 16 933 26 5 933 27 6 933 31 27 933 38 9 933 51 0 933 52 10 933 74 13 933 78 11 933 87 10 934 22 7 934 41 30 934 61 8 934 65 5 934 88 29 935 3 15 935 44 25 936 11 15 936 49 31 936 94 31 937 43 10 938 7 0 938 31 19 938 65 0 938 74 4 940 20 27 940 51 17 940 51 20 941 51 7 941 91 5 942 36 18 942 51 13 943 28 15 943 60 5 944 0 24 944 18 21 944 25 17 945 70 15 945 98 23 946 4 24 946 15 28 946 22 27 946 91 19 947 11 16 947 40 25 948 38 22 948 44 19 949 2 24 949 53 12 949 91 15 950 2 24 950 24 15 950 38 16 951 38 12 951 45 21 951 80 11 951 85 30 952 29 6 952 29 30 952 30 2 952 48 27 952 55 20 952 77 18 954 5 2 955 32 0 955 68 19 956 26 2 956 53 27 956 85 23 956 96 3 956 98 3 957 21 28 957 32 9 957 53 30 957 63 2 957 90 7 958 37 17 959 17 29 959 42 19 959 49 8 959 96 6 960 52 5 960 58 20 960 62 29 960 82 6 960 96 12 961 3 29 961 54 3 961 91 12 961 94 21 962 8 24 962 43 17 962 48 27 962 58 13 962 77 6 962 78 12 962 94 21 963 2 13 963 8 22 963 15 31 963 42 13 964 27 2 964 46 15 964 64 31 964 88 15 964 99 22 965 15 15 965 19 25 965 36 18 966 15 15 966 58 29 966 86 1 967 29 28 968 18 25 968 35 24 968 41 19 968 58 27 969 18 13 969 55 26 970 29 29 970 33 18 970 94 12 970 96 31 971 4 22 971 18 27 971 73 26 972 63 0 973 38 22 973 51 11 974 35 4 974 36 22 976 57 28 977 5 18 977 32 15 978 6 22 978 38 11 978 64 8 979 26 2 979 27 17 979 55 29 979 77 2 980 8 13 980 32 16 980 64 23 980 92 18 981 10 13 981 18 20 981 33 6 981 44 21 981 49 3 981 61 15 981 61 27 982 40 0 983 6 25 983 16 25 983 35 21 983 79 23 984 0 20 984 26 0 984 58 22 984 73 12 984 78 31 985 63 12 985 75 5 985 99 18 986 14 20 986 17 1 986 27 5 986 56 8 986 74 16 986 82 18 986 88 26 987 3 28 987 11 8 987 24 6 987 47 2 987 49 4 987 63 13 987 89 19 987 90 22 988 47 1 988 63 31 988 77 1 988 80 8 989 39 2 989 81 0 990 77 27 990 83 18 991 56 14 993 7 3 993 22 25 993 67 20 994 0 16 994 66 20 994 70 12 995 5 26 995 57 10 995 88 27 996 25 1 996 28 16 996 48 26 996 52 3 996 60 0 996 62 1 997 9 17 997 13 28 997 30 23 997 58 8 997 65 7 997 81 0 997 93 9 998 16 5 998 50 23 998 79 12 999 15 17 999 51 3 999 60 28 1000 98 19 1001 7 18 1001 12 18 1001 88 7 1001 98 24 1002 7 29 1002 57 31 1003 9 12 1003 12 13 1003 50 16 1004 16 26 1004 21 15 1004 23 26 1004 27 31 1004 49 13 1005 34 15 1005 91 6 1006 5 24 1006 20 17 1006 27 15 1006 47 4 1006 81 25 1006 92 6 1006 99 3 1007 13 10 1007 32 4 1007 65 29 1007 93 11 1008 73 25 1009 73 7 1009 78 20 1009 88 15 1011 7 1 1011 48 3 1012 1 29 1012 63 12 1012 77 3 1012 95 30 1012 97 29 1013 13 7 1013 16 8 1013 21 22 1013 42 16 1013 63 11 1014 36 24 1014 42 4 1014 72 1 1014 89 23 1014 96 24 1015 33 11 1015 34 2 1015 56 14 1015 74 4 1015 77 0 1016 41 2 1016 51 8 1017 24 23 1017 45 25 1018 2 13 1018 21 3 1018 48 8 1018 60 16 1018 78 22 1018 82 2 1019 12 1 1019 16 29 1020 10 17 1020 53 2 1020 71 1 1021 3 0 1021 16 13 1021 41 1 1021 56 9 1021 66 22 1021 71 7 1021 78 1 1021 85 14 1021 96 14 1022 29 8 1022 64 1 1022 65 11 1022 97 9 1023 12 18 1023 15 8 1023 17 13 1023 83 24 1024 70 10 1024 85 10 1025 10 3 1025 28 22 1025 48 6 1025 68 15 1025 88 8 1026 44 17 1026 45 15 1026 48 29 1026 65 18 1026 75 8 1027 10 0 1028 5 10 1028 18 8 1028 78 1 1029 0 10 1029 55 22 1030 26 9 1030 31 30 1031 34 0 1031 34 19 1031 49 29 1031 80 31 1032 40 6 1032 47 30 1032 81 3 1032 90 2 1032 97 3 1033 19 3 1033 55 1 1033 64 9 1035 2 18 1035 18 16 1035 61 27 1035 84 28 1035 88 31 1035 90 2 1035 96 11 1036 1 11 1036 33 23 1036 69 13 1036 72 27 1036 98 17 1036 100 15 1037 54 16 1038 66 0 1038 74 2 1039 12 17 1040 69 10 1041 2 11 1041 6 31 1041 33 22 1042 3 26 1042 23 4 1042 25 21 1042 28 27 1042 60 9 1043 14 20 1043 49 15 1044 29 8 1044 58 27 1044 84 17 1044 87 26 1045 7 21 1045 46 31 1045 48 19 1045 90 2 1045 90 9 1046 30 28 1046 35 8 1047 6 10 1047 38 12 1048 3 7 1048 11 20 1048 16 2 1048 71 8 1048 90 7 1048 93 23 1049 6 8 1050 40 20 1050 66 30 1050 92 19 1050 96 14 1052 13 27 1052 17 28 1052 22 14 1053 9 1 1053 43 4 1053 79 17 1053 100 12 1054 9 14 1054 55 28 1055 59 5 1056 0 10 1056 32 25 1056 59 18 1058 39 4 1058 46 30 1058 94 25 1059 43 1 1060 6 4 1060 14 4 1060 49 7 1060 49 29 1060 63 31 1061 9 15 1061 55 1 1061 79 28 1065 89 16 1066 82 22 1066 88 5 1067 73 13 1068 2 21 1068 13 20 1068 48 4 1068 91 23 1070 20 26 1071 9 16 1071 37 22 1071 51 26 1071 68 23 1072 0 30 1072 27 7 1072 73 13 1072 77 7 1072 81 1 1072 86 24 1073 100 7 1074 27 0 1074 60 2 1074 68 27 1074 69 23 1074 71 26 1074 91 3 1075 33 3 1075 70 12 1076 5 11 1076 22 31 1076 38 2 1077 78 19 1077 85 13 1077 88 9 1078 8 1 1078 59 3 1078 60 24 1078 97 0 1079 4 21 1079 33 5 1079 54 2 1080 2 4 1080 38 25 1080 50 1 1080 68 16 1081 4 30 1081 53 28 1082 39 23 1082 61 17 1083 27 30 1083 53 23 1084 50 31 1084 83 16 1084 86 17 1084 89 16 1085 7 31 1085 33 24 1085 78 9 1086 20 18 1086 45 19 1087 0 29 1087 31 14 1087 83 0 1087 83 31 1088 2 22 1088 44 8 1088 51 6 1088 55 11 1088 63 30 1088 77 28 1089 3 3 1089 36 8 1089 84 15 1090 52 7 1090 71 25 1091 3 18 1091 66 4 1091 94 17 1092 6 8 1092 92 26 1093 87 5 1094 33 3 1094 97 10 1095 9 6 1095 78 17 1095 86 8 1095 88 28 1096 92 16 1097 2 31 1097 100 9 1098 26 28 1098 37 9 1099 36 8 1099 68 3 1099 93 26 1100 25 3 1100 84 31 1101 9 3 1101 34 10 1101 43 15 1101 80 0 1101 88 25 1101 96 14 1101 98 13 1102 11 23 1102 43 27 1102 76 19 1102 98 29 1103 17 19 1103 23 2 1103 31 25 1103 46 13 1104 1 25 1104 31 12 1104 91 20 1105 56 12 1105 94 5 1106 18 6 1106 55 7 1106 69 22 1106 71 15 1107 14 30 1107 75 14 1107 98 1 1108 3 9 1108 18 10 1109 31 18 1109 72 21 1109 82 5 1109 86 12 1110 11 22 1110 20 15 1110 27 3 1110 68 7 1110 72 24 1110 91 12 1111 13 1 1111 27 22 1111 37 3 1111 43 7 1112 83 24 1113 4 13 1113 31 15 1114 40 21 1115 14 27 1115 23 29 1115 32 28 1115 64 24 1116 14 21 1116 25 18 1116 31 26 1116 40 26 1116 45 1 1117 23 22 1117 48 26 1117 53 7 1118 21 7 1118 57 3 1118 61 11 1118 74 29 1119 10 23 1119 18 0 1119 73 24 1120 15 13 1120 69 18 1121 41 0 1121 44 17 1121 70 4 1121 84 20 1122 6 16 1123 26 7 1123 53 10 1123 60 23 1123 99 25 1124 2 31 1124 24 10 1124 33 0 1124 41 27 1124 68 29 1125 45 11 1125 55 10 1125 73 1 1128 31 2 1128 38 4 1128 86 13 1129 41 12 1130 2 24 1130 28 16 1130 46 29 1130 88 2 1131 5 19 1131 80 11 1132 54 10 1133 46 16 1133 51 31 1133 68 0 1133 76 17 1134 39 0 1134 63 9 1134 89 31 1134 98 4 1135 50 19 1135 73 30 1136 28 24 1136 30 22 1136 46 30 1136 48 27 1137 26 5 1138 7 1 1138 91 5 1138 96 5 1139 57 12 1139 65 30 1139 88 18 1140 1 24 1140 20 16 1140 21 28 1141 19 4 1142 5 22 1142 34 6 1142 37 7 1142 73 24 1142 87 1 1143 43 21 1143 44 19 1143 76 20 1145 31 5 1145 41 25 1146 27 13 1146 72 14 1148 17 26 1148 31 12 1148 42 1 1148 91 31 1149 25 31 1149 30 20 1149 84 21 1149 95 11 1150 64 26 1150 96 28 1151 38 7 1151 41 22 1152 7 30 1153 12 4 1153 66 8 1154 67 15 1154 100 19 1155 28 24 1155 31 11 1155 45 22 1156 48 19 1157 0 0 1157 25 2 1157 33 4 1157 39 23 1157 61 29 1157 95 30 1158 75 27 1159 40 11 1159 42 19 1159 46 2 1159 63 6 1159 81 15 1161 70 30 1161 80 0 1161 87 7 1162 3 16 1162 12 7 1163 33 14 1163 36 16 1163 45 3 1163 50 21 1163 97 20 1164 33 11 1164 94 0 1165 75 31 1165 82 22 1166 34 3 1166 73 24 1166 95 14 1167 44 8 1167 74 2 1167 81 4 1168 7 25 1168 20 19 1168 41 23 1168 55 1 1168 64 19 1168 80 7 1169 40 7 1169 98 0 1170 30 20 1170 42 3 1170 64 12 1170 97 2 1171 62 23 1171 94 14 1172 9 2 1172 16 17 1172 22 27 1172 36 19 1173 23 14 1173 46 27 1174 65 5 1175 86 9
253 3563 0.001 72 49 26 72 69 15 72 89 28 73 1 2 73 2 23 73 24 14 73 84 28 74 5 22 74 13 3 74 38 9 75 14 20 75 20 17 75 34 11 75 49 15 75 79 3 76 23 9 76 44 25 77 66 2 78 31 25 79 54 29 81 9 27 81 47 1 81 65 16 83 90 26 84 13 12 84 80 7 84 88 7 85 26 21 86 45 23 86 46 16 86 91 22 87 36 26 87 43 22 87 62 7 87 72 16 87 74 2 88 10 24 89 5 19 89 49 30 89 92 31 90 25 26 90 69 14 90 72 21 91 4 12 91 22 16 91 29 29 91 84 17 93 10 31 93 36 18 93 88 23 94 38 19 94 44 14 94 54 24 95 96 1 96 4 9 96 93 4 96 98 2 97 17 4 98 80 24 99 1 28 99 12 31 99 21 13 99 38 11 99 48 14 99 50 16 99 65 18 100 15 5 100 18 0 100 22 28 100 49 11 100 78 22 100 82 30 100 89 6 101 7 1 101 36 29 101 38 10 101 52 1 102 6 15 102 35 11 102 53 21 103 32 10 103 85 27 104 58 14 104 77 25 105 4 13 105 7 20 105 61 6 105 70 12 105 80 31 106 18 14 106 43 11 106 49 27 106 68 10 106 69 20 107 17 28 107 25 21 107 30 7 107 39 22 107 39 28 107 59 1 107 63 12 107 76 16 107 78 19 108 3 27 108 26 13 108 36 26 108 54 16 108 86 17 108 96 3 109 26 11 109 32 28 109 51 15 110 4 16 110 31 26 110 74 5 110 76 5 111 31 13 111 49 21 111 62 3 111 66 26 111 68 27 112 4 13 112 13 9 112 62 0 113 37 4 113 85 24 114 22 0 114 55 0 114 56 29 114 65 16 114 67 30 115 45 1 115 48 12 115 76 25 116 49 25 117 25 3 117 33 29 117 37 24 117 53 27 118 33 5 118 75 16 118 93 9 119 0 24 119 13 29 119 28 11 119 95 18 121 38 29 121 50 20 121 61 22 121 85 29 122 14 30 122 56 16 122 69 5 122 83 23 123 0 27 123 2 6 123 93 26 124 85 14 124 98 6 125 81 31 126 14 14 126 17 17 126 67 0 128 39 19 128 63 4 128 80 7 128 88 20 129 14 4 129 21 4 129 65 31 129 90 14 131 17 9 133 41 6 133 44 1 133 61 21 133 67 12 133 89 23 133 99 27 134 26 14 134 90 27 135 37 18 135 52 16 135 93 2 136 0 28 137 6 11 137 32 28 137 43 12 138 5 28 138 20 8 138 32 25 138 51 14 139 100 15 140 17 4 140 72 17 141 53 28 141 100 16 142 34 25 142 50 5 142 57 15 142 63 27 142 66 23 142 66 27 142 73 8 142 86 31 143 14 28 144 26 26 144 65 26 144 65 28 145 10 21 145 16 21 145 33 5 145 79 0 146 31 29 146 35 5 146 76 11 146 78 29 147 5 18 147 58 10 148 4 16 148 44 15 148 66 6 148 85 23 149 40 31 149 45 15 149 96 12 150 15 26 150 26 14 150 30 26 151 5 0 152 41 29 152 44 1 153 15 18 153 18 5 153 59 26 153 60 9 154 11 10 154 27 22 154 42 24 154 53 27 154 57 11 154 60 19 154 72 5 154 90 3 154 97 14 154 100 8 155 27 6 156 4 30 156 96 6 157 5 18 157 40 16 157 57 5 159 65 18 160 14 7 160 22 2 161 26 21 161 67 20 161 93 6 162 4 21 162 22 26 162 42 8 162 64 6 163 4 25 163 20 26 163 64 10 164 94 28 165 10 20 165 18 10 165 30 8 165 39 25 166 3 9 166 10 1 166 14 30 166 24 27 166 27 4 166 56 8 166 85 30 167 22 15 167 92 19 167 97 20 168 39 23 168 43 5 168 76 1 168 83 26 169 31 17 169 49 24 170 75 20 171 13 23 171 25 11 171 80 8 171 86 18 171 89 4 171 100 27 172 18 1 172 62 21 173 11 1 173 18 31 173 64 29 175 29 29 175 40 7 176 37 23 177 42 19 177 78 6 177 86 0 177 87 5 178 55 9 178 77 15 178 95 8 179 32 30 179 37 2 179 37 14 180 2 9 180 5 9 180 11 24 180 34 5 180 73 30 180 84 17 180 85 29 181 7 3 181 31 4 181 41 23 181 43 0 181 62 18 181 82 18 182 13 22 182 56 9 182 71 13 183 27 8 183 29 22 183 43 14 183 49 25 183 55 1 184 30 1 184 34 10 184 43 15 184 58 21 184 64 12 184 80 5 184 83 18 185 74 3 186 53 6 186 55 25 186 91 17 187 12 4 187 24 25 187 39 5 187 68 7 187 83 23 187 100 0 188 12 12 188 14 21 188 28 6 188 64 29 188 79 9 188 80 9 189 8 27 189 87 13 189 88 26 190 20 9 190 31 19 190 41 26 190 49 21 190 71 30 191 11 6 191 94 26 191 96 6 192 20 28 192 35 3 192 72 8 192 99 21 193 29 14 193 35 0 193 78 3 194 0 14 194 39 11 194 56 29 194 85 18 194 98 8 195 89 0 196 63 7 197 60 25 197 97 7 197 99 4 198 67 20 198 95 26 199 13 6 199 26 26 199 72 20 200 99 26 201 71 24 201 81 12 202 36 6 202 62 12 202 64 18 203 35 3 203 39 15 203 52 8 204 46 9 204 60 11 204 89 5 204 94 7 205 3 21 205 18 19 205 31 23 205 33 28 205 61 4 205 80 15 206 38 14 206 100 12 207 28 27 208 43 26 208 79 16 209 27 14 209 54 4 209 56 9 210 26 27 210 30 11 210 46 31 210 57 29 210 59 27 210 73 19 211 3 0 211 8 7 211 14 11 211 36 22 211 38 21 211 52 3 211 63 4 212 39 12 213 13 5 214 9 15 214 19 9 214 37 24 214 40 25 214 57 10 214 60 18 215 1 7 215 11 12 215 63 20 215 81 4 216 22 1 216 56 16 216 58 13 216 78 31 217 7 23 217 34 6 217 90 28 218 8 13 218 91 16 219 46 27 219 73 1 219 95 21 220 2 11 220 6 25 220 21 30 220 81 5 221 26 20 221 27 18 221 52 12 221 54 7 221 93 27 221 99 25 222 35 13 222 46 28 222 80 13 222 90 5 223 47 20 223 67 31 223 68 25 223 81 15 223 94 3 224 86 31 224 87 0 225 12 30 225 30 27 225 45 23 225 90 15 226 9 27 226 21 26 226 26 26 226 65 6 226 95 4 227 13 1 227 51 10 227 88 26 229 29 0 229 46 31 229 76 9 229 78 30 230 33 5 230 41 12 230 50 1 230 92 15 231 33 12 231 34 17 231 57 29 231 61 5 231 79 26 233 1 27 233 100 6 234 96 3 235 80 24 235 99 15 236 78 21 236 85 18 237 21 15 237 27 1 237 34 10 237 88 5 238 47 30 238 78 25 238 81 16 239 68 0 240 28 30 240 54 30 241 39 13 242 6 7 242 23 4 242 26 31 242 39 28 242 60 23 242 98 17 243 0 29 243 41 30 243 61 10 244 12 27 244 57 8 245 32 9 245 47 23 245 82 5 246 67 11 246 78 1 247 14 23 247 78 25 247 88 25 248 1 14 248 11 13 248 22 8 248 24 31 248 89 24 249 31 5 249 94 1 250 22 9 250 24 8 250 44 3 250 80 26 250 81 29 250 96 2 252 5 30 252 25 13 252 62 7 253 82 31 253 87 14 253 94 10 253 99 2 254 17 26 254 54 11 254 75 26 255 14 9 255 19 3 255 22 2 255 70 31 255 87 9 256 7 10 256 93 7 256 95 23 257 61 9 258 0 13 258 24 13 258 27 29 258 50 5 258 53 10 259 83 25 260 10 9 260 48 27 260 85 6 261 14 20 261 15 12 261 19 10 261 38 12 261 47 16 261 64 0 261 86 5 262 94 13 263 1 14 263 13 19 263 23 26 263 36 1 263 51 11 264 6 25 264 7 19 264 22 1 264 28 2 264 76 1 264 100 10 265 4 12 265 36 25 265 67 17 266 39 17 266 43 1 266 100 0 267 2 29 267 27 19 267 53 22 267 60 27 267 64 6 267 65 23 267 89 8 268 89 22 268 91 18 269 33 14 269 67 29 270 30 7 270 42 8 270 70 19 271 28 12 271 30 21 271 58 25 271 78 3 272 12 25 272 16 30 272 32 20 272 63 7 272 72 13 273 88 9 274 82 21 274 88 15 275 21 9 276 18 11 276 20 19 276 55 4 276 65 4 277 18 21 277 33 15 277 34 5 277 38 7 277 38 13 277 42 15 277 47 21 277 80 29 278 57 29 278 59 7 278 70 29 278 71 25 279 31 15 279 73 4 279 86 10 280 3 30 280 9 6 280 58 12 280 66 17 281 8 15 281 10 22 281 63 26 281 83 22 282 16 11 282 19 16 282 43 19 282 48 3 282 70 25 283 10 31 283 24 8 283 47 31 283 59 13 283 83 30 284 10 2 284 25 14 284 29 29 285 0 18 285 59 6 285 85 25 286 96 18 287 17 25 288 62 22 288 77 5 288 88 21 289 9 21 289 69 1 289 91 4 290 20 6 290 25 28 290 62 21 290 63 19 290 97 5 291 10 20 291 58 24 291 79 19 291 83 16 292 37 14 292 39 16 292 57 3 292 58 26 292 69 19 292 86 24 292 100 10 293 3 11 293 28 2 293 37 19 293 65 28 294 6 15 294 8 1 294 24 23 294 42 14 294 70 20 294 86 23 294 88 26 294 98 4 295 40 27 295 52 16 295 72 10 295 95 1 296 22 1 296 36 6 297 4 1 297 40 0 298 68 21 299 13 9 299 45 20 300 6 3 300 9 11 300 30 6 300 45 12 301 42 23 301 92 8 302 0 31 302 15 29 302 61 16 302 68 24 303 77 23 304 39 11 304 73 10 305 24 22 305 48 10 305 55 0 305 75 18 305 78 19 306 50 16 306 78 30 307 27 30 307 77 10 307 79 10 307 82 19 307 90 8 307 96 23 308 19 17 308 33 27 310 2 12 310 16 7 310 31 28 310 33 20 310 55 3 310 77 25 310 83 3 310 89 9 311 5 15 311 11 1 311 69 19 311 71 22 311 83 4 312 2 28 312 3 2 312 21 23 312 58 6 313 13 20 313 31 2 313 60 27 313 90 8 314 10 17 314 19 29 314 26 15 316 7 7 316 95 5 317 17 14 317 80 4 318 66 17 319 4 9 319 28 16 319 76 6 320 11 15 320 87 14 320 96 16 321 45 2 321 45 19 322 23 10 322 49 1 322 84 2 323 30 25 323 49 18 323 60 11 323 85 16 324 31 2 324 51 0 324 69 5 324 69 18 324 78 29 324 92 12 325 0 30 325 60 11 325 62 30 325 72 26 325 88 14 325 88 29 326 46 10 326 73 28 326 75 22 326 96 16 326 97 3 327 0 28 327 31 19 327 39 4 327 95 0 328 14 27 328 72 8 328 81 10 329 21 22 329 26 14 329 70 8 329 97 12 330 17 24 330 53 28 331 46 25 331 68 0 332 3 30 332 20 14 332 57 15 332 89 10 333 16 26 334 1 1 334 6 24 334 15 18 334 28 22 334 36 21 334 45 10 334 45 20 334 48 16 334 78 15 334 86 31 335 4 5 335 36 19 336 8 0 336 14 25 336 47 28 336 61 31 336 92 30 337 42 24 337 48 31 337 86 9 338 12 11 338 28 31 338 42 30 338 57 5 338 57 24 338 58 2 338 63 16 338 81 22 339 42 2 339 44 12 340 2 31 340 73 26 340 89 26 341 84 7 342 77 17 343 0 21 343 9 11 343 52 7 343 75 13 343 83 2 344 10 14 344 20 16 344 21 29 344 28 6 345 62 29 345 76 9 345 85 0 345 87 11 346 73 0 347 6 20 347 12 4 347 28 21 347 47 11 348 14 3 348 28 2 348 67 5 348 77 16 349 57 13 350 60 14 350 67 15 350 70 26 350 91 15 350 94 20 351 15 1 351 16 1 351 23 2 351 77 29 351 80 21 352 1 4 352 68 23 353 23 7 353 33 4 353 48 23 354 28 10 354 31 15 354 32 15 354 41 12 354 42 24 355 75 16 355 100 20 356 8 13 356 57 21 356 72 21 356 75 30 357 11 27 357 55 23 358 21 13 358 79 4 358 99 1 359 5 3 359 16 12 359 21 18 359 83 4 359 87 11 360 34 30 360 94 4 361 8 29 361 18 3 361 30 7 361 65 29 361 69 26 361 95 13 362 50 24 362 57 1 363 6 25 363 43 2 363 85 12 364 79 23 364 95 11 364 96 4 365 42 6 366 33 0 367 8 7 367 15 1 367 26 12 368 7 2 368 31 1 369 15 19 369 39 18 369 40 3 369 59 2 369 62 0 369 76 15 369 96 27 370 16 21 370 29 28 370 65 1 370 97 16 371 12 0 371 57 18 371 81 16 371 92 13 371 95 31 372 4 27 372 58 28 372 70 8 373 43 28 373 84 14 373 93 30 374 5 26 374 8 7 374 60 13 375 8 14 375 39 30 375 48 23 375 69 12 375 100 25 376 40 1 376 43 6 376 53 25 376 58 5 376 86 18 377 22 20 377 58 27 377 77 18 378 40 23 378 73 26 378 82 22 379 16 3 379 28 31 379 71 13 379 80 4 380 9 23 381 3 13 381 20 3 381 38 11 381 47 26 381 48 31 381 54 2 382 49 20 382 96 14 383 13 17 383 24 9 383 42 5 383 69 18 384 8 30 384 18 21 384 43 10 384 78 28 385 54 30 386 54 22 386 70 0 387 44 26 387 73 31 387 94 1 388 84 18 389 3 25 389 15 3 389 46 4 390 1 7 390 100 19 391 35 20 392 5 21 392 42 0 392 45 16 392 70 7 392 81 26 392 92 27 393 40 15 393 73 24 393 85 28 394 44 16 394 60 3 395 25 18 395 96 28 396 16 29 396 34 2 396 50 22 397 47 12 397 84 28 397 86 4 397 92 7 398 47 0 398 65 13 398 87 25 399 5 17 399 21 30 399 51 26 399 55 29 399 61 0 400 39 14 400 42 21 401 22 20 401 28 23 401 52 29 401 53 29 401 74 8 401 83 28 402 58 30 403 45 12 403 75 21 404 3 9 404 16 12 404 38 15 404 67 31 404 97 29 405 5 9 405 18 12 405 32 9 405 33 1 406 15 1 406 34 19 406 51 27 406 71 25 407 2 7 407 5 16 407 66 31 407 80 7 408 16 14 408 91 17 409 7 4 409 25 20 409 68 8 409 70 27 410 7 27 410 13 0 410 40 10 410 59 2 410 79 9 411 28 21 411 31 31 412 32 14 412 40 13 412 58 1 413 31 5 413 77 10 414 7 23 414 25 27 414 28 27 414 57 30 415 91 11 416 2 18 416 8 31 416 60 4 416 64 24 416 74 8 417 22 8 417 63 19 418 55 15 418 63 24 418 71 27 419 33 8 419 64 3 420 27 24 420 44 4 420 62 13 421 8 11 421 10 9 422 19 10 422 82 3 422 99 5 423 5 30 423 7 20 423 13 8 423 56 8 423 62 20 423 64 30 423 72 4 423 96 19 423 100 25 424 21 21 425 22 14 425 50 28 425 84 30 426 5 11 427 53 11 428 6 25 429 8 9 429 23 18 429 35 31 430 32 31 430 40 0 431 7 27 431 15 8 431 16 6 431 54 2 431 54 19 431 84 26 431 85 10 432 68 18 432 92 3 433 8 15 433 10 23 433 17 21 433 26 14 433 50 28 433 55 10 434 26 25 434 40 2 435 15 8 435 41 23 435 57 23 435 100 7 436 48 28 437 52 4 437 64 5 438 44 31 439 40 1 439 91 23 440 1 19 440 77 15 441 32 26 441 42 14 441 83 16 441 89 15 442 1 13 442 7 26 442 25 15 442 74 12 442 95 13 443 50 23 444 36 5 444 40 25 444 48 23 444 79 0 444 79 21 444 80 14 444 88 9 444 88 26 445 1 14 445 14 23 445 32 23 445 53 27 445 81 0 445 94 28 446 11 7 446 19 18 446 30 30 446 90 11 447 13 20 447 62 9 447 65 21 448 35 20 448 38 28 448 49 11 448 52 10 449 1 17 449 35 16 449 46 26 449 94 12 450 11 5 450 59 30 451 55 19 452 93 31 453 5 6 453 49 2 453 71 28 454 7 25 454 23 25 454 68 28 454 75 6 454 81 24 454 89 9 455 5 8 455 16 1 455 59 27 455 62 10 455 72 20 455 76 13 455 90 21 456 8 9 456 35 16 456 35 27 456 73 28 457 70 23 457 72 13 457 86 29 457 87 6 458 97 20 459 34 1 459 51 3 459 54 16 459 87 14 460 53 1 460 71 23 462 24 27 462 37 30 462 63 10 463 16 24 463 20 18 463 60 19 463 71 19 464 20 18 464 57 31 464 60 1 464 88 7 465 47 14 465 81 29 466 18 29 466 84 14 466 100 27 467 6 11 467 44 30 467 48 28 467 61 1 467 73 15 468 12 13 468 21 18 468 36 15 468 56 7 468 96 8 469 42 29 469 52 26 469 74 8 469 95 7 470 0 13 470 11 19 470 55 4 470 76 27 471 18 18 471 45 23 471 62 21 472 64 17 473 18 4 474 15 10 474 19 2 474 22 17 474 35 23 474 57 1 475 5 7 475 58 24 476 33 21 476 46 5 476 53 7 476 57 24 476 67 8 476 79 3 476 85 0 477 20 0 477 31 18 477 52 6 477 61 11 477 62 28 478 85 18 479 4 18 479 22 17 479 30 18 479 34 25 479 87 9 480 25 7 480 31 2 480 31 14 480 88 31 481 74 6 481 75 28 481 98 27 482 17 27 482 21 30 482 43 17 483 62 28 483 92 29 484 15 15 485 1 30 485 4 9 485 78 20 486 84 0 486 100 14 487 0 26 487 51 5 487 60 8 487 63 22 487 73 19 487 80 30 488 26 30 488 53 28 488 82 23 489 61 11 490 29 6 490 42 20 490 51 26 491 23 7 491 63 4 491 77 11 491 77 21 491 85 13 493 6 22 493 12 8 493 69 25 493 79 23 494 66 20 495 1 1 495 28 10 495 36 29 495 48 27 495 78 19 495 82 15 495 94 15 496 18 12 496 23 26 497 5 29 497 89 0 498 41 31 499 34 13 499 60 29 500 40 16 500 55 6 500 62 26 500 74 27 500 91 29 501 8 10 501 35 23 501 44 26 501 99 16 502 45 1 502 48 7 502 51 21 502 76 14 503 4 27 503 33 4 503 66 6 503 85 11 503 85 20 503 96 30 504 52 25 505 5 7 505 7 27 506 7 26 506 41 24 506 63 15 507 11 8 507 53 17 507 60 12 507 77 4 507 84 17 508 14 0 508 33 18 508 38 1 509 1 20 509 30 22 509 30 31 509 78 8 510 14 27 510 39 4 511 81 6 511 95 17 512 10 12 512 47 20 512 87 24 512 95 6 513 16 6 514 28 15 515 74 3 515 80 21 515 86 27 515 92 30 516 9 2 516 24 9 516 76 11 517 6 19 517 48 19 517 58 20 517 80 27 518 5 7 518 15 29 518 32 23 518 34 7 518 59 28 519 61 4 519 77 23 519 91 1 519 91 2 519 94 15 520 59 2 520 86 1 521 13 27 522 2 2 522 16 19 522 49 25 522 58 9 522 71 5 522 79 4 523 0 22 523 15 9 523 77 22 523 80 26 523 92 23 524 50 14 524 54 0 524 84 30 525 25 29 526 24 5 526 32 27 526 81 24 527 30 31 527 82 26 528 25 30 528 53 9 529 52 30 529 77 3 530 9 28 530 24 29 530 40 4 530 54 31 530 80 12 530 99 2 531 2 0 531 35 2 531 49 5 531 81 26 532 15 21 532 18 4 532 59 5 532 69 9 533 4 10 533 42 11 533 89 12 534 26 17 534 30 16 534 92 15 534 98 7 535 7 5 535 18 15 536 11 26 536 35 0 537 27 6 537 45 6 537 67 21 537 94 11 538 60 11 538 77 22 538 89 5 539 1 30 539 49 1 539 91 19 539 93 26 540 62 31 541 2 16 541 11 28 541 49 8 541 52 29 541 55 29 541 79 18 542 36 4 542 49 28 542 79 10 543 30 10 544 12 22 544 37 8 544 58 31 544 90 0 545 39 19 546 10 23 546 11 8 546 38 26 546 40 3 546 42 10 546 54 4 546 85 31 547 23 11 547 48 4 547 67 26 547 89 18 548 30 2 548 51 21 548 57 21 548 75 22 549 25 8 549 28 16 549 33 5 550 27 3 550 34 3 550 56 1 551 9 11 551 10 3 551 12 26 551 49 21 551 61 20 552 7 28 552 46 23 552 62 21 552 90 8 554 14 27 554 17 0 554 45 30 554 82 27 554 93 4 555 6 27 555 63 24 555 86 10 556 23 28 556 28 23 556 29 3 556 42 28 556 47 18 556 67 19 557 4 10 557 34 25 557 63 26 558 16 7 558 22 18 558 36 16 558 69 0 559 0 12 559 40 16 559 85 19 560 69 1 560 85 7 561 55 17 561 80 0 562 5 22 562 11 15 562 88 20 563 13 24 563 40 30 563 46 0 563 63 0 564 17 6 564 61 12 564 71 9 564 76 4 564 93 22 565 8 26 565 47 28 565 90 14 565 91 10 566 15 11 566 47 30 566 69 27 566 92 23 567 38 24 567 62 24 567 82 6 568 10 4 568 82 23 569 2 21 569 24 23 569 47 3 569 61 2 569 72 19 570 2 20 570 53 14 570 81 4 571 10 28 571 57 26 571 75 10 572 78 29 573 24 11 573 27 6 573 94 9 574 22 27 574 69 31 574 91 23 575 87 15 577 18 0 577 24 2 577 80 2 578 44 9 579 10 9 579 29 2 579 57 5 579 61 5 580 28 27 580 45 16 580 73 8 580 87 31 581 37 17 581 46 29 581 83 11 581 90 1 582 41 25 582 71 11 582 76 26 582 85 12 583 15 20 583 75 2 583 88 30 585 16 6 585 17 0 585 34 10 585 53 6 585 56 9 585 82 2 585 96 25 585 99 3 586 68 17 586 97 24 586 98 11 587 6 21 587 27 11 587 81 17 587 88 15 588 35 1 588 47 20 588 79 2 589 23 22 589 92 10 590 48 0 590 65 28 590 70 25 590 100 6 591 39 16 591 51 12 592 32 11 592 83 9 593 18 3 593 55 21 593 59 11 593 93 2 594 44 5 594 47 3 594 58 11 594 65 4 595 3 0 595 54 24 595 99 13 596 18 28 596 48 17 596 53 0 596 74 29 596 87 19 598 14 21 598 21 27 598 45 15 598 66 1 598 66 19 599 19 20 599 42 0 599 56 15 600 4 12 601 24 21 601 98 5 602 34 4 602 62 4 602 69 25 602 76 10 602 94 7 603 13 22 603 31 18 604 72 13 604 94 3 605 1 2 605 2 17 605 16 15 605 27 29 606 12 12 606 14 9 606 93 24 607 11 9 607 43 16 607 47 30 607 57 6 608 9 15 608 57 24 609 70 16 610 41 25 610 54 18 610 59 25 611 44 15 611 72 11 611 80 20 612 20 14 612 28 8 612 29 15 612 55 1 612 94 25 613 22 23 613 90 25 614 43 6 614 61 26 614 82 21 614 90 14 615 55 3 616 61 31 616 96 4 617 41 1 617 49 31 617 77 5 618 0 6 618 51 21 618 84 10 621 63 2 621 74 1 622 70 15 622 94 28 622 97 3 623 63 21 623 67 30 623 79 30 624 64 21 625 11 5 625 58 28 625 63 5 625 63 27 625 66 20 625 69 21 625 82 30 626 81 14 627 41 29 627 52 3 627 57 14 627 59 14 627 59 23 628 56 22 628 89 0 629 28 11 629 36 3 629 44 31 629 62 22 630 13 26 630 31 12 630 74 26 630 78 15 630 86 19 633 36 11 633 52 9 634 47 2 634 47 22 634 47 25 634 83 25 635 18 1 635 27 20 635 42 20 635 95 28 636 48 22 636 74 25 636 98 24 637 29 23 637 40 10 637 43 15 637 47 7 637 52 6 638 51 31 638 63 16 639 47 5 639 60 1 640 6 11 640 33 26 640 41 22 640 52 21 640 82 10 640 91 10 641 69 14 642 45 11 642 83 17 643 26 25 643 54 31 643 78 5 643 88 16 643 92 15 643 94 14 644 12 11 644 65 10 645 5 25 645 43 16 645 64 12 645 71 27 645 79 31 646 57 6 646 58 19 648 46 2 648 56 23 648 98 28 649 27 14 649 90 7 649 96 29 650 4 9 650 9 29 650 17 7 650 50 28 651 89 17 652 14 26 652 79 11 653 27 21 655 0 22 655 68 22 655 89 7 655 93 18 656 8 0 657 17 20 657 22 31 657 56 17 657 73 16 657 80 29 658 26 30 658 76 14 659 21 16 659 26 16 659 45 3 659 48 12 659 56 19 660 12 30 660 19 2 660 53 3 660 60 18 660 62 9 661 50 9 661 74 17 661 87 2 661 99 13 662 28 28 662 47 17 662 71 16 662 75 23 662 86 3 663 10 14 663 53 1 663 92 4 664 27 16 664 70 11 664 88 1 664 89 26 664 99 21 665 10 16 665 49 17 665 67 4 666 15 15 667 19 19 667 32 11 667 39 22 667 88 6 667 91 14 668 7 24 668 25 19 668 54 19 668 90 6 668 93 2 669 89 24 670 45 28 670 61 5 671 18 17 671 43 10 672 3 2 672 12 13 672 37 12 672 37 31 673 28 15 673 62 23 673 94 12 673 96 14 674 70 15 675 19 22 675 40 6 675 99 17 676 6 4 676 25 1 676 38 6 676 43 16 676 62 11 676 70 15 677 7 18 677 20 16 677 48 15 677 67 21 678 75 29 679 17 17 679 39 24 680 70 5 680 93 21 681 8 21 681 16 2 681 67 10 681 88 30 682 16 5 682 17 27 682 77 4 683 25 15 683 67 3 685 21 15 685 77 8 686 55 11 687 4 23 687 22 28 687 72 19 687 87 29 688 12 11 688 22 13 688 36 26 688 43 26 688 56 23 689 50 6 689 55 11 690 75 30 691 93 3 692 45 7 692 93 24 692 97 17 693 7 12 693 8 27 693 21 8 693 78 5 693 87 26 693 99 2 694 80 23 694 85 9 694 87 11 695 29 28 695 33 26 695 35 5 695 49 14 696 49 26 696 69 22 697 0 27 698 38 21 698 92 13 699 24 5 699 90 15 700 72 15 700 75 3 700 94 3 700 100 28 701 10 19 701 14 22 701 21 24 701 33 18 701 67 27 701 70 13 702 15 27 702 17 31 702 21 27 702 23 19 702 33 20 703 18 17 703 90 9 704 57 27 704 64 3 705 5 11 705 26 26 705 61 13 705 94 24 706 78 8 707 72 21 708 24 14 708 26 10 708 67 23 708 84 3 708 97 20 709 39 13 709 54 7 710 38 5 710 63 18 710 92 5 711 9 10 711 19 13 711 23 7 711 71 31 712 7 20 712 19 7 713 20 2 713 31 10 713 82 15 713 84 11 714 37 24 714 73 12 714 90 9 715 21 22 715 64 18 715 65 14 716 30 17 716 62 14 717 11 30 717 20 8 717 59 11 717 75 20 717 81 4 718 22 3 718 30 21 718 43 27 718 66 31 718 76 21 719 18 21 719 33 12 719 63 27 719 73 17 720 32 6 720 55 24 721 33 21 721 34 12 722 57 17 722 68 20 723 40 16 723 68 30 723 94 27 724 38 23 724 54 10 724 92 14 725 54 2 725 70 4 726 29 2 726 58 2 726 80 13 726 83 15 727 35 25 727 43 3 727 46 10 728 30 5 728 83 7 728 87 21 729 30 8 729 42 29 729 77 11 730 14 24 730 63 28 731 0 12 731 47 13 731 69 17 731 99 15 732 67 17 732 86 17 732 87 2 733 48 29 734 18 5 734 49 20 735 15 30 735 19 24 735 23 2 736 6 24 736 47 27 736 69 17 736 71 19 736 74 29 736 90 1 737 12 19 737 77 10 738 15 18 738 35 25 738 35 26 738 90 12 739 7 27 739 18 18 740 16 12 740 38 8 740 66 17 740 71 2 740 83 24 741 19 8 741 59 12 741 74 31 741 76 7 741 87 13 742 26 11 742 27 31 742 32 12 742 83 4 742 89 11 743 6 2 743 9 14 743 11 21 743 21 30 744 10 3 744 16 3 744 77 19 744 80 27 744 94 14 745 15 19 745 35 2 745 39 28 745 93 4 746 3 7 746 40 26 746 68 8 747 16 26 747 48 22 747 60 22 748 10 18 748 33 8 748 34 23 748 34 31 749 13 17 749 18 25 749 20 4 750 1 16 750 15 27 750 28 24 750 48 2 750 66 18 750 91 4 750 93 0 750 93 25 750 97 19 751 47 22 751 65 12 751 69 17 751 73 23 751 78 8 751 85 17 752 23 17 752 55 17 753 37 11 753 38 15 753 56 8 754 4 11 754 39 30 754 43 29 754 60 31 754 86 31 754 89 24 754 97 6 754 100 19 755 15 3 755 26 16 755 52 10 755 74 7 756 4 26 756 37 31 756 41 11 756 79 7 757 27 11 757 41 28 757 61 27 757 87 14 758 85 9 758 92 11 759 7 0 759 37 5 759 87 26 759 98 29 760 20 28 760 35 3 760 80 20 760 86 5 761 75 13 761 82 12 762 44 10 762 60 22 763 40 19 763 81 26 764 0 29 764 62 11 764 63 13 764 99 29 765 51 6 765 58 3 765 72 5 765 94 21 766 14 11 766 31 14 767 9 28 768 10 22 768 38 10 768 56 27 768 59 25 768 59 29 768 75 22 768 78 14 768 95 11 768 95 30 769 13 0 769 21 26 770 9 19 770 21 15 770 40 29 770 50 14 770 56 16 770 62 21 770 70 29 770 70 30 770 90 1 771 24 30 771 44 22 772 59 11 772 94 17 774 5 12 774 11 14 774 79 30 775 82 27 775 85 9 776 13 0 776 17 1 776 56 24 776 57 18 776 82 17 777 5 18 777 48 2 777 78 28 778 17 11 778 51 19 778 72 6 778 89 12 779 1 31 779 33 17 779 38 23 780 22 8 780 46 13 780 79 14 780 84 27 781 2 27 781 6 22 781 86 5 782 1 18 782 24 31 782 51 25 782 61 8 782 95 22 782 100 12 783 56 0 783 68 9 784 8 0 784 9 6 784 11 6 784 19 12 784 70 7 785 65 16 785 74 0 785 89 13 785 99 26 786 16 12 786 44 18 786 61 13 786 61 24 786 63 30 786 91 16 787 61 1 787 99 21 788 51 21 788 75 13 788 79 9 789 18 10 789 67 29 789 98 6 789 99 4 790 0 4 790 39 31 791 3 8 791 29 19 791 49 16 791 93 19 792 5 29 792 12 23 792 32 8 792 67 5 794 18 31 794 58 0 795 21 14 795 43 20 795 80 30 796 13 16 796 65 29 797 46 6 797 79 30 798 25 22 798 69 10 798 69 26 798 73 29 799 28 12 799 45 9 799 88 7 800 30 11 800 70 0 801 2 25 801 2 31 801 70 6 802 54 14 802 70 25 802 80 11 803 64 27 803 80 31 804 11 29 804 33 18 804 34 6 804 42 28 804 54 16 804 86 27 805 36 11 806 4 18 806 26 26 806 36 12 806 59 25 806 67 7 807 20 6 807 52 10 807 56 17 807 57 3 807 61 11 807 77 3 808 34 16 808 59 20 808 61 30 808 84 11 808 87 22 808 90 18 809 16 10 809 47 5 809 65 28 810 13 4 811 30 29 811 42 22 811 75 5 811 86 1 811 94 10 812 27 13 812 34 4 812 40 14 812 67 16 812 78 20 813 3 9 813 9 6 813 30 7 814 55 23 814 58 1 814 86 21 815 3 4 815 36 23 815 82 24 815 89 10 815 93 16 816 80 2 816 96 10 816 98 19 817 29 27 817 100 7 818 32 2 818 55 15 818 58 25 818 94 19 818 98 11 819 62 5 820 21 9 820 31 30 820 62 16 820 93 24 821 77 10 821 100 26 823 47 10 823 85 8 824 26 20 824 49 12 825 0 10 825 57 17 825 59 14 825 67 3 826 26 28 827 12 8 827 40 5 827 76 5 827 79 10 828 40 11 828 58 13 828 59 12 828 87 24 829 11 30 829 60 12 829 61 6 831 4 4 831 9 11 831 18 3 831 30 29 831 41 25 832 31 15 832 72 22 833 24 15 833 85 28 833 93 22 834 1 29 834 60 17 834 60 22 834 72 17 835 15 12 835 36 18 836 19 2 836 33 20 836 57 0 836 70 19 836 75 2 836 95 9 837 4 28 837 12 22 837 42 2 837 49 30 838 10 1 838 47 13 838 81 22 839 68 27 839 80 21 840 11 28 840 52 22 840 57 22 840 69 19 840 90 9 841 35 18 841 48 0 841 93 20 842 29 28 842 67 16 843 3 23 843 36 1 843 51 4 843 75 9 844 9 28 844 20 28 844 72 15 844 86 6 844 99 28 845 29 4 845 37 26 845 62 5 845 73 1 845 74 26 845 87 15 846 13 20 847 3 9 847 8 17 847 66 14 847 78 11 847 87 27 847 90 12 848 14 24 848 67 27 848 73 10 848 75 29 848 93 11 849 78 15 849 91 11 850 40 17 850 53 12 851 19 2 851 64 16 852 25 23 852 30 5 852 41 28 852 46 7 852 54 12 852 89 23 852 97 23 852 100 30 853 9 7 853 31 14 853 52 18 853 66 0 853 67 2 854 2 2 854 10 4 854 21 2 854 38 19 854 51 4 854 56 21 854 82 18 855 87 20 856 5 29 856 41 19 856 94 19 856 98 31 857 13 11 857 30 9 857 100 31 858 91 7 859 64 4 860 48 28 860 56 3 860 61 11 861 20 11 861 100 29 862 8 1 862 10 7 862 21 12 862 34 15 862 63 29 862 99 1 862 100 5 863 12 26 863 30 15 863 43 22 863 80 15 864 14 7 865 16 31 865 60 18 865 64 1 866 49 15 867 43 19 867 62 29 867 74 23 868 11 8 868 57 29 868 78 18 869 53 4 869 71 8 870 26 5 870 40 24 872 9 5 872 37 22 872 52 26 872 54 14 872 64 1 872 72 14 872 91 0 873 50 19 874 23 10 874 30 28 874 83 7 874 88 11 875 7 5 875 10 21 875 23 25 875 49 8 875 59 29 875 62 2 876 15 26 876 16 20 876 18 5 876 39 21 876 41 10 876 88 15 877 1 23 877 5 17 877 20 20 877 32 18 877 98 2 878 10 14 878 89 23 880 9 29 880 17 27 881 27 13 881 29 25 881 57 27 881 69 17 881 79 3 882 31 20 883 21 15 883 75 13 885 17 8 886 3 12 886 22 27 886 33 22 886 78 11 887 23 26 887 69 0 888 70 16 888 77 18 888 90 31 888 99 7 889 8 14 889 35 11 889 47 0 890 24 8 890 38 31 890 65 26 891 26 6 891 37 5 891 52 12 891 83 1 892 60 25 892 72 31 892 98 22 893 57 23 893 60 15 894 8 6 894 22 24 894 36 27 894 73 31 894 74 26 894 87 10 894 96 18 895 13 13 895 48 20 896 92 25 897 20 17 897 40 3 897 49 8 897 58 9 899 6 8 899 11 12 899 30 10 899 64 0 899 81 13 900 17 27 900 18 28 900 32 17 900 46 8 901 8 2 901 8 20 901 57 24 901 73 21 901 79 0 901 99 22 902 17 1 902 31 13 902 56 31 902 61 5 903 64 28 903 71 7 903 72 28 904 13 22 904 90 23 904 98 5 905 30 12 905 69 9 906 25 24 906 65 17 906 76 23 906 93 31 906 95 4 907 27 3 908 59 21 908 61 31 908 62 3 908 68 2 909 35 28 909 71 15 910 27 1 910 89 1 911 30 18 911 76 2 911 85 10 912 17 6 912 54 2 912 61 2 913 67 3 913 74 22 913 76 31 913 98 7 914 31 21 914 55 1 914 57 0 914 83 21 915 18 11 915 30 26 915 45 29 915 72 23 915 76 23 915 83 9 916 71 0 917 13 13 917 16 31 917 58 6 918 23 8 918 25 16 918 37 1 918 46 31 918 98 1 919 31 0 919 44 31 919 88 18 921 68 1 921 73 8 921 82 7 922 7 25 922 21 9 922 25 6 922 49 22 922 63 30 922 80 16 923 30 5 923 30 15 923 32 19 923 44 14 923 69 18 923 82 1 924 23 25 925 28 5 925 31 30 925 34 25 925 40 12 925 47 5 925 64 22 925 87 28 925 93 27 926 81 24 927 55 18 928 27 4 928 46 19 928 47 4 928 80 19 929 15 2 929 22 17 929 27 25 929 71 8 929 90 19 929 99 12 930 7 28 930 24 10 930 29 25 930 86 19 930 87 23 931 25 24 931 84 4 932 51 1 932 51 12 932 65 20 933 24 21 933 80 16 933 93 30 933 100 8 934 38 21 934 94 21 935 6 18 936 5 22 936 38 15 936 46 13 936 63 22 937 44 31 937 72 22 938 1 2 939 24 20 939 51 3 939 72 23 939 91 2 939 95 0 940 6 23 940 64 13 940 65 29 940 75 2 940 86 4 941 1 15 941 69 2 942 17 7 942 36 8 942 96 10 943 29 27 943 41 14 943 44 26 943 45 14 943 72 3 944 10 14 944 22 29 944 41 8 945 50 7 945 57 24 946 10 23 946 31 31 946 34 7 946 41 22 946 61 8 946 65 19 946 84 0 947 64 9 949 35 30 949 57 30 950 0 10 950 36 31 951 0 0 951 60 23 951 88 13 952 1 2 952 42 18 952 47 16 952 65 2 953 1 15 953 27 11 953 31 26 953 89 21 953 93 14 954 0 25 954 3 3 954 66 30 954 99 25 955 40 17 956 25 4 956 63 27 956 81 26 956 88 3 957 54 27 957 74 13 957 75 0 958 57 25 958 60 9 958 94 8 959 7 12 959 36 11 959 36 27 959 70 18 959 91 26 960 29 21 960 80 7 961 27 19 962 91 7 963 62 11 963 91 29 963 94 2 964 42 23 964 44 31 964 56 21 964 60 22 964 79 29 964 97 10 965 3 11 965 9 9 965 30 23 965 31 17 965 64 5 965 75 17 966 86 0 967 38 1 967 49 20 967 73 4 967 89 5 967 90 1 968 91 15 970 27 13 970 45 5 970 53 17 971 2 9 971 28 26 971 77 4 972 24 18 972 87 17 973 24 28 973 30 29 973 69 28 973 95 0 974 3 21 974 10 30 974 18 0 974 56 5 974 60 30 975 34 7 975 50 9 975 69 29 975 72 2 975 92 17 976 1 6 976 33 28 977 28 26 977 30 2 977 33 24 977 54 21 977 90 25 977 92 4 977 92 5 978 28 15 978 79 10 979 52 2 979 63 11 979 72 25 980 21 18 980 50 21 980 53 28 980 57 8 980 63 15 980 63 16 980 64 18 980 92 6 981 38 12 981 48 30 981 67 16 982 81 25 982 82 6 982 97 23 982 99 27 983 43 16 983 85 4 984 74 4 985 74 30 985 95 21 986 42 12 986 55 14 986 57 13 986 58 11 986 84 7 987 19 7 987 35 24 987 66 15 988 12 27 988 14 20 988 28 20 988 59 18 988 60 14 988 65 7 988 76 8 988 76 28 988 81 3 988 85 17 988 89 9 989 8 24 989 16 5 989 23 15 989 79 9 990 18 20 990 19 6 990 89 1 991 2 31 991 18 7 991 20 8 991 56 15 991 60 8 992 24 29 992 38 9 993 3 6 993 18 15 993 27 18 993 88 14 993 91 31 994 8 10 994 16 21 994 28 24 994 32 12 994 39 4 994 67 24 995 26 26 995 35 26 995 41 19 995 67 17 995 71 20 995 72 9 995 89 26 995 99 21 996 18 8 996 25 24 996 36 14 996 48 12 996 61 28 997 5 1 997 9 6 997 16 24 997 68 23 998 16 21 998 67 19 998 79 25 998 98 0 999 13 5 999 43 30 999 54 28 999 91 0 1000 2 8 1000 10 11 1000 86 12 1002 14 11 1002 30 6 1002 31 2 1002 34 13 1002 39 23 1002 44 18 1002 86 11 1002 88 9 1002 98 16 1003 8 6 1003 53 3 1004 55 23 1005 8 18 1005 66 12 1006 4 2 1006 33 7 1006 67 2 1006 83 0 1007 25 1 1007 42 0 1007 53 18 1008 6 11 1008 19 13 1008 84 28 1009 30 23 1009 43 6 1010 22 5 1010 39 29 1010 41 18 1011 5 10 1011 66 16 1011 67 10 1011 83 14 1012 58 8 1012 74 12 1013 37 17 1013 40 17 1013 61 5 1013 73 17 1014 29 27 1014 32 31 1014 70 10 1015 4 5 1016 46 30 1016 59 28 1016 65 22 1017 8 16 1017 78 8 1017 88 6 1017 95 9 1018 4 0 1018 77 31 1018 82 13 1018 89 18 1018 95 26 1019 2 5 1019 17 8 1019 18 18 1019 33 4 1019 46 10 1019 46 27 1019 49 7 1019 57 23 1019 59 7 1020 15 4 1020 34 15 1020 43 16 1020 60 4 1020 80 3 1020 82 5 1021 27 12 1021 66 6 1021 79 12 1022 15 3 1022 33 31 1023 53 7 1023 59 19 1023 60 2 1023 60 3 1023 71 2 1024 15 16 1024 83 16 1025 57 6 1025 67 3 1025 70 17 1026 12 2 1026 38 26 1026 59 26 1026 85 9 1027 9 4 1027 43 28 1027 83 21 1027 90 24 1028 38 11 1028 58 19 1028 79 27 1029 3 17 1029 33 19 1029 45 11 1029 62 26 1029 85 1 1030 3 20 1030 24 13 1030 39 12 1030 75 22 1030 86 21 1030 88 6 1030 88 18 1031 41 8 1031 87 28 1032 55 2 1032 58 8 1032 94 19 1033 11 28 1033 35 12 1033 45 31 1033 67 28 1034 38 25 1034 43 14 1035 45 10 1035 46 1 1035 53 12 1035 79 1 1036 46 0 1037 65 24 1037 76 20 1039 26 26 1039 27 23 1039 49 24 1039 77 7 1039 83 3 1040 3 13 1040 40 3 1040 77 0 1041 9 17 1041 62 13 1041 77 20 1041 97 21 1042 39 16 1042 82 18 1042 85 28 1042 93 7 1044 12 7 1044 14 2 1044 63 28 1044 81 11 1044 98 10 1045 45 7 1045 49 21 1045 67 23 1045 89 23 1045 91 3 1045 100 14 1046 55 23 1046 56 29 1047 4 25 1048 53 0 1048 53 11 1049 10 16 1049 34 7 1049 59 13 1049 75 12 1049 82 19 1049 85 6 1050 66 21 1050 81 30 1050 86 31 1050 90 9 1050 97 8 1051 41 11 1052 1 21 1052 7 19 1052 9 11 1052 16 17 1052 57 26 1053 16 15 1053 25 31 1053 61 24 1053 87 17 1054 7 9 1054 13 27 1054 60 23 1054 67 8 1055 0 14 1055 47 1 1055 66 23 1055 76 4 1055 89 21 1056 10 27 1056 21 24 1056 23 7 1056 26 2 1056 45 27 1056 46 11 1056 56 8 1057 12 24 1057 29 19 1057 30 4 1057 31 17 1057 71 22 1057 95 12 1058 3 1 1058 9 11 1058 57 7 1058 97 28 1059 57 5 1060 14 27 1060 27 25 1060 70 9 1060 75 6 1060 83 28 1060 100 15 1060 100 29 1061 82 15 1062 31 14 1062 54 23 1062 73 10 1062 94 20 1063 42 7 1063 54 16 1063 65 23 1063 78 8 1063 85 26 1064 26 2 1064 28 15 1064 36 29 1064 39 11 1064 63 11 1065 11 30 1065 20 11 1065 46 17 1066 0 27 1066 7 6 1066 17 21 1066 54 6 1066 58 14 1066 92 23 1067 3 21 1067 15 3 1067 19 3 1067 36 16 1067 49 25 1068 1 11 1068 2 15 1068 5 22 1068 35 1 1068 69 1 1068 83 2 1069 19 12 1069 33 26 1069 44 25 1070 8 26 1070 75 14 1070 91 11 1071 83 31 1072 2 6 1072 20 24 1072 80 7 1072 90 13 1073 84 26 1074 63 30 1074 65 23 1074 67 26 1074 69 27 1074 81 25 1075 1 10 1075 41 4 1075 60 13 1075 74 26 1076 11 7 1076 14 15 1076 49 3 1076 94 30 1077 20 0 1077 37 7 1077 52 30 1077 68 13 1077 82 8 1078 16 24 1078 26 14 1078 30 29 1078 82 22 1078 93 28 1079 12 1 1079 17 20 1079 18 6 1079 43 6 1079 77 7 1079 85 19 1080 14 7 1080 32 2 1081 38 20 1081 60 11 1082 21 2 1083 24 27 1083 61 29 1084 6 1 1084 57 17 1084 70 23 1084 90 21 1085 9 18 1085 22 16 1085 33 31 1085 74 12 1085 90 4 1086 3 13 1086 77 2 1086 87 10 1086 96 0 1087 100 31 1088 48 0 1088 100 26 1089 9 18 1089 29 22 1090 12 14 1090 25 26 1090 49 20 1090 70 4 1091 0 25 1091 26 8 1091 27 22 1091 59 17 1091 72 9 1091 76 20 1092 11 28 1092 17 23 1092 36 8 1092 96 9 1093 26 12 1093 38 30 1093 52 25 1093 64 14 1093 90 1 1094 87 29 1095 35 13 1095 80 23 1095 82 22 1096 8 23 1097 23 15 1097 25 9 1097 33 31 1097 62 18 1097 75 28 1098 11 7 1098 27 1 1098 28 12 1098 60 13 1098 86 6 1098 98 26 1099 16 3 1099 26 16 1099 89 24 1100 36 27 1101 15 9 1101 23 2 1101 75 15 1101 90 26 1102 92 28 1103 28 4 1103 36 29 1103 40 5 1103 55 18 1103 81 5 1104 21 13 1104 30 4 1105 79 11 1105 80 21 1106 44 16 1106 47 9 1106 84 23 1106 87 21 1107 53 24 1107 82 15 1108 28 27 1108 52 25 1108 92 5 1109 13 26 1109 25 19 1109 26 20 1109 97 22 1110 26 22 1110 70 14 1111 6 7 1111 21 9 1112 93 28 1113 20 31 1113 58 19 1113 76 10 1113 92 15 1114 10 30 1114 28 11 1114 46 3 1114 74 17 1115 22 23 1115 29 30 1115 66 23 1115 98 29 1116 21 1 1116 86 10 1117 5 9 1117 54 9 1117 59 31 1118 2 24 1118 18 8 1118 64 26 1118 74 10 1118 87 11 1118 96 6 1119 2 17 1119 3 5 1119 33 21 1119 49 28 1119 88 5 1121 17 13 1121 17 20 1121 65 1 1121 75 21 1121 93 1 1122 90 14 1122 94 20 1123 42 11 1123 72 28 1123 88 13 1124 13 15 1124 14 14 1124 19 30 1124 68 27 1124 72 28 1125 26 3 1125 35 8 1125 97 20 1126 20 6 1126 27 5 1126 54 3 1126 65 7 1126 86 24 1126 93 10 1126 100 9 1127 83 3 1127 87 16 1127 98 24 1128 56 17 1128 61 3 1128 72 13 1128 80 10 1129 2 30 1129 29 15 1129 60 1 1129 73 22 1130 15 24 1130 55 31 1130 85 25 1131 7 7 1131 15 3 1131 21 3 1132 29 26 1132 62 1 1134 9 21 1134 18 4 1134 97 13 1135 39 30 1135 78 20 1135 97 9 1136 39 4 1136 57 3 1136 60 10 1136 87 20 1137 15 27 1137 19 16 1137 19 22 1137 52 13 1138 22 27 1138 84 15 1139 1 3 1139 1 18 1139 10 16 1139 30 23 1139 41 24 1139 75 28 1140 5 1 1140 31 3 1140 88 5 1140 93 11 1141 39 17 1141 46 12 1141 85 7 1141 97 13 1142 59 3 1142 68 3 1142 77 22 1143 8 20 1143 36 11 1143 94 0 1144 67 19 1145 4 23 1145 19 26 1145 41 31 1145 66 25 1145 68 20 1146 10 24 1146 67 21 1147 4 29 1147 14 23 1147 61 26 1147 98 20 1148 14 22 1148 15 29 1148 40 15 1148 52 3 1148 52 5 1148 77 4 1149 1 2 1149 40 17 1149 57 2 1149 95 15 1150 69 28 1151 2 18 1151 61 13 1151 64 9 1151 76 14 1151 89 4 1152 10 12 1152 31 0 1153 6 30 1153 11 28 1153 20 23 1153 50 18 1153 94 6 1153 100 1 1154 7 10 1154 53 16 1154 66 25 1154 71 31 1154 93 31 1155 14 30 1155 31 15 1155 36 19 1155 49 17 1155 93 25 1156 6 25 1156 18 18 1156 63 7 1157 44 18 1157 54 0 1157 68 15 1158 1 21 1158 12 7 1158 46 1 1159 21 17 1159 63 3 1160 80 25 1161 36 28 1161 55 17 1161 82 19 1161 88 8 1162 13 13 1162 79 15 1163 13 18 1163 46 3 1163 75 5 1163 90 13 1164 31 10 1164 64 28 1165 12 6 1165 13 26 1165 74 20 1166 5 2 1166 25 22 1166 30 25 1166 34 30 1167 36 29 1167 58 31 1167 72 10 1168 6 27 1168 40 28 1169 6 29 1169 15 6 1169 40 1 1170 95 24 1172 57 8 1172 100 5 1173 35 27 1174 45 13 1174 54 14 1174 73 23 1174 79 8 1174 99 21 1175 6 20 1175 53 28 1175 66 2 1175 68 21 1175 83 17 1175 87 1
254 3563 0.001 72 13 10 72 14 14 72 31 7 72 36 24 73 36 12 73 53 16 74 18 31 74 39 18 74 59 31 75 11 18 75 42 18 75 64 23 76 12 19 77 25 17 77 74 4 77 84 14 78 82 6 78 86 10 78 90 4 79 3 25 79 96 25 79 97 4 79 99 12 80 29 4 80 75 9 80 93 22 80 94 18 80 96 2 81 12 6 81 53 1 81 76 28 81 97 15 82 54 15 83 0 19 83 56 20 83 79 3 83 89 18 84 26 17 84 28 10 84 28 24 84 63 3 84 76 4 84 77 1 85 56 0 86 37 31 86 80 6 87 54 29 87 87 12 88 69 7 88 75 1 89 42 21 90 26 28 91 8 27 91 32 31 91 97 1 92 11 10 92 31 9 92 58 26 93 10 6 93 12 8 93 35 29 93 40 9 93 99 6 94 8 10 94 8 28 94 36 0 94 85 17 94 90 20 95 66 24 95 68 18 96 34 3 97 36 3 97 70 12 97 89 7 98 7 2 98 40 4 98 75 18 99 31 12 99 63 15 99 86 16 100 85 20 101 2 29 101 85 5 103 10 20 103 23 17 103 32 2 103 39 4 103 41 23 103 53 15 103 64 7 103 65 16 103 74 5 104 36 28 104 63 4 104 63 26 104 67 28 105 0 6 105 26 8 105 41 10 105 47 11 105 49 6 105 70 5 105 100 1 106 89 18 106 95 19 107 37 14 107 40 10 108 1 2 108 89 10 109 25 2 109 47 15 109 51 21 109 64 3 109 69 15 109 79 22 109 87 22 109 94 10 110 4 9 110 29 19 110 66 21 110 74 26 110 90 24 111 59 29 112 73 10 112 83 2 113 10 17 114 12 14 114 15 28 114 22 7 114 73 6 114 78 4 115 5 16 115 19 24 115 41 23 115 47 23 115 55 21 115 89 4 115 99 17 116 10 13 116 11 17 116 100 4 117 12 1 117 52 12 118 13 30 118 28 2 119 0 26 119 58 5 119 59 0 119 75 26 120 31 16 120 52 7 120 60 8 120 67 9 120 71 20 120 73 28 120 100 0 121 0 21 121 45 20 121 79 30 121 81 13 122 35 24 122 52 6 122 59 22 123 7 3 123 56 10 123 79 25 124 4 27 124 71 1 124 87 5 125 24 19 125 39 29 125 64 2 125 66 12 126 3 18 126 65 23 126 68 2 126 77 24 126 80 4 126 80 22 126 81 1 127 3 6 127 10 14 127 40 11 128 1 6 128 10 21 128 65 10 128 78 10 128 84 17 129 2 7 129 20 14 130 29 20 130 33 11 130 39 13 131 13 7 132 44 0 132 61 6 132 98 13 133 26 4 133 84 12 134 7 6 134 13 9 134 35 25 134 47 6 134 60 18 134 89 26 135 1 4 135 12 29 135 28 11 136 19 25 137 10 20 137 10 27 138 17 19 138 98 6 139 44 22 139 68 8 139 99 5 140 10 6 140 25 17 140 28 5 140 66 12 140 92 8 141 51 20 141 52 2 141 79 20 141 80 15 141 94 30 142 3 14 142 36 19 142 70 26 142 79 2 142 82 16 143 48 1 143 62 0 143 94 8 144 8 21 144 41 25 144 56 13 144 57 22 145 33 6 145 64 4 145 73 10 145 94 3 146 49 5 146 50 13 146 67 23 147 19 19 147 27 0 147 59 24 148 12 26 148 16 22 148 24 6 148 55 11 148 57 0 148 67 17 148 71 6 149 4 22 149 72 9 149 94 31 149 98 19 150 18 18 150 24 0 150 93 16 150 97 23 152 13 29 152 29 20 152 40 10 152 61 31 152 69 25 152 93 20 153 13 21 153 87 31 153 95 2 154 23 23 154 74 22 155 6 5 155 37 27 155 59 30 155 90 31 156 15 11 156 22 11 156 39 22 156 45 6 156 87 1 157 20 0 157 22 30 157 24 15 158 13 12 158 23 6 158 35 2 158 53 10 158 92 19 159 61 3 159 66 13 159 86 2 160 65 23 160 83 31 160 84 7 161 43 17 161 95 19 161 98 29 162 5 28 162 14 25 162 25 22 162 37 16 162 49 21 162 58 14 162 71 20 163 65 9 163 66 17 163 100 6 164 15 12 164 54 19 164 66 23 165 21 17 165 61 7 165 64 27 165 74 3 165 79 29 166 1 9 166 2 18 166 27 11 166 49 18 166 52 28 167 10 3 168 36 6 168 68 18 168 72 23 169 2 13 169 5 7 169 90 3 170 15 23 170 28 1 170 42 7 170 75 23 170 78 15 170 94 24 170 99 5 171 65 1 171 73 26 171 86 14 171 97 31 172 30 30 172 48 30 173 40 28 173 51 11 174 56 28 175 9 14 175 21 24 176 2 30 176 21 10 176 64 15 176 73 11 176 85 20 176 95 16 177 45 3 177 72 11 177 86 12 177 98 2 178 11 21 178 60 1 178 62 21 179 11 6 179 16 20 179 26 11 179 60 8 180 8 23 180 43 5 182 53 20 182 57 22 182 60 3 183 73 19 184 56 24 184 76 10 184 84 0 185 0 28 185 2 30 185 44 20 185 91 23 186 11 16 186 93 28 186 99 28 187 24 25 187 71 31 187 83 16 188 69 16 188 92 2 189 61 30 189 66 10 190 12 22 190 19 21 190 77 28 190 90 3 191 16 24 191 36 12 191 73 18 192 25 28 192 74 29 192 79 18 192 90 29 193 22 11 193 60 17 193 72 8 193 77 4 193 95 5 193 98 8 194 16 7 194 34 15 194 79 15 195 21 9 195 23 20 197 41 10 198 32 21 198 44 14 198 57 9 199 1 8 199 1 26 199 63 7 199 70 4 200 40 9 200 77 4 200 90 30 200 100 0 201 19 2 202 6 5 202 78 20 202 84 10 202 95 20 203 67 27 204 2 10 204 30 7 204 33 8 204 68 13 205 0 3 205 13 31 205 24 6 205 86 6 205 96 2 206 4 21 206 34 5 206 98 1 207 66 12 207 89 4 207 96 3 208 14 28 208 79 7 210 27 19 210 50 3 210 58 17 210 90 22 210 90 25 210 95 21 211 24 29 211 30 24 211 49 10 211 57 23 212 34 26 212 49 5 213 7 27 213 46 28 214 1 29 214 27 28 214 27 29 214 29 23 214 34 27 214 58 22 214 62 30 214 69 12 214 95 15 215 7 12 215 38 18 215 53 8 216 63 6 217 22 6 217 27 11 217 32 4 217 91 9 217 93 1 218 16 13 218 36 28 218 39 17 218 59 29 218 71 5 219 28 17 219 29 19 219 32 26 219 43 0 219 62 3 219 100 3 220 14 11 220 17 3 221 3 28 221 13 26 221 35 18 221 41 15 221 93 29 222 54 22 222 59 20 222 71 18 223 36 19 223 42 24 223 89 23 223 89 24 224 15 12 224 34 2 225 40 5 225 48 3 225 72 6 225 81 28 225 97 8 226 65 27 226 75 31 227 63 7 227 72 31 227 85 22 228 12 25 228 76 2 228 82 3 228 98 26 229 18 30 229 34 30 229 61 8 229 72 23 229 94 27 230 35 21 231 6 12 231 9 16 231 29 18 231 100 4 232 11 0 232 43 27 232 49 4 233 85 5 234 17 14 234 20 17 234 53 6 234 66 4 234 98 28 235 4 4 235 16 15 235 39 23 235 52 20 235 72 17 235 82 7 236 17 16 236 33 6 236 59 0 236 69 31 237 4 29 237 30 9 237 69 8 238 4 18 238 5 4 238 13 26 239 36 15 239 84 13 240 38 20 240 47 5 240 48 9 240 62 7 240 92 25 241 38 0 241 72 0 241 91 23 242 30 31 242 33 3 242 40 1 242 94 2 243 19 19 243 25 3 243 46 15 243 58 22 243 68 26 244 10 23 244 14 16 244 57 7 244 77 31 244 90 3 245 25 21 245 38 0 245 46 12 245 58 6 246 69 30 247 50 26 247 71 8 247 98 5 248 15 8 248 84 1 249 25 30 249 82 21 249 88 16 250 2 1 250 88 3 251 5 26 251 10 22 251 15 12 251 53 16 251 56 8 252 19 26 252 89 6 253 8 27 253 18 28 253 19 19 253 20 3 253 42 28 255 6 7 255 95 19 256 2 19 256 15 19 257 62 19 258 11 18 258 17 13 259 43 30 260 97 7 262 14 21 262 44 2 262 63 3 263 7 21 263 49 28 263 68 12 263 92 28 264 20 11 265 7 17 265 62 12 266 16 23 266 51 20 266 90 17 266 92 29 267 28 6 267 63 18 267 80 12 268 30 3 268 35 27 268 57 1 268 75 19 268 75 29 268 76 20 269 11 22 269 18 5 269 52 25 269 70 9 269 88 30 271 56 11 272 34 4 272 35 29 272 54 15 272 73 22 273 65 1 273 70 12 274 1 16 275 27 10 275 49 30 275 68 16 276 18 8 276 39 25 276 52 16 276 63 29 277 10 29 277 61 0 277 94 21 278 17 22 278 23 29 278 55 18 278 62 15 278 65 26 279 15 18 279 21 3 279 22 21 280 16 16 280 69 5 280 74 3 281 9 29 281 43 8 281 50 18 281 68 18 282 0 19 282 57 8 282 76 9 283 7 9 283 16 9 283 42 5 283 84 31 283 99 16 284 12 21 284 56 6 286 83 23 286 85 9 286 86 20 287 2 23 287 56 25 288 62 23 289 17 13 289 33 11 289 87 14 290 23 12 290 43 4 290 60 3 291 20 23 291 28 17 291 45 14 292 37 1 292 39 4 293 21 4 293 66 16 293 92 21 294 6 20 294 65 3 294 68 20 294 74 16 294 89 15 294 100 25 295 82 0 296 4 16 296 15 20 296 97 4 297 57 19 298 11 26 298 21 8 298 35 1 298 40 16 298 97 5 299 31 14 299 43 18 299 45 2 299 49 30 300 1 0 300 15 15 300 55 26 300 75 30 301 40 25 301 57 14 301 66 14 301 91 20 302 20 5 302 87 19 303 1 28 303 11 26 303 13 13 303 14 28 303 35 22 303 74 17 304 83 29 304 100 17 305 10 10 305 12 4 305 46 1 305 69 2 305 89 27 306 65 9 306 92 6 307 12 22 307 43 17 307 76 26 307 87 0 308 35 29 308 92 30 309 17 7 309 36 9 309 84 10 310 9 10 310 27 20 310 31 27 311 44 21 312 19 18 312 34 8 312 86 25 312 97 20 313 55 30 313 61 12 314 14 31 314 24 15 314 86 22 315 11 5 315 70 24 315 87 15 316 26 30 316 73 19 317 58 0 317 88 9 318 10 27 318 12 22 318 47 27 318 98 3 319 0 13 319 24 2 319 54 10 319 79 2 320 37 15 320 52 21 320 72 27 321 25 3 321 71 14 321 86 8 322 46 6 322 53 2 322 68 22 322 77 30 322 78 22 322 92 30 323 21 3 323 66 15 324 68 14 324 92 10 324 94 1 325 0 23 325 19 24 325 39 21 325 72 25 325 73 29 325 83 14 326 8 18 327 16 28 328 80 6 329 22 19 329 83 9 329 87 21 330 7 14 330 47 8 330 51 22 331 9 19 331 11 1 331 40 7 331 47 9 332 21 28 332 42 8 332 75 31 332 86 19 332 98 7 333 32 13 333 38 13 333 71 22 334 2 30 334 7 5 334 7 12 334 52 3 334 55 15 334 68 5 334 77 0 335 25 5 335 71 8 335 78 19 335 81 24 335 83 14 336 5 23 336 17 7 336 18 3 336 51 12 336 87 29 337 16 22 337 60 31 337 94 21 338 13 23 338 14 10 338 54 16 338 98 28 338 99 3 338 99 7 339 12 30 339 89 7 340 57 8 340 69 0 341 42 16 341 77 31 341 88 3 342 27 11 343 20 9 343 87 29 344 44 11 344 85 25 344 91 4 345 75 20 346 17 13 346 32 23 346 92 29 346 97 29 347 7 27 347 13 2 347 50 19 347 67 19 347 75 11 347 88 14 347 89 10 347 91 15 348 42 15 348 60 23 349 71 25 349 92 30 350 15 10 350 81 12 351 3 18 351 10 27 352 12 17 352 13 2 352 45 12 352 95 9 353 7 1 353 32 0 353 36 14 353 93 30 354 9 4 354 42 23 354 50 22 354 99 2 355 6 28 355 48 13 356 16 29 356 67 25 356 73 31 357 4 11 357 6 3 357 17 15 357 49 27 358 47 6 358 60 25 359 43 18 359 85 29 360 15 31 361 30 10 361 72 20 362 22 3 362 37 25 362 49 3 362 51 3 362 73 5 363 70 0 363 72 14 363 89 26 364 8 9 364 23 11 364 29 4 364 36 6 364 75 31 364 77 13 364 100 9 365 26 28 365 55 26 365 62 24 366 3 18 366 3 24 366 30 20 366 55 18 366 85 29 367 0 16 367 27 2 367 77 3 368 85 0 369 34 29 369 57 9 369 67 22 369 71 30 370 42 26 370 72 25 370 78 29 371 13 23 371 45 20 371 45 31 372 41 4 372 53 29 372 81 10 372 90 26 372 99 5 374 23 19 374 77 14 374 89 3 374 90 16 375 18 4 375 23 9 375 32 9 375 47 20 376 50 21 376 55 30 376 93 5 377 31 23 377 63 4 377 93 21 378 4 15 378 18 10 378 24 19 378 75 24 379 42 1 379 54 27 379 69 6 379 91 8 379 92 5 381 72 15 382 46 14 382 71 2 382 83 25 382 90 8 383 83 2 383 88 29 385 18 22 385 25 30 385 41 14 385 84 31 386 12 20 387 8 2 387 93 2 388 5 12 388 40 7 388 40 30 388 45 16 388 60 12 389 2 24 389 18 24 389 57 18 389 61 16 389 100 2 390 7 25 390 40 10 390 48 8 390 67 20 390 93 16 390 99 5 391 71 5 392 12 12 393 20 8 393 77 13 393 81 17 393 82 22 393 95 7 394 4 22 394 24 26 394 38 15 394 41 16 394 71 30 395 7 13 396 15 4 396 26 1 397 11 3 397 69 6 398 5 3 398 10 1 398 66 10 398 75 20 398 80 2 398 96 31 399 60 20 399 78 15 399 81 6 399 92 20 399 94 31 400 0 23 400 42 9 401 84 27 402 17 18 403 0 31 403 19 20 403 25 11 403 42 31 403 80 18 404 3 26 404 55 11 404 68 16 404 79 26 404 85 18 405 62 29 405 75 3 405 80 21 405 99 6 406 11 8 406 69 31 406 89 2 406 97 16 407 51 31 408 62 1 408 85 20 409 13 15 410 8 13 410 13 24 410 69 22 410 94 14 411 11 4 411 47 8 412 7 7 412 66 18 412 100 4 413 11 11 413 14 8 413 83 3 413 86 23 413 97 27 414 27 24 414 33 31 414 36 11 415 12 17 415 83 26 415 88 27 415 100 1 416 14 3 416 44 31 416 55 25 416 79 20 417 69 1 417 82 0 418 0 14 418 21 30 418 23 23 418 71 30 418 95 19 419 17 24 419 25 8 419 74 21 419 75 25 419 80 9 419 83 27 420 11 10 420 56 28 420 59 30 420 61 22 421 60 6 421 67 10 421 78 23 421 78 26 421 96 24 422 24 19 423 64 18 423 72 27 424 6 12 424 46 26 424 47 19 424 93 10 425 34 28 425 47 27 425 70 16 425 80 14 425 93 26 425 96 0 426 37 2 426 74 5 426 90 21 427 48 2 427 50 3 427 54 31 427 56 16 428 2 18 428 14 29 428 17 30 428 37 17 428 83 12 429 17 16 429 24 20 429 50 4 429 74 29 431 32 30 431 52 19 431 69 19 431 95 10 432 21 6 432 31 5 432 60 21 432 89 15 433 9 19 433 38 21 433 67 24 433 79 24 434 53 31 435 0 20 435 6 16 435 37 31 435 83 12 436 56 23 436 65 5 437 17 21 437 28 6 437 63 24 437 80 31 438 28 4 438 34 6 438 92 17 439 87 28 440 27 6 440 27 26 440 36 16 440 43 0 440 61 3 440 73 8 440 92 20 441 27 17 442 7 12 443 1 9 443 56 28 443 75 23 443 85 5 443 96 30 444 18 5 444 85 15 445 2 22 445 13 3 445 57 24 445 71 13 445 91 11 446 97 25 447 90 4 447 94 13 448 47 8 448 67 15 449 59 10 450 8 28 450 44 27 450 58 27 450 73 26 450 95 10 451 42 25 451 57 4 452 7 5 452 90 30 453 3 30 453 11 7 453 18 8 453 42 15 453 75 27 453 80 13 453 100 16 454 19 19 454 26 23 454 72 31 455 31 26 456 2 31 456 91 11 457 0 6 457 47 20 458 13 22 458 73 13 458 77 13 458 91 19 459 2 10 459 54 14 460 22 13 460 23 26 460 41 19 461 39 31 461 48 3 462 17 27 462 23 21 462 62 1 463 13 3 463 14 10 463 65 29 464 1 12 464 18 15 464 72 10 465 8 7 465 45 11 465 69 30 465 80 25 465 88 30 466 3 25 466 28 13 466 44 29 466 51 31 467 4 30 467 35 19 467 44 13 467 47 4 467 51 4 467 68 26 467 73 25 467 74 17 467 90 18 467 100 24 468 19 7 468 26 15 469 50 30 469 58 20 469 62 7 469 74 9 470 46 13 470 47 13 470 79 20 471 23 31 471 62 21 471 71 23 472 3 22 472 13 29 472 75 23 473 18 30 473 53 9 473 71 22 473 74 2 473 98 13 473 98 25 474 17 16 474 41 14 474 63 17 474 90 25 475 32 22 475 39 20 476 19 27 476 55 14 476 80 6 477 28 25 477 45 6 477 46 3 477 55 17 477 60 9 477 72 13 478 58 6 478 66 5 478 81 19 479 29 1 479 65 8 480 9 24 480 44 3 480 48 10 480 83 3 481 39 12 481 42 18 481 47 15 481 65 1 482 2 5 482 7 10 482 31 26 482 50 8 483 31 10 483 73 1 484 92 7 484 94 18 485 13 31 485 70 13 485 82 25 486 22 26 486 37 19 486 53 28 487 24 10 487 24 12 487 42 19 487 49 28 487 66 0 487 95 13 488 0 30 489 8 7 489 45 10 489 67 20 491 25 19 491 58 25 491 87 4 492 28 17 492 38 19 492 93 4 493 0 28 493 12 11 493 13 24 493 25 13 493 65 21 493 70 6 494 0 6 494 8 17 494 11 10 494 71 1 495 28 30 495 85 23 495 95 11 495 96 6 496 27 4 496 36 23 496 67 7 497 31 22 497 79 10 497 89 28 498 24 4 498 39 8 498 73 22 499 12 14 499 12 23 500 36 6 500 52 13 500 71 3 501 9 4 501 10 19 502 15 25 502 73 24 503 33 2 503 79 23 504 5 14 505 23 14 505 56 9 505 62 3 506 0 28 506 20 12 506 22 21 506 72 22 507 0 8 507 12 19 507 49 17 507 51 17 507 78 2 507 94 24 508 53 4 509 29 13 509 45 25 509 46 7 509 90 3 510 24 20 510 30 29 510 37 3 510 40 27 510 55 9 510 88 16 510 95 6 510 95 31 511 20 23 511 34 29 511 39 7 511 65 1 511 79 20 511 95 0 511 99 10 511 99 29 512 7 6 512 67 1 513 22 16 513 65 19 513 98 28 514 27 29 514 66 20 515 83 31 516 1 7 516 26 6 516 65 8 516 79 15 517 7 9 517 8 25 517 30 1 517 74 14 518 71 8 519 64 12 519 77 0 519 79 12 519 80 19 520 25 15 520 27 17 520 59 4 521 1 15 521 34 16 521 67 21 521 69 19 521 84 21 521 85 5 522 98 3 523 6 21 523 47 9 523 51 5 523 62 31 523 77 19 523 77 28 524 26 25 524 26 30 524 31 21 524 40 4 524 96 20 525 10 12 525 44 17 525 66 17 525 72 10 526 3 25 526 14 15 526 36 24 526 53 5 526 88 24 527 5 28 527 27 0 527 34 14 527 38 11 527 39 22 527 99 0 528 82 18 529 14 14 529 25 6 529 57 28 529 66 29 529 70 14 529 99 16 530 12 8 530 48 25 530 93 11 531 13 23 531 13 29 531 28 4 531 36 12 531 39 9 531 46 3 531 94 21 532 17 27 532 47 22 532 89 31 532 94 8 533 9 29 533 18 3 533 28 27 533 39 24 533 52 20 533 61 23 533 77 1 534 79 16 535 2 4 535 38 4 535 40 30 535 46 25 535 92 10 535 98 28 536 51 7 536 95 7 537 13 29 537 37 19 537 86 29 538 30 3 538 60 22 538 65 30 539 8 18 539 32 27 539 52 29 539 65 7 540 10 30 540 45 0 540 84 12 540 89 16 541 8 11 541 46 10 541 54 21 541 79 7 541 90 10 542 34 27 542 58 17 543 22 9 543 46 24 543 57 19 543 58 4 543 65 8 544 10 7 544 20 29 544 45 29 544 93 17 545 81 17 546 10 21 546 43 20 546 77 25 547 87 2 548 11 26 548 96 2 549 91 21 550 34 10 552 86 21 553 41 4 553 67 26 554 49 18 554 53 10 554 83 29 554 99 20 555 31 8 555 46 28 555 76 21 556 32 2 556 37 8 556 66 31 556 85 6 556 99 4 557 2 18 557 23 4 557 39 0 557 71 25 557 85 22 558 14 6 558 21 27 558 25 27 558 34 30 558 37 10 558 47 11 558 48 24 558 53 28 558 82 11 559 15 3 559 18 18 559 37 4 559 50 13 559 89 13 559 96 16 560 1 17 560 56 9 561 31 8 561 33 19 562 29 20 562 31 2 562 38 24 562 56 31 562 81 27 563 35 4 563 58 13 564 9 6 564 62 1 564 70 30 564 71 16 564 98 4 565 38 13 565 82 25 566 27 11 566 32 26 566 41 16 566 79 26 566 79 29 567 73 26 567 80 10 567 100 12 568 2 3 568 5 26 568 37 6 568 42 15 568 78 10 569 29 24 569 37 10 569 62 26 569 83 7 569 86 2 570 23 11 570 55 0 570 90 18 571 39 22 571 81 12 571 91 2 573 18 28 573 63 23 574 42 12 574 64 6 574 91 27 575 12 4 575 46 13 575 69 10 575 83 28 576 10 29 576 67 28 576 70 15 576 70 29 577 23 23 577 25 11 577 41 6 577 48 15 578 28 24 578 81 20 578 94 19 579 37 17 579 77 10 580 4 6 580 70 25 580 87 27 581 39 30 582 9 14 582 12 15 582 41 24 582 43 7 582 98 12 583 39 1 583 76 19 584 36 12 584 43 21 584 91 18 584 96 8 585 25 6 585 65 18 585 100 9 586 17 6 586 25 27 586 38 0 586 55 26 587 0 4 587 12 19 587 19 29 587 62 4 587 82 24 588 53 14 589 64 28 589 91 17 589 96 9 590 48 2 590 98 19 591 72 16 592 39 26 592 50 25 592 92 28 593 13 31 593 17 7 594 24 17 594 57 30 594 69 11 595 30 10 595 42 30 595 96 1 595 99 5 596 43 2 596 43 23 596 53 20 596 89 23 597 28 25 597 36 20 597 69 16 598 23 9 598 53 28 598 90 21 599 1 24 599 6 30 599 9 28 599 41 3 599 95 0 600 25 23 600 90 10 600 91 6 601 24 11 601 100 28 602 2 16 602 23 11 602 23 31 602 87 18 603 1 28 603 45 11 603 91 17 603 98 16 604 36 3 604 46 4 604 48 22 604 100 7 605 97 11 606 38 22 606 41 22 607 52 11 607 97 20 608 26 24 609 71 27 609 80 6 609 94 9 609 95 26 610 10 8 610 44 1 610 51 19 610 77 9 611 37 29 611 46 31 611 71 19 611 97 8 612 23 3 612 41 19 612 55 10 612 69 6 612 93 15 613 1 26 613 55 31 614 23 17 614 31 13 614 39 18 615 5 20 615 16 9 615 74 30 616 5 31 616 22 25 617 50 11 617 61 26 618 28 24 618 45 30 618 68 22 619 25 24 620 2 10 620 35 27 620 45 9 620 87 24 621 18 16 621 43 25 621 50 25 621 78 12 622 3 12 622 21 20 622 31 30 622 68 1 622 84 24 624 13 5 624 50 9 624 51 13 625 10 30 625 24 29 625 41 10 626 93 12 627 4 1 627 25 15 627 51 2 627 69 14 627 87 0 628 11 28 628 47 23 628 65 16 628 83 17 629 12 6 629 55 11 629 64 30 629 77 1 630 3 28 630 25 29 630 39 11 630 50 3 630 56 5 630 61 19 631 31 18 631 43 26 632 93 28 633 41 3 633 45 23 633 68 26 634 3 4 634 92 19 635 5 5 635 36 0 635 45 28 635 49 5 635 80 23 635 87 2 635 94 7 636 20 9 637 2 26 637 40 17 637 98 29 638 13 5 638 40 21 638 41 15 638 45 25 639 3 21 639 25 1 639 66 19 640 33 26 640 72 28 640 97 28 641 95 11 642 1 1 642 5 24 642 14 8 642 65 7 643 75 19 644 3 30 645 30 5 645 64 4 645 73 25 645 87 2 645 94 22 646 0 2 646 2 17 646 47 5 646 88 23 647 43 28 647 48 23 647 51 13 647 72 11 647 96 0 647 97 8 648 17 6 648 44 13 648 56 26 648 67 29 648 82 3 649 91 29 650 77 22 650 81 5 652 35 25 652 46 19 652 93 8 653 44 31 653 84 7 654 34 3 654 45 22 654 60 1 655 66 31 655 82 4 655 88 1 655 90 10 656 8 12 656 43 19 656 44 1 657 81 15 657 95 0 658 43 16 658 92 0 659 76 29 659 80 18 660 15 10 660 17 12 661 5 19 661 31 13 661 32 6 661 40 1 661 42 24 661 87 18 663 66 30 663 86 8 663 92 0 664 34 30 664 47 26 664 88 19 665 19 29 666 60 19 666 71 12 666 99 29 667 61 11 667 66 16 668 41 14 668 45 25 668 70 4 668 74 24 669 30 10 669 33 18 669 36 21 669 39 1 669 43 27 669 73 2 669 77 10 670 23 27 670 66 6 670 79 13 670 100 17 671 21 6 671 41 30 671 61 3 671 71 10 672 3 13 672 24 26 672 28 4 672 39 22 672 70 21 672 84 20 673 16 30 673 31 5 674 34 21 675 37 2 675 42 30 675 98 6 676 28 8 676 67 4 676 73 29 677 13 25 677 17 11 677 96 0 678 3 27 678 8 26 678 23 15 678 40 14 679 81 1 679 82 4 680 6 30 680 51 13 680 90 25 681 18 3 681 82 10 681 89 2 682 8 1 682 69 9 683 69 15 683 82 24 683 88 7 684 84 24 685 33 31 685 44 12 685 85 25 686 27 23 686 37 26 686 71 12 687 8 22 687 15 30 688 10 17 688 41 29 689 8 10 689 67 13 689 68 1 689 78 13 690 10 2 691 12 0 691 80 26 692 10 1 692 81 14 693 1 20 693 2 27 693 16 3 693 39 9 693 49 6 693 86 13 694 38 5 694 51 5 694 52 16 695 76 15 695 84 31 695 85 0 696 10 0 696 21 11 696 29 5 697 26 9 697 39 26 697 44 24 697 83 29 698 11 9 698 48 16 698 79 31 700 22 22 700 31 17 700 66 31 701 11 6 701 33 30 701 59 14 701 66 12 701 73 13 702 82 24 702 82 26 702 90 30 703 41 16 703 94 25 704 29 29 704 30 23 704 73 29 704 84 30 704 100 25 705 6 16 705 34 29 705 46 24 705 58 1 705 61 21 705 91 17 706 15 21 707 5 1 707 36 20 707 45 28 708 56 31 708 85 1 708 90 2 709 44 16 709 79 26 710 50 8 712 3 14 712 38 10 712 73 27 712 78 30 713 0 31 713 71 7 714 3 15 714 19 28 714 34 14 714 100 16 715 22 12 715 30 29 715 45 23 715 72 4 716 29 25 716 81 14 716 83 16 717 0 18 717 8 20 717 78 12 717 94 17 718 53 9 718 61 11 719 2 28 719 40 9 719 56 13 719 77 30 719 85 24 720 11 26 720 69 16 720 76 3 720 77 28 721 40 3 721 66 0 722 7 0 722 18 0 722 40 23 722 73 12 723 11 17 723 12 4 723 20 22 723 26 0 723 28 9 723 79 21 723 86 22 723 91 8 724 16 8 724 28 3 724 49 29 724 82 23 725 30 26 725 37 17 725 64 8 725 94 14 726 30 1 726 55 10 726 76 5 726 99 15 727 0 16 727 25 18 727 27 31 727 29 31 727 30 29 727 33 8 727 63 15 727 68 29 728 57 3 728 80 3 729 52 15 729 63 12 729 83 28 730 28 11 730 40 13 730 57 28 730 63 3 731 32 12 731 47 13 731 67 23 732 40 8 732 52 14 732 71 5 732 76 28 733 77 27 734 40 0 735 5 3 735 22 27 735 32 23 736 0 1 737 1 17 737 10 25 737 20 18 737 41 19 737 84 15 738 19 1 738 23 27 739 65 17 739 69 5 739 98 5 740 9 3 740 11 27 740 21 28 740 58 17 740 78 16 740 80 5 740 100 21 741 16 30 741 87 1 742 50 17 742 63 9 742 88 14 743 13 18 743 91 21 744 0 9 744 3 25 744 41 13 744 43 18 744 73 25 745 18 6 745 57 16 745 73 25 745 83 6 746 16 16 746 40 8 746 79 23 746 79 27 746 82 9 746 86 27 746 97 7 747 9 31 747 47 29 747 75 14 748 43 8 748 53 17 748 85 3 748 98 29 749 5 5 749 44 15 749 59 22 749 69 1 749 86 1 750 15 11 750 44 24 750 47 5 750 87 28 751 78 11 752 42 23 752 63 11 752 82 26 752 86 24 752 100 25 753 0 25 753 24 4 753 54 29 754 26 27 754 72 15 754 74 7 754 79 29 756 27 4 756 50 16 756 71 10 756 72 26 757 33 12 757 41 31 757 48 29 757 53 31 757 97 4 758 29 5 760 52 22 761 36 31 761 44 28 761 84 0 761 97 31 762 50 13 762 51 0 762 52 17 762 61 3 762 87 27 763 6 5 763 7 27 763 68 31 763 69 17 764 99 13 766 7 15 766 39 14 767 13 20 767 19 3 767 46 11 767 75 19 768 2 11 768 47 4 768 69 28 768 73 15 769 1 22 769 32 10 769 37 17 769 47 24 769 50 10 769 84 20 770 23 14 770 24 31 770 26 13 771 18 0 771 77 4 771 100 15 771 100 19 772 33 24 773 8 3 773 39 29 774 15 5 774 22 12 774 23 2 774 26 30 774 38 3 774 63 20 774 99 20 775 3 17 775 13 5 775 56 11 776 46 20 776 60 29 776 76 5 777 4 22 777 23 22 777 47 29 777 60 27 777 94 7 778 17 6 778 17 23 778 36 31 778 43 20 778 62 8 778 69 23 778 90 26 779 70 18 779 86 15 779 87 3 779 92 15 780 0 27 780 5 20 780 42 13 780 76 27 780 78 7 780 88 30 781 4 12 781 30 5 782 6 13 782 53 23 783 36 26 783 66 7 783 80 8 784 27 9 784 67 28 784 78 18 785 11 10 785 66 31 785 76 23 785 86 9 786 37 7 786 48 14 788 0 28 788 10 17 788 18 14 788 20 15 788 55 16 788 60 8 788 62 2 788 79 16 789 59 10 789 59 30 789 98 4 790 44 21 790 62 15 791 16 26 791 37 29 791 47 4 791 60 28 792 9 13 792 48 14 792 72 28 792 75 22 792 97 11 793 7 24 793 40 25 793 74 8 793 96 7 794 56 13 794 56 20 794 70 3 795 30 6 795 71 23 796 3 10 796 22 7 797 27 2 797 35 31 797 38 14 797 61 20 798 17 15 798 18 2 798 51 29 798 69 19 798 92 23 799 3 23 799 24 23 799 36 17 799 89 3 800 36 7 800 95 3 801 8 26 801 14 25 801 14 26 801 76 4 802 11 16 802 17 16 802 90 2 803 55 3 803 73 21 803 87 27 805 23 21 805 29 18 805 35 19 805 54 16 805 76 11 806 18 23 806 53 19 806 84 14 808 9 12 808 37 25 808 61 20 809 21 24 809 24 26 809 62 15 809 73 23 810 8 18 810 60 13 811 55 16 811 88 3 812 21 26 813 92 5 814 13 17 814 20 4 814 40 1 815 7 31 815 31 7 815 84 27 817 12 25 817 70 19 818 39 6 818 46 6 818 64 25 818 70 24 819 9 28 819 99 14 820 26 22 820 26 31 820 28 30 820 73 22 821 51 1 821 93 29 821 99 12 822 26 6 822 88 21 823 30 26 823 58 20 823 73 21 823 89 16 824 1 2 824 4 8 824 90 3 825 1 1 825 65 21 825 83 7 825 83 21 826 1 8 826 21 24 826 83 9 827 2 23 827 28 20 827 62 9 827 78 10 828 8 22 828 55 6 828 69 15 828 70 20 828 93 27 828 100 26 829 17 12 829 55 23 829 92 18 831 5 1 831 10 9 831 30 0 831 65 10 831 79 21 832 51 26 832 51 27 832 53 15 833 3 30 833 5 31 833 51 13 833 63 23 833 82 31 834 64 22 834 92 14 835 14 29 835 16 18 835 58 30 835 97 10 836 2 12 836 49 19 836 59 28 837 58 14 837 72 4 837 73 3 838 63 30 839 3 26 839 16 20 839 20 31 839 38 29 839 60 7 839 85 26 840 66 2 840 66 10 840 98 11 841 29 7 841 56 17 841 57 30 841 88 4 842 3 6 842 44 1 842 71 9 842 100 19 844 5 12 844 14 2 844 16 20 844 42 21 844 44 25 844 81 8 844 86 17 845 49 30 845 89 31 846 7 8 846 21 29 846 41 6 846 44 6 846 66 7 847 39 27 847 44 8 847 74 14 848 12 11 848 55 30 848 68 16 848 86 28 849 66 1 849 69 26 849 83 21 851 7 27 851 9 19 851 26 23 851 68 18 853 44 15 853 64 21 853 97 13 854 9 12 854 42 22 854 49 24 855 16 25 855 22 25 855 63 29 855 93 31 856 9 15 856 15 2 856 19 10 857 44 13 857 76 21 857 92 22 857 96 29 858 2 21 858 5 15 858 56 28 858 61 22 858 68 20 858 71 6 859 39 19 859 50 24 859 55 11 859 75 9 860 45 12 860 52 1 860 73 5 860 81 13 861 3 2 861 5 31 862 17 4 862 39 11 862 81 8 862 88 18 862 93 4 862 95 14 863 61 25 863 62 0 863 89 0 864 12 13 865 14 31 865 39 8 865 75 19 865 79 19 866 90 10 866 90 18 867 2 6 867 46 13 867 71 12 867 79 25 867 97 0 868 38 6 868 56 13 868 65 12 869 12 28 870 51 8 870 98 26 871 1 8 871 14 13 871 16 31 871 89 7 872 40 4 873 68 31 873 83 19 873 90 13 874 23 12 874 43 7 874 52 31 874 59 1 874 87 29 875 5 16 875 16 10 875 45 21 875 70 26 875 88 5 876 28 27 876 43 29 877 70 3 877 97 19 878 0 13 878 12 6 879 24 19 879 57 30 879 58 2 879 62 3 879 78 9 880 74 28 880 74 29 881 26 22 881 35 21 881 57 31 881 67 30 882 55 13 882 67 22 882 91 20 883 33 23 883 59 24 883 76 20 883 97 30 884 25 19 884 35 19 884 75 25 884 79 30 884 81 22 885 33 5 885 53 7 886 6 10 886 6 23 886 17 28 887 8 22 887 45 28 888 19 19 888 63 19 888 92 7 889 15 9 889 48 30 889 51 4 889 53 30 890 48 8 890 54 8 891 5 21 891 16 8 891 56 22 891 83 17 892 18 30 892 26 12 892 73 15 893 8 13 893 53 30 893 84 5 893 97 2 893 98 15 894 10 17 894 49 0 894 56 29 895 10 13 895 58 3 895 74 30 896 19 26 896 20 22 896 73 12 897 15 14 897 36 16 897 41 11 898 19 31 898 44 17 898 48 21 899 19 8 899 57 26 899 72 0 899 94 22 900 3 7 900 8 24 900 11 3 901 2 4 901 15 21 901 23 16 901 36 31 901 64 1 902 53 18 903 18 19 903 56 14 903 67 30 903 93 10 904 6 13 904 9 9 904 14 30 904 24 29 904 61 21 904 73 23 904 84 1 905 86 26 906 55 4 906 75 10 906 99 1 907 91 9 907 97 3 908 76 4 908 97 16 909 27 30 909 29 26 909 48 19 909 95 3 910 13 6 910 48 3 910 86 23 911 47 22 911 63 12 911 99 15 912 36 22 912 79 3 912 91 30 912 93 31 913 10 30 913 10 31 913 58 15 913 61 19 914 28 14 914 30 22 915 18 28 915 62 10 915 72 21 916 3 3 916 9 15 916 29 11 916 33 30 916 37 4 916 47 8 917 16 7 917 82 12 917 89 9 918 3 17 918 7 10 918 72 12 919 63 17 919 97 11 920 12 29 920 37 21 920 60 9 920 62 7 920 93 10 921 56 15 921 82 30 922 4 25 922 48 12 922 59 22 922 70 23 923 35 10 923 46 23 924 73 25 925 62 5 925 66 1 925 82 7 925 92 26 926 19 22 926 29 1 926 35 21 926 62 6 926 87 21 927 48 24 927 57 23 927 86 23 927 87 17 927 88 8 927 100 17 928 12 10 928 73 3 928 99 1 929 38 14 929 79 3 929 83 16 930 26 14 930 27 7 931 23 17 931 41 20 931 51 24 931 79 15 931 87 15 933 53 8 934 48 1 934 59 22 935 16 7 935 29 12 935 48 22 935 55 3 935 84 3 935 91 1 936 57 27 936 63 24 936 65 9 936 69 2 936 75 23 937 6 10 937 62 8 937 70 26 938 100 3 939 3 23 940 70 25 941 24 19 941 72 29 941 76 14 942 97 16 943 63 8 944 50 22 944 66 6 945 2 12 945 9 10 945 37 1 945 39 17 946 9 11 946 55 18 947 0 14 947 11 15 947 24 0 947 95 17 948 16 14 949 13 12 949 42 2 949 68 22 949 70 28 949 74 23 949 76 27 950 26 9 950 26 12 950 32 10 950 39 10 950 65 16 950 80 12 950 80 17 951 53 31 952 6 3 952 65 28 952 81 20 952 82 9 953 20 15 953 44 14 953 58 10 953 58 24 954 29 28 954 68 9 954 91 17 955 17 25 955 26 15 955 47 16 955 49 10 955 82 1 956 7 20 956 19 30 957 11 4 957 34 14 957 55 28 957 80 9 958 22 12 958 24 28 958 81 30 958 88 3 958 93 10 959 18 12 959 26 18 959 55 30 959 58 17 959 98 11 959 100 13 960 5 4 960 5 31 960 8 6 960 50 25 960 91 24 960 96 3 961 17 26 961 76 26 962 23 24 962 24 4 963 95 19 964 5 3 964 14 31 964 25 9 964 28 14 965 56 26 965 66 21 966 13 31 966 33 19 966 71 1 967 17 23 967 55 22 967 89 9 967 96 10 968 16 19 969 14 28 969 82 14 970 14 31 970 80 7 970 80 30 971 25 5 971 63 26 971 69 17 972 8 9 972 34 17 972 36 29 972 67 5 972 74 14 973 29 7 974 59 14 974 60 28 974 66 28 974 87 27 975 34 13 975 49 0 975 56 3 975 68 1 976 22 5 976 25 31 977 23 27 977 40 28 978 3 30 978 72 26 978 78 21 978 85 18 978 100 4 979 12 23 979 82 6 979 85 4 980 46 24 980 83 28 981 13 2 982 13 29 982 22 14 983 23 26 983 36 31 983 53 19 983 54 0 983 94 6 984 52 22 984 66 2 984 83 4 985 9 6 985 93 17 986 50 17 986 55 18 986 60 9 986 68 15 986 89 23 986 91 9 987 43 10 987 52 1 987 72 7 987 95 17 987 97 25 988 63 29 989 56 9 989 78 25 990 14 15 990 39 7 990 72 6 990 74 19 991 11 30 991 22 1 991 30 2 991 62 23 992 5 20 992 8 25 992 67 10 993 26 3 993 34 13 993 36 24 993 73 22 993 80 22 994 45 30 994 49 2 994 85 7 994 87 5 995 0 30 995 43 28 996 7 1 996 30 6 996 31 14 996 32 30 996 46 29 996 98 17 997 54 17 997 83 23 997 93 1 998 73 17 998 84 24 999 9 3 999 28 4 1000 2 31 1000 7 15 1000 19 29 1000 68 1 1000 89 14 1001 33 22 1001 45 8 1001 53 0 1002 13 17 1002 34 11 1002 47 31 1003 3 17 1003 22 6 1003 23 30 1003 37 19 1003 41 26 1003 69 16 1003 71 28 1004 35 8 1004 37 9 1004 72 28 1004 93 13 1004 93 15 1004 96 25 1005 28 25 1005 71 19 1005 73 3 1005 75 9 1006 4 10 1006 12 2 1006 46 27 1006 93 0 1006 94 23 1007 14 10 1007 22 22 1007 28 25 1007 45 25 1007 54 9 1008 72 12 1009 39 11 1009 52 10 1009 70 2 1010 5 23 1010 19 13 1010 40 28 1010 56 5 1010 61 4 1010 80 0 1011 10 6 1011 36 21 1011 75 31 1011 80 20 1013 17 12 1013 21 12 1014 10 10 1014 22 2 1014 47 5 1014 76 20 1015 66 17 1015 80 14 1015 93 11 1016 23 1 1016 47 16 1016 56 28 1016 65 26 1016 68 28 1017 4 23 1017 56 14 1017 73 9 1018 27 6 1018 27 28 1018 43 5 1019 4 1 1019 41 9 1019 50 2 1019 80 6 1020 6 4 1020 8 19 1020 36 2 1021 17 26 1021 19 23 1021 35 2 1021 56 6 1022 0 18 1022 43 24 1022 46 27 1022 71 6 1022 72 20 1023 32 6 1023 45 11 1023 74 26 1023 84 30 1024 17 12 1024 64 29 1024 90 22 1024 99 17 1025 18 10 1025 66 17 1025 74 7 1026 56 9 1026 64 9 1027 13 18 1027 75 22 1027 92 10 1028 2 4 1028 11 15 1028 13 16 1028 18 22 1028 44 30 1028 89 22 1028 90 25 1029 5 21 1029 28 29 1030 37 31 1030 44 11 1030 76 11 1030 99 17 1031 11 27 1031 46 28 1031 64 16 1032 15 16 1032 90 0 1033 23 29 1033 34 0 1033 80 1 1033 96 0 1034 0 17 1034 51 8 1034 66 31 1035 54 6 1035 74 31 1035 96 20 1036 25 2 1036 41 5 1036 54 14 1036 73 4 1036 92 23 1037 65 27 1037 83 3 1038 41 3 1038 88 16 1038 94 18 1039 81 0 1040 72 25 1041 29 21 1042 7 24 1042 29 7 1042 55 24 1042 62 14 1042 74 7 1043 34 0 1043 46 7 1043 46 14 1043 66 19 1043 96 0 1043 99 23 1044 44 30 1044 80 25 1044 100 24 1045 5 17 1045 15 12 1045 30 23 1045 36 13 1046 18 26 1046 27 18 1046 44 6 1047 31 25 1047 63 28 1047 81 1 1047 93 6 1048 18 30 1048 28 16 1048 40 21 1048 85 0 1049 29 22 1049 34 5 1049 55 12 1049 57 26 1050 37 8 1050 53 6 1051 38 31 1052 18 19 1052 31 28 1052 59 12 1052 68 31 1052 71 7 1052 83 10 1052 84 6 1052 89 26 1053 19 21 1053 20 19 1054 18 13 1054 40 2 1055 57 7 1055 60 2 1055 87 27 1056 4 26 1056 39 19 1056 61 28 1056 72 9 1056 79 3 1056 85 18 1057 38 20 1057 45 3 1057 56 11 1058 2 30 1058 27 11 1058 57 22 1059 1 27 1059 58 11 1059 99 21 1060 17 28 1061 76 11 1061 97 18 1063 17 27 1063 30 11 1063 81 30 1064 60 3 1064 90 29 1066 12 5 1066 89 2 1066 91 2 1067 1 6 1067 38 9 1067 90 3 1067 98 29 1068 28 0 1068 64 10 1068 96 19 1069 37 21 1069 59 18 1069 88 25 1069 90 20 1070 5 10 1070 55 12 1070 64 24 1070 91 1 1070 98 7 1071 1 30 1071 14 10 1071 88 27 1072 21 18 1072 41 9 1072 64 1 1072 72 27 1072 79 20 1073 2 19 1073 5 22 1073 17 12 1073 20 2 1073 64 4 1073 65 5 1074 4 18 1074 27 14 1074 29 7 1074 66 17 1074 83 5 1075 16 15 1075 18 25 1076 72 28 1076 82 23 1077 9 1 1077 28 26 1077 53 6 1077 90 16 1078 6 23 1078 11 1 1078 62 14 1078 64 16 1078 78 14 1078 94 2 1079 21 21 1079 62 20 1079 62 21 1079 64 0 1079 82 22 1080 14 9 1080 47 15 1080 63 9 1080 74 7 1080 79 11 1080 94 21 1081 83 4 1082 65 2 1082 69 30 1082 72 19 1082 95 31 1083 37 31 1083 45 3 1084 61 8 1084 93 21 1084 97 6 1084 99 1 1085 13 20 1085 34 2 1085 65 22 1085 68 25 1085 70 10 1086 86 24 1087 25 15 1087 45 2 1087 60 31 1087 86 5 1088 24 9 1088 38 30 1088 57 13 1088 75 9 1088 98 16 1089 13 31 1089 40 17 1089 43 14 1089 51 23 1089 67 15 1089 70 20 1089 89 22 1089 97 30 1090 11 6 1090 38 14 1090 38 27 1090 72 13 1091 6 26 1091 42 24 1093 15 28 1093 38 20 1094 5 15 1094 37 6 1094 86 18 1094 98 16 1094 99 11 1095 5 14 1095 37 4 1095 49 14 1095 95 27 1095 97 13 1096 47 29 1096 60 31 1096 65 8 1096 86 22 1097 31 25 1098 41 14 1098 61 3 1098 62 1 1098 63 13 1098 71 27 1099 12 4 1099 95 17 1100 49 19 1100 49 22 1100 100 15 1101 27 3 1101 42 25 1101 70 24 1101 93 7 1102 4 15 1102 21 19 1102 74 8 1103 7 15 1103 35 1 1103 35 6 1103 41 23 1103 45 1 1103 51 21 1103 79 21 1103 89 18 1104 20 18 1104 45 28 1104 93 19 1106 65 0 1106 99 30 1107 5 25 1107 30 7 1107 35 11 1107 77 16 1108 16 5 1108 22 28 1108 77 11 1109 15 10 1109 23 1 1110 64 13 1110 84 13 1110 85 14 1111 3 29 1111 30 5 1111 67 18 1112 14 30 1112 48 27 1112 61 6 1112 80 27 1113 27 30 1113 35 15 1113 61 15 1113 90 17 1113 93 11 1114 88 23 1115 38 16 1115 63 11 1115 85 7 1116 12 6 1116 42 5 1116 44 31 1116 52 15 1116 56 16 1116 86 13 1117 2 26 1117 42 19 1117 71 13 1117 78 27 1117 83 30 1118 55 30 1118 61 11 1119 56 10 1119 72 30 1120 12 11 1120 95 24 1120 97 6 1121 3 20 1121 39 12 1121 80 7 1122 25 12 1122 30 22 1122 34 26 1122 71 29 1122 87 31 1122 91 17 1123 16 0 1123 62 21 1123 74 0 1123 78 8 1124 11 8 1124 43 24 1124 50 31 1124 57 12 1125 41 29 1125 54 10 1125 69 1 1126 8 12 1126 32 26 1126 36 18 1126 40 24 1126 84 31 1126 86 12 1126 87 30 1126 90 7 1127 45 19 1127 98 23 1128 4 22 1128 12 14 1128 42 20 1129 55 12 1129 82 3 1129 99 29 1130 11 26 1130 13 21 1130 36 20 1130 41 10 1131 0 2 1131 1 14 1131 19 16 1131 46 11 1131 81 1 1131 88 18 1131 90 31 1131 93 2 1132 97 7 1133 14 10 1133 26 27 1133 41 8 1133 42 14 1133 45 29 1133 68 5 1133 75 1 1133 77 31 1133 90 8 1134 9 16 1134 18 24 1134 18 26 1134 80 1 1135 20 29 1135 47 23 1135 54 15 1136 2 25 1136 13 0 1136 23 2 1136 28 27 1136 69 0 1137 27 18 1137 44 19 1137 47 27 1137 90 4 1138 33 0 1138 69 17 1138 86 10 1139 8 31 1139 65 25 1139 79 12 1139 99 3 1139 100 31 1140 12 29 1140 32 12 1141 34 11 1141 63 5 1141 87 11 1142 10 0 1142 21 18 1143 17 14 1143 23 26 1143 24 22 1143 51 23 1143 70 17 1143 73 10 1144 23 14 1144 65 25 1144 100 24 1145 4 2 1145 38 3 1145 46 9 1146 0 2 1146 10 7 1146 25 2 1146 26 0 1146 29 10 1146 51 6 1146 65 23 1147 16 16 1147 44 12 1147 51 5 1148 40 8 1148 48 8 1148 99 30 1149 7 25 1149 10 29 1149 15 21 1149 42 27 1149 57 8 1149 90 22 1150 15 4 1150 20 11 1151 3 12 1151 22 18 1151 87 22 1152 7 31 1152 30 10 1152 62 4 1152 79 22 1153 11 26 1153 65 22 1153 90 0 1154 40 0 1154 45 2 1154 62 3 1154 74 0 1155 77 9 1155 83 6 1156 0 29 1156 50 3 1157 11 25 1157 46 6 1157 79 29 1157 83 30 1158 16 13 1158 36 12 1158 81 10 1158 100 8 1159 28 2 1159 40 23 1159 66 5 1160 28 24 1160 56 13 1161 5 18 1161 21 7 1161 40 21 1161 61 13 1162 89 7 1163 6 4 1163 51 8 1164 86 20 1165 22 20 1165 60 29 1165 70 9 1165 83 14 1166 9 21 1167 10 12 1167 25 10 1167 47 15 1167 52 2 1168 12 10 1168 25 28 1169 18 6 1169 78 24 1170 39 16 1170 56 9 1170 72 15 1170 87 15 1171 30 13 1171 71 5 1171 94 3 1172 59 7 1172 77 17 1172 82 26 1173 14 0 1173 77 29 1173 98 3 1174 22 16 1174 35 28 1174 58 13 1174 77 25 1175 60 25 1175 62 25 1175 90 3
255 3563 0.001 72 4 14 72 12 9 72 34 27 72 84 6 73 9 0 73 25 15 73 50 30 74 17 14 74 57 9 74 75 16 75 28 0 75 72 25 75 79 22 75 86 16 76 34 27 76 42 11 76 49 18 76 57 5 77 32 25 79 28 7 80 28 9 80 59 10 80 90 29 81 1 26 82 9 28 82 10 18 82 17 4 82 43 0 82 87 17 83 14 30 83 30 1 84 26 11 84 58 28 84 63 5 84 82 23 84 88 10 85 50 26 86 32 18 86 33 24 86 53 19 86 92 12 86 100 13 87 26 16 87 40 0 87 42 15 87 52 25 88 4 26 88 6 30 88 25 15 88 28 2 88 34 15 88 53 10 88 100 10 89 28 9 89 37 28 89 59 8 90 62 29 90 69 27 90 70 20 91 10 13 91 95 26 92 0 15 92 73 4 93 80 9 95 12 0 95 27 26 95 32 1 96 86 17 97 12 26 97 43 11 97 68 3 97 89 8 98 8 8 98 15 0 98 45 19 98 49 2 98 73 14 98 79 12 99 15 20 99 36 18 99 65 11 100 46 20 101 19 1 101 23 11 101 68 18 101 87 30 102 2 28 102 5 1 102 38 23 103 18 7 103 63 16 103 71 4 103 72 10 103 75 26 103 77 8 105 56 6 105 57 23 106 22 20 106 53 7 106 61 14 106 89 15 107 71 28 108 48 25 108 60 29 108 96 12 109 32 6 109 59 27 109 81 4 109 96 31 110 6 15 110 23 22 110 82 23 111 5 30 111 25 24 111 57 19 111 72 15 112 52 18 112 81 3 113 74 7 114 56 21 115 21 9 115 34 30 115 81 1 116 36 2 116 43 21 116 46 3 116 47 22 116 55 24 116 98 27 117 8 14 117 14 30 117 44 17 117 60 12 118 20 11 118 44 16 119 9 31 119 12 4 119 33 20 119 44 3 119 52 21 120 37 18 120 50 23 120 54 27 121 21 9 121 41 6 122 22 7 122 45 12 122 55 5 123 12 30 123 13 29 123 56 27 123 59 3 123 81 12 123 92 21 124 3 16 124 31 30 125 26 15 125 66 4 125 100 7 126 6 6 126 72 7 126 76 18 126 82 28 126 86 19 126 95 28 127 0 6 127 41 13 127 50 22 127 55 19 127 59 23 128 18 24 128 82 10 128 88 22 128 89 28 128 92 7 128 93 4 129 53 15 129 80 15 129 91 4 130 22 16 130 55 15 130 74 2 131 52 17 131 65 24 131 97 24 131 100 14 132 24 3 133 6 17 133 12 15 133 17 9 133 35 7 133 54 12 133 55 24 133 57 21 133 99 29 134 65 6 135 9 4 135 38 29 135 82 10 136 2 0 136 62 29 136 81 29 136 86 8 136 92 23 136 100 11 137 19 23 137 66 24 138 36 30 138 60 21 139 57 25 139 61 24 139 74 7 139 98 0 140 10 4 140 84 31 141 4 8 141 23 17 141 28 13 141 30 27 141 72 30 142 30 23 142 53 24 142 66 31 143 21 20 143 36 0 143 45 25 143 46 21 144 29 30 144 30 12 144 61 25 145 17 26 145 40 8 145 66 5 145 87 21 146 57 15 146 61 16 146 97 24 147 10 26 147 59 5 150 39 10 150 60 23 151 8 3 151 12 21 151 64 13 152 2 14 152 14 20 152 100 24 153 22 6 153 28 0 153 48 8 153 67 8 154 0 19 154 36 21 154 46 13 154 69 18 155 36 13 155 63 19 155 68 21 155 91 13 155 99 8 156 16 14 156 21 12 157 6 1 157 12 23 157 34 1 158 60 28 158 66 0 158 87 23 158 88 6 159 2 5 159 65 4 159 98 16 161 24 23 162 31 18 162 56 9 163 8 0 163 69 24 163 79 0 164 4 13 164 33 9 164 34 19 164 78 16 164 90 7 165 41 25 165 65 25 165 69 12 166 22 30 166 98 12 167 56 6 167 79 11 167 92 5 168 14 22 168 35 25 168 36 22 168 44 18 169 86 11 170 15 1 170 46 9 170 75 13 171 97 1 172 4 21 172 42 16 172 50 10 172 79 11 172 87 1 173 8 14 173 11 16 173 31 24 173 72 4 174 49 11 174 76 10 174 95 0 175 4 1 175 16 23 175 37 7 175 48 15 175 92 16 176 49 22 176 93 3 176 99 21 177 86 5 178 1 23 178 9 8 178 16 21 178 23 30 178 88 4 179 18 9 179 19 28 179 64 3 179 70 8 179 99 14 180 46 26 180 98 27 181 30 9 181 43 11 181 88 18 181 98 28 182 42 0 182 47 19 182 97 27 183 84 7 183 88 19 184 0 15 184 18 30 184 38 25 184 68 12 185 1 4 185 3 15 185 13 5 185 32 3 186 35 19 187 6 25 187 18 19 187 85 27 187 94 24 187 95 27 187 97 20 188 29 6 190 35 28 190 75 4 191 24 28 191 66 7 191 92 3 192 45 14 192 98 11 193 46 10 193 89 31 193 92 14 194 44 13 194 50 30 194 51 27 194 87 1 195 86 4 195 91 10 196 5 0 196 18 10 196 34 16 196 81 1 197 74 24 197 78 10 198 3 16 198 18 27 198 61 9 198 99 4 199 26 11 199 45 30 199 90 2 200 28 18 200 41 31 201 11 18 201 19 26 201 31 6 201 76 8 202 8 29 202 45 27 202 61 23 202 68 2 203 23 27 203 45 30 203 50 1 203 69 28 204 61 3 204 68 7 204 92 27 204 92 29 204 96 15 205 24 25 205 35 21 205 42 11 205 61 10 205 77 28 206 48 8 206 56 26 206 83 1 208 27 28 208 52 30 208 73 2 209 34 10 209 50 19 209 56 17 209 74 26 209 82 26 209 94 14 210 22 2 210 63 17 210 86 29 210 94 13 211 3 17 211 28 24 211 87 26 212 7 10 212 74 27 212 99 26 213 26 26 213 46 13 213 46 28 213 51 18 213 56 3 213 70 28 213 81 18 214 6 23 214 93 21 215 33 28 215 36 24 215 62 12 215 88 30 216 0 28 216 43 19 216 44 9 216 65 2 216 83 31 217 91 7 219 0 18 220 52 26 220 55 31 220 60 12 220 83 30 220 100 0 221 20 3 221 84 14 221 90 31 221 94 15 222 34 18 222 35 18 222 56 16 222 58 11 222 85 9 223 6 21 223 7 2 223 19 29 223 87 16 224 27 17 224 34 26 224 58 4 225 13 21 225 46 23 225 73 16 227 50 21 227 53 5 228 13 5 228 15 17 228 70 11 228 79 0 229 28 7 229 71 7 229 88 25 230 5 9 230 27 16 230 59 10 231 1 24 231 28 31 231 40 5 231 84 21 232 12 24 232 32 14 232 48 14 232 54 27 232 58 13 233 4 30 234 4 22 234 8 31 234 16 12 234 36 14 234 62 6 234 90 28 234 99 22 235 39 26 236 38 7 236 100 26 237 65 19 237 66 10 238 11 26 238 50 11 238 83 15 238 86 8 238 93 20 239 0 25 239 7 6 239 49 31 239 87 0 240 39 27 240 57 20 241 41 8 241 65 19 241 87 19 242 72 20 242 87 1 242 92 3 243 62 21 243 71 27 244 3 1 244 62 29 245 15 26 245 33 19 246 62 27 246 77 12 247 39 11 247 61 13 248 11 27 248 47 13 248 79 22 250 93 11 251 6 2 251 49 3 251 63 15 251 75 14 251 79 28 252 24 31 252 57 1 252 89 24 252 99 31 253 22 18 253 26 21 253 51 13 254 28 19 254 81 12 254 82 28 254 85 15 255 59 13 255 65 2 256 56 3 257 8 8 257 59 13 257 64 4 257 80 3 258 3 7 258 4 16 258 16 21 258 83 25 259 51 27 259 54 4 259 56 10 259 60 12 260 4 26 260 7 28 260 44 7 260 47 1 260 79 3 260 84 8 261 27 26 261 48 19 261 83 9 262 80 4 262 98 22 263 19 3 263 85 30 264 25 1 264 52 31 264 56 0 264 61 0 265 0 16 265 32 0 265 32 15 265 72 5 265 79 24 266 72 19 268 15 30 268 59 16 268 59 19 268 76 27 269 2 22 270 11 15 270 29 13 270 59 20 270 74 11 270 78 5 271 17 6 271 41 22 271 79 9 272 59 5 272 71 12 273 1 22 273 5 19 273 76 3 273 95 26 274 50 2 274 59 30 274 76 22 275 57 11 275 84 11 276 14 29 276 23 31 276 54 15 276 96 24 277 14 3 277 41 24 277 87 18 278 20 12 278 52 6 278 61 17 279 47 30 280 2 0 280 23 21 280 56 7 281 79 4 282 14 16 282 23 20 282 61 16 282 62 19 282 66 26 283 3 3 283 6 6 283 34 6 283 35 17 283 48 18 283 61 31 284 65 4 285 5 0 285 62 20 285 79 31 285 96 5 285 97 8 286 16 9 286 48 31 286 51 16 286 56 26 286 58 16 286 73 3 286 77 22 287 6 12 287 34 1 287 58 1 287 86 29 288 24 29 288 58 11 288 69 26 289 22 31 290 29 12 290 31 7 290 68 1 290 90 0 290 95 18 290 98 30 291 32 26 291 38 28 291 69 11 291 69 12 291 71 15 291 85 17 291 98 24 292 5 24 292 39 5 293 17 6 293 18 28 293 48 19 293 57 10 294 31 10 295 83 8 295 83 13 295 86 9 295 86 20 296 82 25 297 45 29 297 61 25 298 5 21 298 12 27 298 51 14 298 98 10 299 2 27 299 11 29 300 28 25 300 36 19 300 40 13 300 47 25 301 26 12 301 26 21 301 67 16 302 20 30 302 39 0 303 38 15 303 52 19 303 58 11 303 77 7 304 48 27 304 96 0 305 42 10 305 44 21 306 9 24 306 36 12 307 39 15 307 77 2 307 79 22 307 85 12 307 87 1 307 93 29 308 20 13 308 62 25 308 63 30 308 64 5 309 7 15 309 22 9 309 22 16 309 89 1 310 2 29 310 6 18 310 20 20 310 72 23 310 84 21 310 97 28 312 46 14 313 48 25 313 98 21 314 11 15 314 81 5 315 7 6 315 34 31 315 91 3 316 3 30 316 26 9 316 53 4 317 11 14 317 43 9 318 50 11 318 79 1 319 0 24 319 54 1 319 77 14 319 86 25 320 9 14 320 47 6 320 71 24 321 13 24 321 42 3 321 76 21 322 17 26 322 85 0 323 32 7 323 45 3 324 13 4 324 20 9 324 36 17 324 71 25 324 83 12 325 82 10 326 36 22 326 44 1 327 38 25 327 59 8 327 71 8 327 72 3 328 44 27 328 54 3 329 40 18 329 40 24 329 42 8 330 33 6 330 67 23 330 70 15 331 7 29 331 10 16 331 13 24 331 21 10 331 72 3 331 93 9 332 21 23 332 28 12 332 32 12 332 37 26 333 90 4 334 3 19 334 7 3 334 7 20 334 17 3 334 30 7 334 39 4 334 46 28 334 58 15 334 77 3 334 81 1 334 84 31 334 86 15 335 44 28 335 46 11 335 53 23 335 97 26 336 42 20 336 80 14 336 95 23 337 11 3 337 12 3 337 15 16 337 17 30 337 49 24 338 19 15 339 46 14 339 74 12 340 16 6 340 34 2 340 40 6 340 41 15 341 67 26 341 78 24 342 8 3 342 38 23 342 40 0 342 91 24 343 49 25 343 61 6 343 67 0 343 88 13 344 44 21 344 49 13 344 69 27 344 99 22 345 18 22 345 31 9 345 51 30 346 64 20 346 94 14 346 99 13 346 100 5 347 1 18 347 37 28 347 65 30 347 82 18 348 38 29 348 59 24 351 12 2 351 25 14 351 50 6 352 43 5 352 97 19 353 3 22 353 46 15 353 58 20 354 35 31 354 80 31 356 7 4 356 74 0 356 79 8 356 84 17 357 0 22 357 15 31 357 33 0 357 43 15 357 53 27 357 66 4 357 73 15 358 18 30 358 55 13 358 61 5 358 76 23 358 99 12 359 26 19 359 32 16 359 43 18 359 68 0 360 16 19 360 19 5 360 46 23 360 46 24 360 54 2 360 66 11 361 15 20 361 20 25 361 49 5 361 59 17 362 4 22 363 24 13 363 61 14 363 72 13 363 83 26 364 29 2 364 50 18 364 64 11 364 71 0 364 71 6 365 41 13 366 1 3 366 58 18 366 89 1 367 17 26 368 32 21 368 68 22 368 74 13 368 82 7 369 29 18 369 32 29 369 46 2 369 47 1 369 59 2 369 62 8 370 5 14 370 11 7 370 58 29 370 62 31 370 68 14 370 98 19 371 13 15 371 40 27 371 68 23 371 92 15 372 79 11 372 84 22 373 53 21 374 25 30 375 25 1 375 50 1 375 53 24 375 74 20 376 58 21 377 19 1 377 44 8 377 54 22 378 11 14 378 30 15 378 56 9 378 56 23 378 63 2 378 79 29 378 84 18 378 100 5 379 25 17 381 9 19 381 27 22 382 1 23 382 15 9 382 31 4 382 75 22 382 86 26 383 83 10 384 9 2 384 54 3 384 87 14 384 87 22 385 20 6 385 26 1 385 43 2 385 73 12 386 6 2 386 7 20 386 8 27 386 25 7 386 79 31 386 81 13 386 90 10 387 43 20 387 50 7 387 81 19 388 0 19 388 9 31 388 17 24 388 52 21 389 37 1 389 66 23 390 12 24 390 26 27 390 32 11 390 80 31 391 74 18 392 44 21 393 32 5 393 51 8 394 27 23 394 34 17 394 68 23 395 10 29 395 21 5 395 41 2 395 42 15 395 51 11 395 60 3 395 73 2 395 93 28 396 13 21 396 35 30 396 46 4 396 66 23 396 76 1 396 87 24 397 5 11 397 13 24 397 19 13 397 21 22 398 0 11 398 12 26 398 66 7 399 29 4 400 34 27 400 83 9 400 90 26 400 100 28 401 12 28 401 55 9 401 57 9 401 59 8 401 69 10 402 18 13 402 52 11 403 4 30 403 9 6 403 49 30 403 78 1 404 5 8 404 7 29 404 61 18 404 73 16 404 84 2 404 91 5 405 7 17 405 83 24 405 85 6 405 98 5 406 32 29 406 66 21 406 80 25 406 81 9 406 89 7 407 26 15 407 98 18 409 64 27 409 99 2 411 88 19 411 96 12 412 60 6 413 18 18 413 53 25 413 62 6 413 79 2 414 12 21 414 50 9 414 65 14 414 72 18 414 76 4 414 81 16 414 82 27 415 7 6 415 36 26 415 42 17 415 96 24 416 28 2 416 51 29 416 79 20 417 30 14 417 32 5 417 68 16 418 20 29 418 46 4 419 22 21 419 95 14 420 15 7 420 58 12 421 57 20 421 84 29 422 54 18 423 30 7 424 26 29 424 54 15 425 19 15 425 37 15 426 42 2 426 67 9 426 91 25 427 16 28 427 51 7 427 72 6 427 78 13 427 81 27 427 87 21 428 0 9 428 39 8 428 45 14 428 46 21 428 56 3 428 99 10 429 34 8 429 53 8 429 100 21 430 12 16 430 30 24 430 30 30 430 82 8 432 8 18 432 74 1 432 75 21 433 30 5 433 33 11 433 76 29 433 94 0 434 40 31 434 47 14 435 15 28 435 17 28 435 33 28 435 51 8 435 70 19 436 2 7 436 13 8 436 18 31 436 66 23 437 2 4 438 8 9 438 48 9 438 92 19 438 96 0 439 14 27 439 37 0 439 57 31 439 67 12 440 91 9 440 93 20 441 1 19 441 55 0 441 60 29 441 72 10 442 39 22 442 50 10 442 75 21 442 79 23 442 90 21 443 1 31 443 26 15 443 44 8 443 58 5 443 60 19 443 84 1 444 6 14 444 24 30 444 40 27 444 44 2 444 85 2 445 61 16 446 13 13 446 28 15 446 71 11 447 20 28 447 28 22 448 78 20 448 87 13 448 88 27 449 17 10 450 49 19 450 70 3 451 40 30 451 60 25 451 65 28 451 75 31 451 82 12 451 95 15 452 45 28 452 81 7 452 97 9 452 98 14 453 43 12 453 55 18 454 16 17 454 19 21 454 31 12 454 60 13 454 69 11 455 3 12 455 4 5 455 66 11 455 97 24 456 22 1 457 20 29 457 57 30 458 11 14 458 25 17 458 49 15 459 15 18 459 82 13 459 89 21 460 5 9 460 7 28 460 42 8 460 60 1 460 61 4 460 62 19 461 50 21 462 3 3 462 98 3 463 79 1 463 99 10 464 1 9 464 6 16 464 16 28 464 21 17 464 40 20 464 68 8 465 17 24 465 88 6 465 91 18 466 7 14 466 67 22 467 4 28 467 6 31 467 10 23 467 22 19 467 72 19 468 39 25 468 78 12 469 21 6 469 31 6 469 60 11 469 70 21 469 80 7 469 88 12 469 95 16 471 98 12 472 32 1 472 71 26 473 16 17 474 41 19 474 48 12 474 60 11 475 92 31 476 18 18 476 62 26 476 66 14 476 91 2 477 22 0 477 65 6 477 72 29 478 28 2 478 29 26 478 33 9 478 34 16 478 55 24 478 69 0 479 25 29 479 37 6 480 0 20 480 4 3 480 45 25 480 75 8 480 95 22 481 7 6 481 14 16 481 82 6 481 94 11 482 4 14 482 5 6 482 6 16 482 7 2 482 16 5 483 18 20 483 58 1 483 81 30 484 27 7 484 56 11 484 82 12 484 87 22 486 22 31 486 84 7 487 5 3 487 17 25 487 27 13 488 16 6 488 22 23 488 43 1 488 59 9 488 60 21 490 40 31 490 41 24 490 69 23 490 80 5 491 71 23 492 80 19 493 10 2 493 11 31 493 72 10 493 82 8 493 86 22 493 97 21 494 49 19 495 5 5 495 7 14 495 22 9 495 33 16 495 33 31 495 56 26 495 63 21 495 86 8 495 93 13 496 2 13 496 71 16 496 100 31 497 26 31 497 93 15 498 3 11 498 37 7 498 69 11 498 89 27 499 36 24 499 57 31 500 0 9 500 29 10 501 12 17 501 13 13 501 23 20 501 52 28 501 68 14 502 13 21 502 78 15 502 97 22 503 20 18 505 57 11 506 18 28 506 70 2 507 6 4 507 80 18 507 88 3 508 4 13 508 25 2 508 37 1 508 50 29 508 59 23 508 65 25 509 10 30 509 19 20 509 20 8 509 41 14 509 58 25 510 43 26 510 62 27 510 95 16 511 33 16 511 75 30 511 76 10 512 19 14 512 45 23 512 47 8 512 68 28 512 73 16 513 2 10 513 35 5 513 93 23 514 57 1 514 57 3 515 28 5 516 17 5 516 59 0 516 64 26 516 93 15 516 98 6 517 6 3 517 80 22 517 82 13 517 87 28 518 1 29 518 49 25 518 88 20 519 18 20 519 44 5 519 60 30 519 72 12 520 45 27 520 82 5 520 85 16 521 7 28 521 13 23 521 73 16 521 86 19 522 38 3 522 55 6 522 58 17 522 59 31 522 64 20 523 46 25 523 62 31 523 77 27 523 85 31 523 89 31 523 99 24 524 3 24 524 4 19 524 67 0 525 1 6 525 40 9 525 53 3 525 71 14 526 64 3 526 80 3 527 21 15 527 30 4 527 39 25 527 62 30 527 96 18 527 97 9 528 19 7 528 31 27 528 63 14 529 6 13 529 12 25 529 17 4 529 25 26 529 57 10 530 15 23 530 76 15 530 96 10 530 97 0 531 63 11 532 18 20 532 26 30 532 39 4 532 90 2 532 94 9 533 53 2 533 56 11 533 86 16 533 94 24 535 6 9 535 23 27 535 29 27 535 32 3 535 67 10 535 77 16 535 82 9 536 23 17 536 65 15 536 95 5 536 97 13 537 51 27 537 70 23 537 85 24 538 20 23 538 51 13 538 59 29 538 62 2 538 78 1 538 90 16 539 26 11 540 11 8 540 28 6 540 32 28 540 41 16 541 98 14 542 8 17 542 29 0 542 84 1 542 87 20 543 38 3 543 85 5 544 0 18 545 44 21 545 84 11 546 31 21 546 58 10 546 58 11 546 64 30 547 1 10 547 18 12 547 26 0 547 27 30 547 89 29 547 92 4 547 92 9 548 3 18 548 29 14 548 40 18 548 58 24 549 20 30 549 34 8 549 56 27 549 85 15 549 99 28 550 26 15 550 36 21 550 42 4 550 54 29 550 93 28 551 27 6 551 44 30 551 67 31 551 68 6 551 98 15 552 7 16 552 74 20 552 85 16 553 6 0 553 20 26 553 48 8 553 71 7 554 20 21 554 38 4 554 41 31 554 89 3 555 46 3 555 87 4 555 87 7 556 28 30 556 40 29 557 33 12 557 33 18 558 29 6 558 56 24 558 59 25 558 77 14 558 83 4 559 20 1 559 34 1 560 14 7 561 25 18 561 42 4 561 97 28 562 12 2 562 22 29 562 33 18 562 79 8 562 82 8 563 31 2 563 41 20 563 52 17 563 61 4 563 92 29 564 17 1 564 40 4 564 79 15 564 86 23 564 100 14 565 7 6 565 23 30 565 35 23 565 85 7 566 4 29 566 62 13 567 14 7 567 49 8 567 53 28 568 59 26 568 71 13 568 94 31 569 2 20 569 19 23 569 61 15 569 67 14 569 90 16 569 90 27 569 96 29 570 17 19 570 33 11 570 79 31 570 82 0 570 97 19 571 19 24 571 33 25 571 72 30 571 88 22 571 94 9 571 96 17 571 99 5 572 47 27 572 66 13 573 49 10 573 61 8 573 64 19 574 8 8 574 34 23 574 66 21 574 78 7 576 17 18 576 32 27 576 93 9 577 5 9 577 7 30 577 39 10 577 44 16 577 55 5 577 98 25 578 21 21 578 30 2 578 56 11 578 73 1 578 88 21 579 8 19 579 40 26 579 41 29 579 46 3 580 8 20 580 21 27 580 32 11 580 64 7 581 16 11 581 21 6 581 32 21 581 96 14 582 62 2 583 12 2 583 40 15 583 48 3 583 49 9 584 16 22 584 81 31 585 9 21 586 8 1 586 15 20 586 27 20 586 49 9 586 77 8 586 92 17 587 3 6 587 58 2 588 2 5 588 8 15 588 57 0 588 96 28 589 5 17 591 26 13 591 61 29 592 42 21 592 56 11 592 77 9 593 15 30 593 19 20 593 20 14 593 23 0 593 33 28 594 1 3 594 2 1 594 92 18 595 43 22 596 27 11 596 41 22 596 65 0 596 88 16 597 4 31 597 14 16 597 47 11 597 49 17 597 50 4 597 70 1 598 11 14 598 31 25 598 80 4 598 80 29 599 5 28 599 22 14 599 72 12 599 86 18 599 92 11 600 20 30 600 39 16 601 31 12 601 32 1 601 46 28 601 88 16 602 34 7 602 46 14 602 65 31 603 13 4 603 13 15 603 15 9 603 24 11 603 55 15 603 57 10 604 25 17 605 4 5 606 15 13 606 81 28 606 90 8 607 90 26 608 12 6 608 58 29 608 78 5 608 88 14 609 98 31 610 1 14 610 34 0 610 83 31 611 28 17 611 28 21 611 36 19 611 46 17 611 61 9 611 82 28 612 55 12 612 65 23 613 14 27 614 26 12 614 74 22 614 95 2 615 16 10 616 14 27 616 29 7 616 58 17 616 62 0 616 91 0 616 91 10 616 95 29 617 68 31 617 75 9 618 17 7 619 9 13 620 2 28 620 34 2 620 44 2 620 65 23 621 44 30 621 62 16 621 73 9 622 17 16 622 54 16 622 54 26 622 88 7 623 9 29 623 31 20 623 35 26 623 59 8 624 4 30 624 11 26 624 34 18 624 48 3 625 23 2 625 40 5 625 42 29 625 63 11 625 72 16 626 23 20 626 32 20 626 44 11 626 49 31 627 4 4 627 75 19 628 5 17 628 32 8 628 97 14 629 52 3 629 56 10 630 2 25 630 6 21 630 32 25 630 59 4 630 77 13 630 89 29 630 90 25 630 97 29 631 27 29 631 90 15 632 16 2 632 16 19 632 42 12 632 86 8 632 93 4 633 15 0 633 43 11 635 27 15 635 45 9 635 62 2 635 82 29 635 94 19 635 100 6 636 20 4 636 31 22 636 41 29 636 42 29 636 71 20 637 40 4 637 43 2 637 59 23 638 5 22 638 31 17 638 49 30 638 55 22 638 75 3 638 78 9 638 80 9 639 8 29 639 28 19 639 34 8 639 53 25 639 60 8 639 64 3 639 92 18 640 22 0 640 83 10 641 41 31 641 69 9 641 71 22 642 46 12 642 66 15 642 74 22 642 89 31 643 14 15 643 15 19 643 23 22 643 38 13 643 52 13 643 52 27 643 79 25 643 81 2 644 13 29 644 60 16 644 63 28 644 78 6 644 87 11 644 100 4 645 86 26 646 56 29 646 75 15 646 96 23 647 40 8 647 51 30 647 99 1 649 0 23 649 49 28 650 17 15 650 18 19 650 45 5 650 47 1 650 50 9 650 62 14 650 97 17 651 2 24 651 10 8 651 21 19 651 32 4 651 56 31 651 70 6 652 27 12 652 30 6 652 39 13 653 34 4 653 44 14 653 51 15 654 18 13 654 36 21 655 3 7 655 40 12 656 1 5 656 19 21 656 22 31 656 51 3 656 65 1 656 73 21 657 13 3 657 60 10 657 63 13 657 78 4 657 82 29 658 15 31 658 29 1 658 31 19 658 44 31 658 73 9 658 88 14 658 88 22 658 90 24 659 32 5 659 53 19 660 55 6 660 70 2 661 58 23 662 60 17 662 63 17 663 16 12 663 82 10 664 47 24 664 97 27 665 26 23 665 27 5 665 82 26 667 12 31 667 38 21 667 42 13 669 47 3 669 49 27 670 33 3 670 54 25 670 81 16 670 82 20 671 10 27 671 38 2 672 79 15 673 93 5 674 1 14 674 17 5 674 85 29 674 92 2 675 33 15 676 10 17 677 5 3 677 12 7 677 30 18 677 68 9 677 69 7 677 82 27 678 11 0 678 35 10 678 54 8 679 13 3 679 23 7 679 39 17 680 1 16 680 34 1 680 67 30 680 92 25 681 16 21 681 24 16 681 27 30 681 48 18 681 90 8 682 25 24 682 34 9 682 52 26 682 83 7 682 91 15 683 1 24 683 8 7 683 9 2 683 51 20 683 61 9 683 77 23 684 58 23 684 60 8 684 61 5 684 93 21 684 96 9 685 3 5 685 39 23 685 85 9 686 3 17 687 26 2 688 3 17 688 13 7 688 38 23 688 39 5 688 62 24 689 51 29 689 72 3 689 93 28 689 97 28 690 30 12 690 54 15 690 86 13 690 88 17 691 11 4 691 71 30 692 6 16 692 9 31 692 18 13 692 43 29 692 50 24 692 68 27 693 8 18 693 14 9 693 17 23 693 20 24 693 44 0 693 59 3 693 62 25 694 15 23 694 39 28 694 49 22 695 13 11 695 40 23 695 82 11 696 27 4 697 1 24 697 76 8 697 96 7 697 100 11 698 18 24 698 19 29 698 34 20 698 44 28 698 72 22 698 86 10 699 7 13 699 21 3 699 48 12 700 22 29 701 1 17 701 20 16 701 62 2 702 34 6 702 67 6 702 78 18 703 35 29 703 79 19 704 60 23 704 77 22 705 24 2 705 36 0 705 43 14 705 64 2 705 78 8 705 92 16 706 2 2 706 25 28 706 42 2 707 22 20 707 27 3 707 58 5 707 88 7 707 99 26 708 2 2 708 7 22 708 74 24 708 83 16 709 1 2 709 21 26 709 21 28 709 32 6 709 41 15 709 43 23 709 96 5 710 52 5 710 66 9 711 22 5 711 23 30 711 26 5 711 79 14 711 82 8 712 6 31 712 33 9 712 58 24 712 77 28 712 91 21 712 93 30 712 100 3 714 21 12 714 65 21 714 97 14 715 10 24 715 19 6 716 81 21 717 40 12 717 64 31 717 91 28 718 12 4 718 94 26 719 61 7 720 4 2 720 13 19 721 64 14 722 2 27 722 17 24 722 55 1 722 59 15 723 1 30 723 16 4 723 35 0 723 50 7 723 58 18 723 94 10 724 17 17 724 36 9 725 3 6 725 8 22 725 13 29 725 24 24 725 61 13 725 74 17 725 85 6 726 15 25 726 29 8 726 59 10 726 64 19 727 2 1 727 39 27 728 13 9 728 48 15 728 78 10 729 37 19 730 36 3 730 77 14 730 90 8 731 13 10 731 14 20 731 27 14 731 64 21 731 74 9 731 80 5 731 85 0 732 4 7 732 35 27 732 83 22 733 11 5 733 62 31 733 76 18 733 82 3 733 86 28 734 29 20 734 38 24 734 41 1 734 50 5 735 11 27 736 20 11 736 24 29 736 34 22 736 38 18 736 49 17 736 66 11 736 76 20 736 84 10 736 88 29 736 90 4 737 46 22 737 68 7 737 74 15 737 79 1 738 47 9 739 31 9 739 32 2 739 68 15 741 15 23 741 42 31 741 51 8 741 62 1 741 67 11 741 78 1 742 19 26 742 20 28 742 31 21 742 48 5 742 66 23 742 73 30 742 84 11 743 66 22 744 12 4 744 12 19 744 19 18 744 57 5 744 83 17 745 2 10 745 16 27 745 56 4 745 59 22 745 83 28 746 2 10 746 55 23 746 78 15 746 86 27 747 12 3 747 43 10 747 49 1 747 91 30 748 34 6 748 92 15 749 60 3 749 76 28 749 85 8 750 38 18 751 24 24 751 27 30 751 75 19 752 8 15 752 70 6 752 73 4 752 85 27 753 17 15 753 33 3 753 41 3 753 41 8 753 44 22 753 66 3 753 73 17 753 74 1 753 88 14 753 89 23 754 3 24 754 15 7 754 25 12 755 5 6 755 24 6 755 35 20 757 6 5 757 41 30 757 47 23 758 45 6 758 51 9 758 57 27 758 75 25 759 22 9 759 24 14 759 59 10 760 40 26 761 98 24 762 59 18 762 92 13 763 31 10 763 55 15 763 91 9 763 93 2 764 59 9 764 98 22 766 25 16 766 68 15 766 78 13 766 81 8 766 83 13 766 90 1 767 19 29 767 35 1 767 40 12 767 58 17 767 74 26 768 17 15 768 29 2 768 50 12 769 31 8 769 36 28 769 45 13 769 59 11 770 5 14 770 20 18 770 25 0 770 55 29 770 83 23 770 98 20 771 7 5 771 45 19 771 51 31 771 70 14 771 89 18 772 9 13 772 23 26 772 58 7 772 71 13 772 93 24 773 40 10 773 76 27 773 85 10 773 87 24 773 94 5 774 60 30 774 99 20 775 4 26 775 99 0 776 40 30 776 41 6 776 65 12 776 91 16 776 92 1 777 47 7 777 81 10 778 61 5 779 19 7 779 35 14 779 100 23 781 3 6 781 50 21 781 90 12 782 36 4 782 44 30 782 100 8 783 4 20 783 68 2 783 85 23 784 0 11 784 8 11 784 25 16 784 81 13 784 85 23 785 7 22 785 18 24 785 19 23 785 79 6 785 89 30 786 25 2 786 39 0 786 68 18 787 16 10 787 44 11 787 45 30 787 46 7 788 1 28 788 3 0 788 66 20 788 95 17 789 14 11 789 56 4 789 99 3 790 30 2 790 81 20 790 84 23 791 64 13 792 30 21 792 42 9 792 47 20 792 48 19 792 79 30 792 85 10 793 69 10 793 77 17 794 57 10 794 85 22 794 90 17 795 29 2 796 16 24 796 54 27 796 57 15 796 100 2 797 33 23 797 73 8 798 6 10 798 7 26 798 56 5 798 85 4 799 0 27 799 11 29 799 29 15 800 11 21 800 96 19 801 52 20 801 73 31 802 3 24 802 38 20 802 66 15 802 83 31 802 84 3 802 90 16 803 11 11 803 18 19 803 84 18 804 30 3 804 37 27 804 84 5 804 100 21 805 75 22 805 100 12 806 5 21 806 11 5 806 17 12 806 55 19 807 62 8 807 69 2 807 71 19 808 22 7 809 35 25 810 9 16 810 20 16 810 66 12 810 73 23 810 91 6 811 1 2 812 36 19 812 59 16 812 82 24 812 94 23 813 4 25 813 64 5 813 67 24 814 54 8 815 10 30 815 37 31 815 87 22 815 89 19 816 30 10 816 59 21 816 70 7 818 21 18 818 79 24 818 98 28 819 24 23 819 28 20 819 31 16 819 34 28 819 43 16 820 6 9 820 87 9 820 90 12 820 95 22 821 11 27 821 60 17 821 80 11 822 40 29 822 44 30 823 1 19 823 6 12 823 10 1 823 30 13 823 44 8 823 51 23 823 83 5 824 23 14 824 58 7 824 71 17 825 26 4 825 37 24 825 54 2 826 37 20 826 59 21 826 75 5 826 77 20 827 41 14 827 88 13 827 89 21 828 35 6 828 56 12 828 62 21 828 82 29 828 96 2 829 29 1 830 77 16 830 93 31 831 12 24 831 36 8 831 38 8 831 82 3 831 91 19 832 2 16 832 4 29 832 40 0 832 75 24 832 78 29 832 89 7 832 97 4 833 6 16 834 5 24 834 22 7 834 39 23 834 80 4 835 12 28 835 20 24 835 51 28 835 65 29 835 71 26 835 73 4 835 74 25 835 77 23 835 80 18 835 86 14 836 62 10 836 68 27 836 96 5 837 9 13 837 31 3 837 63 12 838 5 22 838 6 15 838 13 0 838 19 13 838 28 10 838 32 21 838 55 12 839 16 5 839 59 21 839 67 15 839 71 18 840 23 0 840 61 20 840 62 15 841 13 1 841 19 23 841 44 14 841 83 19 842 33 19 842 61 16 842 85 26 843 38 18 843 53 7 843 56 10 843 74 18 844 47 9 844 48 4 844 82 1 845 37 4 845 71 20 845 87 21 847 28 17 847 29 28 847 30 8 847 57 21 847 75 23 848 42 3 849 2 23 849 4 28 849 6 4 849 53 30 849 59 21 850 30 18 850 74 1 850 74 25 850 91 22 851 6 6 851 7 20 851 42 7 852 67 14 852 69 22 852 85 22 852 91 8 853 1 26 853 8 3 853 97 5 854 0 13 854 59 11 854 79 10 855 2 29 855 18 23 855 54 8 855 75 7 855 100 26 856 49 23 856 53 14 856 58 21 856 84 18 856 88 27 857 80 3 858 22 24 858 35 8 858 39 0 858 56 17 859 18 7 859 48 21 859 74 31 859 78 2 860 49 5 861 2 26 861 18 30 861 72 13 862 12 11 862 50 17 862 54 16 862 84 25 862 97 27 863 72 24 863 83 20 863 84 7 864 29 26 864 41 18 864 42 26 865 3 13 865 85 26 866 46 12 866 95 8 867 3 9 867 11 8 867 16 16 867 70 3 868 2 7 868 60 19 868 79 14 869 53 20 869 79 24 869 80 18 869 85 5 870 11 9 870 21 28 870 37 30 870 78 23 870 83 6 871 16 20 872 4 5 872 57 2 872 82 17 873 99 11 874 66 6 875 3 0 875 11 20 875 49 28 875 55 3 876 9 27 876 26 1 876 80 20 876 81 26 877 7 5 877 11 22 877 23 3 877 48 14 877 54 18 877 73 13 878 21 10 879 36 3 880 19 17 881 55 0 881 65 25 882 96 6 883 26 13 883 34 11 883 79 18 883 81 9 883 99 28 884 11 17 884 19 26 884 30 20 884 99 26 885 7 5 885 32 19 885 45 6 885 53 7 886 21 18 886 49 6 887 25 5 887 58 26 887 75 0 887 75 16 887 85 13 887 93 6 888 1 9 888 15 16 888 67 3 888 72 4 888 79 20 888 79 31 888 81 27 889 17 21 889 54 20 889 76 11 889 85 4 889 85 30 890 17 10 891 22 5 891 51 0 891 57 30 891 65 31 891 84 15 892 55 19 892 97 0 893 4 14 893 27 30 893 34 16 893 58 10 894 14 25 894 56 31 894 96 23 895 9 31 895 11 14 895 33 4 895 80 9 896 12 14 896 41 18 896 74 27 897 6 31 897 30 19 897 34 24 897 55 26 897 59 0 897 61 5 898 37 21 898 66 13 898 92 23 899 52 27 900 16 22 900 55 29 900 58 26 901 20 13 901 31 27 901 36 16 901 38 20 901 64 12 901 91 3 902 4 31 902 55 1 902 70 19 902 74 2 902 98 12 903 17 28 903 21 22 903 66 22 904 0 12 904 21 16 904 23 23 904 32 13 904 95 19 905 63 19 905 96 29 906 6 19 906 29 4 906 40 1 906 82 24 906 99 7 907 48 26 907 88 10 908 13 27 908 31 31 908 42 3 908 97 17 909 72 12 909 99 15 910 18 10 910 25 14 910 43 8 910 49 15 911 98 19 912 11 27 913 23 22 913 78 21 914 8 27 914 34 16 914 73 19 915 0 11 915 33 31 915 46 18 916 20 0 916 21 29 916 28 6 916 42 24 916 43 8 916 53 4 916 60 17 916 77 26 916 94 23 917 3 7 917 9 0 917 38 22 917 65 7 918 28 4 918 44 24 918 85 19 918 87 7 919 36 18 919 67 27 919 82 0 919 83 27 919 91 31 919 95 6 920 16 8 920 41 10 920 63 11 921 43 4 921 52 29 921 54 19 923 18 11 923 42 0 923 45 28 923 73 6 924 15 22 924 19 4 924 42 24 924 87 25 924 96 14 925 25 18 925 32 21 925 42 25 925 94 15 926 80 14 926 98 7 927 6 0 927 12 8 927 24 14 927 27 18 928 68 15 929 59 18 930 86 18 931 8 13 931 35 27 931 38 24 931 68 13 931 81 7 931 98 14 932 38 24 932 48 17 932 87 0 932 88 3 932 91 1 933 4 28 933 5 12 933 7 0 933 98 6 934 24 22 934 49 30 934 71 1 934 79 8 934 99 8 935 12 1 935 60 15 935 62 20 935 71 30 935 81 27 935 88 7 935 92 6 936 46 4 936 52 7 936 59 25 936 66 30 937 21 4 937 28 4 937 97 0 938 11 17 938 78 19 939 9 4 939 12 24 939 40 23 939 59 12 940 41 5 940 59 6 940 61 3 940 63 4 941 4 21 941 56 18 941 65 5 941 80 22 941 91 27 942 63 7 942 87 14 942 94 21 943 28 17 943 39 18 943 51 6 943 62 31 943 63 29 943 72 21 944 8 8 944 47 11 944 73 0 944 84 9 945 39 8 945 45 11 945 74 20 945 79 6 946 9 8 946 76 16 948 1 16 948 35 22 948 37 8 948 49 24 949 28 15 949 29 3 949 42 15 949 91 26 949 97 14 949 100 14 950 71 12 950 86 20 950 86 28 950 94 11 951 14 11 951 27 16 951 35 20 951 39 11 951 40 21 951 66 14 951 83 3 951 83 12 952 49 9 952 57 25 952 65 18 952 67 7 952 74 20 952 78 16 953 2 15 953 3 8 953 42 9 954 10 29 954 11 28 954 12 22 954 19 16 954 27 24 954 84 4 954 96 11 955 16 14 956 26 14 956 28 30 956 32 31 956 63 30 956 82 15 957 5 27 957 64 22 957 67 3 958 0 10 958 73 13 958 87 14 959 6 15 959 36 13 959 41 6 959 55 28 959 59 4 959 62 21 960 2 26 960 3 4 961 4 25 961 22 9 961 51 19 962 12 0 962 41 10 962 81 10 963 6 6 963 12 16 963 65 15 964 25 13 964 30 10 964 35 21 964 37 31 964 82 25 964 85 13 965 9 6 965 49 7 965 65 7 965 82 18 965 90 21 966 33 18 966 72 26 966 80 21 966 100 17 967 53 27 967 87 22 967 96 28 968 25 4 968 78 29 969 26 5 970 83 31 970 91 3 971 52 13 971 71 22 973 13 23 973 15 14 973 52 21 973 81 17 973 88 17 973 90 3 974 32 0 974 36 29 974 86 10 974 93 29 975 6 5 975 30 30 975 31 31 975 75 21 976 29 23 976 40 19 976 74 2 977 1 30 977 14 12 977 23 7 977 49 22 977 77 20 977 93 24 978 41 25 978 79 26 978 95 6 979 10 22 979 15 10 979 93 1 980 2 6 980 5 17 980 14 29 980 53 25 980 60 9 980 70 13 980 76 22 980 82 8 981 28 8 981 94 17 982 14 14 982 67 6 982 73 19 983 17 15 983 24 4 984 9 11 984 9 20 984 60 1 984 75 27 984 93 19 985 56 9 986 38 18 986 91 15 987 47 28 987 49 22 987 71 18 987 78 10 987 88 10 988 7 13 988 62 5 989 9 17 989 37 5 989 40 8 989 51 16 989 81 4 990 34 20 990 40 14 991 56 8 991 91 6 991 96 25 992 56 10 992 78 13 993 6 16 993 22 23 993 45 26 993 72 3 993 74 4 993 92 3 993 92 29 993 95 0 994 14 6 994 53 21 994 71 21 994 78 9 994 100 2 995 2 2 995 93 26 996 39 10 996 53 7 996 58 30 996 88 10 997 37 14 998 29 29 998 40 27 998 51 22 998 53 1 998 74 31 998 81 10 999 27 26 1000 2 31 1001 3 12 1001 29 0 1001 55 27 1001 56 14 1001 57 16 1001 90 29 1002 43 22 1002 47 2 1002 74 18 1002 77 24 1003 26 3 1003 62 23 1004 0 30 1004 12 27 1004 58 22 1004 84 10 1004 88 19 1005 27 14 1005 52 1 1005 76 15 1006 46 22 1006 95 28 1007 43 0 1007 80 24 1007 82 1 1007 90 15 1007 100 6 1008 0 8 1008 3 27 1008 84 5 1009 49 10 1009 62 0 1009 65 20 1009 84 1 1010 8 7 1010 21 17 1010 51 4 1010 57 18 1010 74 25 1011 52 4 1012 57 12 1012 74 28 1013 26 14 1013 52 22 1013 65 9 1013 70 6 1014 22 1 1015 6 16 1015 56 20 1015 63 22 1015 86 30 1015 92 27 1016 14 20 1016 42 6 1016 42 10 1016 53 18 1016 68 13 1016 86 8 1017 69 13 1018 68 5 1019 13 8 1019 38 27 1019 76 19 1019 93 23 1020 31 10 1020 80 5 1020 94 8 1021 33 23 1021 43 1 1022 2 1 1023 17 1 1023 20 13 1023 52 28 1023 58 9 1023 59 26 1023 77 3 1024 3 12 1024 53 17 1025 15 21 1026 41 20 1026 53 19 1026 66 18 1026 89 0 1027 12 12 1027 51 24 1027 71 20 1027 80 6 1027 90 23 1027 96 7 1028 7 1 1028 19 22 1028 79 7 1028 96 14 1029 9 20 1029 23 14 1029 43 17 1029 57 2 1030 43 14 1030 91 14 1030 96 12 1031 31 31 1032 17 3 1032 27 24 1033 7 1 1033 53 18 1033 94 7 1034 49 24 1034 64 12 1034 72 1 1034 77 1 1035 81 22 1036 18 14 1036 69 20 1036 81 0 1037 16 31 1037 66 26 1037 73 27 1039 0 22 1039 24 30 1039 41 17 1039 94 18 1040 51 26 1041 27 1 1041 39 25 1041 48 10 1041 79 13 1042 8 3 1042 20 9 1042 85 16 1042 85 25 1042 97 1 1042 99 30 1043 32 17 1043 39 8 1044 61 25 1044 83 17 1044 87 3 1045 51 12 1045 75 0 1046 20 0 1046 32 2 1046 33 29 1046 65 10 1046 100 24 1047 33 5 1047 75 11 1047 88 10 1047 95 30 1048 14 1 1048 21 30 1048 24 29 1049 4 18 1049 20 20 1049 32 17 1049 52 22 1049 83 27 1050 9 15 1050 60 22 1051 5 6 1051 13 11 1051 82 18 1052 6 14 1052 42 26 1052 60 10 1052 85 1 1053 8 14 1053 49 21 1053 87 1 1054 20 9 1055 13 29 1055 29 11 1055 42 31 1055 44 2 1056 26 31 1057 24 10 1057 92 17 1058 44 28 1059 47 18 1059 60 9 1059 90 11 1059 92 7 1060 74 28 1061 1 16 1061 80 28 1062 2 8 1062 21 0 1062 33 8 1062 43 22 1062 85 6 1062 92 3 1062 96 16 1063 22 12 1063 22 22 1063 42 6 1063 92 26 1064 46 19 1064 51 25 1065 2 5 1066 1 16 1066 30 18 1066 53 30 1066 73 31 1067 16 19 1067 40 12 1067 46 16 1067 100 16 1068 15 1 1068 71 24 1069 0 4 1069 9 27 1069 27 17 1069 86 27 1069 91 5 1070 14 28 1070 92 19 1071 37 9 1073 17 23 1073 19 28 1073 24 27 1073 48 8 1073 58 19 1073 60 0 1073 97 20 1073 99 7 1074 78 30 1075 53 8 1076 33 23 1076 45 24 1076 46 27 1076 60 22 1076 67 9 1076 72 9 1076 79 3 1077 22 17 1077 25 27 1077 74 14 1077 83 19 1078 11 23 1078 31 26 1078 47 28 1078 55 11 1078 60 27 1079 11 21 1079 19 18 1079 45 1 1080 3 17 1080 11 10 1080 15 14 1080 80 27 1080 99 17 1081 12 31 1081 27 12 1081 76 23 1081 94 19 1082 10 16 1082 93 23 1083 67 15 1084 32 1 1084 42 1 1084 78 7 1085 21 7 1085 67 29 1085 82 23 1085 86 15 1085 87 1 1086 8 4 1086 82 20 1086 86 12 1088 13 4 1088 19 11 1088 87 14 1089 71 31 1089 94 29 1090 49 19 1090 72 9 1090 77 29 1090 96 27 1091 20 21 1091 35 19 1091 36 1 1091 79 1 1091 94 21 1092 50 25 1092 58 12 1092 71 24 1092 84 22 1093 91 5 1095 7 24 1095 15 25 1095 56 20 1095 66 24 1096 94 2 1096 100 22 1097 56 23 1097 83 23 1098 57 2 1099 7 23 1099 32 17 1099 41 5 1100 3 21 1100 27 24 1100 27 28 1100 52 25 1102 24 13 1102 34 9 1102 51 3 1102 58 19 1103 35 6 1104 22 29 1104 52 8 1105 3 9 1105 33 21 1105 56 3 1105 96 19 1106 18 0 1106 50 2 1106 99 24 1107 17 9 1107 63 29 1107 97 18 1108 37 29 1108 41 18 1108 75 17 1108 93 28 1109 5 25 1109 28 17 1109 39 3 1109 41 26 1109 90 29 1109 99 4 1110 20 8 1110 23 0 1110 23 9 1110 76 26 1111 18 20 1111 34 0 1111 45 0 1111 47 10 1112 30 12 1112 61 26 1112 77 21 1113 29 30 1113 51 29 1113 88 21 1114 59 26 1114 69 29 1114 90 0 1115 85 30 1116 17 7 1116 22 30 1117 39 11 1118 47 24 1119 5 23 1119 22 22 1119 27 23 1119 50 2 1119 70 4 1119 90 1 1120 19 13 1120 36 21 1120 37 6 1120 73 13 1120 88 16 1120 92 24 1121 48 13 1121 56 4 1121 90 1 1122 19 29 1123 22 5 1123 30 31 1123 32 11 1123 37 16 1123 72 29 1123 92 27 1124 18 1 1124 19 5 1125 14 11 1125 18 4 1125 40 25 1125 72 25 1126 6 3 1126 19 29 1126 68 7 1126 83 30 1127 6 13 1127 92 31 1128 2 11 1128 24 6 1128 32 22 1128 39 2 1128 94 20 1129 93 30 1129 99 15 1130 45 27 1130 46 17 1130 68 5 1131 29 4 1131 96 13 1132 10 23 1132 11 30 1132 23 31 1132 85 23 1133 34 30 1133 61 24 1133 65 16 1133 65 30 1133 87 1 1133 94 25 1133 95 28 1133 97 28 1134 30 17 1134 48 23 1134 80 15 1134 88 2 1135 27 6 1137 95 9 1138 27 21 1138 40 1 1138 69 23 1138 95 6 1139 38 23 1139 49 7 1140 73 12 1140 82 28 1141 6 15 1141 30 0 1141 41 30 1141 56 21 1142 41 15 1142 57 21 1142 61 8 1142 82 30 1142 96 28 1143 52 19 1143 52 24 1143 67 19 1144 4 6 1144 10 26 1144 54 7 1144 56 19 1144 59 7 1144 64 10 1144 72 7 1144 78 31 1144 85 22 1145 30 12 1145 47 21 1145 81 28 1145 94 7 1146 35 29 1146 65 15 1147 35 31 1147 80 23 1148 21 8 1148 52 14 1149 13 11 1149 41 22 1150 15 23 1150 52 11 1150 68 15 1150 73 8 1151 32 9 1151 71 31 1152 41 27 1152 56 20 1152 66 12 1153 14 9 1153 46 6 1153 69 27 1153 90 21 1155 19 28 1155 28 1 1155 53 21 1155 69 11 1155 94 18 1156 15 4 1156 41 5 1156 91 2 1158 6 31 1159 5 31 1159 12 23 1159 25 14 1159 33 18 1160 15 5 1160 45 19 1160 46 11 1160 47 14 1160 92 27 1161 31 11 1162 74 3 1162 99 12 1163 18 6 1163 85 11 1163 93 25 1164 2 14 1164 43 13 1164 50 25 1164 85 7 1164 100 26 1165 15 1 1165 61 23 1165 93 28 1165 94 13 1166 26 23 1166 28 12 1167 19 18 1168 22 3 1169 15 15 1169 15 30 1169 28 14 1169 60 14 1170 0 8 1170 10 27 1170 23 8 1170 71 23 1170 78 8 1171 6 14 1171 25 20 1171 28 17 1171 59 21 1171 79 3 1172 42 5 1172 89 30 1172 95 25 1172 99 17 1173 35 19 1173 61 30 1173 79 21 1173 88 19 1173 90 13 1173 94 9 1174 39 9 1174 51 4 1174 78 30 1175 50 8 1175 53 22 1175 63 3 1175 71 0
256 3563 0.001 72 31 0 72 43 16 72 69 19 73 33 2 74 1 11 74 19 27 74 69 10 74 80 24 74 84 5 76 7 24 76 40 14 76 47 1 76 81 11 76 85 22 77 6 23 77 79 21 78 24 20 79 16 20 79 19 17 80 28 28 80 97 10 81 3 23 81 6 14 81 18 18 81 44 24 82 13 12 82 66 31 83 7 12 83 28 3 83 64 26 83 67 24 84 79 2 85 2 15 85 12 15 85 12 30 85 56 16 85 93 7 85 96 20 86 41 30 87 4 18 87 29 6 87 35 22 87 51 21 88 15 9 88 65 11 88 75 8 88 81 14 88 98 3 89 29 8 89 62 25 89 94 29 90 16 17 90 42 30 91 27 20 91 35 7 91 66 15 91 85 12 92 2 30 92 3 30 92 39 26 92 57 0 92 65 3 93 44 20 94 64 30 95 7 11 95 32 30 95 34 21 95 77 3 95 80 12 96 8 29 96 39 11 96 47 18 96 49 28 96 78 8 96 85 7 97 0 21 97 30 16 97 42 25 97 48 16 97 51 28 97 58 30 97 82 16 98 19 22 98 36 27 98 42 14 98 48 3 98 50 23 98 55 21 99 28 22 99 100 8 100 16 18 101 26 27 101 60 24 102 41 7 102 43 1 102 79 15 103 71 26 103 79 30 103 80 5 103 87 19 104 67 6 104 68 3 104 85 29 104 100 26 105 11 23 105 32 20 105 59 26 105 74 11 105 75 7 106 13 5 107 24 3 107 52 19 108 11 16 108 35 3 108 62 9 109 11 16 109 41 12 109 47 7 109 47 14 109 61 2 110 1 27 110 23 21 110 64 28 110 68 19 110 95 8 110 97 19 111 16 17 111 16 21 111 42 17 111 57 16 112 42 1 112 69 8 113 0 27 113 5 7 113 13 9 113 34 18 115 27 31 115 36 5 115 58 20 115 61 27 115 81 6 116 15 15 116 34 0 116 59 11 116 65 6 116 81 14 116 85 27 116 100 11 117 23 14 117 48 20 117 57 24 117 64 14 117 72 27 118 16 28 118 89 18 118 92 12 118 100 14 119 39 25 119 100 12 120 55 8 120 59 13 120 94 18 120 96 29 121 45 10 121 71 29 121 100 16 122 8 10 122 25 19 122 32 12 122 72 29 122 81 2 123 17 21 123 43 9 123 68 20 124 9 24 124 74 1 125 6 0 125 32 10 125 64 28 125 73 20 125 81 17 126 64 30 126 90 21 127 0 13 127 55 26 128 10 13 128 12 9 128 40 4 128 91 22 129 17 30 129 24 9 129 24 19 129 48 25 129 94 16 130 20 16 130 93 3 131 58 21 131 64 24 131 66 8 131 89 0 132 24 30 132 27 3 132 50 26 132 74 6 133 95 26 134 53 7 134 67 19 134 76 26 134 99 22 136 55 14 138 7 19 138 70 18 139 6 10 139 36 28 139 43 7 139 43 31 139 82 26 140 96 5 141 0 6 141 72 9 142 54 29 142 61 30 142 68 18 142 99 29 143 40 8 143 66 0 144 3 26 144 16 13 144 29 11 145 28 0 145 61 27 145 71 17 146 0 28 146 50 5 146 70 5 147 52 27 148 62 28 148 95 1 149 0 1 149 36 29 149 95 26 150 53 12 151 13 8 152 36 26 152 92 22 153 21 25 153 39 11 153 44 12 153 48 11 153 88 26 154 26 3 154 32 27 154 87 6 155 4 21 155 41 17 155 49 30 155 75 17 156 8 7 156 10 24 156 15 12 156 81 6 158 5 31 158 78 9 159 31 7 159 38 24 159 64 14 159 66 6 159 100 11 160 17 2 160 48 15 160 91 16 161 20 9 161 55 19 161 67 4 161 70 29 161 83 4 162 4 13 162 10 16 162 79 21 163 5 4 163 33 1 163 72 8 163 81 21 164 20 9 164 40 21 164 44 30 164 76 5 164 82 15 165 45 2 165 69 25 166 90 0 166 100 21 167 28 0 167 34 7 168 29 16 169 7 12 169 64 15 169 89 30 170 86 2 171 12 2 171 40 21 171 83 13 172 7 17 172 7 25 172 73 10 172 86 24 173 18 28 173 38 26 173 62 10 173 71 26 173 82 9 174 36 20 174 49 1 174 51 30 174 54 28 174 78 16 175 29 3 176 11 4 176 12 26 176 15 13 176 17 23 176 67 11 176 89 29 176 92 27 176 99 29 177 55 31 177 57 18 177 88 23 178 42 14 178 79 0 179 0 28 179 10 31 179 27 22 179 37 20 179 39 24 179 83 23 180 9 1 181 24 2 181 30 15 182 42 15 182 43 17 183 24 27 183 34 3 183 43 2 183 53 30 183 75 5 184 10 14 184 32 19 184 46 5 184 71 16 184 99 23 185 2 9 185 10 10 185 31 5 185 77 30 186 9 2 186 15 18 186 77 26 186 96 14 187 31 26 187 53 9 187 63 3 187 88 1 187 97 31 188 2 31 188 77 27 188 77 28 189 12 28 189 43 11 189 49 23 189 51 17 189 60 25 189 99 29 190 5 9 190 76 7 191 58 26 192 0 2 192 77 29 193 28 31 193 42 7 194 88 18 195 71 31 195 76 10 196 16 24 196 34 6 197 0 2 197 44 28 197 73 17 197 74 1 198 51 30 198 58 1 198 88 9 199 27 9 199 63 21 199 68 21 199 92 9 200 33 8 200 54 24 200 68 13 200 79 21 200 88 23 201 43 16 202 5 26 202 51 29 202 54 13 202 98 31 203 74 21 204 1 8 204 15 30 204 17 24 204 20 17 205 18 16 205 19 21 207 21 16 207 44 25 207 54 2 207 58 26 207 67 4 208 5 31 208 11 9 208 62 14 208 63 11 208 65 27 208 95 11 209 3 25 209 36 25 209 79 17 210 0 24 210 85 31 210 88 21 210 100 25 211 72 5 212 30 5 212 72 30 213 28 11 213 66 18 214 68 3 214 74 20 215 55 3 216 4 21 216 47 17 216 75 22 217 0 10 217 0 15 217 4 1 217 4 20 217 30 8 217 37 27 217 41 16 217 42 1 217 43 14 217 100 26 218 8 30 218 17 9 218 23 13 218 30 7 218 50 16 218 50 25 219 18 4 219 19 7 219 78 5 219 81 31 219 94 16 220 21 31 221 27 19 221 62 30 221 86 12 221 89 31 222 27 28 222 28 0 222 80 9 223 18 3 224 2 24 224 25 16 224 57 24 224 58 5 224 91 1 225 8 0 225 10 17 225 43 19 225 47 1 225 90 6 225 97 23 226 7 0 226 90 27 227 94 30 228 18 0 228 42 17 228 54 30 229 22 10 229 49 15 229 65 23 229 67 27 229 74 15 230 4 15 230 7 26 230 58 5 230 76 16 231 81 9 232 16 20 232 65 23 233 36 15 233 68 14 233 84 8 233 89 22 235 6 21 235 11 21 236 7 1 236 36 25 236 37 14 236 71 23 236 92 20 237 78 6 237 80 27 237 88 10 237 97 17 238 21 1 238 53 20 238 76 28 238 83 18 239 17 28 239 33 16 239 64 31 239 69 14 240 7 14 240 69 23 241 57 15 242 11 30 243 16 26 243 86 22 243 89 28 244 15 1 244 49 14 244 84 15 244 90 4 245 1 16 245 9 9 245 48 12 245 76 26 246 43 1 246 54 24 246 90 13 249 44 22 250 20 14 250 41 9 250 59 21 251 17 15 251 71 3 251 80 16 252 17 3 252 41 20 252 44 25 252 53 12 252 69 25 252 86 26 253 72 29 253 76 14 254 29 30 254 51 28 254 64 30 255 6 11 255 7 18 255 17 20 255 25 5 255 57 14 256 44 24 256 99 6 257 51 5 258 46 25 259 45 16 259 46 6 261 19 27 261 34 1 261 59 0 261 78 7 262 11 16 262 22 16 262 65 16 262 79 26 262 81 20 263 66 2 264 2 7 264 67 11 264 76 27 264 85 18 264 96 20 265 26 4 265 35 5 266 7 12 266 26 23 266 47 30 267 55 26 268 7 24 268 9 6 268 16 10 268 91 3 269 3 27 269 3 29 269 53 13 269 55 8 270 15 26 270 42 24 271 8 31 271 29 29 272 24 10 272 80 25 273 79 6 274 12 28 274 47 25 274 54 2 274 67 11 274 99 3 275 70 15 275 93 15 275 98 5 276 6 21 276 30 27 276 41 15 276 93 4 277 15 6 277 28 20 277 99 5 278 46 27 278 63 19 278 63 24 279 70 19 279 75 21 280 3 24 280 18 8 280 90 30 280 92 15 281 15 7 281 60 30 281 79 14 281 81 9 281 92 28 281 93 4 281 94 24 282 7 4 282 41 2 282 71 23 282 91 27 282 94 23 283 61 23 283 67 3 283 82 23 283 83 23 284 4 23 284 75 29 285 7 22 285 38 20 285 41 23 285 60 10 285 95 11 286 24 31 286 68 28 286 88 25 286 89 16 287 18 29 287 20 21 287 29 24 287 30 7 287 66 10 288 12 2 288 25 1 288 34 0 288 37 28 288 40 13 288 58 4 289 3 8 289 27 23 289 32 0 289 73 1 289 96 8 290 19 18 290 35 27 290 50 17 290 79 1 291 3 30 291 7 28 291 16 11 291 46 27 291 99 4 291 100 13 292 0 21 292 9 13 292 15 19 292 17 18 292 18 26 292 62 2 292 68 29 292 74 15 292 89 14 293 2 14 293 98 3 294 64 29 295 6 4 295 7 6 295 31 28 295 66 11 295 69 3 296 26 25 296 40 13 296 58 26 297 0 30 297 38 6 297 47 1 297 95 20 298 46 23 298 49 29 298 66 3 298 86 17 298 98 15 299 12 26 299 61 12 300 53 3 300 53 20 300 71 11 301 73 4 302 27 5 302 54 28 302 63 6 302 88 1 303 8 24 303 10 14 303 19 9 303 30 23 303 57 28 304 36 6 304 70 22 305 7 18 305 49 6 305 57 20 306 11 18 306 45 4 306 53 14 306 69 23 307 31 10 308 11 30 308 42 27 308 44 17 308 50 14 308 51 0 308 54 10 308 61 17 308 62 7 308 64 30 309 7 8 309 20 26 309 30 20 310 0 15 310 74 25 310 86 23 310 97 6 311 0 17 311 12 31 311 39 26 311 42 2 311 47 10 312 4 25 313 36 7 313 92 16 314 92 31 314 100 16 315 29 31 315 48 19 316 33 4 316 34 13 316 53 16 316 58 20 316 75 26 316 78 21 316 83 8 316 93 19 317 8 14 317 36 27 317 75 6 319 36 20 319 58 24 319 84 19 319 97 14 319 99 16 320 55 29 320 74 17 320 94 25 321 33 4 321 55 20 321 64 9 321 70 15 321 71 16 321 71 22 322 25 22 322 55 26 322 65 29 322 93 6 323 17 14 323 88 17 323 91 19 324 18 28 324 34 1 324 47 19 325 15 26 325 85 12 325 99 20 326 7 4 326 68 2 327 2 8 327 16 31 327 78 24 328 71 16 329 12 14 329 57 19 329 70 26 330 6 27 330 44 30 330 70 12 330 90 6 330 92 26 330 95 29 331 10 15 331 27 28 332 63 2 332 92 22 333 4 28 333 9 4 333 55 27 334 48 5 334 48 20 334 74 19 335 1 23 335 21 27 335 27 20 335 28 8 335 49 29 335 69 1 335 82 29 335 86 28 335 95 18 336 67 26 337 0 18 337 43 2 337 77 22 337 98 6 338 40 2 340 29 21 340 98 3 342 3 12 342 5 7 342 5 24 343 7 31 344 16 5 344 17 29 344 60 17 344 88 19 345 51 2 345 85 23 345 94 9 346 25 10 346 40 10 346 89 17 346 99 22 347 86 15 347 90 15 347 100 16 348 15 31 348 34 14 349 4 4 349 14 31 349 31 13 349 51 31 349 89 18 350 1 14 350 26 4 350 43 21 350 76 25 350 100 6 351 9 7 351 12 16 351 41 23 351 70 19 351 79 9 351 97 13 351 100 3 352 37 9 352 94 4 353 33 12 354 7 0 354 47 22 354 66 4 354 75 28 354 80 15 355 12 8 355 36 7 356 0 18 356 20 14 356 23 14 356 25 28 356 52 31 356 66 29 356 69 18 356 97 12 357 36 20 357 52 18 357 56 13 358 6 21 360 69 2 361 25 6 361 60 20 361 84 9 361 96 14 362 93 18 363 41 31 363 79 21 364 41 19 364 43 13 364 55 9 364 75 13 364 76 23 364 88 8 365 41 21 365 68 25 365 75 10 365 86 4 366 8 15 367 23 6 367 63 12 368 35 0 369 4 28 369 40 13 369 42 8 369 50 7 369 70 0 370 5 25 370 24 14 370 40 5 370 47 29 370 57 9 371 6 25 371 23 9 371 25 10 372 37 29 373 31 10 373 83 4 374 51 9 374 92 5 375 2 26 375 65 5 376 13 25 377 79 26 378 14 26 378 50 3 378 97 7 379 3 11 379 57 5 379 62 27 380 1 23 380 36 17 380 52 19 380 82 22 380 96 7 381 44 29 381 95 7 382 33 24 382 72 9 382 98 7 383 5 13 383 54 7 384 56 28 385 2 27 385 12 4 385 55 0 386 34 29 386 70 30 386 95 1 387 36 7 387 44 23 387 50 2 388 50 22 388 75 4 389 49 27 389 71 23 390 4 4 390 54 24 391 34 7 391 60 7 391 81 23 391 84 27 392 16 31 392 98 20 393 38 18 393 52 11 393 55 6 393 67 20 394 14 1 394 67 13 394 85 8 395 31 0 395 47 10 395 54 6 395 90 2 395 92 11 396 5 18 396 51 12 396 63 23 397 1 7 397 2 17 397 54 27 397 57 6 398 18 31 398 34 23 398 50 8 398 77 13 399 50 16 399 64 18 399 82 7 400 52 13 400 53 31 401 40 1 401 45 6 401 48 8 401 52 17 401 83 21 403 41 6 404 37 23 404 39 21 404 75 19 405 47 1 405 60 24 405 64 5 405 65 0 406 19 5 406 26 31 407 16 20 407 57 20 407 65 29 408 0 8 408 16 30 408 19 12 408 32 9 408 40 12 408 50 23 408 55 26 408 61 27 408 94 20 409 33 23 410 69 20 410 79 21 410 80 21 411 12 15 411 58 26 411 69 11 412 3 21 412 22 8 412 25 29 412 81 21 412 82 10 413 1 24 413 13 28 413 99 22 414 3 5 414 44 30 414 70 6 415 79 4 415 96 23 416 17 7 416 62 11 417 25 25 418 34 5 418 52 3 419 8 7 419 47 17 420 18 10 420 40 11 420 41 0 420 53 18 420 56 25 420 85 13 421 99 16 422 1 7 422 16 28 422 89 14 422 90 2 423 10 28 423 27 7 423 36 15 423 43 7 423 47 0 424 9 12 424 50 8 424 84 19 425 45 29 425 86 19 426 26 15 426 44 30 426 56 17 426 71 9 427 57 13 427 99 16 428 65 28 429 36 18 429 46 30 429 98 24 430 48 2 430 54 22 430 59 6 431 17 24 431 100 3 431 100 12 432 31 8 432 32 3 432 32 22 432 48 27 433 8 18 433 33 6 433 66 4 433 66 24 433 98 11 434 45 31 434 87 4 434 88 31 434 96 17 435 10 1 435 27 2 435 63 22 435 81 10 436 21 14 436 71 20 436 83 15 436 91 7 437 4 24 437 42 5 438 14 4 438 20 0 438 40 21 438 65 19 438 79 24 438 86 13 438 100 17 440 48 27 440 79 27 441 61 17 441 76 28 441 92 0 442 4 22 442 51 19 443 97 20 444 69 17 444 73 12 445 68 6 446 29 2 446 78 23 446 79 14 447 21 18 447 52 5 447 58 12 447 78 11 447 84 1 448 7 4 448 24 13 448 100 6 450 22 12 450 46 0 450 67 4 450 74 21 450 82 13 450 88 19 450 89 15 451 29 21 451 40 0 451 49 11 452 14 14 452 44 3 452 88 22 453 3 1 453 55 1 453 73 23 453 75 26 454 17 3 454 17 18 454 28 17 454 34 1 454 48 27 454 51 3 454 62 18 455 6 11 456 18 2 456 25 20 456 59 2 456 78 24 457 6 25 457 11 20 457 29 6 457 35 1 457 53 14 458 44 0 458 65 26 458 98 28 460 15 24 460 43 19 460 75 0 460 95 11 460 96 4 461 52 9 461 69 11 461 89 13 462 13 13 462 15 4 462 18 5 462 78 30 462 97 24 463 27 18 463 29 5 463 37 7 463 42 19 463 96 11 464 46 2 464 61 29 464 68 0 464 79 31 465 34 29 465 61 8 465 90 28 465 95 5 466 13 12 466 66 17 466 85 14 466 94 24 467 73 18 468 0 23 468 8 8 468 10 10 468 18 11 468 29 15 468 52 3 469 36 30 469 49 3 469 51 29 469 55 2 469 57 6 469 71 8 469 91 28 470 8 23 470 26 21 470 69 2 471 69 21 472 24 21 472 29 25 472 36 10 473 22 23 473 23 29 473 24 3 473 29 11 473 80 8 474 45 25 474 59 22 474 80 23 475 41 22 475 51 22 475 65 8 475 84 3 475 94 1 476 7 27 476 85 16 477 3 21 477 7 20 477 58 22 477 63 28 477 81 14 477 96 13 478 1 5 478 46 14 478 67 8 478 73 11 479 33 30 479 45 24 480 9 27 480 55 15 480 64 9 480 64 24 480 70 16 481 6 4 481 38 21 481 60 16 481 62 16 482 78 3 482 98 23 483 9 1 483 28 27 483 34 4 483 81 12 484 10 5 484 37 16 484 43 28 484 49 26 485 31 28 485 82 30 486 3 12 486 4 6 486 52 19 486 58 3 486 67 0 487 76 21 488 15 18 488 23 24 488 26 7 488 30 22 489 2 1 489 41 28 490 2 22 490 11 21 490 23 29 491 4 2 491 82 5 491 87 14 491 90 29 492 38 13 493 7 19 493 36 11 493 84 18 493 86 23 494 13 1 494 15 22 494 24 21 494 49 4 494 51 29 494 71 8 494 74 14 495 43 4 495 78 2 496 14 30 496 27 18 496 45 25 497 18 6 497 74 19 497 81 30 497 87 28 498 34 12 499 63 0 499 70 7 500 8 0 500 10 24 500 21 27 500 26 2 500 36 11 501 50 20 501 53 29 502 41 17 502 52 7 502 52 16 502 55 6 502 76 16 502 91 20 502 92 3 503 69 22 503 76 2 503 88 20 504 7 23 504 22 21 504 35 19 504 42 7 504 56 7 504 93 16 505 16 4 505 18 16 505 65 25 505 85 8 506 2 10 507 56 5 507 66 9 507 75 10 507 77 31 508 59 18 508 86 30 508 87 9 509 5 13 509 33 12 509 78 21 510 32 13 510 50 13 510 52 4 510 71 26 510 81 27 511 81 30 511 86 11 512 63 15 512 86 21 513 11 13 513 18 11 513 25 9 513 44 22 513 72 13 513 88 28 514 12 20 514 42 12 514 95 17 514 96 24 515 33 15 515 79 14 515 83 11 516 28 19 516 31 22 516 57 3 517 49 8 517 80 4 517 80 21 518 35 31 519 46 23 519 77 5 520 1 10 520 30 13 521 16 15 521 36 23 521 82 18 522 20 30 523 92 0 524 13 28 524 82 15 525 60 21 525 81 2 525 85 23 526 11 28 526 41 16 526 96 3 527 35 27 527 36 6 528 91 17 529 17 16 529 68 6 529 80 13 529 86 1 529 87 2 530 57 20 531 25 26 531 48 8 531 83 1 532 17 22 532 49 17 532 93 27 533 10 22 533 96 4 534 1 13 534 26 30 534 73 15 534 74 21 535 34 26 535 80 31 535 92 9 536 6 10 536 13 22 536 31 4 537 4 25 537 81 5 537 89 8 538 15 17 538 57 28 539 11 26 539 58 7 540 6 1 540 13 19 540 17 19 540 48 10 540 72 26 541 6 0 541 22 21 541 36 23 541 55 30 541 70 22 541 86 6 542 7 6 542 16 15 542 95 15 543 8 2 543 20 11 543 42 12 544 25 5 544 35 18 544 81 31 545 16 5 545 54 0 545 70 21 545 70 22 545 73 20 546 35 1 546 85 21 546 99 25 547 13 28 548 26 27 548 29 17 548 79 0 549 11 17 549 44 13 549 61 27 549 87 31 550 62 30 550 65 21 551 23 11 551 60 13 551 84 15 552 45 10 553 4 2 553 22 6 553 34 28 553 59 18 553 86 17 553 98 23 555 44 8 556 23 8 556 25 24 556 50 3 556 66 25 556 71 14 557 27 9 557 38 23 557 40 4 557 71 0 557 76 9 557 99 21 557 100 9 558 2 16 558 3 5 558 9 18 558 24 12 558 52 29 558 62 3 559 79 25 559 80 27 559 93 8 559 97 8 560 35 27 560 48 10 560 53 13 561 27 5 561 34 8 561 43 1 561 56 8 561 65 29 562 15 11 562 35 0 562 79 27 562 90 18 562 93 14 563 35 25 563 95 11 564 0 30 564 11 4 564 20 1 564 52 6 564 66 28 565 4 8 565 6 17 565 39 5 565 46 20 565 93 22 567 17 3 568 11 28 568 61 11 568 63 21 569 16 14 569 25 26 569 95 27 570 53 25 570 74 27 571 0 31 571 53 18 571 55 25 571 74 6 572 1 14 572 7 3 572 33 24 572 40 1 573 13 13 573 32 0 573 38 4 573 80 19 574 21 24 575 87 0 575 95 5 575 95 9 576 39 24 576 48 23 576 50 9 576 53 18 576 56 24 576 73 10 576 81 9 577 10 2 577 58 19 577 85 15 578 1 29 578 14 5 578 18 31 578 20 2 578 25 31 578 51 17 579 2 1 579 17 15 579 30 14 579 68 8 580 42 10 580 69 13 580 93 19 581 39 29 582 26 9 582 30 2 582 34 3 582 41 7 582 85 1 582 92 9 583 70 20 584 75 28 585 36 10 586 2 16 586 30 23 586 74 1 586 99 7 587 38 28 587 40 8 587 42 7 587 42 11 587 58 22 587 86 6 588 6 11 588 23 7 588 95 14 588 98 27 589 59 6 589 74 15 589 82 9 590 100 15 591 1 24 591 71 1 592 21 6 592 24 24 592 33 8 592 66 5 592 83 5 592 90 12 593 40 19 593 91 5 594 7 2 594 7 24 594 20 13 594 32 13 594 98 24 595 36 2 595 63 12 595 67 28 596 53 20 596 69 13 596 74 9 596 76 27 596 83 30 597 18 6 597 94 23 599 42 30 599 43 14 599 60 11 599 87 15 599 95 31 600 4 19 600 38 25 600 40 12 600 51 27 600 64 5 600 72 5 601 21 27 601 34 2 601 39 25 601 51 21 601 65 4 601 85 11 602 16 14 602 57 24 602 74 9 602 82 31 603 30 17 603 36 27 603 77 3 604 8 24 604 25 28 604 78 22 605 44 23 606 17 9 606 88 24 607 29 15 607 36 14 607 60 6 607 84 13 607 86 11 608 3 2 608 34 3 608 65 29 608 96 17 609 21 15 609 35 16 609 42 6 609 44 16 610 13 21 610 46 28 610 83 29 611 73 12 612 25 4 612 71 28 612 75 0 613 7 2 613 14 22 613 48 31 613 52 31 613 74 4 613 74 16 613 93 28 615 14 31 615 20 25 615 45 25 615 54 10 615 74 24 615 83 29 616 6 9 616 15 9 616 63 14 617 8 25 617 15 28 617 54 11 617 62 27 617 67 23 617 97 28 618 9 18 618 76 7 618 78 4 618 83 17 618 96 16 618 97 6 619 7 11 619 9 2 619 24 7 619 33 2 619 57 21 620 34 9 620 67 30 620 84 15 621 48 9 621 54 2 621 59 5 621 77 11 621 84 17 622 36 16 622 93 20 623 4 12 623 11 20 623 95 8 624 5 11 624 43 19 625 37 20 625 46 12 625 47 22 625 61 1 627 61 2 627 97 0 628 28 16 629 27 27 630 35 22 630 56 3 631 78 27 632 11 17 632 26 28 632 27 26 632 52 31 632 84 11 632 92 20 633 23 2 633 72 21 633 95 17 634 24 0 634 40 0 634 40 25 634 52 5 634 60 17 634 66 4 634 96 21 635 42 8 635 43 4 635 80 9 636 40 19 636 46 2 636 64 7 636 80 4 636 94 7 637 43 24 637 84 19 638 22 15 638 37 5 638 69 10 638 95 28 639 34 26 639 36 29 640 11 26 640 16 23 640 78 31 641 46 2 641 75 17 641 81 12 642 15 6 642 24 8 642 33 13 642 44 10 642 63 29 643 57 9 643 84 1 643 89 7 644 42 30 644 52 20 645 20 13 645 87 21 646 25 27 646 35 0 646 92 13 647 12 14 647 81 13 647 94 24 648 34 18 648 48 1 648 74 15 649 20 23 649 24 22 649 50 18 650 3 6 650 51 18 650 63 15 650 78 24 650 93 12 650 95 31 651 29 25 651 30 18 651 37 6 651 87 4 651 94 3 652 38 0 652 71 11 653 75 4 653 78 31 654 47 19 654 52 26 654 57 24 654 67 9 654 67 30 655 5 24 655 45 6 655 81 0 656 22 15 656 45 10 656 46 28 656 48 22 657 21 17 657 25 27 657 36 31 657 57 21 657 68 1 658 47 8 658 52 5 658 56 27 658 69 30 658 86 24 659 29 17 659 77 0 659 86 17 660 33 31 661 12 22 661 46 19 661 55 20 662 27 1 662 41 3 662 98 30 663 93 9 664 6 26 664 22 20 664 64 1 664 78 11 664 98 28 665 27 5 665 55 4 665 60 29 666 42 21 666 45 27 666 58 26 666 98 6 667 12 27 667 52 4 667 67 19 667 94 11 668 7 27 668 30 30 668 36 15 668 50 3 669 20 14 669 69 24 669 73 16 669 80 3 670 5 18 670 18 17 670 28 22 670 43 1 670 49 27 670 77 6 670 86 3 670 90 30 670 94 0 670 99 30 671 44 17 671 76 3 672 44 7 672 61 20 672 65 24 672 71 15 672 94 11 673 5 15 673 42 0 674 2 26 674 47 30 675 8 7 675 24 25 675 39 19 675 92 25 676 54 2 676 58 5 677 6 20 677 17 23 677 67 0 677 74 4 677 80 27 677 93 10 678 16 8 678 30 4 678 37 18 678 87 22 678 100 3 679 32 14 679 47 26 679 88 1 679 97 0 680 8 31 680 32 6 680 97 12 681 35 1 681 51 7 681 68 29 683 36 7 683 42 25 683 91 18 684 7 22 684 24 12 684 27 5 684 43 3 684 52 12 684 54 14 684 99 16 685 48 1 685 77 17 685 78 26 685 86 0 685 91 12 686 78 9 686 97 2 687 74 10 688 22 0 688 40 25 688 41 27 688 67 1 689 15 15 689 17 26 689 22 29 689 77 31 690 10 13 690 15 19 690 53 0 690 56 4 690 90 4 691 49 20 691 52 20 691 75 12 691 95 26 691 97 0 692 22 13 692 25 3 693 1 13 693 20 1 693 65 20 693 66 22 693 67 13 693 69 3 693 74 31 694 4 25 694 5 30 695 60 5 695 69 16 695 73 16 695 80 9 695 98 12 696 5 0 696 28 14 696 44 16 696 81 0 696 94 5 698 14 16 698 51 2 700 76 24 701 8 25 701 20 6 701 34 22 701 35 16 701 35 28 701 36 29 701 47 1 701 67 2 701 78 9 702 2 4 702 23 1 702 38 1 702 47 11 703 47 29 703 59 25 703 60 14 703 70 6 703 79 24 704 43 5 704 68 19 704 74 30 704 85 12 705 10 7 705 28 6 705 37 20 705 65 29 705 69 5 705 82 19 705 84 25 706 8 4 706 10 19 706 23 10 706 32 1 706 44 28 706 69 26 706 95 6 707 78 15 707 90 0 708 4 2 708 22 6 708 48 30 708 79 26 709 56 17 709 73 3 709 76 15 710 39 28 710 46 1 710 64 20 710 68 29 711 41 7 711 67 18 711 81 15 712 13 21 712 15 26 712 96 6 713 12 11 713 32 9 713 42 0 713 65 13 714 35 10 714 61 4 714 65 15 714 79 0 715 33 16 715 68 6 716 25 11 716 61 17 716 85 26 716 99 7 716 100 1 717 3 0 717 49 31 717 70 8 717 71 27 717 78 4 717 83 4 718 36 25 719 41 1 719 50 22 720 4 10 720 24 29 720 34 8 720 55 1 720 66 26 720 99 16 721 15 14 721 32 25 721 42 21 721 58 16 721 72 26 722 18 10 722 65 11 722 70 11 723 5 16 723 82 0 723 98 23 724 6 9 724 10 11 724 88 12 725 27 18 725 33 28 725 53 15 726 7 20 726 9 15 726 13 14 726 41 26 726 68 28 726 70 2 726 73 15 726 75 24 727 45 7 727 47 23 727 93 8 727 97 7 728 15 0 728 86 1 729 7 11 729 15 11 729 22 7 729 43 16 729 54 23 730 7 12 730 59 25 731 72 9 732 37 28 732 54 12 732 72 27 733 65 15 733 68 3 733 86 20 734 17 20 734 64 27 734 67 16 734 73 16 735 1 22 735 6 6 735 8 0 735 13 26 735 15 14 735 24 27 735 61 10 735 69 20 735 88 8 736 44 6 737 3 25 737 16 4 737 60 16 737 63 0 737 67 14 737 71 19 737 88 21 738 8 12 738 27 25 738 48 30 739 49 22 739 52 31 739 100 0 740 23 3 740 25 4 740 32 17 740 70 9 740 81 25 740 100 23 741 40 5 741 56 2 741 60 23 741 66 20 742 9 29 742 41 8 742 54 6 742 78 8 742 84 17 742 100 19 743 6 15 743 9 14 743 18 8 743 46 23 743 98 6 744 2 18 746 27 19 746 31 17 746 42 12 746 50 20 747 3 13 747 25 15 747 41 6 747 41 16 747 56 2 748 53 20 749 71 26 750 9 10 750 30 24 750 69 17 750 69 22 751 72 17 752 1 6 752 50 8 752 68 0 753 36 21 753 61 30 753 65 6 753 98 31 754 11 26 754 65 25 754 84 11 754 93 1 755 42 9 755 74 6 756 20 25 756 39 8 756 57 19 756 96 28 757 1 31 757 81 22 758 2 9 758 88 8 759 2 11 759 89 30 760 10 15 760 18 21 760 38 30 760 71 11 761 7 21 761 23 14 761 35 29 761 54 16 761 62 14 761 62 29 761 76 10 761 94 13 762 58 22 763 26 2 763 32 9 763 38 3 763 46 20 763 78 18 763 84 9 763 92 17 764 19 26 764 68 27 765 3 18 765 71 19 765 84 3 765 89 2 766 6 5 766 15 22 766 42 21 766 49 0 766 75 22 766 85 13 767 15 18 767 54 22 767 79 30 768 2 14 768 51 7 768 97 1 769 3 29 769 24 18 769 65 5 769 81 14 769 84 31 769 99 10 771 0 1 771 11 25 771 25 28 771 58 7 771 78 0 771 93 15 771 100 10 772 39 21 772 69 30 772 85 29 773 29 31 773 92 20 774 16 13 774 55 17 774 89 29 775 7 0 775 8 23 775 40 2 775 67 16 775 83 22 776 12 15 776 34 13 776 58 12 776 74 4 777 7 22 777 51 27 777 57 29 777 92 19 778 57 1 778 77 20 779 31 12 779 71 23 779 80 0 779 98 11 780 10 28 780 32 17 780 49 9 780 54 5 781 13 12 781 49 31 781 52 1 781 71 6 781 81 17 782 26 8 782 32 11 782 77 17 782 86 30 783 16 2 783 32 1 783 40 24 783 42 13 783 69 29 783 91 31 784 5 25 784 68 7 785 10 0 785 20 11 785 30 0 785 53 22 786 24 23 786 30 27 786 58 26 786 63 5 786 72 6 787 66 3 787 88 16 788 17 9 788 19 26 788 68 7 788 74 25 789 30 24 790 33 29 790 66 17 790 95 11 791 34 10 791 56 14 791 71 21 792 6 10 792 8 1 792 51 25 792 79 0 792 96 2 793 3 10 793 31 17 793 38 2 793 91 9 794 20 4 794 35 18 794 37 21 794 70 30 795 67 10 796 76 12 796 86 4 797 15 7 797 20 5 797 82 8 798 16 27 798 21 16 798 29 4 798 38 12 798 53 19 799 22 9 799 51 6 799 83 12 800 1 21 800 6 26 800 53 28 800 89 10 801 26 4 801 77 4 801 99 29 802 22 26 802 95 18 803 6 18 803 11 23 803 53 24 804 20 14 804 45 24 804 73 10 804 98 0 805 69 30 805 79 17 806 38 8 806 40 9 806 40 14 806 61 3 806 61 31 806 89 19 807 76 13 807 95 29 808 5 7 808 52 16 808 73 0 808 76 7 809 6 28 809 10 5 809 21 1 809 35 11 809 84 17 810 4 22 810 65 20 810 73 23 811 25 12 811 58 2 811 59 29 811 88 29 812 70 10 813 10 2 813 38 29 813 46 17 813 56 16 813 88 21 814 16 3 814 19 19 814 48 13 814 60 28 814 82 28 815 20 13 815 84 31 816 26 18 817 6 25 817 17 12 817 38 15 817 55 16 818 5 8 818 9 13 818 10 6 818 22 11 818 53 27 818 73 10 819 9 5 819 43 1 819 60 9 819 91 29 820 19 13 820 54 29 821 34 3 821 56 24 821 77 5 821 82 18 822 5 12 822 53 19 822 75 25 822 81 13 822 98 3 823 3 20 823 17 3 823 37 31 823 92 9 823 97 28 824 29 15 824 40 30 824 62 13 825 41 6 826 19 3 826 31 24 826 58 7 826 74 1 826 85 14 827 27 26 827 73 3 827 92 12 827 96 26 828 2 6 828 43 11 828 51 7 828 92 20 829 0 12 829 12 0 829 50 16 829 55 22 829 61 31 830 8 24 830 27 24 830 28 18 830 86 29 831 4 26 831 34 3 831 56 20 831 88 21 832 23 2 832 30 31 832 36 11 833 7 22 833 11 28 833 40 20 833 61 30 833 86 28 834 19 19 834 40 14 834 83 17 835 31 7 835 45 12 835 59 5 835 82 1 836 10 13 836 16 16 836 27 3 836 34 17 836 94 8 837 97 6 837 100 17 838 55 7 839 5 13 839 84 21 840 52 5 841 15 22 841 20 22 841 71 16 841 78 24 842 26 13 843 20 19 843 22 21 843 54 25 844 66 22 845 36 13 846 19 15 846 33 4 846 70 19 846 81 19 847 53 29 847 99 8 848 43 3 849 2 12 849 25 26 849 75 21 850 38 8 850 88 28 851 31 4 851 52 23 852 65 25 852 69 18 852 81 27 852 99 2 854 12 3 854 97 28 855 64 22 855 74 31 855 97 29 856 52 22 857 15 18 857 20 31 857 40 31 858 0 21 858 17 16 859 1 22 859 14 15 859 18 31 859 28 24 859 38 5 859 98 12 860 13 1 860 14 15 860 60 14 860 63 11 861 1 21 861 85 27 862 3 26 862 26 22 862 58 14 862 58 18 862 63 18 862 73 4 863 6 19 863 17 19 863 20 20 863 38 14 863 84 26 863 85 15 863 99 20 864 7 22 864 12 9 864 21 25 864 64 21 865 5 18 865 93 24 865 96 10 866 22 0 867 10 0 867 33 26 867 59 28 868 19 27 868 49 16 868 79 26 868 96 3 869 5 19 869 26 1 869 38 8 869 67 30 870 49 0 870 50 22 870 76 16 870 84 10 870 95 13 871 2 8 871 15 26 871 49 10 871 80 10 872 14 24 872 17 30 872 40 0 872 51 12 873 48 22 873 63 19 873 64 19 873 80 19 874 24 5 874 69 14 874 76 22 874 82 2 875 80 24 875 91 18 875 93 9 876 3 13 876 73 22 876 87 22 876 90 10 877 13 1 877 22 18 877 25 27 878 20 14 878 77 16 879 14 25 879 29 23 879 87 24 880 72 16 881 12 15 881 14 4 881 49 12 881 64 31 881 87 14 881 95 11 882 58 28 883 8 3 883 41 28 883 93 29 884 33 27 885 59 15 885 85 1 886 4 23 886 7 4 886 16 22 886 55 1 886 77 8 886 79 22 886 98 10 887 23 16 887 43 2 887 58 31 887 65 21 888 30 12 888 59 21 889 58 12 889 91 7 889 96 2 890 32 24 890 49 12 890 64 8 891 11 31 892 13 6 892 23 28 893 30 19 893 51 18 893 61 3 893 91 13 894 84 19 894 88 21 895 44 31 895 50 8 895 99 24 896 14 1 896 21 18 896 26 16 896 28 2 897 25 24 897 66 13 897 70 7 898 89 25 899 12 18 899 23 2 899 35 30 899 36 28 899 63 7 899 83 30 900 11 6 900 66 1 900 81 13 901 1 24 901 5 13 901 14 0 901 25 18 901 41 1 901 83 27 902 6 18 902 26 1 902 51 5 902 78 4 903 22 26 903 67 4 904 27 0 905 61 22 906 17 4 906 60 13 906 63 2 906 83 14 906 96 31 906 97 4 907 32 8 907 35 30 907 72 8 908 19 17 908 29 23 908 37 10 908 65 19 909 1 11 909 5 17 909 22 0 909 29 2 909 39 30 909 86 31 910 23 23 910 26 3 911 2 5 911 36 5 911 62 6 911 96 4 912 21 9 912 50 19 912 88 4 913 0 18 913 93 27 914 57 29 914 69 7 915 4 14 915 64 22 916 72 26 916 81 22 917 51 14 917 76 5 918 1 15 918 17 27 919 1 15 919 17 3 919 77 0 919 85 9 920 46 20 920 57 6 920 63 14 920 68 25 920 93 10 921 32 17 921 34 26 921 80 28 922 57 8 922 78 3 923 27 16 923 46 7 923 78 3 923 78 16 923 79 14 924 46 14 924 48 24 924 62 27 924 100 27 925 5 23 926 4 21 926 45 1 926 71 18 926 80 11 926 97 0 927 35 29 927 47 28 928 18 25 928 39 4 929 10 27 929 16 13 929 89 27 930 80 20 931 53 10 931 63 28 932 25 8 932 32 28 933 57 29 933 84 18 934 33 14 934 41 1 934 50 27 934 79 11 934 81 3 934 85 4 935 25 22 935 37 27 935 42 0 935 42 7 935 52 18 936 14 31 936 61 9 936 76 0 936 80 29 936 91 21 937 12 5 937 28 23 937 54 12 938 11 0 938 52 16 938 53 28 938 88 2 939 51 10 940 20 20 940 31 2 940 47 28 940 88 18 940 94 1 941 95 21 942 30 16 942 71 18 942 87 30 942 90 6 943 13 2 943 16 21 943 30 12 943 68 25 943 90 29 944 18 8 944 92 11 945 56 30 945 57 22 945 63 1 945 92 1 946 18 11 946 46 15 947 36 7 947 41 9 947 78 13 948 1 27 948 53 30 948 58 14 949 93 3 950 12 14 950 42 12 951 14 4 951 36 23 952 14 27 952 50 24 953 9 11 953 13 28 953 49 26 953 74 5 954 9 22 954 43 3 955 61 5 956 10 30 956 14 6 957 57 3 957 77 17 958 9 6 958 28 30 958 74 2 958 78 5 959 9 16 959 28 30 960 33 20 960 76 13 960 83 31 961 17 14 961 20 7 961 81 5 961 100 20 962 2 8 962 3 19 962 25 18 962 38 20 963 28 22 963 51 30 963 58 28 964 34 28 964 46 19 964 51 17 964 81 20 965 13 7 965 17 20 965 57 20 965 82 22 965 89 2 966 30 21 966 65 6 966 72 15 966 91 18 967 4 18 967 8 26 967 27 9 967 45 20 967 89 13 967 96 25 968 4 26 968 92 3 969 19 6 969 60 4 970 47 23 970 50 20 970 69 28 970 91 0 971 16 26 971 76 8 971 91 10 971 94 15 972 8 0 972 8 27 972 49 0 972 50 14 972 58 19 972 66 12 972 72 14 972 85 17 973 4 5 973 13 5 973 72 16 974 0 12 974 44 30 974 87 31 975 13 5 975 16 19 975 49 28 975 82 22 975 99 7 976 10 8 976 21 21 976 70 19 976 76 7 976 96 26 977 21 24 977 49 16 977 64 29 977 89 25 978 6 4 978 42 13 978 50 7 978 86 1 979 27 31 979 45 17 979 65 16 980 3 6 980 33 12 980 48 29 980 52 11 980 54 2 980 56 21 981 3 7 981 67 18 981 75 9 982 13 9 982 19 6 982 25 17 982 41 18 982 50 20 982 88 22 983 14 6 983 76 3 983 86 17 983 89 22 984 26 28 984 76 2 984 89 17 985 1 11 985 19 28 985 46 1 985 71 12 985 76 12 986 35 7 986 68 22 986 93 20 987 23 24 987 90 3 988 17 2 988 75 26 988 94 27 989 2 2 990 77 28 990 95 31 990 97 8 991 21 30 991 40 12 992 92 7 993 0 25 993 50 31 994 10 0 994 15 1 994 41 0 994 59 4 994 81 13 994 82 9 995 22 7 995 32 11 996 6 23 996 39 0 997 48 22 997 97 16 998 19 3 998 30 12 998 83 18 998 85 19 999 9 19 999 44 31 999 72 22 1000 7 1 1000 8 13 1000 31 2 1000 45 9 1000 60 0 1001 12 19 1001 39 2 1002 0 10 1002 55 6 1003 10 28 1003 33 15 1003 75 20 1003 86 31 1003 98 31 1004 36 23 1004 61 12 1004 98 18 1005 46 5 1005 54 29 1005 98 28 1006 59 25 1006 93 13 1007 3 29 1007 52 4 1007 57 29 1007 74 3 1007 89 18 1008 15 0 1008 16 10 1008 43 4 1008 86 5 1008 92 14 1008 94 24 1008 94 25 1009 56 21 1010 33 16 1010 45 4 1010 100 12 1011 34 28 1011 36 24 1011 57 31 1011 71 30 1012 38 30 1012 65 9 1013 18 25 1013 71 14 1013 98 5 1014 42 11 1014 99 24 1015 24 5 1015 35 2 1015 35 24 1015 78 6 1016 26 27 1016 30 9 1016 31 22 1016 85 10 1017 90 8 1017 90 15 1017 93 16 1018 29 11 1018 63 15 1019 29 20 1019 95 14 1020 6 22 1020 72 26 1021 21 18 1022 0 13 1022 38 22 1022 44 10 1022 79 9 1023 76 2 1024 17 14 1024 26 26 1025 60 5 1025 79 2 1026 65 2 1027 0 21 1027 13 10 1027 20 10 1027 68 21 1029 26 15 1029 86 11 1029 97 8 1029 99 12 1030 17 8 1030 21 0 1030 31 15 1031 29 24 1031 40 31 1031 66 18 1031 79 24 1031 92 27 1032 74 21 1032 93 2 1033 4 18 1033 21 17 1033 51 31 1033 57 19 1033 58 31 1034 31 6 1034 61 13 1034 67 19 1034 83 15 1035 45 15 1036 8 30 1036 14 12 1036 48 17 1036 59 30 1036 61 27 1037 73 29 1038 72 6 1038 87 14 1039 15 16 1039 23 26 1039 42 16 1039 55 24 1039 90 18 1040 86 16 1041 13 0 1042 7 6 1042 33 24 1042 86 4 1043 34 7 1044 17 11 1044 23 3 1044 26 31 1044 51 7 1044 58 26 1044 59 8 1044 75 17 1044 83 28 1044 93 12 1045 24 5 1045 51 8 1045 71 0 1045 100 25 1046 25 9 1046 57 4 1046 60 12 1046 66 9 1047 18 23 1047 35 28 1047 42 4 1047 43 27 1047 61 18 1047 86 8 1049 13 13 1049 46 5 1049 46 25 1049 99 24 1050 14 20 1050 15 30 1050 52 18 1050 55 31 1050 86 21 1050 90 15 1051 19 21 1051 24 29 1051 58 22 1051 85 16 1052 29 3 1052 64 12 1052 95 2 1053 15 12 1053 26 12 1053 42 12 1053 46 21 1053 68 31 1054 0 30 1054 9 16 1054 38 24 1055 2 20 1056 26 9 1056 67 23 1057 62 9 1057 97 29 1058 9 28 1058 74 14 1059 49 5 1059 95 13 1060 22 18 1060 33 22 1060 40 10 1061 36 25 1061 98 0 1062 90 12 1063 46 20 1063 95 30 1064 28 22 1065 17 18 1065 42 26 1065 64 27 1065 81 26 1065 96 24 1066 85 10 1067 6 21 1067 19 21 1067 46 1 1067 48 7 1067 53 19 1068 45 23 1068 58 29 1068 98 27 1069 7 24 1069 10 22 1069 53 22 1069 58 28 1069 90 5 1070 38 0 1070 51 0 1070 72 12 1070 83 11 1070 95 25 1071 37 5 1071 50 8 1071 65 10 1071 73 15 1072 9 17 1072 9 18 1073 16 14 1073 28 9 1073 53 30 1073 60 24 1074 1 27 1074 88 2 1075 40 14 1075 45 21 1075 71 2 1075 87 30 1075 100 8 1076 22 29 1076 28 12 1076 61 9 1076 63 19 1077 0 12 1077 7 8 1077 18 4 1077 26 19 1077 81 25 1079 14 22 1079 31 18 1079 77 11 1080 67 6 1080 79 20 1081 11 0 1082 9 7 1082 56 27 1082 57 20 1082 57 21 1082 63 9 1082 63 29 1082 70 15 1082 99 0 1083 5 30 1083 52 11 1083 52 26 1083 70 19 1083 93 23 1084 0 1 1084 5 25 1084 33 21 1085 4 7 1085 64 24 1085 75 15 1085 81 21 1086 5 25 1086 35 28 1087 0 31 1087 44 22 1087 45 21 1087 63 31 1088 26 30 1088 42 27 1088 88 16 1088 100 24 1089 4 22 1089 68 5 1090 28 5 1090 47 28 1090 69 22 1090 81 15 1091 28 5 1091 79 7 1091 80 5 1091 85 10 1092 43 7 1092 92 6 1092 99 15 1093 44 11 1093 67 4 1094 17 27 1094 24 21 1094 48 2 1094 53 14 1095 13 31 1095 47 29 1095 69 19 1096 10 3 1096 62 13 1097 4 12 1097 97 11 1098 80 18 1098 90 0 1098 91 5 1099 28 8 1099 100 9 1100 33 4 1101 31 9 1101 55 3 1101 85 17 1102 9 4 1102 14 10 1102 37 24 1102 85 13 1103 9 23 1103 58 21 1103 59 10 1104 19 12 1104 32 2 1104 47 20 1104 94 15 1105 3 0 1105 18 24 1106 2 12 1106 31 15 1107 28 1 1108 14 9 1108 19 6 1108 19 24 1108 58 26 1108 71 19 1109 7 18 1109 40 24 1109 59 10 1110 5 14 1110 9 3 1110 19 4 1110 51 11 1110 57 14 1110 64 15 1110 66 8 1110 79 4 1110 85 28 1111 76 12 1112 8 22 1112 16 16 1112 81 9 1113 63 29 1113 80 26 1114 21 27 1114 30 20 1114 41 5 1114 76 11 1114 79 4 1114 79 19 1115 17 18 1115 31 20 1115 48 5 1115 71 26 1116 12 27 1116 21 4 1116 41 21 1116 46 0 1116 48 14 1116 53 13 1116 56 8 1116 58 22 1116 75 29 1116 99 18 1117 1 11 1117 5 29 1117 69 24 1117 99 31 1118 1 10 1118 32 26 1118 35 24 1118 94 13 1119 14 0 1119 39 22 1119 41 7 1120 0 27 1120 45 21 1120 90 23 1121 13 12 1121 21 23 1121 33 13 1121 33 14 1121 88 13 1122 48 11 1122 91 7 1123 75 11 1124 7 31 1124 23 12 1124 31 12 1124 43 18 1124 49 24 1125 7 16 1125 39 29 1125 45 7 1125 81 13 1125 93 13 1126 18 16 1126 38 22 1126 95 15 1127 40 3 1127 75 9 1127 86 15 1128 66 19 1128 83 16 1129 40 1 1129 47 13 1129 77 27 1130 47 7 1131 27 16 1131 57 8 1132 21 25 1132 34 14 1133 6 10 1133 16 15 1133 19 18 1133 29 17 1133 74 22 1133 75 13 1133 84 20 1134 38 1 1134 46 17 1135 88 18 1136 42 22 1136 80 28 1136 99 15 1137 6 4 1137 41 1 1137 96 5 1138 24 3 1138 59 4 1138 68 9 1138 88 10 1139 42 7 1139 64 3 1139 79 29 1140 28 18 1140 80 1 1141 7 3 1141 17 18 1141 44 15 1142 14 9 1144 6 3 1144 33 22 1144 64 30 1144 84 18 1144 92 21 1145 59 17 1146 33 31 1146 41 7 1147 14 10 1147 59 16 1147 78 18 1147 87 26 1147 94 30 1148 13 26 1148 28 1 1148 76 13 1148 80 5 1149 9 8 1149 52 26 1149 82 29 1151 6 29 1151 13 7 1151 27 1 1151 33 14 1151 39 14 1151 46 28 1151 52 21 1151 92 30 1152 23 11 1152 28 9 1152 30 14 1152 70 12 1153 37 1 1153 47 14 1154 49 7 1155 7 10 1155 25 3 1156 42 16 1156 92 2 1157 18 29 1157 45 15 1157 67 12 1157 79 26 1158 1 2 1158 89 22 1158 97 10 1159 34 4 1159 35 16 1159 37 1 1159 43 0 1159 46 29 1159 49 10 1159 50 27 1159 89 3 1159 100 25 1160 2 14 1161 27 16 1161 72 25 1162 17 18 1162 86 14 1162 93 3 1163 11 12 1163 54 17 1163 57 13 1163 59 19 1163 59 27 1164 26 8 1164 45 6 1164 71 18 1165 51 20 1165 77 6 1165 91 26 1165 95 7 1166 33 14 1166 46 19 1167 38 0 1167 42 26 1167 98 21 1168 1 12 1168 3 25 1169 1 24 1169 17 2 1169 92 11 1170 63 16 1170 83 14 1171 14 6 1171 19 14 1171 34 25 1171 67 8 1171 78 28 1172 25 30 1172 31 28 1172 72 8 1172 90 20 1172 90 31 1173 1 17 1173 95 10 1174 53 31 1174 63 16 1174 81 17 1175 22 30 1175 57 21 1175 75 11 1175 79 10 1175 93 6
257 3563 0.001 72 2 10 72 30 16 72 41 10 72 100 28 73 6 7 74 8 16 74 49 31 74 73 3 75 29 13 75 44 18 75 60 30 75 99 22 76 83 1 76 84 13 77 19 12 78 32 15 78 87 21 79 43 10 79 44 26 79 62 14 79 72 3 80 10 19 80 12 29 80 15 31 81 49 15 82 9 4 82 56 24 82 66 7 82 68 20 82 74 24 82 74 31 83 21 31 83 24 9 83 63 17 83 78 11 84 4 21 84 34 2 85 42 12 85 64 17 85 65 28 85 93 28 86 10 26 86 17 19 86 34 23 86 38 24 87 11 22 87 67 2 87 74 16 87 81 26 88 8 17 88 22 30 88 55 17 88 67 25 89 16 26 89 57 0 90 40 0 90 59 27 90 63 23 90 67 30 91 0 12 91 3 7 91 47 0 92 25 24 92 41 12 92 90 24 93 2 25 93 9 29 93 26 31 93 63 4 93 69 15 94 5 14 94 25 22 94 25 30 94 51 11 94 93 4 95 16 6 97 10 17 97 21 5 97 32 15 97 66 0 98 26 16 98 60 22 98 67 1 98 70 10 98 90 31 98 91 29 99 6 7 99 50 21 99 66 6 99 75 5 100 34 30 100 42 17 100 74 27 100 89 23 101 17 2 101 24 0 101 77 31 101 78 10 101 89 15 102 12 14 102 13 19 104 1 30 104 87 27 104 96 3 105 65 21 105 72 26 106 82 29 106 88 27 106 94 7 107 45 22 107 51 18 107 97 29 108 10 28 108 29 21 108 42 11 108 69 24 108 87 25 108 98 12 109 0 9 109 27 20 109 63 16 109 89 21 109 96 20 110 73 6 110 81 25 110 84 28 110 98 22 111 37 1 111 53 8 111 98 27 112 15 16 113 24 10 113 40 5 113 82 17 113 89 25 115 21 24 115 95 23 115 100 29 116 9 10 116 14 30 116 23 12 116 27 30 116 46 7 116 68 29 116 88 4 116 92 19 117 2 30 117 16 30 117 55 2 118 1 5 118 12 2 118 17 26 118 25 20 119 17 27 119 39 7 120 22 4 120 37 22 120 38 26 120 70 7 120 87 11 121 65 4 122 29 31 122 32 18 122 78 16 122 81 2 122 82 10 123 24 16 123 82 23 124 15 15 124 62 21 124 82 1 125 27 1 126 29 19 126 51 25 126 71 11 126 87 31 127 4 16 127 15 15 127 39 15 127 66 15 127 79 0 127 96 27 128 32 0 128 57 16 128 89 22 129 57 1 129 84 27 130 55 9 130 84 3 131 70 2 131 75 14 132 20 27 132 56 5 132 58 24 132 67 14 132 71 0 132 74 2 132 80 21 132 80 27 133 9 12 134 71 16 134 92 19 135 27 14 135 42 5 135 90 14 135 100 19 136 19 11 136 33 8 136 83 8 136 99 16 137 0 28 137 6 28 137 27 27 137 63 4 137 87 17 138 0 3 138 46 4 138 51 4 138 64 0 138 80 15 138 95 10 140 16 6 140 40 23 140 63 22 140 78 0 141 49 22 141 64 3 141 64 31 141 78 27 142 0 9 142 4 20 143 11 28 143 12 13 143 74 0 145 1 25 145 1 28 145 50 3 145 66 13 145 71 25 145 72 31 146 14 24 146 99 30 147 1 27 147 23 21 147 52 14 147 98 6 148 6 29 148 16 2 148 72 27 148 79 18 148 85 14 149 20 13 149 25 12 149 83 22 150 0 30 150 24 15 150 68 1 150 69 8 150 71 31 152 85 21 152 97 31 153 7 10 153 74 16 153 74 25 154 3 17 154 45 28 154 51 13 154 76 28 154 91 6 154 91 31 155 73 18 155 77 23 155 88 16 156 20 31 156 64 6 156 70 0 157 37 20 157 87 0 157 99 31 158 9 12 158 13 12 158 38 12 158 42 20 159 60 7 159 88 19 159 91 27 160 12 24 160 21 31 160 35 1 160 98 19 161 17 25 161 52 28 162 21 29 162 50 29 162 87 6 162 98 8 163 3 24 163 14 0 163 15 18 163 76 6 164 1 12 164 15 26 164 61 8 164 62 29 165 6 20 166 3 3 166 27 21 166 99 26 167 23 14 167 34 23 167 73 6 168 34 28 168 66 2 168 73 14 168 75 7 169 19 25 170 7 1 170 61 15 170 80 30 170 85 6 170 86 3 170 96 13 171 17 15 171 38 1 171 60 18 171 65 22 171 67 16 172 24 6 172 50 15 172 51 15 172 58 15 172 61 22 173 6 2 173 95 2 174 55 19 174 84 9 175 47 18 175 65 13 175 82 18 175 96 13 176 10 21 176 30 1 177 53 11 177 93 8 177 99 14 178 20 18 178 35 16 178 78 31 179 15 28 179 73 20 180 55 7 181 3 7 181 15 29 181 28 25 181 71 3 182 4 11 182 8 3 182 9 7 182 22 13 182 97 5 183 0 20 183 48 4 183 72 4 185 15 30 185 73 12 185 86 5 186 7 23 186 22 16 186 28 13 186 86 8 187 31 19 187 33 3 187 40 9 187 51 21 188 27 31 188 96 29 189 1 26 190 6 14 190 47 21 191 27 19 191 36 6 191 48 22 192 7 14 192 7 29 192 16 24 192 33 11 192 89 24 192 94 14 193 76 13 193 85 25 194 53 5 194 86 27 195 15 25 195 30 23 195 59 1 195 72 28 195 79 21 196 44 1 196 58 23 196 89 9 197 4 16 197 19 23 197 22 13 197 36 30 197 53 18 197 55 23 197 80 30 198 23 7 198 68 31 198 83 22 198 94 21 199 10 7 199 11 0 199 24 19 199 55 3 201 14 29 201 56 10 201 62 5 202 56 15 203 15 13 203 31 10 203 70 19 204 1 23 204 2 21 204 41 22 204 81 4 205 37 10 205 51 29 206 8 2 206 10 25 206 16 12 206 30 19 206 31 1 206 73 5 206 98 29 207 7 27 207 87 8 208 35 4 208 37 22 208 45 24 208 46 3 208 51 11 208 67 0 209 5 13 209 10 16 210 93 2 210 98 25 212 43 8 212 50 11 213 74 24 215 12 20 215 76 31 215 81 26 215 100 16 216 13 15 216 52 12 217 47 14 217 50 19 217 75 12 217 76 1 218 17 23 218 23 29 218 65 26 219 15 1 219 15 6 219 22 7 219 66 23 219 67 2 219 74 29 219 87 2 219 88 11 219 99 26 220 12 29 220 16 3 220 33 2 220 51 6 220 70 18 220 85 6 220 90 4 221 28 13 221 39 16 222 63 22 222 75 1 223 55 8 224 33 7 225 25 27 225 64 7 225 96 3 225 97 19 226 59 4 226 62 2 227 11 19 227 20 27 227 76 6 228 0 23 228 10 2 228 26 30 228 51 11 228 94 2 229 1 1 230 18 19 230 42 0 231 9 11 231 55 6 231 67 10 232 0 5 232 30 3 234 24 7 234 48 17 234 61 31 234 74 30 235 24 13 236 49 29 236 97 10 236 98 9 238 33 0 238 35 21 238 80 18 238 87 25 238 94 13 238 99 20 239 21 4 239 47 29 239 81 7 239 90 0 240 84 26 240 93 25 241 29 7 241 47 21 241 94 10 243 28 29 243 86 25 244 96 12 245 51 26 245 64 28 245 70 16 246 32 18 246 61 15 246 93 25 247 24 23 247 55 6 247 69 4 247 81 18 247 98 8 248 1 15 248 52 5 248 53 19 248 59 7 248 65 27 249 33 22 249 68 10 250 28 13 250 66 6 250 71 31 250 72 31 250 91 27 251 41 10 251 72 6 251 99 7 252 15 26 252 23 26 252 77 5 253 56 0 253 63 7 253 81 8 254 71 24 254 81 14 255 18 1 255 25 8 255 28 6 255 40 5 255 46 4 255 69 2 255 72 25 255 79 30 256 39 20 256 52 13 256 83 9 257 20 20 257 30 11 257 57 5 257 65 10 257 75 14 257 82 26 258 25 26 258 32 29 258 88 30 259 49 9 259 50 10 259 51 2 260 30 14 260 50 30 260 53 2 260 94 9 261 83 15 261 95 4 262 25 24 262 82 26 262 85 12 263 7 7 263 9 2 263 14 12 263 27 8 263 41 8 263 59 14 263 74 0 265 12 2 265 37 0 265 66 4 265 96 24 266 13 7 266 19 21 266 23 12 266 34 15 266 36 4 266 56 20 266 59 10 266 66 26 266 83 6 267 22 21 267 43 16 267 54 28 268 23 28 268 47 2 268 63 21 268 78 6 268 90 18 269 2 2 269 11 11 269 19 20 269 43 2 269 87 12 270 11 24 270 23 9 271 31 6 271 77 19 271 77 20 272 9 27 272 34 6 272 85 16 273 0 27 273 31 13 273 36 16 273 59 30 273 76 26 274 17 0 275 7 31 275 33 5 275 68 14 276 5 15 276 27 3 276 34 22 276 46 20 276 60 13 276 74 2 276 91 8 277 5 7 277 28 19 277 62 11 278 0 13 278 22 14 278 46 16 278 87 22 278 93 19 278 100 24 279 32 15 279 78 2 279 82 29 279 92 1 280 16 3 280 42 2 280 72 22 280 74 11 280 89 25 280 92 5 281 26 1 281 82 5 282 42 13 282 75 17 283 5 19 283 77 28 283 82 14 283 85 0 283 87 0 283 95 24 284 62 10 284 66 29 285 7 21 285 27 17 285 34 22 285 79 9 285 80 31 286 0 31 286 33 1 286 52 20 286 60 25 286 62 9 287 3 22 287 9 30 288 16 14 288 38 26 288 87 31 289 10 7 290 6 13 290 7 29 290 59 13 291 21 8 291 37 0 291 77 7 291 97 4 292 44 27 292 82 17 293 85 22 294 13 30 294 36 28 294 71 11 294 81 11 294 97 16 295 0 28 295 8 26 295 15 6 295 59 5 296 17 26 296 32 29 296 47 22 296 94 27 297 52 1 298 47 23 298 60 22 298 100 9 299 50 7 299 50 16 299 59 28 299 91 26 299 96 18 300 20 14 300 65 16 300 79 26 301 43 25 301 44 26 301 45 4 301 58 0 301 88 0 302 42 19 302 56 9 302 80 0 302 95 16 303 84 17 305 15 19 305 20 1 305 68 13 305 91 13 306 3 9 306 32 17 306 39 0 306 79 14 307 42 8 307 96 16 307 97 15 308 54 27 309 2 20 309 47 20 309 86 17 309 90 23 310 7 10 310 46 27 311 67 28 312 1 19 312 27 17 312 61 24 312 71 16 313 4 7 313 25 13 313 68 2 314 36 6 314 37 6 314 54 21 314 75 8 315 16 17 315 42 2 315 44 19 315 63 5 316 2 7 316 19 14 316 51 18 317 39 28 317 79 20 317 86 5 317 89 16 318 5 14 318 25 22 318 36 16 318 55 3 318 56 12 318 57 9 318 63 5 318 78 31 318 79 20 318 80 10 319 0 7 319 6 2 319 12 7 320 23 13 320 45 25 320 48 30 320 63 10 321 2 13 321 22 10 321 36 5 321 57 3 322 18 29 322 21 27 322 50 4 322 71 9 323 38 13 323 65 21 323 97 24 323 100 4 324 10 6 324 21 25 324 49 21 324 81 12 325 2 12 325 14 2 325 58 9 325 93 8 326 1 30 326 34 2 326 52 11 327 31 27 327 35 8 327 42 24 327 46 19 327 62 2 327 96 11 328 39 5 328 42 2 328 50 1 328 52 11 328 53 31 328 57 14 328 59 5 328 70 5 328 82 23 329 10 30 329 22 4 329 26 12 329 42 1 330 14 4 330 62 29 330 69 11 330 82 28 331 4 25 331 31 30 332 20 8 332 41 24 332 94 20 333 95 13 334 27 31 334 34 17 334 90 26 335 51 16 335 81 23 335 95 20 336 5 18 336 46 3 337 18 14 337 21 2 337 29 23 337 100 20 338 45 14 339 10 14 339 31 7 339 71 22 339 85 5 340 15 30 340 25 22 341 14 3 342 2 19 342 3 24 342 9 15 342 22 18 342 25 20 343 14 16 343 48 17 343 96 1 344 35 7 344 43 16 344 63 23 344 70 17 344 77 19 345 62 0 346 13 1 347 41 4 347 48 6 347 49 30 347 91 4 348 1 28 348 39 10 348 80 17 349 74 21 349 89 11 349 91 21 350 1 15 350 7 24 350 54 28 350 60 8 350 71 13 351 12 31 351 53 12 352 51 27 352 59 16 352 89 26 353 14 11 353 72 24 354 17 12 354 66 8 354 72 28 355 16 0 356 91 25 357 41 31 357 54 22 357 89 6 358 13 28 358 73 15 358 88 27 358 94 25 359 11 9 359 26 11 359 44 31 359 53 23 359 84 17 359 85 25 360 1 17 360 4 28 360 19 24 360 68 29 360 81 7 361 81 17 361 95 12 362 10 28 362 27 28 363 8 24 363 79 6 364 21 29 364 53 25 364 77 10 364 83 11 365 79 14 365 100 13 366 17 4 366 28 10 366 36 14 366 40 8 367 1 1 367 41 30 367 41 31 367 80 13 368 66 21 369 3 31 369 19 16 369 56 4 369 56 11 369 68 23 370 70 19 370 93 1 371 17 5 371 61 21 371 74 11 372 35 30 372 40 1 372 83 28 373 5 11 373 25 19 373 35 29 373 37 19 373 47 10 373 56 28 373 72 26 374 5 0 374 56 23 375 13 11 376 51 31 376 85 8 376 90 0 377 0 6 377 67 3 377 90 20 379 6 15 379 44 12 379 63 13 380 29 3 380 59 30 380 80 5 381 19 11 381 26 30 381 46 13 381 69 26 381 73 22 382 47 23 382 50 17 382 69 16 382 85 14 383 18 18 383 43 24 383 63 3 383 91 21 385 16 18 385 19 0 385 21 18 385 21 29 385 74 27 385 76 13 385 90 24 385 96 9 386 39 28 386 84 6 387 16 30 387 26 23 387 28 8 387 78 19 387 92 19 388 32 16 388 43 31 388 63 5 388 73 9 388 75 31 389 18 25 389 24 30 389 57 30 389 77 14 390 34 22 390 95 4 391 27 31 391 46 27 391 72 15 391 83 6 392 1 11 392 37 16 392 61 5 392 71 14 392 75 11 393 8 29 393 24 26 393 34 19 393 96 19 394 28 16 394 47 25 394 49 2 394 49 5 394 85 17 394 86 14 395 38 31 396 21 19 396 43 0 396 66 26 397 5 21 397 90 14 398 34 27 398 41 19 398 45 23 398 95 3 399 14 23 399 27 10 399 29 10 399 99 8 400 15 20 400 42 31 400 46 4 401 75 8 401 91 23 402 62 17 402 66 4 403 16 4 403 77 22 403 87 9 404 62 15 405 18 13 405 43 26 405 44 1 405 62 24 406 54 9 406 90 23 407 24 28 407 38 27 407 90 30 407 91 11 407 98 25 408 71 13 408 74 4 408 82 0 409 87 13 409 89 21 410 67 19 411 72 20 411 83 10 411 90 31 412 2 6 412 10 0 412 79 18 412 80 8 412 93 16 413 38 6 413 47 15 413 92 27 414 16 3 414 68 31 414 81 13 414 84 21 414 86 6 415 5 26 415 16 6 415 48 12 416 11 12 416 41 11 416 47 4 416 56 16 417 55 21 417 89 14 417 92 28 417 100 12 418 23 23 418 59 22 418 65 14 418 72 9 419 7 15 419 77 27 419 83 27 419 87 28 420 9 21 420 31 4 420 39 25 420 71 21 420 81 1 421 25 25 421 30 22 421 38 5 421 59 13 421 70 22 422 33 7 422 34 26 422 65 27 422 92 12 423 17 30 423 38 19 423 44 5 423 58 9 423 100 20 424 6 15 424 7 17 424 9 23 424 17 14 424 34 30 425 21 27 426 0 22 426 12 30 426 70 21 428 11 19 428 69 29 428 80 24 428 82 28 428 85 31 428 88 24 429 40 4 429 58 2 429 73 24 429 85 27 430 23 21 430 33 13 430 44 11 431 5 19 431 12 0 431 55 28 432 16 18 433 29 6 433 75 14 433 78 24 434 11 31 434 79 24 434 95 14 435 6 23 435 8 30 435 19 3 435 42 30 435 64 12 435 93 18 436 2 14 436 65 7 436 65 13 436 71 19 436 80 1 437 18 29 437 31 21 438 34 12 438 65 13 438 84 4 438 86 2 439 15 2 439 28 1 439 74 11 440 37 12 441 14 10 441 62 5 441 97 28 442 20 30 442 21 31 442 52 11 442 83 7 442 99 27 443 16 8 443 18 28 443 54 27 443 67 31 443 71 19 443 92 17 444 26 3 445 0 0 445 17 8 446 7 1 446 11 11 446 35 28 446 53 5 446 60 2 446 94 30 447 22 7 447 98 20 448 3 20 448 20 26 448 38 25 448 65 20 448 66 7 449 80 5 450 18 29 450 26 9 450 43 8 450 67 31 450 69 0 450 99 12 451 20 12 451 33 26 451 45 9 451 57 15 451 72 22 451 98 26 452 12 29 452 65 12 452 89 7 452 91 25 453 7 16 454 2 6 455 18 15 455 77 12 455 95 30 456 12 7 456 28 1 456 35 23 457 49 25 457 80 28 457 85 5 458 51 16 458 62 27 459 41 14 459 54 12 459 87 8 459 87 19 459 93 15 459 98 13 460 35 0 460 40 24 460 81 20 461 3 5 461 93 26 462 10 3 462 11 0 462 14 6 462 27 1 462 35 17 462 54 27 462 90 27 463 8 18 463 10 4 463 11 3 463 99 17 464 60 6 464 90 17 465 24 0 465 38 26 465 68 27 466 23 12 466 50 11 466 70 4 466 72 2 466 85 6 466 86 27 466 88 19 467 14 20 467 54 31 467 88 7 467 99 12 468 1 18 468 17 12 468 17 23 468 22 28 468 30 25 469 10 15 469 12 27 469 54 4 469 61 11 469 66 16 471 52 2 471 54 4 471 73 5 471 90 16 472 8 21 472 60 5 473 53 18 473 78 20 474 72 20 475 1 14 475 12 5 475 83 6 475 85 30 476 64 1 477 2 30 477 46 13 477 65 27 477 92 17 478 2 15 478 58 10 478 63 20 478 91 10 479 1 25 480 85 16 480 92 2 481 12 18 481 31 21 481 32 24 481 43 26 481 47 31 481 48 1 481 54 12 483 45 0 483 68 28 484 23 4 484 74 27 484 87 29 484 98 26 485 10 9 485 13 6 485 84 9 485 87 31 486 12 18 486 39 5 486 59 29 486 85 21 487 23 17 487 58 5 487 65 30 487 89 11 488 23 21 488 35 25 488 39 4 488 48 22 488 60 17 488 63 3 488 76 27 489 23 25 489 41 11 489 55 2 490 27 8 490 60 12 492 33 13 492 51 21 493 24 13 493 53 12 493 61 3 493 72 14 494 22 1 494 75 0 494 84 13 494 98 3 495 19 21 495 31 1 495 34 15 495 37 25 495 89 26 496 97 15 497 22 30 497 55 14 497 84 27 498 59 6 499 4 23 499 6 12 499 18 21 499 88 16 500 2 20 500 21 5 500 24 1 500 61 31 500 68 23 500 100 25 501 88 22 502 3 4 502 32 28 502 40 25 502 72 17 503 9 6 503 52 10 503 69 11 503 69 29 503 96 20 504 3 20 504 11 29 504 40 11 504 72 26 505 6 5 505 32 14 505 97 7 506 23 0 506 36 6 506 41 27 506 43 23 507 35 22 508 65 26 509 35 15 509 52 25 509 54 19 509 99 21 510 34 26 510 46 24 510 80 1 511 32 21 511 51 12 511 70 7 511 93 3 511 94 29 512 11 28 512 25 26 512 73 19 512 89 18 512 92 9 512 93 0 513 7 28 513 16 8 513 46 10 513 76 16 514 6 5 514 62 4 514 80 4 515 20 1 515 56 29 515 90 11 515 94 2 516 5 0 516 5 14 516 12 10 516 28 13 516 37 15 516 64 29 517 13 30 517 27 3 517 33 24 517 38 10 517 39 5 518 34 31 518 74 21 518 92 10 519 28 30 520 43 14 520 67 23 520 90 5 521 11 30 521 55 20 521 77 10 522 66 13 522 68 26 522 90 7 523 8 0 524 51 28 525 20 17 526 42 3 526 42 7 526 43 26 526 52 21 527 12 15 527 14 12 527 24 26 527 59 25 528 1 7 528 36 10 528 50 20 528 79 23 529 55 9 529 57 16 529 68 5 530 11 16 530 31 15 530 79 11 531 27 21 531 37 11 531 46 24 531 50 29 531 60 9 531 71 21 531 71 27 531 88 28 531 96 4 532 34 27 533 45 5 533 83 16 534 0 4 534 57 13 535 31 9 535 36 19 535 95 6 536 30 27 536 35 0 536 35 19 537 5 6 537 13 9 537 29 11 537 48 8 537 79 4 538 41 17 538 55 18 538 96 26 539 3 1 539 6 15 539 61 24 539 71 26 539 80 15 539 88 25 540 13 2 540 14 13 540 54 16 541 16 4 541 37 15 541 65 23 541 71 5 543 14 12 543 16 30 543 30 19 543 56 25 544 25 7 544 30 26 544 71 10 544 72 14 544 79 10 544 85 27 544 96 2 545 12 25 545 95 15 545 99 14 546 9 5 546 15 20 546 36 7 546 58 2 547 31 22 547 39 30 547 62 30 547 96 12 548 12 9 548 56 7 548 56 17 549 29 22 549 72 31 549 81 15 549 83 16 550 37 10 550 49 24 550 97 7 551 67 9 551 81 21 551 98 28 551 99 30 552 12 31 552 23 20 552 86 5 553 36 4 553 74 3 553 75 1 553 99 28 554 6 4 554 12 31 554 66 8 555 18 5 555 51 1 555 74 1 556 12 6 556 15 9 556 26 12 556 30 8 556 43 24 556 71 16 557 67 16 557 82 15 558 45 15 558 97 13 558 97 16 559 0 26 559 67 18 559 98 27 560 10 16 560 33 16 561 61 31 561 62 16 561 82 19 561 97 25 562 13 6 562 20 6 562 85 21 563 42 5 563 56 17 563 63 14 563 86 31 564 9 30 564 35 19 564 63 28 564 64 5 564 77 31 565 32 13 565 40 18 565 63 0 565 76 31 566 20 19 566 24 24 566 29 4 566 31 14 566 45 7 566 48 6 566 88 3 567 15 21 567 30 4 567 56 2 567 92 17 568 11 21 568 27 6 568 33 3 569 26 1 569 63 26 569 93 9 570 5 15 570 35 23 570 45 5 571 23 19 571 66 20 571 79 14 572 23 7 572 38 2 573 6 15 573 11 16 573 22 8 573 26 21 573 32 27 573 43 12 573 53 26 574 43 14 575 1 7 575 14 8 575 37 31 575 57 27 575 62 12 576 67 9 577 28 22 577 77 10 578 42 22 578 78 4 579 19 18 579 20 30 579 32 9 580 16 27 580 20 24 580 55 15 580 59 4 580 64 8 580 91 8 581 38 19 581 40 19 581 54 17 581 71 11 581 92 16 581 99 15 582 1 31 582 49 21 583 2 28 583 15 3 583 25 30 583 34 20 583 80 6 583 86 6 584 51 25 584 82 10 584 82 22 584 83 10 585 8 25 585 26 15 585 40 12 585 40 14 585 90 30 585 93 9 585 96 21 586 32 15 586 43 8 586 44 5 586 58 29 586 69 14 586 99 12 587 56 21 587 99 3 589 45 10 589 87 15 590 2 15 590 3 23 590 8 10 590 25 18 591 0 22 591 34 14 591 34 25 591 88 4 593 0 29 593 46 24 593 47 5 593 54 10 593 74 26 594 7 9 594 40 9 594 63 22 594 64 9 594 88 24 594 91 13 595 91 23 596 55 26 597 56 11 597 81 18 597 96 11 598 21 7 598 69 0 598 71 8 598 77 1 598 87 2 599 30 8 600 0 21 600 42 7 600 75 25 601 2 10 601 7 8 601 76 31 602 28 26 602 62 7 602 71 3 602 85 31 603 83 14 604 12 22 604 13 10 604 72 9 604 73 22 604 94 6 605 6 3 605 44 28 605 53 16 606 27 31 606 90 1 606 98 31 608 17 27 608 29 2 609 45 3 609 76 24 609 80 3 610 12 22 610 17 11 610 36 13 610 54 25 611 22 21 612 1 2 612 8 2 612 9 18 612 11 23 612 34 22 612 58 14 612 72 3 613 46 14 613 57 31 614 8 21 614 11 31 614 42 18 614 99 12 615 10 10 615 33 13 615 72 4 616 6 1 617 21 31 617 32 18 617 44 27 617 75 9 618 3 23 618 26 1 618 99 27 620 18 9 620 29 23 620 39 17 620 72 7 621 12 29 621 35 9 621 55 15 621 64 3 622 21 26 622 25 12 622 52 7 623 26 30 623 29 12 623 32 24 624 0 4 624 0 8 624 2 28 624 68 0 625 7 3 625 7 8 625 18 9 625 60 30 625 68 10 625 80 4 626 23 24 626 69 15 627 44 29 628 63 31 628 66 24 628 87 1 629 18 28 629 79 24 629 84 22 630 7 5 630 42 7 630 49 31 630 66 1 631 40 14 631 62 24 631 78 31 631 97 21 632 8 7 632 29 15 632 43 23 632 88 27 633 48 19 633 69 8 633 89 25 633 90 27 634 2 31 634 35 1 634 39 21 634 49 15 634 51 17 634 53 23 634 55 11 634 87 20 635 6 7 635 40 24 635 60 24 635 74 16 636 1 0 636 12 31 636 15 14 636 51 17 637 0 13 637 17 4 637 28 23 637 38 5 637 73 2 637 82 24 637 94 12 638 24 5 639 2 17 639 24 12 639 49 22 639 85 1 640 16 9 640 16 11 640 53 12 640 90 20 641 13 2 641 73 26 641 99 30 642 12 13 642 30 29 642 67 6 642 90 22 642 92 24 643 51 9 643 62 23 643 66 7 644 57 29 645 46 20 645 90 14 646 15 3 646 59 16 647 73 29 647 76 28 647 82 21 648 14 14 648 22 22 648 90 25 649 78 24 649 98 9 650 26 22 651 2 9 651 62 27 651 90 7 651 99 31 652 3 15 652 59 20 652 70 21 653 30 20 653 35 11 653 36 20 654 50 15 654 87 1 654 99 25 655 18 11 655 35 0 656 24 23 656 28 7 656 37 31 656 48 20 656 82 7 656 92 30 658 8 16 658 58 5 658 85 31 659 15 15 659 62 28 660 4 20 660 6 17 660 30 9 660 40 12 660 58 3 660 67 29 660 79 28 661 11 10 661 46 1 661 52 4 661 62 23 661 68 22 661 85 18 661 89 15 662 39 20 662 54 14 662 74 11 662 78 7 663 26 16 663 98 4 664 19 18 664 51 2 665 22 23 665 27 6 665 44 5 665 83 1 665 91 31 665 96 27 665 100 12 666 20 26 666 93 13 667 2 5 667 12 28 667 14 20 667 24 26 667 42 7 667 53 14 667 56 0 668 1 28 668 36 31 668 47 21 668 86 2 668 93 6 669 24 19 669 35 25 669 83 28 670 7 31 670 36 14 670 49 9 670 59 29 671 25 9 671 94 9 672 8 14 672 50 26 672 91 0 673 58 23 673 60 21 673 94 4 674 50 29 674 56 26 674 63 16 674 80 4 674 90 1 674 98 28 675 19 9 675 19 12 675 22 17 675 84 22 676 26 1 676 38 25 676 43 13 677 12 28 677 18 5 677 28 18 677 66 10 677 96 4 678 3 18 678 39 1 679 22 24 679 30 15 679 71 11 680 23 13 680 34 28 680 52 24 680 55 18 680 88 10 681 23 16 681 47 0 682 39 7 683 70 18 683 92 7 684 34 2 684 42 6 684 57 2 685 35 1 685 57 24 685 67 7 685 70 2 686 20 2 686 46 31 686 69 21 686 84 3 687 3 14 687 14 27 687 40 12 687 56 1 687 78 10 687 80 15 688 8 5 688 31 11 688 42 18 688 46 14 688 71 0 688 99 7 689 4 1 689 10 15 689 12 13 689 24 5 689 34 1 689 53 8 689 92 25 689 95 26 689 97 20 690 84 8 690 94 10 691 34 13 691 51 29 691 62 20 691 69 28 691 85 13 693 7 20 693 77 27 693 90 18 694 18 4 694 33 11 694 43 29 694 75 3 694 77 16 694 93 3 695 2 27 695 84 25 696 3 28 696 73 20 697 49 12 698 21 31 698 62 14 698 84 18 699 13 26 699 49 12 699 69 31 699 76 15 699 91 10 700 25 0 700 60 31 700 74 19 701 45 4 702 30 7 702 34 14 702 48 8 703 7 25 703 14 23 703 57 7 703 77 31 704 60 6 705 5 31 705 27 12 705 85 18 706 28 27 706 47 19 706 87 11 707 12 0 707 66 29 708 58 16 708 65 16 709 40 3 709 45 15 709 50 8 709 56 26 710 54 16 710 62 31 710 71 27 711 31 3 711 39 18 711 98 15 712 15 30 712 22 17 712 78 5 713 34 11 714 19 10 714 22 24 714 100 18 715 17 5 715 62 29 715 83 22 715 94 7 716 31 10 716 41 9 716 74 21 716 90 13 717 63 0 717 75 28 718 45 7 718 70 8 719 9 26 719 14 2 719 40 2 719 56 16 719 62 4 719 86 18 719 95 14 719 98 29 720 58 12 720 68 29 721 36 25 721 76 30 721 99 7 722 12 4 722 26 2 722 82 9 722 86 19 722 89 17 723 38 18 723 62 12 724 25 13 724 31 12 724 35 16 724 88 17 725 100 12 726 2 2 726 9 27 726 18 25 726 26 25 726 35 30 727 8 27 727 29 24 727 52 13 727 63 30 727 68 23 727 75 27 727 99 18 728 1 30 728 22 28 728 24 27 728 38 20 728 75 19 728 86 2 728 98 12 729 100 24 730 34 8 731 6 2 731 76 4 732 16 17 732 30 13 732 46 29 732 54 11 732 69 13 732 81 26 732 85 9 732 88 12 732 98 3 733 35 15 733 72 24 733 98 21 734 63 15 735 2 16 735 15 6 735 28 27 735 35 23 735 43 22 736 5 4 736 27 28 736 65 11 736 96 17 737 62 24 737 98 22 738 35 12 738 47 12 738 88 23 739 28 26 739 46 6 739 81 20 740 21 1 740 86 3 741 88 31 741 91 19 741 99 28 742 12 1 742 44 22 743 8 14 743 14 0 743 67 12 744 28 11 744 40 11 745 12 2 745 46 10 745 51 28 745 70 15 745 96 7 746 17 0 746 31 4 746 45 29 746 49 18 746 76 23 746 95 30 746 99 17 747 1 14 747 15 16 747 32 5 747 51 17 747 62 5 747 63 2 747 73 1 747 89 23 747 100 14 748 10 25 748 37 4 748 44 7 748 44 30 748 49 7 748 68 15 748 79 10 749 15 14 749 15 19 749 50 12 749 74 21 749 87 4 750 3 4 750 41 23 750 78 18 750 79 14 751 38 8 751 76 6 752 6 26 752 10 20 752 48 22 752 84 31 753 31 31 753 62 26 753 68 15 754 32 6 754 34 17 754 40 5 754 48 0 754 64 29 754 71 9 755 9 31 755 26 16 755 38 0 756 9 16 757 4 29 757 20 24 757 25 30 757 87 30 757 95 9 758 44 7 758 49 19 759 27 25 759 75 28 760 17 27 760 43 30 761 22 29 762 20 1 762 52 16 762 95 9 763 2 22 763 81 18 764 41 23 764 44 28 764 51 14 764 58 4 765 14 1 766 77 23 766 80 20 767 3 12 767 26 0 767 46 30 767 76 0 768 12 13 768 29 19 769 19 18 770 71 5 771 88 20 771 99 5 772 18 3 772 36 0 772 50 0 772 54 18 772 83 16 772 99 14 773 64 9 774 4 19 774 19 8 775 12 1 775 53 6 775 56 4 776 0 30 776 27 9 776 39 2 776 82 27 778 31 7 778 34 27 778 41 25 778 50 0 778 70 31 778 92 11 779 18 14 779 19 31 779 64 30 779 99 20 780 16 27 780 28 2 780 77 8 781 63 9 781 100 15 782 20 31 782 27 18 782 28 15 782 34 22 782 51 10 782 84 12 782 85 8 782 96 15 783 43 0 783 69 27 783 82 29 783 83 19 784 6 15 784 46 19 784 53 18 784 65 4 784 85 4 785 50 12 785 71 1 786 2 27 786 26 23 787 15 22 787 49 21 787 96 9 788 12 23 788 20 17 788 38 0 788 74 3 789 18 31 789 19 10 789 25 14 789 26 24 789 92 27 790 9 20 790 13 20 790 25 31 790 55 22 791 5 22 791 13 18 791 76 26 791 82 10 792 15 20 792 91 15 792 97 29 792 99 8 793 2 2 793 5 24 793 40 22 793 61 23 794 11 6 794 18 12 794 58 3 796 25 26 796 64 11 796 68 2 796 79 19 796 90 25 797 86 13 798 77 23 798 79 28 798 89 18 799 4 4 799 87 7 799 94 9 800 31 14 800 47 3 800 59 18 800 92 7 801 26 16 801 28 20 801 35 11 801 40 22 801 53 19 801 59 11 802 20 7 802 45 18 802 54 26 802 78 21 802 89 6 802 93 10 803 100 2 803 100 10 804 56 17 804 75 31 805 37 6 805 41 29 805 51 23 806 31 3 806 31 22 806 43 13 806 75 23 806 86 9 807 17 13 808 31 4 808 45 20 808 99 25 809 41 4 809 80 15 809 82 7 810 30 6 810 48 21 810 77 22 811 21 11 811 61 5 811 92 14 813 50 22 813 53 21 814 12 14 814 26 16 815 64 0 815 86 20 816 2 21 816 13 1 816 33 16 816 49 19 816 69 15 817 35 23 817 40 4 817 79 3 817 94 1 818 57 15 818 89 15 819 4 0 819 9 19 819 93 12 820 19 13 820 51 1 820 58 23 820 69 29 821 2 30 821 4 19 821 7 0 821 56 0 821 59 26 821 73 22 822 27 25 822 84 7 823 7 22 823 44 9 823 64 25 823 69 29 823 95 15 824 20 29 824 37 7 824 72 31 825 26 16 825 53 25 825 73 8 825 80 25 826 42 16 826 55 14 826 57 13 827 59 15 827 84 7 827 86 15 827 91 7 827 98 17 828 9 29 828 59 20 828 72 21 828 78 27 829 17 23 829 51 19 829 85 14 830 33 22 830 38 5 830 47 2 830 78 1 831 8 2 831 32 23 831 46 28 831 77 26 831 98 24 831 100 14 832 64 21 832 74 28 832 95 24 833 94 27 834 45 31 834 90 26 835 27 23 835 41 30 835 42 16 835 47 15 835 49 3 835 98 27 836 18 20 836 43 22 836 56 31 836 87 1 837 5 16 837 12 25 837 68 29 837 79 15 838 45 6 838 61 1 839 39 21 840 4 1 840 14 5 840 32 23 840 67 14 840 77 19 840 98 25 841 30 7 842 6 9 842 19 26 842 32 17 842 33 4 842 59 17 842 81 21 843 8 20 843 14 7 843 28 30 844 12 19 844 33 13 844 35 25 844 94 6 845 8 13 845 13 14 845 18 11 845 60 16 846 2 25 846 49 26 846 50 3 847 26 26 847 30 10 848 35 19 848 51 6 848 51 19 848 55 19 848 66 9 848 90 4 849 42 7 849 88 29 849 97 13 850 7 16 850 27 9 851 24 3 851 26 21 851 65 3 852 38 3 852 60 26 852 76 31 852 100 23 853 46 28 853 71 12 853 81 22 854 2 23 854 26 10 854 65 23 854 89 1 855 5 18 855 16 5 855 49 8 855 56 4 856 2 11 856 2 22 856 29 2 856 71 20 856 96 10 857 38 27 857 45 6 857 56 0 858 14 22 858 24 9 858 30 17 858 52 7 858 54 14 858 98 24 859 3 1 859 11 9 859 60 23 859 73 14 859 86 12 860 6 1 860 34 8 860 44 17 860 48 15 860 93 21 860 99 13 861 13 0 861 14 4 861 76 20 861 84 10 862 44 26 863 55 28 864 21 6 864 63 6 864 64 1 864 75 3 864 100 24 865 22 30 865 25 6 865 56 8 866 19 15 868 80 17 868 94 25 870 23 21 870 23 29 870 59 0 871 17 30 871 81 7 871 83 12 871 95 30 872 31 30 872 39 14 872 76 0 872 98 13 873 5 7 873 65 20 874 19 11 874 49 4 874 85 31 874 93 14 875 2 1 875 66 10 876 11 6 876 13 4 876 49 7 876 76 27 878 7 3 879 81 8 880 56 24 880 87 30 880 99 16 880 99 28 881 6 27 881 41 5 881 86 16 882 2 18 882 89 7 882 94 0 883 8 6 883 71 14 883 77 10 883 81 4 884 62 9 884 68 22 884 93 23 885 84 9 885 88 24 886 2 16 886 26 6 886 83 26 886 91 10 887 44 27 887 66 21 887 83 26 888 59 14 888 64 31 888 67 23 889 4 31 889 29 24 889 55 8 889 63 27 890 28 24 890 45 0 890 91 14 891 46 3 891 62 8 893 39 5 893 42 22 894 16 6 894 74 14 894 80 8 894 82 23 894 98 16 895 10 18 895 56 13 895 95 28 896 2 23 896 11 4 896 16 13 896 20 9 896 69 20 896 79 27 897 27 7 897 28 8 897 43 5 898 4 21 898 24 22 899 8 15 900 16 30 900 65 3 900 76 30 901 11 1 901 21 29 901 52 7 901 72 12 902 51 2 902 73 11 903 15 12 903 58 9 904 5 14 904 43 2 904 44 18 904 93 5 905 22 1 905 71 23 905 95 19 906 3 5 906 84 30 907 39 15 907 56 15 907 93 27 908 36 6 908 69 16 908 85 24 909 5 3 909 18 16 909 61 26 909 63 13 911 24 1 911 97 24 912 6 8 912 10 6 912 55 14 912 84 0 913 25 23 913 30 19 913 41 12 913 50 12 913 84 17 914 3 7 914 29 0 914 48 13 914 69 16 914 76 27 915 11 28 915 23 15 915 53 17 915 68 9 916 26 25 916 61 13 916 66 9 916 88 22 916 99 5 917 2 23 917 14 16 917 30 1 917 63 14 917 90 0 918 24 20 918 52 3 919 2 15 919 7 11 919 38 14 920 17 4 920 22 8 921 30 24 921 53 28 922 7 31 922 20 20 922 37 28 922 41 5 922 57 22 922 100 28 923 35 8 923 60 30 923 64 25 925 19 21 925 25 16 925 41 5 925 88 30 925 98 1 926 5 1 926 8 15 926 43 5 926 88 19 927 19 23 928 35 31 928 54 25 928 76 24 929 25 0 929 44 5 929 61 18 929 70 6 931 47 27 931 61 30 932 24 1 932 38 26 932 72 25 932 89 18 932 98 30 934 54 7 935 14 13 935 34 25 935 37 6 935 97 28 936 5 19 936 16 18 936 74 17 937 5 15 937 12 22 937 14 19 937 57 13 937 81 10 937 96 28 938 22 21 938 44 26 938 97 25 939 3 20 939 17 14 939 35 27 939 61 16 939 85 6 939 89 28 940 47 24 940 56 27 940 69 23 941 44 20 941 55 26 941 62 20 942 34 15 942 78 15 942 78 17 942 82 1 942 100 3 943 16 8 943 45 0 943 49 1 944 7 24 944 12 16 944 98 7 945 36 3 946 6 3 946 17 12 946 18 22 946 50 4 946 97 13 947 23 23 947 86 5 947 89 10 947 99 20 948 47 2 948 70 16 949 0 5 949 4 3 949 11 19 949 72 16 949 74 0 949 79 28 949 97 30 950 61 8 950 67 12 951 0 3 951 0 5 952 26 19 952 42 16 952 60 13 954 85 26 954 96 31 955 23 12 955 45 19 955 91 14 956 47 19 957 0 18 957 39 13 957 42 0 957 44 17 958 17 12 958 97 10 959 8 20 959 31 19 959 35 8 959 41 14 960 4 11 960 11 16 960 50 0 960 65 6 960 73 19 961 9 9 961 26 0 961 28 8 961 32 2 961 32 26 961 69 31 962 7 17 962 44 3 962 59 16 962 78 13 962 92 7 962 100 24 963 6 9 963 15 14 963 19 7 963 31 19 963 43 16 963 54 21 963 89 28 964 45 7 964 53 10 964 62 29 965 5 10 965 54 20 965 87 31 966 81 2 966 96 23 967 3 5 967 15 29 967 18 23 967 46 15 967 55 31 967 76 27 967 95 15 968 38 20 969 12 3 970 49 28 970 69 24 970 82 23 970 95 3 970 95 24 971 71 11 972 23 31 973 16 12 973 36 12 974 4 10 974 16 5 974 21 10 974 70 19 974 93 7 975 11 14 975 20 4 975 56 28 976 13 21 976 39 26 976 70 15 976 79 31 977 10 3 978 7 29 978 22 13 978 33 27 978 66 12 978 76 24 979 42 20 979 92 7 979 95 4 980 47 10 980 99 27 981 41 22 981 94 4 981 99 24 982 51 2 982 71 19 983 29 7 983 41 10 983 92 18 983 99 19 984 3 22 984 28 26 984 36 5 985 82 19 986 14 12 986 54 11 987 83 20 988 15 31 988 20 14 988 22 11 988 29 17 988 74 23 988 91 0 989 63 8 989 90 12 991 13 22 992 41 11 992 50 15 992 57 26 993 35 16 993 55 17 993 85 5 994 32 26 995 23 10 995 40 31 995 84 29 996 25 22 996 72 5 996 72 15 996 80 28 996 81 23 997 13 16 997 98 7 998 14 18 998 73 31 998 89 23 998 92 12 999 15 3 999 76 12 999 87 22 1000 74 4 1001 19 20 1001 26 16 1001 85 12 1001 90 1 1002 56 11 1003 17 0 1003 21 15 1003 39 3 1003 41 14 1003 84 28 1003 91 1 1003 93 27 1004 51 2 1004 62 20 1004 77 9 1004 97 11 1005 21 16 1006 37 8 1006 51 27 1006 60 28 1006 63 16 1007 60 31 1007 65 7 1007 95 7 1009 1 18 1009 3 30 1009 100 17 1010 45 28 1010 63 7 1010 84 3 1011 7 17 1011 34 9 1012 1 8 1012 47 25 1012 53 12 1013 72 23 1014 97 2 1017 67 26 1017 88 24 1018 11 10 1018 24 27 1018 28 31 1018 92 26 1019 12 24 1019 14 23 1019 31 18 1019 49 0 1020 18 15 1020 41 10 1020 56 29 1020 78 26 1021 45 5 1021 66 16 1021 67 3 1021 91 24 1021 93 31 1022 65 6 1022 84 4 1023 6 28 1023 27 26 1023 94 19 1024 57 25 1024 60 11 1024 80 26 1024 92 10 1025 0 20 1025 5 2 1025 53 6 1025 63 17 1026 0 3 1026 11 2 1026 71 18 1026 84 22 1027 71 24 1027 80 8 1028 10 20 1028 18 6 1028 47 21 1028 80 27 1029 25 19 1029 35 23 1029 57 30 1029 60 30 1029 67 29 1029 68 20 1030 10 8 1030 34 19 1030 80 22 1030 98 5 1031 5 30 1031 57 22 1031 72 29 1031 74 5 1031 81 29 1032 6 27 1032 57 21 1033 4 1 1033 49 1 1033 63 2 1034 5 29 1034 34 9 1035 13 8 1035 65 10 1036 9 26 1036 18 4 1036 37 13 1036 98 0 1037 50 13 1037 94 17 1038 33 0 1038 75 26 1039 57 9 1040 18 19 1040 30 31 1040 64 11 1040 86 7 1041 72 5 1042 62 5 1043 15 6 1043 99 20 1044 7 2 1044 24 22 1044 50 15 1044 60 28 1046 6 28 1046 15 21 1046 16 9 1046 30 3 1046 41 22 1046 65 25 1046 80 28 1046 85 30 1046 93 17 1047 22 21 1048 24 0 1048 31 10 1048 55 8 1048 62 20 1048 73 30 1049 84 9 1049 85 7 1050 14 17 1050 22 9 1050 79 12 1051 20 18 1051 91 27 1052 39 3 1052 58 17 1052 62 17 1052 71 15 1053 20 23 1053 36 5 1053 65 3 1053 96 20 1053 100 11 1054 30 26 1054 56 6 1055 99 14 1056 2 18 1056 7 30 1056 79 3 1057 69 14 1057 78 29 1058 16 26 1058 19 5 1058 50 7 1058 65 3 1058 80 1 1059 65 11 1059 92 21 1061 3 19 1061 17 2 1061 35 9 1062 11 29 1062 89 10 1063 25 12 1063 32 22 1063 73 2 1063 74 11 1063 95 12 1064 10 19 1065 7 12 1065 13 18 1065 17 20 1065 63 16 1065 67 2 1065 80 14 1065 82 30 1065 92 0 1065 93 7 1066 30 3 1066 75 23 1066 76 31 1066 78 8 1067 52 20 1067 53 25 1068 25 19 1068 67 3 1069 61 10 1069 79 17 1070 26 15 1070 27 16 1070 29 20 1071 67 16 1071 96 29 1072 4 27 1072 17 0 1072 24 24 1072 50 31 1072 63 6 1073 54 26 1074 66 29 1074 93 29 1075 40 13 1075 47 12 1075 79 7 1075 82 14 1076 11 17 1076 32 24 1076 70 28 1077 11 7 1077 23 7 1077 40 29 1077 88 6 1078 58 0 1078 87 20 1079 14 11 1079 54 30 1079 64 2 1079 68 11 1080 9 26 1080 28 31 1080 37 20 1080 67 24 1081 79 6 1081 83 26 1081 92 1 1082 2 24 1082 83 9 1082 84 7 1082 100 0 1083 24 24 1083 72 18 1083 75 27 1084 57 29 1084 62 11 1084 78 28 1085 15 20 1085 21 0 1085 38 7 1085 42 28 1085 43 15 1086 27 28 1086 54 13 1086 70 28 1086 99 9 1087 0 26 1087 18 23 1087 26 19 1087 86 16 1088 39 30 1088 46 22 1088 49 9 1088 59 19 1088 85 23 1088 99 8 1089 17 25 1089 18 13 1089 73 16 1089 96 5 1090 37 11 1090 74 23 1091 28 4 1091 75 22 1091 77 12 1092 0 20 1092 20 8 1092 60 5 1093 2 4 1093 36 11 1093 60 29 1094 32 17 1094 67 25 1094 74 16 1095 3 4 1095 34 6 1096 12 19 1096 58 16 1096 76 27 1096 77 19 1096 99 12 1097 43 16 1097 61 27 1097 75 23 1098 71 5 1099 25 1 1099 34 17 1099 42 21 1099 97 11 1100 48 10 1100 58 22 1100 83 31 1101 46 6 1102 11 5 1102 48 10 1102 53 23 1103 29 17 1103 31 29 1103 32 5 1103 63 28 1103 64 17 1103 65 19 1103 82 1 1103 96 1 1104 33 3 1104 42 18 1104 49 8 1105 21 9 1105 82 30 1105 93 22 1106 33 29 1106 84 9 1106 89 8 1106 89 10 1107 13 7 1107 53 6 1107 54 25 1109 24 21 1109 38 23 1109 49 1 1109 63 25 1110 42 2 1110 51 8 1110 53 31 1110 60 1 1110 75 29 1111 27 14 1111 38 17 1111 94 9 1111 97 16 1112 10 25 1112 13 21 1112 70 30 1112 82 27 1113 97 11 1114 30 2 1114 54 26 1114 58 6 1114 77 5 1114 84 25 1115 68 16 1115 81 0 1115 98 29 1116 9 1 1116 29 25 1116 44 11 1116 65 23 1116 73 21 1116 85 16 1118 11 5 1118 97 24 1119 34 27 1119 40 17 1119 41 27 1119 89 22 1120 2 9 1120 49 1 1120 62 24 1121 30 15 1121 85 6 1122 26 6 1122 43 11 1122 46 29 1122 49 3 1122 60 30 1122 74 21 1122 92 20 1123 61 12 1123 61 20 1123 82 4 1123 83 14 1124 25 18 1124 26 25 1124 94 28 1124 100 4 1125 81 19 1125 89 18 1126 64 16 1126 77 9 1126 86 14 1127 59 4 1127 88 4 1128 53 8 1128 96 23 1129 24 23 1129 46 26 1130 20 9 1130 65 7 1131 5 14 1131 13 29 1131 52 10 1131 52 20 1131 63 24 1131 72 1 1132 2 2 1133 12 16 1133 35 0 1133 100 20 1134 4 27 1134 47 31 1134 68 26 1134 81 1 1134 94 11 1135 0 28 1135 79 9 1136 8 3 1136 46 1 1136 53 10 1138 10 12 1138 69 0 1138 74 14 1139 2 7 1139 11 1 1139 16 29 1139 18 9 1139 26 28 1139 52 14 1139 58 18 1140 6 0 1140 66 19 1140 72 18 1141 87 1 1142 54 27 1142 57 27 1142 60 12 1142 78 14 1142 79 25 1142 88 5 1143 61 18 1144 2 29 1144 77 30 1145 44 17 1145 86 30 1145 93 31 1146 25 20 1146 40 15 1146 42 14 1146 78 1 1146 95 5 1146 95 29 1147 93 25 1147 96 18 1147 97 1 1148 8 1 1148 33 12 1148 78 31 1148 84 29 1149 4 13 1149 48 20 1150 1 1 1150 12 22 1150 18 17 1150 22 15 1150 67 30 1150 72 4 1151 3 8 1151 9 1 1151 27 25 1151 42 19 1151 94 5 1153 24 16 1153 49 8 1153 51 2 1154 11 12 1155 21 23 1155 68 14 1155 71 14 1155 90 24 1156 8 11 1156 9 22 1156 21 21 1156 86 13 1156 95 1 1157 21 24 1157 42 13 1157 100 12 1158 67 22 1159 73 1 1160 27 1 1160 41 27 1160 43 19 1160 80 19 1160 82 29 1160 83 11 1161 19 0 1161 38 27 1162 15 24 1162 97 18 1163 31 15 1163 61 7 1163 89 29 1164 25 11 1164 44 21 1165 12 6 1165 32 17 1165 52 22 1165 66 21 1165 87 27 1166 79 14 1166 99 7 1167 29 13 1167 32 5 1167 37 19 1167 71 24 1168 98 30 1169 37 8 1169 63 15 1169 72 14 1170 40 27 1172 23 2 1172 29 22 1172 45 2 1172 56 29 1172 77 3 1172 80 2 1173 60 23 1174 37 23 1174 66 0 1174 71 1 1174 72 14 1175 92 31
258 3563 0.001 72 21 15 73 62 22 74 47 11 74 88 6 75 17 13 75 69 10 75 82 5 76 31 5 76 95 27 77 16 27 77 35 30 77 42 1 77 53 17 77 56 26 78 3 1 78 17 23 78 27 20 78 49 10 78 81 30 78 93 3 78 93 23 79 29 5 79 34 0 79 38 13 81 7 19 81 70 14 81 94 0 82 8 17 82 22 16 82 38 19 82 71 9 83 5 8 83 29 20 84 57 10 84 80 12 84 88 16 85 14 2 85 45 7 85 59 29 85 87 14 85 94 17 85 97 24 85 99 2 86 98 24 87 68 26 88 41 10 88 48 20 88 81 28 88 92 15 88 95 30 89 41 20 89 42 21 89 58 29 89 61 14 89 92 20 90 51 27 90 61 9 91 36 5 91 36 27 91 46 4 91 47 10 91 62 3 91 70 26 92 94 7 93 71 29 94 20 19 94 27 7 94 71 22 94 72 7 94 79 11 94 91 17 95 5 4 95 30 6 95 80 13 96 28 6 96 64 14 96 91 30 96 96 12 97 86 0 98 15 8 98 33 21 98 34 14 98 43 11 98 81 19 99 77 31 99 92 20 100 14 7 100 43 17 100 67 21 100 73 19 100 87 24 101 6 17 101 56 5 101 66 26 101 88 28 101 95 4 102 26 27 102 44 21 102 58 8 102 88 2 103 2 9 103 57 25 104 54 12 105 52 0 105 89 16 106 13 21 106 36 10 106 58 2 106 89 6 107 11 22 107 19 7 107 43 22 108 68 18 109 50 17 110 4 10 110 34 26 111 40 8 111 54 7 111 75 30 111 83 20 111 87 7 111 100 6 112 44 16 113 35 28 113 52 17 113 72 3 113 80 18 114 13 20 115 7 18 115 12 7 115 43 23 115 45 6 115 99 18 116 8 20 116 13 6 116 37 4 116 63 8 116 64 14 117 14 30 117 35 12 117 46 26 117 56 16 117 100 7 118 14 5 118 16 8 119 11 9 119 31 30 119 42 0 119 61 19 119 83 0 120 41 29 120 64 2 120 86 13 121 10 21 121 86 13 122 43 18 122 83 30 122 94 1 123 26 27 123 41 18 123 56 2 123 75 6 123 82 30 124 10 26 124 19 28 124 72 1 125 98 10 126 21 17 126 30 14 126 67 12 126 71 12 126 99 13 127 9 8 127 10 22 127 32 26 127 32 30 127 38 2 127 58 27 127 68 14 128 36 5 128 45 7 128 56 29 128 67 20 128 84 31 128 99 20 129 11 2 129 49 5 129 97 27 131 77 1 131 88 18 132 5 22 132 30 31 133 2 22 133 61 17 133 72 12 134 9 16 134 61 22 134 74 17 134 81 16 134 83 13 135 15 20 135 81 15 135 81 25 135 96 13 137 42 11 137 44 6 137 79 13 137 91 18 138 38 1 138 61 9 138 66 21 138 71 30 138 72 8 138 80 7 139 33 17 139 45 19 139 48 15 139 53 26 139 60 1 139 60 21 139 93 0 140 55 20 140 68 3 140 83 19 142 29 6 142 66 18 142 67 15 142 69 15 143 12 14 143 49 3 144 20 2 144 20 26 144 22 28 144 31 29 144 51 1 144 66 19 144 78 16 144 83 26 145 20 1 145 43 22 146 53 9 146 69 4 146 72 10 146 95 25 147 24 8 147 63 6 150 57 27 151 64 15 151 98 27 152 1 3 152 18 1 152 43 19 152 98 16 153 15 15 153 30 10 154 58 30 155 23 19 155 62 17 155 65 11 155 80 11 156 78 5 156 91 19 157 32 24 158 20 18 158 65 6 158 93 31 159 39 5 160 33 29 160 62 26 161 2 12 161 66 0 161 96 6 162 9 29 162 71 25 163 19 19 163 30 20 163 32 31 164 15 1 164 23 0 164 63 30 164 75 28 164 92 20 165 54 28 165 56 30 165 59 31 165 86 9 166 0 10 166 0 28 166 45 11 166 67 14 166 86 0 167 20 18 167 95 13 168 1 16 168 17 3 170 23 13 170 27 16 170 74 26 170 88 10 171 0 17 171 33 25 172 3 16 172 9 16 172 13 15 172 49 8 172 100 6 173 1 29 173 52 30 173 57 6 173 66 31 175 67 20 176 58 12 176 67 8 176 88 8 176 91 3 177 5 20 177 9 19 177 37 3 177 67 3 178 11 29 178 50 12 178 64 10 179 41 19 179 54 30 179 75 5 179 83 27 180 12 25 180 14 8 180 31 18 181 6 6 181 12 23 181 42 2 181 87 22 182 61 1 182 79 18 182 83 28 182 92 15 183 24 13 183 27 17 183 36 30 184 52 0 184 76 24 184 94 9 185 33 28 185 46 3 185 50 3 185 54 28 185 58 15 185 79 2 186 35 31 186 42 8 186 55 7 186 72 6 188 15 24 188 58 29 188 92 14 188 98 13 189 74 23 190 61 10 190 61 13 190 75 1 190 99 3 191 35 23 192 22 12 192 29 7 192 45 1 192 46 4 192 64 6 192 93 1 192 100 13 193 97 29 194 2 21 195 15 15 195 70 7 195 71 19 195 85 22 196 12 0 196 54 7 196 66 11 196 76 29 196 77 15 196 95 8 197 10 19 197 39 14 197 50 19 197 90 10 198 31 10 199 3 13 199 5 10 199 11 4 199 14 0 199 65 11 200 62 10 200 76 23 201 40 14 201 87 15 202 28 21 202 53 18 202 54 31 202 74 30 204 27 14 204 54 20 204 66 11 204 74 8 204 76 27 205 7 14 205 10 25 205 44 15 205 71 23 205 79 12 205 82 26 206 48 25 206 55 16 207 22 9 207 56 13 208 9 3 208 12 25 208 56 15 208 63 16 209 35 23 209 65 9 209 67 8 209 98 9 210 5 8 210 7 11 210 9 17 210 37 14 210 80 10 210 96 15 211 1 4 211 33 0 211 33 13 211 88 27 212 49 23 212 50 11 212 52 25 213 44 30 213 95 8 214 23 17 214 31 23 214 34 22 214 76 6 215 51 23 215 67 11 215 88 11 216 46 14 216 86 23 217 38 2 218 37 28 218 93 17 219 32 5 219 77 29 219 83 18 220 11 24 220 23 14 220 55 0 220 75 24 220 88 8 220 91 22 221 21 23 221 21 30 222 30 20 222 33 30 222 78 25 223 10 18 224 3 14 224 39 7 225 39 28 225 41 9 225 51 11 225 76 31 225 79 12 225 94 5 226 26 26 226 29 8 226 35 17 227 25 26 227 64 22 227 80 9 228 25 15 229 0 14 229 18 20 229 55 31 230 45 18 230 61 25 230 66 7 231 6 26 232 3 20 232 5 1 232 28 15 232 47 5 232 80 15 232 87 25 233 54 3 233 98 3 234 31 31 234 62 31 234 65 2 234 72 7 235 76 26 235 90 31 236 3 9 236 34 10 236 67 7 236 94 25 236 96 18 237 75 13 238 76 15 239 22 14 239 49 5 239 70 13 239 86 27 240 0 5 240 8 12 240 22 0 240 37 23 240 42 7 240 72 30 240 77 13 241 22 20 241 31 22 241 32 10 241 35 1 241 88 31 242 10 20 242 40 13 242 60 14 242 62 9 244 84 28 245 4 7 245 37 9 245 50 7 246 56 8 246 58 17 246 66 18 247 5 4 247 36 0 247 93 18 248 41 11 248 55 8 248 63 31 248 73 1 248 80 11 248 97 28 249 8 15 249 26 24 249 53 3 250 25 17 250 80 2 251 17 3 251 33 26 251 39 30 251 45 11 252 70 4 254 26 21 254 64 0 254 71 9 255 3 27 255 11 0 255 24 25 256 0 17 256 79 20 256 85 10 256 90 19 257 49 7 257 76 26 257 81 3 257 82 11 257 88 18 258 6 8 258 57 6 259 2 27 259 10 12 259 19 16 259 23 8 259 27 7 259 50 30 259 97 1 260 8 16 260 8 25 260 27 30 260 81 30 260 90 29 261 11 22 261 31 4 261 42 28 261 48 18 261 57 21 261 94 6 262 55 21 262 88 19 262 94 29 263 0 8 264 43 8 264 75 21 265 3 7 265 8 22 265 24 6 266 36 0 266 70 15 266 75 13 267 3 28 267 11 22 268 12 1 268 33 27 268 77 4 269 18 16 269 42 14 269 100 26 270 18 20 270 18 29 270 59 28 271 7 20 271 16 4 272 29 10 273 3 20 273 6 5 273 9 17 273 22 23 273 57 1 273 67 9 273 88 31 274 0 20 274 12 6 274 40 27 274 66 11 275 7 12 275 58 27 275 69 11 275 99 17 276 0 16 276 25 24 276 36 31 276 88 19 276 91 21 276 96 19 277 2 6 277 74 10 277 92 1 278 23 4 278 30 10 278 43 27 278 64 26 278 76 9 278 85 24 279 56 9 279 93 9 280 4 0 280 64 20 280 76 23 280 79 16 281 42 20 281 49 16 281 65 13 281 93 14 282 22 10 282 56 6 282 74 11 282 98 31 283 4 0 283 28 19 283 41 19 283 51 27 283 68 26 283 93 13 283 99 17 284 3 1 284 12 24 284 34 21 284 73 2 285 0 24 285 6 26 285 24 16 285 52 20 285 70 10 285 99 12 286 23 23 286 68 23 286 75 16 287 66 12 287 78 13 287 79 24 288 6 0 288 19 17 288 27 19 289 63 15 289 67 4 289 72 1 290 34 5 291 9 22 291 61 13 291 77 18 291 87 7 291 96 2 292 29 8 292 95 21 293 25 5 293 71 6 293 82 0 293 96 23 294 59 9 294 64 14 294 72 17 294 77 28 294 85 26 294 90 9 294 97 6 294 97 25 295 42 7 295 48 16 295 53 6 295 91 1 296 18 21 296 24 10 296 32 4 297 7 0 297 13 6 297 19 28 297 27 13 297 30 1 297 52 23 297 65 26 297 95 21 298 14 17 298 23 10 298 66 21 298 87 1 299 3 18 299 57 5 300 29 26 301 29 2 301 57 14 302 39 13 302 51 15 303 63 27 303 66 14 303 70 12 303 92 21 304 14 13 304 50 21 305 15 3 305 98 10 307 9 11 307 20 27 307 87 17 308 33 28 308 38 10 309 26 17 309 32 29 309 48 30 309 64 23 310 6 23 310 13 18 310 42 5 311 14 1 311 66 23 312 42 23 313 20 7 313 38 0 313 46 14 313 68 29 313 93 2 314 29 8 314 92 21 314 94 1 315 9 4 315 49 20 315 49 31 315 74 12 315 93 0 316 68 11 316 98 9 317 1 2 317 86 3 318 4 11 318 6 19 318 46 9 319 20 11 319 32 19 319 38 15 319 53 4 319 71 5 319 81 28 320 7 21 320 50 12 321 22 11 321 30 2 321 34 12 321 44 23 321 86 5 322 34 3 322 60 10 322 62 13 322 79 7 322 98 4 323 29 14 323 48 3 324 10 25 324 28 31 324 50 10 324 72 9 324 77 31 324 78 21 324 97 11 325 46 20 325 63 15 325 90 5 325 90 16 326 48 13 326 84 13 327 54 14 327 60 7 328 14 7 328 37 8 328 76 25 328 100 0 329 51 7 329 62 30 330 12 1 330 16 13 330 17 10 330 64 2 330 67 8 331 7 23 331 26 9 331 84 25 332 73 13 333 78 23 334 24 15 334 39 23 334 68 11 334 78 12 335 11 20 335 58 30 335 64 7 336 13 5 336 42 26 336 54 12 336 75 29 336 90 21 337 17 17 337 29 30 337 63 9 338 30 3 338 59 3 338 95 10 338 95 20 339 13 8 339 57 9 339 65 1 340 53 10 341 3 12 341 43 17 342 9 6 342 17 5 342 27 7 342 29 21 343 19 26 343 20 19 343 58 15 343 80 2 344 30 20 344 49 30 344 85 30 345 23 3 345 39 2 345 57 17 345 61 1 345 61 20 346 4 0 346 28 31 346 40 9 346 66 11 346 87 23 347 44 26 347 62 12 347 67 31 347 76 30 348 20 25 348 54 20 348 70 4 348 74 8 348 79 1 349 9 22 349 26 5 350 6 2 350 36 16 350 48 17 351 63 14 352 15 26 352 29 18 352 45 8 352 66 7 352 82 23 353 42 17 353 44 18 353 93 3 354 35 14 354 71 8 355 22 8 355 54 26 355 66 15 355 88 31 356 2 19 356 14 8 356 14 20 356 42 14 357 33 31 357 44 27 357 59 16 357 72 3 357 81 1 357 82 31 357 92 11 358 40 27 358 58 5 358 64 30 358 87 29 359 36 7 359 41 20 359 57 8 359 57 9 359 69 1 359 100 15 360 20 22 360 35 7 360 48 28 360 64 14 360 78 20 360 87 23 361 76 9 361 88 19 362 17 7 362 39 31 362 58 5 362 81 23 363 49 11 363 54 3 363 67 3 363 89 22 363 98 7 364 22 9 364 76 13 365 12 18 365 35 20 365 72 31 366 32 4 366 64 24 366 67 15 366 78 16 367 40 18 367 57 10 367 79 12 367 99 10 368 15 8 369 76 10 370 97 21 371 13 14 371 15 11 371 29 6 371 42 15 371 51 3 371 59 13 371 60 31 371 72 21 372 2 4 372 8 10 372 21 27 372 84 30 372 87 20 372 94 24 372 100 7 373 18 8 374 47 12 374 48 1 374 67 27 374 68 27 374 82 28 375 12 25 375 80 17 375 92 9 376 88 30 376 92 17 376 100 7 377 29 21 377 42 12 377 50 6 377 70 7 377 72 2 378 1 11 378 21 11 378 29 29 379 4 10 379 73 2 380 58 28 381 32 1 381 47 30 381 83 6 381 100 25 382 3 6 382 10 16 382 19 20 382 43 9 382 63 12 383 6 18 383 28 11 383 41 24 384 30 23 384 68 9 384 91 8 385 2 12 385 37 31 385 42 16 385 59 12 385 59 24 385 71 6 385 95 5 386 8 24 386 19 24 386 24 24 386 62 3 386 64 27 386 100 7 387 37 25 387 57 27 387 69 5 388 17 1 388 77 6 389 51 17 390 37 0 390 70 10 390 84 10 390 98 3 391 22 27 391 41 14 391 45 8 391 64 15 392 15 11 392 65 13 392 84 15 394 1 30 394 4 0 394 10 1 394 25 15 394 29 1 394 87 17 394 95 31 394 97 24 395 22 24 395 33 10 395 45 1 395 50 26 395 62 27 395 84 10 395 84 13 396 52 11 397 32 18 397 35 15 397 50 3 397 58 30 397 94 21 398 8 13 398 9 12 398 9 24 398 40 15 398 91 23 399 18 14 399 19 13 399 26 22 399 72 18 399 91 21 400 23 29 400 39 17 400 96 7 401 39 23 401 58 14 401 80 2 401 88 25 401 99 19 402 45 16 403 35 7 403 44 7 403 74 21 403 84 5 403 87 10 403 94 25 405 0 25 405 74 6 406 64 11 406 74 2 406 90 17 407 47 15 408 8 9 408 41 8 408 45 16 408 79 27 409 5 31 409 16 9 409 59 15 410 9 0 411 10 27 411 50 4 411 51 11 412 1 15 412 11 5 412 66 4 413 55 24 414 75 14 415 2 21 415 34 29 415 50 3 415 74 11 416 2 2 416 4 6 416 11 18 416 87 21 416 95 6 416 95 7 417 11 0 417 18 13 417 24 0 417 83 19 417 96 9 418 41 21 418 50 10 418 55 25 418 72 14 418 99 6 418 99 29 419 18 9 419 27 13 419 84 25 419 86 17 419 95 21 420 13 2 420 37 7 420 43 24 420 93 16 420 97 26 421 27 5 421 48 23 421 50 12 421 62 23 421 75 14 421 76 15 421 83 12 422 40 7 422 83 10 422 92 9 423 1 12 423 42 30 423 86 31 424 96 29 425 61 16 425 96 24 426 10 22 426 12 22 426 52 15 426 56 14 427 63 26 427 74 12 427 87 4 428 3 6 428 5 3 429 0 7 429 49 0 429 88 21 431 43 12 431 93 27 432 60 4 433 7 12 433 33 24 434 17 26 434 51 27 435 2 31 435 61 2 435 80 24 436 5 1 436 28 3 436 39 19 436 40 21 436 52 4 436 70 31 437 64 14 437 65 25 437 73 1 437 84 4 438 2 5 438 2 7 438 4 2 438 18 2 438 80 23 439 7 21 439 18 18 439 24 21 440 0 25 440 23 16 440 97 14 440 99 5 441 73 31 442 31 25 442 45 12 442 86 27 442 94 7 443 54 1 444 16 21 444 25 16 444 45 28 444 76 14 445 27 30 445 31 4 445 47 6 445 57 30 446 24 6 446 38 23 447 17 2 447 38 9 447 96 8 448 30 20 448 32 27 448 81 22 448 83 23 449 13 30 449 20 30 449 62 26 450 1 21 450 39 9 450 42 5 450 99 31 451 22 0 451 82 25 453 24 6 453 27 6 453 84 9 454 42 11 454 96 19 455 1 16 455 68 28 455 74 5 455 82 29 455 88 30 456 12 19 456 42 20 456 88 7 457 7 20 457 45 6 457 58 4 457 60 9 458 4 29 459 10 9 459 45 13 459 47 29 460 20 4 460 45 8 460 68 27 460 81 12 460 82 24 460 82 25 460 90 31 461 26 13 461 46 16 461 50 16 461 70 13 461 98 22 462 5 21 462 78 27 463 33 0 463 60 28 464 50 2 464 73 25 465 39 19 465 45 13 465 52 18 465 67 27 466 17 24 466 49 0 466 50 13 466 54 10 466 69 9 466 72 13 466 73 23 467 34 3 467 36 19 467 46 17 467 58 21 467 90 1 468 30 27 468 31 29 468 58 24 468 74 26 468 88 13 469 40 28 469 72 17 469 74 18 469 99 12 470 25 23 470 66 19 470 87 7 471 18 6 471 29 27 471 36 28 471 39 11 471 69 18 472 12 19 472 89 9 473 29 18 473 52 12 473 57 14 473 84 8 474 36 18 474 62 24 474 77 24 474 78 3 476 7 25 476 21 7 477 51 25 477 53 15 477 82 4 477 92 22 477 97 30 478 31 9 478 35 6 478 78 3 478 91 1 479 21 17 479 41 26 479 64 31 479 81 2 479 92 6 479 97 14 480 21 14 480 51 22 480 63 5 481 4 23 481 15 31 482 66 15 482 77 8 483 10 23 483 13 11 483 20 0 483 77 30 483 81 14 484 11 25 484 61 1 485 77 19 486 24 30 487 13 0 487 21 26 487 73 25 488 13 10 488 52 24 489 29 20 489 66 25 490 6 20 490 13 11 490 36 25 490 83 9 490 84 2 490 86 5 490 86 20 491 10 15 491 32 26 492 29 4 492 81 14 492 90 27 493 7 3 493 34 23 493 42 9 493 45 0 493 52 16 493 68 30 493 78 20 494 33 8 494 46 28 494 57 10 494 96 22 495 4 20 495 25 31 495 64 1 495 73 31 495 88 17 495 94 6 495 97 9 496 19 4 496 74 17 496 90 4 497 2 13 497 22 16 497 23 15 497 27 6 497 65 13 497 84 25 498 94 15 499 11 18 499 23 3 499 25 12 499 72 0 500 21 16 500 82 19 502 19 19 502 44 22 502 55 8 502 68 18 503 51 9 503 72 19 503 76 3 503 97 17 504 1 31 504 7 9 505 12 9 505 22 17 505 76 28 505 81 18 505 92 12 506 19 12 506 37 17 506 44 24 506 98 4 507 73 7 508 12 4 508 42 20 508 58 26 508 61 10 508 84 10 509 27 17 509 46 14 510 8 16 510 24 24 510 69 9 510 69 23 511 62 25 511 85 2 511 91 17 511 91 29 512 18 12 512 85 10 512 94 7 512 97 21 513 71 11 513 72 13 513 92 1 514 9 2 514 12 14 514 54 6 515 38 21 515 57 4 515 62 16 516 36 5 517 39 1 517 56 7 517 64 30 517 69 11 517 88 14 518 1 16 518 34 10 518 38 27 518 59 6 519 5 0 519 39 15 519 82 1 519 85 6 519 89 11 519 90 13 520 18 26 520 21 12 520 32 16 521 17 24 521 37 13 521 44 16 521 99 15 522 45 11 522 51 5 522 97 15 523 2 13 523 14 21 523 68 7 523 70 16 524 49 20 524 92 26 525 27 27 525 75 25 526 19 22 526 27 0 526 32 24 526 51 18 526 95 10 527 13 29 527 37 14 527 90 28 528 29 23 528 82 20 529 46 29 530 6 3 530 11 31 530 36 15 530 46 10 530 56 19 530 84 1 530 99 1 531 10 0 531 18 2 531 35 10 531 40 30 531 44 23 531 46 23 531 87 6 531 88 30 531 91 9 532 8 8 532 31 18 533 30 13 533 69 15 533 77 23 534 45 23 534 90 19 535 6 17 535 19 20 535 20 10 535 37 30 535 59 24 535 89 7 536 53 21 536 73 25 536 81 6 536 94 13 537 2 0 537 13 1 537 28 10 537 98 7 538 26 0 538 39 2 538 79 22 539 20 7 539 30 2 539 61 7 539 72 13 540 8 7 540 38 15 540 45 5 540 95 11 541 36 4 541 72 29 542 28 7 542 71 27 542 88 6 542 91 29 543 41 3 543 49 16 543 64 10 544 22 20 544 24 19 545 22 0 545 61 31 546 29 20 546 59 8 546 81 14 547 3 19 547 24 13 549 3 5 549 8 31 549 10 27 549 46 25 549 51 17 549 54 9 549 80 25 550 3 18 550 37 13 550 41 16 550 74 12 551 69 16 552 13 3 552 18 27 552 32 11 552 33 9 552 62 28 552 76 10 552 84 24 553 2 29 553 6 18 554 6 27 554 20 23 554 25 2 554 32 20 554 60 12 554 72 11 554 76 25 555 28 14 557 26 7 557 65 8 557 77 22 558 27 12 558 30 12 558 38 31 558 56 12 558 85 3 558 85 11 559 6 11 559 43 6 560 12 18 560 24 7 560 47 22 561 32 20 561 91 14 562 6 21 562 7 29 562 8 6 562 9 6 562 16 3 562 35 31 562 36 18 562 60 1 562 76 31 562 84 10 563 10 19 563 40 1 563 45 0 564 7 19 564 27 30 564 49 14 564 70 29 565 5 8 565 15 23 565 16 16 565 75 18 565 79 23 565 80 27 565 87 10 565 98 10 566 1 11 566 3 11 566 7 0 566 24 21 566 28 8 566 29 21 566 41 28 566 44 29 566 97 24 567 20 13 567 63 19 568 3 7 568 58 26 568 74 30 568 77 20 568 98 9 569 59 3 569 59 22 569 93 6 570 17 21 570 46 16 570 65 21 570 72 0 570 95 3 571 49 28 571 64 15 572 3 9 572 11 27 572 67 19 572 72 7 572 82 13 572 91 16 573 38 6 573 39 15 574 5 12 574 17 31 575 3 20 575 20 28 576 73 3 576 98 2 577 44 12 578 14 5 578 17 20 578 30 10 578 38 9 578 53 30 578 57 10 578 75 5 578 98 31 579 2 20 579 8 12 579 58 16 579 72 12 580 21 13 580 63 25 581 3 15 581 9 30 581 65 5 581 73 2 582 4 23 582 7 8 582 16 6 582 24 5 582 43 13 582 50 11 583 2 28 583 8 1 583 64 8 584 32 3 584 60 20 584 87 31 585 9 5 585 42 25 585 63 11 585 65 27 586 4 15 586 69 13 586 69 14 586 85 24 586 95 18 587 11 24 587 62 16 588 18 23 588 84 8 589 42 14 589 59 0 590 26 24 590 49 9 590 59 24 590 74 1 591 15 5 591 28 6 591 54 7 591 77 24 593 3 14 593 10 18 593 51 5 594 9 12 594 74 10 594 78 8 594 99 14 595 10 31 595 63 13 595 84 17 596 10 26 596 86 0 596 96 4 597 76 2 598 43 31 598 63 30 599 4 16 599 23 1 599 39 12 599 44 28 599 57 21 599 67 16 599 100 4 600 3 21 600 47 30 600 48 12 600 79 28 601 76 31 601 88 14 602 3 17 602 56 8 603 1 20 604 17 11 604 68 14 604 85 17 605 56 1 605 75 8 605 96 15 607 28 29 607 86 17 608 14 18 608 86 19 609 4 8 609 4 28 609 10 23 609 23 6 609 44 27 609 61 28 611 7 29 611 19 7 611 55 4 611 58 11 612 19 20 612 46 6 612 63 29 612 95 19 613 55 23 613 58 17 613 88 18 614 4 23 614 47 9 614 48 15 614 73 15 615 13 5 615 56 16 615 65 11 616 5 29 616 27 10 616 60 1 617 77 13 618 17 24 618 34 13 618 39 15 618 56 8 619 59 30 619 77 17 619 90 13 619 100 16 620 3 13 620 7 8 620 10 11 620 28 28 620 65 14 620 67 9 620 78 24 620 92 31 621 13 10 621 17 29 621 18 17 621 18 19 621 32 2 621 97 2 622 6 13 622 7 2 622 14 14 622 27 8 622 57 4 622 58 27 623 46 27 623 81 6 624 22 3 624 65 8 624 67 3 625 26 19 625 66 1 626 5 8 626 79 8 627 22 11 627 95 8 628 11 21 628 15 28 628 20 0 628 43 15 628 57 11 628 66 11 628 70 6 629 16 4 629 25 30 629 47 4 630 26 8 630 55 28 630 81 6 631 42 25 632 39 29 632 45 27 632 85 1 633 6 0 633 28 13 633 48 20 633 55 27 633 70 22 634 11 25 634 84 11 634 84 17 635 94 15 636 43 19 636 55 2 636 78 14 636 92 31 637 3 26 637 45 20 637 53 1 637 56 14 637 75 11 638 3 31 638 19 17 638 26 18 638 44 4 638 57 10 638 67 11 638 99 20 639 18 21 639 28 8 639 40 3 639 51 9 639 51 26 640 10 15 640 48 7 640 76 1 641 7 3 641 51 17 641 65 10 641 66 3 642 28 0 642 47 23 642 56 3 642 69 24 643 96 3 643 99 7 644 3 1 644 11 23 644 54 5 644 58 8 644 84 7 645 6 18 645 16 5 645 43 19 645 61 30 645 93 13 645 94 10 646 56 12 646 77 30 647 1 6 647 58 23 647 74 10 647 84 18 648 55 20 648 57 5 648 76 29 648 85 4 648 92 25 648 98 12 649 43 8 649 44 23 649 46 15 650 18 7 650 32 3 650 52 19 650 75 25 651 78 17 651 85 23 651 88 0 651 95 31 652 97 8 653 30 4 654 21 10 654 28 16 654 73 14 654 82 13 655 46 30 655 67 6 656 30 12 656 67 16 657 1 23 657 18 30 657 33 24 657 35 6 657 39 6 657 41 8 657 83 0 657 89 17 658 71 24 658 93 17 659 25 16 659 41 2 659 51 28 659 56 30 659 69 0 659 79 22 661 46 17 661 68 18 661 77 0 662 7 14 662 55 21 662 57 30 663 49 26 663 89 4 664 0 17 664 77 17 665 5 5 665 54 21 665 64 25 665 66 29 666 15 7 666 27 4 666 38 19 666 40 13 666 44 8 666 52 18 666 74 27 666 87 24 667 8 2 667 24 20 667 87 27 668 38 1 668 69 7 669 8 1 669 88 15 670 39 4 670 75 4 670 81 18 671 6 21 671 22 18 671 43 23 671 67 5 671 90 14 672 13 24 672 55 25 672 87 25 672 90 19 673 19 22 673 26 12 673 26 22 673 72 2 674 25 14 674 47 23 674 48 20 674 76 2 674 81 19 675 76 27 675 79 1 676 11 25 676 34 21 676 61 30 677 11 14 678 27 26 678 67 21 679 0 3 679 12 1 679 23 11 679 32 25 679 52 16 679 78 8 679 81 3 680 5 1 680 12 13 680 64 24 680 66 7 681 38 15 682 15 7 682 40 0 682 48 16 682 51 16 682 57 11 683 19 11 683 31 26 683 45 15 684 18 12 685 14 24 685 15 23 685 29 5 685 82 15 686 34 18 686 34 20 686 65 9 686 76 22 686 82 13 686 88 15 687 32 1 687 99 0 688 9 27 688 12 27 688 92 19 689 18 9 689 29 20 689 36 17 689 55 13 689 78 3 689 80 10 689 92 15 690 5 8 690 87 4 690 94 3 691 31 31 692 64 10 693 2 0 693 9 25 694 41 28 694 52 16 694 54 25 694 59 24 694 65 13 694 76 1 695 56 20 696 5 23 696 30 9 696 81 18 697 10 3 697 76 21 697 80 9 697 94 27 698 67 18 698 74 0 698 78 19 700 3 27 700 29 24 700 34 21 700 46 26 700 50 18 700 61 7 701 6 12 701 7 3 701 18 4 701 54 5 701 80 14 702 43 18 702 49 18 702 80 31 702 95 28 703 13 8 703 30 23 703 32 12 703 67 8 704 13 14 706 3 12 706 75 8 708 0 14 708 91 7 708 93 22 709 89 18 710 9 17 712 28 11 712 54 14 712 72 27 712 90 21 712 97 16 713 16 13 713 71 19 714 3 22 714 6 21 714 13 29 714 43 3 714 60 26 715 4 25 715 45 15 715 49 8 715 84 28 716 12 17 716 23 13 716 28 26 716 64 14 716 72 10 717 5 15 717 30 0 717 41 24 717 90 20 717 96 22 718 85 4 719 6 12 719 18 8 719 38 4 719 73 26 719 78 0 720 55 7 721 15 23 721 86 4 722 57 7 722 85 25 722 93 1 722 94 3 723 10 11 723 35 13 724 11 13 725 13 18 725 64 29 726 20 11 726 33 17 726 52 2 727 97 23 728 0 6 728 14 24 728 40 13 728 42 10 728 49 10 728 93 25 729 68 2 729 74 16 729 77 13 730 66 19 730 91 15 731 90 26 731 93 14 732 22 26 732 23 8 732 65 3 733 30 29 733 90 2 734 44 26 734 85 2 735 37 10 735 66 16 735 73 0 735 85 11 736 31 1 736 41 23 736 56 21 736 66 2 737 17 8 737 37 31 738 20 25 738 70 9 739 17 15 739 30 31 739 57 18 739 78 15 740 1 20 740 57 21 740 85 19 740 87 27 741 0 27 741 42 30 742 15 27 742 50 10 742 56 12 742 60 26 743 40 28 743 65 13 744 15 30 744 84 11 744 94 30 745 97 31 746 2 27 746 7 23 746 32 20 747 39 6 747 45 30 747 58 5 747 61 20 747 64 1 747 64 21 747 69 2 748 66 24 748 84 20 749 27 3 749 64 21 750 3 15 750 37 10 750 46 28 751 12 23 752 23 19 752 89 29 753 35 14 753 81 0 754 9 19 754 43 26 754 56 6 755 0 13 755 15 17 755 28 13 756 47 21 756 79 17 757 41 4 758 19 25 758 22 9 759 53 6 759 60 28 759 83 5 760 15 27 760 34 27 760 35 10 760 57 4 760 80 18 760 88 27 761 5 11 762 68 14 762 72 17 762 75 28 763 40 16 763 73 17 763 91 14 764 20 31 764 57 22 764 75 31 765 0 16 765 10 18 765 44 21 765 68 18 765 76 10 767 31 23 767 61 20 767 95 21 768 2 12 768 16 3 769 25 27 769 30 17 769 59 4 769 71 0 769 74 18 769 97 19 769 100 11 770 13 21 770 35 3 770 52 9 771 1 27 771 12 11 771 15 25 771 21 13 771 28 0 771 31 28 771 60 15 771 78 24 771 98 19 772 6 29 772 49 7 772 65 8 772 90 8 772 96 20 773 43 21 774 19 28 774 51 31 774 54 13 775 25 2 775 51 14 775 84 7 776 0 1 776 2 3 776 46 2 776 88 20 776 97 5 776 99 20 777 56 2 777 58 6 777 79 4 778 10 8 778 20 16 778 31 10 778 40 17 778 49 24 778 62 23 779 4 10 779 7 21 780 1 25 780 4 30 780 18 15 780 19 6 780 79 14 781 27 26 781 30 12 781 97 27 782 9 17 782 64 22 782 71 4 782 74 25 782 87 15 782 88 15 783 3 11 783 5 13 783 82 18 784 5 6 784 24 13 785 29 7 785 59 14 786 17 13 786 60 29 787 62 12 787 73 23 787 100 12 788 63 19 788 88 1 789 16 23 789 71 28 790 44 8 790 46 20 790 48 22 790 69 11 790 85 18 791 74 22 792 10 25 793 26 11 793 67 28 793 68 29 794 90 11 795 33 29 795 55 11 796 52 3 796 57 5 796 89 10 796 99 4 797 49 31 797 78 2 798 18 9 798 21 16 798 74 21 798 80 0 799 17 9 799 35 17 799 84 7 799 90 8 800 19 29 800 63 23 801 63 6 801 77 17 801 90 21 801 91 3 802 11 31 802 12 5 802 13 11 802 72 5 802 77 30 803 45 16 803 58 20 803 68 3 803 79 30 804 26 13 804 35 18 804 63 24 804 77 6 804 92 31 805 2 4 805 64 28 806 79 11 807 24 7 807 27 23 807 41 26 808 2 3 808 13 18 808 37 27 808 53 16 808 79 2 808 98 18 809 26 4 809 49 9 810 25 30 811 18 10 812 33 16 812 69 28 813 0 17 813 42 30 814 0 31 814 35 4 814 39 21 815 71 8 815 72 21 815 79 14 815 98 15 816 33 20 816 45 23 817 1 30 817 14 0 817 20 30 817 28 5 817 71 9 817 77 3 818 11 17 818 38 2 818 81 31 818 88 13 818 99 3 819 24 15 819 38 22 819 80 27 820 1 5 820 47 25 820 60 4 820 66 31 820 73 6 820 88 27 821 8 3 821 35 26 822 88 25 823 33 6 823 41 23 823 53 1 823 71 23 823 72 22 823 94 13 824 15 4 824 19 10 824 47 8 824 60 27 824 78 17 824 100 8 825 52 2 825 86 31 826 27 3 826 46 16 826 50 24 826 86 16 826 98 25 827 20 20 827 62 14 827 74 21 828 7 21 828 8 25 828 18 24 828 37 11 828 50 2 829 15 28 829 28 27 829 31 30 829 40 5 829 92 13 830 11 26 830 25 10 830 38 8 830 65 10 830 94 26 831 10 24 831 34 12 831 59 9 831 77 1 831 90 0 832 4 14 832 20 4 832 28 22 832 52 16 832 67 2 833 68 24 833 98 10 834 67 20 834 70 28 834 75 28 835 5 11 835 6 11 836 31 24 836 80 30 837 10 4 837 43 10 837 61 18 837 62 21 838 36 3 838 63 10 838 77 14 838 83 9 839 2 16 839 10 17 839 13 28 839 22 2 839 91 3 839 97 31 840 19 21 840 21 12 840 57 29 841 61 26 842 2 16 842 29 20 843 72 15 844 46 20 844 70 30 844 96 14 845 17 18 845 26 27 845 35 6 845 58 17 846 1 12 846 8 13 846 19 5 846 58 20 846 78 10 847 14 11 847 65 14 847 74 30 848 19 5 848 61 5 848 76 9 849 39 11 849 53 16 849 95 6 850 45 12 850 51 11 851 68 20 851 88 9 851 94 5 852 53 8 852 64 30 852 69 0 852 69 15 852 70 31 852 73 9 854 4 6 854 10 10 854 32 10 854 50 3 854 52 17 854 65 6 854 72 1 854 77 8 854 98 25 855 0 24 855 1 1 855 16 16 855 30 23 855 47 14 855 75 28 856 18 9 857 29 21 857 45 21 858 45 14 858 90 17 858 91 29 858 94 7 859 46 30 859 58 5 859 80 13 859 95 22 860 77 15 860 82 27 861 59 0 861 81 6 861 98 14 862 16 15 862 68 18 863 4 30 863 67 17 863 79 31 863 94 22 864 52 6 864 72 7 864 72 14 864 83 15 864 87 8 864 100 31 865 28 3 865 63 2 866 91 16 866 94 1 867 32 14 867 56 10 867 58 10 868 80 30 869 64 3 870 17 19 870 20 31 870 21 8 870 44 10 870 50 22 871 5 7 871 74 4 871 94 26 871 97 27 872 3 18 872 12 10 872 58 6 872 69 18 873 17 0 873 32 15 873 34 21 873 61 24 873 95 4 873 100 31 874 10 0 874 14 27 874 21 8 874 50 14 874 61 9 876 5 3 876 29 8 876 38 9 876 85 31 877 47 19 877 47 24 877 87 11 878 21 24 878 31 16 878 66 31 878 80 19 879 28 12 879 36 10 880 27 1 880 30 2 881 8 11 881 23 31 881 65 22 881 68 3 883 7 6 883 80 26 884 38 2 884 54 10 884 57 19 884 69 15 884 82 15 884 84 22 884 85 11 885 85 12 885 87 1 886 36 1 886 45 25 886 68 29 887 3 25 887 21 15 887 28 29 887 61 11 887 64 18 887 75 31 887 76 29 887 78 16 888 30 27 888 41 16 888 46 5 888 63 25 889 2 14 889 62 7 889 66 2 889 75 3 891 3 3 891 20 26 891 69 29 892 18 1 892 19 16 892 58 1 892 61 20 892 93 8 893 41 27 893 55 25 893 61 29 894 73 9 894 81 28 894 98 18 895 9 17 895 29 9 895 93 12 896 4 1 896 52 27 897 60 29 897 75 27 897 76 26 897 84 1 898 44 3 898 75 25 898 78 25 899 3 12 899 56 23 899 85 1 899 88 25 900 11 31 900 17 16 900 31 1 900 42 28 900 76 0 900 81 17 902 21 15 902 22 18 902 25 22 902 87 29 902 95 12 903 22 27 903 38 29 903 45 7 903 46 20 903 77 7 905 33 1 905 34 2 905 59 16 905 64 9 905 77 30 906 18 12 906 21 27 906 31 3 906 34 27 906 52 3 906 62 16 907 15 1 907 25 20 908 25 22 908 36 22 908 55 3 908 86 2 908 87 15 909 3 23 909 25 22 909 28 7 909 36 14 909 52 29 909 85 24 910 6 8 910 40 16 911 5 16 911 20 9 911 36 9 911 62 7 911 63 16 911 99 27 912 22 28 912 59 11 913 13 0 913 50 15 913 97 6 913 99 9 913 100 19 914 25 6 914 38 23 914 83 24 915 5 11 915 60 23 916 23 24 916 35 5 916 77 22 916 95 15 918 98 28 919 39 28 920 40 1 920 62 0 920 79 17 921 14 21 921 84 1 921 86 0 921 100 22 921 100 27 922 9 6 922 37 1 922 41 26 922 93 9 923 5 4 923 49 25 923 50 24 924 33 19 924 35 29 925 28 19 925 66 13 925 90 4 926 20 2 926 34 26 926 87 7 927 39 1 927 67 31 928 29 12 928 79 22 928 89 7 928 90 9 928 97 9 929 41 27 929 71 21 929 84 18 930 36 9 930 41 27 930 89 16 930 94 8 931 9 17 932 30 17 932 43 14 932 80 5 932 83 15 933 47 10 933 62 21 933 69 7 934 6 12 934 47 25 934 63 2 934 82 24 936 4 28 936 10 2 936 58 8 937 3 8 937 30 11 937 52 18 937 58 22 937 87 4 938 28 4 939 43 3 939 67 4 939 71 19 939 73 28 940 38 12 940 93 9 941 29 26 941 78 23 941 94 21 941 96 24 942 39 15 942 48 13 942 68 14 942 76 30 943 70 4 944 12 28 944 30 21 944 45 18 944 51 7 944 99 17 945 0 5 945 7 14 945 13 16 945 99 25 946 29 3 947 0 23 947 9 24 947 32 29 948 3 13 948 26 19 948 32 2 949 47 2 950 32 10 950 38 3 950 80 22 951 4 7 951 30 20 951 42 11 951 51 13 952 25 30 952 58 4 952 66 29 952 71 11 952 99 23 953 73 29 954 66 3 955 86 20 956 28 18 956 45 10 957 9 31 957 57 15 957 69 26 958 35 6 958 40 10 958 47 0 958 77 6 959 7 22 959 34 22 960 24 14 962 63 26 963 39 6 963 56 12 963 87 7 963 93 27 964 21 24 964 44 15 964 56 24 964 83 2 965 51 30 966 18 19 966 18 25 966 39 0 966 46 17 966 89 22 966 94 31 967 6 14 967 61 6 967 77 0 967 81 23 968 0 14 968 31 5 968 34 30 968 63 18 968 94 24 969 34 26 969 41 4 969 43 3 969 70 13 969 71 21 970 2 1 970 14 10 970 14 24 970 19 23 970 64 7 971 18 31 972 2 24 972 69 10 972 70 11 972 80 29 973 18 13 973 27 7 973 41 25 973 57 13 973 71 15 974 52 2 975 18 10 975 52 11 975 70 10 976 23 29 976 27 23 977 94 14 978 9 6 978 11 11 978 19 24 978 39 5 978 44 2 978 49 6 978 97 6 979 12 11 979 44 6 980 46 24 980 81 5 981 1 11 981 66 25 981 75 15 982 82 5 983 36 23 983 97 31 984 44 28 984 64 24 984 67 5 984 95 31 985 1 11 985 36 29 985 49 13 985 52 22 985 65 31 985 73 22 986 19 16 986 34 24 986 58 20 986 77 13 986 88 28 986 98 7 987 25 10 987 70 12 988 24 31 988 26 12 988 33 9 989 23 5 990 53 25 990 72 14 990 76 30 990 81 28 991 2 6 991 59 29 991 67 13 991 91 14 992 35 2 992 56 22 992 74 2 992 82 7 993 4 29 994 7 19 994 82 12 995 52 6 996 84 6 997 24 2 997 33 21 997 36 22 997 49 22 997 83 25 998 20 25 998 74 22 999 45 17 1000 10 8 1000 26 10 1000 61 7 1000 76 1 1000 81 9 1000 95 16 1000 96 26 1001 86 7 1001 86 15 1002 13 25 1002 23 5 1002 25 21 1002 28 15 1002 55 23 1002 90 8 1003 83 15 1003 93 0 1003 95 9 1004 23 14 1004 50 3 1004 80 20 1005 66 16 1005 72 3 1005 97 2 1006 5 30 1007 16 21 1007 22 9 1007 40 8 1007 56 5 1008 98 24 1009 30 12 1009 50 18 1009 81 14 1010 8 11 1010 99 30 1011 25 30 1011 35 29 1011 43 20 1011 83 1 1011 98 4 1012 15 20 1012 58 14 1012 78 15 1012 98 27 1013 4 16 1013 41 2 1013 74 28 1013 91 20 1014 10 7 1014 23 7 1014 27 10 1014 34 14 1014 45 2 1014 45 7 1014 70 24 1015 49 25 1015 84 25 1015 92 23 1015 93 31 1016 2 16 1016 3 23 1016 6 9 1016 77 30 1016 85 25 1017 12 22 1017 44 6 1017 75 6 1017 86 22 1017 93 16 1017 94 17 1018 7 25 1018 30 2 1018 67 27 1019 18 16 1019 22 31 1019 96 19 1020 11 1 1020 11 6 1020 49 26 1020 62 31 1021 12 2 1021 24 25 1022 7 11 1022 50 11 1022 62 31 1022 63 23 1023 8 16 1023 90 18 1024 4 1 1024 28 17 1024 48 18 1024 52 7 1024 55 27 1024 84 2 1024 89 26 1024 99 21 1025 19 18 1025 66 8 1026 1 15 1026 46 16 1026 55 31 1027 44 23 1027 52 15 1027 57 25 1027 73 4 1027 87 7 1028 0 31 1028 1 12 1028 84 20 1029 21 9 1029 35 1 1029 74 23 1029 100 20 1030 1 9 1030 11 11 1030 26 31 1030 27 6 1030 44 7 1030 83 25 1031 21 31 1032 11 3 1032 51 25 1032 79 22 1032 85 23 1033 18 7 1033 19 1 1033 28 16 1033 50 27 1033 75 1 1034 80 23 1034 94 17 1034 99 14 1035 14 1 1036 55 11 1036 79 24 1037 82 0 1037 84 20 1038 26 30 1038 49 21 1038 97 0 1038 99 11 1039 6 14 1039 10 23 1039 21 2 1039 74 14 1040 7 15 1040 18 27 1040 36 3 1041 32 7 1041 50 2 1041 68 0 1041 84 14 1041 93 2 1042 10 24 1042 16 26 1042 44 9 1042 44 31 1042 69 8 1042 99 11 1043 80 24 1043 84 0 1043 94 10 1043 95 17 1044 3 25 1044 27 11 1044 42 30 1045 17 5 1045 42 16 1045 71 4 1046 1 17 1046 90 15 1047 19 7 1047 32 12 1047 52 30 1047 84 20 1047 88 14 1047 96 3 1048 23 4 1048 75 30 1049 9 30 1049 49 24 1049 95 23 1050 0 16 1050 38 24 1050 58 25 1051 51 24 1051 79 2 1051 95 0 1051 100 5 1052 22 20 1052 27 24 1052 28 13 1052 59 0 1052 63 18 1052 77 28 1052 83 27 1053 49 7 1053 75 29 1053 76 31 1054 25 0 1054 35 12 1054 50 13 1054 86 24 1054 96 22 1055 16 15 1055 59 19 1056 6 3 1056 6 28 1056 26 25 1056 37 19 1056 52 20 1056 59 15 1056 62 15 1056 78 28 1057 58 16 1057 81 8 1059 20 9 1059 22 5 1060 17 7 1060 51 6 1060 60 17 1060 65 0 1060 66 24 1061 54 11 1061 57 23 1062 29 29 1062 66 25 1063 1 8 1063 2 19 1063 11 0 1063 33 11 1063 51 27 1063 66 23 1064 100 11 1065 5 23 1065 50 11 1065 53 17 1065 54 6 1066 52 0 1066 52 30 1066 60 23 1066 76 31 1067 29 15 1067 34 6 1067 45 15 1068 48 14 1068 74 13 1069 5 13 1069 23 24 1069 29 0 1069 29 3 1070 66 19 1070 70 12 1070 71 5 1070 89 5 1071 39 2 1071 43 7 1072 52 0 1072 61 30 1072 91 10 1072 94 30 1073 7 22 1073 42 14 1073 55 7 1073 65 22 1073 91 14 1073 96 18 1074 42 9 1074 44 28 1074 57 13 1074 63 5 1074 83 18 1075 5 16 1075 54 20 1076 25 15 1076 79 13 1077 27 2 1077 79 8 1077 79 15 1077 88 9 1077 89 9 1078 18 29 1078 20 18 1078 75 5 1078 75 26 1078 77 3 1078 83 12 1079 46 18 1079 59 19 1079 84 2 1079 84 16 1080 4 19 1080 9 4 1080 15 15 1080 39 24 1080 58 5 1081 21 6 1081 51 3 1082 1 21 1082 5 2 1082 11 4 1082 37 16 1082 49 27 1082 86 4 1083 17 1 1083 19 6 1083 98 0 1083 99 11 1083 100 6 1084 42 26 1085 14 22 1085 20 18 1085 44 9 1085 57 19 1085 60 19 1085 63 12 1085 93 12 1086 53 25 1087 58 12 1087 68 31 1089 32 26 1089 38 22 1089 86 1 1090 21 2 1090 97 15 1091 49 9 1092 90 22 1093 22 10 1093 51 10 1093 54 22 1093 99 5 1094 4 24 1094 79 19 1095 39 1 1095 61 8 1095 96 24 1096 10 6 1096 17 6 1096 44 24 1096 82 5 1097 17 13 1097 34 6 1097 43 4 1097 96 4 1098 61 28 1099 14 24 1099 51 20 1100 5 27 1100 15 5 1100 60 16 1100 62 15 1100 75 20 1101 58 17 1103 46 26 1103 55 27 1103 73 15 1104 36 18 1104 82 18 1104 82 26 1104 90 4 1104 93 30 1104 99 14 1104 100 15 1105 40 1 1106 0 0 1107 52 16 1107 69 11 1107 99 16 1110 0 8 1110 27 16 1110 65 20 1110 75 6 1111 4 13 1111 44 10 1111 60 13 1111 97 8 1112 32 29 1112 62 24 1113 63 2 1114 26 21 1114 57 9 1115 80 21 1115 86 22 1116 8 0 1116 21 28 1116 73 28 1116 96 0 1117 49 21 1117 58 9 1117 99 31 1118 28 27 1118 86 22 1118 94 0 1119 22 22 1119 51 26 1120 3 18 1120 39 30 1121 35 21 1121 49 15 1121 97 29 1121 100 20 1122 75 18 1123 58 4 1123 75 27 1123 79 19 1123 82 19 1124 59 0 1124 68 19 1124 91 27 1125 17 26 1125 62 6 1126 10 23 1126 12 22 1126 18 10 1126 18 22 1126 49 15 1126 97 25 1127 24 27 1127 33 6 1127 45 5 1127 90 10 1128 34 2 1128 36 0 1128 44 12 1128 68 0 1129 0 9 1129 55 26 1129 80 27 1130 7 13 1130 10 0 1130 78 14 1130 82 19 1130 89 19 1131 21 13 1131 29 0 1131 42 22 1131 100 30 1132 38 31 1132 83 4 1133 57 26 1133 88 9 1133 98 14 1134 92 16 1135 17 16 1135 28 18 1135 74 15 1135 85 24 1136 84 26 1137 15 21 1137 52 0 1137 72 5 1138 20 18 1138 54 28 1138 57 10 1138 71 11 1138 72 26 1138 76 24 1138 80 17 1138 85 21 1138 96 11 1138 99 28 1139 9 6 1139 16 10 1139 22 4 1139 72 14 1139 86 25 1140 48 11 1141 71 10 1142 18 17 1142 19 15 1142 56 16 1142 89 6 1142 91 5 1142 94 27 1144 10 3 1144 84 23 1145 2 24 1145 33 0 1145 43 18 1145 51 23 1145 69 4 1145 96 26 1146 32 16 1146 59 0 1146 96 16 1147 76 3 1147 79 16 1147 93 19 1148 79 25 1148 82 25 1148 89 0 1148 90 23 1148 93 24 1149 83 30 1150 22 27 1151 50 5 1152 16 19 1152 52 27 1152 56 22 1152 77 30 1152 81 21 1152 85 25 1153 3 4 1153 18 23 1153 26 28 1154 15 9 1154 16 5 1154 70 20 1154 98 30 1155 0 1 1155 29 31 1155 38 0 1155 38 30 1155 53 19 1155 65 4 1157 3 26 1157 8 16 1157 22 2 1158 33 22 1158 34 7 1158 37 30 1158 60 15 1159 6 1 1159 15 6 1159 31 12 1159 35 2 1159 47 10 1159 89 19 1160 70 12 1163 19 26 1163 33 3 1163 77 27 1163 89 26 1164 13 5 1164 16 4 1164 21 14 1164 43 11 1165 7 26 1165 74 13 1165 99 11 1166 0 16 1166 12 17 1166 47 15 1166 55 3 1167 77 29 1168 14 5 1169 52 11 1169 52 22 1170 64 5 1170 85 13 1170 94 8 1171 83 21 1172 23 13 1173 3 13 1173 6 19 1174 47 16 1175 1 23 1175 72 25
259 3563 0.001 72 28 20 72 68 26 72 97 17 73 12 27 73 18 9 73 27 20 73 37 4 73 79 23 74 0 15 74 6 2 74 84 27 74 92 14 75 44 21 76 22 29 76 31 24 76 73 7 77 36 12 77 74 30 77 92 21 78 6 6 78 8 18 78 30 7 78 32 5 78 65 27 78 85 3 78 97 9 79 8 8 79 59 11 79 86 0 79 87 10 79 97 27 80 29 2 80 52 11 80 98 24 81 52 4 81 84 12 81 88 2 82 12 28 82 41 18 83 88 2 84 10 3 85 3 10 85 35 4 85 62 10 85 89 12 86 35 7 86 89 30 87 69 18 87 70 12 87 85 10 88 4 2 88 36 13 89 23 10 89 50 12 90 77 28 90 79 12 90 96 15 91 0 3 91 13 17 91 14 22 91 52 26 91 80 31 92 5 17 92 73 25 92 76 20 92 99 19 93 12 21 93 26 11 93 27 6 93 95 22 94 8 22 94 18 19 94 39 25 94 89 29 95 18 14 95 62 21 96 83 20 97 0 0 97 54 31 97 58 31 97 80 28 97 87 20 97 93 17 99 9 16 99 12 1 99 64 4 99 78 9 99 81 7 99 93 24 100 1 17 100 3 1 100 15 14 101 57 29 101 81 1 102 4 27 102 17 7 102 19 16 102 50 19 102 57 7 102 86 20 102 90 29 103 33 8 104 32 25 104 71 4 105 25 6 105 30 26 105 40 24 106 44 17 106 54 29 106 91 13 107 24 8 107 68 17 109 33 5 109 37 14 110 41 25 110 65 24 110 66 16 110 80 28 110 97 12 111 41 6 112 12 18 112 13 7 112 23 28 112 33 9 112 72 1 113 22 1 113 33 7 113 43 16 113 93 0 113 93 9 114 1 10 114 11 1 114 44 29 114 70 3 114 82 13 115 65 24 115 70 9 116 59 8 116 98 13 117 60 21 117 73 4 117 74 23 118 15 4 118 62 5 118 74 0 119 13 19 119 29 10 119 93 31 120 54 3 120 54 18 120 89 22 121 17 6 121 62 8 121 76 14 121 82 29 122 45 12 122 71 26 122 96 7 123 53 6 123 67 20 124 10 14 125 0 31 125 4 4 125 20 18 126 10 30 126 97 2 127 11 25 127 46 29 127 58 30 128 13 11 128 52 20 128 58 23 128 74 31 128 77 11 129 58 17 130 91 7 131 43 9 131 82 15 131 99 15 131 100 28 132 26 10 132 41 31 132 59 3 132 71 22 133 66 4 133 99 5 134 35 29 134 47 17 134 49 11 134 62 28 134 77 16 134 81 15 134 89 25 136 29 17 136 34 4 136 63 27 136 91 20 137 1 8 137 15 15 137 35 25 137 64 24 137 72 14 138 60 4 138 76 12 139 1 12 139 17 15 139 77 19 139 83 28 140 13 31 140 15 30 140 35 26 141 84 31 142 7 7 142 11 21 142 20 5 142 23 21 142 30 28 142 74 8 142 81 20 143 3 18 143 64 20 143 76 19 144 10 29 144 33 8 144 66 6 145 96 7 146 15 24 146 19 0 146 58 1 146 61 6 146 73 21 147 32 17 147 50 29 148 10 24 148 13 16 149 12 30 149 42 15 149 52 16 149 65 17 149 80 25 149 81 31 150 1 26 150 37 27 150 61 18 150 78 10 151 35 4 151 39 20 152 34 20 152 61 5 153 26 29 153 41 29 153 90 20 154 58 18 154 85 21 155 0 14 155 25 3 155 57 12 155 92 9 156 73 30 156 97 22 157 16 26 157 80 16 157 99 26 158 26 17 158 60 20 158 92 13 159 25 23 159 72 18 159 73 9 159 92 2 160 3 2 160 10 22 160 24 14 160 48 20 160 59 4 160 76 16 160 82 26 160 95 7 161 8 25 161 27 29 162 2 9 162 16 27 162 60 0 162 63 3 163 21 30 163 53 13 163 56 17 163 83 2 164 32 21 164 37 10 164 93 16 164 99 9 165 15 23 165 21 18 165 39 23 165 70 29 166 62 9 166 75 27 168 46 25 169 2 18 169 10 2 169 33 12 169 89 23 170 3 2 170 63 21 170 67 31 170 70 23 171 3 0 171 17 2 171 52 29 172 27 31 173 6 0 173 21 23 173 37 9 174 18 15 174 28 11 175 18 12 175 43 11 175 48 23 175 81 18 176 8 24 176 15 12 176 50 5 176 61 15 176 88 20 176 96 10 177 2 4 177 12 13 178 36 11 178 69 26 178 74 15 178 74 27 178 76 27 178 87 9 179 14 29 179 14 31 179 54 15 179 93 0 180 1 6 180 19 5 180 28 14 180 33 1 181 2 8 181 9 13 181 57 8 181 82 9 182 18 25 182 71 16 182 81 31 182 84 12 182 97 20 183 36 26 183 40 19 183 45 8 183 51 15 183 72 11 183 93 21 184 20 19 184 86 16 184 93 16 185 99 10 186 6 27 186 10 26 186 70 5 187 29 5 187 40 5 187 57 17 187 58 5 187 85 12 187 92 5 188 52 1 188 71 15 188 77 24 189 15 24 189 43 14 189 87 12 190 5 25 190 11 29 190 21 3 190 24 21 190 28 29 190 74 2 191 33 26 191 43 1 191 45 6 192 8 11 192 29 28 193 11 1 193 25 6 193 32 22 193 63 7 193 100 15 194 19 5 194 56 24 194 64 30 194 75 23 194 93 10 195 25 3 195 56 26 195 64 9 195 64 28 196 21 20 196 37 3 196 59 4 196 70 14 196 87 9 197 41 4 197 89 12 198 1 8 198 41 11 198 66 7 199 2 9 199 15 24 199 34 3 199 34 13 199 39 22 200 20 28 200 45 4 200 46 6 200 62 2 200 98 26 201 2 30 201 8 23 201 69 9 202 0 25 202 1 0 202 50 27 202 62 2 202 91 11 203 20 20 203 55 8 204 2 24 204 40 17 204 94 23 205 35 7 205 65 3 205 68 30 206 11 8 206 36 12 206 69 9 206 75 8 206 95 23 207 22 1 207 38 17 207 59 8 207 60 28 207 63 27 208 1 24 208 6 14 208 33 17 208 40 31 208 43 14 208 90 22 209 19 30 209 45 16 209 76 31 209 86 20 210 20 24 210 62 19 210 67 31 211 16 7 211 52 7 211 58 22 211 75 27 211 91 19 212 36 27 213 33 31 213 38 15 213 90 18 213 100 6 214 12 4 214 14 7 214 17 4 214 52 10 215 34 7 215 40 21 215 70 7 215 91 31 216 10 29 216 13 2 216 32 29 216 76 2 217 6 6 218 2 21 218 13 15 218 43 24 218 74 24 219 34 8 219 40 30 219 65 7 219 92 17 220 3 16 220 10 3 220 13 16 220 37 22 221 32 6 221 74 7 221 97 31 221 98 19 222 96 21 223 4 6 223 30 12 223 39 29 223 55 3 224 35 23 224 76 24 224 89 30 225 18 27 225 78 9 225 84 0 225 90 6 226 65 16 226 74 12 227 16 26 227 61 6 228 45 15 228 61 9 228 70 19 229 25 5 229 35 4 229 53 4 229 76 27 230 17 12 230 25 0 230 27 27 230 46 30 231 48 24 232 3 7 232 22 13 232 47 18 233 37 28 233 57 19 233 60 21 233 99 21 234 23 7 234 58 0 234 82 11 234 85 9 235 3 15 235 79 14 236 20 1 236 24 27 237 9 11 237 39 14 238 16 4 238 17 1 238 80 6 239 51 0 239 77 22 239 77 28 239 85 22 240 39 13 240 53 25 240 59 20 241 1 24 241 46 27 242 1 14 242 13 23 242 80 15 243 6 27 243 21 28 243 29 26 243 62 19 243 83 31 244 25 30 244 46 20 244 48 16 244 64 23 245 16 4 245 24 18 245 86 11 246 11 21 246 15 5 246 18 13 246 22 4 246 32 3 246 37 4 246 42 18 248 2 6 248 82 1 248 87 28 248 93 28 248 96 6 249 8 4 250 28 8 250 66 19 250 79 17 251 11 5 251 23 26 251 61 14 251 80 14 251 85 2 252 18 3 252 20 10 252 24 2 252 69 30 252 85 15 253 20 24 253 36 3 253 50 19 253 68 10 253 81 31 254 3 11 254 11 0 254 81 23 255 6 21 255 43 15 255 52 14 255 54 5 256 19 6 256 19 16 256 37 16 256 47 8 256 89 25 257 32 29 257 58 13 257 63 5 257 67 24 257 68 24 257 78 30 257 83 10 257 87 25 258 2 7 258 21 13 258 91 6 259 26 18 259 37 14 259 39 15 259 91 2 260 27 8 260 64 18 260 67 27 260 73 30 260 79 30 260 89 11 261 5 31 261 34 19 261 35 11 261 43 15 261 45 7 262 16 25 262 36 5 262 56 0 263 80 30 264 11 10 264 14 18 265 6 8 265 34 23 265 40 31 265 47 31 266 19 26 266 27 20 266 53 3 268 16 17 268 57 11 268 58 31 268 74 14 268 79 29 269 56 27 269 76 26 271 84 20 271 93 30 272 45 29 272 68 31 273 32 14 273 35 12 273 72 14 274 32 17 274 58 31 274 64 9 274 67 27 274 94 8 275 33 3 276 15 10 276 32 13 276 63 19 276 97 21 277 64 27 278 62 22 279 41 20 279 42 18 279 42 24 280 34 27 281 29 4 281 57 14 281 62 15 281 74 13 281 84 10 282 0 19 282 65 26 282 75 29 282 76 23 282 95 0 283 17 23 283 18 5 283 28 6 283 46 1 283 60 5 283 64 3 284 86 20 285 15 8 285 49 4 285 60 28 285 81 5 286 44 9 286 48 7 287 35 23 287 63 23 288 36 3 288 48 6 288 56 10 288 81 22 289 16 22 289 18 4 289 59 0 289 86 19 289 97 19 290 39 25 290 90 11 291 11 13 291 44 27 291 76 3 291 86 24 292 60 6 293 22 29 293 65 5 293 89 11 294 78 2 295 54 12 295 63 0 295 93 3 296 56 24 296 69 5 296 77 29 297 11 21 297 25 16 297 78 3 298 69 6 298 81 25 299 50 21 301 27 12 301 47 27 301 97 29 302 14 17 302 50 21 302 80 3 302 88 17 303 56 8 303 71 20 304 11 19 304 60 19 305 13 12 305 85 4 306 13 21 306 61 13 307 84 29 308 18 7 308 59 13 308 63 17 309 14 21 309 26 17 309 91 0 310 17 13 311 17 1 311 28 14 311 35 21 311 38 2 311 55 11 311 67 30 312 11 19 312 16 31 312 34 13 312 49 25 312 80 6 312 93 15 312 98 30 313 46 8 313 55 26 314 22 7 314 28 2 314 34 1 314 38 27 315 16 19 315 17 25 315 80 8 316 41 31 316 65 4 316 74 29 317 23 12 317 51 20 318 28 13 318 93 8 319 46 28 320 30 23 320 62 9 320 100 9 321 42 27 321 67 13 322 12 18 322 68 14 322 69 17 322 85 9 324 6 3 324 27 3 325 10 22 325 29 7 326 9 14 326 15 3 326 17 3 326 39 30 327 31 18 327 41 7 328 2 17 328 24 1 328 30 21 328 59 21 328 93 7 329 1 7 329 76 14 329 77 12 330 3 19 330 22 25 330 31 10 330 91 12 331 64 31 331 96 31 332 24 16 333 56 18 334 0 4 334 21 24 334 57 16 334 73 3 335 14 21 335 26 22 335 56 29 335 65 6 335 94 3 335 97 29 336 25 9 336 34 22 336 38 22 336 53 1 336 72 11 336 85 27 337 52 15 337 70 2 337 80 16 337 88 23 337 89 18 338 7 4 338 95 2 339 35 27 339 97 17 340 4 23 340 68 0 340 91 4 341 33 2 341 52 21 342 79 29 342 94 22 343 0 5 343 3 29 344 22 23 344 100 2 345 64 18 345 91 4 345 97 3 346 19 2 346 23 29 346 34 26 346 77 6 346 100 6 347 36 18 347 47 14 348 51 16 348 72 22 348 93 19 348 96 18 349 5 21 349 18 26 350 14 9 350 49 3 352 68 7 352 74 3 353 6 27 353 57 23 353 98 0 354 38 28 354 50 26 354 61 11 354 70 7 355 50 22 355 51 20 355 79 2 356 21 31 356 24 12 356 56 14 356 61 29 356 84 19 357 1 27 357 42 4 357 51 2 357 68 1 358 62 27 359 22 14 360 17 23 360 32 6 360 52 6 360 76 29 360 77 21 361 39 8 361 52 23 361 57 31 362 7 25 362 7 29 362 28 16 362 41 0 362 79 3 362 86 16 363 36 29 363 60 18 364 3 20 364 42 14 364 62 12 365 2 10 365 11 0 365 21 8 365 27 14 365 45 24 365 84 8 365 97 21 365 100 7 366 0 0 366 26 25 366 86 4 367 42 0 367 58 5 367 72 21 367 99 15 368 6 7 368 17 9 368 40 26 368 53 17 368 85 6 368 86 4 368 88 10 369 34 31 369 53 1 369 71 5 369 81 13 370 2 24 370 60 20 370 100 31 371 77 21 371 83 17 372 47 1 372 71 24 372 79 16 373 55 16 373 84 21 374 13 25 374 74 28 374 89 14 374 93 10 375 42 20 375 48 7 375 93 24 376 20 23 376 32 21 376 44 10 376 52 21 376 81 18 377 54 8 377 64 12 377 76 4 377 80 25 378 7 24 378 21 4 378 22 29 379 41 25 380 4 13 380 74 3 380 97 6 381 22 0 382 37 12 382 87 5 383 31 30 383 73 13 384 7 14 384 94 27 385 0 0 385 9 23 385 93 18 386 6 11 386 15 9 386 23 8 386 59 0 386 64 1 386 81 11 387 30 3 387 72 1 388 50 25 389 6 12 389 19 6 389 29 23 390 30 24 390 48 16 390 66 13 391 21 21 391 21 26 391 32 30 391 42 10 391 57 24 391 71 4 391 71 31 391 84 9 392 33 31 393 40 5 394 13 3 394 23 11 394 36 26 395 34 3 395 73 26 395 74 5 395 91 8 396 52 13 396 82 18 396 88 28 396 91 29 398 53 16 398 69 12 399 24 16 399 42 30 399 52 15 399 90 26 399 95 9 401 78 21 401 79 21 401 95 5 402 9 8 402 31 5 402 35 15 403 30 26 403 47 9 403 56 27 403 58 23 403 69 1 403 74 4 404 18 20 404 35 4 404 52 9 404 58 17 404 60 20 405 8 25 405 74 28 405 82 12 406 27 15 406 66 20 407 1 26 407 27 5 407 28 15 407 32 30 407 39 2 407 77 10 408 11 28 408 56 3 409 1 15 409 11 21 409 52 16 409 53 15 409 70 9 409 80 23 410 7 25 410 15 9 410 53 20 411 37 21 411 66 12 412 61 3 412 88 23 412 90 9 413 0 14 414 16 22 414 57 11 414 72 12 415 80 16 415 96 2 416 35 24 416 59 17 417 0 7 417 20 16 417 38 19 417 89 9 418 97 20 418 99 12 419 6 21 420 1 16 420 35 3 420 36 4 420 48 11 420 49 21 420 52 10 420 53 8 420 55 29 421 24 22 421 51 13 421 59 1 421 100 30 422 10 30 422 42 18 422 92 0 423 98 31 424 6 12 424 24 2 424 46 3 424 84 27 425 15 3 425 37 12 425 52 20 425 56 5 425 99 17 426 20 10 426 43 2 427 16 19 427 47 4 428 17 26 428 25 19 428 33 7 428 48 2 428 100 25 429 13 20 429 46 6 429 95 12 430 5 5 430 24 15 430 65 21 431 35 6 431 39 8 431 76 15 432 18 28 432 20 7 432 83 9 433 75 4 433 86 10 435 25 2 435 31 22 435 57 20 435 63 26 435 79 11 435 80 5 436 12 14 436 29 24 436 63 3 436 89 22 437 6 14 437 12 22 437 20 16 438 7 19 438 17 6 438 73 12 439 4 5 439 43 6 440 5 15 440 32 5 440 73 2 441 8 27 441 29 24 442 5 7 442 23 2 442 24 29 442 27 3 442 53 20 442 53 27 442 74 5 443 23 0 443 27 19 443 56 19 443 73 15 444 8 8 445 49 9 445 64 12 446 14 10 446 23 13 446 47 26 446 93 19 447 69 27 447 90 15 447 100 23 448 50 29 448 81 30 449 4 17 449 19 29 449 57 9 450 57 15 450 60 18 450 64 30 450 68 6 450 68 10 450 71 11 451 42 10 451 50 27 451 59 10 451 82 9 451 84 5 452 10 17 452 14 29 452 38 8 452 89 4 454 2 30 454 50 8 454 73 10 455 1 11 455 57 27 455 80 30 456 3 24 456 15 25 456 55 1 457 26 10 457 57 11 458 34 18 458 35 6 458 59 21 458 78 15 458 86 12 459 30 13 459 92 10 460 9 2 460 10 26 461 24 4 462 92 25 462 95 9 463 7 7 463 18 28 463 26 31 463 69 24 464 20 1 464 26 16 464 72 0 465 25 16 465 26 15 465 27 3 465 39 6 465 90 0 466 38 2 466 69 8 466 86 5 467 11 25 467 13 28 467 19 10 467 44 11 467 55 24 467 90 12 467 95 5 468 0 11 468 83 8 468 92 4 468 97 11 468 97 26 469 16 19 469 32 9 469 38 27 470 39 5 470 46 11 471 2 1 471 36 9 471 50 2 472 88 23 473 26 21 473 35 10 473 45 3 473 79 16 475 3 23 475 59 10 476 96 14 477 4 23 477 88 12 478 60 6 478 99 3 479 27 25 479 50 22 480 50 23 480 67 10 480 71 10 481 80 13 481 80 27 481 86 6 482 12 3 482 19 19 482 52 28 482 53 12 482 61 11 482 63 28 482 71 5 482 91 8 483 64 13 483 86 1 484 4 5 484 48 18 484 76 11 484 96 0 485 7 20 485 27 31 485 36 1 485 47 31 485 58 11 486 15 28 486 18 11 486 33 4 486 72 10 487 43 8 487 44 11 487 50 24 488 27 1 489 0 5 489 28 12 490 21 5 491 20 22 491 100 25 492 1 19 492 10 3 493 14 27 493 36 15 493 54 0 493 77 4 493 92 26 493 94 13 494 16 1 494 33 1 494 52 19 495 23 20 495 34 1 495 36 12 495 79 31 495 81 2 495 81 15 496 5 30 496 79 8 497 3 6 497 21 24 497 64 25 498 43 2 498 49 18 498 86 24 499 16 24 499 21 1 500 31 15 500 38 8 500 82 20 500 83 18 501 4 1 501 12 14 501 29 1 501 84 18 502 17 3 503 29 24 503 50 7 503 75 9 504 4 31 504 17 15 504 59 15 504 73 30 505 31 4 505 66 3 505 94 5 506 17 23 506 58 27 506 64 30 506 68 0 506 70 3 507 4 29 507 14 3 507 14 27 507 59 3 507 73 15 508 28 29 508 29 31 509 62 10 509 81 18 509 86 2 509 88 18 510 50 15 510 84 8 511 15 1 511 54 5 511 55 20 511 90 26 511 92 11 512 15 1 512 45 16 512 53 8 512 63 28 513 30 30 513 39 0 513 49 23 513 69 13 513 98 3 515 5 27 515 11 30 515 61 15 515 69 9 515 91 19 515 92 4 515 96 19 515 97 14 516 5 6 516 79 10 516 95 15 517 17 19 517 56 5 517 56 10 517 76 27 517 93 5 518 3 12 518 31 6 518 33 6 518 80 29 519 47 0 519 50 23 519 57 30 519 64 20 520 3 6 520 15 15 520 21 22 520 30 3 520 59 25 520 84 5 520 98 15 521 31 11 521 92 26 522 7 16 522 36 15 522 42 0 522 62 5 522 92 21 524 17 18 524 30 3 524 92 8 526 22 23 526 40 18 526 91 28 526 96 27 527 30 29 527 56 30 527 62 11 528 1 20 528 37 14 528 51 26 529 41 18 529 58 25 529 77 4 530 59 31 530 71 19 530 98 1 531 82 4 531 98 13 532 19 4 532 33 23 533 6 6 533 23 28 533 35 12 533 57 5 534 35 18 534 43 16 534 89 30 534 91 5 535 9 6 535 18 18 535 22 6 535 34 9 535 45 12 535 55 3 535 85 2 535 100 15 536 4 24 536 48 19 536 78 31 537 68 1 538 7 27 538 51 28 539 40 6 539 99 20 540 41 15 540 55 28 540 70 8 540 70 14 540 71 25 541 9 17 541 59 2 541 67 0 541 71 5 541 72 1 541 87 10 541 93 7 542 17 2 542 34 27 542 37 5 542 60 22 542 75 16 543 2 24 543 8 17 543 16 13 543 38 5 543 42 3 543 52 23 543 96 5 543 96 22 544 25 17 544 60 30 544 67 13 544 88 19 545 5 8 545 22 23 545 37 17 545 46 5 545 72 21 545 80 3 546 38 14 546 83 22 546 89 2 547 5 5 547 57 5 547 95 15 548 63 26 549 19 2 549 39 26 549 66 18 549 70 30 550 100 16 551 18 2 551 23 24 551 29 29 551 93 7 552 15 12 552 87 31 554 48 17 554 95 13 555 21 6 555 51 25 555 62 7 555 90 24 556 38 8 556 71 9 556 77 9 557 40 23 557 50 22 557 71 22 557 89 25 558 8 7 558 27 7 558 35 0 558 45 12 558 89 9 558 96 13 559 69 3 559 80 3 559 95 8 559 98 27 560 3 23 560 14 8 560 34 24 561 13 23 561 21 4 561 60 30 561 76 23 561 79 11 561 94 25 562 61 23 562 62 29 563 95 25 564 0 17 564 27 8 564 63 23 564 75 18 565 37 1 565 41 8 565 43 2 565 96 11 566 27 29 566 37 13 566 42 26 566 84 29 567 33 3 567 61 16 567 64 22 567 97 25 567 99 20 568 38 13 568 52 22 568 65 24 568 99 8 569 13 27 569 100 16 570 24 30 570 45 26 570 53 12 570 56 2 570 71 14 571 26 26 572 21 15 572 30 22 572 93 24 573 48 29 573 83 12 574 47 14 574 63 15 574 97 23 575 10 6 575 23 26 575 51 14 575 76 8 575 92 24 575 95 28 576 1 30 576 57 20 577 4 11 577 20 25 577 37 5 577 49 19 577 51 2 577 67 2 577 89 29 578 13 0 578 50 8 578 96 23 579 5 26 579 89 24 580 43 2 580 55 25 580 62 1 581 7 14 581 19 19 581 22 7 581 59 18 581 89 19 582 3 11 583 64 23 583 78 9 583 98 31 583 100 17 584 27 25 584 83 1 584 87 27 585 42 1 585 71 9 585 83 21 585 93 10 586 88 5 587 15 27 587 17 4 588 5 12 588 22 2 588 39 19 588 66 14 588 79 26 588 83 14 588 90 0 589 6 28 589 7 6 589 98 12 590 18 10 590 42 16 590 66 16 590 94 14 590 100 25 591 9 15 591 35 4 591 45 30 591 66 1 591 85 3 592 35 18 592 98 28 593 7 6 593 12 5 593 59 23 593 62 30 594 40 0 594 41 0 594 71 13 594 96 22 595 36 30 595 71 11 595 73 27 596 29 31 596 36 24 596 63 10 596 96 16 598 12 17 598 67 3 599 14 16 599 63 26 600 18 0 600 19 31 600 48 3 600 88 2 601 5 13 601 12 31 601 63 24 602 2 8 602 20 7 603 27 28 604 0 11 604 31 16 604 86 18 605 64 19 606 21 19 606 71 24 607 23 24 607 75 27 607 80 26 608 20 16 609 100 26 610 34 18 610 66 4 611 4 3 611 8 22 611 95 7 612 23 9 612 40 12 612 91 17 613 74 10 613 74 22 613 81 30 614 26 30 615 31 31 615 43 5 615 72 17 615 83 16 616 31 9 616 37 19 616 50 4 616 57 6 616 94 29 617 39 21 617 52 26 618 44 4 618 59 26 618 63 27 618 100 7 619 48 18 619 62 25 619 72 20 620 23 16 620 36 18 620 52 23 621 24 18 621 79 27 621 80 7 622 23 28 622 40 20 622 53 12 622 54 18 622 71 0 622 77 27 623 11 7 623 46 16 624 12 15 624 17 27 624 42 27 624 48 24 625 15 5 625 76 27 626 37 2 626 51 3 626 54 27 627 10 30 627 70 28 628 19 19 629 19 31 629 42 28 629 75 21 629 82 5 630 22 12 630 23 7 630 54 31 630 95 15 631 48 17 631 58 29 631 86 31 632 12 17 632 21 31 632 29 9 632 63 2 632 90 22 634 16 10 634 20 19 634 54 23 635 26 6 635 90 10 637 84 28 638 84 9 638 94 21 639 6 19 639 37 28 639 84 9 640 59 0 641 35 7 641 45 8 641 50 6 641 78 0 642 27 3 642 27 18 642 32 15 642 69 12 643 46 31 643 59 3 643 67 23 644 38 25 644 93 10 645 56 31 645 77 7 645 82 16 645 89 16 646 6 22 646 9 14 646 44 4 647 1 6 647 26 23 647 33 9 647 49 27 647 89 22 648 14 7 648 82 3 649 71 13 649 73 24 649 85 2 649 90 5 650 12 19 650 47 5 650 64 4 650 83 3 651 11 20 651 42 10 651 48 21 652 36 29 652 43 14 652 48 5 652 50 16 652 96 30 653 54 10 654 23 15 654 48 7 654 53 20 654 67 16 655 20 15 655 25 18 655 25 26 655 68 28 656 17 26 656 65 27 657 41 7 657 52 20 657 57 29 657 97 16 657 97 27 658 1 10 658 31 21 658 98 10 659 33 18 659 53 21 660 24 16 660 32 25 660 58 4 661 3 17 661 28 27 661 32 27 661 33 17 661 37 19 661 51 27 661 79 12 661 88 16 662 16 14 662 22 24 662 36 5 662 93 16 663 10 9 663 65 1 663 84 30 664 23 0 665 15 25 665 42 27 665 44 23 665 70 4 665 75 19 665 84 17 666 33 5 666 49 4 666 63 18 667 7 6 667 64 7 668 52 3 668 84 15 668 96 16 669 45 11 669 74 9 669 76 21 670 6 26 670 24 25 670 84 17 670 98 15 671 79 15 672 24 26 673 37 25 673 53 15 673 72 10 673 79 28 673 98 29 674 15 12 674 37 14 675 29 26 675 83 6 675 93 13 676 51 10 677 30 8 677 43 31 677 44 20 677 50 15 677 71 11 677 96 5 678 15 5 678 16 2 678 45 4 678 63 26 678 98 19 680 0 10 680 46 20 680 71 15 680 89 30 681 1 27 681 2 21 681 21 31 681 34 25 681 50 2 682 11 20 682 25 31 682 52 20 682 75 18 683 8 12 683 13 12 683 40 4 683 85 13 683 94 25 684 19 4 684 25 18 684 31 12 685 0 28 685 5 23 685 82 4 685 99 26 686 91 29 687 15 16 687 20 8 687 56 22 687 64 10 688 34 29 688 45 21 688 72 27 688 76 11 688 86 12 688 97 16 689 95 12 689 98 15 690 4 30 690 38 0 690 63 27 691 15 25 691 39 7 691 44 25 691 46 29 692 5 15 692 36 7 692 42 5 692 56 21 693 4 18 693 32 5 694 27 15 694 48 24 694 91 19 695 22 29 695 95 27 696 19 1 697 24 30 697 64 13 697 89 15 698 25 25 698 36 15 698 36 22 699 39 28 699 45 5 700 27 16 700 29 8 700 30 31 700 35 13 700 83 4 702 18 30 702 26 26 702 33 12 702 55 2 703 13 26 703 65 16 703 73 5 703 99 31 704 6 7 704 19 27 705 62 2 705 79 22 705 98 18 706 55 29 706 75 3 706 82 2 707 20 14 707 71 23 708 2 2 708 21 3 708 25 6 708 31 17 708 44 13 708 63 25 708 97 27 709 33 13 709 84 31 710 9 25 710 43 9 710 71 18 710 95 18 711 2 16 711 69 13 712 15 6 712 27 31 712 60 28 713 57 4 713 80 9 713 83 6 713 84 30 713 92 9 714 20 9 714 59 26 714 96 21 714 100 10 715 5 29 715 34 0 715 62 24 715 89 1 715 92 6 715 97 25 715 99 17 716 15 25 716 23 7 716 27 7 716 29 1 716 62 13 717 31 10 717 37 18 717 81 16 717 94 12 717 97 15 718 10 13 718 47 29 718 71 6 718 78 7 718 83 9 718 97 4 719 36 11 719 52 28 719 97 28 720 78 25 720 87 31 721 1 7 721 33 7 721 50 28 721 52 13 721 85 26 722 16 17 722 98 19 723 2 1 723 19 28 723 28 8 723 57 10 723 78 25 723 90 26 724 89 20 725 3 28 726 17 28 726 62 21 727 11 30 727 54 23 727 59 5 727 60 20 727 61 0 728 13 13 728 19 29 728 70 1 728 85 27 728 100 22 729 8 18 729 9 22 729 61 4 729 69 7 729 91 3 730 20 4 730 57 27 730 68 4 730 81 20 731 19 24 731 31 18 731 51 13 731 57 3 731 73 1 731 83 3 733 18 28 733 34 12 733 48 27 733 82 8 733 91 11 734 7 23 734 12 8 734 14 26 734 17 0 734 17 27 734 19 25 734 20 19 734 64 0 734 69 9 734 80 25 734 84 3 735 0 1 735 4 15 735 45 21 735 45 30 736 13 28 736 16 1 736 37 21 736 41 4 736 48 7 737 24 3 737 75 22 738 14 20 739 8 11 739 24 10 739 60 2 739 72 16 740 26 14 740 65 20 741 66 25 742 5 0 742 97 31 743 69 3 743 75 16 744 4 20 744 31 14 744 88 18 745 39 26 745 43 8 745 53 0 745 63 5 745 66 11 745 82 27 745 89 9 746 33 8 746 53 25 746 73 6 747 94 10 747 94 25 748 10 8 748 22 21 748 50 24 748 52 16 749 39 0 749 96 22 750 7 7 750 35 8 751 19 8 751 48 24 752 65 4 752 83 15 752 95 6 753 53 2 753 73 24 754 30 1 754 74 4 754 77 23 754 90 20 755 19 12 755 23 5 755 48 8 755 50 19 755 59 26 755 75 26 755 76 15 755 96 20 756 21 23 756 48 29 756 72 1 758 0 20 758 30 7 758 34 24 758 62 7 758 77 1 758 80 17 759 28 10 759 33 21 759 57 21 759 70 20 759 100 4 760 19 31 760 25 11 760 46 3 760 55 16 760 76 25 761 2 9 761 10 18 761 14 22 761 27 3 761 79 26 763 13 29 763 37 28 763 41 2 763 53 16 764 6 6 764 54 22 764 62 18 766 14 10 766 23 22 766 43 29 766 66 16 767 21 23 767 47 19 767 67 0 768 18 24 768 37 31 768 53 29 768 66 25 769 12 31 769 28 20 769 45 10 769 72 27 769 95 24 770 4 25 770 8 0 770 15 20 770 16 17 770 76 27 771 3 11 771 4 20 771 100 3 772 7 12 772 18 15 772 30 27 772 35 2 772 78 17 772 79 15 772 97 14 773 17 1 773 41 3 773 48 0 773 67 0 774 12 15 774 39 19 774 61 7 774 70 27 774 72 6 775 4 12 775 25 31 775 29 9 775 30 7 775 38 10 775 39 0 775 86 31 776 1 5 776 10 25 776 27 26 776 45 15 776 63 4 777 0 25 777 34 0 778 16 1 778 38 29 778 59 18 778 100 0 779 97 20 780 7 15 780 20 27 780 77 22 780 84 6 780 92 26 780 99 31 781 88 1 782 38 27 782 62 24 782 81 7 783 4 16 783 30 10 783 61 15 783 96 25 784 2 18 784 42 17 784 88 12 785 25 12 785 94 27 785 100 24 786 8 17 786 25 15 786 30 31 786 39 29 786 44 7 786 44 12 786 77 11 786 94 17 787 36 21 787 55 21 788 3 11 788 45 24 788 77 15 788 95 25 789 3 22 789 10 11 790 54 25 790 64 26 791 9 2 791 29 6 791 37 9 791 93 6 792 8 14 792 54 1 792 92 22 793 6 15 793 31 17 793 55 8 793 94 11 794 51 5 794 71 24 794 73 16 794 78 29 794 82 27 794 93 0 794 97 10 795 67 27 796 32 2 796 56 8 796 78 4 796 98 26 797 21 25 797 42 27 797 49 11 797 59 15 798 13 18 798 75 7 798 81 13 799 6 29 799 15 20 799 68 1 799 72 16 799 92 25 800 18 4 800 18 10 800 31 19 801 33 6 801 71 12 802 16 6 802 43 18 802 79 18 803 32 7 803 44 5 803 50 30 803 56 25 803 82 16 804 34 1 804 58 4 804 88 25 804 94 26 805 0 23 805 24 16 805 28 11 805 32 25 805 63 12 805 80 1 806 75 25 807 50 30 807 56 30 810 5 24 810 55 27 810 57 0 811 26 30 811 41 29 812 37 25 812 71 10 812 100 3 813 42 11 813 47 31 813 63 16 813 77 10 814 21 2 814 34 7 814 57 17 814 63 16 814 74 7 814 83 15 814 94 12 814 96 25 814 99 19 815 28 2 815 74 18 816 2 26 816 50 19 817 39 6 817 47 7 817 49 30 817 78 16 817 98 1 818 8 6 818 40 18 820 10 25 820 21 28 820 23 7 820 36 20 820 60 11 820 80 17 821 10 17 821 19 26 821 63 0 821 92 28 822 13 22 822 41 15 822 78 11 823 15 30 823 63 20 824 87 23 824 97 9 825 19 8 825 21 23 825 34 22 826 7 3 827 21 30 827 41 1 827 49 17 827 58 20 828 42 18 828 51 9 828 51 17 828 72 27 828 74 7 829 37 14 830 30 3 830 60 17 831 1 28 831 52 8 831 61 25 832 96 24 832 97 4 833 64 26 834 33 0 835 8 9 835 9 6 835 15 19 835 39 1 835 40 26 835 46 27 835 60 10 835 66 27 835 78 19 836 24 16 836 25 21 836 39 23 836 61 15 836 62 8 836 65 16 836 68 14 837 11 31 837 60 30 837 82 21 838 2 15 838 14 1 838 49 27 839 67 14 839 73 4 839 78 2 839 87 26 840 59 30 840 82 31 840 95 3 841 7 9 841 64 29 842 55 27 843 16 23 843 45 23 843 48 15 844 13 25 844 67 10 845 1 17 845 17 28 845 49 18 845 50 29 845 56 31 845 91 13 845 92 21 846 56 13 846 68 30 847 7 12 847 28 28 848 48 25 848 49 14 848 51 2 848 54 25 848 58 11 848 79 12 850 4 19 850 26 18 850 49 7 850 52 25 852 13 21 852 40 30 852 58 29 852 68 12 852 79 30 852 86 6 852 87 29 853 66 14 853 74 3 854 11 8 854 15 7 854 31 26 854 40 13 854 61 9 854 87 29 855 5 18 855 14 4 855 27 12 855 72 16 856 57 20 856 65 25 856 75 31 857 9 26 857 50 6 857 79 20 857 100 20 858 3 22 858 39 14 858 92 12 858 95 11 859 78 3 860 7 12 860 13 22 860 19 2 860 47 1 860 65 20 860 85 28 860 94 30 861 20 16 861 29 19 861 39 7 861 57 10 862 6 2 862 63 11 862 74 27 862 89 2 863 23 7 863 36 29 863 52 22 863 82 29 863 86 15 863 98 3 865 27 31 865 43 27 865 53 10 867 10 30 867 15 29 867 24 22 867 57 25 867 64 18 867 68 0 868 77 8 868 79 26 869 53 26 869 71 25 869 91 18 869 97 5 870 79 30 871 6 30 872 38 28 872 43 18 873 11 9 873 44 25 874 20 29 874 22 18 874 71 26 874 80 14 875 10 4 875 11 23 875 23 19 875 90 27 876 15 9 876 16 18 876 32 16 876 80 2 876 93 22 877 0 3 877 62 20 877 92 20 878 9 19 878 49 3 879 5 18 879 28 28 879 58 31 880 53 11 880 57 14 881 49 8 881 50 22 881 52 18 882 39 21 882 46 15 882 84 18 883 85 17 883 98 19 884 18 0 884 27 25 884 28 20 884 39 22 884 64 18 884 100 16 885 50 27 885 99 25 888 9 4 888 29 3 888 42 5 888 54 31 889 45 17 889 64 14 889 65 8 890 1 6 890 1 15 890 21 26 890 23 21 890 55 3 890 78 10 891 38 3 891 54 18 891 85 8 892 88 15 893 32 9 893 52 25 893 53 23 893 60 19 894 11 30 894 64 5 894 80 9 895 0 3 895 66 19 895 76 12 896 39 0 896 89 15 897 17 14 898 40 13 898 44 30 898 51 26 898 87 7 898 96 11 899 68 24 899 69 6 899 92 3 901 15 12 901 67 23 901 80 13 901 88 8 901 90 26 902 8 13 902 36 19 902 44 5 902 75 28 902 81 26 903 7 11 903 74 18 903 85 18 904 10 16 904 74 6 905 16 8 905 48 22 906 29 20 906 35 13 906 48 5 906 58 16 906 67 8 906 80 23 906 86 30 906 93 5 907 16 14 907 25 25 907 26 6 907 33 26 907 46 3 907 68 19 908 8 9 908 56 25 908 72 1 908 76 30 909 14 5 909 34 9 909 62 2 909 100 12 910 11 17 910 14 10 910 79 22 911 28 24 911 31 19 911 57 15 911 69 30 912 25 12 912 86 26 912 94 30 913 49 7 913 72 31 913 81 15 914 54 28 914 76 10 914 82 18 914 96 7 915 21 7 915 46 8 915 80 10 916 0 28 916 35 17 916 45 28 916 51 18 917 3 31 917 24 10 917 35 15 917 73 20 917 90 24 917 92 25 918 23 15 918 46 24 918 58 17 918 74 18 918 85 5 919 31 23 919 37 9 919 88 8 919 96 20 920 45 10 920 57 6 921 20 1 921 30 28 921 63 14 921 94 6 922 60 4 922 96 17 923 18 9 923 25 20 924 6 10 924 15 0 924 50 15 924 91 20 925 67 11 926 7 2 926 11 21 926 13 26 926 14 2 926 29 7 926 71 22 927 2 2 927 10 31 927 13 21 927 24 20 927 27 27 928 32 25 928 46 19 928 65 19 928 68 24 928 72 27 929 35 7 930 10 0 930 18 12 930 91 15 931 13 9 931 17 16 932 12 26 932 17 0 932 40 30 933 52 31 934 7 18 934 23 29 934 59 2 934 65 2 934 70 29 934 81 27 935 33 8 935 65 2 935 93 13 936 7 8 936 39 6 936 55 26 936 84 22 937 18 16 937 39 26 937 95 31 937 98 6 937 100 19 938 50 13 939 12 15 939 44 8 939 57 29 940 7 25 940 30 16 941 32 17 941 61 2 942 41 9 942 42 28 942 69 3 943 39 12 943 49 2 943 74 24 943 87 1 944 15 13 944 17 26 944 29 10 944 34 20 944 52 19 944 82 6 945 12 12 945 91 5 945 91 6 946 1 19 946 3 15 946 45 19 946 81 27 946 97 20 948 22 18 948 69 19 948 80 4 948 95 18 949 1 25 949 11 22 949 52 21 949 96 27 950 58 14 950 62 12 950 63 3 950 73 15 950 99 13 951 29 26 952 10 22 952 49 15 953 35 3 953 71 23 953 97 0 954 0 9 954 39 8 954 88 13 955 35 9 955 85 29 956 35 23 956 46 26 956 63 23 956 78 12 957 54 25 957 70 6 957 71 6 959 67 29 959 90 17 960 37 28 960 46 24 960 94 16 961 11 9 961 25 30 961 66 20 962 33 8 962 74 10 962 78 6 962 80 18 962 90 2 963 2 1 963 19 0 963 56 20 963 60 18 963 61 23 963 63 19 963 77 24 964 13 13 964 14 10 964 51 24 964 56 22 964 79 15 964 84 30 965 41 28 965 49 4 965 59 3 965 83 5 965 94 28 965 99 30 966 15 12 966 46 23 966 48 8 967 28 1 967 45 25 967 92 17 967 97 7 968 20 16 968 59 10 968 96 23 969 5 1 969 62 20 969 62 30 969 90 4 970 34 18 970 63 1 970 73 14 970 79 28 972 4 10 972 49 30 972 69 9 973 65 22 973 97 7 974 0 1 974 43 24 974 77 4 975 5 26 975 5 27 975 11 30 975 74 16 976 15 10 976 18 25 976 97 21 977 18 0 977 42 11 978 47 2 978 59 21 978 67 15 978 83 24 978 95 22 978 99 0 979 28 31 979 38 4 979 40 9 980 92 29 980 98 29 981 20 16 981 47 0 981 47 5 981 52 21 981 71 29 981 77 6 981 83 6 981 86 2 981 87 19 982 80 13 983 3 4 983 49 26 983 77 29 984 20 22 984 77 12 985 12 11 985 13 12 986 4 23 986 12 7 986 75 19 986 79 27 987 0 27 987 8 15 987 72 0 987 72 8 988 47 28 988 70 2 988 74 5 988 86 31 989 24 4 989 29 16 989 51 10 989 55 2 989 71 2 990 7 23 990 25 24 990 38 15 990 66 31 991 97 24 992 49 12 992 80 23 992 84 29 993 35 21 993 67 6 993 69 4 993 73 23 994 28 25 994 82 3 994 93 12 995 5 18 995 12 10 995 17 24 995 27 18 995 48 19 996 14 4 996 31 4 996 78 27 997 63 11 998 76 8 999 17 25 999 24 10 999 30 20 1000 73 17 1000 85 17 1001 43 24 1001 53 16 1001 79 27 1001 86 21 1002 44 5 1002 55 3 1002 55 31 1002 72 8 1002 79 22 1002 95 26 1003 9 18 1003 26 1 1003 27 26 1003 34 2 1003 41 18 1003 60 29 1003 80 29 1004 12 3 1004 35 8 1004 37 1 1004 60 12 1004 77 7 1005 20 8 1006 12 12 1006 27 22 1006 45 26 1007 56 17 1007 89 4 1008 33 12 1008 66 2 1008 98 3 1009 0 1 1009 4 12 1009 43 25 1009 58 15 1010 17 31 1010 21 6 1010 21 9 1010 51 12 1010 54 0 1010 56 5 1010 58 4 1011 9 23 1011 47 20 1011 71 26 1013 12 28 1013 13 4 1013 84 15 1014 0 19 1014 8 3 1014 27 10 1014 62 26 1014 73 5 1015 47 25 1016 2 16 1016 29 2 1016 34 12 1016 53 3 1017 42 20 1018 16 18 1018 28 18 1018 30 23 1018 56 21 1018 81 2 1019 24 4 1020 34 15 1020 60 15 1020 75 9 1020 86 27 1021 11 26 1021 13 31 1021 44 5 1021 49 28 1021 79 7 1021 84 12 1022 19 7 1022 70 0 1022 98 25 1023 3 0 1023 16 3 1024 29 2 1024 52 22 1024 70 7 1024 91 26 1025 24 3 1025 77 23 1025 86 30 1026 24 20 1026 34 18 1026 83 3 1026 97 9 1026 98 10 1026 100 20 1027 11 19 1027 14 8 1027 58 27 1028 0 28 1028 37 16 1028 83 21 1029 65 23 1029 88 5 1030 31 9 1030 90 14 1031 55 6 1031 66 30 1032 4 0 1032 85 2 1033 36 8 1033 43 10 1033 82 26 1034 19 13 1034 21 2 1034 81 15 1034 90 26 1035 41 16 1035 93 13 1037 11 26 1037 38 29 1037 51 31 1037 58 0 1038 44 29 1040 33 10 1040 53 23 1040 80 27 1040 90 10 1041 9 18 1041 9 27 1041 91 17 1042 11 6 1042 24 14 1042 53 20 1042 80 22 1043 2 20 1043 15 0 1043 34 27 1044 37 21 1044 51 8 1044 58 13 1044 59 17 1044 67 17 1045 72 13 1045 98 15 1046 4 20 1046 12 9 1046 18 30 1046 22 28 1047 1 27 1047 10 19 1047 43 4 1047 47 16 1049 98 17 1049 100 6 1050 55 7 1051 10 18 1051 44 15 1051 46 29 1051 51 18 1052 3 19 1052 7 12 1052 28 23 1052 34 15 1052 80 5 1053 26 18 1053 99 7 1054 11 22 1054 61 20 1054 68 0 1054 70 16 1055 44 15 1055 60 9 1055 62 22 1056 20 1 1056 43 20 1056 50 2 1056 51 8 1056 98 7 1057 49 22 1057 99 25 1058 21 15 1058 79 16 1059 26 2 1059 32 30 1059 45 8 1059 81 24 1060 24 7 1060 49 23 1060 65 19 1061 1 14 1061 33 15 1061 67 24 1062 57 7 1062 60 20 1063 21 23 1063 41 23 1063 53 5 1063 69 25 1063 82 16 1063 84 5 1064 8 6 1064 16 12 1064 26 5 1064 28 1 1064 47 6 1064 57 14 1064 64 27 1065 44 1 1066 0 27 1067 12 14 1067 21 27 1067 36 31 1067 41 15 1067 69 8 1068 13 24 1068 17 22 1068 33 18 1068 51 19 1069 52 29 1069 61 29 1069 70 15 1069 91 4 1070 1 14 1070 13 1 1070 23 28 1070 45 28 1070 63 10 1070 63 31 1070 74 17 1071 23 0 1071 52 23 1072 15 19 1072 52 1 1072 63 30 1073 67 11 1073 73 26 1074 19 1 1074 77 26 1074 81 25 1074 82 8 1076 9 4 1076 9 15 1076 95 23 1077 72 4 1078 4 19 1078 13 21 1078 36 7 1078 50 14 1078 55 2 1078 57 5 1079 10 23 1079 12 19 1079 33 22 1079 81 3 1080 0 24 1080 36 5 1080 37 6 1080 51 16 1081 29 9 1081 55 14 1082 75 17 1082 82 2 1083 78 11 1084 17 19 1084 36 31 1084 72 30 1084 78 22 1084 85 3 1085 23 20 1085 24 12 1085 75 7 1085 88 6 1086 42 9 1086 48 20 1086 58 5 1087 45 15 1088 46 0 1088 55 30 1088 68 10 1088 84 23 1089 48 15 1089 53 29 1089 54 19 1089 67 31 1089 78 0 1089 98 22 1090 19 8 1091 4 12 1091 49 7 1091 68 18 1091 97 14 1092 45 3 1092 91 2 1092 91 25 1092 99 31 1093 30 30 1093 68 16 1093 79 20 1093 86 21 1094 26 18 1094 78 31 1094 84 20 1094 89 18 1094 91 0 1095 64 16 1096 2 31 1096 13 29 1096 93 20 1097 4 0 1097 12 3 1097 83 31 1097 97 30 1098 32 10 1098 46 6 1098 58 27 1099 61 7 1099 73 20 1099 90 28 1099 99 4 1100 40 19 1100 56 17 1100 68 17 1101 43 24 1101 46 21 1101 96 9 1102 3 8 1102 48 14 1102 53 26 1102 98 9 1103 29 8 1103 76 24 1104 25 29 1104 93 24 1105 0 8 1105 19 12 1105 45 0 1105 53 23 1105 90 23 1105 94 0 1106 51 27 1106 78 1 1106 98 6 1107 4 31 1107 64 0 1107 84 23 1107 86 11 1108 10 30 1108 11 6 1108 23 3 1109 8 4 1109 35 16 1110 18 26 1110 60 0 1110 81 21 1110 88 23 1110 94 4 1111 50 9 1111 65 10 1111 79 17 1112 9 1 1112 9 9 1112 13 0 1112 55 12 1113 3 2 1113 39 6 1114 5 25 1114 27 27 1114 52 29 1114 89 2 1114 89 16 1115 27 20 1115 31 20 1115 34 12 1116 8 29 1116 17 19 1117 22 11 1117 34 23 1117 48 10 1117 70 6 1118 48 26 1118 70 16 1118 72 23 1118 74 1 1118 77 20 1119 47 29 1119 77 15 1119 92 22 1120 10 7 1120 23 31 1120 99 25 1121 3 29 1121 23 2 1121 39 5 1121 95 1 1122 2 24 1122 3 23 1122 33 14 1122 82 21 1123 44 3 1123 45 8 1123 67 12 1124 83 14 1124 97 2 1125 37 14 1125 38 11 1125 41 8 1125 94 31 1125 99 11 1126 35 25 1126 54 25 1126 67 17 1126 77 1 1127 34 22 1127 56 15 1128 13 11 1128 27 22 1128 38 11 1128 40 2 1128 47 6 1128 75 21 1129 4 10 1129 61 16 1129 68 23 1130 55 21 1131 12 10 1131 32 19 1131 96 16 1132 24 16 1132 90 10 1133 59 6 1133 85 0 1134 64 10 1134 92 13 1135 19 8 1135 26 10 1135 31 21 1135 34 2 1135 74 14 1136 41 28 1136 44 9 1136 70 15 1137 13 4 1137 27 4 1137 97 18 1138 46 27 1138 52 23 1139 5 20 1139 9 3 1139 9 12 1139 25 1 1139 47 19 1139 49 1 1139 67 2 1140 7 25 1140 48 30 1140 76 3 1140 84 25 1141 29 26 1141 35 12 1141 44 27 1141 74 23 1141 91 24 1142 71 20 1142 74 26 1142 94 24 1143 22 27 1143 88 11 1144 21 8 1144 23 22 1144 64 30 1144 86 20 1144 88 28 1146 5 28 1146 84 0 1147 4 11 1147 8 18 1147 9 8 1147 23 6 1147 97 14 1148 25 6 1148 30 0 1148 32 25 1148 64 31 1148 72 18 1148 80 4 1149 18 1 1149 20 15 1149 59 29 1149 75 31 1150 27 1 1150 39 13 1150 40 5 1150 46 24 1150 82 7 1150 92 7 1151 77 29 1152 29 27 1152 73 14 1153 61 3 1153 83 24 1154 18 30 1154 36 0 1155 26 3 1155 35 13 1155 40 4 1155 58 1 1155 78 12 1155 79 18 1155 84 9 1155 85 28 1155 92 15 1156 57 9 1156 64 30 1157 7 8 1157 50 1 1157 70 27 1157 85 6 1158 16 30 1158 49 18 1158 73 21 1159 14 14 1160 25 2 1160 33 1 1160 59 26 1161 26 1 1161 84 13 1162 64 14 1162 74 19 1163 13 8 1163 17 23 1163 47 16 1163 50 21 1163 65 20 1163 77 16 1164 20 20 1164 36 12 1164 47 3 1164 94 25 1165 52 7 1165 78 8 1165 99 22 1166 8 18 1166 27 12 1167 33 6 1167 40 10 1167 75 10 1167 100 1 1168 30 16 1168 90 27 1169 17 10 1169 77 9 1170 16 17 1170 25 29 1170 50 5 1171 0 6 1171 4 16 1171 56 11 1171 74 19 1171 87 14 1173 10 6 1173 21 22 1173 26 9 1173 97 31 1174 43 13 1174 69 4 1174 73 9 1174 75 4 1175 62 24 1175 92 4
