cell,ref,site,bel,init
u_dut/GND,GND,,,
u_dut/VCC,VCC,,,
u_dut/lut_l0_0,LUT6,SLICE_X17Y223,SLICEL.A6LUT,64'h0CCE4DC808A900AC
u_dut/lut_l0_1,LUT6,SLICE_X14Y223,SLICEM.A6LUT,64'h5A50A2145240A2D0
u_dut/lut_l0_10,LUT6,SLICE_X16Y224,SLICEM.A6LUT,64'hA0BEA89AF5F807E2
u_dut/lut_l0_100,LUT6,SLICE_X11Y228,SLICEL.A6LUT,64'h333030004F40F031
u_dut/lut_l0_101,LUT6,SLICE_X8Y226,SLICEM.A6LUT,64'hD00A33CEC0B030F5
u_dut/lut_l0_102,LUT6,SLICE_X10Y224,SLICEM.A6LUT,64'h303C3715324A0A20
u_dut/lut_l0_103,LUT6,SLICE_X7Y228,SLICEL.A6LUT,64'h3F2A0900EC3C9A28
u_dut/lut_l0_104,LUT6,SLICE_X24Y227,SLICEL.A6LUT,64'hD1F0F8F07DDFDAF8
u_dut/lut_l0_105,LUT6,SLICE_X22Y228,SLICEM.A6LUT,64'h13BB4433B1F1D8F1
u_dut/lut_l0_106,LUT6,SLICE_X14Y226,SLICEM.A6LUT,64'h30B5FB6CFBFAE8C5
u_dut/lut_l0_107,LUT6,SLICE_X9Y223,SLICEL.A6LUT,64'h2FB32B00DF90E6A0
u_dut/lut_l0_108,LUT6,SLICE_X21Y233,SLICEL.A6LUT,64'h38FCC48200E4F480
u_dut/lut_l0_109,LUT6,SLICE_X8Y227,SLICEM.A6LUT,64'h131F52992C01E8B7
u_dut/lut_l0_11,LUT6,SLICE_X13Y229,SLICEL.A6LUT,64'hFFF10160DEECD8AF
u_dut/lut_l0_110,LUT6,SLICE_X21Y227,SLICEL.A6LUT,64'h4CE1FE4C58810E8D
u_dut/lut_l0_111,LUT6,SLICE_X8Y222,SLICEM.A6LUT,64'hFCDC02DCF39536D6
u_dut/lut_l0_112,LUT6,SLICE_X23Y227,SLICEL.A6LUT,64'hC8F2D4F46BD0AECC
u_dut/lut_l0_113,LUT6,SLICE_X22Y227,SLICEM.A6LUT,64'h9B2AFDE492A07504
u_dut/lut_l0_114,LUT6,SLICE_X9Y224,SLICEL.A6LUT,64'hC876FA5280A0800A
u_dut/lut_l0_115,LUT6,SLICE_X8Y224,SLICEM.A6LUT,64'hA1E84454740AFCBC
u_dut/lut_l0_116,LUT6,SLICE_X19Y230,SLICEL.A6LUT,64'hBCAAF434BBFBBC37
u_dut/lut_l0_117,LUT6,SLICE_X10Y227,SLICEM.A6LUT,64'hEEE64466E4A2A886
u_dut/lut_l0_118,LUT6,SLICE_X15Y227,SLICEL.A6LUT,64'hAE0A1F028B064F48
u_dut/lut_l0_119,LUT6,SLICE_X10Y226,SLICEM.A6LUT,64'hA8FCE3846F5FD315
u_dut/lut_l0_12,LUT6,SLICE_X12Y224,SLICEM.A6LUT,64'h0D084B44084950C7
u_dut/lut_l0_120,LUT6,SLICE_X15Y229,SLICEL.A6LUT,64'hFD3AFDBEEDEFFFFF
u_dut/lut_l0_121,LUT6,SLICE_X13Y229,SLICEL.B6LUT,64'hF179A6FDEECE82EA
u_dut/lut_l0_122,LUT6,SLICE_X9Y221,SLICEL.A6LUT,64'h564BE2AE4581054F
u_dut/lut_l0_123,LUT6,SLICE_X13Y229,SLICEL.C6LUT,64'hFDECF4EC55440048
u_dut/lut_l0_124,LUT6,SLICE_X6Y222,SLICEM.A6LUT,64'h0284A44EACF67B5E
u_dut/lut_l0_125,LUT6,SLICE_X18Y229,SLICEM.A6LUT,64'hA6EE6DEE3BE3ECE6
u_dut/lut_l0_126,LUT6,SLICE_X13Y228,SLICEL.A6LUT,64'hD4D580244042FEE6
u_dut/lut_l0_127,LUT6,SLICE_X16Y227,SLICEM.A6LUT,64'hB0111218D1B95010
u_dut/lut_l0_128,LUT6,SLICE_X12Y224,SLICEM.B6LUT,64'h036E576E03002581
u_dut/lut_l0_129,LUT6,SLICE_X14Y224,SLICEM.A6LUT,64'h55FDFFECF5FF5A50
u_dut/lut_l0_13,LUT6,SLICE_X12Y222,SLICEM.A6LUT,64'hAA8DBBA8AAA3BA2F
u_dut/lut_l0_130,LUT6,SLICE_X14Y222,SLICEM.A6LUT,64'h9AEEB9FFAFBBFEC8
u_dut/lut_l0_131,LUT6,SLICE_X9Y226,SLICEL.A6LUT,64'h468B40A044AC1090
u_dut/lut_l0_132,LUT6,SLICE_X23Y228,SLICEL.A6LUT,64'hFEFE7BEA20F00880
u_dut/lut_l0_133,LUT6,SLICE_X22Y229,SLICEM.A6LUT,64'h6743F3F3E4EE31AF
u_dut/lut_l0_134,LUT6,SLICE_X12Y231,SLICEM.A6LUT,64'hF0F15500FC500900
u_dut/lut_l0_135,LUT6,SLICE_X11Y229,SLICEL.A6LUT,64'hFBAE002ACA22C000
u_dut/lut_l0_136,LUT6,SLICE_X12Y227,SLICEM.A6LUT,64'h55BC50B641BC4084
u_dut/lut_l0_137,LUT6,SLICE_X14Y229,SLICEM.A6LUT,64'hE183FEEEE5E40A88
u_dut/lut_l0_138,LUT6,SLICE_X26Y226,SLICEL.A6LUT,64'h80CAA81E00CEF41E
u_dut/lut_l0_139,LUT6,SLICE_X19Y226,SLICEL.A6LUT,64'h10447764D8FC3080
u_dut/lut_l0_14,LUT6,SLICE_X11Y223,SLICEL.A6LUT,64'h0DE3144306AE0484
u_dut/lut_l0_140,LUT6,SLICE_X27Y223,SLICEL.A6LUT,64'hEF9CFCFC0CCCF5DC
u_dut/lut_l0_141,LUT6,SLICE_X13Y226,SLICEL.A6LUT,64'h3602201012CE29F0
u_dut/lut_l0_142,LUT6,SLICE_X19Y230,SLICEL.B6LUT,64'hF020A58DAA4A2000
u_dut/lut_l0_143,LUT6,SLICE_X12Y226,SLICEM.A6LUT,64'hFC76FE1759414411
u_dut/lut_l0_144,LUT6,SLICE_X20Y230,SLICEM.A6LUT,64'hF7632A33AFF28CAF
u_dut/lut_l0_145,LUT6,SLICE_X17Y228,SLICEL.A6LUT,64'hEFDDEEC5D0D408C8
u_dut/lut_l0_146,LUT6,SLICE_X23Y224,SLICEL.A6LUT,64'hCB82C30870EAF012
u_dut/lut_l0_147,LUT6,SLICE_X14Y221,SLICEM.A6LUT,64'hAA99AAB3DFE652AB
u_dut/lut_l0_148,LUT6,SLICE_X14Y228,SLICEM.A6LUT,64'h04060F4AEFA8D50A
u_dut/lut_l0_149,LUT6,SLICE_X14Y227,SLICEM.A6LUT,64'h4808548080308500
u_dut/lut_l0_15,LUT6,SLICE_X26Y223,SLICEL.A6LUT,64'hECAAF4A94A2FDFAD
u_dut/lut_l0_150,LUT6,SLICE_X11Y229,SLICEL.B6LUT,64'hF180ECA83B2AFCAA
u_dut/lut_l0_151,LUT6,SLICE_X28Y227,SLICEL.A6LUT,64'hE8E8F8F46A42F2F7
u_dut/lut_l0_152,LUT6,SLICE_X9Y221,SLICEL.B6LUT,64'h3220000061704550
u_dut/lut_l0_153,LUT6,SLICE_X12Y226,SLICEM.B6LUT,64'hAA04BA8A7A307EC0
u_dut/lut_l0_154,LUT6,SLICE_X10Y226,SLICEM.B6LUT,64'h4443CC58188A8A8A
u_dut/lut_l0_155,LUT6,SLICE_X8Y224,SLICEM.B6LUT,64'h700A400A02CB0AF2
u_dut/lut_l0_156,LUT6,SLICE_X10Y224,SLICEM.B6LUT,64'hEFFE082F5AAE31C8
u_dut/lut_l0_157,LUT6,SLICE_X9Y223,SLICEL.B6LUT,64'h9ACFBAF0B9C99810
u_dut/lut_l0_158,LUT6,SLICE_X8Y225,SLICEM.A6LUT,64'h50AA40FC56FC2D33
u_dut/lut_l0_159,LUT6,SLICE_X12Y225,SLICEM.A6LUT,64'h55AB40A148D42000
u_dut/lut_l0_16,LUT6,SLICE_X12Y223,SLICEM.A6LUT,64'h11FAF1F864CABF80
u_dut/lut_l0_160,LUT6,SLICE_X17Y224,SLICEL.A6LUT,64'hCFDE9F54CA43A942
u_dut/lut_l0_161,LUT6,SLICE_X16Y225,SLICEM.A6LUT,64'hF0FFFFC2F267448B
u_dut/lut_l0_162,LUT6,SLICE_X19Y228,SLICEL.A6LUT,64'h09E0DC98FEEED6F2
u_dut/lut_l0_163,LUT6,SLICE_X12Y223,SLICEM.B6LUT,64'hFF007478EF72FDFD
u_dut/lut_l0_164,LUT6,SLICE_X20Y228,SLICEM.A6LUT,64'h32FC7571D80ED05B
u_dut/lut_l0_165,LUT6,SLICE_X13Y228,SLICEL.B6LUT,64'h10103328C5F47677
u_dut/lut_l0_166,LUT6,SLICE_X18Y230,SLICEM.A6LUT,64'hA20E6FBCBAEB9A9C
u_dut/lut_l0_167,LUT6,SLICE_X12Y228,SLICEM.A6LUT,64'hAB1B7371F34C7F44
u_dut/lut_l0_168,LUT6,SLICE_X22Y227,SLICEM.B6LUT,64'hBFFBBFFFBBEFBBE7
u_dut/lut_l0_169,LUT6,SLICE_X14Y229,SLICEM.B6LUT,64'h3FF5FFFDDFFFFDF5
u_dut/lut_l0_17,LUT6,SLICE_X17Y227,SLICEL.A6LUT,64'h73CDF7E122AAE2E0
u_dut/lut_l0_170,LUT6,SLICE_X10Y229,SLICEM.A6LUT,64'hFBEE4DEC25FE35FC
u_dut/lut_l0_171,LUT6,SLICE_X11Y229,SLICEL.C6LUT,64'hB3F77C3BF82A7B00
u_dut/lut_l0_172,LUT6,SLICE_X11Y229,SLICEL.D6LUT,64'hFAF80F42F0D2F5AB
u_dut/lut_l0_173,LUT6,SLICE_X18Y229,SLICEM.B6LUT,64'hC9B4E8A802348040
u_dut/lut_l0_174,LUT6,SLICE_X17Y230,SLICEL.A6LUT,64'h57177754AF0F0704
u_dut/lut_l0_175,LUT6,SLICE_X13Y230,SLICEL.A6LUT,64'hF3D6FEDCFCF80805
u_dut/lut_l0_176,LUT6,SLICE_X23Y227,SLICEL.B6LUT,64'hE980DD60344057AE
u_dut/lut_l0_177,LUT6,SLICE_X10Y223,SLICEM.A6LUT,64'h0EE60AC60A8EC8A6
u_dut/lut_l0_178,LUT6,SLICE_X13Y227,SLICEL.A6LUT,64'h00B4FE4C8CC4CD4F
u_dut/lut_l0_179,LUT6,SLICE_X15Y229,SLICEL.B6LUT,64'hFF0F0F04B5A52DA5
u_dut/lut_l0_18,LUT6,SLICE_X8Y224,SLICEM.C6LUT,64'hE697972886010595
u_dut/lut_l0_180,LUT6,SLICE_X12Y230,SLICEM.A6LUT,64'h3125A2A0A0000000
u_dut/lut_l0_181,LUT6,SLICE_X18Y230,SLICEM.B6LUT,64'hFFB3FFD8B1131510
u_dut/lut_l0_182,LUT6,SLICE_X10Y222,SLICEM.A6LUT,64'h507D626E43CCA24A
u_dut/lut_l0_183,LUT6,SLICE_X11Y228,SLICEL.B6LUT,64'h939A3ACEF9FA8682
u_dut/lut_l0_184,LUT6,SLICE_X10Y227,SLICEM.B6LUT,64'h75A299AA55C999AA
u_dut/lut_l0_185,LUT6,SLICE_X18Y230,SLICEM.C6LUT,64'h8A8FFA3200E0D2E8
u_dut/lut_l0_186,LUT6,SLICE_X10Y231,SLICEM.A6LUT,64'hBAAE2020D15A9122
u_dut/lut_l0_187,LUT6,SLICE_X10Y227,SLICEM.C6LUT,64'h4637D6D56F75A5E0
u_dut/lut_l0_188,LUT6,SLICE_X15Y229,SLICEL.C6LUT,64'hFDE8444CC020C0C0
u_dut/lut_l0_189,LUT6,SLICE_X20Y231,SLICEM.A6LUT,64'h48F400E0CFFC8AE8
u_dut/lut_l0_19,LUT6,SLICE_X18Y225,SLICEM.A6LUT,64'h7B7B0B33EEDC09BF
u_dut/lut_l0_190,LUT6,SLICE_X15Y228,SLICEL.A6LUT,64'hECCF8CCCC8884838
u_dut/lut_l0_191,LUT6,SLICE_X15Y229,SLICEL.D6LUT,64'h47C4D3DA42C481CC
u_dut/lut_l0_192,LUT6,SLICE_X26Y227,SLICEL.A6LUT,64'hE822089188680410
u_dut/lut_l0_193,LUT6,SLICE_X16Y226,SLICEM.A6LUT,64'hCCC7FCFEC386F1EA
u_dut/lut_l0_194,LUT6,SLICE_X14Y226,SLICEM.B6LUT,64'hA055277300E66072
u_dut/lut_l0_195,LUT6,SLICE_X26Y227,SLICEL.B6LUT,64'h0080008001000100
u_dut/lut_l0_196,LUT6,SLICE_X16Y226,SLICEM.B6LUT,64'hEEE80262DE007745
u_dut/lut_l0_197,LUT6,SLICE_X22Y225,SLICEM.A6LUT,64'h3331D9D82E009A92
u_dut/lut_l0_198,LUT6,SLICE_X24Y228,SLICEL.A6LUT,64'h5045FDFD8080A4EC
u_dut/lut_l0_199,LUT6,SLICE_X28Y223,SLICEL.A6LUT,64'h88FBA2B9A8C8FABD
u_dut/lut_l0_2,LUT6,SLICE_X4Y222,SLICEL.A6LUT,64'h515D0DADD04494F4
u_dut/lut_l0_20,LUT6,SLICE_X7Y219,SLICEL.A6LUT,64'h0CF86F4F01F90FFC
u_dut/lut_l0_200,LUT6,SLICE_X32Y230,SLICEL.A6LUT,64'hFBF6F7FDFFFFFFFF
u_dut/lut_l0_201,LUT6,SLICE_X28Y231,SLICEL.A6LUT,64'hC00E048CF0A504EF
u_dut/lut_l0_202,LUT6,SLICE_X24Y231,SLICEL.A6LUT,64'h0A1F10DF285022F1
u_dut/lut_l0_203,LUT6,SLICE_X30Y231,SLICEL.A6LUT,64'h2400212001080000
u_dut/lut_l0_204,LUT6,SLICE_X29Y229,SLICEL.A6LUT,64'h354F90CE3713F2F8
u_dut/lut_l0_205,LUT6,SLICE_X32Y231,SLICEL.A6LUT,64'h88E2FBF92699FFBB
u_dut/lut_l0_206,LUT6,SLICE_X24Y231,SLICEL.B6LUT,64'hFFFEFDF8FFEFFFE8
u_dut/lut_l0_207,LUT6,SLICE_X28Y225,SLICEL.A6LUT,64'h0028000262881050
u_dut/lut_l0_208,LUT6,SLICE_X33Y232,SLICEL.A6LUT,64'h400A800200005002
u_dut/lut_l0_209,LUT6,SLICE_X27Y233,SLICEL.A6LUT,64'hDEFFFEFFCCFFF7FF
u_dut/lut_l0_21,LUT6,SLICE_X9Y224,SLICEL.B6LUT,64'hFFDC4059E59D50AA
u_dut/lut_l0_210,LUT6,SLICE_X30Y230,SLICEL.A6LUT,64'h7F9CFE4D7AEC9C5C
u_dut/lut_l0_211,LUT6,SLICE_X29Y233,SLICEL.A6LUT,64'h0000000000000000
u_dut/lut_l0_212,LUT6,SLICE_X25Y234,SLICEL.A6LUT,64'h0100000000000000
u_dut/lut_l0_213,LUT6,SLICE_X30Y237,SLICEL.A6LUT,64'hA810014000000000
u_dut/lut_l0_214,LUT6,SLICE_X24Y230,SLICEL.A6LUT,64'hC28C202A81974D29
u_dut/lut_l0_215,LUT6,SLICE_X24Y232,SLICEL.A6LUT,64'h599E55555565D57D
u_dut/lut_l0_216,LUT6,SLICE_X30Y235,SLICEL.A6LUT,64'h0000000010000924
u_dut/lut_l0_217,LUT6,SLICE_X30Y233,SLICEL.A6LUT,64'hFFFFDFFFBFCEFF7D
u_dut/lut_l0_218,LUT6,SLICE_X27Y236,SLICEL.A6LUT,64'h04A0898041080400
u_dut/lut_l0_219,LUT6,SLICE_X29Y233,SLICEL.B6LUT,64'h0003808000A80422
u_dut/lut_l0_22,LUT6,SLICE_X19Y227,SLICEL.A6LUT,64'h4F2ECE8F8F84AA94
u_dut/lut_l0_220,LUT6,SLICE_X26Y235,SLICEL.A6LUT,64'h0000000000000000
u_dut/lut_l0_221,LUT6,SLICE_X25Y234,SLICEL.B6LUT,64'hE0440C0020400830
u_dut/lut_l0_222,LUT6,SLICE_X28Y232,SLICEL.A6LUT,64'h8411035785058000
u_dut/lut_l0_223,LUT6,SLICE_X26Y236,SLICEL.A6LUT,64'h8020000000004800
u_dut/lut_l0_224,LUT6,SLICE_X26Y232,SLICEL.A6LUT,64'h1A3AB0FE3E02DE54
u_dut/lut_l0_225,LUT6,SLICE_X31Y230,SLICEL.A6LUT,64'hCCFCDCC2ECECCBC3
u_dut/lut_l0_226,LUT6,SLICE_X26Y231,SLICEL.A6LUT,64'hFE963E46C1004010
u_dut/lut_l0_227,LUT6,SLICE_X22Y233,SLICEM.A6LUT,64'hEEBBE8CD7E5FFE01
u_dut/lut_l0_228,LUT6,SLICE_X31Y232,SLICEL.A6LUT,64'h0000000096052400
u_dut/lut_l0_229,LUT6,SLICE_X34Y230,SLICEL.A6LUT,64'h0032F8C460702AE8
u_dut/lut_l0_23,LUT6,SLICE_X16Y224,SLICEM.B6LUT,64'hAB45AE0A6A935A23
u_dut/lut_l0_230,LUT6,SLICE_X29Y226,SLICEL.A6LUT,64'h4E050B000E24CFA3
u_dut/lut_l0_231,LUT6,SLICE_X34Y231,SLICEL.A6LUT,64'h200504C010800912
u_dut/lut_l0_232,LUT6,SLICE_X24Y230,SLICEL.B6LUT,64'hFB7DFBFBBFBEDEFF
u_dut/lut_l0_233,LUT6,SLICE_X15Y230,SLICEL.A6LUT,64'h671165DD765D5CF5
u_dut/lut_l0_234,LUT6,SLICE_X29Y226,SLICEL.B6LUT,64'hA9018311FBEAAEC6
u_dut/lut_l0_235,LUT6,SLICE_X32Y237,SLICEL.A6LUT,64'h0080060400004800
u_dut/lut_l0_236,LUT6,SLICE_X33Y231,SLICEL.A6LUT,64'h0000000200800600
u_dut/lut_l0_237,LUT6,SLICE_X35Y228,SLICEL.A6LUT,64'h4480000080000080
u_dut/lut_l0_238,LUT6,SLICE_X32Y237,SLICEL.B6LUT,64'hFCFCD000AEEEEEEC
u_dut/lut_l0_239,LUT6,SLICE_X33Y232,SLICEL.B6LUT,64'h0000000000000000
u_dut/lut_l0_24,LUT6,SLICE_X27Y226,SLICEL.A6LUT,64'h7E51E44076E05341
u_dut/lut_l0_240,LUT6,SLICE_X24Y231,SLICEL.C6LUT,64'h00810C8914771F15
u_dut/lut_l0_241,LUT6,SLICE_X33Y234,SLICEL.A6LUT,64'h0000000220280282
u_dut/lut_l0_242,LUT6,SLICE_X28Y235,SLICEL.A6LUT,64'h4E4E9D0040CA48FA
u_dut/lut_l0_243,LUT6,SLICE_X28Y235,SLICEL.B6LUT,64'h0080020000000000
u_dut/lut_l0_244,LUT6,SLICE_X28Y236,SLICEL.A6LUT,64'h6F7B5C2F01915012
u_dut/lut_l0_245,LUT6,SLICE_X27Y229,SLICEL.A6LUT,64'h0000004002800004
u_dut/lut_l0_246,LUT6,SLICE_X28Y237,SLICEL.A6LUT,64'hFFFDF37FFFFF7DDF
u_dut/lut_l0_247,LUT6,SLICE_X26Y234,SLICEL.A6LUT,64'h00000A080008000A
u_dut/lut_l0_248,LUT6,SLICE_X32Y237,SLICEL.C6LUT,64'hDD200E0021000002
u_dut/lut_l0_249,LUT6,SLICE_X34Y234,SLICEL.A6LUT,64'h2400000000000000
u_dut/lut_l0_25,LUT6,SLICE_X10Y221,SLICEM.A6LUT,64'hC7CBB8A7CA05E671
u_dut/lut_l0_250,LUT6,SLICE_X26Y226,SLICEL.B6LUT,64'h203274ECA2B2BC5D
u_dut/lut_l0_251,LUT6,SLICE_X27Y228,SLICEL.A6LUT,64'hFDD3DF74DBDBDAEA
u_dut/lut_l0_252,LUT6,SLICE_X32Y229,SLICEL.A6LUT,64'hE200A26074E5A0F5
u_dut/lut_l0_253,LUT6,SLICE_X29Y230,SLICEL.A6LUT,64'h5D77E0D5FED7FCDD
u_dut/lut_l0_254,LUT6,SLICE_X29Y233,SLICEL.C6LUT,64'hE1C0A5E2FEAA9B00
u_dut/lut_l0_255,LUT6,SLICE_X20Y234,SLICEM.A6LUT,64'h0041800000000080
u_dut/lut_l0_256,LUT6,SLICE_X29Y226,SLICEL.C6LUT,64'hFFFF7FF7EDFFFFDE
u_dut/lut_l0_257,LUT6,SLICE_X29Y232,SLICEL.A6LUT,64'hF8FFE8CAFEEAFEFD
u_dut/lut_l0_258,LUT6,SLICE_X26Y234,SLICEL.B6LUT,64'hC100800000000810
u_dut/lut_l0_259,LUT6,SLICE_X29Y230,SLICEL.B6LUT,64'h1144DC2F25401003
u_dut/lut_l0_26,LUT6,SLICE_X12Y224,SLICEM.C6LUT,64'h13323EA00E8BAAA0
u_dut/lut_l0_260,LUT6,SLICE_X30Y234,SLICEL.A6LUT,64'hFFFFFFF7FFFFFFFF
u_dut/lut_l0_261,LUT6,SLICE_X26Y234,SLICEL.C6LUT,64'h025757DD02021652
u_dut/lut_l0_262,LUT6,SLICE_X31Y230,SLICEL.B6LUT,64'hBFAEF71FFFAF7FFD
u_dut/lut_l0_263,LUT6,SLICE_X32Y227,SLICEL.A6LUT,64'h00C710CCFF84F6CF
u_dut/lut_l0_264,LUT6,SLICE_X32Y232,SLICEL.A6LUT,64'h8D7FB4A640FD8004
u_dut/lut_l0_265,LUT6,SLICE_X29Y234,SLICEL.A6LUT,64'hED06220080015009
u_dut/lut_l0_266,LUT6,SLICE_X33Y231,SLICEL.B6LUT,64'h9094A4E1B0A4F0F0
u_dut/lut_l0_267,LUT6,SLICE_X32Y227,SLICEL.B6LUT,64'h77105F2141047608
u_dut/lut_l0_268,LUT6,SLICE_X26Y232,SLICEL.B6LUT,64'h3024030040160F7F
u_dut/lut_l0_269,LUT6,SLICE_X30Y233,SLICEL.B6LUT,64'hFD7EFFFFFFFEFFFF
u_dut/lut_l0_27,LUT6,SLICE_X24Y228,SLICEL.B6LUT,64'h01E8038120803B05
u_dut/lut_l0_270,LUT6,SLICE_X22Y234,SLICEM.A6LUT,64'h3731602C128A8AEE
u_dut/lut_l0_271,LUT6,SLICE_X26Y233,SLICEL.A6LUT,64'hDD8E004080800041
u_dut/lut_l0_272,LUT6,SLICE_X30Y232,SLICEL.A6LUT,64'h3E4CBD4B1B421898
u_dut/lut_l0_273,LUT6,SLICE_X28Y227,SLICEL.B6LUT,64'h20654D55300D2404
u_dut/lut_l0_274,LUT6,SLICE_X33Y226,SLICEL.A6LUT,64'h11BD17ED57FF37FB
u_dut/lut_l0_275,LUT6,SLICE_X33Y231,SLICEL.C6LUT,64'h0000000000200000
u_dut/lut_l0_276,LUT6,SLICE_X31Y230,SLICEL.C6LUT,64'h10884000781C8057
u_dut/lut_l0_277,LUT6,SLICE_X27Y228,SLICEL.B6LUT,64'hF757C5F9BFFD77FF
u_dut/lut_l0_278,LUT6,SLICE_X26Y230,SLICEL.A6LUT,64'h3000040EB0626244
u_dut/lut_l0_279,LUT6,SLICE_X29Y230,SLICEL.C6LUT,64'hFEEFEFECFF7FEDFD
u_dut/lut_l0_28,LUT6,SLICE_X12Y224,SLICEM.D6LUT,64'hCC8E2018E45F050A
u_dut/lut_l0_280,LUT6,SLICE_X26Y228,SLICEL.A6LUT,64'h0000009002A02108
u_dut/lut_l0_281,LUT6,SLICE_X25Y229,SLICEL.A6LUT,64'h263F3D7901003D45
u_dut/lut_l0_282,LUT6,SLICE_X28Y231,SLICEL.B6LUT,64'hFFFDFEFFFFFBFFFF
u_dut/lut_l0_283,LUT6,SLICE_X26Y231,SLICEL.B6LUT,64'h7E8AF8C0409070F0
u_dut/lut_l0_284,LUT6,SLICE_X36Y230,SLICEL.A6LUT,64'hFF1BEE3FAE6F7B6F
u_dut/lut_l0_285,LUT6,SLICE_X20Y234,SLICEM.B6LUT,64'hD070D850563C510B
u_dut/lut_l0_286,LUT6,SLICE_X29Y233,SLICEL.D6LUT,64'h0201103000204402
u_dut/lut_l0_287,LUT6,SLICE_X27Y233,SLICEL.B6LUT,64'h0020800C003582B1
u_dut/lut_l0_288,LUT6,SLICE_X26Y231,SLICEL.C6LUT,64'hFFFFF637FC9BDEFD
u_dut/lut_l0_289,LUT6,SLICE_X30Y229,SLICEL.A6LUT,64'hFFFBEEEFFFFBAE52
u_dut/lut_l0_29,LUT6,SLICE_X16Y225,SLICEM.B6LUT,64'h098016070C08EEE6
u_dut/lut_l0_290,LUT6,SLICE_X32Y233,SLICEL.A6LUT,64'hFFFBFFF5FEAF6EFF
u_dut/lut_l0_291,LUT6,SLICE_X23Y232,SLICEL.A6LUT,64'hE0C03701A0C50C45
u_dut/lut_l0_292,LUT6,SLICE_X28Y236,SLICEL.B6LUT,64'h0000300200010490
u_dut/lut_l0_293,LUT6,SLICE_X31Y234,SLICEL.A6LUT,64'hFA6CFFFAE8880240
u_dut/lut_l0_294,LUT6,SLICE_X34Y233,SLICEL.A6LUT,64'hFEFFFEFFFFF7AECF
u_dut/lut_l0_295,LUT6,SLICE_X28Y233,SLICEL.A6LUT,64'h001155B38B0555C6
u_dut/lut_l0_296,LUT6,SLICE_X28Y232,SLICEL.B6LUT,64'hB1001515AB2BD113
u_dut/lut_l0_297,LUT6,SLICE_X26Y231,SLICEL.D6LUT,64'h00100C19211793D1
u_dut/lut_l0_298,LUT6,SLICE_X26Y232,SLICEL.C6LUT,64'h4000E00000800040
u_dut/lut_l0_299,LUT6,SLICE_X26Y234,SLICEL.D6LUT,64'h0000000000000000
u_dut/lut_l0_3,LUT6,SLICE_X26Y225,SLICEL.A6LUT,64'hFCCE0276D0A0502A
u_dut/lut_l0_30,LUT6,SLICE_X10Y223,SLICEM.B6LUT,64'hEEACE5C9EC089000
u_dut/lut_l0_300,LUT6,SLICE_X26Y230,SLICEL.B6LUT,64'hCE0131D08E40FF82
u_dut/lut_l0_301,LUT6,SLICE_X30Y239,SLICEL.A6LUT,64'h2EF9AEDC10D801C6
u_dut/lut_l0_302,LUT6,SLICE_X28Y237,SLICEL.B6LUT,64'h0100114080400000
u_dut/lut_l0_303,LUT6,SLICE_X26Y238,SLICEL.A6LUT,64'h0000000000000000
u_dut/lut_l0_304,LUT6,SLICE_X30Y230,SLICEL.B6LUT,64'hAA90024000A00040
u_dut/lut_l0_305,LUT6,SLICE_X26Y236,SLICEL.B6LUT,64'h982A100140810000
u_dut/lut_l0_306,LUT6,SLICE_X32Y237,SLICEL.D6LUT,64'hDD505540455005C0
u_dut/lut_l0_307,LUT6,SLICE_X28Y237,SLICEL.C6LUT,64'hFFFEFFFFFFBFFAFF
u_dut/lut_l0_308,LUT6,SLICE_X26Y233,SLICEL.B6LUT,64'h5404300220100000
u_dut/lut_l0_309,LUT6,SLICE_X24Y234,SLICEL.A6LUT,64'h8000040000000000
u_dut/lut_l0_31,LUT6,SLICE_X9Y224,SLICEL.C6LUT,64'hEC05CAE0C085C0C0
u_dut/lut_l0_310,LUT6,SLICE_X19Y232,SLICEL.A6LUT,64'h3E3B135318389391
u_dut/lut_l0_311,LUT6,SLICE_X25Y225,SLICEL.A6LUT,64'h1208D182E100C000
u_dut/lut_l0_312,LUT6,SLICE_X25Y235,SLICEL.A6LUT,64'h0000000000000000
u_dut/lut_l0_313,LUT6,SLICE_X28Y236,SLICEL.C6LUT,64'h00062000800010A0
u_dut/lut_l0_314,LUT6,SLICE_X32Y228,SLICEL.A6LUT,64'h9216826120230500
u_dut/lut_l0_315,LUT6,SLICE_X26Y228,SLICEL.B6LUT,64'h5E41F6465500FF75
u_dut/lut_l0_316,LUT6,SLICE_X31Y235,SLICEL.A6LUT,64'hFFFFFFFBFFF5FFFF
u_dut/lut_l0_317,LUT6,SLICE_X30Y235,SLICEL.B6LUT,64'hEFBDFCAFBD1FC72F
u_dut/lut_l0_318,LUT6,SLICE_X26Y233,SLICEL.C6LUT,64'h8322D03383334313
u_dut/lut_l0_319,LUT6,SLICE_X32Y233,SLICEL.B6LUT,64'h86880588DC040D8F
u_dut/lut_l0_32,LUT6,SLICE_X12Y227,SLICEM.B6LUT,64'h2C2C3F090A6A4802
u_dut/lut_l0_320,LUT6,SLICE_X30Y227,SLICEL.A6LUT,64'hFFFFFFFFFFFEEF9E
u_dut/lut_l0_321,LUT6,SLICE_X29Y235,SLICEL.A6LUT,64'hFFFFFFFFD97FFF7F
u_dut/lut_l0_322,LUT6,SLICE_X28Y230,SLICEL.A6LUT,64'hD808235FD00093AB
u_dut/lut_l0_323,LUT6,SLICE_X34Y228,SLICEL.A6LUT,64'h4000000000000902
u_dut/lut_l0_324,LUT6,SLICE_X24Y228,SLICEL.C6LUT,64'h00A800A804A50D45
u_dut/lut_l0_325,LUT6,SLICE_X33Y228,SLICEL.A6LUT,64'h4540521010109801
u_dut/lut_l0_326,LUT6,SLICE_X27Y236,SLICEL.B6LUT,64'h101833117EFFEFEF
u_dut/lut_l0_327,LUT6,SLICE_X28Y225,SLICEL.B6LUT,64'h054DA9BF01078B13
u_dut/lut_l0_328,LUT6,SLICE_X28Y231,SLICEL.C6LUT,64'h602F515911115F5D
u_dut/lut_l0_329,LUT6,SLICE_X28Y233,SLICEL.B6LUT,64'hFFFFFCFCFFFFDBFF
u_dut/lut_l0_33,LUT6,SLICE_X12Y223,SLICEM.C6LUT,64'hFEFFBFFFFFFA9DBA
u_dut/lut_l0_330,LUT6,SLICE_X29Y236,SLICEL.A6LUT,64'h0000000000000200
u_dut/lut_l0_331,LUT6,SLICE_X33Y232,SLICEL.C6LUT,64'hF7F7F7FFF1FF43E7
u_dut/lut_l0_332,LUT6,SLICE_X27Y229,SLICEL.B6LUT,64'hAE2E4445AA305471
u_dut/lut_l0_333,LUT6,SLICE_X30Y235,SLICEL.C6LUT,64'h8CECC4ACECEF24AB
u_dut/lut_l0_334,LUT6,SLICE_X27Y236,SLICEL.C6LUT,64'hFFFFCDDFFFFFFBD6
u_dut/lut_l0_335,LUT6,SLICE_X28Y236,SLICEL.D6LUT,64'hBFFFFFFFFFFBFF6D
u_dut/lut_l0_336,LUT6,SLICE_X33Y234,SLICEL.B6LUT,64'h0022000000000000
u_dut/lut_l0_337,LUT6,SLICE_X32Y229,SLICEL.B6LUT,64'h0808F04488089890
u_dut/lut_l0_338,LUT6,SLICE_X32Y232,SLICEL.B6LUT,64'hC888BA330D1DF95B
u_dut/lut_l0_339,LUT6,SLICE_X28Y233,SLICEL.C6LUT,64'h0000004000400000
u_dut/lut_l0_34,LUT6,SLICE_X9Y223,SLICEL.C6LUT,64'h3CEEF3B36818CA99
u_dut/lut_l0_340,LUT6,SLICE_X33Y231,SLICEL.D6LUT,64'h2C009B499B00BD59
u_dut/lut_l0_341,LUT6,SLICE_X33Y233,SLICEL.A6LUT,64'h9DCC0202DC280801
u_dut/lut_l0_342,LUT6,SLICE_X27Y232,SLICEL.A6LUT,64'hCDDF65767F1F5F37
u_dut/lut_l0_343,LUT6,SLICE_X28Y231,SLICEL.D6LUT,64'h0202000002A22020
u_dut/lut_l0_344,LUT6,SLICE_X34Y234,SLICEL.B6LUT,64'h080000008A008A01
u_dut/lut_l0_345,LUT6,SLICE_X27Y233,SLICEL.C6LUT,64'hAB238800A3A9EB03
u_dut/lut_l0_346,LUT6,SLICE_X33Y234,SLICEL.C6LUT,64'hFFFDFF76DDF7F735
u_dut/lut_l0_347,LUT6,SLICE_X27Y236,SLICEL.D6LUT,64'hE9187C2C2A1C69F0
u_dut/lut_l0_348,LUT6,SLICE_X33Y232,SLICEL.D6LUT,64'h0A800C80928092C0
u_dut/lut_l0_349,LUT6,SLICE_X32Y230,SLICEL.B6LUT,64'hF4F27FEFCEF77EFB
u_dut/lut_l0_35,LUT6,SLICE_X8Y222,SLICEM.B6LUT,64'h0A5B4BF388810040
u_dut/lut_l0_350,LUT6,SLICE_X27Y230,SLICEL.A6LUT,64'h14F931F5FEBAD614
u_dut/lut_l0_351,LUT6,SLICE_X34Y224,SLICEL.A6LUT,64'h0002000000000000
u_dut/lut_l0_352,LUT6,SLICE_X30Y228,SLICEL.A6LUT,64'hD98CF0F098DB3470
u_dut/lut_l0_353,LUT6,SLICE_X29Y232,SLICEL.B6LUT,64'h891898907E528C7A
u_dut/lut_l0_354,LUT6,SLICE_X30Y231,SLICEL.B6LUT,64'h5105250500050505
u_dut/lut_l0_355,LUT6,SLICE_X28Y226,SLICEL.A6LUT,64'h4002202843058307
u_dut/lut_l0_356,LUT6,SLICE_X35Y232,SLICEL.A6LUT,64'h4400005080000000
u_dut/lut_l0_357,LUT6,SLICE_X27Y232,SLICEL.B6LUT,64'hE9A3C0030022030D
u_dut/lut_l0_358,LUT6,SLICE_X32Y232,SLICEL.C6LUT,64'hFEFFFBFAFFEFFFE3
u_dut/lut_l0_359,LUT6,SLICE_X32Y230,SLICEL.C6LUT,64'h2F7E1CDEF9B4FCF8
u_dut/lut_l0_36,LUT6,SLICE_X22Y229,SLICEM.B6LUT,64'h33760000CAD28290
u_dut/lut_l0_360,LUT6,SLICE_X32Y236,SLICEL.A6LUT,64'h100000002A020A22
u_dut/lut_l0_361,LUT6,SLICE_X32Y233,SLICEL.C6LUT,64'hFFF7FB3EFFEEFFDF
u_dut/lut_l0_362,LUT6,SLICE_X32Y233,SLICEL.D6LUT,64'h7A80658AF6005480
u_dut/lut_l0_363,LUT6,SLICE_X32Y234,SLICEL.A6LUT,64'hFEE7E4F7FB6AFCEB
u_dut/lut_l0_364,LUT6,SLICE_X30Y233,SLICEL.C6LUT,64'h0000680000308280
u_dut/lut_l0_365,LUT6,SLICE_X32Y230,SLICEL.D6LUT,64'hDEF026F2CBFAB5F1
u_dut/lut_l0_366,LUT6,SLICE_X26Y233,SLICEL.D6LUT,64'h4100224000008200
u_dut/lut_l0_367,LUT6,SLICE_X33Y234,SLICEL.D6LUT,64'h0063074000430080
u_dut/lut_l0_368,LUT6,SLICE_X30Y236,SLICEL.A6LUT,64'hB8F48000D2DA0200
u_dut/lut_l0_369,LUT6,SLICE_X29Y232,SLICEL.C6LUT,64'h7FE4FEFF77E87BFF
u_dut/lut_l0_37,LUT6,SLICE_X14Y224,SLICEM.B6LUT,64'h4D047D9D18075D8A
u_dut/lut_l0_370,LUT6,SLICE_X28Y237,SLICEL.D6LUT,64'h416C8010801AB048
u_dut/lut_l0_371,LUT6,SLICE_X30Y231,SLICEL.C6LUT,64'h282008081000802A
u_dut/lut_l0_372,LUT6,SLICE_X26Y236,SLICEL.C6LUT,64'h8800020030010401
u_dut/lut_l0_373,LUT6,SLICE_X26Y236,SLICEL.D6LUT,64'h6008800040008000
u_dut/lut_l0_374,LUT6,SLICE_X28Y235,SLICEL.C6LUT,64'h0400118004042000
u_dut/lut_l0_375,LUT6,SLICE_X29Y229,SLICEL.B6LUT,64'h00444FACC8FF8AAA
u_dut/lut_l0_376,LUT6,SLICE_X15Y228,SLICEL.B6LUT,64'h22030D1F03072527
u_dut/lut_l0_377,LUT6,SLICE_X27Y233,SLICEL.D6LUT,64'h0900020000000220
u_dut/lut_l0_378,LUT6,SLICE_X30Y235,SLICEL.D6LUT,64'hC7FFFEFCFF7776ED
u_dut/lut_l0_379,LUT6,SLICE_X28Y232,SLICEL.C6LUT,64'h45FF4B8C51BFC0DA
u_dut/lut_l0_38,LUT6,SLICE_X5Y225,SLICEL.A6LUT,64'h05CFFEDD7E3C2040
u_dut/lut_l0_380,LUT6,SLICE_X29Y230,SLICEL.D6LUT,64'hA3208A0401004100
u_dut/lut_l0_381,LUT6,SLICE_X31Y233,SLICEL.A6LUT,64'h250000088000217C
u_dut/lut_l0_382,LUT6,SLICE_X28Y235,SLICEL.D6LUT,64'hD5EBB5FDFFFEC7FF
u_dut/lut_l0_383,LUT6,SLICE_X26Y232,SLICEL.D6LUT,64'h000004022CBD00CA
u_dut/lut_l0_384,LUT6,SLICE_X28Y233,SLICEL.D6LUT,64'h24200400C6C6A023
u_dut/lut_l0_385,LUT6,SLICE_X30Y231,SLICEL.D6LUT,64'hAF6CE434C800A054
u_dut/lut_l0_386,LUT6,SLICE_X30Y230,SLICEL.C6LUT,64'h03230BA20B119B88
u_dut/lut_l0_387,LUT6,SLICE_X27Y229,SLICEL.C6LUT,64'h1160C1F015FED0B3
u_dut/lut_l0_388,LUT6,SLICE_X27Y232,SLICEL.C6LUT,64'h0000000000000001
u_dut/lut_l0_389,LUT6,SLICE_X26Y230,SLICEL.C6LUT,64'h2000000200000004
u_dut/lut_l0_39,LUT6,SLICE_X26Y227,SLICEL.C6LUT,64'hF2B0F182F7AEF3A2
u_dut/lut_l0_390,LUT6,SLICE_X29Y232,SLICEL.D6LUT,64'hC904DE009C40FD04
u_dut/lut_l0_391,LUT6,SLICE_X32Y232,SLICEL.D6LUT,64'hE8C8F800FEEE4004
u_dut/lut_l0_392,LUT6,SLICE_X30Y227,SLICEL.B6LUT,64'hFFFFFFFFFFFFEFFF
u_dut/lut_l0_393,LUT6,SLICE_X21Y231,SLICEL.A6LUT,64'h0F70A3203EE07381
u_dut/lut_l0_394,LUT6,SLICE_X28Y232,SLICEL.D6LUT,64'h00200400050086AE
u_dut/lut_l0_395,LUT6,SLICE_X22Y234,SLICEM.B6LUT,64'hEFAEB99A898DA10C
u_dut/lut_l0_396,LUT6,SLICE_X30Y227,SLICEL.C6LUT,64'hFFFFFFFFFFFFFEFD
u_dut/lut_l0_397,LUT6,SLICE_X30Y233,SLICEL.D6LUT,64'hE60DECEFDF0E040F
u_dut/lut_l0_398,LUT6,SLICE_X27Y226,SLICEL.B6LUT,64'h02000A00168B0281
u_dut/lut_l0_399,LUT6,SLICE_X31Y231,SLICEL.A6LUT,64'h0000000000000000
u_dut/lut_l0_4,LUT6,SLICE_X12Y227,SLICEM.C6LUT,64'hF3B26200C9D13220
u_dut/lut_l0_40,LUT6,SLICE_X10Y225,SLICEM.A6LUT,64'h11121410081B1B80
u_dut/lut_l0_400,LUT6,SLICE_X27Y220,SLICEL.A6LUT,64'hC8100000A0000000
u_dut/lut_l0_401,LUT6,SLICE_X19Y219,SLICEL.A6LUT,64'hD5B442152E200A04
u_dut/lut_l0_402,LUT6,SLICE_X25Y223,SLICEL.A6LUT,64'h070E19B6D5BA819A
u_dut/lut_l0_403,LUT6,SLICE_X19Y221,SLICEL.A6LUT,64'h88A344548A0085D0
u_dut/lut_l0_404,LUT6,SLICE_X20Y223,SLICEM.A6LUT,64'hF7D82B13BA884004
u_dut/lut_l0_405,LUT6,SLICE_X18Y219,SLICEM.A6LUT,64'h1411FE142202C6C7
u_dut/lut_l0_406,LUT6,SLICE_X18Y221,SLICEM.A6LUT,64'hBA88AA845A485014
u_dut/lut_l0_407,LUT6,SLICE_X20Y222,SLICEM.A6LUT,64'h0102402AC8AA7B50
u_dut/lut_l0_408,LUT6,SLICE_X28Y219,SLICEL.A6LUT,64'h35A50A8834880804
u_dut/lut_l0_409,LUT6,SLICE_X28Y219,SLICEL.B6LUT,64'hA800A4847D408444
u_dut/lut_l0_41,LUT6,SLICE_X14Y225,SLICEM.A6LUT,64'h3FFEEAEAF0C002F2
u_dut/lut_l0_410,LUT6,SLICE_X29Y220,SLICEL.A6LUT,64'hA8010D0320052008
u_dut/lut_l0_411,LUT6,SLICE_X17Y219,SLICEL.A6LUT,64'hA091B8183DE8810C
u_dut/lut_l0_412,LUT6,SLICE_X25Y222,SLICEL.A6LUT,64'hB98C0081DBBCA2A0
u_dut/lut_l0_413,LUT6,SLICE_X28Y220,SLICEL.A6LUT,64'h8AC00B00001800C0
u_dut/lut_l0_414,LUT6,SLICE_X18Y218,SLICEM.A6LUT,64'hFCFA301920213302
u_dut/lut_l0_415,LUT6,SLICE_X14Y219,SLICEM.A6LUT,64'h0F0604000C2E0C29
u_dut/lut_l0_416,LUT6,SLICE_X22Y222,SLICEM.A6LUT,64'h3240A1005010011C
u_dut/lut_l0_417,LUT6,SLICE_X16Y219,SLICEM.A6LUT,64'hFE7C6A587618A8FC
u_dut/lut_l0_418,LUT6,SLICE_X27Y218,SLICEL.A6LUT,64'hA4A0A82704250000
u_dut/lut_l0_419,LUT6,SLICE_X18Y221,SLICEM.B6LUT,64'hB0C8EA11FCCCC01A
u_dut/lut_l0_42,LUT6,SLICE_X6Y222,SLICEM.B6LUT,64'h01FA75D100DA45A1
u_dut/lut_l0_420,LUT6,SLICE_X22Y217,SLICEM.A6LUT,64'h47A040B0C2806810
u_dut/lut_l0_421,LUT6,SLICE_X18Y222,SLICEM.A6LUT,64'hA3008AD0BDD0D811
u_dut/lut_l0_422,LUT6,SLICE_X21Y221,SLICEL.A6LUT,64'h0141F02D0202E881
u_dut/lut_l0_423,LUT6,SLICE_X14Y221,SLICEM.B6LUT,64'hD1D8D4D873050EBC
u_dut/lut_l0_424,LUT6,SLICE_X14Y217,SLICEM.A6LUT,64'hB21DAACC92EF9884
u_dut/lut_l0_425,LUT6,SLICE_X19Y217,SLICEL.A6LUT,64'h4411747164C14444
u_dut/lut_l0_426,LUT6,SLICE_X27Y222,SLICEL.A6LUT,64'h8B8BC191A8B1A281
u_dut/lut_l0_427,LUT6,SLICE_X19Y221,SLICEL.B6LUT,64'h33324000C0000201
u_dut/lut_l0_428,LUT6,SLICE_X13Y218,SLICEL.A6LUT,64'hFBBE01D8C3800081
u_dut/lut_l0_429,LUT6,SLICE_X27Y225,SLICEL.A6LUT,64'hC440300480003000
u_dut/lut_l0_43,LUT6,SLICE_X6Y222,SLICEM.C6LUT,64'hD419D427C862CEFC
u_dut/lut_l0_430,LUT6,SLICE_X20Y222,SLICEM.B6LUT,64'hD3B22060C30230E2
u_dut/lut_l0_431,LUT6,SLICE_X20Y220,SLICEM.A6LUT,64'hCB22AAA303230000
u_dut/lut_l0_432,LUT6,SLICE_X25Y221,SLICEL.A6LUT,64'h842CA60840A02800
u_dut/lut_l0_433,LUT6,SLICE_X22Y221,SLICEM.A6LUT,64'h94A0817802122220
u_dut/lut_l0_434,LUT6,SLICE_X21Y221,SLICEL.B6LUT,64'hD7C780C87318F1E8
u_dut/lut_l0_435,LUT6,SLICE_X22Y217,SLICEM.B6LUT,64'hFDBE30BC01761078
u_dut/lut_l0_436,LUT6,SLICE_X17Y220,SLICEL.A6LUT,64'hC01F842A5A60C20C
u_dut/lut_l0_437,LUT6,SLICE_X28Y222,SLICEL.A6LUT,64'h72D0231101150258
u_dut/lut_l0_438,LUT6,SLICE_X22Y222,SLICEM.B6LUT,64'h8CCA1519C4015581
u_dut/lut_l0_439,LUT6,SLICE_X23Y221,SLICEL.A6LUT,64'hF3E61020044C2FCA
u_dut/lut_l0_44,LUT6,SLICE_X14Y221,SLICEM.C6LUT,64'h1A2C0A04F0E47CED
u_dut/lut_l0_440,LUT6,SLICE_X22Y228,SLICEM.B6LUT,64'h12DF40C7F0C1C1C9
u_dut/lut_l0_441,LUT6,SLICE_X16Y222,SLICEM.A6LUT,64'hAE222AAF8C2CC001
u_dut/lut_l0_442,LUT6,SLICE_X16Y220,SLICEM.A6LUT,64'hD880809088100030
u_dut/lut_l0_443,LUT6,SLICE_X30Y219,SLICEL.A6LUT,64'hE131AECAA101B180
u_dut/lut_l0_444,LUT6,SLICE_X19Y220,SLICEL.A6LUT,64'hE3A1232532801000
u_dut/lut_l0_445,LUT6,SLICE_X17Y219,SLICEL.B6LUT,64'h0040002033000180
u_dut/lut_l0_446,LUT6,SLICE_X17Y218,SLICEL.A6LUT,64'hFEE8C138176CCF62
u_dut/lut_l0_447,LUT6,SLICE_X14Y219,SLICEM.B6LUT,64'h369A10CD4ADA0080
u_dut/lut_l0_448,LUT6,SLICE_X28Y221,SLICEL.A6LUT,64'h904A80988025E280
u_dut/lut_l0_449,LUT6,SLICE_X26Y219,SLICEL.A6LUT,64'hF84AFAE8345EC00E
u_dut/lut_l0_45,LUT6,SLICE_X16Y224,SLICEM.C6LUT,64'h73FFA20030F0A440
u_dut/lut_l0_450,LUT6,SLICE_X26Y216,SLICEL.A6LUT,64'hCC8C8CC04F1BCEA8
u_dut/lut_l0_451,LUT6,SLICE_X26Y218,SLICEL.A6LUT,64'h474854403008000C
u_dut/lut_l0_452,LUT6,SLICE_X26Y217,SLICEL.A6LUT,64'h5180F0B0E2C46E8C
u_dut/lut_l0_453,LUT6,SLICE_X26Y221,SLICEL.A6LUT,64'hEFB8EC944D7C00B0
u_dut/lut_l0_454,LUT6,SLICE_X28Y218,SLICEL.A6LUT,64'h0C038C0002228A0A
u_dut/lut_l0_455,LUT6,SLICE_X27Y225,SLICEL.B6LUT,64'hCD92C808D1104800
u_dut/lut_l0_456,LUT6,SLICE_X27Y219,SLICEL.A6LUT,64'hB8F2ADA5C443CC04
u_dut/lut_l0_457,LUT6,SLICE_X26Y219,SLICEL.B6LUT,64'hFF446E9A64CE2498
u_dut/lut_l0_458,LUT6,SLICE_X28Y224,SLICEL.A6LUT,64'hB310000AC294008C
u_dut/lut_l0_459,LUT6,SLICE_X29Y218,SLICEL.A6LUT,64'h8188020202400864
u_dut/lut_l0_46,LUT6,SLICE_X10Y223,SLICEM.C6LUT,64'h77712CB87362368B
u_dut/lut_l0_460,LUT6,SLICE_X27Y220,SLICEL.B6LUT,64'h50525D50400744C1
u_dut/lut_l0_461,LUT6,SLICE_X23Y220,SLICEL.A6LUT,64'hD0C39040CC40020A
u_dut/lut_l0_462,LUT6,SLICE_X23Y218,SLICEL.A6LUT,64'hE5E4C440E5F5C121
u_dut/lut_l0_463,LUT6,SLICE_X30Y219,SLICEL.B6LUT,64'hEF0AEE04CC014002
u_dut/lut_l0_464,LUT6,SLICE_X22Y220,SLICEM.A6LUT,64'h3A00BB8B003098B0
u_dut/lut_l0_465,LUT6,SLICE_X28Y220,SLICEL.B6LUT,64'h8CC8C0E850D810D8
u_dut/lut_l0_466,LUT6,SLICE_X28Y222,SLICEL.B6LUT,64'hC0D0F0C0080A0F1B
u_dut/lut_l0_467,LUT6,SLICE_X22Y219,SLICEM.A6LUT,64'hD8A5DA90D887D900
u_dut/lut_l0_468,LUT6,SLICE_X26Y221,SLICEL.B6LUT,64'h02F30D400840CB6E
u_dut/lut_l0_469,LUT6,SLICE_X27Y222,SLICEL.B6LUT,64'h93FAF000130F1300
u_dut/lut_l0_47,LUT6,SLICE_X7Y224,SLICEL.A6LUT,64'h332545C700080058
u_dut/lut_l0_470,LUT6,SLICE_X27Y223,SLICEL.B6LUT,64'hA82A3E2444045D20
u_dut/lut_l0_471,LUT6,SLICE_X22Y223,SLICEM.A6LUT,64'h5524125104008941
u_dut/lut_l0_472,LUT6,SLICE_X23Y219,SLICEL.A6LUT,64'h9010CA10C4859000
u_dut/lut_l0_473,LUT6,SLICE_X16Y222,SLICEM.B6LUT,64'h88C1F8109BCD8CB0
u_dut/lut_l0_474,LUT6,SLICE_X31Y218,SLICEL.A6LUT,64'h002218A2008000A0
u_dut/lut_l0_475,LUT6,SLICE_X27Y219,SLICEL.B6LUT,64'h9900F81530D00280
u_dut/lut_l0_476,LUT6,SLICE_X20Y218,SLICEM.A6LUT,64'h000200884040CC00
u_dut/lut_l0_477,LUT6,SLICE_X22Y220,SLICEM.B6LUT,64'h1426D56DCC82A283
u_dut/lut_l0_478,LUT6,SLICE_X28Y223,SLICEL.B6LUT,64'h0030082001240010
u_dut/lut_l0_479,LUT6,SLICE_X27Y219,SLICEL.C6LUT,64'h4383003243000622
u_dut/lut_l0_48,LUT6,SLICE_X12Y222,SLICEM.B6LUT,64'h0011E260E2B39B88
u_dut/lut_l0_480,LUT6,SLICE_X27Y221,SLICEL.A6LUT,64'h2AFD301400D00404
u_dut/lut_l0_481,LUT6,SLICE_X26Y216,SLICEL.B6LUT,64'h52801AC0DDCD0922
u_dut/lut_l0_482,LUT6,SLICE_X28Y219,SLICEL.C6LUT,64'hE6406E0CE0408A0B
u_dut/lut_l0_483,LUT6,SLICE_X28Y219,SLICEL.D6LUT,64'h0E0E0F080E080C00
u_dut/lut_l0_484,LUT6,SLICE_X20Y217,SLICEM.A6LUT,64'hAB2AAA000B088107
u_dut/lut_l0_485,LUT6,SLICE_X20Y221,SLICEM.A6LUT,64'h6EA4A6A6CC04A625
u_dut/lut_l0_486,LUT6,SLICE_X20Y219,SLICEM.A6LUT,64'h0251CA01C2518088
u_dut/lut_l0_487,LUT6,SLICE_X16Y220,SLICEM.B6LUT,64'h1600F40001E0A8FC
u_dut/lut_l0_488,LUT6,SLICE_X20Y219,SLICEM.B6LUT,64'h00313E8010B32210
u_dut/lut_l0_489,LUT6,SLICE_X28Y218,SLICEL.B6LUT,64'hFB8A08AA44094419
u_dut/lut_l0_49,LUT6,SLICE_X26Y223,SLICEL.B6LUT,64'h2E0C5814786C74CC
u_dut/lut_l0_490,LUT6,SLICE_X24Y225,SLICEL.A6LUT,64'hA3C5AFE5F380AB41
u_dut/lut_l0_491,LUT6,SLICE_X28Y222,SLICEL.C6LUT,64'hFE00710800420088
u_dut/lut_l0_492,LUT6,SLICE_X22Y223,SLICEM.B6LUT,64'hFEC2D302E40A412E
u_dut/lut_l0_493,LUT6,SLICE_X27Y220,SLICEL.C6LUT,64'h0A9CAA04594F0801
u_dut/lut_l0_494,LUT6,SLICE_X24Y220,SLICEL.A6LUT,64'h71F580AA00A300CC
u_dut/lut_l0_495,LUT6,SLICE_X14Y222,SLICEM.B6LUT,64'hE6EBF8884571FA8C
u_dut/lut_l0_496,LUT6,SLICE_X28Y220,SLICEL.C6LUT,64'hA98B0032BE080020
u_dut/lut_l0_497,LUT6,SLICE_X14Y219,SLICEM.C6LUT,64'hCD71EE4BC8F8B002
u_dut/lut_l0_498,LUT6,SLICE_X23Y222,SLICEL.A6LUT,64'h6444404000F40848
u_dut/lut_l0_499,LUT6,SLICE_X23Y221,SLICEL.B6LUT,64'h2EC4AC2201A88203
u_dut/lut_l0_5,LUT6,SLICE_X5Y222,SLICEL.A6LUT,64'h094452EC8E451889
u_dut/lut_l0_50,LUT6,SLICE_X20Y227,SLICEM.A6LUT,64'hFCEA5C8A70151015
u_dut/lut_l0_500,LUT6,SLICE_X23Y221,SLICEL.C6LUT,64'hEE88000004C4C810
u_dut/lut_l0_501,LUT6,SLICE_X18Y223,SLICEM.A6LUT,64'h4800320AA0203002
u_dut/lut_l0_502,LUT6,SLICE_X26Y220,SLICEL.A6LUT,64'hAA466CC6A027225E
u_dut/lut_l0_503,LUT6,SLICE_X26Y222,SLICEL.A6LUT,64'h2220125120210023
u_dut/lut_l0_504,LUT6,SLICE_X26Y220,SLICEL.B6LUT,64'hA0FEC0C028988D04
u_dut/lut_l0_505,LUT6,SLICE_X28Y221,SLICEL.B6LUT,64'h2262230022029900
u_dut/lut_l0_506,LUT6,SLICE_X30Y222,SLICEL.A6LUT,64'h3F0812080C000188
u_dut/lut_l0_507,LUT6,SLICE_X26Y219,SLICEL.C6LUT,64'hAEA228842000CD40
u_dut/lut_l0_508,LUT6,SLICE_X26Y219,SLICEL.D6LUT,64'hAE880475C8884074
u_dut/lut_l0_509,LUT6,SLICE_X15Y222,SLICEL.A6LUT,64'h88A0FE4199985B08
u_dut/lut_l0_51,LUT6,SLICE_X25Y225,SLICEL.B6LUT,64'hEFEF25665FEF0022
u_dut/lut_l0_510,LUT6,SLICE_X24Y221,SLICEL.A6LUT,64'h0A0A0A03550000EF
u_dut/lut_l0_511,LUT6,SLICE_X24Y222,SLICEL.A6LUT,64'h19A800CC08EC00AC
u_dut/lut_l0_512,LUT6,SLICE_X23Y221,SLICEL.D6LUT,64'h700020500CB50EB0
u_dut/lut_l0_513,LUT6,SLICE_X28Y222,SLICEL.D6LUT,64'h81B285F9A52D0204
u_dut/lut_l0_514,LUT6,SLICE_X24Y224,SLICEL.A6LUT,64'hE1D0EA83F5E8AA80
u_dut/lut_l0_515,LUT6,SLICE_X25Y222,SLICEL.B6LUT,64'h1510A0805052A4A4
u_dut/lut_l0_516,LUT6,SLICE_X24Y224,SLICEL.B6LUT,64'h48723A540001B010
u_dut/lut_l0_517,LUT6,SLICE_X21Y220,SLICEL.A6LUT,64'h46022C88AA418CE0
u_dut/lut_l0_518,LUT6,SLICE_X25Y221,SLICEL.B6LUT,64'h1482500004C31C41
u_dut/lut_l0_519,LUT6,SLICE_X29Y220,SLICEL.B6LUT,64'h39B746FF77CA33C8
u_dut/lut_l0_52,LUT6,SLICE_X13Y225,SLICEL.A6LUT,64'h7672427372007100
u_dut/lut_l0_520,LUT6,SLICE_X24Y220,SLICEL.B6LUT,64'h0C88A2BA0908B58A
u_dut/lut_l0_521,LUT6,SLICE_X28Y217,SLICEL.A6LUT,64'hFD22F408A8338130
u_dut/lut_l0_522,LUT6,SLICE_X22Y218,SLICEM.A6LUT,64'hF2802A4400238050
u_dut/lut_l0_523,LUT6,SLICE_X24Y220,SLICEL.C6LUT,64'hEC00800E800889C0
u_dut/lut_l0_524,LUT6,SLICE_X24Y221,SLICEL.B6LUT,64'hF8CEE000B840008E
u_dut/lut_l0_525,LUT6,SLICE_X25Y229,SLICEL.B6LUT,64'h00320A1AE0800F00
u_dut/lut_l0_526,LUT6,SLICE_X26Y220,SLICEL.C6LUT,64'hDF702020444051B1
u_dut/lut_l0_527,LUT6,SLICE_X24Y218,SLICEL.A6LUT,64'h98D09CB9C040ABA0
u_dut/lut_l0_528,LUT6,SLICE_X27Y219,SLICEL.D6LUT,64'h10ED332208880002
u_dut/lut_l0_529,LUT6,SLICE_X25Y221,SLICEL.C6LUT,64'hB805C505E22CA000
u_dut/lut_l0_53,LUT6,SLICE_X14Y223,SLICEM.B6LUT,64'h3FBFAABB3BBFFFFF
u_dut/lut_l0_530,LUT6,SLICE_X26Y223,SLICEL.C6LUT,64'hCD08CC32ECB00031
u_dut/lut_l0_531,LUT6,SLICE_X25Y222,SLICEL.C6LUT,64'hA4E5A587E080F091
u_dut/lut_l0_532,LUT6,SLICE_X21Y215,SLICEL.A6LUT,64'h31702224CC8F0850
u_dut/lut_l0_533,LUT6,SLICE_X25Y219,SLICEL.A6LUT,64'hAAE0A85C11008044
u_dut/lut_l0_534,LUT6,SLICE_X18Y216,SLICEM.A6LUT,64'h4459B59048401151
u_dut/lut_l0_535,LUT6,SLICE_X25Y216,SLICEL.A6LUT,64'hF9DC46A2CF19CB20
u_dut/lut_l0_536,LUT6,SLICE_X25Y222,SLICEL.D6LUT,64'h03A20CA900A880E8
u_dut/lut_l0_537,LUT6,SLICE_X28Y223,SLICEL.C6LUT,64'h426664F6004A490F
u_dut/lut_l0_538,LUT6,SLICE_X27Y223,SLICEL.C6LUT,64'h3818305C80611140
u_dut/lut_l0_539,LUT6,SLICE_X27Y222,SLICEL.C6LUT,64'h01BC4405550055AB
u_dut/lut_l0_54,LUT6,SLICE_X17Y229,SLICEL.A6LUT,64'hA7F0ADE005448DC0
u_dut/lut_l0_540,LUT6,SLICE_X28Y221,SLICEL.C6LUT,64'hF4E024A00DA0CF4D
u_dut/lut_l0_541,LUT6,SLICE_X23Y223,SLICEL.A6LUT,64'hF770203ACC009898
u_dut/lut_l0_542,LUT6,SLICE_X19Y216,SLICEL.A6LUT,64'hFFD5F250721020B2
u_dut/lut_l0_543,LUT6,SLICE_X27Y222,SLICEL.D6LUT,64'h00385A48AA004024
u_dut/lut_l0_544,LUT6,SLICE_X29Y221,SLICEL.A6LUT,64'hF000EECC280F001D
u_dut/lut_l0_545,LUT6,SLICE_X29Y225,SLICEL.A6LUT,64'hE200220C620288AE
u_dut/lut_l0_546,LUT6,SLICE_X24Y224,SLICEL.C6LUT,64'h0406800035990408
u_dut/lut_l0_547,LUT6,SLICE_X28Y221,SLICEL.D6LUT,64'h3C2DB20AF6C4A123
u_dut/lut_l0_548,LUT6,SLICE_X27Y223,SLICEL.D6LUT,64'h5042520047116404
u_dut/lut_l0_549,LUT6,SLICE_X29Y220,SLICEL.C6LUT,64'h00F40888002F0A80
u_dut/lut_l0_55,LUT6,SLICE_X29Y225,SLICEL.B6LUT,64'hEEFA2221CBFF3005
u_dut/lut_l0_550,LUT6,SLICE_X28Y217,SLICEL.B6LUT,64'h51C241E269FD2042
u_dut/lut_l0_551,LUT6,SLICE_X23Y219,SLICEL.B6LUT,64'h360259100202616A
u_dut/lut_l0_552,LUT6,SLICE_X30Y223,SLICEL.A6LUT,64'hCC2240700000E0C0
u_dut/lut_l0_553,LUT6,SLICE_X29Y218,SLICEL.B6LUT,64'h5401500040554054
u_dut/lut_l0_554,LUT6,SLICE_X27Y217,SLICEL.A6LUT,64'h91808BAF58005100
u_dut/lut_l0_555,LUT6,SLICE_X24Y222,SLICEL.B6LUT,64'hF018F420E0010C11
u_dut/lut_l0_556,LUT6,SLICE_X29Y220,SLICEL.D6LUT,64'h48F0890B02690001
u_dut/lut_l0_557,LUT6,SLICE_X28Y218,SLICEL.C6LUT,64'h3E028803A2428000
u_dut/lut_l0_558,LUT6,SLICE_X28Y217,SLICEL.C6LUT,64'h091000080F084AC0
u_dut/lut_l0_559,LUT6,SLICE_X30Y222,SLICEL.B6LUT,64'h4E80EAA068CB9011
u_dut/lut_l0_56,LUT6,SLICE_X12Y226,SLICEM.C6LUT,64'h10C8108F10F010A0
u_dut/lut_l0_560,LUT6,SLICE_X29Y218,SLICEL.C6LUT,64'h600E008C48B00851
u_dut/lut_l0_561,LUT6,SLICE_X29Y218,SLICEL.D6LUT,64'hBAFF80608AC40020
u_dut/lut_l0_562,LUT6,SLICE_X22Y224,SLICEM.A6LUT,64'hFC5C020E4060EAF4
u_dut/lut_l0_563,LUT6,SLICE_X30Y221,SLICEL.A6LUT,64'h332330003AAA0020
u_dut/lut_l0_564,LUT6,SLICE_X23Y224,SLICEL.B6LUT,64'h5F68C0822F21D102
u_dut/lut_l0_565,LUT6,SLICE_X22Y221,SLICEM.B6LUT,64'h3704424110D12821
u_dut/lut_l0_566,LUT6,SLICE_X24Y229,SLICEL.A6LUT,64'hDF10D4B008A2000A
u_dut/lut_l0_567,LUT6,SLICE_X25Y221,SLICEL.D6LUT,64'hE8226F25A10C690C
u_dut/lut_l0_568,LUT6,SLICE_X22Y221,SLICEM.C6LUT,64'h0820FA1FAA80DC06
u_dut/lut_l0_569,LUT6,SLICE_X30Y219,SLICEL.C6LUT,64'h8C48CC0C13438044
u_dut/lut_l0_57,LUT6,SLICE_X14Y223,SLICEM.C6LUT,64'hAB3DBEAE88108883
u_dut/lut_l0_570,LUT6,SLICE_X22Y222,SLICEM.C6LUT,64'h1EFCC832000C00A8
u_dut/lut_l0_571,LUT6,SLICE_X26Y222,SLICEL.B6LUT,64'h8C00CF88E180CE08
u_dut/lut_l0_572,LUT6,SLICE_X21Y220,SLICEL.B6LUT,64'h200DA5A00000E24C
u_dut/lut_l0_573,LUT6,SLICE_X22Y220,SLICEM.C6LUT,64'hF94DA08090110000
u_dut/lut_l0_574,LUT6,SLICE_X22Y219,SLICEM.B6LUT,64'hCF0E4E7446003C72
u_dut/lut_l0_575,LUT6,SLICE_X24Y220,SLICEL.D6LUT,64'hF2E0F20024456F0A
u_dut/lut_l0_576,LUT6,SLICE_X24Y219,SLICEL.A6LUT,64'hBAB2A8009F0624CC
u_dut/lut_l0_577,LUT6,SLICE_X26Y216,SLICEL.C6LUT,64'h48B70498C0E80033
u_dut/lut_l0_578,LUT6,SLICE_X24Y221,SLICEL.C6LUT,64'h12020000DE93E0A4
u_dut/lut_l0_579,LUT6,SLICE_X26Y221,SLICEL.C6LUT,64'h08004742000224AF
u_dut/lut_l0_58,LUT6,SLICE_X14Y224,SLICEM.C6LUT,64'h666F60FFEBFD31EE
u_dut/lut_l0_580,LUT6,SLICE_X16Y219,SLICEM.B6LUT,64'h98C8CDC566483500
u_dut/lut_l0_581,LUT6,SLICE_X23Y217,SLICEL.A6LUT,64'hF3167325F5F014AE
u_dut/lut_l0_582,LUT6,SLICE_X29Y216,SLICEL.A6LUT,64'h10001000D98B01DB
u_dut/lut_l0_583,LUT6,SLICE_X26Y220,SLICEL.D6LUT,64'h41D1FBB3E0822504
u_dut/lut_l0_584,LUT6,SLICE_X23Y223,SLICEL.B6LUT,64'hCC33E820C8321002
u_dut/lut_l0_585,LUT6,SLICE_X23Y219,SLICEL.C6LUT,64'hEEA800801305BE8A
u_dut/lut_l0_586,LUT6,SLICE_X23Y222,SLICEL.B6LUT,64'h5A580C0D8888E1B1
u_dut/lut_l0_587,LUT6,SLICE_X23Y224,SLICEL.C6LUT,64'h08FA88A079C887D7
u_dut/lut_l0_588,LUT6,SLICE_X30Y222,SLICEL.C6LUT,64'hDC80CC0040A0F1F3
u_dut/lut_l0_589,LUT6,SLICE_X25Y220,SLICEL.A6LUT,64'hFA64EA8633CC0606
u_dut/lut_l0_59,LUT6,SLICE_X15Y226,SLICEL.A6LUT,64'hAAEA6A00F5D7C5E1
u_dut/lut_l0_590,LUT6,SLICE_X17Y219,SLICEL.C6LUT,64'hC805000088001554
u_dut/lut_l0_591,LUT6,SLICE_X24Y221,SLICEL.D6LUT,64'hA82C001085A4A4B4
u_dut/lut_l0_592,LUT6,SLICE_X20Y222,SLICEM.C6LUT,64'h6EF0A207AFA0FF4B
u_dut/lut_l0_593,LUT6,SLICE_X22Y221,SLICEM.D6LUT,64'h286172A029712831
u_dut/lut_l0_594,LUT6,SLICE_X26Y221,SLICEL.D6LUT,64'h8C5D948A8E378830
u_dut/lut_l0_595,LUT6,SLICE_X24Y222,SLICEL.C6LUT,64'hCAC0C20AD8C81330
u_dut/lut_l0_596,LUT6,SLICE_X19Y233,SLICEL.A6LUT,64'h0F0C0200493928E8
u_dut/lut_l0_597,LUT6,SLICE_X30Y222,SLICEL.D6LUT,64'hFDD840E7C4880085
u_dut/lut_l0_598,LUT6,SLICE_X20Y223,SLICEM.B6LUT,64'h95A31990E0819B8A
u_dut/lut_l0_599,LUT6,SLICE_X24Y222,SLICEL.D6LUT,64'h77DDCF0572538440
u_dut/lut_l0_6,LUT6,SLICE_X9Y225,SLICEL.A6LUT,64'hA8F4FE0690C8C8C8
u_dut/lut_l0_60,LUT6,SLICE_X11Y224,SLICEL.A6LUT,64'hBAA88000EEA83320
u_dut/lut_l0_600,LUT6,SLICE_X19Y238,SLICEL.A6LUT,64'h004000009B451595
u_dut/lut_l0_601,LUT6,SLICE_X10Y222,SLICEM.B6LUT,64'h8000300023013743
u_dut/lut_l0_602,LUT6,SLICE_X6Y236,SLICEM.A6LUT,64'hC004000113110535
u_dut/lut_l0_603,LUT6,SLICE_X13Y236,SLICEL.A6LUT,64'h5070505C21D10558
u_dut/lut_l0_604,LUT6,SLICE_X19Y234,SLICEL.A6LUT,64'h81A000077F7F4A03
u_dut/lut_l0_605,LUT6,SLICE_X11Y228,SLICEL.C6LUT,64'h003D0A1900EF0909
u_dut/lut_l0_606,LUT6,SLICE_X9Y236,SLICEL.A6LUT,64'h0014063100255E97
u_dut/lut_l0_607,LUT6,SLICE_X16Y226,SLICEM.C6LUT,64'h01000F07A5058100
u_dut/lut_l0_608,LUT6,SLICE_X17Y239,SLICEL.A6LUT,64'h0000044443052000
u_dut/lut_l0_609,LUT6,SLICE_X14Y234,SLICEM.A6LUT,64'h80130007000A1075
u_dut/lut_l0_61,LUT6,SLICE_X10Y221,SLICEM.B6LUT,64'hBE97FFD8A6A4FF54
u_dut/lut_l0_610,LUT6,SLICE_X15Y233,SLICEL.A6LUT,64'h202F000B08330022
u_dut/lut_l0_611,LUT6,SLICE_X16Y235,SLICEM.A6LUT,64'h00840484AA09C104
u_dut/lut_l0_612,LUT6,SLICE_X14Y231,SLICEM.A6LUT,64'h000008000E63CF03
u_dut/lut_l0_613,LUT6,SLICE_X18Y232,SLICEM.A6LUT,64'hF34C0C4D40091344
u_dut/lut_l0_614,LUT6,SLICE_X18Y233,SLICEM.A6LUT,64'h00F0011B00F302BB
u_dut/lut_l0_615,LUT6,SLICE_X19Y234,SLICEL.B6LUT,64'h0000000120030031
u_dut/lut_l0_616,LUT6,SLICE_X10Y234,SLICEM.A6LUT,64'h19390808041B0100
u_dut/lut_l0_617,LUT6,SLICE_X11Y232,SLICEL.A6LUT,64'h33018301230003F6
u_dut/lut_l0_618,LUT6,SLICE_X15Y230,SLICEL.B6LUT,64'h8091113000000000
u_dut/lut_l0_619,LUT6,SLICE_X12Y236,SLICEM.A6LUT,64'h220000541201453E
u_dut/lut_l0_62,LUT6,SLICE_X16Y227,SLICEM.B6LUT,64'hFB880883A00800A0
u_dut/lut_l0_620,LUT6,SLICE_X9Y236,SLICEL.B6LUT,64'h550405015C5D0F00
u_dut/lut_l0_621,LUT6,SLICE_X14Y236,SLICEM.A6LUT,64'h89AE331D2ABE0115
u_dut/lut_l0_622,LUT6,SLICE_X10Y233,SLICEM.A6LUT,64'h1548E225510F107F
u_dut/lut_l0_623,LUT6,SLICE_X12Y236,SLICEM.B6LUT,64'h0800010000110001
u_dut/lut_l0_624,LUT6,SLICE_X20Y234,SLICEM.C6LUT,64'h0404011384A50108
u_dut/lut_l0_625,LUT6,SLICE_X19Y240,SLICEL.A6LUT,64'h8C0C00990E847DFE
u_dut/lut_l0_626,LUT6,SLICE_X14Y235,SLICEM.A6LUT,64'h0000000074308171
u_dut/lut_l0_627,LUT6,SLICE_X18Y231,SLICEM.A6LUT,64'h00F00CD5AC30005F
u_dut/lut_l0_628,LUT6,SLICE_X14Y232,SLICEM.A6LUT,64'h0000819030303090
u_dut/lut_l0_629,LUT6,SLICE_X14Y240,SLICEM.A6LUT,64'h0854CF47114411C5
u_dut/lut_l0_63,LUT6,SLICE_X12Y225,SLICEM.B6LUT,64'hBFE6ACB6B8FCAA3B
u_dut/lut_l0_630,LUT6,SLICE_X14Y233,SLICEM.A6LUT,64'h0D140204AB8A0A44
u_dut/lut_l0_631,LUT6,SLICE_X14Y234,SLICEM.B6LUT,64'h0022429240B3CCFF
u_dut/lut_l0_632,LUT6,SLICE_X24Y237,SLICEL.A6LUT,64'h0811003000222000
u_dut/lut_l0_633,LUT6,SLICE_X14Y227,SLICEM.B6LUT,64'h800008C0000708CF
u_dut/lut_l0_634,LUT6,SLICE_X15Y236,SLICEL.A6LUT,64'h8A008A8A8A010A8F
u_dut/lut_l0_635,LUT6,SLICE_X17Y237,SLICEL.A6LUT,64'h01548ADC64C44574
u_dut/lut_l0_636,LUT6,SLICE_X11Y238,SLICEL.A6LUT,64'h020927000201B951
u_dut/lut_l0_637,LUT6,SLICE_X12Y234,SLICEM.A6LUT,64'h95971E5E15955757
u_dut/lut_l0_638,LUT6,SLICE_X19Y232,SLICEL.B6LUT,64'h0C0C0C0644442486
u_dut/lut_l0_639,LUT6,SLICE_X12Y235,SLICEM.A6LUT,64'h020B0315F3022220
u_dut/lut_l0_64,LUT6,SLICE_X13Y229,SLICEL.D6LUT,64'hE9802774F8502050
u_dut/lut_l0_640,LUT6,SLICE_X13Y237,SLICEL.A6LUT,64'h0000000000000900
u_dut/lut_l0_641,LUT6,SLICE_X11Y232,SLICEL.B6LUT,64'hC045000544CC4419
u_dut/lut_l0_642,LUT6,SLICE_X18Y234,SLICEM.A6LUT,64'h5512497180105DD9
u_dut/lut_l0_643,LUT6,SLICE_X18Y236,SLICEM.A6LUT,64'h00510CF700E911F7
u_dut/lut_l0_644,LUT6,SLICE_X21Y239,SLICEL.A6LUT,64'h2EBB0124D05E052D
u_dut/lut_l0_645,LUT6,SLICE_X18Y237,SLICEM.A6LUT,64'h0023002B00720103
u_dut/lut_l0_646,LUT6,SLICE_X21Y227,SLICEL.B6LUT,64'h0080CC040012C07C
u_dut/lut_l0_647,LUT6,SLICE_X20Y237,SLICEM.A6LUT,64'h1100114033001305
u_dut/lut_l0_648,LUT6,SLICE_X18Y241,SLICEM.A6LUT,64'h0400000002000823
u_dut/lut_l0_649,LUT6,SLICE_X13Y236,SLICEL.B6LUT,64'h0020100100D870D0
u_dut/lut_l0_65,LUT6,SLICE_X17Y224,SLICEL.B6LUT,64'hCC80FFB85FBECF12
u_dut/lut_l0_650,LUT6,SLICE_X18Y240,SLICEM.A6LUT,64'h020141292127128F
u_dut/lut_l0_651,LUT6,SLICE_X16Y233,SLICEM.A6LUT,64'h200020048102070A
u_dut/lut_l0_652,LUT6,SLICE_X27Y225,SLICEL.C6LUT,64'h594C405050564062
u_dut/lut_l0_653,LUT6,SLICE_X17Y230,SLICEL.B6LUT,64'h9EBB8AA81F19DDB9
u_dut/lut_l0_654,LUT6,SLICE_X15Y234,SLICEL.A6LUT,64'h002030FA00000115
u_dut/lut_l0_655,LUT6,SLICE_X20Y230,SLICEM.B6LUT,64'h550700051501307C
u_dut/lut_l0_656,LUT6,SLICE_X15Y234,SLICEL.B6LUT,64'h0055542F001001DF
u_dut/lut_l0_657,LUT6,SLICE_X17Y230,SLICEL.C6LUT,64'hA0022A0A08011008
u_dut/lut_l0_658,LUT6,SLICE_X16Y234,SLICEM.A6LUT,64'h0030107580200033
u_dut/lut_l0_659,LUT6,SLICE_X19Y234,SLICEL.C6LUT,64'h8A2BAD0DDABAA939
u_dut/lut_l0_66,LUT6,SLICE_X23Y227,SLICEL.C6LUT,64'h74554D05D8DAF90A
u_dut/lut_l0_660,LUT6,SLICE_X21Y238,SLICEL.A6LUT,64'h001820608104AF98
u_dut/lut_l0_661,LUT6,SLICE_X18Y237,SLICEM.B6LUT,64'h40084040EFEC0F74
u_dut/lut_l0_662,LUT6,SLICE_X24Y236,SLICEL.A6LUT,64'h000000000000A000
u_dut/lut_l0_663,LUT6,SLICE_X18Y232,SLICEM.B6LUT,64'h8001040880000110
u_dut/lut_l0_664,LUT6,SLICE_X22Y237,SLICEM.A6LUT,64'h71244024D060D660
u_dut/lut_l0_665,LUT6,SLICE_X15Y235,SLICEL.A6LUT,64'h0080F6C8000AE0EA
u_dut/lut_l0_666,LUT6,SLICE_X19Y240,SLICEL.B6LUT,64'h0400000200031010
u_dut/lut_l0_667,LUT6,SLICE_X16Y238,SLICEM.A6LUT,64'h0000317000001020
u_dut/lut_l0_668,LUT6,SLICE_X16Y236,SLICEM.A6LUT,64'h88000F0000001100
u_dut/lut_l0_669,LUT6,SLICE_X13Y233,SLICEL.A6LUT,64'h8211001551501211
u_dut/lut_l0_67,LUT6,SLICE_X14Y224,SLICEM.D6LUT,64'h0FAC0BA21BAA0202
u_dut/lut_l0_670,LUT6,SLICE_X18Y240,SLICEM.B6LUT,64'h0104025800004082
u_dut/lut_l0_671,LUT6,SLICE_X18Y241,SLICEM.B6LUT,64'h0011103515150414
u_dut/lut_l0_672,LUT6,SLICE_X6Y235,SLICEM.A6LUT,64'h01110EF500000988
u_dut/lut_l0_673,LUT6,SLICE_X14Y230,SLICEM.A6LUT,64'h0180110010004000
u_dut/lut_l0_674,LUT6,SLICE_X20Y235,SLICEM.A6LUT,64'hA000052D00000C0E
u_dut/lut_l0_675,LUT6,SLICE_X8Y229,SLICEM.A6LUT,64'h04440C0F06012200
u_dut/lut_l0_676,LUT6,SLICE_X10Y231,SLICEM.B6LUT,64'h0401000700022717
u_dut/lut_l0_677,LUT6,SLICE_X22Y235,SLICEM.A6LUT,64'h1088940500408C6F
u_dut/lut_l0_678,LUT6,SLICE_X7Y235,SLICEL.A6LUT,64'h0000000800000C54
u_dut/lut_l0_679,LUT6,SLICE_X16Y236,SLICEM.B6LUT,64'h000100050C000101
u_dut/lut_l0_68,LUT6,SLICE_X15Y227,SLICEL.B6LUT,64'hC004A08000080000
u_dut/lut_l0_680,LUT6,SLICE_X12Y234,SLICEM.B6LUT,64'hA0010001A1012010
u_dut/lut_l0_681,LUT6,SLICE_X6Y234,SLICEM.A6LUT,64'h0800000013F50002
u_dut/lut_l0_682,LUT6,SLICE_X6Y235,SLICEM.B6LUT,64'h80000114003010F0
u_dut/lut_l0_683,LUT6,SLICE_X22Y229,SLICEM.C6LUT,64'h8404044404010400
u_dut/lut_l0_684,LUT6,SLICE_X17Y228,SLICEL.B6LUT,64'h0F1E10008E4C0A01
u_dut/lut_l0_685,LUT6,SLICE_X21Y233,SLICEL.B6LUT,64'h0004142400080003
u_dut/lut_l0_686,LUT6,SLICE_X10Y235,SLICEM.A6LUT,64'h0013DD1801005118
u_dut/lut_l0_687,LUT6,SLICE_X24Y230,SLICEL.C6LUT,64'h21DB114011F10417
u_dut/lut_l0_688,LUT6,SLICE_X6Y235,SLICEM.C6LUT,64'h43038B830001CC11
u_dut/lut_l0_689,LUT6,SLICE_X12Y235,SLICEM.B6LUT,64'h0200000504140107
u_dut/lut_l0_69,LUT6,SLICE_X16Y224,SLICEM.D6LUT,64'h6745705365405504
u_dut/lut_l0_690,LUT6,SLICE_X11Y232,SLICEL.C6LUT,64'h9093D09100006001
u_dut/lut_l0_691,LUT6,SLICE_X12Y234,SLICEM.C6LUT,64'h2018A00298BF00FF
u_dut/lut_l0_692,LUT6,SLICE_X16Y233,SLICEM.B6LUT,64'h5111555133041033
u_dut/lut_l0_693,LUT6,SLICE_X14Y231,SLICEM.B6LUT,64'h22124211B6A03607
u_dut/lut_l0_694,LUT6,SLICE_X12Y231,SLICEM.B6LUT,64'h0EFC097950DF10FF
u_dut/lut_l0_695,LUT6,SLICE_X16Y239,SLICEM.A6LUT,64'h0005004D04070047
u_dut/lut_l0_696,LUT6,SLICE_X20Y231,SLICEM.B6LUT,64'h002B10AF0C9402A4
u_dut/lut_l0_697,LUT6,SLICE_X19Y240,SLICEL.C6LUT,64'hEFF7FBDFCFFFFFFF
u_dut/lut_l0_698,LUT6,SLICE_X20Y232,SLICEM.A6LUT,64'h8011005500054546
u_dut/lut_l0_699,LUT6,SLICE_X14Y232,SLICEM.B6LUT,64'h000083001001230B
u_dut/lut_l0_7,LUT6,SLICE_X7Y224,SLICEL.B6LUT,64'h37322230C3A5CBF5
u_dut/lut_l0_70,LUT6,SLICE_X12Y227,SLICEM.D6LUT,64'hDD44FD5C7424FF0C
u_dut/lut_l0_700,LUT6,SLICE_X15Y239,SLICEL.A6LUT,64'h100000000108000A
u_dut/lut_l0_701,LUT6,SLICE_X15Y237,SLICEL.A6LUT,64'h4000542401403653
u_dut/lut_l0_702,LUT6,SLICE_X13Y238,SLICEL.A6LUT,64'h00000520BF150133
u_dut/lut_l0_703,LUT6,SLICE_X18Y232,SLICEM.C6LUT,64'h8000171C8001053F
u_dut/lut_l0_704,LUT6,SLICE_X13Y238,SLICEL.B6LUT,64'h0000008000002504
u_dut/lut_l0_705,LUT6,SLICE_X12Y238,SLICEM.A6LUT,64'hD0B2001420100310
u_dut/lut_l0_706,LUT6,SLICE_X12Y239,SLICEM.A6LUT,64'h0C9E084488DE5BEE
u_dut/lut_l0_707,LUT6,SLICE_X12Y238,SLICEM.B6LUT,64'h00010041F187F6CF
u_dut/lut_l0_708,LUT6,SLICE_X16Y238,SLICEM.B6LUT,64'h20A620A420A20085
u_dut/lut_l0_709,LUT6,SLICE_X13Y238,SLICEL.C6LUT,64'h08014438200D47D9
u_dut/lut_l0_71,LUT6,SLICE_X20Y226,SLICEM.A6LUT,64'hD8EAC8A808B9C8A0
u_dut/lut_l0_710,LUT6,SLICE_X13Y239,SLICEL.A6LUT,64'h1590113115359F7F
u_dut/lut_l0_711,LUT6,SLICE_X13Y231,SLICEL.A6LUT,64'h30401082702155A1
u_dut/lut_l0_712,LUT6,SLICE_X13Y233,SLICEL.B6LUT,64'h8C05041300000000
u_dut/lut_l0_713,LUT6,SLICE_X19Y233,SLICEL.B6LUT,64'hC404004005000CCC
u_dut/lut_l0_714,LUT6,SLICE_X20Y238,SLICEM.A6LUT,64'h1D063710F1E3F3E3
u_dut/lut_l0_715,LUT6,SLICE_X16Y237,SLICEM.A6LUT,64'h0000020000000B00
u_dut/lut_l0_716,LUT6,SLICE_X16Y236,SLICEM.C6LUT,64'h302020400040C0F1
u_dut/lut_l0_717,LUT6,SLICE_X22Y238,SLICEM.A6LUT,64'h200D00010104000D
u_dut/lut_l0_718,LUT6,SLICE_X18Y240,SLICEM.C6LUT,64'h136C405094008B13
u_dut/lut_l0_719,LUT6,SLICE_X16Y240,SLICEM.A6LUT,64'h006000005D0D0011
u_dut/lut_l0_72,LUT6,SLICE_X12Y226,SLICEM.D6LUT,64'h260AE1F0064EEEFD
u_dut/lut_l0_720,LUT6,SLICE_X17Y239,SLICEL.B6LUT,64'h2000000100030003
u_dut/lut_l0_721,LUT6,SLICE_X24Y236,SLICEL.B6LUT,64'h2080413B02010173
u_dut/lut_l0_722,LUT6,SLICE_X24Y239,SLICEL.A6LUT,64'h008920BAC0F290B3
u_dut/lut_l0_723,LUT6,SLICE_X19Y239,SLICEL.A6LUT,64'h000912000100008A
u_dut/lut_l0_724,LUT6,SLICE_X19Y240,SLICEL.D6LUT,64'h88000060082000BA
u_dut/lut_l0_725,LUT6,SLICE_X15Y228,SLICEL.C6LUT,64'h00B014CD008D1417
u_dut/lut_l0_726,LUT6,SLICE_X13Y231,SLICEL.B6LUT,64'h008089200088AF20
u_dut/lut_l0_727,LUT6,SLICE_X20Y239,SLICEM.A6LUT,64'h0AD30011AB032001
u_dut/lut_l0_728,LUT6,SLICE_X20Y240,SLICEM.A6LUT,64'h0200440064801800
u_dut/lut_l0_729,LUT6,SLICE_X20Y240,SLICEM.B6LUT,64'h08001110220E215C
u_dut/lut_l0_73,LUT6,SLICE_X12Y225,SLICEM.C6LUT,64'h403F3B18E4660300
u_dut/lut_l0_730,LUT6,SLICE_X15Y220,SLICEL.A6LUT,64'h0D03043201010B00
u_dut/lut_l0_731,LUT6,SLICE_X16Y238,SLICEM.C6LUT,64'h0020408508131CD7
u_dut/lut_l0_732,LUT6,SLICE_X9Y224,SLICEL.D6LUT,64'h4809001D0001120B
u_dut/lut_l0_733,LUT6,SLICE_X12Y238,SLICEM.C6LUT,64'h0400050130110163
u_dut/lut_l0_734,LUT6,SLICE_X20Y238,SLICEM.B6LUT,64'h8C979F5E32BB1B5F
u_dut/lut_l0_735,LUT6,SLICE_X9Y237,SLICEL.A6LUT,64'h0011041110340002
u_dut/lut_l0_736,LUT6,SLICE_X9Y238,SLICEL.A6LUT,64'h00440110444C454C
u_dut/lut_l0_737,LUT6,SLICE_X18Y238,SLICEM.A6LUT,64'h80BD209880AE00BB
u_dut/lut_l0_738,LUT6,SLICE_X25Y240,SLICEL.A6LUT,64'h0600150500014551
u_dut/lut_l0_739,LUT6,SLICE_X16Y241,SLICEM.A6LUT,64'h200040100005008F
u_dut/lut_l0_74,LUT6,SLICE_X18Y226,SLICEM.A6LUT,64'h7705848022018110
u_dut/lut_l0_740,LUT6,SLICE_X20Y230,SLICEM.C6LUT,64'h0C0C080B3CEE0CFC
u_dut/lut_l0_741,LUT6,SLICE_X10Y226,SLICEM.C6LUT,64'h2208101510000101
u_dut/lut_l0_742,LUT6,SLICE_X15Y230,SLICEL.C6LUT,64'h00200100220205AB
u_dut/lut_l0_743,LUT6,SLICE_X12Y238,SLICEM.D6LUT,64'h2030300051105070
u_dut/lut_l0_744,LUT6,SLICE_X17Y229,SLICEL.B6LUT,64'h00FF000189010A0B
u_dut/lut_l0_745,LUT6,SLICE_X18Y237,SLICEM.C6LUT,64'h4001000401010008
u_dut/lut_l0_746,LUT6,SLICE_X24Y237,SLICEL.B6LUT,64'h0000010010020004
u_dut/lut_l0_747,LUT6,SLICE_X13Y237,SLICEL.B6LUT,64'h00000001063900B9
u_dut/lut_l0_748,LUT6,SLICE_X13Y230,SLICEL.B6LUT,64'h8141000030700034
u_dut/lut_l0_749,LUT6,SLICE_X8Y236,SLICEM.A6LUT,64'h000810DC44444D46
u_dut/lut_l0_75,LUT6,SLICE_X7Y226,SLICEL.A6LUT,64'h8800B48A0F8A55AA
u_dut/lut_l0_750,LUT6,SLICE_X8Y235,SLICEM.A6LUT,64'h00A040C800004051
u_dut/lut_l0_751,LUT6,SLICE_X20Y226,SLICEM.B6LUT,64'hD5544C0D15105037
u_dut/lut_l0_752,LUT6,SLICE_X18Y230,SLICEM.D6LUT,64'hA040000450149015
u_dut/lut_l0_753,LUT6,SLICE_X20Y235,SLICEM.B6LUT,64'h31D1411100051032
u_dut/lut_l0_754,LUT6,SLICE_X24Y236,SLICEL.C6LUT,64'h080501CF165410DD
u_dut/lut_l0_755,LUT6,SLICE_X9Y235,SLICEL.A6LUT,64'h803589BB0B3B082B
u_dut/lut_l0_756,LUT6,SLICE_X10Y233,SLICEM.B6LUT,64'h02333A0B9D002E0A
u_dut/lut_l0_757,LUT6,SLICE_X12Y236,SLICEM.C6LUT,64'h1002880600020012
u_dut/lut_l0_758,LUT6,SLICE_X12Y236,SLICEM.D6LUT,64'h82020805808A0A1E
u_dut/lut_l0_759,LUT6,SLICE_X10Y231,SLICEM.C6LUT,64'hE001200100D700DF
u_dut/lut_l0_76,LUT6,SLICE_X7Y224,SLICEL.C6LUT,64'h3321236891D0AF70
u_dut/lut_l0_760,LUT6,SLICE_X9Y236,SLICEL.C6LUT,64'h0500410101040102
u_dut/lut_l0_761,LUT6,SLICE_X14Y236,SLICEM.B6LUT,64'h8100FFA088060047
u_dut/lut_l0_762,LUT6,SLICE_X8Y237,SLICEM.A6LUT,64'h10001701BB009747
u_dut/lut_l0_763,LUT6,SLICE_X12Y237,SLICEM.A6LUT,64'h111055100C11CF3A
u_dut/lut_l0_764,LUT6,SLICE_X10Y223,SLICEM.D6LUT,64'h3B5F77FFFFF9FFCF
u_dut/lut_l0_765,LUT6,SLICE_X20Y231,SLICEM.C6LUT,64'h0002021A00001222
u_dut/lut_l0_766,LUT6,SLICE_X19Y236,SLICEL.A6LUT,64'h30BF38750001113A
u_dut/lut_l0_767,LUT6,SLICE_X14Y237,SLICEM.A6LUT,64'h1743755FD7582F47
u_dut/lut_l0_768,LUT6,SLICE_X21Y239,SLICEL.B6LUT,64'h3C3085E75593C887
u_dut/lut_l0_769,LUT6,SLICE_X18Y235,SLICEM.A6LUT,64'h02001001C345F0F1
u_dut/lut_l0_77,LUT6,SLICE_X19Y224,SLICEL.A6LUT,64'h00019A96323AFBDA
u_dut/lut_l0_770,LUT6,SLICE_X26Y238,SLICEL.B6LUT,64'h0040104804230203
u_dut/lut_l0_771,LUT6,SLICE_X20Y233,SLICEM.A6LUT,64'h000888100001CC98
u_dut/lut_l0_772,LUT6,SLICE_X20Y239,SLICEM.B6LUT,64'h40721040DCCF4D5F
u_dut/lut_l0_773,LUT6,SLICE_X18Y235,SLICEM.B6LUT,64'h0010021000002000
u_dut/lut_l0_774,LUT6,SLICE_X7Y236,SLICEL.A6LUT,64'h0051015201100061
u_dut/lut_l0_775,LUT6,SLICE_X10Y236,SLICEM.A6LUT,64'hC01F0F0350071050
u_dut/lut_l0_776,LUT6,SLICE_X10Y233,SLICEM.C6LUT,64'h441404D404040410
u_dut/lut_l0_777,LUT6,SLICE_X20Y237,SLICEM.B6LUT,64'h1808032122020000
u_dut/lut_l0_778,LUT6,SLICE_X24Y236,SLICEL.D6LUT,64'h040064040420C908
u_dut/lut_l0_779,LUT6,SLICE_X14Y234,SLICEM.C6LUT,64'hA143004000480050
u_dut/lut_l0_78,LUT6,SLICE_X17Y220,SLICEL.B6LUT,64'h0F0F4F200DA005FF
u_dut/lut_l0_780,LUT6,SLICE_X26Y228,SLICEL.C6LUT,64'hA585A042A7A423A2
u_dut/lut_l0_781,LUT6,SLICE_X18Y232,SLICEM.D6LUT,64'h9111001455950045
u_dut/lut_l0_782,LUT6,SLICE_X14Y238,SLICEM.A6LUT,64'h8A8AD3BF080BCA2B
u_dut/lut_l0_783,LUT6,SLICE_X22Y238,SLICEM.B6LUT,64'h4000002202002000
u_dut/lut_l0_784,LUT6,SLICE_X14Y235,SLICEM.B6LUT,64'h00005C23100CFDC4
u_dut/lut_l0_785,LUT6,SLICE_X20Y224,SLICEM.A6LUT,64'hDC50DD5D60647466
u_dut/lut_l0_786,LUT6,SLICE_X17Y238,SLICEL.A6LUT,64'h222201771200C9DF
u_dut/lut_l0_787,LUT6,SLICE_X11Y237,SLICEL.A6LUT,64'hA000211100104777
u_dut/lut_l0_788,LUT6,SLICE_X8Y232,SLICEM.A6LUT,64'h000014004F402320
u_dut/lut_l0_789,LUT6,SLICE_X10Y236,SLICEM.B6LUT,64'h8400010004000C00
u_dut/lut_l0_79,LUT6,SLICE_X17Y230,SLICEL.D6LUT,64'h02F632A12C370029
u_dut/lut_l0_790,LUT6,SLICE_X10Y236,SLICEM.C6LUT,64'hC3420000C3032000
u_dut/lut_l0_791,LUT6,SLICE_X13Y237,SLICEL.C6LUT,64'h0004314A04000230
u_dut/lut_l0_792,LUT6,SLICE_X9Y236,SLICEL.D6LUT,64'h0E8C00AA0E040F3F
u_dut/lut_l0_793,LUT6,SLICE_X22Y237,SLICEM.B6LUT,64'h1160400111010031
u_dut/lut_l0_794,LUT6,SLICE_X12Y237,SLICEM.B6LUT,64'h8009001100260055
u_dut/lut_l0_795,LUT6,SLICE_X12Y231,SLICEM.C6LUT,64'hE3337733323337BB
u_dut/lut_l0_796,LUT6,SLICE_X10Y233,SLICEM.D6LUT,64'h05000001441C070D
u_dut/lut_l0_797,LUT6,SLICE_X20Y239,SLICEM.C6LUT,64'h000007AE50FA6FFB
u_dut/lut_l0_798,LUT6,SLICE_X18Y240,SLICEM.D6LUT,64'h0409000001000106
u_dut/lut_l0_799,LUT6,SLICE_X21Y241,SLICEL.A6LUT,64'h0000054400042500
u_dut/lut_l0_8,LUT6,SLICE_X12Y221,SLICEM.A6LUT,64'h00081009FCC0E001
u_dut/lut_l0_80,LUT6,SLICE_X18Y227,SLICEM.A6LUT,64'hF6CE9E46114FF056
u_dut/lut_l0_800,LUT6,SLICE_X17Y236,SLICEL.A6LUT,64'h3A3BDAC03A008F01
u_dut/lut_l0_801,LUT6,SLICE_X22Y236,SLICEM.A6LUT,64'h0C08080137710B00
u_dut/lut_l0_802,LUT6,SLICE_X17Y234,SLICEL.A6LUT,64'h000000843022AA06
u_dut/lut_l0_803,LUT6,SLICE_X18Y233,SLICEM.B6LUT,64'h800011100006998E
u_dut/lut_l0_804,LUT6,SLICE_X21Y238,SLICEL.B6LUT,64'h7EFC5DEFD9EDBB1F
u_dut/lut_l0_805,LUT6,SLICE_X18Y236,SLICEM.B6LUT,64'h0900008000000028
u_dut/lut_l0_806,LUT6,SLICE_X10Y235,SLICEM.B6LUT,64'h40020000004C0000
u_dut/lut_l0_807,LUT6,SLICE_X12Y232,SLICEM.A6LUT,64'h85AD200500020052
u_dut/lut_l0_808,LUT6,SLICE_X11Y235,SLICEL.A6LUT,64'h0000822402003322
u_dut/lut_l0_809,LUT6,SLICE_X18Y231,SLICEM.B6LUT,64'h02001000F040FF1A
u_dut/lut_l0_81,LUT6,SLICE_X18Y227,SLICEM.B6LUT,64'hDF1FFF7FFF78BEFF
u_dut/lut_l0_810,LUT6,SLICE_X19Y234,SLICEL.D6LUT,64'h7A044301B337220F
u_dut/lut_l0_811,LUT6,SLICE_X12Y233,SLICEM.A6LUT,64'h040C004000540015
u_dut/lut_l0_812,LUT6,SLICE_X10Y236,SLICEM.D6LUT,64'h0000F00C0000FD13
u_dut/lut_l0_813,LUT6,SLICE_X13Y236,SLICEL.C6LUT,64'h834000FE0373436F
u_dut/lut_l0_814,LUT6,SLICE_X10Y235,SLICEM.C6LUT,64'h20000000F0FB8503
u_dut/lut_l0_815,LUT6,SLICE_X10Y235,SLICEM.D6LUT,64'h01FB011927FB50C4
u_dut/lut_l0_816,LUT6,SLICE_X10Y237,SLICEM.A6LUT,64'h80800101000088CC
u_dut/lut_l0_817,LUT6,SLICE_X24Y225,SLICEL.B6LUT,64'hCC8C0C38C88C0C1D
u_dut/lut_l0_818,LUT6,SLICE_X12Y237,SLICEM.C6LUT,64'h00331CB600112105
u_dut/lut_l0_819,LUT6,SLICE_X16Y238,SLICEM.D6LUT,64'h3853000582BB0055
u_dut/lut_l0_82,LUT6,SLICE_X26Y227,SLICEL.D6LUT,64'hFFF7D76FEFD73108
u_dut/lut_l0_820,LUT6,SLICE_X18Y233,SLICEM.C6LUT,64'h8C1F01041D3F2717
u_dut/lut_l0_821,LUT6,SLICE_X17Y239,SLICEL.C6LUT,64'h633F18FF08D3BAFF
u_dut/lut_l0_822,LUT6,SLICE_X12Y233,SLICEM.B6LUT,64'h9500CD340100DFCC
u_dut/lut_l0_823,LUT6,SLICE_X17Y232,SLICEL.A6LUT,64'h0030C132F870F9F5
u_dut/lut_l0_824,LUT6,SLICE_X17Y235,SLICEL.A6LUT,64'h042200000CFB0005
u_dut/lut_l0_825,LUT6,SLICE_X19Y232,SLICEL.C6LUT,64'h008C90C80033281C
u_dut/lut_l0_826,LUT6,SLICE_X24Y225,SLICEL.C6LUT,64'h0008A2A20004E4AC
u_dut/lut_l0_827,LUT6,SLICE_X17Y237,SLICEL.B6LUT,64'h58002A1002014100
u_dut/lut_l0_828,LUT6,SLICE_X22Y234,SLICEM.C6LUT,64'h0010823320002372
u_dut/lut_l0_829,LUT6,SLICE_X19Y237,SLICEL.A6LUT,64'h00000000D7541551
u_dut/lut_l0_83,LUT6,SLICE_X19Y227,SLICEL.B6LUT,64'hF77AF5CAC7FD7167
u_dut/lut_l0_830,LUT6,SLICE_X15Y234,SLICEL.C6LUT,64'h0002000B00000103
u_dut/lut_l0_831,LUT6,SLICE_X22Y235,SLICEM.B6LUT,64'h928C41DB007502D7
u_dut/lut_l0_832,LUT6,SLICE_X22Y235,SLICEM.C6LUT,64'h00010800AEFBA120
u_dut/lut_l0_833,LUT6,SLICE_X22Y235,SLICEM.D6LUT,64'hC52FE5AD01D3FC44
u_dut/lut_l0_834,LUT6,SLICE_X20Y235,SLICEM.C6LUT,64'h0C3F2C88B0F9F84D
u_dut/lut_l0_835,LUT6,SLICE_X16Y233,SLICEM.C6LUT,64'h7130301120000013
u_dut/lut_l0_836,LUT6,SLICE_X28Y226,SLICEL.B6LUT,64'h8800554D00050C4C
u_dut/lut_l0_837,LUT6,SLICE_X18Y221,SLICEM.C6LUT,64'h20200020221022B3
u_dut/lut_l0_838,LUT6,SLICE_X19Y228,SLICEL.B6LUT,64'h08005300FA08DB3B
u_dut/lut_l0_839,LUT6,SLICE_X17Y229,SLICEL.C6LUT,64'h8405000587050004
u_dut/lut_l0_84,LUT6,SLICE_X14Y226,SLICEM.C6LUT,64'h8D3DDF5D07AEF52C
u_dut/lut_l0_840,LUT6,SLICE_X24Y227,SLICEL.B6LUT,64'h000062CE000840DF
u_dut/lut_l0_841,LUT6,SLICE_X20Y233,SLICEM.B6LUT,64'h0604002925264C23
u_dut/lut_l0_842,LUT6,SLICE_X15Y235,SLICEL.B6LUT,64'h036104213BFF8080
u_dut/lut_l0_843,LUT6,SLICE_X21Y236,SLICEL.A6LUT,64'h10053D3500401777
u_dut/lut_l0_844,LUT6,SLICE_X22Y229,SLICEM.D6LUT,64'h22A0876F800400BB
u_dut/lut_l0_845,LUT6,SLICE_X14Y231,SLICEM.C6LUT,64'h008002B300802203
u_dut/lut_l0_846,LUT6,SLICE_X12Y233,SLICEM.C6LUT,64'h000A0068CCE2C8A0
u_dut/lut_l0_847,LUT6,SLICE_X18Y236,SLICEM.C6LUT,64'h0080080007140300
u_dut/lut_l0_848,LUT6,SLICE_X14Y239,SLICEM.A6LUT,64'h0201425008000E5D
u_dut/lut_l0_849,LUT6,SLICE_X18Y235,SLICEM.C6LUT,64'h153E157B25AC0017
u_dut/lut_l0_85,LUT6,SLICE_X8Y223,SLICEM.A6LUT,64'hEC4CA6863DCCD646
u_dut/lut_l0_850,LUT6,SLICE_X20Y237,SLICEM.C6LUT,64'h804381E900002C85
u_dut/lut_l0_851,LUT6,SLICE_X15Y237,SLICEL.B6LUT,64'h0000051402000513
u_dut/lut_l0_852,LUT6,SLICE_X14Y234,SLICEM.D6LUT,64'h23113000222A11BA
u_dut/lut_l0_853,LUT6,SLICE_X20Y238,SLICEM.C6LUT,64'h000012550A000001
u_dut/lut_l0_854,LUT6,SLICE_X18Y239,SLICEM.A6LUT,64'h0000000004140000
u_dut/lut_l0_855,LUT6,SLICE_X19Y236,SLICEL.B6LUT,64'hA00201101015520C
u_dut/lut_l0_856,LUT6,SLICE_X16Y237,SLICEM.B6LUT,64'h827B0078407154F5
u_dut/lut_l0_857,LUT6,SLICE_X16Y237,SLICEM.C6LUT,64'h000C000155450041
u_dut/lut_l0_858,LUT6,SLICE_X21Y236,SLICEL.B6LUT,64'h0000040424881425
u_dut/lut_l0_859,LUT6,SLICE_X20Y240,SLICEM.C6LUT,64'h0000020100000802
u_dut/lut_l0_86,LUT6,SLICE_X11Y228,SLICEL.D6LUT,64'h7048400162232201
u_dut/lut_l0_860,LUT6,SLICE_X16Y232,SLICEM.A6LUT,64'h32323A2A00112021
u_dut/lut_l0_861,LUT6,SLICE_X19Y233,SLICEL.C6LUT,64'h0000000000110000
u_dut/lut_l0_862,LUT6,SLICE_X15Y233,SLICEL.B6LUT,64'h8333223300033330
u_dut/lut_l0_863,LUT6,SLICE_X15Y235,SLICEL.C6LUT,64'h000000AA000000BF
u_dut/lut_l0_864,LUT6,SLICE_X17Y232,SLICEL.B6LUT,64'hA000008A2001009B
u_dut/lut_l0_865,LUT6,SLICE_X15Y232,SLICEL.A6LUT,64'h0011C4D2000244CE
u_dut/lut_l0_866,LUT6,SLICE_X12Y237,SLICEM.D6LUT,64'h420803B8830A4710
u_dut/lut_l0_867,LUT6,SLICE_X12Y233,SLICEM.D6LUT,64'h04AB0B4F058201AB
u_dut/lut_l0_868,LUT6,SLICE_X13Y231,SLICEL.C6LUT,64'h830102045EAE0A04
u_dut/lut_l0_869,LUT6,SLICE_X18Y231,SLICEM.C6LUT,64'h00000000C813E76E
u_dut/lut_l0_87,LUT6,SLICE_X6Y226,SLICEM.A6LUT,64'h00CFDCC2848FFA0C
u_dut/lut_l0_870,LUT6,SLICE_X12Y235,SLICEM.C6LUT,64'h1555005041544DD4
u_dut/lut_l0_871,LUT6,SLICE_X17Y239,SLICEL.D6LUT,64'h23000B0021000282
u_dut/lut_l0_872,LUT6,SLICE_X20Y230,SLICEM.D6LUT,64'h80AA000B00A00018
u_dut/lut_l0_873,LUT6,SLICE_X22Y228,SLICEM.C6LUT,64'h8A00317900000251
u_dut/lut_l0_874,LUT6,SLICE_X15Y237,SLICEL.C6LUT,64'h8000F4354000B430
u_dut/lut_l0_875,LUT6,SLICE_X17Y228,SLICEL.C6LUT,64'h000A000840FB0148
u_dut/lut_l0_876,LUT6,SLICE_X13Y231,SLICEL.D6LUT,64'h8400F38C000033A7
u_dut/lut_l0_877,LUT6,SLICE_X12Y231,SLICEM.D6LUT,64'h0F0B0F0EBC5753AF
u_dut/lut_l0_878,LUT6,SLICE_X22Y240,SLICEM.A6LUT,64'h1002A20006009000
u_dut/lut_l0_879,LUT6,SLICE_X24Y239,SLICEL.B6LUT,64'h0000100000000000
u_dut/lut_l0_88,LUT6,SLICE_X10Y227,SLICEM.D6LUT,64'hE4E08FC010EE0ACE
u_dut/lut_l0_880,LUT6,SLICE_X25Y234,SLICEL.C6LUT,64'h103130071420A414
u_dut/lut_l0_881,LUT6,SLICE_X28Y220,SLICEL.D6LUT,64'hA15045054D1C4505
u_dut/lut_l0_882,LUT6,SLICE_X22Y236,SLICEM.B6LUT,64'hA02800000008AA27
u_dut/lut_l0_883,LUT6,SLICE_X22Y237,SLICEM.C6LUT,64'h0876750B8AF7C3DF
u_dut/lut_l0_884,LUT6,SLICE_X11Y232,SLICEL.D6LUT,64'hA022004040A15051
u_dut/lut_l0_885,LUT6,SLICE_X13Y236,SLICEL.D6LUT,64'h000031AA100022A0
u_dut/lut_l0_886,LUT6,SLICE_X11Y234,SLICEL.A6LUT,64'h1111000111132225
u_dut/lut_l0_887,LUT6,SLICE_X25Y225,SLICEL.C6LUT,64'h40504040E0F103F2
u_dut/lut_l0_888,LUT6,SLICE_X18Y234,SLICEM.B6LUT,64'h8010002A00400020
u_dut/lut_l0_889,LUT6,SLICE_X11Y236,SLICEL.A6LUT,64'h1F13100503060300
u_dut/lut_l0_89,LUT6,SLICE_X8Y224,SLICEM.D6LUT,64'h50CF4EAB40022623
u_dut/lut_l0_890,LUT6,SLICE_X22Y233,SLICEM.B6LUT,64'h0505410D0F050B0D
u_dut/lut_l0_891,LUT6,SLICE_X20Y236,SLICEM.A6LUT,64'hFB8AF020F233A53C
u_dut/lut_l0_892,LUT6,SLICE_X20Y232,SLICEM.B6LUT,64'hD442544110414441
u_dut/lut_l0_893,LUT6,SLICE_X21Y237,SLICEL.A6LUT,64'h0B00090392503703
u_dut/lut_l0_894,LUT6,SLICE_X23Y238,SLICEL.A6LUT,64'h0004B237570C4B0F
u_dut/lut_l0_895,LUT6,SLICE_X24Y237,SLICEL.C6LUT,64'h0113010300114013
u_dut/lut_l0_896,LUT6,SLICE_X25Y240,SLICEL.B6LUT,64'h0011000022000200
u_dut/lut_l0_897,LUT6,SLICE_X21Y238,SLICEL.C6LUT,64'h84050004DD4D0815
u_dut/lut_l0_898,LUT6,SLICE_X23Y239,SLICEL.A6LUT,64'h0000113354040060
u_dut/lut_l0_899,LUT6,SLICE_X22Y233,SLICEM.C6LUT,64'hA080000015553400
u_dut/lut_l0_9,LUT6,SLICE_X10Y224,SLICEM.C6LUT,64'hF234AA35BF2BAB28
u_dut/lut_l0_90,LUT6,SLICE_X22Y223,SLICEM.C6LUT,64'h4C545F5A4004D37D
u_dut/lut_l0_900,LUT6,SLICE_X22Y226,SLICEM.A6LUT,64'hB58C5C5D00130022
u_dut/lut_l0_901,LUT6,SLICE_X22Y240,SLICEM.B6LUT,64'h0000000102000001
u_dut/lut_l0_902,LUT6,SLICE_X24Y232,SLICEL.B6LUT,64'h8C97103C7475F075
u_dut/lut_l0_903,LUT6,SLICE_X20Y233,SLICEM.C6LUT,64'h80128006004601A2
u_dut/lut_l0_904,LUT6,SLICE_X19Y236,SLICEL.C6LUT,64'h0020525540001011
u_dut/lut_l0_905,LUT6,SLICE_X22Y236,SLICEM.C6LUT,64'h10130004511D0001
u_dut/lut_l0_906,LUT6,SLICE_X20Y232,SLICEM.C6LUT,64'hD923779736B31E3B
u_dut/lut_l0_907,LUT6,SLICE_X19Y229,SLICEL.A6LUT,64'hA8CAB9FAAA22BEF2
u_dut/lut_l0_908,LUT6,SLICE_X20Y235,SLICEM.D6LUT,64'h4C6AFBFF1054CB8F
u_dut/lut_l0_909,LUT6,SLICE_X22Y237,SLICEM.D6LUT,64'h0A0000012A020A01
u_dut/lut_l0_91,LUT6,SLICE_X24Y227,SLICEL.C6LUT,64'h0AA0EA80FDF1F0B1
u_dut/lut_l0_910,LUT6,SLICE_X20Y231,SLICEM.D6LUT,64'h30F1701E30F1D051
u_dut/lut_l0_911,LUT6,SLICE_X26Y238,SLICEL.C6LUT,64'h0100050100000000
u_dut/lut_l0_912,LUT6,SLICE_X20Y237,SLICEM.D6LUT,64'h000100080035809F
u_dut/lut_l0_913,LUT6,SLICE_X20Y228,SLICEM.B6LUT,64'h01100105520203A3
u_dut/lut_l0_914,LUT6,SLICE_X21Y239,SLICEL.C6LUT,64'h020200040040004C
u_dut/lut_l0_915,LUT6,SLICE_X21Y233,SLICEL.C6LUT,64'h50D3505005545054
u_dut/lut_l0_916,LUT6,SLICE_X21Y239,SLICEL.D6LUT,64'h0028117824E8152C
u_dut/lut_l0_917,LUT6,SLICE_X21Y242,SLICEL.A6LUT,64'h0020000204000001
u_dut/lut_l0_918,LUT6,SLICE_X21Y241,SLICEL.B6LUT,64'h227722BA001100AC
u_dut/lut_l0_919,LUT6,SLICE_X24Y237,SLICEL.D6LUT,64'h07A2050770F554B3
u_dut/lut_l0_92,LUT6,SLICE_X23Y227,SLICEL.D6LUT,64'h9ED5FF6404A5CCCC
u_dut/lut_l0_920,LUT6,SLICE_X15Y237,SLICEL.D6LUT,64'h0080021082000402
u_dut/lut_l0_921,LUT6,SLICE_X14Y232,SLICEM.C6LUT,64'h000000008ECE0018
u_dut/lut_l0_922,LUT6,SLICE_X16Y229,SLICEM.A6LUT,64'h30000D6B3300DE07
u_dut/lut_l0_923,LUT6,SLICE_X16Y232,SLICEM.B6LUT,64'h80000000D1505000
u_dut/lut_l0_924,LUT6,SLICE_X16Y229,SLICEM.B6LUT,64'h8200310200021002
u_dut/lut_l0_925,LUT6,SLICE_X17Y224,SLICEL.C6LUT,64'h024237A300000001
u_dut/lut_l0_926,LUT6,SLICE_X22Y236,SLICEM.D6LUT,64'hA000000017017323
u_dut/lut_l0_927,LUT6,SLICE_X19Y238,SLICEL.B6LUT,64'h900001035008E8F8
u_dut/lut_l0_928,LUT6,SLICE_X19Y237,SLICEL.B6LUT,64'h545154045201580D
u_dut/lut_l0_929,LUT6,SLICE_X19Y236,SLICEL.D6LUT,64'h0685149F0183040B
u_dut/lut_l0_93,LUT6,SLICE_X22Y224,SLICEM.B6LUT,64'h887C4C1B107D500C
u_dut/lut_l0_930,LUT6,SLICE_X19Y237,SLICEL.C6LUT,64'hD50C40C0410F0000
u_dut/lut_l0_931,LUT6,SLICE_X22Y238,SLICEM.C6LUT,64'h0000040200020020
u_dut/lut_l0_932,LUT6,SLICE_X19Y237,SLICEL.D6LUT,64'h0B9F9ABA0557329E
u_dut/lut_l0_933,LUT6,SLICE_X24Y232,SLICEL.C6LUT,64'h0001012A008200A2
u_dut/lut_l0_934,LUT6,SLICE_X21Y241,SLICEL.C6LUT,64'h00408400030B3507
u_dut/lut_l0_935,LUT6,SLICE_X21Y237,SLICEL.B6LUT,64'h002F020500300200
u_dut/lut_l0_936,LUT6,SLICE_X21Y231,SLICEL.B6LUT,64'hD5CFC6C422882323
u_dut/lut_l0_937,LUT6,SLICE_X19Y238,SLICEL.C6LUT,64'h004440CC00404405
u_dut/lut_l0_938,LUT6,SLICE_X21Y237,SLICEL.C6LUT,64'h00000081B0203130
u_dut/lut_l0_939,LUT6,SLICE_X17Y237,SLICEL.C6LUT,64'hDF5F06018F2F0207
u_dut/lut_l0_94,LUT6,SLICE_X22Y224,SLICEM.C6LUT,64'hF45ED74777571700
u_dut/lut_l0_940,LUT6,SLICE_X20Y238,SLICEM.D6LUT,64'h60112000D7CD0131
u_dut/lut_l0_941,LUT6,SLICE_X16Y237,SLICEM.D6LUT,64'h0002020200004000
u_dut/lut_l0_942,LUT6,SLICE_X16Y229,SLICEM.C6LUT,64'h00041000100031B0
u_dut/lut_l0_943,LUT6,SLICE_X16Y236,SLICEM.D6LUT,64'h0404C40410046409
u_dut/lut_l0_944,LUT6,SLICE_X14Y232,SLICEM.D6LUT,64'h8001070108011144
u_dut/lut_l0_945,LUT6,SLICE_X18Y231,SLICEM.D6LUT,64'h0000001083D0F996
u_dut/lut_l0_946,LUT6,SLICE_X24Y234,SLICEL.B6LUT,64'h800018390400380D
u_dut/lut_l0_947,LUT6,SLICE_X14Y235,SLICEM.C6LUT,64'hA0000211512321B0
u_dut/lut_l0_948,LUT6,SLICE_X24Y239,SLICEL.C6LUT,64'h490585010C010515
u_dut/lut_l0_949,LUT6,SLICE_X20Y239,SLICEM.D6LUT,64'h0100700011114080
u_dut/lut_l0_95,LUT6,SLICE_X28Y225,SLICEL.C6LUT,64'hAABE0012A0800042
u_dut/lut_l0_950,LUT6,SLICE_X16Y232,SLICEM.C6LUT,64'h0000555100010114
u_dut/lut_l0_951,LUT6,SLICE_X17Y232,SLICEL.C6LUT,64'h0001D55102200045
u_dut/lut_l0_952,LUT6,SLICE_X20Y228,SLICEM.C6LUT,64'h00040000001100E4
u_dut/lut_l0_953,LUT6,SLICE_X16Y232,SLICEM.D6LUT,64'h0DE4002300C40451
u_dut/lut_l0_954,LUT6,SLICE_X20Y232,SLICEM.D6LUT,64'h0000004008011015
u_dut/lut_l0_955,LUT6,SLICE_X22Y233,SLICEM.D6LUT,64'h0000CCCC00A0CCCD
u_dut/lut_l0_956,LUT6,SLICE_X17Y237,SLICEL.D6LUT,64'h441005DD0051D041
u_dut/lut_l0_957,LUT6,SLICE_X15Y234,SLICEL.D6LUT,64'h3A01000023080001
u_dut/lut_l0_958,LUT6,SLICE_X18Y237,SLICEM.D6LUT,64'h3B02330520010003
u_dut/lut_l0_959,LUT6,SLICE_X15Y238,SLICEL.A6LUT,64'h4010505010101191
u_dut/lut_l0_96,LUT6,SLICE_X14Y226,SLICEM.D6LUT,64'h5352D151D1509A00
u_dut/lut_l0_960,LUT6,SLICE_X21Y238,SLICEL.D6LUT,64'h004010F0084011F1
u_dut/lut_l0_961,LUT6,SLICE_X14Y235,SLICEM.D6LUT,64'h110011001B019D11
u_dut/lut_l0_962,LUT6,SLICE_X19Y233,SLICEL.D6LUT,64'hAD0CDF1F00004432
u_dut/lut_l0_963,LUT6,SLICE_X21Y231,SLICEL.C6LUT,64'hCEDF00449027B000
u_dut/lut_l0_964,LUT6,SLICE_X21Y231,SLICEL.D6LUT,64'hAF0532402A4F0404
u_dut/lut_l0_965,LUT6,SLICE_X20Y233,SLICEM.D6LUT,64'h009E049C0099028E
u_dut/lut_l0_966,LUT6,SLICE_X17Y233,SLICEL.A6LUT,64'h00001D9500005602
u_dut/lut_l0_967,LUT6,SLICE_X20Y222,SLICEM.D6LUT,64'h07870E0F0000020A
u_dut/lut_l0_968,LUT6,SLICE_X17Y240,SLICEL.A6LUT,64'h0010001502840045
u_dut/lut_l0_969,LUT6,SLICE_X17Y232,SLICEL.D6LUT,64'h7000911221001802
u_dut/lut_l0_97,LUT6,SLICE_X22Y227,SLICEM.C6LUT,64'hBF2E0D2C8CD3CD66
u_dut/lut_l0_970,LUT6,SLICE_X21Y237,SLICEL.D6LUT,64'hA0020820A82A0002
u_dut/lut_l0_971,LUT6,SLICE_X18Y236,SLICEM.D6LUT,64'h44444C30544C5C4D
u_dut/lut_l0_972,LUT6,SLICE_X22Y234,SLICEM.D6LUT,64'hA00000800004220E
u_dut/lut_l0_973,LUT6,SLICE_X24Y239,SLICEL.D6LUT,64'h0202004021A9312A
u_dut/lut_l0_974,LUT6,SLICE_X14Y236,SLICEM.C6LUT,64'h22720B01BBFFF103
u_dut/lut_l0_975,LUT6,SLICE_X14Y229,SLICEM.C6LUT,64'h00000000080B0200
u_dut/lut_l0_976,LUT6,SLICE_X15Y240,SLICEL.A6LUT,64'h9D000B310F004F1D
u_dut/lut_l0_977,LUT6,SLICE_X14Y236,SLICEM.D6LUT,64'h0A2A0003020F0520
u_dut/lut_l0_978,LUT6,SLICE_X14Y231,SLICEM.D6LUT,64'h00EA003300130213
u_dut/lut_l0_979,LUT6,SLICE_X22Y238,SLICEM.D6LUT,64'h0093CC9E2782CF8E
u_dut/lut_l0_98,LUT6,SLICE_X9Y223,SLICEL.D6LUT,64'h04FA0890F22EFD00
u_dut/lut_l0_980,LUT6,SLICE_X19Y238,SLICEL.D6LUT,64'hF0307070014B8183
u_dut/lut_l0_981,LUT6,SLICE_X13Y238,SLICEL.D6LUT,64'h0000B2A00E41EE07
u_dut/lut_l0_982,LUT6,SLICE_X13Y235,SLICEL.A6LUT,64'h2237222220226993
u_dut/lut_l0_983,LUT6,SLICE_X20Y226,SLICEM.C6LUT,64'hA000A0010D000D0F
u_dut/lut_l0_984,LUT6,SLICE_X13Y237,SLICEL.D6LUT,64'h0C3704040C0C0101
u_dut/lut_l0_985,LUT6,SLICE_X13Y233,SLICEL.C6LUT,64'h15FF100070A001E3
u_dut/lut_l0_986,LUT6,SLICE_X13Y233,SLICEL.D6LUT,64'h000015114050D9C3
u_dut/lut_l0_987,LUT6,SLICE_X18Y235,SLICEM.D6LUT,64'h0000000070120010
u_dut/lut_l0_988,LUT6,SLICE_X12Y234,SLICEM.D6LUT,64'h00C208D1ECF4C8D9
u_dut/lut_l0_989,LUT6,SLICE_X12Y235,SLICEM.D6LUT,64'h80A6112533E30265
u_dut/lut_l0_99,LUT6,SLICE_X20Y226,SLICEM.D6LUT,64'hFE05FB00AADF6080
u_dut/lut_l0_990,LUT6,SLICE_X23Y229,SLICEL.A6LUT,64'h9111D70102517B53
u_dut/lut_l0_991,LUT6,SLICE_X17Y228,SLICEL.D6LUT,64'h02FF028B110B0280
u_dut/lut_l0_992,LUT6,SLICE_X17Y229,SLICEL.D6LUT,64'h017F802700001128
u_dut/lut_l0_993,LUT6,SLICE_X18Y234,SLICEM.C6LUT,64'h7133117178355A51
u_dut/lut_l0_994,LUT6,SLICE_X17Y226,SLICEL.A6LUT,64'h00F0010D94F53051
u_dut/lut_l0_995,LUT6,SLICE_X18Y233,SLICEM.D6LUT,64'h100010000008004A
u_dut/lut_l0_996,LUT6,SLICE_X18Y234,SLICEM.D6LUT,64'h06030406000F0302
u_dut/lut_l0_997,LUT6,SLICE_X23Y229,SLICEL.B6LUT,64'h200800CC241C1C4C
u_dut/lut_l0_998,LUT6,SLICE_X12Y240,SLICEM.A6LUT,64'h02A800BBCEC9AF8F
u_dut/lut_l0_999,LUT6,SLICE_X15Y235,SLICEL.D6LUT,64'h440D40044C100C1D
u_dut/o0_r_reg[0],FDRE,SLICE_X17Y223,SLICEL.AFF,1'b0
u_dut/o0_r_reg[100],FDRE,SLICE_X11Y228,SLICEL.AFF,1'b0
u_dut/o0_r_reg[101],FDRE,SLICE_X8Y226,SLICEM.AFF,1'b0
u_dut/o0_r_reg[102],FDRE,SLICE_X10Y224,SLICEM.AFF,1'b0
u_dut/o0_r_reg[103],FDRE,SLICE_X7Y228,SLICEL.AFF,1'b0
u_dut/o0_r_reg[104],FDRE,SLICE_X24Y227,SLICEL.AFF,1'b0
u_dut/o0_r_reg[105],FDRE,SLICE_X22Y228,SLICEM.AFF,1'b0
u_dut/o0_r_reg[106],FDRE,SLICE_X14Y226,SLICEM.AFF,1'b0
u_dut/o0_r_reg[107],FDRE,SLICE_X9Y223,SLICEL.AFF,1'b0
u_dut/o0_r_reg[108],FDRE,SLICE_X21Y233,SLICEL.AFF,1'b0
u_dut/o0_r_reg[109],FDRE,SLICE_X8Y227,SLICEM.AFF,1'b0
u_dut/o0_r_reg[10],FDRE,SLICE_X16Y224,SLICEM.AFF,1'b0
u_dut/o0_r_reg[110],FDRE,SLICE_X21Y227,SLICEL.AFF,1'b0
u_dut/o0_r_reg[111],FDRE,SLICE_X8Y222,SLICEM.AFF,1'b0
u_dut/o0_r_reg[112],FDRE,SLICE_X23Y227,SLICEL.AFF,1'b0
u_dut/o0_r_reg[113],FDRE,SLICE_X22Y227,SLICEM.AFF,1'b0
u_dut/o0_r_reg[114],FDRE,SLICE_X9Y224,SLICEL.AFF,1'b0
u_dut/o0_r_reg[115],FDRE,SLICE_X8Y224,SLICEM.AFF,1'b0
u_dut/o0_r_reg[116],FDRE,SLICE_X19Y230,SLICEL.AFF,1'b0
u_dut/o0_r_reg[117],FDRE,SLICE_X10Y227,SLICEM.AFF,1'b0
u_dut/o0_r_reg[118],FDRE,SLICE_X15Y227,SLICEL.AFF,1'b0
u_dut/o0_r_reg[119],FDRE,SLICE_X10Y226,SLICEM.AFF,1'b0
u_dut/o0_r_reg[11],FDRE,SLICE_X13Y229,SLICEL.AFF,1'b0
u_dut/o0_r_reg[120],FDRE,SLICE_X15Y229,SLICEL.AFF,1'b0
u_dut/o0_r_reg[121],FDRE,SLICE_X13Y229,SLICEL.BFF,1'b0
u_dut/o0_r_reg[122],FDRE,SLICE_X9Y221,SLICEL.AFF,1'b0
u_dut/o0_r_reg[123],FDRE,SLICE_X13Y229,SLICEL.CFF,1'b0
u_dut/o0_r_reg[124],FDRE,SLICE_X6Y222,SLICEM.AFF,1'b0
u_dut/o0_r_reg[125],FDRE,SLICE_X18Y229,SLICEM.AFF,1'b0
u_dut/o0_r_reg[126],FDRE,SLICE_X13Y228,SLICEL.AFF,1'b0
u_dut/o0_r_reg[127],FDRE,SLICE_X16Y227,SLICEM.AFF,1'b0
u_dut/o0_r_reg[128],FDRE,SLICE_X12Y224,SLICEM.BFF,1'b0
u_dut/o0_r_reg[129],FDRE,SLICE_X14Y224,SLICEM.AFF,1'b0
u_dut/o0_r_reg[12],FDRE,SLICE_X12Y224,SLICEM.AFF,1'b0
u_dut/o0_r_reg[130],FDRE,SLICE_X14Y222,SLICEM.AFF,1'b0
u_dut/o0_r_reg[131],FDRE,SLICE_X9Y226,SLICEL.AFF,1'b0
u_dut/o0_r_reg[132],FDRE,SLICE_X23Y228,SLICEL.AFF,1'b0
u_dut/o0_r_reg[133],FDRE,SLICE_X22Y229,SLICEM.AFF,1'b0
u_dut/o0_r_reg[134],FDRE,SLICE_X12Y231,SLICEM.AFF,1'b0
u_dut/o0_r_reg[135],FDRE,SLICE_X11Y229,SLICEL.AFF,1'b0
u_dut/o0_r_reg[136],FDRE,SLICE_X12Y227,SLICEM.AFF,1'b0
u_dut/o0_r_reg[137],FDRE,SLICE_X14Y229,SLICEM.AFF,1'b0
u_dut/o0_r_reg[138],FDRE,SLICE_X26Y226,SLICEL.AFF,1'b0
u_dut/o0_r_reg[139],FDRE,SLICE_X19Y226,SLICEL.AFF,1'b0
u_dut/o0_r_reg[13],FDRE,SLICE_X12Y222,SLICEM.AFF,1'b0
u_dut/o0_r_reg[140],FDRE,SLICE_X27Y223,SLICEL.AFF,1'b0
u_dut/o0_r_reg[141],FDRE,SLICE_X13Y226,SLICEL.AFF,1'b0
u_dut/o0_r_reg[142],FDRE,SLICE_X19Y230,SLICEL.BFF,1'b0
u_dut/o0_r_reg[143],FDRE,SLICE_X12Y226,SLICEM.AFF,1'b0
u_dut/o0_r_reg[144],FDRE,SLICE_X20Y230,SLICEM.AFF,1'b0
u_dut/o0_r_reg[145],FDRE,SLICE_X17Y228,SLICEL.AFF,1'b0
u_dut/o0_r_reg[146],FDRE,SLICE_X23Y224,SLICEL.AFF,1'b0
u_dut/o0_r_reg[147],FDRE,SLICE_X14Y221,SLICEM.AFF,1'b0
u_dut/o0_r_reg[148],FDRE,SLICE_X14Y228,SLICEM.AFF,1'b0
u_dut/o0_r_reg[149],FDRE,SLICE_X14Y227,SLICEM.AFF,1'b0
u_dut/o0_r_reg[14],FDRE,SLICE_X11Y223,SLICEL.AFF,1'b0
u_dut/o0_r_reg[150],FDRE,SLICE_X11Y229,SLICEL.BFF,1'b0
u_dut/o0_r_reg[151],FDRE,SLICE_X28Y227,SLICEL.AFF,1'b0
u_dut/o0_r_reg[152],FDRE,SLICE_X9Y221,SLICEL.BFF,1'b0
u_dut/o0_r_reg[153],FDRE,SLICE_X12Y226,SLICEM.BFF,1'b0
u_dut/o0_r_reg[154],FDRE,SLICE_X10Y226,SLICEM.BFF,1'b0
u_dut/o0_r_reg[155],FDRE,SLICE_X8Y224,SLICEM.BFF,1'b0
u_dut/o0_r_reg[156],FDRE,SLICE_X10Y224,SLICEM.BFF,1'b0
u_dut/o0_r_reg[157],FDRE,SLICE_X9Y223,SLICEL.BFF,1'b0
u_dut/o0_r_reg[158],FDRE,SLICE_X8Y225,SLICEM.AFF,1'b0
u_dut/o0_r_reg[159],FDRE,SLICE_X12Y225,SLICEM.AFF,1'b0
u_dut/o0_r_reg[15],FDRE,SLICE_X26Y223,SLICEL.AFF,1'b0
u_dut/o0_r_reg[160],FDRE,SLICE_X17Y224,SLICEL.AFF,1'b0
u_dut/o0_r_reg[161],FDRE,SLICE_X16Y225,SLICEM.AFF,1'b0
u_dut/o0_r_reg[162],FDRE,SLICE_X19Y228,SLICEL.AFF,1'b0
u_dut/o0_r_reg[163],FDRE,SLICE_X12Y223,SLICEM.BFF,1'b0
u_dut/o0_r_reg[164],FDRE,SLICE_X20Y228,SLICEM.AFF,1'b0
u_dut/o0_r_reg[165],FDRE,SLICE_X13Y228,SLICEL.BFF,1'b0
u_dut/o0_r_reg[166],FDRE,SLICE_X18Y230,SLICEM.AFF,1'b0
u_dut/o0_r_reg[167],FDRE,SLICE_X12Y228,SLICEM.AFF,1'b0
u_dut/o0_r_reg[168],FDRE,SLICE_X22Y227,SLICEM.BFF,1'b0
u_dut/o0_r_reg[169],FDRE,SLICE_X14Y229,SLICEM.BFF,1'b0
u_dut/o0_r_reg[16],FDRE,SLICE_X12Y223,SLICEM.AFF,1'b0
u_dut/o0_r_reg[170],FDRE,SLICE_X10Y229,SLICEM.AFF,1'b0
u_dut/o0_r_reg[171],FDRE,SLICE_X11Y229,SLICEL.CFF,1'b0
u_dut/o0_r_reg[172],FDRE,SLICE_X11Y229,SLICEL.DFF,1'b0
u_dut/o0_r_reg[173],FDRE,SLICE_X18Y229,SLICEM.BFF,1'b0
u_dut/o0_r_reg[174],FDRE,SLICE_X17Y230,SLICEL.AFF,1'b0
u_dut/o0_r_reg[175],FDRE,SLICE_X13Y230,SLICEL.AFF,1'b0
u_dut/o0_r_reg[176],FDRE,SLICE_X23Y227,SLICEL.BFF,1'b0
u_dut/o0_r_reg[177],FDRE,SLICE_X10Y223,SLICEM.AFF,1'b0
u_dut/o0_r_reg[178],FDRE,SLICE_X13Y227,SLICEL.AFF,1'b0
u_dut/o0_r_reg[179],FDRE,SLICE_X15Y229,SLICEL.BFF,1'b0
u_dut/o0_r_reg[17],FDRE,SLICE_X17Y227,SLICEL.AFF,1'b0
u_dut/o0_r_reg[180],FDRE,SLICE_X12Y230,SLICEM.AFF,1'b0
u_dut/o0_r_reg[181],FDRE,SLICE_X18Y230,SLICEM.BFF,1'b0
u_dut/o0_r_reg[182],FDRE,SLICE_X10Y222,SLICEM.AFF,1'b0
u_dut/o0_r_reg[183],FDRE,SLICE_X11Y228,SLICEL.BFF,1'b0
u_dut/o0_r_reg[184],FDRE,SLICE_X10Y227,SLICEM.BFF,1'b0
u_dut/o0_r_reg[185],FDRE,SLICE_X18Y230,SLICEM.CFF,1'b0
u_dut/o0_r_reg[186],FDRE,SLICE_X10Y231,SLICEM.AFF,1'b0
u_dut/o0_r_reg[187],FDRE,SLICE_X10Y227,SLICEM.CFF,1'b0
u_dut/o0_r_reg[188],FDRE,SLICE_X15Y229,SLICEL.CFF,1'b0
u_dut/o0_r_reg[189],FDRE,SLICE_X20Y231,SLICEM.AFF,1'b0
u_dut/o0_r_reg[18],FDRE,SLICE_X8Y224,SLICEM.CFF,1'b0
u_dut/o0_r_reg[190],FDRE,SLICE_X15Y228,SLICEL.AFF,1'b0
u_dut/o0_r_reg[191],FDRE,SLICE_X15Y229,SLICEL.DFF,1'b0
u_dut/o0_r_reg[192],FDRE,SLICE_X26Y227,SLICEL.AFF,1'b0
u_dut/o0_r_reg[193],FDRE,SLICE_X16Y226,SLICEM.AFF,1'b0
u_dut/o0_r_reg[194],FDRE,SLICE_X14Y226,SLICEM.BFF,1'b0
u_dut/o0_r_reg[195],FDRE,SLICE_X26Y227,SLICEL.BFF,1'b0
u_dut/o0_r_reg[196],FDRE,SLICE_X16Y226,SLICEM.BFF,1'b0
u_dut/o0_r_reg[197],FDRE,SLICE_X22Y225,SLICEM.AFF,1'b0
u_dut/o0_r_reg[198],FDRE,SLICE_X24Y228,SLICEL.AFF,1'b0
u_dut/o0_r_reg[199],FDRE,SLICE_X28Y223,SLICEL.AFF,1'b0
u_dut/o0_r_reg[19],FDRE,SLICE_X18Y225,SLICEM.AFF,1'b0
u_dut/o0_r_reg[1],FDRE,SLICE_X14Y223,SLICEM.AFF,1'b0
u_dut/o0_r_reg[200],FDRE,SLICE_X32Y230,SLICEL.AFF,1'b0
u_dut/o0_r_reg[201],FDRE,SLICE_X28Y231,SLICEL.AFF,1'b0
u_dut/o0_r_reg[202],FDRE,SLICE_X24Y231,SLICEL.AFF,1'b0
u_dut/o0_r_reg[203],FDRE,SLICE_X30Y231,SLICEL.AFF,1'b0
u_dut/o0_r_reg[204],FDRE,SLICE_X29Y229,SLICEL.AFF,1'b0
u_dut/o0_r_reg[205],FDRE,SLICE_X32Y231,SLICEL.AFF,1'b0
u_dut/o0_r_reg[206],FDRE,SLICE_X24Y231,SLICEL.BFF,1'b0
u_dut/o0_r_reg[207],FDRE,SLICE_X28Y225,SLICEL.AFF,1'b0
u_dut/o0_r_reg[208],FDRE,SLICE_X33Y232,SLICEL.AFF,1'b0
u_dut/o0_r_reg[209],FDRE,SLICE_X27Y233,SLICEL.AFF,1'b0
u_dut/o0_r_reg[20],FDRE,SLICE_X7Y219,SLICEL.AFF,1'b0
u_dut/o0_r_reg[210],FDRE,SLICE_X30Y230,SLICEL.AFF,1'b0
u_dut/o0_r_reg[211],FDRE,SLICE_X29Y233,SLICEL.AFF,1'b0
u_dut/o0_r_reg[212],FDRE,SLICE_X25Y234,SLICEL.AFF,1'b0
u_dut/o0_r_reg[213],FDRE,SLICE_X30Y237,SLICEL.AFF,1'b0
u_dut/o0_r_reg[214],FDRE,SLICE_X24Y230,SLICEL.AFF,1'b0
u_dut/o0_r_reg[215],FDRE,SLICE_X24Y232,SLICEL.AFF,1'b0
u_dut/o0_r_reg[216],FDRE,SLICE_X30Y235,SLICEL.AFF,1'b0
u_dut/o0_r_reg[217],FDRE,SLICE_X30Y233,SLICEL.AFF,1'b0
u_dut/o0_r_reg[218],FDRE,SLICE_X27Y236,SLICEL.AFF,1'b0
u_dut/o0_r_reg[219],FDRE,SLICE_X29Y233,SLICEL.BFF,1'b0
u_dut/o0_r_reg[21],FDRE,SLICE_X9Y224,SLICEL.BFF,1'b0
u_dut/o0_r_reg[220],FDRE,SLICE_X26Y235,SLICEL.AFF,1'b0
u_dut/o0_r_reg[221],FDRE,SLICE_X25Y234,SLICEL.BFF,1'b0
u_dut/o0_r_reg[222],FDRE,SLICE_X28Y232,SLICEL.AFF,1'b0
u_dut/o0_r_reg[223],FDRE,SLICE_X26Y236,SLICEL.AFF,1'b0
u_dut/o0_r_reg[224],FDRE,SLICE_X26Y232,SLICEL.AFF,1'b0
u_dut/o0_r_reg[225],FDRE,SLICE_X31Y230,SLICEL.AFF,1'b0
u_dut/o0_r_reg[226],FDRE,SLICE_X26Y231,SLICEL.AFF,1'b0
u_dut/o0_r_reg[227],FDRE,SLICE_X22Y233,SLICEM.AFF,1'b0
u_dut/o0_r_reg[228],FDRE,SLICE_X31Y232,SLICEL.AFF,1'b0
u_dut/o0_r_reg[229],FDRE,SLICE_X34Y230,SLICEL.AFF,1'b0
u_dut/o0_r_reg[22],FDRE,SLICE_X19Y227,SLICEL.AFF,1'b0
u_dut/o0_r_reg[230],FDRE,SLICE_X29Y226,SLICEL.AFF,1'b0
u_dut/o0_r_reg[231],FDRE,SLICE_X34Y231,SLICEL.AFF,1'b0
u_dut/o0_r_reg[232],FDRE,SLICE_X24Y230,SLICEL.BFF,1'b0
u_dut/o0_r_reg[233],FDRE,SLICE_X15Y230,SLICEL.AFF,1'b0
u_dut/o0_r_reg[234],FDRE,SLICE_X29Y226,SLICEL.BFF,1'b0
u_dut/o0_r_reg[235],FDRE,SLICE_X32Y237,SLICEL.AFF,1'b0
u_dut/o0_r_reg[236],FDRE,SLICE_X33Y231,SLICEL.AFF,1'b0
u_dut/o0_r_reg[237],FDRE,SLICE_X35Y228,SLICEL.AFF,1'b0
u_dut/o0_r_reg[238],FDRE,SLICE_X32Y237,SLICEL.BFF,1'b0
u_dut/o0_r_reg[239],FDRE,SLICE_X33Y232,SLICEL.BFF,1'b0
u_dut/o0_r_reg[23],FDRE,SLICE_X16Y224,SLICEM.BFF,1'b0
u_dut/o0_r_reg[240],FDRE,SLICE_X24Y231,SLICEL.CFF,1'b0
u_dut/o0_r_reg[241],FDRE,SLICE_X33Y234,SLICEL.AFF,1'b0
u_dut/o0_r_reg[242],FDRE,SLICE_X28Y235,SLICEL.AFF,1'b0
u_dut/o0_r_reg[243],FDRE,SLICE_X28Y235,SLICEL.BFF,1'b0
u_dut/o0_r_reg[244],FDRE,SLICE_X28Y236,SLICEL.AFF,1'b0
u_dut/o0_r_reg[245],FDRE,SLICE_X27Y229,SLICEL.AFF,1'b0
u_dut/o0_r_reg[246],FDRE,SLICE_X28Y237,SLICEL.AFF,1'b0
u_dut/o0_r_reg[247],FDRE,SLICE_X26Y234,SLICEL.AFF,1'b0
u_dut/o0_r_reg[248],FDRE,SLICE_X32Y237,SLICEL.CFF,1'b0
u_dut/o0_r_reg[249],FDRE,SLICE_X34Y234,SLICEL.AFF,1'b0
u_dut/o0_r_reg[24],FDRE,SLICE_X27Y226,SLICEL.AFF,1'b0
u_dut/o0_r_reg[250],FDRE,SLICE_X26Y226,SLICEL.BFF,1'b0
u_dut/o0_r_reg[251],FDRE,SLICE_X27Y228,SLICEL.AFF,1'b0
u_dut/o0_r_reg[252],FDRE,SLICE_X32Y229,SLICEL.AFF,1'b0
u_dut/o0_r_reg[253],FDRE,SLICE_X29Y230,SLICEL.AFF,1'b0
u_dut/o0_r_reg[254],FDRE,SLICE_X29Y233,SLICEL.CFF,1'b0
u_dut/o0_r_reg[255],FDRE,SLICE_X20Y234,SLICEM.AFF,1'b0
u_dut/o0_r_reg[256],FDRE,SLICE_X29Y226,SLICEL.CFF,1'b0
u_dut/o0_r_reg[257],FDRE,SLICE_X29Y232,SLICEL.AFF,1'b0
u_dut/o0_r_reg[258],FDRE,SLICE_X26Y234,SLICEL.BFF,1'b0
u_dut/o0_r_reg[259],FDRE,SLICE_X29Y230,SLICEL.BFF,1'b0
u_dut/o0_r_reg[25],FDRE,SLICE_X10Y221,SLICEM.AFF,1'b0
u_dut/o0_r_reg[260],FDRE,SLICE_X30Y234,SLICEL.AFF,1'b0
u_dut/o0_r_reg[261],FDRE,SLICE_X26Y234,SLICEL.CFF,1'b0
u_dut/o0_r_reg[262],FDRE,SLICE_X31Y230,SLICEL.BFF,1'b0
u_dut/o0_r_reg[263],FDRE,SLICE_X32Y227,SLICEL.AFF,1'b0
u_dut/o0_r_reg[264],FDRE,SLICE_X32Y232,SLICEL.AFF,1'b0
u_dut/o0_r_reg[265],FDRE,SLICE_X29Y234,SLICEL.AFF,1'b0
u_dut/o0_r_reg[266],FDRE,SLICE_X33Y231,SLICEL.BFF,1'b0
u_dut/o0_r_reg[267],FDRE,SLICE_X32Y227,SLICEL.BFF,1'b0
u_dut/o0_r_reg[268],FDRE,SLICE_X26Y232,SLICEL.BFF,1'b0
u_dut/o0_r_reg[269],FDRE,SLICE_X30Y233,SLICEL.BFF,1'b0
u_dut/o0_r_reg[26],FDRE,SLICE_X12Y224,SLICEM.CFF,1'b0
u_dut/o0_r_reg[270],FDRE,SLICE_X22Y234,SLICEM.AFF,1'b0
u_dut/o0_r_reg[271],FDRE,SLICE_X26Y233,SLICEL.AFF,1'b0
u_dut/o0_r_reg[272],FDRE,SLICE_X30Y232,SLICEL.AFF,1'b0
u_dut/o0_r_reg[273],FDRE,SLICE_X28Y227,SLICEL.BFF,1'b0
u_dut/o0_r_reg[274],FDRE,SLICE_X33Y226,SLICEL.AFF,1'b0
u_dut/o0_r_reg[275],FDRE,SLICE_X33Y231,SLICEL.CFF,1'b0
u_dut/o0_r_reg[276],FDRE,SLICE_X31Y230,SLICEL.CFF,1'b0
u_dut/o0_r_reg[277],FDRE,SLICE_X27Y228,SLICEL.BFF,1'b0
u_dut/o0_r_reg[278],FDRE,SLICE_X26Y230,SLICEL.AFF,1'b0
u_dut/o0_r_reg[279],FDRE,SLICE_X29Y230,SLICEL.CFF,1'b0
u_dut/o0_r_reg[27],FDRE,SLICE_X24Y228,SLICEL.BFF,1'b0
u_dut/o0_r_reg[280],FDRE,SLICE_X26Y228,SLICEL.AFF,1'b0
u_dut/o0_r_reg[281],FDRE,SLICE_X25Y229,SLICEL.AFF,1'b0
u_dut/o0_r_reg[282],FDRE,SLICE_X28Y231,SLICEL.BFF,1'b0
u_dut/o0_r_reg[283],FDRE,SLICE_X26Y231,SLICEL.BFF,1'b0
u_dut/o0_r_reg[284],FDRE,SLICE_X36Y230,SLICEL.AFF,1'b0
u_dut/o0_r_reg[285],FDRE,SLICE_X20Y234,SLICEM.BFF,1'b0
u_dut/o0_r_reg[286],FDRE,SLICE_X29Y233,SLICEL.DFF,1'b0
u_dut/o0_r_reg[287],FDRE,SLICE_X27Y233,SLICEL.BFF,1'b0
u_dut/o0_r_reg[288],FDRE,SLICE_X26Y231,SLICEL.CFF,1'b0
u_dut/o0_r_reg[289],FDRE,SLICE_X30Y229,SLICEL.AFF,1'b0
u_dut/o0_r_reg[28],FDRE,SLICE_X12Y224,SLICEM.DFF,1'b0
u_dut/o0_r_reg[290],FDRE,SLICE_X32Y233,SLICEL.AFF,1'b0
u_dut/o0_r_reg[291],FDRE,SLICE_X23Y232,SLICEL.AFF,1'b0
u_dut/o0_r_reg[292],FDRE,SLICE_X28Y236,SLICEL.BFF,1'b0
u_dut/o0_r_reg[293],FDRE,SLICE_X31Y234,SLICEL.AFF,1'b0
u_dut/o0_r_reg[294],FDRE,SLICE_X34Y233,SLICEL.AFF,1'b0
u_dut/o0_r_reg[295],FDRE,SLICE_X28Y233,SLICEL.AFF,1'b0
u_dut/o0_r_reg[296],FDRE,SLICE_X28Y232,SLICEL.BFF,1'b0
u_dut/o0_r_reg[297],FDRE,SLICE_X26Y231,SLICEL.DFF,1'b0
u_dut/o0_r_reg[298],FDRE,SLICE_X26Y232,SLICEL.CFF,1'b0
u_dut/o0_r_reg[299],FDRE,SLICE_X26Y234,SLICEL.DFF,1'b0
u_dut/o0_r_reg[29],FDRE,SLICE_X16Y225,SLICEM.BFF,1'b0
u_dut/o0_r_reg[2],FDRE,SLICE_X4Y222,SLICEL.AFF,1'b0
u_dut/o0_r_reg[300],FDRE,SLICE_X26Y230,SLICEL.BFF,1'b0
u_dut/o0_r_reg[301],FDRE,SLICE_X30Y239,SLICEL.AFF,1'b0
u_dut/o0_r_reg[302],FDRE,SLICE_X28Y237,SLICEL.BFF,1'b0
u_dut/o0_r_reg[303],FDRE,SLICE_X26Y238,SLICEL.AFF,1'b0
u_dut/o0_r_reg[304],FDRE,SLICE_X30Y230,SLICEL.BFF,1'b0
u_dut/o0_r_reg[305],FDRE,SLICE_X26Y236,SLICEL.BFF,1'b0
u_dut/o0_r_reg[306],FDRE,SLICE_X32Y237,SLICEL.DFF,1'b0
u_dut/o0_r_reg[307],FDRE,SLICE_X28Y237,SLICEL.CFF,1'b0
u_dut/o0_r_reg[308],FDRE,SLICE_X26Y233,SLICEL.BFF,1'b0
u_dut/o0_r_reg[309],FDRE,SLICE_X24Y234,SLICEL.AFF,1'b0
u_dut/o0_r_reg[30],FDRE,SLICE_X10Y223,SLICEM.BFF,1'b0
u_dut/o0_r_reg[310],FDRE,SLICE_X19Y232,SLICEL.AFF,1'b0
u_dut/o0_r_reg[311],FDRE,SLICE_X25Y225,SLICEL.AFF,1'b0
u_dut/o0_r_reg[312],FDRE,SLICE_X25Y235,SLICEL.AFF,1'b0
u_dut/o0_r_reg[313],FDRE,SLICE_X28Y236,SLICEL.CFF,1'b0
u_dut/o0_r_reg[314],FDRE,SLICE_X32Y228,SLICEL.AFF,1'b0
u_dut/o0_r_reg[315],FDRE,SLICE_X26Y228,SLICEL.BFF,1'b0
u_dut/o0_r_reg[316],FDRE,SLICE_X31Y235,SLICEL.AFF,1'b0
u_dut/o0_r_reg[317],FDRE,SLICE_X30Y235,SLICEL.BFF,1'b0
u_dut/o0_r_reg[318],FDRE,SLICE_X26Y233,SLICEL.CFF,1'b0
u_dut/o0_r_reg[319],FDRE,SLICE_X32Y233,SLICEL.BFF,1'b0
u_dut/o0_r_reg[31],FDRE,SLICE_X9Y224,SLICEL.CFF,1'b0
u_dut/o0_r_reg[320],FDRE,SLICE_X30Y227,SLICEL.AFF,1'b0
u_dut/o0_r_reg[321],FDRE,SLICE_X29Y235,SLICEL.AFF,1'b0
u_dut/o0_r_reg[322],FDRE,SLICE_X28Y230,SLICEL.AFF,1'b0
u_dut/o0_r_reg[323],FDRE,SLICE_X34Y228,SLICEL.AFF,1'b0
u_dut/o0_r_reg[324],FDRE,SLICE_X24Y228,SLICEL.CFF,1'b0
u_dut/o0_r_reg[325],FDRE,SLICE_X33Y228,SLICEL.AFF,1'b0
u_dut/o0_r_reg[326],FDRE,SLICE_X27Y236,SLICEL.BFF,1'b0
u_dut/o0_r_reg[327],FDRE,SLICE_X28Y225,SLICEL.BFF,1'b0
u_dut/o0_r_reg[328],FDRE,SLICE_X28Y231,SLICEL.CFF,1'b0
u_dut/o0_r_reg[329],FDRE,SLICE_X28Y233,SLICEL.BFF,1'b0
u_dut/o0_r_reg[32],FDRE,SLICE_X12Y227,SLICEM.BFF,1'b0
u_dut/o0_r_reg[330],FDRE,SLICE_X29Y236,SLICEL.AFF,1'b0
u_dut/o0_r_reg[331],FDRE,SLICE_X33Y232,SLICEL.CFF,1'b0
u_dut/o0_r_reg[332],FDRE,SLICE_X27Y229,SLICEL.BFF,1'b0
u_dut/o0_r_reg[333],FDRE,SLICE_X30Y235,SLICEL.CFF,1'b0
u_dut/o0_r_reg[334],FDRE,SLICE_X27Y236,SLICEL.CFF,1'b0
u_dut/o0_r_reg[335],FDRE,SLICE_X28Y236,SLICEL.DFF,1'b0
u_dut/o0_r_reg[336],FDRE,SLICE_X33Y234,SLICEL.BFF,1'b0
u_dut/o0_r_reg[337],FDRE,SLICE_X32Y229,SLICEL.BFF,1'b0
u_dut/o0_r_reg[338],FDRE,SLICE_X32Y232,SLICEL.BFF,1'b0
u_dut/o0_r_reg[339],FDRE,SLICE_X28Y233,SLICEL.CFF,1'b0
u_dut/o0_r_reg[33],FDRE,SLICE_X12Y223,SLICEM.CFF,1'b0
u_dut/o0_r_reg[340],FDRE,SLICE_X33Y231,SLICEL.DFF,1'b0
u_dut/o0_r_reg[341],FDRE,SLICE_X33Y233,SLICEL.AFF,1'b0
u_dut/o0_r_reg[342],FDRE,SLICE_X27Y232,SLICEL.AFF,1'b0
u_dut/o0_r_reg[343],FDRE,SLICE_X28Y231,SLICEL.DFF,1'b0
u_dut/o0_r_reg[344],FDRE,SLICE_X34Y234,SLICEL.BFF,1'b0
u_dut/o0_r_reg[345],FDRE,SLICE_X27Y233,SLICEL.CFF,1'b0
u_dut/o0_r_reg[346],FDRE,SLICE_X33Y234,SLICEL.CFF,1'b0
u_dut/o0_r_reg[347],FDRE,SLICE_X27Y236,SLICEL.DFF,1'b0
u_dut/o0_r_reg[348],FDRE,SLICE_X33Y232,SLICEL.DFF,1'b0
u_dut/o0_r_reg[349],FDRE,SLICE_X32Y230,SLICEL.BFF,1'b0
u_dut/o0_r_reg[34],FDRE,SLICE_X9Y223,SLICEL.CFF,1'b0
u_dut/o0_r_reg[350],FDRE,SLICE_X27Y230,SLICEL.AFF,1'b0
u_dut/o0_r_reg[351],FDRE,SLICE_X34Y224,SLICEL.AFF,1'b0
u_dut/o0_r_reg[352],FDRE,SLICE_X30Y228,SLICEL.AFF,1'b0
u_dut/o0_r_reg[353],FDRE,SLICE_X29Y232,SLICEL.BFF,1'b0
u_dut/o0_r_reg[354],FDRE,SLICE_X30Y231,SLICEL.BFF,1'b0
u_dut/o0_r_reg[355],FDRE,SLICE_X28Y226,SLICEL.AFF,1'b0
u_dut/o0_r_reg[356],FDRE,SLICE_X35Y232,SLICEL.AFF,1'b0
u_dut/o0_r_reg[357],FDRE,SLICE_X27Y232,SLICEL.BFF,1'b0
u_dut/o0_r_reg[358],FDRE,SLICE_X32Y232,SLICEL.CFF,1'b0
u_dut/o0_r_reg[359],FDRE,SLICE_X32Y230,SLICEL.CFF,1'b0
u_dut/o0_r_reg[35],FDRE,SLICE_X8Y222,SLICEM.BFF,1'b0
u_dut/o0_r_reg[360],FDRE,SLICE_X32Y236,SLICEL.AFF,1'b0
u_dut/o0_r_reg[361],FDRE,SLICE_X32Y233,SLICEL.CFF,1'b0
u_dut/o0_r_reg[362],FDRE,SLICE_X32Y233,SLICEL.DFF,1'b0
u_dut/o0_r_reg[363],FDRE,SLICE_X32Y234,SLICEL.AFF,1'b0
u_dut/o0_r_reg[364],FDRE,SLICE_X30Y233,SLICEL.CFF,1'b0
u_dut/o0_r_reg[365],FDRE,SLICE_X32Y230,SLICEL.DFF,1'b0
u_dut/o0_r_reg[366],FDRE,SLICE_X26Y233,SLICEL.DFF,1'b0
u_dut/o0_r_reg[367],FDRE,SLICE_X33Y234,SLICEL.DFF,1'b0
u_dut/o0_r_reg[368],FDRE,SLICE_X30Y236,SLICEL.AFF,1'b0
u_dut/o0_r_reg[369],FDRE,SLICE_X29Y232,SLICEL.CFF,1'b0
u_dut/o0_r_reg[36],FDRE,SLICE_X22Y229,SLICEM.BFF,1'b0
u_dut/o0_r_reg[370],FDRE,SLICE_X28Y237,SLICEL.DFF,1'b0
u_dut/o0_r_reg[371],FDRE,SLICE_X30Y231,SLICEL.CFF,1'b0
u_dut/o0_r_reg[372],FDRE,SLICE_X26Y236,SLICEL.CFF,1'b0
u_dut/o0_r_reg[373],FDRE,SLICE_X26Y236,SLICEL.DFF,1'b0
u_dut/o0_r_reg[374],FDRE,SLICE_X28Y235,SLICEL.CFF,1'b0
u_dut/o0_r_reg[375],FDRE,SLICE_X29Y229,SLICEL.BFF,1'b0
u_dut/o0_r_reg[376],FDRE,SLICE_X15Y228,SLICEL.BFF,1'b0
u_dut/o0_r_reg[377],FDRE,SLICE_X27Y233,SLICEL.DFF,1'b0
u_dut/o0_r_reg[378],FDRE,SLICE_X30Y235,SLICEL.DFF,1'b0
u_dut/o0_r_reg[379],FDRE,SLICE_X28Y232,SLICEL.CFF,1'b0
u_dut/o0_r_reg[37],FDRE,SLICE_X14Y224,SLICEM.BFF,1'b0
u_dut/o0_r_reg[380],FDRE,SLICE_X29Y230,SLICEL.DFF,1'b0
u_dut/o0_r_reg[381],FDRE,SLICE_X31Y233,SLICEL.AFF,1'b0
u_dut/o0_r_reg[382],FDRE,SLICE_X28Y235,SLICEL.DFF,1'b0
u_dut/o0_r_reg[383],FDRE,SLICE_X26Y232,SLICEL.DFF,1'b0
u_dut/o0_r_reg[384],FDRE,SLICE_X28Y233,SLICEL.DFF,1'b0
u_dut/o0_r_reg[385],FDRE,SLICE_X30Y231,SLICEL.DFF,1'b0
u_dut/o0_r_reg[386],FDRE,SLICE_X30Y230,SLICEL.CFF,1'b0
u_dut/o0_r_reg[387],FDRE,SLICE_X27Y229,SLICEL.CFF,1'b0
u_dut/o0_r_reg[388],FDRE,SLICE_X27Y232,SLICEL.CFF,1'b0
u_dut/o0_r_reg[389],FDRE,SLICE_X26Y230,SLICEL.CFF,1'b0
u_dut/o0_r_reg[38],FDRE,SLICE_X5Y225,SLICEL.AFF,1'b0
u_dut/o0_r_reg[390],FDRE,SLICE_X29Y232,SLICEL.DFF,1'b0
u_dut/o0_r_reg[391],FDRE,SLICE_X32Y232,SLICEL.DFF,1'b0
u_dut/o0_r_reg[392],FDRE,SLICE_X30Y227,SLICEL.BFF,1'b0
u_dut/o0_r_reg[393],FDRE,SLICE_X21Y231,SLICEL.AFF,1'b0
u_dut/o0_r_reg[394],FDRE,SLICE_X28Y232,SLICEL.DFF,1'b0
u_dut/o0_r_reg[395],FDRE,SLICE_X22Y234,SLICEM.BFF,1'b0
u_dut/o0_r_reg[396],FDRE,SLICE_X30Y227,SLICEL.CFF,1'b0
u_dut/o0_r_reg[397],FDRE,SLICE_X30Y233,SLICEL.DFF,1'b0
u_dut/o0_r_reg[398],FDRE,SLICE_X27Y226,SLICEL.BFF,1'b0
u_dut/o0_r_reg[399],FDRE,SLICE_X31Y231,SLICEL.AFF,1'b0
u_dut/o0_r_reg[39],FDRE,SLICE_X26Y227,SLICEL.CFF,1'b0
u_dut/o0_r_reg[3],FDRE,SLICE_X26Y225,SLICEL.AFF,1'b0
u_dut/o0_r_reg[400],FDRE,SLICE_X27Y220,SLICEL.AFF,1'b0
u_dut/o0_r_reg[401],FDRE,SLICE_X19Y219,SLICEL.AFF,1'b0
u_dut/o0_r_reg[402],FDRE,SLICE_X25Y223,SLICEL.AFF,1'b0
u_dut/o0_r_reg[403],FDRE,SLICE_X19Y221,SLICEL.AFF,1'b0
u_dut/o0_r_reg[404],FDRE,SLICE_X20Y223,SLICEM.AFF,1'b0
u_dut/o0_r_reg[405],FDRE,SLICE_X18Y219,SLICEM.AFF,1'b0
u_dut/o0_r_reg[406],FDRE,SLICE_X18Y221,SLICEM.AFF,1'b0
u_dut/o0_r_reg[407],FDRE,SLICE_X20Y222,SLICEM.AFF,1'b0
u_dut/o0_r_reg[408],FDRE,SLICE_X28Y219,SLICEL.AFF,1'b0
u_dut/o0_r_reg[409],FDRE,SLICE_X28Y219,SLICEL.BFF,1'b0
u_dut/o0_r_reg[40],FDRE,SLICE_X10Y225,SLICEM.AFF,1'b0
u_dut/o0_r_reg[410],FDRE,SLICE_X29Y220,SLICEL.AFF,1'b0
u_dut/o0_r_reg[411],FDRE,SLICE_X17Y219,SLICEL.AFF,1'b0
u_dut/o0_r_reg[412],FDRE,SLICE_X25Y222,SLICEL.AFF,1'b0
u_dut/o0_r_reg[413],FDRE,SLICE_X28Y220,SLICEL.AFF,1'b0
u_dut/o0_r_reg[414],FDRE,SLICE_X18Y218,SLICEM.AFF,1'b0
u_dut/o0_r_reg[415],FDRE,SLICE_X14Y219,SLICEM.AFF,1'b0
u_dut/o0_r_reg[416],FDRE,SLICE_X22Y222,SLICEM.AFF,1'b0
u_dut/o0_r_reg[417],FDRE,SLICE_X16Y219,SLICEM.AFF,1'b0
u_dut/o0_r_reg[418],FDRE,SLICE_X27Y218,SLICEL.AFF,1'b0
u_dut/o0_r_reg[419],FDRE,SLICE_X18Y221,SLICEM.BFF,1'b0
u_dut/o0_r_reg[41],FDRE,SLICE_X14Y225,SLICEM.AFF,1'b0
u_dut/o0_r_reg[420],FDRE,SLICE_X22Y217,SLICEM.AFF,1'b0
u_dut/o0_r_reg[421],FDRE,SLICE_X18Y222,SLICEM.AFF,1'b0
u_dut/o0_r_reg[422],FDRE,SLICE_X21Y221,SLICEL.AFF,1'b0
u_dut/o0_r_reg[423],FDRE,SLICE_X14Y221,SLICEM.BFF,1'b0
u_dut/o0_r_reg[424],FDRE,SLICE_X14Y217,SLICEM.AFF,1'b0
u_dut/o0_r_reg[425],FDRE,SLICE_X19Y217,SLICEL.AFF,1'b0
u_dut/o0_r_reg[426],FDRE,SLICE_X27Y222,SLICEL.AFF,1'b0
u_dut/o0_r_reg[427],FDRE,SLICE_X19Y221,SLICEL.BFF,1'b0
u_dut/o0_r_reg[428],FDRE,SLICE_X13Y218,SLICEL.AFF,1'b0
u_dut/o0_r_reg[429],FDRE,SLICE_X27Y225,SLICEL.AFF,1'b0
u_dut/o0_r_reg[42],FDRE,SLICE_X6Y222,SLICEM.BFF,1'b0
u_dut/o0_r_reg[430],FDRE,SLICE_X20Y222,SLICEM.BFF,1'b0
u_dut/o0_r_reg[431],FDRE,SLICE_X20Y220,SLICEM.AFF,1'b0
u_dut/o0_r_reg[432],FDRE,SLICE_X25Y221,SLICEL.AFF,1'b0
u_dut/o0_r_reg[433],FDRE,SLICE_X22Y221,SLICEM.AFF,1'b0
u_dut/o0_r_reg[434],FDRE,SLICE_X21Y221,SLICEL.BFF,1'b0
u_dut/o0_r_reg[435],FDRE,SLICE_X22Y217,SLICEM.BFF,1'b0
u_dut/o0_r_reg[436],FDRE,SLICE_X17Y220,SLICEL.AFF,1'b0
u_dut/o0_r_reg[437],FDRE,SLICE_X28Y222,SLICEL.AFF,1'b0
u_dut/o0_r_reg[438],FDRE,SLICE_X22Y222,SLICEM.BFF,1'b0
u_dut/o0_r_reg[439],FDRE,SLICE_X23Y221,SLICEL.AFF,1'b0
u_dut/o0_r_reg[43],FDRE,SLICE_X6Y222,SLICEM.CFF,1'b0
u_dut/o0_r_reg[440],FDRE,SLICE_X22Y228,SLICEM.BFF,1'b0
u_dut/o0_r_reg[441],FDRE,SLICE_X16Y222,SLICEM.AFF,1'b0
u_dut/o0_r_reg[442],FDRE,SLICE_X16Y220,SLICEM.AFF,1'b0
u_dut/o0_r_reg[443],FDRE,SLICE_X30Y219,SLICEL.AFF,1'b0
u_dut/o0_r_reg[444],FDRE,SLICE_X19Y220,SLICEL.AFF,1'b0
u_dut/o0_r_reg[445],FDRE,SLICE_X17Y219,SLICEL.BFF,1'b0
u_dut/o0_r_reg[446],FDRE,SLICE_X17Y218,SLICEL.AFF,1'b0
u_dut/o0_r_reg[447],FDRE,SLICE_X14Y219,SLICEM.BFF,1'b0
u_dut/o0_r_reg[448],FDRE,SLICE_X28Y221,SLICEL.AFF,1'b0
u_dut/o0_r_reg[449],FDRE,SLICE_X26Y219,SLICEL.AFF,1'b0
u_dut/o0_r_reg[44],FDRE,SLICE_X14Y221,SLICEM.CFF,1'b0
u_dut/o0_r_reg[450],FDRE,SLICE_X26Y216,SLICEL.AFF,1'b0
u_dut/o0_r_reg[451],FDRE,SLICE_X26Y218,SLICEL.AFF,1'b0
u_dut/o0_r_reg[452],FDRE,SLICE_X26Y217,SLICEL.AFF,1'b0
u_dut/o0_r_reg[453],FDRE,SLICE_X26Y221,SLICEL.AFF,1'b0
u_dut/o0_r_reg[454],FDRE,SLICE_X28Y218,SLICEL.AFF,1'b0
u_dut/o0_r_reg[455],FDRE,SLICE_X27Y225,SLICEL.BFF,1'b0
u_dut/o0_r_reg[456],FDRE,SLICE_X27Y219,SLICEL.AFF,1'b0
u_dut/o0_r_reg[457],FDRE,SLICE_X26Y219,SLICEL.BFF,1'b0
u_dut/o0_r_reg[458],FDRE,SLICE_X28Y224,SLICEL.AFF,1'b0
u_dut/o0_r_reg[459],FDRE,SLICE_X29Y218,SLICEL.AFF,1'b0
u_dut/o0_r_reg[45],FDRE,SLICE_X16Y224,SLICEM.CFF,1'b0
u_dut/o0_r_reg[460],FDRE,SLICE_X27Y220,SLICEL.BFF,1'b0
u_dut/o0_r_reg[461],FDRE,SLICE_X23Y220,SLICEL.AFF,1'b0
u_dut/o0_r_reg[462],FDRE,SLICE_X23Y218,SLICEL.AFF,1'b0
u_dut/o0_r_reg[463],FDRE,SLICE_X30Y219,SLICEL.BFF,1'b0
u_dut/o0_r_reg[464],FDRE,SLICE_X22Y220,SLICEM.AFF,1'b0
u_dut/o0_r_reg[465],FDRE,SLICE_X28Y220,SLICEL.BFF,1'b0
u_dut/o0_r_reg[466],FDRE,SLICE_X28Y222,SLICEL.BFF,1'b0
u_dut/o0_r_reg[467],FDRE,SLICE_X22Y219,SLICEM.AFF,1'b0
u_dut/o0_r_reg[468],FDRE,SLICE_X26Y221,SLICEL.BFF,1'b0
u_dut/o0_r_reg[469],FDRE,SLICE_X27Y222,SLICEL.BFF,1'b0
u_dut/o0_r_reg[46],FDRE,SLICE_X10Y223,SLICEM.CFF,1'b0
u_dut/o0_r_reg[470],FDRE,SLICE_X27Y223,SLICEL.BFF,1'b0
u_dut/o0_r_reg[471],FDRE,SLICE_X22Y223,SLICEM.AFF,1'b0
u_dut/o0_r_reg[472],FDRE,SLICE_X23Y219,SLICEL.AFF,1'b0
u_dut/o0_r_reg[473],FDRE,SLICE_X16Y222,SLICEM.BFF,1'b0
u_dut/o0_r_reg[474],FDRE,SLICE_X31Y218,SLICEL.AFF,1'b0
u_dut/o0_r_reg[475],FDRE,SLICE_X27Y219,SLICEL.BFF,1'b0
u_dut/o0_r_reg[476],FDRE,SLICE_X20Y218,SLICEM.AFF,1'b0
u_dut/o0_r_reg[477],FDRE,SLICE_X22Y220,SLICEM.BFF,1'b0
u_dut/o0_r_reg[478],FDRE,SLICE_X28Y223,SLICEL.BFF,1'b0
u_dut/o0_r_reg[479],FDRE,SLICE_X27Y219,SLICEL.CFF,1'b0
u_dut/o0_r_reg[47],FDRE,SLICE_X7Y224,SLICEL.AFF,1'b0
u_dut/o0_r_reg[480],FDRE,SLICE_X27Y221,SLICEL.AFF,1'b0
u_dut/o0_r_reg[481],FDRE,SLICE_X26Y216,SLICEL.BFF,1'b0
u_dut/o0_r_reg[482],FDRE,SLICE_X28Y219,SLICEL.CFF,1'b0
u_dut/o0_r_reg[483],FDRE,SLICE_X28Y219,SLICEL.DFF,1'b0
u_dut/o0_r_reg[484],FDRE,SLICE_X20Y217,SLICEM.AFF,1'b0
u_dut/o0_r_reg[485],FDRE,SLICE_X20Y221,SLICEM.AFF,1'b0
u_dut/o0_r_reg[486],FDRE,SLICE_X20Y219,SLICEM.AFF,1'b0
u_dut/o0_r_reg[487],FDRE,SLICE_X16Y220,SLICEM.BFF,1'b0
u_dut/o0_r_reg[488],FDRE,SLICE_X20Y219,SLICEM.BFF,1'b0
u_dut/o0_r_reg[489],FDRE,SLICE_X28Y218,SLICEL.BFF,1'b0
u_dut/o0_r_reg[48],FDRE,SLICE_X12Y222,SLICEM.BFF,1'b0
u_dut/o0_r_reg[490],FDRE,SLICE_X24Y225,SLICEL.AFF,1'b0
u_dut/o0_r_reg[491],FDRE,SLICE_X28Y222,SLICEL.CFF,1'b0
u_dut/o0_r_reg[492],FDRE,SLICE_X22Y223,SLICEM.BFF,1'b0
u_dut/o0_r_reg[493],FDRE,SLICE_X27Y220,SLICEL.CFF,1'b0
u_dut/o0_r_reg[494],FDRE,SLICE_X24Y220,SLICEL.AFF,1'b0
u_dut/o0_r_reg[495],FDRE,SLICE_X14Y222,SLICEM.BFF,1'b0
u_dut/o0_r_reg[496],FDRE,SLICE_X28Y220,SLICEL.CFF,1'b0
u_dut/o0_r_reg[497],FDRE,SLICE_X14Y219,SLICEM.CFF,1'b0
u_dut/o0_r_reg[498],FDRE,SLICE_X23Y222,SLICEL.AFF,1'b0
u_dut/o0_r_reg[499],FDRE,SLICE_X23Y221,SLICEL.BFF,1'b0
u_dut/o0_r_reg[49],FDRE,SLICE_X26Y223,SLICEL.BFF,1'b0
u_dut/o0_r_reg[4],FDRE,SLICE_X12Y227,SLICEM.CFF,1'b0
u_dut/o0_r_reg[500],FDRE,SLICE_X23Y221,SLICEL.CFF,1'b0
u_dut/o0_r_reg[501],FDRE,SLICE_X18Y223,SLICEM.AFF,1'b0
u_dut/o0_r_reg[502],FDRE,SLICE_X26Y220,SLICEL.AFF,1'b0
u_dut/o0_r_reg[503],FDRE,SLICE_X26Y222,SLICEL.AFF,1'b0
u_dut/o0_r_reg[504],FDRE,SLICE_X26Y220,SLICEL.BFF,1'b0
u_dut/o0_r_reg[505],FDRE,SLICE_X28Y221,SLICEL.BFF,1'b0
u_dut/o0_r_reg[506],FDRE,SLICE_X30Y222,SLICEL.AFF,1'b0
u_dut/o0_r_reg[507],FDRE,SLICE_X26Y219,SLICEL.CFF,1'b0
u_dut/o0_r_reg[508],FDRE,SLICE_X26Y219,SLICEL.DFF,1'b0
u_dut/o0_r_reg[509],FDRE,SLICE_X15Y222,SLICEL.AFF,1'b0
u_dut/o0_r_reg[50],FDRE,SLICE_X20Y227,SLICEM.AFF,1'b0
u_dut/o0_r_reg[510],FDRE,SLICE_X24Y221,SLICEL.AFF,1'b0
u_dut/o0_r_reg[511],FDRE,SLICE_X24Y222,SLICEL.AFF,1'b0
u_dut/o0_r_reg[512],FDRE,SLICE_X23Y221,SLICEL.DFF,1'b0
u_dut/o0_r_reg[513],FDRE,SLICE_X28Y222,SLICEL.DFF,1'b0
u_dut/o0_r_reg[514],FDRE,SLICE_X24Y224,SLICEL.AFF,1'b0
u_dut/o0_r_reg[515],FDRE,SLICE_X25Y222,SLICEL.BFF,1'b0
u_dut/o0_r_reg[516],FDRE,SLICE_X24Y224,SLICEL.BFF,1'b0
u_dut/o0_r_reg[517],FDRE,SLICE_X21Y220,SLICEL.AFF,1'b0
u_dut/o0_r_reg[518],FDRE,SLICE_X25Y221,SLICEL.BFF,1'b0
u_dut/o0_r_reg[519],FDRE,SLICE_X29Y220,SLICEL.BFF,1'b0
u_dut/o0_r_reg[51],FDRE,SLICE_X25Y225,SLICEL.BFF,1'b0
u_dut/o0_r_reg[520],FDRE,SLICE_X24Y220,SLICEL.BFF,1'b0
u_dut/o0_r_reg[521],FDRE,SLICE_X28Y217,SLICEL.AFF,1'b0
u_dut/o0_r_reg[522],FDRE,SLICE_X22Y218,SLICEM.AFF,1'b0
u_dut/o0_r_reg[523],FDRE,SLICE_X24Y220,SLICEL.CFF,1'b0
u_dut/o0_r_reg[524],FDRE,SLICE_X24Y221,SLICEL.BFF,1'b0
u_dut/o0_r_reg[525],FDRE,SLICE_X25Y229,SLICEL.BFF,1'b0
u_dut/o0_r_reg[526],FDRE,SLICE_X26Y220,SLICEL.CFF,1'b0
u_dut/o0_r_reg[527],FDRE,SLICE_X24Y218,SLICEL.AFF,1'b0
u_dut/o0_r_reg[528],FDRE,SLICE_X27Y219,SLICEL.DFF,1'b0
u_dut/o0_r_reg[529],FDRE,SLICE_X25Y221,SLICEL.CFF,1'b0
u_dut/o0_r_reg[52],FDRE,SLICE_X13Y225,SLICEL.AFF,1'b0
u_dut/o0_r_reg[530],FDRE,SLICE_X26Y223,SLICEL.CFF,1'b0
u_dut/o0_r_reg[531],FDRE,SLICE_X25Y222,SLICEL.CFF,1'b0
u_dut/o0_r_reg[532],FDRE,SLICE_X21Y215,SLICEL.AFF,1'b0
u_dut/o0_r_reg[533],FDRE,SLICE_X25Y219,SLICEL.AFF,1'b0
u_dut/o0_r_reg[534],FDRE,SLICE_X18Y216,SLICEM.AFF,1'b0
u_dut/o0_r_reg[535],FDRE,SLICE_X25Y216,SLICEL.AFF,1'b0
u_dut/o0_r_reg[536],FDRE,SLICE_X25Y222,SLICEL.DFF,1'b0
u_dut/o0_r_reg[537],FDRE,SLICE_X28Y223,SLICEL.CFF,1'b0
u_dut/o0_r_reg[538],FDRE,SLICE_X27Y223,SLICEL.CFF,1'b0
u_dut/o0_r_reg[539],FDRE,SLICE_X27Y222,SLICEL.CFF,1'b0
u_dut/o0_r_reg[53],FDRE,SLICE_X14Y223,SLICEM.BFF,1'b0
u_dut/o0_r_reg[540],FDRE,SLICE_X28Y221,SLICEL.CFF,1'b0
u_dut/o0_r_reg[541],FDRE,SLICE_X23Y223,SLICEL.AFF,1'b0
u_dut/o0_r_reg[542],FDRE,SLICE_X19Y216,SLICEL.AFF,1'b0
u_dut/o0_r_reg[543],FDRE,SLICE_X27Y222,SLICEL.DFF,1'b0
u_dut/o0_r_reg[544],FDRE,SLICE_X29Y221,SLICEL.AFF,1'b0
u_dut/o0_r_reg[545],FDRE,SLICE_X29Y225,SLICEL.AFF,1'b0
u_dut/o0_r_reg[546],FDRE,SLICE_X24Y224,SLICEL.CFF,1'b0
u_dut/o0_r_reg[547],FDRE,SLICE_X28Y221,SLICEL.DFF,1'b0
u_dut/o0_r_reg[548],FDRE,SLICE_X27Y223,SLICEL.DFF,1'b0
u_dut/o0_r_reg[549],FDRE,SLICE_X29Y220,SLICEL.CFF,1'b0
u_dut/o0_r_reg[54],FDRE,SLICE_X17Y229,SLICEL.AFF,1'b0
u_dut/o0_r_reg[550],FDRE,SLICE_X28Y217,SLICEL.BFF,1'b0
u_dut/o0_r_reg[551],FDRE,SLICE_X23Y219,SLICEL.BFF,1'b0
u_dut/o0_r_reg[552],FDRE,SLICE_X30Y223,SLICEL.AFF,1'b0
u_dut/o0_r_reg[553],FDRE,SLICE_X29Y218,SLICEL.BFF,1'b0
u_dut/o0_r_reg[554],FDRE,SLICE_X27Y217,SLICEL.AFF,1'b0
u_dut/o0_r_reg[555],FDRE,SLICE_X24Y222,SLICEL.BFF,1'b0
u_dut/o0_r_reg[556],FDRE,SLICE_X29Y220,SLICEL.DFF,1'b0
u_dut/o0_r_reg[557],FDRE,SLICE_X28Y218,SLICEL.CFF,1'b0
u_dut/o0_r_reg[558],FDRE,SLICE_X28Y217,SLICEL.CFF,1'b0
u_dut/o0_r_reg[559],FDRE,SLICE_X30Y222,SLICEL.BFF,1'b0
u_dut/o0_r_reg[55],FDRE,SLICE_X29Y225,SLICEL.BFF,1'b0
u_dut/o0_r_reg[560],FDRE,SLICE_X29Y218,SLICEL.CFF,1'b0
u_dut/o0_r_reg[561],FDRE,SLICE_X29Y218,SLICEL.DFF,1'b0
u_dut/o0_r_reg[562],FDRE,SLICE_X22Y224,SLICEM.AFF,1'b0
u_dut/o0_r_reg[563],FDRE,SLICE_X30Y221,SLICEL.AFF,1'b0
u_dut/o0_r_reg[564],FDRE,SLICE_X23Y224,SLICEL.BFF,1'b0
u_dut/o0_r_reg[565],FDRE,SLICE_X22Y221,SLICEM.BFF,1'b0
u_dut/o0_r_reg[566],FDRE,SLICE_X24Y229,SLICEL.AFF,1'b0
u_dut/o0_r_reg[567],FDRE,SLICE_X25Y221,SLICEL.DFF,1'b0
u_dut/o0_r_reg[568],FDRE,SLICE_X22Y221,SLICEM.CFF,1'b0
u_dut/o0_r_reg[569],FDRE,SLICE_X30Y219,SLICEL.CFF,1'b0
u_dut/o0_r_reg[56],FDRE,SLICE_X12Y226,SLICEM.CFF,1'b0
u_dut/o0_r_reg[570],FDRE,SLICE_X22Y222,SLICEM.CFF,1'b0
u_dut/o0_r_reg[571],FDRE,SLICE_X26Y222,SLICEL.BFF,1'b0
u_dut/o0_r_reg[572],FDRE,SLICE_X21Y220,SLICEL.BFF,1'b0
u_dut/o0_r_reg[573],FDRE,SLICE_X22Y220,SLICEM.CFF,1'b0
u_dut/o0_r_reg[574],FDRE,SLICE_X22Y219,SLICEM.BFF,1'b0
u_dut/o0_r_reg[575],FDRE,SLICE_X24Y220,SLICEL.DFF,1'b0
u_dut/o0_r_reg[576],FDRE,SLICE_X24Y219,SLICEL.AFF,1'b0
u_dut/o0_r_reg[577],FDRE,SLICE_X26Y216,SLICEL.CFF,1'b0
u_dut/o0_r_reg[578],FDRE,SLICE_X24Y221,SLICEL.CFF,1'b0
u_dut/o0_r_reg[579],FDRE,SLICE_X26Y221,SLICEL.CFF,1'b0
u_dut/o0_r_reg[57],FDRE,SLICE_X14Y223,SLICEM.CFF,1'b0
u_dut/o0_r_reg[580],FDRE,SLICE_X16Y219,SLICEM.BFF,1'b0
u_dut/o0_r_reg[581],FDRE,SLICE_X23Y217,SLICEL.AFF,1'b0
u_dut/o0_r_reg[582],FDRE,SLICE_X29Y216,SLICEL.AFF,1'b0
u_dut/o0_r_reg[583],FDRE,SLICE_X26Y220,SLICEL.DFF,1'b0
u_dut/o0_r_reg[584],FDRE,SLICE_X23Y223,SLICEL.BFF,1'b0
u_dut/o0_r_reg[585],FDRE,SLICE_X23Y219,SLICEL.CFF,1'b0
u_dut/o0_r_reg[586],FDRE,SLICE_X23Y222,SLICEL.BFF,1'b0
u_dut/o0_r_reg[587],FDRE,SLICE_X23Y224,SLICEL.CFF,1'b0
u_dut/o0_r_reg[588],FDRE,SLICE_X30Y222,SLICEL.CFF,1'b0
u_dut/o0_r_reg[589],FDRE,SLICE_X25Y220,SLICEL.AFF,1'b0
u_dut/o0_r_reg[58],FDRE,SLICE_X14Y224,SLICEM.CFF,1'b0
u_dut/o0_r_reg[590],FDRE,SLICE_X17Y219,SLICEL.CFF,1'b0
u_dut/o0_r_reg[591],FDRE,SLICE_X24Y221,SLICEL.DFF,1'b0
u_dut/o0_r_reg[592],FDRE,SLICE_X20Y222,SLICEM.CFF,1'b0
u_dut/o0_r_reg[593],FDRE,SLICE_X22Y221,SLICEM.DFF,1'b0
u_dut/o0_r_reg[594],FDRE,SLICE_X26Y221,SLICEL.DFF,1'b0
u_dut/o0_r_reg[595],FDRE,SLICE_X24Y222,SLICEL.CFF,1'b0
u_dut/o0_r_reg[596],FDRE,SLICE_X19Y233,SLICEL.AFF,1'b0
u_dut/o0_r_reg[597],FDRE,SLICE_X30Y222,SLICEL.DFF,1'b0
u_dut/o0_r_reg[598],FDRE,SLICE_X20Y223,SLICEM.BFF,1'b0
u_dut/o0_r_reg[599],FDRE,SLICE_X24Y222,SLICEL.DFF,1'b0
u_dut/o0_r_reg[59],FDRE,SLICE_X15Y226,SLICEL.AFF,1'b0
u_dut/o0_r_reg[5],FDRE,SLICE_X5Y222,SLICEL.AFF,1'b0
u_dut/o0_r_reg[600],FDRE,SLICE_X19Y238,SLICEL.AFF,1'b0
u_dut/o0_r_reg[601],FDRE,SLICE_X10Y222,SLICEM.BFF,1'b0
u_dut/o0_r_reg[602],FDRE,SLICE_X6Y236,SLICEM.AFF,1'b0
u_dut/o0_r_reg[603],FDRE,SLICE_X13Y236,SLICEL.AFF,1'b0
u_dut/o0_r_reg[604],FDRE,SLICE_X19Y234,SLICEL.AFF,1'b0
u_dut/o0_r_reg[605],FDRE,SLICE_X11Y228,SLICEL.CFF,1'b0
u_dut/o0_r_reg[606],FDRE,SLICE_X9Y236,SLICEL.AFF,1'b0
u_dut/o0_r_reg[607],FDRE,SLICE_X16Y226,SLICEM.CFF,1'b0
u_dut/o0_r_reg[608],FDRE,SLICE_X17Y239,SLICEL.AFF,1'b0
u_dut/o0_r_reg[609],FDRE,SLICE_X14Y234,SLICEM.AFF,1'b0
u_dut/o0_r_reg[60],FDRE,SLICE_X11Y224,SLICEL.AFF,1'b0
u_dut/o0_r_reg[610],FDRE,SLICE_X15Y233,SLICEL.AFF,1'b0
u_dut/o0_r_reg[611],FDRE,SLICE_X16Y235,SLICEM.AFF,1'b0
u_dut/o0_r_reg[612],FDRE,SLICE_X14Y231,SLICEM.AFF,1'b0
u_dut/o0_r_reg[613],FDRE,SLICE_X18Y232,SLICEM.AFF,1'b0
u_dut/o0_r_reg[614],FDRE,SLICE_X18Y233,SLICEM.AFF,1'b0
u_dut/o0_r_reg[615],FDRE,SLICE_X19Y234,SLICEL.BFF,1'b0
u_dut/o0_r_reg[616],FDRE,SLICE_X10Y234,SLICEM.AFF,1'b0
u_dut/o0_r_reg[617],FDRE,SLICE_X11Y232,SLICEL.AFF,1'b0
u_dut/o0_r_reg[618],FDRE,SLICE_X15Y230,SLICEL.BFF,1'b0
u_dut/o0_r_reg[619],FDRE,SLICE_X12Y236,SLICEM.AFF,1'b0
u_dut/o0_r_reg[61],FDRE,SLICE_X10Y221,SLICEM.BFF,1'b0
u_dut/o0_r_reg[620],FDRE,SLICE_X9Y236,SLICEL.BFF,1'b0
u_dut/o0_r_reg[621],FDRE,SLICE_X14Y236,SLICEM.AFF,1'b0
u_dut/o0_r_reg[622],FDRE,SLICE_X10Y233,SLICEM.AFF,1'b0
u_dut/o0_r_reg[623],FDRE,SLICE_X12Y236,SLICEM.BFF,1'b0
u_dut/o0_r_reg[624],FDRE,SLICE_X20Y234,SLICEM.CFF,1'b0
u_dut/o0_r_reg[625],FDRE,SLICE_X19Y240,SLICEL.AFF,1'b0
u_dut/o0_r_reg[626],FDRE,SLICE_X14Y235,SLICEM.AFF,1'b0
u_dut/o0_r_reg[627],FDRE,SLICE_X18Y231,SLICEM.AFF,1'b0
u_dut/o0_r_reg[628],FDRE,SLICE_X14Y232,SLICEM.AFF,1'b0
u_dut/o0_r_reg[629],FDRE,SLICE_X14Y240,SLICEM.AFF,1'b0
u_dut/o0_r_reg[62],FDRE,SLICE_X16Y227,SLICEM.BFF,1'b0
u_dut/o0_r_reg[630],FDRE,SLICE_X14Y233,SLICEM.AFF,1'b0
u_dut/o0_r_reg[631],FDRE,SLICE_X14Y234,SLICEM.BFF,1'b0
u_dut/o0_r_reg[632],FDRE,SLICE_X24Y237,SLICEL.AFF,1'b0
u_dut/o0_r_reg[633],FDRE,SLICE_X14Y227,SLICEM.BFF,1'b0
u_dut/o0_r_reg[634],FDRE,SLICE_X15Y236,SLICEL.AFF,1'b0
u_dut/o0_r_reg[635],FDRE,SLICE_X17Y237,SLICEL.AFF,1'b0
u_dut/o0_r_reg[636],FDRE,SLICE_X11Y238,SLICEL.AFF,1'b0
u_dut/o0_r_reg[637],FDRE,SLICE_X12Y234,SLICEM.AFF,1'b0
u_dut/o0_r_reg[638],FDRE,SLICE_X19Y232,SLICEL.BFF,1'b0
u_dut/o0_r_reg[639],FDRE,SLICE_X12Y235,SLICEM.AFF,1'b0
u_dut/o0_r_reg[63],FDRE,SLICE_X12Y225,SLICEM.BFF,1'b0
u_dut/o0_r_reg[640],FDRE,SLICE_X13Y237,SLICEL.AFF,1'b0
u_dut/o0_r_reg[641],FDRE,SLICE_X11Y232,SLICEL.BFF,1'b0
u_dut/o0_r_reg[642],FDRE,SLICE_X18Y234,SLICEM.AFF,1'b0
u_dut/o0_r_reg[643],FDRE,SLICE_X18Y236,SLICEM.AFF,1'b0
u_dut/o0_r_reg[644],FDRE,SLICE_X21Y239,SLICEL.AFF,1'b0
u_dut/o0_r_reg[645],FDRE,SLICE_X18Y237,SLICEM.AFF,1'b0
u_dut/o0_r_reg[646],FDRE,SLICE_X21Y227,SLICEL.BFF,1'b0
u_dut/o0_r_reg[647],FDRE,SLICE_X20Y237,SLICEM.AFF,1'b0
u_dut/o0_r_reg[648],FDRE,SLICE_X18Y241,SLICEM.AFF,1'b0
u_dut/o0_r_reg[649],FDRE,SLICE_X13Y236,SLICEL.BFF,1'b0
u_dut/o0_r_reg[64],FDRE,SLICE_X13Y229,SLICEL.DFF,1'b0
u_dut/o0_r_reg[650],FDRE,SLICE_X18Y240,SLICEM.AFF,1'b0
u_dut/o0_r_reg[651],FDRE,SLICE_X16Y233,SLICEM.AFF,1'b0
u_dut/o0_r_reg[652],FDRE,SLICE_X27Y225,SLICEL.CFF,1'b0
u_dut/o0_r_reg[653],FDRE,SLICE_X17Y230,SLICEL.BFF,1'b0
u_dut/o0_r_reg[654],FDRE,SLICE_X15Y234,SLICEL.AFF,1'b0
u_dut/o0_r_reg[655],FDRE,SLICE_X20Y230,SLICEM.BFF,1'b0
u_dut/o0_r_reg[656],FDRE,SLICE_X15Y234,SLICEL.BFF,1'b0
u_dut/o0_r_reg[657],FDRE,SLICE_X17Y230,SLICEL.CFF,1'b0
u_dut/o0_r_reg[658],FDRE,SLICE_X16Y234,SLICEM.AFF,1'b0
u_dut/o0_r_reg[659],FDRE,SLICE_X19Y234,SLICEL.CFF,1'b0
u_dut/o0_r_reg[65],FDRE,SLICE_X17Y224,SLICEL.BFF,1'b0
u_dut/o0_r_reg[660],FDRE,SLICE_X21Y238,SLICEL.AFF,1'b0
u_dut/o0_r_reg[661],FDRE,SLICE_X18Y237,SLICEM.BFF,1'b0
u_dut/o0_r_reg[662],FDRE,SLICE_X24Y236,SLICEL.AFF,1'b0
u_dut/o0_r_reg[663],FDRE,SLICE_X18Y232,SLICEM.BFF,1'b0
u_dut/o0_r_reg[664],FDRE,SLICE_X22Y237,SLICEM.AFF,1'b0
u_dut/o0_r_reg[665],FDRE,SLICE_X15Y235,SLICEL.AFF,1'b0
u_dut/o0_r_reg[666],FDRE,SLICE_X19Y240,SLICEL.BFF,1'b0
u_dut/o0_r_reg[667],FDRE,SLICE_X16Y238,SLICEM.AFF,1'b0
u_dut/o0_r_reg[668],FDRE,SLICE_X16Y236,SLICEM.AFF,1'b0
u_dut/o0_r_reg[669],FDRE,SLICE_X13Y233,SLICEL.AFF,1'b0
u_dut/o0_r_reg[66],FDRE,SLICE_X23Y227,SLICEL.CFF,1'b0
u_dut/o0_r_reg[670],FDRE,SLICE_X18Y240,SLICEM.BFF,1'b0
u_dut/o0_r_reg[671],FDRE,SLICE_X18Y241,SLICEM.BFF,1'b0
u_dut/o0_r_reg[672],FDRE,SLICE_X6Y235,SLICEM.AFF,1'b0
u_dut/o0_r_reg[673],FDRE,SLICE_X14Y230,SLICEM.AFF,1'b0
u_dut/o0_r_reg[674],FDRE,SLICE_X20Y235,SLICEM.AFF,1'b0
u_dut/o0_r_reg[675],FDRE,SLICE_X8Y229,SLICEM.AFF,1'b0
u_dut/o0_r_reg[676],FDRE,SLICE_X10Y231,SLICEM.BFF,1'b0
u_dut/o0_r_reg[677],FDRE,SLICE_X22Y235,SLICEM.AFF,1'b0
u_dut/o0_r_reg[678],FDRE,SLICE_X7Y235,SLICEL.AFF,1'b0
u_dut/o0_r_reg[679],FDRE,SLICE_X16Y236,SLICEM.BFF,1'b0
u_dut/o0_r_reg[67],FDRE,SLICE_X14Y224,SLICEM.DFF,1'b0
u_dut/o0_r_reg[680],FDRE,SLICE_X12Y234,SLICEM.BFF,1'b0
u_dut/o0_r_reg[681],FDRE,SLICE_X6Y234,SLICEM.AFF,1'b0
u_dut/o0_r_reg[682],FDRE,SLICE_X6Y235,SLICEM.BFF,1'b0
u_dut/o0_r_reg[683],FDRE,SLICE_X22Y229,SLICEM.CFF,1'b0
u_dut/o0_r_reg[684],FDRE,SLICE_X17Y228,SLICEL.BFF,1'b0
u_dut/o0_r_reg[685],FDRE,SLICE_X21Y233,SLICEL.BFF,1'b0
u_dut/o0_r_reg[686],FDRE,SLICE_X10Y235,SLICEM.AFF,1'b0
u_dut/o0_r_reg[687],FDRE,SLICE_X24Y230,SLICEL.CFF,1'b0
u_dut/o0_r_reg[688],FDRE,SLICE_X6Y235,SLICEM.CFF,1'b0
u_dut/o0_r_reg[689],FDRE,SLICE_X12Y235,SLICEM.BFF,1'b0
u_dut/o0_r_reg[68],FDRE,SLICE_X15Y227,SLICEL.BFF,1'b0
u_dut/o0_r_reg[690],FDRE,SLICE_X11Y232,SLICEL.CFF,1'b0
u_dut/o0_r_reg[691],FDRE,SLICE_X12Y234,SLICEM.CFF,1'b0
u_dut/o0_r_reg[692],FDRE,SLICE_X16Y233,SLICEM.BFF,1'b0
u_dut/o0_r_reg[693],FDRE,SLICE_X14Y231,SLICEM.BFF,1'b0
u_dut/o0_r_reg[694],FDRE,SLICE_X12Y231,SLICEM.BFF,1'b0
u_dut/o0_r_reg[695],FDRE,SLICE_X16Y239,SLICEM.AFF,1'b0
u_dut/o0_r_reg[696],FDRE,SLICE_X20Y231,SLICEM.BFF,1'b0
u_dut/o0_r_reg[697],FDRE,SLICE_X19Y240,SLICEL.CFF,1'b0
u_dut/o0_r_reg[698],FDRE,SLICE_X20Y232,SLICEM.AFF,1'b0
u_dut/o0_r_reg[699],FDRE,SLICE_X14Y232,SLICEM.BFF,1'b0
u_dut/o0_r_reg[69],FDRE,SLICE_X16Y224,SLICEM.DFF,1'b0
u_dut/o0_r_reg[6],FDRE,SLICE_X9Y225,SLICEL.AFF,1'b0
u_dut/o0_r_reg[700],FDRE,SLICE_X15Y239,SLICEL.AFF,1'b0
u_dut/o0_r_reg[701],FDRE,SLICE_X15Y237,SLICEL.AFF,1'b0
u_dut/o0_r_reg[702],FDRE,SLICE_X13Y238,SLICEL.AFF,1'b0
u_dut/o0_r_reg[703],FDRE,SLICE_X18Y232,SLICEM.CFF,1'b0
u_dut/o0_r_reg[704],FDRE,SLICE_X13Y238,SLICEL.BFF,1'b0
u_dut/o0_r_reg[705],FDRE,SLICE_X12Y238,SLICEM.AFF,1'b0
u_dut/o0_r_reg[706],FDRE,SLICE_X12Y239,SLICEM.AFF,1'b0
u_dut/o0_r_reg[707],FDRE,SLICE_X12Y238,SLICEM.BFF,1'b0
u_dut/o0_r_reg[708],FDRE,SLICE_X16Y238,SLICEM.BFF,1'b0
u_dut/o0_r_reg[709],FDRE,SLICE_X13Y238,SLICEL.CFF,1'b0
u_dut/o0_r_reg[70],FDRE,SLICE_X12Y227,SLICEM.DFF,1'b0
u_dut/o0_r_reg[710],FDRE,SLICE_X13Y239,SLICEL.AFF,1'b0
u_dut/o0_r_reg[711],FDRE,SLICE_X13Y231,SLICEL.AFF,1'b0
u_dut/o0_r_reg[712],FDRE,SLICE_X13Y233,SLICEL.BFF,1'b0
u_dut/o0_r_reg[713],FDRE,SLICE_X19Y233,SLICEL.BFF,1'b0
u_dut/o0_r_reg[714],FDRE,SLICE_X20Y238,SLICEM.AFF,1'b0
u_dut/o0_r_reg[715],FDRE,SLICE_X16Y237,SLICEM.AFF,1'b0
u_dut/o0_r_reg[716],FDRE,SLICE_X16Y236,SLICEM.CFF,1'b0
u_dut/o0_r_reg[717],FDRE,SLICE_X22Y238,SLICEM.AFF,1'b0
u_dut/o0_r_reg[718],FDRE,SLICE_X18Y240,SLICEM.CFF,1'b0
u_dut/o0_r_reg[719],FDRE,SLICE_X16Y240,SLICEM.AFF,1'b0
u_dut/o0_r_reg[71],FDRE,SLICE_X20Y226,SLICEM.AFF,1'b0
u_dut/o0_r_reg[720],FDRE,SLICE_X17Y239,SLICEL.BFF,1'b0
u_dut/o0_r_reg[721],FDRE,SLICE_X24Y236,SLICEL.BFF,1'b0
u_dut/o0_r_reg[722],FDRE,SLICE_X24Y239,SLICEL.AFF,1'b0
u_dut/o0_r_reg[723],FDRE,SLICE_X19Y239,SLICEL.AFF,1'b0
u_dut/o0_r_reg[724],FDRE,SLICE_X19Y240,SLICEL.DFF,1'b0
u_dut/o0_r_reg[725],FDRE,SLICE_X15Y228,SLICEL.CFF,1'b0
u_dut/o0_r_reg[726],FDRE,SLICE_X13Y231,SLICEL.BFF,1'b0
u_dut/o0_r_reg[727],FDRE,SLICE_X20Y239,SLICEM.AFF,1'b0
u_dut/o0_r_reg[728],FDRE,SLICE_X20Y240,SLICEM.AFF,1'b0
u_dut/o0_r_reg[729],FDRE,SLICE_X20Y240,SLICEM.BFF,1'b0
u_dut/o0_r_reg[72],FDRE,SLICE_X12Y226,SLICEM.DFF,1'b0
u_dut/o0_r_reg[730],FDRE,SLICE_X15Y220,SLICEL.AFF,1'b0
u_dut/o0_r_reg[731],FDRE,SLICE_X16Y238,SLICEM.CFF,1'b0
u_dut/o0_r_reg[732],FDRE,SLICE_X9Y224,SLICEL.DFF,1'b0
u_dut/o0_r_reg[733],FDRE,SLICE_X12Y238,SLICEM.CFF,1'b0
u_dut/o0_r_reg[734],FDRE,SLICE_X20Y238,SLICEM.BFF,1'b0
u_dut/o0_r_reg[735],FDRE,SLICE_X9Y237,SLICEL.AFF,1'b0
u_dut/o0_r_reg[736],FDRE,SLICE_X9Y238,SLICEL.AFF,1'b0
u_dut/o0_r_reg[737],FDRE,SLICE_X18Y238,SLICEM.AFF,1'b0
u_dut/o0_r_reg[738],FDRE,SLICE_X25Y240,SLICEL.AFF,1'b0
u_dut/o0_r_reg[739],FDRE,SLICE_X16Y241,SLICEM.AFF,1'b0
u_dut/o0_r_reg[73],FDRE,SLICE_X12Y225,SLICEM.CFF,1'b0
u_dut/o0_r_reg[740],FDRE,SLICE_X20Y230,SLICEM.CFF,1'b0
u_dut/o0_r_reg[741],FDRE,SLICE_X10Y226,SLICEM.CFF,1'b0
u_dut/o0_r_reg[742],FDRE,SLICE_X15Y230,SLICEL.CFF,1'b0
u_dut/o0_r_reg[743],FDRE,SLICE_X12Y238,SLICEM.DFF,1'b0
u_dut/o0_r_reg[744],FDRE,SLICE_X17Y229,SLICEL.BFF,1'b0
u_dut/o0_r_reg[745],FDRE,SLICE_X18Y237,SLICEM.CFF,1'b0
u_dut/o0_r_reg[746],FDRE,SLICE_X24Y237,SLICEL.BFF,1'b0
u_dut/o0_r_reg[747],FDRE,SLICE_X13Y237,SLICEL.BFF,1'b0
u_dut/o0_r_reg[748],FDRE,SLICE_X13Y230,SLICEL.BFF,1'b0
u_dut/o0_r_reg[749],FDRE,SLICE_X8Y236,SLICEM.AFF,1'b0
u_dut/o0_r_reg[74],FDRE,SLICE_X18Y226,SLICEM.AFF,1'b0
u_dut/o0_r_reg[750],FDRE,SLICE_X8Y235,SLICEM.AFF,1'b0
u_dut/o0_r_reg[751],FDRE,SLICE_X20Y226,SLICEM.BFF,1'b0
u_dut/o0_r_reg[752],FDRE,SLICE_X18Y230,SLICEM.DFF,1'b0
u_dut/o0_r_reg[753],FDRE,SLICE_X20Y235,SLICEM.BFF,1'b0
u_dut/o0_r_reg[754],FDRE,SLICE_X24Y236,SLICEL.CFF,1'b0
u_dut/o0_r_reg[755],FDRE,SLICE_X9Y235,SLICEL.AFF,1'b0
u_dut/o0_r_reg[756],FDRE,SLICE_X10Y233,SLICEM.BFF,1'b0
u_dut/o0_r_reg[757],FDRE,SLICE_X12Y236,SLICEM.CFF,1'b0
u_dut/o0_r_reg[758],FDRE,SLICE_X12Y236,SLICEM.DFF,1'b0
u_dut/o0_r_reg[759],FDRE,SLICE_X10Y231,SLICEM.CFF,1'b0
u_dut/o0_r_reg[75],FDRE,SLICE_X7Y226,SLICEL.AFF,1'b0
u_dut/o0_r_reg[760],FDRE,SLICE_X9Y236,SLICEL.CFF,1'b0
u_dut/o0_r_reg[761],FDRE,SLICE_X14Y236,SLICEM.BFF,1'b0
u_dut/o0_r_reg[762],FDRE,SLICE_X8Y237,SLICEM.AFF,1'b0
u_dut/o0_r_reg[763],FDRE,SLICE_X12Y237,SLICEM.AFF,1'b0
u_dut/o0_r_reg[764],FDRE,SLICE_X10Y223,SLICEM.DFF,1'b0
u_dut/o0_r_reg[765],FDRE,SLICE_X20Y231,SLICEM.CFF,1'b0
u_dut/o0_r_reg[766],FDRE,SLICE_X19Y236,SLICEL.AFF,1'b0
u_dut/o0_r_reg[767],FDRE,SLICE_X14Y237,SLICEM.AFF,1'b0
u_dut/o0_r_reg[768],FDRE,SLICE_X21Y239,SLICEL.BFF,1'b0
u_dut/o0_r_reg[769],FDRE,SLICE_X18Y235,SLICEM.AFF,1'b0
u_dut/o0_r_reg[76],FDRE,SLICE_X7Y224,SLICEL.CFF,1'b0
u_dut/o0_r_reg[770],FDRE,SLICE_X26Y238,SLICEL.BFF,1'b0
u_dut/o0_r_reg[771],FDRE,SLICE_X20Y233,SLICEM.AFF,1'b0
u_dut/o0_r_reg[772],FDRE,SLICE_X20Y239,SLICEM.BFF,1'b0
u_dut/o0_r_reg[773],FDRE,SLICE_X18Y235,SLICEM.BFF,1'b0
u_dut/o0_r_reg[774],FDRE,SLICE_X7Y236,SLICEL.AFF,1'b0
u_dut/o0_r_reg[775],FDRE,SLICE_X10Y236,SLICEM.AFF,1'b0
u_dut/o0_r_reg[776],FDRE,SLICE_X10Y233,SLICEM.CFF,1'b0
u_dut/o0_r_reg[777],FDRE,SLICE_X20Y237,SLICEM.BFF,1'b0
u_dut/o0_r_reg[778],FDRE,SLICE_X24Y236,SLICEL.DFF,1'b0
u_dut/o0_r_reg[779],FDRE,SLICE_X14Y234,SLICEM.CFF,1'b0
u_dut/o0_r_reg[77],FDRE,SLICE_X19Y224,SLICEL.AFF,1'b0
u_dut/o0_r_reg[780],FDRE,SLICE_X26Y228,SLICEL.CFF,1'b0
u_dut/o0_r_reg[781],FDRE,SLICE_X18Y232,SLICEM.DFF,1'b0
u_dut/o0_r_reg[782],FDRE,SLICE_X14Y238,SLICEM.AFF,1'b0
u_dut/o0_r_reg[783],FDRE,SLICE_X22Y238,SLICEM.BFF,1'b0
u_dut/o0_r_reg[784],FDRE,SLICE_X14Y235,SLICEM.BFF,1'b0
u_dut/o0_r_reg[785],FDRE,SLICE_X20Y224,SLICEM.AFF,1'b0
u_dut/o0_r_reg[786],FDRE,SLICE_X17Y238,SLICEL.AFF,1'b0
u_dut/o0_r_reg[787],FDRE,SLICE_X11Y237,SLICEL.AFF,1'b0
u_dut/o0_r_reg[788],FDRE,SLICE_X8Y232,SLICEM.AFF,1'b0
u_dut/o0_r_reg[789],FDRE,SLICE_X10Y236,SLICEM.BFF,1'b0
u_dut/o0_r_reg[78],FDRE,SLICE_X17Y220,SLICEL.BFF,1'b0
u_dut/o0_r_reg[790],FDRE,SLICE_X10Y236,SLICEM.CFF,1'b0
u_dut/o0_r_reg[791],FDRE,SLICE_X13Y237,SLICEL.CFF,1'b0
u_dut/o0_r_reg[792],FDRE,SLICE_X9Y236,SLICEL.DFF,1'b0
u_dut/o0_r_reg[793],FDRE,SLICE_X22Y237,SLICEM.BFF,1'b0
u_dut/o0_r_reg[794],FDRE,SLICE_X12Y237,SLICEM.BFF,1'b0
u_dut/o0_r_reg[795],FDRE,SLICE_X12Y231,SLICEM.CFF,1'b0
u_dut/o0_r_reg[796],FDRE,SLICE_X10Y233,SLICEM.DFF,1'b0
u_dut/o0_r_reg[797],FDRE,SLICE_X20Y239,SLICEM.CFF,1'b0
u_dut/o0_r_reg[798],FDRE,SLICE_X18Y240,SLICEM.DFF,1'b0
u_dut/o0_r_reg[799],FDRE,SLICE_X21Y241,SLICEL.AFF,1'b0
u_dut/o0_r_reg[79],FDRE,SLICE_X17Y230,SLICEL.DFF,1'b0
u_dut/o0_r_reg[7],FDRE,SLICE_X7Y224,SLICEL.BFF,1'b0
u_dut/o0_r_reg[800],FDRE,SLICE_X17Y236,SLICEL.AFF,1'b0
u_dut/o0_r_reg[801],FDRE,SLICE_X22Y236,SLICEM.AFF,1'b0
u_dut/o0_r_reg[802],FDRE,SLICE_X17Y234,SLICEL.AFF,1'b0
u_dut/o0_r_reg[803],FDRE,SLICE_X18Y233,SLICEM.BFF,1'b0
u_dut/o0_r_reg[804],FDRE,SLICE_X21Y238,SLICEL.BFF,1'b0
u_dut/o0_r_reg[805],FDRE,SLICE_X18Y236,SLICEM.BFF,1'b0
u_dut/o0_r_reg[806],FDRE,SLICE_X10Y235,SLICEM.BFF,1'b0
u_dut/o0_r_reg[807],FDRE,SLICE_X12Y232,SLICEM.AFF,1'b0
u_dut/o0_r_reg[808],FDRE,SLICE_X11Y235,SLICEL.AFF,1'b0
u_dut/o0_r_reg[809],FDRE,SLICE_X18Y231,SLICEM.BFF,1'b0
u_dut/o0_r_reg[80],FDRE,SLICE_X18Y227,SLICEM.AFF,1'b0
u_dut/o0_r_reg[810],FDRE,SLICE_X19Y234,SLICEL.DFF,1'b0
u_dut/o0_r_reg[811],FDRE,SLICE_X12Y233,SLICEM.AFF,1'b0
u_dut/o0_r_reg[812],FDRE,SLICE_X10Y236,SLICEM.DFF,1'b0
u_dut/o0_r_reg[813],FDRE,SLICE_X13Y236,SLICEL.CFF,1'b0
u_dut/o0_r_reg[814],FDRE,SLICE_X10Y235,SLICEM.CFF,1'b0
u_dut/o0_r_reg[815],FDRE,SLICE_X10Y235,SLICEM.DFF,1'b0
u_dut/o0_r_reg[816],FDRE,SLICE_X10Y237,SLICEM.AFF,1'b0
u_dut/o0_r_reg[817],FDRE,SLICE_X24Y225,SLICEL.BFF,1'b0
u_dut/o0_r_reg[818],FDRE,SLICE_X12Y237,SLICEM.CFF,1'b0
u_dut/o0_r_reg[819],FDRE,SLICE_X16Y238,SLICEM.DFF,1'b0
u_dut/o0_r_reg[81],FDRE,SLICE_X18Y227,SLICEM.BFF,1'b0
u_dut/o0_r_reg[820],FDRE,SLICE_X18Y233,SLICEM.CFF,1'b0
u_dut/o0_r_reg[821],FDRE,SLICE_X17Y239,SLICEL.CFF,1'b0
u_dut/o0_r_reg[822],FDRE,SLICE_X12Y233,SLICEM.BFF,1'b0
u_dut/o0_r_reg[823],FDRE,SLICE_X17Y232,SLICEL.AFF,1'b0
u_dut/o0_r_reg[824],FDRE,SLICE_X17Y235,SLICEL.AFF,1'b0
u_dut/o0_r_reg[825],FDRE,SLICE_X19Y232,SLICEL.CFF,1'b0
u_dut/o0_r_reg[826],FDRE,SLICE_X24Y225,SLICEL.CFF,1'b0
u_dut/o0_r_reg[827],FDRE,SLICE_X17Y237,SLICEL.BFF,1'b0
u_dut/o0_r_reg[828],FDRE,SLICE_X22Y234,SLICEM.CFF,1'b0
u_dut/o0_r_reg[829],FDRE,SLICE_X19Y237,SLICEL.AFF,1'b0
u_dut/o0_r_reg[82],FDRE,SLICE_X26Y227,SLICEL.DFF,1'b0
u_dut/o0_r_reg[830],FDRE,SLICE_X15Y234,SLICEL.CFF,1'b0
u_dut/o0_r_reg[831],FDRE,SLICE_X22Y235,SLICEM.BFF,1'b0
u_dut/o0_r_reg[832],FDRE,SLICE_X22Y235,SLICEM.CFF,1'b0
u_dut/o0_r_reg[833],FDRE,SLICE_X22Y235,SLICEM.DFF,1'b0
u_dut/o0_r_reg[834],FDRE,SLICE_X20Y235,SLICEM.CFF,1'b0
u_dut/o0_r_reg[835],FDRE,SLICE_X16Y233,SLICEM.CFF,1'b0
u_dut/o0_r_reg[836],FDRE,SLICE_X28Y226,SLICEL.BFF,1'b0
u_dut/o0_r_reg[837],FDRE,SLICE_X18Y221,SLICEM.CFF,1'b0
u_dut/o0_r_reg[838],FDRE,SLICE_X19Y228,SLICEL.BFF,1'b0
u_dut/o0_r_reg[839],FDRE,SLICE_X17Y229,SLICEL.CFF,1'b0
u_dut/o0_r_reg[83],FDRE,SLICE_X19Y227,SLICEL.BFF,1'b0
u_dut/o0_r_reg[840],FDRE,SLICE_X24Y227,SLICEL.BFF,1'b0
u_dut/o0_r_reg[841],FDRE,SLICE_X20Y233,SLICEM.BFF,1'b0
u_dut/o0_r_reg[842],FDRE,SLICE_X15Y235,SLICEL.BFF,1'b0
u_dut/o0_r_reg[843],FDRE,SLICE_X21Y236,SLICEL.AFF,1'b0
u_dut/o0_r_reg[844],FDRE,SLICE_X22Y229,SLICEM.DFF,1'b0
u_dut/o0_r_reg[845],FDRE,SLICE_X14Y231,SLICEM.CFF,1'b0
u_dut/o0_r_reg[846],FDRE,SLICE_X12Y233,SLICEM.CFF,1'b0
u_dut/o0_r_reg[847],FDRE,SLICE_X18Y236,SLICEM.CFF,1'b0
u_dut/o0_r_reg[848],FDRE,SLICE_X14Y239,SLICEM.AFF,1'b0
u_dut/o0_r_reg[849],FDRE,SLICE_X18Y235,SLICEM.CFF,1'b0
u_dut/o0_r_reg[84],FDRE,SLICE_X14Y226,SLICEM.CFF,1'b0
u_dut/o0_r_reg[850],FDRE,SLICE_X20Y237,SLICEM.CFF,1'b0
u_dut/o0_r_reg[851],FDRE,SLICE_X15Y237,SLICEL.BFF,1'b0
u_dut/o0_r_reg[852],FDRE,SLICE_X14Y234,SLICEM.DFF,1'b0
u_dut/o0_r_reg[853],FDRE,SLICE_X20Y238,SLICEM.CFF,1'b0
u_dut/o0_r_reg[854],FDRE,SLICE_X18Y239,SLICEM.AFF,1'b0
u_dut/o0_r_reg[855],FDRE,SLICE_X19Y236,SLICEL.BFF,1'b0
u_dut/o0_r_reg[856],FDRE,SLICE_X16Y237,SLICEM.BFF,1'b0
u_dut/o0_r_reg[857],FDRE,SLICE_X16Y237,SLICEM.CFF,1'b0
u_dut/o0_r_reg[858],FDRE,SLICE_X21Y236,SLICEL.BFF,1'b0
u_dut/o0_r_reg[859],FDRE,SLICE_X20Y240,SLICEM.CFF,1'b0
u_dut/o0_r_reg[85],FDRE,SLICE_X8Y223,SLICEM.AFF,1'b0
u_dut/o0_r_reg[860],FDRE,SLICE_X16Y232,SLICEM.AFF,1'b0
u_dut/o0_r_reg[861],FDRE,SLICE_X19Y233,SLICEL.CFF,1'b0
u_dut/o0_r_reg[862],FDRE,SLICE_X15Y233,SLICEL.BFF,1'b0
u_dut/o0_r_reg[863],FDRE,SLICE_X15Y235,SLICEL.CFF,1'b0
u_dut/o0_r_reg[864],FDRE,SLICE_X17Y232,SLICEL.BFF,1'b0
u_dut/o0_r_reg[865],FDRE,SLICE_X15Y232,SLICEL.AFF,1'b0
u_dut/o0_r_reg[866],FDRE,SLICE_X12Y237,SLICEM.DFF,1'b0
u_dut/o0_r_reg[867],FDRE,SLICE_X12Y233,SLICEM.DFF,1'b0
u_dut/o0_r_reg[868],FDRE,SLICE_X13Y231,SLICEL.CFF,1'b0
u_dut/o0_r_reg[869],FDRE,SLICE_X18Y231,SLICEM.CFF,1'b0
u_dut/o0_r_reg[86],FDRE,SLICE_X11Y228,SLICEL.DFF,1'b0
u_dut/o0_r_reg[870],FDRE,SLICE_X12Y235,SLICEM.CFF,1'b0
u_dut/o0_r_reg[871],FDRE,SLICE_X17Y239,SLICEL.DFF,1'b0
u_dut/o0_r_reg[872],FDRE,SLICE_X20Y230,SLICEM.DFF,1'b0
u_dut/o0_r_reg[873],FDRE,SLICE_X22Y228,SLICEM.CFF,1'b0
u_dut/o0_r_reg[874],FDRE,SLICE_X15Y237,SLICEL.CFF,1'b0
u_dut/o0_r_reg[875],FDRE,SLICE_X17Y228,SLICEL.CFF,1'b0
u_dut/o0_r_reg[876],FDRE,SLICE_X13Y231,SLICEL.DFF,1'b0
u_dut/o0_r_reg[877],FDRE,SLICE_X12Y231,SLICEM.DFF,1'b0
u_dut/o0_r_reg[878],FDRE,SLICE_X22Y240,SLICEM.AFF,1'b0
u_dut/o0_r_reg[879],FDRE,SLICE_X24Y239,SLICEL.BFF,1'b0
u_dut/o0_r_reg[87],FDRE,SLICE_X6Y226,SLICEM.AFF,1'b0
u_dut/o0_r_reg[880],FDRE,SLICE_X25Y234,SLICEL.CFF,1'b0
u_dut/o0_r_reg[881],FDRE,SLICE_X28Y220,SLICEL.DFF,1'b0
u_dut/o0_r_reg[882],FDRE,SLICE_X22Y236,SLICEM.BFF,1'b0
u_dut/o0_r_reg[883],FDRE,SLICE_X22Y237,SLICEM.CFF,1'b0
u_dut/o0_r_reg[884],FDRE,SLICE_X11Y232,SLICEL.DFF,1'b0
u_dut/o0_r_reg[885],FDRE,SLICE_X13Y236,SLICEL.DFF,1'b0
u_dut/o0_r_reg[886],FDRE,SLICE_X11Y234,SLICEL.AFF,1'b0
u_dut/o0_r_reg[887],FDRE,SLICE_X25Y225,SLICEL.CFF,1'b0
u_dut/o0_r_reg[888],FDRE,SLICE_X18Y234,SLICEM.BFF,1'b0
u_dut/o0_r_reg[889],FDRE,SLICE_X11Y236,SLICEL.AFF,1'b0
u_dut/o0_r_reg[88],FDRE,SLICE_X10Y227,SLICEM.DFF,1'b0
u_dut/o0_r_reg[890],FDRE,SLICE_X22Y233,SLICEM.BFF,1'b0
u_dut/o0_r_reg[891],FDRE,SLICE_X20Y236,SLICEM.AFF,1'b0
u_dut/o0_r_reg[892],FDRE,SLICE_X20Y232,SLICEM.BFF,1'b0
u_dut/o0_r_reg[893],FDRE,SLICE_X21Y237,SLICEL.AFF,1'b0
u_dut/o0_r_reg[894],FDRE,SLICE_X23Y238,SLICEL.AFF,1'b0
u_dut/o0_r_reg[895],FDRE,SLICE_X24Y237,SLICEL.CFF,1'b0
u_dut/o0_r_reg[896],FDRE,SLICE_X25Y240,SLICEL.BFF,1'b0
u_dut/o0_r_reg[897],FDRE,SLICE_X21Y238,SLICEL.CFF,1'b0
u_dut/o0_r_reg[898],FDRE,SLICE_X23Y239,SLICEL.AFF,1'b0
u_dut/o0_r_reg[899],FDRE,SLICE_X22Y233,SLICEM.CFF,1'b0
u_dut/o0_r_reg[89],FDRE,SLICE_X8Y224,SLICEM.DFF,1'b0
u_dut/o0_r_reg[8],FDRE,SLICE_X12Y221,SLICEM.AFF,1'b0
u_dut/o0_r_reg[900],FDRE,SLICE_X22Y226,SLICEM.AFF,1'b0
u_dut/o0_r_reg[901],FDRE,SLICE_X22Y240,SLICEM.BFF,1'b0
u_dut/o0_r_reg[902],FDRE,SLICE_X24Y232,SLICEL.BFF,1'b0
u_dut/o0_r_reg[903],FDRE,SLICE_X20Y233,SLICEM.CFF,1'b0
u_dut/o0_r_reg[904],FDRE,SLICE_X19Y236,SLICEL.CFF,1'b0
u_dut/o0_r_reg[905],FDRE,SLICE_X22Y236,SLICEM.CFF,1'b0
u_dut/o0_r_reg[906],FDRE,SLICE_X20Y232,SLICEM.CFF,1'b0
u_dut/o0_r_reg[907],FDRE,SLICE_X19Y229,SLICEL.AFF,1'b0
u_dut/o0_r_reg[908],FDRE,SLICE_X20Y235,SLICEM.DFF,1'b0
u_dut/o0_r_reg[909],FDRE,SLICE_X22Y237,SLICEM.DFF,1'b0
u_dut/o0_r_reg[90],FDRE,SLICE_X22Y223,SLICEM.CFF,1'b0
u_dut/o0_r_reg[910],FDRE,SLICE_X20Y231,SLICEM.DFF,1'b0
u_dut/o0_r_reg[911],FDRE,SLICE_X26Y238,SLICEL.CFF,1'b0
u_dut/o0_r_reg[912],FDRE,SLICE_X20Y237,SLICEM.DFF,1'b0
u_dut/o0_r_reg[913],FDRE,SLICE_X20Y228,SLICEM.BFF,1'b0
u_dut/o0_r_reg[914],FDRE,SLICE_X21Y239,SLICEL.CFF,1'b0
u_dut/o0_r_reg[915],FDRE,SLICE_X21Y233,SLICEL.CFF,1'b0
u_dut/o0_r_reg[916],FDRE,SLICE_X21Y239,SLICEL.DFF,1'b0
u_dut/o0_r_reg[917],FDRE,SLICE_X21Y242,SLICEL.AFF,1'b0
u_dut/o0_r_reg[918],FDRE,SLICE_X21Y241,SLICEL.BFF,1'b0
u_dut/o0_r_reg[919],FDRE,SLICE_X24Y237,SLICEL.DFF,1'b0
u_dut/o0_r_reg[91],FDRE,SLICE_X24Y227,SLICEL.CFF,1'b0
u_dut/o0_r_reg[920],FDRE,SLICE_X15Y237,SLICEL.DFF,1'b0
u_dut/o0_r_reg[921],FDRE,SLICE_X14Y232,SLICEM.CFF,1'b0
u_dut/o0_r_reg[922],FDRE,SLICE_X16Y229,SLICEM.AFF,1'b0
u_dut/o0_r_reg[923],FDRE,SLICE_X16Y232,SLICEM.BFF,1'b0
u_dut/o0_r_reg[924],FDRE,SLICE_X16Y229,SLICEM.BFF,1'b0
u_dut/o0_r_reg[925],FDRE,SLICE_X17Y224,SLICEL.CFF,1'b0
u_dut/o0_r_reg[926],FDRE,SLICE_X22Y236,SLICEM.DFF,1'b0
u_dut/o0_r_reg[927],FDRE,SLICE_X19Y238,SLICEL.BFF,1'b0
u_dut/o0_r_reg[928],FDRE,SLICE_X19Y237,SLICEL.BFF,1'b0
u_dut/o0_r_reg[929],FDRE,SLICE_X19Y236,SLICEL.DFF,1'b0
u_dut/o0_r_reg[92],FDRE,SLICE_X23Y227,SLICEL.DFF,1'b0
u_dut/o0_r_reg[930],FDRE,SLICE_X19Y237,SLICEL.CFF,1'b0
u_dut/o0_r_reg[931],FDRE,SLICE_X22Y238,SLICEM.CFF,1'b0
u_dut/o0_r_reg[932],FDRE,SLICE_X19Y237,SLICEL.DFF,1'b0
u_dut/o0_r_reg[933],FDRE,SLICE_X24Y232,SLICEL.CFF,1'b0
u_dut/o0_r_reg[934],FDRE,SLICE_X21Y241,SLICEL.CFF,1'b0
u_dut/o0_r_reg[935],FDRE,SLICE_X21Y237,SLICEL.BFF,1'b0
u_dut/o0_r_reg[936],FDRE,SLICE_X21Y231,SLICEL.BFF,1'b0
u_dut/o0_r_reg[937],FDRE,SLICE_X19Y238,SLICEL.CFF,1'b0
u_dut/o0_r_reg[938],FDRE,SLICE_X21Y237,SLICEL.CFF,1'b0
u_dut/o0_r_reg[939],FDRE,SLICE_X17Y237,SLICEL.CFF,1'b0
u_dut/o0_r_reg[93],FDRE,SLICE_X22Y224,SLICEM.BFF,1'b0
u_dut/o0_r_reg[940],FDRE,SLICE_X20Y238,SLICEM.DFF,1'b0
u_dut/o0_r_reg[941],FDRE,SLICE_X16Y237,SLICEM.DFF,1'b0
u_dut/o0_r_reg[942],FDRE,SLICE_X16Y229,SLICEM.CFF,1'b0
u_dut/o0_r_reg[943],FDRE,SLICE_X16Y236,SLICEM.DFF,1'b0
u_dut/o0_r_reg[944],FDRE,SLICE_X14Y232,SLICEM.DFF,1'b0
u_dut/o0_r_reg[945],FDRE,SLICE_X18Y231,SLICEM.DFF,1'b0
u_dut/o0_r_reg[946],FDRE,SLICE_X24Y234,SLICEL.BFF,1'b0
u_dut/o0_r_reg[947],FDRE,SLICE_X14Y235,SLICEM.CFF,1'b0
u_dut/o0_r_reg[948],FDRE,SLICE_X24Y239,SLICEL.CFF,1'b0
u_dut/o0_r_reg[949],FDRE,SLICE_X20Y239,SLICEM.DFF,1'b0
u_dut/o0_r_reg[94],FDRE,SLICE_X22Y224,SLICEM.CFF,1'b0
u_dut/o0_r_reg[950],FDRE,SLICE_X16Y232,SLICEM.CFF,1'b0
u_dut/o0_r_reg[951],FDRE,SLICE_X17Y232,SLICEL.CFF,1'b0
u_dut/o0_r_reg[952],FDRE,SLICE_X20Y228,SLICEM.CFF,1'b0
u_dut/o0_r_reg[953],FDRE,SLICE_X16Y232,SLICEM.DFF,1'b0
u_dut/o0_r_reg[954],FDRE,SLICE_X20Y232,SLICEM.DFF,1'b0
u_dut/o0_r_reg[955],FDRE,SLICE_X22Y233,SLICEM.DFF,1'b0
u_dut/o0_r_reg[956],FDRE,SLICE_X17Y237,SLICEL.DFF,1'b0
u_dut/o0_r_reg[957],FDRE,SLICE_X15Y234,SLICEL.DFF,1'b0
u_dut/o0_r_reg[958],FDRE,SLICE_X18Y237,SLICEM.DFF,1'b0
u_dut/o0_r_reg[959],FDRE,SLICE_X15Y238,SLICEL.AFF,1'b0
u_dut/o0_r_reg[95],FDRE,SLICE_X28Y225,SLICEL.CFF,1'b0
u_dut/o0_r_reg[960],FDRE,SLICE_X21Y238,SLICEL.DFF,1'b0
u_dut/o0_r_reg[961],FDRE,SLICE_X14Y235,SLICEM.DFF,1'b0
u_dut/o0_r_reg[962],FDRE,SLICE_X19Y233,SLICEL.DFF,1'b0
u_dut/o0_r_reg[963],FDRE,SLICE_X21Y231,SLICEL.CFF,1'b0
u_dut/o0_r_reg[964],FDRE,SLICE_X21Y231,SLICEL.DFF,1'b0
u_dut/o0_r_reg[965],FDRE,SLICE_X20Y233,SLICEM.DFF,1'b0
u_dut/o0_r_reg[966],FDRE,SLICE_X17Y233,SLICEL.AFF,1'b0
u_dut/o0_r_reg[967],FDRE,SLICE_X20Y222,SLICEM.DFF,1'b0
u_dut/o0_r_reg[968],FDRE,SLICE_X17Y240,SLICEL.AFF,1'b0
u_dut/o0_r_reg[969],FDRE,SLICE_X17Y232,SLICEL.DFF,1'b0
u_dut/o0_r_reg[96],FDRE,SLICE_X14Y226,SLICEM.DFF,1'b0
u_dut/o0_r_reg[970],FDRE,SLICE_X21Y237,SLICEL.DFF,1'b0
u_dut/o0_r_reg[971],FDRE,SLICE_X18Y236,SLICEM.DFF,1'b0
u_dut/o0_r_reg[972],FDRE,SLICE_X22Y234,SLICEM.DFF,1'b0
u_dut/o0_r_reg[973],FDRE,SLICE_X24Y239,SLICEL.DFF,1'b0
u_dut/o0_r_reg[974],FDRE,SLICE_X14Y236,SLICEM.CFF,1'b0
u_dut/o0_r_reg[975],FDRE,SLICE_X14Y229,SLICEM.CFF,1'b0
u_dut/o0_r_reg[976],FDRE,SLICE_X15Y240,SLICEL.AFF,1'b0
u_dut/o0_r_reg[977],FDRE,SLICE_X14Y236,SLICEM.DFF,1'b0
u_dut/o0_r_reg[978],FDRE,SLICE_X14Y231,SLICEM.DFF,1'b0
u_dut/o0_r_reg[979],FDRE,SLICE_X22Y238,SLICEM.DFF,1'b0
u_dut/o0_r_reg[97],FDRE,SLICE_X22Y227,SLICEM.CFF,1'b0
u_dut/o0_r_reg[980],FDRE,SLICE_X19Y238,SLICEL.DFF,1'b0
u_dut/o0_r_reg[981],FDRE,SLICE_X13Y238,SLICEL.DFF,1'b0
u_dut/o0_r_reg[982],FDRE,SLICE_X13Y235,SLICEL.AFF,1'b0
u_dut/o0_r_reg[983],FDRE,SLICE_X20Y226,SLICEM.CFF,1'b0
u_dut/o0_r_reg[984],FDRE,SLICE_X13Y237,SLICEL.DFF,1'b0
u_dut/o0_r_reg[985],FDRE,SLICE_X13Y233,SLICEL.CFF,1'b0
u_dut/o0_r_reg[986],FDRE,SLICE_X13Y233,SLICEL.DFF,1'b0
u_dut/o0_r_reg[987],FDRE,SLICE_X18Y235,SLICEM.DFF,1'b0
u_dut/o0_r_reg[988],FDRE,SLICE_X12Y234,SLICEM.DFF,1'b0
u_dut/o0_r_reg[989],FDRE,SLICE_X12Y235,SLICEM.DFF,1'b0
u_dut/o0_r_reg[98],FDRE,SLICE_X9Y223,SLICEL.DFF,1'b0
u_dut/o0_r_reg[990],FDRE,SLICE_X23Y229,SLICEL.AFF,1'b0
u_dut/o0_r_reg[991],FDRE,SLICE_X17Y228,SLICEL.DFF,1'b0
u_dut/o0_r_reg[992],FDRE,SLICE_X17Y229,SLICEL.DFF,1'b0
u_dut/o0_r_reg[993],FDRE,SLICE_X18Y234,SLICEM.CFF,1'b0
u_dut/o0_r_reg[994],FDRE,SLICE_X17Y226,SLICEL.AFF,1'b0
u_dut/o0_r_reg[995],FDRE,SLICE_X18Y233,SLICEM.DFF,1'b0
u_dut/o0_r_reg[996],FDRE,SLICE_X18Y234,SLICEM.DFF,1'b0
u_dut/o0_r_reg[997],FDRE,SLICE_X23Y229,SLICEL.BFF,1'b0
u_dut/o0_r_reg[998],FDRE,SLICE_X12Y240,SLICEM.AFF,1'b0
u_dut/o0_r_reg[999],FDRE,SLICE_X15Y235,SLICEL.DFF,1'b0
u_dut/o0_r_reg[99],FDRE,SLICE_X20Y226,SLICEM.DFF,1'b0
u_dut/o0_r_reg[9],FDRE,SLICE_X10Y224,SLICEM.CFF,1'b0
u_dut/pc0_a0[0]_i_1,LUT6,SLICE_X2Y223,SLICEM.A6LUT,64'h6996966996696996
u_dut/pc0_a0[1]_i_1,LUT6,SLICE_X3Y223,SLICEL.A6LUT,64'h8117177E177E7EE8
u_dut/pc0_a0[2]_i_1,LUT6,SLICE_X2Y223,SLICEM.B6LUT,64'hFEE8E880E8808000
u_dut/pc0_a0_reg[0],FDRE,SLICE_X2Y223,SLICEM.AFF,1'b0
u_dut/pc0_a0_reg[1],FDRE,SLICE_X3Y223,SLICEL.AFF,1'b0
u_dut/pc0_a0_reg[2],FDRE,SLICE_X2Y223,SLICEM.BFF,1'b0
u_dut/pc0_a10[0]_i_1,LUT6,SLICE_X11Y226,SLICEL.A6LUT,64'h6996966996696996
u_dut/pc0_a10[1]_i_1,LUT6,SLICE_X11Y226,SLICEL.B6LUT,64'h8117177E177E7EE8
u_dut/pc0_a10[2]_i_1,LUT6,SLICE_X11Y226,SLICEL.C6LUT,64'hFEE8E880E8808000
u_dut/pc0_a10_reg[0],FDRE,SLICE_X11Y226,SLICEL.AFF,1'b0
u_dut/pc0_a10_reg[1],FDRE,SLICE_X11Y226,SLICEL.BFF,1'b0
u_dut/pc0_a10_reg[2],FDRE,SLICE_X11Y226,SLICEL.CFF,1'b0
u_dut/pc0_a11[0]_i_1,LUT6,SLICE_X15Y226,SLICEL.B6LUT,64'h6996966996696996
u_dut/pc0_a11[1]_i_1,LUT6,SLICE_X15Y226,SLICEL.C6LUT,64'h8117177E177E7EE8
u_dut/pc0_a11[2]_i_1,LUT6,SLICE_X15Y226,SLICEL.D6LUT,64'hFEE8E880E8808000
u_dut/pc0_a11_reg[0],FDRE,SLICE_X15Y226,SLICEL.BFF,1'b0
u_dut/pc0_a11_reg[1],FDRE,SLICE_X15Y226,SLICEL.CFF,1'b0
u_dut/pc0_a11_reg[2],FDRE,SLICE_X15Y226,SLICEL.DFF,1'b0
u_dut/pc0_a12[0]_i_1,LUT6,SLICE_X7Y226,SLICEL.B6LUT,64'h6996966996696996
u_dut/pc0_a12[1]_i_1,LUT6,SLICE_X7Y226,SLICEL.C6LUT,64'h8117177E177E7EE8
u_dut/pc0_a12[2]_i_1,LUT6,SLICE_X7Y226,SLICEL.D6LUT,64'hFEE8E880E8808000
u_dut/pc0_a12_reg[0],FDRE,SLICE_X7Y226,SLICEL.BFF,1'b0
u_dut/pc0_a12_reg[1],FDRE,SLICE_X7Y226,SLICEL.CFF,1'b0
u_dut/pc0_a12_reg[2],FDRE,SLICE_X7Y226,SLICEL.DFF,1'b0
u_dut/pc0_a13[0]_i_1,LUT6,SLICE_X17Y227,SLICEL.B6LUT,64'h6996966996696996
u_dut/pc0_a13[1]_i_1,LUT6,SLICE_X17Y227,SLICEL.C6LUT,64'h8117177E177E7EE8
u_dut/pc0_a13[2]_i_1,LUT6,SLICE_X17Y227,SLICEL.D6LUT,64'hFEE8E880E8808000
u_dut/pc0_a13_reg[0],FDRE,SLICE_X17Y227,SLICEL.BFF,1'b0
u_dut/pc0_a13_reg[1],FDRE,SLICE_X17Y227,SLICEL.CFF,1'b0
u_dut/pc0_a13_reg[2],FDRE,SLICE_X17Y227,SLICEL.DFF,1'b0
u_dut/pc0_a14[0]_i_1,LUT6,SLICE_X6Y226,SLICEM.B6LUT,64'h6996966996696996
u_dut/pc0_a14[1]_i_1,LUT6,SLICE_X6Y226,SLICEM.C6LUT,64'h8117177E177E7EE8
u_dut/pc0_a14[2]_i_1,LUT6,SLICE_X6Y226,SLICEM.D6LUT,64'hFEE8E880E8808000
u_dut/pc0_a14_reg[0],FDRE,SLICE_X6Y226,SLICEM.BFF,1'b0
u_dut/pc0_a14_reg[1],FDRE,SLICE_X6Y226,SLICEM.CFF,1'b0
u_dut/pc0_a14_reg[2],FDRE,SLICE_X6Y226,SLICEM.DFF,1'b0
u_dut/pc0_a15[0]_i_1,LUT6,SLICE_X22Y225,SLICEM.B6LUT,64'h6996966996696996
u_dut/pc0_a15[1]_i_1,LUT6,SLICE_X22Y225,SLICEM.C6LUT,64'h8117177E177E7EE8
u_dut/pc0_a15[2]_i_1,LUT6,SLICE_X22Y225,SLICEM.D6LUT,64'hFEE8E880E8808000
u_dut/pc0_a15_reg[0],FDRE,SLICE_X22Y225,SLICEM.BFF,1'b0
u_dut/pc0_a15_reg[1],FDRE,SLICE_X22Y225,SLICEM.CFF,1'b0
u_dut/pc0_a15_reg[2],FDRE,SLICE_X22Y225,SLICEM.DFF,1'b0
u_dut/pc0_a16[0]_i_1,LUT6,SLICE_X8Y227,SLICEM.B6LUT,64'h6996966996696996
u_dut/pc0_a16[1]_i_1,LUT6,SLICE_X8Y227,SLICEM.C6LUT,64'h8117177E177E7EE8
u_dut/pc0_a16[2]_i_1,LUT6,SLICE_X8Y227,SLICEM.D6LUT,64'hFEE8E880E8808000
u_dut/pc0_a16_reg[0],FDRE,SLICE_X8Y227,SLICEM.BFF,1'b0
u_dut/pc0_a16_reg[1],FDRE,SLICE_X8Y227,SLICEM.CFF,1'b0
u_dut/pc0_a16_reg[2],FDRE,SLICE_X8Y227,SLICEM.DFF,1'b0
u_dut/pc0_a17[0]_i_1,LUT6,SLICE_X7Y228,SLICEL.B6LUT,64'h6996966996696996
u_dut/pc0_a17[1]_i_1,LUT6,SLICE_X7Y228,SLICEL.C6LUT,64'h8117177E177E7EE8
u_dut/pc0_a17[2]_i_1,LUT6,SLICE_X7Y228,SLICEL.D6LUT,64'hFEE8E880E8808000
u_dut/pc0_a17_reg[0],FDRE,SLICE_X7Y228,SLICEL.BFF,1'b0
u_dut/pc0_a17_reg[1],FDRE,SLICE_X7Y228,SLICEL.CFF,1'b0
u_dut/pc0_a17_reg[2],FDRE,SLICE_X7Y228,SLICEL.DFF,1'b0
u_dut/pc0_a18[0]_i_1,LUT6,SLICE_X9Y227,SLICEL.A6LUT,64'h6996966996696996
u_dut/pc0_a18[1]_i_1,LUT6,SLICE_X9Y227,SLICEL.B6LUT,64'h8117177E177E7EE8
u_dut/pc0_a18[2]_i_1,LUT6,SLICE_X9Y227,SLICEL.C6LUT,64'hFEE8E880E8808000
u_dut/pc0_a18_reg[0],FDRE,SLICE_X9Y227,SLICEL.AFF,1'b0
u_dut/pc0_a18_reg[1],FDRE,SLICE_X9Y227,SLICEL.BFF,1'b0
u_dut/pc0_a18_reg[2],FDRE,SLICE_X9Y227,SLICEL.CFF,1'b0
u_dut/pc0_a19[0]_i_1,LUT6,SLICE_X8Y226,SLICEM.B6LUT,64'h6996966996696996
u_dut/pc0_a19[1]_i_1,LUT6,SLICE_X8Y226,SLICEM.C6LUT,64'h8117177E177E7EE8
u_dut/pc0_a19[2]_i_1,LUT6,SLICE_X8Y226,SLICEM.D6LUT,64'hFEE8E880E8808000
u_dut/pc0_a19_reg[0],FDRE,SLICE_X8Y226,SLICEM.BFF,1'b0
u_dut/pc0_a19_reg[1],FDRE,SLICE_X8Y226,SLICEM.CFF,1'b0
u_dut/pc0_a19_reg[2],FDRE,SLICE_X8Y226,SLICEM.DFF,1'b0
u_dut/pc0_a1[0]_i_1,LUT6,SLICE_X5Y224,SLICEL.A6LUT,64'h6996966996696996
u_dut/pc0_a1[1]_i_1,LUT6,SLICE_X5Y224,SLICEL.B6LUT,64'h8117177E177E7EE8
u_dut/pc0_a1[2]_i_1,LUT6,SLICE_X5Y224,SLICEL.C6LUT,64'hFEE8E880E8808000
u_dut/pc0_a1_reg[0],FDRE,SLICE_X5Y224,SLICEL.AFF,1'b0
u_dut/pc0_a1_reg[1],FDRE,SLICE_X5Y224,SLICEL.BFF,1'b0
u_dut/pc0_a1_reg[2],FDRE,SLICE_X5Y224,SLICEL.CFF,1'b0
u_dut/pc0_a20[0]_i_1,LUT6,SLICE_X8Y229,SLICEM.B6LUT,64'h6996966996696996
u_dut/pc0_a20[1]_i_1,LUT6,SLICE_X8Y229,SLICEM.C6LUT,64'h8117177E177E7EE8
u_dut/pc0_a20[2]_i_1,LUT6,SLICE_X8Y229,SLICEM.D6LUT,64'hFEE8E880E8808000
u_dut/pc0_a20_reg[0],FDRE,SLICE_X8Y229,SLICEM.BFF,1'b0
u_dut/pc0_a20_reg[1],FDRE,SLICE_X8Y229,SLICEM.CFF,1'b0
u_dut/pc0_a20_reg[2],FDRE,SLICE_X8Y229,SLICEM.DFF,1'b0
u_dut/pc0_a21[0]_i_1,LUT6,SLICE_X9Y226,SLICEL.B6LUT,64'h6996966996696996
u_dut/pc0_a21[1]_i_1,LUT6,SLICE_X9Y226,SLICEL.C6LUT,64'h8117177E177E7EE8
u_dut/pc0_a21[2]_i_1,LUT6,SLICE_X9Y226,SLICEL.D6LUT,64'hFEE8E880E8808000
u_dut/pc0_a21_reg[0],FDRE,SLICE_X9Y226,SLICEL.BFF,1'b0
u_dut/pc0_a21_reg[1],FDRE,SLICE_X9Y226,SLICEL.CFF,1'b0
u_dut/pc0_a21_reg[2],FDRE,SLICE_X9Y226,SLICEL.DFF,1'b0
u_dut/pc0_a22[0]_i_1,LUT6,SLICE_X10Y229,SLICEM.B6LUT,64'h6996966996696996
u_dut/pc0_a22[1]_i_1,LUT6,SLICE_X10Y229,SLICEM.C6LUT,64'h8117177E177E7EE8
u_dut/pc0_a22[2]_i_1,LUT6,SLICE_X10Y229,SLICEM.D6LUT,64'hFEE8E880E8808000
u_dut/pc0_a22_reg[0],FDRE,SLICE_X10Y229,SLICEM.BFF,1'b0
u_dut/pc0_a22_reg[1],FDRE,SLICE_X10Y229,SLICEM.CFF,1'b0
u_dut/pc0_a22_reg[2],FDRE,SLICE_X10Y229,SLICEM.DFF,1'b0
u_dut/pc0_a23[0]_i_1,LUT6,SLICE_X13Y226,SLICEL.B6LUT,64'h6996966996696996
u_dut/pc0_a23[1]_i_1,LUT6,SLICE_X13Y226,SLICEL.C6LUT,64'h8117177E177E7EE8
u_dut/pc0_a23[2]_i_1,LUT6,SLICE_X13Y226,SLICEL.D6LUT,64'hFEE8E880E8808000
u_dut/pc0_a23_reg[0],FDRE,SLICE_X13Y226,SLICEL.BFF,1'b0
u_dut/pc0_a23_reg[1],FDRE,SLICE_X13Y226,SLICEL.CFF,1'b0
u_dut/pc0_a23_reg[2],FDRE,SLICE_X13Y226,SLICEL.DFF,1'b0
u_dut/pc0_a24[0]_i_1,LUT6,SLICE_X14Y228,SLICEM.B6LUT,64'h6996966996696996
u_dut/pc0_a24[1]_i_1,LUT6,SLICE_X14Y228,SLICEM.C6LUT,64'h8117177E177E7EE8
u_dut/pc0_a24[2]_i_1,LUT6,SLICE_X14Y228,SLICEM.D6LUT,64'hFEE8E880E8808000
u_dut/pc0_a24_reg[0],FDRE,SLICE_X14Y228,SLICEM.BFF,1'b0
u_dut/pc0_a24_reg[1],FDRE,SLICE_X14Y228,SLICEM.CFF,1'b0
u_dut/pc0_a24_reg[2],FDRE,SLICE_X14Y228,SLICEM.DFF,1'b0
u_dut/pc0_a25[0]_i_1,LUT6,SLICE_X9Y228,SLICEL.A6LUT,64'h6996966996696996
u_dut/pc0_a25[1]_i_1,LUT6,SLICE_X9Y227,SLICEL.D6LUT,64'h8117177E177E7EE8
u_dut/pc0_a25[2]_i_1,LUT6,SLICE_X9Y228,SLICEL.B6LUT,64'hFEE8E880E8808000
u_dut/pc0_a25_reg[0],FDRE,SLICE_X9Y228,SLICEL.AFF,1'b0
u_dut/pc0_a25_reg[1],FDRE,SLICE_X9Y227,SLICEL.DFF,1'b0
u_dut/pc0_a25_reg[2],FDRE,SLICE_X9Y228,SLICEL.BFF,1'b0
u_dut/pc0_a26[0]_i_1,LUT6,SLICE_X9Y225,SLICEL.B6LUT,64'h6996966996696996
u_dut/pc0_a26[1]_i_1,LUT6,SLICE_X9Y225,SLICEL.C6LUT,64'h8117177E177E7EE8
u_dut/pc0_a26[2]_i_1,LUT6,SLICE_X9Y225,SLICEL.D6LUT,64'hFEE8E880E8808000
u_dut/pc0_a26_reg[0],FDRE,SLICE_X9Y225,SLICEL.BFF,1'b0
u_dut/pc0_a26_reg[1],FDRE,SLICE_X9Y225,SLICEL.CFF,1'b0
u_dut/pc0_a26_reg[2],FDRE,SLICE_X9Y225,SLICEL.DFF,1'b0
u_dut/pc0_a27[0]_i_1,LUT6,SLICE_X12Y228,SLICEM.B6LUT,64'h6996966996696996
u_dut/pc0_a27[1]_i_1,LUT6,SLICE_X12Y228,SLICEM.C6LUT,64'h8117177E177E7EE8
u_dut/pc0_a27[2]_i_1,LUT6,SLICE_X12Y228,SLICEM.D6LUT,64'hFEE8E880E8808000
u_dut/pc0_a27_reg[0],FDRE,SLICE_X12Y228,SLICEM.BFF,1'b0
u_dut/pc0_a27_reg[1],FDRE,SLICE_X12Y228,SLICEM.CFF,1'b0
u_dut/pc0_a27_reg[2],FDRE,SLICE_X12Y228,SLICEM.DFF,1'b0
u_dut/pc0_a28[0]_i_1,LUT6,SLICE_X7Y229,SLICEL.A6LUT,64'h6996966996696996
u_dut/pc0_a28[1]_i_1,LUT6,SLICE_X7Y229,SLICEL.B6LUT,64'h8117177E177E7EE8
u_dut/pc0_a28[2]_i_1,LUT6,SLICE_X7Y229,SLICEL.C6LUT,64'hFEE8E880E8808000
u_dut/pc0_a28_reg[0],FDRE,SLICE_X7Y229,SLICEL.AFF,1'b0
u_dut/pc0_a28_reg[1],FDRE,SLICE_X7Y229,SLICEL.BFF,1'b0
u_dut/pc0_a28_reg[2],FDRE,SLICE_X7Y229,SLICEL.CFF,1'b0
u_dut/pc0_a29[0]_i_1,LUT6,SLICE_X12Y230,SLICEM.B6LUT,64'h6996966996696996
u_dut/pc0_a29[1]_i_1,LUT6,SLICE_X12Y230,SLICEM.C6LUT,64'h8117177E177E7EE8
u_dut/pc0_a29[2]_i_1,LUT6,SLICE_X12Y230,SLICEM.D6LUT,64'hFEE8E880E8808000
u_dut/pc0_a29_reg[0],FDRE,SLICE_X12Y230,SLICEM.BFF,1'b0
u_dut/pc0_a29_reg[1],FDRE,SLICE_X12Y230,SLICEM.CFF,1'b0
u_dut/pc0_a29_reg[2],FDRE,SLICE_X12Y230,SLICEM.DFF,1'b0
u_dut/pc0_a2[0]_i_1,LUT6,SLICE_X11Y223,SLICEL.B6LUT,64'h6996966996696996
u_dut/pc0_a2[1]_i_1,LUT6,SLICE_X11Y223,SLICEL.C6LUT,64'h8117177E177E7EE8
u_dut/pc0_a2[2]_i_1,LUT6,SLICE_X11Y223,SLICEL.D6LUT,64'hFEE8E880E8808000
u_dut/pc0_a2_reg[0],FDRE,SLICE_X11Y223,SLICEL.BFF,1'b0
u_dut/pc0_a2_reg[1],FDRE,SLICE_X11Y223,SLICEL.CFF,1'b0
u_dut/pc0_a2_reg[2],FDRE,SLICE_X11Y223,SLICEL.DFF,1'b0
u_dut/pc0_a30[0]_i_1,LUT6,SLICE_X8Y230,SLICEM.A6LUT,64'h6996966996696996
u_dut/pc0_a30[1]_i_1,LUT6,SLICE_X8Y230,SLICEM.B6LUT,64'h8117177E177E7EE8
u_dut/pc0_a30[2]_i_1,LUT6,SLICE_X8Y230,SLICEM.C6LUT,64'hFEE8E880E8808000
u_dut/pc0_a30_reg[0],FDRE,SLICE_X8Y230,SLICEM.AFF,1'b0
u_dut/pc0_a30_reg[1],FDRE,SLICE_X8Y230,SLICEM.BFF,1'b0
u_dut/pc0_a30_reg[2],FDRE,SLICE_X8Y230,SLICEM.CFF,1'b0
u_dut/pc0_a31[0]_i_1,LUT6,SLICE_X10Y230,SLICEM.A6LUT,64'h6996966996696996
u_dut/pc0_a31[1]_i_1,LUT6,SLICE_X10Y230,SLICEM.B6LUT,64'h8117177E177E7EE8
u_dut/pc0_a31[2]_i_1,LUT6,SLICE_X10Y230,SLICEM.C6LUT,64'hFEE8E880E8808000
u_dut/pc0_a31_reg[0],FDRE,SLICE_X10Y230,SLICEM.AFF,1'b0
u_dut/pc0_a31_reg[1],FDRE,SLICE_X10Y230,SLICEM.BFF,1'b0
u_dut/pc0_a31_reg[2],FDRE,SLICE_X10Y230,SLICEM.CFF,1'b0
u_dut/pc0_a32[0]_i_1,LUT6,SLICE_X17Y226,SLICEL.B6LUT,64'h6996966996696996
u_dut/pc0_a32[1]_i_1,LUT6,SLICE_X17Y226,SLICEL.C6LUT,64'h8117177E177E7EE8
u_dut/pc0_a32[2]_i_1,LUT6,SLICE_X17Y226,SLICEL.D6LUT,64'hFEE8E880E8808000
u_dut/pc0_a32_reg[0],FDRE,SLICE_X17Y226,SLICEL.BFF,1'b0
u_dut/pc0_a32_reg[1],FDRE,SLICE_X17Y226,SLICEL.CFF,1'b0
u_dut/pc0_a32_reg[2],FDRE,SLICE_X17Y226,SLICEL.DFF,1'b0
u_dut/pc0_a33[0]_i_1,LUT2,SLICE_X23Y228,SLICEL.B6LUT,4'h6
u_dut/pc0_a33[1]_i_1,LUT2,SLICE_X23Y228,SLICEL.B5LUT,4'h8
u_dut/pc0_a33_reg[0],FDRE,SLICE_X23Y228,SLICEL.BFF,1'b0
u_dut/pc0_a33_reg[1],FDRE,SLICE_X23Y228,SLICEL.B5FF,1'b0
u_dut/pc0_a3[0]_i_1,LUT6,SLICE_X4Y224,SLICEL.A6LUT,64'h6996966996696996
u_dut/pc0_a3[1]_i_1,LUT6,SLICE_X4Y224,SLICEL.B6LUT,64'h8117177E177E7EE8
u_dut/pc0_a3[2]_i_1,LUT6,SLICE_X4Y224,SLICEL.C6LUT,64'hFEE8E880E8808000
u_dut/pc0_a3_reg[0],FDRE,SLICE_X4Y224,SLICEL.AFF,1'b0
u_dut/pc0_a3_reg[1],FDRE,SLICE_X4Y224,SLICEL.BFF,1'b0
u_dut/pc0_a3_reg[2],FDRE,SLICE_X4Y224,SLICEL.CFF,1'b0
u_dut/pc0_a4[0]_i_1,LUT6,SLICE_X11Y224,SLICEL.B6LUT,64'h6996966996696996
u_dut/pc0_a4[1]_i_1,LUT6,SLICE_X11Y224,SLICEL.C6LUT,64'h8117177E177E7EE8
u_dut/pc0_a4[2]_i_1,LUT6,SLICE_X11Y224,SLICEL.D6LUT,64'hFEE8E880E8808000
u_dut/pc0_a4_reg[0],FDRE,SLICE_X11Y224,SLICEL.BFF,1'b0
u_dut/pc0_a4_reg[1],FDRE,SLICE_X11Y224,SLICEL.CFF,1'b0
u_dut/pc0_a4_reg[2],FDRE,SLICE_X11Y224,SLICEL.DFF,1'b0
u_dut/pc0_a5[0]_i_1,LUT6,SLICE_X8Y223,SLICEM.B6LUT,64'h6996966996696996
u_dut/pc0_a5[1]_i_1,LUT6,SLICE_X8Y223,SLICEM.C6LUT,64'h8117177E177E7EE8
u_dut/pc0_a5[2]_i_1,LUT6,SLICE_X8Y223,SLICEM.D6LUT,64'hFEE8E880E8808000
u_dut/pc0_a5_reg[0],FDRE,SLICE_X8Y223,SLICEM.BFF,1'b0
u_dut/pc0_a5_reg[1],FDRE,SLICE_X8Y223,SLICEM.CFF,1'b0
u_dut/pc0_a5_reg[2],FDRE,SLICE_X8Y223,SLICEM.DFF,1'b0
u_dut/pc0_a6[0]_i_1,LUT6,SLICE_X4Y225,SLICEL.A6LUT,64'h6996966996696996
u_dut/pc0_a6[1]_i_1,LUT6,SLICE_X4Y225,SLICEL.B6LUT,64'h8117177E177E7EE8
u_dut/pc0_a6[2]_i_1,LUT6,SLICE_X4Y225,SLICEL.C6LUT,64'hFEE8E880E8808000
u_dut/pc0_a6_reg[0],FDRE,SLICE_X4Y225,SLICEL.AFF,1'b0
u_dut/pc0_a6_reg[1],FDRE,SLICE_X4Y225,SLICEL.BFF,1'b0
u_dut/pc0_a6_reg[2],FDRE,SLICE_X4Y225,SLICEL.CFF,1'b0
u_dut/pc0_a7[0]_i_1,LUT6,SLICE_X6Y223,SLICEM.A6LUT,64'h6996966996696996
u_dut/pc0_a7[1]_i_1,LUT6,SLICE_X6Y223,SLICEM.B6LUT,64'h8117177E177E7EE8
u_dut/pc0_a7[2]_i_1,LUT6,SLICE_X6Y223,SLICEM.C6LUT,64'hFEE8E880E8808000
u_dut/pc0_a7_reg[0],FDRE,SLICE_X6Y223,SLICEM.AFF,1'b0
u_dut/pc0_a7_reg[1],FDRE,SLICE_X6Y223,SLICEM.BFF,1'b0
u_dut/pc0_a7_reg[2],FDRE,SLICE_X6Y223,SLICEM.CFF,1'b0
u_dut/pc0_a8[0]_i_1,LUT6,SLICE_X13Y225,SLICEL.B6LUT,64'h6996966996696996
u_dut/pc0_a8[1]_i_1,LUT6,SLICE_X13Y225,SLICEL.C6LUT,64'h8117177E177E7EE8
u_dut/pc0_a8[2]_i_1,LUT6,SLICE_X13Y225,SLICEL.D6LUT,64'hFEE8E880E8808000
u_dut/pc0_a8_reg[0],FDRE,SLICE_X13Y225,SLICEL.BFF,1'b0
u_dut/pc0_a8_reg[1],FDRE,SLICE_X13Y225,SLICEL.CFF,1'b0
u_dut/pc0_a8_reg[2],FDRE,SLICE_X13Y225,SLICEL.DFF,1'b0
u_dut/pc0_a9[0]_i_1,LUT6,SLICE_X14Y225,SLICEM.B6LUT,64'h6996966996696996
u_dut/pc0_a9[1]_i_1,LUT6,SLICE_X14Y225,SLICEM.C6LUT,64'h8117177E177E7EE8
u_dut/pc0_a9[2]_i_1,LUT6,SLICE_X14Y225,SLICEM.D6LUT,64'hFEE8E880E8808000
u_dut/pc0_a9_reg[0],FDRE,SLICE_X14Y225,SLICEM.BFF,1'b0
u_dut/pc0_a9_reg[1],FDRE,SLICE_X14Y225,SLICEM.CFF,1'b0
u_dut/pc0_a9_reg[2],FDRE,SLICE_X14Y225,SLICEM.DFF,1'b0
u_dut/pc0_r2_0[0]_i_1,LUT4,SLICE_X2Y224,SLICEM.C6LUT,16'h6996
u_dut/pc0_r2_0[1]_i_1,LUT5,SLICE_X3Y224,SLICEL.A6LUT,32'h81177EE8
u_dut/pc0_r2_0[1]_i_2,LUT4,SLICE_X3Y224,SLICEL.B6LUT,16'h6996
u_dut/pc0_r2_0[2]_i_1,LUT6,SLICE_X3Y224,SLICEL.C6LUT,64'h9669699666666666
u_dut/pc0_r2_0[2]_i_2,LUT5,SLICE_X3Y224,SLICEL.A5LUT,32'hFEE88000
u_dut/pc0_r2_0[2]_i_3,LUT5,SLICE_X2Y224,SLICEM.D6LUT,32'h96696996
u_dut/pc0_r2_0[3]_i_1,LUT6,SLICE_X2Y224,SLICEM.A6LUT,64'hA99595569556566A
u_dut/pc0_r2_0[4]_i_1,LUT6,SLICE_X2Y224,SLICEM.B6LUT,64'hFEEAEAA8EAA8A880
u_dut/pc0_r2_0[4]_i_2,LUT6,SLICE_X3Y224,SLICEL.D6LUT,64'hEBBEAAAA82280000
u_dut/pc0_r2_0[4]_i_3,LUT3,SLICE_X3Y224,SLICEL.B5LUT,8'hE8
u_dut/pc0_r2_0_reg[0],FDRE,SLICE_X2Y224,SLICEM.CFF,1'b0
u_dut/pc0_r2_0_reg[1],FDRE,SLICE_X3Y224,SLICEL.AFF,1'b0
u_dut/pc0_r2_0_reg[2],FDRE,SLICE_X3Y224,SLICEL.CFF,1'b0
u_dut/pc0_r2_0_reg[3],FDRE,SLICE_X2Y224,SLICEM.AFF,1'b0
u_dut/pc0_r2_0_reg[4],FDRE,SLICE_X2Y224,SLICEM.BFF,1'b0
u_dut/pc0_r2_1[0]_i_1,LUT4,SLICE_X5Y225,SLICEL.B6LUT,16'h6996
u_dut/pc0_r2_1[1]_i_1,LUT5,SLICE_X5Y225,SLICEL.C6LUT,32'h81177EE8
u_dut/pc0_r2_1[1]_i_2,LUT4,SLICE_X4Y223,SLICEL.A6LUT,16'h6996
u_dut/pc0_r2_1[2]_i_1,LUT6,SLICE_X4Y223,SLICEL.B6LUT,64'h9669699666666666
u_dut/pc0_r2_1[2]_i_2,LUT5,SLICE_X5Y225,SLICEL.C5LUT,32'hFEE88000
u_dut/pc0_r2_1[2]_i_3,LUT5,SLICE_X4Y223,SLICEL.D6LUT,32'h96696996
u_dut/pc0_r2_1[3]_i_1,LUT6,SLICE_X3Y223,SLICEL.B6LUT,64'hA99595569556566A
u_dut/pc0_r2_1[4]_i_1,LUT6,SLICE_X3Y223,SLICEL.C6LUT,64'hFEEAEAA8EAA8A880
u_dut/pc0_r2_1[4]_i_2,LUT6,SLICE_X4Y223,SLICEL.C6LUT,64'hEBBEAAAA82280000
u_dut/pc0_r2_1[4]_i_3,LUT3,SLICE_X4Y223,SLICEL.A5LUT,8'hE8
u_dut/pc0_r2_1_reg[0],FDRE,SLICE_X5Y225,SLICEL.BFF,1'b0
u_dut/pc0_r2_1_reg[1],FDRE,SLICE_X5Y225,SLICEL.A5FF,1'b0
u_dut/pc0_r2_1_reg[2],FDRE,SLICE_X4Y223,SLICEL.BFF,1'b0
u_dut/pc0_r2_1_reg[3],FDRE,SLICE_X3Y223,SLICEL.BFF,1'b0
u_dut/pc0_r2_1_reg[4],FDRE,SLICE_X3Y223,SLICEL.CFF,1'b0
u_dut/pc0_r2_2[0]_i_1,LUT4,SLICE_X11Y226,SLICEL.D6LUT,16'h6996
u_dut/pc0_r2_2[1]_i_1,LUT5,SLICE_X11Y225,SLICEL.A6LUT,32'h81177EE8
u_dut/pc0_r2_2[1]_i_2,LUT4,SLICE_X10Y225,SLICEM.B6LUT,16'h6996
u_dut/pc0_r2_2[2]_i_1,LUT6,SLICE_X10Y225,SLICEM.C6LUT,64'h9669699666666666
u_dut/pc0_r2_2[2]_i_2,LUT5,SLICE_X11Y225,SLICEL.A5LUT,32'hFEE88000
u_dut/pc0_r2_2[2]_i_3,LUT5,SLICE_X8Y225,SLICEM.D6LUT,32'h96696996
u_dut/pc0_r2_2[3]_i_1,LUT6,SLICE_X8Y225,SLICEM.B6LUT,64'hA99595569556566A
u_dut/pc0_r2_2[4]_i_1,LUT6,SLICE_X8Y225,SLICEM.C6LUT,64'hFEEAEAA8EAA8A880
u_dut/pc0_r2_2[4]_i_2,LUT6,SLICE_X10Y225,SLICEM.D6LUT,64'hEBBEAAAA82280000
u_dut/pc0_r2_2[4]_i_3,LUT3,SLICE_X10Y225,SLICEM.B5LUT,8'hE8
u_dut/pc0_r2_2_reg[0],FDRE,SLICE_X11Y226,SLICEL.DFF,1'b0
u_dut/pc0_r2_2_reg[1],FDRE,SLICE_X5Y225,SLICEL.B5FF,1'b0
u_dut/pc0_r2_2_reg[2],FDRE,SLICE_X10Y225,SLICEM.CFF,1'b0
u_dut/pc0_r2_2_reg[3],FDRE,SLICE_X8Y225,SLICEM.BFF,1'b0
u_dut/pc0_r2_2_reg[4],FDRE,SLICE_X8Y225,SLICEM.CFF,1'b0
u_dut/pc0_r2_3[0]_i_1,LUT4,SLICE_X4Y226,SLICEL.A6LUT,16'h6996
u_dut/pc0_r2_3[1]_i_1,LUT5,SLICE_X5Y226,SLICEL.A6LUT,32'h81177EE8
u_dut/pc0_r2_3[1]_i_2,LUT4,SLICE_X5Y226,SLICEL.B6LUT,16'h6996
u_dut/pc0_r2_3[2]_i_1,LUT6,SLICE_X5Y226,SLICEL.C6LUT,64'h9669699666666666
u_dut/pc0_r2_3[2]_i_2,LUT5,SLICE_X5Y226,SLICEL.A5LUT,32'hFEE88000
u_dut/pc0_r2_3[2]_i_3,LUT5,SLICE_X4Y226,SLICEL.D6LUT,32'h96696996
u_dut/pc0_r2_3[3]_i_1,LUT6,SLICE_X4Y226,SLICEL.B6LUT,64'hA99595569556566A
u_dut/pc0_r2_3[4]_i_1,LUT6,SLICE_X4Y226,SLICEL.C6LUT,64'hFEEAEAA8EAA8A880
u_dut/pc0_r2_3[4]_i_2,LUT6,SLICE_X5Y226,SLICEL.D6LUT,64'hEBBEAAAA82280000
u_dut/pc0_r2_3[4]_i_3,LUT3,SLICE_X5Y226,SLICEL.B5LUT,8'hE8
u_dut/pc0_r2_3_reg[0],FDRE,SLICE_X4Y226,SLICEL.AFF,1'b0
u_dut/pc0_r2_3_reg[1],FDRE,SLICE_X5Y226,SLICEL.AFF,1'b0
u_dut/pc0_r2_3_reg[2],FDRE,SLICE_X5Y226,SLICEL.CFF,1'b0
u_dut/pc0_r2_3_reg[3],FDRE,SLICE_X4Y226,SLICEL.BFF,1'b0
u_dut/pc0_r2_3_reg[4],FDRE,SLICE_X4Y226,SLICEL.CFF,1'b0
u_dut/pc0_r2_4[0]_i_1,LUT4,SLICE_X6Y227,SLICEM.A6LUT,16'h6996
u_dut/pc0_r2_4[1]_i_1,LUT5,SLICE_X7Y227,SLICEL.A6LUT,32'h81177EE8
u_dut/pc0_r2_4[1]_i_2,LUT4,SLICE_X7Y227,SLICEL.B6LUT,16'h6996
u_dut/pc0_r2_4[2]_i_1,LUT6,SLICE_X7Y227,SLICEL.C6LUT,64'h9669699666666666
u_dut/pc0_r2_4[2]_i_2,LUT5,SLICE_X7Y227,SLICEL.A5LUT,32'hFEE88000
u_dut/pc0_r2_4[2]_i_3,LUT5,SLICE_X6Y227,SLICEM.D6LUT,32'h96696996
u_dut/pc0_r2_4[3]_i_1,LUT6,SLICE_X6Y227,SLICEM.B6LUT,64'hA99595569556566A
u_dut/pc0_r2_4[4]_i_1,LUT6,SLICE_X6Y227,SLICEM.C6LUT,64'hFEEAEAA8EAA8A880
u_dut/pc0_r2_4[4]_i_2,LUT6,SLICE_X7Y227,SLICEL.D6LUT,64'hEBBEAAAA82280000
u_dut/pc0_r2_4[4]_i_3,LUT3,SLICE_X7Y227,SLICEL.B5LUT,8'hE8
u_dut/pc0_r2_4_reg[0],FDRE,SLICE_X6Y227,SLICEM.AFF,1'b0
u_dut/pc0_r2_4_reg[1],FDRE,SLICE_X5Y229,SLICEL.A5FF,1'b0
u_dut/pc0_r2_4_reg[2],FDRE,SLICE_X7Y227,SLICEL.CFF,1'b0
u_dut/pc0_r2_4_reg[3],FDRE,SLICE_X6Y227,SLICEM.BFF,1'b0
u_dut/pc0_r2_4_reg[4],FDRE,SLICE_X6Y227,SLICEM.CFF,1'b0
u_dut/pc0_r2_5[0]_i_1,LUT4,SLICE_X9Y229,SLICEL.A6LUT,16'h6996
u_dut/pc0_r2_5[1]_i_1,LUT5,SLICE_X9Y229,SLICEL.B6LUT,32'h81177EE8
u_dut/pc0_r2_5[1]_i_2,LUT4,SLICE_X9Y230,SLICEL.A6LUT,16'h6996
u_dut/pc0_r2_5[2]_i_1,LUT6,SLICE_X9Y229,SLICEL.C6LUT,64'h9669699666666666
u_dut/pc0_r2_5[2]_i_2,LUT5,SLICE_X9Y229,SLICEL.B5LUT,32'hFEE88000
u_dut/pc0_r2_5[2]_i_3,LUT5,SLICE_X9Y230,SLICEL.D6LUT,32'h96696996
u_dut/pc0_r2_5[3]_i_1,LUT6,SLICE_X9Y230,SLICEL.B6LUT,64'hA99595569556566A
u_dut/pc0_r2_5[4]_i_1,LUT6,SLICE_X9Y230,SLICEL.C6LUT,64'hFEEAEAA8EAA8A880
u_dut/pc0_r2_5[4]_i_2,LUT6,SLICE_X9Y229,SLICEL.D6LUT,64'hEBBEAAAA82280000
u_dut/pc0_r2_5[4]_i_3,LUT3,SLICE_X9Y230,SLICEL.A5LUT,8'hE8
u_dut/pc0_r2_5_reg[0],FDRE,SLICE_X9Y229,SLICEL.AFF,1'b0
u_dut/pc0_r2_5_reg[1],FDRE,SLICE_X5Y229,SLICEL.BFF,1'b0
u_dut/pc0_r2_5_reg[2],FDRE,SLICE_X9Y229,SLICEL.CFF,1'b0
u_dut/pc0_r2_5_reg[3],FDRE,SLICE_X9Y230,SLICEL.BFF,1'b0
u_dut/pc0_r2_5_reg[4],FDRE,SLICE_X9Y230,SLICEL.CFF,1'b0
u_dut/pc0_r2_6[0]_i_1,LUT4,SLICE_X6Y228,SLICEM.A6LUT,16'h6996
u_dut/pc0_r2_6[1]_i_1,LUT5,SLICE_X6Y228,SLICEM.B6LUT,32'h81177EE8
u_dut/pc0_r2_6[1]_i_2,LUT4,SLICE_X8Y228,SLICEM.A6LUT,16'h6996
u_dut/pc0_r2_6[2]_i_1,LUT6,SLICE_X8Y228,SLICEM.B6LUT,64'h9669699666666666
u_dut/pc0_r2_6[2]_i_2,LUT5,SLICE_X6Y228,SLICEM.B5LUT,32'hFEE88000
u_dut/pc0_r2_6[2]_i_3,LUT5,SLICE_X8Y228,SLICEM.D6LUT,32'h96696996
u_dut/pc0_r2_6[3]_i_1,LUT6,SLICE_X9Y228,SLICEL.C6LUT,64'hA99595569556566A
u_dut/pc0_r2_6[4]_i_1,LUT6,SLICE_X9Y228,SLICEL.D6LUT,64'hFEEAEAA8EAA8A880
u_dut/pc0_r2_6[4]_i_2,LUT6,SLICE_X8Y228,SLICEM.C6LUT,64'hEBBEAAAA82280000
u_dut/pc0_r2_6[4]_i_3,LUT3,SLICE_X8Y228,SLICEM.A5LUT,8'hE8
u_dut/pc0_r2_6_reg[0],FDRE,SLICE_X6Y228,SLICEM.AFF,1'b0
u_dut/pc0_r2_6_reg[1],FDRE,SLICE_X5Y229,SLICEL.CFF,1'b0
u_dut/pc0_r2_6_reg[2],FDRE,SLICE_X8Y228,SLICEM.BFF,1'b0
u_dut/pc0_r2_6_reg[3],FDRE,SLICE_X9Y228,SLICEL.CFF,1'b0
u_dut/pc0_r2_6_reg[4],FDRE,SLICE_X9Y228,SLICEL.DFF,1'b0
u_dut/pc0_r2_7[0]_i_1,LUT4,SLICE_X5Y229,SLICEL.A6LUT,16'h6996
u_dut/pc0_r2_7[1]_i_1,LUT5,SLICE_X7Y229,SLICEL.D6LUT,32'h81177EE8
u_dut/pc0_r2_7[1]_i_2,LUT4,SLICE_X7Y230,SLICEL.A6LUT,16'h6996
u_dut/pc0_r2_7[2]_i_1,LUT6,SLICE_X7Y230,SLICEL.B6LUT,64'h9669699666666666
u_dut/pc0_r2_7[2]_i_2,LUT5,SLICE_X7Y229,SLICEL.D5LUT,32'hFEE88000
u_dut/pc0_r2_7[2]_i_3,LUT5,SLICE_X6Y230,SLICEM.D6LUT,32'h96696996
u_dut/pc0_r2_7[3]_i_1,LUT6,SLICE_X6Y230,SLICEM.A6LUT,64'hA99595569556566A
u_dut/pc0_r2_7[4]_i_1,LUT6,SLICE_X6Y230,SLICEM.B6LUT,64'hFEEAEAA8EAA8A880
u_dut/pc0_r2_7[4]_i_2,LUT6,SLICE_X7Y230,SLICEL.D6LUT,64'hEBBEAAAA82280000
u_dut/pc0_r2_7[4]_i_3,LUT3,SLICE_X7Y230,SLICEL.A5LUT,8'hE8
u_dut/pc0_r2_7_reg[0],FDRE,SLICE_X5Y229,SLICEL.AFF,1'b0
u_dut/pc0_r2_7_reg[1],FDRE,SLICE_X5Y229,SLICEL.DFF,1'b0
u_dut/pc0_r2_7_reg[2],FDRE,SLICE_X7Y230,SLICEL.BFF,1'b0
u_dut/pc0_r2_7_reg[3],FDRE,SLICE_X6Y230,SLICEM.AFF,1'b0
u_dut/pc0_r2_7_reg[4],FDRE,SLICE_X6Y230,SLICEM.BFF,1'b0
u_dut/pc0_r2_8[0]_i_1,LUT2,SLICE_X14Y230,SLICEM.B6LUT,4'h6
u_dut/pc0_r2_8[1]_i_1,LUT4,SLICE_X14Y230,SLICEM.B5LUT,16'h8778
u_dut/pc0_r2_8[2]_i_1,LUT5,SLICE_X14Y230,SLICEM.C6LUT,32'h077FF880
u_dut/pc0_r2_8[3]_i_1,LUT5,SLICE_X14Y230,SLICEM.C5LUT,32'hAA808000
u_dut/pc0_r2_8_reg[0],FDRE,SLICE_X14Y230,SLICEM.BFF,1'b0
u_dut/pc0_r2_8_reg[1],FDRE,SLICE_X14Y230,SLICEM.B5FF,1'b0
u_dut/pc0_r2_8_reg[2],FDRE,SLICE_X14Y230,SLICEM.CFF,1'b0
u_dut/pc0_r2_8_reg[3],FDRE,SLICE_X14Y230,SLICEM.C5FF,1'b0
u_dut/pc0_r4_0[3]_i_2,LUT5,SLICE_X3Y226,SLICEL.B6LUT,32'hEEE8E888
u_dut/pc0_r4_0[3]_i_3,LUT5,SLICE_X3Y226,SLICEL.B5LUT,32'hE81717E8
u_dut/pc0_r4_0[3]_i_4,LUT4,SLICE_X4Y225,SLICEL.D6LUT,16'h6996
u_dut/pc0_r4_0[3]_i_5,LUT6,SLICE_X2Y226,SLICEM.D6LUT,64'h6969699669969696
u_dut/pc0_r4_0[3]_i_6,LUT6,SLICE_X2Y226,SLICEM.C6LUT,64'h6999999699969666
u_dut/pc0_r4_0[3]_i_7,LUT4,SLICE_X2Y226,SLICEM.B6LUT,16'h566A
u_dut/pc0_r4_0[3]_i_8,LUT4,SLICE_X2Y226,SLICEM.A6LUT,16'h6996
u_dut/pc0_r4_0[3]_i_9,LUT3,SLICE_X3Y226,SLICEL.A6LUT,8'h96
u_dut/pc0_r4_0[6]_i_2,LUT5,SLICE_X3Y227,SLICEL.B6LUT,32'hEEE8E888
u_dut/pc0_r4_0[6]_i_3,LUT5,SLICE_X3Y226,SLICEL.A5LUT,32'hEEE8E888
u_dut/pc0_r4_0[6]_i_4,LUT5,SLICE_X2Y227,SLICEM.B6LUT,32'h177E7EE8
u_dut/pc0_r4_0[6]_i_5,LUT6,SLICE_X2Y227,SLICEM.A6LUT,64'h6969699669969696
u_dut/pc0_r4_0[6]_i_6,LUT3,SLICE_X3Y227,SLICEL.C6LUT,8'h96
u_dut/pc0_r4_0[6]_i_7,LUT3,SLICE_X3Y227,SLICEL.A6LUT,8'h96
u_dut/pc0_r4_0[6]_i_8,LUT3,SLICE_X3Y227,SLICEL.A5LUT,8'hE8
u_dut/pc0_r4_0_reg[0],FDRE,SLICE_X2Y226,SLICEM.AFF,1'b0
u_dut/pc0_r4_0_reg[1],FDRE,SLICE_X2Y226,SLICEM.BFF,1'b0
u_dut/pc0_r4_0_reg[2],FDRE,SLICE_X2Y226,SLICEM.CFF,1'b0
u_dut/pc0_r4_0_reg[3],FDRE,SLICE_X2Y226,SLICEM.DFF,1'b0
u_dut/pc0_r4_0_reg[3]_i_1,CARRY4,SLICE_X2Y226,SLICEM.CARRY4,
u_dut/pc0_r4_0_reg[4],FDRE,SLICE_X2Y227,SLICEM.AFF,1'b0
u_dut/pc0_r4_0_reg[5],FDRE,SLICE_X2Y227,SLICEM.BFF,1'b0
u_dut/pc0_r4_0_reg[6],FDRE,SLICE_X2Y227,SLICEM.CFF,1'b0
u_dut/pc0_r4_0_reg[6]_i_1,CARRY4,SLICE_X2Y227,SLICEM.CARRY4,
u_dut/pc0_r4_1[3]_i_2,LUT5,SLICE_X5Y229,SLICEL.C6LUT,32'hEEE8E888
u_dut/pc0_r4_1[3]_i_3,LUT5,SLICE_X5Y229,SLICEL.C5LUT,32'hE81717E8
u_dut/pc0_r4_1[3]_i_4,LUT4,SLICE_X5Y229,SLICEL.D6LUT,16'h6996
u_dut/pc0_r4_1[3]_i_5,LUT6,SLICE_X4Y229,SLICEL.D6LUT,64'h6969699669969696
u_dut/pc0_r4_1[3]_i_6,LUT6,SLICE_X4Y229,SLICEL.C6LUT,64'h6999999699969666
u_dut/pc0_r4_1[3]_i_7,LUT4,SLICE_X4Y229,SLICEL.B6LUT,16'h566A
u_dut/pc0_r4_1[3]_i_8,LUT4,SLICE_X4Y229,SLICEL.A6LUT,16'h6996
u_dut/pc0_r4_1[3]_i_9,LUT3,SLICE_X5Y229,SLICEL.B6LUT,8'h96
u_dut/pc0_r4_1[6]_i_2,LUT5,SLICE_X5Y230,SLICEL.B6LUT,32'hEEE8E888
u_dut/pc0_r4_1[6]_i_3,LUT5,SLICE_X5Y229,SLICEL.B5LUT,32'hEEE8E888
u_dut/pc0_r4_1[6]_i_4,LUT5,SLICE_X4Y230,SLICEL.B6LUT,32'h177E7EE8
u_dut/pc0_r4_1[6]_i_5,LUT6,SLICE_X4Y230,SLICEL.A6LUT,64'h6969699669969696
u_dut/pc0_r4_1[6]_i_6,LUT3,SLICE_X5Y230,SLICEL.C6LUT,8'h96
u_dut/pc0_r4_1[6]_i_7,LUT3,SLICE_X5Y230,SLICEL.A6LUT,8'h96
u_dut/pc0_r4_1[6]_i_8,LUT3,SLICE_X5Y230,SLICEL.A5LUT,8'hE8
u_dut/pc0_r4_1_reg[0],FDRE,SLICE_X4Y229,SLICEL.AFF,1'b0
u_dut/pc0_r4_1_reg[1],FDRE,SLICE_X4Y229,SLICEL.BFF,1'b0
u_dut/pc0_r4_1_reg[2],FDRE,SLICE_X4Y229,SLICEL.CFF,1'b0
u_dut/pc0_r4_1_reg[3],FDRE,SLICE_X4Y229,SLICEL.DFF,1'b0
u_dut/pc0_r4_1_reg[3]_i_1,CARRY4,SLICE_X4Y229,SLICEL.CARRY4,
u_dut/pc0_r4_1_reg[4],FDRE,SLICE_X4Y230,SLICEL.AFF,1'b0
u_dut/pc0_r4_1_reg[5],FDRE,SLICE_X4Y230,SLICEL.BFF,1'b0
u_dut/pc0_r4_1_reg[6],FDRE,SLICE_X4Y230,SLICEL.CFF,1'b0
u_dut/pc0_r4_1_reg[6]_i_1,CARRY4,SLICE_X4Y230,SLICEL.CARRY4,
u_dut/pc0_r4_2_reg[0],FDRE,SLICE_X4Y229,SLICEL.A5FF,1'b0
u_dut/pc0_r4_2_reg[1],FDRE,SLICE_X2Y230,SLICEM.AFF,1'b0
u_dut/pc0_r4_2_reg[2],FDRE,SLICE_X4Y230,SLICEL.C5FF,1'b0
u_dut/pc0_r4_2_reg[3],FDRE,SLICE_X2Y230,SLICEM.BFF,1'b0
u_dut/pc0_r6_0[3]_i_2,LUT3,SLICE_X3Y229,SLICEL.C5LUT,8'hE8
u_dut/pc0_r6_0[3]_i_3,LUT3,SLICE_X3Y229,SLICEL.B5LUT,8'hE8
u_dut/pc0_r6_0[3]_i_4,LUT3,SLICE_X3Y229,SLICEL.A5LUT,8'hE8
u_dut/pc0_r6_0[3]_i_5,LUT4,SLICE_X3Y229,SLICEL.D6LUT,16'h6996
u_dut/pc0_r6_0[3]_i_6,LUT4,SLICE_X3Y229,SLICEL.C6LUT,16'h6996
u_dut/pc0_r6_0[3]_i_7,LUT4,SLICE_X3Y229,SLICEL.B6LUT,16'h6996
u_dut/pc0_r6_0[3]_i_8,LUT3,SLICE_X3Y229,SLICEL.A6LUT,8'h96
u_dut/pc0_r6_0[7]_i_2,LUT2,SLICE_X3Y230,SLICEL.C5LUT,4'h8
u_dut/pc0_r6_0[7]_i_3,LUT2,SLICE_X3Y230,SLICEL.B5LUT,4'h8
u_dut/pc0_r6_0[7]_i_4,LUT3,SLICE_X3Y230,SLICEL.A5LUT,8'hE8
u_dut/pc0_r6_0[7]_i_5,LUT2,SLICE_X3Y230,SLICEL.D6LUT,4'h8
u_dut/pc0_r6_0[7]_i_6,LUT4,SLICE_X3Y230,SLICEL.C6LUT,16'h8778
u_dut/pc0_r6_0[7]_i_7,LUT4,SLICE_X3Y230,SLICEL.B6LUT,16'h8778
u_dut/pc0_r6_0[7]_i_8,LUT5,SLICE_X3Y230,SLICEL.A6LUT,32'hE81717E8
u_dut/pc0_r6_0_reg[0],FDRE,SLICE_X3Y229,SLICEL.AFF,1'b0
u_dut/pc0_r6_0_reg[1],FDRE,SLICE_X3Y229,SLICEL.BFF,1'b0
u_dut/pc0_r6_0_reg[2],FDRE,SLICE_X3Y229,SLICEL.CFF,1'b0
u_dut/pc0_r6_0_reg[3],FDRE,SLICE_X3Y229,SLICEL.DFF,1'b0
u_dut/pc0_r6_0_reg[3]_i_1,CARRY4,SLICE_X3Y229,SLICEL.CARRY4,
u_dut/pc0_r6_0_reg[4],FDRE,SLICE_X3Y230,SLICEL.AFF,1'b0
u_dut/pc0_r6_0_reg[5],FDRE,SLICE_X3Y230,SLICEL.BFF,1'b0
u_dut/pc0_r6_0_reg[6],FDRE,SLICE_X3Y230,SLICEL.CFF,1'b0
u_dut/pc0_r6_0_reg[7],FDRE,SLICE_X3Y230,SLICEL.DFF,1'b0
u_dut/pc0_r6_0_reg[7]_i_1,CARRY4,SLICE_X3Y230,SLICEL.CARRY4,
u_dut/pc1_a0[0]_i_1,LUT6,SLICE_X32Y231,SLICEL.B6LUT,64'h6996966996696996
u_dut/pc1_a0[1]_i_1,LUT6,SLICE_X32Y231,SLICEL.C6LUT,64'h8117177E177E7EE8
u_dut/pc1_a0[2]_i_1,LUT6,SLICE_X32Y231,SLICEL.D6LUT,64'hFEE8E880E8808000
u_dut/pc1_a0_reg[0],FDRE,SLICE_X32Y231,SLICEL.BFF,1'b0
u_dut/pc1_a0_reg[1],FDRE,SLICE_X32Y231,SLICEL.CFF,1'b0
u_dut/pc1_a0_reg[2],FDRE,SLICE_X32Y231,SLICEL.DFF,1'b0
u_dut/pc1_a10[0]_i_1,LUT6,SLICE_X32Y234,SLICEL.B6LUT,64'h6996966996696996
u_dut/pc1_a10[1]_i_1,LUT6,SLICE_X32Y234,SLICEL.C6LUT,64'h8117177E177E7EE8
u_dut/pc1_a10[2]_i_1,LUT6,SLICE_X32Y234,SLICEL.D6LUT,64'hFEE8E880E8808000
u_dut/pc1_a10_reg[0],FDRE,SLICE_X32Y234,SLICEL.BFF,1'b0
u_dut/pc1_a10_reg[1],FDRE,SLICE_X32Y234,SLICEL.CFF,1'b0
u_dut/pc1_a10_reg[2],FDRE,SLICE_X32Y234,SLICEL.DFF,1'b0
u_dut/pc1_a11[0]_i_1,LUT6,SLICE_X36Y234,SLICEL.A6LUT,64'h6996966996696996
u_dut/pc1_a11[1]_i_1,LUT6,SLICE_X36Y234,SLICEL.B6LUT,64'h8117177E177E7EE8
u_dut/pc1_a11[2]_i_1,LUT6,SLICE_X36Y234,SLICEL.C6LUT,64'hFEE8E880E8808000
u_dut/pc1_a11_reg[0],FDRE,SLICE_X36Y234,SLICEL.AFF,1'b0
u_dut/pc1_a11_reg[1],FDRE,SLICE_X36Y234,SLICEL.BFF,1'b0
u_dut/pc1_a11_reg[2],FDRE,SLICE_X36Y234,SLICEL.CFF,1'b0
u_dut/pc1_a12[0]_i_1,LUT6,SLICE_X36Y232,SLICEL.A6LUT,64'h6996966996696996
u_dut/pc1_a12[1]_i_1,LUT6,SLICE_X36Y232,SLICEL.B6LUT,64'h8117177E177E7EE8
u_dut/pc1_a12[2]_i_1,LUT6,SLICE_X36Y232,SLICEL.C6LUT,64'hFEE8E880E8808000
u_dut/pc1_a12_reg[0],FDRE,SLICE_X36Y232,SLICEL.AFF,1'b0
u_dut/pc1_a12_reg[1],FDRE,SLICE_X36Y232,SLICEL.BFF,1'b0
u_dut/pc1_a12_reg[2],FDRE,SLICE_X36Y232,SLICEL.CFF,1'b0
u_dut/pc1_a13[0]_i_1,LUT6,SLICE_X31Y231,SLICEL.B6LUT,64'h6996966996696996
u_dut/pc1_a13[1]_i_1,LUT6,SLICE_X31Y231,SLICEL.C6LUT,64'h8117177E177E7EE8
u_dut/pc1_a13[2]_i_1,LUT6,SLICE_X31Y231,SLICEL.D6LUT,64'hFEE8E880E8808000
u_dut/pc1_a13_reg[0],FDRE,SLICE_X31Y231,SLICEL.BFF,1'b0
u_dut/pc1_a13_reg[1],FDRE,SLICE_X31Y231,SLICEL.CFF,1'b0
u_dut/pc1_a13_reg[2],FDRE,SLICE_X31Y231,SLICEL.DFF,1'b0
u_dut/pc1_a14[0]_i_1,LUT6,SLICE_X36Y233,SLICEL.A6LUT,64'h6996966996696996
u_dut/pc1_a14[1]_i_1,LUT6,SLICE_X36Y233,SLICEL.B6LUT,64'h8117177E177E7EE8
u_dut/pc1_a14[2]_i_1,LUT6,SLICE_X36Y233,SLICEL.C6LUT,64'hFEE8E880E8808000
u_dut/pc1_a14_reg[0],FDRE,SLICE_X36Y233,SLICEL.AFF,1'b0
u_dut/pc1_a14_reg[1],FDRE,SLICE_X36Y233,SLICEL.BFF,1'b0
u_dut/pc1_a14_reg[2],FDRE,SLICE_X36Y233,SLICEL.CFF,1'b0
u_dut/pc1_a15[0]_i_1,LUT6,SLICE_X34Y233,SLICEL.B6LUT,64'h6996966996696996
u_dut/pc1_a15[1]_i_1,LUT6,SLICE_X34Y233,SLICEL.C6LUT,64'h8117177E177E7EE8
u_dut/pc1_a15[2]_i_1,LUT6,SLICE_X34Y233,SLICEL.D6LUT,64'hFEE8E880E8808000
u_dut/pc1_a15_reg[0],FDRE,SLICE_X34Y233,SLICEL.BFF,1'b0
u_dut/pc1_a15_reg[1],FDRE,SLICE_X34Y233,SLICEL.CFF,1'b0
u_dut/pc1_a15_reg[2],FDRE,SLICE_X34Y233,SLICEL.DFF,1'b0
u_dut/pc1_a16[0]_i_1,LUT6,SLICE_X26Y235,SLICEL.B6LUT,64'h6996966996696996
u_dut/pc1_a16[1]_i_1,LUT6,SLICE_X26Y235,SLICEL.C6LUT,64'h8117177E177E7EE8
u_dut/pc1_a16[2]_i_1,LUT6,SLICE_X26Y235,SLICEL.D6LUT,64'hFEE8E880E8808000
u_dut/pc1_a16_reg[0],FDRE,SLICE_X26Y235,SLICEL.BFF,1'b0
u_dut/pc1_a16_reg[1],FDRE,SLICE_X26Y235,SLICEL.CFF,1'b0
u_dut/pc1_a16_reg[2],FDRE,SLICE_X26Y235,SLICEL.DFF,1'b0
u_dut/pc1_a17[0]_i_1,LUT6,SLICE_X30Y237,SLICEL.B6LUT,64'h6996966996696996
u_dut/pc1_a17[1]_i_1,LUT6,SLICE_X30Y237,SLICEL.C6LUT,64'h8117177E177E7EE8
u_dut/pc1_a17[2]_i_1,LUT6,SLICE_X30Y237,SLICEL.D6LUT,64'hFEE8E880E8808000
u_dut/pc1_a17_reg[0],FDRE,SLICE_X30Y237,SLICEL.BFF,1'b0
u_dut/pc1_a17_reg[1],FDRE,SLICE_X30Y237,SLICEL.CFF,1'b0
u_dut/pc1_a17_reg[2],FDRE,SLICE_X30Y237,SLICEL.DFF,1'b0
u_dut/pc1_a18[0]_i_1,LUT6,SLICE_X25Y235,SLICEL.B6LUT,64'h6996966996696996
u_dut/pc1_a18[1]_i_1,LUT6,SLICE_X25Y235,SLICEL.C6LUT,64'h8117177E177E7EE8
u_dut/pc1_a18[2]_i_1,LUT6,SLICE_X25Y235,SLICEL.D6LUT,64'hFEE8E880E8808000
u_dut/pc1_a18_reg[0],FDRE,SLICE_X25Y235,SLICEL.BFF,1'b0
u_dut/pc1_a18_reg[1],FDRE,SLICE_X25Y235,SLICEL.CFF,1'b0
u_dut/pc1_a18_reg[2],FDRE,SLICE_X25Y235,SLICEL.DFF,1'b0
u_dut/pc1_a19[0]_i_1,LUT6,SLICE_X32Y235,SLICEL.A6LUT,64'h6996966996696996
u_dut/pc1_a19[1]_i_1,LUT6,SLICE_X32Y235,SLICEL.B6LUT,64'h8117177E177E7EE8
u_dut/pc1_a19[2]_i_1,LUT6,SLICE_X32Y235,SLICEL.C6LUT,64'hFEE8E880E8808000
u_dut/pc1_a19_reg[0],FDRE,SLICE_X32Y235,SLICEL.AFF,1'b0
u_dut/pc1_a19_reg[1],FDRE,SLICE_X32Y235,SLICEL.BFF,1'b0
u_dut/pc1_a19_reg[2],FDRE,SLICE_X32Y235,SLICEL.CFF,1'b0
u_dut/pc1_a1[0]_i_1,LUT6,SLICE_X31Y233,SLICEL.B6LUT,64'h6996966996696996
u_dut/pc1_a1[1]_i_1,LUT6,SLICE_X31Y233,SLICEL.C6LUT,64'h8117177E177E7EE8
u_dut/pc1_a1[2]_i_1,LUT6,SLICE_X31Y233,SLICEL.D6LUT,64'hFEE8E880E8808000
u_dut/pc1_a1_reg[0],FDRE,SLICE_X31Y233,SLICEL.BFF,1'b0
u_dut/pc1_a1_reg[1],FDRE,SLICE_X31Y233,SLICEL.CFF,1'b0
u_dut/pc1_a1_reg[2],FDRE,SLICE_X31Y233,SLICEL.DFF,1'b0
u_dut/pc1_a20[0]_i_1,LUT6,SLICE_X34Y228,SLICEL.B6LUT,64'h6996966996696996
u_dut/pc1_a20[1]_i_1,LUT6,SLICE_X34Y228,SLICEL.C6LUT,64'h8117177E177E7EE8
u_dut/pc1_a20[2]_i_1,LUT6,SLICE_X34Y228,SLICEL.D6LUT,64'hFEE8E880E8808000
u_dut/pc1_a20_reg[0],FDRE,SLICE_X34Y228,SLICEL.BFF,1'b0
u_dut/pc1_a20_reg[1],FDRE,SLICE_X34Y228,SLICEL.CFF,1'b0
u_dut/pc1_a20_reg[2],FDRE,SLICE_X34Y228,SLICEL.DFF,1'b0
u_dut/pc1_a21[0]_i_1,LUT6,SLICE_X29Y236,SLICEL.B6LUT,64'h6996966996696996
u_dut/pc1_a21[1]_i_1,LUT6,SLICE_X29Y236,SLICEL.C6LUT,64'h8117177E177E7EE8
u_dut/pc1_a21[2]_i_1,LUT6,SLICE_X29Y236,SLICEL.D6LUT,64'hFEE8E880E8808000
u_dut/pc1_a21_reg[0],FDRE,SLICE_X29Y236,SLICEL.BFF,1'b0
u_dut/pc1_a21_reg[1],FDRE,SLICE_X29Y236,SLICEL.CFF,1'b0
u_dut/pc1_a21_reg[2],FDRE,SLICE_X29Y236,SLICEL.DFF,1'b0
u_dut/pc1_a22[0]_i_1,LUT6,SLICE_X31Y236,SLICEL.A6LUT,64'h6996966996696996
u_dut/pc1_a22[1]_i_1,LUT6,SLICE_X31Y236,SLICEL.B6LUT,64'h8117177E177E7EE8
u_dut/pc1_a22[2]_i_1,LUT6,SLICE_X31Y236,SLICEL.C6LUT,64'hFEE8E880E8808000
u_dut/pc1_a22_reg[0],FDRE,SLICE_X31Y236,SLICEL.AFF,1'b0
u_dut/pc1_a22_reg[1],FDRE,SLICE_X31Y236,SLICEL.BFF,1'b0
u_dut/pc1_a22_reg[2],FDRE,SLICE_X31Y236,SLICEL.CFF,1'b0
u_dut/pc1_a23[0]_i_1,LUT6,SLICE_X33Y233,SLICEL.B6LUT,64'h6996966996696996
u_dut/pc1_a23[1]_i_1,LUT6,SLICE_X33Y233,SLICEL.C6LUT,64'h8117177E177E7EE8
u_dut/pc1_a23[2]_i_1,LUT6,SLICE_X33Y233,SLICEL.D6LUT,64'hFEE8E880E8808000
u_dut/pc1_a23_reg[0],FDRE,SLICE_X33Y233,SLICEL.BFF,1'b0
u_dut/pc1_a23_reg[1],FDRE,SLICE_X33Y233,SLICEL.CFF,1'b0
u_dut/pc1_a23_reg[2],FDRE,SLICE_X33Y233,SLICEL.DFF,1'b0
u_dut/pc1_a24[0]_i_1,LUT6,SLICE_X35Y235,SLICEL.A6LUT,64'h6996966996696996
u_dut/pc1_a24[1]_i_1,LUT6,SLICE_X35Y235,SLICEL.B6LUT,64'h8117177E177E7EE8
u_dut/pc1_a24[2]_i_1,LUT6,SLICE_X35Y235,SLICEL.C6LUT,64'hFEE8E880E8808000
u_dut/pc1_a24_reg[0],FDRE,SLICE_X35Y235,SLICEL.AFF,1'b0
u_dut/pc1_a24_reg[1],FDRE,SLICE_X35Y235,SLICEL.BFF,1'b0
u_dut/pc1_a24_reg[2],FDRE,SLICE_X35Y235,SLICEL.CFF,1'b0
u_dut/pc1_a25[0]_i_1,LUT6,SLICE_X34Y230,SLICEL.B6LUT,64'h6996966996696996
u_dut/pc1_a25[1]_i_1,LUT6,SLICE_X34Y230,SLICEL.C6LUT,64'h8117177E177E7EE8
u_dut/pc1_a25[2]_i_1,LUT6,SLICE_X34Y230,SLICEL.D6LUT,64'hFEE8E880E8808000
u_dut/pc1_a25_reg[0],FDRE,SLICE_X34Y230,SLICEL.BFF,1'b0
u_dut/pc1_a25_reg[1],FDRE,SLICE_X34Y230,SLICEL.CFF,1'b0
u_dut/pc1_a25_reg[2],FDRE,SLICE_X34Y230,SLICEL.DFF,1'b0
u_dut/pc1_a26[0]_i_1,LUT6,SLICE_X35Y232,SLICEL.B6LUT,64'h6996966996696996
u_dut/pc1_a26[1]_i_1,LUT6,SLICE_X35Y232,SLICEL.C6LUT,64'h8117177E177E7EE8
u_dut/pc1_a26[2]_i_1,LUT6,SLICE_X35Y232,SLICEL.D6LUT,64'hFEE8E880E8808000
u_dut/pc1_a26_reg[0],FDRE,SLICE_X35Y232,SLICEL.BFF,1'b0
u_dut/pc1_a26_reg[1],FDRE,SLICE_X35Y232,SLICEL.CFF,1'b0
u_dut/pc1_a26_reg[2],FDRE,SLICE_X35Y232,SLICEL.DFF,1'b0
u_dut/pc1_a27[0]_i_1,LUT6,SLICE_X35Y234,SLICEL.A6LUT,64'h6996966996696996
u_dut/pc1_a27[1]_i_1,LUT6,SLICE_X35Y234,SLICEL.B6LUT,64'h8117177E177E7EE8
u_dut/pc1_a27[2]_i_1,LUT6,SLICE_X35Y234,SLICEL.C6LUT,64'hFEE8E880E8808000
u_dut/pc1_a27_reg[0],FDRE,SLICE_X35Y234,SLICEL.AFF,1'b0
u_dut/pc1_a27_reg[1],FDRE,SLICE_X35Y234,SLICEL.BFF,1'b0
u_dut/pc1_a27_reg[2],FDRE,SLICE_X35Y234,SLICEL.CFF,1'b0
u_dut/pc1_a28[0]_i_1,LUT6,SLICE_X30Y236,SLICEL.B6LUT,64'h6996966996696996
u_dut/pc1_a28[1]_i_1,LUT6,SLICE_X30Y236,SLICEL.C6LUT,64'h8117177E177E7EE8
u_dut/pc1_a28[2]_i_1,LUT6,SLICE_X30Y236,SLICEL.D6LUT,64'hFEE8E880E8808000
u_dut/pc1_a28_reg[0],FDRE,SLICE_X30Y236,SLICEL.BFF,1'b0
u_dut/pc1_a28_reg[1],FDRE,SLICE_X30Y236,SLICEL.CFF,1'b0
u_dut/pc1_a28_reg[2],FDRE,SLICE_X30Y236,SLICEL.DFF,1'b0
u_dut/pc1_a29[0]_i_1,LUT6,SLICE_X29Y235,SLICEL.B6LUT,64'h6996966996696996
u_dut/pc1_a29[1]_i_1,LUT6,SLICE_X29Y235,SLICEL.C6LUT,64'h8117177E177E7EE8
u_dut/pc1_a29[2]_i_1,LUT6,SLICE_X29Y235,SLICEL.D6LUT,64'hFEE8E880E8808000
u_dut/pc1_a29_reg[0],FDRE,SLICE_X29Y235,SLICEL.BFF,1'b0
u_dut/pc1_a29_reg[1],FDRE,SLICE_X29Y235,SLICEL.CFF,1'b0
u_dut/pc1_a29_reg[2],FDRE,SLICE_X29Y235,SLICEL.DFF,1'b0
u_dut/pc1_a2[0]_i_1,LUT6,SLICE_X30Y234,SLICEL.B6LUT,64'h6996966996696996
u_dut/pc1_a2[1]_i_1,LUT6,SLICE_X30Y234,SLICEL.C6LUT,64'h8117177E177E7EE8
u_dut/pc1_a2[2]_i_1,LUT6,SLICE_X30Y234,SLICEL.D6LUT,64'hFEE8E880E8808000
u_dut/pc1_a2_reg[0],FDRE,SLICE_X30Y234,SLICEL.BFF,1'b0
u_dut/pc1_a2_reg[1],FDRE,SLICE_X30Y234,SLICEL.CFF,1'b0
u_dut/pc1_a2_reg[2],FDRE,SLICE_X30Y234,SLICEL.DFF,1'b0
u_dut/pc1_a30[0]_i_1,LUT6,SLICE_X31Y235,SLICEL.B6LUT,64'h6996966996696996
u_dut/pc1_a30[1]_i_1,LUT6,SLICE_X31Y235,SLICEL.C6LUT,64'h8117177E177E7EE8
u_dut/pc1_a30[2]_i_1,LUT6,SLICE_X31Y235,SLICEL.D6LUT,64'hFEE8E880E8808000
u_dut/pc1_a30_reg[0],FDRE,SLICE_X31Y235,SLICEL.BFF,1'b0
u_dut/pc1_a30_reg[1],FDRE,SLICE_X31Y235,SLICEL.CFF,1'b0
u_dut/pc1_a30_reg[2],FDRE,SLICE_X31Y235,SLICEL.DFF,1'b0
u_dut/pc1_a31[0]_i_1,LUT6,SLICE_X30Y232,SLICEL.B6LUT,64'h6996966996696996
u_dut/pc1_a31[1]_i_1,LUT6,SLICE_X30Y232,SLICEL.C6LUT,64'h8117177E177E7EE8
u_dut/pc1_a31[2]_i_1,LUT6,SLICE_X30Y232,SLICEL.D6LUT,64'hFEE8E880E8808000
u_dut/pc1_a31_reg[0],FDRE,SLICE_X30Y232,SLICEL.BFF,1'b0
u_dut/pc1_a31_reg[1],FDRE,SLICE_X30Y232,SLICEL.CFF,1'b0
u_dut/pc1_a31_reg[2],FDRE,SLICE_X30Y232,SLICEL.DFF,1'b0
u_dut/pc1_a32[0]_i_1,LUT6,SLICE_X31Y234,SLICEL.B6LUT,64'h6996966996696996
u_dut/pc1_a32[1]_i_1,LUT6,SLICE_X31Y234,SLICEL.C6LUT,64'h8117177E177E7EE8
u_dut/pc1_a32[2]_i_1,LUT6,SLICE_X31Y234,SLICEL.D6LUT,64'hFEE8E880E8808000
u_dut/pc1_a32_reg[0],FDRE,SLICE_X31Y234,SLICEL.BFF,1'b0
u_dut/pc1_a32_reg[1],FDRE,SLICE_X31Y234,SLICEL.CFF,1'b0
u_dut/pc1_a32_reg[2],FDRE,SLICE_X31Y234,SLICEL.DFF,1'b0
u_dut/pc1_a33[0]_i_1,LUT2,SLICE_X35Y231,SLICEL.A6LUT,4'h6
u_dut/pc1_a33[1]_i_1,LUT2,SLICE_X35Y231,SLICEL.A5LUT,4'h8
u_dut/pc1_a33_reg[0],FDRE,SLICE_X35Y231,SLICEL.AFF,1'b0
u_dut/pc1_a33_reg[1],FDRE,SLICE_X35Y231,SLICEL.A5FF,1'b0
u_dut/pc1_a3[0]_i_1,LUT6,SLICE_X32Y236,SLICEL.B6LUT,64'h6996966996696996
u_dut/pc1_a3[1]_i_1,LUT6,SLICE_X32Y235,SLICEL.D6LUT,64'h8117177E177E7EE8
u_dut/pc1_a3[2]_i_1,LUT6,SLICE_X31Y236,SLICEL.D6LUT,64'hFEE8E880E8808000
u_dut/pc1_a3_reg[0],FDRE,SLICE_X32Y236,SLICEL.BFF,1'b0
u_dut/pc1_a3_reg[1],FDRE,SLICE_X32Y235,SLICEL.DFF,1'b0
u_dut/pc1_a3_reg[2],FDRE,SLICE_X31Y236,SLICEL.DFF,1'b0
u_dut/pc1_a4[0]_i_1,LUT6,SLICE_X34Y231,SLICEL.B6LUT,64'h6996966996696996
u_dut/pc1_a4[1]_i_1,LUT6,SLICE_X34Y231,SLICEL.C6LUT,64'h8117177E177E7EE8
u_dut/pc1_a4[2]_i_1,LUT6,SLICE_X34Y231,SLICEL.D6LUT,64'hFEE8E880E8808000
u_dut/pc1_a4_reg[0],FDRE,SLICE_X34Y231,SLICEL.BFF,1'b0
u_dut/pc1_a4_reg[1],FDRE,SLICE_X34Y231,SLICEL.CFF,1'b0
u_dut/pc1_a4_reg[2],FDRE,SLICE_X34Y231,SLICEL.DFF,1'b0
u_dut/pc1_a5[0]_i_1,LUT6,SLICE_X37Y231,SLICEL.A6LUT,64'h6996966996696996
u_dut/pc1_a5[1]_i_1,LUT6,SLICE_X37Y231,SLICEL.B6LUT,64'h8117177E177E7EE8
u_dut/pc1_a5[2]_i_1,LUT6,SLICE_X37Y231,SLICEL.C6LUT,64'hFEE8E880E8808000
u_dut/pc1_a5_reg[0],FDRE,SLICE_X37Y231,SLICEL.AFF,1'b0
u_dut/pc1_a5_reg[1],FDRE,SLICE_X37Y231,SLICEL.BFF,1'b0
u_dut/pc1_a5_reg[2],FDRE,SLICE_X37Y231,SLICEL.CFF,1'b0
u_dut/pc1_a6[0]_i_1,LUT6,SLICE_X35Y233,SLICEL.A6LUT,64'h6996966996696996
u_dut/pc1_a6[1]_i_1,LUT6,SLICE_X35Y233,SLICEL.B6LUT,64'h8117177E177E7EE8
u_dut/pc1_a6[2]_i_1,LUT6,SLICE_X35Y233,SLICEL.C6LUT,64'hFEE8E880E8808000
u_dut/pc1_a6_reg[0],FDRE,SLICE_X35Y233,SLICEL.AFF,1'b0
u_dut/pc1_a6_reg[1],FDRE,SLICE_X35Y233,SLICEL.BFF,1'b0
u_dut/pc1_a6_reg[2],FDRE,SLICE_X35Y233,SLICEL.CFF,1'b0
u_dut/pc1_a7[0]_i_1,LUT6,SLICE_X28Y234,SLICEL.A6LUT,64'h6996966996696996
u_dut/pc1_a7[1]_i_1,LUT6,SLICE_X28Y234,SLICEL.B6LUT,64'h8117177E177E7EE8
u_dut/pc1_a7[2]_i_1,LUT6,SLICE_X28Y234,SLICEL.C6LUT,64'hFEE8E880E8808000
u_dut/pc1_a7_reg[0],FDRE,SLICE_X28Y234,SLICEL.AFF,1'b0
u_dut/pc1_a7_reg[1],FDRE,SLICE_X28Y234,SLICEL.BFF,1'b0
u_dut/pc1_a7_reg[2],FDRE,SLICE_X28Y234,SLICEL.CFF,1'b0
u_dut/pc1_a8[0]_i_1,LUT6,SLICE_X35Y234,SLICEL.D6LUT,64'h6996966996696996
u_dut/pc1_a8[1]_i_1,LUT6,SLICE_X35Y233,SLICEL.D6LUT,64'h8117177E177E7EE8
u_dut/pc1_a8[2]_i_1,LUT6,SLICE_X34Y234,SLICEL.C6LUT,64'hFEE8E880E8808000
u_dut/pc1_a8_reg[0],FDRE,SLICE_X35Y234,SLICEL.DFF,1'b0
u_dut/pc1_a8_reg[1],FDRE,SLICE_X35Y233,SLICEL.DFF,1'b0
u_dut/pc1_a8_reg[2],FDRE,SLICE_X34Y234,SLICEL.CFF,1'b0
u_dut/pc1_a9[0]_i_1,LUT6,SLICE_X29Y234,SLICEL.B6LUT,64'h6996966996696996
u_dut/pc1_a9[1]_i_1,LUT6,SLICE_X29Y234,SLICEL.C6LUT,64'h8117177E177E7EE8
u_dut/pc1_a9[2]_i_1,LUT6,SLICE_X29Y234,SLICEL.D6LUT,64'hFEE8E880E8808000
u_dut/pc1_a9_reg[0],FDRE,SLICE_X29Y234,SLICEL.BFF,1'b0
u_dut/pc1_a9_reg[1],FDRE,SLICE_X29Y234,SLICEL.CFF,1'b0
u_dut/pc1_a9_reg[2],FDRE,SLICE_X29Y234,SLICEL.DFF,1'b0
u_dut/pc1_r2_0[0]_i_1,LUT4,SLICE_X32Y236,SLICEL.C6LUT,16'h6996
u_dut/pc1_r2_0[1]_i_1,LUT5,SLICE_X32Y236,SLICEL.D6LUT,32'h81177EE8
u_dut/pc1_r2_0[1]_i_2,LUT4,SLICE_X34Y234,SLICEL.D6LUT,16'h6996
u_dut/pc1_r2_0[2]_i_1,LUT6,SLICE_X39Y234,SLICEL.A6LUT,64'h9669699666666666
u_dut/pc1_r2_0[2]_i_2,LUT5,SLICE_X32Y236,SLICEL.D5LUT,32'hFEE88000
u_dut/pc1_r2_0[2]_i_3,LUT5,SLICE_X38Y234,SLICEM.D6LUT,32'h96696996
u_dut/pc1_r2_0[3]_i_1,LUT6,SLICE_X38Y236,SLICEM.A6LUT,64'hA99595569556566A
u_dut/pc1_r2_0[4]_i_1,LUT6,SLICE_X38Y236,SLICEM.B6LUT,64'hFEEAEAA8EAA8A880
u_dut/pc1_r2_0[4]_i_2,LUT6,SLICE_X38Y234,SLICEM.B6LUT,64'hEBBEAAAA82280000
u_dut/pc1_r2_0[4]_i_3,LUT3,SLICE_X34Y234,SLICEL.D5LUT,8'hE8
u_dut/pc1_r2_0_reg[0],FDRE,SLICE_X32Y236,SLICEL.CFF,1'b0
u_dut/pc1_r2_0_reg[1],FDRE,SLICE_X38Y237,SLICEM.AFF,1'b0
u_dut/pc1_r2_0_reg[2],FDRE,SLICE_X39Y234,SLICEL.AFF,1'b0
u_dut/pc1_r2_0_reg[3],FDRE,SLICE_X38Y236,SLICEM.AFF,1'b0
u_dut/pc1_r2_0_reg[4],FDRE,SLICE_X38Y236,SLICEM.BFF,1'b0
u_dut/pc1_r2_1[0]_i_1,LUT4,SLICE_X39Y233,SLICEL.A6LUT,16'h6996
u_dut/pc1_r2_1[1]_i_1,LUT5,SLICE_X39Y233,SLICEL.B6LUT,32'h81177EE8
u_dut/pc1_r2_1[1]_i_2,LUT4,SLICE_X38Y233,SLICEM.A6LUT,16'h6996
u_dut/pc1_r2_1[2]_i_1,LUT6,SLICE_X38Y233,SLICEM.B6LUT,64'h9669699666666666
u_dut/pc1_r2_1[2]_i_2,LUT5,SLICE_X39Y233,SLICEL.B5LUT,32'hFEE88000
u_dut/pc1_r2_1[2]_i_3,LUT5,SLICE_X38Y233,SLICEM.D6LUT,32'h96696996
u_dut/pc1_r2_1[3]_i_1,LUT6,SLICE_X37Y234,SLICEL.A6LUT,64'hA99595569556566A
u_dut/pc1_r2_1[4]_i_1,LUT6,SLICE_X37Y234,SLICEL.B6LUT,64'hFEEAEAA8EAA8A880
u_dut/pc1_r2_1[4]_i_2,LUT6,SLICE_X38Y233,SLICEM.C6LUT,64'hEBBEAAAA82280000
u_dut/pc1_r2_1[4]_i_3,LUT3,SLICE_X38Y233,SLICEM.A5LUT,8'hE8
u_dut/pc1_r2_1_reg[0],FDRE,SLICE_X39Y233,SLICEL.AFF,1'b0
u_dut/pc1_r2_1_reg[1],FDRE,SLICE_X39Y235,SLICEL.AFF,1'b0
u_dut/pc1_r2_1_reg[2],FDRE,SLICE_X38Y233,SLICEM.BFF,1'b0
u_dut/pc1_r2_1_reg[3],FDRE,SLICE_X37Y234,SLICEL.AFF,1'b0
u_dut/pc1_r2_1_reg[4],FDRE,SLICE_X37Y234,SLICEL.BFF,1'b0
u_dut/pc1_r2_2[0]_i_1,LUT4,SLICE_X36Y234,SLICEL.D6LUT,16'h6996
u_dut/pc1_r2_2[1]_i_1,LUT5,SLICE_X37Y234,SLICEL.C6LUT,32'h81177EE8
u_dut/pc1_r2_2[1]_i_2,LUT4,SLICE_X37Y234,SLICEL.D6LUT,16'h6996
u_dut/pc1_r2_2[2]_i_1,LUT6,SLICE_X38Y234,SLICEM.A6LUT,64'h9669699666666666
u_dut/pc1_r2_2[2]_i_2,LUT5,SLICE_X37Y234,SLICEL.C5LUT,32'hFEE88000
u_dut/pc1_r2_2[2]_i_3,LUT5,SLICE_X39Y234,SLICEL.D6LUT,32'h96696996
u_dut/pc1_r2_2[3]_i_1,LUT6,SLICE_X39Y234,SLICEL.B6LUT,64'hA99595569556566A
u_dut/pc1_r2_2[4]_i_1,LUT6,SLICE_X39Y234,SLICEL.C6LUT,64'hFEEAEAA8EAA8A880
u_dut/pc1_r2_2[4]_i_2,LUT6,SLICE_X38Y234,SLICEM.C6LUT,64'hEBBEAAAA82280000
u_dut/pc1_r2_2[4]_i_3,LUT3,SLICE_X37Y234,SLICEL.D5LUT,8'hE8
u_dut/pc1_r2_2_reg[0],FDRE,SLICE_X36Y234,SLICEL.DFF,1'b0
u_dut/pc1_r2_2_reg[1],FDRE,SLICE_X38Y237,SLICEM.BFF,1'b0
u_dut/pc1_r2_2_reg[2],FDRE,SLICE_X38Y234,SLICEM.AFF,1'b0
u_dut/pc1_r2_2_reg[3],FDRE,SLICE_X39Y234,SLICEL.BFF,1'b0
u_dut/pc1_r2_2_reg[4],FDRE,SLICE_X39Y234,SLICEL.CFF,1'b0
u_dut/pc1_r2_3[0]_i_1,LUT4,SLICE_X39Y233,SLICEL.C6LUT,16'h6996
u_dut/pc1_r2_3[1]_i_1,LUT5,SLICE_X39Y233,SLICEL.D6LUT,32'h81177EE8
u_dut/pc1_r2_3[1]_i_2,LUT4,SLICE_X36Y233,SLICEL.D6LUT,16'h6996
u_dut/pc1_r2_3[2]_i_1,LUT6,SLICE_X37Y233,SLICEL.A6LUT,64'h9669699666666666
u_dut/pc1_r2_3[2]_i_2,LUT5,SLICE_X39Y233,SLICEL.D5LUT,32'hFEE88000
u_dut/pc1_r2_3[2]_i_3,LUT5,SLICE_X37Y232,SLICEL.C6LUT,32'h96696996
u_dut/pc1_r2_3[3]_i_1,LUT6,SLICE_X37Y233,SLICEL.B6LUT,64'hA99595569556566A
u_dut/pc1_r2_3[4]_i_1,LUT6,SLICE_X37Y233,SLICEL.C6LUT,64'hFEEAEAA8EAA8A880
u_dut/pc1_r2_3[4]_i_2,LUT6,SLICE_X37Y233,SLICEL.D6LUT,64'hEBBEAAAA82280000
u_dut/pc1_r2_3[4]_i_3,LUT3,SLICE_X36Y233,SLICEL.D5LUT,8'hE8
u_dut/pc1_r2_3_reg[0],FDRE,SLICE_X39Y233,SLICEL.CFF,1'b0
u_dut/pc1_r2_3_reg[1],FDRE,SLICE_X38Y237,SLICEM.CFF,1'b0
u_dut/pc1_r2_3_reg[2],FDRE,SLICE_X37Y233,SLICEL.AFF,1'b0
u_dut/pc1_r2_3_reg[3],FDRE,SLICE_X37Y233,SLICEL.BFF,1'b0
u_dut/pc1_r2_3_reg[4],FDRE,SLICE_X37Y233,SLICEL.CFF,1'b0
u_dut/pc1_r2_4[0]_i_1,LUT4,SLICE_X33Y235,SLICEL.A6LUT,16'h6996
u_dut/pc1_r2_4[1]_i_1,LUT5,SLICE_X34Y235,SLICEL.A6LUT,32'h81177EE8
u_dut/pc1_r2_4[1]_i_2,LUT4,SLICE_X34Y235,SLICEL.B6LUT,16'h6996
u_dut/pc1_r2_4[2]_i_1,LUT6,SLICE_X34Y235,SLICEL.C6LUT,64'h9669699666666666
u_dut/pc1_r2_4[2]_i_2,LUT5,SLICE_X34Y235,SLICEL.A5LUT,32'hFEE88000
u_dut/pc1_r2_4[2]_i_3,LUT5,SLICE_X33Y235,SLICEL.D6LUT,32'h96696996
u_dut/pc1_r2_4[3]_i_1,LUT6,SLICE_X33Y235,SLICEL.B6LUT,64'hA99595569556566A
u_dut/pc1_r2_4[4]_i_1,LUT6,SLICE_X33Y235,SLICEL.C6LUT,64'hFEEAEAA8EAA8A880
u_dut/pc1_r2_4[4]_i_2,LUT6,SLICE_X34Y235,SLICEL.D6LUT,64'hEBBEAAAA82280000
u_dut/pc1_r2_4[4]_i_3,LUT3,SLICE_X34Y235,SLICEL.B5LUT,8'hE8
u_dut/pc1_r2_4_reg[0],FDRE,SLICE_X33Y235,SLICEL.AFF,1'b0
u_dut/pc1_r2_4_reg[1],FDRE,SLICE_X34Y235,SLICEL.AFF,1'b0
u_dut/pc1_r2_4_reg[2],FDRE,SLICE_X34Y235,SLICEL.CFF,1'b0
u_dut/pc1_r2_4_reg[3],FDRE,SLICE_X33Y235,SLICEL.BFF,1'b0
u_dut/pc1_r2_4_reg[4],FDRE,SLICE_X33Y235,SLICEL.CFF,1'b0
u_dut/pc1_r2_5[0]_i_1,LUT4,SLICE_X35Y236,SLICEL.A6LUT,16'h6996
u_dut/pc1_r2_5[1]_i_1,LUT5,SLICE_X35Y236,SLICEL.B6LUT,32'h81177EE8
u_dut/pc1_r2_5[1]_i_2,LUT4,SLICE_X35Y236,SLICEL.C6LUT,16'h6996
u_dut/pc1_r2_5[2]_i_1,LUT6,SLICE_X35Y237,SLICEL.A6LUT,64'h9669699666666666
u_dut/pc1_r2_5[2]_i_2,LUT5,SLICE_X35Y236,SLICEL.B5LUT,32'hFEE88000
u_dut/pc1_r2_5[2]_i_3,LUT5,SLICE_X36Y237,SLICEL.D6LUT,32'h96696996
u_dut/pc1_r2_5[3]_i_1,LUT6,SLICE_X36Y237,SLICEL.A6LUT,64'hA99595569556566A
u_dut/pc1_r2_5[4]_i_1,LUT6,SLICE_X36Y237,SLICEL.B6LUT,64'hFEEAEAA8EAA8A880
u_dut/pc1_r2_5[4]_i_2,LUT6,SLICE_X36Y237,SLICEL.C6LUT,64'hEBBEAAAA82280000
u_dut/pc1_r2_5[4]_i_3,LUT3,SLICE_X35Y236,SLICEL.C5LUT,8'hE8
u_dut/pc1_r2_5_reg[0],FDRE,SLICE_X35Y236,SLICEL.AFF,1'b0
u_dut/pc1_r2_5_reg[1],FDRE,SLICE_X35Y237,SLICEL.A5FF,1'b0
u_dut/pc1_r2_5_reg[2],FDRE,SLICE_X35Y237,SLICEL.AFF,1'b0
u_dut/pc1_r2_5_reg[3],FDRE,SLICE_X36Y237,SLICEL.AFF,1'b0
u_dut/pc1_r2_5_reg[4],FDRE,SLICE_X36Y237,SLICEL.BFF,1'b0
u_dut/pc1_r2_6[0]_i_1,LUT4,SLICE_X35Y235,SLICEL.D6LUT,16'h6996
u_dut/pc1_r2_6[1]_i_1,LUT5,SLICE_X36Y235,SLICEL.A6LUT,32'h81177EE8
u_dut/pc1_r2_6[1]_i_2,LUT4,SLICE_X36Y235,SLICEL.B6LUT,16'h6996
u_dut/pc1_r2_6[2]_i_1,LUT6,SLICE_X36Y235,SLICEL.C6LUT,64'h9669699666666666
u_dut/pc1_r2_6[2]_i_2,LUT5,SLICE_X36Y235,SLICEL.A5LUT,32'hFEE88000
u_dut/pc1_r2_6[2]_i_3,LUT5,SLICE_X36Y236,SLICEL.D6LUT,32'h96696996
u_dut/pc1_r2_6[3]_i_1,LUT6,SLICE_X36Y236,SLICEL.A6LUT,64'hA99595569556566A
u_dut/pc1_r2_6[4]_i_1,LUT6,SLICE_X36Y236,SLICEL.B6LUT,64'hFEEAEAA8EAA8A880
u_dut/pc1_r2_6[4]_i_2,LUT6,SLICE_X36Y235,SLICEL.D6LUT,64'hEBBEAAAA82280000
u_dut/pc1_r2_6[4]_i_3,LUT3,SLICE_X36Y235,SLICEL.B5LUT,8'hE8
u_dut/pc1_r2_6_reg[0],FDRE,SLICE_X35Y235,SLICEL.DFF,1'b0
u_dut/pc1_r2_6_reg[1],FDRE,SLICE_X34Y235,SLICEL.BFF,1'b0
u_dut/pc1_r2_6_reg[2],FDRE,SLICE_X36Y235,SLICEL.CFF,1'b0
u_dut/pc1_r2_6_reg[3],FDRE,SLICE_X36Y236,SLICEL.AFF,1'b0
u_dut/pc1_r2_6_reg[4],FDRE,SLICE_X36Y236,SLICEL.BFF,1'b0
u_dut/pc1_r2_7[0]_i_1,LUT4,SLICE_X33Y236,SLICEL.A6LUT,16'h6996
u_dut/pc1_r2_7[1]_i_1,LUT5,SLICE_X33Y237,SLICEL.A6LUT,32'h81177EE8
u_dut/pc1_r2_7[1]_i_2,LUT4,SLICE_X33Y237,SLICEL.B6LUT,16'h6996
u_dut/pc1_r2_7[2]_i_1,LUT6,SLICE_X33Y237,SLICEL.C6LUT,64'h9669699666666666
u_dut/pc1_r2_7[2]_i_2,LUT5,SLICE_X33Y237,SLICEL.A5LUT,32'hFEE88000
u_dut/pc1_r2_7[2]_i_3,LUT5,SLICE_X33Y236,SLICEL.D6LUT,32'h96696996
u_dut/pc1_r2_7[3]_i_1,LUT6,SLICE_X33Y236,SLICEL.B6LUT,64'hA99595569556566A
u_dut/pc1_r2_7[4]_i_1,LUT6,SLICE_X33Y236,SLICEL.C6LUT,64'hFEEAEAA8EAA8A880
u_dut/pc1_r2_7[4]_i_2,LUT6,SLICE_X33Y237,SLICEL.D6LUT,64'hEBBEAAAA82280000
u_dut/pc1_r2_7[4]_i_3,LUT3,SLICE_X33Y237,SLICEL.B5LUT,8'hE8
u_dut/pc1_r2_7_reg[0],FDRE,SLICE_X33Y236,SLICEL.AFF,1'b0
u_dut/pc1_r2_7_reg[1],FDRE,SLICE_X35Y237,SLICEL.BFF,1'b0
u_dut/pc1_r2_7_reg[2],FDRE,SLICE_X33Y237,SLICEL.CFF,1'b0
u_dut/pc1_r2_7_reg[3],FDRE,SLICE_X33Y236,SLICEL.BFF,1'b0
u_dut/pc1_r2_7_reg[4],FDRE,SLICE_X33Y236,SLICEL.CFF,1'b0
u_dut/pc1_r2_8[0]_i_1,LUT2,SLICE_X36Y236,SLICEL.C6LUT,4'h6
u_dut/pc1_r2_8[1]_i_1,LUT4,SLICE_X36Y236,SLICEL.C5LUT,16'h8778
u_dut/pc1_r2_8[2]_i_1,LUT5,SLICE_X38Y236,SLICEM.C6LUT,32'h077FF880
u_dut/pc1_r2_8[3]_i_1,LUT5,SLICE_X38Y236,SLICEM.C5LUT,32'hAA808000
u_dut/pc1_r2_8_reg[0],FDRE,SLICE_X36Y236,SLICEL.CFF,1'b0
u_dut/pc1_r2_8_reg[1],FDRE,SLICE_X36Y236,SLICEL.C5FF,1'b0
u_dut/pc1_r2_8_reg[2],FDRE,SLICE_X38Y236,SLICEM.CFF,1'b0
u_dut/pc1_r2_8_reg[3],FDRE,SLICE_X38Y236,SLICEM.C5FF,1'b0
u_dut/pc1_r4_0[3]_i_2,LUT5,SLICE_X38Y237,SLICEM.C6LUT,32'hEEE8E888
u_dut/pc1_r4_0[3]_i_3,LUT5,SLICE_X38Y237,SLICEM.C5LUT,32'hE81717E8
u_dut/pc1_r4_0[3]_i_4,LUT4,SLICE_X38Y237,SLICEM.D6LUT,16'h6996
u_dut/pc1_r4_0[3]_i_5,LUT6,SLICE_X39Y237,SLICEL.D6LUT,64'h6969699669969696
u_dut/pc1_r4_0[3]_i_6,LUT6,SLICE_X39Y237,SLICEL.C6LUT,64'h6999999699969666
u_dut/pc1_r4_0[3]_i_7,LUT4,SLICE_X39Y237,SLICEL.B6LUT,16'h566A
u_dut/pc1_r4_0[3]_i_8,LUT4,SLICE_X39Y237,SLICEL.A6LUT,16'h6996
u_dut/pc1_r4_0[3]_i_9,LUT3,SLICE_X38Y237,SLICEM.B6LUT,8'h96
u_dut/pc1_r4_0[6]_i_2,LUT5,SLICE_X38Y238,SLICEM.A6LUT,32'hEEE8E888
u_dut/pc1_r4_0[6]_i_3,LUT5,SLICE_X38Y237,SLICEM.B5LUT,32'hEEE8E888
u_dut/pc1_r4_0[6]_i_4,LUT5,SLICE_X39Y238,SLICEL.B6LUT,32'h177E7EE8
u_dut/pc1_r4_0[6]_i_5,LUT6,SLICE_X39Y238,SLICEL.A6LUT,64'h6969699669969696
u_dut/pc1_r4_0[6]_i_6,LUT3,SLICE_X38Y238,SLICEM.B6LUT,8'h96
u_dut/pc1_r4_0[6]_i_7,LUT3,SLICE_X38Y237,SLICEM.A6LUT,8'h96
u_dut/pc1_r4_0[6]_i_8,LUT3,SLICE_X38Y237,SLICEM.A5LUT,8'hE8
u_dut/pc1_r4_0_reg[0],FDRE,SLICE_X39Y237,SLICEL.AFF,1'b0
u_dut/pc1_r4_0_reg[1],FDRE,SLICE_X39Y237,SLICEL.BFF,1'b0
u_dut/pc1_r4_0_reg[2],FDRE,SLICE_X39Y237,SLICEL.CFF,1'b0
u_dut/pc1_r4_0_reg[3],FDRE,SLICE_X39Y237,SLICEL.DFF,1'b0
u_dut/pc1_r4_0_reg[3]_i_1,CARRY4,SLICE_X39Y237,SLICEL.CARRY4,
u_dut/pc1_r4_0_reg[4],FDRE,SLICE_X39Y238,SLICEL.AFF,1'b0
u_dut/pc1_r4_0_reg[5],FDRE,SLICE_X39Y238,SLICEL.BFF,1'b0
u_dut/pc1_r4_0_reg[6],FDRE,SLICE_X39Y238,SLICEL.CFF,1'b0
u_dut/pc1_r4_0_reg[6]_i_1,CARRY4,SLICE_X39Y238,SLICEL.CARRY4,
u_dut/pc1_r4_1[3]_i_2,LUT5,SLICE_X35Y237,SLICEL.C6LUT,32'hEEE8E888
u_dut/pc1_r4_1[3]_i_3,LUT5,SLICE_X35Y237,SLICEL.C5LUT,32'hE81717E8
u_dut/pc1_r4_1[3]_i_4,LUT4,SLICE_X35Y237,SLICEL.D6LUT,16'h6996
u_dut/pc1_r4_1[3]_i_5,LUT6,SLICE_X34Y237,SLICEL.D6LUT,64'h6969699669969696
u_dut/pc1_r4_1[3]_i_6,LUT6,SLICE_X34Y237,SLICEL.C6LUT,64'h6999999699969666
u_dut/pc1_r4_1[3]_i_7,LUT4,SLICE_X34Y237,SLICEL.B6LUT,16'h566A
u_dut/pc1_r4_1[3]_i_8,LUT4,SLICE_X34Y237,SLICEL.A6LUT,16'h6996
u_dut/pc1_r4_1[3]_i_9,LUT3,SLICE_X35Y237,SLICEL.B6LUT,8'h96
u_dut/pc1_r4_1[6]_i_2,LUT5,SLICE_X36Y238,SLICEL.C6LUT,32'hEEE8E888
u_dut/pc1_r4_1[6]_i_3,LUT5,SLICE_X35Y237,SLICEL.B5LUT,32'hEEE8E888
u_dut/pc1_r4_1[6]_i_4,LUT5,SLICE_X34Y238,SLICEL.B6LUT,32'h177E7EE8
u_dut/pc1_r4_1[6]_i_5,LUT6,SLICE_X34Y238,SLICEL.A6LUT,64'h6969699669969696
u_dut/pc1_r4_1[6]_i_6,LUT3,SLICE_X36Y238,SLICEL.D6LUT,8'h96
u_dut/pc1_r4_1[6]_i_7,LUT3,SLICE_X36Y238,SLICEL.A6LUT,8'h96
u_dut/pc1_r4_1[6]_i_8,LUT3,SLICE_X36Y238,SLICEL.A5LUT,8'hE8
u_dut/pc1_r4_1_reg[0],FDRE,SLICE_X34Y237,SLICEL.AFF,1'b0
u_dut/pc1_r4_1_reg[1],FDRE,SLICE_X34Y237,SLICEL.BFF,1'b0
u_dut/pc1_r4_1_reg[2],FDRE,SLICE_X34Y237,SLICEL.CFF,1'b0
u_dut/pc1_r4_1_reg[3],FDRE,SLICE_X34Y237,SLICEL.DFF,1'b0
u_dut/pc1_r4_1_reg[3]_i_1,CARRY4,SLICE_X34Y237,SLICEL.CARRY4,
u_dut/pc1_r4_1_reg[4],FDRE,SLICE_X34Y238,SLICEL.AFF,1'b0
u_dut/pc1_r4_1_reg[5],FDRE,SLICE_X34Y238,SLICEL.BFF,1'b0
u_dut/pc1_r4_1_reg[6],FDRE,SLICE_X34Y238,SLICEL.CFF,1'b0
u_dut/pc1_r4_1_reg[6]_i_1,CARRY4,SLICE_X34Y238,SLICEL.CARRY4,
u_dut/pc1_r4_2_reg[0],FDRE,SLICE_X35Y238,SLICEL.D5FF,1'b0
u_dut/pc1_r4_2_reg[1],FDRE,SLICE_X36Y238,SLICEL.AFF,1'b0
u_dut/pc1_r4_2_reg[2],FDRE,SLICE_X39Y236,SLICEL.AFF,1'b0
u_dut/pc1_r4_2_reg[3],FDRE,SLICE_X35Y237,SLICEL.CFF,1'b0
u_dut/pc1_r6_0[3]_i_2,LUT3,SLICE_X35Y238,SLICEL.C5LUT,8'hE8
u_dut/pc1_r6_0[3]_i_3,LUT3,SLICE_X35Y238,SLICEL.B5LUT,8'hE8
u_dut/pc1_r6_0[3]_i_4,LUT3,SLICE_X35Y238,SLICEL.A5LUT,8'hE8
u_dut/pc1_r6_0[3]_i_5,LUT4,SLICE_X35Y238,SLICEL.D6LUT,16'h6996
u_dut/pc1_r6_0[3]_i_6,LUT4,SLICE_X35Y238,SLICEL.C6LUT,16'h6996
u_dut/pc1_r6_0[3]_i_7,LUT4,SLICE_X35Y238,SLICEL.B6LUT,16'h6996
u_dut/pc1_r6_0[3]_i_8,LUT3,SLICE_X35Y238,SLICEL.A6LUT,8'h96
u_dut/pc1_r6_0[7]_i_2,LUT2,SLICE_X35Y239,SLICEL.C5LUT,4'h8
u_dut/pc1_r6_0[7]_i_3,LUT2,SLICE_X35Y239,SLICEL.B5LUT,4'h8
u_dut/pc1_r6_0[7]_i_4,LUT3,SLICE_X35Y239,SLICEL.A5LUT,8'hE8
u_dut/pc1_r6_0[7]_i_5,LUT2,SLICE_X35Y239,SLICEL.D6LUT,4'h8
u_dut/pc1_r6_0[7]_i_6,LUT4,SLICE_X35Y239,SLICEL.C6LUT,16'h8778
u_dut/pc1_r6_0[7]_i_7,LUT4,SLICE_X35Y239,SLICEL.B6LUT,16'h8778
u_dut/pc1_r6_0[7]_i_8,LUT5,SLICE_X35Y239,SLICEL.A6LUT,32'hE81717E8
u_dut/pc1_r6_0_reg[0],FDRE,SLICE_X35Y238,SLICEL.AFF,1'b0
u_dut/pc1_r6_0_reg[1],FDRE,SLICE_X35Y238,SLICEL.BFF,1'b0
u_dut/pc1_r6_0_reg[2],FDRE,SLICE_X35Y238,SLICEL.CFF,1'b0
u_dut/pc1_r6_0_reg[3],FDRE,SLICE_X35Y238,SLICEL.DFF,1'b0
u_dut/pc1_r6_0_reg[3]_i_1,CARRY4,SLICE_X35Y238,SLICEL.CARRY4,
u_dut/pc1_r6_0_reg[4],FDRE,SLICE_X35Y239,SLICEL.AFF,1'b0
u_dut/pc1_r6_0_reg[5],FDRE,SLICE_X35Y239,SLICEL.BFF,1'b0
u_dut/pc1_r6_0_reg[6],FDRE,SLICE_X35Y239,SLICEL.CFF,1'b0
u_dut/pc1_r6_0_reg[7],FDRE,SLICE_X35Y239,SLICEL.DFF,1'b0
u_dut/pc1_r6_0_reg[7]_i_1,CARRY4,SLICE_X35Y239,SLICEL.CARRY4,
u_dut/pc2_a0[0]_i_1,LUT6,SLICE_X19Y219,SLICEL.B6LUT,64'h6996966996696996
u_dut/pc2_a0[1]_i_1,LUT6,SLICE_X19Y219,SLICEL.C6LUT,64'h8117177E177E7EE8
u_dut/pc2_a0[2]_i_1,LUT6,SLICE_X19Y219,SLICEL.D6LUT,64'hFEE8E880E8808000
u_dut/pc2_a0_reg[0],FDRE,SLICE_X19Y219,SLICEL.BFF,1'b0
u_dut/pc2_a0_reg[1],FDRE,SLICE_X19Y219,SLICEL.CFF,1'b0
u_dut/pc2_a0_reg[2],FDRE,SLICE_X19Y219,SLICEL.DFF,1'b0
u_dut/pc2_a10[0]_i_1,LUT6,SLICE_X27Y217,SLICEL.B6LUT,64'h6996966996696996
u_dut/pc2_a10[1]_i_1,LUT6,SLICE_X27Y217,SLICEL.C6LUT,64'h8117177E177E7EE8
u_dut/pc2_a10[2]_i_1,LUT6,SLICE_X27Y217,SLICEL.D6LUT,64'hFEE8E880E8808000
u_dut/pc2_a10_reg[0],FDRE,SLICE_X27Y217,SLICEL.BFF,1'b0
u_dut/pc2_a10_reg[1],FDRE,SLICE_X27Y217,SLICEL.CFF,1'b0
u_dut/pc2_a10_reg[2],FDRE,SLICE_X27Y217,SLICEL.DFF,1'b0
u_dut/pc2_a11[0]_i_1,LUT6,SLICE_X29Y219,SLICEL.A6LUT,64'h6996966996696996
u_dut/pc2_a11[1]_i_1,LUT6,SLICE_X29Y219,SLICEL.B6LUT,64'h8117177E177E7EE8
u_dut/pc2_a11[2]_i_1,LUT6,SLICE_X29Y219,SLICEL.C6LUT,64'hFEE8E880E8808000
u_dut/pc2_a11_reg[0],FDRE,SLICE_X29Y219,SLICEL.AFF,1'b0
u_dut/pc2_a11_reg[1],FDRE,SLICE_X29Y219,SLICEL.BFF,1'b0
u_dut/pc2_a11_reg[2],FDRE,SLICE_X29Y219,SLICEL.CFF,1'b0
u_dut/pc2_a12[0]_i_1,LUT6,SLICE_X20Y218,SLICEM.B6LUT,64'h6996966996696996
u_dut/pc2_a12[1]_i_1,LUT6,SLICE_X20Y218,SLICEM.C6LUT,64'h8117177E177E7EE8
u_dut/pc2_a12[2]_i_1,LUT6,SLICE_X20Y218,SLICEM.D6LUT,64'hFEE8E880E8808000
u_dut/pc2_a12_reg[0],FDRE,SLICE_X20Y218,SLICEM.BFF,1'b0
u_dut/pc2_a12_reg[1],FDRE,SLICE_X20Y218,SLICEM.CFF,1'b0
u_dut/pc2_a12_reg[2],FDRE,SLICE_X20Y218,SLICEM.DFF,1'b0
u_dut/pc2_a13[0]_i_1,LUT6,SLICE_X27Y218,SLICEL.B6LUT,64'h6996966996696996
u_dut/pc2_a13[1]_i_1,LUT6,SLICE_X27Y218,SLICEL.C6LUT,64'h8117177E177E7EE8
u_dut/pc2_a13[2]_i_1,LUT6,SLICE_X27Y218,SLICEL.D6LUT,64'hFEE8E880E8808000
u_dut/pc2_a13_reg[0],FDRE,SLICE_X27Y218,SLICEL.BFF,1'b0
u_dut/pc2_a13_reg[1],FDRE,SLICE_X27Y218,SLICEL.CFF,1'b0
u_dut/pc2_a13_reg[2],FDRE,SLICE_X27Y218,SLICEL.DFF,1'b0
u_dut/pc2_a14[0]_i_1,LUT6,SLICE_X20Y217,SLICEM.B6LUT,64'h6996966996696996
u_dut/pc2_a14[1]_i_1,LUT6,SLICE_X20Y217,SLICEM.C6LUT,64'h8117177E177E7EE8
u_dut/pc2_a14[2]_i_1,LUT6,SLICE_X20Y217,SLICEM.D6LUT,64'hFEE8E880E8808000
u_dut/pc2_a14_reg[0],FDRE,SLICE_X20Y217,SLICEM.BFF,1'b0
u_dut/pc2_a14_reg[1],FDRE,SLICE_X20Y217,SLICEM.CFF,1'b0
u_dut/pc2_a14_reg[2],FDRE,SLICE_X20Y217,SLICEM.DFF,1'b0
u_dut/pc2_a15[0]_i_1,LUT6,SLICE_X22Y220,SLICEM.D6LUT,64'h6996966996696996
u_dut/pc2_a15[1]_i_1,LUT6,SLICE_X22Y219,SLICEM.C6LUT,64'h8117177E177E7EE8
u_dut/pc2_a15[2]_i_1,LUT6,SLICE_X22Y219,SLICEM.D6LUT,64'hFEE8E880E8808000
u_dut/pc2_a15_reg[0],FDRE,SLICE_X22Y220,SLICEM.DFF,1'b0
u_dut/pc2_a15_reg[1],FDRE,SLICE_X22Y219,SLICEM.CFF,1'b0
u_dut/pc2_a15_reg[2],FDRE,SLICE_X22Y219,SLICEM.DFF,1'b0
u_dut/pc2_a16[0]_i_1,LUT6,SLICE_X23Y218,SLICEL.B6LUT,64'h6996966996696996
u_dut/pc2_a16[1]_i_1,LUT6,SLICE_X23Y218,SLICEL.C6LUT,64'h8117177E177E7EE8
u_dut/pc2_a16[2]_i_1,LUT6,SLICE_X23Y218,SLICEL.D6LUT,64'hFEE8E880E8808000
u_dut/pc2_a16_reg[0],FDRE,SLICE_X23Y218,SLICEL.BFF,1'b0
u_dut/pc2_a16_reg[1],FDRE,SLICE_X23Y218,SLICEL.CFF,1'b0
u_dut/pc2_a16_reg[2],FDRE,SLICE_X23Y218,SLICEL.DFF,1'b0
u_dut/pc2_a17[0]_i_1,LUT6,SLICE_X26Y218,SLICEL.B6LUT,64'h6996966996696996
u_dut/pc2_a17[1]_i_1,LUT6,SLICE_X26Y218,SLICEL.C6LUT,64'h8117177E177E7EE8
u_dut/pc2_a17[2]_i_1,LUT6,SLICE_X26Y218,SLICEL.D6LUT,64'hFEE8E880E8808000
u_dut/pc2_a17_reg[0],FDRE,SLICE_X26Y218,SLICEL.BFF,1'b0
u_dut/pc2_a17_reg[1],FDRE,SLICE_X26Y218,SLICEL.CFF,1'b0
u_dut/pc2_a17_reg[2],FDRE,SLICE_X26Y218,SLICEL.DFF,1'b0
u_dut/pc2_a18[0]_i_1,LUT6,SLICE_X24Y219,SLICEL.B6LUT,64'h6996966996696996
u_dut/pc2_a18[1]_i_1,LUT6,SLICE_X24Y219,SLICEL.C6LUT,64'h8117177E177E7EE8
u_dut/pc2_a18[2]_i_1,LUT6,SLICE_X24Y219,SLICEL.D6LUT,64'hFEE8E880E8808000
u_dut/pc2_a18_reg[0],FDRE,SLICE_X24Y219,SLICEL.BFF,1'b0
u_dut/pc2_a18_reg[1],FDRE,SLICE_X24Y219,SLICEL.CFF,1'b0
u_dut/pc2_a18_reg[2],FDRE,SLICE_X24Y219,SLICEL.DFF,1'b0
u_dut/pc2_a19[0]_i_1,LUT6,SLICE_X25Y220,SLICEL.B6LUT,64'h6996966996696996
u_dut/pc2_a19[1]_i_1,LUT6,SLICE_X25Y220,SLICEL.C6LUT,64'h8117177E177E7EE8
u_dut/pc2_a19[2]_i_1,LUT6,SLICE_X25Y220,SLICEL.D6LUT,64'hFEE8E880E8808000
u_dut/pc2_a19_reg[0],FDRE,SLICE_X25Y220,SLICEL.BFF,1'b0
u_dut/pc2_a19_reg[1],FDRE,SLICE_X25Y220,SLICEL.CFF,1'b0
u_dut/pc2_a19_reg[2],FDRE,SLICE_X25Y220,SLICEL.DFF,1'b0
u_dut/pc2_a1[0]_i_1,LUT6,SLICE_X18Y219,SLICEM.B6LUT,64'h6996966996696996
u_dut/pc2_a1[1]_i_1,LUT6,SLICE_X18Y219,SLICEM.C6LUT,64'h8117177E177E7EE8
u_dut/pc2_a1[2]_i_1,LUT6,SLICE_X18Y219,SLICEM.D6LUT,64'hFEE8E880E8808000
u_dut/pc2_a1_reg[0],FDRE,SLICE_X18Y219,SLICEM.BFF,1'b0
u_dut/pc2_a1_reg[1],FDRE,SLICE_X18Y219,SLICEM.CFF,1'b0
u_dut/pc2_a1_reg[2],FDRE,SLICE_X18Y219,SLICEM.DFF,1'b0
u_dut/pc2_a20[0]_i_1,LUT6,SLICE_X24Y218,SLICEL.B6LUT,64'h6996966996696996
u_dut/pc2_a20[1]_i_1,LUT6,SLICE_X24Y218,SLICEL.C6LUT,64'h8117177E177E7EE8
u_dut/pc2_a20[2]_i_1,LUT6,SLICE_X24Y218,SLICEL.D6LUT,64'hFEE8E880E8808000
u_dut/pc2_a20_reg[0],FDRE,SLICE_X24Y218,SLICEL.BFF,1'b0
u_dut/pc2_a20_reg[1],FDRE,SLICE_X24Y218,SLICEL.CFF,1'b0
u_dut/pc2_a20_reg[2],FDRE,SLICE_X24Y218,SLICEL.DFF,1'b0
u_dut/pc2_a21[0]_i_1,LUT6,SLICE_X25Y219,SLICEL.B6LUT,64'h6996966996696996
u_dut/pc2_a21[1]_i_1,LUT6,SLICE_X25Y219,SLICEL.C6LUT,64'h8117177E177E7EE8
u_dut/pc2_a21[2]_i_1,LUT6,SLICE_X25Y219,SLICEL.D6LUT,64'hFEE8E880E8808000
u_dut/pc2_a21_reg[0],FDRE,SLICE_X25Y219,SLICEL.BFF,1'b0
u_dut/pc2_a21_reg[1],FDRE,SLICE_X25Y219,SLICEL.CFF,1'b0
u_dut/pc2_a21_reg[2],FDRE,SLICE_X25Y219,SLICEL.DFF,1'b0
u_dut/pc2_a22[0]_i_1,LUT6,SLICE_X25Y216,SLICEL.B6LUT,64'h6996966996696996
u_dut/pc2_a22[1]_i_1,LUT6,SLICE_X25Y216,SLICEL.C6LUT,64'h8117177E177E7EE8
u_dut/pc2_a22[2]_i_1,LUT6,SLICE_X25Y216,SLICEL.D6LUT,64'hFEE8E880E8808000
u_dut/pc2_a22_reg[0],FDRE,SLICE_X25Y216,SLICEL.BFF,1'b0
u_dut/pc2_a22_reg[1],FDRE,SLICE_X25Y216,SLICEL.CFF,1'b0
u_dut/pc2_a22_reg[2],FDRE,SLICE_X25Y216,SLICEL.DFF,1'b0
u_dut/pc2_a23[0]_i_1,LUT6,SLICE_X27Y221,SLICEL.B6LUT,64'h6996966996696996
u_dut/pc2_a23[1]_i_1,LUT6,SLICE_X27Y221,SLICEL.C6LUT,64'h8117177E177E7EE8
u_dut/pc2_a23[2]_i_1,LUT6,SLICE_X27Y221,SLICEL.D6LUT,64'hFEE8E880E8808000
u_dut/pc2_a23_reg[0],FDRE,SLICE_X27Y221,SLICEL.BFF,1'b0
u_dut/pc2_a23_reg[1],FDRE,SLICE_X27Y221,SLICEL.CFF,1'b0
u_dut/pc2_a23_reg[2],FDRE,SLICE_X27Y221,SLICEL.DFF,1'b0
u_dut/pc2_a24[0]_i_1,LUT6,SLICE_X29Y221,SLICEL.B6LUT,64'h6996966996696996
u_dut/pc2_a24[1]_i_1,LUT6,SLICE_X29Y221,SLICEL.C6LUT,64'h8117177E177E7EE8
u_dut/pc2_a24[2]_i_1,LUT6,SLICE_X29Y221,SLICEL.D6LUT,64'hFEE8E880E8808000
u_dut/pc2_a24_reg[0],FDRE,SLICE_X29Y221,SLICEL.BFF,1'b0
u_dut/pc2_a24_reg[1],FDRE,SLICE_X29Y221,SLICEL.CFF,1'b0
u_dut/pc2_a24_reg[2],FDRE,SLICE_X29Y221,SLICEL.DFF,1'b0
u_dut/pc2_a25[0]_i_1,LUT6,SLICE_X29Y217,SLICEL.A6LUT,64'h6996966996696996
u_dut/pc2_a25[1]_i_1,LUT6,SLICE_X29Y217,SLICEL.B6LUT,64'h8117177E177E7EE8
u_dut/pc2_a25[2]_i_1,LUT6,SLICE_X29Y217,SLICEL.C6LUT,64'hFEE8E880E8808000
u_dut/pc2_a25_reg[0],FDRE,SLICE_X29Y217,SLICEL.AFF,1'b0
u_dut/pc2_a25_reg[1],FDRE,SLICE_X29Y217,SLICEL.BFF,1'b0
u_dut/pc2_a25_reg[2],FDRE,SLICE_X29Y217,SLICEL.CFF,1'b0
u_dut/pc2_a26[0]_i_1,LUT6,SLICE_X30Y218,SLICEL.A6LUT,64'h6996966996696996
u_dut/pc2_a26[1]_i_1,LUT6,SLICE_X30Y218,SLICEL.B6LUT,64'h8117177E177E7EE8
u_dut/pc2_a26[2]_i_1,LUT6,SLICE_X30Y218,SLICEL.C6LUT,64'hFEE8E880E8808000
u_dut/pc2_a26_reg[0],FDRE,SLICE_X30Y218,SLICEL.AFF,1'b0
u_dut/pc2_a26_reg[1],FDRE,SLICE_X30Y218,SLICEL.BFF,1'b0
u_dut/pc2_a26_reg[2],FDRE,SLICE_X30Y218,SLICEL.CFF,1'b0
u_dut/pc2_a27[0]_i_1,LUT6,SLICE_X30Y221,SLICEL.B6LUT,64'h6996966996696996
u_dut/pc2_a27[1]_i_1,LUT6,SLICE_X30Y221,SLICEL.C6LUT,64'h8117177E177E7EE8
u_dut/pc2_a27[2]_i_1,LUT6,SLICE_X30Y221,SLICEL.D6LUT,64'hFEE8E880E8808000
u_dut/pc2_a27_reg[0],FDRE,SLICE_X30Y221,SLICEL.BFF,1'b0
u_dut/pc2_a27_reg[1],FDRE,SLICE_X30Y221,SLICEL.CFF,1'b0
u_dut/pc2_a27_reg[2],FDRE,SLICE_X30Y221,SLICEL.DFF,1'b0
u_dut/pc2_a28[0]_i_1,LUT6,SLICE_X22Y216,SLICEM.A6LUT,64'h6996966996696996
u_dut/pc2_a28[1]_i_1,LUT6,SLICE_X22Y216,SLICEM.B6LUT,64'h8117177E177E7EE8
u_dut/pc2_a28[2]_i_1,LUT6,SLICE_X22Y216,SLICEM.C6LUT,64'hFEE8E880E8808000
u_dut/pc2_a28_reg[0],FDRE,SLICE_X22Y216,SLICEM.AFF,1'b0
u_dut/pc2_a28_reg[1],FDRE,SLICE_X22Y216,SLICEM.BFF,1'b0
u_dut/pc2_a28_reg[2],FDRE,SLICE_X22Y216,SLICEM.CFF,1'b0
u_dut/pc2_a29[0]_i_1,LUT6,SLICE_X24Y216,SLICEL.A6LUT,64'h6996966996696996
u_dut/pc2_a29[1]_i_1,LUT6,SLICE_X24Y216,SLICEL.B6LUT,64'h8117177E177E7EE8
u_dut/pc2_a29[2]_i_1,LUT6,SLICE_X24Y216,SLICEL.C6LUT,64'hFEE8E880E8808000
u_dut/pc2_a29_reg[0],FDRE,SLICE_X24Y216,SLICEL.AFF,1'b0
u_dut/pc2_a29_reg[1],FDRE,SLICE_X24Y216,SLICEL.BFF,1'b0
u_dut/pc2_a29_reg[2],FDRE,SLICE_X24Y216,SLICEL.CFF,1'b0
u_dut/pc2_a2[0]_i_1,LUT6,SLICE_X18Y218,SLICEM.B6LUT,64'h6996966996696996
u_dut/pc2_a2[1]_i_1,LUT6,SLICE_X18Y218,SLICEM.C6LUT,64'h8117177E177E7EE8
u_dut/pc2_a2[2]_i_1,LUT6,SLICE_X18Y218,SLICEM.D6LUT,64'hFEE8E880E8808000
u_dut/pc2_a2_reg[0],FDRE,SLICE_X18Y218,SLICEM.BFF,1'b0
u_dut/pc2_a2_reg[1],FDRE,SLICE_X18Y218,SLICEM.CFF,1'b0
u_dut/pc2_a2_reg[2],FDRE,SLICE_X18Y218,SLICEM.DFF,1'b0
u_dut/pc2_a30[0]_i_1,LUT6,SLICE_X23Y217,SLICEL.B6LUT,64'h6996966996696996
u_dut/pc2_a30[1]_i_1,LUT6,SLICE_X23Y217,SLICEL.C6LUT,64'h8117177E177E7EE8
u_dut/pc2_a30[2]_i_1,LUT6,SLICE_X23Y217,SLICEL.D6LUT,64'hFEE8E880E8808000
u_dut/pc2_a30_reg[0],FDRE,SLICE_X23Y217,SLICEL.BFF,1'b0
u_dut/pc2_a30_reg[1],FDRE,SLICE_X23Y217,SLICEL.CFF,1'b0
u_dut/pc2_a30_reg[2],FDRE,SLICE_X23Y217,SLICEL.DFF,1'b0
u_dut/pc2_a31[0]_i_1,LUT6,SLICE_X23Y220,SLICEL.B6LUT,64'h6996966996696996
u_dut/pc2_a31[1]_i_1,LUT6,SLICE_X23Y220,SLICEL.C6LUT,64'h8117177E177E7EE8
u_dut/pc2_a31[2]_i_1,LUT6,SLICE_X23Y220,SLICEL.D6LUT,64'hFEE8E880E8808000
u_dut/pc2_a31_reg[0],FDRE,SLICE_X23Y220,SLICEL.BFF,1'b0
u_dut/pc2_a31_reg[1],FDRE,SLICE_X23Y220,SLICEL.CFF,1'b0
u_dut/pc2_a31_reg[2],FDRE,SLICE_X23Y220,SLICEL.DFF,1'b0
u_dut/pc2_a32[0]_i_1,LUT6,SLICE_X20Y221,SLICEM.B6LUT,64'h6996966996696996
u_dut/pc2_a32[1]_i_1,LUT6,SLICE_X20Y221,SLICEM.C6LUT,64'h8117177E177E7EE8
u_dut/pc2_a32[2]_i_1,LUT6,SLICE_X20Y221,SLICEM.D6LUT,64'hFEE8E880E8808000
u_dut/pc2_a32_reg[0],FDRE,SLICE_X20Y221,SLICEM.BFF,1'b0
u_dut/pc2_a32_reg[1],FDRE,SLICE_X20Y221,SLICEM.CFF,1'b0
u_dut/pc2_a32_reg[2],FDRE,SLICE_X20Y221,SLICEM.DFF,1'b0
u_dut/pc2_a33[0]_i_1,LUT2,SLICE_X20Y215,SLICEM.A6LUT,4'h6
u_dut/pc2_a33[1]_i_1,LUT2,SLICE_X20Y215,SLICEM.A5LUT,4'h8
u_dut/pc2_a33_reg[0],FDRE,SLICE_X20Y215,SLICEM.AFF,1'b0
u_dut/pc2_a33_reg[1],FDRE,SLICE_X20Y215,SLICEM.A5FF,1'b0
u_dut/pc2_a3[0]_i_1,LUT6,SLICE_X18Y217,SLICEM.A6LUT,64'h6996966996696996
u_dut/pc2_a3[1]_i_1,LUT6,SLICE_X18Y217,SLICEM.B6LUT,64'h8117177E177E7EE8
u_dut/pc2_a3[2]_i_1,LUT6,SLICE_X18Y217,SLICEM.C6LUT,64'hFEE8E880E8808000
u_dut/pc2_a3_reg[0],FDRE,SLICE_X18Y217,SLICEM.AFF,1'b0
u_dut/pc2_a3_reg[1],FDRE,SLICE_X18Y217,SLICEM.BFF,1'b0
u_dut/pc2_a3_reg[2],FDRE,SLICE_X18Y217,SLICEM.CFF,1'b0
u_dut/pc2_a4[0]_i_1,LUT6,SLICE_X19Y217,SLICEL.B6LUT,64'h6996966996696996
u_dut/pc2_a4[1]_i_1,LUT6,SLICE_X19Y217,SLICEL.C6LUT,64'h8117177E177E7EE8
u_dut/pc2_a4[2]_i_1,LUT6,SLICE_X19Y217,SLICEL.D6LUT,64'hFEE8E880E8808000
u_dut/pc2_a4_reg[0],FDRE,SLICE_X19Y217,SLICEL.BFF,1'b0
u_dut/pc2_a4_reg[1],FDRE,SLICE_X19Y217,SLICEL.CFF,1'b0
u_dut/pc2_a4_reg[2],FDRE,SLICE_X19Y217,SLICEL.DFF,1'b0
u_dut/pc2_a5[0]_i_1,LUT6,SLICE_X20Y220,SLICEM.B6LUT,64'h6996966996696996
u_dut/pc2_a5[1]_i_1,LUT6,SLICE_X20Y220,SLICEM.C6LUT,64'h8117177E177E7EE8
u_dut/pc2_a5[2]_i_1,LUT6,SLICE_X20Y220,SLICEM.D6LUT,64'hFEE8E880E8808000
u_dut/pc2_a5_reg[0],FDRE,SLICE_X20Y220,SLICEM.BFF,1'b0
u_dut/pc2_a5_reg[1],FDRE,SLICE_X20Y220,SLICEM.CFF,1'b0
u_dut/pc2_a5_reg[2],FDRE,SLICE_X20Y220,SLICEM.DFF,1'b0
u_dut/pc2_a6[0]_i_1,LUT6,SLICE_X19Y220,SLICEL.B6LUT,64'h6996966996696996
u_dut/pc2_a6[1]_i_1,LUT6,SLICE_X19Y220,SLICEL.C6LUT,64'h8117177E177E7EE8
u_dut/pc2_a6[2]_i_1,LUT6,SLICE_X19Y220,SLICEL.D6LUT,64'hFEE8E880E8808000
u_dut/pc2_a6_reg[0],FDRE,SLICE_X19Y220,SLICEL.BFF,1'b0
u_dut/pc2_a6_reg[1],FDRE,SLICE_X19Y220,SLICEL.CFF,1'b0
u_dut/pc2_a6_reg[2],FDRE,SLICE_X19Y220,SLICEL.DFF,1'b0
u_dut/pc2_a7[0]_i_1,LUT6,SLICE_X17Y218,SLICEL.B6LUT,64'h6996966996696996
u_dut/pc2_a7[1]_i_1,LUT6,SLICE_X17Y218,SLICEL.C6LUT,64'h8117177E177E7EE8
u_dut/pc2_a7[2]_i_1,LUT6,SLICE_X17Y218,SLICEL.D6LUT,64'hFEE8E880E8808000
u_dut/pc2_a7_reg[0],FDRE,SLICE_X17Y218,SLICEL.BFF,1'b0
u_dut/pc2_a7_reg[1],FDRE,SLICE_X17Y218,SLICEL.CFF,1'b0
u_dut/pc2_a7_reg[2],FDRE,SLICE_X17Y218,SLICEL.DFF,1'b0
u_dut/pc2_a8[0]_i_1,LUT6,SLICE_X26Y217,SLICEL.B6LUT,64'h6996966996696996
u_dut/pc2_a8[1]_i_1,LUT6,SLICE_X26Y217,SLICEL.C6LUT,64'h8117177E177E7EE8
u_dut/pc2_a8[2]_i_1,LUT6,SLICE_X26Y217,SLICEL.D6LUT,64'hFEE8E880E8808000
u_dut/pc2_a8_reg[0],FDRE,SLICE_X26Y217,SLICEL.BFF,1'b0
u_dut/pc2_a8_reg[1],FDRE,SLICE_X26Y217,SLICEL.CFF,1'b0
u_dut/pc2_a8_reg[2],FDRE,SLICE_X26Y217,SLICEL.DFF,1'b0
u_dut/pc2_a9[0]_i_1,LUT6,SLICE_X27Y216,SLICEL.A6LUT,64'h6996966996696996
u_dut/pc2_a9[1]_i_1,LUT6,SLICE_X27Y216,SLICEL.B6LUT,64'h8117177E177E7EE8
u_dut/pc2_a9[2]_i_1,LUT6,SLICE_X27Y216,SLICEL.C6LUT,64'hFEE8E880E8808000
u_dut/pc2_a9_reg[0],FDRE,SLICE_X27Y216,SLICEL.AFF,1'b0
u_dut/pc2_a9_reg[1],FDRE,SLICE_X27Y216,SLICEL.BFF,1'b0
u_dut/pc2_a9_reg[2],FDRE,SLICE_X27Y216,SLICEL.CFF,1'b0
u_dut/pc2_r2_0[0]_i_1,LUT4,SLICE_X18Y216,SLICEM.B6LUT,16'h6996
u_dut/pc2_r2_0[1]_i_1,LUT5,SLICE_X18Y216,SLICEM.C6LUT,32'h81177EE8
u_dut/pc2_r2_0[1]_i_2,LUT4,SLICE_X18Y213,SLICEM.A6LUT,16'h6996
u_dut/pc2_r2_0[2]_i_1,LUT6,SLICE_X18Y213,SLICEM.B6LUT,64'h9669699666666666
u_dut/pc2_r2_0[2]_i_2,LUT5,SLICE_X18Y216,SLICEM.C5LUT,32'hFEE88000
u_dut/pc2_r2_0[2]_i_3,LUT5,SLICE_X18Y214,SLICEM.D6LUT,32'h96696996
u_dut/pc2_r2_0[3]_i_1,LUT6,SLICE_X18Y214,SLICEM.A6LUT,64'hA99595569556566A
u_dut/pc2_r2_0[4]_i_1,LUT6,SLICE_X18Y214,SLICEM.B6LUT,64'hFEEAEAA8EAA8A880
u_dut/pc2_r2_0[4]_i_2,LUT6,SLICE_X18Y213,SLICEM.C6LUT,64'hEBBEAAAA82280000
u_dut/pc2_r2_0[4]_i_3,LUT3,SLICE_X18Y213,SLICEM.A5LUT,8'hE8
u_dut/pc2_r2_0_reg[0],FDRE,SLICE_X18Y216,SLICEM.BFF,1'b0
u_dut/pc2_r2_0_reg[1],FDRE,SLICE_X18Y215,SLICEM.AFF,1'b0
u_dut/pc2_r2_0_reg[2],FDRE,SLICE_X18Y213,SLICEM.BFF,1'b0
u_dut/pc2_r2_0_reg[3],FDRE,SLICE_X18Y214,SLICEM.AFF,1'b0
u_dut/pc2_r2_0_reg[4],FDRE,SLICE_X18Y214,SLICEM.BFF,1'b0
u_dut/pc2_r2_1[0]_i_1,LUT4,SLICE_X15Y215,SLICEL.A6LUT,16'h6996
u_dut/pc2_r2_1[1]_i_1,LUT5,SLICE_X15Y215,SLICEL.B6LUT,32'h81177EE8
u_dut/pc2_r2_1[1]_i_2,LUT4,SLICE_X19Y215,SLICEL.A6LUT,16'h6996
u_dut/pc2_r2_1[2]_i_1,LUT6,SLICE_X19Y214,SLICEL.A6LUT,64'h9669699666666666
u_dut/pc2_r2_1[2]_i_2,LUT5,SLICE_X15Y215,SLICEL.B5LUT,32'hFEE88000
u_dut/pc2_r2_1[2]_i_3,LUT5,SLICE_X19Y214,SLICEL.D6LUT,32'h96696996
u_dut/pc2_r2_1[3]_i_1,LUT6,SLICE_X19Y215,SLICEL.B6LUT,64'hA99595569556566A
u_dut/pc2_r2_1[4]_i_1,LUT6,SLICE_X19Y214,SLICEL.B6LUT,64'hFEEAEAA8EAA8A880
u_dut/pc2_r2_1[4]_i_2,LUT6,SLICE_X19Y214,SLICEL.C6LUT,64'hEBBEAAAA82280000
u_dut/pc2_r2_1[4]_i_3,LUT3,SLICE_X19Y215,SLICEL.A5LUT,8'hE8
u_dut/pc2_r2_1_reg[0],FDRE,SLICE_X15Y215,SLICEL.AFF,1'b0
u_dut/pc2_r2_1_reg[1],FDRE,SLICE_X15Y215,SLICEL.A5FF,1'b0
u_dut/pc2_r2_1_reg[2],FDRE,SLICE_X19Y214,SLICEL.AFF,1'b0
u_dut/pc2_r2_1_reg[3],FDRE,SLICE_X19Y215,SLICEL.BFF,1'b0
u_dut/pc2_r2_1_reg[4],FDRE,SLICE_X19Y214,SLICEL.BFF,1'b0
u_dut/pc2_r2_2[0]_i_1,LUT4,SLICE_X26Y215,SLICEL.A6LUT,16'h6996
u_dut/pc2_r2_2[1]_i_1,LUT5,SLICE_X26Y215,SLICEL.B6LUT,32'h81177EE8
u_dut/pc2_r2_2[1]_i_2,LUT4,SLICE_X27Y215,SLICEL.A6LUT,16'h6996
u_dut/pc2_r2_2[2]_i_1,LUT6,SLICE_X26Y215,SLICEL.C6LUT,64'h9669699666666666
u_dut/pc2_r2_2[2]_i_2,LUT5,SLICE_X26Y215,SLICEL.B5LUT,32'hFEE88000
u_dut/pc2_r2_2[2]_i_3,LUT5,SLICE_X28Y215,SLICEL.D6LUT,32'h96696996
u_dut/pc2_r2_2[3]_i_1,LUT6,SLICE_X28Y215,SLICEL.A6LUT,64'hA99595569556566A
u_dut/pc2_r2_2[4]_i_1,LUT6,SLICE_X28Y215,SLICEL.B6LUT,64'hFEEAEAA8EAA8A880
u_dut/pc2_r2_2[4]_i_2,LUT6,SLICE_X26Y215,SLICEL.D6LUT,64'hEBBEAAAA82280000
u_dut/pc2_r2_2[4]_i_3,LUT3,SLICE_X27Y215,SLICEL.A5LUT,8'hE8
u_dut/pc2_r2_2_reg[0],FDRE,SLICE_X26Y215,SLICEL.AFF,1'b0
u_dut/pc2_r2_2_reg[1],FDRE,SLICE_X21Y215,SLICEL.A5FF,1'b0
u_dut/pc2_r2_2_reg[2],FDRE,SLICE_X26Y215,SLICEL.CFF,1'b0
u_dut/pc2_r2_2_reg[3],FDRE,SLICE_X28Y215,SLICEL.AFF,1'b0
u_dut/pc2_r2_2_reg[4],FDRE,SLICE_X28Y215,SLICEL.BFF,1'b0
u_dut/pc2_r2_3[0]_i_1,LUT4,SLICE_X20Y216,SLICEM.A6LUT,16'h6996
u_dut/pc2_r2_3[1]_i_1,LUT5,SLICE_X20Y216,SLICEM.B6LUT,32'h81177EE8
u_dut/pc2_r2_3[1]_i_2,LUT4,SLICE_X20Y216,SLICEM.C6LUT,16'h6996
u_dut/pc2_r2_3[2]_i_1,LUT6,SLICE_X20Y215,SLICEM.B6LUT,64'h9669699666666666
u_dut/pc2_r2_3[2]_i_2,LUT5,SLICE_X20Y216,SLICEM.B5LUT,32'hFEE88000
u_dut/pc2_r2_3[2]_i_3,LUT5,SLICE_X20Y215,SLICEM.D6LUT,32'h96696996
u_dut/pc2_r2_3[3]_i_1,LUT6,SLICE_X19Y215,SLICEL.C6LUT,64'hA99595569556566A
u_dut/pc2_r2_3[4]_i_1,LUT6,SLICE_X19Y215,SLICEL.D6LUT,64'hFEEAEAA8EAA8A880
u_dut/pc2_r2_3[4]_i_2,LUT6,SLICE_X20Y215,SLICEM.C6LUT,64'hEBBEAAAA82280000
u_dut/pc2_r2_3[4]_i_3,LUT3,SLICE_X20Y216,SLICEM.C5LUT,8'hE8
u_dut/pc2_r2_3_reg[0],FDRE,SLICE_X20Y216,SLICEM.AFF,1'b0
u_dut/pc2_r2_3_reg[1],FDRE,SLICE_X19Y215,SLICEL.AFF,1'b0
u_dut/pc2_r2_3_reg[2],FDRE,SLICE_X20Y215,SLICEM.BFF,1'b0
u_dut/pc2_r2_3_reg[3],FDRE,SLICE_X19Y215,SLICEL.CFF,1'b0
u_dut/pc2_r2_3_reg[4],FDRE,SLICE_X19Y215,SLICEL.DFF,1'b0
u_dut/pc2_r2_4[0]_i_1,LUT4,SLICE_X21Y217,SLICEL.A6LUT,16'h6996
u_dut/pc2_r2_4[1]_i_1,LUT5,SLICE_X21Y218,SLICEL.A6LUT,32'h81177EE8
u_dut/pc2_r2_4[1]_i_2,LUT4,SLICE_X21Y217,SLICEL.B6LUT,16'h6996
u_dut/pc2_r2_4[2]_i_1,LUT6,SLICE_X21Y217,SLICEL.C6LUT,64'h9669699666666666
u_dut/pc2_r2_4[2]_i_2,LUT5,SLICE_X21Y218,SLICEL.A5LUT,32'hFEE88000
u_dut/pc2_r2_4[2]_i_3,LUT5,SLICE_X22Y218,SLICEM.D6LUT,32'h96696996
u_dut/pc2_r2_4[3]_i_1,LUT6,SLICE_X22Y217,SLICEM.C6LUT,64'hA99595569556566A
u_dut/pc2_r2_4[4]_i_1,LUT6,SLICE_X22Y217,SLICEM.D6LUT,64'hFEEAEAA8EAA8A880
u_dut/pc2_r2_4[4]_i_2,LUT6,SLICE_X21Y217,SLICEL.D6LUT,64'hEBBEAAAA82280000
u_dut/pc2_r2_4[4]_i_3,LUT3,SLICE_X21Y217,SLICEL.B5LUT,8'hE8
u_dut/pc2_r2_4_reg[0],FDRE,SLICE_X21Y217,SLICEL.AFF,1'b0
u_dut/pc2_r2_4_reg[1],FDRE,SLICE_X20Y213,SLICEM.AFF,1'b0
u_dut/pc2_r2_4_reg[2],FDRE,SLICE_X21Y217,SLICEL.CFF,1'b0
u_dut/pc2_r2_4_reg[3],FDRE,SLICE_X22Y217,SLICEM.CFF,1'b0
u_dut/pc2_r2_4_reg[4],FDRE,SLICE_X22Y217,SLICEM.DFF,1'b0
u_dut/pc2_r2_5[0]_i_1,LUT4,SLICE_X24Y215,SLICEL.A6LUT,16'h6996
u_dut/pc2_r2_5[1]_i_1,LUT5,SLICE_X24Y215,SLICEL.B6LUT,32'h81177EE8
u_dut/pc2_r2_5[1]_i_2,LUT4,SLICE_X24Y215,SLICEL.C6LUT,16'h6996
u_dut/pc2_r2_5[2]_i_1,LUT6,SLICE_X24Y213,SLICEL.A6LUT,64'h9669699666666666
u_dut/pc2_r2_5[2]_i_2,LUT5,SLICE_X24Y215,SLICEL.B5LUT,32'hFEE88000
u_dut/pc2_r2_5[2]_i_3,LUT5,SLICE_X24Y214,SLICEL.D6LUT,32'h96696996
u_dut/pc2_r2_5[3]_i_1,LUT6,SLICE_X24Y214,SLICEL.A6LUT,64'hA99595569556566A
u_dut/pc2_r2_5[4]_i_1,LUT6,SLICE_X24Y214,SLICEL.B6LUT,64'hFEEAEAA8EAA8A880
u_dut/pc2_r2_5[4]_i_2,LUT6,SLICE_X24Y214,SLICEL.C6LUT,64'hEBBEAAAA82280000
u_dut/pc2_r2_5[4]_i_3,LUT3,SLICE_X24Y215,SLICEL.C5LUT,8'hE8
u_dut/pc2_r2_5_reg[0],FDRE,SLICE_X24Y215,SLICEL.AFF,1'b0
u_dut/pc2_r2_5_reg[1],FDRE,SLICE_X22Y213,SLICEM.AFF,1'b0
u_dut/pc2_r2_5_reg[2],FDRE,SLICE_X24Y213,SLICEL.AFF,1'b0
u_dut/pc2_r2_5_reg[3],FDRE,SLICE_X24Y214,SLICEL.AFF,1'b0
u_dut/pc2_r2_5_reg[4],FDRE,SLICE_X24Y214,SLICEL.BFF,1'b0
u_dut/pc2_r2_6[0]_i_1,LUT4,SLICE_X29Y217,SLICEL.D6LUT,16'h6996
u_dut/pc2_r2_6[1]_i_1,LUT5,SLICE_X30Y217,SLICEL.A6LUT,32'h81177EE8
u_dut/pc2_r2_6[1]_i_2,LUT4,SLICE_X30Y218,SLICEL.D6LUT,16'h6996
u_dut/pc2_r2_6[2]_i_1,LUT6,SLICE_X31Y218,SLICEL.B6LUT,64'h9669699666666666
u_dut/pc2_r2_6[2]_i_2,LUT5,SLICE_X30Y217,SLICEL.A5LUT,32'hFEE88000
u_dut/pc2_r2_6[2]_i_3,LUT5,SLICE_X30Y217,SLICEL.D6LUT,32'h96696996
u_dut/pc2_r2_6[3]_i_1,LUT6,SLICE_X30Y217,SLICEL.B6LUT,64'hA99595569556566A
u_dut/pc2_r2_6[4]_i_1,LUT6,SLICE_X30Y217,SLICEL.C6LUT,64'hFEEAEAA8EAA8A880
u_dut/pc2_r2_6[4]_i_2,LUT6,SLICE_X31Y218,SLICEL.D6LUT,64'hEBBEAAAA82280000
u_dut/pc2_r2_6[4]_i_3,LUT3,SLICE_X30Y218,SLICEL.D5LUT,8'hE8
u_dut/pc2_r2_6_reg[0],FDRE,SLICE_X29Y217,SLICEL.DFF,1'b0
u_dut/pc2_r2_6_reg[1],FDRE,SLICE_X22Y213,SLICEM.BFF,1'b0
u_dut/pc2_r2_6_reg[2],FDRE,SLICE_X31Y218,SLICEL.BFF,1'b0
u_dut/pc2_r2_6_reg[3],FDRE,SLICE_X30Y217,SLICEL.BFF,1'b0
u_dut/pc2_r2_6_reg[4],FDRE,SLICE_X30Y217,SLICEL.CFF,1'b0
u_dut/pc2_r2_7[0]_i_1,LUT4,SLICE_X22Y216,SLICEM.D6LUT,16'h6996
u_dut/pc2_r2_7[1]_i_1,LUT5,SLICE_X23Y216,SLICEL.A6LUT,32'h81177EE8
u_dut/pc2_r2_7[1]_i_2,LUT4,SLICE_X23Y216,SLICEL.B6LUT,16'h6996
u_dut/pc2_r2_7[2]_i_1,LUT6,SLICE_X23Y215,SLICEL.A6LUT,64'h9669699666666666
u_dut/pc2_r2_7[2]_i_2,LUT5,SLICE_X23Y216,SLICEL.A5LUT,32'hFEE88000
u_dut/pc2_r2_7[2]_i_3,LUT5,SLICE_X22Y215,SLICEM.D6LUT,32'h96696996
u_dut/pc2_r2_7[3]_i_1,LUT6,SLICE_X22Y215,SLICEM.A6LUT,64'hA99595569556566A
u_dut/pc2_r2_7[4]_i_1,LUT6,SLICE_X22Y215,SLICEM.B6LUT,64'hFEEAEAA8EAA8A880
u_dut/pc2_r2_7[4]_i_2,LUT6,SLICE_X23Y216,SLICEL.C6LUT,64'hEBBEAAAA82280000
u_dut/pc2_r2_7[4]_i_3,LUT3,SLICE_X23Y216,SLICEL.B5LUT,8'hE8
u_dut/pc2_r2_7_reg[0],FDRE,SLICE_X22Y216,SLICEM.DFF,1'b0
u_dut/pc2_r2_7_reg[1],FDRE,SLICE_X22Y213,SLICEM.CFF,1'b0
u_dut/pc2_r2_7_reg[2],FDRE,SLICE_X23Y215,SLICEL.AFF,1'b0
u_dut/pc2_r2_7_reg[3],FDRE,SLICE_X22Y215,SLICEM.AFF,1'b0
u_dut/pc2_r2_7_reg[4],FDRE,SLICE_X22Y215,SLICEM.BFF,1'b0
u_dut/pc2_r2_8[0]_i_1,LUT2,SLICE_X20Y214,SLICEM.A6LUT,4'h6
u_dut/pc2_r2_8[1]_i_1,LUT4,SLICE_X20Y214,SLICEM.A5LUT,16'h8778
u_dut/pc2_r2_8[2]_i_1,LUT5,SLICE_X20Y214,SLICEM.B6LUT,32'h077FF880
u_dut/pc2_r2_8[3]_i_1,LUT5,SLICE_X20Y214,SLICEM.B5LUT,32'hAA808000
u_dut/pc2_r2_8_reg[0],FDRE,SLICE_X20Y214,SLICEM.AFF,1'b0
u_dut/pc2_r2_8_reg[1],FDRE,SLICE_X20Y214,SLICEM.A5FF,1'b0
u_dut/pc2_r2_8_reg[2],FDRE,SLICE_X20Y214,SLICEM.BFF,1'b0
u_dut/pc2_r2_8_reg[3],FDRE,SLICE_X20Y214,SLICEM.B5FF,1'b0
u_dut/pc2_r4_0[3]_i_2,LUT5,SLICE_X15Y215,SLICEL.C6LUT,32'hEEE8E888
u_dut/pc2_r4_0[3]_i_3,LUT5,SLICE_X15Y215,SLICEL.C5LUT,32'hE81717E8
u_dut/pc2_r4_0[3]_i_4,LUT4,SLICE_X15Y215,SLICEL.D6LUT,16'h6996
u_dut/pc2_r4_0[3]_i_5,LUT6,SLICE_X17Y215,SLICEL.D6LUT,64'h6969699669969696
u_dut/pc2_r4_0[3]_i_6,LUT6,SLICE_X17Y215,SLICEL.C6LUT,64'h6999999699969666
u_dut/pc2_r4_0[3]_i_7,LUT4,SLICE_X17Y215,SLICEL.B6LUT,16'h566A
u_dut/pc2_r4_0[3]_i_8,LUT4,SLICE_X17Y215,SLICEL.A6LUT,16'h6996
u_dut/pc2_r4_0[3]_i_9,LUT3,SLICE_X18Y215,SLICEM.B6LUT,8'h96
u_dut/pc2_r4_0[6]_i_2,LUT5,SLICE_X18Y216,SLICEM.D6LUT,32'hEEE8E888
u_dut/pc2_r4_0[6]_i_3,LUT5,SLICE_X18Y215,SLICEM.B5LUT,32'hEEE8E888
u_dut/pc2_r4_0[6]_i_4,LUT5,SLICE_X17Y216,SLICEL.B6LUT,32'h177E7EE8
u_dut/pc2_r4_0[6]_i_5,LUT6,SLICE_X17Y216,SLICEL.A6LUT,64'h6969699669969696
u_dut/pc2_r4_0[6]_i_6,LUT3,SLICE_X18Y215,SLICEM.C6LUT,8'h96
u_dut/pc2_r4_0[6]_i_7,LUT3,SLICE_X18Y215,SLICEM.A6LUT,8'h96
u_dut/pc2_r4_0[6]_i_8,LUT3,SLICE_X18Y215,SLICEM.A5LUT,8'hE8
u_dut/pc2_r4_0_reg[0],FDRE,SLICE_X17Y215,SLICEL.AFF,1'b0
u_dut/pc2_r4_0_reg[1],FDRE,SLICE_X17Y215,SLICEL.BFF,1'b0
u_dut/pc2_r4_0_reg[2],FDRE,SLICE_X17Y215,SLICEL.CFF,1'b0
u_dut/pc2_r4_0_reg[3],FDRE,SLICE_X17Y215,SLICEL.DFF,1'b0
u_dut/pc2_r4_0_reg[3]_i_1,CARRY4,SLICE_X17Y215,SLICEL.CARRY4,
u_dut/pc2_r4_0_reg[4],FDRE,SLICE_X17Y216,SLICEL.AFF,1'b0
u_dut/pc2_r4_0_reg[5],FDRE,SLICE_X17Y216,SLICEL.BFF,1'b0
u_dut/pc2_r4_0_reg[6],FDRE,SLICE_X17Y216,SLICEL.CFF,1'b0
u_dut/pc2_r4_0_reg[6]_i_1,CARRY4,SLICE_X17Y216,SLICEL.CARRY4,
u_dut/pc2_r4_1[3]_i_2,LUT5,SLICE_X20Y213,SLICEM.A6LUT,32'hEEE8E888
u_dut/pc2_r4_1[3]_i_3,LUT5,SLICE_X20Y213,SLICEM.A5LUT,32'hE81717E8
u_dut/pc2_r4_1[3]_i_4,LUT4,SLICE_X20Y213,SLICEM.B6LUT,16'h6996
u_dut/pc2_r4_1[3]_i_5,LUT6,SLICE_X21Y213,SLICEL.D6LUT,64'h6969699669969696
u_dut/pc2_r4_1[3]_i_6,LUT6,SLICE_X21Y213,SLICEL.C6LUT,64'h6999999699969666
u_dut/pc2_r4_1[3]_i_7,LUT4,SLICE_X21Y213,SLICEL.B6LUT,16'h566A
u_dut/pc2_r4_1[3]_i_8,LUT4,SLICE_X21Y213,SLICEL.A6LUT,16'h6996
u_dut/pc2_r4_1[3]_i_9,LUT3,SLICE_X22Y213,SLICEM.A6LUT,8'h96
u_dut/pc2_r4_1[6]_i_2,LUT5,SLICE_X22Y214,SLICEM.B6LUT,32'hEEE8E888
u_dut/pc2_r4_1[6]_i_3,LUT5,SLICE_X22Y213,SLICEM.A5LUT,32'hEEE8E888
u_dut/pc2_r4_1[6]_i_4,LUT5,SLICE_X21Y214,SLICEL.B6LUT,32'h177E7EE8
u_dut/pc2_r4_1[6]_i_5,LUT6,SLICE_X21Y214,SLICEL.A6LUT,64'h6969699669969696
u_dut/pc2_r4_1[6]_i_6,LUT3,SLICE_X22Y214,SLICEM.C6LUT,8'h96
u_dut/pc2_r4_1[6]_i_7,LUT3,SLICE_X22Y214,SLICEM.A6LUT,8'h96
u_dut/pc2_r4_1[6]_i_8,LUT3,SLICE_X22Y214,SLICEM.A5LUT,8'hE8
u_dut/pc2_r4_1_reg[0],FDRE,SLICE_X21Y213,SLICEL.AFF,1'b0
u_dut/pc2_r4_1_reg[1],FDRE,SLICE_X21Y213,SLICEL.BFF,1'b0
u_dut/pc2_r4_1_reg[2],FDRE,SLICE_X21Y213,SLICEL.CFF,1'b0
u_dut/pc2_r4_1_reg[3],FDRE,SLICE_X21Y213,SLICEL.DFF,1'b0
u_dut/pc2_r4_1_reg[3]_i_1,CARRY4,SLICE_X21Y213,SLICEL.CARRY4,
u_dut/pc2_r4_1_reg[4],FDRE,SLICE_X21Y214,SLICEL.AFF,1'b0
u_dut/pc2_r4_1_reg[5],FDRE,SLICE_X21Y214,SLICEL.BFF,1'b0
u_dut/pc2_r4_1_reg[6],FDRE,SLICE_X21Y214,SLICEL.CFF,1'b0
u_dut/pc2_r4_1_reg[6]_i_1,CARRY4,SLICE_X21Y214,SLICEL.CARRY4,
u_dut/pc2_r4_2_reg[0],FDRE,SLICE_X17Y215,SLICEL.A5FF,1'b0
u_dut/pc2_r4_2_reg[1],FDRE,SLICE_X17Y215,SLICEL.B5FF,1'b0
u_dut/pc2_r4_2_reg[2],FDRE,SLICE_X20Y214,SLICEM.CFF,1'b0
u_dut/pc2_r4_2_reg[3],FDRE,SLICE_X20Y214,SLICEM.DFF,1'b0
u_dut/pc2_r6_0[3]_i_2,LUT3,SLICE_X16Y215,SLICEM.C5LUT,8'hE8
u_dut/pc2_r6_0[3]_i_3,LUT3,SLICE_X16Y215,SLICEM.B5LUT,8'hE8
u_dut/pc2_r6_0[3]_i_4,LUT3,SLICE_X16Y215,SLICEM.A5LUT,8'hE8
u_dut/pc2_r6_0[3]_i_5,LUT4,SLICE_X16Y215,SLICEM.D6LUT,16'h6996
u_dut/pc2_r6_0[3]_i_6,LUT4,SLICE_X16Y215,SLICEM.C6LUT,16'h6996
u_dut/pc2_r6_0[3]_i_7,LUT4,SLICE_X16Y215,SLICEM.B6LUT,16'h6996
u_dut/pc2_r6_0[3]_i_8,LUT3,SLICE_X16Y215,SLICEM.A6LUT,8'h96
u_dut/pc2_r6_0[7]_i_2,LUT2,SLICE_X16Y216,SLICEM.C5LUT,4'h8
u_dut/pc2_r6_0[7]_i_3,LUT2,SLICE_X16Y216,SLICEM.B5LUT,4'h8
u_dut/pc2_r6_0[7]_i_4,LUT3,SLICE_X16Y216,SLICEM.A5LUT,8'hE8
u_dut/pc2_r6_0[7]_i_5,LUT2,SLICE_X16Y216,SLICEM.D6LUT,4'h8
u_dut/pc2_r6_0[7]_i_6,LUT4,SLICE_X16Y216,SLICEM.C6LUT,16'h8778
u_dut/pc2_r6_0[7]_i_7,LUT4,SLICE_X16Y216,SLICEM.B6LUT,16'h8778
u_dut/pc2_r6_0[7]_i_8,LUT5,SLICE_X16Y216,SLICEM.A6LUT,32'hE81717E8
u_dut/pc2_r6_0_reg[0],FDRE,SLICE_X16Y215,SLICEM.AFF,1'b0
u_dut/pc2_r6_0_reg[1],FDRE,SLICE_X16Y215,SLICEM.BFF,1'b0
u_dut/pc2_r6_0_reg[2],FDRE,SLICE_X16Y215,SLICEM.CFF,1'b0
u_dut/pc2_r6_0_reg[3],FDRE,SLICE_X16Y215,SLICEM.DFF,1'b0
u_dut/pc2_r6_0_reg[3]_i_1,CARRY4,SLICE_X16Y215,SLICEM.CARRY4,
u_dut/pc2_r6_0_reg[4],FDRE,SLICE_X16Y216,SLICEM.AFF,1'b0
u_dut/pc2_r6_0_reg[5],FDRE,SLICE_X16Y216,SLICEM.BFF,1'b0
u_dut/pc2_r6_0_reg[6],FDRE,SLICE_X16Y216,SLICEM.CFF,1'b0
u_dut/pc2_r6_0_reg[7],FDRE,SLICE_X16Y216,SLICEM.DFF,1'b0
u_dut/pc2_r6_0_reg[7]_i_1,CARRY4,SLICE_X16Y216,SLICEM.CARRY4,
u_dut/pc3_a0[0]_i_1,LUT6,SLICE_X6Y236,SLICEM.B6LUT,64'h6996966996696996
u_dut/pc3_a0[1]_i_1,LUT6,SLICE_X6Y236,SLICEM.C6LUT,64'h8117177E177E7EE8
u_dut/pc3_a0[2]_i_1,LUT6,SLICE_X6Y236,SLICEM.D6LUT,64'hFEE8E880E8808000
u_dut/pc3_a0_reg[0],FDRE,SLICE_X6Y236,SLICEM.BFF,1'b0
u_dut/pc3_a0_reg[1],FDRE,SLICE_X6Y236,SLICEM.CFF,1'b0
u_dut/pc3_a0_reg[2],FDRE,SLICE_X6Y236,SLICEM.DFF,1'b0
u_dut/pc3_a10[0]_i_1,LUT6,SLICE_X18Y238,SLICEM.B6LUT,64'h6996966996696996
u_dut/pc3_a10[1]_i_1,LUT6,SLICE_X18Y238,SLICEM.C6LUT,64'h8117177E177E7EE8
u_dut/pc3_a10[2]_i_1,LUT6,SLICE_X18Y238,SLICEM.D6LUT,64'hFEE8E880E8808000
u_dut/pc3_a10_reg[0],FDRE,SLICE_X18Y238,SLICEM.BFF,1'b0
u_dut/pc3_a10_reg[1],FDRE,SLICE_X18Y238,SLICEM.CFF,1'b0
u_dut/pc3_a10_reg[2],FDRE,SLICE_X18Y238,SLICEM.DFF,1'b0
u_dut/pc3_a11[0]_i_1,LUT6,SLICE_X17Y242,SLICEL.A6LUT,64'h6996966996696996
u_dut/pc3_a11[1]_i_1,LUT6,SLICE_X17Y242,SLICEL.B6LUT,64'h8117177E177E7EE8
u_dut/pc3_a11[2]_i_1,LUT6,SLICE_X17Y242,SLICEL.C6LUT,64'hFEE8E880E8808000
u_dut/pc3_a11_reg[0],FDRE,SLICE_X17Y242,SLICEL.AFF,1'b0
u_dut/pc3_a11_reg[1],FDRE,SLICE_X17Y242,SLICEL.BFF,1'b0
u_dut/pc3_a11_reg[2],FDRE,SLICE_X17Y242,SLICEL.CFF,1'b0
u_dut/pc3_a12[0]_i_1,LUT6,SLICE_X7Y235,SLICEL.B6LUT,64'h6996966996696996
u_dut/pc3_a12[1]_i_1,LUT6,SLICE_X7Y235,SLICEL.C6LUT,64'h8117177E177E7EE8
u_dut/pc3_a12[2]_i_1,LUT6,SLICE_X7Y235,SLICEL.D6LUT,64'hFEE8E880E8808000
u_dut/pc3_a12_reg[0],FDRE,SLICE_X7Y235,SLICEL.BFF,1'b0
u_dut/pc3_a12_reg[1],FDRE,SLICE_X7Y235,SLICEL.CFF,1'b0
u_dut/pc3_a12_reg[2],FDRE,SLICE_X7Y235,SLICEL.DFF,1'b0
u_dut/pc3_a13[0]_i_1,LUT6,SLICE_X6Y234,SLICEM.B6LUT,64'h6996966996696996
u_dut/pc3_a13[1]_i_1,LUT6,SLICE_X6Y234,SLICEM.C6LUT,64'h8117177E177E7EE8
u_dut/pc3_a13[2]_i_1,LUT6,SLICE_X6Y234,SLICEM.D6LUT,64'hFEE8E880E8808000
u_dut/pc3_a13_reg[0],FDRE,SLICE_X6Y234,SLICEM.BFF,1'b0
u_dut/pc3_a13_reg[1],FDRE,SLICE_X6Y234,SLICEM.CFF,1'b0
u_dut/pc3_a13_reg[2],FDRE,SLICE_X6Y234,SLICEM.DFF,1'b0
u_dut/pc3_a14[0]_i_1,LUT6,SLICE_X5Y235,SLICEL.A6LUT,64'h6996966996696996
u_dut/pc3_a14[1]_i_1,LUT6,SLICE_X4Y235,SLICEL.A6LUT,64'h8117177E177E7EE8
u_dut/pc3_a14[2]_i_1,LUT6,SLICE_X4Y235,SLICEL.B6LUT,64'hFEE8E880E8808000
u_dut/pc3_a14_reg[0],FDRE,SLICE_X5Y235,SLICEL.AFF,1'b0
u_dut/pc3_a14_reg[1],FDRE,SLICE_X4Y235,SLICEL.AFF,1'b0
u_dut/pc3_a14_reg[2],FDRE,SLICE_X4Y235,SLICEL.BFF,1'b0
u_dut/pc3_a15[0]_i_1,LUT6,SLICE_X11Y234,SLICEL.B6LUT,64'h6996966996696996
u_dut/pc3_a15[1]_i_1,LUT6,SLICE_X11Y234,SLICEL.C6LUT,64'h8117177E177E7EE8
u_dut/pc3_a15[2]_i_1,LUT6,SLICE_X11Y234,SLICEL.D6LUT,64'hFEE8E880E8808000
u_dut/pc3_a15_reg[0],FDRE,SLICE_X11Y234,SLICEL.BFF,1'b0
u_dut/pc3_a15_reg[1],FDRE,SLICE_X11Y234,SLICEL.CFF,1'b0
u_dut/pc3_a15_reg[2],FDRE,SLICE_X11Y234,SLICEL.DFF,1'b0
u_dut/pc3_a16[0]_i_1,LUT6,SLICE_X15Y240,SLICEL.B6LUT,64'h6996966996696996
u_dut/pc3_a16[1]_i_1,LUT6,SLICE_X15Y240,SLICEL.C6LUT,64'h8117177E177E7EE8
u_dut/pc3_a16[2]_i_1,LUT6,SLICE_X15Y240,SLICEL.D6LUT,64'hFEE8E880E8808000
u_dut/pc3_a16_reg[0],FDRE,SLICE_X15Y240,SLICEL.BFF,1'b0
u_dut/pc3_a16_reg[1],FDRE,SLICE_X15Y240,SLICEL.CFF,1'b0
u_dut/pc3_a16_reg[2],FDRE,SLICE_X15Y240,SLICEL.DFF,1'b0
u_dut/pc3_a17[0]_i_1,LUT6,SLICE_X12Y240,SLICEM.B6LUT,64'h6996966996696996
u_dut/pc3_a17[1]_i_1,LUT6,SLICE_X12Y240,SLICEM.C6LUT,64'h8117177E177E7EE8
u_dut/pc3_a17[2]_i_1,LUT6,SLICE_X12Y240,SLICEM.D6LUT,64'hFEE8E880E8808000
u_dut/pc3_a17_reg[0],FDRE,SLICE_X12Y240,SLICEM.BFF,1'b0
u_dut/pc3_a17_reg[1],FDRE,SLICE_X12Y240,SLICEM.CFF,1'b0
u_dut/pc3_a17_reg[2],FDRE,SLICE_X12Y240,SLICEM.DFF,1'b0
u_dut/pc3_a18[0]_i_1,LUT6,SLICE_X13Y240,SLICEL.A6LUT,64'h6996966996696996
u_dut/pc3_a18[1]_i_1,LUT6,SLICE_X13Y240,SLICEL.B6LUT,64'h8117177E177E7EE8
u_dut/pc3_a18[2]_i_1,LUT6,SLICE_X13Y240,SLICEL.C6LUT,64'hFEE8E880E8808000
u_dut/pc3_a18_reg[0],FDRE,SLICE_X13Y240,SLICEL.AFF,1'b0
u_dut/pc3_a18_reg[1],FDRE,SLICE_X13Y240,SLICEL.BFF,1'b0
u_dut/pc3_a18_reg[2],FDRE,SLICE_X13Y240,SLICEL.CFF,1'b0
u_dut/pc3_a19[0]_i_1,LUT6,SLICE_X16Y240,SLICEM.B6LUT,64'h6996966996696996
u_dut/pc3_a19[1]_i_1,LUT6,SLICE_X16Y240,SLICEM.C6LUT,64'h8117177E177E7EE8
u_dut/pc3_a19[2]_i_1,LUT6,SLICE_X16Y240,SLICEM.D6LUT,64'hFEE8E880E8808000
u_dut/pc3_a19_reg[0],FDRE,SLICE_X16Y240,SLICEM.BFF,1'b0
u_dut/pc3_a19_reg[1],FDRE,SLICE_X16Y240,SLICEM.CFF,1'b0
u_dut/pc3_a19_reg[2],FDRE,SLICE_X16Y240,SLICEM.DFF,1'b0
u_dut/pc3_a1[0]_i_1,LUT6,SLICE_X9Y235,SLICEL.B6LUT,64'h6996966996696996
u_dut/pc3_a1[1]_i_1,LUT6,SLICE_X9Y235,SLICEL.C6LUT,64'h8117177E177E7EE8
u_dut/pc3_a1[2]_i_1,LUT6,SLICE_X9Y235,SLICEL.D6LUT,64'hFEE8E880E8808000
u_dut/pc3_a1_reg[0],FDRE,SLICE_X9Y235,SLICEL.BFF,1'b0
u_dut/pc3_a1_reg[1],FDRE,SLICE_X9Y235,SLICEL.CFF,1'b0
u_dut/pc3_a1_reg[2],FDRE,SLICE_X9Y235,SLICEL.DFF,1'b0
u_dut/pc3_a20[0]_i_1,LUT6,SLICE_X17Y240,SLICEL.B6LUT,64'h6996966996696996
u_dut/pc3_a20[1]_i_1,LUT6,SLICE_X17Y240,SLICEL.C6LUT,64'h8117177E177E7EE8
u_dut/pc3_a20[2]_i_1,LUT6,SLICE_X17Y240,SLICEL.D6LUT,64'hFEE8E880E8808000
u_dut/pc3_a20_reg[0],FDRE,SLICE_X17Y240,SLICEL.BFF,1'b0
u_dut/pc3_a20_reg[1],FDRE,SLICE_X17Y240,SLICEL.CFF,1'b0
u_dut/pc3_a20_reg[2],FDRE,SLICE_X17Y240,SLICEL.DFF,1'b0
u_dut/pc3_a21[0]_i_1,LUT6,SLICE_X16Y241,SLICEM.B6LUT,64'h6996966996696996
u_dut/pc3_a21[1]_i_1,LUT6,SLICE_X16Y241,SLICEM.C6LUT,64'h8117177E177E7EE8
u_dut/pc3_a21[2]_i_1,LUT6,SLICE_X16Y241,SLICEM.D6LUT,64'hFEE8E880E8808000
u_dut/pc3_a21_reg[0],FDRE,SLICE_X16Y241,SLICEM.BFF,1'b0
u_dut/pc3_a21_reg[1],FDRE,SLICE_X16Y241,SLICEM.CFF,1'b0
u_dut/pc3_a21_reg[2],FDRE,SLICE_X16Y241,SLICEM.DFF,1'b0
u_dut/pc3_a22[0]_i_1,LUT6,SLICE_X9Y238,SLICEL.B6LUT,64'h6996966996696996
u_dut/pc3_a22[1]_i_1,LUT6,SLICE_X9Y238,SLICEL.C6LUT,64'h8117177E177E7EE8
u_dut/pc3_a22[2]_i_1,LUT6,SLICE_X9Y238,SLICEL.D6LUT,64'hFEE8E880E8808000
u_dut/pc3_a22_reg[0],FDRE,SLICE_X9Y238,SLICEL.BFF,1'b0
u_dut/pc3_a22_reg[1],FDRE,SLICE_X9Y238,SLICEL.CFF,1'b0
u_dut/pc3_a22_reg[2],FDRE,SLICE_X9Y238,SLICEL.DFF,1'b0
u_dut/pc3_a23[0]_i_1,LUT6,SLICE_X9Y242,SLICEL.A6LUT,64'h6996966996696996
u_dut/pc3_a23[1]_i_1,LUT6,SLICE_X9Y242,SLICEL.B6LUT,64'h8117177E177E7EE8
u_dut/pc3_a23[2]_i_1,LUT6,SLICE_X9Y241,SLICEL.A6LUT,64'hFEE8E880E8808000
u_dut/pc3_a23_reg[0],FDRE,SLICE_X9Y242,SLICEL.AFF,1'b0
u_dut/pc3_a23_reg[1],FDRE,SLICE_X9Y242,SLICEL.BFF,1'b0
u_dut/pc3_a23_reg[2],FDRE,SLICE_X9Y241,SLICEL.AFF,1'b0
u_dut/pc3_a24[0]_i_1,LUT6,SLICE_X9Y237,SLICEL.B6LUT,64'h6996966996696996
u_dut/pc3_a24[1]_i_1,LUT6,SLICE_X9Y237,SLICEL.C6LUT,64'h8117177E177E7EE8
u_dut/pc3_a24[2]_i_1,LUT6,SLICE_X9Y237,SLICEL.D6LUT,64'hFEE8E880E8808000
u_dut/pc3_a24_reg[0],FDRE,SLICE_X9Y237,SLICEL.BFF,1'b0
u_dut/pc3_a24_reg[1],FDRE,SLICE_X9Y237,SLICEL.CFF,1'b0
u_dut/pc3_a24_reg[2],FDRE,SLICE_X9Y237,SLICEL.DFF,1'b0
u_dut/pc3_a25[0]_i_1,LUT6,SLICE_X8Y235,SLICEM.B6LUT,64'h6996966996696996
u_dut/pc3_a25[1]_i_1,LUT6,SLICE_X8Y235,SLICEM.C6LUT,64'h8117177E177E7EE8
u_dut/pc3_a25[2]_i_1,LUT6,SLICE_X8Y235,SLICEM.D6LUT,64'hFEE8E880E8808000
u_dut/pc3_a25_reg[0],FDRE,SLICE_X8Y235,SLICEM.BFF,1'b0
u_dut/pc3_a25_reg[1],FDRE,SLICE_X8Y235,SLICEM.CFF,1'b0
u_dut/pc3_a25_reg[2],FDRE,SLICE_X8Y235,SLICEM.DFF,1'b0
u_dut/pc3_a26[0]_i_1,LUT6,SLICE_X7Y236,SLICEL.B6LUT,64'h6996966996696996
u_dut/pc3_a26[1]_i_1,LUT6,SLICE_X7Y236,SLICEL.C6LUT,64'h8117177E177E7EE8
u_dut/pc3_a26[2]_i_1,LUT6,SLICE_X7Y236,SLICEL.D6LUT,64'hFEE8E880E8808000
u_dut/pc3_a26_reg[0],FDRE,SLICE_X7Y236,SLICEL.BFF,1'b0
u_dut/pc3_a26_reg[1],FDRE,SLICE_X7Y236,SLICEL.CFF,1'b0
u_dut/pc3_a26_reg[2],FDRE,SLICE_X7Y236,SLICEL.DFF,1'b0
u_dut/pc3_a27[0]_i_1,LUT6,SLICE_X8Y237,SLICEM.B6LUT,64'h6996966996696996
u_dut/pc3_a27[1]_i_1,LUT6,SLICE_X8Y237,SLICEM.C6LUT,64'h8117177E177E7EE8
u_dut/pc3_a27[2]_i_1,LUT6,SLICE_X8Y237,SLICEM.D6LUT,64'hFEE8E880E8808000
u_dut/pc3_a27_reg[0],FDRE,SLICE_X8Y237,SLICEM.BFF,1'b0
u_dut/pc3_a27_reg[1],FDRE,SLICE_X8Y237,SLICEM.CFF,1'b0
u_dut/pc3_a27_reg[2],FDRE,SLICE_X8Y237,SLICEM.DFF,1'b0
u_dut/pc3_a28[0]_i_1,LUT6,SLICE_X19Y239,SLICEL.B6LUT,64'h6996966996696996
u_dut/pc3_a28[1]_i_1,LUT6,SLICE_X19Y239,SLICEL.C6LUT,64'h8117177E177E7EE8
u_dut/pc3_a28[2]_i_1,LUT6,SLICE_X19Y239,SLICEL.D6LUT,64'hFEE8E880E8808000
u_dut/pc3_a28_reg[0],FDRE,SLICE_X19Y239,SLICEL.BFF,1'b0
u_dut/pc3_a28_reg[1],FDRE,SLICE_X19Y239,SLICEL.CFF,1'b0
u_dut/pc3_a28_reg[2],FDRE,SLICE_X19Y239,SLICEL.DFF,1'b0
u_dut/pc3_a29[0]_i_1,LUT6,SLICE_X7Y237,SLICEL.A6LUT,64'h6996966996696996
u_dut/pc3_a29[1]_i_1,LUT6,SLICE_X7Y237,SLICEL.B6LUT,64'h8117177E177E7EE8
u_dut/pc3_a29[2]_i_1,LUT6,SLICE_X7Y237,SLICEL.C6LUT,64'hFEE8E880E8808000
u_dut/pc3_a29_reg[0],FDRE,SLICE_X7Y237,SLICEL.AFF,1'b0
u_dut/pc3_a29_reg[1],FDRE,SLICE_X7Y237,SLICEL.BFF,1'b0
u_dut/pc3_a29_reg[2],FDRE,SLICE_X7Y237,SLICEL.CFF,1'b0
u_dut/pc3_a2[0]_i_1,LUT6,SLICE_X10Y234,SLICEM.B6LUT,64'h6996966996696996
u_dut/pc3_a2[1]_i_1,LUT6,SLICE_X10Y234,SLICEM.C6LUT,64'h8117177E177E7EE8
u_dut/pc3_a2[2]_i_1,LUT6,SLICE_X10Y234,SLICEM.D6LUT,64'hFEE8E880E8808000
u_dut/pc3_a2_reg[0],FDRE,SLICE_X10Y234,SLICEM.BFF,1'b0
u_dut/pc3_a2_reg[1],FDRE,SLICE_X10Y234,SLICEM.CFF,1'b0
u_dut/pc3_a2_reg[2],FDRE,SLICE_X10Y234,SLICEM.DFF,1'b0
u_dut/pc3_a30[0]_i_1,LUT6,SLICE_X14Y238,SLICEM.B6LUT,64'h6996966996696996
u_dut/pc3_a30[1]_i_1,LUT6,SLICE_X14Y238,SLICEM.C6LUT,64'h8117177E177E7EE8
u_dut/pc3_a30[2]_i_1,LUT6,SLICE_X14Y238,SLICEM.D6LUT,64'hFEE8E880E8808000
u_dut/pc3_a30_reg[0],FDRE,SLICE_X14Y238,SLICEM.BFF,1'b0
u_dut/pc3_a30_reg[1],FDRE,SLICE_X14Y238,SLICEM.CFF,1'b0
u_dut/pc3_a30_reg[2],FDRE,SLICE_X14Y238,SLICEM.DFF,1'b0
u_dut/pc3_a31[0]_i_1,LUT6,SLICE_X8Y238,SLICEM.A6LUT,64'h6996966996696996
u_dut/pc3_a31[1]_i_1,LUT6,SLICE_X8Y238,SLICEM.B6LUT,64'h8117177E177E7EE8
u_dut/pc3_a31[2]_i_1,LUT6,SLICE_X8Y238,SLICEM.C6LUT,64'hFEE8E880E8808000
u_dut/pc3_a31_reg[0],FDRE,SLICE_X8Y238,SLICEM.AFF,1'b0
u_dut/pc3_a31_reg[1],FDRE,SLICE_X8Y238,SLICEM.BFF,1'b0
u_dut/pc3_a31_reg[2],FDRE,SLICE_X8Y238,SLICEM.CFF,1'b0
u_dut/pc3_a32[0]_i_1,LUT6,SLICE_X11Y237,SLICEL.B6LUT,64'h6996966996696996
u_dut/pc3_a32[1]_i_1,LUT6,SLICE_X11Y237,SLICEL.C6LUT,64'h8117177E177E7EE8
u_dut/pc3_a32[2]_i_1,LUT6,SLICE_X11Y237,SLICEL.D6LUT,64'hFEE8E880E8808000
u_dut/pc3_a32_reg[0],FDRE,SLICE_X11Y237,SLICEL.BFF,1'b0
u_dut/pc3_a32_reg[1],FDRE,SLICE_X11Y237,SLICEL.CFF,1'b0
u_dut/pc3_a32_reg[2],FDRE,SLICE_X11Y237,SLICEL.DFF,1'b0
u_dut/pc3_a33[0]_i_1,LUT2,SLICE_X10Y242,SLICEM.A6LUT,4'h6
u_dut/pc3_a33[1]_i_1,LUT2,SLICE_X10Y242,SLICEM.A5LUT,4'h8
u_dut/pc3_a33_reg[0],FDRE,SLICE_X10Y242,SLICEM.AFF,1'b0
u_dut/pc3_a33_reg[1],FDRE,SLICE_X10Y242,SLICEM.A5FF,1'b0
u_dut/pc3_a3[0]_i_1,LUT6,SLICE_X8Y236,SLICEM.B6LUT,64'h6996966996696996
u_dut/pc3_a3[1]_i_1,LUT6,SLICE_X8Y236,SLICEM.C6LUT,64'h8117177E177E7EE8
u_dut/pc3_a3[2]_i_1,LUT6,SLICE_X8Y236,SLICEM.D6LUT,64'hFEE8E880E8808000
u_dut/pc3_a3_reg[0],FDRE,SLICE_X8Y236,SLICEM.BFF,1'b0
u_dut/pc3_a3_reg[1],FDRE,SLICE_X8Y236,SLICEM.CFF,1'b0
u_dut/pc3_a3_reg[2],FDRE,SLICE_X8Y236,SLICEM.DFF,1'b0
u_dut/pc3_a4[0]_i_1,LUT6,SLICE_X14Y240,SLICEM.B6LUT,64'h6996966996696996
u_dut/pc3_a4[1]_i_1,LUT6,SLICE_X14Y240,SLICEM.C6LUT,64'h8117177E177E7EE8
u_dut/pc3_a4[2]_i_1,LUT6,SLICE_X14Y240,SLICEM.D6LUT,64'hFEE8E880E8808000
u_dut/pc3_a4_reg[0],FDRE,SLICE_X14Y240,SLICEM.BFF,1'b0
u_dut/pc3_a4_reg[1],FDRE,SLICE_X14Y240,SLICEM.CFF,1'b0
u_dut/pc3_a4_reg[2],FDRE,SLICE_X14Y240,SLICEM.DFF,1'b0
u_dut/pc3_a5[0]_i_1,LUT6,SLICE_X14Y237,SLICEM.B6LUT,64'h6996966996696996
u_dut/pc3_a5[1]_i_1,LUT6,SLICE_X14Y237,SLICEM.C6LUT,64'h8117177E177E7EE8
u_dut/pc3_a5[2]_i_1,LUT6,SLICE_X14Y237,SLICEM.D6LUT,64'hFEE8E880E8808000
u_dut/pc3_a5_reg[0],FDRE,SLICE_X14Y237,SLICEM.BFF,1'b0
u_dut/pc3_a5_reg[1],FDRE,SLICE_X14Y237,SLICEM.CFF,1'b0
u_dut/pc3_a5_reg[2],FDRE,SLICE_X14Y237,SLICEM.DFF,1'b0
u_dut/pc3_a6[0]_i_1,LUT6,SLICE_X10Y238,SLICEM.A6LUT,64'h6996966996696996
u_dut/pc3_a6[1]_i_1,LUT6,SLICE_X10Y238,SLICEM.B6LUT,64'h8117177E177E7EE8
u_dut/pc3_a6[2]_i_1,LUT6,SLICE_X10Y238,SLICEM.C6LUT,64'hFEE8E880E8808000
u_dut/pc3_a6_reg[0],FDRE,SLICE_X10Y238,SLICEM.AFF,1'b0
u_dut/pc3_a6_reg[1],FDRE,SLICE_X10Y238,SLICEM.BFF,1'b0
u_dut/pc3_a6_reg[2],FDRE,SLICE_X10Y238,SLICEM.CFF,1'b0
u_dut/pc3_a7[0]_i_1,LUT6,SLICE_X18Y239,SLICEM.B6LUT,64'h6996966996696996
u_dut/pc3_a7[1]_i_1,LUT6,SLICE_X18Y239,SLICEM.C6LUT,64'h8117177E177E7EE8
u_dut/pc3_a7[2]_i_1,LUT6,SLICE_X18Y239,SLICEM.D6LUT,64'hFEE8E880E8808000
u_dut/pc3_a7_reg[0],FDRE,SLICE_X18Y239,SLICEM.BFF,1'b0
u_dut/pc3_a7_reg[1],FDRE,SLICE_X18Y239,SLICEM.CFF,1'b0
u_dut/pc3_a7_reg[2],FDRE,SLICE_X18Y239,SLICEM.DFF,1'b0
u_dut/pc3_a8[0]_i_1,LUT6,SLICE_X16Y242,SLICEM.A6LUT,64'h6996966996696996
u_dut/pc3_a8[1]_i_1,LUT6,SLICE_X16Y242,SLICEM.B6LUT,64'h8117177E177E7EE8
u_dut/pc3_a8[2]_i_1,LUT6,SLICE_X16Y242,SLICEM.C6LUT,64'hFEE8E880E8808000
u_dut/pc3_a8_reg[0],FDRE,SLICE_X16Y242,SLICEM.AFF,1'b0
u_dut/pc3_a8_reg[1],FDRE,SLICE_X16Y242,SLICEM.BFF,1'b0
u_dut/pc3_a8_reg[2],FDRE,SLICE_X16Y242,SLICEM.CFF,1'b0
u_dut/pc3_a9[0]_i_1,LUT6,SLICE_X16Y234,SLICEM.B6LUT,64'h6996966996696996
u_dut/pc3_a9[1]_i_1,LUT6,SLICE_X16Y234,SLICEM.C6LUT,64'h8117177E177E7EE8
u_dut/pc3_a9[2]_i_1,LUT6,SLICE_X16Y234,SLICEM.D6LUT,64'hFEE8E880E8808000
u_dut/pc3_a9_reg[0],FDRE,SLICE_X16Y234,SLICEM.BFF,1'b0
u_dut/pc3_a9_reg[1],FDRE,SLICE_X16Y234,SLICEM.CFF,1'b0
u_dut/pc3_a9_reg[2],FDRE,SLICE_X16Y234,SLICEM.DFF,1'b0
u_dut/pc3_r2_0[0]_i_1,LUT4,SLICE_X5Y237,SLICEL.A6LUT,16'h6996
u_dut/pc3_r2_0[1]_i_1,LUT5,SLICE_X5Y237,SLICEL.B6LUT,32'h81177EE8
u_dut/pc3_r2_0[1]_i_2,LUT4,SLICE_X6Y237,SLICEM.A6LUT,16'h6996
u_dut/pc3_r2_0[2]_i_1,LUT6,SLICE_X6Y237,SLICEM.B6LUT,64'h9669699666666666
u_dut/pc3_r2_0[2]_i_2,LUT5,SLICE_X5Y237,SLICEL.B5LUT,32'hFEE88000
u_dut/pc3_r2_0[2]_i_3,LUT5,SLICE_X6Y237,SLICEM.D6LUT,32'h96696996
u_dut/pc3_r2_0[3]_i_1,LUT6,SLICE_X5Y237,SLICEL.C6LUT,64'hA99595569556566A
u_dut/pc3_r2_0[4]_i_1,LUT6,SLICE_X5Y237,SLICEL.D6LUT,64'hFEEAEAA8EAA8A880
u_dut/pc3_r2_0[4]_i_2,LUT6,SLICE_X6Y237,SLICEM.C6LUT,64'hEBBEAAAA82280000
u_dut/pc3_r2_0[4]_i_3,LUT3,SLICE_X6Y237,SLICEM.A5LUT,8'hE8
u_dut/pc3_r2_0_reg[0],FDRE,SLICE_X5Y237,SLICEL.AFF,1'b0
u_dut/pc3_r2_0_reg[1],FDRE,SLICE_X5Y237,SLICEL.A5FF,1'b0
u_dut/pc3_r2_0_reg[2],FDRE,SLICE_X6Y237,SLICEM.BFF,1'b0
u_dut/pc3_r2_0_reg[3],FDRE,SLICE_X5Y237,SLICEL.CFF,1'b0
u_dut/pc3_r2_0_reg[4],FDRE,SLICE_X5Y237,SLICEL.DFF,1'b0
u_dut/pc3_r2_1[0]_i_1,LUT4,SLICE_X8Y240,SLICEM.A6LUT,16'h6996
u_dut/pc3_r2_1[1]_i_1,LUT5,SLICE_X8Y240,SLICEM.B6LUT,32'h81177EE8
u_dut/pc3_r2_1[1]_i_2,LUT4,SLICE_X9Y240,SLICEL.A6LUT,16'h6996
u_dut/pc3_r2_1[2]_i_1,LUT6,SLICE_X9Y240,SLICEL.B6LUT,64'h9669699666666666
u_dut/pc3_r2_1[2]_i_2,LUT5,SLICE_X8Y240,SLICEM.B5LUT,32'hFEE88000
u_dut/pc3_r2_1[2]_i_3,LUT5,SLICE_X9Y240,SLICEL.D6LUT,32'h96696996
u_dut/pc3_r2_1[3]_i_1,LUT6,SLICE_X9Y241,SLICEL.B6LUT,64'hA99595569556566A
u_dut/pc3_r2_1[4]_i_1,LUT6,SLICE_X9Y241,SLICEL.C6LUT,64'hFEEAEAA8EAA8A880
u_dut/pc3_r2_1[4]_i_2,LUT6,SLICE_X9Y240,SLICEL.C6LUT,64'hEBBEAAAA82280000
u_dut/pc3_r2_1[4]_i_3,LUT3,SLICE_X9Y240,SLICEL.A5LUT,8'hE8
u_dut/pc3_r2_1_reg[0],FDRE,SLICE_X8Y240,SLICEM.AFF,1'b0
u_dut/pc3_r2_1_reg[1],FDRE,SLICE_X8Y240,SLICEM.A5FF,1'b0
u_dut/pc3_r2_1_reg[2],FDRE,SLICE_X9Y240,SLICEL.BFF,1'b0
u_dut/pc3_r2_1_reg[3],FDRE,SLICE_X9Y241,SLICEL.BFF,1'b0
u_dut/pc3_r2_1_reg[4],FDRE,SLICE_X9Y241,SLICEL.CFF,1'b0
u_dut/pc3_r2_2[0]_i_1,LUT4,SLICE_X16Y244,SLICEM.A6LUT,16'h6996
u_dut/pc3_r2_2[1]_i_1,LUT5,SLICE_X16Y243,SLICEM.A6LUT,32'h81177EE8
u_dut/pc3_r2_2[1]_i_2,LUT4,SLICE_X16Y243,SLICEM.B6LUT,16'h6996
u_dut/pc3_r2_2[2]_i_1,LUT6,SLICE_X16Y243,SLICEM.C6LUT,64'h9669699666666666
u_dut/pc3_r2_2[2]_i_2,LUT5,SLICE_X16Y243,SLICEM.A5LUT,32'hFEE88000
u_dut/pc3_r2_2[2]_i_3,LUT5,SLICE_X17Y243,SLICEL.C6LUT,32'h96696996
u_dut/pc3_r2_2[3]_i_1,LUT6,SLICE_X17Y243,SLICEL.A6LUT,64'hA99595569556566A
u_dut/pc3_r2_2[4]_i_1,LUT6,SLICE_X17Y243,SLICEL.B6LUT,64'hFEEAEAA8EAA8A880
u_dut/pc3_r2_2[4]_i_2,LUT6,SLICE_X16Y243,SLICEM.D6LUT,64'hEBBEAAAA82280000
u_dut/pc3_r2_2[4]_i_3,LUT3,SLICE_X16Y243,SLICEM.B5LUT,8'hE8
u_dut/pc3_r2_2_reg[0],FDRE,SLICE_X16Y244,SLICEM.AFF,1'b0
u_dut/pc3_r2_2_reg[1],FDRE,SLICE_X6Y243,SLICEM.AFF,1'b0
u_dut/pc3_r2_2_reg[2],FDRE,SLICE_X16Y243,SLICEM.CFF,1'b0
u_dut/pc3_r2_2_reg[3],FDRE,SLICE_X17Y243,SLICEL.AFF,1'b0
u_dut/pc3_r2_2_reg[4],FDRE,SLICE_X17Y243,SLICEL.BFF,1'b0
u_dut/pc3_r2_3[0]_i_1,LUT4,SLICE_X5Y235,SLICEL.B6LUT,16'h6996
u_dut/pc3_r2_3[1]_i_1,LUT5,SLICE_X5Y235,SLICEL.C6LUT,32'h81177EE8
u_dut/pc3_r2_3[1]_i_2,LUT4,SLICE_X5Y234,SLICEL.A6LUT,16'h6996
u_dut/pc3_r2_3[2]_i_1,LUT6,SLICE_X4Y234,SLICEL.A6LUT,64'h9669699666666666
u_dut/pc3_r2_3[2]_i_2,LUT5,SLICE_X5Y235,SLICEL.C5LUT,32'hFEE88000
u_dut/pc3_r2_3[2]_i_3,LUT5,SLICE_X5Y234,SLICEL.D6LUT,32'h96696996
u_dut/pc3_r2_3[3]_i_1,LUT6,SLICE_X4Y234,SLICEL.B6LUT,64'hA99595569556566A
u_dut/pc3_r2_3[4]_i_1,LUT6,SLICE_X4Y234,SLICEL.C6LUT,64'hFEEAEAA8EAA8A880
u_dut/pc3_r2_3[4]_i_2,LUT6,SLICE_X4Y234,SLICEL.D6LUT,64'hEBBEAAAA82280000
u_dut/pc3_r2_3[4]_i_3,LUT3,SLICE_X5Y234,SLICEL.A5LUT,8'hE8
u_dut/pc3_r2_3_reg[0],FDRE,SLICE_X5Y235,SLICEL.BFF,1'b0
u_dut/pc3_r2_3_reg[1],FDRE,SLICE_X5Y242,SLICEL.AFF,1'b0
u_dut/pc3_r2_3_reg[2],FDRE,SLICE_X4Y234,SLICEL.AFF,1'b0
u_dut/pc3_r2_3_reg[3],FDRE,SLICE_X4Y234,SLICEL.BFF,1'b0
u_dut/pc3_r2_3_reg[4],FDRE,SLICE_X4Y234,SLICEL.CFF,1'b0
u_dut/pc3_r2_4[0]_i_1,LUT4,SLICE_X8Y240,SLICEM.C6LUT,16'h6996
u_dut/pc3_r2_4[1]_i_1,LUT5,SLICE_X8Y240,SLICEM.D6LUT,32'h81177EE8
u_dut/pc3_r2_4[1]_i_2,LUT4,SLICE_X10Y240,SLICEM.A6LUT,16'h6996
u_dut/pc3_r2_4[2]_i_1,LUT6,SLICE_X10Y240,SLICEM.B6LUT,64'h9669699666666666
u_dut/pc3_r2_4[2]_i_2,LUT5,SLICE_X8Y240,SLICEM.D5LUT,32'hFEE88000
u_dut/pc3_r2_4[2]_i_3,LUT5,SLICE_X10Y240,SLICEM.D6LUT,32'h96696996
u_dut/pc3_r2_4[3]_i_1,LUT6,SLICE_X10Y241,SLICEM.A6LUT,64'hA99595569556566A
u_dut/pc3_r2_4[4]_i_1,LUT6,SLICE_X10Y241,SLICEM.B6LUT,64'hFEEAEAA8EAA8A880
u_dut/pc3_r2_4[4]_i_2,LUT6,SLICE_X10Y240,SLICEM.C6LUT,64'hEBBEAAAA82280000
u_dut/pc3_r2_4[4]_i_3,LUT3,SLICE_X10Y240,SLICEM.A5LUT,8'hE8
u_dut/pc3_r2_4_reg[0],FDRE,SLICE_X8Y240,SLICEM.CFF,1'b0
u_dut/pc3_r2_4_reg[1],FDRE,SLICE_X8Y240,SLICEM.BFF,1'b0
u_dut/pc3_r2_4_reg[2],FDRE,SLICE_X10Y240,SLICEM.BFF,1'b0
u_dut/pc3_r2_4_reg[3],FDRE,SLICE_X10Y241,SLICEM.AFF,1'b0
u_dut/pc3_r2_4_reg[4],FDRE,SLICE_X10Y241,SLICEM.BFF,1'b0
u_dut/pc3_r2_5[0]_i_1,LUT4,SLICE_X8Y244,SLICEM.A6LUT,16'h6996
u_dut/pc3_r2_5[1]_i_1,LUT5,SLICE_X8Y243,SLICEM.A6LUT,32'h81177EE8
u_dut/pc3_r2_5[1]_i_2,LUT4,SLICE_X8Y243,SLICEM.B6LUT,16'h6996
u_dut/pc3_r2_5[2]_i_1,LUT6,SLICE_X8Y243,SLICEM.C6LUT,64'h9669699666666666
u_dut/pc3_r2_5[2]_i_2,LUT5,SLICE_X8Y243,SLICEM.A5LUT,32'hFEE88000
u_dut/pc3_r2_5[2]_i_3,LUT5,SLICE_X9Y243,SLICEL.C6LUT,32'h96696996
u_dut/pc3_r2_5[3]_i_1,LUT6,SLICE_X9Y243,SLICEL.A6LUT,64'hA99595569556566A
u_dut/pc3_r2_5[4]_i_1,LUT6,SLICE_X9Y243,SLICEL.B6LUT,64'hFEEAEAA8EAA8A880
u_dut/pc3_r2_5[4]_i_2,LUT6,SLICE_X8Y243,SLICEM.D6LUT,64'hEBBEAAAA82280000
u_dut/pc3_r2_5[4]_i_3,LUT3,SLICE_X8Y243,SLICEM.B5LUT,8'hE8
u_dut/pc3_r2_5_reg[0],FDRE,SLICE_X8Y244,SLICEM.AFF,1'b0
u_dut/pc3_r2_5_reg[1],FDRE,SLICE_X7Y243,SLICEL.AFF,1'b0
u_dut/pc3_r2_5_reg[2],FDRE,SLICE_X8Y243,SLICEM.CFF,1'b0
u_dut/pc3_r2_5_reg[3],FDRE,SLICE_X9Y243,SLICEL.AFF,1'b0
u_dut/pc3_r2_5_reg[4],FDRE,SLICE_X9Y243,SLICEL.BFF,1'b0
u_dut/pc3_r2_6[0]_i_1,LUT4,SLICE_X6Y239,SLICEM.A6LUT,16'h6996
u_dut/pc3_r2_6[1]_i_1,LUT5,SLICE_X6Y239,SLICEM.B6LUT,32'h81177EE8
u_dut/pc3_r2_6[1]_i_2,LUT4,SLICE_X7Y237,SLICEL.D6LUT,16'h6996
u_dut/pc3_r2_6[2]_i_1,LUT6,SLICE_X6Y238,SLICEM.A6LUT,64'h9669699666666666
u_dut/pc3_r2_6[2]_i_2,LUT5,SLICE_X6Y239,SLICEM.B5LUT,32'hFEE88000
u_dut/pc3_r2_6[2]_i_3,LUT5,SLICE_X5Y238,SLICEL.A6LUT,32'h96696996
u_dut/pc3_r2_6[3]_i_1,LUT6,SLICE_X6Y238,SLICEM.B6LUT,64'hA99595569556566A
u_dut/pc3_r2_6[4]_i_1,LUT6,SLICE_X6Y238,SLICEM.C6LUT,64'hFEEAEAA8EAA8A880
u_dut/pc3_r2_6[4]_i_2,LUT6,SLICE_X6Y238,SLICEM.D6LUT,64'hEBBEAAAA82280000
u_dut/pc3_r2_6[4]_i_3,LUT3,SLICE_X7Y237,SLICEL.D5LUT,8'hE8
u_dut/pc3_r2_6_reg[0],FDRE,SLICE_X6Y239,SLICEM.AFF,1'b0
u_dut/pc3_r2_6_reg[1],FDRE,SLICE_X6Y241,SLICEM.AFF,1'b0
u_dut/pc3_r2_6_reg[2],FDRE,SLICE_X6Y238,SLICEM.AFF,1'b0
u_dut/pc3_r2_6_reg[3],FDRE,SLICE_X6Y238,SLICEM.BFF,1'b0
u_dut/pc3_r2_6_reg[4],FDRE,SLICE_X6Y238,SLICEM.CFF,1'b0
u_dut/pc3_r2_7[0]_i_1,LUT4,SLICE_X7Y239,SLICEL.A6LUT,16'h6996
u_dut/pc3_r2_7[1]_i_1,LUT5,SLICE_X7Y239,SLICEL.B6LUT,32'h81177EE8
u_dut/pc3_r2_7[1]_i_2,LUT4,SLICE_X7Y238,SLICEL.A6LUT,16'h6996
u_dut/pc3_r2_7[2]_i_1,LUT6,SLICE_X7Y238,SLICEL.B6LUT,64'h9669699666666666
u_dut/pc3_r2_7[2]_i_2,LUT5,SLICE_X7Y239,SLICEL.B5LUT,32'hFEE88000
u_dut/pc3_r2_7[2]_i_3,LUT5,SLICE_X7Y238,SLICEL.D6LUT,32'h96696996
u_dut/pc3_r2_7[3]_i_1,LUT6,SLICE_X7Y239,SLICEL.C6LUT,64'hA99595569556566A
u_dut/pc3_r2_7[4]_i_1,LUT6,SLICE_X7Y239,SLICEL.D6LUT,64'hFEEAEAA8EAA8A880
u_dut/pc3_r2_7[4]_i_2,LUT6,SLICE_X7Y238,SLICEL.C6LUT,64'hEBBEAAAA82280000
u_dut/pc3_r2_7[4]_i_3,LUT3,SLICE_X7Y238,SLICEL.A5LUT,8'hE8
u_dut/pc3_r2_7_reg[0],FDRE,SLICE_X7Y239,SLICEL.AFF,1'b0
u_dut/pc3_r2_7_reg[1],FDRE,SLICE_X7Y239,SLICEL.A5FF,1'b0
u_dut/pc3_r2_7_reg[2],FDRE,SLICE_X7Y238,SLICEL.BFF,1'b0
u_dut/pc3_r2_7_reg[3],FDRE,SLICE_X7Y239,SLICEL.CFF,1'b0
u_dut/pc3_r2_7_reg[4],FDRE,SLICE_X7Y239,SLICEL.DFF,1'b0
u_dut/pc3_r2_8[0]_i_1,LUT2,SLICE_X9Y242,SLICEL.C6LUT,4'h6
u_dut/pc3_r2_8[1]_i_1,LUT4,SLICE_X9Y242,SLICEL.C5LUT,16'h8778
u_dut/pc3_r2_8[2]_i_1,LUT5,SLICE_X9Y242,SLICEL.D6LUT,32'h077FF880
u_dut/pc3_r2_8[3]_i_1,LUT5,SLICE_X9Y242,SLICEL.D5LUT,32'hAA808000
u_dut/pc3_r2_8_reg[0],FDRE,SLICE_X9Y242,SLICEL.CFF,1'b0
u_dut/pc3_r2_8_reg[1],FDRE,SLICE_X9Y242,SLICEL.C5FF,1'b0
u_dut/pc3_r2_8_reg[2],FDRE,SLICE_X9Y242,SLICEL.DFF,1'b0
u_dut/pc3_r2_8_reg[3],FDRE,SLICE_X9Y242,SLICEL.D5FF,1'b0
u_dut/pc3_r4_0[3]_i_2,LUT5,SLICE_X5Y242,SLICEL.A6LUT,32'hEEE8E888
u_dut/pc3_r4_0[3]_i_3,LUT5,SLICE_X5Y242,SLICEL.A5LUT,32'hE81717E8
u_dut/pc3_r4_0[3]_i_4,LUT4,SLICE_X6Y243,SLICEM.B6LUT,16'h6996
u_dut/pc3_r4_0[3]_i_5,LUT6,SLICE_X5Y243,SLICEL.D6LUT,64'h6969699669969696
u_dut/pc3_r4_0[3]_i_6,LUT6,SLICE_X5Y243,SLICEL.C6LUT,64'h6999999699969666
u_dut/pc3_r4_0[3]_i_7,LUT4,SLICE_X5Y243,SLICEL.B6LUT,16'h566A
u_dut/pc3_r4_0[3]_i_8,LUT4,SLICE_X5Y243,SLICEL.A6LUT,16'h6996
u_dut/pc3_r4_0[3]_i_9,LUT3,SLICE_X6Y243,SLICEM.A6LUT,8'h96
u_dut/pc3_r4_0[6]_i_2,LUT5,SLICE_X7Y244,SLICEL.C6LUT,32'hEEE8E888
u_dut/pc3_r4_0[6]_i_3,LUT5,SLICE_X6Y243,SLICEM.A5LUT,32'hEEE8E888
u_dut/pc3_r4_0[6]_i_4,LUT5,SLICE_X5Y244,SLICEL.B6LUT,32'h177E7EE8
u_dut/pc3_r4_0[6]_i_5,LUT6,SLICE_X5Y244,SLICEL.A6LUT,64'h6969699669969696
u_dut/pc3_r4_0[6]_i_6,LUT3,SLICE_X6Y243,SLICEM.C6LUT,8'h96
u_dut/pc3_r4_0[6]_i_7,LUT3,SLICE_X7Y244,SLICEL.A6LUT,8'h96
u_dut/pc3_r4_0[6]_i_8,LUT3,SLICE_X7Y244,SLICEL.A5LUT,8'hE8
u_dut/pc3_r4_0_reg[0],FDRE,SLICE_X5Y243,SLICEL.AFF,1'b0
u_dut/pc3_r4_0_reg[1],FDRE,SLICE_X5Y243,SLICEL.BFF,1'b0
u_dut/pc3_r4_0_reg[2],FDRE,SLICE_X5Y243,SLICEL.CFF,1'b0
u_dut/pc3_r4_0_reg[3],FDRE,SLICE_X5Y243,SLICEL.DFF,1'b0
u_dut/pc3_r4_0_reg[3]_i_1,CARRY4,SLICE_X5Y243,SLICEL.CARRY4,
u_dut/pc3_r4_0_reg[4],FDRE,SLICE_X5Y244,SLICEL.AFF,1'b0
u_dut/pc3_r4_0_reg[5],FDRE,SLICE_X5Y244,SLICEL.BFF,1'b0
u_dut/pc3_r4_0_reg[6],FDRE,SLICE_X5Y244,SLICEL.CFF,1'b0
u_dut/pc3_r4_0_reg[6]_i_1,CARRY4,SLICE_X5Y244,SLICEL.CARRY4,
u_dut/pc3_r4_1[3]_i_2,LUT5,SLICE_X7Y243,SLICEL.A6LUT,32'hEEE8E888
u_dut/pc3_r4_1[3]_i_3,LUT5,SLICE_X7Y243,SLICEL.A5LUT,32'hE81717E8
u_dut/pc3_r4_1[3]_i_4,LUT4,SLICE_X7Y244,SLICEL.D6LUT,16'h6996
u_dut/pc3_r4_1[3]_i_5,LUT6,SLICE_X6Y244,SLICEM.D6LUT,64'h6969699669969696
u_dut/pc3_r4_1[3]_i_6,LUT6,SLICE_X6Y244,SLICEM.C6LUT,64'h6999999699969666
u_dut/pc3_r4_1[3]_i_7,LUT4,SLICE_X6Y244,SLICEM.B6LUT,16'h566A
u_dut/pc3_r4_1[3]_i_8,LUT4,SLICE_X6Y244,SLICEM.A6LUT,16'h6996
u_dut/pc3_r4_1[3]_i_9,LUT3,SLICE_X7Y244,SLICEL.B6LUT,8'h96
u_dut/pc3_r4_1[6]_i_2,LUT5,SLICE_X7Y245,SLICEL.B6LUT,32'hEEE8E888
u_dut/pc3_r4_1[6]_i_3,LUT5,SLICE_X7Y244,SLICEL.B5LUT,32'hEEE8E888
u_dut/pc3_r4_1[6]_i_4,LUT5,SLICE_X6Y245,SLICEM.B6LUT,32'h177E7EE8
u_dut/pc3_r4_1[6]_i_5,LUT6,SLICE_X6Y245,SLICEM.A6LUT,64'h6969699669969696
u_dut/pc3_r4_1[6]_i_6,LUT3,SLICE_X7Y245,SLICEL.C6LUT,8'h96
u_dut/pc3_r4_1[6]_i_7,LUT3,SLICE_X7Y245,SLICEL.A6LUT,8'h96
u_dut/pc3_r4_1[6]_i_8,LUT3,SLICE_X7Y245,SLICEL.A5LUT,8'hE8
u_dut/pc3_r4_1_reg[0],FDRE,SLICE_X6Y244,SLICEM.AFF,1'b0
u_dut/pc3_r4_1_reg[1],FDRE,SLICE_X6Y244,SLICEM.BFF,1'b0
u_dut/pc3_r4_1_reg[2],FDRE,SLICE_X6Y244,SLICEM.CFF,1'b0
u_dut/pc3_r4_1_reg[3],FDRE,SLICE_X6Y244,SLICEM.DFF,1'b0
u_dut/pc3_r4_1_reg[3]_i_1,CARRY4,SLICE_X6Y244,SLICEM.CARRY4,
u_dut/pc3_r4_1_reg[4],FDRE,SLICE_X6Y245,SLICEM.AFF,1'b0
u_dut/pc3_r4_1_reg[5],FDRE,SLICE_X6Y245,SLICEM.BFF,1'b0
u_dut/pc3_r4_1_reg[6],FDRE,SLICE_X6Y245,SLICEM.CFF,1'b0
u_dut/pc3_r4_1_reg[6]_i_1,CARRY4,SLICE_X6Y245,SLICEM.CARRY4,
u_dut/pc3_r4_2_reg[0],FDRE,SLICE_X5Y243,SLICEL.A5FF,1'b0
u_dut/pc3_r4_2_reg[1],FDRE,SLICE_X5Y242,SLICEL.BFF,1'b0
u_dut/pc3_r4_2_reg[2],FDRE,SLICE_X5Y242,SLICEL.CFF,1'b0
u_dut/pc3_r4_2_reg[3],FDRE,SLICE_X5Y242,SLICEL.DFF,1'b0
u_dut/pc3_r6_0[3]_i_2,LUT3,SLICE_X4Y243,SLICEL.C5LUT,8'hE8
u_dut/pc3_r6_0[3]_i_3,LUT3,SLICE_X4Y243,SLICEL.B5LUT,8'hE8
u_dut/pc3_r6_0[3]_i_4,LUT3,SLICE_X4Y243,SLICEL.A5LUT,8'hE8
u_dut/pc3_r6_0[3]_i_5,LUT4,SLICE_X4Y243,SLICEL.D6LUT,16'h6996
u_dut/pc3_r6_0[3]_i_6,LUT4,SLICE_X4Y243,SLICEL.C6LUT,16'h6996
u_dut/pc3_r6_0[3]_i_7,LUT4,SLICE_X4Y243,SLICEL.B6LUT,16'h6996
u_dut/pc3_r6_0[3]_i_8,LUT3,SLICE_X4Y243,SLICEL.A6LUT,8'h96
u_dut/pc3_r6_0[7]_i_2,LUT2,SLICE_X4Y244,SLICEL.C5LUT,4'h8
u_dut/pc3_r6_0[7]_i_3,LUT2,SLICE_X4Y244,SLICEL.B5LUT,4'h8
u_dut/pc3_r6_0[7]_i_4,LUT3,SLICE_X4Y244,SLICEL.A5LUT,8'hE8
u_dut/pc3_r6_0[7]_i_5,LUT2,SLICE_X4Y244,SLICEL.D6LUT,4'h8
u_dut/pc3_r6_0[7]_i_6,LUT4,SLICE_X4Y244,SLICEL.C6LUT,16'h8778
u_dut/pc3_r6_0[7]_i_7,LUT4,SLICE_X4Y244,SLICEL.B6LUT,16'h8778
u_dut/pc3_r6_0[7]_i_8,LUT5,SLICE_X4Y244,SLICEL.A6LUT,32'hE81717E8
u_dut/pc3_r6_0_reg[0],FDRE,SLICE_X4Y243,SLICEL.AFF,1'b0
u_dut/pc3_r6_0_reg[1],FDRE,SLICE_X4Y243,SLICEL.BFF,1'b0
u_dut/pc3_r6_0_reg[2],FDRE,SLICE_X4Y243,SLICEL.CFF,1'b0
u_dut/pc3_r6_0_reg[3],FDRE,SLICE_X4Y243,SLICEL.DFF,1'b0
u_dut/pc3_r6_0_reg[3]_i_1,CARRY4,SLICE_X4Y243,SLICEL.CARRY4,
u_dut/pc3_r6_0_reg[4],FDRE,SLICE_X4Y244,SLICEL.AFF,1'b0
u_dut/pc3_r6_0_reg[5],FDRE,SLICE_X4Y244,SLICEL.BFF,1'b0
u_dut/pc3_r6_0_reg[6],FDRE,SLICE_X4Y244,SLICEL.CFF,1'b0
u_dut/pc3_r6_0_reg[7],FDRE,SLICE_X4Y244,SLICEL.DFF,1'b0
u_dut/pc3_r6_0_reg[7]_i_1,CARRY4,SLICE_X4Y244,SLICEL.CARRY4,
u_dut/pc4_a0[0]_i_1,LUT6,SLICE_X17Y236,SLICEL.B6LUT,64'h6996966996696996
u_dut/pc4_a0[1]_i_1,LUT6,SLICE_X17Y236,SLICEL.C6LUT,64'h8117177E177E7EE8
u_dut/pc4_a0[2]_i_1,LUT6,SLICE_X17Y236,SLICEL.D6LUT,64'hFEE8E880E8808000
u_dut/pc4_a0_reg[0],FDRE,SLICE_X17Y236,SLICEL.BFF,1'b0
u_dut/pc4_a0_reg[1],FDRE,SLICE_X17Y236,SLICEL.CFF,1'b0
u_dut/pc4_a0_reg[2],FDRE,SLICE_X17Y236,SLICEL.DFF,1'b0
u_dut/pc4_a10[0]_i_1,LUT6,SLICE_X14Y233,SLICEM.B6LUT,64'h6996966996696996
u_dut/pc4_a10[1]_i_1,LUT6,SLICE_X14Y233,SLICEM.C6LUT,64'h8117177E177E7EE8
u_dut/pc4_a10[2]_i_1,LUT6,SLICE_X14Y233,SLICEM.D6LUT,64'hFEE8E880E8808000
u_dut/pc4_a10_reg[0],FDRE,SLICE_X14Y233,SLICEM.BFF,1'b0
u_dut/pc4_a10_reg[1],FDRE,SLICE_X14Y233,SLICEM.CFF,1'b0
u_dut/pc4_a10_reg[2],FDRE,SLICE_X14Y233,SLICEM.DFF,1'b0
u_dut/pc4_a11[0]_i_1,LUT6,SLICE_X12Y241,SLICEM.A6LUT,64'h6996966996696996
u_dut/pc4_a11[1]_i_1,LUT6,SLICE_X12Y241,SLICEM.B6LUT,64'h8117177E177E7EE8
u_dut/pc4_a11[2]_i_1,LUT6,SLICE_X12Y241,SLICEM.C6LUT,64'hFEE8E880E8808000
u_dut/pc4_a11_reg[0],FDRE,SLICE_X12Y241,SLICEM.AFF,1'b0
u_dut/pc4_a11_reg[1],FDRE,SLICE_X12Y241,SLICEM.BFF,1'b0
u_dut/pc4_a11_reg[2],FDRE,SLICE_X12Y241,SLICEM.CFF,1'b0
u_dut/pc4_a12[0]_i_1,LUT6,SLICE_X12Y232,SLICEM.B6LUT,64'h6996966996696996
u_dut/pc4_a12[1]_i_1,LUT6,SLICE_X12Y232,SLICEM.C6LUT,64'h8117177E177E7EE8
u_dut/pc4_a12[2]_i_1,LUT6,SLICE_X12Y232,SLICEM.D6LUT,64'hFEE8E880E8808000
u_dut/pc4_a12_reg[0],FDRE,SLICE_X12Y232,SLICEM.BFF,1'b0
u_dut/pc4_a12_reg[1],FDRE,SLICE_X12Y232,SLICEM.CFF,1'b0
u_dut/pc4_a12_reg[2],FDRE,SLICE_X12Y232,SLICEM.DFF,1'b0
u_dut/pc4_a13[0]_i_1,LUT6,SLICE_X23Y239,SLICEL.B6LUT,64'h6996966996696996
u_dut/pc4_a13[1]_i_1,LUT6,SLICE_X22Y240,SLICEM.C6LUT,64'h8117177E177E7EE8
u_dut/pc4_a13[2]_i_1,LUT6,SLICE_X22Y240,SLICEM.D6LUT,64'hFEE8E880E8808000
u_dut/pc4_a13_reg[0],FDRE,SLICE_X23Y239,SLICEL.BFF,1'b0
u_dut/pc4_a13_reg[1],FDRE,SLICE_X22Y240,SLICEM.CFF,1'b0
u_dut/pc4_a13_reg[2],FDRE,SLICE_X22Y240,SLICEM.DFF,1'b0
u_dut/pc4_a14[0]_i_1,LUT6,SLICE_X11Y236,SLICEL.B6LUT,64'h6996966996696996
u_dut/pc4_a14[1]_i_1,LUT6,SLICE_X11Y236,SLICEL.C6LUT,64'h8117177E177E7EE8
u_dut/pc4_a14[2]_i_1,LUT6,SLICE_X11Y236,SLICEL.D6LUT,64'hFEE8E880E8808000
u_dut/pc4_a14_reg[0],FDRE,SLICE_X11Y236,SLICEL.BFF,1'b0
u_dut/pc4_a14_reg[1],FDRE,SLICE_X11Y236,SLICEL.CFF,1'b0
u_dut/pc4_a14_reg[2],FDRE,SLICE_X11Y236,SLICEL.DFF,1'b0
u_dut/pc4_a15[0]_i_1,LUT6,SLICE_X20Y243,SLICEM.A6LUT,64'h6996966996696996
u_dut/pc4_a15[1]_i_1,LUT6,SLICE_X20Y242,SLICEM.A6LUT,64'h8117177E177E7EE8
u_dut/pc4_a15[2]_i_1,LUT6,SLICE_X20Y243,SLICEM.B6LUT,64'hFEE8E880E8808000
u_dut/pc4_a15_reg[0],FDRE,SLICE_X20Y243,SLICEM.AFF,1'b0
u_dut/pc4_a15_reg[1],FDRE,SLICE_X20Y242,SLICEM.AFF,1'b0
u_dut/pc4_a15_reg[2],FDRE,SLICE_X20Y243,SLICEM.BFF,1'b0
u_dut/pc4_a16[0]_i_1,LUT6,SLICE_X22Y243,SLICEM.A6LUT,64'h6996966996696996
u_dut/pc4_a16[1]_i_1,LUT6,SLICE_X22Y243,SLICEM.B6LUT,64'h8117177E177E7EE8
u_dut/pc4_a16[2]_i_1,LUT6,SLICE_X22Y243,SLICEM.C6LUT,64'hFEE8E880E8808000
u_dut/pc4_a16_reg[0],FDRE,SLICE_X22Y243,SLICEM.AFF,1'b0
u_dut/pc4_a16_reg[1],FDRE,SLICE_X22Y243,SLICEM.BFF,1'b0
u_dut/pc4_a16_reg[2],FDRE,SLICE_X22Y243,SLICEM.CFF,1'b0
u_dut/pc4_a17[0]_i_1,LUT6,SLICE_X20Y236,SLICEM.B6LUT,64'h6996966996696996
u_dut/pc4_a17[1]_i_1,LUT6,SLICE_X20Y236,SLICEM.C6LUT,64'h8117177E177E7EE8
u_dut/pc4_a17[2]_i_1,LUT6,SLICE_X20Y236,SLICEM.D6LUT,64'hFEE8E880E8808000
u_dut/pc4_a17_reg[0],FDRE,SLICE_X20Y236,SLICEM.BFF,1'b0
u_dut/pc4_a17_reg[1],FDRE,SLICE_X20Y236,SLICEM.CFF,1'b0
u_dut/pc4_a17_reg[2],FDRE,SLICE_X20Y236,SLICEM.DFF,1'b0
u_dut/pc4_a18[0]_i_1,LUT6,SLICE_X20Y242,SLICEM.B6LUT,64'h6996966996696996
u_dut/pc4_a18[1]_i_1,LUT6,SLICE_X20Y242,SLICEM.C6LUT,64'h8117177E177E7EE8
u_dut/pc4_a18[2]_i_1,LUT6,SLICE_X20Y242,SLICEM.D6LUT,64'hFEE8E880E8808000
u_dut/pc4_a18_reg[0],FDRE,SLICE_X20Y242,SLICEM.BFF,1'b0
u_dut/pc4_a18_reg[1],FDRE,SLICE_X20Y242,SLICEM.CFF,1'b0
u_dut/pc4_a18_reg[2],FDRE,SLICE_X20Y242,SLICEM.DFF,1'b0
u_dut/pc4_a19[0]_i_1,LUT6,SLICE_X21Y242,SLICEL.B6LUT,64'h6996966996696996
u_dut/pc4_a19[1]_i_1,LUT6,SLICE_X21Y242,SLICEL.C6LUT,64'h8117177E177E7EE8
u_dut/pc4_a19[2]_i_1,LUT6,SLICE_X21Y242,SLICEL.D6LUT,64'hFEE8E880E8808000
u_dut/pc4_a19_reg[0],FDRE,SLICE_X21Y242,SLICEL.BFF,1'b0
u_dut/pc4_a19_reg[1],FDRE,SLICE_X21Y242,SLICEL.CFF,1'b0
u_dut/pc4_a19_reg[2],FDRE,SLICE_X21Y242,SLICEL.DFF,1'b0
u_dut/pc4_a1[0]_i_1,LUT6,SLICE_X11Y235,SLICEL.B6LUT,64'h6996966996696996
u_dut/pc4_a1[1]_i_1,LUT6,SLICE_X11Y235,SLICEL.C6LUT,64'h8117177E177E7EE8
u_dut/pc4_a1[2]_i_1,LUT6,SLICE_X11Y235,SLICEL.D6LUT,64'hFEE8E880E8808000
u_dut/pc4_a1_reg[0],FDRE,SLICE_X11Y235,SLICEL.BFF,1'b0
u_dut/pc4_a1_reg[1],FDRE,SLICE_X11Y235,SLICEL.CFF,1'b0
u_dut/pc4_a1_reg[2],FDRE,SLICE_X11Y235,SLICEL.DFF,1'b0
u_dut/pc4_a20[0]_i_1,LUT6,SLICE_X15Y232,SLICEL.B6LUT,64'h6996966996696996
u_dut/pc4_a20[1]_i_1,LUT6,SLICE_X15Y232,SLICEL.C6LUT,64'h8117177E177E7EE8
u_dut/pc4_a20[2]_i_1,LUT6,SLICE_X15Y232,SLICEL.D6LUT,64'hFEE8E880E8808000
u_dut/pc4_a20_reg[0],FDRE,SLICE_X15Y232,SLICEL.BFF,1'b0
u_dut/pc4_a20_reg[1],FDRE,SLICE_X15Y232,SLICEL.CFF,1'b0
u_dut/pc4_a20_reg[2],FDRE,SLICE_X15Y232,SLICEL.DFF,1'b0
u_dut/pc4_a21[0]_i_1,LUT6,SLICE_X19Y242,SLICEL.A6LUT,64'h6996966996696996
u_dut/pc4_a21[1]_i_1,LUT6,SLICE_X19Y242,SLICEL.B6LUT,64'h8117177E177E7EE8
u_dut/pc4_a21[2]_i_1,LUT6,SLICE_X19Y242,SLICEL.C6LUT,64'hFEE8E880E8808000
u_dut/pc4_a21_reg[0],FDRE,SLICE_X19Y242,SLICEL.AFF,1'b0
u_dut/pc4_a21_reg[1],FDRE,SLICE_X19Y242,SLICEL.BFF,1'b0
u_dut/pc4_a21_reg[2],FDRE,SLICE_X19Y242,SLICEL.CFF,1'b0
u_dut/pc4_a22[0]_i_1,LUT6,SLICE_X18Y242,SLICEM.A6LUT,64'h6996966996696996
u_dut/pc4_a22[1]_i_1,LUT6,SLICE_X18Y242,SLICEM.B6LUT,64'h8117177E177E7EE8
u_dut/pc4_a22[2]_i_1,LUT6,SLICE_X18Y242,SLICEM.C6LUT,64'hFEE8E880E8808000
u_dut/pc4_a22_reg[0],FDRE,SLICE_X18Y242,SLICEM.AFF,1'b0
u_dut/pc4_a22_reg[1],FDRE,SLICE_X18Y242,SLICEM.BFF,1'b0
u_dut/pc4_a22_reg[2],FDRE,SLICE_X18Y242,SLICEM.CFF,1'b0
u_dut/pc4_a23[0]_i_1,LUT6,SLICE_X17Y238,SLICEL.B6LUT,64'h6996966996696996
u_dut/pc4_a23[1]_i_1,LUT6,SLICE_X17Y238,SLICEL.C6LUT,64'h8117177E177E7EE8
u_dut/pc4_a23[2]_i_1,LUT6,SLICE_X17Y238,SLICEL.D6LUT,64'hFEE8E880E8808000
u_dut/pc4_a23_reg[0],FDRE,SLICE_X17Y238,SLICEL.BFF,1'b0
u_dut/pc4_a23_reg[1],FDRE,SLICE_X17Y238,SLICEL.CFF,1'b0
u_dut/pc4_a23_reg[2],FDRE,SLICE_X17Y238,SLICEL.DFF,1'b0
u_dut/pc4_a24[0]_i_1,LUT6,SLICE_X15Y239,SLICEL.B6LUT,64'h6996966996696996
u_dut/pc4_a24[1]_i_1,LUT6,SLICE_X15Y239,SLICEL.C6LUT,64'h8117177E177E7EE8
u_dut/pc4_a24[2]_i_1,LUT6,SLICE_X15Y239,SLICEL.D6LUT,64'hFEE8E880E8808000
u_dut/pc4_a24_reg[0],FDRE,SLICE_X15Y239,SLICEL.BFF,1'b0
u_dut/pc4_a24_reg[1],FDRE,SLICE_X15Y239,SLICEL.CFF,1'b0
u_dut/pc4_a24_reg[2],FDRE,SLICE_X15Y239,SLICEL.DFF,1'b0
u_dut/pc4_a25[0]_i_1,LUT6,SLICE_X16Y233,SLICEM.D6LUT,64'h6996966996696996
u_dut/pc4_a25[1]_i_1,LUT6,SLICE_X15Y233,SLICEL.C6LUT,64'h8117177E177E7EE8
u_dut/pc4_a25[2]_i_1,LUT6,SLICE_X15Y233,SLICEL.D6LUT,64'hFEE8E880E8808000
u_dut/pc4_a25_reg[0],FDRE,SLICE_X16Y233,SLICEM.DFF,1'b0
u_dut/pc4_a25_reg[1],FDRE,SLICE_X15Y233,SLICEL.CFF,1'b0
u_dut/pc4_a25_reg[2],FDRE,SLICE_X15Y233,SLICEL.DFF,1'b0
u_dut/pc4_a26[0]_i_1,LUT6,SLICE_X15Y238,SLICEL.B6LUT,64'h6996966996696996
u_dut/pc4_a26[1]_i_1,LUT6,SLICE_X15Y238,SLICEL.C6LUT,64'h8117177E177E7EE8
u_dut/pc4_a26[2]_i_1,LUT6,SLICE_X15Y238,SLICEL.D6LUT,64'hFEE8E880E8808000
u_dut/pc4_a26_reg[0],FDRE,SLICE_X15Y238,SLICEL.BFF,1'b0
u_dut/pc4_a26_reg[1],FDRE,SLICE_X15Y238,SLICEL.CFF,1'b0
u_dut/pc4_a26_reg[2],FDRE,SLICE_X15Y238,SLICEL.DFF,1'b0
u_dut/pc4_a27[0]_i_1,LUT6,SLICE_X17Y233,SLICEL.B6LUT,64'h6996966996696996
u_dut/pc4_a27[1]_i_1,LUT6,SLICE_X17Y233,SLICEL.C6LUT,64'h8117177E177E7EE8
u_dut/pc4_a27[2]_i_1,LUT6,SLICE_X17Y233,SLICEL.D6LUT,64'hFEE8E880E8808000
u_dut/pc4_a27_reg[0],FDRE,SLICE_X17Y233,SLICEL.BFF,1'b0
u_dut/pc4_a27_reg[1],FDRE,SLICE_X17Y233,SLICEL.CFF,1'b0
u_dut/pc4_a27_reg[2],FDRE,SLICE_X17Y233,SLICEL.DFF,1'b0
u_dut/pc4_a28[0]_i_1,LUT6,SLICE_X17Y241,SLICEL.A6LUT,64'h6996966996696996
u_dut/pc4_a28[1]_i_1,LUT6,SLICE_X17Y241,SLICEL.B6LUT,64'h8117177E177E7EE8
u_dut/pc4_a28[2]_i_1,LUT6,SLICE_X17Y241,SLICEL.C6LUT,64'hFEE8E880E8808000
u_dut/pc4_a28_reg[0],FDRE,SLICE_X17Y241,SLICEL.AFF,1'b0
u_dut/pc4_a28_reg[1],FDRE,SLICE_X17Y241,SLICEL.BFF,1'b0
u_dut/pc4_a28_reg[2],FDRE,SLICE_X17Y241,SLICEL.CFF,1'b0
u_dut/pc4_a29[0]_i_1,LUT6,SLICE_X14Y241,SLICEM.A6LUT,64'h6996966996696996
u_dut/pc4_a29[1]_i_1,LUT6,SLICE_X14Y241,SLICEM.B6LUT,64'h8117177E177E7EE8
u_dut/pc4_a29[2]_i_1,LUT6,SLICE_X14Y241,SLICEM.C6LUT,64'hFEE8E880E8808000
u_dut/pc4_a29_reg[0],FDRE,SLICE_X14Y241,SLICEM.AFF,1'b0
u_dut/pc4_a29_reg[1],FDRE,SLICE_X14Y241,SLICEM.BFF,1'b0
u_dut/pc4_a29_reg[2],FDRE,SLICE_X14Y241,SLICEM.CFF,1'b0
u_dut/pc4_a2[0]_i_1,LUT6,SLICE_X10Y237,SLICEM.B6LUT,64'h6996966996696996
u_dut/pc4_a2[1]_i_1,LUT6,SLICE_X10Y237,SLICEM.C6LUT,64'h8117177E177E7EE8
u_dut/pc4_a2[2]_i_1,LUT6,SLICE_X10Y237,SLICEM.D6LUT,64'hFEE8E880E8808000
u_dut/pc4_a2_reg[0],FDRE,SLICE_X10Y237,SLICEM.BFF,1'b0
u_dut/pc4_a2_reg[1],FDRE,SLICE_X10Y237,SLICEM.CFF,1'b0
u_dut/pc4_a2_reg[2],FDRE,SLICE_X10Y237,SLICEM.DFF,1'b0
u_dut/pc4_a30[0]_i_1,LUT6,SLICE_X13Y239,SLICEL.B6LUT,64'h6996966996696996
u_dut/pc4_a30[1]_i_1,LUT6,SLICE_X13Y239,SLICEL.C6LUT,64'h8117177E177E7EE8
u_dut/pc4_a30[2]_i_1,LUT6,SLICE_X13Y239,SLICEL.D6LUT,64'hFEE8E880E8808000
u_dut/pc4_a30_reg[0],FDRE,SLICE_X13Y239,SLICEL.BFF,1'b0
u_dut/pc4_a30_reg[1],FDRE,SLICE_X13Y239,SLICEL.CFF,1'b0
u_dut/pc4_a30_reg[2],FDRE,SLICE_X13Y239,SLICEL.DFF,1'b0
u_dut/pc4_a31[0]_i_1,LUT6,SLICE_X13Y235,SLICEL.B6LUT,64'h6996966996696996
u_dut/pc4_a31[1]_i_1,LUT6,SLICE_X13Y235,SLICEL.C6LUT,64'h8117177E177E7EE8
u_dut/pc4_a31[2]_i_1,LUT6,SLICE_X13Y235,SLICEL.D6LUT,64'hFEE8E880E8808000
u_dut/pc4_a31_reg[0],FDRE,SLICE_X13Y235,SLICEL.BFF,1'b0
u_dut/pc4_a31_reg[1],FDRE,SLICE_X13Y235,SLICEL.CFF,1'b0
u_dut/pc4_a31_reg[2],FDRE,SLICE_X13Y235,SLICEL.DFF,1'b0
u_dut/pc4_a32[0]_i_1,LUT6,SLICE_X17Y234,SLICEL.B6LUT,64'h6996966996696996
u_dut/pc4_a32[1]_i_1,LUT6,SLICE_X17Y234,SLICEL.C6LUT,64'h8117177E177E7EE8
u_dut/pc4_a32[2]_i_1,LUT6,SLICE_X17Y234,SLICEL.D6LUT,64'hFEE8E880E8808000
u_dut/pc4_a32_reg[0],FDRE,SLICE_X17Y234,SLICEL.BFF,1'b0
u_dut/pc4_a32_reg[1],FDRE,SLICE_X17Y234,SLICEL.CFF,1'b0
u_dut/pc4_a32_reg[2],FDRE,SLICE_X17Y234,SLICEL.DFF,1'b0
u_dut/pc4_a33[0]_i_1,LUT2,SLICE_X12Y241,SLICEM.D6LUT,4'h6
u_dut/pc4_a33[1]_i_1,LUT2,SLICE_X12Y241,SLICEM.D5LUT,4'h8
u_dut/pc4_a33_reg[0],FDRE,SLICE_X12Y241,SLICEM.DFF,1'b0
u_dut/pc4_a33_reg[1],FDRE,SLICE_X12Y241,SLICEM.D5FF,1'b0
u_dut/pc4_a3[0]_i_1,LUT6,SLICE_X12Y239,SLICEM.B6LUT,64'h6996966996696996
u_dut/pc4_a3[1]_i_1,LUT6,SLICE_X12Y239,SLICEM.C6LUT,64'h8117177E177E7EE8
u_dut/pc4_a3[2]_i_1,LUT6,SLICE_X12Y239,SLICEM.D6LUT,64'hFEE8E880E8808000
u_dut/pc4_a3_reg[0],FDRE,SLICE_X12Y239,SLICEM.BFF,1'b0
u_dut/pc4_a3_reg[1],FDRE,SLICE_X12Y239,SLICEM.CFF,1'b0
u_dut/pc4_a3_reg[2],FDRE,SLICE_X12Y239,SLICEM.DFF,1'b0
u_dut/pc4_a4[0]_i_1,LUT6,SLICE_X17Y235,SLICEL.B6LUT,64'h6996966996696996
u_dut/pc4_a4[1]_i_1,LUT6,SLICE_X17Y235,SLICEL.C6LUT,64'h8117177E177E7EE8
u_dut/pc4_a4[2]_i_1,LUT6,SLICE_X17Y235,SLICEL.D6LUT,64'hFEE8E880E8808000
u_dut/pc4_a4_reg[0],FDRE,SLICE_X17Y235,SLICEL.BFF,1'b0
u_dut/pc4_a4_reg[1],FDRE,SLICE_X17Y235,SLICEL.CFF,1'b0
u_dut/pc4_a4_reg[2],FDRE,SLICE_X17Y235,SLICEL.DFF,1'b0
u_dut/pc4_a5[0]_i_1,LUT6,SLICE_X16Y235,SLICEM.B6LUT,64'h6996966996696996
u_dut/pc4_a5[1]_i_1,LUT6,SLICE_X16Y235,SLICEM.C6LUT,64'h8117177E177E7EE8
u_dut/pc4_a5[2]_i_1,LUT6,SLICE_X16Y235,SLICEM.D6LUT,64'hFEE8E880E8808000
u_dut/pc4_a5_reg[0],FDRE,SLICE_X16Y235,SLICEM.BFF,1'b0
u_dut/pc4_a5_reg[1],FDRE,SLICE_X16Y235,SLICEM.CFF,1'b0
u_dut/pc4_a5_reg[2],FDRE,SLICE_X16Y235,SLICEM.DFF,1'b0
u_dut/pc4_a6[0]_i_1,LUT6,SLICE_X19Y229,SLICEL.B6LUT,64'h6996966996696996
u_dut/pc4_a6[1]_i_1,LUT6,SLICE_X19Y229,SLICEL.C6LUT,64'h8117177E177E7EE8
u_dut/pc4_a6[2]_i_1,LUT6,SLICE_X19Y229,SLICEL.D6LUT,64'hFEE8E880E8808000
u_dut/pc4_a6_reg[0],FDRE,SLICE_X19Y229,SLICEL.BFF,1'b0
u_dut/pc4_a6_reg[1],FDRE,SLICE_X19Y229,SLICEL.CFF,1'b0
u_dut/pc4_a6_reg[2],FDRE,SLICE_X19Y229,SLICEL.DFF,1'b0
u_dut/pc4_a7[0]_i_1,LUT6,SLICE_X15Y236,SLICEL.B6LUT,64'h6996966996696996
u_dut/pc4_a7[1]_i_1,LUT6,SLICE_X15Y236,SLICEL.C6LUT,64'h8117177E177E7EE8
u_dut/pc4_a7[2]_i_1,LUT6,SLICE_X15Y236,SLICEL.D6LUT,64'hFEE8E880E8808000
u_dut/pc4_a7_reg[0],FDRE,SLICE_X15Y236,SLICEL.BFF,1'b0
u_dut/pc4_a7_reg[1],FDRE,SLICE_X15Y236,SLICEL.CFF,1'b0
u_dut/pc4_a7_reg[2],FDRE,SLICE_X15Y236,SLICEL.DFF,1'b0
u_dut/pc4_a8[0]_i_1,LUT6,SLICE_X14Y239,SLICEM.B6LUT,64'h6996966996696996
u_dut/pc4_a8[1]_i_1,LUT6,SLICE_X14Y239,SLICEM.C6LUT,64'h8117177E177E7EE8
u_dut/pc4_a8[2]_i_1,LUT6,SLICE_X14Y239,SLICEM.D6LUT,64'hFEE8E880E8808000
u_dut/pc4_a8_reg[0],FDRE,SLICE_X14Y239,SLICEM.BFF,1'b0
u_dut/pc4_a8_reg[1],FDRE,SLICE_X14Y239,SLICEM.CFF,1'b0
u_dut/pc4_a8_reg[2],FDRE,SLICE_X14Y239,SLICEM.DFF,1'b0
u_dut/pc4_a9[0]_i_1,LUT6,SLICE_X16Y239,SLICEM.B6LUT,64'h6996966996696996
u_dut/pc4_a9[1]_i_1,LUT6,SLICE_X16Y239,SLICEM.C6LUT,64'h8117177E177E7EE8
u_dut/pc4_a9[2]_i_1,LUT6,SLICE_X16Y239,SLICEM.D6LUT,64'hFEE8E880E8808000
u_dut/pc4_a9_reg[0],FDRE,SLICE_X16Y239,SLICEM.BFF,1'b0
u_dut/pc4_a9_reg[1],FDRE,SLICE_X16Y239,SLICEM.CFF,1'b0
u_dut/pc4_a9_reg[2],FDRE,SLICE_X16Y239,SLICEM.DFF,1'b0
u_dut/pc4_r2_0[0]_i_1,LUT4,SLICE_X10Y239,SLICEM.A6LUT,16'h6996
u_dut/pc4_r2_0[1]_i_1,LUT5,SLICE_X10Y239,SLICEM.B6LUT,32'h81177EE8
u_dut/pc4_r2_0[1]_i_2,LUT4,SLICE_X10Y239,SLICEM.C6LUT,16'h6996
u_dut/pc4_r2_0[2]_i_1,LUT6,SLICE_X11Y239,SLICEL.A6LUT,64'h9669699666666666
u_dut/pc4_r2_0[2]_i_2,LUT5,SLICE_X10Y239,SLICEM.B5LUT,32'hFEE88000
u_dut/pc4_r2_0[2]_i_3,LUT5,SLICE_X10Y239,SLICEM.D6LUT,32'h96696996
u_dut/pc4_r2_0[3]_i_1,LUT6,SLICE_X9Y239,SLICEL.A6LUT,64'hA99595569556566A
u_dut/pc4_r2_0[4]_i_1,LUT6,SLICE_X9Y239,SLICEL.B6LUT,64'hFEEAEAA8EAA8A880
u_dut/pc4_r2_0[4]_i_2,LUT6,SLICE_X11Y239,SLICEL.D6LUT,64'hEBBEAAAA82280000
u_dut/pc4_r2_0[4]_i_3,LUT3,SLICE_X10Y239,SLICEM.C5LUT,8'hE8
u_dut/pc4_r2_0_reg[0],FDRE,SLICE_X10Y239,SLICEM.AFF,1'b0
u_dut/pc4_r2_0_reg[1],FDRE,SLICE_X10Y239,SLICEM.A5FF,1'b0
u_dut/pc4_r2_0_reg[2],FDRE,SLICE_X11Y239,SLICEL.AFF,1'b0
u_dut/pc4_r2_0_reg[3],FDRE,SLICE_X9Y239,SLICEL.AFF,1'b0
u_dut/pc4_r2_0_reg[4],FDRE,SLICE_X9Y239,SLICEL.BFF,1'b0
u_dut/pc4_r2_1[0]_i_1,LUT4,SLICE_X14Y241,SLICEM.D6LUT,16'h6996
u_dut/pc4_r2_1[1]_i_1,LUT5,SLICE_X15Y241,SLICEL.A6LUT,32'h81177EE8
u_dut/pc4_r2_1[1]_i_2,LUT4,SLICE_X15Y241,SLICEL.B6LUT,16'h6996
u_dut/pc4_r2_1[2]_i_1,LUT6,SLICE_X15Y241,SLICEL.C6LUT,64'h9669699666666666
u_dut/pc4_r2_1[2]_i_2,LUT5,SLICE_X15Y241,SLICEL.A5LUT,32'hFEE88000
u_dut/pc4_r2_1[2]_i_3,LUT5,SLICE_X17Y241,SLICEL.D6LUT,32'h96696996
u_dut/pc4_r2_1[3]_i_1,LUT6,SLICE_X18Y241,SLICEM.C6LUT,64'hA99595569556566A
u_dut/pc4_r2_1[4]_i_1,LUT6,SLICE_X18Y241,SLICEM.D6LUT,64'hFEEAEAA8EAA8A880
u_dut/pc4_r2_1[4]_i_2,LUT6,SLICE_X15Y241,SLICEL.D6LUT,64'hEBBEAAAA82280000
u_dut/pc4_r2_1[4]_i_3,LUT3,SLICE_X15Y241,SLICEL.B5LUT,8'hE8
u_dut/pc4_r2_1_reg[0],FDRE,SLICE_X14Y241,SLICEM.DFF,1'b0
u_dut/pc4_r2_1_reg[1],FDRE,SLICE_X13Y241,SLICEL.AFF,1'b0
u_dut/pc4_r2_1_reg[2],FDRE,SLICE_X15Y241,SLICEL.CFF,1'b0
u_dut/pc4_r2_1_reg[3],FDRE,SLICE_X18Y241,SLICEM.CFF,1'b0
u_dut/pc4_r2_1_reg[4],FDRE,SLICE_X18Y241,SLICEM.DFF,1'b0
u_dut/pc4_r2_2[0]_i_1,LUT4,SLICE_X12Y242,SLICEM.A6LUT,16'h6996
u_dut/pc4_r2_2[1]_i_1,LUT5,SLICE_X14Y242,SLICEM.A6LUT,32'h81177EE8
u_dut/pc4_r2_2[1]_i_2,LUT4,SLICE_X14Y242,SLICEM.B6LUT,16'h6996
u_dut/pc4_r2_2[2]_i_1,LUT6,SLICE_X14Y242,SLICEM.C6LUT,64'h9669699666666666
u_dut/pc4_r2_2[2]_i_2,LUT5,SLICE_X14Y242,SLICEM.A5LUT,32'hFEE88000
u_dut/pc4_r2_2[2]_i_3,LUT5,SLICE_X12Y242,SLICEM.D6LUT,32'h96696996
u_dut/pc4_r2_2[3]_i_1,LUT6,SLICE_X12Y242,SLICEM.B6LUT,64'hA99595569556566A
u_dut/pc4_r2_2[4]_i_1,LUT6,SLICE_X12Y242,SLICEM.C6LUT,64'hFEEAEAA8EAA8A880
u_dut/pc4_r2_2[4]_i_2,LUT6,SLICE_X14Y242,SLICEM.D6LUT,64'hEBBEAAAA82280000
u_dut/pc4_r2_2[4]_i_3,LUT3,SLICE_X14Y242,SLICEM.B5LUT,8'hE8
u_dut/pc4_r2_2_reg[0],FDRE,SLICE_X12Y242,SLICEM.AFF,1'b0
u_dut/pc4_r2_2_reg[1],FDRE,SLICE_X13Y242,SLICEL.A5FF,1'b0
u_dut/pc4_r2_2_reg[2],FDRE,SLICE_X14Y242,SLICEM.CFF,1'b0
u_dut/pc4_r2_2_reg[3],FDRE,SLICE_X12Y242,SLICEM.BFF,1'b0
u_dut/pc4_r2_2_reg[4],FDRE,SLICE_X12Y242,SLICEM.CFF,1'b0
u_dut/pc4_r2_3[0]_i_1,LUT4,SLICE_X11Y239,SLICEL.B6LUT,16'h6996
u_dut/pc4_r2_3[1]_i_1,LUT5,SLICE_X11Y239,SLICEL.C6LUT,32'h81177EE8
u_dut/pc4_r2_3[1]_i_2,LUT4,SLICE_X11Y240,SLICEL.A6LUT,16'h6996
u_dut/pc4_r2_3[2]_i_1,LUT6,SLICE_X11Y240,SLICEL.B6LUT,64'h9669699666666666
u_dut/pc4_r2_3[2]_i_2,LUT5,SLICE_X11Y239,SLICEL.C5LUT,32'hFEE88000
u_dut/pc4_r2_3[2]_i_3,LUT5,SLICE_X11Y240,SLICEL.D6LUT,32'h96696996
u_dut/pc4_r2_3[3]_i_1,LUT6,SLICE_X11Y242,SLICEL.A6LUT,64'hA99595569556566A
u_dut/pc4_r2_3[4]_i_1,LUT6,SLICE_X11Y242,SLICEL.B6LUT,64'hFEEAEAA8EAA8A880
u_dut/pc4_r2_3[4]_i_2,LUT6,SLICE_X11Y240,SLICEL.C6LUT,64'hEBBEAAAA82280000
u_dut/pc4_r2_3[4]_i_3,LUT3,SLICE_X11Y240,SLICEL.A5LUT,8'hE8
u_dut/pc4_r2_3_reg[0],FDRE,SLICE_X11Y239,SLICEL.BFF,1'b0
u_dut/pc4_r2_3_reg[1],FDRE,SLICE_X11Y242,SLICEL.A5FF,1'b0
u_dut/pc4_r2_3_reg[2],FDRE,SLICE_X11Y240,SLICEL.BFF,1'b0
u_dut/pc4_r2_3_reg[3],FDRE,SLICE_X11Y242,SLICEL.AFF,1'b0
u_dut/pc4_r2_3_reg[4],FDRE,SLICE_X11Y242,SLICEL.BFF,1'b0
u_dut/pc4_r2_4[0]_i_1,LUT4,SLICE_X20Y244,SLICEM.A6LUT,16'h6996
u_dut/pc4_r2_4[1]_i_1,LUT5,SLICE_X20Y244,SLICEM.B6LUT,32'h81177EE8
u_dut/pc4_r2_4[1]_i_2,LUT4,SLICE_X21Y244,SLICEL.A6LUT,16'h6996
u_dut/pc4_r2_4[2]_i_1,LUT6,SLICE_X21Y245,SLICEL.A6LUT,64'h9669699666666666
u_dut/pc4_r2_4[2]_i_2,LUT5,SLICE_X20Y244,SLICEM.B5LUT,32'hFEE88000
u_dut/pc4_r2_4[2]_i_3,LUT5,SLICE_X20Y245,SLICEM.C6LUT,32'h96696996
u_dut/pc4_r2_4[3]_i_1,LUT6,SLICE_X20Y245,SLICEM.A6LUT,64'hA99595569556566A
u_dut/pc4_r2_4[4]_i_1,LUT6,SLICE_X20Y245,SLICEM.B6LUT,64'hFEEAEAA8EAA8A880
u_dut/pc4_r2_4[4]_i_2,LUT6,SLICE_X21Y245,SLICEL.B6LUT,64'hEBBEAAAA82280000
u_dut/pc4_r2_4[4]_i_3,LUT3,SLICE_X21Y244,SLICEL.A5LUT,8'hE8
u_dut/pc4_r2_4_reg[0],FDRE,SLICE_X20Y244,SLICEM.AFF,1'b0
u_dut/pc4_r2_4_reg[1],FDRE,SLICE_X20Y244,SLICEM.A5FF,1'b0
u_dut/pc4_r2_4_reg[2],FDRE,SLICE_X21Y245,SLICEL.AFF,1'b0
u_dut/pc4_r2_4_reg[3],FDRE,SLICE_X20Y245,SLICEM.AFF,1'b0
u_dut/pc4_r2_4_reg[4],FDRE,SLICE_X20Y245,SLICEM.BFF,1'b0
u_dut/pc4_r2_5[0]_i_1,LUT4,SLICE_X16Y244,SLICEM.B6LUT,16'h6996
u_dut/pc4_r2_5[1]_i_1,LUT5,SLICE_X16Y244,SLICEM.C6LUT,32'h81177EE8
u_dut/pc4_r2_5[1]_i_2,LUT4,SLICE_X17Y244,SLICEL.A6LUT,16'h6996
u_dut/pc4_r2_5[2]_i_1,LUT6,SLICE_X17Y244,SLICEL.B6LUT,64'h9669699666666666
u_dut/pc4_r2_5[2]_i_2,LUT5,SLICE_X16Y244,SLICEM.C5LUT,32'hFEE88000
u_dut/pc4_r2_5[2]_i_3,LUT5,SLICE_X18Y244,SLICEM.B6LUT,32'h96696996
u_dut/pc4_r2_5[3]_i_1,LUT6,SLICE_X17Y244,SLICEL.C6LUT,64'hA99595569556566A
u_dut/pc4_r2_5[4]_i_1,LUT6,SLICE_X18Y244,SLICEM.A6LUT,64'hFEEAEAA8EAA8A880
u_dut/pc4_r2_5[4]_i_2,LUT6,SLICE_X17Y244,SLICEL.D6LUT,64'hEBBEAAAA82280000
u_dut/pc4_r2_5[4]_i_3,LUT3,SLICE_X17Y244,SLICEL.A5LUT,8'hE8
u_dut/pc4_r2_5_reg[0],FDRE,SLICE_X16Y244,SLICEM.BFF,1'b0
u_dut/pc4_r2_5_reg[1],FDRE,SLICE_X16Y244,SLICEM.A5FF,1'b0
u_dut/pc4_r2_5_reg[2],FDRE,SLICE_X17Y244,SLICEL.BFF,1'b0
u_dut/pc4_r2_5_reg[3],FDRE,SLICE_X17Y244,SLICEL.CFF,1'b0
u_dut/pc4_r2_5_reg[4],FDRE,SLICE_X18Y244,SLICEM.AFF,1'b0
u_dut/pc4_r2_6[0]_i_1,LUT4,SLICE_X17Y242,SLICEL.D6LUT,16'h6996
u_dut/pc4_r2_6[1]_i_1,LUT5,SLICE_X16Y242,SLICEM.D6LUT,32'h81177EE8
u_dut/pc4_r2_6[1]_i_2,LUT4,SLICE_X15Y242,SLICEL.A6LUT,16'h6996
u_dut/pc4_r2_6[2]_i_1,LUT6,SLICE_X15Y242,SLICEL.B6LUT,64'h9669699666666666
u_dut/pc4_r2_6[2]_i_2,LUT5,SLICE_X16Y242,SLICEM.D5LUT,32'hFEE88000
u_dut/pc4_r2_6[2]_i_3,LUT5,SLICE_X15Y242,SLICEL.D6LUT,32'h96696996
u_dut/pc4_r2_6[3]_i_1,LUT6,SLICE_X14Y244,SLICEM.A6LUT,64'hA99595569556566A
u_dut/pc4_r2_6[4]_i_1,LUT6,SLICE_X14Y244,SLICEM.B6LUT,64'hFEEAEAA8EAA8A880
u_dut/pc4_r2_6[4]_i_2,LUT6,SLICE_X15Y242,SLICEL.C6LUT,64'hEBBEAAAA82280000
u_dut/pc4_r2_6[4]_i_3,LUT3,SLICE_X15Y242,SLICEL.A5LUT,8'hE8
u_dut/pc4_r2_6_reg[0],FDRE,SLICE_X17Y242,SLICEL.DFF,1'b0
u_dut/pc4_r2_6_reg[1],FDRE,SLICE_X13Y244,SLICEL.AFF,1'b0
u_dut/pc4_r2_6_reg[2],FDRE,SLICE_X15Y242,SLICEL.BFF,1'b0
u_dut/pc4_r2_6_reg[3],FDRE,SLICE_X14Y244,SLICEM.AFF,1'b0
u_dut/pc4_r2_6_reg[4],FDRE,SLICE_X14Y244,SLICEM.BFF,1'b0
u_dut/pc4_r2_7[0]_i_1,LUT4,SLICE_X13Y242,SLICEL.A6LUT,16'h6996
u_dut/pc4_r2_7[1]_i_1,LUT5,SLICE_X13Y242,SLICEL.B6LUT,32'h81177EE8
u_dut/pc4_r2_7[1]_i_2,LUT4,SLICE_X13Y241,SLICEL.A6LUT,16'h6996
u_dut/pc4_r2_7[2]_i_1,LUT6,SLICE_X13Y242,SLICEL.C6LUT,64'h9669699666666666
u_dut/pc4_r2_7[2]_i_2,LUT5,SLICE_X13Y242,SLICEL.B5LUT,32'hFEE88000
u_dut/pc4_r2_7[2]_i_3,LUT5,SLICE_X13Y241,SLICEL.D6LUT,32'h96696996
u_dut/pc4_r2_7[3]_i_1,LUT6,SLICE_X13Y241,SLICEL.B6LUT,64'hA99595569556566A
u_dut/pc4_r2_7[4]_i_1,LUT6,SLICE_X13Y241,SLICEL.C6LUT,64'hFEEAEAA8EAA8A880
u_dut/pc4_r2_7[4]_i_2,LUT6,SLICE_X13Y242,SLICEL.D6LUT,64'hEBBEAAAA82280000
u_dut/pc4_r2_7[4]_i_3,LUT3,SLICE_X13Y241,SLICEL.A5LUT,8'hE8
u_dut/pc4_r2_7_reg[0],FDRE,SLICE_X13Y242,SLICEL.AFF,1'b0
u_dut/pc4_r2_7_reg[1],FDRE,SLICE_X13Y244,SLICEL.BFF,1'b0
u_dut/pc4_r2_7_reg[2],FDRE,SLICE_X13Y242,SLICEL.CFF,1'b0
u_dut/pc4_r2_7_reg[3],FDRE,SLICE_X13Y241,SLICEL.BFF,1'b0
u_dut/pc4_r2_7_reg[4],FDRE,SLICE_X13Y241,SLICEL.CFF,1'b0
u_dut/pc4_r2_8[0]_i_1,LUT2,SLICE_X11Y241,SLICEL.A6LUT,4'h6
u_dut/pc4_r2_8[1]_i_1,LUT4,SLICE_X11Y241,SLICEL.A5LUT,16'h8778
u_dut/pc4_r2_8[2]_i_1,LUT5,SLICE_X11Y241,SLICEL.B6LUT,32'h077FF880
u_dut/pc4_r2_8[3]_i_1,LUT5,SLICE_X11Y241,SLICEL.B5LUT,32'hAA808000
u_dut/pc4_r2_8_reg[0],FDRE,SLICE_X11Y241,SLICEL.AFF,1'b0
u_dut/pc4_r2_8_reg[1],FDRE,SLICE_X11Y241,SLICEL.A5FF,1'b0
u_dut/pc4_r2_8_reg[2],FDRE,SLICE_X11Y241,SLICEL.BFF,1'b0
u_dut/pc4_r2_8_reg[3],FDRE,SLICE_X11Y241,SLICEL.B5FF,1'b0
u_dut/pc4_r4_0[3]_i_2,LUT5,SLICE_X11Y242,SLICEL.D6LUT,32'hEEE8E888
u_dut/pc4_r4_0[3]_i_3,LUT5,SLICE_X11Y242,SLICEL.D5LUT,32'hE81717E8
u_dut/pc4_r4_0[3]_i_4,LUT4,SLICE_X10Y242,SLICEM.C6LUT,16'h6996
u_dut/pc4_r4_0[3]_i_5,LUT6,SLICE_X10Y243,SLICEM.D6LUT,64'h6969699669969696
u_dut/pc4_r4_0[3]_i_6,LUT6,SLICE_X10Y243,SLICEM.C6LUT,64'h6999999699969666
u_dut/pc4_r4_0[3]_i_7,LUT4,SLICE_X10Y243,SLICEM.B6LUT,16'h566A
u_dut/pc4_r4_0[3]_i_8,LUT4,SLICE_X10Y243,SLICEM.A6LUT,16'h6996
u_dut/pc4_r4_0[3]_i_9,LUT3,SLICE_X11Y242,SLICEL.C6LUT,8'h96
u_dut/pc4_r4_0[6]_i_2,LUT5,SLICE_X10Y245,SLICEM.A6LUT,32'hEEE8E888
u_dut/pc4_r4_0[6]_i_3,LUT5,SLICE_X11Y242,SLICEL.C5LUT,32'hEEE8E888
u_dut/pc4_r4_0[6]_i_4,LUT5,SLICE_X10Y244,SLICEM.B6LUT,32'h177E7EE8
u_dut/pc4_r4_0[6]_i_5,LUT6,SLICE_X10Y244,SLICEM.A6LUT,64'h6969699669969696
u_dut/pc4_r4_0[6]_i_6,LUT3,SLICE_X11Y245,SLICEL.A6LUT,8'h96
u_dut/pc4_r4_0[6]_i_7,LUT3,SLICE_X10Y242,SLICEM.B6LUT,8'h96
u_dut/pc4_r4_0[6]_i_8,LUT3,SLICE_X10Y242,SLICEM.B5LUT,8'hE8
u_dut/pc4_r4_0_reg[0],FDRE,SLICE_X10Y243,SLICEM.AFF,1'b0
u_dut/pc4_r4_0_reg[1],FDRE,SLICE_X10Y243,SLICEM.BFF,1'b0
u_dut/pc4_r4_0_reg[2],FDRE,SLICE_X10Y243,SLICEM.CFF,1'b0
u_dut/pc4_r4_0_reg[3],FDRE,SLICE_X10Y243,SLICEM.DFF,1'b0
u_dut/pc4_r4_0_reg[3]_i_1,CARRY4,SLICE_X10Y243,SLICEM.CARRY4,
u_dut/pc4_r4_0_reg[4],FDRE,SLICE_X10Y244,SLICEM.AFF,1'b0
u_dut/pc4_r4_0_reg[5],FDRE,SLICE_X10Y244,SLICEM.BFF,1'b0
u_dut/pc4_r4_0_reg[6],FDRE,SLICE_X10Y244,SLICEM.CFF,1'b0
u_dut/pc4_r4_0_reg[6]_i_1,CARRY4,SLICE_X10Y244,SLICEM.CARRY4,
u_dut/pc4_r4_1[3]_i_2,LUT5,SLICE_X12Y245,SLICEM.C6LUT,32'hEEE8E888
u_dut/pc4_r4_1[3]_i_3,LUT5,SLICE_X12Y245,SLICEM.C5LUT,32'hE81717E8
u_dut/pc4_r4_1[3]_i_4,LUT4,SLICE_X12Y245,SLICEM.D6LUT,16'h6996
u_dut/pc4_r4_1[3]_i_5,LUT6,SLICE_X13Y245,SLICEL.D6LUT,64'h6969699669969696
u_dut/pc4_r4_1[3]_i_6,LUT6,SLICE_X13Y245,SLICEL.C6LUT,64'h6999999699969666
u_dut/pc4_r4_1[3]_i_7,LUT4,SLICE_X13Y245,SLICEL.B6LUT,16'h566A
u_dut/pc4_r4_1[3]_i_8,LUT4,SLICE_X13Y245,SLICEL.A6LUT,16'h6996
u_dut/pc4_r4_1[3]_i_9,LUT3,SLICE_X12Y245,SLICEM.B6LUT,8'h96
u_dut/pc4_r4_1[6]_i_2,LUT5,SLICE_X12Y246,SLICEM.A6LUT,32'hEEE8E888
u_dut/pc4_r4_1[6]_i_3,LUT5,SLICE_X12Y245,SLICEM.B5LUT,32'hEEE8E888
u_dut/pc4_r4_1[6]_i_4,LUT5,SLICE_X13Y246,SLICEL.B6LUT,32'h177E7EE8
u_dut/pc4_r4_1[6]_i_5,LUT6,SLICE_X13Y246,SLICEL.A6LUT,64'h6969699669969696
u_dut/pc4_r4_1[6]_i_6,LUT3,SLICE_X12Y246,SLICEM.B6LUT,8'h96
u_dut/pc4_r4_1[6]_i_7,LUT3,SLICE_X12Y245,SLICEM.A6LUT,8'h96
u_dut/pc4_r4_1[6]_i_8,LUT3,SLICE_X12Y245,SLICEM.A5LUT,8'hE8
u_dut/pc4_r4_1_reg[0],FDRE,SLICE_X13Y245,SLICEL.AFF,1'b0
u_dut/pc4_r4_1_reg[1],FDRE,SLICE_X13Y245,SLICEL.BFF,1'b0
u_dut/pc4_r4_1_reg[2],FDRE,SLICE_X13Y245,SLICEL.CFF,1'b0
u_dut/pc4_r4_1_reg[3],FDRE,SLICE_X13Y245,SLICEL.DFF,1'b0
u_dut/pc4_r4_1_reg[3]_i_1,CARRY4,SLICE_X13Y245,SLICEL.CARRY4,
u_dut/pc4_r4_1_reg[4],FDRE,SLICE_X13Y246,SLICEL.AFF,1'b0
u_dut/pc4_r4_1_reg[5],FDRE,SLICE_X13Y246,SLICEL.BFF,1'b0
u_dut/pc4_r4_1_reg[6],FDRE,SLICE_X13Y246,SLICEL.CFF,1'b0
u_dut/pc4_r4_1_reg[6]_i_1,CARRY4,SLICE_X13Y246,SLICEL.CARRY4,
u_dut/pc4_r4_2_reg[0],FDRE,SLICE_X10Y241,SLICEM.A5FF,1'b0
u_dut/pc4_r4_2_reg[1],FDRE,SLICE_X10Y241,SLICEM.B5FF,1'b0
u_dut/pc4_r4_2_reg[2],FDRE,SLICE_X11Y241,SLICEL.CFF,1'b0
u_dut/pc4_r4_2_reg[3],FDRE,SLICE_X11Y241,SLICEL.DFF,1'b0
u_dut/pc4_r6_0[3]_i_2,LUT3,SLICE_X11Y243,SLICEL.C5LUT,8'hE8
u_dut/pc4_r6_0[3]_i_3,LUT3,SLICE_X11Y243,SLICEL.B5LUT,8'hE8
u_dut/pc4_r6_0[3]_i_4,LUT3,SLICE_X11Y243,SLICEL.A5LUT,8'hE8
u_dut/pc4_r6_0[3]_i_5,LUT4,SLICE_X11Y243,SLICEL.D6LUT,16'h6996
u_dut/pc4_r6_0[3]_i_6,LUT4,SLICE_X11Y243,SLICEL.C6LUT,16'h6996
u_dut/pc4_r6_0[3]_i_7,LUT4,SLICE_X11Y243,SLICEL.B6LUT,16'h6996
u_dut/pc4_r6_0[3]_i_8,LUT3,SLICE_X11Y243,SLICEL.A6LUT,8'h96
u_dut/pc4_r6_0[7]_i_2,LUT2,SLICE_X11Y244,SLICEL.C5LUT,4'h8
u_dut/pc4_r6_0[7]_i_3,LUT2,SLICE_X11Y244,SLICEL.B5LUT,4'h8
u_dut/pc4_r6_0[7]_i_4,LUT3,SLICE_X11Y244,SLICEL.A5LUT,8'hE8
u_dut/pc4_r6_0[7]_i_5,LUT2,SLICE_X11Y244,SLICEL.D6LUT,4'h8
u_dut/pc4_r6_0[7]_i_6,LUT4,SLICE_X11Y244,SLICEL.C6LUT,16'h8778
u_dut/pc4_r6_0[7]_i_7,LUT4,SLICE_X11Y244,SLICEL.B6LUT,16'h8778
u_dut/pc4_r6_0[7]_i_8,LUT5,SLICE_X11Y244,SLICEL.A6LUT,32'hE81717E8
u_dut/pc4_r6_0_reg[0],FDRE,SLICE_X11Y243,SLICEL.AFF,1'b0
u_dut/pc4_r6_0_reg[1],FDRE,SLICE_X11Y243,SLICEL.BFF,1'b0
u_dut/pc4_r6_0_reg[2],FDRE,SLICE_X11Y243,SLICEL.CFF,1'b0
u_dut/pc4_r6_0_reg[3],FDRE,SLICE_X11Y243,SLICEL.DFF,1'b0
u_dut/pc4_r6_0_reg[3]_i_1,CARRY4,SLICE_X11Y243,SLICEL.CARRY4,
u_dut/pc4_r6_0_reg[4],FDRE,SLICE_X11Y244,SLICEL.AFF,1'b0
u_dut/pc4_r6_0_reg[5],FDRE,SLICE_X11Y244,SLICEL.BFF,1'b0
u_dut/pc4_r6_0_reg[6],FDRE,SLICE_X11Y244,SLICEL.CFF,1'b0
u_dut/pc4_r6_0_reg[7],FDRE,SLICE_X11Y244,SLICEL.DFF,1'b0
u_dut/pc4_r6_0_reg[7]_i_1,CARRY4,SLICE_X11Y244,SLICEL.CARRY4,
u_dut/t_r[0]_i_1,LUT6,SLICE_X37Y225,SLICEL.A6LUT,64'hFFFFFFFEFFFEFFFE
u_dut/t_r[0]_i_2,LUT4,SLICE_X36Y229,SLICEL.A6LUT,16'hF080
u_dut/t_r[1000]_i_1,LUT5,SLICE_X24Y213,SLICEL.B6LUT,32'hFFFEFEFE
u_dut/t_r[1000]_i_2,LUT6,SLICE_X31Y228,SLICEL.A6LUT,64'h8000000000000000
u_dut/t_r[1001]_i_1,LUT6,SLICE_X26Y213,SLICEL.C6LUT,64'hFFFFFFFE00000000
u_dut/t_r[1002]_i_1,LUT6,SLICE_X22Y215,SLICEM.C6LUT,64'hFFFEAAAAAAAAAAAA
u_dut/t_r[1003]_i_1,LUT6,SLICE_X26Y213,SLICEL.A6LUT,64'hFEEEEEEE00000000
u_dut/t_r[1004]_i_1,LUT6,SLICE_X28Y215,SLICEL.C6LUT,64'hFFFEAAAAEEEEAAAA
u_dut/t_r[1005]_i_1,LUT6,SLICE_X28Y216,SLICEL.A6LUT,64'hFEAAAAAAEEAAAAAA
u_dut/t_r[1007]_i_1,LUT6,SLICE_X24Y216,SLICEL.D6LUT,64'hFEAAAAAAAAAAAAAA
u_dut/t_r[1008]_i_1,LUT6,SLICE_X26Y216,SLICEL.D6LUT,64'hFEAAAAAAAAAAAAAA
u_dut/t_r[1009]_i_1,LUT6,SLICE_X26Y213,SLICEL.B6LUT,64'h8080800080008000
u_dut/t_r[100]_i_1,LUT6,SLICE_X32Y240,SLICEL.D6LUT,64'hA888A888A8888888
u_dut/t_r[1010]_i_1,LUT3,SLICE_X26Y213,SLICEL.D6LUT,8'hFE
u_dut/t_r[1010]_i_2,LUT6,SLICE_X25Y213,SLICEL.A6LUT,64'h8000000000000000
u_dut/t_r[1012]_i_1,LUT6,SLICE_X26Y214,SLICEL.A6LUT,64'hFFFFFFFFFFFFAAA8
u_dut/t_r[1017]_i_1,LUT6,SLICE_X23Y215,SLICEL.B6LUT,64'hFFFFFFFFF8000000
u_dut/t_r[1017]_i_2,LUT2,SLICE_X23Y215,SLICEL.D6LUT,4'hE
u_dut/t_r[1018]_i_1,LUT6,SLICE_X23Y215,SLICEL.C6LUT,64'hFFFFFFFF88800000
u_dut/t_r[1018]_i_2,LUT6,SLICE_X23Y216,SLICEL.D6LUT,64'hFFFFFFF0FFF8FFF0
u_dut/t_r[1019]_i_1,LUT6,SLICE_X26Y214,SLICEL.B6LUT,64'hFFFFFFF0FFF8FFF0
u_dut/t_r[1019]_i_2,LUT4,SLICE_X24Y212,SLICEL.A6LUT,16'hFFFE
u_dut/t_r[101]_i_1,LUT6,SLICE_X26Y239,SLICEL.A6LUT,64'hA888888888888888
u_dut/t_r[1020]_i_1,LUT6,SLICE_X29Y216,SLICEL.B6LUT,64'hFFFFFFF0FFF8FFF0
u_dut/t_r[1022]_i_1,LUT6,SLICE_X25Y215,SLICEL.A6LUT,64'hFEAAAAAAEEAAAAAA
u_dut/t_r[1022]_i_2,LUT3,SLICE_X26Y214,SLICEL.C6LUT,8'hF8
u_dut/t_r[1023]_i_1,LUT6,SLICE_X25Y215,SLICEL.B6LUT,64'hFFFFFFFF88800000
u_dut/t_r[1023]_i_2,LUT5,SLICE_X24Y212,SLICEL.B6LUT,32'hFFFFFF80
u_dut/t_r[1024]_i_1,LUT6,SLICE_X27Y215,SLICEL.B6LUT,64'hFFF8F0F0F0F0F0F0
u_dut/t_r[1025]_i_1,LUT6,SLICE_X29Y215,SLICEL.A6LUT,64'hFEEEAAAAAAAAAAAA
u_dut/t_r[1025]_i_2,LUT2,SLICE_X29Y215,SLICEL.B6LUT,4'hE
u_dut/t_r[1029]_i_1,LUT6,SLICE_X27Y214,SLICEL.A6LUT,64'hFFFFCCCCFFFECCCC
u_dut/t_r[102]_i_1,LUT6,SLICE_X32Y240,SLICEL.A6LUT,64'h8888888888888880
u_dut/t_r[1030]_i_1,LUT6,SLICE_X23Y214,SLICEL.A6LUT,64'hFFFFF0F0FFFFF080
u_dut/t_r[1030]_i_2,LUT5,SLICE_X23Y214,SLICEL.B6LUT,32'hFFFFFFA8
u_dut/t_r[1031]_i_1,LUT6,SLICE_X27Y216,SLICEL.D6LUT,64'hFFFFF0F0FFFFF080
u_dut/t_r[1031]_i_2,LUT3,SLICE_X24Y217,SLICEL.A6LUT,8'hFE
u_dut/t_r[1035]_i_1,LUT6,SLICE_X28Y214,SLICEL.A6LUT,64'hFFFFFFE0FF00FF00
u_dut/t_r[1035]_i_2,LUT3,SLICE_X26Y214,SLICEL.C5LUT,8'h80
u_dut/t_r[1035]_i_3,LUT2,SLICE_X26Y214,SLICEL.D6LUT,4'hE
u_dut/t_r[1035]_i_4,LUT2,SLICE_X29Y215,SLICEL.C6LUT,4'h8
u_dut/t_r[1036]_i_1,LUT6,SLICE_X29Y215,SLICEL.D6LUT,64'hFFFFFFA8FF00FF00
u_dut/t_r[1037]_i_1,LUT6,SLICE_X23Y214,SLICEL.C6LUT,64'hFFAAAAAAFEAAAAAA
u_dut/t_r[103]_i_1,LUT6,SLICE_X25Y236,SLICEL.A6LUT,64'hA800000000000000
u_dut/t_r[1040]_i_1,LUT6,SLICE_X28Y216,SLICEL.B6LUT,64'hFFFFFF00FFE0FF00
u_dut/t_r[1041]_i_1,LUT6,SLICE_X28Y216,SLICEL.C6LUT,64'hFFFECCCCFEFECCCC
u_dut/t_r[1041]_i_2,LUT3,SLICE_X29Y216,SLICEL.C6LUT,8'hE0
u_dut/t_r[1041]_i_3,LUT2,SLICE_X29Y215,SLICEL.B5LUT,4'h8
u_dut/t_r[1041]_i_4,LUT2,SLICE_X27Y214,SLICEL.C6LUT,4'h8
u_dut/t_r[1044]_i_1,LUT6,SLICE_X23Y214,SLICEL.D6LUT,64'hFFFFFFFF80000000
u_dut/t_r[1044]_i_2,LUT5,SLICE_X23Y214,SLICEL.B5LUT,32'hFFFFFFFE
u_dut/t_r[1045]_i_1,LUT6,SLICE_X29Y216,SLICEL.D6LUT,64'hFFFFFFFFE0000000
u_dut/t_r[1045]_i_2,LUT3,SLICE_X29Y216,SLICEL.C5LUT,8'hFE
u_dut/t_r[1045]_i_3,LUT3,SLICE_X29Y215,SLICEL.C5LUT,8'h80
u_dut/t_r[1049]_i_1,LUT6,SLICE_X24Y211,SLICEL.A6LUT,64'hFFFE0000EEEE0000
u_dut/t_r[1049]_i_2,LUT4,SLICE_X24Y211,SLICEL.B6LUT,16'hFFFE
u_dut/t_r[104]_i_1,LUT6,SLICE_X24Y240,SLICEL.A6LUT,64'h8800800080008000
u_dut/t_r[105]_i_1,LUT5,SLICE_X24Y240,SLICEL.B6LUT,32'h80000000
u_dut/t_r[106]_i_1,LUT6,SLICE_X24Y240,SLICEL.C6LUT,64'h8080800080008000
u_dut/t_r[1078]_i_1,LUT5,SLICE_X32Y219,SLICEL.A6LUT,32'hFFFFAA80
u_dut/t_r[1079]_i_1,LUT5,SLICE_X31Y217,SLICEL.C6LUT,32'hFFFFAA80
u_dut/t_r[1079]_i_2,LUT5,SLICE_X32Y218,SLICEL.A6LUT,32'hF0800000
u_dut/t_r[107]_i_1,LUT6,SLICE_X26Y239,SLICEL.B6LUT,64'hE000000000000000
u_dut/t_r[1080]_i_1,LUT6,SLICE_X32Y219,SLICEL.C6LUT,64'hFFFFFFFFAAAA8000
u_dut/t_r[1086]_i_1,LUT4,SLICE_X36Y219,SLICEL.A6LUT,16'hFF80
u_dut/t_r[1087]_i_1,LUT5,SLICE_X32Y219,SLICEL.A5LUT,32'hFFFFA800
u_dut/t_r[1087]_i_2,LUT5,SLICE_X32Y218,SLICEL.A5LUT,32'hFF800000
u_dut/t_r[1089]_i_1,LUT5,SLICE_X31Y217,SLICEL.A6LUT,32'hFFFFA800
u_dut/t_r[108]_i_1,LUT4,SLICE_X34Y236,SLICEL.D6LUT,16'hFF80
u_dut/t_r[108]_i_2,LUT6,SLICE_X25Y236,SLICEL.B6LUT,64'h8000000000000000
u_dut/t_r[108]_i_3,LUT3,SLICE_X32Y240,SLICEL.B6LUT,8'h80
u_dut/t_r[1091]_i_1,LUT5,SLICE_X33Y220,SLICEL.A6LUT,32'hFFFF8000
u_dut/t_r[1096]_i_1,LUT4,SLICE_X32Y220,SLICEL.A6LUT,16'hFF80
u_dut/t_r[1097]_i_1,LUT6,SLICE_X31Y220,SLICEL.A6LUT,64'hFFFFFFFF80000000
u_dut/t_r[109]_i_1,LUT6,SLICE_X34Y239,SLICEL.B6LUT,64'hFFFE000000000000
u_dut/t_r[10]_i_1,LUT6,SLICE_X32Y223,SLICEL.A6LUT,64'hFFFFFFF8FFF0FFF0
u_dut/t_r[1101]_i_1,LUT5,SLICE_X33Y220,SLICEL.A5LUT,32'hFFFE0000
u_dut/t_r[1104]_i_1,LUT4,SLICE_X36Y219,SLICEL.A5LUT,16'hFE00
u_dut/t_r[1104]_i_2,LUT6,SLICE_X34Y218,SLICEL.C6LUT,64'hFFFFFFFFFAAAEAAA
u_dut/t_r[1107]_i_1,LUT5,SLICE_X32Y219,SLICEL.B6LUT,32'hFFFE0000
u_dut/t_r[110]_i_1,LUT6,SLICE_X37Y237,SLICEL.A6LUT,64'h8080808080808000
u_dut/t_r[1111]_i_1,LUT5,SLICE_X32Y220,SLICEL.B6LUT,32'hFFEA0000
u_dut/t_r[1114]_i_1,LUT4,SLICE_X31Y220,SLICEL.B6LUT,16'hFE00
u_dut/t_r[1119]_i_1,LUT4,SLICE_X32Y220,SLICEL.C6LUT,16'hFE00
u_dut/t_r[111]_i_1,LUT6,SLICE_X37Y237,SLICEL.B6LUT,64'hFEEE000000000000
u_dut/t_r[1121]_i_1,LUT5,SLICE_X33Y220,SLICEL.B6LUT,32'hFFEA0000
u_dut/t_r[1122]_i_1,LUT5,SLICE_X33Y217,SLICEL.A6LUT,32'hFFEA0000
u_dut/t_r[1122]_i_2,LUT3,SLICE_X33Y217,SLICEL.D6LUT,8'h80
u_dut/t_r[1127]_i_1,LUT6,SLICE_X31Y220,SLICEL.C6LUT,64'hFFFEAAAA00000000
u_dut/t_r[1129]_i_1,LUT4,SLICE_X33Y218,SLICEL.A6LUT,16'hEA00
u_dut/t_r[112]_i_1,LUT6,SLICE_X26Y237,SLICEL.A6LUT,64'hFAFAFAF800000000
u_dut/t_r[1134]_i_1,LUT5,SLICE_X32Y219,SLICEL.B5LUT,32'hFEAA0000
u_dut/t_r[1134]_i_2,LUT4,SLICE_X32Y217,SLICEL.A6LUT,16'hEA00
u_dut/t_r[1136]_i_1,LUT5,SLICE_X33Y220,SLICEL.B5LUT,32'hFEAA0000
u_dut/t_r[1136]_i_2,LUT4,SLICE_X34Y220,SLICEL.A6LUT,16'hA800
u_dut/t_r[113]_i_1,LUT6,SLICE_X26Y237,SLICEL.B6LUT,64'hFAF8F8F800000000
u_dut/t_r[1155]_i_1,LUT5,SLICE_X31Y217,SLICEL.A5LUT,32'hEAAA0000
u_dut/t_r[1156]_i_1,LUT2,SLICE_X32Y220,SLICEL.D6LUT,4'h8
u_dut/t_r[1158]_i_1,LUT5,SLICE_X33Y220,SLICEL.C6LUT,32'hAAA80000
u_dut/t_r[115]_i_1,LUT4,SLICE_X37Y237,SLICEL.C6LUT,16'h8000
u_dut/t_r[1166]_i_1,LUT5,SLICE_X31Y217,SLICEL.B6LUT,32'hAAA80000
u_dut/t_r[1166]_i_2,LUT4,SLICE_X33Y217,SLICEL.B6LUT,16'hFE00
u_dut/t_r[1167]_i_1,LUT5,SLICE_X36Y219,SLICEL.B6LUT,32'hAAA80000
u_dut/t_r[116]_i_1,LUT6,SLICE_X23Y237,SLICEL.A6LUT,64'h8080808080808000
u_dut/t_r[1170]_i_1,LUT4,SLICE_X31Y220,SLICEL.B5LUT,16'hA800
u_dut/t_r[1170]_i_2,LUT6,SLICE_X33Y218,SLICEL.B6LUT,64'hFFFFFFFFAA00A800
u_dut/t_r[1171]_i_1,LUT4,SLICE_X33Y220,SLICEL.D6LUT,16'hA800
u_dut/t_r[1172]_i_1,LUT4,SLICE_X33Y220,SLICEL.D5LUT,16'hA800
u_dut/t_r[1172]_i_2,LUT6,SLICE_X33Y219,SLICEL.C6LUT,64'hFFFFFFFFA0008000
u_dut/t_r[1173]_i_1,LUT6,SLICE_X33Y217,SLICEL.C6LUT,64'hAAAAA88800000000
u_dut/t_r[1178]_i_1,LUT6,SLICE_X31Y220,SLICEL.D6LUT,64'hAAAA888000000000
u_dut/t_r[117]_i_1,LUT6,SLICE_X23Y237,SLICEL.B6LUT,64'hC8C8C88800000000
u_dut/t_r[118]_i_1,LUT6,SLICE_X23Y237,SLICEL.C6LUT,64'hC888888800000000
u_dut/t_r[1190]_i_1,LUT5,SLICE_X32Y220,SLICEL.B5LUT,32'hA8000000
u_dut/t_r[1190]_i_2,LUT5,SLICE_X33Y219,SLICEL.A6LUT,32'hFFFFFFFE
u_dut/t_r[1192]_i_1,LUT4,SLICE_X32Y220,SLICEL.C5LUT,16'h8000
u_dut/t_r[1192]_i_2,LUT6,SLICE_X32Y219,SLICEL.D6LUT,64'hFFFFFFFFFFFAFFEA
u_dut/t_r[119]_i_1,LUT6,SLICE_X26Y237,SLICEL.C6LUT,64'h8888888000000000
u_dut/t_r[119]_i_2,LUT3,SLICE_X32Y238,SLICEL.A6LUT,8'h80
u_dut/t_r[11]_i_1,LUT6,SLICE_X36Y228,SLICEL.A6LUT,64'hFFFFFFF8FFF0FFF0
u_dut/t_r[11]_i_2,LUT5,SLICE_X36Y228,SLICEL.B6LUT,32'hFF00E000
u_dut/t_r[1201]_i_1,LUT4,SLICE_X33Y218,SLICEL.A5LUT,16'h8000
u_dut/t_r[1201]_i_2,LUT6,SLICE_X33Y218,SLICEL.C6LUT,64'hFFFFFFFFA0808080
u_dut/t_r[1202]_i_1,LUT5,SLICE_X32Y220,SLICEL.D5LUT,32'hA8000000
u_dut/t_r[1205]_i_1,LUT5,SLICE_X32Y217,SLICEL.B6LUT,32'h80000000
u_dut/t_r[1205]_i_2,LUT4,SLICE_X32Y217,SLICEL.A5LUT,16'hFFEA
u_dut/t_r[1206]_i_1,LUT4,SLICE_X31Y217,SLICEL.D6LUT,16'h8000
u_dut/t_r[1206]_i_2,LUT6,SLICE_X32Y217,SLICEL.C6LUT,64'hFFAAFEAA00000000
u_dut/t_r[120]_i_1,LUT6,SLICE_X34Y239,SLICEL.A6LUT,64'h8000000000000000
u_dut/t_r[1210]_i_1,LUT4,SLICE_X32Y220,SLICEL.A5LUT,16'h8000
u_dut/t_r[1210]_i_2,LUT6,SLICE_X32Y218,SLICEL.C6LUT,64'hAAA0AA8000000000
u_dut/t_r[1219]_i_1,LUT4,SLICE_X34Y218,SLICEL.A6LUT,16'hFFFE
u_dut/t_r[1219]_i_2,LUT6,SLICE_X34Y218,SLICEL.D6LUT,64'hFFFFFFFFAAA8A8A8
u_dut/t_r[121]_i_1,LUT5,SLICE_X32Y239,SLICEL.D6LUT,32'hFFFF8000
u_dut/t_r[121]_i_2,LUT6,SLICE_X23Y237,SLICEL.D6LUT,64'h8000000000000000
u_dut/t_r[1222]_i_1,LUT6,SLICE_X34Y217,SLICEL.B6LUT,64'hFFFFFFFFFFFFFEEE
u_dut/t_r[122]_i_1,LUT6,SLICE_X27Y234,SLICEL.D6LUT,64'hFFFFFFFE00000000
u_dut/t_r[1232]_i_1,LUT5,SLICE_X34Y220,SLICEL.D6LUT,32'hFFFFFEAA
u_dut/t_r[1232]_i_2,LUT4,SLICE_X34Y220,SLICEL.A5LUT,16'hFF80
u_dut/t_r[1235]_i_1,LUT4,SLICE_X34Y220,SLICEL.B6LUT,16'hFFEA
u_dut/t_r[1238]_i_1,LUT5,SLICE_X34Y217,SLICEL.A6LUT,32'hFFFFEAAA
u_dut/t_r[123]_i_1,LUT6,SLICE_X29Y239,SLICEL.A6LUT,64'hFFFEFEFE00000000
u_dut/t_r[1240]_i_1,LUT5,SLICE_X34Y220,SLICEL.C6LUT,32'hFFFFAAA8
u_dut/t_r[1240]_i_2,LUT3,SLICE_X34Y218,SLICEL.B6LUT,8'hFE
u_dut/t_r[1241]_i_1,LUT4,SLICE_X34Y218,SLICEL.A5LUT,16'hFFA8
u_dut/t_r[1241]_i_2,LUT4,SLICE_X34Y218,SLICEL.B5LUT,16'hFFEA
u_dut/t_r[1243]_i_1,LUT5,SLICE_X34Y220,SLICEL.B5LUT,32'hFFFFAAA8
u_dut/t_r[1243]_i_2,LUT4,SLICE_X33Y219,SLICEL.A5LUT,16'h8000
u_dut/t_r[1245]_i_1,LUT1,SLICE_X34Y219,SLICEL.D6LUT,2'h1
u_dut/t_r[1245]_i_2,LUT5,SLICE_X34Y217,SLICEL.A5LUT,32'hFFFFAA80
u_dut/t_r[1245]_i_3,LUT3,SLICE_X33Y217,SLICEL.B5LUT,8'hE0
u_dut/t_r[124]_i_1,LUT5,SLICE_X25Y239,SLICEL.A6LUT,32'hFEEE0000
u_dut/t_r[125]_i_1,LUT6,SLICE_X37Y235,SLICEL.A6LUT,64'h8000800080000000
u_dut/t_r[1268]_i_1,LUT6,SLICE_X25Y234,SLICEL.D6LUT,64'hFFFFFFFFFFF0FEF0
u_dut/t_r[126]_i_1,LUT6,SLICE_X25Y239,SLICEL.B6LUT,64'hFAF8F8F800000000
u_dut/t_r[1271]_i_1,LUT5,SLICE_X23Y230,SLICEL.A6LUT,32'hFFF8F0F0
u_dut/t_r[1272]_i_1,LUT5,SLICE_X35Y229,SLICEL.A6LUT,32'hFFF8F0F0
u_dut/t_r[1273]_i_1,LUT6,SLICE_X22Y226,SLICEM.B6LUT,64'hFFFEFEFEFAFAFAFA
u_dut/t_r[1274]_i_1,LUT6,SLICE_X38Y232,SLICEM.B6LUT,64'hAAAAAAA800000000
u_dut/t_r[1278]_i_1,LUT3,SLICE_X39Y231,SLICEL.A6LUT,8'h80
u_dut/t_r[1279]_i_1,LUT5,SLICE_X38Y228,SLICEM.A6LUT,32'h80808000
u_dut/t_r[127]_i_1,LUT6,SLICE_X27Y234,SLICEL.A6LUT,64'hEAEAEAAA00000000
u_dut/t_r[1280]_i_1,LUT6,SLICE_X38Y230,SLICEM.A6LUT,64'h8080800080008000
u_dut/t_r[1281]_i_1,LUT6,SLICE_X38Y232,SLICEM.A6LUT,64'h8000800080000000
u_dut/t_r[1282]_i_1,LUT4,SLICE_X38Y230,SLICEM.C6LUT,16'hFFFE
u_dut/t_r[1282]_i_2,LUT6,SLICE_X38Y230,SLICEM.B6LUT,64'h8000000000000000
u_dut/t_r[1283]_i_1,LUT6,SLICE_X28Y230,SLICEL.B6LUT,64'hFAFAFAFAFAFAFAEA
u_dut/t_r[1284]_i_1,LUT6,SLICE_X25Y231,SLICEL.D6LUT,64'hFFFFFEEE00000000
u_dut/t_r[1285]_i_1,LUT6,SLICE_X25Y231,SLICEL.A6LUT,64'hFFFEEEEE00000000
u_dut/t_r[1287]_i_1,LUT6,SLICE_X35Y230,SLICEL.A6LUT,64'hFFFFFFF8F0F0F0F0
u_dut/t_r[1287]_i_2,LUT3,SLICE_X35Y229,SLICEL.B6LUT,8'hFE
u_dut/t_r[128]_i_1,LUT5,SLICE_X27Y234,SLICEL.B6LUT,32'h80000000
u_dut/t_r[1290]_i_1,LUT6,SLICE_X28Y234,SLICEL.D6LUT,64'hFFFFFFF8F0F0F0F0
u_dut/t_r[1291]_i_1,LUT3,SLICE_X23Y230,SLICEL.B6LUT,8'hE0
u_dut/t_r[1292]_i_1,LUT5,SLICE_X25Y231,SLICEL.B6LUT,32'h88888880
u_dut/t_r[1293]_i_1,LUT4,SLICE_X37Y230,SLICEL.A6LUT,16'h8880
u_dut/t_r[1294]_i_1,LUT5,SLICE_X25Y231,SLICEL.B5LUT,32'hC8880000
u_dut/t_r[1295]_i_1,LUT6,SLICE_X37Y230,SLICEL.B6LUT,64'h8080808080808000
u_dut/t_r[1296]_i_1,LUT6,SLICE_X25Y231,SLICEL.C6LUT,64'h8080800080008000
u_dut/t_r[1297]_i_1,LUT6,SLICE_X37Y230,SLICEL.C6LUT,64'h8000800080000000
u_dut/t_r[1298]_i_1,LUT5,SLICE_X38Y230,SLICEM.C5LUT,32'hFFFEFEFE
u_dut/t_r[1298]_i_2,LUT6,SLICE_X37Y230,SLICEL.D6LUT,64'h8000000000000000
u_dut/t_r[1299]_i_1,LUT6,SLICE_X35Y230,SLICEL.B6LUT,64'hFFCCCCCCFECCCCCC
u_dut/t_r[129]_i_1,LUT5,SLICE_X25Y239,SLICEL.A5LUT,32'hAAA80000
u_dut/t_r[1300]_i_1,LUT6,SLICE_X22Y232,SLICEM.C6LUT,64'hFEEE000000000000
u_dut/t_r[1302]_i_1,LUT6,SLICE_X23Y232,SLICEL.B6LUT,64'hFFCCCCCCFECCCCCC
u_dut/t_r[1303]_i_1,LUT5,SLICE_X22Y232,SLICEM.A6LUT,32'h80808000
u_dut/t_r[1304]_i_1,LUT4,SLICE_X38Y231,SLICEM.A6LUT,16'h8000
u_dut/t_r[1305]_i_1,LUT6,SLICE_X37Y232,SLICEL.B6LUT,64'hFFFFFFFFFFFFFF80
u_dut/t_r[1305]_i_2,LUT5,SLICE_X22Y232,SLICEM.A5LUT,32'h80000000
u_dut/t_r[1306]_i_1,LUT3,SLICE_X23Y230,SLICEL.B5LUT,8'h80
u_dut/t_r[1308]_i_1,LUT6,SLICE_X23Y229,SLICEL.C6LUT,64'hFEAAAAAAAAAAAAAA
u_dut/t_r[1309]_i_1,LUT6,SLICE_X23Y234,SLICEL.B6LUT,64'hC888888800000000
u_dut/t_r[130]_i_1,LUT6,SLICE_X27Y234,SLICEL.C6LUT,64'hC8C8C88800000000
u_dut/t_r[1310]_i_1,LUT6,SLICE_X23Y230,SLICEL.C6LUT,64'h8080808080808000
u_dut/t_r[1311]_i_1,LUT5,SLICE_X23Y230,SLICEL.A5LUT,32'h80000000
u_dut/t_r[1312]_i_1,LUT3,SLICE_X34Y229,SLICEL.B6LUT,8'hFE
u_dut/t_r[1312]_i_2,LUT6,SLICE_X23Y234,SLICEL.A6LUT,64'h8000000000000000
u_dut/t_r[1314]_i_1,LUT6,SLICE_X37Y229,SLICEL.B6LUT,64'hFFFFFFEA00000000
u_dut/t_r[1315]_i_1,LUT6,SLICE_X36Y231,SLICEL.A6LUT,64'hFFFFFFE000000000
u_dut/t_r[1317]_i_1,LUT5,SLICE_X25Y227,SLICEL.A6LUT,32'hFEAA0000
u_dut/t_r[1319]_i_1,LUT5,SLICE_X22Y232,SLICEM.B6LUT,32'hFEAAEEAA
u_dut/t_r[131]_i_1,LUT6,SLICE_X37Y235,SLICEL.B6LUT,64'hC888888800000000
u_dut/t_r[1320]_i_1,LUT5,SLICE_X25Y227,SLICEL.A5LUT,32'h88888880
u_dut/t_r[1322]_i_1,LUT5,SLICE_X25Y227,SLICEL.B6LUT,32'hC8880000
u_dut/t_r[1323]_i_1,LUT6,SLICE_X25Y227,SLICEL.C6LUT,64'h8080808080808000
u_dut/t_r[1324]_i_1,LUT6,SLICE_X37Y229,SLICEL.A6LUT,64'h8080800080008000
u_dut/t_r[1325]_i_1,LUT5,SLICE_X34Y229,SLICEL.B5LUT,32'hFFFFFFA8
u_dut/t_r[1325]_i_2,LUT5,SLICE_X25Y227,SLICEL.B5LUT,32'h80000000
u_dut/t_r[1327]_i_1,LUT6,SLICE_X30Y230,SLICEL.D6LUT,64'hFFFEAAAAEEEEAAAA
u_dut/t_r[1327]_i_2,LUT4,SLICE_X33Y230,SLICEL.A6LUT,16'hFFF8
u_dut/t_r[1329]_i_1,LUT4,SLICE_X39Y231,SLICEL.A5LUT,16'h8880
u_dut/t_r[132]_i_1,LUT5,SLICE_X37Y235,SLICEL.C6LUT,32'h88800000
u_dut/t_r[1331]_i_1,LUT6,SLICE_X23Y233,SLICEL.D6LUT,64'hFAF8F8F800000000
u_dut/t_r[1333]_i_1,LUT6,SLICE_X25Y233,SLICEL.D6LUT,64'h8080808080808000
u_dut/t_r[1335]_i_1,LUT6,SLICE_X25Y233,SLICEL.A6LUT,64'h8800800080008000
u_dut/t_r[1336]_i_1,LUT6,SLICE_X25Y233,SLICEL.B6LUT,64'hAAA8000000000000
u_dut/t_r[1338]_i_1,LUT4,SLICE_X29Y231,SLICEL.B6LUT,16'hFFF8
u_dut/t_r[1338]_i_2,LUT6,SLICE_X25Y233,SLICEL.C6LUT,64'h8000000000000000
u_dut/t_r[133]_i_1,LUT6,SLICE_X25Y239,SLICEL.C6LUT,64'hE000000000000000
u_dut/t_r[1340]_i_1,LUT6,SLICE_X27Y231,SLICEL.D6LUT,64'hFFFFFEEE00000000
u_dut/t_r[1340]_i_2,LUT2,SLICE_X27Y231,SLICEL.A6LUT,4'h8
u_dut/t_r[1341]_i_1,LUT5,SLICE_X32Y228,SLICEL.B6LUT,32'hFE000000
u_dut/t_r[1344]_i_1,LUT6,SLICE_X28Y227,SLICEL.C6LUT,64'hFEAAAAAAEEAAAAAA
u_dut/t_r[1348]_i_1,LUT6,SLICE_X27Y231,SLICEL.B6LUT,64'h8800800080008000
u_dut/t_r[1349]_i_1,LUT6,SLICE_X27Y231,SLICEL.C6LUT,64'h8080808080808000
u_dut/t_r[134]_i_1,LUT6,SLICE_X25Y239,SLICEL.D6LUT,64'h8000000000000000
u_dut/t_r[134]_i_2,LUT4,SLICE_X27Y234,SLICEL.B5LUT,16'h8000
u_dut/t_r[1350]_i_1,LUT5,SLICE_X29Y231,SLICEL.B5LUT,32'hFFFFFF80
u_dut/t_r[1350]_i_2,LUT5,SLICE_X27Y231,SLICEL.A5LUT,32'h80000000
u_dut/t_r[1352]_i_1,LUT3,SLICE_X23Y233,SLICEL.A6LUT,8'h80
u_dut/t_r[1353]_i_1,LUT6,SLICE_X26Y229,SLICEL.A6LUT,64'hFFFFFFEA00000000
u_dut/t_r[1354]_i_1,LUT6,SLICE_X26Y229,SLICEL.B6LUT,64'hFE00000000000000
u_dut/t_r[1356]_i_1,LUT6,SLICE_X23Y233,SLICEL.B6LUT,64'hFEAA000000000000
u_dut/t_r[1357]_i_1,LUT6,SLICE_X24Y229,SLICEL.B6LUT,64'hFFEEFEEEFEEEFEEE
u_dut/t_r[135]_i_1,LUT5,SLICE_X29Y237,SLICEL.A6LUT,32'hFFFE0000
u_dut/t_r[1360]_i_1,LUT6,SLICE_X27Y232,SLICEL.D6LUT,64'hFFEEFEEEEEEEEEEE
u_dut/t_r[1362]_i_1,LUT5,SLICE_X23Y233,SLICEL.A5LUT,32'h80000000
u_dut/t_r[1363]_i_1,LUT6,SLICE_X23Y233,SLICEL.C6LUT,64'h8000800080000000
u_dut/t_r[1364]_i_1,LUT6,SLICE_X26Y229,SLICEL.C6LUT,64'h8000000000000000
u_dut/t_r[1365]_i_1,LUT2,SLICE_X33Y229,SLICEL.C6LUT,4'hE
u_dut/t_r[1365]_i_2,LUT6,SLICE_X26Y229,SLICEL.D6LUT,64'h8000000000000000
u_dut/t_r[1367]_i_1,LUT5,SLICE_X24Y234,SLICEL.C6LUT,32'hFAFAFAEA
u_dut/t_r[1369]_i_1,LUT3,SLICE_X24Y233,SLICEL.A6LUT,8'hE0
u_dut/t_r[1370]_i_1,LUT5,SLICE_X27Y230,SLICEL.B6LUT,32'hFEEEAAAA
u_dut/t_r[1370]_i_2,LUT3,SLICE_X27Y230,SLICEL.C6LUT,8'hF8
u_dut/t_r[1373]_i_1,LUT5,SLICE_X24Y233,SLICEL.B6LUT,32'h88888880
u_dut/t_r[1374]_i_1,LUT4,SLICE_X24Y233,SLICEL.A5LUT,16'h8880
u_dut/t_r[1375]_i_1,LUT5,SLICE_X24Y233,SLICEL.B5LUT,32'hC8880000
u_dut/t_r[1377]_i_1,LUT5,SLICE_X25Y227,SLICEL.D6LUT,32'hFFFEF0F0
u_dut/t_r[1377]_i_2,LUT6,SLICE_X35Y222,SLICEL.A6LUT,64'h8080800080008000
u_dut/t_r[1379]_i_1,LUT3,SLICE_X35Y228,SLICEL.B6LUT,8'hE0
u_dut/t_r[137]_i_1,LUT6,SLICE_X29Y237,SLICEL.D6LUT,64'hFEEEEEEE00000000
u_dut/t_r[1380]_i_1,LUT6,SLICE_X27Y230,SLICEL.D6LUT,64'hFFFEEEEEAAAAAAAA
u_dut/t_r[1380]_i_2,LUT2,SLICE_X27Y230,SLICEL.C5LUT,4'hE
u_dut/t_r[1381]_i_1,LUT6,SLICE_X23Y232,SLICEL.C6LUT,64'hFFFECCCCEEEECCCC
u_dut/t_r[1383]_i_1,LUT6,SLICE_X33Y221,SLICEL.A6LUT,64'hFFFFFFFF88800000
u_dut/t_r[1383]_i_2,LUT6,SLICE_X33Y221,SLICEL.D6LUT,64'hFFFFFFF8FF00FF00
u_dut/t_r[1384]_i_1,LUT6,SLICE_X32Y226,SLICEL.D6LUT,64'hFAF8F8F800000000
u_dut/t_r[1385]_i_1,LUT6,SLICE_X23Y232,SLICEL.D6LUT,64'hFFFFFF80FF00FF00
u_dut/t_r[1391]_i_1,LUT6,SLICE_X39Y230,SLICEL.A6LUT,64'hFFFEFEFECCCCCCCC
u_dut/t_r[1393]_i_1,LUT6,SLICE_X24Y234,SLICEL.D6LUT,64'hFCFCFCECCCCCCCCC
u_dut/t_r[1393]_i_2,LUT2,SLICE_X24Y234,SLICEL.C5LUT,4'hE
u_dut/t_r[1396]_i_1,LUT5,SLICE_X36Y227,SLICEL.A6LUT,32'hFFFF8000
u_dut/t_r[1397]_i_1,LUT5,SLICE_X36Y227,SLICEL.B6LUT,32'hFFFF8000
u_dut/t_r[1397]_i_2,LUT6,SLICE_X36Y227,SLICEL.C6LUT,64'hFFFFFFE0FF00FF00
u_dut/t_r[1399]_i_1,LUT6,SLICE_X33Y227,SLICEL.A6LUT,64'hFFFEFAFAFAFAFAFA
u_dut/t_r[1399]_i_2,LUT3,SLICE_X35Y229,SLICEL.B5LUT,8'hE0
u_dut/t_r[1399]_i_3,LUT2,SLICE_X36Y227,SLICEL.A5LUT,4'h8
u_dut/t_r[139]_i_1,LUT6,SLICE_X34Y236,SLICEL.A6LUT,64'hEAEAEAAA00000000
u_dut/t_r[13]_i_1,LUT6,SLICE_X33Y228,SLICEL.B6LUT,64'hFFFFFFF8FFF0FFF0
u_dut/t_r[1400]_i_1,LUT5,SLICE_X35Y227,SLICEL.A6LUT,32'hF0008000
u_dut/t_r[1404]_i_1,LUT6,SLICE_X32Y224,SLICEL.A6LUT,64'hFE00000000000000
u_dut/t_r[1406]_i_1,LUT6,SLICE_X32Y226,SLICEL.A6LUT,64'hFEAA000000000000
u_dut/t_r[1407]_i_1,LUT6,SLICE_X33Y228,SLICEL.C6LUT,64'hFAEAEAEAEAEAEAEA
u_dut/t_r[1407]_i_2,LUT3,SLICE_X35Y227,SLICEL.A5LUT,8'h80
u_dut/t_r[1409]_i_1,LUT6,SLICE_X32Y226,SLICEL.B6LUT,64'hA800000000000000
u_dut/t_r[140]_i_1,LUT2,SLICE_X29Y237,SLICEL.B6LUT,4'h8
u_dut/t_r[1412]_i_1,LUT3,SLICE_X33Y229,SLICEL.C5LUT,8'hF8
u_dut/t_r[1412]_i_2,LUT6,SLICE_X32Y226,SLICEL.C6LUT,64'h8000000000000000
u_dut/t_r[141]_i_1,LUT6,SLICE_X29Y237,SLICEL.C6LUT,64'hAAAAAA8000000000
u_dut/t_r[1420]_i_1,LUT6,SLICE_X26Y230,SLICEL.D6LUT,64'hFFFEAAAAFEFEAAAA
u_dut/t_r[1423]_i_1,LUT6,SLICE_X27Y229,SLICEL.D6LUT,64'hFFFFFFFFAAAA8000
u_dut/t_r[1424]_i_1,LUT6,SLICE_X35Y219,SLICEL.A6LUT,64'hFEAAAAAAEEAAAAAA
u_dut/t_r[1425]_i_1,LUT6,SLICE_X38Y228,SLICEM.B6LUT,64'hFEAAAAAAEEAAAAAA
u_dut/t_r[1425]_i_2,LUT4,SLICE_X38Y228,SLICEM.A5LUT,16'hF080
u_dut/t_r[1428]_i_1,LUT6,SLICE_X28Y230,SLICEL.C6LUT,64'hFFFECCCCCCCCCCCC
u_dut/t_r[142]_i_1,LUT5,SLICE_X29Y237,SLICEL.A5LUT,32'hC8880000
u_dut/t_r[1430]_i_1,LUT6,SLICE_X35Y220,SLICEL.A6LUT,64'hFCCCECCCCCCCCCCC
u_dut/t_r[1431]_i_1,LUT6,SLICE_X35Y219,SLICEL.B6LUT,64'hFCCCECCCCCCCCCCC
u_dut/t_r[1431]_i_2,LUT5,SLICE_X35Y219,SLICEL.C6LUT,32'hFF008000
u_dut/t_r[1432]_i_1,LUT6,SLICE_X28Y230,SLICEL.D6LUT,64'hFFF0F8F0F0F0F0F0
u_dut/t_r[1435]_i_1,LUT6,SLICE_X35Y230,SLICEL.C6LUT,64'hFFFFFFFF80000000
u_dut/t_r[1435]_i_2,LUT3,SLICE_X35Y230,SLICEL.D6LUT,8'hFE
u_dut/t_r[1436]_i_1,LUT6,SLICE_X32Y227,SLICEL.C6LUT,64'hFFFFFFFFFE000000
u_dut/t_r[1436]_i_2,LUT4,SLICE_X35Y229,SLICEL.A5LUT,16'h8000
u_dut/t_r[1436]_i_3,LUT2,SLICE_X27Y227,SLICEL.A6LUT,4'h8
u_dut/t_r[143]_i_1,LUT3,SLICE_X34Y236,SLICEL.B6LUT,8'h80
u_dut/t_r[1441]_i_1,LUT6,SLICE_X28Y227,SLICEL.D6LUT,64'hFFFEAAAAEEEEAAAA
u_dut/t_r[1441]_i_2,LUT3,SLICE_X27Y227,SLICEL.A5LUT,8'hE0
u_dut/t_r[1441]_i_3,LUT2,SLICE_X27Y230,SLICEL.B5LUT,4'hE
u_dut/t_r[1442]_i_1,LUT6,SLICE_X35Y228,SLICEL.C6LUT,64'hFFFEFEFE00000000
u_dut/t_r[1442]_i_2,LUT3,SLICE_X37Y230,SLICEL.A5LUT,8'hF8
u_dut/t_r[1442]_i_3,LUT2,SLICE_X35Y228,SLICEL.B5LUT,4'h8
u_dut/t_r[1442]_i_4,LUT2,SLICE_X35Y230,SLICEL.D5LUT,4'h8
u_dut/t_r[1445]_i_1,LUT6,SLICE_X35Y220,SLICEL.B6LUT,64'hFF00FE00FC00FC00
u_dut/t_r[1445]_i_2,LUT5,SLICE_X35Y219,SLICEL.C5LUT,32'hFFFE0000
u_dut/t_r[1446]_i_1,LUT6,SLICE_X32Y227,SLICEL.D6LUT,64'hFFFF0000FFF80000
u_dut/t_r[1446]_i_2,LUT3,SLICE_X32Y228,SLICEL.B5LUT,8'h80
u_dut/t_r[1448]_i_1,LUT6,SLICE_X24Y230,SLICEL.D6LUT,64'hFF00FF00FF008000
u_dut/t_r[1448]_i_2,LUT2,SLICE_X22Y232,SLICEM.B5LUT,4'h8
u_dut/t_r[1448]_i_3,LUT2,SLICE_X38Y231,SLICEM.A5LUT,4'h8
u_dut/t_r[1448]_i_4,LUT3,SLICE_X33Y230,SLICEL.A5LUT,8'h80
u_dut/t_r[144]_i_1,LUT6,SLICE_X34Y236,SLICEL.C6LUT,64'h8880808000000000
u_dut/t_r[145]_i_1,LUT5,SLICE_X34Y236,SLICEL.D5LUT,32'hFF00FE00
u_dut/t_r[145]_i_2,LUT5,SLICE_X36Y229,SLICEL.A5LUT,32'h80000000
u_dut/t_r[146]_i_1,LUT6,SLICE_X29Y238,SLICEL.D6LUT,64'h8888888888888880
u_dut/t_r[1472]_i_1,LUT5,SLICE_X38Y220,SLICEM.A6LUT,32'hFFEEFEEE
u_dut/t_r[1472]_i_2,LUT6,SLICE_X38Y220,SLICEM.D6LUT,64'hFF00FF00FF00FE00
u_dut/t_r[1480]_i_1,LUT6,SLICE_X40Y224,SLICEL.A6LUT,64'hFEEEEEEEAAAAAAAA
u_dut/t_r[1487]_i_1,LUT6,SLICE_X39Y224,SLICEL.A6LUT,64'hFFFEEEEEFEFEEEEE
u_dut/t_r[1489]_i_1,LUT5,SLICE_X38Y223,SLICEM.A6LUT,32'hFFFFFF80
u_dut/t_r[1489]_i_2,LUT5,SLICE_X40Y224,SLICEL.B6LUT,32'hFFFF8000
u_dut/t_r[148]_i_1,LUT4,SLICE_X28Y238,SLICEL.A6LUT,16'h8880
u_dut/t_r[1494]_i_1,LUT6,SLICE_X39Y224,SLICEL.B6LUT,64'hFAAAEAAAEAAAEAAA
u_dut/t_r[1494]_i_2,LUT2,SLICE_X40Y224,SLICEL.D6LUT,4'hE
u_dut/t_r[1494]_i_3,LUT2,SLICE_X38Y222,SLICEM.A6LUT,4'h8
u_dut/t_r[1498]_i_1,LUT6,SLICE_X38Y221,SLICEM.A6LUT,64'hFFFFFFFFFFFF8000
u_dut/t_r[149]_i_1,LUT6,SLICE_X28Y238,SLICEL.B6LUT,64'hAA88AA80AA80AA80
u_dut/t_r[149]_i_2,LUT2,SLICE_X28Y238,SLICEL.C6LUT,4'h8
u_dut/t_r[1504]_i_1,LUT6,SLICE_X40Y225,SLICEL.A6LUT,64'hFFFEFEFEAAAAAAAA
u_dut/t_r[1506]_i_1,LUT6,SLICE_X39Y225,SLICEL.C6LUT,64'hFAF8F8F800000000
u_dut/t_r[1508]_i_1,LUT4,SLICE_X38Y222,SLICEM.B6LUT,16'hEA00
u_dut/t_r[1509]_i_1,LUT6,SLICE_X39Y224,SLICEL.C6LUT,64'hFFFEAAAAFEFEAAAA
u_dut/t_r[1509]_i_2,LUT4,SLICE_X38Y224,SLICEM.A6LUT,16'hF080
u_dut/t_r[150]_i_1,LUT6,SLICE_X28Y238,SLICEL.D6LUT,64'h8880808080808080
u_dut/t_r[1510]_i_1,LUT6,SLICE_X39Y225,SLICEL.A6LUT,64'hEAAAAAAA00000000
u_dut/t_r[1511]_i_1,LUT6,SLICE_X39Y225,SLICEL.B6LUT,64'hF0F0F0E000000000
u_dut/t_r[1514]_i_1,LUT6,SLICE_X38Y223,SLICEM.B6LUT,64'hFFFFAAAAEAAAAAAA
u_dut/t_r[1514]_i_2,LUT4,SLICE_X38Y222,SLICEM.C6LUT,16'hF080
u_dut/t_r[1519]_i_1,LUT6,SLICE_X38Y222,SLICEM.D6LUT,64'h8888888080808080
u_dut/t_r[151]_i_1,LUT6,SLICE_X29Y238,SLICEL.A6LUT,64'h8080808080808000
u_dut/t_r[1521]_i_1,LUT6,SLICE_X37Y222,SLICEL.A6LUT,64'hFCECCCCCCCCCCCCC
u_dut/t_r[1522]_i_1,LUT4,SLICE_X40Y224,SLICEL.D5LUT,16'hFAEA
u_dut/t_r[1522]_i_2,LUT5,SLICE_X38Y222,SLICEM.C5LUT,32'h80000000
u_dut/t_r[1524]_i_1,LUT6,SLICE_X41Y224,SLICEL.B6LUT,64'hFFFFFFFE00000000
u_dut/t_r[152]_i_1,LUT5,SLICE_X28Y238,SLICEL.A5LUT,32'hA8000000
u_dut/t_r[1531]_i_1,LUT4,SLICE_X41Y224,SLICEL.A6LUT,16'hE000
u_dut/t_r[1535]_i_1,LUT5,SLICE_X38Y219,SLICEM.A6LUT,32'hEA000000
u_dut/t_r[153]_i_1,LUT4,SLICE_X28Y238,SLICEL.C5LUT,16'h8000
u_dut/t_r[1540]_i_1,LUT6,SLICE_X39Y224,SLICEL.D6LUT,64'hFFCCFECCCCCCCCCC
u_dut/t_r[1541]_i_1,LUT6,SLICE_X39Y223,SLICEL.A6LUT,64'hCCC8000000000000
u_dut/t_r[1545]_i_1,LUT6,SLICE_X38Y220,SLICEM.B6LUT,64'hC888000000000000
u_dut/t_r[1547]_i_1,LUT6,SLICE_X40Y223,SLICEL.A6LUT,64'hFEAAEEAAAAAAAAAA
u_dut/t_r[1547]_i_2,LUT2,SLICE_X40Y223,SLICEL.B6LUT,4'h8
u_dut/t_r[1547]_i_3,LUT2,SLICE_X39Y223,SLICEL.B6LUT,4'h8
u_dut/t_r[1549]_i_1,LUT6,SLICE_X38Y219,SLICEM.B6LUT,64'hFFFEFEFEAAAAAAAA
u_dut/t_r[1549]_i_2,LUT4,SLICE_X38Y219,SLICEM.A5LUT,16'h8000
u_dut/t_r[154]_i_1,LUT6,SLICE_X29Y238,SLICEL.B6LUT,64'h8080800080008000
u_dut/t_r[1551]_i_1,LUT6,SLICE_X39Y223,SLICEL.C6LUT,64'h8880808080808080
u_dut/t_r[1554]_i_1,LUT6,SLICE_X38Y220,SLICEM.C6LUT,64'h8000000000000000
u_dut/t_r[1555]_i_1,LUT3,SLICE_X38Y221,SLICEM.C6LUT,8'hF8
u_dut/t_r[1555]_i_2,LUT6,SLICE_X39Y223,SLICEL.D6LUT,64'h8000000000000000
u_dut/t_r[1556]_i_1,LUT2,SLICE_X39Y223,SLICEL.B5LUT,4'h8
u_dut/t_r[155]_i_1,LUT4,SLICE_X31Y238,SLICEL.C6LUT,16'hF0E0
u_dut/t_r[155]_i_2,LUT6,SLICE_X29Y238,SLICEL.C6LUT,64'h8000000000000000
u_dut/t_r[1560]_i_1,LUT6,SLICE_X37Y225,SLICEL.B6LUT,64'hFFFECCCCCCCCCCCC
u_dut/t_r[1566]_i_1,LUT6,SLICE_X37Y222,SLICEL.B6LUT,64'hFFFFFEEEEEEEEEEE
u_dut/t_r[156]_i_1,LUT6,SLICE_X31Y237,SLICEL.D6LUT,64'h8888888888888880
u_dut/t_r[1570]_i_1,LUT6,SLICE_X38Y221,SLICEM.B6LUT,64'hFFFFFFFFFFA0FF80
u_dut/t_r[1570]_i_2,LUT6,SLICE_X38Y221,SLICEM.D6LUT,64'h8800880088008000
u_dut/t_r[157]_i_1,LUT6,SLICE_X31Y237,SLICEL.A6LUT,64'hFEAA000000000000
u_dut/t_r[1585]_i_1,LUT6,SLICE_X38Y223,SLICEM.C6LUT,64'hFFFFFFFFF8000000
u_dut/t_r[1585]_i_2,LUT4,SLICE_X38Y223,SLICEM.A5LUT,16'hFF80
u_dut/t_r[1588]_i_1,LUT6,SLICE_X40Y224,SLICEL.C6LUT,64'hFFF0F8F0F0F0F0F0
u_dut/t_r[1588]_i_2,LUT4,SLICE_X40Y224,SLICEL.B5LUT,16'h8000
u_dut/t_r[1588]_i_3,LUT2,SLICE_X40Y223,SLICEL.B5LUT,4'hE
u_dut/t_r[158]_i_1,LUT6,SLICE_X31Y237,SLICEL.B6LUT,64'h8888808088888000
u_dut/t_r[1590]_i_1,LUT6,SLICE_X38Y224,SLICEM.D6LUT,64'hFFFFFFFE00000000
u_dut/t_r[1591]_i_1,LUT6,SLICE_X37Y225,SLICEL.C6LUT,64'hFFAAFEAAFEAAFEAA
u_dut/t_r[1594]_i_1,LUT6,SLICE_X37Y222,SLICEL.C6LUT,64'hFFAAFEAAEEAAEEAA
u_dut/t_r[1597]_i_1,LUT6,SLICE_X37Y222,SLICEL.D6LUT,64'hFFFFFFE0FF00FF00
u_dut/t_r[1597]_i_2,LUT3,SLICE_X38Y220,SLICEM.A5LUT,8'h80
u_dut/t_r[1598]_i_1,LUT6,SLICE_X38Y224,SLICEM.B6LUT,64'hFEAA000000000000
u_dut/t_r[159]_i_1,LUT6,SLICE_X31Y237,SLICEL.C6LUT,64'h8880808080808080
u_dut/t_r[15]_i_1,LUT6,SLICE_X31Y239,SLICEL.C6LUT,64'h8888808088888000
u_dut/t_r[1602]_i_1,LUT6,SLICE_X38Y224,SLICEM.C6LUT,64'hEAAAAAAA00000000
u_dut/t_r[160]_i_1,LUT3,SLICE_X27Y235,SLICEL.A6LUT,8'h80
u_dut/t_r[1610]_i_1,LUT6,SLICE_X36Y220,SLICEL.A6LUT,64'h8888888080808080
u_dut/t_r[1613]_i_1,LUT6,SLICE_X36Y220,SLICEL.B6LUT,64'h8000000000000000
u_dut/t_r[1616]_i_1,LUT5,SLICE_X37Y221,SLICEL.A6LUT,32'hFFFECCCC
u_dut/t_r[1618]_i_1,LUT3,SLICE_X36Y221,SLICEL.A6LUT,8'hE0
u_dut/t_r[1619]_i_1,LUT6,SLICE_X36Y221,SLICEL.D6LUT,64'hFAF8F8F800000000
u_dut/t_r[161]_i_1,LUT5,SLICE_X27Y235,SLICEL.B6LUT,32'hA8000000
u_dut/t_r[1625]_i_1,LUT5,SLICE_X36Y221,SLICEL.B6LUT,32'hC8880000
u_dut/t_r[1626]_i_1,LUT3,SLICE_X36Y221,SLICEL.A5LUT,8'h80
u_dut/t_r[1627]_i_1,LUT4,SLICE_X38Y221,SLICEM.C5LUT,16'hFE00
u_dut/t_r[1627]_i_2,LUT6,SLICE_X36Y221,SLICEL.C6LUT,64'h8888888080808080
u_dut/t_r[162]_i_1,LUT4,SLICE_X27Y235,SLICEL.A5LUT,16'h8000
u_dut/t_r[1633]_i_1,LUT5,SLICE_X37Y221,SLICEL.B6LUT,32'hF0F0F080
u_dut/t_r[1633]_i_2,LUT4,SLICE_X36Y221,SLICEL.B5LUT,16'hFFA8
u_dut/t_r[1635]_i_1,LUT5,SLICE_X38Y222,SLICEM.A5LUT,32'hF0F0F080
u_dut/t_r[1636]_i_1,LUT6,SLICE_X37Y225,SLICEL.D6LUT,64'hFEAAAAAAAAAAAAAA
u_dut/t_r[1636]_i_2,LUT3,SLICE_X37Y221,SLICEL.B5LUT,8'hE0
u_dut/t_r[1636]_i_3,LUT4,SLICE_X38Y224,SLICEM.A5LUT,16'hFF80
u_dut/t_r[1638]_i_1,LUT6,SLICE_X37Y221,SLICEL.C6LUT,64'hFF00FF00FF008000
u_dut/t_r[1638]_i_2,LUT2,SLICE_X37Y221,SLICEL.A5LUT,4'h8
u_dut/t_r[1638]_i_3,LUT2,SLICE_X37Y221,SLICEL.D6LUT,4'hE
u_dut/t_r[163]_i_1,LUT5,SLICE_X27Y235,SLICEL.C6LUT,32'hFF00F800
u_dut/t_r[163]_i_2,LUT5,SLICE_X27Y235,SLICEL.B5LUT,32'h80000000
u_dut/t_r[1641]_i_1,LUT6,SLICE_X38Y223,SLICEM.D6LUT,64'hFFFE0000AAAA0000
u_dut/t_r[1641]_i_2,LUT2,SLICE_X38Y222,SLICEM.B5LUT,4'h8
u_dut/t_r[1641]_i_3,LUT2,SLICE_X41Y224,SLICEL.A5LUT,4'hE
u_dut/t_r[164]_i_1,LUT3,SLICE_X29Y241,SLICEL.A6LUT,8'h80
u_dut/t_r[1657]_i_1,LUT6,SLICE_X8Y216,SLICEM.A6LUT,64'hFFFEFEFEFEFEFEFE
u_dut/t_r[165]_i_1,LUT6,SLICE_X28Y239,SLICEL.D6LUT,64'h8080808080808000
u_dut/t_r[166]_i_1,LUT5,SLICE_X29Y241,SLICEL.A5LUT,32'h80808000
u_dut/t_r[1670]_i_1,LUT6,SLICE_X6Y214,SLICEM.A6LUT,64'hFFFEFEFEEEEEEEEE
u_dut/t_r[1670]_i_2,LUT4,SLICE_X6Y214,SLICEM.B6LUT,16'h8000
u_dut/t_r[1672]_i_1,LUT5,SLICE_X8Y212,SLICEM.A6LUT,32'hFFFFFF80
u_dut/t_r[1672]_i_2,LUT6,SLICE_X8Y212,SLICEM.B6LUT,64'hFFFFFFFFFFFFFFA8
u_dut/t_r[1674]_i_1,LUT5,SLICE_X9Y214,SLICEL.A6LUT,32'hFFFFFF80
u_dut/t_r[167]_i_1,LUT6,SLICE_X28Y239,SLICEL.A6LUT,64'h8080800080008000
u_dut/t_r[1681]_i_1,LUT6,SLICE_X4Y218,SLICEL.A6LUT,64'hFFFFFFFF88800000
u_dut/t_r[1681]_i_2,LUT2,SLICE_X5Y218,SLICEL.A6LUT,4'hE
u_dut/t_r[1693]_i_1,LUT5,SLICE_X6Y218,SLICEM.A6LUT,32'hFFFFCCC8
u_dut/t_r[1693]_i_2,LUT5,SLICE_X6Y214,SLICEM.B5LUT,32'hFFFFAA80
u_dut/t_r[1698]_i_1,LUT6,SLICE_X8Y215,SLICEM.A6LUT,64'hFEAAEEAAAAAAAAAA
u_dut/t_r[1698]_i_2,LUT4,SLICE_X8Y212,SLICEM.A5LUT,16'hFEAA
u_dut/t_r[169]_i_1,LUT6,SLICE_X28Y239,SLICEL.B6LUT,64'hA080A080A0808080
u_dut/t_r[16]_i_1,LUT6,SLICE_X31Y239,SLICEL.A6LUT,64'h8880808080808080
u_dut/t_r[1702]_i_1,LUT5,SLICE_X9Y214,SLICEL.B6LUT,32'hFFFFCCC8
u_dut/t_r[170]_i_1,LUT3,SLICE_X28Y241,SLICEL.C6LUT,8'hC8
u_dut/t_r[170]_i_2,LUT6,SLICE_X28Y239,SLICEL.C6LUT,64'h8000800080000000
u_dut/t_r[1710]_i_1,LUT6,SLICE_X6Y215,SLICEM.A6LUT,64'hFEEEEEEEAAAAAAAA
u_dut/t_r[1710]_i_2,LUT3,SLICE_X6Y214,SLICEM.C6LUT,8'hF8
u_dut/t_r[1710]_i_3,LUT2,SLICE_X6Y215,SLICEM.B6LUT,4'h8
u_dut/t_r[1717]_i_1,LUT6,SLICE_X8Y217,SLICEM.A6LUT,64'hFFFFFF80FF00FF00
u_dut/t_r[1721]_i_1,LUT6,SLICE_X6Y216,SLICEM.A6LUT,64'hFAFAFAFAFAEAEAEA
u_dut/t_r[1723]_i_1,LUT4,SLICE_X8Y214,SLICEM.A6LUT,16'hE000
u_dut/t_r[1724]_i_1,LUT6,SLICE_X9Y215,SLICEL.D6LUT,64'hFEAA000000000000
u_dut/t_r[1726]_i_1,LUT6,SLICE_X8Y215,SLICEM.B6LUT,64'hFFCCFECCFECCFECC
u_dut/t_r[1727]_i_1,LUT6,SLICE_X9Y215,SLICEL.A6LUT,64'hAAA8000000000000
u_dut/t_r[172]_i_1,LUT6,SLICE_X33Y239,SLICEL.C6LUT,64'hFFFEFEFE00000000
u_dut/t_r[1731]_i_1,LUT6,SLICE_X9Y215,SLICEL.B6LUT,64'h8080808080808000
u_dut/t_r[1734]_i_1,LUT4,SLICE_X6Y215,SLICEM.B5LUT,16'hFF80
u_dut/t_r[1734]_i_2,LUT6,SLICE_X9Y215,SLICEL.C6LUT,64'h8000000000000000
u_dut/t_r[1739]_i_1,LUT6,SLICE_X6Y219,SLICEM.A6LUT,64'hFFFFFFFFFFA80000
u_dut/t_r[1743]_i_1,LUT6,SLICE_X8Y216,SLICEM.B6LUT,64'hFAAAEAAAAAAAAAAA
u_dut/t_r[1743]_i_2,LUT2,SLICE_X8Y215,SLICEM.C6LUT,4'h8
u_dut/t_r[1746]_i_1,LUT6,SLICE_X6Y219,SLICEM.B6LUT,64'hFFFFFFFFAAA80000
u_dut/t_r[1748]_i_1,LUT6,SLICE_X6Y219,SLICEM.C6LUT,64'hFFFFFFFFA8000000
u_dut/t_r[1748]_i_2,LUT3,SLICE_X6Y218,SLICEM.A5LUT,8'h80
u_dut/t_r[174]_i_1,LUT6,SLICE_X33Y239,SLICEL.A6LUT,64'hEAAA000000000000
u_dut/t_r[174]_i_2,LUT2,SLICE_X37Y238,SLICEL.A6LUT,4'hE
u_dut/t_r[1752]_i_1,LUT6,SLICE_X6Y217,SLICEM.A6LUT,64'hFFAAFEAAFEAAFEAA
u_dut/t_r[1755]_i_1,LUT4,SLICE_X7Y217,SLICEL.A6LUT,16'hEA00
u_dut/t_r[1757]_i_1,LUT5,SLICE_X6Y216,SLICEM.B6LUT,32'hAAA80000
u_dut/t_r[1758]_i_1,LUT5,SLICE_X7Y217,SLICEL.B6LUT,32'hFEAAAAAA
u_dut/t_r[175]_i_1,LUT6,SLICE_X33Y239,SLICEL.B6LUT,64'hAAAAAA8000000000
u_dut/t_r[1761]_i_1,LUT6,SLICE_X6Y218,SLICEM.C6LUT,64'hAAAAAAA800000000
u_dut/t_r[1762]_i_1,LUT6,SLICE_X6Y218,SLICEM.B6LUT,64'h8888888080808080
u_dut/t_r[1763]_i_1,LUT6,SLICE_X7Y217,SLICEL.C6LUT,64'hFE00000000000000
u_dut/t_r[1764]_i_1,LUT4,SLICE_X7Y218,SLICEL.D6LUT,16'hFE00
u_dut/t_r[1764]_i_2,LUT6,SLICE_X7Y217,SLICEL.D6LUT,64'hA800000000000000
u_dut/t_r[1766]_i_1,LUT6,SLICE_X2Y218,SLICEM.A6LUT,64'hFEAA000000000000
u_dut/t_r[1767]_i_1,LUT6,SLICE_X6Y217,SLICEM.B6LUT,64'hFFFEAAAAFEFEAAAA
u_dut/t_r[1768]_i_1,LUT6,SLICE_X7Y216,SLICEL.A6LUT,64'hEAEAEAAA00000000
u_dut/t_r[176]_i_1,LUT5,SLICE_X33Y239,SLICEL.D6LUT,32'hFF00E000
u_dut/t_r[176]_i_2,LUT4,SLICE_X36Y239,SLICEL.A6LUT,16'h8000
u_dut/t_r[1770]_i_1,LUT6,SLICE_X7Y216,SLICEL.B6LUT,64'hFEAA000000000000
u_dut/t_r[1773]_i_1,LUT6,SLICE_X5Y217,SLICEL.A6LUT,64'hEAAAAAAA00000000
u_dut/t_r[1775]_i_1,LUT6,SLICE_X7Y219,SLICEL.B6LUT,64'hFCCCECCCCCCCCCCC
u_dut/t_r[1775]_i_2,LUT4,SLICE_X7Y218,SLICEL.A6LUT,16'hFF80
u_dut/t_r[1777]_i_1,LUT6,SLICE_X7Y219,SLICEL.C6LUT,64'hFFF0F8F0F0F0F0F0
u_dut/t_r[1777]_i_2,LUT2,SLICE_X5Y218,SLICEL.A5LUT,4'h8
u_dut/t_r[1780]_i_1,LUT3,SLICE_X7Y216,SLICEL.D6LUT,8'hC8
u_dut/t_r[1780]_i_2,LUT5,SLICE_X3Y218,SLICEL.A6LUT,32'h80000000
u_dut/t_r[1783]_i_1,LUT6,SLICE_X8Y218,SLICEM.A6LUT,64'hFFFFFF00FFFFFE00
u_dut/t_r[1784]_i_1,LUT6,SLICE_X6Y217,SLICEM.C6LUT,64'hFF00F000FF00E000
u_dut/t_r[1784]_i_2,LUT4,SLICE_X7Y218,SLICEL.A5LUT,16'hFFA8
u_dut/t_r[1785]_i_1,LUT6,SLICE_X8Y218,SLICEM.B6LUT,64'hFFFFFF00FFFEFF00
u_dut/t_r[1787]_i_1,LUT6,SLICE_X8Y217,SLICEM.B6LUT,64'hFFFFFF00FFFFF800
u_dut/t_r[1789]_i_1,LUT6,SLICE_X8Y216,SLICEM.C6LUT,64'hFFFFFF00FFF8FF00
u_dut/t_r[1789]_i_2,LUT3,SLICE_X7Y216,SLICEL.C6LUT,8'hF8
u_dut/t_r[178]_i_1,LUT6,SLICE_X32Y238,SLICEL.D6LUT,64'h8080800080008000
u_dut/t_r[1797]_i_1,LUT6,SLICE_X8Y217,SLICEM.C6LUT,64'hFFFFFF00FFE0FF00
u_dut/t_r[1797]_i_2,LUT3,SLICE_X5Y216,SLICEL.A6LUT,8'hFE
u_dut/t_r[1797]_i_3,LUT2,SLICE_X8Y215,SLICEM.C5LUT,4'h8
u_dut/t_r[179]_i_1,LUT4,SLICE_X32Y238,SLICEL.B6LUT,16'h8000
u_dut/t_r[17]_i_1,LUT6,SLICE_X37Y228,SLICEL.A6LUT,64'h8080808080808000
u_dut/t_r[1803]_i_1,LUT6,SLICE_X9Y219,SLICEL.A6LUT,64'hFF88F888F888F888
u_dut/t_r[1806]_i_1,LUT5,SLICE_X5Y218,SLICEL.B6LUT,32'h80808000
u_dut/t_r[180]_i_1,LUT4,SLICE_X32Y238,SLICEL.B5LUT,16'h8000
u_dut/t_r[1810]_i_1,LUT6,SLICE_X4Y219,SLICEL.C6LUT,64'hEAAAAAAA00000000
u_dut/t_r[1811]_i_1,LUT6,SLICE_X4Y218,SLICEL.B6LUT,64'hFAFAFAEAAAAAAAAA
u_dut/t_r[1811]_i_2,LUT2,SLICE_X4Y218,SLICEL.C6LUT,4'hE
u_dut/t_r[1813]_i_1,LUT6,SLICE_X4Y219,SLICEL.A6LUT,64'hA8A8A88800000000
u_dut/t_r[1815]_i_1,LUT6,SLICE_X9Y219,SLICEL.B6LUT,64'hFAFAFAEAAAAAAAAA
u_dut/t_r[1815]_i_2,LUT3,SLICE_X5Y218,SLICEL.B5LUT,8'h80
u_dut/t_r[1815]_i_3,LUT2,SLICE_X7Y217,SLICEL.B5LUT,4'h8
u_dut/t_r[1818]_i_1,LUT2,SLICE_X7Y216,SLICEL.D5LUT,4'h8
u_dut/t_r[1818]_i_2,LUT6,SLICE_X5Y218,SLICEL.C6LUT,64'h8000000000000000
u_dut/t_r[181]_i_1,LUT6,SLICE_X31Y238,SLICEL.A6LUT,64'h8800800080008000
u_dut/t_r[1822]_i_1,LUT4,SLICE_X7Y218,SLICEL.B6LUT,16'h8880
u_dut/t_r[1823]_i_1,LUT6,SLICE_X3Y219,SLICEL.D6LUT,64'hFEAA000000000000
u_dut/t_r[1824]_i_1,LUT5,SLICE_X7Y218,SLICEL.B5LUT,32'hEA000000
u_dut/t_r[1828]_i_1,LUT6,SLICE_X3Y219,SLICEL.A6LUT,64'hA8A8A88800000000
u_dut/t_r[1829]_i_1,LUT6,SLICE_X7Y219,SLICEL.D6LUT,64'hFEAAAAAAEEAAAAAA
u_dut/t_r[182]_i_1,LUT4,SLICE_X31Y238,SLICEL.D6LUT,16'hF080
u_dut/t_r[182]_i_2,LUT6,SLICE_X31Y238,SLICEL.B6LUT,64'h8000000000000000
u_dut/t_r[1830]_i_1,LUT6,SLICE_X3Y219,SLICEL.B6LUT,64'h8000800080000000
u_dut/t_r[1831]_i_1,LUT6,SLICE_X7Y218,SLICEL.C6LUT,64'hFE00000000000000
u_dut/t_r[1832]_i_1,LUT4,SLICE_X7Y218,SLICEL.D5LUT,16'hE000
u_dut/t_r[1832]_i_2,LUT6,SLICE_X3Y219,SLICEL.C6LUT,64'h8000000000000000
u_dut/t_r[1833]_i_1,LUT6,SLICE_X8Y218,SLICEM.C6LUT,64'hFFFE0000AAAA0000
u_dut/t_r[1833]_i_2,LUT3,SLICE_X3Y218,SLICEL.A5LUT,8'hFE
u_dut/t_r[1833]_i_3,LUT2,SLICE_X5Y216,SLICEL.A5LUT,4'h8
u_dut/t_r[1835]_i_1,LUT5,SLICE_X9Y214,SLICEL.A5LUT,32'hF8000000
u_dut/t_r[1835]_i_2,LUT6,SLICE_X9Y214,SLICEL.C6LUT,64'hFFFFFFFFFFFFE000
u_dut/t_r[1836]_i_1,LUT6,SLICE_X8Y216,SLICEM.D6LUT,64'hF0A0E0A0E0A0E0A0
u_dut/t_r[1836]_i_2,LUT3,SLICE_X7Y216,SLICEL.C5LUT,8'hFE
u_dut/t_r[183]_i_1,LUT6,SLICE_X33Y238,SLICEL.C6LUT,64'h8080800080008000
u_dut/t_r[183]_i_2,LUT3,SLICE_X36Y238,SLICEL.B6LUT,8'hFE
u_dut/t_r[1841]_i_1,LUT6,SLICE_X6Y214,SLICEM.D6LUT,64'hFAAAEAAAEAAAEAAA
u_dut/t_r[1841]_i_2,LUT3,SLICE_X6Y214,SLICEM.C5LUT,8'h80
u_dut/t_r[1841]_i_3,LUT2,SLICE_X6Y215,SLICEM.C6LUT,4'hE
u_dut/t_r[1843]_i_1,LUT5,SLICE_X9Y214,SLICEL.B5LUT,32'hF8000000
u_dut/t_r[1843]_i_2,LUT6,SLICE_X9Y214,SLICEL.D6LUT,64'h8080808080808000
u_dut/t_r[1845]_i_1,LUT6,SLICE_X8Y217,SLICEM.D6LUT,64'hFF00FF00FF00F800
u_dut/t_r[1846]_i_1,LUT6,SLICE_X6Y217,SLICEM.D6LUT,64'hFF00FF00FF00A800
u_dut/t_r[1846]_i_2,LUT2,SLICE_X7Y217,SLICEL.A5LUT,4'h8
u_dut/t_r[1846]_i_3,LUT2,SLICE_X6Y216,SLICEM.B5LUT,4'hE
u_dut/t_r[1849]_i_1,LUT6,SLICE_X9Y219,SLICEL.C6LUT,64'hFFFFFE0000000000
u_dut/t_r[1849]_i_2,LUT3,SLICE_X8Y214,SLICEM.A5LUT,8'h80
u_dut/t_r[184]_i_1,LUT6,SLICE_X33Y238,SLICEL.A6LUT,64'h8888808088888000
u_dut/t_r[1859]_i_1,LUT6,SLICE_X18Y226,SLICEM.B6LUT,64'hFFFFFFF8FF00FF00
u_dut/t_r[185]_i_1,LUT6,SLICE_X33Y238,SLICEL.B6LUT,64'h8080808080808000
u_dut/t_r[185]_i_2,LUT2,SLICE_X29Y237,SLICEL.B5LUT,4'h8
u_dut/t_r[1860]_i_1,LUT6,SLICE_X22Y226,SLICEM.C6LUT,64'hFFFFFF80FF00FF00
u_dut/t_r[1865]_i_1,LUT6,SLICE_X18Y224,SLICEM.D6LUT,64'hEAEAEAAA00000000
u_dut/t_r[1866]_i_1,LUT6,SLICE_X12Y223,SLICEM.D6LUT,64'hFEEEEEEEAAAAAAAA
u_dut/t_r[186]_i_1,LUT5,SLICE_X33Y239,SLICEL.D5LUT,32'hFF008000
u_dut/t_r[186]_i_2,LUT4,SLICE_X32Y238,SLICEL.A5LUT,16'h8000
u_dut/t_r[186]_i_3,LUT5,SLICE_X32Y238,SLICEL.C6LUT,32'hFE000000
u_dut/t_r[1870]_i_1,LUT6,SLICE_X20Y219,SLICEM.C6LUT,64'hFFFEFEFEEEEEEEEE
u_dut/t_r[1871]_i_1,LUT6,SLICE_X23Y225,SLICEL.A6LUT,64'hFFFEAAAAAAAAAAAA
u_dut/t_r[1875]_i_1,LUT6,SLICE_X13Y227,SLICEL.B6LUT,64'hFFF0F8F0F0F0F0F0
u_dut/t_r[1878]_i_1,LUT6,SLICE_X16Y225,SLICEM.C6LUT,64'hFFF0F8F0F0F0F0F0
u_dut/t_r[187]_i_1,LUT6,SLICE_X31Y232,SLICEL.B6LUT,64'hFFFF000080000000
u_dut/t_r[187]_i_2,LUT4,SLICE_X31Y232,SLICEL.C6LUT,16'hFFFE
u_dut/t_r[1881]_i_1,LUT6,SLICE_X22Y223,SLICEM.D6LUT,64'hFFFEAAAAAAAAAAAA
u_dut/t_r[1883]_i_1,LUT6,SLICE_X17Y217,SLICEL.A6LUT,64'hA888888800000000
u_dut/t_r[1884]_i_1,LUT4,SLICE_X16Y217,SLICEM.A6LUT,16'h8000
u_dut/t_r[1885]_i_1,LUT6,SLICE_X18Y224,SLICEM.A6LUT,64'h8000800080000000
u_dut/t_r[1886]_i_1,LUT6,SLICE_X16Y219,SLICEM.C6LUT,64'hFEAAAAAAAAAAAAAA
u_dut/t_r[1887]_i_1,LUT5,SLICE_X18Y223,SLICEM.B6LUT,32'h88808080
u_dut/t_r[1888]_i_1,LUT2,SLICE_X13Y219,SLICEL.C6LUT,4'hE
u_dut/t_r[1888]_i_2,LUT6,SLICE_X18Y224,SLICEM.B6LUT,64'h8000000000000000
u_dut/t_r[188]_i_1,LUT6,SLICE_X36Y239,SLICEL.B6LUT,64'hFFFF000080000000
u_dut/t_r[188]_i_2,LUT4,SLICE_X37Y239,SLICEL.A6LUT,16'hFECC
u_dut/t_r[1890]_i_1,LUT6,SLICE_X20Y224,SLICEM.B6LUT,64'hFFFFFFFECCCCCCCC
u_dut/t_r[1892]_i_1,LUT6,SLICE_X18Y221,SLICEM.D6LUT,64'hFFFFF0F0FFFFF080
u_dut/t_r[1894]_i_1,LUT6,SLICE_X20Y225,SLICEM.A6LUT,64'hFFFFFFF8F0F0F0F0
u_dut/t_r[1895]_i_1,LUT6,SLICE_X16Y212,SLICEM.A6LUT,64'hFFFFFFFFAA008000
u_dut/t_r[1895]_i_2,LUT5,SLICE_X16Y212,SLICEM.B6LUT,32'hFFFEF0F0
u_dut/t_r[1896]_i_1,LUT6,SLICE_X16Y218,SLICEM.C6LUT,64'hFEEEEEEE00000000
u_dut/t_r[1897]_i_1,LUT6,SLICE_X20Y224,SLICEM.C6LUT,64'hFFFFFFF8F0F0F0F0
u_dut/t_r[18]_i_1,LUT6,SLICE_X37Y238,SLICEL.B6LUT,64'h8800800080008000
u_dut/t_r[18]_i_2,LUT2,SLICE_X37Y238,SLICEL.C6LUT,4'h8
u_dut/t_r[1900]_i_1,LUT6,SLICE_X16Y220,SLICEM.C6LUT,64'hFFFEEEEEAAAAAAAA
u_dut/t_r[1903]_i_1,LUT6,SLICE_X13Y227,SLICEL.C6LUT,64'hFFFFFF80FF00FF00
u_dut/t_r[1904]_i_1,LUT6,SLICE_X20Y227,SLICEM.B6LUT,64'hFFFFFF80FF00FF00
u_dut/t_r[1906]_i_1,LUT6,SLICE_X20Y219,SLICEM.D6LUT,64'hFFFFFF80FF00FF00
u_dut/t_r[1908]_i_1,LUT6,SLICE_X12Y225,SLICEM.D6LUT,64'hFFCCFECCCCCCCCCC
u_dut/t_r[1909]_i_1,LUT6,SLICE_X12Y217,SLICEM.A6LUT,64'hFFCCFECCCCCCCCCC
u_dut/t_r[1909]_i_2,LUT3,SLICE_X12Y217,SLICEM.B6LUT,8'hF8
u_dut/t_r[190]_i_1,LUT6,SLICE_X37Y239,SLICEL.B6LUT,64'hFFFF000080000000
u_dut/t_r[190]_i_2,LUT4,SLICE_X37Y239,SLICEL.C6LUT,16'h8000
u_dut/t_r[1911]_i_1,LUT6,SLICE_X12Y216,SLICEM.A6LUT,64'hFFFFFFFF80000000
u_dut/t_r[1911]_i_2,LUT6,SLICE_X12Y216,SLICEM.D6LUT,64'hFFFFFFC8FF00FF00
u_dut/t_r[1912]_i_1,LUT4,SLICE_X13Y223,SLICEL.A6LUT,16'hC800
u_dut/t_r[1914]_i_1,LUT6,SLICE_X20Y223,SLICEM.C6LUT,64'hFFFFAAAAEAAAAAAA
u_dut/t_r[1916]_i_1,LUT6,SLICE_X21Y219,SLICEL.A6LUT,64'hFFEECCCCFEEECCCC
u_dut/t_r[191]_i_1,LUT6,SLICE_X32Y239,SLICEL.A6LUT,64'hCC00CC00CC00C800
u_dut/t_r[191]_i_2,LUT5,SLICE_X32Y238,SLICEL.C5LUT,32'hFFFEF0F0
u_dut/t_r[1920]_i_1,LUT6,SLICE_X16Y218,SLICEM.A6LUT,64'hA888888800000000
u_dut/t_r[1922]_i_1,LUT6,SLICE_X13Y223,SLICEL.B6LUT,64'hA800000000000000
u_dut/t_r[1923]_i_1,LUT5,SLICE_X16Y223,SLICEM.A6LUT,32'h80000000
u_dut/t_r[1925]_i_1,LUT3,SLICE_X15Y218,SLICEL.C6LUT,8'hF8
u_dut/t_r[1925]_i_2,LUT5,SLICE_X16Y218,SLICEM.B6LUT,32'h80000000
u_dut/t_r[1926]_i_1,LUT6,SLICE_X14Y221,SLICEM.D6LUT,64'hFFFFFFFECCCCCCCC
u_dut/t_r[1927]_i_1,LUT6,SLICE_X18Y226,SLICEM.C6LUT,64'hFFFFFFF8FF00FF00
u_dut/t_r[1929]_i_1,LUT6,SLICE_X22Y226,SLICEM.D6LUT,64'hFFFFFF80FF00FF00
u_dut/t_r[192]_i_1,LUT6,SLICE_X32Y239,SLICEL.B6LUT,64'hCC00CC00CC00C800
u_dut/t_r[192]_i_2,LUT3,SLICE_X37Y239,SLICEL.A5LUT,8'hE0
u_dut/t_r[1932]_i_1,LUT6,SLICE_X16Y223,SLICEM.D6LUT,64'hFEEEEEEE00000000
u_dut/t_r[1935]_i_1,LUT5,SLICE_X19Y223,SLICEL.A6LUT,32'h80808000
u_dut/t_r[1936]_i_1,LUT6,SLICE_X19Y223,SLICEL.D6LUT,64'h8880808080808080
u_dut/t_r[1937]_i_1,LUT6,SLICE_X19Y223,SLICEL.B6LUT,64'hAA80000000000000
u_dut/t_r[1938]_i_1,LUT6,SLICE_X18Y223,SLICEM.D6LUT,64'hFFFFFFFF88888000
u_dut/t_r[1938]_i_2,LUT6,SLICE_X19Y223,SLICEL.C6LUT,64'h8000000000000000
u_dut/t_r[1939]_i_1,LUT6,SLICE_X23Y225,SLICEL.B6LUT,64'hFFFFFF00FF80FF00
u_dut/t_r[1939]_i_2,LUT3,SLICE_X19Y224,SLICEL.B6LUT,8'hFE
u_dut/t_r[193]_i_1,LUT6,SLICE_X35Y236,SLICEL.D6LUT,64'hF0F00000F0800000
u_dut/t_r[193]_i_2,LUT5,SLICE_X31Y232,SLICEL.D6LUT,32'hFFFFFFFE
u_dut/t_r[1940]_i_1,LUT6,SLICE_X21Y223,SLICEL.A6LUT,64'hFFFFFFFFFFFFA080
u_dut/t_r[1941]_i_1,LUT6,SLICE_X21Y223,SLICEL.B6LUT,64'hFFFFFFFFFFFFA800
u_dut/t_r[1941]_i_2,LUT3,SLICE_X19Y223,SLICEL.A5LUT,8'h80
u_dut/t_r[1941]_i_3,LUT3,SLICE_X21Y223,SLICEL.C6LUT,8'h80
u_dut/t_r[1944]_i_1,LUT6,SLICE_X23Y225,SLICEL.C6LUT,64'hFFCCFECCCCCCCCCC
u_dut/t_r[1946]_i_1,LUT6,SLICE_X14Y220,SLICEM.A6LUT,64'hFFCCFECCCCCCCCCC
u_dut/t_r[1947]_i_1,LUT6,SLICE_X16Y221,SLICEM.A6LUT,64'hFFFFFF80FF00FF00
u_dut/t_r[1948]_i_1,LUT6,SLICE_X14Y227,SLICEM.C6LUT,64'hFAAAEAAAEAAAEAAA
u_dut/t_r[1949]_i_1,LUT6,SLICE_X21Y223,SLICEL.D6LUT,64'hFEEEAAAAEEEEAAAA
u_dut/t_r[194]_i_1,LUT6,SLICE_X31Y230,SLICEL.D6LUT,64'hF0F00000F0800000
u_dut/t_r[194]_i_2,LUT5,SLICE_X32Y240,SLICEL.C6LUT,32'hFFFF8000
u_dut/t_r[1951]_i_1,LUT6,SLICE_X21Y221,SLICEL.C6LUT,64'hFAAAEAAAEAAAEAAA
u_dut/t_r[1952]_i_1,LUT6,SLICE_X20Y225,SLICEM.B6LUT,64'hFFFEF0F0F0F0F0F0
u_dut/t_r[1953]_i_1,LUT6,SLICE_X22Y222,SLICEM.D6LUT,64'hFECCCCCCCCCCCCCC
u_dut/t_r[1953]_i_2,LUT2,SLICE_X21Y223,SLICEL.C5LUT,4'h8
u_dut/t_r[1956]_i_1,LUT5,SLICE_X13Y217,SLICEL.A6LUT,32'h80000000
u_dut/t_r[1957]_i_1,LUT6,SLICE_X21Y225,SLICEL.A6LUT,64'hA800000000000000
u_dut/t_r[1959]_i_1,LUT6,SLICE_X16Y223,SLICEM.B6LUT,64'h8080800080008000
u_dut/t_r[195]_i_1,LUT6,SLICE_X34Y229,SLICEL.A6LUT,64'hF0F00000F0800000
u_dut/t_r[195]_i_2,LUT5,SLICE_X31Y232,SLICEL.C5LUT,32'h80000000
u_dut/t_r[1962]_i_1,LUT6,SLICE_X23Y225,SLICEL.D6LUT,64'hFFFFFFFECCCCCCCC
u_dut/t_r[1963]_i_1,LUT6,SLICE_X14Y212,SLICEM.A6LUT,64'hFFFFFFFFFE000000
u_dut/t_r[1963]_i_2,LUT6,SLICE_X14Y212,SLICEM.B6LUT,64'hFFFF0000FFFE0000
u_dut/t_r[1964]_i_1,LUT6,SLICE_X19Y221,SLICEL.C6LUT,64'hFF00FF00FF00F800
u_dut/t_r[1966]_i_1,LUT6,SLICE_X15Y227,SLICEL.C6LUT,64'hFFFFFFF8F0F0F0F0
u_dut/t_r[1968]_i_1,LUT6,SLICE_X16Y212,SLICEM.C6LUT,64'hFFFFFFFFE0000000
u_dut/t_r[1968]_i_2,LUT5,SLICE_X16Y212,SLICEM.B5LUT,32'hFF00FE00
u_dut/t_r[1969]_i_1,LUT6,SLICE_X21Y219,SLICEL.B6LUT,64'hF0F0F0F0F0F0F0E0
u_dut/t_r[1969]_i_2,LUT4,SLICE_X12Y216,SLICEM.B6LUT,16'h8000
u_dut/t_r[196]_i_1,LUT6,SLICE_X36Y239,SLICEL.C6LUT,64'hFEAAEEAAAAAAAAAA
u_dut/t_r[196]_i_2,LUT3,SLICE_X36Y239,SLICEL.A5LUT,8'h80
u_dut/t_r[196]_i_3,LUT4,SLICE_X37Y239,SLICEL.C5LUT,16'hFFFE
u_dut/t_r[196]_i_4,LUT2,SLICE_X36Y239,SLICEL.D6LUT,4'h8
u_dut/t_r[1970]_i_1,LUT6,SLICE_X13Y227,SLICEL.D6LUT,64'hFFFEFCFCCCCCCCCC
u_dut/t_r[1970]_i_2,LUT4,SLICE_X13Y223,SLICEL.C6LUT,16'hFFFE
u_dut/t_r[1972]_i_1,LUT6,SLICE_X10Y226,SLICEM.D6LUT,64'hFFFEFCFCCCCCCCCC
u_dut/t_r[1975]_i_1,LUT6,SLICE_X16Y227,SLICEM.C6LUT,64'hFEAAEEAAEEAAEEAA
u_dut/t_r[1977]_i_1,LUT6,SLICE_X21Y220,SLICEL.C6LUT,64'hFEAAEEAAEEAAEEAA
u_dut/t_r[197]_i_1,LUT6,SLICE_X32Y239,SLICEL.C6LUT,64'hFF00800000000000
u_dut/t_r[197]_i_2,LUT2,SLICE_X33Y240,SLICEL.A6LUT,4'hE
u_dut/t_r[1980]_i_1,LUT6,SLICE_X20Y227,SLICEM.C6LUT,64'hFFCCFECCCCCCCCCC
u_dut/t_r[1982]_i_1,LUT6,SLICE_X16Y219,SLICEM.D6LUT,64'hFFFFFF80FF00FF00
u_dut/t_r[1982]_i_2,LUT3,SLICE_X19Y218,SLICEL.A6LUT,8'hF8
u_dut/t_r[1985]_i_1,LUT6,SLICE_X18Y220,SLICEM.B6LUT,64'hE0A0A0A0A0A0A0A0
u_dut/t_r[1986]_i_1,LUT6,SLICE_X20Y223,SLICEM.D6LUT,64'hFFF0F8F0F0F0F0F0
u_dut/t_r[1988]_i_1,LUT3,SLICE_X19Y218,SLICEL.B6LUT,8'h80
u_dut/t_r[1989]_i_1,LUT5,SLICE_X18Y220,SLICEM.A6LUT,32'h88800000
u_dut/t_r[198]_i_1,LUT6,SLICE_X36Y228,SLICEL.C6LUT,64'hFE00000000000000
u_dut/t_r[198]_i_2,LUT5,SLICE_X36Y228,SLICEL.B5LUT,32'hFFFFFFA8
u_dut/t_r[1991]_i_1,LUT6,SLICE_X14Y217,SLICEM.B6LUT,64'hFEEEAAAAAAAAAAAA
u_dut/t_r[1991]_i_2,LUT2,SLICE_X12Y217,SLICEM.B5LUT,4'hE
u_dut/t_r[1993]_i_1,LUT6,SLICE_X19Y218,SLICEL.C6LUT,64'h8888888888888880
u_dut/t_r[1993]_i_2,LUT3,SLICE_X19Y218,SLICEL.D6LUT,8'h80
u_dut/t_r[1995]_i_1,LUT5,SLICE_X19Y218,SLICEL.A5LUT,32'hAAA80000
u_dut/t_r[1995]_i_2,LUT4,SLICE_X16Y223,SLICEM.A5LUT,16'h8000
u_dut/t_r[1996]_i_1,LUT6,SLICE_X23Y226,SLICEL.A6LUT,64'h8000000000000000
u_dut/t_r[1997]_i_1,LUT3,SLICE_X13Y219,SLICEL.C5LUT,8'hC8
u_dut/t_r[1998]_i_1,LUT6,SLICE_X15Y220,SLICEL.B6LUT,64'hFFFFFFFECCCCCCCC
u_dut/t_r[1999]_i_1,LUT6,SLICE_X21Y221,SLICEL.D6LUT,64'hFF00FE00F000F000
u_dut/t_r[1999]_i_2,LUT3,SLICE_X16Y218,SLICEM.B5LUT,8'h80
u_dut/t_r[1999]_i_3,LUT3,SLICE_X18Y220,SLICEM.A5LUT,8'hFE
u_dut/t_r[199]_i_1,LUT6,SLICE_X30Y227,SLICEL.D6LUT,64'hF000000080000000
u_dut/t_r[19]_i_1,LUT6,SLICE_X31Y239,SLICEL.B6LUT,64'h8080800080008000
u_dut/t_r[1]_i_1,LUT6,SLICE_X32Y228,SLICEL.C6LUT,64'hFFFFFEFEFFFEFEFE
u_dut/t_r[2008]_i_1,LUT6,SLICE_X17Y219,SLICEL.D6LUT,64'hFFFFFF80FF00FF00
u_dut/t_r[2008]_i_2,LUT3,SLICE_X18Y223,SLICEM.B5LUT,8'hFE
u_dut/t_r[2009]_i_1,LUT6,SLICE_X14Y218,SLICEM.A6LUT,64'hFFFFFF80FF00FF00
u_dut/t_r[2013]_i_1,LUT6,SLICE_X12Y216,SLICEM.C6LUT,64'hFFEAAAAA00000000
u_dut/t_r[2013]_i_2,LUT4,SLICE_X12Y216,SLICEM.B5LUT,16'h8000
u_dut/t_r[2015]_i_1,LUT6,SLICE_X21Y219,SLICEL.C6LUT,64'hFFCCFECCCCCCCCCC
u_dut/t_r[2015]_i_2,LUT4,SLICE_X19Y224,SLICEL.B5LUT,16'hFFA8
u_dut/t_r[2017]_i_1,LUT6,SLICE_X14Y218,SLICEM.B6LUT,64'hFFFFFF80FF00FF00
u_dut/t_r[2017]_i_2,LUT2,SLICE_X14Y220,SLICEM.D6LUT,4'h8
u_dut/t_r[2017]_i_3,LUT2,SLICE_X14Y220,SLICEM.B6LUT,4'hE
u_dut/t_r[2017]_i_4,LUT3,SLICE_X13Y217,SLICEL.A5LUT,8'hC8
u_dut/t_r[2019]_i_1,LUT6,SLICE_X21Y220,SLICEL.D6LUT,64'hFFFFAAAAEAAAAAAA
u_dut/t_r[2019]_i_2,LUT4,SLICE_X19Y218,SLICEL.D5LUT,16'hF080
u_dut/t_r[2022]_i_1,LUT6,SLICE_X14Y222,SLICEM.C6LUT,64'hFFFF0000A8000000
u_dut/t_r[2022]_i_2,LUT4,SLICE_X13Y223,SLICEL.C5LUT,16'hFFF8
u_dut/t_r[2026]_i_1,LUT6,SLICE_X15Y220,SLICEL.C6LUT,64'hFAAAAAAAEAAAAAAA
u_dut/t_r[2026]_i_2,LUT2,SLICE_X19Y218,SLICEL.B5LUT,4'h8
u_dut/t_r[2026]_i_3,LUT2,SLICE_X16Y217,SLICEM.A5LUT,4'h8
u_dut/t_r[2026]_i_4,LUT2,SLICE_X15Y218,SLICEL.C5LUT,4'h8
u_dut/t_r[2026]_i_5,LUT2,SLICE_X14Y220,SLICEM.B5LUT,4'h8
u_dut/t_r[202]_i_1,LUT6,SLICE_X28Y242,SLICEL.A6LUT,64'hFFFFFFEAFF00FF00
u_dut/t_r[2033]_i_1,LUT4,SLICE_X17Y223,SLICEL.B6LUT,16'hC800
u_dut/t_r[2033]_i_2,LUT6,SLICE_X17Y223,SLICEL.C6LUT,64'hFFFFFFFFFFFFAAA8
u_dut/t_r[2035]_i_1,LUT6,SLICE_X20Y225,SLICEM.C6LUT,64'hF000E000E000E000
u_dut/t_r[2035]_i_2,LUT3,SLICE_X13Y223,SLICEL.A5LUT,8'hF8
u_dut/t_r[2035]_i_3,LUT2,SLICE_X20Y225,SLICEM.D6LUT,4'hE
u_dut/t_r[2036]_i_1,LUT4,SLICE_X17Y223,SLICEL.B5LUT,16'hC800
u_dut/t_r[2036]_i_2,LUT6,SLICE_X17Y223,SLICEL.D6LUT,64'hFFFFFFE0FF00FF00
u_dut/t_r[203]_i_1,LUT5,SLICE_X30Y242,SLICEL.A6LUT,32'hFEEEAAAA
u_dut/t_r[203]_i_2,LUT6,SLICE_X30Y243,SLICEL.A6LUT,64'hFFFF0000F0E00000
u_dut/t_r[2043]_i_1,LUT6,SLICE_X16Y220,SLICEM.D6LUT,64'hFF00C80000000000
u_dut/t_r[2043]_i_2,LUT2,SLICE_X20Y225,SLICEM.D5LUT,4'h8
u_dut/t_r[204]_i_1,LUT6,SLICE_X34Y240,SLICEL.A6LUT,64'hFFFEAAAAAAAAAAAA
u_dut/t_r[2058]_i_1,LUT6,SLICE_X15Y228,SLICEL.D6LUT,64'hFFFAFFFAFFFAFEFA
u_dut/t_r[205]_i_1,LUT6,SLICE_X30Y239,SLICEL.B6LUT,64'hFEAAAAAAEEAAAAAA
u_dut/t_r[2060]_i_1,LUT6,SLICE_X18Y228,SLICEM.A6LUT,64'hFFFFFFFFE0000000
u_dut/t_r[2065]_i_1,LUT6,SLICE_X25Y229,SLICEL.C6LUT,64'hFFFFFEEEEEEEEEEE
u_dut/t_r[206]_i_1,LUT6,SLICE_X30Y240,SLICEL.A6LUT,64'hFFFFFFFF80808000
u_dut/t_r[206]_i_2,LUT2,SLICE_X31Y241,SLICEL.A6LUT,4'hE
u_dut/t_r[2072]_i_1,LUT6,SLICE_X29Y219,SLICEL.D6LUT,64'hFFFEFEFEAAAAAAAA
u_dut/t_r[2073]_i_1,LUT6,SLICE_X24Y229,SLICEL.C6LUT,64'hFFFEFEFEAAAAAAAA
u_dut/t_r[2074]_i_1,LUT5,SLICE_X26Y226,SLICEL.C6LUT,32'hFFFFF800
u_dut/t_r[2075]_i_1,LUT5,SLICE_X18Y222,SLICEM.B6LUT,32'hFFFFF800
u_dut/t_r[2077]_i_1,LUT4,SLICE_X17Y225,SLICEL.A6LUT,16'hF080
u_dut/t_r[207]_i_1,LUT5,SLICE_X30Y242,SLICEL.B6LUT,32'hFEAAAAAA
u_dut/t_r[207]_i_2,LUT3,SLICE_X30Y242,SLICEL.C6LUT,8'h80
u_dut/t_r[2080]_i_1,LUT6,SLICE_X23Y229,SLICEL.D6LUT,64'hFFFFFFFFFF800000
u_dut/t_r[2081]_i_1,LUT6,SLICE_X25Y228,SLICEL.C6LUT,64'hFFFE000000000000
u_dut/t_r[2082]_i_1,LUT4,SLICE_X25Y228,SLICEL.A6LUT,16'h8880
u_dut/t_r[2083]_i_1,LUT5,SLICE_X25Y228,SLICEL.A5LUT,32'hEA000000
u_dut/t_r[2084]_i_1,LUT3,SLICE_X27Y228,SLICEL.C6LUT,8'h80
u_dut/t_r[2086]_i_1,LUT6,SLICE_X25Y228,SLICEL.D6LUT,64'hFFFEFEFEFEFEFEFE
u_dut/t_r[2086]_i_2,LUT6,SLICE_X25Y228,SLICEL.B6LUT,64'h8000800080000000
u_dut/t_r[2087]_i_1,LUT3,SLICE_X29Y222,SLICEL.A6LUT,8'h80
u_dut/t_r[2088]_i_1,LUT6,SLICE_X29Y222,SLICEL.B6LUT,64'hFE00000000000000
u_dut/t_r[208]_i_1,LUT6,SLICE_X30Y240,SLICEL.B6LUT,64'hFFFFFFFF80000000
u_dut/t_r[208]_i_2,LUT3,SLICE_X30Y240,SLICEL.C6LUT,8'h80
u_dut/t_r[2090]_i_1,LUT6,SLICE_X17Y220,SLICEL.C6LUT,64'hFAAAAAAAEAAAAAAA
u_dut/t_r[2091]_i_1,LUT6,SLICE_X29Y222,SLICEL.C6LUT,64'h8000800080000000
u_dut/t_r[2093]_i_1,LUT3,SLICE_X18Y220,SLICEM.C6LUT,8'hFE
u_dut/t_r[2093]_i_2,LUT6,SLICE_X29Y222,SLICEL.D6LUT,64'h8000000000000000
u_dut/t_r[2097]_i_1,LUT6,SLICE_X16Y221,SLICEM.B6LUT,64'hFFFFFFE0FF00FF00
u_dut/t_r[2098]_i_1,LUT6,SLICE_X19Y221,SLICEL.D6LUT,64'hFFFFFFF8FFF0FFF0
u_dut/t_r[209]_i_1,LUT6,SLICE_X28Y242,SLICEL.B6LUT,64'hFAFAFAFAFAEAEAEA
u_dut/t_r[20]_i_1,LUT5,SLICE_X27Y235,SLICEL.C5LUT,32'hFFFFFF80
u_dut/t_r[20]_i_2,LUT5,SLICE_X37Y238,SLICEL.A5LUT,32'h80000000
u_dut/t_r[2100]_i_1,LUT6,SLICE_X17Y225,SLICEL.C6LUT,64'hFFFEEEEE00000000
u_dut/t_r[2101]_i_1,LUT6,SLICE_X15Y221,SLICEL.A6LUT,64'hFFFEFCFCCCCCCCCC
u_dut/t_r[2102]_i_1,LUT5,SLICE_X27Y227,SLICEL.B6LUT,32'hFEEE0000
u_dut/t_r[2103]_i_1,LUT6,SLICE_X24Y228,SLICEL.D6LUT,64'hFFFFFFF8F0F0F0F0
u_dut/t_r[2104]_i_1,LUT6,SLICE_X19Y224,SLICEL.C6LUT,64'hFFFFFFF8F0F0F0F0
u_dut/t_r[2107]_i_1,LUT6,SLICE_X16Y229,SLICEM.D6LUT,64'hFFFEFCFCCCCCCCCC
u_dut/t_r[2107]_i_2,LUT3,SLICE_X18Y229,SLICEM.C6LUT,8'hF8
u_dut/t_r[2108]_i_1,LUT6,SLICE_X26Y226,SLICEL.D6LUT,64'hFFFFFF80FF00FF00
u_dut/t_r[2109]_i_1,LUT6,SLICE_X27Y227,SLICEL.C6LUT,64'hEAEAEAAA00000000
u_dut/t_r[2110]_i_1,LUT4,SLICE_X29Y223,SLICEL.A6LUT,16'hEA00
u_dut/t_r[2111]_i_1,LUT6,SLICE_X18Y225,SLICEM.B6LUT,64'hFFFFFF80FF00FF00
u_dut/t_r[2113]_i_1,LUT6,SLICE_X24Y226,SLICEL.A6LUT,64'hFFFFFFF8FFF0FFF0
u_dut/t_r[2113]_i_2,LUT3,SLICE_X24Y226,SLICEL.B6LUT,8'hFE
u_dut/t_r[2114]_i_1,LUT6,SLICE_X22Y228,SLICEM.D6LUT,64'hFFFFFFF8FFF0FFF0
u_dut/t_r[2115]_i_1,LUT2,SLICE_X29Y223,SLICEL.C6LUT,4'h8
u_dut/t_r[2116]_i_1,LUT6,SLICE_X16Y225,SLICEM.D6LUT,64'hFFCCFECCCCCCCCCC
u_dut/t_r[211]_i_1,LUT6,SLICE_X28Y240,SLICEL.A6LUT,64'hFFFEFEFE00000000
u_dut/t_r[211]_i_2,LUT2,SLICE_X30Y242,SLICEL.B5LUT,4'h8
u_dut/t_r[2120]_i_1,LUT4,SLICE_X29Y223,SLICEL.A5LUT,16'hC800
u_dut/t_r[2121]_i_1,LUT6,SLICE_X24Y227,SLICEL.D6LUT,64'hFFF0F8F0F0F0F0F0
u_dut/t_r[2122]_i_1,LUT5,SLICE_X27Y227,SLICEL.B5LUT,32'hC8880000
u_dut/t_r[2123]_i_1,LUT6,SLICE_X24Y226,SLICEL.C6LUT,64'hFFF0F8F0F0F0F0F0
u_dut/t_r[2124]_i_1,LUT6,SLICE_X24Y229,SLICEL.D6LUT,64'hFFF0F8F0F0F0F0F0
u_dut/t_r[2126]_i_1,LUT6,SLICE_X19Y224,SLICEL.D6LUT,64'hFFFEF0F0F0F0F0F0
u_dut/t_r[2128]_i_1,LUT6,SLICE_X18Y225,SLICEM.C6LUT,64'hFFF8F0F0F0F0F0F0
u_dut/t_r[2129]_i_1,LUT6,SLICE_X29Y223,SLICEL.B6LUT,64'h8888888888888880
u_dut/t_r[212]_i_1,LUT5,SLICE_X30Y241,SLICEL.D6LUT,32'hFE000000
u_dut/t_r[2131]_i_1,LUT2,SLICE_X15Y221,SLICEL.C6LUT,4'hE
u_dut/t_r[2131]_i_2,LUT5,SLICE_X17Y225,SLICEL.B6LUT,32'h88888880
u_dut/t_r[2134]_i_1,LUT6,SLICE_X15Y230,SLICEL.D6LUT,64'hFFFFFFFECCCCCCCC
u_dut/t_r[2135]_i_1,LUT6,SLICE_X16Y221,SLICEM.C6LUT,64'hFFFFFFFECCCCCCCC
u_dut/t_r[2136]_i_1,LUT6,SLICE_X16Y221,SLICEM.D6LUT,64'hFFFFF0F0FFFFF080
u_dut/t_r[2137]_i_1,LUT4,SLICE_X16Y228,SLICEM.A6LUT,16'hFE00
u_dut/t_r[2138]_i_1,LUT6,SLICE_X14Y230,SLICEM.D6LUT,64'hFFFFFFF8F0F0F0F0
u_dut/t_r[2139]_i_1,LUT5,SLICE_X15Y218,SLICEL.A6LUT,32'hFEEE0000
u_dut/t_r[213]_i_1,LUT6,SLICE_X31Y242,SLICEL.A6LUT,64'h8888888080808080
u_dut/t_r[2140]_i_1,LUT6,SLICE_X15Y218,SLICEL.B6LUT,64'hFEEEEEEE00000000
u_dut/t_r[2141]_i_1,LUT3,SLICE_X16Y223,SLICEM.C6LUT,8'hE0
u_dut/t_r[2142]_i_1,LUT6,SLICE_X14Y227,SLICEM.D6LUT,64'hFFFEFCFCCCCCCCCC
u_dut/t_r[2143]_i_1,LUT6,SLICE_X23Y223,SLICEL.C6LUT,64'hFFFEFCFCCCCCCCCC
u_dut/t_r[2144]_i_1,LUT6,SLICE_X18Y227,SLICEM.C6LUT,64'hFFFFFF80FF00FF00
u_dut/t_r[2145]_i_1,LUT4,SLICE_X16Y228,SLICEM.A5LUT,16'hEA00
u_dut/t_r[2147]_i_1,LUT6,SLICE_X23Y219,SLICEL.D6LUT,64'hFAEAEAEAEAEAEAEA
u_dut/t_r[2148]_i_1,LUT6,SLICE_X23Y222,SLICEL.C6LUT,64'hFFFEFEFECCCCCCCC
u_dut/t_r[2150]_i_1,LUT6,SLICE_X19Y227,SLICEL.C6LUT,64'hFFCCFECCCCCCCCCC
u_dut/t_r[2151]_i_1,LUT6,SLICE_X13Y228,SLICEL.C6LUT,64'hFFFFFFFFFE000000
u_dut/t_r[2151]_i_2,LUT2,SLICE_X15Y227,SLICEL.D6LUT,4'h8
u_dut/t_r[2152]_i_1,LUT6,SLICE_X13Y228,SLICEL.D6LUT,64'hFFFFFFFF80000000
u_dut/t_r[2152]_i_2,LUT6,SLICE_X13Y230,SLICEL.C6LUT,64'hFFFFFFC8FF00FF00
u_dut/t_r[2153]_i_1,LUT6,SLICE_X18Y229,SLICEM.D6LUT,64'hFFF0F8F0F0F0F0F0
u_dut/t_r[2153]_i_2,LUT3,SLICE_X18Y229,SLICEM.C5LUT,8'hFE
u_dut/t_r[2154]_i_1,LUT6,SLICE_X14Y223,SLICEM.D6LUT,64'hFFFFAAAAEAAAAAAA
u_dut/t_r[2155]_i_1,LUT6,SLICE_X18Y217,SLICEM.D6LUT,64'hFFF0F8F0F0F0F0F0
u_dut/t_r[2155]_i_2,LUT2,SLICE_X17Y217,SLICEL.B6LUT,4'hE
u_dut/t_r[2156]_i_1,LUT6,SLICE_X18Y222,SLICEM.C6LUT,64'hFFF0F8F0F0F0F0F0
u_dut/t_r[2159]_i_1,LUT6,SLICE_X16Y228,SLICEM.B6LUT,64'h8880808000000000
u_dut/t_r[215]_i_1,LUT6,SLICE_X30Y241,SLICEL.A6LUT,64'hC888000000000000
u_dut/t_r[2163]_i_1,LUT3,SLICE_X18Y220,SLICEM.C5LUT,8'hF8
u_dut/t_r[2163]_i_2,LUT6,SLICE_X16Y228,SLICEM.C6LUT,64'h8000000000000000
u_dut/t_r[2164]_i_1,LUT6,SLICE_X19Y226,SLICEL.B6LUT,64'hFFFFFFFECCCCCCCC
u_dut/t_r[2165]_i_1,LUT6,SLICE_X21Y227,SLICEL.C6LUT,64'hFFFFFFFECCCCCCCC
u_dut/t_r[2166]_i_1,LUT6,SLICE_X15Y222,SLICEL.B6LUT,64'hFFFFFFE0FF00FF00
u_dut/t_r[2168]_i_1,LUT6,SLICE_X21Y226,SLICEL.B6LUT,64'hFFFEEEEE00000000
u_dut/t_r[2169]_i_1,LUT6,SLICE_X16Y222,SLICEM.C6LUT,64'hFFFEAAAAEEEEAAAA
u_dut/t_r[2169]_i_2,LUT2,SLICE_X16Y223,SLICEM.C5LUT,4'hE
u_dut/t_r[216]_i_1,LUT3,SLICE_X31Y241,SLICEL.C6LUT,8'hC8
u_dut/t_r[216]_i_2,LUT6,SLICE_X30Y241,SLICEL.B6LUT,64'h8080000080000000
u_dut/t_r[2174]_i_1,LUT6,SLICE_X25Y224,SLICEL.A6LUT,64'hEAEAEAAA00000000
u_dut/t_r[2174]_i_2,LUT2,SLICE_X27Y228,SLICEL.C5LUT,4'h8
u_dut/t_r[2175]_i_1,LUT6,SLICE_X20Y224,SLICEM.D6LUT,64'hFFFFFF00FF80FF00
u_dut/t_r[2177]_i_1,LUT6,SLICE_X22Y227,SLICEM.D6LUT,64'hFFFFFF00FFA8FF00
u_dut/t_r[217]_i_1,LUT5,SLICE_X31Y241,SLICEL.B6LUT,32'hFE000000
u_dut/t_r[217]_i_2,LUT4,SLICE_X30Y241,SLICEL.C6LUT,16'hFFA8
u_dut/t_r[2182]_i_1,LUT5,SLICE_X21Y227,SLICEL.D6LUT,32'hC8000000
u_dut/t_r[2183]_i_1,LUT6,SLICE_X24Y224,SLICEL.D6LUT,64'hFAAAEAAAEAAAEAAA
u_dut/t_r[2186]_i_1,LUT6,SLICE_X23Y224,SLICEL.D6LUT,64'hFFFEAAAAAAAAAAAA
u_dut/t_r[2188]_i_1,LUT6,SLICE_X21Y226,SLICEL.A6LUT,64'h8880808000000000
u_dut/t_r[2190]_i_1,LUT6,SLICE_X25Y224,SLICEL.B6LUT,64'hA800000000000000
u_dut/t_r[2191]_i_1,LUT6,SLICE_X25Y224,SLICEL.C6LUT,64'h8000000000000000
u_dut/t_r[2193]_i_1,LUT6,SLICE_X26Y222,SLICEL.C6LUT,64'hFFFFFFFECCCCCCCC
u_dut/t_r[2196]_i_1,LUT6,SLICE_X17Y224,SLICEL.D6LUT,64'hFFFFFF80FF00FF00
u_dut/t_r[2199]_i_1,LUT6,SLICE_X19Y230,SLICEL.C6LUT,64'hFFFFFFFFAAAAAA80
u_dut/t_r[219]_i_1,LUT6,SLICE_X28Y242,SLICEL.C6LUT,64'hFEAAAAAAEEAAAAAA
u_dut/t_r[219]_i_2,LUT4,SLICE_X24Y242,SLICEL.A6LUT,16'hF0E0
u_dut/t_r[2200]_i_1,LUT6,SLICE_X26Y222,SLICEL.D6LUT,64'hFFFEFCFCCCCCCCCC
u_dut/t_r[2200]_i_2,LUT4,SLICE_X19Y222,SLICEL.A6LUT,16'hFFFE
u_dut/t_r[2201]_i_1,LUT6,SLICE_X18Y226,SLICEM.D6LUT,64'hFFFEFCFCCCCCCCCC
u_dut/t_r[2203]_i_1,LUT6,SLICE_X24Y226,SLICEL.D6LUT,64'hFFFFFF80FF00FF00
u_dut/t_r[2208]_i_1,LUT6,SLICE_X16Y227,SLICEM.D6LUT,64'hFFFEAAAAEEEEAAAA
u_dut/t_r[2208]_i_2,LUT3,SLICE_X21Y227,SLICEL.D5LUT,8'hC8
u_dut/t_r[2208]_i_3,LUT3,SLICE_X17Y225,SLICEL.B5LUT,8'h80
u_dut/t_r[220]_i_1,LUT5,SLICE_X27Y243,SLICEL.A6LUT,32'hC8000000
u_dut/t_r[2211]_i_1,LUT6,SLICE_X15Y223,SLICEL.A6LUT,64'hFFFFAAAAEAAAAAAA
u_dut/t_r[2212]_i_1,LUT6,SLICE_X18Y225,SLICEM.D6LUT,64'hFFF0F8F0F0F0F0F0
u_dut/t_r[2212]_i_2,LUT3,SLICE_X24Y226,SLICEL.B5LUT,8'hF8
u_dut/t_r[2212]_i_3,LUT2,SLICE_X18Y222,SLICEM.D6LUT,4'h8
u_dut/t_r[2213]_i_1,LUT5,SLICE_X19Y230,SLICEL.D6LUT,32'hF0F0F080
u_dut/t_r[2214]_i_1,LUT6,SLICE_X19Y226,SLICEL.C6LUT,64'hFFFEEEEE00000000
u_dut/t_r[2214]_i_2,LUT4,SLICE_X18Y224,SLICEM.C6LUT,16'hFFA8
u_dut/t_r[2217]_i_1,LUT6,SLICE_X23Y222,SLICEL.D6LUT,64'hFEAAAAAAAAAAAAAA
u_dut/t_r[2218]_i_1,LUT6,SLICE_X20Y228,SLICEM.D6LUT,64'hFFFFFFFFF8000000
u_dut/t_r[2219]_i_1,LUT3,SLICE_X19Y230,SLICEL.D5LUT,8'hE0
u_dut/t_r[221]_i_1,LUT6,SLICE_X28Y240,SLICEL.B6LUT,64'hFEAAAAAAAAAAAAAA
u_dut/t_r[2220]_i_1,LUT6,SLICE_X15Y222,SLICEL.C6LUT,64'hFA00FA00FA00EA00
u_dut/t_r[2220]_i_2,LUT3,SLICE_X18Y222,SLICEM.B5LUT,8'hFE
u_dut/t_r[2220]_i_3,LUT2,SLICE_X15Y224,SLICEL.A6LUT,4'h8
u_dut/t_r[2226]_i_1,LUT6,SLICE_X18Y227,SLICEM.D6LUT,64'hFFEAAAAA00000000
u_dut/t_r[2226]_i_2,LUT3,SLICE_X26Y226,SLICEL.C5LUT,8'hF8
u_dut/t_r[2228]_i_1,LUT6,SLICE_X15Y223,SLICEL.B6LUT,64'hFFFFFFFFCCC8C8C8
u_dut/t_r[2228]_i_2,LUT3,SLICE_X18Y222,SLICEM.D5LUT,8'h80
u_dut/t_r[2228]_i_3,LUT2,SLICE_X15Y224,SLICEL.B6LUT,4'h8
u_dut/t_r[2228]_i_4,LUT2,SLICE_X15Y223,SLICEL.C6LUT,4'h8
u_dut/t_r[2228]_i_5,LUT2,SLICE_X15Y227,SLICEL.D5LUT,4'h8
u_dut/t_r[222]_i_1,LUT5,SLICE_X27Y243,SLICEL.A5LUT,32'h80000000
u_dut/t_r[2233]_i_1,LUT6,SLICE_X15Y223,SLICEL.D6LUT,64'hFFAA0000EAAA0000
u_dut/t_r[2233]_i_2,LUT2,SLICE_X15Y223,SLICEL.C5LUT,4'h8
u_dut/t_r[2233]_i_3,LUT3,SLICE_X18Y224,SLICEM.C5LUT,8'hE0
u_dut/t_r[2235]_i_1,LUT6,SLICE_X16Y222,SLICEM.D6LUT,64'hFE00AA00AA00AA00
u_dut/t_r[2235]_i_2,LUT4,SLICE_X19Y222,SLICEL.A5LUT,16'hFFF8
u_dut/t_r[2235]_i_3,LUT2,SLICE_X29Y222,SLICEL.A5LUT,4'h8
u_dut/t_r[2236]_i_1,LUT4,SLICE_X19Y228,SLICEL.C6LUT,16'hF080
u_dut/t_r[2236]_i_2,LUT6,SLICE_X19Y226,SLICEL.D6LUT,64'hFFFFF80000000000
u_dut/t_r[2238]_i_1,LUT6,SLICE_X18Y223,SLICEM.C6LUT,64'hFFFF000088800000
u_dut/t_r[2238]_i_2,LUT4,SLICE_X17Y225,SLICEL.A5LUT,16'h8000
u_dut/t_r[223]_i_1,LUT4,SLICE_X31Y241,SLICEL.C5LUT,16'hF080
u_dut/t_r[223]_i_2,LUT5,SLICE_X31Y241,SLICEL.A5LUT,32'h80000000
u_dut/t_r[2241]_i_1,LUT4,SLICE_X19Y228,SLICEL.C5LUT,16'hC800
u_dut/t_r[2241]_i_2,LUT6,SLICE_X19Y228,SLICEL.D6LUT,64'hFFFFFFFFFFFFAAA8
u_dut/t_r[224]_i_1,LUT6,SLICE_X25Y243,SLICEL.A6LUT,64'hFE00000000000000
u_dut/t_r[2251]_i_1,LUT6,SLICE_X19Y227,SLICEL.D6LUT,64'hFFFE000000000000
u_dut/t_r[2251]_i_2,LUT2,SLICE_X15Y224,SLICEL.A5LUT,4'hE
u_dut/t_r[2252]_i_1,LUT6,SLICE_X15Y222,SLICEL.D6LUT,64'hFF80000000000000
u_dut/t_r[2252]_i_2,LUT4,SLICE_X15Y218,SLICEL.A5LUT,16'hFFF8
u_dut/t_r[2252]_i_3,LUT2,SLICE_X15Y224,SLICEL.B5LUT,4'h8
u_dut/t_r[225]_i_1,LUT6,SLICE_X29Y242,SLICEL.A6LUT,64'hFFEEFEEE00000000
u_dut/t_r[2264]_i_1,LUT5,SLICE_X32Y212,SLICEL.A6LUT,32'hFEEEEEEE
u_dut/t_r[2264]_i_2,LUT6,SLICE_X32Y212,SLICEL.B6LUT,64'hFFFF000080000000
u_dut/t_r[2266]_i_1,LUT6,SLICE_X34Y224,SLICEL.B6LUT,64'hFEEEEEEEEEEEEEEE
u_dut/t_r[2266]_i_2,LUT2,SLICE_X34Y224,SLICEL.C6LUT,4'h8
u_dut/t_r[2269]_i_1,LUT3,SLICE_X36Y226,SLICEL.A6LUT,8'hE0
u_dut/t_r[2275]_i_1,LUT3,SLICE_X36Y226,SLICEL.A5LUT,8'h80
u_dut/t_r[2276]_i_1,LUT6,SLICE_X36Y226,SLICEL.C6LUT,64'h8080800080008000
u_dut/t_r[2277]_i_1,LUT4,SLICE_X36Y226,SLICEL.D6LUT,16'hFFA8
u_dut/t_r[2277]_i_2,LUT6,SLICE_X36Y226,SLICEL.B6LUT,64'hAA80000000000000
u_dut/t_r[2279]_i_1,LUT6,SLICE_X35Y220,SLICEL.C6LUT,64'hFFFFFFE0FF00FF00
u_dut/t_r[227]_i_1,LUT6,SLICE_X30Y242,SLICEL.D6LUT,64'hFFF88888F8F88888
u_dut/t_r[227]_i_2,LUT4,SLICE_X25Y242,SLICEL.A6LUT,16'hFF80
u_dut/t_r[227]_i_3,LUT3,SLICE_X30Y242,SLICEL.A5LUT,8'h80
u_dut/t_r[2288]_i_1,LUT6,SLICE_X35Y226,SLICEL.A6LUT,64'hFFFFFFFFFFFFE000
u_dut/t_r[228]_i_1,LUT6,SLICE_X29Y242,SLICEL.B6LUT,64'hEEEAAAAA00000000
u_dut/t_r[2290]_i_1,LUT6,SLICE_X33Y221,SLICEL.B6LUT,64'hFFFFFF80FF00FF00
u_dut/t_r[2292]_i_1,LUT6,SLICE_X31Y225,SLICEL.C6LUT,64'h8888888888888880
u_dut/t_r[2293]_i_1,LUT5,SLICE_X31Y225,SLICEL.A6LUT,32'hFE000000
u_dut/t_r[2295]_i_1,LUT6,SLICE_X33Y226,SLICEL.B6LUT,64'hFAFAFAFAFAAAEAAA
u_dut/t_r[2295]_i_2,LUT2,SLICE_X37Y224,SLICEL.B6LUT,4'h8
u_dut/t_r[2297]_i_1,LUT6,SLICE_X38Y226,SLICEM.A6LUT,64'hEAEAEAAA00000000
u_dut/t_r[2298]_i_1,LUT6,SLICE_X38Y226,SLICEM.B6LUT,64'hEAAAAAAA00000000
u_dut/t_r[2299]_i_1,LUT6,SLICE_X38Y226,SLICEM.C6LUT,64'h8800880088008000
u_dut/t_r[229]_i_1,LUT6,SLICE_X23Y243,SLICEL.A6LUT,64'hC800000000000000
u_dut/t_r[2300]_i_1,LUT5,SLICE_X31Y225,SLICEL.A5LUT,32'hC8000000
u_dut/t_r[2301]_i_1,LUT6,SLICE_X38Y226,SLICEM.D6LUT,64'hC888888800000000
u_dut/t_r[2304]_i_1,LUT6,SLICE_X31Y225,SLICEL.B6LUT,64'h8080000080000000
u_dut/t_r[2305]_i_1,LUT4,SLICE_X36Y226,SLICEL.D5LUT,16'hFF80
u_dut/t_r[2305]_i_2,LUT6,SLICE_X38Y225,SLICEM.A6LUT,64'h8000000000000000
u_dut/t_r[2308]_i_1,LUT5,SLICE_X36Y222,SLICEL.A6LUT,32'hFEEE0000
u_dut/t_r[2309]_i_1,LUT6,SLICE_X35Y226,SLICEL.B6LUT,64'hFAFAFAFAFAAAEAAA
u_dut/t_r[2309]_i_2,LUT2,SLICE_X33Y226,SLICEL.C6LUT,4'hE
u_dut/t_r[230]_i_1,LUT6,SLICE_X28Y243,SLICEL.A6LUT,64'hC800000000000000
u_dut/t_r[2310]_i_1,LUT5,SLICE_X34Y224,SLICEL.D6LUT,32'hFEAAEEAA
u_dut/t_r[2313]_i_1,LUT6,SLICE_X35Y224,SLICEL.A6LUT,64'hF0F0F0E000000000
u_dut/t_r[2314]_i_1,LUT6,SLICE_X35Y226,SLICEL.C6LUT,64'hFAEAEAEAEAEAEAEA
u_dut/t_r[2314]_i_2,LUT3,SLICE_X35Y226,SLICEL.D6LUT,8'hC8
u_dut/t_r[2314]_i_3,LUT3,SLICE_X34Y224,SLICEL.C5LUT,8'h80
u_dut/t_r[2315]_i_1,LUT6,SLICE_X33Y225,SLICEL.A6LUT,64'hC8C8C88800000000
u_dut/t_r[2317]_i_1,LUT6,SLICE_X33Y225,SLICEL.B6LUT,64'hA800000000000000
u_dut/t_r[2318]_i_1,LUT6,SLICE_X33Y225,SLICEL.C6LUT,64'h8800880088008000
u_dut/t_r[2319]_i_1,LUT6,SLICE_X33Y225,SLICEL.D6LUT,64'hE000000000000000
u_dut/t_r[231]_i_1,LUT6,SLICE_X29Y242,SLICEL.C6LUT,64'hC888888800000000
u_dut/t_r[2320]_i_1,LUT6,SLICE_X35Y221,SLICEL.A6LUT,64'hFFFFFFFE00000000
u_dut/t_r[2322]_i_1,LUT6,SLICE_X34Y221,SLICEL.A6LUT,64'hFAFAEAEAFAEAEAEA
u_dut/t_r[2322]_i_2,LUT2,SLICE_X34Y222,SLICEL.A6LUT,4'hE
u_dut/t_r[2323]_i_1,LUT6,SLICE_X31Y219,SLICEL.A6LUT,64'hFEEEEEEE00000000
u_dut/t_r[2327]_i_1,LUT6,SLICE_X35Y218,SLICEL.A6LUT,64'hEAAAAAAA00000000
u_dut/t_r[2328]_i_1,LUT6,SLICE_X32Y221,SLICEL.A6LUT,64'hF0F0F0E000000000
u_dut/t_r[2329]_i_1,LUT4,SLICE_X31Y219,SLICEL.B6LUT,16'hC800
u_dut/t_r[232]_i_1,LUT6,SLICE_X28Y243,SLICEL.B6LUT,64'hA800000000000000
u_dut/t_r[2332]_i_1,LUT5,SLICE_X32Y221,SLICEL.B6LUT,32'h80808000
u_dut/t_r[2333]_i_1,LUT4,SLICE_X31Y219,SLICEL.C6LUT,16'hF0E0
u_dut/t_r[2333]_i_2,LUT4,SLICE_X32Y221,SLICEL.B5LUT,16'h8000
u_dut/t_r[2336]_i_1,LUT6,SLICE_X31Y226,SLICEL.D6LUT,64'h8888888888888880
u_dut/t_r[2338]_i_1,LUT6,SLICE_X30Y216,SLICEL.A6LUT,64'hFEEE000000000000
u_dut/t_r[2339]_i_1,LUT4,SLICE_X31Y226,SLICEL.A6LUT,16'h8880
u_dut/t_r[233]_i_1,LUT6,SLICE_X28Y243,SLICEL.C6LUT,64'h8000000000000000
u_dut/t_r[2340]_i_1,LUT6,SLICE_X31Y226,SLICEL.B6LUT,64'hFEAA000000000000
u_dut/t_r[2341]_i_1,LUT5,SLICE_X31Y226,SLICEL.A5LUT,32'hEA000000
u_dut/t_r[2343]_i_1,LUT3,SLICE_X30Y216,SLICEL.C6LUT,8'h80
u_dut/t_r[2344]_i_1,LUT6,SLICE_X30Y216,SLICEL.B6LUT,64'h8800880088008000
u_dut/t_r[2348]_i_1,LUT3,SLICE_X31Y219,SLICEL.D6LUT,8'hC8
u_dut/t_r[2348]_i_2,LUT6,SLICE_X31Y226,SLICEL.C6LUT,64'h8080808080808000
u_dut/t_r[234]_i_1,LUT2,SLICE_X31Y241,SLICEL.D6LUT,4'h8
u_dut/t_r[234]_i_2,LUT6,SLICE_X29Y242,SLICEL.D6LUT,64'h8000000000000000
u_dut/t_r[2352]_i_1,LUT5,SLICE_X35Y223,SLICEL.A6LUT,32'hFE000000
u_dut/t_r[2353]_i_1,LUT6,SLICE_X36Y224,SLICEL.B6LUT,64'h8888888888888880
u_dut/t_r[2354]_i_1,LUT5,SLICE_X35Y223,SLICEL.B6LUT,32'hFE000000
u_dut/t_r[235]_i_1,LUT5,SLICE_X22Y241,SLICEM.A6LUT,32'hFE000000
u_dut/t_r[235]_i_2,LUT4,SLICE_X20Y241,SLICEM.A6LUT,16'hFFF8
u_dut/t_r[2365]_i_1,LUT6,SLICE_X35Y223,SLICEL.C6LUT,64'hC888000000000000
u_dut/t_r[2366]_i_1,LUT4,SLICE_X35Y223,SLICEL.B5LUT,16'h8000
u_dut/t_r[2368]_i_1,LUT4,SLICE_X37Y224,SLICEL.B5LUT,16'hF080
u_dut/t_r[2368]_i_2,LUT6,SLICE_X36Y224,SLICEL.A6LUT,64'h8080800080008000
u_dut/t_r[2372]_i_1,LUT6,SLICE_X33Y224,SLICEL.A6LUT,64'hFF88F888F888F888
u_dut/t_r[2372]_i_2,LUT4,SLICE_X35Y226,SLICEL.D5LUT,16'hFFFE
u_dut/t_r[2375]_i_1,LUT5,SLICE_X34Y225,SLICEL.A6LUT,32'hFEEE0000
u_dut/t_r[2376]_i_1,LUT6,SLICE_X34Y221,SLICEL.B6LUT,64'hFFAAFEAAFEAAFEAA
u_dut/t_r[237]_i_1,LUT6,SLICE_X31Y240,SLICEL.C6LUT,64'hFEEE000000000000
u_dut/t_r[2380]_i_1,LUT6,SLICE_X34Y223,SLICEL.D6LUT,64'hEAEAEAAA00000000
u_dut/t_r[2382]_i_1,LUT6,SLICE_X34Y225,SLICEL.B6LUT,64'hF0F0F0E000000000
u_dut/t_r[2383]_i_1,LUT5,SLICE_X34Y225,SLICEL.A5LUT,32'hCCC80000
u_dut/t_r[2385]_i_1,LUT6,SLICE_X33Y221,SLICEL.C6LUT,64'hFFF8888888888888
u_dut/t_r[2385]_i_2,LUT3,SLICE_X34Y221,SLICEL.C6LUT,8'hC8
u_dut/t_r[2385]_i_3,LUT3,SLICE_X34Y225,SLICEL.C6LUT,8'h80
u_dut/t_r[2386]_i_1,LUT6,SLICE_X34Y223,SLICEL.A6LUT,64'hC888888800000000
u_dut/t_r[2387]_i_1,LUT5,SLICE_X34Y225,SLICEL.C5LUT,32'h80000000
u_dut/t_r[2389]_i_1,LUT6,SLICE_X34Y225,SLICEL.D6LUT,64'h8888888080808080
u_dut/t_r[238]_i_1,LUT4,SLICE_X22Y241,SLICEM.A5LUT,16'hE000
u_dut/t_r[2391]_i_1,LUT6,SLICE_X34Y223,SLICEL.B6LUT,64'hAA80000000000000
u_dut/t_r[2392]_i_1,LUT2,SLICE_X35Y224,SLICEL.B6LUT,4'h8
u_dut/t_r[2392]_i_2,LUT6,SLICE_X34Y223,SLICEL.C6LUT,64'h8000000000000000
u_dut/t_r[2395]_i_1,LUT6,SLICE_X34Y222,SLICEL.B6LUT,64'hFF00FE00FE00FE00
u_dut/t_r[2395]_i_2,LUT3,SLICE_X34Y222,SLICEL.A5LUT,8'hFE
u_dut/t_r[239]_i_1,LUT6,SLICE_X22Y241,SLICEM.B6LUT,64'hFEAA000000000000
u_dut/t_r[23]_i_1,LUT6,SLICE_X27Y238,SLICEL.D6LUT,64'h8888808088888000
u_dut/t_r[2404]_i_1,LUT6,SLICE_X34Y222,SLICEL.C6LUT,64'hFF00FF00FF00F800
u_dut/t_r[2404]_i_2,LUT2,SLICE_X35Y223,SLICEL.A5LUT,4'hE
u_dut/t_r[2404]_i_3,LUT4,SLICE_X36Y222,SLICEL.A5LUT,16'hF0E0
u_dut/t_r[2408]_i_1,LUT6,SLICE_X35Y219,SLICEL.D6LUT,64'hFF00FE00EE00EE00
u_dut/t_r[2408]_i_2,LUT2,SLICE_X34Y221,SLICEL.C5LUT,4'h8
u_dut/t_r[2411]_i_1,LUT6,SLICE_X34Y221,SLICEL.D6LUT,64'hFF00FF00FF008000
u_dut/t_r[2411]_i_2,LUT4,SLICE_X35Y223,SLICEL.D6LUT,16'hFFA8
u_dut/t_r[2413]_i_1,LUT6,SLICE_X34Y222,SLICEL.D6LUT,64'hFF00FF00FF008000
u_dut/t_r[2413]_i_2,LUT3,SLICE_X35Y223,SLICEL.D5LUT,8'hF8
u_dut/t_r[2413]_i_3,LUT2,SLICE_X34Y224,SLICEL.D5LUT,4'h8
u_dut/t_r[2415]_i_1,LUT6,SLICE_X35Y225,SLICEL.D6LUT,64'hFE00000000000000
u_dut/t_r[2416]_i_1,LUT6,SLICE_X35Y225,SLICEL.A6LUT,64'h8888888888888880
u_dut/t_r[2419]_i_1,LUT6,SLICE_X34Y219,SLICEL.A6LUT,64'hEAAA000000000000
u_dut/t_r[241]_i_1,LUT6,SLICE_X31Y240,SLICEL.A6LUT,64'hEEEAAAAA00000000
u_dut/t_r[241]_i_2,LUT2,SLICE_X31Y242,SLICEL.B6LUT,4'h8
u_dut/t_r[2428]_i_1,LUT6,SLICE_X34Y219,SLICEL.B6LUT,64'hC8C8C88800000000
u_dut/t_r[2428]_i_2,LUT3,SLICE_X32Y212,SLICEL.A5LUT,8'h80
u_dut/t_r[2429]_i_1,LUT6,SLICE_X34Y219,SLICEL.C6LUT,64'hC888000000000000
u_dut/t_r[242]_i_1,LUT6,SLICE_X30Y240,SLICEL.D6LUT,64'hFF00FC00FE00FC00
u_dut/t_r[242]_i_2,LUT4,SLICE_X30Y241,SLICEL.C5LUT,16'hFFFE
u_dut/t_r[2431]_i_1,LUT6,SLICE_X35Y225,SLICEL.B6LUT,64'h8080800080008000
u_dut/t_r[2432]_i_1,LUT3,SLICE_X31Y219,SLICEL.D5LUT,8'h80
u_dut/t_r[2432]_i_2,LUT6,SLICE_X35Y225,SLICEL.C6LUT,64'h8080000080000000
u_dut/t_r[2435]_i_1,LUT6,SLICE_X34Y226,SLICEL.D6LUT,64'h8888888888888880
u_dut/t_r[2436]_i_1,LUT6,SLICE_X34Y226,SLICEL.A6LUT,64'hFE00000000000000
u_dut/t_r[2440]_i_1,LUT6,SLICE_X31Y218,SLICEL.C6LUT,64'hFAEAEAEAEAEAEAEA
u_dut/t_r[2440]_i_2,LUT3,SLICE_X31Y219,SLICEL.B5LUT,8'hF8
u_dut/t_r[2440]_i_3,LUT2,SLICE_X35Y218,SLICEL.B6LUT,4'h8
u_dut/t_r[2442]_i_1,LUT6,SLICE_X34Y226,SLICEL.B6LUT,64'hEAAAAAAA00000000
u_dut/t_r[2444]_i_1,LUT4,SLICE_X31Y219,SLICEL.C5LUT,16'h8000
u_dut/t_r[2444]_i_2,LUT6,SLICE_X34Y226,SLICEL.C6LUT,64'hC800000000000000
u_dut/t_r[244]_i_1,LUT6,SLICE_X21Y241,SLICEL.D6LUT,64'hFF00FC00FE00FC00
u_dut/t_r[245]_i_1,LUT6,SLICE_X25Y240,SLICEL.C6LUT,64'hFF00FC00FE00FC00
u_dut/t_r[247]_i_1,LUT6,SLICE_X22Y241,SLICEM.C6LUT,64'h8080808080808000
u_dut/t_r[2485]_i_1,LUT6,SLICE_X16Y214,SLICEM.A6LUT,64'hFFFEAAAAEEEEAAAA
u_dut/t_r[248]_i_1,LUT6,SLICE_X31Y240,SLICEL.B6LUT,64'h8888888080808080
u_dut/t_r[2491]_i_1,LUT6,SLICE_X16Y214,SLICEM.B6LUT,64'hFFFFFFFFE0000000
u_dut/t_r[2491]_i_2,LUT5,SLICE_X16Y213,SLICEM.A6LUT,32'hFFFFFFA8
u_dut/t_r[2496]_i_1,LUT6,SLICE_X13Y213,SLICEL.C6LUT,64'hEA00AA00AA00AA00
u_dut/t_r[2496]_i_2,LUT3,SLICE_X12Y213,SLICEM.A6LUT,8'hF8
u_dut/t_r[249]_i_1,LUT5,SLICE_X31Y240,SLICEL.D6LUT,32'h80000000
u_dut/t_r[24]_i_1,LUT6,SLICE_X27Y238,SLICEL.A6LUT,64'h8880808080808080
u_dut/t_r[24]_i_2,LUT2,SLICE_X27Y238,SLICEL.B6LUT,4'h8
u_dut/t_r[2504]_i_1,LUT6,SLICE_X13Y213,SLICEL.A6LUT,64'h8888888888808080
u_dut/t_r[2506]_i_1,LUT6,SLICE_X13Y213,SLICEL.B6LUT,64'h8888888080808080
u_dut/t_r[2512]_i_1,LUT6,SLICE_X12Y213,SLICEM.B6LUT,64'h8080800080008000
u_dut/t_r[2513]_i_1,LUT2,SLICE_X12Y213,SLICEM.C6LUT,4'hE
u_dut/t_r[2513]_i_2,LUT4,SLICE_X12Y213,SLICEM.A5LUT,16'h8000
u_dut/t_r[2517]_i_1,LUT6,SLICE_X14Y214,SLICEM.A6LUT,64'hFAFAFAFAFAFAFAEA
u_dut/t_r[2518]_i_1,LUT6,SLICE_X13Y214,SLICEL.A6LUT,64'hFFAAFEAAFEAAFEAA
u_dut/t_r[2518]_i_2,LUT5,SLICE_X14Y214,SLICEM.B6LUT,32'hFFFEF0F0
u_dut/t_r[251]_i_1,LUT4,SLICE_X31Y241,SLICEL.D5LUT,16'hE000
u_dut/t_r[251]_i_2,LUT6,SLICE_X22Y241,SLICEM.D6LUT,64'h8000000000000000
u_dut/t_r[2521]_i_1,LUT5,SLICE_X14Y215,SLICEM.A6LUT,32'hFFCCFECC
u_dut/t_r[252]_i_1,LUT6,SLICE_X29Y240,SLICEL.D6LUT,64'hFFFE000000000000
u_dut/t_r[2537]_i_1,LUT6,SLICE_X16Y213,SLICEM.B6LUT,64'hFAAAEAAAEAAAEAAA
u_dut/t_r[2537]_i_2,LUT3,SLICE_X16Y213,SLICEM.A5LUT,8'hF8
u_dut/t_r[253]_i_1,LUT5,SLICE_X29Y240,SLICEL.A6LUT,32'h80808000
u_dut/t_r[2542]_i_1,LUT6,SLICE_X16Y213,SLICEM.C6LUT,64'hFFFFFF80FF00FF00
u_dut/t_r[2548]_i_1,LUT5,SLICE_X14Y215,SLICEM.B6LUT,32'hFAAAEAAA
u_dut/t_r[2549]_i_1,LUT6,SLICE_X14Y214,SLICEM.C6LUT,64'hFFFFFFFFF8000000
u_dut/t_r[254]_i_1,LUT6,SLICE_X29Y243,SLICEL.A6LUT,64'hEAAA000000000000
u_dut/t_r[2550]_i_1,LUT6,SLICE_X14Y214,SLICEM.D6LUT,64'hFFFFFFFFE0000000
u_dut/t_r[2550]_i_2,LUT5,SLICE_X14Y214,SLICEM.B5LUT,32'hFFFF8880
u_dut/t_r[2552]_i_1,LUT6,SLICE_X15Y213,SLICEL.A6LUT,64'hFFFEFCFCCCCCCCCC
u_dut/t_r[2553]_i_1,LUT6,SLICE_X15Y213,SLICEL.B6LUT,64'hFFFEFCFCCCCCCCCC
u_dut/t_r[2553]_i_2,LUT2,SLICE_X15Y214,SLICEL.A6LUT,4'h8
u_dut/t_r[255]_i_1,LUT6,SLICE_X29Y240,SLICEL.B6LUT,64'hC800000000000000
u_dut/t_r[2562]_i_1,LUT5,SLICE_X14Y215,SLICEM.A5LUT,32'hFFFF8000
u_dut/t_r[256]_i_1,LUT5,SLICE_X29Y240,SLICEL.A5LUT,32'h80000000
u_dut/t_r[2570]_i_1,LUT6,SLICE_X15Y214,SLICEL.B6LUT,64'hFFFFFFFFC8000000
u_dut/t_r[2570]_i_2,LUT2,SLICE_X16Y214,SLICEM.D6LUT,4'hE
u_dut/t_r[2570]_i_3,LUT3,SLICE_X15Y214,SLICEL.A5LUT,8'h80
u_dut/t_r[2574]_i_1,LUT6,SLICE_X15Y214,SLICEL.C6LUT,64'hFFFFFFFFAAAAA888
u_dut/t_r[257]_i_1,LUT6,SLICE_X29Y243,SLICEL.B6LUT,64'hFFE0000000000000
u_dut/t_r[257]_i_2,LUT6,SLICE_X29Y240,SLICEL.C6LUT,64'h8000000000000000
u_dut/t_r[2580]_i_1,LUT5,SLICE_X15Y213,SLICEL.C6LUT,32'hFEAAAAAA
u_dut/t_r[2581]_i_1,LUT6,SLICE_X13Y214,SLICEL.B6LUT,64'hFFFFFFFFF8000000
u_dut/t_r[2582]_i_1,LUT6,SLICE_X15Y214,SLICEL.D6LUT,64'hFFFFFFFFFFFE0000
u_dut/t_r[2582]_i_2,LUT4,SLICE_X13Y214,SLICEL.C6LUT,16'hF0E0
u_dut/t_r[2589]_i_1,LUT5,SLICE_X14Y215,SLICEM.B5LUT,32'hF0F0F080
u_dut/t_r[2589]_i_2,LUT6,SLICE_X13Y214,SLICEL.D6LUT,64'hFFFFFFFEF0F0F0F0
u_dut/t_r[258]_i_1,LUT6,SLICE_X30Y239,SLICEL.C6LUT,64'hFFFFFFE0FF00FF00
u_dut/t_r[258]_i_2,LUT3,SLICE_X26Y237,SLICEL.D6LUT,8'h80
u_dut/t_r[2596]_i_1,LUT6,SLICE_X14Y213,SLICEM.A6LUT,64'hFFFFFFFFF8000000
u_dut/t_r[2596]_i_2,LUT2,SLICE_X14Y213,SLICEM.B6LUT,4'hE
u_dut/t_r[2596]_i_3,LUT2,SLICE_X14Y213,SLICEM.C6LUT,4'h8
u_dut/t_r[2596]_i_4,LUT3,SLICE_X14Y213,SLICEM.C5LUT,8'hE0
u_dut/t_r[2598]_i_1,LUT6,SLICE_X14Y215,SLICEM.C6LUT,64'hFF00FF00FF008000
u_dut/t_r[2598]_i_2,LUT2,SLICE_X16Y214,SLICEM.D5LUT,4'h8
u_dut/t_r[259]_i_1,LUT6,SLICE_X21Y244,SLICEL.D6LUT,64'hFEAA000000000000
u_dut/t_r[25]_i_1,LUT6,SLICE_X30Y225,SLICEL.A6LUT,64'hAAAAAAA800000000
u_dut/t_r[2603]_i_1,LUT5,SLICE_X14Y211,SLICEM.A6LUT,32'hF0E0C0C0
u_dut/t_r[2603]_i_2,LUT4,SLICE_X14Y211,SLICEM.B6LUT,16'hFFA8
u_dut/t_r[260]_i_1,LUT6,SLICE_X28Y240,SLICEL.C6LUT,64'hF0F0F000F080F000
u_dut/t_r[260]_i_2,LUT3,SLICE_X28Y240,SLICEL.D6LUT,8'hF8
u_dut/t_r[2611]_i_1,LUT6,SLICE_X14Y213,SLICEM.D6LUT,64'hFFFFFFFF80808000
u_dut/t_r[2612]_i_1,LUT6,SLICE_X14Y215,SLICEM.D6LUT,64'hFFFFFFFF80000000
u_dut/t_r[2612]_i_2,LUT3,SLICE_X15Y213,SLICEL.C5LUT,8'h80
u_dut/t_r[2612]_i_3,LUT2,SLICE_X14Y213,SLICEM.B5LUT,4'h8
u_dut/t_r[2612]_i_4,LUT4,SLICE_X14Y211,SLICEM.A5LUT,16'hF080
u_dut/t_r[2628]_i_1,LUT5,SLICE_X13Y214,SLICEL.C5LUT,32'hFE000000
u_dut/t_r[2628]_i_2,LUT6,SLICE_X14Y212,SLICEM.C6LUT,64'hFFFFFFF8F0F0F0F0
u_dut/t_r[262]_i_1,LUT6,SLICE_X25Y240,SLICEL.D6LUT,64'hF0F0F000F080F000
u_dut/t_r[262]_i_2,LUT4,SLICE_X30Y240,SLICEL.C5LUT,16'hF080
u_dut/t_r[2637]_i_1,LUT6,SLICE_X14Y211,SLICEM.C6LUT,64'hFF00E00000000000
u_dut/t_r[2637]_i_2,LUT2,SLICE_X14Y211,SLICEM.B5LUT,4'hE
u_dut/t_r[263]_i_1,LUT6,SLICE_X24Y242,SLICEL.B6LUT,64'hF0F0F000F080F000
u_dut/t_r[263]_i_2,LUT4,SLICE_X24Y242,SLICEL.A5LUT,16'h8880
u_dut/t_r[2655]_i_1,LUT4,SLICE_X5Y228,SLICEL.A6LUT,16'hFFF8
u_dut/t_r[2656]_i_1,LUT2,SLICE_X6Y224,SLICEM.A6LUT,4'hE
u_dut/t_r[2657]_i_1,LUT4,SLICE_X2Y230,SLICEM.A6LUT,16'hFFA8
u_dut/t_r[2658]_i_1,LUT3,SLICE_X5Y228,SLICEL.B6LUT,8'hF8
u_dut/t_r[2659]_i_1,LUT4,SLICE_X5Y228,SLICEL.A5LUT,16'hFF80
u_dut/t_r[265]_i_1,LUT6,SLICE_X27Y237,SLICEL.D6LUT,64'h8888888888888880
u_dut/t_r[2661]_i_1,LUT4,SLICE_X9Y231,SLICEL.A6LUT,16'hF0E0
u_dut/t_r[2662]_i_1,LUT5,SLICE_X12Y229,SLICEM.A6LUT,32'hFFFEFCFC
u_dut/t_r[2663]_i_1,LUT6,SLICE_X6Y225,SLICEM.D6LUT,64'hFFFFFFF8FFF0FFF0
u_dut/t_r[2664]_i_1,LUT4,SLICE_X12Y229,SLICEM.B6LUT,16'hFFF8
u_dut/t_r[2665]_i_1,LUT4,SLICE_X2Y230,SLICEM.A5LUT,16'h8880
u_dut/t_r[2666]_i_1,LUT3,SLICE_X2Y230,SLICEM.B6LUT,8'h80
u_dut/t_r[2667]_i_1,LUT6,SLICE_X5Y231,SLICEL.D6LUT,64'hFFFFFFFFFFFFFFFE
u_dut/t_r[2667]_i_2,LUT4,SLICE_X2Y230,SLICEM.B5LUT,16'h8000
u_dut/t_r[2668]_i_1,LUT2,SLICE_X6Y230,SLICEM.C6LUT,4'hE
u_dut/t_r[2669]_i_1,LUT5,SLICE_X13Y224,SLICEL.A6LUT,32'hFFFE0000
u_dut/t_r[266]_i_1,LUT6,SLICE_X26Y242,SLICEL.A6LUT,64'h8888888088808880
u_dut/t_r[2670]_i_1,LUT4,SLICE_X11Y233,SLICEL.A6LUT,16'hFE00
u_dut/t_r[2671]_i_1,LUT5,SLICE_X13Y224,SLICEL.A5LUT,32'hFEEE0000
u_dut/t_r[2672]_i_1,LUT3,SLICE_X13Y224,SLICEL.B6LUT,8'hE0
u_dut/t_r[2674]_i_1,LUT5,SLICE_X12Y229,SLICEM.C6LUT,32'hFFFFAA80
u_dut/t_r[2675]_i_1,LUT5,SLICE_X13Y224,SLICEL.C6LUT,32'hEAAA0000
u_dut/t_r[2676]_i_1,LUT2,SLICE_X13Y224,SLICEL.D6LUT,4'h8
u_dut/t_r[2677]_i_1,LUT5,SLICE_X11Y233,SLICEL.B6LUT,32'hCCC80000
u_dut/t_r[2678]_i_1,LUT4,SLICE_X11Y233,SLICEL.A5LUT,16'hC800
u_dut/t_r[2679]_i_1,LUT3,SLICE_X13Y224,SLICEL.B5LUT,8'h80
u_dut/t_r[267]_i_1,LUT6,SLICE_X27Y237,SLICEL.A6LUT,64'h8888888080808080
u_dut/t_r[2680]_i_1,LUT5,SLICE_X11Y233,SLICEL.B5LUT,32'hE0000000
u_dut/t_r[2681]_i_1,LUT5,SLICE_X11Y231,SLICEL.D6LUT,32'hFFFFFFFE
u_dut/t_r[2681]_i_2,LUT5,SLICE_X13Y224,SLICEL.C5LUT,32'h80000000
u_dut/t_r[2682]_i_1,LUT6,SLICE_X4Y228,SLICEL.A6LUT,64'hFFFF0000FFFE0000
u_dut/t_r[2683]_i_1,LUT6,SLICE_X6Y225,SLICEM.A6LUT,64'hFFFF0000FFF80000
u_dut/t_r[2684]_i_1,LUT6,SLICE_X12Y229,SLICEM.D6LUT,64'hFFFF0000FFA80000
u_dut/t_r[2685]_i_1,LUT4,SLICE_X10Y230,SLICEM.D6LUT,16'hFAEA
u_dut/t_r[2686]_i_1,LUT5,SLICE_X12Y229,SLICEM.C5LUT,32'hF0C0E0C0
u_dut/t_r[2687]_i_1,LUT4,SLICE_X6Y229,SLICEM.A6LUT,16'hF080
u_dut/t_r[2688]_i_1,LUT6,SLICE_X6Y225,SLICEM.B6LUT,64'hFFFF000080000000
u_dut/t_r[2689]_i_1,LUT5,SLICE_X12Y229,SLICEM.A5LUT,32'hFE000000
u_dut/t_r[268]_i_1,LUT6,SLICE_X27Y237,SLICEL.B6LUT,64'h8880808080808080
u_dut/t_r[2690]_i_1,LUT6,SLICE_X13Y222,SLICEL.A6LUT,64'hFEAA000000000000
u_dut/t_r[2691]_i_1,LUT6,SLICE_X6Y225,SLICEM.C6LUT,64'hCCC8000000000000
u_dut/t_r[2692]_i_1,LUT4,SLICE_X6Y229,SLICEM.D6LUT,16'hFFFE
u_dut/t_r[2692]_i_2,LUT4,SLICE_X12Y229,SLICEM.B5LUT,16'h8000
u_dut/t_r[2694]_i_1,LUT6,SLICE_X5Y224,SLICEL.D6LUT,64'hFFFFFFFEF0F0F0F0
u_dut/t_r[2695]_i_1,LUT6,SLICE_X7Y225,SLICEL.B6LUT,64'hFFAAFEAA00000000
u_dut/t_r[2696]_i_1,LUT6,SLICE_X10Y231,SLICEM.D6LUT,64'hFFFFFFFEFFFCFFFC
u_dut/t_r[2697]_i_1,LUT6,SLICE_X6Y224,SLICEM.B6LUT,64'hFFFEAAAA00000000
u_dut/t_r[2698]_i_1,LUT5,SLICE_X6Y230,SLICEM.C5LUT,32'hFFF8F0F0
u_dut/t_r[2699]_i_1,LUT6,SLICE_X6Y228,SLICEM.C6LUT,64'hFFFFFF80FF00FF00
u_dut/t_r[269]_i_1,LUT6,SLICE_X27Y237,SLICEL.C6LUT,64'h8800880088008000
u_dut/t_r[26]_i_1,LUT6,SLICE_X30Y225,SLICEL.B6LUT,64'hA080A080A0808080
u_dut/t_r[26]_i_2,LUT3,SLICE_X30Y225,SLICEL.C6LUT,8'h80
u_dut/t_r[2700]_i_1,LUT6,SLICE_X7Y225,SLICEL.A6LUT,64'hCCCCCCC800000000
u_dut/t_r[2701]_i_1,LUT6,SLICE_X6Y229,SLICEM.B6LUT,64'hCCC8C8C800000000
u_dut/t_r[2702]_i_1,LUT5,SLICE_X6Y229,SLICEM.A5LUT,32'hC8880000
u_dut/t_r[2703]_i_1,LUT6,SLICE_X6Y224,SLICEM.C6LUT,64'h8080808080808000
u_dut/t_r[2704]_i_1,LUT4,SLICE_X6Y224,SLICEM.A5LUT,16'h8000
u_dut/t_r[2705]_i_1,LUT3,SLICE_X7Y232,SLICEL.D6LUT,8'hFE
u_dut/t_r[2705]_i_2,LUT6,SLICE_X6Y229,SLICEM.C6LUT,64'h8000000000000000
u_dut/t_r[2706]_i_1,LUT6,SLICE_X7Y230,SLICEL.C6LUT,64'hFFFFFAFAFFFEFAFA
u_dut/t_r[2707]_i_1,LUT6,SLICE_X5Y223,SLICEL.D6LUT,64'hFAF8F8F800000000
u_dut/t_r[2708]_i_1,LUT6,SLICE_X5Y223,SLICEL.A6LUT,64'hFFFEAAAA00000000
u_dut/t_r[2709]_i_1,LUT4,SLICE_X8Y220,SLICEM.A6LUT,16'hEA00
u_dut/t_r[270]_i_1,LUT6,SLICE_X26Y242,SLICEL.B6LUT,64'h8800800080008000
u_dut/t_r[2710]_i_1,LUT6,SLICE_X8Y220,SLICEM.B6LUT,64'hCCCCCCC800000000
u_dut/t_r[2711]_i_1,LUT4,SLICE_X8Y220,SLICEM.A5LUT,16'hC800
u_dut/t_r[2712]_i_1,LUT6,SLICE_X5Y223,SLICEL.B6LUT,64'hC888888800000000
u_dut/t_r[2712]_i_2,LUT2,SLICE_X5Y228,SLICEL.B5LUT,4'h8
u_dut/t_r[2713]_i_1,LUT6,SLICE_X8Y220,SLICEM.C6LUT,64'h8880808080808080
u_dut/t_r[2714]_i_1,LUT4,SLICE_X10Y220,SLICEM.C6LUT,16'hFFEA
u_dut/t_r[2714]_i_2,LUT6,SLICE_X8Y220,SLICEM.D6LUT,64'h8000000000000000
u_dut/t_r[2715]_i_1,LUT6,SLICE_X5Y228,SLICEL.C6LUT,64'hFFFCFCFCFEFCFCFC
u_dut/t_r[2716]_i_1,LUT6,SLICE_X8Y232,SLICEM.B6LUT,64'hFFFCFCFCFEFCFCFC
u_dut/t_r[2717]_i_1,LUT6,SLICE_X5Y231,SLICEL.B6LUT,64'hAAA8A8A888888888
u_dut/t_r[2718]_i_1,LUT5,SLICE_X5Y231,SLICEL.C6LUT,32'hEA000000
u_dut/t_r[2719]_i_1,LUT5,SLICE_X4Y231,SLICEL.A6LUT,32'hC8000000
u_dut/t_r[271]_i_1,LUT6,SLICE_X27Y242,SLICEL.A6LUT,64'hE000000000000000
u_dut/t_r[2720]_i_1,LUT6,SLICE_X7Y231,SLICEL.A6LUT,64'hFFFEEEEEEEEEEEEE
u_dut/t_r[2720]_i_2,LUT2,SLICE_X4Y231,SLICEL.A5LUT,4'h8
u_dut/t_r[2721]_i_1,LUT6,SLICE_X4Y232,SLICEL.A6LUT,64'hE000000000000000
u_dut/t_r[2722]_i_1,LUT2,SLICE_X4Y232,SLICEL.B6LUT,4'hE
u_dut/t_r[2722]_i_2,LUT6,SLICE_X5Y231,SLICEL.A6LUT,64'h8000000000000000
u_dut/t_r[2723]_i_1,LUT6,SLICE_X6Y232,SLICEM.C6LUT,64'hFFFFFFEA00000000
u_dut/t_r[2724]_i_1,LUT6,SLICE_X6Y232,SLICEM.A6LUT,64'hFFAAFEAA00000000
u_dut/t_r[2725]_i_1,LUT6,SLICE_X8Y232,SLICEM.C6LUT,64'hFFAAFEAAFEAAFEAA
u_dut/t_r[2726]_i_1,LUT4,SLICE_X7Y234,SLICEL.A6LUT,16'h8880
u_dut/t_r[2727]_i_1,LUT6,SLICE_X7Y234,SLICEL.C6LUT,64'h8800880088008000
u_dut/t_r[2728]_i_1,LUT4,SLICE_X7Y234,SLICEL.A5LUT,16'h8000
u_dut/t_r[2729]_i_1,LUT5,SLICE_X7Y232,SLICEL.D5LUT,32'hFFFFF0E0
u_dut/t_r[2729]_i_2,LUT6,SLICE_X7Y234,SLICEL.B6LUT,64'h8000000000000000
u_dut/t_r[272]_i_1,LUT6,SLICE_X26Y242,SLICEL.D6LUT,64'hFF80000000000000
u_dut/t_r[272]_i_2,LUT6,SLICE_X26Y242,SLICEL.C6LUT,64'h8000000000000000
u_dut/t_r[2730]_i_1,LUT6,SLICE_X6Y233,SLICEM.C6LUT,64'h8888888888888880
u_dut/t_r[2731]_i_1,LUT6,SLICE_X6Y233,SLICEM.A6LUT,64'h8888888088808880
u_dut/t_r[2732]_i_1,LUT4,SLICE_X13Y234,SLICEL.A6LUT,16'h8880
u_dut/t_r[2733]_i_1,LUT6,SLICE_X6Y233,SLICEM.B6LUT,64'h8888888080808080
u_dut/t_r[2734]_i_1,LUT5,SLICE_X13Y234,SLICEL.B6LUT,32'h88808080
u_dut/t_r[2735]_i_1,LUT6,SLICE_X13Y234,SLICEL.C6LUT,64'h8880808080808080
u_dut/t_r[2736]_i_1,LUT3,SLICE_X13Y234,SLICEL.A5LUT,8'h80
u_dut/t_r[2737]_i_1,LUT6,SLICE_X5Y219,SLICEL.A6LUT,64'h8800880088008000
u_dut/t_r[2738]_i_1,LUT6,SLICE_X4Y233,SLICEL.A6LUT,64'hFFFFFF80FF00FF00
u_dut/t_r[2739]_i_1,LUT6,SLICE_X8Y232,SLICEM.D6LUT,64'hFFFFFF80FF00FF00
u_dut/t_r[2739]_i_2,LUT2,SLICE_X7Y232,SLICEL.A6LUT,4'h8
u_dut/t_r[273]_i_1,LUT5,SLICE_X25Y237,SLICEL.A6LUT,32'hAAAAAAA8
u_dut/t_r[2740]_i_1,LUT5,SLICE_X8Y234,SLICEM.A6LUT,32'hC8880000
u_dut/t_r[2741]_i_1,LUT6,SLICE_X5Y219,SLICEL.B6LUT,64'hE000000000000000
u_dut/t_r[2742]_i_1,LUT5,SLICE_X13Y234,SLICEL.B5LUT,32'h80000000
u_dut/t_r[2743]_i_1,LUT6,SLICE_X6Y221,SLICEM.C6LUT,64'hFFFFFFFFFF00F800
u_dut/t_r[2743]_i_2,LUT6,SLICE_X13Y234,SLICEL.D6LUT,64'h8000000000000000
u_dut/t_r[2744]_i_1,LUT3,SLICE_X3Y234,SLICEL.A6LUT,8'h80
u_dut/t_r[2745]_i_1,LUT6,SLICE_X7Y233,SLICEL.A6LUT,64'h8888888888888880
u_dut/t_r[2746]_i_1,LUT6,SLICE_X8Y234,SLICEM.B6LUT,64'h8080808080808000
u_dut/t_r[2747]_i_1,LUT6,SLICE_X8Y234,SLICEM.C6LUT,64'h8888888088808880
u_dut/t_r[2748]_i_1,LUT5,SLICE_X8Y234,SLICEM.A5LUT,32'h80808000
u_dut/t_r[2749]_i_1,LUT6,SLICE_X5Y234,SLICEL.B6LUT,64'h8888888080808080
u_dut/t_r[2750]_i_1,LUT6,SLICE_X8Y234,SLICEM.D6LUT,64'h8080800080008000
u_dut/t_r[2751]_i_1,LUT6,SLICE_X7Y233,SLICEL.B6LUT,64'h8880808080808080
u_dut/t_r[2752]_i_1,LUT6,SLICE_X7Y233,SLICEL.C6LUT,64'h8800880088008000
u_dut/t_r[2753]_i_1,LUT6,SLICE_X6Y232,SLICEM.B6LUT,64'hC888000000000000
u_dut/t_r[2754]_i_1,LUT4,SLICE_X4Y232,SLICEL.C6LUT,16'hFAEA
u_dut/t_r[2754]_i_2,LUT6,SLICE_X5Y234,SLICEL.C6LUT,64'hE000000000000000
u_dut/t_r[2755]_i_1,LUT2,SLICE_X5Y233,SLICEL.A6LUT,4'h8
u_dut/t_r[2756]_i_1,LUT6,SLICE_X7Y232,SLICEL.C6LUT,64'hFEEE000000000000
u_dut/t_r[2757]_i_1,LUT5,SLICE_X7Y215,SLICEL.A6LUT,32'hEA000000
u_dut/t_r[2758]_i_1,LUT3,SLICE_X7Y232,SLICEL.A5LUT,8'h80
u_dut/t_r[2759]_i_1,LUT6,SLICE_X3Y232,SLICEL.C6LUT,64'hFFFAFFF800000000
u_dut/t_r[275]_i_1,LUT6,SLICE_X21Y244,SLICEL.B6LUT,64'h8000800080000000
u_dut/t_r[2760]_i_1,LUT6,SLICE_X9Y232,SLICEL.A6LUT,64'hFEEE000000000000
u_dut/t_r[2761]_i_1,LUT6,SLICE_X7Y215,SLICEL.B6LUT,64'hE000000000000000
u_dut/t_r[2762]_i_1,LUT5,SLICE_X7Y215,SLICEL.A5LUT,32'h80000000
u_dut/t_r[2763]_i_1,LUT6,SLICE_X7Y225,SLICEL.C6LUT,64'hFFFFFFA8FF00FF00
u_dut/t_r[2763]_i_2,LUT6,SLICE_X7Y232,SLICEL.B6LUT,64'h8000000000000000
u_dut/t_r[2764]_i_1,LUT4,SLICE_X9Y232,SLICEL.B6LUT,16'hE000
u_dut/t_r[2765]_i_1,LUT6,SLICE_X10Y232,SLICEM.D6LUT,64'h8888888888888880
u_dut/t_r[2766]_i_1,LUT6,SLICE_X11Y231,SLICEL.A6LUT,64'h8080808080808000
u_dut/t_r[2767]_i_1,LUT6,SLICE_X8Y233,SLICEM.A6LUT,64'h8888888088808880
u_dut/t_r[2768]_i_1,LUT5,SLICE_X11Y231,SLICEL.B6LUT,32'h80808000
u_dut/t_r[2769]_i_1,LUT6,SLICE_X8Y233,SLICEM.B6LUT,64'h8888888080808080
u_dut/t_r[276]_i_1,LUT6,SLICE_X25Y237,SLICEL.B6LUT,64'h8080800080008000
u_dut/t_r[2771]_i_1,LUT6,SLICE_X10Y232,SLICEM.A6LUT,64'h8880808080808080
u_dut/t_r[2772]_i_1,LUT4,SLICE_X5Y233,SLICEL.A5LUT,16'h8000
u_dut/t_r[2773]_i_1,LUT6,SLICE_X5Y233,SLICEL.B6LUT,64'h8800880088008000
u_dut/t_r[2774]_i_1,LUT6,SLICE_X8Y233,SLICEM.C6LUT,64'hC800000000000000
u_dut/t_r[2775]_i_1,LUT6,SLICE_X10Y232,SLICEM.B6LUT,64'hC888000000000000
u_dut/t_r[2776]_i_1,LUT5,SLICE_X11Y231,SLICEL.B5LUT,32'h80000000
u_dut/t_r[2777]_i_1,LUT6,SLICE_X8Y233,SLICEM.D6LUT,64'hE000000000000000
u_dut/t_r[2778]_i_1,LUT6,SLICE_X11Y231,SLICEL.C6LUT,64'h8000000000000000
u_dut/t_r[2779]_i_1,LUT5,SLICE_X11Y231,SLICEL.D5LUT,32'hFFF8F0F0
u_dut/t_r[2779]_i_2,LUT6,SLICE_X10Y232,SLICEM.C6LUT,64'h8000000000000000
u_dut/t_r[277]_i_1,LUT6,SLICE_X21Y244,SLICEL.C6LUT,64'h8000000000000000
u_dut/t_r[2780]_i_1,LUT5,SLICE_X9Y232,SLICEL.B5LUT,32'hC8000000
u_dut/t_r[2781]_i_1,LUT5,SLICE_X7Y231,SLICEL.B6LUT,32'hC8000000
u_dut/t_r[2782]_i_1,LUT6,SLICE_X3Y232,SLICEL.A6LUT,64'hCCC8C8C800000000
u_dut/t_r[2783]_i_1,LUT6,SLICE_X9Y232,SLICEL.C6LUT,64'hF0C0F08000000000
u_dut/t_r[2784]_i_1,LUT6,SLICE_X3Y232,SLICEL.B6LUT,64'hC888000000000000
u_dut/t_r[2785]_i_1,LUT3,SLICE_X4Y232,SLICEL.B5LUT,8'hF8
u_dut/t_r[2785]_i_2,LUT6,SLICE_X9Y232,SLICEL.D6LUT,64'h8080800080008000
u_dut/t_r[2786]_i_1,LUT2,SLICE_X9Y231,SLICEL.B6LUT,4'h8
u_dut/t_r[2787]_i_1,LUT6,SLICE_X6Y231,SLICEM.A6LUT,64'h8888808088888000
u_dut/t_r[2788]_i_1,LUT6,SLICE_X7Y231,SLICEL.C6LUT,64'hFFF0F8F0F0F0F0F0
u_dut/t_r[2789]_i_1,LUT3,SLICE_X7Y223,SLICEL.A6LUT,8'h80
u_dut/t_r[278]_i_1,LUT5,SLICE_X25Y237,SLICEL.A5LUT,32'hA0A0A080
u_dut/t_r[2790]_i_1,LUT6,SLICE_X7Y223,SLICEL.B6LUT,64'h8800800080008000
u_dut/t_r[2791]_i_1,LUT4,SLICE_X6Y229,SLICEM.D5LUT,16'hFF80
u_dut/t_r[2791]_i_2,LUT5,SLICE_X7Y223,SLICEL.A5LUT,32'h80000000
u_dut/t_r[2792]_i_1,LUT6,SLICE_X9Y231,SLICEL.C6LUT,64'hFE00000000000000
u_dut/t_r[2793]_i_1,LUT6,SLICE_X6Y221,SLICEM.A6LUT,64'h8888888088808880
u_dut/t_r[2794]_i_1,LUT6,SLICE_X10Y221,SLICEM.C6LUT,64'hFEEEAAAAAAAAAAAA
u_dut/t_r[2795]_i_1,LUT6,SLICE_X6Y221,SLICEM.B6LUT,64'hC800000000000000
u_dut/t_r[2796]_i_1,LUT6,SLICE_X1Y224,SLICEL.A6LUT,64'h8800800080008000
u_dut/t_r[2797]_i_1,LUT6,SLICE_X2Y225,SLICEM.A6LUT,64'h8000000000000000
u_dut/t_r[2798]_i_1,LUT6,SLICE_X11Y220,SLICEL.C6LUT,64'hFFFFFFFE00000000
u_dut/t_r[2799]_i_1,LUT5,SLICE_X12Y219,SLICEM.A6LUT,32'hFEEE0000
u_dut/t_r[279]_i_1,LUT5,SLICE_X25Y237,SLICEL.C6LUT,32'hA0808080
u_dut/t_r[27]_i_1,LUT5,SLICE_X30Y225,SLICEL.C5LUT,32'h80000000
u_dut/t_r[2800]_i_1,LUT6,SLICE_X11Y220,SLICEL.A6LUT,64'hFEEEAAAA00000000
u_dut/t_r[2801]_i_1,LUT6,SLICE_X11Y220,SLICEL.B6LUT,64'hCCCCCCC800000000
u_dut/t_r[2802]_i_1,LUT5,SLICE_X12Y219,SLICEM.A5LUT,32'hC8880000
u_dut/t_r[2803]_i_1,LUT4,SLICE_X10Y220,SLICEM.C5LUT,16'hF0E0
u_dut/t_r[2803]_i_2,LUT6,SLICE_X12Y219,SLICEM.B6LUT,64'h8880808080808080
u_dut/t_r[2804]_i_1,LUT6,SLICE_X8Y222,SLICEM.C6LUT,64'hFFFEEEEE00000000
u_dut/t_r[2804]_i_2,LUT3,SLICE_X9Y222,SLICEL.A6LUT,8'hFE
u_dut/t_r[2805]_i_1,LUT6,SLICE_X12Y218,SLICEM.C6LUT,64'hFEEE000000000000
u_dut/t_r[2806]_i_1,LUT6,SLICE_X12Y218,SLICEM.A6LUT,64'hFEEEAAAA00000000
u_dut/t_r[2806]_i_2,LUT2,SLICE_X12Y218,SLICEM.B6LUT,4'h8
u_dut/t_r[2807]_i_1,LUT6,SLICE_X13Y220,SLICEL.A6LUT,64'hEAAA000000000000
u_dut/t_r[2808]_i_1,LUT6,SLICE_X11Y221,SLICEL.A6LUT,64'hFEAAAAAAAAAAAAAA
u_dut/t_r[2809]_i_1,LUT6,SLICE_X14Y220,SLICEM.C6LUT,64'hFEAAAAAAAAAAAAAA
u_dut/t_r[2810]_i_1,LUT6,SLICE_X13Y220,SLICEL.B6LUT,64'h8000800080000000
u_dut/t_r[2811]_i_1,LUT5,SLICE_X12Y218,SLICEM.B5LUT,32'h80000000
u_dut/t_r[2812]_i_1,LUT3,SLICE_X12Y218,SLICEM.D6LUT,8'hE0
u_dut/t_r[2812]_i_2,LUT6,SLICE_X13Y220,SLICEL.C6LUT,64'h8000000000000000
u_dut/t_r[2813]_i_1,LUT6,SLICE_X13Y232,SLICEL.B6LUT,64'h8888888888888880
u_dut/t_r[2814]_i_1,LUT6,SLICE_X13Y232,SLICEL.A6LUT,64'h8888888080808080
u_dut/t_r[2815]_i_1,LUT3,SLICE_X13Y232,SLICEL.C6LUT,8'h80
u_dut/t_r[2817]_i_1,LUT6,SLICE_X13Y232,SLICEL.D6LUT,64'hF0F0F0F0F000E000
u_dut/t_r[2817]_i_2,LUT5,SLICE_X9Y222,SLICEL.A5LUT,32'h80000000
u_dut/t_r[281]_i_1,LUT6,SLICE_X25Y237,SLICEL.D6LUT,64'h8000000000000000
u_dut/t_r[2820]_i_1,LUT6,SLICE_X11Y219,SLICEL.C6LUT,64'hFEEEAAAA00000000
u_dut/t_r[2821]_i_1,LUT5,SLICE_X11Y219,SLICEL.D6LUT,32'hEA000000
u_dut/t_r[2822]_i_1,LUT5,SLICE_X11Y219,SLICEL.A6LUT,32'hEA000000
u_dut/t_r[2823]_i_1,LUT6,SLICE_X11Y216,SLICEL.A6LUT,64'hCCCCCCC800000000
u_dut/t_r[2823]_i_2,LUT2,SLICE_X11Y219,SLICEL.A5LUT,4'h8
u_dut/t_r[2824]_i_1,LUT5,SLICE_X11Y216,SLICEL.B6LUT,32'hC8000000
u_dut/t_r[2825]_i_1,LUT4,SLICE_X12Y218,SLICEM.D5LUT,16'hEA00
u_dut/t_r[2825]_i_2,LUT6,SLICE_X11Y219,SLICEL.B6LUT,64'h8080808080808000
u_dut/t_r[2825]_i_3,LUT2,SLICE_X7Y231,SLICEL.B5LUT,4'h8
u_dut/t_r[2826]_i_1,LUT6,SLICE_X6Y228,SLICEM.D6LUT,64'hFFFF0000E0000000
u_dut/t_r[2827]_i_1,LUT5,SLICE_X2Y231,SLICEM.A6LUT,32'hFF008000
u_dut/t_r[2827]_i_2,LUT6,SLICE_X2Y231,SLICEM.B6LUT,64'hFFFFFFFF80000000
u_dut/t_r[2828]_i_1,LUT6,SLICE_X10Y222,SLICEM.C6LUT,64'hFFFE000000000000
u_dut/t_r[2829]_i_1,LUT6,SLICE_X7Y231,SLICEL.D6LUT,64'hFAAAEAAAEAAAEAAA
u_dut/t_r[2829]_i_2,LUT3,SLICE_X2Y231,SLICEM.A5LUT,8'h80
u_dut/t_r[2829]_i_3,LUT4,SLICE_X9Y231,SLICEL.A5LUT,16'hFFFE
u_dut/t_r[282]_i_1,LUT3,SLICE_X24Y242,SLICEL.C6LUT,8'h80
u_dut/t_r[282]_i_2,LUT5,SLICE_X25Y237,SLICEL.C5LUT,32'h80000000
u_dut/t_r[282]_i_3,LUT5,SLICE_X26Y237,SLICEL.D5LUT,32'h80000000
u_dut/t_r[2831]_i_1,LUT6,SLICE_X24Y225,SLICEL.D6LUT,64'hFFFFFFFFFFFFFFF8
u_dut/t_r[2832]_i_1,LUT6,SLICE_X27Y225,SLICEL.D6LUT,64'hFFFFFFFFFFFFFFF8
u_dut/t_r[2833]_i_1,LUT6,SLICE_X28Y224,SLICEL.B6LUT,64'hFFFFFFFFFFFFFFF8
u_dut/t_r[2835]_i_1,LUT3,SLICE_X26Y224,SLICEL.A6LUT,8'hE0
u_dut/t_r[2836]_i_1,LUT2,SLICE_X25Y224,SLICEL.D6LUT,4'h8
u_dut/t_r[2837]_i_1,LUT3,SLICE_X26Y224,SLICEL.A5LUT,8'h80
u_dut/t_r[2838]_i_1,LUT5,SLICE_X26Y224,SLICEL.D6LUT,32'hFFFEFEFE
u_dut/t_r[2838]_i_2,LUT6,SLICE_X26Y224,SLICEL.C6LUT,64'h8000000000000000
u_dut/t_r[2839]_i_1,LUT6,SLICE_X13Y216,SLICEL.D6LUT,64'hFEEEEEEE00000000
u_dut/t_r[283]_i_1,LUT5,SLICE_X22Y242,SLICEM.A6LUT,32'hFFFE0000
u_dut/t_r[2840]_i_1,LUT6,SLICE_X13Y216,SLICEL.A6LUT,64'hEAAAAAAA00000000
u_dut/t_r[2841]_i_1,LUT6,SLICE_X13Y216,SLICEL.B6LUT,64'hC888888800000000
u_dut/t_r[2842]_i_1,LUT3,SLICE_X13Y215,SLICEL.C6LUT,8'hFE
u_dut/t_r[2842]_i_2,LUT6,SLICE_X13Y216,SLICEL.C6LUT,64'h8000000000000000
u_dut/t_r[2843]_i_1,LUT6,SLICE_X9Y216,SLICEL.C6LUT,64'hFEEEEEEE00000000
u_dut/t_r[2844]_i_1,LUT6,SLICE_X9Y216,SLICEL.A6LUT,64'hEAAAAAAA00000000
u_dut/t_r[2845]_i_1,LUT6,SLICE_X9Y216,SLICEL.B6LUT,64'hC888888800000000
u_dut/t_r[2846]_i_1,LUT5,SLICE_X9Y216,SLICEL.D6LUT,32'hFFFFFFA8
u_dut/t_r[2846]_i_2,LUT5,SLICE_X11Y214,SLICEL.A6LUT,32'h80000000
u_dut/t_r[2847]_i_1,LUT6,SLICE_X25Y225,SLICEL.D6LUT,64'hFFFFFFF8FFF0FFF0
u_dut/t_r[2848]_i_1,LUT6,SLICE_X26Y225,SLICEL.B6LUT,64'hFFFFFFF8FFF0FFF0
u_dut/t_r[2849]_i_1,LUT6,SLICE_X12Y214,SLICEM.A6LUT,64'hFAAAEAAAAAAAAAAA
u_dut/t_r[2849]_i_2,LUT4,SLICE_X12Y214,SLICEM.B6LUT,16'hFFF8
u_dut/t_r[2849]_i_3,LUT2,SLICE_X12Y214,SLICEM.C6LUT,4'h8
u_dut/t_r[284]_i_1,LUT6,SLICE_X24Y238,SLICEL.D6LUT,64'hFE00000000000000
u_dut/t_r[2850]_i_1,LUT6,SLICE_X11Y214,SLICEL.B6LUT,64'hFFFFFFF8FFF0FFF0
u_dut/t_r[2851]_i_1,LUT6,SLICE_X10Y218,SLICEM.D6LUT,64'hFEEE000000000000
u_dut/t_r[2852]_i_1,LUT6,SLICE_X10Y218,SLICEM.A6LUT,64'h8880808080808080
u_dut/t_r[2853]_i_1,LUT6,SLICE_X10Y218,SLICEM.B6LUT,64'h8800800080008000
u_dut/t_r[2854]_i_1,LUT5,SLICE_X9Y218,SLICEL.D6LUT,32'hFFFFFF80
u_dut/t_r[2854]_i_2,LUT6,SLICE_X10Y218,SLICEM.C6LUT,64'hE000000000000000
u_dut/t_r[2855]_i_1,LUT6,SLICE_X10Y217,SLICEM.D6LUT,64'h8888888088808880
u_dut/t_r[2856]_i_1,LUT6,SLICE_X10Y217,SLICEM.A6LUT,64'hEAEAEAAA00000000
u_dut/t_r[2856]_i_2,LUT3,SLICE_X10Y217,SLICEM.B6LUT,8'h80
u_dut/t_r[2857]_i_1,LUT6,SLICE_X10Y216,SLICEM.A6LUT,64'h8800800080008000
u_dut/t_r[2857]_i_2,LUT2,SLICE_X10Y217,SLICEM.B5LUT,4'h8
u_dut/t_r[2858]_i_1,LUT2,SLICE_X11Y217,SLICEL.D6LUT,4'hE
u_dut/t_r[2858]_i_2,LUT6,SLICE_X10Y217,SLICEM.C6LUT,64'hE000000000000000
u_dut/t_r[2859]_i_1,LUT6,SLICE_X9Y218,SLICEL.C6LUT,64'hFFFEEEEE00000000
u_dut/t_r[285]_i_1,LUT5,SLICE_X24Y238,SLICEL.A6LUT,32'hE0000000
u_dut/t_r[2860]_i_1,LUT6,SLICE_X9Y218,SLICEL.A6LUT,64'hEAEAEAAA00000000
u_dut/t_r[2861]_i_1,LUT4,SLICE_X9Y218,SLICEL.B6LUT,16'hC800
u_dut/t_r[2862]_i_1,LUT5,SLICE_X9Y218,SLICEL.D5LUT,32'hFFFEF0F0
u_dut/t_r[2862]_i_2,LUT4,SLICE_X9Y218,SLICEL.B5LUT,16'h8000
u_dut/t_r[2863]_i_1,LUT5,SLICE_X27Y224,SLICEL.A6LUT,32'h88888880
u_dut/t_r[2864]_i_1,LUT5,SLICE_X27Y224,SLICEL.B6LUT,32'h88808080
u_dut/t_r[2865]_i_1,LUT5,SLICE_X27Y224,SLICEL.B5LUT,32'h88008000
u_dut/t_r[2866]_i_1,LUT4,SLICE_X27Y224,SLICEL.C6LUT,16'hFECC
u_dut/t_r[2866]_i_2,LUT5,SLICE_X27Y224,SLICEL.A5LUT,32'h80000000
u_dut/t_r[2867]_i_1,LUT5,SLICE_X21Y216,SLICEL.A6LUT,32'h88888880
u_dut/t_r[2868]_i_1,LUT5,SLICE_X21Y216,SLICEL.A5LUT,32'h88808080
u_dut/t_r[2869]_i_1,LUT6,SLICE_X21Y216,SLICEL.C6LUT,64'hCCC8C8C800000000
u_dut/t_r[2869]_i_2,LUT2,SLICE_X14Y216,SLICEM.A6LUT,4'h8
u_dut/t_r[286]_i_1,LUT5,SLICE_X22Y242,SLICEM.A5LUT,32'hFEAA0000
u_dut/t_r[2870]_i_1,LUT5,SLICE_X21Y216,SLICEL.D6LUT,32'hFFF8F0F0
u_dut/t_r[2870]_i_2,LUT6,SLICE_X21Y216,SLICEL.B6LUT,64'hA888000000000000
u_dut/t_r[2871]_i_1,LUT6,SLICE_X14Y218,SLICEM.C6LUT,64'hFFFFFFFFAAAAAA80
u_dut/t_r[2872]_i_1,LUT6,SLICE_X12Y217,SLICEM.C6LUT,64'hFAEAEAEAEAEAEAEA
u_dut/t_r[2873]_i_1,LUT6,SLICE_X13Y218,SLICEL.B6LUT,64'hFFFFFFFFAAAA8000
u_dut/t_r[2873]_i_2,LUT3,SLICE_X13Y217,SLICEL.B6LUT,8'hC8
u_dut/t_r[2874]_i_1,LUT6,SLICE_X14Y217,SLICEM.C6LUT,64'hFFFFFFFFAA800000
u_dut/t_r[2874]_i_2,LUT3,SLICE_X11Y218,SLICEL.A6LUT,8'h80
u_dut/t_r[2874]_i_3,LUT3,SLICE_X12Y214,SLICEM.B5LUT,8'hF8
u_dut/t_r[2875]_i_1,LUT6,SLICE_X11Y215,SLICEL.A6LUT,64'hFFFEFEFE00000000
u_dut/t_r[2876]_i_1,LUT6,SLICE_X9Y217,SLICEL.A6LUT,64'hFAF8000000000000
u_dut/t_r[2877]_i_1,LUT6,SLICE_X9Y217,SLICEL.B6LUT,64'hCCC8000000000000
u_dut/t_r[2878]_i_1,LUT5,SLICE_X9Y216,SLICEL.D5LUT,32'hFFFF8880
u_dut/t_r[2878]_i_2,LUT6,SLICE_X9Y217,SLICEL.C6LUT,64'h8880000000000000
u_dut/t_r[2879]_i_1,LUT6,SLICE_X11Y217,SLICEL.C6LUT,64'hFFFE000000000000
u_dut/t_r[287]_i_1,LUT6,SLICE_X22Y242,SLICEM.B6LUT,64'hEA00000000000000
u_dut/t_r[2880]_i_1,LUT6,SLICE_X11Y217,SLICEL.A6LUT,64'h8888808088888000
u_dut/t_r[2881]_i_1,LUT6,SLICE_X11Y217,SLICEL.B6LUT,64'hCCC8000000000000
u_dut/t_r[2882]_i_1,LUT4,SLICE_X11Y217,SLICEL.D5LUT,16'hFF80
u_dut/t_r[2882]_i_2,LUT6,SLICE_X11Y218,SLICEL.B6LUT,64'hA800000000000000
u_dut/t_r[2883]_i_1,LUT6,SLICE_X13Y215,SLICEL.B6LUT,64'hFFFE000000000000
u_dut/t_r[2884]_i_1,LUT6,SLICE_X12Y215,SLICEM.A6LUT,64'hFAFAFAF800000000
u_dut/t_r[2885]_i_1,LUT6,SLICE_X12Y215,SLICEM.B6LUT,64'hCCCCCCC800000000
u_dut/t_r[2885]_i_2,LUT3,SLICE_X12Y215,SLICEM.C6LUT,8'h80
u_dut/t_r[2886]_i_1,LUT5,SLICE_X13Y215,SLICEL.C5LUT,32'hFFFF8000
u_dut/t_r[2886]_i_2,LUT6,SLICE_X13Y215,SLICEL.A6LUT,64'hAAA8000000000000
u_dut/t_r[2886]_i_3,LUT2,SLICE_X12Y215,SLICEM.C5LUT,4'h8
u_dut/t_r[2887]_i_1,LUT6,SLICE_X11Y222,SLICEL.D6LUT,64'hFFFFFFFE00000000
u_dut/t_r[2888]_i_1,LUT6,SLICE_X11Y222,SLICEL.A6LUT,64'hFAFAFAF800000000
u_dut/t_r[2889]_i_1,LUT6,SLICE_X11Y222,SLICEL.B6LUT,64'hCCCCCCC800000000
u_dut/t_r[288]_i_1,LUT4,SLICE_X22Y243,SLICEM.D6LUT,16'h8000
u_dut/t_r[2890]_i_1,LUT6,SLICE_X11Y222,SLICEL.C6LUT,64'h8888888000000000
u_dut/t_r[2890]_i_2,LUT4,SLICE_X11Y218,SLICEL.A5LUT,16'h8000
u_dut/t_r[2891]_i_1,LUT6,SLICE_X24Y223,SLICEL.B6LUT,64'hFFFFFFFE00000000
u_dut/t_r[2892]_i_1,LUT3,SLICE_X24Y223,SLICEL.A6LUT,8'hE0
u_dut/t_r[2893]_i_1,LUT2,SLICE_X20Y216,SLICEM.D6LUT,4'h8
u_dut/t_r[2894]_i_1,LUT3,SLICE_X24Y223,SLICEL.A5LUT,8'h80
u_dut/t_r[2895]_i_1,LUT5,SLICE_X26Y224,SLICEL.D5LUT,32'hF0F0F0E0
u_dut/t_r[2896]_i_1,LUT6,SLICE_X22Y224,SLICEM.D6LUT,64'hFFFF0000FFF80000
u_dut/t_r[2896]_i_2,LUT2,SLICE_X25Y224,SLICEL.D5LUT,4'hE
u_dut/t_r[2897]_i_1,LUT6,SLICE_X26Y225,SLICEL.C6LUT,64'hFFFF0000FFF80000
u_dut/t_r[2898]_i_1,LUT6,SLICE_X28Y218,SLICEL.D6LUT,64'hFFFF0000FFF80000
u_dut/t_r[2898]_i_2,LUT2,SLICE_X14Y216,SLICEM.B6LUT,4'h8
u_dut/t_r[289]_i_1,LUT5,SLICE_X24Y238,SLICEL.B6LUT,32'hCCC80000
u_dut/t_r[28]_i_1,LUT4,SLICE_X32Y240,SLICEL.B5LUT,16'h8000
u_dut/t_r[28]_i_2,LUT5,SLICE_X32Y240,SLICEL.C5LUT,32'hF8000000
u_dut/t_r[2900]_i_1,LUT6,SLICE_X17Y214,SLICEL.A6LUT,64'hFF00FC00FE00FC00
u_dut/t_r[2901]_i_1,LUT6,SLICE_X11Y221,SLICEL.B6LUT,64'hFF00FC00FE00FC00
u_dut/t_r[2901]_i_2,LUT5,SLICE_X11Y221,SLICEL.C6LUT,32'hFFFF8000
u_dut/t_r[2902]_i_1,LUT6,SLICE_X16Y214,SLICEM.C6LUT,64'hFF00FC00FE00FC00
u_dut/t_r[2904]_i_1,LUT6,SLICE_X17Y214,SLICEL.B6LUT,64'hFF00FF00FF008000
u_dut/t_r[2904]_i_2,LUT5,SLICE_X17Y214,SLICEL.C6LUT,32'hFFFFFF80
u_dut/t_r[2905]_i_1,LUT6,SLICE_X17Y214,SLICEL.D6LUT,64'hFF00FF00FF008000
u_dut/t_r[2905]_i_2,LUT5,SLICE_X15Y212,SLICEL.A6LUT,32'hFF008000
u_dut/t_r[2906]_i_1,LUT6,SLICE_X28Y224,SLICEL.C6LUT,64'hF0C0F0C0F0C0E0C0
u_dut/t_r[2906]_i_2,LUT4,SLICE_X26Y224,SLICEL.B6LUT,16'hFFF8
u_dut/t_r[2907]_i_1,LUT6,SLICE_X26Y225,SLICEL.D6LUT,64'hF0C0F0C0F0C0E0C0
u_dut/t_r[2907]_i_2,LUT4,SLICE_X26Y224,SLICEL.B5LUT,16'hFF80
u_dut/t_r[2908]_i_1,LUT6,SLICE_X11Y214,SLICEL.C6LUT,64'hF0C0F0C0F0C0E0C0
u_dut/t_r[2908]_i_2,LUT4,SLICE_X11Y214,SLICEL.A5LUT,16'h8000
u_dut/t_r[2909]_i_1,LUT6,SLICE_X15Y212,SLICEL.B6LUT,64'hFE00AA00EE00AA00
u_dut/t_r[2909]_i_2,LUT5,SLICE_X15Y212,SLICEL.A5LUT,32'hFF00E000
u_dut/t_r[290]_i_1,LUT6,SLICE_X24Y238,SLICEL.C6LUT,64'hC800000000000000
u_dut/t_r[2910]_i_1,LUT6,SLICE_X18Y214,SLICEM.C6LUT,64'hF0C0C0C0E0C0C0C0
u_dut/t_r[2910]_i_2,LUT5,SLICE_X17Y214,SLICEL.C5LUT,32'hFFFFFFA8
u_dut/t_r[2911]_i_1,LUT6,SLICE_X14Y216,SLICEM.C6LUT,64'hFFF0F0F0F8F0F0F0
u_dut/t_r[2911]_i_2,LUT2,SLICE_X12Y214,SLICEM.C5LUT,4'hE
u_dut/t_r[2911]_i_3,LUT2,SLICE_X14Y216,SLICEM.A5LUT,4'h8
u_dut/t_r[2911]_i_4,LUT2,SLICE_X20Y216,SLICEM.D5LUT,4'h8
u_dut/t_r[2912]_i_1,LUT6,SLICE_X14Y218,SLICEM.D6LUT,64'hFFFF000080000000
u_dut/t_r[2912]_i_2,LUT3,SLICE_X14Y216,SLICEM.B5LUT,8'h80
u_dut/t_r[2913]_i_1,LUT6,SLICE_X14Y217,SLICEM.D6LUT,64'hFE000000EE000000
u_dut/t_r[2913]_i_2,LUT3,SLICE_X13Y217,SLICEL.B5LUT,8'hF8
u_dut/t_r[2914]_i_1,LUT6,SLICE_X10Y221,SLICEM.D6LUT,64'hFF00800000000000
u_dut/t_r[2914]_i_2,LUT4,SLICE_X11Y221,SLICEL.C5LUT,16'hFECC
u_dut/t_r[291]_i_1,LUT5,SLICE_X24Y238,SLICEL.A5LUT,32'h80000000
u_dut/t_r[292]_i_1,LUT5,SLICE_X24Y238,SLICEL.B5LUT,32'hE0000000
u_dut/t_r[293]_i_1,LUT6,SLICE_X22Y242,SLICEM.D6LUT,64'hFE00000000000000
u_dut/t_r[293]_i_2,LUT6,SLICE_X22Y242,SLICEM.C6LUT,64'h8000000000000000
u_dut/t_r[294]_i_1,LUT5,SLICE_X24Y243,SLICEL.A6LUT,32'hE0000000
u_dut/t_r[295]_i_1,LUT6,SLICE_X30Y239,SLICEL.D6LUT,64'hFF00FF00FF00E000
u_dut/t_r[296]_i_1,LUT6,SLICE_X20Y243,SLICEM.C6LUT,64'hCCCCCCC8CCC0CCC0
u_dut/t_r[297]_i_1,LUT6,SLICE_X21Y232,SLICEL.B6LUT,64'h8888888088808880
u_dut/t_r[298]_i_1,LUT5,SLICE_X21Y240,SLICEL.A6LUT,32'hFEAA0000
u_dut/t_r[299]_i_1,LUT5,SLICE_X21Y232,SLICEL.A6LUT,32'h88808080
u_dut/t_r[29]_i_1,LUT2,SLICE_X27Y240,SLICEL.D6LUT,4'hE
u_dut/t_r[29]_i_2,LUT6,SLICE_X27Y238,SLICEL.C6LUT,64'h8000000000000000
u_dut/t_r[29]_i_3,LUT3,SLICE_X36Y238,SLICEL.B5LUT,8'h80
u_dut/t_r[2]_i_1,LUT6,SLICE_X36Y230,SLICEL.B6LUT,64'hFFFFFFFFFFFFFF80
u_dut/t_r[2]_i_2,LUT4,SLICE_X37Y235,SLICEL.C5LUT,16'hFFF8
u_dut/t_r[300]_i_1,LUT6,SLICE_X24Y241,SLICEL.A6LUT,64'h8880808080808080
u_dut/t_r[303]_i_1,LUT5,SLICE_X21Y232,SLICEL.A5LUT,32'h88008000
u_dut/t_r[304]_i_1,LUT6,SLICE_X24Y241,SLICEL.B6LUT,64'h8800800080008000
u_dut/t_r[305]_i_1,LUT6,SLICE_X29Y231,SLICEL.A6LUT,64'h8000000000000000
u_dut/t_r[306]_i_1,LUT6,SLICE_X24Y241,SLICEL.C6LUT,64'hE000000000000000
u_dut/t_r[307]_i_1,LUT5,SLICE_X22Y239,SLICEM.D6LUT,32'hE0000000
u_dut/t_r[307]_i_2,LUT6,SLICE_X24Y241,SLICEL.D6LUT,64'h8000000000000000
u_dut/t_r[308]_i_1,LUT4,SLICE_X21Y240,SLICEL.D6LUT,16'h8000
u_dut/t_r[309]_i_1,LUT6,SLICE_X23Y242,SLICEL.D6LUT,64'hFFFE000000000000
u_dut/t_r[30]_i_1,LUT5,SLICE_X24Y235,SLICEL.A6LUT,32'hFFFE0000
u_dut/t_r[311]_i_1,LUT6,SLICE_X19Y241,SLICEL.A6LUT,64'h8888888088808880
u_dut/t_r[312]_i_1,LUT6,SLICE_X23Y242,SLICEL.A6LUT,64'h8000800080000000
u_dut/t_r[313]_i_1,LUT6,SLICE_X19Y241,SLICEL.B6LUT,64'hFEAA000000000000
u_dut/t_r[314]_i_1,LUT5,SLICE_X19Y231,SLICEL.A6LUT,32'h88808080
u_dut/t_r[315]_i_1,LUT6,SLICE_X26Y240,SLICEL.A6LUT,64'h8880808080808080
u_dut/t_r[316]_i_1,LUT5,SLICE_X26Y240,SLICEL.C6LUT,32'h80000000
u_dut/t_r[317]_i_1,LUT6,SLICE_X26Y240,SLICEL.B6LUT,64'h8800880088008000
u_dut/t_r[318]_i_1,LUT5,SLICE_X19Y231,SLICEL.A5LUT,32'h88008000
u_dut/t_r[319]_i_1,LUT6,SLICE_X19Y231,SLICEL.B6LUT,64'h8800800080008000
u_dut/t_r[31]_i_1,LUT6,SLICE_X27Y239,SLICEL.B6LUT,64'hFFFEEEEE00000000
u_dut/t_r[320]_i_1,LUT6,SLICE_X23Y242,SLICEL.B6LUT,64'h8000000000000000
u_dut/t_r[321]_i_1,LUT6,SLICE_X19Y241,SLICEL.C6LUT,64'hE000000000000000
u_dut/t_r[322]_i_1,LUT5,SLICE_X28Y240,SLICEL.D5LUT,32'h80000000
u_dut/t_r[323]_i_1,LUT6,SLICE_X25Y243,SLICEL.B6LUT,64'hF800000000000000
u_dut/t_r[323]_i_2,LUT6,SLICE_X23Y242,SLICEL.C6LUT,64'h8000000000000000
u_dut/t_r[326]_i_1,LUT6,SLICE_X24Y243,SLICEL.B6LUT,64'hFE00000000000000
u_dut/t_r[327]_i_1,LUT5,SLICE_X21Y240,SLICEL.B6LUT,32'hAAA8A8A8
u_dut/t_r[328]_i_1,LUT5,SLICE_X21Y240,SLICEL.A5LUT,32'h80808000
u_dut/t_r[329]_i_1,LUT5,SLICE_X21Y240,SLICEL.B5LUT,32'hFEAA0000
u_dut/t_r[32]_i_1,LUT3,SLICE_X33Y240,SLICEL.A5LUT,8'hE0
u_dut/t_r[330]_i_1,LUT6,SLICE_X22Y231,SLICEM.A6LUT,64'h8080800080008000
u_dut/t_r[331]_i_1,LUT5,SLICE_X22Y231,SLICEM.B6LUT,32'hA8888888
u_dut/t_r[332]_i_1,LUT6,SLICE_X25Y242,SLICEL.B6LUT,64'h8000000000000000
u_dut/t_r[333]_i_1,LUT5,SLICE_X22Y231,SLICEM.B5LUT,32'hA0A0A080
u_dut/t_r[334]_i_1,LUT6,SLICE_X21Y243,SLICEL.A6LUT,64'hC800000000000000
u_dut/t_r[335]_i_1,LUT5,SLICE_X22Y231,SLICEM.C6LUT,32'hA0808080
u_dut/t_r[336]_i_1,LUT5,SLICE_X25Y242,SLICEL.C6LUT,32'h80000000
u_dut/t_r[337]_i_1,LUT5,SLICE_X22Y231,SLICEM.C5LUT,32'hE0000000
u_dut/t_r[338]_i_1,LUT6,SLICE_X21Y240,SLICEL.C6LUT,64'h8000000000000000
u_dut/t_r[339]_i_1,LUT5,SLICE_X25Y242,SLICEL.A5LUT,32'h80000000
u_dut/t_r[339]_i_2,LUT5,SLICE_X24Y243,SLICEL.A5LUT,32'h80000000
u_dut/t_r[33]_i_1,LUT6,SLICE_X33Y240,SLICEL.B6LUT,64'hFAF8F8F800000000
u_dut/t_r[340]_i_1,LUT4,SLICE_X24Y242,SLICEL.C5LUT,16'h8000
u_dut/t_r[343]_i_1,LUT6,SLICE_X22Y239,SLICEM.C6LUT,64'hFFFFFFFFFFFFFEEE
u_dut/t_r[346]_i_1,LUT4,SLICE_X20Y241,SLICEM.A5LUT,16'hEA00
u_dut/t_r[347]_i_1,LUT5,SLICE_X20Y241,SLICEM.B6LUT,32'hEAAA0000
u_dut/t_r[348]_i_1,LUT5,SLICE_X30Y242,SLICEL.C5LUT,32'h80000000
u_dut/t_r[349]_i_1,LUT5,SLICE_X20Y241,SLICEM.B5LUT,32'hCCC80000
u_dut/t_r[34]_i_1,LUT5,SLICE_X24Y235,SLICEL.A5LUT,32'hEAAA0000
u_dut/t_r[350]_i_1,LUT5,SLICE_X22Y239,SLICEM.A6LUT,32'hFFFFFFC8
u_dut/t_r[352]_i_1,LUT4,SLICE_X22Y239,SLICEM.B6LUT,16'hFFF8
u_dut/t_r[353]_i_1,LUT5,SLICE_X20Y241,SLICEM.C6LUT,32'hE0000000
u_dut/t_r[354]_i_1,LUT5,SLICE_X22Y239,SLICEM.B5LUT,32'hFFFFFF80
u_dut/t_r[355]_i_1,LUT6,SLICE_X20Y241,SLICEM.D6LUT,64'hE000000000000000
u_dut/t_r[355]_i_2,LUT5,SLICE_X20Y241,SLICEM.C5LUT,32'h80000000
u_dut/t_r[358]_i_1,LUT5,SLICE_X22Y239,SLICEM.A5LUT,32'hFFFECCCC
u_dut/t_r[359]_i_1,LUT6,SLICE_X22Y230,SLICEM.C6LUT,64'h8888888088808880
u_dut/t_r[35]_i_1,LUT6,SLICE_X24Y235,SLICEL.B6LUT,64'h8888888888888880
u_dut/t_r[360]_i_1,LUT4,SLICE_X22Y239,SLICEM.D5LUT,16'h7FFF
u_dut/t_r[360]_i_2,LUT4,SLICE_X25Y242,SLICEL.C5LUT,16'hFFA8
u_dut/t_r[362]_i_1,LUT5,SLICE_X22Y230,SLICEM.A6LUT,32'h88808080
u_dut/t_r[364]_i_1,LUT6,SLICE_X22Y230,SLICEM.B6LUT,64'h8000000000000000
u_dut/t_r[368]_i_1,LUT5,SLICE_X22Y230,SLICEM.D6LUT,32'h80000000
u_dut/t_r[368]_i_2,LUT4,SLICE_X22Y230,SLICEM.A5LUT,16'h8000
u_dut/t_r[36]_i_1,LUT4,SLICE_X27Y239,SLICEL.A6LUT,16'hA800
u_dut/t_r[373]_i_1,LUT6,SLICE_X20Y243,SLICEM.D6LUT,64'hFF00FE0000000000
u_dut/t_r[373]_i_2,LUT2,SLICE_X22Y243,SLICEM.D5LUT,4'hE
u_dut/t_r[374]_i_1,LUT6,SLICE_X20Y240,SLICEM.D6LUT,64'hFF00FE0000000000
u_dut/t_r[378]_i_1,LUT6,SLICE_X23Y223,SLICEL.D6LUT,64'hFF00F80000000000
u_dut/t_r[37]_i_1,LUT6,SLICE_X24Y235,SLICEL.C6LUT,64'hC888888800000000
u_dut/t_r[38]_i_1,LUT6,SLICE_X24Y235,SLICEL.D6LUT,64'h8888888000000000
u_dut/t_r[391]_i_1,LUT6,SLICE_X21Y233,SLICEL.D6LUT,64'hFFFEFFFEFFFEFEFE
u_dut/t_r[393]_i_1,LUT6,SLICE_X34Y227,SLICEL.B6LUT,64'hFFFFFFFFFFFFFF80
u_dut/t_r[396]_i_1,LUT5,SLICE_X37Y227,SLICEL.A6LUT,32'hFFFFFFA8
u_dut/t_r[397]_i_1,LUT6,SLICE_X26Y228,SLICEL.D6LUT,64'hFFFFFFFFFFFFAA80
u_dut/t_r[398]_i_1,LUT4,SLICE_X19Y225,SLICEL.A6LUT,16'hFFF8
u_dut/t_r[399]_i_1,LUT6,SLICE_X37Y232,SLICEL.A6LUT,64'hFFFFFFFFFFFFE000
u_dut/t_r[39]_i_1,LUT4,SLICE_X27Y239,SLICEL.A5LUT,16'h8000
u_dut/t_r[400]_i_1,LUT5,SLICE_X25Y232,SLICEL.A6LUT,32'hFFFFFF80
u_dut/t_r[402]_i_1,LUT2,SLICE_X33Y222,SLICEL.A6LUT,4'hE
u_dut/t_r[403]_i_1,LUT6,SLICE_X25Y232,SLICEL.B6LUT,64'hFFFFFFFEFF00FF00
u_dut/t_r[405]_i_1,LUT6,SLICE_X37Y228,SLICEL.B6LUT,64'hFFFFFFF8FF00FF00
u_dut/t_r[406]_i_1,LUT4,SLICE_X25Y232,SLICEL.C6LUT,16'hFECC
u_dut/t_r[407]_i_1,LUT6,SLICE_X19Y225,SLICEL.B6LUT,64'hFFFFFFE0FF00FF00
u_dut/t_r[408]_i_1,LUT6,SLICE_X20Y227,SLICEM.D6LUT,64'hFFFEFEFEFAFAFAFA
u_dut/t_r[40]_i_1,LUT5,SLICE_X32Y239,SLICEL.D5LUT,32'hFFFEF0F0
u_dut/t_r[40]_i_2,LUT6,SLICE_X33Y240,SLICEL.C6LUT,64'h8000000000000000
u_dut/t_r[411]_i_1,LUT6,SLICE_X33Y224,SLICEL.B6LUT,64'hFFFEEEEEEEEEEEEE
u_dut/t_r[411]_i_2,LUT2,SLICE_X32Y222,SLICEL.D6LUT,4'hE
u_dut/t_r[412]_i_1,LUT5,SLICE_X19Y225,SLICEL.C6LUT,32'hFFFFE000
u_dut/t_r[414]_i_1,LUT6,SLICE_X33Y227,SLICEL.D6LUT,64'hFFFFFFFFE0000000
u_dut/t_r[415]_i_1,LUT5,SLICE_X25Y232,SLICEL.A5LUT,32'hFFFF8000
u_dut/t_r[417]_i_1,LUT5,SLICE_X19Y225,SLICEL.C5LUT,32'hFF00FE00
u_dut/t_r[419]_i_1,LUT6,SLICE_X24Y231,SLICEL.D6LUT,64'hFFFEFEFEAAAAAAAA
u_dut/t_r[41]_i_1,LUT6,SLICE_X30Y238,SLICEL.D6LUT,64'h8888888888888880
u_dut/t_r[420]_i_1,LUT3,SLICE_X25Y232,SLICEL.C5LUT,8'hC8
u_dut/t_r[421]_i_1,LUT5,SLICE_X37Y227,SLICEL.A5LUT,32'hFF00E000
u_dut/t_r[422]_i_1,LUT6,SLICE_X37Y227,SLICEL.B6LUT,64'hFFFF0000E0000000
u_dut/t_r[423]_i_1,LUT6,SLICE_X28Y226,SLICEL.C6LUT,64'hFEEEEEEEAAAAAAAA
u_dut/t_r[425]_i_1,LUT6,SLICE_X19Y225,SLICEL.D6LUT,64'hFFE0000000000000
u_dut/t_r[426]_i_1,LUT6,SLICE_X34Y227,SLICEL.A6LUT,64'h8080808080808000
u_dut/t_r[427]_i_1,LUT4,SLICE_X29Y225,SLICEL.C6LUT,16'hFFFE
u_dut/t_r[427]_i_2,LUT4,SLICE_X19Y225,SLICEL.A5LUT,16'h8000
u_dut/t_r[429]_i_1,LUT6,SLICE_X33Y230,SLICEL.C6LUT,64'hFFFFFFF800000000
u_dut/t_r[42]_i_1,LUT5,SLICE_X23Y235,SLICEL.A6LUT,32'h88888880
u_dut/t_r[430]_i_1,LUT6,SLICE_X33Y230,SLICEL.B6LUT,64'hFEEEEEEE00000000
u_dut/t_r[432]_i_1,LUT3,SLICE_X33Y227,SLICEL.B6LUT,8'hE0
u_dut/t_r[433]_i_1,LUT5,SLICE_X21Y230,SLICEL.A6LUT,32'hFAF80000
u_dut/t_r[435]_i_1,LUT6,SLICE_X21Y230,SLICEL.B6LUT,64'hEAAAAAAA00000000
u_dut/t_r[436]_i_1,LUT6,SLICE_X21Y230,SLICEL.C6LUT,64'hFEEEAAAA00000000
u_dut/t_r[437]_i_1,LUT4,SLICE_X21Y230,SLICEL.A5LUT,16'hC800
u_dut/t_r[43]_i_1,LUT6,SLICE_X30Y238,SLICEL.A6LUT,64'hFEEEEEEE00000000
u_dut/t_r[441]_i_1,LUT3,SLICE_X36Y228,SLICEL.D6LUT,8'hFE
u_dut/t_r[441]_i_2,LUT6,SLICE_X21Y230,SLICEL.D6LUT,64'h8000000000000000
u_dut/t_r[442]_i_1,LUT5,SLICE_X30Y224,SLICEL.A6LUT,32'hFFFE0000
u_dut/t_r[443]_i_1,LUT6,SLICE_X30Y224,SLICEL.C6LUT,64'hFEEEAAAA00000000
u_dut/t_r[445]_i_1,LUT6,SLICE_X23Y231,SLICEL.A6LUT,64'hEAAAAAAA00000000
u_dut/t_r[446]_i_1,LUT4,SLICE_X31Y223,SLICEL.D6LUT,16'hFEEE
u_dut/t_r[446]_i_2,LUT6,SLICE_X30Y224,SLICEL.B6LUT,64'hEAAAAAAA00000000
u_dut/t_r[44]_i_1,LUT6,SLICE_X23Y235,SLICEL.B6LUT,64'h8888808088888000
u_dut/t_r[451]_i_1,LUT6,SLICE_X36Y225,SLICEL.C6LUT,64'hFFFE000000000000
u_dut/t_r[454]_i_1,LUT6,SLICE_X30Y226,SLICEL.A6LUT,64'hFAF8000000000000
u_dut/t_r[456]_i_1,LUT6,SLICE_X30Y226,SLICEL.B6LUT,64'hEAAAAAAA00000000
u_dut/t_r[457]_i_1,LUT6,SLICE_X30Y226,SLICEL.C6LUT,64'hCCC8000000000000
u_dut/t_r[458]_i_1,LUT5,SLICE_X20Y229,SLICEM.A6LUT,32'h88008000
u_dut/t_r[459]_i_1,LUT6,SLICE_X30Y226,SLICEL.D6LUT,64'hC888000000000000
u_dut/t_r[45]_i_1,LUT5,SLICE_X23Y235,SLICEL.C6LUT,32'h88808080
u_dut/t_r[461]_i_1,LUT6,SLICE_X28Y226,SLICEL.D6LUT,64'hFFFEFCFCFCFCFCFC
u_dut/t_r[461]_i_2,LUT2,SLICE_X31Y216,SLICEL.A6LUT,4'h8
u_dut/t_r[462]_i_1,LUT5,SLICE_X20Y229,SLICEM.A5LUT,32'h80000000
u_dut/t_r[463]_i_1,LUT6,SLICE_X36Y225,SLICEL.A6LUT,64'h8888800000000000
u_dut/t_r[463]_i_2,LUT3,SLICE_X37Y223,SLICEL.A6LUT,8'h80
u_dut/t_r[464]_i_1,LUT2,SLICE_X36Y224,SLICEL.C6LUT,4'hE
u_dut/t_r[464]_i_2,LUT6,SLICE_X36Y225,SLICEL.B6LUT,64'h8000000000000000
u_dut/t_r[465]_i_1,LUT6,SLICE_X31Y222,SLICEL.D6LUT,64'hFFFFFFFE00000000
u_dut/t_r[466]_i_1,LUT5,SLICE_X31Y222,SLICEL.A6LUT,32'hFFFE0000
u_dut/t_r[467]_i_1,LUT6,SLICE_X31Y222,SLICEL.B6LUT,64'hFEEEEEEE00000000
u_dut/t_r[468]_i_1,LUT6,SLICE_X19Y235,SLICEL.A6LUT,64'hFFFEEEEE00000000
u_dut/t_r[469]_i_1,LUT6,SLICE_X31Y222,SLICEL.C6LUT,64'hEAEAEAAA00000000
u_dut/t_r[46]_i_1,LUT6,SLICE_X30Y238,SLICEL.B6LUT,64'hA888888888888888
u_dut/t_r[470]_i_1,LUT6,SLICE_X32Y223,SLICEL.B6LUT,64'hFFFEAAAAFEFEAAAA
u_dut/t_r[470]_i_2,LUT3,SLICE_X32Y223,SLICEL.C6LUT,8'h80
u_dut/t_r[471]_i_1,LUT6,SLICE_X29Y224,SLICEL.A6LUT,64'hFAFAFAF800000000
u_dut/t_r[473]_i_1,LUT6,SLICE_X21Y234,SLICEL.A6LUT,64'hEAAAAAAA00000000
u_dut/t_r[475]_i_1,LUT6,SLICE_X30Y223,SLICEL.B6LUT,64'hFFFFFF80FF00FF00
u_dut/t_r[476]_i_1,LUT6,SLICE_X19Y235,SLICEL.B6LUT,64'hEAAAAAAA00000000
u_dut/t_r[477]_i_1,LUT2,SLICE_X21Y234,SLICEL.C6LUT,4'h8
u_dut/t_r[478]_i_1,LUT6,SLICE_X19Y235,SLICEL.C6LUT,64'hCCCCCCC800000000
u_dut/t_r[47]_i_1,LUT6,SLICE_X25Y238,SLICEL.A6LUT,64'h8080808080808000
u_dut/t_r[482]_i_1,LUT6,SLICE_X19Y222,SLICEL.B6LUT,64'hC8C8C88800000000
u_dut/t_r[483]_i_1,LUT5,SLICE_X21Y234,SLICEL.B6LUT,32'hC8880000
u_dut/t_r[484]_i_1,LUT6,SLICE_X29Y224,SLICEL.B6LUT,64'hC8C8C88800000000
u_dut/t_r[486]_i_1,LUT6,SLICE_X20Y234,SLICEM.D6LUT,64'hFECCCCCCCCCCCCCC
u_dut/t_r[487]_i_1,LUT6,SLICE_X30Y223,SLICEL.C6LUT,64'hFECCCCCCCCCCCCCC
u_dut/t_r[487]_i_2,LUT3,SLICE_X33Y223,SLICEL.A6LUT,8'hF8
u_dut/t_r[48]_i_1,LUT5,SLICE_X23Y235,SLICEL.A5LUT,32'hA8000000
u_dut/t_r[493]_i_1,LUT5,SLICE_X31Y222,SLICEL.A5LUT,32'h80000000
u_dut/t_r[494]_i_1,LUT6,SLICE_X29Y224,SLICEL.C6LUT,64'h8000000000000000
u_dut/t_r[495]_i_1,LUT4,SLICE_X29Y225,SLICEL.C5LUT,16'hFAEA
u_dut/t_r[495]_i_2,LUT6,SLICE_X29Y224,SLICEL.D6LUT,64'h8000000000000000
u_dut/t_r[497]_i_1,LUT6,SLICE_X21Y236,SLICEL.C6LUT,64'hFFAAFFAAFFAAFEAA
u_dut/t_r[498]_i_1,LUT6,SLICE_X36Y223,SLICEL.B6LUT,64'hFFFE000000000000
u_dut/t_r[49]_i_1,LUT6,SLICE_X30Y238,SLICEL.C6LUT,64'hA080808080808080
u_dut/t_r[49]_i_2,LUT2,SLICE_X36Y239,SLICEL.D5LUT,4'h8
u_dut/t_r[502]_i_1,LUT6,SLICE_X21Y235,SLICEL.A6LUT,64'hFEEE000000000000
u_dut/t_r[503]_i_1,LUT6,SLICE_X21Y235,SLICEL.B6LUT,64'hFFFEEEEE00000000
u_dut/t_r[505]_i_1,LUT6,SLICE_X33Y222,SLICEL.B6LUT,64'hEAEAEAAA00000000
u_dut/t_r[508]_i_1,LUT6,SLICE_X21Y235,SLICEL.C6LUT,64'hFAF8000000000000
u_dut/t_r[509]_i_1,LUT6,SLICE_X34Y232,SLICEL.A6LUT,64'hFAFAFAF800000000
u_dut/t_r[50]_i_1,LUT6,SLICE_X25Y238,SLICEL.B6LUT,64'h8080808080808000
u_dut/t_r[510]_i_1,LUT6,SLICE_X25Y230,SLICEL.A6LUT,64'hFAF8000000000000
u_dut/t_r[511]_i_1,LUT6,SLICE_X25Y230,SLICEL.B6LUT,64'hEAEAEAAA00000000
u_dut/t_r[511]_i_2,LUT3,SLICE_X21Y234,SLICEL.B5LUT,8'hF8
u_dut/t_r[514]_i_1,LUT6,SLICE_X21Y235,SLICEL.D6LUT,64'hEAEAEAAA00000000
u_dut/t_r[515]_i_1,LUT6,SLICE_X33Y222,SLICEL.C6LUT,64'hEAAA000000000000
u_dut/t_r[517]_i_1,LUT6,SLICE_X25Y230,SLICEL.C6LUT,64'hEAAAAAAA00000000
u_dut/t_r[518]_i_1,LUT6,SLICE_X24Y232,SLICEL.D6LUT,64'hFFFEAAAAAAAAAAAA
u_dut/t_r[518]_i_2,LUT3,SLICE_X33Y223,SLICEL.A5LUT,8'hFE
u_dut/t_r[519]_i_1,LUT6,SLICE_X36Y223,SLICEL.A6LUT,64'hCCC8000000000000
u_dut/t_r[51]_i_1,LUT5,SLICE_X23Y235,SLICEL.C5LUT,32'h80000000
u_dut/t_r[522]_i_1,LUT6,SLICE_X25Y230,SLICEL.D6LUT,64'hC888000000000000
u_dut/t_r[526]_i_1,LUT4,SLICE_X33Y222,SLICEL.A5LUT,16'h8000
u_dut/t_r[527]_i_1,LUT6,SLICE_X27Y226,SLICEL.C6LUT,64'hFAFAFAEAAAAAAAAA
u_dut/t_r[527]_i_2,LUT2,SLICE_X35Y228,SLICEL.D6LUT,4'h8
u_dut/t_r[527]_i_3,LUT2,SLICE_X33Y227,SLICEL.B5LUT,4'h8
u_dut/t_r[52]_i_1,LUT4,SLICE_X31Y238,SLICEL.D5LUT,16'hFECC
u_dut/t_r[52]_i_2,LUT6,SLICE_X25Y238,SLICEL.C6LUT,64'h8000000000000000
u_dut/t_r[531]_i_1,LUT3,SLICE_X36Y228,SLICEL.D5LUT,8'hF8
u_dut/t_r[531]_i_2,LUT6,SLICE_X33Y222,SLICEL.D6LUT,64'hAA80000000000000
u_dut/t_r[535]_i_1,LUT6,SLICE_X33Y224,SLICEL.C6LUT,64'hFAAAEAAAEAAAEAAA
u_dut/t_r[535]_i_2,LUT3,SLICE_X30Y224,SLICEL.A5LUT,8'hFE
u_dut/t_r[536]_i_1,LUT6,SLICE_X31Y223,SLICEL.C6LUT,64'hFEEE000000000000
u_dut/t_r[537]_i_1,LUT6,SLICE_X33Y223,SLICEL.B6LUT,64'hFEEEEEEE00000000
u_dut/t_r[538]_i_1,LUT6,SLICE_X31Y223,SLICEL.A6LUT,64'hFAF8000000000000
u_dut/t_r[539]_i_1,LUT6,SLICE_X33Y223,SLICEL.C6LUT,64'hEAEAEAAA00000000
u_dut/t_r[53]_i_1,LUT6,SLICE_X27Y241,SLICEL.D6LUT,64'hFFFFFFFE00000000
u_dut/t_r[541]_i_1,LUT6,SLICE_X33Y223,SLICEL.D6LUT,64'hC8C8C88800000000
u_dut/t_r[541]_i_2,LUT2,SLICE_X33Y224,SLICEL.D6LUT,4'h8
u_dut/t_r[542]_i_1,LUT4,SLICE_X31Y223,SLICEL.D5LUT,16'hFF80
u_dut/t_r[542]_i_2,LUT6,SLICE_X31Y223,SLICEL.B6LUT,64'h8880000000000000
u_dut/t_r[544]_i_1,LUT6,SLICE_X31Y224,SLICEL.D6LUT,64'hFAF8000000000000
u_dut/t_r[545]_i_1,LUT6,SLICE_X31Y224,SLICEL.A6LUT,64'hEAAAAAAA00000000
u_dut/t_r[545]_i_2,LUT3,SLICE_X33Y227,SLICEL.C6LUT,8'h80
u_dut/t_r[546]_i_1,LUT6,SLICE_X31Y224,SLICEL.B6LUT,64'hC888000000000000
u_dut/t_r[547]_i_1,LUT6,SLICE_X31Y224,SLICEL.C6LUT,64'h8000000000000000
u_dut/t_r[548]_i_1,LUT5,SLICE_X33Y219,SLICEL.B6LUT,32'hFFFE0000
u_dut/t_r[549]_i_1,LUT3,SLICE_X32Y222,SLICEL.B6LUT,8'hE0
u_dut/t_r[54]_i_1,LUT6,SLICE_X26Y241,SLICEL.A6LUT,64'hFFFEFEFE00000000
u_dut/t_r[550]_i_1,LUT5,SLICE_X33Y219,SLICEL.B5LUT,32'hEAAA0000
u_dut/t_r[551]_i_1,LUT6,SLICE_X32Y222,SLICEL.C6LUT,64'hC8C8C88800000000
u_dut/t_r[552]_i_1,LUT4,SLICE_X31Y221,SLICEL.D6LUT,16'hFE00
u_dut/t_r[552]_i_2,LUT6,SLICE_X32Y222,SLICEL.A6LUT,64'hA8A8A88800000000
u_dut/t_r[553]_i_1,LUT6,SLICE_X31Y221,SLICEL.C6LUT,64'hFFFE000000000000
u_dut/t_r[554]_i_1,LUT6,SLICE_X30Y220,SLICEL.A6LUT,64'hFEEE000000000000
u_dut/t_r[555]_i_1,LUT5,SLICE_X31Y221,SLICEL.A6LUT,32'h88808080
u_dut/t_r[556]_i_1,LUT6,SLICE_X30Y220,SLICEL.B6LUT,64'hCCC8000000000000
u_dut/t_r[557]_i_1,LUT4,SLICE_X31Y221,SLICEL.A5LUT,16'h8000
u_dut/t_r[558]_i_1,LUT3,SLICE_X31Y221,SLICEL.D5LUT,8'hE0
u_dut/t_r[558]_i_2,LUT6,SLICE_X31Y221,SLICEL.B6LUT,64'h8000000000000000
u_dut/t_r[559]_i_1,LUT6,SLICE_X37Y223,SLICEL.C6LUT,64'h8880808080808080
u_dut/t_r[55]_i_1,LUT6,SLICE_X27Y240,SLICEL.A6LUT,64'hFEEE000000000000
u_dut/t_r[560]_i_1,LUT6,SLICE_X37Y223,SLICEL.B6LUT,64'h8888808088888000
u_dut/t_r[561]_i_1,LUT6,SLICE_X37Y224,SLICEL.A6LUT,64'h8880808080808080
u_dut/t_r[562]_i_1,LUT4,SLICE_X36Y224,SLICEL.C5LUT,16'hF080
u_dut/t_r[562]_i_2,LUT5,SLICE_X37Y223,SLICEL.A5LUT,32'h88008000
u_dut/t_r[566]_i_1,LUT5,SLICE_X23Y228,SLICEL.C6LUT,32'hFF008000
u_dut/t_r[567]_i_1,LUT5,SLICE_X35Y228,SLICEL.D5LUT,32'hFF008000
u_dut/t_r[56]_i_1,LUT4,SLICE_X27Y240,SLICEL.B6LUT,16'h8880
u_dut/t_r[575]_i_1,LUT5,SLICE_X23Y228,SLICEL.C5LUT,32'hCC00C800
u_dut/t_r[577]_i_1,LUT5,SLICE_X33Y224,SLICEL.D5LUT,32'hCC00C800
u_dut/t_r[578]_i_1,LUT5,SLICE_X33Y227,SLICEL.C5LUT,32'hCC00C800
u_dut/t_r[57]_i_1,LUT6,SLICE_X27Y241,SLICEL.A6LUT,64'hFAF8F8F800000000
u_dut/t_r[580]_i_1,LUT5,SLICE_X31Y216,SLICEL.A5LUT,32'hF0800000
u_dut/t_r[580]_i_2,LUT6,SLICE_X31Y216,SLICEL.B6LUT,64'hFFFFFF80FF00FF00
u_dut/t_r[581]_i_1,LUT6,SLICE_X30Y223,SLICEL.D6LUT,64'hF000E00000000000
u_dut/t_r[581]_i_2,LUT2,SLICE_X32Y223,SLICEL.C5LUT,4'h8
u_dut/t_r[582]_i_1,LUT5,SLICE_X5Y227,SLICEL.A6LUT,32'hFFFFFFFE
u_dut/t_r[583]_i_1,LUT2,SLICE_X5Y227,SLICEL.B6LUT,4'hE
u_dut/t_r[584]_i_1,LUT3,SLICE_X4Y219,SLICEL.B6LUT,8'hF8
u_dut/t_r[586]_i_1,LUT3,SLICE_X7Y220,SLICEL.A6LUT,8'hE0
u_dut/t_r[587]_i_1,LUT2,SLICE_X5Y221,SLICEL.A6LUT,4'h8
u_dut/t_r[588]_i_1,LUT5,SLICE_X7Y222,SLICEL.A6LUT,32'hFFFFFFFE
u_dut/t_r[588]_i_2,LUT3,SLICE_X7Y220,SLICEL.A5LUT,8'h80
u_dut/t_r[589]_i_1,LUT2,SLICE_X4Y227,SLICEL.A6LUT,4'hE
u_dut/t_r[58]_i_1,LUT6,SLICE_X26Y241,SLICEL.B6LUT,64'hEAEAEAAA00000000
u_dut/t_r[590]_i_1,LUT6,SLICE_X4Y224,SLICEL.D6LUT,64'hFFFFFFFFFFFFAAA8
u_dut/t_r[591]_i_1,LUT5,SLICE_X5Y221,SLICEL.A5LUT,32'hFFFFFFA8
u_dut/t_r[592]_i_1,LUT5,SLICE_X5Y227,SLICEL.C6LUT,32'hFFFFAA80
u_dut/t_r[593]_i_1,LUT3,SLICE_X5Y227,SLICEL.B5LUT,8'hF8
u_dut/t_r[594]_i_1,LUT6,SLICE_X10Y224,SLICEM.D6LUT,64'hFFFFFFFFFFFFA800
u_dut/t_r[595]_i_1,LUT4,SLICE_X11Y227,SLICEL.A6LUT,16'hFF80
u_dut/t_r[597]_i_1,LUT4,SLICE_X11Y227,SLICEL.B6LUT,16'hF0E0
u_dut/t_r[599]_i_1,LUT6,SLICE_X4Y227,SLICEL.B6LUT,64'hFAFAFAEAEAEAEAEA
u_dut/t_r[59]_i_1,LUT6,SLICE_X27Y241,SLICEL.B6LUT,64'hEAAAAAAA00000000
u_dut/t_r[5]_i_1,LUT6,SLICE_X35Y231,SLICEL.B6LUT,64'hFFFFFFFEFCFCFCFC
u_dut/t_r[600]_i_1,LUT5,SLICE_X5Y227,SLICEL.A5LUT,32'hFF008000
u_dut/t_r[601]_i_1,LUT4,SLICE_X11Y227,SLICEL.A5LUT,16'hE000
u_dut/t_r[602]_i_1,LUT3,SLICE_X11Y227,SLICEL.B5LUT,8'h80
u_dut/t_r[603]_i_1,LUT5,SLICE_X5Y221,SLICEL.C6LUT,32'hFFFFFFFE
u_dut/t_r[603]_i_2,LUT5,SLICE_X5Y227,SLICEL.C5LUT,32'h80000000
u_dut/t_r[604]_i_1,LUT6,SLICE_X5Y222,SLICEL.B6LUT,64'hFFFFFFFFFCFCFCEC
u_dut/t_r[605]_i_1,LUT6,SLICE_X4Y222,SLICEL.B6LUT,64'hFFFFFFFFFCFCFCEC
u_dut/t_r[606]_i_1,LUT4,SLICE_X15Y219,SLICEL.A6LUT,16'hFFA8
u_dut/t_r[607]_i_1,LUT6,SLICE_X7Y224,SLICEL.D6LUT,64'hFFFEFEFEFAFAFAFA
u_dut/t_r[608]_i_1,LUT6,SLICE_X12Y222,SLICEM.C6LUT,64'hFFFEFEFEFAFAFAFA
u_dut/t_r[609]_i_1,LUT6,SLICE_X10Y219,SLICEM.A6LUT,64'hFFFEEEEEEEEEEEEE
u_dut/t_r[610]_i_1,LUT6,SLICE_X12Y221,SLICEM.B6LUT,64'hFFFFFFFFFFFFA080
u_dut/t_r[611]_i_1,LUT6,SLICE_X10Y219,SLICEM.B6LUT,64'hFFFFFFFFFFFF8000
u_dut/t_r[613]_i_1,LUT6,SLICE_X4Y222,SLICEL.C6LUT,64'hFFAAFFAAFFAAFEAA
u_dut/t_r[614]_i_1,LUT4,SLICE_X16Y230,SLICEM.A6LUT,16'hF0E0
u_dut/t_r[615]_i_1,LUT5,SLICE_X4Y220,SLICEL.A6LUT,32'hFF00F800
u_dut/t_r[616]_i_1,LUT5,SLICE_X4Y220,SLICEL.B6LUT,32'hF0C0E0C0
u_dut/t_r[617]_i_1,LUT6,SLICE_X5Y222,SLICEL.C6LUT,64'hFFFEFAFAAAAAAAAA
u_dut/t_r[618]_i_1,LUT6,SLICE_X13Y218,SLICEL.C6LUT,64'hFEEEEEEEAAAAAAAA
u_dut/t_r[619]_i_1,LUT6,SLICE_X13Y218,SLICEL.D6LUT,64'hFEEEEEEEAAAAAAAA
u_dut/t_r[61]_i_1,LUT5,SLICE_X27Y240,SLICEL.B5LUT,32'hA8000000
u_dut/t_r[620]_i_1,LUT6,SLICE_X8Y221,SLICEM.D6LUT,64'hFFFFFFFE00000000
u_dut/t_r[621]_i_1,LUT5,SLICE_X8Y231,SLICEM.A6LUT,32'hFE000000
u_dut/t_r[622]_i_1,LUT6,SLICE_X8Y231,SLICEM.B6LUT,64'hFEEEEEEE00000000
u_dut/t_r[623]_i_1,LUT6,SLICE_X14Y222,SLICEM.D6LUT,64'hFFFEAAAAEEEEAAAA
u_dut/t_r[624]_i_1,LUT5,SLICE_X8Y231,SLICEM.A5LUT,32'hEA000000
u_dut/t_r[625]_i_1,LUT6,SLICE_X8Y221,SLICEM.A6LUT,64'hEAAA000000000000
u_dut/t_r[626]_i_1,LUT3,SLICE_X15Y219,SLICEL.A5LUT,8'h80
u_dut/t_r[627]_i_1,LUT5,SLICE_X21Y222,SLICEL.A6LUT,32'h80808000
u_dut/t_r[628]_i_1,LUT4,SLICE_X10Y219,SLICEM.C6LUT,16'h8000
u_dut/t_r[629]_i_1,LUT6,SLICE_X21Y222,SLICEL.B6LUT,64'h8000800080000000
u_dut/t_r[62]_i_1,LUT6,SLICE_X26Y241,SLICEL.C6LUT,64'hC888888800000000
u_dut/t_r[630]_i_1,LUT5,SLICE_X7Y222,SLICEL.A5LUT,32'hFFFF8000
u_dut/t_r[630]_i_2,LUT5,SLICE_X21Y222,SLICEL.A5LUT,32'h80000000
u_dut/t_r[631]_i_1,LUT4,SLICE_X4Y220,SLICEL.B5LUT,16'h8000
u_dut/t_r[632]_i_1,LUT6,SLICE_X8Y221,SLICEM.B6LUT,64'h8080808080808000
u_dut/t_r[633]_i_1,LUT6,SLICE_X16Y230,SLICEM.B6LUT,64'h8000800080000000
u_dut/t_r[634]_i_1,LUT6,SLICE_X15Y219,SLICEL.B6LUT,64'h8080800080008000
u_dut/t_r[635]_i_1,LUT5,SLICE_X16Y230,SLICEM.A5LUT,32'h80000000
u_dut/t_r[636]_i_1,LUT6,SLICE_X15Y219,SLICEL.C6LUT,64'h8000800080000000
u_dut/t_r[637]_i_1,LUT6,SLICE_X8Y231,SLICEM.C6LUT,64'h8000000000000000
u_dut/t_r[638]_i_1,LUT3,SLICE_X5Y221,SLICEL.D6LUT,8'hFE
u_dut/t_r[638]_i_2,LUT6,SLICE_X8Y231,SLICEM.D6LUT,64'h8000000000000000
u_dut/t_r[63]_i_1,LUT6,SLICE_X26Y241,SLICEL.D6LUT,64'h8888888000000000
u_dut/t_r[640]_i_1,LUT4,SLICE_X9Y234,SLICEL.A6LUT,16'hFE00
u_dut/t_r[641]_i_1,LUT3,SLICE_X9Y234,SLICEL.B6LUT,8'hE0
u_dut/t_r[642]_i_1,LUT4,SLICE_X9Y234,SLICEL.C6LUT,16'hEA00
u_dut/t_r[643]_i_1,LUT2,SLICE_X9Y234,SLICEL.D6LUT,4'h8
u_dut/t_r[644]_i_1,LUT4,SLICE_X9Y234,SLICEL.C5LUT,16'hA800
u_dut/t_r[645]_i_1,LUT3,SLICE_X9Y234,SLICEL.B5LUT,8'h80
u_dut/t_r[646]_i_1,LUT4,SLICE_X11Y233,SLICEL.C6LUT,16'hFFA8
u_dut/t_r[646]_i_2,LUT4,SLICE_X9Y234,SLICEL.A5LUT,16'h8000
u_dut/t_r[647]_i_1,LUT3,SLICE_X9Y233,SLICEL.A6LUT,8'hE0
u_dut/t_r[648]_i_1,LUT5,SLICE_X8Y218,SLICEM.D6LUT,32'hFEEEAAAA
u_dut/t_r[649]_i_1,LUT6,SLICE_X9Y233,SLICEL.C6LUT,64'hFEEEAAAA00000000
u_dut/t_r[64]_i_1,LUT6,SLICE_X27Y241,SLICEL.C6LUT,64'h8880808000000000
u_dut/t_r[64]_i_2,LUT2,SLICE_X25Y241,SLICEL.A6LUT,4'h8
u_dut/t_r[650]_i_1,LUT4,SLICE_X16Y231,SLICEM.A6LUT,16'hEA00
u_dut/t_r[651]_i_1,LUT5,SLICE_X9Y233,SLICEL.B6LUT,32'hEAAA0000
u_dut/t_r[652]_i_1,LUT2,SLICE_X9Y233,SLICEL.D6LUT,4'h8
u_dut/t_r[653]_i_1,LUT6,SLICE_X8Y230,SLICEM.D6LUT,64'hFFF0FEF0F0F0F0F0
u_dut/t_r[654]_i_1,LUT5,SLICE_X4Y227,SLICEL.A5LUT,32'hFCECCCCC
u_dut/t_r[655]_i_1,LUT6,SLICE_X4Y233,SLICEL.B6LUT,64'hFFF0F8F0F0F0F0F0
u_dut/t_r[656]_i_1,LUT3,SLICE_X9Y233,SLICEL.A5LUT,8'h80
u_dut/t_r[657]_i_1,LUT6,SLICE_X16Y231,SLICEM.B6LUT,64'h8080808080808000
u_dut/t_r[658]_i_1,LUT6,SLICE_X5Y232,SLICEL.A6LUT,64'h8080800080008000
u_dut/t_r[659]_i_1,LUT4,SLICE_X16Y231,SLICEM.A5LUT,16'h8000
u_dut/t_r[65]_i_1,LUT5,SLICE_X27Y240,SLICEL.D5LUT,32'hFFF8F0F0
u_dut/t_r[65]_i_2,LUT6,SLICE_X27Y240,SLICEL.C6LUT,64'h8000000000000000
u_dut/t_r[660]_i_1,LUT6,SLICE_X16Y231,SLICEM.C6LUT,64'h8000800080000000
u_dut/t_r[661]_i_1,LUT5,SLICE_X9Y233,SLICEL.B5LUT,32'h80000000
u_dut/t_r[662]_i_1,LUT5,SLICE_X5Y221,SLICEL.C5LUT,32'hFFFFFFA8
u_dut/t_r[662]_i_2,LUT6,SLICE_X5Y232,SLICEL.B6LUT,64'h8000000000000000
u_dut/t_r[663]_i_1,LUT3,SLICE_X5Y223,SLICEL.C6LUT,8'hE0
u_dut/t_r[664]_i_1,LUT5,SLICE_X15Y231,SLICEL.A6LUT,32'h88888880
u_dut/t_r[665]_i_1,LUT4,SLICE_X15Y231,SLICEL.B6LUT,16'h8880
u_dut/t_r[666]_i_1,LUT5,SLICE_X15Y231,SLICEL.C6LUT,32'h88808080
u_dut/t_r[667]_i_1,LUT3,SLICE_X8Y221,SLICEM.C6LUT,8'h80
u_dut/t_r[668]_i_1,LUT5,SLICE_X15Y231,SLICEL.C5LUT,32'hA8000000
u_dut/t_r[669]_i_1,LUT4,SLICE_X15Y231,SLICEL.B5LUT,16'h8000
u_dut/t_r[66]_i_1,LUT3,SLICE_X28Y241,SLICEL.A6LUT,8'h80
u_dut/t_r[670]_i_1,LUT6,SLICE_X16Y231,SLICEM.D6LUT,64'hFFFFFFFFAAAA8880
u_dut/t_r[670]_i_2,LUT5,SLICE_X15Y231,SLICEL.A5LUT,32'h80000000
u_dut/t_r[671]_i_1,LUT5,SLICE_X13Y221,SLICEL.A6LUT,32'hFEAA0000
u_dut/t_r[672]_i_1,LUT6,SLICE_X17Y222,SLICEL.B6LUT,64'h8080808080808000
u_dut/t_r[673]_i_1,LUT5,SLICE_X17Y231,SLICEL.A6LUT,32'h80808000
u_dut/t_r[674]_i_1,LUT6,SLICE_X17Y222,SLICEL.A6LUT,64'h8080800080008000
u_dut/t_r[675]_i_1,LUT4,SLICE_X12Y221,SLICEM.C6LUT,16'h8000
u_dut/t_r[676]_i_1,LUT6,SLICE_X17Y231,SLICEL.B6LUT,64'h8000800080000000
u_dut/t_r[677]_i_1,LUT6,SLICE_X13Y222,SLICEL.B6LUT,64'hFFFFFFFFFFFFAA80
u_dut/t_r[677]_i_2,LUT5,SLICE_X17Y231,SLICEL.A5LUT,32'h80000000
u_dut/t_r[678]_i_1,LUT4,SLICE_X13Y221,SLICEL.A5LUT,16'hEA00
u_dut/t_r[679]_i_1,LUT6,SLICE_X5Y222,SLICEL.D6LUT,64'hFFFFFFFF88008000
u_dut/t_r[67]_i_1,LUT5,SLICE_X23Y240,SLICEL.A6LUT,32'hFFFE0000
u_dut/t_r[680]_i_1,LUT6,SLICE_X6Y222,SLICEM.D6LUT,64'hFAAAEAAAAAAAAAAA
u_dut/t_r[680]_i_2,LUT4,SLICE_X5Y223,SLICEL.C5LUT,16'hFFF8
u_dut/t_r[681]_i_1,LUT6,SLICE_X9Y221,SLICEL.C6LUT,64'hFFFFFF80FF00FF00
u_dut/t_r[682]_i_1,LUT6,SLICE_X13Y221,SLICEL.D6LUT,64'hF0F0F0E000000000
u_dut/t_r[683]_i_1,LUT6,SLICE_X13Y221,SLICEL.B6LUT,64'hCCC8C8C800000000
u_dut/t_r[684]_i_1,LUT6,SLICE_X9Y221,SLICEL.D6LUT,64'hFEAAEEAAAAAAAAAA
u_dut/t_r[685]_i_1,LUT2,SLICE_X5Y221,SLICEL.D5LUT,4'hE
u_dut/t_r[685]_i_2,LUT6,SLICE_X13Y221,SLICEL.C6LUT,64'h8080808080808000
u_dut/t_r[686]_i_1,LUT6,SLICE_X9Y219,SLICEL.D6LUT,64'hFAAAEAAAAAAAAAAA
u_dut/t_r[686]_i_2,LUT2,SLICE_X7Y221,SLICEL.A6LUT,4'h8
u_dut/t_r[688]_i_1,LUT6,SLICE_X6Y220,SLICEM.C6LUT,64'hFFFFFEEE00000000
u_dut/t_r[689]_i_1,LUT6,SLICE_X6Y220,SLICEM.A6LUT,64'hFEEEEEEE00000000
u_dut/t_r[690]_i_1,LUT6,SLICE_X7Y220,SLICEL.B6LUT,64'hFEEEEEEEAAAAAAAA
u_dut/t_r[691]_i_1,LUT6,SLICE_X4Y227,SLICEL.C6LUT,64'hFFFECCCCFEFECCCC
u_dut/t_r[692]_i_1,LUT6,SLICE_X12Y220,SLICEM.A6LUT,64'hF0F0F0E000000000
u_dut/t_r[693]_i_1,LUT6,SLICE_X9Y220,SLICEL.A6LUT,64'hFFFFAAAAEAAAAAAA
u_dut/t_r[694]_i_1,LUT6,SLICE_X12Y220,SLICEM.B6LUT,64'h8080808080808000
u_dut/t_r[695]_i_1,LUT4,SLICE_X6Y220,SLICEM.B6LUT,16'h8000
u_dut/t_r[696]_i_1,LUT3,SLICE_X10Y220,SLICEM.D6LUT,8'hF8
u_dut/t_r[696]_i_2,LUT6,SLICE_X12Y220,SLICEM.C6LUT,64'h8000000000000000
u_dut/t_r[697]_i_1,LUT6,SLICE_X7Y221,SLICEL.B6LUT,64'hFAFAFAFAFAEAEAEA
u_dut/t_r[698]_i_1,LUT6,SLICE_X8Y219,SLICEM.C6LUT,64'hFEEEEEEE00000000
u_dut/t_r[699]_i_1,LUT6,SLICE_X7Y221,SLICEL.C6LUT,64'hFAEAEAEAEAEAEAEA
u_dut/t_r[69]_i_1,LUT6,SLICE_X28Y241,SLICEL.B6LUT,64'hFEEEEEEE00000000
u_dut/t_r[6]_i_1,LUT6,SLICE_X32Y228,SLICEL.D6LUT,64'hFFFFFFFEFCFCFCFC
u_dut/t_r[6]_i_2,LUT5,SLICE_X31Y232,SLICEL.D5LUT,32'hFEEE0000
u_dut/t_r[700]_i_1,LUT6,SLICE_X8Y219,SLICEM.A6LUT,64'hEAAAAAAA00000000
u_dut/t_r[701]_i_1,LUT6,SLICE_X9Y220,SLICEL.B6LUT,64'hFAFAAAAAFAEAAAAA
u_dut/t_r[702]_i_1,LUT6,SLICE_X9Y220,SLICEL.C6LUT,64'hFFFFAAAAEAAAAAAA
u_dut/t_r[702]_i_2,LUT2,SLICE_X8Y221,SLICEM.C5LUT,4'h8
u_dut/t_r[703]_i_1,LUT6,SLICE_X8Y219,SLICEM.B6LUT,64'h8080808080808000
u_dut/t_r[705]_i_1,LUT6,SLICE_X6Y223,SLICEM.D6LUT,64'hFFFF0000FFFE0000
u_dut/t_r[706]_i_1,LUT6,SLICE_X10Y220,SLICEM.B6LUT,64'hFFFFFEEE00000000
u_dut/t_r[707]_i_1,LUT6,SLICE_X10Y220,SLICEM.A6LUT,64'hFEEEEEEE00000000
u_dut/t_r[708]_i_1,LUT6,SLICE_X10Y222,SLICEM.D6LUT,64'hFAFAFAFAFAAAEAAA
u_dut/t_r[709]_i_1,LUT4,SLICE_X15Y217,SLICEL.A6LUT,16'hEA00
u_dut/t_r[70]_i_1,LUT6,SLICE_X23Y241,SLICEL.A6LUT,64'hFAFAFAF800000000
u_dut/t_r[710]_i_1,LUT6,SLICE_X15Y217,SLICEL.B6LUT,64'hEAAAAAAA00000000
u_dut/t_r[712]_i_1,LUT6,SLICE_X10Y219,SLICEM.D6LUT,64'hFEEEEEEEAAAAAAAA
u_dut/t_r[712]_i_2,LUT3,SLICE_X10Y219,SLICEM.C5LUT,8'hC8
u_dut/t_r[712]_i_3,LUT3,SLICE_X4Y219,SLICEL.B5LUT,8'hFE
u_dut/t_r[713]_i_1,LUT6,SLICE_X15Y217,SLICEL.C6LUT,64'hF0C0F08000000000
u_dut/t_r[714]_i_1,LUT6,SLICE_X9Y220,SLICEL.D6LUT,64'hFFFFAAAAEAAAAAAA
u_dut/t_r[714]_i_2,LUT4,SLICE_X4Y220,SLICEL.A5LUT,16'hF080
u_dut/t_r[716]_i_1,LUT6,SLICE_X15Y217,SLICEL.D6LUT,64'h8080808080808000
u_dut/t_r[719]_i_1,LUT5,SLICE_X15Y217,SLICEL.A5LUT,32'h80000000
u_dut/t_r[71]_i_1,LUT6,SLICE_X23Y240,SLICEL.B6LUT,64'h8080800080008000
u_dut/t_r[720]_i_1,LUT3,SLICE_X10Y220,SLICEM.D5LUT,8'hE0
u_dut/t_r[721]_i_1,LUT6,SLICE_X4Y227,SLICEL.D6LUT,64'hF0C0F0C0F0C0E0C0
u_dut/t_r[722]_i_1,LUT6,SLICE_X7Y221,SLICEL.D6LUT,64'hFF00F000F800F000
u_dut/t_r[722]_i_2,LUT2,SLICE_X8Y218,SLICEM.D5LUT,4'h8
u_dut/t_r[722]_i_3,LUT2,SLICE_X7Y221,SLICEL.A5LUT,4'hE
u_dut/t_r[723]_i_1,LUT6,SLICE_X12Y221,SLICEM.D6LUT,64'hFFEAEAEA00000000
u_dut/t_r[723]_i_2,LUT3,SLICE_X6Y220,SLICEM.B5LUT,8'hF8
u_dut/t_r[723]_i_3,LUT3,SLICE_X12Y221,SLICEM.C5LUT,8'h80
u_dut/t_r[724]_i_1,LUT4,SLICE_X5Y220,SLICEL.A6LUT,16'hF080
u_dut/t_r[725]_i_1,LUT6,SLICE_X5Y221,SLICEL.B6LUT,64'hFFFF000080000000
u_dut/t_r[726]_i_1,LUT4,SLICE_X5Y220,SLICEL.A5LUT,16'hC800
u_dut/t_r[726]_i_2,LUT6,SLICE_X5Y220,SLICEL.B6LUT,64'hFFFF0000FF800000
u_dut/t_r[72]_i_1,LUT5,SLICE_X23Y240,SLICEL.A5LUT,32'hEAAA0000
u_dut/t_r[738]_i_1,LUT2,SLICE_X28Y228,SLICEL.A6LUT,4'hE
u_dut/t_r[739]_i_1,LUT5,SLICE_X28Y229,SLICEL.A6LUT,32'hFFFE0000
u_dut/t_r[73]_i_1,LUT4,SLICE_X28Y241,SLICEL.A5LUT,16'h8000
u_dut/t_r[740]_i_1,LUT4,SLICE_X28Y229,SLICEL.B6LUT,16'hFE00
u_dut/t_r[742]_i_1,LUT3,SLICE_X28Y229,SLICEL.C6LUT,8'hE0
u_dut/t_r[743]_i_1,LUT5,SLICE_X11Y230,SLICEL.A6LUT,32'hFEAA0000
u_dut/t_r[745]_i_1,LUT5,SLICE_X28Y229,SLICEL.D6LUT,32'hEAAA0000
u_dut/t_r[746]_i_1,LUT2,SLICE_X11Y230,SLICEL.B6LUT,4'h8
u_dut/t_r[747]_i_1,LUT5,SLICE_X28Y229,SLICEL.A5LUT,32'hCCC80000
u_dut/t_r[74]_i_1,LUT5,SLICE_X23Y240,SLICEL.C6LUT,32'hAAA80000
u_dut/t_r[750]_i_1,LUT3,SLICE_X28Y229,SLICEL.C5LUT,8'h80
u_dut/t_r[751]_i_1,LUT4,SLICE_X28Y229,SLICEL.B5LUT,16'h8000
u_dut/t_r[752]_i_1,LUT5,SLICE_X16Y228,SLICEM.D6LUT,32'hFFFFFFFE
u_dut/t_r[752]_i_2,LUT5,SLICE_X11Y230,SLICEL.A5LUT,32'h80000000
u_dut/t_r[754]_i_1,LUT5,SLICE_X15Y216,SLICEL.A6LUT,32'hFF00FE00
u_dut/t_r[755]_i_1,LUT4,SLICE_X21Y229,SLICEL.A6LUT,16'hF0E0
u_dut/t_r[756]_i_1,LUT6,SLICE_X11Y221,SLICEL.D6LUT,64'hFAFAFAFAFAEAEAEA
u_dut/t_r[757]_i_1,LUT3,SLICE_X13Y219,SLICEL.B6LUT,8'hC8
u_dut/t_r[758]_i_1,LUT5,SLICE_X15Y216,SLICEL.A5LUT,32'hFF00C800
u_dut/t_r[759]_i_1,LUT5,SLICE_X14Y229,SLICEM.D6LUT,32'hFAEAEAEA
u_dut/t_r[75]_i_1,LUT6,SLICE_X23Y240,SLICEL.D6LUT,64'hC8C8C88800000000
u_dut/t_r[761]_i_1,LUT6,SLICE_X21Y229,SLICEL.B6LUT,64'hFFFE000000000000
u_dut/t_r[762]_i_1,LUT4,SLICE_X21Y229,SLICEL.A5LUT,16'h8880
u_dut/t_r[763]_i_1,LUT4,SLICE_X21Y218,SLICEL.D6LUT,16'hFFFE
u_dut/t_r[763]_i_2,LUT6,SLICE_X13Y219,SLICEL.A6LUT,64'hEAAA000000000000
u_dut/t_r[766]_i_1,LUT2,SLICE_X17Y221,SLICEL.A6LUT,4'hE
u_dut/t_r[767]_i_1,LUT5,SLICE_X11Y225,SLICEL.B6LUT,32'hFFFE0000
u_dut/t_r[769]_i_1,LUT6,SLICE_X17Y220,SLICEL.D6LUT,64'hFFFFFFF8F0F0F0F0
u_dut/t_r[76]_i_1,LUT6,SLICE_X23Y241,SLICEL.B6LUT,64'hC888888800000000
u_dut/t_r[770]_i_1,LUT3,SLICE_X15Y224,SLICEL.C6LUT,8'hE0
u_dut/t_r[773]_i_1,LUT5,SLICE_X11Y225,SLICEL.C6LUT,32'hEAAA0000
u_dut/t_r[775]_i_1,LUT5,SLICE_X11Y225,SLICEL.B5LUT,32'hCCC80000
u_dut/t_r[776]_i_1,LUT4,SLICE_X11Y225,SLICEL.C5LUT,16'hC800
u_dut/t_r[778]_i_1,LUT6,SLICE_X16Y226,SLICEM.D6LUT,64'hFEEEAAAAAAAAAAAA
u_dut/t_r[77]_i_1,LUT6,SLICE_X23Y241,SLICEL.C6LUT,64'h8888888000000000
u_dut/t_r[780]_i_1,LUT6,SLICE_X15Y224,SLICEL.D6LUT,64'h8888888080808080
u_dut/t_r[782]_i_1,LUT6,SLICE_X21Y218,SLICEL.B6LUT,64'h8800800080008000
u_dut/t_r[783]_i_1,LUT3,SLICE_X25Y226,SLICEL.D6LUT,8'hFE
u_dut/t_r[783]_i_2,LUT6,SLICE_X21Y218,SLICEL.C6LUT,64'h8000000000000000
u_dut/t_r[784]_i_1,LUT5,SLICE_X17Y221,SLICEL.B6LUT,32'hFFFE0000
u_dut/t_r[786]_i_1,LUT4,SLICE_X17Y221,SLICEL.C6LUT,16'hEA00
u_dut/t_r[787]_i_1,LUT2,SLICE_X17Y221,SLICEL.A5LUT,4'h8
u_dut/t_r[788]_i_1,LUT5,SLICE_X25Y217,SLICEL.A6LUT,32'hC8880000
u_dut/t_r[789]_i_1,LUT6,SLICE_X17Y221,SLICEL.D6LUT,64'hFFFFFFFFFFFFFE00
u_dut/t_r[789]_i_2,LUT5,SLICE_X17Y221,SLICEL.B5LUT,32'hE0000000
u_dut/t_r[78]_i_1,LUT6,SLICE_X23Y241,SLICEL.D6LUT,64'h8880808000000000
u_dut/t_r[792]_i_1,LUT6,SLICE_X15Y221,SLICEL.B6LUT,64'hFFFFFFE0FF00FF00
u_dut/t_r[793]_i_1,LUT6,SLICE_X25Y223,SLICEL.B6LUT,64'hFFF0FFF0FFF0F8F0
u_dut/t_r[795]_i_1,LUT6,SLICE_X30Y228,SLICEL.B6LUT,64'hFFF0FFF0FFF0F8F0
u_dut/t_r[795]_i_2,LUT4,SLICE_X29Y227,SLICEL.A6LUT,16'hF080
u_dut/t_r[797]_i_1,LUT2,SLICE_X29Y228,SLICEL.A6LUT,4'h8
u_dut/t_r[799]_i_1,LUT5,SLICE_X29Y228,SLICEL.A5LUT,32'hCCC80000
u_dut/t_r[79]_i_1,LUT3,SLICE_X28Y241,SLICEL.C5LUT,8'hF8
u_dut/t_r[79]_i_2,LUT5,SLICE_X23Y240,SLICEL.C5LUT,32'h80000000
u_dut/t_r[7]_i_1,LUT6,SLICE_X26Y238,SLICEL.D6LUT,64'hFFFFFFE0FF00FF00
u_dut/t_r[7]_i_2,LUT2,SLICE_X34Y236,SLICEL.B5LUT,4'h8
u_dut/t_r[7]_i_3,LUT2,SLICE_X27Y238,SLICEL.B5LUT,4'hE
u_dut/t_r[800]_i_1,LUT6,SLICE_X30Y215,SLICEL.A6LUT,64'hFFFFFFFFF8000000
u_dut/t_r[802]_i_1,LUT6,SLICE_X30Y215,SLICEL.B6LUT,64'hFFFFFFFFC8000000
u_dut/t_r[802]_i_2,LUT6,SLICE_X30Y215,SLICEL.C6LUT,64'hFFFFFFFFFFFFF800
u_dut/t_r[803]_i_1,LUT6,SLICE_X29Y229,SLICEL.C6LUT,64'hFCFCFCCCFCECFCCC
u_dut/t_r[805]_i_1,LUT6,SLICE_X15Y225,SLICEL.B6LUT,64'h8888888888888880
u_dut/t_r[807]_i_1,LUT6,SLICE_X15Y225,SLICEL.A6LUT,64'h8888888080808080
u_dut/t_r[809]_i_1,LUT6,SLICE_X29Y228,SLICEL.B6LUT,64'h8800880088008000
u_dut/t_r[80]_i_1,LUT2,SLICE_X37Y237,SLICEL.C5LUT,4'h8
u_dut/t_r[810]_i_1,LUT6,SLICE_X29Y228,SLICEL.C6LUT,64'h8800800080008000
u_dut/t_r[811]_i_1,LUT4,SLICE_X16Y228,SLICEM.D5LUT,16'hFEEE
u_dut/t_r[811]_i_2,LUT6,SLICE_X29Y228,SLICEL.D6LUT,64'hE000000000000000
u_dut/t_r[813]_i_1,LUT5,SLICE_X31Y229,SLICEL.A6LUT,32'hFE000000
u_dut/t_r[814]_i_1,LUT4,SLICE_X31Y229,SLICEL.B6LUT,16'h8880
u_dut/t_r[815]_i_1,LUT5,SLICE_X31Y229,SLICEL.A5LUT,32'hEA000000
u_dut/t_r[816]_i_1,LUT3,SLICE_X31Y229,SLICEL.B5LUT,8'h80
u_dut/t_r[817]_i_1,LUT5,SLICE_X31Y229,SLICEL.C6LUT,32'hC8000000
u_dut/t_r[819]_i_1,LUT6,SLICE_X32Y229,SLICEL.D6LUT,64'hFFFFFFFFFFFF8880
u_dut/t_r[819]_i_2,LUT5,SLICE_X31Y229,SLICEL.C5LUT,32'h80000000
u_dut/t_r[81]_i_1,LUT6,SLICE_X35Y227,SLICEL.B6LUT,64'hFFFE000000000000
u_dut/t_r[825]_i_1,LUT6,SLICE_X28Y228,SLICEL.D6LUT,64'hEAAA000000000000
u_dut/t_r[829]_i_1,LUT6,SLICE_X32Y225,SLICEL.D6LUT,64'h8888888080808080
u_dut/t_r[82]_i_1,LUT5,SLICE_X23Y236,SLICEL.A6LUT,32'hFE000000
u_dut/t_r[830]_i_1,LUT6,SLICE_X32Y225,SLICEL.A6LUT,64'h8880808080808080
u_dut/t_r[831]_i_1,LUT6,SLICE_X32Y225,SLICEL.B6LUT,64'h8800880088008000
u_dut/t_r[832]_i_1,LUT6,SLICE_X31Y225,SLICEL.D6LUT,64'hFFFFFFFFFFFF8000
u_dut/t_r[832]_i_2,LUT6,SLICE_X32Y225,SLICEL.C6LUT,64'h8800800080008000
u_dut/t_r[835]_i_1,LUT6,SLICE_X30Y229,SLICEL.B6LUT,64'hFFAAFEAAFEAAFEAA
u_dut/t_r[836]_i_1,LUT5,SLICE_X28Y228,SLICEL.B6LUT,32'hAAA88888
u_dut/t_r[837]_i_1,LUT5,SLICE_X28Y228,SLICEL.B5LUT,32'hA8888888
u_dut/t_r[83]_i_1,LUT6,SLICE_X23Y236,SLICEL.B6LUT,64'hFEEEEEEE00000000
u_dut/t_r[840]_i_1,LUT2,SLICE_X25Y226,SLICEL.D5LUT,4'hE
u_dut/t_r[840]_i_2,LUT5,SLICE_X28Y228,SLICEL.C6LUT,32'h80000000
u_dut/t_r[842]_i_1,LUT5,SLICE_X29Y227,SLICEL.B6LUT,32'hFFFE0000
u_dut/t_r[844]_i_1,LUT5,SLICE_X28Y217,SLICEL.D6LUT,32'hFFAAFEAA
u_dut/t_r[844]_i_2,LUT4,SLICE_X25Y217,SLICEL.A5LUT,16'hF0E0
u_dut/t_r[847]_i_1,LUT5,SLICE_X28Y228,SLICEL.A5LUT,32'hFFF8F0F0
u_dut/t_r[847]_i_2,LUT4,SLICE_X28Y228,SLICEL.C5LUT,16'hFFFE
u_dut/t_r[848]_i_1,LUT6,SLICE_X30Y229,SLICEL.C6LUT,64'hFFFFFFE0FF00FF00
u_dut/t_r[84]_i_1,LUT6,SLICE_X23Y236,SLICEL.C6LUT,64'hFAFAFAF800000000
u_dut/t_r[852]_i_1,LUT6,SLICE_X27Y226,SLICEL.D6LUT,64'hFFFFFF80FF00FF00
u_dut/t_r[852]_i_2,LUT3,SLICE_X29Y227,SLICEL.C6LUT,8'h80
u_dut/t_r[853]_i_1,LUT6,SLICE_X25Y217,SLICEL.B6LUT,64'hCCCCCCC800000000
u_dut/t_r[855]_i_1,LUT4,SLICE_X29Y227,SLICEL.B5LUT,16'hC800
u_dut/t_r[858]_i_1,LUT6,SLICE_X29Y227,SLICEL.D6LUT,64'h8888888888888880
u_dut/t_r[85]_i_1,LUT6,SLICE_X32Y242,SLICEL.A6LUT,64'hFAF8F8F800000000
u_dut/t_r[860]_i_1,LUT6,SLICE_X21Y224,SLICEL.A6LUT,64'h8880808080808080
u_dut/t_r[861]_i_1,LUT6,SLICE_X33Y229,SLICEL.A6LUT,64'h8800800080008000
u_dut/t_r[862]_i_1,LUT4,SLICE_X21Y218,SLICEL.D5LUT,16'hFFA8
u_dut/t_r[862]_i_2,LUT6,SLICE_X33Y229,SLICEL.B6LUT,64'h8000000000000000
u_dut/t_r[863]_i_1,LUT6,SLICE_X23Y228,SLICEL.D6LUT,64'hFFCCFFC0FFC8FFC0
u_dut/t_r[866]_i_1,LUT6,SLICE_X29Y229,SLICEL.D6LUT,64'hFFCCFFC0FFC8FFC0
u_dut/t_r[866]_i_2,LUT4,SLICE_X28Y229,SLICEL.D5LUT,16'h8880
u_dut/t_r[867]_i_1,LUT4,SLICE_X33Y228,SLICEL.D6LUT,16'h8880
u_dut/t_r[869]_i_1,LUT6,SLICE_X32Y229,SLICEL.C6LUT,64'hFAAAEAAAEAAAEAAA
u_dut/t_r[86]_i_1,LUT6,SLICE_X32Y242,SLICEL.B6LUT,64'hEAEAEAAA00000000
u_dut/t_r[873]_i_1,LUT6,SLICE_X31Y227,SLICEL.C6LUT,64'hCC88C88800000000
u_dut/t_r[873]_i_2,LUT2,SLICE_X15Y224,SLICEL.C5LUT,4'h8
u_dut/t_r[875]_i_1,LUT6,SLICE_X31Y227,SLICEL.A6LUT,64'h8880000000000000
u_dut/t_r[877]_i_1,LUT3,SLICE_X31Y227,SLICEL.D6LUT,8'hF8
u_dut/t_r[877]_i_2,LUT6,SLICE_X31Y227,SLICEL.B6LUT,64'h8000000000000000
u_dut/t_r[878]_i_1,LUT6,SLICE_X30Y229,SLICEL.D6LUT,64'hFFF0FEF0F0F0F0F0
u_dut/t_r[878]_i_2,LUT2,SLICE_X30Y228,SLICEL.C6LUT,4'hE
u_dut/t_r[879]_i_1,LUT6,SLICE_X30Y228,SLICEL.D6LUT,64'hFFFECCCCCCCCCCCC
u_dut/t_r[879]_i_2,LUT3,SLICE_X29Y227,SLICEL.C5LUT,8'hC8
u_dut/t_r[87]_i_1,LUT3,SLICE_X25Y241,SLICEL.A5LUT,8'h80
u_dut/t_r[881]_i_1,LUT6,SLICE_X25Y223,SLICEL.C6LUT,64'hFEAAAAAAEEAAAAAA
u_dut/t_r[881]_i_2,LUT4,SLICE_X25Y211,SLICEL.A6LUT,16'hFF80
u_dut/t_r[881]_i_3,LUT4,SLICE_X25Y223,SLICEL.D6LUT,16'hFF80
u_dut/t_r[888]_i_1,LUT6,SLICE_X26Y223,SLICEL.D6LUT,64'hFFAAAAAAFEAAAAAA
u_dut/t_r[888]_i_2,LUT2,SLICE_X15Y216,SLICEL.B6LUT,4'h8
u_dut/t_r[888]_i_3,LUT4,SLICE_X25Y223,SLICEL.D5LUT,16'h8000
u_dut/t_r[88]_i_1,LUT6,SLICE_X23Y236,SLICEL.D6LUT,64'h8080808080808000
u_dut/t_r[891]_i_1,LUT6,SLICE_X25Y229,SLICEL.D6LUT,64'hFFFFFFFF80000000
u_dut/t_r[892]_i_1,LUT5,SLICE_X30Y228,SLICEL.C5LUT,32'hFFFF8000
u_dut/t_r[892]_i_2,LUT4,SLICE_X33Y228,SLICEL.D5LUT,16'h8000
u_dut/t_r[894]_i_1,LUT6,SLICE_X27Y228,SLICEL.D6LUT,64'hFFFE0000FEFE0000
u_dut/t_r[894]_i_2,LUT4,SLICE_X29Y227,SLICEL.A5LUT,16'hFFA8
u_dut/t_r[895]_i_1,LUT5,SLICE_X15Y216,SLICEL.B5LUT,32'hCCCCCCC8
u_dut/t_r[89]_i_1,LUT5,SLICE_X23Y236,SLICEL.A5LUT,32'h80808000
u_dut/t_r[902]_i_1,LUT6,SLICE_X22Y218,SLICEM.B6LUT,64'hFEEE0000EEEE0000
u_dut/t_r[90]_i_1,LUT6,SLICE_X25Y241,SLICEL.B6LUT,64'hC888000000000000
u_dut/t_r[91]_i_1,LUT6,SLICE_X25Y241,SLICEL.C6LUT,64'h8888888000000000
u_dut/t_r[921]_i_1,LUT6,SLICE_X27Y220,SLICEL.D6LUT,64'hFF00800000000000
u_dut/t_r[921]_i_2,LUT3,SLICE_X17Y221,SLICEL.C5LUT,8'hFE
u_dut/t_r[921]_i_3,LUT2,SLICE_X14Y229,SLICEM.D5LUT,4'h8
u_dut/t_r[922]_i_1,LUT5,SLICE_X25Y211,SLICEL.A5LUT,32'hC0800000
u_dut/t_r[922]_i_2,LUT6,SLICE_X25Y211,SLICEL.B6LUT,64'hFF00FF00FF00F800
u_dut/t_r[923]_i_1,LUT5,SLICE_X25Y226,SLICEL.A6LUT,32'hFFFFFFFE
u_dut/t_r[924]_i_1,LUT6,SLICE_X24Y211,SLICEL.C6LUT,64'hFFFFFFFFFFFFFFFE
u_dut/t_r[925]_i_1,LUT6,SLICE_X28Y225,SLICEL.D6LUT,64'hFFFFFFFEFFFEFFFE
u_dut/t_r[92]_i_1,LUT6,SLICE_X32Y241,SLICEL.A6LUT,64'h8880808000000000
u_dut/t_r[930]_i_1,LUT6,SLICE_X28Y214,SLICEL.B6LUT,64'hFFFFFFFFFFFFFFFE
u_dut/t_r[93]_i_1,LUT6,SLICE_X32Y241,SLICEL.B6LUT,64'hA800000000000000
u_dut/t_r[940]_i_1,LUT4,SLICE_X25Y226,SLICEL.B6LUT,16'hFE00
u_dut/t_r[943]_i_1,LUT6,SLICE_X28Y216,SLICEL.D6LUT,64'hFFFFFFFFFF00E000
u_dut/t_r[944]_i_1,LUT5,SLICE_X24Y211,SLICEL.B5LUT,32'hFFFFF080
u_dut/t_r[945]_i_1,LUT6,SLICE_X24Y215,SLICEL.D6LUT,64'hFFFFFFFFFF008000
u_dut/t_r[946]_i_1,LUT2,SLICE_X27Y215,SLICEL.C6LUT,4'h8
u_dut/t_r[947]_i_1,LUT5,SLICE_X25Y226,SLICEL.A5LUT,32'h88888880
u_dut/t_r[949]_i_1,LUT5,SLICE_X25Y226,SLICEL.C6LUT,32'hEA000000
u_dut/t_r[94]_i_1,LUT5,SLICE_X31Y238,SLICEL.C5LUT,32'hFFFF8880
u_dut/t_r[94]_i_2,LUT6,SLICE_X32Y242,SLICEL.C6LUT,64'h8000000000000000
u_dut/t_r[951]_i_1,LUT5,SLICE_X25Y226,SLICEL.C5LUT,32'hA8000000
u_dut/t_r[952]_i_1,LUT4,SLICE_X25Y226,SLICEL.B5LUT,16'h8000
u_dut/t_r[953]_i_1,LUT5,SLICE_X24Y213,SLICEL.B5LUT,32'hFFFFFFFE
u_dut/t_r[953]_i_2,LUT5,SLICE_X24Y212,SLICEL.A5LUT,32'h80000000
u_dut/t_r[954]_i_1,LUT5,SLICE_X24Y212,SLICEL.B5LUT,32'hFFFFFFFE
u_dut/t_r[957]_i_1,LUT5,SLICE_X24Y217,SLICEL.B6LUT,32'hFEEE0000
u_dut/t_r[959]_i_1,LUT6,SLICE_X25Y218,SLICEL.C6LUT,64'hFFFEEEEE00000000
u_dut/t_r[95]_i_1,LUT6,SLICE_X26Y239,SLICEL.C6LUT,64'h8888888888888880
u_dut/t_r[960]_i_1,LUT6,SLICE_X22Y218,SLICEM.C6LUT,64'hFFAAFEAAFEAAFEAA
u_dut/t_r[961]_i_1,LUT6,SLICE_X25Y218,SLICEL.A6LUT,64'hFEEEEEEE00000000
u_dut/t_r[963]_i_1,LUT5,SLICE_X24Y217,SLICEL.B5LUT,32'h88888880
u_dut/t_r[965]_i_1,LUT5,SLICE_X24Y217,SLICEL.C6LUT,32'h88808080
u_dut/t_r[967]_i_1,LUT5,SLICE_X24Y217,SLICEL.C5LUT,32'h80808000
u_dut/t_r[968]_i_1,LUT6,SLICE_X25Y215,SLICEL.C6LUT,64'hFFFFFFFFFFFFFFF8
u_dut/t_r[968]_i_2,LUT4,SLICE_X24Y217,SLICEL.A5LUT,16'h8000
u_dut/t_r[96]_i_1,LUT6,SLICE_X26Y239,SLICEL.D6LUT,64'h8080808080808000
u_dut/t_r[974]_i_1,LUT4,SLICE_X25Y214,SLICEL.A6LUT,16'h8880
u_dut/t_r[975]_i_1,LUT6,SLICE_X27Y214,SLICEL.B6LUT,64'hFFF8F0F0F0F0F0F0
u_dut/t_r[976]_i_1,LUT5,SLICE_X27Y215,SLICEL.D6LUT,32'hFECCCCCC
u_dut/t_r[977]_i_1,LUT3,SLICE_X27Y215,SLICEL.D5LUT,8'h80
u_dut/t_r[97]_i_1,LUT6,SLICE_X37Y236,SLICEL.A6LUT,64'hFEEE000000000000
u_dut/t_r[982]_i_1,LUT5,SLICE_X25Y214,SLICEL.A5LUT,32'h80000000
u_dut/t_r[983]_i_1,LUT4,SLICE_X26Y213,SLICEL.D5LUT,16'hFFFE
u_dut/t_r[983]_i_2,LUT6,SLICE_X25Y218,SLICEL.B6LUT,64'h8000000000000000
u_dut/t_r[984]_i_1,LUT6,SLICE_X32Y218,SLICEL.B6LUT,64'hFFFFFFFE00000000
u_dut/t_r[987]_i_1,LUT6,SLICE_X21Y228,SLICEL.A6LUT,64'hFFFEEEEE00000000
u_dut/t_r[989]_i_1,LUT3,SLICE_X21Y228,SLICEL.B6LUT,8'hE0
u_dut/t_r[98]_i_1,LUT5,SLICE_X24Y240,SLICEL.B5LUT,32'h80808000
u_dut/t_r[990]_i_1,LUT6,SLICE_X28Y223,SLICEL.D6LUT,64'hFFFFFF00FFE0FF00
u_dut/t_r[992]_i_1,LUT6,SLICE_X30Y219,SLICEL.D6LUT,64'hFFFFFF00FF80FF00
u_dut/t_r[993]_i_1,LUT5,SLICE_X27Y215,SLICEL.C5LUT,32'hFFF0F8F0
u_dut/t_r[994]_i_1,LUT6,SLICE_X21Y228,SLICEL.C6LUT,64'h8888888888888880
u_dut/t_r[995]_i_1,LUT5,SLICE_X26Y214,SLICEL.D5LUT,32'hFEAAAAAA
u_dut/t_r[997]_i_1,LUT3,SLICE_X21Y228,SLICEL.B5LUT,8'h80
u_dut/t_r[998]_i_1,LUT5,SLICE_X21Y228,SLICEL.D6LUT,32'h80808000
u_dut/t_r[999]_i_1,LUT4,SLICE_X21Y228,SLICEL.D5LUT,16'h8000
u_dut/t_r[99]_i_1,LUT6,SLICE_X24Y240,SLICEL.D6LUT,64'hAA88AA80AA80AA80
u_dut/t_r_reg[0],FDRE,SLICE_X37Y225,SLICEL.AFF,1'b0
u_dut/t_r_reg[1000],FDSE,SLICE_X31Y228,SLICEL.AFF,1'b0
u_dut/t_r_reg[1001],FDSE,SLICE_X26Y213,SLICEL.CFF,1'b0
u_dut/t_r_reg[1002],FDRE,SLICE_X22Y215,SLICEM.CFF,1'b0
u_dut/t_r_reg[1003],FDSE,SLICE_X26Y213,SLICEL.AFF,1'b0
u_dut/t_r_reg[1004],FDRE,SLICE_X28Y215,SLICEL.CFF,1'b0
u_dut/t_r_reg[1005],FDRE,SLICE_X28Y216,SLICEL.AFF,1'b0
u_dut/t_r_reg[1007],FDRE,SLICE_X24Y216,SLICEL.DFF,1'b0
u_dut/t_r_reg[1008],FDRE,SLICE_X26Y216,SLICEL.DFF,1'b0
u_dut/t_r_reg[1009],FDSE,SLICE_X26Y213,SLICEL.BFF,1'b0
u_dut/t_r_reg[100],FDSE,SLICE_X32Y240,SLICEL.DFF,1'b0
u_dut/t_r_reg[1010],FDSE,SLICE_X25Y213,SLICEL.AFF,1'b0
u_dut/t_r_reg[1012],FDRE,SLICE_X26Y214,SLICEL.AFF,1'b0
u_dut/t_r_reg[1017],FDRE,SLICE_X23Y215,SLICEL.BFF,1'b0
u_dut/t_r_reg[1018],FDRE,SLICE_X23Y215,SLICEL.CFF,1'b0
u_dut/t_r_reg[1019],FDRE,SLICE_X26Y214,SLICEL.BFF,1'b0
u_dut/t_r_reg[101],FDSE,SLICE_X26Y239,SLICEL.AFF,1'b0
u_dut/t_r_reg[1020],FDRE,SLICE_X29Y216,SLICEL.BFF,1'b0
u_dut/t_r_reg[1022],FDRE,SLICE_X25Y215,SLICEL.AFF,1'b0
u_dut/t_r_reg[1023],FDRE,SLICE_X25Y215,SLICEL.BFF,1'b0
u_dut/t_r_reg[1024],FDRE,SLICE_X27Y215,SLICEL.BFF,1'b0
u_dut/t_r_reg[1025],FDRE,SLICE_X29Y215,SLICEL.AFF,1'b0
u_dut/t_r_reg[1029],FDRE,SLICE_X27Y214,SLICEL.AFF,1'b0
u_dut/t_r_reg[102],FDSE,SLICE_X32Y240,SLICEL.AFF,1'b0
u_dut/t_r_reg[1030],FDRE,SLICE_X23Y214,SLICEL.AFF,1'b0
u_dut/t_r_reg[1031],FDRE,SLICE_X27Y216,SLICEL.DFF,1'b0
u_dut/t_r_reg[1035],FDRE,SLICE_X28Y214,SLICEL.AFF,1'b0
u_dut/t_r_reg[1036],FDRE,SLICE_X29Y215,SLICEL.DFF,1'b0
u_dut/t_r_reg[1037],FDRE,SLICE_X23Y214,SLICEL.CFF,1'b0
u_dut/t_r_reg[103],FDSE,SLICE_X25Y236,SLICEL.AFF,1'b0
u_dut/t_r_reg[1040],FDRE,SLICE_X28Y216,SLICEL.BFF,1'b0
u_dut/t_r_reg[1041],FDRE,SLICE_X28Y216,SLICEL.CFF,1'b0
u_dut/t_r_reg[1044],FDRE,SLICE_X23Y214,SLICEL.DFF,1'b0
u_dut/t_r_reg[1045],FDRE,SLICE_X29Y216,SLICEL.DFF,1'b0
u_dut/t_r_reg[1049],FDRE,SLICE_X24Y211,SLICEL.AFF,1'b0
u_dut/t_r_reg[104],FDSE,SLICE_X24Y240,SLICEL.AFF,1'b0
u_dut/t_r_reg[105],FDSE,SLICE_X24Y240,SLICEL.BFF,1'b0
u_dut/t_r_reg[106],FDSE,SLICE_X24Y240,SLICEL.CFF,1'b0
u_dut/t_r_reg[1078],FDSE,SLICE_X32Y219,SLICEL.AFF,1'b0
u_dut/t_r_reg[1079],FDSE,SLICE_X31Y217,SLICEL.CFF,1'b0
u_dut/t_r_reg[107],FDSE,SLICE_X26Y239,SLICEL.BFF,1'b0
u_dut/t_r_reg[1080],FDSE,SLICE_X32Y219,SLICEL.CFF,1'b0
u_dut/t_r_reg[1086],FDSE,SLICE_X36Y219,SLICEL.AFF,1'b0
u_dut/t_r_reg[1087],FDSE,SLICE_X32Y219,SLICEL.A5FF,1'b0
u_dut/t_r_reg[1089],FDSE,SLICE_X31Y217,SLICEL.AFF,1'b0
u_dut/t_r_reg[108],FDSE,SLICE_X25Y236,SLICEL.BFF,1'b0
u_dut/t_r_reg[1091],FDSE,SLICE_X33Y220,SLICEL.AFF,1'b0
u_dut/t_r_reg[1096],FDSE,SLICE_X32Y220,SLICEL.AFF,1'b0
u_dut/t_r_reg[1097],FDSE,SLICE_X31Y220,SLICEL.AFF,1'b0
u_dut/t_r_reg[109],FDSE,SLICE_X34Y239,SLICEL.BFF,1'b0
u_dut/t_r_reg[10],FDRE,SLICE_X32Y223,SLICEL.AFF,1'b0
u_dut/t_r_reg[1101],FDSE,SLICE_X33Y220,SLICEL.A5FF,1'b0
u_dut/t_r_reg[1104],FDSE,SLICE_X36Y219,SLICEL.A5FF,1'b0
u_dut/t_r_reg[1107],FDSE,SLICE_X32Y219,SLICEL.BFF,1'b0
u_dut/t_r_reg[110],FDSE,SLICE_X37Y237,SLICEL.AFF,1'b0
u_dut/t_r_reg[1111],FDSE,SLICE_X32Y220,SLICEL.BFF,1'b0
u_dut/t_r_reg[1114],FDSE,SLICE_X31Y220,SLICEL.BFF,1'b0
u_dut/t_r_reg[1119],FDSE,SLICE_X32Y220,SLICEL.CFF,1'b0
u_dut/t_r_reg[111],FDSE,SLICE_X37Y237,SLICEL.BFF,1'b0
u_dut/t_r_reg[1121],FDSE,SLICE_X33Y220,SLICEL.BFF,1'b0
u_dut/t_r_reg[1122],FDSE,SLICE_X33Y217,SLICEL.AFF,1'b0
u_dut/t_r_reg[1127],FDSE,SLICE_X31Y220,SLICEL.CFF,1'b0
u_dut/t_r_reg[1129],FDSE,SLICE_X33Y218,SLICEL.AFF,1'b0
u_dut/t_r_reg[112],FDSE,SLICE_X26Y237,SLICEL.AFF,1'b0
u_dut/t_r_reg[1134],FDSE,SLICE_X32Y219,SLICEL.B5FF,1'b0
u_dut/t_r_reg[1136],FDSE,SLICE_X33Y220,SLICEL.B5FF,1'b0
u_dut/t_r_reg[113],FDSE,SLICE_X26Y237,SLICEL.BFF,1'b0
u_dut/t_r_reg[1155],FDSE,SLICE_X31Y217,SLICEL.A5FF,1'b0
u_dut/t_r_reg[1156],FDSE,SLICE_X32Y220,SLICEL.DFF,1'b0
u_dut/t_r_reg[1158],FDSE,SLICE_X33Y220,SLICEL.CFF,1'b0
u_dut/t_r_reg[115],FDSE,SLICE_X37Y237,SLICEL.A5FF,1'b0
u_dut/t_r_reg[1166],FDSE,SLICE_X31Y217,SLICEL.BFF,1'b0
u_dut/t_r_reg[1167],FDSE,SLICE_X36Y219,SLICEL.BFF,1'b0
u_dut/t_r_reg[116],FDSE,SLICE_X23Y237,SLICEL.AFF,1'b0
u_dut/t_r_reg[1170],FDSE,SLICE_X31Y220,SLICEL.B5FF,1'b0
u_dut/t_r_reg[1171],FDSE,SLICE_X33Y220,SLICEL.DFF,1'b0
u_dut/t_r_reg[1172],FDSE,SLICE_X33Y220,SLICEL.D5FF,1'b0
u_dut/t_r_reg[1173],FDSE,SLICE_X33Y217,SLICEL.CFF,1'b0
u_dut/t_r_reg[1178],FDSE,SLICE_X31Y220,SLICEL.DFF,1'b0
u_dut/t_r_reg[117],FDSE,SLICE_X23Y237,SLICEL.BFF,1'b0
u_dut/t_r_reg[118],FDSE,SLICE_X23Y237,SLICEL.CFF,1'b0
u_dut/t_r_reg[1190],FDSE,SLICE_X32Y220,SLICEL.B5FF,1'b0
u_dut/t_r_reg[1192],FDSE,SLICE_X32Y220,SLICEL.C5FF,1'b0
u_dut/t_r_reg[119],FDSE,SLICE_X26Y237,SLICEL.CFF,1'b0
u_dut/t_r_reg[11],FDRE,SLICE_X36Y228,SLICEL.AFF,1'b0
u_dut/t_r_reg[1201],FDSE,SLICE_X33Y218,SLICEL.A5FF,1'b0
u_dut/t_r_reg[1202],FDSE,SLICE_X32Y220,SLICEL.D5FF,1'b0
u_dut/t_r_reg[1205],FDSE,SLICE_X32Y217,SLICEL.BFF,1'b0
u_dut/t_r_reg[1206],FDSE,SLICE_X31Y217,SLICEL.DFF,1'b0
u_dut/t_r_reg[120],FDSE,SLICE_X34Y239,SLICEL.AFF,1'b0
u_dut/t_r_reg[1210],FDSE,SLICE_X32Y220,SLICEL.A5FF,1'b0
u_dut/t_r_reg[1219],FDRE,SLICE_X34Y218,SLICEL.AFF,1'b0
u_dut/t_r_reg[121],FDSE,SLICE_X23Y237,SLICEL.DFF,1'b0
u_dut/t_r_reg[1222],FDRE,SLICE_X34Y217,SLICEL.BFF,1'b0
u_dut/t_r_reg[122],FDSE,SLICE_X27Y234,SLICEL.DFF,1'b0
u_dut/t_r_reg[1232],FDRE,SLICE_X34Y220,SLICEL.DFF,1'b0
u_dut/t_r_reg[1235],FDRE,SLICE_X34Y220,SLICEL.BFF,1'b0
u_dut/t_r_reg[1238],FDRE,SLICE_X34Y217,SLICEL.AFF,1'b0
u_dut/t_r_reg[123],FDSE,SLICE_X29Y239,SLICEL.AFF,1'b0
u_dut/t_r_reg[1240],FDRE,SLICE_X34Y220,SLICEL.CFF,1'b0
u_dut/t_r_reg[1241],FDRE,SLICE_X34Y218,SLICEL.A5FF,1'b0
u_dut/t_r_reg[1243],FDRE,SLICE_X34Y220,SLICEL.B5FF,1'b0
u_dut/t_r_reg[1245],FDRE,SLICE_X34Y217,SLICEL.A5FF,1'b0
u_dut/t_r_reg[124],FDSE,SLICE_X25Y239,SLICEL.AFF,1'b0
u_dut/t_r_reg[125],FDSE,SLICE_X37Y235,SLICEL.AFF,1'b0
u_dut/t_r_reg[1268],FDRE,SLICE_X25Y234,SLICEL.DFF,1'b0
u_dut/t_r_reg[126],FDSE,SLICE_X25Y239,SLICEL.BFF,1'b0
u_dut/t_r_reg[1271],FDSE,SLICE_X23Y230,SLICEL.AFF,1'b0
u_dut/t_r_reg[1272],FDSE,SLICE_X35Y229,SLICEL.AFF,1'b0
u_dut/t_r_reg[1273],FDRE,SLICE_X22Y226,SLICEM.BFF,1'b0
u_dut/t_r_reg[1274],FDSE,SLICE_X38Y232,SLICEM.BFF,1'b0
u_dut/t_r_reg[1278],FDSE,SLICE_X38Y232,SLICEM.A5FF,1'b0
u_dut/t_r_reg[1279],FDSE,SLICE_X38Y232,SLICEM.B5FF,1'b0
u_dut/t_r_reg[127],FDSE,SLICE_X27Y234,SLICEL.AFF,1'b0
u_dut/t_r_reg[1280],FDSE,SLICE_X38Y230,SLICEM.AFF,1'b0
u_dut/t_r_reg[1281],FDSE,SLICE_X38Y232,SLICEM.AFF,1'b0
u_dut/t_r_reg[1282],FDSE,SLICE_X38Y230,SLICEM.BFF,1'b0
u_dut/t_r_reg[1283],FDRE,SLICE_X28Y230,SLICEL.BFF,1'b0
u_dut/t_r_reg[1284],FDSE,SLICE_X25Y231,SLICEL.DFF,1'b0
u_dut/t_r_reg[1285],FDSE,SLICE_X25Y231,SLICEL.AFF,1'b0
u_dut/t_r_reg[1287],FDRE,SLICE_X35Y230,SLICEL.AFF,1'b0
u_dut/t_r_reg[128],FDSE,SLICE_X27Y234,SLICEL.A5FF,1'b0
u_dut/t_r_reg[1290],FDRE,SLICE_X28Y234,SLICEL.DFF,1'b0
u_dut/t_r_reg[1291],FDSE,SLICE_X23Y230,SLICEL.BFF,1'b0
u_dut/t_r_reg[1292],FDSE,SLICE_X25Y231,SLICEL.BFF,1'b0
u_dut/t_r_reg[1293],FDSE,SLICE_X37Y230,SLICEL.AFF,1'b0
u_dut/t_r_reg[1294],FDSE,SLICE_X25Y231,SLICEL.B5FF,1'b0
u_dut/t_r_reg[1295],FDSE,SLICE_X37Y230,SLICEL.BFF,1'b0
u_dut/t_r_reg[1296],FDSE,SLICE_X25Y231,SLICEL.CFF,1'b0
u_dut/t_r_reg[1297],FDSE,SLICE_X37Y230,SLICEL.CFF,1'b0
u_dut/t_r_reg[1298],FDSE,SLICE_X37Y230,SLICEL.DFF,1'b0
u_dut/t_r_reg[1299],FDRE,SLICE_X35Y230,SLICEL.BFF,1'b0
u_dut/t_r_reg[129],FDSE,SLICE_X25Y239,SLICEL.A5FF,1'b0
u_dut/t_r_reg[1300],FDSE,SLICE_X22Y232,SLICEM.CFF,1'b0
u_dut/t_r_reg[1302],FDRE,SLICE_X23Y232,SLICEL.BFF,1'b0
u_dut/t_r_reg[1303],FDSE,SLICE_X22Y232,SLICEM.AFF,1'b0
u_dut/t_r_reg[1304],FDSE,SLICE_X38Y231,SLICEM.AFF,1'b0
u_dut/t_r_reg[1305],FDSE,SLICE_X22Y232,SLICEM.A5FF,1'b0
u_dut/t_r_reg[1306],FDSE,SLICE_X23Y230,SLICEL.B5FF,1'b0
u_dut/t_r_reg[1308],FDRE,SLICE_X23Y229,SLICEL.CFF,1'b0
u_dut/t_r_reg[1309],FDSE,SLICE_X23Y234,SLICEL.BFF,1'b0
u_dut/t_r_reg[130],FDSE,SLICE_X27Y234,SLICEL.CFF,1'b0
u_dut/t_r_reg[1310],FDSE,SLICE_X23Y230,SLICEL.CFF,1'b0
u_dut/t_r_reg[1311],FDSE,SLICE_X23Y230,SLICEL.A5FF,1'b0
u_dut/t_r_reg[1312],FDSE,SLICE_X23Y234,SLICEL.AFF,1'b0
u_dut/t_r_reg[1313],FDSE,SLICE_X26Y229,SLICEL.A5FF,1'b0
u_dut/t_r_reg[1314],FDSE,SLICE_X37Y229,SLICEL.BFF,1'b0
u_dut/t_r_reg[1315],FDSE,SLICE_X36Y231,SLICEL.AFF,1'b0
u_dut/t_r_reg[1317],FDSE,SLICE_X25Y227,SLICEL.AFF,1'b0
u_dut/t_r_reg[1319],FDRE,SLICE_X19Y232,SLICEL.A5FF,1'b0
u_dut/t_r_reg[131],FDSE,SLICE_X37Y235,SLICEL.BFF,1'b0
u_dut/t_r_reg[1320],FDSE,SLICE_X25Y227,SLICEL.A5FF,1'b0
u_dut/t_r_reg[1322],FDSE,SLICE_X25Y227,SLICEL.BFF,1'b0
u_dut/t_r_reg[1323],FDSE,SLICE_X25Y227,SLICEL.CFF,1'b0
u_dut/t_r_reg[1324],FDSE,SLICE_X37Y229,SLICEL.AFF,1'b0
u_dut/t_r_reg[1325],FDSE,SLICE_X25Y227,SLICEL.B5FF,1'b0
u_dut/t_r_reg[1327],FDRE,SLICE_X30Y230,SLICEL.DFF,1'b0
u_dut/t_r_reg[1329],FDSE,SLICE_X39Y231,SLICEL.AFF,1'b0
u_dut/t_r_reg[132],FDSE,SLICE_X37Y235,SLICEL.A5FF,1'b0
u_dut/t_r_reg[1331],FDSE,SLICE_X23Y233,SLICEL.DFF,1'b0
u_dut/t_r_reg[1333],FDSE,SLICE_X25Y233,SLICEL.DFF,1'b0
u_dut/t_r_reg[1335],FDSE,SLICE_X25Y233,SLICEL.AFF,1'b0
u_dut/t_r_reg[1336],FDSE,SLICE_X25Y233,SLICEL.BFF,1'b0
u_dut/t_r_reg[1338],FDSE,SLICE_X25Y233,SLICEL.CFF,1'b0
u_dut/t_r_reg[133],FDSE,SLICE_X25Y239,SLICEL.CFF,1'b0
u_dut/t_r_reg[1340],FDSE,SLICE_X27Y231,SLICEL.DFF,1'b0
u_dut/t_r_reg[1341],FDSE,SLICE_X27Y231,SLICEL.AFF,1'b0
u_dut/t_r_reg[1344],FDRE,SLICE_X28Y227,SLICEL.CFF,1'b0
u_dut/t_r_reg[1348],FDSE,SLICE_X27Y231,SLICEL.BFF,1'b0
u_dut/t_r_reg[1349],FDSE,SLICE_X27Y231,SLICEL.CFF,1'b0
u_dut/t_r_reg[134],FDSE,SLICE_X25Y239,SLICEL.DFF,1'b0
u_dut/t_r_reg[1350],FDSE,SLICE_X27Y231,SLICEL.B5FF,1'b0
u_dut/t_r_reg[1352],FDSE,SLICE_X23Y233,SLICEL.AFF,1'b0
u_dut/t_r_reg[1353],FDSE,SLICE_X26Y229,SLICEL.AFF,1'b0
u_dut/t_r_reg[1354],FDSE,SLICE_X26Y229,SLICEL.BFF,1'b0
u_dut/t_r_reg[1356],FDSE,SLICE_X23Y233,SLICEL.BFF,1'b0
u_dut/t_r_reg[1357],FDRE,SLICE_X24Y229,SLICEL.BFF,1'b0
u_dut/t_r_reg[135],FDSE,SLICE_X29Y237,SLICEL.AFF,1'b0
u_dut/t_r_reg[1360],FDRE,SLICE_X27Y232,SLICEL.DFF,1'b0
u_dut/t_r_reg[1362],FDSE,SLICE_X23Y233,SLICEL.B5FF,1'b0
u_dut/t_r_reg[1363],FDSE,SLICE_X23Y233,SLICEL.CFF,1'b0
u_dut/t_r_reg[1364],FDSE,SLICE_X26Y229,SLICEL.CFF,1'b0
u_dut/t_r_reg[1365],FDSE,SLICE_X26Y229,SLICEL.DFF,1'b0
u_dut/t_r_reg[1367],FDRE,SLICE_X16Y236,SLICEM.A5FF,1'b0
u_dut/t_r_reg[1369],FDSE,SLICE_X24Y233,SLICEL.AFF,1'b0
u_dut/t_r_reg[1370],FDRE,SLICE_X21Y236,SLICEL.A5FF,1'b0
u_dut/t_r_reg[1373],FDSE,SLICE_X24Y233,SLICEL.BFF,1'b0
u_dut/t_r_reg[1374],FDSE,SLICE_X24Y233,SLICEL.A5FF,1'b0
u_dut/t_r_reg[1375],FDSE,SLICE_X24Y233,SLICEL.B5FF,1'b0
u_dut/t_r_reg[1377],FDSE,SLICE_X35Y222,SLICEL.AFF,1'b0
u_dut/t_r_reg[1379],FDSE,SLICE_X32Y224,SLICEL.A5FF,1'b0
u_dut/t_r_reg[137],FDSE,SLICE_X29Y237,SLICEL.DFF,1'b0
u_dut/t_r_reg[1380],FDRE,SLICE_X27Y230,SLICEL.DFF,1'b0
u_dut/t_r_reg[1381],FDRE,SLICE_X23Y232,SLICEL.CFF,1'b0
u_dut/t_r_reg[1383],FDRE,SLICE_X33Y221,SLICEL.AFF,1'b0
u_dut/t_r_reg[1384],FDSE,SLICE_X32Y226,SLICEL.DFF,1'b0
u_dut/t_r_reg[1385],FDRE,SLICE_X23Y232,SLICEL.DFF,1'b0
u_dut/t_r_reg[1391],FDRE,SLICE_X39Y230,SLICEL.AFF,1'b0
u_dut/t_r_reg[1393],FDRE,SLICE_X24Y234,SLICEL.DFF,1'b0
u_dut/t_r_reg[1396],FDRE,SLICE_X36Y227,SLICEL.AFF,1'b0
u_dut/t_r_reg[1397],FDRE,SLICE_X36Y227,SLICEL.BFF,1'b0
u_dut/t_r_reg[1399],FDRE,SLICE_X33Y227,SLICEL.AFF,1'b0
u_dut/t_r_reg[139],FDSE,SLICE_X34Y236,SLICEL.AFF,1'b0
u_dut/t_r_reg[13],FDRE,SLICE_X33Y228,SLICEL.BFF,1'b0
u_dut/t_r_reg[1400],FDSE,SLICE_X32Y226,SLICEL.A5FF,1'b0
u_dut/t_r_reg[1404],FDSE,SLICE_X32Y224,SLICEL.AFF,1'b0
u_dut/t_r_reg[1406],FDSE,SLICE_X32Y226,SLICEL.AFF,1'b0
u_dut/t_r_reg[1407],FDRE,SLICE_X33Y228,SLICEL.CFF,1'b0
u_dut/t_r_reg[1409],FDSE,SLICE_X32Y226,SLICEL.BFF,1'b0
u_dut/t_r_reg[140],FDSE,SLICE_X29Y237,SLICEL.BFF,1'b0
u_dut/t_r_reg[1412],FDSE,SLICE_X32Y226,SLICEL.CFF,1'b0
u_dut/t_r_reg[141],FDSE,SLICE_X29Y237,SLICEL.CFF,1'b0
u_dut/t_r_reg[1420],FDRE,SLICE_X26Y230,SLICEL.DFF,1'b0
u_dut/t_r_reg[1423],FDRE,SLICE_X27Y229,SLICEL.DFF,1'b0
u_dut/t_r_reg[1424],FDRE,SLICE_X35Y219,SLICEL.AFF,1'b0
u_dut/t_r_reg[1425],FDRE,SLICE_X38Y228,SLICEM.BFF,1'b0
u_dut/t_r_reg[1428],FDRE,SLICE_X28Y230,SLICEL.CFF,1'b0
u_dut/t_r_reg[142],FDSE,SLICE_X29Y237,SLICEL.A5FF,1'b0
u_dut/t_r_reg[1430],FDRE,SLICE_X35Y220,SLICEL.AFF,1'b0
u_dut/t_r_reg[1431],FDRE,SLICE_X35Y219,SLICEL.BFF,1'b0
u_dut/t_r_reg[1432],FDRE,SLICE_X28Y230,SLICEL.DFF,1'b0
u_dut/t_r_reg[1435],FDRE,SLICE_X35Y230,SLICEL.CFF,1'b0
u_dut/t_r_reg[1436],FDRE,SLICE_X32Y227,SLICEL.CFF,1'b0
u_dut/t_r_reg[143],FDSE,SLICE_X34Y236,SLICEL.A5FF,1'b0
u_dut/t_r_reg[1441],FDRE,SLICE_X28Y227,SLICEL.DFF,1'b0
u_dut/t_r_reg[1442],FDRE,SLICE_X35Y228,SLICEL.CFF,1'b0
u_dut/t_r_reg[1445],FDRE,SLICE_X35Y220,SLICEL.BFF,1'b0
u_dut/t_r_reg[1446],FDRE,SLICE_X32Y227,SLICEL.DFF,1'b0
u_dut/t_r_reg[1448],FDRE,SLICE_X24Y230,SLICEL.DFF,1'b0
u_dut/t_r_reg[144],FDSE,SLICE_X34Y236,SLICEL.CFF,1'b0
u_dut/t_r_reg[145],FDSE,SLICE_X36Y229,SLICEL.AFF,1'b0
u_dut/t_r_reg[146],FDSE,SLICE_X29Y238,SLICEL.DFF,1'b0
u_dut/t_r_reg[1472],FDRE,SLICE_X38Y219,SLICEM.AFF,1'b0
u_dut/t_r_reg[1480],FDRE,SLICE_X40Y224,SLICEL.AFF,1'b0
u_dut/t_r_reg[1487],FDRE,SLICE_X39Y224,SLICEL.AFF,1'b0
u_dut/t_r_reg[1489],FDRE,SLICE_X38Y223,SLICEM.AFF,1'b0
u_dut/t_r_reg[148],FDSE,SLICE_X28Y238,SLICEL.AFF,1'b0
u_dut/t_r_reg[1494],FDRE,SLICE_X39Y224,SLICEL.BFF,1'b0
u_dut/t_r_reg[1498],FDRE,SLICE_X38Y221,SLICEM.AFF,1'b0
u_dut/t_r_reg[149],FDSE,SLICE_X28Y238,SLICEL.BFF,1'b0
u_dut/t_r_reg[1504],FDRE,SLICE_X40Y225,SLICEL.AFF,1'b0
u_dut/t_r_reg[1506],FDSE,SLICE_X39Y225,SLICEL.CFF,1'b0
u_dut/t_r_reg[1508],FDSE,SLICE_X38Y222,SLICEM.AFF,1'b0
u_dut/t_r_reg[1509],FDRE,SLICE_X39Y224,SLICEL.CFF,1'b0
u_dut/t_r_reg[150],FDSE,SLICE_X28Y238,SLICEL.DFF,1'b0
u_dut/t_r_reg[1510],FDSE,SLICE_X39Y225,SLICEL.AFF,1'b0
u_dut/t_r_reg[1511],FDSE,SLICE_X39Y225,SLICEL.BFF,1'b0
u_dut/t_r_reg[1514],FDRE,SLICE_X38Y223,SLICEM.BFF,1'b0
u_dut/t_r_reg[1519],FDSE,SLICE_X38Y222,SLICEM.DFF,1'b0
u_dut/t_r_reg[151],FDSE,SLICE_X29Y238,SLICEL.AFF,1'b0
u_dut/t_r_reg[1521],FDRE,SLICE_X37Y222,SLICEL.AFF,1'b0
u_dut/t_r_reg[1522],FDSE,SLICE_X39Y225,SLICEL.A5FF,1'b0
u_dut/t_r_reg[1524],FDSE,SLICE_X41Y224,SLICEL.BFF,1'b0
u_dut/t_r_reg[152],FDSE,SLICE_X28Y238,SLICEL.A5FF,1'b0
u_dut/t_r_reg[1531],FDSE,SLICE_X41Y224,SLICEL.AFF,1'b0
u_dut/t_r_reg[1535],FDSE,SLICE_X38Y220,SLICEM.AFF,1'b0
u_dut/t_r_reg[153],FDSE,SLICE_X28Y238,SLICEL.B5FF,1'b0
u_dut/t_r_reg[1540],FDRE,SLICE_X39Y224,SLICEL.DFF,1'b0
u_dut/t_r_reg[1541],FDSE,SLICE_X39Y223,SLICEL.AFF,1'b0
u_dut/t_r_reg[1545],FDSE,SLICE_X38Y220,SLICEM.BFF,1'b0
u_dut/t_r_reg[1547],FDRE,SLICE_X40Y223,SLICEL.AFF,1'b0
u_dut/t_r_reg[1549],FDRE,SLICE_X38Y219,SLICEM.BFF,1'b0
u_dut/t_r_reg[154],FDSE,SLICE_X29Y238,SLICEL.BFF,1'b0
u_dut/t_r_reg[1551],FDSE,SLICE_X39Y223,SLICEL.CFF,1'b0
u_dut/t_r_reg[1554],FDSE,SLICE_X38Y220,SLICEM.CFF,1'b0
u_dut/t_r_reg[1555],FDSE,SLICE_X39Y223,SLICEL.DFF,1'b0
u_dut/t_r_reg[1556],FDSE,SLICE_X38Y224,SLICEM.AFF,1'b0
u_dut/t_r_reg[155],FDSE,SLICE_X29Y238,SLICEL.CFF,1'b0
u_dut/t_r_reg[1560],FDRE,SLICE_X37Y225,SLICEL.BFF,1'b0
u_dut/t_r_reg[1566],FDRE,SLICE_X37Y222,SLICEL.BFF,1'b0
u_dut/t_r_reg[156],FDSE,SLICE_X31Y237,SLICEL.DFF,1'b0
u_dut/t_r_reg[1570],FDRE,SLICE_X38Y221,SLICEM.BFF,1'b0
u_dut/t_r_reg[157],FDSE,SLICE_X31Y237,SLICEL.AFF,1'b0
u_dut/t_r_reg[1585],FDRE,SLICE_X38Y223,SLICEM.CFF,1'b0
u_dut/t_r_reg[1588],FDRE,SLICE_X40Y224,SLICEL.CFF,1'b0
u_dut/t_r_reg[158],FDSE,SLICE_X31Y237,SLICEL.BFF,1'b0
u_dut/t_r_reg[1590],FDSE,SLICE_X38Y224,SLICEM.DFF,1'b0
u_dut/t_r_reg[1591],FDRE,SLICE_X37Y225,SLICEL.CFF,1'b0
u_dut/t_r_reg[1594],FDRE,SLICE_X37Y222,SLICEL.CFF,1'b0
u_dut/t_r_reg[1597],FDRE,SLICE_X37Y222,SLICEL.DFF,1'b0
u_dut/t_r_reg[1598],FDSE,SLICE_X38Y224,SLICEM.BFF,1'b0
u_dut/t_r_reg[159],FDSE,SLICE_X31Y237,SLICEL.CFF,1'b0
u_dut/t_r_reg[15],FDSE,SLICE_X31Y239,SLICEL.CFF,1'b0
u_dut/t_r_reg[1602],FDSE,SLICE_X38Y224,SLICEM.CFF,1'b0
u_dut/t_r_reg[160],FDSE,SLICE_X27Y235,SLICEL.AFF,1'b0
u_dut/t_r_reg[1610],FDSE,SLICE_X36Y220,SLICEL.AFF,1'b0
u_dut/t_r_reg[1613],FDSE,SLICE_X36Y220,SLICEL.BFF,1'b0
u_dut/t_r_reg[1616],FDRE,SLICE_X37Y221,SLICEL.AFF,1'b0
u_dut/t_r_reg[1618],FDSE,SLICE_X36Y221,SLICEL.AFF,1'b0
u_dut/t_r_reg[1619],FDSE,SLICE_X36Y221,SLICEL.DFF,1'b0
u_dut/t_r_reg[161],FDSE,SLICE_X27Y235,SLICEL.BFF,1'b0
u_dut/t_r_reg[1625],FDSE,SLICE_X36Y221,SLICEL.BFF,1'b0
u_dut/t_r_reg[1626],FDSE,SLICE_X36Y221,SLICEL.A5FF,1'b0
u_dut/t_r_reg[1627],FDSE,SLICE_X36Y221,SLICEL.CFF,1'b0
u_dut/t_r_reg[162],FDSE,SLICE_X27Y235,SLICEL.A5FF,1'b0
u_dut/t_r_reg[1633],FDRE,SLICE_X37Y221,SLICEL.BFF,1'b0
u_dut/t_r_reg[1635],FDRE,SLICE_X38Y221,SLICEM.A5FF,1'b0
u_dut/t_r_reg[1636],FDRE,SLICE_X37Y225,SLICEL.DFF,1'b0
u_dut/t_r_reg[1638],FDRE,SLICE_X37Y221,SLICEL.CFF,1'b0
u_dut/t_r_reg[163],FDSE,SLICE_X27Y235,SLICEL.B5FF,1'b0
u_dut/t_r_reg[1641],FDRE,SLICE_X38Y223,SLICEM.DFF,1'b0
u_dut/t_r_reg[164],FDSE,SLICE_X28Y239,SLICEL.A5FF,1'b0
u_dut/t_r_reg[1657],FDRE,SLICE_X8Y216,SLICEM.AFF,1'b0
u_dut/t_r_reg[165],FDSE,SLICE_X28Y239,SLICEL.DFF,1'b0
u_dut/t_r_reg[166],FDSE,SLICE_X29Y241,SLICEL.AFF,1'b0
u_dut/t_r_reg[1670],FDRE,SLICE_X6Y214,SLICEM.AFF,1'b0
u_dut/t_r_reg[1672],FDRE,SLICE_X16Y212,SLICEM.A5FF,1'b0
u_dut/t_r_reg[1674],FDRE,SLICE_X9Y214,SLICEL.AFF,1'b0
u_dut/t_r_reg[167],FDSE,SLICE_X28Y239,SLICEL.AFF,1'b0
u_dut/t_r_reg[1681],FDRE,SLICE_X4Y218,SLICEL.AFF,1'b0
u_dut/t_r_reg[1693],FDRE,SLICE_X4Y218,SLICEL.A5FF,1'b0
u_dut/t_r_reg[1698],FDRE,SLICE_X8Y215,SLICEM.AFF,1'b0
u_dut/t_r_reg[169],FDSE,SLICE_X28Y239,SLICEL.BFF,1'b0
u_dut/t_r_reg[16],FDSE,SLICE_X31Y239,SLICEL.AFF,1'b0
u_dut/t_r_reg[1702],FDRE,SLICE_X9Y214,SLICEL.BFF,1'b0
u_dut/t_r_reg[170],FDSE,SLICE_X28Y239,SLICEL.CFF,1'b0
u_dut/t_r_reg[1710],FDRE,SLICE_X6Y215,SLICEM.AFF,1'b0
u_dut/t_r_reg[1717],FDRE,SLICE_X8Y217,SLICEM.AFF,1'b0
u_dut/t_r_reg[1721],FDRE,SLICE_X6Y216,SLICEM.AFF,1'b0
u_dut/t_r_reg[1723],FDSE,SLICE_X9Y215,SLICEL.A5FF,1'b0
u_dut/t_r_reg[1724],FDSE,SLICE_X9Y215,SLICEL.DFF,1'b0
u_dut/t_r_reg[1726],FDRE,SLICE_X8Y215,SLICEM.BFF,1'b0
u_dut/t_r_reg[1727],FDSE,SLICE_X9Y215,SLICEL.AFF,1'b0
u_dut/t_r_reg[172],FDSE,SLICE_X33Y239,SLICEL.CFF,1'b0
u_dut/t_r_reg[1731],FDSE,SLICE_X9Y215,SLICEL.BFF,1'b0
u_dut/t_r_reg[1734],FDSE,SLICE_X9Y215,SLICEL.CFF,1'b0
u_dut/t_r_reg[1739],FDRE,SLICE_X6Y219,SLICEM.AFF,1'b0
u_dut/t_r_reg[1743],FDRE,SLICE_X8Y216,SLICEM.BFF,1'b0
u_dut/t_r_reg[1746],FDRE,SLICE_X6Y219,SLICEM.BFF,1'b0
u_dut/t_r_reg[1748],FDRE,SLICE_X6Y219,SLICEM.CFF,1'b0
u_dut/t_r_reg[174],FDSE,SLICE_X33Y239,SLICEL.AFF,1'b0
u_dut/t_r_reg[1752],FDRE,SLICE_X6Y217,SLICEM.AFF,1'b0
u_dut/t_r_reg[1755],FDSE,SLICE_X7Y217,SLICEL.AFF,1'b0
u_dut/t_r_reg[1757],FDSE,SLICE_X6Y218,SLICEM.AFF,1'b0
u_dut/t_r_reg[1758],FDRE,SLICE_X8Y217,SLICEM.A5FF,1'b0
u_dut/t_r_reg[175],FDSE,SLICE_X33Y239,SLICEL.BFF,1'b0
u_dut/t_r_reg[1761],FDSE,SLICE_X6Y218,SLICEM.CFF,1'b0
u_dut/t_r_reg[1762],FDSE,SLICE_X6Y218,SLICEM.BFF,1'b0
u_dut/t_r_reg[1763],FDSE,SLICE_X7Y217,SLICEL.CFF,1'b0
u_dut/t_r_reg[1764],FDSE,SLICE_X7Y217,SLICEL.DFF,1'b0
u_dut/t_r_reg[1766],FDSE,SLICE_X2Y218,SLICEM.AFF,1'b0
u_dut/t_r_reg[1767],FDRE,SLICE_X6Y217,SLICEM.BFF,1'b0
u_dut/t_r_reg[1768],FDSE,SLICE_X7Y216,SLICEL.AFF,1'b0
u_dut/t_r_reg[176],FDSE,SLICE_X33Y239,SLICEL.A5FF,1'b0
u_dut/t_r_reg[1770],FDSE,SLICE_X7Y216,SLICEL.BFF,1'b0
u_dut/t_r_reg[1773],FDSE,SLICE_X5Y217,SLICEL.AFF,1'b0
u_dut/t_r_reg[1775],FDRE,SLICE_X7Y219,SLICEL.BFF,1'b0
u_dut/t_r_reg[1777],FDRE,SLICE_X7Y219,SLICEL.CFF,1'b0
u_dut/t_r_reg[1780],FDSE,SLICE_X2Y218,SLICEM.A5FF,1'b0
u_dut/t_r_reg[1783],FDRE,SLICE_X8Y218,SLICEM.AFF,1'b0
u_dut/t_r_reg[1784],FDRE,SLICE_X6Y217,SLICEM.CFF,1'b0
u_dut/t_r_reg[1785],FDRE,SLICE_X8Y218,SLICEM.BFF,1'b0
u_dut/t_r_reg[1787],FDRE,SLICE_X8Y217,SLICEM.BFF,1'b0
u_dut/t_r_reg[1789],FDRE,SLICE_X8Y216,SLICEM.CFF,1'b0
u_dut/t_r_reg[178],FDSE,SLICE_X32Y238,SLICEL.DFF,1'b0
u_dut/t_r_reg[1797],FDRE,SLICE_X8Y217,SLICEM.CFF,1'b0
u_dut/t_r_reg[179],FDSE,SLICE_X32Y238,SLICEL.BFF,1'b0
u_dut/t_r_reg[17],FDSE,SLICE_X37Y228,SLICEL.AFF,1'b0
u_dut/t_r_reg[1803],FDRE,SLICE_X9Y219,SLICEL.AFF,1'b0
u_dut/t_r_reg[1806],FDSE,SLICE_X5Y218,SLICEL.AFF,1'b0
u_dut/t_r_reg[180],FDSE,SLICE_X32Y238,SLICEL.B5FF,1'b0
u_dut/t_r_reg[1810],FDSE,SLICE_X4Y219,SLICEL.CFF,1'b0
u_dut/t_r_reg[1811],FDRE,SLICE_X4Y218,SLICEL.BFF,1'b0
u_dut/t_r_reg[1813],FDSE,SLICE_X4Y219,SLICEL.AFF,1'b0
u_dut/t_r_reg[1815],FDRE,SLICE_X9Y219,SLICEL.BFF,1'b0
u_dut/t_r_reg[1818],FDSE,SLICE_X5Y218,SLICEL.CFF,1'b0
u_dut/t_r_reg[181],FDSE,SLICE_X31Y238,SLICEL.AFF,1'b0
u_dut/t_r_reg[1822],FDSE,SLICE_X7Y218,SLICEL.BFF,1'b0
u_dut/t_r_reg[1823],FDSE,SLICE_X3Y219,SLICEL.DFF,1'b0
u_dut/t_r_reg[1824],FDSE,SLICE_X7Y218,SLICEL.B5FF,1'b0
u_dut/t_r_reg[1828],FDSE,SLICE_X3Y219,SLICEL.AFF,1'b0
u_dut/t_r_reg[1829],FDRE,SLICE_X7Y219,SLICEL.DFF,1'b0
u_dut/t_r_reg[182],FDSE,SLICE_X31Y238,SLICEL.BFF,1'b0
u_dut/t_r_reg[1830],FDSE,SLICE_X3Y219,SLICEL.BFF,1'b0
u_dut/t_r_reg[1831],FDSE,SLICE_X7Y218,SLICEL.CFF,1'b0
u_dut/t_r_reg[1832],FDSE,SLICE_X3Y219,SLICEL.CFF,1'b0
u_dut/t_r_reg[1833],FDRE,SLICE_X8Y218,SLICEM.CFF,1'b0
u_dut/t_r_reg[1835],FDRE,SLICE_X9Y214,SLICEL.A5FF,1'b0
u_dut/t_r_reg[1836],FDRE,SLICE_X8Y216,SLICEM.DFF,1'b0
u_dut/t_r_reg[183],FDSE,SLICE_X33Y238,SLICEL.CFF,1'b0
u_dut/t_r_reg[1841],FDRE,SLICE_X6Y214,SLICEM.DFF,1'b0
u_dut/t_r_reg[1843],FDRE,SLICE_X9Y214,SLICEL.B5FF,1'b0
u_dut/t_r_reg[1845],FDRE,SLICE_X8Y217,SLICEM.DFF,1'b0
u_dut/t_r_reg[1846],FDRE,SLICE_X6Y217,SLICEM.DFF,1'b0
u_dut/t_r_reg[1849],FDRE,SLICE_X9Y219,SLICEL.CFF,1'b0
u_dut/t_r_reg[184],FDSE,SLICE_X33Y238,SLICEL.AFF,1'b0
u_dut/t_r_reg[1859],FDRE,SLICE_X18Y226,SLICEM.BFF,1'b0
u_dut/t_r_reg[185],FDSE,SLICE_X33Y238,SLICEL.BFF,1'b0
u_dut/t_r_reg[1860],FDRE,SLICE_X22Y226,SLICEM.CFF,1'b0
u_dut/t_r_reg[1865],FDSE,SLICE_X18Y224,SLICEM.DFF,1'b0
u_dut/t_r_reg[1866],FDRE,SLICE_X12Y223,SLICEM.DFF,1'b0
u_dut/t_r_reg[186],FDSE,SLICE_X33Y238,SLICEL.A5FF,1'b0
u_dut/t_r_reg[1870],FDRE,SLICE_X20Y219,SLICEM.CFF,1'b0
u_dut/t_r_reg[1871],FDRE,SLICE_X23Y225,SLICEL.AFF,1'b0
u_dut/t_r_reg[1875],FDRE,SLICE_X13Y227,SLICEL.BFF,1'b0
u_dut/t_r_reg[1878],FDRE,SLICE_X16Y225,SLICEM.CFF,1'b0
u_dut/t_r_reg[187],FDRE,SLICE_X31Y232,SLICEL.BFF,1'b0
u_dut/t_r_reg[1881],FDRE,SLICE_X22Y223,SLICEM.DFF,1'b0
u_dut/t_r_reg[1883],FDSE,SLICE_X17Y217,SLICEL.AFF,1'b0
u_dut/t_r_reg[1884],FDSE,SLICE_X16Y217,SLICEM.AFF,1'b0
u_dut/t_r_reg[1885],FDSE,SLICE_X18Y224,SLICEM.AFF,1'b0
u_dut/t_r_reg[1886],FDRE,SLICE_X16Y219,SLICEM.CFF,1'b0
u_dut/t_r_reg[1887],FDSE,SLICE_X18Y224,SLICEM.A5FF,1'b0
u_dut/t_r_reg[1888],FDSE,SLICE_X18Y224,SLICEM.BFF,1'b0
u_dut/t_r_reg[188],FDRE,SLICE_X36Y239,SLICEL.BFF,1'b0
u_dut/t_r_reg[1890],FDRE,SLICE_X20Y224,SLICEM.BFF,1'b0
u_dut/t_r_reg[1892],FDRE,SLICE_X18Y221,SLICEM.DFF,1'b0
u_dut/t_r_reg[1894],FDRE,SLICE_X20Y225,SLICEM.AFF,1'b0
u_dut/t_r_reg[1895],FDRE,SLICE_X16Y212,SLICEM.AFF,1'b0
u_dut/t_r_reg[1896],FDSE,SLICE_X16Y218,SLICEM.CFF,1'b0
u_dut/t_r_reg[1897],FDRE,SLICE_X20Y224,SLICEM.CFF,1'b0
u_dut/t_r_reg[18],FDSE,SLICE_X37Y238,SLICEL.BFF,1'b0
u_dut/t_r_reg[1900],FDRE,SLICE_X16Y220,SLICEM.CFF,1'b0
u_dut/t_r_reg[1903],FDRE,SLICE_X13Y227,SLICEL.CFF,1'b0
u_dut/t_r_reg[1904],FDRE,SLICE_X20Y227,SLICEM.BFF,1'b0
u_dut/t_r_reg[1906],FDRE,SLICE_X20Y219,SLICEM.DFF,1'b0
u_dut/t_r_reg[1908],FDRE,SLICE_X12Y225,SLICEM.DFF,1'b0
u_dut/t_r_reg[1909],FDRE,SLICE_X12Y217,SLICEM.AFF,1'b0
u_dut/t_r_reg[190],FDRE,SLICE_X37Y239,SLICEL.BFF,1'b0
u_dut/t_r_reg[1911],FDRE,SLICE_X12Y216,SLICEM.AFF,1'b0
u_dut/t_r_reg[1912],FDSE,SLICE_X13Y223,SLICEL.AFF,1'b0
u_dut/t_r_reg[1914],FDRE,SLICE_X20Y223,SLICEM.CFF,1'b0
u_dut/t_r_reg[1916],FDRE,SLICE_X21Y219,SLICEL.AFF,1'b0
u_dut/t_r_reg[191],FDRE,SLICE_X32Y239,SLICEL.AFF,1'b0
u_dut/t_r_reg[1920],FDSE,SLICE_X16Y218,SLICEM.AFF,1'b0
u_dut/t_r_reg[1922],FDSE,SLICE_X13Y223,SLICEL.BFF,1'b0
u_dut/t_r_reg[1923],FDSE,SLICE_X13Y223,SLICEL.B5FF,1'b0
u_dut/t_r_reg[1925],FDSE,SLICE_X16Y218,SLICEM.A5FF,1'b0
u_dut/t_r_reg[1926],FDRE,SLICE_X14Y221,SLICEM.DFF,1'b0
u_dut/t_r_reg[1927],FDRE,SLICE_X18Y226,SLICEM.CFF,1'b0
u_dut/t_r_reg[1929],FDRE,SLICE_X22Y226,SLICEM.DFF,1'b0
u_dut/t_r_reg[192],FDRE,SLICE_X32Y239,SLICEL.BFF,1'b0
u_dut/t_r_reg[1932],FDSE,SLICE_X16Y223,SLICEM.DFF,1'b0
u_dut/t_r_reg[1935],FDSE,SLICE_X19Y223,SLICEL.AFF,1'b0
u_dut/t_r_reg[1936],FDSE,SLICE_X19Y223,SLICEL.DFF,1'b0
u_dut/t_r_reg[1937],FDSE,SLICE_X19Y223,SLICEL.BFF,1'b0
u_dut/t_r_reg[1938],FDSE,SLICE_X19Y223,SLICEL.CFF,1'b0
u_dut/t_r_reg[1939],FDRE,SLICE_X23Y225,SLICEL.BFF,1'b0
u_dut/t_r_reg[193],FDRE,SLICE_X35Y236,SLICEL.DFF,1'b0
u_dut/t_r_reg[1940],FDRE,SLICE_X21Y223,SLICEL.AFF,1'b0
u_dut/t_r_reg[1941],FDRE,SLICE_X21Y223,SLICEL.BFF,1'b0
u_dut/t_r_reg[1944],FDRE,SLICE_X23Y225,SLICEL.CFF,1'b0
u_dut/t_r_reg[1946],FDRE,SLICE_X14Y220,SLICEM.AFF,1'b0
u_dut/t_r_reg[1947],FDRE,SLICE_X16Y221,SLICEM.AFF,1'b0
u_dut/t_r_reg[1948],FDRE,SLICE_X14Y227,SLICEM.CFF,1'b0
u_dut/t_r_reg[1949],FDRE,SLICE_X21Y223,SLICEL.DFF,1'b0
u_dut/t_r_reg[194],FDRE,SLICE_X31Y230,SLICEL.DFF,1'b0
u_dut/t_r_reg[1951],FDRE,SLICE_X21Y221,SLICEL.CFF,1'b0
u_dut/t_r_reg[1952],FDRE,SLICE_X20Y225,SLICEM.BFF,1'b0
u_dut/t_r_reg[1953],FDRE,SLICE_X22Y222,SLICEM.DFF,1'b0
u_dut/t_r_reg[1956],FDSE,SLICE_X13Y217,SLICEL.AFF,1'b0
u_dut/t_r_reg[1957],FDSE,SLICE_X21Y225,SLICEL.AFF,1'b0
u_dut/t_r_reg[1959],FDSE,SLICE_X16Y223,SLICEM.BFF,1'b0
u_dut/t_r_reg[195],FDRE,SLICE_X34Y229,SLICEL.AFF,1'b0
u_dut/t_r_reg[1962],FDRE,SLICE_X23Y225,SLICEL.DFF,1'b0
u_dut/t_r_reg[1963],FDRE,SLICE_X14Y212,SLICEM.AFF,1'b0
u_dut/t_r_reg[1964],FDRE,SLICE_X19Y221,SLICEL.CFF,1'b0
u_dut/t_r_reg[1966],FDRE,SLICE_X15Y227,SLICEL.CFF,1'b0
u_dut/t_r_reg[1968],FDRE,SLICE_X16Y212,SLICEM.CFF,1'b0
u_dut/t_r_reg[1969],FDRE,SLICE_X21Y219,SLICEL.BFF,1'b0
u_dut/t_r_reg[196],FDRE,SLICE_X36Y239,SLICEL.CFF,1'b0
u_dut/t_r_reg[1970],FDRE,SLICE_X13Y227,SLICEL.DFF,1'b0
u_dut/t_r_reg[1972],FDRE,SLICE_X10Y226,SLICEM.DFF,1'b0
u_dut/t_r_reg[1975],FDRE,SLICE_X16Y227,SLICEM.CFF,1'b0
u_dut/t_r_reg[1977],FDRE,SLICE_X21Y220,SLICEL.CFF,1'b0
u_dut/t_r_reg[197],FDRE,SLICE_X32Y239,SLICEL.CFF,1'b0
u_dut/t_r_reg[1980],FDRE,SLICE_X20Y227,SLICEM.CFF,1'b0
u_dut/t_r_reg[1982],FDRE,SLICE_X16Y219,SLICEM.DFF,1'b0
u_dut/t_r_reg[1985],FDSE,SLICE_X18Y220,SLICEM.BFF,1'b0
u_dut/t_r_reg[1986],FDRE,SLICE_X20Y223,SLICEM.DFF,1'b0
u_dut/t_r_reg[1988],FDSE,SLICE_X19Y218,SLICEL.AFF,1'b0
u_dut/t_r_reg[1989],FDSE,SLICE_X18Y220,SLICEM.AFF,1'b0
u_dut/t_r_reg[198],FDRE,SLICE_X36Y228,SLICEL.CFF,1'b0
u_dut/t_r_reg[1991],FDRE,SLICE_X14Y217,SLICEM.BFF,1'b0
u_dut/t_r_reg[1993],FDSE,SLICE_X19Y218,SLICEL.CFF,1'b0
u_dut/t_r_reg[1995],FDSE,SLICE_X19Y218,SLICEL.BFF,1'b0
u_dut/t_r_reg[1996],FDSE,SLICE_X23Y226,SLICEL.AFF,1'b0
u_dut/t_r_reg[1997],FDRE,SLICE_X35Y228,SLICEL.A5FF,1'b0
u_dut/t_r_reg[1998],FDRE,SLICE_X15Y220,SLICEL.BFF,1'b0
u_dut/t_r_reg[1999],FDRE,SLICE_X21Y221,SLICEL.DFF,1'b0
u_dut/t_r_reg[199],FDRE,SLICE_X30Y227,SLICEL.DFF,1'b0
u_dut/t_r_reg[19],FDSE,SLICE_X31Y239,SLICEL.BFF,1'b0
u_dut/t_r_reg[1],FDRE,SLICE_X32Y228,SLICEL.CFF,1'b0
u_dut/t_r_reg[2008],FDRE,SLICE_X17Y219,SLICEL.DFF,1'b0
u_dut/t_r_reg[2009],FDRE,SLICE_X14Y218,SLICEM.AFF,1'b0
u_dut/t_r_reg[2013],FDRE,SLICE_X12Y216,SLICEM.CFF,1'b0
u_dut/t_r_reg[2015],FDRE,SLICE_X21Y219,SLICEL.CFF,1'b0
u_dut/t_r_reg[2017],FDRE,SLICE_X14Y218,SLICEM.BFF,1'b0
u_dut/t_r_reg[2019],FDRE,SLICE_X21Y220,SLICEL.DFF,1'b0
u_dut/t_r_reg[2022],FDRE,SLICE_X14Y222,SLICEM.CFF,1'b0
u_dut/t_r_reg[2026],FDRE,SLICE_X15Y220,SLICEL.CFF,1'b0
u_dut/t_r_reg[202],FDRE,SLICE_X28Y242,SLICEL.AFF,1'b0
u_dut/t_r_reg[2033],FDRE,SLICE_X17Y223,SLICEL.BFF,1'b0
u_dut/t_r_reg[2035],FDRE,SLICE_X20Y225,SLICEM.CFF,1'b0
u_dut/t_r_reg[2036],FDRE,SLICE_X17Y223,SLICEL.B5FF,1'b0
u_dut/t_r_reg[203],FDRE,SLICE_X30Y242,SLICEL.AFF,1'b0
u_dut/t_r_reg[2043],FDRE,SLICE_X16Y220,SLICEM.DFF,1'b0
u_dut/t_r_reg[204],FDRE,SLICE_X34Y240,SLICEL.AFF,1'b0
u_dut/t_r_reg[2058],FDRE,SLICE_X15Y228,SLICEL.DFF,1'b0
u_dut/t_r_reg[205],FDRE,SLICE_X30Y239,SLICEL.BFF,1'b0
u_dut/t_r_reg[2060],FDSE,SLICE_X18Y228,SLICEM.AFF,1'b0
u_dut/t_r_reg[2065],FDRE,SLICE_X25Y229,SLICEL.CFF,1'b0
u_dut/t_r_reg[2067],FDSE,SLICE_X29Y222,SLICEL.AFF,1'b0
u_dut/t_r_reg[206],FDRE,SLICE_X30Y240,SLICEL.AFF,1'b0
u_dut/t_r_reg[2072],FDRE,SLICE_X29Y219,SLICEL.DFF,1'b0
u_dut/t_r_reg[2073],FDRE,SLICE_X24Y229,SLICEL.CFF,1'b0
u_dut/t_r_reg[2074],FDRE,SLICE_X26Y226,SLICEL.A5FF,1'b0
u_dut/t_r_reg[2075],FDRE,SLICE_X18Y222,SLICEM.A5FF,1'b0
u_dut/t_r_reg[2077],FDSE,SLICE_X18Y228,SLICEM.A5FF,1'b0
u_dut/t_r_reg[207],FDRE,SLICE_X30Y242,SLICEL.BFF,1'b0
u_dut/t_r_reg[2080],FDRE,SLICE_X23Y229,SLICEL.DFF,1'b0
u_dut/t_r_reg[2081],FDSE,SLICE_X25Y228,SLICEL.CFF,1'b0
u_dut/t_r_reg[2082],FDSE,SLICE_X25Y228,SLICEL.AFF,1'b0
u_dut/t_r_reg[2083],FDSE,SLICE_X25Y228,SLICEL.A5FF,1'b0
u_dut/t_r_reg[2084],FDSE,SLICE_X25Y228,SLICEL.B5FF,1'b0
u_dut/t_r_reg[2086],FDSE,SLICE_X25Y228,SLICEL.BFF,1'b0
u_dut/t_r_reg[2087],FDSE,SLICE_X29Y222,SLICEL.B5FF,1'b0
u_dut/t_r_reg[2088],FDSE,SLICE_X29Y222,SLICEL.BFF,1'b0
u_dut/t_r_reg[208],FDRE,SLICE_X30Y240,SLICEL.BFF,1'b0
u_dut/t_r_reg[2090],FDRE,SLICE_X17Y220,SLICEL.CFF,1'b0
u_dut/t_r_reg[2091],FDSE,SLICE_X29Y222,SLICEL.CFF,1'b0
u_dut/t_r_reg[2093],FDSE,SLICE_X29Y222,SLICEL.DFF,1'b0
u_dut/t_r_reg[2097],FDRE,SLICE_X16Y221,SLICEM.BFF,1'b0
u_dut/t_r_reg[2098],FDRE,SLICE_X19Y221,SLICEL.DFF,1'b0
u_dut/t_r_reg[209],FDRE,SLICE_X28Y242,SLICEL.BFF,1'b0
u_dut/t_r_reg[20],FDSE,SLICE_X37Y238,SLICEL.AFF,1'b0
u_dut/t_r_reg[2100],FDSE,SLICE_X17Y225,SLICEL.CFF,1'b0
u_dut/t_r_reg[2101],FDRE,SLICE_X15Y221,SLICEL.AFF,1'b0
u_dut/t_r_reg[2102],FDSE,SLICE_X27Y227,SLICEL.BFF,1'b0
u_dut/t_r_reg[2103],FDRE,SLICE_X24Y228,SLICEL.DFF,1'b0
u_dut/t_r_reg[2104],FDRE,SLICE_X19Y224,SLICEL.CFF,1'b0
u_dut/t_r_reg[2107],FDRE,SLICE_X16Y229,SLICEM.DFF,1'b0
u_dut/t_r_reg[2108],FDRE,SLICE_X26Y226,SLICEL.DFF,1'b0
u_dut/t_r_reg[2109],FDSE,SLICE_X27Y227,SLICEL.CFF,1'b0
u_dut/t_r_reg[2110],FDSE,SLICE_X29Y223,SLICEL.AFF,1'b0
u_dut/t_r_reg[2111],FDRE,SLICE_X18Y225,SLICEM.BFF,1'b0
u_dut/t_r_reg[2113],FDRE,SLICE_X24Y226,SLICEL.AFF,1'b0
u_dut/t_r_reg[2114],FDRE,SLICE_X22Y228,SLICEM.DFF,1'b0
u_dut/t_r_reg[2115],FDSE,SLICE_X29Y223,SLICEL.CFF,1'b0
u_dut/t_r_reg[2116],FDRE,SLICE_X16Y225,SLICEM.DFF,1'b0
u_dut/t_r_reg[211],FDRE,SLICE_X28Y240,SLICEL.AFF,1'b0
u_dut/t_r_reg[2120],FDSE,SLICE_X29Y223,SLICEL.A5FF,1'b0
u_dut/t_r_reg[2121],FDRE,SLICE_X24Y227,SLICEL.DFF,1'b0
u_dut/t_r_reg[2122],FDSE,SLICE_X27Y227,SLICEL.B5FF,1'b0
u_dut/t_r_reg[2123],FDRE,SLICE_X24Y226,SLICEL.CFF,1'b0
u_dut/t_r_reg[2124],FDRE,SLICE_X24Y229,SLICEL.DFF,1'b0
u_dut/t_r_reg[2126],FDRE,SLICE_X19Y224,SLICEL.DFF,1'b0
u_dut/t_r_reg[2128],FDRE,SLICE_X18Y225,SLICEM.CFF,1'b0
u_dut/t_r_reg[2129],FDSE,SLICE_X29Y223,SLICEL.BFF,1'b0
u_dut/t_r_reg[212],FDSE,SLICE_X30Y241,SLICEL.DFF,1'b0
u_dut/t_r_reg[2131],FDSE,SLICE_X17Y225,SLICEL.AFF,1'b0
u_dut/t_r_reg[2133],FDSE,SLICE_X21Y226,SLICEL.A5FF,1'b0
u_dut/t_r_reg[2134],FDRE,SLICE_X15Y230,SLICEL.DFF,1'b0
u_dut/t_r_reg[2135],FDRE,SLICE_X16Y221,SLICEM.CFF,1'b0
u_dut/t_r_reg[2136],FDRE,SLICE_X16Y221,SLICEM.DFF,1'b0
u_dut/t_r_reg[2137],FDSE,SLICE_X16Y228,SLICEM.AFF,1'b0
u_dut/t_r_reg[2138],FDRE,SLICE_X14Y230,SLICEM.DFF,1'b0
u_dut/t_r_reg[2139],FDSE,SLICE_X15Y218,SLICEL.AFF,1'b0
u_dut/t_r_reg[213],FDSE,SLICE_X31Y242,SLICEL.AFF,1'b0
u_dut/t_r_reg[2140],FDSE,SLICE_X15Y218,SLICEL.BFF,1'b0
u_dut/t_r_reg[2141],FDSE,SLICE_X16Y228,SLICEM.B5FF,1'b0
u_dut/t_r_reg[2142],FDRE,SLICE_X14Y227,SLICEM.DFF,1'b0
u_dut/t_r_reg[2143],FDRE,SLICE_X23Y223,SLICEL.CFF,1'b0
u_dut/t_r_reg[2144],FDRE,SLICE_X18Y227,SLICEM.CFF,1'b0
u_dut/t_r_reg[2145],FDSE,SLICE_X16Y228,SLICEM.A5FF,1'b0
u_dut/t_r_reg[2147],FDRE,SLICE_X23Y219,SLICEL.DFF,1'b0
u_dut/t_r_reg[2148],FDRE,SLICE_X23Y222,SLICEL.CFF,1'b0
u_dut/t_r_reg[2150],FDRE,SLICE_X19Y227,SLICEL.CFF,1'b0
u_dut/t_r_reg[2151],FDRE,SLICE_X13Y228,SLICEL.CFF,1'b0
u_dut/t_r_reg[2152],FDRE,SLICE_X13Y228,SLICEL.DFF,1'b0
u_dut/t_r_reg[2153],FDRE,SLICE_X18Y229,SLICEM.DFF,1'b0
u_dut/t_r_reg[2154],FDRE,SLICE_X14Y223,SLICEM.DFF,1'b0
u_dut/t_r_reg[2155],FDRE,SLICE_X18Y217,SLICEM.DFF,1'b0
u_dut/t_r_reg[2156],FDRE,SLICE_X18Y222,SLICEM.CFF,1'b0
u_dut/t_r_reg[2159],FDSE,SLICE_X16Y228,SLICEM.BFF,1'b0
u_dut/t_r_reg[215],FDSE,SLICE_X30Y241,SLICEL.AFF,1'b0
u_dut/t_r_reg[2163],FDSE,SLICE_X16Y228,SLICEM.CFF,1'b0
u_dut/t_r_reg[2164],FDRE,SLICE_X19Y226,SLICEL.BFF,1'b0
u_dut/t_r_reg[2165],FDRE,SLICE_X21Y227,SLICEL.CFF,1'b0
u_dut/t_r_reg[2166],FDRE,SLICE_X15Y222,SLICEL.BFF,1'b0
u_dut/t_r_reg[2168],FDSE,SLICE_X21Y226,SLICEL.BFF,1'b0
u_dut/t_r_reg[2169],FDRE,SLICE_X16Y222,SLICEM.CFF,1'b0
u_dut/t_r_reg[216],FDSE,SLICE_X30Y241,SLICEL.BFF,1'b0
u_dut/t_r_reg[2174],FDSE,SLICE_X25Y224,SLICEL.AFF,1'b0
u_dut/t_r_reg[2175],FDRE,SLICE_X20Y224,SLICEM.DFF,1'b0
u_dut/t_r_reg[2177],FDRE,SLICE_X22Y227,SLICEM.DFF,1'b0
u_dut/t_r_reg[217],FDSE,SLICE_X31Y241,SLICEL.BFF,1'b0
u_dut/t_r_reg[2182],FDSE,SLICE_X21Y226,SLICEL.B5FF,1'b0
u_dut/t_r_reg[2183],FDRE,SLICE_X24Y224,SLICEL.DFF,1'b0
u_dut/t_r_reg[2186],FDRE,SLICE_X23Y224,SLICEL.DFF,1'b0
u_dut/t_r_reg[2188],FDSE,SLICE_X21Y226,SLICEL.AFF,1'b0
u_dut/t_r_reg[2190],FDSE,SLICE_X25Y224,SLICEL.BFF,1'b0
u_dut/t_r_reg[2191],FDSE,SLICE_X25Y224,SLICEL.CFF,1'b0
u_dut/t_r_reg[2193],FDRE,SLICE_X26Y222,SLICEL.CFF,1'b0
u_dut/t_r_reg[2196],FDRE,SLICE_X17Y224,SLICEL.DFF,1'b0
u_dut/t_r_reg[2199],FDRE,SLICE_X19Y230,SLICEL.CFF,1'b0
u_dut/t_r_reg[219],FDRE,SLICE_X28Y242,SLICEL.CFF,1'b0
u_dut/t_r_reg[2200],FDRE,SLICE_X26Y222,SLICEL.DFF,1'b0
u_dut/t_r_reg[2201],FDRE,SLICE_X18Y226,SLICEM.DFF,1'b0
u_dut/t_r_reg[2203],FDRE,SLICE_X24Y226,SLICEL.DFF,1'b0
u_dut/t_r_reg[2208],FDRE,SLICE_X16Y227,SLICEM.DFF,1'b0
u_dut/t_r_reg[220],FDSE,SLICE_X27Y243,SLICEL.AFF,1'b0
u_dut/t_r_reg[2211],FDRE,SLICE_X15Y223,SLICEL.AFF,1'b0
u_dut/t_r_reg[2212],FDRE,SLICE_X18Y225,SLICEM.DFF,1'b0
u_dut/t_r_reg[2213],FDRE,SLICE_X19Y230,SLICEL.A5FF,1'b0
u_dut/t_r_reg[2214],FDRE,SLICE_X19Y226,SLICEL.CFF,1'b0
u_dut/t_r_reg[2217],FDRE,SLICE_X23Y222,SLICEL.DFF,1'b0
u_dut/t_r_reg[2218],FDRE,SLICE_X20Y228,SLICEM.DFF,1'b0
u_dut/t_r_reg[2219],FDRE,SLICE_X17Y230,SLICEL.A5FF,1'b0
u_dut/t_r_reg[221],FDRE,SLICE_X28Y240,SLICEL.BFF,1'b0
u_dut/t_r_reg[2220],FDRE,SLICE_X15Y222,SLICEL.CFF,1'b0
u_dut/t_r_reg[2226],FDRE,SLICE_X18Y227,SLICEM.DFF,1'b0
u_dut/t_r_reg[2228],FDRE,SLICE_X15Y223,SLICEL.BFF,1'b0
u_dut/t_r_reg[222],FDSE,SLICE_X27Y243,SLICEL.A5FF,1'b0
u_dut/t_r_reg[2233],FDRE,SLICE_X15Y223,SLICEL.DFF,1'b0
u_dut/t_r_reg[2235],FDRE,SLICE_X16Y222,SLICEM.DFF,1'b0
u_dut/t_r_reg[2236],FDRE,SLICE_X19Y228,SLICEL.CFF,1'b0
u_dut/t_r_reg[2238],FDRE,SLICE_X18Y223,SLICEM.CFF,1'b0
u_dut/t_r_reg[223],FDSE,SLICE_X31Y241,SLICEL.AFF,1'b0
u_dut/t_r_reg[2241],FDRE,SLICE_X19Y228,SLICEL.C5FF,1'b0
u_dut/t_r_reg[224],FDSE,SLICE_X25Y243,SLICEL.AFF,1'b0
u_dut/t_r_reg[2251],FDRE,SLICE_X19Y227,SLICEL.DFF,1'b0
u_dut/t_r_reg[2252],FDRE,SLICE_X15Y222,SLICEL.DFF,1'b0
u_dut/t_r_reg[225],FDSE,SLICE_X29Y242,SLICEL.AFF,1'b0
u_dut/t_r_reg[2264],FDRE,SLICE_X32Y212,SLICEL.AFF,1'b0
u_dut/t_r_reg[2266],FDRE,SLICE_X34Y224,SLICEL.BFF,1'b0
u_dut/t_r_reg[2269],FDSE,SLICE_X36Y226,SLICEL.AFF,1'b0
u_dut/t_r_reg[2275],FDSE,SLICE_X36Y226,SLICEL.B5FF,1'b0
u_dut/t_r_reg[2276],FDSE,SLICE_X36Y226,SLICEL.CFF,1'b0
u_dut/t_r_reg[2277],FDSE,SLICE_X36Y226,SLICEL.BFF,1'b0
u_dut/t_r_reg[2279],FDRE,SLICE_X35Y220,SLICEL.CFF,1'b0
u_dut/t_r_reg[227],FDRE,SLICE_X30Y242,SLICEL.DFF,1'b0
u_dut/t_r_reg[2288],FDRE,SLICE_X35Y226,SLICEL.AFF,1'b0
u_dut/t_r_reg[228],FDSE,SLICE_X29Y242,SLICEL.BFF,1'b0
u_dut/t_r_reg[2290],FDRE,SLICE_X33Y221,SLICEL.BFF,1'b0
u_dut/t_r_reg[2292],FDSE,SLICE_X31Y225,SLICEL.CFF,1'b0
u_dut/t_r_reg[2293],FDSE,SLICE_X31Y225,SLICEL.AFF,1'b0
u_dut/t_r_reg[2295],FDRE,SLICE_X33Y226,SLICEL.BFF,1'b0
u_dut/t_r_reg[2297],FDSE,SLICE_X38Y226,SLICEM.AFF,1'b0
u_dut/t_r_reg[2298],FDSE,SLICE_X38Y226,SLICEM.BFF,1'b0
u_dut/t_r_reg[2299],FDSE,SLICE_X38Y226,SLICEM.CFF,1'b0
u_dut/t_r_reg[229],FDSE,SLICE_X23Y243,SLICEL.AFF,1'b0
u_dut/t_r_reg[2300],FDSE,SLICE_X31Y225,SLICEL.A5FF,1'b0
u_dut/t_r_reg[2301],FDSE,SLICE_X38Y226,SLICEM.DFF,1'b0
u_dut/t_r_reg[2304],FDSE,SLICE_X31Y225,SLICEL.BFF,1'b0
u_dut/t_r_reg[2305],FDSE,SLICE_X38Y225,SLICEM.AFF,1'b0
u_dut/t_r_reg[2308],FDSE,SLICE_X36Y222,SLICEL.AFF,1'b0
u_dut/t_r_reg[2309],FDRE,SLICE_X35Y226,SLICEL.BFF,1'b0
u_dut/t_r_reg[230],FDSE,SLICE_X28Y243,SLICEL.AFF,1'b0
u_dut/t_r_reg[2310],FDRE,SLICE_X34Y229,SLICEL.A5FF,1'b0
u_dut/t_r_reg[2313],FDSE,SLICE_X35Y224,SLICEL.AFF,1'b0
u_dut/t_r_reg[2314],FDRE,SLICE_X35Y226,SLICEL.CFF,1'b0
u_dut/t_r_reg[2315],FDSE,SLICE_X33Y225,SLICEL.AFF,1'b0
u_dut/t_r_reg[2317],FDSE,SLICE_X33Y225,SLICEL.BFF,1'b0
u_dut/t_r_reg[2318],FDSE,SLICE_X33Y225,SLICEL.CFF,1'b0
u_dut/t_r_reg[2319],FDSE,SLICE_X33Y225,SLICEL.DFF,1'b0
u_dut/t_r_reg[231],FDSE,SLICE_X29Y242,SLICEL.CFF,1'b0
u_dut/t_r_reg[2320],FDSE,SLICE_X35Y221,SLICEL.AFF,1'b0
u_dut/t_r_reg[2322],FDRE,SLICE_X34Y221,SLICEL.AFF,1'b0
u_dut/t_r_reg[2323],FDSE,SLICE_X31Y219,SLICEL.AFF,1'b0
u_dut/t_r_reg[2327],FDSE,SLICE_X35Y218,SLICEL.AFF,1'b0
u_dut/t_r_reg[2328],FDSE,SLICE_X32Y221,SLICEL.AFF,1'b0
u_dut/t_r_reg[2329],FDSE,SLICE_X31Y219,SLICEL.A5FF,1'b0
u_dut/t_r_reg[232],FDSE,SLICE_X28Y243,SLICEL.BFF,1'b0
u_dut/t_r_reg[2332],FDSE,SLICE_X32Y221,SLICEL.BFF,1'b0
u_dut/t_r_reg[2333],FDSE,SLICE_X32Y221,SLICEL.B5FF,1'b0
u_dut/t_r_reg[2336],FDSE,SLICE_X31Y226,SLICEL.DFF,1'b0
u_dut/t_r_reg[2338],FDSE,SLICE_X30Y216,SLICEL.AFF,1'b0
u_dut/t_r_reg[2339],FDSE,SLICE_X31Y226,SLICEL.AFF,1'b0
u_dut/t_r_reg[233],FDSE,SLICE_X28Y243,SLICEL.CFF,1'b0
u_dut/t_r_reg[2340],FDSE,SLICE_X31Y226,SLICEL.BFF,1'b0
u_dut/t_r_reg[2341],FDSE,SLICE_X31Y226,SLICEL.A5FF,1'b0
u_dut/t_r_reg[2343],FDSE,SLICE_X30Y216,SLICEL.CFF,1'b0
u_dut/t_r_reg[2344],FDSE,SLICE_X30Y216,SLICEL.BFF,1'b0
u_dut/t_r_reg[2348],FDSE,SLICE_X31Y226,SLICEL.CFF,1'b0
u_dut/t_r_reg[234],FDSE,SLICE_X29Y242,SLICEL.DFF,1'b0
u_dut/t_r_reg[2352],FDSE,SLICE_X35Y223,SLICEL.AFF,1'b0
u_dut/t_r_reg[2353],FDSE,SLICE_X36Y224,SLICEL.BFF,1'b0
u_dut/t_r_reg[2354],FDSE,SLICE_X35Y223,SLICEL.BFF,1'b0
u_dut/t_r_reg[235],FDSE,SLICE_X22Y241,SLICEM.AFF,1'b0
u_dut/t_r_reg[2365],FDSE,SLICE_X35Y223,SLICEL.CFF,1'b0
u_dut/t_r_reg[2366],FDSE,SLICE_X35Y223,SLICEL.B5FF,1'b0
u_dut/t_r_reg[2368],FDSE,SLICE_X36Y224,SLICEL.AFF,1'b0
u_dut/t_r_reg[2372],FDRE,SLICE_X33Y224,SLICEL.AFF,1'b0
u_dut/t_r_reg[2375],FDSE,SLICE_X34Y225,SLICEL.AFF,1'b0
u_dut/t_r_reg[2376],FDRE,SLICE_X34Y221,SLICEL.BFF,1'b0
u_dut/t_r_reg[237],FDSE,SLICE_X31Y240,SLICEL.CFF,1'b0
u_dut/t_r_reg[2380],FDSE,SLICE_X34Y223,SLICEL.DFF,1'b0
u_dut/t_r_reg[2382],FDSE,SLICE_X34Y225,SLICEL.BFF,1'b0
u_dut/t_r_reg[2383],FDSE,SLICE_X34Y225,SLICEL.A5FF,1'b0
u_dut/t_r_reg[2385],FDRE,SLICE_X33Y221,SLICEL.CFF,1'b0
u_dut/t_r_reg[2386],FDSE,SLICE_X34Y223,SLICEL.AFF,1'b0
u_dut/t_r_reg[2387],FDSE,SLICE_X34Y225,SLICEL.B5FF,1'b0
u_dut/t_r_reg[2389],FDSE,SLICE_X34Y225,SLICEL.DFF,1'b0
u_dut/t_r_reg[238],FDSE,SLICE_X22Y241,SLICEM.A5FF,1'b0
u_dut/t_r_reg[2391],FDSE,SLICE_X34Y223,SLICEL.BFF,1'b0
u_dut/t_r_reg[2392],FDSE,SLICE_X34Y223,SLICEL.CFF,1'b0
u_dut/t_r_reg[2395],FDRE,SLICE_X34Y222,SLICEL.BFF,1'b0
u_dut/t_r_reg[239],FDSE,SLICE_X22Y241,SLICEM.BFF,1'b0
u_dut/t_r_reg[23],FDSE,SLICE_X27Y238,SLICEL.DFF,1'b0
u_dut/t_r_reg[2404],FDRE,SLICE_X34Y222,SLICEL.CFF,1'b0
u_dut/t_r_reg[2408],FDRE,SLICE_X35Y219,SLICEL.DFF,1'b0
u_dut/t_r_reg[2411],FDRE,SLICE_X34Y221,SLICEL.DFF,1'b0
u_dut/t_r_reg[2413],FDRE,SLICE_X34Y222,SLICEL.DFF,1'b0
u_dut/t_r_reg[2415],FDSE,SLICE_X35Y225,SLICEL.DFF,1'b0
u_dut/t_r_reg[2416],FDSE,SLICE_X35Y225,SLICEL.AFF,1'b0
u_dut/t_r_reg[2419],FDSE,SLICE_X34Y219,SLICEL.AFF,1'b0
u_dut/t_r_reg[241],FDSE,SLICE_X31Y240,SLICEL.AFF,1'b0
u_dut/t_r_reg[2428],FDSE,SLICE_X34Y219,SLICEL.BFF,1'b0
u_dut/t_r_reg[2429],FDSE,SLICE_X34Y219,SLICEL.CFF,1'b0
u_dut/t_r_reg[242],FDRE,SLICE_X30Y240,SLICEL.DFF,1'b0
u_dut/t_r_reg[2431],FDSE,SLICE_X35Y225,SLICEL.BFF,1'b0
u_dut/t_r_reg[2432],FDSE,SLICE_X35Y225,SLICEL.CFF,1'b0
u_dut/t_r_reg[2435],FDSE,SLICE_X34Y226,SLICEL.DFF,1'b0
u_dut/t_r_reg[2436],FDSE,SLICE_X34Y226,SLICEL.AFF,1'b0
u_dut/t_r_reg[2440],FDRE,SLICE_X31Y218,SLICEL.CFF,1'b0
u_dut/t_r_reg[2442],FDSE,SLICE_X34Y226,SLICEL.BFF,1'b0
u_dut/t_r_reg[2444],FDSE,SLICE_X34Y226,SLICEL.CFF,1'b0
u_dut/t_r_reg[244],FDRE,SLICE_X21Y241,SLICEL.DFF,1'b0
u_dut/t_r_reg[245],FDRE,SLICE_X25Y240,SLICEL.CFF,1'b0
u_dut/t_r_reg[247],FDSE,SLICE_X22Y241,SLICEM.CFF,1'b0
u_dut/t_r_reg[2485],FDRE,SLICE_X16Y214,SLICEM.AFF,1'b0
u_dut/t_r_reg[248],FDSE,SLICE_X31Y240,SLICEL.BFF,1'b0
u_dut/t_r_reg[2491],FDRE,SLICE_X16Y214,SLICEM.BFF,1'b0
u_dut/t_r_reg[2496],FDSE,SLICE_X13Y213,SLICEL.CFF,1'b0
u_dut/t_r_reg[249],FDSE,SLICE_X31Y240,SLICEL.DFF,1'b0
u_dut/t_r_reg[24],FDSE,SLICE_X27Y238,SLICEL.AFF,1'b0
u_dut/t_r_reg[2504],FDSE,SLICE_X13Y213,SLICEL.AFF,1'b0
u_dut/t_r_reg[2506],FDSE,SLICE_X13Y213,SLICEL.BFF,1'b0
u_dut/t_r_reg[2512],FDSE,SLICE_X12Y213,SLICEM.BFF,1'b0
u_dut/t_r_reg[2513],FDSE,SLICE_X12Y213,SLICEM.AFF,1'b0
u_dut/t_r_reg[2517],FDRE,SLICE_X14Y214,SLICEM.AFF,1'b0
u_dut/t_r_reg[2518],FDRE,SLICE_X13Y214,SLICEL.AFF,1'b0
u_dut/t_r_reg[251],FDSE,SLICE_X22Y241,SLICEM.DFF,1'b0
u_dut/t_r_reg[2521],FDRE,SLICE_X14Y215,SLICEM.AFF,1'b0
u_dut/t_r_reg[252],FDSE,SLICE_X29Y240,SLICEL.DFF,1'b0
u_dut/t_r_reg[2537],FDRE,SLICE_X16Y213,SLICEM.BFF,1'b0
u_dut/t_r_reg[253],FDSE,SLICE_X29Y240,SLICEL.AFF,1'b0
u_dut/t_r_reg[2542],FDRE,SLICE_X16Y213,SLICEM.CFF,1'b0
u_dut/t_r_reg[2548],FDRE,SLICE_X14Y215,SLICEM.BFF,1'b0
u_dut/t_r_reg[2549],FDRE,SLICE_X14Y214,SLICEM.CFF,1'b0
u_dut/t_r_reg[254],FDSE,SLICE_X29Y243,SLICEL.AFF,1'b0
u_dut/t_r_reg[2550],FDRE,SLICE_X14Y214,SLICEM.DFF,1'b0
u_dut/t_r_reg[2552],FDRE,SLICE_X15Y213,SLICEL.AFF,1'b0
u_dut/t_r_reg[2553],FDRE,SLICE_X15Y213,SLICEL.BFF,1'b0
u_dut/t_r_reg[255],FDSE,SLICE_X29Y240,SLICEL.BFF,1'b0
u_dut/t_r_reg[2562],FDRE,SLICE_X14Y215,SLICEM.A5FF,1'b0
u_dut/t_r_reg[256],FDSE,SLICE_X29Y240,SLICEL.A5FF,1'b0
u_dut/t_r_reg[2570],FDRE,SLICE_X15Y214,SLICEL.BFF,1'b0
u_dut/t_r_reg[2574],FDRE,SLICE_X15Y214,SLICEL.CFF,1'b0
u_dut/t_r_reg[257],FDSE,SLICE_X29Y240,SLICEL.CFF,1'b0
u_dut/t_r_reg[2580],FDRE,SLICE_X20Y213,SLICEM.BFF,1'b0
u_dut/t_r_reg[2581],FDRE,SLICE_X13Y214,SLICEL.BFF,1'b0
u_dut/t_r_reg[2582],FDRE,SLICE_X15Y214,SLICEL.DFF,1'b0
u_dut/t_r_reg[2589],FDRE,SLICE_X14Y215,SLICEM.B5FF,1'b0
u_dut/t_r_reg[258],FDRE,SLICE_X30Y239,SLICEL.CFF,1'b0
u_dut/t_r_reg[2596],FDRE,SLICE_X14Y213,SLICEM.AFF,1'b0
u_dut/t_r_reg[2598],FDRE,SLICE_X14Y215,SLICEM.CFF,1'b0
u_dut/t_r_reg[259],FDSE,SLICE_X21Y244,SLICEL.DFF,1'b0
u_dut/t_r_reg[25],FDSE,SLICE_X30Y225,SLICEL.AFF,1'b0
u_dut/t_r_reg[2603],FDRE,SLICE_X14Y211,SLICEM.AFF,1'b0
u_dut/t_r_reg[260],FDRE,SLICE_X28Y240,SLICEL.CFF,1'b0
u_dut/t_r_reg[2611],FDRE,SLICE_X14Y213,SLICEM.DFF,1'b0
u_dut/t_r_reg[2612],FDRE,SLICE_X14Y215,SLICEM.DFF,1'b0
u_dut/t_r_reg[2628],FDRE,SLICE_X11Y214,SLICEL.AFF,1'b0
u_dut/t_r_reg[262],FDRE,SLICE_X25Y240,SLICEL.DFF,1'b0
u_dut/t_r_reg[2637],FDRE,SLICE_X14Y211,SLICEM.CFF,1'b0
u_dut/t_r_reg[263],FDRE,SLICE_X24Y242,SLICEL.BFF,1'b0
u_dut/t_r_reg[2655],FDSE,SLICE_X5Y230,SLICEL.AFF,1'b0
u_dut/t_r_reg[2656],FDSE,SLICE_X10Y228,SLICEM.AFF,1'b0
u_dut/t_r_reg[2657],FDSE,SLICE_X5Y230,SLICEL.BFF,1'b0
u_dut/t_r_reg[2658],FDSE,SLICE_X10Y228,SLICEM.BFF,1'b0
u_dut/t_r_reg[2659],FDSE,SLICE_X10Y228,SLICEM.CFF,1'b0
u_dut/t_r_reg[265],FDSE,SLICE_X27Y237,SLICEL.DFF,1'b0
u_dut/t_r_reg[2660],FDSE,SLICE_X10Y228,SLICEM.DFF,1'b0
u_dut/t_r_reg[2661],FDSE,SLICE_X10Y228,SLICEM.A5FF,1'b0
u_dut/t_r_reg[2662],FDSE,SLICE_X12Y229,SLICEM.AFF,1'b0
u_dut/t_r_reg[2663],FDSE,SLICE_X6Y225,SLICEM.DFF,1'b0
u_dut/t_r_reg[2664],FDSE,SLICE_X12Y229,SLICEM.BFF,1'b0
u_dut/t_r_reg[2665],FDSE,SLICE_X10Y228,SLICEM.B5FF,1'b0
u_dut/t_r_reg[2666],FDSE,SLICE_X10Y228,SLICEM.C5FF,1'b0
u_dut/t_r_reg[2667],FDSE,SLICE_X5Y230,SLICEL.CFF,1'b0
u_dut/t_r_reg[2668],FDSE,SLICE_X12Y229,SLICEM.D5FF,1'b0
u_dut/t_r_reg[2669],FDSE,SLICE_X13Y224,SLICEL.AFF,1'b0
u_dut/t_r_reg[266],FDSE,SLICE_X26Y242,SLICEL.AFF,1'b0
u_dut/t_r_reg[2670],FDSE,SLICE_X11Y233,SLICEL.AFF,1'b0
u_dut/t_r_reg[2671],FDSE,SLICE_X13Y224,SLICEL.A5FF,1'b0
u_dut/t_r_reg[2672],FDSE,SLICE_X13Y224,SLICEL.BFF,1'b0
u_dut/t_r_reg[2674],FDSE,SLICE_X12Y229,SLICEM.CFF,1'b0
u_dut/t_r_reg[2675],FDSE,SLICE_X13Y224,SLICEL.CFF,1'b0
u_dut/t_r_reg[2676],FDSE,SLICE_X13Y224,SLICEL.DFF,1'b0
u_dut/t_r_reg[2677],FDSE,SLICE_X11Y233,SLICEL.BFF,1'b0
u_dut/t_r_reg[2678],FDSE,SLICE_X11Y233,SLICEL.A5FF,1'b0
u_dut/t_r_reg[2679],FDSE,SLICE_X13Y224,SLICEL.B5FF,1'b0
u_dut/t_r_reg[267],FDSE,SLICE_X27Y237,SLICEL.AFF,1'b0
u_dut/t_r_reg[2680],FDSE,SLICE_X11Y233,SLICEL.B5FF,1'b0
u_dut/t_r_reg[2681],FDSE,SLICE_X13Y224,SLICEL.C5FF,1'b0
u_dut/t_r_reg[2682],FDSE,SLICE_X4Y228,SLICEL.AFF,1'b0
u_dut/t_r_reg[2683],FDSE,SLICE_X6Y225,SLICEM.AFF,1'b0
u_dut/t_r_reg[2684],FDSE,SLICE_X12Y229,SLICEM.DFF,1'b0
u_dut/t_r_reg[2685],FDRE,SLICE_X10Y230,SLICEM.DFF,1'b0
u_dut/t_r_reg[2686],FDSE,SLICE_X12Y229,SLICEM.C5FF,1'b0
u_dut/t_r_reg[2687],FDSE,SLICE_X4Y231,SLICEL.AFF,1'b0
u_dut/t_r_reg[2688],FDSE,SLICE_X6Y225,SLICEM.BFF,1'b0
u_dut/t_r_reg[2689],FDSE,SLICE_X12Y229,SLICEM.A5FF,1'b0
u_dut/t_r_reg[268],FDSE,SLICE_X27Y237,SLICEL.BFF,1'b0
u_dut/t_r_reg[2690],FDSE,SLICE_X13Y222,SLICEL.AFF,1'b0
u_dut/t_r_reg[2691],FDSE,SLICE_X6Y225,SLICEM.CFF,1'b0
u_dut/t_r_reg[2692],FDSE,SLICE_X12Y229,SLICEM.B5FF,1'b0
u_dut/t_r_reg[2693],FDSE,SLICE_X7Y225,SLICEL.A5FF,1'b0
u_dut/t_r_reg[2694],FDRE,SLICE_X5Y224,SLICEL.DFF,1'b0
u_dut/t_r_reg[2695],FDSE,SLICE_X7Y225,SLICEL.BFF,1'b0
u_dut/t_r_reg[2696],FDRE,SLICE_X10Y231,SLICEM.DFF,1'b0
u_dut/t_r_reg[2697],FDSE,SLICE_X6Y224,SLICEM.BFF,1'b0
u_dut/t_r_reg[2698],FDRE,SLICE_X6Y230,SLICEM.A5FF,1'b0
u_dut/t_r_reg[2699],FDRE,SLICE_X6Y228,SLICEM.CFF,1'b0
u_dut/t_r_reg[269],FDSE,SLICE_X27Y237,SLICEL.CFF,1'b0
u_dut/t_r_reg[26],FDSE,SLICE_X30Y225,SLICEL.BFF,1'b0
u_dut/t_r_reg[2700],FDSE,SLICE_X7Y225,SLICEL.AFF,1'b0
u_dut/t_r_reg[2701],FDSE,SLICE_X6Y229,SLICEM.BFF,1'b0
u_dut/t_r_reg[2702],FDSE,SLICE_X6Y229,SLICEM.AFF,1'b0
u_dut/t_r_reg[2703],FDSE,SLICE_X6Y224,SLICEM.CFF,1'b0
u_dut/t_r_reg[2704],FDSE,SLICE_X6Y224,SLICEM.AFF,1'b0
u_dut/t_r_reg[2705],FDSE,SLICE_X6Y229,SLICEM.CFF,1'b0
u_dut/t_r_reg[2706],FDRE,SLICE_X7Y230,SLICEL.CFF,1'b0
u_dut/t_r_reg[2707],FDSE,SLICE_X5Y223,SLICEL.DFF,1'b0
u_dut/t_r_reg[2708],FDSE,SLICE_X5Y223,SLICEL.AFF,1'b0
u_dut/t_r_reg[2709],FDSE,SLICE_X8Y220,SLICEM.AFF,1'b0
u_dut/t_r_reg[270],FDSE,SLICE_X26Y242,SLICEL.BFF,1'b0
u_dut/t_r_reg[2710],FDSE,SLICE_X8Y220,SLICEM.BFF,1'b0
u_dut/t_r_reg[2711],FDSE,SLICE_X8Y220,SLICEM.A5FF,1'b0
u_dut/t_r_reg[2712],FDSE,SLICE_X5Y223,SLICEL.BFF,1'b0
u_dut/t_r_reg[2713],FDSE,SLICE_X8Y220,SLICEM.CFF,1'b0
u_dut/t_r_reg[2714],FDSE,SLICE_X8Y220,SLICEM.DFF,1'b0
u_dut/t_r_reg[2715],FDRE,SLICE_X5Y228,SLICEL.CFF,1'b0
u_dut/t_r_reg[2716],FDRE,SLICE_X8Y232,SLICEM.BFF,1'b0
u_dut/t_r_reg[2717],FDSE,SLICE_X5Y231,SLICEL.BFF,1'b0
u_dut/t_r_reg[2718],FDSE,SLICE_X5Y231,SLICEL.CFF,1'b0
u_dut/t_r_reg[2719],FDSE,SLICE_X4Y232,SLICEL.A5FF,1'b0
u_dut/t_r_reg[271],FDSE,SLICE_X27Y242,SLICEL.AFF,1'b0
u_dut/t_r_reg[2720],FDRE,SLICE_X7Y231,SLICEL.AFF,1'b0
u_dut/t_r_reg[2721],FDSE,SLICE_X4Y232,SLICEL.AFF,1'b0
u_dut/t_r_reg[2722],FDSE,SLICE_X5Y231,SLICEL.AFF,1'b0
u_dut/t_r_reg[2723],FDSE,SLICE_X6Y232,SLICEM.CFF,1'b0
u_dut/t_r_reg[2724],FDSE,SLICE_X6Y232,SLICEM.AFF,1'b0
u_dut/t_r_reg[2725],FDRE,SLICE_X8Y232,SLICEM.CFF,1'b0
u_dut/t_r_reg[2726],FDSE,SLICE_X7Y234,SLICEL.AFF,1'b0
u_dut/t_r_reg[2727],FDSE,SLICE_X7Y234,SLICEL.CFF,1'b0
u_dut/t_r_reg[2728],FDSE,SLICE_X7Y234,SLICEL.A5FF,1'b0
u_dut/t_r_reg[2729],FDSE,SLICE_X7Y234,SLICEL.BFF,1'b0
u_dut/t_r_reg[272],FDSE,SLICE_X26Y242,SLICEL.CFF,1'b0
u_dut/t_r_reg[2730],FDSE,SLICE_X6Y233,SLICEM.CFF,1'b0
u_dut/t_r_reg[2731],FDSE,SLICE_X6Y233,SLICEM.AFF,1'b0
u_dut/t_r_reg[2732],FDSE,SLICE_X13Y234,SLICEL.AFF,1'b0
u_dut/t_r_reg[2733],FDSE,SLICE_X6Y233,SLICEM.BFF,1'b0
u_dut/t_r_reg[2734],FDSE,SLICE_X13Y234,SLICEL.BFF,1'b0
u_dut/t_r_reg[2735],FDSE,SLICE_X13Y234,SLICEL.CFF,1'b0
u_dut/t_r_reg[2736],FDSE,SLICE_X13Y234,SLICEL.A5FF,1'b0
u_dut/t_r_reg[2737],FDSE,SLICE_X5Y219,SLICEL.AFF,1'b0
u_dut/t_r_reg[2738],FDRE,SLICE_X4Y233,SLICEL.AFF,1'b0
u_dut/t_r_reg[2739],FDRE,SLICE_X8Y232,SLICEM.DFF,1'b0
u_dut/t_r_reg[273],FDSE,SLICE_X25Y237,SLICEL.AFF,1'b0
u_dut/t_r_reg[2740],FDSE,SLICE_X8Y234,SLICEM.AFF,1'b0
u_dut/t_r_reg[2741],FDSE,SLICE_X5Y219,SLICEL.BFF,1'b0
u_dut/t_r_reg[2742],FDSE,SLICE_X13Y234,SLICEL.B5FF,1'b0
u_dut/t_r_reg[2743],FDSE,SLICE_X13Y234,SLICEL.DFF,1'b0
u_dut/t_r_reg[2744],FDSE,SLICE_X3Y234,SLICEL.AFF,1'b0
u_dut/t_r_reg[2745],FDSE,SLICE_X7Y233,SLICEL.AFF,1'b0
u_dut/t_r_reg[2746],FDSE,SLICE_X8Y234,SLICEM.BFF,1'b0
u_dut/t_r_reg[2747],FDSE,SLICE_X8Y234,SLICEM.CFF,1'b0
u_dut/t_r_reg[2748],FDSE,SLICE_X8Y234,SLICEM.A5FF,1'b0
u_dut/t_r_reg[2749],FDSE,SLICE_X5Y234,SLICEL.BFF,1'b0
u_dut/t_r_reg[2750],FDSE,SLICE_X8Y234,SLICEM.DFF,1'b0
u_dut/t_r_reg[2751],FDSE,SLICE_X7Y233,SLICEL.BFF,1'b0
u_dut/t_r_reg[2752],FDSE,SLICE_X7Y233,SLICEL.CFF,1'b0
u_dut/t_r_reg[2753],FDSE,SLICE_X6Y232,SLICEM.BFF,1'b0
u_dut/t_r_reg[2754],FDSE,SLICE_X5Y234,SLICEL.CFF,1'b0
u_dut/t_r_reg[2755],FDSE,SLICE_X9Y232,SLICEL.A5FF,1'b0
u_dut/t_r_reg[2756],FDSE,SLICE_X7Y232,SLICEL.CFF,1'b0
u_dut/t_r_reg[2757],FDSE,SLICE_X7Y215,SLICEL.AFF,1'b0
u_dut/t_r_reg[2758],FDSE,SLICE_X7Y232,SLICEL.AFF,1'b0
u_dut/t_r_reg[2759],FDSE,SLICE_X3Y232,SLICEL.CFF,1'b0
u_dut/t_r_reg[275],FDSE,SLICE_X21Y244,SLICEL.BFF,1'b0
u_dut/t_r_reg[2760],FDSE,SLICE_X9Y232,SLICEL.AFF,1'b0
u_dut/t_r_reg[2761],FDSE,SLICE_X7Y215,SLICEL.BFF,1'b0
u_dut/t_r_reg[2762],FDSE,SLICE_X7Y215,SLICEL.A5FF,1'b0
u_dut/t_r_reg[2763],FDSE,SLICE_X7Y232,SLICEL.BFF,1'b0
u_dut/t_r_reg[2764],FDSE,SLICE_X9Y232,SLICEL.BFF,1'b0
u_dut/t_r_reg[2765],FDSE,SLICE_X10Y232,SLICEM.DFF,1'b0
u_dut/t_r_reg[2766],FDSE,SLICE_X11Y231,SLICEL.AFF,1'b0
u_dut/t_r_reg[2767],FDSE,SLICE_X8Y233,SLICEM.AFF,1'b0
u_dut/t_r_reg[2768],FDSE,SLICE_X11Y231,SLICEL.BFF,1'b0
u_dut/t_r_reg[2769],FDSE,SLICE_X8Y233,SLICEM.BFF,1'b0
u_dut/t_r_reg[276],FDSE,SLICE_X25Y237,SLICEL.BFF,1'b0
u_dut/t_r_reg[2771],FDSE,SLICE_X10Y232,SLICEM.AFF,1'b0
u_dut/t_r_reg[2772],FDSE,SLICE_X5Y233,SLICEL.AFF,1'b0
u_dut/t_r_reg[2773],FDSE,SLICE_X5Y233,SLICEL.BFF,1'b0
u_dut/t_r_reg[2774],FDSE,SLICE_X8Y233,SLICEM.CFF,1'b0
u_dut/t_r_reg[2775],FDSE,SLICE_X10Y232,SLICEM.BFF,1'b0
u_dut/t_r_reg[2776],FDSE,SLICE_X11Y231,SLICEL.B5FF,1'b0
u_dut/t_r_reg[2777],FDSE,SLICE_X8Y233,SLICEM.DFF,1'b0
u_dut/t_r_reg[2778],FDSE,SLICE_X11Y231,SLICEL.CFF,1'b0
u_dut/t_r_reg[2779],FDSE,SLICE_X10Y232,SLICEM.CFF,1'b0
u_dut/t_r_reg[277],FDSE,SLICE_X21Y244,SLICEL.CFF,1'b0
u_dut/t_r_reg[2780],FDSE,SLICE_X9Y232,SLICEL.B5FF,1'b0
u_dut/t_r_reg[2781],FDSE,SLICE_X9Y232,SLICEL.C5FF,1'b0
u_dut/t_r_reg[2782],FDSE,SLICE_X3Y232,SLICEL.AFF,1'b0
u_dut/t_r_reg[2783],FDSE,SLICE_X9Y232,SLICEL.CFF,1'b0
u_dut/t_r_reg[2784],FDSE,SLICE_X3Y232,SLICEL.BFF,1'b0
u_dut/t_r_reg[2785],FDSE,SLICE_X9Y232,SLICEL.DFF,1'b0
u_dut/t_r_reg[2786],FDSE,SLICE_X9Y231,SLICEL.BFF,1'b0
u_dut/t_r_reg[2787],FDSE,SLICE_X6Y231,SLICEM.AFF,1'b0
u_dut/t_r_reg[2788],FDRE,SLICE_X7Y231,SLICEL.CFF,1'b0
u_dut/t_r_reg[2789],FDSE,SLICE_X7Y223,SLICEL.AFF,1'b0
u_dut/t_r_reg[278],FDSE,SLICE_X25Y237,SLICEL.A5FF,1'b0
u_dut/t_r_reg[2790],FDSE,SLICE_X7Y223,SLICEL.BFF,1'b0
u_dut/t_r_reg[2791],FDSE,SLICE_X7Y223,SLICEL.A5FF,1'b0
u_dut/t_r_reg[2792],FDSE,SLICE_X9Y231,SLICEL.CFF,1'b0
u_dut/t_r_reg[2793],FDSE,SLICE_X6Y221,SLICEM.AFF,1'b0
u_dut/t_r_reg[2794],FDRE,SLICE_X10Y221,SLICEM.CFF,1'b0
u_dut/t_r_reg[2795],FDSE,SLICE_X6Y221,SLICEM.BFF,1'b0
u_dut/t_r_reg[2796],FDSE,SLICE_X1Y224,SLICEL.AFF,1'b0
u_dut/t_r_reg[2797],FDSE,SLICE_X2Y225,SLICEM.AFF,1'b0
u_dut/t_r_reg[2798],FDSE,SLICE_X11Y220,SLICEL.CFF,1'b0
u_dut/t_r_reg[2799],FDSE,SLICE_X12Y219,SLICEM.AFF,1'b0
u_dut/t_r_reg[279],FDSE,SLICE_X25Y237,SLICEL.CFF,1'b0
u_dut/t_r_reg[27],FDSE,SLICE_X30Y225,SLICEL.A5FF,1'b0
u_dut/t_r_reg[2800],FDSE,SLICE_X11Y220,SLICEL.AFF,1'b0
u_dut/t_r_reg[2801],FDSE,SLICE_X11Y220,SLICEL.BFF,1'b0
u_dut/t_r_reg[2802],FDSE,SLICE_X12Y219,SLICEM.A5FF,1'b0
u_dut/t_r_reg[2803],FDSE,SLICE_X12Y219,SLICEM.BFF,1'b0
u_dut/t_r_reg[2804],FDRE,SLICE_X8Y222,SLICEM.CFF,1'b0
u_dut/t_r_reg[2805],FDSE,SLICE_X12Y218,SLICEM.CFF,1'b0
u_dut/t_r_reg[2806],FDSE,SLICE_X12Y218,SLICEM.AFF,1'b0
u_dut/t_r_reg[2807],FDSE,SLICE_X13Y220,SLICEL.AFF,1'b0
u_dut/t_r_reg[2808],FDRE,SLICE_X11Y221,SLICEL.AFF,1'b0
u_dut/t_r_reg[2809],FDRE,SLICE_X14Y220,SLICEM.CFF,1'b0
u_dut/t_r_reg[2810],FDSE,SLICE_X13Y220,SLICEL.BFF,1'b0
u_dut/t_r_reg[2811],FDSE,SLICE_X12Y218,SLICEM.A5FF,1'b0
u_dut/t_r_reg[2812],FDSE,SLICE_X13Y220,SLICEL.CFF,1'b0
u_dut/t_r_reg[2813],FDSE,SLICE_X13Y232,SLICEL.BFF,1'b0
u_dut/t_r_reg[2814],FDSE,SLICE_X13Y232,SLICEL.AFF,1'b0
u_dut/t_r_reg[2815],FDSE,SLICE_X13Y232,SLICEL.CFF,1'b0
u_dut/t_r_reg[2817],FDSE,SLICE_X13Y232,SLICEL.A5FF,1'b0
u_dut/t_r_reg[281],FDSE,SLICE_X25Y237,SLICEL.DFF,1'b0
u_dut/t_r_reg[2820],FDSE,SLICE_X11Y219,SLICEL.CFF,1'b0
u_dut/t_r_reg[2821],FDSE,SLICE_X11Y219,SLICEL.DFF,1'b0
u_dut/t_r_reg[2822],FDSE,SLICE_X11Y219,SLICEL.AFF,1'b0
u_dut/t_r_reg[2823],FDSE,SLICE_X11Y216,SLICEL.AFF,1'b0
u_dut/t_r_reg[2824],FDSE,SLICE_X11Y216,SLICEL.BFF,1'b0
u_dut/t_r_reg[2825],FDSE,SLICE_X11Y219,SLICEL.BFF,1'b0
u_dut/t_r_reg[2826],FDRE,SLICE_X6Y228,SLICEM.DFF,1'b0
u_dut/t_r_reg[2827],FDRE,SLICE_X2Y231,SLICEM.AFF,1'b0
u_dut/t_r_reg[2828],FDRE,SLICE_X10Y222,SLICEM.CFF,1'b0
u_dut/t_r_reg[2829],FDRE,SLICE_X7Y231,SLICEL.DFF,1'b0
u_dut/t_r_reg[282],FDSE,SLICE_X25Y237,SLICEL.C5FF,1'b0
u_dut/t_r_reg[2831],FDRE,SLICE_X24Y225,SLICEL.DFF,1'b0
u_dut/t_r_reg[2832],FDRE,SLICE_X27Y225,SLICEL.DFF,1'b0
u_dut/t_r_reg[2833],FDRE,SLICE_X28Y224,SLICEL.BFF,1'b0
u_dut/t_r_reg[2834],FDSE,SLICE_X23Y216,SLICEL.AFF,1'b0
u_dut/t_r_reg[2835],FDSE,SLICE_X26Y224,SLICEL.AFF,1'b0
u_dut/t_r_reg[2836],FDSE,SLICE_X26Y224,SLICEL.BFF,1'b0
u_dut/t_r_reg[2837],FDSE,SLICE_X26Y224,SLICEL.A5FF,1'b0
u_dut/t_r_reg[2838],FDSE,SLICE_X26Y224,SLICEL.CFF,1'b0
u_dut/t_r_reg[2839],FDSE,SLICE_X13Y216,SLICEL.DFF,1'b0
u_dut/t_r_reg[283],FDSE,SLICE_X22Y242,SLICEM.AFF,1'b0
u_dut/t_r_reg[2840],FDSE,SLICE_X13Y216,SLICEL.AFF,1'b0
u_dut/t_r_reg[2841],FDSE,SLICE_X13Y216,SLICEL.BFF,1'b0
u_dut/t_r_reg[2842],FDSE,SLICE_X13Y216,SLICEL.CFF,1'b0
u_dut/t_r_reg[2843],FDSE,SLICE_X9Y216,SLICEL.CFF,1'b0
u_dut/t_r_reg[2844],FDSE,SLICE_X9Y216,SLICEL.AFF,1'b0
u_dut/t_r_reg[2845],FDSE,SLICE_X9Y216,SLICEL.BFF,1'b0
u_dut/t_r_reg[2846],FDSE,SLICE_X9Y216,SLICEL.A5FF,1'b0
u_dut/t_r_reg[2847],FDRE,SLICE_X25Y225,SLICEL.DFF,1'b0
u_dut/t_r_reg[2848],FDRE,SLICE_X26Y225,SLICEL.BFF,1'b0
u_dut/t_r_reg[2849],FDRE,SLICE_X12Y214,SLICEM.AFF,1'b0
u_dut/t_r_reg[284],FDSE,SLICE_X24Y238,SLICEL.DFF,1'b0
u_dut/t_r_reg[2850],FDRE,SLICE_X11Y214,SLICEL.BFF,1'b0
u_dut/t_r_reg[2851],FDSE,SLICE_X10Y218,SLICEM.DFF,1'b0
u_dut/t_r_reg[2852],FDSE,SLICE_X10Y218,SLICEM.AFF,1'b0
u_dut/t_r_reg[2853],FDSE,SLICE_X10Y218,SLICEM.BFF,1'b0
u_dut/t_r_reg[2854],FDSE,SLICE_X10Y218,SLICEM.CFF,1'b0
u_dut/t_r_reg[2855],FDSE,SLICE_X10Y217,SLICEM.DFF,1'b0
u_dut/t_r_reg[2856],FDSE,SLICE_X10Y217,SLICEM.AFF,1'b0
u_dut/t_r_reg[2857],FDSE,SLICE_X10Y216,SLICEM.AFF,1'b0
u_dut/t_r_reg[2858],FDSE,SLICE_X10Y217,SLICEM.CFF,1'b0
u_dut/t_r_reg[2859],FDSE,SLICE_X9Y218,SLICEL.CFF,1'b0
u_dut/t_r_reg[285],FDSE,SLICE_X24Y238,SLICEL.AFF,1'b0
u_dut/t_r_reg[2860],FDSE,SLICE_X9Y218,SLICEL.AFF,1'b0
u_dut/t_r_reg[2861],FDSE,SLICE_X9Y218,SLICEL.BFF,1'b0
u_dut/t_r_reg[2862],FDSE,SLICE_X9Y218,SLICEL.B5FF,1'b0
u_dut/t_r_reg[2863],FDSE,SLICE_X27Y224,SLICEL.AFF,1'b0
u_dut/t_r_reg[2864],FDSE,SLICE_X27Y224,SLICEL.BFF,1'b0
u_dut/t_r_reg[2865],FDSE,SLICE_X27Y224,SLICEL.B5FF,1'b0
u_dut/t_r_reg[2866],FDSE,SLICE_X27Y224,SLICEL.A5FF,1'b0
u_dut/t_r_reg[2867],FDSE,SLICE_X21Y216,SLICEL.AFF,1'b0
u_dut/t_r_reg[2868],FDSE,SLICE_X21Y216,SLICEL.A5FF,1'b0
u_dut/t_r_reg[2869],FDSE,SLICE_X21Y216,SLICEL.CFF,1'b0
u_dut/t_r_reg[286],FDSE,SLICE_X22Y242,SLICEM.A5FF,1'b0
u_dut/t_r_reg[2870],FDSE,SLICE_X21Y216,SLICEL.BFF,1'b0
u_dut/t_r_reg[2871],FDRE,SLICE_X14Y218,SLICEM.CFF,1'b0
u_dut/t_r_reg[2872],FDRE,SLICE_X12Y217,SLICEM.CFF,1'b0
u_dut/t_r_reg[2873],FDRE,SLICE_X13Y218,SLICEL.BFF,1'b0
u_dut/t_r_reg[2874],FDRE,SLICE_X14Y217,SLICEM.CFF,1'b0
u_dut/t_r_reg[2875],FDSE,SLICE_X11Y215,SLICEL.AFF,1'b0
u_dut/t_r_reg[2876],FDSE,SLICE_X9Y217,SLICEL.AFF,1'b0
u_dut/t_r_reg[2877],FDSE,SLICE_X9Y217,SLICEL.BFF,1'b0
u_dut/t_r_reg[2878],FDSE,SLICE_X9Y217,SLICEL.CFF,1'b0
u_dut/t_r_reg[2879],FDSE,SLICE_X11Y217,SLICEL.CFF,1'b0
u_dut/t_r_reg[287],FDSE,SLICE_X22Y242,SLICEM.BFF,1'b0
u_dut/t_r_reg[2880],FDSE,SLICE_X11Y217,SLICEL.AFF,1'b0
u_dut/t_r_reg[2881],FDSE,SLICE_X11Y217,SLICEL.BFF,1'b0
u_dut/t_r_reg[2882],FDSE,SLICE_X11Y218,SLICEL.BFF,1'b0
u_dut/t_r_reg[2883],FDSE,SLICE_X13Y215,SLICEL.BFF,1'b0
u_dut/t_r_reg[2884],FDSE,SLICE_X12Y215,SLICEM.AFF,1'b0
u_dut/t_r_reg[2885],FDSE,SLICE_X12Y215,SLICEM.BFF,1'b0
u_dut/t_r_reg[2886],FDSE,SLICE_X13Y215,SLICEL.AFF,1'b0
u_dut/t_r_reg[2887],FDSE,SLICE_X11Y222,SLICEL.DFF,1'b0
u_dut/t_r_reg[2888],FDSE,SLICE_X11Y222,SLICEL.AFF,1'b0
u_dut/t_r_reg[2889],FDSE,SLICE_X11Y222,SLICEL.BFF,1'b0
u_dut/t_r_reg[288],FDSE,SLICE_X22Y242,SLICEM.B5FF,1'b0
u_dut/t_r_reg[2890],FDSE,SLICE_X11Y222,SLICEL.CFF,1'b0
u_dut/t_r_reg[2891],FDSE,SLICE_X24Y223,SLICEL.BFF,1'b0
u_dut/t_r_reg[2892],FDSE,SLICE_X24Y223,SLICEL.AFF,1'b0
u_dut/t_r_reg[2893],FDSE,SLICE_X24Y223,SLICEL.B5FF,1'b0
u_dut/t_r_reg[2894],FDSE,SLICE_X24Y223,SLICEL.A5FF,1'b0
u_dut/t_r_reg[2895],FDRE,SLICE_X26Y223,SLICEL.A5FF,1'b0
u_dut/t_r_reg[2896],FDRE,SLICE_X22Y224,SLICEM.DFF,1'b0
u_dut/t_r_reg[2897],FDRE,SLICE_X26Y225,SLICEL.CFF,1'b0
u_dut/t_r_reg[2898],FDRE,SLICE_X28Y218,SLICEL.DFF,1'b0
u_dut/t_r_reg[289],FDSE,SLICE_X24Y238,SLICEL.BFF,1'b0
u_dut/t_r_reg[28],FDSE,SLICE_X27Y238,SLICEL.A5FF,1'b0
u_dut/t_r_reg[2900],FDRE,SLICE_X17Y214,SLICEL.AFF,1'b0
u_dut/t_r_reg[2901],FDRE,SLICE_X11Y221,SLICEL.BFF,1'b0
u_dut/t_r_reg[2902],FDRE,SLICE_X16Y214,SLICEM.CFF,1'b0
u_dut/t_r_reg[2904],FDRE,SLICE_X17Y214,SLICEL.BFF,1'b0
u_dut/t_r_reg[2905],FDRE,SLICE_X17Y214,SLICEL.DFF,1'b0
u_dut/t_r_reg[2906],FDRE,SLICE_X28Y224,SLICEL.CFF,1'b0
u_dut/t_r_reg[2907],FDRE,SLICE_X26Y225,SLICEL.DFF,1'b0
u_dut/t_r_reg[2908],FDRE,SLICE_X11Y214,SLICEL.CFF,1'b0
u_dut/t_r_reg[2909],FDRE,SLICE_X15Y212,SLICEL.BFF,1'b0
u_dut/t_r_reg[290],FDSE,SLICE_X24Y238,SLICEL.CFF,1'b0
u_dut/t_r_reg[2910],FDRE,SLICE_X18Y214,SLICEM.CFF,1'b0
u_dut/t_r_reg[2911],FDRE,SLICE_X14Y216,SLICEM.CFF,1'b0
u_dut/t_r_reg[2912],FDRE,SLICE_X14Y218,SLICEM.DFF,1'b0
u_dut/t_r_reg[2913],FDRE,SLICE_X14Y217,SLICEM.DFF,1'b0
u_dut/t_r_reg[2914],FDRE,SLICE_X10Y221,SLICEM.DFF,1'b0
u_dut/t_r_reg[291],FDSE,SLICE_X24Y238,SLICEL.A5FF,1'b0
u_dut/t_r_reg[292],FDSE,SLICE_X24Y238,SLICEL.B5FF,1'b0
u_dut/t_r_reg[293],FDSE,SLICE_X22Y242,SLICEM.CFF,1'b0
u_dut/t_r_reg[294],FDSE,SLICE_X24Y243,SLICEL.AFF,1'b0
u_dut/t_r_reg[295],FDRE,SLICE_X30Y239,SLICEL.DFF,1'b0
u_dut/t_r_reg[296],FDRE,SLICE_X20Y243,SLICEM.CFF,1'b0
u_dut/t_r_reg[297],FDSE,SLICE_X21Y232,SLICEL.BFF,1'b0
u_dut/t_r_reg[298],FDSE,SLICE_X21Y240,SLICEL.AFF,1'b0
u_dut/t_r_reg[299],FDSE,SLICE_X21Y232,SLICEL.AFF,1'b0
u_dut/t_r_reg[29],FDSE,SLICE_X27Y238,SLICEL.CFF,1'b0
u_dut/t_r_reg[2],FDRE,SLICE_X36Y230,SLICEL.BFF,1'b0
u_dut/t_r_reg[300],FDSE,SLICE_X24Y241,SLICEL.AFF,1'b0
u_dut/t_r_reg[303],FDSE,SLICE_X21Y232,SLICEL.A5FF,1'b0
u_dut/t_r_reg[304],FDSE,SLICE_X24Y241,SLICEL.BFF,1'b0
u_dut/t_r_reg[305],FDSE,SLICE_X29Y231,SLICEL.AFF,1'b0
u_dut/t_r_reg[306],FDSE,SLICE_X24Y241,SLICEL.CFF,1'b0
u_dut/t_r_reg[307],FDSE,SLICE_X24Y241,SLICEL.DFF,1'b0
u_dut/t_r_reg[308],FDSE,SLICE_X21Y240,SLICEL.DFF,1'b0
u_dut/t_r_reg[309],FDSE,SLICE_X23Y242,SLICEL.DFF,1'b0
u_dut/t_r_reg[30],FDSE,SLICE_X24Y235,SLICEL.AFF,1'b0
u_dut/t_r_reg[311],FDSE,SLICE_X19Y241,SLICEL.AFF,1'b0
u_dut/t_r_reg[312],FDSE,SLICE_X23Y242,SLICEL.AFF,1'b0
u_dut/t_r_reg[313],FDSE,SLICE_X19Y241,SLICEL.BFF,1'b0
u_dut/t_r_reg[314],FDSE,SLICE_X19Y231,SLICEL.AFF,1'b0
u_dut/t_r_reg[315],FDSE,SLICE_X26Y240,SLICEL.AFF,1'b0
u_dut/t_r_reg[316],FDSE,SLICE_X26Y240,SLICEL.CFF,1'b0
u_dut/t_r_reg[317],FDSE,SLICE_X26Y240,SLICEL.BFF,1'b0
u_dut/t_r_reg[318],FDSE,SLICE_X19Y231,SLICEL.A5FF,1'b0
u_dut/t_r_reg[319],FDSE,SLICE_X19Y231,SLICEL.BFF,1'b0
u_dut/t_r_reg[31],FDSE,SLICE_X27Y239,SLICEL.BFF,1'b0
u_dut/t_r_reg[320],FDSE,SLICE_X23Y242,SLICEL.BFF,1'b0
u_dut/t_r_reg[321],FDSE,SLICE_X19Y241,SLICEL.CFF,1'b0
u_dut/t_r_reg[322],FDSE,SLICE_X26Y240,SLICEL.A5FF,1'b0
u_dut/t_r_reg[323],FDSE,SLICE_X23Y242,SLICEL.CFF,1'b0
u_dut/t_r_reg[326],FDSE,SLICE_X24Y243,SLICEL.BFF,1'b0
u_dut/t_r_reg[327],FDSE,SLICE_X21Y240,SLICEL.BFF,1'b0
u_dut/t_r_reg[328],FDSE,SLICE_X21Y240,SLICEL.A5FF,1'b0
u_dut/t_r_reg[329],FDSE,SLICE_X21Y240,SLICEL.B5FF,1'b0
u_dut/t_r_reg[32],FDSE,SLICE_X33Y240,SLICEL.AFF,1'b0
u_dut/t_r_reg[330],FDSE,SLICE_X22Y231,SLICEM.AFF,1'b0
u_dut/t_r_reg[331],FDSE,SLICE_X22Y231,SLICEM.BFF,1'b0
u_dut/t_r_reg[332],FDSE,SLICE_X25Y242,SLICEL.BFF,1'b0
u_dut/t_r_reg[333],FDSE,SLICE_X22Y231,SLICEM.B5FF,1'b0
u_dut/t_r_reg[334],FDSE,SLICE_X21Y243,SLICEL.AFF,1'b0
u_dut/t_r_reg[335],FDSE,SLICE_X22Y231,SLICEM.CFF,1'b0
u_dut/t_r_reg[336],FDSE,SLICE_X25Y242,SLICEL.AFF,1'b0
u_dut/t_r_reg[337],FDSE,SLICE_X22Y231,SLICEM.C5FF,1'b0
u_dut/t_r_reg[338],FDSE,SLICE_X21Y240,SLICEL.CFF,1'b0
u_dut/t_r_reg[339],FDSE,SLICE_X25Y242,SLICEL.B5FF,1'b0
u_dut/t_r_reg[33],FDSE,SLICE_X33Y240,SLICEL.BFF,1'b0
u_dut/t_r_reg[340],FDRE,SLICE_X20Y233,SLICEM.A5FF,1'b0
u_dut/t_r_reg[343],FDRE,SLICE_X22Y239,SLICEM.CFF,1'b0
u_dut/t_r_reg[346],FDSE,SLICE_X20Y241,SLICEM.AFF,1'b0
u_dut/t_r_reg[347],FDSE,SLICE_X20Y241,SLICEM.BFF,1'b0
u_dut/t_r_reg[348],FDSE,SLICE_X20Y241,SLICEM.DFF,1'b0
u_dut/t_r_reg[349],FDSE,SLICE_X20Y241,SLICEM.B5FF,1'b0
u_dut/t_r_reg[34],FDSE,SLICE_X24Y235,SLICEL.A5FF,1'b0
u_dut/t_r_reg[350],FDRE,SLICE_X22Y239,SLICEM.AFF,1'b0
u_dut/t_r_reg[352],FDRE,SLICE_X22Y239,SLICEM.BFF,1'b0
u_dut/t_r_reg[353],FDSE,SLICE_X20Y241,SLICEM.CFF,1'b0
u_dut/t_r_reg[354],FDRE,SLICE_X22Y239,SLICEM.B5FF,1'b0
u_dut/t_r_reg[355],FDSE,SLICE_X20Y241,SLICEM.C5FF,1'b0
u_dut/t_r_reg[358],FDRE,SLICE_X22Y239,SLICEM.A5FF,1'b0
u_dut/t_r_reg[359],FDSE,SLICE_X22Y230,SLICEM.CFF,1'b0
u_dut/t_r_reg[35],FDSE,SLICE_X24Y235,SLICEL.BFF,1'b0
u_dut/t_r_reg[360],FDRE,SLICE_X22Y239,SLICEM.C5FF,1'b0
u_dut/t_r_reg[362],FDSE,SLICE_X22Y230,SLICEM.AFF,1'b0
u_dut/t_r_reg[364],FDSE,SLICE_X22Y230,SLICEM.BFF,1'b0
u_dut/t_r_reg[368],FDSE,SLICE_X22Y230,SLICEM.A5FF,1'b0
u_dut/t_r_reg[36],FDSE,SLICE_X27Y239,SLICEL.AFF,1'b0
u_dut/t_r_reg[373],FDRE,SLICE_X20Y243,SLICEM.DFF,1'b0
u_dut/t_r_reg[374],FDRE,SLICE_X20Y240,SLICEM.DFF,1'b0
u_dut/t_r_reg[378],FDRE,SLICE_X23Y223,SLICEL.DFF,1'b0
u_dut/t_r_reg[37],FDSE,SLICE_X24Y235,SLICEL.CFF,1'b0
u_dut/t_r_reg[38],FDSE,SLICE_X24Y235,SLICEL.DFF,1'b0
u_dut/t_r_reg[391],FDRE,SLICE_X21Y233,SLICEL.DFF,1'b0
u_dut/t_r_reg[393],FDSE,SLICE_X34Y227,SLICEL.BFF,1'b0
u_dut/t_r_reg[396],FDSE,SLICE_X37Y227,SLICEL.AFF,1'b0
u_dut/t_r_reg[397],FDSE,SLICE_X25Y232,SLICEL.B5FF,1'b0
u_dut/t_r_reg[398],FDSE,SLICE_X19Y225,SLICEL.AFF,1'b0
u_dut/t_r_reg[399],FDSE,SLICE_X37Y232,SLICEL.AFF,1'b0
u_dut/t_r_reg[39],FDSE,SLICE_X27Y239,SLICEL.A5FF,1'b0
u_dut/t_r_reg[400],FDSE,SLICE_X25Y232,SLICEL.AFF,1'b0
u_dut/t_r_reg[402],FDSE,SLICE_X25Y232,SLICEL.CFF,1'b0
u_dut/t_r_reg[403],FDSE,SLICE_X25Y232,SLICEL.BFF,1'b0
u_dut/t_r_reg[405],FDSE,SLICE_X37Y232,SLICEL.A5FF,1'b0
u_dut/t_r_reg[406],FDSE,SLICE_X25Y232,SLICEL.DFF,1'b0
u_dut/t_r_reg[407],FDSE,SLICE_X19Y225,SLICEL.BFF,1'b0
u_dut/t_r_reg[408],FDRE,SLICE_X20Y227,SLICEM.DFF,1'b0
u_dut/t_r_reg[40],FDSE,SLICE_X33Y240,SLICEL.CFF,1'b0
u_dut/t_r_reg[411],FDRE,SLICE_X33Y224,SLICEL.BFF,1'b0
u_dut/t_r_reg[412],FDSE,SLICE_X19Y225,SLICEL.CFF,1'b0
u_dut/t_r_reg[414],FDSE,SLICE_X34Y227,SLICEL.A5FF,1'b0
u_dut/t_r_reg[415],FDSE,SLICE_X25Y232,SLICEL.A5FF,1'b0
u_dut/t_r_reg[416],FDSE,SLICE_X37Y232,SLICEL.BFF,1'b0
u_dut/t_r_reg[417],FDSE,SLICE_X19Y225,SLICEL.C5FF,1'b0
u_dut/t_r_reg[419],FDRE,SLICE_X24Y231,SLICEL.DFF,1'b0
u_dut/t_r_reg[41],FDSE,SLICE_X30Y238,SLICEL.DFF,1'b0
u_dut/t_r_reg[420],FDSE,SLICE_X25Y232,SLICEL.D5FF,1'b0
u_dut/t_r_reg[421],FDSE,SLICE_X34Y227,SLICEL.B5FF,1'b0
u_dut/t_r_reg[422],FDSE,SLICE_X37Y227,SLICEL.BFF,1'b0
u_dut/t_r_reg[423],FDRE,SLICE_X28Y226,SLICEL.CFF,1'b0
u_dut/t_r_reg[425],FDSE,SLICE_X19Y225,SLICEL.DFF,1'b0
u_dut/t_r_reg[426],FDSE,SLICE_X34Y227,SLICEL.AFF,1'b0
u_dut/t_r_reg[427],FDSE,SLICE_X19Y225,SLICEL.A5FF,1'b0
u_dut/t_r_reg[429],FDSE,SLICE_X33Y230,SLICEL.CFF,1'b0
u_dut/t_r_reg[42],FDSE,SLICE_X23Y235,SLICEL.AFF,1'b0
u_dut/t_r_reg[430],FDSE,SLICE_X33Y230,SLICEL.BFF,1'b0
u_dut/t_r_reg[432],FDSE,SLICE_X33Y230,SLICEL.AFF,1'b0
u_dut/t_r_reg[433],FDSE,SLICE_X21Y230,SLICEL.AFF,1'b0
u_dut/t_r_reg[435],FDSE,SLICE_X21Y230,SLICEL.BFF,1'b0
u_dut/t_r_reg[436],FDSE,SLICE_X21Y230,SLICEL.CFF,1'b0
u_dut/t_r_reg[437],FDSE,SLICE_X21Y230,SLICEL.A5FF,1'b0
u_dut/t_r_reg[43],FDSE,SLICE_X30Y238,SLICEL.AFF,1'b0
u_dut/t_r_reg[441],FDSE,SLICE_X21Y230,SLICEL.DFF,1'b0
u_dut/t_r_reg[442],FDSE,SLICE_X30Y224,SLICEL.AFF,1'b0
u_dut/t_r_reg[443],FDSE,SLICE_X30Y224,SLICEL.CFF,1'b0
u_dut/t_r_reg[445],FDSE,SLICE_X23Y231,SLICEL.AFF,1'b0
u_dut/t_r_reg[446],FDSE,SLICE_X30Y224,SLICEL.BFF,1'b0
u_dut/t_r_reg[44],FDSE,SLICE_X23Y235,SLICEL.BFF,1'b0
u_dut/t_r_reg[451],FDSE,SLICE_X36Y225,SLICEL.CFF,1'b0
u_dut/t_r_reg[454],FDSE,SLICE_X30Y226,SLICEL.AFF,1'b0
u_dut/t_r_reg[456],FDSE,SLICE_X30Y226,SLICEL.BFF,1'b0
u_dut/t_r_reg[457],FDSE,SLICE_X30Y226,SLICEL.CFF,1'b0
u_dut/t_r_reg[458],FDSE,SLICE_X20Y229,SLICEM.AFF,1'b0
u_dut/t_r_reg[459],FDSE,SLICE_X30Y226,SLICEL.DFF,1'b0
u_dut/t_r_reg[45],FDSE,SLICE_X23Y235,SLICEL.CFF,1'b0
u_dut/t_r_reg[461],FDRE,SLICE_X28Y226,SLICEL.DFF,1'b0
u_dut/t_r_reg[462],FDSE,SLICE_X20Y229,SLICEM.A5FF,1'b0
u_dut/t_r_reg[463],FDSE,SLICE_X36Y225,SLICEL.AFF,1'b0
u_dut/t_r_reg[464],FDSE,SLICE_X36Y225,SLICEL.BFF,1'b0
u_dut/t_r_reg[465],FDSE,SLICE_X31Y222,SLICEL.DFF,1'b0
u_dut/t_r_reg[466],FDSE,SLICE_X31Y222,SLICEL.AFF,1'b0
u_dut/t_r_reg[467],FDSE,SLICE_X31Y222,SLICEL.BFF,1'b0
u_dut/t_r_reg[468],FDSE,SLICE_X19Y235,SLICEL.AFF,1'b0
u_dut/t_r_reg[469],FDSE,SLICE_X31Y222,SLICEL.CFF,1'b0
u_dut/t_r_reg[46],FDSE,SLICE_X30Y238,SLICEL.BFF,1'b0
u_dut/t_r_reg[470],FDRE,SLICE_X32Y223,SLICEL.BFF,1'b0
u_dut/t_r_reg[471],FDSE,SLICE_X29Y224,SLICEL.AFF,1'b0
u_dut/t_r_reg[473],FDSE,SLICE_X21Y234,SLICEL.AFF,1'b0
u_dut/t_r_reg[475],FDRE,SLICE_X30Y223,SLICEL.BFF,1'b0
u_dut/t_r_reg[476],FDSE,SLICE_X19Y235,SLICEL.BFF,1'b0
u_dut/t_r_reg[477],FDSE,SLICE_X21Y234,SLICEL.CFF,1'b0
u_dut/t_r_reg[478],FDSE,SLICE_X19Y235,SLICEL.CFF,1'b0
u_dut/t_r_reg[47],FDSE,SLICE_X25Y238,SLICEL.AFF,1'b0
u_dut/t_r_reg[482],FDSE,SLICE_X19Y222,SLICEL.BFF,1'b0
u_dut/t_r_reg[483],FDSE,SLICE_X21Y234,SLICEL.A5FF,1'b0
u_dut/t_r_reg[484],FDSE,SLICE_X29Y224,SLICEL.BFF,1'b0
u_dut/t_r_reg[486],FDRE,SLICE_X20Y234,SLICEM.DFF,1'b0
u_dut/t_r_reg[487],FDRE,SLICE_X30Y223,SLICEL.CFF,1'b0
u_dut/t_r_reg[48],FDSE,SLICE_X23Y235,SLICEL.A5FF,1'b0
u_dut/t_r_reg[493],FDSE,SLICE_X31Y222,SLICEL.A5FF,1'b0
u_dut/t_r_reg[494],FDSE,SLICE_X29Y224,SLICEL.CFF,1'b0
u_dut/t_r_reg[495],FDSE,SLICE_X29Y224,SLICEL.DFF,1'b0
u_dut/t_r_reg[497],FDRE,SLICE_X21Y236,SLICEL.CFF,1'b0
u_dut/t_r_reg[498],FDSE,SLICE_X36Y223,SLICEL.BFF,1'b0
u_dut/t_r_reg[49],FDSE,SLICE_X30Y238,SLICEL.CFF,1'b0
u_dut/t_r_reg[4],FDSE,SLICE_X30Y225,SLICEL.B5FF,1'b0
u_dut/t_r_reg[502],FDSE,SLICE_X21Y235,SLICEL.AFF,1'b0
u_dut/t_r_reg[503],FDSE,SLICE_X21Y235,SLICEL.BFF,1'b0
u_dut/t_r_reg[505],FDSE,SLICE_X33Y222,SLICEL.BFF,1'b0
u_dut/t_r_reg[508],FDSE,SLICE_X21Y235,SLICEL.CFF,1'b0
u_dut/t_r_reg[509],FDSE,SLICE_X34Y232,SLICEL.AFF,1'b0
u_dut/t_r_reg[50],FDSE,SLICE_X25Y238,SLICEL.BFF,1'b0
u_dut/t_r_reg[510],FDSE,SLICE_X25Y230,SLICEL.AFF,1'b0
u_dut/t_r_reg[511],FDSE,SLICE_X25Y230,SLICEL.BFF,1'b0
u_dut/t_r_reg[514],FDSE,SLICE_X21Y235,SLICEL.DFF,1'b0
u_dut/t_r_reg[515],FDSE,SLICE_X33Y222,SLICEL.CFF,1'b0
u_dut/t_r_reg[517],FDSE,SLICE_X25Y230,SLICEL.CFF,1'b0
u_dut/t_r_reg[518],FDRE,SLICE_X24Y232,SLICEL.DFF,1'b0
u_dut/t_r_reg[519],FDSE,SLICE_X36Y223,SLICEL.AFF,1'b0
u_dut/t_r_reg[51],FDSE,SLICE_X23Y235,SLICEL.C5FF,1'b0
u_dut/t_r_reg[522],FDSE,SLICE_X25Y230,SLICEL.DFF,1'b0
u_dut/t_r_reg[526],FDSE,SLICE_X33Y222,SLICEL.AFF,1'b0
u_dut/t_r_reg[527],FDRE,SLICE_X27Y226,SLICEL.CFF,1'b0
u_dut/t_r_reg[52],FDSE,SLICE_X25Y238,SLICEL.CFF,1'b0
u_dut/t_r_reg[531],FDSE,SLICE_X33Y222,SLICEL.DFF,1'b0
u_dut/t_r_reg[535],FDRE,SLICE_X33Y224,SLICEL.CFF,1'b0
u_dut/t_r_reg[536],FDSE,SLICE_X31Y223,SLICEL.CFF,1'b0
u_dut/t_r_reg[537],FDSE,SLICE_X33Y223,SLICEL.BFF,1'b0
u_dut/t_r_reg[538],FDSE,SLICE_X31Y223,SLICEL.AFF,1'b0
u_dut/t_r_reg[539],FDSE,SLICE_X33Y223,SLICEL.CFF,1'b0
u_dut/t_r_reg[53],FDSE,SLICE_X27Y241,SLICEL.DFF,1'b0
u_dut/t_r_reg[541],FDSE,SLICE_X33Y223,SLICEL.DFF,1'b0
u_dut/t_r_reg[542],FDSE,SLICE_X31Y223,SLICEL.BFF,1'b0
u_dut/t_r_reg[544],FDSE,SLICE_X31Y224,SLICEL.DFF,1'b0
u_dut/t_r_reg[545],FDSE,SLICE_X31Y224,SLICEL.AFF,1'b0
u_dut/t_r_reg[546],FDSE,SLICE_X31Y224,SLICEL.BFF,1'b0
u_dut/t_r_reg[547],FDSE,SLICE_X31Y224,SLICEL.CFF,1'b0
u_dut/t_r_reg[548],FDSE,SLICE_X33Y219,SLICEL.BFF,1'b0
u_dut/t_r_reg[549],FDSE,SLICE_X32Y222,SLICEL.BFF,1'b0
u_dut/t_r_reg[54],FDSE,SLICE_X26Y241,SLICEL.AFF,1'b0
u_dut/t_r_reg[550],FDSE,SLICE_X33Y219,SLICEL.B5FF,1'b0
u_dut/t_r_reg[551],FDSE,SLICE_X32Y222,SLICEL.CFF,1'b0
u_dut/t_r_reg[552],FDSE,SLICE_X32Y222,SLICEL.AFF,1'b0
u_dut/t_r_reg[553],FDSE,SLICE_X31Y221,SLICEL.CFF,1'b0
u_dut/t_r_reg[554],FDSE,SLICE_X30Y220,SLICEL.AFF,1'b0
u_dut/t_r_reg[555],FDSE,SLICE_X31Y221,SLICEL.AFF,1'b0
u_dut/t_r_reg[556],FDSE,SLICE_X30Y220,SLICEL.BFF,1'b0
u_dut/t_r_reg[557],FDSE,SLICE_X31Y221,SLICEL.A5FF,1'b0
u_dut/t_r_reg[558],FDSE,SLICE_X31Y221,SLICEL.BFF,1'b0
u_dut/t_r_reg[559],FDSE,SLICE_X37Y223,SLICEL.CFF,1'b0
u_dut/t_r_reg[55],FDSE,SLICE_X27Y240,SLICEL.AFF,1'b0
u_dut/t_r_reg[560],FDSE,SLICE_X37Y223,SLICEL.BFF,1'b0
u_dut/t_r_reg[561],FDSE,SLICE_X37Y224,SLICEL.AFF,1'b0
u_dut/t_r_reg[562],FDSE,SLICE_X37Y223,SLICEL.AFF,1'b0
u_dut/t_r_reg[566],FDRE,SLICE_X23Y228,SLICEL.CFF,1'b0
u_dut/t_r_reg[567],FDRE,SLICE_X35Y228,SLICEL.BFF,1'b0
u_dut/t_r_reg[56],FDSE,SLICE_X27Y240,SLICEL.BFF,1'b0
u_dut/t_r_reg[575],FDRE,SLICE_X23Y228,SLICEL.C5FF,1'b0
u_dut/t_r_reg[577],FDRE,SLICE_X33Y224,SLICEL.A5FF,1'b0
u_dut/t_r_reg[578],FDRE,SLICE_X33Y227,SLICEL.A5FF,1'b0
u_dut/t_r_reg[57],FDSE,SLICE_X27Y241,SLICEL.AFF,1'b0
u_dut/t_r_reg[580],FDRE,SLICE_X31Y216,SLICEL.AFF,1'b0
u_dut/t_r_reg[581],FDRE,SLICE_X30Y223,SLICEL.DFF,1'b0
u_dut/t_r_reg[582],FDSE,SLICE_X5Y227,SLICEL.AFF,1'b0
u_dut/t_r_reg[583],FDSE,SLICE_X9Y222,SLICEL.AFF,1'b0
u_dut/t_r_reg[584],FDSE,SLICE_X9Y222,SLICEL.BFF,1'b0
u_dut/t_r_reg[585],FDSE,SLICE_X9Y222,SLICEL.CFF,1'b0
u_dut/t_r_reg[586],FDSE,SLICE_X3Y222,SLICEL.AFF,1'b0
u_dut/t_r_reg[587],FDSE,SLICE_X9Y222,SLICEL.DFF,1'b0
u_dut/t_r_reg[588],FDSE,SLICE_X9Y222,SLICEL.B5FF,1'b0
u_dut/t_r_reg[589],FDSE,SLICE_X11Y227,SLICEL.CFF,1'b0
u_dut/t_r_reg[58],FDSE,SLICE_X26Y241,SLICEL.BFF,1'b0
u_dut/t_r_reg[590],FDRE,SLICE_X4Y224,SLICEL.DFF,1'b0
u_dut/t_r_reg[591],FDRE,SLICE_X5Y221,SLICEL.AFF,1'b0
u_dut/t_r_reg[592],FDSE,SLICE_X5Y227,SLICEL.BFF,1'b0
u_dut/t_r_reg[593],FDSE,SLICE_X5Y227,SLICEL.CFF,1'b0
u_dut/t_r_reg[594],FDRE,SLICE_X10Y224,SLICEM.DFF,1'b0
u_dut/t_r_reg[595],FDSE,SLICE_X11Y227,SLICEL.AFF,1'b0
u_dut/t_r_reg[596],FDSE,SLICE_X11Y227,SLICEL.DFF,1'b0
u_dut/t_r_reg[597],FDSE,SLICE_X11Y227,SLICEL.BFF,1'b0
u_dut/t_r_reg[599],FDRE,SLICE_X4Y227,SLICEL.BFF,1'b0
u_dut/t_r_reg[59],FDSE,SLICE_X27Y241,SLICEL.BFF,1'b0
u_dut/t_r_reg[5],FDRE,SLICE_X35Y231,SLICEL.BFF,1'b0
u_dut/t_r_reg[600],FDSE,SLICE_X5Y227,SLICEL.DFF,1'b0
u_dut/t_r_reg[601],FDSE,SLICE_X11Y227,SLICEL.A5FF,1'b0
u_dut/t_r_reg[602],FDSE,SLICE_X11Y227,SLICEL.B5FF,1'b0
u_dut/t_r_reg[603],FDSE,SLICE_X5Y227,SLICEL.D5FF,1'b0
u_dut/t_r_reg[604],FDRE,SLICE_X5Y222,SLICEL.BFF,1'b0
u_dut/t_r_reg[605],FDRE,SLICE_X4Y222,SLICEL.BFF,1'b0
u_dut/t_r_reg[606],FDSE,SLICE_X15Y219,SLICEL.AFF,1'b0
u_dut/t_r_reg[607],FDRE,SLICE_X7Y224,SLICEL.DFF,1'b0
u_dut/t_r_reg[608],FDRE,SLICE_X12Y222,SLICEM.CFF,1'b0
u_dut/t_r_reg[609],FDRE,SLICE_X10Y219,SLICEM.AFF,1'b0
u_dut/t_r_reg[610],FDRE,SLICE_X12Y221,SLICEM.BFF,1'b0
u_dut/t_r_reg[611],FDRE,SLICE_X10Y219,SLICEM.BFF,1'b0
u_dut/t_r_reg[612],FDSE,SLICE_X8Y221,SLICEM.A5FF,1'b0
u_dut/t_r_reg[613],FDRE,SLICE_X4Y222,SLICEL.CFF,1'b0
u_dut/t_r_reg[614],FDSE,SLICE_X16Y230,SLICEM.AFF,1'b0
u_dut/t_r_reg[615],FDSE,SLICE_X4Y220,SLICEL.AFF,1'b0
u_dut/t_r_reg[616],FDSE,SLICE_X4Y220,SLICEL.BFF,1'b0
u_dut/t_r_reg[617],FDRE,SLICE_X5Y222,SLICEL.CFF,1'b0
u_dut/t_r_reg[618],FDRE,SLICE_X13Y218,SLICEL.CFF,1'b0
u_dut/t_r_reg[619],FDRE,SLICE_X13Y218,SLICEL.DFF,1'b0
u_dut/t_r_reg[61],FDSE,SLICE_X27Y240,SLICEL.B5FF,1'b0
u_dut/t_r_reg[620],FDSE,SLICE_X8Y221,SLICEM.DFF,1'b0
u_dut/t_r_reg[621],FDSE,SLICE_X8Y231,SLICEM.AFF,1'b0
u_dut/t_r_reg[622],FDSE,SLICE_X8Y231,SLICEM.BFF,1'b0
u_dut/t_r_reg[623],FDRE,SLICE_X14Y222,SLICEM.DFF,1'b0
u_dut/t_r_reg[624],FDSE,SLICE_X8Y231,SLICEM.A5FF,1'b0
u_dut/t_r_reg[625],FDSE,SLICE_X8Y221,SLICEM.AFF,1'b0
u_dut/t_r_reg[626],FDSE,SLICE_X15Y219,SLICEL.A5FF,1'b0
u_dut/t_r_reg[627],FDSE,SLICE_X21Y222,SLICEL.AFF,1'b0
u_dut/t_r_reg[628],FDSE,SLICE_X7Y222,SLICEL.AFF,1'b0
u_dut/t_r_reg[629],FDSE,SLICE_X21Y222,SLICEL.BFF,1'b0
u_dut/t_r_reg[62],FDSE,SLICE_X26Y241,SLICEL.CFF,1'b0
u_dut/t_r_reg[630],FDSE,SLICE_X21Y222,SLICEL.A5FF,1'b0
u_dut/t_r_reg[631],FDSE,SLICE_X4Y221,SLICEL.AFF,1'b0
u_dut/t_r_reg[632],FDSE,SLICE_X8Y221,SLICEM.BFF,1'b0
u_dut/t_r_reg[633],FDSE,SLICE_X16Y230,SLICEM.BFF,1'b0
u_dut/t_r_reg[634],FDSE,SLICE_X15Y219,SLICEL.BFF,1'b0
u_dut/t_r_reg[635],FDSE,SLICE_X16Y230,SLICEM.A5FF,1'b0
u_dut/t_r_reg[636],FDSE,SLICE_X15Y219,SLICEL.CFF,1'b0
u_dut/t_r_reg[637],FDSE,SLICE_X8Y231,SLICEM.CFF,1'b0
u_dut/t_r_reg[638],FDSE,SLICE_X8Y231,SLICEM.DFF,1'b0
u_dut/t_r_reg[639],FDSE,SLICE_X13Y221,SLICEL.B5FF,1'b0
u_dut/t_r_reg[63],FDSE,SLICE_X26Y241,SLICEL.DFF,1'b0
u_dut/t_r_reg[640],FDSE,SLICE_X9Y234,SLICEL.AFF,1'b0
u_dut/t_r_reg[641],FDSE,SLICE_X9Y234,SLICEL.BFF,1'b0
u_dut/t_r_reg[642],FDSE,SLICE_X9Y234,SLICEL.CFF,1'b0
u_dut/t_r_reg[643],FDSE,SLICE_X9Y234,SLICEL.DFF,1'b0
u_dut/t_r_reg[644],FDSE,SLICE_X9Y234,SLICEL.C5FF,1'b0
u_dut/t_r_reg[645],FDSE,SLICE_X9Y234,SLICEL.B5FF,1'b0
u_dut/t_r_reg[646],FDSE,SLICE_X9Y234,SLICEL.A5FF,1'b0
u_dut/t_r_reg[647],FDSE,SLICE_X9Y233,SLICEL.AFF,1'b0
u_dut/t_r_reg[648],FDRE,SLICE_X8Y218,SLICEM.A5FF,1'b0
u_dut/t_r_reg[649],FDSE,SLICE_X9Y233,SLICEL.CFF,1'b0
u_dut/t_r_reg[64],FDSE,SLICE_X27Y241,SLICEL.CFF,1'b0
u_dut/t_r_reg[650],FDSE,SLICE_X16Y231,SLICEM.AFF,1'b0
u_dut/t_r_reg[651],FDSE,SLICE_X9Y233,SLICEL.BFF,1'b0
u_dut/t_r_reg[652],FDSE,SLICE_X9Y233,SLICEL.DFF,1'b0
u_dut/t_r_reg[653],FDRE,SLICE_X8Y230,SLICEM.DFF,1'b0
u_dut/t_r_reg[654],FDRE,SLICE_X4Y227,SLICEL.AFF,1'b0
u_dut/t_r_reg[655],FDRE,SLICE_X4Y233,SLICEL.BFF,1'b0
u_dut/t_r_reg[656],FDSE,SLICE_X9Y233,SLICEL.A5FF,1'b0
u_dut/t_r_reg[657],FDSE,SLICE_X16Y231,SLICEM.BFF,1'b0
u_dut/t_r_reg[658],FDSE,SLICE_X5Y232,SLICEL.AFF,1'b0
u_dut/t_r_reg[659],FDSE,SLICE_X16Y231,SLICEM.A5FF,1'b0
u_dut/t_r_reg[65],FDSE,SLICE_X27Y240,SLICEL.CFF,1'b0
u_dut/t_r_reg[660],FDSE,SLICE_X16Y231,SLICEM.CFF,1'b0
u_dut/t_r_reg[661],FDSE,SLICE_X9Y233,SLICEL.B5FF,1'b0
u_dut/t_r_reg[662],FDSE,SLICE_X5Y232,SLICEL.BFF,1'b0
u_dut/t_r_reg[663],FDSE,SLICE_X3Y225,SLICEL.AFF,1'b0
u_dut/t_r_reg[664],FDSE,SLICE_X15Y231,SLICEL.AFF,1'b0
u_dut/t_r_reg[665],FDSE,SLICE_X15Y231,SLICEL.BFF,1'b0
u_dut/t_r_reg[666],FDSE,SLICE_X15Y231,SLICEL.CFF,1'b0
u_dut/t_r_reg[667],FDSE,SLICE_X15Y231,SLICEL.DFF,1'b0
u_dut/t_r_reg[668],FDSE,SLICE_X15Y231,SLICEL.C5FF,1'b0
u_dut/t_r_reg[669],FDSE,SLICE_X15Y231,SLICEL.B5FF,1'b0
u_dut/t_r_reg[66],FDSE,SLICE_X23Y240,SLICEL.B5FF,1'b0
u_dut/t_r_reg[670],FDSE,SLICE_X15Y231,SLICEL.A5FF,1'b0
u_dut/t_r_reg[671],FDSE,SLICE_X13Y221,SLICEL.AFF,1'b0
u_dut/t_r_reg[672],FDSE,SLICE_X17Y222,SLICEL.BFF,1'b0
u_dut/t_r_reg[673],FDSE,SLICE_X17Y231,SLICEL.AFF,1'b0
u_dut/t_r_reg[674],FDSE,SLICE_X17Y222,SLICEL.AFF,1'b0
u_dut/t_r_reg[675],FDSE,SLICE_X17Y222,SLICEL.A5FF,1'b0
u_dut/t_r_reg[676],FDSE,SLICE_X17Y231,SLICEL.BFF,1'b0
u_dut/t_r_reg[677],FDSE,SLICE_X17Y231,SLICEL.A5FF,1'b0
u_dut/t_r_reg[678],FDSE,SLICE_X13Y221,SLICEL.A5FF,1'b0
u_dut/t_r_reg[679],FDRE,SLICE_X5Y222,SLICEL.DFF,1'b0
u_dut/t_r_reg[67],FDSE,SLICE_X23Y240,SLICEL.AFF,1'b0
u_dut/t_r_reg[680],FDRE,SLICE_X6Y222,SLICEM.DFF,1'b0
u_dut/t_r_reg[681],FDRE,SLICE_X9Y221,SLICEL.CFF,1'b0
u_dut/t_r_reg[682],FDSE,SLICE_X13Y221,SLICEL.DFF,1'b0
u_dut/t_r_reg[683],FDSE,SLICE_X13Y221,SLICEL.BFF,1'b0
u_dut/t_r_reg[684],FDRE,SLICE_X9Y221,SLICEL.DFF,1'b0
u_dut/t_r_reg[685],FDSE,SLICE_X13Y221,SLICEL.CFF,1'b0
u_dut/t_r_reg[686],FDRE,SLICE_X9Y219,SLICEL.DFF,1'b0
u_dut/t_r_reg[687],FDSE,SLICE_X8Y219,SLICEM.A5FF,1'b0
u_dut/t_r_reg[688],FDSE,SLICE_X6Y220,SLICEM.CFF,1'b0
u_dut/t_r_reg[689],FDSE,SLICE_X6Y220,SLICEM.AFF,1'b0
u_dut/t_r_reg[690],FDRE,SLICE_X7Y220,SLICEL.BFF,1'b0
u_dut/t_r_reg[691],FDRE,SLICE_X4Y227,SLICEL.CFF,1'b0
u_dut/t_r_reg[692],FDSE,SLICE_X12Y220,SLICEM.AFF,1'b0
u_dut/t_r_reg[693],FDRE,SLICE_X9Y220,SLICEL.AFF,1'b0
u_dut/t_r_reg[694],FDSE,SLICE_X12Y220,SLICEM.BFF,1'b0
u_dut/t_r_reg[695],FDSE,SLICE_X6Y220,SLICEM.A5FF,1'b0
u_dut/t_r_reg[696],FDSE,SLICE_X12Y220,SLICEM.CFF,1'b0
u_dut/t_r_reg[697],FDRE,SLICE_X7Y221,SLICEL.BFF,1'b0
u_dut/t_r_reg[698],FDSE,SLICE_X8Y219,SLICEM.CFF,1'b0
u_dut/t_r_reg[699],FDRE,SLICE_X7Y221,SLICEL.CFF,1'b0
u_dut/t_r_reg[69],FDSE,SLICE_X28Y241,SLICEL.BFF,1'b0
u_dut/t_r_reg[6],FDRE,SLICE_X32Y228,SLICEL.DFF,1'b0
u_dut/t_r_reg[700],FDSE,SLICE_X8Y219,SLICEM.AFF,1'b0
u_dut/t_r_reg[701],FDRE,SLICE_X9Y220,SLICEL.BFF,1'b0
u_dut/t_r_reg[702],FDRE,SLICE_X9Y220,SLICEL.CFF,1'b0
u_dut/t_r_reg[703],FDSE,SLICE_X8Y219,SLICEM.BFF,1'b0
u_dut/t_r_reg[705],FDRE,SLICE_X6Y223,SLICEM.DFF,1'b0
u_dut/t_r_reg[706],FDSE,SLICE_X10Y220,SLICEM.BFF,1'b0
u_dut/t_r_reg[707],FDSE,SLICE_X10Y220,SLICEM.AFF,1'b0
u_dut/t_r_reg[708],FDRE,SLICE_X10Y222,SLICEM.DFF,1'b0
u_dut/t_r_reg[709],FDSE,SLICE_X15Y217,SLICEL.AFF,1'b0
u_dut/t_r_reg[70],FDSE,SLICE_X23Y241,SLICEL.AFF,1'b0
u_dut/t_r_reg[710],FDSE,SLICE_X15Y217,SLICEL.BFF,1'b0
u_dut/t_r_reg[712],FDRE,SLICE_X10Y219,SLICEM.DFF,1'b0
u_dut/t_r_reg[713],FDSE,SLICE_X15Y217,SLICEL.CFF,1'b0
u_dut/t_r_reg[714],FDRE,SLICE_X9Y220,SLICEL.DFF,1'b0
u_dut/t_r_reg[716],FDSE,SLICE_X15Y217,SLICEL.DFF,1'b0
u_dut/t_r_reg[719],FDSE,SLICE_X15Y217,SLICEL.A5FF,1'b0
u_dut/t_r_reg[71],FDSE,SLICE_X23Y240,SLICEL.BFF,1'b0
u_dut/t_r_reg[720],FDRE,SLICE_X26Y223,SLICEL.B5FF,1'b0
u_dut/t_r_reg[721],FDRE,SLICE_X4Y227,SLICEL.DFF,1'b0
u_dut/t_r_reg[722],FDRE,SLICE_X7Y221,SLICEL.DFF,1'b0
u_dut/t_r_reg[723],FDRE,SLICE_X12Y221,SLICEM.DFF,1'b0
u_dut/t_r_reg[724],FDRE,SLICE_X5Y220,SLICEL.AFF,1'b0
u_dut/t_r_reg[725],FDRE,SLICE_X5Y221,SLICEL.BFF,1'b0
u_dut/t_r_reg[726],FDRE,SLICE_X5Y220,SLICEL.A5FF,1'b0
u_dut/t_r_reg[72],FDSE,SLICE_X23Y240,SLICEL.A5FF,1'b0
u_dut/t_r_reg[738],FDSE,SLICE_X21Y229,SLICEL.B5FF,1'b0
u_dut/t_r_reg[739],FDSE,SLICE_X28Y229,SLICEL.AFF,1'b0
u_dut/t_r_reg[73],FDSE,SLICE_X28Y241,SLICEL.AFF,1'b0
u_dut/t_r_reg[740],FDSE,SLICE_X28Y229,SLICEL.BFF,1'b0
u_dut/t_r_reg[742],FDSE,SLICE_X28Y229,SLICEL.CFF,1'b0
u_dut/t_r_reg[743],FDSE,SLICE_X11Y230,SLICEL.AFF,1'b0
u_dut/t_r_reg[745],FDSE,SLICE_X28Y229,SLICEL.DFF,1'b0
u_dut/t_r_reg[746],FDSE,SLICE_X11Y230,SLICEL.BFF,1'b0
u_dut/t_r_reg[747],FDSE,SLICE_X28Y229,SLICEL.A5FF,1'b0
u_dut/t_r_reg[74],FDSE,SLICE_X23Y240,SLICEL.CFF,1'b0
u_dut/t_r_reg[750],FDSE,SLICE_X28Y229,SLICEL.C5FF,1'b0
u_dut/t_r_reg[751],FDSE,SLICE_X28Y229,SLICEL.B5FF,1'b0
u_dut/t_r_reg[752],FDSE,SLICE_X11Y230,SLICEL.A5FF,1'b0
u_dut/t_r_reg[754],FDSE,SLICE_X13Y219,SLICEL.A5FF,1'b0
u_dut/t_r_reg[755],FDSE,SLICE_X21Y229,SLICEL.AFF,1'b0
u_dut/t_r_reg[756],FDRE,SLICE_X11Y221,SLICEL.DFF,1'b0
u_dut/t_r_reg[757],FDSE,SLICE_X13Y219,SLICEL.BFF,1'b0
u_dut/t_r_reg[758],FDSE,SLICE_X15Y216,SLICEL.AFF,1'b0
u_dut/t_r_reg[759],FDRE,SLICE_X13Y229,SLICEL.A5FF,1'b0
u_dut/t_r_reg[75],FDSE,SLICE_X23Y240,SLICEL.DFF,1'b0
u_dut/t_r_reg[761],FDSE,SLICE_X21Y229,SLICEL.BFF,1'b0
u_dut/t_r_reg[762],FDSE,SLICE_X21Y229,SLICEL.A5FF,1'b0
u_dut/t_r_reg[763],FDSE,SLICE_X13Y219,SLICEL.AFF,1'b0
u_dut/t_r_reg[766],FDSE,SLICE_X28Y228,SLICEL.AFF,1'b0
u_dut/t_r_reg[767],FDSE,SLICE_X11Y225,SLICEL.BFF,1'b0
u_dut/t_r_reg[769],FDRE,SLICE_X17Y220,SLICEL.DFF,1'b0
u_dut/t_r_reg[76],FDSE,SLICE_X23Y241,SLICEL.BFF,1'b0
u_dut/t_r_reg[770],FDSE,SLICE_X15Y224,SLICEL.AFF,1'b0
u_dut/t_r_reg[773],FDSE,SLICE_X11Y225,SLICEL.CFF,1'b0
u_dut/t_r_reg[775],FDSE,SLICE_X11Y225,SLICEL.B5FF,1'b0
u_dut/t_r_reg[776],FDSE,SLICE_X11Y225,SLICEL.C5FF,1'b0
u_dut/t_r_reg[778],FDRE,SLICE_X16Y226,SLICEM.DFF,1'b0
u_dut/t_r_reg[77],FDSE,SLICE_X23Y241,SLICEL.CFF,1'b0
u_dut/t_r_reg[780],FDSE,SLICE_X15Y224,SLICEL.DFF,1'b0
u_dut/t_r_reg[782],FDSE,SLICE_X21Y218,SLICEL.BFF,1'b0
u_dut/t_r_reg[783],FDSE,SLICE_X21Y218,SLICEL.CFF,1'b0
u_dut/t_r_reg[784],FDSE,SLICE_X17Y221,SLICEL.BFF,1'b0
u_dut/t_r_reg[786],FDSE,SLICE_X17Y221,SLICEL.AFF,1'b0
u_dut/t_r_reg[787],FDSE,SLICE_X17Y221,SLICEL.CFF,1'b0
u_dut/t_r_reg[788],FDSE,SLICE_X17Y221,SLICEL.DFF,1'b0
u_dut/t_r_reg[789],FDSE,SLICE_X17Y221,SLICEL.B5FF,1'b0
u_dut/t_r_reg[78],FDSE,SLICE_X23Y241,SLICEL.DFF,1'b0
u_dut/t_r_reg[792],FDRE,SLICE_X15Y221,SLICEL.BFF,1'b0
u_dut/t_r_reg[793],FDRE,SLICE_X25Y223,SLICEL.BFF,1'b0
u_dut/t_r_reg[795],FDRE,SLICE_X30Y228,SLICEL.BFF,1'b0
u_dut/t_r_reg[797],FDSE,SLICE_X29Y228,SLICEL.AFF,1'b0
u_dut/t_r_reg[799],FDSE,SLICE_X29Y228,SLICEL.A5FF,1'b0
u_dut/t_r_reg[79],FDSE,SLICE_X23Y240,SLICEL.C5FF,1'b0
u_dut/t_r_reg[7],FDRE,SLICE_X26Y238,SLICEL.DFF,1'b0
u_dut/t_r_reg[800],FDRE,SLICE_X30Y215,SLICEL.AFF,1'b0
u_dut/t_r_reg[802],FDRE,SLICE_X30Y215,SLICEL.BFF,1'b0
u_dut/t_r_reg[803],FDRE,SLICE_X29Y229,SLICEL.CFF,1'b0
u_dut/t_r_reg[805],FDSE,SLICE_X15Y225,SLICEL.BFF,1'b0
u_dut/t_r_reg[807],FDSE,SLICE_X15Y225,SLICEL.AFF,1'b0
u_dut/t_r_reg[809],FDSE,SLICE_X29Y228,SLICEL.BFF,1'b0
u_dut/t_r_reg[80],FDSE,SLICE_X27Y234,SLICEL.BFF,1'b0
u_dut/t_r_reg[810],FDSE,SLICE_X29Y228,SLICEL.CFF,1'b0
u_dut/t_r_reg[811],FDSE,SLICE_X29Y228,SLICEL.DFF,1'b0
u_dut/t_r_reg[813],FDSE,SLICE_X31Y229,SLICEL.AFF,1'b0
u_dut/t_r_reg[814],FDSE,SLICE_X31Y229,SLICEL.BFF,1'b0
u_dut/t_r_reg[815],FDSE,SLICE_X31Y229,SLICEL.A5FF,1'b0
u_dut/t_r_reg[816],FDSE,SLICE_X31Y229,SLICEL.B5FF,1'b0
u_dut/t_r_reg[817],FDSE,SLICE_X31Y229,SLICEL.CFF,1'b0
u_dut/t_r_reg[819],FDSE,SLICE_X31Y229,SLICEL.C5FF,1'b0
u_dut/t_r_reg[81],FDSE,SLICE_X35Y227,SLICEL.BFF,1'b0
u_dut/t_r_reg[825],FDSE,SLICE_X28Y228,SLICEL.DFF,1'b0
u_dut/t_r_reg[829],FDSE,SLICE_X32Y225,SLICEL.DFF,1'b0
u_dut/t_r_reg[82],FDSE,SLICE_X23Y236,SLICEL.AFF,1'b0
u_dut/t_r_reg[830],FDSE,SLICE_X32Y225,SLICEL.AFF,1'b0
u_dut/t_r_reg[831],FDSE,SLICE_X32Y225,SLICEL.BFF,1'b0
u_dut/t_r_reg[832],FDSE,SLICE_X32Y225,SLICEL.CFF,1'b0
u_dut/t_r_reg[835],FDRE,SLICE_X30Y229,SLICEL.BFF,1'b0
u_dut/t_r_reg[836],FDSE,SLICE_X28Y228,SLICEL.BFF,1'b0
u_dut/t_r_reg[837],FDSE,SLICE_X28Y228,SLICEL.B5FF,1'b0
u_dut/t_r_reg[83],FDSE,SLICE_X23Y236,SLICEL.BFF,1'b0
u_dut/t_r_reg[840],FDSE,SLICE_X28Y228,SLICEL.CFF,1'b0
u_dut/t_r_reg[842],FDSE,SLICE_X29Y227,SLICEL.BFF,1'b0
u_dut/t_r_reg[844],FDRE,SLICE_X28Y217,SLICEL.DFF,1'b0
u_dut/t_r_reg[847],FDRE,SLICE_X28Y233,SLICEL.A5FF,1'b0
u_dut/t_r_reg[848],FDRE,SLICE_X30Y229,SLICEL.CFF,1'b0
u_dut/t_r_reg[84],FDSE,SLICE_X23Y236,SLICEL.CFF,1'b0
u_dut/t_r_reg[852],FDRE,SLICE_X27Y226,SLICEL.DFF,1'b0
u_dut/t_r_reg[853],FDSE,SLICE_X25Y217,SLICEL.BFF,1'b0
u_dut/t_r_reg[855],FDSE,SLICE_X29Y227,SLICEL.B5FF,1'b0
u_dut/t_r_reg[858],FDSE,SLICE_X29Y227,SLICEL.DFF,1'b0
u_dut/t_r_reg[85],FDSE,SLICE_X32Y242,SLICEL.AFF,1'b0
u_dut/t_r_reg[860],FDSE,SLICE_X21Y224,SLICEL.AFF,1'b0
u_dut/t_r_reg[861],FDSE,SLICE_X33Y229,SLICEL.AFF,1'b0
u_dut/t_r_reg[862],FDSE,SLICE_X33Y229,SLICEL.BFF,1'b0
u_dut/t_r_reg[863],FDRE,SLICE_X23Y228,SLICEL.DFF,1'b0
u_dut/t_r_reg[866],FDRE,SLICE_X29Y229,SLICEL.DFF,1'b0
u_dut/t_r_reg[867],FDSE,SLICE_X31Y227,SLICEL.A5FF,1'b0
u_dut/t_r_reg[869],FDRE,SLICE_X32Y229,SLICEL.CFF,1'b0
u_dut/t_r_reg[86],FDSE,SLICE_X32Y242,SLICEL.BFF,1'b0
u_dut/t_r_reg[873],FDSE,SLICE_X31Y227,SLICEL.CFF,1'b0
u_dut/t_r_reg[875],FDSE,SLICE_X31Y227,SLICEL.AFF,1'b0
u_dut/t_r_reg[877],FDSE,SLICE_X31Y227,SLICEL.BFF,1'b0
u_dut/t_r_reg[878],FDRE,SLICE_X30Y229,SLICEL.DFF,1'b0
u_dut/t_r_reg[879],FDRE,SLICE_X30Y228,SLICEL.DFF,1'b0
u_dut/t_r_reg[87],FDSE,SLICE_X25Y241,SLICEL.AFF,1'b0
u_dut/t_r_reg[881],FDRE,SLICE_X25Y223,SLICEL.CFF,1'b0
u_dut/t_r_reg[888],FDRE,SLICE_X26Y223,SLICEL.DFF,1'b0
u_dut/t_r_reg[88],FDSE,SLICE_X23Y236,SLICEL.DFF,1'b0
u_dut/t_r_reg[891],FDRE,SLICE_X25Y229,SLICEL.DFF,1'b0
u_dut/t_r_reg[892],FDRE,SLICE_X30Y228,SLICEL.A5FF,1'b0
u_dut/t_r_reg[894],FDRE,SLICE_X27Y228,SLICEL.DFF,1'b0
u_dut/t_r_reg[895],FDRE,SLICE_X16Y216,SLICEM.A5FF,1'b0
u_dut/t_r_reg[89],FDSE,SLICE_X23Y236,SLICEL.A5FF,1'b0
u_dut/t_r_reg[902],FDRE,SLICE_X22Y218,SLICEM.BFF,1'b0
u_dut/t_r_reg[90],FDSE,SLICE_X25Y241,SLICEL.BFF,1'b0
u_dut/t_r_reg[91],FDSE,SLICE_X25Y241,SLICEL.CFF,1'b0
u_dut/t_r_reg[921],FDRE,SLICE_X27Y220,SLICEL.DFF,1'b0
u_dut/t_r_reg[922],FDRE,SLICE_X25Y211,SLICEL.AFF,1'b0
u_dut/t_r_reg[923],FDSE,SLICE_X25Y226,SLICEL.AFF,1'b0
u_dut/t_r_reg[924],FDRE,SLICE_X24Y211,SLICEL.CFF,1'b0
u_dut/t_r_reg[925],FDRE,SLICE_X28Y225,SLICEL.DFF,1'b0
u_dut/t_r_reg[92],FDSE,SLICE_X32Y241,SLICEL.AFF,1'b0
u_dut/t_r_reg[930],FDRE,SLICE_X28Y214,SLICEL.BFF,1'b0
u_dut/t_r_reg[93],FDSE,SLICE_X32Y241,SLICEL.BFF,1'b0
u_dut/t_r_reg[940],FDSE,SLICE_X25Y226,SLICEL.BFF,1'b0
u_dut/t_r_reg[943],FDRE,SLICE_X28Y216,SLICEL.DFF,1'b0
u_dut/t_r_reg[944],FDRE,SLICE_X24Y211,SLICEL.A5FF,1'b0
u_dut/t_r_reg[945],FDRE,SLICE_X24Y215,SLICEL.DFF,1'b0
u_dut/t_r_reg[946],FDSE,SLICE_X24Y212,SLICEL.AFF,1'b0
u_dut/t_r_reg[947],FDSE,SLICE_X25Y226,SLICEL.A5FF,1'b0
u_dut/t_r_reg[949],FDSE,SLICE_X25Y226,SLICEL.CFF,1'b0
u_dut/t_r_reg[94],FDSE,SLICE_X32Y242,SLICEL.CFF,1'b0
u_dut/t_r_reg[951],FDSE,SLICE_X25Y226,SLICEL.C5FF,1'b0
u_dut/t_r_reg[952],FDSE,SLICE_X25Y226,SLICEL.B5FF,1'b0
u_dut/t_r_reg[953],FDSE,SLICE_X24Y212,SLICEL.BFF,1'b0
u_dut/t_r_reg[954],FDRE,SLICE_X17Y212,SLICEL.AFF,1'b0
u_dut/t_r_reg[957],FDSE,SLICE_X24Y217,SLICEL.BFF,1'b0
u_dut/t_r_reg[959],FDSE,SLICE_X25Y218,SLICEL.CFF,1'b0
u_dut/t_r_reg[95],FDSE,SLICE_X26Y239,SLICEL.CFF,1'b0
u_dut/t_r_reg[960],FDRE,SLICE_X22Y218,SLICEM.CFF,1'b0
u_dut/t_r_reg[961],FDSE,SLICE_X25Y218,SLICEL.AFF,1'b0
u_dut/t_r_reg[963],FDSE,SLICE_X24Y217,SLICEL.B5FF,1'b0
u_dut/t_r_reg[965],FDSE,SLICE_X24Y217,SLICEL.CFF,1'b0
u_dut/t_r_reg[967],FDSE,SLICE_X24Y217,SLICEL.C5FF,1'b0
u_dut/t_r_reg[968],FDSE,SLICE_X24Y217,SLICEL.AFF,1'b0
u_dut/t_r_reg[96],FDSE,SLICE_X26Y239,SLICEL.DFF,1'b0
u_dut/t_r_reg[974],FDSE,SLICE_X25Y214,SLICEL.AFF,1'b0
u_dut/t_r_reg[975],FDRE,SLICE_X27Y214,SLICEL.BFF,1'b0
u_dut/t_r_reg[976],FDRE,SLICE_X27Y215,SLICEL.AFF,1'b0
u_dut/t_r_reg[977],FDSE,SLICE_X25Y218,SLICEL.A5FF,1'b0
u_dut/t_r_reg[97],FDSE,SLICE_X37Y236,SLICEL.AFF,1'b0
u_dut/t_r_reg[982],FDSE,SLICE_X25Y214,SLICEL.A5FF,1'b0
u_dut/t_r_reg[983],FDSE,SLICE_X25Y218,SLICEL.BFF,1'b0
u_dut/t_r_reg[984],FDSE,SLICE_X32Y218,SLICEL.BFF,1'b0
u_dut/t_r_reg[987],FDSE,SLICE_X21Y228,SLICEL.AFF,1'b0
u_dut/t_r_reg[989],FDSE,SLICE_X21Y228,SLICEL.BFF,1'b0
u_dut/t_r_reg[98],FDSE,SLICE_X24Y240,SLICEL.B5FF,1'b0
u_dut/t_r_reg[990],FDRE,SLICE_X28Y223,SLICEL.DFF,1'b0
u_dut/t_r_reg[992],FDRE,SLICE_X30Y219,SLICEL.DFF,1'b0
u_dut/t_r_reg[993],FDRE,SLICE_X27Y217,SLICEL.A5FF,1'b0
u_dut/t_r_reg[994],FDSE,SLICE_X21Y228,SLICEL.CFF,1'b0
u_dut/t_r_reg[995],FDRE,SLICE_X26Y214,SLICEL.A5FF,1'b0
u_dut/t_r_reg[997],FDSE,SLICE_X21Y228,SLICEL.B5FF,1'b0
u_dut/t_r_reg[998],FDSE,SLICE_X21Y228,SLICEL.DFF,1'b0
u_dut/t_r_reg[999],FDSE,SLICE_X21Y228,SLICEL.D5FF,1'b0
u_dut/t_r_reg[99],FDSE,SLICE_X24Y240,SLICEL.DFF,1'b0
u_dut/x_r_reg[0],FDRE,SLICE_X25Y207,SLICEL.AFF,1'b0
u_dut/x_r_reg[100],FDRE,SLICE_X13Y202,SLICEL.AFF,1'b0
u_dut/x_r_reg[101],FDRE,SLICE_X8Y200,SLICEM.AFF,1'b0
u_dut/x_r_reg[102],FDRE,SLICE_X8Y200,SLICEM.BFF,1'b0
u_dut/x_r_reg[103],FDRE,SLICE_X9Y205,SLICEL.AFF,1'b0
u_dut/x_r_reg[104],FDRE,SLICE_X9Y210,SLICEL.AFF,1'b0
u_dut/x_r_reg[105],FDRE,SLICE_X9Y202,SLICEL.AFF,1'b0
u_dut/x_r_reg[106],FDRE,SLICE_X9Y205,SLICEL.BFF,1'b0
u_dut/x_r_reg[107],FDRE,SLICE_X9Y210,SLICEL.BFF,1'b0
u_dut/x_r_reg[108],FDRE,SLICE_X9Y210,SLICEL.CFF,1'b0
u_dut/x_r_reg[109],FDRE,SLICE_X9Y205,SLICEL.CFF,1'b0
u_dut/x_r_reg[10],FDRE,SLICE_X25Y204,SLICEL.AFF,1'b0
u_dut/x_r_reg[110],FDRE,SLICE_X13Y207,SLICEL.AFF,1'b0
u_dut/x_r_reg[111],FDRE,SLICE_X12Y207,SLICEM.AFF,1'b0
u_dut/x_r_reg[112],FDRE,SLICE_X12Y205,SLICEM.AFF,1'b0
u_dut/x_r_reg[113],FDRE,SLICE_X12Y207,SLICEM.BFF,1'b0
u_dut/x_r_reg[114],FDRE,SLICE_X13Y202,SLICEL.BFF,1'b0
u_dut/x_r_reg[115],FDRE,SLICE_X12Y207,SLICEM.CFF,1'b0
u_dut/x_r_reg[116],FDRE,SLICE_X12Y205,SLICEM.BFF,1'b0
u_dut/x_r_reg[117],FDRE,SLICE_X12Y207,SLICEM.DFF,1'b0
u_dut/x_r_reg[118],FDRE,SLICE_X25Y215,SLICEL.A5FF,1'b0
u_dut/x_r_reg[119],FDRE,SLICE_X24Y214,SLICEL.A5FF,1'b0
u_dut/x_r_reg[11],FDRE,SLICE_X24Y214,SLICEL.B5FF,1'b0
u_dut/x_r_reg[120],FDRE,SLICE_X24Y208,SLICEL.AFF,1'b0
u_dut/x_r_reg[121],FDRE,SLICE_X25Y207,SLICEL.BFF,1'b0
u_dut/x_r_reg[122],FDRE,SLICE_X24Y210,SLICEL.AFF,1'b0
u_dut/x_r_reg[123],FDRE,SLICE_X29Y212,SLICEL.AFF,1'b0
u_dut/x_r_reg[124],FDRE,SLICE_X25Y201,SLICEL.AFF,1'b0
u_dut/x_r_reg[125],FDRE,SLICE_X25Y201,SLICEL.BFF,1'b0
u_dut/x_r_reg[126],FDRE,SLICE_X24Y210,SLICEL.BFF,1'b0
u_dut/x_r_reg[127],FDRE,SLICE_X13Y202,SLICEL.CFF,1'b0
u_dut/x_r_reg[128],FDRE,SLICE_X13Y202,SLICEL.DFF,1'b0
u_dut/x_r_reg[129],FDRE,SLICE_X12Y202,SLICEM.AFF,1'b0
u_dut/x_r_reg[12],FDRE,SLICE_X25Y204,SLICEL.BFF,1'b0
u_dut/x_r_reg[130],FDRE,SLICE_X8Y205,SLICEM.AFF,1'b0
u_dut/x_r_reg[131],FDRE,SLICE_X12Y205,SLICEM.CFF,1'b0
u_dut/x_r_reg[132],FDRE,SLICE_X8Y202,SLICEM.AFF,1'b0
u_dut/x_r_reg[133],FDRE,SLICE_X12Y202,SLICEM.BFF,1'b0
u_dut/x_r_reg[134],FDRE,SLICE_X9Y205,SLICEL.DFF,1'b0
u_dut/x_r_reg[135],FDRE,SLICE_X8Y205,SLICEM.BFF,1'b0
u_dut/x_r_reg[136],FDRE,SLICE_X9Y209,SLICEL.AFF,1'b0
u_dut/x_r_reg[137],FDRE,SLICE_X12Y202,SLICEM.CFF,1'b0
u_dut/x_r_reg[138],FDRE,SLICE_X12Y202,SLICEM.DFF,1'b0
u_dut/x_r_reg[139],FDRE,SLICE_X12Y205,SLICEM.DFF,1'b0
u_dut/x_r_reg[13],FDRE,SLICE_X25Y207,SLICEL.CFF,1'b0
u_dut/x_r_reg[140],FDRE,SLICE_X9Y207,SLICEL.AFF,1'b0
u_dut/x_r_reg[141],FDRE,SLICE_X9Y210,SLICEL.DFF,1'b0
u_dut/x_r_reg[142],FDRE,SLICE_X9Y209,SLICEL.BFF,1'b0
u_dut/x_r_reg[143],FDRE,SLICE_X8Y200,SLICEM.CFF,1'b0
u_dut/x_r_reg[144],FDRE,SLICE_X9Y209,SLICEL.CFF,1'b0
u_dut/x_r_reg[145],FDRE,SLICE_X9Y207,SLICEL.BFF,1'b0
u_dut/x_r_reg[146],FDRE,SLICE_X8Y211,SLICEM.AFF,1'b0
u_dut/x_r_reg[147],FDRE,SLICE_X9Y207,SLICEL.CFF,1'b0
u_dut/x_r_reg[148],FDRE,SLICE_X8Y211,SLICEM.BFF,1'b0
u_dut/x_r_reg[149],FDRE,SLICE_X8Y210,SLICEM.AFF,1'b0
u_dut/x_r_reg[14],FDRE,SLICE_X25Y207,SLICEL.DFF,1'b0
u_dut/x_r_reg[150],FDRE,SLICE_X8Y205,SLICEM.CFF,1'b0
u_dut/x_r_reg[151],FDRE,SLICE_X8Y205,SLICEM.DFF,1'b0
u_dut/x_r_reg[152],FDRE,SLICE_X9Y209,SLICEL.DFF,1'b0
u_dut/x_r_reg[153],FDRE,SLICE_X8Y205,SLICEM.A5FF,1'b0
u_dut/x_r_reg[154],FDRE,SLICE_X25Y204,SLICEL.CFF,1'b0
u_dut/x_r_reg[155],FDRE,SLICE_X25Y205,SLICEL.AFF,1'b0
u_dut/x_r_reg[156],FDRE,SLICE_X25Y201,SLICEL.CFF,1'b0
u_dut/x_r_reg[157],FDRE,SLICE_X25Y205,SLICEL.BFF,1'b0
u_dut/x_r_reg[158],FDRE,SLICE_X24Y206,SLICEL.AFF,1'b0
u_dut/x_r_reg[159],FDRE,SLICE_X25Y201,SLICEL.DFF,1'b0
u_dut/x_r_reg[15],FDRE,SLICE_X24Y205,SLICEL.AFF,1'b0
u_dut/x_r_reg[16],FDRE,SLICE_X25Y204,SLICEL.DFF,1'b0
u_dut/x_r_reg[17],FDRE,SLICE_X24Y204,SLICEL.AFF,1'b0
u_dut/x_r_reg[18],FDRE,SLICE_X36Y208,SLICEL.AFF,1'b0
u_dut/x_r_reg[19],FDRE,SLICE_X36Y208,SLICEL.BFF,1'b0
u_dut/x_r_reg[1],FDRE,SLICE_X24Y206,SLICEL.BFF,1'b0
u_dut/x_r_reg[20],FDRE,SLICE_X40Y208,SLICEL.AFF,1'b0
u_dut/x_r_reg[21],FDRE,SLICE_X41Y202,SLICEL.AFF,1'b0
u_dut/x_r_reg[22],FDRE,SLICE_X41Y202,SLICEL.BFF,1'b0
u_dut/x_r_reg[23],FDRE,SLICE_X41Y206,SLICEL.AFF,1'b0
u_dut/x_r_reg[24],FDRE,SLICE_X41Y206,SLICEL.BFF,1'b0
u_dut/x_r_reg[25],FDRE,SLICE_X41Y206,SLICEL.CFF,1'b0
u_dut/x_r_reg[26],FDRE,SLICE_X40Y208,SLICEL.BFF,1'b0
u_dut/x_r_reg[27],FDRE,SLICE_X24Y201,SLICEL.AFF,1'b0
u_dut/x_r_reg[28],FDRE,SLICE_X24Y204,SLICEL.BFF,1'b0
u_dut/x_r_reg[29],FDRE,SLICE_X24Y207,SLICEL.AFF,1'b0
u_dut/x_r_reg[2],FDRE,SLICE_X24Y215,SLICEL.A5FF,1'b0
u_dut/x_r_reg[30],FDRE,SLICE_X22Y206,SLICEM.AFF,1'b0
u_dut/x_r_reg[31],FDRE,SLICE_X22Y206,SLICEM.BFF,1'b0
u_dut/x_r_reg[32],FDRE,SLICE_X22Y206,SLICEM.CFF,1'b0
u_dut/x_r_reg[33],FDRE,SLICE_X23Y205,SLICEL.AFF,1'b0
u_dut/x_r_reg[34],FDRE,SLICE_X23Y205,SLICEL.BFF,1'b0
u_dut/x_r_reg[35],FDRE,SLICE_X22Y206,SLICEM.DFF,1'b0
u_dut/x_r_reg[36],FDRE,SLICE_X8Y209,SLICEM.AFF,1'b0
u_dut/x_r_reg[37],FDRE,SLICE_X8Y205,SLICEM.B5FF,1'b0
u_dut/x_r_reg[38],FDRE,SLICE_X9Y207,SLICEL.DFF,1'b0
u_dut/x_r_reg[39],FDRE,SLICE_X8Y210,SLICEM.BFF,1'b0
u_dut/x_r_reg[3],FDRE,SLICE_X24Y204,SLICEL.CFF,1'b0
u_dut/x_r_reg[40],FDRE,SLICE_X8Y205,SLICEM.C5FF,1'b0
u_dut/x_r_reg[41],FDRE,SLICE_X8Y209,SLICEM.BFF,1'b0
u_dut/x_r_reg[42],FDRE,SLICE_X8Y207,SLICEM.AFF,1'b0
u_dut/x_r_reg[43],FDRE,SLICE_X8Y202,SLICEM.BFF,1'b0
u_dut/x_r_reg[44],FDRE,SLICE_X8Y209,SLICEM.CFF,1'b0
u_dut/x_r_reg[45],FDRE,SLICE_X32Y202,SLICEL.AFF,1'b0
u_dut/x_r_reg[46],FDRE,SLICE_X32Y202,SLICEL.BFF,1'b0
u_dut/x_r_reg[47],FDRE,SLICE_X32Y202,SLICEL.CFF,1'b0
u_dut/x_r_reg[48],FDRE,SLICE_X32Y202,SLICEL.DFF,1'b0
u_dut/x_r_reg[49],FDRE,SLICE_X33Y202,SLICEL.AFF,1'b0
u_dut/x_r_reg[4],FDRE,SLICE_X24Y206,SLICEL.CFF,1'b0
u_dut/x_r_reg[50],FDRE,SLICE_X33Y202,SLICEL.BFF,1'b0
u_dut/x_r_reg[51],FDRE,SLICE_X33Y208,SLICEL.AFF,1'b0
u_dut/x_r_reg[52],FDRE,SLICE_X33Y202,SLICEL.CFF,1'b0
u_dut/x_r_reg[53],FDRE,SLICE_X33Y202,SLICEL.DFF,1'b0
u_dut/x_r_reg[54],FDRE,SLICE_X24Y205,SLICEL.BFF,1'b0
u_dut/x_r_reg[55],FDRE,SLICE_X24Y205,SLICEL.CFF,1'b0
u_dut/x_r_reg[56],FDRE,SLICE_X24Y205,SLICEL.DFF,1'b0
u_dut/x_r_reg[57],FDRE,SLICE_X24Y201,SLICEL.BFF,1'b0
u_dut/x_r_reg[58],FDRE,SLICE_X24Y201,SLICEL.CFF,1'b0
u_dut/x_r_reg[59],FDRE,SLICE_X24Y204,SLICEL.DFF,1'b0
u_dut/x_r_reg[5],FDRE,SLICE_X24Y215,SLICEL.BFF,1'b0
u_dut/x_r_reg[60],FDRE,SLICE_X32Y216,SLICEL.AFF,1'b0
u_dut/x_r_reg[61],FDRE,SLICE_X37Y219,SLICEL.AFF,1'b0
u_dut/x_r_reg[62],FDRE,SLICE_X31Y215,SLICEL.AFF,1'b0
u_dut/x_r_reg[63],FDRE,SLICE_X39Y220,SLICEL.AFF,1'b0
u_dut/x_r_reg[64],FDRE,SLICE_X32Y216,SLICEL.BFF,1'b0
u_dut/x_r_reg[65],FDRE,SLICE_X37Y219,SLICEL.BFF,1'b0
u_dut/x_r_reg[66],FDRE,SLICE_X37Y219,SLICEL.CFF,1'b0
u_dut/x_r_reg[67],FDRE,SLICE_X39Y220,SLICEL.BFF,1'b0
u_dut/x_r_reg[68],FDRE,SLICE_X37Y219,SLICEL.DFF,1'b0
u_dut/x_r_reg[69],FDRE,SLICE_X38Y219,SLICEM.B5FF,1'b0
u_dut/x_r_reg[6],FDRE,SLICE_X24Y207,SLICEL.BFF,1'b0
u_dut/x_r_reg[70],FDRE,SLICE_X40Y202,SLICEL.AFF,1'b0
u_dut/x_r_reg[71],FDRE,SLICE_X40Y208,SLICEL.CFF,1'b0
u_dut/x_r_reg[72],FDRE,SLICE_X40Y202,SLICEL.BFF,1'b0
u_dut/x_r_reg[73],FDRE,SLICE_X40Y206,SLICEL.AFF,1'b0
u_dut/x_r_reg[74],FDRE,SLICE_X40Y202,SLICEL.CFF,1'b0
u_dut/x_r_reg[75],FDRE,SLICE_X40Y202,SLICEL.DFF,1'b0
u_dut/x_r_reg[76],FDRE,SLICE_X40Y206,SLICEL.BFF,1'b0
u_dut/x_r_reg[77],FDRE,SLICE_X40Y206,SLICEL.CFF,1'b0
u_dut/x_r_reg[78],FDRE,SLICE_X40Y208,SLICEL.DFF,1'b0
u_dut/x_r_reg[79],FDRE,SLICE_X40Y206,SLICEL.DFF,1'b0
u_dut/x_r_reg[7],FDRE,SLICE_X24Y207,SLICEL.CFF,1'b0
u_dut/x_r_reg[80],FDRE,SLICE_X32Y216,SLICEL.CFF,1'b0
u_dut/x_r_reg[81],FDRE,SLICE_X37Y219,SLICEL.A5FF,1'b0
u_dut/x_r_reg[82],FDRE,SLICE_X31Y215,SLICEL.BFF,1'b0
u_dut/x_r_reg[83],FDRE,SLICE_X39Y220,SLICEL.CFF,1'b0
u_dut/x_r_reg[84],FDRE,SLICE_X32Y216,SLICEL.DFF,1'b0
u_dut/x_r_reg[85],FDRE,SLICE_X37Y219,SLICEL.B5FF,1'b0
u_dut/x_r_reg[86],FDRE,SLICE_X37Y219,SLICEL.C5FF,1'b0
u_dut/x_r_reg[87],FDRE,SLICE_X39Y220,SLICEL.DFF,1'b0
u_dut/x_r_reg[88],FDRE,SLICE_X37Y219,SLICEL.D5FF,1'b0
u_dut/x_r_reg[89],FDRE,SLICE_X38Y219,SLICEM.CFF,1'b0
u_dut/x_r_reg[8],FDRE,SLICE_X24Y207,SLICEL.DFF,1'b0
u_dut/x_r_reg[90],FDRE,SLICE_X31Y209,SLICEL.AFF,1'b0
u_dut/x_r_reg[91],FDRE,SLICE_X8Y207,SLICEM.BFF,1'b0
u_dut/x_r_reg[92],FDRE,SLICE_X8Y202,SLICEM.CFF,1'b0
u_dut/x_r_reg[93],FDRE,SLICE_X8Y210,SLICEM.CFF,1'b0
u_dut/x_r_reg[94],FDRE,SLICE_X8Y202,SLICEM.DFF,1'b0
u_dut/x_r_reg[95],FDRE,SLICE_X8Y207,SLICEM.CFF,1'b0
u_dut/x_r_reg[96],FDRE,SLICE_X8Y210,SLICEM.DFF,1'b0
u_dut/x_r_reg[97],FDRE,SLICE_X8Y209,SLICEM.DFF,1'b0
u_dut/x_r_reg[98],FDRE,SLICE_X8Y207,SLICEM.DFF,1'b0
u_dut/x_r_reg[99],FDRE,SLICE_X8Y200,SLICEM.DFF,1'b0
u_dut/x_r_reg[9],FDRE,SLICE_X24Y201,SLICEL.DFF,1'b0
u_dut/y[0]_i_1,LUT5,SLICE_X6Y242,SLICEM.A6LUT,32'h0A0A0F0C
u_dut/y[0]_i_10,LUT4,SLICE_X4Y241,SLICEL.B6LUT,16'h9009
u_dut/y[0]_i_11,LUT4,SLICE_X4Y241,SLICEL.A6LUT,16'h9009
u_dut/y[0]_i_12,LUT4,SLICE_X4Y239,SLICEL.D5LUT,16'h2F02
u_dut/y[0]_i_13,LUT4,SLICE_X4Y239,SLICEL.C5LUT,16'h2F02
u_dut/y[0]_i_14,LUT4,SLICE_X4Y239,SLICEL.B5LUT,16'h2F02
u_dut/y[0]_i_15,LUT4,SLICE_X4Y239,SLICEL.A5LUT,16'h2F02
u_dut/y[0]_i_16,LUT4,SLICE_X4Y239,SLICEL.D6LUT,16'h9009
u_dut/y[0]_i_17,LUT4,SLICE_X4Y239,SLICEL.C6LUT,16'h9009
u_dut/y[0]_i_18,LUT4,SLICE_X4Y239,SLICEL.B6LUT,16'h9009
u_dut/y[0]_i_19,LUT4,SLICE_X4Y239,SLICEL.A6LUT,16'h9009
u_dut/y[0]_i_4,LUT4,SLICE_X4Y241,SLICEL.D5LUT,16'h2F02
u_dut/y[0]_i_5,LUT4,SLICE_X4Y241,SLICEL.C5LUT,16'h2F02
u_dut/y[0]_i_6,LUT4,SLICE_X4Y241,SLICEL.B5LUT,16'h2F02
u_dut/y[0]_i_7,LUT4,SLICE_X4Y241,SLICEL.A5LUT,16'h2F02
u_dut/y[0]_i_8,LUT4,SLICE_X4Y241,SLICEL.D6LUT,16'h9009
u_dut/y[0]_i_9,LUT4,SLICE_X4Y241,SLICEL.C6LUT,16'h9009
u_dut/y[1]_i_1,LUT3,SLICE_X6Y242,SLICEM.A5LUT,8'h0E
u_dut/y[1]_i_10,LUT6,SLICE_X2Y241,SLICEM.B6LUT,64'hE21D00000000E21D
u_dut/y[1]_i_11,LUT6,SLICE_X2Y241,SLICEM.A6LUT,64'hE21D00000000E21D
u_dut/y[1]_i_12,LUT6,SLICE_X3Y240,SLICEL.A6LUT,64'h2F222FFF02000222
u_dut/y[1]_i_13,LUT6,SLICE_X5Y241,SLICEL.A6LUT,64'h2F222FFF02000222
u_dut/y[1]_i_14,LUT6,SLICE_X4Y240,SLICEL.C6LUT,64'h2F222FFF02000222
u_dut/y[1]_i_15,LUT6,SLICE_X4Y240,SLICEL.D6LUT,64'h2F222FFF02000222
u_dut/y[1]_i_16,LUT6,SLICE_X5Y240,SLICEL.D6LUT,64'hE21D00000000E21D
u_dut/y[1]_i_17,LUT6,SLICE_X5Y240,SLICEL.C6LUT,64'hE21D00000000E21D
u_dut/y[1]_i_18,LUT6,SLICE_X5Y240,SLICEL.B6LUT,64'hE21D00000000E21D
u_dut/y[1]_i_19,LUT6,SLICE_X5Y240,SLICEL.A6LUT,64'hE21D00000000E21D
u_dut/y[1]_i_4,LUT6,SLICE_X3Y241,SLICEL.B6LUT,64'h2F222FFF02000222
u_dut/y[1]_i_5,LUT6,SLICE_X3Y241,SLICEL.C6LUT,64'h2F222FFF02000222
u_dut/y[1]_i_6,LUT6,SLICE_X2Y242,SLICEM.A6LUT,64'h2F222FFF02000222
u_dut/y[1]_i_7,LUT6,SLICE_X2Y242,SLICEM.B6LUT,64'h2F222FFF02000222
u_dut/y[1]_i_8,LUT6,SLICE_X2Y241,SLICEM.D6LUT,64'hE21D00000000E21D
u_dut/y[1]_i_9,LUT6,SLICE_X2Y241,SLICEM.C6LUT,64'hE21D00000000E21D
u_dut/y[2]_i_10,LUT6,SLICE_X5Y241,SLICEL.B6LUT,64'hF0F0E2E2FF00E2E2
u_dut/y[2]_i_11,LUT6,SLICE_X3Y242,SLICEL.A6LUT,64'hF0F0E2E2FF00E2E2
u_dut/y[2]_i_12,LUT6,SLICE_X5Y241,SLICEL.C6LUT,64'hF0F0E2E2FF00E2E2
u_dut/y[2]_i_13,LUT6,SLICE_X5Y241,SLICEL.D6LUT,64'hF0F0E2E2FF00E2E2
u_dut/y[2]_i_14,LUT6,SLICE_X5Y242,SLICEL.B6LUT,64'hF0F0E2E2FF00E2E2
u_dut/y[2]_i_15,LUT6,SLICE_X4Y242,SLICEL.B6LUT,64'hF0F0E2E2FF00E2E2
u_dut/y[2]_i_16,LUT6,SLICE_X5Y242,SLICEL.C6LUT,64'hF0F0E2E2FF00E2E2
u_dut/y[2]_i_17,LUT6,SLICE_X5Y242,SLICEL.D6LUT,64'hF0F0E2E2FF00E2E2
u_dut/y[2]_i_18,LUT3,SLICE_X4Y240,SLICEL.A6LUT,8'hB8
u_dut/y[2]_i_19,LUT3,SLICE_X3Y241,SLICEL.A6LUT,8'hB8
u_dut/y[2]_i_2,LUT4,SLICE_X8Y242,SLICEM.D5LUT,16'h4F04
u_dut/y[2]_i_20,LUT3,SLICE_X4Y240,SLICEL.A5LUT,8'hB8
u_dut/y[2]_i_21,LUT3,SLICE_X3Y241,SLICEL.A5LUT,8'hB8
u_dut/y[2]_i_22,LUT3,SLICE_X4Y240,SLICEL.B6LUT,8'hB8
u_dut/y[2]_i_23,LUT3,SLICE_X4Y242,SLICEL.A6LUT,8'hB8
u_dut/y[2]_i_24,LUT3,SLICE_X4Y240,SLICEL.B5LUT,8'hB8
u_dut/y[2]_i_25,LUT3,SLICE_X4Y242,SLICEL.A5LUT,8'hB8
u_dut/y[2]_i_3,LUT4,SLICE_X8Y242,SLICEM.C5LUT,16'h4F04
u_dut/y[2]_i_4,LUT4,SLICE_X8Y242,SLICEM.B5LUT,16'h4F04
u_dut/y[2]_i_5,LUT4,SLICE_X8Y242,SLICEM.A5LUT,16'h4F04
u_dut/y[2]_i_6,LUT4,SLICE_X8Y242,SLICEM.D6LUT,16'h8241
u_dut/y[2]_i_7,LUT4,SLICE_X8Y242,SLICEM.C6LUT,16'h8241
u_dut/y[2]_i_8,LUT4,SLICE_X8Y242,SLICEM.B6LUT,16'h8241
u_dut/y[2]_i_9,LUT4,SLICE_X8Y242,SLICEM.A6LUT,16'h8241
u_dut/y_reg[0],FDRE,SLICE_X6Y242,SLICEM.AFF,1'b0
u_dut/y_reg[0]_i_2,CARRY4,SLICE_X4Y241,SLICEL.CARRY4,
u_dut/y_reg[0]_i_3,CARRY4,SLICE_X4Y239,SLICEL.CARRY4,
u_dut/y_reg[1],FDRE,SLICE_X6Y242,SLICEM.A5FF,1'b0
u_dut/y_reg[1]_i_2,CARRY4,SLICE_X2Y241,SLICEM.CARRY4,
u_dut/y_reg[1]_i_3,CARRY4,SLICE_X5Y240,SLICEL.CARRY4,
u_dut/y_reg[2],FDRE,SLICE_X8Y242,SLICEM.DFF,1'b0
u_dut/y_reg[2]_i_1,CARRY4,SLICE_X8Y242,SLICEM.CARRY4,
