06C41DF5BE0D5786F420D8CE0D0042000418DA5A2
44100D7EB1482AD1B299F3B19F0001600413DA57A
11981EB8B628A2ACBF5F8645F80082D00823DA646
41F80D9D70BA86D1BBDAD54DAD0001500012B629E
3370545EEB477ABC9B95A2A95A01C6503871EE958
0684DCE0F9E9BEA4C263174E3115937110ECE3161
28BE938FAF0A72E1B396A4056A4A64F68A8CFB0AC
254A9776271621D98E99B4299B696B58F6B1E2DBA
0918119BB1492EBBC15E2611E20041E00418C3566
46094E667102EDF6936AF59EAF26DEC27D3AF750C
4315084F21F3E16D65184341840D8F4174FDAA650
42755511CFD134E22F874064740449C2BD78E8DDB
0218AE44E7F26D7067A5F36E5F050BA08483CEA54
2C6E9EDBFBBD8BA6DF9A0501A07EF2390B16F947C
287E8F97EAA842259496840D68786C3A830EF88EF
06E457CCFB4ABF54EE23999E390306C01C4FED55D
26C52CCDF6574235C02C4C3AC45221A2714FF74EA
13900D439804293C4A4FA23CFA000090000C70EE9
06C4859270F8EEE3B757342D7303C830508CF3119
32952E1E19C13D1E441541BD54088DA1A8FBEE9B4
446D562FDCA2C165554FC128FC098F929969D9DE5
2548AA6FACC57618919E7491E7088CE0A8B0E9989
3664AE7FF0C6A286A91B23F5B2080D40B8C8F190F
289FE0D2B62ECF3DC29663F166CA3EDFFFFFEF514
2549A72F18F1E8FE47D2723D271C54C455ADD0DE2
44115349EA039DF27F5EF309EF161892854DEA99E
2666322A16C20107464D1148D1179475EE1FD8DBF
0C8D00853008A6D5B1D753A975125361C14CFA449
28FA93AA719B9302ADD4433D445B2A69D730F8C9C
337002675B07CD72755784C578000070000672692
46C4C584AF079AA7B1199519990D8ED0F0EBF3510
26663F7EAD46023EAD9E956DE958E8D5DE32F64F6
2589A18BE50719D28394A45D4A42DD356A2AEED6E
05A9847F2EC3494A82F377EB3753A903D165A228B
32192013497128851E84A0C84A04C641E12FB9AB3
01B813AFF2592AB4C75E8741E8000140000FCCE0A
05C821E9788E7B48D0D8B5218B004200041FD09BB
32F442C2F7E9DADFC72066AA06024630204FD45E3
1294E62BDDF104CF3F64227A420A107164C2A2AC6
26E6687EAEB892C7A81542F9544A6898BAEFF3516
089E1D4BA6D1E5495F6AD4EAAD4D68B59DA2F6CEB
1568047EE4E67D8869DC04E5C000008000055BE7F
244C815229246A2E8D193371930449607096EA589
2B72138B71066A79A6DD04A5D05629969656F5C82
287E57802EA7CAAEAE999481995D29875697F58D9
23152D4261C2354F571AF295AF0F52620D17E95AC
02745845A2026D26619E53E5E50206003051C327F
1548A386B2F9D74EC959E4A19E084CB0A0C7F650F
03D022D877FD634FD519C5B19C008310082FD85F8
068442BF778976CEC51F25F1F201C5B01C4BE615F
407C246AA7A3994A8328469A8400C350082281B84
046C19AA748AD730D29D2699D20082700421E1196
33500F81AD46461B961E8505E80041900413B2E5A
43715A306271893454E1E27A1E1217028521D6A00
121810742297F5F187D614C961004130041395F3E
1AB74642630461F4745191B1194CEB8F2BA5F58B5
12942BB9787C6F8ADCDBC5CDBC00C3900C33E91BF
13F007A1AA7ADE5C949543C5540000D0000D97295
32193217CD3158B0290650A86504C7D21544BE292
33B016806BF41D64756AA636AA0082A004198963E
26C631CAF1C8521FAB1ED6A1ED8DAED7AE80E9565
32392A108FD110DD2F86E0646E0348420D48ECDAC
11780DA32BE6FD9B79A0755607000130000D5377D
064450BD3B280707D32718DE710347702451F3118
25A93E371C82190C4AD74269741191F28135E05B3
07E0FC6DACF3DDC18063A4FA3A1152C13CE0F290A
415C0B274FD1185D2191A19D1A000090000A28BCD
33B11D99EB484249999503DD501411E1D54DDEDDB
14ED113120A2093E529CC255CC0AD09198EFE69AB
22B53C10489108801A43806C38050722F982912E4
062472EABF0F4BF8F89BD5E9BD0449204486F7100
27415878EBD55E058F5BF4A1BF29DB233592F7CC4
11B811F2FB5F77B8E4D9E5899E0000F0000DDA633
256AB87EEA27121AA5DCA545CA9D346AA2FAE9D7A
23B133301E81711551DC42DDC4109252010CD8208
31D80FB56E6B96AEAED6E4B96E0001500415BE670
33B1306A2887F26F8CD4029D400F9212115EF3D57
35493647E2F6122976D231F5230ACF91E145EF53E
0780E86E25361E0385D3036130088B40E0E2DD99B
15686FBFF6F9CAD0CE62D87A2D05C9603C71E6978
2625EC1690612CD63347D08C7D0C4F96463FEDD5F
23922D114B40BC7F1EC6C0A46C114E97C649E997E
052C72ECBCE856C8DC2B8D26B805C8F02858EF169
05883A8070B62641A224063240018570183FCD9BD
06A50C37DDD26156581381E138098E21B516EF13C
10FC1AC8F25FBB41C1982509820000C0000BB5316
293A2855E45536007A11E2511E30DEA73288F84B8
30FC03C2281C2A16905765BD76000080000681AF1
07E081D9FB8B5F5BED223972230649B03C77F24FD
02940FE6356E5F26C5D9660596000120000FB8A86
41995118CA207C30129051DD050E0AF284F76E776
448D4E31DAA3317B524C8114C8084D526D6DE4DA5
250C6474F10436099728861E8804CA00486AE6D9E
331528155641712D418B4078B403CB020942EBDA8
313D350F13308CAD28D290A929050CC22905E260E
0760E5BFB5B9DEB8D62348C6341B94D124FCDA9B6
246D136FAA76CE689552D2A12D0E5101E159F592E
458818A7F578F6D6C51DE54DDE0082F00827DD96A
3259288229294A6C8E1302E53010D162015EEF98D
08BD4BD8B70A7EE4CBDD0675D02B9AD26D80F58E4
03B028BDBA296734DFA2480E2400C390082AE51B7
0A5647A3B596A283C42829DE82922F856204F9C8E
44316431DAC3316F514CB10CCB08CDE29D78E31C4
11D800CBE5A66D1266DED6B5ED00005000023E2E0
415D4A028610405B1141E00C1E0185225150D566D
4275641D19D0B4AB31E231EA230F9512C106C3697
443147519FE3C9927192A3392A1551625563EB9A0
023808736629A66891544335440000A0000AA86E8
454957211841B53E4D4D10F8D1080DB28D6CF7117
115C01339DB11C934EE923729200005000014BB64
32392E24DB32DD96580C80C8C8058C921559E89E6
42D55C1050F150EE314800548003CA22B172D3644
1410A445A1D1B4D84CAA64D6A6088CC0A482A3AAA
09F448AFB9E7FEF5CD25D7B65D0206101843EF4EE
146C10CFFA077E8CCEE9CA369C0082700417D25BD
13F0FA4DAA32799B732824A28212D4F170E2F354C
34AD2383B095321599A4F7264F2518B1DD20E89A1
031417B7367CBB5FD459B4E59B0041B00418DA5E4
26E53C682B457634A25B3439B3245B130D99F58DD
33F12D44DF8449BC660E71A8E70A0DD20555E41BF
06255B606BB5AE649E58233D82289E2461F8F5902
4371552D23F19D665AA1D2261D1097E29D2DDE1F6
2665C623D69205354A8B010CB010D1A4FE0EF213E
30FD28238E520CBC2D46F0F46F05C7E1E1369CF3F
25AA9953E10611FD744FF21CFF379FC8EEDDF1162
26E501A671A5BDDE92A8181A8122171184FAED952
44ED386F29D569DF85DB43C9B41755922D45DE9D1
42581077309506199DA866A6860041D00411BA26C
146C4178AF488EF4AE9502D9500104D02058ED566
4371633BDFA2E17D6250B17D0B0C9122C17ED0E15
448D52331C933D7B578E9140E909CED2856DE917F
109C08E234ECC6C9CE5F4795F40000F0000AA4F01
41D80C5B2216FE097A50F2410F0000600006B4AB0
2686967D2837F2398B5282B9285126DA5722F78FC
44ED578225E7B1EE72D322D93212D182495FD3200
091825C339FDC7C7E419F5159F0104601043EB0DD
27421A5C5AA411435D0F3330F34059D70A69F0D38
42D55E32DA136D745A8D415CD40B4EE2B587DC5F8
32752A165041E8F930C6F06C6F0307F1D93AE19EB
254A8EB22A0A3A26839263592652E2D8AAD2E319F
25893B40D872D91654D1C3851C2012533184E19AF
27C23CDE373E3738C59744A5747F2F29BB2EF5CE9
25AA91B76FB8DE53A696C42D6C7BEDFA7F27EED6B
22590E1C54D1D51E3F8B50E0B506CBB25956E9DD3
27228D9C7148EAB4B518342D835F6AC812CAF4D07
113C0492AB697E7BA0D68425680000700005AE69E
19D896ED7BC94A87D2EB6BBAB6141140A0AEE1950
35492952A3F5420A799071E9070ACF01E552F551F
44ED4D6CE9362E3C95D61371611754D26176F6518
04CC09B2307665A9A2E716FA7100011000096E67B
1588B12D9E2339B7620E9110E90349A100ECF3927
41D94E8C2A04F96782E5B69A5B2C9B326D37D924F
4391591FD8C1A133464EA0E0EA078E62A960EDD9F
32751A190F51BCCB2A07C0907C0347518D0F94ECD
344D2B389CE3819A5CCCF138CF03C8C0F4EAEA58D
05AA02539EF2B4E3485AA301AA17D432C5377F6D9
42B409A933282E57B22296BE29000120000BA0E79
144C1ABA35485670B960562605008290041FB524D
31D92C336242B16D5ADD021DD00CD3721117EA9DC
33D12A4EED429DF2892754A2751818A1D90FF3161
083C1DF33CAF97CDEF9B967DB90041700013E357B
456867773192F9968439698796070B904459B5213
07203BD03A9ACF1DE021E77E1E0246201C4BE497C
42391E7C67956DB97E98E3F18E1512C1E131D9641
0E054DBB793BA797E59CE6D1CE32DD22ADA4FCC28
3371281653519D143AC8706C87034941F546EDD7D
250E778FA744713F7E28294E82C1B1478A18EB584
32D5370C4AD0F8A51F841038410246721548DD5FD
4295541F57F1E10C3E91A11D1A07CE023D2BE59E5
46455A542696B6838C9282652812D3D2B198F3905
4178365C28061E5591D4A2C14A0083701440D4E65
32D5281F553164BE3351F12D1F070C91F107A72BE
23920E1C8D9154A82D87C1347C174EF62E2BD8A18
35E92575AAA732599213E2BD3E0FD202055EF4918
4431424722C2491A576203EA201895D23911E19EF
03D012EA3B9E9790E2DAB5ADAB0041E0041BD61D5
45C8CDA676093705CBDE16C9E1105040DCE1F54F0
4549633FA283C5DE7311A1A11A0D5242B587EF550
12746BBD77548D939B7EBD27EB090C504057BFE72
23D28EA4ACC601B6A0DE45A5E498F319AEC5EA592
40FC1F9DB2051DCAAFED0B1ED00082700415AB6B4
058A4876676304F8727148931488AF45C5AC86AAC
05A95448A95211626BEA945EA91959721105D9D90
272096522662E1796B9DD355DD068BD0ACA4E8D57
05C82BA476DBC38CD4994469940083800C36EE942
04AC2FB1F6D6A254B6A968B2960185001032AFA0C
146C4CADB54591E3A26C0856C002C7002044CFDF5
32194C13CFE0E4A3294AA0ACAA0509C2292AD6243
33152B145211D1123688107081030881C934ECD95
43B164150E3144BA2B471090710509228D64D7E1F
14AC13896D28E68DA0D5736557004180041ABEA01
43913A52E395560086D3D2D53D1111D2155BF215C
0A350D94F4C7D2DEC11E0575E01895D19930F8CB1
43F1203EE162A52054DF32F9F31113A20108A4A89
039027F2BE2A3712EC685B06850103A00825D2A11
315D2D0E0E90CCAF2649207092034871E51CDCA1B
060A0C4DE18459C77610D2750D1C15A3E9E0F2142
27429FB97379A2BDB59824658280306A5F2AF90E2
16E5215FA905BA5190D412B1410BCFB1892FEFD35
13505D5FE783F16B759CA38DCA00C3F014378EF19
44CD48BFB3B655F9A6A3F71A3F28DA52153AE818B
10600D429CB3815E65CFE1C8FE0000D000119D71C
048C9E6A28C66626879893F98905C9D080A0D49DD
4239510F9110BCAB29CCD0A4CD060BD2A53FCC647
150CD9762CD3D195882997869916134110C9DD1E3
4275590F8DF14CCB2985E0545E034812555DC8257
11780BE1B9DE0756DC1BA5F5BA0001500011CC641
26C6845425273A65899312593142A619BB00F98D3
42B55717934171093B49009090050AD2856FEC1A6
41B956181580F8BB329290E929074E427124C6282
289D4194F0874E79AB5BE559BE281A12AD82F98B6
439162124EF0F8AB2589707C97040912252BD722B
27A0C48D3148BED7B097F3C97F0B4F210CFEF70E5
2391526EA1D4B978771704AD7050E0162A2DDE1C7
10200B555F1240D36A9E13F1E1000100000B79BD3
348D2D8BF06549F58D2485A2481E1831E91DE7DA3
3371332F5CE4C9E360CE1128E1078DB21559E49BC
43714C3C94E3310A4B4C3264C310CCE26D66CDA4D
14CC9EAF3393657696FFFFFFFF2153308076D0DFA
287DAB3EDA534954580DD1E4DD1DD515461AF0135
329528149870C0F638D530CD53048CE1A4EEEFD9E
06A425BAFAA99F42DCA227AE220083200825E8948
42B5662858F148E03C16A1E96A0ED122A12DDCE03
148C137764D72E088C55E4B95E0041400414A7E6A
45C97A63A413293E5D63F5923F2C19F2D536E71D4
3295301E145148DD384BE0D4BE054A61E526DB61E
07C05EE73E4F53FFF95BF67DBF040870387BF5CE5
3569094EA13481C9708FA1F8FA094D119530E598D
4351531E96F265574689D0909D058C22B587E999D
33F12D385F83B1BF6B0FA180FA094EC21158EB585
2626A238E00385C868909175092AE0B9B2DEF94E5
037018D53A8EFFADE39A5531A50041D0041AE11AE
089D0F8CF3C5D663B62516D2511915F150FEF68E6
45495234A042654A5A9741E1740B51120525D79D3
44CD58381BC3698D5ACCE174CE0BCE72A184F3945
13526334DA229D0640D471C147301F293A52C5268
097A753EE3246A0D754FE158FE0FD4B3CDDEFB48D
0A96035F264646488752128921225974A617F8CA2
11D80BB1B45D034FC31693DD690001000010D1639
43F07A44229502007410119501018620548BE01B1
089DC1682D359E669CD81325811EDA8369BCF7CDB
31D810D9F6E7AA03B5AA8992A8000130000A83B1D
3238C61F95720920480AF0D8AF0307F110EFCDE41
060824EB7D4EC7BBEBDAF5A5AF0082F0082AE7D49
270685BDEF09AE47A51A0555A0A8330B3F24FB4B8
03150C2DD79170BC3B1571FD570B0E01E101882DA
32952E0ACEC0E8DA2D46503C65024802154CF157B
0C0DBBC036CA971CD21A85E9A82D5B62BDA7FC45F
087C1EB975EB371BD25DB689DB004240041ED0969
46C55584AF7962EAAF96E3856E19D7229193F30FD
43915A1D9860D0CB38D8D1BD8D0DD1E2A923DC1E6
0A765DCEBAD74EAEDE2EEE8EEEA2EF2415BEFD470
43F0E1886A340D7B896C7BF2C727956134D3E1DD4
12D411E8FBCF33AEE85A459DA40041F0041CDDDBC
26269CEEB38E66D9A693E3CD3E59E6285AEAF78F8
0939F46EAD85FE6AA31DE525DE52E735BA25FD076
181C8385EC22F107683B7A9FB7100FC08C767B674
129428AF75BB1722D0DDA62DDA0082D00825D3E0F
11B806B3EE7B028BA798849988000100000EA669D
08DD17B5F91702A8D32A3AAAA31BD4F0F0D8F8CD6
15A89068EAB45DA77762443E24064BA0888FD79EC
23513230605412036D4ED118ED084F826178F5D35
31D808B5B2176612ADA3776A37000150000D9E69C
4371572C176269354BCBA12CBA098D129577EA587
3315292459C2756E504D00E8D0060C520548EE58F
43354E2AD95170E643561245611010C26D2CE7DCF
413D490185B04C5A1002000420014532614ECBA9A
04EE9BC7B3BB0ABDB9D854E185576666667FEBD8D
07E048E57DDC4386FA235976350347202054EC103
45A9548C2D977E35925973ED971DD7B2AD7AE41B1
431413ED3A3E336DE81D5741D50041D00417D19F9
25C928DCB4284E05A22407DA40309B123D43DFDB4
431407A32B1B7263A2198555980000F0000D94299
2608FF852D7936C4A29513295110D241D554F0D1D
34AD2E3CE12419E26D8FB174FB090EC20958F153D
06C40DE87C4FD7C8E95A4581A40001500012E0140
09DAB27A6E8481C38F2996E6995367A459A2F3D05
2742A2852D093E97B0594461947AF039F709F84CF
25CA9AA0AB78D64890931351315364C8CEE6F2143
13903BAEB8C52A27B7B5ACFB5A0205A0102DD6A12
278094993144A1A4886D779ED70C0EE0948FD258A
0684D44EA725AE6C8B91F2011F05CB90F4F3F68F1
32D53B215DE14D3B4D16C12D6C068F01C105EA1AB
43B13B215631FD2F45CA30BCA305CB524963F216C
054810E2F9BA3ABDDFA67BBE670041B00011C19B5
089EE9952E07C658B25BB575BB7EAE784AB6FDC75
41794A0C4ED0606E1D4FB0A8FB060BE29515B86B4
452D5A64E627AE527ED041F5040ED1A29190F452D
22B52F151011DCE12E4870848704092225419A6B8
446D4947643499CA6D15F2115F0E12B25550D75D9
42F55B271A92D191554D00ECD007CE52A17DE41C5
4431571C9471CD0E3D0A10A4A1058B527965EF98F
448CBE5B653415796AD9F3559F084C70E0C3A6A79
085C3BC1FA6C239DE05B357DB30185701C50F38F3
248E062C976140BD39562259622BDA2661D4D35E9
2742A03F22D421FE7E11D1C51D34E469FB04F9CC7
07E0CC7DB097EAE8B4584401840D9051310FFA494
11980388E5A6DD8F835F15E9F10000B0000763B1D
35E9007AAAC79E719C558401581050217127EB148
14AC16B7730ACED2C25C4591C4004210041CC063E
117819EE797C6F11D71CF705CF0041C00417D0E70
148CEF4EA751E11D57B39643391393D120ABF0183
26868F58E3F7021F7A9262552640A3B97AE4F4D14
089C9992F2F93309C1D7F4097F0408F05895F80B6
070445C5FB8A2B56E4A227F6220286701C4EF2CF6
31B93E19166114C42F17E1357E080ED218F8E1A13
352D2A27A11101254A244272440E54B204F4F5135
16E52B61AA9606769352D2252D0C9161F961FB0C7
30FD290A8E40A8AC264830488301461114DAE0217
08BEA86EA848F6898F523289232B1D25D661FC88B
0624317EB1099F34C218C4298C00C3900C38E754E
31D801204CE1C4A12A8690C469000020000475A73
25492C2A94125D073DCA8130A8084B024153D421C
0625C52EA2E145395264D2924D1E9E941966EF140
26A51EB432D9C2C7B7177449771854F20166F312F
11981DB47349BA9AAD593411930042100420C8A71
12580CC8F7994AB2C61ED5C9ED0001700011C7652
285F0BD1747B02B0C19C25F5C2CF7AFC7B66F4CE1
05A827E73A9D0B6FEBDEE819EE00C3100828E018E
42D4095DE03649A86252024D200000C0000D792AB
32D53E149710B8CF3158211D82070ED204F6E41F8
44305FAAB735BE3CB12EEA1EEE07CB70486ACE9DF
252E0D42D9D3B55552CC31B4C3225606B265EB99A
19391BCD7AAC337BE31C3651C32057C1D95CFCC8C
07200EDB795E9B82D7D884C9880041B00419D693D
0C4EBDA4B01986AFB197F4897F8C314AF73DF909C
30DC14993148025DA6E1A63E1A00421004189CEAA
05C82FDD7E0C279DF822D9662D0245D01445E915C
072076B17937FEF2CDA518465107CB905885F1535
0721867DF0F455E099E8465A843FA4239988ECD51
25C9802812F214F53F8A21A0A216CFC4ADF1E8D70
33D12F4B6652353459EC0516C014D4C174CEE09F1
099816BB787DD3A4DAD8F49D8F0042200420D98F8
093A26A072C95AB3C6DE65DDE6616AD5F650F7CCB
307D440F0BE0F8A02244F0444F02C712294BBEED4
344D2B215A9144F94196F1856F094F92090EED97C
33152C19538154E3340D8110D8064AB1D915E59E1
34312E291A12052D4C50C1650C08CDF21535E99B2
2B328965EAA866D5A415631D5652A99942FEFC875
13F00770649A926A835292C1290000A0000AA2E93
146C108EEC686253A2D713F9710041A0041AB5DAF
011C0BB56A67BDBDA21E772DE70000B0000781B50
083E27592453F9B46F95E2BD5E2CDD55A613F48F8
123812C738B73E7EC8EAC9FAAC004160000CC2E94
04CC17E9BA693A86D86ACC6AAC0082A00418AC61F
12382140A2354E2674CFE180FE0001A00824D4667
033413CA767A1AABC89FE6C5FE0041E00417BEA6D
32593D205901C5194112512525078DD20D1EDE1FA
10FC04A9A9D8C5C17FDD7565D700009000056232D
27428DACEDC98A6CA355F4195F6F6AE99B07FC49C
441159231DD0F0CC3AE8224E8211976298FDE15D9
03F015C9B9FA5B25DBA1477E1400C380082BDA99E
083C577F6E386AC7B09723F172024660346DE8927
113C302A57224510470CF118CF00422010378DB12
42755827149210DA394DF144DF094C82553C896D0
248E52BA2F16E5D79E2076A207BA35FA12C2F4138
33512F12D4E0A4CA2ED3B0E13B05CD01FCFFEED99
127405A5312C5B08B71613D1610000A00009C9A2B
42F55650A245C9ED72926235260FD1C2756FE49B9
33152E46DE53D58E61CE01A0E0094D11E549E79C0
32952C1C5B6135054199615196058D6158D5E95D1
12587F746DA465C08965451254050A805C78C0E72
3334EC3C9E138D7F5A10F1A90F068BA150FFEFD89
32581694EF7A1ACBB296C3B96C0042000421C6A39
035180118B5170AB2104D05C4D03C7727560C2A7F
313D290D4CF0F09E2147104C71024711BD15C36A9
272298A67005F1FEA1DBF4C5BF736E289EADF50FB
0782836F245609A3729823C1825625481670D31DC
32952B319E1235395355E1AD5E098F91E519E55E1
437160355533191A450A619CA60C0BC2756DC7E7D
34AD2F6628B3C57374A9D6C29D255941FD08DD5D1
43D16950E4B5B6137A139235391213D2C587DC1A9
27A20C6F6904E9D780D983A5984BE5D7525CEC129
31F92A0D0F40BCBE2B48305C8302C851E52AE79F2
42D5541D92D214FC358920989205CAF2B16FCAE44
24EE54906F26C62EB2A0F64E0F8EF2B8228FD79D1
28BEC2B57169C694B2D7E4D57E93710ADB3CEF4FC
415D550DCB4134981D8610586103C812A1559DAD0
14CC74AEB5B876C0B65E1571E10408A04477F4D3A
10BC14C0A8C911AA899AB5B1AB0000A000076B34D
42754D0D9110DCF53587B0647B0389423D5AEC9A2
3549274A62F439D970D161D5160A4F01E144F1D49
06E5C2B4B786768CC46668E6665BA683B9B3F90CF
10BC0DD133FD4AD0C11B95F1B90041700413A1ADF
0800D8AAB6482EB2CCA337E23315D32100E8E4553
254AA0E433ABCEABAE9854FD85882E89BB06F2140
32D52C1E18B168D937D8015580084F2200FDCF657
06C6F091A6A491446DE0A64E0A7DA8E72614E7172
12582E7A6AC82EA0A1D573BD570144701C50D1A18
11989569274244B84E38966B89098DF0886D373BC
4315560CD12094BA2A8C2070C2048BC2B548E71B0
34CD1182B0A7B699A79AF3E1AF145511D941DE5B4
085F0053DF64759E658F6228F6349CF84AADF54E4
32D52A17105124CE30881094810448E20D40E3A05
33512697ED686272AC1815A9812095220D61E19C0
152C628FB2A71E77ABA18626180388003464D61A7
32D489345E03E1C663CD9130D90186206C9DDD9EC
42955242A173D9CA76D24235240CD001F94DEADC8
0687415F6205C5D179D1426D1439E0082EB9EA18F
266679D575AAFACCC25A254DA28930B93EFCFA8C1
113C01921F26AD1579E6296A6200008000033F31B
15687A416461C12959E68446680489C0606CD75EF
33712C295EF17D4A575731A57309D091F51DEF96A
113C09C773F8EE6FBBDD35F5D3000110000DBFA7A
3410375C2966627B95D38265380083B01848E3DB6
30BD2C14913114C22B8AE08CAE0449F2212BBB6BC
115C1FE0FA39869BD5A71A867100C310041FB92AD
325920255BD29D7B51CFE0FCFE060D21E12EEA9C2
46654F67AB15AA348F1762F5761294422D5AF6CEB
24CD1F6228E5BE4D9092A2652A101292517CF491D
348D287AA7189245811212B5210F1021E951C7E16
43154C4B23418CC2452FF462FF1FDB0294FAC5A6B
241237204F31A0C23548C1888C2191A72E5FCFA12
043077405EF37581645383013802C650507BDD5E7
43F1506AA52639FF79D1627D161151526175EE589
33712A215A10D8AC34610206100B9181F0E0D9E27
3259072E203151184B6202BA200B50C16CD1D0E27
25AA846326971E408A53C29D3C44E5A91EE2F98D6
1410666E30035DBF866BD5DABD050A904C68BA622
44CD563059F3456E51CC4110C4088D828977E2DBF
097A90773065163B9CA3E57E3E5A2B75E209F64CA
0AB5088BB3773EC0B99E954DE91092211CF8FAC9B
32393113D16108CF2FCA80A8A80489C2052CD1625
25CA8947A2464A217C12C22D2C3DA4799AE8F8CEB
32593F1B57007C7E26E3B1D63B0C526244DCC568A
32B53A38209194E846E59326590D920184CED4E49
36092869682596069559945D9917D441ED42F1535
13D0109223F6995F7099C4C19C0000F0000C5B2D5
087CFE9EB7065293B8A6E7A26E1F98017D0BF54D2
178117A5B4FB7B56CFD964B99617D581CD59F78CD
446D575C27B63E4E8492F2212F10D3A2A98DF4937
250D4A1795015CF537CDD0C4DD05CC324537EF958
14313F792A931CEF5EF6D73B6D3C6283051B36F5A
15693577AD42F15C6E33A74F3A2A9CF218FAEFD72
413D5E0589E07C8F1B44401844020742BD6BDEA30
32750C18574110EE3714F1254F080EE23D16E65EA
2645FF8E6E696295B419D4759D6F2E58DEDDF211D
24111212D16118EA36C7E0707E0409B25D65D4DF7
27C00E41946380FB3FC9B1789B0000E0041B7FA2C
2CEA7958E2F5B60279D10251103FA22966EEFAC72
146C092410B274EB3407F0C87F000070001085AA9
4259523223016D3E5623F2F63F159802891FE9DD9
07C21D71AE33CDDAA0E8968E8966EE15A1F0EBD4C
23F25050DCB2DCF95F9C8565C87B66F82E39E0DFF
43355C475C427CD641DA32C5A311D1723910922EC
315D33131151A90A3547A0607A0308B1F945DA640
10FC087A6195A960729894E1890000F0000D73F24
131411A973381A6EAE9CB4B1CB0041D00418BBE77
444CE9676F3391D584E9A4DE9A12D5C160E4E8DA1
289EB7B5704C56E8AA1453A14568EAEA2F39F50F1
27C2867EEDF74A7AB0DBD4A9BD74F018EACDF58EA
33B00C6D667746107D92B2652B0001200415A5E08
346C17AC2B863D7186A5C78E5C00826004195DEBD
344D2F3926A1CD776425A31A5A11D6D20105EB56C
45E953672416B20380129305291291322562EBD6E
4259690F4A50F08B1DC4E0644E0447A2B569ADEC6
25EAB8996D895A76AF9AD4DDAD7AAF38FED6D91A0
41787237E36138E745347427470308C04048BBECA
43914D15135149053B48C0708C048AE29D77F117C
29BAC2AEB0EB2AE0AE94E3B54E726D5ADF55F04CC
348C10A96EB6519086A84766840041F0041259697
2BEE92A17359FF09C498E4898E95758BAF6BF60CB
115C0795E636F19A9BE08742080000D000087F741
43D14E1610F114CF308970AC97064AD2B164E71C2
28BE9369AA472679A2182399825EAC3946E4FB0A5
07600BE4F2ACEABFB156B4D16B0001300013CB599
4239671DD1E2610B34483098830489623151D0658
05E884B4F5C936E2BFDD25C1D20509705085F4113
148E8416CF21CCE82FC6F0B06F15D1D946BFEC99E
123818B52DF67D8E8227575275004210041461EF7
083C519A74688F01C6DBD555BD0286E02C64F2CCE
2335F5144EF07C6B208F9128F917D3769DC9D8A11
05C82D72296686269255630D560042900C2DBF5E3
43340657DCF5917E6A11126911000090000B90EB3
344D3740DF61F0E749606382061352E1F0F6BF242
085C1FCA7B3D2BB6ED5D46A5D40103F00C36EDD06
119838A37043C119753B9ABFB901C5801027B06E4
42D5504BE4946DA66AD9F2C19F1314A26544CD22C
0E07FF37DA63355D514CF160CF2A1B99FEE1F9C8A
02D40D922FF89A7AB09D44EDD4000110000CB0A4B
35690190B179C708C018744587155461C150F8CCE
14EC7672B214FE5FA068063280074C706C86F2522
131427D636F9F691C2E1F7C61F00C3700829CF25B
3568FD91AAD7E631A1D8C5558C1892D1A534D45B8
258A809165E6417F819DC655DCA42E894E8FEC178
41B964165221C1083607C0687C048A62BD80D0633
054809C5F85CC75ED6D9F4F99F0041900416D498B
466554722E2742A5A91B6449B61FD9729D7FEF911
10FC09539D12108B3B2E358EE30000E00006097D3
05C832A0B5CBC378CED8340D830082E0082EEA575
068411ADB5B9C2D6C8DDC5C5DC0041E00418C4D88
344D296AE9A73E708D927239270D1111FD5FEE94A
05C829D339986E9FC6A4278A420104000C2DD79B0
42F54D16D1D18CF5328890788904CAA2C173E09FE
08BD1D6A2D9826F6AB9552D155101361F964F40E0
42F55863A85732728D92723D27109332858CF0980
13D00EDFFC5C7376EA1F17B9F10041C00415E0DA9
058818C4B84DEB85DBDA2521A2004200041DD5965
0B506CD4FC5D73CDF15C9669C903C8303475F9C6F
32592C1F50E1F4E3360800CC800589120948C3E88
2E0693A12EB92697A314B39D4B5E68992F01FE032
32752A1E52F0EC9D2C11819D18090BA1D8F9CDE66
089CF58AB3B726D9BBE117D2111FD5D17918FB484
246D11396292054E5F1CD2C1CD1294F2592DE59AE
06C441D2B9AA5F1DD81F8769F801C5401444EC534
23B240CE6EE9E63D9C95341D53506346EA8FDE9F6
446CE64DE372A93E5FDEC349EC0CD0915CE2D89E2
311C208BAB27EE2499DB74C1B70042600821A3AF8
42B554275980BC983125C35E5C18957290F4BAAA9
26E52494EC589A6BA316345963179341ED57E5D78
319927124BB090651B8910B0910447C1D905B52B8
0645449CB1483A86AF1C6505C62118D2596AF0131
35A92773ED26966EA75DC561DC1D56F1F141F7D12
4335512C5C72C97957CF111CF1090F52956EEED79
306008E63187F178876BC91EBC00010000073B78D
05E8B05FEB962A929D93E2613E048A80A8CBF352C
260A4C776818EA6792D362F1363DA1E746A2F192C
47055A4424E51A43829211D1210D5242717FF4D13
10FC0DD7316B8E6DB09BD6E5BD004150001194B2C
4589532D9A63157E560C5118C5080D124D6AED162
32392D281B931DA1598CD0DCCD05CCC21156EFDA6
43355F1E5851ED35470E30DCE3078E52B166CA62E
43B158482284D5E67290A1AD0A03C950C0CEEBDAB
0704356C2E6736C2A75642D564008390103EF0508
44112A2D5822ED4A49CAF0F0AF06CBC24160DD9BF
43D12B4C5D4309265254F2CD4F108FD20D27EE580
24EDC61AD301A4FD3A09009C900B8FA55613ED559
415C0518483140672285D0E05D00003000076B350
4219501510025D133006C0686C044962A176E8DDA
14101E862D34697B88277682770083300820AF261
364511626715AE0183D6E3416E0CCF815D0DF054C
10600D541F6509A0679222A5220000C0000E97307
1588BAB4F1655564807048AF041351F0CCA48F28D
36E5304C6324EDF67991E2351E0D9072155BF212A
43F17731E25120F949EBA386BA1ADA62A90AD35FB
10400A2008F0D031180B418CB4000060000A287CC
048CD38833732DB7917E6E8FE62356E0E4A6D9DDB
32392F1152A1B50F3589B0689B0349D2153FEA9C9
350D195FE5A5CE007851E2111E0B4F61D945ECD5E
11F82068222812087C9272F5270041B004219F2F1
33713150E6B69A788C533239330CD141F959E6DB4
49B8EDBFF8EA2B11E2E3B91A3B2257515D18F3CD1
311C07ABB01E8319B7179451790000B0000AB06B9
43501ECFF7B88E5EC526593A65004190000FA8682
34AD293DE46299A86A9A126DA10E52F20529EE16D
33913123139269153DC990FC9905C981D136C3A63
035024B9381D3B97DC9984D1980042900827E69C2
431411A3333816A4C963A88A3A0041E00414D45E7
05C992686B12A98573EB668AB65EE9D535A8F0D3A
47413F5A64C50A0C855292F5291291922D68F74FA
45C9526BED560A7E9F15E2CD5E1495E2918BF7504
06A46E5EAAA57E5B9717334D73028730447AEE149
44ED5172EFA445F99FE635BA63289DC28951EF954
472143A3F1D7666AB7A207F620335BC2515CF412B
33900B65659621F67C92723D270000F00012A8E54
0B1247D6B9BB9B3BE25F57E1F5A0325756A6F848C
4219660ACD80C0B12686F04C6F038912A964D560A
0548277FF2769A87AF22B6122B00C3D00C2CCE5C1
183C5DB4B896A65EB8ABB982BB0408302850E7938
11B810CEB8E892ACD8A9CBBE9C0042400415B3E6F
115C07E574BE02F7BA197551970000E0000BADE9C
344D2A2B5A03498B55CC212CC2070BE1ED4BEA986
423961221BA1550E4716D1816D0B51627530D9610
052CB9756D82E93C6D3497234913D41100AACFA21
431403CFAB7989C7961D26EDD2000090000574E68
42D5572A188339644C4BC0F8BC084D32A17AE1DE7
111C2E210F323CCC2D48E12C8E00418010338CB7C
32D5306C68362E378652A2852A0F51421561F0D6C
44AD385666C6B66C8B922245220E5182296EF612A
1762A1429F9529DC680FC1A0FC27DD281EA7E0D5C
07C0DACFBA3BDF74EA1EC78DEC12D180E4EEF4D0B
311D340C8DD0C4B82686A0406A024791ED31DCA37
250D4D2FDBF1FD194C5581F95811D3431160E31B2
297A7A96AA7605BD8EE066C606AD31F9328EF70DC
33152D4EA3950E077F114205140C90521562F2D69
4351531454B118F1364D7094D705CD12B554F4159
08F948E9BB3E1B80DF5A35ADA317D481813FF90A8
44ED5C2259D1F1584ECDF0F8DF084EA2B173F2943
3274028E5F06913A67D75595750000600004622EE
344D1F81E8D742229896245D620ECED13108E2DA6
085D0F7D2E68A6E2AE16238D620C4FA13917F78E4
346D5A42612602266F8EA164EA094EC22969ED95E
10DC187031552E419EA4550A450042600419C86A1
2B92DF686D36827A9DDC3429C3642DC882A2FAC8E
148CA797B397F2C9C760A66A0A0C4F10B0C2F5531
11780FCE78DC674FE1DFD7C1FD0041C00415CBA81
33340C94300A4EEEBD19F51D9F000100000DCB1DA
15495E5DA402F1185B64B5424B2ADA72E936DC1CE
2294902599516D054914323D43040810989ACA684
34CD2A351C9309875ECDA168DA080CC1E548EF16A
06080C79AAC81A749F94F3294F0001300415C2589
42195913115158F33507A0687A03C9A26D68E79DF
281D58A230D6AE0E91205546052B1C32ED71F18EB
32B5280D4F30D0D32F06C0506C02C852154CEE1A2
3275074A6183E9856914D2714D0B0EA18912B3A5E
0781529CF685B26EBBA6884A6832DD52394AF78E0
10FC018A63C7DDAB8AD975899700007000047A6C1
246CD929DD31B9475414F1D94F060BA118D9EFD6E
117809B1A939720692D82575820000D0000C8F6E8
256A0606C9B06C871D03D02C3D04894495E4E55BC
089CB38FF367CEC9B6DB5445B507CCC0A4C0F64DA
164462C7F8286A89C06407B24004C900386AE29A0
3179260BCBC0A09B2485304C5302C7321D49DD239
080055DDBC977A99D26EBB9AEB0609F0305CDE156
39B925AFF76AC35DD8DB15D5B11D1681C955FD868
352D2E56A724AE0389D542A9540ED1F1ED4BF6507
4391562CD5F22501418D017CD00B4D02815AD9621
32B529181230F0A32C4F310CF3064AE1D903BB290
41F95112D23114E333C9006C90040A52755DD3A5B
3239268B69A3F525656A76B6A7215731C8EFD6A39
33D02D90F3459610A8A8677A8600C3C00826AD250
289E75846B67B6288998B3B58B53E787F689F64F1
47054E8A2D67CA94AA16E4796E1ED6527185FA8BC
43903E8732065647AAE21552210185701842C45EF
11780B6ADED5D58677D37489370000E00010956DE
42D55552A591E8F9602E0606E0279B925908AFE78
1568C473EC87D2A0A055B3155B07CCD0E4E8F3131
076060D9BBDCB39DED9E573DE50448703473F58E7
0C0F5DB5B4DBB314C2D8848D889BB5FC277DF909A
42D55213513174F63687F0747F04CA92CD83E29E2
0624AE8630F6025AA01F54C1F5080CD098AAE916A
32741BB4750C9354CB9874B9870082900828DBDD1
054811C876CA5ECED060C7B60C0042100418C01EC
162444C67B5CE3C6EF5D1669D10185001446F34F5
085C5BDC7D8E47F5F45C5655C50347A0306EF88D6
33352719D631B13B458A1098A1040A71F949F2D69
350D293BA073757D5C94E1C54E0A0FC1E927E418E
1665BC41A492451C5228235A8228E0E44965E75AD
054830E93D4CF37BEC1F37A1F3014480103AE018F
244D27B47165DDB8A32BBA1ABB3B5DB2212AB4A34
32752B1C157295554309909C990409E1DD41E01EE
352DEFA02DD6BE00AFE0782E075A6303FDC9E59A6
335007C8F01CA6ACAED7A4E17A0000D0000BA7A5E
27429B7BA9289E6F8F9232A5234B65F9DF19F84E4
32F527329E848DD26390B1610B078DE1C934DC5EB
1609507BACC75A8E9E94A2F54A1C181349C7F3135
246E7C9E2C88261AAADEF6BDEFA4F248CEACF314E
0E661DCBF8EBC750DB1BC611BC662A460A76FD831
219925178FF13CB72C49C0D09C0589620D2EADAA1
44AD1F385EA2B9835D10B1790B078D31AD24F0962
42954F2018E1752D4350C1150C088ED28548ED5AC
381D257AB0B77AD0B0D963999615D6622567F80AF
33152E179321A9043649F08C9F03C9A1F134EC1A9
42D5540B51B0A0D32F0A904CA9034AF2894FE49F6
32B521249651D107444C912CC9070B41E933C6A4D
32B42676AB77425A97572379720082D00C2FC81EB
07609989EFB55DEF9B6566FA56084BE06C87D759D
250D622BD4D218F13DCBE178BE094B22113BCA211
115C15DCB809B2A2C8E2F81E2F008260041BAFA7F
43514245177351044A9012B901118E023940982F7
078018A36ECAB2BBA3144349440001500417C09BF
031409D82AE6F53B7BA94A6E940000D0000639F54
06846063E56505D780D6A3D16A028620386AD9DD9
083CB567ACC6CAB1A917338D7308CD40DCE4F50CD
25C90068AA47D28F9B56631966111311ED52EC160
344D364AE3951A0777922201220C10620D55EB995
23D22714D03114CF32C840B084101066BA4CEE179
421953525ED5558C5D1051E1050E9052A171E4A02
32593611CC0160B62405306C530346E1F13ADEE17
11780F812C3571A693E5F68E5F004180000F76320
26C6AB289DC1D16B59933181332AE149669AF3123
093871B7786C3B90D958D4B58D058A706CA9F988C
444D5E2F60A2219A63D4A1E54A0F12F2B167F6D27
07408868AA551211925A54B9A505C9C07096F30EE
05C8A2867146D6AAAF9C951DC907CBF08CACF1D46
264538416283B5CB76141271411152B27169F94E3
32752F19536185093D09A0C09A054A020545ED1B8
25AA80B8ED9B82889AD3A39D3A62A7C99710EF954
10DC0A084810645B1B04C0404C000040000C7F35D
352D2591B0D7EAC1C11EC6E5EC23D7E1DD45F0133
24EE92A36FEA129DA5560389605CEA3936F9F294A
068431E73E4B977CEF22088E200144400C33EF928
0D49C89974C9F33ACAD89465893AE234BE34FEC1D
4179540208502C631544C0184C0185E1E119D8256
158868736B76CA769B93E2D53E02C7805891EB932
287C8D88B373F9DF90F17827170E50D0A496F14F0
150D3950A5A26119572A250EA21A56A1DCEADDDEA
050C82405FB3BDBA6D0F61D8F60104302C62E69A4
444D5754E6E3196164A41446411FD9B2A532EF569
41F8107528291A728E52F2B52F0001000013B4E85
348D0C3F5C93857E610E61E0E6098C81B536E19C7
1548087BE3A54D346B2135AE130000F0000A4E2A6
06080EB535CC5F64CC979439790041A0041ADA928
2569E163607274FF626A9AB2A99967753597F6525
26A56B51E4960E2D8153B2713B16558321A7EFD3B
43B15734D7E31543518CD1C4CD0DCE02A178ECD9B
3259241CDC50C90040DBC145BC08D1F2350AEB9C9
285DFC442163ADC56FD2423924281BE62644FC49B
07600EBFB7ECF37EDC1AA55DAA0041800415DE17B
2645F133DD6275695D1111B5111E5905E625F7503
43915726DC61912B4AD4A1494A0A9172AD4AF2564
260AA26DA866AE239D99F4419F84B1DB0F12F5919
289E93862DB8F6B2A9D58359584A66A7C6C4FD080
35C9334B6CD306088265F4525F1999621921F710B
23D186305C11D93550D371AD3712D463B594ECD86
4315581DD950F8D73718D1418D0A51B2A520E49DD
252D28411FE445C8680F8190F8094E21F14CECD73
43141690A7F60D928AE13712130042200419786F2
2D4A81AC33C992DCCB5DC651DCA0B4B922E7F8476
146CC0381BD295405712C2C12C04C81094A3E21DB
27C1896DAC6461E59463F6EA3F3E9FD3417CE9560
139089C83445F5A7A1F2BBA72B1290D09493D2E09
13B02C9D74B9770FC75B9575B9008340082EDF5B4
2351440ED4B0649F2957A0D57A060EC23CF9BDE84
446D50532765320A7FD9A3119A1696529163E618F
244CBB3D62C335C2709241A12406CD115D10EFD3E
44ACEE686A629D4270F1C8EB1C2016714CC8E5D9B
42940C4416B330F656D11345110000700007806CE
2A563C7628F7465389D24291243D22483ACAFC87F
32753513D13100A3284EF0E0EF060B522110CB257
050C1EE3BAEEBBA5E099C5659C0042800826E219F
14ECCB8C31D60A139E23053E301756519910EA172
254A15158AE11C8A22C600BC6013CE87F26CBB207
34AD2F3E6203C5EB718F3154F3084EA2055CF0960
34112047A542E9986DDA02C1A00F52B1ED25ECD95
14AE0F3713D248E23D0BB1F4BB2513866E2FE8991
03502CCEF689128BC0DFF6A1FF0104201034B0E66
444C0596ADA9B6A2AC56E3E56E0000900007B8DEA
33913239DEE399B86B0F0170F0090E620D5AF5944
15CA363859F299305390E2810E351AE74E52F7107
2A5673B6B137EA28AF21B7361BB13538DAA3FBC8E
0C0D6F8071677ACCADD8136D811BD8E2D5A1FD459
34313341E421F9185A2653C2651294E1BCEBD4625
429402300F625CB9378921EC9200002000048D6CA
0BED2F85F18315908ABDAD8FDA215680E4A5F08E1
32B406DB757D6B00BE16A42D6A0000D0000CC25E7
383CA6A2739AF72CBCD5F37D5F07CCC0C8E5F54CC
26A562199471950F3D0AD0B0AD084DE37DA2EC162
13B00C65E2377A0C771192C9190000F000129F681
3335281C9832356A4DCAE09CAE044B11F94EEADAA
15882FEB7EDFFFFFF719A5159A00C3E00C3CEF93A
11D81FC0B87BAB33D69E76ADE70082900421D7221
41B9582415B1E9043BCB70C8B7070C52AD68E69ED
07409154E8C42DE4819AD33DAD01C620305CD4D7A
33352C1714C150E5368DA0B0DA04CB620925DA60B
291A54456284D1EE6FD1B1C51B2D60588AB2F60CE
181D639F35A726BFCE2588DE583D5F92816CF5CE3
03D1B043A771B1395E70E55B0E219BB23CFCD9DDF
1370E1379C22952D539502D55008CB8114D5C3648
148C9185B1291EFCAF56E33D6E048A2080AFF1143
09398BB774E5FE0A9B68F79A8F43A2933571F8CB6
13F011DCF87DE347D098E4B98E0001600414CF588
32F52A63A96369858024A5324A1CD7F1F919E3DDD
4295520A4C10E4B625452048520348029D70ECDB4
07E28D345E62AD845FD1B1E51B24DB168A41F68E4
252E4FAEEF35FDDC9B1DF581DF89F048F2A4E7192
43B15419D6F1C52C42CD30D8D3078DA2B167E798E
048C18E439CE5389DC99E5899E0041900417D49D5
081C9AB6F8F97B2DE4A418F6410D8ED08CAFF08FA
0BEE0D7271C5A294A91D93EDD941A7E5E635FDC52
0CAD55E7BDBA2330E8259A5259311B31B939FA471
31F93637DCE381915BCC8118C8074CC2195DD0E36
0B3136A53765EE53BDEDFAA6DF351D91D11CED904
4569121811A164EB384880A888048931F942D7DD8
03F00CD4B8EEAF9BDA59B53D9B0001400012D4DF6
089C07CEF3FADE7CC69FB73DFB000120000D9DE21
32952B1ED451F5173D48D0948D03C921D13BE85C4
16261B812B13D16D86EB582EB5886F0605DEE9599
048C2CBB796BA35ED99DE629DE00C3D00C34DA9D9
26C687ADAF4A5A9CB419456D9483AD48AEDAF70F5
356808DDF87B7ADBD921F91A1F000140000DBC220
41D970078AC08C931F04C02C4C0287A2B56DD265E
15C8DD832E66E662A99AA4A9AA0E0FF110F5E717F
11F8001549514477208690B46900000000005F2E5
25CA4F1B53F140E13ACBD0D8BD1756285E77ED54E
12D40EC0F4A79226C1AA2A6AA2000110000892AC9
4569385A26D612057916C2A16C109302314DD49CE
433542369DF555F9650DE13CDE090EA25D74F0189
33D12C385BC34171580DA158DA078C31D13AE29D6
437162339C73B1AD5ECD915CD90B4F22AD87E89B4
44315A325F4285675D9431A9430C1172694FE21AA
32192E06CBB0A4B323C4D0244D01C6B1F53FEF1AE
31B93E188E71349625C930D893050861D91786B0A
41D9625699F4350D428FC214FC104EB2A95660B54
4685370E0DB0FCC22A062060620408C2A172E6589
12741FC0B977A2B8CD26B84A6B00C3600823DC22D
33D1280FD33121073809605C960309C20D43ED173
45A951265F61DD795695813D5808D1124138F4924
246E8B1D551215243E4AE0C4AE18D7398EB9EBD7A
33B12B33A2E2F1CF6D5461854608D051E937F056D
31F8060D0720D8501106807868000030000736314
32D52E3EA114B6026E8EA14CEA080E32015BED988
33B11D5C6204A9A76F13E3513E11D001E137E05DE
43D15C0D11A0ACCC2ECB3060B3040B72A952EE58D
4295501C91F104AA2C0E110CE107CBD25D2AE15FF
25E97974A39649C37F95B4715B3359D419D6ED95C
05A816E13B4CC772E21C2615C20042800423DBD8E
104008C2743DBB27C3982495820000E0000CC0ABA
35A929C8F1C8BE2F9ADD9625D9209601E536EAD8B
2646BDDAF0A8DE35A418552585A1F11B3F30F6901
0B306B8F35851249A2EB06CAB007CCD06881F089A
16A5D25021C3BD5E5F9762B576271B6501D5DD5C2
13D031C0B71C8763D45964F9960104301041DC9C4
115C0374647505617FDC0461C000003000016BEF1
09F6A98FB1D8C6EABFDB7529B780B0E8E6E1FEC43
42752B10CDD0FCB32986E0746E03C8422546D0636
05E829F4FE9F93EBF7DC76D9C70082E00827E5573
431559412492156865DDA2DDDA151692893DEED88
14ECA95B25755DD77515C2B55C0509F0A4B3B9A39
060810C977DA4ADCCF20C6FA0C000160000FC75BA
34AD303C5D23BD995C4D8148D8084D321556F3137
4335721A9801A927454E70C0E7070E92C969EC997
03340FE4B97BB737E15E0755E00041A00414E0D85
295A4ACF35D84E11C4EF3C2EF3FFFFF82A61E7973
313D2621D41150A12D51F14D1F080C620505BD6B5
43155B37D5928113464B920CB90FCCD2A172E25F4
07E3FF50610421877B96F35D6F766DDC531FF3121
26C63BACB34609FCBFEFCBF6FCD7F9C6921BEE12A
43340C87ABC9928D9B167391670001500415ADA1B
0609BE67A9D491F08C1B63CDB6309F9481DCF74FC
0780C57F7095EE61AB5FE5ADFE0C4F10C4C7F50F0
07411066EA566A7497537281370A0EE16527F70D8
04CD9D1A5341B50C3C88D09C8D084D53D9CAED57E
35C858B439184EEEC9218646180408D03C6EF0921
352D25602876124A8B13F2813F0E5181F954F2935
315D2B14117150E93208707487030881CD2BE3A1A
24CCFD351A523D274ED0C1E90C0CCEA24545E1DB7
45C9595A2B746236939CF399CF1A99129968FBCB9
274215459892CD1D565093AD094419768A3AF90E0
119809218FF1D0AE2A0A70E4A7000060000A57B15
33151E30A15275645958E1BD8E0990E1DD12CA64A
281E4643E08409A46353221932309F37DA73F4113
1294125DE983397B7CA77606770041B00410956FB
2721309F2E4321648937FFFF7F77A3B28D20F18FB
40DD55369A3148792B69A3529A17559274E2A6705
3549323F97C35925460CD19CCD0A4C0219439E275
10200668E03370FF749E84D5E80000E00009753B5
046C1CDD38E8AA6DC3E7F9527F0082C0041B9EE7B
2624FF7C6E03F5C589268672682559D21522F4118
039020D4B70CE31BD5DC4669C40041900415BCE74
05E87FA6B6099B1BCA9B956DB9050990548EF6903
1AB6E0973027DE80BCDE8685E8822E572E7FF9C91
45695849A3C495DE74D4A2594A115332856BE4574
113C19F73ADA1A6FD56A2A62A20082C0041A94AE9
2334F8419E31C9094E5B5359B50F0FC194EDEADBA
29BA7683B12816CAB218B3B58B6A301A1315FC47A
415C09B9ADFB2A53A45974F1970000D0000B8DA8B
27C196636AB53A348E956275561B99A3D5D8F44ED
437152455F9295044EDE7329E71655027521A42A5
281EE7A8AFABD6DBAE1583D1587EAFDBB76DF052E
32B52D2497A19CEB3BD1C1411C074CC1E10FDFDF6
285E5AD8F9B962CFD3E0E7520E716C35963BF84C0
42395615D19158D7324A70B4A7060B028554E61E0
268682B66E39324EACD9F5F19F972E891EDEF68F4
44103A93B2599F09C91B5585B501C5801C51E21A6
348D29556807329E8FD24205240C9182196BF093F
048C19C6FBAB3373E9A1177E110144801037E9D68
0978FB933379AB2FC21743B1740CD081391BF9CAD
15C805B46DFA7E36AD20775E070000E000097D223
24EE1B19D09154D0354960F8961451468A3BE65B0
06E5B664AB73C1BD8166A6026A341F231D5DF64FE
06A417D971D9EE62BBDC57D5C50041F0041AB060B
23D2897AA666A9E691D8444584782C99FAE7F5142
27E2AAB4A9D97E12865353B5356F67BA9318F4500
32952E118DD100C32A8630806303C7D21148EC9A6
03D009DE77EE1B3ACF19953D990000F0000DC0DF2
42756026D892C5674E0B30F4B3078C826D71D620F
42F40FA074BA4F17D1DDF605DF0041D00417CF1EC
111C05D8EEACA6629493F3CD3F0000A0000AAA692
0568E45BE64365886F5C43D5C4078BA0B0A9EE574
2D6B70ECFCFEB7BCF4DD368DD3FFFFFFFFFFFC44D
1740B6966CD6E1FD99DCB591CB0E4F00E8D8D9D99
041015F33E7FE3EBF9DCF6F1CF004250041FDFD98
31D80C99EE7691BA9360D53A0D000150000FB367E
111C0B7B2638363686938311380000D0000FA7B0C
4295680E4E00C8B82AC62050620348927D69DEA16
17E230391AF3114F54505221052557F5F61FF1932
348D0E5B25B5ADFB7AD47291470B4F01851DDF5C2
07408087320479EF986BB802BB0A8D907887DD1A0
4219631950D1248B26CE20F4E2088C72BD3776747
29F62CC0B4EA12BDCB9E1745E1B43488EEDDF6CE5
44CD005E62151DBA781212B5210D0EA1A932E21AB
12B437B5B65BA73DC818B4418B0104401444E0209
26866572A8D7F6488BD6835D684F26783EA8F1531
13B00DA4B29BBB20C6DA5505A50001700414CAE1C
4351442CDD8160E9475E829DE812D4927D1ABBE6A
42941B91AF2A8AF1B5573439730041900418C7278
32752B18D21140D834C9B0A89B048991FD37D761E
06A5C86826923D24586D45EED43F6203D14BF451C
33D1311914417D0F3C8A209CA2044A320541F2960
252D402DD42235043DCB4194B40B8BC26D5AE55B0
0720C87B6CE7AA9DA254E33D4E074BF0CCDEF492A
07C02C73E866C5F88859B3C99B0082B008289164B
3391314A231421BB6B92D1D12D0ACFD1FD42EFD7A
2BB2F79FAEA7D6689D5793F17995741D6779FC84C
42395D198FF1CCD62FC860C086068A129965D0679
34312F8E2C06BA2DAA5F57D5F5299781E93CDCDBF
2646934C9EC3E9777154D3414D5724F95AB8F4D1D
40BC0C7921E629957A14B3F14B00008000079172D
33512938D783F15F498AC154AC070A21B933D2A19
03F039B8F42B1B00BBD7745177010470184AE25A7
093A2F91B2A48607AE26973269652B7511E9FA4B2
42596012CD30C4902407E0B07E068982C15DCC262
1315A71193E151263D08E05C8E05CD83E9CDF595D
244D4014CCA138AA2486208862054892B16ACC250
285E0B301E82E5B1650DA118DA1B9AC7FAB2FACAB
42D54D2F5D527D6153D2E1812E090EB1F529ED59C
42F5521C94A13CDB380CC0C4CC070D02C55EE75D9
44AD5D70A7766620831322B9321292825D73EF167
42955713D0C18CF53347B0787B0489E29170E29F0
1294128D6A68463C9814E3894E0001500417C069E
12181B89F197DEB9B1985399850042500825E0603
013C0902C1804C200281301813000010000836798
3219261514D0CCBF309080AD08048BB1E506E6DF2
258939355AD16CE842DD336DD31A5482B124E59AA
25E8ED341F61C93952D9923999064C20FCC0E159F
3294ADCC35D521A69B769C8B690FCF80747EC766C
43B151836B0746349757F42D7F1DD6728578F215D
42195F0B4E90B49F2409304C930349C29547C4273
264755C533BA8294C29F2689F2E6BEECAB56EAD6F
06A442EABEAC47A5FB220996200205601441F28FE
25EA9D7FAB35D5F68D5883CD886CACAA12E2EFD6D
2802372D1E024D8861509171091D5AA6B254F88CD
11D814C9F63CA709C71B455DB40001600012C12A9
32D52539213170CE46EC13BAC1141631E8DDB9689
2315EC124D20DC9925C7508C750B0D4591FED6660
03D017D9795D977FE01B9629B90041E0041ADF9D0
4314259AF6063278B1E4C6564C0083500824DD1C8
34312E73EC6762879A9532DD530F9241E151F4947
085CF0FF7F3C2F7BFBA349F634209651310EF60D5
289E9A586804DDE07999D2C19D4929E92E98FC492
34AD3243E272D54E651B52E1B50E51B1B90AACA45
1350038CAA096A5D8ED272BD270000500005B1649
050C22EDFD0E63ACEBDBD601BD0082F00829E4598
43D0197F6DF6F647A21963D1960042500823D19DB
27829D6AE4B51DB07D15E35D5E5CE7B9AACEF3CFF
42D554100CC0D08320093094930509326933B8E8A
0A559E7EEA461E2B99D8357D8317D1D18D28F090A
15A830D73C6E6BD1E89984D59800C4201040EE937
095A7E315C0349975D8D613CD6231BD926D7F80BF
2722A1986E68FA75B55C95CDC98CB088AEC4F590A
2A3662A83039D6C7AFD7044D70662A186ADCEF8EC
29B993746A16A6619CD5841D58369D34AE18F84C3
14303CCBF9DA7329D55F06B1F000C3B00C30DC1CE
31F8078E2C7A32ABAD979459790000D0000BB4AA1
03D04362E975E24D9955C3595C0104401C4CD9E05
252DBC33D9828D414E4D518CD51552948DE7ED166
06C4C556E7D59A508D1472B9470449508CB1F5916
3294F739A331A92A616152D2150C121178E5D5A61
23927AB02CF611B58E9BA4F9BA816DE94AAFF3159
058827D3FC8D3BC0F0DE57B5E50082A00422EB15F
43B1582116127146454A10B8A1068C22AD80EA5BA
041038E3FC3D6B8FF19F17F5F10104100C35E8D9D
13501A6CEA356DE68A1FF4F9FF004270081EA42A4
13B0C520D6B1D121438C00E0C0028790E8D4D761E
33152E259A91D10D4095414D5407CE91F50DE2DDF
26092D2557D1FCFA3F90E1550E0A0E62713DC1DD2
07401C94B2A942EFB917538D750042700828DF9CA
42B5580D0BB0D8A824C5506055040832B574ED1B8
11D808E639EFC3A0DD99554995000100000DCB65E
2B33109F2F49A696A3D693C16992B43DC79BF5091
33152A94ADC8F290A456E3F96E16D412055EEE18C
348CD4686B4425CB849ED421ED0D50B124E3E1D89
270698E6366C8F05C4D9C5859C99F269F720F60F6
04EC4AD9BC866A7BC672BC532B0609F02C55E018F
11F80CC1F037F1E8A06056E205000150000E7D30E
43712B4F64722D225EE8E64E8E231781FCFABB664
44AD584DE271A0C844F34617342C5C429CF6D4E30
13F00D936E698696A3D90415900001200010AF63B
13900A92ED699A89A1177429770001100010A866D
25AA83B5ED1625758665072E50AC7358A6578BAB3
12740ED42EA83DB99023F8223F004180000F60703
07A06889F018BEF6BB1824A5820144701848EF52C
346CBAB7352676009A694746940E5040B4ABEC980
45E95C7D702385998FAED7EEED36E0328131DB9B4
13D0B54F2483397768DBB35DBB070BA0B8ACED189
31D8088AEB7776219ADC9511C90000F0000B9BAA5
0AD2E54AA0A4C5D670105219054E65ECB35CF4CA2
11780D3C99C465825D8E320CE30000D00412B7E9B
339014A1734BD33AC4D723E9720041A0041AD7DF6
30DC068C31F7028FAFA17612170000F00009C5A9B
4315513C1743F150474AB14CAB09CC02716DE19F1
30BC17AB744B2320CAD9D52D9D0041F0041CD2693
29D9CC88EF397AE9ABD50355503E2306868FFA4A2
1294EE271CB2BD9B5A0DB0D8DB01C730A0B9E1DF8
33B12434E3A2096D63DAE1FDAE0AD201D513DA5DB
02D415C9B78CAB33DA5CD68DCD0041700012DD1E7
0A97343C58534540500C71C0C744DEDD2351F60D5
44CD207664F555B07FD6645166169191D938CAA25
1430847F2ED46DE68CE957CE95074AF05872E75C9
45E8BC53254250E351EE452AE40ACEC0BC8C8AAC1
41D9521A8EF148A92A08E0CC8E06C9D28551A5EC0
42D5552C5BB2C54149138161380AD0728D45EADB3
32392C1F98A229574A8C40BCC4050BB20144ED9A7
1198229AEEF4855D96356C4B5600C320041868738
0742069AF25A9711B6D693A1695D2BB90B04FB0BC
05882BD27B1AA32EEBE4CAB64C0144400C2FE1566
0704AD9376C5CA8AB4EA3826A30E9060A4A9F6CF8
11987F6B2953656F722595BA5905CA105C71C8E97
09D9805D2AE5024390D95359951A57E2C17FFB48B
31F9291D95917CFC410D30F8D3054AB1B11AE4DE3
315C0E73E622D8D763B2894F280041C0040D2CF84
344D1F4B19A3ED535E8FE39CFE0ECBF17113E8DA5
348D2A79A9571A4A8C51D2891D0E90B1F960F553A
3645289370E9FAF5B696E3C16E145411E55EFB4B8
41B958140B5150AC2384F0AC4F0607D29D6FD4679
1645356DAC3792A89ED522C5520C90E19538F3529
31F92B078CF0A0A8234680286801C771FD31DCE25
260A87BD6DC83E25A419759197876C48B2C6E3584
13912821140144B3314F6124F6084C824D28B4249
24EE9090690912189E1A24FDA288EF19C6E2E05C2
43D005D9B14CEAD4B9588559880000E0000DB49E4
41D9542A597269404DCCF0F4CF080DC29971E9DDD
46655947E783A9F58016F2256F10D582AD76F70F8
1314099CAACA828E9813D3853D0000F00011ADE87
04AC4A7C2FE746A5AFDD0525D00307803469E5588
0721835E27357A1F8D9623C16215D3020D54F80CF
32F40398AE4B72CBACD6A3FD6A0000A00009B65FC
054844A4731A6B16C31894CD890103F0103FE81A6
26854DBD3084E16B9B7BAFFFBA72A6027921E4595
2762B6946E96A62DA71D055DD068EAE6FE68F2D09
2706A8456473B5CF7495F2115F3F285A62D9F74FE
1218165E26170E3D905592F9590001700418C4E48
0742524D6221FCEB51A9E5B29E5AA6C5B196E7183
42B54D22D8D281624DCAD0B0AD04CB320152DF208
25A9FA18D221A5033A0880C8880E4F65661DEBD80
43F14F385D5269254FD7F2AD7F12D2627134E7DB5
02740FD276DA7A90D3675A0A75004160000DA4685
3589277565F4D1AB8A9CA7A1CA28D511ED31E419D
144C5A9432691EEABD593491930286D0346CE31AE
13712018D471B9083ACB30A4B3044A41E92FD1A30
233682812708CA2B8211F2AD1F49A3F986F7D8604
32F51238DAE32D68588CC164CC060A616519DFA1C
44ECE3402062DD76681582D9580B0DD154FCE4D8B
26A65D8C6C39FE9AA495A3895A786FABF767F64F1
181D09C475898290CCE3B8EE3B2EDAA1E540ED915
27069266E3689A377AD01239013FE1F9CB0BED936
346C04429EB4D9C671D0A1E50A0000600006B9217
25CA7E696608A25487923289234363E922EFEA168
40FD630A4C7030331155A0C95A06CCB290E66EF94
23D14083E504896078DFB76DFB6D63A54DDBDCE0F
11D80ECF325B9EC7B7D9E5BD9E0001500012ADEC0
1218128C2EA902B2B0D8E42D8E000110000FCC685
43710E786B34FDD18F1D8485D81152315D00D063B
06A66DDA3288CE45ABDBD5FDBD63E715FA45F2138
16255D2994A1F8F53B8B7134B70A4C72B96AF3542
07A038F7BC6C4B37EB208862080205901846E691B
32D5191551916CFF36C7D07C7D0388D1F544E5DE5
04304ECCBC6846E0DBEA6A76A604C8C02859E0DA1
05A8E17EAD47AE92A3180431800D0F2118FDE8562
14AC2CB0B67B4349CD9A24C5A200C3B00C38E6595
450C1BD8BADECBADDFD8B4898B0042800827E0D73
07402DD6FD38F2F8DEA939BA930082B0041AE2558
11982FCC776B8B13DA5DC6CDDC0082E00826C9E62
32192C310D3284AA2846412C64068731C92B9E72F
131437712CF3FDBA8229F6729F03C8903857D7E1F
4411519B3476F6A3BD1E5549E525DB828D7DF4D38
38BD089072995EF6B99A2481A214D431A53BF38E6
0666157B2C85A2099B9E0579E04C6414FDF8E8577
0704639774AA5F53CA57D4217D0206502C69F6CCB
419823C4F379E28CC261E9C21E00C3400826A3EBC
2AB66288F0A9EEFCB257137571596BF912FBF48E7
26665AE2B5CD2EFDBB5784C178776CA8EAFCF2D07
0372890B09F088751C054060540BCD27CE58E75CF
27E26C87ABC7DA4CAD1BA555BA9732CA22F9F5CDF
113C014B99C19882449EC40DEC00005000023633B
43517A2F9741209431DCB32DCB1712528D08CB261
34312C4159C38535514F5208F50C0D52013BE35F3
104005D16718E9806F15D4915D0000700006643BE
250D2126D6F1FD2A4B0D61A0D60B8D425D5AF850B
313C099CEDFA0A90AF98349983000100000EB8EA3
13F25E0E0D0090AE234820A0820D0E25F1FCE45BE
1335CB8223034CE3616AA94EAA8F68C595A4C2298
42F54E41A2C2C5255463332E33169752791BCCE49
289E40C5B45B9704C6D94541949F742AD74AEA937
32D406749BD7AD76520CD22CCD0000300004782F2
15A9F92C1931309E341B91FDB921DB65C599A1ED9
16C4A87AA9D6AA3C91D4B33D4B068AE0B8CCEE148
107C0DE53228E60DA1E0F7BA0F004160000F81335
2722A29FB23A26F6B816F3C56F686DE9C320F0534
15682A91B13876AAAD19D4259D00C3C0103ACEDCB
048C1DDABC895314DEE67A0A6700C3300822E7D9A
100010C86C552922832E8BFAE80041B0000D4A7E7
42394972E604CD816FD8535D85171442694FC0A93
2782AB3C9F3415C36A0F2180F23020EA9B14F94D2
150C77A976F6E2A9BBA5976E59058A004471F4D4E
42B5500F4FC0FCD22F47505C750287C1B528DD9E4
09D99C5C5E24B97E6FD44489441D51E24957DF172
137035CBBC98CF3CEE2B0EAEB0030610143CEE195
35492A65E9754DF37F5822D1820F92B1ED38ED164
452C2EDDBD1F4BF7EE9944E59400C4201041EF938
05E8518AB33876FCC258C4118C0246E0346FF1920
2AB73FBBB51BB717C3D7244972AD78EE53DBFA47B
12940F9428091603971A85A5A8004160041387F19
174053DD7D4A1F28E1E4788A4704C8F03468E3564
2646AE7BA70812147E12E2B52E4422F8B6C6E7534
085CC2983524F220A4EC27D2C20ACE80808FF190B
33F1386C23C4455F64D9B3FD9B1893322930CB637
4179580507F0486F18836034360286728961D4662
4549557EABF7D24C945AF449AF205872AD75EFD50
12590E43A262C1666318526585088DF138E6CC66F
25C92844E2E39DC16C5281BD28098F31D537EB585
046E3A2C93B160A13353D2B13D1B11A37959D022B
26A5E94E20E3313458D9C2ED9C33DF662DF1D01A5
45C9555F6A15D2539AD722E9721455B26977F5D16
43B155239792CD6248CA90B8A9058BA24D65EBD97
34AD1B946BA8666EA597D4DD7D17D311BD42EA59C
421809BA347A92F5BF1AB4D1AB000120000FCD63A
2411BF084B70749F22C520445205CAB4C9EDF395B
09188F9FB5AABB56CFD8946D89088CF0ACD4F9C8D
04AC23896EA91ECEB196B40D6B018550245BD1DBB
3410A0552A42497773AB05D2B0098DD0948CE1DDB
27E2A64E231666397B1021F102386209C308ED52A
433419F77B3FEFA5DED96561960082900827E1DCE
47048F7F2E1581EF9A246642460A8DE098A3DCDA5
2431932D54124D0D460B0208B012CDA31997C921B
4411551212714D0537C8406484044AD2C581EE186
25EA8AB96BEA9A509754E4394E852C0B273BF0548
45C9567C6AA6C24498D4A3594A18D512998FEE971
4199501E0E71A0B329C7D0DC7D074962895AE420D
248E9E74A6B659DD86D6C3716C5DE94996D4E51BB
104094976E442947792CE6EECE088C80707991F4F
34312846A4E4BE2D7FD081950808CF11D952F690F
0CAD08EABE5B1363EC23A9EA3A28D8B17D29FB858
29791DB0366B334CD359B5259B2058523D82FAC81
289E96CE745B42D9BF17C4D97C822ED98F19EFCEE
41F9500DCE00F8C62985B03C5B030892A977E49F4
45895C2B5C62415A5552C1FD2C0FD142B160ED56A
044C6F572673DDB57618D2F58D01C5F0345FDB5CD
33152C2015A178D836CF6108F606CC22091EC5241
43702FB9F85B635AD45AF511AF00C3B00C36E8D98
15491F50680295776A6564625612D42184E7ED96A
111C0C892B6709F6A01CC52DCC000130000E9B2CC
297A60662DE4FE4399DBE37DBE49EA377273FC479
4238254DE823116874A56472560083000820C228F
185CCC84F2943A0296EFC8CEFC151370DCB4F111C
260A8C67A8F6CA4C90944295444667496AF4F7CE7
08BD1D772F25D66CA2DCB4D1CB1091B138FFF40EB
352D2CAD74E5B219BB6A4A5AA4385D31F92EEA578
052C24D2B9F94AA0D1E7BA3A7B00C3400821B25C8
111C05922306D981651132D91300006000068372A
446D4E439E1379605991E1F91E0F9112AD68E61AA
11780A7B29438CF7676DF5CADF000150000A50325
113C12555E04556A6291626D16000120041693F3D
06241EDA7B4BC357E720B82E0B00C3300827D69A6
43B1584CE4E485F4765211C5210CD1C27174E719B
27A26C4864D37D8F695A92B1A941E7487E5FF5504
0AB43BD03C695B13E367CB1E7C0245D0143DDF919
31F92610CE9130CE2B46505C650307D20544CEA45
32952E21DC221586560EB0D4EB058D420544EE19B
1295191ED5C1F52C448A30B4A30449F1C937E9DB2
24325E8C29C6D1E7A65EB629EB957148B2A4D8DF0
07E012ADB41B632EC598143D810041E0041DD9548
43715D279D6295A15C8F410CF408CFE2A979F1174
23919D5321828D15512083D60832DE54AD8BE9DBE
34312AEAFACEF7A8DBD7D4D97D1553B18D4CF7D0A
050C3576AC77BE95A09442DD44008360103ED6DEF
144CA3622B35C2679897836D78060B00A0BBF2D62
15698D3E2071E0E547E5234A52255D33FD53DD9C9
43D14E21983229504C4B70C8B7068CB27971ED180
31786A8771B2C55E78FFFB03FF07CBE04051C527F
1761A7AD7634FDF4A3EF38AEF35AA973C586E8158
293A6CB7363A9AF8D7E0677E06D37B8A2F0CEB0FF
13B02098F626866DB927173E7100C3800824BCE04
12743B5AA5F6CA40849372793700C3A01846BEA63
12180551597431335B0E6284E6000040000592EF0
4315561610C128C930C9C0C89C06CAC2995CE1DE2
05680BE539FD674EE01C6695C60041F0041ADE96E
0AD2EA5D68C4660086990389904163B67E43F9894
4645446F65960E018B954461541DD4226974F3932
23F13021525204F536C900C490070AE2B172E45BD
24AEAB4CA0A4D1C66C4FE1C8FE3AA28B031FF096F
2706412FD6A238FF420D6178D6229747C261E8173
11D82896AE38FE9EB35925659200C3400C32D6A6C
07E0A7776F4502249BA41612410C0F10B4B2F2918
27423184EDA8F2AAAD5794057959E927E6BEF84DE
27425684EAB5EDEBA7A02656027D2DC7165CF194F
32580DB5371BC36FDA5C3655C30001400010DC9FA
452D595965B59A0479D2821D281052D2A583E9D85
1258AB3564823597669B6235B6048B70B8ABEEDA8
3431265A27A5BE47899191ED190B5071F960F0D62
3350F5A4A5F5CD6389E1B9EA1B2292A144EBD5E34
28FA3D72A903713F74EAD7B2AD912F96CDE8D6DB5
13B0595EA7065A528E9332CD3301C590346EDF5DB
06A466C63B6D0BCFEFDC768DC70307402C68F7CF0
05A80E952DB659EA8FDCD481CD000130000EAF9E9
08DC14E5BBAB771CE665AA5A5A0042300417CA164
42756362DEB3C535589533C9531B5212894ED7646
13342DACB71ACF2ACD1C9575C900C3E00C37DA5EF
33512731DD01DCFB485C92C1C90DD0A1BCF0D7622
41F9501A9351A0E031CE50F8E5080CE29540DBE40
252D775CE213594F701BC545BC32DA137184F2D52
0608DD7EAD77E2B8A7D543A55407CBD0C0DAF650A
26A5656DA876423D8AD3E2DD3E1C573371C4F4928
027454D97B0DD7A9EC1CB69DCB0307102865E65D4
07C08E9EB66B838AD097E3ED7E058AC07CB4FC099
091941882F8435A082AD6826D616D38100BCDB58B
2722A373E696ADF37892A2752A692C9EAB92EAD68
32D52113925185073748806888030911ED3ED7219
1000054ECD517C1F169F7655F70000600003003FF
32F5254820034D535B953235530B4F21C118E21D3
15EA8A1796E0DCE43851C0D51C1499177216F2533
25CA81B72F28B23A9C97744577532526E67CF5D38
0EE222DBF7CA1E95C8E358D6352E1A51E53FED8AF
32F52922D671E520458C6130C607CBC21544F356F
448D4D3257B31D444A8B4134B4094C72756EEC186
376005EDBA8A3ACDE7674B56740001200009C853A
34AD28D4765D5F26C316D4516D171481E966EB16F
2589AF3A9D03C98359D141E5141A16149DDFD21BA
27A2694D63A401C3761242112432A0F84EAFF78EE
421948101340ACC42FCE5090E5050C727535D8253
281E5AD634BAEA8EBA1DD68DDD9AB1987EB9E953D
095985C5F787E67FB7E286BE2839E0431590F54BB
064428DFBDDCD7B9F52007C2000083200827F04F8
15A910842923CD1E64ECF746CF215711A4E19AE8F
44AD354D6762D16A67A5F4465F1A98523515EF575
076257325AD30561578F51D0F5245906BE50F2532
31780EE7F90D871ED29BE611BE0041900415C5E4A
06A41BC4B94CE77FD9DAE54DAE0082C00827DC16D
4391553A99226D1F4BCF01D0F00DCEA2915FE4DD8
43155031DC8190E643D8D1D98D078D7160DACCA17
1218065B9651A4522DA094F20900007000030A775
446C0AB0F34AC2D5B7593469930000A00008C8211
24314B1B5101E0E23248A0AC8A0509722948D3217
43D016DD39DA9303E7250B6A500082500418CC9CA
1390773A6033C5CD6C101189010186005488E31F5
27E26F64E7382E6F921412ED415127B9A701F94BD
28021762626521B87A52F3792F4B60779E91F14F9
06240DCD3A6D8F9BE69E06ADE0000140000FD458F
16856B49A6B2554460E5336A53231E23995EDE5B6
10FC695229B2BD636DA783EE780308C0445EC52AA
448D5146215499E2714F61B8F60D90B2998AED96F
34AD285868B57E468D948271480DD1C1F151F2D49
3294846868439D4B6B2384663804C9C060746DEEC
31B824C1E4B600E866ED2AF2D200007000012072C
04EC3DBE75D8CA8CCEA5092A5002C6701C49CF9C1
0A7432B576198EF1CA5D45CDD40144C01441E4CEF
26C40C501F1549C3684FA218FA0000D00011A4602
148C02C3F1CB3299BFDD2649D20000900006A521B
2705DC3AA08299776515A2795A241AA501E7F4D24
17213D2A1A01B8EA4295F1E95F0CD02245228F259
076079AEF64B1334CA591449910409105491EC947
10BC138AA8345D436BA2F5B22F0041C004136EB45
309C049D6888FA168A1563FD56000060000591721
0E460DB0788A1B51D79D75A9D74E2744EE2DFFC00
431555221741E93C490AD0E4AD078C929D7BED5B0
44315868E445A1DC781282C9281391F26D71E819E
115C24DBB73BDEF0D1DF97B9F900C370082CB3AB2
28FA8CA3F11A72DDBD58A4998A7C2FB99B12F40F9
43F1504162B1910754A75432751F99D2AD1DE0DD4
43D0189DB13B8F11B8974419740001700417CE5F4
45E918562123E97A65D39289390D4F21CD2AEA971
307C088EE807A9DA9F20472E0400007000037E317
08F828A43705FE48B4ABA8CABA0144D00C2EC2596
09DA04C5B7663210A9ACC8FECC7F2F451DD3F88BD
43515643DB3279074A9552D1551611E2B94ADDA0A
26462CA3AB48F2299896C4696C6F2958EED5F0952
32D52F47E77335CF77D9D2759D0ED3D21538E59AA
123810952E88C6619C98D3C98D0001500413B6E94
2C4D96F1BBFE4F9EE59A45DDA4385F536DE8FC061
076037DEFDAE97EFF65C7669C70104100C39F20F8
12740CA1AD03A4F57CF498FB49000150000845787
268599C1F425F1E1A22BA9EABA886D54FDCAB9A0E
0626122CD662511E46CC4178C40C8DA2CD7AF6912
32B52D0F90A0D0BC2B8A0070A002C861A109D0643
3351212357C3016B4B4AE0C8AE050AF1F54AE79D9
33D05B86EE34C1AF892495B24903C8603C619FA80
087CB7C1396796B3C8A748F2740ACD707093E793C
231647429CE28D385493526135369E07DE56E81BA
0A75B2B172187255A11BE4F5BE4A2435561AEF8FA
07A18066ABD305536CEF9606F93521B3293AE7D73
13B023DDF9AD3B27D69D7631D70104301039C9DFA
27A2B893ADB71A36A7DAB4C5AB6CAC281AA8F4505
25AA45D5B3388A46B6DC765DC77269D67263E61A3
41F9550D8DB100C32B0610506102C791F541E1614
41B80689A78C52968390A2810A0000B0000DA2E83
452D55479DB44DA5628E41D8E4088C01912BEF170
34112C3A6481FD3E56A7834E781316A204F8F1970
14ECEB5125845E007AD3F2713F080CD124F9F0962
4239551D166124C635D47169470B4FB2992BBE682
431558321D01A8D83FA082FE0816D552A515B8259
04CC0CBBF5DC9F5AD11914DD910042500424D9D6C
248D6A391AF204E84B56723D671A5663FD8CD1209
0684FF8130E3799187F6797B671D17211CBED59F8
4315567BA8D7AA2789D5C3755C199512997EF2578
3295332E57B0F4953020F3A20F1611F220E6E99E6
46A547B9EE999E6CA0960461601E55827183F3112
044C5F83B7443A4AA474F9234F054A603456E2DB5
066421CB39DD93ACE1996525960083500C33E7D29
1370A7B1F69A7F3CCAD8E4698E074BF094C1EC599
31D83B241C818D454FD1D1011D0043201840DDE07
33351F209591C11D484B5110B5064AC1DD3BEADAF
4351561A10E190EC3547D0B07D060A229D76E9DB7
1350000B8B10746C2146F0546F0000000000856D6
1589216B72133DF08B3217172124DCC1E0FFF1D3D
0D6A83E979E8367ED0AD0EEAD0A52CE409B9F60B0
02740BD0F8CE3376DB5B35E9B30041B00418D163C
256A80606536820B8A162325625167C90ECAEB5A5
43354B181592255143C9C0809C04CBB29178EED81
34CC05A9B0693E62B8DED6F9ED0000E0000AAA607
2705F79B6B8501A684A18716188BABB71A2CF94D0
06648D9A3664460EA1352A5F52098D30586DEA96A
12180B0E87A0843C1006007060000030000934F72
25C9EF645EE4817E6ED264292647DBC61E40F1933
12940AAC75BD4B88CE57C4257C0001200011DD9B2
158809856B5A6AB79A9342D5340000F00011B9200
09D849C0396C078DE35BD5E5BD018560184EEC8FB
3410368B31092303C198B4918B00C3D0103CE8167
07C12C756A276E6F965372F537105181ED5BF2119
27A302806878C6419495A3815A80EFECE36DF84CE
431408E1740A9E68C8A348AE34004160000E92656
3351113C59B3855C570D31F0D3094B519D2ADB1FA
335007D329C7753C7F2B0A76B0004140000A35ACB
446D44161471851E3DC9907899044AF26965F017F
346D2772E47571B27353E3093E1150A1FD44EBD83
0BEC44E9BC8E1BA9EB9BC625BC0144E01446F1097
4334934C25930587721C230DC203C9306C85E39A5
087D55692D02F97C7571C7CB1C446373293EF10E6
1314DD386313A20777CFB13CFB060D419134F7D2B
14CCC17F313455FA99A8873A880A4DB08491DDDC7
4295510CCDE10CC828862044620308728164D9E30
260A797B6A589E60A7DA84C5A84B64A5A237D89DA
2B329BD0B5D8FA9BBDDD263DD2A934B9BAF3FD069
42755A138D115CBC2785B06C5B0408428569D3A66
08DC57A274DB5366CE1904F9900509905C9AE8CF6
42B5593A1752B5034650228D02124E927D4DD4235
2589325CAFD3963A9BA6C4CA6C1E1BF23D38F2938
24ED0443A4646E13789181A918078DE18929F4130
34AD2C2C1D523D455354C19D4C094F51ED20E61B8
24EE8DA1AAD769DE8416D3B96D67A989CAD6C5DFF
24327DC02E7C72A99DD33381335A66690F03E959E
066452E43D4BF774E81FC741FC0185301443F1510
0A5476EABE7D93CFF69E0715E00549804483F8094
3219141995C1B5253D4C40A4C403CA41B91DDBE1E
417806A466C6855F715D854DD80000C0000856300
42954F2516F1BD00430E712CE7098E02995AD9E18
4609146E29239DA47EDF95D5F91C54A1BD13EB564
41F9573D9D713CB64323A3923A1795424CFFE0219
08030C2E58C26D444E8D4178D4239877E685FA4B0
133414E2B63A6685C5DFC6C1FC0041700011A725F
2686AB77A665EDE27BD1E2951E51A5EAE721F4922
12F43F907585625EAFE816A2810185C0143CD7E28
3219280F0F90D0C62C48406884030861E12BDAE47
24CDF3D2F1C7FA2DBEDFD90DFDE5B5F932CDF5541
31D91E345F225D3852D771C5770A5061F117CE66C
02581CC476380A32C5AB2A86B20082D0041A9567B
085D56736CB4419F7C66253A6212535140DAE6558
141036DC7C2E0BAEE719B4ED9B0104801446EE16C
346D2993B0366238B06186DE182558F1F53DEE593
26E6BAA1EB9B1A7CA2D654516569E928B2DDE8172
34112F6F6BD5C21C87DB7379B714D5521940EC593
25AA9378A684BD8289E2E7322EBDB4698284ED96D
09F73F3F19637D51558D21F0D24BE04D2F58EF50A
341061C879C9C713D32096820904C980447AF113B
1336402754A16C932AD4B1854B1F1826C1C9906F0
27060D635DB4254C6E5625A56261DED63228E7D99
41B951114E6134B82807B0747B0408D24D48B92A5
444D593FA8B1ED5164ED83D6D81C5D32991BB2288
06A52665EBB5163495991391910D90B1590EF1D1D
0B52CE52E605BA4489527241272C1F06B282FE055
246D0B586473255D63DF7499F71B9532211CEC995
06C439D87CCD1BBAF5DE97A1E90185201444F14F0
26268D5CE5671A3384D432994346A6396AE1F5121
3239298228886A459514234D42119181DD52EB5CC
260A917D6C491EA2A857B3A17B62ED0992FDF90DF
3259332296825D36440AA0C0AA050AC20948D461B
04AC20B6B83D3BA8D998A4998A0083400C33E7192
281C86B4392B637CDADA64C9A608CD80A8D1F78C7
452D553A25B2EDE77519323193109592915CF6D1E
28F9D0AD34951E06B4738E0F38ECF96625F4FA8B0
31D93406475098741582A0302A020521ED35E222D
22F533188E80A47024CFA1E0FA0E0C52811FDFE25
444CAC1E1731C53C48CA60A4A601C6F0D4D6E359E
1178026110C2FC65405E68D1E600005000021D737
433550094F00A4C52B07C0387C0289226152EBD9F
1178158AAD7B2EFAA7D4D3394D0001500416CA299
04300FDDB4CEBB22B9D543F5540001500416BDE3F
141006B8EEDA16489B5824418200009000079A691
27E2729AAEA8522BB824179241B3F7589295EAD57
111C1A4D9A81C86F2CE8644E860042000413093FF
3335304761E32D6C5E95D2095D0C90F21932EB1A7
4275644163F27D3259A2830A281657E29127D5251
0998EE76AAD559C3805EA4B5EA1191C154F2CED8E
46255A4123842E097AD0E1A90E0D11F2A18CF7CEA
413D470A0CE09C9220480044800288020923D9E4A
32592B1693C1F0FB334CD0A0CD044AB1F51FE71DE
32D53212105104DC3147506C750348820545E39C5
05A8699E39758A8CBCEEF936EF058A30385EEA984
285EA84AA353CDC975144249444165A9CED4F84D0
23B08589B403E9DA91344883440ACEC0747DDE1C4
24ECB1351DD2B56B5B9191A91904CA20F4D8D91DF
32D51D8DAD8682309F58D41D8D1513B1D141E89CD
27C1F033D8C2F1534ECBC14CBC169395A631EE94E
102075108D90E0B22987307C730082B03C69B0736
32F52C245542512942C9B0C89B0509F1E542E45D2
27E29576274656068112E2B92E4AE4D98EEDFA8A5
36A4B09232D7DEAFB3DB3481B30A8E80D4DBEC912
2742A684EE09CAB1B499F4499F773109DB05E6D44
450C86B735086274B660066200090C7080A2E3D76
27604DAAF4DA9F10CBDC55F1C503C8003873E1938
28FA89C3AF6B4E8EA05413A941662919CF1DFC097
43914F48E294E201760FE1A4FE0C90E28987EA99E
293AB5806E496AE3B2D713D97164EC794303F78D5
32D52A325C839DA55E8D612CD6074CD1F54FE4DF8
27A29BCDF33BD2CDAED503CD5067EAD9A322F64FA
32F5362D9A72CD5450CE3134E307CCE20942D0A2E
33B12A45636369B678562291620D9121D532EC1A0
0A75C4BEF897B2B4D266B9A26B1D95811CF0FC084
26089E9E350435F09DF57CEB57171240A898E8171
44315EDAF7C8E229CBEFDC62FD51A392654AD51ED
31B92E0A0CB0B88F1EC8D0508D0287C1D50BCC27D
085D05742CC816BEA797644D760F50314514ECD3C
111C0E90EAB8A63F9196C3D56C0000F0000F9C6AD
26A6A5CCB3B93279B21C25A9C29AB2D9CAEEF9CD9
0C6DB596B5D4EA33A42E87F2E84665C33168F988A
26251A499EE3D5816211E2811E0E0ED1ED39EBD60
45A8B8C076992A95D466C9D26C131120B4BFD158E
10DC0862D4F368A43810432504000050000541775
32B5311390A0ECCD320970E09705C9820938EB9B2
2646A4AA2D0A627AA4D6344963742B499F07F1533
2741DD4018E3413950CCC1C0CC2216168A54EC92A
313D370FCC7164C025C5A07C5A0387420540C8E93
097880A8F6AAAF52CF9934999304C9B0609BF6CB5
1548F498EED4456F8EAF59C6F520164130D0CD246
2A76A897B2B8CAEDBA98F43D8F71EF997F07FA8A0
09B8E1E13D5EF3EBEBD8C4BD8C0A0E40C0E8FB874
117801295123B506354A6114A6000020000270F3A
11F81DD7FCF8FB01DF289A568900C3300420E85F3
32592C1D913198E8388880FC880649520547D9E20
43916216D4111CDE350CA0A0CA05CC92B155F1D63
085D118572875EBFB1DD5481D5241C02D98EF6CD5
431557546594F1F47C55F28D5F1314729570E59E7
44ED5223D8C201514DCC20ECC2064C121D51F213E
033423C93829DEECD7E3886A380041D00413CF653
4549505023965E1E765161E1160E11A2857CF3D20
0D4A5A9732C9FB18C859E5019E4DE5D58A56FC445
43903A72EC88E2D49E93928D3900C4301C51E498E
42954A3EA3C39DB46E586231860FD4727953C6A39
111C048C28A4B983885AA469AA0000A000079C6D3
11D806B96A7A1E349B96D4F16D0000B0000A9E31A
358926D4B59509629AFFFFFFFF57A3E1E4F1C2620
1294508BB2A481E291EC16D2C102C7502447D9236
32B52813D800C0EE389520D55204CD21B8F3E3DE9
21F8011686B0D42E138A7158A700001000022179B
04101298A9995A5B8D534379340001000012A9657
42954D28DC22CD645091D1351D0A50B2B961E71C2
2A35196F2BA5E2589FD94489941954D1FD4EF58C9
0C6E4FBE365AE32AC897D44D7DB7FBFF23F6FC066
06C443F57EBAAF10EFE90B729002C6601442DE55A
14AC5B44E2E479C26C1471F1470145903C69B6A43
10DC08CB35DCF337D019F5C99F0000D0000AC9283
446C2D9CF5AC2F87D097F4057F0042800828E71C0
23F271B12E68C232AC9B55ADB57EACC7FEA4E95A4
141011D2F6692E73CC24A9BA4A0041F00414B6A2E
168432F8BE3E6397F0DE66D5E60144F01442D1DCA
4335562E5A13FD99524B50E4B5078D329983E89A7
085C9558A7A4F21E8A54F2C54F02C770588AE9554
36251F6AACD73ABCA9D5C32D5C111301E159F70FE
117814C6723B5EA1B65B05E1B00041C00419ACEC9
13906B7CB313FDD0947488DB48080C805469CE634
089CF895316489C895AC386EC31994E118CFEBD48
11B80FDC79DCE35EE45E2745E20041E00418D2E13
26A59CCCF436A5C7A36E7B12E77B6A740D96E9984
152C3787B247B2CBB71B0495B00104601441EA96F
06A48A8DAF67565DA21AC499AC0589E06C96DD594
0781CF3BDD73E9A6604D4160D40CCFF305A4F4527
0801BE7B7112E96182F8F9038F38E1B2490BD75D6
45895C5024A5AA117793C2293C1093329977EDD59
115C033B15A324F93E0BA148BA00003000056B732
12380DB2738D4B3CBE5633C9630001100011C9A5F
05A86F70AC2511C483A205122005CA606880CC61A
31791610CFF0B09B280B4090B40388D1B103B3ED6
087C969D779A0F6CD25AD46DAD088DA0ACD0FCC69
3315283359C178E33FD872A5870F90020907E99B6
07A0F463EA259E3B8B15B2895B0ACFC1751DEBD25
12F4059126B91E0593D6A42D6A000090000894A76
33D12D4F285445D8779E0345E00E52618500DC9D1
17818460EF1335E1872DE6AEDE3CA3C34559FB0B8
44315374237659C580D5C44D5C1E14327D6EEC1A1
080081E17D08CEF1E0EA0C32A00ACC60547FF0CFD
30BD1F080CB040681ACC6078C602472138C4B6AF4
0978E3752ED9070FB3D6736D67064B60A0C8F98B7
34ED3167A4B59DF97A10E2710E0ED0021961EF94A
050C3962AD039DC684E514AA5100C430102EBD61E
14AC41C139D9B32DDD61B8221B0246101C4BEE574
12580484A167E9BB7F15149951000090000892E9D
08FA5051A6B5C62B7ED482454840E6A9C2E1F9CB0
146C1881E987360D8DDAA47DAA0041E0041A9AE59
3239311B5301D5023AC9A0E09A0488B1911AD9637
107C0200000024000000000800000000000118FB7
4314287D2DD852C0AA55D3955D0082B00C2FE61AA
335030D3BB7CD3B0EE5DD73DDD010440103AF1961
31D92A0E50A08CA3278DF0B0DF04CAA2090EDBE24
05E84697364B4F8CD1D843E5840247203474F7CCC
24312C168F4120B32A48F0A88F0549724940D8609
35C9238C6E4842A4AB9633ED631613D1F961FB0C4
246D33429772C122500D52F8D514CDA27166F3148
08F873E47D5B8B82F5A2EA6E2E0548A03068F08DF
44115149A4D5720377D64255641114128166E45A2
1C0EF8712C368A5F9895F2DD5F5BAD4B1F31FA080
09995DC6F9CCBF96DF9944D5942019325D95FE053
43D131AE32478644C0A5A94E5A241731690AE898B
3431245F25F549FE819362D9360FD0B1ED4CF2952
1334074FDBC58D766112A2B12A00009000097EB00
07200773EC492ADAACD7C3C17C0001200011C9552
121A17118850BC661984F0AC4F0B09D4B9CEE1614
32F531696806A61D851833718313D3620543D0204
481C7EBF766BC742CD1935199305CA3068A3F54CE
2549FD45DA037D45598EB260EB2A57761E3DE19BD
3624D44CA764DE4889D3C21D3C074D712D06F8CC5
42189F41A1A2713E591B72A5B7050A70A49CE3601
083DFF41A0E25134581CD339CD25DB241D87F390A
43D14A0D8EE0ECD12C066040660308B27967EE592
0258A85567B25D5A63E6C4566C084D60AC94DBA23
111C038F213448BE422A970EA900009000030CB75
09586A9BB629833AC95B24DDB20246B02C63F70AF
04EC4AD5BB49CF12DA6217D2210286A02051ECD69
34100AD0F3DC7EF7B8D6E4396E000100000FC7E1E
2644CE4826B27D6F6961A3761A094ED0F0BAE5567
2350CD4CA122AD43641BD4ADBD108F3140E0E0208
41F804A35DD41CA362F08F1F080000B000041ABA7
12B4099DF22AD710BD58D45D8D000100000ECD61F
33D087BD33E7621BA3E316B231080BA06C8DD5DF6
152C08DAF24C5EB2AD96644966000100000FAD1D3
24EE76B9EF485A14A59B7565B7A1734AAF05E9195
2A369BC4B32A0289B1DA8509A89DB48B2B2EF84C5
44115523E0D0F9194666B1FA6B0ED7A28908F4933
111C05D4AE0CC26A9452D3852D0000B0000C9FEA8
117803AF63BA0DB56FD273C127000060000677B5A
10400F662768AA878F52825D280000E00010BC31E
3391243056D29D254A0BB15CBB080B31ED40E45D3
24EE2EA42DF6DE13AD5D25E9D282AE37EA97EB981
0AB7285F20A4E5A86FD092AD094C61B9E2F3F58CF
32B53410D2117D0B35884054840309521D4CE21EC
046C7C7F72260A72AB61A54A1A04CA00547DECD86
33512F2598B279584C8B90CCB9058BA20D4FEF58D
3335362815923921418990CC9904C9A1D13AEE58F
16E4D75DA8969E769513C28D3C07CD1110FFE9138
08BD4695B445924BA728C7CA8C25DA11C116F94C7
44EC52CF7BFA7B66ECE34956340488402C63F0D44
33713154A8B3B9E5809A231DA2111371E52FE6DBD
32392B1296E090B32BDE6139E607D05200E0E8DD9
30FC0C7E2424D52B5D1CB3F9CB000100000C48B57
264680956AD9A252A51894C1898A2F7A570EF310F
044D1B3CE0C2012F569CF319CF080C90E4B3E8DAC
052D2645E17425CC6E90D2110D088CB16918F1D49
115C08C1F46A8EAEC1DDC5C9DC000120000EAE697
4589537DAF595313B11553095516D6829DA0F7503
44CD5653A6063A56859171F5170E9262858BF2D4A
0FFE72B1F68AA73AD89C3631C358E7352641FEC0B
050C38F0BC8932CEE369AC5E9A01C4C00C30D6DD9
06241BDCFA5EE3B4E2191529910104501444E3534
26669EDE71681DDB91E0A68A0AB9350A2AB3E655C
4259581ED8A158F73B13C11D3C088F52712CE95C9
17A10CC379898B02D262B7D22B259941BD37E9501
087CD7CB7ACA4F47E05EC6F9EC1452C10CFFF78C0
083C39F57F8CCF9FFFE2EA362E0103D0082DEF11A
131438FBFEAC4B85F7E239FE230245A01444EF18E
11780EAAF0A8965CB65E465DE40001500010C3E92
11B807842B7936899713B2BD3B0000C0000CB2EA8
444C24BB362C2F48CAD7D4557D00C3700C38E0D82
248D3F44E691813362EBC64EBC365EE31936DC5EE
256A1F822D55EA179D1FC585FC67EB56B642EC178
03B03BC37A6A6B40E220F82E0F01C5501442EC595
08DC23F23E4C0B59F1E348FE340103E0082DE2D0C
47C156882AB786408F965405651DD5C2A182EED14
44ED621D5862115F4C8B109CB1058CB2917AEF55E
26852A2B9C8219324D536155360A10527143DE589
113C0A749B95210C529A44F5A40000D0000A48B7C
12B46A8BF04896DCB7D9E5559E03C7B04078EC1B0
34AD2E59E2E529CE7211123D110D0F51F94FE4596
11B8189D33AA632CCB5984B1980042200420E55C3
437156311C7170B73A23E2D23E1555F29D06DC626
25E8E66569858A3A8A539251390A8F719130F88F7
42195B12CC9164B82785B0805B04C852956DC9A8E
12B4F23D593260EA4012720527078AE148E0C165A
0AD16CC0F648FE96B31E859DE82B9C62C986F48DF
04AC63CABAEBEF81E31C5601C50286A0245FF116E
3350049AB0A75E69B6DFC6ADFC0000900005BAE57
34AD233D1DD2CD525C134249340C0EB1D125F0D73
270560355A52950A475201B920141363E1978EA76
106009BCAAA755C18F9A5589A500008000068972C
346D312B629139335662123E210E1552210AE997F
32192A124E312CC32D4730AC7304C8621544D221D
0684BB85B0C892F0B9D7643D76070B5094C1F74F6
44114C3CA293216B5E9D02C1D012D5125D2DEBD9D
152D5A67E7947D7F691DD379DD185672753AE39BF
446D565724D2C5766C5D23F5D21D5722A14AEF56C
43F1533B5EA325585755B2495B1011B26541C063B
27A28CD1F55C5326C557A4A17A79AE895319FC4A2
33707E6D26C601EC8B97B4397B0448105887C1243
26C667996D6661EFA6DEB5D5EB816F27F287F2535
25E8B275EAD395857EA7B7127B0D8ED0B0A1E09BF
437158281DE1C9364D169159690B1282AD45E1DAF
0A9523CC7CA62668CE773EAF733E9F518CFFF0CB8
33F1254F28C325A06D62F3822F0F136180ECEB1A0
3199201794B0FCB22D93E0FD3E054BF1B0E8CE288
34CD2A359FB3A5CA6191015D10088EE20D47F2965
115C0A18C51074020A5352ED350000500004003FF
323812BE7A1A2B39DDA2F86E2F0042400419D5DF6
05A8D39E70977A6FB9E028D2021650E0E8DDDD978
03360F241111609F310D4188D4118EF3C188B5E93
1608C64DA6C57E5E8C12C2552C064BA0ECECF6505
27826D51A3F3CDA771D6228562412558EE9EF4523
16E487833188FB11B956332D6304CA8088BAF50FA
33F12F2DDA0339694E4D310CD3068C01ED3DD5A08
429557185740749029607182070B528278F1D4647
25C961922C45017D92A9A8469A532483A180C4E3C
13340DB7F27C46EAC61B2615B2000120000EB4250
32D52A195891792643CFC0BCFC044BC1AD10EA1AC
41D9571351A0F8AF2D8D00B0D0060BD2813BCE267
42B5551C149235333F89109491054AF27D72EED9D
32952B1E54624D16398A60ACA60489D1E130E4DE8
0A565C412622F9CA7659226592249EF53DF4FBC81
056908582B32B1B47D67E5767E17961188F0F0166
23B19F1AD6E139003FCF40FCF41818479A42E65A8
35A928582794D6148A54F2F94F10D201F950F4125
05E817B63688AEBED163A8B63A0082E00420D7181
05E846B4367C0367D058549D850246702C69ED936
419955078B4098931E05C02C5C0287B2754FE2DFE
04CC5993B2470E7DB8624716240307202857E41B1
423956111010707E24D010F10107CCA29521C068B
256A7E79AA474E51A4DA44F9A480EE793ED6F4D15
10BC107DE627A6078915B3F95B000130041398B28
33150F64673599F58354127D410A4EA1691ABCA45
42B5521514D098892A58D14D8D0A10127905A2B09
30600EADA587194B76DF1691F1004140000E4C3F5
1685D5B7EEF615A18723A6AE3A5FA6B521D3EC175
052CB2C377476255C1A738A273125180C4C1E29A0
15C86688AEA8A2BFAC5633E5630488F0689FECD2B
09D91BC07B883B0AD5E4E7CA4E42E333199CFD477
22D54A2F5B82F5504FD05149050A8FA2A161E6DCF
0684C790B0A99AFAB71663BD66090D60DCECEB961
176074A9F746BA59B6E9180291068B004C73E098C
43155432D6C3312F438B912CB9098C828D69CE23E
0DC5CAE47E5BC38BF3E198B21945A1A2E5ABFD448
44CD5579E8876A3A86124295241312E28D89E7983
41D803ADADFBC2B3A955E4355E0000800007B0A52
43515B53A8D44205889902C9901556E2A973EAD94
23352B19D740BCC4315881318803CA60FCAACFE3C
43B1623F6A31C97E6BEB93AEB91D5E12CD2FEE590
1258364C2941D1376134F5EB4F0145201029C325E
0DE62C9F75EA0B44CADA9485A9235B42C5A5FE426
289E84B0B61D3B71C896239162626E19B33BFA09E
148D0D3D61F3BDE271D151BD1507CD818523F1161
43F15B7D2B6451A8889F84E1F822D9728954E3DCD
31D92C10D06158F43307305C730308A2194FDDE1D
444D52245821B9034090B1250B094EF29D4BE3DD4
446D518D6DD71632B622976229345D428D6AEED7C
43B15B1C94E1F91B414AF0DCAF074C22916BDB9F3
05884F61E666123487121279210144F02C66DE1BD
26E6B49B6D791A52AD5D4615D4B2F59A8EFDF4D04
113C279B2E168DD8912055F2050041C0041594AFD
14AC0A5A9F35697363D8A4098A0000C0000A6BEE2
11980EAD343C1F34C457A3FD7A0001500414CA68F
25CA78A630581266AAD87435876FED996AF3EF154
423952185361F51B39C8A0788A040A12495DC1641
089CDC5EEAD5CE7B9755D2ED5D088D8104F4FB0A5
42B556114FE168E42F475064750409728D6BE11F5
0AF15277B008DF12BCD863BD86255CB385DBFD44F
3259260F0EC0F8CE2E86B0686B0348320D49EA5C1
05E82DB6B6EC3B7BD7D9C5299C0104401041E5969
3549323ADE4455BE618E1160E1088D620152EBD82
089F1D16915148EC370800A080159419DADAF94B7
23F1792599D1B90843136155360ED313997BF0D75
42F407B5B2EBB302C059D53D9D0000E0000CC2A42
311C1D8F2D4479C5A02336AE330082D00820B12CF
4351521B1641B126424B4098B4058C52916AF1D71
319807A2ED0A26929FD41379410000800007CAA64
03140F7AE8A9A6899854E37D4E004180041ABF64C
22752E58E225FDED6CCF91D0F90C4F92496CEA5B5
41D95D0D4CF108C227056048560348329D72CCA5E
28BE61592614D20C85D3C2C53C59694B2F2AFACA0
125815A8B2E9B6B2C41F96E1F90042000418BBE87
16093393AF786EACB2D8D4DD8D389EE425F8F512D
35E9296EA9F832A69492C2912C0ED161F961D35A7
466569AE71F8DE7BAE99F4959F2098928982C11F7
335039A932A52DAA932BC7D6BC024630183C91E6A
32D52F1090D12CD42E49406C94034921FD30E39F3
09580DB1F7CBEB74DB1AC58DAC0041D0041AE210C
044C108EB249A304BBD893F1890001800417DADB3
2741F35DE4C569E58758341583426105BE27F78C9
285D839731989AC0BC9D66D9D6425F9379C0F74DF
41D85D6F6BD449C88765168E510387B03457CF652
044C1BBFB90B935BE15E567DE5004230041CDF9CD
07607372304546469EA1E4FE1E04CA30587EE6953
1198239935C7A2C0B9A215B6210083600827D4E38
32B52A365D62BD715ACF1140F1080DC20D4AE31D2
32B53C0CCD90A8AD2786B0686B0347F21D40E39F8
452D5681AD7836A19F14F2ED4F1655C2A997F2135
26A693A16E8A3E98B158346D8370ECF90AEFEAD50
13146056E865F65E8D13F2653F01C6404078DD618
14ACDD4F2713EDE07955D2095D074DC130F8EE55A
11F8D3279992051B44D091210903896104D1DA23D
04AC2E4FA353154E6C9BD329BD008330102D862C8
43154E2ED60260E439CEE17CEE0BCDC2A54CA6AB6
33B1274CDC437D55580F6240F60CCD71F53EEE997
42395D180E714CC12CC6809C6805C932B578D5A2A
26268EB570994E87A957244572772D39E310F0131
113C0D7BA8963DBC815B2419B2000110000E83B40
07C21C3BE4728582631C1245C122DF4539CDF74DD
26E6A59C2DB91E6FA65673F5676329E8DAE7F3D18
13501C96AF295EBFB3593545930103C0103BCB640
42382590F1B902D1B99803D9800083100C31DB9EC
14AC6F5C2D1566709798E2B98E02C8605887EC964
44ED4C8AA857A22188D2831D2815D2C27182ED971
34ED2E53E56586398111420D140B0F61D54EF3D2E
12180C7267688A4783D402CD400000600005A5A6F
444C0DC378DA4F11DE216796160041B00413D61B3
02581EF33A8D771CD75F1755F10041E00417B0E99
07208ABA7BC7EB01D1E717F67109CDB07096F1914
12580BE6377CAB14CF9A45B9A40001300010CDA28
3589325C26E72A7086916215160C50720562F610F
283DC929591231584FCD4158D41794C5A623FA89F
03F01B86EBF8A28EA5D683D5680042100423BEE14
42F5581B58110CE83854E1114E0950A2C537E29F8
362414F8BD6D5F8BF22018E601008250041CDC134
452D4B93F06A5EE8B8189489891ED7A26985EF54E
256A5786AAF551D8A7E1C6BA1C8EB0C79E69F0D5C
36C4F29370781AA7B2197485971191F1611FF3104
33712F16D2B11CCA304C50BCC504CA61F91FE29E2
04AC8EAF78586EE8D1A27722270347D02C5FE71B4
0CEB5456646511F97D51A2211A2B1E06EA82FC866
089E1AC932F9965AA21B4505B45B67867E56F48FC
083E2A32DC6405BB608E1170E1259BC896BEF1515
26E52EAF35380689B39E757DE7251A62696BF54F0
415D4B0C10F06090264E8078E8040B92551CC0A8F
32593146E0E2891D575D0369D01513C22D1A87308
26449BC1F8395ADCCC9F86A1F80CCF10B4C8E7D6E
34CD31742AA66620881713197111D2F1FD48F3545
3239430E9240446E1C5BC0F1BC074F6268E4EADD7
14104CB939199740DB5FA819FA02C6602053F0D6E
12F44C57E6D59A23895462C1460144C0245ACBA54
19392FF0BA38F645CDAF4CFEF447A0620130E1173
43B14F5A6516520A74D30221300FD2628573DFDE1
41D95B0D8F40E4BE2B07B0507B03C9C2B96BD4644
4391572059A1DD54524CE0D0CE070DF29176E29B2
0274B64AE31170C64A2DC4DEDC0B4F30D49184F20
352D31229B8209564DD0A1010A068DD20D34E61AF
315D221252907C8D271350F135050B51ACE0C0ED0
43355D261461DCE7394C3120C3090C328554E7DDB
12B402E8EE1B39D0A1A6B9E26B000090000456F0B
33352C138FC0C09F27CA5094A5040942011FE29F1
32F52F675DC5897B644FB2DCFB104E31FD4BD163A
41784D5D2C32B57178EB3502B301C6B02041BF679
45494F88F31706C1BDDEA531EA255BD2957DF8108
343116381E53319F690EF19CEF09CE11FD53F2954
42595C1B13B0C8902A542149420A0E728517AFEAA
06844EE77F6F13FFFE5CF6DDCF0387C0306EF9CBA
26C674896AC88E589C5643B9645E6918EEDEF88DB
29F674BD3547AA7CBF5EF62DEF8630E7CA9AF54C2
0A54D476EF080ADEABD67349670B0F51290EF60B8
31D80793AA358188899E3529E30000D0000983AF9
0B50A5BFBA3A0337E3A338A233149270DCDFFB447
313D2B0B0910CC861B03A0443A0285E2013CC829A
1334CBB3F2987274AF9B651DB60F10410CF3D59FF
2FDF4D9CB53B176DCB9823ED82BDBFFFFFFFFFC00
24EC38D2BAFE6FBCE41974E197014510184FE25AA
05E80FE0BCAC1374EF21D87A1D0042300419E0523
2625F593EAA8B649979624096240E055AA44F8CF8
26E68CC133BA76BDB85A6569A68D30694EF1F74EF
409D550BCDF0486E1C8D8084D8050B129D1EBEEBD
42F55F0DCBE0F8A5224580545803C852C971CA252
31F810E3B67D6721C818C5A18C0041900417C1E4D
24129689E21779B17150F3450F5C6239E6F2DFDA2
42D41D97B40AFF55C85763C9760042300423E11FF
47E2E3381B83AD855A0D717CD72E5D3A3EF8E455A
035012AC37EC1397DD5A04F9A00104301040EF161
372128A43317D696B8E1B7C61B2016217D16EA53F
27C2BABB30F86A46B81E0665E0C3786AFB15EDD42
10FC079C680889E27F55A3D55A000060000591F30
24ED3357A706E26F8A91C2011C0D91C2497AEF95E
446C0AE138AB1AFBE3E35AA6350041900011C05FD
42D556090BA07C982245B04C5B038862C96FE59D6
33D12C2556524D2B48CB40FCB4060AE1E53FD0E1D
42D54814538104CE318DA0A0DA054C026136DAA15
117803471D81BCB665E214122100008000036E6CA
06C452CE7A3916F7D4E3687636050910386CEA927
42B54120D4D0B8982DD7D2097D0DCF624D03D3E3B
34AD27B6F5273E53BA1F75DDF71DD791D13CDC9C1
4239563C9A031D52564DA264DA11CE628973DA22F
31B80232D19238B42D8860F486000020000564F37
05A868C5B9ED8BA1E39AF57DAF02C7202C6BF1528
2705A123D161E8EA39C8D13C8D090A425560EE15D
295A80A06DC90A699895F3BD5F5D6848CED7F78DC
42D5591F1A90B4C535E1A2021A101512B50ADE1E9
068433B7B7FC1F72D7D8D4A98D0144D0184CEF10D
2A166CB1B51B16F4CD1CB5D5CB8FB2F8D2E4F8C9F
26869CB72EBC4EAEA193C3753C66AA1A633AF5D15
146C805325158E007813A2253A02C7E0709AC8E02
07E18A6E6FC381A988B398373947A5D32548EF916
4334098D5D04D0DA59DE8721E8000100000B3532A
25CAA685AA47B233A49A14BDA16BEB4816A8F0948
27A23743D9733D2F4D0D51D8D52757472E62EB574
26468892A926098E96A7292E72EDF919627CE9192
25C948842A65E9F6899CB59DCB6025A62222EE564
13900F4B199421535C4E6280E60000E0041394ECF
115C1180ED57D27FA497637D760001500415BEA96
32392C13173090B73395F0CD5F04CD41C0EEDB205
30FD27165580F0D0355090CD09054C31F510C1EAF
03345C75AE4391AE7CEAB5F2AB0307B02C4DDDDFF
270696C834690EA8BBDAA579AA9A72DA1312FACC6
26667FA9B00595E7AADEE5FDEE9071B8A6A6F252B
448D5A3623522156605D5281D50F94522520CE1FA
4295542B1B1194F84A973201730F12128937D0A4C
1978E161AB6309B07665648E5611D3F164E5F54DC
448D4F6FED54EDF89025F6665F281B024134F155E
452D58325FB34DA55E14E1BD4E0DD2A2A55CF5133
350D32472602DDA7775BD331BD12D4821130E997F
09198D7FF1A471D9906935EA933522033969F1904
07823364E6C44DC37898838D88331E3511F2F8CE6
2A15206DE5E5CDF983537349371753227D7BF48C6
2762416863C3CD747C9CA661CA60A2556DF3F58F7
11B80D7463B765E07B51F2A11F0000E0001098F5B
4198069523155D34651994B599000070000556B0E
10BC0C90ECA74E31A459C4959C000110000FB6AD5
27C2092C9842C9524F0C614CC60C0EA30193EC558
311D28158CE1B8C526454070540387320D47E0A31
43354F2F9B338D9F5B0CE12CCE084D523D66F118D
11B814D1B408E5F9BFAFCBE2FC00826004136375A
26C62E9C7068FE8FAA9A94EDA9692AE79A97F84FC
03F26E19CF41009B2D4BD150BD2916DA1689E81A2
087C28D8B8F8BE82CA26488A640205C0143FB3975
12B40C66DF16196254132289320000E0001060EEC
13715733A0118CFA4B24A3764A1A9822B51BDD5FF
06E40FE73C2CF77CE91ED7C9ED0041E00417DF934
0FFDC4B336EB1B57D89AC591AC5BA8B5E272FF800
12F401000000000000000000000000000003896CD
083D8D9236862EBEC1E4E6AA4E3BE2E33998FB4AD
32751A1E9A51E15F514DD0C0DD048C01CD32E99AA
32D528145261910636C87068870349521148EADB4
348D3433A15319DA6B9031350307CF121556F752B
31B90545DCD1A8A543A21452211451B1ACDC70F74
329417B038177EC3CEA77952770042600417D8E06
4371544B63B6823B7D5191E5190B90520D5DF4942
472152A574166635B6E6C7F66C19551128EAF1528
146CBA64EC54960D929C1385C1088E20DCCFDE5B9
1334744FA7F2E9736A225392250348F0546DD5231
0EA170B9B83BC374D99AF57DAF2C1C82DDB3FE400
42D5521E5650D098285CF191CF0C51B298FDDA22F
31993517929128D8358B10BCB1044961AD16EC5C8
246D921D52317CF63B08B0F48B0D8E2469E8F215F
046C44E17A2AE30DE5632A9A32024550143FDF1E3
43B1521F54D1990B420B20F4B207CC52916BE99A8
06C4755E2F147E3494A233FE2304CB006887EAD4C
06C56D5A2DA2CDCB836B1572B13563637D68F94DD
42D55B5727F32DA4842094820921DA42A955DD20E
11F80A9EEC1B1677B15C3615C3000130000F9AAE4
34AD2B351FE381B56590B1650B088ED20549EAD83
31F924139670F4C82F9730E97305CE01E8F0D6A2C
266533319F51F5505557A2017A0AD011D511F5D18
262612816506EDDD7211A2B91A395E074A82F4929
08DCEDC7BB59AB42ED655A4A551290D0A8C1FB896
44AD4F32DA526D304D5051A9050C0ED2654FF057A
26A52F5CAC928D87726D5572D524DD226D1BE9593
03D03EDF3B893AD8DC66AA026A0245F01440E11CF
274270AAB1DB22DBB2185471857DAF7A0316D4985
250E3FCBEF699641AB1985B59874E9375693E7995
4219521CD5E09C992C9C01D1C00C107238F2E2A12
31980AD176FE0769D3D9A5599A0000E0000BCC66B
33152B2C1B919506475651E9650BCFC21118E1E02
09193693740429E89EF48AC7483C20020511F6CE1
31F8108368E78A118896537D650001300413936E9
11F8052ED691D8912EE183021800009000041EF50
3431443D1AA1D8F642D6E2A16E11D0B25522EF984
41F95A0F503070721F1190B519064CE2A513D4E54
43915454E495B1ED73D3E2453E0D90E20948DE9E4
43F14E5EA205D5CD698FC1ECFC0E50327D77E65B2
33712A886C99B2A5A055D3795D139321F55BE7DB2
27414E52DF6461745BD29259291F56F495D7EC14D
133421CF380BB71DD8DE46C1E40082B00423CFE25
0A55DBA735655DD69F6E9866E9606AC42597D9D64
12740ACBF7296EEBD421F8821F004160000FDD5EE
281E7F6AA69742277E93227D3244A4C976E3F34F8
2720005D8DD45893334B0368B0000020000354DB0
291A89876D08F295A9568395685D2AD922F6FA4AA
44AC9661AB153A2B9119D3599D04CA5080A1F1132
24ED28439AE261274ED36345361790A2814AEDD69
06846996B1C92EE5B91763F576020650306AEF52A
152DF819D511D12F41092084920B10F5D63BF2D49
3350F2281A311CD5401AA241AA088D614CCDDC9F3
19996E8EB0B92AF1B55653A1651FD94311C1FBC84
11F835A83886BAAAC929096A9001C5801439DF613
12F4518B6BD69A17971C65E9C602C6302858CA640
300007000000000000000000000000000006147FF
446D58562765961C8297A2C57A1515D2A572F2157
2721A246648371E778536209362D60978E88F70E7
11F8067AA5D729E58053D3093D000090000997AF4
10FC6A52A413794163A2144E210347C0445F9CB0C
10DC084D5DD220CF461B82EDB8000090000652776
32389E4A25632D9B729AE385AE070B80B0AEDB9E3
10DC139BAD98AE3BA19DC5D9DC004200041A976ED
23F1E00508E05C841B03601C3603887435D1D99FA
446D543426E149585C6E03DAE0189A923CFFF4D3C
05A82EE97BC89699D2EA7C1AA701C4F00C30C71DE
046C618931F6C267A85E24BDE20388704473D69AF
14305E912D7876A9A71584115802C6A03C77EF17A
41B8515823F3B546671DD3F9DD0205E02C5073F44
33F09152E3050DF67E52A2F12A05090098B7E5D97
0AF13B5A6A3409FB861C3395C30B8FE120E8F14F0
14AC98682D356A4F95D9932199050AF090ADF0564
42594C50DFD2ACE847DE530DE51614A2851D90EFA
139009D1B7A7FE71C9A708C270004170000DB6283
4294C848A55275266028E4868E0C5060F8AEBEA38
24126CCA2FD98248A817A4D17A6EA9882AC2F157B
25EA7A556477A65E8912E27D2E3FA3F8CADBED95F
03D015BD321BC6FEBD1804FD800041B0041AD29BC
052C1DDA77AB5F00D95E7785E70083000827C5DCB
119807E3F46E5AF8B7969455690000900008BD6A0
1431933857F311394CCC318CC30ECED32D9DEF96D
3219281D54C0D86C25DDE225DE0A8E41B0C653791
0939134BA5159A408050E1E10E0C50B23570FAC98
27E28694F196822DA01FE509FE8173292EA7F60D9
33700C846AE86E69A99A6529A60001600413AEA2C
11780B8F6D9A52C4AB57041D700000F0000EC1276
25CA9F78E96559D78A9A53F9A56AECC982BBF5CF8
1294009599A554BD4D1B96F5B900005000022EB0E
109C0E4219B4DD7A5DCE6200E60000D0041295745
33353D269D1100B639247216470C936204E398EFD
33712D229452251B3F89E1049E06CA82214FEC1B4
32B52B1452C17D103A48707087034951FD47E85BE
09791065A765F63686D29289291293028986F40BC
356853AFF665BA62B52BCA56BC0589203059DF588
34CD223C60435D98685251C9250ACFB20945EE973
091A2AC3B42731FD9BA6275662A875584A60F150A
152D1B45A092D1475ED822B5820CCFE1A508DB5CA
13500D42115428E5314901749000008000106672A
450D5A6227E32D967860258E02251812653CEFD79
117815BAF6E92ED3D1E579AA570082700419BE2B0
41795F0B4E10385218D320C932070CE2A50195B14
45C90E3999531150554DD210DD0A4BD1B52EE71A3
24114E1D0D018CB02E47415874108BC401C5E4DC7
0624C07830E686A6B2DF150DF10DD0F0F8E4F78FB
2626A5AA2C493A43A79925A192A7F11AAF1AF691A
0BCEE5933257AA9DB61A9475A996F70C0753F9CA0
42B5591A97713D09420D90B8D9068DB2A961DD1FF
36253A491FA4D5BD640F51B4F50A0E01FD4CE258C
341126672F73AE0A9AA7B5FE7B1C5891B10DF5546
083EE22C97C26921420DF128DF255B5A4AB7EFD22
0761B8A7B2F5A220C028D9AE8D61A743A9A5F1D5B
056887AEF869F361E661890218080AE05088F5D28
28027B936FC8A68DAA19341993746FDA0F06F5CF3
01D80336D32248972B92A21D2A00006000062AF88
2AF267952FF89A84BA5E25C9E27AEF379A91F24E1
11B8010704105C3309C190241900000000025171D
46E54F8771991B0EC29AE4C5AE1C57921D68F98E2
133407B82C4A2A368C543399430000B0000B936C4
431558D230DA2A409919B4FD9B2156C26169E99BD
009C0B9169E8720E9F1AA561AA000120000F98EF8
32F52B1B12E138D531CC10CCC104CA01D517E1A04
06242DB5B83B3B61D99CC599CC010440103BEB94D
087D2C5DE9864E7E96D3F2A93F0D50E1BD48F8CC2
42F5594C9E71E4B042E6E59A6E29D812AD0C7FF0F
4275573EDA42A0FD4453420D340FD0329943B82AA
0EA2AC76EDB68E6C9CD83361835C6C8992E8FB451
07A2D5355D42894D5554322D4349E55B92D0F3108
47054B69ACE73AC1A09452754511D4C2798DF88D8
0978CE9933894B15C25734057307CC70B0D5F94B3
1608A6301B83218D5ACCC11CCC034870E8E3E6164
26266F91EB6741FA9F9EC6B1EC98EF683A89E8164
07A059E53BC7FA7BC96BAAD6BA0407E0244DD1D99
11D80AD7F74E7742CA56B4016B0000E0000DCA262
03509877ACA495C887E124D612070BD08896E29E2
08DD6186F1D5061D94E4050240221B826D48F4CCC
13B007C7EDCAAE2BA09A15DDA1000070000489F30
43F08D43E3530161655E4371E4058AB09092B8A36
32D5314FE61261415EE3C3B63C1354D1D0F9E69CF
33F14253E692FD2E5CA7F48E7F1A978210FFB5A46
17C23553E542BD66691E4405E45166C72A19F252E
27828D3A21D3A1DE73117199172E625996E4F94D3
3351283F61D2AD5F6057E21D7E0C91920528DFDE9
062456B73577F690BADE15ADE10185201845DD5B5
352D3269275481AB8A5D7511D71A14D1D527C95EC
43F14768E6039D4666A54596542358524519D0229
0C8D5FE87C7CF398F41EA8A9EA2958A1BD51FC061
4391421FD4E170DF3A0E8128E8080C52292FE01E0
32F52D331F02C1866212B1B92B090E61BD25EA1B6
283D35912E6892A8A4D553C5551A9572798CF84DA
25AA1F9771E6F292AFDA0421A070B029A6F7F78F9
2411282296C28D50484A60E8A6074BE27572DADF7
41D9580507205C5F13832020320246129558CA674
34AD403199523513461101B9100B8E323937DE9E7
04CD084A233375936A568285680B4F518D0EEC596
08DCA3EA3D9A7F12E9667A96671210809CB8E84FE
28BEC0896C68BA9CA41613BD6189F21CFB86F70E3
2B128BC276FC3B63CC97243572763019F340FE440
10BC0526D0738CEC304C613CC6000030000459FB1
31F82654E7F3B1D58198D2F18D0042C00C2ADD230
0939098A6F98BECAB4982411820C8FA11904F70C0
34ED267325E551C6809724157215D221E139DB99C
17601DC13888DEC3D46337FE330082E00420D29A7
146C3CB1F7F766B2C0E446D6440206201C46E8184
12F409E07C0B6722E96529F252000130000BCC24D
25A92D8BB33802BAB35BE461BE1B98323D67F0540
0351012BD3E24D07460B520CB506C85124F3E49DD
0C8D1ED1F91BFB53D55A0529A01694718D41FDC4D
32B532B6AD49AE44A3D97575971F55620D56DB1F5
11780C439E75B1DA678F0194F00000A0000DA770C
152C18E7BD3F8BE2ECD924F1920042200421EA960
32B524301D8485CE5E8E911CE906CD51F147D95DC
3275232C9C1154C93D9E5235E50D51F210F7B6688
14ACB18233F3BDD799759A07591352D0B49CEADA2
050C0F982B39EA7D9C54B39D4B0041700419BE619
44CC2A92B16936E3C7DCC651CC010430103BD85BB
33712A2AD9B2D55D4CCCE100CE06CC52194AEE199
12744D77AE97EAC8AB56B3496B0145002056E8DC5
4179601290E0A89B27CDE0BCDE060BB27129CD680
2B10DF87EEA912D2A714C3294C0B4EF13D19EE4AC
119828A63618AEE0C85DD575DD008320082ADF21A
03507C7CEF332D6E82B6BAE76B11D0C09888D3A20
42195614918118AC28CDC0B4DC068C42B13AD6E4E
05681CE97C5EBBCBE8D9855D980082A00828ED91E
070408B7324C670BB817D47D7D0000F0000EBFD59
3219261E98F108CD3898A1858A09CFD21D03C827A
07E13465275435C4885C5609C52054C1E930F013B
252E966B66F8AE5E9796C3956C68EC4A4B09F6D0A
1274665965C666418B9312D9310205D03C74D6A31
11F80893A725C95F96ECFBAECF0000E000065AF45
32592716D0E120AD2A8C10BCC1054A622123C22BF
03F0126BA817BA69969442F5440001100013C2E56
32D5253122A241826198E1AD8E09D1C1F520C9E45
35489D1993A19CF3388A40A0A401457098A8C4E0D
264639295752151D45CDD168DD1F1727364FF5511
335134492351A91D5A27553E751B55E1D8F1F0D7B
421950110F7100C62CC79060790409729164DD5FE
3588CFC2B58655F19A2BD876BD1854710CCCDF5A6
32B52C365C93919A5FCD5140D5080D320D59E25FE
45A94C5BA6A549F67ED60305601514026D67DE589
26268B72E8D69E2F909382AD3848E67966FAEBD6C
11D8010D4840CC6E1A04004C4000001000036E716
285E9A8E6C09C6A09E1383153876AF3D6BA8F3D10
41D94E3D2015EE1C6B8E5148E50A4FC29189EA9E5
24CD888B675769E7869814BD813CDD5491EBDC1D2
10FC3773A767764D91D433894300C3A01444C1AAC
33512623DA42013D4A13219532098E820122E25DD
07A020B7B9BA8B65DBDF467DF4008350082AEB905
27C27C335C02E5745A4E1150E12E9F9B7B1EF450B
43B1523E22F46A0A75D0A18D0A0C11528D83F4946
33D06699B5652E29A7AB47C6B4058A204065D5DD3
2AF2C7B735A89A78BB617626179FF7A956C5ED909
127439B3B90C0F97E19BB575BB0144B01444E99ED
152C416CEF581302AE545269450104D0205BF0913
32752A3FDBE39972604E21B0E2084C11A12EDCE22
252E8AA6AFF82E6DA8D8845D887FEFCA5F15E458D
444D58291BF199254C54E1814E0C1192A549EB989
24CE8B7B2896D5EBA09E1581E19D343A32D9EAD69
12F408C5763C6707C9DA7551A70000F0000CBF28C
415C07C7F1EA8A88C05DC6E9DC0000D00009B4EC8
3351163C21114CCE416F143EF112D48190C0C6A71
43B1567BB1F47A2AA0E585F25829DD728552F0581
2723024F9D7431906B916395169028CE1F73F0120
33F12F376461B13E5D22B2EE2B0F5431CCF8E7DAC
315D3512530058761E1D512DD5078EC208D1C06A2
352D1E4D67B4C2428C51B1B91B08CF51B146F4119
05C831F9BF5ED3F3FCDDC7B5DC01C5501448F5904
42380D932DF93E7DAC5B556DB50001600012A26AA
25898130E082D9C16651C1511C0F14C3B1B9F98E2
109C0F47199519785FD0A2C50A0000F004138CF55
052C749F75775AA2B71FE599FE0449304878EE155
08F8E7A0AFA7AE6FADDB05F5B01290911CFBF6CE2
0FBD6ABDB79B9766DE9C16B5C124D861F967FDC18
10BC139C7118CA9CC09EE65DEE0041C00416BF297
2646BBAAECEB82939C9383713866E9AA7B38F610D
11D8387F326442059F2EC77AEC0185601030CD670
43706047AA31D1746632B5632B03C9904052E25EF
30BC0523D260A4481FD971D597000060000331365
08DC31CA7BDCABAEF29F3789F30103E00C32ED104
0E86856F6E960E639959F32D9F516C78F2BDFCC33
26E67DA466F8B1E58ED664F5668269295EDBDEDB8
34AD12621F04FD7E669072A5070E0E01D53BD562D
2646768067F57DB3955C04D9C072ACA86E95EE549
413D6E0BCCE0747F21094070940489E2B548D3652
42B5562EA0B2798D5CD6C1A56C0C9322914EE7DC7
33D1091512D199133948206482028851A92DEE585
42D5571252708C9028D170D517074D929923AFE8D
089C0BBEB45C2308C99A7569A70001500012C192A
35A90F55A7264E608A11E1F91E098F21A540F80FA
42196813D44140E134CD5090D5054CC2A94ED1A35
12583D60A9E309557327E5367E01451018359EEE2
085C4BEEBF2B8F89FB653B32530407802055F64B9
062429F43B1A029AD9A9FB1A9F00C3900823A1E4B
31D9280ECED0F8A92509C06C9C0348B1ED18D025A
4199571255D06C842520B1360B09D29298F0B92B2
4199571890A200F93146D0746D048992AD7BDD632
313D2A0C8AE0D89A20846040460286820943B52C6
31D92D1210013CD22E087080870409121D3FDB228
34112A38E0F2014D5F5AC2B1AC1012C20D20E8DAC
0588A250E5055A2E7D9051C1050B0FD21566EE937
2371EE16CFB0F8BC2F4A00E8A010D005A5FCED992
111C0CB875CC034AD05934D5930001400011DB625
12B410A4B09A2AB8AE574429740001500415B6A38
348D24419DE3715555D3420D3407CC1148F0E31B1
12F406C02ECB7E82AD99257D920000D0000AA1EA5
12180CACB46C8748C1D7D4297D000100000FD765A
235231AAACB96A33A61B35B9B3BCF5BBCF2FEB18B
446D471C9831610F420FE0E4FE074E62894CEC980
125859C2B9793EF5D363A8C23A0387602457E4DD5
283E918C6EFA0AD4A59553215554AA096F09F2912
43155C1F90C208E6308840C484070A32AD6DEA5B1
250E8BEDF21D6A999B5463F54665E78916F5F414B
42595408D030306A1CD4908D49050D7284FED9A01
11D836642B870EA7A25532F95300C3A01441E3E13
0430BBC6B526EA24C12D0BD2D0155190A8ABDE1E0
083CF66AABC49DE18A61B5361B07CC108897CF996
25CA934FA2E69227845332793330DF96CA79F0934
052C17E4BDAD3F9DF9A189AA18004240041ADD5B4
43F151912EB425A9952C0952C042E0129940F4D45
439059BE36A896B5BDE006760003C8203869E45A1
2B72965FA8769E6590D352853544262952F9FC45C
03D0196E69B91A9C9353C29D3C0001400417C2626
078051C1FA8CABBAEC9CE6B9CE0387A0306CF34E5
28DE9285ABF58DFA925A0425A06B6C692ABBF9CA4
283E778EF2194EFCBB17D3B17D632E597710FD874
37A12D50E754EA458891F1E51F0B1081F55BF98D3
352D2A80E766660897177579771F13E20954F4D4A
295ACEB7F02A829FA915D41D5D8CB07C1B71F84AA
317814ABF4DB7F49CA18545D850041900417E1A29
29DA2A8370371E91AE59C4099C53A9A75695F3CC1
27629C96F0083682AD58C4498C716E0962F2E9125
291A86856DAA2EE6AE5653CD65622B091EFEFB882
346D4057EA828D7B75E9C5BE9C229A722915E599E
32F52A2359B17D114511C11D1C064CE1C911F0D96
32B52B1FD411B10C3FC9E0E09E05CA320547F2185
444D6D2C5C51ED05475851E9850E92729131D79FF
260AB0CE348C12EEBC97545175786EF9E729F6513
313D30064A9048821DC5C04C5C02C7020930E4214
31B93B1190E0DCB62A4CA0BCCA054AB22921DF62A
3219350B0B90B49820861068610347320130E2618
13F023CFFBBEDFE9EC5A7591A700C3D00C39E996E
43F15F4BA0F41DBA6C4EA1A8EA0D5022A18CF296B
12588E5028C1ACF157B6957369070D20786AC7E97
450D6C66AB83DDEC885DA405DA1C18327955F9501
05680FD7B66C6EDBC29B9599B90041800414CF5DC
42955142E06425BA680F4170F40B90429D82E55E0
42D5572697F26948474B80D4B8078D12B97CF2974
0B110F7AEAF6DE64A9D8F5918F16D2217926F8C99
23352C1DD501C9073B8B10B8B1054AF22944D5619
0FFDA4D8BC5D0BC7F39D2739D243A17361DFFFC00
33F12477E9B5B1EC8D9D6531D61D15F20137EC98F
3350DD2FDF8168E74522225A22084F0130BAC8E49
06458C5C28C259606868056A80245A32651DF6D0E
050C339DB4088EDDC19C85C9C80205B02051DAD8E
148C8D6268D5CA498F5583215804896084AAEFD61
0AF21640A1B2DD74611622056218181411AEF18FE
0A148494F4698F31CA59C4659C0388704884F54A7
13D023B4F60D0388CF980465800082F00830E41DB
23B00FDFB5ABFED3BEDA5571A50041B00418B4A4F
35482CB3F7CC6791DA9924D9920104101040E856C
433404B16C86D9A4AEAB1A7EB100010000076EE89
0A16CB957198D2C9B31723A17287F51D2798FA48F
33512912CFF10CBE2D48C0808C0388D1F52FD361E
45892E91ACF8D284AF18A5198A1D55720D60EC17E
42754F1F133190E33B8BD130BD084B723945D4E18
33152D381DB3758B5F8F1154F1080DB1F948E9DA2
11B81BAEB5FBCB4BCDDA24A5A2004210041ED9A23
32B5291E5671B910408C70C4C7054B720D3AD5A11
266695BC2F99CE7E9FD3F3753F55A688AEEEF2D24
06E4A2A9F657A298B862669E260F90E0D8D0EB553
44CD50305B81FD1549D381BD380D50728D45EBD76
089D58B7F48B531DBD55C3B15C1815D24D8CFD871
41B81178EAC78E649F5583D1580041800419C7E52
27E2AC5CA6586E83909442B9444A273966F3F1131
246E6C6DE87846659D5783A978606B3946E3F4D48
1370A795F4A6EEA0B9A486EA48094D407C9AE29D0
00000AA2AE697A68B1DC956DC90000E0000B9DF34
058854AAB64BA76FCC1753C97501C6002865EFD2D
07E23D5E66B2F94165E414C64144E3E51DACAAE2B
42396A130F0138C92C86C0686C048972C57AC9270
32D52A2DDCD1B9184797E1ED7E0ACFB1E508E25EF
26A64B4026E2A5B0735C52ADC53826A74637F90DA
43B16017D2B1B50B38C860808604CA929975E6DB7
12381964E015C9967492C3692C0041B00821972F9
435006DC72FC7299BADAD5B1AD0000D0000AA1253
415C08C5F7AA9EEBD762C9122C000120000CB6AB5
450D572FDF62959761D0D1450D0A50B29972F4140
06E4D6AFBB965AD6D3AD9A12D91A9610F4D5F88D7
24ECA1702F463298AF5B8451B8080CD0A8BFEF167
26461F52A1C595D676D452D5454AA49926BEF2548
335013D3380A1EE3D72268A2260041C00414C9248
03F0694EE85365C9795A9291A9018600305BDC9D3
09F60D68A66589DB779502BD505DAA8BDF1AEE8FB
2CAEC5912F395ACCB0D794317984714B2B48FBC62
27829AD330AAEA7DA095D4555D6BA8B8CAE3F84ED
262600239341DCFA414A9190A92414B7A27BE616D
141022C7F328A24BB7E167E61600C3600829AB251
11980CCF382A7AE8D0A0676E060041900012C968F
0D09E5A2341A6734C4D89475893520043E0FFAC58
260A6461E8A64E3D905592E5594CA81932DEF88F3
29BB2CD5759C62F0BB17746D77B0382E1BC3F88C0
15C83EF5FFFECFF7FF1E0735E0010460103AF4900
343129362311E939579FC259FC0B9261B0F3D0216
11F810736957E26F9212E2852E0001200416C966D
115C0C7BADC8269DAE59A4019A000110000FC9A63
081CC7E33E9B9F99F0E0B7EA0B0ECFD0ACCCFA4AC
32B52B2D5A323133500FB15CFB088D820539DB21A
0C6E1E70AAA451E38C5E25ADE22D9A92DD71FD452
32752C1D97A1E921420E00C4E0038A1164FDDC1F7
14105BA971C9A295A6D91425910246703066B861C
22392C1792B239243948707C870409C23558DE21A
04EC6BCD384B171DD9DD2689D20509204481E7185
42B57315D27209123589407C94040A02394CDA22C
32B413D83AFA730BDF616802160042000417DDE04
32B53F0A114088E02E0A204CA202C9D22936EF5A1
0B73FF3F1FC3117F6A53A25D3A45648A0ECFF38CE
419942259261B0D6358B9198B90B8B626148DDA39
10FC20AF322D972DC218850D880082C0082BC16D0
413D4E0C8CC0C8A52386404C64038882A162D3262
13F00AE0F36BCA94B51C463DC4000130000F9A25A
419950068A5090931D84401C4401C6C24951D8E58
31B92B08CD208C9C22077034770248021D31CE25C
1625284525823984679D8301D8139562452EEB15D
42D54E070A90809A1FC42020420247429D70EB1B6
262555352472A1CD72D751E57516D9D409BCF4D0E
043027EE3E4FFFFFF7DC368DC300C3600830E19C5
078031EABC5F87ACE6DA6561A600C3800C35D297C
4685577BAEA3F9908E6A169AA12D5E027938A923B
0C6EF67DAFD7CAC8AF9613696171306B9F67FF825
43715317D651B924408CB0A0CB048BB2193CCCA1B
127402889E96052D52D18305180000600006616B5
31D92E0FCE5118C12986B0646B0348121943D6E3C
1410DE38DEE3B9C769CEB19CEB058A812100F1D68
144C6F73AA64E9AB775DA3A1DA0287403C64ABA57
117805B4EEEC02C0A594B3AD4B0000C0000CB0EB2
33F129546433757C66971279710E5161FD2CF056E
02B422CFB8487A43BFE8580A850082C0041B95ACC
483D499CB8476F00CAA1B61A1B2A9D828175FC498
16C410CD793A42E3CD20F68E0F0042200419C817B
10FC09B8F1FA82C3C09B05B5B0000110000EC3E96
08BD5284B2E325AB96788A6B8838E091FD03F450F
25E9843EDFA208DE4462B2EA2B23DCB44962B6A23
43B1563B1E73C5965E8F1150F10ACFE2A97DEC577
083C1DA4B1491A95B85CA5B9CA004210041CC19BD
23F11F3662C36DE1711401E5400B50C20544F453B
2742626FE8A6763E8A91C2551C362157F2C4F5CEC
43D14831DDE2E97756D23191230C10B28D5BEAD89
31B8174960850DBC6BD3624D36000110041493AE1
0A15ED48622405D9725141ED1428DD571E7EFC082
33152721972154D23754217142080D41DCFFE59D5
331528241BA16D304B54017140054B9138E0EF98F
423808DEF21B7AA9B458E5858E0000A00008B6276
24ED193F5F1259385998332183121142011FEA98A
4218046BA2E6D1CE73D232952300008000089766F
05C9804063C1C11654E69402691917423504EDD6C
32B40B756607AA1B7C51425D140000A0000B9F292
27229BECF8DCD2F0CCDC7625C7B877FABF33EED2A
0548E05C638509E38453432D340A8CF12902E8976
25CA8BB46C795E45A2D7552D7585AB6936EAF5912
01B8694924C1E5165C67D4CA7D0388404458C5A9F
02D418C0395A4B2EDAA0D7520D0082A00420E0DE6
15AA12395F02E58063D1B1B91B201AC63E3AE299E
133410C5F575618F9E332A73320041A0000B6BEB9
4411541293B10CF236CB1078B1044B727553EF986
35693259E3861E227950623D060D0F51FD5AEE953
02F58F385E612891362DA38EDA1DDA52F4FE832FF
11780D56DF5515AF650E11C8E10000C00012A9AA6
352C14A1759B134ED25B4545B40042400420DD57E
34AD3045A243F9B06F94E26D4E0D1041D530EF562
3335183B1DC3C9875991A1CD1A06CBA144F7E41DB
052C35D8BC0AC747EBE47B86470386B01C4DEAD65
152D0E682F3345D886AE0796E03FA273094BF2149
13D010C16BF985CF96E0977E090000900005682AA
26A699A52F06BA189F18B41D8B742E49FEF7F58FA
38013E5AE63646378213A2A13A0C4F61992EECD55
129406DAF60CB714CD1A35E9A30000C00009C3E61
47215C71EC16CA649A18C43D8C1E57028578F450F
08014497F4467E55ADA7474E742DDD424544F74D5
12B40BCC382ABAD5D5E277BE270041800010BB64C
248E96B569591DFA951695016975E79866BBE69A4
272260D473B8E264B1DD163DD16E69A65A56FB8AD
239127611F33FD506394D3D54D138F91CD23D89F4
07C09FDDBC9DABACED1C7635C713D3112515FA0A2
348D231FD981E15A508CE0E0CE03C9F1550AF2551
09D8A091733A3F3BCB1A34DDA307CC5094BFF58AC
335070746B97A28C9A94A3214A0206503C76E2DD0
123811E2FADB872EE9E1188E110041600010D3A46
34ECF19AF2A9A2E7C95C5591C51453514D1AF88EE
32D5302B16439D5B454A40ECA4064AE22154D7E20
26250E6FECB3A9C181E2A4A62A1E19224D36EE52D
05C80EB7785BFF72E0DCF5FDCF0041800013DE95D
3315322711924CEB39091158910849A20944CA230
43715C6BE56639DE759412C54113D2C2756BE29DA
311D2E0C8FB118D82C47D0447D028882093AE022D
13B13D7AE9331D3F70A7571A752E9A525D22E2DE0
248E5CA3AB39AA469D96242D626C69A92EEBF1542
23D0F9321F51852151DBF2B1BF0CD081A4F3DEDE7
05880D65697585E3871E2465E20041800413B71B5
26A696DC329AB682AE58A5298A926FCA2313F0510
158845AAB5AB7B61D319B58D9B0246502862EE926
4275531656413CF338D040C10405CD524D2EDD9FF
30FD2B0D4CE0D08C2108C06C8C034831F51ABB2B9
25CA72A1AC779E1193D6E3E56E6C6B09CEEFF252E
048C14DB7B8D2B9CF0DF6835F6008270041EE359D
08F9D8586A63A5EF829DE395DE245CE39194FC491
2A362BB7F74B3F38CD5AD561AD6B2C171AA4FB885
15881C766F92E554893296C329008370081C96E70
41B822CC36AB1EFBCF9E96A5E900C370082DBFA84
33B12DA030D79E60A81A84A5A81A15D20150F7D22
0918DED4FBD896DBD9E92A66921D159104E4F24F2
2432765BA595EE028B96A3016A4E286912C8E5DD0
093A83D4345655B0ADF46DFF46A7F054619EE1984
12F405505E0699E5648E31E0E3000090000DAFE9D
04AC60B575EB9F3FC79824598202C7403877EAD6C
4219431317F0E5003B9300B93005CEB25528E85CD
0801795D2BB6B29E9E98533D852D6004E214F88B8
4239550ECB0108911E86206C62044832AD5BD9245
06C443C6BBE84F08DC661892610104200C2DE6959
33B12460A5546DA16F9692AD690F5181F535EA1A1
085C7AD73D9E57FFF71B6619B60549A04C90FC879
23D2ABC5AC3A460B97DA45A1A4876BB896ABF0969
183CA87CEFE7CAD1B41893E989080CD0B8D2F40EA
127409D575098699C7DFC839FC000140000EBBA73
07801FF7BE3BA355F063997E3900C3900829E6503
344D313C9BC319525710A2050A0ACD61D12BE8DA9
44114FA16D59B26C9B5603C9601B95D29189F0D68
12B415D4F99E4796E31C369DC30041C00418D6609
321930271BE2D194570D30D4D3058CC20D51EB5B6
2625294EE1A2FD4F675A3429A31D95128549D39E4
04CC1CFCFBBCB756EAA169A61600C3400827CDDD3
31792C1C121170BD2F8B20C0B2054A020929C2291
1800E1CB37B9DEB7CE62287A222417718925F48E0
444C0AABB1D87268B09BE4F1BE000130000FAF612
085EA75F6923ADA47ADF5455F54C26863A07F44D9
42B556144DA10CA42787C0B47C0609328154C8A84
08DCA8B479A8F30AD7E2A73A2A0ED090BCCBF68BA
33D1255062F566077ED20285200CCF41BD40E959D
32B5290E4FD120EB3046D04C6D028821F945E99C1
28BE8D7D6B5986B1A395338953606A09930DF0522
1020081C4E81145D1D144195440000700006167A4
125807A22D8A8E90A917644D760000F0000EAAA57
333414D6B989529FD6A6C9AA6C0082C0041CC4E03
33F12C29DA12494751CF51A4F50A4D921141DDDBC
32592B21529244FB3689C0D49C060A222946C1A9B
43B01EC97A6CF3ABEC9E074DE000C360082DE7584
052C338A30986ECBC25CE5F5CE008310082AE29B2
41B94F0749E090811A84C0244C0247127D52DC638
313D3B11CE60AC78210C10A0C10489C21D1189710
03F000554B726C3F211124F9120000200001196D6
44301BBAB57A4AB9B91C6525C60042900823B6DFC
254A9FE4716C3A779F567479677DABE9F70AEF55B
10FC0EB7370B033DDCDEC77DEC0041900013DEA33
189EE1812A545574916B8982B8E57A08BE4CEE521
14106F5CAAA576558E1652796503C99084A9E5DA4
056A3B49A361A4F25766C4DE6C436314ED89E3DC0
42196617D0A1E8DE2C49E09C9E060B02CD60E3611
43354D249A13599C530C70D4C706CD827972E99AF
43914C22D531D10B424BE128BE088C025154D3A43
44ED5C379EA3B9BC628E514CE50A4F52897CF5917
25C927726B53D9666E6A0592A01E1881ECFFE3DBE
23921E1B8FC18CD3304760C476114F96C253DE204
25CA816AA54541C68057440D74782B0A7AE6F353F
068512AA7388F2C0C95DE669DE1D9661A939F192D
254A9971E79601DA9B1CD4E1CD85B169C6CAEED6D
43155044A2E1B90F5323F37A3F17D7126513E0DCC
335026F1F7F8AA63C7689C42890103900824AEA80
05C9558FF5343A14A1B018530136A1126132F5914
23510721956174EC3F0D1134D1064A61A514DE60E
09397B736CC7429AA5D6C4056C1A15624976F78C5
17A17BA53346666CAF9FE6BDFE391E430991FA8B1
15C95E9E71E53DDDA5EA88DEA840E0B2A551EBD69
33512E5BE852D53A646794627919D8121907E61D3
3178007B29C8EA6A96D56329560000400002BEE5A
2609803C21434DCF711091E10912938351B5F4546
056827DCFC2E0BBFF15DE735DE0082F00827E0577
4275470D112094A7274E2080E2040B122915E4610
076043A577572693BFA576E65701C5F01842E1968
448D351C0F21A0D02F46F0B06F0548B23D56E6DB5
24ED231C14E22D404149409494054B328174ECD61
127437A4B249DAE1BE18F4798F0104101440DF611
248E202F9392C5053B88D1048D1BD3D896ABE1DC6
260A8ADCB1CA265AA59864ED867E6C7926E2EF958
458852816F16B272A79C653DC6028660285CDE5AA
33500FB7F3EBF719C557E4817E0041B0041ACBDEA
272265ABECF671AA8A61465A149F31A8FE7CEC95D
43355347221194D1482E44FAE42219F270F8CBE60
32752B11D0413CE330C6E0546E02C862114CE61E9
109C067F296551A48A9DD515DD0000D000098732B
41F951129500C0C7321150AD1505CE02892FD5254
4259540DCD10E8A42446F0586F03C8C2995AB3E73
144C75772AC44D947AE34546340549B05874E11A2
295A21C9F2E8BE5FB65BE5D9BE822DF7FAACF4CC4
06C40CC435DCB742C9D884A5880001500014CD975
315D1000C7B058801642C0002C010541F135EC5E3
09F6486A2DA50661999812E581422827EEA2FF03A
25AA4AC7F2498E76B1D7F4957F5AE7770E99E11A6
44CD522B5ED1FD6B5953A1613A0A10C25949F0557
07C04CEAFE2E27B6F19D3645D301C580184DEFD14
4258097627583E3884111235110000B0000EB4AA7
44CD4C59A97582638E544241441154829D8AF7D0C
2705E02CD541C505480D52CCD52291A449CEF60FD
2A35FAB3F3693E80C562076620A7B5582E9FFA46F
281DB8A9ADA96A5C96D52395522DDC047E09EBD46
07E0F462AD55965A94DC2379C2084E10D8CEED923
454955B9F44B8F0BBF1633E5631D97E2B1ABF7109
27063CA9AF38624AB35C05ADC06BEA46CA73EDD3D
146C719DB6A95B34CF9CE565CE0449104881EBD80
09D94A87B0D966F3C1DA94ADA91DD8424576F84A1
435154261651A4DD3A4F812CF809CE029D49DE5ED
10BC0A64E1E6099B7458A3F98A0000E0000C7CB42
43D14167A285B5C67690E2990E115092496DDDDE4
115C24A0B27495AA92332AE3320347001C3BB36C9
05A9A9365F31B5174CE0137E011DD7C30138EAD6C
44AD4B3BE17355B26C50215102094FB24566D01DD
11980582242B824A871523B952000090000892F17
121832541F64B5A66DD0E2650E0082700C34B3ADA
35491DACB5AC8365C8984481841513F1A94CF7CF6
444C3BA4B7E51A46B3705A6F0502C6D0183DD9DBB
4411588266A5699D7998C42D8C209672C56FE85A8
109C065662E6DE177C91120D11000090000BB92AD
1258030102601C2906C070040700000000035DB2C
31B931191411C0FE38CC10D4C1058AC1FD2DBFE6D
04AC3BB1787BAB81DF5C75E5C70104801040F0564
337105506403DDB86F567301670E0FD19D18F018C
2AB68692AD691E93A09753FD7569AB7952EBF18CC
13B07A672803E590755F74F9F704C8E05875CB22D
24312A61A74546048A13226D320BCFD1B13EE05DD
43154A24D7222527478BB0E8BB07CCF29D72DFDEB
452D1DAD362A532CD95E66A9E6249941F95CF2D1F
12B46F5AAB6371C380A3646E360409905472E75DB
26269A5DA396620E7BD09239093EA2399F00F2539
27426389EE15ADFDAA2165F216A577C9FEC9F092E
262684C332772214A6DEF5F1EF91F1D8CEA7F8501
09985C89F0483ED6BDD96541960509105890F38A4
4549504E603509C0668F01B0F00D5012A184E6DAB
43D1534F9E949D915E8F71DCF70DCF927D6EDE5F6
25E92D1F16118D2547CB8128B8090C927D6BF4D26
1609485064A6323B8212823528115352AD8EE7553
42B557321E7311885DD17161170B5112B170DD60E
0569E86CAE83CDC98FE22462223BA544D1D2E8D8C
33F1315924743D926E5A1391A11151A1B514D5DF0
25892D15D37160F736CAB088AB044AD24949EF541
252E82952BC8BA56A15603C5606269D92EF2F056B
45A95341652375F4775381A9380E13D2D188F5113
04AC23F5FE5DDFA4F51E8735E80103E00C33E5581
052C114FA4A5DE2480948299480001600418BC9F1
033432DF7CFEEFE0F25B6619B6008330082EE91B8
33B12B25189130D13A9641AD640A4EE20D09E35E9
26848468AAC5FA609996434164050A108CB2F2D31
42D55C0B4D20D8BC2845B0485B0348729D71EF1AC
344D382515F27535440AC0DCAC068B72455AD260B
34112D29D4C23D06404A911CA9078AE2294ED8A02
2685898BEDD521DBA5E628026276ABB559F1F2D30
1720F44B61F3F9AA6F5422D9420B8E01690DE3188
24AC05DA31CBBE92A4569429690000B0000AA3611
06A48368EB547DD2831E4405E401C6002851CE5E0
04EC72A7F669FB1FCA1A5469A5070C3090BCF591D
42F54C1FD191C0DF330840A884060A22956BE51B8
05488675EFF62E7EA49AD3ADAD0287B04074E7D91
45E952DAF8FDAB68D017D4857D1F9872799CF3121
32192C1F5181BCEA364810E0810609220D49E69E6
050C4AB478E9C328D95E85E5E80185801849F0D37
260A5D846656C5D39C1C5625C5916DA87A9DE998A
2646536E2A182686A21803C1805C2A88A2CBE7D5A
27E046AEF5E7CE8FBEE669E666050860305DDDD79
3199220BD140D4EB3388203C820248F20543D5A31
10FC073F9472389E3F1412ED41000070000741B9D
281E8583EE9966E7B6586449865EEA67DAC0FD07A
113C0447193284C746D5027150000060000558392
4625503B5F6355AE698ED198ED0C90129986F590E
26099E56A0B521C57A52D3612D29583449EDEFD47
4431553D5EB2712F56DAA369AA1753C26930E75BB
43D1651E8F3168A32B89E1209E098AB2A956D1A36
0644068FA8594E2B9A99853D980000B000089366D
13F01DCF791CFF77E2DC66ADC60082F00829DD9C3
4199463AA541A12D69A6331E631358322512BA2C3
0FFF8DBFB41ADAE5BC97644D7690B3ABE776FDC13
28DE989AEF1AA2B5B1D834498373AE498F04F34F3
0E66ACB736BB174AD69C25E1C299B4A95B09FFC00
0B7075A4B5368A67B2A4171E410589E04874EA928
252D288867373E1B8452735927151182316AE55AB
2686A050E066660E719062450638DF388AC3EF94A
260A9A43180395305A0F5290F5439D2912B5F3D29
19D9687430646E289BE4F5F64F295CB27D4EF78B8
0314C9451E82CD555AD2D2212D04C970C8BFE49DC
248E79B26B189A07A1D955919587EC08BAC5E71A9
146CF1772E4351B586E6D68E6D15938130D9EE17F
1294074E1BF5718C6510424104000090000C8C2FC
08F8D8B7B70ADF1ED55D35E9D310918100F9F18D6
3239370F50611CD12C891060910349321935E15F0
246DC01FD52198F63CCD6164D613D1849DCAEDD7B
252E9AC02E4ABE669E9554195568A89902EDF3538
2722AE87668785FB8191D2F91D53E469D704F6517
09988B85B0983ACFAFD6D38D6D03C8A05C95F50CB
070409CCF60B12BCC3DEA6D9EA000120000DA39A6
046C19C931B83A15A9E3F9323F004210041690A98
42B54F33DA82690344D3C1B53C0BCF824D2EE11FF
32B40F89679862138B14839D480001400416A5E4C
06089FCE373D3347C816941D69060AA084BAED158
14310845A712093C58B0C4CF0C12955160C1E3DBF
339124281C2279665350C11D0C06CDC1ED30DBA0A
087F7345DEB63A046C0F01E8F03F61BB272EE5966
2625CB1E56419CEB38CFD0F0FD10543565D4E1185
31F9391712914CEA370AA100AA068A52113AE89E2
256A77CC328AB2A5B0D824CD8237DE5425FBE51AB
15E8BA8D344A676FCDD8E41D8E088DA0BCDDFB8C2
12F48D896E172A4C9B9AD4C1AD064A50789DDEDD9
06A419D0F3BBD6C5C0DAF5D5AF0001400011C3D8A
444D4B2B5CF2A59A60CDF114DF07CE42496AF2157
2781664C9DF3FD816DD21369211B92A2D187EA132
0704A670EAC6A2689C54630146068B50C0D7EF94D
31B92B1411019CEB30084068840348F21140DFDF7
41D811E0F1CC8A77AA599575990041800415946FF
37212DA3F745B686B46B38A6B32E9D11F527F74E3
123809A82BF879F9A5208726080000E00009866F2
24320D140B110C99240520A0520A4AB4B5EDE89D7
13349C5F2A55B64B929963899605CB0094AFEC1A2
115C0D34CB0288861D8511145100005000105EF61
34CC2AB0B46B2F2AC356B4456B00C390103CDD9A5
0B51B0812C780A929A957385572098333DBCFB085
34EC1BB1772976F3D1DF665DF6004270041FDC59E
3239312A9B025D574E10615106080D81FD31EBDD0
160890B2F9F8F32BD5A1C7761C09CD1078A3F90E1
258A8E6A26E7FA4C96D6837D68642B8A1702ED16C
10DC013484D228331504F2384F000010000346769
281E1952A0B459A07093430D342FDB05721CF0D2C
450D4B5EE144E9A56550C2410C1110D29975EA17E
043081873203D9A688B108171008CCE06473D361A
27229B8A2B39C2949E5483C14869E9C9F71CF6CEF
135035A7B647AA84C3A6B8926B0205C0143EC362D
07A11F772CB455B77C22B49E2B1353E178F4EF137
131409BA6B497E108ADAB53DAB0000C0000984AE4
439021C6F8BCD761D69AA51DAA008300082CDFDAE
13500EE4F69E7324C3D71495710041B0041BC7DC7
32192E128F715CC3290850688501C6511CE0C0A96
32D52A47A1A26D2759DC7355C7125281ED0DAFE72
04EC06666AA536198F9EF479EF0000A00006C3614
28BE8AD0709A6E41A55BC5D9BCA9F2EA66F7F50FD
43515B15923174F13549408C94050AC29967E4DB1
054871B7F9E7CEC6C8A6C8566C074B30507BE9D77
2392748FE407B1CC7510F3110F67659BBB3EE11F4
256939301632411C450A9148A90588E1610FE7599
452D57E4374E533AC115B3F95B1C56E285A0F1946
09F63F361F0291655C9411E1412CDFB80666F64E5
24CDF72AD141DCD238098194981E5166663BD6DF2
350D2889ACF5E5DAA524F7564F265961E128E9991
437148259B02316F55CD10E4D1070DD2716EEE98F
311D32098E00A4C52A45F0345F0247B2154ADD24A
131414866E68DAA9A8D70371700041900419C866C
413CA46065E278E456ADC576DC09CDF0A4856CB30
10BC1ADBB2E9EE52AD9E76CDE70041F00419B9EF1
06C4C1A2F5484AD2C960E6F20E1211B0ECE3EFD39
343130572475F22D7E90D2310D0CCFD2015EE5D99
42380E962024DCDF60A478024700010000092E6F1
0430CE532632794E6A24B4C64B0B4EC0D8ACE9DB6
2B92D9365F433DB7660EF154EF33A35CA355FB87A
358800B3A6E5A13B821FD751FD000060000363DEA
22952C05CAC074A01F44001840018682294EF298A
25AA1F455C630D5B65D283B92848DCE6DE54F5121
41F95A2252C1E4FD3B08E0E48E078AD29172EB5C6
25E97B335DE25546535571F15715D5E3C991DE19F
28026FA1B0A7E64BB55EB5E5EB8E7278A6B4F1CFA
30DD41094C9094841CC9504C950308B2391FCCA8D
11B810A52CD6D5AA816255E22500418004105F722
0958B2BBBA9D83DBE5D9B4DD9B0F51A11D16FC465
12940AA96878BDD986966459660000E0000E8DACE
32F52821D781E8FE3D11712917074D22011AE55E4
33352230585210F4425191AD19098D01E116D5222
44316569E0A4A18B67D1B3191B1851E2BD7DE19BD
056831B5F6DB675CDA1B95C9B9010440103EEAD6C
23D1F09329B94655895172C51755262AA736ED184
0705794FA4B46E028151B23D1B1313A2E5A1F94CB
046CB089A935CDCC95DF8759F8088A80688BDCE01
111C13A669A67D97819C8545C800419004147B76D
2219401D923130932ACF8110F8088CC2892B61F59
0314138FECC8A27CA658A4C18A0001300011B3A8D
1350349EF3C98EF2B9D9D48D9D010420143FDF5F7
12F429A0B3E83ECFC05E86FDE80103E00C33E29CE
06250F9F77E9F768D5DE05D5E01ED871E154F68F7
135024C8F9ADC3A6E21A353DA30082F0082BE21D0
139049882DB912C2A213E2E13E00C3F0184BD59F2
135034B8F726EE3EBA6AD91EAD01C5701035AA68D
0740AFC8BBCCCFBBEB9C05D9C008CCE088BDFACB1
097A28C776789294C060871E08796CB62648FA4AB
23F12B2197021D3C494A80C0A8064C127973EA193
135012FAFD2D6B78F41FE88DFE0042100419E05B6
2C4DD98470277AB8B39A3505A343E254D219FAC54
413D560A4CA0ECB7254590345902C842A16DD1A59
35692477A94475A0825FF539FF1A5531C918EF967
415C0D3450D2A8C830C9513C95000080000F6E75D
05C82AE57BDBF33BEA616806160144500C35DB992
252DA713D03130DB3287E09C7E090CC439D5E05AB
262673A06E786A5AB6DCA625CA8EAFC856B7E456C
325816A76E6A2A7BADD88571880041800416B5683
0918BEB03859370DCC9CC509CC094DE0A8C7F7CBE
350D295EA857527F911342B1341011F21566F7509
081C238DB229F322BF57F3F57F0042100421DFD4E
048C3AAFF846366AB768F76E8F0185401036DFDBB
035019EEFDDF3BB9F3DD76CDD7004230041DD9DBF
370474A677998731CE9D452DD404C9E0548BEF50C
02B40FB6690A72218392E39D2E000100001292A8E
11D80635D2929CDA3548910C89000030000783335
172031CBBBA7EEB5CA69D98E9D034740204ADBD55
09B92BB7F5EB9B3FC31653BD652119F31DCEFA092
11F813E6339BE26AAB5C6629C600419004148B6A3
12B414E879CCDB57E41E17D5E10041F00419DEDFB
40DC0ABA30D9C255B55F971DF9000120000D95750
1238327EAB66DA4A95D72389720001600415BDE3F
09B9BD50A735023683D3C22D3C1B597449F1FA493
14EC3975EEB97F15AE9552F95500C4101849E9189
04AD111E54B1AD13438B0118B005C9D1A925F2D4D
06646AA5F5DACF66D9DBE691BE0488603C7BED156
46A5522BD8F2955F540C7174C70B8DE29D7EF5519
1589DE179311AD0B39886078860A8FF5E636E2974
152DA857273291346724F4164F2EA064097AE79A5
11780BA06F9ADACEB1D61401610000E0000DC1E70
41D93A0E4F80F4AF25CB807CB8040A324526DC23A
052C5B9C354B2774CF58240D8201C5E02461F0547
32193B0C8D50A4A62506D0546D02C7B1FD31CF62E
33B124291211E4DC3D4AC1D8AC0ACA51F539E420E
42953736A031AD0E525FA311FA0ACF513CCCE2DF5
113C073F1473B0C6365552AD55000030000234BF9
06097B806F7489CA88A5A5525A241B72693BF1536
13F1537365C4F5A47B18B4558B24D7830581F016C
15A95B255B825187590C40CCC4070E22A988FA4D1
152CC89EB3AAA31EBE16939569094DF0E8F5F2134
28BE80A170AA0ED3B857F4657F6B2C38A6E9F88B9
3335232BD852110643529241290C8D81E515E2A02
289E9EBD70DB96C1AAD4B3B94B6CEB9A4739F9CB6
28DE3B562685821E91D602F56049E788B2C7F88AA
1350E858A7F1F127617207CF201B956144BDCD24A
289DD03398F2A14153CE3204E32155B59A1FF18F8
26C64372A3E5A1A880973465736525E8268FEAD5C
287E873B5ED3A9BA68CF41A4F42E1EE95AE0F80E7
42D55414D500789B281AD14DAD0AD142B508E51EF
350C5EA7B7F86AEAC5E045C204038850386BED94C
248E8D7EA9D699DDA3A14622148931480677D11D3
280187782D7876D0A29392993920DB345E18F98C2
27C2A0AFAED8162E9B5703F17063A9B8EAD6F3D16
285E377AAAE53DEE8D192399925067E7DA86F48FD
4259500B8CB0E09B2007804878030852513AD261E
244D761E56E12CF03E10B1790B1091A3B988ED17A
2722AC7825863DE07D9283152842E0479298F3522
45694D79A8E699F17D17132D7110D1C1D933E11AF
30FD26371BC25CD33DA0B2F20B0FD1C1D8E5B5EBD
066442EC3EED37A3F19F0705F00205F0184FED527
2AB69EC3F49C471FB8D543A554692CFA2342FCC6C
437155AAAC68BA34A559453D942296F25D71B7684
27C21B44E3C42DEE7A5181B51829E0582EB8F80CE
11F80DA5B40C2F30CA58E4898E0001400012CFE29
42D552225CD12CEA3D23624E361196029D0AEADB7
10600D6C62A6E1D270118289180000F004128D6E8
081D1F5166750E3487127235270A8F219D37FB0A8
43B1591514F1D93F4249607096048B92A57FF0573
16249E8A3399D357CC1994859907CC909CC7FA4CB
12B40BB9F0CBC2BEA5D49379490000F0000FB1E5E
13511B3C1F01F0EB482203A62010D1C1A0DDDBE06
06264139DFB1E50E4EDDF2D9DF239BB45983F2D1E
13B04760E6B71A698D53931D390104301C51D760A
05E827C875D90268B4E0461A040104000C32C79C2
14ECDB3A23E37DED7792317523054C612D01F6D27
319925916A3609D0AC2278B627291781B523DDA32
27C2943F21D42DDF6E1201B9202EA16906BFE6538
43514D4317D3812F490AE164AE0A8C32716EDCA26
109C074A5914A94D4ECBE190BE000090000E8832E
4335517E29055196709CA3E1CA1895623D35EA9B1
42D54F41A111A4B844F3F6173F2499E228DE6EB1B
099AA857A61405CA7BD6F3596F58A7D94EB6FAC9D
43B14E2DDCA2314752D3E1ED3E0E9122854DF2D68
02B4198FABF8AE72A2D5E42D5E0001500416C6E6F
3549104AE375F20F71D201D520084DB1811FF2557
346D304FA542E94663DF7345F71354F21518DE1DA
0568DF5262D429AC76D5B3555B084BA0E0D2D55C1
43B15D406111BD265366D66A6D2F1962A51BEF592
039030FFFFFEE3D3FFDFC7FDFC0144700C39E51A3
09D92BAA78C7C304CEA73A6673321B21C12CFC876
35C9274B622489E97790D2350D0C8F41ED50F6516
43715914D16110DA3209108491048A025551E75B0
413D5B164E81B8D52B46708467054912B576DF22C
2665262EDCA2DD72598F914CF9084E121949CB1E2
054822CDB5FC0AE9CFDD8699D80082A00423B2228
32952A1C12F1FD08380970B09704C9D21143DB613
150C089D32BC6F4FBF1653B5650001000010CD5BC
0958FEE3B9CA42AFD1E3A8EA3A2357617119E9905
12D4C338DD8385A0634DF160DF0489E118FAE55D7
02D46D706A42FD4D78AA47EAA40508903857CA271
248D58886E933D607D3389B73843E102891EC2A61
064414C6358CE32BCD19E52D9E0041B00419C45D4
3371292C1EC2256F5CD4E1AD4E09CFE1F129EC58E
42F5751CD311D4FE39C9F0D49F074B92B170E81D8
146C5DA3F25441768CF4BB234B084B30445DB22B7
35A9258370A59660A51C3455C30D507114F1F64FE
344D2F4D614475DB70900205000C0EF20558F0552
42B55023D791B8F33B11912D190A0F42B946DFDEC
444C6B6868E6422B8C16C3396C0307805081DADD9
27A28F8C6C671E1AA49AF48DAF85720A66FCF58F9
0C6EDB83EC6676349E1B65A5B64C61F4DA00F60C7
280261D6B43BB6D5B5D754A975726B88B6EEFACB0
43714B281571A8CF36D0C18D0C0B8DE27533CFA3E
44306E3EA1E441EE738FB16CFB0186405C91E65B4
23B0B1259A51C945518E6108E60308A0E8D5E69BC
2684CE8CF2F4FE47A42B5906B523180168F3EDD46
333527195521E92A3F8A30A0A30287D128F5ECD9E
23D2956263440D746A1492CD49402137F276E95C1
25CA7EC92F7B2A72A2D6145961732A7962FCEE947
05A80CF0FCCE2788F3DFD86DFD0041B00414DD56A
09BABE48E3F379AC6D9612456138A4188E89FC47C
081CF25CEB1662949C155285550AD0517D2CF0516
44113D3DA0F2193051DCD285CD0F12D2110EF0967
346D2F376094BA0B6CCE7130E701C6C078A6F6914
0FDFFF405F0405BF65CE1184E12C5DD992F1FE434
444D55B8B1FB12CFAE5593C1591BD6929D9CEF574
099829E37CBADB34ED25AAA25A0103F0082BD593A
14CCD973301309858133872F38129410ECADE45D4
03D013C139CB836CDD5CE5C9CE0041C00417E49C2
258A4E84E9887E4BA05894818983EF2A6309F5532
2626032C5381DCC2374DD194DD21D5870A25D35ED
41793D25944140A1305471F1470D8E825914DB24E
4568FC99ECB84244985753FD750E8FC1490EEED5C
064420C738BD0774DC1A8595A80082900826E155F
346D18856B097E9A969292C1290DD031B94BE69B9
31B91F1A4E7154BB3187A0F07A058831D132DCA34
4315521A5C911D2847576105760710A2311DE55AA
4295560ED27100ED33CAA064AA040B328956EF585
28BE0D9AF1082277BB9CA579CA7FB02856BCE7141
083D41722EC57E5397DD5435D51B17E24953F9CBE
06C413852D95D61F9D1F7639F7004240041CC859A
28F998722F55AA74A26055DA0540E203F9BEF78C4
044C722A9882C95C504B9164B90103D0386DCD22A
07E07CB279F61A8FBB2C6872C60A4E10708AF74B5
048C47CFBBD80EBCD7EF0E5AF00447A01C45BAE0C
339132225A82917D52CCC0C0CC054C921D54F256E
05E83392F8248251AEB3A9573A0104300822D9201
137007872E48529CB4DCC559CC000110000DCBE08
233529125190B0B82E0CD0ACCD03087148E2D2A70
0548735C6795FA2C8856230D620206603C71E6D7E
33512E30DD33FDAF5B0ED124ED074DB2114CE99C3
11780ACA717E26D8B217F4BD7F0000F0000D9F6CC
30FD32140DE0E4821F8A0094A00448E21D1AC96AC
03701FC7F9AC6B62DB9B253DB20083700C32DA5DE
078067B3391C6FAAE59B4579B40489604C8CF5CB1
24CD372719C2A971518BA0D0BA0349113504EBD82
07600AB2710B72DEB216A4156A0000E0000EB8DA2
0E259EB6768B574ACE9935359321D8525188FE425
13B010A9B30CF332BF9703DD700041800418CC204
44ED345DE7D280FE5A33764F3721DA31ECE392EB8
411D5A07C9907C74180560345602C772A950DDA58
060AD5C06D2621798F29DA8A9DC7B216DE0DEC176
06E5FA686D952E6AA01D1421D139A3A4F1FFFA8C6
0B9261B67687E2B2C1E0766207305DB2B584F809C
313D2F1D90C130B030CB4148B407CA01F925D4E5F
043014DE7BCE4BC2EF9CB6A9CB0042600421E45B4
21F808BCB60CAB47CC57B4257B0041A0041AD2248
272273B27327924DC0E2C7462CACF6E892A5F093A
472038C0B95CA790E01A8509A80185901C54EED06
02940EA4EE9A6EB7A795D3B95D0000F0000FBF28F
12380C5362666E14734F81BCF80000D00011B5E9E
2259231F92F0DC842CD5C2015C0BCDA200F7BBEBF
435012FEFA796A23CFF04D03040041E0000E75661
087DDB331C533D93600DB160DB0B4F32A586F0CFF
12D41D6D2C97268BA2187395870042600825DA1FC
45C960386083FDED72CFE184FE0C1122A58CF650F
450D386E68C636388E1322C1321292C25178F1D31
10DC0EA36D25F1749EEF4A9EF40000D0000584722
02385E65A9930975752826DE820609B05067D5642
19D97D8F35553670B0A7E78E7E3A60F2C968FB8A1
42F55420539194EA3BCBB11CBB094C62A162E0603
2315481F4F9144AB2BCB2190B20ACA724D36E19F3
244E826926D69A19951863DD8668ABF986DAF294A
174154726FE4D6359C5EA415EA1D19F28563F2112
31D804B2A7D5850985365D5F650000E000042AF47
34113249DF829111525952E5951151A2151BB8279
037049B9F56BB725C5D834B183014490184AE55A9
243277A92D768DE69859A4819A72EC490AC2EE989
34312C6AEC585AC4ADD78375781253F1DD53F790D
06E5156EECF399C380E535225312D3B14CE3F451C
148CFA51E3C33157615EE45DEE1A9502291DC763E
07612EBC7835E235B7EC698AC625D98170FCF0143
4239522E5D62654750944189440C11428D4BE15FE
22593A0F8B20E48D20854064540387524D4EC728A
31992C14109140DD314820948203C871D52FE2E13
18BE03311C92413D521381C1381ED9D5E1FFF2D18
44AD54381F1275565B540201400F51C29158E75A9
34112A42E47485F572565215650AD0B1C528ED985
4335624225D3118766A1431A14155762612AE0DD5
221A74A42BD8AE32981463794671AC2B7F4EE95ED
425811842E6926BEB9DA1499A10001600413D41FC
32D5292197921139454CE0E0CE060C122545F257F
10600629D032B0D836891110910000400008763A3
34ACE631E0C2516B5997D1E17D070D8140E3EE16A
31992B15D2E0BC942692C0E12C05CC4204F9CEE75
25CA8274275619CD7D1823658256E858FAA2EFD64
293A7085ED26FE569FD59351595127D88EDAF6CC3
3334167D2EB7C2A6A89572E5570041E00420DD1B9
11B816837174DA16A1A4B6564B0082F00820C4A97
12D452D4F874F9CBA03ABD8BAB074A90304FC762D
43D162245AF184CA3B5D91F1D90E93828D128E700
07A2246BAFE3A9CF8E27A52A7A3A24F40196EA961
27E29267AB07CAA9A195D2F55D4627783ECCF7CE6
0740E8E1BC6D438FE79BE5E9BE1091710101F8CE1
28BE87B0B58AEF29D21B2585B2983499DB21FB8A1
27C1FB3E2012CD796953F2353F259BE5D21FF2D07
17211360EAE3498E72E684A66814D58198F1EF14D
11980B635CB6A990598CC1E4CC0000C000128C6D6
291A2A762656620A8093033D304520B77A94F2D16
12B43AA4F7E5D66EB66D98FED901C5C01436C7647
36852790B4F5AA8AC1A757D675279B21D12BF44FF
46655B3F24A33DA26B1AE295AE145662B556EB173
34310A45601399B9694FA1D4FA088CA18D27ED582
0E86CDCD79C61257C5F10CDB10A1717491C2FDC35
10FC10D9B90BA702E2A14876140041B00413BF6DE
0B12C5369F42F18D61D221CD221F5A05D220F4CC9
04AC26B436DCC37AD0590485900083300C32D9DB7
3259260A4D40A8B72805B0345B020751F940DADFE
4741A480EDE3C979752E26D2E240E3336952E7D7E
12380CAAB408427FC3236736360041D00414AB634
04AC8E5CE6C4B1E37F17838D780387A05481E85C0
2A75EDE77E1AEB5BECA3D9823D7CEC54C615FB881
08DC88D039795AC5CBE1E6DA1E068AF05888F10E7
095A10762C4936CAA715C3515C279C542E02F28E3
446D5255E3931D5F5D9B530DB51655228D3EE999C
046C8FB03567A669C525584E55080BA05884E8DA6
285EB5BDEDBA4654A417B5117B96EEFA9B1FE794F
13903CC33A689EDBD2A4B7CA4B018550143CD6E19
32B51D171271C9123888208082028771590CE0A05
32392C27D7B36D69498A90CCA9054AF2054FE3DF1
43B14C481EC495B16CCFA204FA0F50929583DCDCC
252E8D6120D525817C18144581796A8A0EC9E8991
143010886C4966A89E141319410001400417BF223
05A8AFB1775B775CD69C95FDC90D0F50C8DDF1935
262696CA6F1A4E57A39734DD73812BE976F6E956D
135042D0BBCC9F93EA9E7701E70246401C54E3DA6
062479A176E826E9C4A075D6070286F02859EA548
23366E406215C614751361F136396529FEE3EF187
24AE354158E32116488ED1E0ED2A58C79A5BE5DD7
131425C537985E9FC7E4A86A4A00C3A00828BDE68
152CDED6B9661E14C7778FFF7844DD4160EDD99BF
11F83472EC54E1A987E47576470144F014387EEE7
34ECEA4EE0030D2A5B589335890E0F4188FB9E641
0410CB93EEA73E29A0DE7615E70D8EB0CCC9E6D92
1178168D7079AADDAF97F3A57F0041D0041DD265A
323929429A823CF0449562A5560E0E61D508C525A
117807A26D9A7E91B19A5535A50000E0000BA8AAE
419960341E4215315514F1B54F0DD232A954D5E49
3258F81A1920E0E73C96C12D6C05CD2188E5E1E00
15EACB405DC4358C581211F1214022EB22DDEB972
413D4E1D96E108B03355A1355A070DA1E4F7C7A9A
05EB393355D264F8478DA1CCDA2295C66A32D3200
28DF47B8B05A3E8BA354B37D4B9A74EF87EAF98B1
211D870DC5F0A84D1203E0C03E08C7637D80CBABF
32F414DFBABCDF79E85DE735DE0041900414E3971
32380C8E2B85D1CE91983391830001200010A9A7B
32380E842B2489598DE6B5F26B0041A0041087EFB
054818F0FE2C8F92F7E2497E24028630184BEA141
2589FC209711B92245CC20E4C21053058213F4920
25C9125D61745D866C1382DD380E4F31BD2BD79B8
1370039C2A89F66EA2D754BD750000800006B3244
115C07C1B46A92C7C91E8679E80000F0000AB62B4
32592C391B434182580CF154CF088CD21956E85B8
4219530D4E70BCA927891074910449C28149D2E4B
43D1733BD352D0E84C8D2318D21C0F432994C6E7B
4351531B9502493B3F49909099054B829D76EC99F
111C06DA34FCFAD4C15A4589A40000C0000AB0ADE
452D5462E9B38D6C6CE4D4864D1DD9025524D59FC
43514B319CA28D1F4E17C21D7C0FD2828538B2271
160B9F455DE435885CCE2178E246253FA7AAEA195
46652186321411CF97ED4786D427DC01E911F64FD
13F01DB4B3FAC6F9C89C8689C8008310082AD8D90
281E676E2887563E9D1803D5805969283AB4EA13C
452C45A43449DB16CA9AC5C1AC024600245AEF132
344D51255C01CD354E91F1191F06CDF1ED25E15C5
33B13413CC6168B825C53070530387220D46BE287
0D0B3B7CEBD6D648A259346D93B3786E5B90FC05A
06C4EB3A1D927D5F5C13F2553F0BCEA1BD1BDF992
2430F32098B18932498F7134F7064BF1B519EED6F
129461666AE44DC77CDFC3E5FC0246F0345BD2E3C
327411846AEA169F93D2F2B92F0001400417B2A5A
23352C1E9181B4E83948A0DC8A070A627569E59D6
083D0C6F2BB64279A19743B5740C8F813109FACAE
43513A5FE2E315245EA004F6001D55121D15E0DFB
26E69B5426247DE97DD6D2AD6D4BA8D9C6CBF6CF8
4335561D95B1F53041CA50A8A5060C029D75F0D7A
24AD864D9EB29915569B43F9B42A5913C57BDBE07
0761EB562636CA6483D182111842263AE735E495C
139032BF76FB5F1BC89B2509B200C3E01039DA1BB
4275520D4E6104D02BC630486301C6816910DCA0F
066431F83E5AA2DDEAAA4BF2A4028600143CD017D
03701EEB3B8B2B21EE631B623100C2E00421D51F9
431555128EB124CC2CC6606C660347D1F942D8A27
0E4660CDB75BD723D0DBA655BA93B0D85EDCF8468
43F1573DE154D5EF6E9281E1280C10A23156EE579
43F14F60A4F509E48252C3152C1351922D65EB995
43D15D2D5F6369C9619141311409D102A171F2D60
33700BDE77DE5B48D19965B9960000F0000DCF9EE
03D02D4EA622D972755F3405F30083400C2AC5E37
050C19D1FB0BEF60E09E0681E00082A00423DB577
072010CB36FC5347D7DC56BDC50041A00416D4DA8
09D8CF9FF6664A68B228583A8519D52120E4F04EB
2588F6696BD4EE34935A5395A50D10B14903F5D12
35A928AEB1CB16EDAFD5539D5514D3C2056CF3528
085C97646EA412239661142211064C608C9DE693A
0BCDFA79E796E21B87934321342558E425F1FC07A
146C11F2BDFD4F95F5E108E2100041900011DA183
33913E1B13E18D073C89C0C49C058A521D4BE1DD0
450D63456802E1B7715E62C9E6159842AD4EED970
06080EC0741B7EF0CA5D36A1D3000130000FC59E0
444D52502416DA4879D0A1C50A0CD1126D7DF4534
16257C34E0C359D56CCF112CF10C12634DBAF84E3
062445E23BB9DAA9D6E97AC6970286401840B7DF5
23153F1C55B0F4AC2E1A1201A1111222E11CC763F
06A47F67EF0682A7A3992315920348F0608FEE514
425827A132B83E8AB19F4601F40082F00825B5E60
31D8754263323D5A685E03D1E003C8505872D4E56
43B15A0D0F3110E32EC6A0546A02C801F943ED991
064436DB7CCDFBC1EC9B35A1B30042900425E9D53
44315B275862312F4ACCF100CF080D828568D21EF
081CC7A6B6662258AF27E75E7E15D45110DDF1CF6
2351BE108C70EC9A2307107C71088BD4A9CDE59E2
06A59F606764BDC67EDDE509DE29DA12F56DE6576
291A89A4EE58823091990409906B6BF966CBF1113
052CD64823E4D21177D0F1B50F054B2104F4F293D
07C042A1B63B436ED118D47D8D0206402864F0CEB
31D80DDE7217E9CAA66738E273004180000E6FEBA
352C8B666886D65F8C52B2612B0348707CABEED3F
1704D476AD845DDC8A60A4B60A0E10D110D9EB55B
087CE4B0B66B8B63D35A4541A4101121150AF54F5
2BEE03EC7C4A26C6DDA709CA70C0F7F72270F50A3
45896C6AA9565A4195D7D47D7D221712B185F213C
32F52D1CD66221213ECD70D4D7058BC20932E95CA
281CD86CA7666A1989958371580D8F516517E6167
3239360D4E30E0BB28C6A0486A01C6A1750DCFA31
3259292AD3728CFF38898100980689D20941ED1B2
43B0E474AAE4A19A7A1FF445FF0E10D12CDDC6A38
254A866D2966D638889612E56152E999F6EBF7908
33352033DC81F5224D169225690C0FA1ED13EC59B
448D5E1813115D043A8880808804CAC2A179ED96F
4238477331F4BE2B97E6352E630206A02049DD1F8
13B011AE6EF98E6BAC19F5259F000100000EADA30
078162A6F5D77295B92336F63356E7847DE2F74DE
4259510F51B05C801DD810E981074EA27CF4DEA26
34312934DF73C9A7605321BD320A8FA20139E65CE
044C6B9BF64756C3C4A3F7C63F0286801C4CE9996
299A6EBE3708C2CFCE9F3661F39EB5C8EAD9F80B0
285E50B0B2A8B280C5A1478E14AAB49826A2EFD21
26A59D80AAC5E5D77F9E64A1E64AE4D5C1FDEF937
0A9445F3FD9A4B0CE5E63A566303C7702052E88CB
293B20CBF2EBFABAB9DA1599A1C8788CD379F94B2
1625FB475C92A51B5054E2C54E2B599569DFE197D
439157345DD451AB5AD0A15D0A0AD042996BDC5DF
278293952CE8C26F95D3F3053F5B29AA8B2BF80DC
0721407AEBA511C3841D141DD11D57F28157D11A5
4411524A617204D64A6493CA4919D6B2690AC4A6C
31B9281B5341D0F8384B10C8B104C9D1D124E9DF3
2A9500A97428A6CDBC5C25ADC21D1651D548EF8FE
10DC149AAF9A56CFAE576421760001400414C1AAA
03D037ACF8B826EFC8A2C6722C018550143FE49AB
42B5531914514CF138CAF098AF054BA2855CE61C6
11F813E838BDFF60D9DBD69DBD0041A00416CD242
4569608DEFF70266B8212732122A9A322150F750C
315D1C0C0C00D49E20C6304C630286F1DD24DAE38
4411522C59D2151C4D90E1950E0C8FB29D5BEC191
12D431A6B28B5B11BF5794297900C3C0103ED49F8
32192D0D0D40B4B12845B0505B0307A2254EE3A18
448D561E5501C11A4089B0B09B060B628571F5537
33F12C25DD222D7E591031090306CE220941EDD73
235292BDAB2A52248E548415486AE6F942E7E31C4
287E709B6E772231B41F3691F39C32788AABE8546
280128C3351B26F4BF17F4E97F2157A26D8DF88C3
07C0369AB2BA3F08BB1873FD870083700C37E8526
26E6053499D32566588D51E0D5245706825CF88E4
41794F1A4BD0683114D2D21D2D0F4BF278F190B36
44AD57289B52F19C598C80F4C8084E62B18AF3D3B
08F8EF88B0788ED4B8589459890C8F6104FCF24E8
42F55A19D87114E7381641156409D162D935E19ED
4179540F0D40A4801F0980789804C9C2AD40B829E
04EC6C812E678E98AD982439820489106096E9191
03D0B05921535D28619C4429C408CBB0BCAAAFEB2
3275304BE14188A33D72C51B2C1A56E1D8C8BF2A1
1760EE762E96F2A3A55542C1540B10016127F8CCE
27A2AC7BA8B90A53A118F4598F8F728BB337F251E
09D974C8FB5BFB88E2DAF521AF1615118941FD066
42953F11CF9144E02F076078760409025158E59E2
35A8E681EB6716549CD5639D560D0F114115ED968
31D93314CD011CAF2785A0885A044792254DE4A0B
33B01ED236082642CF2A1B7AA10103C008259F26B
29DA808BAE97EA70A9DC4595C495B1C996DBFA89C
4239574A226491BC719782C1781293A2554FD2A59
16642684326445DD9AEE7792E70144D00C2BCB9C2
43D156682BD55E459817B3017B1696C29D81F254F
33711F9AEDB5F1B1876325FA321FD761E91CD7E01
41B95A1C1371A50E3D08C0C08C064AB27D70E6DF7
448D5439DE93C5C5660E1154E10A8F729586F6126
25AA669FAD753D9F9BA938BA93C677A83A50F7109
10FC14B6B5A80A96C422B74E2B0042300419CB65D
133410B93169C23EBC25386E53004210041686AC1
046DEA2BDA1118A231E2527A25285E159576D7E2D
258A8161A4A6C1F781572379725DA8D972C3DE9BF
044C1AB5F7FA073EDF6037EE0300C3200827E8D57
31F92713947121003BCB0080B0038A51F133E5200
444D4C1C1891BD554C0CF0DCCF070D727D67F6D24
32B53B120FD144E52E47A0747A0388A21543D7619
11B80B6C2647BA4D8A52A2B52A0000E00010BDE6C
42F55420D94185344A4F9114F9090F12A961ED9A7
25EA7584EFD6AE4DB0DF353DF39075E9D2D9F092D
32B52C15D1F164FD3607F0847F040922194EE99AF
15C816DCBB1F2FBEEB1B8655B80042500420D7194
11780C9D2B88BA4D96952385520000F0000FB4AE9
4259542E5941B0BA385B4265B4131302B51EAD6C2
348D3543E245862F734F3178F3090EA2015CF253B
435009D2382AF6E6CF9FC6B5FC000110000CBE643
10DC0D525ED635D3648DB1B0DB000090000CB0ADC
07C050B676BA7B2DCD99E4E99E0185301C4FEB936
07E195AE7654A9A79CFABBDFAB6229930141E419E
06457684EE43595A76F589B758385E4218FEF0568
42D55725D6C3055445C9F0BC9F064BE2957BE31F0
32F5103A216198FA48A5D2EA5D0F13E1CCE2D3E3B
35E92D4325644E1A7F92E1BD2E074E11691CF7D0B
1334E7916F2501A281A87642871594213CD8CFA4F
2C2EB19E33B7E694B01B3435B386357B4B2BFF82E
43503FAD776732A6C0A788827802C6B01C47E11C5
333427E47A5721FEBDB5BE375B00C310041796291
4275540E4F80A8AD284A106CA10389A23530CFE51
32192C0B4BB0C8A82344F03C4F020681D531C567B
0998F2712AC68E6CA055B38D5B0A8DD108FAF74C0
06654971F06375A7803286CB282B5F424D14E15B5
2C8EA97D31178AB4A9D9635D9661B04A2B08F9475
0A555A9A36080EEDC29F35C9F3325F231DA4FCC6F
1000010000000000000000000000000000014DF97
04EF1616CD61009E260870EC871850F80E56EFD87
12F45FE3FC993ADEDEE98BBA98060940305FD7220
0B31AE73B00472269562F52A2F3B232415AFFAC89
156841AAB756B669BD292882920347A0244FE4D7C
343121486043C99E6D51222D120C4EF1ED46F0D5B
076229546043AD79621302893037DE678E66F6CFE
05E95EA271C7B676C0A06796062898F1ED46E9D4D
09F60172E8B3696077681816814E20F37D66F58DB
34ED2634E05251615B97020970084E0160F2E519B
2549BF4B60D401B36E4F41E4F41995D48A07F313A
12B423B5F7376692C4E639566300C3800825DAA1E
3219382B55C170C43351417D14090C920510DCA27
444C165B60F4B1866790E2490E0001300419A46A4
0645F034DAD2A153568EF1D8EF1592C3EDC4F2135
162430EB3DAF0BD1F71CE74DCE0184C01042EA53F
11D82D3A5583B1144C8FB278FB008250103577730
12582EAF38C99F38D9E167CA160104400C34ED9CA
43F1602B57C295484C0B4124B4094CD29178E8DAA
09B9F13463A289B96B1811FD812BE3076E4BFD071
05C8B771AF82F5728735F8475F125370CCA0DA5F6
44CD4F53E7A542458B12D2192D1093E2AD94F4533
1568767AF007528EA59C23F5C20449C0608EF191C
45A952305E5319B0630D610CD607CE225171F4D1A
29DA7FB5375B0B27C8194435947171098716F80AF
2609EE80E6B5B1AA8A5BE5D1BE6765C65E31EE54D
1999F1772865C60A8815A3A55A2B5A942DE4F50DD
12D4F3436271B8DE482C744AC70E51912CADDCA36
33F00997AC28FE4BB05D465DD4000110000D9EEB8
0AF09FA7B5984EC7BF9D0569D00448F0487EE550C
02D410B2316A028BB25A94BDA90000F0000CA9AD3
458950A172D485E598EB083EB0379ED2713AE298B
0D0B3A75AD07E2B2A393E29D3E2ADF45AA62FC85F
074014BEB7AD0F6DD8D9D5019D0042800826D9999
3351282215E1B90E444E11C4E106897138EEEC1B5
109C0486A6392E1B95D6E4A56E0000900007AAABE
32952726171140B03655A1F15A0C0E821107982FA
44315757E4A52A0B82D2B2992B1393229587E8D9D
099AB48629779A459B9684C568872BEA1709FB096
0AB6778B3086965E9EDD44B1D45DAAC71A62F84A3
32593E1D1592511A3C4C80C0C8050B01F92EC5A58
44AD5A33991459824B4BB110BB080C926968DE1D6
0959D76528F6726297D452F9452FDEC59A4DF34D9
26E66B8565A5D9808CA2A83A2AD8F489868AF6D08
1198574365F39DE37B97323173014580305DDEA34
32742784B334CA3DA4A6963A6900C4100C2BCF5FA
3705269A33EA232EC1D6A3956A139471E967F450E
13501DD7799E7BA2DED9D5899D0082C00829DE1BF
446C08BF304CEAEFA7148399480000F0000FB8E0F
13340AE1BAAFCFB1DE1844B5840000E0000DDBA05
28DE75B3EF87BE37B39CF67DCF89EDB7A293F1115
12380B569FE549B56F90A24D0A000090000B9F2A8
28DD5543A2C32DC173D4C2F54C1DD6C385ADFC888
064424B8F41AB6D3C91D3655D3004240041EC11C6
2706719C70799ACDAD94B3354B5DEBCA3F3CF84D4
1294074D9975295556D0228502000080000A872BD
0B311F51E75431CE7C5F1425F11313A1A109EDCFF
272238C6724A5E90ACD7A4817A786D197B00F78E8
268511CCF2390276B6DB76EDB73119C28D83ECD36
22D5DA148D1110AE2A4670B4670F0DC63A36D8A17
44315C54E263D9656455E2915E1493D2C166B425A
24EE2D7063C345116C65977A597266D585BFBB266
352D34576993F5CA799E0331E011D4F1F524DA1C8
0A15268FAC66522299DAD625AD1D53B1B52DF1CDF
06A430A5F5BB776ACE9824658200C3F01040EED32
44100EAC33282E7FC2A137CA13000140000EC2E03
248DC38F6D06860FB2E277A62798B0F73661F1954
23707051A912C5A97BE4A5324A0509E05873E6DC2
33500CAE758982EFD0E0577A050041C00415CD5F5
32B53011D0A194F130880068800348D20941D421B
370528C2F98BDB53D49AE4F9AE1B1751F164F6CE4
0CEA999EB437729DB75E3571E367EC86D26BFBC5A
348C5EAD3785CA46B16D4886D40448F02C55D9605
2AF2417C2B47867AA7173495736CE9B876D1F30E9
45886AA9BB478F26D6A8B8FA8B08CC805884F88C9
32192C1792E18CE7324B70A4B70449E1DD1FE0A17
26669985A71841FE9B9A3529A39970DA96FDEB956
25E91F883253D1C59072298322456292A534D4DF6
044C7EB2B6F9C70BD1DF96DDF9060A405087EA575
4335441B90213CBB3209711C9707C9E23946D065A
24111D2EDE2188E9426202B2200CD171A8DACAE6A
3335262FD8C301594FCC013CC0078BB1F949E31EC
0B71946EAC56AA99A7D8246D82339DD425F3F7888
4258555AEC91FD3264BAA62FAA0308C02C41C7670
2A761FEA771B2ABEB81B75C1B748A2648205FA892
1F9E31FA7F7CE380FCE3598235FFFFF9CF11FF000
07E038F0BF8DE7C2FFE1990E1901C520103EEF0FD
10DC0105C1C0D8380380D0280D000000000242309
4411577628C290EC587236B3232C1C7260FC8F2DA
250E989CADF6A9FF96DA746DA77FEFDA42E7F052E
423951188FC1ECEB2EC6B07C6B048912816CE9DD5
313D3D1152E0344A1C21815A18078EC1CCBA78B5B
06087E5F2DB52E5694DC934DC90389806089F4926
13F0D0796943614574EC2A36C21E534114BFE09FC
468557D434FBD6E3B3177459771E17027189F411A
0B5182AA79959A58B7707A9F074121723932D9541
43B00AB2347B3EF6CDDF36CDF3000150000FB661D
32594419D481F12E4009409494048A622D59DBE10
111C1855EE22D5CA8AE9D4929D0001C00410C8A80
256A8C67A5A6A1F88194F2C54F5428EA82FEE51A5
27628FE679AE4365D217848D787CB059B73AF88D5
43715B259B123974554C60C8C606CE02A181F6928
339128B9B3AA26C4B91944C194191541E155EE177
47614B36DF23E1BE638FB158FB098F424962F1121
43914560DBA340EA4994F3614F199172A946C0288
42D55B150C313CA52505306C530448029D70D023E
246D0E576853F9D77A9D8465D8195542092CF2D54
41F953090AD0988D1EC5A0405A0307E2995BDF61D
2B12727BAF775AA1B61C448DC481B41A16FFF74A8
02F40E8AABC8EE96A154D38D4D0001100012C5E5A
42395513520110C62D4C1090C1050B728140E520B
3335291D56319912404CE0ECCE064BA20D38F2581
45C906C775572A28B8294A569430DAB1B91AED937
42D5553297D214FC46CFD1F0FD0D4E025544C826C
12F4109EEF67462FAF5F268DF20041800412B1271
148CA5D9F807A64CB56788FE780E4EF090A3E8193
13B08D496114DDB067D40265400388007C9AB1E3F
11B80BCFB47B5E98C15D1659D1000130000EA471F
44ED6A51A7927D7B6AA203FE2014D501D507ED193
283EA1DB367C8B09C297A4957A91730B4765F84D1
415C004B17E5D15E4E4CB1BCCB00002000027FF12
448C05C0B4AB52F2D35E272DE20000D00009C31C9
09991D76AD670695A75663C1660B0E5108FDFAC9B
28BE5DB76FA8E253AC9A4559A47C2CA84EBAF38E0
08DD42BEF93A1F35D89F370DF330DCD27D85FA4BB
4625402E98E309584D8BB11CBB084CA26169F0165
111C1876A5637D1169E214E2210041B004128AB11
33912A3C5F63299064D0D1A90D09CE81F141F056F
29BA70CF774C5338CA99F5419F81AFF8CEF5F74B3
05A813D7F5069D8EABF75D3B75004240040F54AF6
42D5582611A1F0D233C9E13C9E0A0B029D61E2DEB
289E84AF328AA6D5B8D8C4918C81F0BA171EF3CE3
27428C7028794A8796D3D2E13D57A9AA932FFA8B5
41795A1C523120B52ECCC0E4CC07CC22A147DEA27
25CA1D36D761FCD041D432D543371A96C200E6586
1314DD5EA641FCF050F186671814932124ABC9681
129410D1F67BA2F8D55FA77DFA000120000CBA284
11F81DA233C77679BF20768A070082E00823D1262
41F95217CE1170C42BC650AC6504C7E20D48DCA2A
16E64747A34355A97518034D8049A4D7D26AF3D23
10BC20D2B37769CAAF6A8946A8000120000971374
346D3026D971890F4153516535090E62151DF315D
05480D4C5B341D55540DA1A0DA000080000B91268
42D5544B5F818CB344AC75BEC72999D298FFDFA1F
22B409B4739C3304C7DC15E1C10041700013B3E39
246E5A3FDA62E8F84957230572441FA7D624BAA50
0A15A748A023E5AF6B8FF220FF13524319A4F0D0D
283ECFB174CAD707D7DE3725E3D4FABABB32F90D3
32B520459F135D6F63131275310C4E91BD25E0DCA
13B1D33C1EF198D54224934E492B9E84A167E3DE5
42595024D621E104414CB0F8CB07CCD2855CE85E0
14CE5145DD13512D505452314523D9858DE9EB198
07A038B9FA1BA794E25C35ADC3010440103DF20FC
17A0AFB6776A4318CB5CF59DCF078BC078A7F80D2
32952C0DD0F124FA33C7504C75028891FD48EE9A6
32952C15100148DF3187107C7103C8921D4FD062F
42755B2A51F24CEE3B09014490078971ED3FDA237
146C09E3751D2EEDBE1774C9770000F0000EBCDF8
3609037DF0A5FE4AA0A235B2231956319914E798B
2314F95D1F73514F6DD815FD811C10C1B117E0DEA
46C55F85EF97F2AAB15AB491AB2159429585F8CE4
450D5176AA37FA699D9783FD781BD632757BF292A
05A82DE0FC2D1F91EA9D768DD70104000C36E2D5E
13348094AF26EE269A9BA481BA0489305C88DF1C8
043013A0F0EBF719B455639D560001600418CB632
43155B3C18B3994D4C8B3138B30A8D42C187E31F2
27E1E8359ED481EC684F2188F21AD825CA42F4103
05E9935668B391906CA2939E291D1A72D146E718A
32393C11510114BC2C8C30A0C3048A821D23C8A6E
44314C5128E2B5987F63442E341D1A32753DEA19D
28021D4063E3DA0378D03171031FDD173697FA8A8
0390442CD38194912FD1A2191A0082A018365E785
18FAF628D30214F5438AB198AB3D9B2CC73BF610D
350D256FA787E6708B1232B1230F90D1FD5FF4D18
14ED022F1972B966544C316CC305C9C15110F1D49
34EC2AF1FDA97EC3E86B4CE2B401C5000C30D81CF
297A9270E6066E0D7D10A24D0A44635A2316F48FA
08FAA92B97E2592F47CCF124CF271BDAEEE8F1D1C
1568429B2FC83E81A2593421930104701846E61A2
06841EBB759B8312D4DCF631CF0082F00828C69DD
32392910D270F4F53509B06C9B0349B20539F1D93
348D2D19D6819D36468A5090A50389F1C136E5180
31F9312196822135454A00A8A0044A21DD41E55EC
32953818D431A51D3D48E07C8E03C9C2094DF495F
0740107F6CFA4ACDA3553341530001400416C7D5E
4199451151B0C48C2254B0F14B078DF28107AC2DE
043030E93B6F97A4E319A5619A0144901446DF1AF
18014D5BA6A52DEA779652B56512D3A2655DEE14E
2BB27E5327A4A61F8114121D4139255932D3FE843
12B423F3FB083618C7B3CDEF3C01442008217CEB4
1705545CE99656809E5532F953235B5421FBFACB3
05E819C9B38C2EE7B9D74481740042000421C05B2
44CD542A9CD2C19E5C0EC124EC07CDF22554F1566
256A97BE6E589A1B965724597293701BFF41F2558
13340507C7E0242B100800588000003000053EF1C
42B40AADB1A82E0DA82496F649000140000C74E7F
33912C2818F23D434FCD913CD9078C51F53FEC9AA
23D257CD6D9715AA99A1479614AFF1685E79EA1CA
2CAE3FC8B7CC876BD819A5499A662B06E6AEFA06F
2335851C1400E4CA3210612D060E10A3C978EC9A7
26C58DD2AF89EA53A898057980411E3441FBE7536
081D7F3D9FB459DA6B8F619CF60BCFF27178F0D0D
06648DBEBA77DEEED4297B269707CAA0406EF74F4
283DFD4E9FF3C56F6495635D563E5E267E2BEA54B
148C7D9E70A946BEB898F4D18F0589A0649BEB988
048C12B2F5D9E6F4C8DCF58DCF0041F0041AD6198
0B502EE67D9AE336EAE4F93A4F0144800C32EB0B9
07600CB9F3FC1B0BBAD8347D830001300011BE582
29F5F5391D4399A15FCD5168D51715655E30F0506
0314046CAA06463299D77375770000800007C51FB
43D15664A263C9566D1A245DA21E5522754AEAD94
45495F29D912B9614ECB70F0B707CD12957CF1546
352D3A44A0F4B9D368D0C1C10C0A0E91E942F0545
11F80EBA38089ED4C8E2167A210083200825C6656
11B8091C0CA264D02585709C570000600010796E3
46455377E906C2359013C2FD3C14D3926D80F291D
26A62B591D8481806A105335053D1B06A663F1532
33B0536CAC976EAEA153C2853C0185C0346FE65CF
07A2284C624489E77891424914319E676A96FA0C2
44CD594FAA9361F8821E2319E21798F2A55AF1543
06647B88B487FB07C29D8529D80408D0447BF68FC
13B007B830697A38B2E1E7E21E000110000B8FEAA
448C099F2F1635DDAC62D6C22D000130000C96277
25E8F86967C2610260F217CB212257D198D3BFE2A
24ED931CD8914D1D44CEE0C8EE0C1314A5CFF1D32
32B5412CD60148B3395673056712CF52290EE4202
352D2E4424E33DBA7358729587101332213DE9978
25E9CD66A6F499876B5AE311AE29DDB4BDC6E696B
111C30392251C8D349F10427100083A00C1E55F78
3219364FA0865DF66BCE61A0E608CD41CD49E3602
42F5301BD52209334109509495050B227970EE1A0
34ED3E376252514F5DDBE265BE0ED3721D20E21A5
06E415BEF87D9FA3D8985479850041C0041BE0559
24112A40625375B96B5361E1360C51023551E499B
24EE8E7D64B5DDAE789383253855A4A982D6F2953
0CCADD733304FA8AAAA0344E034AAAE62634FF025
060858E53D6A5315E766499A640205B0143ECFDFF
0939DBD6F5AA3ACAC45B35E9B343211411F6F50E2
4430958CED526D246B3FFD57FF1551409478C262B
45A9606D6C2862B2991502B5501415228D8BE995C
23728774A6D782059A5A8495A85E68C75277DDE1E
44310F44A3A5B22B785181C9180A8FD1FD52E459B
358928B475C962F8C35D059DD01F58020158F84FA
0A366B873266EAABB01AB3F9AB432665FA50FDC5C
12741A94B627FEEEC22085AA08004260041DE41CC
243009D6F55CF72DC698754D870001200010CD5D3
111C11AD32EA3EC8CC9F16E1F1000120000DC8270
33D07489F13481C691A9C72E9C064AB0506EC2669
15E8C06AE956120C8619A3C99A0A8E10FCDEE318D
08021A666AC415EC8DDED619ED6C28465E26F8CBE
25A9E838DD63A5AE620DA178DA1815B55A30E856F
052C818370C31D727B77E86B7E07CC605462D81EC
24ADF3AF6E6B229CA293F3893F48A35736AFDFDC8
43D14A2696824933480A50E4A5054A31CD3CE81BF
327410ECF93AE6C5D421C8B61C0041E00415B5E7F
2A56166F6C5806C09F1492E149386286C690FC876
33912937DB14699B548C6124C6060B11A931E49BE
0609465E69E2916579AD37AAD32D5BC2210FD8DC9
46A52FD938CAC2DCDE6409B6402597A16919EA545
321807CE33CD330ABB1764A9760000C0000BC99FD
4335501992818CEC370A80E4A8078B829D62D89FB
42D5561BD3F279303C09D0A49D050AA24556E85CB
32F53723D5F134AC345541F1540ACD91E0F9AA2A5
4589565223A6E2467A4FC1C0FC0E1172A995F4127
42F55E21175110A62F9A21B1A20D1162990FC068F
27A28E40A0958E076E0FA188FA2DE079D2F8F80E4
13B12F389EB170EE46A26356261152B1D0E7E69C2
11B80B8F716A2F07BF19C4919C0001200010D6648
3588497226759DCD7A1783B9780184F02452C75D0
283E92997167A280AF9AD4D5AD87F1DA02FEF98B9
26E69CB3F3281680B31A74C9A784B169DF00F20FE
05E8D875AFC365A582F4C8DF4C139310CCA0E39C8
289FCA575D84897758CE11E4E12297062A44F1D09
10DC010EC820BC621E45107851000010000474751
33340FB5347C4732C5572439720041900419D2DDB
297A7C4DE335FE2878111219113660E8CAD2F28CC
407C0B6324C792428AD332C9330000D0000EB9EFA
26E679B734781673D2262A6A62FFBCA8EAB3F6511
13B01DC2778B6F27D89D36A9D30083100829DC5D1
34AD27275C9349AA594E80F0E8060D21F544F691A
148D4537615188FC4B660372601656924500C1283
2626013618A2DD3B4E0BF150BF1B5576B25FE757B
244E4387297779F7A45DB595DB82EF585E9BCC9EE
115C1ADB7AAB8F56E49F77F5F70082B00421E4211
22B618D0EECC72799F55444D54DB797FFFFFF2975
10FC1EBAB35CB30AB8583455830042500824BCEBF
32D5274F65D3556C699C72D5C71053A1F91ED0236
2A16819F31096294C05F05F9F0C9FD3C2341FB085
131501B67836228ACB6999BE992819D1810FEA5BF
42D55817D860B4CF379741097408D132A927E5A02
43F1552F19A2E548494EB140EB0A0E62955FF216A
150C057CA5D711E4951B25BDB20000B0000895670
26466F68E71595D18099C3A99C4FA6E7AA68EA942
283E95846B38CA869952F2D52F54687A5F35F6CFE
32B5282D5D425D4C52D1F1411F080EA21134DE1FE
06A44CC07A2C4FA5E79C263DC20387E03472F74BB
423828D9BBAC0754EB2118361100C390082CDC1EF
048C4F87B0870A9AACDBB489BB0206202859E69A1
213C06BE344CAF1BC05643CD640000B0000ACE286
33B018EEFDAEFBE1F69C76E5C7004230041EEB197
31F92E1453615CFE3889E07C9E028871750DE89CC
350D27522503797F6859E2F59E0ED181C113F096D
4761536BA98872B09853D3013D105181E156F1515
26667190A7D7B1FA80D29315295D668A9718F4D15
4315582E5DA3F1E0644DC130DC09CF62A189F2967
36C51B532825EE788E1221F922094F01953AF90D1
17A0A990F1B75A73A59BD42DBD080D00B0C0DF571
32F53033DF8194CE4227C3067C105451DCDD9F2DD
32951F22D7C219464BCB60DCB6058B31F547E81C5
4569502B14E1E90044CB91E4B90E8CB2996EEC98F
311D2D0D0F70D4B1274A406CA40349320520CE67C
12380CB1B1E7022AA8A2564625000130000CA9694
2B32BED076FCCB38C4D623F162A638DEE3FCF6896
42B557209A523164504DD0D8DD070E328569E8DA5
42D53F1B13A180F53C8B30E0B3064B223548C1E54
43F00AD77A0EE7A1E1597535970001300011D85F7
0740FA4BE69221275CEA848EA8098E90BC94B3635
31D80681249872097B51F2ED1F0000A0000B99697
12F40793EB093A529CD6E3CD6E0000C0000BA068C
448D5440E34446007811D1B91D0D1202897EF691E
23716E0509D058881DC45024450287A2E17ADD9EF
27066EA37248FAA7C29D2661D2C3787B032AEA16D
04AC0DB0341C2739C356C3E16C0001100011D1E13
12D410A4B3FB133BC9D91495910041800416DF9A0
444D5CCE71E84E2CA91CC5FDCC2698925163D69EE
15689D9FB3174A9BB8E04736040B0D208CABF155A
07044CDB7E7A7B55E92528F6520246501847ED921
42B413902BA9E2A8A2D67415670041B0041CC022B
42B55911CCE100A62506707C670508E2C56DDF620
097862D3BB5AC75CEC62896A28080B105087F68BD
32D4147CABE7D687ACD814F5810041A00419CC647
43715B235711A4F33E8FB12CFB094DF27D45E31DC
10DC375A6A62D96C8026B4866B0145401839BAAC3
26E66D5CE836FA739596A3216A57AAD9CAF3F98D0
43F1544423D38D906958A26D8A11D4828951DEDD4
07419B42E3E211285A247392471495E20902E3195
2AD2DD6D2BD8DADF9E53B2993B59ACCBEF70F60A5
28027565AB86AE829CD8233982516AB8D2CBE7D2F
421950235790ECA22FDBD1DDBD0D91927904C267A
1411FC22937180CE360C3114C31311F595F4BFA40
311D1F1C0FA070411A98C2118C094B4184B7BD2AA
06081ADEFAFE0B92E3DB25D9B20041C00418D716F
44113B18D630FCE03850E0F90E06CD122520F017D
10FC1198F078D68EAD58D3C98D0001800416C7293
11F8050005B000140B07B01C7B000030000650F37
31B92E2016E281574809F0A09F044A81FD4FE99DE
087D74B6B78ABF35D35C55ADC52CDCE2D5A7F8CA8
2624588B7715367CB1EDE85EDE054A403C61E754B
285E3A812F49D6F0B918D4218D61EC7862D7EF0EF
12D4398EB1E9C321BDD6F4016F0104301446F1D7F
448D803AE09148F549A8C4DE8C265A02CD16E51BB
335016E43D0B8356EFA2393E230042300419DBDB2
043118345852B93C584E0240E00D4D020149E5DBE
32752D209231B4DA32CB10FCB106CA722135E4DF4
47806BD13B9C1F94EBDE16D1E10589D04887F74D1
14CD683627E14D4D5D2F33BAF31A1C62790AE05C4
34104172EEF63689A1D8D3418D0105002050E85AF
05E8F185B5F3A20CA6375AD3751C9700F4BAE8988
4295521151413CF43447C0607C03C9D2856DED1A4
3569288AB06936F9B39573715712D381ED65F90F6
11D85B662464AD786D57F3397F0185002852966F3
23D12F429D33716E5E50A23D0A1190B2AD74E3DCB
11D80091A5C841B095DF3699F30000400001706D9
12B429EDBB7D7F7AE5DD1795D100C370082FD8E18
08BC1EAFF6CB7B48D119F4F99F0041F0041CD795B
2939EA4BDF04198B6A5292D929371D06BE54F6CBE
46C513425F74C1DE690E61A0E607CC419530DD58B
0AD28347A5132D796ADEF359EF38E3F5F5E9F34E7
06E439FEBF9ADB5AFDA86E4E86030610143FED537
127413D9789B7B25D89DF719DF0041B00415D3A2C
448D1754E4A2F57F68D872B5870ED191E122EDD5B
446D5753A674B1AA6C5D2351D21595924934DFDD2
0704948630C7428DAC9BF4A1BF060AD0749FF012D
06084BB275DA02F9C11E05D1E00205D01C4FCB9CA
13B07C7CAF95C6529DDD6479D603C8A04C79E09AF
45A9503A21B445E56E1261AD260CD1E28972EED5F
31B9320F4F0120BD280920809203C8C1FD26DAE49
26C57554624579F47490924D091B96041DECEE91F
048D4354A982296470E9259E921CD7D1D4FCE39C2
248E73A8E9C74D9F94A3A89A3ADB75793A85E09A0
113C0CE3B768B656C4A4F8264F0041900010AD6A0
043025BD35E5C9D5A9301A470100C3A0081F94296
43352418564158F1388FC0C8FC050BD1E113CA22B
23B289A66618FDE57D1233AD234F5FE7969BED1A2
313D2F04C950748C1B035010350145B1F13BE95FC
1624A77CED2862BFA494A3614A06CB20B4D2E8964
21D933AD69A9B61B82D21325211511E25977C8685
33F12A1353D154F4360CD09CCD048B522130F296A
31F92B0F8CA10CB62545104C510286E1ED3DBFA9A
15C8042DCD315454275042710400006000072E2B9
446CE55421D3997C6D96E3A96E0B0CD10CDFE69C4
22F53C08CCC094B127C590385902C872AD75D0261
28FA99AB317962B8AF16C3F56C6E6D29D319F78BB
31D92D12507138D73047E0647E0308A1F93CCB652
44ED50425F43C97C5F5151CD150DD0C2956BD65DD
03D0079D6AB812188F1A356DA30000F0000C8F64F
04EC3DC77A19DB32E72509FE500184B00C34E5D9A
1334FE34A38140F14CAE637AE61ADBE2B50AD9631
05A81492A8D8060D94975489750041B0041AA9A26
43B15320D6C3116747CA80CCA8070C529D7CE69CA
281CAA92B1D8F2E9B6578425780C8F511504F88BA
248D34201961551B46D2015120098F02553AF116E
3A94E28BF2897B13B7D79385790BD0212D11F7C7F
40BD471D1362893B3F0940A894060B429978C32B5
42595612D23100DD334A1078A1048AF28D5AE81D3
42D55E11D540749C291A1105A1078FC24CF6D9612
250D3942E8623969666953C695189A124D13D15D2
039027F77E1F17C2F81DF6FDDF0041F00419E69D1
03F003CCF25B868BB85BF5BDBF0000B000079BA2E
36252E241852694B4C0D1100D1074CF24D58ED931
24AC8A6AEF14A62690E1946A19068C108497EE989
11D80998737A471DC29783AD780000E0000DD9A45
237137114FB174EF2F86D05C6D03C9227D6BD5624
27058D64A85622469654932D49289B84760BFA8B0
25EA78E2B23A9E6BB0D8957D89A130EA8326F2942
052F3F552142990968A2D5CA2D7BEB57AA16DB9F2
33712E42982349325ACEC314EC134E022D55D9602
32B52C0ACD60E4C52885903859020731F13FE75DC
09F53666EC26BE9DA2D532C9530E9241D152F94AD
31F93125DFE199605C97D1817D0951720D26EC5B7
26C66C816BC79A589494E2F14E5CAB5AF32FF50E8
256A6A5F2053B13A5A96E33D6E4B61F82251EA991
28FA23BE78593AF7D560D6E60D7F7046A671FA09C
2295260ACBD0E0AC2284903049024722515BE8DCF
246D332314F20D1D44CAD138AD09CC32896FD5DDA
32592C209BD1391D4A9531395306CE81CD0CEE1A2
05C840C9F78C6B45D95B3599B302C720306BE856A
2AF240AFF3A986BFBE5DD659DD9571C872BCF54C8
17E1C9712B1766979C146305462ADD34F22EF60F7
25CA84A52E08D625B2A2E7F62ED0B87976B7EED63
42B5541D930198F23589B0A49B050A52494FECDBE
291A858A2D5776529FD6B3656B596A893AECFB49D
43515513D59124FD388DD090DD044BE22930EB5AA
12F40592E938D63B8D52E3092E0000500004ABA76
3549109230F86E99C15F363DF31BD6519D2DEC169
08BC12B6322BD2E3B056F4116F0041B0041CC8951
450D4E345ED431DF650E5128E508CF227579F7108
27C26F782944A1AFA022B66E2B83B0075A51F3118
26A60C84AC38CE86AE5974D99762A9173E93F58F1
43155B1BD3E1F9073A0B20C0B2064BB27D5AC9E38
344D4427D8E251474F4CB118CB074C52194EE8590
14101FE53DA7B6D8DCACEBB6CE0104200826E7578
31D80486AB15C1ECA22026C6020000C00007ACA74
4199601D0F90DC7C25D071E9070D8C626516CF27F
2A165D96F1197ACABCDB453DB473EDA7E2B4FA0A1
4275531DDC60FCF34599C1459C0A12F2952BCAE4D
050C12F678AECF33D59C1709C1004220041DBB9DD
2AB732C374BB16EECB5C4635C4E63DED4F8FF34EE
074154AA730B2B06B456439D641594C21972F1D03
14CC9FB637DB7B5FDCDB8569B8090D2098C4F7D0A
070508BAF48B031CCB99E5C19E22D7B22976F3912
3295290AD0606CB5290C009CC0048A12091AE45E4
2370D951A343A18B7399A46D9A0D8E2118E0DD9F5
2371F0BDF0081E2CAB5B5595B56D29C6FA77EC59C
087D8149A2631DAE701583BD581ED4E2E97EFB0A2
35A85CBC7B075AF6DF2AFD2EAF088AC03C6CF291A
22B52C080A40E8A51E04002440020672294CE21F8
15E86A732BB74293A595E3795E0388205892F0138
0AF12C7C2FF85AEBB015B3315B0CD081612BFB86A
44CD503C1E03699B62CDC15CDC0A4EB27179E8D8D
446D582C2001ED6D5916818D680C12C28D4BEFD5F
12740967A9B666309257B30D7B0000F0000EB566B
27A269872767F20D9095F4355F67E778C2C9E7975
0CAE7991B5B6FABBBBE3B6263B4B278461DCED8BF
44AD623961439DDB7210216D02098F922963F6513
35A92C4DAA15627190986291860E5391F144FA0DE
41B805C9368EA76BCA1633D9630000800007CEDF0
02F4309233A76A7DB1A0A5460A00C3B00C2DBCE70
34AC2DBD77C77E93D1A94B46940103A00824C5607
2742C867638665F67C51C3151C6A67BC074CF352A
31992E30DD419CDE429E4255E40D91F1FCF7BFA9D
13501AA8F426962DB025671E560083200822BAA5C
47052691B247069AAFDA7425A717D6320557F98BF
446CBF4925C459FF8355624556058B90D4D4DE1C9
178221A231E79629B426C8766C8F30661E1FDB18E
09B8D3CAFAD962EEDBE538BA532197F16515F2CE8
22753E2F5582AD1543CBB1B0BB0C0C225D5BCB27C
439154399F8545F7670F6158F60A0FA26570D81DC
348D2B5863A4E9DD8313D2FD3D0FD0A1D944EFD6B
444D5E1F546211293FC930C89306CB529D7BF2D5D
42B4427A6F8722A0A6D9E3B99E0104E01C4BE49DB
26C4E88928E5C1D08F5D96E5D919920154FDE15B4
087CCA7830281AFCBB5823E182068B9098C0FB0A3
2705BA4B62E42DD47450C1FD0C229A75E64CEF132
28FA88652967768F92D2623D263DE5997B0DFA0AF
45E95E47E264D1D86C1161AD160B10023159E056F
06E425DF3B6CFF82ECDDC721DC004220041BE5961
31F92B0F4E30F0C128C61044610287A20D44E5DCD
31D92D101221210538C8405C84030942094BF059A
28DE0F862926FE0FA45BE635BE6E67E66250FD885
10FC0CA8B28B72F3CB9C8671C80041600012C1EAA
07C186902F6521C3A22A98D6A95866039D88F2106
33351E305FA1ED204D5D1219D10BD1D1E4FFCCA3E
348D3B79F02359A68FEE37EEE326DAF1C501D89E4
4259532DD39278FD3BC910F891060971E53DC2E8F
256A95C22EC821F4A15FB6FDFBB032D912A6EAD75
03141BAD33A7725AC024A8F64A004180000FC2657
10BC0EA2F08AC6DFB518442D840001400013C4AF5
148C495E298552409213B26D3B0206B04882ECD47
039014902C19C291A8D633F5630041D0041EC6A1F
09791174AF13C1D78E27D68A7D299BE24931F20E6
256A85A6701AEACEAA141341415C2A09E32FF7D19
33915B251FE0F11646E3B21E3B0F16326D0AEC9A1
42396317CF21A8D52D46607C66050942BD7DD0659
04AC1BD77B3E97BAE1987499870042600425E9961
313D2A0B4AA0947E1CC5D0505D0286B1E924DC63D
107C0DE5763F171DC297D4FD7D0001400013BC6DA
17610192AA36CE2A99D6551565141021651EF1939
44ED4E5BAA953635949B3371B316D712555CF790C
17A005BD342E1341C7D8F4D58F000100000EC5934
32B52F42D7D319134A0D4210D40B4B91D530B16AC
41F95611D0A10CDD31476064760348D2254EE0609
093A0163687475E68B1AF485AF371EA455D4F5CDD
344D255CE613492B5F252476521614F1C0F2852BE
07203FD47BACD781E61E1691E10144A0103FDD94A
06C464C3BC88CB38E3A7C9D27C034770204FF40EE
05A8757A6B56F67DA75744DD74074A6088B1F2D16
248D3A321EB295324FDA3215A30BD111E90ACA1F4
27A27CA96E383606B324385E43CCF7D8DE9AE1995
32D44246A24499C66B93D1ED3D00C3E01C4AA9E8B
10DC06B72C0CA68FA616B4E16B0000A00009A3309
26458A646B42DD4866F6972B694124C3452FE5185
42395D2014D2913F414950AC95068BD2CD8ABB292
4431556F2F03B9DE95A334E233235C029155E0D88
052C1BC9789E3B8FDB5A3549A30041E0041BD0E02
42B55C331372C9003C09C16C9C0B0B52916DCCA86
26E5EF6463F539D687964481643E5D34EA09F5107
354825B3771C0774D117F4417F0042900829E8D7E
35A93E612AB2896273EBA72EBA2759C1F903D39C7
35692947225435E27750B1E50B090DF1A135F8112
1B12EB552735623984D1A1E11A40A79B974FF68BA
2A36747F2EC982F5B056938D6959AAD8DEF4FA497
1FBE6093F3DA5B4DC89A34E5A3696CE7AEBEFFC00
35492E2118D3158A4E8B00ACB004CB620954EBD5E
135005C3775B4F0BD25E668DE60000E00009CA1E9
446D543F5D04CDBF5CCCD148CD0A0E32857EEA97E
1390097EE533DD106765D64A5D000100000943B3B
26C690DD788A12DCCB1FB73DFBB135B8D2CDF0D26
46E54CAC71C60DBB8CE9376A932E9C42412BEA964
11980969E26541B16BCFE21CFE0000A0000CAC2BA
1350D043A193797F6359238192090C10E4C2DBDF8
02F41CE2BDFAF767F0E358F6350082F00421E85A0
12D4147F2BB8BA8DA918F45D8F004200041EBEE56
11980DA5320A6ED4C85D961DD9000120000EB46B5
325925088E30B4CE29C5D0245D01C771FD43E19F8
331530375BB28D1B4B5371D53709CDD1C511D7616
14ACDDBE7499E6B4B4DC45C9C414D281490FE8D7C
4569623E60F3E5BB68105171050B90C2997BE295B
4351561D16D174F83BD040F904080E529544ECD9F
46086793B117A671A65D4511D403C8604476D5181
1704AD98F0E581E492A6970A6911D160E8C2D597A
311D2A24D4D2D90D38CD7108D7060AE1D91BD4A6A
2391D718101148BD3009B0E89B1210861E17D65F5
093871ADF7E7F2E8D363085E30068A40487CEF0F6
258A8D7AEAC6D616A85EC57DEC90737966C1E4183
13D00DB570CB3EDCB9984531840001500414C324F
448CC2B37637368AC5A5E9AA5E1A1390F8DEE3199
42B559150E1158C92B06709C670588E2916CE7DD2
18F8F5C6B97782A6C768095A8020570140F9E5D3C
31B92B1B9571A8F4394E40E0E405CBB20123DF216
11B81059E1C525C37A51E2BD1E0001000413CB660
32952D11CC60E8A52705808058040782254DD062B
048C2AE93C59FAF4EDE9AD029A0346901843CA9D0
260A856B69C8C696A3973389735A2AB8FAE2F9CD8
31D85D6BA5851D8C6E5A33D5A3024620345E916F0
04AC3B83B075C2529F1E74A9E701C5D0204EDDA07
33710120D501C91746CAC108AC04C9517D1AE8DC5
4411570E8F20E4CE2D06504465034912B17AD81DA
4549487DABD8AEA09B1352D9351554729597F0D37
339011DBF5ACCB07C6196571960041900417C1E56
33911F1014E12D0F3A8CB074CB034AB1D920F017E
08DCC7ECBF5A7355F1E71AF27114D1D0B0C5FA8A3
456939612753E18675A105521020D742352AD8DFC
068536876AC64A14A2DCA6B9CA351AD2D585EF14E
32F52E15D211C50F3687C06C7C038912154FDDE13
12B444D0F95CDF75DCDA45B5A40184E0184AE21E0
113C1379EC5892969FD5E3155E0001800419CF289
31D9290F4CD10CB52705C0685C0347620541DC251
087E3C9F74F756A7CAA4F8864F8E30660637FB09D
113C0B76E545113C5AA0343603000110000B3E75C
419961088BD0C4B22384C0284C0287C2A573DFA10
27C2C6E9740A5E63B35B35B9B3B4F5CB5732F88CE
12940EEF3A67BA34C72CCA42CC00420004119C6B7
06A44063B0E2718B7A7FF8D7FF0247501831C7A0B
44AD5B34DED509FC680F3158F30B1052A585E0199
0D4A09EFFD5F37DCEB59253992F1BFFFFFFFFFC14
24CE35218FC1D4D83608815C88289449AEC9EF188
40FD540A47F0BC701703C0443C024591E127D9E6B
115C38AB71D7B6249B6025720200C3F01032CEA81
09399D63A946D26E909452AD452E1F35F657FC47B
439146265A431196550BC0E8BC058B71D946ECD99
429418F97D8FB3C9F19C2649C20042600421D91E4
113C0EAD6AFA5E459114038D4000011000129B71A
08F9874662F2A54D615D1331D11ED963616CF0D04
05A854E17E291F12E728FB068F0306B01845ECD49
085D756C2FC54A6BA21D7461D71E99727D69F88CD
22F4D95CA79305216067E4527E11137164D3C726B
2295B80E4E90A0AE2848D0848D090D74C1CCF0194
2645E5DDF9F8F6A8D6A598FA5996F2061640F2D1C
07609BC73B29DF46E3A2994A2909CC106093F5501
12D420C2B5B85E73B1E0960E090082B00821D222D
26C698D1AF5BDE7996D2E37D2E6066E9AF16FA8DA
42955F0B4E506891244A4098A405CAA2C54CE1DDE
181C66CA7B6C5F8FEFDF172DF1074B405C97F54CC
34ED434EA6C461D2741AC2F9AC1254622938EF14D
36C51C97B6067AA8BC2125CE122119D20D4BEE51E
43F0139C357A132DCB5A0445A00042300420DED99
42195415500114B72C099098990489923139CD65F
044C1BB9F1CB66E2B6982571820041D0041CCAA4C
143033BA39C9C70CD8E2D7CA2D018520143DD9DA3
33D14C20D8C1FD3F478D90D8D9058C32093BEED75
32B52A21958190CD3590D13D0D05CAD184EFB9250
1178037E9E880D8C7BD6E5696E000070000678B07
23D2897920F64196691032BD0343DE8896B7E5D9C
0AB540B4F89AEB68DC9C05C9C01A5611A146FDC52
24125DAEEE25CDC1989E059DE07CED67FA7AEB989
36651E64EA155E1E9218D3858D105221A128F4914
43D15535E6D1A55A61A722FA72161A529123E9D95
1274109B2A88AA509C15A4C55A0001300414B76B8
34CD2849E351E4F350AAC506AC1B56D1F0E9D960D
048D09569C74495D584EC218EC0BCD11E93DE7593
4411514E1EF3C95A58528229281010C28558D2E20
115C0D7CE9D73E489F1C6619C60001400010ACAF0
25EA9790AD45A9F09D5A3425A3712EC9AADDED959
335123229992315F4E8D20D8D2054C01ED3DEF97F
43340D6F6296ADCC6E106259060000D000119267D
268694866A997A75A2D734017373AD8A3312F5524
07A2DF5424F71E6287123251232E5F16DA88F7CDA
246DB4211741D530484D6128D61253350DF6F2950
0430E73F20C3F5DA71CFF1D8FF03C8C0B0C8E2DEF
11980FDFBACF67A8E058F4E58F0041B0041ADC618
12741FDC7CAEA3D3EF5BC641BC008310082BEC1B8
45694F8FF2254A10B5AAC886AC3860126549BE9FA
350C5F9EB4A882DBC8DFA6DDFA054950447AE4188
0A94F0ED3D1E07BEEC5BC681BC1C15E18D45FC06C
25E93D24D942294D4E0CF0F8CF07CDA2856CEBD7D
280013983067AE35ABA356AA350041E0041493A12
44CD544464B3E1FD8053F2213F10D412B186F6914
266696401BE37960590ED1BCED2D1BE8A2A8F2930
25C9E62C9872C1544D4B1114B112D2A5722AEFD37
05C8B2B9782846C2CE61C7761C0E8FB0B4C4E518A
2A168FBF374C9F69CF5724197271AFE9CB3EF8897
2665DD66E88692329659E4319E3E61C54216FA4C8
26668586F03A6717B215232D52576B49A325F7CE8
28FB4BC7F39BB6F4C5D9C5A19CE27CAE63C4F98B5
06C45BA47764C232A4F209AF20060A70385BEE533
252D0043E2F35182639AC2EDAC0D10818CFDE35AA
415D700B8950B47D1A83F03C3F0306F2A165D6652
150CA45E29D6528097D362793603485070A4F651A
45696419D23150D9334B80F0B8088C22C55FE41B0
31F92B2FA0D1D52A545CC209CC0C93021512D0262
12581EFEBE1FFFC9F49D06C9D00082D00826D9E38
41B961064B10445D180930409302C8D27D2786720
2259B11559C080C23B1B611DB60E1753F95ECFA49
100003A3ED6A4E70A9993515930000A00008A2F4C
24CE93882C07EA54B01C0589C093F1F98EE4F0952
115C0E8B6ECA9EEEB05793F1790001200011C56A2
33B12820991279734F0B90B4B90389D1711BF6529
119804C1ACAA460D89966421660000600004946CE
26E636716505E9D479D313193154A4798ADEF6116
252D47459C32ED4757D1B2811B15D1E3017CF1D4E
268687CAB0AC02A9A21403C9406CE9EA232EF84DC
12B64519D09080591FD5C1C55C1F15A5DD8889318
07E022C7F9DDCF9BDD192491920083100830E2D3C
05484BEE3EABAF77F12238F62302C6901C50F0936
43514B42E472452A5CE2C3722C171722591CACA9E
1275172DDAA134A736A0C2C20C0FD1D1F8E5B92BF
41D95B12CDE0A480230AF0FCAF08CAD2C143C3699
044DC243D813112E544D92B8D92854451A0DDF207
32952D2518A2C55F4D8C30DCC3064C623959E6DDB
28028A79EC27D282A0D95409956DAE199EE7F0909
32952E319B73A57F52CE412CE4074CB1F13DE85CB
26088483F03796AEADD933D193058AC084ADF690A
352D2469EA66626E92924239240A0F218D39F551E
3588B65965354A218AD413F141090B30CCD7F4509
2979E66BE9260A028A5B948DB94B2405DA1CDFD55
119828BAF6CC9B62D258D4ED8D0083300C32DEE03
148C2DADB6B8B6CDBF9FC5D5FC0104601038E459C
13D05D797084CA1499669686690408B0385FDB1D9
080040DF7DFEE7F9F4DC0615C0020630205AF18DF
448D58923149FED7BC19F44D9F1E58E27D88E0D8C
060807EBBAFF578BE1DAE589AE0000F0000CC9D54
08F9B03B5B22D5685C0D9220D91310030D9FF48DB
42195518544124CB318F70D0F7074DA2B541D563A
44100C66E5F70E1B80531289310000E00010AFA58
06240FEFFD1F33BAF0DCB675CB000130000FDC148
239241B1ED590E3AA557E4B17E7FED39B2FCE41B5
121822ABB7FCCFAEDE1A04E1A00082E0082BE75DA
435146511FD274ED5061F51A1F2396927D1BB6E94
0722EC2357A22D494B0AF0D8AF1314B6E26DE9D53
307D300D0B40CC99214490504902C6D2294CD1E87
3351299C2C886A6BA196C4956C13D161892FE01C8
315D32451DA3151E4CD7427574068B00ECBC73F35
1294013CD712A4F14B8D618CD60000300004846E1
42F55316D4318D1F4089909899050B026167F2971
444D40782C82FD62706EC656EC25DBC22506E81A4
309C0B5D617679D374D20271200000C0000D9632B
35C91D22D651B51443CD4184D4090BB1F934E4D88
072034CF39FC6F6BE59E774DE7014470103BE5D3D
23B11D2B59C1F90B4552216122088DD20121E79AB
13D0AA73E69579E17E54C34D4C0609D0A0B8EF177
3274CD25CE7224B93208517C8504C6710CE58EB03
4315532218A1D514418FE0F0FE07CE82914EE65D0
17A25C361DC3A18A5B50A1790A205B373660ECD2C
276294CAB4FD0F21C61814C98182F019BB27F30FD
106014A46998FE0D97D7B4E97B0041A004199D33D
33712A5AE305D5F27810621D060C4F31F556E59D9
3000055E1E34A1185019B36D9B0000800005447F4
2645784AA4926177655E1349E1209A937571F0D49
0644FC666CD4F6309A9D549DD50E50A118EBEA96B
444C4598F0E61E34AC22F7CA2F0346F02853E319B
13D014E03B17E6A5D6A8598A850042500416D59A6
280272A32FBA1ACEAAD4C3854C40A2A67A8DFD083
32192B2A9AE4A9D5588C20ECC205CC01F150E4DF0
087CFC7130A536639F61E52E1E1414616100F3D0B
295A8F9EF0277E4AA49DE55DDE95B3D9FAD8F48FF
25A802B464DA69B98BDB06D1B000008000056EEBC
12F40CA0F1DB06FCBAD874BD87000100000ECDDED
25CA7CA6AB2669A483DD8579D87229A7764ED91AB
42595A10D0512CE83146E0546E02C872114DE8DDF
2721074F2033596968D5A3755A0A8C6110E1EE932
2686709AB15B530FB4D753E575662CD94304F0917
133404A263AA69DC845524F5520000700006846BD
08DCAC83EF669E6BAA9E05B5E00ACD80ACBBF3CCC
246E796BA74816598D5402D1404E27299EF8ED56A
4315681C98A118D43717612D760A5182C52CE1DEF
331533506133E98E62D3224D320D8FB2013BE45CC
252E816D67B6CA278E15E32D5E5528895ADEF2543
452CAD66E9267E619694A3114A078C10DCE3E9D42
12385561A876A2649293529935018590346EE1E09
26454C4CDE02953155D863CD86141081DD11F1943
13F0B37DAE9459B28167B5927B094DE09896E45C5
348D284368E329F27C9EC2EDEC1115D20529E915B
250C2C8B30EA0B19BFD90489900104101440E2988
42955633DC81F1155618429D841413A2A146E3DF7
048C85A8F6F99314D21D25B1D2060AB06097F1958
02583296B4D72AB4B9A21646210185601841E31FA
06A485A9B83BAF9FE41C85FDC8070B706CA5F98D3
08FA592E9DC349BB628DD118DD149705EE4CFC497
26E62A38A0B29DA168D28211282C5E074E6CF84D6
054827DD3D5BFB91ECE03792030083200826F2129
33F12C43E4C275445A23533635105411C4F3EBD98
36E5289F74994F0CC79A94B9A9199681E95BFD092
274287876CF7463BAD1DA571DA96B439E6E2F112C
25C9BA64AC33EDEB95DFB439FB34227461CBED96A
339135211B42417E530E30D0E3058D121148EF17A
3219154060F319655FD6221D620B0FD1C91AD4221
125808C7F5EB9F17CD9AE551AE000110000EC9659
42395213CEA0D49824CAF0D0AF070AB2A540DDA49
43715E1F5572092E4009E0A49E05CBB2A176E21CE
05A81CE37AFB8B1FE8E2085E200042000416D6DCF
078039E3FDBD7BB1F11DF6FDDF014470103CEBD30
28FA7DC9B12AA2719F5734597368A94882C9F54EC
31792D17D3A138DB348C10ACC104CAC20D2CD423D
23D1263B23E36DDB75D591D9590A9141F13BF1567
287E8B7828D5C5DA89DB749DB77DAE39AAB7FACB4
25C9BE8DEA74CD7572E044D60448A39555D3E69BB
0720C0B476483676B860F6060F0E90A0DCD5D99B2
04EC9EB8B7E53A21C077FFFF7F1A12C09495ED178
283EC87BEBC80266AA5A3459A376F009B2F0F68D2
09F46984EE57E6B2B0D754B175034750407CED0FF
3335283B1B83F985584CA150CA074BD1D141F017B
0D4B817C6F87F2B7AE5913C59155AAD7FEB7FE429
12580D264C31884712D261DD2600001000000276B
4178179FEA9348D4613317DF31004270041234F52
11B81596F2D78E9FC3A428F2420042100416C4A74
12181F7F2D56FA5E9997C3597C0042100420D3A36
11B80B65A8D4D1B17F9CF3A9CF0000B00008966D3
42D5653719A2E140500CB148CB0A8DE2A579E0DDE
1350098225249937896928A2920000E000075A6F0
28DE5C469FE425C772509289093FDFB8AEC8FB49D
33152D369E91B8FE471C9235C90C9181F0FDECD96
25CA86476136C22A7B51720117396339B2F8F88E5
4239540B8D20C4A72386603C66030872955EDD615
34CD1386ED97D68EA5551351510F1101953CF690C
33F12058E545E22C83D18225180A4EB1A13BE919D
135025DD7ACBCB53EA2047FE040103C00C2FEB1B9
346D2F6D2EF60E87A0DCE3F9CE1716C20947F611C
44AD585DE8565E428513E2453E0E92523565EA16B
16640DC2EDEAFA4FA59AD589AD000120000F8E26D
4351826FA3B1F4AA44B98877983D5E429CEDD0674
14EC0A3F1AB39D42515061D106000090000B7BAC8
33153431A01455F36A10A1490A088F82295AF0D74
0780A0C3F81C8F78D818A4DD8A0E9091110FF5CE1
287D3F6B2AA82EAA9BD58341581B1702E9A5F290B
09B9E7CB363BF316BE97C44D7C47E4C5EE70FB48B
311D340187302C661482C0082C0145621D3EC3A96
13908F51E3F4F5E0795472B14703C860789EBDA30
33B12A2C9E12BD715294816948080EE1DD1BED17D
02D40BCAA98965AA77D7F4C97F004140041365EF6
243287B12E5615DC9E9B250DB288AFB9A2D6E05B3
43915724D5022D17468AF130AF08CBF25D64E3DE9
281ED290AE3982B7B358749D879F74EC476CFBC9F
05E8EB6C2C27C6C1A816235562058A8090BBF1941
413D4B0CCCF0A8A122C65040650287C23943E3623
074099D17C896707E02739BE73088BC05081DA9B8
2A36A5A0B2A81280A89AE441AE82735AD713F5CC3
07044BA4362BAB66D69AF509AF014520184CF151F
25692F43609479DE700F71B4F70D10728983E8974
23F1381A111198F133C78094780589E29D75CEDF5
283E9AAA32D8268EBE9C6575C67FB0385AC2FA8B5
085C13E97CBDBB8FED5ED815ED0041F00418D6532
452D1D87EF461E12951E845DE816D5F1DD2DE0DAD
44316C1992E154EF390AE104AE090C12C16CE11BA
33D0BF231AA0C8A737E0822208064C90FCA2CDA1A
2410E21F5B414D2A4913412134040B0128DBE7D9F
44313F45DCD3854C58512225120F4FD26D59CE610
43354F1F13A194EA3D0BC114BC08CC52915FF098B
3350196567F7CA749413F2BD3F0041E00422CA23E
072054AA779B8B8AD758B4858B0246902C6AF4CE6
25EA90982CC7B638A158E4898E772D1956DFF0936
26466F89AEB8EEB5B2D8D4318D5B2A27B2B1F4923
2666CF78EAD5EDE6919E5511E59DB52B1AE1DFD9A
289E46DB78CC4F2BCF1A6541A6913399DB23F64D1
33912B2B1AD2656A534D10F8D1048AA1791AF0183
27A23318CE315CB1294780B0781350B83A76D3DB6
33712A241A8191214593513D3507CE72091FED5A2
450D51722BF5E62997DE5529E52459828161EC18A
32952A14CE4148C12B864078640387D20D47E5A08
33700BB16CA9862A8ED74441740000E0000D8A607
35A92FABB6485ABEC11E955DE91F19021157F191A
348D373E1E23A1865CCED170ED08CDA2054ADF19A
06E4B18E33080EC7B59DF519DF0A4E30B4C5F80F9
415C0D5D1A650144504FE268FE0000A0000D6DF47
437160215A2148EE3F56D1696D0C1202CD3BD95CB
327406CFB119520BAC23C9763C000100000A75AC6
07C1448FF4867E9CBBA2A64E2A265B623152F54F2
2626B86DA708565993D4C32D4C5928D9CB02F5CFB
246D472997F1D90546CF9168F90A4E22654BD95FF
476154913386FE9DB51E54D1E5225B228D77F74E7
41F9521A9360A0952914B1614B0B8F12B11CD5631
12B4975423D435A4705633016305098098A9DE1FE
13D0A851A52451E47BD4025D400489C0A8BCEADB5
09DA3A4D21A4C1EC7751629916385E977E95FA887
33F12A379EC3396A5AD4F1F54F0B4FC1ED26D3229
06E61F696983595B71AAD6A2AD6B6BA5D1C0F1126
3275362C20D16CF44965C28A5C0E54B1F4ECBBE95
42F5570E49A0FC891B0440544403C7129961DFA2D
119815DC7C6D5F8EF4A09882090042200419D8A49
0998ADAFF7C57614B6343D13431ED5A0DCB8E2928
311D2C201431FCF5380AC0B8AC04CA31FD34A4AE8
11D8049026BABA4D8AD22325220000700007B563B
113C16ECFACA92CDDC268A26680082A0041BC4A75
22D54A2956E194E24212A25D2A13D0A2E154D7E42
43913F3319C208D23B58F25D8F0FD0D24910A8EB6
1430389B3469EB12C3DB1515B10144B01445E799A
2411591F1440F4B233116179160B0DF27D2DD71EE
0998D9A7B66B7B74CC16B39D6B098E80F0FEFD06B
248E8E872A77DE419694D3454D5CE969EF0CED56D
04CC46C07B18B6EED3A7896A780286801845EA56D
44ED623A631395D16FD5820958109452C574F88F7
29F6DDC335DB970EC55934A993AB792D139BFC874
4609584765F41A1E8251B1D11B0E52D2A590FA0CB
43140FB1F85ACB3ED55D4585D4000130000FD8DBF
350D2F2B5E41A5344F96E1AD6E09D001F516E718B
14EC47B175FBCF2FD29C959DC9030770306AC45C0
448D5A311DD2D5815E0FF180FF0C1052A977EE553
289E0BCAF255D16DA1FE5FFFE5FFFFF70DE9EBD41
03F04272E8B70A448AD1E2691E0082C01039D7623
31B811E777BECF51D0988541880001400013CFE31
2645F02754C2250D428A9128A91411A5821DB4E14
246DEF218DF13C86274A3154A31AD0A68A09CA217
03F005B96D49420790980411800000B000098B619
41D80AC9F74B6B07DEE0B8A60B0041600010C2A60
0685745527C3295061A9F4DE9F259C52BD27E5D7E
00DC0EE7F5CCA2DEC9DC8639C80041800414B3EE7
31D810ECB4599A4FB5DD06A9D00041600011ADA9A
156B003F18B351013ED0F1C50F379E0A8E9657353
135011762D2802A9A5D5D3155D0001000010DBDB8
24CD31435B13294E5A4EE22CEE0F4EC26566E619B
26E47E8171E7CAE8B519E3D19E050A9078A6F78ED
14AC0AC3362BB311D9E057F605000140000EC05E4
42F555189281E9153908309483054A528973E4DE2
446D50375CE325835B0E114CE10A0E927570F393F
464425D5FC0A5F30EB66DB926D0144500C2ED9567
12B42CA530C9CEA8B1D83471830083100C31DE1F1
3548F2C433F7AE36C168DB0A8D2255D120E9EA186
348D233FA15491EF75118215180C0F91F94FF3140
085D7EE0F6FC230CCB599591992759828996F68C1
45A959612B060A6F9A96C2E96C109371FD55F98DE
25A97B3D5853754C4D4B91A4B914D0A42DE1E7972
293A8D50A204E1DE7610D2250D38A0D8FED9F2CE3
3335332BDCB2050D4659A1D19A0B10C20509E5DCC
31B936169251910B3BC8C08C8C0409B2114EE1232
283DFE8D2D181A5E94D6E36D6E3BA1F61A51EB50C
28F99B4B1E13D9846C5102C9101ED503D5CEF60E4
078202A5EFAB22D0A9145381452E9D04AE2CF98B4
33F1282994A2FD3641C991109905C971BD34E85CA
0664859432CA3B42C51814A1810589E068A3F74E5
0625332FDB10E899392894AE891210E15CB4BBE56
32D52B2014B1A4F13CCC211CC2078B62213DCAE2D
31D9163FA024F9E26B5201F5200C50021D51E59FD
1060027BDFF67D5D5B144339440000600005A7AB1
34CD25355B2224F1445551D5550B0F120515CB22A
26C63849A16549D67152A21D2A3360B83AA0EE541
450D4C4BE6833D6D62A2E38E2E195852812AEFD71
30FD2A0B8DB120D32945C0405C028792154AE720C
23D08350A7131DA6795AE381AE038850587DE3DD4
26A692832CDA4ED4A2D3E2F53E4966A8AAF2F3D06
283D1880EE34A9C382E1F4821F1A57A21128ECD1A
05E82FD2BB8C9F80E7DE572DE50104300C37DE177
3275330DCD009C7D1E89706897034851FD13D824D
43F15045E393B1DC7812D1DD2D0C91724162F295C
189DA8792B24A1BF811F64E1F63CE10471BCEB560
13901FEB7BED9F55E8DF4771F400C370082CCB9E8
4259600FCFE15CDD2D87C0587C03C9929164D461F
41F951104E9120C72A86E05C6E040952B972CC267
11782CC0F919CF2CD39EB645EB00C3800C2EE89EC
12380670E7E7DA47999743A9740000800006B9E33
0274254F61A2FD33669C5405C500425008207FB31
0A369EC174DA52D1B258E43D8E5869375EA1FA09A
24CEB0512743C9D381983291833A2617CE7BD75DC
27A2798B2979625D8891E2AD1E4924497300F50F3
113C0A5ADD24251E5397E3797E0000B000094FF51
32B52F1111E154FC3487E0507E02C902154BD85FB
40FC03B4ADFBA286B0597539970000800006A4AB5
27E13497B03952C7B959B4C19B23D992AD95F3CF1
43514D1FD5E21930430A00A4A0050B12495FEDD90
3259312F154204D23F0F01D0F00A4BF1E920962E7
344D2865E96441F28299A3399A1213B1F938F1163
44AD3224D901E12D4ACDD100DD070D02354BEE57A
03B0584D24B32D7D6D5D93C5D90206503057DA9F4
4371571B90D1A8ED34C7C0DC7C06C9925D62E91CA
4568C1622B452E0488DEB429EB0B0F30F0CFE5975
111C099C7006F616B323773A370000D00007A069E
30DD30098830503D0FC7B0687B0347021503A330E
446D4D3F5DB3957F5A8F7198F70B8F026562EED69
285E1D1A518158EF378830D0831210C6BE5BF54D4
32D537189191F9093607F0907F0449422953D6E11
42B5570C4D70D4C028C5B0405B0308729D72E89C7
058811C0B72D2F5BD318C4DD8C0001500013DBD7C
344C88BA3974FA1DB677CDBB7C0FCFB06C7DEC19C
03B007D6B46E6311BD96D4596D0000700005B466B
23F2937E6484E15A805FF64DFFAA7149B68EEE587
43706170AB240D697426C5326C0388403C5A9A6B4
34CC2CBDFAA862D2D3A899068901C5601037D91B6
43914F1C17E1D11F400F20C4F2068E028D4FED57F
12581CEB7C293ED7DDE669BE6600C3400822D9E0D
2CCA9E94F1D9C2F1B71703A57070F08AE74CFA885
0608349CB4684ACCC6DE35F5E30144F01443E1D82
28BE59A76E577607ABE287FE28BDF4D89690F6CCA
23701F7228C6E24E9514F4014F0082A00C2FCCA36
244D5236A481A5755EE072AE07159872CD3FF4946
12181BB1B16A92ABBE1AF5D5AF0082800824C226F
443154305B033D84558BE0F4BE074D026171EED7E
0979645623B509FD7D9162751608CC71390CF84AB
0C4E13D4FBFB2750E660D7DE0D3EE082E1A5FD45D
06A42A7AB0785AF9B658B3E98B0082C0082BF1929
254A708AE6A4D9558868EA668EEAB5283239F0D52
113C0D759A26553E58CF4388F40000B0000F88B34
027414DA3ACF03B9E41A4545A40041B00418DC5D3
0644476CAB8632559698B3898B0104301843D99CF
41D828EEBC7C5B47E65FE769FE00C370082BDD605
3720A4ECFD7F7BE8F01A559DA50A0DB0A4D4F74B7
046C085CA3A62E1A7CD10249100000C0000EB521B
15491AAAB628A2D5BBDEB5C5EB1D5751D13FF690E
43B14E4D1F14417A595091BD090CCFB2755FEE97D
415D4E02C8C0447E1783F0103F01C6C2A95FD764A
12182491F087A2A4B59B3559B300C3A00C34DD207
4239550ECF316CE62DC6C05C6C040952A975E1DFC
24AD451BCF71D0D9304720B4720689B2B57ACF616
25EA7CABB31B0AE8CB9CC635CCA0342942F4EA556
28BE7A7FB047A2BBB419C3D19C7B747B6741FC098
0761A97E3192F98E7BF8B8178B4867633D39ED556
048C1AEC39DD7B31D75D9725D90082B00823D95C3
06E5408EB6040204A233991F3937E1523921F60E6
34CD2936E232D5BA6E1431C9430A5061F13BF054E
344CD161E686C65086522289220509A0ACC8E31B6
3179310788B0AC861A83402C340205E22149C0EB3
27834FB0304BBAD4B4D7048570DD3D1FFFFFEA96B
33D13021D981C9474F4E510CE5070D121945ECDA3
16A41ED1FA0F73B4E45AC5B9AC0042400420D2DAA
44313B23569235384B4B00F4B0074C32616BD4600
06A565445E62D12456183339832D1AC4E5BED4DC1
31D9292A55614C9730180251800DCEB208F5D5661
3391282DDD44ADF2620DA110DA060C81C942F6139
43348A8EAE64355F7A3038A7030A4CE06C7593AC0
33913835E781AD87646692CE691117D21D0BF157A
156A015AA244F98A6456B2C56B305DE6060EE61AD
32746772E474A13164A3259E3203C7703C593D75C
41982B93ACC6FE419A9884618800C3400C34D265D
4335653417A228F140CFE194FE0CCEB2A953DC614
2B1214E539B956D1D1E0D7E20D796BE58E39FB873
350CC884AC84456D7E299756991150E0DCB0C4209
12582A85B0C8C2E5B014D2B94D004280082DE7DE7
323931130F3130CB2D06A0606A0308221148E69E5
4351560BCD40E0C227057044570246E1D535E8DAD
07E0A76BEEC79EE6AC1602D1600308906099F9CA5
117811D9BBC9F329E3E6DC2E6D0042200415D1E49
12B40878D593346F4365B9DE5B0000800003117B8
3371112C9962E54B4E0E2138E206CBE1C92BEA9B1
07E184646B554E218A197315971A98C3058BF44E4
350CF7BE74B85655AA622706221A54B15902D61BE
2A1680752AE752809C9452F1455168C9A70EFA093
078027BC7736DA62C42638B6630103E00829CC195
444D691A924154DB344AF0E0AF088C52F571D2E07
285EEB501DD4D9976810026D005CA56D275DEF950
148CF1435F33C96A5CD4D2454D0A4E318D09D7DFB
33B12E892B188A6B94D2C2C52C1091D2116AE59C4
27427FCE3109D26DB11A1615A191EDB89ECDFA8C2
13712252E87211135AB6A6D36A1F9931A8CED2E45
113C087466860DA16E1A03A1A0000090000668B19
250CBD68AA54B1F9899AC419AC0509907091F3933
0AF1AD9CB5A81AE1C99FE699FE2519B20554F80AC
24EE212B16B2692F4D4BC168BC159254FA0AE9186
07A00DC9B36BAEB9B65934B9930000E0000CAD5BF
117816D9F9BD8B6BD698E4998E0041900417DD21C
03346F58A694FDCD75D9F3199F024710446DB3E36
06843EC63AACA794DFDB8551B80144C01445EF8FB
11B804735DA5411F505503395000005000044CF4E
06243DDD3D1C77A1F3E078520702C6C02056F0523
43D14D51ECB27DBF7C26E3DA6E1B1B827933EA984
47055EAFB6699EF4C65B64E5B621D9E27586F9CCA
22F5AC170D9168B92E0720C8720ACBC415CBCAA58
4275493D59730535520D21C4D20D4DE2816FCC664
2722935CE45429A375D3628D3648A4F9D2DFF94CD
23D107396102E59463954211540BD061F52EEB986
04CC57D27C28F316E1A80BE6800689803465F1533
28BE899267B701D0905BA605BA85AAA7F67EF78CC
113C05B0260855927E9885258800009000076C734
25AA7297A97695BF9520777207BBF2591E93EA18F
13F14525DBE2457E56CEC0FCEC06CDD22950ED19F
248D21499EC2D542605672F5671211721D34DCDD5
06E478D43C6D73B9EA1B6565B6058A605C9AF90BC
33D1264BE702153B5FABC496BC179771D0EBE1DDE
02D55C5B20556DBB6C4F6244F6109012797BDEA02
33901C7B2A784A6691D512E5510042100825AE22C
32593513CB81489821861098610447520D36D8A45
06E46FA07A153E72BB741B4B41094CD04C6CEAD51
431540436213014858D9A22D9A10D4529D43D4615
32B52B299972A11F4311813918078D41F51DD4E13
2626973A9E330D7D5E8ED148ED225C68A6B4F78E4
1314BD5A2532F94A65E58572580D4F10E0ACE05ED
36252F562C445240945992B9990FD4A20549F84D9
054826E8BEAD87CCF8DF67E5F60104400C37F0132
189F052BD823AD884E4B2114B22A5C5C6749EAD38
227412F3FCEDE7A1EF1DE801DE004210041BDE216
2A566EA93299CAD4C15B3619B378EB971A95FC084
287E7D94ACBA7A98A116F42D6F762CAA030AEDD40
115C0897325B2725BED703D1700000F0000ED1254
26A65EA8733C2F30B715B37D5B59AAB9030BF80ED
333549289C12C593594D40ECD4064CE20D53F3169
031418907036B226A361264612004270041D9F29D
417954044A208C9E1D83F00C3F0186C27160E2214
42955A0ACED0E4D32B06C0346C02C942B974E19FB
4350F834DA53115D55CD0150D0070B81B533D95E7
4218287C72D45A1E9FEBC77ABC0104400C28DAA49
28BE719C71374662A69A5451A586730B071BF8CBA
333466A374E91AE4C3DCF56DCF04C9605085EAD78
3239291A13D179003E4A00CCA0058A521148EB5CA
1624728E7555163CAAEA5726A5058AA0486CF0513
30FC1399DEB7515077D7C6F17C00415004146DB84
13910533DA71C8D23E98321983098DB184E3CF640
42D5581A936341593D08A08C8A050AA28173DF1D1
448D4E552A64DA3A8CD9D2D19D14D7028D6CF2546
07415932DCE36DA65D8CE110CE088E52857FF1132
25C9271A150160F23B4CC0B8CC08CEF38D93E2170
323814B02DCB8E85AD18951D890041600415A0AAC
2686987E6DC79A70B29C14ADC180F2E9CEF0D7DA5
26E63D4560F596056A8F5180F52C9FC9C6F3F90E4
241123421D04319E5A8D7158D7080CB1F54AF3145
366524A0B4F50602A6EC57A2C5251B41C10FEA954
052C2BE77D3FA7E7EEDA6569A6004210041EE553C
42B55A221AF22D6B524EA0F4EA084F12AD72F396D
14ADC13E91F23CB4398D531CD53112D57DEEE31CE
32D524A1E626799072D7950D791C5241FD36C328C
258A8094A9282A279996C4C16C802AE99AF1F6904
260A703052027CEE3B09719C972493178675EC57B
13700B82A384E91053DCC3D9CC0000D000093AAD9
1294179B746B2F52C7D733A5730042200423DFDF2
27A0F58FAF8565F093E3B6B23B1C55A18503F64FB
0B31B65AA7F5EA568ED2C2652C1555530DB3FC868
2802957F28C9B66B9DD643C5645967E85AC8F6CF7
41F94E108E8158D92DC6A0846A04C902856CE99DD
4589667F2C34FDEFA1A1B60E1B271A92514FF1553
0FFFFF843039A2F0B49893D9895BEBF86AD5FD024
152D0E46A0E4A1E36F0F91FCF9094D019531ED15B
32391F27D7A1C901418E4110E4068BF1F129E85D4
33B12C361AC3CD7E53CBD10CBD06CBF20553ED17E
2645F6B5EFD94E3EAB9D86D9D8896C573674E29AC
0BCDF4702B36AA7A9D15437154269A93EDECFD85A
14CC1AC8774CBB45CC57E43D7E0042400423DC174
3390D3C5B39B06C7B558C4ED8C0E8F910CFEE89B4
12B59015D03114CD2EC980E8980ACC839D99E9DC7
26467C351592B10A498C61BCC63099695EBCEED58
348D0D7AED9856B9AD9783F178131301B544F78F6
2350CB205B01352B4A14E1894E058BB130DAE91B3
115C089F6E255574976D38AAD3004170000B5C6BC
44315B8E6D479A56AC9AB53DAB271972A987F1146
14ACA2552733F9B0785C0365C0074C80C4B8D65B7
04ED9046DFF44DC07190422904191533F5E1E9D78
