70000000000180000038000003800000380000030000006000000E000001C0000018000003000000300000070000006000000E000000C00000180000018000003FFC0001FFFC000003800000000000000000000000000000000000000000000000000
200000000000000000000000000000000000003E0000FFFF003FFFF003C0070000007000000F000001E000001C000003C0000038000007800000F000000E000001C000001C00000183000038700001FF00001FE00000F000000000000000000000000
10000000000000000000000000000000180000018000003800000300000030000007000000600000060000006000000C000000C000000C000001800000180000018000001000000300000030000002000000200000000000000000000000000000000
000000000000000000000000000000003800000FE00003FF0000FFF0000FF38001F838001F038003C03800380380078030003807000380F0001C3F0000E7E0000FFE00007FC00001F800000F000000E000000E0000000000000000000000000000000
40000000000000000000000010000003000000700000060000007000000600000070000007FF00007C380006018000E018000E018000C018001C0300018030001806000100C000100C000180800000080000000000000000000000000000000000000
100000000000000000000000010000003800000380000038000003000000700000070000007000000E000000E000000E000001C000001C000001C000003C0000038000003800000700000070000002000000000000000000000000000000000000000
4000000000000000000000000C000003E000006E000000E000000C000000C000001C0000018000001800000300000077E00007FF8000F87C000E01C001801C00180180030030003007000600E000000C0000000000000000000000000000000000000
90000000000000004000000600000060000003000000300000018000000C000000C000000E18000073C000077E00003E600003C700003C200003C600001FE00000FE000007C0000038000003000000000000000000000000000000000000000000000
500000000000000000000000000000008000003E000007F00000FF00000F700000FF800007FF80007FFE000007E000000E000000E000000C000001C000003800000300001E2001FFE0001FFE0001FF000004000000000000000000000000000000000
9000000000004000000E000001E000001C000003C0000078000007800000F000001E000001C000003C00000FFE0001FFF8003FFB8007C03800720F0007A3F0003FFC0003FF00000380000000000000000000000000000000000000000000000000000
00000000000000000000000000000000FE00003FF0000FFF8000F018001C01800380180030018007001800600180060018006001800600300060030007003000700600038060003C0E0001FFE0000FFC0000080000000000000000000000000000000
600000000000000000000000000000000000000F800003FE00007C70000E0380018E1800303180060398006039800607180060F180063E30007F830003F030000007000000600000060000006000000C000001C000003800000000000000000000000
90000000000400000060000006000000C000000C000000C000001C0000018000003800000380000037E00007FF000078700007070000E070000C0E0001C1C00018380001FF000003E0000000000000000000000000000000000000000000000000000
0000000000000000000000001E000007B80000E1C0000C060001C0600018070001803800300380030038003003800300300030070003007000380F0003C0E0001C1E0000F3C0000FF80000FF000007C00000000000000000000000000000000000000
1000000000000000000000000000000030000007000001F000001E000001E000001E000000E000000E000000E000000E000001E000001E000001E000001E000001E000000E000000E000001E000000E000000E0000000000000000000000000000000
50000000000000000000000000000001FE0001FFF00038030006000000C000000C000000C0000006000000300000018000000E0300003CF00000FE0000004000000400000060000007000001F00001FE0000FE0000000000000000000000000000000
900000000000000001C000001C0000018000001800000380000038000003000000300000077E00007F700007018000E018000E018000C018001C038001C030001807000030E00001FC00000F000000000000000000000000000000000000000000000
700000000001800000380000078000007000000E000001E000001C00000380000078000007000000E000001C000001C00000180000018000003C000001F000001FFC40001FFE00001FE00000000000000000000000000000000000000000000000000
30000000000000000000000000000001000003FE0000FFF8001F03C001C00C001C00E000E006000F0000007C000003FFC0000FFE00003FE40001C460001C060001E060000F0E000079C00001FE00000FC000003000000000000000000000000000000
40000000000000000000000010000001800000180000010000001000000100000030000003000000F0300007FF00003FB0000202000060200006060000606000040400004040000400000040000004000000000000000000000000000000000000000
90000000000000000004000001C000003C00000380000030000007000000E000000E000001C000003800000380000073F00007FF0000FEE0001F9E0001F3C0003FF80003FE000007C0000030000000000000000000000000000000000000000000000
600000000000000000000000000000000000000E000003F00000F380000E1C0000C0C0000C0C0000C0E0000E1E00007FE00003FE0000006000000E000000C000000C000001C00000180000038000007000001F000000E000000000000000000000000
600000000000000000000000000000000000001C000003E000001E000007F80000E7C000186E0001063000306300030C180030C1800318180033818001F01800080380000030000003000000200000020000006000000400000000000000000000000
500000000000000000000000003000001F800007E00000F000003C000007000000600000060000007FC00001FC000000C000000C000000C000001C00000180000018000003800081F8001CFC0000FE000000000000000000000000000000000000000
40000000000000000000000040000006000000200000020000002000000300000030000003000000FFE00002038000301800030100003010000302000020200002020000304000010C000000800000080000000000000000000000000000000000000
000000000000000000000000000000001C00000FF00003FF80007FFC001FFFC003FFFE003FE3E007F03E00FC03E00F007E00F00FE00E00FC00E01FC00F01FC007F1F8007F9F0003FCE0003FC00001FC00000080000000000000000000000000000000
700080000018000001800000100000030000003000000300000020000002000000600000060000006000000C000000C000000E000000E002000E01E000707E0007FC40003F00000000000000000000000000000000000000000000000000000000000
400000000000000000000000100000030000003000000300000070000007000000700000076000007FF0000FFF8000E0F8000C038000C070000C060000C0C0000C1C00018180001818000183000000100000000000000000000000000000000000000
00000000000000000000000003000001FC00003FE00007FF0000E0F0001C070001807000180300038030003803000380700038060003C0C0001C0C0001E1C0001F380000FF00000FFC00007FC00003FC0000000000000000000000000000000000000
10000000000000000000000000000000C000000C000000C000000E000000E000000C000000C000000C000000C000000E00000070000007000000600000070000006000000600000030000003800000180000018000000000000000000000000000000
30000000000000000002000000F000003F000007E00001F000003C0000078000007000000E000000E000000F8000007E000001F800000F800000F000001E000001C100003F780001FF80000FE00000000000000000000000000000000000000000000
100000000000000000000000100000018000001800000180000018000001800000180000018000001C000000C000000C000000C000000E000000E00000060000006000000600000060000007000000300000000000000000000000000000000000000
30000000000000000000000007C00003FC0000FE00001F000001C0000018000001C000000E000000F00000078E00003FE00000FE0000078000007000000E000000C000000C180000CF80000FF800003E0000000000000000000000000000000000000
4000000000000000000000000000000000000000000000000003800000380FC003FFFE0063FFE006001C0060038006003800E007000E007000C00E000C00C000C00C001C00C0018008001800C000000C0000000000000000000000000000000000000
70000000000000000007000000F000001F000001F000003C000003C000007800000F000001E000003E000003C0000078000007000001E000001C000001C000003C000003FFE0003FFF000380180000000000000000000000000000000000000000000
20000000000000000000000000000000018000C07E003F0FE002FFFC0041FF00000F800001C0000038000007000000E000001C0000018000003000000300080030018003007000300E000307C0003FF80000FC0000000000000000000000000000000
70000000000400000040000004000000C000000C000000C000001F00001FE00001F80000018000003000000300000070000006000000E001800C007800C00F000C07E000FFFC0007F9800000000000000000000000000000000000000000000000000
1000000000000000000000000C000000C000000C000000E000000E000000E000000E000000E000000E000000E000000E000000E000000E000000E000000E0000007000000700000070000007000000300000000000000000000000000000000000000
2000000000000000000000000000000007000003F00000FB00003C60000F060003C0C000E0180008018000003000000300000060000006000000C0000008000000800000183000018E00001F800001F000000C0000000000000000000000000000000
100000000000000000000000000000006000000F000000F000000F000000F000000700000070000007000000F000000F000000F000000F000001F000001E000001E000003E000003E000003C000000C00000080000000000000000000000000000000
10000000000000000000000000000000200000020000002000000600000060000006000000600000040000004000000400000040000004000000400000040000004000000400000040000006000000600000020000000000000000000000000000000
700000000000800000080000018000001000000300000060000006000018C00001FC00000FC000001C0000010000003000000200000060000006000000203800033F80003FE00001E0000000000000000000000000000000000000000000000000000
4000000000000000008000000C000000C000000C000000C000001C000001C000003C0000039800003FE00003F700007E300007C3800078380007830000F030000E030000E030000C070000C0600000000000000000000000000000000000000000000
2000000000000000000000000000000000000000000000000000001E000003E00000F801807E000FFF8000C0180000030000006000000E000000C00000180000010000003000000300000030000003800000000000000000000000000000000000000
3000000000000000000000000000000018000007C00000F800001F000003C0000078000007000000700000078000003F000001F0000007000000700000060000006000000600000071000007F000003E000003C000000000000000000000000000000
50000000000000000000000000C000007E00001E3000038100007010000603000060200004000000404000060E000061C00003F800001F8000001800000100000010000001000020100001FF000000700000000000000000000000000000000000000
100000000000000000000000000000060000007000000F000000F800000780000078000003C000003C000001E000001E000001E000000E000000F000000F000000780000078000003C000003C000001C000001C000000000000000000000000000000
2000000000000000000000000000000000000000000030060001C3F000066100003C1000018100001C3000013E000030000002000000200000060000006000000600000020000002000000300000010000000800000062000003C0000000000000000
400000000000000001C000003C000007C000007C000007C00000F800000F80000078000007800000FFF8000FFF8000FFF8000FFFC001FCF8001F0F8001E0F0003E1F0001E1E0001C1C000180800000000000000000000000000000000000000000000
40000000000000000000000040000006000000600000060000006000000E0000006000000EFE0000FFF0000FC78001E018003E018006C018004C018000C018000C018000C018000C01800040180000010000000000000000000000000000000000000
600000000000000000000000000000000000000E000003F800007BE000060E0000E0E0000E060000E0E0000FCC000078C000001C000001800000380000060000006000000C000001C0000038000007000000700000060000000000000000000000000
30000000000000000000000000000000000001FF80003FFE0007F3E0007006000E000000E000000F0000007C0F0007FFF0000FFF00003F800003E000007800000783E0007FFF0003FFF0000FF80000000000000000000000000000000000000000000
500000000000000000000000000000003FC0001F800003C000007000000E000000C000000E01000070F80003FF00000E30000007000000E000001E000007C00001F80000FF00007C00001E00000000000000000000000000000000000000000000000
50000000000000000000000000000001FC0000F040001C0200030000003000000200000020000002000000300000010070000C1F00007F10000001800000100000010000001000000F000003E00000C00000380000000000000000000000000000000
600000000000000000000000000000000000007E00001FFC000783E000DE0F0018707801838380101E1C0300E1C0300E1C0381E1C01FFC1C007F81C000001C000001C000003C0000038000007800000F000000E000000C00000000000000000000000
00000000000000000000000007000001FC00003FC000070E0000E0E0000C060000C06000180E000180E000181E000181E000181C000181C000181C0001C3C0000C3C0000E380000EF000003F000003800000000000000000000000000000000000000
4000000000000000000000003000000700000070000007000000700000070000006000000E030001FFF8001FFF8001E7F8001C03800180380018078003807000380700038070007007000300700000060000000000000000000000000000000000000
100000000000000000000000030000003000000300000030000003000000300000030000006000000600000040000004000000C000000C000001C00000180000018000001800000380000038000001000000000000000000000000000000000000000
900000000004000000E000001C000001C00000380000038000003000000300000070000006000000E7F0000FFF8001FC1C001E01C001C038001C070000C1E0000EFC0000FF00000780000000000000000000000000000000000000000000000000000
50000000000000000004000000C0000018000001800000100000010000003000000300000030000001E0000006000000200000000000000000007C00003F80000F800003C00000C000001000000000000000000000000000000000000000000000000
70000000001C000003C000007C0000078000007000000F000000F000001E000001E000001E000003E000001E000001E000001E000001F000000FC000007FFC0001FFF80007FFC00000F80000000000000000000000000000000000000000000000000
80000000000000000000000000000000000000000000003F00000FFE0001F9F0001C3F0001CFC0000FE00001F00000FF00003E380007C1C000F00C000E00E000E01E000F03C0007FF80001FE000000000000000000000000000000000000000000000
9000000000000000010000001000000100000018000001800000100000010000001A000001F80000198000018C000010400003060000106000000600000020000006000000600007E400000FC00000000000000000000000000000000000000000000
3000000000000000000000000000000000000000FC00003FC0001F0C0001E08000180000018000001C000001F000001FE00007BE0000F000000C000000C000000E000000700000078000003E000000F00000078000001000000000000000000000000
7000000000003800000380000070000006000000C000001C0000038000003800000F000003E00007FF80007FFE0000FFE0000E000001C00000380000078000007FF00007FFFE00027FE00000000000000000000000000000000000000000000000000
40000000000000000000000000000001800000180000018000001000000300000030000003000000304000031C00003FC000033C000031800003180000310000031000003100000300000030000001000000000000000000000000000000000000000
6000000000000000000000000000000000000000000001FC00003FE00003C700006C30000C41800184180018C080030C180030C18003181800338100037030003E03000380200000060000004000001C0000038000003000000200000000000000000
40000000000000000000000008000001800000380000038000003800000300000030200003FF80007FFC000781E000600E0006006000E006000E00E000C0180018030001C000003800000700000060000000000000000000000000000000000000000
3000000000000000000000000F800001FC00007FC00007FE0000F9C0000F000000F000000F000000FFC00007FE00003FE00001FE00003F800007F800007E00000F800000FCF00007FF80003FF00001FE0000000000000000000000000000000000000
0000000000000000000000000000000000000000000000FE00007FF8003FE7C007800E00E000601C000601C00060180006018000E018000C018001800C003800E06F0007FFE0003FFC000007000000000000000000000000000000000000000000000
7000000000000000001C00000380000078000007000000E000001C000003C0000038000007000000E000001C000001C00000380000038000003E000001FD00000FFFFC001FFFC00000000000000000000000000000000000000000000000000000000
000000000000000000000000000000000E00007FF0001FFF0003FF78007E0380078038007803C007003C00F001C00F001C00F003C0070038007007800700F800780F0007C1E0003F3E0001FFC00007F800001F0000000000000000000000000000000
2000000000000000000000000000000C1F0000E7FC0007F0C0003E0C0003FDC00061F8000E020000C00000180000018000001800000300000030000003000000300000018000001C030000E0F80007FF80003FF000000000000000000000000000000
900000000000000000038000007800000F800000F000001F000003E000007C000007800000F000003E000003C000007C00000FE00000FF80000FB80001E3C0001E780000FF80000FF00000FE000000000000000000000000000000000000000000000
10000000000000000000000006000000700000070000007000000E000000E000000E000000E000000E000000E000000E000000E000000F000000F000000F000000F000000F000000E000000E000000600000000000000000000000000000000000000
700000000004000000600000060000006000000E000000E000000C000000C000000C000007F80001FFC00013C000001C000001800000180000038000007FFE000FFEF000E000000C00000000000000000000000000000000000000000000000000000
30000000000000000000000000000000FF00003C3000078100006000000C000000C000000C000000E00000070000001F800000FC000007800000E000001C000001800000100000010C000039800001F000001E0000000000000000000000000000000
20000000000000000000000000000000000000000001EE0C001FFFC0000038000007000000C00000180000030000006000000600000060060006006000600C00070780001FE0000078000000000000000000000000000000000000000000000000000
900000000000000000380000078000001800000180000018000003800000300000070000006000000E000001C000003FC00007FC00007DC0000E380000C3000004E000007C00000780000030000000000000000000000000000000000000000000000
7000000000004000000F000001F000001F800003F000007E000007C00001FC00001F000003F00000FE00000FC00001F800003F000003E018003FFFC003FFFC003FFFC003FFE0003F80000000000000000000000000000000000000000000000000000
700000000060000007000000700000070000007000000700000070000007000000700000070000007040000706000070600007060000306000030600003F600003FE00003FE0000104000000000000000000000000000000000000000000000000000
600000000000000000000000000000000000001E000007F80000FFC0000DDC00018CE00019C60001F860001F860000F060000C06000000E000000E000000E000001C000003C000007800003F000003E000003C0000030000000000000000000000000
20000000000000000000000000000000000004007800600FC00783FC003F7FC000FFF80007FF00003FE0000780000070000007000000E000000E000000C000000C000000C000000C0E0000E7F0000FFE0000FF0000070000000000000000000000000
70000000001800000180000038000003800000380000038000003000000300000030000003000000300000070000007000000601800060180006030000E030000FFE00007FF0000002000000000000000000000000000000000000000000000000000
8000000000000000000000001C000007600000C300000C180000C1800018180000C180000E1800003F800000FC000007F00000E780001C1800038380007070001E0F000383C00070E0000798000030000000000000000000000000000000000000000
40000000000000000000000038000003800000380000078000007800000F000001F000001F0700007BF80007FFC000FFFC000FFFC000FFFC001F87C001E078001E078003C078003C038003C0100018000000000000000000000000000000000000000
70000000000180000018000003C0000038000007800000780000078000007800000F000001E000001E000003C000007C000007800000F000000F800000FFE0000FFF0000FFF000003E000000000000000000000000000000000000000000000000000
3000000000000000000000000F000003F000007B000007600000EC00000F800000F000001C000003C000006600000870300003EF80001FE000003C0000038000007000000600000061E00007FC00007F8000000000000000000000000000000000000
6000000000000000000000000000000000000000000007C00000FF00003FF800078FC00060CE000E1C6000E3860006F070007E070003C070001807000000700000060000006000000E000000C000001C0000058000007800000300000000000000000
1000000000000000000000000000000010000003C000003C000007C0000078000007000000F000001E000000F000000F000001E000001E000001C000001C0000038000007800000700000060000006000000600000000000000000000000000000000
30000000000000000000000003E00000FF80003E380007818000E018000C018000C000001C0000018000000C000000E0000007F800003F800003C0000078000006040000C1C0000C7C0000FF000007C00000000000000000000000000000000000000
6000000000000000000000000000000000000000000003E000007F000007F80000C1C0000C3C0000C3E0001CEE0000DCE0000F8E000000C000000C000001C000001800000300000060000006000000C00000180000038000003000000000000000000
9000000000000000000000000020000006000000C000000800000100000030000006000000C000001C800001FC00001C400003040000E080000C1800018200001020000306000064C0000070000000000000000000000000000000000000000000000
30000000000000000000000003C00000FF00003FF00003FF00007F700007C000007800000F000000F000000F8000007F000007F800007FC00003F800007F800007F800007FC00007FF00001FF00000600000000000000000000000000000000000000
100000000000000000000000000000038000007E000003E000001E000001F000001F000001F000001F000001F000001F000001F000001F000001F800000F800000F800000780000078000007800000780000070000000000000000000000000000000
40000000000000000000000008000003C000007E000007F000001F000001F800003FF0000FFFC001FFFC003FFFC003FC3C003BC3C0033C780007CF000078E000079C0001F380003E700003C0000038000000000000000000000000000000000000000
100000000000000000000000100000030000003000000300000030000003000000180000018000001C000001C000001C000000C000000E000000700000070000003800000380000038000003800000040000000000000000000000000000000000000
70000000000000000020000007000000700000070000007000000700000070000007000000F000007F0001FFF8007FFFE00000F800001E000001E000001E000003FB00003FF80003FF800010100000000000000000000000000000000000000000000
600000000000000000000000000000000000003F00000FFC0001C1E0001C3E0001FF70000F87000000700000030000006000000700000060000006000000E000001C00000180000030000107000018E00001F800000F0000000000000000000000000
900000000000000006000000700000070000007000000700000020000006000000600000067E0000FFF8000FF38001FC18001F818001F018000E038000707800078F00003FF00003FE00000F000000000000000000000000000000000000000000000
6000000000000000000000000000000000000000000003E00000E78000181C00021CC000404600040460004042000404200040C200041820003F020001C06000000600000040000004000000C00000080000018000003000000200000000000000000
00000000000000000000000004000003FC00007FE0000E060001C0700038030003001800600180060018004003800400380040030004007000600F000600E000301C00019BC0001DF80000FE000004C00000000000000000000000000000000000000
5000000000000000001F000007F80000F980003E0000078000007000000E000000C000000C000000700000078000003C000000F8000003FC000003E000009C00001F800C7FF001FFFE000FC0000000000000000000000000000000000000000000000
40000000000000000000000000000004000000E000000E000000E000000E000000E000000F000000FFFF800FFFF800E01E000E01C000E038000C038000C038000C038000C018000C010001C000001C000000800000000000000000000000000000000
900000000000000018000001C000001C000001C000001C000001800000180000038000003800000187F0001FFF80007C1C000000C000000C000001C000201C000303800018700001FE00000FC00000000000000000000000000000000000000000000
900000000010000001000000300000030000003000000300000030000003000000300000030800003FF00007FF80007018000E018000C01800080380018070001C0E0000FFC00003F0000000000000000000000000000000000000000000000000000
2000000000000000000000000000000007000001FC000070E0011C0E001F81C001F038001E078001DFE0003C000003800000380000030000006000000600000070000003003800380F800385F0000FF400003E0000000000000000000000000000000
1000000000000000000000000000000018000001C000001C000001C000000E000001C000001C00000180000038000007000000F000000E000001C000003C00000380000038000007000000E000000C000000800000000000000000000000000000000
900000000000000001000000300000038000003800000380000038000003800000380000030000003000000300000071F00007FF80007FF80007878000707000001E00001BC00001F800001E000000000000000000000000000000000000000000000
40000000000000000000000000000000C000000C000000C000000C000000C000001E000007FE0001F8F00033030000303000020300006060000606000040C0000C1C0000C180000830000082000000600000060000000000000000000000000000000
800000000000000000000000000000000F000007F80001F18000181800030380003030000307000039C00001F800000F000001F000007F80000FF800007180000E180001C38000187000018E00001FC00000E00000000000000000000000000000000
70000000000000000010000003800000380000038000003800000380000070000007000000F000000E000001E000001E000001C000003C000003800000380000038800003BC00001FC00000F000000000000000000000000000000000000000000000
30000000000000000000000003C000007C00000E000001C0000038000003800000700000030000001C000000E00000078000003C0000038000007000000E000001C00000380000038000001FC00000FE0000000000000000000000000000000000000
90000000003000000700000030000003000000300000030000003800000380000038000003BC00003FE00001E700003C3000078300007030000F070000E06000070E00003FC00001F0000000000000000000000000000000000000000000000000000
700000000000000000200000020000002000000200000060000006000000E000000EC00003FC0000FF80001FE00000180000010000001000000100000018000001FC00001FE00000FE000000E00000000000000000000000000000000000000000000
4000000000000000000000000000000060000006000000E000000E000000C000000C000001F800001FC000038E000030600003060000706000060C000021800000380000030000006000000C000001800000100000000000000000000000000000000
4000000000000000000000001000000180000018000001800000180000018000001000000100000037000003F800003DC000038C000070C000060C0000C0C0000C0C00000180000018000001800000100000000000000000000000000000000000000
4000000000000000000000002000000600000060000006000000E000000E000000E000000EFE0000EFF0000FFF8000FFFC000C07C001C00E001800E0038006003000E0030004007000400600000020000000000000000000000000000000000000000
9000000000000000006000000E0000006000000C000000C000000C00000180000018000001FC00001EE0000383000030300006020000606000040C0000C080000C18000043000007E0000038000000000000000000000000000000000000000000000
2000000000000000000000000000000C080001C3C0000C7C0000CFC0000DFC00007F800007F800007E000006000000E000000E010000C038001C038001807800181F000183E0001FFC00007F800003800000000000000000000000000000000000000
50000000000000000000000003800003FE00007FE0000FFF0001FC00001E000001E000001E000000F800000FFE00007FF00001FF000007F80000018000001C000001C001C1FC001FFFC000FFF00003C00000000000000000000000000000000000000
4000000000000000000000000000000018000001800000380000070000006000000E000001FE00007EE0000F060001E060001806000380E000700C000600C000401800000380000030000006000001C00000180000000000000000000000000000000
7000000000000000018000001800000180000018000001800000100000010000003000000300000030000003000000300000030000003000000300000018000000F8000007F000001F800000180000000000000000000000000000000000000000000
6000000000000000000000000000000000000000000000F80000FFE00007860000EC60000CC300018C300018C600019C60001BC60001F860000F0E000000C000001800000380000030000006000000E000001C0000018000003000000000000000000
70000000000000000060000006000000E000000E000000E000000E000000E000000C000001C00000380000078000007000000F7F8001FFFE007FFFF007E00700700038020001800000080000000000000000000000000000000000000000000000000
9000000000000000000000018000000C0000006000000600000060000003000000300000033E000037600003E300003C3000038300003020000306000030C000030C000019800001F000001E000000800000000000000000000000000000000000000
000000000000000000000000000000000000003FE0001FFF0007C0040070006006000600E00060070002007000200700030038006003C006003C00E000E00E000701C00038380001CF00000FE00000780000000000000000000000000000000000000
50000000000000000000000007800001FE00003FF000038000003800000380000038000001C000001F0000007C000001F000000700000070000007000003F80001FF00007F80001FC0000FE00000F8000000000000000000000000000000000000000
8000000000000000006000003FC00007FC000070E000060E000060E000070E000031C00003F800003F800001F000001F800003FE00003FE000078F0000E078001C078001FFF8001FFF8001FE000000000000000000000000000000000000000000000
50000000000000000000000000F000003F00000F900001E0000038000007000000600000070000007C000001F0000007C000001E00000060000006000000E000001C00007F80003FF0000FCC0000C0800000000000000000000000000000000000000
600000000000000000000000000000000000000E000003F000003F80000FFC0001FFE0003E7F0003CEF0003FE70003FCF0001F8F0000E0F000001E000003E000003C000007800000F000003F00000FE00000F80000060000000000000000000000000
600000000000000000000000000000000000000FC00003FE00007FF0000FFF0001E7F0003CFF0003BFF0003FE70003F8F0003C0E000000E000001E000003C000007C00000F800009F00001FE00001F800001E000001C0000000000000000000000000
50000000000000000000000000000000F800007FC0003FFF0003FE70007E0F0007C000003C000003F000000FE000007F800001FE000007E000000F000000F000003F80000FF0000FFE0001FFC0001FC00000F00000000000000000000000000000000
7000000000000000000000000C000001C000001E000001E000001C000001EE00003FF00007FF8001FFC0000F800000F000001F000001E000001E000001E000001FFC0001FFF8000FFFC000001E0000002000000000000000000000000000000000000
8000000000000000000000000F800001FE00003C6000038600003860000386000038E000018C00001F800001F000001E000003E000007700000E780000C1C000183C000107E000107C0001F800001F000000000000000000000000000000000000000
10000000000000000000000000000000E000000F000000F000000F000000F000000F000000F000000F000000F000000F000000E000001E000001E000001E000001E000001E000001E000001E000001E000000C0000000000000000000000000000000
00000000000000000000000000000000F800003FC00003DE000070E0000E060000C060000C0600008060001806000180600018060001806000180E000080C0000C0C0000C1C0000E1C00007FC00003E800001C0000000000000000000000000000000
100000000000000000000000000000000C000001E000003E000003E000003C0000078000007800000F000000F000000F000001F000001E000003E000003C000003C000003C00000780000078000003000000200000000000000000000000000000000
6000000000000000000000000000000000000000000000F800007FE0000FEF0001E270003863000706300061E300063870007F070003E0F0001C0E000000E000000E000000C000001C000001C000001C000001C000001800000180000000000000000
40000000000000000008000001800000180000038000007800000F000000F000001FE00001FF00003FF00007E18000F030000E030001E030001C06000380E000381C0007038000E078000002000000000000000000000000000000000000000000000
600000000000000000000000000000000000001F000003300000418000084C000084C000084400008C4000078C000000C000000C00000180000018000003000000300000060000006000000C000001800000300000030000000000000000000000000
700E000000E0000006000000700000030000003000000300000030000002000000200000060000006000000600000060000006000000E000000C000000FE00001FFFFE0187FF800000000000000000000000000000000000000000000000000000000
3000000000000000000000000FF00003F30001E00000180000038000003000000300000018600000FE000007E0000030000006000000600000060000006004000600400070060003C1C0001FF800007E0000000000000000000000000000000000000
10000000000000000000000000000000300000038000003800000300000030000007000000700000060000006000000E000000C000000C000000C000000C000000C000000C000000C000000C000000800000080000000000000000000000000000000
70000000000060000006000000E000000C000001C00000180000030000007000000E000003FF0003FFE0000FFE0000380000070000006000000600000040F0000FFF00007FE00007F0000000000000000000000000000000000000000000000000000
100000000000000000000000000000008000000C000000C000000C000000C000000C000000C000000C0000006000000600000060000006000000600000070000007000000300000030000003000000300000020000000000000000000000000000000
8000000000000000000000000F000001F800003FC000030C000030C00001CC00001F800000F8000007C00000FE00001EF00003C700007830000F070001C07000781E000727C00067F800003E000003C00000000000000000000000000000000000000
20000000000000000000000000000000000000C000000E07E000E1FE000FFFF0007FC70003F0F0003FFE0007FFC000F0F8000E000001E000001C000001C000003C060003C060003C0E0001C1C0001FF80000FF000007C000000000000000000000000
00000000000000000000000000000000F000001FC000079E0000E070001C070001C030001803000180700030070003006000100E000100C000180C00018180001C180000C300000E7000007E000003C00000180000000000000000000000000000000
200000000000000000000000000003000000100000008000000C0000006003000300F80018188000C304000660C0003C080001C300001FE000011800001000000100000018000000F0000003000000000000000000000000000000000000000000000
9000000000000000000000003800000380000038000003800000300000070000003000000700000077E00007FF00007C38000F018000E038000C0300000070000006000020C00007F800007F000001C00000000000000000000000000000000000000
900000000000000000000001F000007FE000061E00006180000C00000060000006000000603800030FE00013878000F018000E008000E00C000F00C000D81C000D81C0007C3800079F80007FF00001F80000000000000000000000000000000000000
50000000000000000000000000C000003F000006180000E080000C000000C00000080000008380000FF000007F00000060000006000000C000000C00000180000038007FFF0007FE80000000000000000000000000000000000000000000000000000
50000000000000000000000000000001F800007FC00006070000C030000C018000C010000C0100006000000700000038000001F0000007C000000C0000004000000C000007C0001FF8000001800000300000060000000000000000000000000000000
100000000000000000000000000000004000000C000000C000000C000000C000000C000000C000000C000000C000000C000000C000000C000000C000000C000000C000000C000000C0000004000000400000040000000000000000000000000000000
500000000000000000000000000000001F000007F80000FFC0001F000003C00000780000078000007C000007F000003FF800007F800000F800000F000001E000003C00003B00001F80000FF00000FE00000F800000000000000000000000000000000
60000000000000000000000000000000000000000000000000007F00000FF80001D9C000318E00063060006F060007E06000380600000060000006000000600000060000006000000600000060000006000000C000000C000000C000000C000000000
00000000000000000000000000000000C000003E000007F8000071C0000E0E0000C060001C06000180600018060001806000180600018060001806000180C0000C1C000067C00007F800003F000000C00000040000000000000000000000000000000
30000000000000000000000000000003E000007FC0000FFE0000F7E0000C06000180000018000001800000180000008000000C000000E00000070000003E000001F000000E00000060000007FE00007FE00001F000000000000000000000000000000
40000000000000000000000008000000800000180000018000001800000180000018000007820000FFF000018300001830000186000018C000009800000F000000E000000C00000080000018000001800000000000000000000000000000000000000
4000000000000000000000000000001F000001FC000001C000001C000000C000001E000001F000003F800003FC00003DE000038E000038E000070F0000F0F0001E0E0000C0E000000E000000E000000C000000C000000000000000000000000000000
60000000000000000000000000000000000000000000007E00007FF0001F1F80038078007803800781B8007FF38003F0300000060000006000000C00000180000030000006000000C0000018000007000000E000001C0000038000000000000000000
5000000000000000000000000FC00003FE00007FF0000FEF8000F018000E008000E000000E00000078000003E000000FC000007E000001F000000F000000E000001E0007FFE001FFFE000FFFC000F80C0000000000000000000000000000000000000
4000000000000000010000003800000380000078000007000000700000070000007000000FE20001FFF0003FFFC001FFFE000E00F000E00F000E01E001E01E001E01C001C01C001C01C00080180000000000000000000000000000000000000000000
600000000000000000000000000000000000000700000070000007000003F80000FF80001C7C00010CC00031CC000218600063060003F060001E06000000600000060000004000000C000000C0000006000000E000000C00000000000000000000000
50000000000000000000000000000007F80000FFC0001E7E0003C07000380600030000003800000300000038000001E000001FFF00007FF0000007000000700000070000007000001F00007FF00007FE00003C0000000000000000000000000000000
40000000000000000000000018000001800000180000018000001800000301800031F80003FF00003E30000F060001F06000230C000020C000061C0000618000061800006300003C30000007000000300000000000000000000000000000000000000
500000000000000000000000000000000000000000000000000001FC0000FE00003C0000070000006000000C038000F5F80003FE00000F800300E0001E1C0000FF8000000000000000000000000000000000000000000000000000000000000000000
10000000000000000000000000000000C000001C000001E000001E000000E000000E000000E0000006000000600000060000006000000E000000F000000E000000E000000700000070000006000000600000060000000000000000000000000000000
40000000000000000000000018000001800000180000018000001800000380000038000003000000F020000F0700007FF00007FF000070700006060000606000030600003060000304000020400002000000000000000000000000000000000000000
400000000000000000000000600000060000002000000300000030000003000000300000020000003F800003FC000030E000020600002060000206000020E000020C000020C000060C000060000004000000000000000000000000000000000000000
700000000000000000018000003C000007C00000FC00001F800007F00000FE00001FC00001F800003F000007E00000FC00001F800003F000003E000003FF00003FF80001FFC00007FC000007800000000000000000000000000000000000000000000
200000000000000000000000000000003F00003FF8000FF1C007E01C01E001C0380038000007000000E000001C0000038000007000000E000003C000007800000F000001E000003C0F0003FFF0003FFC0001FE0000000000000000000000000000000
30000000000000000000000003800001FE00003020000E030001801000300100020020004000000400000060000002000000301E0001C7E0000FF000001C000001000000300000030080001BF80000FE0000000000000000000000000000000000000
2000000000000000000000000000000E00000060E000031F000033300001E300001E300001FF00001FC0000180000030000003000000300000020000002000000300000030C000030C000039C00001F800000F0000000000000000000000000000000
7000000000000000003000000300000030000002000000200000020000000000000400000040000004000000C00000080000018000001800000180000010000003000000304000031800001F000000000000000000000000000000000000000000000
10000000000000000000000000000000200000020000002000000200000020000002000000200000060000006000000400000040000004000000400000040000004000000400000040000004000000400000040000000000000000000000000000000
80000000000000000000000007000001F8000039800007180000C180000C180000C380000C3000006F800007FC00003DC000038C000070C000060C000041C00004180000438000067000007F000003E00000000000000000000000000000000000000
100000000000000000000000000000006000000E000000E000000E000000E000000E000000E000000E000000E000000E000000E000000E000000C000001C000001C000001C000001C000001C000001800000100000000000000000000000000000000
80000000000000000000000000000007FC0000FFE0000FFE000040E000060E000061E000033C00003F800001F000001E000001F000001F800003BC000071E000061F000061F0000E7E00007F800003E00000300000000000000000000000000000000
10000000000000000000000004000000E000000E00000060000004000000C000000C000000C000000C000000C000000C000000C000000C000000C000000C000000C000000C000000C000000C000000C00000000000000000000000000000000000000
80000000000000000000000000000003E000007F80000FF80001E180001C1C0000C1C0000C3C000067800007F800003F000003E000007F00000F380000E1C000180E000000E000003E0000FFC0000FFC00007C0000000000000000000000000000000
5000000000000000000000000F000001F800003C0000038000007000000600000038000001E000000F000000380000018000001C000001800000380000038000007800001F000007E00001F0000018000000000000000000000000000000000000000
000000000000000000000000000000003E00000FF80003FFC0007E3E001F01E003E00E003C00E007800E00F000E00E000E01C001E01C001C00E003C00E003800F007800700F000383E0003C7E0001EFC00007F0000000000000000000000000000000
800000000000000000000000000000003000000FC00001EE000038600006060000606000040E0000C1C000063800007F000007E000003F000007F8000061E0000E000000C000000C000000C0000007F80000380000000000000000000000000000000
900000000000000000000000180000008000000C000001C0000018000003800000386000033F00007F180007C18000F818000F038000E070000C060000C0C000003C000007800000E000007C000003800000000000000000000000000000000000000
200000000000000000000000000000007F00001FF00007FF0001FFF0007FFF000F81E000003C000007C00000F800001F000001E000003C000003C0000078000007000000FCF00007FF00007FF00003FF0000078000000000000000000000000000000
5000000000000000000000000E000003FC0001FFF0003E07000300100030000003000000200000010000001E3C0000FFC00007FE00000060000006000000600000060000D0C0000FFC00007FC00000FC0000000000000000000000000000000000000
00000000000000000000000003E00000FF00001FF80007C38000F038001E038001C0380038038007003800E007001C00F001C00F001C00E001C01E001E03C000FFFC0007FF80003FF800000F000000600000000000000000000000000000000000000
100000000000000000000000000000030000003000000300000030000001800000180000018000000C000000C000000400000060000006000000600000060000002000000300000030000003000000300000020000000000000000000000000000000
10000000000000000000000002000000780000078000001C000007C000007C00000FC00000F800001F000001E000001E000003E000003E000007E000007C000007800000F800000F80000070000006000000000000000000000000000000000000000
10000000000000000000000000000003000000300000038000003800000180000018000001C000001C000001C000000E000000E0000007000000700000070000003800000380000018000000C000000C0000004000000000000000000000000000000
0000000000000000000000000000000007C00001FE00003FE0000F060001C0E000380E000601C000C038001C038003807000300E000601C000603C0006038000607000071E00003FC00003F800003E000003800000000000000000000000000000000
900000000000000003000000300000070000007000000500000050000005000000D000000D00000078000007F000005FC000078E000028300002018000300C000180C0000C3800006F800003E00000000000000000000000000000000000000000000
00000000000000000000000005E00000FF00003FF000078300007010000E018001C01000180100038030003803000380700030070003806000380C000180C0000C1F0000E1F00007FE00003FE00000F00000000000000000000000000000000000000
30000000000000000C000001800000100000010000001000000100000018000000800000060000003F800000F800000100000030000002000000200000020000002080000208000033800001E00000000000000000000000000000000000000000000
100000000000000000000000000000003000000F000000F000000F000000F000000F000000F000000F000000F000000F000000F000000F000000F000000F000000E000000E000000E000000E000000E00000060000000000000000000000000000000
6000000000000000000000000000000000000007800000FC00003FE00003FE00007BF0000F7F00007FF00007FE00003EE000001E000003C000003C000007800000F000001F000003E000007C00001F800001E000001C0000000000000000000000000
4000000000000000008000001C0000018000001800000180000038000003000000300000030000003F800007FC000071C000070E000060E000060C0000C0C0000C1C0000C1C0001818000003000000000000000000000000000000000000000000000
2000000000000000000000000000000007800003F80003FFC000FFF8000FFF8000FFC0000FF800003F000003E000007C00000F800000F800001F000001E000001E180001E3C0001FFC0000FFC0000FF000003E0000000000000000000000000000000
300000000000000000000000000000007800003FF80007FFC000FFFE001FFFE001F80F001F0C7001E1E0001FFE0001FFE0000FFE0000FFE0000FF80000FE00001FC60001FFF0000FFF0000FFF0000FFE00007F8000000000000000000000000000000
6000000000000000000000000000000000000000000000E000007FF0001FFF8003EE7C0078C1C00E1C0C00C180C00C380C00FE01C00FC01C00F801800000380000030000007000000E000003C00000780000070000007000000200000000000000000
100000000000000000000000000000001C000001C000001C000001C0000018000003800000300000070000007000000E000000E000001C0000038000003000000700000060000006000000E0000004000000400000000000000000000000000000000
10000000000000000000000008000000C000000C000000C000000C000000C000000C000000C000000C000000400000060000006000000400000040000006000000600000040000004000000C000000800000000000000000000000000000000000000
10000000000000000000000000000000100000038000003000000300000030000003000000600000060000006000000C000000C000000C000001C00000180000038000003000000300000020000002000000200000000000000000000000000000000
30000000000000000000000001800000F000001C0000030000006000000C000000C000000C000000C00000040800007BC00003F8000007000000E000000C00000080000018000000C10000063000007F0000000000000000000000000000000000000
90000000000000000F000000FC000001C000001C000001C000001C000001C000001C000003C000003C0000038C00003FF00003FF80003FF80000078000C0F0000C3E0000FFC00007F800003E000000000000000000000000000000000000000000000
5000000000000000000000007E00000FF00001C3C000180C000380E000380C0003800000380000018000001C000000C03000060F00003BF00001FF00000060000006000000600001FF00001FF00001070000000000000000000000000000000000000
200000000000000000000000000000000000000000000007800001FC00003F803FFFF8003FFF00007FE0000380000030000002000000600000060000004000000C000000C000000C08000063800007F800003C0000000000000000000000000000000
90000000004000000C000000E000000E000000C000001C000001C000001C000001C000001C000001F000000FFF0000FFF8000FFF80003FF80007FF80003FF80003FF00003FE00001F0000000000000000000000000000000000000000000000000000
40000000000000000180000018000003800000380000030000003000000700000070000006000000E000000FFF8000C00C000C00C001800C001801C001801800180180010038003003800300100000000000000000000000000000000000000000000
5000000000000000000E000001F800007080000E080000C0000008000000C000000600000038000001C000000E00000060000006000000600001CE000071C0001C7000030E000067800007C0000000000000000000000000000000000000000000000
9000000000C000001C000001C000001C000001C000001C000001C000001C000001C000001E000001E780001EFF0001FFF8000FC1C000F81C0007C1C0003E1C0001FF80000FF800001F000000000000000000000000000000000000000000000000000
30000000000000000000000000E000001C0000030000006000000C000001C00000180000018000001C000001F0000007800000F000000C0000018000007000000700000038000001E0000007E000000E0000000000000000000000000000000000000
90000000000000000300000078000007C000007C000007C000007C0000078000007C000003C000003FC00003FE00007FE00007CF000070700007070000F0F0000FFE00007FE00003F800000E000000000000000000000000000000000000000000000
000000000000000000000000000000003C00000FE00001FF00003E300003C3000078300007030000F030000E030000E070000E070000E070000E0F0000E0E0000E1E0000E1C0000F7C0000FF800007F00000380000000000000000000000000000000
300000000000000000000000003C00001FC00007F80000F800001C00000300000060000006000000C000000FF800007F800003F000001C0000038000007000000600000070000007DF00003FF00001FC0000000000000000000000000000000000000
600000000000000000000000000000003C000007E00000FF00001E700003C7000038700001C700001FF00000FE000001E000001C0000038000007800000F000003E000007C00001F80001FE00003F800001C000000000000000000000000000000000
50000000000000000003000000F000001C0000038000007000000E000000C000000C000000C000000600000030000001C000000C0000006000003C00003FC000FFFC000FC180000018000001000000000000000000000000000000000000000000000
500000000000000000000000000000001FC0000FFC0001C04000700E000600E000C00C000C00000180000018000001808000087C0000FFC0000638000007800000F000007F0000FFC0001F88000000000000000000000000000000000000000000000
700000000000000001E000001E000003C0000038000003800000380000038000007800000700000070000007008000F008000E01C000E03C000607800073F80003FF80003FF00000FC000002800000000000000000000000000000000000000000000
20000000000000000000000000000000F000003FC0000FDE0000E0F0000F070001F830001FE38001DFF8001C3F0001C0E0000C000000E000000E0000006000000700000038100003C180001FF80000FF000003C000000000000000000000000000000
200000000000000000000000000000003E000007F00000FF00001FF803F7F3803FFE3C03FFFFC01FFFF8001FFF8001FFE0001E000001E010001E038001E0FC000FFFC000FFF8000FFE00007FC00001E00000000000000000000000000000000000000
7000000000006000000F000001E000001C000003C0000078000007000000F000001E000003C0000038000007800000F000000F000000E000001C000000F0F8000FFF80007FF00000F0000000000000000000000000000000000000000000000000000
100000000000000000000000000000000800000080000008000000800000180000010000003000000200000060000004000000C0000008000001800000100000010000002000000200000020000002000000400000000000000000000000000000000
20000000000000000000000000000003FFC000FF7C003C0F000301E0000038000007000000E000001C0000038000007000000E000001C00000380000030000003000000300100038030001F0F0000FFF00003FE000000000000000000000000000000
8000000000000000000000001E000007F000007F80000FF80000FB800002380000B380000FB800007F000003F000001F000003F800007FC00017FC000179F0003F1F000383F000003F000003E00000200000000000000000000000000000000000000
400000000000000000000000000000004000000C00000080000008000000800000180000018200001FE00003660000204000020C000060800004180000410000043000000200000020000003000000600000020000000000000000000000000000000
1000000000000000000000000000000006000000C000001C000001800000380000030000007000000300000060000006000000E000001C000001C000001C000003C000003800000380000038000003000000200000000000000000000000000000000
700000000001000000100000030000002000000600000060000004000000C0000008000000800000180000018000001000000300000030000003000000700800030F00003FC00001E0000000000000000000000000000000000000000000000000000
3000000000000000000000000000000001800001F800007F80000FB00003C000007800000E000001C000000E000000700000078000003C000001F0000007000000F000001E000003C000003F000001F800000F0000000000000000000000000000000
300000000000000000000000000000007C00000FF000008180001808000180800010000001000000180000018000000C000000E0000007000000C00000180000030000006000000608000061800003F800000F0000000000000000000000000000000
80000000000000000000000000000003E00000FF00000FF80000E3C0000E1C0000F1E000071C00003BC00001F800001F000007F8000003C000001E000000E000000700004070000C1F00007FC00007F800003C0000000000000000000000000000000
8000000000000000007000001F800003F800003B800003380000230000036000003E000001E000001E000003E000007780000F1C0001E0E0003C0700038678001FFF8000FFF80007FF00001C000000000000000000000000000000000000000000000
70000000000000000020000007000000E000000E000001E000000C000000C000000C0000018000001800000180000018000003000000300000030000007000000600000067E00007FF00003C000000000000000000000000000000000000000000000
9000000000300000030000003000000300000030000003000000300000030000003E000007F8000060E0000E060000C030001C01800180180006018000401000060700007FE00001F8000000000000000000000000000000000000000000000000000
20000000000000000000000000000000000001FF80003FF80003FFC00001FC00003F800003E000003C0000078000007000000F000000700000070000007000000380000038000001C000000FF000007F800003F800001F00000000000000000000000
200000000000000000000000000000000000000000000007000381F8003F3980003F300000FF00000FE00001C00000180000038000003800000300000030000003000000300000030000003000000380000018000001E000000200000000000000000
400000000000000000000000080000008000000800000180000038000003800000380000038F80007FF8001FFF8001FF38000703800070380006030000607000060700006060000E000000C000000C000000000000000000000000000000000000000
10000000000000000000000000000001C000000C000000C000000E000000C000000E000000C000000C000000E000000E000000E000000E000000E000000E000000E000000C000000C000000C000000400000040000000000000000000000000000000
50000000000000000000000000000003F00000FFC0000FFC0000C00000080000008000000C000000C0000007C000007F000003FC000007C000001C0000004000000C000003C00002780000FF80000FF00000780000000000000000000000000000000
9000000000000000000000003C000007F800007FC0000E0E0000C060000C030000C000000C000000CFC0000FFE0000F870000E038000E038000601800060380006038000607000079E00003FC00000F80000000000000000000000000000000000000
80000000000000000010000003F000001F000000F800000F800001F800003F800007F00000FE00003FE0000FFE0001FCE0007F1E000FE1E001F03E000E03C00020F80003FF80003FF0000038000000000000000000000000000000000000000000000
7000000000000000018000000C0000008000000800000180000008000001800000180000018100001810007FFF001FFFC000010000001000000180000018000000E0600007FE00001F800000000000000000000000000000000000000000000000000
200000000000000000000000000000001C000001E00000260000044000004C00018D80000FF000007C00000100000010000001000000180000018000001C000001C000000E00000060000007C000003E000001C000000000000000000000000000000
3000000000000000000000000000000000000000000000C000007F80001E0780038018006000000C000000C000000C01E00070FE00007F8000003000000600000040000007FC000070600000020000001000000100000000000000000000000000000
00000000000000000000000000000007C00001FF80007FFE000F03F000E00F801C003C01C001C01C001E01C000E01C000E01C000E00E000E007001E007801C003C03C001E078000F8F00007FF00003FE00000F8000000000000000000000000000000
400000000000000000000000000000000000000000000000C000061C0000C3C0001C780007C78001FCF0001FFE000073800007300000660000066000000C000000C000000800000180000018000003000000300000030000003000000000000000000
4000000000000000000000003C000003C000003C000003C000007800000780000079F00007FFC0007FFC000FC3C000F03C000F03C000F03C001E03C001E078001E0F8001C078003800000380000038000000000000000000000000000000000000000
20000000000000000000000000000000000000006000007F00007FE00007FC000003800000380000070000006000000C00000180000018000003000000700000060000006000000600000070000007C000003F000000F000000000000000000000000
400000000000000000000000380000078000007800000780000078000007C000007C000007C000007FE00007FF00007FF8000FFF000078F000079F000079E000079E000079E000079E000039C00003000000000000000000000000000000000000000
1000000000000000000000003000000100000018000000C000000C00000040000006000000600000020000002000000300000020000002000000300000060000003000000300000070000007000000200000000000000000000000000000000000000
900000000030000003800000380000038000003800000380000038000003800000380000079C000079F00007FF80007F380007E380007C3800078F800071F00007FE00001FC0000070000000000000000000000000000000000000000000000000000
50000000000000000000000003C00000FE00001C30000381800030100002010000600000060000006000000600000030000003FC000003C000000800000180000010000001000000780003FF00007F000000000000000000000000000000000000000
70000000000600000060000006000000C000000C00000180000018000003800000300000030000003000000300000020000006000000600000060000006006000707E0003FFC0001FC000000000000000000000000000000000000000000000000000
7000000000000000004000000C000001C000001C000001C000001C000001C000001C0000038000003800000380000038000003800000380000038000003800000382000018F00001FF00000FC00000000000000000000000000000000000000000000
2000000000000000000000000000000007000001F00000FF0000FFE0001FFC000003C00000780000070000007000000E000001E000003C00000380000030000007000000F000000E1E0000FFC00007E00000380000000000000000000000000000000
800000000000000000000000000000007000001F800003F8000033800007380000738000073800003B800001F800000F800000F000000F000000F000001F000001F800003980000398000038000003E000000F8000000000000000000000000000000
200000000000000000000000000000000000008000000E3C0001FFE0001FFF00007FF00007FF8000FFF8001F070001E000001C000001C000001C000001C000001C000000C000000E00000077E00003FF00001FE00000F800000000000000000000000
600000000000000000000000000000000000003E00000FF80001DFE000700F0006003000E003000C003000C003000C00F000E00F000601F000783F0003FF30000FE200000060000006000000E000001C000003C000003000000000000000000000000
8000000000000000000000001D000003FE00003070000181000008100000410000067000003E000003800000F800003CC000070C0000C060007006000E006000C01E000C0FC000C3E00007F8000030000000000000000000000000000000000000000
5000000000000000000000000000000007800001FC000038C00007000000E000001C000001C000000E00000060000006000000200000060000006000000E000100F0001FFF00001FC0000038000001000000000000000000000000000000000000000
7001C000001800000180000038000003800000380000038000003800000380000038000003000000300000030000007000000700000060000006000000FF08600FFFFE00F87E000000000000000000000000000000000000000000000000000000000
7000000000030000007000000700000070000006000000E000000E000000C000000C000001C00000180000038000003800000380000038000003800000383C00039FC0003FE00003F0000000000000000000000000000000000000000000000000000
900000000000000000000001E000001E00000070000003000000300000038000003800000180000018000001A000001FC00001FC00001C400001C600001C600001C600000CE000006C000007800000380000000000000000000000000000000000000
10000000000000000000000000000000C000001E000001E000001E000000E000000E000000E000000E000000E000000E000000E000000E000000E000000E000000E000000E000001E000001E000001E000000E0000000000000000000000000000000
800000000000000000000000000000003C00000FE00003FF00007CF0000F0E0001C0E0001C0E000181C000183C00018FC0001DFE0001FFE0000FFE000071E000071E0000E3C0000E3800007F000007E00000380000000000000000000000000000000
100000000000000000000000000000004000001E000001E000001E000001E000001E000001E000001E000001E000001E000001E000001E000001E000001E000001E000001E000001E000001C000001C00000040000000000000000000000000000000
80000000000000000000000000000001F000007FC0000E060001803000180180018018000C018000E0700007FC0003FE0000707C000600E0006003000700180030018001C018000E3300007FF00000FC000000C000000000000000000000000000000
00000000000000000000000000000000000000000000000000007FEE001F803003C003007800300F000300E000600C000600C000C00C000C00600180030030001C070000FEE00003FC000000000000000000000000000000000000000000000000000
3000000000000000000000007E00001FFF800381F800380000030000003000000180000018000001C000000E0000003F800001FC0000038000007800000F000001F000003C080007FFC0007FFC0003040000000000000000000000000000000000000
00000000000000000000000000000000F800003FE00007FE0000FE70001F030001E038001C018001C018001C01C001C038001C038001C070000C070000E0E0000E1E000063C00001FC00001F800000F80000060000000000000000000000000000000
10000000000000000000000008000001C000001C000000C000000C000000C000000C000000C000000C000000E000000E000000E000000E000000E000000E000000E000000E000000C000000C000000C00000000000000000000000000000000000000
9000000000000000006000000E000001E000002C000000C000001C000001C0000018000001FE00001FF00003FF80007C180007018000E018001E018001C038001C0F0001FFE0000FFC00007C000000000000000000000000000000000000000000000
900000000000000006000000F000000F000000E000000E000000E000000C000000C000000CFC0000DFE0000DE30000FC0C000F80C000F00C000F00E000F01E00070BC0007FF80003FF00000F800000000000000000000000000000000000000000000
400000000000000006000000700000030000003000000300000030000007000000700000077E00007FF00007EF0000F070000E070000E070001C0F0001C0E0001C1E000381E000003C000001800000000000000000000000000000000000000000000
100000000000000000000000000000007800000380000030000007000000700000070000007000000E000000E000000E000000E000000E000001E000001E000001C000001C000001C000001C000001C000001C0000000000000000000000000000000
8000000000000000000000000F000000F000001F800003F800003B800007B800007F800007F800003F800007E00001FE00007FF00007EFC000703E000071F000070F00007FF00007FF00007F800001E00000000000000000000000000000000000000
200000000000000000000000000000000E000001E000003F000787F0007CE70000FFE0000FFE00003F800007C0000060000006018000E018000E00C000C00C000C018000C07800060F00007FE00003FC00003F0000000000000000000000000000000
100000000000000000000000000000008000000C000000C000000C000000C000000C000000C000000C000000C000000C000000C000000C000000C000000C000000C000000C000000C000000C000000C00000040000000000000000000000000000000
200000000000000000000000000000000000003FC0001FFE0003FFF000380F800001F000003E000003C000007800000F000001E000003C000007C00000F800000F000000E000000E000000E0000007C000003F000000F000000000000000000000000
9000000000000000002000000300000070000006000000E000000C000001C0000018000003BE000037F00007F30000FC30000F870001F070003C1C000381C000103800008700000FE000007C000000000000000000000000000000000000000000000
70000000000000000000000006000000E000000E000000E000000C000001FC00003FC00001E000001C0000018000001800000180000018000003800000380000030E000073C00003F800007E000003000000000000000000000000000000000000000
50000000000000000007800001FC00007000000C00000080000008000000800000040000006000000300000018000000C000000C000000C0000008000003800001F00001F80001FC00001E00000000000000000000000000000000000000000000000
90000000000000000C000000C000000C000000C000000C000000C000000C000000C180000FFC0000FC70000E030000C030000C030000C030000E030000607000060E000037E00003F800001F000000000000000000000000000000000000000000000
2000000000000000000000000000000000000307800079FC000FFFC0001F0C0000F1C00007F800007F000006000000400000040000006000000600000060000002000000300000038000001C0C0000FFC00007F800003F00000000000000000000000
600000000000000000000000000000000000007C00000FF00000FF80000E38000073800007F800003F800001B8000003C00000180000018000003800000380000030000007000000F000007E000007800000700000060000000000000000000000000
40000000000000000000000000000030000003000000700000070000007000000700000030000003801E003C07F803FFFF807FFF7803FF838018003801C007803C007001C007000800000000000000000000000000000000000000000000000000000
10000000000000000000000003800000380000038000007800000780000078000007000000F00000070000007000000F000000F000000F000000F000001E000001C000001C00000380000078000006000000000000000000000000000000000000000
5000000000000000000000000000000E000001FC000019F00001818000180800018000000C0000006000000700000038000000FE000003E000000E000000600000020000002000000E000001E000007800000E0000000000000000000000000000000
800000000000000000000000F000000F800000FC00000CC00000C600000C200000C200000E30000063100007FF80003FF80001FF80000E380000C380001C300001870000F0E0001E1E000003C00000380000000000000000000000000000000000000
20000000000000000000000000000000000000FFFC003FFFE007FFFE000003C0000038000007000000E000001C0000038000007000000E000001C0000038000007800000F070000E0E0001C3C0001DF00001FC00000F0000000000000000000000000
90000000000000000E000000F000000F0000007000000700000070000003E000003FC00007FE000070600007060000703000070300007030000787000078F000039E00003FC00003FC00001F000000000000000000000000000000000000000000000
20000000000000000000000000000008000003E000007F000000FFE00003FF00001FF00001FF80003FF00003FF000038E000078000007800000780000038000003C000003C000001F000000FC000007E000001C000000000000000000000000000000
0000000000000000000000000F800001FC000078E0000E070000C030001803000180300030030003007000300700030060003006000180C000180C00018180000C3C0000E7C00007FC00003FC00000F00000000000000000000000000000000000000
400000000000000000000001C000000C000000C000000E000000E000000E00000060000006000000E000000F1F80007FF80007FF000070700007030000703000078300003810000380000038000001000000000000000000000000000000000000000
000000000000000000000000000000001F00007FFC000FFFE001FFFE007F807007800700F000F00F000E00F000E00F001E00F003C007007C007007800781F000383E0003E7C0001FF80000FF000003C00000380000000000000000000000000000000
0000000000000000000000000000000000000000000003FF8000FC7C001E01C003800E007000600E000600C0006018000E018000E018000E018001C00C001C00E0E38007FE78003FC7000000600000060000000000000000000000000000000000000
2000000000000000000000000000000000000000000003FF0003FFF803FFFFC03C001C000003C00000F800003F00000F800003F000007C00000F000000E000001C04000180C000181E0001EFC0001FF00000380000000000000000000000000000000
80000000000000000000000003E00000FF00001C30000301000020300006030000306000030E000031C000019800001F000000E000001E000001E0000077000006300000C180001C180003FF800003F00000000000000000000000000000000000000
4000000000000000000000000080000008000000800000180000018000001000000300000FFC0003E7F0004062000004600000CC00000D800000F000000E000000C000001C00000180000018000001800000000000000000000000000000000000000
7000000000000000004000000E000001E000001E000001E000001E000001C000003FC0003FFF0007FFF0003FFF000038000003800000380000038000003F800003FC00001FF80000FF800003F80000000000000000000000000000000000000000000
100000000000000000000000000000008000001C000001C000001C000000E000000E0000006000000E000000E000000E000000E000000E000000E00000060000006000000E00000060000006000000600000060000000000000000000000000000000
2000000000000000000000000000000000000000000080000004018000306C000188C0000F9C00007D800007E000004000000C000000C000000C0020004006000600E000301C0000FF000002000000000000000000000000000000000000000000000
40000000000000000000000006000000F000000F000000F000000F000000E000001C000001C000001C000003F80000FFE0001FFE000038600003860000386000038600003860000386000038600001800000000000000000000000000000000000000
0000000000000000000000001F000007F80001F3E00038070007003000C003800C0018018001C018000C030000C030000C030000C030000C018001C018020C00C061800E06180078778001FFF00003FE0000000000000000000000000000000000000
2000000000000000000000000000000000000000700001FF8001FE78007C07000801C000003C0000038000006000000E000001C0000018000003800000300000030000003000000388000039C00001F800000F8000007000000000000000000000000
70000000000000000060000006000000600000060000006000000E000000C000000C000000FE00003FE0000FFC00001800000180000018000003000000300000070F000077F00003E0000038000000000000000000000000000000000000000000000
40000000000000000000000007000001F000003F000000F000000F000000E000001E000001F800001FE00003FE000079F000078F0000F070000F070001E070001E070001C070001C06000380000030000000000000000000000000000000000000000
300000000000000000000000000000003F00001FF80007C00001E00000180000018000000E000000700000038000000E00000070000003000000300000060000006000000C000000C000000C060000F0C00003F800000000000000000000000000000
300000000000000000000000000000007000003FC000070E0000E000000C000001800000180000008000000C18000077C00003F800000C000001800000100000030000003060000306000018C00001F80000070000000000000000000000000000000
00000000000000000000000000000003E00000FFC0001FFF0003FFF8007FFF8007FFF800FE0F800F80F800F807C00FC07C00FC07C007C078007C0F8007E0F8003F1F0003FFF0001FFF0000FFE00007FE00001FC000000000000000000000000000000
0000000000000000000000000000000038000007E00001FE00003CF0000F8F0000F0F0001E070001C070001C078003C078003807000380F000380E000380E000180E0001C3C0000C780001FF80000FE000001C0000000000000000000000000000000
30000000000000000000000000000001FE0000FFF0001F03000380200030000006000000600000070000003E000001FF800003FF000000F000000E000001C0000018000003000000202000021E00003FC00003E000000000000000000000000000000
10000000000000000000000000000000C000001E000001E000001E000001E000001E000001E000001E000000E000000E000000E000000E000000E000000E000000E000000E000000E000000E000001E000001C0000000000000000000000000000000
9000000000000000006000000F000000E000001E000001C000003C00000380000031C00007FF00007FF8000FFB8000F818000E00C001800C001801C001C078001E0F0000FFF00007FC00000E000000000000000000000000000000000000000000000
6000000000000000000000000000000000000007000001F800001FC000019E000018E0000386000018E000018E00001FC00000FC00000780000070000006000000E000001C000003000000E000019C00000F800000400000000000000000000000000
50000000000000000000000000000000000000000000000E000007F00000FC00001E000001C000001E000000F80000078000003FC0001FFC001FFC000FFF0003FE0000180000000000000000000000000000000000000000000000000000000000000
20000000000000000000000000000000F800001FE00003CF00007070000E038003C03800380380038038003C070003FFE00033F800030000003000000380000018000001C000000E006000700E0003FFC0000FF000000000000000000000000000000
50000000000000000000000000000007F80001FFC0003E0E0007007000E003000C000000C000000E00000078010003FFFC000FFFC00003380000038000003000000300000030000006000043E00007F800007E0000000000000000000000000000000
900000000000000000C000001E000000600000060000006000000600000060000006000000C000000C000000C000000C000000C000001E000001F000003B00000318000039800001F8000007000000000000000000000000000000000000000000000
2000000000000000003800000FC00000DC000011C0000018000003800000380000070000006000000E000000C000001C0000018000003000000300000060000006030000E1E00007FC00007F000000000000000000000000000000000000000000000
90000000006000000700000060000006000000700000070000007000000700000070000003000000700000073E00007FF00003E300003C300007B3000076E0000FFE0000DF80000060000000000000000000000000000000000000000000000000000
300000000000000000000000000000007FC0000FF80001C0000030000003000000300000018000001C000000E000000600000030000007800007F80000F800000E000000E00000070000003C000000FE000003C000000000000000000000000000000
000000000000000000000000000000060C0000C0C0000C0600008060001806000180600010020001802000100200018060001C060000606000078600001C600000EC000004C00000D8000007800000700000020000000000000000000000000000000
4000000000000000000000000180000018000001800000300000030000006000000E000001F000003FC00007DC0000F0C0001C0C000381C0003018000603800000300000070000006000000E000000C00000000000000000000000000000000000000
20000000000000000000000000000000000000000000C000C00F003E003FFFC000FFF000000E000001C00000180000038000003000000700000060000006000000E000000E000001C000001C000001C000001C000000E000000400000000000000000
000000000000000000000000000000007E00001FF00003FF00007C78000F838000F03C001E03C001C03C003C03C003C03C0078078007007800700F000701E000703E000703C00078780003BF00001FE000003C0000000000000000000000000000000
70000000000000000060000006000000600000070000006000000E000000FC00000FC00003F80000FC000011C000001C000001C00000180000038600003FF80007FF80007FE0000780000020000000000000000000000000000000000000000000000
10000000000000000000000000000000C000000E000000E000000E000000E000001E000001E000000E000000E000000E000000E000001E000001E000001C000001C000001C000001C000001C000001C00000180000000000000000000000000000000
10000000000000000000000000000000C000000E000000E000000E000000E000000C000000C000000C000000C000000C000000E000000E000000E000000C000000C000000C000000C000001C000001C00000080000000000000000000000000000000
200000000000000000000000000000007C00003FE0001FC6000780E000001C000003C0000038000007000000E000001C000001C000003800000300000060000006000000C0000004000000600000018780000FFC00000000000000000000000000000
1000000000000000000000000000000040000006000000600000060000006000000E000000E000000E000000E000000E000000E000001C000001C000001C000001C000001C000001C0000018000001800000080000000000000000000000000000000
5000000000000000000000000FF80001FE00003C0000070000003000000300000038000001C000000E000000700000038000001C000000E00000030000003000C003800C003000E0070007BFE0001FF00000000000000000000000000000000000000
30000000000000000000000001F000007F80001C1C000380C00060080006000000C000000C000000C000000C00000060000003FC00001E000003800000700000060000006004000601800070700001FC0000000000000000000000000000000000000
30000000000000000000000000000000F000003FC000061C0000C0C0000C080000C000000600000070000003C000001F000000E000001C000001800000300000020000006020000606000061E00003FC00001F0000000000000000000000000000000
900000000000000000000001C000000E000000E000000E000000600000070000007C000007F800007FE00007FF000070780007038000703800078300007030000707000038F00003FE00001F800000C00000000000000000000000000000000000000
7000000000000000001C0000038000007000000F000001E000003C00000380000030000007000000F000000E000000E000000E000000F001000700300078060003E1E0001FF800007C000000000000000000000000000000000000000000000000000
800000000000000000000001FF00003FFC000703E000C007800C003800C001801C00180180038008003800E007000701E0003FFC0001FFC0001FFE000180600018070001C038000E3F80007FE00001FC0000000000000000000000000000000000000
60000000000000000000000000000000000000F800003FE000038700003818000181F0001E0F0000FFE00003F60000006000000600000060000006000000C000001C00000180000038000007000001E00001FC00001F0000000000000000000000000
5000000000000000000000000000000000000001800000FF00001FF00007E30000F000000E000000E000000F80000078000003E000001E000001F000000F000000F000000F000001E000001E000003C00000380000010000000000000000000000000
600000000000000000000000000000000000003C00000660000041000004080000C040000C040000F020000C820000C820000D81000050100007010000201000000100000010000001000000100000010000001000000300000000000000000000000
1000000000000000000000000600000060000006000000600000060000006000000E000000E000000E000000E000000E000000E000000E000000E000000E000000E000000E000000E000001E000000C00000000000000000000000000000000000000
30000000000000000000000000000001FF00007FFC000FC1C001E00C0038004003000C003000800300000038000001C000000E3E00007FE00000F800001E000003C0000070000006100000FF000007F000003F0000000000000000000000000000000
80000000000000000000000000000001F000007F80000F180000C0C0001C0C0000E080000718000039800001F000000F0000007C000006E00000C700000C38000183000038E000031C00006780000C000000800000000000000000000000000000000
10000000000000000000000004000000C000000E000000E000000E000000E000001E000001E000001E000001E000001E000001E000001E000001E000001E000001E000001E000001E000001E000000E00000000000000000000000000000000000000
000000000000000000000000018000007C00000FE00001CE000038E000070E000070E000060E0000E0E0000C2C0001C3C0001C1C0001C180001C380001C700001FF00000FF000007F000007E000000C00000000000000000000000000000000000000
50000000000000000000000007800001FE00007FE00007F60000700000070000007C000007F000001FE00000FF000001F800008780003E780003FF00003FF00001FE0000FF80003FE0003FF80001FE000000000000000000000000000000000000000
1000000000000000000000000000000038000003800000380000078000007800000F8000007800000700000060000006000000E000000E000000E000000E000001C000001C00000380000038000003800000300000000000000000000000000000000
3000000000000000007800001E4000018000003800000300000030000003000000300000038000001F800001F0000038000007000000600000060000006018000701800038380001FF00000FC00000000000000000000000000000000000000000000
100000000000000000000000000000018000003800000380000038000003C000003C000003C000003C000001C000001E000001E000000F000000F000000F000000F000000F00000070000007000000300000010000000000000000000000000000000
5000000000000000000000007C000007F80000FFC0000FFE0000E0E0000C020000C000000600000070000003FE00001FE000007F000000E000000600000060000007000007F0001FFF0000FFE0000FFC0000000000000000000000000000000000000
50000000000000000000000000000003F00000FFE0001F3F8003803C007000C00E000600E000000E000001C000001C000000C007000E01F0007FFF0003FFF00007C700000070000007800007F80003FE00001F8000000000000000000000000000000
6000000000000000000000000000000000000000800000FF00003FF8000FFF8001FFF8003FFFC003EFFC007DFB8007BF780077E78007FC78003F8F0003F1F0000C3E000007E000007C00001F800001F800000F000000E000000000000000000000000
100000000000000000000000000000000300000070000007000000E000000C000001C00000380000070000006000000E000001C00000380000070000006000000E000000C000001C00000180000018000003000000000000000000000000000000000
800000000000000000000000018000003C000007C000007E000006E00000EE00000E600000E600000E600000FE00000FC00001F80001FF00007E3000020300000030000607000063E00007FC00003F000000000000000000000000000000000000000
50000000000000000000000007E00000FF00003E38000780C000700C000E000000E000000C000000C000000E020000F0F0000FFF00003FF000003E000001C000003C00007FC0007FF8000FFF0000F8000000000000000000000000000000000000000
100000000000000000000000040000004000000E000000C000000C000000C000000C00000040000004000000C000000C000000C000000C000000C000000C000000C000001C00000180000018000000800000000000000000000000000000000000000
70000000000000000C000000E000000E000000600000030000003000000300000030000003000000100000010000001000000100000018000001FFC0003C1F00038010007000000700000020000000000000000000000000000000000000000000000
9000000000000000000000001C000003C000007C000007C000009C000001C000003C000003C000003D800003FF00003FF800078380007838000F038000F07000070E000073C00007700000F600000E000000000000000000000000000000000000000
400000000000000000000003000000380000038000003800000380000038000003800000380000039F00003FFF0003F1F8003803C003801E0038007003800700300078000007800000700000070000006000000000000000000000000000000000000
6000000000000000000000000000000000000000000001F00000FF80000FFC0001E3E000381E000381E000387F0001FF70001FE30000F83000000700000070000006000000E000000E000001C000001C0000018000001800000100000000000000000
200000000000000000000000F800001FF00001F780000070000007000000E000001C000003800000300000070000006000000E000000C001000C003800C003000C007000C03E000F1F80007FC00003E00000000000000000000000000000000000000
2000000000000000000000000000000000000000E00000FE0004FFC000FF380006038000003000000700000060000006000000E000000C000000C000000C0000008000000800000080000008000000C3000007F000003E00000000000000000000000
5000000000000000000000001F800007FE0000FFE0001E000001800000180000018000000C00000078F00003FF000007F8000001800000100000030000003000001F00007FF0007FFF0007F0000030000000000000000000000000000000000000000
00000000000000000000000003800000FC00001CC000038600007060000606000060600004060000C060000C06000180E000180E000180C000181C00018180001838000183000018600000FE000003800000000000000000000000000000000000000
600000000000000000000000000000000000000000000058000007C00007FC0000FE60001E7600038760003066000206600060E600061CE00020CE000318C0003F8C0000E080000008000001800000180000010000001000000100000000000000000
500000000000000000000001FF00007FFC000600E000400600060000006000000300000038000000E00000070000003C580000FF800000380000010000003000000180000018000001C0007FF800079B0000000000000000000000000000000000000
600000000000000000000000000000000000003C000007E00000C700000C38000081C0000C1E0000C1E0000F1C00003FC000000C000000C000001800000180000018000001000000B8000013000001E000001C0000018000000000000000000000000
30000000000000000000000001F000007900000E180001C1800038180006030000E000000C00000080000008000000C00000060C00003FC00003800000E00000180000018000000C0400007FC00000F80000000000000000000000000000000000000
70000000003800000780000038000003C00000380000038000003800000380000038000003800000380000078000007800000780000078000007800000700000070040003FFE0003FFE00000000000000000000000000000000000000000000000000
20000000000000000000000000000000000000000000003E00003FE0007FFE001FF9C003E01C000003C0000078000007000000F000000E000001E000001C000001C000001C000001F000000FF800003FC000007C00000000000000000000000000000
00000000000000000000000000000003E00000FFC0001C0600038030003001800700180060018006001800600080060008003000800300080018008000C00800070180003C180001C18000063800003F800000E000000000000000000000000000000
8000000000000000000000003FC0000FFC0000E0E000180C0000C0C0000F0C00003F800003F80000078000007C00000EF00001E700001C3800018380003870000F0F0000F3E0000FF80000FF000003E00000000000000000000000000000000000000
8000000000000000000000003E000003F00000618000061C000060C0000604000030E00003BC00001F000001E000003F0000073C000060C0000606000060600006060000606000038E00001F800000700000000000000000000000000000000000000
50000000000000000000000003800000FE00003F700003C300007008000700000078000003E000001FC000007E000000F00000070000007000000E000001E000003C00000780003FF0007FFE0003F0000000000000000000000000000000000000000
4000000000000000008000001800000180000018000001800000180000018000003800000380000038000007FE00003FE000038E000038C000039C00003980000398000039000003B0000030000000000000000000000000000000000000000000000
100000000000000000000000010000003000000300000030000007000000600000060000006000000C000000C000000C000000C000000C000000C000000C000000C000000C000000C000000C000000C00000000000000000000000000000000000000
1000000000000000000000000000000020000006000000600000060000006000000E000000E0000006000000E0000006000000E000000E000000C000000C000000C000000C000000C000000C000000C00000040000000000000000000000000000000
4000000000000000020000003000000300000030000003000000200000060000006000000601800060780007FF80006FF0000C070000C070001C060001C0C0001C0C0001C1C0001808000080000000000000000000000000000000000000000000000
00000000000000000000000000000000000001FFE0003C1E0007007800E003801C003C01C001C018000E018000E018000E018000E018000C018001C018001C01C003801C007000C01E000C07C00060F00000000000000000000000000000000000000
3000000000000000000000000000000000000007000003F00000FC00003E00000380000018000000C000000700000018000007800001F800000E00000070018001F07C0003FF800001C00000000000000000000000000000000000000000000000000
30000000000000000000000006000001F800007FC0000FFC0001F840001E000001E000001C000001E060000FFF00007FF00003FF00001FE00000F000001E000003C300003CF80003FF80001FF00000700000000000000000000000000000000000000
7000000000030000003000000200000060000004000000C000000C00000080000018000001800000100000030000003000000200000020000006000000400000040000007FF80007FF800000000000000000000000000000000000000000000000000
6000000000000000000000000000000000000000000000FC00007FE0001FBF0003C3B800787B80070F180077C18007F018001C0380000030000007000000E000000C000001C0000038000007000001E000007C00001F000001E000000000000000000
1000000000000000000000000000000060000006000000600000020000002000000200000060000006000000600000060000006000000C000000C000000C000000C000000C00000080000018000001800000000000000000000000000000000000000
6000000000000000000000000000000000000007C00000FC00001C600007060000E060000C06000180600018060001C0C0001C0C0000FFC00007D8000001800000380000070000006000001E000001C00000180000010000000000000000000000000
20000000000000000000000000000000000000000000F0000003F0000007FC00000FC00000F0000018000003000000300000020000002000000100000010030001004000181C0000C7000007E00000380000000000000000000000000000000000000
100000000000000000000000001000000300000020000006000000E000000C000001800000380000030000007000000E000000C000001C000001C00000380000030000007000000E000000E000000C000000000000000000000000000000000000000
900000000008000000C000000E000001E000001E000001E000001E000001C000001C000001C000001C0000039800003FE00003FE00007C700007C700007C700002FF000003F000001E000000000000000000000000000000000000000000000000000
20000000000000000000000000000000000000000000001800001FF8007FFFC00FFE3E01FFFFE00FFFFC001FFF8003C000003C000003C000003C010001E038001F078000FFF80007FF00003FC00000000000000000000000000000000000000000000
8000000000000000000000000F800001FC000038E0000386000018E00001FE00001FC0003FF00003C700000038000001C000041C0000C0E0001C0E000380E000181E000383C0003FF80001FF00000FC00000000000000000000000000000000000000
6000000000000000000000000000000000000000000000C000003F000003FC000061C0000E1E0001C7E0001FE60001FC60000E06000000C000000C0000018000001800000300000070000006000000E000000C0000018000001000000000000000000
1000000000000000000000000180000030000003000000700000060000006000000E000000E000000C000000C000000C000000C000000C000000C000000C000000C000000C000000C000000C000000C00000000000000000000000000000000000000
9000000000000000006000000600000060000006000000C000000C000000C000001800000187000011F80003008000300800060080004018000C02000180C000103800030700001FC0000068000000000000000000000000000000000000000000000
50000000000000000000000000000001E000007FC0000F9E0000E070001C0300018070000C000000C000000E00000078300003FF00001FE000007E0000004000000600000FE0001FFE0001FF80003F800001000000000000000000000000000000000
20000000000000000000000000000000000000007000001F800003DC00007B80000FB80080FF801FFFF0006FFE00003C000003C00000780000078000007000000700000070000007000000700000079800003F800001F000000000000000000000000
50000000000000000000000000000001F800007FE0000E020001C02000180000018000001C000000E00000070000001E000000F8000003C000000E00000060000006000001E000047C00004F000007C00000700000000000000000000000000000000
40000000000000000600000060000006000000400000040000004000000C000000C000000C038000F070000FFF0000C3F0000803800080380008070000807000180600018030001803000080200000000000000000000000000000000000000000000
400000000000000000000000000000000000002000000300000038000003800000707C0007FFE0007FFE000700E000700E000F01E000F01C000E00C000E000000E000000C000001C000001C000001C000001C000001C0000000000000000000000000
2000000000000000000000000000000007C00001FC00007EE0002FCE0003E1E0003FFE0007BFC000F0F8000E000001C000001C000003C00000381000038180003818000381800018180001E7C0000FF80000790000000000000000000000000000000
80000000000000000000000007000001FC0000706000060200004060000406000060C000021C000031800001F000001E000000E000001E000001B00000318000071C000061E000067700007C000003800000000000000000000000000000000000000
30000000000000000000000000000000000001F600007FFE000C00F000C001C00E000600700020038002001E0000007C000001FE000003F00001FE00007C00000C000000E00000070020001FFF00003FE000000000000000000000000000000000000
80000000000000000000000006000001F000001B000003380000230000037000003E000001F800001FC000018F0000103800010180002018000603800040F800082F00019FC0001BE000018000000C000000000000000000000000000000000000000
2000000000000000000000000018000003800000F000007E00000FC00007DC0001E380007070000006000000C000001C000001800000300000060000006060000C060000C060001C1E0001FF80000FE00000000000000000000000000000000000000
40000000000000000000000300000078000003800000380000038000003C000003C000001E000001FDFC001FFFE001EFFE000F39E000F01E000F01C000701C000781C000381C000381C000181C0001818000000000000000000000000000000000000
50000000000000000000000000000003E000007FC0000FFE0001FFF0001E0F0003C030003C000003806000780F000787F8007FFF8003FFF8003FFF8000F0F000000F000001F00003FE00007FE00003FE0000070000000000000000000000000000000
0000000000000000000000001F800007FE0000FFF0001F0F8003C03C003801C003801C003801C003801C003801C003803C003803C003C078001E078000F0F0000FDE0000FFE0000FFC00007F800003E00000000000000000000000000000000000000
300000000000000000000000000000007C00003FE00007FF0000F7F8001C0300018030001001000100000010000001C300001E700000FF000003E000001C0000018180001818000187000018F00001FC00000F0000000000000000000000000000000
100000000000000000000000380000018000001C000001C000001E000001E000001E000001E000000E000000E000000E000000E000000E000000600000060000006000000E000000E000003C000003000000000000000000000000000000000000000
7001800000180000018000001800000380000038000003000000300000030000007000000700000070000007000000700000070000006000000601F80073FF8007FFF0007C00000000000000000000000000000000000000000000000000000000000
700000000000000000300000038000003000000700000030000007000000700000060000006000000E000000C000001C0000018000001800000380000030C000030E000037C00007F000003C000000000000000000000000000000000000000000000
5000000000000000007C00001FE00007FF0000FEF0000F8F0001E060001E000001E000001E000000E000000E0C0000F3C0000FFE00007FE00007FC00003FE0000FFF8003FFF8007FFF800000F00000000000000000000000000000000000000000000
700000000006000000F000000F000001F000001E000003E000003C000007C000007800000F800000F000001E000001E000001C000001C000001D7FE001FFFE001FFFE001FFFE0007FE000000000000000000000000000000000000000000000000000
9000000000000000020000003000000300000030000003000000300000030000003800000180000019F00001B380001E180001C180001C100001830000186000018600001FC00001F0000018000000000000000000000000000000000000000000000
70000000000C000000E000000C000000C000001C000001C000001800000380000038000003000000700000070000006000000E000000E038000C1F8000FFF000060E000001C0000038000000000000000000000000000000000000000000000000000
100000000000000000000000000000006000000F000000F000000F000000700000070000007000000F000000E000000E000000E000000E000000C000000C000000C000001C000001C0000018000001800000180000000000000000000000000000000
90000000000400000040000004000000C000000C000000C000000C000001C000001C000001C000001F800001FC00003EE00003C600003860000706000071F00007FE00007F4000000C000000000000000000000000000000000000000000000000000
2000000000000000000000000000000007000001F000003F800007180000E180001C7000FFFF001FFFC00007F000007000000600000060000006000000E000000E000000600000060C000073C00003F800001E0000000000000000000000000000000
10000000000000000000000000000000C000000C000000C000000C000000C000000C000000C000000C000000C000000C000000C000000C000000C000000C000000C000000C000000C000000C000000C00000080000000000000000000000000000000
40000000000000000000000000000000080000018000001800000300000060000004000000C000001FF8000380C0006004000C00C0008018001806000203C0006070000C0600018000002000000000000000000000000000000000000000000000000
2000000000000000000000000000000001E0001EFE0007FE700007FE0000E080001C0000030000006000000C0000018000003000000300000060000006002000C0030004002000600E000603C0003FF80000FE0000000000000000000000000000000
9000000000000000018000001C00000180000038000003800000380000038000003800000380000038000003FC00003FE0000797000070380007018000703800070F800071F00003F8000018000000000000000000000000000000000000000000000
200000000000000000000000000000000000018180001E7E0001FFE0000FFE00003FC00003F000003000000700000070000006000000600000060000007000000700000038000001C000001F980000FF800007F800000E00000000000000000000000
00000000000000000000000000000001F000007FC0000FC60001E030003C030003801800700180060018006001800600180060018006003800200380020030003003000100600018060000C1C00007FC00001E6000000000000000000000000000000
40000000000000000000000000000003000000300000030000003000000306000030F000033F00403FF00783F3003FFE30003F83000030300003030000303000030300003030000603000060300006030000003000000000000000000000000000000
9000000000000000003000000380000030000003000000600000060000006000000C000000C00000180000018E000019E000077E00007E600007860000704000060C000031800001B000001E000000000000000000000000000000000000000000000
10000000000000000000000008000000C000000C000000C000000C000000C000000E000000E000000E000000E000000E000000E000000E000000E000000E000000E000000E000000E000000E000000C00000000000000000000000000000000000000
40000000000000000000000000000000200000030000003000000700001F700001FE000001FC00001FF000018F000018300003870000306000070E000061C0000E180000E300001C60000186000038000003000000000000000000000000000000000
8000000000000000000000001C000007E000007F000006300000630000073000003F000001E000000F000000F800000DE00001CF0000383000030380006018000C018000803000030300003DE00000F80000000000000000000000000000000000000
10000000000000000000000000000000700000070000003000000300000030000003000000700000070000006000000E000000E000000E000000C000000C000001C000001C00000180000018000001000000300000000000000000000000000000000
800000000000000000000001FF0000601C0006004000200400010060000C04000060C000010800001D000002700000278000044C000058600008030000801000080100008010000C0700007FE00001F80000000000000000000000000000000000000
4000000000000000000000004000000600000060000006000000600000020000003000003FE00003FF800003FC000019C000018C00000CC00000CC000004C000000C000000C000000C000000C000000C0000000000000000000000000000000000000
500000000000000000000000000000003800000FB80001C0C0003800000300000038000001E000001F8000007E00000070000003800007F8000FFF0007F8E003FC38000E0000000000000000000000000000000000000000000000000000000000000
900000000000000000C000000C0000018000001800000180000018000003000000300000033C000027E00002E600006C6000078600007860000704000060C000070800007F800003F000000E000000000000000000000000000000000000000000000
800000000000000000000000038000007800000F800000F800001F800001B000003F000003E000003E000003C00000380000038000007E000007F00000E7C0001C1E000101E000067C00007F800003C00000000000000000000000000000000000000
80000000000000000000000007800000FC00000CC00000CC00000D800000780000070000007000000F800001980000318000070C000060C0000C0E0000C4E0000C6C0001C3C0000C780000FF000007C00000000000000000000000000000000000000
3000000000000000000000001FC0001FFF0003FFF0007FF80007F000007C000007F000003F8000007E000007FC00001FE000007E00001FE00007FE0001FFC0001FE00001FF1E000FFFE0007FFE0001FBE000000000000000000000000000000000000
7000000000010000003000000300000030000006000000E000000C000001C00000180000038000003000000600000060000006000000600C000603C000F0780007FF00003FE00001F0000000000000000000000000000000000000000000000000000
6000000000000000000000000000000000000007000001F8000038C000030C000060C000060C000060C000060C000060C00007DC00003FC000003800000380000030000006000000E000001C000003000000E000000C0000000000000000000000000
00000000000000000000000001C00003FF00007FF8000FFF8000FFFC007F83C007E03C00FC03C00F803C00F803C00F003C00F007C00F807C007E07C007F8FC007FFF8001FFF0001FFF00007FF00001F00000000000000000000000000000000000000
000000000000000000000000000000005800000FC00003FE000079E00006070000E070001C0700018070001807000180E000380E000380E000380E000181C000181C0001C380000C7000000F000000E000000C0000000000000000000000000000000
30000000000000000000000007C00000FE00003E600007C00000F800000F000001E000003C000003C000003C780001FFC0000FFC00007F800000F800000E000000C000001C380001FF80000FF000003E0000000000000000000000000000000000000
00000000000000000000000003000000F8000018800001080000308000020800006080000608000040800004080000408000040800004180000410000041000004300000620000026000003E000001C00000000000000000000000000000000000000
20000000000000000000000000F000003F80000FFC0001C1C000007800000F000001E000007800000F000001C000003800000F000000E0000038000003800000700E000600F00061FF0007FF00003FC00000000000000000000000000000000000000
60000000000000000000000000000000000000000000001E000007FC00007BE000381E000E00E001C00E003800C00E000C00E005800F027801FFE1001FFC3000000200000060000004000000C00000000000000000000000000000000000000000000
600000000000000000000000000000000000007F00000FF80001FFE0003C0E000380F000300F000301F000307B0001FF30001FF30000FC7000000E000000E000003C000007C00001F800003F00000FC00000700000040000000000000000000000000
4000000000000000000C000000C000000C000001C00000380000038000007000000E3C0000FFC0001FFC0003FF8000FFF0003FFE0001FFC0001EF80001FF00001FC00003F800003F000003C0000000000000000000000000000000000000000000000
900000000000000000000000018000007C00000FE00001FE00001E600001C600001C20000380000038000003B800003FC00007FC000071C0000E1C0000E1C0001E380001E780001FF00000FE000007000000000000000000000000000000000000000
300000000000000000000000000000001E00003FF8003FFF8007FC3800FC03000F000000F0000007F000003FE00000FFC00001FE000003F000000F000003E00003FE0000FFFE000FFFF00047FF0000000000000000000000000000000000000000000
30000000000000000000000001E00001FF80003FF80007FF8000FC00001FC00001F000001F000000F800000FC000007F800003FC00001FC00000FE00001FE00003FC00003FC00003FE00001FE00001FC0000000000000000000000000000000000000
30000000000000000000000007C00001FF00001FF80003FF80007C70000F820000F000000F040000FFE0000FFF00007FF00007FE0000FE00001F800001F000001F000000FFE0000FFF00007FF80000FE0000000000000000000000000000000000000
20000000000000000000000000000000000000E030007F8780021FF00000FE000003800000300000070000006000000E000000C00000180000018000001800000180000018180001830000187000019C00001F800000E000000000000000000000000
30000000000000000000000000000003F00001FFE000180700070078006001C0060006006000600600000078000001E6000003E000001C00000380000060000006008000E00C000601C00078380001EF0000038000000000000000000000000000000
90000000006000000E00000060000006000000600000060000006000000400000060000007FC0000FFF0000E070000C038000C018000C01800180180018078000C3F00007FC00003F0000000000000000000000000000000000000000000000000000
1000000000000000000000000000000030000003800000780000078000007800000F800000F000000F000000E000001E000001C000003C000003C000003C0000038000003800000780000030000003000000300000000000000000000000000000000
200000000000000000000000000000001C00003FC0007F18000003000000300000060000004000000C000000800000180000010000001000000100000030200003020000306000020C000023800003E000001C0000000000000000000000000000000
600000000000000000000000000000006000001F800007DC0000E040000C060000C060000C060000C060000F7E000077C000001C000001C0000038000007800000F000001E000003C00001F800001E000000800000000000000000000000000000000
800000000000000000E000001F00000330000031000003180000318000019800001D800000F800000F000000F000001F8000039C000070C0000E0E0003806000780E000683C0000FF000007E000000000000000000000000000000000000000000000
0000000000000000000000000000000FE00003FF00003EFC000301E000700F000300700030038003003800300380030038003001800300380038030003807000380E0001C0E0000E0E0000FFE00003F800001E0000000000000000000000000000000
500000000006000000F000000F8000018000001000000100000010000001000000180000008000000C000000E0000007E000001E000000E000001E00003FE0001FFC0001FF00000E00000000000000000000000000000000000000000000000000000
600000000000000000000000000000000000000000001F800003FE00007FF8000F1FC000E1FE000E1FE000E3DF000E7CF000EF8F000FF0F8007E0F8003C0F800000F800000F800000F000000F000000F000001E000000E000000E0000000000000000
60000000000000000000000000000000000000F200003FF00007FFC0007FFE001FAFE001F03F001F8FF000FFFF8007FFF8007FCF8000F87800000780000078000007800010F80003EF00003FF00003FE00001FC000007000000000000000000000000
600000000000000000000000000000000000000E000003F00001FFC0001FFF0003C7F00078F780071E38007FC38007F838007F03800000380000078000007000000F000000E000001E000003C000007800000F000000E000000000000000000000000
300000000000000000038000007F00000E000005E000007C00000F800000E000001E000001C0000004000000F800001FC00007FC0003F000007E000007C000007901C001FFFC000FFF000003000000000000000000000000000000000000000000000
800000000000000000F800001FC00003FE000038E000030E000060E000060E0000E1C0000E380000E700000FE000007E00000FE00000FFC0001FFE0001CFF000387F8003E7F0003FFE0001FF800000000000000000000000000000000000000000000
80000000000000000000000003C000007E000006700000C300000C300000438000043800004300001E300001FE00003FC00007F80000EF000018300003030000701000070100003C300000FF000001E00000000000000000000000000000000000000
200000000000000000000000000000000000000FC00007FE0007FFC000FCF800180F800000E000001E000001C000003C00000380000078000007800000700E000703E00038FC0001FF80001FC00000000000000000000000000000000000000000000
70000000000000000001C000003C000007C00000F800001D000003B000007A000007200000F300001FF80007FF0001FFC0007F800000F000001E000003C000003F7E0007FFE0007FFE0003FF800000000000000000000000000000000000000000000
5000000000000000000000001700000FFC0000FDF0001F000003C000003C000003E000000F0000007E000003F800000FC000007F000000F80000078000007C00080FC000F7F8000FFE00007F800000C00000000000000000000000000000000000000
8000000000000000000000000F000003FC000071E000070600007020000306000038E000018C00000DC0000078000007800000FC00001DC0000384000070000006060000C0E000187C0001FE00001F800000000000000000000000000000000000000
900000000003000000200000060000006000000C000000C0000018000001800000100000030000003000000314000070200007C2000070200006040000404000000800003F000003F0000000000000000000000000000000000000000000000000000
6000000000000000000000000000000000000000000001F000003FC0000FDE0001DC700009C700019C30003383000330300037030003E0300018030000007000000700000070000006000000E000000E000003E000001800000180000000000000000
10000000000000000000000004000000400000040000004000000400000040000004000000400000060000006000000600000060000006000000600000060000006000000600000060000002000000200000000000000000000000000000000000000
8000000000000000000000000F800003FC000079E0000E060000C060000C0E0000C0E0000E1C00007FC00007F800007FC00007FE0001F860001E06000183E0001FFC0001FF80001FC00001E0000008000000000000000000000000000000000000000
4000000000000000000000030000007800000780000078000007C000007C000007C000007C1F0007C7F8007DFFC007DFFE003FFFE003E03E003E03E003E01E001E01E001E03E000402E000000E0000004000000000000000000000000000000000000
100000000000000000000000000000006000000700000070000007000000F000000E000000E000000E000000E000000E000000E000000E000000E000000E000000E000000E000000E000000E000000600000020000000000000000000000000000000
20000000000000000000000000000000000003F00E003FE3F0001F7700003EE00003FC00003E000006000000C00000180000030000007000000E000000E000001C000001800000180000038000003FFC0001FF800007C000000000000000000000000
50000000000000000000000000000000E000003E00000F000000E00000180000018000001C7C0000FFC000019800000180000018000001800000180000010000003000000300000F3000003F800000F80000070000000000000000000000000000000
9000000000000000000000003C000007F80000E1C0000C0C0000C080001C000000C000000C000000C000000C1800006FE000078700006030000303800030380003030000303000030700001FE000007C0000000000000000000000000000000000000
100000000000000000000000000000003000000780000018000001800000100000030000003000000600000060000006000000C000000C000001C0000018000003800000300000060000006000000C000000C00000000000000000000000000000000
90000000000000000300000070000003000000300000030000003000000300000070000007000000700000067E00007CF0000787000070700007030000F07000038700001DE00000FC000007800000000000000000000000000000000000000000000
70000000003800000180000038000003800000300000070000006000000E000000C000001C000001C0000018000001800000180000018000001C000000F0004003F61E001FFFE0001FC00000000000000000000000000000000000000000000000000
500000000000000000000000000000000E000001A0000030000002000000300000018000001C0000006000000200000030000003000000600003F400FFF7C000000000000000000000000000000000000000000000000000000000000000000000000
400000000000000000000000180000008000000C00000180000018000001800000180000018000003E000007FF0001FFF0003B038000303000030300003030000306000030E000000C000000C000000C0000000000000000000000000000000000000
000000000000000000000000000000007800001FE00003FF000078100006010000E018000C01800180180018018001803000180300008030001806000080E000080C000081C0000C3800007F000007E000001C0000000000000000000000000000000
8000000000000000008000003F000006180000608000060800006180000630000037000001E000001C000003F000007780000E1E0001C078003801E007000E00E007C00C03E00180F800081C000000000000000000000000000000000000000000000
90000000000800000080000018000001800000180000030000003000000300000060000006000000C1F0000C7F8000CFB8001FC38001F070001C3E00005FC00007F80000F800000700000000000000000000000000000000000000000000000000000
90000000000600000070000003000000200000020000006000000600000060000004000000C000001C000003F8000078C0000D060000F030000F030000703000070600003FE00001F8000000000000000000000000000000000000000000000000000
1000000000000000000000000000000030000003000000300000030000003000000200000060000006000000E000000E000000C000000C000000C00000180000018000001800000100000030000003000000200000000000000000000000000000000
000000000000000000000000000000000000000000000000000000000001FF8000FF1C007E00E00F000E01C000C018001C01C003801C007000C00E000C03C000403800040F000001E0000000000000000000000000000000000000000000000000000
500000000000000000000000007000003F800007800001E000003C00000780000070000006000000E000000E0100007FF00003F700000030000006000000C000001800000180001D700001FE000007C00000000000000000000000000000000000000
2000000000000000000000000000000000C00000FF00007FF0001FFE0007C1C000F07800001E000003C000007000001C000003800000F000003C0000070000006000000E010000E270000FFF00007FE00003F80000000000000000000000000000000
30000000000000000000000000000001FC0000FFE0003FFF8007E03C007800C007000000700000038080001C3C00007FC00007F800003F000007C00000F000000F006001E00E001C03E001E3FC0007FF00003F8000000000000000000000000000000
700000000001800000380000038000007800000F800000F000001E000001C000003C00000380000078000007000000F000001F000001E000003E000003F000001FFFC000FFFC000003C00000000000000000000000000000000000000000000000000
8000000000000000000000000000000000000003F00003FF80007FF8000FFF8001F878003F078001F8F8001FDF0000FFF0000FFE0001FFC0003E1C0003C3C0003E7C0003FF80001FF800007F000007E000007C0000030000000000000000000000000
900000000000000003000000300000030000003000000300000070000007000000700000070C000077E00007E7000078380007818000783000030300003070000106000018E00000FC000007800000000000000000000000000000000000000000000
40000000000000000000000018000003C000000C000000E000000E000000E000000E000000E000001E000001F000001F8000039C000039C000071C000071C000061C000001C000001C000003C00000180000000000000000000000000000000000000
0000000000000000000000000300000078000007C00000FC00000CC00001CE000018600003060000306000060600006060000C060000C0E000080C000181C000181800018380000C380000FF000007E00000000000000000000000000000000000000
600000000000000000000000000000000000000780000098000010C000030C000020C000021C000023C00003E8000018800000080000010000001000000200000020000004000000C0000018000003000000600000040000000000000000000000000
300000000000000000000000008000007F80007FF8000FFF0000F800000F000001E000001E000001F000001FC00001FF000001F000001F000003F000003C000003806000383E0003FFE0001FF80000780000000000000000000000000000000000000
90000000000000000E000000E000000E000000E000000E000000E000000E000000E0FC000E3FE001EFCE001FF0E001FC06001F00E001E00E001E01C001E03C001F078000FFF00003FE00001F800000000000000000000000000000000000000000000
500000000000000000000000000000000000000004000007F00003FF0000FC30003F000007C00000F000000E00000078000003E000001E0000007000000F000001F00001FE0000FFC0000038000001000000000000000000000000000000000000000
200000000000000000000000000000000C001F07F000FCFF0003FFF8001FE38000FC78000FFF0000FFF0000F7E0001E000001E000001C000001C000001C000001C000000E006000F01E0007FFC0003FF80001FC000000000000000000000000000000
100000000000000000000000020000006000000600000040000004000000C000000C000000C000000C000000C000000C000000C000000C000000C000000C000000C000000C000000C000000C000000800000000000000000000000000000000000000
300000000000000000000000000000007C00007FE00007FF0000E0E00007000000780000038000001F000001F000003F800007F00000F900000E000000C000001C000001E000000F8300007FE00001FC0000078000000000000000000000000000000
100000000000000000000000008000000C000000C000000C000000C00000180000038000003000000300000060000006000000E000000C000000C00000180000018000003000000300000060000004000000000000000000000000000000000000000
30000000000000000000000000000000E000003F800007FC00007A40000E000000700000078000003C000000F0000007C000003F000001F000007F00000FC00001E000001C000003E000001F800000780000018000000000000000000000000000000
60000000000000000000000000000000F000003F800007FC00007060000E060000E0600007FE00003FE000000E000000C000000C000001C00000180000038000007000000F00001BE00001FC00001F800000E00000000000000000000000000000000
50000000000000000000000003800000FF00001C780003818000700800060180006000000600000060000007000000300000018000000FE000007E0000006000000E000000000003FC0001FF00001F000000000000000000000000000000000000000
700000000000000000010000007000000F000001E000003C0000078000007800000F000001FE00007FE0000FFC00007000000E000001C000001C0000038000003FF00003FFE0001FFF000000E00000000000000000000000000000000000000000000
4000000000000000000C0000004000000C000000C000001C000001800000380000070000006000000E000000E000001E000001B0000031800007180000E180000C1800038100001010000001000000000000000000000000000000000000000000000
2000000000000000000000000000000000000001F00007FF0007FFF000000E000001C0000038000007000000E000001C0000018000003800000300000030000003000000380000018000001C600000F6000007C000001C00000000000000000000000
20000000000000000000000000000000000007000000F87C000FDFE0007FFF0001FFF0000FC700007E700007FF00007FE000073C000070C00007000000780000078000003C000001E000001FF00000FF000007F000000C00000000000000000000000
600000000000000000000000000000000000001FF00003FF80007FFC000FF1C001FE1C003EE1C003CE1C0079E1C0071C1C0067C1C00E783C00FF038007E038007E0780070070000007800000F000000E000000E000000600000000000000000000000
30000000000000000000000007000000D8000018800003000000300000020000002000000306000031E00001FC00000E000000C000001800000300000030000006000000600000061800007F000003C00000000000000000000000000000000000000
200000000000000000000000000000000000000000000001000000FC00003C6007E70600FFE020003F020001FE600030FE000207C00060000006000000C000000C000000C000000C000000C000000E00000074000003C000001C00000000000000000
60000000000000000000000000000000000000060000007800001FE00003FE0000E760001C6600010EE00031CE000238E0006F0E0007C0C000380C000000C000000C00000180000038000003000000300000070000002000000000000000000000000
50000000000000000000000000000001F800007FF0000F070000C018000C008000600800070000001C000000E00000078000001E000000600000030000003000018600007FE003FE7C007F00000000000000000000000000000000000000000000000
40000000000000000100000018000001C000001C000001C000001C000001C000001C000001C000001D800001FC00001F600001E600003C600003860000386000070400007060000604000060000000000000000000000000000000000000000000000
8000000000000000000000000000000038000007C000007C000006C000005C00000780000070000007000000E000001E0000033000006300000C300001C3000018300002020000202000000E00000FC00000380000000000000000000000000000000
90000000000000000100000018000001800000380000038000003000000300000030000003000000330000037800003FC00003CC000038C000038C000039C000011800001B000001E000000C000000000000000000000000000000000000000000000
700000000000000007000000700000070000007000000700000070000006000000600000060000007F80003FFC0007F800000E000000E000000E000000F0FF8007FFF8003FF0000000000000000000000000000000000000000000000000000000000
10000000000000000000000000020000006000000C000001C0000030000003000000E000000C000001C000007800000F000001C0000038000007800000E000000E000001C000007400000E000000C0000000000000000000000000000000000000000
3000000000000000000000000000001FF80003E1E0007006000E002000C0020006000000600000030000001C038000F0700003FE0000038000003000000600000060000004000000603000060600003FE00000F800000000000000000000000000000
000000000000000000000000000000003800001FE00003FF00007070000E038003C01800380180070018006001800600180060018006001800600300060030007007000300700018060001E3C0000FF000003C0000000000000000000000000000000
3000000000000000000000000FE00007FF8000FFF8000E018001C0000018000001800000180000018000001C000000E00000078000003F800001F800001F800003F000007C700007FF00007FE00001FC0000000000000000000000000000000000000
80000000000000000000000000000000FE00007FF0001FFF8007F03800780380070038007007000700F000707E00038FC0001BFE0001FFF0001F030003C03000780300070C70007FCF0001EFF000007E0000018000000000000000000000000000000
300000000000000000000000000000000000001000001FF8000380000070000006000000700E0003FFE0000FFE000001C0000038000007000000E000001C000001E018001FFF800007E00000000000000000000000000000000000000000000000000
100000000000000000000000000000006000000E000000E000000E000000E000000E000000E000000E000000E000000E000000E000000E000000E000000E000000E000000E000000E000000E000000C000000C0000000000000000000000000000000
900000000000000000000000600000060000007000000300000030000003000000300000031C000033E00003E700003C3000038600003860000384000030C00005180000418000067000003E000001800000000000000000000000000000000000000
300000000000000000000000000000000000000F000003F800007FC000061C000060400006060000600000030000001E000000F00000070000007000000E000000C000000800000080000008000000F8000007E000001300000000000000000000000
4000000000000000000000000800000180000018000001800000380000033C000037C00003EE000038600007060000604000060C000061C000061C0000638000063000006300000470000007000000600000000000000000000000000000000000000
40000000000000000000000000000006000000600000060000006000000703800070F80007FF8001FFB8001F8380067038000703800070300007030000603000060300006030000603000060000006000000400000000000000000000000000000000
600000000000000000000000000000000000001800000FF00001FF80003C7C000383C000381E0001CFC0000FFE0000FEE000001C000001C000001C000003C000003C000007000000F000001F000001E000001E000001C000000000000000000000000
400000000000000000000000000000030000007800000700000070000006000000601F000C07F000CFE7001FFC6001E00C003C00C003801800700380060070006007000E006000E000000C000000C0000000000000000000000000000000000000000
200000000000000000000000000000000000000000007FF0001FC7000180300000070000006000000E000000E000001C000001C00000180000018000001C000000C000000600000070000001C000000FE000003E00000000000000000000000000000
10000000000000000000000000000000100000038000003800000380000038000007800000700000070000007000000E000000E000000E000000E000000C000000C000001800000180000018000001800000100000000000000000000000000000000
800000000000000000000000000000000C000003E000002300000630000061000002300000230000036000003C000003800000F000003F000006100000C1000018300001020000304000030800001B000000E00000000000000000000000000000000
2000000000000000000000000000000000000001F800007FC0000FFE0001FCE0003F0E001FF0E007FFFC001FFFC000FFF0000F1C0000F000000F000000F000001E000001E000000E080000F700000FF000007E0000038000000000000000000000000
50000000000000000000000006000003FC00007FE000070700006030000601000060100006000000700000070000003C000001F000000FE000003F8000003C000000C00000FC00F9FF800FFF00003C000000000000000000000000000000000000000
40000000000000000000000030000003800000380000038000007000000700000070000007FE00007FF00007838000F03C000F03C000F03C000E03C000E038000E078001E030001C000001C0000018000000000000000000000000000000000000000
800000000000000000000000810000081800008080000408000041000004100000410000033000003F00000038000004C0000044000008400000840000104000020400000040000008000019800000E00000000000000000000000000000000000000
8000000000000000000000007000000F8000018C000018C000018C000009800000D80000078000003F00000378000020000002300000218000020C00002060000303000010100000C18000073800001F0000000000000000000000000000000000000
400000000000000000000000600000070000007000000700000070000007000000F800000F800000FC70000FC70000FF70000E7F0000E3F0000E078000C038000C038000C038000C03800000380000018000000000000000000000000000000000000
00000000000000000000000001E000007300000C300001818000301800060080006008000C008001C01800180180038010003001000300300030020006006000700C000701800030700003FE00001F000000000000000000000000000000000000000
00000000000000000000000000000000E000007F80001FFE0003807000700380060018006001C00C001C00E001C006001C006001C0070038003003800380300018070001C060000E1E000077800007000000300000000000000000000000000000000
2000000000000000000000000000000003E0003FFF0007FFE0001FFC0000038000007000001E000003C000007800001F000003C000007800000E000003C0000038000007000000E0100007FF80007FF80003FC0000000000000000000000000000000
300000000000000000000000000000001E000007F00000F000001E000003C000007800000700000060000007FC00007FE000033E000003C000007000000E000001C0000038000003E000001F8000007C000000C000000000000000000000000000000
2000000000000000000000000000000007800003FC0018FFE007FF86001FF86000FFFE001F3FE003E07C00380000030000003000000300000030000003000000380100018018001E078000FFF80007FF00001FF000000000000000000000000000000
700000000000000000100000030000003000000300000060000006000000C000000C000000C000001F80001BFC0001F8000003000000300000020200006040000602000078200001FE000000C00000000000000000000000000000000000000000000
7000000000000000000000001C000001E000000600000060000006000000E000000E000000E000000FE00000FE00003F800007C000007C000007C000006C000000C000000600000070000003E000000E0000000000000000000000000000000000000
0000000000000000000000000E000001F000003F800007FC00007FE0000F9E0000F1F0000F0F0000F0F0000F0F0000F0F0000F0F0000F9F000079F00007FE00003FE00001FC00001FC0000FF000007E00000000000000000000000000000000000000
800000000000000000000000000000000000001F800003FE00007FF0000F070000E0E0000F3C00007F800003E000003F80001F3C0003C1E000380E000F006001E0070030006000000E000003E000007C00001F000001C000000000000000000000000
700000000000800000180000018000003000000300000030000007000020600003CE00001FE000007C00000380000038000007000000E010000FF18000FFD8001F9F80038038003000000000000000000000000000000000000000000000000000000
4000000000000000000000000100000030000006000000E000000C000000C0000018C00001FE00003C60000302000060200006060000C040000C0C0001808000180800018180003030000600000040000000000000000000000000000000000000000
40000000000000000000000000000006000001E000001F000001F000001F000000F000000FFFE000FFFF801FFFF801FE1F801F00F003E00F003C00F003C00F003801E007801E007800E00380000010000000000000000000000000000000000000000
7000000000000000018000001C000001C000003C000007C000003C000001C000001C000001C000001C000003C000003C0000078000007800000780C0003CFE0003FFE0003FF80001FE00001F000000000000000000000000000000000000000000000
900000000000000000C000000E000000C000000C000000C000001C000001C000001C000001C000001CE000019F00003FB00003E300003C30000387000070E0000F0C0000FB80000DF000000E000000000000000000000000000000000000000000000
60000000000000000000000000000000000000000000000000007FC00007FE0001FFF0003FFFC007FC7C00FF83C00FF03E01FC03E01F803C01F803C00C007C000007800000F800000F000000F000001F000001E000001C00000000000000000000000
900000000003000000100000010000001000000300000020000006000000C000000C0000018000001BC00003E600003C3000070300006030000E060000E0E000021C000023800003E0000000000000000000000000000000000000000000000000000
0000000000000000000000000000000000000000000000FE00007FF8000F018001C00C0078006007000600E000300C000300C00030080007008000E00C001E007F83C007F8F800001E000001C00000000000000000000000000000000000000000000
90000000000000000300000030000001000000100000010000001000000100000011C000037F00003C300003818000301800060180016018001001000180300008060000C1C000067000001C000000000000000000000000000000000000000000000
8000000000000000000000000F800001FC000030600002060000206000020C0000218000037000003E000003C000003C000003700000638000040C0000C0C0000C0C0000C180000C700000EE000007800000000000000000000000000000000000000
00000000000000000000000000000003E000007F80000C1C0000C0E000180600018020001803000180300018030001803000180300008030000C060000C06000060C000070C00003F800000F000000600000040000000000000000000000000000000
400000000000000000E000000E000000E000000C000000C000000C000000C000000C000001C000001C000001C00001FF00003FFE000339F0000387000038E000038C000039C0000318000031800000000000000000000000000000000000000000000
60000000000000000000000000000000040000004000000C00000F800001F80000338000067800006CC00007980000018000001000000300000020000006000000C00000080000018000003800000B000000E00000000000000000000000000000000
00000000000000000000000000000000B800001FC00007060000C020001802000100200010020001002000100200010020001002000180200008060000C040000C04000060C00003F800001F800000300000000000000000000000000000000000000
600000000000000000000000000000000000007C00000FE00001EF000018380003038000303C000307C000307C00031EC0001FCC0000F0C000001C000001C000001C000001C0000038000007000000F000001E000000C000000000000000000000000
3000000000000000000000007800000F800001C0000038000002000000200000038000003C000001F8000007E000003F8000007E000001E000001C000003800000300000070000007FE00003FC00000E0000000000000000000000000000000000000
500000000000000003E000007F800007FC000061E00004070000403000040100006010000600000060000007000000300000038000001DE00000FF000007E00000FE0003FFC000FFFC0007FF000000000000000000000000000000000000000000000
4000000000000000008000000C000001C000001C000001C000001800000180000018000003800000FFF80003FFC000301C000307800070E000061C000067800007F000007C00000780000030000000000000000000000000000000000000000000000
80000000000000000000000007000001F800003F8000039800007380000770000076000003E000003C000003E000003F8000071E000060F0000607000060F00004FE0000C7C0000EF00000FC000007800000000000000000000000000000000000000
300000000000000000000000000000007000007FC0000FFE0001F0F0001C030001801000180000018000001C000000E080000F3C00007FC00001F000000E000001C000001C000001C080000E780000FF800003F000000000000000000000000000000
300000000000000000000000000000003E00000FF00001E18000380C000300C000300C00060080006000000600000030000003E000000F000001E000003800000F000001C000000C000000E0600007FC00003F8000000000000000000000000000000
900000000000000001C000001C000001C000003C000003C000003C000003C000003C00000380000038C00003FF00003FF00003FF00003FF00003CF0000F9F000073E00007FC00007F0000018000000000000000000000000000000000000000000000
300000000000000000000000002000007F80000FF80007FF0000FE00001F000001F000000F8000007E000001F800000F80000038000007800003F00000FE00000F800001FE00000FFE0000FFE000003E0000000000000000000000000000000000000
3000000000000000001C000007800000E000001C00000380000070000007000000E000000E0000006B800003F8000007800000E000001C000003800000701C000E07C000E1C0000C7800007C000000000000000000000000000000000000000000000
30000000000000000000000001E000003F000003F80000F000001C00000380000030C00003FC00001F000001C0000038000007000001C00000380000030020002007000307C0003FFC0000F8600000060000000000000000000000000000000000000
700000000000C000000C000000C000001C000003800000300000070000006000000C000001C00000380000030400006040000E040000C0C0001C080003F080003FF800001FC000001C000000000000000000000000000000000000000000000000000
80000000000000000000000001E000007F00000FF00001FE00001FE00003FC00003F800001F800001F000001F000003F000007F800007F80000F7C0001E3E0001E3F0001FFE0001FFE0001FFC00007F00000000000000000000000000000000000000
000000000000000000000000000000000000001FC00007FE0003FFF8007C03800F001800C001801C001801C001801C001800C001800E003800700380038030001E070000F8700001FF000007E000000E000000C000000C00000000000000000000000
800000000000000000000000000000008000003840000E060000C03000000100004030000207000019E00000F800000F000000D0000018000003800000300000030000007000000700000070000003C000003C0000000000000000000000000000000
2000000000000000000000000100000038000003C00000778000060C0000E0C0000C380000CF00001FC00001F00000FC0000FF00001E7000000700000070000006000000603800061F80007FE00003F00000000000000000000000000000000000000
10000000000000000000000000000000E000001E000001C000001C000001C000001C000001C000001C000001C000001C000001E000001E000000E000000E0000007000000700000070000007000000300000030000000000000000000000000000000
70000000001C000001C000001C000003800000380000038000003800000300000070000007000000700000060000006000000600000060000006000000600000079FC0003FFE0000FF000000000000000000000000000000000000000000000000000
000000000000000000000000000000007C00003FF00007030001C018003800800300080060008006000800000180020018002003800200300030060001006000180C0000818000073000007E000007C00000F80000000000000000000000000000000
6000000000000000000000000000000000000000000007F00003FFC0003FFC0003FFE000381F000300F000384F0003CFE0001FFE0001FFE00007FE00003DE000001E000001C000001C000001C00000180000018000001C00000080000000000000000
5000000000000000000000000F800003FC0000F800001E000001C0000038000007000000700000070000007000C003C03E001FFFE0007FFC0001F9C000001C000003800003F80003FF80007F000007000000000000000000000000000000000000000
4000000000000000000000004000000600000060000003000000300000030000003000000300000030000003E000003FC000030E000030300002030000203000060300006020000602000020600000060000000000000000000000000000000000000
30000000000000000000000000000003FC0001FFF0003FFFC003F01C007800E00780060038000001C000001E00000078600003FF00001FE00003E000007800000F000000E000000E0F000071F00003FE00001F8000000000000000000000000000000
800000000000000000000000000000003800001FE00007C70000E070000C07000180E000180C0000C1C0000C180000638000073000003E000001E000001E000001E000001F000001C0000018600001F800000E0000000000000000000000000000000
00000000000000000000000000000003FC00007FE0000FFF0000F078001E03C001C01C001801C001801C001801C003003C0030038003007800300F000380F000381E0001C3C0001FF80000FF000003E000000C0000000000000000000000000000000
9000000000070000007000000700000070000007000000E000000E000000C000001C000003C000003C000003E000003E000007E8000077C000163C0001E1E0001C1E000077E00003F8000000000000000000000000000000000000000000000000000
600000000000000000000000000000000000000E000007F80000FFC0000E3C0000C1E0000E1E0000E0E0000FFE00007FE00003FC000003C000003C000003800000380000078000007000000F000001E000001E000001C000000000000000000000000
30000000000000000000000000000001FC00007FC0001E0000038000003000000300000030000001E000000FF800001FF800001F000001E000007800000E000001C000001800000100000018200001FE00000F8000000000000000000000000000000
80000000000000000000000000E000003E000007E00001C6000030E000073C0000E3C0000E700000FE000007C00000FE00001FFC0003C3F800700380020018000807800181F0001F7C0000FF800007C00000000000000000000000000000000000000
000000000000000000000000000000000000000000000000000000000007FE0001FFFC007FFFC00F001E01C000E01C001C00E003C00F007C007C1F0003FFE00007F800001F80000000000000000000000000000000000000000000000000000000000
900000000000000001C000003C000001C000001C000001C000001C000001C000001C000001C000001C000003C000003FE00003FF00003E780003838000707800070F00003FC00003F800001E000000000000000000000000000000000000000000000
90000000000000000E000000E000000E000000F000000F000000F000000F000000700000070000007FE00007FF000078780007038000701C000601C000603C00070780003FF00001FE000007800000000000000000000000000000000000000000000
60000000000000000000000000000000000000000000007000007F80001FFC000183C000183E00018E60000FC20000F830000003000000600000060000006000000C000001800000380000030000006000000C0000038000006000000000000000000
800000000000000000000000018000003C000003E000003C000007C000007C00000780000078000087000018E000019E00001F600003C300007830000183000018300000C30000073800003F000001E00000000000000000000000000000000000000
60000000000000000000000000000000000000000000000000001FE00007FF8001FFFC007FFFC00F871C01E070E01C1E0E0187C0E00FF80E00FE00E007801C000001C0000038000007000000E000000C000001C000001800000000000000000000000
80000000000000000000000007800000F800001880000318000031800002300000630000066000006C00000780000078000007F00001C7E000180F0000007000000E000001C00002F800007E000007800000000000000000000000000000000000000
5000000000000000003800000FC00001FC000038C0000300000060000006000000700000038000001FC00000FE000003E000000E000000C000000C000001C000017C0003FFC0007FF80003D8000000000000000000000000000000000000000000000
700000000000000000060000006000000E000000C000001C000001800000380000070000006000001FE00001FE00001C00000380000030000007000000E000000E380001FF80001FC00001C0000000000000000000000000000000000000000000000
800000000000000000000000000000003E00001FF00003C380007018000600800040180006030000307000018C00000F8000007000001F000003980000E180001A1800002180000618000023000003F000003E0000000000000000000000000000000
60000000000000000000000000000000000000000000004000003F000007F80001FF80001C3C000383C000307C00030EC00037CE0003F8E0001E0E000000C000000C000000C000000C000001C00000180000018000001800000180000000000000000
00000000000000000000000000000001F800007FE0000F078001C01C001800C003000600300060060006006000600600060060006007000C003000C003001800300180018030001C070000E6E00007FC00001F0000000000000000000000000000000
2000000000000000000000000000004FF0000FFFC000001E000000E000001C00000380000070000006000000C000001800000380000030000007000000600000060000006010000703000038700001FE000007C000000000000000000000000000000
4000000000000000000000000000000000000018000001C040001C0E000381C000383800038F80007FF00007FE0001F8C000FE180003E180001C300001C7000008E000000C000001C0000018000003800000300000010000000000000000000000000
00000000000000000000000000000001E000007F80000FF80001F1C0003E0E0003C060007C07000780780070038007003C00F003C00F003C00F003800F007800F0078007007000618F00001FF000007F000001E000000000000000000000000000000
20000000000000000000000000000000000006000000FC00001FE180000FFC00003FE00003FE00003F600007FF00007BF000079E000070E00003000000380000018000000C000000E0000007F800003F800001F800000F00000000000000000000000
2000000000000000000000001F8000001C0000006000000600000060000006000000C00000180000030000006000000C000001800000300000060000006000000C00000081C00008380000FE00000F800000000000000000000000000000000000000
3000000000000000000000000180000038000007000000E00000180000018000001000000180000018000001C000000F0000007000000E000000C0000018000001800000180000018000000FC00000780000000000000000000000000000000000000
10000000000000000000000000000000000000007800000F800001F800003F800003F000003E000003C000007800000F000001F000001E000003C000007800000F800000F000001E000001C000001C000001C00000180000000000000000000000000
900000000008000001800000180000038000003000000700000060000006000000E000000E000000E000000E000000EFC00007FE000078E0000707000030700003DE00001FC00000F0000000000000000000000000000000000000000000000000000
70000000000000000000000000C000001C000003C0000078000007000000F000000E000001FF0000FFE0007FF0000FF80000E3800000380000038000003800000381F0003FFE0001FF800000000000000000000000000000000000000000000000000
500000000000000000000000007C00003FC0000FE00003F800007E00000F800001F000001E000001C0000018000001FF000007FE0000007000000780000078000007800001F000267F0003FFC00007E00000000000000000000000000000000000000
10000000000000000000000000000003C000003E000007E000007F000007F000007F800007F000003F000003F000003F000003F000001F800000FC00000FC00000FE000007E000003E000003F000000F0000006000000000000000000000000000000
000000000000000000000000000000007800001FE00007C70001F018001C01800380180030038003003800700300070070003006000300E000100C000101C000183800008380000436000073C00001FC0000070000000000000000000000000000000
8000000000000000000000000C000003F00000378000031C000031C0000318000019800001F000000F000000F000000F000001DC000018E000030C000030C000061C000061800003F800001F000000700000000000000000000000000000000000000
40000000000000000000000000000001800000180000038000003800000380000033F00003FF80007F380007830000F030001E070000E060000E0E0000C0E0000C0C0000C0C0001C1C0001C1C000080C0000008000000000000000000000000000000
6000000000000000000000000000000000000000000000F800003FE00007FE0001FFE0001FFE0001FFE0001FEE000001E000001C000003C000003800000780000070000007000000E000001E000001C00000780000070000002000000000000000000
200000000000000000000000000000001F00007FF00003FF000000E000000C000000C00000180000038000007000000E000000C000001C000003800000300000060000006000000610000063000007F000003E0000000000000000000000000000000
600000000000000000000000000000000000000000000E000000F00000071FC000FFFE001FFFE007FE1E00FF83E01FE03C01F807C01C00F801801F000001E000003C0000078000007800000F000001E000001E000001C000000C00000000000000000
700000000000E000000E000001E000001C000003C0000038000007800000F000000E000001C000003C0000038000007000000F000000E000001C000001C000003C1FF003FFFF001FFC000000000000000000000000000000000000000000000000000
90000000000000000000000018000001800000080000008000000800000080000019E00001F700001C100001818000381800030100003010000B030000E020000604000060C000021800003F000001C00000000000000000000000000000000000000
30000000003C0000070000006000000E000000C000000C000000C0000006000000600000070000003C000001FF000007F00000FC00001C000003004000300C00038F80001FF0000078000000000000000000000000000000000000000000000000000
20000000000000000000000000000000000000000000003F80000FFC0003E0200078000007C01000C600000C30200180E6001807C0010000003000000300000010000001000000180000018000000C000000E0000007C000001C00000000000000000
90000000000000000C000000600000060000003000000300000030000003000000200000020000003FC0000786000060300006030000003000000300000030000003000030E00001FC00000F800000000000000000000000000000000000000000000
8000000000000000000000003E000007F800007BC0000F0E000060E000071E000071C00003F800003F000007E00000FE00001EF00001C700003838000781C0007C0E0003F078000F83C000181C000000E000000000000000000000000000000000000
2000000000000000000000000000000000000007E00000FE00009FE0001FFE0000FCE0000F9E0001FFE0001FFC0001DF000018C0000180000018000001C000001C000000E000000F8C00007FC00003FC00000FC000003800000000000000000000000
200000000000000000000000000000000000000070000C0F8003F1D80063B100001F300000E300000F700001FE000019C000030000003000000600000060000006000000600000041C000063C00007F000007C0000070000000000000000000000000
9000000000C000000C000000E000000E000000E000000E000000E000000E000000E000000E000000E7F8000FFFC000FC1E000F00E000E00E001E00E001E03C001F0F80007FF00003FC000000000000000000000000000000000000000000000000000
20000000000000000000000000000000000000003000000F800007F0001FFE0001FFC0000B1C00000380000030000006000000E000001C000001800000380000030000007000000600000060000007E000007C0000060000000000000000000000000
7000000000060000006000000E000000C000001C00000180000018000003800000300000060000006000000C000000C000000800000180000038000003FFFFC03FC03C000000000000000000000000000000000000000000000000000000000000000
300000000000000000000000000000000000007F00003FFC000780C0006004000E004000E00C00070080003C000000FEE00003FE000007C00000F000001C0000038000001C0600007FF00003FE0000000000000000000000000000000000000000000
5000000000000000001E000003F000007000000600000060000006000000700000038000001C000000E000000600000070000006000000E000007E007FFFC000FFFE000003E0000000000000000000000000000000000000000000000000000000000
900000000000000000600000070000007000000E000000E000000E000000E000000E000000FC00001FE00003C700003C700007C70000787000078E0000F9C0000738000077000003F000001C000000000000000000000000000000000000000000000
100000000000000000000000000000018000003C000003C000003C000003C000003C000001E000001E000000E000000E000000E000000E000000E000000E000000E000000F000000F0000007000000300000030000000000000000000000000000000
80000000000000000000000000000000F800001FC000039E00007060000E060000E060000E06000070E00003FE00001FC00000FE00003CE000070600006060000C060001C1C000187C00019F80001FE00000C00000000000000000000000000000000
000000000000000000000000000000000000000000000000000003F80000FFC0007F3E001F80E007C00E00F001C01E003C01C007801800F001C1FE001FFFC000FFF000038000000000000000000000000000000000000000000000000000000000000
2000000000000000000000000000000001C00000FC00FFFF001FFFE0007FFC0000038000007000000E000000C000001800000380000030000007000000700000070000003000000380C0001FFC0000FF800007E000000000000000000000000000000
000000000000000000000000000000001E000007E00001FF00003C7000078300006030000C030001C0300018030001803000300300030070003007000180600018060000C0E0000F0C000079C00003F800000E0000000000000000000000000000000
500000000000000000000000000000001800000FC00003FC00007FC0000FFC0001F800001F000001E000000FC00000FF000007FC00003FE000007E000003E000007C00000FC00003F800003F000003C00000300000000000000000000000000000000
200000000000000000000000000000000000000020000007000001E000003C00000FC0003FBC007FC180000018000001800000100000020000006000000E000000E000000E000000E000000E000000E000000E000000E000000000000000000000000
10000000000000000000000000000001C000001C000001C000001C000001C000001C000001C000001C000001E000001E000001E000000E000000E000000E000000E000000E000000E0000007000000600000020000000000000000000000000000000
3000000000000000000000001C70001FFF8003FFF8007F800007C0000078000007C000003E000001F800001FFFC0007FFC0001FF80001FC00003F800007C00000700C000781E0007FFE0007FFC0000380000000000000000000000000000000000000
700000000008000000800000180000018000001800000180000018000001800000100000010000001000000300000030000003000000300000030000002006000200C0003CF80001FF000000000000000000000000000000000000000000000000000
6000000000000000000000000000000000000007000001F800003FC000038C000030E000030E00003060000306000018C000000C000000C00000180000038000007000000E000001C000003800000F000001E00000780000000000000000000000000
700000000008000003C000003E000003E000003C000003C000003C000003C000003C000007800000780000078000007800000F800000F000000FBFE000FFFF000FFFE0007FFC0007F8000000000000000000000000000000000000000000000000000
10000000000000000000000018000001C000000C000000E000000E000000E000000E000000E000000E000000E000000E000000E000000E000000E000000E000001E000001E000001E000001E000000C00000000000000000000000000000000000000
200000000000000000000000000000000000000F00000FF80007FF8001E07800000F800001F000001E000003C0000038000003800000380000038000003C000001C000000E000000F80000078000003E000000FC00000380000000000000000000000
5000000000000000000000007DF8001F03C003C00C007000E007000C00E000C00C001C00C000000C000000E00000070000007C018003F8F8000FFF80000FF800001F000001E000073E00007FE00003E00000000000000000000000000000000000000
8000000000000000000000000100000FFE0000FFF0000FF38000E078000C0F8000C1F8000C7F00006FE00007FC00007F800007E00001FE00001FE00003F700003D3C000F1FC000E3FE00183FF00100070000000000000000000000000000000000000
0000000000000000000000000FC00003FF0000FEF0001F018003C01C007800C00F000E00E000E00C001C00C001C00C001C00C003C00C003C00E007C00600F800305F8001C7F0000FFF00003FF00001FC0000000000000000000000000000000000000
30000000000000000000000007C00001FE00007FF0001F810001E010003C0000038000003000000100E000181E0000E7E00007FE00003FC00003F000003C00000380000030600001FF00001FF00000780000000000000000000000000000000000000
700000000003000000300000070000006000000C000001C00000180000038000003000000700F000601F000E03F001C0FF001C1FE00183F80030F000031E00007F800007F000003C00000000000000000000000000000000000000000000000000000
200000000000000000000000340000076000017E00003FE000033F000001E000001E000001A000003E000003E000003C000007C000007C180007CF800079F80007FF80007FC00007F000003E000007800000000000000000000000000000000000000
400000000000000000000000080000008000000800000180000018000001818001F8380007CF80003FF000030300003020000306000020C000060C000060C00004180000C180000C10000180000018000000000000000000000000000000000000000
000000000000000000000000000000007000000F800001FC00003DC000038C000070C000070C000060C0000E1C0000E1C0000E18000063800006380000770000077000003F000003E000003C000003800000100000000000000000000000000000000
9000000000200000060000006000000600000020000002000000200000060000002000000200000031E000033F00003FF80003E1800038180003030000707000071E00003FC00001F0000000000000000000000000000000000000000000000000000
10000000000000000000000000000000C000000E000000E000000E000000E000000E000000E000000E000000E000000E000000E000000E000000E000000E000001E000001E000001C000001C000000800000080000000000000000000000000000000
800000000000000000000000000000003FE00003CE0000E0C0000C3800008F00000FC0000078000006000000E000007300000C1000038180006018000C0180008018001C010000E8300007FE00003FC00000F00000000000000000000000000000000
6000000000000000000000000000000000000000000003F00000FFE0007FFF000FFDF800F1C3C01C1C3C0381C1C0383C1C038781C01FF01C01FC03C000003C000003800000780000070000007000000F0000007000000600000000000000000000000
70000000000300000030000003000000300000030000006000000600000060000006000000C000000C000001800000180000038000003030000707000060E0000E3C0000FF00000FC0000000000000000000000000000000000000000000000000000
7000000000000000001000000300000030000007000000700000030000002000000600000040000004000000C000000C0000008000000800000100000010000001000000100000018E00000F800000000000000000000000000000000000000000000
40000000000000000000000040000006000000600000060000003000000300000038000001F800003FC0007FE60007F860000186000018600001860000186000018600001860000186000018200001800000000000000000000000000000000000000
30000000000000000000000004000001E000003E000003000000600000060000007000000700000038000001F00000078000006000000E000000C000001800000180000018000001E300001FE000007C0000000000000000000000000000000000000
40000000000000000000000000100000038000007000000E000001C00000380000070000006000001E000001FC00007FE000078E0000F0E0000E1C0001C3800038300003800000F000000E000000C0000000000000000000000000000000000000000
90000000000000000C000000C000000C000001C000001C000001C000003800000387F00031FFC0077FFE007F006007E006007C006007800C007001C007003C00010F80001FF00001FC000007000000000000000000000000000000000000000000000
10000000000000000000000000000000700000070000007000000700000070000007000000700000070000006000000E000000E000000C000000C000001C000001C000001800000180000018000003800000100000000000000000000000000000000
90000000000000000007000000F000000E000001E000003C00000FC00001F800003F000007C00000F9F0001FFF8003FFF8007FC38007807800701F000307E00031F80003FF00003F800001E0000000000000000000000000000000000000000000000
500000000000000000000000000000001E000003F00000FF80003F000007C00000F800001F000001C000000F0000007F000000F8000001C000001C0000038000003800000780000070000007E00000FC00007F0000000000000000000000000000000
1000000000000000000000000C000000C000000C00000060000006000000E000000E0000006000000E000000600000060000006000000E000000E000000E000000E000000C000001C0000018000000800000000000000000000000000000000000000
700000000000C000003C000007E000005E000001E000003C000007C00000F800001F000003C000007C00000F000001F000003C000003800000780000078000007FFFD007FFFD000CCF800000000000000000000000000000000000000000000000000
30000000000000000000000000000001F00001FFC0003FFE0003FFF0007C0700070030007001000300100038020003EC00003FF00001FF000007F000003E000003C00000383C0003FFE0003FFE0000FF800001C000000000000000000000000000000
90000000000000000700000070000007000000700000070000007000000600000067C00007FE0000FFF0000F038000F018000F018000B0380003038000387000039E00000FE00000FC000007800000000000000000000000000000000000000000000
7000000000000000006000000E000000F000000E000000E000000C000000C000001C000001C000001C0000018000001800000380000030000003000000300000030000001FF80001FF800007F00000000000000000000000000000000000000000000
60000000000000000000000000000000000000000000000000001F00001FFE0007FFF000FFFF000FFFF0007FFF8003F838000003800000380000038000007000000F000000E000000E000003C000003C0000030000007000000E00000040000000000
900000000018000003800000380000078000007000000700000070000006000000E000000E000000FFE0000FFF8001FFFC001E01E000C00E000E01E000607E0007FF80003FE00001F0000000000000000000000000000000000000000000000000000
100000000000000000000000000000000000001C000000C000000C000000E000000C000000C000001C000001C000001C000000C000000C000000C000000C000000C000000C000000C000000C000000C00000040000004000000000000000000000000
300000000000000000000000000000003800000FE00001C6000030600002000000600000060000006000000600000030000003F000001F0000007000000E000000C00000180000019000001B000001E000000C0000000000000000000000000000000
700000000000000000000001C000001E000000E000000F000000F000000F000000FFE0001FFE0000FF800007C000007C000003C000003E000003E000001F000000F8000007C000007FFC0003FF80000F8000000000000000000000000000000000000
800000000000000000000000007800001F800003F000006700000CE00000DC00000F800001E000001C000003C00000FC00001C600001860000303800060080006000000600800060380003FF00001FC00000000000000000000000000000000000000
30000000000000000000000000000003F000007F800007FC0000FFC0000E000000E000000E00000070000007F000003F000001F800003E000003C000003800000300000038000003E000000FF000003F8000003800000000000000000000000000000
3000000000000000000000001F000007FC0000C0600018000001000000100000008000000C00000060000003FE000003E000007000000E000001C0000038000003018000203800020E00003FC00001F00000000000000000000000000000000000000
60000000000000000000000000000000F000001F800001CC000038C000078600007060000F0700007FE00007FC000000C000001C000001800000380000038000007000000F000001E000001C00000FC00000700000000000000000000000000000000
70000000000400000040000004000000C000000C00000080000008000001800000180000010000001000000304000030C000030C000021800002280000268000024800003880000300000000000000000000000000000000000000000000000000000
20000000000000000000000000000007C00000FF8000003FF00000FF00001FC00003F00000FC00001E000003C000007800000F000000E000001E000001C00000380000038060003806000383E0001FFC0000FE0000000000000000000000000000000
8000000000000000000000002000000F000001F800000F800000FC00000EC00000EC00000FC000007C000007E00007FFE0007FFF800009FC000083C0000C0E0000C0E000061E000031C00003FC00000F0000000000000000000000000000000000000
500000000000F000003F800007F80000700000060000006000000600000060000006000000200000030000001000000180000108000018C00000FC000007C00007FC000FFFC001F8C0000000000000000000000000000000000000000000000000000
800000000000000000000000000000007000000FC00001FC00003FC00003F800003F800003B000003F000003E000003E000001F800003FC00007BE0000F1E0001E1E0001C3C000087C00001F800001F000000C0000000000000000000000000000000
500000000000000000000000000000001E000003F000007F80000FF80000E000000E000000E000000F000000F0000007000000780000038000003C0000E3C000FC3C001F83C007F038007801800000000000000000000000000000000000000000000
1000000000000000000000000200000070000007000000700000070000007000000600000060000006000000E000000E000000C000001C000001800000180000038000003800000300000030000003000000000000000000000000000000000000000
1000000000000000000000001800000180000018000000C000000C000000400000040000004000000400000060000006000000600000040000004000000600000060000006000001E000001E000000E00000000000000000000000000000000000000
400000000000000000000000000000018000003000000300000030000003000000600000070380007FF80007FF80007FF000060E0000606000060E000040C000041C000040C000040C000060800006000000400000000000000000000000000000000
400000000000000000000000180000018000001800000180000038000003800000700000070000007000000F7FE000FFFF001FE07003E007003800E007001C00E007000C00C0000018000000000000000000000000000000000000000000000000000
3000000000000000007800000E000000C000001C000003800000300000030000007000000700000070000003FE00003FE000007C000003800000F000001E000003C000003C000003FC000003C00000000000000000000000000000000000000000000
1000000000000000000000006000000700000038000003C000001C000001C000001C000001C000000E000000E000000F000000F000000F000000F0000007000000700000038000003C000003C000003C0000000000000000000000000000000000000
000000000000000000000000000000003E00003FF80007FFC001FFFE001F81E001E01E003C01E003C00E003801E007801E007803C00783FC0078FF80078FF00078FE00038780003BE00003FC00003FC00000F00000000000000000000000000000000
70000000000000000010000003800000380000078000007800000F000000E000001E000001E000003E000007C00000780000078000007000000F00000078000007F000001F800000FC000003C00000000000000000000000000000000000000000000
700000000018000001C000003800000380000038000003800000380000038000003800001FF80001FF800003C00000380000038000003800000380000038000003F1F0001FFF80003FD00000000000000000000000000000000000000000000000000
0000000000000000000000000000000007C00003FE0000FCF0001C070007002000E007001C006003800C003001C00300180020030006006000600C000601C000607800060E000031C00003F000003F000000F80000000000000000000000000000000
700000000004000000E000000C000001C000001C000001800000180000038000003800000380000038000007800000700000070000007000000700700060FE00077F80007F800003C0000000000000000000000000000000000000000000000000000
900000000010000003000000300000030000003000000700000030000003000000700000070000007000000700000061F000067F00007E380007818000181800018700001FE00000FC000000000000000000000000000000000000000000000000000
40000000000000000000000008000000E000000E000001E000001E000001E000001E000001C000001FE00001FF0001FFF0001FC7000038E00003CE00003DC00003DC00001DC00001F800001D000000C00000000000000000000000000000000000000
40000000000000000000000010000003800000780000078000007C000007C00000780000078000007800000781000077FC0007FFC000701C0006018000601000060300006070000E0E0000C0E000000C0000000000000000000000000000000000000
8000000000000000000000000E000001F800003FE000038E0000386000038E000018E00001DE00001FC00000F800000F000001E000007F00000F700000E300001C380001C1C0000FDC0000FDC00007CC0000000000000000000000000000000000000
500000000000000000000000001C00007FE0001FFE0003FFE0007C0C0007000000F000000F8000007FE00003FE00001FE000000E000000E000000E001FFDE001FFFE000FFFF0003FFF000007E00000300000000000000000000000000000000000000
50000000000000000000000000000000F000001FF80007EFC000F07E001E07E001C03C003800000380000038000001C000001FF800007FC000001F000001F800007F0007FFC001FF78001F00000000000000000000000000000000000000000000000
40000000000000000000000030000007000000700000070000007000000300000030000007DF00007FF80007FF8000707000070E000070C0000718000073800003F000003E000003C000001C000001800000000000000000000000000000000000000
0000000000000000000000000F800003FE000060300008018001800C003000400300040020004002000400200040020004002000C002000C0030018003001000100B000180E0000C9C00007F800003F00000000000000000000000000000000000000
8000000000000000000000000F80000FFC0001C0600030060006002000600200020060003006000300C000180C0000618000013E00001FF000038300006018000C018000C030000C07000077800003E00000000000000000000000000000000000000
200000000000000000000000000000002000003FE0000FFF0007FFF000FC1F001E03F000007C00001F800003F000007C00000F800001F000003E0000038000003C00E003FFFE001FFFE0000FB00000000000000000000000000000000000000000000
1000000000000000006000000600000060000003000000300000030000003000000300000030000007000000600000060000006000000E000000C000000C000001C0000019800001F0000018000000000000000000000000000000000000000000000
00000000000000000000000000000000000000000000000000001000001FFC000FFFF003E003803C001C03E001C01F001C007E01C000F8380001FF800007F000007E000003E000001A000000000000000000000000000000000000000000000000000
8000000000000000000000000F000001F800003FC000079C000031C000033C00003FC00003F800001F000003E000007E000007F00000F380000E1C000061C000061C000077C00003FC00003F800000F00000000000000000000000000000000000000
400000000000000000000001C000001E000001E000001F000000E000001E000001E000001C000001FFF8003FFFC003FFFE003FFFE003C00E007800E007801E007001E007003E007001800600180060000000000000000000000000000000000000000
5000000000000000000000000000000FFE0001FFF00078070007002000E002000C008000C01C000C038000E0F800073FC0003F8C0001E0C000000E0000006000000600000070000003000000300001FF00001FF000000000000000000000000000000
000000000000000000000000000000000000007F00003FFE0007007800E001C00E000600C000300C000300C000300E000300E00060060004006000C006001C0030038003007000181E0001FF800006C00000000000000000000000000000000000000
40000000000000000000000060000006000000700000070000007000000700000070000006078000FFFC001FFFC003FF9C000E00C000E01C000E01C000E01C000E01C000E01C000E008000E0000004000000000000000000000000000000000000000
000000000000000000000000000000000000001F000003FC000078C00007060000E030000C030000C030000C030000C030000C0300004070000607000060E000060E000061C000071C000070000007000000700000030000000000000000000000000
6000000000000000000000000000000000000000000001E00000FF80001C48000184C00030CC000308400033040001F04000040400000040000004000000C000000C00000080000008000001800000100000030000006000001C00000000000000000
100000000000000000000000000000002000000600000070000007000000700000060000006000000600000060000006000000C000000C000000C000001C0000018000001800000180000038000003000000100000000000000000000000000000000
70000000000000000000000006000000E000000C0000018000001800000380000038000007000000E000001E000000E00000078000003E400000FE000007C000003C000001C000001C000001800000180000000000000000000000000000000000000
30000000000000000000000038000007F00000E7E0000C1E0000C040000E000000E00000078000001C000000E0000007000000E000000C00000180000030000007030000703800071F80007FF00003F00000000000000000000000000000000000000
2000000000000000000000001F00000FF80003FFC000301C000001C000001C00000180000038000007000001E000003C000007800000E000001C000001C000001C0E0001E070000FFF00007FE00001F80000000000000000000000000000000000000
600000000000000000000000000000000000000FC00003FE0000FCF0001E0300038030003007000380E0003FFE0001FFE000079C000001C00000380000078000007000000E000001C000013800001F800001E000001C0000000000000000000000000
700040000004000000C000000C000001C000001800000300000070000006000000C000000C008001801C001001C001001C0010038001007800180F0000FFF00007FC00003F00000000000000000000000000000000000000000000000000000000000
2000000000000000000000000000000000001801000180FE000C1FF80063E1C003F80C001F01C000FFF8000FFC0000C000000C000000C000000C000000C000000C0000004006000700E00038FC0001FF8000060000000000000000000000000000000
600000000000000000000000000000000000000E000003F80001FFC0003FFE0007DEE00071E700063C38006783800EF03C00FE01C00FC01C003801C000003C000003C0000038000007000001E000003C0000038000003000000000000000000000000
90000000000000000C000000E000000E000000E000000E000000600000060000006000000600000060000007FE00007FF00007C30000703800070380003030000003000070F00003FE00000FC00000000000000000000000000000000000000000000
300000000000000000000000000000007000000FC00001FE00003C00000380000030000003000000380000018000001E00000078000003C000007C00000F000000E000001C0000018000001F800000FC000007E000000000000000000000000000000
100000000000000000000000000000008000001C000001C000001E000001E000000E000000E000000E0000006000000600000060000006000000600000060000006000000600000060000006000000600000040000000000000000000000000000000
400000000000000000000001C000001E000001F000001F000001F000001F0F8001FFFC001FFFC001FFFC001FFFC001FFFC001F878001F078001E078001E078003E078003E078003E078003E070000C000000000000000000000000000000000000000
6000000000000000000000000000000000000003000003FE00007FF0001FFF8003FBF800FE03C01FE01C01FE01C03FC01C03F801C01F001C00000180000038000007800000F800001F000003E000003E000007C000003000000000000000000000000
20000000000000000000000007E00001FF00007830001E030003C030006006000C00E001001C0010038000007000000E000001C000003800000E000001C00C001C0180018038001C0F0000FFC00003F80000000000000000000000000000000000000
500000000000000000000000000000000A000007F00001FF00003C380007830000F030000E000000C000000C000000E000000F8C00003FC00000FC000001C0000038000007800000F000003F00000F800000C00000000000000000000000000000000
40000000000000000400000070000007000000700000070000007000000300000070000003800000380000038000003C000003FF800039F800038F000038E000039C00001D800001C000000C000000000000000000000000000000000000000000000
200000000000000000000000FE00000FF00000078000001C000000C000001C00000180000038000007000000E000001C0000038000007000000E000000E000000600000078000003E000000FF000001F0000000000000000000000000000000000000
000000000000000000000000000000001FC0000FFC0003F9C000FE1E001F81E003E01E007C01C00F001C00E001C01E001C01E003801E007801E007000E00F000F03E000FFFE0007FFC0000FF800001F00000000000000000000000000000000000000
6000000000000000000000000000000000000004000001F000003F800007F80000E18000061C000065C00007DC000079C0000318000001800000380000038000007000000E000000C000001C000003C00000780000080000000000000000000000000
2000000000000000000000000000000000000387FE001DF0F000FC03000F807000FF9E001FFFC001C00000380000030000003000000300000030000003818000183C000187E0000E660000EE400007FC00001F8000003000000000000000000000000
100000000000000000000000018000001C000003C000003C000003C0000078000007800000F000000F000000E000001E000001E000001C000003C00000780000078000007000000F000000E000000E000000000000000000000000000000000000000
70000000000C000000C000000E000000E000001C000001C000001C000001C000001C00000180000038000003800000380000038000003800000383800038F80003FF00001FC0000060000000000000000000000000000000000000000000000000000
3000000000000000003800000FC00003FC00007FC00007880000E000000C000001C000000E000000F8000007C000003E000001E000001E000003C00000700E000703C0007FFC0007FE00001F800000000000000000000000000000000000000000000
40000000000000000000000060000006000000600000070000007000000700000070000007000000FFFC0007FFC0007038000707000070E000071C00007380000770000076000003C000003C000003800000000000000000000000000000000000000
10000000000000000000000001800000180000010000001000000300000030000003000000200000060000006000000600000060000004000000C000000C000000C000000C000000C0000008000000800000000000000000000000000000000000000
00000000000000000000000000000001F000003FC0000E0E0001C070003803000300380030038007001800600180070038003003000300300030030003006000300E000300C000181800018700000FF000003C0000000000000000000000000000000
5000000000000000000000003F800007FFC000FFFC001F81C003E0000038000003800000300000038038003E7F8003FFF8003FFF8001FF700000070000007000000700003FF0003FFF0003FFE000203C0000000000000000000000000000000000000
4000000000000000018000001C000001C000001C000001C000001C000001C000001C000003FF0001FFF0001F8F000070E000071E000071E0000E3C0000E380001C380001C700001C70000183000000000000000000000000000000000000000000000
300000000000000000000000000000000C000007E00007FE0000FFC0001F000001C000000E000000F8000007F800001FE00001FE00003FC0000780000070000007000000700000038000001FC00000FC0000078000000000000000000000000000000
10000000000000000000000000000000300000030000003000000700000070000007000000600000060000006000000C000000C000000C000000C00000180000018000001800000180000018000003800000100000000000000000000000000000000
100000000000000000000000080000018000000C000000C000000C000000C000000C000000E000000E000000E000000600000060000006000000600000060000006000000600000060000006000000200000000000000000000000000000000000000
7000000000000000007000000700000070000007000000E000001E000001E000003C000003800000780000078000007800000700000070000006000000600000030000003C700001FF80000FF80000000000000000000000000000000000000000000
40000000000000000000000018000001C000001C00000180000018000001800000380000030000003F000007FC000071C000060E00006060000E0E0000C0C0000C0C0001C0C0000818000001800000100000000000000000000000000000000000000
90000000000000000030000007000000700000070000006000000C000000C000001800000180000031C00003FF000078300006018000E018000E030000E070000E06000010C00001F800001F000000000000000000000000000000000000000000000
9000000000000000000800000180000038000007000000E000000C000001C0000018000003800000300000038000007F000007F8000060C00006020000602000060E000031C00003F800001E000000000000000000000000000000000000000000000
400000000000000000100000010000003000000200000060000006000000C000000C0000018C00003FC00003FC00003880000718000061800006300000C300000C6000008E000008C0000004000000000000000000000000000000000000000000000
8000000000000000000000003E000003F800007FC00007FC00001FC00000FC000003E000003E000007E000007E00000FE00001EF00003CF000079E0000F3C0001EFC0001FF80001FE00000F800000C000000000000000000000000000000000000000
400000000000000000000000000000100000038000003C000003C000003C000003EFE0003FFF0003FFF8003FFF8003E078003C03C003C03C003C038003C078003C078003C07000000E000001E000001E000000C000000000000000000000000000000
0000000000000000000000000000000000000000000003FF80007FFE001F01E00180070070003006000300C000300C000200E000200E00060070004007800C003E018001FC700007FF000007E00000380000000000000000000000000000000000000
20000000000000000000000000000000000000000000001F800007F80000F1C0001E3800039F003FFFC003FFF00000E000000E000001C000001C000001C00C000C00C000E00C0007F7C0001FF80000000000000000000000000000000000000000000
400000000000000000000000000000018000000C000000C000000C000000C000001C000001F800003FE000038E0000307000070700006060000E060000E060000C060001C0E000180C000001C00000180000000000000000000000000000000000000
500000000000000000000000FF00001FF80001FFC0001FFE0001F1E0001C0E0001C020001E000001FC00000FF800007FE00001FF000007F0000007000000700000FF8007FFF8007FFF8007FFF0007FF00000000000000000000000000000000000000
1000000000000000000000000040000004000000C000000C000001C0000018000003800000300000070000006000000E000001C0000018000001800000180000030000003000000300000030000002000000000000000000000000000000000000000
100000000000000000000000000000002000000F000000F000000F000000F000000F0000006000000E000000E000000E000000E000000E000000E000000E000000E000000C000001C000001C000001C00000180000000000000000000000000000000
6000000000000000000000000000000000000007000001F800003DC000030E000060E000060E000040E000041C000047C00007FC000039C000003800000380000030000007000000E000001E000007C00000780000070000000000000000000000000
40000000000000000000000004000000E000001E000001C000003C0C0003C1C000383E0007DFC0007FFC000F7FC000F738000E038001E070001C0F0003C0E000781C000783C0007000000700000060000000000000000000000000000000000000000
7000000000000000018000003C000003C000003C000007C000007C000007C00000780000078000007800000F818000F038000F03C000F03C000783800078780007FF80003FF80001FF000007C00000000000000000000000000000000000000000000
10000000000000000000000006000000E000000E000000C000000C000000E000000E000001C000000C000000C000000C000000C000001C000000C000000E000000E000000E000000E000000E000000E00000000000000000000000000000000000000
9000000000200000030000003000000300000030000003000000300000030000003000000300000033C000037E00003C30000781800070180007018000387000030E00003FC00000F0000000000000000000000000000000000000000000000000000
4000000000000000000000003000000300000030000003000000300000010000003000000300000030000003FC00003F60000306000030C000010C000030C000030800001080000118000018800001800000000000000000000000000000000000000
200000000000000000000000000000001C000007E00000FF00003FF00007FF0001FFE000FF7C00000F800001F000003E000003C000003C000003800000700000070000003C000003FE00001FF00000FF000003E000000000000000000000000000000
40000000000000000000000200000030000003800000380000038000001C000001F000003FFE0001FFF0001FFF0000FFF8000EFF8000E070000E070000607000000700000078000007000000300000030000000000000000000000000000000000000
10000000000000000000000000000000E000001E000001E000001E000000E000000E000001E000001E000000F000001F000000F000000F000000F000000F000000F000000F00000070000007800000380000018000000000000000000000000000000
50000000000000000000000000000001F000007F80000FF80003F18000380000038000003C000001F000000FF000003FF800003F800000780000078000007800000F800003F00001FE00007FC0000FF00000F00000000000000000000000000000000
50000000000000000007000000F000001D0000038000007000000E000000C000000E000000F000000300000018000001800000180000018000001800000380030030001F0700003FF00000F2000000000000000000000000000000000000000000000
30000000000000000000000000000001F80000FFF8001E07E001C00700380000038000003000000300000030000003004000381E000187C0001FF800000F0000006000000E000000E0000007FC000001F000000300000000000000000000000000000
80000000000000000000000000000007800000FE00000C30000081000008080000C080000C0C00004080000608000031800001F00000070000007C00000C7000038300000030000046000004C00000780000030000000000000000000000000000000
3000000000000000000000000000001FF80003FFE0003F8F0007C0000070000006000000200000030000001C0780007FF80003FF00000F800000E000001E000001C0000018000000C200000FF800007F800001F800000000000000000000000000000
10000000000000000000000008000000C000000C00000040000006000000600000060000006000000E000000E000000E000000E000000E000000E000000E000000C000000C000000C000000C000000400000000000000000000000000000000000000
4000000000000000000000000000001C000001C000001C000001C000001E000000E000000F180000F3C0001FFE0001FFE0001FEF0000C070001C070001C070000C070000C030000003800000380000018000001800000000000000000000000000000
5000000000000000000000001C00000FFE0001E7E0003800000380000038000003800000180000018000000C000000E0E00003FE00000FE000000E00000060000006000000E00007FF00000FFC00000E0000000000000000000000000000000000000
600000000000000000000000000000000000007800001FE00003DF00003838000380C000180C0001C0E0000C060000C0E000060E000070E00003FE00000FC000001C000001C00000180000038000007000000E0000038000000000000000000000000
800000000000000000000000C000001FE00003EF0000383800038180001C180000E18000079800003F800001FE00003FF8000FE1E001FC07003D803003C007003C006003E01E00030FC0003FF000007C0000000000000000000000000000000000000
9000000000000000008000001800000180000018000003800000300000030000003000000300000033C00007FC00007C6000070600006060000606000060E000060C000071800003F000001E000000000000000000000000000000000000000000000
400000000000000004000000C000000C000000C00000040000006000000606000060F000061B0000633000066300006C30000787000070700007060000606000060600006060000606000020200000000000000000000000000000000000000000000
10000000000000000000000002000000780000078000007800000F000000F000000E000000F000000F000000F000000F000000F000000F000000E000000E000001E000001E000003E000003C000001800000000000000000000000000000000000000
5000000000000000060000006000000C000000C000000C000001C000001C000001C000000E7000007FF00003DF0000001800000180000018000001800000080000FF80007FE0007F000007C0000000000000000000000000000000000000000000000
3000000000000000000000000FE0000FFFC001FFFE003FE0C007C00C007000000700000078000001F000000FE000007E000007E00001FC00003F000003E000003FF80001FFFF800FFFF8000FFF8000008000000000000000000000000000000000000
8000000000000000000000001E000003F800007FC0000F1C0000E1C0000C1C0000C3C0000C7800007F800003F000001F800001FC000078F00007038000F038000E03800060F80003FF00001FE00000780000000000000000000000000000000000000
000000000000000000000000000000001E000007F00001FF80003C380007838000E038001C038003803800380380030070007007000600E000600E000601C0006038000707800038F00001FC000007800000600000000000000000000000000000000
300000000000000000000000000000000000000C000003F000003F8000073800006000000600000060000003000000300000038000001C000000F000000F800000F000000C000000E000000600000078000003C000001800000000000000000000000
2000000000000000000000000000000000000000F000403F800C07F800E0FBC00FDE1C00FFC1C007FFF8003FFF80007FF800067E0000E000000E000000E000000E000000E000000F060000FFE00007FE00003FC00000E000000000000000000000000
5000000000000000008000000E000000F000000F800000C0000006000000600000060000007000000300000030000003800000380000018000001800000380000030000007C0007FF80007FC000000000000000000000000000000000000000000000
100000000000000000000000000000018000001C000001C000001E000001E000001E000001E000001E000000E000000F000000F000000F000000F0000007000000700000070000003800000380000018000000C000000000000000000000000000000
200000000000000000000000000000000000000000000003C00FF0FC01FFFFC03FFFF80007FC00001F800003E0000038000007000000700000070000007000000700000038000003C000001E080000FDC00007FC00003F80000000000000000000000
80000000000000000000000000000001F800003DC0000E060001C06000180600030030003003000300300038070001FFE00003FE00001FE000038E000070E000060E000061C00003F800001F800000F000000C0000000000000000000000000000000
30000000000000000000000000000000B800003FF0000FFF0001FFE0003E000003C000007D000003D968003FFF8003FFF8000FFF00003FF00000FE00000F000000E000001E080001E3C0000FFC0000FF800006F000000000000000000000000000000
4000000000000000000000003800000380000038000003800000380000038000003000000701C000E03C001E07C000F0F8000FFB8000CF38001C070001807000100700030060003004000300000020000000000000000000000000000000000000000
4000000000000000000000008000001C000001C000000C000000C018000C038001C038001DFF8001FFF8001D9F8001C030001807000180700018060001806000300C000300C000700C000700400060000000000000000000000000000000000000000
0000000000000000000000000000000000000000000003C00003FF8000FCFE001E00F801C003C01C001C01C000E00C000E00E40060074006003E00E001F00E000F81C0003FF80001FF000007E00000000000000000000000000000000000000000000
80000000000000000070000007C00000FC00001CE0000186000018700001C700001CE00000DE00000FC000007800000F000001F800003B80000F3C0001E1E0003F1E0001FDC0000FFC00001F000000000000000000000000000000000000000000000
80000000000000000000000000000007C00001FF00001818000180C0000C0C0000E0C000071C000039800001F000000F000000FC00001CE00003870000F038001E0180002018000303800010700001DC00000F0000000000000000000000000000000
30000000000000000000000000000001800003FFFC003FFF800380000038000003C000001E000000F0000007C000003FC00000FC000003800000E000001E000007C04000700E000703E00073FC0003FC00003E0000000000000000000000000000000
30000000000000000000000000000000F000003FC00007FE0000F070001E018001C008001800000180000008000000C00000041C00007FC00003FC00001F000003C00000381800018780000DF00000FF000003C000000000000000000000000000000
10000000000000000000000001000000300000020000006000000600000060000006000000600000060000006000000600000060000006000000600000060000006000000E000000E0000006000000400000000000000000000000000000000000000
7000000000000000003800000780000070000007000000F000087FF000FFFF8007FFF8003FF00000780000070000007000000E006001E006001C007001C007003CFFF003FFFF001FFFC000E0000000000000000000000000000000000000000000000
300000000000000000000000001800001F80001FF80007FE00007C00000E000000E000000E000000F00000078000003C000001E000001E000007C000007800000F000000F8000007FE00001FE000003C0000000000000000000000000000000000000
50000000000000000000000000000001E000007FC00007FE0000FFF0001E070001C0100018000001C000001FC00000FFC00007FF00001FF800001F80000018000001800001380003F30007FE10007F800007E00000000000000000000000000000000
900000000000000000F800000F8000001C000001C000003800000700000070000007000001FC00001FF00007FF00007878001E038003E038007C038007807000660F00007BE00003FC00000C000000000000000000000000000000000000000000000
60000000000000000000000000000000000000000000007000001F800003FC000071C0000F1C0000F1C0000FFC00003FC000009C000001C0000038000001800000380000070000007000000E000000E000001C000003C000001800000000000000000
30000000000000000000000000000000F000003FC00007FE0000F0F0000E040000E000000C000000E000000E000000600000070000003E000003F000007E000007000000700000038300003C700001FF000007C000000000000000000000000000000
2000000000000000000000000000003AB00003FFF0003FFF800003F800003C000003C00000F800000F000001F000001E000003E000003C000007C0000078000007000000700000079E00007FE00003FE00000E0000000000000000000000000000000
6000000000000000000000000000000000000000000000FE0001FFE0001F878003F038007E03800EE03801CC038019C03801B803801F003000E00700000070000006000000E000001C000001C000003800000F800000F000000600000000000000000
10000000000000000000000000000003C000007E000007E000008E00000070000007000000700000070000007000000F000000F000000F000000F000000F000000F000000F000001E000001E000001E000000C0000000000000000000000000000000
300000000000000000000000000000000000001FCA0007FFF001F00F80380018070000007000000700000038000001C0000007F800003F800003F000003C000006000000600000070000007C000000C0000007E000001E00000000000000000000000
6000000000000000000000000000000000000007C00001FF00007FF0001F870003C0F000780F000F07F000FFFF0007FC70000607000000E000000E000001C000003C0000078000007000000E000007C00000780000070000000000000000000000000
00000000000000000000000000000001E000007F80000C1E0001807000300300030018002001800200180060018006000800600180060018002001800200380020030003006000181C0001C7800007E00000700000000000000000000000000000000
7000380000038000007800000F800000E000001C00000380000038000007000000E000000E000001C0000018000003800000380000078000003C00F003FFFF801FFFF0007DFA000000000000000000000000000000000000000000000000000000000
20000000000000000000000000000000010000007C00001FC0007FFC000FFFC001FFFC0003FF80007FF00007800000F000001E020001E070003807000380E000701E00060FC0007FF80007FE00003FC00003F00000000000000000000000000000000
1000000000000000000000000000000018000001800000180000030000003000000300000030000007000000700000060000006000000E000000C000000C000000C000001C00000180000018000001800000180000000000000000000000000000000
700000000008000001C000001C000001C000001C000003C000003800000380000038000003800000780000070000007000000F018000F01C000F00C000F00E000FFFF0007FFE0001E0000000000000000000000000000000000000000000000000000
1000000000000000000000000000000060000006000000E000000E000000E000000E000000E000000E000000E000000E000000E000000E000000E000000C000000C000000C000001C000001C000001C00000180000000000000000000000000000000
40000000000000000006000000600000060000004000000C000001800000100000030000006000000C00000180000033C0003E7F0000C030000C0100018030003006000600C000C010001802000000000000000000000000000000000000000000000
200000000000000000000000000000003E00001FF0000FC30001E030000006000000C0000038000007000000E000001C0000030000006000000C000001C000001800000100020010006001803C000FFF00007F8000000000000000000000000000000
40000000000000000000000000000000006000000E000003C000007800000F000003C000007C00003FE0000FFE0000F8E0000F0E0000E1C0003C3800038F0000F1E0001C1800018000000800000000000000000000000000000000000000000000000
2000000000000000000000000000000000000006040000C04000D8040007004000300C00038180002C3000063E000040000004000000C000000C00000080000008000000800000080000008080000C180000630000038000000000000000000000000
10000000000000000000000000000000600000060000006000000E000000E000000E000000E000000E000000E000000E000000C000001C000001C000003C000003C000003C000003C0000018000001800000000000000000000000000000000000000
70000000000C000000C000000C000000C000000C000000C000000C000000C000000C000000C000001F00001FFC00009800000180000010000003000000303C00031FC0003F800003C0000000000000000000000000000000000000000000000000000
900000000002000000700000060000006000000E000000C000001C000001C00000180000038000003800000703800073FC0007FF80007F380007C700007BE00007FC0000FF00000780000000000000000000000000000000000000000000000000000
6000000000000000000000000000000000000018000007F00000FF80000E3800007BC00003FC00001FC0000078000003800000780000078000007000000F000001E000001E000001C000003C000003800000380000018000000000000000000000000
10000000000000000000000000000000100000030000003000000300000030000006000000600000060000006000000C000000C000000C000001800000180000018000001800000180000030000003000000100000000000000000000000000000000
100000000000000000000000000000000C000001C000001C00000180000038000003800000380000030000007000000E000000E000001C000001C00000180000018000003800000380000018000001000000180000000000000000000000000000000
200000000000000000000000000000003C00003FC0003F8C003F81C0038018000003800000300000060000004000000C000000C000001800000180000030180003038000307000060E000063C00003F000003C0000000000000000000000000000000
40000000000000000600000060000006000000E00000060000006000000200000020000002000000307E003FFFE003FFDC001F41C00030180003038000303000030600003060000306000000000000000000000000000000000000000000000000000
800000000000000000000000000000003E00003FF00003FB8000703C000E01C000C03C000C038000C030000F0700007FE00003FC00007F80000FF80001FF80003CF000039E00003FC00003F800001F800000F00000000000000000000000000000000
100000000000000000000000010000001C000001C000003C000003C0000078000007800000F800000F000000F000001F000003F000003E000003E000007C000007C000007C000007C00000F8000003800000000000000000000000000000000000000
7000000000000000018000001800000380000038000003800000300000030000003800003FF0000FE0060186006000E006000C00600180060018006001FE02000FFFE000007E000000000000000000000000000000000000000000000000000000000
7000000000000000000C000001C0000018000003800000300000020000006000000C00000080000018000001800000100000030000003000000200000020000002000000207000033C00001E000000000000000000000000000000000000000000000
4000000000000000000000008000000C000000C000000C000000E000000E000001E000001E030000FFF8000FFF8000FE38000E038000C038000C038000C038001C0300018030001803000000300000030000000000000000000000000000000000000
80000000000000000000000007000001F800001980000330000063000006600000C600000CC00000D800000F000000E000000F000001BC000010F8000200F00000038000000C000001C000007000007C0000000000000000000000000000000000000
00000000000000000000000001F80000FFC0003FBE0003C07000F006001C006001C0060038006003000E003000E007001C006001800603B800E07F000F07E00070FE00071FC0007FE00003F000001E000000000000000000000000000000000000000
7000000000000000000080000038000007000001E0000038000007000001E00000380000030000006000000E030000C0100018018001803800180300018070001C0E0000E3C00007F800003E000000000000000000000000000000000000000000000
30000000000000000000000000000003E00000FFC0001F0E0001C000000C000000F00000038000001F0000007C000007E00000FE00001F800007C00000780000070000007E000001F8000007C000000E0000002000000000000000000000000000000
100000000000000000000000000000000C000001C000001C000001C00000180000038000003800000300000070000006000000E000000E000001C000003C00000380000070000007000000E000000C000000800000000000000000000000000000000
30000000000000000000000000000003E00000FFE0001FFF0001C0780038018003000800300000038000001FE00000FE000003C000001C0000038000007000000700C000601C000707C0007FF80003FE00001F0000000000000000000000000000000
10000000000000000000000000000000700000070000007800000700000070000007000000F000000E000000E000000E000000E000000E000000E000001E000001C000001C000001E000001E000000E00000060000000000000000000000000000000
000000000000000000000000000000007C00001FE00003FF00007870000F070000C070001C070001C07000180E000380E000301E000301C00030380001078000107000018E00001FC00000FC000007800000100000000000000000000000000000000
70000000000C000000C000000C00000080000008000001800000100000010000003000000200000020000002000000600000040000004000000C007000C03E000C3F0000FF00000F00000000000000000000000000000000000000000000000000000
700000000000E000000F000000F000000F000000E000001C000001C000003C00000780000078000006000000E000001C000007800000F000000E000003C060003C7F0007FFE0003FF0000000000000000000000000000000000000000000000000000
00000000000000000000000068000006700000C5C0001C0700018078003803800380380030038003003800300380030038003003000300380070078003007000380E000180C00018380001FF800007C00000000000000000000000000000000000000
3000000000000000000000000E000003F000007F80000FC00000F000001E000001C000000C000000F0C00007FE00003FE00001FE00003F800003E000007800000700000070300003FF00001FF000003E0000000000000000000000000000000000000
5000000000000000000000000000000FFF000091F8000001E000000000000000000000000000000003000000F600000060000006000000600001EE0001FFE0007FF8001FC00001C000000000000000000000000000000000000000000000000000000
500000000000000000000000000000003F00000FF80001F980003F000003C0000038000007800000380000038000001C000000E0000007000000700000070000007000000F000038F00001FE00000FE000003E0000000000000000000000000000000
2000000000000000000000000000000007800001F800003F800007B80000F380001CF0007FFE0000FF80000FC00000E000000C000001C000001C0000038000003808000181800018380001C780000FE00000780000000000000000000000000000000
70000000000C000000C000000C000000C000000C000000C000000C000000C000000C00000180000018000001800000180000038180003030000303000030F000037F00003F00000380000000000000000000000000000000000000000000000000000
6000000000000000000000000000000000000000000007F80003FFC0007C7E000E01E000C03F000C0E3000E3C3000FF838003C03000000300000070000006000000E000000C000001C0000038000007000001E00000FC00000F000000000000000000
6000000000000000000000000000000000000000000007E00001EF8000100E0003007000300300018830001F810000E030000003000000300000020000006000000C000000C0000018000001800000300000060000006000000C00000000000000000
9000000000000000030000003000000300000030000003000000300000070000007000000700000073C00007FE00007C7000060700006030000E070000F070000387000038E00001DE00000FC00000000000000000000000000000000000000000000
20000000000000000000000000000000000000003800001FC00003CE000070E0004E0C0007C1C0003C7800039F00007F80000E600000C0000018000003000000300000060000002000000300000018000000FF000001E000000000000000000000000
8000000000000000000000001FC0000FFE0001FFF0003E0F0003E070003F0E0001F1E0000FBC0000FF800007FC00007FF8000FFFC001C7FC00781FC00FC1FC00FFFF800FFFF0007FFE0003FF80000F800000000000000000000000000000000000000
30000000000000000000000000000000F000001F800003FC00003C600007060000702000060000006000000600000030000003FC00000FC000007800000E000001800000380000030000003E000001FE000001E000000000000000000000000000000
50000000000000000000000000000003E000007F00000E100000E080000E000000E000000E06000060F000071F00003BF00001FF00000EE000000E000000E000000E000200C0003C040000F0000003FC00000F8000000000000000000000000000000
200000000000000000000000000000003000007FC0001FFC0007C18000E038003C030000007000000E000000C000001C000001800000380000038000003000000301C000301C00030780003FF00001FC0000060000000000000000000000000000000
2000000000000000000000000000000000000010000001BE00000FE00000E700001E300003FF000033E00006000000600000040000004000000C000000C000000C000000608000061C000021C000033800001F0000006000000000000000000000000
500000000000000000FC00001FE00007FF00007FF0000787000078000007800000780000038000003C000001E000000F8000007C000003E000001F000007F0007FFF000FFFF000FFFF000FF0000000000000000000000000000000000000000000000
60000000000000000000000000000001F000001F8000078C000070C0000604000063C00003FE00000FC000000E000000C000000C000001800000180000038000007000000F000001E000003C00000F800000E00000000000000000000000000000000
000000000000000000000000000000007C00001FF00003FF8000FF3C000F81C001E01E003C01E007801E007803C00F007C00F007800F00F000E00F000E01E000E07C000E0F8000F3F80007FB00003F000000E00000000000000000000000000000000
800000000000000000000000010000007800001F800003F800003700000670000067000002E000003E000003E000003F800003FE000070F000070300006030000607000041F00007FE00007F000007E00000000000000000000000000000000000000
2000000000000000000000000000000007000000F800003FC00607F8007FFF0001FFC00003C00000180000030000007000000E000000E000001C000001C000000C010000E078000F0F00007FC00003F800001E0000000000000000000000000000000
90000000000000000004000000C000001C00000380000078000007800000F000001E000001E000003F000003F800007F80000798000071800006300000E300000C600000C6000007E0000078000000000000000000000000000000000000000000000
200000000000000000000000000000000F000003F000007F80000F980001E380003C38000787000070F0001FFE0000FFC0001CE000018000001800000180000010000001000000181C0001DFC0000FF800003E0000000000000000000000000000000
80000000000000000000000000000007E00003FFC0003FFF800380780038038003C038001E070000F8F00007FC00003F800003FC0000FFE0001E0F8003C07C007001C006001E006001E00039FC0003FF80000FE000000000000000000000000000000
80000000000000000000000000000002000003FF0000FFFC001E01C003800E003000E003000E001800C001807C000C1FF00073E78001F81C000603C000603C000603C0006038000607800021F00003FE00000E0000000000000000000000000000000
8000000000000000000000003000001FF00001FF00003C780003C380003C1C0003C1C0003C1C0003C1C0001CF80001FFC0000FFF0000FCF0001E03C001E03C000E03C000F03C0007FF80003FF00000FE0000000000000000000000000000000000000
8000000000000000000000000FE00001F700007030000C030000C030001C030000C060000F0E00003DC00000F8000007800000F800001CC000038C000071C0000E3C0001C7800019E00003F800001E000000000000000000000000000000000000000
7000000000000000000100000038000007000000F000001E000003C000007800000F000001E000003C0000078000007000000E000000C000000C000000F000000FF000001FC000003E000000E00000000000000000000000000000000000000000000
40000000000000000C000000E000001E000001E000000F000000F0000007000000700000078000007B800007FC00003FE00003FF00003CF00003C700003C780001C780001C780001C7800000700000000000000000000000000000000000000000000
9000000000000000003000000300000030000002000000600000060000004000000C0000008C00000B000001810000180000030080006018000E010000E000000C0200008180000030000006000000000000000000000000000000000000000000000
300000000000000000000000000000000080001FF80003E00000600000060000006000000600000060000006000000600000060000003E000001E00000030000003000000300000010000001A000000E0000006000000000000000000000000000000
00000000000000000000000000000001E000003F000007380000E1C0000C0C000180600018060003806000380300038030001803000180300018030000C070000C0600006060000704000038C00001F800000E0000000000000000000000000000000
60000000000000000000000000000000000000030000007000007F00000FF00001FF00003BF00001FB80001F180000018000001C0000018000001C000001C000001800000380000038000003000000F000001C000001C000000000000000000000000
600000000000000000000000000000000000003E00000FF00001FFC00039FE00031CF00031C3000718380033838003F038003F038003E038001C0700000070000006000000E000003C000007800001F000003F000001C000000000000000000000000
300000000000000000000000000000007C00000FF00003C70000703C000701C000E01C0006000000700000038000003E000001F000000F000001F000003800000787000070F00007F000007F000007C00000300000000000000000000000000000000
20000000000000000000000000000000000000000000000FE01803FE01807FC00E0FF8003FFF0000FF8000078000007000000F000000E000001C000001C000001C000000C00E000C07C00071E00000F80000000000000000000000000000000000000
10000000000000000000000000000000C000000E000000E000000E000000E000000E000000E000000E000000E000000E000000E000000E000000C000000C000000C000001C000001C000001C000001C00000080000000000000000000000000000000
300000000000000000000000000000007E00001FF00007FF0000F800000C000000C000000C000000F00000078000001F00000078000001C0000018000007800000E000001C6000019E00003FC00003F800001E0000000000000000000000000000000
200000000000000000000000000000000000003FE0000FFF001FFDF001F80F000000E000001C0000038000007000000E000001C000001C0000038000003000000700000060000006000000E380000FF800007F800001F000000000000000000000000
200000000000000000000000000000000E000C03E001E03E00070FE00071FE0003FFC0001FF80000FF000007E00000640000060000006000000600000060180006038000607800030F80003FF00001FE000007C000000000000000000000000000000
90000000003000000300000030000003000000300000030000003000000300000030000003FC000078F00006018000E008000C008001C008001E008001E018000E0300003FE00001FC000000000000000000000000000000000000000000000000000
30000000000000000000000000000003FC0000FFF0003FFF8007FFF8007FFF800FE0F000FC02000FC1C000FFFE0007FFE0003FFE0001FFC0000FF800003F1C0003FFC0003FFC0003FF80001FF80000FE000007C000000000000000000000000000000
0000000000000000000000000000001FFC0001E7E000363E000361F000360F000320F000320F00033070001006000180E000180E000180E0000C1C0000F9C00006FC00006F800007F800003F000003F000001E0000000000000000000000000000000
00000000000000000000000000000000000000000000000FE0000FFF0001FFF0003F02000F006001C006003800C003001C00600180060030006006000E00E000E01C000E038000E03000070E000071C00002380000018000000000000000000000000
5000000000000000000000007E000007F80000FFC0001E0E0001C060001C000000C000000600000038000000FF800003F80000078000007000000E000000E000000C0000000000BBE0001FFF00007F800000000000000000000000000000000000000
70000000000000000000000006000000F000000F00000070000007000000700000070000007E0000FFF0000FF800000E000000C000000C0000018000003800000380000031F80007FF00007E800007800000000000000000000000000000000000000
8000000000000000000000007C00000FFC0001E3C0001C0E00018060003006000380E0001C0C0001F1C00007BC00003F800001F800001FE00003CE0000F070001E038003E030001F870000FFE00000F00000000000000000000000000000000000000
100000000000000000000000000000001000000F000003F000003800000180000018000001800000180000008000000B000000F000000E000000E000000C000000C000000C000000C000000C000000C000000C0000000000000000000000000000000
4000000000000000000000018000001C0000018000001C000001C000001C000001C000001C000001C000001C3F0001FFF8000FFFC000E01E001E00E000E006000E006000C006000C006000E0060004000000000000000000000000000000000000000
400000000000000001800000380000018000001800000180000018000001800000380000038000003800000380000038800003FE00003FF00003830000303000030180007018000603800000600000000000000000000000000000000000000000000
600000000000000000000000000000000000002000001FE00003FF80003FFE0003FFF0003EFF8003E1F8003FE78003FFF8001FFF8000FFF80003F78000007800000F000001F000007E000007E00000780000078000006000000000000000000000000
0000000000000000000000003C000007F00000FF80001C3C000181C000180E0003806000700700070030006003800E001800E001C00E001C00E000C00601CC00701FC003E0FC001FC700003FF000007E0000000000000000000000000000000000000
2000000000000000000000000000006000000601E000707F0007EFF0003FFF0000FFE0000FFC0000F000000E000000E000000C000000C000000E000000E000000F0000007C380003E7C0000FFC00007F800001F000000000000000000000000000000
90010000001800000180000038000003800000380000038000003000000700000070000006000000E7F0000FFF8000FC38001F018001C078001FFF8001FFF0001FFC0000FE00000000000000000000000000000000000000000000000000000000000
100000000000000000000000000000000C000000C000001800000180000030000003000000600000060000006000000C000001C0000018000001800000380000030000003000000300000020000002000000200000000000000000000000000000000
4000000000000000000000000300000070000006000000E000000C000000C000000C000001818000187C0003FF80003FF800070700006060000E0C0000C040001C0000018000001800000180000030000000000000000000000000000000000000000
7000000000000000300000030000001800000180000018000000C000000C000000C000000C0000004000000400000060000004000000C000000F0F1C00FFFFC0003180000000000000000000000000000000000000000000000000000000000000000
4000000000000000004000000E000000C000001C000001800000380000030000003000000700000060380007FF8000FFB8000C030001C0700018070003806000380E000300C0007000000600000000000000000000000000000000000000000000000
7000000000000000003000000780000078000007800000F000001F000001E000001E000001E000003C000003C0000078000007800000F800000F000000F000001F000000FFFE0007FFE00001F80000000000000000000000000000000000000000000
30000000000000000000000000000003FF00007FFF000E0FFC01E001C01C0000018000001C000001C000000E00000070000003F000003F800007F00000F800001C000003C0700039FF8003FF80001FE00000000000000000000000000000000000000
900000000000000018000001800000180000018000001C000001C000000C000000C000000FF80000FFE0000E030000C038000C018000C01800080180000038000007000030E00001FC00000F800000000000000000000000000000000000000000000
800000000000000000000000000000007C00000FE00001C700001830000183000018600001C400000CC00000F800000F000000F000003F000007300000C180001C100003810000201000038200001FE00000F80000000000000000000000000000000
80000000000000000000000000000000F000003F80000718000060C000061C000061800006180000318000033000001B000001E000000E000000F000000F80000198000019C0000118000033000003E000001C0000000000000000000000000000000
40000000000000000000000000000000000000000000000000000000000000000E0F0000FFFC0007FFF0007FFF00038078003803C003803C003801C003801C001C00E001C007000C00200000000000000000000000000000000000000000000000000
700060000006000000C000000C000000C000001C000001C00000180000018000003800000300000030000003000000300000060000006000000600200060060007FFC0003FE0000000000000000000000000000000000000000000000000000000000
10000000000000000000000000000000800000080000008000000C00000040000004000000400000040000004000000400000040000004000000400000040000004000000C000000C000000C000000000000000000000000000000000000000000000
200000000000000000000000000000000000000000000000000007E00003FE0003F8E000F01C001803800200300000070000006000000E000000C000000C000000C040000C7C0000FF800001800000000000000000000000000000000000000000000
100000000000000000000000020000002000000200000060000006000000600000060000006000000C000000C000000C000000C000001C000001800000180000018000001800000180000018000001000000000000000000000000000000000000000
20000000000000000000000000000000000000007800001FC00007FC0001F9C0001E3C007FFFC007FFF8000FF800007000000F000000E000000E000000E000000E0000006000000700000078000003FF00001FF000007E00000000000000000000000
200000000000000000000000001800000F800007F00003FE0001F8C00078180000030000006000000C000001C00000380000070000006000000C000001C00000180200018070001C1E0000FFC00007F00000000000000000000000000000000000000
30000000000000000000000003C00001FFC0007FFC001FFF8003FC00003F000003E000003E000003FF80001FFC0000FFC00007F00000FE00001F800001F000003F007003FFFF001FFFF000FFFC0000FC0000000000000000000000000000000000000
20000000000000000000000000F000003F000007F00001CE000079C0000E3800010F000001E000001C000007800000F000000E000001C0000038000003000F807007F80603FC007FFC000060000000000000000000000000000000000000000000000
30000000000000000000000001F000007F80003F00000F000000C0000018000001800000100000018008000C078000FDF80003FE00000F000001C0000038000007000000600000060780007FF80003FC0000000000000000000000000000000000000
2000000000000000000000000000000C040000C3F0000C7F00007E300007C7000070E0000F8C0001DFC00018F8000180400010040001006000100E000180C000180C0000C180000E18000073000003F000001E0000000000000000000000000000000
30000000000000000000000000000000F800003FC00007FE0000F070000E010000C010000C010000C000000400000070000003E000000F000000E000003C0000030000007000000603000060F00007FC00003F0000000000000000000000000000000
900000000000000001000000300000030000003000000300000060000006000000600000060000007FC000063F0000C0380008018000801800080180008038000C070000C1E00007FC00001E000000000000000000000000000000000000000000000
100000000000000000000000060000006000000700000060000006000000600000060000006000000E000000E000000C000000C000000C000000C000001C000001C000001C000001C000001C000003C00000000000000000000000000000000000000
70000000000000000004000001C00000180000018000003000000300000070000007000000FE00003FC0000FE00003EC000070C000000C000000C000000C000000E600000FE000007E000007800000000000000000000000000000000000000000000
4000000000000000000000002000000600000020000002000000200000030000003000000300000030000007FC00007E60000303000010300001020000102000010600001060000004000000C00000040000000000000000000000000000000000000
00000000000000000000000000000000C000007FC0000E070001C018003801C003800C0030006007000600700060070006007000600600060070006003800C0038008001C218000FE180007C3000000E0000038000000000000000000000000000000
300000000000000000000000000000003E00001FF00007C1C001E0180038000007000000600000060000002000000380E0001FFE00001F000001800000300000020000006010000603000030300001FE00000FC000000000000000000000000000000
5000000000000000000000003C000007E00000FF00000F800000F000000F000000E000000E000000E0F000063F00003FF80001F780000C780000070000007000000E000000E000FF4E0003FEE0000EC00000000000000000000000000000000000000
500000000000000000000000000000001000000FE00001FE00003E000003800000300000030000001C000000F0000007E000001F800000FC0003FFC03FFFF801FFFE0003C000000000000000000000000000000000000000000000000000000000000
80000000000000000000000000000000F000003F800007FC0000C7C000183800018380001C780000FF00000FF800007FC00003FE000003E000083E000087E00008FC0000FFC00007F800007F800001F80000030000000000000000000000000000000
6000000000000000000000000000000000000000000007E00003FF8000FFFC001FFFE003C1FF003C3C7803FF87801FF03800FE03C007003C000003C000003C000003C0000038000007800000700000070000007000000700000000000000000000000
3000000000000000000000001E000007FC0001E070001C01C001800E001800200180000018000000C00000070000003C000000F8000003E000003E00001FF00003C7000078F8000FFF0000FF000003000000000000000000000000000000000000000
20000000000000000000000007800001FC00003FE000078E0000F1E0000E3C0001FF80001FF00001FC0000380000030000003000C003000C003001C003803C00180F8001C3F0001FFE0000FF800003C00000000000000000000000000000000000000
600000000000000000000000000000002000001F800003FE00007860000F060001E070001E7F0001CFE0000FFE00007E60000186000000E000000E000001E000001C000003C000007800003F00000FE00000700000000000000000000000000000000
70000000000300000030000007000000E000000E000001E000001C000003C000003800000780000070000007000000E000000E000000E000000E010000F01C0007FFE0003FFE00007F000000000000000000000000000000000000000000000000000
6000000000000000000000000000000000000000000003E00000FF80001FFC000381E000700E00070060003F860003FC60000F84000000E000000E000000C000001C000001C000001800000380000038000007000001E000001800000000000000000
6000000000000000000000000000000000000001C000007F000007F00000FB00001D300001B600003A600003EE00003DC00000980000038000007000000E000001C0000038000007000001E000003C000007000000C00000000000000000000000000
300000000000000000C000003E000007000000E000000E000000E00000070000001C000000F00000070000003800000380000038000007000000E000000E200001C700001FE00001FC00001E000000000000000000000000000000000000000000000
2000000000000000000000000000007C00000FFFE0003FFF8001FFFC00007FC000007800000F000001E0000038000007800000F000001E000003E0000078000007800000700000078000007FF00007FF00001FE000000000000000000000000000000
700000000000000000C000001C000001C000000C000001C000001C00000180000018000001800000180000018000003800000300000030000003000000300C000303800031E00003F800003E000000000000000000000000000000000000000000000
8000000000000000000000003C000007E000007E000007E000007E000007E000007FC00003FE00003FF00003FF00007EF00007CF000078F0000F8F0000F1F0000F9E0000FFE0000FFC00003F800001C00000000000000000000000000000000000000
100000000000000000000000000000008000001C000001C000000C000000C000000C000000C000000C000000C000000C000000C000000C000000E000000E000000C000000C000000E000000C000000C000000C0000000000000000000000000000000
1000000000000000000000000000000180000018000001C000001C000001C000000C000000E0000006000000600000060000006000000600000070000007000000E000000E00000060000006000000600000040000000000000000000000000000000
700000000000000000000000006000000E000000E000001E0000038000007800000F000001F000007FE0000FFE00007E00000F000000E000000E000000C000001C0000018000000C3C0000FFC00001C00000000000000000000000000000000000000
50000000000000000000000006000001E000001C000003C000007800000780000070000007000000F000000F00000073F00003FF00000F7800000700000FFC001FFF00000070000007000000700000010000000000000000000000000000000000000
600000000000000000000000000000000000000000000000000003000001FE0001F070001E03000320300023010004300800420080042018007E010003801000000100000030000003000000600000040000004000000800000080000008000000000
40000000000000000000000002000000600000060000006000000C000000C000000C000001C000001C000001FF00003BF0000387000030E000030E000071C000061800006000000E000000E000000C000000000000000000000000000000000000000
9000000000200000030000003000000300000030000003000000300000030000003000000300000030000003F800003FC00003FC0000386000038E000039E00001FC00000F80000070000000000000000000000000000000000000000000000000000
500000000000000000000000000000007800003FC00007FC0000FFC0001F880003E000003C000003C000003FF80001FFC00007FE000007E000001E000001E000003C0000478000067800007F000003E000001C0000000000000000000000000000000
100000000000000000000000000000000000000000001FF00003FF80001FFC0000FF800007000000780000038000001F000001F000000F000000F00000070000007000000300000038000003800000380000038000003800000180000000000000000
30000000000000000000000000000000FC00003FF8000F00E001C00300180018030001807000080600000070000003FE00001FE000007E200001C6000038E000073C00007F800007F000007C000003000000000000000000000000000000000000000
300000000000000000000000000000003C00000FC00001EE000030400006040000C0C0000C1800008000001800000180000008180000C3800007F000003E000001C000001C000001C000000CC00000F80000070000000000000000000000000000000
400000000000000000000000C000000400000060000006000000600000030000003000000300000010000001B800001F8000018C000018C000008C000008C000008E00000C600000C6000008000000800000000000000000000000000000000000000
700000000002000000200000030000003000000300000030000007000000600000060000006000000E000007FE00003FE00000C000001800000180000018000007F80001FF80001C00000000000000000000000000000000000000000000000000000
80000000000000000000000000E000003F000007F00000E70000186000038E000018E000019C00001F800000F000000F000001F800003FC000078C0000F0E0000E1E0001C3C0001CF00001FE00000F000000000000000000000000000000000000000
90000000000C000000C000001C000001C000001C000001800000180000018000001800000180000018000001F8000030C000070600007020000E0300006030000203000071F00003F8000000000000000000000000000000000000000000000000000
100000000000000000000000010000001000000300000030000006000000600000060000006000000C000000C000000C000000C0000008000000800000080000008000001800000180000010000003000000000000000000000000000000000000000
10000000000000000000000000000000040000008000000800000100000030000003000000200000060000004000000C000000C0000008000001800000100000010000003000000300000020000002000000200000000000000000000000000000000
600000000000000000000000000000000E000007F80001F3800038180007018001C018001803800300300020070006007000603E0007C7C0003FFC0000FF8000007000000E000001C0000038000007000000600000000000000000000000000000000
9000000000018000003800000780000078000007000000F000000F000000E000001C000001C000001C000001C000003E000007FC0000F3E0001C060001C060001C0E0000FFC00007F8000000000000000000000000000000000000000000000000000
100000000000000000000000000000001000000380000038000003000000300000070000006000000600000060000006000000E000000E000000C000000C000000C000000C000000C000000C000000C00000080000000000000000000000000000000
40000000000000000000000000000003000000700000038000003800000380000038000003800000F800000FFC00007FC000071C000071C000061C000061C000061C000001C000001C000001C000001C0000018000000000000000000000000000000
4000000000000000000000000200000060000006000000C000000C000001800000300000070000006000000C03800181FC001FF060030004002000C006001800C003000C0060008008000001000000200000000000000000000000000000000000000
50000000000000000000000003800001F800003E000007000000E000001C000001C000000E0000007C000003FE000001F0000003000000300000030000006000000C000001C00000780003FF00003FC00000000000000000000000000000000000000
4000000000000000000000006000000F000000F000000F000000F000000700000070000007F800007FC00007FE0000F9F0000E0F0000E070000E038000E038000E038000E038000E038000E0380000010000000000000000000000000000000000000
000000000000000000000000000000007F00001FF80007C3C000F01E001C01E003801E007801E007001E00E001C00E001C00C001C01C003801C007001E00F001E01E000F07C000FCF80003FF00001FC00000000000000000000000000000000000000
6000000000000000000000000000000000000000000000F800007FC0001FCE0007F8700060C3000C0E3000C0E380180C300081C3000E3830007F030001C0300000070000006000000E000000C000001C0000018000001800000180000000000000000
200000000000000000000000000000000000003F8000FFFE003FFFE003F01E000003C000007800000F000000E000001C000003800000300000070000007010000701C000703C0003FF80003FF00001FC0000000000000000000000000000000000000
200000000000000000000000000000000C000007E00000E700001C7000038300007070000E060000C0E001FC3C0007FF80001FE00000C000000C000000E000000700000078020003C020000F8E00003FC000006000000000000000000000000000000
3000000000000000000000000F000003F80000FF80001E000001C000000E000000F00000078000001C00000070000007000001F00000380000030400003860000386000038600003FC00001FC00000F00000000000000000000000000000000000000
1000000000000000000000000000000000000003E000003E000007C000007C0000078000007800000F800001F800001F000001F000003E000003E000003E000003C000003800000380000038000003000000200000020000000000000000000000000
5000000000000000000000000FC00003FF00007FF8000F018000E010000E000000E000000E000000700000078000003E000001FC000007F000000F00000038000003000F007000FF3E0003FFC00007F80000000000000000000000000000000000000
10000000000000000000000000000001C000001C000001E000001E000001E000000E000000E000000E000000E000000E000000E000000E000000E000000E000000E000000E00000070000003000000380000038000000000000000000000000000000
2000000000000000000000000000000000000600E000383F0001C730000FE300003C300001E6000017E000030000003000000200000020000002000000200000030000003000000180000018000000C0000007F800003E00000000000000000000000
000000000000000000000000000000007000003FE00007FF0000F878000E038001C038001803800300380030038003003800700300070070007007000700E000700E000300C000303800031F00003FE00001C00000000000000000000000000000000
30000000000000000000000007C00003FC00007F0000078000003E000001F00000078000003C000001C000003C00000F800001E000003C0000038000007000000700000078C00003FE00003FE000007C0000000000000000000000000000000000000
800000000000000000000000000000007800000FE00000C600000C200000C200000C20000066000007C000007800001F800001F800007680000E080001C080001818000181000018300001C6000007E00000380000000000000000000000000000000
10000000000000000000000008000000C000000C000000C000000C000000C000000E000000E000000E000000E000000E000000C000000C000000E000000C000000C000000C000000C000000C000000800000000000000000000000000000000000000
200000000000000000000000000000007F8000FFF8007FFF800FF0F800001F000001E000007800000F000003E0000038000007800000F000000E000001C03C003C00C003803C00380F80039FE0003FF80001F00000000000000000000000000000000
600000000000000000000000000000000000001F000003FC00007FC0000F1E0000E3E0000E3E000067E00007FE00007EE000018E000000E000001C000003C000007800000F000001E000001C00000F800001F00000180000000000000000000000000
700000000008000000C000000C000000C000000C000000C000001C000001C000007F000003F000001C0000018000001800000383000030300006030000FFF0001FFF000003F8000001000000000000000000000000000000000000000000000000000
10000000000000000000000008000000C000000C000000C000000400000040000004000000400000040000004000000600000060000006000000600000060000003000000300000030000001800000180000000000000000000000000000000000000
600000000000000000000000000000000000000E000003FC00007FE0000EE600018C700010C300031C30003F830001F0300000030000003000000700000060000186000018C000018C000019800001F800000F000000E000000000000000000000000
200000000000000000000000000000001F0000079800007080000E080000E0801C1C08007BC18001FC300003FF000039E000038000003800000380000038000003800000380000038000001C000001EC000007C000000000000000000000000000000
3000000000000000000780000FFC0007F88000FE00000F000000E000000F0000007C000003FC00001FE000001E0000038000007800001F000003E00000FC08003F018003FE7E003FFFC0000FC00000000000000000000000000000000000000000000
9000000000000000000000001C000001C000001C000003C000003C000003C000007C0000078000007F000007FE000078F00007030000703800070180007018000783000078300001CE00000FE00000780000000000000000000000000000000000000
00000000000000000000000001C000003E000006300000FF00001C30000383000070300006030000C030000C030000C06000180E000180C000181C00038380003C700003FF00003FE00001DC000001800000000000000000000000000000000000000
100000000000000000000000000000038000007C000007C000007C000003C000003C000001C000001E000000E000000E000000F00000070000007000000780000038000003C000003E000003E000001E000000C000000000000000000000000000000
20000000000000000000000000000000000000003000007FC003FFFE007FFEE007FFFE007F3FE003E0FE003C01E0038008003800000380000038000003C000003E080001F180000F9800007F800003F800001F8000007000000000000000000000000
20000000000000000000000000000000000008000000C00F800FFFFC007FFFC00002F800001F000003C000007800000F000001E000001C000007800000F000001E000000C0000008000000C0000007F000003FC000007C00000000000000000000000
000000000000000000000000000000007F00001FFC0007FFC001FC3E003E01E003C01E007801E007001E007003C00F003C00F007C00700F800707F00078FE000387C0007FF8000FFF0000FFC0000FF800001000000000000000000000000000000000
800000000000000000000000000000000000001FC0000FFC0001FFE0001FFC0003CFC0003FF80001FF00000FFC0000FFF0003FFF8007E1FE00F81FE01FFFFE019FFFC001FFE0000FF0000000000000000000000000000000000000000000000000000
90000000000000000080000008000001800000180000010000003000000300000034000007F00000F1C0001F06000030300003018000701800070100007010000303000018600000FC000007C00000000000000000000000000000000000000000000
90000000000030000006000000E000000C00000180000038000007000000E000001C000003800000380000076000007F000007F80000F380000730000073000007F000007E00000780000000000000000000000000000000000000000000000000000
00000000000000000000000000000003E000007F800007FC0000F3C0000E0E0001C060001C070001C07000180700018070001806000180E0000C0C0000C1C0000C3C000047800006F800007F000003C00000180000000000000000000000000000000
2000000000000000000000000000000008000007F80001FF80007DF000081E000003C000007800000F000001E000003E000007C000007800000F000001E000001C000001C000001C000001FF80001FF800007C0000000000000000000000000000000
5000000000000000000000003F000007FE0001FFF0001FFF8003E1FC003803C0038000003C000003E180001FFC0001FFC0000FFC00007FC00001FE000081E0001FDE0001FFE0003FFE0001FFE0001FFC0000000000000000000000000000000000000
100000000000000000000000080000018000001C000001C000001C000001C000001C000000C000000E000000E000000600000060000007000000700000070000003000000300000038000003800000180000000000000000000000000000000000000
900000000000000001800000180000018000001800000180000018000001800000180000019000003BC00003FC00003E600003C200003860000786000060E000061C000077800003F0000018000000000000000000000000000000000000000000000
7000000000100000018000001C000001C000001800000180000018000001800000380000030000003000000300000030000003000000300000073F00003FF00003FF00003FF00001F0000000000000000000000000000000000000000000000000000
80000000000000000000000003800000F800001F800001980000318000033000001F000001E000000E000000F000001F800001B8000031C000030C000030C000020C000039C00001B800000F000000E00000000000000000000000000000000000000
10000000000000000000000000000000C000001C000000C000000E000000E000000E000000F0000007000000F0000007000000700000070000007000000F0000006000000E000000E000000E000000E00000040000000000000000000000000000000
000000000000000000000000000000007C00007FE0001F830003001800E000C00C000C00C000C00C000C00C000C004000C006000C007000C00300080018018000C0180007030000787000030E00001DC00000F8000000000000000000000000000000
4000000000000000006000000F000000F000001F000001E000001E000003C0000078000007800000F800000FF00000FFF8001FFFE001C03E003C01E003801E007803C007007C003007000000600000000000000000000000000000000000000000000
100000000000000000000000000000006000000E000000F000000F000000F000000F000000F000000F000000F000000E000000E000000E000000E000000E000000E000000E000000E000000E000000E000000E0000000000000000000000000000000
70000000000800000080000008000000C000000C000000800000080000008000001800000FC000007FC00001FE0000184000010000001000000100000018600001BF00001FE00001F0000000000000000000000000000000000000000000000000000
9000000000000000018000001C000001C000001C000003800000380000038000003800000300000073C000077E00007F700007E700007C6000078E000079C00007B800001F000001E0000004000000000000000000000000000000000000000000000
600000000000000000000000000000000000000000000000000004000007FE00006038000300C0001C0600003860000004000000C0040018008007001801C00101F0000FF000000000000000000000000000000000000000000000000000000000000
400000000000000000000000030000003000000600000060000006000000E000000C000000C000001C0000018000001F800003FC000070C000030C000030C000060C000060800006000000C0000004000000000000000000000000000000000000000
2000000000000000000000000000000000000000FC00003FF0000F06003CC1E000FFFC0003FE0000300000060000004000000C000000C000000C000000C0000018020001804000180C000183800018700001FC00000F0000000000000000000000000
60000000000000000000000000000000000000000000FC00001FF8000187F00038778001839C001870E000FE070007C03800100380000018000001C000001C000001C000001C000001C0000018000003800000F000007E000007C0000000000000000
8000000000000000000000000F800001FC00003FE000078E000070E000060C0000E1C0000E38000067000007E000003F800001FF800038F8000701C0006038000C07000181E000187C0001DF00000FC00000000000000000000000000000000000000
10000000000000000000000000C000000C000000C000001C0000018000003800000380000070000007000000E000000E000001C000001800000380000030000006000000E000001C00000380000030000000000000000000000000000000000000000
3000000000000000000000003F800007FC0000E000000C0000018000001800000180000018000001C1C0000FF800003F000000E000001C0000018000001800000180000018180001C1C0000FF800003E0000000000000000000000000000000000000
70000000000000000000000000C000003E000003E000000C000001C0000038000007000001E000003C000007000000E000003C000007800000FF80000FFFFB0000FFF0000000000000000000000000000000000000000000000000000000000000000
500000000000000000F800001F800001F800003800000700000070000006000000E000000E000000E000000E0F00007FF00007FF00003F70000007000001F00038FE0003FFE0003FE00003F0000000000000000000000000000000000000000000000
400000000000000000000000700000078000007800000780000078000047F8000FFFE000FFFF000FF8F00077078000707800070780007878000387800038780003870000387000038F000038E00001060000000000000000000000000000000000000
40000000000000000000000000E000001E000003E000001C000001800000380000030000006000000F000003F8000079C0000F0C000070C0000E0C0000C0C0001C0C000180C000301C000203C00060000000000000000000000000000000000000000
100000000000000000000000000000000C000001C0000038000003800000380000030000007000000700000070000006000000E000000E000001C000001C0000018000003800000380000030000003000000200000000000000000000000000000000
8000000000000000000000001F000001F000002B8000021800006180000C380000C300000C700000C700000CE00000FFC00007FE000038E0000706000060E000000C0000038000027000007F000003C00000000000000000000000000000000000000
100000000000000000000000018000001000000100000030000007000000700000070000007000000E000000E000001E000001E000001E000001C000001C000001C000001C000001C000001C000000C00000000000000000000000000000000000000
30000000000000000000000000000000000000FF80007FFF000FE3F800E001C00E000800E000000700000078000003E000000FFFF0003FFF0000FD00001E000001C000001C000001FFE0000FFC00001F8000000000000000000000000000000000000
80000000000000000018000003C000007400000E600000C60000086000018E000018C000009C00000F800000F000000F000000F000001F000003B800007180000F1C0000F9C0000FF8000087000000000000000000000000000000000000000000000
1000000000000000000000000080000018000001800000380000030000003000000700000070000006000000E000000E000000E000000C000000C000000C000001C000001C000001C0000018000000800000000000000000000000000000000000000
2000000000000000000000000000000000000000000000000000000E000007E00007FE01FFFFC01FFFE001FFF800001E0000038000003800000300000030000003FC00001F800001F8000000000000000000000000000000000000000000000000000
5000000000000000000000006000000F8000007C000006C00000600000071E000033E00003FE00001FE00000CE000000E000000E000000E000000E000000E000000E001E00E0007C1E0001FFC00007F80000000000000000000000000000000000000
80000000000000000000000000000000F1C0000E1E0001E3C0001C3C000187800018780003C700001EF00001FE00001FC00007F00000FF00000FF00000FF00001FE00001FE00000FC00000FC00000F800000700000000000000000000000000000000
00000000000000000000000001E000007F00000E380001818000300C000700C000600C000C00C000C018001801800180300038070003006000300E000301C000303800038700003CE00001FC00001D000000000000000000000000000000000000000
60000000000000000000000000000000000000000000000000007F800007FE0000F9F0001F870003B038003F018007E018007C0180038018000001800000300000030000006000000E000000C000001C0000018000003800000300000030000000000
20000000000000000000000000000001F00003FF80007FF80003F1800000180000038000007000000F000001E000001E000003C00000380000078000007000000600000060200007DF00003FF80001FF0000038000000000000000000000000000000
100000000000000000000000000000002000000700000070000007000000700000070000007000000F000000E000000E000000E000000E000000E000000E000000E000000C000000E000000E000000600000030000000000000000000000000000000
10000000000000000000000004000000400000060000006000000600000060000006000000600000060000006000000600000060000006000000600000060000006000000600000060000006000000200000000000000000000000000000000000000
7000000000000000080000008000000C00000040000006000000200000030000003F000003E0000018000000800000080000008000000400000047000004D0000070000006000000C0000018000000000000000000000000000000000000000000000
10000000000000000000000000000000300000030000007000000700000060000006000000600000060000006000000600000060000006000000600000060000004000000400000040000004000000400000040000000000000000000000000000000
500000000000000000000000000000001F00000FF80003FF80003C080007000000700000038000003F000000FC000003E00000060000006000000E000001C000003800007F80003FF0007FF80003C0000000000000000000000000000000000000000
30000000000000000000000006000001F800003FC0000FFC0000F800001E000001C000001C000001E000000FE00000FF800007F800001F800001F800001F000001F000001FFC0000FFC00007FC0000040000000000000000000000000000000000000
40000000000000000300000030000003000000300000030000003000000300000030000003000000700000071800007FE0000FE70000E030000E030000C030000C030000C030001803800000180000000000000000000000000000000000000000000
600000000000000000000000000000000000003C00000FF0000003C000003E000007E00000FE00001BE000033C000077C000046C0000CCC00019CC0001B8C0001F180000C1800000300000030000006000000E000001C000000000000000000000000
900000000000000003000000380000038000003C000003C000003C000003C000001C000001C000001C000001E000001F800001FC00003FC00003FC00003FC00003FC00003F800001F800000E000000000000000000000000000000000000000000000
50000000000000000000000003C00000FE00001C0000038000003000000700000060000006000000300000038000001C000000F0000003C000001C000000C000001C000003C00001FC00007CC00008040000000000000000000000000000000000000
0000000000000000000000000000000000000000000001FE0001FFFC007FFFE00F000F00E000300C000300C000600C000E00C003C00E003C00E00F800E07E000E0F80007FF00007FC00000E0000000000000000000000000000000000000000000000
90000000002000000200000030000006000000600000060000006000000600000041F0000C7F8000CE18000DC18000F018000E018000C038000007000100E0000C3C0000FF800007E0000000000000000000000000000000000000000000000000000
20000000000000000000000000000000000000000000003C00001FF00003FF003FFC3803FFFF8003FFF8001FFF8000C0300008000000C000000C000000E000000E000000700000038000003C000001FC000007F000003F000000C0000000000000000
2000000000000000000000000000000000000000F800003C70000E0100038008006000800C000800E003001800E00103F8003000000200000060000006000000200000020000003000000300000018000001C1000007C000000000000000000000000
40000000000000000000000018000003800000300000070000007000000E000000E000000C000000C030001FFFC003FFFE003800E003801E003001C003003C0060078002007000200E000001E00000080000000000000000000000000000000000000
8000000000000000008000001E000003F000003F80000638000063C000061C000061C000070C000078C00003FE00001FFE0000FFE0001F0E004FC1E007F83C007C1F0001FFC0000FF0000078000000000000000000000000000000000000000000000
2000000000000000000000000000000000000001E00004FF8000FFFC000FFFE0007C0E0007F1E000FFFE000E7FC000E1F0001E000001E000001E000001E000001E000000E000000F1800007F800007F800003F000000E000000000000000000000000
100000000000000000000000020000002000000300000030000007000000700000070000007000000F000000F0000007000000E000000C000000E000000C000000C000000C000000C000000C000000C00000000000000000000000000000000000000
7000000000000000004000000E000000E000000C000001C000001C0000018000003800000380000030000007000000700C000700C000601C000E038000E038000E030000C07000062C00001FC00000000000000000000000000000000000000000000
200000000000000000000000000000000000001C800007FE00019FE0000006000001E000003C000007800000F000001C000003800000380000070000006000000600000060000003A000001FC000007F0000001000000080000000000000000000000
40000000000000000000000003000000200000020000006000000E000000C000001C3000019F00003FB00003F300007C60000F060000E0E0000C0C000181C000181800038380003030000300000020000000000000000000000000000000000000000
90000000000000000018000003000000300000030000006000000E000000C000000C00000180000018000003FC00003FC000030600006060000206000020C000061C000037800003F000001C000000000000000000000000000000000000000000000
40000000000000000000000018000003C000003800000380000078000007800000FFE0000FFFC000FFFC000E03C001E03C001C038001C070001C0F000380E000381E000383C0003838000007000000600000000000000000000000000000000000000
400000000000000000000000000000030000007000001E000003E000003E000003E01E003E03F003E1FF003FFFF003FFFF003FF9E003F81C003E01C003E01C003E01E003E01C003E018003C000003C000001800000000000000000000000000000000
00000000000000000000000000000001B800007FC0001FFF0007C07000F003800E001801C0018018001801800180180038018007801C00F801E01F800F83B0007FF30000FE7000001E000013C00001F800001C0000000000000000000000000000000
3000000000038000006000000C000000800000180000018000001800000180000008000000C000000F000000FF000018F000030000002000000600000060080007C300003FE00000FC000000000000000000000000000000000000000000000000000
900000000000000000020000006000000E000001C00000380000030000007000000E000001C00000380000033E000077F00007C70000F060000F0E0000F3C0000E780001FF00001F80000060000000000000000000000000000000000000000000000
200000000000000000000000000000000000000000000000001002F803FFFFC01FFFF800001E0000038000006000001C000003800000300000030000006000000E000000601C000607C0007FF00001F00000000000000000000000000000000000000
2000000000000000000000000000001F00000FFFC0007FFF0007FFF000187F000007F00000FC00000FC00001F800003F000003E00000FC00000F800000F800000F0C0000F1E0000FFE0000FFF00007FE00000E0000000000000000000000000000000
3000000000000000000000000F800001E000001C000007C00000F800000F000000F00000078000003C000000F000001E000001C000003C0000038000003800000380000038180003C3C0000FF800001C0000000000000000000000000000000000000
30000000000000000000000007F00001FE00003800000300000060000006000000700000078000003E000001F000000380000018000003000000F000007C000007820000E060000E0600007FC00001F00000000000000000000000000000000000000
800000000000000000000000000000007000000F000001B0000013000001B000001E000000E000000E000000F800001DC000018C000030C000030C000061800006380000C600000CC0000188000030000003000000000000000000000000000000000
3000000000000000000000003C00001FFC0003FFE0003FFE0007C1E0007806000780000078000007C000003F0C0001FFE0001FFF00007FF00007FF00007C600007E0E0003FFE0003FFE0000FFE00001F0000000000000000000000000000000000000
50000000000000000000000000000001E00001FFC0003FFF0007E1F800F003C00E000E00E000600F8000007F000003FE00000FFF80001FFC00001FC000001C00001FC0001FFC01FFFC001FFF000000000000000000000000000000000000000000000
700000000000000000600000060000006000000E000000E000000C000001C000001C000003800000780000070000007000000E000000E060000E3F0000FFF0000FFE00007FC0000180000000000000000000000000000000000000000000000000000
3000000000000000000F000003F000007100000E000000C000001C0000018000001800000180000018000001C000000E000000700000038000007800001E000007C00000F0800007EC00001FC00000000000000000000000000000000000000000000
50000000000000000000000000000000FC00001FF00003E38000780800070000007000000300000038000001E000001FC000007F000003F803FFC7C03FFFFC003FFF800033E0000018000000000000000000000000000000000000000000000000000
8000000000000000000000001F000007FF0000E038000C018000C070000E0E000071C00003F800001F000001F0000039C000070E0000E038000C01C001C00C001E01C003F03C0039FF800387E0000C000000000000000000000000000000000000000
1000000000000000000000000400000040000006000000600000060000006000000600000060000006000000600000060000004000000C000000C000000C000000C000000C000000C000000C000000800000000000000000000000000000000000000
2000000000000000000000000000000000000001F0000FFF000FFFF001F00E00000180000030000006000000C00000380000070000006000000E000000C008000C00E000FFFE0003FFC00000000000000000000000000000000000000000000000000
40000000000000000180000018000001800000180000018000001800000180000018000001800000180000018000007FE00003BE00003060000306000030600003060000206000000C000000C00000000000000000000000000000000000000000000
4000000000000000000000000000000000000010000001000000100000010E00001FE0000FF60001F8600013060000306000030C000030C000030C000030C000030C000030C0000300000030000001000000300000030000000000000000000000000
6000000000000000000000000000000000000001C000007F0000FFF80007C380007C1C000EE1C000CE18001CC38003FC30003F870007F8E0003F0C0001838000007800000F000001E0000038000007000000E000000C0000000000000000000000000
40000000000000000000000020000001000000100000010000001000000300000030000003000000307000033F80003E18000301800020180002010000201000020300002020000600000060000004000000000000000000000000000000000000000
900000000000000006000000E000000E00000060000006000000700000070000003000000300000030000003F800003CE00003030000303000010100000010000001000009600000FE00000FC00000000000000000000000000000000000000000000
50000000000000000000000000000000FC00001FF00003C780003870000706000070000007000000700000038000001C000001E000000E00000060000006000000E000000E000001E00007DC00001FC000003C0000000000000000000000000000000
100000000000000000000000000000018000001C000001C000000C000000C000000C000000C000000C000000E000000E0000006000000E000000600000060000006000000600000060000002000000300000020000000000000000000000000000000
000000000000000000000000000000000000003FF0000FFFC003F83C007C00E00F000E01C000E018000E018000E01C000E01C001C01E001C00F807800781F8003FFF0001FFE00007F800000C000000000000000000000000000000000000000000000
6000000000000000000000000000000000000000000003E00001FF8000304C000204400020C40002084000310C0001F0C0000C0C000000C000001C0000004000000800000180000018000003000000200000060000008000001800000000000000000
900000000000000018000001C000001E0000006000000600000060000006000000600000060000007FC0000FFF0000E070001C018001801800180180000038000603000030E00001FC000007000000000000000000000000000000000000000000000
50000000000000000000000007C00000FE00000FF00000E180000C000000E000000E000000E00000070000007000000380000038000001C000000C000000600001E600007F20007FF00007F800007C000000000000000000000000000000000000000
90002000000600000060000006000000C000000C000000C000000800000180000018000003800000300000073F00007FF8000FC18000F01C001E03C00180F00011FE00001F80000000000000000000000000000000000000000000000000000000000
50000000000000000000000000000000F000001F800003FC00003FE000071F0000E078000C038000C000000C000000E000000F0E00007FE00007FE00001FC000003C000007C00007FC00007FC0000FC00000400000000000000000000000000000000
9000000000000000020000006000000600000060000006000000600000077000007F8000039C000038E000030600003070000307000060600006060000606000060E000071C00003F800001F000000000000000000000000000000000000000000000
7000000000000000004000000E000000E000000E000000C000000C000000C000000EF80001FF8003FF80003FC000031C000001C000001C000001C00000180000018000001FF00001FF00001F200000000000000000000000000000000000000000000
3000000000000000000000000000000003800000F8000039800007900000E000001C00000380000038000003FC00000FC0000038000007000000E000001C0000038000003000000700000060000007F000003C0000000000000000000000000000000
8000000000000000000000000000000018000007C00001FE00003FE000039E000031C000031C00003FC00001F800001F000003E000007F00000F100000E180000E0C0000E0E000061E00003FC00001F00000070000000000000000000000000000000
00000000000000000000000000000000E000003F800007FC00007FC0000F0E0000E0E0001C0E0001C0E000180E000180E000181E000181C000181C0001C1C0001E1C0001F7800007F800007F000000F00000060000000000000000000000000000000
300000000000000000000000000000007C00001FE00003FE000078000006000000E000000E000000E000000600000070000003F800001FC000007800000F000000E000000E000000E0000007F000007F000001F000000000000000000000000000000
700000000004000000C000001C000001C000001800000380000030000007000000E000000E030001C070001C078001C078003807800380780038070003807000380F0001FFF0000FF0000000000000000000000000000000000000000000000000000
1000000000000000000000000000000020000006000000600000060000006000000600000060000002000000600000060000006000000600000060000006000000C000000C000000C0000018000001000000100000000000000000000000000000000
300000000000000000000000000000001F000007780001C08000300000030000002000000600000060000006000000704000073800003E000001C0000018000003000000204000020C000021000003E00000180000000000000000000000000000000
60000000000000000000000000000000000000000000001E000007F00001C300007030000C070000C060000E0C00007CC00000180000030000006000000E000000C000001800000300000020000006000000C00000080000000000000000000000000
7000000000030000007800000FC00000F800000F800000F800000F000001F000001E000003C000007C000007C0000078000007000000F000001FFF0001FFFC003FFFC001F83C001C00000000000000000000000000000000000000000000000000000
8000000000000000000000000000006800000FF80001FFC0001FFE0001FFF0000F9F8000FEFC0003FBC0000FFE00001FF00003FF00003FF80007C7C000F03C00091BE00017FE00017FE0000FFC00003F8000004000000000000000000000000000000
500000000000000000000000007C0001FFE0007FFE000FE00001F000003C0000038000007803C003807E003E3FC003FFFC000FFF80007FF800000F800000F000003F000DFFE001FFFE001FFFC001FFE80000000000000000000000000000000000000
90000000000000000C000001E000000600000060000006000000600000060000006000000600000067000007FC00007DC000070E000060600002060000006000000E00003BE00001FE000007800000000000000000000000000000000000000000000
700000000000C000001C0000018000001800000300000070000006000000E000000C000000C0000018000003800000300000070000006000000C000000C000001C010001FFF8001FE0800000000000000000000000000000000000000000000000000
900000000003000000200000060000006000000C000000C000001C000001C00000380000038F80007FF80007FF8000FF18001F818001E030001C070001C3E0001FFC0000FD00000700000000000000000000000000000000000000000000000000000
6000000000000000000000000000000000000000000000E000001F800007F80000FFC0001C3E000387E00070FE00061E700063C70007F870003E070000007000000700000060000006000000E000000E000000C000000C000000C0000000000000000
90000000000000000000000000000003F80001FFE0003F9F8003C00800380000078000007800000381C000387F00038F780019C38001FC38000F83800078380007870000707000070E00003BC00003F000001E0000000000000000000000000000000
600000000000000000000000000000000000001E000007F80000C3C0001C0C0001C040001C060000C060000C0E0000F7E00007E6000008C000000C0000008000001800000180000030000006000000E00000780000070000000000000000000000000
30000000000000000000000000000000000000FFF0007FFF800F001C00C000C00C000C00E00180070000001E0000007C100001FF800007F00000F800001E000003800000700000030000003E7F0000FFE000000000000000000000000000000000000
70002000000600000060000006000000E000000C0000018000001800000380000030000006000000E000000C000001C00000180000018000000C000800C003800FFFF0003FF8000000000000000000000000000000000000000000000000000000000
4000000000000000004000000E000000E000000E000000E000001C000001C0000018000001F800003FF00007FF8000F010000E030000E070001E0F0001C0E0001C0E000180C000180C000100800000000000000000000000000000000000000000000
4000000000000000000000000000000018000003C000007C00000FC00003FF0001FFF8003FFF8007FC38007F878001F8F0001F1F0001E3E0001C7C00008F800000F000001E000003C000003C000003C00000380000000000000000000000000000000
5000000000000000000000000FF00001FFC0007C1C0007006000E006000C002001C000001C000000C000000F9E00007FF00003FE000000E000001E000001C00000380003BF0001FFF0001FFE000180000000000000000000000000000000000000000
30000000000000000000000007800001F000007FC0000FFC0000F9C0000F0E0000F060000F8E0000FFE00007FE00003FC00003F800007E00000FC10000F870000FFF0000FFF00007FF00003FC00001F00000000000000000000000000000000000000
5000000000000000001C000007F00000E0000018000003000000300000060000006000000600000060000003F000000FC000000E000000200000060000006000000C0001FF80000FF8000002000000000000000000000000000000000000000000000
400000000000000000400000040000004000000400000040000004000000C000000C00000080000008200001FF0001FFF0003F8300001020000106000031C000021800002200000620000040000000000000000000000000000000000000000000000
7000000000000000000700000070000007000000F000000E000001C00000380000038000007000000E000000C000001C00000380000078000007000000E000000E000000FFE0000FFE0000FC000000000000000000000000000000000000000000000
80000000000000000000000000000000F800003FC000071C000060E000060C000061C0000638000077000003E000001E000003F00000E3E0000C0F0001803800180180018000001C000000F0400007FE00000F8000000000000000000000000000000
700000000000000000006000001E000001E000003C000007800000F800000F0000E3E0000FFE0000FFE00003FE00003C000007800001F000003E000007C00000FFC0001FFF8001FFFC000E0FC00000000000000000000000000000000000000000000
8000000000000000000000000E000000F8000018800000CC00000C40000044000006C000003C000003800000380000038000007800001C80000388000030C00006780000E180000C100000E700000FE00000000000000000000000000000000000000
000000000000000000000000000000000000003F800007FC00007FE0000FFE0001F7E0001C1E000180E000380E000381E000381E000183E0001C7C0001C780000EF80000FF000007F000007E000003C00000380000038000000000000000000000000
70000000000000000010000003000000200000060000006000000C000000C00000180000010000003000000300000030000003000000300000018000001C000000E00000078000001F000000300000000000000000000000000000000000000000000
6000000000000000000000000000000000000000000003F00000FFC0003FFE000780F000F007000E037000E01B000603B0007FF30003FF70001F070000007000000E000000E000000E000001C000001C000003800000F000000C00000000000000000
800000000000000000C000000300000018000000C000000C000000C000000C00000F800000E000000E000000B0000019000001180000108000019800030D800030F80001C3C00007F000001E000000000000000000000000000000000000000000000
800000000000000000C000003C000003C00000640000064000006C000006C000007C00000380000038000001C000003F0000073C0000E1F0000C4780018418001841800184780000FF00000F800000000000000000000000000000000000000000000
7000000000040000003000000300000078000007000000F000001E000003C000003C000003800000F000001E000003C000003C004007801E007003E0078078003FDF00001FC0000018000000000000000000000000000000000000000000000000000
30000000000000000038000007C00001F800001E0000018000001C000001C000001E000000F000000F8000003C000003C00003F800007F80000FC00000E000000E000000F8000003FF00000FF00000000000000000000000000000000000000000000
300000000000000000000000000000000000000FC00003FE0000FFC0001F800003E000003C000003FFC0003FFE0003FFE0007FC00007E000007C000003FE07801FFFF8003FFF0000FFC00000000000000000000000000000000000000000000000000
100000000000000000000000000000003C000007C000007C000007C000007C000007000000F000000F000001F000001E000001E000001E000001E000003C00000780000078000007800000F8000007000000600000000000000000000000000000000
90000000000000000C000001E000001E000001E000001E000000E000000E000000E1C0000FFF0000FFF8000F07C000F078000E078000E070001E070001E0F0000E1E00007FC00007F800003E000000000000000000000000000000000000000000000
50000000000000000000000000000000F800001FC000038C000070C0000704000060000007000000301800038380001FF80001FF800003F00000030000006000000600003060000F000007C00003F000007C000000000000000000000000000000000
200000000000000000000000000000000E000003F000007F00000E300001C30007FC70007FDE00007FC000063000006000000C000000C000001C000001C000000C0E0000C1E0000E3E00007F800007F000003C0000000000000000000000000000000
70000000000000000030000007000000700000070000006000000E000000E000000C000001C0000018000003800000380000070000007000000706000060E000061E00007FE00003F800003C000000000000000000000000000000000000000000000
30000000000000000000000001E000007F80001FF80003F1C0007C06000F800000F000000C000000C04000061E00007FF00003FE00001FC00003F800003E000007C00000FFE0000FFF00007FF00003FC0000000000000000000000000000000000000
500000000000000000000000003000000F800001D000007800000E000001C000001C000001C000000E000000600000030000003000000300000070000007000100F0001FFE00003FC0000018000001800000000000000000000000000000000000000
1000000000000000000000000400000060000007000000700000070000007000000700000070000007000000700000070000007000000F000000E000001E000003C000003800000780000030000003000000000000000000000000000000000000000
10000000000000000000000000000000C000000C000000E00000060000004000000E000000C000000600000040000004000000400000040000004000000C000000C000000C000000C000000C000000800000080000000000000000000000000000000
200000000000000000000000000000000000000000000007000FFDF000007E000004000000C00000080000018000001000000100000030000003000000200000020000002000000300000010000001000000080000006E00000180000000000000000
100000000000000000000000000000007000000700000078000007800000F800000F000000F000000F000001E000001E000001E000001E000001E000003E000003C000003C000003C000003C000003C000001C0000000000000000000000000000000
4000000000000000000000006000000700000030000003000000300000030000003000000300000030000007FF80007FF8000601C00060180006018000601800060100006010000601000040000004000000000000000000000000000000000000000
700000000000000000C000000E000001E000001E000001E000001E000001C000001C000003C000003800000380000038000003800000300000070000007000000780C0003FFC0003FFC00010000000000000000000000000000000000000000000000
4000000000000000000000003000000380000038000003800000300000030E000071F000077F00007F600007C60000F0E0000E0E0000E0C0000E1C0000C180000C380001C380001838000003800000300000000000000000000000000000000000000
7000000000000000003000000F800001F800001FC00000780000078000007800000F00003FFF0007FFE0001FFC00007F000007C00000F800000F000001E006001FFFE003FFFE001FFFC00030000000000000000000000000000000000000000000000
5000000000000000000000000F000003FC000078F0000E030000C02000180000018000001800000180000018060000C1E0000E7E00003E600000C600000060000006000000E00001FE00007FE00007000000000000000000000000000000000000000
400000000000000000000000800000180000038000003800000180000018000001C680001C7C0001CFE0001D870001F83C001E01C001E00E001C00F001C007001C003000E003800E001800C0018004000000000000000000000000000000000000000
5000000000000000000000001FC00003C0000060000006000000C000000C000000C00000040000006000000600000038000000F8000003C000000C000000C000000C000001C000001E0000FFE00007F80000000000000000000000000000000000000
400000000000000000000003000000300000038000003800000380000018000001800000180000018001001800300180070018FFE001F87E001E00E001C00C001800C000C00C000000C000000C000000C000000000000000000000000000000000000
000000000000000000000000000000007000001FC00007FE0000F0F0001E070001807800380780038078003807000380700038070003807000380E000381E000383E000387C00018F800019F80001FC00000F00000000000000000000000000000000
8000000000000000000000007C000007E000007F0000077000003B000003B000003F800001F000001F000001FC00003FE000038F000070780007038000E038000C078000C1F0001FFC0000FF80000E000000000000000000000000000000000000000
300000000000000000000000000000007000003FF0000FFF0000F078001C008001800800180080018000001C000001C020000F9F00007FE00003F800001E000003820000302000030600003FE00001F800000E0000000000000000000000000000000
6000000000000000000000000000000000000007000000F800001D8000018800003080000308000038800001F800000F800000300000030000003000000600000060000004000000C0000008000001800000300000070000000000000000000000000
900060000006000000E000000E000001C000001C000001800000380000030000003000000600000060000006000000C1F0000DFF8000FF38001F838001E0F0001FFE00007F00000000000000000000000000000000000000000000000000000000000
600000000000000000000000000000007800001FC00003FE000038E000038E000038600003C600001F6000007E000000E000000E000001C000003C000003C000007800019F00001BE00001FC00001F000001E00000000000000000000000000000000
0000000000000000000000003C00000FF00000FF80000FFC0000E1E0000E1E0001E0E0001E070001C070001C070003C07000380700018070001C070001C070000C0F0000E3F0000F7E0000FBE000071C0000000000000000000000000000000000000
200000000000000000000000000000000E000001700004230000643000038600003CC0000378000030000002000000600000060000006000000600000060000002000000206000030E000010C00001B800000F0000000000000000000000000000000
700000000030000003800000180000018000000C000010400001EC00000FF800000F8000004000000C000000C000000C600000C70000183000018300003830001FC38001FFF800001C800000000000000000000000000000000000000000000000000
4000000000000000002000000300000030000007000000600000060000006000000E000000FE0001FFE0001FEE0001FC60000186000018C000018C000018C000018800001980000398000038800000000000000000000000000000000000000000000
40000000000000000000000008000000C000001C000001C00000380000038000003BF80007FFC003FFFE00FF01E00CE00E000E00E000E01C000E01C000E038001E078001C070001C06000380600010000000000000000000000000000000000000000
4000000000000000000000000070000007000000E000001C000001C0000038000007E00001FF0000FFF0000FFE000039C000031800007380000E300001C600001C6000018C000031C0000018000003000000000000000000000000000000000000000
40000000000000000000000000000004000000E000000E000000E000000E00000060000007FF00007DF8000603800060300006070000E060000E0C000040C000001800000180000018000001800000180000010000000000000000000000000000000
600000000000000000000000000000000000003C00000FE00001FF80001FFC0003EFE000381E0001E070000F070000F870000FC700003CE000009E000003C000003800000F800001F000003E000003C00000780000020000000000000000000000000
60000000000000000000000000000000000000000000000000001F80000FFE0001FFF0003FFF800F8F7801F0F3C01FFF1C03FFC1C03FF81C01FC01C004001C000003C000003C000007800000F800000F000000E000000000000000000000000000000
400000000000000000180000010000003000000300000070000006000000E000000E00000FC00000FC000003FC000039E000030700007030000E070000C070001C0600038060003000000300000000000000000000000000000000000000000000000
7000000000000000038000003C000001C000001C000003800000780000078000007000000F000000F000000E1C0001E0E0001C0F0001C070001C070001C078001FE780003FF800000F800000380000000000000000000000000000000000000000000
90000000000000000180000038000003800000380000038000003000000300000030000003000000300000037E00003FF0000307000060300007030000786000078C00001DC00001F000000E000000000000000000000000000000000000000000000
300000000000000000000000000000007E00003FF0000F830000E030000C0E0000C0C0000C000000E00000060000007000000380000018000001800000186000018E000039C0000338000077000003E00000180000000000000000000000000000000
4000000000000000000800000180000038000003800000300000070000006000000C000000C00000181C0003C3C0007FF8000FFF0000E3E0001C020001C02000180300038020003000000300000000000000000000000000000000000000000000000
500000000000000000000000000000003C00000FF00000C18000180800018000000C000000C000000700000038000000C000000700000070000007000013C003FFF8003FFC00000000000000000000000000000000000000000000000000000000000
5000000000000000003800000FC00001FC00003E000003C000003C000001C000000F00000078000003C000001C000001C000001E000003E000007E00057FC0007FF80001FF80000FF0000038000000000000000000000000000000000000000000000
800000000000000003E000007F00000E180000C18000080C000180C0001C0C0000E0C000038C00003FC00000F800000FC00000FF00003838000FC1C003CC1C00F0C3C03E0FFC03C07F800003C00000000000000000000000000000000000000000000
700000000008000001C000001C000000C000000C000001C000001C000001C000001C000001C0000018000003800000300000030000003000000700000077E00007FF80007C1C000600000000000000000000000000000000000000000000000000000
30000000000000000000000000000000FF00003FF8000F830000E000000C000001C000000C000000E00000078000003FF000007F000007C00001F0000038000007000000E000000C000000C040000FFC00003F8000000000000000000000000000000
700000000000000000380000078000007800000700000070000007000000E000000E000001E000001C0000038600003060000704000070C000060C0000C180000C180001E100001FF00000FE000000000000000000000000000000000000000000000
2000000000000000000000000000000000000001F0001FFF8007FFF801FFFF801F00F000001E000003E000007C00000F800001F000001E000003C0000038000007000000F008000F038000F1F8000FFE00007FC00003C000000000000000000000000
700000000006000000E000000E000000E000000C000000C000001C000001C000001C000001C000001800000380000038000007000000603800060380006370000FFF0000FFF0000390000000000000000000000000000000000000000000000000000
00000000000000000000000000F000003F000007B80001E1C0003C1C00078380007038000E030000E070000E060000E0E0000E1C0000E380000E780000EF00001FE00003FC00003F800001F000000E000000000000000000000000000000000000000
20000000000000000000000000000000000007FFE000FFFE000FFFC000803800080380000070000006000000E000000C000001C000003C0000038000007000000700000030000003C170003FFE0000FF8000000000000000000000000000000000000
4000000000000000000000000000000008000001800000F800001FE00001F600001E780003FFC000FFFC001F078000E0F0000E1E0001C3C000387800031E000063C0000C30000186000030C0000000000000000000000000000000000000000000000
100000000000000000000000000000004000000E000000600000060000006000000E000000E000000E000000E000000E00000060000006000000600000060000007000000300000060000006000000200000020000000000000000000000000000000
10000000000000000000000000000001C000001C000001C000001C000001C000001E000001E000000E000000E000000E000000E000000E000000E000000E000000E000000E000000E000000E000000E00000060000000000000000000000000000000
6000000000000000000000000000000000000000C000007C00000FC00000EC00000DC00001DC00001FC00000F8000007000000E000001C000001C0000038000007000000F000000E000001C0000018000003800000300000000000000000000000000
60000000000000000000000000000006000000F800001FE00001FF00001FF00001E7C0000F3C00007BC00007FC00007FE00001FE00000FE000000E000000E000000E000000E000033E00003FC00003FC00001F8000000000000000000000000000000
9000000000000000003000000700000070000007000000F000000E000001E000001C0000039C00003FE00007FF00007C70000F070001C070001C0F000180E000181E0001CFC0000FF00000FC000000000000000000000000000000000000000000000
20000000000000000000000000000000030000007000000F000039F00007FF0000FF600008FE00000FC00000C000001C000001800000380000030000003000000638000067000007E00000F800000E000000C00000000000000000000000000000000
8000000000000000000000000E000001F000003D8000020C000030C000021C000033C00001F800001F800001FE00007CF0000F038001C038003C1F000187C00001F000007E00001F800003E000000C000000000000000000000000000000000000000
70000000001800000180000018000003800000300000070000007000000600000060000006000000E000000C000000C000001801000183FE003BFFE003FFFF003F0070030003000000100000000000000000000000000000000000000000000000000
200000000000000000000000000000000000003804001FE0E003C73E00203F400201F800001F8000030000006000000C0000018000003800000301000060300004070000C1C000183800018E000019C00001F000000C0000000000000000000000000
00000000000000000000000001C000003E00000FF00001E30000387000038700007030000E030000C0300018070003006000300E000301C000301C000303C00030F800038F80001FE00000FE000003C00000000000000000000000000000000000000
10000000000000000000000006000000600000060000006000000600000020000002000000200000060000006000000600000060000006000000600000060000006000000600000060000004000000400000000000000000000000000000000000000
5000000000000000000000000FF00007FF8000FE18001E018003C018003801000380000018000001C000000E00000070000003C000000FC000003F000001F000001F000001E00001FC0001FFC001FFCC0000000000000000000000000000000000000
000000000000000000000000000000000000000000000000000000000007FE0001FFF0003E07C007000E00E000700C001F00E001F007801E003FFFC001FFE00000F800000000000000000000000000000000000000000000000000000000000000000
900000000000000000000000380000038000001800000180000018000001800000100000030000003000000300000020000007F8000061E0000C060000003000000300000030000006000010C00000F00000000000000000000000000000000000000
10000000000000000000000000000000600000060000006000000E000000E000000E000000E000000E000000E000000C000000C000000C000000C000000C000001C000001C00000080000008000000800000080000000000000000000000000000000
70000000000000000006000000E000000E000001E000003C000003C0000078000007D00000FF80001FFC0003FE8001FC00007F80000CF000000E03C001E3FC001FFF0001FF80001F800001E0000000000000000000000000000000000000000000000
00000000000000000000000001C00000FE00001FF00003C30000303800060380006038000C030001C070001806000380E000380C000301C0003018000313000033F000033E00003FC00001F000000E000000000000000000000000000000000000000
6000000000000000000000000000000000000003800003F800007FE0000F1E000073E00007FE00007FE00001FE000001C000007C000007800000F000000E000001E000003C00000F800000F000001E000001C00000180000000000000000000000000
000000000000000000000000000000006000001F800003F800003FC00007FC0000FCE0000F8E0000F0E0001E0E0001C1C0001C1C0001C3C0000C3C0000E38000077800007F000003F000001E000001E00000020000000000000000000000000000000
8000000000000000000000000000000E000001F000003FC000033C000031C000038C00001CC00000EC000007C000003F000001FE000031F00006038001C01C000001C0000018000003000000E000013800000E0000000000000000000000000000000
6000000000000000000000000000000000000000000007800001FF80003FFC000387E000381F00038070003807000181F0001C7F0001FFF00007E600000060000006000000C000001C0000018000007000000E000001E000001800000000000000000
80000000000000000000000000000001F000001FC000030E000030700003010000101000010100001830000186000018400000CC00000D8000006000000E000001E000007300000E30000063000003E000003C0000000000000000000000000000000
100000000000000000000000020000006000000E000000E000000E0000006000000E000000E000001E000001E000001E000001E000001E000000E000001E000001E000000E000000E000000E000000600000000000000000000000000000000000000
8000000000000000000000000000001D800003FF80003BFC000300E00018030000C030000603000038300000FF000003E000003F00000FF00007E100000030000007000000F000203E0003FF80001FC00000E00000000000000000000000000000000
00000000000000000000000000000001FC00007FF0000FFF8001FFFC003F83C007E01C007C01C007801C007003C007003C007007C007037C00787F800387F0003E7F0001FFE0000FFC00007F800003F800000E0000000000000000000000000000000
30000000001C000003800000700000070000007000000600000070000003C000001FE000007E000003C000007800000F000001E0000078000007000000E000001F0F8000FFF80007FF000000000000000000000000000000000000000000000000000
300000000000000000000000000000003F80000FFC0001F000003800000700000070000006000000600000070000003F800001F000001E000003C0000078000006000000C000000E0000007C000003FC00000FC000000000000000000000000000000
70000000000000000000000000380000078000007800000F800001F000003E000007C00000FC00001F800003F000007E000007C00000F800001F000001E000001E000001FC00001FF000007F000000700000000000000000000000000000000000000
200000000000000000000000000000000000018000001C000000E3F00007FF80003E180001F1800037F800031F000060000006000000C000000C000000C000000C000000C0200006020000606000030C00001F800000E000000000000000000000000
30000000000000000020000006000000E000001C0000038000007000000E000000C000000CC000007F000000300000030000007000000E380001E380001CF00003BE00003FC00003F800001B000000000000000000000000000000000000000000000
6000000000000000000000000000000000000007800000FC00001C64000306C000707800060E000061C00007F800000780000030000006000000E000001C0000038000007000000E000001C000003800001E000001C00000000000000000000000000
20000000000000000000000000000000000000007000E03FC00F8FFC003FFBC0003FFC0001FC0000180000038000007800000700000070000007000000600000060000007000000700000078000003F000001FF800000400000000000000000000000
100000000000000000000000008000000E000001E000003E000003C0000038000007800000F800000F000001F000003E000003E000007C0000078000007800000F000001F000001E000001C000001C000000000000000000000000000000000000000
6000000000000000000000000000000018000007C00000FC00001E400003E4000036C000066C00004CC00007CC000078C0000718000001000000300000070000066000004E000009C00000F800000F000000400000000000000000000000000000000
10000000000000000000000004000000E000000E000000E000000E000000E000000E000000E000000E000000E000001E000001E000001C000001C000001C000001C000001C000001C000001C000001C00000000000000000000000000000000000000
10000000000000000000000000000000780000078000003800000380000078000007800000F800000F800000F800000F000000F000001F000001E000003E000003C000003C000003C0000038000000800000000000000000000000000000000000000
3000000000000000000000000E000003F8000030C0000604000060000006000000300000038000000F0000007E000001E0000038000007000000E000001C00000180000038000001F000000FC000001C0000000000000000000000000000000000000
700000000004000000600000060000006000000400000040000004000000C0000008000000800000180000018000001000000101000010200001020000106000010C000019C00000F8000000000000000000000000000000000000000000000000000
90000000000000000018000003800000380000078000007000000F000000E000001E000001E000001C000001C000003C000003F800003FC00003FC000079800007700000FF00000FC0000070000000000000000000000000000000000000000000000
00000000000000000000000000000000FC00007FE0000E078003801C007000C006000C004000C00C000C00C000C004000C004000C006801C0068018003C018003C030000C06000060E000063C00003F800001E0000000000000000000000000000000
800000000000000000000000000000007800001FC000039C000078C0000D1C0000C1C0001C180001C380001C700000C600000FE000003F000003F800003BC000030E00006060000C0E0000C3C0000FF000003C0000000000000000000000000000000
0000000000000000000000000800000FF80001C1C000380600030030003001000600180060018006000C006000C004000C006000C006000C006000C007000C003000C003809C001C0F8000FC700003800000000000000000000000000000000000000
5000000000000000001C00001FC00007F80000F800001E000001C000001C000001C000000E0000007C000007FC00001FF800003FC000003C000007C00003F80001FE0001FF80007FC00003E0000000000000000000000000000000000000000000000
4000000000000000000000000C000000C000000C0000018000001800000300000030000007800001FFC000067F000060380006018000E018000C038000C030000C060001C040001808000180800010000000000000000000000000000000000000000
00000000000000000000000000000003800000FE00001FF80003FFE0007FFF000783F800F00FC00E007C00E003E00C001E01C001E01C001E01C007C00C00FC00E03F80071FF0003DFE0003DFC00004F800000F0000000000000000000000000000000
200000000000000000000000000000000000000000000000000000000000000000FFF007FFF300100020000006000000C00000080000018000001800000100000010000001000000300000018000000C0000000000000000000000000000000000000
8000000000000000000000001C000003F0000077000003180000318000039800001B000000F000000F000000F000001F80000398000071C0001E0C0003C0C000700E000000E000020E000033C00003F80000000000000000000000000000000000000
70000000000000000000000000000000C000000C000000C000000EE0000FFE0001FF80001FC0000038000001800000180000018000001800000180000018000001C000000E000000E00000070000001F8000007000000000000000000000000000000
2000000000000000000000000000000000000000000000000000000003FFF7C00FFFFC00003E000003000000E000000C00000180000018000001800000180000018600001C700000FE000007800000000000000000000000000000000000000000000
90000000000000000000000003C00000FF00000F080001E000001C00000380000038000007000000700000077C00007FC00007E600007C7000078300007030000707000030F000007E0001FFC00007C00000000000000000000000000000000000000
80000000000000000000000007000001F800003980000618000041800004100000630000066000003E000001C000001C000001E000003300000618000060C0000C060000C060000C0000007FF00001FF0000000000000000000000000000000000000
400000000000000000000000300000030000003000000300000030000003000000700000060E000067F80007FF80007FFC0006018000E018000E018000E038000C030000C020000C000000C0000004000000000000000000000000000000000000000
00000000000000000000000000000000FF00001FF00003FF80007FF8000F818000F018001E018001C018001C0180018018001801800180380018030001C070001C0E0001E1E0001FBC0001F380000F380000030000000000000000000000000000000
9000000000000000000000000C000000C000001C000001C000001D800001FC00001FC00001EC00001CC00003CC000038C000038C000038C0000398000031800003380000238000007000000F000000E00000000000000000000000000000000000000
500000000000000000000000000000000000007F80000FFE0001FFE0001F8E0001C000001E000000F000000FE000003FC00000FE000001E0000006000000E000001E000001C000001C000037800007F800003F800001F000000000000000000000000
800000000000000000000000000000007E00001FF00007818000E01C001C01C001801C001E03C000F0780003CF00000FC0000078000007800001CC000038C000033C0000E3C0001C780001FE00003F800000F00000000000000000000000000000000
50000000000000000000000000000001C000007F80000FF80001E0C0001C0000018000001C000000F0000003C000001FC000003F0000003800000180000038000003800000F000001E000017C00007F800003C0000000000000000000000000000000
100000000000000000000000000000008000001C000001C000001C000001C000001C000000C000000C000000C000000C000000C000000E000000E000000E000000C000000C000000C000000E000000E00000040000000000000000000000000000000
200000000000000000000000000000000000007FE0003FFE0007F86000000E000001C000001C0000038000007000000E000000E000000C000001C00000180000030000003030000707000060E000073C00007F000003C000000000000000000000000
100000000000000000000000000000004000000E000000E000000E000000E000000E000000E000000E000000E000000E000000E000001E000001C000001C000001C000001C00000180000018000001800000080000000000000000000000000000000
30000000000000000000000001800000FE00001FF000038300007000000E000000E000000E000000700000078000001E000000E00000070000006000000E000001C4000039C00007F800007C000007000000000000000000000000000000000000000
100000000000000000000000018000003800000780000078000007800000F800000F800000F800001F800001F800001F000001E000001E000001E000001E000003C000007C000007800000F800001F800000000000000000000000000000000000000
700000000000300000018000001800000380000070000007000001E000001C0000038000007000001E000003C000003800000F006000E07E001C7F8003FF80007F80001F800000C000000000000000000000000000000000000000000000000000000
40000000000000000100000008000000800000080000008000000C000000C0000008000000F800003CC00000840000084000008C0000188000019800001B000001E000001E000001C0000014000000000000000000000000000000000000000000000
50000000000000000000000000000000E000003E00000380000070000007000000E00000078000003FE00003FE00000FE000001C000001C0000018000003800000380000078000007800001F00000FC000001C0000000000000000000000000000000
700000000000000000700000070000007000000E000000E000001E000001E000001C000001C000003C000003C00000380000038000003800000380000038700003FF00001FF00001FF00001FC00000000000000000000000000000000000000000000
2000000000000000000000000000000000000001E000087F0001CFB8001FE38000F83800078300007CE00007FE00006F00000C000000C000000C000000C000000E000000E0000006000000703800078600003FE00001F800000000000000000000000
0000000000000000000000001F000007FC0000E0E0001807000300300030030002001000300180030030003003000180300018030000C030000606000070E0000F8C00007F800007F800003F800000180000000000000000000000000000000000000
90000000000000000000000000000003F000007FC0001FFE0003E0700038040003800000380000038000003800000380000018000001C1F0001C3F0001E7F8000FE700007E7000016700000FE00000FC00000F8000000000000000000000000000000
8000000000000000000000000000003F000001FF00001178000301C000180E00018060000C060000E060000706000038C00001CC00000F800000700000078000005C00000870000083000018700000FE0000078000000000000000000000000000000
8000000000000000000000000F800001FC000030600002020000006000030C000030C000019800001B000000E000000E000001B000047180006F8C0003F8400038040001C06000070400001EC00000F80000000000000000000000000000000000000
60000000000000000000000000000000000000030000007800000FC00000DC000019C000019C0000198000019800001F800001F800000700000060000006000000C000001800000380000030000006000000600000040000000000000000000000000
200000000000000000000000000000000000000000000000003FF80007FFFE000007F0000003800000180000038000007000000E000001C0000038000007000000E000000C000000C000000F0000003F800000E000000000000000000000000000000
50000000000000000000000000000001F00000FF80001C0C0003008000600000060000006000000600000030000001C00000070300003FF8000010C000000C00000180000018000001800000F00000FE00000F0000000000000000000000000000000
4000000000000000000000008000000E00000060000007000000700000071F00007FF8003FFFC007F81C00FF83C01E381C038383C030383C0101C380101C380003C380003C38000183800000300000010000000000000000000000000000000000000
10000000000000000000000004000000E000000E000000E000000E000000E0000006000000600000060000006000000600000060000006000000E000000E000000E000000E000000C000000C000000800000000000000000000000000000000000000
9000000000300000030000003000000300000030000003000000300000030000001800000380000038000003FE00003FF00003C300003C1800078180002C300000C7000007E000003C000000000000000000000000000000000000000000000000000
2000000000000000000000000060001C3F0000FFE00003F000001C0000018000003000000300000060000006000000E000000C000000C000001C01C001801C0008038000C070000C1E0000FF800003E00000000000000000000000000000000000000
100000000000000000000000000000000C000000C000001C00000180000038000003000000300000060000006000000E000000C000000C00000080000018000001800000300000070000006000000C000000C00000000000000000000000000000000
50000000000000000000000007E00001FF00001E3800038180003018000301800030100003000000380000018000001C000000E000000700000038000001C000001C000007C000F1F80007FF00001F800000000000000000000000000000000000000
800000000000000000000003F000003FC00003030000301800008180000C30000073000003E000000E000000F000000F8000009E000000E0000007000180300018030000C03800070300003FF00000FC0000000000000000000000000000000000000
700000000000000000000000040000006000000600000060000006000000E000000E000000C000000C000000C000000800000080000008000000C000000C000000E000000600000078000007C000001C0000000000000000000000000000000000000
000000000000000000000000000000003800000FE00001FE00003FF00007830000E030001C030001C030003803000300700030070003006000301E000381C000381C0001E380000FF80000FF000007F00000060000000000000000000000000000000
20000000000000000000000000000000000000600000073800003FC00001FC00001FC00001FC00001FC0000100000030000003000000300000030000001000000180000018000001C000000E400000FC0000078000001000000000000000000000000
400000000000000000000003000000FC00000FE000007E000003F000001F000001FF80000FFE0000FFF0001FC78001FC3C000FC1E000FC1F000FC1F0007C0F0007C070007C07000000700000070000007000000000000000000000000000000000000
4000000000000000000000002000000300000010000001800000180000038000003800000300000030000007F800007FC0000F8E0000E0E0000C0E000000E000000E000001C000001C000001800000180000000000000000000000000000000000000
3000000000000000000000003F80000F1F00018000001000000100000018000001C000000E0000003FF000007F000001C000007000000E000001C000001800000100000010000001F380000FF800001E0000000000000000000000000000000000000
6000000000000000000000000000000000000000000007000000FF80000FFC000078E0000F870001D830001B030003303800370380036038003C030007C030003803000000300000070000006000000E000000C000003800000380000000000000000
8000000000000000000000007800000FE00001FE00001C600001C600000E600000F6000007E000003E000001F000001FC000039E000070F00007038000703800078380003C780001FF00001FE00000F80000000000000000000000000000000000000
800000000000000000F800001FC00003CC0000304000030C000030C000039C00001B800001F000001F000003E00000FE00003E700007830000703A000701A0003C3E0001F7E00007FC00001F000000000000000000000000000000000000000000000
200000000000000000000000000000000000000000000300000018600000FF00000F100001E3000033B000061F00004060000C000000800000080000008000000800000080000008000000C0000007000000700000030000001000000000000000000
40000000000000000060000006000000E000000C000000C000001C000001C000001C0000038000003800000F800003FFC0001F8E00007070000707000071E000071C00006380000070000002000000000000000000000000000000000000000000000
000000000000000000000000000000000000007F80003FFE0007C1F000E003800E001C00E001C00C000C00E000E00E000E006000C006000C007000C003001C001801C001C038000E0F000071E00003FE00000F8000001000000000000000000000000
50000000000000000000000000000000000001FE00003FF000078000007000000600000070000007E000001FFFC0007FFE000001F0000007000001F0000FFE000FFEE003FC2C00F802000000000000000000000000000000000000000000000000000
00000000000000000000000002000001F000001F000007FC0000FFE0000FFE0001F1F0003E1F0003C0F0003C0F0003C1F0003D1E0003F9E0001FFE0000FFC00007FC00003FC00001F800001F000000600000000000000000000000000000000000000
400000000000000000000000040000000000000800000080000008000000980000138000014C000018C000010C000030C000020C000020C000020C0000408000040800004080000808000000800000100000000000000000000000000000000000000
4000000000000000000000001800000180000018000001000000100000010000001000000100000030000003FE0000FFC000020C000020C00002080000208000020800002000000200000020000000000000000000000000000000000000000000000
7000000000000000018000001C000001C000001C000001C000003C000003C00003FE00003FFC0003FFE00007FC00007000000F000000F00000076000007FF80007FFC0003FFE00000FE000003C0000000000000000000000000000000000000000000
9000000000000000006000000E000000C00000180000018000003800000300000060000006000000C000000FFF0001F0300038010003001000000300000060000C0E000063C00007F000003E000000000000000000000000000000000000000000000
30000000000000000000000003C00003FF00007FF0000F030001C03000180000018000001C000001E000000F8C00007FC00001FC00000F000000E000001C000003C00000380F0003FFF0001FF00000780000000000000000000000000000000000000
4000000000000000000000000000000000000001800000300000070000006000000E800001FF00001C78000701C000F00C000C01C003C038003807000E00E003C03C00380380000000000000000000000000000000000000000000000000000000000
1000000000000000000000000000000020000007000000700000070000006000000600000060000006000000C000000C000000C000000C000000800000080000018000001800000180000018000001800000180000000000000000000000000000000
50000000000000000000000003C000007F80000F1C0001C0C000380400070040006004000E004000E004000C030000C070000C0F0000E1E0000FFE00003FE000000C000000C0000FF8000FFF8000FF000000000000000000000000000000000000000
9000000000000000000000007800001FC000019C000001C000001C000001800000180000039F00003FF80003F380007C180007018000F018000E038000E070000E07000061E00007FC00007F000007C00000000000000000000000000000000000000
7000000000000000000000000060000006000000C000000C00000180000018000003000038700001FFFC0000C000000800000180000010000003000000200000040000004000000C000000EFF00007800000000000000000000000000000000000000
30000000000000000000000000780000FFC0003E04000F000001C00000180000018000003000000300000018000000FF600007FC000007000000C0000038000003004000600C00040780007FC00007E00000000000000000000000000000000000000
50000000000000000000000000F000007F80000E080001C0800030000003000000300000030000003030000187000018E00000FC0000078000003800001B000003E00000FE00007CC0001F1C000181000000000000000000000000000000000000000
80000000000000000000000000000000D000003F8000039800003B80000338000077000007F000003F000001E000001C000003F000007F8000071C000060C0000C0C000081C0000038000007000001E00000780000000000000000000000000000000
80000000000000000000000001E000007F00001E6000070E0000C0C0001818000183800018300001C700000EE000007F000003FC000039E000070C000070C0000E1C0000C380000E7000007E000007C00000000000000000000000000000000000000
000000000000000000000000000000000C000003E000007F00000FF00001E700003C70000387000078600007060000F0E0000E0E0001E1C0001E380001E380001E700001E6000021E000033C00003F800000E00000000000000000000000000000000
50000000000000000030000006000000C000001800000300000030000006000000E060000C060000C1E000077C00007FC00003CC000000C000001C00001FC00007F80000F800001C00000180000000000000000000000000000000000000000000000
30000000000000000000000000000000F800001FC00003FC0000788000060000006000000E0000006000000600000070000007C000003E000000F00000038000007800000F000001E000001F800001F800000F0000000000000000000000000000000
3000000000000000000000001E000007F00000FF80001C3C000700C0006004000C000000C000000C000000F8000007FE30001FFF800007F800003E000007800000E000000C070000FFF00007FF00000FC000000000000000000000000000000000000
60000000000000000000000000000000C000003E00000FF00000FF80001CFC0001CDC0001DDC0001FCE0000F8E000070E000000E000000E000001E000001C000001C000003E000037E00007FC00003F800001E0000000000000000000000000000000
600000000000000000000000000000000000000000000FE00003FF8000701C000400E0008006000807E000807B000FFF30007F03000000300000030000003000000300000030000003000000300000030000006000000600000060000000000000000
000000000000000000000000000000007800001FE00001FE000038700007030000E030001C030001C0300038030003803000380700038060003806000380E000181C0001C3C0000E3C00007F800003F000000C0000000000000000000000000000000
10000000000000000000000000000000180000018000003800000300000030000007000000600000060000006000000C000000C000000C000000C00000180000018000001800000380000030000003000000300000000000000000000000000000000
600000000000000000000000000000000000003980000618000061800004180000418000063800007F800003F80000088000000800000180000018000001800000180000030000003000000F000000E000001E000001C000000000000000000000000
00000000000000000000000007C00000FE00001DF000078F00006078000C03800180380018038003003800300180070018006003000600300060030007007000700E0003F1C0003FF80001FF000007E00000000000000000000000000000000000000
30000000000000000000000000000000000000FC00003800000700000060000006000000600000038000000FCF00003FE000001C0000038000007000000C000001801000183F8000FFC00000000000000000000000000000000000000000000000000
5000000000000000003800000FE00001E3000038080007000000E000000E000000C000001C000001C000001C000001C000000C000000C00C000C01C000407800061F0003FF70003FFF000000700000000000000000000000000000000000000000000
4000000000000000000000001000000180000018000001800000180000018000001FC00003FE00007830000F8180019818001301800130180003038000303000030000003000000300000030000003000000000000000000000000000000000000000
400000000000000000000000000000030000003000000380000038000003800000300000030000003FC00007FE000078E00007060000706000070E000030E000000E000001C000001C000003800000300000020000000000000000000000000000000
1000000000000000000000001000000180000018000001C000001C000001C000001C000001C000001E000001E000001E000001E000000E000000E000000E000000F000000F000000F0000007000000300000000000000000000000000000000000000
200000000000000000000000000000003F800007F8000FF18000FE180007C180003C180007E380007F38000E3F0000E3F0001C1E0001E000001E000001E000000E000000E01000070700007FF00003FE0000070000000000000000000000000000000
9000000000000000060000006000000600000060000006000000700000070000006000000600000067E00006FF00007C30000783000078300007070000E070000E0E000073C00003F800001E000000000000000000000000000000000000000000000
100000000000000000000000000000000C000001C000001C000001C000003C000003C00000380000078000007000000F000000E000001E000001C000003C0000038000003800000700000060000006000000C00000000000000000000000000000000
400000000000000000000000C000000E0000007000000300000030000003000000180000030000003FC00007FF0000703000060180006018000601800060180006038000C030000C03000000300000030000000000000000000000000000000000000
6000000000000000000000000000000000000000000007C00000FF00001CFC000181C0001E0E00036060003E070001E0700000070000007000000600000060000006000000E000000E000000C000001C0000018000003000000100000000000000000
90000000000000000C000000E000000C000000C000001C000001C000001C000001C3E0001CFF8001F83C001F00E001E006000E006000E006000E006000F00E000700C000383C0001FF800007E00000000000000000000000000000000000000000000
900000000000000000800000180000018000001800000380000038000003000000300000033E000077700007E3000078300007030000E030000E030000E060000606000070C00003B800001E000000000000000000000000000000000000000000000
30000000000000000038000007C00001E0000018000003000000300000060000006000000600000060000006000000600000030000003C000001E000000E000001E080001C780003FF00001D000000000000000000000000000000000000000000000
9000000000000000018000001800000180000018000001800000100000030000003000000600000060000006FC00007C60000F830000F830000D03000030300002020000306000030C00001F800000000000000000000000000000000000000000000
800000000000000000000000038000007C00000FC00001CC000039C000071C000063C000067E00007F600003E300003E300006230000C030001C07000180E000387E000307C00031C00003F800001E000000000000000000000000000000000000000
40000000000000000000000008000001C0000018000001800000180000010000003000000300000030000003F00000378C00061DC00060FC00060180006018000C030000C010000C010000C0000008000000000000000000000000000000000000000
400000000000000000000000000000E0000006000000300000018000001C010001FFFC001FFFC000FFF800060380007038000703000070300007030000703000070300007030000703800060380006038000003000000000000000000000000000000
30000000000000000000000000000000E000003F80000F980001E000001C000001C000001C000000E00000078000003FC000003E000000E000001C0000038000007000000C00000180000018000001FE00000FC000000000000000000000000000000
100000000000000000000000000000001000000380000038000003000000300000070000007000000600000060000006000000E000000E000001C000001C000001C000001C000001C000001C000001C00000080000000000000000000000000000000
3000000000000000000E000003C00001F000007800000E000000C000000C000000C00000060000003F000000F80000018000007000001C040003806000701C000E07800041E00007F800007C000000000000000000000000000000000000000000000
100000000000000000000000018000003C000003C000003C000003C00000380000070000007000000F000001E000001E000001C000001C000003C000007C000007800000F800000780000070000002000000000000000000000000000000000000000
800000000000000000000000000000004000007F00001FF80003FFC0003C0C000780E00070060007006000700C000300C000387C0001EFE0000FFF00007C318001C130000FBF0000FFE00007F80000000000000000000000000000000000000000000
80000000000000000000000000000000F000000F8000018C000018C00001840000084000008C00000CC0000058000007000000E000003E00000C2000003A0000062000004200000420000062000003E000000E0000000000000000000000000000000
70000000000400000060000006000000E000001C000001C000001C000001C000001800000380000038000007800000700000070000007000000780000070600003FF80001FD80000B0000000000000000000000000000000000000000000000000000
900000000001000000300000030000002000000200000060000004000000C000000C0000008000001FC00003FF00003830000A03000080100008030000C020000C0400007F800001E0000000000000000000000000000000000000000000000000000
400000000000000000000000180000018000001800000100000030000003000000300000030700007FF00007FB0000703000060700006070000607000060700006060000C060000C060000C0600008020000000000000000000000000000000000000
80000000000000000000000000E000001F000001F00000360000036000003C000003C0000038000007000000F000003D00000F100003C1000018300001830000183000018300000C300000FF000003E00000000000000000000000000000000000000
80000000000000000000000000000007800001FE00001FFC0001F1E0000F8600003F600000FE000007FC0000FFE0001C3C000301E000703E001C27C00387F000307C000607800060E0000E3C0000FF00000FC00000000000000000000000000000000
700000000000000000000000001800000180000038000007000000F000001C00000180000030000007000000E00000380000070000006000000C000001800000180000018000001C000000E0000001C00000000000000000000000000000000000000
9000000000400000060000002000000600000060000006000000600000060000006000000600000067F8000661C0003C0C000380C000300C00030080003010000247000006E0000038000000000000000000000000000000000000000000000000000
700000000004000000600000060000004000000C000000C00000180000019800001180000318000031800002180000608000060C0000C0C0000C040000C0600008030000FFF80007FF000000000000000000000000000000000000000000000000000
100000000000000000000000000000006000000700000070000007000000700000070000007000000700000060000006000000E000000E000000E000000E000000E000000E000000E0000006000000600000040000000000000000000000000000000
4000000000000000004000003C000003C000007C000003C000007C000007C000007C000007C000007C000007F800007FE00007FE00007FF0000F9F0000F0F8000F0F8000F078000E07000040600000000000000000000000000000000000000000000
5000000000000000000000000FC00003FE0000F820001C0000018000001C000001E000000F0000007C000003F000000F8000007C000001E000000E00000070000207000030600003FE00001FE00001FC0000000000000000000000000000000000000
6000000000000000000000000000000000000000000001F800003FE0000FFF8001E338007031C006030C00C070C0180E0C0181E1C0383C1801FF03800FC03800000300000070000007000000E000000E000000E000000C00000180000000000000000
000000000000000000000000000000007000003FE0000FFF0001F078003C0380078018007001C007001C00F001C0070038007003800700380078078003C0F0001F0F0001F1E00007FC00003F800001E000001C0000000000000000000000000000000
5000000000000000000000001C000007E00000FE00000FF00000E300000C000000C000000C000000E000000700000038300001FF00000FF000000700000030000007000000700003FE00003FC00000FC0000000000000000000000000000000000000
200000000000000000000000000000000000000000000007007FFFF800FFFF8000FFC000003800000F800000F000000E000001E000001C000001C0000018000003800000382000030F800031F00001FC00000F0000000000000000000000000000000
20000000000000000000000000000000018000007000003E000CFFC000FFFC000FC300000038000007000000E000001C000001C000001C000003800000380000038000003000000301800038780003FE00001F0000000000000000000000000000000
2000000000000000000000000000000000000000000001F80007FFC000FFFE000FFFE000F00E000000E000000E000001E000001E000003C000003C000007C0000078000007800000780000078000007E000007F000003F000000C0000000000000000
100000000000000000000000100000018000001C000000C000000C000000C000000C000000C000000C000000C000000E000000E000000E000000E000000C000000C000000C000000E000000E000000600000000000000000000000000000000000000
500000000000000000000000000000001E00001FE00003F00000F000003E0000038000007000000700000038000001F000001FFC00001FF0000007000000380000038000007800001F00001FC00001F00000180000000000000000000000000000000
5000000000000000000000007E00000FF00000FFC0000E060000C020000C030000601000038000001F00000078000001C000000C000000C000000E000001E000001C000001C000001C000FFF00007FF00000000000000000000000000000000000000
20000000000000000000000000000000000001C000001F006001FFFE001FFFE0003FFE0001FFE0003E0000078000007000000F000000F000000F000000F000000700000078000003C400001FC00000FC00000FC000000800000000000000000000000
400000000000000000000000E000000E000000E000000E000000E000000E000000E000000E00000060380007FFC0007F8C000601C00070180006018000601800060180006038000601800060180006018000000000000000000000000000000000000
9000000000000000018000001800000180000008000000C00000080000018000001800000180000018000001BC00001FF00003C30000301000030300003030000306000030C000019800001F000000000000000000000000000000000000000000000
600000000000000000000000000000000000000F000001FC00001FE00001CE00001CE000018E000018E000019E000019C000019800001F800001F000000E000001E0000038000007000000F000001C000007000000C00000000000000000000000000
20000000000000000000000000000000000000000000000000000000000001C00001FC01FFFF803FFFC00030F800000F000001C000001C000001F000000FFC00007F80000060000000000000000000000000000000000000000000000000000000000
700000000003000000300000070000006000000600000060000006000000C000001C000001C00000180000038000003000000300000060000006000000FFF8001FFF8001C000001800000000000000000000000000000000000000000000000000000
700000000018000001C000000C000000C000000C000001C00000180000018000003800000300000070000007000000E01C000E07C000E0F8000C0E0000C3C0000EF800007F000007C0000000000000000000000000000000000000000000000000000
20000000000000000000000000000000000000000000007E0003FFF0007FFFC007FFFE005FFFE003C7FE00381FE003003E00700080070000007000000700000038000003C380003C780001E780000FF000007E000003E000001C00000000000000000
20000000000000000000000000000000008000007C00003F800007F00003EE0000F1C0000830000006000000C000001C00000380000030000006000000C000001C000001800000300000038600001FF00000FA0000000000000000000000000000000
10000000000000000000000000000000E000000E000000E000000E000000E000000E000000E000000E000000E000000E000000E000000E000000C000001C000001C000001C000001C000001C000001800000080000000000000000000000000000000
100000000000000000000000000000003000000380000078000007800000780000078000007800000F800000F800000F000000F000001E000001E000003C000003C000007C00000780000078000007000000300000000000000000000000000000000
2000000000000000000000000000000003000007F00001FFE001FFFE003FF0E003FF0F003FFFF007FFFE007C7FE00783FC00F807800F0000007000000F800000FE00C007FFFC007FFFE003FFFC0007FF800000E000000000000000000000000000000
8000000000000000000000001E000003F00000730000071000003100000310000033000001A000001E000001E000000E000001E000001F00000338000060C00006040000406000071E00007FC00001F00000000000000000000000000000000000000
30000000000000000000000000000010000007FC00007FF00003F3C0003C040001C00000070000007C000003E000000F8000007800001FC00003FC00003F000003E000001FFF00003FF80001F78000000000000000000000000000000000000000000
70000000000000000018000001800000100000010000003000000200000060000006000000C000000C000001840000304000020C00004080000F880000FD8000003000000300000010000001000000000000000000000000000000000000000000000
200000000000000000000000000000007000000F800000D800004D8000039800001F800001F8000013000001000000300000030000003000000308000030C00003080000318000033800003F000001F000000C0000000000000000000000000000000
40000000000000000000000040000004000000400000040000004000000700000077E000060E0000202000020200002020000202000020600002060000206000020600002040000304000030C000000C0000000000000000000000000000000000000
10000000000000000000000000000000600000060000006000000600000060000006000000600000060000006000000E000000C000000C000000C000000800000180000018000001800000180000018000000C0000000000000000000000000000000
700000000001800000180000018000003000000300000070000006000000E000000C000001800000180000018000003000000300000030000006000000600000060100003FF80001FF000000000000000000000000000000000000000000000000000
10000000000000000000000000000000C000000C000000C000000C000001C000001C000000C000000C000000E000000C000000C000000E000000E000000C000000C000000E00000060000006000000600000020000000000000000000000000000000
7000000000008000001C000001800000180000030000003000000300000070000006000000E000000C000000C000001C0000018000003800000300000070000007F000007FE000001F000000000000000000000000000000000000000000000000000
600000000000000000000000000000000000000000000E000001FC00007FF8000F1FC001E1CE000E0C7001C1C3000C3C3000FF838007F038001E038000003800000380000038000003800000380000038000001800000180000018000000000000000
700000000000000001800000180000018000001800000180000018000001C00003FF000039B8000018000001800000100000010100001018000301800030100001FF00000078000003800000180000000000000000000000000000000000000000000
8000000000000000000000000000000000000007C00000C70000187000011C000017000001C0000038000004C0000184000010300001018000100C000180200008010000C0180004008000200000018000000C0000003C00000000000000000000000
200000000000000000000000000000000000030000007F80000FFFF0019FFF80003FF80001FB00001E00000380000038000003800000380000038000003E000001F000001FF00000FF800000FC000003E000000000000000000000000000000000000
7000000000000000000000000300000070000007000000E000000E000000E000001C000001C00000380000038000003800000300000070000007380000DFC0000EAF0000C038000001C000000C0000008000000000000000000000000000000000000
30000000000000000000000000000003F80000FFE0001FFF0001E078001C018001C000001E000001F800000FFC00007FE00003FE00007FE0000FC00001F000000F000000FC00000FFF00003FF00000670000028000000000000000000000000000000
10000000000000000000000004000000600000060000006000000600000020000002000000200000060000006000000600000060000006000000600000060000006000000600000060000006000000600000000000000000000000000000000000000
700000000001800000380000038000007000000F000000E000001C000003C00000380000070000007000000F000000E000001C000001C000001C000000FE000007FF000007FF00000FF80000000000000000000000000000000000000000000000000
5000000000000000000000001E000001F000003F8000039C000030C000070C000060400002040000300000018000000FC000007E000001E000000E000001C000001800001F80007FF80007FF000030000000000000000000000000000000000000000
8000000000000000000000001F000007F80000F9C0000E0C0001C0C0000C1C0000E18000033800001F000000E000001F8000039C000070700006038000E038000C038000C070000E7F00007FE00001F80000000000000000000000000000000000000
20000000000000000000000000000000000000000000001F00001FF00007FF0003E1E001F038003803000000E000000C00000180000030000007000000E004000C018000C070001C3C0000FF000000000000000000000000000000000000000000000
6000000000000000000000000000000000000000000000E000003F800007FC0000FE60001866000186300018C30000DC60000F060000206000000E000000C000001C000001800000300000060000006000000E000003C000001800000000000000000
2000000000000000000000000000000000000001F000007FC0001C060073006001E006000E00E000F01C0019FF00018780001800000300000030000003000000300000030000003018000103000018300000CE0000078000000000000000000000000
20000000000000000000000000000001F80000FFC0001F9C000FC0C001E00C001001800000180000030000006000000E000000C0000018000003830000307800030F800071C000063800007F000007E00000380000000000000000000000000000000
50000000000000000000000003000001F800003FE00003FE00007FE000078700007010000700000038000003F800001FC00001FE000007E000000E000003E00007BE000FFFE001FFFE0007FE600000000000000000000000000000000000000000000
60000000000000000000000000000000000001F800007FFC001FFFF001F0FF801C00F801E007C01F003C01FE7FC007FFFC003FFFC000FFF80000FF800000F000001F000003E000007C00001F800003F000007C0000078000000000000000000000000
500000000000000000000000000000007C00001FF0000183000030100002000000604000060C000033C00001F80000018000001800000300000030000002000000600000040000004000000C00001FC0000F800000000000000000000000000000000
00000000000000000000000003F00001FFC0003FFC000700E001E00E003C0060038006007000E007000E007000E006001C00600DC00600FC00601F800703F000707F00078FC0007FF80003FF80000E000000000000000000000000000000000000000
90000000000000000200000060000006000000600000060000006000000600000067E00004E600007830000603000060300004C300004860000F06000060C0000618000063000007E000003C000000000000000000000000000000000000000000000
200000000000000000000000000000000000001FFE001FFFF007FFFF00FE0FF00000FC00003F00000FE00001F800007E00000FC00001F000003E000003C0000038000003C020003F070001FFF00007FE00001FC000000000000000000000000000000
4000000000000000000000000000000E000000E0000007000000700000070000007F00000FFE0001F7F8003F01C002E01C000E00E000E01E000E01C001E01C001E03C001C038001C030001C0000038000001800000000000000000000000000000000
300000000000000000000000000000000000003FC0000FDE0001E0E0001C0600018020001C020001C040000E000000700000038000000FC0000078000007000000C000000C000001800000182000018600001FC00000F800000000000000000000000
3000000000000000007800000E000001800000300000020000006000000200000030000001E000000300000030000002000000C000000C0000018000003000000724000027E00003F8000038000000000000000000000000000000000000000000000
900000000000000006000000F000000F0000007000000100000010000001000000100000010000001A000001F8000038C000030600007060000707000030F000038E00003FC00003F800001C000000000000000000000000000000000000000000000
70000000000030000007800000F800000F000001E000003C000007800000F800001F000003C000007C00000F800001F000003E006003C03E00F807E01FD4FC01FFFF801FFF90000FE0000000000000000000000000000000000000000000000000000
6000000000000000000000000000000000000000000000E000003F800007FC0001FCC00018C400031C4000378C0003E0C000380C000001C00000180000018000003800000300000030000002000000200000060000006000000400000000000000000
600000000000000000000000000000000000001F800007FE0001FFE0003FEF00039C700071C380063C38007F818007F018007E01800000180000038000007800000F000040E000043E00008F80001FF00001FC00000E0000000000000000000000000
80000000000000000000000007000001F800003FC00007CE000078E000070E000060E000079C00003F800003F800001F800001FC00003DC0000F0E0001E0E0003C3E00070FC00063F0000038000003000000000000000000000000000000000000000
00000000000000000000000000000001F800007FE0000FFF0001F8FC001F03C003E01E003C01E003C01E003C01E003803E007803C007803C0078078007807800780F000783F000387E00038FC0001FFC0000F38000000000000000000000000000000
400000000000000000000007000000F800000FC000007C000003E000003E000003E000001F600000FFC0000FFE0000FFF0000FCF8000FC7C000FC7C000FC7C0007C3E0007C1E000381E000000F000000E000000000000000000000000000000000000
100000000000000000000000000000004000000C000000400000040000006000000C000000C000000C000000C000000C000000C000000C000000C000000C000000C000000C000000C000000C000000800000080000000000000000000000000000000
500000000000000000000000000000000000000FC00007C60000E000001C00000380000038000001C000001C000000600000030000001C000000E00000030000001C000000700000038000001C000000C000000E000000C0000000000000000000000
8000000000000000000000003F00000FF00000C180001818000181800038300003870000186000018E00001CC00000F8000007F880003F0C000200C000601C0006018000603800030700003FE00000F80000000000000000000000000000000000000
200000000000000000000000000000001F800003DC000470C0007E040007C8C0007BDC0007F780007FF0000CFC00019C000019800003B800003B800003B800001B800001B800001FFC0000FF000007E000003C0000000000000000000000000000000
900000000000800000180000038000003800000300000070000006000000E000000E000001C000003CC00003BE00003F700003C6000078E000071C000063C00006F800007F00000380000000000000000000000000000000000000000000000000000
100000000000000000000000700000038000001800000180000018000000C000000C000000C000000C000000E000000F000000F000000E000000E000000E000000E000000C000000C000000C000000C00000000000000000000000000000000000000
8000000000000000000000001F800003FC000079C0000C0C0000C0C0000C0C0000C0C0000C1C0000E180000630000037000001E000001E000001FE00001BF00003030000307000031E00001FE00001F00000000000000000000000000000000000000
0000000000000000000000003E00000FF80001E3E00038070003003000200100060018006000800600080070008003000800380180038018001C030000E03000073E00007BE00003FC00000FC00000380000000000000000000000000000000000000
600000000000000000000000000000000000000E000001F000001F000003F800007F800007FC00007FC00007FC000079C000001C000001C00000380000038000007800000F000000E000001E000007C00000F80000070000000000000000000000000
70000000000600000060000006000000E000000E000000C000001C000001C0000018000003800000300000070000006000000603000040300004060000C0E0000C1C00007FC00001F8000000000000000000000000000000000000000000000000000
2000000000000000000000000000000000000001E00000FE00007FC0000FF80001EF000038E0000E1C000003C00000380000038000007000000700000070000007803000789E0000FFC00001800000000000000000000000000000000000000000000
10000000000000000000000000000000F000001F80000008000000C000000C000000C000001C00000380000038000007800000F000001E000001C0000038000007000000E000000C00000180000030000002000000000000000000000000000000000
000000000000000000000000008000003E000007E00000E600001E600001C60000386000038E000070C000071C0000F1C0000E3C0000C380001C780001CF00001CF00001CE00001DE00000DC000001C00000000000000000000000000000000000000
500000000000000000000000000000006000001FE00003FF00003838000381800038080001C080000E10000070000003C000001E000000E000001E000003C00000F800003E00001F800007C00003E0000010000000000000000000000000000000000
5000000000000000000000001E000003F8000031E00003030000180000018000000C000000C00000060000007000000300000030000003800000180000018000043C0007FFC00001FC00000F800000300000000000000000000000000000000000000
20000000000000000000000000000000000000006007001F001E03F800787F8003EFF8000FFF80007FF80007F80000FC00000F000000E000000C000000C000000C000000E000000F05000078E00003FE00001FE000007C00000000000000000000000
00000000000000000000000000000000000000000000000FE0001FFE0003FFE0007F07001F006007C00E007801E00F001C00E007800E01F800E03E0007FFC0007FFC0003FF80001FC0000000000000000000000000000000000000000000000000000
20000000000000000000000000000007C000001F00000018000001800000380000070000006000000C000001C00000180000030000003000000300000030000003000000100000018000000C00000076000001E000000000000000000000000000000
20000000000000000000000000000000000000018000003E000006E00060E600078C60003CC60000FC200007C600003CE00001FC00001F80000180000018000001800000080000008000000C000000E0000007C000003C00000000000000000000000
00000000000000000000000003800000FC00001CE0000306000070700006030000C030000C030001C07000188700018C600018660001826000186E000196C00019CC0000FDC0000FD800002F800000700000000000000000000000000000000000000
20000000000000000000000000000000010000C03000060600003BC00001FC000001800000300000020000006000000C00000180000018000001000000300000030000002000000206000021C00003F800001E0000000000000000000000000000000
4000000000000000000000003000000380000078000007800000B800000380000038C000038E000039F00003BB000037300003E300007C300007C700007870000786000070E000070C000061C000060C0000000000000000000000000000000000000
900000000060000006000000600000060000006000000600000060000006E000003B00000310000061800006180000618000061E000023E000023C00003BC00003F800003F00000100000000000000000000000000000000000000000000000000000
80000000000000000000000000000003C00003FF00007038000603C000401C000181C000180C0000F0C00003FC00000FC000007C000003E00000330000063C0000C3E000087800030E00007E000007800000400000000000000000000000000000000
000000000000000000000000000000007800001FE00003FE00007CE0000F060000E060001E070001C070001C0E0001C0E0001C0E0001C0E0001C1C0001E3C0000E380000FF800007F000003F000003E000001C0000000000000000000000000000000
900000000000000006000000700000070000007000000700000070000006000000F000000E300000FFC0000FFE0000FF70000F070000E070000E07000040F000001F00003FF00007FE00003C000000000000000000000000000000000000000000000
900000000060000006000000200000020000007000000700000070000007000000600000061F000067F80007E1C0007C0C0007804000F006000E00C001C03C001C0780009FE00001F8000000000000000000000000000000000000000000000000000
4000000000000000000000000000001C000003E000003E000003E000003C000003C000003E000003FFFC003FFFF003FFFF007E0FF007C01F007801E00F801E007801E007801C003000C00000000000000000000000000000000000000000000000000
6000000000000000000000000000000000000000000000F800003FC00007FE0000FE60000C3700018330001837000383700018660000FE60000F8C000031C0000018000003800000300000070000006000000C000000C000000800000000000000000
500000000000000000000000000000000000001FC00007FC00006000000600000060000006000000703E00030FC0001FDC0000618000003000000700007CE000FFFC001F0000000000000000000000000000000000000000000000000000000000000
400000000000000000000001C000001E000001E000001E000001C000001C000003FC00007FFFC001FFFE001C007001C00F001C00E001C01C001C03C001C078000C0F8000E0F0000E1E0000E1C00004180000000000000000000000000000000000000
900000000001C000003C0000038000007800000F000000E000001C000003C00000380000070000007F00001FFC0003FFF0000C0700018030001807000381F0003FFE0001FF00000FC0000000000000000000000000000000000000000000000000000
10000000000000000000000006000000E000000F00000070000007000000700000070000007000000F000000E000000E000000E000000E000000E000000E000000E000000E000001E000001C000000800000000000000000000000000000000000000
80000000000000000000000007800000F800001FC000038C000031C000033C00003FE00003FF00001E780001C380003838000F070001E0E0003C1E0007818002F038003E07000380E000003C000003800000000000000000000000000000000000000
30000000000000000000000007C00001FF80003C040007800000F000000E000000E000000600000030000001FC00000FE000007E000007800000E000001C00000380000070C000077E00003FC00000F00000000000000000000000000000000000000
4000000000000000000000000000003C000001E000000600000060000007000000FF80000FFE0000E3F0000E038001E01C001C00C001C0060038006003800E01F000E01E001C000007C00000F00000000000000000000000000000000000000000000
90000000000000000E000000F000000F000000F000000F000000F000000F000000F000000700000073E00007FF00007FF00007FF00007C700007C7000078E000078E00003FC00003FC00001F800000000000000000000000000000000000000000000
90000000000000000000000060000006000000600000060000006000000600000023E000027E00003C3000038300003030000703000070200006060000606000060E000041C000011800000F800000600000000000000000000000000000000000000
100000000000000000000000000000008000000C000001E000001E000000E000000E000000E000000E000000E000000E000000E000000E000000E000000E000000F000000E00000060000006000000600000010000000000000000000000000000000
200000000000000000000000F000003FF00007FF80000038000003800000380000078000007000000E000001C000001C000003800000380000070000006000000700000078020003FFE0001FFE00007F0000000000000000000000000000000000000
20000000000000000000000000000000F800003FE0003FFE001FFFE003F80E000001E000001E000003C000003C000007800000F000000E000003C0000038000007810000701000078F80007FF00003FE00000F0000000000000000000000000000000
80000000000000000000000010000003C000007C000007E00000670000043000004300000630000077000003F000001F000001F000001F000003F800003D800007E800006FC000007C000003C000001C0000000000000000000000000000000000000
10000000000000000000000018000001C000000C000000E000000E00000060000006000000E000000F000000F000000F000000E000000E000000E000000E000001E000001E000001C000001C000000800000000000000000000000000000000000000
900000000000000004000000E000001F000000F000000600000070000007000000780000078000007F800007FC000073E000060700006070000307000038380001C780001FF00000FF000007C00000000000000000000000000000000000000000000
60000000000000000000000000000000F000001F800003FC00003DC000019C00000DE00000FE000007C000003C000001C000003C0000038000007800000F000001F000007E00000FC00001F800001F000000C00000000000000000000000000000000
40000000000000000C0000006000000600000020000003000000300000030000003000000300000018000001F000003F8000039C000038E00001870000383000018180001018000001C00000080000000000000000000000000000000000000000000
000000000000000000000000000000007000003FC00007FE0000F870000F038000F038000A030001C038001C028003C0780018078001C0F0000C170000600000021E000003C000007800008F80000FF000001C0000000000000000000000000000000
90000000000000000060000006000000600000060000006000000E000000C000000C000000C0000018000001F000001F000003F800003B8000033800007300000670000066000003C0000038000000000000000000000000000000000000000000000
400000000000000000000000004000000400000080000008000001000000300000060000007F0000183000030300002020000C040000804000301C000E0100000020000006000000C0000018000003000000000000000000000000000000000000000
8000000000000000000000000C00001F800001804000180C000181C0000C38000067000003F000001C000001E000001FC000018F0000383800038180007018000703800078700003FF00003FC00003000000000000000000000000000000000000000
300000000000000000000000000000003C00000FE00001F600003C20000706000060400006000000700000038000001FE00000FC00000F000001C0000038000003000000700000070C00007BE00003FC00000E0000000000000000000000000000000
80000000000000000000000007800001FE0000386000070700007060000606000070C000071C000073800003B000001E000001E000003F00000F180001C0C000380C000381C00038300001FE000007800000000000000000000000000000000000000
600000000000000000000000000000000000003C000007FC0001F8F0001E070001E038003E01C003F01C003F00E003F00E003F00E003F00E003F00C003E00C001E01C000401C000001C000001C0000038000003800000380000000000000000000000
00000000000000000000000000000000F000003FC00007CE0000F030001E030001803800380380030038003003000700300070070007007000300F000300C00038010001C030000C06000073C00003F800000F0000000000000000000000000000000
200000000000000000000000000000000400000FF00007FF0001FFF0007F0F000F81E000F01C000C038000007800000F800001F000001E000001C000003C00000780000070E000077E00007FE00003F800003C0000000000000000000000000000000
500000000000000000000000038000007800000DC000018800003080000300000030000006030000606000061E000077C00003CC000001C000001800000300000070000006000001C00000F80003FE000000000000000000000000000000000000000
10000000000000000000000003000000300000030000003000000700000070000006000000E000000E000000E000000C000001C000001C000001C00000180000018000001800000380000038000003000000000000000000000000000000000000000
90000000006000000600000060000006000000600000060000006000000600000060000006000000600000060F000063F800066180007C180007818000783800038700001FE00000F8000000000000000000000000000000000000000000000000000
60000000000000000000000000000000000000300000038C00003FF0000FFF8001F83C003980C00E180E00E180600C380601C380E01E700C00FE00C007801800000180000030000007000000E000000C0000018000001800000000000000000000000
2000000000000000000000000000000000000001C000007E00003FE00003EE00003C600003E600003FE000077E000063C0000600000060000006000000600000060000003000000300000038000001FC00000FC000007800000000000000000000000
9000000000060000006000000E000000C000000C000001C00000180000018000003800000380000030E000073F00007730000FC30000F830000F860000C0E000063C00007F000003C0000000000000000000000000000000000000000000000000000
4000000000000000000000006000000700000070000007000000700000070000007000000700000078000007FF80007FF800070F800070E000039C00003B800003B000001F000001E000000E000000400000000000000000000000000000000000000
00000000000000000000000000E000001F000007F800006380000C380001838000303800020300006030000C060001806000180C000301C0006038000607000040E0000C380000C700000FE0000078000000000000000000000000000000000000000
9000000000010000003000000200000060000006000000C000000C0000008000001800000100000030E000027F00007C200007060000E0C00006180000630000066000006C00000380000000000000000000000000000000000000000000000000000
6000000000000000000000000000000000000000000006F000003FC00007DC0000F8C0001D8E000198E000318E000310E000670C0003E0C0003C0C000181C000001800000180000018000001800000180000018000001800000180000000000000000
0000000000000000000000001F000003FE0000FFF0003FFF800FF77C01FC03C01F801C01F001E01E001E01E001E01E003E01E003E01E0C7C00E0C7C00F8EFC007FFF0003FFE0001FFC00007F800001F80000000000000000000000000000000000000
6000000000000000000000000000000000000018000007FC0001FFE0003F8F0003F838003FC380033818003F80C003E00C001C00C000000C000001C0000038000007800000F000003E00007F80000FF00000FC00000C0000000000000000000000000
20000000000000000000000000000018000001C000003C000003C1FC003FFFC001FFF8000FFE00003F800003CC000038400007800000700000078000007C000007F000003FC00000FF000003FC000003C000001C00000000000000000000000000000
5000000000000000000000003E000007FE0000C070000C0180008008000C000000C00000070000003C000000F8000003E00000070000003000000300000020000006000007C00001F80001F80001FE000000000000000000000000000000000000000
4000000000000000000000000000000180000018000003C000001C000001C000001C000007C0001FFFFE01FFFFE000381C000381C00038380003878000387000038E000038E000011C000000C00000000000000000000000000000000000000000000
200000000000000000000000000000001E000007780001C0C000180600030030006003000F006000CFFC00181E0001800000380000038000003800000300000038040001804000180C0000C0C00007B800003E0000000000000000000000000000000
3000000000000000007E00001FF00003FF80007FF8000F800001F000001E000003C00000380000018000000C000000E0000007800000F802003F807001E00F001F03E000FFFE0007FFC0001FF00000000000000000000000000000000000000000000
8000000000000000000000001C000007E00000F300001C10000181000010100001030000183000018200001C600000EE000007C000003E000003F800003FF800061F8000603800060F80007EC00003800000000000000000000000000000000000000
40000000000000000000000000800000080000008000001800000100000010000003000040300007FFE0000066000004C00000C8000009800000B000001A0000014000001400000180000018000001000000000000000000000000000000000000000
5000000000000000000000000FF00003FF8000FC1C001C00400180040030004003000000300000060000006000000600000030000003007000181F0000FFF00001F300000030001FFF8001FFF80000FF8000000000000000000000000000000000000
5000000000000000003800000FC00003E400007800000F000000E000001C00000180000038018003007C00300F800187F8001FFF8000FF70000006000007E00003FC0000FFC0001F8C000000000000000000000000000000000000000000000000000
00000000000000000000000000000000000000000000000000003FC0000FFF8003C01C007800600E000200C000300C000100C000300C00070040006006000C0020018003003800180E000078C00003800000000000000000000000000000000000000
3000000000000000000000000000000000000000F000003FC0000FC00003E000007800000E000000E00000060000002000000080000006000000300000030000007000001E000001C000003800000100000011C000007C00000000000000000000000
8000000000000000000000000000000007C00003FE0001F04000380C000301C0002030000206000020C000033800001E000003E000007F00003E18000780C001FE0C001FFFC0000000000000000000000000000000000000000000000000000000000
50000000000000000000000007800000F700001C30000383800030380003010000300000030000003000000180000019C00000FC000004C00000180000018000003000000F00003FF00007EC000030000000000000000000000000000000000000000
30000000000000000000000000000001FC00003FE0000603000040100004020000000000040000004000000200000018000000C00000020000003000000F00000180000030000002000000600000020E00001F8000000000000000000000000000000
5000000000000000001F000007E00000F000000E000000C000000C00000060000003000000300000018000001C000001C000000C000001C000001C000007C00003F80001FF8000FFF0000780000000000000000000000000000000000000000000000
800000000000000000000000006000000F00000190000033000003300000220000026000006C0000078000007000000E000003E00000E600001C6000038200001820000182000018200000EE000007E00000000000000000000000000000000000000
6000000000000000000000000000000000000007800000F800001FC00003DC000039C000039C000031C000031C000033800003F800003F800003F800000700000070000006000000E000000E000001C00000180000030000000000000000000000000
500000000000000000000000000000007800001FE00003FF00007FF8000F838000E018001C00000180000018000001800000083C0000E7C0000FF80000FF80000198000003800001F00001FF00001FE00000F00000000000000000000000000000000
7000000000000000006000000E00000070000006000000E000000E00000FE00001FF80000FF800003E0000038000007000000706000070E0000E0E00007FE00007FE00001FC000001C000000C00000000000000000000000000000000000000000000
600000000000000000000000000000000000000E000001F800001B8000033C000033C000037C00001F800001B80000038000003800000300000070000006000000E000001C00000180000038000003000000600000040000000000000000000000000
30000000000000000000000003000001FF8000FFF8001F018001C0000018000001C000001C000001F000000FF800007F800003F800003F000007C00000700000078600007FF00003FF80000FF80000040000000000000000000000000000000000000
30000000000000000000000007000001F800007F80000FF80001FD80001E000003C000003E000003FF80001FFC0000FFC00007FC00003F800003E000003C000003C700003FF00003FF80001FF000007E0000000000000000000000000000000000000
90000000008000000C000000C000000C00000040000004000000400000040000004000000400000060F800067FC0007C0C00070040003004000100C0001018000107000019C00001F0000000000000000000000000000000000000000000000000000
600000000000000000000000000000000000003C00000FF00001C300003818000301C000380C0001F8C0000F8C0000004000000600000060000006000000600000060000006000000C000001C000003800001F000000C000000000000000000000000
1000000000000000000000000C000000C000000E000000E000000E000000E000000E000000E0000006000000E000000600000060000006000000600000060000007000000700000030000003000000100000000000000000000000000000000000000
1000000000000000000000000000000060000006000000600000060000006000000600000060000006000000600000060000006000000E000000C000000C000000C000000C00000080000008000001800000180000000000000000000000000000000
20000000000000000000000000000000000000000000001F000307F803FFE18013FE180003FF800063F00006000000C000000800000180000018000001C000000F0080007C1C0003FFC00007F80000000000000000000000000000000000000000000
9000000000000000030000003000000300000030000001000000100000010000001000000100000031F000037100003C1800038080003008000700800040180004010000606000037C00001F000000000000000000000000000000000000000000000
00000000000000000000000000000001F00000FFE0001FFF0003E0780030018007000C007000C006000C006000C006000C006000C006001C006001C006003800601F000607E0003FF80001FF00001FC00000300000000000000000000000000000000
40000000000000000000000000000000000000C000001C000000E000000E1E0000E7F8000FFFC000F81C000F01E001E00E001C00E003C01E003801E007001E00F001E00E001C01C001000800000000000000000000000000000000000000000000000
30000000000000000000000001000001FF00007FF8001FF98003F808003C00000780000070000007800C003FFFC001FFFC0007FF80000FC00000F000001E0000078000007FF80007FF80007FF80000300000000000000000000000000000000000000
30000000000000000000000000000003F000007FE0000FFF0001E0700018030003C060003C060001F000001FF00000FF800003F8000007000000E000000E000001800000382000030E00007FE00007FC00003C0000000000000000000000000000000
600000000000000000000000000000000000001C000003F00000FFC0001FFE0003FFF0003FFF0007FF78007FE78003FC78001F07800000F800000F000000F000001F000001E000003E000003C000007C0000078000003000000000000000000000000
90000000006000000F000000E000000E000000E000000C000000C000001C000000C000000C000000E00000070000007F780007FFE00063FE000700E000381C0001E780001FF00000FE000000000000000000000000000000000000000000000000000
5000000000000000007C00001FE00003800000300000070000003000000300000018000001C000000E00000078000003C000000E00000060000003000000300000760000FEE001FF7C001F03800000000000000000000000000000000000000000000
70000000000C000000C000000C0000008000000800000180000010200003060000304000060C00006080000C080000C080000C0800018180001808000180C0001C0C0000FFE00000FC000000000000000000000000000000000000000000000000000
3000000000000000000000000000000000000003E00000FE00003FE00003C0000070000006000000600000060000003C000003E000001C00000180000018000001800000180000018000001C000000FC000007C000003800000000000000000000000
70000000000000000300000070000007000000780000038000003800000380000030000003000000300000030000003000000301000030180003018000381800018300001FF00000FF000003E00000000000000000000000000000000000000000000
7000000000000000000000000E00000070000007000000E000001E000003C0000038000007800000F000000E000001C000001C0000038001803FFFFC01FFFF800FFF80000400000000000000000000000000000000000000000000000000000000000
7000000000000000001C000003C0000038000007800001F000001F000001F000001E000003C000003C0000078000007007000E00F001E03E003F73E007FFFC00FFFF800FDC80006000000000000000000000000000000000000000000000000000000
800000000000000000000000FE00003FF00003C38000701C000600C000600C000300C000381C0001C180000E3800007F000003F000001F000003FC000079F8001F07C003801E000041F00007FE00003F0000000000000000000000000000000000000
7000000000000000000000000180000018000001800000300000030000003000000600000060000004000000E800000F800000F000001C0000018000001800000100000030000003000000180000005C0000000000000000000000000000000000000
9000000000000000080000008000000C000000C000000C000000C000000C1E0000C7F0000CFF8000DE18000F80C000F80C000F00C000E01C000C078000C0F000041E00007FC00003F800001C000000000000000000000000000000000000000000000
80000000000000000000000000000001E000007F00000FF00000E300000C180000C18000071800007B000001F000000F8000007C000007C000006400000E400007CC000010C0000018000007800001E000001C0000000000000000000000000000000
30000000000000000000000000000000FC00003CF0000303000060000004000000C000000C000000C000000C000000600000020000003F000001F00000300000020000002000000318000030C00001DC0000038000000000000000000000000000000
00000000000000000000000000000000F800001FC00007FE00007060000E030001C030001803000180300038030003803000380300038030001807000180600018060000C0C000077C00003EE000000C0000004000000000000000000000000000000
7000000000000000003000000300000070000006000000600000060000006000000C000000C000001C000001C0000018000003800000300000030000003000000300000038F00001FE00000F000000000000000000000000000000000000000000000
2000000000000000000000000000000003000000F8003E1F8001F3980007F380003F380001E300003EF00003FE00007380000F000000E000001E000001C000001C0F800181F800187E0001CF80000FE00000780000000000000000000000000000000
7000000000000000001800000180000038000003000000300000070000006000000E000000C000001C0000018000001800000380000030000003000000700000060600007FE00003F8000038000000000000000000000000000000000000000000000
90000000000000000000000007000000F000000F000001E000001E000003C000003C0000078000007800000FF00000FFC0001F1F0001E070001C07800041F800007F00001FC00007F800007C000003800000000000000000000000000000000000000
4000000000000000000000001C000003C000003C00000380000078000007800000F800000F800000F000000F1FE001EFFF001FF07001D80300180030018006003800E001800C001C018001C000001C000000000000000000000000000000000000000
5000000000000000000000001C000003F000007F8000063C0000E1C0000C080000C000000C000000C000000C000000FFE00007FF00007FF00000070000007000000700000FF00007FE00007E000007000000000000000000000000000000000000000
4000000000000000000000000E000003E000003E000000E000000E000001C000001C0000038000003FF00007FF8000FC1C000E00C001C00C003C00C003800C007002C007003C006003800E00300080000000000000000000000000000000000000000
9000000000C000000E000000600000070000007000000700000070000007000000700000031E000033F00003FF00003E300003C70000387000033E00001FE00001FE00001F800000F0000000000000000000000000000000000000000000000000000
3000000000000000000000000000000198000039F0000E030000800000180000018000001800000080000008000000C00000060000001FC00000FC00000C0000008000001800000183000018300001CC00000F8000000000000000000000000000000
20000000000000000000000001800003FC0001FFE0003F86000700E000600E000401C000003C000007800000F000001E000003C000007800000F000001E010001C070001C1F0000FFE0000FFC00001F00000000000000000000000000000000000000
1000000000000000000000000E000000F000000F000000F000000F000000F000000F000000F000000F000000F000001E000001E000001E000001E000001E000001E000001C000001C000001C000001C00000000000000000000000000000000000000
400000000000000002000000200000020000002000000200000020000002000000238000067C00006E200007C200007830000783000070300007030000E020000E0600004060000006000000400000000000000000000000000000000000000000000
00000000000000000000000000000000F800003FE00007DF0000F070001E038001C038003C01800380380078038007003800700700070070006006000700E000300E000381C00018380000FF80000FF000001E0000000000000000000000000000000
200000000000000000000000000000000F000001F800003F001FFFE001FFFC0007FF000000F000000F000001E000001E000001C000003C000007810000781800070380007038000F0F80007BF00007FE00001F8000000000000000000000000000000
30000000000000000000000000E000003F00000FF80001E1800038180007008000C000001C00000180000018000000C000000F1800007F800000F000001C000003800000300000030F00001FE00000F80000000000000000000000000000000000000
70000000000000000000000000000000000000007000001F000001F000003E000007800000F000003E00000F800000F000007C00000F800000FFFFC01FFFFE007FFFC0000000000000000000000000000000000000000000000000000000000000000
50000000000000000000000007000001FC00003FE00007C300007010000601800060180006000000600000030000003C000000FC000003E000000600000060000006000000E000000C0003FFC0003FC80000000000000000000000000000000000000
7000000000000000010000001000000180000018000003800000380000038000001800000180000018000001800000180000018800001880000188000018C000018C000018C00003FC000011800000000000000000000000000000000000000000000
80000000000000000000000000000003F000007F80000EF80001E780001C780001C780001CF000019F00001FC00000FE00000FF80000D7E000040E000000F000000F000001E000007C00000FC00001F80000180000000000000000000000000000000
80000000000000000000000001F000007F80000FF00001F7000038E000039E00007FC00003F800003F000001F000003F000007F80000E780001C3C0001C3E000387E0003FFF0003FCF0001F0E00000000000000000000000000000000000000000000
50000000000000000000000000000000FE00003FF8000F818003C00C0070004006000400E000400C000800C000000C000000600000070070003C7F8000FFF000000300000070000007000007E00007FE0000180000000000000000000000000000000
0000000000000000000000001FC00007FF0001E1F8001803C002001E006000E00C000E00C000E00C018E00C018E01C00CE00C20CC01C20CC00C219C00E619800E33300073770007FEE0003FF800005E00000000000000000000000000000000000000
10000000000000000000000000000000000000000000067C00007FE00007FE000078C0000780000038000001C000001C000000C000000FC00000FC0000078000003000000300000030000003000000300000030000003000000300000000000000000
100000000000000000000000000000004000000E00000070000007000000700000070000007000000700000070000006000000600000060000006000000E000000E000000E000000C000000C000000C000000C0000000000000000000000000000000
400000000000000000000000000000380000038000003C000003C0000038000007803E00783FF0078FFF007FFFE007FC1E00FC01E007803C007003C007003800700780070070007007000700E000200E000000C000000000000000000000000000000
8000000000000000007800001F800001F800003F800003F800003F800003F000003E000003E000007C00000FC00001FE00003FE000078F000038F800006FE0000FFFC001FFFE003FFFE0001FFC0000000000000000000000000000000000000000000
300000000000000000000000000000007E00003FF8000783C000E000000C0000008000000C000000C000000C00000078000003F000000F000000100000010000007000000E000000C600001FC00001FC00001C0000000000000000000000000000000
900000000000000000100000030000003000000300000070000006000000E000000C000000C000001C800001FF00003C7800070180006018000C030000C06000180E00018380001FF00000F8000000000000000000000000000000000000000000000
000000000000000000000000000000003E000007F00000FF80003E180007C1C001F01C001F01C001E018003C018003C038001C070001C0F0001C1E0001C1C0000C3C000007800000F000007C00001F800001E00000000000000000000000000000000
0000000000000000000000000000000000000003E000007F00001FF00003C3800078380007038000E070000E0F0001C0F0001C0E0001C1E0000C3C0000C780000CF00000CE00000CE0000060000007C00000380000018000000000000000000000000
00000000000000000000000000000000F800003FC00003FE000078E0000E0F0000E0F0000C070001C070001C070001C070001C070001C0F0001C0F0000C0F0000E1F0000FFE00007FC00003FC00000780000030000000000000000000000000000000
600000000000000000000000000000000000008000003FF00007FF8000F07C000F07E000706F00078C70003FC38001FC38000F01C000000C000000C000000C000001C000001C000003C000007800003F000007E000001800000000000000000000000
600000000000000000000000000000000000000F800007FC0000F0E0001C0F0001C0700038CE0001F8E0000F0E000000E000001C000001C000003800000380000070000007000000E000001E000001C00000780000070000000000000000000000000
20000000000000000000000000000000000000007800000F80018198001C218000C4100006C6000079C00003F000003C00000300000030000003000000300000030000003000000380000018000001C000000E0000006000000000000000000000000
300000000000000000000000000000003C00000FE00001FE00003CC0000704000060000006000000700000078000003C000003F800000F800000F000001C00000180000038000003C000003F800001FF000001E000000000000000000000000000000
70004000000C00000080000018000001000000100000030000002000000600000040000004000000C000000800000080000008001000800F000807E000C7E0000FF800007000000000000000000000000000000000000000000000000000000000000
80000000000000000000000000000000F800003F8000061C0000C0C0000C0C0000C180000C180000E18000073000003F000001F000001F80000318000061800004180000438000063000007F000003E000001C0000000000000000000000000000000
400000000000000000000000200000030000003000000300000030000003000000300000070000007FC00007FE0000F9E0000E06000060300006030000603000060300006030000603000060300000020000000000000000000000000000000000000
700000000000C000001C0000078000007800000F000000E000001E000001C000003C00003FFC0001FFC0000FFC0000E300000C000001C000001C1F0001FFF8003FFF0001FFF0001F00000000000000000000000000000000000000000000000000000
700000000010000001800000180000018000001800000180000018000001800000180000030000003000000300000030000007000000600000060000006000000FFF8000FFFE000000700000000000000000000000000000000000000000000000000
90000000000000000C000001C000001C000003C000003C000003C000003C000003C000001C020001C0FC001E7FE001FF07000FC07000F80700078060007C060003E0C00007D800003F800000F00000000000000000000000000000000000000000000
200000000000000000000000000000007000000FC0000DFC0001FDE0001F860000F86000078600007FE00007FE00007F80000700000060000007000000300000038000003F800001FC00000FC000007C000003C000000000000000000000000000000
4000000000000000000000000100000030000006000000E000001C000001C000003800000388000039C000037E000037E00007EE00007CE0000F8C0000E0C0000C0C0000C180000818000000800000080000000000000000000000000000000000000
100000000000000000000000040000006000000600000060000006000000E000000E000000E000000E000000C000000C000000E000000C000000E000000E0000006000000600000070000003000000300000000000000000000000000000000000000
4000000000000000000000000000000000000000000001018000181C0001838000387800038F0000FFE000FFFC000BFFC00006180000E300000C30000006000000E000000C000001C0000018000003800000300000070000003000000000000000000
5000000000000000000C000003F0000073000006100000C100000C000000C000000400000060000003000000380000018000000C000000C0000004000003E00003FC0001FF8001FE30003400000000000000000000000000000000000000000000000
200000000000000000000000000000E00C000700E000301C000183E000183C0000C7C0000CFC0000CF800006F800007F800007F000003E000001C000001C04000180C000181C0000C3800007F000007E0000038000000000000000000000000000000
400000000000000000800000080000008000000800000080000008000000800000180000019E00001FF00003C300007030000F030000B020000B020000302000020200003060000200000020000000000000000000000000000000000000000000000
900000000000000000000000000000003800001FE00003FF00003FF00007CF000078100007800000780000078000007F00000FF80000FFC0000F1C000071E000071C000033C0000FF80000FF800003F000000C0000000000000000000000000000000
900000000000000001E000001E000001E000001E000001E000001E000001E000001E000001E000001E000001E000001E000001E400001FF00001FF00003CF00003CE00003FE00001FC00001F000000000000000000000000000000000000000000000
10000000000000000000000000800000180000038000003800000380000030000003000000700000060000006000000C000000C000000C000000C000001C000001C000001800000180000018000001800000000000000000000000000000000000000
8000000000000000037800003FC000071C000060E000061E000061E000077E00003FC00000F800001FC00003FF000038700007038001E038003C078007C07800781F0007F7E0001FFC00007F800000000000000000000000000000000000000000000
4000000000000000000000000200000060000006000000E000000C00000180000018000003FF00003FF00007C700006060000C0E0000C1C0001818000183800030300003060000206000000E000001C00000000000000000000000000000000000000
0000000000000000000000000C000007F000007F00000FF80001F3C0001E3C0001C3C0001C3E0001C1E000181E000181E0001C1E0001C3E0001E3E0001E0E0000E1E0000F3C00007FC00007F800001E00000000000000000000000000000000000000
900000000000000000000000078000007000000C000001800000300000030000006000000600000060000006000000600000060000007F00000318000030C000030C000019C00000F8000007800000380000000000000000000000000000000000000
800000000000000000000000000000007800000FC00001FE00001CF00001CF00001CE00001FE00000FC00000F800001F800007F80000F1C0003C1C000181C0000C380000C780001FF00001FE00000F800000600000000000000000000000000000000
40000000000000000000000000000004000000C000000C0000006000000600000066F00007FF00007C1000060100006010000603000070300007030000706000030600007040000700000070000006000000600000000000000000000000000000000
80000000000000000000000000000000F800003FC0000E0E000180600030060003006000300C000300C00010180001818000087E0000DE7000078300007030000303000030300001B600000FE00000F80000070000000000000000000000000000000
700000000003000000380000038000003000000700000070000007000000F000000E000001E000001C000003C00000380000038000007038000F7FC000FFFC000FF80000F800000E00000000000000000000000000000000000000000000000000000
700000000002000000700000070000007000000600000060000004000000C000000C0000018000001800000180000030000003000000300000060300006070000FFE00007FC00000B8000000000000000000000000000000000000000000000000000
000000000000000000000000000000000000001FC00003FC00007FE0000FC60001F070001E070003C070003C070003807000380700038070003806000180E0001C0E0000C1C000071C00003F800000F00000070000002000000000000000000000000
700000000000000000600000060000004000000C000000C000000C000000C0000008000001800000180000010000001000000108000030C000018C00003FC00001FC000007C0000038000000000000000000000000000000000000000000000000000
800000000000000007800000FE00001FF00001E780001C780001C780001C780000E7800007F000001F000000F000001FE00003DF00003C7C0007C0C000F80E001F81E003F9FC0039FF80070FE00000000000000000000000000000000000000000000
8000000000000000000000001F800007F80000FFC0000FDC0000E0C0000E0C0000608000071800003B800003F800000F800000FC00000FF00001FF00003CF000079F0000FFF00007FE00001FC00001800000000000000000000000000000000000000
600000000000000000000000000000000000000000000000000000000000000003FFE000FC07800C401C0186006018200600C200200C20020076006001C0060000006000000600000060000006000000C000000000000000000000000000000000000
0000000000000000000000000000000000000000F800007FC0001FFC0003FFC000FC0C001F008001E008001801800380380030030003007000600E000601C000403C000407800040F000041E000043C00004380000420000000000000000000000000
4000000000000000000000001000000380000038000003800000300000010000003000000300000030000003FF0001FFF8000387000018E000018E000019C000019800001B000001B0000002000000200000000000000000000000000000000000000
800000000000000000000000018000007800000FC00000FC00001D800001D800001F800001F000001F000001F000001F800003BC000071C0000E0E0001E0E0001F9E0001FFC00007F800007F000003C00000000000000000000000000000000000000
80000000000000000000000000000001E000003F000003180000308000070C000030C000038C00001DC000019800001F800003FC000060C000060600006060000306000030C00001F800000F000000600000030000000000000000000000000000000
200000000000000000000000000000000000000000003FFFF001FFFF8001FFF8000FFF0003F000007C00000F000001C000001C000003800000700000070000007000000700E0007806000380E0003E3C0001FF800007E000000000000000000000000
40000000000000000000000006000000E000000C000001C000001C000001C0000038000003BFF0007FFE000FFBC000E078000E0F0000C1E0000C3C0001C380001C7000038E000038E000038E000030000000000000000000000000000000000000000
7000000000000000007000000700000070000007000000E000000C000001C0000018000003800000300000030000007000000600000060000006000000602000060700007FE00003FC00001F000000000000000000000000000000000000000000000
6000000000000000000000000000000000000000000000F000003F800007F80000F780001CFC0001BEC0003F8C0003F0C0003C0E000000C000000C000000C000000C000000C0000018000001800000380000030000007000000600000000000000000
60000000000000000000000000000000000000000000006000003F800007FC000061C0000C1C00008740000CF60000FE60000FC600007040000004000000C000000800000080000018000003000000300000060000006000000400000000000000000
60000000000000000000000000000000F000001F8000031C000060C000060C0000C0C0000C1C0000C1C0000C3C00007FC00007F8000001800000300000070000006000000C000009C00000B800000F000000E00000000000000000000000000000000
40000000000000000000000000800000180000018000003000000200000060000004000000C000001C000001F3000033F000030E0000204000060C0000C0C0000C0800018000001800000100000010000000000000000000000000000000000000000
70000000000000000000800000380000070000006000000C00000380000038000007000000E000003FF00003FF00003BC00007000000E000000C000000C0000008000001EF00001FF00000FE000000000000000000000000000000000000000000000
1000000000000000000000000000000030000003800000780000070000007000000700000070000007000000700000060000006000000E000000E000000E000001C000001C00000180000038000007000000600000000000000000000000000000000
80000000000000000000000018000001E00000330000031000002100000210000021800003180000310000013000001B000000E00000070000047800006CE00006820000382000030E000001C00000600000000000000000000000000000000000000
80000000000000000000000003E000006300001830000101000020100006010000602000060600006FC00003F80000318000070C0000D0C0000C0C0000C080000C180000C10000067000007E000003800000000000000000000000000000000000000
2000000000000000000000000000000000000080F0001C1FC001C7FC000FFFC000FFF80007FF00007C00000E000000E000001C000001C000001C000001C000001C000000C000000E00000078600003FE00001FC000003800000000000000000000000
300000000000000000000000003000000F800003F00000F800001E000003C00000780000070000007000000700000078000003E000001E000001C0000038000007000000708000079C00003F800000F00000000000000000000000000000000000000
600000000000000000000000000000000000001FE00007FE0000F830000E030000C030000C038000C030000E0700007FF00003FE000001E000001C000007800000F800001F000003E00000FC00000F800000E00000040000000000000000000000000
300000000000000000000000000000001F00007FFC000FFFC001F8000038000002000000200000038000001C000000FC000001FC000007C00000F800001C000001800000300000030000003FF00001FF000007E000000000000000000000000000000
000000000000000000000000000000000000000FC00007FE0001FFF8003D1F8003807C007003E00E001E00C000E00C000E01C000E01C000C01C000C01C001801C003801E007800F00F000FFFE0005EF80000000000000000000000000000000000000
000000000000000000000000038000007E00001FE0000186000038700007070000E060000C060000C06000180E000380E000301E000301E000301E000703C00070F800060F800071E00003FC00003E000000000000000000000000000000000000000
30000000000000000000000000000001FC00007FC000070C00007080000780000038000001C000000F00000070000007000000F000001E0000038000007000000E000000E180000E0C000079C00003F800001F0000000000000000000000000000000
7000000000000000006000000F000000F000000F000000F000000F000000F000001F000001E000001E000003E000003C000003C00000780000078000007000000F000000F7FC0006FFE000003C0000000000000000000000000000000000000000000
6000000000000000000000000000000000000000000001E000003B000004900000C9800009980000B08000000800000180000010000001000000100000030000002000000200000020000006000000400000040000008000001800000000000000000
9000000000000000006000000E000001E000000E000000C000001C000003800000380000033C00007FF00007FF80007838000F018000E838000EC30001CC70001CCE00018FC00000F800000E000000000000000000000000000000000000000000000
700000000000000000300000030000006000000C000000C000001C000001800000380000030000007000000700000060000006000000600000060000006000000600800070180003FF80000FE00000000000000000000000000000000000000000000
900000000000000001000000300000030000003000000300000030000003000000308000033F000026100003C1800038180003018000301000070300003020000106000010C0000098000007000000000000000000000000000000000000000000000
900000000000000000300000030000007000000700000070000006000000E000000C000000C000001800000180000018E0000337000030300007030000606000060C0000C3800007F0000038000000000000000000000000000000000000000000000
5000000000000000000000001F800003FE00007FF00007FF8000603C000401C000600C0006018000700000078000003E000003FE00001FF800003F800000F800000700000FF000FFFE001FFF80013D800000000000000000000000000000000000000
400000000000000001000000300000030000003000000300000030000003000000300000030000003FF8000FFF8001FFF8000F81800070300007030000703000038300003010000300000010000000000000000000000000000000000000000000000
30000000000000000000000007E00001FE00003E600007000000E000001C000001C000001C000000E000000F8000003E000000F8000003C000003C000007800003F00000F800001F018001FFF00003F80000000000000000000000000000000000000
3000000000000000000000000000000000E000007E00003FC0001FC00007E00003F800007C000007BFE0007FFE0000FFE00001F00000FC00003E000003F803801FFFF8001FFE000000000000000000000000000000000000000000000000000000000
600000000000000000000000000000000000000E000001F000003F800003BC000071E000061E0000E3E0000CFC0000FFC0000FFC000071C000001C000001C000003C00000380000078000007000000E000000E0000006000000000000000000000000
100000000000000000000000000000018000003C000003C000003E000001E000000E000000E000000E000000E000000E000000E0000006000000600000070000007000000700000070000007000000700000030000000000000000000000000000000
200000000000000000000000000000000000001FE0000FFF0003FFF8007E078000007800000F000001E000003E000007C00000F800001E000003E00000F800000F000000F800000FE000007F800003FE000007E000000E00000000000000000000000
30000000000000000000000000000003FC00007FF0000F0F0001C00000180000008000000C000000E00000070000007FC00001FC00001F000001C000001800000301800018380001C700000FE000007C0000038000000000000000000000000000000
70000000003C000003C000003C000003C000003C000003C000003C000003C000001C000003C000003C0000078000007800000F038000F078001E078001F0F8001FFF0001FFE0000FFE000000000000000000000000000000000000000000000000000
3000000000000000000000000C000001E000001E0000038000003800000300000030000003000000380000038000001F800000F80000038000007000000700000060000006000000FC00000FC00000300000000000000000000000000000000000000
300000000000000000000000000000001C00001FF00003FF00007830000E000000E000000E000000700000078000003E000001F800000F8000007000000E000001C000003C0000038000003FE00003FC00001F0000000000000000000000000000000
20000000000000000000000000000000000000000000001F00000FF80003FFC0007C0C00EF00C007E00C003C00C003F83C003FFFC003FFF80030FC000300000030000003000000380000018000001C000000F00000078000003000000000000000000
000000000000000000000003FC00003FF0000FFFC000FFFC000F03F000F00F000F007C00F003C00F003C00F001C00F003C00F003C00780380078038003C0FF003F1FF000FFFF000FFFC0003FF00000C00000000000000000000000000000000000000
30000000000000000000000000000003C000007F000006300000C180000C0C0000C040000C040000C0400006000000300000018000000E0000006000000600000060000006000000E000003E000003FE000001C000000000000000000000000000000
300000000000000000000000003F00003FF00007FF0001F070003C000007000000E000000E000000C0000008000000C000000FC000007E000001C0000038000007080000FFC0001FFC0003FE00003E000000000000000000000000000000000000000
8000000000000000000000001E000007F80000FF80001E380001C380001C380001C780000EF00000FF000007E000007F00000FFE0001FFF0001E3F8000F078000307800031F00003FE00003F800001E00000000000000000000000000000000000000
4000000000000000008000000800000040000004000000400000040000004000000FC00003FE0000FF60001FE60001DC6000118E000018E000039C000039C000039800001380000030000003000000000000000000000000000000000000000000000
30000000000000000000000000000001FC0000FFFC007E006007000000E000000E0000006000000700000038000001E7800007FE00003FC0000108000030000001000000100000018010000E0100003FF00000FE00000000000000000000000000000
600000000000000000000000000000000000000F00000FFE0001E0F0003F870007FC380061C180063818006F018007E018003801800000180000038000007800000F000001E000083C00018F80001FF00001F80000040000000000000000000000000
30000000000000000000000000000003F80001FFE000100E000200300020018002001800300100038000000E0300003FF00000FE00001F00000180000030000002000000200000038000003FC00001F800000E0000000000000000000000000000000
5000000000000000007C00001FE00003FF00003F300003C000003C00000380000038000003C000003C000001C000001F000000FFC0001FFC000FFFC003FFFC00FFFF003FE1E003F000000600000000000000000000000000000000000000000000000
00000000000000000000000000000000F000001F8000070C00006060000C0600008060000806000180600018060001806000180600008060000806000080C000040C0000618000037800001F000001E00000180000000000000000000000000000000
2000000000000000000000000000000000000003F00003FF0001FFF0003FFF0007FFF0003FFF0003EFC00001F800003F000003F000007E000007C000007C000007C000007C000007F000003FE00001FE00000FE000001C00000000000000000000000
000000000000000000000000000000000000007F00001FF80001C3E000301F00070070007003800700380070038003003800380300038030001C070000E07000000E000000E000000E000001C000003C0000030000003000000000000000000000000
90000000002000000600000060000006000000600000070000007000000700000070000007000000600000060F800063F80006F180007C180007038000607000071E00003FC00001E0000000000000000000000000000000000000000000000000000
00000000000000000000000007E00001FF8000383C000601C000C01C001800E003000E007000E0060006006000600C000600C000601C000E01C000C01C021800E026000E67C00077E00003F800003C000000000000000000000000000000000000000
70000000000600000070000006000000E000000E000000E000000C000000C000001C000001C00000180000018000003800000380000078000007C000003FF00003FF80001FF8000003800000000000000000000000000000000000000000000000000
4000000000000000000000000000000C000000E000000E0000006000000E000001F000003FE000007FC000067F00007070000303800030300003030000303000030700001070000182000018000001800000180000000000000000000000000000000
600000000000000000000000000000006000000F800003FC00007860000606000060200004020000402000060600007F600003CC000001C0000038000007800000F000001E000003C0000078000007000000400000000000000000000000000000000
90000000000000008000000C000000C000000C000000E000000E007000603F800707FC0031FFC0033F0E003FE0E003F80E003F01E003F03C001E07C001C1F8000E7F0000FFC00007F000001C000000000000000000000000000000000000000000000
300000000000000000000000000000001E00000FF80003C080007800000E000000E000000C0000006000000700000038000001C000000700000030000007000000C0000018000003800000306000060C00003F8000000000000000000000000000000
50000000000000000000000007E00001FF80003FFC000300C000600600060020007000000700000038000003C000001FE00000FE000003E000000E000000C00000080003FE8001FFE0001FF80001E0000000000000000000000000000000000000000
10000000000000000000000000000000100000030000003800000380000038000003000000700000060000006000000E000000E000000E000000E000000C000000C000000C000000C000000C000000C00000040000000000000000000000000000000
900000000018000003800000380000038000003800000380000038000007800000780000078000007800000780000078C00007FF0000FFF8000F8F8000F0F00003FF00003FC00001F0000000000000000000000000000000000000000000000000000
6000000000000000000000000000000000000007000000FC00001FE00007FE0000FFE0001FEE0001FCE0001F8E0001E0E000000E000001C000003C00000380000038000007000000F000001E000003C00000380000030000000000000000000000000
10000000000000000000000000000000380000038000007800000380000078000007000000700000070000006000000E000000E000000E000000C000001C000001C000001C000001C000001C000001800000180000000000000000000000000000000
4000000000000000001C000001C000001C00000180000038000007000000700000070000006000000C000001C000001C000003F000003F8000071C000061C0000E1C0001C380001C10000180000000000000000000000000000000000000000000000
500000000000000000000000000000003C00000FF80000FFC0001C00000180000018000001E000000F8000007800000080000008000001800000180000030000007000000E000000C0000FFC00003FC00000F80000000000000000000000000000000
400000000000000000000000000000000000000600000060000004000000C000001C000003803000700F000703E000FFF8001C7F000180C0003008000301000060300006020000C000000C00000040000000000000000000000000000000000000000
500000000000000000000000000000003800000FE00001FF00003E7800038380007810000700000070000007F000007F800003F800000380000038000007800000F000001E000003C000007800000F000000E00000000000000000000000000000000
000000000000000000000000000000000E000003F000007F00000FF00001E700003C7000038F000070F000070F0000E1E0001E1E0001C1C0001C3C0001C780003CF00003DE00003FE00003F800001F000000C00000000000000000000000000000000
50000000000000000000000003E00001FB8000380400030020006000000600000060000004000000600000060000003FF00001FF00000070000006000000C000001800001F800003F00001E0000038000000000000000000000000000000000000000
900000000000000002000000600000060000003000000700000060000006000000E600000DFC0000F0E0001C0380038018003800C000400C00060040002006000300C000180C000061C00003F00000000000000000000000000000000000000000000
5000000000000000000000003000000FC00001FC00003C000007000000701F00060FF00063E30003F830003C0300000030000003000000300000070000037800007F80003F78001FE30001F0000018000000000000000000000000000000000000000
20000000000000000000000000000000000000208000063E0000F7F0000BE300001C100003C100007E3000063F000060C0000C000000C0000008060000806000080E000080C00008180000C18000063800003E000001C000000000000000000000000
1000000000000000000000000000000030000003800000380000078000007800000780000070000007000000F000000F000000F000000E000000E000001E000001E000001C000001C000001C000001C00000080000000000000000000000000000000
200000000000000000000000000000001C00000FE00003E600007060001804000000C000001800000180000030000006000000C000000C00000180000030000003000000606000060E000063800007E00000380000000000000000000000000000000
90000000000000000C000001C000001E000000E00000060000006000000600000061E00007FF00003E70000783800070180007018000701800070180003E180003E300003EF00000FE000003C00000000000000000000000000000000000000000000
100000000000000000000000000000000C000000E000001C000003C000003C0000038000007800000F000000F000000F000001E000001C000003C0000078000007000000F000001E000001E000001C000000800000000000000000000000000000000
900000000003000000300000020000006000000600000060000004000000C000000800000184000019E000033B00003C300003860000706000060C000021C000023800003F000003C0000000000000000000000000000000000000000000000000000
90000000000200000060000004000000C000000C000000C000000C000000C000000800000180000018000001800000100000011E00001FF00003810000203000030600003F800001F0000000000000000000000000000000000000000000000000000
4000000000000000000000001C000001C000003C000001C000003C00000380000078000007FC0000FFE0000F8E0000E0E0001E070001C070003C070003806000380600018060000007000000700000020000000000000000000000000000000000000
000000000000000000000000000000007E00001FF00007FF8000F838001C01800180180038038003803800300780020070006006000600C000600400060060007006000700C000301C00038F80001FF00000FE0000000000000000000000000000000
8000000000000000000000000F000001F000003180000318000021800003180000318000033000001E000001E000001E000003B000006180000C1C0000C1C000081E000081C0000C3000007E000003C00000000000000000000000000000000000000
4000000000000000000000008000000C000001C000000C000000C000000C000000E000000E000000FFF800061F8000C018000C018000C018000C030000C0300004060000006000000C000000C000000C0000000000000000000000000000000000000
500000000000000000000000000000007C00000FE00001FF0000303800070180007008000600000060000006000000700000078300003FF00001FF00000670000006000000E00007FC0001FC000038000006000000000000000000000000000000000
2000000000000000000000020000007000000780000078000003DF00001FF80001FFC0000FF800007F000007C000003800000380000038000003C000003C000001F000000FC000007E000001FF00000FC000000000000000000000000000000000000
9000000000000000004000000C000000800000180000018000001000000300000060000004040000CFF0001F030003C01800700180020018002001800100380018070000C0E00007F800001E000000000000000000000000000000000000000000000
20000000000000000000000000000000010000003001C007003F8070013FFE00003FC000003800000300000070000006000000C000000C000000C0000018000001800000180000018000001C0C0000FF800003F000000000000000000000000000000
10000000000000000000000000000000E00000060000006000000E000000E00000060000006000000600000060000006000000600000060000006000000E000000E000000C000001C000001C000001800000180000000000000000000000000000000
2000000000000000000000000000000004000007C000FFF8000FE1800000300000060000006000000C000000C000000800000180000018000001800000180000018000001804000080C0000C3800007F000003C000000000000000000000000000000
1000000000000000000000000200000030000003000000300000030000007000000600000060000006000000E000000C000001C000000C000001C00000180000018000001800000380000030000003000000000000000000000000000000000000000
70000000000000000000000000C000000C000000C000001800000180000030000006000000E000000C000001C0000018000003000000300000060000006000000600000060000007C000003FE00000060000000000000000000000000000000000000
30000000000000000000000000000001F800007FE00007FC0000F000000E000000700000030000003DC00001FC00001FC00001F800003E0000038000003800000300000018000000E000000FF000003FC000007C00000000000000000000000000000
6000000000000000000000000000000000000000000003F00001FFC0003C7C000601E000700E0007FC60007FC60001FCE000020E000000E000000E000001C000001C0000018000003800000300000060000006000000E000000600000000000000000
800000000000000001E00000FF80000E180000C180000C080000C180000E180000618000033000003F000001E000000F000001F8000071E0000E078003803E00380EF003FFF3000FFF000002600000000000000000000000000000000000000000000
80000000000000000000000000000001F000007F80000E1C0000E0C0000E0C000060C000060C0000318000039000001F000000E000000F000001F000001980000118000031C00003F8000037800001F000000E0000000000000000000000000000000
400000000000000000000000600000070000007000000300000030000003000000380000018000001BE00001FF00001C3000030300003030000303000030200003060000606000060C0000C0800008000000000000000000000000000000000000000
900000000000000003000000300000030000003000000300000030000003000000318000033E000036700003C30000781000070100007030000C030000C060000C0E0000C1C0000E7000003E000000000000000000000000000000000000000000000
10000000000000000000000030000007C000003C000001C000000E000000E000000E000000E000000E000000E000000E000000E000000E000000E000003E000003E000003E000001E000001E000000C00000000000000000000000000000000000000
9000000000000000030000003800000180000018000001800000180000038000003800000300000031C000037E00003E600003820000702000060600007060000786000079C00000F800000F000000000000000000000000000000000000000000000
800000000000000000E000001F00000338000020C000020400002040000204000030C000018800000C800000780000018000007C00003FE00003C20000E030000C010000C060000F7C00007F800000000000000000000000000000000000000000000
500000000000000000000000000000000000000FFE0007FFF000F000000C000000E000000700000038000001E000000700000038000000E000C007000600300030070003FFF0000FFC000000000000000000000000000000000000000000000000000
7000000007C000003C000001C000001C000003E000001E000003E000003E000003E000001E000000F000000F800000FC00000FE000007F000001FF80001FFF0000FFF80007FF80000EF00000000000000000000000000000000000000000000000000
5000000000000000003D00000FF00001FF00001F800001E000001C000001C00000180000018000001C000001E000000F8000007C000003E000003E000403F0007FFE0007FFE0007FE0000078000000000000000000000000000000000000000000000
1000000000000000008000000C000000C000000C000000C000000C000000C000000C000000C000000C000000C000000C000001C000001C000001C000001C000001C000001E000000E0000006000000000000000000000000000000000000000000000
10000000000000000000000002000000F000000F000000E000000E000000E000000E000000E000000E000000E000000E000000E000000E000000E000000E000000E000000E000000E000000F000000600000000000000000000000000000000000000
80000000000000000000000000000000FC00001FF00003E780003878000787800079F00003BE00003FC00003F800001F000003E000003E000007F00001F300001E380003C38000783800070F00003FE00000700000000000000000000000000000000
6000000000000000000000000000000000000070C0000E0E0000E0E0001C060001807000180700018070000F0700007C700000FE000001E000001C0000038000007000000E000001C000003000000E000003800000E00000000000000000000000000
5000000000000000000000000F800001FE00001DE00001810000180000018000001C000000E000000E00000070000003C000001F00000078040007806001F003C03C003FFF0000FFF0000022000000000000000000000000000000000000000000000
20000000000000000000000000000000180001E7C0000FFC00003F800003F00000300000030000002008000600800060180006030000303000030600003060000306000038C000018C00001D800000F80000070000000000000000000000000000000
4000000000000000000000006000000F000000F000000700000070000007000000F000000F000000F000000FFF0000FFFC001FFFE001E07E001C01E001C00E001C00E001C00C001C01C001801C0008000000000000000000000000000000000000000
400000000000000000000000030000003000000600000060000004000000C000000C00000180000018E00001FF00003FE000078600006060000C0C0000C08000181800038000007000000600000040000000000000000000000000000000000000000
3000000000006000000F000003E000007800000F000001E000003C00000300000070000007C000007C000007800000F000001C0000038000003800E003003C00380F8003FFF00003FC000000000000000000000000000000000000000000000000000
200000000000000000000000000000000000007FE00003FF00007C3C0007F1C000EFFC000C1F8001802000380000038000003000000300000030000003000000300000018780001CFC0000DC400007C400003FC00000F000000000000000000000000
30000000000000000000000001800000FE00001FF000038780007018000E008000C0000018000001C000001FF80000FF800003E00000380000030000006000000E000000600000078380003FF80001FE0000000000000000000000000000000000000
50000000000000000000000000E000003F000007900000E000000C000001C00000180000018000000C000000600000060000003000000700000060000006000000600000060000E6E00007FE000007C00000000000000000000000000000000000000
6000000000000000000000000000000000000000000001F000007FC0000FFE0000FFF000183F000181F00038FF0003FFF0003FCE0003F0E000180E000000E000001C000001C0000018000003800000300000030000006000000400000000000000000
80000000000000000000000000000007800000FE00000C300001838000181800008080000C080000608000070800001D800000F80000078000003C000003C0000066000004600000CE000009E000013C0000018000000000000000000000000000000
8000000000000000000000001E000001F000003F800001F800001F800001F800001F000001F000000F000001F000001F000003F800007F800007380000F380000E380001FF80001FF000007F000001E00000000000000000000000000000000000000
6000000000000000000000000000000000000006000000F000001F800001F8000039C000031C000033800003F800001F8000003800000380000070000007000000E000000E000001C000003C000007800000F00000060000000000000000000000000
200000000000000000000000000000000F000001F000007300000E300001C200003860000FFC00007F000003000000300000070000007000000304000030C00003080000198000019800000F000000F00000060000000000000000000000000000000
30000000000000000000000000F000003F80000F800001C0000070000006000000C000000C0000008000000C0000006000000700000038000001C000000C000001800000302000020600007FC00003F00000000000000000000000000000000000000
100000000000000000000000000000018000003C000007E000007E000007E000007E000007E000003E000001E000001E000001F000000F000000F800000780000078000007C000003C000001C000001E000000C000000000000000000000000000000
000000000000000000000000000000001F00001FF80007F9C001F81C003E00C007800C00F000C00E000401C000601C0006018000C018000C008000C00C001C00C001C00700380078078003C070000FFE00000F8000000000000000000000000000000
500000000000000000000000003000001F800007F80001E0C0001C04000300000030000003000000300000038000001E000000F0000003E000000E000000E000001E00000780000FF00007FC0000F8000000000000000000000000000000000000000
800000000000000000000000000000007000000F800001D80000198000031800003180000318000031800001B000000E000000E000000E000000F000001B0000019C000010E0000100000018000000FC000007C000000000000000000000000000000
900000000001C000001C000000C000001C0000038000003000000300000070000006000000E000000C000001C000001C000003F000007F80000F1C0001C380001DF00003FE00003F80000000000000000000000000000000000000000000000000000
2000000000000000000000000000000000000000000000000000FF8000FFFC007C07C0000078000007000001E000001C100001C18000183000038F000039E00003FC00003F800001E0000000000000000000000000000000000000000000000000000
900000000000000000100000018000001800000300000070000006000000E000000C000001C00000380000033F00007FF0001FE30003FE30003CC20000186000010E000013800003F000001C000000000000000000000000000000000000000000000
6000000000000000000000000000000000000000000007E00003E7C000703E000C0330018023001806180080E1800E1C08007F808001C0080000008000001800000180000018000003000000300000030000006000000C000000E0000000000000000
70000000001C000001C000001C000001C000001C00000180000038000003000000700000070000006000000E000000E000000C000000C000000C000000C001000FDFF0003FFE00007F000000000000000000000000000000000000000000000000000
00000000000000000000000003C00001EF00003030000E018001C018003800C003000C006000C006000C00600080060018007001800380180018018001E030000707000078600001FE00000FC00000F00000000000000000000000000000000000000
400000000000000000000000080000018000001800000180000018000001000000100000010000001000000100000010000003FC000038C0000104000010400000040000004000000C000000C00000040000000000000000000000000000000000000
8000000000000000000000001C000007F00000FF80000E3C0000E1C0000E1C000061C0000718000031800001B800000F800000F0000007000000F000000F800001C80000FCC0000FFC0000E7C000001C0000000000000000000000000000000000000
70000000000080000008000001800000100000030000002000000600000040000004000000800000080000010000001000000300000020000006000000C000000C000000C0C00003FC000000000000000000000000000000000000000000000000000
100000000000000000000000030000007000000700000070000006000000600000060000006000000E000000E000000C000000C000001C000000C000000C000000C000001C000001C0000018000001800000000000000000000000000000000000000
7000000000020000006000000600000060000006000000E000000C000000C00000080000018000001800000180000038000003000000300C000601C000607C0007FF8000FE00000700000000000000000000000000000000000000000000000000000
40000000000000000000000020000007000000700000038000003800000300000030000003000000300000073C00007FF0000FE7C000F01C001C00E003C00600380060038006003800600000060000002000000000000000000000000000000000000
10000000000000000000000040000002000000300000030000003800000180000018000001C000000C000000C000000E00000060000006000000600000060000006000000700000070000007000000300000000000000000000000000000000000000
000000000000000000000000000000006000003FC0000FDE0001F030003C018007800C00F000E00E000E01C000E01C000E00C000E00E000E006001E004001C006007800383F0001FFC00007F000000000000000000000000000000000000000000000
9000000000000000000000001E000006000000C0000008000001800000180000008000000C00000040000002000000100000018F000009100000E18000040800004100000010000002000002600000180000000000000000000000000000000000000
7000000000010000003000000700000070000006000000E000000E000000C000001C000001C000001800000380000038000007000000700000061E0000FFF0000FFF0000FC00000E00000000000000000000000000000000000000000000000000000
200000000000000000000000000000000E000007F00003FF0000FFF0001F0E000301C0000038000007000000E000000C00000180000038000007000000F000000E000001C000001C070001FFF0001FF800001C0000000000000000000000000000000
000000000000000000000000000000001600001FF00003C3C000700C000F00E001C006003C00600380060038006007000600700020070006006000E007000C003001C00300380038070001C1C0000FF800003F8000000000000000000000000000000
00000000000000000000000003E00001FF00003C38000E030001C0300038030003803800380180038018007801800780180038018003803800380380018070001C060000C0E0000E1C00007F800003F00000000000000000000000000000000000000
900000000000000007000001F800001F800000380000038000003800000700000070000007000000700000070F000077F80007FF80007E380007038000607800061F000067E00003F800001E000000000000000000000000000000000000000000000
1000000000000000000000000000000020000006000000600000060000006000000600000060000006000000E000000E000000E000000E000000E000000E000000E0000006000000C0000006000000400000060000000000000000000000000000000
700000000000000000040000004000000C000000C00000180000018000003000000300000020000006000000C000000C00000180000010000003000000200000060000004200000FC0000070000000000000000000000000000000000000000000000
80000000000000000000000000000000F800003FE0000F070001C0300038010002001800600300040030004007000400F000603F80020F98003FC18000F03800060700004060000C00000061800007F00000180000000000000000000000000000000
7000000000000000060000006000000600000060000006000000600000060000006000000639C003FFFE00FFFF8003F80000070000007000000700000070000007000000701C0003FFF0001FFE0000000000000000000000000000000000000000000
80000000000000000000000001800000FE00001EE00001CE000018E000018C000019C00001F800000F000000F000000F000003F8000039C000078C0000F060001D06000190E000199C00000F800000F00000000000000000000000000000000000000
400000000000000000000000180000038000007800000F800001F000001F000003E03C003E1FE003C7FF003DFFF007FFFE007FF9E00FF01C00F003C00F003800E003800E007000E003000C000000C0000000000000000000000000000000000000000
7000000000000000008000000E000000E000000C000000C000000C000000C000001C000001C000001800000180000019C00003980000398000071C000071C000070C000077C000007C000003800000000000000000000000000000000000000000000
2000000000000000000000000000000000000000000000000000000000000000003C00007FFE000FFFE001E0380018030000007000000700000030000003C000001FE000007E000001E00000000000000000000000000000000000000000000000000
00000000000000000000000000000000F000003FC00007FE0000FDF0001E0F0003C078003803800300380070038007003800700780070078007007000700F000383E0003DFC0001FF80000FF000003E000001C0000000000000000000000000000000
400000000000000000000000100000018000001800000380000038000007000000701C000E0FE001FFFF001FA060018006001800E003800C003001C007007800600F000E00C000E008000C00000040000000000000000000000000000000000000000
600000000000000000000000000000000000001E000003F0000073000004300000438000067800007F00000330000003000000300000030000003000000300000070000006000000C000001C000007800000E00000080000000000000000000000000
000000000000000000000000000000000000001FE00007FF0000FC7C001C01C003800E0070007006000300E000700C000700C000E00C001C00C003800E007000701E000383C0003FF80000FE000003C00000080000000000000000000000000000000
30000000000000000001E00000FF00003FE00007C00000E000000C000001C000001C000001F000000F0000007000001E000003E000007800001F000001E000007DFC0007FFC000FFFC0007F8000000000000000000000000000000000000000000000
10000000000000000000000000000000C000000C000000C000000C000000C000000C000000C000000C000000C000000C000000C000000C000000C000000C000000C000000C000000C000000C000000C00000060000000000000000000000000000000
1000000000000000000000000080000018000001C000001C000003C000003C0000078000007800000F800000F000000F000001E000001E000003E000003E000003C000003C000003C000003C000001800000000000000000000000000000000000000
30000000000000000000000038000007E00000FF00000E780000C380001C380000C080000C000000E000000E000000F0000007C000001F000000F0000007100000F380000FF80001FE00001FC00000F00000000000000000000000000000000000000
30000000000000000000000000000000E00001FFF0003F5F8003003800300300030000003C000001E000000F8000007F000001FE00001FF00007FC0000E000001C000001C000000E000000FC1C0003FFC00007E000000000000000000000000000000
900000000000000001C000003F00000338000031C000070E000070E0000600000060000006000000600000060E000063F000067100006E30000F870000F0E0000F1C000067C00007F000007E000000000000000000000000000000000000000000000
6000000000000000000000000000000000000000000007F80001DFE000703F000E03B800C039C01C079C01C070C00C0F0400C1E1E01E3C1E00FF81C003E018000003800000300000030000006000000E000000C000001800000000000000000000000
700000000003000000780000078000007000000F000001E000003C0000078000007000000F000001E000001C000003801E007003E00F003E00E003E00E003E007FF7E0007FFE000017C00000000000000000000000000000000000000000000000000
400000000000000000000000100000010000001000000100000010000001000000300000038180001C3800017F000013A00001060000104000010C0000108000011800003180000318000030000001000000000000000000000000000000000000000
1000000000000000000000001800000180000008000000C000000C000000C000000C000000C000000C000000C000000C000000E000000C000000C000000C000000C000000C000000C000000C000000C00000000000000000000000000000000000000
50000000000000000000000000000000000000000001FF80001FFE0001C1F8000E000000700000038000001C00000060000003C000000F0000001F0000003C000003E000007E000007E000007C0000078000000000000000000000000000000000000
30000000000000000000000000000000FE00003F700007830000F010000E000000E000000E0000006000000300000038400001FE000007C00000E000001C000003800000380000038000001C400000FE000001F000000000000000000000000000000
000000000000000000000000000000007000001FC00003FE000078E0000F070001E070001C070001807000180700018070001806000180E000380E000180C000181C00018380001CF00000FE00000FC00000300000000000000000000000000000000
8000000000000000000000000000000000000001F00000FF80001FF80003C380003038000307800030F000039F00001FE00001F800003E00000FE00003E6000078600038C600060C6000007C000003800000000000000000000000000000000000000
70000000000000000008000003800000380000038000003800000380000070000007000000F000000E000000E000001E000001C000001C000001C00000380000078000007F80000FFE000060F00000000000000000000000000000000000000000000
300000000000000000000000000000007800001FE00003F600007830000F010000E010000C01000060000007C000001F00000038000003800000F000001E000003C000003800000300000038F00001FF00000F8000000000000000000000000000000
900000000008000000C000000C000000C000001C000001800000180000038000003B800003FE000078E00007070000703000070300007030000F070000C0E0000E1C00007FC00001F8000000000000000000000000000000000000000000000000000
6000000000000000000000000000000000000000000001C000003F8000063C0001C1C0001838000307C00030CC000378C0003E040000004000000400000040000004000000C000000C000000C00000080000018000001800000700000000000000000
90000000000200000020000006000000600000060000006000000E000000C000001C000001C000001FC00003FF00007C300007830000F830000F870000C0E000063C00007F800001E0000000000000000000000000000000000000000000000000000
300000000000000000000000000000000000003400001FF80003FFC000781C00070000002000000300000018000000C0C00007FC00001FC00000F000000C000000C0000008000000C18000041800003F800001F800000600000000000000000000000
5000000000000000001C000003E000003B00000310000031800003180000308000018000000C00000060000006000000E000003E000007C0003BF80007FF0003FFC0007FF000000000000000000000000000000000000000000000000000000000000
0000000000000000000000000000000000000000000007F0E0007C1E001F81F001F01F003E03F007C07F00F81FE00F83FE00F9FFC00FFFF8007FFF0007FFC0001FF000007C00000000000000000000000000000000000000000000000000000000000
2000000000000000000000000F800007FC0007FFC000F00C000001C000001C000007800000F000001E0000038000007000000E000001C000001C000001C000001C001000F0030007FFF0001FFF00001F8000000000000000000000000000000000000
700000000000000000000000040000004000000400000040000004000000400000040000004000000F8000FFF00000080000008000001800000180000018010001FFF0000000000000000000000000000000000000000000000000000000000000000
40000000000000000000000000000004000000C0000006000000600000060000006000001F01E0007FFE00061E00007180000330000032000003600000340000034000003C000003C000003C000001800000080000000000000000000000000000000
50000000000000000000000003800000FC00003C400007000000E000000C000000C000000C000000400000060000003FC00000FC00000040000004000000C000000C000000C000000C0000FFC00007F80000000000000000000000000000000000000
10000000000000000000000000000000C000000C000000C000000C000000C000000C000000C000000E0000006000000600000060000006000000600000060000006000000600000060000006000000600000040000000000000000000000000000000
700000000000000000000000000000006000000E000000E000000E000010E1E00FFFFC007FF800001E000001E000001E000001C000003C000003C000001C000001C00000381F00038F80003F800001C00000000000000000000000000000000000000
500000000000000000000000000000000F800007F80000FFC0001E080003C180007010000F000000E000000E000000C000000C0000007F800007FC00000FC000001C0000038000007000007E00003FC00003F00000000000000000000000000000000
80000000000000000000000006000000F8000019C00001860000103000010300001020000182000018C000009800000F000001E000007E00000E3000070300004010000001000008700001FE00000FC00000000000000000000000000000000000000
000000000000000000000000000000007800000FC00001FE000038600003070000703000060300006030000E030000E070000E06000060E000070E000071C000071C00007B800003F000003F000003C00000380000000000000000000000000000000
800000000000000000000001F800003FE00001CF80001E3E0000F0F000078380003C180000F1800007B000003F000001F000007F0003FF38003F81C003800C003800C003801C007C0F8000F3E00007F00000000000000000000000000000000000000
80000000000000000000000000000000000000004000001F80000338000037800003F000003C00000F800007CC0000F0C0007C0C000C00C0030038000007000009E00000FC00000000000000000000000000000000000000000000000000000000000
1000000000000000000000001C000001C000001E000001E000001F000000F000001F000000F000000F000001F000001F000001F000001F000001F000001F000001F000001F000001E000001E000000C00000000000000000000000000000000000000
5000000000000000000E00000380000030000006000000E000000C000001C00000180000018000001C000001C000000F8000003F8000007800000F000003C000003000000600003FC0001F80000000000000000000000000000000000000000000000
0000000000000000000000003E000007F00000FF00000E380001E380001C1C000181C000300E000300E000300E00018060001806000180600008060000C0E000063E00007BF00003FE00001FC00000F00000000000000000000000000000000000000
300000000000000000000000000000003F80000F000001E000001800000380000030000003000000300000038000001C000000E00000070000006000000C000001800000180000018800001F800000F00000000000000000000000000000000000000
000000000000000000000000000000000000000FC00007FE0001FFF0003FFF0003F0F0003C0700070078007007000700F000701F000701F000381F000381E0003C1E0000E1C0000FFC0000FFC00003F800000F0000006000000000000000000000000
300000000000000000000000FF00003FFC00030030002001000200000020000002000000300000018000000F8000001FF000000F800000F000001C000007000000E000001C0000030000003FFE0003FF0000000000000000000000000000000000000
100000000000000000000000000000000C000001E000001C00000380000038000007000000700000070000007000000E000001E000001C000003800000300000020000006000000C000000C000001C000001800000000000000000000000000000000
4000000000000000000000004000000600000060000007000000700000070000007000001FF00003FFFC000303C00030380003070000306000030C000011800003380000330000016000001C000000800000000000000000000000000000000000000
00000000000000000000000003C00000FF0000183800030180004018000C0180018018003003800200300020070002007000600E000400E000601C000603800061F000031E000038C00001FC000007C00000000000000000000000000000000000000
300000000000000000000000000000001800001FC0000FFC0001FF80001E000001E000001F000000FFE00003FE00001FE00003FE0000780000070000007000000784000078C00003FC00001FE00000FC000001C000000000000000000000000000000
7000000000006000000E000000E000000C000001C000001800000380000030000006000000E000000C000001C00000380000030000006000000E000000C000003C000007FFE00032FE000000000000000000000000000000000000000000000000000
20000000000000000000000000000003FC0000FFE0000FFE000027E000007C00000F000000E000001C00000380000070000007000000600000060000006000000603000060F000073E00007FE00003FA00001F0000000000000000000000000000000
70000000000000000000000000000000000001C000001C000001C000001C0000018000001800000100040030004007800400FFC04007FFE40000FFE000007F00000070000000000000000000000000000000000000000000000000000000000000000
10000000000000000000000000000001E000000600000070000003000000300000030000001800000300000030000003000000300000070000006000000E000000E000001C00000180000030000007000000600000000000000000000000000000000
80000000000000000000000002000000FC00001E700003818000700C000600C000C01C000C038000C07000071C00003F800001F800001FC00003FC000067C0000C7C00008F00001FC00001F800001E000000000000000000000000000000000000000
0000000000000000000000001F000007380000C0C0001806000180200030030003003000300100030010002001000300100030010003001000300100030010001201000190300008820000C6400006380000000000000000000000000000000000000
7000000000000000000C000001800000380000070000007000000E000000E000000E000001C000001C000001800000380000030000003000000300000038000001C000000F8000007F000000F00000000000000000000000000000000000000000000
000000000000000000000000000000003C00000FE00003C70000F030001C01800380180030018006001800600180060018006001800200380020030003006000100C00018040000C04000060C00003F800000F0000000000000000000000000000000
4000000000000000000000000000000400000060000006000000600000021E00003FF80007E18000700800060080006018000601800060180006018000601000060300004030000402000040000004000000600000000000000000000000000000000
30000000000000000000000000000001F800007FE0000FFF0001FFF0001C000001C000000E100000FF800007FC00003FC00001F800001E000003C00000180000018000001FF80000FF80000FF000007F000001E000000000000000000000000000000
1000000000000000000000000000000010000003800000300000030000003000000300000070000007000000600000060000006000000C000000C000000C000000C000000C000000C0000008000000C00000080000000000000000000000000000000
90000000000000000C000000C000000E00000060000006000000C000000C1F0000C3F0000C7B0000CE30000DC30000D870000F070000F0E0000E1C000043C000007800007F000007E0000038000000000000000000000000000000000000000000000
8000000000000000000000006010000C010000C030001C070001C0E0000C1C0000E3800007E000007C00000FE00003E7E000F80F801C001C01C000C00F0006003E006000FE0E0003F8C00000780000030000000000000000000000000000000000000
70000000001000000380000078000007800000380000030000003000000300000070000006000000700000060000006003000E00F800C01F001C0F0001C3E0001FFC0000FF00000700000000000000000000000000000000000000000000000000000
70000000000180000038000003800000300000070000006000000E000000C000001C00000180000038000003800000300000030000006000000600000060000007FE00007FF0000003000000000000000000000000000000000000000000000000000
1000000000000000000000000000000300000078000007C000007C000007C000003E000003E000003E000003F000001F000001F000001F800000F800000F8000007C000007C000007C000003C000003C0000038000000000000000000000000000000
400000000000000000180000018000001000000300000030000002000000600000060000004000001F80001FFE0000087000018300001830000306000030E000030C00006180000C10000080000000000000000000000000000000000000000000000
9000000000000000038000003800000380000038000003800000300000070000006000000E0C0000EFF0000FFF8001FC3C001E01C001C038000C038000E07000070F00003FC00001FC00000C000000000000000000000000000000000000000000000
9000000000000000008000000C000000C0000018000001800000180000018000001000000306000031F00003BB00003E300003C300003860000306000030C000031C0000318000037000001E000000000000000000000000000000000000000000000
30000000000000000000000000000001E00000FF80000FBC0000E0E0000C020000C000000600000070000003000000180000018000000C000000C000000E000000E000000C00000060000007F000001F000000F000000000000000000000000000000
200000000000000000000003C000003E000003F800003FE00003FF000007F800003F800007F80000FF01000FE03801FC03801F017803F1FF807FFFF007FFFE003FFFC003FFC0001C00000000000000000000000000000000000000000000000000000
100000000000000000000000040000002000000200000030000007000000700000070000007000000600000060000006000000E000000E000000E000000E000001C000001C000001C000001C000001800000000000000000000000000000000000000
700000000002000000200000060000006000000E000000C000000C000001C000001C000001C00001FF80007FF80002F80000030000003000000300000030000003FFC0001FFC00003F000000000000000000000000000000000000000000000000000
900000000300000030000007800000380000038000003800000180000018000001C000001C3F8001FFFE001FF1F001F007001C007801C007001C01E000C03E000FBF80007FE00001F8000000000000000000000000000000000000000000000000000
000000000000000000000000000000000F000001F80000FF80001C0800038080007008000C0080018008003001000200100020030004006000400C000400C0004018000403000040E00007DC00003F800000E00000000000000000000000000000000
2000000000000000000000000000000000000001C000007E00038F70003FC30000FC700007FE00006FC00006300000C000000C000000C000000C000000C000000C000000E000000E04000070E00003FC00001FC000003000000000000000000000000
000000000000000000000000000000000000001FC00007FF8001F87C007801C006000C004000C004000C004000C00C000C006001C006001800600380060030003007000300E000180C0001C180000E000000FC000003C000000000000000000000000
30000000000000000000000000000000F800003FE0000FAF8000E038001C0180018008001800000180000018000001C000000E000000F0C00003FC00001F800001E000003C60000706000070E00007FC00001F0000000000000000000000000000000
3000000000000000000000001F800003FC0000FFE0000F840001E040001C000001C000001C000000E000000F0000007FE00007FE00003FE000007C0000078000007040000F3E0000FFC0000FF00000780000000000000000000000000000000000000
700000000007000000700000070000006000000E000000C000001C000001C000001800000380000038000003800000700000070000007000000700000073E00007FF80007FF80003C0000000000000000000000000000000000000000000000000000
600000000000000000000000000000000000000000000000000000000003FE00007FF8007FFFC00FFFFE01FFE0E01FFC0E00FF01E002001E000003C000007800001F000007C0000070000002000000000000000000000000000000000000000000000
90000000000000003000000380000038000007800000780000078000007800000780000078FFE007FFFF003FF8F803F00380380038030007806001F0070CFE007FFFC003FFE0001FF0000038000000000000000000000000000000000000000000000
200000000000000000000000000000038000003C000003E400001FF800007F80000FF80001FF00003C40000380000070000007000000E000000E000001C040001C0E0001C1C0001C380000FF00000FE000003C0000000000000000000000000000000
30000000000000000000000003E00001FF00003F000007800000F000001E000001C000001800000180000018180001C7C0000FFC00007F800001E000001800000100000018200001FF00000FF000003C0000000000000000000000000000000000000
3000000000000000000000000F800003FF00007FFC000F83C000F020000F000000700000070000003C000001F000001FC00003FC00003E0000078000007800000F000000E000000E1FC0007FFC0003FF8000000000000000000000000000000000000
70018000001C000000C00000180000018000001000000100000030000003000000600000060000004000000C000000C000000C000C018000C01800F80180FE001FFF0001F800000000000000000000000000000000000000000000000000000000000
70000000000000000060000006000000E000000E000000E000000C000001C000001C000001800000380000030000003000000300000030000003000000300000038000001E000000FF000003F00000000000000000000000000000000000000000000
000000000000000000000000000000000000000000000FFF8003FFFC007000E007000600E000700E0007006000700600070070007003000E003800C003803C001C078000FBE00007FC000007800000000000000000000000000000000000000000000
000000000000000000000000000000000000000000000000000000000003FF8000FFFE003FFFE007F03E00FC01E00F807C01F00FC01F03F801F83F000FC7E0007CF800039E000000C0000000000000000000000000000000000000000000000000000
70000000000000000060000006000000600000060000006000000E000000E000000C000001C000001C0000008000001800000180000018000001820000187000010E000013800001F000001C000000000000000000000000000000000000000000000
50000000000000000000000000000007F80001FFE0003C070007003000600300060000006000000600000070000007C000001FFF80007FFC000000C000001C0000038000007000001E00000FC0001FF00000FC0000000000000000000000000000000
20000000000000000000000000000000FC00001FE00001FF0000387800078380007038000FC38000FF78001FFF0001C7E0001C040001C000001C000000E000000E000000F01800078F80003FF00003FE0000070000000000000000000000000000000
900000000000000006000000600000060000007000000700000030000003000000300000037E00003E300007C180007018000701800070180003030000307000030F00001DC00000FC000003000000000000000000000000000000000000000000000
8000000000000000000000001F000007FE0000C0700038018003000C00600060060006006000E003000E001DF1C000FFB8001E9F000300E00020040006004000600C0006C0C0002C180003FF80000FF00000000000000000000000000000000000000
700000000001800000380000010000003800000180000018000001800000300000030000006000000E000000C00000180000038000007000000E7FC001FFFE003F800007C000006000000000000000000000000000000000000000000000000000000
4000000000000000000000004000000600000060000006000000600000060000006000000600000063F80007FF8000601800040180004018000C018000C038000C030000C030000C060000C0600000040000000000000000000000000000000000000
40000000000000000380000018000001800000180000018000001800000180000030000003C000003F8000077E0000606000060600006060000C060000C0C0000C1C00018380001860000180000000000000000000000000000000000000000000000
2000000000000000000000000000000000000007F00007FF801FF01C01F00180000030000006000000C0000038000006000000E000001C0000018000003000000200000060000006000000400000040000007FC00001FC00000000000000000000000
600000000000000000000000000000000000003C000007E00000FF80000F1C0001E1C0001E0E0003C0E0001CEE0001FEF0000FEF00007DE000039E000001C000003C000003C000007800000F800001F000001E000000C000000000000000000000000
6000000000000000000000000000000000000000F000003F80000F180003E180007818001E03800180300030030003006000380E0001FEE0000FFC000001800000380000070000006000000E000001C00000380000010000000000000000000000000
1000000000000000000000000000000006000000E000001E000001C000003C00000380000078000007800000F000000E000001E000001C00000380000078000007000000F000001E000001C0000018000001000000000000000000000000000000000
9000000000000000030000003000000300000030000007000000700000060000006000000E000000C000000CFF0000FFF8001F018001C01800080180008030000C070000E0E00007F800003F000000000000000000000000000000000000000000000
600000000000000000000000000000000000007000001FC00001FE000018E0000187000018780000C3C0000E1C000060E0000606000020600000060000006000000700000060000006000000F000001E000007C000003800000000000000000000000
80000000000000000000000018000003000000210000020800000080000108000008800000B800000F000003E00000F180000C08000000C000040C00000180000238000003000000E000003C000003000000000000000000000000000000000000000
2000000000000000000000000000003FFE0003FFE0003FFE000301E000003C000007800000F000001E000001C00000380000030000007000000E000000C000000C000000C038000F3F0000FFF0000FFC00003C0000000000000000000000000000000
9000000000000000018000003C000003C000003800000780000078000007800000780000078000007D800007FC00007FE00007FE00003DE000079E00007BC00007F800007F800003F000000C000000000000000000000000000000000000000000000
00000000000000000000000000000000FE00003FF00007878000E03C000E01E001C00E003C00C003801C003801E003801C003001C00300180070038007007000300E000303C00030F00001FE00000F800000780000000000000000000000000000000
80000000000000000000000000000007C00001FF00001FF80001E7C0000F3C000073C00007B800003F800001F800000F800000FC00000FE00003CF00007878000F078000E3F0000E7C0000FF80000FF000003E0000000000000000000000000000000
3000000000000000000000003C000007F00000FF00000FF00000E780001E100001E000000E000000E000000E000000F000000700000079F00007FF00001FE00000FC00000F0000007F000007F800001F0000000000000000000000000000000000000
1000000000000000000000000600000060000006000000E000000E000000C000000C000000C000000C000001C000001C000001C000001C000001C000000C000000C000000C000000C000000C000000400000000000000000000000000000000000000
100000000000000000000000000000002000000700000070000003000000700000060000006000000600000060000006000000C000000C000000C00000080000008000001800000180000018000003000000100000000000000000000000000000000
600000000000000000000000000000000000000F000003FC00007FE0000E060001C03000381B8003FFB8001FF38000FE380002030000007000000E000000E000001C000003C000007800003F00000FE00000F80000070000000000000000000000000
3000000000000000000000000000000003000003FF0000FFC0001F800003E000003C0000038000003000000300000038000001FC00000FC00001FC00003E000007800000E000000E00000078000007C000003C0000000000000000000000000000000
50000000000000000000000001E000007E00001E000003C000007000000E000000E000000C000000E000000700000078000003E000000FC000001F80000078000003800003F00001FC0001FC00000E000000000000000000000000000000000000000
10000000000000000000000004000000E000000E000000E000000F000000E000000E000000E000000E000000F000001E000001E000001E000001E000001C000001C000001C000001C000001C000001800000000000000000000000000000000000000
100000000000000000000000000000004000000600000060000006000000E000000E000000E00000060000006000000600000060000006000000600000060000006000000600000060000007000000700000020000000000000000000000000000000
1000000000000000000000000200000070000007000000700000070000007000000600000060000006000000E000000C000000C000000C00000180000018000001C000001C00000180000038000001000000000000000000000000000000000000000
300000000000000000000000000000001F00001FF00003E08000300000020000006000000600000060000003000000380000018000000FC000003C000006000000C000000C000000C000000F800000780000038000000000000000000000000000000
10000000000000000000000000000000000000003800000F800001F000003E000003C0000038000007800000F000000E000001E000003C000003C00000380000078000007000000700000070000007000000700000030000000000000000000000000
2000000000000000000000001F000007F80001F1C000380C000000C0000018000001800000380000030000007000000E000001C0000018000003000000700000060000006004000703C0007FF00003F80000000000000000000000000000000000000
3000000000000000000000000000000FF80001FFE0003E1F8007003C007001C007000800380080038000001C000001E000000FE000003F00000070000007000000E000001C000001C020001FFE0000FFE00007FC00000000000000000000000000000
0000000000000000000000003800000FF00007FF800078F8000703E000601E0006007000700780070078007807800780780038078003C1F8001C7F8001FFF0001FFF0000FFE00007FC00001F800000E00000000000000000000000000000000000000
200000000000000000000000000000001F00001FF8000FE1C003E038003007000000E000001C000007000000E000001C00000380000030000006000000C00000180C000181C000303800030E00003FC00001F00000000000000000000000000000000
0000000000000000000000000000000000000003C000007F00001FF00003FF80007E38000F038000E038001E038001C038001C030001C030001C030000E030000E060000700000078000003F000001F800001F8000006000000000000000000000000
1000000000000000000000000600000070000007000000700000070000006000000E000000E000000E000000E000000E000000C000001C000001C000001C000001C000001C000003E000001C000000800000000000000000000000000000000000000
30000000000000000000000001F80001FF80003E000007800000E000000E000000E000000E000000F8000007F000001F800001F000007E00000F800000E004000C00C000E004000FE3C0001FFC00000FC000000000000000000000000000000000000
5000000000000000000000000F8000038C0000600000040000004000000400000040000006000000300000018000000C00000070000001800000040000002000002200000F600007DC0001E0000030000000000000000000000000000000000000000
5000000000000000000000001F000007F80000FFE0001E0E000380700038030007001000700100060038007003800380F8003FFF8001FFF80000038000003800007F80003FF8007FFF0007F000003C000000000000000000000000000000000000000
7000000000007000000F000001E000001E000001C000001800000380000070000006000000E000001C00000180000038000007000000E000001C000001C1F8001C7F0003FF80003E00000000000000000000000000000000000000000000000000000
400000000000000000000000004000000400000080000018000001000000200000040000004000000DC00001FF000030100006018000C0100008030001006000301C0002018000C000000800000000000000000000000000000000000000000000000
8000000000000000002000000F000003F0000033000006300000660000066000006C000003C00000380000038000003C000006C000006600000C300000C1C0000C0E00007FF00007FF00001F800000000000000000000000000000000000000000000
9000000000180000018000001800000180000018000001800000180000018000001800000180000010000001F000003F800003CC000038C000030C000030C000031C00003F800000F0000000000000000000000000000000000000000000000000000
600000000000000000000000000000000000000E000003F000007F000007F80000F380000E380000C3C0000C3C000063E00007FE00001FC00000FC000007800000F000000F000001E000001E000003800000380000030000000000000000000000000
9000000000000000030000007000000F800000F800000780000078000007F80000FFE0000FFF0001FFF8001F878001F038001F038001F078001F078001F9F0000FFE00007FE00003FC000003000000000000000000000000000000000000000000000
6000000000000000000000000000000000000000000007F00003FF8000703C000E00E000C01F001C01F001C03F801C077800E3E3800FF838007C038000003800000780000070000007000000E000000E000001C00000F800000E00000000000000000
800000000000000000000000380000064000004200000820000082000008200000C20000074000001E000000F00000098000010C0000104000020200002020000004000044C0000458000077000000200000000000000000000000000000000000000
3000000000000000000000007F80000FFF00018000001000000100000018000000C000000F0000003F800003F800007800000C00000080000008000000C0000004000000600000038058001FFF80007FC000000000000000000000000000000000000
6000000000000000000000000000000000000000000000000001F000003FF00003FFC0003FFC0003FFE0003FFE0001FCF0000FC700007C700001C30000003000000300000078000007000000700000070000003000000300000030000003000000000
6000000000000000000000000000000000000000000001F80000FFC0001E1E000383E000387E0001FFF0001FE70000F8700000070000006000000E000000C000001C000003C0000078000007000001E000001C0000018000001800000000000000000
80000000000000000000000000000000FF00000FFC0001E3E0001C3E0000E7C0000FF80000FE00003F800007F00003FF80007E3C000F81E000F80F001E007801E003C00E000E007F800007F800001F000000000000000000000000000000000000000
500000000000000000000000038000007C00001C40000180000030000002000000600000040000004000000400000077800001C80000008000000800000080000008000001800000180000FF000007E00000000000000000000000000000000000000
10000000000000000000000018000001C000003C000001C000001E000001E000001E000000E000000E000000E000000E000000E000000E000000E00000070000007000000700000078000003800000180000000000000000000000000000000000000
40000000000000000000000010000001000000100000010000001000000300000030000003000000300000030700003F9C000200800020080002008000201800060100006000000400000040000004000000000000000000000000000000000000000
2000000000000000000000000000000000001E00000038000001E060000F1F80007FF80003FF80001FF00003F80000300000070000006000000400000040020006006000700C00038380001FF00000FC0000000000000000000000000000000000000
400000000000000000000000080000018000001C000001C000001C0000018000001800000180000018000003FF00003FF0000723000060300006060000606000060E0000C0C0000C180000C1000008000000000000000000000000000000000000000
4000000000000000003000000300000030000007000000700000060000006000000E380000EF80000FF80000FF0001FFE0001FDC0001FF800003F000003F000003C000007C00000780000030000000000000000000000000000000000000000000000
50000000000000000000000000000001E000003F00000FFC0001E0C000180400038000001C000000E0000007C000001F0000007C000001E0000006000000300000030000007000001E00007FC0000FE00000E00000000000000000000000000000000
1000000000000000000000000600000060000006000000600000060000006000000E000000E000000E000000E000000E000000C000000C000000C000000C000000C000000C000001C000001C000000800000000000000000000000000000000000000
1000000000000000000000000000000000000004000000C000000C00000080C000083000008E000009C00000B8000017000001E000003C00000300000070000006000000C000001800000180000010000000000000000000000000000000000000000
90000000001000000380000038000003000000300000030000007000000700000060000006000000618000067E00007FE00007C60000786000038E000039E00003FC00003F000001C0000000000000000000000000000000000000000000000000000
00000000000000000000000003E000007F00001FF80007F78001E03C003C03C007001C00E001C01C001C018001C018003C018003C01804780180CF80181FF001C7FE001DFFC000FFF000078F000000600000000000000000000000000000000000000
200000000000000000000000000000007E00001FF80003FF8000FFF8000FFF80007FF00000FE00001FC00003F800003F000003F000003F000007E00000FC00000FC00000FF00000FF800007FC00003FC00000C0000000000000000000000000000000
400000000000000000000000100000038000003800000380000038000003800000380000030100003FF80003FF80003FF000038700007860000706000060E0000E0E0000E060000C000001C000000C000000000000000000000000000000000000000
900000000020000007000000700000030000003000000300000030000003000000706000031F800037F80007F8C0007F0C0007C0C0007818000F03800070F000073E00003FC00001E0000000000000000000000000000000000000000000000000000
5000000000000000000000001C000003E000006300000C100000800000180000010000001000000101E000107F00019E20000F0200000020000006000000C000000C000000C000001800003F80001FF80000000000000000000000000000000000000
70000000003000000F000000F000000F00000070000003000000300000070000006000000E000000E000000C000000C000000C000000C000000C000000C00E000F1FF0007FFF0007F8300000000000000000000000000000000000000000000000000
10000000000000000000000002000000600000070000007000000700000060000006000000E000000E000000E000000E000000E000001C000001C000001C000001C000001C00000180000018000001800000000000000000000000000000000000000
800000000000000000C000000E000000B00000098000008800000CC00000C40000044000004C000006800000780000030000007000001F0000031000006100003C10000183000018600000FC000000000000000000000000000000000000000000000
80000000000000000000000000000000C000003F000007380000C180000C180000C1800008180001C300000E3000007FE00003F000000E000000C000000C020001806000180C000183800018F00000FC0000070000000000000000000000000000000
50000000000000000000000006000000F000001C00000380000030000003000000300000018000001C000000FC000007C000001C000000C000000C0000018000001800000F800007F000007C00000E000000000000000000000000000000000000000
6000000000000000000000000000000000000003800018FC0000FCE0000F0E0000E070001E070003E070003E070006E070006C07000DC07000F807000780E000700E000000E000000E000000600000060000006000000600000000000000000000000
900000000000000000C000000E000000E000000E000000E000000E000001C000001C000001C00000380000038000003BC00007FE00007E600007860000706000060E000071C00001F800000F000000000000000000000000000000000000000000000
800000000000000003C00000FE0000187000030380003018000381C000381C0001C0C0000E0C0000F0C00007F800001FC000007FC0000C7E000F80F001F007001E007001FC1E0007FFC0000FF00000000000000000000000000000000000000000000
700000000080000018000001C000001C000001C000001C000001E000001E000001E000000E000000E000000F002000F00E000F01E000781E000783C0003FF80001FF80000FF0000030000000000000000000000000000000000000000000000000000
100000000000000000000000060000006000000F0000007800000F80000078000007800000F800000F000000F000000F000000E000000E000000E000001E000003E000003C000003C0000038000001800000000000000000000000000000000000000
100000000000000000000000000000001E000000E000000E000000C000001C000003C000003800000380000030000007000000E000001E000003C000007000000F000001C000003800000780000060000000000000000000000000000000000000000
6000000000000000000000000000000000000007800000FC00001CE000038E000030E00003FC00003FC0000118000003800000300000070000006000000C000001C0000038000007000000E000001C000003800000300000000000000000000000000
700000000004000000C000001C0000018000001800000300000030000003000000300000030000003000000301800030180003038000303800060300007FF0000FFF0000F020000800000000000000000000000000000000000000000000000000000
600000000000000000000000000000000000000E000001F0000031800002080000318000039800001F8000007C000003C00000100000030000003000000300000060000006000000C000000C000003800000380000010000000000000000000000000
30000000000000000000000000000003F00001FFC0003FFF80070078003000000300000018000000C00000070000001C000000F00000038000003C000007800000F800001E000001C000001E040000FFC00001E000000000000000000000000000000
2000000000000000000000000000000000000F00C001FC3E0003E7F0000FE700007CE00003FC00003F800003700000700000070000007000000700000070000007000000380000038000001E0C0001FF800007F800001F00000000000000000000000
2000000000000000000000000000006000000600000070FF0003FFF0001F870001FFF0001FFE0001CF80001C000001800000180000018000001C000001C000000C002000600F000701E0003C7C0001FF000007C000000000000000000000000000000
0000000000000000000000000C00000FF00001FFF0007F7F800F007C00E003C00C000E00C000E00C000F00C000700C000700E000700F000E00F001E007003E00703FC007DFF8003FFF0000FFC00007C00000000000000000000000000000000000000
80000000000000000000000000000003F00000FF80001FFC0001F1C0001E3C0001C3C0001E7C0000E78000077000007E000001F000003FC00007BE0000F8F0000F03C000E03C000707C0007FF80003FC0000180000000000000000000000000000000
9000000000000000004000000E000000E000000C000001C000001C000001C000001C000003C0000038000003E000003F800003F8000001C000001C0000C1C0000E1C000073800003F800003E000000000000000000000000000000000000000000000
200000000000000000000000000000000000018000007C100007CFFE007FFFF007FFFF807FFFF807FFFF807FFFF007800000780000078000007C000003E000001E000000FC000007E000003F800000FE000007E000001E00000000000000000000000
5000000000000000000000007F00001FFC0003C0F000780380070018006000000600000060000006000000723E0003FFF0001FFF8000403800000180000018000000C000083C000FFF8001FFF0000C200000000000000000000000000000000000000
100000000000000000000000000000003000000700000070000007000000600000060000006000000E000000E000000E000000E000001E000001C000001C0000018000001800000180000018000001000000100000000000000000000000000000000
00000000000000000000000000000003FC00007FE0001C07000380180020018004000C008000C018000C018000C038000C038001C018001801C001800E0010003F030000006000000E000009C00001F800000F0000000000000000000000000000000
80000000000000000000000038000007C000006E00000C600000C600001C600000C600000E6000007E000001E000000F800000DE00000C7000018300001810000101000010000001C400001FF000007F0000000000000000000000000000000000000
10000000000000000000000000000000030000007800000F800001F800003F800007F00001FE00003FC00007FC00009F800013F000007E00000FC00000F800003F000003F000003E000007C0000038000003000000000000000000000000000000000
900000000000000000000000100000018000000C000000C000000C000000800000180000018000003F000007F000006180000C18000080C000000C000000C0000004000000C0000008000003800000300000000000000000000000000000000000000
5000000000000000000000001C000003F0000071800006180000E100000C200000C000000C000000C000000C04000060E000063C00003FC0000008000001800000180000018000001800007F80000FF00000000000000000000000000000000000000
7000000000000000000000000000000000000010000007800000F80000018000001800007F80000FFE00007FF000001F00000180000018000001BEC0001FFF0000F7E0000000000000000000000000000000000000000000000000000000000000000
90000000000C000000C000000C000000C000001C000001800000180000018000001800000180000018000001F800001EC00001C40000384000030C000030C000031C00003F000003E0000000000000000000000000000000000000000000000000000
6000000000000000000000000000000000000000000001E000003F00000FF80001E7C0001C7C000387C00039FC0003FFC0000FDC000079C0000038000003800000380000070000007000000E000001E000001C000001C000000800000000000000000
900000000000000000E000001E000003E000002C000000C000000C000001C0000018000003800000300000033E00007F7000078300006070000407000020E000041C000043800007E000007C000000000000000000000000000000000000000000000
00000000000000000000000003C00000FE0000383000070100006010000C010001C0100018030001003000100700030060003006000300C000100C0001818000183800018780000DF800007F800001C00000000000000000000000000000000000000
60000000000000000000000000000000000000008000003C000007400000C600001E600003E60000224000026C000064C00007C80000798000039000000300000060000006000000C0000008000001800000300000020000000000000000000000000
100000000000000000000000018000003800000780000078000007800000F000000F000001F000001F000001F000001F000003E000003E000003C000003C000003C000003E000003F000001F000000C00000000000000000000000000000000000000
500000000000000000000000000000007800001FC00003000000600000060000006000000E000000C000000E0E00007FE00003E600000030000003000000300000060000006000001C00001F800003C00000300000000000000000000000000000000
500000000000000000000000000000006000001F800001DC00001CE00001C600000FE000003E000000700000070000007000000E000000E000000C000000C000000000F01E0003FFF00003FC000000000000000000000000000000000000000000000
80000000000000000000000001C000003E00000760000066000006600000E60000066000006E000007C0000078000007800000F000001E000007E00007E60000F86000178600001CE00000FC000003C00000000000000000000000000000000000000
300000000000000000000000000000007800000FC00001CC000038600003060000606000060600006040000700000038000001C000001C000000E000000E000001800000380000018000001E000000FE000007C000000000000000000000000000000
8000000000000000000000000E000001F000003B80000318000030C000018C00001CC00000FC00000FC0000078000007800000FC00003EE0001F860007E06000F803000208700001CE00000F800000F00000000000000000000000000000000000000
20000000000000000000000000000007FC0000FFF000083E000003E000007C00000F800001F000003E000003C000003800000780000070000007000000F000000F0000007000000381C0001FFC0000FF800003E000000000000000000000000000000
6000000000000000000000000000000000000007800003FC00003FC00003DC000079C00003DC00003FC00001FC000003C00000380000078000007800000F000000F000001E000003C000007800001F800001F00000060000000000000000000000000
5000000000000000000000003C000007E00000FE00001E000001C000000C000000C1C0000E7C00007FE00003FE000000E00000060000006000000700000070000007000000F8001FFF0000FFF00003F80000000000000000000000000000000000000
000000000000000000000000000000003C000007E00000FF00001E380003C38000383800078380007038000E038000E030000E060001E060001C0E0001C0C0000C180000C380000C7000007E000007E00000380000000000000000000000000000000
70000000000200000070000006000000E000000E000000C000000C000001C000001C000001C00000180000038000003800000700000070000006000000E000000E7FC000FFFC0007C0000000000000000000000000000000000000000000000000000
40000000000000000180000018000000800000080000008000001800000180000018000001800000FFFC000183C0001038000107000010C0000318000037000003C000003800000300000030000000000000000000000000000000000000000000000
6000000000000000000000000000000000000000000000FC00007FF0001FFF8003E3BC007879C00E0F0C00E0E1C00C3C1C00E781800FF038007C030001007000000E000000E000001C000001C00000380000038000003000000300000000000000000
1000000000000000000000000000000020000003000000700000070000007000000700000070000007000000600000060000006000000C000000C000001C0000018000001800000380000030000003000000300000000000000000000000000000000
30000000000000000000000000000003FE8001FFFF803F00000700000060000006000000700000030000001C000000F8000007F000000F800001F000003C000003000000300080038030001FCE00007FE000002000000000000000000000000000000
400000000000000000000000000001E00000038000000C000000600000060000002000000200000020000007FC0000FFF000060380006018000601C000E00C000C00C000001800000180000010000007000000E000000000000000000000000000000
700000000006000000E000000E000000C000000C000000C000001C000001C000003C000003800000380000030000007000000700000070000006010000C07C000DFFC0007F80000380000000000000000000000000000000000000000000000000000
30000000000000000000000000C00000FC00007F80003F000007C0000060000006000000600000070000007FFF8001FFFC0007C7800000F000001C00000F000001E000001C400001EF00000FF000007C0000000000000000000000000000000000000
2000000000000000000000000000000000000000600003FE00007FE00007FC0000078000007000000E000001C000001C00000380000038000003800000300000070000003000000300000038000003F800001FC000003800000000000000000000000
3000000000000000003F00000E0000038000007000000E000000C000000C000000C000000C00000070000001FC000000F800001E000003800000E00000380000070000006000000EF700007FF00000000000000000000000000000000000000000000
40000000000000000080000008000001800000180000018000001800000180000019C00003FE00003FE00003EE000038E000038E000038E00003860000706000070000007000000700000060000000000000000000000000000000000000000000000
20000000000000000000000000000000000000000000000000000000000007C003FFFF00FFFFB0003F830007FC200079FC000F07C000E038000E000000C000000C000000C000000C000000C000000400000062000001E000000800000000000000000
500000000000000000000000000000007800003FF0000F800001E000001C00000180000018000001C000000E00000073800000F80000018000001800000180000018000001800000180000018000003800007F0000000000000000000000000000000
200000000000000000000000000000000000000000000000000000F8003FFF801FFFF803FFFE00000E000001C000003C000003800000700000070000007000000300000038000001E0C0000FFC00007F8000000000000000000000000000000000000
700000000000000000300000030000003000000200000060000006000000C000000C400008C60001FFE0000FE0000018000003000000300000030000003000000300E00060FE0007FE00003E000000000000000000000000000000000000000000000
10000000000000000000000000000000C000000E000000E000000E000000E000000E000000E000000E000000E000000E000000E000000E000000E000000E000000E000000E00000060000007000000300000010000000000000000000000000000000
7000100000010000003000000300000070000006000000E000000C000000C000001C00000180000018000003000000300000070000006000000C000000FFF0000FFF0000FFE0000000000000000000000000000000000000000000000000000000000
200000000000000000000000000000007000001FC00027FC000FFFE0003F8E0001F1E0000FFC0000FFC0000FF00000C000000E000000E0000007000000700000038040001E1C0000FFC00007F800007F800001E000000000000000000000000000000
600000000000000000000000000000000000003E000007F000007F80000F3C0000E1C0000E1C00007FC00007FC00003FC0000018000001800000380000078000007000000F000001E000003E000007C00000780000030000000000000000000000000
400000000000000000000000000000000000008000000C000000C000001C600001FFE0001C060000806000080600008060001806000180600018060001806000100600000060000006000000600000060000006000000400000000000000000000000
10000000000000000000000018000001C000001C000000E000000E000000E0000006000000700000070000007000000700000070000007000000700000070000007000000F00000070000007000000600000000000000000000000000000000000000
50000000000000000000000001C000001E000001F000001F000001C000000E000000E000000F000000700000070000007800001F800001F800000780000000001F00007FF00007FE00000700000000000000000000000000000000000000000000000
70000000000000000000800000100000020000006000000C000001800000302000061E0007FFC000FF800007000000E00000180000030008006003800C03E0008FE0001FE000018000000000000000000000000000000000000000000000000000000
80000000000000000000000000000000F00000188000030C0000308000019800000B0000006000000E000000100000108000020C00004040000406000080200008020001804000180C000183800008E00000580000000000000000000000000000000
600000000000000000000000000000000000001F000003F8000031800003180000218000023800003F800003F80000138000003800000300000070000006000000C000001C00000380000078000007000001E00000180000000000000000000000000
00000000000000000000000000000000000000000000007F00003FFC000FFFE001F00E003C00700380070070007007000F006000E00E001C00F003800FC078007E1E0007F7C0000FF800001E000000000000000000000000000000000000000000000
100000000000000000000000000000001E000003E000007E000007E00000FC0000078000007800000F000000F000000F000000E000001E000003E000003C0000038000007800000780000070000007000000200000000000000000000000000000000
80000000000000000000000000E000007F00000C1000010100001010000181000008200000C6000004C0000078000007000003F00000E08000180800030040002006000200600030040001E1800007F00000000000000000000000000000000000000
20000000000000000000000000000000000000000000003C00000FE00003FE000FFFC001FFFC001FFF80001F000000C000000C000000E000000E002000E006000701E0007FFC0003FF80001FE00000100000000000000000000000000000000000000
5000000000000000000000007000000C000000C00000180000008000000E00000070000001C00000078000000F0000003C000000E00000EE00007F80007E4001FF0000000000000000000000000000000000000000000000000000000000000000000
700000000000000000020000007000001F000003F000007E00000FC00000F800001E000003C0000078000007000000F000000E000000E070000C0F0000CFF0000FFE0000FF80000F80000060000000000000000000000000000000000000000000000
7000200000060000006000000E000000C000000C00000180000018000003000000300000030000006000000600000060000006000000C000000C002000FFFE0007FFC0007F80000000000000000000000000000000000000000000000000000000000
60000000000000000000000000000000000000000000006000001F800001F800003FC00006EC00006CC0000FCC0000F8C0000F180000E18000001800000300000030000003000000200000060000004000000C000000C000000800000000000000000
9000000000000000000000000300000078000007C00000EC00000CE0000080000018000001800000100000010000001000000138000016C00003CC000038C000030C0000318000023800007F000003C00000000000000000000000000000000000000
30000000000000000000000003F00000FE00001F800003E000007C00000F800000F0000006000000200000038000001C000000E0000007800001F800001F800003E000003C000001FC00001F800000F80000000000000000000000000000000000000
500000000000000000000000F000000FC00001C300001C000001800000180000008000000C030000E038000603800030780001FF80000FD8000001800000180000038000007000180E0000FBC00003F00000000000000000000000000000000000000
80000000000000000000000000000000000003F000003FF00003FFE0001C0F0000E070000E0F000031E00003FC00003F800003F000007E000007F0000063800004380000618000061800007B800007F800003F0000008000000000000000000000000
40000000000000000300000030000003000000300000030000003000000700E000703E00770FE003FFDC0007C38000707800060F000060E000061C00006380000E700000EE000007C0000038000000000000000000000000000000000000000000000
200000000000000000000000000000000000000000000003C00000FE00001FE00103FE00FFFFC0007FF80003FE00003FC0000780000070000007000000E000000E000000C000000C000000E0000006C000007C000003C000001000000000000000000
400000000000000000000000300000078000007800000780000078000007800000F000000F000000F8FE000FFFE001FFFE000F81C000F038000E038000E030000E030000E0600004060000C0600008040000000000000000000000000000000000000
000000000000000000000000000000003C00000FC00001E600003060000603000060300006030000C070000C060000C060000C06000060C000061C0000618000063800007F000007C0000060000002000000200000000000000000000000000000000
8000000000000000000000007C000007F00000618000070C000030C000018C00000C800000780000070000007800000F8000018C000030C000060C000080C000000C000200C00038380001FF000007E00000000000000000000000000000000000000
800000000000000000000000000000007C00000EE0000183000018100000C100000C100000630000066000003C00000780000FF00000710000041000008100000810000081000008100000C30000066000003C0000000000000000000000000000000
30000000000000000000000007C00001FF00003E780007818000F00C000E00C000C000000C000000F000000FF800003F800000F800000F000003C000007800000F07C001F7FC003FFF8003FE00001E000000000000000000000000000000000000000
4000000000000000000000000000000200000020000002000000600000060000006000000600000040F000047900007C10000E030000C020000C060000C040000C0C00000080000018000001800000000000000000000000000000000000000000000
9000000000000000018000001800000180000018000001800000180000018000001800000108000017C00003FE00003C60000786000070600007060000706000030C000011C00001F800000F000000000000000000000000000000000000000000000
200000000000000000000000000000000000000000003F8400000FE0000062000018000001000000100000030000002000000200000020000002000000200000030000001000000180000008000000400000030000000E0000001C000000000000000
7000000000000000001C000003C0000038000007000000F000001E000003C0000038000007800000F000000E000000E000001C000003C000003DE7E007FFFF807FFFF8078000800000000000000000000000000000000000000000000000000000000
50000000000000000000000003800000FC00003FC00007E60000F8200006000000C000000C000000400000060000001FF000017F800001F800000F000001F000001C0001518000FFF0000FBF000000100000000000000000000000000000000000000
8000000000000000000000000E000001E000001F000001B000001B000000F000000F000000700000078000007C00000EE00000C700000C700001CE00001DC00003F800007F000007E0000078000006000000000000000000000000000000000000000
6000000000000000000000000000000000000003C00000FE00003B200006130000C33000083300018230001062000106600010C60001184000118C0001E180000C18000003000000300000060000004000000C0000008000000000000000000000000
50000000000000000000000000F00000FFC0003F000007C00000F000001C00000180000018000001C000001C0F0000FFF00007F700001C3000000300000030003E030003FC30000FFB000007F00000070000000000000000000000000000000000000
600000000000000000000000000000000000003E00000FF80000FFE0001E7E0001C7E0001FFF0001FFF0000FFF000030F000000F000001E000003E000007C00000F800001F000003E000007C00003F000007E00000700000000000000000000000000
00000000000000000000000001000001FF00003FF80007FFC000F03C001E01E003C01E003801E003001C003003C0030038007007800700F00071FE00071FE00038FC0003FF80003FF00001FE00000F800000000000000000000000000000000000000
80000000000000000000000000000000FC00007FE0000F860001E0300038030003803000300200038060001C0E0000FFC00003FC000003E00000FE00003C200007060000C0E0000C7E0000FFC000071C0000018000000000000000000000000000000
600000000000000000000000000000000000001E000007F000007F80000F3C0000E3E0000C7E0001DFE0000FEE0000FCE000070E000000E000001E000001C000003C0000038000007800000F000001E000001C0000018000000000000000000000000
7000000000030000003000000700000070000006000000E000000C000000C000000C0000018000001800000300000030010006003000E007001C07E00183F0003FF80003F800003800000000000000000000000000000000000000000000000000000
30000000000000000000000001C000007E00000FE00003F600007E00000FC00000F800000F000000F000000E000000F00000078000003E000001F0000007800001F800001F000003E000003FF00001FE0000000000000000000000000000000000000
6000000000000000000000000000000000000000000001E000007F80000E1C000183C000303E000601E000401A0004032000407200060E30003F830003F03000000300000030000003000000200000020000002000000200000020000000000000000
40000000000000000000000008000001800000180000038000003800000300000070000007000000600000061FC00067FE0007F06000FE0C000F00C000C00C001800C001800C001800C00180000010000000000000000000000000000000000000000
90000000000000000200000030000003000000300000030000002000000600000063C000067E00007C30000703000060300004030000C030000C030000C060000B06000010C00001B800000F000000000000000000000000000000000000000000000
4000000000000000000000000200000060000006000000C000000C000001800000380000038000003E0000067F800061F80006018000C030000C030000C060000C06000080E000180C000180C000000C0000000000000000000000000000000000000
6000000000000000000000000000000E00000078000001C000000C000001F000003FC000044C00004C60000CC60000D860000F860000F04000070C000000C00000180000030000006000000C000003C00000380000000000000000000000000000000
6000000000000000000000000000000016000003F00001FB000079B0000E0B000080B000081E00018760001FE60000F8C000001800000300000060000004000001C000007F00001FC00007F00000F000000C000000000000000000000000000000000
30000000000000000000000000000001FC00007FE0000FFF0001F0F0001E1E0001E1E0000F000000F8000007F000003F800000F800001E000003C000007800000F000000F030000E0F8000FFF00007FE00001E0000000000000000000000000000000
2000000000000000000000000000000000000003C00018FF0003FFF8003FC1C000FFDC001DFF800383F000700000070000006000000C001C00C003C00E007C00780F8003E1F0001FFE00003F800000F000000E0000006000000000000000000000000
400000000000000000000000040000008000000800000080000008000000800000080000008000000BF80003F38007B81000010300001060000104000010C000020800002180000618000040000004000000000000000000000000000000000000000
1000000000000000000000000800000180000018000001C000001C000000C000000E000000E000000E000000E000000E000000E000000E000000E000000E000000E000000E00000060000006000000600000000000000000000000000000000000000
00000000000000000000000000000000000000000000004000003FC00007FF0001FFFE003F03E007C01F007800F00F000F00F001E00F001E00F007C007007800780F0003E7F0001FFE0000FE000000000000000000000000000000000000000000000
10000000000000000000000030000001800000180000018000000C000000C000000CC00000C800000D800000F000000F000000E000000E000000C000000C000000C000000C000000C000000C000000C00000000000000000000000000000000000000
4000000000000000000000002000000600000060000006000000700000030400003FE00007FE00007FE000079E000039C000039C00003B800003F000003F000001E000001E000001E000000C000000800000000000000000000000000000000000000
6000000000000000000000000000000000000000000001F800003FC00007C600007860000F860000F060001E060001C0C000181C00000180000018000003800000700000060000006000000C000000C00000180000070000006000000000000000000
200000000000000000000000000000000C000003E000007E00000E60007FFE0007FFC0001FF80000600000060000004000000C000000C000000C000000C000000E000000600000070000003F1C0000FFC00000F000000000000000000000000000000
90000000000000000018000003800000380000038000003800000700000070000007000000E000000E000001F800007FC00006FC0000C8C000080C0000C0C0000F1C00007F800007F000003C000000000000000000000000000000000000000000000
100000000000000000000000001000000380000078000007000000F000001E000001C000003C000007800000F800001E000003C000007800000F800001E000003C000003C00000380000018000000C000000000000000000000000000000000000000
10000000000000000000000004000000400000040000004000000400000040000004000000F000000F000000F000000E000000C000000C000000C000000C000000C000000C000000C000000C000000400000000000000000000000000000000000000
0000000000000000000000000FC00003FF0000F878000E018001C01C003800E007000E0070007007000700700070070006003800E003800C003C01C003801800380380038070003C1E0001FFC00003F00000000000000000000000000000000000000
600000000000000000000000000000000000007800001FE00001FF8000383C000701C000600E000703E0003FFE0001FF600000070000006000000E000000E000001C000001C0000038000087000018E00000FC0000038000000000000000000000000
3000000000000000000000001F000003FE000079F00006038000600800040000006000000200000020000000000000060000007800000F800000E000001E000003C00000384000033E00003FE00001F00000000000000000000000000000000000000
900000000000000003000000300000030000003000000300000030000003000000300000037C00003FE00003DE000070600006060000606000060C000061C00003B800003F800003F000001E000000000000000000000000000000000000000000000
50000000000000000018000007800000F000001E000003C000007800000E000000E000000C000000400000060000003F8000007C00000060000006000000E000001E00001FF00007FF00003F000000000000000000000000000000000000000000000
6000000000000000000000000000000000000000000000C000003E000007320000C1C000081C000003C00013FC0000FC80000708000000C0000008000001800000300000030000002000000C000001800000380000000000004000000000000000000
5000000000000000030000007E00000FF80000E380000C000000C0000004010000603000060300006030000303800018780000FF800007F80000038000803C007F83C007FFE00001FE00000F000000000000000000000000000000000000000000000
6000000000000000000000000000000000000000000001F8000076C0000C060001C0600018220001862000104200010C600019840000F0C00006080000018000001000000300000060000004000000C00000180000030000002000000000000000000
50000000000000000000000001E000007E00000F300001C0000018000003000000300000038000001F800001FC000003C000001C000001800000380000030000007000000E0000006000007E0000FFC00000000000000000000000000000000000000
8000000001F800001040000182000008100000C00000060800002080000308000018800000D80000078000003800000300000038000006C00003C600007830000F1F80003FF80001FC000000000000000000000000000000000000000000000000000
4000000000000000000000010000001800000180000018000001800F001801E00180FE0018FFC001FF0C007F01800780180030030003003000300700030070003006000703E000E03E000E00C000E0000000000000000000000000000000000000000
600000000000000000000000000000000000003F000007FC0000FFC0000FFE0001F0F0001E3F0001E7F0003E7F0003CFF0001FFF0001FFF0000FCF000038F000001F000003E000003E000007C00000FC00001F800000E000000000000000000000000
40000000000000000000000060000007000000700000070000007000000300000030000003800000380000019FC000FFFC000FE0C00038180003018000303800030180007038000703800070100002000000000000000000000000000000000000000
30000000000000000000000007800001FC00003C0000070000007000000E000000E000000E00000060000003FE00001FE000003E000007C00000F000001E00000380000078000007F800003F800001F00000000000000000000000000000000000000
90000000000000000C00000040000006000000600000040000004000000C01E000C07E00181E2001838700307060031C06003380C006701C006C018007807000700E000061C00003FC00001F000000000000000000000000000000000000000000000
10000000000000000000000000000003000000180000018000000C000000C000000C000000400000060000006000000600000060000006000000700000030000003000000300000030000001000000100000018000000000000000000000000000000
300000000000000003E000007C000007000000600000040000004000000600000038000001C000000E000000700000030000006000000E000001C00000180000018000001CF00001FF800003180000000000000000000000000000000000000000000
4000000000000000000000000C000001C000001C0000018000001C000001C00000180000018000001E000001FE000033F00003070000303000070700007070000706000060C0000E000000E000000C000000000000000000000000000000000000000
100000000000000000000000000000018000001C000000C000000C000000C000000C000000C000000C000000C000000600000060000006000000600000030000003000000300000020000003000000300000030000000000000000000000000000000
900000000000000001000000180000018000001800000180000018000003000000300000033800003FC00003FE0000386000030600007060000704000060C000071C00007F800003F000001E000000000000000000000000000000000000000000000
10000000000000000000000000000000E000000E000000E000000E000000E000000E000000E000000E000000E000000E000000E000000E000000E000000F000000F000000700000070000007000000700000060000000000000000000000000000000
7000000000000000000000000018000003C0000038000007800000F000000F000001E00000FFC001FFFE003FF800001E000003C0000078000007000001E000003C000003C000003FE00000FF800000FC0000000000000000000000000000000000000
1000000000000000000000000600000060000006000000E000000E000000E000000E000000E000000E000001E000001E000001E000001E000001E000001E000001C000000C000000C000000C000000C00000000000000000000000000000000000000
100000000000000000000000000000006000000F000000F000000F000000F800001F000003F000003E000003E000001E000003C000003E000003D000001F000001E000000F000000700000038000001E0000002000000000000000000000000000000
9000000000060000006000000600000040000004000000C000000C0000018000001800000180000030E000033E00007FE00007EE000078E000041C000007800003F000007E00000380000000000000000000000000000000000000000000000000000
30000000000000000000000000F800003E80000F0800038000007000000E000001C000001800000100000018000000C0C00007FE000003800000E000003C0000070200004020000406000071C00003F80000000000000000000000000000000000000
5000000000000000001C000007E000007000000E000001800000380000030000003000000300000030000001F0000007F0000007C000001C000001800003B80003F70003FE60007F00000700000000000000000000000000000000000000000000000
4000000000000000000000001000000300000030000003000000300000030000003000000300000033C00002CC000038600002020000602000040200004030000C0300008030000803000180200010000000000000000000000000000000000000000
0000000000000000000000000F000003FC0000F0E0001C0300018018003001800600080060008004000800800040080004008000C00800080080008008000800C01900063F90003FE30001C0E00000380000000000000000000000000000000000000
7000000000300000030000001000000180000018000001800000180000018000001840000186000018600001860000186000018600001860000186000010600003E600003FE0000300000000000000000000000000000000000000000000000000000
300000000000000000000000000000007000001FC00003DC000070C0000E0C0000C080000C180000E00000070000007C000001F800000F80000070000006000000E000000C000000C400000C400000EC00000FC000000000000000000000000000000
60000000000000000000000000000000000000000000007000001FC00007FC00007E60000EE60000DC60000DCE0000F8C000071C000021800000380000038000007000000E000000C0000018000003800000300000060000004000000000000000000
10000000000000000000000008000001C000000C00000040000004000000600000060000006000000600000030000003000000200000060000006000000600000060000006000000E000001C000001800000000000000000000000000000000000000
700000000000600000070000003000000300000070000006000000C000000C000001800000300000030000006000000C0000018000007038000E1F8001CFC0003FC00007E00000F000000000000000000000000000000000000000000000000000000
5000000000000000000000000C000001E000001F000003B0000031000007100000600000060100006030000607000070F000031E00003FE00001FC000001C000001C000001800000780003FF0000FF800000000000000000000000000000000000000
5000000000000000000000003C000007E00000FF00000E300000C000000E000000700000078000001E000000FC000007F000001FC000007C000007800000F000003E00001F80000FE00007FC00007C000000000000000000000000000000000000000
30000000000000000000000001F80000FF80003FF8000FC00001F000003C000003C0000078000003E0F0001FFF00007FF00000FC00001F000003E000003C0C000781E0007AFE0007FFC0003FF00001E00000000000000000000000000000000000000
30000000000000000000000001FC00007A60001C0000030000006000000C00000080000018000000C00000060000003FC00000F8000007000000C0000018000003000000300000038000001FF000007E0000000000000000000000000000000000000
000000000000000000000000000000001E000007F80000FFC0001F0E0001C060003806000700E000E01E000E01C001C03C003C07C00380F800380F000780F0007806000700000070000007E000007C000003C00000000000000000000000000000000
100000000000000000000000000000004000000C000001C000000C000000C000000C000000C000000C000000E000000E000000E000000E000000E000000C000000C000000E000000E000000E000000400000040000000000000000000000000000000
5000000000000000000000000000000003800000FC00007FC0000F840003E000007800000F000000E020000E0F0000FFF0000FFE00007F800000F000001E000003C0000038000007F00003FF0000FE00000C000000000000000000000000000000000
7000C000000C000000C000000C000001C000001C000001C000001C000001C0000038000003800000380000030000007000000700C000701C000FFFC000FFFC0007FF80007E00000000000000000000000000000000000000000000000000000000000
50000000000000000000000000000007800001FC00003FE00003C300007830000700000070000007000000700F000701F000387F0001FF380007838000003800000380000038000003800007F00003FE00001F0000000000000000000000000000000
80000000000000000000000003000000F000001F800001B800001300000330000013000001E000001E000000E000000E000001A000001B0000031000003100000218000063800007F000007F000003C00000000000000000000000000000000000000
600000000000000000000000000000000000001F000007FC0000FCE0001CC700018E300030C300021C100021C100023818000F018003E010003C010000003000000300000070000006000000E00000FC00000F8000007000000000000000000000000
500000000000000000000000000000000000006000000FC00003FF8000383C0003E0C0001F9E00007FFF0001FFF000007E00000FC00001F800003E00000FC000FFF0000FFE00003000000000000000000000000000000000000000000000000000000
10000000000000000000000000000000C000000C000000E000000E000000C000000C000000C000000C000000E000000E000000C000000C000000C000000C000000C000000C000000C000000C000000E00000040000000000000000000000000000000
00000000000000000000000003800000FE00001FF000038700007070000E070001E078001C070003807000380700038070003007000300F000301E000301C000301C000303C00038F80001FF800000F00000000000000000000000000000000000000
40000000000000000000000001C000000600000060000006000000E000001C0000038000003000000E000001F000007F80000F380001C18000783000030300000070000006000000C000001C000000800000000000000000000000000000000000000
20000000000000003FF00007FFC000001E000000F0000007000000E000003E000007800001E000007800000E000001C0000030000007000000600000078000007FC3F001FFFF0003FFE00002C00000000000000000000000000000000000000000000
30000000000000000000000001E00000FFF0003F1F0007800000F000001E000001E000000E000000F00000078000001E000000F8000003C00000FC00003E000007C00001F000001FBC0001FFF00003F60000000000000000000000000000000000000
4000000000000000008000000800000080000008000000800000080000018000001800000180000018000001BE00003FF00007E300003030000607000060600006060000C060000C00000080000000000000000000000000000000000000000000000
600000000000000000000000000000000000003FE0000FFF0001FFF8003FEF8003BC38003FC1C003F808001E01800000180000030000007000000E000001C0000038000007800003F00000FC00007F80000FC00000600000000000000000000000000
