72 50 14 3270 852
74 50 20 2991 1128
74 50 21 2991 1128
75 50 24 1259 2246
75 50 25 1259 2246
76 37 11 68 3133
76 50 22 2991 1128
76 50 24 1259 2246
76 50 25 1259 2246
77 37 10 68 3133
77 50 20 2991 1128
77 50 21 2991 1128
77 50 23 1259 2246
79 56 10 104 3116
80 60 20 115 3118
83 64 11 680 2557
87 56 11 104 3116
87 60 21 115 3118
87 64 11 680 2557
108 30 25 220 3021
108 30 26 637 2899
108 30 27 46 3112
108 30 30 645 2894
108 32 22 89 3123
108 33 0 68 3118
108 33 20 52 3131
108 34 8 1015 2436
108 34 22 2532 1577
108 34 27 886 2579
108 35 0 814 2514
108 35 5 67 3131
108 35 9 67 3131
108 35 20 1073 2435
108 36 22 87 3119
108 36 26 47 3125
108 36 30 46 3126
108 37 0 83 3115
108 37 20 57 3113
108 44 22 87 3145
108 48 22 252 3114
108 48 25 66 3130
108 48 27 47 3134
108 49 6 252 3114
108 49 20 103 3139
108 51 22 94 3126
108 52 7 94 3126
108 53 22 55 3128
108 54 2 55 3128
108 55 22 78 3140
108 56 2 78 3140
108 57 22 82 3127
108 57 25 56 3124
108 58 0 88 3129
108 58 20 85 3126
108 59 22 405 2923
108 59 25 1159 2588
108 59 26 846 2669
108 60 0 690 2657
108 60 4 1101 2659
108 60 20 483 2905
108 63 30 490 2742
108 70 20 53 3124
108 71 8 852 2669
108 71 22 679 2558
108 72 0 680 2557
108 72 20 925 2508
109 28 25 67 3119
109 28 29 67 3119
109 29 3 67 3119
109 29 19 51 3124
109 30 17 1028 2725
109 30 24 46 3112
109 30 25 1028 2725
109 30 26 220 3021
109 30 29 1028 2725
109 31 3 555 2772
109 31 7 702 2871
109 31 19 363 2958
109 32 16 89 3123
109 32 21 89 3123
109 34 17 2527 1583
109 34 21 2532 1577
109 34 24 887 2578
109 34 25 67 3131
109 34 29 67 3131
109 36 21 87 3119
109 44 21 87 3145
109 48 21 252 3114
109 48 24 69 3133
109 48 25 107 3119
109 48 26 60 3128
109 48 29 107 3119
109 48 31 112 3130
109 49 3 107 3119
109 49 8 252 3114
109 49 19 84 3124
109 51 16 103 3124
109 51 21 94 3126
109 52 5 94 3126
109 53 21 55 3128
109 54 8 55 3128
109 55 21 78 3140
109 56 8 78 3140
109 57 21 82 3127
109 57 26 55 3126
109 58 3 53 3121
109 58 19 41 3129
109 59 17 405 2923
109 59 21 405 2923
109 59 24 915 2736
109 63 15 58 3123
109 63 17 680 2531
109 63 25 680 2531
109 63 29 680 2531
109 64 3 680 2531
109 64 19 1138 2224
109 71 17 679 2558
109 71 21 679 2558
110 34 9 67 3131
110 34 23 269 3004
110 35 7 407 2910
110 35 23 407 2737
110 44 21 84 3142
110 45 22 47 3130
110 46 22 269 3004
110 46 23 153 3070
110 47 6 407 2910
110 47 22 3282 840
110 48 25 54 3125
110 59 5 406 3036
110 59 21 204 3090
110 60 5 400 2777
110 64 27 352 2825
111 33 22 47 3130
111 34 22 269 3004
111 35 6 407 2910
111 35 22 3282 840
111 59 4 58 3120
111 59 20 187 3093
111 60 4 400 2777
111 64 26 680 2531
112 35 4 234 3002
112 35 20 325 2818
112 44 22 84 3142
112 59 21 120 3105
112 59 22 204 3090
112 60 5 361 2812
113 35 5 407 2910
113 48 30 67 3131
114 33 22 47 3130
114 34 22 269 3004
114 35 22 3282 840
114 42 19 111 3084
114 46 21 89 3092
114 54 19 44 3129
114 59 21 260 3011
114 60 5 955 2604
114 60 21 2424 1622
114 64 26 680 2531
115 29 0 59 3113
115 30 30 63 3131
115 31 6 2350 1695
115 34 9 67 3131
115 36 24 174 3093
115 37 26 81 3111
115 43 0 232 2999
115 45 23 47 3130
115 46 23 269 3004
115 47 7 407 2910
115 47 23 3282 840
115 48 25 54 3125
115 48 31 67 3131
115 53 0 72 3124
115 57 6 53 3120
115 58 26 66 3123
115 59 5 406 3036
115 60 5 400 2777
115 60 10 85 3085
115 67 24 1142 2718
115 74 10 125 3109
116 29 0 123 3089
116 31 6 92 3047
116 32 0 59 3119
116 32 14 76 3134
116 33 1 2350 1695
116 36 30 67 3131
116 42 1 714 2693
116 43 20 42 3131
116 44 23 228 3001
116 49 4 893 2792
116 49 20 73 3104
116 49 21 60 3111
116 51 21 65 3103
116 52 20 72 3108
116 52 24 47 3125
116 53 1 41 3130
116 54 6 78 3140
116 57 6 55 3126
116 58 1 41 3118
116 58 26 41 3129
116 59 1 207 2934
116 59 21 57 3108
116 60 21 573 2661
116 61 14 378 3044
116 61 15 402 3042
116 63 20 1105 2255
116 65 31 1142 2718
116 69 0 57 3115
117 30 2 102 3099
117 30 3 75 3105
117 30 19 305 2994
117 34 4 60 3114
117 34 5 92 3105
117 34 26 174 3093
117 46 19 279 2954
117 48 2 72 3124
117 48 3 47 3130
117 49 7 92 3129
117 51 7 94 3126
117 54 18 72 3124
117 55 7 78 3140
117 58 16 56 3120
117 58 17 50 3127
117 71 11 270 3097
117 71 26 1142 2718
117 72 11 386 2878
117 72 26 497 2647
118 28 17 49 3132
118 29 1 70 3110
118 30 15 56 3124
118 30 31 72 3130
118 31 7 146 3000
118 33 1 164 2982
118 43 1 255 2945
118 43 20 763 2573
118 44 23 252 2947
118 49 1 532 3036
118 51 27 334 3091
118 51 31 252 3114
118 52 7 141 3129
118 56 23 54 3123
118 57 7 106 3110
118 58 16 115 3118
118 59 1 207 2934
118 60 4 1152 2494
118 61 15 204 3090
118 63 21 474 2696
118 65 31 50 3111
119 30 2 54 3106
119 30 18 270 3002
119 30 31 61 3129
119 32 17 42 3111
119 39 26 53 3129
119 41 27 42 3133
119 42 18 223 2963
119 43 20 763 2573
119 46 18 141 3046
119 48 2 69 3124
119 54 18 66 3127
119 56 23 104 3116
119 58 12 104 3116
119 58 16 66 3130
119 59 1 128 3009
119 61 15 90 3121
119 64 11 81 3116
119 67 10 270 3097
119 68 10 423 2853
119 68 26 1693 1905
119 71 26 84 3104
119 72 10 123 3073
119 72 26 497 2647
119 73 9 224 3102
120 30 18 127 3081
120 32 10 50 3119
120 34 26 174 3093
120 36 31 67 3131
120 39 26 53 3129
120 42 18 223 2963
120 43 20 763 2573
120 46 18 279 2954
120 48 2 45 3131
120 49 1 532 3036
120 49 5 893 2792
120 54 18 72 3124
120 58 12 104 3116
120 60 21 573 2661
120 64 11 52 3116
120 68 10 183 3043
120 68 26 497 2647
121 28 17 49 3132
121 29 1 71 3106
121 30 15 56 3127
121 30 31 76 3134
121 32 17 42 3111
121 33 1 2350 1695
121 43 1 232 2999
121 43 21 80 3114
121 44 23 228 3001
121 49 21 59 3106
121 51 27 334 3091
121 51 31 252 3114
121 54 7 78 3140
121 56 23 104 3116
121 57 7 106 3110
121 59 1 207 2934
121 59 20 264 3005
121 60 4 407 2910
121 60 20 2424 1622
121 63 21 121 3024
121 65 31 1142 2718
122 29 1 123 3089
122 30 15 56 3124
122 31 7 2350 1695
122 32 10 50 3119
122 32 15 48 3132
122 36 10 42 3129
122 36 25 174 3093
122 46 20 96 3078
122 52 7 141 3129
122 52 25 47 3125
122 57 7 49 3121
122 58 1 41 3118
122 58 27 66 3123
122 59 1 207 2934
122 59 20 166 3050
122 60 4 353 2935
122 61 17 41 3121
122 63 21 626 2552
122 67 10 270 3097
122 67 25 81 3104
122 68 10 183 3043
122 68 26 497 2647
122 69 1 57 3115
122 72 10 166 3052
123 29 1 51 3121
123 30 2 102 3099
123 30 18 305 2994
123 30 31 76 3134
123 32 15 76 3134
123 34 4 72 3107
123 36 10 55 3126
123 37 27 81 3111
123 42 1 763 2573
123 43 21 42 3131
123 48 2 72 3124
123 49 6 92 3129
123 49 21 73 3104
123 51 6 94 3126
123 51 21 65 3103
123 53 1 72 3124
123 54 18 56 3127
123 55 6 78 3140
123 58 16 115 3118
123 59 1 207 2934
123 60 11 152 3055
123 67 25 1142 2718
123 68 10 183 3043
123 68 26 497 2647
123 71 10 270 3097
123 71 26 1142 2718
123 72 10 183 3043
123 72 26 497 2647
123 73 9 224 3102
124 28 18 46 3120
124 28 30 66 3132
124 29 14 76 3134
124 29 30 47 3131
124 30 14 615 2806
124 30 25 67 3122
124 34 10 58 3115
124 34 14 47 3090
124 34 18 49 3123
124 34 21 76 3066
124 34 27 205 3065
124 35 9 61 3111
124 35 11 41 3097
124 35 13 50 3086
124 36 27 98 3109
124 58 26 67 3126
124 58 29 67 3113
124 59 7 71 3119
124 59 19 998 2669
124 59 24 47 3110
124 59 26 125 3012
124 60 8 207 2934
124 63 29 61 3106
124 63 30 182 2997
124 64 14 94 3090
124 64 21 255 2882
124 64 28 264 2992
124 64 30 447 2694
124 71 12 539 2922
124 71 20 605 2940
124 71 27 551 2912
124 72 20 68 3071
125 28 25 44 3120
125 29 10 47 3130
125 30 9 119 3096
125 30 25 63 3125
125 30 28 438 2981
125 34 1 42 3111
125 34 13 2406 1645
125 34 14 145 2992
125 34 21 56 3083
125 35 3 232 3022
125 49 19 47 3125
125 51 13 141 3129
125 57 2 114 3110
125 57 9 99 3115
125 57 29 72 3120
125 58 0 93 3108
125 58 13 135 3107
125 58 22 96 3116
125 58 25 132 3115
125 58 29 67 3113
125 59 31 106 3033
125 60 0 118 3116
125 60 1 207 2934
125 60 8 115 3024
125 60 9 105 3120
125 63 5 270 3097
125 63 30 242 2950
125 64 14 183 3043
125 64 19 162 3116
125 64 21 497 2647
125 64 28 455 2898
125 64 30 498 2650
125 71 3 44 3118
125 71 12 548 2915
125 72 3 183 3042
125 72 5 202 2938
126 30 14 161 3072
126 30 25 441 2982
126 31 2 1116 2379
126 31 4 752 2739
126 34 13 183 3041
126 34 15 141 2996
126 34 26 405 2988
126 35 2 373 2936
126 35 16 45 3125
126 36 2 89 3112
126 51 21 109 3082
126 51 22 94 3126
126 52 11 132 3091
126 56 30 43 3130
126 57 3 64 3121
126 58 5 64 3124
126 59 6 71 3119
126 59 9 106 3110
126 64 15 98 3087
126 64 20 249 2887
126 64 29 455 2898
126 64 31 680 2557
126 65 0 41 3121
126 70 22 57 3115
126 71 12 51 3127
126 71 20 68 3071
127 30 1 65 3125
127 30 19 66 3121
127 30 30 121 3091
127 34 2 183 3041
127 34 21 420 2975
127 34 22 288 2976
127 35 8 43 3117
127 35 10 2426 1628
127 35 12 223 2913
127 35 21 255 2993
127 36 0 47 3131
127 36 21 66 3123
127 37 19 67 3118
127 51 13 985 2783
127 57 8 46 3125
127 58 30 202 3072
127 59 21 41 3118
127 59 25 391 3039
127 59 29 49 3093
127 60 0 106 3033
127 60 1 53 3128
127 60 3 50 3093
127 60 8 58 3126
127 60 9 207 2934
127 63 28 47 3114
127 64 7 2089 2045
127 64 13 1142 2718
127 64 29 206 3023
127 64 31 853 2311
127 71 11 219 3097
127 71 12 183 3042
127 71 19 204 3100
127 72 12 385 2753
128 28 30 42 3129
128 29 10 47 3136
128 29 23 51 3112
128 30 18 64 3121
128 31 0 2319 1710
128 31 5 42 3106
128 34 1 41 3112
128 34 12 109 3075
128 34 20 273 3032
128 35 9 61 3111
128 35 13 163 2971
128 35 17 42 3111
128 35 20 373 2936
128 36 12 82 3115
128 48 28 193 3091
128 57 2 69 3122
128 57 4 46 3127
128 57 29 70 3126
128 58 22 47 3123
128 58 25 58 3124
128 58 26 41 3129
128 58 29 58 3124
128 59 7 118 3116
128 59 8 97 3111
128 59 16 42 3119
128 59 31 118 3023
128 60 1 189 2952
128 60 2 46 3093
128 64 6 1724 2207
128 64 21 262 2876
128 71 3 46 3115
128 71 13 82 3086
128 72 3 183 3042
128 72 13 385 2753
129 29 23 65 3125
129 30 0 45 3117
129 30 1 44 3130
129 30 9 111 3100
129 30 11 441 2982
129 30 15 161 3072
129 30 23 2319 1710
129 31 1 126 3092
129 31 5 41 3107
129 31 8 2319 1710
129 31 16 126 3092
129 31 20 1115 2380
129 31 25 121 3091
129 34 3 109 3075
129 34 14 165 2972
129 34 21 103 3043
129 35 20 373 2936
129 57 2 110 3102
129 57 4 68 3126
129 57 9 69 3122
129 57 11 60 3119
129 57 19 93 3108
129 57 29 109 3112
129 58 13 71 3122
129 58 25 65 3118
129 58 29 106 3110
129 59 3 72 3110
129 59 7 118 3116
129 59 19 50 3093
129 59 26 207 2934
129 59 31 207 2934
129 60 0 118 3116
129 63 30 173 3023
129 64 14 100 3086
129 64 21 421 2719
129 70 31 57 3115
129 71 10 53 3100
129 71 12 497 2929
129 72 20 68 3071
130 28 30 66 3132
130 29 14 76 3134
130 29 23 65 3125
130 30 9 119 3096
130 30 15 161 3072
130 30 25 62 3124
130 31 0 2319 1710
130 31 1 126 3092
130 34 1 42 3111
130 34 13 2406 1645
130 34 14 159 2977
130 34 20 253 3023
130 34 23 323 2963
130 34 27 404 2989
130 35 3 372 2935
130 35 17 45 3125
130 49 19 47 3125
130 51 13 141 3129
130 51 23 94 3126
130 57 2 54 3125
130 57 4 41 3135
130 58 0 93 3108
130 58 13 71 3110
130 58 22 96 3116
130 58 25 74 3122
130 58 29 106 3110
130 59 7 118 3116
130 59 8 106 3110
130 59 16 42 3119
130 59 24 53 3112
130 59 26 118 3023
130 60 0 62 3123
130 60 1 125 3012
130 60 9 113 3119
130 64 12 1142 2718
130 64 14 90 3087
130 64 19 139 3115
130 64 21 272 2867
130 64 28 455 2898
130 64 30 680 2557
130 69 14 43 3141
130 70 23 57 3115
130 71 3 44 3118
130 71 13 183 3042
130 71 20 46 3115
130 72 13 235 2903
131 28 25 44 3120
131 29 30 47 3131
131 30 0 65 3125
131 30 11 441 2982
131 30 23 2319 1710
131 31 8 2319 1710
131 31 16 126 3092
131 31 20 1115 2380
131 34 10 58 3115
131 34 13 46 3093
131 34 14 47 3090
131 34 18 45 3127
131 34 20 397 2994
131 34 27 318 3021
131 35 3 295 2983
131 36 12 82 3115
131 36 20 66 3123
131 51 12 985 2783
131 57 2 114 3110
131 57 4 68 3126
131 57 19 93 3108
131 58 29 97 3111
131 58 31 202 3072
131 59 3 42 3119
131 59 7 115 3119
131 59 19 51 3094
131 59 20 41 3118
131 59 26 207 2934
131 59 31 207 2934
131 60 0 118 3116
131 60 1 207 2934
131 60 8 207 2934
131 60 9 61 3130
131 64 12 42 3113
131 64 19 163 3123
131 64 21 429 2715
131 71 10 219 3097
131 71 12 548 2915
132 28 18 50 3119
132 29 23 46 3113
132 30 9 119 3096
132 30 15 161 3072
132 30 18 66 3121
132 30 24 441 2982
132 30 28 438 2981
132 34 10 58 3115
132 34 12 145 3065
132 35 3 373 2936
132 35 11 2426 1628
132 35 13 50 3086
132 35 20 373 2936
132 37 18 67 3118
132 51 20 109 3082
132 56 31 43 3130
132 57 2 65 3111
132 57 9 99 3115
132 57 11 60 3119
132 58 4 64 3124
132 58 25 132 3115
132 58 26 67 3126
132 58 29 45 3119
132 59 28 49 3093
132 59 31 207 2934
132 64 6 1049 2571
132 64 12 47 3120
132 64 14 183 3043
132 64 19 333 3096
132 64 28 455 2898
132 64 30 474 2676
132 69 14 57 3138
132 71 12 517 2923
132 71 18 204 3100
132 71 20 605 2940
132 72 5 385 2753
132 72 20 68 3071
133 30 18 66 3121
133 30 31 121 3091
133 31 3 1116 2379
133 31 5 752 2739
133 31 25 121 3091
133 34 3 183 3041
133 34 12 183 3041
133 34 13 76 3066
133 34 18 49 3123
133 34 20 420 2975
133 34 23 373 2936
133 34 27 405 2988
133 36 1 47 3131
133 36 3 89 3112
133 57 2 55 3126
133 57 4 47 3123
133 57 9 45 3123
133 58 13 135 3107
133 58 29 58 3124
133 59 7 58 3122
133 59 24 51 3114
133 59 31 207 2934
133 60 2 50 3093
133 63 5 270 3097
133 64 6 2089 2045
133 64 19 169 3114
133 64 21 497 2647
133 65 1 41 3121
133 70 31 57 3115
133 71 27 551 2912
133 72 3 183 3042
133 72 13 385 2753
134 31 13 666 2791
134 34 13 54 3113
134 34 15 100 3105
134 35 0 994 2457
134 35 1 94 3070
134 35 4 154 3043
134 35 5 1108 2524
134 35 9 206 2961
134 35 12 195 3002
134 35 13 1545 2159
134 35 16 3288 834
134 36 21 50 3123
134 51 20 65 3100
134 51 23 42 3120
134 51 28 44 3113
134 51 29 61 3115
134 51 30 166 3071
134 51 31 276 3029
134 71 5 106 3123
134 71 7 78 3117
134 71 13 295 3011
134 71 15 189 3055
134 72 4 872 2735
134 72 5 491 2788
134 72 12 964 2646
134 72 13 1328 2043
135 31 5 83 3075
135 31 13 371 2886
135 34 5 41 3124
135 34 15 49 3119
135 34 17 108 3101
135 34 29 49 3107
135 35 4 76 3066
135 35 16 50 3086
135 59 31 71 3110
135 71 18 514 2926
135 71 26 803 2688
135 72 1 68 3071
135 72 4 847 2669
135 72 5 49 3099
135 72 13 123 3026
135 72 17 3432 819
136 30 0 52 3126
136 31 5 491 2814
136 31 13 208 3015
136 34 18 44 3110
136 34 22 291 3040
136 34 26 151 3007
136 34 30 775 2612
136 35 13 304 2833
136 35 16 304 2833
136 59 5 81 3123
136 59 31 1029 2711
136 60 0 400 2777
136 71 21 86 3086
136 72 16 385 2753
136 72 17 70 3068
137 31 5 332 2875
137 31 13 153 3063
137 31 21 749 2740
137 35 1 56 3083
137 35 16 47 3090
137 72 9 385 2753
138 28 5 64 3108
138 29 0 51 3124
138 29 17 49 3120
138 29 30 67 3121
138 30 0 177 3094
138 30 2 102 3099
138 30 3 64 3114
138 30 13 72 3107
138 30 15 166 3067
138 30 24 164 3070
138 30 25 305 2994
138 30 27 305 2994
138 31 0 363 2958
138 31 3 2514 1544
138 31 4 164 2982
138 31 5 2350 1695
138 33 26 73 3123
138 35 26 407 2737
138 36 4 55 3126
138 48 3 72 3124
138 49 0 84 3124
138 51 20 48 3125
138 51 22 48 3123
138 57 11 41 3118
138 57 20 115 3118
138 57 21 84 3126
138 57 22 179 3099
138 57 23 52 3128
138 58 0 41 3129
138 58 26 93 3119
138 64 0 1138 2224
138 64 16 1384 2454
138 64 17 1903 1530
138 64 19 626 2552
138 64 20 2248 1635
138 64 24 136 3035
138 64 25 2440 1486
138 64 27 183 3020
138 64 28 680 2531
138 64 29 3414 653
138 64 30 3089 965
138 67 22 51 3123
138 70 26 64 3126
138 72 26 497 2647
139 28 9 123 3089
139 28 10 106 3090
139 33 0 52 3131
139 33 17 50 3122
139 33 30 47 3130
139 34 0 111 3092
139 34 2 72 3107
139 34 12 62 3118
139 34 14 125 3092
139 34 24 73 3107
139 34 25 342 2978
139 34 26 269 3004
139 35 0 1072 2442
139 35 3 407 2910
139 35 5 407 2910
139 35 16 2250 1556
139 35 28 103 3037
139 35 30 3282 840
139 36 24 174 3093
139 37 0 57 3113
139 44 24 84 3142
139 49 0 99 3141
139 53 10 47 3125
139 58 0 85 3126
139 58 3 54 3128
139 58 17 67 3128
139 58 30 66 3123
139 59 0 428 3032
139 59 2 406 3036
139 59 12 45 3123
139 59 24 118 3119
139 59 25 207 3089
139 59 26 204 3090
139 60 0 483 2905
139 60 3 2240 1801
139 60 5 400 2777
139 60 6 400 2777
139 67 26 112 3127
139 70 0 53 3124
139 70 11 41 3126
139 71 0 199 3120
139 71 2 270 3097
139 71 14 510 2922
139 71 25 694 2900
139 71 26 1142 2718
139 72 0 925 2508
139 72 3 183 3043
139 72 5 183 3043
139 72 16 2800 1069
139 72 28 112 3027
139 72 30 497 2647
140 30 8 99 3102
140 64 1 84 3070
140 64 3 308 2963
140 64 5 236 3106
140 64 9 138 3021
140 64 11 486 2828
140 64 12 46 3117
140 64 13 582 2964
141 31 0 164 2982
141 57 0 69 3122
141 59 7 207 2934
141 59 16 46 3093
141 64 9 54 3098
141 64 11 120 3079
141 64 12 47 3101
141 64 21 153 2987
141 64 22 183 3043
141 64 23 576 2741
141 64 29 481 2662
141 64 31 974 2428
142 48 21 137 3106
142 48 25 107 3095
143 30 27 435 2983
143 30 31 129 3096
143 57 29 58 3129
143 59 8 668 2805
143 59 9 289 3028
143 59 10 306 2961
143 59 11 158 3024
143 59 12 81 3078
143 59 14 88 3069
143 59 15 167 3028
143 59 25 1292 2546
143 64 18 170 2980
143 64 19 478 2665
143 64 26 451 2703
143 64 27 478 2665
143 67 29 56 3136
144 26 30 45 3128
144 32 30 53 3123
144 36 26 89 3085
144 36 27 240 3022
144 36 29 173 3056
144 36 30 87 3087
144 38 26 65 3126
144 38 30 66 3125
144 40 22 57 3128
144 42 22 43 3126
144 42 25 75 3125
144 42 30 50 3134
144 43 0 43 3126
144 43 16 47 3138
144 44 27 54 3125
144 45 0 47 3125
144 45 5 137 3110
144 45 16 64 3132
144 46 22 153 3103
144 46 26 81 3113
144 47 0 58 3127
144 47 2 153 3103
144 47 3 42 3130
144 47 20 104 3119
144 48 22 653 2917
144 48 27 366 2994
144 49 0 63 3111
144 49 5 119 3129
144 49 9 119 3129
144 49 16 69 3139
144 49 20 405 3015
144 50 14 3282 840
144 51 25 74 3127
144 52 1 334 3091
144 52 16 154 3122
144 61 30 2381 1550
144 63 10 102 3084
144 63 11 169 3048
144 63 14 264 3005
144 63 17 247 3030
144 63 18 168 3052
144 63 19 264 3005
144 75 27 80 3108
145 27 3 106 3115
145 27 7 46 3128
145 27 19 43 3132
145 32 25 89 3123
145 32 26 41 3130
145 32 29 89 3123
145 33 3 95 3113
145 33 19 60 3125
145 34 25 46 3126
145 34 29 46 3126
145 35 3 74 3112
145 35 19 62 3113
145 36 9 54 3122
145 36 10 107 3103
145 36 16 1038 2726
145 36 17 1038 2726
145 36 20 201 3044
145 36 24 239 3021
145 36 25 1037 2725
145 36 29 1037 2725
145 37 3 572 2754
145 37 19 352 2967
145 39 3 77 3123
145 39 19 43 3129
145 40 21 57 3128
145 41 5 57 3128
145 41 6 57 3128
145 42 16 191 3132
145 42 17 191 3132
145 42 21 43 3126
145 42 25 155 3137
145 42 26 75 3125
145 42 29 155 3137
145 43 0 155 3137
145 43 7 155 3137
145 43 9 155 3137
145 43 19 87 3141
145 44 16 127 3112
145 44 17 127 3112
145 44 25 137 3110
145 44 26 62 3131
145 44 29 137 3110
145 45 2 137 3110
145 45 19 102 3142
145 46 20 84 3120
145 46 21 153 3103
145 46 31 68 3127
145 47 8 153 3103
145 48 21 653 2917
145 48 24 342 3019
145 48 25 119 3129
145 48 29 119 3129
145 48 31 375 3026
145 49 5 653 2917
145 49 6 653 2917
145 49 19 82 3139
145 51 25 334 3091
145 51 26 74 3127
145 51 29 334 3091
145 52 9 334 3091
145 52 19 152 3125
145 53 25 45 3127
145 53 29 45 3127
145 55 16 54 3121
145 55 25 63 3115
145 55 29 63 3115
145 56 3 114 3115
145 56 7 186 3101
145 56 19 88 3124
145 57 25 92 3120
145 57 29 92 3120
145 58 3 92 3120
145 58 19 63 3127
145 61 25 3282 823
145 61 29 3282 823
145 62 3 2450 1479
145 62 7 1610 2106
145 62 19 2962 1118
145 63 9 80 3088
145 63 10 169 3048
145 63 13 156 3040
145 63 14 169 3048
145 63 15 54 3124
145 65 15 42 3126
145 74 19 64 3125
145 75 17 115 3091
145 75 25 194 3026
145 75 26 106 3098
145 75 29 115 3091
145 76 3 261 2965
145 76 19 334 3018
146 36 6 72 3107
146 44 9 101 3113
146 45 13 68 3133
146 48 6 72 3107
146 48 9 65 3128
146 49 9 138 3108
146 50 20 3193 927
146 50 21 3193 927
146 61 11 1636 2141
146 62 11 350 2875
147 36 6 72 3107
147 40 22 41 3134
147 50 24 3282 840
147 50 25 3282 840
147 61 10 1636 2141
148 1 21 536 2926
148 45 14 68 3133
148 48 10 65 3128
148 48 26 155 3127
148 49 10 138 3108
148 50 22 3193 927
148 50 24 3282 840
148 50 25 3282 840
149 36 5 41 3123
149 50 20 3193 927
149 50 21 3193 927
149 50 23 3282 840
149 61 9 1636 2141
149 61 10 803 2639
150 1 20 536 2926
150 7 21 129 3097
150 28 1 43 3126
150 40 3 50 3128
150 40 22 41 3134
150 47 17 75 3106
150 48 24 155 3127
150 52 24 51 3119
150 58 1 190 3086
150 59 5 66 3123
150 62 10 2532 1489
150 62 19 63 3099
150 74 13 41 3094
150 74 21 48 3126
151 3 16 262 3091
151 34 6 52 3109
151 40 16 68 3113
151 42 30 579 2971
151 43 10 64 3129
151 44 9 101 3113
151 48 7 72 3107
151 48 22 193 3090
151 51 10 48 3129
151 52 25 51 3119
151 53 20 41 3134
151 54 20 54 3135
151 56 12 415 3030
151 57 12 67 3122
151 61 0 88 3124
151 62 8 63 3099
151 62 11 2532 1489
151 62 30 886 2708
151 63 8 341 2811
151 63 16 170 3030
151 64 14 916 2687
151 64 16 135 3024
151 64 18 426 2901
151 65 16 112 3095
151 66 14 688 2806
151 68 10 98 3123
151 76 8 84 3051
152 6 20 262 3091
152 21 23 315 3084
152 27 22 231 3095
152 29 11 61 3133
152 29 22 114 3123
152 33 21 64 3131
152 34 6 50 3129
152 35 1 56 3122
152 36 8 53 3113
152 36 14 59 3127
152 36 20 56 3122
152 37 31 113 3106
152 38 15 69 3128
152 38 16 41 3121
152 40 0 93 3125
152 40 8 69 3128
152 41 20 44 3135
152 42 1 64 3113
152 42 18 204 2980
152 42 19 232 2999
152 42 29 160 3031
152 43 6 305 3068
152 43 7 67 3114
152 45 6 153 3103
152 45 22 87 3099
152 45 23 99 3098
152 47 22 211 3035
152 51 30 119 3129
152 53 16 55 3114
152 53 21 41 3134
152 55 7 55 3114
152 59 16 389 2791
152 59 22 573 2650
152 61 4 421 2733
152 61 6 54 3113
152 61 23 264 3005
152 62 0 84 3050
152 62 7 406 2911
152 62 8 137 3052
152 62 16 221 2915
152 62 30 966 2581
152 63 0 437 2719
152 63 1 261 2894
152 63 8 626 2552
152 63 9 258 2901
152 63 16 198 3023
152 63 23 84 3050
152 64 14 872 2707
152 64 16 114 3079
152 64 18 87 3085
152 64 19 455 2898
152 65 16 57 3106
152 65 17 112 3095
152 65 24 45 3105
152 71 29 409 2982
152 74 0 220 3120
152 76 8 48 3085
153 23 19 288 3087
153 28 0 41 3126
153 29 19 88 3132
153 32 18 42 3124
153 32 19 168 3093
153 36 12 93 3107
153 36 13 48 3118
153 36 29 320 2981
153 37 12 2350 1695
153 39 29 81 3111
153 40 2 41 3121
153 41 16 84 3114
153 41 17 98 3106
153 42 4 105 3135
153 43 6 42 3131
153 45 18 142 3075
153 47 17 54 3116
153 47 20 50 3125
153 48 23 45 3130
153 48 24 154 3108
153 49 16 67 3112
153 51 23 101 3126
153 53 19 45 3127
153 55 0 43 3130
153 55 17 88 3102
153 57 0 45 3127
153 62 13 45 3116
153 62 18 1137 2596
153 64 26 645 2574
153 64 27 83 3057
153 66 11 221 3113
153 74 12 57 3076
153 74 13 48 3085
153 75 12 224 3102
153 75 27 108 3104
154 5 4 319 3083
154 6 22 69 3120
154 20 1 315 3081
154 29 1 46 3135
154 34 7 86 3104
154 36 9 43 3131
154 36 12 81 3109
154 37 12 78 3059
154 37 31 113 3106
154 39 15 50 3123
154 41 7 305 3068
154 41 16 97 3107
154 42 1 67 3112
154 42 29 108 3051
154 43 6 76 3114
154 43 7 79 3110
154 43 31 155 3137
154 52 23 54 3135
154 53 21 41 3134
154 57 19 45 3127
154 59 4 59 3125
154 59 17 94 3050
154 59 18 44 3124
154 59 23 427 2777
154 61 17 1519 2297
154 62 0 2089 2045
154 62 1 82 3052
154 62 12 88 3084
154 62 31 886 2708
154 63 1 335 2817
154 63 9 471 2698
154 63 17 330 2936
154 64 10 43 3115
154 64 14 548 2598
154 64 15 579 2901
154 64 19 455 2898
154 65 1 370 2849
154 65 17 1012 2658
154 65 26 1383 2359
154 66 15 587 2788
154 67 1 48 3135
154 68 20 48 3135
154 70 4 163 3114
154 74 12 84 3051
154 76 9 76 3059
155 5 1 262 3091
155 28 0 63 3121
155 34 7 71 3107
155 35 29 44 3130
155 36 12 42 3120
155 36 27 69 3128
155 36 28 270 3005
155 37 12 122 3019
155 37 31 52 3120
155 40 2 54 3124
155 40 7 54 3132
155 41 6 65 3119
155 41 16 47 3130
155 42 1 68 3113
155 43 6 88 3115
155 45 18 103 3085
155 47 16 75 3106
155 49 18 46 3123
155 53 21 41 3134
155 55 16 66 3125
155 57 0 85 3121
155 57 17 291 3056
155 59 4 44 3125
155 61 23 243 3010
155 62 0 2089 2045
155 62 7 168 3055
155 62 9 80 3089
155 62 16 333 3096
155 62 17 693 2621
155 62 18 1954 2088
155 63 1 1519 2297
155 63 9 329 2832
155 63 17 330 2936
155 63 23 46 3088
155 64 9 191 3046
155 64 10 53 3114
155 64 14 680 2557
155 64 15 974 2573
155 64 17 114 3079
155 65 17 52 3116
155 65 26 131 3083
155 65 31 68 3100
155 68 20 48 3135
155 71 7 71 3135
155 74 12 47 3086
155 75 10 71 3135
155 75 26 101 3106
156 3 17 262 3091
156 23 18 288 3087
156 29 11 61 3133
156 29 18 88 3132
156 35 1 56 3122
156 37 12 67 3067
156 39 28 81 3111
156 40 2 41 3121
156 41 16 47 3130
156 43 6 42 3131
156 45 18 91 3100
156 47 16 75 3106
156 53 21 41 3134
156 55 16 46 3127
156 57 13 114 3110
156 59 4 66 3123
156 61 1 54 3123
156 61 7 59 3112
156 62 0 2089 2045
156 62 12 152 3055
156 62 16 333 3096
156 62 18 63 3099
156 64 14 776 2383
156 65 26 115 3095
156 67 1 48 3135
156 68 20 48 3135
156 74 12 84 3051
156 75 26 54 3116
157 5 1 262 3091
157 5 4 319 3083
157 6 21 262 3091
157 7 20 151 3097
157 21 23 315 3084
157 29 23 114 3123
157 36 15 57 3129
157 36 21 56 3122
157 36 27 69 3128
157 38 15 69 3128
157 38 17 41 3121
157 39 15 63 3124
157 40 17 68 3113
157 41 7 79 3110
157 41 21 44 3135
157 42 1 68 3113
157 42 19 199 2987
157 42 29 227 2959
157 43 7 305 3068
157 45 7 153 3103
157 45 23 63 3113
157 48 23 193 3090
157 53 17 55 3114
157 54 21 54 3135
157 55 7 55 3114
157 57 13 96 3116
157 59 17 61 3072
157 61 1 88 3124
157 61 5 421 2733
157 61 17 437 2719
157 61 23 131 3069
157 62 1 84 3050
157 62 17 266 2872
157 62 31 966 2581
157 63 1 1519 2297
157 63 9 626 2552
157 63 17 330 2936
157 63 23 84 3050
157 64 15 974 2573
157 64 17 135 3024
157 64 19 455 2898
157 65 17 1012 2658
157 65 31 68 3100
157 66 15 716 2808
157 67 1 48 3135
158 34 7 50 3129
158 35 29 44 3130
158 36 9 43 3131
158 36 12 55 3120
158 36 28 269 3008
158 37 12 126 3017
158 40 1 93 3125
158 40 9 69 3128
158 40 17 53 3120
158 41 7 305 3068
158 42 1 47 3118
158 43 11 64 3129
158 43 31 155 3137
158 45 18 142 3075
158 49 16 67 3112
158 51 11 48 3129
158 51 31 119 3129
158 52 23 54 3135
158 57 17 221 3076
158 59 4 52 3128
158 59 17 118 3030
158 59 23 573 2650
158 61 1 55 3132
158 61 17 1519 2297
158 62 7 286 2983
158 63 17 241 2994
158 64 19 368 2933
158 64 26 421 2739
158 65 17 82 3102
158 65 25 45 3105
158 66 10 227 3111
158 67 1 48 3135
158 74 1 220 3120
158 75 26 76 3111
158 76 9 84 3051
159 20 1 315 3081
159 27 23 231 3095
159 29 1 46 3135
159 32 2 49 3126
159 32 18 168 3093
159 33 21 64 3131
159 34 7 66 3107
159 36 12 93 3107
159 36 28 320 2981
159 37 12 2350 1695
159 41 6 65 3119
159 41 16 106 3108
159 42 4 105 3135
159 42 19 232 2999
159 42 31 579 2971
159 43 6 64 3120
159 45 18 112 3088
159 45 23 99 3098
159 47 20 50 3125
159 48 22 45 3130
159 48 24 154 3108
159 51 22 101 3126
159 53 18 45 3127
159 55 0 43 3130
159 55 16 99 3115
159 57 0 85 3121
159 57 19 45 3127
159 59 18 44 3124
159 61 23 264 3005
159 62 0 2089 2045
159 62 1 84 3050
159 62 7 406 2911
159 62 9 137 3052
159 62 16 333 3096
159 62 17 693 2621
159 63 1 214 2926
159 63 9 330 2826
159 63 23 45 3089
159 64 9 312 3006
159 64 14 680 2557
159 65 17 63 3110
159 65 26 177 3070
159 66 31 45 3133
159 68 11 98 3123
159 71 7 71 3135
159 71 29 108 3104
159 74 12 53 3080
159 74 20 48 3126
159 75 10 71 3135
159 75 12 224 3102
159 75 26 108 3104
160 35 3 58 3114
160 36 1 61 3125
160 36 17 102 3104
160 36 27 1103 2392
160 37 11 730 2768
160 37 16 391 2994
160 39 21 71 3113
160 41 11 112 3083
160 48 15 62 3110
160 57 4 158 3085
160 60 30 67 3100
160 61 2 523 2637
160 61 17 573 2650
160 61 29 60 3091
160 62 1 1255 2324
160 62 2 47 3088
160 62 12 311 3001
160 62 19 956 2667
160 63 3 80 3099
160 63 10 42 3109
160 63 18 84 3050
160 63 30 414 2891
160 64 3 232 2907
160 64 9 86 3048
160 64 15 330 2936
160 64 20 421 2733
160 64 23 222 2923
160 64 24 167 3031
160 64 27 205 2936
160 65 6 84 3109
160 65 16 348 2934
160 65 20 45 3133
160 66 0 160 3088
160 66 6 81 3053
160 66 15 112 3095
160 66 24 59 3111
160 73 1 98 3122
160 73 10 43 3128
160 74 10 42 3131
160 74 15 48 3126
160 74 30 49 3124
160 75 15 85 3110
161 27 19 89 3115
161 31 19 57 3128
161 36 13 712 2769
161 36 25 93 3119
161 36 28 388 2997
161 39 8 41 3134
161 40 21 71 3109
161 41 3 127 3083
161 41 13 47 3130
161 51 30 193 3090
161 55 19 44 3131
161 58 2 138 3112
161 59 30 206 2969
161 60 6 407 2735
161 60 14 137 3052
161 60 21 421 2739
161 61 2 342 2809
161 61 9 966 2581
161 61 17 113 3038
161 61 26 314 2999
161 61 28 47 3088
161 61 30 65 3131
161 62 12 46 3109
161 62 16 221 2915
161 62 21 88 3124
161 62 25 527 2738
161 62 31 114 3081
161 63 3 80 3099
161 63 5 44 3119
161 63 10 55 3113
161 63 18 84 3050
161 63 23 49 3134
161 63 24 406 2828
161 64 6 580 2856
161 64 9 78 3056
161 64 15 167 3031
161 64 17 291 2967
161 64 28 52 3116
161 65 12 128 3056
161 65 20 45 3133
161 65 29 44 3102
161 65 30 81 3053
161 65 31 293 2981
161 66 10 611 2921
161 66 15 59 3111
161 66 19 254 3090
161 66 28 72 3132
161 73 6 41 3133
161 73 25 46 3132
161 75 18 67 3127
161 75 25 68 3131
161 76 7 52 3135
161 76 9 69 3135
162 34 12 43 3131
162 35 26 41 3127
162 36 16 53 3115
162 36 27 121 3096
162 40 20 97 3093
162 41 2 74 3106
162 41 4 47 3130
162 41 10 112 3083
162 42 22 155 3137
162 54 7 45 3135
162 54 14 43 3127
162 57 18 147 3086
162 59 31 220 2950
162 60 7 573 2661
162 60 20 107 3034
162 60 31 152 3055
162 61 18 199 2936
162 62 5 188 3017
162 62 7 227 3111
162 62 13 176 3056
162 62 17 1482 2334
162 62 18 977 2661
162 62 30 193 2985
162 63 2 64 3109
162 63 4 59 3112
162 63 7 196 3029
162 63 12 47 3087
162 63 15 41 3122
162 63 25 412 2821
162 63 26 62 3097
162 63 30 194 2948
162 64 2 451 2717
162 64 13 63 3113
162 64 14 330 2936
162 64 16 176 3029
162 64 22 1519 2297
162 64 31 587 2788
162 65 4 168 3045
162 65 7 107 3102
162 65 17 189 3021
162 65 21 41 3136
162 65 31 51 3083
162 66 14 112 3095
162 66 20 304 2947
162 74 19 50 3129
162 75 14 51 3113
162 75 29 538 2926
162 75 30 96 3115
163 26 28 88 3115
163 27 25 78 3118
163 30 4 57 3128
163 32 18 67 3115
163 33 3 70 3113
163 36 14 50 3129
163 36 18 382 2996
163 36 19 58 3120
163 36 24 54 3132
163 38 7 81 3111
163 41 17 57 3128
163 41 21 534 3004
163 41 23 47 3130
163 43 7 207 3129
163 48 15 677 2920
163 49 4 66 3106
163 53 7 44 3131
163 57 10 60 3115
163 60 15 66 3092
163 61 3 626 2552
163 62 0 1664 2041
163 62 5 103 3076
163 62 13 90 3101
163 62 20 54 3123
163 63 4 59 3112
163 63 12 84 3050
163 63 19 84 3050
163 63 25 398 2833
163 63 30 213 2932
163 64 2 201 2935
163 64 7 248 2994
163 64 23 47 3112
163 64 25 330 2936
163 64 26 438 2716
163 64 31 738 2770
163 65 4 123 3062
163 65 7 81 3106
163 65 13 69 3094
163 65 21 45 3133
163 66 1 56 3119
163 66 25 1012 2658
163 74 6 57 3128
163 75 8 149 3105
163 76 8 68 3136
164 27 12 78 3118
164 33 26 73 3111
164 34 13 44 3112
164 35 21 41 3129
164 35 23 53 3123
164 36 15 44 3116
164 37 2 391 2994
164 38 30 85 3106
164 41 11 87 3096
164 49 5 54 3113
164 61 2 79 3061
164 61 9 692 2802
164 61 19 407 2737
164 62 1 1057 2465
164 62 19 1590 2293
164 62 21 88 3124
164 62 28 298 2907
164 62 30 140 3114
164 63 10 132 3023
164 63 12 63 3094
164 63 13 84 3050
164 63 24 527 2739
164 63 25 49 3103
164 63 27 62 3097
164 63 29 60 3098
164 63 31 415 2868
164 64 3 317 2822
164 64 9 84 3050
164 64 10 95 3083
164 64 11 338 2804
164 64 13 341 2937
164 64 15 330 2936
164 64 22 56 3112
164 64 23 314 2828
164 64 28 41 3121
164 64 30 613 2740
164 65 6 160 3088
164 65 12 121 3062
164 65 16 212 3001
164 65 29 73 3095
164 66 0 48 3126
164 66 12 293 2981
164 66 15 112 3095
164 74 10 41 3130
164 76 9 69 3135
165 32 31 43 3129
165 34 30 51 3128
165 36 11 45 3122
165 36 17 102 3104
165 36 18 55 3125
165 36 19 45 3113
165 36 25 48 3123
165 37 8 45 3122
165 48 22 52 3108
165 49 5 55 3113
165 49 13 50 3108
165 49 16 653 2917
165 54 6 48 3134
165 56 26 41 3133
165 56 28 64 3112
165 59 30 259 2952
165 60 6 372 2770
165 60 14 137 3052
165 60 21 144 3001
165 61 2 490 2669
165 61 19 1482 2334
165 62 4 126 3056
165 62 12 311 3001
165 62 25 1852 2130
165 62 31 98 3085
165 63 13 53 3081
165 63 24 1852 2132
165 63 27 41 3112
165 63 31 272 2881
165 64 4 110 3078
165 64 9 90 3044
165 64 10 276 2969
165 64 11 84 3050
165 64 13 201 3015
165 64 15 330 2936
165 64 17 292 2967
165 64 27 385 2766
165 64 29 341 2941
165 65 5 206 3017
165 65 6 115 3103
165 65 12 128 3056
165 65 16 348 2934
165 65 29 78 3095
165 66 0 112 3095
165 66 15 1012 2658
165 66 19 46 3131
165 66 21 300 2971
165 74 17 57 3128
165 76 9 61 3131
165 76 17 59 3128
165 76 25 96 3115
166 32 19 67 3115
166 34 13 43 3131
166 34 30 77 3127
166 35 3 42 3117
166 35 21 41 3129
166 35 23 53 3123
166 36 11 45 3122
166 36 17 104 3102
166 38 6 81 3111
166 38 30 85 3106
166 41 11 112 3083
166 41 20 534 3004
166 49 5 66 3106
166 51 30 193 3090
166 57 4 158 3085
166 60 30 152 3055
166 61 9 417 2933
166 61 19 1482 2334
166 62 21 88 3124
166 62 28 298 2907
166 62 30 140 3114
166 62 31 114 3081
166 63 10 88 3090
166 63 13 84 3050
166 63 18 77 3057
166 63 27 45 3104
166 63 29 52 3111
166 63 31 308 2850
166 64 3 451 2717
166 64 6 406 2911
166 64 11 232 2910
166 64 12 63 3113
166 64 13 341 2937
166 64 15 330 2936
166 64 23 1519 2297
166 64 27 224 2921
166 64 28 52 3116
166 65 6 143 3097
166 65 12 127 3055
166 65 16 162 3029
166 65 20 45 3133
166 65 29 44 3102
166 65 30 81 3053
166 66 0 100 3109
166 66 10 611 2921
166 66 15 1012 2658
166 66 24 112 3095
166 73 6 41 3133
166 74 15 48 3126
166 74 18 50 3129
166 75 15 51 3113
167 27 12 78 3118
167 30 5 57 3128
167 31 19 57 3128
167 34 30 60 3125
167 35 3 58 3114
167 35 27 41 3127
167 36 15 50 3129
167 36 17 63 3113
167 36 18 80 3122
167 36 25 71 3117
167 37 2 391 2994
167 39 8 41 3134
167 39 21 71 3113
167 41 13 47 3130
167 41 16 57 3128
167 42 23 155 3137
167 48 14 677 2920
167 49 16 653 2917
167 53 6 44 3131
167 56 26 41 3133
167 60 6 573 2661
167 60 14 137 3052
167 60 30 43 3122
167 61 2 626 2552
167 61 9 966 2581
167 61 17 573 2650
167 61 19 407 2737
167 61 28 47 3088
167 62 12 311 3001
167 62 25 1852 2130
167 62 31 193 2985
167 63 3 80 3099
167 63 5 59 3112
167 63 10 53 3104
167 63 18 84 3050
167 63 24 598 2683
167 63 30 414 2891
167 64 4 46 3111
167 64 10 276 2969
167 64 17 292 2967
167 64 22 59 3110
167 64 23 81 3063
167 64 24 330 2936
167 64 27 67 3069
167 64 30 309 2965
167 65 5 206 3017
167 65 6 160 3088
167 65 12 62 3097
167 65 16 186 3028
167 65 31 293 2981
167 66 0 160 3088
167 66 6 81 3053
167 66 24 1012 2658
167 73 1 98 3122
167 74 30 49 3124
167 75 18 85 3133
167 75 25 68 3131
168 27 24 78 3118
168 32 31 43 3129
168 33 26 73 3111
168 36 15 103 3101
168 36 25 83 3121
168 36 27 1103 2392
168 37 8 45 3122
168 37 16 391 2994
168 41 3 127 3083
168 41 5 47 3130
168 41 11 84 3099
168 48 15 60 3106
168 49 13 50 3108
168 56 5 42 3130
168 60 6 62 3074
168 60 14 62 3098
168 61 17 508 2697
168 61 26 177 3071
168 62 6 227 3111
168 62 19 1590 2293
168 62 21 88 3124
168 63 14 41 3122
168 63 24 600 2642
168 63 25 49 3103
168 63 31 415 2868
168 64 3 210 2928
168 64 4 110 3078
168 64 10 276 2969
168 64 11 250 2889
168 64 13 341 2937
168 64 24 146 3057
168 64 27 438 2716
168 64 30 587 2788
168 65 6 160 3088
168 65 12 128 3056
168 65 16 348 2934
168 66 0 123 3107
168 66 4 41 3102
168 66 12 293 2981
168 66 15 81 3111
168 66 19 119 3116
168 73 25 46 3132
168 74 7 57 3128
168 74 17 57 3128
168 76 17 59 3128
169 26 29 88 3115
169 27 19 89 3115
169 33 2 70 3113
169 36 1 61 3125
169 36 13 712 2769
169 36 18 95 3114
169 36 19 382 2996
169 36 25 93 3119
169 36 26 121 3096
169 36 28 388 2997
169 37 8 45 3122
169 37 11 730 2768
169 41 3 65 3112
169 41 22 47 3130
169 43 6 207 3129
169 54 6 48 3134
169 54 15 43 3127
169 60 21 421 2739
169 61 26 58 3114
169 62 2 47 3088
169 62 4 188 3017
169 62 6 113 3126
169 62 16 1482 2334
169 63 10 132 3023
169 63 12 63 3094
169 63 13 84 3050
169 63 18 45 3088
169 63 24 1852 2132
169 63 25 49 3103
169 63 27 62 3097
169 63 29 68 3110
169 63 31 350 2799
169 64 10 222 2994
169 64 11 84 3050
169 64 13 42 3102
169 64 15 203 3010
169 64 17 158 3030
169 64 20 421 2733
169 64 24 157 3041
169 64 29 341 2941
169 64 30 707 2781
169 65 5 206 3017
169 65 12 74 3085
169 65 16 175 3016
169 66 0 88 3109
169 66 15 85 3113
169 66 19 254 3090
169 66 28 72 3132
169 75 18 85 3133
169 75 25 50 3135
169 75 31 96 3115
169 76 7 52 3135
169 76 25 96 3115
170 37 2 711 2770
170 41 4 45 3127
170 41 5 207 3105
170 41 27 41 3123
170 41 31 47 3130
170 49 21 47 3122
170 49 23 335 3024
170 63 2 59 3079
170 63 7 44 3115
170 63 14 46 3104
170 63 20 54 3108
170 63 30 45 3102
170 64 15 121 3045
170 65 13 81 3053
170 65 26 94 3081
170 65 28 236 3072
170 65 29 158 3093
170 75 24 615 2875
170 75 25 528 2829
170 75 28 176 3043
170 75 29 262 2961
170 76 1 1164 2640
171 41 4 63 3115
171 41 5 62 3115
171 63 10 206 3011
171 63 11 86 3089
171 64 15 74 3060
171 65 15 572 2705
171 65 26 169 3030
171 65 28 81 3101
171 65 31 87 3064
171 75 24 385 2900
171 75 25 171 3032
171 75 28 61 3094
171 75 29 59 3091
172 36 0 42 3128
172 36 25 563 2727
172 36 27 103 3058
172 36 29 107 3069
172 36 31 54 3092
172 64 30 289 2974
172 65 26 106 3071
173 36 25 320 2940
173 36 27 216 3007
173 36 29 290 2973
173 36 31 578 2832
173 41 4 103 3083
173 41 5 115 3090
173 49 21 48 3118
173 49 22 47 3110
173 49 23 80 3101
173 63 7 80 3054
173 63 17 43 3096
173 63 21 64 3088
173 63 23 44 3110
173 63 31 56 3114
173 64 1 421 2733
173 64 3 54 3096
173 64 7 42 3106
173 64 14 402 2740
173 64 15 409 2744
173 73 11 53 3128
173 73 15 92 3131
173 75 0 50 3135
174 27 0 43 3132
174 32 3 49 3126
174 32 24 168 3093
174 32 25 42 3124
174 33 0 60 3125
174 35 0 62 3113
174 35 9 51 3125
174 35 10 98 3104
174 35 17 53 3124
174 35 28 44 3130
174 35 30 73 3120
174 36 0 207 3080
174 36 2 93 3107
174 36 3 60 3122
174 36 13 65 3117
174 36 15 155 3079
174 36 24 137 3077
174 36 25 320 2981
174 36 27 320 2981
174 37 0 352 2967
174 37 3 2494 1561
174 37 4 144 2999
174 37 5 2350 1695
174 39 0 43 3129
174 39 5 61 3123
174 43 0 83 3141
174 45 0 112 3136
174 49 0 82 3139
174 52 0 103 3137
174 52 24 139 3127
174 53 24 45 3127
174 55 3 43 3130
174 55 24 80 3121
174 56 0 88 3124
174 57 3 85 3121
174 58 0 63 3127
174 60 16 51 3107
174 60 17 748 2483
174 60 19 573 2661
174 60 20 978 2319
174 60 24 152 3055
174 60 25 573 2661
174 61 0 1700 2018
174 61 3 1636 2141
174 61 6 2018 1698
174 61 7 2532 1489
174 61 8 973 2386
174 61 9 2532 1489
174 61 11 973 2386
174 62 0 1946 1869
174 63 5 341 2937
174 64 16 414 2879
174 64 17 436 2720
174 64 19 1852 2140
174 64 20 2070 2016
174 64 24 436 2720
174 64 25 814 2514
174 66 16 193 3051
174 66 17 100 3034
174 66 19 177 3071
174 66 20 1796 2214
174 66 25 177 3071
174 74 0 64 3125
174 74 30 68 3133
174 75 0 229 3099
174 75 2 224 3102
174 75 15 84 3109
174 75 24 90 3111
174 75 25 108 3104
174 75 27 108 3104
174 76 0 334 3018
174 76 3 2343 1810
174 76 4 84 3051
174 76 5 84 3051
175 35 8 106 3113
175 35 11 50 3129
175 36 9 45 3122
175 36 10 46 3118
175 41 11 136 3108
175 47 0 94 3123
175 49 0 363 3030
175 49 24 160 3123
175 49 25 46 3122
175 55 21 47 3130
175 63 9 341 2937
175 63 10 341 2937
175 73 9 220 3120
175 73 10 210 3129
175 73 20 48 3126
175 73 21 41 3129
176 32 25 44 3119
176 36 25 380 2996
176 36 27 159 3083
176 39 26 62 3116
176 43 17 88 3141
176 56 9 72 3120
176 56 13 41 3126
176 61 1 72 3065
176 61 3 49 3099
176 61 4 864 2716
176 61 6 503 2882
176 61 7 463 2832
176 61 9 72 3065
176 61 11 49 3099
176 61 12 864 2742
176 61 14 503 2810
176 61 15 463 2833
176 61 20 127 3007
176 61 21 848 2758
176 61 28 279 2864
176 61 29 587 2754
176 62 13 83 3069
176 64 19 156 2987
176 64 25 580 2936
176 64 27 496 2834
176 66 5 116 3115
176 66 13 68 3124
176 66 23 81 3053
176 66 29 345 2886
176 75 12 63 3124
177 36 2 74 3110
177 43 25 49 3119
177 60 18 152 3055
177 60 20 305 2853
177 60 22 71 3085
177 60 28 421 2739
177 60 30 341 2881
177 61 1 343 2799
177 61 3 66 3071
177 61 5 251 2909
177 61 7 503 2703
177 61 9 343 2799
177 61 11 66 3071
177 61 13 251 2913
177 61 15 503 2751
177 62 4 76 3113
177 62 12 1072 2633
177 62 13 215 2971
177 66 7 74 3096
177 66 29 56 3119
177 75 27 795 2841
177 75 31 461 2959
178 37 0 144 2999
178 60 23 384 2758
178 60 31 384 2758
178 61 0 41 3102
178 61 4 460 2745
178 61 6 113 3038
178 61 8 41 3102
178 61 12 460 2728
178 61 14 113 3035
178 62 0 107 3072
178 62 2 44 3111
178 62 4 82 3106
178 62 12 49 3115
178 62 29 62 3135
178 62 30 58 3129
178 62 31 71 3121
178 66 7 127 3059
178 66 29 102 3104
178 76 0 84 3051
179 27 11 53 3121
179 56 11 98 3094
179 56 13 73 3114
179 56 15 50 3127
179 57 23 132 3092
179 57 27 155 3106
179 60 8 43 3099
179 61 4 119 3072
179 61 6 58 3110
179 61 12 119 3090
179 61 14 58 3116
179 61 27 47 3088
179 62 9 117 3056
179 62 13 134 3053
179 64 25 143 3044
179 64 27 234 3017
180 6 22 276 3093
180 7 0 56 3128
180 7 20 96 3122
180 20 22 64 3130
180 20 26 61 3128
180 20 27 50 3135
180 21 0 64 3133
180 21 20 63 3133
180 25 0 72 3139
180 25 7 60 3135
180 25 20 46 3132
180 26 25 82 3122
180 27 0 81 3125
180 27 20 55 3120
180 30 26 59 3126
180 30 29 42 3121
180 30 30 57 3124
180 34 22 69 3129
180 34 26 41 3130
180 35 0 105 3113
180 35 20 55 3116
180 37 1 69 3128
180 39 5 70 3135
180 39 9 70 3135
180 40 29 123 3120
180 58 20 72 3128
180 63 22 92 3115
180 63 26 91 3104
180 63 29 47 3122
180 63 30 57 3119
180 64 0 81 3122
180 64 20 76 3119
180 65 8 795 2807
180 65 22 750 2599
180 65 25 249 2993
180 65 26 750 2599
180 65 27 220 2981
180 65 30 49 3127
180 66 0 750 2599
180 66 20 1013 2493
181 6 21 276 3093
181 20 21 64 3130
181 20 24 52 3128
181 26 17 42 3130
181 26 26 62 3119
181 30 20 51 3119
181 30 25 104 3117
181 30 26 61 3116
181 30 29 104 3117
181 31 3 88 3113
181 31 19 61 3114
181 34 21 69 3129
181 35 3 46 3131
181 36 25 69 3128
181 36 26 57 3145
181 36 29 69 3128
181 37 9 69 3128
181 38 16 99 3128
181 38 25 70 3135
181 38 29 70 3135
181 40 20 122 3119
181 40 25 189 3108
181 40 29 189 3108
181 41 3 61 3121
181 41 7 58 3118
181 41 19 129 3123
181 63 16 108 3112
181 63 17 108 3112
181 63 20 47 3122
181 63 21 92 3115
181 63 25 45 3124
181 63 29 45 3124
181 65 17 770 2588
181 65 21 750 2599
181 65 24 216 2987
181 65 26 293 2971
181 70 19 46 3132
181 71 15 41 3096
181 71 17 137 3073
181 71 25 137 3073
181 71 29 137 3073
181 72 3 298 2932
181 72 7 1307 2605
181 72 19 269 3027
182 21 5 45 3129
182 28 25 82 3126
182 39 9 55 3129
182 39 27 308 2858
182 41 2 769 2896
182 41 3 769 2896
182 55 15 70 3138
182 56 26 680 2531
183 6 6 262 3091
184 9 20 69 3135
184 39 27 680 2531
184 55 12 70 3138
185 6 5 262 3091
185 28 27 82 3126
185 39 26 680 2531
185 42 10 70 3138
186 7 7 319 3083
186 9 23 135 3095
186 14 3 319 3083
186 24 23 86 3127
186 25 23 51 3129
186 27 1 51 3137
186 29 21 61 3133
186 39 1 189 3076
186 39 17 72 3125
186 40 17 260 2926
186 41 1 1097 2728
186 44 7 105 3135
186 52 7 47 3126
186 53 23 84 3142
186 62 17 437 2713
187 9 23 69 3135
187 21 5 45 3129
187 26 0 240 3094
187 36 0 89 3102
187 36 4 48 3124
187 39 0 291 2894
187 39 9 55 3129
187 39 28 41 3134
187 42 11 70 3138
187 54 6 56 3125
187 56 27 680 2531
187 60 22 421 2733
187 62 12 84 3051
187 62 28 89 3074
187 65 18 1078 2694
187 66 12 144 3091
188 21 22 51 3137
188 22 22 260 3103
188 23 17 51 3137
188 23 22 175 3113
188 25 7 51 3137
188 25 17 132 3120
188 27 7 131 3119
188 27 23 197 3108
188 29 6 130 3118
188 36 0 114 3108
188 36 8 56 3122
188 37 23 114 3108
188 39 1 294 2975
188 39 18 81 3111
188 40 2 535 2786
188 42 18 116 3046
188 51 26 48 3129
188 54 5 71 3127
188 56 19 45 3122
188 60 23 179 2961
188 61 13 56 3129
188 63 4 42 3118
188 64 2 988 2576
188 67 8 406 3036
188 67 24 179 3099
188 68 8 796 2624
188 69 22 224 3107
188 70 17 50 3124
188 74 28 48 3126
188 76 24 48 3126
189 18 0 315 3081
189 24 8 46 3135
189 24 23 71 3130
189 25 22 46 3132
189 29 19 60 3134
189 30 31 178 3097
189 35 1 179 3091
189 38 18 374 2862
189 39 0 101 3078
189 39 1 67 3107
189 39 20 42 3115
189 39 21 56 3104
189 40 16 154 3020
189 40 17 258 2982
189 41 6 98 3130
189 41 23 43 3134
189 41 30 719 2732
189 41 31 414 2819
189 43 23 64 3129
189 46 21 101 3117
189 49 3 70 3127
189 53 6 41 3134
189 61 2 68 3125
189 63 28 47 3088
189 64 30 86 3121
189 65 0 42 3137
189 65 1 72 3132
189 65 10 63 3127
189 65 11 94 3123
189 66 12 275 3026
189 66 13 312 3006
189 66 28 438 2722
189 71 14 367 3089
189 71 31 111 3101
189 72 14 1351 2358
189 77 28 223 3103
190 0 6 1347 2274
190 19 18 183 3115
190 24 22 81 3129
190 25 22 59 3130
190 36 1 137 3080
190 37 1 310 2961
190 37 23 138 3081
190 38 18 348 2880
190 38 29 54 3128
190 40 16 161 3020
190 40 31 70 3135
190 42 19 245 2953
190 56 19 60 3113
190 60 23 421 2733
190 65 19 50 3118
190 66 13 105 3109
190 67 17 48 3119
190 71 1 41 3096
191 18 2 262 3091
191 22 2 246 3091
191 24 8 41 3130
191 24 22 73 3133
191 26 14 42 3123
191 29 19 114 3123
191 31 3 55 3125
191 33 15 41 3139
191 36 1 97 3097
191 37 1 145 3020
191 38 18 317 2904
191 38 29 41 3121
191 39 1 157 3027
191 39 16 61 3123
191 39 20 59 3104
191 40 16 312 2885
191 41 29 150 3092
191 46 31 41 3144
191 49 17 50 3125
191 51 6 94 3126
191 53 29 41 3130
191 62 16 421 2733
191 65 19 50 3110
191 66 12 204 3061
191 66 13 160 3088
191 66 28 184 2958
191 68 23 98 3123
191 70 12 98 3123
191 70 31 51 3135
191 71 30 104 3104
191 72 14 133 3008
191 75 29 216 3106
192 21 23 51 3137
192 26 14 64 3129
192 27 0 51 3137
192 29 18 60 3134
192 29 20 61 3133
192 38 18 374 2862
192 39 1 114 3050
192 39 16 72 3125
192 39 19 81 3111
192 39 20 42 3115
192 39 29 41 3134
192 40 3 84 3099
192 40 16 258 2982
192 41 0 47 3111
192 43 22 64 3129
192 52 6 47 3126
192 53 6 41 3134
192 62 13 84 3051
192 62 16 421 2733
192 62 29 89 3074
192 64 3 988 2576
192 65 0 41 3131
192 65 19 51 3121
192 66 13 67 3116
192 67 9 406 3036
192 67 17 48 3119
192 67 25 204 3090
192 68 9 400 2777
193 14 2 319 3083
193 18 2 262 3091
193 23 17 51 3137
193 25 7 51 3137
193 25 17 132 3120
193 27 7 131 3119
193 27 23 197 3108
193 29 7 130 3118
193 29 19 114 3123
193 31 3 55 3125
193 33 15 41 3139
193 36 1 114 3108
193 36 9 56 3122
193 37 1 390 2855
193 37 23 114 3108
193 38 29 41 3121
193 39 0 53 3113
193 39 16 58 3124
193 41 0 56 3106
193 42 19 67 3081
193 51 27 48 3129
193 53 22 84 3142
193 53 29 41 3130
193 54 7 56 3125
193 60 23 421 2733
193 62 16 421 2733
193 62 29 820 2734
193 63 28 47 3088
193 64 3 477 2909
193 65 10 49 3124
193 65 19 103 3084
193 66 12 132 3079
193 67 17 48 3119
193 68 23 98 3123
193 70 31 51 3135
193 71 1 41 3096
193 74 29 48 3126
194 0 6 1605 1806
194 7 6 319 3083
194 9 22 151 3097
194 18 0 315 3081
194 19 18 183 3115
194 22 2 246 3091
194 24 22 73 3133
194 34 19 64 3122
194 36 5 48 3124
194 37 1 390 2855
194 38 18 186 3002
194 38 29 48 3130
194 39 0 189 3076
194 39 16 41 3123
194 40 3 86 3099
194 41 0 1097 2728
194 41 29 89 3098
194 41 30 860 2489
194 44 6 105 3135
194 46 20 101 3117
194 49 2 70 3127
194 51 6 94 3126
194 58 12 50 3125
194 61 2 66 3123
194 63 5 42 3118
194 64 3 530 2863
194 65 19 1078 2694
194 66 13 160 3088
194 66 28 218 2927
194 67 17 48 3119
194 70 17 50 3124
194 71 1 41 3096
195 23 23 175 3113
195 24 22 86 3127
195 26 1 240 3094
195 30 14 55 3123
195 30 30 178 3097
195 34 19 48 3123
195 35 0 179 3091
195 37 1 390 2855
195 38 18 238 2960
195 39 1 294 2975
195 40 3 87 3100
195 40 16 126 3038
195 40 31 70 3135
195 41 6 98 3130
195 41 22 43 3134
195 41 29 113 3082
195 42 19 245 2953
195 49 17 50 3125
195 54 5 71 3127
195 61 13 94 3123
195 64 3 461 2922
195 64 30 86 3121
195 65 0 72 3132
195 65 10 94 3123
195 65 19 91 3094
195 66 12 312 3006
195 66 28 438 2722
195 70 12 98 3123
195 71 14 367 3089
195 71 30 111 3101
195 72 14 133 3008
195 76 25 48 3126
196 6 7 262 3091
196 24 14 118 3109
196 25 16 49 3140
196 35 7 46 3124
196 41 4 98 3130
196 63 22 95 3115
196 65 10 49 3122
196 65 12 710 2855
196 65 20 50 3117
196 65 21 213 2949
196 65 22 192 2946
196 65 27 719 2867
196 65 31 233 3064
196 66 9 61 3119
196 66 27 116 3100
196 70 6 52 3138
196 71 18 41 3096
196 71 25 41 3096
197 25 16 47 3135
197 26 12 66 3123
197 27 18 42 3123
197 30 28 66 3115
197 34 21 70 3115
197 64 29 72 3119
197 64 31 42 3118
197 65 3 387 2955
197 65 12 749 2846
197 65 13 203 3074
197 65 22 220 2918
197 65 27 719 2867
197 65 31 97 3105
197 66 9 56 3119
197 66 10 44 3110
197 66 11 272 2902
197 69 1 48 3119
197 72 1 45 3126
198 24 15 107 3117
198 30 18 60 3114
198 31 26 46 3141
198 34 12 56 3122
198 41 7 44 3135
198 57 0 42 3130
198 64 30 42 3118
198 65 12 74 3127
198 65 26 357 3002
198 65 30 112 3113
198 66 12 220 2918
198 69 19 41 3121
198 69 25 52 3128
198 70 15 48 3135
198 71 22 41 3096
198 71 30 832 2808
199 25 17 51 3135
199 65 11 335 3054
199 65 12 233 3064
199 65 13 653 2879
199 65 19 384 3038
199 65 23 220 2918
199 65 30 233 3064
199 66 10 126 3032
199 69 21 51 3135
199 70 22 98 3123
199 71 25 70 3119
199 72 17 41 3096
200 27 10 53 3122
200 35 20 69 3109
200 65 13 136 3080
200 65 22 205 2933
200 65 27 302 3028
200 65 31 97 3108
200 66 9 61 3119
200 66 11 169 2992
200 66 13 220 2918
200 66 27 233 3064
200 71 15 44 3121
200 71 18 41 3096
200 71 24 70 3119
200 72 16 41 3096
201 30 11 55 3115
201 35 27 48 3126
201 63 14 75 3122
201 65 10 48 3120
201 65 12 669 2872
201 65 22 220 2918
201 66 10 44 3110
201 66 27 233 3064
201 69 13 52 3128
201 71 15 70 3119
201 71 18 41 3096
201 71 23 41 3096
201 71 24 70 3119
201 72 1 44 3127
201 72 16 41 3096
202 6 7 262 3091
202 24 14 125 3112
202 26 12 66 3123
202 30 11 55 3115
202 34 13 56 3122
202 63 14 46 3125
202 65 3 387 2955
202 65 13 233 3064
202 65 27 719 2867
202 65 31 233 3064
202 66 11 272 2902
202 66 13 220 2918
202 69 1 48 3119
202 69 18 41 3121
202 69 20 51 3135
202 69 24 52 3128
202 70 6 52 3138
202 71 23 41 3096
202 72 1 45 3126
203 27 10 53 3122
203 27 18 42 3123
203 30 19 60 3114
203 31 27 41 3139
203 34 21 70 3115
203 41 6 44 3135
203 64 29 72 3119
203 64 31 42 3118
203 65 10 335 3054
203 65 12 749 2846
203 65 22 220 2918
203 66 11 237 2932
203 66 13 192 2946
203 69 13 52 3128
203 69 25 50 3115
203 70 23 98 3123
203 71 15 70 3119
203 71 18 41 3096
203 71 24 70 3119
203 71 25 41 3096
203 72 16 41 3096
204 24 14 118 3109
204 35 7 46 3124
204 35 27 48 3126
204 41 4 98 3130
204 63 14 75 3122
204 65 12 711 2866
204 65 18 384 3038
204 65 20 50 3117
204 65 22 220 2918
204 71 24 70 3119
205 25 16 65 3137
205 30 28 66 3115
205 35 20 69 3109
205 63 14 75 3122
205 64 29 72 3119
205 65 13 171 3096
205 66 27 233 3064
205 70 14 48 3135
205 71 23 41 3096
205 71 24 42 3118
206 57 19 128 3120
206 57 27 104 3120
206 57 31 76 3119
206 65 5 144 3095
206 65 7 152 3097
206 65 13 230 3052
206 65 15 403 2967
206 66 1 567 2814
206 66 3 450 2819
206 66 9 616 2767
206 66 11 1856 1549
207 65 18 672 2877
207 65 24 56 3105
207 65 26 736 2837
207 66 1 796 2808
207 66 11 52 3090
207 66 24 3328 807
207 71 1 1138 2583
207 71 3 711 2700
207 71 5 61 3100
207 71 7 108 3056
207 71 9 57 3098
207 71 11 48 3103
207 71 15 76 3086
207 71 25 1661 2355
208 66 3 272 2902
208 66 16 220 2918
208 66 24 221 2936
208 71 14 41 3096
209 66 10 220 2918
210 30 3 55 3123
210 30 24 178 3097
210 31 0 61 3114
210 41 0 129 3123
210 41 6 98 3130
210 41 27 44 3135
210 64 26 106 3116
210 65 4 52 3128
210 66 26 438 2722
210 70 0 46 3132
210 70 30 51 3134
210 71 0 366 3089
210 71 2 367 3089
210 71 24 71 3120
210 71 25 111 3101
210 71 27 111 3101
210 72 0 269 3027
210 72 3 2392 1767
210 72 4 133 3008
210 72 5 133 3008
211 6 1 262 3091
211 7 0 96 3122
211 21 0 63 3133
211 21 4 45 3129
211 24 15 44 3135
211 25 0 46 3132
211 25 21 82 3130
211 25 24 86 3127
211 27 0 55 3120
211 34 24 64 3122
211 35 0 55 3116
211 35 4 179 3091
211 58 0 72 3128
211 64 0 76 3119
211 64 3 45 3119
211 64 8 68 3115
211 64 11 47 3120
211 64 16 52 3139
211 64 17 42 3118
211 64 30 86 3121
211 65 0 185 3108
211 65 2 104 3125
211 65 12 72 3122
211 65 14 664 2874
211 65 24 62 3109
211 65 25 502 2909
211 65 26 1078 2694
211 66 0 1013 2493
211 66 3 312 3010
211 66 5 312 3010
211 66 16 2744 925
211 66 28 218 2937
211 66 30 438 2722
211 69 20 50 3124
211 69 21 137 3103
212 66 7 146 3120
213 72 0 133 3008
214 66 3 86 3120
214 71 21 1195 2699
215 30 23 41 3120
216 0 3 942 2580
216 0 7 2460 1273
216 4 3 87 3111
216 50 14 2528 1403
217 0 0 1636 2141
217 0 1 2080 1672
217 0 5 2460 1273
217 0 6 2460 1273
217 4 1 87 3111
217 4 2 87 3111
217 36 0 1636 2141
217 36 2 1981 1787
218 31 25 61 3133
218 42 30 83 3125
218 46 5 43 3137
218 50 20 2526 1405
218 50 21 2526 1405
218 53 10 1636 2141
218 53 11 1186 2404
218 54 10 2532 1489
219 1 5 2538 1393
219 42 30 83 3125
219 50 24 198 3082
219 50 25 198 3082
220 1 6 546 2665
220 30 21 66 3133
220 31 25 61 3133
220 46 6 45 3138
220 50 22 2526 1405
220 50 24 198 3082
220 50 25 198 3082
221 5 24 87 3111
221 50 20 2526 1405
221 50 21 2526 1405
221 50 23 198 3082
221 53 9 1636 2141
221 54 9 1564 1926
222 0 5 434 2910
222 1 4 2538 1393
222 5 24 201 3107
222 30 20 66 3133
222 30 29 83 3125
222 34 6 46 3135
222 40 1 1230 2135
222 41 23 42 3115
223 5 25 87 3111
223 33 2 56 3136
223 33 26 42 3131
223 35 22 48 3124
223 53 11 1636 2141
223 54 11 2532 1489
223 54 12 41 3130
223 62 22 58 3121
223 64 28 73 3127
223 65 28 324 3004
223 66 12 128 3008
224 1 21 58 3137
224 33 3 69 3139
224 35 18 116 3109
224 65 2 143 3095
225 35 0 395 2856
225 37 14 187 3092
225 40 0 980 2342
225 43 4 42 3131
225 65 31 49 3100
225 66 14 365 3082
225 73 29 227 3101
226 9 24 306 3020
226 22 27 88 3131
226 24 15 88 3131
226 25 31 88 3131
226 33 3 69 3139
226 35 0 243 2960
226 37 22 48 3124
226 39 13 60 3125
226 48 24 101 3117
226 53 24 71 3127
227 6 19 193 3092
227 20 27 44 3127
227 24 15 43 3133
227 25 31 66 3133
227 34 11 2442 1476
227 35 0 395 2856
227 39 13 41 3121
227 41 6 65 3119
227 43 4 48 3123
227 48 22 45 3130
227 51 22 78 3125
227 64 19 52 3123
227 65 14 285 3007
227 65 30 49 3100
227 66 13 61 3074
227 66 14 350 3082
227 75 30 71 3133
228 20 27 44 3127
228 34 11 2442 1476
228 35 0 395 2856
228 35 19 116 3109
228 36 30 47 3123
228 37 22 48 3124
228 39 13 45 3127
228 40 0 597 2663
228 53 24 71 3127
228 54 13 41 3130
228 63 14 49 3131
228 65 14 357 2931
228 65 30 49 3100
229 0 4 438 2852
229 9 24 536 2926
229 30 28 83 3125
229 33 3 69 3139
229 35 0 144 3024
229 35 23 48 3124
229 39 13 41 3121
229 62 23 42 3118
229 64 19 42 3118
229 65 14 357 2931
230 24 15 88 3131
230 35 19 142 3081
230 36 30 64 3124
230 37 14 187 3092
230 40 0 1230 2135
230 41 6 65 3119
230 41 22 42 3115
230 43 4 42 3131
230 48 22 45 3130
230 48 24 101 3117
230 51 22 78 3125
230 65 29 234 3069
230 66 14 365 3082
230 75 30 71 3133
231 1 21 58 3137
231 9 24 536 2926
231 33 27 42 3131
231 35 19 59 3109
231 65 29 234 3069
231 65 30 49 3100
231 66 13 128 3008
244 0 22 423 2921
244 1 0 617 2800
244 1 20 464 2932
244 6 22 540 2928
244 7 0 539 2926
244 7 13 2645 1161
244 7 19 3416 652
244 7 20 296 3017
244 8 27 330 2905
244 21 0 134 3123
244 21 20 86 3124
244 23 0 88 3131
244 23 3 42 3129
244 24 27 61 3127
244 25 5 41 3134
244 25 16 63 3130
244 25 20 41 3130
244 31 14 2554 1226
244 34 22 110 3119
244 34 27 67 3125
244 34 29 98 3113
244 35 0 85 3116
244 35 5 92 3129
244 35 9 92 3129
244 35 20 61 3119
244 40 22 64 3128
244 40 30 45 3128
244 49 10 79 3132
244 60 4 47 3131
244 61 22 140 3106
244 62 4 251 3081
244 62 20 61 3134
244 65 26 154 3118
244 65 30 164 3116
244 66 20 64 3126
244 67 25 44 3128
244 67 26 132 3115
244 67 30 134 3114
244 68 20 44 3132
245 0 21 423 2921
245 0 25 1658 1802
245 0 29 1658 1802
245 1 3 1632 1806
245 1 7 713 2628
245 1 19 1447 2129
245 5 3 46 3137
245 6 17 1666 2154
245 6 21 540 2928
245 6 25 1421 2275
245 6 29 1421 2275
245 7 3 862 2487
245 7 13 680 2531
245 7 18 3416 652
245 7 19 1110 2412
245 7 20 3416 652
245 8 25 2574 1374
245 8 29 2574 1374
245 9 3 810 2588
245 9 19 1267 2270
245 22 25 43 3130
245 23 3 75 3132
245 23 5 65 3137
245 23 9 47 3133
245 23 19 65 3135
245 24 17 111 3127
245 24 24 72 3122
245 24 25 86 3127
245 24 29 86 3127
245 24 31 44 3129
245 25 0 86 3127
245 25 3 82 3130
245 25 9 86 3127
245 25 19 123 3123
245 31 12 418 2765
245 31 13 680 2531
245 34 20 97 3114
245 34 21 110 3119
245 34 24 79 3127
245 34 25 84 3132
245 34 29 92 3129
245 40 21 64 3128
245 40 24 55 3127
245 41 3 48 3130
245 41 5 64 3128
245 41 6 64 3128
245 41 19 44 3130
245 44 25 48 3124
245 44 29 48 3124
245 45 3 55 3126
245 48 25 79 3132
245 48 29 79 3132
245 49 2 79 3132
245 61 17 146 3108
245 61 21 140 3106
245 67 25 45 3125
245 67 26 45 3127
245 67 29 45 3125
245 68 19 45 3123
246 0 7 1605 1806
246 1 22 306 2933
246 1 23 438 2852
246 4 22 49 3139
246 4 23 49 3139
246 5 6 62 3115
246 5 7 62 3115
246 6 7 822 2500
246 7 25 536 2926
246 8 23 83 3133
246 9 7 237 3044
246 9 22 273 2898
246 9 23 546 2665
246 12 6 1605 1806
246 12 7 1050 2265
246 13 22 438 2852
246 13 23 163 3041
246 16 22 48 3138
246 17 6 62 3115
246 17 7 86 3135
246 24 23 43 3136
246 25 3 41 3133
246 28 6 1179 2483
246 28 7 1601 1808
246 41 10 97 3129
246 41 11 97 3129
246 41 31 43 3134
246 45 9 42 3131
246 47 29 64 3074
246 52 7 46 3127
247 0 6 1605 1806
247 1 18 69 3135
247 1 22 438 2852
247 6 6 1312 2304
247 7 24 536 2926
247 7 25 224 3033
247 8 22 83 3133
247 9 6 237 3044
247 9 22 2538 1393
247 17 6 103 3128
247 21 4 79 3135
247 23 4 44 3136
247 24 20 69 3139
247 24 21 69 3139
247 34 9 67 3136
247 45 9 66 3116
247 47 28 416 2766
247 52 24 49 3136
247 64 17 52 3116
248 7 26 239 3054
248 8 20 42 3137
248 9 4 45 3117
248 21 5 66 3131
248 21 6 78 3132
248 24 21 64 3139
248 24 22 64 3140
248 41 28 43 3134
248 45 9 42 3131
248 45 10 41 3122
248 47 29 680 2531
248 52 25 49 3136
248 64 8 44 3126
249 0 5 825 2442
249 1 21 265 2967
249 5 5 205 3115
249 6 5 414 2809
249 8 21 83 3133
249 9 21 2538 1393
249 28 5 882 2383
249 28 6 796 2472
249 52 6 46 3127
249 64 16 52 3116
250 0 6 1605 1806
250 1 18 69 3135
250 1 22 438 2852
250 5 6 205 3115
250 6 2 319 3083
250 6 6 1312 2304
250 7 22 186 3114
250 7 24 498 2938
250 9 6 237 3044
250 21 3 43 3124
250 28 6 698 2551
250 30 23 44 3130
250 34 8 67 3136
250 34 21 2442 1476
250 38 31 886 2503
250 40 31 85 3071
250 47 28 680 2531
250 64 16 52 3116
250 64 17 365 3082
251 6 3 319 3083
251 7 23 186 3114
251 7 25 536 2926
251 9 30 41 3134
251 11 14 82 3132
251 12 7 1605 1806
251 12 30 98 3135
251 13 23 438 2852
251 16 23 48 3138
251 17 7 62 3115
251 18 16 66 3135
251 20 23 46 3139
251 21 0 1032 2508
251 21 16 2538 1393
251 22 20 208 3057
251 23 4 265 2900
251 24 21 69 3139
251 25 18 72 3127
251 28 7 1182 2156
251 39 28 43 3121
251 42 6 807 2472
251 44 4 1597 1812
251 45 9 49 3114
251 53 4 41 3134
251 62 10 60 3124
251 64 11 44 3126
252 9 26 128 3101
252 9 30 82 3132
252 11 15 50 3130
252 18 17 102 3118
252 19 7 108 3124
252 20 1 47 3129
252 20 9 41 3127
252 21 30 139 3130
252 22 5 1198 2377
252 22 20 228 3047
252 23 4 2538 1393
252 25 18 43 3127
252 29 0 45 3130
252 29 7 45 3129
252 33 13 69 3139
252 34 10 67 3131
252 34 18 289 3004
252 35 5 45 3129
252 36 30 92 3129
252 38 0 64 3128
252 38 14 92 3129
252 38 17 250 2925
252 39 23 64 3128
252 40 6 1601 1808
252 40 7 1183 2148
252 41 10 195 3100
252 42 6 1601 1808
252 42 7 1215 2131
252 42 14 2153 1736
252 43 26 64 3129
252 43 30 250 2951
252 43 31 163 3023
252 44 4 1160 2178
252 44 5 876 2413
252 46 15 86 3126
252 48 25 56 3124
252 51 9 88 3124
252 62 30 62 3125
252 65 19 49 3100
252 67 4 80 3116
253 0 18 58 3137
253 1 2 141 3121
253 1 3 63 3114
253 3 18 1312 2304
253 19 15 186 3114
253 20 8 42 3135
253 21 17 52 3138
253 24 7 41 3134
253 24 14 135 3107
253 24 15 79 3125
253 24 31 48 3125
253 28 16 41 3139
253 29 24 43 3134
253 31 3 45 3129
253 34 20 398 2799
253 34 25 78 3127
253 35 1 64 3124
253 35 16 187 3092
253 35 29 42 3131
253 40 2 2239 1668
253 40 3 80 3067
253 40 15 47 3125
253 40 30 103 3065
253 44 28 82 3126
253 46 22 101 3117
253 46 26 56 3124
253 47 19 49 3136
253 48 15 59 3141
253 49 27 51 3136
253 51 21 71 3127
253 53 20 84 3142
253 56 14 61 3130
253 58 15 43 3126
253 61 5 140 3106
253 61 20 248 3070
253 65 15 356 3047
254 9 31 82 3132
254 11 11 139 3108
254 19 7 134 3123
254 20 9 50 3129
254 21 31 170 3124
254 22 21 206 3052
254 23 5 546 2665
254 23 15 50 3138
254 24 2 592 2645
254 25 22 408 2951
254 28 31 68 3123
254 34 20 394 2799
254 38 17 2304 1619
254 39 6 42 3117
254 39 30 95 3100
254 40 30 2072 1811
254 41 11 69 3129
254 41 15 53 3118
254 42 7 1058 2252
254 42 15 186 2999
254 42 27 53 3123
254 43 31 144 3034
254 44 5 790 2475
254 48 14 42 3134
254 49 13 48 3106
255 0 18 41 3138
255 1 2 208 3112
255 11 11 98 3135
255 12 31 97 3116
255 18 2 1307 2305
255 20 1 74 3129
255 20 8 54 3130
255 20 18 78 3131
255 21 31 70 3122
255 22 21 221 3047
255 23 22 66 3125
255 23 31 63 3119
255 24 2 1601 1808
255 24 6 44 3136
255 24 14 160 3112
255 27 8 74 3128
255 33 13 69 3139
255 34 20 238 2927
255 36 15 41 3133
255 38 17 401 2806
255 38 30 45 3100
255 39 6 230 3089
255 39 30 95 3100
255 40 2 196 2988
255 40 30 112 3048
255 41 8 45 3133
255 41 11 69 3129
255 41 15 159 3069
255 42 7 1331 2034
255 42 15 154 3025
255 43 31 2153 1736
255 44 6 67 3133
255 45 23 51 3136
255 48 9 86 3126
255 58 14 50 3125
255 64 16 365 3082
255 65 27 292 3057
256 18 2 622 2649
256 18 17 84 3133
256 19 7 63 3131
256 20 18 78 3131
256 21 1 237 3044
256 21 2 43 3124
256 21 16 52 3138
256 21 17 2538 1393
256 21 31 106 3126
256 22 5 497 2744
256 24 2 1314 2018
256 25 19 52 3132
256 25 22 338 2901
256 29 7 45 3129
256 30 22 44 3130
256 31 2 45 3129
256 34 11 67 3131
256 34 19 224 2978
256 34 20 2442 1476
256 35 28 42 3131
256 38 30 708 2545
256 39 29 55 3125
256 39 30 95 3100
256 40 2 2239 1668
256 40 7 1601 1808
256 40 14 47 3125
256 40 30 2072 1811
256 43 31 148 3032
256 44 5 1478 1910
256 44 28 82 3126
256 46 26 56 3124
256 47 18 49 3136
256 48 14 71 3143
256 48 25 56 3124
256 65 14 356 3047
257 3 18 1312 2304
257 9 31 82 3132
257 11 11 98 3135
257 12 31 104 3117
257 18 2 1307 2305
257 19 14 186 3114
257 20 1 74 3129
257 20 9 41 3127
257 20 18 83 3133
257 21 17 283 2893
257 21 31 70 3122
257 22 21 228 3047
257 23 5 2538 1393
257 23 15 65 3130
257 24 2 1601 1808
257 25 19 84 3134
257 25 22 435 2850
257 25 25 61 3129
257 28 16 41 3139
257 29 1 45 3130
257 29 24 43 3134
257 33 13 69 3139
257 34 19 202 2991
257 34 20 50 3094
257 35 0 54 3121
257 36 15 41 3133
257 36 31 92 3129
257 38 17 286 2908
257 39 23 64 3128
257 39 29 54 3123
257 40 2 202 2990
257 40 7 381 2825
257 41 11 43 3128
257 41 15 159 3069
257 42 7 1601 1808
257 42 15 2153 1736
257 43 31 192 3000
257 44 5 1597 1812
257 46 15 86 3126
257 48 9 86 3126
257 58 14 50 3125
257 64 16 365 3082
258 12 31 128 3117
258 21 1 235 3046
258 21 2 41 3124
258 21 17 152 3006
258 23 15 65 3130
258 24 14 135 3107
258 25 22 232 2972
258 28 31 84 3132
258 38 1 64 3128
258 38 15 92 3129
258 38 17 228 2946
258 38 30 886 2503
258 39 6 49 3116
258 40 2 148 3030
258 40 14 47 3125
258 40 30 236 2966
258 41 11 195 3100
258 41 15 146 3073
258 44 5 812 2464
258 44 6 67 3133
258 46 22 101 3117
258 51 20 71 3127
258 53 20 84 3142
258 64 16 205 3106
259 0 18 58 3137
259 1 2 63 3114
259 9 27 151 3097
259 11 15 82 3132
259 12 31 98 3135
259 21 17 340 2843
259 21 31 108 3119
259 22 5 1198 2377
259 22 21 119 3089
259 23 15 50 3138
259 23 22 66 3125
259 24 2 1581 1816
259 24 14 133 3112
259 25 19 46 3131
259 25 22 240 2979
259 33 13 69 3139
259 34 19 395 2856
259 34 24 78 3127
259 35 0 64 3124
259 35 5 45 3129
259 35 16 187 3092
259 38 17 2304 1619
259 39 6 230 3089
259 39 29 43 3121
259 40 2 190 2988
259 40 7 1182 2156
259 42 7 138 3010
259 42 27 53 3123
259 43 27 64 3129
259 43 31 2153 1736
259 44 5 1269 2089
259 45 23 51 3136
259 48 14 42 3133
259 49 26 51 3136
259 51 9 88 3124
259 53 5 41 3134
259 58 14 41 3129
259 61 4 140 3106
259 62 11 51 3126
259 65 19 49 3100
259 67 5 80 3116
260 1 7 63 3114
260 1 31 438 2852
260 9 7 237 3044
260 9 15 121 3092
260 9 23 2538 1393
260 22 30 86 3123
260 23 16 42 3126
260 24 30 48 3134
260 38 21 103 3107
260 40 18 46 3130
260 41 9 42 3131
260 62 11 55 3125
260 66 20 47 3125
261 0 15 1605 1806
261 0 31 58 3137
261 6 23 186 3114
261 7 1 417 2805
261 7 15 319 3083
261 7 31 536 2926
261 22 6 86 3123
261 24 23 60 3129
261 34 28 65 3125
261 35 5 80 3116
261 35 16 43 3131
261 38 21 75 3106
261 40 1 195 3100
261 41 9 61 3133
261 44 6 50 3117
261 62 24 53 3129
261 65 13 164 3105
262 7 17 1312 2304
262 7 30 289 3007
262 8 22 82 3132
262 9 6 128 3087
262 24 22 86 3127
262 24 31 85 3131
262 34 15 83 3112
262 38 20 102 3108
262 39 26 68 3113
262 40 19 54 3126
262 41 17 64 3128
263 1 22 69 3135
263 7 0 434 2790
263 8 22 41 3139
263 9 6 115 3089
263 9 22 267 2905
263 24 31 54 3129
263 35 23 73 3117
263 38 12 367 3049
263 38 20 61 3116
263 41 8 42 3133
263 61 0 72 3125
263 62 16 153 3099
263 66 2 163 3104
263 68 26 67 3117
264 0 31 41 3138
264 1 7 208 3112
264 7 1 434 2790
264 7 16 613 2653
264 7 31 415 2970
264 8 23 82 3132
264 9 23 546 2665
264 18 1 102 3120
264 34 22 85 3113
264 41 9 65 3134
264 66 21 42 3126
264 68 11 44 3130
265 0 15 825 2442
265 1 31 201 2976
265 7 1 1312 2304
265 7 16 419 2808
265 7 31 309 2992
265 9 15 237 3044
265 23 16 66 3130
265 24 30 85 3131
265 40 18 48 3122
266 0 31 58 3137
266 1 7 130 3116
266 7 1 1312 2304
266 7 16 416 2806
266 23 16 57 3129
266 24 23 42 3132
266 34 14 83 3112
266 34 28 65 3125
266 35 16 43 3131
266 39 27 64 3114
266 40 1 195 3100
266 40 18 54 3126
266 41 16 64 3128
266 65 13 164 3105
266 66 21 42 3126
267 1 7 63 3114
267 8 23 82 3132
267 9 7 237 3044
267 9 23 2538 1393
267 22 30 86 3123
267 24 23 49 3131
267 34 22 85 3113
267 35 5 80 3116
267 39 27 68 3113
267 61 1 72 3125
267 62 17 153 3099
268 1 23 69 3135
268 1 31 438 2852
268 6 23 186 3114
268 7 1 613 2653
268 7 16 1312 2304
268 7 31 536 2926
268 9 15 237 3044
268 22 6 86 3123
268 38 13 367 3049
268 44 6 50 3117
268 62 11 55 3125
268 68 11 44 3130
269 0 15 1605 1806
269 7 1 414 2809
269 7 15 319 3083
269 9 15 147 3073
269 24 15 55 3133
269 24 23 86 3127
269 35 22 73 3117
269 40 18 44 3125
270 18 13 41 3131
270 39 1 43 3113
270 39 3 215 3086
270 40 6 44 3124
270 60 5 64 3122
270 60 9 69 3137
270 61 14 60 3123
270 61 15 78 3118
270 61 31 226 3065
270 66 3 44 3127
270 66 15 135 3126
270 68 15 48 3122
273 35 29 63 3118
273 60 13 108 3118
273 61 31 154 3111
273 66 7 110 3114
273 66 15 64 3126
273 68 7 123 3109
273 68 13 72 3129
273 68 15 41 3129
274 0 0 1605 1806
274 0 1 1605 1806
274 0 2 1605 1806
274 0 3 1605 1806
274 1 0 1447 2129
274 1 26 438 2852
274 1 28 48 3137
274 1 29 69 3135
274 6 0 822 2500
274 6 3 1312 2304
274 6 18 186 3114
274 6 22 62 3117
274 6 23 186 3114
274 7 0 1022 2420
274 7 7 319 3083
274 7 11 319 3083
274 7 26 536 2926
274 8 24 55 3121
274 8 25 80 3117
274 8 26 82 3132
274 9 0 1269 2268
274 9 3 1282 2329
274 9 4 237 3044
274 9 5 868 2598
274 9 6 707 2691
274 9 27 1853 1805
274 9 28 1655 1978
274 9 29 2538 1393
274 9 30 2538 1393
274 18 5 114 3121
274 21 2 80 3134
274 23 0 65 3135
274 23 1 44 3136
274 25 0 90 3127
274 25 20 108 3120
274 34 24 78 3127
274 41 0 44 3130
274 41 5 44 3132
274 61 4 140 3106
275 0 24 41 3138
275 0 25 41 3138
275 0 26 44 3143
275 0 27 58 3137
275 1 0 464 2932
275 1 3 208 3112
275 1 4 208 3112
275 1 5 177 3102
275 1 6 63 3114
275 1 28 438 2852
275 1 29 438 2852
275 1 30 512 2897
275 7 0 296 3017
275 7 28 536 2926
275 7 29 536 2926
275 7 30 357 2984
275 20 15 61 3137
275 20 30 48 3137
275 21 0 86 3124
275 22 30 42 3139
275 25 0 41 3130
275 35 0 61 3119
275 35 4 64 3124
275 35 5 46 3124
275 35 28 187 3092
275 39 8 106 3105
275 39 11 140 3103
275 40 9 195 3100
275 40 10 77 3127
275 62 0 61 3134
275 66 0 64 3126
275 68 0 44 3132
276 23 27 86 3123
277 6 0 822 2500
277 6 8 1312 2304
280 5 13 2532 1489
280 5 19 2532 1489
280 10 22 260 3085
280 10 27 169 3095
280 10 30 317 3038
280 11 0 380 3037
280 11 20 302 3076
280 22 22 97 3117
280 22 29 56 3123
280 23 0 70 3129
280 23 6 57 3127
280 23 20 107 3134
280 29 17 498 2751
280 40 29 81 3127
280 50 14 1345 2352
280 54 0 42 3126
280 57 25 43 3127
280 57 27 44 3129
280 61 22 99 3119
280 61 25 142 3101
280 62 0 99 3119
280 62 20 77 3127
280 63 10 49 3123
280 63 22 62 3132
280 63 25 51 3126
280 64 0 78 3116
280 64 20 102 3110
280 65 22 204 3073
280 65 25 70 3117
280 65 26 1183 2631
280 65 30 1188 2626
280 66 0 522 2818
280 66 20 371 2991
281 5 13 2532 1489
281 5 18 2532 1489
281 5 20 2532 1489
281 10 21 260 3085
281 10 24 172 3091
281 10 25 274 3068
281 10 29 245 3077
281 11 3 481 2993
281 11 19 344 3044
281 22 20 56 3123
281 22 21 142 3125
281 22 31 90 3132
281 23 5 142 3125
281 23 6 142 3125
281 29 13 2532 1489
281 29 14 2532 1489
281 31 3 43 3128
281 36 17 71 3126
281 40 16 129 3109
281 40 25 121 3110
281 40 29 121 3110
281 41 19 93 3130
281 54 3 41 3128
281 55 20 41 3126
281 57 25 83 3118
281 57 26 43 3127
281 57 29 83 3118
281 58 3 91 3118
281 58 19 78 3120
281 61 17 115 3119
281 61 21 99 3119
281 61 25 42 3124
281 61 26 128 3099
281 61 29 42 3124
281 62 3 42 3124
281 63 9 61 3122
281 63 10 61 3122
281 63 14 43 3122
281 63 16 78 3133
281 63 21 62 3132
281 63 26 47 3126
281 65 17 201 3076
281 65 21 204 3073
281 65 26 82 3103
282 10 5 151 3097
282 10 9 219 3083
282 10 25 56 3137
282 11 7 369 3033
282 11 21 98 3135
282 27 25 43 3134
282 45 10 2532 1489
282 48 26 64 3127
282 50 20 894 2760
282 50 21 894 2760
282 57 17 82 3122
282 57 27 43 3130
282 63 17 80 3091
283 10 4 110 3103
283 10 5 83 3108
283 11 6 125 3111
283 11 20 179 3107
283 11 21 103 3126
283 22 18 66 3133
283 27 25 43 3134
283 28 24 78 3126
283 41 14 45 3130
283 44 13 1279 2356
283 45 10 1176 2233
283 50 24 766 2610
283 50 25 766 2610
283 55 26 84 3142
283 57 16 42 3127
283 57 17 52 3126
283 63 16 91 3094
283 63 17 154 3059
284 10 6 151 3097
284 10 9 52 3113
284 10 10 219 3083
284 10 26 43 3122
284 11 22 98 3135
284 18 5 48 3133
284 23 6 49 3133
284 44 13 1636 2141
284 45 11 896 2442
284 48 27 64 3127
284 50 22 894 2760
284 50 24 766 2610
284 50 25 766 2610
284 55 24 84 3142
284 57 18 82 3122
284 57 24 43 3130
285 11 5 182 3081
285 22 17 66 3133
285 28 27 78 3126
285 44 12 652 2726
285 44 15 1277 2367
285 48 20 50 3134
285 48 23 50 3134
285 50 20 894 2760
285 50 21 894 2760
285 50 23 766 2610
285 57 19 43 3128
285 63 16 169 3048
286 11 6 125 3111
286 22 17 145 3103
286 22 21 107 3128
286 23 4 49 3133
286 25 7 1198 2377
286 32 27 78 3127
286 34 21 64 3133
286 36 17 447 2757
286 38 23 50 3138
286 39 31 538 2708
286 40 29 530 2705
286 41 14 45 3130
286 42 25 53 3125
286 43 23 829 2447
286 44 5 64 3129
286 44 12 1636 2141
286 48 5 100 3114
286 52 27 41 3134
286 63 17 46 3103
286 65 1 80 3116
286 66 15 79 3055
287 0 18 63 3114
287 9 2 2538 1393
287 10 5 145 3096
287 10 9 127 3098
287 10 25 56 3137
287 11 7 182 3081
287 11 21 90 3116
287 12 14 56 3137
287 21 12 66 3109
287 21 22 1198 2377
287 22 12 76 3125
287 22 20 273 2898
287 34 22 42 3130
287 41 2 65 3101
287 45 11 2532 1489
287 60 18 76 3121
287 61 22 42 3124
287 64 16 45 3126
288 9 6 125 3111
288 21 23 745 2556
288 22 20 366 2826
288 22 21 263 2896
288 23 17 1198 2377
288 29 13 45 3130
288 33 2 69 3139
288 33 3 56 3136
288 35 3 43 3131
288 36 2 41 3133
288 36 22 42 3130
288 40 2 57 3130
288 40 3 97 3120
288 41 2 159 3069
288 41 3 65 3101
288 41 21 161 3102
288 43 5 53 3123
288 43 17 69 3120
288 45 17 45 3107
288 51 26 48 3124
288 61 17 70 3116
288 63 1 65 3120
288 63 7 140 3106
288 64 16 246 3077
289 4 16 186 3114
289 9 16 82 3137
289 11 0 98 3135
289 22 6 227 3046
289 22 7 169 3065
289 22 17 105 3099
289 25 6 649 2590
289 25 7 760 2512
289 33 16 42 3132
289 36 16 398 2793
289 36 17 2442 1476
289 38 20 41 3129
289 39 30 1230 2135
289 39 31 736 2548
289 40 29 892 2500
289 43 22 1597 1812
289 43 23 507 2701
289 44 3 101 3113
289 49 4 112 3111
289 53 18 57 3132
289 60 16 55 3125
289 61 3 80 3121
289 65 30 234 3069
289 66 15 1435 2350
289 75 30 71 3133
289 76 14 182 3112
290 8 19 237 3044
290 9 3 282 2887
290 21 13 45 3111
290 21 23 800 2510
290 22 6 105 3094
290 22 21 545 2666
290 22 31 74 3105
290 23 6 125 3111
290 23 17 658 2577
290 35 19 42 3131
290 36 16 502 2705
290 39 30 818 2464
290 40 3 81 3124
290 41 21 61 3123
290 43 22 1180 2163
290 49 3 48 3106
290 62 3 151 3106
290 64 17 48 3123
290 64 31 44 3130
291 5 2 125 3111
291 21 23 287 2962
291 22 6 172 3071
291 22 21 2505 1421
291 22 31 70 3107
291 23 6 326 3045
291 23 17 388 2830
291 25 6 606 2662
291 36 16 144 3015
291 37 22 41 3127
291 39 30 814 2465
291 40 28 657 2582
291 41 3 101 3097
291 41 23 69 3120
291 43 22 1597 1812
291 45 1 51 3123
291 48 19 79 3132
291 52 22 50 3120
291 61 2 43 3132
291 61 7 116 3117
291 61 23 42 3124
291 62 23 51 3126
291 64 12 81 3124
291 65 3 356 3047
291 65 10 116 3117
291 65 30 223 3070
292 5 2 369 3033
292 8 19 237 3044
292 9 3 2538 1393
292 9 7 184 3081
292 12 15 56 3137
292 22 6 227 3046
292 22 16 119 3111
292 23 6 186 3077
292 25 6 1198 2377
292 29 13 45 3130
292 34 20 64 3133
292 38 20 41 3129
292 39 30 1230 2135
292 40 3 75 3125
292 40 28 892 2500
292 43 22 1597 1812
292 44 4 64 3129
292 48 19 79 3132
292 52 26 41 3134
292 64 12 51 3126
292 65 0 80 3116
292 65 10 116 3117
293 4 16 186 3114
293 5 2 125 3111
293 8 19 237 3044
293 9 7 183 3079
293 9 16 82 3132
293 11 0 98 3135
293 21 13 66 3109
293 21 23 1198 2377
293 22 21 2505 1421
293 22 31 74 3105
293 23 6 125 3111
293 23 17 1198 2377
293 25 5 70 3122
293 33 3 78 3130
293 34 23 42 3130
293 35 3 43 3131
293 36 23 42 3130
293 38 22 50 3138
293 39 30 954 2356
293 40 3 97 3120
293 40 28 427 2787
293 41 3 122 3080
293 41 21 161 3102
293 43 5 53 3123
293 43 17 69 3120
293 44 2 101 3113
293 45 1 51 3123
293 49 4 112 3111
293 52 22 50 3120
293 62 3 151 3106
293 62 23 51 3126
293 63 16 49 3100
293 75 30 71 3133
294 8 19 237 3044
294 21 13 45 3109
294 22 16 145 3103
294 22 21 539 2670
294 22 31 68 3101
294 23 6 336 3046
294 25 5 89 3127
294 25 6 110 3036
294 32 26 78 3127
294 36 16 2442 1476
294 37 22 41 3127
294 39 30 594 2639
294 40 28 368 2833
294 41 3 114 3091
294 41 23 69 3120
294 48 4 100 3114
294 53 18 57 3132
294 60 19 76 3121
294 61 17 70 3116
294 61 23 42 3124
294 63 1 65 3120
294 64 17 246 3077
294 65 3 356 3047
294 65 30 214 3074
295 0 19 63 3114
295 5 2 369 3033
295 9 7 125 3111
295 11 0 88 3124
295 12 15 55 3129
295 21 13 53 3113
295 22 13 76 3125
295 22 16 254 3074
295 22 20 107 3128
295 22 21 319 2837
295 22 31 74 3105
295 23 6 220 3081
295 33 16 42 3132
295 35 19 42 3131
295 36 3 41 3133
295 36 16 292 2883
295 39 30 813 2483
295 40 3 53 3126
295 40 28 621 2625
295 41 3 159 3069
295 51 27 48 3124
295 60 16 55 3125
295 61 2 80 3121
295 61 7 116 3117
295 63 7 140 3106
295 64 31 44 3130
295 65 30 234 3069
295 66 14 128 3008
296 10 15 151 3097
296 11 31 98 3135
296 22 14 94 3114
296 23 29 125 3123
296 58 30 49 3120
296 63 4 56 3122
296 63 19 151 3111
296 63 29 70 3117
296 65 9 124 3121
296 65 10 80 3119
297 11 9 221 3083
297 11 15 184 3081
297 41 24 51 3130
297 58 12 47 3126
297 63 11 231 3082
297 63 28 75 3117
297 63 29 50 3124
297 64 22 56 3125
297 65 2 138 3116
297 65 7 59 3112
297 65 25 43 3126
298 10 30 56 3137
298 62 11 127 3105
298 63 28 53 3124
298 63 29 49 3121
298 64 14 50 3129
298 65 6 92 3114
298 65 16 108 3121
298 66 0 128 3123
299 11 14 125 3111
299 41 15 72 3119
299 62 19 90 3106
299 62 29 70 3116
299 63 14 71 3119
299 63 15 43 3121
299 63 17 74 3117
299 64 17 65 3120
299 64 29 41 3124
299 64 30 47 3130
299 65 3 83 3121
299 65 19 72 3120
299 66 16 80 3116
300 10 15 151 3097
300 10 31 104 3123
300 11 15 369 3033
300 11 31 179 3107
300 41 12 51 3130
300 63 28 46 3125
300 63 29 64 3122
300 64 22 56 3125
300 64 26 154 3103
300 65 7 54 3123
300 65 10 42 3120
300 65 25 168 3094
300 66 1 128 3123
301 11 9 59 3116
301 23 16 142 3125
301 61 29 71 3121
301 63 4 61 3122
301 63 5 74 3117
301 63 29 62 3119
301 64 5 52 3130
301 64 7 65 3120
301 64 13 71 3119
301 64 29 44 3122
301 65 5 731 2816
301 66 0 140 3091
301 66 1 59 3115
302 10 31 45 3132
302 11 9 64 3113
302 41 24 51 3130
302 63 14 43 3121
302 63 16 74 3117
302 64 7 65 3120
302 64 22 56 3125
302 65 17 66 3122
302 65 18 82 3117
302 65 25 43 3126
302 66 17 80 3116
303 10 15 151 3097
303 10 31 56 3137
303 11 15 125 3111
303 11 31 98 3135
303 23 16 142 3125
303 23 29 125 3123
303 41 12 51 3130
303 62 10 107 3116
303 62 28 70 3116
303 63 4 54 3122
303 63 5 74 3117
303 63 11 231 3082
303 63 15 71 3119
303 63 19 151 3111
303 63 28 41 3127
303 64 5 54 3131
303 64 16 65 3120
303 64 31 47 3130
303 65 7 141 3090
303 65 9 124 3121
304 11 31 162 3108
304 22 14 94 3114
304 41 14 72 3119
304 63 4 61 3122
304 63 28 75 3117
304 64 13 71 3119
304 64 29 44 3122
304 65 2 138 3116
304 65 7 76 3109
304 65 10 80 3119
304 65 17 137 3113
304 65 25 167 3095
305 10 31 56 3126
305 11 9 221 3083
305 61 29 71 3121
305 64 5 97 3124
305 64 15 50 3129
305 64 26 154 3103
305 65 7 59 3112
305 65 18 82 3117
305 65 25 168 3094
306 61 21 74 3120
306 61 22 121 3100
306 61 28 66 3119
306 65 10 54 3122
307 65 29 833 2800
307 65 31 312 3005
308 10 0 130 3096
308 10 8 221 3083
308 66 0 128 3008
309 65 10 42 3125
310 10 0 166 3094
310 10 1 151 3097
310 10 2 141 3096
310 10 3 141 3096
310 10 4 221 3083
310 11 0 344 3044
310 11 3 369 3033
310 11 4 125 3111
310 11 5 329 3040
310 11 6 369 3033
310 11 26 179 3107
310 22 5 49 3133
310 41 0 93 3130
310 41 6 51 3130
310 41 27 72 3119
310 57 24 82 3122
310 57 25 41 3128
310 58 0 78 3120
310 61 4 80 3121
310 61 24 42 3124
310 63 20 246 3077
310 63 22 301 3074
310 63 23 72 3120
310 64 8 66 3122
310 64 13 65 3120
310 64 26 120 3114
311 10 0 130 3096
311 10 24 104 3123
311 10 25 88 3123
311 10 26 85 3134
311 10 27 56 3137
311 11 0 297 3077
311 11 28 179 3107
311 11 29 98 3135
311 11 30 138 3119
311 23 0 71 3137
311 23 24 107 3128
311 57 10 53 3130
311 60 28 66 3129
311 62 0 72 3127
311 62 25 53 3129
311 64 0 102 3110
311 64 17 100 3111
311 65 0 368 3049
311 65 2 356 3047
311 65 12 59 3129
311 65 14 142 3091
311 65 24 196 3085
311 65 25 234 3069
311 65 26 234 3069
311 66 0 371 2991
311 66 3 1971 2031
311 66 5 128 3008
311 66 6 128 3008
312 58 13 195 3085
312 63 27 204 3085
313 65 2 111 3114
314 58 12 44 3126
314 66 8 1048 2692
315 65 24 77 3093
315 65 28 858 2752
315 65 29 251 3003
315 65 30 274 2951
315 65 31 294 2936
318 35 30 50 3131
318 36 25 64 3133
318 40 22 41 3129
318 63 1 939 2678
318 64 1 866 2714
319 35 30 50 3131
319 40 0 41 3134
319 40 1 41 3134
319 40 22 41 3129
319 46 20 86 3125
319 53 21 41 3129
319 62 16 46 3087
319 62 17 84 3051
319 63 0 996 2623
319 63 1 89 3074
319 64 0 519 2871
319 64 1 991 2579
320 24 9 41 3135
320 36 25 64 3133
320 41 5 49 3130
320 41 6 57 3133
321 23 27 50 3131
321 33 6 93 3129
321 41 4 57 3133
321 46 23 86 3125
321 62 16 84 3051
321 63 0 89 3074
321 64 0 991 2579
322 23 24 50 3131
322 25 19 318 2916
322 32 23 54 3134
322 34 15 161 3026
322 53 20 41 3129
322 62 16 65 3068
323 23 20 66 3125
323 24 9 44 3136
323 28 20 82 3126
323 29 7 57 3135
323 31 0 54 3134
323 32 18 69 3139
323 33 7 93 3129
323 39 4 230 3089
323 41 5 57 3133
324 23 18 125 3123
324 26 1 98 3100
324 32 18 61 3139
324 39 10 55 3129
324 39 18 963 2369
324 39 19 1483 1935
324 41 10 46 3127
324 41 11 161 3102
324 41 13 897 2498
324 45 5 81 3128
324 52 10 48 3124
324 63 3 48 3129
325 22 5 2496 1430
325 23 14 48 3128
325 23 15 79 3127
325 25 19 412 2859
325 34 14 230 2966
325 34 15 195 3094
325 39 31 48 3122
326 24 24 107 3128
326 24 27 120 3119
326 25 18 150 3026
326 26 1 139 3101
326 27 20 139 3101
326 29 22 402 2857
326 39 19 1483 1935
326 41 11 63 3123
326 41 13 746 2521
326 48 14 48 3137
326 51 5 83 3118
326 52 5 45 3130
326 52 8 56 3127
327 22 4 545 2666
327 26 1 82 3107
327 27 20 146 3081
327 35 20 43 3137
327 39 5 51 3117
327 39 30 73 3129
327 46 4 64 3129
327 48 14 71 3143
327 60 27 43 3132
327 63 16 75 3122
327 64 0 335 3043
328 22 4 2496 1430
328 23 14 79 3127
328 24 27 51 3133
328 27 20 139 3101
328 28 21 82 3126
328 29 22 384 2864
328 32 19 69 3139
328 32 22 54 3134
328 34 14 398 2856
328 39 5 70 3111
328 39 11 55 3129
328 39 19 1154 2199
328 39 30 48 3122
328 45 5 81 3128
329 23 14 67 3126
329 23 19 125 3123
329 31 1 54 3134
329 32 19 63 3141
329 39 19 1483 1935
329 41 11 161 3102
329 41 13 897 2498
329 52 11 48 3124
330 22 4 388 2807
330 23 14 48 3124
330 23 21 47 3134
330 24 24 107 3128
330 24 27 120 3119
330 25 18 412 2859
330 26 1 146 3081
330 29 22 402 2857
330 32 19 69 3139
330 34 14 62 3083
330 35 21 44 3140
330 39 5 80 3107
330 39 19 1483 1935
330 41 11 63 3123
330 41 13 746 2521
330 46 4 64 3129
330 52 8 56 3127
330 63 16 79 3118
331 22 4 545 2666
331 23 14 95 3121
331 23 21 66 3125
331 25 18 412 2859
331 26 1 139 3101
331 27 20 146 3081
331 29 22 402 2857
331 34 14 398 2856
331 35 20 43 3137
331 39 5 230 3089
331 39 30 73 3129
331 43 6 44 3136
331 48 14 71 3143
331 51 5 83 3118
331 52 5 45 3130
331 63 3 48 3129
331 63 16 79 3118
344 19 23 98 3135
344 20 22 72 3136
344 21 20 67 3132
344 22 22 107 3128
344 22 29 75 3131
344 23 7 107 3128
344 23 20 58 3133
344 26 22 45 3143
344 26 25 50 3140
344 34 22 73 3130
344 34 26 73 3116
344 34 30 52 3122
344 35 0 77 3118
344 35 20 83 3127
344 40 22 70 3138
344 42 26 43 3126
344 42 30 42 3126
344 43 0 62 3122
344 50 14 2760 1287
344 61 22 43 3121
344 61 25 54 3128
344 61 26 72 3114
344 61 27 41 3130
344 62 0 100 3114
344 62 20 69 3122
344 67 22 84 3133
344 68 20 75 3123
344 70 0 47 3126
345 19 28 98 3135
345 20 21 96 3136
345 20 31 50 3129
345 22 20 72 3133
345 22 21 107 3128
345 22 31 56 3136
345 23 5 107 3128
345 24 25 48 3138
345 24 29 48 3138
345 26 21 45 3143
345 26 26 50 3140
345 32 17 53 3131
345 34 16 93 3132
345 34 21 73 3130
345 40 16 118 3128
345 40 21 70 3138
345 40 24 41 3125
345 40 25 115 3120
345 40 29 115 3120
345 41 3 69 3134
345 41 7 69 3123
345 41 19 98 3131
345 42 16 49 3130
345 61 21 63 3118
345 61 26 55 3131
345 63 26 44 3126
345 67 21 84 3133
346 18 9 105 3107
346 34 17 134 3021
346 38 30 79 3144
346 38 31 79 3144
346 46 6 50 3136
346 49 9 44 3130
346 50 20 2307 1728
346 50 21 2307 1728
346 54 17 41 3130
347 18 9 82 3124
347 21 0 72 3124
347 21 1 72 3124
347 21 22 66 3135
347 23 4 125 3111
347 23 5 240 3061
347 34 16 2442 1476
347 34 17 171 2983
347 35 16 117 3109
347 35 17 58 3121
347 37 8 62 3125
347 37 12 1254 2171
347 37 24 41 3127
347 37 25 41 3127
347 38 24 42 3137
347 38 25 42 3137
347 41 26 44 3138
347 49 9 44 3130
347 50 24 392 2986
347 50 25 392 2986
347 65 16 194 3021
347 65 17 357 2931
347 68 2 71 3133
348 18 9 151 3097
348 21 2 53 3130
348 23 5 104 3109
348 23 6 369 3033
348 31 23 62 3132
348 33 25 66 3135
348 34 17 191 2966
348 35 17 80 3098
348 35 18 44 3123
348 37 13 2532 1489
348 43 25 62 3132
348 50 22 2307 1728
348 50 24 392 2986
348 50 25 392 2986
349 4 18 56 3137
349 18 8 151 3097
349 21 3 49 3133
349 23 7 125 3111
349 31 22 62 3132
349 32 5 50 3132
349 34 19 2442 1476
349 35 16 141 3084
349 35 19 117 3109
349 37 11 62 3125
349 41 25 44 3138
349 50 20 2307 1728
349 50 21 2307 1728
349 50 23 392 2986
349 65 16 357 2931
350 3 21 56 3129
350 21 22 66 3135
350 22 15 60 3102
350 24 1 139 3101
350 26 19 179 2982
350 28 3 63 3135
350 30 5 201 3064
350 30 19 448 2751
350 31 3 543 2719
350 31 19 69 3110
350 32 6 49 3136
350 33 24 66 3135
350 34 16 161 2998
350 35 16 55 3114
350 37 12 2532 1489
350 40 31 87 3098
350 43 24 62 3132
350 43 27 1193 2148
350 46 27 84 3142
350 48 27 43 3130
350 59 7 56 3140
350 63 31 43 3131
350 68 2 71 3133
351 4 19 56 3137
351 18 9 89 3118
351 21 1 73 3131
351 21 16 63 3118
351 23 2 203 3105
351 23 5 222 3084
351 24 6 111 3096
351 24 26 79 3144
351 26 6 61 3135
351 26 24 79 3144
351 29 22 135 3087
351 32 7 57 3137
351 34 2 310 2915
351 34 17 325 2858
351 35 17 109 3102
351 35 24 44 3133
351 37 23 41 3139
351 39 6 658 2609
351 39 24 50 3131
351 40 12 61 3117
351 41 2 742 2524
351 54 17 41 3130
351 55 26 50 3134
352 20 1 242 3091
352 21 3 49 3135
352 21 17 108 3109
352 22 6 219 3050
352 23 2 95 3112
352 23 3 129 3109
352 24 6 908 2600
352 25 7 788 2520
352 29 22 86 3105
352 29 23 139 3101
352 34 2 363 2874
352 34 3 398 2856
352 39 6 903 2492
352 39 7 268 2926
352 39 28 1495 1917
352 39 29 1525 1893
352 40 13 88 3132
352 41 2 533 2704
352 41 3 699 2530
352 41 21 62 3138
352 49 27 100 3115
352 57 24 50 3134
352 66 6 63 3126
352 68 25 83 3125
352 70 25 106 3121
353 5 20 87 3111
353 11 15 221 3083
353 22 14 613 2835
353 22 30 180 3021
353 22 31 121 3059
353 23 6 66 3125
353 24 1 142 3082
353 24 4 337 2826
353 24 5 419 2776
353 26 3 218 3050
353 26 18 42 3099
353 27 2 106 3058
353 27 3 1176 2394
353 28 5 81 3127
353 30 9 59 3127
353 30 18 437 2761
353 31 2 750 2537
353 31 3 448 2766
353 31 18 74 3112
353 31 19 139 3101
353 33 25 44 3133
353 37 23 57 3130
353 38 22 212 3097
353 38 23 61 3114
353 40 30 159 3069
353 40 31 122 3080
353 41 10 62 3125
353 41 27 58 3130
353 43 26 733 2514
353 43 27 1161 2172
353 44 21 77 3130
353 61 1 48 3129
353 61 16 79 3118
353 63 30 71 3120
353 64 14 50 3129
353 64 31 44 3130
354 20 1 123 3108
354 21 17 116 3110
354 21 20 53 3137
354 22 7 226 3047
354 23 3 81 3117
354 24 4 265 2904
354 24 7 180 3065
354 25 7 1191 2382
354 26 2 51 3122
354 26 18 2473 1452
354 27 2 716 2582
354 29 23 141 3083
354 30 19 54 3134
354 31 2 120 3031
354 31 8 49 3133
354 31 18 124 3094
354 34 3 339 2894
354 34 22 73 3132
354 35 2 522 2732
354 35 15 61 3126
354 37 28 50 3131
354 39 6 265 3078
354 39 7 257 2937
354 40 13 52 3143
354 40 30 101 3091
354 42 22 103 3131
354 43 26 1591 1819
354 44 4 56 3137
354 44 27 43 3130
354 48 29 71 3143
354 66 1 89 3130
355 19 27 101 3117
355 21 3 49 3135
355 21 17 209 3102
355 21 20 41 3136
355 22 14 174 3062
355 22 30 179 3020
355 23 3 93 3116
355 24 0 76 3112
355 24 4 2496 1430
355 25 4 89 3123
355 26 2 173 3063
355 26 18 393 2793
355 27 2 217 2957
355 29 23 82 3104
355 30 18 2411 1509
355 31 2 1176 2394
355 31 18 112 3095
355 33 27 61 3126
355 34 3 373 2859
355 34 18 139 3129
355 35 2 1165 2398
355 38 18 122 3121
355 39 7 327 2867
355 39 29 847 2445
355 40 24 64 3127
355 40 30 159 3069
355 41 3 897 2498
355 42 26 84 3145
355 48 4 61 3130
355 48 29 41 3134
355 63 30 71 3125
356 21 20 53 3137
356 22 14 613 2835
356 22 30 180 3021
356 23 3 69 3111
356 23 6 66 3125
356 24 0 128 3082
356 24 4 431 2764
356 24 7 135 3084
356 26 2 218 3050
356 26 18 2473 1452
356 26 25 79 3144
356 27 2 1176 2394
356 28 4 81 3127
356 30 4 89 3101
356 30 18 179 2977
356 31 2 512 2730
356 31 18 139 3101
356 33 24 44 3133
356 34 3 327 2902
356 35 2 493 2753
356 37 28 50 3131
356 38 22 212 3097
356 39 6 45 3130
356 39 7 333 2870
356 39 29 1269 2102
356 40 13 56 3124
356 40 30 159 3069
356 43 26 1164 2172
356 44 4 61 3135
356 44 20 77 3130
356 57 25 50 3134
356 61 16 49 3123
356 64 30 44 3130
357 3 20 56 3129
357 5 20 87 3111
357 11 14 221 3083
357 21 17 209 3102
357 22 7 58 3107
357 22 14 112 3081
357 23 3 203 3105
357 24 7 222 3049
357 24 27 79 3144
357 25 7 574 2690
357 26 18 469 2734
357 29 23 72 3106
357 31 2 623 2659
357 31 8 49 3133
357 31 18 64 3118
357 33 27 61 3126
357 34 3 398 2856
357 35 2 374 2838
357 39 7 744 2534
357 39 25 50 3131
357 39 29 1233 2129
357 40 24 64 3127
357 41 3 897 2498
357 41 21 62 3138
357 43 26 1591 1819
357 46 26 84 3142
357 48 26 43 3130
357 49 27 100 3115
357 55 27 50 3134
357 61 16 71 3116
357 68 25 83 3125
358 21 17 48 3120
358 22 7 211 3055
358 23 3 65 3117
358 24 0 139 3101
358 24 4 2496 1430
358 25 7 800 2510
358 26 18 415 2776
358 27 2 110 3036
358 30 4 201 3064
358 30 8 59 3127
358 30 18 2411 1509
358 31 2 1176 2394
358 31 18 66 3108
358 34 18 139 3129
358 34 22 73 3132
358 35 2 1165 2398
358 35 25 44 3133
358 37 22 57 3130
358 38 18 122 3121
358 39 6 265 3078
358 40 13 50 3133
358 41 3 671 2585
358 42 22 103 3131
358 42 26 84 3145
358 43 26 1591 1819
358 48 4 61 3130
358 63 30 83 3120
358 66 1 89 3130
359 19 27 101 3117
359 20 1 242 3091
359 21 3 49 3135
359 22 7 226 3047
359 22 14 79 3090
359 22 30 161 3032
359 23 3 109 3112
359 24 0 109 3089
359 24 4 521 2678
359 25 7 1191 2382
359 26 2 54 3115
359 27 2 664 2625
359 29 23 139 3101
359 30 18 108 3046
359 30 19 54 3134
359 31 2 491 2746
359 31 18 141 3083
359 35 15 61 3126
359 39 7 903 2492
359 39 29 1525 1893
359 40 13 61 3117
359 40 30 158 3068
359 41 10 62 3125
359 41 26 58 3130
359 44 27 43 3130
359 61 0 48 3129
359 61 16 79 3118
359 64 14 50 3129
359 66 7 63 3126
360 61 13 100 3121
361 34 22 44 3133
361 41 28 62 3125
361 67 21 87 3129
361 68 3 42 3131
362 22 22 107 3128
362 41 31 61 3128
362 66 17 83 3125
362 68 4 86 3114
365 64 4 49 3133
365 65 19 198 3119
365 66 20 44 3132
365 66 27 63 3130
365 68 29 50 3119
366 41 28 62 3125
366 41 30 61 3128
366 65 19 198 3119
366 67 21 87 3129
367 61 13 100 3121
367 66 16 83 3125
367 66 20 44 3132
367 68 3 42 3131
367 68 5 86 3114
368 22 23 107 3128
368 34 22 44 3133
369 64 4 49 3133
369 66 27 63 3130
370 62 10 61 3122
370 62 12 67 3100
370 68 31 166 3121
371 62 11 134 3107
373 68 23 64 3117
373 68 31 67 3130
374 41 0 98 3131
374 41 6 62 3125
374 41 27 61 3128
374 61 4 48 3129
374 63 6 59 3128
374 63 11 47 3134
374 64 6 50 3129
374 67 22 78 3113
375 21 0 67 3132
375 21 28 66 3135
375 23 0 58 3133
375 35 0 80 3127
375 35 28 44 3133
375 41 28 66 3136
375 54 28 41 3130
375 61 24 79 3118
375 62 0 69 3122
375 68 0 75 3123
375 68 4 71 3133
375 69 21 81 3125
379 65 23 179 3119
379 65 30 48 3131
379 65 31 60 3115
380 2 26 50 3134
380 2 30 46 3133
380 10 22 59 3124
380 11 0 53 3135
380 11 20 60 3134
380 20 22 60 3131
380 21 0 46 3136
380 21 20 51 3135
380 45 0 41 3134
380 56 1 50 3134
380 59 26 46 3129
380 59 27 44 3125
380 59 30 48 3129
380 60 0 53 3124
380 62 0 43 3120
381 2 25 58 3138
381 2 29 58 3138
381 3 3 91 3128
381 3 19 78 3125
381 6 25 90 3111
381 6 29 92 3114
381 7 3 205 3106
381 7 19 139 3113
381 10 16 100 3141
381 10 17 100 3141
381 10 21 59 3124
381 10 25 70 3138
381 10 29 65 3137
381 11 3 65 3137
381 11 19 65 3129
381 12 25 152 3098
381 12 29 95 3104
381 13 3 97 3106
381 13 7 67 3120
381 13 19 119 3095
381 14 16 47 3126
381 20 17 68 3128
381 20 21 60 3131
381 21 5 60 3131
381 21 6 60 3131
381 30 29 41 3139
381 32 17 52 3133
381 32 25 46 3137
381 32 29 55 3133
381 36 16 43 3138
381 36 17 43 3138
381 40 25 71 3137
381 40 29 71 3137
381 41 19 64 3139
381 42 16 48 3131
381 54 3 45 3122
381 55 25 50 3134
381 55 29 50 3134
381 56 9 50 3134
381 59 17 54 3124
381 59 24 45 3124
381 63 26 42 3132
381 65 25 66 3121
381 65 29 66 3121
381 66 3 98 3120
381 66 19 56 3123
382 3 25 56 3129
382 19 22 536 2926
382 19 23 275 3030
382 31 22 536 2926
382 31 23 479 2943
382 33 6 48 3126
382 37 6 60 3133
382 37 7 60 3133
382 43 22 536 2926
382 43 23 362 3004
382 49 5 48 3132
382 64 17 285 3083
383 3 24 52 3132
383 18 16 110 3129
383 19 22 273 3026
383 21 6 48 3126
383 29 6 46 3132
383 31 22 412 2981
383 43 22 287 3037
383 45 24 46 3135
383 64 16 317 3090
383 64 17 410 3066
384 3 26 56 3129
384 7 23 536 2926
384 18 18 110 3129
384 27 4 108 3115
384 36 20 48 3126
384 43 23 258 3030
384 45 9 48 3126
384 49 5 53 3132
385 7 22 536 2926
385 18 19 110 3129
385 21 5 48 3126
385 27 5 116 3123
385 27 6 51 3122
385 29 6 46 3132
385 31 22 261 3023
385 64 16 410 3066
386 14 19 144 3113
386 19 22 272 3030
386 27 6 63 3131
386 29 19 279 2933
386 32 7 198 3067
386 33 8 41 3140
386 45 8 48 3126
386 46 23 77 3130
386 49 4 54 3132
386 49 5 56 3131
386 56 21 535 2925
386 64 16 302 3086
387 18 16 52 3120
387 18 17 52 3128
387 19 23 536 2926
387 23 12 180 3021
387 26 2 2496 1431
387 26 10 58 3128
387 31 23 536 2926
387 33 7 48 3126
387 33 18 286 2920
387 34 8 61 3126
387 36 23 48 3126
387 41 12 86 3106
387 43 23 536 2926
387 48 18 45 3132
387 65 12 44 3130
388 5 24 56 3129
388 12 1 48 3123
388 15 7 48 3123
388 21 11 41 3137
388 22 28 299 3000
388 22 29 615 2833
388 22 31 50 3140
388 25 5 78 3146
388 26 2 290 2877
388 26 3 101 3044
388 31 7 66 3135
388 33 18 124 3039
388 33 19 107 3059
388 38 27 64 3127
388 41 12 94 3100
388 41 13 94 3081
388 63 4 41 3129
388 67 24 42 3129
389 14 18 107 3120
389 14 19 88 3121
389 19 0 54 3138
389 19 1 49 3139
389 29 18 258 2960
389 29 19 402 2857
389 31 22 44 3133
389 32 6 119 3092
389 32 7 99 3097
389 33 3 66 3135
389 39 4 74 3119
389 39 30 41 3134
389 46 7 55 3138
389 52 20 49 3136
389 53 4 43 3129
389 56 20 186 3065
389 65 28 54 3124
389 65 29 83 3120
390 7 27 201 3107
390 15 2 64 3138
390 15 7 48 3123
390 21 21 55 3132
390 22 29 366 2958
390 22 31 57 3135
390 23 13 85 3075
390 26 3 320 2863
390 26 5 209 3094
390 28 9 58 3128
390 29 17 66 3133
390 29 18 334 2898
390 32 6 76 3103
390 32 12 60 3126
390 33 19 398 2854
390 41 6 46 3132
390 41 13 125 3092
390 48 19 65 3135
390 51 8 60 3131
390 55 24 69 3130
390 56 20 370 3002
391 7 27 87 3111
391 13 17 48 3123
391 14 18 144 3113
391 15 2 64 3138
391 21 11 45 3130
391 22 29 146 3067
391 22 31 110 3117
391 23 13 168 3027
391 23 28 46 3131
391 26 3 112 3049
391 30 4 81 3127
391 32 6 109 3092
391 33 19 312 2913
391 33 21 48 3135
391 34 6 67 3136
391 36 27 54 3134
391 41 13 167 3076
391 41 27 62 3138
391 46 1 42 3138
391 47 22 42 3138
391 51 7 45 3129
391 61 17 41 3129
392 14 18 144 3113
392 15 2 64 3138
392 22 31 52 3131
392 29 17 66 3133
392 29 18 173 3017
392 32 6 194 3069
392 32 12 60 3126
392 33 2 66 3135
392 33 19 369 2873
392 36 27 54 3134
392 39 4 75 3116
392 44 7 41 3138
392 46 6 62 3136
392 53 4 43 3129
392 56 20 310 3024
392 61 17 41 3129
392 65 28 75 3119
393 13 17 48 3123
393 15 7 48 3123
393 21 11 45 3130
393 21 21 55 3132
393 22 29 615 2833
393 22 31 110 3117
393 25 5 78 3146
393 26 3 192 2969
393 26 11 58 3128
393 31 7 66 3135
393 32 6 141 3083
393 33 19 304 2926
393 34 6 67 3136
393 34 9 61 3126
393 41 6 46 3132
393 41 13 167 3076
393 49 4 56 3131
393 51 7 45 3129
393 52 20 49 3136
393 55 24 69 3130
393 56 20 535 2925
393 63 5 41 3129
393 65 28 44 3128
394 7 27 87 3111
394 12 1 48 3123
394 19 0 54 3138
394 22 31 61 3129
394 23 13 130 3058
394 26 3 256 2925
394 29 18 402 2857
394 30 4 81 3127
394 31 22 44 3133
394 32 6 198 3067
394 33 19 391 2855
394 33 21 48 3135
394 41 13 82 3108
394 41 27 62 3138
394 46 22 77 3130
394 47 22 41 3138
394 51 8 60 3131
394 56 20 317 3021
394 65 13 44 3130
394 65 28 41 3127
394 67 25 42 3129
395 5 25 56 3129
395 18 17 41 3125
395 21 11 48 3135
395 23 13 180 3021
395 23 28 46 3131
395 26 3 2496 1431
395 26 5 209 3094
395 28 9 58 3128
395 29 18 302 2931
395 33 19 398 2854
395 38 27 64 3127
395 39 30 41 3134
395 48 19 61 3129
395 65 28 83 3120
395 66 31 44 3128
396 12 23 95 3105
396 20 14 46 3123
396 21 13 46 3127
397 21 13 77 3122
398 20 15 101 3117
398 21 4 49 3120
398 23 15 44 3134
398 65 28 198 3093
399 3 22 56 3129
399 7 22 87 3111
399 32 31 54 3134
399 40 31 62 3138
399 66 23 48 3134
399 68 31 46 3121
400 3 23 52 3132
400 21 13 45 3123
400 66 22 41 3129
401 7 23 97 3118
401 12 23 50 3121
401 13 15 71 3128
401 21 16 60 3131
402 3 23 56 3129
402 12 23 43 3119
402 20 14 101 3117
402 65 29 198 3093
402 68 30 46 3121
403 21 13 77 3122
403 21 16 60 3131
403 40 30 62 3138
404 7 23 87 3111
404 12 23 95 3105
404 32 30 54 3134
404 66 22 48 3134
405 13 15 48 3123
405 21 5 49 3120
405 23 14 44 3134
409 21 21 47 3126
410 3 0 78 3125
410 3 27 52 3132
410 3 28 53 3133
410 3 29 56 3129
410 3 30 52 3132
410 7 0 139 3113
410 7 27 201 3107
410 7 28 135 3103
410 7 29 87 3111
410 7 30 201 3107
410 11 0 49 3134
410 13 7 48 3123
410 13 8 41 3125
410 13 11 48 3123
410 33 27 54 3134
410 41 0 64 3139
410 41 27 62 3138
410 61 22 53 3124
410 65 3 44 3130
410 65 24 83 3120
410 66 0 56 3123
410 68 8 47 3132
410 68 24 42 3129
411 11 0 59 3134
411 13 13 43 3124
411 21 0 51 3135
411 39 28 41 3134
412 66 13 59 3127
413 23 19 44 3134
414 66 5 77 3114
414 66 9 193 3093
416 12 22 41 3140
416 13 0 68 3142
416 13 20 51 3145
416 26 10 50 3134
416 26 22 50 3134
416 27 3 50 3134
416 32 29 44 3134
416 36 22 54 3134
416 37 7 54 3134
416 39 1 64 3127
416 46 25 47 3122
416 47 10 84 3124
416 47 16 45 3131
416 50 14 2019 1826
417 12 21 41 3140
417 14 7 70 3144
417 15 3 101 3132
417 20 16 62 3135
417 20 25 55 3132
417 20 29 55 3132
417 26 14 50 3134
417 26 16 60 3137
417 26 21 50 3134
417 27 5 50 3134
417 32 16 51 3141
417 36 17 57 3133
417 36 21 54 3134
417 37 1 54 3134
417 38 16 70 3131
417 38 25 64 3127
417 38 29 64 3127
417 39 9 64 3127
417 40 16 74 3137
417 40 25 66 3139
417 40 29 66 3139
417 41 19 55 3141
417 46 25 84 3124
417 46 26 47 3122
417 46 29 84 3124
417 47 0 84 3124
417 47 19 73 3126
417 56 3 41 3126
418 10 22 316 2962
418 10 23 991 2524
418 11 6 62 3124
418 11 7 62 3124
418 14 7 54 3145
418 15 22 71 3124
418 15 23 71 3124
418 26 7 54 3138
418 31 6 125 3111
418 31 7 165 3094
418 38 3 41 3140
418 41 7 43 3139
418 43 6 125 3111
418 43 7 250 3061
418 50 20 1558 2265
418 50 21 1558 2265
418 53 25 58 3133
418 58 25 536 2926
418 63 17 84 3096
419 15 8 45 3138
419 23 8 66 3125
419 23 9 66 3125
419 26 6 47 3145
419 27 25 41 3136
419 31 6 132 3104
419 32 10 79 3129
419 37 24 57 3130
419 37 25 57 3130
419 38 2 57 3141
419 43 6 263 3068
419 50 24 218 3091
419 50 25 218 3091
419 53 25 58 3133
419 54 26 48 3135
419 58 24 261 3032
419 58 25 409 2982
419 59 10 54 3138
419 63 16 94 3077
419 63 17 188 3032
420 10 20 991 2524
420 26 7 57 3141
420 31 4 64 3116
420 31 7 125 3111
420 32 8 79 3129
420 38 0 56 3141
420 43 4 152 3099
420 43 7 240 3072
420 50 22 1558 2265
420 50 24 218 3091
420 50 25 218 3091
420 54 24 48 3135
420 58 25 536 2926
420 58 26 384 2987
420 63 17 125 3070
421 10 4 219 3083
421 10 7 219 3083
421 10 20 56 3137
421 10 21 652 2800
421 10 23 56 3137
421 11 5 42 3135
421 14 5 58 3142
421 15 21 61 3133
421 17 5 41 3139
421 26 6 50 3144
421 27 24 41 3136
421 31 6 276 3062
421 50 20 1558 2265
421 50 21 1558 2265
421 50 23 218 3091
421 58 24 285 3036
421 58 27 338 3014
421 59 9 54 3140
421 59 10 49 3135
421 63 16 188 3032
421 63 19 62 3091
422 10 22 610 2820
422 11 6 42 3135
422 11 19 71 3124
422 23 31 135 3086
422 34 25 73 3132
422 35 15 61 3126
422 37 3 56 3135
422 38 25 212 3097
422 41 5 100 3128
422 48 11 60 3131
422 57 23 125 3111
422 58 24 244 3034
422 59 10 58 3142
422 63 16 48 3109
423 10 23 373 2931
423 14 16 348 3019
423 15 16 93 3109
423 22 18 97 3075
423 22 20 43 3133
423 23 9 47 3134
423 28 20 77 3127
423 29 20 71 3124
423 41 28 56 3114
423 43 7 125 3111
423 48 28 56 3124
423 56 0 125 3111
423 58 25 323 3010
424 10 17 42 3131
424 14 16 105 3093
424 14 18 65 3139
424 14 29 188 3090
424 25 17 50 3134
424 27 22 71 3124
424 41 1 246 3087
424 41 5 55 3136
424 42 5 62 3138
424 44 14 60 3131
424 56 1 174 3090
424 68 19 46 3121
425 8 7 87 3111
425 14 29 95 3105
425 16 2 348 3019
425 16 3 105 3093
425 17 2 93 3109
425 17 3 60 3126
425 19 30 100 3096
425 19 31 333 3023
425 20 31 75 3124
425 23 30 157 3076
425 25 22 201 3095
425 26 24 58 3128
425 33 6 47 3134
425 38 6 47 3130
425 38 25 41 3118
425 40 14 61 3117
425 40 15 47 3132
425 41 5 76 3133
425 41 8 59 3137
425 57 22 228 3078
425 57 23 145 3104
426 7 2 62 3124
426 13 23 55 3134
426 14 17 215 3056
426 14 29 148 3108
426 15 17 86 3129
426 22 19 933 2572
426 23 6 62 3124
426 24 24 62 3138
426 27 23 49 3137
426 29 21 60 3134
426 38 24 50 3119
426 39 7 252 3083
426 40 14 43 3131
426 41 4 85 3124
426 42 20 246 3087
426 57 22 253 3074
426 62 24 42 3128
427 8 2 44 3142
427 8 6 201 3107
427 13 2 43 3139
427 14 17 219 3056
427 14 28 60 3113
427 15 4 48 3130
427 17 2 81 3128
427 22 19 635 2809
427 23 30 152 3096
427 29 21 58 3133
427 38 24 55 3115
427 40 14 79 3132
427 41 29 168 3073
427 42 27 57 3131
427 52 4 53 3134
427 57 22 366 3037
428 8 6 87 3111
428 16 2 348 3019
428 17 2 93 3109
428 22 19 933 2572
428 23 30 159 3076
428 24 24 62 3138
428 25 17 50 3134
428 25 22 201 3095
428 26 24 58 3128
428 27 23 71 3124
428 28 21 77 3127
428 33 6 47 3134
428 40 14 61 3117
428 41 4 50 3137
428 41 29 54 3114
428 42 20 246 3087
428 56 1 125 3111
428 57 22 125 3111
428 62 24 42 3128
429 7 2 62 3124
429 11 18 71 3124
429 14 17 348 3019
429 14 29 151 3107
429 15 17 93 3109
429 15 31 101 3132
429 22 19 643 2805
429 23 6 62 3124
429 27 23 55 3135
429 29 21 71 3124
429 39 7 41 3130
429 40 14 60 3132
429 41 1 246 3087
429 41 4 42 3134
429 41 29 69 3113
429 42 5 62 3138
429 42 27 57 3131
429 48 29 72 3127
430 14 17 208 3059
430 14 19 64 3140
430 14 28 95 3105
430 17 2 43 3128
430 19 30 333 3023
430 20 30 75 3124
430 22 19 248 3023
430 23 30 152 3096
430 29 21 61 3133
430 34 24 73 3132
430 35 14 61 3126
430 37 2 56 3135
430 38 24 212 3097
430 41 29 135 3084
430 48 10 60 3131
430 48 29 72 3131
430 52 4 53 3134
430 56 1 222 3079
430 57 22 179 3093
431 10 17 42 3131
431 14 19 65 3139
431 15 17 64 3130
431 16 2 76 3106
431 17 2 82 3130
431 20 30 46 3135
431 22 19 444 2891
431 23 30 143 3085
431 29 21 61 3133
431 38 6 47 3130
431 39 7 252 3083
431 40 14 73 3140
431 41 4 75 3127
431 41 5 55 3136
431 41 8 59 3137
431 41 29 168 3073
431 44 15 60 3131
431 56 1 249 3063
431 68 19 46 3121
432 14 6 132 3123
432 14 23 55 3133
432 14 30 79 3129
433 14 23 47 3131
434 14 31 61 3133
434 15 31 42 3132
434 20 29 55 3132
434 27 2 50 3134
434 47 4 84 3124
435 14 31 53 3134
435 42 17 59 3137
435 46 15 46 3130
436 13 7 43 3139
436 14 23 61 3127
436 14 30 96 3131
436 26 15 50 3134
436 70 21 41 3133
437 14 30 96 3131
437 41 19 59 3137
437 47 16 84 3124
437 70 12 115 3127
438 14 23 101 3132
438 27 3 50 3134
438 46 14 46 3130
439 20 28 55 3132
439 41 19 59 3137
439 47 16 84 3124
440 26 15 50 3134
440 42 16 59 3137
440 70 21 41 3133
441 14 23 56 3133
441 47 5 84 3124
441 70 12 115 3127
446 14 6 65 3140
446 14 8 53 3138
446 14 11 53 3138
446 14 12 58 3144
446 15 1 47 3129
446 15 20 134 3128
446 20 24 55 3132
446 41 0 55 3141
446 41 6 59 3137
446 47 0 47 3133
447 13 0 48 3147
447 13 3 43 3139
447 13 4 43 3139
447 13 5 42 3146
447 27 11 50 3134
447 69 20 41 3133
449 70 13 62 3130
450 70 9 43 3128
450 70 12 65 3123
451 70 13 108 3119
452 20 26 100 3135
452 20 30 99 3135
452 23 0 90 3127
452 28 22 97 3108
452 28 26 108 3112
452 28 29 41 3130
452 28 30 108 3112
452 29 6 97 3108
452 29 20 53 3124
452 34 22 66 3134
452 36 22 45 3131
452 36 25 42 3131
452 36 29 51 3130
452 37 0 41 3128
452 37 20 47 3125
452 41 0 72 3121
452 41 12 41 3140
452 41 20 42 3128
452 43 10 43 3134
453 20 24 89 3136
453 28 20 52 3123
453 28 21 97 3108
453 28 31 45 3126
453 29 8 97 3108
453 32 17 46 3137
453 34 16 92 3132
453 34 21 66 3134
453 35 5 66 3134
453 35 6 66 3134
453 36 16 43 3133
453 36 20 51 3130
453 40 16 67 3136
453 41 1 58 3123
453 41 6 70 3121
453 42 25 43 3134
453 42 29 43 3134
453 43 0 43 3134
453 44 16 47 3122
453 44 17 47 3122
453 66 3 56 3119
454 1 6 95 3105
454 10 23 296 2925
454 21 18 66 3133
454 21 19 66 3133
454 23 7 60 3133
454 24 25 58 3128
454 25 22 80 3105
454 25 23 287 2989
454 36 26 190 3109
454 36 27 60 3120
454 62 17 78 3057
454 63 1 1144 2536
454 64 1 584 2853
455 22 22 62 3138
455 24 25 58 3128
455 28 18 49 3125
455 36 26 190 3109
455 39 14 59 3137
455 40 20 53 3133
455 44 26 238 3087
455 62 16 44 3091
455 62 17 84 3051
455 63 0 842 2707
455 63 1 89 3074
455 64 0 120 3075
455 64 1 991 2579
456 10 20 296 2925
456 23 4 60 3133
456 25 20 287 2989
456 36 27 52 3121
456 39 12 59 3137
456 44 24 238 3087
457 10 21 296 2925
457 22 22 62 3138
457 25 21 80 3105
457 25 22 64 3113
457 28 17 49 3125
457 40 23 59 3140
457 62 16 84 3051
457 63 0 89 3074
457 64 0 991 2579
458 10 17 94 3128
458 10 22 296 2925
458 23 15 79 3080
458 25 22 80 3105
458 32 3 66 3113
458 35 25 252 3015
458 36 3 164 3074
458 37 13 62 3125
458 40 1 78 3103
458 41 27 62 3138
458 47 1 59 3126
458 62 16 49 3086
459 1 7 95 3105
459 22 14 46 3116
459 30 30 97 3108
459 34 16 62 3138
459 40 21 45 3137
459 40 28 89 3131
459 46 9 56 3140
460 14 3 360 3015
460 14 19 183 3088
460 15 3 98 3109
460 23 26 46 3134
460 34 10 67 3136
460 39 7 66 3119
460 40 29 47 3136
460 43 10 57 3131
460 46 3 69 3127
461 13 0 215 3071
461 20 31 46 3119
461 23 14 65 3091
461 23 15 180 3021
461 29 5 66 3125
461 32 3 176 3069
461 32 22 64 3133
461 35 0 61 3134
461 36 2 116 3091
461 36 3 148 3076
461 40 0 173 3070
461 40 1 101 3095
461 40 22 55 3136
461 46 20 77 3131
461 58 9 51 3135
462 20 30 49 3120
462 22 22 673 2756
462 27 11 59 3137
462 28 8 64 3132
462 32 2 146 3079
462 33 27 51 3136
462 36 4 62 3138
462 37 15 72 3107
462 40 29 45 3133
462 43 2 75 3122
462 47 0 66 3122
462 54 8 53 3134
463 22 15 66 3109
463 22 22 43 3106
463 23 14 145 3037
463 29 4 54 3134
463 31 22 44 3133
463 32 2 102 3096
463 35 24 69 3107
463 36 2 176 3069
463 36 22 64 3133
463 37 15 291 2985
463 37 26 62 3138
463 40 29 61 3117
463 43 2 49 3129
463 60 24 42 3128
464 14 3 360 3015
464 14 19 153 3107
464 15 3 98 3109
464 19 16 46 3128
464 20 30 49 3120
464 22 15 66 3109
464 22 22 133 3054
464 23 14 180 3021
464 23 27 46 3134
464 27 11 59 3137
464 28 8 64 3132
464 29 4 66 3125
464 32 2 111 3096
464 34 17 62 3138
464 35 24 252 3015
464 36 2 162 3074
464 36 4 62 3138
464 37 12 62 3125
464 37 15 291 2985
464 40 4 42 3141
464 40 22 55 3136
464 40 29 45 3139
464 41 26 62 3138
464 43 2 44 3132
464 57 8 41 3136
465 13 0 164 3096
465 14 3 58 3113
465 15 17 53 3136
465 22 22 231 2985
465 35 0 61 3134
465 36 22 64 3133
465 40 0 81 3101
465 40 29 61 3117
465 43 11 57 3131
465 46 3 69 3127
465 47 0 100 3126
466 15 3 50 3130
466 15 17 53 3136
466 24 8 41 3135
466 31 22 44 3133
466 32 2 176 3069
466 32 22 64 3133
466 36 2 176 3069
466 37 26 62 3138
466 39 7 53 3122
466 40 0 173 3070
466 40 29 60 3141
466 41 22 48 3141
466 46 20 77 3131
466 54 8 53 3134
466 60 24 42 3128
467 22 22 198 3009
467 23 14 59 3095
467 30 31 97 3108
467 32 2 87 3102
467 33 27 51 3136
467 34 11 67 3136
467 35 24 54 3110
467 36 2 126 3082
467 37 7 51 3119
467 39 7 59 3120
467 40 0 116 3089
467 43 2 72 3122
467 47 0 65 3129
468 43 16 43 3134
470 34 15 66 3134
473 35 16 66 3134
475 34 14 66 3134
475 35 16 66 3134
477 43 16 43 3134
483 28 24 50 3124
483 37 0 47 3125
483 40 30 57 3139
483 41 18 46 3141
487 19 16 75 3131
488 50 14 817 2732
490 1 18 56 3143
490 2 23 67 3139
490 3 18 71 3124
490 18 6 139 3097
490 18 22 56 3137
490 26 9 64 3132
490 30 22 56 3137
490 38 21 358 3026
490 45 26 48 3135
490 50 20 795 2749
490 50 21 795 2749
490 57 25 268 3071
491 26 9 64 3132
491 33 22 190 3053
491 38 21 360 3029
491 42 21 56 3137
491 50 24 103 3140
491 50 25 103 3140
491 57 24 125 3111
491 57 25 125 3111
491 65 16 170 3027
491 65 17 357 2931
492 2 20 67 3139
492 3 19 71 3124
492 18 4 97 3112
492 18 7 145 3098
492 18 23 56 3137
492 33 20 64 3113
492 33 23 47 3117
492 38 22 452 2997
492 42 22 104 3123
492 50 22 795 2749
492 50 24 103 3140
492 50 25 103 3140
493 1 17 56 3143
493 18 6 145 3098
493 30 21 104 3123
493 33 21 65 3112
493 33 22 190 3053
493 38 20 72 3109
493 42 20 94 3123
493 50 20 795 2749
493 50 21 795 2749
493 50 23 103 3140
493 51 9 44 3145
493 57 24 206 3087
493 57 27 292 3060
493 65 16 357 2931
494 1 18 56 3143
494 2 22 67 3139
494 30 22 104 3123
494 31 7 65 3126
494 33 22 65 3112
494 36 9 55 3132
494 38 7 62 3138
494 38 20 397 3016
494 42 20 56 3137
494 51 10 44 3145
494 63 16 46 3130
495 1 19 56 3143
495 3 4 87 3121
495 16 10 219 3084
495 30 0 145 3098
495 30 23 56 3137
495 33 20 85 3129
495 38 21 452 2997
495 39 24 55 3132
495 41 12 82 3137
495 42 21 104 3123
495 45 27 48 3135
495 52 6 53 3134
495 54 4 49 3135
496 1 6 89 3110
496 8 10 87 3111
496 18 8 219 3084
496 18 9 127 3098
496 23 2 192 3012
496 23 3 78 3083
496 25 26 127 3118
496 33 20 81 3113
496 34 10 51 3136
496 34 26 67 3136
496 37 20 51 3127
496 37 31 55 3132
496 46 29 51 3113
497 10 14 1142 2417
497 12 9 84 3130
497 14 15 67 3139
497 23 4 62 3124
497 23 30 152 3096
497 24 6 79 3129
497 27 23 59 3137
497 29 0 97 3108
497 31 20 117 3106
497 33 9 129 3108
497 33 20 66 3135
497 42 30 42 3135
497 46 31 84 3124
497 48 18 77 3131
497 56 4 49 3132
498 31 4 55 3134
498 31 6 50 3138
498 31 20 144 3099
498 33 21 104 3127
498 41 13 66 3114
498 41 16 48 3131
498 43 26 55 3132
498 45 19 80 3121
498 53 22 77 3131
499 8 11 60 3111
499 23 30 63 3117
499 25 22 66 3125
499 31 20 144 3099
499 33 6 47 3134
499 34 29 66 3134
499 37 3 62 3125
499 41 13 92 3126
500 1 7 89 3110
500 18 9 219 3084
500 23 3 164 3029
500 23 30 67 3114
500 27 22 59 3137
500 29 0 97 3108
500 30 1 145 3098
500 31 20 144 3099
500 33 21 81 3113
500 36 8 55 3132
500 37 3 62 3125
500 41 16 48 3131
500 43 26 55 3132
500 45 19 80 3121
500 46 30 84 3124
501 3 5 89 3110
501 10 14 1142 2417
501 12 8 84 3130
501 14 14 67 3139
501 16 11 219 3084
501 23 3 192 3012
501 24 6 79 3129
501 31 4 55 3134
501 31 20 114 3109
501 33 20 66 3135
501 34 11 51 3136
501 34 27 67 3136
501 34 29 66 3134
501 37 31 55 3132
501 41 13 97 3128
501 42 30 42 3135
501 46 29 51 3113
501 54 5 49 3135
502 1 7 89 3110
502 3 5 89 3110
502 8 11 201 3107
502 16 11 130 3099
502 18 9 130 3099
502 23 3 192 3012
502 23 4 62 3124
502 23 30 152 3096
502 25 22 66 3125
502 30 1 145 3098
502 31 6 65 3126
502 33 6 47 3134
502 33 21 106 3126
502 38 6 62 3138
502 41 13 97 3128
502 48 18 77 3131
502 53 22 77 3131
502 55 11 43 3138
503 8 11 87 3111
503 10 14 653 2797
503 14 14 67 3139
503 23 4 42 3135
503 23 30 159 3076
503 25 27 127 3118
503 31 4 58 3125
503 31 6 55 3136
503 31 20 144 3099
503 33 21 104 3124
503 37 21 51 3127
503 39 25 55 3132
503 41 13 66 3114
503 42 30 45 3125
503 52 7 53 3134
503 56 4 52 3133
516 6 22 647 2785
516 6 30 93 3120
516 7 0 588 2823
516 7 20 873 2641
516 18 22 52 3130
516 19 4 46 3131
516 19 6 52 3130
516 19 20 45 3129
516 20 27 91 3120
516 21 0 57 3127
516 22 22 48 3130
516 22 26 47 3128
516 23 0 44 3128
516 23 20 55 3124
516 24 22 50 3133
516 25 6 50 3133
516 28 22 70 3133
516 28 25 56 3127
516 28 26 92 3131
516 28 27 63 3145
516 28 30 89 3125
516 29 0 51 3134
516 29 2 70 3133
516 29 3 42 3134
516 29 4 48 3128
516 29 20 80 3131
516 67 22 42 3140
516 68 0 45 3138
517 2 25 89 3110
517 2 29 89 3110
517 3 3 89 3110
517 3 19 87 3107
517 6 21 647 2785
517 6 25 263 3072
517 6 29 168 3106
517 7 3 230 3096
517 7 19 221 3085
517 18 21 52 3130
517 19 8 52 3130
517 20 24 91 3120
517 20 25 86 3130
517 20 29 86 3130
517 21 7 84 3130
517 21 19 41 3139
517 22 17 57 3130
517 22 21 48 3130
517 24 16 54 3138
517 24 21 50 3133
517 25 8 50 3133
517 28 16 92 3139
517 28 17 92 3139
517 28 21 70 3133
517 28 24 70 3131
517 29 5 43 3138
517 29 6 70 3133
517 34 17 61 3132
517 36 25 51 3140
517 36 29 51 3140
517 37 2 51 3140
517 37 4 51 3140
517 67 16 52 3136
517 67 21 51 3140
517 68 1 45 3138
517 68 6 45 3138
518 6 19 162 3107
518 7 19 55 3137
518 32 22 415 2946
518 32 23 415 2946
518 32 31 52 3130
518 33 25 126 3106
518 64 17 264 3085
519 6 2 375 3002
519 6 18 162 3107
519 30 4 130 3118
519 30 5 130 3118
519 33 24 47 3122
519 33 25 103 3111
519 37 1 54 3134
519 64 16 258 3100
519 64 17 410 3066
520 30 5 108 3126
520 30 6 89 3121
520 32 28 52 3130
520 33 25 126 3106
521 6 1 52 3107
521 6 17 147 3108
521 7 2 52 3130
521 11 5 84 3130
521 30 7 116 3115
521 33 27 66 3121
521 41 24 45 3138
521 64 16 410 3066
522 0 21 76 3139
522 3 21 56 3125
522 6 2 375 3002
522 6 18 162 3107
522 7 2 98 3109
522 7 5 62 3124
522 8 21 87 3111
522 22 1 116 3080
522 26 3 131 3119
522 28 23 47 3128
522 28 27 190 3109
522 33 24 114 3107
522 35 23 54 3134
522 36 27 238 3087
522 37 0 54 3134
522 41 24 46 3139
522 64 16 206 3113
523 6 3 196 3066
523 7 3 98 3109
523 7 16 50 3126
523 11 7 84 3130
523 22 18 187 3015
523 25 16 49 3128
523 28 24 237 3087
523 29 30 55 3135
523 30 5 89 3125
523 33 10 96 3128
523 37 6 51 3127
523 39 4 43 3129
523 39 16 116 3123
523 58 9 41 3137
524 1 6 375 3002
524 3 1 375 3002
524 3 6 98 3109
524 4 22 312 2910
524 5 1 98 3109
524 6 6 89 3110
524 7 4 91 3131
524 7 5 76 3115
524 7 21 163 3087
524 16 26 219 3084
524 20 30 52 3130
524 22 18 179 3013
524 22 19 72 3091
524 25 7 62 3124
524 28 18 97 3108
524 33 10 48 3135
524 33 11 72 3114
524 36 5 66 3139
524 36 25 64 3133
524 41 7 127 3118
524 44 22 415 2946
525 2 2 89 3110
525 3 19 56 3129
525 6 18 312 2910
525 6 19 191 2998
525 8 4 84 3123
525 10 14 159 3028
525 10 15 309 2912
525 21 14 66 3133
525 22 0 80 3105
525 22 31 71 3130
525 25 14 68 3110
525 26 3 70 3118
525 26 22 46 3126
525 26 25 142 3112
525 27 4 62 3124
525 35 8 67 3136
525 35 16 51 3127
525 43 13 66 3114
525 55 21 42 3137
526 3 1 228 3054
526 4 17 228 3054
526 5 1 92 3130
526 7 21 93 3126
526 9 4 50 3126
526 16 27 72 3110
526 21 18 49 3128
526 22 15 43 3131
526 22 19 98 3063
526 23 2 50 3133
526 24 27 178 3110
526 26 31 50 3133
526 28 18 415 2946
526 31 18 51 3127
526 33 8 41 3140
526 33 11 80 3117
526 34 28 45 3134
526 41 29 48 3131
526 43 6 115 3119
526 46 22 107 3116
526 48 22 60 3134
526 53 24 49 3135
527 2 2 89 3110
527 2 18 194 3092
527 4 17 375 3002
527 6 7 48 3123
527 6 18 112 3061
527 7 14 44 3142
527 8 20 201 3107
527 9 4 47 3135
527 10 14 184 2988
527 22 0 181 3083
527 22 19 192 3012
527 22 31 84 3130
527 24 27 55 3125
527 25 14 289 2987
527 26 2 118 3117
527 26 22 87 3123
527 27 1 47 3128
527 28 11 55 3135
527 31 22 44 3133
527 32 26 237 3087
527 33 4 54 3134
527 33 11 57 3128
527 35 13 66 3134
527 46 19 136 3103
528 1 7 375 3002
528 2 18 162 3107
528 3 7 98 3109
528 4 23 312 2910
528 6 18 155 3025
528 7 5 91 3131
528 7 21 93 3126
528 8 4 89 3110
528 8 20 87 3111
528 9 4 50 3126
528 20 31 52 3130
528 21 18 49 3128
528 22 0 142 3078
528 22 30 71 3130
528 22 31 84 3130
528 23 2 50 3133
528 25 14 55 3108
528 26 2 131 3119
528 26 22 87 3123
528 26 24 142 3112
528 26 31 50 3133
528 27 4 62 3124
528 28 18 415 2946
528 28 22 47 3128
528 31 18 51 3127
528 33 4 45 3125
528 33 11 43 3138
528 34 28 45 3134
528 35 8 67 3136
528 43 6 115 3119
528 43 12 74 3129
528 44 23 415 2946
528 45 20 41 3136
528 46 22 107 3116
528 53 24 49 3135
529 0 20 67 3139
529 3 1 375 3002
529 3 7 41 3133
529 3 18 56 3129
529 3 20 56 3125
529 4 17 375 3002
529 5 1 98 3109
529 7 4 62 3124
529 7 21 300 3048
529 16 27 219 3084
529 22 19 122 3061
529 24 27 53 3124
529 27 1 47 3128
529 28 11 55 3135
529 28 19 97 3108
529 28 26 190 3109
529 33 4 49 3125
529 33 11 72 3114
529 36 26 238 3087
529 37 7 51 3127
529 39 5 43 3129
529 39 17 116 3123
529 41 7 127 3118
529 41 29 48 3131
529 43 12 66 3114
529 46 19 136 3103
530 2 18 162 3107
530 7 21 300 3048
530 10 14 309 2912
530 22 0 181 3083
530 22 19 145 3040
530 25 14 289 2987
530 26 2 100 3120
530 28 26 51 3121
530 29 31 55 3135
530 31 22 44 3133
530 32 26 237 3087
530 33 4 54 3134
530 35 16 51 3127
530 35 22 54 3134
530 36 5 66 3139
530 48 22 44 3136
531 2 2 89 3110
531 2 18 162 3107
531 6 7 89 3110
531 6 18 312 2910
531 7 17 50 3126
531 10 14 233 2973
531 16 27 54 3114
531 21 14 66 3133
531 22 15 43 3131
531 22 19 192 3012
531 24 27 178 3110
531 25 7 62 3124
531 25 14 78 3106
531 25 17 49 3128
531 26 22 64 3119
531 28 25 237 3087
531 33 11 68 3133
531 35 13 66 3134
531 36 25 64 3133
531 43 12 45 3120
532 6 15 48 3135
532 7 7 51 3117
532 26 20 87 3123
532 40 22 45 3133
533 2 15 89 3110
533 6 7 123 3086
533 6 15 47 3128
533 6 31 106 3054
533 26 12 87 3123
534 6 6 375 3002
534 6 14 98 3109
534 6 22 68 3128
534 10 3 84 3130
534 21 14 84 3130
535 6 22 162 3107
535 6 30 312 2910
535 29 28 51 3133
536 2 15 89 3110
536 6 7 52 3107
536 6 15 92 3130
536 6 31 312 2910
536 7 7 87 3133
536 7 31 42 3143
536 21 28 66 3133
537 6 23 74 3121
538 2 15 89 3110
538 6 7 375 3002
538 6 15 98 3109
538 26 12 87 3123
539 6 15 51 3141
539 6 23 147 3108
539 6 31 312 2910
539 7 7 51 3117
539 21 15 84 3130
539 26 20 87 3123
540 40 22 45 3133
541 6 7 110 3100
541 6 23 162 3107
541 10 2 84 3130
541 21 28 66 3133
541 29 29 51 3133
542 26 29 87 3123
546 2 0 89 3110
546 2 1 89 3110
546 2 2 89 3110
546 2 3 89 3110
546 3 0 87 3107
546 6 4 228 3054
546 6 6 84 3112
546 6 7 98 3109
546 6 9 90 3118
546 6 10 98 3109
546 6 24 183 3093
546 6 25 184 3089
546 6 26 162 3107
546 6 27 181 3098
546 7 0 195 3089
546 7 26 55 3137
546 10 11 84 3130
546 21 0 41 3139
546 21 6 66 3133
546 37 13 67 3139
547 6 0 228 3054
547 6 1 375 3002
547 6 2 228 3054
547 6 24 312 2910
547 6 25 312 2910
547 6 26 1580 2053
547 6 27 312 2910
547 7 0 873 2641
547 7 3 44 3142
547 7 4 44 3142
547 7 28 55 3137
547 19 0 45 3129
547 23 0 55 3124
547 29 0 82 3137
547 29 28 55 3134
552 2 22 258 3068
552 2 26 74 3115
552 2 30 75 3114
552 3 0 593 2926
552 3 20 289 3038
552 6 22 65 3126
552 6 29 119 3116
552 6 30 43 3127
552 7 0 71 3141
552 7 20 68 3131
552 11 0 47 3140
552 19 10 57 3129
552 20 22 140 3114
552 20 26 97 3121
552 20 27 41 3126
552 20 30 47 3130
552 21 0 54 3121
552 21 4 78 3122
552 21 6 48 3125
552 21 20 126 3115
552 22 22 66 3125
552 23 0 47 3134
552 23 6 66 3125
552 23 20 73 3124
552 24 22 66 3125
552 25 7 66 3125
552 25 20 65 3122
552 26 22 67 3132
552 26 29 49 3136
552 27 4 45 3136
552 27 20 59 3140
552 28 22 42 3121
552 50 14 1877 1935
553 2 21 258 3068
553 2 25 1133 2464
553 2 29 1133 2464
553 3 3 679 2791
553 3 19 889 2649
553 6 20 99 3131
553 6 21 65 3126
553 6 25 116 3137
553 6 29 115 3136
553 7 3 489 2981
553 7 19 161 3112
553 18 25 57 3129
553 18 29 57 3129
553 19 2 57 3129
553 20 21 140 3114
553 20 24 41 3126
553 20 25 58 3132
553 20 29 58 3132
553 20 31 99 3117
553 21 5 140 3114
553 21 6 140 3114
553 21 19 58 3132
553 22 21 66 3125
553 22 31 54 3127
553 23 6 66 3125
553 24 16 86 3125
553 24 17 86 3125
553 24 21 66 3125
553 24 31 56 3126
553 25 5 66 3125
553 26 16 76 3129
553 26 20 70 3123
553 26 21 67 3132
553 28 17 73 3126
553 28 21 42 3121
553 35 3 42 3144
553 60 3 47 3123
554 2 7 186 3064
554 2 19 653 2797
554 2 22 233 3075
554 2 23 452 2997
554 3 22 42 3126
554 3 23 77 3123
554 6 25 91 3131
554 7 1 62 3124
554 7 7 483 2978
554 11 7 63 3124
554 14 23 394 3013
554 20 13 84 3130
554 23 23 61 3133
554 25 19 81 3113
554 26 23 431 3000
554 46 23 342 3037
554 48 27 54 3130
554 50 20 1839 1967
554 50 21 1839 1967
554 55 21 54 3129
554 63 17 172 3046
555 2 6 217 3082
555 2 18 1142 2417
555 3 22 56 3125
555 6 8 56 3127
555 6 24 151 3098
555 7 0 42 3135
555 20 13 84 3130
555 25 17 50 3134
555 25 18 65 3128
555 26 22 205 3075
555 33 26 45 3132
555 34 4 119 3123
555 34 5 119 3123
555 35 2 42 3135
555 35 21 47 3133
555 50 24 122 3133
555 50 25 122 3133
555 55 20 55 3136
555 55 21 55 3136
555 63 16 103 3075
555 63 17 195 3032
556 6 26 91 3131
556 7 2 62 3124
556 11 4 60 3133
556 11 20 132 3120
556 23 20 61 3133
556 26 20 331 3039
556 26 23 167 3075
556 50 22 1839 1967
556 50 24 122 3133
556 50 25 122 3133
556 55 21 101 3124
556 55 22 64 3127
557 2 5 217 3082
557 2 17 47 3116
557 2 18 342 2956
557 2 21 220 3059
557 7 5 253 3051
557 23 2 55 3134
557 25 18 81 3113
557 33 26 45 3132
557 35 2 42 3135
557 46 22 243 3065
557 48 26 54 3130
557 50 20 1839 1967
557 50 21 1839 1967
557 50 23 122 3133
557 55 23 56 3129
557 63 16 188 3032
558 2 6 79 3104
558 2 18 1142 2417
558 3 22 56 3125
558 11 22 131 3120
558 12 23 48 3129
558 16 7 42 3122
558 20 1 200 3083
558 21 19 95 3129
558 24 3 815 2610
558 24 27 84 3124
558 25 16 50 3134
558 25 18 77 3131
558 33 9 45 3134
558 33 21 72 3114
558 35 20 47 3133
559 6 25 76 3111
559 10 22 71 3126
559 11 7 60 3133
559 11 23 132 3120
559 14 16 42 3122
559 15 16 56 3125
559 17 4 68 3119
559 19 5 461 2983
559 22 18 49 3117
559 23 3 55 3134
559 25 18 75 3129
559 26 16 140 3120
559 28 2 42 3126
559 28 18 70 3133
559 33 24 45 3133
559 46 23 342 3034
559 55 21 54 3128
559 55 30 42 3137
559 58 20 73 3133
559 58 26 180 3076
560 0 6 217 3082
560 4 22 51 3117
560 5 24 56 3125
560 9 8 62 3124
560 10 23 67 3119
560 11 23 45 3125
560 17 4 56 3125
560 17 5 56 3124
560 18 6 216 3083
560 21 2 49 3128
560 22 18 128 3126
560 23 22 132 3120
560 24 10 75 3130
560 25 18 46 3123
560 27 0 41 3132
560 28 7 141 3119
560 29 7 61 3125
560 34 2 56 3134
560 35 5 57 3126
560 35 16 119 3120
560 37 7 119 3119
560 38 10 62 3138
560 57 25 42 3137
560 58 26 375 3032
560 68 7 48 3135
561 2 14 67 3139
561 7 6 93 3126
561 13 2 41 3138
561 14 3 173 3067
561 17 8 208 3092
561 21 19 95 3127
561 28 24 42 3134
561 30 3 137 3119
561 31 3 65 3126
561 33 5 51 3137
561 33 20 43 3138
561 33 21 95 3123
561 51 18 56 3137
561 59 18 261 3062
562 6 19 87 3133
562 10 18 108 3114
562 11 23 45 3125
562 15 11 44 3139
562 17 8 52 3115
562 21 18 88 3112
562 22 18 138 3118
562 23 23 97 3120
562 25 10 178 3110
562 25 17 158 3130
562 25 19 83 3121
562 25 31 66 3125
562 27 4 89 3137
562 27 23 41 3136
562 28 3 724 2675
562 31 2 47 3135
562 31 3 41 3136
562 37 26 45 3133
562 53 26 54 3130
562 59 18 447 3004
562 65 1 63 3138
562 65 23 302 3065
562 67 21 86 3123
562 70 6 48 3135
563 2 14 67 3139
563 3 2 44 3139
563 6 19 51 3117
563 7 6 300 3048
563 10 1 47 3126
563 11 4 45 3138
563 12 22 88 3126
563 14 2 217 3082
563 20 0 110 3093
563 20 11 41 3135
563 21 18 60 3129
563 24 2 45 3124
563 25 19 131 3119
563 27 1 70 3133
563 31 3 61 3125
563 33 16 86 3128
563 35 21 66 3139
563 37 24 48 3135
563 38 14 243 3062
563 38 21 43 3129
563 39 3 115 3122
563 51 24 45 3133
563 53 22 62 3132
563 58 27 318 3050
563 66 17 52 3139
563 67 22 210 3098
564 3 20 483 2978
564 4 23 51 3117
564 7 2 44 3139
564 7 6 93 3126
564 10 18 43 3123
564 14 2 162 3071
564 15 17 56 3125
564 16 6 42 3122
564 17 8 208 3092
564 20 0 200 3083
564 23 23 132 3120
564 25 10 178 3110
564 25 17 158 3130
564 25 19 130 3119
564 27 4 89 3137
564 27 23 41 3136
564 28 24 42 3134
564 30 2 137 3119
564 33 20 72 3114
564 34 3 56 3134
564 38 14 292 3053
564 51 18 57 3130
564 58 21 73 3133
564 58 27 375 3032
564 59 18 240 3050
564 63 23 219 3087
564 70 6 48 3135
565 6 19 51 3117
565 10 1 42 3123
565 10 23 46 3129
565 11 23 45 3125
565 14 2 217 3082
565 17 5 56 3125
565 21 3 49 3128
565 24 2 815 2610
565 25 10 50 3123
565 25 17 60 3127
565 25 19 131 3119
565 27 1 70 3133
565 28 7 141 3119
565 28 19 70 3133
565 31 3 61 3125
565 33 16 86 3128
565 35 21 66 3139
565 37 7 119 3119
565 37 24 48 3135
565 37 26 45 3133
565 38 21 43 3129
565 39 3 115 3122
565 51 18 56 3137
565 53 26 54 3130
565 58 21 44 3129
565 63 22 78 3122
565 65 1 52 3124
565 66 17 52 3139
565 68 7 48 3135
566 3 20 235 3053
566 12 22 47 3131
566 15 17 70 3120
566 20 0 120 3091
566 20 11 41 3135
566 21 18 88 3112
566 22 18 138 3118
566 24 26 84 3124
566 25 31 66 3125
566 31 2 65 3126
566 33 4 51 3137
566 33 8 45 3134
566 33 20 102 3125
566 38 14 235 3062
566 51 24 45 3133
566 53 22 62 3132
566 58 21 71 3134
566 59 18 239 3061
566 65 1 71 3120
566 67 21 81 3123
566 67 22 110 3122
567 0 7 217 3082
567 2 14 67 3139
567 3 20 483 2978
567 5 25 56 3125
567 7 2 44 3139
567 9 9 62 3124
567 10 1 56 3121
567 10 23 67 3119
567 14 2 167 3071
567 14 17 42 3122
567 15 17 41 3130
567 18 7 216 3083
567 22 19 128 3126
567 24 11 75 3130
567 25 19 121 3115
567 26 17 140 3120
567 27 1 49 3135
567 28 3 724 2675
567 29 7 61 3125
567 33 25 45 3133
567 35 5 57 3126
567 35 17 119 3120
567 38 11 62 3138
567 38 14 380 3024
567 51 18 95 3124
567 54 11 41 3138
567 58 27 167 3093
567 59 18 219 3081
567 65 1 63 3138
567 67 22 171 3101
568 2 15 78 3143
568 6 23 91 3131
569 10 6 44 3118
569 11 30 48 3135
569 21 16 140 3114
570 24 22 66 3125
571 2 6 217 3082
571 2 22 1142 2417
571 3 30 56 3125
571 6 22 88 3109
571 7 6 62 3124
571 20 30 64 3126
571 21 5 41 3135
571 21 17 53 3122
571 24 31 66 3125
571 25 20 66 3125
572 2 7 186 3064
572 2 31 452 2997
572 3 7 44 3139
572 3 8 211 3062
572 3 31 78 3122
572 6 23 151 3098
572 7 7 42 3135
573 2 23 330 2966
573 7 15 253 3051
573 11 30 62 3131
574 3 31 56 3125
574 6 23 91 3131
574 7 7 62 3124
574 7 15 210 3069
575 2 7 217 3082
575 24 23 66 3125
576 2 15 67 3139
576 2 23 330 2966
576 2 31 220 3059
576 21 4 41 3135
576 21 16 140 3114
577 2 23 1142 2417
577 2 31 220 3073
577 20 31 64 3126
577 24 30 66 3125
577 25 21 66 3125
582 2 0 67 3139
582 2 1 67 3139
582 2 2 67 3139
582 2 3 67 3139
582 2 4 186 3064
582 2 24 653 2797
582 2 25 910 2613
582 2 26 1142 2417
582 2 27 653 2797
582 3 0 889 2649
582 3 26 78 3122
582 6 0 56 3127
582 6 2 56 3127
582 6 3 56 3127
582 6 24 151 3098
582 6 25 135 3108
582 6 26 91 3131
582 6 27 151 3098
582 7 0 161 3112
582 7 3 483 2978
582 7 5 256 3056
582 7 6 483 2978
582 11 2 45 3138
582 21 0 58 3132
582 21 6 41 3135
583 2 0 186 3064
583 2 1 217 3082
583 2 2 186 3064
583 2 24 452 2997
583 2 25 452 2997
583 2 26 231 3073
583 3 0 289 3038
583 3 3 44 3139
583 3 4 44 3139
583 3 28 78 3122
583 3 29 56 3125
583 3 30 68 3121
583 7 0 68 3131
583 7 3 42 3135
583 7 4 42 3135
583 7 5 53 3121
583 7 6 62 3124
583 21 0 81 3124
583 23 0 57 3133
583 27 0 59 3140
590 27 18 90 3135
590 35 6 50 3136
590 35 18 45 3138
590 35 23 54 3134
590 62 17 43 3092
590 63 1 826 2712
591 2 20 59 3129
591 2 21 111 3126
591 24 25 58 3128
591 27 18 90 3135
591 29 2 89 3137
591 35 6 50 3136
591 35 18 66 3114
591 62 17 84 3051
591 63 1 89 3074
591 64 0 397 2938
591 64 1 991 2579
592 2 22 111 3126
592 11 24 107 3125
592 35 19 96 3129
593 11 25 77 3118
593 24 24 58 3128
593 29 2 89 3137
593 35 18 66 3114
593 35 22 54 3134
593 62 16 84 3051
593 63 0 89 3074
593 64 0 991 2579
594 1 5 45 3127
594 2 20 111 3126
594 5 21 623 2911
594 6 23 59 3116
594 21 3 51 3135
594 30 21 65 3126
594 35 11 55 3135
594 43 9 109 3121
594 59 5 372 3032
595 11 27 107 3125
596 0 6 81 3122
596 10 3 43 3123
596 18 4 519 2868
596 18 19 57 3129
596 20 18 49 3128
596 24 26 75 3130
596 31 14 51 3133
596 31 29 46 3120
596 37 2 41 3136
596 38 4 93 3121
596 38 5 114 3116
596 38 26 62 3138
596 46 26 107 3116
597 2 4 132 3120
597 5 16 411 3008
597 15 6 208 3092
597 16 21 56 3125
597 20 23 41 3135
597 22 13 94 3135
597 22 14 43 3131
597 25 15 359 2935
597 26 19 65 3126
597 26 21 42 3134
597 30 20 42 3129
597 32 31 42 3126
597 34 21 57 3126
597 37 13 140 3118
597 52 24 42 3139
597 63 0 46 3117
598 0 7 54 3133
598 5 24 60 3133
598 6 22 160 3104
598 9 6 58 3120
598 9 11 125 3128
598 10 3 43 3123
598 29 30 51 3133
598 30 20 44 3130
598 35 28 48 3135
598 38 5 130 3118
598 38 8 42 3128
598 47 6 45 3135
598 47 22 50 3133
598 58 8 60 3121
598 63 0 63 3138
598 67 5 60 3125
599 1 18 575 2954
599 2 4 132 3120
599 3 20 71 3124
599 4 16 56 3127
599 5 20 157 3055
599 7 2 105 3105
599 9 11 105 3105
599 10 31 105 3105
599 13 12 47 3140
599 15 20 44 3139
599 16 20 77 3124
599 25 14 109 3094
599 31 22 44 3133
599 34 20 44 3134
599 37 12 49 3124
599 48 21 45 3133
599 58 8 73 3133
599 59 4 372 3032
599 63 0 73 3118
600 0 7 132 3120
600 2 4 132 3120
600 7 2 125 3128
600 10 31 72 3135
600 16 20 56 3125
600 20 22 41 3135
600 21 2 51 3135
600 22 12 94 3135
600 22 14 43 3131
600 25 2 45 3138
600 25 14 359 2935
600 29 30 51 3133
600 30 20 42 3129
600 32 30 42 3126
600 34 20 57 3126
600 35 10 55 3135
600 37 12 140 3118
600 38 5 130 3118
600 38 8 42 3128
600 58 8 73 3133
600 59 4 372 3032
600 63 0 63 3138
601 3 20 71 3124
601 5 16 237 3060
601 5 24 60 3133
601 6 22 160 3104
601 7 2 105 3105
601 9 6 43 3123
601 9 11 105 3105
601 10 3 43 3123
601 24 27 75 3130
601 25 14 86 3106
601 37 3 41 3136
601 38 5 130 3118
601 38 27 62 3138
601 47 6 45 3135
601 47 22 50 3133
601 59 4 114 3112
602 1 4 45 3127
602 1 18 736 2788
602 2 23 56 3127
602 5 20 736 2788
602 15 6 208 3092
602 25 2 45 3138
602 26 18 65 3126
602 26 20 42 3134
602 26 27 52 3128
602 30 20 65 3126
602 31 22 44 3133
602 35 28 48 3135
602 37 12 46 3122
602 43 8 109 3121
602 52 24 42 3139
603 0 7 71 3123
603 4 16 56 3127
603 5 24 65 3126
603 6 22 140 3090
603 9 6 43 3123
603 10 31 105 3105
603 18 5 519 2868
603 18 19 57 3129
603 20 19 49 3128
603 25 2 45 3138
603 31 15 51 3133
603 34 20 44 3134
603 46 27 107 3116
603 48 21 45 3133
603 58 8 73 3133
603 63 0 73 3118
616 2 22 137 3113
616 3 0 164 3113
616 3 20 118 3121
616 6 26 360 3024
616 6 30 450 2985
616 8 22 147 3104
616 8 26 46 3124
616 9 0 166 3127
616 9 20 145 3115
616 14 27 41 3133
616 18 22 43 3138
616 20 22 86 3136
616 20 26 41 3134
616 21 2 86 3136
616 22 22 144 3119
616 22 25 123 3123
616 22 26 71 3120
616 22 30 53 3119
616 23 20 50 3131
616 24 22 69 3125
616 25 20 44 3133
616 26 16 50 3131
616 27 0 52 3128
616 28 29 46 3147
616 29 0 92 3144
616 30 26 47 3138
616 30 30 47 3138
616 32 22 65 3126
616 32 26 60 3136
616 32 27 76 3129
616 33 0 45 3131
616 33 7 65 3126
616 33 20 66 3118
616 47 1 107 3116
616 47 16 48 3130
616 50 14 1154 2642
616 55 22 59 3131
617 2 21 130 3115
617 2 25 114 3112
617 2 29 116 3115
617 3 3 139 3110
617 3 19 132 3123
617 6 25 830 2802
617 6 29 830 2802
617 7 3 1052 2698
617 7 19 754 2887
617 8 21 147 3104
617 8 25 180 3110
617 8 29 170 3109
617 9 3 168 3108
617 9 7 85 3124
617 9 19 150 3104
617 14 24 41 3133
617 16 25 48 3123
617 16 29 48 3123
617 18 16 50 3136
617 18 21 43 3138
617 20 21 86 3136
617 21 6 86 3136
617 22 21 144 3119
617 22 25 57 3136
617 22 26 123 3123
617 22 29 62 3134
617 23 5 144 3119
617 23 6 144 3119
617 23 19 41 3131
617 24 16 121 3126
617 24 17 121 3126
617 24 21 69 3125
617 24 25 56 3134
617 24 29 56 3134
617 27 3 99 3136
617 29 3 71 3143
617 31 3 43 3136
617 32 3 47 3139
617 32 21 65 3126
617 32 24 86 3129
617 32 31 56 3125
617 33 1 41 3132
617 33 5 65 3126
617 46 16 125 3115
617 46 17 125 3115
617 46 25 107 3116
617 46 29 107 3116
617 47 9 107 3116
617 47 19 70 3123
617 55 21 59 3131
617 59 9 49 3138
617 59 14 49 3138
617 59 16 50 3137
617 59 17 50 3137
617 59 25 49 3138
617 59 29 49 3138
617 60 0 49 3138
617 60 4 49 3138
617 65 16 43 3134
617 65 17 43 3134
618 3 3 65 3126
618 3 7 56 3123
618 3 17 71 3124
618 3 19 132 3120
618 6 21 95 3119
618 7 25 736 2788
618 9 23 125 3128
618 15 6 45 3127
618 16 3 58 3121
618 17 19 182 3134
618 27 5 421 2991
618 27 25 63 3136
618 41 10 109 3121
618 50 20 1239 2608
618 50 21 1239 2608
619 3 2 60 3133
619 3 6 45 3127
619 3 16 61 3133
619 3 18 132 3120
619 6 20 95 3119
619 7 24 736 2788
619 9 22 105 3105
619 13 4 66 3140
619 13 5 66 3140
619 16 2 54 3120
619 17 20 259 3074
619 17 21 55 3122
619 21 24 42 3133
619 25 18 86 3128
619 27 22 119 3122
619 27 24 63 3136
619 27 25 49 3133
619 41 10 109 3121
619 43 21 47 3133
619 50 24 179 3128
619 50 25 179 3128
619 65 16 262 2986
619 65 17 364 2929
620 3 18 71 3124
620 6 22 43 3128
620 7 25 500 2910
620 7 26 628 2906
620 13 6 66 3140
620 17 22 259 3074
620 25 16 86 3128
620 27 20 119 3122
620 27 26 63 3136
620 42 8 118 3121
620 42 11 118 3121
620 50 22 1239 2608
620 50 24 179 3128
620 50 25 179 3128
621 3 1 60 3133
621 3 5 45 3127
621 3 17 132 3120
621 9 21 113 3130
621 16 1 42 3124
621 17 5 47 3122
621 17 17 54 3117
621 17 18 87 3114
621 21 27 42 3133
621 27 7 322 3030
621 27 21 45 3124
621 27 22 59 3119
621 27 27 52 3132
621 43 20 47 3133
621 50 20 1239 2608
621 50 21 1239 2608
621 50 23 179 3128
621 65 16 357 2931
622 3 18 69 3127
622 5 7 160 3095
622 9 22 105 3105
622 16 2 815 2610
622 16 27 44 3134
622 17 18 182 3134
622 17 20 45 3122
622 25 5 74 3130
622 25 17 54 3121
622 25 27 45 3132
622 27 4 263 3054
622 27 5 45 3127
622 43 21 60 3132
622 56 9 41 3130
622 69 30 62 3140
623 6 21 95 3119
623 7 25 329 2986
623 13 5 64 3138
623 15 7 45 3127
623 16 3 815 2610
623 17 7 47 3122
623 29 0 47 3122
623 37 22 130 3118
623 37 28 140 3118
623 64 0 56 3130
623 69 31 62 3140
624 5 24 71 3124
624 16 23 96 3129
624 17 6 49 3134
624 18 22 66 3126
624 18 23 48 3131
624 24 0 65 3115
624 25 2 106 3091
624 25 3 379 2917
624 25 20 64 3123
624 26 10 46 3133
624 30 23 42 3126
624 34 31 58 3124
624 36 18 41 3136
624 36 24 58 3124
624 37 22 50 3124
624 39 10 60 3137
624 39 15 61 3121
624 40 27 52 3130
624 57 26 125 3111
624 59 11 52 3126
624 62 18 63 3138
624 65 23 46 3129
624 67 15 51 3122
625 7 6 93 3126
625 7 7 151 3092
625 9 2 111 3126
625 9 3 54 3130
625 16 4 42 3122
625 17 7 127 3100
625 17 21 67 3117
625 18 20 96 3129
625 21 15 97 3108
625 22 15 234 3096
625 23 9 1111 2576
625 25 9 93 3135
625 25 16 67 3115
625 25 17 101 3134
625 37 27 48 3137
625 39 16 47 3132
625 39 19 65 3129
625 56 8 42 3137
625 56 9 64 3133
625 61 4 179 3098
626 5 1 95 3119
626 9 19 43 3123
626 10 31 98 3129
626 16 16 56 3134
626 17 2 42 3133
626 17 4 307 3061
626 17 20 45 3125
626 18 23 69 3124
626 20 22 44 3130
626 22 17 320 2977
626 23 14 63 3133
626 24 1 59 3111
626 25 3 95 3095
626 37 23 130 3118
626 37 29 49 3124
626 53 26 62 3132
626 56 8 45 3130
626 57 27 344 3038
626 59 11 41 3123
626 62 19 69 3121
626 63 21 54 3137
626 63 27 92 3117
626 67 15 66 3120
626 67 27 136 3112
627 3 17 81 3130
627 5 1 95 3119
627 7 6 300 3048
627 9 2 111 3126
627 9 19 43 3123
627 10 31 111 3126
627 13 2 48 3133
627 16 0 519 2868
627 17 6 202 3101
627 17 20 203 3109
627 17 24 105 3124
627 20 22 63 3125
627 21 13 51 3135
627 22 17 57 3118
627 22 29 118 3127
627 24 1 195 3084
627 25 3 98 3098
627 25 16 70 3111
627 32 19 42 3126
627 33 4 45 3138
627 33 11 51 3124
627 34 15 54 3138
627 36 5 42 3128
627 37 23 90 3121
627 39 15 119 3122
627 39 18 84 3128
627 48 5 45 3133
627 56 8 65 3133
627 57 23 49 3138
627 59 11 76 3123
627 61 4 369 3033
627 64 1 44 3127
627 67 27 80 3126
628 3 17 95 3119
628 5 1 67 3117
628 5 6 51 3125
628 13 2 47 3134
628 17 2 42 3133
628 17 6 202 3101
628 17 20 203 3109
628 17 24 105 3124
628 18 20 96 3129
628 20 22 44 3130
628 22 14 234 3096
628 23 8 282 2962
628 24 1 61 3115
628 25 4 74 3130
628 25 16 101 3134
628 26 11 46 3133
628 29 1 47 3122
628 33 4 54 3139
628 36 19 41 3136
628 37 26 48 3137
628 39 15 119 3122
628 39 16 49 3130
628 39 18 89 3128
628 40 27 52 3130
628 57 23 49 3138
628 57 27 125 3111
628 59 11 76 3123
628 61 4 245 3073
628 63 21 54 3137
628 67 15 52 3126
629 5 1 95 3119
629 5 6 95 3111
629 10 31 111 3126
629 13 29 47 3140
629 18 23 69 3124
629 21 13 51 3135
629 21 14 97 3108
629 22 14 83 3104
629 22 17 99 3101
629 24 1 195 3084
629 25 3 379 2917
629 25 21 64 3123
629 25 26 45 3132
629 27 4 45 3127
629 30 23 42 3126
629 32 19 42 3126
629 33 11 51 3124
629 34 15 54 3138
629 34 31 58 3124
629 37 23 130 3118
629 37 29 140 3118
629 39 11 60 3137
629 39 18 71 3126
629 48 5 45 3133
629 57 27 177 3090
629 59 11 76 3123
629 62 19 63 3138
629 63 21 71 3128
629 64 1 56 3130
629 65 23 45 3125
630 3 17 57 3120
630 5 6 44 3117
630 9 19 43 3123
630 13 2 50 3135
630 16 0 519 2868
630 16 4 42 3122
630 16 23 96 3129
630 17 4 307 3061
630 20 22 55 3124
630 21 14 58 3132
630 23 8 1111 2576
630 24 1 54 3114
630 25 8 93 3135
630 39 15 59 3114
630 43 20 60 3132
630 53 26 62 3132
630 56 8 65 3133
630 59 11 43 3132
630 61 4 369 3033
630 63 21 92 3125
630 67 15 74 3122
630 67 27 183 3107
631 5 1 57 3133
631 5 25 71 3124
631 7 6 93 3126
631 9 2 111 3126
631 13 2 50 3135
631 13 29 42 3138
631 16 4 41 3123
631 16 16 56 3134
631 16 26 44 3134
631 17 7 47 3135
631 17 20 53 3116
631 18 23 48 3131
631 22 14 89 3100
631 22 17 320 2977
631 22 29 118 3127
631 23 8 255 2981
631 23 14 63 3133
631 24 1 72 3111
631 25 3 43 3112
631 25 16 64 3114
631 36 5 42 3128
631 36 25 58 3124
631 37 29 44 3124
631 43 20 48 3135
631 47 24 41 3135
631 56 8 63 3133
631 57 27 226 3075
631 59 11 66 3126
631 61 4 240 3065
631 62 19 62 3122
631 67 15 44 3126
632 3 24 60 3133
632 3 31 132 3120
632 9 23 43 3123
632 9 31 105 3105
632 16 14 53 3112
632 16 16 83 3098
632 16 22 159 3051
632 16 30 51 3120
632 17 4 1052 2525
632 17 13 473 3032
632 33 29 48 3137
633 3 31 69 3122
633 7 15 93 3126
633 9 15 111 3126
633 16 16 46 3107
633 16 22 113 3078
633 16 29 67 3118
633 17 13 102 3080
633 23 7 177 3116
633 23 26 45 3130
633 32 23 41 3130
633 33 5 54 3138
634 6 22 95 3119
634 9 14 111 3126
634 16 28 82 3115
634 17 4 519 3018
634 17 13 519 2868
634 17 18 729 2755
634 17 29 519 2868
635 3 6 45 3127
635 3 22 71 3124
635 6 22 43 3128
635 7 22 736 2788
635 12 30 76 3139
635 16 23 187 3037
635 16 28 107 3111
635 17 7 268 3081
635 25 14 50 3131
635 32 22 65 3126
636 3 15 65 3126
636 3 23 61 3133
636 3 24 65 3126
636 6 23 95 3119
636 9 15 111 3126
636 9 23 43 3123
636 9 31 125 3128
636 16 6 48 3123
636 16 29 107 3111
636 23 16 144 3119
637 3 15 60 3133
637 3 31 61 3129
637 7 15 158 3090
637 7 23 420 2917
637 16 4 47 3122
637 16 6 43 3125
637 16 14 42 3115
637 16 15 47 3122
637 16 16 70 3102
637 16 22 217 3027
637 16 24 47 3122
637 16 29 98 3106
637 16 30 54 3121
637 17 13 48 3103
637 25 29 50 3131
638 3 15 60 3133
638 3 23 71 3124
638 6 23 95 3119
638 12 31 47 3136
638 16 6 48 3123
638 17 13 181 3041
638 17 28 519 2868
638 23 26 45 3130
639 9 15 111 3126
639 9 23 43 3123
639 9 31 105 3105
639 13 14 45 3138
639 16 15 47 3122
639 16 16 48 3112
639 16 24 47 3122
639 17 12 519 2868
639 33 5 54 3138
640 3 7 45 3127
640 3 31 132 3120
640 7 23 736 2788
640 17 5 519 3018
640 17 13 473 3032
640 17 19 729 2755
640 23 7 177 3116
640 25 15 50 3131
640 25 29 50 3131
640 32 23 65 3126
641 3 24 60 3133
641 7 15 93 3126
641 16 4 47 3122
641 16 14 53 3112
641 16 16 83 3098
641 17 4 1052 2525
641 17 6 268 3081
641 17 28 61 3106
641 23 16 144 3119
641 33 29 48 3137
642 17 17 458 3030
642 17 25 68 3134
645 17 17 179 3041
646 3 0 132 3123
646 3 3 65 3126
646 3 4 60 3133
646 3 5 61 3128
646 3 6 65 3126
646 3 26 132 3120
646 3 27 61 3133
646 3 28 73 3128
646 3 29 71 3124
646 3 30 61 3133
646 6 24 95 3119
646 6 25 76 3126
646 6 26 95 3119
646 6 27 95 3119
646 7 0 754 2887
646 7 3 300 3048
646 7 4 93 3126
646 7 5 211 3088
646 7 6 300 3048
646 7 27 736 2788
646 7 28 775 2838
646 7 29 736 2788
646 7 30 736 2788
646 9 0 150 3104
646 9 3 111 3126
646 9 4 111 3126
646 9 5 102 3117
646 9 6 111 3126
646 9 26 125 3128
646 9 27 43 3123
646 9 28 82 3125
646 9 29 43 3123
646 9 30 43 3123
646 12 6 77 3127
646 16 7 47 3122
646 16 10 47 3122
646 17 8 766 2590
646 17 13 834 2586
646 17 24 67 3128
646 22 5 63 3133
646 22 24 45 3130
646 23 0 41 3131
646 27 27 63 3136
646 27 28 63 3136
646 47 0 52 3128
646 70 24 65 3140
647 3 0 118 3121
647 3 3 56 3123
647 3 4 56 3123
647 3 5 53 3124
647 3 6 45 3127
647 3 28 132 3120
647 3 29 132 3120
647 3 30 90 3132
647 9 0 145 3115
647 9 28 125 3128
647 9 29 105 3105
647 9 30 119 3114
647 17 24 112 3127
647 17 25 44 3126
647 25 0 44 3133
647 25 28 50 3131
647 26 20 41 3132
647 26 21 42 3131
648 17 3 41 3118
648 17 7 241 3083
648 17 10 384 2836
648 17 13 278 2918
648 17 14 71 3106
648 17 15 68 3129
648 17 16 135 3077
648 17 17 124 3130
652 12 22 77 3128
652 13 20 59 3131
652 19 0 56 3136
652 20 22 45 3139
652 24 22 93 3135
652 25 2 93 3135
652 25 20 47 3132
652 26 26 44 3134
652 26 27 50 3133
652 26 29 46 3133
652 26 30 44 3134
652 27 0 46 3143
652 29 0 61 3148
652 32 26 42 3136
652 33 0 44 3146
652 35 0 84 3146
652 43 0 41 3142
652 64 10 49 3133
653 12 21 77 3128
653 12 31 41 3137
653 13 5 77 3128
653 13 6 77 3128
653 18 17 67 3128
653 18 25 53 3128
653 18 29 53 3128
653 19 3 53 3129
653 19 5 45 3137
653 19 19 50 3132
653 20 16 48 3133
653 20 17 48 3133
653 20 21 45 3139
653 20 25 44 3136
653 20 29 44 3136
653 23 3 62 3143
653 24 21 93 3135
653 25 8 93 3135
653 26 16 55 3135
653 26 17 55 3135
653 26 20 46 3133
653 26 24 50 3132
653 26 25 41 3135
653 26 29 41 3135
653 27 3 45 3129
653 27 19 50 3140
653 28 17 83 3147
653 28 25 57 3137
653 28 29 57 3137
653 29 3 57 3137
653 32 16 46 3146
653 32 17 46 3146
653 33 3 61 3144
653 34 26 45 3144
653 35 3 85 3142
653 42 25 56 3141
653 42 29 56 3141
653 47 3 57 3135
653 60 3 41 3137
653 63 25 56 3133
653 63 29 56 3133
653 64 3 49 3133
654 19 22 62 3135
654 33 9 46 3142
654 33 26 104 3120
654 33 27 80 3121
654 64 1 42 3133
654 68 1 45 3138
655 12 6 77 3128
655 19 22 62 3135
655 22 6 54 3138
655 24 4 96 3131
655 24 5 96 3131
655 25 6 55 3145
655 26 18 45 3132
655 27 0 50 3133
655 35 29 51 3122
655 37 5 41 3141
655 47 30 51 3122
655 64 0 42 3133
655 64 16 280 3089
655 64 17 410 3066
655 68 1 45 3138
656 5 20 725 2788
656 5 23 725 2788
656 22 4 54 3138
656 24 6 47 3121
656 33 9 41 3141
656 33 27 104 3120
657 12 5 77 3128
657 25 5 55 3145
657 27 3 50 3133
657 47 30 51 3122
657 58 14 41 3137
657 64 16 410 3066
658 6 25 160 3104
658 18 7 57 3130
658 19 13 137 3048
658 20 17 42 3119
658 21 1 289 3076
658 21 19 57 3121
658 35 28 51 3122
658 37 4 41 3141
658 39 21 60 3137
658 45 19 60 3137
658 47 7 48 3131
658 49 21 66 3133
658 60 25 114 3111
658 64 23 297 3070
659 10 18 103 3123
659 15 0 96 3108
659 16 18 42 3133
659 20 0 47 3122
659 20 4 75 3122
659 20 18 96 3129
659 21 28 51 3135
659 23 2 42 3129
659 23 6 93 3135
659 25 12 338 2953
659 33 9 46 3142
659 35 22 42 3128
659 62 0 82 3132
660 3 27 107 3125
660 12 16 519 2868
660 15 0 230 3073
660 15 9 77 3128
660 15 10 208 3092
660 15 11 41 3128
660 16 16 78 3120
660 16 23 96 3131
660 17 21 245 3071
660 18 7 75 3122
660 18 17 96 3131
660 19 7 302 3066
660 19 23 70 3143
660 20 0 42 3123
660 21 8 191 3021
660 21 9 191 3019
660 21 17 70 3143
660 22 3 234 3096
660 24 5 77 3128
660 45 17 60 3132
660 47 25 46 3137
660 58 10 125 3111
660 58 11 172 3086
660 59 22 52 3119
660 59 23 52 3126
660 61 0 59 3133
660 61 22 71 3128
660 62 0 88 3115
660 62 1 97 3115
660 62 3 43 3122
660 62 14 51 3130
660 62 15 93 3121
660 63 0 137 3103
660 63 1 203 3084
660 67 22 54 3137
661 14 1 519 2868
661 14 16 172 3035
661 15 0 2067 1829
661 15 1 159 3007
661 19 2 47 3127
661 19 12 128 3056
661 19 13 135 3055
661 20 2 96 3131
661 20 15 49 3128
661 20 16 78 3109
661 20 17 111 3094
661 21 0 43 3113
661 21 18 119 3122
661 22 19 62 3130
661 23 2 47 3137
661 24 5 52 3137
661 25 12 1119 2580
661 25 13 81 3082
661 25 16 119 3122
661 25 17 64 3117
661 27 2 74 3130
661 27 13 259 3074
661 33 24 49 3127
661 35 23 52 3139
661 49 16 62 3137
661 54 5 61 3126
661 58 2 45 3125
661 63 6 43 3134
661 63 18 82 3132
661 63 19 109 3101
661 64 11 64 3116
661 64 22 73 3114
662 6 31 275 3088
662 15 0 103 3062
662 15 1 96 3108
662 15 11 95 3112
662 15 25 105 3124
662 16 20 79 3120
662 16 31 77 3128
662 17 19 520 2869
662 19 12 1110 2577
662 19 21 84 3122
662 20 1 119 3122
662 21 9 1110 2577
662 25 12 82 3087
662 25 13 68 3104
662 25 31 41 3144
662 34 3 54 3138
662 37 22 42 3128
662 45 17 53 3129
662 58 2 68 3138
662 58 11 353 3042
662 59 17 48 3127
662 59 23 70 3124
662 60 24 100 3112
662 61 1 42 3135
662 61 23 61 3125
662 62 1 124 3099
662 62 3 65 3137
662 62 15 114 3111
662 62 23 59 3133
662 63 19 57 3126
662 67 23 76 3121
662 67 26 51 3138
662 67 29 97 3121
663 5 11 275 3088
663 9 3 43 3123
663 14 16 169 3034
663 15 0 183 2992
663 15 1 80 3116
663 15 11 77 3109
663 19 2 41 3128
663 19 12 128 3052
663 20 2 47 3121
663 20 16 325 2975
663 21 9 98 3070
663 21 18 66 3119
663 22 18 59 3127
663 25 12 167 3032
663 25 24 48 3139
663 45 17 60 3132
663 54 4 53 3132
663 58 2 82 3116
663 58 11 228 3072
663 59 23 72 3123
663 60 24 114 3111
663 63 1 297 3070
663 63 6 57 3125
663 63 18 173 3091
663 63 19 71 3124
663 64 10 82 3121
663 64 22 297 3070
663 69 19 44 3138
664 3 27 107 3125
664 6 31 275 3088
664 10 19 111 3126
664 14 0 519 2868
664 14 16 172 3035
664 15 0 2067 1829
664 16 20 79 3120
664 17 19 520 2869
664 17 21 245 3071
664 19 12 1110 2577
664 20 1 119 3122
664 20 2 96 3131
664 20 14 49 3128
664 20 16 117 3094
664 21 0 289 3076
664 21 18 119 3122
664 23 2 47 3137
664 24 5 77 3128
664 25 12 197 3005
664 25 13 71 3105
664 25 24 48 3139
664 27 12 44 3126
664 33 24 49 3127
664 34 3 54 3138
664 37 22 42 3128
664 39 20 60 3137
664 45 17 48 3135
664 47 6 48 3131
664 58 2 68 3138
664 58 11 132 3104
664 60 24 114 3111
664 63 6 43 3134
664 63 18 82 3132
664 64 22 297 3070
665 5 11 275 3088
665 15 1 230 3073
665 15 9 77 3128
665 15 11 124 3101
665 16 17 78 3120
665 16 19 42 3133
665 16 23 96 3131
665 16 31 77 3128
665 17 19 63 3105
665 18 7 75 3122
665 18 17 96 3131
665 20 1 68 3119
665 20 5 75 3122
665 21 9 168 3034
665 21 17 70 3143
665 22 3 105 3093
665 23 3 42 3129
665 25 12 150 3042
665 25 13 41 3122
665 25 31 41 3144
665 35 23 42 3128
665 45 17 53 3129
665 58 11 125 3111
665 59 23 72 3123
665 61 23 71 3124
665 62 1 82 3132
665 62 3 44 3123
665 62 15 96 3120
665 62 23 59 3133
665 63 1 141 3107
665 63 19 71 3124
665 69 19 44 3138
666 6 24 160 3104
666 15 1 60 3118
666 15 11 101 3107
666 17 19 63 3105
666 17 21 85 3117
666 19 2 47 3133
666 19 12 78 3084
666 20 1 70 3117
666 20 16 325 2975
666 21 9 282 2963
666 21 18 50 3120
666 21 29 51 3135
666 25 12 1119 2580
666 25 13 108 3093
666 25 16 119 3122
666 27 2 74 3130
666 27 12 259 3074
666 45 18 60 3137
666 49 20 66 3133
666 54 4 65 3133
666 59 23 47 3133
666 61 1 59 3133
666 62 1 50 3122
666 62 3 74 3116
666 62 15 96 3117
666 63 18 108 3104
666 67 29 65 3123
667 9 3 43 3123
667 12 17 519 2868
667 14 16 149 3054
667 15 11 208 3092
667 15 25 105 3124
667 19 2 47 3127
667 19 7 302 3066
667 19 21 84 3122
667 19 23 70 3143
667 20 1 44 3121
667 20 2 46 3120
667 20 16 89 3101
667 20 19 96 3129
667 21 9 1110 2577
667 21 18 68 3119
667 22 3 234 3096
667 23 7 93 3135
667 24 4 52 3137
667 25 12 219 2991
667 25 13 338 2953
667 45 17 60 3132
667 47 25 46 3137
667 58 11 71 3123
667 61 1 41 3133
667 62 1 142 3098
667 62 3 65 3137
667 62 15 114 3111
667 63 1 297 3070
667 63 9 44 3131
667 67 23 54 3137
667 67 26 51 3138
669 19 4 47 3127
669 68 6 52 3125
669 68 14 52 3125
670 13 1 77 3128
670 13 17 77 3128
670 34 31 42 3136
670 61 12 43 3132
670 64 17 49 3133
670 67 17 54 3136
671 19 18 47 3127
671 25 28 72 3141
671 67 17 53 3131
671 68 15 64 3129
672 67 6 51 3136
673 12 7 77 3128
673 67 30 45 3127
673 68 6 44 3129
674 12 7 77 3128
674 19 4 47 3127
674 25 29 72 3141
674 61 13 43 3132
674 64 16 49 3133
674 67 6 51 3136
675 13 0 77 3128
675 13 16 77 3128
675 68 6 41 3125
676 19 19 47 3127
676 34 30 42 3136
676 60 11 42 3131
676 67 16 54 3136
678 16 23 44 3134
682 19 0 50 3132
682 19 5 49 3129
682 19 6 47 3127
682 24 4 52 3137
682 27 0 50 3140
682 33 6 46 3142
682 62 9 55 3131
682 64 1 42 3133
682 68 20 51 3136
682 68 24 73 3135
682 68 25 58 3129
683 12 1 77 3128
683 13 0 59 3131
683 21 28 51 3135
683 25 0 47 3132
683 25 4 55 3145
683 60 8 46 3131
683 62 8 55 3131
683 62 11 59 3133
683 68 24 58 3130
683 68 25 53 3129
686 68 24 58 3129
687 68 16 45 3127
687 68 24 51 3136
688 4 22 80 3117
688 5 0 62 3136
688 5 20 65 3130
688 16 22 62 3136
688 16 29 43 3133
688 17 0 65 3129
688 17 20 63 3131
688 19 10 75 3122
688 19 16 56 3124
688 21 0 57 3137
688 22 25 49 3132
688 24 25 43 3127
688 25 0 74 3140
688 25 20 45 3136
688 26 22 45 3136
688 27 0 57 3137
688 28 22 52 3139
688 28 29 47 3131
688 29 0 91 3137
688 31 0 52 3139
688 31 6 49 3139
688 32 26 62 3140
688 33 20 46 3138
688 34 26 49 3133
688 34 29 43 3137
688 34 30 49 3133
688 35 0 89 3141
688 37 0 53 3139
688 40 22 55 3133
688 41 0 58 3138
688 48 22 63 3134
688 48 25 54 3133
688 49 0 83 3132
688 50 14 2291 1641
688 52 0 73 3131
688 61 22 43 3127
688 62 2 43 3127
688 65 22 41 3135
688 66 10 50 3127
689 4 21 80 3117
689 4 25 273 3088
689 4 29 273 3088
689 5 3 392 3043
689 5 19 291 3069
689 14 25 48 3129
689 14 29 48 3129
689 16 21 62 3136
689 18 25 75 3122
689 18 29 75 3122
689 19 0 75 3122
689 19 3 67 3139
689 19 19 87 3113
689 22 26 48 3137
689 23 3 126 3136
689 25 3 53 3139
689 26 17 49 3136
689 28 17 80 3138
689 28 21 52 3139
689 29 3 44 3142
689 30 16 46 3132
689 31 3 68 3146
689 32 24 50 3139
689 33 3 61 3140
689 34 17 70 3137
689 34 20 44 3136
689 35 3 85 3145
689 40 21 55 3133
689 47 3 50 3134
689 48 17 62 3133
689 48 21 63 3134
689 53 17 47 3136
689 54 3 41 3137
689 61 21 43 3127
689 62 8 43 3127
689 65 17 86 3130
689 65 21 41 3135
689 65 25 55 3129
689 65 29 61 3130
689 66 3 50 3127
690 4 7 77 3118
690 4 21 160 3104
690 5 7 95 3111
690 5 21 275 3088
690 6 23 62 3126
690 7 7 93 3126
690 8 6 80 3117
690 8 7 80 3117
690 14 22 95 3119
690 18 22 91 3131
690 19 6 93 3126
690 20 23 65 3117
690 23 21 48 3139
690 23 25 56 3133
690 26 22 95 3119
690 26 23 71 3123
690 30 22 91 3131
690 30 23 50 3118
690 31 6 93 3126
690 31 7 66 3109
690 34 1 56 3134
690 34 7 192 3021
690 35 7 461 2988
690 42 7 44 3126
690 42 22 87 3132
690 43 6 92 3127
690 43 7 279 3052
690 50 20 2351 1579
690 50 21 2351 1579
690 52 21 89 3130
691 4 6 107 3125
691 4 20 140 3090
691 5 6 95 3111
691 16 5 107 3125
691 17 4 157 3109
691 18 22 95 3117
691 23 24 56 3133
691 23 25 43 3130
691 30 22 83 3116
691 31 6 112 3108
691 34 1 56 3134
691 34 6 50 3114
691 35 6 185 3070
691 38 21 95 3119
691 42 22 67 3115
691 43 6 155 3088
691 50 24 445 3018
691 50 25 445 3018
691 60 0 44 3130
691 63 16 188 3032
691 63 17 188 3032
692 6 23 91 3131
692 14 23 95 3119
692 17 5 114 3100
692 20 20 65 3117
692 23 26 56 3133
692 26 23 82 3121
692 30 20 127 3106
692 30 23 124 3100
692 31 4 103 3112
692 31 7 253 3057
692 34 4 192 3021
692 42 20 122 3101
692 43 4 154 3088
692 50 22 2351 1579
692 50 24 445 3018
692 50 25 445 3018
692 52 22 89 3130
692 52 24 47 3133
692 52 27 47 3133
692 63 18 180 3037
693 4 5 48 3123
693 4 23 77 3106
693 6 22 91 3131
693 7 5 300 3048
693 7 6 93 3126
693 8 5 62 3136
693 17 7 157 3109
693 19 5 266 3052
693 19 6 48 3125
693 20 20 42 3132
693 23 23 48 3139
693 30 6 41 3125
693 30 22 101 3111
693 31 6 90 3108
693 34 5 49 3115
693 34 6 60 3113
693 38 20 69 3123
693 38 23 76 3120
693 43 5 270 3054
693 43 6 205 3069
693 50 20 2351 1579
693 50 21 2351 1579
693 50 23 445 3018
694 4 6 107 3125
694 5 6 95 3111
694 7 6 300 3048
694 8 6 62 3136
694 15 21 201 3096
694 16 4 107 3125
694 17 5 116 3113
694 18 17 54 3110
694 18 22 43 3120
694 20 1 63 3098
694 31 6 266 3046
694 34 11 49 3127
694 38 20 95 3119
694 40 11 43 3144
694 42 22 131 3093
694 43 17 60 3137
694 48 29 44 3136
694 58 21 126 3110
695 4 21 160 3104
695 5 21 275 3088
695 16 20 45 3133
695 17 5 111 3100
695 17 8 53 3123
695 18 23 91 3131
695 19 7 93 3126
695 21 6 54 3135
695 22 2 62 3130
695 23 22 77 3128
695 26 23 95 3119
695 30 23 91 3131
695 31 7 93 3126
695 35 7 102 3104
695 38 21 75 3123
695 42 23 87 3132
695 43 7 92 3127
695 60 0 87 3127
695 60 1 44 3130
695 61 18 86 3127
695 63 17 174 3037
695 67 18 163 3094
695 67 22 62 3130
695 69 14 42 3129
696 14 3 287 2964
696 14 19 2074 1827
696 15 12 230 3073
696 15 13 80 3116
696 17 8 236 3075
696 18 19 53 3128
696 20 3 76 3127
696 20 5 80 3117
696 21 7 66 3140
696 31 4 46 3139
696 41 23 60 3137
696 47 0 242 3057
696 55 22 68 3136
696 56 7 51 3124
696 57 18 64 3128
696 57 23 459 2995
696 57 31 57 3124
696 58 21 45 3131
696 60 1 198 3082
696 67 23 47 3129
697 4 2 48 3136
697 4 3 80 3117
697 14 13 527 2869
697 15 21 77 3122
697 18 3 41 3127
697 18 17 50 3119
697 23 6 44 3138
697 25 16 46 3127
697 25 17 259 3074
697 25 19 77 3128
697 27 2 68 3142
697 32 15 74 3117
697 33 5 87 3130
697 40 11 41 3142
697 45 30 56 3118
697 45 31 56 3118
697 46 0 60 3119
697 48 19 102 3093
697 48 29 43 3133
697 53 18 362 3029
697 55 28 51 3127
697 56 2 64 3134
697 57 17 51 3135
697 58 20 69 3113
697 58 21 128 3097
697 63 18 199 3082
697 66 0 45 3138
698 15 13 96 3108
698 17 9 99 3108
698 18 16 60 3113
698 21 7 57 3140
698 23 6 52 3141
698 31 5 44 3134
698 33 9 49 3127
698 47 1 98 3099
698 48 18 463 2990
698 52 21 46 3135
698 53 18 439 2998
698 56 2 278 3055
698 57 19 70 3122
698 57 31 50 3123
698 58 20 187 3088
698 58 21 62 3124
698 60 7 43 3127
698 61 19 244 3071
698 63 18 179 3079
699 4 2 62 3136
699 14 19 199 2976
699 15 13 55 3116
699 15 20 123 3103
699 16 29 92 3114
699 17 9 79 3113
699 18 2 64 3130
699 18 16 325 2975
699 20 0 238 3113
699 26 13 72 3141
699 29 18 57 3134
699 33 15 44 3136
699 34 5 87 3130
699 47 1 131 3081
699 48 18 192 3077
699 55 18 45 3131
699 55 23 44 3128
699 56 2 92 3127
699 57 19 69 3136
699 57 31 48 3122
699 58 20 194 3084
699 58 21 49 3129
699 60 1 241 3073
699 61 19 74 3113
699 62 31 44 3133
699 66 0 45 3138
700 14 12 527 2869
700 14 19 100 3047
700 15 20 201 3096
700 17 4 60 3119
700 18 16 43 3113
700 20 5 80 3117
700 21 7 66 3140
700 23 6 52 3141
700 25 16 57 3122
700 25 18 77 3128
700 27 2 70 3144
700 32 14 43 3128
700 33 9 49 3127
700 34 5 87 3130
700 43 16 60 3137
700 48 28 43 3133
700 53 18 441 2995
700 55 23 68 3136
700 56 2 249 3064
700 57 23 235 3064
700 58 20 126 3110
700 59 3 42 3125
700 63 18 387 3019
700 66 0 45 3138
700 69 15 53 3132
701 14 3 102 3081
701 14 19 113 3045
701 15 13 230 3073
701 16 29 92 3114
701 17 4 95 3111
701 17 9 236 3075
701 20 3 76 3127
701 23 23 77 3128
701 25 16 259 3074
701 31 5 45 3135
701 32 14 49 3125
701 33 4 87 3130
701 34 10 49 3127
701 45 30 56 3118
701 46 0 60 3119
701 47 1 237 3059
701 55 18 45 3131
701 55 23 58 3125
701 55 28 51 3127
701 56 2 92 3127
701 57 19 69 3136
701 57 23 252 3055
701 58 21 62 3124
701 61 19 86 3127
701 62 31 44 3133
701 67 19 313 3052
702 15 13 95 3107
702 16 21 45 3133
702 18 16 325 2975
702 20 0 238 3113
702 22 3 44 3126
702 27 2 69 3143
702 29 18 57 3134
702 32 14 47 3126
702 47 1 434 2999
702 48 18 382 3016
702 48 28 65 3128
702 55 28 51 3127
702 57 19 77 3115
702 57 31 57 3124
702 59 18 238 3068
702 60 1 215 3077
702 60 7 43 3127
702 61 19 179 3083
703 4 2 80 3117
703 14 3 173 3034
703 14 19 2074 1827
703 17 9 89 3114
703 18 19 53 3128
703 19 0 53 3139
703 20 0 85 3097
703 26 13 72 3141
703 33 15 44 3136
703 41 23 60 3137
703 47 1 459 2984
703 48 18 192 3071
703 52 21 46 3135
703 53 18 319 3029
703 55 23 73 3119
703 56 2 288 3052
703 56 7 57 3131
703 59 18 425 3010
703 60 1 87 3127
703 63 18 404 3010
704 4 7 80 3117
704 4 15 107 3125
704 18 11 77 3120
704 19 24 61 3140
704 31 22 49 3127
704 52 22 45 3134
704 58 22 73 3125
704 59 21 57 3135
705 4 7 48 3136
705 5 15 95 3111
705 5 23 275 3088
705 18 4 75 3122
705 19 24 64 3138
705 19 26 75 3122
705 30 14 49 3127
705 31 5 42 3129
705 57 22 71 3146
705 59 13 45 3131
706 4 22 160 3104
706 18 29 75 3122
706 31 12 49 3127
706 58 4 42 3126
706 58 23 49 3130
706 59 20 69 3129
707 17 11 45 3133
707 18 18 77 3120
707 19 25 64 3136
707 58 23 69 3128
707 59 20 91 3133
708 4 7 62 3136
708 4 15 77 3118
708 19 16 75 3122
708 19 24 64 3138
709 5 15 71 3113
709 19 16 67 3139
709 19 24 75 3122
709 57 22 45 3140
710 18 4 75 3122
710 31 13 49 3127
710 58 22 62 3129
711 4 7 80 3117
711 4 15 107 3125
711 5 23 275 3088
711 18 28 75 3122
711 19 16 75 3122
711 19 24 55 3134
711 19 26 75 3122
711 52 22 45 3134
711 58 5 42 3126
712 4 23 160 3104
712 17 10 45 3133
712 18 11 77 3120
712 18 19 77 3120
712 30 14 49 3127
713 5 15 95 3111
713 19 24 75 3122
713 31 22 49 3127
713 58 22 73 3125
713 59 13 45 3131
718 4 0 77 3118
718 4 1 107 3125
718 4 2 77 3118
718 4 3 77 3118
718 4 4 62 3136
718 4 24 140 3090
718 4 25 131 3100
718 4 26 160 3104
718 4 27 140 3090
718 5 0 291 3069
718 5 3 95 3111
718 5 4 95 3111
718 5 5 141 3114
718 5 6 95 3111
718 5 28 52 3137
718 5 29 275 3088
718 18 12 43 3129
718 18 20 75 3122
718 18 21 43 3134
718 18 23 55 3134
718 19 0 67 3120
718 23 27 56 3133
718 23 28 56 3133
719 4 0 62 3136
719 4 1 80 3117
719 4 2 62 3136
719 5 0 65 3130
719 16 24 45 3133
719 17 0 63 3131
719 25 0 41 3136
719 31 21 49 3128
719 33 0 46 3138
719 33 30 44 3132
719 52 28 89 3130
719 58 21 57 3124
719 58 24 57 3124
720 18 31 75 3122
724 0 30 110 3051
724 22 25 46 3134
724 24 22 44 3140
724 24 29 41 3131
724 25 0 73 3137
724 25 4 43 3140
724 25 20 41 3144
724 26 22 52 3141
724 27 0 106 3136
724 30 25 41 3140
724 31 0 76 3140
724 34 29 44 3134
724 37 0 98 3135
724 37 20 50 3135
724 39 10 52 3140
724 41 0 41 3139
724 44 26 52 3141
724 44 29 48 3139
724 44 30 52 3141
724 45 0 84 3132
724 49 0 50 3130
724 52 0 83 3128
724 58 0 89 3133
724 59 22 72 3127
724 59 27 71 3131
724 60 20 67 3132
724 64 5 51 3137
724 64 9 51 3137
725 0 25 2282 1643
725 0 29 2282 1643
725 1 3 387 2861
725 1 19 759 2628
725 22 25 50 3138
725 22 26 64 3135
725 22 29 50 3138
725 23 3 79 3136
725 23 19 47 3138
725 24 20 41 3131
725 24 21 44 3140
725 25 3 73 3143
725 25 7 41 3143
725 26 21 52 3141
725 28 17 44 3132
725 28 25 42 3132
725 28 29 42 3132
725 29 3 93 3147
725 29 19 45 3140
725 30 17 48 3140
725 30 26 44 3141
725 31 3 46 3139
725 32 16 42 3133
725 34 17 50 3141
725 34 20 44 3134
725 34 29 47 3149
725 35 3 75 3139
725 37 3 67 3145
725 38 25 52 3140
725 38 29 52 3140
725 39 0 52 3140
725 44 20 47 3139
725 45 3 54 3141
725 55 17 64 3127
725 56 3 63 3128
725 58 3 57 3131
725 59 21 72 3127
725 59 24 73 3129
725 62 3 43 3135
725 63 25 52 3137
725 63 29 53 3138
725 64 2 43 3136
725 64 3 51 3137
726 0 7 181 3027
726 0 23 201 2976
726 4 23 1286 2308
726 5 23 491 2921
726 12 2 119 3122
726 12 22 72 3141
726 13 23 191 3004
726 17 21 94 3103
726 19 9 95 3111
726 62 17 84 3051
726 64 1 401 2944
727 0 6 181 3027
727 0 22 2299 1622
727 17 21 348 2987
727 19 8 95 3111
727 19 9 77 3120
727 27 8 43 3138
727 33 6 42 3134
727 52 4 48 3132
727 62 17 84 3051
727 63 1 89 3074
727 64 0 991 2579
727 64 1 991 2579
728 4 20 1286 2308
728 5 20 491 2921
728 13 20 1136 2563
728 19 9 95 3111
728 19 10 88 3114
728 52 6 41 3135
728 64 2 836 2727
729 0 21 2299 1622
729 4 21 212 3042
729 5 21 135 3096
729 12 2 44 3122
729 19 8 54 3122
729 33 5 46 3137
729 62 16 84 3051
729 63 0 89 3074
730 0 6 181 3027
730 4 22 212 3042
730 5 22 135 3096
730 12 19 249 3110
730 17 20 348 2987
730 18 1 102 3097
730 49 15 65 3136
730 58 25 49 3128
730 62 15 63 3121
730 66 13 43 3130
731 12 3 119 3122
731 12 23 72 3141
731 13 23 1136 2563
731 14 28 538 2866
731 16 16 249 3110
731 17 12 99 3110
731 19 9 84 3111
731 19 22 79 3116
731 25 20 67 3126
731 31 10 43 3130
731 49 12 59 3132
731 58 6 51 3122
731 62 16 63 3124
731 63 12 44 3133
731 64 1 889 2695
731 66 20 163 3109
732 3 18 80 3117
732 16 11 45 3133
732 19 18 79 3130
732 19 22 51 3136
732 22 17 45 3139
732 25 20 44 3128
732 25 21 63 3130
732 49 12 63 3122
732 49 13 43 3133
732 57 6 50 3135
732 64 7 43 3128
732 66 20 79 3131
733 12 0 181 3027
733 12 16 2128 1777
733 16 15 57 3129
733 16 16 398 2953
733 17 20 58 3129
733 18 1 249 3110
733 24 16 72 3141
733 25 14 216 2989
733 25 15 1136 2563
733 26 30 47 3124
733 32 1 79 3133
733 33 21 87 3130
733 37 22 59 3131
733 45 2 44 3133
733 47 6 41 3132
733 48 0 48 3133
733 49 14 65 3138
733 49 15 46 3134
733 58 24 48 3128
733 58 25 51 3127
733 62 15 116 3108
734 17 19 110 3118
734 19 23 61 3135
734 21 22 74 3118
734 24 23 54 3129
734 45 2 44 3132
734 49 13 85 3125
734 49 14 52 3147
734 62 14 57 3120
734 64 7 43 3128
734 64 23 109 3117
734 65 19 51 3128
734 66 21 163 3109
735 12 0 107 3067
735 12 18 72 3097
735 16 15 538 2866
735 16 16 120 3068
735 16 17 123 3078
735 17 20 181 3110
735 18 0 121 3080
735 19 23 60 3134
735 25 21 86 3122
735 29 27 76 3131
735 34 31 42 3133
735 35 4 97 3129
735 47 6 48 3131
735 49 13 68 3123
735 49 14 81 3141
735 58 24 49 3128
735 60 20 116 3116
735 62 14 60 3123
735 62 17 42 3129
736 3 19 80 3117
736 16 15 538 2866
736 16 16 142 3083
736 16 17 50 3116
736 17 19 110 3118
736 17 20 98 3106
736 18 0 249 3110
736 21 22 74 3118
736 22 17 45 3139
736 24 23 54 3129
736 25 21 86 3122
736 26 30 47 3124
736 33 20 87 3130
736 47 6 44 3132
736 48 19 49 3132
736 49 14 46 3134
736 58 24 51 3127
736 60 20 278 3077
736 62 14 116 3108
736 65 31 51 3137
736 66 12 43 3130
737 12 0 181 3027
737 12 16 2128 1777
737 12 18 249 3110
737 14 29 538 2866
737 16 11 45 3133
737 16 14 57 3129
737 16 16 398 2953
737 16 17 121 3080
737 19 19 79 3130
737 19 23 79 3116
737 24 16 72 3141
737 25 14 1136 2563
737 25 21 68 3124
737 32 0 79 3133
737 34 31 42 3133
737 49 13 43 3133
737 57 7 50 3135
737 58 7 51 3122
737 60 20 211 3087
737 62 17 63 3124
737 63 13 43 3133
737 64 7 43 3128
737 64 23 232 3100
737 65 19 49 3130
737 66 21 163 3109
738 16 16 134 3085
738 16 17 107 3088
738 17 20 181 3110
738 18 0 103 3090
738 19 23 43 3134
738 21 22 54 3133
738 25 14 88 3071
738 25 21 78 3124
738 29 27 76 3131
738 31 11 43 3130
738 35 4 97 3129
738 47 6 48 3131
738 49 14 47 3134
738 58 6 47 3133
738 60 20 116 3116
738 60 25 51 3127
738 62 17 42 3127
738 63 13 44 3133
738 64 23 233 3099
738 64 24 42 3134
738 65 19 77 3130
738 66 21 103 3124
739 16 16 127 3087
739 16 17 249 3110
739 17 13 99 3110
739 17 20 92 3102
739 18 0 62 3106
739 25 14 187 3019
739 37 22 59 3131
739 42 27 59 3134
739 47 6 43 3131
739 49 14 81 3141
739 58 6 55 3132
739 58 24 51 3127
739 60 20 55 3128
739 60 25 41 3129
739 62 14 82 3116
739 64 23 233 3099
740 39 16 52 3140
741 0 23 2299 1622
741 66 14 55 3130
742 66 20 55 3130
743 0 14 181 3027
743 58 29 43 3136
744 0 23 201 2976
745 58 28 50 3135
746 0 23 2299 1622
747 66 21 55 3130
748 0 15 181 3027
749 39 16 52 3140
749 66 21 55 3130
751 52 29 46 3133
751 58 27 45 3136
754 0 0 181 3027
754 0 1 181 3027
754 0 2 181 3027
754 0 3 181 3027
754 0 24 201 2976
754 0 25 305 2913
754 0 26 2299 1622
754 0 27 201 2976
754 1 0 759 2628
754 23 0 47 3138
754 29 27 76 3131
754 29 28 41 3138
754 31 6 43 3130
754 58 5 53 3134
754 63 12 44 3133
754 66 19 52 3133
754 66 24 77 3130
755 37 0 46 3132
755 37 28 59 3131
755 52 5 45 3132
755 58 4 55 3132
755 60 0 50 3134
756 58 9 50 3135
756 58 25 94 3126
756 62 28 65 3131
756 62 30 41 3130
757 66 16 55 3130
759 21 26 51 3131
760 19 25 98 3135
760 19 26 98 3135
760 24 27 45 3133
760 25 0 116 3138
760 25 20 48 3137
760 26 22 119 3117
760 26 25 134 3126
760 26 26 118 3120
760 26 30 61 3120
760 27 0 106 3104
760 27 2 119 3117
760 27 20 149 3103
760 28 27 47 3133
760 28 30 41 3136
760 29 0 124 3135
760 31 0 69 3145
760 32 27 49 3138
760 33 0 94 3142
760 33 20 42 3139
760 35 0 47 3145
760 36 26 47 3128
760 36 30 48 3128
760 42 27 42 3137
760 43 0 65 3131
760 45 0 66 3133
760 45 6 58 3132
760 45 7 66 3133
760 46 22 54 3131
760 47 0 133 3124
760 50 14 2477 1477
760 53 22 70 3133
760 54 0 50 3133
760 55 29 51 3126
760 57 22 69 3124
760 57 26 52 3132
760 57 27 47 3141
760 57 30 55 3132
760 58 0 42 3129
760 58 20 56 3124
761 19 24 98 3135
761 22 17 45 3131
761 23 3 48 3137
761 24 24 41 3133
761 26 16 172 3106
761 26 17 172 3106
761 26 21 119 3117
761 26 25 73 3131
761 26 26 133 3125
761 26 29 73 3131
761 26 31 88 3121
761 27 5 92 3108
761 27 8 119 3117
761 27 19 59 3135
761 28 16 67 3140
761 28 24 49 3131
761 28 25 51 3142
761 28 29 51 3142
761 29 3 51 3142
761 31 3 119 3136
761 32 17 74 3138
761 32 24 59 3138
761 32 25 56 3138
761 32 29 41 3139
761 33 3 94 3138
761 33 19 44 3133
761 36 16 51 3132
761 37 3 75 3138
761 39 3 58 3138
761 42 17 46 3133
761 43 3 61 3134
761 43 7 43 3132
761 43 19 41 3123
761 44 16 42 3139
761 44 17 42 3139
761 45 3 72 3134
761 46 21 54 3131
761 53 17 69 3132
761 53 21 70 3133
761 56 3 57 3131
761 57 21 69 3124
761 57 24 56 3135
761 57 25 157 3117
761 57 29 157 3117
761 58 3 157 3117
761 58 7 108 3135
761 58 19 152 3132
762 19 22 68 3128
762 25 25 43 3123
762 27 21 197 3021
762 33 25 41 3132
762 46 22 86 3122
762 47 25 100 3129
762 50 20 2253 1611
762 50 21 2253 1611
762 54 5 61 3132
762 56 9 51 3131
762 57 5 157 3117
762 61 19 52 3131
762 63 17 47 3131
763 7 6 109 3116
763 12 21 160 3104
763 19 20 179 3107
763 19 22 68 3128
763 21 25 44 3131
763 25 24 69 3133
763 27 21 46 3120
763 27 24 42 3135
763 27 25 63 3136
763 46 22 41 3123
763 47 25 96 3129
763 50 24 138 3124
763 50 25 138 3124
763 57 4 85 3128
763 57 5 50 3126
763 61 18 44 3131
763 65 16 357 2931
763 65 17 357 2931
764 7 4 109 3116
764 19 22 98 3135
764 27 21 197 3021
764 36 18 57 3134
764 46 23 86 3122
764 47 25 43 3134
764 50 22 2253 1611
764 50 24 138 3124
764 50 25 138 3124
764 56 10 51 3131
764 57 6 157 3117
764 59 18 82 3122
764 63 18 45 3133
764 65 18 344 2938
765 7 20 736 2788
765 7 23 736 2788
765 12 20 160 3104
765 19 20 98 3135
765 21 24 44 3131
765 27 24 63 3136
765 47 27 82 3133
765 50 20 2253 1611
765 50 21 2253 1611
765 50 23 138 3124
765 57 7 96 3123
765 59 16 54 3127
765 59 19 82 3122
765 61 17 53 3132
765 65 19 181 3023
766 19 20 103 3115
766 25 11 86 3122
766 36 16 57 3134
766 55 31 50 3126
766 57 4 75 3132
766 59 16 82 3122
766 60 23 89 3130
766 64 5 69 3132
767 1 12 2299 1622
767 21 8 84 3114
767 25 25 43 3123
767 31 20 73 3135
767 33 20 48 3139
767 33 25 41 3132
767 46 23 46 3120
767 47 25 100 3129
767 49 2 150 3118
767 54 5 61 3132
767 56 20 48 3127
767 57 5 88 3123
767 61 19 53 3132
767 63 17 47 3131
767 65 17 283 2975
768 16 17 49 3123
768 23 10 52 3141
768 25 7 152 3112
768 30 10 76 3131
768 31 23 48 3139
768 35 15 193 3020
768 35 23 97 3129
768 49 2 179 3108
768 49 3 75 3134
768 51 0 42 3129
768 62 3 420 2970
768 64 6 54 3128
768 64 7 61 3130
768 66 2 53 3129
768 66 5 73 3121
769 2 12 736 2642
769 20 15 69 3118
769 29 23 96 3132
769 31 24 43 3130
769 33 23 41 3128
769 55 30 51 3127
769 55 31 51 3127
769 58 22 71 3120
770 4 27 62 3125
770 6 15 109 3116
770 18 4 43 3138
770 19 3 98 3120
770 19 21 62 3131
770 24 5 104 3121
770 25 10 45 3131
770 30 11 42 3138
770 31 21 45 3130
770 33 30 193 3020
770 34 19 42 3133
770 43 25 47 3133
770 64 4 56 3133
770 64 7 100 3123
770 66 3 94 3127
770 66 5 138 3114
771 3 11 1139 2563
771 4 27 109 3116
771 5 11 177 3085
771 13 20 275 3088
771 18 4 42 3137
771 20 14 59 3120
771 25 10 86 3122
771 27 13 47 3124
771 29 22 93 3133
771 31 18 72 3129
771 33 30 46 3117
771 35 11 71 3136
771 35 15 58 3109
771 37 16 52 3140
771 49 3 190 3108
771 55 30 49 3127
771 56 21 51 3127
771 62 17 105 3123
771 63 14 192 3046
771 64 4 69 3131
771 64 7 101 3124
771 66 3 60 3130
771 66 5 138 3114
772 3 11 1139 2563
772 18 4 43 3138
772 18 30 48 3135
772 19 3 98 3120
772 20 14 69 3118
772 24 5 104 3121
772 25 7 152 3112
772 25 10 86 3122
772 28 22 41 3131
772 30 11 42 3138
772 31 23 48 3139
772 31 24 43 3130
772 33 30 193 3020
772 37 16 52 3140
772 43 25 47 3133
772 49 3 105 3117
772 63 14 176 3039
772 64 4 56 3133
773 4 27 109 3116
773 6 15 62 3125
773 13 20 275 3088
773 24 5 62 3124
773 25 7 56 3115
773 29 5 42 3137
773 29 22 95 3130
773 30 11 76 3131
773 31 18 72 3129
773 31 21 46 3128
773 33 21 48 3139
773 35 15 61 3112
773 49 3 165 3107
773 60 22 89 3130
773 62 3 413 2973
773 63 14 188 3032
773 64 7 61 3130
773 66 3 60 3130
773 66 5 138 3114
774 2 12 181 3027
774 6 15 62 3125
774 19 3 51 3125
774 24 5 48 3128
774 29 22 92 3132
774 34 19 42 3133
774 55 30 51 3127
774 56 21 51 3127
774 62 3 420 2970
774 63 14 114 3066
774 66 3 42 3126
774 66 5 71 3126
775 1 13 2299 1622
775 5 11 177 3085
775 6 15 109 3116
775 16 17 66 3135
775 19 4 50 3135
775 19 21 62 3131
775 20 14 63 3119
775 21 9 86 3122
775 23 11 52 3141
775 27 13 47 3124
775 31 21 56 3136
775 33 22 41 3128
775 35 15 193 3020
775 35 23 97 3129
775 49 3 75 3134
775 56 21 51 3127
775 58 22 71 3120
775 62 3 420 2970
775 62 17 105 3123
775 63 14 170 3039
776 19 26 71 3134
776 35 26 45 3127
776 37 5 97 3129
776 61 30 53 3139
777 29 13 53 3130
777 57 9 61 3128
777 57 15 52 3126
778 18 28 46 3138
778 37 28 97 3129
778 57 8 49 3134
778 58 2 45 3134
778 58 10 47 3132
778 58 26 53 3134
779 18 28 41 3132
779 19 18 45 3132
779 56 10 45 3132
779 57 20 42 3126
779 57 31 72 3121
779 58 0 80 3125
779 58 2 41 3120
779 58 18 43 3125
779 58 28 43 3134
780 29 0 50 3136
780 29 22 41 3128
780 57 9 73 3125
780 57 12 41 3133
780 57 15 72 3121
780 57 30 72 3121
780 58 1 80 3125
780 58 19 77 3139
780 58 29 52 3118
781 28 22 42 3131
781 29 5 43 3132
781 31 21 43 3135
781 57 17 59 3128
781 58 1 49 3128
781 58 8 41 3133
781 58 22 72 3124
781 58 28 45 3130
782 28 14 46 3132
782 29 0 43 3135
782 29 13 52 3128
782 57 17 59 3128
782 57 30 43 3121
782 58 1 80 3125
782 58 19 43 3125
782 58 27 42 3134
782 58 29 69 3130
783 37 29 97 3129
783 56 11 45 3132
783 57 9 57 3126
783 57 12 41 3133
783 57 15 51 3125
783 57 17 59 3128
783 57 30 68 3125
783 58 8 41 3133
783 58 28 80 3125
784 19 19 45 3132
784 35 26 45 3127
784 37 5 97 3129
784 57 9 73 3125
784 57 15 72 3121
784 57 30 72 3121
784 58 3 50 3134
784 58 19 77 3139
785 19 26 71 3134
785 29 22 44 3128
785 31 21 51 3134
785 58 11 47 3132
785 58 22 72 3124
785 58 27 77 3133
785 62 30 42 3134
786 26 12 44 3131
786 54 23 60 3129
786 54 31 41 3130
786 56 7 45 3132
787 56 31 81 3129
788 37 19 97 3129
790 18 20 49 3137
790 26 5 67 3130
790 27 0 59 3135
790 29 26 42 3131
790 31 28 87 3130
790 31 30 60 3132
790 33 0 44 3133
790 33 27 41 3128
790 33 28 41 3128
790 43 0 41 3123
790 57 0 80 3125
790 57 3 157 3117
790 58 0 152 3132
790 58 9 51 3126
790 62 20 49 3131
790 62 24 56 3127
790 62 25 56 3127
791 25 0 48 3137
791 25 28 43 3123
791 25 30 69 3133
791 26 8 67 3130
791 26 10 41 3130
791 26 30 45 3131
791 27 0 75 3128
791 29 30 97 3131
791 33 28 41 3132
791 37 24 59 3135
791 44 15 59 3130
791 47 28 100 3129
791 47 30 66 3130
791 54 4 61 3132
791 56 4 51 3131
791 57 20 88 3130
791 57 21 89 3129
791 58 0 56 3124
791 58 8 65 3125
791 58 11 89 3129
791 58 28 71 3120
792 57 5 49 3128
792 57 12 55 3128
792 57 13 63 3134
792 57 21 101 3117
792 57 28 69 3114
792 57 29 136 3115
792 58 22 48 3133
796 4 22 1207 2541
796 4 26 551 2854
796 4 30 549 2853
796 5 0 510 2862
796 5 20 758 2753
796 26 22 56 3136
796 26 26 72 3143
796 27 0 56 3136
796 28 22 74 3140
796 28 25 72 3131
796 28 29 41 3136
796 29 0 64 3137
796 29 20 70 3143
796 30 22 52 3135
796 30 25 123 3118
796 30 26 81 3133
796 30 27 95 3130
796 30 29 80 3123
796 31 0 239 3096
796 31 4 52 3135
796 31 20 116 3128
796 32 22 58 3142
796 32 29 58 3131
796 33 0 87 3140
796 35 5 48 3139
796 36 22 50 3141
796 37 2 50 3141
796 41 9 54 3133
796 43 0 46 3130
796 49 0 66 3132
796 54 0 58 3132
796 56 0 87 3127
796 57 26 49 3138
796 57 29 43 3134
796 57 30 45 3141
796 58 0 55 3133
796 59 26 50 3139
796 59 30 49 3144
797 4 21 1207 2541
797 4 25 1810 2003
797 4 29 1810 2003
797 5 3 815 2731
797 5 19 1144 2535
797 26 21 56 3136
797 27 3 48 3135
797 28 17 73 3140
797 28 20 41 3136
797 28 21 74 3140
797 28 26 65 3138
797 30 17 54 3134
797 30 20 81 3122
797 30 21 52 3135
797 30 24 94 3130
797 30 26 108 3123
797 31 3 42 3143
797 32 20 52 3132
797 32 21 60 3143
797 33 3 86 3146
797 33 19 46 3143
797 34 16 51 3141
797 34 25 48 3139
797 34 29 48 3139
797 35 2 48 3139
797 36 17 72 3141
797 36 21 50 3141
797 37 6 50 3141
797 38 26 44 3140
797 39 3 100 3135
797 39 19 43 3145
797 41 3 54 3133
797 42 25 73 3132
797 42 29 73 3132
797 47 3 114 3120
797 49 3 42 3139
797 49 7 47 3128
797 51 17 52 3130
797 54 3 71 3129
797 56 3 57 3131
797 57 20 43 3134
797 57 26 41 3141
797 58 3 64 3135
797 59 16 53 3132
797 59 25 49 3136
797 59 29 49 3136
797 60 3 70 3135
798 4 3 77 3116
798 4 19 124 3079
798 5 17 118 3101
798 5 18 290 2941
798 5 19 389 2882
798 5 23 80 3123
798 8 6 69 3118
798 8 7 69 3118
798 15 22 275 3088
798 47 21 54 3135
798 56 9 49 3129
798 58 2 51 3137
798 58 3 51 3137
798 64 17 88 3110
799 4 2 121 3120
799 4 18 249 3110
799 5 16 158 3075
799 5 18 1139 2563
799 5 22 177 3085
799 7 1 275 3088
799 15 22 275 3088
799 47 20 49 3136
799 56 8 49 3129
799 64 16 410 3066
799 64 17 192 3114
800 5 16 209 2991
800 5 20 54 3120
800 54 5 56 3132
800 56 10 49 3129
800 58 0 43 3138
800 64 18 410 3066
801 4 1 121 3120
801 4 17 49 3103
801 5 17 1139 2563
801 5 21 177 3085
801 8 5 69 3118
801 17 18 70 3124
801 54 7 48 3133
801 56 11 48 3128
802 1 3 71 3107
802 4 15 1286 2308
802 4 18 249 3110
802 5 1 49 3126
802 5 15 491 2921
802 5 16 725 2788
802 5 18 216 2988
802 5 22 42 3129
802 7 0 275 3088
802 8 6 69 3118
802 34 26 48 3135
802 47 1 124 3119
802 54 1 51 3127
802 56 9 50 3126
802 63 31 475 2898
802 65 27 137 3113
803 1 0 60 3119
803 5 17 725 2788
803 5 19 281 2957
803 17 19 70 3124
803 19 6 50 3132
803 25 18 55 3137
803 30 4 99 3129
803 33 4 46 3142
803 33 6 48 3139
803 33 10 48 3129
803 33 20 72 3135
803 34 21 47 3131
803 39 4 69 3136
803 44 0 74 3135
803 47 21 54 3135
803 51 10 56 3138
803 56 9 49 3129
803 56 20 98 3125
803 58 10 54 3131
803 59 20 50 3123
803 59 26 104 3127
803 61 24 108 3127
803 64 17 410 3066
803 66 4 51 3137
804 1 0 69 3118
804 3 0 725 2788
804 5 30 491 2921
804 21 6 47 3132
804 25 4 60 3130
804 25 17 51 3141
804 28 23 49 3132
804 29 23 45 3133
804 30 4 102 3126
804 37 20 78 3139
804 44 0 41 3122
804 45 16 98 3111
804 58 10 55 3132
804 58 11 52 3133
804 58 16 683 2806
804 58 17 94 3089
804 59 18 48 3135
804 59 26 100 3126
804 59 27 56 3131
804 61 0 72 3134
804 61 16 61 3121
804 61 24 104 3126
804 61 25 52 3128
805 4 2 45 3124
805 4 3 69 3118
805 4 14 85 3097
805 4 15 111 3082
805 5 0 43 3132
805 5 1 109 3116
805 5 14 61 3119
805 5 15 76 3121
805 17 15 99 3110
805 25 17 297 3005
805 29 7 76 3138
805 34 14 41 3139
805 37 13 197 3021
805 40 2 97 3125
805 47 1 74 3135
805 54 1 51 3127
805 56 9 50 3126
805 59 22 59 3139
805 59 23 65 3138
805 60 1 683 2807
805 62 8 70 3119
806 1 1 69 3118
806 1 2 249 3110
806 2 17 69 3118
806 3 1 158 3075
806 3 23 389 2882
806 5 31 135 3096
806 7 15 135 3096
806 20 3 69 3118
806 25 5 41 3136
806 25 22 58 3138
806 27 22 275 3088
806 30 5 61 3135
806 31 25 52 3142
806 34 25 56 3135
806 37 12 65 3111
806 39 5 42 3132
806 40 2 74 3135
806 45 17 200 3108
806 47 0 123 3115
806 54 0 51 3127
806 56 8 51 3127
806 58 11 53 3132
806 58 17 655 2819
806 59 27 104 3127
806 61 22 56 3130
806 61 25 88 3132
806 62 11 55 3126
806 65 26 68 3120
807 1 2 124 3079
807 2 17 69 3118
807 3 23 1139 2563
807 4 2 69 3118
807 4 14 212 3042
807 5 0 62 3125
807 5 14 135 3096
807 7 15 491 2921
807 21 22 73 3118
807 23 21 68 3119
807 23 23 51 3141
807 35 20 54 3133
807 37 22 59 3131
807 38 21 50 3139
807 40 2 131 3126
807 40 26 54 3137
807 43 13 50 3130
807 44 1 105 3122
807 45 17 75 3135
807 47 0 79 3126
807 56 8 51 3127
807 58 17 683 2806
807 59 21 60 3126
807 59 22 45 3141
807 59 27 99 3129
807 60 0 683 2807
807 60 17 64 3126
807 62 4 58 3132
807 63 30 991 2579
807 65 26 137 3113
808 1 2 249 3110
808 20 3 69 3118
808 21 22 56 3134
808 25 16 63 3114
808 25 19 55 3137
808 29 23 42 3132
808 33 5 46 3142
808 35 6 42 3140
808 43 13 50 3130
808 47 0 74 3135
808 51 11 56 3138
808 54 0 51 3127
808 56 8 51 3127
808 59 22 52 3135
808 60 0 683 2807
808 63 30 883 2694
808 65 26 137 3113
809 1 1 69 3118
809 2 17 69 3118
809 3 1 725 2788
809 3 23 1139 2563
809 5 31 491 2921
809 7 15 491 2921
809 17 14 99 3110
809 19 7 50 3132
809 20 3 68 3117
809 21 7 47 3132
809 23 21 68 3119
809 23 23 51 3141
809 25 16 297 3005
809 25 17 51 3141
809 27 22 275 3088
809 30 5 43 3130
809 31 25 59 3133
809 33 7 48 3139
809 35 5 46 3140
809 45 17 75 3135
809 47 0 79 3131
809 51 11 48 3139
809 58 17 683 2806
809 59 27 104 3127
809 60 0 256 3013
809 60 5 51 3131
809 61 1 72 3134
809 62 8 65 3123
809 66 5 56 3134
810 5 14 66 3111
810 5 31 81 3116
810 21 22 73 3118
810 25 5 60 3130
810 25 16 87 3108
810 29 23 45 3133
810 31 25 56 3136
810 33 11 48 3129
810 35 5 46 3140
810 37 12 197 3021
810 37 21 78 3139
810 37 22 59 3131
810 38 21 55 3130
810 39 5 69 3136
810 40 2 74 3135
810 44 1 108 3110
810 45 17 178 3108
810 47 0 70 3130
810 51 11 56 3138
810 54 0 51 3127
810 56 21 98 3125
810 58 6 44 3135
810 59 21 60 3126
810 59 27 88 3131
810 60 5 49 3129
810 61 17 61 3121
810 61 25 92 3131
810 62 4 75 3135
810 62 11 55 3126
810 63 30 991 2579
810 66 5 55 3133
811 4 2 69 3118
811 4 14 1286 2308
811 5 0 109 3116
811 5 14 491 2921
811 21 22 56 3134
811 25 6 43 3139
811 25 22 43 3137
811 29 6 76 3138
811 34 14 41 3139
811 35 6 42 3140
811 44 1 74 3135
811 45 17 105 3120
811 47 0 154 3113
811 51 11 45 3133
811 55 21 41 3134
811 58 11 55 3132
811 58 17 646 2823
811 59 22 65 3138
811 60 0 602 2851
811 61 22 56 3130
811 61 25 108 3127
811 62 11 55 3126
811 63 30 974 2656
811 65 26 133 3112
812 5 31 216 2988
812 29 11 49 3141
812 30 1 68 3124
812 30 25 49 3130
812 30 27 171 3102
812 47 14 43 3134
813 5 2 249 3110
813 5 7 109 3116
813 5 16 121 3120
813 5 23 177 3085
813 25 9 42 3140
813 28 3 52 3127
813 28 14 44 3125
813 29 20 61 3133
813 29 22 74 3126
813 29 27 65 3134
813 31 5 60 3136
813 31 9 41 3130
813 31 10 60 3126
813 31 22 43 3136
813 46 30 43 3134
813 62 6 65 3132
813 62 14 55 3139
814 4 6 69 3118
814 4 14 491 2921
814 4 22 725 2788
814 5 14 1286 2308
814 5 30 232 2972
814 28 23 51 3128
814 29 19 70 3128
814 29 26 46 3135
814 29 28 53 3122
814 30 24 49 3130
814 53 7 67 3125
814 55 15 51 3123
814 61 28 48 3130
814 62 10 72 3134
814 62 26 61 3121
815 5 14 98 3092
815 5 22 42 3129
815 5 30 1139 2563
815 28 20 55 3129
815 30 23 70 3137
815 30 24 77 3127
815 62 15 52 3131
815 62 20 97 3131
816 4 7 45 3124
816 4 15 70 3120
816 4 23 158 3075
816 5 1 42 3130
816 5 2 71 3107
816 5 7 62 3125
816 5 23 80 3123
816 5 31 389 2882
816 28 3 42 3124
816 28 21 42 3132
816 28 22 54 3128
816 29 23 79 3127
816 29 27 52 3131
816 30 25 45 3128
816 31 5 65 3136
816 62 6 45 3135
817 4 23 79 3111
817 5 1 121 3120
817 5 15 111 3091
817 5 16 49 3121
817 22 22 50 3134
817 28 3 59 3127
817 28 21 57 3128
817 29 22 44 3129
817 30 1 82 3124
817 31 5 56 3132
817 31 22 41 3135
817 61 6 42 3139
817 65 22 44 3125
818 4 7 69 3118
818 4 15 98 3102
818 4 23 725 2788
818 5 1 121 3120
818 5 16 121 3120
818 28 3 59 3127
818 28 14 46 3128
818 28 21 52 3129
818 28 22 54 3128
818 29 23 79 3127
818 29 27 65 3134
818 30 22 70 3137
818 31 22 43 3136
818 53 6 67 3125
818 62 11 72 3134
818 62 14 52 3137
818 62 27 61 3121
819 4 15 491 2921
819 4 23 90 3094
819 5 7 109 3116
819 5 23 177 3085
819 5 31 1139 2563
819 28 21 57 3128
819 28 22 50 3128
819 29 22 74 3126
819 29 23 66 3125
819 30 1 56 3128
819 30 25 77 3127
819 30 27 171 3102
819 31 10 60 3126
819 62 21 97 3131
820 5 1 47 3120
820 5 2 249 3110
820 5 7 43 3132
820 5 15 1286 2308
820 5 23 69 3129
820 28 14 44 3126
820 29 22 68 3126
820 29 23 56 3128
820 29 27 56 3133
820 29 29 53 3122
820 31 9 52 3130
820 55 14 51 3123
820 61 6 45 3139
820 62 14 52 3131
821 29 11 49 3141
821 29 18 70 3128
821 29 20 61 3133
821 30 1 82 3124
821 31 22 42 3136
821 62 6 65 3132
822 30 5 41 3125
822 30 21 105 3112
822 30 22 50 3111
822 58 27 47 3132
823 30 29 49 3127
825 56 26 44 3125
826 4 0 77 3116
826 4 3 121 3120
826 4 4 69 3118
826 4 6 231 3056
826 4 7 491 2921
826 4 8 74 3116
826 4 9 135 3096
826 4 10 491 2921
826 4 11 74 3116
826 4 18 725 2788
826 4 19 158 3075
826 4 20 134 3083
826 4 21 134 3085
826 4 22 281 3011
826 4 23 725 2788
826 4 24 249 3110
826 4 25 63 3106
826 4 27 124 3079
826 5 0 320 3050
826 5 7 1286 2308
826 5 8 359 2929
826 5 11 1286 2308
826 5 12 98 3091
826 5 13 127 3068
826 5 26 389 2882
826 5 27 80 3123
826 5 28 81 3119
826 5 29 177 3085
826 5 30 80 3123
826 24 20 43 3137
826 24 22 88 3136
826 26 30 59 3142
826 30 6 67 3126
826 30 9 77 3120
826 33 0 46 3143
826 33 5 43 3130
826 33 6 48 3129
826 36 20 78 3139
826 36 22 107 3137
826 39 0 43 3145
826 39 5 43 3133
826 39 6 69 3136
826 40 30 56 3135
826 47 27 54 3135
826 47 30 44 3133
826 54 5 46 3134
826 60 6 113 3126
826 62 8 88 3135
826 62 24 61 3129
826 62 25 42 3133
827 4 0 69 3118
827 4 1 69 3118
827 4 2 69 3118
827 5 0 758 2753
827 5 3 62 3125
827 5 4 62 3125
827 5 5 64 3123
827 5 6 109 3116
827 5 13 212 3042
827 5 28 389 2882
827 5 29 1139 2563
827 5 30 659 2733
827 23 25 42 3131
827 24 9 60 3130
827 24 10 83 3132
827 28 20 45 3133
827 29 0 70 3143
827 29 3 57 3128
827 29 4 76 3138
827 30 0 82 3127
827 31 0 101 3134
827 56 4 49 3129
827 56 28 98 3125
827 66 25 45 3138
828 31 29 65 3127
828 31 31 58 3126
828 47 20 42 3128
828 54 24 67 3125
828 54 28 41 3133
828 60 3 72 3129
829 58 26 48 3133
829 58 30 47 3127
830 4 0 77 3116
830 4 8 121 3120
830 4 16 124 3079
830 4 24 249 3110
830 5 8 58 3136
832 50 14 247 3103
834 15 22 736 2788
834 27 22 685 2868
834 33 26 41 3128
834 33 27 41 3128
834 50 20 146 3130
834 50 21 146 3130
835 27 21 98 3135
835 50 24 177 3124
835 50 25 177 3124
835 57 21 155 3115
835 58 20 71 3120
836 15 23 736 2788
836 27 23 407 2931
836 50 22 146 3130
836 50 24 177 3124
836 50 25 177 3124
836 55 5 259 3113
836 59 21 61 3132
837 27 20 98 3135
837 50 20 146 3130
837 50 21 146 3130
837 50 23 177 3124
837 58 23 71 3120
838 2 15 237 2972
838 3 17 1286 2308
838 23 25 71 3132
838 27 20 134 3114
838 37 25 57 3139
838 39 21 645 2888
838 43 21 102 3086
838 55 4 259 3113
838 58 21 97 3128
838 59 20 61 3132
838 65 7 157 3119
839 3 12 103 3092
839 23 26 43 3134
839 27 23 735 2789
839 54 26 41 3137
839 62 2 97 3131
840 1 6 48 3132
840 23 10 43 3136
840 24 27 60 3130
840 25 25 42 3129
840 33 26 58 3136
840 36 19 50 3141
840 38 5 46 3134
840 55 10 41 3134
840 58 28 683 2806
840 59 3 91 3142
840 60 26 77 3128
840 62 21 45 3125
841 1 14 62 3092
841 1 15 2299 1622
841 2 15 1090 2428
841 5 15 177 3085
841 6 15 109 3116
841 16 14 71 3118
841 28 22 299 3068
841 35 17 197 3021
841 35 20 47 3131
841 37 6 78 3139
841 56 6 98 3125
841 58 21 67 3135
841 59 8 60 3126
841 60 8 52 3130
841 65 15 357 2931
842 0 19 249 3110
842 5 3 121 3120
842 7 3 491 2921
842 20 21 160 3104
842 37 23 47 3130
842 38 24 69 3136
842 43 20 708 2826
842 59 8 60 3126
842 62 5 95 3125
842 63 5 51 3129
843 1 13 78 3108
843 3 13 725 2788
843 3 16 104 3085
843 23 5 68 3119
843 23 11 45 3125
843 23 22 51 3136
843 38 5 53 3133
843 58 21 61 3131
843 58 29 683 2806
843 60 11 70 3119
843 60 19 72 3134
843 65 20 855 2818
844 1 13 69 3118
844 3 13 725 2788
844 5 3 121 3120
844 7 3 491 2921
844 16 14 93 3128
844 20 21 160 3104
844 25 25 46 3133
844 29 27 70 3134
844 32 20 46 3142
844 36 19 50 3141
844 37 6 78 3139
844 38 24 69 3136
844 51 22 56 3138
844 54 13 49 3127
844 56 6 98 3125
844 58 20 97 3128
844 59 8 60 3126
844 60 8 68 3132
844 62 3 97 3131
844 62 5 95 3125
844 65 14 357 2931
845 1 14 2299 1622
845 2 14 181 3027
845 3 16 1286 2308
845 5 14 177 3085
845 6 14 109 3116
845 23 5 68 3119
845 23 22 51 3133
845 23 24 67 3128
845 23 27 56 3132
845 24 27 60 3130
845 33 27 48 3129
845 35 16 197 3021
845 38 5 55 3130
845 39 20 735 2789
845 51 22 44 3138
845 58 21 79 3123
845 58 29 683 2806
845 62 21 55 3126
845 65 6 278 3075
846 35 16 59 3112
846 43 20 735 2789
846 64 8 75 3135
847 0 19 249 3110
847 23 11 43 3136
847 25 25 56 3132
847 54 13 51 3127
847 55 11 41 3134
847 60 19 72 3134
847 60 27 77 3128
860 22 22 41 3136
860 23 20 41 3130
860 24 22 63 3128
860 24 26 75 3125
860 24 30 48 3121
860 25 0 46 3130
860 25 20 67 3127
860 33 20 41 3131
860 34 22 83 3139
860 34 29 47 3133
860 35 20 64 3140
860 45 0 107 3129
860 52 0 107 3127
860 54 0 93 3135
860 55 26 60 3128
860 55 27 64 3127
860 55 30 60 3128
860 56 20 41 3138
860 57 22 112 3124
860 58 0 46 3128
860 58 20 67 3125
860 63 8 119 3110
861 22 16 63 3133
861 22 17 63 3133
861 22 21 41 3136
861 24 21 63 3128
861 24 25 78 3125
861 24 29 78 3125
861 25 3 48 3134
861 25 19 65 3136
861 31 3 63 3139
861 34 20 47 3133
861 34 21 83 3139
861 34 25 46 3135
861 34 29 46 3135
861 35 3 208 3112
861 35 19 119 3132
861 43 3 52 3133
861 47 3 81 3130
861 48 25 48 3128
861 48 29 48 3128
861 49 3 69 3135
861 52 3 55 3134
861 54 3 42 3131
861 55 24 50 3133
861 55 25 65 3131
861 55 29 65 3131
861 56 3 73 3127
861 56 7 65 3131
861 57 21 112 3124
861 57 25 63 3134
861 57 29 63 3134
861 58 3 111 3128
861 61 25 52 3132
861 61 29 52 3132
861 62 3 155 3113
861 62 19 64 3124
862 22 17 45 3139
862 27 23 54 3138
862 28 6 79 3130
862 28 7 104 3126
862 29 23 50 3141
862 43 1 47 3135
862 45 22 731 2783
862 46 23 45 3129
862 49 5 45 3139
862 49 22 45 3090
862 57 21 90 3127
862 61 21 93 3136
863 3 17 80 3117
863 23 22 50 3130
863 28 6 113 3115
863 41 6 88 3131
863 45 22 731 2783
863 49 5 41 3141
863 49 22 84 3051
863 51 22 52 3132
863 59 12 56 3138
863 61 20 100 3108
863 63 0 89 3074
863 63 1 846 2730
864 3 17 80 3117
864 16 4 79 3130
864 29 20 50 3141
864 41 4 88 3131
864 49 5 45 3139
864 49 20 84 3051
864 57 22 90 3127
864 59 14 56 3138
864 63 1 896 2683
864 63 2 89 3074
865 3 16 80 3117
865 3 19 80 3117
865 27 22 54 3138
865 35 18 50 3130
865 41 6 67 3116
865 45 22 628 2822
865 51 21 56 3131
865 51 22 76 3130
865 62 16 74 3061
865 62 19 84 3051
865 63 3 881 2705
866 23 22 50 3130
866 29 15 47 3138
866 39 31 98 3118
866 45 22 260 3004
866 49 22 83 3052
866 51 22 43 3134
866 54 3 122 3111
866 56 21 48 3133
866 59 5 47 3127
866 59 12 56 3138
866 60 3 54 3125
866 61 7 42 3133
866 62 16 84 3051
866 63 31 991 2579
866 64 15 179 3118
867 16 7 79 3130
867 21 4 46 3121
867 21 20 58 3130
867 22 17 45 3139
867 24 26 44 3129
867 25 20 43 3130
867 26 30 111 3104
867 27 20 41 3126
867 28 7 79 3130
867 35 19 50 3130
867 43 1 63 3140
867 45 16 54 3131
867 52 4 54 3134
867 54 26 162 3109
867 56 4 47 3132
867 58 14 78 3137
867 59 10 43 3129
867 61 6 47 3142
867 61 21 93 3136
867 62 0 66 3138
867 62 16 84 3051
867 63 1 1301 2496
867 64 14 385 2966
867 65 18 41 3123
868 20 11 79 3123
868 25 10 48 3118
868 29 10 76 3138
868 33 26 88 3126
868 34 10 44 3146
868 35 21 48 3128
868 37 4 55 3133
868 37 26 63 3126
868 41 21 50 3137
868 54 26 43 3121
868 55 21 60 3127
868 55 25 41 3134
868 58 6 45 3130
868 58 26 63 3133
868 59 11 93 3134
868 60 22 55 3117
868 60 26 56 3130
868 60 27 58 3136
868 63 1 53 3118
868 63 4 67 3122
868 63 23 66 3138
868 64 30 263 3083
868 64 31 263 3083
868 65 2 357 2931
869 20 5 110 3112
869 21 22 70 3131
869 21 23 65 3128
869 23 24 68 3118
869 25 5 47 3130
869 30 6 54 3134
869 35 7 86 3141
869 39 31 74 3133
869 41 16 558 2853
869 41 17 735 2789
869 45 5 51 3133
869 47 4 81 3133
869 47 5 76 3134
869 54 2 88 3131
869 54 3 162 3109
869 58 3 63 3121
869 58 21 51 3136
869 59 5 45 3128
869 60 19 862 2687
869 63 4 88 3131
869 68 27 1339 2162
870 19 7 95 3111
870 20 4 60 3120
870 21 5 46 3121
870 22 20 45 3131
870 23 23 42 3139
870 23 31 53 3137
870 24 20 42 3122
870 25 6 49 3136
870 25 21 112 3122
870 25 22 42 3143
870 25 27 100 3119
870 26 20 71 3134
870 27 26 152 3119
870 30 6 45 3130
870 33 17 130 3120
870 33 23 70 3137
870 34 11 45 3134
870 34 21 80 3130
870 35 21 113 3115
870 35 25 43 3138
870 35 31 41 3136
870 37 5 46 3128
870 37 21 52 3132
870 39 2 75 3133
870 47 4 87 3133
870 54 2 88 3131
870 54 21 72 3138
870 56 5 47 3132
870 57 30 62 3137
870 58 5 49 3132
870 58 15 78 3137
870 58 19 712 2792
870 59 11 93 3134
870 59 17 42 3133
870 60 18 621 2725
870 60 27 133 3123
870 61 7 43 3140
870 63 23 63 3131
870 64 4 68 3118
870 64 15 62 3095
870 64 20 52 3121
870 65 3 315 2952
870 65 19 70 3124
870 65 27 174 3085
870 67 15 174 3085
871 16 29 93 3128
871 20 4 48 3122
871 21 12 67 3122
871 21 22 45 3127
871 22 21 68 3119
871 24 21 68 3128
871 25 4 49 3126
871 25 6 41 3134
871 25 11 71 3110
871 29 2 41 3132
871 30 6 54 3136
871 33 5 42 3125
871 33 23 55 3138
871 35 5 126 3120
871 36 21 78 3122
871 37 5 41 3125
871 39 2 68 3131
871 47 4 64 3134
871 54 2 88 3131
871 54 21 71 3137
871 55 11 95 3124
871 55 25 41 3134
871 56 5 47 3132
871 56 11 90 3124
871 56 20 54 3135
871 56 31 95 3124
871 57 27 62 3131
871 58 2 82 3138
871 58 5 54 3132
871 58 15 62 3133
871 58 19 712 2792
871 59 4 47 3127
871 59 11 90 3133
871 60 18 649 2780
871 62 17 77 3060
871 63 30 484 2896
871 64 14 301 3082
871 64 15 424 2903
871 65 3 231 2994
871 65 19 66 3137
871 65 27 145 3127
871 67 15 145 3127
872 16 29 93 3128
872 19 7 95 3111
872 20 4 110 3112
872 25 4 57 3137
872 25 22 42 3143
872 25 27 65 3127
872 39 30 99 3118
872 41 16 347 2982
872 41 21 50 3137
872 42 22 45 3130
872 47 4 87 3133
872 58 2 71 3124
872 58 19 712 2792
872 60 18 621 2725
872 61 6 42 3133
872 62 4 56 3132
872 62 17 84 3051
872 63 4 80 3133
872 64 4 65 3121
872 64 20 48 3127
873 19 7 95 3111
873 20 11 79 3123
873 21 5 46 3121
873 22 21 68 3119
873 25 11 71 3110
873 25 21 112 3122
873 25 27 48 3131
873 33 17 130 3120
873 34 21 49 3130
873 35 21 113 3115
873 35 31 48 3130
873 37 21 52 3132
873 39 30 74 3133
873 45 17 57 3135
873 54 2 88 3131
873 55 11 95 3124
873 56 20 54 3135
873 58 19 348 2956
873 59 11 51 3133
873 60 27 133 3123
873 61 7 47 3142
873 63 1 48 3127
873 63 23 66 3138
873 64 15 886 2743
873 65 3 357 2931
873 65 19 66 3137
873 65 27 145 3127
873 67 15 145 3127
874 19 7 95 3111
874 21 5 46 3121
874 21 22 67 3128
874 23 23 42 3139
874 23 24 68 3118
874 23 31 53 3137
874 24 20 42 3122
874 24 21 68 3128
874 24 27 44 3129
874 25 4 67 3135
874 25 6 49 3139
874 25 11 45 3116
874 25 21 46 3136
874 25 27 68 3126
874 27 26 152 3119
874 33 5 42 3125
874 33 17 75 3125
874 35 5 126 3120
874 35 21 57 3127
874 35 25 43 3138
874 37 5 55 3133
874 39 30 98 3110
874 41 16 735 2789
874 45 17 87 3133
874 52 5 54 3134
874 54 2 162 3109
874 54 27 43 3120
874 54 31 68 3127
874 55 21 60 3127
874 55 25 41 3134
874 56 5 47 3132
874 56 31 95 3124
874 57 27 62 3131
874 58 2 82 3138
874 58 5 94 3135
874 58 7 46 3136
874 58 19 148 3063
874 59 11 93 3134
874 59 15 44 3128
874 59 17 42 3133
874 60 2 54 3125
874 60 18 52 3111
874 60 23 55 3116
874 60 27 131 3123
874 61 7 47 3142
874 62 1 83 3124
874 63 23 42 3133
874 64 4 68 3118
874 64 15 746 2795
874 65 19 68 3123
874 65 27 162 3089
875 21 21 58 3130
875 22 20 45 3131
875 25 6 49 3136
875 26 20 71 3134
875 26 31 71 3110
875 29 11 76 3138
875 29 14 47 3138
875 33 23 49 3134
875 34 21 90 3123
875 35 6 86 3141
875 35 25 51 3135
875 36 21 78 3122
875 37 27 62 3125
875 39 30 115 3119
875 45 4 51 3133
875 54 27 162 3109
875 56 5 47 3132
875 57 30 62 3137
875 58 2 62 3123
875 59 4 47 3127
875 59 11 47 3135
875 60 18 522 2852
875 62 1 66 3138
875 62 4 56 3132
875 63 3 48 3132
875 63 23 41 3126
875 63 30 991 2579
875 64 14 410 3066
875 64 15 62 3095
875 64 31 263 3083
876 23 29 50 3130
876 34 11 52 3130
876 34 12 44 3141
876 34 21 44 3141
876 35 2 138 3129
876 35 22 60 3133
876 35 28 50 3131
876 36 22 64 3138
876 37 8 56 3136
876 53 13 50 3129
876 53 14 52 3141
876 53 21 50 3129
876 53 22 69 3139
876 57 3 60 3126
876 57 12 69 3124
876 57 20 52 3131
876 58 12 43 3129
876 58 31 52 3128
876 59 14 58 3125
876 59 22 111 3125
876 60 13 51 3125
876 60 19 47 3134
876 61 11 71 3120
876 61 19 44 3120
876 62 8 66 3140
876 62 12 77 3122
876 63 2 62 3095
876 63 9 127 3107
876 63 13 172 3118
876 63 17 296 2984
876 63 21 230 3083
876 63 22 407 2956
876 64 1 445 2851
876 64 10 46 3134
876 64 20 105 3114
876 64 22 426 2955
876 64 25 846 2647
876 64 27 86 3097
877 23 30 94 3129
877 25 16 59 3131
877 33 22 43 3131
877 33 27 43 3138
877 34 22 61 3127
877 34 29 172 3095
877 35 20 59 3139
877 36 25 48 3132
877 53 14 70 3139
877 54 11 51 3128
877 55 22 42 3139
877 57 30 48 3137
877 58 8 46 3125
877 58 10 79 3123
877 58 14 45 3140
877 60 5 58 3124
877 60 13 59 3133
877 60 22 117 3126
877 61 7 89 3121
877 61 15 58 3117
877 61 26 91 3135
877 63 3 86 3132
877 63 9 263 3083
877 63 13 80 3132
877 63 22 673 2850
877 63 26 147 3116
877 64 5 84 3051
877 64 11 153 3030
877 64 13 424 2903
877 64 22 424 2903
878 24 23 44 3129
878 25 9 59 3135
878 25 11 63 3130
878 33 6 47 3138
878 34 26 46 3130
878 35 5 87 3114
878 35 19 57 3132
878 36 0 51 3130
878 37 28 48 3136
878 53 23 71 3139
878 57 2 55 3124
878 57 13 69 3124
878 57 31 43 3132
878 58 30 64 3126
878 59 22 47 3134
878 61 8 65 3139
878 61 28 98 3121
878 63 3 385 2966
878 63 8 120 3111
878 63 12 107 3130
878 63 20 152 3089
878 63 21 44 3135
878 64 0 759 2645
878 64 11 63 3129
878 64 23 886 2770
878 64 24 415 2904
879 22 21 45 3139
879 24 8 44 3143
879 24 21 68 3129
879 24 23 44 3131
879 25 27 43 3126
879 26 7 68 3128
879 27 20 129 3119
879 34 13 45 3140
879 36 0 44 3132
879 37 16 55 3130
879 53 14 50 3129
879 53 23 52 3141
879 54 23 57 3143
879 56 20 56 3124
879 57 13 41 3127
879 57 21 75 3127
879 57 26 43 3121
879 58 5 43 3127
879 58 9 49 3122
879 58 15 45 3140
879 59 15 61 3129
879 60 4 133 3123
879 60 13 69 3131
879 61 31 80 3109
879 62 0 60 3135
879 62 20 52 3123
879 62 27 46 3120
879 63 3 417 2945
879 63 20 132 3091
879 63 23 423 2949
879 64 10 321 2920
879 64 19 72 3122
879 64 21 206 3105
880 24 10 48 3137
880 24 19 42 3129
880 25 6 49 3130
880 33 11 57 3135
880 33 13 57 3121
880 33 18 44 3138
880 33 27 52 3129
880 34 20 61 3139
880 35 2 76 3129
880 35 13 110 3115
880 35 15 41 3130
880 37 13 60 3133
880 52 27 45 3127
880 53 21 41 3134
880 54 22 52 3141
880 57 30 66 3136
880 58 7 44 3129
880 58 14 42 3138
880 59 22 108 3123
880 60 12 67 3131
880 60 19 45 3134
880 61 9 59 3135
880 61 30 80 3109
880 62 1 60 3135
880 62 4 89 3121
880 62 8 63 3137
880 62 14 58 3117
880 62 21 41 3124
880 63 9 141 3115
880 63 13 102 3135
880 63 17 110 3111
880 63 21 119 3096
880 63 26 79 3135
880 64 1 789 2633
880 64 5 84 3051
880 64 10 59 3137
880 64 27 86 3097
881 24 19 59 3131
881 26 6 55 3123
881 26 30 42 3125
881 32 12 48 3132
881 33 22 56 3123
881 34 20 41 3133
881 34 23 50 3137
881 35 2 81 3126
881 35 11 59 3147
881 35 13 82 3127
881 35 29 51 3123
881 36 1 42 3132
881 36 25 56 3136
881 57 3 60 3126
881 57 12 71 3125
881 59 21 43 3135
881 59 23 45 3134
881 59 29 44 3130
881 60 12 65 3131
881 60 19 47 3134
881 60 22 111 3125
881 61 9 66 3140
881 61 30 49 3126
881 62 26 83 3110
881 63 22 786 2804
881 64 13 449 2902
881 64 25 434 2889
882 22 20 45 3139
882 24 19 59 3131
882 25 8 59 3135
882 25 10 63 3130
882 33 13 47 3129
882 33 27 43 3138
882 34 29 172 3095
882 35 18 49 3129
882 35 28 50 3131
882 37 17 55 3130
882 54 22 72 3138
882 54 27 50 3129
882 57 20 41 3126
882 58 12 43 3129
882 60 5 114 3119
882 60 12 47 3125
882 60 13 56 3127
882 60 22 117 3126
882 61 9 66 3140
882 61 15 58 3117
882 62 1 60 3135
882 62 21 52 3123
882 63 2 62 3095
882 63 9 121 3118
882 63 17 435 2944
882 63 26 147 3116
882 64 5 84 3051
882 64 13 435 2920
882 64 25 830 2655
882 64 27 86 3097
883 24 9 45 3144
883 24 10 48 3137
883 26 6 68 3128
883 32 12 61 3136
883 33 22 43 3131
883 34 11 52 3130
883 35 2 138 3129
883 35 13 49 3119
883 35 26 43 3142
883 35 30 48 3133
883 36 1 51 3130
883 36 25 56 3136
883 53 14 46 3138
883 54 22 71 3138
883 54 29 64 3138
883 56 21 56 3124
883 57 20 43 3128
883 58 10 79 3123
883 59 14 100 3126
883 60 5 133 3123
883 61 7 89 3121
883 61 11 71 3120
883 61 26 91 3135
883 61 30 80 3109
883 62 26 83 3110
883 63 9 263 3083
883 63 13 217 3116
883 63 20 44 3135
883 64 11 321 2920
883 64 20 101 3115
883 64 22 455 3013
884 23 30 94 3129
884 25 26 43 3126
884 33 11 57 3135
884 33 13 57 3121
884 33 22 52 3127
884 34 21 44 3141
884 35 15 41 3130
884 35 26 68 3142
884 35 29 51 3123
884 37 8 56 3136
884 37 13 60 3133
884 53 15 48 3129
884 53 21 49 3130
884 54 29 72 3138
884 57 3 60 3126
884 59 22 111 3125
884 62 4 89 3121
884 62 8 66 3140
884 62 21 52 3123
884 63 2 462 2929
884 63 3 55 3121
884 63 17 110 3111
884 64 20 206 3105
885 23 29 50 3130
885 24 20 68 3129
885 24 22 44 3129
885 25 16 59 3131
885 27 21 129 3119
885 33 7 54 3136
885 33 18 54 3136
885 33 22 52 3129
885 34 12 45 3140
885 34 22 61 3127
885 34 27 46 3130
885 35 26 66 3141
885 36 22 64 3138
885 37 29 48 3136
885 53 14 67 3138
885 53 21 50 3129
885 57 20 75 3127
885 58 10 77 3122
885 58 14 45 3140
885 59 23 47 3134
885 60 5 60 3129
885 60 12 69 3131
885 60 13 50 3131
885 60 19 47 3134
885 60 22 117 3126
885 61 2 61 3135
885 61 19 44 3120
885 61 29 98 3121
885 62 8 66 3140
885 62 14 58 3117
885 63 3 86 3132
885 63 9 126 3108
885 64 13 424 2903
885 64 18 72 3122
885 64 20 206 3105
885 64 22 385 2982
886 56 7 54 3133
886 56 15 56 3125
886 64 2 113 3115
886 64 4 67 3101
886 64 10 224 3079
886 64 12 109 3077
887 54 17 72 3138
887 64 2 93 3123
887 64 6 80 3132
887 64 14 138 3114
887 64 18 57 3078
887 64 19 424 2903
887 64 26 80 3055
887 64 27 424 2903
888 52 31 42 3132
888 54 5 50 3129
888 60 18 107 3126
888 64 6 104 3056
888 64 10 74 3080
888 64 14 159 3004
888 64 19 462 3000
889 57 16 58 3126
889 64 6 135 3041
889 64 10 157 3030
889 64 14 191 2996
890 23 24 63 3128
890 24 6 55 3138
890 24 7 45 3134
890 24 24 68 3128
890 24 27 47 3127
890 25 0 65 3136
890 27 24 86 3128
890 27 25 49 3130
890 28 6 87 3135
890 28 7 44 3137
890 28 11 47 3138
890 32 5 43 3131
890 34 25 98 3125
890 34 27 86 3127
890 34 29 42 3130
890 35 0 119 3132
890 36 5 51 3134
890 52 6 50 3131
890 54 26 72 3138
890 56 6 47 3132
890 56 27 95 3124
890 57 24 62 3131
890 58 5 94 3135
890 58 6 94 3135
890 58 20 52 3136
890 58 24 60 3137
890 58 25 60 3137
890 59 22 69 3128
890 60 8 64 3137
890 60 9 50 3134
890 60 11 62 3137
890 60 13 90 3137
890 61 0 60 3135
890 61 3 47 3142
890 61 24 93 3136
890 62 0 64 3124
890 63 6 114 3112
890 63 7 114 3117
890 63 11 410 3066
890 64 21 966 2590
891 22 24 45 3139
891 23 0 41 3130
891 23 28 50 3130
891 24 9 49 3136
891 24 10 52 3133
891 24 24 44 3129
891 24 25 57 3131
891 25 0 67 3127
891 32 9 69 3131
891 32 10 91 3130
891 32 21 44 3136
891 33 0 41 3131
891 34 9 41 3130
891 34 10 94 3121
891 34 21 41 3135
891 35 0 64 3140
891 35 3 44 3141
891 35 4 83 3139
891 36 9 61 3137
891 36 10 42 3141
891 45 4 51 3133
891 45 28 87 3133
891 45 30 87 3133
891 54 3 50 3129
891 56 24 60 3127
891 56 25 68 3128
891 57 24 90 3127
891 57 25 79 3123
891 58 0 67 3125
891 60 8 50 3134
891 60 11 50 3134
891 64 16 719 2692
891 64 17 95 3046
891 64 21 886 2770
891 64 24 462 3000
891 64 25 1829 2250
892 27 27 48 3129
892 35 3 104 3104
892 61 31 61 3139
892 62 3 80 3119
892 62 7 53 3116
892 62 15 126 3118
893 27 19 42 3125
893 34 23 47 3132
893 35 11 63 3123
893 61 30 42 3123
893 63 0 225 3078
893 63 1 157 3024
893 63 2 128 3064
893 63 3 206 2991
893 63 8 144 3113
893 63 10 41 3128
894 58 8 46 3141
894 60 8 48 3141
894 62 31 47 3141
894 63 0 93 3105
894 63 1 201 3043
894 63 3 271 2993
894 63 8 45 3127
894 63 9 70 3122
894 63 11 75 3127
895 62 11 89 3119
895 63 0 147 3072
895 63 2 277 2964
895 63 4 47 3105
895 63 8 74 3109
896 23 0 190 3117
896 23 20 43 3138
896 24 22 57 3139
896 24 25 139 3112
896 24 27 50 3130
896 24 29 52 3131
896 25 0 104 3130
896 25 4 42 3139
896 25 20 57 3126
896 26 22 217 3105
896 26 25 55 3110
896 26 26 548 2971
896 26 30 552 2967
896 27 0 217 3105
896 27 20 118 3128
896 30 22 82 3129
896 30 25 57 3139
896 30 27 47 3118
896 31 0 82 3129
896 31 20 62 3126
896 32 25 81 3124
896 32 27 68 3128
896 32 29 74 3123
896 34 22 156 3123
896 34 29 336 2991
896 35 0 210 3117
896 35 20 116 3119
896 36 26 81 3120
896 36 30 82 3120
896 37 0 56 3138
896 37 2 52 3137
896 37 6 56 3138
896 48 29 44 3130
896 49 0 245 3088
896 49 20 68 3137
896 50 14 1650 2299
896 51 22 61 3132
896 51 30 41 3129
896 52 0 61 3132
896 52 20 55 3133
896 54 0 105 3130
896 55 22 86 3122
896 55 26 89 3122
896 55 29 119 3102
896 55 30 131 3115
896 56 4 58 3121
896 56 20 57 3122
896 57 10 63 3123
896 57 26 64 3132
896 57 27 74 3138
896 57 30 66 3131
896 58 0 189 3111
896 58 20 64 3131
896 63 22 67 3131
896 64 0 79 3132
896 64 20 46 3130
896 65 26 64 3131
896 65 27 92 3126
896 65 30 62 3129
896 66 0 67 3134
896 66 20 46 3131
896 67 27 417 3067
897 24 20 56 3140
897 24 21 57 3139
897 24 24 44 3138
897 24 25 137 3123
897 24 26 75 3121
897 24 29 164 3121
897 25 3 236 3112
897 25 19 156 3110
897 26 17 242 3085
897 26 21 217 3105
897 26 25 89 3098
897 26 26 54 3111
897 26 29 89 3098
897 27 3 907 2648
897 27 7 311 3003
897 27 19 412 2998
897 30 21 82 3129
897 30 24 59 3120
897 30 26 59 3139
897 31 19 41 3142
897 32 16 112 3126
897 32 20 51 3118
897 32 24 70 3129
897 32 25 110 3121
897 32 26 84 3128
897 32 29 110 3121
897 33 3 207 3108
897 33 7 97 3116
897 33 19 135 3132
897 34 15 473 2868
897 34 16 818 2696
897 34 17 818 2696
897 34 20 66 3115
897 34 21 156 3123
897 34 25 757 2756
897 34 29 826 2703
897 35 3 966 2590
897 35 19 939 2680
897 36 17 72 3131
897 36 25 64 3133
897 36 29 64 3133
897 37 3 272 3097
897 37 7 56 3131
897 37 8 56 3138
897 37 19 103 3135
897 42 7 51 3129
897 43 3 47 3131
897 47 3 84 3134
897 48 20 41 3131
897 49 3 120 3123
897 49 19 47 3131
897 51 21 61 3132
897 54 3 94 3131
897 55 20 145 3101
897 55 21 86 3122
897 56 3 194 3104
897 56 19 42 3136
897 57 10 63 3123
897 57 14 63 3123
897 57 24 74 3138
897 58 7 51 3133
897 58 19 58 3130
897 61 25 182 3113
897 61 29 182 3113
897 62 3 207 3110
897 62 19 130 3144
897 63 21 79 3132
897 64 3 86 3134
897 65 24 97 3117
897 65 25 79 3134
897 65 29 79 3134
897 66 3 194 3103
897 66 19 136 3126
897 68 3 879 2777
897 68 7 143 3119
897 68 19 128 3104
898 22 6 99 3117
898 24 22 45 3131
898 33 6 54 3125
898 33 7 54 3125
898 33 23 100 3119
898 34 6 137 3113
898 34 7 145 3125
898 34 22 374 2896
898 34 23 378 2894
898 35 7 425 2910
898 35 22 45 3088
898 45 6 54 3125
898 45 22 106 3113
898 46 3 85 3128
898 46 22 381 2892
898 46 23 201 3010
898 47 6 621 2725
898 47 7 117 3065
898 48 18 107 3119
898 48 19 134 3119
898 50 20 940 2687
898 50 21 940 2687
898 51 31 56 3138
898 53 22 107 3119
898 57 7 99 3124
898 63 17 81 3089
899 3 17 1139 2563
899 22 6 99 3117
899 24 22 45 3131
899 28 18 50 3141
899 33 6 54 3125
899 33 22 106 3113
899 34 6 259 3113
899 34 22 381 2892
899 35 6 621 2725
899 35 22 84 3051
899 46 22 153 3042
899 47 6 505 2884
899 49 6 68 3118
899 50 24 721 2874
899 50 25 721 2874
899 51 18 61 3132
899 51 30 50 3139
899 55 22 97 3120
899 63 16 188 3032
900 22 4 42 3120
900 46 23 251 2966
900 49 4 49 3122
900 50 22 940 2687
900 50 24 721 2874
900 50 25 721 2874
900 51 28 56 3138
900 51 31 56 3138
900 63 18 188 3032
901 3 19 213 3003
901 28 18 50 3141
901 33 21 106 3113
901 34 5 127 3120
901 34 21 381 2892
901 34 22 125 3057
901 35 5 448 2908
901 35 21 84 3051
901 46 2 259 3113
901 49 5 68 3118
901 50 20 940 2687
901 50 21 940 2687
901 50 23 721 2874
901 51 17 61 3132
901 51 29 41 3139
901 53 21 105 3121
901 63 19 188 3032
902 3 16 1139 2563
902 22 6 43 3120
902 22 17 42 3122
902 31 5 58 3130
902 33 6 54 3125
902 33 25 41 3132
902 34 5 166 3121
902 34 6 259 3113
902 34 22 379 2890
902 35 6 621 2725
902 39 1 144 3112
902 47 21 157 3108
902 48 18 142 3117
902 53 22 116 3119
902 55 22 97 3120
902 58 1 52 3137
902 62 5 48 3122
902 63 16 95 3080
902 66 29 338 3072
903 20 22 145 3106
903 22 0 111 3113
903 22 6 100 3120
903 26 0 115 3105
903 26 14 153 3128
903 26 18 42 3122
903 27 20 59 3137
903 30 10 77 3140
903 33 6 88 3126
903 33 16 125 3108
903 34 4 80 3127
903 35 7 414 2928
903 35 28 79 3128
903 37 10 41 3116
903 38 8 62 3125
903 45 7 54 3125
903 45 23 106 3113
903 46 3 259 3113
903 46 23 381 2892
903 47 7 621 2725
903 53 24 55 3136
903 56 10 74 3124
903 59 18 127 3121
903 60 16 48 3126
903 62 10 100 3113
903 62 18 48 3131
903 62 22 61 3128
903 63 0 76 3132
903 63 2 259 3113
903 63 10 236 3055
903 63 17 85 3088
903 63 18 139 3034
903 65 12 181 3028
903 66 0 169 3096
903 66 10 55 3130
903 67 2 120 3100
903 67 10 270 3092
904 21 28 41 3129
904 21 29 58 3125
904 22 8 63 3118
904 23 22 176 3107
904 23 31 63 3139
904 24 22 413 3047
904 25 17 123 3107
904 25 25 43 3123
904 25 27 46 3129
904 25 30 127 3123
904 26 14 153 3126
904 26 15 154 3127
904 26 16 237 3088
904 26 17 234 3087
904 26 29 68 3128
904 27 16 174 3113
904 27 17 210 3091
904 30 10 63 3135
904 30 11 45 3139
904 31 26 62 3132
904 32 14 78 3125
904 33 16 62 3133
904 34 27 126 3120
904 35 23 98 3135
904 35 28 74 3130
904 36 26 120 3126
904 37 16 89 3109
904 37 17 98 3135
904 39 24 56 3133
904 49 31 171 3115
904 51 11 73 3133
904 51 24 51 3128
904 53 31 74 3126
904 56 11 48 3130
904 58 8 43 3137
904 58 24 61 3125
904 58 30 112 3120
904 62 22 61 3128
904 64 20 76 3132
904 65 4 127 3112
904 65 8 103 3090
904 65 9 236 3055
904 65 16 44 3128
904 66 0 151 3126
904 66 4 59 3092
904 66 5 59 3092
904 66 21 46 3114
904 66 27 77 3120
904 67 24 56 3129
904 69 21 45 3133
905 21 19 44 3131
905 23 20 53 3137
905 25 2 67 3138
905 25 4 45 3132
905 25 5 112 3122
905 25 19 111 3126
905 26 2 276 3082
905 26 18 633 2874
905 26 19 135 3069
905 26 29 53 3136
905 27 2 62 3071
905 27 12 48 3137
905 29 18 110 3128
905 29 19 47 3130
905 30 18 292 3030
905 30 19 250 3018
905 30 27 68 3128
905 31 5 75 3127
905 32 21 42 3125
905 34 4 103 3130
905 36 8 57 3133
905 39 1 98 3135
905 47 0 45 3139
905 47 1 44 3138
905 47 16 1013 2397
905 47 19 113 3123
905 47 20 64 3116
905 54 9 115 3117
905 55 18 173 3110
905 58 0 54 3138
905 58 2 43 3129
905 58 19 104 3113
905 59 18 723 2891
905 59 28 72 3127
905 61 3 193 3104
905 61 21 171 3117
905 62 0 68 3118
905 62 16 72 3122
905 62 17 61 3122
905 65 18 45 3133
905 66 21 135 3138
905 66 28 175 3099
906 21 29 68 3121
906 22 1 43 3134
906 23 23 85 3113
906 25 17 109 3131
906 25 19 45 3132
906 25 25 41 3134
906 26 1 95 3112
906 26 15 152 3110
906 26 17 225 3088
906 27 17 175 3115
906 27 31 1184 2458
906 28 9 149 3124
906 29 9 63 3107
906 29 26 76 3138
906 30 11 42 3136
906 31 31 53 3133
906 32 15 43 3123
906 34 5 100 3122
906 36 27 57 3127
906 37 17 177 3107
906 48 1 46 3127
906 48 20 60 3133
906 49 27 83 3127
906 52 5 184 3121
906 56 7 51 3131
906 56 23 52 3132
906 56 28 62 3122
906 56 31 52 3128
906 58 8 67 3125
906 58 31 78 3137
906 59 7 86 3129
906 59 19 109 3131
906 60 3 621 2725
906 60 17 48 3126
906 60 23 89 3128
906 61 1 61 3128
906 61 7 57 3131
906 62 23 61 3128
906 63 3 130 3128
906 63 11 130 3097
906 63 19 380 2950
906 64 13 63 3130
906 65 1 57 3131
906 65 5 63 3110
906 65 13 184 3027
906 65 17 62 3127
906 66 1 277 3073
906 66 5 85 3080
906 66 11 48 3131
906 66 21 46 3114
906 66 24 71 3120
906 66 27 83 3116
906 67 3 145 3127
906 67 21 888 2786
906 67 27 875 2775
907 21 17 41 3132
907 23 20 53 3135
907 25 0 71 3110
907 25 17 135 3122
907 25 18 56 3129
907 26 1 180 3102
907 26 18 597 2896
907 26 28 42 3136
907 27 12 48 3134
907 27 17 245 3084
907 29 2 58 3139
907 29 18 125 3125
907 29 26 49 3136
907 30 2 314 3067
907 30 7 83 3132
907 30 18 135 3069
907 31 2 678 2745
907 31 31 51 3134
907 32 15 44 3119
907 32 20 42 3125
907 33 31 78 3125
907 34 4 87 3135
907 34 5 176 3117
907 36 8 61 3129
907 39 0 177 3107
907 47 0 44 3138
907 47 1 51 3133
907 47 18 108 3126
907 48 1 58 3123
907 48 17 75 3134
907 54 8 61 3125
907 54 15 49 3129
907 56 28 77 3135
907 58 18 106 3113
907 59 17 91 3111
907 59 18 653 2878
907 59 28 52 3123
907 60 2 172 3110
907 60 3 168 3011
907 61 20 111 3140
907 62 0 276 3093
907 62 2 50 3127
907 63 11 107 3094
907 63 23 45 3133
907 64 2 378 3068
907 65 13 367 2932
907 66 2 830 2646
907 66 27 143 3103
907 66 28 291 3083
907 67 15 97 3120
907 68 12 47 3119
908 22 16 42 3122
908 23 20 53 3135
908 25 4 112 3122
908 25 25 43 3123
908 25 27 46 3129
908 26 2 46 3113
908 26 18 641 2870
908 26 28 53 3136
908 27 21 63 3136
908 29 2 69 3142
908 29 18 125 3125
908 29 26 76 3138
908 30 2 43 3114
908 30 18 327 2997
908 30 26 68 3128
908 31 4 47 3132
908 32 20 42 3125
908 33 31 78 3125
908 35 23 98 3135
908 38 31 56 3138
908 39 0 98 3135
908 47 18 43 3120
908 47 20 67 3132
908 48 20 60 3133
908 49 20 47 3129
908 54 15 62 3130
908 55 18 89 3119
908 56 7 51 3131
908 56 11 46 3125
908 56 28 162 3109
908 58 8 48 3140
908 58 18 100 3119
908 59 17 82 3127
908 59 18 363 2906
908 59 19 54 3134
908 59 28 74 3128
908 60 3 621 2725
908 61 20 89 3118
908 63 3 259 3113
908 63 19 152 3038
908 65 24 176 3108
908 66 28 338 3072
908 67 15 97 3120
908 67 25 61 3132
908 69 21 58 3132
909 20 23 42 3122
909 20 27 44 3135
909 21 18 44 3131
909 22 1 95 3116
909 22 7 106 3129
909 22 9 63 3118
909 25 18 63 3137
909 26 1 108 3104
909 26 15 154 3127
909 27 17 245 3084
909 27 21 45 3136
909 28 9 131 3123
909 32 15 78 3125
909 33 24 41 3132
909 34 27 126 3120
909 37 17 98 3135
909 38 9 62 3125
909 47 16 84 3051
909 47 18 113 3123
909 47 20 158 3108
909 48 1 41 3127
909 48 17 75 3134
909 49 17 63 3128
909 49 27 83 3127
909 54 15 80 3128
909 56 11 73 3125
909 58 0 54 3125
909 58 9 50 3123
909 58 18 106 3113
909 58 31 116 3119
909 59 18 381 2892
909 59 19 125 3123
909 60 3 882 2672
909 60 17 48 3126
909 62 0 68 3118
909 62 4 44 3123
909 62 19 49 3131
909 63 1 76 3132
909 63 11 236 3055
909 63 19 321 2920
909 64 21 76 3132
909 65 9 92 3106
909 65 13 367 2932
909 65 17 62 3127
909 65 23 85 3123
909 66 5 51 3101
909 66 21 46 3114
909 66 24 71 3120
909 66 27 79 3121
909 67 3 133 3094
909 67 27 877 2773
910 21 29 41 3129
910 25 17 123 3107
910 25 18 105 3120
910 26 1 233 3088
910 26 2 47 3115
910 26 17 235 3088
910 26 19 42 3122
910 28 9 154 3127
910 29 2 69 3142
910 29 18 125 3125
910 30 2 87 3099
910 30 11 78 3142
910 30 18 135 3069
910 31 2 62 3071
910 34 5 176 3117
910 35 29 81 3128
910 37 11 41 3116
910 39 0 154 3105
910 48 1 58 3123
910 51 11 73 3133
910 51 25 51 3128
910 52 5 184 3121
910 53 25 55 3136
910 53 31 74 3126
910 54 15 95 3127
910 55 18 91 3119
910 56 31 98 3121
910 58 8 67 3125
910 58 18 92 3119
910 58 31 78 3137
910 59 17 181 3106
910 59 18 55 3093
910 59 19 133 3123
910 60 3 874 2679
910 61 2 106 3126
910 62 0 46 3123
910 62 4 48 3122
910 62 11 49 3113
910 62 16 72 3122
910 62 19 49 3131
910 63 3 140 3130
910 63 11 157 3068
910 63 19 144 3038
910 63 23 45 3133
910 65 1 57 3131
910 65 13 214 3017
910 65 24 74 3120
910 66 1 151 3126
910 66 11 55 3130
910 66 27 143 3103
910 67 3 145 3127
911 21 29 66 3119
911 22 1 114 3118
911 23 31 62 3137
911 25 0 71 3110
911 25 2 69 3142
911 25 18 125 3125
911 25 19 45 3132
911 25 25 47 3140
911 25 31 127 3123
911 26 1 156 3098
911 26 2 87 3099
911 26 17 188 3103
911 26 18 135 3069
911 26 19 42 3122
911 26 29 68 3128
911 27 2 62 3071
911 27 12 48 3134
911 27 17 213 3083
911 29 2 69 3142
911 29 18 125 3125
911 30 18 203 3046
911 31 4 75 3127
911 33 17 151 3130
911 35 23 100 3115
911 36 8 57 3133
911 47 0 45 3139
911 47 1 51 3133
911 49 31 171 3115
911 54 8 139 3112
911 56 11 59 3125
911 58 9 43 3137
911 58 18 63 3123
911 58 25 54 3135
911 59 18 235 2978
911 59 28 75 3127
911 60 3 880 2674
911 61 20 183 3114
911 62 0 68 3118
911 62 4 47 3121
911 62 11 49 3113
911 62 23 61 3128
911 63 19 321 2920
911 64 13 63 3130
911 65 5 127 3112
911 65 9 236 3055
911 65 13 367 2932
911 65 17 62 3127
911 65 18 45 3133
911 65 23 91 3123
911 66 5 85 3080
911 66 20 135 3138
911 66 28 187 3103
911 67 3 65 3114
911 69 21 45 3133
912 22 10 56 3127
912 22 14 53 3135
912 22 18 51 3127
912 23 16 73 3122
912 23 22 51 3133
912 24 3 105 3121
912 24 5 47 3132
912 24 20 51 3137
912 24 21 140 3100
912 24 27 75 3127
912 24 30 155 3116
912 25 14 61 3138
912 25 19 54 3142
912 25 30 93 3127
912 26 10 65 3124
912 26 15 312 3026
912 26 24 237 3057
912 26 31 45 3113
912 27 2 50 3108
912 27 10 49 3127
912 29 17 98 3123
912 30 21 53 3126
912 33 21 95 3121
912 34 2 151 3130
912 34 5 774 2721
912 34 19 376 3035
912 34 26 151 3130
912 34 28 209 3067
912 35 1 99 3088
912 35 25 96 3095
912 35 26 141 3051
912 36 6 41 3130
912 36 19 47 3130
912 36 23 106 3118
912 37 1 45 3127
912 48 22 41 3125
912 49 5 102 3120
912 49 10 70 3127
912 51 6 75 3134
912 51 25 75 3125
912 52 10 74 3130
912 52 14 42 3135
912 53 30 57 3132
912 55 3 60 3123
912 55 17 41 3128
912 55 20 53 3122
912 56 22 104 3112
912 56 29 72 3122
912 57 10 97 3126
912 57 13 87 3136
912 58 4 53 3133
912 58 20 55 3138
912 58 21 78 3123
912 65 6 61 3132
912 65 10 80 3133
912 65 18 46 3118
912 65 22 1267 2524
912 66 3 78 3090
912 66 5 46 3114
912 66 10 142 3116
912 66 14 46 3122
912 66 21 48 3127
912 66 30 65 3125
912 67 8 100 3117
912 67 10 45 3123
912 67 15 95 3130
913 20 11 62 3118
913 20 28 62 3118
913 22 10 42 3128
913 24 12 161 3117
913 24 27 169 3117
913 24 30 154 3115
913 25 18 100 3134
913 25 21 47 3135
913 25 23 147 3095
913 26 24 275 3014
913 26 31 54 3107
913 27 1 52 3121
913 27 2 41 3117
913 27 27 80 3145
913 28 25 245 3084
913 30 3 44 3141
913 32 29 50 3134
913 33 30 102 3129
913 34 2 80 3136
913 34 5 409 2928
913 34 11 254 2972
913 34 26 65 3131
913 34 31 277 3004
913 35 25 47 3118
913 35 26 155 3041
913 36 4 56 3135
913 36 11 63 3125
913 37 6 43 3134
913 48 22 55 3130
913 49 26 66 3124
913 51 29 52 3122
913 52 22 69 3127
913 52 29 95 3127
913 55 20 87 3120
913 55 24 153 3115
913 56 18 47 3126
913 57 13 49 3128
913 57 15 63 3123
913 58 8 63 3131
913 60 2 93 3134
913 63 4 57 3131
913 63 9 57 3129
913 64 2 58 3132
913 65 1 46 3117
913 65 18 62 3124
913 65 25 48 3122
913 65 29 98 3119
913 65 30 60 3128
913 66 14 45 3132
913 66 17 96 3112
913 67 0 47 3122
913 67 10 119 3113
913 67 25 211 3116
913 68 9 54 3129
913 68 26 313 3022
914 22 15 41 3130
914 23 8 43 3136
914 23 11 228 3076
914 23 17 43 3123
914 24 7 48 3126
914 24 13 107 3119
914 24 26 170 3118
914 24 31 78 3122
914 25 31 122 3103
914 26 11 68 3126
914 26 14 472 2955
914 26 25 466 2954
914 26 30 49 3109
914 27 0 190 3094
914 27 3 47 3113
914 28 24 123 3100
914 31 1 46 3141
914 32 31 81 3123
914 33 5 69 3142
914 33 18 55 3129
914 33 31 48 3134
914 34 4 503 2864
914 34 8 74 3110
914 34 10 268 2969
914 34 11 121 3118
914 34 17 372 2892
914 34 21 73 3123
914 35 8 113 3115
914 35 13 124 3076
914 35 24 63 3109
914 35 27 268 2969
914 37 7 47 3138
914 49 4 70 3122
914 49 19 49 3113
914 51 19 42 3138
914 51 28 58 3124
914 52 1 44 3141
914 52 7 63 3128
914 52 10 42 3124
914 52 15 43 3130
914 52 28 79 3131
914 53 12 59 3131
914 55 5 162 3109
914 55 23 47 3129
914 55 24 41 3131
914 55 27 67 3125
914 55 31 79 3140
914 56 12 102 3118
914 56 19 47 3126
914 56 20 48 3139
914 56 23 110 3113
914 56 24 54 3128
914 56 28 61 3123
914 56 31 58 3137
914 58 0 45 3129
914 61 18 133 3123
914 65 11 80 3133
914 65 12 65 3100
914 65 19 94 3119
914 65 26 137 3120
914 65 30 49 3132
914 66 16 145 3127
914 67 11 93 3136
914 67 14 151 3126
914 67 30 150 3119
914 68 1 371 2992
914 68 2 267 3008
915 21 27 62 3118
915 22 0 68 3127
915 23 8 130 3118
915 24 13 122 3116
915 24 20 89 3107
915 24 21 127 3123
915 24 26 93 3120
915 24 31 73 3127
915 25 18 42 3140
915 26 14 230 3050
915 26 25 52 3107
915 26 27 44 3122
915 26 30 73 3098
915 27 0 246 3090
915 28 0 179 3109
915 31 8 49 3134
915 33 20 56 3121
915 34 8 77 3107
915 34 17 459 2897
915 34 27 68 3121
915 34 30 185 3018
915 35 13 609 2822
915 35 24 108 3092
915 35 27 228 2974
915 36 4 166 3096
915 36 10 45 3126
915 36 27 47 3135
915 37 0 60 3129
915 37 1 71 3134
915 37 15 53 3132
915 37 24 44 3133
915 48 13 171 3115
915 49 21 315 3080
915 52 4 81 3123
915 52 7 58 3128
915 52 28 62 3128
915 55 5 150 3108
915 55 13 98 3121
915 55 15 102 3119
915 55 16 76 3127
915 55 19 43 3132
915 55 28 242 3091
915 56 1 157 3121
915 56 11 46 3124
915 56 15 85 3136
915 56 23 110 3113
915 56 24 54 3128
915 56 27 62 3117
915 57 13 99 3119
915 57 17 42 3131
915 57 22 51 3133
915 58 14 51 3131
915 58 15 48 3127
915 58 18 56 3133
915 61 18 133 3123
915 61 29 48 3126
915 63 18 44 3134
915 65 19 94 3119
915 65 30 45 3133
915 66 8 77 3122
915 66 13 57 3131
915 66 29 45 3131
915 66 31 65 3125
915 67 1 47 3122
915 68 8 118 3137
916 22 18 54 3132
916 22 20 104 3121
916 22 22 47 3134
916 23 9 56 3138
916 24 12 90 3132
916 24 21 81 3116
916 24 27 76 3133
916 25 10 47 3131
916 26 15 218 3053
916 26 31 62 3106
916 27 26 469 2965
916 28 1 202 3093
916 28 25 245 3084
916 30 21 46 3133
916 31 0 44 3141
916 31 11 47 3130
916 32 29 50 3134
916 32 30 81 3123
916 33 15 45 3136
916 33 24 45 3136
916 33 30 55 3128
916 34 5 496 2877
916 34 11 150 3042
916 34 16 412 2930
916 34 19 338 3018
916 35 1 99 3088
916 35 9 62 3120
916 35 12 185 3018
916 35 25 108 3092
916 36 2 71 3134
916 36 11 56 3123
916 36 19 59 3131
916 37 0 51 3131
916 37 1 57 3126
916 37 4 106 3118
916 48 27 48 3132
916 52 13 85 3130
916 53 13 61 3132
916 53 23 62 3133
916 55 12 90 3121
916 55 14 100 3120
916 55 17 62 3130
916 55 26 50 3139
916 56 10 55 3128
916 56 22 41 3122
916 56 29 160 3111
916 57 1 63 3123
916 57 6 86 3122
916 58 0 86 3122
916 58 12 73 3126
916 58 14 108 3121
916 58 26 82 3121
916 58 30 83 3124
916 61 19 102 3124
916 64 25 61 3128
916 65 10 80 3133
916 65 31 58 3132
916 66 10 108 3120
916 66 14 93 3126
916 66 17 99 3115
916 66 23 43 3124
916 67 0 41 3127
916 67 8 100 3117
916 67 15 103 3124
916 67 18 188 3115
916 67 26 53 3123
916 68 9 118 3137
916 68 25 150 3119
917 22 18 91 3122
917 22 22 66 3129
917 23 16 47 3131
917 24 5 53 3135
917 24 12 91 3109
917 24 16 53 3135
917 24 21 73 3119
917 24 30 82 3122
917 25 14 82 3135
917 26 2 67 3115
917 26 15 52 3107
917 26 24 472 2955
917 26 26 45 3122
917 26 31 58 3100
917 27 26 73 3098
917 31 9 43 3133
917 32 6 61 3133
917 32 29 50 3134
917 32 30 81 3123
917 33 15 55 3131
917 33 21 46 3132
917 33 24 55 3131
917 33 28 56 3132
917 33 30 55 3128
917 34 5 372 2892
917 34 11 132 3061
917 34 16 440 2906
917 34 19 325 3012
917 34 26 145 3134
917 34 31 459 2897
917 35 1 78 3099
917 35 12 875 2680
917 35 26 268 2969
917 36 11 50 3122
917 36 17 42 3135
917 36 28 54 3134
917 37 6 46 3137
917 49 5 75 3127
917 51 1 53 3131
917 52 18 88 3134
917 52 20 83 3115
917 52 29 89 3127
917 53 13 55 3132
917 55 3 51 3126
917 55 5 276 3091
917 55 7 50 3131
917 55 11 153 3115
917 55 14 58 3125
917 55 19 166 3109
917 56 2 81 3117
917 57 5 42 3131
917 57 11 92 3124
917 57 13 87 3136
917 57 15 60 3124
917 57 25 115 3121
917 57 27 224 3095
917 58 4 53 3133
917 58 11 68 3133
917 58 24 84 3127
917 60 2 92 3133
917 61 29 43 3119
917 65 18 68 3117
917 65 25 48 3122
917 66 7 90 3131
917 66 9 55 3120
917 66 12 55 3129
917 66 14 49 3129
917 66 15 90 3131
917 66 16 90 3131
917 66 23 47 3122
917 66 30 53 3130
917 67 8 93 3126
917 67 10 93 3111
917 67 17 130 3131
917 67 25 54 3131
917 68 9 48 3142
918 20 11 62 3118
918 20 28 62 3118
918 22 10 56 3127
918 22 14 53 3135
918 23 9 130 3118
918 23 16 67 3134
918 24 3 105 3121
918 24 20 127 3123
918 24 30 155 3116
918 25 18 46 3135
918 26 2 67 3115
918 26 10 68 3126
918 26 15 465 2953
918 26 31 73 3098
918 27 1 52 3121
918 27 9 79 3126
918 27 11 55 3128
918 28 25 245 3084
918 29 17 48 3124
918 30 21 61 3131
918 33 15 55 3131
918 33 21 42 3130
918 34 2 69 3133
918 34 11 268 2969
918 34 16 440 2906
918 34 20 73 3123
918 34 28 351 3024
918 34 31 432 2893
918 35 9 113 3115
918 35 25 108 3092
918 35 26 163 3028
918 36 2 47 3128
918 36 5 166 3096
918 36 11 63 3125
918 36 19 47 3130
918 36 23 106 3118
918 37 1 60 3129
918 48 12 171 3115
918 49 10 74 3135
918 51 1 53 3131
918 51 25 75 3125
918 52 10 74 3130
918 52 22 93 3123
918 53 13 61 3132
918 55 3 60 3123
918 55 4 162 3109
918 55 5 276 3091
918 55 12 98 3121
918 55 17 76 3127
918 55 18 43 3132
918 55 22 50 3131
918 55 24 153 3115
918 55 26 44 3135
918 55 30 79 3140
918 56 13 102 3118
918 56 18 47 3126
918 56 21 48 3139
918 56 22 110 3113
918 56 29 160 3111
918 57 1 41 3125
918 57 10 97 3126
918 57 11 92 3124
918 57 12 99 3119
918 57 13 87 3136
918 57 15 63 3123
918 57 23 48 3124
918 57 25 115 3121
918 57 27 224 3095
918 57 28 67 3128
918 57 30 57 3124
918 58 0 86 3122
918 58 8 63 3131
918 58 11 68 3133
918 58 14 60 3127
918 60 2 93 3134
918 61 4 47 3127
918 65 6 111 3114
918 65 18 45 3123
918 66 7 90 3131
918 66 14 93 3126
918 66 23 47 3122
918 67 8 74 3122
918 67 15 151 3126
919 22 1 68 3127
919 22 18 54 3132
919 22 20 104 3121
919 22 22 47 3134
919 23 9 50 3137
919 23 10 228 3076
919 23 16 43 3123
919 24 5 53 3135
919 24 6 48 3126
919 24 12 98 3130
919 24 16 53 3135
919 24 27 170 3118
919 25 14 82 3135
919 25 19 54 3142
919 25 23 132 3101
919 26 2 57 3105
919 26 10 65 3123
919 26 15 52 3107
919 26 24 52 3107
919 26 31 73 3098
919 29 17 44 3125
919 34 5 372 2892
919 34 9 68 3107
919 34 16 432 2893
919 34 19 643 2910
919 34 26 151 3130
919 34 28 499 2980
919 34 31 440 2906
919 35 9 52 3119
919 35 25 64 3116
919 35 26 268 2969
919 36 2 71 3134
919 36 4 56 3135
919 37 6 47 3138
919 37 25 44 3133
919 48 22 55 3130
919 49 10 79 3129
919 49 18 41 3128
919 49 26 66 3124
919 51 6 75 3134
919 51 18 42 3138
919 52 11 42 3124
919 52 18 88 3134
919 52 20 83 3115
919 52 29 95 3127
919 53 13 61 3132
919 55 11 153 3115
919 55 14 102 3119
919 55 19 166 3109
919 55 20 87 3120
919 55 25 41 3131
919 55 26 67 3125
919 55 29 242 3091
919 56 10 46 3124
919 56 25 54 3128
919 57 5 42 3131
919 57 6 86 3122
919 57 10 64 3117
919 57 23 45 3131
919 57 29 51 3134
919 58 15 51 3131
919 58 19 56 3133
919 61 19 133 3123
919 61 28 48 3126
919 65 1 161 3100
919 65 18 94 3119
919 65 25 41 3122
919 65 27 137 3120
919 65 29 98 3119
919 65 30 60 3128
919 65 31 45 3133
919 66 3 78 3090
919 66 12 57 3131
919 66 17 145 3127
919 66 21 48 3127
919 66 30 65 3125
919 67 0 47 3122
919 67 8 93 3126
919 67 10 93 3136
919 67 18 43 3133
920 22 18 74 3116
920 22 22 52 3134
920 23 22 51 3133
920 24 12 95 3130
920 24 27 127 3123
920 25 30 125 3121
920 26 15 201 3083
920 27 26 73 3098
920 31 11 47 3130
920 32 6 61 3133
920 33 4 69 3142
920 33 19 55 3129
920 34 11 146 3045
920 34 16 372 2892
920 34 19 709 2892
920 34 31 185 3018
920 35 12 185 3018
920 35 25 66 3114
920 36 2 52 3130
920 37 0 71 3134
920 37 14 53 3132
920 37 25 42 3137
920 49 5 102 3120
920 52 0 44 3141
920 52 6 55 3130
920 52 13 85 3130
920 52 14 60 3128
920 52 22 113 3123
920 55 4 71 3126
920 55 12 49 3126
920 55 14 102 3119
920 55 20 43 3120
920 56 0 157 3121
920 56 10 55 3128
920 56 14 85 3136
920 56 25 43 3126
920 57 10 69 3127
920 57 16 42 3131
920 60 2 93 3134
920 63 19 44 3134
920 63 28 57 3131
920 64 8 57 3129
920 65 1 178 3079
920 65 25 48 3122
920 66 5 46 3114
920 66 14 41 3125
920 66 15 90 3131
920 66 21 48 3127
920 66 23 43 3123
920 66 28 45 3131
920 67 26 53 3123
920 68 25 150 3119
921 21 26 62 3118
921 24 27 87 3114
921 25 14 45 3132
921 25 19 48 3139
921 25 21 47 3135
921 26 15 225 3047
921 26 31 44 3115
921 27 9 53 3128
921 27 10 49 3127
921 27 11 43 3128
921 27 26 73 3098
921 28 1 119 3109
921 32 6 61 3133
921 33 4 69 3142
921 33 21 95 3121
921 33 24 55 3131
921 33 28 56 3132
921 33 30 102 3129
921 34 2 151 3130
921 34 5 475 2891
921 34 9 77 3107
921 34 11 268 2969
921 34 16 864 2678
921 34 26 150 3131
921 35 12 440 2906
921 35 25 84 3103
921 36 26 47 3135
921 36 28 54 3134
921 37 4 106 3118
921 48 27 60 3129
921 49 10 108 3129
921 49 18 50 3128
921 49 20 315 3080
921 52 29 56 3137
921 53 30 57 3132
921 55 3 58 3126
921 55 12 74 3125
921 57 1 63 3123
921 57 30 59 3127
921 58 4 53 3133
921 58 24 84 3127
921 58 26 82 3121
921 58 30 83 3124
921 61 4 47 3127
921 61 19 65 3120
921 65 6 112 3115
921 65 10 80 3133
921 65 18 94 3119
921 66 14 46 3122
921 66 16 90 3131
922 22 19 72 3134
922 24 26 48 3125
922 26 3 49 3134
922 26 19 145 3099
922 27 25 357 2913
922 27 27 265 2969
922 34 6 83 3126
922 48 22 41 3131
922 52 17 79 3129
922 57 9 111 3121
922 57 25 220 3097
922 57 28 57 3132
922 57 30 64 3128
922 65 9 87 3130
922 65 12 49 3131
922 66 12 263 2937
923 24 27 47 3122
923 26 23 44 3115
923 27 25 134 3050
923 27 27 53 3101
923 34 23 41 3127
923 56 25 96 3120
923 58 7 56 3135
923 65 13 52 3117
923 67 26 375 2897
923 67 27 42 3104
923 67 30 177 3015
923 68 3 1372 2448
924 27 25 548 2885
924 28 0 144 3122
924 55 17 42 3128
924 56 17 47 3130
924 65 12 56 3118
924 65 13 82 3112
924 66 12 555 2823
924 67 0 94 3112
924 67 4 93 3136
924 67 26 554 2814
924 67 27 55 3087
924 67 30 747 2716
925 22 13 52 3128
925 22 23 63 3118
925 22 27 69 3121
925 22 29 107 3102
925 24 26 51 3134
925 27 25 282 2957
925 27 27 131 3051
925 28 8 60 3108
925 34 23 204 3098
925 34 31 50 3123
925 35 23 61 3136
925 49 7 133 3109
925 65 9 47 3132
925 66 9 78 3090
925 66 12 950 2583
925 66 24 46 3114
925 66 25 1221 2543
926 20 20 41 3129
926 20 23 50 3128
926 24 27 48 3141
926 24 29 143 3118
926 25 0 156 3110
926 25 3 100 3134
926 25 5 69 3142
926 25 17 171 3093
926 25 27 46 3137
926 25 28 125 3125
926 25 30 171 3119
926 26 0 387 3056
926 26 2 87 3099
926 26 3 75 3098
926 26 4 186 3118
926 26 13 105 3099
926 26 24 502 2956
926 26 25 135 3069
926 26 27 669 2857
926 27 0 412 2998
926 27 3 1981 1989
926 27 4 62 3071
926 27 5 62 3071
926 28 5 63 3107
926 30 4 51 3140
926 32 6 46 3136
926 32 20 58 3135
926 32 22 63 3128
926 32 27 49 3142
926 33 0 132 3131
926 33 3 86 3125
926 33 5 54 3125
926 33 8 107 3119
926 33 12 58 3132
926 33 13 61 3133
926 33 16 73 3138
926 33 17 99 3114
926 33 28 106 3113
926 33 30 164 3107
926 34 0 289 3102
926 34 2 259 3113
926 34 3 54 3135
926 34 4 176 3117
926 34 13 95 3111
926 34 15 288 3043
926 34 24 114 3055
926 34 25 381 2892
926 34 27 497 2846
926 35 0 929 2683
926 35 3 882 2672
926 35 5 621 2725
926 35 16 1965 1519
926 35 27 47 3088
926 35 28 84 3051
926 35 30 84 3051
926 36 0 60 3129
926 36 3 57 3133
926 37 0 103 3135
926 37 19 47 3133
926 37 20 43 3129
926 37 24 54 3134
926 47 5 45 3139
926 47 6 45 3139
926 49 0 47 3131
926 52 8 93 3130
926 52 13 73 3133
926 52 24 51 3128
926 52 25 61 3126
926 55 5 55 3128
926 55 25 124 3106
926 56 0 42 3136
926 57 6 72 3131
926 57 20 84 3127
926 57 22 67 3125
926 58 0 58 3130
926 58 3 55 3133
926 61 6 51 3126
926 61 24 183 3114
926 62 0 130 3144
926 63 22 90 3132
926 63 24 45 3133
926 63 25 57 3131
926 63 27 58 3132
926 64 0 46 3131
926 65 5 232 3079
926 65 27 48 3127
926 66 0 136 3126
926 66 3 84 3128
926 66 5 55 3130
926 66 16 43 3128
926 66 17 113 3100
926 66 27 55 3117
926 66 28 140 3133
926 66 30 161 3123
926 67 0 408 3070
926 67 13 66 3118
926 67 15 745 2841
926 67 24 799 2832
926 67 27 821 2813
926 68 0 128 3104
926 68 3 1985 1942
927 22 0 67 3134
927 23 0 43 3138
927 24 20 123 3107
927 24 21 243 3101
927 25 0 49 3138
927 25 8 83 3132
927 26 0 86 3127
927 27 0 95 3131
927 28 10 77 3098
927 30 0 50 3136
927 30 2 51 3140
927 30 9 47 3133
927 30 10 100 3136
927 30 21 70 3147
927 31 0 62 3126
927 31 3 61 3131
927 31 4 75 3127
927 34 0 113 3115
927 35 0 111 3118
927 48 25 108 3129
927 48 26 139 3127
927 49 0 77 3130
927 49 4 68 3118
927 51 9 90 3126
927 51 10 63 3131
927 51 24 61 3132
927 51 25 41 3131
927 52 0 55 3133
927 53 24 55 3136
927 54 4 88 3132
927 54 5 88 3132
927 54 24 74 3126
927 54 25 95 3129
927 55 10 44 3123
927 55 24 97 3120
927 55 25 55 3128
927 56 0 57 3122
927 58 0 64 3131
927 64 0 46 3130
927 64 30 82 3131
927 65 9 151 3126
927 65 10 326 3089
927 65 20 90 3131
927 65 21 89 3130
927 65 24 51 3135
927 65 25 41 3131
927 65 26 69 3127
927 65 27 45 3133
927 66 0 46 3131
928 34 3 79 3115
928 34 7 45 3122
928 34 15 75 3109
928 34 18 591 2943
928 34 26 894 2685
928 37 11 97 3106
928 54 25 57 3132
928 56 13 113 3110
928 57 27 43 3132
928 59 23 66 3139
928 61 27 47 3127
928 63 18 57 3131
928 63 19 44 3134
928 63 26 125 3122
928 63 27 80 3133
929 26 3 247 3091
929 27 0 62 3071
929 34 7 53 3106
929 34 16 70 3103
929 34 26 46 3109
929 61 9 65 3133
929 62 15 62 3120
929 67 12 232 3070
929 67 14 95 3130
930 25 19 54 3121
930 26 19 641 2912
930 26 27 200 3058
930 33 16 46 3127
930 33 24 70 3117
930 33 30 90 3118
930 34 3 93 3116
930 34 7 111 3117
930 34 11 125 3104
930 34 15 262 3049
930 35 2 372 2892
930 35 3 303 2943
930 35 10 474 2790
930 35 11 1153 2123
930 37 5 42 3125
930 54 25 43 3129
930 55 19 47 3130
930 56 9 124 3114
930 58 20 77 3124
930 61 26 131 3124
930 62 15 90 3135
930 67 25 948 2753
930 67 27 51 3121
931 26 19 60 3108
931 34 13 54 3108
931 35 2 1059 2597
931 35 3 185 3018
931 35 11 301 2909
931 35 24 3134 875
931 55 10 41 3126
931 55 27 100 3120
931 56 29 41 3137
931 62 7 205 3076
932 4 22 75 3122
932 4 26 70 3130
932 5 0 85 3139
932 5 20 63 3130
932 8 22 103 3130
932 8 26 70 3128
932 9 0 99 3129
932 9 20 77 3129
932 30 30 73 3131
932 34 30 59 3122
932 36 30 100 3084
932 51 27 47 3139
932 51 29 85 3136
932 63 14 57 3131
932 63 17 50 3133
932 63 18 57 3131
932 63 19 57 3131
932 63 22 256 3095
932 63 26 92 3125
932 64 0 256 3095
932 64 4 72 3132
932 64 20 162 3126
932 65 22 73 3119
932 65 27 160 3101
932 65 29 135 3090
932 66 0 883 2773
932 66 4 132 3068
932 66 20 369 3029
932 67 29 525 2952
933 4 21 75 3122
933 5 3 43 3137
933 8 21 99 3132
933 8 25 126 3117
933 8 29 128 3118
933 9 3 282 3096
933 9 19 217 3107
933 24 25 62 3130
933 24 29 62 3130
933 25 3 62 3130
933 25 19 68 3123
933 26 25 174 3123
933 27 3 173 3122
933 27 19 125 3127
933 30 25 51 3136
933 30 29 51 3136
933 31 3 222 3110
933 31 19 88 3133
933 34 25 142 3132
933 34 29 149 3129
933 35 3 215 3121
933 35 7 91 3129
933 35 19 143 3121
933 36 17 134 3075
933 36 25 134 3075
933 36 29 134 3075
933 37 3 889 2666
933 37 19 387 3002
933 39 3 50 3132
933 47 19 41 3142
933 49 3 45 3129
933 51 20 80 3137
933 51 24 45 3138
933 52 3 269 3087
933 52 5 43 3132
933 52 19 70 3136
933 54 3 58 3132
933 56 19 57 3133
933 58 3 202 3104
933 58 19 59 3134
933 61 25 45 3137
933 61 29 45 3137
933 62 3 100 3126
933 62 19 62 3133
933 63 17 256 3095
933 63 21 256 3095
933 63 24 64 3123
933 65 16 240 3105
933 65 17 240 3105
933 65 20 135 3090
933 65 21 73 3119
933 65 24 161 3101
933 65 25 130 3122
933 65 29 161 3121
933 66 3 190 3095
933 66 7 68 3137
933 66 19 136 3115
933 67 15 1494 2277
933 67 17 729 2859
933 67 25 729 2859
933 67 29 729 2859
933 68 3 886 2770
933 68 7 683 2920
933 68 19 614 2939
934 8 3 253 3095
934 9 2 46 3125
934 9 3 93 3128
935 8 2 104 3127
935 9 2 93 3128
937 8 1 104 3127
938 8 2 130 3108
938 9 2 93 3128
938 27 6 50 3132
938 35 17 58 3133
938 35 29 59 3131
938 63 1 70 3125
938 65 3 45 3123
938 69 11 45 3133
938 69 27 1500 2235
939 7 0 129 3124
939 25 2 62 3130
939 33 22 176 3117
939 34 6 70 3137
939 35 0 160 3101
939 36 12 345 3064
939 36 14 85 3132
939 52 2 56 3128
939 53 22 55 3123
939 61 6 42 3133
939 63 22 62 3105
939 64 16 120 3102
939 64 22 122 3119
939 65 0 52 3116
939 65 16 98 3095
939 65 28 197 3042
939 67 12 338 3072
940 7 0 104 3127
940 7 16 93 3128
940 23 28 130 3116
940 25 3 42 3130
940 33 7 52 3124
940 34 7 79 3131
940 35 0 309 3082
940 56 12 67 3125
940 56 22 100 3118
940 56 23 41 3125
940 58 8 45 3139
940 63 13 76 3132
940 64 16 251 3099
940 64 22 68 3127
940 65 1 107 3109
940 65 24 90 3127
940 65 28 367 2932
940 66 22 157 3104
940 66 23 82 3122
940 67 28 93 3136
940 68 24 135 3138
940 69 24 93 3136
941 25 19 42 3143
941 29 15 42 3143
941 35 12 55 3129
941 35 29 132 3133
941 36 29 106 3086
941 49 2 67 3127
941 51 15 51 3133
941 51 16 124 3116
941 53 16 66 3128
941 63 1 93 3119
941 64 1 94 3123
941 64 15 257 3001
941 65 3 60 3118
941 66 12 63 3130
941 66 27 120 3128
941 68 10 144 3037
942 7 1 253 3095
942 7 17 47 3123
942 21 7 53 3131
942 23 29 66 3133
942 25 3 62 3130
942 25 7 49 3136
942 25 25 130 3116
942 25 28 62 3137
942 26 3 170 3124
942 27 13 53 3136
942 27 29 520 2915
942 31 13 56 3134
942 33 23 176 3117
942 34 1 50 3142
942 34 7 95 3126
942 34 17 133 3109
942 35 1 161 3110
942 36 13 58 3112
942 36 15 51 3126
942 52 3 68 3129
942 55 3 43 3129
942 56 23 109 3117
942 57 7 202 3104
942 59 1 292 3100
942 59 7 71 3106
942 62 23 49 3113
942 62 30 86 3132
942 64 1 44 3104
942 64 14 144 3037
942 64 17 157 3113
942 64 23 78 3114
942 65 1 46 3113
942 65 17 406 2989
942 65 29 320 2953
942 66 23 157 3104
942 67 13 338 3072
942 67 25 206 3020
942 67 29 108 3104
943 8 16 44 3133
943 21 19 77 3128
943 23 2 50 3132
943 25 28 47 3139
943 30 2 176 3123
943 33 1 72 3141
943 35 28 69 3137
943 36 28 602 2887
943 49 17 62 3114
943 51 3 41 3133
943 51 14 75 3131
943 51 17 52 3124
943 52 28 175 3120
943 56 1 56 3132
943 60 3 78 3127
943 60 18 366 3082
943 61 2 91 3102
943 62 23 49 3113
943 63 0 104 3117
943 64 1 50 3098
943 64 7 51 3125
943 64 12 99 3114
943 65 1 99 3111
943 65 17 428 2970
943 65 19 78 3090
943 66 23 115 3117
943 67 15 67 3127
943 67 25 805 2796
943 68 10 886 2770
943 68 31 296 3087
943 69 10 58 3132
944 53 16 80 3129
944 56 3 49 3129
944 58 9 45 3139
944 63 0 127 3112
944 64 12 49 3113
944 64 14 481 2973
944 65 25 90 3127
944 69 10 45 3133
944 69 25 93 3136
945 7 1 104 3127
945 23 29 130 3116
945 25 25 66 3133
945 27 13 53 3136
945 27 29 41 3125
945 31 13 60 3133
945 33 23 176 3117
945 34 7 88 3130
945 34 17 133 3109
945 36 15 147 3102
945 49 17 144 3109
945 51 16 128 3113
945 53 16 49 3132
945 56 1 138 3118
945 56 3 49 3129
945 60 18 51 3119
945 62 23 49 3113
945 64 1 83 3080
945 64 23 73 3124
945 65 1 53 3122
945 65 19 78 3090
945 65 29 367 2932
945 66 23 157 3104
945 67 13 161 3099
945 67 25 198 3019
945 67 29 93 3136
945 69 25 98 3104
946 25 3 62 3130
946 25 7 69 3138
946 25 18 42 3143
946 25 25 130 3116
946 27 13 42 3136
946 27 29 41 3125
946 29 14 42 3143
946 31 13 60 3133
946 34 1 50 3142
946 34 7 87 3122
946 35 1 309 3082
946 36 13 118 3084
946 36 15 51 3126
946 51 16 108 3101
946 53 16 91 3129
946 61 7 42 3133
946 62 30 86 3132
946 63 13 76 3132
946 64 0 48 3122
946 64 7 51 3125
946 64 14 144 3037
946 64 17 301 3080
946 64 23 149 3118
946 65 1 107 3109
946 65 2 45 3118
946 65 17 98 3095
946 66 23 94 3114
946 67 13 338 3072
946 67 25 367 2932
946 68 31 60 3118
947 7 17 93 3128
947 21 19 67 3128
947 25 7 49 3136
947 25 28 62 3137
947 33 1 75 3125
947 33 7 79 3123
947 35 12 55 3129
947 35 28 132 3133
947 36 28 106 3086
947 49 17 158 3108
947 51 17 52 3124
947 52 28 175 3120
947 55 3 41 3131
947 56 1 56 3132
947 56 13 67 3125
947 56 23 48 3127
947 63 0 62 3116
947 63 23 62 3105
947 64 23 51 3126
947 65 2 60 3118
947 65 17 821 2813
947 66 12 63 3130
947 66 26 120 3128
947 68 10 144 3037
947 68 25 135 3138
947 68 31 60 3118
948 25 21 66 3122
948 26 9 46 3129
948 26 29 46 3137
948 27 1 133 3118
948 27 4 46 3140
948 31 19 68 3136
948 34 6 45 3128
948 34 10 75 3125
948 34 25 66 3125
948 35 6 46 3128
948 35 10 72 3115
948 35 12 86 3141
948 35 17 134 3125
948 35 21 111 3120
948 35 30 159 3102
948 36 10 41 3133
948 51 4 69 3123
948 51 17 58 3134
948 51 19 189 3105
948 52 1 55 3128
948 52 2 158 3108
948 52 30 52 3124
948 57 9 73 3125
948 58 1 110 3117
948 63 4 79 3116
948 63 17 45 3134
948 63 26 106 3109
948 63 28 42 3124
948 64 1 74 3136
948 64 7 76 3132
948 64 22 93 3119
948 65 6 129 3120
948 65 20 64 3091
948 65 24 514 2961
948 65 25 231 3093
948 65 29 50 3130
948 66 4 51 3125
948 66 21 43 3132
948 68 1 71 3115
948 68 25 157 3104
949 27 0 76 3133
949 27 2 147 3107
949 27 8 64 3132
949 30 4 98 3119
949 30 28 57 3129
949 34 1 99 3121
949 34 18 42 3125
949 34 25 51 3121
949 35 6 70 3128
949 35 14 79 3123
949 35 18 126 3120
949 36 1 196 3122
949 36 15 503 2940
949 36 17 318 3078
949 51 15 352 3062
949 52 6 51 3123
949 52 28 58 3136
949 56 14 45 3128
949 56 30 66 3117
949 61 15 42 3133
949 63 4 66 3122
949 63 6 43 3126
949 63 29 107 3119
949 64 2 42 3126
949 64 13 66 3123
949 64 21 43 3127
949 65 1 53 3119
949 65 5 45 3133
949 65 25 302 3080
949 65 27 64 3091
949 66 24 43 3136
949 66 28 55 3130
949 66 30 135 3138
949 67 5 379 2880
949 67 9 157 3104
949 67 17 60 3118
949 67 28 152 3038
949 68 19 508 2877
950 8 14 104 3127
950 9 6 93 3128
950 24 14 44 3127
950 25 27 41 3140
950 26 16 50 3133
950 27 5 45 3134
950 27 9 60 3121
950 35 8 43 3140
950 35 15 59 3128
950 35 16 116 3127
950 35 18 50 3142
950 35 20 199 3102
950 36 0 102 3122
950 36 5 355 3005
950 36 14 503 2940
950 36 26 1466 2296
950 37 27 805 2846
950 51 27 69 3127
950 51 31 90 3129
950 52 1 112 3115
950 52 7 44 3126
950 52 13 83 3134
950 56 6 96 3127
950 57 10 138 3110
950 63 15 145 3117
950 63 17 125 3126
950 63 20 88 3139
950 63 25 44 3135
950 63 27 236 3055
950 64 23 127 3112
950 64 28 78 3111
950 65 24 294 3082
950 65 25 297 3028
950 65 26 85 3080
950 66 5 51 3125
950 66 8 46 3114
950 66 20 118 3123
950 66 22 107 3109
950 67 18 152 3038
951 24 18 47 3139
951 25 18 70 3128
951 26 8 46 3129
951 27 13 42 3132
951 31 27 56 3134
951 35 7 136 3106
951 35 11 114 3121
951 36 1 155 3108
951 36 16 305 3081
951 51 5 63 3121
951 51 7 116 3116
951 51 8 72 3135
951 52 1 139 3112
951 52 3 83 3120
951 54 27 48 3134
951 56 6 97 3126
951 57 29 80 3121
951 58 3 69 3125
951 63 5 90 3119
951 63 15 97 3114
951 63 18 185 3095
951 63 27 236 3055
951 64 4 59 3114
951 64 9 96 3134
951 64 27 92 3127
951 64 30 49 3113
951 65 4 43 3136
951 65 6 259 3049
951 65 17 307 3034
951 65 25 528 2957
951 65 26 85 3080
951 66 22 82 3120
951 67 8 143 3103
951 67 18 152 3038
951 68 24 157 3104
952 8 15 253 3095
952 8 23 44 3133
952 9 7 93 3128
952 24 15 44 3127
952 25 12 45 3122
952 26 17 75 3132
952 26 26 41 3128
952 26 28 88 3116
952 26 29 42 3137
952 34 10 51 3128
952 35 6 123 3106
952 35 10 77 3119
952 35 17 76 3125
952 35 19 52 3133
952 35 21 106 3122
952 35 23 64 3116
952 36 17 302 3082
952 37 9 59 3125
952 51 4 139 3112
952 52 2 104 3113
952 56 7 97 3126
952 57 2 71 3126
952 57 9 146 3118
952 63 26 188 3060
952 63 28 77 3130
952 63 29 85 3118
952 64 1 63 3125
952 64 5 77 3119
952 64 25 193 3067
952 64 27 54 3128
952 65 1 91 3102
952 65 5 58 3132
952 65 6 63 3130
952 65 7 267 3041
952 65 16 528 2957
952 65 25 163 3109
952 65 29 57 3129
952 66 12 49 3131
952 66 21 50 3131
952 66 23 107 3109
952 66 24 43 3136
952 67 4 884 2787
952 67 5 373 2966
952 67 9 92 3113
952 67 11 896 2781
952 67 17 45 3123
952 67 19 131 3047
952 68 1 71 3115
952 68 19 886 2770
953 9 7 42 3135
953 24 5 56 3128
953 24 19 52 3139
953 24 26 41 3133
953 25 4 77 3120
953 25 6 55 3131
953 26 17 76 3133
953 27 0 76 3133
953 27 1 63 3132
953 34 10 72 3121
953 34 12 68 3125
953 34 25 66 3129
953 35 14 42 3127
953 35 23 155 3108
953 35 30 51 3120
953 36 0 42 3113
953 51 29 352 3062
953 52 2 158 3108
953 56 14 45 3128
953 63 4 144 3103
953 63 5 125 3126
953 63 15 52 3124
953 63 17 99 3121
953 63 19 89 3114
953 63 24 57 3131
953 63 26 121 3088
953 63 29 58 3117
953 64 1 48 3130
953 64 2 55 3121
953 64 22 55 3123
953 64 25 163 3097
953 64 28 67 3124
953 65 6 129 3120
953 65 7 528 2957
953 65 16 274 3046
953 65 20 85 3080
953 65 24 276 3039
953 65 25 178 3096
953 65 27 42 3105
953 65 29 57 3129
953 66 4 51 3125
953 66 15 47 3137
953 66 24 43 3136
953 66 30 62 3113
953 67 4 728 2871
953 67 5 652 2914
953 67 17 59 3119
954 8 15 104 3127
954 9 7 93 3128
954 24 5 56 3128
954 24 15 44 3127
954 25 26 41 3140
954 26 26 41 3128
954 26 28 88 3116
954 26 29 46 3137
954 27 4 46 3140
954 27 8 60 3121
954 30 28 57 3129
954 35 6 46 3128
954 35 14 79 3123
954 35 18 126 3120
954 35 19 50 3142
954 35 23 155 3108
954 35 30 65 3132
954 36 0 58 3120
954 36 15 503 2940
954 36 17 318 3078
954 37 26 41 3116
954 51 6 116 3116
954 51 15 352 3062
954 51 19 189 3105
954 51 26 69 3127
954 51 30 90 3129
954 52 0 72 3119
954 52 2 79 3116
954 52 28 58 3136
954 55 30 45 3133
954 56 7 97 3126
954 56 14 45 3128
954 57 11 138 3110
954 63 4 70 3122
954 63 6 43 3126
954 63 15 45 3129
954 63 21 88 3139
954 63 26 236 3055
954 63 28 94 3132
954 64 5 77 3119
954 64 7 76 3132
954 64 21 43 3127
954 65 1 45 3116
954 65 6 122 3121
954 65 7 264 3048
954 65 16 528 2957
954 65 24 221 3070
954 65 25 302 3080
954 65 27 85 3080
954 66 4 51 3125
954 66 9 46 3114
954 66 15 47 3137
954 66 21 79 3130
954 66 23 107 3109
954 66 28 55 3130
954 67 5 379 2880
954 67 28 152 3038
955 24 19 52 3139
955 24 26 41 3133
955 26 9 46 3129
955 26 17 76 3133
955 27 0 76 3133
955 34 10 75 3125
955 34 12 68 3125
955 34 25 51 3121
955 35 17 134 3125
955 35 21 199 3102
955 35 30 159 3102
955 36 0 155 3108
955 36 10 63 3135
955 51 4 139 3112
955 51 9 72 3135
955 52 2 158 3108
955 52 21 51 3124
955 52 30 52 3124
955 54 26 54 3133
955 56 7 97 3126
955 56 14 45 3128
955 57 2 97 3126
955 63 4 144 3103
955 63 5 125 3126
955 63 15 57 3131
955 63 16 125 3126
955 63 24 57 3131
955 63 28 72 3133
955 64 5 44 3125
955 64 22 127 3112
955 64 31 49 3113
955 65 1 47 3120
955 65 6 56 3126
955 65 7 528 2957
955 65 24 528 2957
955 65 25 169 3097
955 66 12 49 3131
955 66 21 118 3123
955 66 30 135 3138
955 67 9 143 3103
955 67 17 60 3118
955 67 19 152 3038
955 68 25 157 3104
956 25 19 70 3128
956 25 21 66 3122
956 27 1 133 3118
956 30 4 98 3119
956 34 1 99 3121
956 35 6 136 3106
956 35 12 86 3141
956 35 23 50 3115
956 36 4 47 3109
956 36 10 189 3106
956 51 17 58 3134
956 52 0 48 3130
956 52 2 83 3123
956 55 28 58 3130
956 63 19 185 3095
956 63 28 42 3124
956 64 29 78 3111
956 65 6 129 3120
956 65 7 280 3054
956 65 16 528 2957
956 66 12 44 3131
956 66 15 47 3137
956 66 24 43 3136
956 67 9 94 3114
956 68 19 382 2963
957 25 4 77 3120
957 25 6 55 3131
957 25 12 45 3122
957 27 2 147 3107
957 34 6 45 3128
957 34 18 42 3125
957 36 1 224 3111
957 36 10 41 3133
957 36 17 312 3076
957 51 4 69 3123
957 51 29 352 3062
957 52 0 139 3112
957 57 2 97 3126
957 61 15 42 3133
957 63 4 81 3117
957 63 14 182 3116
957 64 26 92 3127
957 64 27 57 3137
957 65 5 45 3133
957 65 6 129 3120
957 66 12 49 3131
957 66 24 43 3136
959 34 8 74 3119
959 34 12 42 3134
960 34 8 59 3105
960 36 0 163 3123
960 36 25 987 2606
960 36 27 482 2841
960 36 29 60 3098
960 36 31 122 3063
960 65 30 85 3080
960 65 31 845 2821
961 36 25 42 3108
961 36 27 84 3072
961 36 31 65 3094
961 37 12 1271 2510
961 65 8 250 3089
961 65 12 42 3127
962 8 0 253 3095
962 8 1 104 3127
962 8 2 253 3095
962 8 3 253 3095
962 8 24 44 3133
962 8 25 42 3131
962 8 27 44 3133
962 9 0 217 3107
962 24 6 95 3138
962 24 11 73 3131
962 24 20 62 3137
962 24 22 47 3136
962 24 23 44 3138
962 25 0 68 3123
962 25 5 54 3126
962 25 6 62 3130
962 26 0 65 3132
962 27 0 125 3127
962 31 0 79 3130
962 34 5 149 3118
962 34 27 45 3133
962 35 0 143 3121
962 35 3 88 3129
962 35 5 55 3129
962 35 17 99 3106
962 35 28 132 3133
962 35 30 169 3123
962 36 0 384 3053
962 36 2 118 3084
962 36 3 93 3091
962 36 13 115 3094
962 36 15 501 2941
962 36 24 526 2943
962 36 25 106 3086
962 36 27 669 2858
962 37 0 387 3002
962 37 3 1956 2014
962 47 0 41 3142
962 51 0 58 3126
962 51 27 158 3108
962 52 0 70 3136
962 53 25 54 3133
962 55 6 73 3123
962 56 0 57 3133
962 58 0 59 3134
962 61 1 42 3133
962 62 0 62 3133
962 63 6 115 3069
962 63 7 85 3080
962 63 20 301 3080
962 63 22 259 3111
962 63 23 170 3105
962 64 8 69 3131
962 64 13 76 3132
962 64 26 196 3127
962 65 4 59 3119
962 65 20 43 3136
962 65 22 60 3132
962 65 27 49 3131
962 66 0 136 3115
962 66 3 70 3130
962 66 5 63 3130
962 66 8 122 3122
962 66 11 66 3122
962 66 12 105 3106
962 66 13 119 3105
962 66 16 96 3129
962 66 17 107 3109
962 66 28 120 3128
962 66 30 168 3114
962 67 0 359 3072
962 67 2 338 3072
962 67 3 141 3109
962 67 13 172 3099
962 67 15 728 2871
962 67 24 215 3027
962 67 25 367 2932
962 67 27 465 2892
962 68 0 614 2939
962 68 3 886 2770
962 68 5 144 3037
962 68 16 1544 1779
963 9 0 77 3129
963 9 3 93 3128
963 9 4 93 3128
963 9 5 68 3128
963 9 6 93 3128
963 34 9 309 3082
963 34 10 228 3102
963 34 21 79 3135
963 63 25 42 3135
963 64 0 162 3126
963 64 3 91 3125
963 64 5 51 3125
963 64 17 91 3109
963 64 28 46 3127
963 64 30 149 3118
963 65 0 388 3076
963 65 2 60 3118
963 65 12 88 3101
963 65 14 599 2908
963 65 24 558 2938
963 65 25 821 2813
963 65 26 98 3095
963 66 0 369 3029
963 66 3 1985 1942
964 26 22 54 3123
964 26 31 44 3120
964 27 18 874 2754
964 36 21 805 2846
964 36 23 72 3101
964 51 19 137 3110
964 54 5 101 3120
964 57 9 67 3130
964 57 25 79 3110
964 67 4 49 3121
964 67 5 60 3126
964 67 7 140 3132
964 67 13 150 3075
964 67 15 359 3021
964 68 4 379 2880
964 68 6 93 3065
964 68 12 825 2445
964 68 14 692 2489
965 30 27 43 3130
965 36 4 275 3090
965 49 15 44 3136
965 56 6 44 3129
965 56 19 49 3128
965 57 13 79 3121
965 57 23 138 3110
965 57 29 153 3118
965 63 0 84 3142
965 67 5 60 3112
965 67 7 126 3104
965 67 15 218 3042
965 67 17 872 2796
965 67 25 1469 2293
965 68 4 1495 2276
965 68 18 3210 754
966 30 27 41 3127
966 49 15 64 3125
966 52 15 283 3070
966 53 31 54 3133
966 63 0 135 3119
966 63 9 85 3080
966 63 31 44 3128
966 66 21 52 3125
966 66 23 45 3141
967 26 14 48 3134
967 26 23 80 3118
967 26 27 76 3110
967 30 11 52 3130
967 30 23 77 3120
967 30 27 109 3091
967 52 7 44 3138
967 52 20 49 3124
967 63 24 102 3118
967 63 26 118 3111
967 63 27 41 3137
