371 23 28 1 3132
430 34 10 2 3132
461 28 6 5 3135
922 42 30 1 3133
628 54 10 1 3132
664 38 3 7 3136
772 32 5 5 3134
703 30 8 3 3131
485 59 1 1 3132
875 48 21 1 3133
906 60 15 3 3133
267 57 6 1 3133
676 37 15 7 3135
292 57 1 2 3133
327 19 18 1 3134
812 57 20 4 3136
784 52 13 1 3133
204 52 18 2 3133
737 36 20 4 3131
278 62 7 4 3132
164 56 0 4 3131
325 38 28 2 3132
560 23 3 31 3135
472 70 25 5 3135
358 35 7 4 3132
441 36 6 2 3132
330 16 0 4 3135
656 37 11 3 3136
394 41 26 1 3133
388 13 7 9 3133
893 21 4 1 3132
483 62 28 3 3135
882 51 22 21 3136
811 31 13 1 3134
352 40 17 3 3133
426 40 11 1 3134
152 55 12 5 3132
956 24 29 36 3128
367 36 2 2 3132
884 25 16 29 3132
641 43 16 2 3135
382 29 6 13 3135
804 17 3 1 3134
392 30 29 2 3132
570 54 3 22 3134
550 24 5 3 3134
323 32 12 2 3134
461 35 16 8 3132
480 45 8 1 3132
599 23 4 1 3132
751 34 2 9 3134
897 54 3 94 3131
782 35 17 15 3139
180 47 0 8 3134
546 6 27 181 3098
482 32 0 1 3132
671 48 18 5 3132
708 35 28 27 3137
577 40 5 7 3133
266 55 13 1 3132
257 13 7 4 3130
912 30 12 5 3134
738 23 25 1 3134
584 54 6 1 3134
474 61 25 2 3132
309 39 9 1 3134
526 66 26 2 3133
753 25 23 1 3133
310 67 3 6 3135
703 36 15 4 3134
782 17 25 12 3140
627 34 22 1 3134
403 33 1 1 3132
178 52 31 11 3133
575 41 13 1 3134
540 28 5 3 3132
136 34 16 32 3125
773 52 20 5 3133
656 53 14 4 3133
374 41 6 62 3125
536 23 26 6 3133
734 54 11 1 3132
665 45 27 10 3134
627 32 11 8 3139
548 60 17 1 3134
276 23 25 8 3132
566 43 7 1 3134
785 25 8 1 3134
395 31 3 2 3133
666 28 16 12 3137
362 67 14 4 3130
381 20 26 11 3132
227 30 11 5 3132
329 65 29 19 3134
350 57 23 3 3132
355 58 1 7 3130
176 45 2 2 3132
660 16 19 16 3132
436 29 4 1 3134
812 30 9 6 3135
354 42 13 1 3134
535 69 3 2 3133
261 68 17 5 3133
466 69 9 1 3134
428 40 21 1 3132
658 55 19 2 3133
819 45 28 1 3132
717 21 31 14 3131
208 42 3 1 3132
291 41 13 3 3132
544 20 5 3 3131
906 21 29 68 3121
715 51 20 2 3134
562 33 16 11 3136
577 38 15 1 3132
624 65 23 46 3129
468 21 18 1 3132
594 34 9 1 3134
393 27 31 4 3130
632 64 6 5 3132
720 25 9 3 3134
640 42 17 8 3137
289 58 31 1 3134
330 24 21 5 3135
735 43 5 1 3134
740 52 15 10 3130
462 31 28 3 3133
540 59 9 1 3132
173 34 13 1 3133
563 15 24 6 3131
817 28 6 1 3132
364 64 25 9 3132
365 60 19 3 3133
637 60 28 1 3134
179 33 17 2 3131
617 21 8 7 3135
812 31 28 1 3132
871 60 23 7 3135
470 54 11 3 3135
545 22 1 1 3133
274 67 5 5 3134
197 66 2 11 3130
368 54 7 4 3131
911 62 23 61 3128
320 17 7 11 3135
564 24 6 12 3142
878 30 14 1 3134
746 36 14 20 3126
644 30 16 1 3134
771 24 19 14 3138
424 51 11 1 3134
361 31 15 5 3137
325 51 28 1 3132
346 23 23 9 3135
621 27 4 4 3136
453 59 26 8 3135
935 48 18 1 3134
462 38 24 17 3132
675 33 27 1 3132
703 23 8 11 3132
638 39 13 5 3130
888 52 29 8 3129
651 60 25 1 3132
354 41 4 9 3132
634 32 8 10 3136
296 63 20 9 3134
748 32 21 8 3136
399 42 17 1 3133
300 32 10 1 3132
250 32 27 4 3133
554 26 21 14 3138
566 67 22 110 3122
315 32 22 2 3134
809 36 3 12 3135
319 49 4 3 3134
728 32 4 1 3134
312 62 11 9 3130
748 42 16 2 3133
740 36 25 12 3138
909 65 17 62 3127
679 42 30 1 3134
283 26 4 9 3135
631 21 8 5 3132
431 66 13 4 3129
890 24 7 45 3134
498 66 3 1 3134
386 29 7 17 3133
868 55 21 60 3127
163 35 5 6 3135
703 22 25 12 3140
677 26 12 7 3135
362 39 21 2 3133
361 30 27 2 3134
136 37 3 6 3133
695 57 30 14 3128
499 48 19 7 3132
170 49 19 39 3124
704 35 21 3 3131
359 52 18 5 3132
760 32 26 7 3129
819 30 11 6 3137
665 52 11 8 3132
646 38 0 2 3132
292 42 3 3 3132
747 64 26 1 3132
570 56 20 1 3133
293 39 9 33 3130
912 38 28 1 3133
636 61 25 1 3132
965 30 24 3 3130
560 39 14 1 3134
257 24 2 1601 1808
601 9 5 8 3133
602 55 21 5 3136
438 57 11 1 3134
426 51 21 2 3133
557 43 13 2 3133
402 43 21 1 3133
408 68 28 1 3134
638 25 16 2 3131
701 48 11 4 3133
493 2 17 25 3131
351 35 7 5 3131
464 14 3 360 3015
707 29 15 15 3140
877 63 18 20 3135
377 12 25 2 3132
438 64 1 1 3134
124 49 21 26 3130
780 32 1 1 3134
432 65 11 1 3133
348 18 7 1 3133
881 21 8 4 3134
923 54 27 3 3135
547 24 24 28 3136
805 40 23 2 3132
702 30 29 1 3134
262 45 5 5 3133
700 54 20 6 3134
820 53 19 4 3131
521 43 2 1 3134
669 35 15 1 3132
586 68 5 2 3132
286 31 18 21 3135
630 33 6 4 3132
871 61 31 32 3136
436 35 22 4 3135
468 37 25 4 3132
661 45 21 7 3137
271 60 2 1 3134
960 64 19 33 3133
284 42 8 5 3136
456 32 10 21 3137
393 44 27 30 3134
671 58 29 1 3134
299 27 8 2 3133
830 38 12 1 3132
151 26 30 6 3136
471 53 13 1 3134
696 30 16 2 3135
680 31 31 1 3134
294 49 2 1 3132
262 46 25 5 3134
663 14 17 6 3135
298 58 15 16 3128
463 61 1 1 3134
387 31 10 1 3134
537 65 1 6 3132
359 45 18 2 3132
299 46 12 9 3135
213 66 23 5 3130
675 35 19 12 3132
792 20 29 1 3132
920 53 21 2 3133
568 53 1 10 3132
714 49 24 38 3136
254 30 31 4 3135
930 37 9 33 3128
728 35 25 5 3131
276 23 27 86 3123
299 30 5 3 3134
734 46 28 2 3131
442 58 12 1 3133
705 26 20 3 3135
387 47 12 1 3134
527 34 25 1 3133
116 62 16 4 3131
602 29 6 1 3134
426 29 30 2 3133
285 44 11 14 3139
798 63 13 1 3134
907 22 0 7 3133
809 56 9 13 3135
400 10 7 1 3134
878 53 3 4 3135
498 39 28 3 3133
911 47 2 18 3131
763 49 9 26 3134
137 70 10 1 3133
738 52 4 34 3132
916 53 12 35 3132
327 40 13 2 3134
276 27 9 4 3136
291 61 13 4 3133
396 33 12 1 3132
892 46 14 1 3132
414 69 25 1 3132
740 51 14 9 3129
539 55 30 1 3134
302 29 6 7 3134
127 30 19 66 3121
539 32 12 1 3132
689 54 8 7 3134
314 52 7 1 3132
245 28 24 20 3130
667 35 24 23 3137
293 42 3 4 3133
258 60 31 7 3134
693 7 5 300 3048
138 53 5 12 3133
313 37 5 3 3132
178 65 26 3 3132
538 16 23 2 3134
502 55 21 12 3133
681 59 19 1 3133
707 61 23 2 3131
704 21 29 2 3134
381 65 29 66 3121
860 52 0 107 3127
824 34 14 1 3132
842 25 21 10 3129
700 52 15 6 3129
668 56 9 6 3134
427 36 25 2 3132
742 44 18 23 3133
618 32 9 4 3135
623 71 30 6 3129
793 32 22 1 3134
362 37 5 3 3133
378 49 7 2 3132
911 34 23 19 3132
893 31 30 1 3133
176 54 17 1 3133
759 38 7 1 3134
466 70 13 11 3130
744 47 1 4 3133
255 65 27 292 3057
590 49 19 3 3132
909 44 21 16 3136
174 22 5 10 3134
290 64 17 48 3123
635 49 3 1 3133
146 48 9 65 3128
779 26 19 4 3135
748 51 13 22 3134
455 42 14 1 3134
318 39 11 3 3135
760 22 30 17 3135
868 44 3 3 3132
811 34 17 2 3133
809 23 21 68 3119
914 24 19 9 3137
518 33 3 29 3128
542 18 31 2 3133
498 30 14 1 3132
713 33 27 17 3138
355 20 4 1 3134
916 58 12 73 3126
418 48 7 4 3135
452 24 26 3 3133
587 10 22 1 3132
543 24 30 1 3134
417 15 0 4 3130
702 46 3 1 3134
776 54 26 17 3130
196 26 2 6 3132
262 68 5 6 3131
651 49 15 1 3132
427 31 22 25 3138
800 42 6 23 3136
498 53 13 1 3134
813 32 28 7 3137
260 44 12 2 3135
433 63 7 2 3132
933 4 20 39 3122
476 33 25 2 3132
733 15 2 2 3133
807 37 22 59 3131
270 63 31 1 3134
769 35 21 8 3134
206 56 6 1 3133
399 7 22 87 3111
740 25 3 13 3132
416 19 16 3 3130
253 47 8 4 3132
583 20 8 3 3132
251 44 0 2 3133
133 61 10 2 3131
684 19 26 1 3133
357 48 21 3 3133
570 60 7 8 3131
665 20 17 3 3132
667 25 6 31 3125
960 63 1 5 3135
574 58 14 1 3133
278 66 8 1 3134
649 52 21 1 3134
945 43 17 4 3134
212 41 17 2 3133
667 32 26 8 3136
666 44 26 34 3122
744 19 31 6 3132
708 33 24 3 3134
824 43 21 1 3133
440 56 0 3 3134
419 41 10 2 3132
286 55 20 1 3133
556 54 13 1 3133
258 24 30 29 3128
201 56 20 9 3127
410 33 26 1 3134
649 40 25 1 3134
772 43 10 9 3135
256 51 30 4 3135
427 55 12 1 3132
796 59 27 31 3134
324 51 19 3 3133
883 57 11 17 3132
213 39 5 2 3133
446 47 30 11 3132
485 29 27 2 3133
202 65 27 719 2867
437 66 12 2 3131
424 54 30 1 3134
743 28 5 8 3137
739 31 27 18 3135
736 24 7 4 3132
796 62 20 8 3134
658 15 2 14 3143
559 24 1 1 3132
597 42 14 2 3133
294 41 8 28 3129
400 55 7 1 3134
270 35 14 1 3132
177 32 21 3 3133
495 30 26 1 3132
462 63 1 4 3131
378 67 31 1 3132
780 30 30 14 3134
565 49 1 7 3136
300 31 21 3 3136
350 28 3 63 3135
214 39 2 1 3134
464 25 23 1 3134
601 24 20 11 3136
357 46 8 5 3132
466 68 1 2 3135
638 44 26 7 3132
933 55 21 13 3133
453 15 1 14 3136
742 24 28 6 3134
672 33 6 1 3133
685 61 26 1 3133
462 60 26 2 3133
163 65 4 123 3062
707 54 15 7 3135
439 45 1 1 3134
688 19 6 19 3134
196 40 11 24 3128
659 14 22 5 3131
640 31 13 3 3133
422 41 8 3 3135
387 66 1 1 3134
416 35 0 19 3137
566 31 31 7 3132
452 39 3 40 3143
459 34 1 1 3134
530 39 0 6 3131
156 55 2 15 3133
308 54 18 2 3133
876 21 16 4 3134
439 34 11 6 3134
425 47 8 11 3131
879 34 7 40 3133
561 56 27 2 3133
713 18 9 1 3133
299 33 23 4 3133
194 45 20 4 3133
771 47 23 12 3136
400 68 13 6 3135
325 51 14 5 3132
561 31 3 65 3126
263 54 11 6 3135
388 32 13 3 3132
203 32 4 12 3133
956 64 27 15 3134
644 69 11 4 3130
479 19 14 1 3134
652 18 26 23 3129
884 52 28 18 3133
455 23 2 2 3133
368 69 1 10 3134
404 38 18 2 3131
734 63 31 20 3142
962 5 28 4 3134
137 64 28 1 3133
594 34 25 11 3135
812 36 18 6 3133
397 32 26 1 3134
364 24 24 1 3134
177 42 2 1 3133
633 18 18 6 3132
127 71 11 219 3097
494 49 9 31 3129
705 40 7 6 3134
699 45 16 1 3132
635 34 28 1 3133
379 35 27 1 3134
290 55 20 4 3133
492 24 6 14 3126
161 60 2 2 3132
190 31 23 1 3132
919 65 15 9 3136
259 30 7 2 3131
256 54 31 4 3135
537 14 14 15 3135
377 63 1 1 3132
457 55 28 1 3134
441 63 9 1 3132
870 59 14 30 3134
682 36 27 1 3132
286 53 7 1 3134
738 52 26 21 3138
268 57 4 4 3131
139 67 24 2 3135
431 52 16 4 3135
935 8 2 104 3127
900 10 20 38 3131
291 56 22 2 3135
364 61 7 15 3134
543 18 10 1 3134
416 19 4 2 3133
503 28 1 28 3140
629 31 8 8 3138
811 37 3 3 3132
558 41 4 9 3129
430 42 17 4 3135
658 53 23 15 3132
722 65 4 1 3133
184 46 6 5 3133
435 31 26 2 3134
667 45 30 1 3132
363 55 13 2 3133
535 33 19 1 3132
709 42 4 12 3134
664 55 18 1 3132
595 67 14 22 3130
595 32 4 1 3133
444 18 5 2 3132
578 29 26 2 3133
780 48 29 1 3134
204 71 15 20 3133
276 20 16 1 3133
275 55 24 3 3134
709 22 10 3 3132
253 23 15 1 3132
416 26 22 50 3134
784 62 21 23 3131
368 46 1 4 3131
627 47 4 8 3133
443 55 7 5 3134
824 27 31 7 3135
768 25 22 17 3135
165 39 20 14 3134
666 25 13 108 3093
623 44 17 2 3135
299 55 13 1 3133
738 54 19 1 3132
532 33 14 1 3134
624 38 7 3 3133
759 45 5 12 3139
910 46 2 2 3133
176 48 24 1 3132
687 39 26 3 3134
776 45 28 13 3134
688 17 5 9 3134
763 22 0 2 3135
473 32 10 1 3134
765 42 22 12 3129
948 36 1 19 3129
574 24 19 6 3136
308 40 12 1 3134
433 27 6 1 3132
289 51 2 1 3132
501 66 1 1 3134
772 22 18 5 3134
363 43 28 11 3136
136 51 30 25 3124
274 21 3 1 3134
662 55 30 9 3136
297 28 28 3 3136
872 60 6 2 3132
391 63 31 18 3135
389 36 31 2 3135
291 44 10 3 3133
911 59 18 235 2978
434 52 24 1 3132
941 47 0 6 3137
870 47 4 87 3133
533 56 4 3 3134
404 25 30 1 3134
527 23 16 6 3135
152 20 17 5 3133
423 47 16 5 3134
770 56 21 26 3133
520 45 11 38 3130
464 22 2 1 3133
706 17 4 1 3134
228 32 27 1 3134
548 22 18 3 3134
449 60 27 7 3135
668 26 9 10 3137
351 38 25 6 3134
684 22 7 1 3132
747 55 19 7 3131
622 37 8 31 3138
690 39 3 1 3134
202 28 31 10 3135
301 29 13 1 3134
565 60 2 31 3135
818 43 0 1 3134
497 43 5 3 3134
648 45 5 1 3133
362 52 17 1 3132
698 22 21 1 3134
303 58 18 27 3130
214 20 29 4 3132
818 56 11 25 3131
724 42 29 4 3134
433 26 26 2 3133
468 34 11 2 3132
255 44 30 5 3130
439 63 29 3 3132
503 32 23 24 3139
746 32 12 2 3131
671 59 30 1 3132
404 48 27 5 3133
786 66 20 1 3133
125 29 19 8 3136
443 38 30 1 3133
126 30 29 13 3124
411 69 25 7 3135
773 24 7 13 3143
741 68 18 1 3132
230 7 25 27 3132
389 58 12 1 3134
629 52 3 4 3133
258 63 31 1 3134
807 40 2 131 3126
870 59 17 42 3133
666 44 10 5 3135
159 45 25 2 3135
893 62 27 5 3132
209 30 9 1 3132
922 30 0 2 3132
327 18 0 4 3133
632 24 1 1 3134
301 62 29 8 3135
697 63 15 1 3132
741 66 14 55 3130
775 28 19 7 3133
823 61 29 2 3131
921 36 19 27 3126
921 36 17 30 3128
635 49 27 1 3133
180 20 22 64 3130
913 25 1 8 3135
465 59 25 5 3134
463 13 29 6 3137
350 54 5 6 3131
734 21 22 74 3118
600 26 0 6 3133
746 40 23 4 3132
782 34 3 12 3136
392 49 14 5 3136
691 61 1 7 3130
331 33 5 1 3132
775 22 18 10 3136
662 60 3 1 3133
592 53 17 1 3134
886 23 23 2 3131
289 53 28 1 3134
76 50 22 2991 1128
631 56 22 1 3132
222 46 5 1 3134
746 25 21 4 3133
603 38 27 1 3134
810 44 15 7 3133
476 53 3 2 3133
741 25 4 11 3130
429 42 8 1 3133
930 52 27 4 3133
415 68 12 1 3132
867 52 10 37 3122
697 38 23 9 3134
355 31 18 112 3095
876 51 10 10 3132
262 59 11 1 3134
895 62 26 1 3133
695 69 2 10 3131
365 29 11 3 3132
130 36 13 17 3133
405 52 11 2 3133
275 54 28 4 3135
520 55 1 2 3132
523 36 6 1 3134
428 39 24 6 3136
212 30 28 1 3134
640 52 22 1 3133
461 35 13 1 3134
665 37 24 1 3133
378 68 5 1 3132
816 5 31 389 2882
331 46 4 4 3134
410 18 22 1 3132
274 15 0 5 3137
725 60 19 25 3133
709 53 30 7 3130
722 46 18 1 3132
922 31 9 1 3133
647 7 3 21 3133
793 34 17 4 3132
752 37 9 1 3133
623 28 16 4 3135
297 14 25 1 3134
396 59 22 15 3129
350 13 4 3 3134
587 34 18 1 3134
764 42 28 7 3134
777 33 27 17 3140
729 26 19 1 3132
400 20 16 1 3133
738 38 3 2 3133
669 31 2 11 3133
525 67 26 22 3133
396 54 21 9 3130
395 65 30 3 3134
695 40 18 2 3133
561 40 5 1 3134
820 54 26 1 3132
634 27 0 3 3136
494 32 13 5 3132
258 65 14 10 3132
574 21 4 9 3135
557 62 14 18 3136
359 19 4 3 3133
698 14 9 1 3133
272 60 25 1 3132
451 15 31 3 3135
717 58 28 7 3133
160 39 0 8 3133
373 35 24 2 3131
759 29 11 8 3136
446 65 24 11 3134
391 28 7 2 3133
804 38 12 3 3134
676 49 19 2 3131
585 60 1 4 3133
230 4 21 2 3134
145 36 29 1037 2725
170 55 20 1 3134
119 43 7 3 3136
705 40 9 2 3133
362 56 9 1 3134
907 44 16 17 3134
181 23 9 1 3134
121 40 5 7 3134
398 65 24 2 3132
622 28 4 11 3131
626 47 9 7 3134
924 30 26 2 3132
174 34 13 9 3134
440 35 29 2 3135
676 17 16 9 3133
960 54 9 2 3135
525 52 17 18 3131
159 46 1 2 3133
815 25 17 2 3135
577 27 21 2 3134
385 21 5 48 3126
438 47 16 18 3130
177 32 6 2 3133
702 31 19 3 3136
278 42 26 1 3132
527 33 15 1 3133
399 68 4 4 3135
412 43 15 1 3133
193 44 9 1 3134
438 27 4 2 3134
884 57 28 13 3132
200 63 25 3 3131
356 38 12 3 3133
356 67 15 3 3134
583 34 9 15 3135
880 55 6 17 3129
739 51 3 2 3135
461 66 9 14 3137
796 21 0 14 3136
874 60 5 1 3134
224 52 18 1 3134
190 60 23 421 2733
763 25 18 2 3135
557 33 11 16 3138
77 37 10 68 3133
674 35 20 6 3132
643 36 31 1 3134
647 27 5 5 3134
522 38 17 20 3134
362 61 6 27 3128
656 49 14 5 3133
526 61 30 2 3133
623 66 16 8 3131
522 32 31 1 3133
550 32 15 4 3131
781 21 1 2 3134
253 29 2 1 3134
699 22 23 12 3136
430 46 23 14 3129
883 53 12 20 3133
674 33 22 17 3134
200 64 11 6 3133
673 19 10 2 3135
361 41 4 10 3136
470 23 18 1 3134
469 53 25 2 3133
259 33 13 69 3139
360 18 27 1 3133
469 66 19 8 3129
669 37 23 1 3134
887 35 6 4 3134
625 25 10 9 3133
722 69 31 1 3134
715 35 11 2 3132
209 27 23 9 3131
469 62 18 1 3134
660 23 1 4 3134
743 38 1 1 3132
345 34 26 35 3134
406 68 10 1 3132
877 66 1 2 3133
748 31 3 2 3133
660 36 21 4 3134
731 52 30 1 3134
534 59 27 3 3134
118 27 17 2 3134
413 31 21 1 3134
548 37 31 1 3133
313 54 25 3 3131
255 56 1 1 3134
665 40 25 1 3134
440 42 16 59 3137
545 65 22 1 3132
246 30 25 2 3132
288 62 0 3 3132
640 53 4 2 3133
164 74 2 3 3136
757 29 23 2 3132
561 66 11 28 3132
617 28 25 30 3140
624 39 3 1 3134
713 20 13 5 3134
447 46 30 1 3132
439 45 27 3 3133
483 68 4 1 3134
253 20 20 3 3131
633 29 24 21 3141
917 66 9 55 3120
264 67 30 10 3132
297 58 2 29 3132
790 37 30 16 3133
809 52 18 1 3132
696 53 29 1 3134
590 35 7 3 3132
568 32 28 1 3134
704 19 26 7 3134
580 25 13 1 3132
214 41 27 3 3132
497 55 25 1 3134
474 28 27 2 3131
699 14 31 1 3132
441 59 18 2 3134
779 57 21 10 3134
473 36 25 1 3133
807 28 24 14 3137
868 57 16 1 3134
814 26 31 12 3140
557 62 1 5 3132
590 48 14 1 3133
787 17 1 11 3132
424 54 3 3 3134
119 34 26 14 3128
301 63 28 29 3125
817 31 5 56 3132
437 63 20 2 3134
207 29 0 1 3132
228 57 29 5 3130
698 64 5 26 3133
813 26 22 3 3132
893 40 10 1 3134
403 33 24 1 3134
166 75 4 1 3132
462 25 15 2 3135
555 22 6 7 3133
255 46 2 2 3133
259 42 7 138 3010
845 28 3 1 3134
436 27 2 3 3133
700 51 8 11 3135
667 64 16 28 3140
376 16 22 1 3132
309 41 23 1 3132
525 61 30 2 3133
639 49 6 1 3134
202 70 20 21 3127
774 26 3 25 3131
197 55 3 6 3131
566 56 29 6 3133
648 28 10 8 3138
708 30 22 16 3135
892 31 16 1 3134
436 70 6 16 3136
495 26 22 31 3134
321 19 21 11 3131
410 58 30 2 3132
438 36 11 1 3134
886 53 24 1 3133
616 13 20 6 3137
881 55 4 5 3133
571 54 0 22 3132
261 45 1 7 3133
426 31 3 1 3134
565 22 31 4 3133
775 25 17 1 3134
809 55 7 12 3135
841 56 6 98 3125
531 24 27 178 3110
753 58 7 17 3126
658 36 23 14 3138
695 43 30 5 3134
348 27 6 7 3132
546 67 29 11 3132
561 48 12 1 3134
303 56 17 1 3134
117 58 4 12 3130
391 26 14 7 3130
458 38 1 25 3132
494 34 2 2 3132
354 28 31 4 3135
411 32 0 1 3133
261 54 4 2 3132
734 16 0 1 3134
404 53 27 1 3134
807 30 18 16 3138
595 12 18 26 3124
323 41 5 57 3133
470 42 8 1 3132
880 52 28 17 3134
899 63 16 188 3032
660 30 27 1 3134
158 65 1 19 3114
949 54 3 2 3133
209 52 29 2 3132
403 60 21 2 3131
378 29 18 2 3132
729 18 23 11 3137
537 32 1 3 3132
771 33 21 1 3133
714 64 13 1 3134
258 47 3 1 3132
262 12 21 1 3132
300 33 10 2 3134
257 35 15 4 3134
466 59 6 1 3134
694 18 17 54 3110
522 66 13 12 3135
877 55 17 5 3134
928 51 26 2 3133
538 22 22 1 3134
405 42 2 7 3133
476 52 29 1 3133
743 35 29 1 3134
452 34 22 66 3134
539 69 26 5 3134
524 58 0 4 3135
395 33 30 2 3132
818 28 12 37 3127
772 53 2 14 3133
685 42 13 1 3133
683 21 5 1 3132
663 51 20 4 3136
552 60 4 5 3134
719 60 11 17 3133
291 13 20 1 3133
672 33 11 2 3134
883 32 21 1 3132
141 57 30 1 3134
382 46 31 24 3135
163 74 19 5 3131
309 35 23 1 3132
770 61 19 12 3136
399 39 27 5 3132
714 21 26 8 3131
261 57 9 7 3136
775 30 22 17 3138
196 43 12 12 3134
389 57 1 1 3133
348 43 25 62 3132
531 41 9 13 3138
564 58 16 1 3132
663 23 3 8 3134
623 29 4 3 3136
805 29 23 5 3134
263 45 0 12 3133
181 24 26 3 3132
196 51 27 3 3132
575 24 23 66 3125
286 58 31 1 3134
578 11 14 1 3134
751 26 12 10 3134
704 16 27 3 3131
173 40 1 1 3133
143 52 18 1 3134
464 32 17 1 3134
840 23 12 2 3134
630 40 30 1 3134
627 52 12 3 3136
650 16 22 4 3134
160 65 4 10 3133
826 4 6 231 3056
684 14 14 1 3134
523 68 14 12 3132
521 57 22 4 3135
906 54 27 13 3132
433 70 10 3 3134
179 66 11 2 3133
917 37 0 12 3130
522 58 11 8 3133
581 48 4 1 3132
797 43 19 27 3137
734 31 27 21 3132
373 35 27 1 3134
831 33 25 2 3134
151 46 9 8 3132
367 32 10 3 3135
423 54 4 1 3134
717 23 3 3 3132
569 68 25 1 3134
152 38 14 8 3131
698 39 24 1 3134
628 22 24 1 3134
155 36 12 42 3120
750 60 28 1 3132
174 36 15 155 3079
723 39 6 1 3134
546 23 27 1 3134
545 17 30 1 3133
463 26 3 1 3133
123 25 18 1 3134
637 32 9 9 3135
780 32 28 1 3134
405 39 3 10 3136
270 13 25 2 3133
171 48 5 1 3133
693 56 19 1 3134
420 19 3 2 3133
621 42 19 5 3133
294 22 23 12 3134
707 30 18 1 3134
576 59 13 1 3134
453 59 29 4 3134
445 26 10 1 3134
261 43 6 2 3132
583 36 15 2 3133
503 39 28 4 3134
485 31 1 2 3134
260 46 3 1 3134
926 25 6 26 3134
495 35 3 2 3133
547 49 30 2 3132
810 40 6 10 3134
841 32 1 4 3133
186 28 3 6 3131
261 57 15 1 3134
558 62 0 4 3135
870 29 27 18 3135
663 47 26 17 3139
547 65 0 3 3132
761 36 31 12 3133
469 53 0 2 3135
193 26 1 18 3133
763 20 25 10 3135
296 53 7 16 3130
188 56 23 2 3131
784 20 7 1 3133
874 55 24 4 3135
428 34 2 3 3133
879 48 2 11 3132
767 36 25 10 3136
370 27 20 4 3133
528 24 10 4 3133
395 68 0 12 3128
671 12 6 1 3133
116 60 21 573 2661
375 32 26 3 3132
827 24 9 60 3130
723 64 14 2 3131
278 15 6 1 3133
788 40 11 1 3134
520 31 12 4 3134
723 18 27 3 3136
450 12 18 1 3133
815 28 20 55 3129
781 53 16 1 3132
583 24 21 16 3130
400 53 11 7 3132
116 49 21 60 3111
416 17 0 2 3133
630 17 6 36 3126
430 26 20 3 3132
788 33 23 1 3132
631 61 20 4 3131
479 69 23 3 3133
179 54 22 3 3132
644 15 16 1 3132
919 53 31 14 3135
293 55 30 5 3132
714 22 4 1 3133
567 31 27 1 3134
840 65 29 39 3135
364 52 28 2 3133
578 52 31 3 3134
424 34 23 6 3133
666 70 7 3 3132
206 52 22 1 3132
388 51 7 2 3134
160 40 14 13 3127
775 30 9 14 3138
356 31 17 2 3135
654 45 31 15 3142
296 32 31 5 3134
622 53 17 1 3134
370 31 17 5 3133
696 64 24 2 3132
739 27 31 5 3134
198 33 20 2 3134
459 51 1 7 3133
114 47 9 2 3134
618 43 9 4 3131
624 62 8 6 3134
424 39 4 2 3135
463 61 28 9 3133
284 47 19 15 3131
681 43 4 3 3134
528 48 29 8 3135
449 66 13 11 3135
528 58 19 1 3132
877 44 26 1 3132
560 48 17 1 3134
749 47 2 7 3133
469 70 9 3 3134
920 41 25 9 3136
177 27 23 1 3132
179 56 13 73 3114
746 31 10 1 3134
568 11 25 1 3134
748 34 25 11 3135
492 34 25 33 3135
291 62 3 2 3135
797 48 20 8 3134
407 13 22 1 3133
359 39 16 5 3132
668 68 14 37 3130
923 55 0 7 3134
402 39 11 1 3132
288 51 1 5 3130
677 29 20 14 3136
121 60 4 407 2910
136 44 9 1 3134
893 61 12 5 3130
699 26 22 5 3135
193 33 9 4 3132
829 33 15 2 3132
491 65 13 2 3132
298 56 31 3 3132
271 15 8 1 3132
774 52 6 2 3133
878 57 12 1 3133
788 23 2 4 3132
631 71 31 6 3129
885 53 27 26 3133
348 31 8 14 3129
301 37 25 2 3134
522 66 1 5 3135
916 25 5 32 3130
304 14 12 1 3132
356 38 25 4 3132
601 20 1 10 3135
424 54 13 1 3134
903 28 24 26 3131
687 39 16 1 3132
700 31 18 5 3135
631 42 1 2 3134
896 44 29 7 3132
263 20 18 1 3133
416 17 7 2 3133
566 6 23 1 3132
624 16 23 96 3129
562 46 29 1 3133
346 53 11 4 3136
434 66 17 15 3133
493 57 0 1 3134
661 36 15 1 3132
259 22 30 3 3132
289 29 27 1 3133
919 60 2 4 3134
500 28 11 4 3135
746 63 9 1 3133
904 33 9 17 3138
348 28 17 2 3131
796 45 0 3 3133
571 15 31 1 3132
248 7 3 3 3131
220 26 5 1 3133
706 38 7 3 3134
390 59 4 1 3134
571 10 26 1 3132
292 29 29 4 3133
778 61 16 8 3136
358 31 9 7 3134
420 31 17 7 3135
763 50 25 138 3124
694 45 1 3 3134
525 69 15 2 3132
435 56 9 6 3134
466 27 6 6 3133
528 63 14 1 3134
882 57 11 17 3132
201 31 1 13 3128
845 32 0 4 3133
250 31 22 5 3134
425 63 2 2 3135
783 57 17 59 3128
785 57 31 7 3131
683 35 4 12 3132
547 29 28 55 3134
374 41 28 22 3137
647 65 10 6 3131
416 61 27 21 3136
716 36 9 2 3135
965 24 19 3 3134
402 27 17 1 3132
228 53 19 1 3134
174 36 2 93 3107
752 24 28 4 3133
391 35 13 1 3133
662 48 16 4 3135
502 61 12 6 3135
667 62 9 1 3134
810 48 30 1 3133
800 23 17 1 3132
692 21 17 1 3134
624 21 6 28 3133
633 26 26 6 3136
777 32 2 3 3132
894 58 12 19 3133
362 28 16 1 3134
753 41 15 2 3134
393 61 12 2 3133
912 20 1 1 3134
288 36 3 11 3125
176 49 3 1 3133
424 65 0 2 3131
667 37 20 13 3138
501 40 6 3 3134
199 63 31 13 3134
345 64 3 34 3131
618 37 26 1 3132
578 24 4 1 3134
520 44 10 7 3135
920 58 3 4 3134
464 67 10 2 3131
565 57 10 5 3130
215 64 27 1 3133
445 29 3 1 3132
602 36 20 22 3136
533 31 9 1 3133
921 53 30 57 3132
358 66 13 11 3129
261 54 14 1 3134
700 59 7 2 3131
167 55 13 19 3131
370 27 26 1 3133
200 29 26 11 3132
395 65 29 4 3131
122 54 26 1 3132
468 46 5 1 3132
131 28 23 8 3134
731 53 25 25 3134
551 69 8 2 3133
522 49 13 1 3134
787 59 24 1 3132
640 31 14 1 3134
367 65 3 4 3135
779 23 24 1 3134
862 39 13 1 3134
173 49 30 19 3123
839 27 7 6 3136
674 24 11 6 3132
906 63 7 8 3135
845 40 20 1 3132
387 28 28 3 3133
539 65 17 2 3135
725 64 19 24 3131
665 53 19 4 3133
128 48 2 18 3131
502 55 20 2 3133
204 64 4 1 3132
458 36 21 1 3132
708 30 19 1 3134
637 45 2 1 3134
823 41 9 2 3133
625 51 27 2 3135
881 60 26 14 3134
947 26 25 16 3131
595 36 1 1 3132
576 60 4 14 3137
681 48 25 5 3134
731 65 24 25 3133
351 18 9 89 3118
637 27 16 1 3134
166 46 13 3 3132
368 58 30 2 3133
312 54 14 3 3132
502 44 5 1 3134
527 64 24 1 3134
946 62 7 38 3131
363 62 15 17 3140
877 63 4 5 3134
552 40 22 7 3134
299 28 6 2 3133
433 57 11 1 3134
367 61 16 19 3130
362 54 31 6 3130
495 59 28 5 3133
420 24 1 2 3133
676 60 28 3 3134
393 55 11 1 3132
364 57 21 2 3133
761 65 29 36 3134
576 32 20 2 3132
564 23 22 12 3134
464 16 14 19 3134
293 53 23 7 3135
568 26 23 1 3134
596 54 0 7 3134
880 34 18 24 3141
177 45 5 1 3132
201 19 28 28 3130
461 53 21 4 3133
421 44 1 2 3135
630 23 27 10 3133
373 31 13 1 3134
957 24 30 21 3130
536 65 1 3 3134
718 40 3 7 3134
255 63 14 2 3133
628 23 14 3 3135
287 42 18 4 3133
524 55 27 2 3131
602 49 6 15 3135
631 56 2 6 3135
538 35 26 1 3134
128 70 16 10 3136
925 30 5 3 3133
707 42 16 1 3132
651 16 4 1 3134
893 63 9 24 3122
388 32 31 2 3132
433 55 26 1 3132
601 58 10 16 3135
559 24 22 20 3131
631 20 20 1 3134
819 56 20 1 3134
586 53 7 1 3133
875 38 17 6 3134
132 28 9 3 3132
126 32 2 10 3134
381 38 25 9 3135
575 54 7 1 3132
169 58 25 16 3135
546 22 6 9 3137
966 35 18 3 3133
699 40 2 18 3132
472 37 16 1 3134
920 49 22 33 3125
629 46 10 7 3136
362 28 2 4 3133
526 26 3 3 3132
924 26 23 10 3131
458 46 15 2 3134
742 60 23 3 3134
466 62 19 1 3134
529 3 20 56 3125
735 14 30 14 3139
462 32 8 7 3133
425 33 7 8 3137
738 61 31 6 3137
328 14 16 10 3131
422 53 3 13 3129
311 61 25 3 3134
189 65 10 63 3127
660 36 31 2 3133
618 52 17 21 3132
911 22 9 37 3130
438 60 23 2 3133
526 36 19 13 3127
423 14 18 37 3135
462 42 1 6 3135
309 56 2 1 3134
810 31 0 1 3134
742 18 5 2 3133
920 37 4 3 3131
534 23 17 1 3133
325 46 9 3 3132
792 40 30 1 3134
219 21 9 3 3133
582 53 3 19 3130
712 53 12 1 3132
360 44 24 4 3132
913 48 5 11 3131
765 23 1 10 3133
656 36 25 7 3134
298 31 23 7 3132
778 57 17 37 3133
745 49 17 1 3134
531 63 29 5 3131
395 30 31 3 3131
179 43 2 1 3133
256 31 14 13 3135
713 34 13 9 3133
730 58 5 6 3131
623 42 14 9 3132
920 55 22 21 3134
787 57 7 1 3134
344 23 16 5 3133
782 30 2 6 3133
918 25 28 23 3136
691 58 26 1 3132
925 44 7 1 3134
142 58 3 6 3133
731 41 30 8 3135
787 66 16 1 3134
354 48 19 2 3133
355 19 27 101 3117
433 49 25 1 3134
795 31 2 5 3133
670 51 5 4 3135
303 23 11 1 3134
279 49 19 1 3134
942 63 13 8 3133
547 24 0 11 3130
750 61 31 1 3132
962 40 12 6 3129
669 58 28 1 3134
433 36 30 9 3133
299 18 23 3 3135
223 38 2 2 3134
476 68 20 1 3134
908 63 1 7 3132
744 39 5 1 3133
743 40 12 2 3133
680 25 23 1 3134
353 25 25 26 3136
644 10 29 1 3133
773 52 25 7 3134
274 6 7 24 3137
498 39 15 1 3132
459 39 7 7 3136
353 56 26 1 3134
301 44 28 5 3132
424 51 21 23 3136
947 56 23 48 3127
947 66 12 63 3130
661 40 9 17 3136
395 38 4 1 3132
539 38 24 1 3132
179 36 27 2 3133
947 66 26 120 3128
279 52 17 2 3133
699 53 31 2 3131
634 47 21 1 3132
650 51 20 1 3133
498 56 21 40 3143
152 51 20 6 3133
556 37 1 5 3132
253 32 5 5 3132
161 66 15 59 3111
528 37 18 1 3134
563 15 6 2 3135
677 47 15 22 3136
892 37 3 1 3134
742 52 14 4 3131
308 23 25 1 3133
524 58 22 3 3133
779 46 5 7 3134
829 33 5 1 3132
380 44 25 34 3132
436 58 2 2 3132
625 33 23 16 3139
794 55 25 1 3134
558 28 19 35 3138
524 34 16 8 3128
690 34 11 9 3138
578 26 28 1 3132
707 30 5 3 3136
697 53 4 6 3132
197 69 18 25 3125
261 30 29 1 3132
664 64 26 1 3134
697 17 3 20 3137
354 34 31 1 3132
632 25 10 1 3134
907 53 31 24 3130
835 36 16 5 3135
872 28 8 28 3138
358 53 6 1 3134
355 49 16 4 3131
770 26 14 15 3135
366 28 29 3 3134
165 74 4 4 3133
139 59 12 45 3123
668 38 6 4 3133
807 46 29 1 3132
518 47 13 2 3132
133 31 20 37 3098
686 27 25 1 3133
883 36 7 1 3134
289 45 7 1 3132
670 15 27 1 3132
461 13 0 215 3071
872 28 18 5 3132
543 46 26 1 3134
630 20 19 8 3134
251 28 28 7 3130
131 28 28 4 3136
630 18 2 15 3132
179 52 29 3 3132
712 47 4 1 3134
291 48 11 9 3131
159 36 17 7 3135
165 26 9 17 3138
390 52 17 10 3130
809 60 25 18 3130
734 34 26 3 3135
402 35 7 5 3135
813 37 1 13 3134
292 65 1 3 3134
293 55 17 7 3133
383 11 6 27 3135
117 69 11 2 3134
755 40 27 1 3133
662 32 10 7 3133
805 24 4 2 3134
331 41 21 3 3133
410 41 2 5 3133
141 64 3 31 3129
272 56 29 1 3133
623 30 7 21 3128
780 22 28 12 3135
824 28 8 1 3134
818 57 7 16 3133
435 54 15 7 3132
422 58 9 1 3134
678 32 14 12 3136
167 32 31 11 3135
562 55 3 13 3126
429 54 30 5 3131
169 64 24 157 3041
563 12 19 38 3130
734 57 7 13 3139
438 21 28 16 3134
379 66 29 1 3133
532 65 18 6 3133
188 25 16 18 3124
796 51 27 32 3132
265 26 28 1 3132
493 51 27 1 3132
396 39 21 1 3133
296 51 25 14 3131
663 16 16 2 3135
560 61 12 11 3134
434 60 9 1 3133
447 31 28 33 3132
129 58 15 11 3129
915 26 24 14 3133
590 54 19 8 3133
149 60 1 7 3134
491 39 8 11 3135
297 30 26 2 3132
811 51 12 2 3133
732 36 16 6 3133
703 46 24 13 3137
399 32 8 2 3133
576 52 24 2 3132
822 24 15 4 3133
701 14 23 16 3138
687 49 19 1 3132
740 49 9 5 3135
385 27 6 51 3122
842 41 20 12 3137
440 31 21 3 3133
261 51 5 1 3132
705 59 21 15 3135
273 58 5 1 3132
661 45 17 2 3133
354 27 20 1 3132
565 41 17 1 3134
172 45 21 2 3133
929 65 18 7 3130
169 65 4 2 3132
774 21 13 1 3132
414 27 31 1 3132
214 33 30 13 3134
552 64 5 21 3133
913 64 2 58 3132
624 57 17 3 3132
200 20 6 4 3133
898 32 22 16 3133
127 58 26 11 3133
402 36 6 1 3133
157 51 5 5 3133
570 13 28 1 3134
728 31 4 3 3132
351 30 26 1 3134
109 48 31 112 3130
80 60 20 115 3118
744 30 19 7 3132
759 14 14 1 3134
302 26 20 4 3133
787 57 19 3 3132
915 27 1 13 3131
664 26 10 1 3134
625 16 20 3 3135
311 11 4 3 3134
221 54 9 1564 1926
369 60 25 3 3134
398 38 15 1 3134
535 64 21 1 3134
755 33 3 8 3136
737 41 4 7 3130
806 40 21 3 3135
403 46 17 1 3134
792 20 10 2 3135
423 46 14 15 3130
389 49 21 34 3128
544 57 31 1 3132
674 39 26 11 3131
378 63 26 1 3133
387 42 26 2 3131
305 54 2 7 3132
883 57 15 3 3131
664 53 8 13 3133
482 64 30 1 3134
551 21 5 3 3133
353 39 22 18 3130
279 34 23 8 3133
299 37 19 3 3136
738 41 31 2 3134
109 51 9 5 3134
323 34 10 5 3130
661 39 27 20 3139
297 46 1 1 3134
476 41 10 7 3132
362 22 30 26 3134
702 28 26 6 3136
491 53 30 4 3132
623 47 10 8 3131
660 35 28 1 3133
743 54 0 6 3132
468 61 10 6 3133
331 44 29 1 3134
290 67 13 1 3134
166 38 13 13 3136
425 32 11 24 3130
314 21 23 2 3134
603 35 3 1 3134
885 56 24 2 3131
191 24 18 2 3133
781 30 7 6 3138
702 59 1 14 3132
704 22 9 3 3134
925 31 22 6 3128
787 60 18 3 3131
399 39 4 2 3135
252 63 1 1 3132
928 25 0 3 3135
865 49 22 13 3122
180 64 20 76 3119
771 23 4 11 3136
118 51 17 1 3132
481 40 3 1 3132
258 42 16 1 3134
670 22 29 24 3137
932 45 0 6 3134
277 33 28 3 3132
817 54 28 2 3134
725 17 19 7 3136
771 16 19 2 3133
929 59 23 25 3130
465 54 17 1 3133
351 64 14 2 3133
629 65 9 5 3132
779 51 12 1 3133
478 57 15 12 3131
696 16 13 2 3132
942 64 1 44 3104
328 46 21 6 3131
813 32 31 3 3134
168 76 25 10 3135
409 39 17 1 3132
799 40 0 3 3134
898 22 22 16 3130
564 35 18 30 3134
330 51 5 16 3138
463 29 15 11 3131
771 25 17 4 3136
424 48 20 2 3135
402 59 7 1 3132
699 15 20 123 3103
630 36 15 3 3136
636 33 10 2 3134
296 33 15 1 3134
563 64 28 2 3132
540 56 5 4 3134
467 49 28 15 3130
397 66 22 31 3135
189 23 6 13 3134
840 22 29 9 3134
756 37 31 1 3133
701 38 9 13 3133
844 33 0 12 3133
822 58 19 10 3135
352 54 31 4 3131
400 29 18 1 3133
368 29 8 2 3133
136 61 27 1 3133
325 58 16 1 3133
731 28 22 6 3134
620 27 17 2 3131
567 44 6 2 3134
278 25 25 13 3135
812 29 24 19 3139
276 52 27 2 3131
363 64 23 2 3133
698 35 18 4 3137
176 63 20 1 3134
654 20 21 1 3134
710 49 19 1 3134
438 41 4 3 3133
706 35 28 5 3130
331 14 19 22 3132
697 30 13 3 3135
280 54 20 20 3131
296 27 24 1 3134
442 55 7 5 3131
267 29 13 5 3132
416 22 22 11 3132
523 61 5 1 3134
601 13 11 28 3125
280 22 30 29 3141
363 60 4 1 3132
296 31 5 1 3133
628 41 1 19 3137
467 49 25 2 3133
636 49 19 19 3138
436 56 26 9 3133
659 41 2 6 3136
778 26 21 2 3133
307 26 10 1 3134
767 21 12 3 3132
406 29 22 1 3132
624 39 27 22 3131
196 70 23 2 3131
710 42 31 20 3135
885 57 27 39 3126
793 31 2 2 3133
949 35 27 8 3136
213 42 29 1 3133
864 46 4 8 3131
411 55 25 4 3132
709 49 18 2 3135
431 47 30 9 3133
717 28 28 1 3134
877 48 9 19 3139
363 12 13 17 3125
448 62 15 4 3131
142 51 24 1 3132
952 36 4 31 3116
696 61 29 11 3134
733 66 11 5 3132
298 38 14 5 3133
942 33 23 176 3117
602 29 20 29 3134
494 28 23 8 3132
393 56 26 3 3134
432 28 11 2 3133
689 22 25 35 3141
740 31 27 3 3134
303 46 14 1 3134
735 44 5 4 3133
195 25 21 1 3132
196 66 10 21 3123
359 22 22 40 3134
668 28 21 5 3135
293 26 7 1 3132
253 54 16 4 3133
439 66 8 1 3134
618 65 11 9 3132
783 44 9 4 3134
591 59 1 10 3132
365 67 21 5 3134
288 53 4 3 3132
390 42 4 1 3133
257 24 3 3 3134
776 31 20 4 3134
275 58 0 5 3134
635 39 0 1 3132
698 53 21 19 3136
545 20 31 2 3135
429 38 13 1 3134
563 44 30 1 3134
955 63 31 12 3127
559 31 1 1 3134
267 30 24 5 3133
413 61 5 2 3134
758 49 13 4 3133
575 32 12 5 3132
208 29 8 1 3132
359 48 29 16 3136
195 24 22 86 3127
736 28 22 5 3134
661 25 1 4 3134
394 60 0 6 3132
806 35 9 1 3132
466 37 12 12 3134
576 15 22 2 3131
664 43 0 2 3134
395 46 11 29 3132
517 18 26 17 3134
425 56 31 3 3134
177 62 13 215 2971
583 15 30 1 3134
171 75 9 1 3132
162 39 5 6 3132
904 26 14 153 3126
422 55 7 18 3135
497 59 2 2 3133
276 52 31 4 3134
269 46 29 4 3131
747 37 10 10 3140
435 54 29 1 3133
624 30 24 12 3134
258 11 23 16 3134
409 61 31 1 3133
720 24 31 5 3134
785 26 15 2 3135
704 30 22 12 3136
356 65 28 1 3134
399 49 23 1 3134
464 55 28 5 3134
565 21 19 2 3133
671 42 24 3 3133
929 37 20 1 3134
298 30 29 3 3134
183 42 9 7 3134
714 52 16 1 3134
703 59 29 2 3133
227 35 14 24 3136
424 29 7 7 3137
694 40 10 1 3132
828 39 15 3 3133
346 47 23 2 3135
673 17 18 4 3131
548 27 11 1 3132
425 56 30 3 3134
624 70 8 1 3133
567 54 30 5 3136
176 43 24 33 3129
409 29 21 1 3133
524 46 20 1 3134
531 42 21 17 3133
414 25 16 1 3134
793 17 3 1 3134
124 28 11 4 3133
268 45 2 13 3134
593 30 7 19 3133
155 49 6 7 3131
443 32 31 1 3133
352 27 18 3 3131
196 55 28 1 3134
731 31 8 13 3134
135 40 13 1 3134
206 53 30 1 3132
462 55 13 3 3130
453 34 10 1 3134
780 60 4 14 3136
784 57 30 72 3121
813 28 28 8 3136
148 42 0 1 3132
265 27 27 15 3134
919 34 16 432 2893
434 62 22 7 3132
660 51 8 11 3134
807 60 0 683 2807
951 63 24 6 3135
721 23 23 1 3132
393 18 21 1 3132
876 35 26 30 3139
659 38 4 1 3134
435 21 8 1 3134
864 62 12 14 3141
467 45 5 8 3132
498 46 3 9 3131
795 23 21 1 3134
360 44 8 2 3131
701 44 9 21 3135
368 57 16 1 3133
623 36 21 2 3133
591 36 4 23 3133
690 42 10 1 3133
288 53 11 1 3133
464 34 24 17 3137
431 34 11 7 3135
797 5 3 815 2731
473 52 1 1 3134
917 36 26 24 3133
183 33 21 5 3131
720 35 24 1 3132
168 55 4 13 3128
274 41 0 44 3130
930 25 17 11 3130
739 35 8 19 3141
284 28 18 5 3134
788 32 0 1 3134
486 42 7 1 3133
357 62 1 14 3131
400 58 6 1 3132
265 34 20 4 3131
532 57 19 2 3135
662 48 28 2 3134
735 45 27 6 3136
875 59 2 8 3134
713 16 26 2 3134
402 38 22 1 3132
481 69 23 1 3132
296 52 11 2 3134
525 28 6 22 3137
457 41 10 25 3133
189 53 14 7 3135
292 33 6 1 3134
464 72 13 14 3132
920 57 29 30 3130
472 56 0 1 3134
648 64 26 6 3134
163 76 8 68 3136
885 31 8 16 3138
535 61 27 1 3133
792 62 16 18 3137
746 22 28 2 3135
741 21 3 5 3136
270 32 25 3 3132
808 35 1 7 3132
745 28 19 3 3136
434 58 29 1 3134
910 54 2 27 3134
634 16 15 23 3125
780 29 28 5 3134
420 12 5 4 3132
298 45 31 2 3135
828 27 24 17 3130
780 36 5 15 3134
168 45 22 15 3128
747 33 15 17 3138
285 49 1 2 3131
430 14 17 208 3059
297 35 3 16 3133
881 54 22 24 3135
282 18 5 12 3130
904 38 7 6 3130
677 31 20 16 3135
72 2 31 0 3133
72 5 28 0 3133
72 10 7 0 3133
72 12 1 0 3133
72 13 7 0 3133
72 21 11 0 3133
72 26 23 0 3133
72 31 7 0 3133
72 34 26 0 3133
72 34 29 0 3133
72 35 16 0 3133
72 37 16 0 3133
72 40 23 0 3133
72 43 3 0 3133
72 49 18 0 3133
72 63 17 0 3133
72 64 2 0 3133
72 65 13 0 3133
72 74 16 0 3133
72 78 6 0 3133
72 84 3 0 3133
72 86 13 0 3133
72 92 7 0 3133
72 93 10 0 3133
72 95 9 0 3133
72 100 5 0 3133
73 4 22 0 3133
73 17 10 0 3133
73 22 21 0 3133
73 25 15 0 3133
73 34 24 0 3133
73 39 4 0 3133
73 40 30 0 3133
73 43 7 0 3133
73 45 24 0 3133
73 46 0 0 3133
73 53 4 0 3133
73 57 2 0 3133
73 67 13 0 3133
73 67 30 0 3133
73 68 1 0 3133
73 75 26 0 3133
73 80 2 0 3133
73 85 4 0 3133
73 87 2 0 3133
73 98 27 0 3133
74 2 27 0 3133
74 3 19 0 3133
74 13 0 0 3133
74 15 4 0 3133
74 16 16 0 3133
74 19 19 0 3133
74 21 21 0 3133
74 41 30 0 3133
74 46 0 0 3133
74 54 14 0 3133
74 57 12 0 3133
74 58 23 0 3133
74 67 22 0 3133
74 67 25 0 3133
74 68 4 0 3133
74 68 6 0 3133
74 80 3 0 3133
74 80 10 0 3133
74 82 14 0 3133
74 92 0 0 3133
74 96 14 0 3133
75 3 7 0 3133
75 3 11 0 3133
75 6 13 0 3133
75 9 17 0 3133
75 18 21 0 3133
75 20 20 0 3133
75 22 30 0 3133
75 31 21 0 3133
75 37 11 0 3133
75 41 1 0 3133
75 44 3 0 3133
75 45 24 0 3133
75 46 5 0 3133
75 46 8 0 3133
75 52 4 0 3133
75 52 10 0 3133
75 58 30 0 3133
75 59 5 0 3133
75 61 23 0 3133
75 66 29 0 3133
75 67 25 0 3133
75 68 6 0 3133
75 69 4 0 3133
75 70 16 0 3133
75 74 12 0 3133
75 78 6 0 3133
75 78 10 0 3133
75 79 14 0 3133
75 88 18 0 3133
75 88 22 0 3133
75 90 5 0 3133
75 94 4 0 3133
76 2 21 0 3133
76 25 4 0 3133
76 27 2 0 3133
76 43 18 0 3133
76 46 1 0 3133
76 53 30 0 3133
76 54 26 0 3133
76 55 25 0 3133
76 59 27 0 3133
76 73 1 0 3133
76 73 15 0 3133
76 75 14 0 3133
76 79 20 0 3133
76 87 11 0 3133
76 91 24 0 3133
77 9 5 0 3133
77 15 25 0 3133
77 18 13 0 3133
77 35 6 0 3133
77 38 4 0 3133
77 47 4 0 3133
77 55 3 0 3133
77 65 28 0 3133
77 73 29 0 3133
77 74 6 0 3133
77 76 15 0 3133
77 79 5 0 3133
77 80 5 0 3133
77 83 31 0 3133
77 84 24 0 3133
77 87 13 0 3133
77 91 12 0 3133
77 92 10 0 3133
77 95 25 0 3133
77 95 28 0 3133
77 96 25 0 3133
78 10 11 0 3133
78 11 22 0 3133
78 12 12 0 3133
78 12 29 0 3133
78 15 20 0 3133
78 17 26 0 3133
78 18 20 0 3133
78 20 14 0 3133
78 24 3 0 3133
78 25 30 0 3133
78 35 24 0 3133
78 42 16 0 3133
78 43 11 0 3133
78 47 8 0 3133
78 50 25 0 3133
78 56 2 0 3133
78 56 11 0 3133
78 72 4 0 3133
78 78 19 0 3133
78 81 5 0 3133
78 85 10 0 3133
78 90 30 0 3133
78 95 20 0 3133
78 97 5 0 3133
78 97 26 0 3133
78 100 8 0 3133
79 3 25 0 3133
79 4 3 0 3133
79 4 11 0 3133
79 5 26 0 3133
79 6 14 0 3133
79 11 7 0 3133
79 19 6 0 3133
79 22 6 0 3133
79 22 9 0 3133
79 32 3 0 3133
79 37 8 0 3133
79 39 3 0 3133
79 39 17 0 3133
79 39 28 0 3133
79 44 13 0 3133
79 55 15 0 3133
79 60 9 0 3133
79 62 2 0 3133
79 64 3 0 3133
79 66 27 0 3133
79 68 4 0 3133
79 76 5 0 3133
79 90 20 0 3133
79 95 18 0 3133
79 97 30 0 3133
80 0 6 0 3133
80 4 6 0 3133
80 22 4 0 3133
80 34 16 0 3133
80 51 2 0 3133
80 53 25 0 3133
80 57 28 0 3133
80 69 16 0 3133
80 69 23 0 3133
80 80 4 0 3133
80 82 5 0 3133
80 85 20 0 3133
80 86 31 0 3133
80 92 13 0 3133
80 96 20 0 3133
81 3 8 0 3133
81 8 18 0 3133
81 11 5 0 3133
81 11 9 0 3133
81 14 21 0 3133
81 15 11 0 3133
81 16 17 0 3133
81 20 2 0 3133
81 22 19 0 3133
81 24 20 0 3133
81 27 10 0 3133
81 39 8 0 3133
81 43 11 0 3133
81 48 8 0 3133
81 53 8 0 3133
81 58 24 0 3133
81 64 20 0 3133
81 65 21 0 3133
81 68 1 0 3133
81 70 16 0 3133
81 76 11 0 3133
81 77 23 0 3133
81 78 5 0 3133
81 80 7 0 3133
81 83 4 0 3133
81 88 25 0 3133
82 0 9 0 3133
82 5 13 0 3133
82 16 16 0 3133
82 16 27 0 3133
82 19 9 0 3133
82 38 19 0 3133
82 47 27 0 3133
82 49 10 0 3133
82 50 27 0 3133
82 52 13 0 3133
82 53 13 0 3133
82 66 29 0 3133
82 67 23 0 3133
82 69 14 0 3133
82 74 13 0 3133
82 76 5 0 3133
82 91 10 0 3133
82 95 20 0 3133
82 97 19 0 3133
83 4 4 0 3133
83 5 3 0 3133
83 15 16 0 3133
83 18 20 0 3133
83 19 4 0 3133
83 20 29 0 3133
83 22 0 0 3133
83 23 4 0 3133
83 27 19 0 3133
83 33 21 0 3133
83 34 12 0 3133
83 40 27 0 3133
83 43 7 0 3133
83 44 18 0 3133
83 50 20 0 3133
83 53 2 0 3133
83 65 8 0 3133
83 65 15 0 3133
83 68 17 0 3133
83 71 25 0 3133
83 79 10 0 3133
83 80 13 0 3133
83 86 23 0 3133
83 89 2 0 3133
83 89 26 0 3133
83 90 12 0 3133
83 94 12 0 3133
83 98 10 0 3133
84 0 21 0 3133
84 1 31 0 3133
84 2 31 0 3133
84 7 16 0 3133
84 11 17 0 3133
84 22 16 0 3133
84 25 20 0 3133
84 36 3 0 3133
84 39 10 0 3133
84 45 10 0 3133
84 47 27 0 3133
84 49 3 0 3133
84 50 16 0 3133
84 55 8 0 3133
84 60 8 0 3133
84 66 14 0 3133
84 67 28 0 3133
84 77 30 0 3133
84 78 20 0 3133
84 80 27 0 3133
84 82 26 0 3133
84 83 8 0 3133
84 84 1 0 3133
84 90 6 0 3133
84 96 3 0 3133
85 6 15 0 3133
85 11 23 0 3133
85 20 6 0 3133
85 22 8 0 3133
85 30 23 0 3133
85 34 3 0 3133
85 37 29 0 3133
85 38 0 0 3133
85 41 14 0 3133
85 48 28 0 3133
85 55 30 0 3133
85 56 10 0 3133
85 61 9 0 3133
85 68 17 0 3133
85 69 9 0 3133
85 82 6 0 3133
85 83 10 0 3133
85 89 6 0 3133
85 89 18 0 3133
85 91 30 0 3133
86 2 17 0 3133
86 4 22 0 3133
86 9 24 0 3133
86 17 23 0 3133
86 20 28 0 3133
86 21 1 0 3133
86 22 13 0 3133
86 28 24 0 3133
86 31 25 0 3133
86 35 0 0 3133
86 42 27 0 3133
86 43 3 0 3133
86 62 15 0 3133
86 75 7 0 3133
86 81 6 0 3133
86 83 8 0 3133
86 88 26 0 3133
86 90 0 0 3133
86 95 7 0 3133
86 96 28 0 3133
87 3 3 0 3133
87 4 3 0 3133
87 4 14 0 3133
87 12 10 0 3133
87 15 25 0 3133
87 27 3 0 3133
87 36 0 0 3133
87 46 5 0 3133
87 47 20 0 3133
87 47 30 0 3133
87 52 22 0 3133
87 59 18 0 3133
87 68 14 0 3133
87 68 17 0 3133
87 72 2 0 3133
87 81 20 0 3133
87 84 9 0 3133
87 88 4 0 3133
87 93 17 0 3133
87 97 21 0 3133
87 99 13 0 3133
87 100 8 0 3133
88 1 15 0 3133
88 2 18 0 3133
88 3 9 0 3133
88 5 22 0 3133
88 18 27 0 3133
88 21 11 0 3133
88 22 25 0 3133
88 24 18 0 3133
88 31 26 0 3133
88 38 21 0 3133
88 51 1 0 3133
88 52 21 0 3133
88 54 18 0 3133
88 58 7 0 3133
88 61 3 0 3133
88 64 16 0 3133
88 65 18 0 3133
88 68 4 0 3133
88 72 2 0 3133
88 74 8 0 3133
88 76 21 0 3133
88 79 13 0 3133
88 79 21 0 3133
88 80 11 0 3133
88 92 9 0 3133
88 93 11 0 3133
88 96 8 0 3133
89 10 5 0 3133
89 12 3 0 3133
89 12 6 0 3133
89 12 20 0 3133
89 17 10 0 3133
89 25 2 0 3133
89 27 1 0 3133
89 27 26 0 3133
89 30 15 0 3133
89 35 18 0 3133
89 36 2 0 3133
89 42 22 0 3133
89 55 28 0 3133
89 57 17 0 3133
89 58 22 0 3133
89 74 12 0 3133
89 74 17 0 3133
89 80 19 0 3133
89 81 18 0 3133
89 86 11 0 3133
89 87 15 0 3133
89 95 3 0 3133
90 9 16 0 3133
90 12 0 0 3133
90 17 31 0 3133
90 33 27 0 3133
90 47 14 0 3133
90 61 28 0 3133
90 65 28 0 3133
90 66 22 0 3133
90 72 9 0 3133
90 73 13 0 3133
90 74 5 0 3133
90 74 9 0 3133
90 79 6 0 3133
90 82 15 0 3133
90 82 17 0 3133
90 85 4 0 3133
90 86 6 0 3133
90 91 9 0 3133
90 92 0 0 3133
90 94 22 0 3133
90 100 0 0 3133
91 4 13 0 3133
91 14 0 0 3133
91 15 1 0 3133
91 15 15 0 3133
91 15 20 0 3133
91 19 15 0 3133
91 22 23 0 3133
91 23 29 0 3133
91 28 7 0 3133
91 29 20 0 3133
91 32 14 0 3133
91 40 8 0 3133
91 46 14 0 3133
91 48 8 0 3133
91 61 10 0 3133
91 67 5 0 3133
91 70 30 0 3133
91 76 1 0 3133
91 81 14 0 3133
91 90 16 0 3133
91 98 0 0 3133
91 98 22 0 3133
92 5 16 0 3133
92 12 13 0 3133
92 14 15 0 3133
92 14 28 0 3133
92 22 11 0 3133
92 35 2 0 3133
92 35 14 0 3133
92 48 22 0 3133
92 52 1 0 3133
92 52 25 0 3133
92 57 4 0 3133
92 62 30 0 3133
92 72 23 0 3133
92 74 11 0 3133
92 75 14 0 3133
92 78 27 0 3133
92 81 16 0 3133
92 82 3 0 3133
92 85 10 0 3133
92 89 5 0 3133
92 92 20 0 3133
92 100 8 0 3133
93 18 0 0 3133
93 21 0 0 3133
93 22 18 0 3133
93 26 13 0 3133
93 42 27 0 3133
93 45 7 0 3133
93 45 27 0 3133
93 48 23 0 3133
93 49 29 0 3133
93 50 17 0 3133
93 51 10 0 3133
93 52 11 0 3133
93 54 19 0 3133
93 59 8 0 3133
93 64 4 0 3133
93 71 7 0 3133
93 73 6 0 3133
93 74 21 0 3133
93 75 13 0 3133
93 78 25 0 3133
93 81 1 0 3133
93 82 1 0 3133
93 89 15 0 3133
93 89 16 0 3133
93 94 15 0 3133
93 99 4 0 3133
94 2 30 0 3133
94 4 23 0 3133
94 6 4 0 3133
94 16 8 0 3133
94 18 7 0 3133
94 20 14 0 3133
94 27 14 0 3133
94 27 28 0 3133
94 28 15 0 3133
94 39 2 0 3133
94 39 30 0 3133
94 45 8 0 3133
94 51 9 0 3133
94 56 14 0 3133
94 58 5 0 3133
94 63 10 0 3133
94 71 28 0 3133
94 78 0 0 3133
94 80 16 0 3133
94 81 1 0 3133
94 82 31 0 3133
94 85 8 0 3133
94 88 25 0 3133
94 89 1 0 3133
94 96 13 0 3133
94 98 5 0 3133
95 1 11 0 3133
95 3 3 0 3133
95 6 11 0 3133
95 6 16 0 3133
95 6 29 0 3133
95 11 26 0 3133
95 29 5 0 3133
95 31 17 0 3133
95 31 21 0 3133
95 34 4 0 3133
95 38 19 0 3133
95 46 12 0 3133
95 52 23 0 3133
95 53 4 0 3133
95 54 21 0 3133
95 60 9 0 3133
95 63 0 0 3133
95 68 6 0 3133
95 72 0 0 3133
95 75 11 0 3133
95 77 19 0 3133
95 83 10 0 3133
95 86 29 0 3133
95 89 5 0 3133
95 97 29 0 3133
95 100 23 0 3133
96 5 27 0 3133
96 17 21 0 3133
96 20 14 0 3133
96 22 30 0 3133
96 23 9 0 3133
96 23 24 0 3133
96 30 19 0 3133
96 32 28 0 3133
96 33 17 0 3133
96 35 4 0 3133
96 37 2 0 3133
96 39 11 0 3133
96 40 27 0 3133
96 41 11 0 3133
96 42 8 0 3133
96 45 24 0 3133
96 46 4 0 3133
96 47 30 0 3133
96 51 31 0 3133
96 62 4 0 3133
96 65 3 0 3133
96 67 26 0 3133
96 75 7 0 3133
96 83 9 0 3133
96 90 0 0 3133
96 92 3 0 3133
96 93 12 0 3133
96 94 19 0 3133
96 97 19 0 3133
96 97 25 0 3133
96 99 5 0 3133
97 2 15 0 3133
97 3 25 0 3133
97 4 19 0 3133
97 4 30 0 3133
97 7 1 0 3133
97 9 5 0 3133
97 9 9 0 3133
97 10 3 0 3133
97 11 11 0 3133
97 22 12 0 3133
97 25 14 0 3133
97 28 31 0 3133
97 29 23 0 3133
97 32 19 0 3133
97 37 20 0 3133
97 41 31 0 3133
97 47 6 0 3133
97 48 22 0 3133
97 51 4 0 3133
97 51 8 0 3133
97 56 23 0 3133
97 57 24 0 3133
97 58 18 0 3133
97 59 9 0 3133
97 61 18 0 3133
97 61 31 0 3133
97 62 21 0 3133
97 68 6 0 3133
97 73 4 0 3133
97 74 31 0 3133
97 84 10 0 3133
97 90 14 0 3133
97 100 9 0 3133
98 12 10 0 3133
98 14 19 0 3133
98 16 1 0 3133
98 16 23 0 3133
98 20 21 0 3133
98 21 22 0 3133
98 34 8 0 3133
98 39 14 0 3133
98 42 18 0 3133
98 46 24 0 3133
98 52 15 0 3133
98 58 17 0 3133
98 61 18 0 3133
98 68 9 0 3133
98 70 25 0 3133
98 72 7 0 3133
98 73 17 0 3133
98 76 19 0 3133
98 81 27 0 3133
98 82 15 0 3133
98 87 5 0 3133
98 87 12 0 3133
98 88 3 0 3133
98 99 26 0 3133
99 7 28 0 3133
99 10 5 0 3133
99 28 23 0 3133
99 30 9 0 3133
99 31 16 0 3133
99 35 5 0 3133
99 35 19 0 3133
99 36 12 0 3133
99 40 19 0 3133
99 47 21 0 3133
99 50 14 0 3133
99 51 9 0 3133
99 51 23 0 3133
99 72 15 0 3133
99 77 13 0 3133
99 77 26 0 3133
99 83 8 0 3133
99 90 10 0 3133
100 5 10 0 3133
100 12 2 0 3133
100 15 10 0 3133
100 18 17 0 3133
100 18 30 0 3133
100 21 25 0 3133
100 24 13 0 3133
100 26 14 0 3133
100 34 9 0 3133
100 35 12 0 3133
100 35 20 0 3133
100 38 6 0 3133
100 39 12 0 3133
100 44 18 0 3133
100 45 17 0 3133
100 47 31 0 3133
100 58 28 0 3133
100 62 19 0 3133
100 63 18 0 3133
100 65 10 0 3133
100 72 9 0 3133
100 76 16 0 3133
100 77 14 0 3133
100 84 31 0 3133
100 87 6 0 3133
100 89 0 0 3133
100 89 17 0 3133
100 96 23 0 3133
100 97 24 0 3133
100 100 21 0 3133
101 2 29 0 3133
101 9 12 0 3133
101 15 5 0 3133
101 17 8 0 3133
101 17 23 0 3133
101 23 15 0 3133
101 28 3 0 3133
101 32 10 0 3133
101 33 28 0 3133
101 34 17 0 3133
101 37 14 0 3133
101 37 25 0 3133
101 40 22 0 3133
101 50 13 0 3133
101 56 0 0 3133
101 57 14 0 3133
101 63 6 0 3133
101 68 17 0 3133
101 71 4 0 3133
101 86 28 0 3133
101 88 7 0 3133
101 88 30 0 3133
101 89 9 0 3133
101 90 20 0 3133
101 92 15 0 3133
101 94 16 0 3133
101 95 16 0 3133
101 95 17 0 3133
102 0 25 0 3133
102 2 6 0 3133
102 10 29 0 3133
102 12 3 0 3133
102 16 12 0 3133
102 16 14 0 3133
102 22 27 0 3133
102 24 10 0 3133
102 24 18 0 3133
102 26 30 0 3133
102 28 7 0 3133
102 39 28 0 3133
102 39 29 0 3133
102 48 1 0 3133
102 53 19 0 3133
102 56 23 0 3133
102 65 6 0 3133
102 67 6 0 3133
102 68 18 0 3133
102 69 30 0 3133
102 77 1 0 3133
102 78 16 0 3133
102 81 15 0 3133
102 87 21 0 3133
102 89 28 0 3133
102 94 11 0 3133
102 94 27 0 3133
102 98 25 0 3133
103 8 11 0 3133
103 8 23 0 3133
103 11 31 0 3133
103 14 8 0 3133
103 22 23 0 3133
103 29 18 0 3133
103 33 6 0 3133
103 34 2 0 3133
103 43 26 0 3133
103 49 17 0 3133
103 54 0 0 3133
103 61 19 0 3133
103 62 29 0 3133
103 64 2 0 3133
103 82 7 0 3133
103 83 17 0 3133
103 85 11 0 3133
103 87 26 0 3133
103 88 9 0 3133
103 89 19 0 3133
103 94 1 0 3133
103 98 27 0 3133
104 4 3 0 3133
104 6 6 0 3133
104 9 29 0 3133
104 16 19 0 3133
104 17 24 0 3133
104 22 10 0 3133
104 23 26 0 3133
104 24 10 0 3133
104 26 10 0 3133
104 31 6 0 3133
104 40 15 0 3133
104 41 16 0 3133
104 47 21 0 3133
104 52 3 0 3133
104 55 9 0 3133
104 55 31 0 3133
104 72 4 0 3133
104 78 30 0 3133
104 94 26 0 3133
104 95 9 0 3133
104 99 14 0 3133
105 4 5 0 3133
105 5 21 0 3133
105 8 24 0 3133
105 13 24 0 3133
105 14 25 0 3133
105 16 3 0 3133
105 23 31 0 3133
105 25 9 0 3133
105 29 31 0 3133
105 30 21 0 3133
105 32 2 0 3133
105 53 15 0 3133
105 58 15 0 3133
105 61 12 0 3133
105 61 27 0 3133
105 61 31 0 3133
105 62 18 0 3133
105 62 26 0 3133
105 65 19 0 3133
105 66 12 0 3133
105 66 21 0 3133
105 68 1 0 3133
105 71 15 0 3133
105 79 21 0 3133
105 82 23 0 3133
105 84 26 0 3133
105 89 19 0 3133
105 100 27 0 3133
106 11 11 0 3133
106 11 30 0 3133
106 12 23 0 3133
106 14 23 0 3133
106 15 2 0 3133
106 19 4 0 3133
106 19 27 0 3133
106 21 30 0 3133
106 24 20 0 3133
106 25 8 0 3133
106 28 30 0 3133
106 33 22 0 3133
106 34 17 0 3133
106 34 25 0 3133
106 38 18 0 3133
106 43 21 0 3133
106 47 16 0 3133
106 63 27 0 3133
106 65 28 0 3133
106 79 31 0 3133
106 80 24 0 3133
107 0 24 0 3133
107 3 0 0 3133
107 4 6 0 3133
107 6 19 0 3133
107 13 16 0 3133
107 13 19 0 3133
107 14 15 0 3133
107 19 10 0 3133
107 21 9 0 3133
107 26 23 0 3133
107 37 20 0 3133
107 43 25 0 3133
107 44 6 0 3133
107 45 10 0 3133
107 48 13 0 3133
107 53 2 0 3133
107 53 12 0 3133
107 65 21 0 3133
107 69 18 0 3133
107 75 20 0 3133
107 81 21 0 3133
107 81 29 0 3133
107 90 28 0 3133
107 93 3 0 3133
108 12 12 0 3133
108 12 27 0 3133
108 22 11 0 3133
108 22 24 0 3133
108 26 12 0 3133
108 26 26 0 3133
108 42 24 0 3133
108 46 9 0 3133
108 50 1 0 3133
108 56 4 0 3133
108 63 31 0 3133
108 69 31 0 3133
108 73 3 0 3133
108 79 14 0 3133
108 79 30 0 3133
108 82 3 0 3133
108 88 5 0 3133
108 92 14 0 3133
108 94 12 0 3133
108 100 2 0 3133
109 0 6 0 3133
109 4 13 0 3133
109 10 9 0 3133
109 18 18 0 3133
109 19 15 0 3133
109 26 22 0 3133
109 47 1 0 3133
109 54 20 0 3133
109 56 28 0 3133
109 61 2 0 3133
109 61 27 0 3133
109 68 1 0 3133
109 70 1 0 3133
109 71 18 0 3133
109 83 1 0 3133
109 84 12 0 3133
109 90 4 0 3133
109 93 8 0 3133
109 94 23 0 3133
109 95 9 0 3133
109 100 3 0 3133
110 10 22 0 3133
110 19 8 0 3133
110 20 31 0 3133
110 22 28 0 3133
110 29 12 0 3133
110 31 27 0 3133
110 34 25 0 3133
110 35 21 0 3133
110 36 24 0 3133
110 44 29 0 3133
110 45 27 0 3133
110 53 3 0 3133
110 54 20 0 3133
110 55 8 0 3133
110 57 13 0 3133
110 57 19 0 3133
110 65 3 0 3133
110 72 14 0 3133
110 80 25 0 3133
110 85 5 0 3133
110 86 14 0 3133
110 90 26 0 3133
110 96 7 0 3133
111 5 21 0 3133
111 8 8 0 3133
111 14 7 0 3133
111 14 16 0 3133
111 23 21 0 3133
111 32 1 0 3133
111 35 17 0 3133
111 36 0 0 3133
111 41 5 0 3133
111 45 22 0 3133
111 48 24 0 3133
111 49 15 0 3133
111 54 10 0 3133
111 55 25 0 3133
111 62 26 0 3133
111 72 12 0 3133
111 78 2 0 3133
111 86 25 0 3133
111 87 9 0 3133
111 90 16 0 3133
111 97 13 0 3133
111 99 5 0 3133
112 3 4 0 3133
112 5 17 0 3133
112 10 0 0 3133
112 12 1 0 3133
112 13 4 0 3133
112 17 17 0 3133
112 33 29 0 3133
112 40 12 0 3133
112 42 3 0 3133
112 47 17 0 3133
112 50 2 0 3133
112 58 16 0 3133
112 63 22 0 3133
112 63 25 0 3133
112 65 6 0 3133
112 73 14 0 3133
112 75 30 0 3133
112 77 27 0 3133
112 78 7 0 3133
112 79 8 0 3133
112 80 20 0 3133
112 83 21 0 3133
112 84 19 0 3133
112 85 27 0 3133
112 87 26 0 3133
112 89 19 0 3133
113 13 0 0 3133
113 27 29 0 3133
113 35 25 0 3133
113 46 14 0 3133
113 49 11 0 3133
113 50 1 0 3133
113 61 26 0 3133
113 62 28 0 3133
113 63 22 0 3133
113 65 22 0 3133
113 69 22 0 3133
113 75 21 0 3133
113 78 2 0 3133
113 83 14 0 3133
113 96 29 0 3133
113 97 15 0 3133
114 0 7 0 3133
114 7 17 0 3133
114 8 1 0 3133
114 8 26 0 3133
114 10 23 0 3133
114 15 23 0 3133
114 26 26 0 3133
114 33 26 0 3133
114 47 0 0 3133
114 51 13 0 3133
114 52 17 0 3133
114 53 19 0 3133
114 56 25 0 3133
114 70 22 0 3133
114 76 6 0 3133
114 77 18 0 3133
114 82 1 0 3133
114 84 25 0 3133
114 90 26 0 3133
114 93 23 0 3133
114 97 25 0 3133
114 98 26 0 3133
115 7 26 0 3133
115 8 20 0 3133
115 13 18 0 3133
115 14 19 0 3133
115 23 29 0 3133
115 25 18 0 3133
115 31 1 0 3133
115 35 1 0 3133
115 47 13 0 3133
115 49 26 0 3133
115 50 27 0 3133
115 51 15 0 3133
115 61 21 0 3133
115 70 15 0 3133
115 71 4 0 3133
115 74 1 0 3133
115 76 11 0 3133
115 93 26 0 3133
115 95 5 0 3133
115 95 9 0 3133
115 97 0 0 3133
115 99 24 0 3133
116 6 4 0 3133
116 7 31 0 3133
116 8 8 0 3133
116 20 20 0 3133
116 23 9 0 3133
116 28 18 0 3133
116 31 27 0 3133
116 36 7 0 3133
116 36 8 0 3133
116 38 7 0 3133
116 40 6 0 3133
116 44 3 0 3133
116 44 9 0 3133
116 49 27 0 3133
116 50 9 0 3133
116 53 0 0 3133
116 58 9 0 3133
116 68 30 0 3133
116 70 4 0 3133
116 73 14 0 3133
116 79 29 0 3133
116 83 13 0 3133
116 83 18 0 3133
116 90 7 0 3133
116 92 27 0 3133
116 95 29 0 3133
117 11 9 0 3133
117 13 1 0 3133
117 19 1 0 3133
117 25 3 0 3133
117 29 20 0 3133
117 34 21 0 3133
117 43 12 0 3133
117 47 27 0 3133
117 48 22 0 3133
117 55 9 0 3133
117 58 23 0 3133
117 58 28 0 3133
117 64 17 0 3133
117 72 17 0 3133
117 74 26 0 3133
117 76 21 0 3133
117 76 22 0 3133
117 91 1 0 3133
117 93 0 0 3133
117 96 17 0 3133
117 99 3 0 3133
117 99 26 0 3133
118 0 12 0 3133
118 0 13 0 3133
118 17 26 0 3133
118 18 1 0 3133
118 24 14 0 3133
118 24 17 0 3133
118 28 19 0 3133
118 32 13 0 3133
118 35 17 0 3133
118 46 19 0 3133
118 48 27 0 3133
118 65 4 0 3133
118 67 20 0 3133
118 75 0 0 3133
118 78 1 0 3133
118 78 9 0 3133
118 83 8 0 3133
118 84 5 0 3133
118 88 31 0 3133
118 93 20 0 3133
118 97 19 0 3133
118 98 26 0 3133
119 6 26 0 3133
119 7 7 0 3133
119 8 29 0 3133
119 11 4 0 3133
119 12 5 0 3133
119 12 7 0 3133
119 16 18 0 3133
119 23 7 0 3133
119 24 24 0 3133
119 32 14 0 3133
119 37 0 0 3133
119 42 17 0 3133
119 48 12 0 3133
119 56 29 0 3133
119 59 9 0 3133
119 70 5 0 3133
119 70 28 0 3133
119 71 23 0 3133
119 79 20 0 3133
119 87 28 0 3133
119 95 11 0 3133
120 3 20 0 3133
120 8 18 0 3133
120 11 17 0 3133
120 12 16 0 3133
120 25 5 0 3133
120 25 6 0 3133
120 26 28 0 3133
120 27 29 0 3133
120 28 5 0 3133
120 34 4 0 3133
120 35 17 0 3133
120 40 14 0 3133
120 56 14 0 3133
120 58 3 0 3133
120 66 23 0 3133
120 69 18 0 3133
120 74 27 0 3133
120 78 8 0 3133
120 81 0 0 3133
120 88 18 0 3133
120 89 12 0 3133
120 93 4 0 3133
120 95 27 0 3133
120 96 30 0 3133
121 1 4 0 3133
121 6 23 0 3133
121 11 5 0 3133
121 12 20 0 3133
121 37 12 0 3133
121 41 31 0 3133
121 44 25 0 3133
121 57 5 0 3133
121 61 30 0 3133
121 62 2 0 3133
121 64 22 0 3133
121 70 24 0 3133
121 72 0 0 3133
121 81 1 0 3133
121 84 7 0 3133
121 85 13 0 3133
121 94 2 0 3133
121 95 24 0 3133
122 5 10 0 3133
122 6 20 0 3133
122 8 9 0 3133
122 11 28 0 3133
122 16 31 0 3133
122 17 13 0 3133
122 18 24 0 3133
122 20 19 0 3133
122 31 10 0 3133
122 34 0 0 3133
122 37 5 0 3133
122 38 6 0 3133
122 48 0 0 3133
122 50 10 0 3133
122 53 18 0 3133
122 54 8 0 3133
122 54 29 0 3133
122 59 24 0 3133
122 68 17 0 3133
122 70 17 0 3133
122 71 4 0 3133
122 73 12 0 3133
122 74 3 0 3133
122 74 18 0 3133
122 76 22 0 3133
122 76 27 0 3133
122 77 2 0 3133
122 79 5 0 3133
122 81 29 0 3133
122 82 5 0 3133
122 91 11 0 3133
122 91 25 0 3133
122 93 17 0 3133
122 95 16 0 3133
123 6 4 0 3133
123 6 11 0 3133
123 8 6 0 3133
123 14 4 0 3133
123 15 0 0 3133
123 18 20 0 3133
123 20 23 0 3133
123 23 18 0 3133
123 36 22 0 3133
123 37 7 0 3133
123 41 24 0 3133
123 41 31 0 3133
123 42 2 0 3133
123 43 17 0 3133
123 48 4 0 3133
123 59 20 0 3133
123 61 22 0 3133
123 69 0 0 3133
123 75 19 0 3133
123 82 19 0 3133
123 83 30 0 3133
123 85 5 0 3133
123 87 2 0 3133
123 94 4 0 3133
123 98 30 0 3133
124 1 19 0 3133
124 5 3 0 3133
124 7 21 0 3133
124 20 25 0 3133
124 23 20 0 3133
124 26 16 0 3133
124 30 15 0 3133
124 33 1 0 3133
124 39 22 0 3133
124 43 20 0 3133
124 45 25 0 3133
124 49 2 0 3133
124 51 21 0 3133
124 55 1 0 3133
124 57 22 0 3133
124 58 9 0 3133
124 63 21 0 3133
124 66 2 0 3133
124 78 22 0 3133
124 79 25 0 3133
124 86 16 0 3133
124 86 19 0 3133
124 88 6 0 3133
124 90 7 0 3133
124 91 1 0 3133
124 91 3 0 3133
124 94 28 0 3133
124 95 20 0 3133
124 99 25 0 3133
125 0 15 0 3133
125 17 17 0 3133
125 19 25 0 3133
125 22 8 0 3133
125 22 31 0 3133
125 37 8 0 3133
125 48 10 0 3133
125 53 0 0 3133
125 64 0 0 3133
125 67 14 0 3133
125 72 4 0 3133
125 72 29 0 3133
125 83 8 0 3133
125 88 28 0 3133
125 89 0 0 3133
125 90 5 0 3133
125 96 22 0 3133
125 99 18 0 3133
125 100 4 0 3133
126 3 24 0 3133
126 12 16 0 3133
126 15 17 0 3133
126 19 1 0 3133
126 33 31 0 3133
126 39 9 0 3133
126 44 19 0 3133
126 47 0 0 3133
126 59 24 0 3133
126 72 21 0 3133
126 79 5 0 3133
126 80 26 0 3133
126 82 11 0 3133
126 82 17 0 3133
126 84 21 0 3133
126 86 25 0 3133
126 88 7 0 3133
126 93 2 0 3133
126 98 4 0 3133
126 98 9 0 3133
126 99 2 0 3133
127 1 9 0 3133
127 12 16 0 3133
127 13 30 0 3133
127 14 5 0 3133
127 19 29 0 3133
127 20 10 0 3133
127 35 5 0 3133
127 40 19 0 3133
127 48 14 0 3133
127 49 30 0 3133
127 51 20 0 3133
127 52 6 0 3133
127 54 23 0 3133
127 58 0 0 3133
127 65 9 0 3133
127 66 15 0 3133
127 73 13 0 3133
127 74 13 0 3133
127 95 1 0 3133
127 97 24 0 3133
127 98 20 0 3133
127 98 29 0 3133
127 100 18 0 3133
128 7 13 0 3133
128 14 8 0 3133
128 21 2 0 3133
128 37 27 0 3133
128 41 10 0 3133
128 43 4 0 3133
128 53 27 0 3133
128 54 14 0 3133
128 55 22 0 3133
128 56 8 0 3133
128 72 11 0 3133
128 89 20 0 3133
128 98 2 0 3133
129 0 2 0 3133
129 1 26 0 3133
129 18 19 0 3133
129 19 30 0 3133
129 23 26 0 3133
129 29 27 0 3133
129 35 27 0 3133
129 39 23 0 3133
129 47 21 0 3133
129 59 5 0 3133
129 61 3 0 3133
129 62 30 0 3133
129 66 2 0 3133
129 66 25 0 3133
129 68 5 0 3133
129 73 29 0 3133
129 80 8 0 3133
129 86 23 0 3133
129 89 1 0 3133
130 6 14 0 3133
130 8 12 0 3133
130 13 21 0 3133
130 18 20 0 3133
130 20 8 0 3133
130 21 6 0 3133
130 23 3 0 3133
130 23 18 0 3133
130 24 21 0 3133
130 33 10 0 3133
130 36 11 0 3133
130 37 26 0 3133
130 42 16 0 3133
130 42 27 0 3133
130 47 20 0 3133
130 49 10 0 3133
130 53 9 0 3133
130 56 25 0 3133
130 57 16 0 3133
130 61 5 0 3133
130 69 31 0 3133
130 72 2 0 3133
130 83 16 0 3133
130 84 18 0 3133
130 84 30 0 3133
130 88 8 0 3133
130 95 10 0 3133
130 98 15 0 3133
131 5 27 0 3133
131 9 12 0 3133
131 13 29 0 3133
131 19 25 0 3133
131 25 12 0 3133
131 27 22 0 3133
131 32 5 0 3133
131 36 5 0 3133
131 43 22 0 3133
131 45 24 0 3133
131 50 31 0 3133
131 53 6 0 3133
131 66 5 0 3133
131 81 3 0 3133
131 82 12 0 3133
131 90 0 0 3133
131 94 5 0 3133
131 95 0 0 3133
131 100 20 0 3133
132 1 23 0 3133
132 2 9 0 3133
132 5 4 0 3133
132 17 31 0 3133
132 18 15 0 3133
132 32 8 0 3133
132 36 28 0 3133
132 40 18 0 3133
132 42 30 0 3133
132 46 31 0 3133
132 47 11 0 3133
132 48 6 0 3133
132 48 13 0 3133
132 53 15 0 3133
132 54 25 0 3133
132 71 28 0 3133
132 71 31 0 3133
132 72 1 0 3133
132 74 13 0 3133
132 74 22 0 3133
132 77 17 0 3133
132 81 31 0 3133
132 83 7 0 3133
132 85 29 0 3133
132 100 9 0 3133
133 1 19 0 3133
133 4 11 0 3133
133 7 23 0 3133
133 8 11 0 3133
133 14 10 0 3133
133 15 0 0 3133
133 15 8 0 3133
133 16 25 0 3133
133 17 0 0 3133
133 18 8 0 3133
133 29 0 0 3133
133 30 26 0 3133
133 33 2 0 3133
133 34 21 0 3133
133 34 24 0 3133
133 42 1 0 3133
133 44 26 0 3133
133 45 4 0 3133
133 48 1 0 3133
133 49 20 0 3133
133 60 5 0 3133
133 65 11 0 3133
133 66 18 0 3133
133 71 18 0 3133
133 76 30 0 3133
133 79 10 0 3133
133 96 16 0 3133
133 97 9 0 3133
134 4 5 0 3133
134 4 16 0 3133
134 5 10 0 3133
134 6 27 0 3133
134 7 23 0 3133
134 8 9 0 3133
134 11 7 0 3133
134 14 15 0 3133
134 14 18 0 3133
134 14 24 0 3133
134 19 21 0 3133
134 20 7 0 3133
134 20 12 0 3133
134 30 27 0 3133
134 31 27 0 3133
134 56 13 0 3133
134 59 8 0 3133
134 68 24 0 3133
134 73 24 0 3133
134 80 15 0 3133
134 82 24 0 3133
134 83 26 0 3133
134 84 9 0 3133
134 85 16 0 3133
134 91 29 0 3133
134 95 28 0 3133
134 98 9 0 3133
135 0 22 0 3133
135 0 26 0 3133
135 2 14 0 3133
135 14 13 0 3133
135 17 0 0 3133
135 19 11 0 3133
135 20 9 0 3133
135 20 24 0 3133
135 23 26 0 3133
135 37 18 0 3133
135 42 26 0 3133
135 51 17 0 3133
135 60 26 0 3133
135 75 12 0 3133
135 77 9 0 3133
135 78 4 0 3133
135 80 16 0 3133
135 81 9 0 3133
135 86 6 0 3133
135 86 8 0 3133
135 90 12 0 3133
135 91 22 0 3133
135 95 2 0 3133
135 99 26 0 3133
136 1 30 0 3133
136 2 11 0 3133
136 5 21 0 3133
136 9 24 0 3133
136 10 28 0 3133
136 15 20 0 3133
136 20 27 0 3133
136 35 20 0 3133
136 36 6 0 3133
136 46 21 0 3133
136 63 16 0 3133
136 64 23 0 3133
136 79 4 0 3133
136 84 2 0 3133
136 86 3 0 3133
136 87 8 0 3133
136 97 20 0 3133
137 5 18 0 3133
137 6 15 0 3133
137 13 12 0 3133
137 17 11 0 3133
137 17 19 0 3133
137 18 16 0 3133
137 21 29 0 3133
137 32 1 0 3133
137 34 2 0 3133
137 42 18 0 3133
137 60 12 0 3133
137 64 20 0 3133
137 68 9 0 3133
137 71 21 0 3133
137 75 30 0 3133
137 78 28 0 3133
137 81 7 0 3133
137 82 14 0 3133
137 91 13 0 3133
137 97 0 0 3133
138 4 31 0 3133
138 6 25 0 3133
138 14 12 0 3133
138 17 10 0 3133
138 20 25 0 3133
138 42 28 0 3133
138 45 5 0 3133
138 45 17 0 3133
138 47 28 0 3133
138 49 10 0 3133
138 61 12 0 3133
138 68 25 0 3133
138 71 15 0 3133
138 72 28 0 3133
138 81 0 0 3133
138 81 21 0 3133
138 84 23 0 3133
138 86 18 0 3133
138 87 13 0 3133
138 87 26 0 3133
138 89 23 0 3133
138 94 23 0 3133
139 1 11 0 3133
139 15 24 0 3133
139 17 26 0 3133
139 19 30 0 3133
139 24 23 0 3133
139 37 10 0 3133
139 39 9 0 3133
139 47 2 0 3133
139 54 13 0 3133
139 65 20 0 3133
139 68 20 0 3133
139 73 30 0 3133
139 74 3 0 3133
139 76 3 0 3133
139 77 11 0 3133
139 77 19 0 3133
139 78 30 0 3133
139 87 2 0 3133
139 87 16 0 3133
139 91 24 0 3133
139 93 15 0 3133
139 98 31 0 3133
140 3 16 0 3133
140 5 13 0 3133
140 18 21 0 3133
140 31 2 0 3133
140 35 28 0 3133
140 40 11 0 3133
140 44 3 0 3133
140 44 31 0 3133
140 46 5 0 3133
140 47 12 0 3133
140 51 4 0 3133
140 53 11 0 3133
140 62 17 0 3133
140 72 12 0 3133
140 74 13 0 3133
140 76 15 0 3133
140 77 10 0 3133
140 80 8 0 3133
140 84 9 0 3133
140 84 27 0 3133
140 86 22 0 3133
140 90 5 0 3133
140 97 3 0 3133
140 99 29 0 3133
141 2 16 0 3133
141 4 21 0 3133
141 8 10 0 3133
141 9 11 0 3133
141 18 29 0 3133
141 21 16 0 3133
141 28 30 0 3133
141 32 14 0 3133
141 33 26 0 3133
141 36 17 0 3133
141 39 19 0 3133
141 41 29 0 3133
141 42 24 0 3133
141 43 5 0 3133
141 45 7 0 3133
141 47 10 0 3133
141 53 15 0 3133
141 53 23 0 3133
141 55 7 0 3133
141 65 13 0 3133
141 70 31 0 3133
141 71 15 0 3133
141 72 14 0 3133
141 94 19 0 3133
142 4 10 0 3133
142 5 25 0 3133
142 6 12 0 3133
142 12 30 0 3133
142 21 8 0 3133
142 22 6 0 3133
142 24 24 0 3133
142 33 13 0 3133
142 35 7 0 3133
142 36 2 0 3133
142 39 28 0 3133
142 46 31 0 3133
142 49 13 0 3133
142 49 23 0 3133
142 55 14 0 3133
142 59 14 0 3133
142 61 8 0 3133
142 62 25 0 3133
142 63 10 0 3133
142 82 2 0 3133
142 82 22 0 3133
142 87 11 0 3133
142 89 7 0 3133
142 93 26 0 3133
143 1 23 0 3133
143 3 28 0 3133
143 10 5 0 3133
143 11 24 0 3133
143 11 31 0 3133
143 19 26 0 3133
143 29 26 0 3133
143 32 10 0 3133
143 37 9 0 3133
143 45 21 0 3133
143 46 26 0 3133
143 62 28 0 3133
143 67 11 0 3133
143 75 21 0 3133
143 77 7 0 3133
143 81 10 0 3133
143 91 20 0 3133
143 92 3 0 3133
143 95 28 0 3133
144 4 14 0 3133
144 5 15 0 3133
144 9 17 0 3133
144 15 11 0 3133
144 17 23 0 3133
144 19 8 0 3133
144 23 25 0 3133
144 24 3 0 3133
144 29 22 0 3133
144 29 24 0 3133
144 32 15 0 3133
144 37 1 0 3133
144 39 8 0 3133
144 40 4 0 3133
144 48 10 0 3133
144 51 2 0 3133
144 51 31 0 3133
144 56 2 0 3133
144 77 21 0 3133
144 78 8 0 3133
144 83 13 0 3133
144 87 30 0 3133
144 100 23 0 3133
145 2 13 0 3133
145 44 19 0 3133
145 52 7 0 3133
145 57 11 0 3133
145 61 8 0 3133
145 62 1 0 3133
145 64 5 0 3133
145 68 20 0 3133
145 71 9 0 3133
145 71 17 0 3133
145 74 24 0 3133
145 74 28 0 3133
145 76 13 0 3133
145 76 28 0 3133
145 78 30 0 3133
145 99 5 0 3133
146 1 30 0 3133
146 5 1 0 3133
146 6 11 0 3133
146 22 27 0 3133
146 30 19 0 3133
146 33 26 0 3133
146 40 1 0 3133
146 53 18 0 3133
146 56 19 0 3133
146 57 17 0 3133
146 59 11 0 3133
146 62 22 0 3133
146 65 12 0 3133
146 86 19 0 3133
146 95 7 0 3133
146 97 26 0 3133
147 1 29 0 3133
147 6 30 0 3133
147 16 30 0 3133
147 18 18 0 3133
147 22 23 0 3133
147 24 6 0 3133
147 25 13 0 3133
147 27 14 0 3133
147 51 16 0 3133
147 59 30 0 3133
147 64 13 0 3133
147 71 7 0 3133
147 74 27 0 3133
147 77 15 0 3133
147 79 7 0 3133
147 80 3 0 3133
147 90 12 0 3133
147 90 16 0 3133
147 99 19 0 3133
148 2 24 0 3133
148 2 31 0 3133
148 3 27 0 3133
148 12 29 0 3133
148 14 6 0 3133
148 15 30 0 3133
148 17 24 0 3133
148 22 2 0 3133
148 22 11 0 3133
148 23 26 0 3133
148 26 7 0 3133
148 33 10 0 3133
148 36 29 0 3133
148 42 27 0 3133
148 44 6 0 3133
148 51 1 0 3133
148 53 20 0 3133
148 53 22 0 3133
148 58 8 0 3133
148 61 15 0 3133
148 64 0 0 3133
148 65 5 0 3133
148 66 3 0 3133
148 66 30 0 3133
148 67 5 0 3133
148 67 24 0 3133
148 72 24 0 3133
148 79 2 0 3133
148 82 18 0 3133
148 89 0 0 3133
148 92 27 0 3133
148 94 19 0 3133
149 5 20 0 3133
149 10 9 0 3133
149 16 19 0 3133
149 20 12 0 3133
149 41 5 0 3133
149 41 16 0 3133
149 47 7 0 3133
149 50 16 0 3133
149 53 23 0 3133
149 58 13 0 3133
149 59 6 0 3133
149 65 4 0 3133
149 69 17 0 3133
149 79 30 0 3133
149 82 19 0 3133
149 82 25 0 3133
149 89 28 0 3133
150 4 17 0 3133
150 8 23 0 3133
150 10 28 0 3133
150 21 16 0 3133
150 21 18 0 3133
150 27 7 0 3133
150 32 19 0 3133
150 33 1 0 3133
150 37 9 0 3133
150 51 31 0 3133
150 52 22 0 3133
150 55 18 0 3133
150 58 12 0 3133
150 58 24 0 3133
150 60 0 0 3133
150 63 29 0 3133
150 65 17 0 3133
150 78 20 0 3133
150 79 28 0 3133
150 84 28 0 3133
150 87 15 0 3133
150 87 21 0 3133
150 95 2 0 3133
150 95 11 0 3133
150 98 18 0 3133
151 2 30 0 3133
151 6 1 0 3133
151 11 31 0 3133
151 14 30 0 3133
151 18 9 0 3133
151 19 15 0 3133
151 25 18 0 3133
151 25 22 0 3133
151 37 13 0 3133
151 39 26 0 3133
151 42 28 0 3133
151 57 25 0 3133
151 57 29 0 3133
151 58 24 0 3133
151 61 13 0 3133
151 64 24 0 3133
151 65 29 0 3133
151 71 21 0 3133
151 80 4 0 3133
151 81 4 0 3133
151 83 25 0 3133
151 90 16 0 3133
151 91 15 0 3133
151 98 6 0 3133
151 99 25 0 3133
152 7 12 0 3133
152 12 10 0 3133
152 17 6 0 3133
152 19 5 0 3133
152 27 24 0 3133
152 29 13 0 3133
152 33 19 0 3133
152 38 29 0 3133
152 39 1 0 3133
152 43 13 0 3133
152 49 1 0 3133
152 79 16 0 3133
152 83 14 0 3133
152 92 1 0 3133
153 8 23 0 3133
153 11 31 0 3133
153 12 19 0 3133
153 13 1 0 3133
153 14 29 0 3133
153 20 22 0 3133
153 25 0 0 3133
153 31 21 0 3133
153 39 9 0 3133
153 48 25 0 3133
153 55 7 0 3133
153 55 16 0 3133
153 66 6 0 3133
153 66 13 0 3133
153 66 21 0 3133
153 69 19 0 3133
153 71 23 0 3133
153 73 25 0 3133
153 82 24 0 3133
153 85 3 0 3133
153 94 15 0 3133
153 98 29 0 3133
153 100 3 0 3133
153 100 4 0 3133
153 100 15 0 3133
154 8 15 0 3133
154 28 6 0 3133
154 33 12 0 3133
154 35 9 0 3133
154 37 30 0 3133
154 42 3 0 3133
154 53 12 0 3133
154 53 22 0 3133
154 57 16 0 3133
154 61 2 0 3133
154 68 0 0 3133
154 77 16 0 3133
154 88 25 0 3133
154 91 27 0 3133
154 98 16 0 3133
154 99 27 0 3133
155 3 25 0 3133
155 28 28 0 3133
155 31 29 0 3133
155 36 14 0 3133
155 42 0 0 3133
155 51 27 0 3133
155 52 22 0 3133
155 66 7 0 3133
155 66 21 0 3133
155 71 8 0 3133
155 73 4 0 3133
155 73 20 0 3133
155 74 21 0 3133
155 84 15 0 3133
155 86 24 0 3133
155 87 8 0 3133
155 89 11 0 3133
155 96 13 0 3133
156 4 26 0 3133
156 5 23 0 3133
156 10 31 0 3133
156 19 8 0 3133
156 23 16 0 3133
156 26 26 0 3133
156 39 0 0 3133
156 51 30 0 3133
156 57 1 0 3133
156 58 18 0 3133
156 61 19 0 3133
156 70 14 0 3133
156 74 14 0 3133
156 76 1 0 3133
156 81 30 0 3133
156 88 8 0 3133
156 89 6 0 3133
156 94 24 0 3133
157 11 2 0 3133
157 26 26 0 3133
157 28 14 0 3133
157 31 8 0 3133
157 31 17 0 3133
157 32 20 0 3133
157 45 6 0 3133
157 45 29 0 3133
157 51 14 0 3133
157 60 12 0 3133
157 62 30 0 3133
157 64 24 0 3133
157 67 26 0 3133
157 69 12 0 3133
157 69 15 0 3133
157 73 27 0 3133
157 78 9 0 3133
157 79 22 0 3133
157 88 8 0 3133
157 88 12 0 3133
158 2 6 0 3133
158 3 25 0 3133
158 5 10 0 3133
158 5 28 0 3133
158 9 31 0 3133
158 11 30 0 3133
158 14 13 0 3133
158 18 3 0 3133
158 18 15 0 3133
158 31 0 0 3133
158 31 10 0 3133
158 39 22 0 3133
158 45 9 0 3133
158 46 26 0 3133
158 48 9 0 3133
158 51 23 0 3133
158 59 26 0 3133
158 61 26 0 3133
158 64 9 0 3133
158 70 13 0 3133
158 83 7 0 3133
158 87 9 0 3133
158 88 25 0 3133
158 99 6 0 3133
159 4 22 0 3133
159 9 8 0 3133
159 11 21 0 3133
159 13 7 0 3133
159 14 28 0 3133
159 24 0 0 3133
159 31 23 0 3133
159 37 11 0 3133
159 39 16 0 3133
159 41 24 0 3133
159 61 11 0 3133
159 68 26 0 3133
159 80 9 0 3133
159 81 7 0 3133
159 84 13 0 3133
159 89 11 0 3133
159 99 7 0 3133
160 10 30 0 3133
160 15 10 0 3133
160 16 0 0 3133
160 16 2 0 3133
160 25 5 0 3133
160 26 20 0 3133
160 30 2 0 3133
160 50 10 0 3133
160 50 29 0 3133
160 77 14 0 3133
160 80 11 0 3133
160 82 5 0 3133
160 90 11 0 3133
160 94 11 0 3133
160 96 0 0 3133
160 100 7 0 3133
160 100 27 0 3133
161 4 30 0 3133
161 10 17 0 3133
161 15 14 0 3133
161 21 15 0 3133
161 30 22 0 3133
161 36 3 0 3133
161 36 15 0 3133
161 41 18 0 3133
161 47 0 0 3133
161 57 27 0 3133
161 60 26 0 3133
161 69 14 0 3133
161 78 6 0 3133
161 78 29 0 3133
161 79 18 0 3133
161 84 16 0 3133
161 84 27 0 3133
161 88 11 0 3133
161 95 0 0 3133
162 6 22 0 3133
162 9 2 0 3133
162 21 20 0 3133
162 27 25 0 3133
162 37 30 0 3133
162 41 6 0 3133
162 49 0 0 3133
162 50 29 0 3133
162 53 17 0 3133
162 57 27 0 3133
162 67 18 0 3133
162 69 27 0 3133
162 70 21 0 3133
162 80 8 0 3133
162 86 6 0 3133
162 100 20 0 3133
163 0 10 0 3133
163 2 9 0 3133
163 2 26 0 3133
163 5 7 0 3133
163 12 30 0 3133
163 17 2 0 3133
163 20 22 0 3133
163 20 23 0 3133
163 24 27 0 3133
163 28 11 0 3133
163 30 19 0 3133
163 31 26 0 3133
163 35 28 0 3133
163 44 8 0 3133
163 45 19 0 3133
163 52 13 0 3133
163 53 5 0 3133
163 56 1 0 3133
163 61 17 0 3133
163 62 24 0 3133
163 66 30 0 3133
163 76 20 0 3133
163 79 27 0 3133
163 92 8 0 3133
163 92 23 0 3133
163 98 14 0 3133
164 2 19 0 3133
164 7 10 0 3133
164 7 19 0 3133
164 9 14 0 3133
164 13 13 0 3133
164 21 6 0 3133
164 29 5 0 3133
164 31 31 0 3133
164 32 6 0 3133
164 35 7 0 3133
164 45 18 0 3133
164 54 20 0 3133
164 59 10 0 3133
164 78 13 0 3133
164 83 6 0 3133
164 84 23 0 3133
164 93 15 0 3133
164 96 31 0 3133
164 99 11 0 3133
164 100 21 0 3133
165 18 6 0 3133
165 22 10 0 3133
165 33 13 0 3133
165 37 18 0 3133
165 41 13 0 3133
165 44 19 0 3133
165 46 24 0 3133
165 57 18 0 3133
165 61 26 0 3133
165 66 27 0 3133
165 69 24 0 3133
165 73 3 0 3133
165 73 9 0 3133
165 81 6 0 3133
165 83 16 0 3133
165 85 0 0 3133
165 91 10 0 3133
165 100 21 0 3133
166 9 10 0 3133
166 19 7 0 3133
166 20 4 0 3133
166 20 9 0 3133
166 22 29 0 3133
166 27 19 0 3133
166 33 5 0 3133
166 37 28 0 3133
166 48 10 0 3133
166 48 20 0 3133
166 52 7 0 3133
166 53 25 0 3133
166 54 26 0 3133
166 57 6 0 3133
166 58 2 0 3133
166 66 11 0 3133
166 66 19 0 3133
166 71 30 0 3133
166 80 10 0 3133
166 80 18 0 3133
166 82 28 0 3133
166 87 10 0 3133
166 97 14 0 3133
166 98 1 0 3133
167 3 15 0 3133
167 7 12 0 3133
167 14 20 0 3133
167 16 6 0 3133
167 16 16 0 3133
167 22 2 0 3133
167 27 27 0 3133
167 29 22 0 3133
167 32 18 0 3133
167 41 9 0 3133
167 46 30 0 3133
167 48 4 0 3133
167 59 15 0 3133
167 65 0 0 3133
167 68 6 0 3133
167 79 21 0 3133
167 88 7 0 3133
167 91 6 0 3133
167 92 25 0 3133
167 93 2 0 3133
167 100 20 0 3133
168 0 4 0 3133
168 2 29 0 3133
168 7 27 0 3133
168 10 23 0 3133
168 13 8 0 3133
168 14 10 0 3133
168 17 16 0 3133
168 18 13 0 3133
168 19 29 0 3133
168 25 5 0 3133
168 49 28 0 3133
168 50 5 0 3133
168 51 13 0 3133
168 53 9 0 3133
168 53 24 0 3133
168 54 9 0 3133
168 64 17 0 3133
168 72 14 0 3133
168 76 27 0 3133
168 81 26 0 3133
168 82 6 0 3133
168 93 8 0 3133
168 98 19 0 3133
169 0 25 0 3133
169 4 12 0 3133
169 6 13 0 3133
169 10 31 0 3133
169 13 31 0 3133
169 15 20 0 3133
169 19 10 0 3133
169 20 8 0 3133
169 22 15 0 3133
169 30 24 0 3133
169 41 7 0 3133
169 43 22 0 3133
169 44 12 0 3133
169 63 9 0 3133
169 70 11 0 3133
169 71 5 0 3133
169 84 23 0 3133
169 91 21 0 3133
170 3 1 0 3133
170 4 31 0 3133
170 5 2 0 3133
170 6 2 0 3133
170 6 9 0 3133
170 10 18 0 3133
170 13 3 0 3133
170 13 5 0 3133
170 13 17 0 3133
170 16 15 0 3133
170 19 14 0 3133
170 27 12 0 3133
170 28 3 0 3133
170 28 16 0 3133
170 29 8 0 3133
170 30 22 0 3133
170 42 20 0 3133
170 43 2 0 3133
170 54 10 0 3133
170 68 10 0 3133
170 70 28 0 3133
170 74 2 0 3133
170 76 22 0 3133
170 77 11 0 3133
170 80 5 0 3133
170 84 29 0 3133
171 3 24 0 3133
171 6 20 0 3133
171 9 5 0 3133
171 9 13 0 3133
171 10 17 0 3133
171 15 14 0 3133
171 16 5 0 3133
171 19 20 0 3133
171 21 24 0 3133
171 22 14 0 3133
171 23 29 0 3133
171 27 29 0 3133
171 30 7 0 3133
171 35 27 0 3133
171 42 26 0 3133
171 61 6 0 3133
171 61 26 0 3133
171 72 1 0 3133
171 79 2 0 3133
171 86 12 0 3133
171 89 27 0 3133
171 91 16 0 3133
171 92 0 0 3133
171 93 11 0 3133
171 96 4 0 3133
171 100 8 0 3133
172 3 14 0 3133
172 4 13 0 3133
172 6 11 0 3133
172 6 28 0 3133
172 9 27 0 3133
172 14 4 0 3133
172 14 10 0 3133
172 26 2 0 3133
172 30 10 0 3133
172 35 25 0 3133
172 37 19 0 3133
172 37 29 0 3133
172 41 0 0 3133
172 50 28 0 3133
172 55 5 0 3133
172 66 1 0 3133
172 86 6 0 3133
172 89 29 0 3133
172 99 19 0 3133
172 100 18 0 3133
172 100 19 0 3133
173 2 12 0 3133
173 3 9 0 3133
173 5 7 0 3133
173 7 16 0 3133
173 12 15 0 3133
173 14 2 0 3133
173 16 4 0 3133
173 23 29 0 3133
173 26 22 0 3133
173 27 31 0 3133
173 33 31 0 3133
173 39 5 0 3133
173 47 11 0 3133
173 53 6 0 3133
173 62 11 0 3133
173 65 11 0 3133
173 66 20 0 3133
173 67 7 0 3133
173 68 16 0 3133
173 68 23 0 3133
173 70 29 0 3133
173 75 17 0 3133
173 78 3 0 3133
173 78 16 0 3133
173 79 30 0 3133
173 80 2 0 3133
173 81 13 0 3133
173 87 22 0 3133
173 89 20 0 3133
174 1 10 0 3133
174 3 23 0 3133
174 5 22 0 3133
174 9 29 0 3133
174 12 19 0 3133
174 13 7 0 3133
174 20 15 0 3133
174 21 8 0 3133
174 23 22 0 3133
174 24 19 0 3133
174 50 6 0 3133
174 52 5 0 3133
174 55 7 0 3133
174 56 18 0 3133
174 58 6 0 3133
174 58 29 0 3133
174 65 11 0 3133
174 66 12 0 3133
174 66 14 0 3133
174 69 16 0 3133
174 70 13 0 3133
174 72 14 0 3133
174 76 1 0 3133
174 77 30 0 3133
174 81 5 0 3133
174 83 20 0 3133
174 95 16 0 3133
174 100 3 0 3133
175 6 4 0 3133
175 10 5 0 3133
175 14 24 0 3133
175 17 28 0 3133
175 19 16 0 3133
175 21 31 0 3133
175 23 12 0 3133
175 25 13 0 3133
175 26 2 0 3133
175 27 18 0 3133
175 28 5 0 3133
175 32 20 0 3133
175 44 9 0 3133
175 54 11 0 3133
175 57 23 0 3133
175 58 25 0 3133
175 62 23 0 3133
175 63 4 0 3133
175 64 28 0 3133
175 67 0 0 3133
175 70 0 0 3133
175 77 31 0 3133
175 80 26 0 3133
175 83 8 0 3133
175 84 11 0 3133
175 87 22 0 3133
175 94 18 0 3133
176 15 9 0 3133
176 20 28 0 3133
176 21 29 0 3133
176 29 9 0 3133
176 33 8 0 3133
176 38 3 0 3133
176 45 28 0 3133
176 46 18 0 3133
176 50 12 0 3133
176 53 25 0 3133
176 56 30 0 3133
176 73 21 0 3133
176 77 7 0 3133
176 79 26 0 3133
176 80 21 0 3133
176 86 11 0 3133
176 88 24 0 3133
176 89 29 0 3133
176 94 18 0 3133
176 99 6 0 3133
177 8 0 0 3133
177 12 6 0 3133
177 13 27 0 3133
177 21 14 0 3133
177 22 17 0 3133
177 30 10 0 3133
177 35 12 0 3133
177 47 12 0 3133
177 49 28 0 3133
177 50 28 0 3133
177 67 3 0 3133
177 70 9 0 3133
177 70 31 0 3133
177 71 9 0 3133
177 72 3 0 3133
177 72 21 0 3133
177 80 31 0 3133
177 82 27 0 3133
177 88 10 0 3133
177 90 18 0 3133
177 90 25 0 3133
177 96 5 0 3133
178 3 12 0 3133
178 4 17 0 3133
178 15 12 0 3133
178 28 12 0 3133
178 32 24 0 3133
178 38 9 0 3133
178 50 28 0 3133
178 62 26 0 3133
178 63 12 0 3133
178 63 15 0 3133
178 69 29 0 3133
178 71 4 0 3133
178 95 23 0 3133
178 97 3 0 3133
178 98 14 0 3133
179 3 25 0 3133
179 6 5 0 3133
179 7 14 0 3133
179 10 16 0 3133
179 11 13 0 3133
179 12 10 0 3133
179 14 25 0 3133
179 15 28 0 3133
179 16 5 0 3133
179 22 19 0 3133
179 23 16 0 3133
179 31 1 0 3133
179 41 26 0 3133
179 47 13 0 3133
179 49 2 0 3133
179 50 8 0 3133
179 58 28 0 3133
179 63 3 0 3133
179 63 4 0 3133
179 64 21 0 3133
179 70 11 0 3133
179 71 26 0 3133
179 71 30 0 3133
179 73 10 0 3133
179 77 27 0 3133
179 78 2 0 3133
179 80 9 0 3133
179 85 25 0 3133
179 92 2 0 3133
179 100 4 0 3133
180 0 29 0 3133
180 5 0 0 3133
180 16 9 0 3133
180 17 18 0 3133
180 20 8 0 3133
180 28 20 0 3133
180 34 10 0 3133
180 37 22 0 3133
180 40 2 0 3133
180 50 3 0 3133
180 51 10 0 3133
180 54 19 0 3133
180 56 21 0 3133
180 56 29 0 3133
180 58 30 0 3133
180 61 14 0 3133
180 62 17 0 3133
180 69 6 0 3133
180 74 11 0 3133
180 76 11 0 3133
180 76 13 0 3133
180 78 30 0 3133
180 94 15 0 3133
180 94 22 0 3133
180 98 15 0 3133
180 99 14 0 3133
181 2 26 0 3133
181 3 26 0 3133
181 7 20 0 3133
181 18 3 0 3133
181 18 13 0 3133
181 33 17 0 3133
181 35 2 0 3133
181 36 13 0 3133
181 37 21 0 3133
181 42 14 0 3133
181 47 21 0 3133
181 54 14 0 3133
181 60 21 0 3133
181 61 5 0 3133
181 61 22 0 3133
181 62 16 0 3133
181 67 4 0 3133
181 72 11 0 3133
181 72 25 0 3133
181 73 21 0 3133
181 73 31 0 3133
181 78 2 0 3133
181 78 17 0 3133
181 94 24 0 3133
181 95 7 0 3133
181 99 4 0 3133
181 100 16 0 3133
182 1 22 0 3133
182 4 31 0 3133
182 12 14 0 3133
182 12 24 0 3133
182 13 0 0 3133
182 14 4 0 3133
182 14 30 0 3133
182 22 29 0 3133
182 23 24 0 3133
182 36 31 0 3133
182 37 16 0 3133
182 40 6 0 3133
182 40 21 0 3133
182 41 19 0 3133
182 48 23 0 3133
182 55 28 0 3133
182 58 12 0 3133
182 58 27 0 3133
182 65 26 0 3133
182 73 10 0 3133
182 74 3 0 3133
182 74 22 0 3133
182 76 25 0 3133
182 83 9 0 3133
182 84 8 0 3133
182 88 1 0 3133
183 0 12 0 3133
183 2 7 0 3133
183 4 29 0 3133
183 5 21 0 3133
183 8 30 0 3133
183 10 13 0 3133
183 12 19 0 3133
183 17 20 0 3133
183 19 4 0 3133
183 28 1 0 3133
183 34 10 0 3133
183 37 13 0 3133
183 42 3 0 3133
183 43 17 0 3133
183 43 20 0 3133
183 43 30 0 3133
183 43 31 0 3133
183 45 8 0 3133
183 51 3 0 3133
183 60 7 0 3133
183 63 14 0 3133
183 75 27 0 3133
183 76 10 0 3133
183 76 16 0 3133
183 79 5 0 3133
183 81 2 0 3133
183 83 5 0 3133
183 86 30 0 3133
183 94 27 0 3133
183 95 19 0 3133
183 96 22 0 3133
183 96 28 0 3133
183 97 23 0 3133
184 1 24 0 3133
184 7 11 0 3133
184 13 9 0 3133
184 15 26 0 3133
184 18 17 0 3133
184 21 1 0 3133
184 29 27 0 3133
184 34 18 0 3133
184 36 18 0 3133
184 43 15 0 3133
184 44 5 0 3133
184 56 29 0 3133
184 59 7 0 3133
184 60 1 0 3133
184 61 24 0 3133
184 64 25 0 3133
184 65 12 0 3133
184 69 18 0 3133
184 69 20 0 3133
184 69 24 0 3133
184 75 2 0 3133
184 77 25 0 3133
184 82 16 0 3133
184 85 23 0 3133
184 86 1 0 3133
184 86 31 0 3133
184 87 11 0 3133
184 98 16 0 3133
185 3 30 0 3133
185 6 21 0 3133
185 7 4 0 3133
185 14 26 0 3133
185 17 20 0 3133
185 20 6 0 3133
185 21 0 0 3133
185 27 6 0 3133
185 27 28 0 3133
185 38 14 0 3133
185 56 1 0 3133
185 60 14 0 3133
185 78 20 0 3133
185 80 6 0 3133
185 83 12 0 3133
185 83 30 0 3133
185 84 26 0 3133
185 86 29 0 3133
185 90 28 0 3133
185 99 3 0 3133
186 2 0 0 3133
186 3 13 0 3133
186 9 17 0 3133
186 15 22 0 3133
186 15 31 0 3133
186 19 23 0 3133
186 21 20 0 3133
186 24 12 0 3133
186 26 8 0 3133
186 37 29 0 3133
186 43 11 0 3133
186 48 12 0 3133
186 50 22 0 3133
186 54 7 0 3133
186 67 9 0 3133
186 85 13 0 3133
186 90 18 0 3133
186 91 28 0 3133
186 98 26 0 3133
186 100 0 0 3133
186 100 19 0 3133
187 0 8 0 3133
187 0 16 0 3133
187 8 1 0 3133
187 8 29 0 3133
187 10 26 0 3133
187 14 18 0 3133
187 20 23 0 3133
187 30 20 0 3133
187 30 31 0 3133
187 32 27 0 3133
187 35 31 0 3133
187 38 4 0 3133
187 51 6 0 3133
187 55 17 0 3133
187 62 6 0 3133
187 65 22 0 3133
187 71 21 0 3133
187 81 20 0 3133
187 83 12 0 3133
187 88 6 0 3133
187 91 11 0 3133
187 92 16 0 3133
187 93 9 0 3133
187 99 31 0 3133
187 100 12 0 3133
188 8 0 0 3133
188 12 19 0 3133
188 48 2 0 3133
188 49 25 0 3133
188 55 30 0 3133
188 73 0 0 3133
188 73 6 0 3133
188 77 8 0 3133
188 80 28 0 3133
188 81 1 0 3133
188 85 15 0 3133
188 88 19 0 3133
188 90 11 0 3133
188 92 1 0 3133
188 96 17 0 3133
189 4 23 0 3133
189 17 0 0 3133
189 19 17 0 3133
189 22 6 0 3133
189 23 30 0 3133
189 26 20 0 3133
189 35 22 0 3133
189 38 5 0 3133
189 38 22 0 3133
189 47 20 0 3133
189 49 6 0 3133
189 57 7 0 3133
189 57 22 0 3133
189 62 13 0 3133
189 77 20 0 3133
189 84 5 0 3133
189 86 15 0 3133
189 87 25 0 3133
189 95 17 0 3133
189 97 19 0 3133
190 0 23 0 3133
190 11 1 0 3133
190 13 15 0 3133
190 13 30 0 3133
190 19 22 0 3133
190 24 4 0 3133
190 32 4 0 3133
190 32 21 0 3133
190 34 0 0 3133
190 39 4 0 3133
190 44 11 0 3133
190 45 29 0 3133
190 47 10 0 3133
190 47 25 0 3133
190 49 9 0 3133
190 55 10 0 3133
190 56 14 0 3133
190 58 6 0 3133
190 58 15 0 3133
190 64 9 0 3133
190 64 24 0 3133
190 65 12 0 3133
190 69 8 0 3133
190 73 10 0 3133
190 75 5 0 3133
190 75 10 0 3133
190 82 2 0 3133
190 86 28 0 3133
190 87 0 0 3133
190 98 27 0 3133
191 0 30 0 3133
191 1 20 0 3133
191 2 8 0 3133
191 11 12 0 3133
191 11 25 0 3133
191 15 24 0 3133
191 19 21 0 3133
191 32 27 0 3133
191 34 7 0 3133
191 39 19 0 3133
191 40 26 0 3133
191 43 3 0 3133
191 44 16 0 3133
191 47 14 0 3133
191 48 11 0 3133
191 52 9 0 3133
191 59 28 0 3133
191 66 17 0 3133
191 90 3 0 3133
191 91 28 0 3133
191 93 24 0 3133
191 98 2 0 3133
192 2 13 0 3133
192 5 24 0 3133
192 13 15 0 3133
192 18 3 0 3133
192 20 10 0 3133
192 20 21 0 3133
192 27 8 0 3133
192 28 7 0 3133
192 38 4 0 3133
192 40 20 0 3133
192 44 11 0 3133
192 45 21 0 3133
192 46 12 0 3133
192 59 28 0 3133
192 59 31 0 3133
192 73 19 0 3133
192 76 28 0 3133
192 77 7 0 3133
192 86 9 0 3133
192 95 26 0 3133
192 96 10 0 3133
193 4 4 0 3133
193 7 19 0 3133
193 7 27 0 3133
193 8 1 0 3133
193 24 14 0 3133
193 40 29 0 3133
193 45 3 0 3133
193 56 5 0 3133
193 56 17 0 3133
193 58 18 0 3133
193 59 8 0 3133
193 66 28 0 3133
193 68 6 0 3133
193 75 10 0 3133
193 83 29 0 3133
193 92 8 0 3133
193 98 28 0 3133
193 100 16 0 3133
194 5 31 0 3133
194 7 30 0 3133
194 10 24 0 3133
194 18 25 0 3133
194 20 17 0 3133
194 29 8 0 3133
194 40 12 0 3133
194 52 21 0 3133
194 74 26 0 3133
194 76 4 0 3133
194 84 1 0 3133
194 86 11 0 3133
194 86 14 0 3133
194 87 30 0 3133
194 95 17 0 3133
194 97 11 0 3133
195 7 3 0 3133
195 11 19 0 3133
195 13 31 0 3133
195 15 29 0 3133
195 23 1 0 3133
195 24 31 0 3133
195 27 19 0 3133
195 30 25 0 3133
195 48 5 0 3133
195 56 0 0 3133
195 62 2 0 3133
195 63 24 0 3133
195 71 3 0 3133
195 71 27 0 3133
195 72 6 0 3133
195 84 25 0 3133
195 85 13 0 3133
195 97 13 0 3133
195 98 23 0 3133
196 2 21 0 3133
196 12 22 0 3133
196 17 15 0 3133
196 22 17 0 3133
196 32 0 0 3133
196 33 6 0 3133
196 36 17 0 3133
196 48 21 0 3133
196 57 0 0 3133
196 58 1 0 3133
196 61 18 0 3133
196 65 7 0 3133
196 71 6 0 3133
196 77 23 0 3133
196 84 7 0 3133
196 85 31 0 3133
196 87 9 0 3133
196 87 21 0 3133
196 87 26 0 3133
196 93 27 0 3133
196 99 26 0 3133
197 2 3 0 3133
197 8 15 0 3133
197 9 18 0 3133
197 10 20 0 3133
197 12 10 0 3133
197 17 5 0 3133
197 19 8 0 3133
197 21 31 0 3133
197 39 27 0 3133
197 41 15 0 3133
197 46 1 0 3133
197 46 31 0 3133
197 55 31 0 3133
197 59 22 0 3133
197 63 0 0 3133
197 63 3 0 3133
197 68 4 0 3133
197 81 15 0 3133
197 82 21 0 3133
197 93 12 0 3133
198 3 5 0 3133
198 5 18 0 3133
198 6 6 0 3133
198 7 12 0 3133
198 11 10 0 3133
198 15 22 0 3133
198 16 25 0 3133
198 17 23 0 3133
198 20 19 0 3133
198 25 26 0 3133
198 29 11 0 3133
198 32 24 0 3133
198 36 28 0 3133
198 41 12 0 3133
198 42 2 0 3133
198 53 3 0 3133
198 56 7 0 3133
198 58 24 0 3133
198 62 27 0 3133
198 78 2 0 3133
198 79 7 0 3133
198 84 8 0 3133
198 94 4 0 3133
199 6 14 0 3133
199 6 27 0 3133
199 9 0 0 3133
199 9 30 0 3133
199 13 10 0 3133
199 18 9 0 3133
199 26 23 0 3133
199 31 30 0 3133
199 44 16 0 3133
199 44 18 0 3133
199 47 20 0 3133
199 48 10 0 3133
199 53 5 0 3133
199 55 25 0 3133
199 66 24 0 3133
199 69 29 0 3133
199 70 25 0 3133
199 72 0 0 3133
199 81 19 0 3133
199 83 3 0 3133
199 84 9 0 3133
199 89 18 0 3133
199 98 17 0 3133
199 98 28 0 3133
200 3 15 0 3133
200 5 2 0 3133
200 6 23 0 3133
200 14 28 0 3133
200 17 25 0 3133
200 22 26 0 3133
200 28 29 0 3133
200 36 20 0 3133
200 37 28 0 3133
200 39 6 0 3133
200 40 22 0 3133
200 42 12 0 3133
200 47 30 0 3133
200 48 2 0 3133
200 55 3 0 3133
200 60 30 0 3133
200 75 15 0 3133
200 77 24 0 3133
200 82 21 0 3133
200 88 11 0 3133
200 91 6 0 3133
200 92 16 0 3133
200 95 7 0 3133
200 95 14 0 3133
200 97 29 0 3133
201 1 16 0 3133
201 1 24 0 3133
201 2 1 0 3133
201 2 18 0 3133
201 15 18 0 3133
201 20 0 0 3133
201 23 4 0 3133
201 41 8 0 3133
201 45 15 0 3133
201 45 21 0 3133
201 48 10 0 3133
201 57 22 0 3133
201 61 22 0 3133
201 75 14 0 3133
201 78 10 0 3133
201 81 25 0 3133
201 87 14 0 3133
201 88 16 0 3133
201 89 1 0 3133
201 91 20 0 3133
201 92 12 0 3133
201 92 30 0 3133
201 93 19 0 3133
201 98 26 0 3133
201 99 12 0 3133
202 4 19 0 3133
202 8 31 0 3133
202 9 26 0 3133
202 15 5 0 3133
202 16 9 0 3133
202 19 1 0 3133
202 27 20 0 3133
202 28 14 0 3133
202 30 29 0 3133
202 31 11 0 3133
202 38 14 0 3133
202 39 6 0 3133
202 39 11 0 3133
202 43 1 0 3133
202 50 7 0 3133
202 56 24 0 3133
202 57 2 0 3133
202 61 24 0 3133
202 63 0 0 3133
202 64 16 0 3133
202 67 14 0 3133
202 67 28 0 3133
202 70 1 0 3133
202 70 17 0 3133
202 80 16 0 3133
202 82 20 0 3133
202 83 7 0 3133
202 85 31 0 3133
202 87 19 0 3133
202 90 5 0 3133
202 91 5 0 3133
203 9 11 0 3133
203 12 12 0 3133
203 19 21 0 3133
203 21 11 0 3133
203 32 9 0 3133
203 32 22 0 3133
203 32 23 0 3133
203 33 5 0 3133
203 45 2 0 3133
203 56 28 0 3133
203 61 19 0 3133
203 67 16 0 3133
203 69 21 0 3133
203 74 18 0 3133
203 81 10 0 3133
203 81 29 0 3133
203 95 0 0 3133
204 2 29 0 3133
204 9 8 0 3133
204 14 6 0 3133
204 20 13 0 3133
204 21 21 0 3133
204 24 5 0 3133
204 30 22 0 3133
204 40 8 0 3133
204 41 9 0 3133
204 48 17 0 3133
204 49 3 0 3133
204 55 7 0 3133
204 66 12 0 3133
204 71 6 0 3133
204 78 22 0 3133
204 90 20 0 3133
204 93 12 0 3133
204 93 14 0 3133
204 97 14 0 3133
205 0 30 0 3133
205 2 0 0 3133
205 2 9 0 3133
205 3 6 0 3133
205 4 19 0 3133
205 7 31 0 3133
205 9 7 0 3133
205 10 28 0 3133
205 18 1 0 3133
205 22 8 0 3133
205 22 15 0 3133
205 24 8 0 3133
205 29 1 0 3133
205 33 27 0 3133
205 37 28 0 3133
205 48 12 0 3133
205 48 14 0 3133
205 55 9 0 3133
205 68 21 0 3133
205 73 11 0 3133
205 78 2 0 3133
205 82 28 0 3133
205 94 29 0 3133
205 99 28 0 3133
205 100 4 0 3133
206 2 8 0 3133
206 7 0 0 3133
206 24 16 0 3133
206 49 27 0 3133
206 54 8 0 3133
206 69 12 0 3133
206 73 3 0 3133
206 73 27 0 3133
206 74 1 0 3133
206 77 10 0 3133
206 81 21 0 3133
206 84 15 0 3133
206 84 27 0 3133
206 89 27 0 3133
207 0 7 0 3133
207 16 18 0 3133
207 24 24 0 3133
207 34 18 0 3133
207 37 17 0 3133
207 40 22 0 3133
207 42 0 0 3133
207 43 11 0 3133
207 47 29 0 3133
207 50 0 0 3133
207 51 30 0 3133
207 54 25 0 3133
207 59 11 0 3133
207 63 15 0 3133
207 65 13 0 3133
207 73 26 0 3133
207 77 19 0 3133
207 80 31 0 3133
207 83 28 0 3133
207 85 25 0 3133
207 86 25 0 3133
207 87 25 0 3133
207 88 9 0 3133
207 89 1 0 3133
207 90 22 0 3133
207 97 7 0 3133
208 4 25 0 3133
208 7 4 0 3133
208 7 6 0 3133
208 8 1 0 3133
208 8 23 0 3133
208 9 13 0 3133
208 17 13 0 3133
208 24 29 0 3133
208 25 14 0 3133
208 29 7 0 3133
208 29 28 0 3133
208 30 13 0 3133
208 32 7 0 3133
208 40 25 0 3133
208 42 21 0 3133
208 42 23 0 3133
208 43 19 0 3133
208 43 29 0 3133
208 57 5 0 3133
208 59 14 0 3133
208 59 21 0 3133
208 60 3 0 3133
208 61 9 0 3133
208 67 23 0 3133
208 68 23 0 3133
208 73 16 0 3133
208 73 22 0 3133
208 75 22 0 3133
208 79 6 0 3133
208 81 3 0 3133
208 81 8 0 3133
208 92 22 0 3133
208 93 0 0 3133
208 94 7 0 3133
209 7 15 0 3133
209 9 21 0 3133
209 14 13 0 3133
209 17 28 0 3133
209 27 18 0 3133
209 31 11 0 3133
209 49 21 0 3133
209 60 22 0 3133
209 61 28 0 3133
209 61 31 0 3133
209 62 12 0 3133
209 62 14 0 3133
209 63 2 0 3133
209 63 10 0 3133
209 67 10 0 3133
209 72 10 0 3133
209 82 25 0 3133
209 82 28 0 3133
209 84 21 0 3133
209 85 5 0 3133
209 91 30 0 3133
209 94 7 0 3133
209 94 31 0 3133
209 99 9 0 3133
210 3 0 0 3133
210 13 5 0 3133
210 13 21 0 3133
210 17 25 0 3133
210 20 22 0 3133
210 30 10 0 3133
210 39 24 0 3133
210 46 2 0 3133
210 70 22 0 3133
210 72 28 0 3133
210 75 26 0 3133
210 78 12 0 3133
210 81 10 0 3133
210 84 9 0 3133
210 89 19 0 3133
210 90 3 0 3133
210 93 5 0 3133
210 93 22 0 3133
210 96 23 0 3133
211 2 1 0 3133
211 2 19 0 3133
211 13 4 0 3133
211 13 8 0 3133
211 14 29 0 3133
211 20 14 0 3133
211 21 27 0 3133
211 28 22 0 3133
211 32 20 0 3133
211 33 19 0 3133
211 44 1 0 3133
211 46 20 0 3133
211 50 7 0 3133
211 57 6 0 3133
211 60 22 0 3133
211 68 5 0 3133
211 69 18 0 3133
211 92 24 0 3133
211 94 18 0 3133
211 98 2 0 3133
211 99 3 0 3133
212 5 27 0 3133
212 9 17 0 3133
212 13 29 0 3133
212 17 6 0 3133
212 26 23 0 3133
212 28 17 0 3133
212 36 21 0 3133
212 46 16 0 3133
212 51 13 0 3133
212 51 31 0 3133
212 56 3 0 3133
212 56 21 0 3133
212 63 14 0 3133
212 66 5 0 3133
212 67 5 0 3133
212 69 9 0 3133
212 71 29 0 3133
212 76 3 0 3133
212 89 22 0 3133
212 98 7 0 3133
213 3 21 0 3133
213 3 27 0 3133
213 4 12 0 3133
213 7 28 0 3133
213 12 5 0 3133
213 19 18 0 3133
213 27 22 0 3133
213 35 10 0 3133
213 45 7 0 3133
213 49 23 0 3133
213 85 22 0 3133
213 94 11 0 3133
214 3 21 0 3133
214 6 2 0 3133
214 13 30 0 3133
214 20 18 0 3133
214 25 9 0 3133
214 37 3 0 3133
214 38 6 0 3133
214 48 18 0 3133
214 49 0 0 3133
214 50 26 0 3133
214 53 31 0 3133
214 60 24 0 3133
214 62 18 0 3133
214 67 15 0 3133
214 72 4 0 3133
214 78 4 0 3133
214 83 25 0 3133
214 95 18 0 3133
214 97 4 0 3133
214 97 30 0 3133
214 100 14 0 3133
215 0 21 0 3133
215 9 22 0 3133
215 11 21 0 3133
215 21 23 0 3133
215 22 24 0 3133
215 34 0 0 3133
215 34 13 0 3133
215 36 7 0 3133
215 47 29 0 3133
215 49 9 0 3133
215 54 17 0 3133
215 65 24 0 3133
215 68 23 0 3133
215 69 11 0 3133
215 77 20 0 3133
215 82 27 0 3133
215 89 22 0 3133
215 91 26 0 3133
215 95 23 0 3133
216 0 11 0 3133
216 1 26 0 3133
216 3 18 0 3133
216 3 19 0 3133
216 6 25 0 3133
216 11 7 0 3133
216 16 20 0 3133
216 20 20 0 3133
216 22 16 0 3133
216 24 6 0 3133
216 25 26 0 3133
216 27 6 0 3133
216 28 18 0 3133
216 30 5 0 3133
216 31 28 0 3133
216 41 24 0 3133
216 52 14 0 3133
216 57 19 0 3133
216 60 11 0 3133
216 66 12 0 3133
216 67 22 0 3133
216 70 12 0 3133
216 77 6 0 3133
216 79 15 0 3133
216 82 30 0 3133
216 84 25 0 3133
216 89 21 0 3133
216 94 0 0 3133
217 2 12 0 3133
217 4 27 0 3133
217 13 4 0 3133
217 20 22 0 3133
217 20 26 0 3133
217 24 10 0 3133
217 32 4 0 3133
217 34 15 0 3133
217 39 14 0 3133
217 43 3 0 3133
217 50 13 0 3133
217 52 31 0 3133
217 57 19 0 3133
217 59 16 0 3133
217 66 16 0 3133
217 67 10 0 3133
217 67 31 0 3133
217 68 12 0 3133
217 71 26 0 3133
217 72 6 0 3133
217 82 11 0 3133
217 91 0 0 3133
217 97 25 0 3133
218 4 0 0 3133
218 6 19 0 3133
218 10 8 0 3133
218 11 28 0 3133
218 20 30 0 3133
218 30 25 0 3133
218 31 20 0 3133
218 35 22 0 3133
218 36 26 0 3133
218 37 29 0 3133
218 39 16 0 3133
218 45 3 0 3133
218 46 21 0 3133
218 49 2 0 3133
218 50 6 0 3133
218 69 6 0 3133
218 84 11 0 3133
218 84 17 0 3133
218 91 15 0 3133
218 92 25 0 3133
218 95 30 0 3133
218 97 20 0 3133
218 98 19 0 3133
218 100 10 0 3133
219 0 0 0 3133
219 0 19 0 3133
219 2 30 0 3133
219 6 3 0 3133
219 6 28 0 3133
219 17 3 0 3133
219 17 17 0 3133
219 21 8 0 3133
219 21 17 0 3133
219 27 10 0 3133
219 41 21 0 3133
219 42 5 0 3133
219 43 11 0 3133
219 46 24 0 3133
219 48 23 0 3133
219 48 30 0 3133
219 51 6 0 3133
219 54 20 0 3133
219 64 5 0 3133
219 65 22 0 3133
219 68 26 0 3133
219 70 4 0 3133
219 73 6 0 3133
219 74 16 0 3133
219 74 29 0 3133
219 87 2 0 3133
219 91 4 0 3133
219 92 0 0 3133
219 92 22 0 3133
219 95 18 0 3133
219 100 4 0 3133
219 100 10 0 3133
219 100 18 0 3133
220 3 18 0 3133
220 17 16 0 3133
220 18 15 0 3133
220 24 18 0 3133
220 27 15 0 3133
220 30 3 0 3133
220 33 10 0 3133
220 34 5 0 3133
220 41 27 0 3133
220 54 20 0 3133
220 55 30 0 3133
220 57 2 0 3133
220 66 31 0 3133
220 69 29 0 3133
220 71 29 0 3133
220 74 21 0 3133
220 80 28 0 3133
220 82 4 0 3133
220 83 18 0 3133
220 84 26 0 3133
220 93 30 0 3133
220 94 20 0 3133
220 97 25 0 3133
220 97 31 0 3133
220 98 21 0 3133
220 100 10 0 3133
221 4 4 0 3133
221 8 0 0 3133
221 14 30 0 3133
221 16 17 0 3133
221 17 27 0 3133
221 21 9 0 3133
221 22 12 0 3133
221 26 4 0 3133
221 41 16 0 3133
221 48 8 0 3133
221 50 3 0 3133
221 51 16 0 3133
221 56 12 0 3133
221 57 18 0 3133
221 59 4 0 3133
221 60 26 0 3133
221 68 27 0 3133
221 76 9 0 3133
221 83 26 0 3133
221 84 13 0 3133
221 86 22 0 3133
221 89 19 0 3133
221 93 18 0 3133
222 0 29 0 3133
222 1 0 0 3133
222 1 24 0 3133
222 2 8 0 3133
222 2 24 0 3133
222 6 5 0 3133
222 17 14 0 3133
222 24 4 0 3133
222 24 15 0 3133
222 26 22 0 3133
222 31 13 0 3133
222 31 24 0 3133
222 35 5 0 3133
222 38 29 0 3133
222 41 28 0 3133
222 42 1 0 3133
222 50 12 0 3133
222 55 29 0 3133
222 59 26 0 3133
222 63 17 0 3133
222 68 11 0 3133
222 69 7 0 3133
222 69 25 0 3133
222 80 0 0 3133
222 82 27 0 3133
222 83 6 0 3133
222 83 15 0 3133
222 84 19 0 3133
222 92 16 0 3133
222 95 14 0 3133
223 8 29 0 3133
223 14 3 0 3133
223 21 29 0 3133
223 26 19 0 3133
223 43 13 0 3133
223 48 6 0 3133
223 52 26 0 3133
223 53 24 0 3133
223 59 1 0 3133
223 59 8 0 3133
223 61 2 0 3133
223 75 24 0 3133
223 80 20 0 3133
223 80 28 0 3133
223 81 22 0 3133
223 82 17 0 3133
223 84 5 0 3133
223 89 30 0 3133
223 90 20 0 3133
223 95 16 0 3133
223 96 3 0 3133
223 98 24 0 3133
223 99 2 0 3133
223 99 27 0 3133
224 13 12 0 3133
224 24 5 0 3133
224 25 0 0 3133
224 30 3 0 3133
224 31 20 0 3133
224 35 21 0 3133
224 36 19 0 3133
224 39 4 0 3133
224 39 23 0 3133
224 42 21 0 3133
224 44 6 0 3133
224 52 12 0 3133
224 61 25 0 3133
224 67 22 0 3133
224 68 4 0 3133
224 68 20 0 3133
224 71 24 0 3133
224 78 30 0 3133
224 87 5 0 3133
224 89 17 0 3133
224 90 11 0 3133
224 90 31 0 3133
224 91 12 0 3133
224 91 23 0 3133
224 93 1 0 3133
224 95 1 0 3133
224 97 6 0 3133
225 0 29 0 3133
225 6 22 0 3133
225 12 5 0 3133
225 18 8 0 3133
225 20 1 0 3133
225 22 18 0 3133
225 25 29 0 3133
225 29 20 0 3133
225 30 25 0 3133
225 33 2 0 3133
225 41 4 0 3133
225 44 16 0 3133
225 45 0 0 3133
225 58 12 0 3133
225 59 23 0 3133
225 61 27 0 3133
225 74 31 0 3133
225 78 15 0 3133
225 83 6 0 3133
225 86 7 0 3133
225 86 26 0 3133
225 89 7 0 3133
225 89 18 0 3133
225 91 9 0 3133
226 18 18 0 3133
226 21 18 0 3133
226 25 6 0 3133
226 26 18 0 3133
226 30 28 0 3133
226 34 11 0 3133
226 41 18 0 3133
226 44 23 0 3133
226 45 2 0 3133
226 51 25 0 3133
226 54 23 0 3133
226 59 8 0 3133
226 66 12 0 3133
226 71 13 0 3133
226 76 29 0 3133
226 88 18 0 3133
226 90 8 0 3133
226 90 17 0 3133
226 94 1 0 3133
226 96 24 0 3133
226 97 11 0 3133
227 0 22 0 3133
227 12 31 0 3133
227 14 12 0 3133
227 22 17 0 3133
227 25 22 0 3133
227 29 16 0 3133
227 31 26 0 3133
227 32 16 0 3133
227 32 26 0 3133
227 38 26 0 3133
227 46 20 0 3133
227 50 22 0 3133
227 51 27 0 3133
227 61 13 0 3133
227 68 7 0 3133
227 74 28 0 3133
227 86 15 0 3133
227 96 22 0 3133
227 99 28 0 3133
228 1 7 0 3133
228 6 2 0 3133
228 7 1 0 3133
228 7 10 0 3133
228 11 3 0 3133
228 14 23 0 3133
228 18 7 0 3133
228 18 15 0 3133
228 20 18 0 3133
228 28 13 0 3133
228 31 19 0 3133
228 37 31 0 3133
228 42 8 0 3133
228 43 8 0 3133
228 44 26 0 3133
228 58 6 0 3133
228 58 25 0 3133
228 59 2 0 3133
228 62 5 0 3133
228 68 25 0 3133
228 70 6 0 3133
228 73 11 0 3133
228 73 29 0 3133
228 75 4 0 3133
228 75 12 0 3133
228 76 1 0 3133
228 88 16 0 3133
228 97 4 0 3133
228 99 2 0 3133
228 100 1 0 3133
229 4 2 0 3133
229 5 4 0 3133
229 6 19 0 3133
229 8 4 0 3133
229 28 23 0 3133
229 60 5 0 3133
229 68 28 0 3133
229 70 18 0 3133
229 70 20 0 3133
229 72 12 0 3133
229 74 26 0 3133
229 84 29 0 3133
229 87 12 0 3133
229 87 20 0 3133
229 93 10 0 3133
229 95 13 0 3133
230 1 28 0 3133
230 8 3 0 3133
230 18 26 0 3133
230 20 0 0 3133
230 23 25 0 3133
230 29 28 0 3133
230 30 2 0 3133
230 31 9 0 3133
230 31 11 0 3133
230 34 15 0 3133
230 35 7 0 3133
230 36 3 0 3133
230 44 19 0 3133
230 46 10 0 3133
230 47 12 0 3133
230 48 21 0 3133
230 52 3 0 3133
230 52 22 0 3133
230 56 6 0 3133
230 57 4 0 3133
230 64 10 0 3133
230 67 0 0 3133
230 69 8 0 3133
230 72 10 0 3133
230 73 6 0 3133
230 78 28 0 3133
230 80 17 0 3133
230 83 10 0 3133
230 84 21 0 3133
230 87 7 0 3133
230 87 19 0 3133
230 93 19 0 3133
230 96 19 0 3133
230 97 28 0 3133
231 0 16 0 3133
231 0 28 0 3133
231 1 9 0 3133
231 3 1 0 3133
231 3 28 0 3133
231 5 21 0 3133
231 6 12 0 3133
231 13 5 0 3133
231 14 22 0 3133
231 20 3 0 3133
231 31 2 0 3133
231 32 18 0 3133
231 38 31 0 3133
231 42 22 0 3133
231 47 11 0 3133
231 47 15 0 3133
231 56 10 0 3133
231 58 31 0 3133
231 65 22 0 3133
231 86 2 0 3133
231 94 23 0 3133
231 95 13 0 3133
231 96 8 0 3133
231 96 30 0 3133
231 99 16 0 3133
231 99 31 0 3133
232 6 22 0 3133
232 7 11 0 3133
232 17 9 0 3133
232 19 18 0 3133
232 20 25 0 3133
232 23 7 0 3133
232 23 20 0 3133
232 25 10 0 3133
232 25 11 0 3133
232 34 15 0 3133
232 41 29 0 3133
232 46 18 0 3133
232 50 15 0 3133
232 53 22 0 3133
232 54 7 0 3133
232 56 13 0 3133
232 61 6 0 3133
232 64 14 0 3133
232 70 22 0 3133
232 79 4 0 3133
232 80 31 0 3133
232 82 10 0 3133
232 85 10 0 3133
232 92 23 0 3133
233 2 4 0 3133
233 14 1 0 3133
233 15 14 0 3133
233 16 3 0 3133
233 17 30 0 3133
233 18 9 0 3133
233 29 9 0 3133
233 32 30 0 3133
233 35 23 0 3133
233 38 20 0 3133
233 40 19 0 3133
233 42 25 0 3133
233 58 13 0 3133
233 66 1 0 3133
233 78 28 0 3133
233 91 4 0 3133
233 94 24 0 3133
233 96 5 0 3133
234 2 29 0 3133
234 14 4 0 3133
234 14 24 0 3133
234 15 9 0 3133
234 21 6 0 3133
234 22 4 0 3133
234 26 10 0 3133
234 27 5 0 3133
234 36 4 0 3133
234 38 10 0 3133
234 39 19 0 3133
234 42 28 0 3133
234 43 14 0 3133
234 44 29 0 3133
234 48 23 0 3133
234 56 2 0 3133
234 66 27 0 3133
234 68 31 0 3133
234 71 21 0 3133
234 96 30 0 3133
235 1 24 0 3133
235 2 2 0 3133
235 13 4 0 3133
235 13 30 0 3133
235 14 1 0 3133
235 21 27 0 3133
235 32 15 0 3133
235 36 24 0 3133
235 38 22 0 3133
235 42 25 0 3133
235 50 23 0 3133
235 52 17 0 3133
235 57 17 0 3133
235 60 9 0 3133
235 64 24 0 3133
235 72 16 0 3133
235 73 0 0 3133
235 77 18 0 3133
235 86 30 0 3133
235 87 0 0 3133
235 88 3 0 3133
235 92 24 0 3133
235 98 28 0 3133
235 100 4 0 3133
236 4 6 0 3133
236 9 7 0 3133
236 15 18 0 3133
236 17 5 0 3133
236 21 6 0 3133
236 25 13 0 3133
236 27 29 0 3133
236 32 22 0 3133
236 42 30 0 3133
236 46 13 0 3133
236 50 22 0 3133
236 53 20 0 3133
236 56 18 0 3133
236 60 8 0 3133
236 60 21 0 3133
236 62 0 0 3133
236 65 30 0 3133
236 70 7 0 3133
236 74 24 0 3133
236 87 11 0 3133
236 94 10 0 3133
236 94 19 0 3133
236 95 8 0 3133
236 95 9 0 3133
236 98 12 0 3133
237 3 12 0 3133
237 3 23 0 3133
237 3 24 0 3133
237 5 18 0 3133
237 10 7 0 3133
237 10 22 0 3133
237 12 11 0 3133
237 17 1 0 3133
237 28 24 0 3133
237 40 28 0 3133
237 42 2 0 3133
237 45 17 0 3133
237 46 2 0 3133
237 58 2 0 3133
237 64 6 0 3133
237 66 0 0 3133
237 74 13 0 3133
237 76 6 0 3133
237 77 3 0 3133
237 83 11 0 3133
237 88 0 0 3133
237 91 1 0 3133
237 92 20 0 3133
237 94 12 0 3133
237 94 22 0 3133
237 96 21 0 3133
237 98 19 0 3133
238 2 31 0 3133
238 10 10 0 3133
238 21 16 0 3133
238 27 18 0 3133
238 38 20 0 3133
238 43 11 0 3133
238 44 21 0 3133
238 45 2 0 3133
238 45 7 0 3133
238 55 30 0 3133
238 58 19 0 3133
238 66 29 0 3133
238 68 1 0 3133
238 82 1 0 3133
238 85 31 0 3133
238 87 17 0 3133
238 89 0 0 3133
238 96 8 0 3133
238 96 15 0 3133
238 99 29 0 3133
238 100 22 0 3133
239 0 18 0 3133
239 9 17 0 3133
239 9 30 0 3133
239 13 8 0 3133
239 15 12 0 3133
239 16 17 0 3133
239 20 6 0 3133
239 28 4 0 3133
239 40 11 0 3133
239 50 1 0 3133
239 54 18 0 3133
239 62 7 0 3133
239 63 31 0 3133
239 64 26 0 3133
239 65 28 0 3133
239 72 11 0 3133
239 72 17 0 3133
239 75 22 0 3133
239 77 25 0 3133
239 80 19 0 3133
239 81 0 0 3133
239 82 5 0 3133
239 83 13 0 3133
239 85 20 0 3133
239 87 26 0 3133
239 92 19 0 3133
239 94 9 0 3133
240 4 6 0 3133
240 5 26 0 3133
240 17 1 0 3133
240 25 17 0 3133
240 33 10 0 3133
240 33 30 0 3133
240 34 2 0 3133
240 35 12 0 3133
240 40 14 0 3133
240 45 9 0 3133
240 55 1 0 3133
240 72 14 0 3133
240 77 6 0 3133
240 79 27 0 3133
240 82 31 0 3133
240 84 21 0 3133
240 86 31 0 3133
240 89 29 0 3133
240 93 11 0 3133
240 95 24 0 3133
241 0 10 0 3133
241 2 23 0 3133
241 3 17 0 3133
241 4 26 0 3133
241 7 18 0 3133
241 7 19 0 3133
241 13 19 0 3133
241 14 14 0 3133
241 14 24 0 3133
241 16 20 0 3133
241 19 5 0 3133
241 19 10 0 3133
241 24 3 0 3133
241 27 0 0 3133
241 30 20 0 3133
241 32 7 0 3133
241 35 21 0 3133
241 43 17 0 3133
241 44 8 0 3133
241 45 12 0 3133
241 51 9 0 3133
241 60 29 0 3133
241 63 31 0 3133
241 71 18 0 3133
241 71 29 0 3133
241 81 30 0 3133
241 88 11 0 3133
241 92 3 0 3133
241 93 0 0 3133
241 94 4 0 3133
241 97 11 0 3133
242 0 8 0 3133
242 2 11 0 3133
242 2 12 0 3133
242 5 21 0 3133
242 12 18 0 3133
242 13 15 0 3133
242 13 20 0 3133
242 21 6 0 3133
242 46 21 0 3133
242 49 10 0 3133
242 50 18 0 3133
242 56 13 0 3133
242 56 23 0 3133
242 57 31 0 3133
242 65 21 0 3133
242 68 9 0 3133
242 71 29 0 3133
242 74 11 0 3133
242 82 23 0 3133
242 83 9 0 3133
242 87 27 0 3133
242 95 31 0 3133
242 100 16 0 3133
243 6 26 0 3133
243 9 6 0 3133
243 9 15 0 3133
243 17 7 0 3133
243 25 20 0 3133
243 26 1 0 3133
243 30 20 0 3133
243 39 8 0 3133
243 52 2 0 3133
243 52 20 0 3133
243 56 31 0 3133
243 59 5 0 3133
243 65 14 0 3133
243 67 16 0 3133
243 68 16 0 3133
243 68 29 0 3133
243 68 31 0 3133
243 69 30 0 3133
243 78 25 0 3133
243 82 6 0 3133
243 87 28 0 3133
243 88 17 0 3133
243 99 4 0 3133
243 100 11 0 3133
244 1 21 0 3133
244 7 30 0 3133
244 17 1 0 3133
244 32 11 0 3133
244 35 17 0 3133
244 38 6 0 3133
244 40 3 0 3133
244 41 2 0 3133
244 43 25 0 3133
244 53 10 0 3133
244 58 10 0 3133
244 62 11 0 3133
244 63 21 0 3133
244 69 17 0 3133
244 71 7 0 3133
244 71 15 0 3133
244 72 9 0 3133
244 75 9 0 3133
244 78 31 0 3133
244 79 20 0 3133
244 80 8 0 3133
244 90 7 0 3133
244 90 24 0 3133
244 91 2 0 3133
244 91 28 0 3133
244 92 5 0 3133
244 93 23 0 3133
244 96 29 0 3133
244 99 14 0 3133
245 4 18 0 3133
245 5 18 0 3133
245 9 11 0 3133
245 16 7 0 3133
245 24 26 0 3133
245 32 15 0 3133
245 39 16 0 3133
245 42 15 0 3133
245 43 17 0 3133
245 45 9 0 3133
245 52 14 0 3133
245 53 17 0 3133
245 59 1 0 3133
245 72 24 0 3133
245 73 8 0 3133
245 78 29 0 3133
245 83 30 0 3133
245 88 0 0 3133
245 93 28 0 3133
245 97 8 0 3133
245 100 28 0 3133
246 0 18 0 3133
246 14 14 0 3133
246 18 21 0 3133
246 21 14 0 3133
246 23 18 0 3133
246 29 11 0 3133
246 29 25 0 3133
246 35 18 0 3133
246 41 30 0 3133
246 43 18 0 3133
246 44 17 0 3133
246 50 24 0 3133
246 55 31 0 3133
246 73 27 0 3133
246 74 16 0 3133
246 79 1 0 3133
246 80 0 0 3133
246 91 16 0 3133
247 1 9 0 3133
247 16 28 0 3133
247 27 6 0 3133
247 34 5 0 3133
247 35 16 0 3133
247 35 24 0 3133
247 36 31 0 3133
247 37 10 0 3133
247 39 0 0 3133
247 43 5 0 3133
247 45 27 0 3133
247 50 5 0 3133
247 63 25 0 3133
247 65 21 0 3133
247 71 1 0 3133
247 73 10 0 3133
247 74 20 0 3133
247 78 25 0 3133
247 80 19 0 3133
247 81 4 0 3133
247 91 6 0 3133
247 91 11 0 3133
247 92 16 0 3133
247 93 14 0 3133
247 94 31 0 3133
247 95 26 0 3133
247 98 27 0 3133
248 0 27 0 3133
248 1 14 0 3133
248 5 0 0 3133
248 5 31 0 3133
248 17 2 0 3133
248 27 8 0 3133
248 27 26 0 3133
248 29 20 0 3133
248 30 22 0 3133
248 37 5 0 3133
248 38 19 0 3133
248 38 27 0 3133
248 39 31 0 3133
248 40 12 0 3133
248 54 5 0 3133
248 55 12 0 3133
248 61 0 0 3133
248 65 12 0 3133
248 68 4 0 3133
248 70 28 0 3133
248 71 8 0 3133
248 73 20 0 3133
248 75 18 0 3133
248 77 7 0 3133
248 79 31 0 3133
248 82 10 0 3133
248 83 26 0 3133
248 85 4 0 3133
248 89 29 0 3133
248 90 29 0 3133
248 93 16 0 3133
249 2 22 0 3133
249 4 29 0 3133
249 10 16 0 3133
249 25 15 0 3133
249 34 17 0 3133
249 45 27 0 3133
249 49 1 0 3133
249 50 25 0 3133
249 55 7 0 3133
249 57 15 0 3133
249 57 30 0 3133
249 59 27 0 3133
249 62 15 0 3133
249 64 22 0 3133
249 65 9 0 3133
249 70 21 0 3133
249 72 29 0 3133
249 73 16 0 3133
249 74 17 0 3133
249 78 22 0 3133
249 79 15 0 3133
249 82 20 0 3133
249 86 5 0 3133
249 92 29 0 3133
250 2 16 0 3133
250 5 15 0 3133
250 8 27 0 3133
250 11 26 0 3133
250 28 25 0 3133
250 29 2 0 3133
250 43 18 0 3133
250 43 20 0 3133
250 60 6 0 3133
250 60 24 0 3133
250 61 29 0 3133
250 66 10 0 3133
250 70 10 0 3133
250 77 26 0 3133
250 85 30 0 3133
250 87 15 0 3133
250 87 28 0 3133
250 90 3 0 3133
250 94 18 0 3133
250 97 6 0 3133
250 99 10 0 3133
251 14 14 0 3133
251 41 19 0 3133
251 44 25 0 3133
251 48 15 0 3133
251 53 20 0 3133
251 57 25 0 3133
251 62 12 0 3133
251 68 31 0 3133
251 73 6 0 3133
251 74 10 0 3133
251 76 25 0 3133
251 85 16 0 3133
251 85 22 0 3133
251 89 22 0 3133
251 92 0 0 3133
251 93 16 0 3133
251 97 16 0 3133
251 98 6 0 3133
251 98 20 0 3133
251 99 2 0 3133
251 99 17 0 3133
251 100 21 0 3133
252 2 7 0 3133
252 3 21 0 3133
252 7 21 0 3133
252 7 28 0 3133
252 10 0 0 3133
252 13 22 0 3133
252 13 29 0 3133
252 14 26 0 3133
252 21 24 0 3133
252 23 30 0 3133
252 29 13 0 3133
252 36 8 0 3133
252 38 2 0 3133
252 44 13 0 3133
252 49 14 0 3133
252 51 11 0 3133
252 52 25 0 3133
252 53 23 0 3133
252 57 10 0 3133
252 58 18 0 3133
252 60 0 0 3133
252 64 26 0 3133
252 65 23 0 3133
252 68 22 0 3133
252 73 28 0 3133
252 73 30 0 3133
252 75 6 0 3133
252 75 31 0 3133
252 87 18 0 3133
252 96 25 0 3133
253 5 16 0 3133
253 6 26 0 3133
253 8 2 0 3133
253 17 3 0 3133
253 18 27 0 3133
253 19 20 0 3133
253 30 26 0 3133
253 34 21 0 3133
253 42 19 0 3133
253 48 22 0 3133
253 54 27 0 3133
253 55 24 0 3133
253 56 5 0 3133
253 63 4 0 3133
253 65 2 0 3133
253 66 5 0 3133
253 66 22 0 3133
253 70 19 0 3133
253 71 1 0 3133
253 78 3 0 3133
253 86 10 0 3133
253 98 10 0 3133
253 100 9 0 3133
254 0 30 0 3133
254 1 7 0 3133
254 2 19 0 3133
254 3 5 0 3133
254 11 2 0 3133
254 11 13 0 3133
254 17 26 0 3133
254 18 20 0 3133
254 19 10 0 3133
254 29 9 0 3133
254 42 11 0 3133
254 47 5 0 3133
254 50 13 0 3133
254 51 18 0 3133
254 51 29 0 3133
254 54 0 0 3133
254 56 22 0 3133
254 60 16 0 3133
254 62 15 0 3133
254 76 2 0 3133
254 78 4 0 3133
254 78 8 0 3133
254 78 15 0 3133
254 79 26 0 3133
254 84 4 0 3133
254 84 22 0 3133
254 94 13 0 3133
255 7 11 0 3133
255 9 31 0 3133
255 14 29 0 3133
255 15 3 0 3133
255 19 24 0 3133
255 26 28 0 3133
255 26 31 0 3133
255 27 24 0 3133
255 35 8 0 3133
255 46 17 0 3133
255 49 20 0 3133
255 51 25 0 3133
255 65 4 0 3133
255 65 7 0 3133
255 76 21 0 3133
255 76 29 0 3133
255 81 4 0 3133
255 83 13 0 3133
255 88 6 0 3133
255 92 20 0 3133
255 97 8 0 3133
256 0 15 0 3133
256 1 0 0 3133
256 3 25 0 3133
256 5 14 0 3133
256 22 21 0 3133
256 24 11 0 3133
256 25 7 0 3133
256 34 23 0 3133
256 46 0 0 3133
256 47 23 0 3133
256 56 13 0 3133
256 56 26 0 3133
256 62 21 0 3133
256 65 15 0 3133
256 68 20 0 3133
256 71 9 0 3133
256 74 29 0 3133
256 78 16 0 3133
256 86 31 0 3133
257 0 5 0 3133
257 1 10 0 3133
257 6 20 0 3133
257 7 5 0 3133
257 16 12 0 3133
257 28 8 0 3133
257 29 21 0 3133
257 36 6 0 3133
257 53 23 0 3133
257 59 28 0 3133
257 69 21 0 3133
257 71 11 0 3133
257 74 8 0 3133
257 80 6 0 3133
257 84 27 0 3133
257 85 5 0 3133
257 86 28 0 3133
257 87 15 0 3133
257 90 17 0 3133
257 95 8 0 3133
258 1 27 0 3133
258 4 5 0 3133
258 4 9 0 3133
258 4 25 0 3133
258 6 29 0 3133
258 8 0 0 3133
258 10 28 0 3133
258 12 7 0 3133
258 12 13 0 3133
258 27 0 0 3133
258 35 28 0 3133
258 41 0 0 3133
258 43 5 0 3133
258 43 21 0 3133
258 52 3 0 3133
258 56 4 0 3133
258 58 22 0 3133
258 62 30 0 3133
258 65 6 0 3133
258 71 18 0 3133
258 74 23 0 3133
258 80 22 0 3133
258 84 16 0 3133
258 88 23 0 3133
258 89 7 0 3133
259 1 12 0 3133
259 1 13 0 3133
259 14 16 0 3133
259 18 21 0 3133
259 21 15 0 3133
259 22 20 0 3133
259 23 27 0 3133
259 26 12 0 3133
259 31 31 0 3133
259 38 6 0 3133
259 53 2 0 3133
259 69 7 0 3133
259 71 5 0 3133
259 82 28 0 3133
259 82 31 0 3133
259 87 3 0 3133
260 0 9 0 3133
260 2 26 0 3133
260 5 6 0 3133
260 15 5 0 3133
260 15 7 0 3133
260 17 23 0 3133
260 37 11 0 3133
260 50 30 0 3133
260 51 27 0 3133
260 53 30 0 3133
260 63 31 0 3133
260 64 24 0 3133
260 70 16 0 3133
260 71 30 0 3133
260 77 20 0 3133
260 79 7 0 3133
260 81 28 0 3133
260 84 3 0 3133
260 86 1 0 3133
260 86 23 0 3133
260 94 24 0 3133
261 3 3 0 3133
261 5 1 0 3133
261 5 7 0 3133
261 7 10 0 3133
261 14 9 0 3133
261 16 3 0 3133
261 24 21 0 3133
261 38 3 0 3133
261 53 26 0 3133
261 56 30 0 3133
261 69 24 0 3133
261 71 9 0 3133
261 74 11 0 3133
261 77 1 0 3133
262 3 13 0 3133
262 19 30 0 3133
262 20 26 0 3133
262 25 5 0 3133
262 42 11 0 3133
262 50 30 0 3133
262 56 22 0 3133
262 57 9 0 3133
262 57 12 0 3133
262 59 30 0 3133
262 61 24 0 3133
262 74 22 0 3133
262 84 4 0 3133
262 84 15 0 3133
262 91 31 0 3133
262 92 7 0 3133
262 98 6 0 3133
262 98 31 0 3133
263 3 22 0 3133
263 5 16 0 3133
263 8 10 0 3133
263 11 31 0 3133
263 16 20 0 3133
263 22 8 0 3133
263 24 1 0 3133
263 24 25 0 3133
263 28 1 0 3133
263 35 1 0 3133
263 39 23 0 3133
263 41 20 0 3133
263 45 25 0 3133
263 48 8 0 3133
263 48 25 0 3133
263 49 21 0 3133
263 52 29 0 3133
263 53 27 0 3133
263 54 1 0 3133
263 56 1 0 3133
263 59 2 0 3133
263 61 14 0 3133
263 66 17 0 3133
263 70 3 0 3133
263 75 1 0 3133
263 78 6 0 3133
263 84 27 0 3133
263 91 6 0 3133
263 93 8 0 3133
263 98 18 0 3133
264 4 10 0 3133
264 12 7 0 3133
264 15 6 0 3133
264 15 13 0 3133
264 20 5 0 3133
264 41 6 0 3133
264 56 31 0 3133
264 72 6 0 3133
264 74 20 0 3133
264 77 11 0 3133
264 82 4 0 3133
264 89 20 0 3133
264 91 20 0 3133
264 91 28 0 3133
264 92 0 0 3133
264 96 2 0 3133
264 96 17 0 3133
264 96 30 0 3133
264 99 29 0 3133
265 3 2 0 3133
265 4 31 0 3133
265 9 5 0 3133
265 16 31 0 3133
265 25 16 0 3133
265 32 9 0 3133
265 35 11 0 3133
265 41 29 0 3133
265 42 29 0 3133
265 47 13 0 3133
265 48 5 0 3133
265 49 9 0 3133
265 64 6 0 3133
265 76 11 0 3133
265 80 2 0 3133
265 80 5 0 3133
265 80 29 0 3133
265 83 11 0 3133
265 86 24 0 3133
265 88 27 0 3133
265 91 28 0 3133
265 98 4 0 3133
266 6 16 0 3133
266 8 25 0 3133
266 11 23 0 3133
266 16 8 0 3133
266 17 29 0 3133
266 51 11 0 3133
266 58 19 0 3133
266 78 1 0 3133
266 82 1 0 3133
266 84 10 0 3133
266 88 7 0 3133
266 90 8 0 3133
266 94 17 0 3133
266 96 13 0 3133
266 98 21 0 3133
266 98 22 0 3133
267 11 20 0 3133
267 14 7 0 3133
267 31 31 0 3133
267 32 10 0 3133
267 37 26 0 3133
267 43 4 0 3133
267 53 11 0 3133
267 57 28 0 3133
267 63 31 0 3133
267 65 26 0 3133
267 66 14 0 3133
267 74 31 0 3133
267 77 15 0 3133
267 79 16 0 3133
267 81 22 0 3133
267 88 25 0 3133
267 91 1 0 3133
267 92 22 0 3133
267 97 8 0 3133
268 0 7 0 3133
268 11 9 0 3133
268 16 18 0 3133
268 19 13 0 3133
268 28 17 0 3133
268 29 15 0 3133
268 35 6 0 3133
268 41 4 0 3133
268 42 11 0 3133
268 43 16 0 3133
268 48 11 0 3133
268 53 25 0 3133
268 60 15 0 3133
268 64 3 0 3133
268 64 29 0 3133
268 65 23 0 3133
268 68 27 0 3133
268 96 28 0 3133
268 98 22 0 3133
269 0 20 0 3133
269 3 24 0 3133
269 11 17 0 3133
269 15 8 0 3133
269 23 30 0 3133
269 30 19 0 3133
269 32 20 0 3133
269 43 23 0 3133
269 49 18 0 3133
269 57 1 0 3133
269 60 9 0 3133
269 61 8 0 3133
269 61 24 0 3133
269 64 24 0 3133
269 65 23 0 3133
269 69 26 0 3133
269 71 8 0 3133
269 71 19 0 3133
269 72 3 0 3133
269 81 24 0 3133
269 82 22 0 3133
269 83 10 0 3133
269 84 2 0 3133
269 87 2 0 3133
269 96 27 0 3133
269 98 28 0 3133
269 99 4 0 3133
270 0 24 0 3133
270 6 14 0 3133
270 8 8 0 3133
270 12 8 0 3133
270 13 24 0 3133
270 19 2 0 3133
270 19 18 0 3133
270 21 14 0 3133
270 30 20 0 3133
270 35 1 0 3133
270 43 9 0 3133
270 49 20 0 3133
270 58 1 0 3133
270 62 15 0 3133
270 63 12 0 3133
270 63 24 0 3133
270 72 27 0 3133
270 78 28 0 3133
270 85 26 0 3133
270 90 6 0 3133
270 91 25 0 3133
271 0 23 0 3133
271 0 29 0 3133
271 5 10 0 3133
271 7 23 0 3133
271 8 19 0 3133
271 10 17 0 3133
271 17 15 0 3133
271 17 27 0 3133
271 20 0 0 3133
271 23 9 0 3133
271 23 16 0 3133
271 34 12 0 3133
271 36 4 0 3133
271 38 2 0 3133
271 39 16 0 3133
271 43 1 0 3133
271 45 3 0 3133
271 49 28 0 3133
271 52 11 0 3133
271 56 18 0 3133
271 56 21 0 3133
271 64 17 0 3133
271 66 25 0 3133
271 67 12 0 3133
271 68 24 0 3133
271 68 30 0 3133
271 73 16 0 3133
271 75 30 0 3133
271 76 21 0 3133
271 79 13 0 3133
271 84 30 0 3133
271 92 1 0 3133
271 93 31 0 3133
272 2 30 0 3133
272 5 25 0 3133
272 5 30 0 3133
272 8 20 0 3133
272 16 3 0 3133
272 18 28 0 3133
272 23 0 0 3133
272 24 14 0 3133
272 26 26 0 3133
272 42 8 0 3133
272 42 14 0 3133
272 42 23 0 3133
272 52 21 0 3133
272 57 30 0 3133
272 64 2 0 3133
272 65 25 0 3133
272 68 14 0 3133
272 70 31 0 3133
272 72 23 0 3133
272 72 26 0 3133
272 76 1 0 3133
272 77 9 0 3133
272 77 24 0 3133
272 77 28 0 3133
272 92 0 0 3133
272 98 1 0 3133
272 99 30 0 3133
273 1 13 0 3133
273 6 5 0 3133
273 11 23 0 3133
273 12 15 0 3133
273 16 22 0 3133
273 17 7 0 3133
273 26 8 0 3133
273 27 24 0 3133
273 46 29 0 3133
273 53 12 0 3133
273 60 31 0 3133
273 65 13 0 3133
273 74 20 0 3133
273 75 0 0 3133
273 78 5 0 3133
273 81 6 0 3133
273 81 13 0 3133
273 82 19 0 3133
273 96 10 0 3133
273 97 8 0 3133
273 97 21 0 3133
273 100 28 0 3133
274 3 19 0 3133
274 12 1 0 3133
274 13 12 0 3133
274 18 18 0 3133
274 21 17 0 3133
274 31 11 0 3133
274 34 0 0 3133
274 37 19 0 3133
274 38 7 0 3133
274 43 22 0 3133
274 44 28 0 3133
274 54 16 0 3133
274 55 10 0 3133
274 62 8 0 3133
274 68 30 0 3133
274 79 2 0 3133
274 82 30 0 3133
274 90 4 0 3133
274 95 25 0 3133
274 98 26 0 3133
275 0 21 0 3133
275 2 10 0 3133
275 9 29 0 3133
275 12 18 0 3133
275 23 22 0 3133
275 33 10 0 3133
275 33 12 0 3133
275 36 1 0 3133
275 37 10 0 3133
275 37 25 0 3133
275 40 4 0 3133
275 44 9 0 3133
275 45 26 0 3133
275 47 21 0 3133
275 53 2 0 3133
275 63 6 0 3133
275 64 16 0 3133
275 82 2 0 3133
275 86 30 0 3133
275 87 2 0 3133
275 99 9 0 3133
276 17 11 0 3133
276 24 3 0 3133
276 28 10 0 3133
276 35 11 0 3133
276 37 4 0 3133
276 38 6 0 3133
276 44 4 0 3133
276 48 5 0 3133
276 63 12 0 3133
276 71 22 0 3133
276 75 1 0 3133
276 81 12 0 3133
276 87 21 0 3133
276 93 16 0 3133
276 93 18 0 3133
277 1 8 0 3133
277 12 0 0 3133
277 13 8 0 3133
277 13 11 0 3133
277 15 13 0 3133
277 15 19 0 3133
277 23 23 0 3133
277 27 4 0 3133
277 52 24 0 3133
277 56 4 0 3133
277 60 13 0 3133
277 61 0 0 3133
277 72 3 0 3133
277 73 17 0 3133
277 76 21 0 3133
277 77 20 0 3133
277 93 11 0 3133
277 93 17 0 3133
277 94 18 0 3133
277 96 18 0 3133
278 14 9 0 3133
278 21 13 0 3133
278 24 31 0 3133
278 31 22 0 3133
278 31 25 0 3133
278 40 0 0 3133
278 43 22 0 3133
278 44 29 0 3133
278 46 9 0 3133
278 57 4 0 3133
278 59 15 0 3133
278 63 2 0 3133
278 64 9 0 3133
278 72 4 0 3133
278 77 18 0 3133
278 77 23 0 3133
278 82 16 0 3133
278 87 10 0 3133
278 88 9 0 3133
278 95 30 0 3133
279 2 4 0 3133
279 7 21 0 3133
279 12 4 0 3133
279 12 21 0 3133
279 13 6 0 3133
279 23 3 0 3133
279 30 11 0 3133
279 30 20 0 3133
279 30 24 0 3133
279 42 27 0 3133
279 46 6 0 3133
279 47 6 0 3133
279 48 16 0 3133
279 65 13 0 3133
279 69 27 0 3133
279 73 2 0 3133
279 75 24 0 3133
279 80 16 0 3133
279 88 10 0 3133
279 92 7 0 3133
279 93 18 0 3133
280 10 15 0 3133
280 12 8 0 3133
280 17 21 0 3133
280 19 3 0 3133
280 26 18 0 3133
280 27 9 0 3133
280 30 14 0 3133
280 32 20 0 3133
280 34 21 0 3133
280 42 5 0 3133
280 43 9 0 3133
280 44 7 0 3133
280 51 6 0 3133
280 54 31 0 3133
280 61 13 0 3133
280 68 27 0 3133
280 83 16 0 3133
280 84 3 0 3133
280 89 9 0 3133
280 91 1 0 3133
280 94 1 0 3133
280 96 21 0 3133
280 98 8 0 3133
280 98 11 0 3133
281 9 13 0 3133
281 12 8 0 3133
281 13 8 0 3133
281 13 31 0 3133
281 14 12 0 3133
281 18 10 0 3133
281 21 21 0 3133
281 22 18 0 3133
281 23 22 0 3133
281 27 14 0 3133
281 30 10 0 3133
281 39 28 0 3133
281 50 24 0 3133
281 51 3 0 3133
281 56 8 0 3133
281 62 8 0 3133
281 64 30 0 3133
281 69 22 0 3133
281 76 12 0 3133
281 79 14 0 3133
281 80 8 0 3133
281 85 24 0 3133
281 92 5 0 3133
281 95 19 0 3133
281 96 3 0 3133
282 1 10 0 3133
282 8 13 0 3133
282 9 31 0 3133
282 11 10 0 3133
282 12 16 0 3133
282 18 28 0 3133
282 20 20 0 3133
282 20 31 0 3133
282 23 5 0 3133
282 44 5 0 3133
282 45 12 0 3133
282 46 8 0 3133
282 46 31 0 3133
282 70 9 0 3133
282 70 16 0 3133
282 71 23 0 3133
282 79 19 0 3133
282 83 24 0 3133
282 86 3 0 3133
282 100 3 0 3133
283 2 4 0 3133
283 4 29 0 3133
283 12 20 0 3133
283 12 22 0 3133
283 14 31 0 3133
283 18 31 0 3133
283 25 18 0 3133
283 25 26 0 3133
283 29 4 0 3133
283 30 8 0 3133
283 39 4 0 3133
283 42 12 0 3133
283 44 30 0 3133
283 48 27 0 3133
283 52 27 0 3133
283 58 10 0 3133
283 58 14 0 3133
283 59 19 0 3133
283 62 12 0 3133
283 66 19 0 3133
283 66 22 0 3133
283 72 15 0 3133
283 76 10 0 3133
283 85 5 0 3133
283 87 31 0 3133
283 88 20 0 3133
283 92 22 0 3133
283 100 17 0 3133
284 4 30 0 3133
284 6 3 0 3133
284 9 11 0 3133
284 17 24 0 3133
284 19 0 0 3133
284 20 20 0 3133
284 29 18 0 3133
284 29 21 0 3133
284 32 13 0 3133
284 36 19 0 3133
284 41 15 0 3133
284 43 3 0 3133
284 46 9 0 3133
284 47 9 0 3133
284 55 31 0 3133
284 56 17 0 3133
284 57 0 0 3133
284 59 7 0 3133
284 61 18 0 3133
284 63 20 0 3133
284 66 5 0 3133
284 71 31 0 3133
284 72 22 0 3133
284 72 27 0 3133
284 77 16 0 3133
284 78 7 0 3133
284 79 0 0 3133
284 82 17 0 3133
284 83 8 0 3133
284 83 16 0 3133
284 92 7 0 3133
284 93 22 0 3133
284 95 20 0 3133
284 96 10 0 3133
284 96 21 0 3133
284 98 11 0 3133
285 7 8 0 3133
285 8 31 0 3133
285 15 10 0 3133
285 17 13 0 3133
285 28 21 0 3133
285 34 0 0 3133
285 34 1 0 3133
285 34 29 0 3133
285 36 18 0 3133
285 55 1 0 3133
285 64 10 0 3133
285 68 30 0 3133
285 69 9 0 3133
285 81 2 0 3133
285 87 31 0 3133
285 88 8 0 3133
285 90 20 0 3133
285 100 26 0 3133
286 3 2 0 3133
286 18 10 0 3133
286 19 1 0 3133
286 30 9 0 3133
286 32 16 0 3133
286 35 19 0 3133
286 37 8 0 3133
286 42 22 0 3133
286 44 24 0 3133
286 48 16 0 3133
286 49 17 0 3133
286 52 15 0 3133
286 52 25 0 3133
286 53 10 0 3133
286 60 19 0 3133
286 84 3 0 3133
286 89 13 0 3133
286 97 30 0 3133
286 99 23 0 3133
287 5 13 0 3133
287 7 7 0 3133
287 7 28 0 3133
287 16 25 0 3133
287 18 17 0 3133
287 36 23 0 3133
287 40 13 0 3133
287 48 2 0 3133
287 51 12 0 3133
287 53 13 0 3133
287 61 5 0 3133
287 62 2 0 3133
287 66 31 0 3133
287 69 16 0 3133
287 69 26 0 3133
287 71 19 0 3133
287 74 13 0 3133
287 77 10 0 3133
287 82 8 0 3133
287 84 4 0 3133
287 94 9 0 3133
287 94 15 0 3133
287 98 17 0 3133
287 98 20 0 3133
288 0 1 0 3133
288 3 23 0 3133
288 6 27 0 3133
288 7 26 0 3133
288 8 31 0 3133
288 15 18 0 3133
288 20 22 0 3133
288 23 18 0 3133
288 29 10 0 3133
288 29 20 0 3133
288 35 14 0 3133
288 37 31 0 3133
288 42 14 0 3133
288 48 30 0 3133
288 50 12 0 3133
288 50 21 0 3133
288 58 19 0 3133
288 64 21 0 3133
288 66 16 0 3133
288 71 14 0 3133
288 71 27 0 3133
288 74 15 0 3133
288 82 8 0 3133
288 83 25 0 3133
288 84 4 0 3133
288 89 18 0 3133
288 94 25 0 3133
289 1 25 0 3133
289 25 5 0 3133
289 47 31 0 3133
289 64 26 0 3133
289 68 23 0 3133
289 74 30 0 3133
289 76 20 0 3133
289 77 24 0 3133
289 78 21 0 3133
289 80 23 0 3133
289 81 18 0 3133
289 82 1 0 3133
289 82 26 0 3133
289 87 25 0 3133
289 96 21 0 3133
289 98 6 0 3133
290 0 2 0 3133
290 0 22 0 3133
290 1 5 0 3133
290 7 20 0 3133
290 8 28 0 3133
290 16 27 0 3133
290 22 28 0 3133
290 23 24 0 3133
290 25 30 0 3133
290 60 12 0 3133
290 65 16 0 3133
290 66 11 0 3133
290 71 21 0 3133
290 85 18 0 3133
290 87 26 0 3133
290 88 3 0 3133
290 92 8 0 3133
290 95 0 0 3133
291 4 25 0 3133
291 15 18 0 3133
291 17 12 0 3133
291 18 6 0 3133
291 25 23 0 3133
291 36 2 0 3133
291 41 2 0 3133
291 41 19 0 3133
291 48 21 0 3133
291 52 6 0 3133
291 53 25 0 3133
291 66 10 0 3133
291 66 30 0 3133
291 68 4 0 3133
291 74 5 0 3133
291 78 5 0 3133
291 82 31 0 3133
291 98 6 0 3133
292 10 26 0 3133
292 16 7 0 3133
292 19 15 0 3133
292 21 22 0 3133
292 22 1 0 3133
292 24 12 0 3133
292 34 12 0 3133
292 37 7 0 3133
292 40 21 0 3133
292 41 6 0 3133
292 46 2 0 3133
292 62 25 0 3133
292 68 9 0 3133
292 68 18 0 3133
292 81 12 0 3133
292 99 1 0 3133
293 3 11 0 3133
293 14 7 0 3133
293 26 17 0 3133
293 33 24 0 3133
293 36 8 0 3133
293 51 0 0 3133
293 53 31 0 3133
293 57 22 0 3133
293 57 25 0 3133
293 59 0 0 3133
293 64 21 0 3133
293 66 0 0 3133
293 66 29 0 3133
293 68 23 0 3133
293 76 9 0 3133
293 83 23 0 3133
294 10 16 0 3133
294 19 4 0 3133
294 22 20 0 3133
294 25 10 0 3133
294 30 4 0 3133
294 35 0 0 3133
294 41 31 0 3133
294 43 0 0 3133
294 48 31 0 3133
294 57 24 0 3133
294 59 4 0 3133
294 60 6 0 3133
294 67 17 0 3133
294 68 4 0 3133
294 70 27 0 3133
294 73 26 0 3133
294 81 10 0 3133
294 85 23 0 3133
294 88 15 0 3133
294 90 3 0 3133
294 96 20 0 3133
295 6 28 0 3133
295 11 7 0 3133
295 11 10 0 3133
295 12 0 0 3133
295 20 0 0 3133
295 27 4 0 3133
295 38 30 0 3133
295 47 30 0 3133
295 48 11 0 3133
295 49 19 0 3133
295 51 14 0 3133
295 60 5 0 3133
295 65 4 0 3133
295 66 4 0 3133
295 66 15 0 3133
295 69 4 0 3133
295 72 10 0 3133
295 72 14 0 3133
295 74 22 0 3133
295 76 28 0 3133
295 80 31 0 3133
295 83 6 0 3133
295 84 19 0 3133
295 92 20 0 3133
295 96 29 0 3133
296 9 16 0 3133
296 10 0 0 3133
296 11 9 0 3133
296 20 13 0 3133
296 28 24 0 3133
296 39 7 0 3133
296 43 14 0 3133
296 53 17 0 3133
296 59 28 0 3133
296 69 19 0 3133
296 70 18 0 3133
296 72 20 0 3133
296 79 27 0 3133
296 80 7 0 3133
296 80 10 0 3133
296 80 23 0 3133
296 82 2 0 3133
296 84 2 0 3133
296 84 18 0 3133
296 90 11 0 3133
297 1 12 0 3133
297 3 23 0 3133
297 7 17 0 3133
297 10 6 0 3133
297 12 24 0 3133
297 13 26 0 3133
297 17 21 0 3133
297 18 5 0 3133
297 21 17 0 3133
297 28 26 0 3133
297 35 26 0 3133
297 37 0 0 3133
297 43 30 0 3133
297 44 8 0 3133
297 52 30 0 3133
297 62 17 0 3133
297 64 20 0 3133
297 65 29 0 3133
297 66 31 0 3133
297 68 7 0 3133
297 74 27 0 3133
297 80 0 0 3133
297 80 17 0 3133
297 86 13 0 3133
297 86 21 0 3133
297 91 20 0 3133
297 94 0 0 3133
297 95 27 0 3133
297 97 29 0 3133
297 98 1 0 3133
297 98 11 0 3133
298 1 30 0 3133
298 3 9 0 3133
298 7 29 0 3133
298 9 18 0 3133
298 10 7 0 3133
298 12 2 0 3133
298 23 11 0 3133
298 25 25 0 3133
298 27 30 0 3133
298 34 24 0 3133
298 36 8 0 3133
298 40 20 0 3133
298 41 30 0 3133
298 51 29 0 3133
298 52 17 0 3133
298 60 5 0 3133
298 62 23 0 3133
298 67 13 0 3133
298 67 20 0 3133
298 67 24 0 3133
298 73 14 0 3133
298 74 6 0 3133
298 76 31 0 3133
298 82 10 0 3133
298 82 11 0 3133
298 83 5 0 3133
298 90 20 0 3133
298 100 0 0 3133
298 100 15 0 3133
299 0 5 0 3133
299 1 12 0 3133
299 6 6 0 3133
299 7 30 0 3133
299 8 20 0 3133
299 18 7 0 3133
299 21 3 0 3133
299 22 15 0 3133
299 26 2 0 3133
299 37 5 0 3133
299 44 1 0 3133
299 48 3 0 3133
299 64 22 0 3133
299 65 5 0 3133
299 66 7 0 3133
299 68 21 0 3133
299 69 30 0 3133
299 72 0 0 3133
299 77 13 0 3133
299 80 0 0 3133
299 82 22 0 3133
299 85 15 0 3133
299 93 13 0 3133
299 96 12 0 3133
299 96 16 0 3133
299 98 5 0 3133
300 2 23 0 3133
300 4 8 0 3133
300 4 16 0 3133
300 6 4 0 3133
300 20 16 0 3133
300 23 22 0 3133
300 30 27 0 3133
300 38 27 0 3133
300 40 24 0 3133
300 42 14 0 3133
300 43 6 0 3133
300 53 9 0 3133
300 73 5 0 3133
300 75 16 0 3133
300 76 9 0 3133
300 78 8 0 3133
300 81 6 0 3133
300 83 0 0 3133
300 84 3 0 3133
300 86 16 0 3133
300 95 30 0 3133
300 97 8 0 3133
300 97 13 0 3133
301 1 9 0 3133
301 3 22 0 3133
301 12 31 0 3133
301 21 17 0 3133
301 28 15 0 3133
301 28 24 0 3133
301 28 26 0 3133
301 30 3 0 3133
301 33 19 0 3133
301 35 17 0 3133
301 44 19 0 3133
301 46 25 0 3133
301 46 31 0 3133
301 47 30 0 3133
301 64 12 0 3133
301 87 21 0 3133
301 94 11 0 3133
301 97 19 0 3133
301 100 27 0 3133
302 4 14 0 3133
302 15 25 0 3133
302 18 14 0 3133
302 20 1 0 3133
302 36 20 0 3133
302 42 1 0 3133
302 58 0 0 3133
302 64 11 0 3133
302 64 12 0 3133
302 69 0 0 3133
302 90 30 0 3133
302 94 5 0 3133
302 96 9 0 3133
302 97 0 0 3133
302 97 26 0 3133
302 99 29 0 3133
303 4 21 0 3133
303 6 20 0 3133
303 10 22 0 3133
303 16 12 0 3133
303 21 23 0 3133
303 43 25 0 3133
303 46 30 0 3133
303 61 8 0 3133
303 78 8 0 3133
303 78 30 0 3133
303 80 22 0 3133
303 85 17 0 3133
303 88 12 0 3133
303 94 12 0 3133
304 1 28 0 3133
304 3 3 0 3133
304 11 18 0 3133
304 12 2 0 3133
304 12 19 0 3133
304 16 6 0 3133
304 16 22 0 3133
304 18 27 0 3133
304 26 1 0 3133
304 26 17 0 3133
304 41 0 0 3133
304 41 18 0 3133
304 45 17 0 3133
304 52 15 0 3133
304 58 12 0 3133
304 59 29 0 3133
304 61 15 0 3133
304 67 23 0 3133
304 69 21 0 3133
304 73 3 0 3133
304 74 6 0 3133
304 76 22 0 3133
304 77 18 0 3133
304 79 3 0 3133
304 80 2 0 3133
304 81 21 0 3133
304 82 0 0 3133
304 85 16 0 3133
304 92 7 0 3133
304 98 0 0 3133
305 4 0 0 3133
305 5 7 0 3133
305 5 18 0 3133
305 7 24 0 3133
305 12 20 0 3133
305 12 26 0 3133
305 17 15 0 3133
305 17 23 0 3133
305 27 24 0 3133
305 28 30 0 3133
305 29 31 0 3133
305 37 15 0 3133
305 51 25 0 3133
305 53 7 0 3133
305 67 14 0 3133
305 70 14 0 3133
305 78 15 0 3133
305 85 4 0 3133
305 88 23 0 3133
305 89 30 0 3133
305 91 26 0 3133
305 92 2 0 3133
305 97 30 0 3133
306 2 23 0 3133
306 4 16 0 3133
306 8 29 0 3133
306 9 25 0 3133
306 16 20 0 3133
306 19 17 0 3133
306 20 2 0 3133
306 21 19 0 3133
306 37 0 0 3133
306 51 19 0 3133
306 52 22 0 3133
306 55 11 0 3133
306 55 20 0 3133
306 67 13 0 3133
306 70 30 0 3133
306 72 3 0 3133
306 74 30 0 3133
306 75 16 0 3133
306 78 9 0 3133
306 90 22 0 3133
306 96 22 0 3133
307 1 30 0 3133
307 10 15 0 3133
307 10 16 0 3133
307 13 31 0 3133
307 24 31 0 3133
307 27 10 0 3133
307 27 22 0 3133
307 37 12 0 3133
307 38 4 0 3133
307 38 11 0 3133
307 40 26 0 3133
307 40 28 0 3133
307 47 18 0 3133
307 48 20 0 3133
307 58 19 0 3133
307 61 19 0 3133
307 66 29 0 3133
307 84 0 0 3133
307 85 13 0 3133
307 93 15 0 3133
307 99 4 0 3133
307 99 16 0 3133
307 100 25 0 3133
308 19 22 0 3133
308 22 31 0 3133
308 25 26 0 3133
308 29 8 0 3133
308 33 12 0 3133
308 33 30 0 3133
308 34 23 0 3133
308 37 29 0 3133
308 43 18 0 3133
308 45 27 0 3133
308 46 30 0 3133
308 62 2 0 3133
308 70 7 0 3133
308 70 15 0 3133
308 79 0 0 3133
308 82 28 0 3133
308 83 30 0 3133
308 90 18 0 3133
308 91 8 0 3133
308 93 19 0 3133
308 94 11 0 3133
308 96 31 0 3133
308 99 19 0 3133
309 1 18 0 3133
309 6 21 0 3133
309 12 0 0 3133
309 15 27 0 3133
309 17 5 0 3133
309 24 29 0 3133
309 36 23 0 3133
309 44 18 0 3133
309 46 17 0 3133
309 54 11 0 3133
309 55 25 0 3133
309 65 2 0 3133
309 81 4 0 3133
309 82 12 0 3133
309 83 20 0 3133
309 90 19 0 3133
309 92 24 0 3133
310 6 10 0 3133
310 8 9 0 3133
310 13 2 0 3133
310 19 11 0 3133
310 23 17 0 3133
310 24 26 0 3133
310 32 30 0 3133
310 34 23 0 3133
310 38 18 0 3133
310 43 10 0 3133
310 50 3 0 3133
310 55 12 0 3133
310 67 21 0 3133
310 68 24 0 3133
310 80 4 0 3133
310 83 17 0 3133
310 85 25 0 3133
310 92 19 0 3133
310 96 2 0 3133
310 98 31 0 3133
310 100 17 0 3133
311 4 1 0 3133
311 5 29 0 3133
311 8 10 0 3133
311 9 9 0 3133
311 10 20 0 3133
311 19 21 0 3133
311 23 28 0 3133
311 35 12 0 3133
311 38 11 0 3133
311 39 8 0 3133
311 42 0 0 3133
311 47 31 0 3133
311 53 31 0 3133
311 66 28 0 3133
311 69 4 0 3133
311 81 24 0 3133
311 85 26 0 3133
311 91 11 0 3133
311 91 12 0 3133
311 95 5 0 3133
311 97 13 0 3133
311 100 14 0 3133
312 4 27 0 3133
312 6 6 0 3133
312 9 22 0 3133
312 14 4 0 3133
312 19 21 0 3133
312 42 8 0 3133
312 45 30 0 3133
312 50 12 0 3133
312 51 20 0 3133
312 52 27 0 3133
312 55 27 0 3133
312 59 8 0 3133
312 63 7 0 3133
312 72 4 0 3133
312 75 17 0 3133
312 76 11 0 3133
312 81 30 0 3133
312 83 0 0 3133
312 84 9 0 3133
312 84 10 0 3133
312 87 27 0 3133
312 87 30 0 3133
312 88 17 0 3133
312 92 9 0 3133
312 98 13 0 3133
313 4 10 0 3133
313 9 26 0 3133
313 11 27 0 3133
313 13 0 0 3133
313 13 1 0 3133
313 14 16 0 3133
313 15 17 0 3133
313 20 29 0 3133
313 23 14 0 3133
313 27 22 0 3133
313 30 5 0 3133
313 36 1 0 3133
313 39 1 0 3133
313 43 20 0 3133
313 49 22 0 3133
313 50 28 0 3133
313 76 18 0 3133
313 77 10 0 3133
313 80 10 0 3133
313 86 12 0 3133
314 1 16 0 3133
314 1 21 0 3133
314 3 19 0 3133
314 10 0 0 3133
314 23 17 0 3133
314 26 12 0 3133
314 26 20 0 3133
314 30 28 0 3133
314 33 13 0 3133
314 34 20 0 3133
314 42 19 0 3133
314 49 30 0 3133
314 64 28 0 3133
314 67 28 0 3133
314 77 8 0 3133
314 77 30 0 3133
314 85 5 0 3133
314 88 26 0 3133
314 91 2 0 3133
314 93 27 0 3133
315 2 8 0 3133
315 2 14 0 3133
315 6 11 0 3133
315 11 2 0 3133
315 12 20 0 3133
315 15 2 0 3133
315 15 10 0 3133
315 15 26 0 3133
315 17 13 0 3133
315 31 7 0 3133
315 33 9 0 3133
315 34 18 0 3133
315 40 24 0 3133
315 41 31 0 3133
315 43 12 0 3133
315 44 22 0 3133
315 45 24 0 3133
315 53 0 0 3133
315 55 28 0 3133
315 56 1 0 3133
315 56 6 0 3133
315 62 24 0 3133
315 63 15 0 3133
315 63 26 0 3133
315 69 17 0 3133
315 71 0 0 3133
315 78 15 0 3133
315 84 21 0 3133
315 96 28 0 3133
315 96 30 0 3133
315 98 12 0 3133
315 99 8 0 3133
316 1 30 0 3133
316 10 23 0 3133
316 16 2 0 3133
316 23 9 0 3133
316 25 23 0 3133
316 28 17 0 3133
316 30 27 0 3133
316 32 9 0 3133
316 32 10 0 3133
316 34 3 0 3133
316 37 8 0 3133
316 38 14 0 3133
316 40 19 0 3133
316 48 25 0 3133
316 52 11 0 3133
316 52 20 0 3133
316 53 30 0 3133
316 66 30 0 3133
316 71 19 0 3133
316 83 13 0 3133
316 84 21 0 3133
316 90 6 0 3133
317 0 14 0 3133
317 1 3 0 3133
317 6 16 0 3133
317 7 27 0 3133
317 9 11 0 3133
317 9 13 0 3133
317 12 8 0 3133
317 14 22 0 3133
317 22 21 0 3133
317 23 31 0 3133
317 25 0 0 3133
317 28 1 0 3133
317 38 22 0 3133
317 45 17 0 3133
317 46 9 0 3133
317 52 9 0 3133
317 57 9 0 3133
317 57 28 0 3133
317 59 6 0 3133
317 68 1 0 3133
317 74 19 0 3133
317 89 21 0 3133
317 95 22 0 3133
317 99 12 0 3133
318 2 15 0 3133
318 5 9 0 3133
318 6 27 0 3133
318 10 12 0 3133
318 18 7 0 3133
318 18 23 0 3133
318 23 10 0 3133
318 29 19 0 3133
318 33 14 0 3133
318 38 8 0 3133
318 42 10 0 3133
318 43 2 0 3133
318 44 26 0 3133
318 50 3 0 3133
318 50 19 0 3133
318 50 27 0 3133
318 53 5 0 3133
318 72 0 0 3133
318 81 22 0 3133
318 89 25 0 3133
319 13 13 0 3133
319 15 0 0 3133
319 15 21 0 3133
319 18 28 0 3133
319 21 15 0 3133
319 29 28 0 3133
319 38 26 0 3133
319 39 12 0 3133
319 41 23 0 3133
319 42 2 0 3133
319 45 19 0 3133
319 46 8 0 3133
319 47 9 0 3133
319 50 27 0 3133
319 60 3 0 3133
319 60 18 0 3133
319 62 31 0 3133
319 64 26 0 3133
319 70 7 0 3133
319 73 20 0 3133
319 76 6 0 3133
319 76 12 0 3133
319 78 22 0 3133
319 79 27 0 3133
319 85 30 0 3133
319 87 3 0 3133
319 89 0 0 3133
319 90 18 0 3133
319 96 7 0 3133
319 98 3 0 3133
320 7 15 0 3133
320 8 12 0 3133
320 23 27 0 3133
320 26 15 0 3133
320 31 13 0 3133
320 37 26 0 3133
320 44 27 0 3133
320 52 5 0 3133
320 54 5 0 3133
320 56 17 0 3133
320 70 6 0 3133
320 77 15 0 3133
320 86 15 0 3133
320 87 12 0 3133
320 91 17 0 3133
320 93 14 0 3133
320 96 29 0 3133
320 96 31 0 3133
320 97 2 0 3133
320 98 30 0 3133
321 0 1 0 3133
321 0 8 0 3133
321 2 4 0 3133
321 6 25 0 3133
321 8 22 0 3133
321 12 4 0 3133
321 14 19 0 3133
321 15 7 0 3133
321 17 9 0 3133
321 17 18 0 3133
321 19 19 0 3133
321 20 29 0 3133
321 30 19 0 3133
321 41 21 0 3133
321 43 8 0 3133
321 43 25 0 3133
321 43 27 0 3133
321 45 12 0 3133
321 60 12 0 3133
321 63 8 0 3133
321 67 15 0 3133
321 69 4 0 3133
321 69 12 0 3133
321 75 8 0 3133
321 77 20 0 3133
321 81 8 0 3133
321 84 20 0 3133
321 92 0 0 3133
321 97 9 0 3133
322 10 3 0 3133
322 12 2 0 3133
322 17 10 0 3133
322 18 19 0 3133
322 19 18 0 3133
322 20 13 0 3133
322 21 2 0 3133
322 25 4 0 3133
322 29 24 0 3133
322 33 13 0 3133
322 36 12 0 3133
322 36 13 0 3133
322 40 2 0 3133
322 43 28 0 3133
322 48 2 0 3133
322 51 29 0 3133
322 64 21 0 3133
322 73 26 0 3133
322 73 30 0 3133
322 76 14 0 3133
322 78 3 0 3133
322 87 17 0 3133
322 94 28 0 3133
322 96 12 0 3133
322 98 10 0 3133
323 5 12 0 3133
323 7 18 0 3133
323 14 3 0 3133
323 15 15 0 3133
323 26 2 0 3133
323 27 14 0 3133
323 28 18 0 3133
323 30 22 0 3133
323 35 12 0 3133
323 37 8 0 3133
323 50 2 0 3133
323 54 29 0 3133
323 55 2 0 3133
323 57 9 0 3133
323 61 4 0 3133
323 75 0 0 3133
323 75 19 0 3133
323 89 23 0 3133
323 95 23 0 3133
323 100 15 0 3133
324 0 8 0 3133
324 10 27 0 3133
324 24 17 0 3133
324 24 28 0 3133
324 26 6 0 3133
324 28 26 0 3133
324 29 29 0 3133
324 49 4 0 3133
324 51 28 0 3133
324 54 26 0 3133
324 55 21 0 3133
324 56 16 0 3133
324 59 29 0 3133
324 60 10 0 3133
324 63 4 0 3133
324 65 28 0 3133
324 68 4 0 3133
324 71 18 0 3133
324 72 29 0 3133
324 74 2 0 3133
324 75 23 0 3133
324 77 9 0 3133
324 77 19 0 3133
324 81 11 0 3133
324 82 3 0 3133
324 83 21 0 3133
324 85 2 0 3133
324 87 10 0 3133
324 90 11 0 3133
324 94 8 0 3133
325 3 27 0 3133
325 5 20 0 3133
325 11 16 0 3133
325 27 9 0 3133
325 32 11 0 3133
325 33 5 0 3133
325 41 14 0 3133
325 60 30 0 3133
325 72 16 0 3133
325 76 25 0 3133
325 83 22 0 3133
325 92 8 0 3133
325 93 22 0 3133
325 95 26 0 3133
326 1 0 0 3133
326 5 6 0 3133
326 10 31 0 3133
326 11 1 0 3133
326 15 14 0 3133
326 16 7 0 3133
326 17 27 0 3133
326 20 18 0 3133
326 21 3 0 3133
326 25 5 0 3133
326 25 9 0 3133
326 29 17 0 3133
326 32 18 0 3133
326 39 4 0 3133
326 39 8 0 3133
326 39 23 0 3133
326 40 6 0 3133
326 41 26 0 3133
326 46 10 0 3133
326 47 17 0 3133
326 50 6 0 3133
326 54 5 0 3133
326 57 13 0 3133
326 57 30 0 3133
326 61 12 0 3133
326 68 25 0 3133
326 72 26 0 3133
326 75 25 0 3133
326 79 21 0 3133
326 80 12 0 3133
326 85 21 0 3133
326 89 17 0 3133
326 93 8 0 3133
326 97 8 0 3133
326 100 11 0 3133
327 1 0 0 3133
327 2 23 0 3133
327 5 12 0 3133
327 5 23 0 3133
327 7 22 0 3133
327 8 1 0 3133
327 12 14 0 3133
327 13 25 0 3133
327 16 14 0 3133
327 17 4 0 3133
327 18 2 0 3133
327 31 11 0 3133
327 38 31 0 3133
327 39 7 0 3133
327 42 9 0 3133
327 42 13 0 3133
327 45 7 0 3133
327 45 21 0 3133
327 59 24 0 3133
327 61 17 0 3133
327 63 20 0 3133
327 82 21 0 3133
328 0 24 0 3133
328 3 13 0 3133
328 5 14 0 3133
328 19 0 0 3133
328 21 27 0 3133
328 22 26 0 3133
328 34 22 0 3133
328 35 11 0 3133
328 48 27 0 3133
328 55 23 0 3133
328 59 29 0 3133
328 75 2 0 3133
328 77 29 0 3133
328 81 5 0 3133
328 83 28 0 3133
328 91 29 0 3133
328 93 8 0 3133
328 94 5 0 3133
328 100 0 0 3133
329 3 8 0 3133
329 9 28 0 3133
329 11 9 0 3133
329 21 18 0 3133
329 24 28 0 3133
329 26 19 0 3133
329 32 24 0 3133
329 35 9 0 3133
329 36 19 0 3133
329 38 29 0 3133
329 40 7 0 3133
329 44 1 0 3133
329 46 17 0 3133
329 55 7 0 3133
329 58 10 0 3133
329 60 11 0 3133
329 65 9 0 3133
329 76 19 0 3133
329 82 3 0 3133
329 84 2 0 3133
329 92 31 0 3133
329 93 16 0 3133
329 95 7 0 3133
329 100 16 0 3133
330 2 13 0 3133
330 11 16 0 3133
330 27 25 0 3133
330 59 8 0 3133
330 64 19 0 3133
330 65 2 0 3133
330 66 3 0 3133
330 72 28 0 3133
330 77 20 0 3133
330 78 17 0 3133
330 95 2 0 3133
330 98 6 0 3133
330 99 31 0 3133
331 3 3 0 3133
331 6 12 0 3133
331 7 19 0 3133
331 7 24 0 3133
331 8 22 0 3133
331 14 27 0 3133
331 15 19 0 3133
331 18 26 0 3133
331 20 8 0 3133
331 20 10 0 3133
331 22 19 0 3133
331 22 25 0 3133
331 32 29 0 3133
331 46 26 0 3133
331 47 2 0 3133
331 49 14 0 3133
331 51 2 0 3133
331 58 10 0 3133
331 65 8 0 3133
331 68 24 0 3133
331 80 20 0 3133
331 80 24 0 3133
331 82 7 0 3133
331 82 12 0 3133
331 87 18 0 3133
331 99 17 0 3133
332 2 17 0 3133
332 8 15 0 3133
332 10 20 0 3133
332 14 2 0 3133
332 16 8 0 3133
332 28 16 0 3133
332 28 21 0 3133
332 35 18 0 3133
332 42 9 0 3133
332 43 1 0 3133
332 49 4 0 3133
332 49 22 0 3133
332 50 13 0 3133
332 56 26 0 3133
332 63 18 0 3133
332 64 6 0 3133
332 65 19 0 3133
332 76 15 0 3133
332 78 2 0 3133
332 79 7 0 3133
332 93 16 0 3133
332 96 0 0 3133
333 0 12 0 3133
333 5 0 0 3133
333 9 13 0 3133
333 10 23 0 3133
333 11 25 0 3133
333 13 30 0 3133
333 16 15 0 3133
333 16 24 0 3133
333 17 25 0 3133
333 27 20 0 3133
333 28 14 0 3133
333 32 16 0 3133
333 46 18 0 3133
333 55 20 0 3133
333 58 11 0 3133
333 59 13 0 3133
333 62 10 0 3133
333 64 2 0 3133
333 73 7 0 3133
333 80 15 0 3133
333 81 14 0 3133
333 81 25 0 3133
333 87 31 0 3133
333 95 15 0 3133
334 0 8 0 3133
334 5 21 0 3133
334 5 28 0 3133
334 10 9 0 3133
334 13 0 0 3133
334 16 6 0 3133
334 17 2 0 3133
334 20 3 0 3133
334 21 15 0 3133
334 24 17 0 3133
334 35 16 0 3133
334 37 1 0 3133
334 43 17 0 3133
334 50 4 0 3133
334 50 16 0 3133
334 57 24 0 3133
334 64 16 0 3133
334 66 20 0 3133
334 66 22 0 3133
334 83 10 0 3133
334 83 13 0 3133
334 85 16 0 3133
334 86 27 0 3133
334 90 24 0 3133
334 91 14 0 3133
334 94 4 0 3133
334 95 0 0 3133
334 99 18 0 3133
335 1 18 0 3133
335 8 12 0 3133
335 14 20 0 3133
335 18 3 0 3133
335 26 29 0 3133
335 33 26 0 3133
335 41 8 0 3133
335 43 8 0 3133
335 43 11 0 3133
335 43 27 0 3133
335 46 15 0 3133
335 63 3 0 3133
335 66 23 0 3133
335 68 2 0 3133
335 76 20 0 3133
335 81 8 0 3133
335 87 23 0 3133
335 91 6 0 3133
335 92 20 0 3133
335 100 11 0 3133
336 0 26 0 3133
336 6 0 0 3133
336 14 28 0 3133
336 19 24 0 3133
336 27 13 0 3133
336 28 24 0 3133
336 38 7 0 3133
336 45 2 0 3133
336 54 8 0 3133
336 55 13 0 3133
336 60 6 0 3133
336 62 26 0 3133
336 63 18 0 3133
336 66 17 0 3133
336 67 0 0 3133
336 67 4 0 3133
336 67 20 0 3133
336 69 8 0 3133
336 69 23 0 3133
336 73 14 0 3133
336 73 25 0 3133
336 75 29 0 3133
336 75 31 0 3133
336 90 29 0 3133
336 96 21 0 3133
337 12 27 0 3133
337 13 12 0 3133
337 15 31 0 3133
337 18 11 0 3133
337 21 11 0 3133
337 23 25 0 3133
337 28 7 0 3133
337 33 0 0 3133
337 33 1 0 3133
337 33 21 0 3133
337 35 7 0 3133
337 42 24 0 3133
337 55 22 0 3133
337 58 14 0 3133
337 64 4 0 3133
337 71 20 0 3133
337 79 27 0 3133
337 80 27 0 3133
337 81 28 0 3133
337 85 5 0 3133
337 89 9 0 3133
337 100 17 0 3133
338 10 1 0 3133
338 12 3 0 3133
338 18 21 0 3133
338 23 22 0 3133
338 27 1 0 3133
338 28 10 0 3133
338 28 15 0 3133
338 28 18 0 3133
338 29 10 0 3133
338 32 19 0 3133
338 39 29 0 3133
338 44 16 0 3133
338 50 1 0 3133
338 51 12 0 3133
338 51 13 0 3133
338 51 31 0 3133
338 52 28 0 3133
338 53 17 0 3133
338 55 16 0 3133
338 56 2 0 3133
338 62 8 0 3133
338 63 23 0 3133
338 73 19 0 3133
338 75 3 0 3133
338 76 16 0 3133
338 78 9 0 3133
338 82 22 0 3133
338 84 2 0 3133
338 85 10 0 3133
338 88 0 0 3133
338 88 22 0 3133
338 89 6 0 3133
338 96 10 0 3133
339 4 16 0 3133
339 7 19 0 3133
339 13 23 0 3133
339 19 16 0 3133
339 30 12 0 3133
339 32 17 0 3133
339 34 24 0 3133
339 37 12 0 3133
339 38 4 0 3133
339 40 0 0 3133
339 44 3 0 3133
339 44 31 0 3133
339 51 11 0 3133
339 58 11 0 3133
339 60 3 0 3133
339 75 11 0 3133
339 75 23 0 3133
339 96 17 0 3133
339 98 20 0 3133
339 98 25 0 3133
339 99 15 0 3133
340 5 27 0 3133
340 12 13 0 3133
340 15 23 0 3133
340 20 3 0 3133
340 20 31 0 3133
340 30 8 0 3133
340 32 14 0 3133
340 33 5 0 3133
340 37 16 0 3133
340 38 6 0 3133
340 40 13 0 3133
340 42 11 0 3133
340 46 20 0 3133
340 55 7 0 3133
340 55 24 0 3133
340 60 11 0 3133
340 60 30 0 3133
340 61 4 0 3133
340 68 20 0 3133
340 75 16 0 3133
340 83 15 0 3133
340 96 30 0 3133
340 99 17 0 3133
341 3 1 0 3133
341 5 12 0 3133
341 9 1 0 3133
341 11 12 0 3133
341 11 17 0 3133
341 13 3 0 3133
341 16 31 0 3133
341 20 3 0 3133
341 21 2 0 3133
341 39 0 0 3133
341 39 21 0 3133
341 41 30 0 3133
341 44 6 0 3133
341 45 6 0 3133
341 60 11 0 3133
341 65 29 0 3133
341 91 11 0 3133
342 7 8 0 3133
342 10 7 0 3133
342 12 12 0 3133
342 24 29 0 3133
342 28 12 0 3133
342 36 20 0 3133
342 42 9 0 3133
342 54 31 0 3133
342 55 31 0 3133
342 59 17 0 3133
342 59 20 0 3133
342 68 17 0 3133
342 82 24 0 3133
342 95 2 0 3133
342 96 29 0 3133
342 98 25 0 3133
342 100 0 0 3133
343 0 10 0 3133
343 2 0 0 3133
343 6 14 0 3133
343 7 10 0 3133
343 16 20 0 3133
343 18 28 0 3133
343 20 2 0 3133
343 22 2 0 3133
343 22 26 0 3133
343 23 6 0 3133
343 23 29 0 3133
343 31 20 0 3133
343 35 2 0 3133
343 40 29 0 3133
343 41 9 0 3133
343 44 16 0 3133
343 49 10 0 3133
343 53 11 0 3133
343 53 24 0 3133
343 59 19 0 3133
343 60 23 0 3133
343 62 1 0 3133
343 70 17 0 3133
343 76 27 0 3133
343 77 31 0 3133
343 79 9 0 3133
343 79 23 0 3133
343 81 13 0 3133
343 82 12 0 3133
343 94 1 0 3133
343 98 30 0 3133
343 100 29 0 3133
344 2 15 0 3133
344 5 18 0 3133
344 14 13 0 3133
344 15 11 0 3133
344 15 24 0 3133
344 15 25 0 3133
344 16 14 0 3133
344 19 6 0 3133
344 26 2 0 3133
344 27 15 0 3133
344 28 13 0 3133
344 29 12 0 3133
344 36 12 0 3133
344 43 27 0 3133
344 48 11 0 3133
344 51 13 0 3133
344 52 5 0 3133
344 61 21 0 3133
344 68 2 0 3133
344 69 23 0 3133
344 73 5 0 3133
344 73 28 0 3133
344 75 23 0 3133
344 77 2 0 3133
344 84 0 0 3133
345 6 5 0 3133
345 17 22 0 3133
345 30 18 0 3133
345 48 3 0 3133
345 49 11 0 3133
345 57 15 0 3133
345 61 22 0 3133
345 69 3 0 3133
345 83 0 0 3133
345 88 11 0 3133
345 92 30 0 3133
345 97 26 0 3133
346 2 16 0 3133
346 4 16 0 3133
346 10 4 0 3133
346 13 28 0 3133
346 25 3 0 3133
346 37 16 0 3133
346 42 24 0 3133
346 45 26 0 3133
346 49 26 0 3133
346 49 30 0 3133
346 53 0 0 3133
346 59 13 0 3133
346 59 16 0 3133
346 63 2 0 3133
346 69 7 0 3133
346 75 1 0 3133
346 77 28 0 3133
346 81 3 0 3133
346 82 20 0 3133
346 82 23 0 3133
346 83 25 0 3133
346 86 14 0 3133
346 88 9 0 3133
346 88 15 0 3133
346 90 13 0 3133
347 13 6 0 3133
347 16 15 0 3133
347 21 31 0 3133
347 25 23 0 3133
347 28 25 0 3133
347 35 18 0 3133
347 44 30 0 3133
347 48 27 0 3133
347 71 15 0 3133
347 74 5 0 3133
347 75 16 0 3133
347 77 11 0 3133
347 77 23 0 3133
347 80 15 0 3133
347 87 12 0 3133
347 88 14 0 3133
347 99 17 0 3133
347 100 24 0 3133
348 0 13 0 3133
348 3 5 0 3133
348 8 8 0 3133
348 8 25 0 3133
348 13 21 0 3133
348 15 19 0 3133
348 32 0 0 3133
348 33 7 0 3133
348 34 25 0 3133
348 43 5 0 3133
348 57 3 0 3133
348 59 0 0 3133
348 64 21 0 3133
348 73 26 0 3133
348 76 31 0 3133
348 84 10 0 3133
348 88 0 0 3133
348 91 5 0 3133
348 94 25 0 3133
348 97 24 0 3133
348 98 23 0 3133
348 100 7 0 3133
349 0 27 0 3133
349 1 30 0 3133
349 2 22 0 3133
349 3 27 0 3133
349 12 7 0 3133
349 20 19 0 3133
349 25 8 0 3133
349 28 13 0 3133
349 39 23 0 3133
349 40 8 0 3133
349 40 30 0 3133
349 41 28 0 3133
349 48 6 0 3133
349 49 28 0 3133
349 53 7 0 3133
349 61 20 0 3133
349 80 7 0 3133
349 84 25 0 3133
349 91 0 0 3133
349 95 22 0 3133
350 2 30 0 3133
350 3 11 0 3133
350 9 3 0 3133
350 14 25 0 3133
350 16 20 0 3133
350 18 27 0 3133
350 25 2 0 3133
350 25 18 0 3133
350 28 12 0 3133
350 37 13 0 3133
350 40 13 0 3133
350 44 29 0 3133
350 51 29 0 3133
350 52 14 0 3133
350 63 17 0 3133
350 64 20 0 3133
350 69 22 0 3133
350 71 4 0 3133
350 77 2 0 3133
350 77 3 0 3133
350 83 2 0 3133
350 93 29 0 3133
350 94 27 0 3133
350 98 2 0 3133
351 5 13 0 3133
351 7 2 0 3133
351 13 26 0 3133
351 16 10 0 3133
351 18 12 0 3133
351 32 20 0 3133
351 36 14 0 3133
351 43 19 0 3133
351 45 22 0 3133
351 49 19 0 3133
351 51 24 0 3133
351 63 29 0 3133
351 64 5 0 3133
351 64 12 0 3133
351 66 9 0 3133
351 74 4 0 3133
351 79 23 0 3133
351 81 11 0 3133
351 82 14 0 3133
351 83 25 0 3133
351 89 7 0 3133
351 92 27 0 3133
351 93 22 0 3133
351 96 27 0 3133
351 97 11 0 3133
351 99 2 0 3133
352 7 25 0 3133
352 9 7 0 3133
352 28 4 0 3133
352 37 8 0 3133
352 41 16 0 3133
352 61 16 0 3133
352 64 29 0 3133
352 67 4 0 3133
352 72 23 0 3133
352 75 14 0 3133
352 76 4 0 3133
352 94 3 0 3133
352 95 18 0 3133
353 0 6 0 3133
353 5 10 0 3133
353 13 25 0 3133
353 17 22 0 3133
353 21 30 0 3133
353 24 28 0 3133
353 45 27 0 3133
353 52 23 0 3133
353 53 19 0 3133
353 57 20 0 3133
353 58 23 0 3133
353 72 13 0 3133
353 81 30 0 3133
353 86 27 0 3133
353 93 26 0 3133
353 94 19 0 3133
353 96 18 0 3133
354 0 23 0 3133
354 3 0 0 3133
354 8 8 0 3133
354 14 30 0 3133
354 15 29 0 3133
354 25 12 0 3133
354 26 20 0 3133
354 33 10 0 3133
354 44 22 0 3133
354 46 24 0 3133
354 52 7 0 3133
354 57 28 0 3133
354 59 15 0 3133
354 65 15 0 3133
354 67 6 0 3133
354 71 15 0 3133
354 72 12 0 3133
354 72 21 0 3133
354 80 23 0 3133
354 84 19 0 3133
354 95 13 0 3133
354 95 27 0 3133
355 7 24 0 3133
355 14 23 0 3133
355 15 7 0 3133
355 31 14 0 3133
355 53 8 0 3133
355 56 29 0 3133
355 57 2 0 3133
355 60 1 0 3133
355 65 25 0 3133
355 66 29 0 3133
355 70 18 0 3133
355 73 22 0 3133
355 78 3 0 3133
355 79 31 0 3133
355 80 15 0 3133
355 83 21 0 3133
355 84 6 0 3133
355 86 12 0 3133
355 99 21 0 3133
355 99 23 0 3133
356 0 7 0 3133
356 2 3 0 3133
356 7 18 0 3133
356 16 28 0 3133
356 18 23 0 3133
356 22 7 0 3133
356 22 21 0 3133
356 24 30 0 3133
356 25 0 0 3133
356 25 2 0 3133
356 26 10 0 3133
356 30 0 0 3133
356 35 5 0 3133
356 42 24 0 3133
356 42 29 0 3133
356 46 18 0 3133
356 60 16 0 3133
356 78 13 0 3133
356 82 11 0 3133
357 3 7 0 3133
357 3 25 0 3133
357 4 19 0 3133
357 10 4 0 3133
357 10 8 0 3133
357 14 11 0 3133
357 16 7 0 3133
357 21 0 0 3133
357 24 10 0 3133
357 24 29 0 3133
357 24 30 0 3133
357 32 31 0 3133
357 33 31 0 3133
357 35 16 0 3133
357 50 28 0 3133
357 56 13 0 3133
357 56 17 0 3133
357 57 1 0 3133
357 64 5 0 3133
357 69 8 0 3133
357 70 10 0 3133
357 73 3 0 3133
357 79 12 0 3133
357 83 18 0 3133
357 91 21 0 3133
357 96 15 0 3133
357 96 17 0 3133
358 3 25 0 3133
358 5 10 0 3133
358 6 5 0 3133
358 7 12 0 3133
358 8 12 0 3133
358 8 19 0 3133
358 16 8 0 3133
358 16 20 0 3133
358 45 0 0 3133
358 48 1 0 3133
358 50 17 0 3133
358 51 18 0 3133
358 56 12 0 3133
358 56 13 0 3133
358 64 6 0 3133
358 69 6 0 3133
358 72 21 0 3133
358 75 0 0 3133
358 75 21 0 3133
358 82 18 0 3133
358 90 6 0 3133
358 90 30 0 3133
358 99 1 0 3133
358 99 17 0 3133
359 5 2 0 3133
359 16 2 0 3133
359 19 10 0 3133
359 36 6 0 3133
359 51 23 0 3133
359 58 3 0 3133
359 78 12 0 3133
359 78 24 0 3133
359 80 6 0 3133
359 84 15 0 3133
359 84 22 0 3133
359 85 16 0 3133
359 87 1 0 3133
359 94 21 0 3133
359 96 2 0 3133
359 96 7 0 3133
359 96 12 0 3133
359 97 10 0 3133
359 99 22 0 3133
360 3 4 0 3133
360 11 14 0 3133
360 39 1 0 3133
360 46 27 0 3133
360 49 2 0 3133
360 63 20 0 3133
360 69 19 0 3133
360 73 25 0 3133
360 77 14 0 3133
360 79 14 0 3133
360 83 9 0 3133
360 95 9 0 3133
360 98 18 0 3133
361 7 2 0 3133
361 8 20 0 3133
361 12 26 0 3133
361 13 7 0 3133
361 17 15 0 3133
361 20 14 0 3133
361 22 31 0 3133
361 37 29 0 3133
361 40 8 0 3133
361 46 20 0 3133
361 50 8 0 3133
361 58 11 0 3133
361 66 2 0 3133
361 77 0 0 3133
361 80 20 0 3133
361 83 12 0 3133
361 85 29 0 3133
361 88 8 0 3133
361 89 21 0 3133
361 91 15 0 3133
361 97 20 0 3133
361 100 22 0 3133
362 0 20 0 3133
362 10 15 0 3133
362 15 17 0 3133
362 16 21 0 3133
362 18 0 0 3133
362 21 30 0 3133
362 23 5 0 3133
362 33 14 0 3133
362 34 19 0 3133
362 37 24 0 3133
362 52 0 0 3133
362 66 29 0 3133
362 73 8 0 3133
362 73 31 0 3133
362 77 23 0 3133
362 78 23 0 3133
362 80 5 0 3133
362 86 30 0 3133
362 93 4 0 3133
362 97 7 0 3133
362 97 23 0 3133
362 99 21 0 3133
363 1 29 0 3133
363 5 5 0 3133
363 8 11 0 3133
363 9 6 0 3133
363 14 26 0 3133
363 21 14 0 3133
363 33 2 0 3133
363 34 6 0 3133
363 37 14 0 3133
363 49 8 0 3133
363 64 30 0 3133
363 67 4 0 3133
363 69 28 0 3133
363 71 11 0 3133
363 76 3 0 3133
363 79 13 0 3133
363 81 26 0 3133
363 87 15 0 3133
364 2 14 0 3133
364 8 27 0 3133
364 11 4 0 3133
364 11 30 0 3133
364 13 11 0 3133
364 14 11 0 3133
364 19 2 0 3133
364 24 17 0 3133
364 27 0 0 3133
364 27 22 0 3133
364 36 3 0 3133
364 44 8 0 3133
364 46 20 0 3133
364 48 9 0 3133
364 56 12 0 3133
364 58 18 0 3133
364 62 17 0 3133
364 63 12 0 3133
364 63 16 0 3133
364 64 10 0 3133
364 67 17 0 3133
364 75 31 0 3133
364 77 1 0 3133
364 81 24 0 3133
364 84 8 0 3133
364 88 9 0 3133
364 93 9 0 3133
364 94 3 0 3133
364 98 11 0 3133
365 6 19 0 3133
365 8 16 0 3133
365 8 25 0 3133
365 11 0 0 3133
365 16 1 0 3133
365 16 8 0 3133
365 17 19 0 3133
365 21 16 0 3133
365 22 4 0 3133
365 38 3 0 3133
365 41 22 0 3133
365 46 20 0 3133
365 51 7 0 3133
365 52 26 0 3133
365 56 26 0 3133
365 62 21 0 3133
365 70 11 0 3133
365 72 12 0 3133
365 80 12 0 3133
365 97 1 0 3133
365 97 29 0 3133
366 10 23 0 3133
366 13 12 0 3133
366 14 15 0 3133
366 25 9 0 3133
366 28 10 0 3133
366 39 0 0 3133
366 45 9 0 3133
366 47 18 0 3133
366 50 4 0 3133
366 53 25 0 3133
366 63 17 0 3133
366 75 6 0 3133
366 76 2 0 3133
366 81 11 0 3133
366 81 19 0 3133
366 83 12 0 3133
366 85 27 0 3133
366 86 4 0 3133
366 87 28 0 3133
366 89 27 0 3133
366 90 8 0 3133
366 95 1 0 3133
366 100 24 0 3133
367 3 23 0 3133
367 6 3 0 3133
367 19 15 0 3133
367 36 23 0 3133
367 38 26 0 3133
367 42 2 0 3133
367 43 16 0 3133
367 50 19 0 3133
367 66 15 0 3133
367 70 18 0 3133
367 74 3 0 3133
367 81 21 0 3133
367 84 11 0 3133
367 86 11 0 3133
367 93 0 0 3133
368 2 31 0 3133
368 6 27 0 3133
368 10 29 0 3133
368 15 11 0 3133
368 18 12 0 3133
368 23 11 0 3133
368 25 9 0 3133
368 43 0 0 3133
368 48 5 0 3133
368 50 0 0 3133
368 56 0 0 3133
368 57 24 0 3133
368 61 2 0 3133
368 63 8 0 3133
368 66 26 0 3133
368 68 3 0 3133
368 69 19 0 3133
368 71 10 0 3133
368 71 17 0 3133
368 76 23 0 3133
368 78 2 0 3133
368 88 17 0 3133
368 88 18 0 3133
368 94 20 0 3133
368 99 2 0 3133
369 5 3 0 3133
369 13 6 0 3133
369 13 18 0 3133
369 13 29 0 3133
369 15 26 0 3133
369 32 6 0 3133
369 40 12 0 3133
369 44 10 0 3133
369 48 5 0 3133
369 61 6 0 3133
369 62 13 0 3133
369 68 23 0 3133
369 70 30 0 3133
369 75 24 0 3133
369 76 20 0 3133
369 81 29 0 3133
369 87 17 0 3133
369 91 24 0 3133
369 91 29 0 3133
369 95 9 0 3133
370 10 3 0 3133
370 16 14 0 3133
370 23 16 0 3133
370 28 21 0 3133
370 33 15 0 3133
370 40 4 0 3133
370 50 14 0 3133
370 54 28 0 3133
370 57 19 0 3133
370 69 15 0 3133
370 71 20 0 3133
370 71 30 0 3133
370 73 0 0 3133
370 77 15 0 3133
370 83 26 0 3133
370 85 18 0 3133
370 90 18 0 3133
370 94 11 0 3133
370 97 9 0 3133
370 97 10 0 3133
370 97 27 0 3133
370 100 11 0 3133
371 0 26 0 3133
371 8 10 0 3133
371 8 23 0 3133
371 19 7 0 3133
371 25 4 0 3133
371 30 2 0 3133
371 38 8 0 3133
371 38 12 0 3133
371 43 5 0 3133
371 49 9 0 3133
371 52 10 0 3133
371 54 6 0 3133
371 55 31 0 3133
371 57 8 0 3133
371 60 22 0 3133
371 61 6 0 3133
371 63 17 0 3133
371 65 25 0 3133
371 65 30 0 3133
371 78 9 0 3133
371 83 22 0 3133
371 88 28 0 3133
371 90 30 0 3133
371 95 14 0 3133
372 5 6 0 3133
372 5 29 0 3133
372 10 3 0 3133
372 20 2 0 3133
372 23 31 0 3133
372 26 2 0 3133
372 30 30 0 3133
372 32 27 0 3133
372 35 1 0 3133
372 36 30 0 3133
372 37 18 0 3133
372 37 23 0 3133
372 41 28 0 3133
372 43 19 0 3133
372 50 24 0 3133
372 59 25 0 3133
372 67 12 0 3133
372 88 11 0 3133
372 95 19 0 3133
372 100 13 0 3133
373 2 12 0 3133
373 3 21 0 3133
373 10 11 0 3133
373 11 19 0 3133
373 15 2 0 3133
373 23 2 0 3133
373 23 27 0 3133
373 31 19 0 3133
373 33 24 0 3133
373 36 29 0 3133
373 38 8 0 3133
373 41 2 0 3133
373 42 5 0 3133
373 45 30 0 3133
373 48 31 0 3133
373 49 2 0 3133
373 50 22 0 3133
373 51 8 0 3133
373 54 27 0 3133
373 56 11 0 3133
373 57 18 0 3133
373 60 13 0 3133
373 60 28 0 3133
373 62 25 0 3133
373 70 6 0 3133
373 76 15 0 3133
373 80 5 0 3133
373 80 20 0 3133
373 82 18 0 3133
373 90 7 0 3133
373 94 29 0 3133
374 0 30 0 3133
374 1 22 0 3133
374 15 22 0 3133
374 18 6 0 3133
374 29 4 0 3133
374 45 1 0 3133
374 49 4 0 3133
374 50 24 0 3133
374 60 19 0 3133
374 61 21 0 3133
374 70 22 0 3133
374 72 8 0 3133
374 87 31 0 3133
374 88 8 0 3133
374 90 24 0 3133
374 90 26 0 3133
374 91 3 0 3133
374 99 22 0 3133
375 1 7 0 3133
375 7 27 0 3133
375 7 28 0 3133
375 7 30 0 3133
375 18 0 0 3133
375 18 25 0 3133
375 26 5 0 3133
375 34 15 0 3133
375 40 0 0 3133
375 40 2 0 3133
375 40 23 0 3133
375 42 12 0 3133
375 44 25 0 3133
375 45 19 0 3133
375 46 21 0 3133
375 48 3 0 3133
375 52 31 0 3133
375 65 30 0 3133
375 66 10 0 3133
375 67 10 0 3133
375 75 22 0 3133
375 79 7 0 3133
375 84 3 0 3133
375 92 11 0 3133
376 0 12 0 3133
376 0 22 0 3133
376 9 16 0 3133
376 12 1 0 3133
376 12 10 0 3133
376 19 27 0 3133
376 26 11 0 3133
376 29 20 0 3133
376 31 7 0 3133
376 32 6 0 3133
376 37 19 0 3133
376 48 4 0 3133
376 50 25 0 3133
376 71 10 0 3133
376 72 20 0 3133
376 73 8 0 3133
376 80 4 0 3133
376 84 24 0 3133
377 16 24 0 3133
377 18 27 0 3133
377 22 15 0 3133
377 30 5 0 3133
377 31 7 0 3133
377 31 12 0 3133
377 33 7 0 3133
377 48 14 0 3133
377 50 11 0 3133
377 61 6 0 3133
377 71 0 0 3133
377 72 30 0 3133
377 74 27 0 3133
377 86 11 0 3133
378 0 27 0 3133
378 2 28 0 3133
378 10 7 0 3133
378 11 17 0 3133
378 17 17 0 3133
378 26 17 0 3133
378 30 13 0 3133
378 32 25 0 3133
378 45 13 0 3133
378 55 23 0 3133
378 57 16 0 3133
378 65 11 0 3133
378 77 29 0 3133
378 81 15 0 3133
378 83 28 0 3133
378 84 2 0 3133
378 90 9 0 3133
378 92 14 0 3133
378 92 15 0 3133
378 96 25 0 3133
378 96 27 0 3133
378 98 18 0 3133
378 98 25 0 3133
378 98 26 0 3133
379 1 30 0 3133
379 4 9 0 3133
379 11 25 0 3133
379 27 14 0 3133
379 28 17 0 3133
379 31 3 0 3133
379 31 13 0 3133
379 38 5 0 3133
379 43 12 0 3133
379 43 31 0 3133
379 48 24 0 3133
379 50 28 0 3133
379 52 19 0 3133
379 57 7 0 3133
379 58 1 0 3133
379 70 16 0 3133
379 73 11 0 3133
379 78 23 0 3133
379 83 23 0 3133
379 86 27 0 3133
379 94 17 0 3133
379 98 5 0 3133
380 1 12 0 3133
380 9 24 0 3133
380 13 16 0 3133
380 16 1 0 3133
380 19 29 0 3133
380 20 0 0 3133
380 20 11 0 3133
380 21 31 0 3133
380 25 16 0 3133
380 27 5 0 3133
380 27 10 0 3133
380 43 9 0 3133
380 47 1 0 3133
380 53 2 0 3133
380 60 2 0 3133
380 61 15 0 3133
380 64 9 0 3133
380 66 16 0 3133
380 73 26 0 3133
380 75 22 0 3133
380 81 15 0 3133
380 92 6 0 3133
380 92 13 0 3133
380 93 17 0 3133
381 1 27 0 3133
381 3 22 0 3133
381 6 16 0 3133
381 12 28 0 3133
381 20 30 0 3133
381 22 4 0 3133
381 43 12 0 3133
381 47 9 0 3133
381 71 18 0 3133
381 73 4 0 3133
381 80 15 0 3133
381 81 19 0 3133
381 82 3 0 3133
381 82 16 0 3133
381 84 15 0 3133
381 87 9 0 3133
382 1 13 0 3133
382 8 18 0 3133
382 12 6 0 3133
382 17 28 0 3133
382 18 1 0 3133
382 24 5 0 3133
382 26 4 0 3133
382 27 16 0 3133
382 36 25 0 3133
382 48 24 0 3133
382 53 6 0 3133
382 54 15 0 3133
382 54 16 0 3133
382 55 30 0 3133
382 56 23 0 3133
382 56 24 0 3133
382 62 12 0 3133
382 62 17 0 3133
382 67 16 0 3133
382 69 8 0 3133
382 76 31 0 3133
382 80 11 0 3133
382 81 6 0 3133
382 86 6 0 3133
382 87 18 0 3133
382 91 2 0 3133
382 93 1 0 3133
382 100 19 0 3133
383 0 7 0 3133
383 2 17 0 3133
383 9 8 0 3133
383 12 24 0 3133
383 19 2 0 3133
383 20 4 0 3133
383 25 15 0 3133
383 28 8 0 3133
383 29 14 0 3133
383 33 13 0 3133
383 50 24 0 3133
383 64 15 0 3133
383 70 29 0 3133
383 71 8 0 3133
383 94 3 0 3133
383 94 19 0 3133
383 96 26 0 3133
383 98 23 0 3133
384 1 1 0 3133
384 3 16 0 3133
384 6 24 0 3133
384 11 1 0 3133
384 12 2 0 3133
384 13 5 0 3133
384 13 24 0 3133
384 17 7 0 3133
384 17 21 0 3133
384 22 31 0 3133
384 25 29 0 3133
384 28 14 0 3133
384 30 29 0 3133
384 34 29 0 3133
384 40 15 0 3133
384 44 12 0 3133
384 44 25 0 3133
384 46 14 0 3133
384 47 26 0 3133
384 53 15 0 3133
384 58 2 0 3133
384 60 18 0 3133
384 61 8 0 3133
384 64 0 0 3133
384 64 11 0 3133
384 67 19 0 3133
384 71 6 0 3133
384 72 14 0 3133
384 73 18 0 3133
384 76 8 0 3133
384 80 25 0 3133
384 81 9 0 3133
384 89 7 0 3133
384 89 14 0 3133
384 93 1 0 3133
384 96 22 0 3133
385 9 5 0 3133
385 13 7 0 3133
385 18 30 0 3133
385 25 13 0 3133
385 26 26 0 3133
385 28 18 0 3133
385 33 20 0 3133
385 39 18 0 3133
385 40 7 0 3133
385 40 19 0 3133
385 42 26 0 3133
385 47 10 0 3133
385 50 11 0 3133
385 64 9 0 3133
385 72 31 0 3133
385 91 11 0 3133
385 92 26 0 3133
385 96 3 0 3133
386 2 13 0 3133
386 9 27 0 3133
386 13 4 0 3133
386 22 26 0 3133
386 23 10 0 3133
386 37 26 0 3133
386 44 31 0 3133
386 49 25 0 3133
386 50 23 0 3133
386 56 12 0 3133
386 60 0 0 3133
386 68 0 0 3133
386 69 4 0 3133
386 70 8 0 3133
386 73 3 0 3133
386 76 11 0 3133
386 78 14 0 3133
386 82 4 0 3133
386 84 0 0 3133
386 84 17 0 3133
386 88 26 0 3133
386 95 15 0 3133
386 100 16 0 3133
386 100 23 0 3133
387 4 1 0 3133
387 5 26 0 3133
387 7 5 0 3133
387 14 14 0 3133
387 19 27 0 3133
387 24 6 0 3133
387 26 27 0 3133
387 28 29 0 3133
387 31 21 0 3133
387 37 11 0 3133
387 42 23 0 3133
387 45 27 0 3133
387 46 8 0 3133
387 62 1 0 3133
387 63 19 0 3133
387 73 2 0 3133
387 74 0 0 3133
387 80 9 0 3133
387 92 11 0 3133
387 96 29 0 3133
387 98 27 0 3133
388 9 4 0 3133
388 34 23 0 3133
388 38 0 0 3133
388 42 21 0 3133
388 43 23 0 3133
388 45 6 0 3133
388 46 17 0 3133
388 66 19 0 3133
388 67 18 0 3133
388 67 20 0 3133
388 70 2 0 3133
388 73 16 0 3133
388 74 9 0 3133
388 80 29 0 3133
388 83 25 0 3133
388 84 5 0 3133
388 86 25 0 3133
388 89 8 0 3133
388 99 10 0 3133
389 19 21 0 3133
389 22 13 0 3133
389 30 22 0 3133
389 36 19 0 3133
389 39 13 0 3133
389 41 19 0 3133
389 60 5 0 3133
389 63 24 0 3133
389 73 2 0 3133
389 78 23 0 3133
389 84 6 0 3133
389 92 22 0 3133
389 95 8 0 3133
390 12 6 0 3133
390 25 7 0 3133
390 51 16 0 3133
390 57 8 0 3133
390 63 27 0 3133
390 81 10 0 3133
390 82 13 0 3133
390 83 28 0 3133
390 95 9 0 3133
390 100 30 0 3133
391 2 30 0 3133
391 11 22 0 3133
391 16 9 0 3133
391 22 12 0 3133
391 22 23 0 3133
391 54 9 0 3133
391 66 0 0 3133
391 74 9 0 3133
391 90 21 0 3133
391 91 5 0 3133
391 92 21 0 3133
391 97 13 0 3133
391 98 23 0 3133
392 2 13 0 3133
392 10 18 0 3133
392 11 21 0 3133
392 12 30 0 3133
392 16 25 0 3133
392 17 14 0 3133
392 17 25 0 3133
392 20 0 0 3133
392 23 15 0 3133
392 28 17 0 3133
392 33 12 0 3133
392 51 15 0 3133
392 62 12 0 3133
392 71 24 0 3133
392 72 3 0 3133
392 73 12 0 3133
392 79 28 0 3133
392 85 25 0 3133
392 92 10 0 3133
392 95 14 0 3133
392 96 5 0 3133
393 5 29 0 3133
393 19 27 0 3133
393 23 14 0 3133
393 29 18 0 3133
393 32 20 0 3133
393 49 14 0 3133
393 55 26 0 3133
393 61 21 0 3133
393 61 24 0 3133
393 75 26 0 3133
393 76 15 0 3133
393 78 10 0 3133
393 79 4 0 3133
393 82 6 0 3133
393 82 14 0 3133
393 86 14 0 3133
393 89 31 0 3133
393 91 4 0 3133
393 91 25 0 3133
394 5 10 0 3133
394 19 5 0 3133
394 22 28 0 3133
394 27 1 0 3133
394 27 8 0 3133
394 30 1 0 3133
394 32 27 0 3133
394 39 19 0 3133
394 43 16 0 3133
394 61 20 0 3133
394 71 12 0 3133
394 75 29 0 3133
394 76 18 0 3133
394 80 31 0 3133
394 81 6 0 3133
394 85 1 0 3133
394 90 28 0 3133
394 91 14 0 3133
394 92 18 0 3133
394 94 24 0 3133
394 95 4 0 3133
394 97 10 0 3133
394 99 27 0 3133
395 2 6 0 3133
395 4 25 0 3133
395 6 7 0 3133
395 7 21 0 3133
395 15 11 0 3133
395 27 18 0 3133
395 32 15 0 3133
395 51 11 0 3133
395 60 4 0 3133
395 63 9 0 3133
395 65 21 0 3133
395 67 2 0 3133
395 70 2 0 3133
395 74 31 0 3133
395 77 29 0 3133
395 79 13 0 3133
395 87 29 0 3133
395 89 3 0 3133
395 94 23 0 3133
395 96 24 0 3133
395 96 29 0 3133
395 98 6 0 3133
396 0 7 0 3133
396 4 17 0 3133
396 7 23 0 3133
396 8 24 0 3133
396 8 29 0 3133
396 15 29 0 3133
396 20 29 0 3133
396 21 29 0 3133
396 30 15 0 3133
396 34 7 0 3133
396 37 19 0 3133
396 39 26 0 3133
396 64 31 0 3133
396 66 26 0 3133
396 67 8 0 3133
396 68 17 0 3133
396 73 29 0 3133
396 75 20 0 3133
396 85 2 0 3133
396 87 15 0 3133
396 89 6 0 3133
396 90 6 0 3133
396 96 21 0 3133
396 99 30 0 3133
397 3 24 0 3133
397 4 4 0 3133
397 24 23 0 3133
397 26 30 0 3133
397 28 4 0 3133
397 43 9 0 3133
397 44 14 0 3133
397 78 12 0 3133
397 84 2 0 3133
397 85 29 0 3133
397 92 3 0 3133
397 100 0 0 3133
398 0 27 0 3133
398 4 17 0 3133
398 7 25 0 3133
398 10 30 0 3133
398 11 19 0 3133
398 19 20 0 3133
398 29 3 0 3133
398 34 20 0 3133
398 41 28 0 3133
398 46 28 0 3133
398 46 31 0 3133
398 47 25 0 3133
398 54 14 0 3133
398 66 29 0 3133
398 69 14 0 3133
398 73 23 0 3133
398 75 6 0 3133
398 81 24 0 3133
398 83 24 0 3133
398 84 24 0 3133
398 87 29 0 3133
398 88 3 0 3133
398 90 1 0 3133
398 96 28 0 3133
399 5 15 0 3133
399 19 12 0 3133
399 24 21 0 3133
399 25 17 0 3133
399 30 21 0 3133
399 33 9 0 3133
399 39 18 0 3133
399 41 13 0 3133
399 43 4 0 3133
399 49 13 0 3133
399 60 24 0 3133
399 65 31 0 3133
399 69 23 0 3133
399 79 18 0 3133
399 81 30 0 3133
399 89 17 0 3133
399 94 25 0 3133
400 0 21 0 3133
400 1 19 0 3133
400 5 17 0 3133
400 6 0 0 3133
400 12 22 0 3133
400 12 28 0 3133
400 12 29 0 3133
400 14 19 0 3133
400 16 14 0 3133
400 16 21 0 3133
400 20 10 0 3133
400 21 6 0 3133
400 23 2 0 3133
400 38 1 0 3133
400 39 1 0 3133
400 43 6 0 3133
400 43 17 0 3133
400 44 14 0 3133
400 50 25 0 3133
400 66 17 0 3133
400 71 30 0 3133
400 76 22 0 3133
400 85 31 0 3133
400 93 25 0 3133
400 99 27 0 3133
401 2 7 0 3133
401 4 2 0 3133
401 7 12 0 3133
401 9 11 0 3133
401 9 21 0 3133
401 11 19 0 3133
401 15 22 0 3133
401 21 2 0 3133
401 26 3 0 3133
401 31 2 0 3133
401 32 16 0 3133
401 36 29 0 3133
401 39 16 0 3133
401 45 0 0 3133
401 50 19 0 3133
401 53 20 0 3133
401 56 1 0 3133
401 58 30 0 3133
401 63 9 0 3133
401 67 3 0 3133
401 71 29 0 3133
401 75 18 0 3133
401 77 30 0 3133
401 79 19 0 3133
401 80 25 0 3133
401 84 10 0 3133
401 85 8 0 3133
401 85 21 0 3133
401 92 18 0 3133
401 95 7 0 3133
401 95 21 0 3133
401 98 14 0 3133
402 4 29 0 3133
402 14 7 0 3133
402 14 29 0 3133
402 17 30 0 3133
402 23 8 0 3133
402 24 20 0 3133
402 35 2 0 3133
402 37 19 0 3133
402 39 23 0 3133
402 43 16 0 3133
402 56 12 0 3133
402 64 13 0 3133
402 68 23 0 3133
402 75 25 0 3133
402 77 20 0 3133
402 79 19 0 3133
402 79 29 0 3133
402 91 20 0 3133
402 93 29 0 3133
402 99 11 0 3133
402 99 30 0 3133
403 0 10 0 3133
403 1 8 0 3133
403 8 27 0 3133
403 12 26 0 3133
403 14 5 0 3133
403 15 23 0 3133
403 36 11 0 3133
403 40 21 0 3133
403 50 31 0 3133
403 53 13 0 3133
403 56 1 0 3133
403 68 4 0 3133
403 74 6 0 3133
403 76 19 0 3133
403 84 15 0 3133
403 89 12 0 3133
403 100 22 0 3133
404 12 31 0 3133
404 15 0 0 3133
404 34 23 0 3133
404 35 2 0 3133
404 38 26 0 3133
404 43 10 0 3133
404 44 23 0 3133
404 49 24 0 3133
404 56 31 0 3133
404 57 23 0 3133
404 58 29 0 3133
404 63 30 0 3133
404 71 31 0 3133
404 72 28 0 3133
404 88 19 0 3133
404 100 7 0 3133
404 100 18 0 3133
405 2 27 0 3133
405 6 3 0 3133
405 8 28 0 3133
405 9 5 0 3133
405 9 28 0 3133
405 12 2 0 3133
405 12 7 0 3133
405 15 10 0 3133
405 21 13 0 3133
405 24 23 0 3133
405 24 24 0 3133
405 62 7 0 3133
405 64 6 0 3133
405 82 0 0 3133
405 93 26 0 3133
405 98 5 0 3133
405 100 8 0 3133
406 0 28 0 3133
406 11 8 0 3133
406 19 5 0 3133
406 21 3 0 3133
406 21 30 0 3133
406 27 28 0 3133
406 34 30 0 3133
406 38 20 0 3133
406 42 1 0 3133
406 56 18 0 3133
406 63 25 0 3133
406 70 8 0 3133
406 71 7 0 3133
406 72 7 0 3133
406 72 28 0 3133
406 74 21 0 3133
406 78 15 0 3133
406 81 22 0 3133
406 84 20 0 3133
406 85 23 0 3133
406 92 11 0 3133
407 1 8 0 3133
407 1 12 0 3133
407 1 16 0 3133
407 4 27 0 3133
407 9 6 0 3133
407 9 30 0 3133
407 10 2 0 3133
407 13 7 0 3133
407 28 4 0 3133
407 32 8 0 3133
407 32 15 0 3133
407 33 1 0 3133
407 47 10 0 3133
407 47 19 0 3133
407 48 14 0 3133
407 49 6 0 3133
407 52 0 0 3133
407 57 18 0 3133
407 57 28 0 3133
407 63 25 0 3133
407 67 24 0 3133
407 75 20 0 3133
407 76 28 0 3133
407 80 26 0 3133
407 83 14 0 3133
407 90 2 0 3133
407 91 22 0 3133
407 94 13 0 3133
408 0 26 0 3133
408 8 29 0 3133
408 24 12 0 3133
408 29 27 0 3133
408 30 26 0 3133
408 33 4 0 3133
408 44 7 0 3133
408 44 22 0 3133
408 50 23 0 3133
408 51 4 0 3133
408 52 11 0 3133
408 56 5 0 3133
408 59 9 0 3133
408 59 20 0 3133
408 61 17 0 3133
408 62 21 0 3133
408 63 24 0 3133
408 64 0 0 3133
408 67 31 0 3133
408 74 0 0 3133
408 81 4 0 3133
408 82 4 0 3133
408 83 18 0 3133
408 87 4 0 3133
408 92 13 0 3133
408 92 27 0 3133
408 96 10 0 3133
409 8 29 0 3133
409 26 28 0 3133
409 29 19 0 3133
409 29 25 0 3133
409 37 2 0 3133
409 37 15 0 3133
409 48 23 0 3133
409 52 31 0 3133
409 57 19 0 3133
409 59 19 0 3133
409 60 4 0 3133
409 60 12 0 3133
409 61 25 0 3133
409 64 23 0 3133
409 73 15 0 3133
409 77 6 0 3133
409 81 15 0 3133
409 82 20 0 3133
409 89 20 0 3133
409 100 3 0 3133
410 0 23 0 3133
410 3 21 0 3133
410 8 17 0 3133
410 14 18 0 3133
410 15 12 0 3133
410 16 28 0 3133
410 20 18 0 3133
410 31 9 0 3133
410 45 21 0 3133
410 61 18 0 3133
410 65 26 0 3133
410 69 2 0 3133
410 71 6 0 3133
410 72 22 0 3133
410 74 19 0 3133
410 75 11 0 3133
410 75 14 0 3133
410 75 28 0 3133
410 80 2 0 3133
410 82 18 0 3133
410 86 28 0 3133
410 91 12 0 3133
410 94 24 0 3133
411 0 9 0 3133
411 3 23 0 3133
411 11 26 0 3133
411 13 2 0 3133
411 14 20 0 3133
411 16 25 0 3133
411 20 1 0 3133
411 22 1 0 3133
411 24 29 0 3133
411 36 15 0 3133
411 37 9 0 3133
411 39 2 0 3133
411 40 24 0 3133
411 47 24 0 3133
411 50 10 0 3133
411 50 30 0 3133
411 54 18 0 3133
411 55 27 0 3133
411 57 1 0 3133
411 81 13 0 3133
411 90 7 0 3133
411 94 3 0 3133
411 100 21 0 3133
412 1 31 0 3133
412 3 4 0 3133
412 7 7 0 3133
412 8 0 0 3133
412 12 10 0 3133
412 19 13 0 3133
412 23 27 0 3133
412 29 6 0 3133
412 31 0 0 3133
412 35 5 0 3133
412 42 27 0 3133
412 43 12 0 3133
412 44 19 0 3133
412 53 24 0 3133
412 54 16 0 3133
412 57 1 0 3133
412 58 3 0 3133
412 77 20 0 3133
412 81 14 0 3133
412 84 13 0 3133
412 85 4 0 3133
412 89 7 0 3133
412 98 0 0 3133
412 99 5 0 3133
413 0 18 0 3133
413 6 14 0 3133
413 13 0 0 3133
413 15 9 0 3133
413 30 11 0 3133
413 35 18 0 3133
413 37 26 0 3133
413 42 14 0 3133
413 47 15 0 3133
413 50 18 0 3133
413 58 23 0 3133
413 59 1 0 3133
413 65 18 0 3133
413 71 27 0 3133
413 83 29 0 3133
413 85 13 0 3133
413 92 11 0 3133
413 99 23 0 3133
414 0 6 0 3133
414 9 23 0 3133
414 10 11 0 3133
414 11 14 0 3133
414 20 29 0 3133
414 21 24 0 3133
414 36 3 0 3133
414 36 10 0 3133
414 38 29 0 3133
414 43 2 0 3133
414 45 23 0 3133
414 60 12 0 3133
414 60 16 0 3133
414 64 26 0 3133
414 71 3 0 3133
414 78 16 0 3133
414 80 2 0 3133
414 80 25 0 3133
414 83 13 0 3133
414 84 16 0 3133
414 86 13 0 3133
414 89 19 0 3133
414 91 7 0 3133
414 91 8 0 3133
414 91 31 0 3133
414 99 3 0 3133
414 100 18 0 3133
415 1 14 0 3133
415 4 28 0 3133
415 7 8 0 3133
415 7 24 0 3133
415 12 11 0 3133
415 14 16 0 3133
415 21 16 0 3133
415 21 27 0 3133
415 23 28 0 3133
415 27 0 0 3133
415 35 19 0 3133
415 38 25 0 3133
415 48 7 0 3133
415 50 17 0 3133
415 54 14 0 3133
415 60 30 0 3133
415 61 15 0 3133
415 65 5 0 3133
415 86 22 0 3133
415 99 16 0 3133
416 4 11 0 3133
416 9 23 0 3133
416 10 17 0 3133
416 14 12 0 3133
416 30 0 0 3133
416 50 4 0 3133
416 51 20 0 3133
416 54 26 0 3133
416 64 14 0 3133
416 75 3 0 3133
416 76 25 0 3133
416 79 17 0 3133
416 81 4 0 3133
416 81 23 0 3133
416 82 8 0 3133
416 89 6 0 3133
416 90 8 0 3133
417 0 31 0 3133
417 2 27 0 3133
417 2 30 0 3133
417 6 14 0 3133
417 19 24 0 3133
417 25 28 0 3133
417 34 30 0 3133
417 35 7 0 3133
417 49 13 0 3133
417 50 7 0 3133
417 51 16 0 3133
417 54 13 0 3133
417 56 21 0 3133
417 61 5 0 3133
417 61 28 0 3133
417 64 10 0 3133
417 67 5 0 3133
417 71 12 0 3133
417 71 30 0 3133
417 74 0 0 3133
417 76 11 0 3133
417 80 27 0 3133
417 89 28 0 3133
417 99 7 0 3133
417 100 26 0 3133
418 7 10 0 3133
418 14 28 0 3133
418 18 24 0 3133
418 27 27 0 3133
418 35 8 0 3133
418 41 29 0 3133
418 43 16 0 3133
418 43 22 0 3133
418 44 27 0 3133
418 51 8 0 3133
418 52 25 0 3133
418 60 23 0 3133
418 64 19 0 3133
418 64 31 0 3133
418 65 4 0 3133
418 68 5 0 3133
418 78 1 0 3133
418 84 19 0 3133
418 86 12 0 3133
418 91 1 0 3133
418 92 27 0 3133
418 93 6 0 3133
418 96 10 0 3133
418 97 31 0 3133
419 8 19 0 3133
419 10 27 0 3133
419 12 2 0 3133
419 19 28 0 3133
419 26 23 0 3133
419 35 15 0 3133
419 36 29 0 3133
419 40 26 0 3133
419 46 10 0 3133
419 56 9 0 3133
419 58 6 0 3133
419 65 1 0 3133
419 70 12 0 3133
419 70 14 0 3133
419 76 19 0 3133
419 77 9 0 3133
419 79 3 0 3133
419 81 30 0 3133
419 84 2 0 3133
419 99 0 0 3133
420 1 15 0 3133
420 4 20 0 3133
420 4 31 0 3133
420 8 12 0 3133
420 11 17 0 3133
420 19 22 0 3133
420 22 14 0 3133
420 24 22 0 3133
420 24 24 0 3133
420 28 27 0 3133
420 36 22 0 3133
420 38 31 0 3133
420 39 29 0 3133
420 51 1 0 3133
420 54 29 0 3133
420 57 0 0 3133
420 60 0 0 3133
420 64 14 0 3133
420 72 6 0 3133
420 75 31 0 3133
420 91 27 0 3133
420 95 10 0 3133
420 98 3 0 3133
420 99 4 0 3133
420 99 13 0 3133
421 19 5 0 3133
421 27 11 0 3133
421 31 17 0 3133
421 31 31 0 3133
421 33 2 0 3133
421 35 4 0 3133
421 35 29 0 3133
421 50 17 0 3133
421 53 4 0 3133
421 53 30 0 3133
421 57 13 0 3133
421 65 25 0 3133
421 74 9 0 3133
421 76 5 0 3133
421 76 29 0 3133
421 77 15 0 3133
421 78 19 0 3133
421 81 15 0 3133
421 85 9 0 3133
421 88 31 0 3133
421 89 15 0 3133
421 91 2 0 3133
421 91 25 0 3133
421 97 7 0 3133
421 99 17 0 3133
422 1 25 0 3133
422 2 8 0 3133
422 4 9 0 3133
422 6 19 0 3133
422 16 5 0 3133
422 20 17 0 3133
422 25 27 0 3133
422 34 2 0 3133
422 56 9 0 3133
422 67 18 0 3133
422 70 28 0 3133
422 77 11 0 3133
422 83 18 0 3133
422 88 23 0 3133
422 91 20 0 3133
422 97 19 0 3133
423 10 25 0 3133
423 17 13 0 3133
423 39 7 0 3133
423 44 15 0 3133
423 44 27 0 3133
423 58 30 0 3133
423 59 20 0 3133
423 62 9 0 3133
423 68 13 0 3133
423 69 3 0 3133
423 69 15 0 3133
423 72 15 0 3133
423 75 24 0 3133
423 76 0 0 3133
423 79 2 0 3133
423 80 7 0 3133
423 97 1 0 3133
423 97 5 0 3133
423 98 4 0 3133
424 1 12 0 3133
424 1 18 0 3133
424 5 23 0 3133
424 9 3 0 3133
424 17 19 0 3133
424 34 11 0 3133
424 36 18 0 3133
424 55 24 0 3133
424 56 19 0 3133
424 60 4 0 3133
424 61 27 0 3133
424 63 24 0 3133
424 65 16 0 3133
424 66 25 0 3133
424 67 15 0 3133
424 67 19 0 3133
424 71 24 0 3133
424 73 12 0 3133
424 74 25 0 3133
424 83 31 0 3133
424 86 10 0 3133
424 90 24 0 3133
424 91 6 0 3133
424 95 31 0 3133
425 1 25 0 3133
425 6 13 0 3133
425 17 13 0 3133
425 26 27 0 3133
425 29 9 0 3133
425 35 2 0 3133
425 51 16 0 3133
425 51 22 0 3133
425 53 22 0 3133
425 55 28 0 3133
425 61 21 0 3133
425 70 11 0 3133
425 75 14 0 3133
425 78 13 0 3133
425 84 6 0 3133
425 84 15 0 3133
425 86 16 0 3133
425 87 10 0 3133
425 90 25 0 3133
425 99 8 0 3133
425 100 20 0 3133
426 1 6 0 3133
426 4 21 0 3133
426 9 19 0 3133
426 10 22 0 3133
426 13 24 0 3133
426 15 2 0 3133
426 28 14 0 3133
426 32 26 0 3133
426 39 13 0 3133
426 44 9 0 3133
426 47 6 0 3133
426 48 0 0 3133
426 55 12 0 3133
426 70 25 0 3133
426 73 28 0 3133
426 77 0 0 3133
426 79 19 0 3133
426 84 8 0 3133
426 86 15 0 3133
426 93 22 0 3133
426 96 5 0 3133
427 1 7 0 3133
427 4 16 0 3133
427 15 29 0 3133
427 21 17 0 3133
427 21 27 0 3133
427 30 24 0 3133
427 41 13 0 3133
427 47 27 0 3133
427 49 30 0 3133
427 50 14 0 3133
427 50 28 0 3133
427 56 9 0 3133
427 57 19 0 3133
427 60 17 0 3133
427 70 2 0 3133
427 71 5 0 3133
427 76 20 0 3133
427 80 30 0 3133
427 85 7 0 3133
427 86 7 0 3133
427 92 9 0 3133
427 92 24 0 3133
427 97 15 0 3133
427 97 17 0 3133
428 7 31 0 3133
428 10 0 0 3133
428 11 20 0 3133
428 27 3 0 3133
428 29 17 0 3133
428 30 22 0 3133
428 33 5 0 3133
428 36 30 0 3133
428 42 16 0 3133
428 47 6 0 3133
428 52 25 0 3133
428 53 16 0 3133
428 58 6 0 3133
428 58 25 0 3133
428 66 8 0 3133
428 69 13 0 3133
428 69 24 0 3133
428 70 6 0 3133
428 70 17 0 3133
428 73 18 0 3133
428 80 26 0 3133
428 82 2 0 3133
428 86 3 0 3133
428 89 12 0 3133
428 93 3 0 3133
428 93 13 0 3133
428 96 15 0 3133
429 0 6 0 3133
429 3 15 0 3133
429 7 3 0 3133
429 16 0 0 3133
429 16 6 0 3133
429 18 5 0 3133
429 19 15 0 3133
429 23 24 0 3133
429 25 15 0 3133
429 41 24 0 3133
429 47 25 0 3133
429 56 21 0 3133
429 62 11 0 3133
429 64 25 0 3133
429 70 9 0 3133
429 70 16 0 3133
429 71 31 0 3133
429 82 24 0 3133
429 91 9 0 3133
429 93 28 0 3133
430 0 10 0 3133
430 2 13 0 3133
430 5 1 0 3133
430 11 30 0 3133
430 12 22 0 3133
430 13 1 0 3133
430 17 5 0 3133
430 17 7 0 3133
430 21 22 0 3133
430 21 25 0 3133
430 31 8 0 3133
430 36 3 0 3133
430 41 27 0 3133
430 42 0 0 3133
430 42 28 0 3133
430 51 23 0 3133
430 54 20 0 3133
430 58 12 0 3133
430 60 21 0 3133
430 64 23 0 3133
430 65 11 0 3133
430 68 21 0 3133
430 70 10 0 3133
430 72 0 0 3133
430 72 20 0 3133
430 85 15 0 3133
430 88 5 0 3133
430 89 14 0 3133
430 97 13 0 3133
431 3 19 0 3133
431 10 14 0 3133
431 33 25 0 3133
431 34 18 0 3133
431 41 31 0 3133
431 42 6 0 3133
431 47 10 0 3133
431 50 12 0 3133
431 59 24 0 3133
431 64 1 0 3133
431 73 27 0 3133
431 73 31 0 3133
431 74 26 0 3133
431 77 28 0 3133
431 86 20 0 3133
431 87 22 0 3133
431 88 9 0 3133
431 90 0 0 3133
431 95 8 0 3133
432 6 25 0 3133
432 10 23 0 3133
432 16 20 0 3133
432 18 25 0 3133
432 23 29 0 3133
432 24 9 0 3133
432 28 16 0 3133
432 28 25 0 3133
432 31 3 0 3133
432 31 10 0 3133
432 38 20 0 3133
432 38 26 0 3133
432 44 23 0 3133
432 48 27 0 3133
432 55 16 0 3133
432 62 29 0 3133
432 74 24 0 3133
432 76 7 0 3133
432 76 30 0 3133
432 92 19 0 3133
432 94 17 0 3133
432 98 1 0 3133
433 2 6 0 3133
433 4 29 0 3133
433 6 26 0 3133
433 8 20 0 3133
433 19 2 0 3133
433 28 9 0 3133
433 35 19 0 3133
433 38 23 0 3133
433 43 14 0 3133
433 44 9 0 3133
433 54 18 0 3133
433 60 0 0 3133
433 63 30 0 3133
433 68 4 0 3133
433 70 19 0 3133
433 75 7 0 3133
433 76 5 0 3133
433 76 23 0 3133
433 77 23 0 3133
433 80 7 0 3133
433 99 17 0 3133
433 100 2 0 3133
434 0 13 0 3133
434 0 25 0 3133
434 3 24 0 3133
434 11 3 0 3133
434 13 2 0 3133
434 14 11 0 3133
434 15 17 0 3133
434 19 1 0 3133
434 22 9 0 3133
434 26 15 0 3133
434 31 11 0 3133
434 33 16 0 3133
434 42 7 0 3133
434 47 2 0 3133
434 48 19 0 3133
434 49 16 0 3133
434 55 6 0 3133
434 56 10 0 3133
434 61 19 0 3133
434 62 31 0 3133
434 65 25 0 3133
434 65 31 0 3133
434 72 22 0 3133
434 73 25 0 3133
434 76 19 0 3133
434 77 11 0 3133
434 78 1 0 3133
434 78 31 0 3133
434 81 21 0 3133
434 100 20 0 3133
435 3 24 0 3133
435 10 10 0 3133
435 22 12 0 3133
435 28 16 0 3133
435 33 26 0 3133
435 44 11 0 3133
435 44 25 0 3133
435 52 14 0 3133
435 63 21 0 3133
435 71 8 0 3133
435 75 30 0 3133
435 77 27 0 3133
435 80 18 0 3133
435 81 5 0 3133
435 86 30 0 3133
435 95 25 0 3133
435 96 19 0 3133
436 1 10 0 3133
436 2 16 0 3133
436 3 5 0 3133
436 11 3 0 3133
436 19 24 0 3133
436 20 23 0 3133
436 21 21 0 3133
436 23 13 0 3133
436 23 23 0 3133
436 42 30 0 3133
436 43 7 0 3133
436 54 0 0 3133
436 54 16 0 3133
436 65 6 0 3133
436 67 8 0 3133
436 72 0 0 3133
436 72 29 0 3133
436 75 3 0 3133
436 75 12 0 3133
436 76 15 0 3133
436 77 7 0 3133
436 78 9 0 3133
436 85 0 0 3133
436 91 17 0 3133
436 94 12 0 3133
436 96 3 0 3133
436 98 24 0 3133
437 0 6 0 3133
437 4 28 0 3133
437 17 17 0 3133
437 22 17 0 3133
437 38 0 0 3133
437 44 25 0 3133
437 45 26 0 3133
437 50 13 0 3133
437 62 24 0 3133
437 65 8 0 3133
437 67 8 0 3133
437 76 9 0 3133
437 77 8 0 3133
437 77 26 0 3133
437 80 1 0 3133
437 80 31 0 3133
437 82 30 0 3133
437 84 17 0 3133
437 87 6 0 3133
437 91 30 0 3133
437 92 10 0 3133
437 97 14 0 3133
437 98 24 0 3133
438 8 0 0 3133
438 12 10 0 3133
438 13 22 0 3133
438 23 23 0 3133
438 33 30 0 3133
438 39 31 0 3133
438 40 8 0 3133
438 47 15 0 3133
438 50 1 0 3133
438 52 27 0 3133
438 60 22 0 3133
438 68 25 0 3133
438 76 13 0 3133
438 80 14 0 3133
438 84 29 0 3133
438 95 12 0 3133
438 100 27 0 3133
439 0 14 0 3133
439 6 1 0 3133
439 7 14 0 3133
439 9 23 0 3133
439 17 9 0 3133
439 21 25 0 3133
439 30 15 0 3133
439 31 17 0 3133
439 32 26 0 3133
439 40 30 0 3133
439 63 27 0 3133
439 67 8 0 3133
439 68 22 0 3133
439 79 12 0 3133
439 79 18 0 3133
439 80 1 0 3133
439 81 16 0 3133
439 82 5 0 3133
439 86 3 0 3133
439 95 10 0 3133
439 99 23 0 3133
439 100 31 0 3133
440 2 21 0 3133
440 22 25 0 3133
440 24 4 0 3133
440 35 20 0 3133
440 37 29 0 3133
440 40 5 0 3133
440 46 22 0 3133
440 60 15 0 3133
440 63 6 0 3133
440 75 27 0 3133
440 78 3 0 3133
440 81 3 0 3133
440 82 22 0 3133
440 85 4 0 3133
440 87 26 0 3133
440 90 30 0 3133
440 93 2 0 3133
440 95 3 0 3133
440 96 30 0 3133
441 4 14 0 3133
441 7 0 0 3133
441 8 15 0 3133
441 9 30 0 3133
441 14 18 0 3133
441 21 1 0 3133
441 28 18 0 3133
441 29 18 0 3133
441 35 18 0 3133
441 38 9 0 3133
441 46 24 0 3133
441 47 31 0 3133
441 49 10 0 3133
441 50 30 0 3133
441 65 24 0 3133
441 67 3 0 3133
441 80 1 0 3133
441 80 6 0 3133
441 92 17 0 3133
441 94 31 0 3133
441 99 1 0 3133
442 11 12 0 3133
442 11 20 0 3133
442 18 10 0 3133
442 24 29 0 3133
442 33 15 0 3133
442 44 22 0 3133
442 46 6 0 3133
442 46 11 0 3133
442 50 1 0 3133
442 52 4 0 3133
442 56 22 0 3133
442 60 3 0 3133
442 62 20 0 3133
442 65 13 0 3133
442 68 5 0 3133
442 72 29 0 3133
442 87 17 0 3133
442 95 16 0 3133
442 95 27 0 3133
442 97 27 0 3133
442 98 11 0 3133
443 0 23 0 3133
443 3 2 0 3133
443 4 23 0 3133
443 7 31 0 3133
443 11 4 0 3133
443 13 0 0 3133
443 21 21 0 3133
443 21 22 0 3133
443 28 3 0 3133
443 50 17 0 3133
443 53 19 0 3133
443 54 10 0 3133
443 56 14 0 3133
443 58 11 0 3133
443 58 23 0 3133
443 62 18 0 3133
443 66 23 0 3133
443 68 5 0 3133
443 73 23 0 3133
443 82 26 0 3133
443 95 22 0 3133
443 97 19 0 3133
443 100 0 0 3133
444 10 4 0 3133
444 11 19 0 3133
444 14 28 0 3133
444 20 11 0 3133
444 21 23 0 3133
444 22 8 0 3133
444 23 1 0 3133
444 30 21 0 3133
444 37 16 0 3133
444 40 17 0 3133
444 50 12 0 3133
444 55 10 0 3133
444 60 5 0 3133
444 63 4 0 3133
444 64 19 0 3133
444 67 24 0 3133
444 70 21 0 3133
444 73 26 0 3133
444 74 23 0 3133
444 80 29 0 3133
444 87 0 0 3133
444 92 20 0 3133
444 96 1 0 3133
444 98 20 0 3133
444 99 26 0 3133
444 99 31 0 3133
445 1 17 0 3133
445 2 9 0 3133
445 8 25 0 3133
445 12 27 0 3133
445 21 1 0 3133
445 35 11 0 3133
445 39 3 0 3133
445 39 11 0 3133
445 47 15 0 3133
445 50 19 0 3133
445 51 11 0 3133
445 58 6 0 3133
445 59 30 0 3133
445 61 4 0 3133
445 64 11 0 3133
445 65 6 0 3133
445 74 11 0 3133
445 84 25 0 3133
445 85 2 0 3133
445 86 17 0 3133
445 95 26 0 3133
446 17 25 0 3133
446 20 9 0 3133
446 23 27 0 3133
446 28 1 0 3133
446 31 18 0 3133
446 42 19 0 3133
446 46 28 0 3133
446 62 7 0 3133
446 66 17 0 3133
446 73 31 0 3133
446 75 8 0 3133
446 79 11 0 3133
446 80 2 0 3133
446 83 6 0 3133
446 98 6 0 3133
446 99 9 0 3133
446 100 26 0 3133
447 2 4 0 3133
447 4 7 0 3133
447 7 3 0 3133
447 8 5 0 3133
447 15 27 0 3133
447 16 10 0 3133
447 22 2 0 3133
447 23 2 0 3133
447 23 23 0 3133
447 28 15 0 3133
447 37 9 0 3133
447 49 31 0 3133
447 50 28 0 3133
447 54 2 0 3133
447 63 6 0 3133
447 65 26 0 3133
447 66 11 0 3133
447 67 0 0 3133
447 67 3 0 3133
447 71 25 0 3133
447 77 11 0 3133
447 80 15 0 3133
447 80 24 0 3133
447 90 29 0 3133
447 98 12 0 3133
448 1 8 0 3133
448 7 31 0 3133
448 9 16 0 3133
448 14 23 0 3133
448 15 0 0 3133
448 15 1 0 3133
448 32 15 0 3133
448 50 19 0 3133
448 53 21 0 3133
448 55 23 0 3133
448 74 15 0 3133
448 75 24 0 3133
448 76 31 0 3133
448 98 28 0 3133
449 2 19 0 3133
449 7 10 0 3133
449 10 26 0 3133
449 15 26 0 3133
449 16 30 0 3133
449 29 17 0 3133
449 30 12 0 3133
449 31 2 0 3133
449 38 11 0 3133
449 39 14 0 3133
449 40 14 0 3133
449 41 16 0 3133
449 45 10 0 3133
449 70 4 0 3133
449 73 19 0 3133
449 86 3 0 3133
449 96 0 0 3133
449 96 17 0 3133
450 10 15 0 3133
450 19 26 0 3133
450 22 22 0 3133
450 25 11 0 3133
450 30 28 0 3133
450 41 19 0 3133
450 45 14 0 3133
450 45 18 0 3133
450 46 25 0 3133
450 47 6 0 3133
450 63 16 0 3133
450 65 0 0 3133
450 69 0 0 3133
450 69 18 0 3133
450 70 25 0 3133
450 82 27 0 3133
450 89 0 0 3133
450 92 0 0 3133
450 94 16 0 3133
451 11 14 0 3133
451 13 9 0 3133
451 23 30 0 3133
451 27 7 0 3133
451 30 26 0 3133
451 32 16 0 3133
451 40 6 0 3133
451 53 19 0 3133
451 61 11 0 3133
451 80 13 0 3133
451 82 24 0 3133
451 87 6 0 3133
451 91 3 0 3133
451 91 19 0 3133
451 100 3 0 3133
451 100 17 0 3133
452 7 31 0 3133
452 8 30 0 3133
452 23 17 0 3133
452 25 16 0 3133
452 27 25 0 3133
452 29 9 0 3133
452 35 17 0 3133
452 55 3 0 3133
452 55 11 0 3133
452 57 14 0 3133
452 62 12 0 3133
452 73 22 0 3133
452 75 19 0 3133
452 79 2 0 3133
452 91 2 0 3133
453 22 1 0 3133
453 25 9 0 3133
453 27 29 0 3133
453 37 11 0 3133
453 41 15 0 3133
453 46 2 0 3133
453 48 4 0 3133
453 48 17 0 3133
453 50 25 0 3133
453 54 17 0 3133
453 57 30 0 3133
453 69 13 0 3133
453 76 30 0 3133
453 78 24 0 3133
453 85 19 0 3133
453 86 19 0 3133
453 90 6 0 3133
453 90 24 0 3133
453 92 26 0 3133
453 99 10 0 3133
454 14 26 0 3133
454 28 29 0 3133
454 30 6 0 3133
454 33 12 0 3133
454 40 20 0 3133
454 43 29 0 3133
454 46 4 0 3133
454 46 25 0 3133
454 49 26 0 3133
454 50 0 0 3133
454 50 13 0 3133
454 52 3 0 3133
454 53 1 0 3133
454 54 17 0 3133
454 57 20 0 3133
454 59 27 0 3133
454 62 10 0 3133
454 63 10 0 3133
454 63 16 0 3133
454 66 3 0 3133
454 73 5 0 3133
454 74 24 0 3133
454 76 10 0 3133
454 82 7 0 3133
454 82 21 0 3133
454 96 12 0 3133
454 97 18 0 3133
454 97 28 0 3133
454 98 15 0 3133
454 100 6 0 3133
455 2 7 0 3133
455 2 19 0 3133
455 3 19 0 3133
455 12 10 0 3133
455 12 26 0 3133
455 15 10 0 3133
455 16 12 0 3133
455 21 20 0 3133
455 23 25 0 3133
455 26 30 0 3133
455 35 18 0 3133
455 35 22 0 3133
455 41 1 0 3133
455 44 8 0 3133
455 50 14 0 3133
455 54 10 0 3133
455 60 18 0 3133
455 62 10 0 3133
455 65 4 0 3133
455 74 26 0 3133
455 76 20 0 3133
455 77 11 0 3133
455 78 3 0 3133
455 83 20 0 3133
455 93 7 0 3133
455 93 14 0 3133
456 5 28 0 3133
456 7 24 0 3133
456 13 21 0 3133
456 15 19 0 3133
456 17 13 0 3133
456 24 14 0 3133
456 35 15 0 3133
456 37 16 0 3133
456 37 29 0 3133
456 38 4 0 3133
456 40 19 0 3133
456 44 18 0 3133
456 63 4 0 3133
456 64 12 0 3133
456 65 18 0 3133
456 67 15 0 3133
456 68 27 0 3133
456 69 3 0 3133
456 76 24 0 3133
456 78 16 0 3133
456 80 14 0 3133
456 80 27 0 3133
456 81 14 0 3133
456 81 20 0 3133
456 88 5 0 3133
456 89 6 0 3133
456 89 30 0 3133
456 93 0 0 3133
457 0 28 0 3133
457 5 9 0 3133
457 8 3 0 3133
457 9 12 0 3133
457 10 2 0 3133
457 16 13 0 3133
457 21 8 0 3133
457 24 6 0 3133
457 38 5 0 3133
457 43 6 0 3133
457 44 1 0 3133
457 45 1 0 3133
457 46 29 0 3133
457 47 24 0 3133
457 47 26 0 3133
457 54 13 0 3133
457 57 10 0 3133
457 61 6 0 3133
457 69 20 0 3133
457 69 27 0 3133
457 71 10 0 3133
457 75 4 0 3133
457 78 14 0 3133
457 84 14 0 3133
457 93 7 0 3133
458 12 26 0 3133
458 15 25 0 3133
458 16 4 0 3133
458 18 11 0 3133
458 37 21 0 3133
458 39 1 0 3133
458 40 9 0 3133
458 47 10 0 3133
458 48 2 0 3133
458 54 10 0 3133
458 55 0 0 3133
458 60 0 0 3133
458 64 17 0 3133
458 96 21 0 3133
458 96 24 0 3133
459 1 23 0 3133
459 6 12 0 3133
459 8 13 0 3133
459 10 13 0 3133
459 16 12 0 3133
459 23 28 0 3133
459 24 31 0 3133
459 26 19 0 3133
459 27 28 0 3133
459 36 3 0 3133
459 42 3 0 3133
459 42 27 0 3133
459 49 17 0 3133
459 54 24 0 3133
459 63 19 0 3133
459 68 11 0 3133
459 72 23 0 3133
459 93 3 0 3133
459 93 20 0 3133
459 93 24 0 3133
459 95 16 0 3133
459 98 6 0 3133
459 98 25 0 3133
459 100 17 0 3133
460 3 19 0 3133
460 7 28 0 3133
460 14 16 0 3133
460 15 27 0 3133
460 16 7 0 3133
460 20 8 0 3133
460 27 6 0 3133
460 31 20 0 3133
460 44 7 0 3133
460 52 12 0 3133
460 55 27 0 3133
460 73 9 0 3133
460 75 21 0 3133
460 76 7 0 3133
460 81 27 0 3133
460 83 16 0 3133
460 86 4 0 3133
460 88 30 0 3133
460 92 3 0 3133
460 93 17 0 3133
460 100 27 0 3133
461 0 26 0 3133
461 1 12 0 3133
461 7 28 0 3133
461 11 22 0 3133
461 19 4 0 3133
461 23 10 0 3133
461 25 0 0 3133
461 25 6 0 3133
461 27 26 0 3133
461 45 6 0 3133
461 54 4 0 3133
461 54 29 0 3133
461 71 3 0 3133
461 71 6 0 3133
461 72 23 0 3133
461 73 21 0 3133
461 77 28 0 3133
461 83 16 0 3133
461 84 22 0 3133
461 87 20 0 3133
461 89 4 0 3133
461 94 3 0 3133
462 6 30 0 3133
462 9 1 0 3133
462 13 8 0 3133
462 16 12 0 3133
462 17 5 0 3133
462 20 9 0 3133
462 23 24 0 3133
462 35 1 0 3133
462 45 28 0 3133
462 52 7 0 3133
462 60 28 0 3133
462 75 22 0 3133
462 78 5 0 3133
462 87 19 0 3133
462 88 26 0 3133
463 1 30 0 3133
463 4 26 0 3133
463 8 23 0 3133
463 15 17 0 3133
463 28 7 0 3133
463 33 27 0 3133
463 40 27 0 3133
463 45 26 0 3133
463 57 31 0 3133
463 66 25 0 3133
463 72 19 0 3133
463 73 4 0 3133
463 76 3 0 3133
463 83 29 0 3133
463 85 10 0 3133
463 88 13 0 3133
463 88 14 0 3133
464 2 24 0 3133
464 5 21 0 3133
464 5 24 0 3133
464 7 15 0 3133
464 11 22 0 3133
464 11 28 0 3133
464 12 13 0 3133
464 36 16 0 3133
464 40 8 0 3133
464 44 21 0 3133
464 45 6 0 3133
464 47 31 0 3133
464 52 16 0 3133
464 59 5 0 3133
464 66 4 0 3133
464 72 17 0 3133
464 79 3 0 3133
464 80 23 0 3133
464 81 29 0 3133
464 84 19 0 3133
464 94 0 0 3133
465 2 11 0 3133
465 4 27 0 3133
465 8 0 0 3133
465 10 30 0 3133
465 16 30 0 3133
465 18 16 0 3133
465 19 26 0 3133
465 20 16 0 3133
465 48 10 0 3133
465 52 10 0 3133
465 54 21 0 3133
465 55 8 0 3133
465 69 6 0 3133
465 70 15 0 3133
465 80 22 0 3133
465 83 29 0 3133
465 84 13 0 3133
465 88 19 0 3133
465 93 3 0 3133
465 98 12 0 3133
465 98 19 0 3133
466 1 0 0 3133
466 6 5 0 3133
466 7 6 0 3133
466 17 29 0 3133
466 35 30 0 3133
466 40 2 0 3133
466 46 1 0 3133
466 50 1 0 3133
466 54 17 0 3133
466 56 12 0 3133
466 58 16 0 3133
466 60 11 0 3133
466 73 18 0 3133
466 79 19 0 3133
466 82 20 0 3133
466 86 31 0 3133
466 89 30 0 3133
466 90 7 0 3133
466 92 24 0 3133
466 93 11 0 3133
466 99 18 0 3133
467 0 20 0 3133
467 1 17 0 3133
467 1 18 0 3133
467 3 21 0 3133
467 4 24 0 3133
467 4 29 0 3133
467 15 13 0 3133
467 19 22 0 3133
467 57 29 0 3133
467 66 8 0 3133
467 72 14 0 3133
467 73 9 0 3133
467 73 12 0 3133
467 74 8 0 3133
467 75 26 0 3133
467 76 31 0 3133
467 80 10 0 3133
467 82 26 0 3133
467 100 5 0 3133
468 10 23 0 3133
468 10 26 0 3133
468 13 17 0 3133
468 15 12 0 3133
468 20 12 0 3133
468 27 15 0 3133
468 29 13 0 3133
468 31 29 0 3133
468 45 25 0 3133
468 58 16 0 3133
468 61 22 0 3133
468 66 27 0 3133
468 78 3 0 3133
468 81 4 0 3133
468 83 25 0 3133
468 89 29 0 3133
468 90 18 0 3133
468 90 31 0 3133
468 92 6 0 3133
469 1 21 0 3133
469 4 28 0 3133
469 10 26 0 3133
469 31 0 0 3133
469 42 10 0 3133
469 65 4 0 3133
469 69 16 0 3133
469 74 26 0 3133
469 75 31 0 3133
469 80 28 0 3133
469 90 29 0 3133
469 91 26 0 3133
469 93 25 0 3133
469 95 8 0 3133
469 96 10 0 3133
470 4 13 0 3133
470 9 2 0 3133
470 16 16 0 3133
470 31 28 0 3133
470 38 3 0 3133
470 40 20 0 3133
470 46 6 0 3133
470 47 24 0 3133
470 49 8 0 3133
470 52 2 0 3133
470 57 19 0 3133
470 59 21 0 3133
470 65 24 0 3133
470 68 18 0 3133
470 71 2 0 3133
470 71 11 0 3133
470 77 24 0 3133
470 78 19 0 3133
470 81 7 0 3133
470 81 11 0 3133
470 83 16 0 3133
470 84 6 0 3133
470 93 31 0 3133
471 5 2 0 3133
471 8 15 0 3133
471 8 25 0 3133
471 9 23 0 3133
471 11 4 0 3133
471 13 22 0 3133
471 13 23 0 3133
471 15 1 0 3133
471 16 6 0 3133
471 19 17 0 3133
471 22 17 0 3133
471 25 27 0 3133
471 28 8 0 3133
471 42 13 0 3133
471 42 20 0 3133
471 48 21 0 3133
471 64 13 0 3133
471 72 24 0 3133
471 73 1 0 3133
471 78 6 0 3133
471 87 14 0 3133
471 90 6 0 3133
471 92 22 0 3133
471 94 15 0 3133
471 96 13 0 3133
471 98 1 0 3133
472 5 10 0 3133
472 7 26 0 3133
472 12 25 0 3133
472 14 15 0 3133
472 17 26 0 3133
472 23 6 0 3133
472 27 14 0 3133
472 29 22 0 3133
472 30 27 0 3133
472 32 21 0 3133
472 53 5 0 3133
472 64 16 0 3133
472 64 30 0 3133
472 75 29 0 3133
472 76 25 0 3133
472 79 0 0 3133
472 81 27 0 3133
472 97 12 0 3133
472 98 4 0 3133
472 100 23 0 3133
473 0 11 0 3133
473 7 3 0 3133
473 17 28 0 3133
473 20 5 0 3133
473 29 27 0 3133
473 35 29 0 3133
473 39 30 0 3133
473 41 8 0 3133
473 48 23 0 3133
473 49 13 0 3133
473 56 23 0 3133
473 60 3 0 3133
473 63 28 0 3133
473 71 7 0 3133
473 74 29 0 3133
473 79 9 0 3133
473 82 31 0 3133
473 83 21 0 3133
473 90 21 0 3133
473 90 29 0 3133
473 100 9 0 3133
474 1 3 0 3133
474 1 7 0 3133
474 2 25 0 3133
474 3 26 0 3133
474 15 2 0 3133
474 16 31 0 3133
474 21 27 0 3133
474 26 16 0 3133
474 30 19 0 3133
474 49 5 0 3133
474 50 30 0 3133
474 52 31 0 3133
474 53 15 0 3133
474 58 7 0 3133
474 58 25 0 3133
474 59 11 0 3133
474 64 8 0 3133
474 65 16 0 3133
474 83 16 0 3133
474 91 16 0 3133
474 94 9 0 3133
474 96 17 0 3133
474 98 11 0 3133
475 1 23 0 3133
475 2 2 0 3133
475 2 3 0 3133
475 3 24 0 3133
475 9 5 0 3133
475 16 20 0 3133
475 18 5 0 3133
475 20 26 0 3133
475 23 11 0 3133
475 25 18 0 3133
475 28 3 0 3133
475 33 10 0 3133
475 34 10 0 3133
475 38 13 0 3133
475 38 26 0 3133
475 40 5 0 3133
475 40 27 0 3133
475 45 21 0 3133
475 48 22 0 3133
475 53 28 0 3133
475 58 27 0 3133
475 62 11 0 3133
475 65 29 0 3133
475 67 10 0 3133
475 70 10 0 3133
475 80 20 0 3133
475 85 10 0 3133
475 88 20 0 3133
475 91 5 0 3133
475 94 0 0 3133
476 7 1 0 3133
476 10 29 0 3133
476 32 21 0 3133
476 38 3 0 3133
476 43 8 0 3133
476 49 5 0 3133
476 67 13 0 3133
476 68 7 0 3133
476 73 1 0 3133
476 75 25 0 3133
476 77 16 0 3133
476 79 8 0 3133
476 79 13 0 3133
476 86 22 0 3133
476 88 11 0 3133
476 88 17 0 3133
477 1 25 0 3133
477 3 15 0 3133
477 5 6 0 3133
477 8 1 0 3133
477 8 26 0 3133
477 28 27 0 3133
477 31 5 0 3133
477 36 7 0 3133
477 39 6 0 3133
477 46 28 0 3133
477 50 26 0 3133
477 51 0 0 3133
477 51 4 0 3133
477 51 17 0 3133
477 63 26 0 3133
477 87 19 0 3133
477 93 9 0 3133
477 96 30 0 3133
477 97 3 0 3133
477 99 26 0 3133
478 2 24 0 3133
478 2 28 0 3133
478 5 17 0 3133
478 17 17 0 3133
478 19 7 0 3133
478 22 9 0 3133
478 29 15 0 3133
478 29 29 0 3133
478 43 29 0 3133
478 45 0 0 3133
478 48 25 0 3133
478 53 4 0 3133
478 56 1 0 3133
478 58 11 0 3133
478 63 25 0 3133
478 63 28 0 3133
478 74 27 0 3133
478 85 13 0 3133
478 90 30 0 3133
478 94 19 0 3133
478 95 20 0 3133
478 96 20 0 3133
478 97 21 0 3133
479 0 20 0 3133
479 4 17 0 3133
479 15 7 0 3133
479 17 17 0 3133
479 26 1 0 3133
479 26 5 0 3133
479 26 7 0 3133
479 28 20 0 3133
479 30 2 0 3133
479 35 16 0 3133
479 36 21 0 3133
479 37 4 0 3133
479 40 5 0 3133
479 47 29 0 3133
479 49 24 0 3133
479 55 13 0 3133
479 58 3 0 3133
479 63 29 0 3133
479 65 9 0 3133
479 75 13 0 3133
479 79 21 0 3133
479 82 1 0 3133
479 88 31 0 3133
479 90 10 0 3133
479 92 3 0 3133
479 93 9 0 3133
479 96 13 0 3133
479 100 30 0 3133
480 1 27 0 3133
480 5 18 0 3133
480 15 6 0 3133
480 18 18 0 3133
480 30 10 0 3133
480 31 9 0 3133
480 33 18 0 3133
480 40 13 0 3133
480 40 29 0 3133
480 45 10 0 3133
480 49 4 0 3133
480 52 14 0 3133
480 55 0 0 3133
480 60 30 0 3133
480 61 10 0 3133
480 62 9 0 3133
480 62 16 0 3133
480 63 9 0 3133
480 71 13 0 3133
480 81 25 0 3133
480 82 21 0 3133
480 86 28 0 3133
480 87 19 0 3133
480 92 11 0 3133
480 100 0 0 3133
481 0 4 0 3133
481 1 4 0 3133
481 2 2 0 3133
481 5 16 0 3133
481 10 4 0 3133
481 10 27 0 3133
481 16 9 0 3133
481 17 31 0 3133
481 19 13 0 3133
481 23 8 0 3133
481 33 19 0 3133
481 33 25 0 3133
481 43 1 0 3133
481 46 23 0 3133
481 61 1 0 3133
481 63 7 0 3133
481 66 28 0 3133
481 67 8 0 3133
481 70 15 0 3133
481 72 21 0 3133
481 73 15 0 3133
481 79 20 0 3133
481 88 6 0 3133
481 93 9 0 3133
481 94 12 0 3133
481 97 25 0 3133
481 99 11 0 3133
482 1 23 0 3133
482 13 19 0 3133
482 15 24 0 3133
482 23 27 0 3133
482 25 22 0 3133
482 30 28 0 3133
482 32 1 0 3133
482 33 7 0 3133
482 40 21 0 3133
482 44 15 0 3133
482 45 11 0 3133
482 48 10 0 3133
482 51 14 0 3133
482 59 15 0 3133
482 78 28 0 3133
482 82 12 0 3133
482 88 4 0 3133
482 93 31 0 3133
482 99 2 0 3133
483 6 20 0 3133
483 10 1 0 3133
483 11 14 0 3133
483 15 2 0 3133
483 15 18 0 3133
483 24 6 0 3133
483 30 11 0 3133
483 33 21 0 3133
483 33 30 0 3133
483 54 12 0 3133
483 63 14 0 3133
483 71 14 0 3133
483 76 11 0 3133
483 78 14 0 3133
483 82 14 0 3133
483 83 4 0 3133
483 87 26 0 3133
483 94 7 0 3133
484 1 4 0 3133
484 2 19 0 3133
484 7 21 0 3133
484 13 25 0 3133
484 13 28 0 3133
484 16 11 0 3133
484 18 0 0 3133
484 23 26 0 3133
484 24 27 0 3133
484 26 11 0 3133
484 31 26 0 3133
484 44 2 0 3133
484 45 1 0 3133
484 46 30 0 3133
484 47 10 0 3133
484 48 23 0 3133
484 48 28 0 3133
484 53 18 0 3133
484 64 25 0 3133
484 68 4 0 3133
484 73 30 0 3133
484 76 11 0 3133
484 81 8 0 3133
484 83 13 0 3133
484 87 15 0 3133
484 87 25 0 3133
484 90 12 0 3133
484 92 1 0 3133
484 94 18 0 3133
484 96 26 0 3133
484 97 0 0 3133
485 1 17 0 3133
485 11 31 0 3133
485 16 15 0 3133
485 19 5 0 3133
485 31 4 0 3133
485 32 30 0 3133
485 42 10 0 3133
485 50 1 0 3133
485 50 29 0 3133
485 63 9 0 3133
485 64 23 0 3133
485 68 24 0 3133
485 70 23 0 3133
485 71 31 0 3133
485 72 28 0 3133
485 75 8 0 3133
485 77 31 0 3133
485 79 25 0 3133
485 81 27 0 3133
485 81 31 0 3133
485 84 26 0 3133
485 86 4 0 3133
485 87 1 0 3133
485 89 4 0 3133
485 90 28 0 3133
485 94 21 0 3133
485 95 2 0 3133
485 97 27 0 3133
485 100 21 0 3133
486 5 1 0 3133
486 8 10 0 3133
486 8 22 0 3133
486 8 23 0 3133
486 10 11 0 3133
486 13 10 0 3133
486 13 22 0 3133
486 22 11 0 3133
486 26 7 0 3133
486 33 28 0 3133
486 38 0 0 3133
486 40 16 0 3133
486 59 12 0 3133
486 62 6 0 3133
486 64 0 0 3133
486 65 27 0 3133
486 66 22 0 3133
486 73 15 0 3133
486 76 21 0 3133
486 94 24 0 3133
486 94 29 0 3133
487 6 10 0 3133
487 15 17 0 3133
487 25 8 0 3133
487 25 11 0 3133
487 27 9 0 3133
487 29 19 0 3133
487 43 19 0 3133
487 48 24 0 3133
487 52 30 0 3133
487 56 2 0 3133
487 62 3 0 3133
487 63 15 0 3133
487 63 28 0 3133
487 71 26 0 3133
487 83 30 0 3133
487 87 6 0 3133
487 88 27 0 3133
487 91 9 0 3133
487 93 2 0 3133
487 94 18 0 3133
488 0 2 0 3133
488 13 15 0 3133
488 14 5 0 3133
488 17 25 0 3133
488 25 27 0 3133
488 26 5 0 3133
488 32 16 0 3133
488 34 6 0 3133
488 38 10 0 3133
488 40 13 0 3133
488 42 26 0 3133
488 43 15 0 3133
488 48 30 0 3133
488 56 7 0 3133
488 66 15 0 3133
488 73 0 0 3133
488 74 9 0 3133
488 75 2 0 3133
488 86 3 0 3133
488 89 10 0 3133
488 89 22 0 3133
488 98 3 0 3133
489 0 18 0 3133
489 1 18 0 3133
489 2 26 0 3133
489 2 29 0 3133
489 19 22 0 3133
489 30 7 0 3133
489 32 1 0 3133
489 33 10 0 3133
489 36 15 0 3133
489 41 5 0 3133
489 47 10 0 3133
489 48 17 0 3133
489 49 5 0 3133
489 66 24 0 3133
489 69 24 0 3133
489 75 19 0 3133
489 76 6 0 3133
489 78 20 0 3133
489 80 20 0 3133
489 81 2 0 3133
489 81 6 0 3133
489 81 14 0 3133
489 81 22 0 3133
489 94 19 0 3133
489 95 13 0 3133
489 95 20 0 3133
489 98 11 0 3133
490 14 7 0 3133
490 20 15 0 3133
490 25 9 0 3133
490 38 24 0 3133
490 39 12 0 3133
490 39 13 0 3133
490 46 16 0 3133
490 57 14 0 3133
490 63 5 0 3133
490 69 28 0 3133
490 69 31 0 3133
490 74 3 0 3133
490 79 1 0 3133
490 80 11 0 3133
490 82 20 0 3133
490 83 10 0 3133
490 87 16 0 3133
490 89 16 0 3133
490 95 13 0 3133
490 95 14 0 3133
490 97 22 0 3133
491 1 5 0 3133
491 2 31 0 3133
491 5 8 0 3133
491 6 27 0 3133
491 8 5 0 3133
491 11 12 0 3133
491 18 5 0 3133
491 18 31 0 3133
491 27 14 0 3133
491 27 23 0 3133
491 39 6 0 3133
491 43 8 0 3133
491 43 15 0 3133
491 58 13 0 3133
491 66 20 0 3133
491 66 27 0 3133
491 73 7 0 3133
491 77 8 0 3133
491 83 28 0 3133
491 84 23 0 3133
491 87 7 0 3133
491 87 22 0 3133
491 98 17 0 3133
492 3 12 0 3133
492 9 4 0 3133
492 10 22 0 3133
492 11 10 0 3133
492 16 16 0 3133
492 18 17 0 3133
492 18 29 0 3133
492 21 19 0 3133
492 24 15 0 3133
492 31 12 0 3133
492 42 29 0 3133
492 43 11 0 3133
492 54 11 0 3133
492 66 15 0 3133
492 72 1 0 3133
492 73 24 0 3133
492 79 2 0 3133
492 82 23 0 3133
492 93 9 0 3133
493 4 8 0 3133
493 10 28 0 3133
493 11 11 0 3133
493 13 27 0 3133
493 17 25 0 3133
493 19 11 0 3133
493 22 24 0 3133
493 24 10 0 3133
493 32 2 0 3133
493 34 15 0 3133
493 49 14 0 3133
493 62 25 0 3133
493 64 5 0 3133
493 64 8 0 3133
493 77 12 0 3133
493 77 18 0 3133
493 78 28 0 3133
493 82 26 0 3133
493 84 4 0 3133
493 84 9 0 3133
493 85 22 0 3133
493 91 23 0 3133
493 92 9 0 3133
493 93 19 0 3133
494 11 8 0 3133
494 11 29 0 3133
494 14 14 0 3133
494 17 7 0 3133
494 31 10 0 3133
494 31 28 0 3133
494 33 8 0 3133
494 33 26 0 3133
494 39 24 0 3133
494 44 24 0 3133
494 47 11 0 3133
494 78 3 0 3133
494 80 23 0 3133
494 82 29 0 3133
494 88 18 0 3133
494 90 9 0 3133
494 93 16 0 3133
494 96 10 0 3133
495 0 23 0 3133
495 9 8 0 3133
495 15 28 0 3133
495 16 11 0 3133
495 19 30 0 3133
495 26 13 0 3133
495 29 16 0 3133
495 41 26 0 3133
495 47 0 0 3133
495 50 22 0 3133
495 55 24 0 3133
495 55 31 0 3133
495 56 23 0 3133
495 69 16 0 3133
495 71 3 0 3133
495 78 29 0 3133
495 79 19 0 3133
495 93 15 0 3133
496 2 20 0 3133
496 4 17 0 3133
496 4 26 0 3133
496 8 29 0 3133
496 13 11 0 3133
496 17 4 0 3133
496 19 20 0 3133
496 25 1 0 3133
496 27 6 0 3133
496 32 25 0 3133
496 37 5 0 3133
496 40 20 0 3133
496 41 14 0 3133
496 46 12 0 3133
496 76 29 0 3133
496 80 29 0 3133
496 92 4 0 3133
496 94 13 0 3133
497 2 30 0 3133
497 5 6 0 3133
497 5 28 0 3133
497 6 12 0 3133
497 6 27 0 3133
497 12 15 0 3133
497 20 19 0 3133
497 26 22 0 3133
497 36 16 0 3133
497 41 7 0 3133
497 42 25 0 3133
497 48 10 0 3133
497 72 15 0 3133
497 75 28 0 3133
497 77 2 0 3133
497 77 31 0 3133
497 79 13 0 3133
497 87 17 0 3133
497 88 21 0 3133
497 90 19 0 3133
497 91 9 0 3133
497 93 22 0 3133
497 94 5 0 3133
497 94 12 0 3133
498 2 1 0 3133
498 12 18 0 3133
498 15 28 0 3133
498 16 13 0 3133
498 25 25 0 3133
498 42 9 0 3133
498 42 19 0 3133
498 46 4 0 3133
498 50 13 0 3133
498 50 29 0 3133
498 53 24 0 3133
498 66 29 0 3133
498 70 10 0 3133
498 72 20 0 3133
498 74 31 0 3133
498 75 1 0 3133
498 78 10 0 3133
498 80 26 0 3133
498 82 21 0 3133
498 86 4 0 3133
498 89 0 0 3133
498 89 9 0 3133
498 90 8 0 3133
499 5 9 0 3133
499 12 0 0 3133
499 12 17 0 3133
499 18 13 0 3133
499 20 17 0 3133
499 24 15 0 3133
499 27 7 0 3133
499 29 16 0 3133
499 43 1 0 3133
499 43 9 0 3133
499 49 9 0 3133
499 49 13 0 3133
499 50 22 0 3133
499 54 24 0 3133
499 68 2 0 3133
499 76 19 0 3133
499 78 11 0 3133
499 86 25 0 3133
499 89 22 0 3133
499 90 9 0 3133
499 91 1 0 3133
499 95 14 0 3133
499 98 23 0 3133
500 1 19 0 3133
500 10 16 0 3133
500 23 27 0 3133
500 31 1 0 3133
500 32 17 0 3133
500 35 14 0 3133
500 41 2 0 3133
500 43 7 0 3133
500 43 21 0 3133
500 52 1 0 3133
500 61 23 0 3133
500 65 7 0 3133
500 66 2 0 3133
500 70 9 0 3133
500 86 4 0 3133
500 87 8 0 3133
500 91 20 0 3133
500 95 1 0 3133
500 95 25 0 3133
501 1 12 0 3133
501 3 13 0 3133
501 3 17 0 3133
501 9 24 0 3133
501 12 29 0 3133
501 15 18 0 3133
501 16 21 0 3133
501 16 30 0 3133
501 19 1 0 3133
501 21 26 0 3133
501 32 12 0 3133
501 39 1 0 3133
501 43 24 0 3133
501 44 14 0 3133
501 44 24 0 3133
501 48 21 0 3133
501 48 24 0 3133
501 50 1 0 3133
501 51 16 0 3133
501 53 21 0 3133
501 55 6 0 3133
501 63 26 0 3133
501 67 5 0 3133
501 70 2 0 3133
501 73 1 0 3133
501 92 15 0 3133
501 93 4 0 3133
502 1 1 0 3133
502 6 6 0 3133
502 6 19 0 3133
502 9 4 0 3133
502 14 27 0 3133
502 16 10 0 3133
502 17 28 0 3133
502 19 19 0 3133
502 20 13 0 3133
502 20 16 0 3133
502 22 22 0 3133
502 23 26 0 3133
502 25 29 0 3133
502 26 1 0 3133
502 27 29 0 3133
502 38 1 0 3133
502 43 2 0 3133
502 50 16 0 3133
502 52 15 0 3133
502 54 26 0 3133
502 59 7 0 3133
502 61 29 0 3133
502 63 21 0 3133
502 66 17 0 3133
502 67 0 0 3133
502 75 14 0 3133
502 82 8 0 3133
502 84 29 0 3133
502 88 16 0 3133
502 90 16 0 3133
502 90 27 0 3133
503 0 7 0 3133
503 2 2 0 3133
503 2 29 0 3133
503 4 11 0 3133
503 10 22 0 3133
503 12 2 0 3133
503 19 9 0 3133
503 22 5 0 3133
503 33 4 0 3133
503 40 7 0 3133
503 62 30 0 3133
503 63 24 0 3133
503 69 10 0 3133
503 69 27 0 3133
503 70 18 0 3133
503 77 26 0 3133
503 79 15 0 3133
503 80 27 0 3133
503 82 28 0 3133
503 84 19 0 3133
503 94 16 0 3133
504 5 12 0 3133
504 5 27 0 3133
504 8 23 0 3133
504 14 22 0 3133
504 15 30 0 3133
504 22 12 0 3133
504 23 20 0 3133
504 25 7 0 3133
504 25 25 0 3133
504 31 7 0 3133
504 33 3 0 3133
504 46 11 0 3133
504 58 18 0 3133
504 64 19 0 3133
504 65 17 0 3133
504 68 6 0 3133
504 68 27 0 3133
504 71 4 0 3133
504 77 10 0 3133
504 82 26 0 3133
504 93 7 0 3133
504 93 11 0 3133
504 97 13 0 3133
504 97 22 0 3133
505 13 28 0 3133
505 30 11 0 3133
505 30 21 0 3133
505 31 21 0 3133
505 47 12 0 3133
505 51 3 0 3133
505 53 24 0 3133
505 54 12 0 3133
505 56 15 0 3133
505 58 4 0 3133
505 64 10 0 3133
505 67 10 0 3133
505 67 28 0 3133
505 81 8 0 3133
505 83 5 0 3133
505 86 28 0 3133
505 88 21 0 3133
505 90 15 0 3133
505 95 2 0 3133
505 96 29 0 3133
505 99 10 0 3133
506 0 21 0 3133
506 2 12 0 3133
506 5 19 0 3133
506 9 6 0 3133
506 19 15 0 3133
506 23 18 0 3133
506 34 5 0 3133
506 53 7 0 3133
506 57 0 0 3133
506 61 15 0 3133
506 61 17 0 3133
506 62 1 0 3133
506 64 13 0 3133
506 76 17 0 3133
506 81 17 0 3133
506 84 8 0 3133
506 88 10 0 3133
506 95 31 0 3133
506 97 27 0 3133
507 5 28 0 3133
507 6 28 0 3133
507 16 12 0 3133
507 19 10 0 3133
507 26 10 0 3133
507 29 27 0 3133
507 37 15 0 3133
507 41 10 0 3133
507 42 27 0 3133
507 50 21 0 3133
507 53 25 0 3133
507 57 12 0 3133
507 63 1 0 3133
507 65 11 0 3133
507 65 23 0 3133
507 66 6 0 3133
507 67 6 0 3133
507 80 27 0 3133
507 94 31 0 3133
507 100 25 0 3133
508 15 23 0 3133
508 17 24 0 3133
508 18 4 0 3133
508 18 15 0 3133
508 19 5 0 3133
508 25 7 0 3133
508 25 26 0 3133
508 26 18 0 3133
508 26 26 0 3133
508 28 4 0 3133
508 29 24 0 3133
508 35 0 0 3133
508 39 10 0 3133
508 47 23 0 3133
508 47 29 0 3133
508 50 0 0 3133
508 56 10 0 3133
508 57 24 0 3133
508 60 18 0 3133
508 60 25 0 3133
508 62 15 0 3133
508 70 10 0 3133
508 84 5 0 3133
508 86 24 0 3133
508 91 3 0 3133
508 91 15 0 3133
509 1 24 0 3133
509 3 16 0 3133
509 10 25 0 3133
509 21 19 0 3133
509 22 29 0 3133
509 33 13 0 3133
509 37 7 0 3133
509 39 20 0 3133
509 40 27 0 3133
509 40 31 0 3133
509 41 8 0 3133
509 41 23 0 3133
509 42 3 0 3133
509 42 15 0 3133
509 44 18 0 3133
509 45 28 0 3133
509 48 4 0 3133
509 56 19 0 3133
509 57 6 0 3133
509 69 7 0 3133
509 80 16 0 3133
509 80 28 0 3133
509 82 12 0 3133
509 83 8 0 3133
509 83 15 0 3133
509 83 16 0 3133
509 84 22 0 3133
509 87 11 0 3133
509 92 5 0 3133
509 96 0 0 3133
509 98 16 0 3133
509 100 20 0 3133
510 5 18 0 3133
510 6 18 0 3133
510 7 12 0 3133
510 8 21 0 3133
510 9 26 0 3133
510 14 0 0 3133
510 15 2 0 3133
510 18 27 0 3133
510 20 31 0 3133
510 29 7 0 3133
510 31 22 0 3133
510 32 3 0 3133
510 33 9 0 3133
510 34 7 0 3133
510 38 15 0 3133
510 39 25 0 3133
510 44 1 0 3133
510 45 23 0 3133
510 47 21 0 3133
510 50 3 0 3133
510 60 14 0 3133
510 63 10 0 3133
510 69 7 0 3133
510 75 8 0 3133
510 75 12 0 3133
510 85 1 0 3133
510 87 3 0 3133
510 92 18 0 3133
510 94 5 0 3133
510 94 19 0 3133
510 100 23 0 3133
511 3 22 0 3133
511 11 0 0 3133
511 17 5 0 3133
511 22 0 0 3133
511 22 2 0 3133
511 23 14 0 3133
511 23 31 0 3133
511 26 13 0 3133
511 27 28 0 3133
511 38 2 0 3133
511 39 23 0 3133
511 53 9 0 3133
511 57 30 0 3133
511 62 0 0 3133
511 75 21 0 3133
511 77 30 0 3133
511 82 28 0 3133
511 91 25 0 3133
511 93 22 0 3133
511 99 20 0 3133
512 3 7 0 3133
512 5 18 0 3133
512 10 5 0 3133
512 27 5 0 3133
512 27 8 0 3133
512 39 1 0 3133
512 41 14 0 3133
512 55 13 0 3133
512 57 16 0 3133
512 59 5 0 3133
512 62 30 0 3133
512 63 15 0 3133
512 68 28 0 3133
512 74 22 0 3133
512 75 1 0 3133
512 80 8 0 3133
512 85 29 0 3133
512 91 30 0 3133
512 97 0 0 3133
512 97 21 0 3133
512 98 25 0 3133
512 99 7 0 3133
513 12 19 0 3133
513 16 12 0 3133
513 27 4 0 3133
513 28 30 0 3133
513 39 4 0 3133
513 39 10 0 3133
513 41 15 0 3133
513 43 10 0 3133
513 51 11 0 3133
513 69 16 0 3133
513 72 27 0 3133
513 91 29 0 3133
513 95 21 0 3133
514 11 6 0 3133
514 20 6 0 3133
514 20 12 0 3133
514 24 21 0 3133
514 29 4 0 3133
514 33 8 0 3133
514 33 15 0 3133
514 35 2 0 3133
514 37 24 0 3133
514 41 1 0 3133
514 47 3 0 3133
514 49 18 0 3133
514 58 31 0 3133
514 59 17 0 3133
514 60 0 0 3133
514 60 28 0 3133
514 62 12 0 3133
514 63 5 0 3133
514 63 18 0 3133
514 67 10 0 3133
514 77 19 0 3133
514 88 2 0 3133
514 88 26 0 3133
514 93 10 0 3133
514 94 6 0 3133
514 99 10 0 3133
515 0 7 0 3133
515 0 28 0 3133
515 2 8 0 3133
515 13 6 0 3133
515 16 25 0 3133
515 18 18 0 3133
515 25 14 0 3133
515 34 27 0 3133
515 39 1 0 3133
515 40 2 0 3133
515 47 24 0 3133
515 50 18 0 3133
515 53 27 0 3133
515 56 20 0 3133
515 59 29 0 3133
515 61 17 0 3133
515 62 25 0 3133
515 68 6 0 3133
515 69 28 0 3133
515 71 13 0 3133
515 74 2 0 3133
515 76 0 0 3133
515 83 2 0 3133
515 88 6 0 3133
515 89 16 0 3133
515 100 29 0 3133
516 1 19 0 3133
516 3 23 0 3133
516 4 6 0 3133
516 4 18 0 3133
516 15 11 0 3133
516 25 1 0 3133
516 33 14 0 3133
516 43 25 0 3133
516 55 15 0 3133
516 62 13 0 3133
516 64 5 0 3133
516 70 9 0 3133
516 82 15 0 3133
516 90 6 0 3133
516 93 26 0 3133
516 99 20 0 3133
517 1 8 0 3133
517 7 6 0 3133
517 12 28 0 3133
517 15 10 0 3133
517 15 11 0 3133
517 21 17 0 3133
517 23 5 0 3133
517 25 9 0 3133
517 26 2 0 3133
517 29 31 0 3133
517 30 14 0 3133
517 31 5 0 3133
517 31 29 0 3133
517 34 14 0 3133
517 40 19 0 3133
517 45 10 0 3133
517 47 11 0 3133
517 48 3 0 3133
517 54 7 0 3133
517 54 30 0 3133
517 58 15 0 3133
517 58 18 0 3133
517 59 10 0 3133
517 66 15 0 3133
517 69 31 0 3133
517 73 10 0 3133
517 82 18 0 3133
517 84 4 0 3133
517 84 17 0 3133
517 92 9 0 3133
517 95 23 0 3133
518 3 4 0 3133
518 8 6 0 3133
518 10 4 0 3133
518 19 0 0 3133
518 34 4 0 3133
518 35 23 0 3133
518 38 3 0 3133
518 40 7 0 3133
518 43 24 0 3133
518 45 16 0 3133
518 54 21 0 3133
518 72 19 0 3133
518 72 25 0 3133
518 75 0 0 3133
518 82 17 0 3133
518 88 30 0 3133
518 97 0 0 3133
518 97 12 0 3133
519 6 11 0 3133
519 13 26 0 3133
519 18 7 0 3133
519 19 11 0 3133
519 21 29 0 3133
519 34 26 0 3133
519 37 18 0 3133
519 39 9 0 3133
519 40 25 0 3133
519 41 7 0 3133
519 42 7 0 3133
519 44 30 0 3133
519 52 19 0 3133
519 55 11 0 3133
519 65 29 0 3133
519 81 0 0 3133
519 81 30 0 3133
519 83 3 0 3133
519 86 18 0 3133
519 88 16 0 3133
519 97 3 0 3133
519 97 25 0 3133
520 4 28 0 3133
520 11 2 0 3133
520 15 0 0 3133
520 19 21 0 3133
520 28 7 0 3133
520 37 19 0 3133
520 42 30 0 3133
520 67 31 0 3133
520 69 25 0 3133
520 72 17 0 3133
520 78 18 0 3133
520 87 15 0 3133
520 88 1 0 3133
520 93 24 0 3133
520 95 23 0 3133
521 0 18 0 3133
521 2 28 0 3133
521 3 0 0 3133
521 3 4 0 3133
521 20 1 0 3133
521 21 0 0 3133
521 24 23 0 3133
521 25 1 0 3133
521 25 31 0 3133
521 27 24 0 3133
521 28 7 0 3133
521 29 16 0 3133
521 34 14 0 3133
521 34 16 0 3133
521 37 27 0 3133
521 39 27 0 3133
521 41 25 0 3133
521 48 1 0 3133
521 50 22 0 3133
521 51 15 0 3133
521 63 5 0 3133
521 63 24 0 3133
521 84 21 0 3133
521 87 25 0 3133
521 88 13 0 3133
521 88 31 0 3133
521 90 5 0 3133
521 93 29 0 3133
521 97 21 0 3133
521 98 1 0 3133
522 0 2 0 3133
522 2 16 0 3133
522 4 11 0 3133
522 14 27 0 3133
522 17 11 0 3133
522 24 10 0 3133
522 27 19 0 3133
522 30 9 0 3133
522 36 8 0 3133
522 37 28 0 3133
522 40 12 0 3133
522 47 23 0 3133
522 49 23 0 3133
522 53 4 0 3133
522 54 7 0 3133
522 58 5 0 3133
522 68 22 0 3133
522 70 29 0 3133
522 84 9 0 3133
522 85 17 0 3133
522 92 25 0 3133
522 93 17 0 3133
523 3 16 0 3133
523 3 30 0 3133
523 6 17 0 3133
523 10 18 0 3133
523 19 6 0 3133
523 19 30 0 3133
523 32 15 0 3133
523 50 12 0 3133
523 56 0 0 3133
523 76 11 0 3133
523 80 25 0 3133
523 83 15 0 3133
523 84 24 0 3133
523 86 8 0 3133
523 87 21 0 3133
523 94 25 0 3133
523 95 4 0 3133
523 97 15 0 3133
523 99 3 0 3133
524 0 22 0 3133
524 4 9 0 3133
524 9 7 0 3133
524 10 14 0 3133
524 15 19 0 3133
524 15 25 0 3133
524 15 28 0 3133
524 23 6 0 3133
524 26 0 0 3133
524 26 20 0 3133
524 26 30 0 3133
524 35 22 0 3133
524 36 9 0 3133
524 39 24 0 3133
524 42 31 0 3133
524 48 28 0 3133
524 49 3 0 3133
524 55 12 0 3133
524 56 4 0 3133
524 57 18 0 3133
524 60 9 0 3133
524 67 17 0 3133
524 68 6 0 3133
524 69 29 0 3133
524 76 12 0 3133
524 80 22 0 3133
524 82 9 0 3133
524 83 19 0 3133
524 90 31 0 3133
524 97 9 0 3133
524 99 16 0 3133
525 0 19 0 3133
525 5 24 0 3133
525 10 16 0 3133
525 22 10 0 3133
525 28 0 0 3133
525 31 11 0 3133
525 35 11 0 3133
525 49 16 0 3133
525 52 29 0 3133
525 57 26 0 3133
525 60 12 0 3133
525 61 11 0 3133
525 63 16 0 3133
525 69 18 0 3133
525 73 18 0 3133
525 74 0 0 3133
525 80 29 0 3133
525 82 2 0 3133
525 92 28 0 3133
525 93 17 0 3133
525 97 25 0 3133
526 1 31 0 3133
526 2 19 0 3133
526 3 4 0 3133
526 5 30 0 3133
526 7 5 0 3133
526 11 0 0 3133
526 15 11 0 3133
526 19 25 0 3133
526 24 17 0 3133
526 30 31 0 3133
526 34 6 0 3133
526 34 20 0 3133
526 38 20 0 3133
526 52 9 0 3133
526 55 3 0 3133
526 57 30 0 3133
526 62 1 0 3133
526 63 11 0 3133
526 70 22 0 3133
526 85 0 0 3133
526 94 27 0 3133
527 4 14 0 3133
527 5 24 0 3133
527 7 7 0 3133
527 12 17 0 3133
527 17 20 0 3133
527 21 0 0 3133
527 32 8 0 3133
527 40 10 0 3133
527 47 15 0 3133
527 51 13 0 3133
527 58 24 0 3133
527 64 21 0 3133
527 64 27 0 3133
527 72 25 0 3133
527 77 25 0 3133
527 79 29 0 3133
527 96 15 0 3133
527 98 20 0 3133
528 1 12 0 3133
528 5 23 0 3133
528 6 19 0 3133
528 7 15 0 3133
528 12 4 0 3133
528 13 9 0 3133
528 16 19 0 3133
528 22 17 0 3133
528 37 28 0 3133
528 40 28 0 3133
528 42 17 0 3133
528 43 9 0 3133
528 45 10 0 3133
528 47 17 0 3133
528 53 11 0 3133
528 53 19 0 3133
528 67 31 0 3133
528 77 13 0 3133
528 90 5 0 3133
528 97 12 0 3133
528 98 28 0 3133
529 4 9 0 3133
529 9 28 0 3133
529 12 24 0 3133
529 18 21 0 3133
529 38 0 0 3133
529 43 31 0 3133
529 44 12 0 3133
529 44 24 0 3133
529 45 29 0 3133
529 57 14 0 3133
529 64 18 0 3133
529 69 1 0 3133
529 75 12 0 3133
529 77 0 0 3133
529 96 18 0 3133
530 0 5 0 3133
530 7 20 0 3133
530 10 9 0 3133
530 22 11 0 3133
530 23 19 0 3133
530 30 13 0 3133
530 31 7 0 3133
530 33 12 0 3133
530 34 24 0 3133
530 37 31 0 3133
530 53 9 0 3133
530 53 25 0 3133
530 60 13 0 3133
530 63 28 0 3133
530 65 11 0 3133
530 66 10 0 3133
530 67 0 0 3133
530 73 13 0 3133
530 78 31 0 3133
530 85 7 0 3133
530 85 24 0 3133
530 86 20 0 3133
530 88 5 0 3133
530 95 12 0 3133
530 96 17 0 3133
530 98 11 0 3133
531 1 20 0 3133
531 6 29 0 3133
531 11 17 0 3133
531 18 27 0 3133
531 25 1 0 3133
531 27 15 0 3133
531 33 13 0 3133
531 33 19 0 3133
531 36 30 0 3133
531 37 21 0 3133
531 44 0 0 3133
531 46 31 0 3133
531 47 7 0 3133
531 47 23 0 3133
531 48 2 0 3133
531 48 12 0 3133
531 48 21 0 3133
531 48 28 0 3133
531 49 13 0 3133
531 50 22 0 3133
531 61 3 0 3133
531 72 30 0 3133
531 75 20 0 3133
531 78 13 0 3133
531 80 28 0 3133
531 84 8 0 3133
531 86 1 0 3133
531 86 8 0 3133
531 90 17 0 3133
531 96 18 0 3133
531 96 24 0 3133
531 97 18 0 3133
531 98 6 0 3133
531 98 19 0 3133
532 25 26 0 3133
532 26 10 0 3133
532 30 8 0 3133
532 49 1 0 3133
532 52 0 0 3133
532 56 2 0 3133
532 75 28 0 3133
532 79 17 0 3133
532 79 22 0 3133
532 79 24 0 3133
532 98 19 0 3133
533 9 12 0 3133
533 13 16 0 3133
533 15 13 0 3133
533 29 28 0 3133
533 42 13 0 3133
533 44 20 0 3133
533 46 4 0 3133
533 48 8 0 3133
533 59 3 0 3133
533 62 9 0 3133
533 62 26 0 3133
533 65 4 0 3133
533 66 7 0 3133
533 74 28 0 3133
533 83 10 0 3133
533 83 21 0 3133
533 95 30 0 3133
533 98 20 0 3133
533 99 6 0 3133
534 0 1 0 3133
534 4 1 0 3133
534 9 27 0 3133
534 14 4 0 3133
534 17 25 0 3133
534 19 2 0 3133
534 19 21 0 3133
534 21 5 0 3133
534 30 7 0 3133
534 39 18 0 3133
534 44 11 0 3133
534 77 23 0 3133
534 79 24 0 3133
534 82 27 0 3133
534 82 29 0 3133
534 86 29 0 3133
534 89 19 0 3133
534 94 11 0 3133
534 94 31 0 3133
534 95 28 0 3133
534 97 3 0 3133
534 97 13 0 3133
534 99 12 0 3133
535 0 4 0 3133
535 4 16 0 3133
535 23 21 0 3133
535 24 19 0 3133
535 27 1 0 3133
535 27 15 0 3133
535 29 12 0 3133
535 31 13 0 3133
535 45 5 0 3133
535 50 30 0 3133
535 53 5 0 3133
535 56 23 0 3133
535 61 29 0 3133
535 62 21 0 3133
535 68 18 0 3133
535 70 8 0 3133
535 73 24 0 3133
535 76 27 0 3133
535 81 31 0 3133
535 85 4 0 3133
535 95 9 0 3133
535 97 26 0 3133
536 0 27 0 3133
536 1 8 0 3133
536 3 0 0 3133
536 3 2 0 3133
536 15 20 0 3133
536 16 28 0 3133
536 19 11 0 3133
536 22 0 0 3133
536 23 10 0 3133
536 31 11 0 3133
536 42 21 0 3133
536 43 27 0 3133
536 52 25 0 3133
536 53 21 0 3133
536 66 2 0 3133
536 69 2 0 3133
536 70 30 0 3133
536 74 17 0 3133
536 75 17 0 3133
536 77 28 0 3133
536 83 1 0 3133
536 89 30 0 3133
536 90 5 0 3133
536 95 0 0 3133
537 1 28 0 3133
537 7 24 0 3133
537 9 25 0 3133
537 31 18 0 3133
537 36 8 0 3133
537 37 18 0 3133
537 43 27 0 3133
537 48 9 0 3133
537 58 3 0 3133
537 58 28 0 3133
537 65 31 0 3133
537 70 28 0 3133
537 76 3 0 3133
537 79 22 0 3133
537 83 22 0 3133
537 92 17 0 3133
538 3 1 0 3133
538 6 16 0 3133
538 11 1 0 3133
538 11 15 0 3133
538 16 12 0 3133
538 19 31 0 3133
538 21 14 0 3133
538 31 25 0 3133
538 41 6 0 3133
538 44 19 0 3133
538 51 24 0 3133
538 57 13 0 3133
538 57 22 0 3133
538 58 31 0 3133
538 64 15 0 3133
538 72 16 0 3133
538 77 23 0 3133
538 78 18 0 3133
538 78 29 0 3133
538 79 26 0 3133
538 80 15 0 3133
538 82 12 0 3133
538 84 5 0 3133
538 85 13 0 3133
538 89 14 0 3133
538 90 1 0 3133
538 95 31 0 3133
539 3 10 0 3133
539 4 15 0 3133
539 23 28 0 3133
539 30 17 0 3133
539 32 6 0 3133
539 48 14 0 3133
539 51 23 0 3133
539 55 21 0 3133
539 70 21 0 3133
539 72 13 0 3133
539 73 5 0 3133
539 77 8 0 3133
539 77 20 0 3133
539 80 23 0 3133
539 85 4 0 3133
539 85 24 0 3133
539 86 7 0 3133
539 89 0 0 3133
539 98 23 0 3133
540 8 8 0 3133
540 14 17 0 3133
540 17 25 0 3133
540 19 31 0 3133
540 21 24 0 3133
540 28 16 0 3133
540 31 28 0 3133
540 32 9 0 3133
540 35 4 0 3133
540 63 5 0 3133
540 63 8 0 3133
540 63 26 0 3133
540 67 22 0 3133
540 71 3 0 3133
540 77 0 0 3133
540 87 9 0 3133
540 90 18 0 3133
540 91 2 0 3133
540 95 23 0 3133
540 99 0 0 3133
541 0 6 0 3133
541 7 20 0 3133
541 12 7 0 3133
541 18 22 0 3133
541 19 21 0 3133
541 22 31 0 3133
541 25 29 0 3133
541 29 23 0 3133
541 33 29 0 3133
541 39 22 0 3133
541 43 8 0 3133
541 61 22 0 3133
541 62 26 0 3133
541 64 16 0 3133
541 64 28 0 3133
541 70 1 0 3133
541 75 1 0 3133
541 84 11 0 3133
541 88 10 0 3133
541 88 21 0 3133
541 92 3 0 3133
541 93 21 0 3133
541 94 16 0 3133
542 0 2 0 3133
542 0 3 0 3133
542 5 30 0 3133
542 12 16 0 3133
542 14 2 0 3133
542 14 29 0 3133
542 20 18 0 3133
542 22 14 0 3133
542 26 26 0 3133
542 27 6 0 3133
542 32 4 0 3133
542 33 12 0 3133
542 35 5 0 3133
542 36 10 0 3133
542 45 6 0 3133
542 45 21 0 3133
542 48 6 0 3133
542 67 19 0 3133
542 72 20 0 3133
542 74 21 0 3133
542 76 6 0 3133
542 84 17 0 3133
542 98 10 0 3133
542 100 16 0 3133
543 1 23 0 3133
543 1 27 0 3133
543 2 29 0 3133
543 3 16 0 3133
543 3 30 0 3133
543 6 11 0 3133
543 6 23 0 3133
543 13 25 0 3133
543 16 6 0 3133
543 19 24 0 3133
543 19 30 0 3133
543 31 25 0 3133
543 34 24 0 3133
543 34 29 0 3133
543 36 11 0 3133
543 37 24 0 3133
543 39 10 0 3133
543 41 9 0 3133
543 45 9 0 3133
543 61 9 0 3133
543 62 19 0 3133
543 66 13 0 3133
543 72 27 0 3133
543 74 2 0 3133
543 75 16 0 3133
543 78 22 0 3133
543 80 26 0 3133
543 84 21 0 3133
543 88 23 0 3133
543 92 29 0 3133
544 1 15 0 3133
544 3 17 0 3133
544 9 24 0 3133
544 12 27 0 3133
544 13 29 0 3133
544 15 5 0 3133
544 27 15 0 3133
544 28 5 0 3133
544 35 8 0 3133
544 48 2 0 3133
544 49 29 0 3133
544 59 3 0 3133
544 62 13 0 3133
544 75 28 0 3133
544 76 24 0 3133
544 84 25 0 3133
544 97 20 0 3133
545 1 2 0 3133
545 4 21 0 3133
545 12 27 0 3133
545 13 13 0 3133
545 16 12 0 3133
545 20 14 0 3133
545 26 10 0 3133
545 27 12 0 3133
545 42 19 0 3133
545 45 12 0 3133
545 55 28 0 3133
545 62 10 0 3133
545 63 16 0 3133
545 65 19 0 3133
545 78 7 0 3133
545 84 20 0 3133
545 95 4 0 3133
545 99 24 0 3133
546 0 28 0 3133
546 1 9 0 3133
546 3 6 0 3133
546 3 10 0 3133
546 16 28 0 3133
546 22 14 0 3133
546 22 25 0 3133
546 27 11 0 3133
546 33 29 0 3133
546 33 31 0 3133
546 36 7 0 3133
546 46 30 0 3133
546 71 29 0 3133
546 78 1 0 3133
546 89 16 0 3133
546 94 13 0 3133
546 97 18 0 3133
546 99 4 0 3133
547 4 21 0 3133
547 9 19 0 3133
547 14 2 0 3133
547 19 24 0 3133
547 21 11 0 3133
547 26 4 0 3133
547 37 19 0 3133
547 40 25 0 3133
547 41 25 0 3133
547 46 19 0 3133
547 60 9 0 3133
547 82 14 0 3133
547 83 4 0 3133
547 84 24 0 3133
547 85 18 0 3133
547 89 15 0 3133
547 90 23 0 3133
547 96 26 0 3133
547 98 25 0 3133
548 2 10 0 3133
548 4 9 0 3133
548 13 11 0 3133
548 13 15 0 3133
548 15 23 0 3133
548 21 10 0 3133
548 30 18 0 3133
548 32 1 0 3133
548 37 11 0 3133
548 46 18 0 3133
548 47 6 0 3133
548 48 16 0 3133
548 49 27 0 3133
548 54 6 0 3133
548 54 11 0 3133
548 55 9 0 3133
548 60 6 0 3133
548 61 21 0 3133
548 62 1 0 3133
548 65 19 0 3133
548 73 12 0 3133
548 75 25 0 3133
548 76 5 0 3133
548 84 5 0 3133
548 91 2 0 3133
549 2 5 0 3133
549 7 4 0 3133
549 8 7 0 3133
549 14 31 0 3133
549 27 1 0 3133
549 33 31 0 3133
549 35 7 0 3133
549 38 15 0 3133
549 42 30 0 3133
549 47 29 0 3133
549 57 6 0 3133
549 63 25 0 3133
549 65 11 0 3133
549 81 24 0 3133
549 85 11 0 3133
549 86 13 0 3133
549 88 10 0 3133
549 97 18 0 3133
549 100 26 0 3133
550 0 3 0 3133
550 0 7 0 3133
550 0 14 0 3133
550 1 6 0 3133
550 1 26 0 3133
550 13 3 0 3133
550 13 30 0 3133
550 14 14 0 3133
550 23 6 0 3133
550 35 8 0 3133
550 39 0 0 3133
550 48 22 0 3133
550 55 5 0 3133
550 63 24 0 3133
550 69 2 0 3133
550 70 25 0 3133
550 72 19 0 3133
550 85 16 0 3133
550 87 25 0 3133
550 88 26 0 3133
550 89 17 0 3133
550 93 8 0 3133
550 99 26 0 3133
551 6 0 0 3133
551 9 13 0 3133
551 19 12 0 3133
551 22 25 0 3133
551 39 25 0 3133
551 45 11 0 3133
551 53 15 0 3133
551 63 23 0 3133
551 66 27 0 3133
551 79 30 0 3133
551 86 4 0 3133
551 88 7 0 3133
551 91 6 0 3133
551 100 4 0 3133
551 100 22 0 3133
552 0 23 0 3133
552 2 25 0 3133
552 6 8 0 3133
552 15 23 0 3133
552 17 9 0 3133
552 19 12 0 3133
552 25 26 0 3133
552 29 12 0 3133
552 30 31 0 3133
552 36 7 0 3133
552 37 11 0 3133
552 41 31 0 3133
552 49 10 0 3133
552 50 27 0 3133
552 58 3 0 3133
552 71 2 0 3133
552 74 25 0 3133
552 75 10 0 3133
552 84 28 0 3133
552 87 10 0 3133
552 89 17 0 3133
552 99 0 0 3133
553 1 30 0 3133
553 2 1 0 3133
553 9 6 0 3133
553 21 29 0 3133
553 24 4 0 3133
553 24 7 0 3133
553 25 31 0 3133
553 32 12 0 3133
553 48 11 0 3133
553 53 16 0 3133
553 55 18 0 3133
553 59 0 0 3133
553 59 5 0 3133
553 67 9 0 3133
553 78 3 0 3133
553 79 7 0 3133
553 82 2 0 3133
553 89 5 0 3133
553 90 30 0 3133
553 96 15 0 3133
553 98 10 0 3133
553 98 19 0 3133
553 100 11 0 3133
553 100 16 0 3133
554 13 2 0 3133
554 13 3 0 3133
554 15 22 0 3133
554 19 25 0 3133
554 22 18 0 3133
554 25 7 0 3133
554 26 17 0 3133
554 34 3 0 3133
554 51 16 0 3133
554 57 24 0 3133
554 58 15 0 3133
554 64 13 0 3133
554 65 6 0 3133
554 65 21 0 3133
554 76 21 0 3133
554 77 31 0 3133
554 78 7 0 3133
554 87 30 0 3133
554 89 2 0 3133
554 93 0 0 3133
554 94 9 0 3133
554 97 5 0 3133
555 1 5 0 3133
555 1 23 0 3133
555 3 9 0 3133
555 18 12 0 3133
555 19 8 0 3133
555 29 20 0 3133
555 30 14 0 3133
555 38 8 0 3133
555 39 28 0 3133
555 45 29 0 3133
555 46 20 0 3133
555 52 24 0 3133
555 57 26 0 3133
555 58 9 0 3133
555 62 27 0 3133
555 63 23 0 3133
555 66 30 0 3133
555 96 14 0 3133
555 97 22 0 3133
555 99 14 0 3133
556 0 26 0 3133
556 5 1 0 3133
556 10 22 0 3133
556 16 16 0 3133
556 22 22 0 3133
556 31 8 0 3133
556 35 7 0 3133
556 37 3 0 3133
556 41 9 0 3133
556 43 9 0 3133
556 48 0 0 3133
556 50 11 0 3133
556 52 17 0 3133
556 57 14 0 3133
556 57 18 0 3133
556 58 1 0 3133
556 74 28 0 3133
556 76 10 0 3133
556 78 22 0 3133
556 81 8 0 3133
556 82 15 0 3133
556 83 23 0 3133
556 84 23 0 3133
556 85 25 0 3133
556 87 9 0 3133
556 88 20 0 3133
556 89 22 0 3133
556 92 2 0 3133
557 1 14 0 3133
557 4 13 0 3133
557 11 16 0 3133
557 13 9 0 3133
557 14 14 0 3133
557 16 14 0 3133
557 21 18 0 3133
557 23 24 0 3133
557 26 26 0 3133
557 33 15 0 3133
557 37 14 0 3133
557 38 6 0 3133
557 46 16 0 3133
557 47 18 0 3133
557 49 24 0 3133
557 57 24 0 3133
557 66 13 0 3133
557 88 18 0 3133
557 95 6 0 3133
557 95 24 0 3133
558 16 0 0 3133
558 17 20 0 3133
558 17 23 0 3133
558 21 7 0 3133
558 23 21 0 3133
558 29 16 0 3133
558 29 23 0 3133
558 30 10 0 3133
558 43 16 0 3133
558 44 15 0 3133
558 45 16 0 3133
558 53 4 0 3133
558 57 12 0 3133
558 61 28 0 3133
558 67 5 0 3133
558 69 1 0 3133
558 70 15 0 3133
558 72 3 0 3133
558 72 21 0 3133
558 76 7 0 3133
558 83 15 0 3133
558 86 25 0 3133
558 87 19 0 3133
558 92 28 0 3133
558 96 25 0 3133
558 97 20 0 3133
559 0 2 0 3133
559 5 12 0 3133
559 6 31 0 3133
559 8 24 0 3133
559 19 2 0 3133
559 20 0 0 3133
559 25 21 0 3133
559 33 12 0 3133
559 34 13 0 3133
559 39 13 0 3133
559 41 24 0 3133
559 45 13 0 3133
559 49 7 0 3133
559 49 25 0 3133
559 54 21 0 3133
559 57 5 0 3133
559 58 12 0 3133
559 59 31 0 3133
559 64 25 0 3133
559 65 10 0 3133
559 82 15 0 3133
559 82 31 0 3133
559 85 13 0 3133
559 86 17 0 3133
559 86 26 0 3133
559 93 30 0 3133
559 94 7 0 3133
559 94 18 0 3133
559 96 28 0 3133
559 98 0 0 3133
559 100 2 0 3133
560 1 0 0 3133
560 16 1 0 3133
560 23 5 0 3133
560 23 24 0 3133
560 30 1 0 3133
560 34 8 0 3133
560 54 13 0 3133
560 57 0 0 3133
560 60 6 0 3133
560 66 8 0 3133
560 68 30 0 3133
560 76 22 0 3133
560 79 20 0 3133
560 81 4 0 3133
560 81 18 0 3133
560 87 9 0 3133
560 99 22 0 3133
561 4 25 0 3133
561 10 25 0 3133
561 12 26 0 3133
561 40 23 0 3133
561 48 15 0 3133
561 50 25 0 3133
561 54 27 0 3133
561 57 23 0 3133
561 65 17 0 3133
561 67 2 0 3133
561 67 22 0 3133
561 69 25 0 3133
561 71 13 0 3133
561 71 20 0 3133
561 72 3 0 3133
561 75 22 0 3133
561 78 14 0 3133
561 84 7 0 3133
561 84 17 0 3133
561 86 21 0 3133
561 89 14 0 3133
561 91 21 0 3133
561 94 11 0 3133
561 97 14 0 3133
561 98 24 0 3133
561 100 6 0 3133
562 0 20 0 3133
562 4 27 0 3133
562 5 19 0 3133
562 5 26 0 3133
562 11 29 0 3133
562 24 3 0 3133
562 24 4 0 3133
562 30 3 0 3133
562 30 21 0 3133
562 42 13 0 3133
562 45 8 0 3133
562 54 21 0 3133
562 59 5 0 3133
562 82 20 0 3133
562 90 17 0 3133
562 94 5 0 3133
563 11 14 0 3133
563 13 14 0 3133
563 17 23 0 3133
563 19 23 0 3133
563 22 23 0 3133
563 26 31 0 3133
563 29 5 0 3133
563 30 21 0 3133
563 52 17 0 3133
563 65 21 0 3133
563 67 18 0 3133
563 76 6 0 3133
563 82 29 0 3133
563 85 20 0 3133
563 86 10 0 3133
563 87 7 0 3133
563 88 24 0 3133
563 92 0 0 3133
563 94 14 0 3133
563 99 18 0 3133
563 99 26 0 3133
564 28 21 0 3133
564 32 0 0 3133
564 32 3 0 3133
564 38 24 0 3133
564 44 0 0 3133
564 50 4 0 3133
564 52 30 0 3133
564 57 0 0 3133
564 61 24 0 3133
564 64 30 0 3133
564 84 3 0 3133
564 84 5 0 3133
564 90 23 0 3133
564 92 7 0 3133
564 93 15 0 3133
564 95 1 0 3133
564 96 12 0 3133
565 12 1 0 3133
565 12 26 0 3133
565 14 11 0 3133
565 17 11 0 3133
565 29 12 0 3133
565 29 14 0 3133
565 32 7 0 3133
565 42 14 0 3133
565 45 29 0 3133
565 49 17 0 3133
565 50 3 0 3133
565 68 28 0 3133
565 74 21 0 3133
565 78 14 0 3133
565 83 15 0 3133
565 84 9 0 3133
565 85 27 0 3133
565 87 29 0 3133
565 92 25 0 3133
566 2 7 0 3133
566 2 13 0 3133
566 2 14 0 3133
566 5 18 0 3133
566 6 27 0 3133
566 7 25 0 3133
566 8 3 0 3133
566 11 15 0 3133
566 12 15 0 3133
566 14 18 0 3133
566 15 4 0 3133
566 19 17 0 3133
566 26 15 0 3133
566 28 17 0 3133
566 30 12 0 3133
566 40 1 0 3133
566 47 14 0 3133
566 57 17 0 3133
566 64 10 0 3133
566 68 22 0 3133
566 84 18 0 3133
566 86 27 0 3133
566 87 23 0 3133
566 91 22 0 3133
566 98 25 0 3133
566 100 0 0 3133
567 3 27 0 3133
567 6 16 0 3133
567 24 8 0 3133
567 27 15 0 3133
567 30 6 0 3133
567 43 25 0 3133
567 44 14 0 3133
567 50 18 0 3133
567 59 21 0 3133
567 62 21 0 3133
567 75 14 0 3133
567 80 23 0 3133
567 83 7 0 3133
567 83 10 0 3133
567 87 17 0 3133
567 87 26 0 3133
567 92 7 0 3133
567 95 28 0 3133
567 98 7 0 3133
568 3 9 0 3133
568 4 8 0 3133
568 8 2 0 3133
568 8 26 0 3133
568 14 10 0 3133
568 17 12 0 3133
568 19 14 0 3133
568 22 2 0 3133
568 31 17 0 3133
568 31 30 0 3133
568 32 1 0 3133
568 34 26 0 3133
568 44 24 0 3133
568 46 2 0 3133
568 46 27 0 3133
568 54 0 0 3133
568 57 29 0 3133
568 58 24 0 3133
568 61 16 0 3133
568 63 12 0 3133
568 75 8 0 3133
568 77 23 0 3133
568 78 3 0 3133
568 79 10 0 3133
568 79 25 0 3133
568 88 11 0 3133
568 88 16 0 3133
569 4 10 0 3133
569 6 23 0 3133
569 7 31 0 3133
569 10 25 0 3133
569 17 5 0 3133
569 17 29 0 3133
569 31 17 0 3133
569 32 0 0 3133
569 32 30 0 3133
569 33 6 0 3133
569 35 23 0 3133
569 39 10 0 3133
569 43 10 0 3133
569 43 23 0 3133
569 46 4 0 3133
569 50 21 0 3133
569 62 18 0 3133
569 63 11 0 3133
569 64 0 0 3133
569 64 13 0 3133
569 68 1 0 3133
569 70 28 0 3133
569 71 19 0 3133
569 74 13 0 3133
569 76 19 0 3133
569 85 17 0 3133
569 92 13 0 3133
569 93 10 0 3133
570 0 13 0 3133
570 2 2 0 3133
570 3 29 0 3133
570 4 8 0 3133
570 6 23 0 3133
570 9 29 0 3133
570 11 31 0 3133
570 17 31 0 3133
570 39 16 0 3133
570 47 1 0 3133
570 47 12 0 3133
570 48 21 0 3133
570 58 5 0 3133
570 63 19 0 3133
570 63 28 0 3133
570 67 11 0 3133
570 70 24 0 3133
570 81 30 0 3133
570 90 9 0 3133
570 93 12 0 3133
571 0 6 0 3133
571 4 6 0 3133
571 9 22 0 3133
571 9 26 0 3133
571 10 28 0 3133
571 12 30 0 3133
571 15 5 0 3133
571 22 14 0 3133
571 27 6 0 3133
571 30 18 0 3133
571 31 14 0 3133
571 45 14 0 3133
571 47 23 0 3133
571 52 11 0 3133
571 52 13 0 3133
571 66 30 0 3133
571 68 18 0 3133
571 80 20 0 3133
571 80 22 0 3133
571 99 20 0 3133
572 3 12 0 3133
572 7 23 0 3133
572 21 17 0 3133
572 27 31 0 3133
572 28 21 0 3133
572 31 10 0 3133
572 32 21 0 3133
572 41 28 0 3133
572 43 16 0 3133
572 46 26 0 3133
572 48 19 0 3133
572 50 20 0 3133
572 60 24 0 3133
572 63 8 0 3133
572 64 24 0 3133
572 67 19 0 3133
572 67 31 0 3133
572 75 22 0 3133
572 79 21 0 3133
572 83 13 0 3133
572 84 23 0 3133
572 85 13 0 3133
572 86 6 0 3133
572 94 29 0 3133
572 100 19 0 3133
573 0 17 0 3133
573 2 9 0 3133
573 9 18 0 3133
573 10 21 0 3133
573 12 19 0 3133
573 26 24 0 3133
573 31 31 0 3133
573 34 19 0 3133
573 35 22 0 3133
573 61 2 0 3133
573 63 7 0 3133
573 66 29 0 3133
573 71 16 0 3133
573 75 23 0 3133
573 77 31 0 3133
573 80 31 0 3133
573 81 25 0 3133
573 84 17 0 3133
573 87 30 0 3133
573 90 9 0 3133
573 90 24 0 3133
573 98 4 0 3133
574 2 6 0 3133
574 3 4 0 3133
574 22 24 0 3133
574 28 18 0 3133
574 35 7 0 3133
574 38 18 0 3133
574 38 19 0 3133
574 39 22 0 3133
574 41 3 0 3133
574 42 24 0 3133
574 51 8 0 3133
574 56 30 0 3133
574 62 5 0 3133
574 66 7 0 3133
574 77 19 0 3133
574 80 24 0 3133
574 83 31 0 3133
574 86 24 0 3133
574 89 18 0 3133
574 90 8 0 3133
574 94 19 0 3133
575 1 22 0 3133
575 7 0 0 3133
575 11 11 0 3133
575 18 28 0 3133
575 19 24 0 3133
575 20 13 0 3133
575 22 28 0 3133
575 27 8 0 3133
575 34 17 0 3133
575 41 9 0 3133
575 41 14 0 3133
575 46 8 0 3133
575 50 2 0 3133
575 51 10 0 3133
575 57 26 0 3133
575 61 30 0 3133
575 65 10 0 3133
575 70 1 0 3133
575 70 18 0 3133
575 70 27 0 3133
575 75 0 0 3133
575 84 1 0 3133
575 86 5 0 3133
575 86 11 0 3133
575 87 26 0 3133
575 99 6 0 3133
575 99 25 0 3133
576 4 0 0 3133
576 4 1 0 3133
576 10 22 0 3133
576 16 12 0 3133
576 16 14 0 3133
576 16 17 0 3133
576 25 12 0 3133
576 28 11 0 3133
576 33 29 0 3133
576 44 2 0 3133
576 47 21 0 3133
576 47 26 0 3133
576 52 25 0 3133
576 55 23 0 3133
576 58 12 0 3133
576 61 2 0 3133
576 67 9 0 3133
576 73 27 0 3133
576 75 20 0 3133
576 76 17 0 3133
576 77 26 0 3133
576 85 18 0 3133
576 100 23 0 3133
577 0 27 0 3133
577 16 21 0 3133
577 23 4 0 3133
577 25 0 0 3133
577 28 9 0 3133
577 34 1 0 3133
577 48 12 0 3133
577 55 26 0 3133
577 69 23 0 3133
577 70 29 0 3133
577 71 25 0 3133
577 79 0 0 3133
577 80 18 0 3133
577 84 25 0 3133
577 86 3 0 3133
577 98 14 0 3133
578 0 6 0 3133
578 2 7 0 3133
578 8 4 0 3133
578 10 0 0 3133
578 14 27 0 3133
578 17 3 0 3133
578 17 20 0 3133
578 19 3 0 3133
578 19 26 0 3133
578 23 20 0 3133
578 25 0 0 3133
578 45 20 0 3133
578 49 22 0 3133
578 50 0 0 3133
578 55 3 0 3133
578 64 27 0 3133
578 66 28 0 3133
578 67 30 0 3133
578 70 17 0 3133
578 70 25 0 3133
578 73 12 0 3133
578 83 9 0 3133
578 83 17 0 3133
578 87 6 0 3133
578 91 17 0 3133
578 96 24 0 3133
578 97 20 0 3133
578 98 24 0 3133
579 9 24 0 3133
579 13 17 0 3133
579 15 6 0 3133
579 16 8 0 3133
579 17 25 0 3133
579 18 31 0 3133
579 28 3 0 3133
579 29 15 0 3133
579 31 15 0 3133
579 34 10 0 3133
579 36 5 0 3133
579 39 4 0 3133
579 45 29 0 3133
579 47 5 0 3133
579 49 18 0 3133
579 53 5 0 3133
579 54 25 0 3133
579 55 16 0 3133
579 56 22 0 3133
579 59 16 0 3133
579 66 30 0 3133
579 66 31 0 3133
579 73 21 0 3133
579 74 14 0 3133
579 77 8 0 3133
579 84 31 0 3133
579 89 1 0 3133
579 97 10 0 3133
579 99 28 0 3133
580 8 5 0 3133
580 10 22 0 3133
580 13 12 0 3133
580 13 27 0 3133
580 16 10 0 3133
580 18 31 0 3133
580 26 10 0 3133
580 33 12 0 3133
580 37 5 0 3133
580 50 14 0 3133
580 50 27 0 3133
580 51 16 0 3133
580 58 23 0 3133
580 64 23 0 3133
580 65 21 0 3133
580 70 25 0 3133
580 77 19 0 3133
580 89 23 0 3133
580 90 7 0 3133
580 93 23 0 3133
581 14 18 0 3133
581 17 24 0 3133
581 26 9 0 3133
581 32 28 0 3133
581 35 7 0 3133
581 37 23 0 3133
581 38 6 0 3133
581 47 30 0 3133
581 51 23 0 3133
581 54 1 0 3133
581 56 22 0 3133
581 59 8 0 3133
581 60 2 0 3133
581 61 28 0 3133
581 62 23 0 3133
581 65 7 0 3133
581 65 22 0 3133
581 75 18 0 3133
581 77 7 0 3133
581 98 19 0 3133
582 4 29 0 3133
582 10 13 0 3133
582 24 31 0 3133
582 30 9 0 3133
582 38 27 0 3133
582 45 22 0 3133
582 46 13 0 3133
582 55 7 0 3133
582 63 19 0 3133
582 70 16 0 3133
582 71 27 0 3133
582 73 31 0 3133
582 74 20 0 3133
582 84 23 0 3133
582 86 19 0 3133
582 92 21 0 3133
582 93 23 0 3133
582 94 15 0 3133
582 96 24 0 3133
582 98 8 0 3133
583 0 6 0 3133
583 0 12 0 3133
583 24 19 0 3133
583 31 6 0 3133
583 38 29 0 3133
583 42 14 0 3133
583 47 24 0 3133
583 49 2 0 3133
583 51 1 0 3133
583 61 25 0 3133
583 65 3 0 3133
583 66 19 0 3133
583 67 12 0 3133
583 80 3 0 3133
583 82 1 0 3133
583 84 6 0 3133
583 88 11 0 3133
583 95 15 0 3133
583 97 22 0 3133
583 100 27 0 3133
584 0 20 0 3133
584 4 23 0 3133
584 7 23 0 3133
584 9 7 0 3133
584 12 31 0 3133
584 13 18 0 3133
584 20 15 0 3133
584 28 31 0 3133
584 31 4 0 3133
584 55 18 0 3133
584 57 24 0 3133
584 64 19 0 3133
584 66 5 0 3133
584 73 13 0 3133
584 79 13 0 3133
584 82 13 0 3133
584 86 16 0 3133
584 89 8 0 3133
584 93 20 0 3133
584 95 2 0 3133
584 98 10 0 3133
585 3 12 0 3133
585 5 10 0 3133
585 7 31 0 3133
585 8 16 0 3133
585 9 22 0 3133
585 12 2 0 3133
585 15 18 0 3133
585 15 31 0 3133
585 27 7 0 3133
585 30 24 0 3133
585 35 17 0 3133
585 40 3 0 3133
585 40 29 0 3133
585 50 14 0 3133
585 55 1 0 3133
585 59 30 0 3133
585 61 25 0 3133
585 64 10 0 3133
585 70 20 0 3133
585 75 10 0 3133
585 79 4 0 3133
585 84 4 0 3133
585 85 16 0 3133
585 85 31 0 3133
585 92 23 0 3133
585 94 31 0 3133
585 100 18 0 3133
585 100 27 0 3133
586 15 5 0 3133
586 16 24 0 3133
586 17 2 0 3133
586 23 22 0 3133
586 25 13 0 3133
586 30 27 0 3133
586 33 8 0 3133
586 33 10 0 3133
586 34 27 0 3133
586 40 19 0 3133
586 46 6 0 3133
586 48 21 0 3133
586 51 16 0 3133
586 54 11 0 3133
586 66 2 0 3133
586 72 12 0 3133
586 75 12 0 3133
586 84 20 0 3133
586 90 17 0 3133
587 3 26 0 3133
587 4 5 0 3133
587 4 30 0 3133
587 6 7 0 3133
587 10 26 0 3133
587 12 13 0 3133
587 12 29 0 3133
587 13 4 0 3133
587 18 8 0 3133
587 28 23 0 3133
587 29 10 0 3133
587 36 0 0 3133
587 44 25 0 3133
587 44 31 0 3133
587 49 21 0 3133
587 55 16 0 3133
587 56 24 0 3133
587 63 15 0 3133
587 74 19 0 3133
587 77 6 0 3133
587 81 29 0 3133
587 82 21 0 3133
587 84 0 0 3133
587 84 27 0 3133
587 85 20 0 3133
587 86 19 0 3133
587 100 6 0 3133
588 1 17 0 3133
588 4 22 0 3133
588 5 29 0 3133
588 7 22 0 3133
588 9 18 0 3133
588 13 4 0 3133
588 14 5 0 3133
588 19 14 0 3133
588 29 7 0 3133
588 30 23 0 3133
588 31 10 0 3133
588 31 14 0 3133
588 34 1 0 3133
588 38 20 0 3133
588 46 27 0 3133
588 60 21 0 3133
588 60 28 0 3133
588 63 24 0 3133
588 66 29 0 3133
588 67 24 0 3133
588 68 3 0 3133
588 73 11 0 3133
588 75 20 0 3133
588 84 30 0 3133
588 87 8 0 3133
588 91 8 0 3133
588 94 14 0 3133
588 96 19 0 3133
589 3 4 0 3133
589 4 18 0 3133
589 5 31 0 3133
589 9 5 0 3133
589 10 10 0 3133
589 11 6 0 3133
589 23 2 0 3133
589 26 30 0 3133
589 29 14 0 3133
589 31 29 0 3133
589 35 25 0 3133
589 44 13 0 3133
589 49 16 0 3133
589 54 8 0 3133
589 65 30 0 3133
589 69 20 0 3133
589 71 6 0 3133
589 75 9 0 3133
589 76 8 0 3133
589 85 2 0 3133
589 90 13 0 3133
589 95 0 0 3133
589 96 4 0 3133
589 98 13 0 3133
589 98 22 0 3133
589 98 26 0 3133
589 99 16 0 3133
589 99 26 0 3133
590 12 15 0 3133
590 14 27 0 3133
590 17 16 0 3133
590 26 31 0 3133
590 27 25 0 3133
590 29 2 0 3133
590 29 26 0 3133
590 32 30 0 3133
590 41 16 0 3133
590 45 9 0 3133
590 48 16 0 3133
590 55 2 0 3133
590 56 10 0 3133
590 57 15 0 3133
590 63 22 0 3133
590 63 24 0 3133
590 64 3 0 3133
590 65 15 0 3133
590 65 21 0 3133
590 66 2 0 3133
590 70 14 0 3133
590 73 10 0 3133
590 80 12 0 3133
590 82 5 0 3133
590 82 22 0 3133
590 88 19 0 3133
590 89 14 0 3133
590 90 13 0 3133
590 93 4 0 3133
590 96 8 0 3133
591 1 18 0 3133
591 4 28 0 3133
591 10 30 0 3133
591 14 13 0 3133
591 16 30 0 3133
591 21 23 0 3133
591 22 13 0 3133
591 27 9 0 3133
591 38 29 0 3133
591 42 27 0 3133
591 42 30 0 3133
591 43 0 0 3133
591 60 28 0 3133
591 64 16 0 3133
591 69 23 0 3133
591 71 16 0 3133
591 73 25 0 3133
591 90 22 0 3133
591 98 19 0 3133
592 1 4 0 3133
592 2 29 0 3133
592 12 31 0 3133
592 18 11 0 3133
592 23 26 0 3133
592 25 18 0 3133
592 31 20 0 3133
592 39 17 0 3133
592 39 30 0 3133
592 46 15 0 3133
592 48 2 0 3133
592 51 0 0 3133
592 52 23 0 3133
592 57 24 0 3133
592 57 26 0 3133
592 58 30 0 3133
592 60 26 0 3133
592 62 11 0 3133
592 64 21 0 3133
592 68 28 0 3133
592 80 11 0 3133
592 86 23 0 3133
592 88 19 0 3133
592 92 25 0 3133
592 99 19 0 3133
593 12 28 0 3133
593 16 16 0 3133
593 17 0 0 3133
593 18 12 0 3133
593 20 21 0 3133
593 21 15 0 3133
593 22 13 0 3133
593 25 12 0 3133
593 25 19 0 3133
593 29 9 0 3133
593 34 11 0 3133
593 36 7 0 3133
593 40 25 0 3133
593 44 15 0 3133
593 45 19 0 3133
593 46 3 0 3133
593 51 15 0 3133
593 52 31 0 3133
593 53 6 0 3133
593 53 31 0 3133
593 63 1 0 3133
593 77 23 0 3133
593 80 31 0 3133
593 82 19 0 3133
593 84 9 0 3133
593 92 22 0 3133
593 93 3 0 3133
593 93 15 0 3133
593 94 28 0 3133
594 7 10 0 3133
594 8 11 0 3133
594 9 27 0 3133
594 14 18 0 3133
594 20 13 0 3133
594 22 15 0 3133
594 38 31 0 3133
594 42 23 0 3133
594 43 11 0 3133
594 44 22 0 3133
594 45 24 0 3133
594 47 0 0 3133
594 50 7 0 3133
594 50 15 0 3133
594 60 9 0 3133
594 61 16 0 3133
594 64 14 0 3133
594 64 16 0 3133
594 64 24 0 3133
594 69 15 0 3133
594 70 9 0 3133
594 71 5 0 3133
594 74 13 0 3133
594 76 23 0 3133
594 80 2 0 3133
594 82 31 0 3133
594 96 24 0 3133
594 97 7 0 3133
594 97 12 0 3133
594 98 4 0 3133
595 5 22 0 3133
595 11 6 0 3133
595 11 10 0 3133
595 12 9 0 3133
595 14 9 0 3133
595 16 0 0 3133
595 20 1 0 3133
595 34 3 0 3133
595 43 31 0 3133
595 49 6 0 3133
595 58 7 0 3133
595 58 17 0 3133
595 66 18 0 3133
595 73 24 0 3133
595 76 9 0 3133
595 81 13 0 3133
595 82 31 0 3133
595 88 4 0 3133
595 93 20 0 3133
595 94 7 0 3133
595 94 31 0 3133
596 1 3 0 3133
596 3 24 0 3133
596 5 7 0 3133
596 7 9 0 3133
596 9 26 0 3133
596 11 2 0 3133
596 13 2 0 3133
596 15 6 0 3133
596 17 1 0 3133
596 18 25 0 3133
596 18 26 0 3133
596 20 25 0 3133
596 25 19 0 3133
596 33 17 0 3133
596 34 18 0 3133
596 36 27 0 3133
596 45 4 0 3133
596 54 1 0 3133
596 57 25 0 3133
596 62 23 0 3133
596 74 29 0 3133
596 74 30 0 3133
596 77 10 0 3133
596 79 14 0 3133
596 83 24 0 3133
596 85 19 0 3133
596 86 3 0 3133
596 87 18 0 3133
596 92 0 0 3133
596 92 2 0 3133
596 93 13 0 3133
597 2 5 0 3133
597 4 25 0 3133
597 7 29 0 3133
597 10 1 0 3133
597 16 15 0 3133
597 18 1 0 3133
597 19 5 0 3133
597 23 12 0 3133
597 24 17 0 3133
597 27 13 0 3133
597 27 27 0 3133
597 28 20 0 3133
597 40 29 0 3133
597 42 13 0 3133
597 48 7 0 3133
597 52 2 0 3133
597 52 17 0 3133
597 53 2 0 3133
597 54 5 0 3133
597 57 7 0 3133
597 59 20 0 3133
597 62 9 0 3133
597 69 24 0 3133
597 76 6 0 3133
597 77 27 0 3133
597 81 22 0 3133
597 97 25 0 3133
597 97 27 0 3133
597 99 26 0 3133
597 100 21 0 3133
598 3 16 0 3133
598 8 14 0 3133
598 8 22 0 3133
598 10 1 0 3133
598 11 29 0 3133
598 14 16 0 3133
598 16 26 0 3133
598 22 23 0 3133
598 41 14 0 3133
598 44 18 0 3133
598 47 23 0 3133
598 48 6 0 3133
598 49 15 0 3133
598 50 31 0 3133
598 61 6 0 3133
598 66 11 0 3133
598 70 8 0 3133
598 88 21 0 3133
598 89 20 0 3133
598 91 17 0 3133
598 98 17 0 3133
598 99 6 0 3133
599 1 13 0 3133
599 16 25 0 3133
599 18 18 0 3133
599 19 9 0 3133
599 20 29 0 3133
599 24 1 0 3133
599 25 15 0 3133
599 25 25 0 3133
599 37 29 0 3133
599 49 2 0 3133
599 70 13 0 3133
599 77 28 0 3133
599 81 14 0 3133
599 82 11 0 3133
599 82 29 0 3133
599 88 1 0 3133
599 88 7 0 3133
600 7 4 0 3133
600 8 8 0 3133
600 10 9 0 3133
600 13 3 0 3133
600 15 13 0 3133
600 18 10 0 3133
600 21 20 0 3133
600 40 7 0 3133
600 47 10 0 3133
600 52 3 0 3133
600 56 0 0 3133
600 57 7 0 3133
600 66 9 0 3133
600 74 29 0 3133
600 78 29 0 3133
600 80 10 0 3133
600 83 24 0 3133
600 84 12 0 3133
600 85 24 0 3133
600 87 28 0 3133
600 88 6 0 3133
600 89 25 0 3133
600 90 25 0 3133
600 95 1 0 3133
600 96 0 0 3133
600 98 18 0 3133
600 98 29 0 3133
601 16 3 0 3133
601 17 1 0 3133
601 18 6 0 3133
601 19 5 0 3133
601 19 9 0 3133
601 26 16 0 3133
601 33 9 0 3133
601 47 10 0 3133
601 52 18 0 3133
601 57 7 0 3133
601 60 25 0 3133
601 66 5 0 3133
601 66 18 0 3133
601 75 18 0 3133
601 79 7 0 3133
601 85 0 0 3133
601 87 18 0 3133
601 91 1 0 3133
601 92 20 0 3133
601 93 8 0 3133
602 0 0 0 3133
602 8 7 0 3133
602 10 6 0 3133
602 25 30 0 3133
602 27 30 0 3133
602 28 2 0 3133
602 34 11 0 3133
602 42 2 0 3133
602 50 13 0 3133
602 63 26 0 3133
602 66 20 0 3133
602 73 8 0 3133
602 78 8 0 3133
602 78 22 0 3133
602 90 0 0 3133
602 90 16 0 3133
602 100 25 0 3133
603 3 19 0 3133
603 4 8 0 3133
603 7 23 0 3133
603 8 5 0 3133
603 10 9 0 3133
603 10 14 0 3133
603 18 7 0 3133
603 25 9 0 3133
603 36 17 0 3133
603 39 5 0 3133
603 46 12 0 3133
603 53 23 0 3133
603 54 18 0 3133
603 67 1 0 3133
603 67 13 0 3133
603 70 30 0 3133
603 75 7 0 3133
603 81 6 0 3133
603 83 2 0 3133
603 87 8 0 3133
603 87 28 0 3133
603 93 30 0 3133
603 95 7 0 3133
603 97 22 0 3133
604 1 23 0 3133
604 2 0 0 3133
604 12 16 0 3133
604 14 2 0 3133
604 14 21 0 3133
604 18 6 0 3133
604 20 3 0 3133
604 20 6 0 3133
604 22 6 0 3133
604 22 13 0 3133
604 25 21 0 3133
604 40 10 0 3133
604 46 13 0 3133
604 47 18 0 3133
604 50 5 0 3133
604 58 22 0 3133
604 64 22 0 3133
604 66 29 0 3133
604 70 17 0 3133
604 70 24 0 3133
604 73 27 0 3133
604 75 3 0 3133
604 77 12 0 3133
604 82 0 0 3133
604 83 3 0 3133
604 85 31 0 3133
604 94 23 0 3133
604 99 9 0 3133
605 8 23 0 3133
605 17 4 0 3133
605 50 5 0 3133
605 65 15 0 3133
605 68 18 0 3133
605 71 3 0 3133
605 71 18 0 3133
605 75 18 0 3133
605 78 9 0 3133
605 82 5 0 3133
605 85 7 0 3133
605 88 9 0 3133
605 89 27 0 3133
605 89 29 0 3133
605 90 29 0 3133
605 96 20 0 3133
606 0 30 0 3133
606 14 3 0 3133
606 16 17 0 3133
606 21 17 0 3133
606 25 21 0 3133
606 25 31 0 3133
606 30 31 0 3133
606 36 20 0 3133
606 38 6 0 3133
606 41 13 0 3133
606 42 12 0 3133
606 46 29 0 3133
606 67 10 0 3133
606 67 11 0 3133
606 68 19 0 3133
606 73 30 0 3133
606 85 16 0 3133
606 86 23 0 3133
606 87 18 0 3133
606 94 12 0 3133
606 95 2 0 3133
606 95 13 0 3133
606 96 23 0 3133
606 97 11 0 3133
606 99 8 0 3133
607 6 18 0 3133
607 12 0 0 3133
607 17 9 0 3133
607 19 31 0 3133
607 30 18 0 3133
607 33 12 0 3133
607 39 21 0 3133
607 44 15 0 3133
607 48 6 0 3133
607 49 10 0 3133
607 53 1 0 3133
607 56 21 0 3133
607 70 9 0 3133
607 71 11 0 3133
607 74 24 0 3133
607 79 4 0 3133
607 82 19 0 3133
607 84 11 0 3133
607 90 7 0 3133
607 93 15 0 3133
607 94 18 0 3133
607 96 16 0 3133
608 0 4 0 3133
608 0 13 0 3133
608 8 24 0 3133
608 12 28 0 3133
608 19 15 0 3133
608 27 3 0 3133
608 36 10 0 3133
608 40 27 0 3133
608 42 20 0 3133
608 56 13 0 3133
608 56 19 0 3133
608 58 9 0 3133
608 62 2 0 3133
608 65 27 0 3133
608 67 1 0 3133
608 80 28 0 3133
608 83 13 0 3133
608 87 7 0 3133
608 88 3 0 3133
608 89 0 0 3133
608 95 8 0 3133
608 100 28 0 3133
609 4 7 0 3133
609 8 25 0 3133
609 11 18 0 3133
609 20 11 0 3133
609 25 10 0 3133
609 29 22 0 3133
609 30 16 0 3133
609 30 26 0 3133
609 31 26 0 3133
609 51 21 0 3133
609 51 23 0 3133
609 51 27 0 3133
609 58 27 0 3133
609 63 0 0 3133
609 70 23 0 3133
609 71 14 0 3133
609 71 21 0 3133
609 73 17 0 3133
609 74 2 0 3133
609 76 5 0 3133
609 76 31 0 3133
609 79 29 0 3133
609 80 2 0 3133
609 82 0 0 3133
609 86 29 0 3133
609 90 16 0 3133
609 91 8 0 3133
609 91 30 0 3133
609 92 11 0 3133
609 93 16 0 3133
609 95 12 0 3133
609 98 27 0 3133
610 0 17 0 3133
610 1 15 0 3133
610 10 13 0 3133
610 13 30 0 3133
610 15 13 0 3133
610 15 26 0 3133
610 21 31 0 3133
610 28 7 0 3133
610 35 28 0 3133
610 38 14 0 3133
610 45 21 0 3133
610 47 17 0 3133
610 48 7 0 3133
610 49 27 0 3133
610 51 20 0 3133
610 54 2 0 3133
610 55 23 0 3133
610 57 9 0 3133
610 62 6 0 3133
610 63 5 0 3133
610 80 5 0 3133
610 80 9 0 3133
610 80 29 0 3133
610 82 21 0 3133
610 85 23 0 3133
610 86 27 0 3133
610 90 1 0 3133
610 94 19 0 3133
610 94 27 0 3133
610 98 0 0 3133
611 2 28 0 3133
611 5 8 0 3133
611 5 24 0 3133
611 14 7 0 3133
611 19 4 0 3133
611 21 15 0 3133
611 25 7 0 3133
611 32 0 0 3133
611 32 14 0 3133
611 36 2 0 3133
611 36 26 0 3133
611 42 27 0 3133
611 43 0 0 3133
611 43 4 0 3133
611 45 13 0 3133
611 49 9 0 3133
611 49 25 0 3133
611 52 25 0 3133
611 61 25 0 3133
611 61 29 0 3133
611 63 24 0 3133
611 64 31 0 3133
611 76 20 0 3133
611 80 2 0 3133
611 82 12 0 3133
611 85 23 0 3133
611 95 25 0 3133
612 0 13 0 3133
612 5 30 0 3133
612 12 9 0 3133
612 14 16 0 3133
612 20 0 0 3133
612 21 20 0 3133
612 22 3 0 3133
612 27 15 0 3133
612 28 18 0 3133
612 33 3 0 3133
612 34 1 0 3133
612 38 3 0 3133
612 41 9 0 3133
612 46 9 0 3133
612 49 10 0 3133
612 53 8 0 3133
612 54 19 0 3133
612 57 22 0 3133
612 63 10 0 3133
612 66 23 0 3133
612 67 17 0 3133
612 73 13 0 3133
612 80 25 0 3133
612 83 22 0 3133
612 84 4 0 3133
612 98 15 0 3133
612 99 10 0 3133
613 5 3 0 3133
613 6 6 0 3133
613 7 28 0 3133
613 9 27 0 3133
613 14 18 0 3133
613 15 24 0 3133
613 15 26 0 3133
613 26 19 0 3133
613 46 11 0 3133
613 54 12 0 3133
613 58 11 0 3133
613 60 18 0 3133
613 68 3 0 3133
613 71 22 0 3133
613 71 28 0 3133
613 77 28 0 3133
613 78 25 0 3133
613 86 13 0 3133
613 86 24 0 3133
613 90 7 0 3133
613 92 13 0 3133
613 92 22 0 3133
614 3 2 0 3133
614 9 17 0 3133
614 14 11 0 3133
614 20 11 0 3133
614 21 8 0 3133
614 25 23 0 3133
614 28 24 0 3133
614 31 18 0 3133
614 32 26 0 3133
614 37 24 0 3133
614 44 8 0 3133
614 55 5 0 3133
614 57 24 0 3133
614 57 25 0 3133
614 60 0 0 3133
614 61 26 0 3133
614 63 6 0 3133
614 63 17 0 3133
614 66 6 0 3133
614 76 16 0 3133
614 79 4 0 3133
614 79 7 0 3133
614 79 16 0 3133
614 83 3 0 3133
614 86 15 0 3133
614 86 24 0 3133
614 87 1 0 3133
614 94 17 0 3133
615 2 21 0 3133
615 3 19 0 3133
615 9 8 0 3133
615 10 13 0 3133
615 26 24 0 3133
615 29 25 0 3133
615 43 18 0 3133
615 53 8 0 3133
615 57 11 0 3133
615 60 4 0 3133
615 61 20 0 3133
615 62 13 0 3133
615 62 30 0 3133
615 65 28 0 3133
615 69 6 0 3133
615 74 9 0 3133
615 76 6 0 3133
615 85 31 0 3133
615 90 7 0 3133
615 98 23 0 3133
616 2 30 0 3133
616 5 14 0 3133
616 10 19 0 3133
616 11 8 0 3133
616 25 5 0 3133
616 34 12 0 3133
616 39 25 0 3133
616 44 15 0 3133
616 60 4 0 3133
616 65 3 0 3133
616 65 21 0 3133
616 69 11 0 3133
616 71 17 0 3133
616 72 4 0 3133
616 76 8 0 3133
616 92 13 0 3133
616 98 5 0 3133
616 100 1 0 3133
616 100 18 0 3133
616 100 23 0 3133
617 12 23 0 3133
617 13 23 0 3133
617 14 5 0 3133
617 14 30 0 3133
617 20 26 0 3133
617 21 1 0 3133
617 25 9 0 3133
617 27 10 0 3133
617 28 7 0 3133
617 29 0 0 3133
617 32 22 0 3133
617 49 22 0 3133
617 50 5 0 3133
617 54 27 0 3133
617 67 10 0 3133
617 82 5 0 3133
617 82 9 0 3133
617 89 3 0 3133
617 89 31 0 3133
617 91 15 0 3133
618 11 1 0 3133
618 20 0 0 3133
618 23 0 0 3133
618 28 11 0 3133
618 31 25 0 3133
618 46 23 0 3133
618 47 5 0 3133
618 56 25 0 3133
618 73 3 0 3133
618 73 16 0 3133
618 75 25 0 3133
618 76 18 0 3133
618 76 26 0 3133
618 77 23 0 3133
618 78 4 0 3133
618 81 12 0 3133
618 85 5 0 3133
618 86 5 0 3133
618 87 8 0 3133
618 87 23 0 3133
618 88 20 0 3133
618 91 30 0 3133
618 93 15 0 3133
618 95 4 0 3133
618 95 29 0 3133
618 99 23 0 3133
618 100 7 0 3133
619 4 9 0 3133
619 5 22 0 3133
619 7 2 0 3133
619 7 18 0 3133
619 8 11 0 3133
619 12 26 0 3133
619 14 31 0 3133
619 20 16 0 3133
619 21 3 0 3133
619 21 28 0 3133
619 25 20 0 3133
619 30 12 0 3133
619 38 18 0 3133
619 41 9 0 3133
619 48 3 0 3133
619 51 0 0 3133
619 53 22 0 3133
619 59 6 0 3133
619 63 9 0 3133
619 64 25 0 3133
619 65 6 0 3133
619 67 0 0 3133
619 73 7 0 3133
619 84 10 0 3133
619 86 4 0 3133
619 95 4 0 3133
619 100 1 0 3133
620 0 11 0 3133
620 3 0 0 3133
620 7 0 0 3133
620 10 5 0 3133
620 12 7 0 3133
620 16 24 0 3133
620 18 9 0 3133
620 24 1 0 3133
620 37 5 0 3133
620 37 12 0 3133
620 46 21 0 3133
620 48 28 0 3133
620 53 30 0 3133
620 54 23 0 3133
620 55 3 0 3133
620 57 5 0 3133
620 57 16 0 3133
620 59 27 0 3133
620 62 5 0 3133
620 67 6 0 3133
620 68 16 0 3133
620 69 3 0 3133
620 79 22 0 3133
620 93 24 0 3133
620 94 27 0 3133
620 100 16 0 3133
621 0 18 0 3133
621 2 1 0 3133
621 16 29 0 3133
621 22 3 0 3133
621 26 26 0 3133
621 27 28 0 3133
621 40 7 0 3133
621 40 8 0 3133
621 43 23 0 3133
621 46 6 0 3133
621 46 10 0 3133
621 60 7 0 3133
621 67 14 0 3133
621 70 24 0 3133
621 72 30 0 3133
621 73 8 0 3133
621 79 7 0 3133
621 82 1 0 3133
621 82 26 0 3133
621 92 18 0 3133
621 96 13 0 3133
622 5 5 0 3133
622 8 4 0 3133
622 13 2 0 3133
622 13 19 0 3133
622 19 19 0 3133
622 26 7 0 3133
622 27 22 0 3133
622 28 19 0 3133
622 29 12 0 3133
622 39 23 0 3133
622 60 23 0 3133
622 72 5 0 3133
622 75 25 0 3133
622 76 15 0 3133
622 77 12 0 3133
622 81 7 0 3133
622 84 6 0 3133
622 87 31 0 3133
622 90 31 0 3133
622 92 13 0 3133
622 94 3 0 3133
623 1 10 0 3133
623 8 6 0 3133
623 10 11 0 3133
623 14 5 0 3133
623 20 23 0 3133
623 39 27 0 3133
623 49 16 0 3133
623 56 5 0 3133
623 58 30 0 3133
623 63 17 0 3133
623 65 24 0 3133
623 68 30 0 3133
623 80 1 0 3133
623 84 31 0 3133
623 88 9 0 3133
623 89 27 0 3133
623 91 31 0 3133
623 94 17 0 3133
623 96 26 0 3133
624 0 28 0 3133
624 6 18 0 3133
624 7 5 0 3133
624 7 15 0 3133
624 9 17 0 3133
624 12 16 0 3133
624 22 26 0 3133
624 24 19 0 3133
624 29 13 0 3133
624 29 14 0 3133
624 37 4 0 3133
624 37 16 0 3133
624 38 19 0 3133
624 41 31 0 3133
624 49 5 0 3133
624 65 10 0 3133
624 67 5 0 3133
624 71 6 0 3133
624 72 23 0 3133
624 77 10 0 3133
625 2 9 0 3133
625 4 16 0 3133
625 7 16 0 3133
625 27 29 0 3133
625 32 22 0 3133
625 40 15 0 3133
625 45 21 0 3133
625 64 30 0 3133
625 65 27 0 3133
625 70 20 0 3133
625 74 6 0 3133
625 78 18 0 3133
625 81 21 0 3133
625 86 17 0 3133
625 95 6 0 3133
626 2 25 0 3133
626 3 22 0 3133
626 11 6 0 3133
626 13 15 0 3133
626 19 3 0 3133
626 21 17 0 3133
626 22 18 0 3133
626 26 20 0 3133
626 35 22 0 3133
626 42 22 0 3133
626 46 19 0 3133
626 48 9 0 3133
626 51 26 0 3133
626 54 20 0 3133
626 58 11 0 3133
626 74 24 0 3133
626 75 22 0 3133
626 81 11 0 3133
626 87 9 0 3133
626 88 5 0 3133
626 88 16 0 3133
626 92 8 0 3133
626 93 15 0 3133
627 0 10 0 3133
627 22 31 0 3133
627 23 12 0 3133
627 23 28 0 3133
627 28 8 0 3133
627 46 1 0 3133
627 47 28 0 3133
627 58 15 0 3133
627 59 9 0 3133
627 62 31 0 3133
627 63 26 0 3133
627 64 11 0 3133
627 65 15 0 3133
627 66 15 0 3133
627 70 17 0 3133
627 72 2 0 3133
627 72 8 0 3133
627 75 11 0 3133
627 76 16 0 3133
627 83 0 0 3133
627 86 16 0 3133
627 89 6 0 3133
627 90 13 0 3133
627 93 26 0 3133
627 95 28 0 3133
628 1 26 0 3133
628 3 3 0 3133
628 8 10 0 3133
628 8 20 0 3133
628 11 18 0 3133
628 15 6 0 3133
628 15 22 0 3133
628 32 22 0 3133
628 33 10 0 3133
628 37 31 0 3133
628 38 14 0 3133
628 38 22 0 3133
628 46 10 0 3133
628 50 11 0 3133
628 56 16 0 3133
628 62 29 0 3133
628 64 26 0 3133
628 72 31 0 3133
628 76 11 0 3133
628 76 28 0 3133
628 82 2 0 3133
628 83 26 0 3133
628 89 11 0 3133
628 91 21 0 3133
628 96 8 0 3133
628 99 27 0 3133
629 5 31 0 3133
629 13 8 0 3133
629 16 24 0 3133
629 32 18 0 3133
629 36 26 0 3133
629 43 24 0 3133
629 43 26 0 3133
629 46 20 0 3133
629 60 12 0 3133
629 68 31 0 3133
629 77 18 0 3133
629 86 26 0 3133
630 1 14 0 3133
630 1 27 0 3133
630 3 31 0 3133
630 5 14 0 3133
630 7 7 0 3133
630 11 7 0 3133
630 12 20 0 3133
630 19 24 0 3133
630 26 9 0 3133
630 45 24 0 3133
630 53 15 0 3133
630 55 27 0 3133
630 56 15 0 3133
630 58 12 0 3133
630 58 15 0 3133
630 68 6 0 3133
630 69 2 0 3133
630 72 21 0 3133
630 78 31 0 3133
630 79 19 0 3133
630 90 24 0 3133
631 6 10 0 3133
631 9 23 0 3133
631 18 31 0 3133
631 26 21 0 3133
631 28 8 0 3133
631 36 24 0 3133
631 37 7 0 3133
631 38 25 0 3133
631 38 30 0 3133
631 56 20 0 3133
631 61 10 0 3133
631 76 8 0 3133
631 77 19 0 3133
631 84 18 0 3133
631 85 28 0 3133
631 89 18 0 3133
631 90 3 0 3133
631 99 1 0 3133
631 100 24 0 3133
632 1 31 0 3133
632 5 20 0 3133
632 7 21 0 3133
632 9 26 0 3133
632 13 6 0 3133
632 15 29 0 3133
632 26 29 0 3133
632 27 18 0 3133
632 38 22 0 3133
632 42 16 0 3133
632 51 7 0 3133
632 57 22 0 3133
632 64 4 0 3133
632 64 29 0 3133
632 73 2 0 3133
632 75 22 0 3133
632 90 2 0 3133
632 91 17 0 3133
632 95 23 0 3133
632 98 25 0 3133
633 4 20 0 3133
633 18 20 0 3133
633 22 22 0 3133
633 28 16 0 3133
633 35 14 0 3133
633 37 7 0 3133
633 41 21 0 3133
633 43 0 0 3133
633 47 7 0 3133
633 64 30 0 3133
633 74 30 0 3133
633 85 18 0 3133
633 86 16 0 3133
633 90 3 0 3133
633 92 6 0 3133
633 97 14 0 3133
634 1 6 0 3133
634 3 10 0 3133
634 4 27 0 3133
634 15 25 0 3133
634 20 10 0 3133
634 20 24 0 3133
634 22 2 0 3133
634 22 25 0 3133
634 23 2 0 3133
634 25 11 0 3133
634 28 23 0 3133
634 45 9 0 3133
634 52 6 0 3133
634 61 4 0 3133
634 73 16 0 3133
634 77 30 0 3133
634 79 10 0 3133
634 90 1 0 3133
635 5 24 0 3133
635 9 24 0 3133
635 26 18 0 3133
635 41 7 0 3133
635 41 13 0 3133
635 41 23 0 3133
635 44 19 0 3133
635 47 25 0 3133
635 51 10 0 3133
635 58 6 0 3133
635 59 22 0 3133
635 61 11 0 3133
635 61 25 0 3133
635 63 10 0 3133
635 64 22 0 3133
635 74 7 0 3133
635 78 17 0 3133
635 79 13 0 3133
635 83 20 0 3133
635 83 27 0 3133
635 91 30 0 3133
635 99 30 0 3133
636 3 9 0 3133
636 4 14 0 3133
636 7 14 0 3133
636 10 25 0 3133
636 13 3 0 3133
636 26 0 0 3133
636 28 5 0 3133
636 30 6 0 3133
636 31 15 0 3133
636 33 7 0 3133
636 51 4 0 3133
636 51 11 0 3133
636 52 29 0 3133
636 73 15 0 3133
636 78 6 0 3133
636 78 23 0 3133
636 80 4 0 3133
636 83 24 0 3133
636 90 30 0 3133
636 92 2 0 3133
636 96 23 0 3133
636 97 11 0 3133
637 0 3 0 3133
637 1 5 0 3133
637 1 9 0 3133
637 9 23 0 3133
637 33 15 0 3133
637 46 27 0 3133
637 52 8 0 3133
637 53 3 0 3133
637 56 24 0 3133
637 60 18 0 3133
637 64 2 0 3133
637 64 9 0 3133
637 67 24 0 3133
637 70 10 0 3133
637 70 19 0 3133
637 80 21 0 3133
637 82 2 0 3133
637 86 20 0 3133
637 88 2 0 3133
637 93 1 0 3133
637 99 25 0 3133
638 1 5 0 3133
638 3 31 0 3133
638 4 29 0 3133
638 7 10 0 3133
638 15 15 0 3133
638 22 6 0 3133
638 36 8 0 3133
638 47 23 0 3133
638 52 0 0 3133
638 54 14 0 3133
638 56 27 0 3133
638 59 4 0 3133
638 59 21 0 3133
638 59 27 0 3133
638 60 30 0 3133
638 62 2 0 3133
638 62 18 0 3133
638 66 10 0 3133
638 69 15 0 3133
638 73 17 0 3133
638 73 30 0 3133
638 80 6 0 3133
638 84 11 0 3133
638 86 16 0 3133
638 88 2 0 3133
638 94 0 0 3133
638 95 10 0 3133
638 97 8 0 3133
639 6 30 0 3133
639 10 19 0 3133
639 19 16 0 3133
639 37 27 0 3133
639 42 10 0 3133
639 43 22 0 3133
639 43 29 0 3133
639 49 27 0 3133
639 51 15 0 3133
639 52 1 0 3133
639 52 30 0 3133
639 54 6 0 3133
639 57 7 0 3133
639 57 29 0 3133
639 59 9 0 3133
639 62 4 0 3133
639 64 12 0 3133
639 64 27 0 3133
639 65 18 0 3133
639 89 5 0 3133
639 92 4 0 3133
639 92 20 0 3133
639 94 18 0 3133
639 96 11 0 3133
639 99 20 0 3133
639 100 29 0 3133
640 2 6 0 3133
640 9 25 0 3133
640 12 26 0 3133
640 16 12 0 3133
640 19 21 0 3133
640 27 15 0 3133
640 31 6 0 3133
640 38 29 0 3133
640 41 2 0 3133
640 41 17 0 3133
640 44 17 0 3133
640 45 16 0 3133
640 53 12 0 3133
640 61 2 0 3133
640 63 19 0 3133
640 68 25 0 3133
640 71 5 0 3133
640 72 22 0 3133
640 73 23 0 3133
640 76 11 0 3133
640 78 17 0 3133
640 78 21 0 3133
640 80 14 0 3133
640 81 28 0 3133
640 84 6 0 3133
640 95 7 0 3133
641 2 17 0 3133
641 4 23 0 3133
641 8 7 0 3133
641 9 2 0 3133
641 10 8 0 3133
641 18 0 0 3133
641 18 31 0 3133
641 29 23 0 3133
641 38 15 0 3133
641 39 6 0 3133
641 39 13 0 3133
641 46 25 0 3133
641 49 10 0 3133
641 50 17 0 3133
641 51 12 0 3133
641 53 9 0 3133
641 63 14 0 3133
641 65 18 0 3133
641 70 18 0 3133
641 71 26 0 3133
641 77 31 0 3133
641 78 1 0 3133
641 82 31 0 3133
641 92 0 0 3133
641 95 25 0 3133
641 97 15 0 3133
642 0 7 0 3133
642 11 19 0 3133
642 24 2 0 3133
642 34 31 0 3133
642 37 12 0 3133
642 48 10 0 3133
642 50 1 0 3133
642 50 13 0 3133
642 59 25 0 3133
642 61 12 0 3133
642 64 5 0 3133
642 68 15 0 3133
642 72 11 0 3133
642 77 29 0 3133
642 79 16 0 3133
642 86 12 0 3133
642 86 25 0 3133
643 5 8 0 3133
643 11 17 0 3133
643 12 9 0 3133
643 24 4 0 3133
643 34 7 0 3133
643 37 17 0 3133
643 38 10 0 3133
643 43 6 0 3133
643 43 22 0 3133
643 45 17 0 3133
643 46 23 0 3133
643 49 2 0 3133
643 56 9 0 3133
643 68 10 0 3133
643 69 14 0 3133
643 74 3 0 3133
643 76 2 0 3133
643 84 3 0 3133
643 92 31 0 3133
643 96 17 0 3133
643 97 11 0 3133
643 98 19 0 3133
643 99 25 0 3133
643 99 31 0 3133
643 100 5 0 3133
644 7 31 0 3133
644 11 25 0 3133
644 22 3 0 3133
644 22 21 0 3133
644 29 28 0 3133
644 32 15 0 3133
644 38 9 0 3133
644 42 16 0 3133
644 46 6 0 3133
644 56 10 0 3133
644 58 10 0 3133
644 63 26 0 3133
644 73 6 0 3133
644 73 12 0 3133
644 83 6 0 3133
644 84 22 0 3133
644 91 0 0 3133
644 94 17 0 3133
644 96 25 0 3133
644 100 16 0 3133
645 6 12 0 3133
645 8 5 0 3133
645 10 1 0 3133
645 10 17 0 3133
645 12 20 0 3133
645 15 1 0 3133
645 18 2 0 3133
645 25 24 0 3133
645 30 1 0 3133
645 37 12 0 3133
645 41 29 0 3133
645 45 3 0 3133
645 53 4 0 3133
645 62 31 0 3133
645 67 4 0 3133
645 70 12 0 3133
645 75 13 0 3133
645 80 6 0 3133
645 82 0 0 3133
645 82 23 0 3133
645 83 26 0 3133
645 84 31 0 3133
645 90 14 0 3133
645 96 1 0 3133
646 3 12 0 3133
646 11 22 0 3133
646 15 22 0 3133
646 27 17 0 3133
646 29 18 0 3133
646 33 19 0 3133
646 35 12 0 3133
646 45 4 0 3133
646 49 1 0 3133
646 56 12 0 3133
646 63 22 0 3133
646 72 0 0 3133
646 74 2 0 3133
646 75 20 0 3133
646 82 12 0 3133
646 86 20 0 3133
646 87 2 0 3133
646 90 2 0 3133
647 4 19 0 3133
647 7 7 0 3133
647 16 28 0 3133
647 21 21 0 3133
647 33 23 0 3133
647 45 1 0 3133
647 45 3 0 3133
647 45 28 0 3133
647 54 9 0 3133
647 62 24 0 3133
647 68 28 0 3133
647 70 28 0 3133
647 71 25 0 3133
647 75 25 0 3133
647 77 5 0 3133
647 77 20 0 3133
647 87 14 0 3133
647 89 17 0 3133
647 91 12 0 3133
647 92 2 0 3133
647 94 26 0 3133
648 1 3 0 3133
648 1 11 0 3133
648 5 15 0 3133
648 6 14 0 3133
648 7 15 0 3133
648 12 26 0 3133
648 16 25 0 3133
648 24 2 0 3133
648 25 22 0 3133
648 30 3 0 3133
648 30 29 0 3133
648 38 21 0 3133
648 38 31 0 3133
648 41 26 0 3133
648 41 28 0 3133
648 44 10 0 3133
648 54 28 0 3133
648 62 15 0 3133
648 63 30 0 3133
648 64 9 0 3133
648 64 23 0 3133
648 74 13 0 3133
648 74 29 0 3133
648 78 21 0 3133
648 81 30 0 3133
648 86 4 0 3133
648 97 3 0 3133
648 98 3 0 3133
649 3 9 0 3133
649 3 10 0 3133
649 5 13 0 3133
649 10 17 0 3133
649 28 4 0 3133
649 46 26 0 3133
649 48 29 0 3133
649 50 22 0 3133
649 53 26 0 3133
649 58 30 0 3133
649 59 8 0 3133
649 66 24 0 3133
649 69 0 0 3133
649 73 17 0 3133
649 79 22 0 3133
649 83 4 0 3133
649 85 25 0 3133
649 98 19 0 3133
650 3 3 0 3133
650 3 17 0 3133
650 6 30 0 3133
650 7 28 0 3133
650 40 28 0 3133
650 43 22 0 3133
650 44 8 0 3133
650 49 23 0 3133
650 50 10 0 3133
650 58 13 0 3133
650 65 22 0 3133
650 80 7 0 3133
650 82 23 0 3133
650 83 6 0 3133
650 87 7 0 3133
650 90 1 0 3133
650 91 12 0 3133
650 97 31 0 3133
650 98 3 0 3133
651 7 3 0 3133
651 7 15 0 3133
651 16 28 0 3133
651 19 14 0 3133
651 23 21 0 3133
651 30 22 0 3133
651 33 6 0 3133
651 36 15 0 3133
651 37 4 0 3133
651 39 10 0 3133
651 47 10 0 3133
651 48 16 0 3133
651 53 3 0 3133
651 55 19 0 3133
651 64 7 0 3133
651 65 16 0 3133
651 66 19 0 3133
651 68 0 0 3133
651 68 13 0 3133
651 68 28 0 3133
651 69 22 0 3133
651 75 26 0 3133
651 80 6 0 3133
651 85 28 0 3133
651 89 31 0 3133
651 92 21 0 3133
651 95 23 0 3133
651 98 15 0 3133
651 99 2 0 3133
651 99 31 0 3133
652 7 16 0 3133
652 21 24 0 3133
652 22 12 0 3133
652 27 30 0 3133
652 29 3 0 3133
652 33 28 0 3133
652 41 31 0 3133
652 58 12 0 3133
652 64 8 0 3133
652 72 11 0 3133
652 72 26 0 3133
652 75 8 0 3133
652 80 12 0 3133
652 83 15 0 3133
652 94 3 0 3133
652 100 19 0 3133
653 0 12 0 3133
653 3 0 0 3133
653 5 2 0 3133
653 7 26 0 3133
653 12 23 0 3133
653 15 13 0 3133
653 20 8 0 3133
653 22 4 0 3133
653 22 6 0 3133
653 26 5 0 3133
653 27 5 0 3133
653 33 22 0 3133
653 35 8 0 3133
653 35 31 0 3133
653 38 13 0 3133
653 40 1 0 3133
653 41 16 0 3133
653 44 12 0 3133
653 47 11 0 3133
653 51 15 0 3133
653 60 20 0 3133
653 63 24 0 3133
653 71 3 0 3133
653 75 4 0 3133
653 75 8 0 3133
653 77 12 0 3133
653 81 4 0 3133
653 87 2 0 3133
653 94 28 0 3133
653 100 10 0 3133
654 4 8 0 3133
654 5 1 0 3133
654 10 28 0 3133
654 13 15 0 3133
654 14 24 0 3133
654 15 16 0 3133
654 18 27 0 3133
654 26 30 0 3133
654 31 12 0 3133
654 44 17 0 3133
654 46 29 0 3133
654 47 14 0 3133
654 48 26 0 3133
654 60 25 0 3133
654 71 5 0 3133
654 85 29 0 3133
654 86 17 0 3133
654 90 28 0 3133
655 3 4 0 3133
655 9 15 0 3133
655 9 31 0 3133
655 15 22 0 3133
655 15 30 0 3133
655 19 7 0 3133
655 21 16 0 3133
655 29 3 0 3133
655 44 18 0 3133
655 48 29 0 3133
655 54 8 0 3133
655 57 1 0 3133
655 61 8 0 3133
655 61 11 0 3133
655 66 9 0 3133
655 68 21 0 3133
655 68 31 0 3133
655 78 19 0 3133
655 82 23 0 3133
655 85 17 0 3133
655 86 4 0 3133
655 86 30 0 3133
655 87 20 0 3133
655 92 24 0 3133
655 94 4 0 3133
656 3 20 0 3133
656 11 20 0 3133
656 11 22 0 3133
656 12 7 0 3133
656 12 30 0 3133
656 17 9 0 3133
656 23 25 0 3133
656 30 30 0 3133
656 31 0 0 3133
656 37 22 0 3133
656 39 13 0 3133
656 49 24 0 3133
656 50 19 0 3133
656 59 17 0 3133
656 60 0 0 3133
656 67 4 0 3133
656 68 12 0 3133
656 70 28 0 3133
656 74 29 0 3133
656 76 9 0 3133
656 83 7 0 3133
656 85 1 0 3133
656 88 28 0 3133
656 90 23 0 3133
656 94 27 0 3133
657 2 14 0 3133
657 2 25 0 3133
657 7 18 0 3133
657 8 21 0 3133
657 11 21 0 3133
657 41 20 0 3133
657 45 28 0 3133
657 56 14 0 3133
657 66 7 0 3133
657 73 22 0 3133
657 74 30 0 3133
657 75 9 0 3133
657 90 13 0 3133
657 93 20 0 3133
657 96 8 0 3133
657 99 31 0 3133
657 100 1 0 3133
658 7 3 0 3133
658 10 15 0 3133
658 17 31 0 3133
658 20 24 0 3133
658 32 23 0 3133
658 39 13 0 3133
658 39 17 0 3133
658 41 27 0 3133
658 48 19 0 3133
658 49 18 0 3133
658 55 21 0 3133
658 62 13 0 3133
658 66 3 0 3133
658 90 25 0 3133
658 91 7 0 3133
658 92 19 0 3133
658 100 27 0 3133
659 1 10 0 3133
659 8 28 0 3133
659 12 20 0 3133
659 14 20 0 3133
659 22 5 0 3133
659 39 14 0 3133
659 41 7 0 3133
659 41 30 0 3133
659 52 5 0 3133
659 61 5 0 3133
659 61 10 0 3133
659 64 5 0 3133
659 70 30 0 3133
659 74 13 0 3133
659 81 8 0 3133
659 83 8 0 3133
659 86 19 0 3133
659 93 1 0 3133
659 93 3 0 3133
660 0 17 0 3133
660 9 20 0 3133
660 19 28 0 3133
660 40 10 0 3133
660 42 25 0 3133
660 44 2 0 3133
660 44 7 0 3133
660 49 18 0 3133
660 55 8 0 3133
660 60 28 0 3133
660 63 5 0 3133
660 66 21 0 3133
660 74 13 0 3133
660 76 5 0 3133
660 79 22 0 3133
660 85 21 0 3133
660 86 2 0 3133
660 86 9 0 3133
660 88 30 0 3133
661 1 23 0 3133
661 4 18 0 3133
661 6 8 0 3133
661 7 31 0 3133
661 8 20 0 3133
661 10 3 0 3133
661 13 9 0 3133
661 24 3 0 3133
661 29 25 0 3133
661 35 11 0 3133
661 35 26 0 3133
661 35 31 0 3133
661 40 3 0 3133
661 45 24 0 3133
661 60 0 0 3133
661 61 5 0 3133
661 61 19 0 3133
661 66 13 0 3133
661 87 13 0 3133
661 89 12 0 3133
661 93 27 0 3133
661 95 16 0 3133
662 12 15 0 3133
662 20 25 0 3133
662 34 29 0 3133
662 42 29 0 3133
662 43 31 0 3133
662 44 30 0 3133
662 45 29 0 3133
662 57 17 0 3133
662 67 16 0 3133
662 74 31 0 3133
662 77 8 0 3133
662 78 30 0 3133
662 82 15 0 3133
662 89 7 0 3133
662 90 30 0 3133
662 98 12 0 3133
663 4 9 0 3133
663 5 3 0 3133
663 11 15 0 3133
663 18 22 0 3133
663 20 13 0 3133
663 22 1 0 3133
663 30 9 0 3133
663 32 28 0 3133
663 50 8 0 3133
663 58 19 0 3133
663 65 3 0 3133
663 72 1 0 3133
663 84 10 0 3133
663 86 30 0 3133
663 99 0 0 3133
664 6 16 0 3133
664 14 24 0 3133
664 17 13 0 3133
664 39 4 0 3133
664 44 7 0 3133
664 46 11 0 3133
664 47 30 0 3133
664 58 6 0 3133
664 58 30 0 3133
664 62 24 0 3133
664 70 20 0 3133
664 74 28 0 3133
664 75 15 0 3133
664 76 28 0 3133
664 84 23 0 3133
664 90 28 0 3133
664 95 20 0 3133
665 5 2 0 3133
665 5 23 0 3133
665 7 31 0 3133
665 12 29 0 3133
665 15 13 0 3133
665 22 30 0 3133
665 29 23 0 3133
665 41 25 0 3133
665 42 18 0 3133
665 42 27 0 3133
665 43 31 0 3133
665 45 4 0 3133
665 45 12 0 3133
665 47 26 0 3133
665 49 30 0 3133
665 50 23 0 3133
665 63 15 0 3133
665 64 28 0 3133
665 68 4 0 3133
665 68 23 0 3133
665 69 24 0 3133
665 70 26 0 3133
665 71 2 0 3133
665 80 2 0 3133
665 85 31 0 3133
665 88 2 0 3133
665 91 9 0 3133
665 99 29 0 3133
666 6 18 0 3133
666 14 6 0 3133
666 22 24 0 3133
666 27 9 0 3133
666 48 8 0 3133
666 53 25 0 3133
666 58 24 0 3133
666 68 12 0 3133
666 69 6 0 3133
666 71 3 0 3133
666 74 11 0 3133
666 75 9 0 3133
666 77 3 0 3133
666 78 10 0 3133
666 78 28 0 3133
666 81 8 0 3133
666 84 23 0 3133
666 85 23 0 3133
666 89 21 0 3133
666 91 23 0 3133
666 94 25 0 3133
666 96 22 0 3133
667 0 28 0 3133
667 4 4 0 3133
667 4 21 0 3133
667 5 12 0 3133
667 6 22 0 3133
667 12 21 0 3133
667 13 19 0 3133
667 17 12 0 3133
667 22 15 0 3133
667 27 0 0 3133
667 34 3 0 3133
667 43 3 0 3133
667 53 13 0 3133
667 53 23 0 3133
667 63 28 0 3133
667 64 14 0 3133
667 74 11 0 3133
667 78 12 0 3133
667 87 25 0 3133
667 88 11 0 3133
667 88 18 0 3133
667 91 1 0 3133
667 93 18 0 3133
667 94 20 0 3133
667 95 0 0 3133
667 98 9 0 3133
668 3 20 0 3133
668 5 0 0 3133
668 12 13 0 3133
668 12 24 0 3133
668 14 1 0 3133
668 16 8 0 3133
668 28 16 0 3133
668 29 9 0 3133
668 30 0 0 3133
668 30 1 0 3133
668 40 19 0 3133
668 51 26 0 3133
668 55 14 0 3133
668 59 4 0 3133
668 61 0 0 3133
668 62 5 0 3133
668 62 8 0 3133
668 63 23 0 3133
668 67 16 0 3133
668 73 10 0 3133
668 75 8 0 3133
668 76 24 0 3133
668 92 7 0 3133
669 7 9 0 3133
669 13 10 0 3133
669 13 31 0 3133
669 15 12 0 3133
669 40 30 0 3133
669 45 24 0 3133
669 54 20 0 3133
669 57 19 0 3133
669 58 7 0 3133
669 64 7 0 3133
669 71 26 0 3133
669 73 6 0 3133
669 75 6 0 3133
669 75 13 0 3133
669 77 21 0 3133
669 84 8 0 3133
669 85 13 0 3133
669 86 25 0 3133
669 88 4 0 3133
669 93 28 0 3133
669 96 10 0 3133
669 96 12 0 3133
670 1 25 0 3133
670 4 19 0 3133
670 12 14 0 3133
670 12 29 0 3133
670 15 15 0 3133
670 24 9 0 3133
670 31 29 0 3133
670 41 30 0 3133
670 43 10 0 3133
670 45 16 0 3133
670 45 20 0 3133
670 59 15 0 3133
670 70 2 0 3133
670 71 25 0 3133
670 71 27 0 3133
670 75 21 0 3133
670 76 7 0 3133
670 78 31 0 3133
670 79 20 0 3133
670 83 11 0 3133
670 88 11 0 3133
670 95 25 0 3133
671 1 3 0 3133
671 5 9 0 3133
671 7 1 0 3133
671 11 3 0 3133
671 13 20 0 3133
671 18 14 0 3133
671 47 8 0 3133
671 47 9 0 3133
671 56 25 0 3133
671 56 28 0 3133
671 64 21 0 3133
671 69 22 0 3133
671 87 19 0 3133
671 88 15 0 3133
671 98 11 0 3133
672 0 8 0 3133
672 9 23 0 3133
672 13 11 0 3133
672 14 10 0 3133
672 14 22 0 3133
672 18 15 0 3133
672 20 3 0 3133
672 34 13 0 3133
672 36 22 0 3133
672 37 19 0 3133
672 49 7 0 3133
672 50 12 0 3133
672 61 22 0 3133
672 66 26 0 3133
672 68 25 0 3133
672 71 14 0 3133
672 78 19 0 3133
672 79 3 0 3133
672 81 7 0 3133
672 87 16 0 3133
672 90 8 0 3133
672 90 25 0 3133
672 96 6 0 3133
673 1 27 0 3133
673 3 23 0 3133
673 8 8 0 3133
673 8 28 0 3133
673 10 31 0 3133
673 16 17 0 3133
673 34 14 0 3133
673 36 14 0 3133
673 36 27 0 3133
673 37 28 0 3133
673 40 16 0 3133
673 41 7 0 3133
673 45 24 0 3133
673 47 27 0 3133
673 49 15 0 3133
673 52 4 0 3133
673 52 8 0 3133
673 60 13 0 3133
673 64 1 0 3133
673 65 31 0 3133
673 72 29 0 3133
673 79 20 0 3133
673 82 1 0 3133
673 82 6 0 3133
673 83 3 0 3133
673 87 6 0 3133
673 94 21 0 3133
673 97 7 0 3133
674 6 11 0 3133
674 7 4 0 3133
674 8 24 0 3133
674 10 4 0 3133
674 18 23 0 3133
674 26 13 0 3133
674 31 26 0 3133
674 36 10 0 3133
674 37 16 0 3133
674 59 14 0 3133
674 69 29 0 3133
674 73 12 0 3133
674 73 29 0 3133
674 78 6 0 3133
674 79 11 0 3133
674 87 7 0 3133
674 90 10 0 3133
674 95 5 0 3133
674 98 6 0 3133
674 100 17 0 3133
675 6 28 0 3133
675 11 2 0 3133
675 15 5 0 3133
675 16 5 0 3133
675 17 9 0 3133
675 33 8 0 3133
675 42 23 0 3133
675 47 4 0 3133
675 55 19 0 3133
675 61 21 0 3133
675 65 6 0 3133
675 70 12 0 3133
675 75 5 0 3133
675 84 27 0 3133
675 88 7 0 3133
675 89 20 0 3133
675 90 31 0 3133
675 91 30 0 3133
675 92 9 0 3133
675 93 21 0 3133
675 93 26 0 3133
675 95 17 0 3133
676 2 10 0 3133
676 4 23 0 3133
676 5 3 0 3133
676 5 5 0 3133
676 16 17 0 3133
676 19 5 0 3133
676 19 10 0 3133
676 28 13 0 3133
676 39 29 0 3133
676 40 30 0 3133
676 42 19 0 3133
676 51 23 0 3133
676 56 20 0 3133
676 58 2 0 3133
676 60 18 0 3133
676 61 3 0 3133
676 79 5 0 3133
676 80 21 0 3133
676 87 10 0 3133
676 89 19 0 3133
676 90 31 0 3133
676 93 6 0 3133
676 95 21 0 3133
676 95 27 0 3133
676 96 18 0 3133
676 96 23 0 3133
677 1 31 0 3133
677 12 6 0 3133
677 13 18 0 3133
677 20 0 0 3133
677 25 17 0 3133
677 27 16 0 3133
677 30 7 0 3133
677 32 6 0 3133
677 32 21 0 3133
677 35 30 0 3133
677 57 6 0 3133
677 58 2 0 3133
677 62 21 0 3133
677 65 7 0 3133
677 65 18 0 3133
677 74 20 0 3133
677 97 29 0 3133
678 4 27 0 3133
678 11 5 0 3133
678 12 15 0 3133
678 12 19 0 3133
678 23 30 0 3133
678 26 24 0 3133
678 49 28 0 3133
678 52 18 0 3133
678 58 2 0 3133
678 66 29 0 3133
678 71 10 0 3133
678 76 19 0 3133
678 78 31 0 3133
678 86 17 0 3133
678 89 16 0 3133
678 97 12 0 3133
679 1 16 0 3133
679 3 0 0 3133
679 3 27 0 3133
679 5 17 0 3133
679 10 14 0 3133
679 15 30 0 3133
679 21 11 0 3133
679 23 12 0 3133
679 37 18 0 3133
679 37 29 0 3133
679 39 15 0 3133
679 46 23 0 3133
679 48 26 0 3133
679 50 3 0 3133
679 51 24 0 3133
679 57 6 0 3133
679 58 0 0 3133
679 67 20 0 3133
679 68 27 0 3133
679 70 30 0 3133
679 75 7 0 3133
679 78 28 0 3133
679 79 1 0 3133
679 88 0 0 3133
679 94 8 0 3133
680 0 17 0 3133
680 3 19 0 3133
680 15 8 0 3133
680 16 10 0 3133
680 17 28 0 3133
680 26 9 0 3133
680 29 14 0 3133
680 34 8 0 3133
680 51 28 0 3133
680 53 7 0 3133
680 59 5 0 3133
680 61 0 0 3133
680 65 27 0 3133
680 73 5 0 3133
680 74 21 0 3133
680 81 10 0 3133
680 81 29 0 3133
680 83 25 0 3133
680 88 21 0 3133
680 90 17 0 3133
680 91 13 0 3133
680 99 25 0 3133
681 4 3 0 3133
681 4 7 0 3133
681 15 31 0 3133
681 19 21 0 3133
681 42 2 0 3133
681 43 28 0 3133
681 45 11 0 3133
681 45 30 0 3133
681 46 3 0 3133
681 46 10 0 3133
681 49 27 0 3133
681 53 8 0 3133
681 53 15 0 3133
681 57 15 0 3133
681 65 12 0 3133
681 65 13 0 3133
681 71 28 0 3133
681 73 13 0 3133
681 75 19 0 3133
681 76 3 0 3133
681 76 13 0 3133
681 80 11 0 3133
681 83 8 0 3133
681 85 0 0 3133
681 87 27 0 3133
681 89 7 0 3133
681 93 9 0 3133
681 94 21 0 3133
682 7 22 0 3133
682 17 22 0 3133
682 24 17 0 3133
682 26 18 0 3133
682 31 1 0 3133
682 45 3 0 3133
682 50 7 0 3133
682 64 16 0 3133
682 69 2 0 3133
682 72 24 0 3133
682 79 22 0 3133
682 81 19 0 3133
682 82 20 0 3133
682 88 10 0 3133
682 88 25 0 3133
682 94 13 0 3133
682 94 15 0 3133
682 100 27 0 3133
683 0 2 0 3133
683 0 30 0 3133
683 1 5 0 3133
683 3 13 0 3133
683 29 1 0 3133
683 29 14 0 3133
683 34 15 0 3133
683 34 16 0 3133
683 34 22 0 3133
683 40 4 0 3133
683 40 23 0 3133
683 41 5 0 3133
683 45 28 0 3133
683 47 28 0 3133
683 48 1 0 3133
683 58 26 0 3133
683 63 26 0 3133
683 72 31 0 3133
683 78 17 0 3133
683 86 15 0 3133
683 89 26 0 3133
683 90 18 0 3133
683 91 6 0 3133
683 91 19 0 3133
683 91 27 0 3133
683 99 29 0 3133
683 100 27 0 3133
684 0 21 0 3133
684 6 1 0 3133
684 13 24 0 3133
684 24 3 0 3133
684 34 23 0 3133
684 49 20 0 3133
684 49 26 0 3133
684 51 11 0 3133
684 53 14 0 3133
684 57 21 0 3133
684 67 1 0 3133
684 76 9 0 3133
684 79 23 0 3133
684 86 25 0 3133
684 93 3 0 3133
684 93 7 0 3133
684 93 10 0 3133
684 100 21 0 3133
685 3 9 0 3133
685 3 13 0 3133
685 7 27 0 3133
685 13 26 0 3133
685 27 17 0 3133
685 31 11 0 3133
685 40 4 0 3133
685 43 0 0 3133
685 43 5 0 3133
685 45 27 0 3133
685 47 19 0 3133
685 56 12 0 3133
685 59 25 0 3133
685 61 7 0 3133
685 66 7 0 3133
685 68 29 0 3133
685 69 15 0 3133
685 71 6 0 3133
685 79 17 0 3133
685 85 11 0 3133
685 88 9 0 3133
685 91 3 0 3133
685 96 18 0 3133
685 100 6 0 3133
686 0 29 0 3133
686 4 19 0 3133
686 5 17 0 3133
686 7 3 0 3133
686 27 19 0 3133
686 31 7 0 3133
686 32 24 0 3133
686 33 12 0 3133
686 41 4 0 3133
686 41 26 0 3133
686 47 17 0 3133
686 55 17 0 3133
686 60 29 0 3133
686 64 16 0 3133
686 70 15 0 3133
686 73 19 0 3133
686 75 5 0 3133
686 76 9 0 3133
686 77 3 0 3133
686 81 18 0 3133
686 89 4 0 3133
686 95 12 0 3133
687 1 28 0 3133
687 9 7 0 3133
687 13 3 0 3133
687 15 1 0 3133
687 17 27 0 3133
687 18 24 0 3133
687 24 22 0 3133
687 31 14 0 3133
687 32 7 0 3133
687 37 0 0 3133
687 42 27 0 3133
687 51 24 0 3133
687 53 30 0 3133
687 56 23 0 3133
687 58 22 0 3133
687 64 16 0 3133
687 66 9 0 3133
687 68 10 0 3133
687 75 13 0 3133
687 81 28 0 3133
687 84 14 0 3133
687 88 9 0 3133
687 98 24 0 3133
688 0 16 0 3133
688 3 3 0 3133
688 3 25 0 3133
688 6 3 0 3133
688 7 27 0 3133
688 7 29 0 3133
688 25 16 0 3133
688 33 6 0 3133
688 36 10 0 3133
688 36 18 0 3133
688 43 10 0 3133
688 46 7 0 3133
688 47 22 0 3133
688 50 7 0 3133
688 63 5 0 3133
688 69 20 0 3133
688 69 31 0 3133
688 79 26 0 3133
688 82 28 0 3133
688 93 16 0 3133
688 96 3 0 3133
688 100 7 0 3133
689 0 27 0 3133
689 8 22 0 3133
689 13 10 0 3133
689 19 25 0 3133
689 22 7 0 3133
689 24 30 0 3133
689 27 13 0 3133
689 38 16 0 3133
689 44 4 0 3133
689 45 29 0 3133
689 46 4 0 3133
689 47 11 0 3133
689 49 15 0 3133
689 54 27 0 3133
689 58 27 0 3133
689 77 16 0 3133
689 79 22 0 3133
689 82 24 0 3133
689 85 25 0 3133
689 86 25 0 3133
689 88 25 0 3133
689 92 13 0 3133
689 93 17 0 3133
690 22 15 0 3133
690 24 22 0 3133
690 29 28 0 3133
690 31 1 0 3133
690 36 27 0 3133
690 40 4 0 3133
690 43 27 0 3133
690 56 14 0 3133
690 59 8 0 3133
690 60 23 0 3133
690 70 11 0 3133
690 71 14 0 3133
690 71 18 0 3133
690 72 3 0 3133
690 73 2 0 3133
690 75 8 0 3133
690 92 30 0 3133
690 94 17 0 3133
690 98 12 0 3133
691 0 5 0 3133
691 0 21 0 3133
691 6 23 0 3133
691 8 3 0 3133
691 20 23 0 3133
691 23 14 0 3133
691 23 15 0 3133
691 33 2 0 3133
691 49 20 0 3133
691 53 1 0 3133
691 53 5 0 3133
691 61 19 0 3133
691 65 6 0 3133
691 66 5 0 3133
691 69 20 0 3133
691 77 21 0 3133
691 90 4 0 3133
691 90 14 0 3133
692 0 30 0 3133
692 6 30 0 3133
692 8 5 0 3133
692 13 28 0 3133
692 16 17 0 3133
692 18 20 0 3133
692 20 12 0 3133
692 26 1 0 3133
692 28 19 0 3133
692 29 29 0 3133
692 29 31 0 3133
692 30 19 0 3133
692 32 9 0 3133
692 36 6 0 3133
692 37 26 0 3133
692 37 29 0 3133
692 39 16 0 3133
692 47 31 0 3133
692 58 18 0 3133
692 62 6 0 3133
692 72 18 0 3133
692 74 30 0 3133
692 75 17 0 3133
692 85 16 0 3133
692 86 18 0 3133
692 89 23 0 3133
692 93 5 0 3133
692 96 30 0 3133
693 5 20 0 3133
693 6 8 0 3133
693 8 15 0 3133
693 8 18 0 3133
693 36 21 0 3133
693 39 29 0 3133
693 46 21 0 3133
693 57 5 0 3133
693 58 31 0 3133
693 59 19 0 3133
693 60 28 0 3133
693 64 0 0 3133
693 64 21 0 3133
693 65 27 0 3133
693 80 1 0 3133
693 81 1 0 3133
693 87 12 0 3133
693 93 29 0 3133
694 2 23 0 3133
694 5 30 0 3133
694 30 21 0 3133
694 30 28 0 3133
694 31 28 0 3133
694 33 17 0 3133
694 40 12 0 3133
694 49 11 0 3133
694 50 29 0 3133
694 53 0 0 3133
694 53 23 0 3133
694 56 19 0 3133
694 57 21 0 3133
694 73 19 0 3133
694 76 14 0 3133
694 77 21 0 3133
694 82 10 0 3133
694 89 7 0 3133
694 90 29 0 3133
694 92 8 0 3133
694 93 16 0 3133
694 99 18 0 3133
695 7 24 0 3133
695 8 19 0 3133
695 19 1 0 3133
695 24 11 0 3133
695 26 28 0 3133
695 27 1 0 3133
695 37 22 0 3133
695 57 12 0 3133
695 61 16 0 3133
695 66 28 0 3133
695 69 10 0 3133
695 69 28 0 3133
695 75 8 0 3133
695 75 22 0 3133
695 83 28 0 3133
695 85 26 0 3133
695 86 29 0 3133
695 94 6 0 3133
695 97 10 0 3133
696 8 14 0 3133
696 13 15 0 3133
696 18 12 0 3133
696 19 25 0 3133
696 35 10 0 3133
696 42 27 0 3133
696 49 4 0 3133
696 52 21 0 3133
696 54 21 0 3133
696 58 3 0 3133
696 62 22 0 3133
696 68 2 0 3133
696 69 16 0 3133
696 73 21 0 3133
696 77 1 0 3133
696 85 31 0 3133
696 95 19 0 3133
696 100 21 0 3133
697 5 0 0 3133
697 5 29 0 3133
697 15 31 0 3133
697 39 15 0 3133
697 46 6 0 3133
697 59 14 0 3133
697 69 26 0 3133
697 70 16 0 3133
697 75 10 0 3133
697 83 25 0 3133
697 86 25 0 3133
697 92 26 0 3133
697 93 10 0 3133
698 3 0 0 3133
698 8 19 0 3133
698 11 23 0 3133
698 26 25 0 3133
698 35 14 0 3133
698 41 10 0 3133
698 46 19 0 3133
698 50 14 0 3133
698 51 22 0 3133
698 56 21 0 3133
698 62 29 0 3133
698 64 19 0 3133
698 87 3 0 3133
698 87 26 0 3133
698 92 10 0 3133
698 92 16 0 3133
699 0 2 0 3133
699 0 27 0 3133
699 16 4 0 3133
699 26 28 0 3133
699 27 6 0 3133
699 35 15 0 3133
699 48 25 0 3133
699 55 21 0 3133
699 58 24 0 3133
699 64 29 0 3133
699 70 29 0 3133
699 84 8 0 3133
699 85 5 0 3133
699 88 4 0 3133
699 93 9 0 3133
699 99 7 0 3133
699 99 25 0 3133
699 100 10 0 3133
700 0 2 0 3133
700 1 4 0 3133
700 3 13 0 3133
700 5 1 0 3133
700 8 20 0 3133
700 13 22 0 3133
700 14 18 0 3133
700 24 18 0 3133
700 31 0 0 3133
700 35 25 0 3133
700 50 26 0 3133
700 55 10 0 3133
700 60 18 0 3133
700 72 14 0 3133
700 74 23 0 3133
700 85 4 0 3133
700 89 19 0 3133
700 91 12 0 3133
700 95 8 0 3133
700 97 7 0 3133
701 0 18 0 3133
701 3 22 0 3133
701 9 30 0 3133
701 11 9 0 3133
701 11 23 0 3133
701 12 10 0 3133
701 12 11 0 3133
701 16 24 0 3133
701 19 25 0 3133
701 20 4 0 3133
701 31 4 0 3133
701 51 7 0 3133
701 56 23 0 3133
701 58 1 0 3133
701 59 4 0 3133
701 60 13 0 3133
701 62 22 0 3133
701 68 18 0 3133
701 72 5 0 3133
701 73 24 0 3133
701 76 0 0 3133
701 82 3 0 3133
701 83 7 0 3133
701 84 1 0 3133
701 87 27 0 3133
701 88 12 0 3133
701 88 25 0 3133
701 91 12 0 3133
701 93 29 0 3133
701 99 15 0 3133
701 99 18 0 3133
701 99 30 0 3133
701 100 3 0 3133
702 0 1 0 3133
702 1 15 0 3133
702 1 21 0 3133
702 2 0 0 3133
702 2 14 0 3133
702 6 19 0 3133
702 7 28 0 3133
702 11 29 0 3133
702 19 13 0 3133
702 21 31 0 3133
702 26 12 0 3133
702 30 25 0 3133
702 32 22 0 3133
702 34 31 0 3133
702 36 26 0 3133
702 38 5 0 3133
702 49 4 0 3133
702 49 17 0 3133
702 55 22 0 3133
702 57 7 0 3133
702 58 27 0 3133
702 65 18 0 3133
702 66 16 0 3133
702 70 30 0 3133
702 72 28 0 3133
702 76 0 0 3133
702 83 7 0 3133
702 83 10 0 3133
702 84 13 0 3133
702 84 14 0 3133
702 86 17 0 3133
702 88 1 0 3133
703 3 12 0 3133
703 3 19 0 3133
703 5 27 0 3133
703 19 25 0 3133
703 19 30 0 3133
703 29 28 0 3133
703 43 10 0 3133
703 49 5 0 3133
703 50 0 0 3133
703 54 13 0 3133
703 54 16 0 3133
703 64 27 0 3133
703 66 24 0 3133
703 77 25 0 3133
703 81 5 0 3133
703 83 1 0 3133
703 83 31 0 3133
703 88 31 0 3133
703 93 28 0 3133
703 98 18 0 3133
704 4 25 0 3133
704 5 17 0 3133
704 15 22 0 3133
704 22 5 0 3133
704 23 18 0 3133
704 23 24 0 3133
704 29 27 0 3133
704 37 11 0 3133
704 38 4 0 3133
704 41 15 0 3133
704 52 8 0 3133
704 68 1 0 3133
704 75 22 0 3133
704 77 3 0 3133
704 78 0 0 3133
704 80 3 0 3133
704 88 24 0 3133
704 90 31 0 3133
704 92 8 0 3133
704 93 23 0 3133
704 95 0 0 3133
704 99 10 0 3133
705 11 12 0 3133
705 20 6 0 3133
705 24 25 0 3133
705 30 27 0 3133
705 37 12 0 3133
705 38 2 0 3133
705 50 15 0 3133
705 54 26 0 3133
705 55 18 0 3133
705 56 21 0 3133
705 57 26 0 3133
705 59 25 0 3133
705 63 28 0 3133
705 63 29 0 3133
705 64 27 0 3133
705 66 29 0 3133
705 75 17 0 3133
705 75 20 0 3133
705 79 30 0 3133
705 85 5 0 3133
705 93 30 0 3133
705 95 5 0 3133
705 100 18 0 3133
706 5 16 0 3133
706 7 19 0 3133
706 9 6 0 3133
706 12 8 0 3133
706 31 25 0 3133
706 38 23 0 3133
706 40 17 0 3133
706 43 14 0 3133
706 43 15 0 3133
706 47 2 0 3133
706 47 9 0 3133
706 53 0 0 3133
706 55 11 0 3133
706 64 29 0 3133
706 67 16 0 3133
706 87 2 0 3133
706 88 15 0 3133
706 90 4 0 3133
706 92 11 0 3133
706 94 19 0 3133
706 96 7 0 3133
706 100 10 0 3133
707 1 24 0 3133
707 8 17 0 3133
707 12 23 0 3133
707 21 25 0 3133
707 33 7 0 3133
707 34 10 0 3133
707 37 31 0 3133
707 42 20 0 3133
707 43 12 0 3133
707 44 13 0 3133
707 47 16 0 3133
707 58 25 0 3133
707 71 24 0 3133
707 72 21 0 3133
707 75 26 0 3133
707 76 12 0 3133
707 78 20 0 3133
707 80 3 0 3133
707 81 16 0 3133
707 82 7 0 3133
707 85 31 0 3133
707 86 3 0 3133
707 88 26 0 3133
707 98 17 0 3133
708 6 1 0 3133
708 8 25 0 3133
708 9 25 0 3133
708 12 10 0 3133
708 38 4 0 3133
708 39 21 0 3133
708 41 9 0 3133
708 47 21 0 3133
708 50 4 0 3133
708 50 6 0 3133
708 68 20 0 3133
708 69 24 0 3133
708 71 19 0 3133
708 75 9 0 3133
708 80 11 0 3133
708 86 5 0 3133
708 91 3 0 3133
708 92 2 0 3133
708 95 7 0 3133
708 100 16 0 3133
708 100 29 0 3133
709 1 25 0 3133
709 3 29 0 3133
709 5 0 0 3133
709 7 15 0 3133
709 8 1 0 3133
709 12 22 0 3133
709 15 21 0 3133
709 21 26 0 3133
709 24 10 0 3133
709 31 30 0 3133
709 32 1 0 3133
709 36 16 0 3133
709 39 24 0 3133
709 44 30 0 3133
709 44 31 0 3133
709 47 11 0 3133
709 52 26 0 3133
709 58 9 0 3133
709 64 14 0 3133
709 66 8 0 3133
709 66 21 0 3133
709 70 27 0 3133
709 72 1 0 3133
709 72 17 0 3133
709 72 26 0 3133
709 83 7 0 3133
709 89 2 0 3133
709 96 19 0 3133
710 1 1 0 3133
710 4 30 0 3133
710 11 3 0 3133
710 17 12 0 3133
710 30 27 0 3133
710 38 31 0 3133
710 43 4 0 3133
710 46 30 0 3133
710 47 12 0 3133
710 47 24 0 3133
710 56 24 0 3133
710 62 12 0 3133
710 63 0 0 3133
710 64 13 0 3133
710 70 4 0 3133
710 80 13 0 3133
710 81 26 0 3133
710 96 28 0 3133
710 97 31 0 3133
710 100 4 0 3133
710 100 16 0 3133
711 2 1 0 3133
711 5 7 0 3133
711 6 27 0 3133
711 10 30 0 3133
711 15 26 0 3133
711 34 28 0 3133
711 38 29 0 3133
711 40 21 0 3133
711 47 8 0 3133
711 49 5 0 3133
711 53 7 0 3133
711 56 4 0 3133
711 61 24 0 3133
711 64 11 0 3133
711 66 18 0 3133
711 71 14 0 3133
711 72 13 0 3133
711 75 18 0 3133
711 81 11 0 3133
711 97 17 0 3133
712 1 16 0 3133
712 4 15 0 3133
712 22 8 0 3133
712 24 1 0 3133
712 26 17 0 3133
712 41 8 0 3133
712 42 6 0 3133
712 42 28 0 3133
712 45 17 0 3133
712 46 3 0 3133
712 48 22 0 3133
712 48 29 0 3133
712 58 25 0 3133
712 75 20 0 3133
712 79 24 0 3133
712 80 13 0 3133
712 90 11 0 3133
712 95 6 0 3133
713 0 29 0 3133
713 7 23 0 3133
713 7 24 0 3133
713 11 16 0 3133
713 12 29 0 3133
713 27 7 0 3133
713 28 24 0 3133
713 31 19 0 3133
713 34 28 0 3133
713 41 28 0 3133
713 59 5 0 3133
713 60 20 0 3133
713 70 17 0 3133
713 75 4 0 3133
713 79 19 0 3133
713 92 5 0 3133
713 93 9 0 3133
713 96 18 0 3133
713 100 6 0 3133
714 1 26 0 3133
714 8 6 0 3133
714 9 13 0 3133
714 15 1 0 3133
714 15 14 0 3133
714 18 31 0 3133
714 22 23 0 3133
714 23 13 0 3133
714 23 19 0 3133
714 24 9 0 3133
714 28 28 0 3133
714 32 23 0 3133
714 33 11 0 3133
714 40 10 0 3133
714 41 24 0 3133
714 43 23 0 3133
714 52 7 0 3133
714 62 3 0 3133
714 68 5 0 3133
714 77 18 0 3133
714 78 3 0 3133
714 79 7 0 3133
714 81 28 0 3133
714 90 26 0 3133
714 96 24 0 3133
714 98 9 0 3133
714 99 4 0 3133
714 100 29 0 3133
715 9 2 0 3133
715 9 25 0 3133
715 10 15 0 3133
715 12 16 0 3133
715 12 20 0 3133
715 13 23 0 3133
715 18 2 0 3133
715 31 14 0 3133
715 31 23 0 3133
715 32 15 0 3133
715 37 30 0 3133
715 49 17 0 3133
715 55 18 0 3133
715 64 1 0 3133
715 65 14 0 3133
715 70 17 0 3133
715 80 28 0 3133
715 84 20 0 3133
715 85 14 0 3133
715 88 8 0 3133
715 91 8 0 3133
715 91 30 0 3133
715 92 5 0 3133
716 3 4 0 3133
716 6 28 0 3133
716 9 0 0 3133
716 12 0 0 3133
716 16 28 0 3133
716 36 16 0 3133
716 37 24 0 3133
716 45 25 0 3133
716 64 31 0 3133
716 71 11 0 3133
716 73 28 0 3133
716 91 14 0 3133
716 93 17 0 3133
716 99 0 0 3133
717 0 6 0 3133
717 8 19 0 3133
717 10 1 0 3133
717 11 8 0 3133
717 19 28 0 3133
717 29 1 0 3133
717 36 17 0 3133
717 40 22 0 3133
717 51 25 0 3133
717 54 3 0 3133
717 63 18 0 3133
717 64 15 0 3133
717 71 29 0 3133
717 73 14 0 3133
717 80 0 0 3133
717 87 10 0 3133
717 87 13 0 3133
717 88 26 0 3133
717 91 30 0 3133
717 92 4 0 3133
717 93 30 0 3133
717 95 10 0 3133
718 3 4 0 3133
718 20 26 0 3133
718 24 18 0 3133
718 32 30 0 3133
718 45 9 0 3133
718 60 10 0 3133
718 64 26 0 3133
718 71 28 0 3133
718 81 15 0 3133
718 85 20 0 3133
719 7 9 0 3133
719 7 18 0 3133
719 10 25 0 3133
719 17 23 0 3133
719 20 12 0 3133
719 21 8 0 3133
719 23 20 0 3133
719 34 31 0 3133
719 37 18 0 3133
719 39 8 0 3133
719 48 5 0 3133
719 51 31 0 3133
719 56 12 0 3133
719 58 11 0 3133
719 60 29 0 3133
719 67 14 0 3133
719 69 26 0 3133
719 75 9 0 3133
719 80 6 0 3133
719 83 0 0 3133
719 85 15 0 3133
719 95 7 0 3133
719 96 20 0 3133
719 100 20 0 3133
720 7 17 0 3133
720 8 18 0 3133
720 8 22 0 3133
720 12 31 0 3133
720 19 13 0 3133
720 20 26 0 3133
720 24 5 0 3133
720 35 3 0 3133
720 37 10 0 3133
720 37 14 0 3133
720 45 16 0 3133
720 52 6 0 3133
720 59 9 0 3133
720 66 11 0 3133
720 72 19 0 3133
720 75 16 0 3133
720 77 13 0 3133
720 79 4 0 3133
720 84 19 0 3133
720 86 19 0 3133
720 90 6 0 3133
720 92 9 0 3133
720 95 0 0 3133
720 96 0 0 3133
721 1 23 0 3133
721 1 28 0 3133
721 9 7 0 3133
721 9 15 0 3133
721 16 15 0 3133
721 25 28 0 3133
721 27 18 0 3133
721 30 25 0 3133
721 30 28 0 3133
721 30 30 0 3133
721 30 31 0 3133
721 33 29 0 3133
721 36 28 0 3133
721 56 24 0 3133
721 62 18 0 3133
721 62 29 0 3133
721 66 0 0 3133
721 69 17 0 3133
721 69 21 0 3133
721 73 9 0 3133
721 78 23 0 3133
721 96 22 0 3133
722 1 0 0 3133
722 1 20 0 3133
722 1 29 0 3133
722 6 15 0 3133
722 14 25 0 3133
722 15 20 0 3133
722 17 29 0 3133
722 21 3 0 3133
722 26 11 0 3133
722 27 8 0 3133
722 31 31 0 3133
722 33 26 0 3133
722 36 26 0 3133
722 49 29 0 3133
722 65 22 0 3133
722 66 13 0 3133
722 70 24 0 3133
722 71 11 0 3133
722 77 7 0 3133
722 89 1 0 3133
722 94 4 0 3133
722 94 13 0 3133
722 97 26 0 3133
723 0 19 0 3133
723 1 13 0 3133
723 3 20 0 3133
723 23 30 0 3133
723 34 28 0 3133
723 37 17 0 3133
723 39 0 0 3133
723 41 31 0 3133
723 44 17 0 3133
723 59 19 0 3133
723 61 17 0 3133
723 64 9 0 3133
723 71 13 0 3133
723 76 2 0 3133
723 76 15 0 3133
723 79 17 0 3133
723 84 6 0 3133
723 92 6 0 3133
723 93 4 0 3133
723 94 3 0 3133
723 97 7 0 3133
723 100 5 0 3133
724 10 17 0 3133
724 19 11 0 3133
724 28 27 0 3133
724 29 11 0 3133
724 30 23 0 3133
724 33 29 0 3133
724 38 28 0 3133
724 39 5 0 3133
724 43 28 0 3133
724 63 4 0 3133
724 64 27 0 3133
724 70 19 0 3133
724 75 4 0 3133
724 86 14 0 3133
724 92 11 0 3133
724 93 27 0 3133
724 95 8 0 3133
724 97 2 0 3133
725 3 19 0 3133
725 18 8 0 3133
725 37 11 0 3133
725 37 24 0 3133
725 48 26 0 3133
725 50 26 0 3133
725 56 9 0 3133
725 63 15 0 3133
725 71 7 0 3133
725 74 31 0 3133
725 86 14 0 3133
725 88 17 0 3133
725 94 11 0 3133
726 3 10 0 3133
726 3 31 0 3133
726 4 22 0 3133
726 6 17 0 3133
726 12 31 0 3133
726 22 12 0 3133
726 22 26 0 3133
726 28 15 0 3133
726 31 14 0 3133
726 32 14 0 3133
726 36 22 0 3133
726 37 10 0 3133
726 40 25 0 3133
726 41 1 0 3133
726 41 2 0 3133
726 42 8 0 3133
726 46 24 0 3133
726 52 0 0 3133
726 65 23 0 3133
726 68 2 0 3133
726 70 25 0 3133
726 76 27 0 3133
727 0 13 0 3133
727 6 16 0 3133
727 16 8 0 3133
727 18 29 0 3133
727 29 10 0 3133
727 30 23 0 3133
727 35 23 0 3133
727 39 18 0 3133
727 42 15 0 3133
727 44 23 0 3133
727 68 20 0 3133
727 69 12 0 3133
727 73 30 0 3133
727 79 24 0 3133
727 79 29 0 3133
727 86 10 0 3133
727 87 8 0 3133
727 87 9 0 3133
727 89 4 0 3133
727 92 16 0 3133
727 93 18 0 3133
727 93 27 0 3133
727 94 7 0 3133
727 94 9 0 3133
728 0 22 0 3133
728 4 0 0 3133
728 4 26 0 3133
728 8 10 0 3133
728 9 22 0 3133
728 18 19 0 3133
728 20 2 0 3133
728 20 10 0 3133
728 31 15 0 3133
728 37 30 0 3133
728 39 0 0 3133
728 48 20 0 3133
728 57 23 0 3133
728 62 23 0 3133
728 64 20 0 3133
728 70 21 0 3133
728 73 20 0 3133
728 78 28 0 3133
728 80 11 0 3133
728 80 18 0 3133
728 84 8 0 3133
728 85 11 0 3133
728 88 5 0 3133
728 95 13 0 3133
728 98 7 0 3133
729 5 15 0 3133
729 6 29 0 3133
729 9 8 0 3133
729 15 19 0 3133
729 16 0 0 3133
729 16 3 0 3133
729 22 24 0 3133
729 25 31 0 3133
729 28 25 0 3133
729 35 19 0 3133
729 37 23 0 3133
729 37 25 0 3133
729 43 4 0 3133
729 45 22 0 3133
729 54 2 0 3133
729 76 21 0 3133
729 80 22 0 3133
729 94 11 0 3133
729 98 3 0 3133
730 0 12 0 3133
730 3 6 0 3133
730 9 2 0 3133
730 11 14 0 3133
730 18 11 0 3133
730 19 17 0 3133
730 33 31 0 3133
730 35 5 0 3133
730 37 21 0 3133
730 38 8 0 3133
730 40 13 0 3133
730 68 21 0 3133
730 70 19 0 3133
730 74 8 0 3133
730 74 12 0 3133
730 76 5 0 3133
730 88 30 0 3133
730 89 10 0 3133
730 94 15 0 3133
731 3 15 0 3133
731 15 15 0 3133
731 18 28 0 3133
731 23 0 0 3133
731 23 25 0 3133
731 29 26 0 3133
731 31 21 0 3133
731 37 11 0 3133
731 43 13 0 3133
731 51 14 0 3133
731 56 20 0 3133
731 60 4 0 3133
731 68 8 0 3133
731 75 15 0 3133
731 77 23 0 3133
731 94 18 0 3133
732 0 6 0 3133
732 1 30 0 3133
732 2 20 0 3133
732 10 9 0 3133
732 22 1 0 3133
732 31 23 0 3133
732 33 6 0 3133
732 33 19 0 3133
732 36 19 0 3133
732 39 3 0 3133
732 40 20 0 3133
732 40 24 0 3133
732 46 31 0 3133
732 59 9 0 3133
732 63 19 0 3133
732 64 3 0 3133
732 69 20 0 3133
732 70 1 0 3133
732 75 6 0 3133
732 75 28 0 3133
732 80 31 0 3133
732 83 2 0 3133
732 85 22 0 3133
732 88 18 0 3133
732 93 14 0 3133
732 98 17 0 3133
732 99 21 0 3133
732 100 0 0 3133
733 2 21 0 3133
733 4 24 0 3133
733 6 21 0 3133
733 6 26 0 3133
733 7 24 0 3133
733 10 10 0 3133
733 14 9 0 3133
733 22 16 0 3133
733 31 11 0 3133
733 35 17 0 3133
733 43 20 0 3133
733 49 25 0 3133
733 56 30 0 3133
733 64 22 0 3133
733 73 12 0 3133
733 73 21 0 3133
733 77 7 0 3133
733 79 7 0 3133
733 84 31 0 3133
733 86 2 0 3133
733 88 3 0 3133
734 7 22 0 3133
734 15 4 0 3133
734 17 1 0 3133
734 22 19 0 3133
734 28 4 0 3133
734 29 22 0 3133
734 40 21 0 3133
734 57 14 0 3133
734 63 2 0 3133
734 65 18 0 3133
734 65 28 0 3133
734 70 15 0 3133
734 72 13 0 3133
734 74 3 0 3133
734 76 1 0 3133
734 76 13 0 3133
734 76 19 0 3133
734 78 22 0 3133
734 85 21 0 3133
734 87 8 0 3133
734 91 13 0 3133
734 98 0 0 3133
735 11 19 0 3133
735 16 5 0 3133
735 24 29 0 3133
735 37 31 0 3133
735 44 31 0 3133
735 49 20 0 3133
735 55 27 0 3133
735 56 30 0 3133
735 57 1 0 3133
735 58 12 0 3133
735 66 4 0 3133
735 67 6 0 3133
735 69 2 0 3133
735 70 31 0 3133
735 75 14 0 3133
735 77 9 0 3133
735 81 2 0 3133
735 94 14 0 3133
735 95 11 0 3133
735 100 1 0 3133
736 6 29 0 3133
736 9 22 0 3133
736 13 9 0 3133
736 23 30 0 3133
736 29 2 0 3133
736 34 1 0 3133
736 48 14 0 3133
736 52 20 0 3133
736 63 11 0 3133
736 63 21 0 3133
736 63 29 0 3133
736 69 3 0 3133
736 70 8 0 3133
736 71 6 0 3133
736 76 29 0 3133
736 78 8 0 3133
736 82 2 0 3133
736 83 28 0 3133
736 87 30 0 3133
736 100 9 0 3133
737 0 30 0 3133
737 13 1 0 3133
737 13 7 0 3133
737 13 31 0 3133
737 23 31 0 3133
737 27 0 0 3133
737 32 19 0 3133
737 45 19 0 3133
737 52 23 0 3133
737 53 3 0 3133
737 54 9 0 3133
737 81 3 0 3133
737 85 5 0 3133
737 85 25 0 3133
737 88 26 0 3133
738 2 14 0 3133
738 6 28 0 3133
738 15 18 0 3133
738 39 4 0 3133
738 45 15 0 3133
738 46 5 0 3133
738 50 11 0 3133
738 58 21 0 3133
738 59 11 0 3133
738 64 8 0 3133
738 65 7 0 3133
738 73 5 0 3133
738 75 22 0 3133
738 79 0 0 3133
738 80 8 0 3133
738 81 6 0 3133
738 81 27 0 3133
738 83 14 0 3133
738 86 26 0 3133
738 89 16 0 3133
738 92 5 0 3133
738 93 26 0 3133
738 97 24 0 3133
738 99 18 0 3133
739 2 3 0 3133
739 6 16 0 3133
739 8 4 0 3133
739 19 10 0 3133
739 35 9 0 3133
739 43 23 0 3133
739 45 15 0 3133
739 46 3 0 3133
739 48 30 0 3133
739 55 14 0 3133
739 63 6 0 3133
739 70 23 0 3133
739 77 30 0 3133
739 82 3 0 3133
739 86 19 0 3133
739 88 0 0 3133
739 88 15 0 3133
739 94 27 0 3133
739 100 2 0 3133
740 0 8 0 3133
740 30 8 0 3133
740 33 5 0 3133
740 59 13 0 3133
740 65 7 0 3133
740 68 0 0 3133
740 68 12 0 3133
740 76 18 0 3133
740 79 8 0 3133
740 93 4 0 3133
740 95 0 0 3133
740 96 26 0 3133
741 0 6 0 3133
741 0 21 0 3133
741 4 24 0 3133
741 4 28 0 3133
741 9 4 0 3133
741 22 0 0 3133
741 33 9 0 3133
741 38 7 0 3133
741 42 12 0 3133
741 43 10 0 3133
741 47 25 0 3133
741 50 16 0 3133
741 59 19 0 3133
741 61 14 0 3133
741 67 28 0 3133
741 68 6 0 3133
741 70 5 0 3133
741 70 11 0 3133
741 70 28 0 3133
741 74 1 0 3133
741 74 3 0 3133
741 76 12 0 3133
741 76 15 0 3133
741 81 24 0 3133
741 83 22 0 3133
741 88 14 0 3133
741 88 17 0 3133
741 91 17 0 3133
741 93 6 0 3133
741 95 15 0 3133
741 96 2 0 3133
741 98 23 0 3133
741 100 7 0 3133
742 0 12 0 3133
742 5 6 0 3133
742 7 31 0 3133
742 19 1 0 3133
742 19 14 0 3133
742 35 1 0 3133
742 36 31 0 3133
742 39 18 0 3133
742 42 31 0 3133
742 43 23 0 3133
742 49 12 0 3133
742 53 23 0 3133
742 60 24 0 3133
742 66 14 0 3133
742 71 28 0 3133
742 74 26 0 3133
742 78 4 0 3133
742 80 12 0 3133
742 81 0 0 3133
742 82 14 0 3133
742 88 21 0 3133
742 94 3 0 3133
742 94 11 0 3133
742 97 17 0 3133
743 2 7 0 3133
743 4 30 0 3133
743 12 29 0 3133
743 14 9 0 3133
743 15 1 0 3133
743 17 21 0 3133
743 20 31 0 3133
743 23 0 0 3133
743 25 17 0 3133
743 29 26 0 3133
743 40 15 0 3133
743 50 4 0 3133
743 51 9 0 3133
743 56 26 0 3133
743 68 7 0 3133
743 73 24 0 3133
743 76 23 0 3133
743 82 19 0 3133
743 95 21 0 3133
743 96 7 0 3133
743 98 13 0 3133
743 100 0 0 3133
743 100 8 0 3133
744 7 29 0 3133
744 9 7 0 3133
744 11 30 0 3133
744 12 0 0 3133
744 13 2 0 3133
744 17 16 0 3133
744 20 22 0 3133
744 23 25 0 3133
744 27 31 0 3133
744 34 30 0 3133
744 42 12 0 3133
744 44 12 0 3133
744 46 19 0 3133
744 47 18 0 3133
744 60 20 0 3133
744 60 29 0 3133
744 62 17 0 3133
744 65 11 0 3133
744 65 22 0 3133
744 67 9 0 3133
744 68 30 0 3133
744 75 4 0 3133
744 80 6 0 3133
744 81 27 0 3133
744 82 22 0 3133
744 84 11 0 3133
744 84 24 0 3133
744 86 16 0 3133
744 88 13 0 3133
744 96 31 0 3133
745 7 7 0 3133
745 11 31 0 3133
745 13 18 0 3133
745 33 22 0 3133
745 36 3 0 3133
745 42 12 0 3133
745 51 6 0 3133
745 52 0 0 3133
745 53 7 0 3133
745 54 16 0 3133
745 54 19 0 3133
745 55 7 0 3133
745 57 6 0 3133
745 60 11 0 3133
745 63 8 0 3133
745 70 29 0 3133
745 74 27 0 3133
745 79 19 0 3133
745 80 21 0 3133
745 80 29 0 3133
745 81 16 0 3133
745 86 23 0 3133
745 88 1 0 3133
745 93 27 0 3133
746 6 4 0 3133
746 6 24 0 3133
746 12 25 0 3133
746 17 2 0 3133
746 19 1 0 3133
746 25 24 0 3133
746 26 19 0 3133
746 35 10 0 3133
746 36 8 0 3133
746 38 20 0 3133
746 38 26 0 3133
746 44 13 0 3133
746 50 16 0 3133
746 59 22 0 3133
746 61 24 0 3133
746 66 2 0 3133
746 84 2 0 3133
746 86 10 0 3133
746 90 21 0 3133
746 93 1 0 3133
746 94 31 0 3133
746 98 4 0 3133
746 99 13 0 3133
747 0 6 0 3133
747 1 26 0 3133
747 6 23 0 3133
747 8 15 0 3133
747 11 24 0 3133
747 13 11 0 3133
747 14 18 0 3133
747 16 14 0 3133
747 24 2 0 3133
747 32 20 0 3133
747 35 14 0 3133
747 38 5 0 3133
747 45 0 0 3133
747 47 10 0 3133
747 53 15 0 3133
747 62 20 0 3133
747 62 25 0 3133
747 65 7 0 3133
747 67 27 0 3133
747 76 24 0 3133
747 80 9 0 3133
747 99 23 0 3133
747 100 28 0 3133
748 0 2 0 3133
748 5 26 0 3133
748 13 20 0 3133
748 14 24 0 3133
748 19 0 0 3133
748 23 22 0 3133
748 35 24 0 3133
748 38 13 0 3133
748 40 11 0 3133
748 44 20 0 3133
748 47 23 0 3133
748 51 28 0 3133
748 54 7 0 3133
748 59 1 0 3133
748 62 30 0 3133
748 63 21 0 3133
748 68 21 0 3133
748 74 7 0 3133
748 74 17 0 3133
748 86 3 0 3133
748 99 13 0 3133
749 4 16 0 3133
749 5 23 0 3133
749 8 20 0 3133
749 10 27 0 3133
749 22 23 0 3133
749 37 11 0 3133
749 48 30 0 3133
749 49 26 0 3133
749 53 13 0 3133
749 56 23 0 3133
749 59 31 0 3133
749 61 11 0 3133
749 62 1 0 3133
749 63 4 0 3133
749 64 7 0 3133
749 68 1 0 3133
749 73 19 0 3133
749 85 12 0 3133
749 99 5 0 3133
750 0 29 0 3133
750 14 22 0 3133
750 17 29 0 3133
750 22 17 0 3133
750 34 25 0 3133
750 58 31 0 3133
750 67 2 0 3133
750 67 30 0 3133
750 77 8 0 3133
750 82 30 0 3133
750 85 6 0 3133
750 85 11 0 3133
750 85 30 0 3133
750 86 12 0 3133
750 92 8 0 3133
751 9 11 0 3133
751 14 27 0 3133
751 15 6 0 3133
751 17 31 0 3133
751 18 5 0 3133
751 37 0 0 3133
751 37 7 0 3133
751 38 10 0 3133
751 53 29 0 3133
751 56 27 0 3133
751 59 11 0 3133
751 66 10 0 3133
751 71 22 0 3133
751 72 31 0 3133
751 78 6 0 3133
751 83 28 0 3133
751 91 12 0 3133
751 97 15 0 3133
752 1 23 0 3133
752 6 21 0 3133
752 6 27 0 3133
752 7 4 0 3133
752 9 18 0 3133
752 10 23 0 3133
752 14 9 0 3133
752 20 25 0 3133
752 21 2 0 3133
752 29 1 0 3133
752 33 31 0 3133
752 34 8 0 3133
752 37 22 0 3133
752 55 1 0 3133
752 56 19 0 3133
752 63 19 0 3133
752 64 15 0 3133
752 68 24 0 3133
752 71 14 0 3133
752 76 1 0 3133
752 93 24 0 3133
752 95 2 0 3133
752 95 13 0 3133
752 97 18 0 3133
753 0 19 0 3133
753 9 4 0 3133
753 15 4 0 3133
753 17 3 0 3133
753 21 1 0 3133
753 24 17 0 3133
753 33 11 0 3133
753 41 29 0 3133
753 49 19 0 3133
753 53 26 0 3133
753 55 16 0 3133
753 57 13 0 3133
753 65 19 0 3133
753 72 1 0 3133
753 78 7 0 3133
753 80 12 0 3133
753 80 13 0 3133
753 81 9 0 3133
753 83 0 0 3133
753 85 12 0 3133
753 85 18 0 3133
753 91 26 0 3133
753 94 27 0 3133
753 98 11 0 3133
754 4 9 0 3133
754 7 15 0 3133
754 9 0 0 3133
754 11 21 0 3133
754 14 13 0 3133
754 17 13 0 3133
754 20 15 0 3133
754 30 21 0 3133
754 46 2 0 3133
754 60 5 0 3133
754 68 24 0 3133
754 71 13 0 3133
754 74 19 0 3133
754 80 25 0 3133
754 81 23 0 3133
754 86 19 0 3133
754 87 17 0 3133
754 91 15 0 3133
754 94 28 0 3133
754 98 18 0 3133
755 0 8 0 3133
755 1 13 0 3133
755 2 6 0 3133
755 4 8 0 3133
755 6 7 0 3133
755 11 8 0 3133
755 15 7 0 3133
755 15 16 0 3133
755 15 21 0 3133
755 21 10 0 3133
755 33 15 0 3133
755 33 20 0 3133
755 41 25 0 3133
755 75 31 0 3133
755 79 4 0 3133
755 79 18 0 3133
755 84 31 0 3133
755 87 30 0 3133
755 89 14 0 3133
755 89 28 0 3133
755 91 9 0 3133
755 98 10 0 3133
756 2 18 0 3133
756 6 18 0 3133
756 12 20 0 3133
756 12 25 0 3133
756 13 29 0 3133
756 16 12 0 3133
756 21 22 0 3133
756 24 14 0 3133
756 27 13 0 3133
756 32 1 0 3133
756 34 14 0 3133
756 37 2 0 3133
756 39 27 0 3133
756 46 27 0 3133
756 56 26 0 3133
756 59 9 0 3133
756 60 30 0 3133
756 63 23 0 3133
756 69 25 0 3133
756 70 15 0 3133
756 73 21 0 3133
756 80 27 0 3133
756 84 6 0 3133
756 87 18 0 3133
756 92 11 0 3133
756 92 28 0 3133
756 95 2 0 3133
756 95 31 0 3133
757 3 19 0 3133
757 5 20 0 3133
757 7 9 0 3133
757 8 7 0 3133
757 25 7 0 3133
757 30 27 0 3133
757 38 2 0 3133
757 40 12 0 3133
757 43 19 0 3133
757 44 27 0 3133
757 49 25 0 3133
757 58 19 0 3133
757 73 17 0 3133
757 73 27 0 3133
757 75 2 0 3133
757 79 6 0 3133
757 79 17 0 3133
757 80 3 0 3133
757 82 16 0 3133
757 82 18 0 3133
757 89 3 0 3133
757 99 22 0 3133
758 1 6 0 3133
758 5 30 0 3133
758 11 4 0 3133
758 11 11 0 3133
758 32 30 0 3133
758 34 19 0 3133
758 41 23 0 3133
758 43 28 0 3133
758 48 11 0 3133
758 52 27 0 3133
758 53 5 0 3133
758 55 31 0 3133
758 62 7 0 3133
758 63 7 0 3133
758 69 12 0 3133
758 78 0 0 3133
758 81 18 0 3133
758 84 26 0 3133
758 91 3 0 3133
758 92 21 0 3133
758 99 3 0 3133
758 100 29 0 3133
759 3 3 0 3133
759 12 29 0 3133
759 17 6 0 3133
759 18 29 0 3133
759 21 17 0 3133
759 43 28 0 3133
759 49 7 0 3133
759 57 19 0 3133
759 63 9 0 3133
759 68 20 0 3133
759 68 22 0 3133
759 82 17 0 3133
759 86 15 0 3133
759 87 2 0 3133
759 87 13 0 3133
759 88 10 0 3133
759 89 14 0 3133
759 96 10 0 3133
759 96 24 0 3133
759 97 2 0 3133
759 99 29 0 3133
760 2 6 0 3133
760 9 22 0 3133
760 13 21 0 3133
760 18 30 0 3133
760 28 15 0 3133
760 38 17 0 3133
760 44 15 0 3133
760 48 19 0 3133
760 53 10 0 3133
760 58 8 0 3133
760 64 30 0 3133
760 77 16 0 3133
760 78 5 0 3133
760 79 3 0 3133
760 81 8 0 3133
760 83 24 0 3133
760 87 20 0 3133
760 88 28 0 3133
760 92 2 0 3133
760 97 8 0 3133
761 2 0 0 3133
761 2 19 0 3133
761 4 12 0 3133
761 7 27 0 3133
761 17 0 0 3133
761 17 9 0 3133
761 34 24 0 3133
761 56 4 0 3133
761 59 10 0 3133
761 68 8 0 3133
761 70 31 0 3133
761 73 5 0 3133
761 74 22 0 3133
761 76 23 0 3133
761 79 4 0 3133
761 79 7 0 3133
761 82 26 0 3133
761 89 15 0 3133
761 89 16 0 3133
761 92 6 0 3133
761 96 2 0 3133
762 13 20 0 3133
762 22 23 0 3133
762 31 0 0 3133
762 31 30 0 3133
762 37 22 0 3133
762 38 22 0 3133
762 48 6 0 3133
762 48 27 0 3133
762 49 18 0 3133
762 53 1 0 3133
762 53 14 0 3133
762 54 12 0 3133
762 55 31 0 3133
762 60 6 0 3133
762 62 20 0 3133
762 64 20 0 3133
762 64 26 0 3133
762 69 27 0 3133
762 72 24 0 3133
762 75 25 0 3133
762 83 19 0 3133
762 85 9 0 3133
762 90 16 0 3133
762 93 31 0 3133
762 96 20 0 3133
763 6 10 0 3133
763 10 20 0 3133
763 11 12 0 3133
763 11 16 0 3133
763 21 10 0 3133
763 21 23 0 3133
763 33 27 0 3133
763 34 6 0 3133
763 50 13 0 3133
763 52 0 0 3133
763 52 31 0 3133
763 54 15 0 3133
763 58 23 0 3133
763 60 18 0 3133
763 60 26 0 3133
763 62 11 0 3133
763 68 1 0 3133
763 73 13 0 3133
763 75 25 0 3133
763 78 20 0 3133
763 82 4 0 3133
763 90 17 0 3133
763 90 28 0 3133
764 2 12 0 3133
764 3 7 0 3133
764 3 9 0 3133
764 4 6 0 3133
764 23 11 0 3133
764 24 7 0 3133
764 27 5 0 3133
764 36 12 0 3133
764 46 16 0 3133
764 48 29 0 3133
764 60 16 0 3133
764 63 3 0 3133
764 63 6 0 3133
764 65 10 0 3133
764 65 17 0 3133
764 70 18 0 3133
764 74 28 0 3133
764 77 15 0 3133
764 86 5 0 3133
764 89 18 0 3133
764 94 17 0 3133
764 96 9 0 3133
765 3 10 0 3133
765 10 27 0 3133
765 15 28 0 3133
765 19 25 0 3133
765 22 27 0 3133
765 26 16 0 3133
765 37 26 0 3133
765 40 29 0 3133
765 42 20 0 3133
765 43 3 0 3133
765 44 31 0 3133
765 59 1 0 3133
765 62 28 0 3133
765 65 31 0 3133
765 76 26 0 3133
765 81 15 0 3133
765 81 28 0 3133
766 13 29 0 3133
766 15 2 0 3133
766 18 9 0 3133
766 23 25 0 3133
766 24 8 0 3133
766 25 4 0 3133
766 27 18 0 3133
766 28 10 0 3133
766 30 21 0 3133
766 33 2 0 3133
766 40 6 0 3133
766 47 5 0 3133
766 51 23 0 3133
766 56 30 0 3133
766 60 10 0 3133
766 63 8 0 3133
766 64 26 0 3133
766 71 3 0 3133
766 71 21 0 3133
766 73 22 0 3133
766 74 16 0 3133
766 80 26 0 3133
766 80 31 0 3133
766 85 30 0 3133
766 89 29 0 3133
766 92 12 0 3133
766 98 30 0 3133
766 99 27 0 3133
767 17 13 0 3133
767 17 29 0 3133
767 27 4 0 3133
767 43 27 0 3133
767 45 23 0 3133
767 48 11 0 3133
767 48 21 0 3133
767 58 12 0 3133
767 64 31 0 3133
767 65 20 0 3133
767 72 22 0 3133
767 72 26 0 3133
767 73 17 0 3133
767 75 24 0 3133
767 75 26 0 3133
767 76 31 0 3133
767 77 22 0 3133
767 78 17 0 3133
767 82 6 0 3133
767 92 22 0 3133
767 93 25 0 3133
767 93 31 0 3133
768 1 23 0 3133
768 8 28 0 3133
768 12 24 0 3133
768 13 19 0 3133
768 14 15 0 3133
768 15 0 0 3133
768 20 0 0 3133
768 20 12 0 3133
768 42 24 0 3133
768 46 6 0 3133
768 52 13 0 3133
768 54 16 0 3133
768 55 1 0 3133
768 61 7 0 3133
768 61 16 0 3133
768 61 20 0 3133
768 70 13 0 3133
768 76 13 0 3133
768 78 17 0 3133
768 79 11 0 3133
768 87 21 0 3133
768 93 1 0 3133
769 1 16 0 3133
769 4 16 0 3133
769 8 3 0 3133
769 8 4 0 3133
769 9 11 0 3133
769 10 9 0 3133
769 16 27 0 3133
769 20 9 0 3133
769 27 17 0 3133
769 37 15 0 3133
769 40 5 0 3133
769 42 21 0 3133
769 51 15 0 3133
769 52 5 0 3133
769 53 26 0 3133
769 54 25 0 3133
769 61 4 0 3133
769 62 2 0 3133
769 62 11 0 3133
769 68 0 0 3133
769 70 17 0 3133
769 70 29 0 3133
769 76 22 0 3133
769 82 13 0 3133
769 93 22 0 3133
769 97 23 0 3133
769 99 6 0 3133
770 2 7 0 3133
770 5 9 0 3133
770 10 9 0 3133
770 10 19 0 3133
770 14 3 0 3133
770 19 20 0 3133
770 21 4 0 3133
770 24 18 0 3133
770 37 29 0 3133
770 42 29 0 3133
770 49 0 0 3133
770 60 14 0 3133
770 67 5 0 3133
770 67 6 0 3133
770 69 27 0 3133
770 77 0 0 3133
770 77 10 0 3133
770 78 29 0 3133
770 79 18 0 3133
770 86 18 0 3133
770 90 16 0 3133
770 95 3 0 3133
770 97 2 0 3133
770 97 28 0 3133
771 2 6 0 3133
771 5 17 0 3133
771 9 19 0 3133
771 12 30 0 3133
771 19 10 0 3133
771 23 29 0 3133
771 30 8 0 3133
771 44 20 0 3133
771 46 13 0 3133
771 58 13 0 3133
771 61 11 0 3133
771 63 8 0 3133
771 71 30 0 3133
771 84 17 0 3133
771 87 27 0 3133
771 89 27 0 3133
771 90 21 0 3133
771 91 5 0 3133
771 96 20 0 3133
772 6 0 0 3133
772 7 31 0 3133
772 17 30 0 3133
772 20 10 0 3133
772 32 29 0 3133
772 35 11 0 3133
772 35 17 0 3133
772 39 18 0 3133
772 42 19 0 3133
772 55 13 0 3133
772 55 30 0 3133
772 59 17 0 3133
772 59 20 0 3133
772 70 24 0 3133
772 76 3 0 3133
772 77 0 0 3133
772 83 13 0 3133
772 92 12 0 3133
772 97 24 0 3133
772 97 29 0 3133
772 98 5 0 3133
773 13 13 0 3133
773 15 16 0 3133
773 15 27 0 3133
773 30 19 0 3133
773 32 12 0 3133
773 37 26 0 3133
773 38 14 0 3133
773 45 22 0 3133
773 46 15 0 3133
773 48 30 0 3133
773 50 6 0 3133
773 54 30 0 3133
773 58 20 0 3133
773 64 18 0 3133
773 68 14 0 3133
773 71 2 0 3133
773 71 9 0 3133
773 73 27 0 3133
773 77 2 0 3133
773 77 12 0 3133
773 80 5 0 3133
773 86 26 0 3133
773 87 2 0 3133
773 93 23 0 3133
774 10 23 0 3133
774 11 26 0 3133
774 20 22 0 3133
774 24 14 0 3133
774 33 7 0 3133
774 35 31 0 3133
774 41 24 0 3133
774 44 0 0 3133
774 44 23 0 3133
774 47 30 0 3133
774 54 31 0 3133
774 62 12 0 3133
774 68 9 0 3133
774 72 14 0 3133
774 73 15 0 3133
774 82 11 0 3133
774 83 4 0 3133
774 86 18 0 3133
774 90 10 0 3133
774 98 1 0 3133
774 99 20 0 3133
774 99 23 0 3133
775 3 7 0 3133
775 4 0 0 3133
775 5 13 0 3133
775 8 4 0 3133
775 9 1 0 3133
775 9 2 0 3133
775 9 16 0 3133
775 10 23 0 3133
775 14 10 0 3133
775 21 27 0 3133
775 27 5 0 3133
775 40 14 0 3133
775 42 7 0 3133
775 53 20 0 3133
775 54 7 0 3133
775 56 10 0 3133
775 60 6 0 3133
775 70 22 0 3133
775 76 30 0 3133
775 79 14 0 3133
775 79 27 0 3133
775 87 1 0 3133
775 88 22 0 3133
775 89 2 0 3133
775 90 9 0 3133
775 98 9 0 3133
776 2 13 0 3133
776 11 0 0 3133
776 14 21 0 3133
776 20 24 0 3133
776 20 30 0 3133
776 37 1 0 3133
776 37 13 0 3133
776 38 9 0 3133
776 40 6 0 3133
776 42 13 0 3133
776 45 18 0 3133
776 46 14 0 3133
776 49 22 0 3133
776 54 23 0 3133
776 63 9 0 3133
776 68 28 0 3133
776 77 15 0 3133
776 82 27 0 3133
776 85 0 0 3133
776 88 29 0 3133
776 93 6 0 3133
776 96 23 0 3133
776 97 17 0 3133
777 1 23 0 3133
777 2 3 0 3133
777 8 21 0 3133
777 9 8 0 3133
777 21 11 0 3133
777 24 5 0 3133
777 28 13 0 3133
777 38 7 0 3133
777 41 16 0 3133
777 56 6 0 3133
777 66 14 0 3133
777 67 2 0 3133
777 69 6 0 3133
777 78 2 0 3133
777 81 0 0 3133
777 82 12 0 3133
777 84 27 0 3133
777 89 1 0 3133
777 92 0 0 3133
777 95 30 0 3133
778 1 18 0 3133
778 2 11 0 3133
778 4 17 0 3133
778 13 7 0 3133
778 16 3 0 3133
778 26 0 0 3133
778 27 28 0 3133
778 41 18 0 3133
778 43 21 0 3133
778 53 31 0 3133
778 55 1 0 3133
778 60 19 0 3133
778 62 23 0 3133
778 68 16 0 3133
778 75 29 0 3133
778 81 2 0 3133
778 81 14 0 3133
778 85 3 0 3133
778 94 27 0 3133
779 4 6 0 3133
779 8 18 0 3133
779 9 27 0 3133
779 12 19 0 3133
779 40 21 0 3133
779 44 18 0 3133
779 59 13 0 3133
779 65 3 0 3133
779 72 22 0 3133
779 73 12 0 3133
779 82 20 0 3133
779 84 18 0 3133
779 86 17 0 3133
779 91 3 0 3133
779 94 16 0 3133
779 96 8 0 3133
780 8 14 0 3133
780 11 22 0 3133
780 16 16 0 3133
780 16 19 0 3133
780 17 31 0 3133
780 25 15 0 3133
780 48 11 0 3133
780 49 1 0 3133
780 62 17 0 3133
780 70 0 0 3133
780 81 11 0 3133
780 82 15 0 3133
780 86 8 0 3133
780 92 3 0 3133
780 92 10 0 3133
780 97 18 0 3133
780 97 27 0 3133
780 100 1 0 3133
781 10 16 0 3133
781 15 20 0 3133
781 24 16 0 3133
781 30 6 0 3133
781 33 15 0 3133
781 44 0 0 3133
781 44 4 0 3133
781 60 23 0 3133
781 63 11 0 3133
781 68 2 0 3133
781 70 16 0 3133
781 70 26 0 3133
781 77 6 0 3133
781 78 17 0 3133
781 79 22 0 3133
781 85 5 0 3133
781 94 5 0 3133
781 95 30 0 3133
781 95 31 0 3133
781 96 23 0 3133
782 3 29 0 3133
782 5 12 0 3133
782 5 17 0 3133
782 5 28 0 3133
782 6 15 0 3133
782 15 19 0 3133
782 26 22 0 3133
782 30 0 0 3133
782 39 18 0 3133
782 40 11 0 3133
782 45 28 0 3133
782 49 5 0 3133
782 54 17 0 3133
782 57 0 0 3133
782 57 7 0 3133
782 58 2 0 3133
782 59 14 0 3133
782 63 26 0 3133
782 73 13 0 3133
782 74 17 0 3133
782 79 17 0 3133
782 79 27 0 3133
782 80 16 0 3133
782 87 0 0 3133
782 88 2 0 3133
782 96 10 0 3133
782 97 19 0 3133
782 97 21 0 3133
783 0 13 0 3133
783 0 22 0 3133
783 1 5 0 3133
783 1 27 0 3133
783 2 28 0 3133
783 5 12 0 3133
783 6 23 0 3133
783 9 27 0 3133
783 17 11 0 3133
783 17 26 0 3133
783 18 15 0 3133
783 19 24 0 3133
783 23 17 0 3133
783 34 5 0 3133
783 39 7 0 3133
783 42 9 0 3133
783 45 31 0 3133
783 55 10 0 3133
783 58 13 0 3133
783 61 13 0 3133
783 71 9 0 3133
783 72 28 0 3133
783 73 0 0 3133
783 73 6 0 3133
783 79 2 0 3133
783 79 26 0 3133
783 80 27 0 3133
783 82 13 0 3133
783 86 3 0 3133
783 86 10 0 3133
783 93 2 0 3133
783 94 15 0 3133
783 97 24 0 3133
784 0 16 0 3133
784 7 23 0 3133
784 14 13 0 3133
784 24 2 0 3133
784 26 29 0 3133
784 28 2 0 3133
784 39 3 0 3133
784 42 2 0 3133
784 43 0 0 3133
784 45 7 0 3133
784 50 23 0 3133
784 52 24 0 3133
784 54 17 0 3133
784 66 0 0 3133
784 66 9 0 3133
784 67 25 0 3133
784 69 13 0 3133
784 71 7 0 3133
784 71 18 0 3133
784 79 14 0 3133
784 80 17 0 3133
784 81 2 0 3133
784 81 11 0 3133
784 81 28 0 3133
784 84 16 0 3133
784 92 2 0 3133
784 99 19 0 3133
785 4 13 0 3133
785 13 18 0 3133
785 17 29 0 3133
785 34 14 0 3133
785 37 21 0 3133
785 40 21 0 3133
785 42 17 0 3133
785 44 0 0 3133
785 44 17 0 3133
785 45 22 0 3133
785 47 23 0 3133
785 53 7 0 3133
785 54 28 0 3133
785 61 19 0 3133
785 62 8 0 3133
785 88 16 0 3133
785 97 18 0 3133
785 99 4 0 3133
786 13 5 0 3133
786 19 6 0 3133
786 24 21 0 3133
786 39 27 0 3133
786 41 2 0 3133
786 42 5 0 3133
786 57 10 0 3133
786 58 5 0 3133
786 60 4 0 3133
786 60 9 0 3133
786 65 18 0 3133
786 69 15 0 3133
786 73 1 0 3133
786 80 23 0 3133
786 85 28 0 3133
786 87 10 0 3133
786 91 7 0 3133
786 95 31 0 3133
786 99 25 0 3133
787 1 0 0 3133
787 10 16 0 3133
787 13 15 0 3133
787 16 8 0 3133
787 17 7 0 3133
787 17 10 0 3133
787 17 28 0 3133
787 19 4 0 3133
787 21 6 0 3133
787 21 27 0 3133
787 25 10 0 3133
787 25 18 0 3133
787 32 4 0 3133
787 33 10 0 3133
787 40 5 0 3133
787 41 14 0 3133
787 43 12 0 3133
787 53 17 0 3133
787 56 18 0 3133
787 62 13 0 3133
787 67 20 0 3133
787 69 22 0 3133
787 74 29 0 3133
787 78 9 0 3133
787 78 18 0 3133
787 81 0 0 3133
787 82 20 0 3133
787 83 17 0 3133
787 97 0 0 3133
787 97 2 0 3133
788 9 26 0 3133
788 12 31 0 3133
788 15 11 0 3133
788 18 5 0 3133
788 19 23 0 3133
788 24 30 0 3133
788 25 23 0 3133
788 26 10 0 3133
788 34 9 0 3133
788 35 21 0 3133
788 38 23 0 3133
788 39 24 0 3133
788 43 31 0 3133
788 45 24 0 3133
788 48 18 0 3133
788 51 26 0 3133
788 56 28 0 3133
788 60 3 0 3133
788 63 30 0 3133
788 70 26 0 3133
788 72 13 0 3133
788 88 2 0 3133
788 89 15 0 3133
789 4 18 0 3133
789 6 24 0 3133
789 9 3 0 3133
789 13 15 0 3133
789 19 17 0 3133
789 27 5 0 3133
789 30 1 0 3133
789 30 5 0 3133
789 32 31 0 3133
789 41 12 0 3133
789 56 31 0 3133
789 59 20 0 3133
789 66 5 0 3133
789 70 23 0 3133
789 71 8 0 3133
789 71 17 0 3133
789 73 1 0 3133
789 77 4 0 3133
789 79 2 0 3133
789 84 4 0 3133
789 84 13 0 3133
789 88 16 0 3133
789 89 13 0 3133
789 91 1 0 3133
789 91 5 0 3133
789 93 3 0 3133
789 93 8 0 3133
790 3 20 0 3133
790 12 8 0 3133
790 13 28 0 3133
790 14 22 0 3133
790 17 11 0 3133
790 18 11 0 3133
790 25 16 0 3133
790 27 13 0 3133
790 29 2 0 3133
790 39 31 0 3133
790 40 13 0 3133
790 43 29 0 3133
790 52 17 0 3133
790 63 9 0 3133
790 71 2 0 3133
790 72 20 0 3133
790 74 26 0 3133
790 78 12 0 3133
790 84 2 0 3133
790 84 13 0 3133
790 85 14 0 3133
790 93 31 0 3133
790 98 28 0 3133
790 100 13 0 3133
791 0 0 0 3133
791 3 16 0 3133
791 9 8 0 3133
791 10 31 0 3133
791 13 29 0 3133
791 15 6 0 3133
791 39 8 0 3133
791 41 14 0 3133
791 61 31 0 3133
791 64 4 0 3133
791 72 5 0 3133
791 79 3 0 3133
791 80 19 0 3133
791 84 14 0 3133
791 88 10 0 3133
791 88 27 0 3133
791 90 5 0 3133
791 94 1 0 3133
791 94 14 0 3133
791 95 29 0 3133
792 7 9 0 3133
792 9 16 0 3133
792 32 2 0 3133
792 32 21 0 3133
792 33 11 0 3133
792 33 22 0 3133
792 39 13 0 3133
792 40 2 0 3133
792 40 10 0 3133
792 44 0 0 3133
792 44 31 0 3133
792 53 20 0 3133
792 54 7 0 3133
792 56 2 0 3133
792 60 16 0 3133
792 66 3 0 3133
792 69 23 0 3133
792 75 25 0 3133
792 78 29 0 3133
792 79 27 0 3133
792 81 26 0 3133
792 88 26 0 3133
792 95 22 0 3133
792 98 3 0 3133
793 5 27 0 3133
793 6 16 0 3133
793 22 14 0 3133
793 24 23 0 3133
793 28 12 0 3133
793 28 30 0 3133
793 30 1 0 3133
793 38 18 0 3133
793 42 23 0 3133
793 47 24 0 3133
793 50 20 0 3133
793 54 24 0 3133
793 54 27 0 3133
793 60 24 0 3133
793 61 31 0 3133
793 73 27 0 3133
793 76 6 0 3133
793 78 8 0 3133
793 85 9 0 3133
793 90 14 0 3133
793 91 19 0 3133
793 98 11 0 3133
793 100 29 0 3133
794 1 4 0 3133
794 4 5 0 3133
794 5 11 0 3133
794 5 18 0 3133
794 6 3 0 3133
794 10 23 0 3133
794 11 19 0 3133
794 24 30 0 3133
794 26 3 0 3133
794 27 10 0 3133
794 32 8 0 3133
794 35 9 0 3133
794 38 29 0 3133
794 40 12 0 3133
794 46 21 0 3133
794 51 27 0 3133
794 62 25 0 3133
794 74 3 0 3133
794 82 23 0 3133
794 82 27 0 3133
794 83 13 0 3133
794 86 28 0 3133
794 89 12 0 3133
794 92 28 0 3133
794 93 18 0 3133
794 95 13 0 3133
794 100 24 0 3133
795 6 7 0 3133
795 12 1 0 3133
795 15 7 0 3133
795 15 26 0 3133
795 16 15 0 3133
795 32 17 0 3133
795 34 25 0 3133
795 44 27 0 3133
795 47 24 0 3133
795 53 8 0 3133
795 55 29 0 3133
795 56 18 0 3133
795 59 5 0 3133
795 60 31 0 3133
795 73 27 0 3133
795 74 28 0 3133
795 77 28 0 3133
795 78 30 0 3133
795 86 8 0 3133
795 86 16 0 3133
795 95 27 0 3133
795 95 29 0 3133
795 96 7 0 3133
795 97 3 0 3133
796 2 9 0 3133
796 3 10 0 3133
796 4 19 0 3133
796 13 30 0 3133
796 16 9 0 3133
796 16 29 0 3133
796 17 10 0 3133
796 20 5 0 3133
796 25 14 0 3133
796 26 6 0 3133
796 27 29 0 3133
796 28 7 0 3133
796 33 23 0 3133
796 37 14 0 3133
796 39 1 0 3133
796 47 31 0 3133
796 61 11 0 3133
796 61 28 0 3133
796 63 1 0 3133
796 68 7 0 3133
796 68 17 0 3133
796 82 5 0 3133
796 93 25 0 3133
796 96 27 0 3133
796 97 14 0 3133
797 0 1 0 3133
797 3 28 0 3133
797 6 20 0 3133
797 11 21 0 3133
797 12 16 0 3133
797 21 9 0 3133
797 29 5 0 3133
797 31 24 0 3133
797 32 28 0 3133
797 46 13 0 3133
797 49 5 0 3133
797 49 21 0 3133
797 51 22 0 3133
797 52 1 0 3133
797 52 18 0 3133
797 55 0 0 3133
797 56 13 0 3133
797 68 11 0 3133
797 77 0 0 3133
797 84 3 0 3133
797 86 23 0 3133
797 91 18 0 3133
797 97 11 0 3133
797 100 23 0 3133
798 7 1 0 3133
798 9 1 0 3133
798 20 20 0 3133
798 21 7 0 3133
798 23 9 0 3133
798 27 6 0 3133
798 30 12 0 3133
798 46 2 0 3133
798 58 8 0 3133
798 60 8 0 3133
798 68 18 0 3133
798 74 2 0 3133
798 77 2 0 3133
798 81 7 0 3133
798 82 16 0 3133
798 84 14 0 3133
798 85 6 0 3133
798 91 15 0 3133
798 94 14 0 3133
798 100 6 0 3133
799 1 27 0 3133
799 15 8 0 3133
799 21 2 0 3133
799 30 14 0 3133
799 33 11 0 3133
799 34 4 0 3133
799 38 15 0 3133
799 49 11 0 3133
799 57 31 0 3133
799 66 31 0 3133
799 68 25 0 3133
799 79 17 0 3133
799 80 23 0 3133
799 85 28 0 3133
799 86 4 0 3133
799 86 26 0 3133
799 87 14 0 3133
799 90 28 0 3133
799 97 9 0 3133
799 99 9 0 3133
799 100 5 0 3133
800 10 18 0 3133
800 11 19 0 3133
800 14 12 0 3133
800 20 22 0 3133
800 21 0 0 3133
800 22 23 0 3133
800 25 31 0 3133
800 27 21 0 3133
800 27 26 0 3133
800 39 30 0 3133
800 43 16 0 3133
800 45 0 0 3133
800 47 12 0 3133
800 48 21 0 3133
800 49 30 0 3133
800 50 17 0 3133
800 55 2 0 3133
800 60 30 0 3133
800 63 21 0 3133
800 64 7 0 3133
800 65 20 0 3133
800 74 12 0 3133
800 74 18 0 3133
800 74 28 0 3133
800 86 7 0 3133
800 86 15 0 3133
800 98 26 0 3133
801 0 24 0 3133
801 2 15 0 3133
801 2 16 0 3133
801 3 10 0 3133
801 3 24 0 3133
801 6 27 0 3133
801 32 28 0 3133
801 42 6 0 3133
801 51 9 0 3133
801 58 25 0 3133
801 61 8 0 3133
801 69 27 0 3133
801 73 16 0 3133
801 77 12 0 3133
801 78 9 0 3133
801 81 0 0 3133
801 83 7 0 3133
801 83 21 0 3133
801 90 9 0 3133
801 93 13 0 3133
801 93 26 0 3133
801 96 17 0 3133
802 14 20 0 3133
802 16 8 0 3133
802 21 7 0 3133
802 31 9 0 3133
802 32 1 0 3133
802 38 19 0 3133
802 39 4 0 3133
802 45 22 0 3133
802 51 24 0 3133
802 68 9 0 3133
802 68 12 0 3133
802 74 6 0 3133
802 74 26 0 3133
802 79 1 0 3133
802 80 11 0 3133
802 85 26 0 3133
802 88 26 0 3133
802 89 4 0 3133
802 90 11 0 3133
802 95 19 0 3133
802 99 11 0 3133
803 0 3 0 3133
803 0 25 0 3133
803 17 8 0 3133
803 19 10 0 3133
803 28 9 0 3133
803 36 31 0 3133
803 38 3 0 3133
803 38 11 0 3133
803 41 19 0 3133
803 42 14 0 3133
803 42 27 0 3133
803 45 12 0 3133
803 46 1 0 3133
803 63 12 0 3133
803 69 27 0 3133
803 72 10 0 3133
803 72 14 0 3133
803 75 30 0 3133
803 78 24 0 3133
803 83 4 0 3133
803 87 11 0 3133
803 93 18 0 3133
804 0 17 0 3133
804 11 0 0 3133
804 21 8 0 3133
804 22 18 0 3133
804 33 9 0 3133
804 33 18 0 3133
804 33 28 0 3133
804 34 10 0 3133
804 35 31 0 3133
804 38 15 0 3133
804 42 5 0 3133
804 42 19 0 3133
804 50 10 0 3133
804 54 28 0 3133
804 62 1 0 3133
804 62 20 0 3133
804 64 7 0 3133
804 66 9 0 3133
804 67 16 0 3133
804 69 13 0 3133
804 71 18 0 3133
804 80 25 0 3133
804 81 25 0 3133
804 83 8 0 3133
804 86 14 0 3133
804 90 26 0 3133
804 92 22 0 3133
805 1 6 0 3133
805 6 20 0 3133
805 9 3 0 3133
805 14 26 0 3133
805 15 1 0 3133
805 15 15 0 3133
805 16 25 0 3133
805 19 1 0 3133
805 23 24 0 3133
805 24 27 0 3133
805 30 17 0 3133
805 31 3 0 3133
805 36 26 0 3133
805 38 26 0 3133
805 41 17 0 3133
805 44 2 0 3133
805 45 24 0 3133
805 50 2 0 3133
805 62 18 0 3133
805 66 24 0 3133
805 67 10 0 3133
805 70 8 0 3133
805 74 4 0 3133
805 75 14 0 3133
805 78 0 0 3133
805 81 0 0 3133
805 82 21 0 3133
805 86 22 0 3133
805 90 22 0 3133
805 97 27 0 3133
806 2 28 0 3133
806 9 31 0 3133
806 23 19 0 3133
806 25 30 0 3133
806 31 7 0 3133
806 41 23 0 3133
806 43 25 0 3133
806 67 30 0 3133
806 70 27 0 3133
806 78 26 0 3133
806 86 7 0 3133
806 87 12 0 3133
806 88 0 0 3133
806 92 30 0 3133
806 94 22 0 3133
806 100 28 0 3133
807 5 21 0 3133
807 14 5 0 3133
807 26 6 0 3133
807 30 25 0 3133
807 31 13 0 3133
807 33 1 0 3133
807 33 3 0 3133
807 40 0 0 3133
807 41 22 0 3133
807 45 16 0 3133
807 51 4 0 3133
807 70 26 0 3133
807 74 4 0 3133
807 81 1 0 3133
807 89 13 0 3133
807 95 22 0 3133
808 2 7 0 3133
808 6 26 0 3133
808 12 11 0 3133
808 12 27 0 3133
808 15 20 0 3133
808 15 26 0 3133
808 22 1 0 3133
808 22 25 0 3133
808 37 12 0 3133
808 51 24 0 3133
808 53 4 0 3133
808 55 2 0 3133
808 56 23 0 3133
808 62 14 0 3133
808 63 24 0 3133
808 65 11 0 3133
808 66 16 0 3133
808 75 17 0 3133
808 75 31 0 3133
808 78 18 0 3133
808 85 25 0 3133
808 89 1 0 3133
808 89 24 0 3133
808 90 29 0 3133
808 94 24 0 3133
808 94 27 0 3133
808 96 14 0 3133
808 98 9 0 3133
808 99 14 0 3133
808 100 12 0 3133
809 1 25 0 3133
809 4 12 0 3133
809 15 2 0 3133
809 31 21 0 3133
809 33 25 0 3133
809 42 2 0 3133
809 43 18 0 3133
809 44 21 0 3133
809 45 13 0 3133
809 50 1 0 3133
809 57 16 0 3133
809 58 21 0 3133
809 61 7 0 3133
809 64 6 0 3133
809 67 2 0 3133
809 70 24 0 3133
809 72 31 0 3133
809 78 10 0 3133
809 78 11 0 3133
809 79 6 0 3133
809 86 22 0 3133
809 92 17 0 3133
809 99 11 0 3133
810 0 14 0 3133
810 3 31 0 3133
810 4 21 0 3133
810 21 8 0 3133
810 22 14 0 3133
810 26 8 0 3133
810 33 17 0 3133
810 36 23 0 3133
810 40 4 0 3133
810 44 20 0 3133
810 45 4 0 3133
810 47 15 0 3133
810 62 31 0 3133
810 65 16 0 3133
810 67 22 0 3133
810 79 26 0 3133
810 85 20 0 3133
810 91 14 0 3133
810 95 15 0 3133
810 97 17 0 3133
811 1 21 0 3133
811 13 11 0 3133
811 18 23 0 3133
811 19 5 0 3133
811 19 7 0 3133
811 50 27 0 3133
811 60 20 0 3133
811 65 9 0 3133
811 67 28 0 3133
811 71 16 0 3133
811 76 17 0 3133
811 78 23 0 3133
811 80 15 0 3133
811 82 20 0 3133
811 83 20 0 3133
811 95 1 0 3133
811 99 5 0 3133
811 99 21 0 3133
812 6 12 0 3133
812 13 27 0 3133
812 15 7 0 3133
812 15 23 0 3133
812 19 22 0 3133
812 31 18 0 3133
812 31 27 0 3133
812 33 20 0 3133
812 34 27 0 3133
812 56 30 0 3133
812 60 15 0 3133
812 63 25 0 3133
812 65 1 0 3133
812 67 27 0 3133
812 71 7 0 3133
812 72 1 0 3133
812 75 15 0 3133
812 76 27 0 3133
812 79 23 0 3133
812 90 18 0 3133
812 92 16 0 3133
812 96 23 0 3133
812 97 2 0 3133
812 98 4 0 3133
812 98 30 0 3133
812 99 14 0 3133
813 4 5 0 3133
813 6 6 0 3133
813 20 29 0 3133
813 27 28 0 3133
813 34 24 0 3133
813 38 9 0 3133
813 55 0 0 3133
813 60 12 0 3133
813 62 8 0 3133
813 63 14 0 3133
813 63 17 0 3133
813 70 27 0 3133
813 71 12 0 3133
813 82 15 0 3133
813 83 31 0 3133
813 87 1 0 3133
813 88 1 0 3133
813 100 24 0 3133
814 0 20 0 3133
814 2 4 0 3133
814 4 25 0 3133
814 6 18 0 3133
814 31 14 0 3133
814 31 20 0 3133
814 39 18 0 3133
814 42 30 0 3133
814 45 21 0 3133
814 52 27 0 3133
814 56 9 0 3133
814 59 6 0 3133
814 64 17 0 3133
814 67 13 0 3133
814 70 20 0 3133
814 80 31 0 3133
814 85 24 0 3133
814 86 21 0 3133
814 86 30 0 3133
814 88 7 0 3133
814 96 8 0 3133
814 97 3 0 3133
814 99 27 0 3133
814 100 12 0 3133
815 1 29 0 3133
815 2 0 0 3133
815 2 1 0 3133
815 7 4 0 3133
815 7 17 0 3133
815 20 21 0 3133
815 24 6 0 3133
815 26 1 0 3133
815 27 0 0 3133
815 39 25 0 3133
815 53 21 0 3133
815 68 7 0 3133
815 70 8 0 3133
815 76 20 0 3133
815 82 11 0 3133
815 90 25 0 3133
815 97 21 0 3133
816 1 24 0 3133
816 5 13 0 3133
816 13 10 0 3133
816 26 13 0 3133
816 33 17 0 3133
816 34 11 0 3133
816 35 26 0 3133
816 52 6 0 3133
816 69 8 0 3133
816 70 18 0 3133
816 77 28 0 3133
816 86 20 0 3133
816 89 27 0 3133
816 92 28 0 3133
816 94 28 0 3133
816 95 4 0 3133
817 0 29 0 3133
817 11 18 0 3133
817 13 12 0 3133
817 15 12 0 3133
817 16 14 0 3133
817 18 7 0 3133
817 18 22 0 3133
817 23 18 0 3133
817 25 27 0 3133
817 27 9 0 3133
817 28 10 0 3133
817 28 15 0 3133
817 31 8 0 3133
817 31 19 0 3133
817 32 30 0 3133
817 33 16 0 3133
817 42 15 0 3133
817 53 16 0 3133
817 62 11 0 3133
817 68 18 0 3133
817 87 1 0 3133
817 89 1 0 3133
817 95 11 0 3133
818 9 27 0 3133
818 11 0 0 3133
818 15 12 0 3133
818 17 19 0 3133
818 27 10 0 3133
818 31 25 0 3133
818 33 10 0 3133
818 34 31 0 3133
818 48 29 0 3133
818 51 24 0 3133
818 55 29 0 3133
818 57 1 0 3133
818 59 23 0 3133
818 61 12 0 3133
818 63 4 0 3133
818 64 13 0 3133
818 64 27 0 3133
818 66 6 0 3133
818 67 23 0 3133
818 70 27 0 3133
818 70 30 0 3133
818 73 0 0 3133
818 73 20 0 3133
818 80 14 0 3133
818 82 15 0 3133
818 84 29 0 3133
818 86 21 0 3133
818 91 21 0 3133
819 17 3 0 3133
819 22 23 0 3133
819 23 31 0 3133
819 24 14 0 3133
819 35 10 0 3133
819 45 5 0 3133
819 58 31 0 3133
819 59 0 0 3133
819 60 23 0 3133
819 61 19 0 3133
819 62 17 0 3133
819 64 4 0 3133
819 72 1 0 3133
819 84 30 0 3133
819 85 14 0 3133
819 90 24 0 3133
819 91 22 0 3133
819 91 23 0 3133
819 91 31 0 3133
820 2 3 0 3133
820 2 20 0 3133
820 8 7 0 3133
820 11 29 0 3133
820 13 22 0 3133
820 20 26 0 3133
820 26 31 0 3133
820 29 4 0 3133
820 42 8 0 3133
820 42 27 0 3133
820 43 8 0 3133
820 43 14 0 3133
820 50 2 0 3133
820 51 25 0 3133
820 52 28 0 3133
820 52 29 0 3133
820 57 23 0 3133
820 64 25 0 3133
820 66 22 0 3133
820 69 21 0 3133
820 73 21 0 3133
820 80 6 0 3133
820 88 28 0 3133
820 93 15 0 3133
820 96 10 0 3133
820 99 13 0 3133
821 7 18 0 3133
821 8 15 0 3133
821 8 30 0 3133
821 30 4 0 3133
821 35 6 0 3133
821 38 20 0 3133
821 47 24 0 3133
821 48 29 0 3133
821 54 2 0 3133
821 60 8 0 3133
821 60 14 0 3133
821 63 27 0 3133
821 81 12 0 3133
821 85 3 0 3133
821 88 9 0 3133
821 92 15 0 3133
821 93 17 0 3133
821 95 16 0 3133
822 4 28 0 3133
822 7 13 0 3133
822 16 8 0 3133
822 16 18 0 3133
822 21 3 0 3133
822 22 21 0 3133
822 31 15 0 3133
822 37 28 0 3133
822 39 15 0 3133
822 45 26 0 3133
822 47 24 0 3133
822 52 20 0 3133
822 52 31 0 3133
822 53 4 0 3133
822 53 19 0 3133
822 57 17 0 3133
822 61 24 0 3133
822 61 27 0 3133
822 65 0 0 3133
822 66 23 0 3133
822 70 10 0 3133
822 71 14 0 3133
822 75 28 0 3133
822 81 22 0 3133
822 82 22 0 3133
822 98 4 0 3133
822 100 28 0 3133
823 8 21 0 3133
823 9 29 0 3133
823 10 5 0 3133
823 11 27 0 3133
823 14 1 0 3133
823 18 21 0 3133
823 20 12 0 3133
823 26 29 0 3133
823 38 12 0 3133
823 42 10 0 3133
823 46 12 0 3133
823 49 21 0 3133
823 51 2 0 3133
823 51 14 0 3133
823 51 17 0 3133
823 55 24 0 3133
823 55 26 0 3133
823 56 20 0 3133
823 60 10 0 3133
823 75 29 0 3133
823 77 30 0 3133
823 79 28 0 3133
823 83 25 0 3133
823 85 4 0 3133
823 85 7 0 3133
823 86 26 0 3133
823 96 1 0 3133
823 97 22 0 3133
824 1 18 0 3133
824 3 22 0 3133
824 5 26 0 3133
824 6 13 0 3133
824 6 24 0 3133
824 16 26 0 3133
824 21 0 0 3133
824 27 26 0 3133
824 30 19 0 3133
824 33 21 0 3133
824 34 29 0 3133
824 41 7 0 3133
824 42 28 0 3133
824 44 6 0 3133
824 50 11 0 3133
824 51 24 0 3133
824 53 7 0 3133
824 53 11 0 3133
824 60 6 0 3133
824 66 8 0 3133
824 72 14 0 3133
824 72 28 0 3133
824 79 0 0 3133
824 89 23 0 3133
824 94 4 0 3133
824 100 11 0 3133
825 9 29 0 3133
825 12 16 0 3133
825 17 9 0 3133
825 23 25 0 3133
825 31 3 0 3133
825 34 7 0 3133
825 38 7 0 3133
825 40 5 0 3133
825 44 19 0 3133
825 47 9 0 3133
825 59 14 0 3133
825 60 22 0 3133
825 65 10 0 3133
825 76 7 0 3133
825 76 22 0 3133
825 86 15 0 3133
825 87 10 0 3133
826 3 9 0 3133
826 3 27 0 3133
826 3 30 0 3133
826 4 12 0 3133
826 14 11 0 3133
826 14 31 0 3133
826 15 18 0 3133
826 23 13 0 3133
826 28 23 0 3133
826 31 22 0 3133
826 39 16 0 3133
826 49 4 0 3133
826 49 31 0 3133
826 62 28 0 3133
826 65 31 0 3133
826 71 22 0 3133
826 74 20 0 3133
826 80 2 0 3133
826 82 6 0 3133
826 88 28 0 3133
826 91 13 0 3133
826 92 20 0 3133
826 94 16 0 3133
826 94 31 0 3133
826 96 18 0 3133
826 97 13 0 3133
827 0 6 0 3133
827 9 17 0 3133
827 9 29 0 3133
827 10 19 0 3133
827 17 26 0 3133
827 29 11 0 3133
827 41 18 0 3133
827 48 1 0 3133
827 50 7 0 3133
827 52 25 0 3133
827 56 31 0 3133
827 61 12 0 3133
827 61 16 0 3133
827 62 22 0 3133
827 67 29 0 3133
827 75 4 0 3133
827 80 7 0 3133
827 86 5 0 3133
827 88 28 0 3133
827 98 24 0 3133
828 3 7 0 3133
828 3 18 0 3133
828 20 20 0 3133
828 21 11 0 3133
828 25 15 0 3133
828 30 20 0 3133
828 32 14 0 3133
828 33 29 0 3133
828 40 6 0 3133
828 41 10 0 3133
828 44 7 0 3133
828 50 2 0 3133
828 63 11 0 3133
828 65 0 0 3133
828 69 19 0 3133
828 86 4 0 3133
829 1 29 0 3133
829 2 0 0 3133
829 5 4 0 3133
829 6 6 0 3133
829 7 14 0 3133
829 8 20 0 3133
829 9 9 0 3133
829 10 30 0 3133
829 11 5 0 3133
829 18 7 0 3133
829 23 18 0 3133
829 29 25 0 3133
829 37 14 0 3133
829 51 0 0 3133
829 51 9 0 3133
829 53 4 0 3133
829 53 31 0 3133
829 58 18 0 3133
829 73 28 0 3133
829 75 21 0 3133
829 78 12 0 3133
829 82 0 0 3133
829 82 31 0 3133
829 88 0 0 3133
829 91 9 0 3133
830 2 10 0 3133
830 2 15 0 3133
830 4 28 0 3133
830 6 13 0 3133
830 8 30 0 3133
830 10 9 0 3133
830 21 24 0 3133
830 31 28 0 3133
830 34 16 0 3133
830 34 18 0 3133
830 38 15 0 3133
830 41 12 0 3133
830 47 0 0 3133
830 47 28 0 3133
830 48 31 0 3133
830 52 20 0 3133
830 54 3 0 3133
830 70 5 0 3133
830 70 17 0 3133
830 73 31 0 3133
830 75 10 0 3133
830 79 11 0 3133
830 96 0 0 3133
831 9 1 0 3133
831 16 17 0 3133
831 17 10 0 3133
831 20 4 0 3133
831 22 6 0 3133
831 23 20 0 3133
831 27 17 0 3133
831 29 23 0 3133
831 37 13 0 3133
831 48 22 0 3133
831 48 29 0 3133
831 51 13 0 3133
831 53 31 0 3133
831 54 31 0 3133
831 63 10 0 3133
831 65 6 0 3133
831 68 31 0 3133
831 71 15 0 3133
831 74 20 0 3133
831 78 1 0 3133
831 78 21 0 3133
831 82 6 0 3133
831 83 3 0 3133
831 93 28 0 3133
831 97 11 0 3133
831 97 30 0 3133
831 99 8 0 3133
832 3 2 0 3133
832 5 11 0 3133
832 6 14 0 3133
832 10 4 0 3133
832 10 12 0 3133
832 11 19 0 3133
832 11 25 0 3133
832 13 14 0 3133
832 20 7 0 3133
832 28 18 0 3133
832 30 8 0 3133
832 34 24 0 3133
832 38 7 0 3133
832 38 20 0 3133
832 50 19 0 3133
832 52 26 0 3133
832 56 13 0 3133
832 66 9 0 3133
832 71 20 0 3133
832 72 17 0 3133
832 88 24 0 3133
832 97 5 0 3133
832 100 0 0 3133
832 100 16 0 3133
833 12 31 0 3133
833 22 0 0 3133
833 25 29 0 3133
833 26 17 0 3133
833 28 25 0 3133
833 29 20 0 3133
833 31 25 0 3133
833 40 29 0 3133
833 41 18 0 3133
833 41 29 0 3133
833 43 1 0 3133
833 49 10 0 3133
833 51 31 0 3133
833 55 9 0 3133
833 60 21 0 3133
833 65 29 0 3133
833 67 10 0 3133
833 68 24 0 3133
833 73 16 0 3133
833 73 31 0 3133
833 75 3 0 3133
833 78 30 0 3133
833 84 21 0 3133
833 85 15 0 3133
833 99 5 0 3133
834 0 4 0 3133
834 4 15 0 3133
834 6 22 0 3133
834 11 28 0 3133
834 12 10 0 3133
834 16 23 0 3133
834 20 30 0 3133
834 22 15 0 3133
834 32 3 0 3133
834 45 29 0 3133
834 46 12 0 3133
834 50 27 0 3133
834 53 16 0 3133
834 59 13 0 3133
834 63 19 0 3133
834 71 23 0 3133
834 76 11 0 3133
834 79 25 0 3133
834 91 7 0 3133
834 94 28 0 3133
835 9 22 0 3133
835 15 3 0 3133
835 18 7 0 3133
835 19 17 0 3133
835 19 18 0 3133
835 20 21 0 3133
835 27 23 0 3133
835 35 0 0 3133
835 36 24 0 3133
835 37 27 0 3133
835 39 2 0 3133
835 57 0 0 3133
835 63 0 0 3133
835 64 2 0 3133
835 64 12 0 3133
835 67 28 0 3133
835 71 26 0 3133
835 81 31 0 3133
835 88 3 0 3133
836 1 17 0 3133
836 3 6 0 3133
836 3 23 0 3133
836 13 10 0 3133
836 15 28 0 3133
836 21 13 0 3133
836 21 22 0 3133
836 25 14 0 3133
836 34 13 0 3133
836 34 15 0 3133
836 34 21 0 3133
836 35 3 0 3133
836 40 26 0 3133
836 51 2 0 3133
836 52 10 0 3133
836 56 22 0 3133
836 63 14 0 3133
836 63 16 0 3133
836 64 25 0 3133
836 65 15 0 3133
836 67 2 0 3133
836 69 2 0 3133
836 71 17 0 3133
836 73 11 0 3133
836 74 13 0 3133
836 79 20 0 3133
836 80 8 0 3133
836 81 6 0 3133
836 84 18 0 3133
836 85 13 0 3133
836 97 4 0 3133
836 98 10 0 3133
836 98 11 0 3133
836 99 1 0 3133
837 1 13 0 3133
837 1 31 0 3133
837 15 3 0 3133
837 16 7 0 3133
837 18 22 0 3133
837 24 28 0 3133
837 25 15 0 3133
837 32 12 0 3133
837 32 22 0 3133
837 36 6 0 3133
837 37 9 0 3133
837 46 19 0 3133
837 50 1 0 3133
837 57 8 0 3133
837 57 15 0 3133
837 57 24 0 3133
837 61 21 0 3133
837 69 13 0 3133
837 69 31 0 3133
837 72 21 0 3133
837 76 7 0 3133
837 90 3 0 3133
837 97 13 0 3133
838 0 14 0 3133
838 14 3 0 3133
838 19 4 0 3133
838 21 13 0 3133
838 25 17 0 3133
838 29 19 0 3133
838 34 19 0 3133
838 38 11 0 3133
838 47 13 0 3133
838 62 22 0 3133
838 72 13 0 3133
838 78 20 0 3133
838 83 7 0 3133
838 84 17 0 3133
838 87 0 0 3133
838 88 12 0 3133
838 95 20 0 3133
839 3 28 0 3133
839 4 29 0 3133
839 16 13 0 3133
839 20 27 0 3133
839 21 2 0 3133
839 21 11 0 3133
839 24 1 0 3133
839 26 21 0 3133
839 40 23 0 3133
839 43 27 0 3133
839 45 15 0 3133
839 49 5 0 3133
839 56 31 0 3133
839 58 5 0 3133
839 64 11 0 3133
839 64 12 0 3133
839 69 30 0 3133
839 71 9 0 3133
839 72 19 0 3133
839 75 29 0 3133
839 80 6 0 3133
839 80 30 0 3133
839 88 11 0 3133
839 91 21 0 3133
839 91 30 0 3133
839 96 4 0 3133
840 3 20 0 3133
840 4 20 0 3133
840 6 7 0 3133
840 8 31 0 3133
840 22 7 0 3133
840 25 26 0 3133
840 26 3 0 3133
840 31 28 0 3133
840 32 11 0 3133
840 37 12 0 3133
840 42 7 0 3133
840 51 25 0 3133
840 55 16 0 3133
840 55 19 0 3133
840 66 9 0 3133
840 68 12 0 3133
840 77 17 0 3133
840 82 23 0 3133
840 91 7 0 3133
840 97 9 0 3133
841 3 9 0 3133
841 4 5 0 3133
841 7 16 0 3133
841 20 2 0 3133
841 23 22 0 3133
841 26 12 0 3133
841 32 22 0 3133
841 35 14 0 3133
841 40 29 0 3133
841 68 19 0 3133
841 70 4 0 3133
841 75 15 0 3133
841 76 18 0 3133
841 89 7 0 3133
841 90 7 0 3133
841 97 29 0 3133
842 2 29 0 3133
842 7 5 0 3133
842 20 12 0 3133
842 20 31 0 3133
842 21 20 0 3133
842 31 0 0 3133
842 34 21 0 3133
842 36 22 0 3133
842 41 3 0 3133
842 49 18 0 3133
842 69 20 0 3133
842 79 11 0 3133
842 79 17 0 3133
842 87 13 0 3133
842 93 1 0 3133
842 98 21 0 3133
843 1 31 0 3133
843 2 30 0 3133
843 7 27 0 3133
843 12 29 0 3133
843 26 3 0 3133
843 28 2 0 3133
843 29 27 0 3133
843 30 18 0 3133
843 31 29 0 3133
843 32 0 0 3133
843 33 30 0 3133
843 36 11 0 3133
843 41 5 0 3133
843 45 12 0 3133
843 49 13 0 3133
843 65 6 0 3133
843 79 16 0 3133
843 82 18 0 3133
843 84 2 0 3133
843 91 29 0 3133
843 92 21 0 3133
843 98 29 0 3133
844 3 11 0 3133
844 9 5 0 3133
844 10 0 0 3133
844 11 13 0 3133
844 16 8 0 3133
844 23 22 0 3133
844 25 3 0 3133
844 39 23 0 3133
844 41 30 0 3133
844 51 21 0 3133
844 51 30 0 3133
844 54 3 0 3133
844 67 1 0 3133
844 69 11 0 3133
844 69 24 0 3133
844 73 1 0 3133
844 75 8 0 3133
844 76 9 0 3133
844 81 4 0 3133
844 82 5 0 3133
844 82 27 0 3133
844 83 23 0 3133
844 87 5 0 3133
844 88 7 0 3133
844 89 17 0 3133
844 92 23 0 3133
844 96 5 0 3133
844 99 26 0 3133
844 100 7 0 3133
845 5 17 0 3133
845 7 7 0 3133
845 7 16 0 3133
845 8 1 0 3133
845 10 0 0 3133
845 13 1 0 3133
845 16 4 0 3133
845 18 12 0 3133
845 19 21 0 3133
845 42 31 0 3133
845 53 21 0 3133
845 57 17 0 3133
845 62 18 0 3133
845 62 23 0 3133
845 88 14 0 3133
845 91 8 0 3133
845 95 23 0 3133
846 3 8 0 3133
846 3 30 0 3133
846 6 15 0 3133
846 8 17 0 3133
846 10 23 0 3133
846 28 24 0 3133
846 29 15 0 3133
846 32 26 0 3133
846 37 14 0 3133
846 37 17 0 3133
846 37 26 0 3133
846 39 23 0 3133
846 40 29 0 3133
846 41 5 0 3133
846 42 19 0 3133
846 45 24 0 3133
846 46 28 0 3133
846 53 3 0 3133
846 54 31 0 3133
846 55 4 0 3133
846 60 31 0 3133
846 63 16 0 3133
846 64 14 0 3133
846 69 6 0 3133
846 74 7 0 3133
846 79 27 0 3133
846 82 21 0 3133
846 84 19 0 3133
846 85 7 0 3133
846 86 22 0 3133
846 96 31 0 3133
846 97 31 0 3133
847 10 6 0 3133
847 15 5 0 3133
847 23 1 0 3133
847 24 20 0 3133
847 35 28 0 3133
847 38 1 0 3133
847 41 1 0 3133
847 43 28 0 3133
847 43 30 0 3133
847 45 26 0 3133
847 48 0 0 3133
847 48 2 0 3133
847 53 19 0 3133
847 56 21 0 3133
847 63 6 0 3133
847 73 20 0 3133
847 73 21 0 3133
847 99 3 0 3133
848 0 16 0 3133
848 2 19 0 3133
848 2 20 0 3133
848 5 13 0 3133
848 10 4 0 3133
848 13 0 0 3133
848 14 3 0 3133
848 14 22 0 3133
848 15 11 0 3133
848 18 28 0 3133
848 26 28 0 3133
848 30 20 0 3133
848 32 0 0 3133
848 33 21 0 3133
848 37 23 0 3133
848 46 11 0 3133
848 49 1 0 3133
848 49 8 0 3133
848 53 13 0 3133
848 55 13 0 3133
848 69 15 0 3133
848 77 18 0 3133
848 78 5 0 3133
848 81 0 0 3133
848 81 2 0 3133
848 82 1 0 3133
848 89 10 0 3133
848 94 8 0 3133
848 98 18 0 3133
848 100 10 0 3133
849 0 10 0 3133
849 7 25 0 3133
849 13 6 0 3133
849 14 0 0 3133
849 15 15 0 3133
849 17 24 0 3133
849 20 7 0 3133
849 21 29 0 3133
849 25 7 0 3133
849 27 0 0 3133
849 35 22 0 3133
849 38 23 0 3133
849 40 18 0 3133
849 49 6 0 3133
849 58 29 0 3133
849 61 2 0 3133
849 61 6 0 3133
849 64 5 0 3133
849 81 24 0 3133
849 83 14 0 3133
849 88 9 0 3133
849 90 30 0 3133
849 99 28 0 3133
850 7 25 0 3133
850 13 18 0 3133
850 16 7 0 3133
850 21 28 0 3133
850 22 12 0 3133
850 28 31 0 3133
850 34 6 0 3133
850 41 24 0 3133
850 42 22 0 3133
850 46 9 0 3133
850 48 27 0 3133
850 52 23 0 3133
850 52 28 0 3133
850 53 7 0 3133
850 53 26 0 3133
850 54 9 0 3133
850 54 24 0 3133
850 55 13 0 3133
850 57 4 0 3133
850 57 16 0 3133
850 59 13 0 3133
850 65 0 0 3133
850 66 0 0 3133
850 67 30 0 3133
850 77 23 0 3133
850 78 4 0 3133
850 94 4 0 3133
850 95 1 0 3133
851 2 30 0 3133
851 6 0 0 3133
851 9 28 0 3133
851 12 14 0 3133
851 14 0 0 3133
851 14 25 0 3133
851 16 25 0 3133
851 17 1 0 3133
851 21 21 0 3133
851 32 24 0 3133
851 33 17 0 3133
851 36 14 0 3133
851 40 16 0 3133
851 45 0 0 3133
851 46 2 0 3133
851 50 12 0 3133
851 52 8 0 3133
851 56 15 0 3133
851 58 11 0 3133
851 63 13 0 3133
851 64 22 0 3133
851 75 5 0 3133
851 86 29 0 3133
851 91 13 0 3133
851 92 6 0 3133
851 94 12 0 3133
851 96 17 0 3133
852 3 25 0 3133
852 26 3 0 3133
852 27 10 0 3133
852 33 22 0 3133
852 37 30 0 3133
852 38 15 0 3133
852 38 25 0 3133
852 42 18 0 3133
852 44 20 0 3133
852 53 13 0 3133
852 53 14 0 3133
852 69 8 0 3133
852 73 18 0 3133
852 76 4 0 3133
852 76 26 0 3133
852 85 2 0 3133
852 92 31 0 3133
852 99 1 0 3133
853 1 14 0 3133
853 2 7 0 3133
853 12 11 0 3133
853 16 3 0 3133
853 17 0 0 3133
853 28 4 0 3133
853 31 25 0 3133
853 34 30 0 3133
853 35 16 0 3133
853 43 5 0 3133
853 49 12 0 3133
853 54 3 0 3133
853 57 13 0 3133
853 64 9 0 3133
853 70 3 0 3133
853 73 17 0 3133
853 74 23 0 3133
853 79 23 0 3133
853 84 2 0 3133
854 4 3 0 3133
854 4 17 0 3133
854 7 22 0 3133
854 14 13 0 3133
854 15 26 0 3133
854 18 21 0 3133
854 20 4 0 3133
854 22 25 0 3133
854 31 0 0 3133
854 33 15 0 3133
854 39 22 0 3133
854 43 30 0 3133
854 44 30 0 3133
854 49 28 0 3133
854 51 23 0 3133
854 58 9 0 3133
854 63 6 0 3133
854 65 8 0 3133
854 65 16 0 3133
854 66 25 0 3133
854 75 12 0 3133
854 78 2 0 3133
854 90 29 0 3133
854 94 31 0 3133
855 0 16 0 3133
855 6 17 0 3133
855 6 31 0 3133
855 10 18 0 3133
855 14 28 0 3133
855 19 14 0 3133
855 20 26 0 3133
855 23 29 0 3133
855 24 27 0 3133
855 32 11 0 3133
855 35 4 0 3133
855 37 8 0 3133
855 46 17 0 3133
855 59 15 0 3133
855 59 17 0 3133
855 61 6 0 3133
855 63 16 0 3133
855 76 0 0 3133
855 76 8 0 3133
855 83 16 0 3133
855 90 26 0 3133
855 92 18 0 3133
855 97 0 0 3133
855 98 15 0 3133
855 99 13 0 3133
856 0 2 0 3133
856 0 5 0 3133
856 3 8 0 3133
856 9 17 0 3133
856 17 13 0 3133
856 18 25 0 3133
856 22 7 0 3133
856 23 12 0 3133
856 25 16 0 3133
856 28 25 0 3133
856 29 25 0 3133
856 32 27 0 3133
856 40 23 0 3133
856 43 5 0 3133
856 46 1 0 3133
856 49 14 0 3133
856 57 3 0 3133
856 60 2 0 3133
856 64 23 0 3133
856 67 29 0 3133
856 69 3 0 3133
856 73 15 0 3133
856 75 19 0 3133
856 84 20 0 3133
856 84 22 0 3133
856 86 3 0 3133
856 95 26 0 3133
857 1 14 0 3133
857 19 0 0 3133
857 20 11 0 3133
857 22 1 0 3133
857 23 21 0 3133
857 25 31 0 3133
857 35 24 0 3133
857 41 25 0 3133
857 42 17 0 3133
857 50 11 0 3133
857 68 6 0 3133
857 69 29 0 3133
857 70 2 0 3133
857 76 9 0 3133
857 79 0 0 3133
857 89 25 0 3133
857 91 6 0 3133
857 91 8 0 3133
858 1 30 0 3133
858 5 19 0 3133
858 7 31 0 3133
858 19 17 0 3133
858 25 5 0 3133
858 34 12 0 3133
858 36 22 0 3133
858 37 20 0 3133
858 59 9 0 3133
858 68 12 0 3133
858 69 17 0 3133
858 75 0 0 3133
858 79 27 0 3133
858 86 0 0 3133
858 91 31 0 3133
859 1 31 0 3133
859 5 10 0 3133
859 7 5 0 3133
859 7 23 0 3133
859 19 23 0 3133
859 20 7 0 3133
859 20 19 0 3133
859 25 8 0 3133
859 25 15 0 3133
859 31 3 0 3133
859 32 0 0 3133
859 33 4 0 3133
859 42 26 0 3133
859 44 15 0 3133
859 54 6 0 3133
859 57 11 0 3133
859 57 16 0 3133
859 57 28 0 3133
859 64 31 0 3133
859 77 27 0 3133
859 79 1 0 3133
859 80 11 0 3133
860 1 19 0 3133
860 2 27 0 3133
860 6 4 0 3133
860 12 22 0 3133
860 16 8 0 3133
860 24 2 0 3133
860 37 21 0 3133
860 39 15 0 3133
860 39 29 0 3133
860 43 10 0 3133
860 46 11 0 3133
860 47 29 0 3133
860 49 29 0 3133
860 50 26 0 3133
860 51 9 0 3133
860 54 24 0 3133
860 56 17 0 3133
860 62 18 0 3133
860 67 9 0 3133
860 69 6 0 3133
860 69 9 0 3133
860 69 15 0 3133
860 72 24 0 3133
860 74 2 0 3133
860 76 25 0 3133
860 90 13 0 3133
860 92 21 0 3133
860 94 12 0 3133
860 96 22 0 3133
861 8 8 0 3133
861 10 14 0 3133
861 17 4 0 3133
861 25 26 0 3133
861 28 2 0 3133
861 32 10 0 3133
861 48 22 0 3133
861 52 21 0 3133
861 53 13 0 3133
861 55 31 0 3133
861 56 25 0 3133
861 58 5 0 3133
861 60 22 0 3133
861 77 1 0 3133
861 77 5 0 3133
861 80 30 0 3133
861 81 17 0 3133
861 88 18 0 3133
861 95 12 0 3133
861 99 27 0 3133
862 2 12 0 3133
862 10 4 0 3133
862 13 9 0 3133
862 17 9 0 3133
862 28 20 0 3133
862 29 7 0 3133
862 31 21 0 3133
862 33 7 0 3133
862 44 27 0 3133
862 48 19 0 3133
862 52 20 0 3133
862 54 1 0 3133
862 54 15 0 3133
862 54 16 0 3133
862 54 27 0 3133
862 56 13 0 3133
862 59 10 0 3133
862 62 17 0 3133
862 62 28 0 3133
862 63 31 0 3133
862 83 12 0 3133
862 87 25 0 3133
862 94 28 0 3133
862 98 5 0 3133
862 99 31 0 3133
863 4 21 0 3133
863 5 5 0 3133
863 10 2 0 3133
863 17 20 0 3133
863 20 2 0 3133
863 22 29 0 3133
863 23 4 0 3133
863 29 14 0 3133
863 30 14 0 3133
863 31 5 0 3133
863 31 21 0 3133
863 41 25 0 3133
863 50 2 0 3133
863 50 27 0 3133
863 51 3 0 3133
863 53 29 0 3133
863 54 10 0 3133
863 56 11 0 3133
863 58 19 0 3133
863 67 30 0 3133
863 74 18 0 3133
863 79 15 0 3133
863 79 23 0 3133
863 81 20 0 3133
863 82 22 0 3133
863 82 30 0 3133
864 4 6 0 3133
864 4 30 0 3133
864 10 29 0 3133
864 11 25 0 3133
864 12 6 0 3133
864 15 0 0 3133
864 18 20 0 3133
864 29 2 0 3133
864 37 11 0 3133
864 43 1 0 3133
864 52 9 0 3133
864 56 23 0 3133
864 56 29 0 3133
864 58 27 0 3133
864 59 5 0 3133
864 63 10 0 3133
864 73 22 0 3133
864 76 12 0 3133
864 77 9 0 3133
864 77 25 0 3133
864 89 27 0 3133
864 91 29 0 3133
864 92 30 0 3133
864 94 23 0 3133
864 95 29 0 3133
864 96 0 0 3133
865 5 28 0 3133
865 15 7 0 3133
865 23 0 0 3133
865 25 0 0 3133
865 25 11 0 3133
865 26 24 0 3133
865 33 10 0 3133
865 33 23 0 3133
865 52 23 0 3133
865 54 1 0 3133
865 56 6 0 3133
865 63 28 0 3133
865 64 9 0 3133
865 69 16 0 3133
865 70 18 0 3133
865 70 31 0 3133
865 79 6 0 3133
865 81 23 0 3133
865 85 18 0 3133
865 91 14 0 3133
865 91 30 0 3133
865 92 4 0 3133
865 94 19 0 3133
865 97 4 0 3133
866 2 22 0 3133
866 4 0 0 3133
866 12 12 0 3133
866 20 9 0 3133
866 24 16 0 3133
866 28 8 0 3133
866 28 28 0 3133
866 29 6 0 3133
866 33 17 0 3133
866 41 7 0 3133
866 43 5 0 3133
866 45 14 0 3133
866 49 27 0 3133
866 50 6 0 3133
866 54 21 0 3133
866 67 3 0 3133
866 67 29 0 3133
866 68 12 0 3133
866 69 16 0 3133
866 75 0 0 3133
866 80 29 0 3133
866 85 14 0 3133
866 87 8 0 3133
866 88 23 0 3133
866 89 3 0 3133
866 90 18 0 3133
866 90 28 0 3133
866 93 22 0 3133
867 7 19 0 3133
867 8 30 0 3133
867 20 16 0 3133
867 21 3 0 3133
867 21 29 0 3133
867 23 24 0 3133
867 44 13 0 3133
867 53 4 0 3133
867 55 15 0 3133
867 61 15 0 3133
867 64 11 0 3133
867 73 3 0 3133
867 74 4 0 3133
867 83 30 0 3133
867 86 27 0 3133
867 92 5 0 3133
867 93 14 0 3133
868 4 6 0 3133
868 7 23 0 3133
868 8 19 0 3133
868 13 23 0 3133
868 14 0 0 3133
868 14 30 0 3133
868 15 31 0 3133
868 23 16 0 3133
868 23 28 0 3133
868 25 3 0 3133
868 33 18 0 3133
868 44 7 0 3133
868 50 23 0 3133
868 50 26 0 3133
868 53 16 0 3133
868 55 12 0 3133
868 60 0 0 3133
868 60 3 0 3133
868 62 0 0 3133
868 63 25 0 3133
868 67 8 0 3133
868 68 2 0 3133
868 69 1 0 3133
868 80 12 0 3133
868 87 13 0 3133
868 97 9 0 3133
869 5 1 0 3133
869 5 7 0 3133
869 12 25 0 3133
869 12 31 0 3133
869 30 10 0 3133
869 31 15 0 3133
869 32 2 0 3133
869 32 24 0 3133
869 38 6 0 3133
869 42 2 0 3133
869 49 23 0 3133
869 60 7 0 3133
869 64 12 0 3133
869 64 13 0 3133
869 65 26 0 3133
869 67 28 0 3133
869 67 29 0 3133
869 73 1 0 3133
869 77 11 0 3133
870 9 24 0 3133
870 18 23 0 3133
870 18 28 0 3133
870 20 9 0 3133
870 22 24 0 3133
870 32 3 0 3133
870 33 20 0 3133
870 36 7 0 3133
870 41 20 0 3133
870 45 27 0 3133
870 47 1 0 3133
870 58 1 0 3133
870 58 29 0 3133
870 64 0 0 3133
870 64 12 0 3133
870 65 11 0 3133
870 65 22 0 3133
870 65 23 0 3133
870 68 27 0 3133
870 72 29 0 3133
870 75 12 0 3133
870 76 30 0 3133
870 80 29 0 3133
870 85 1 0 3133
870 87 17 0 3133
870 91 9 0 3133
870 93 23 0 3133
870 95 14 0 3133
870 98 3 0 3133
870 99 4 0 3133
870 99 26 0 3133
871 0 19 0 3133
871 12 2 0 3133
871 14 1 0 3133
871 15 17 0 3133
871 16 31 0 3133
871 18 1 0 3133
871 21 4 0 3133
871 21 7 0 3133
871 27 30 0 3133
871 32 28 0 3133
871 36 15 0 3133
871 37 9 0 3133
871 39 19 0 3133
871 46 12 0 3133
871 46 27 0 3133
871 53 15 0 3133
871 58 23 0 3133
871 63 28 0 3133
871 64 18 0 3133
871 65 4 0 3133
871 66 29 0 3133
871 74 17 0 3133
871 75 24 0 3133
871 77 7 0 3133
871 83 10 0 3133
871 84 26 0 3133
871 85 5 0 3133
871 91 2 0 3133
871 95 22 0 3133
871 96 2 0 3133
871 97 7 0 3133
872 1 7 0 3133
872 8 13 0 3133
872 15 21 0 3133
872 17 29 0 3133
872 19 5 0 3133
872 21 15 0 3133
872 21 26 0 3133
872 23 10 0 3133
872 24 29 0 3133
872 31 3 0 3133
872 32 15 0 3133
872 33 12 0 3133
872 36 9 0 3133
872 38 11 0 3133
872 44 7 0 3133
872 50 3 0 3133
872 54 7 0 3133
872 57 0 0 3133
872 57 4 0 3133
872 58 22 0 3133
872 59 14 0 3133
872 61 27 0 3133
872 63 15 0 3133
872 63 22 0 3133
872 63 24 0 3133
872 65 22 0 3133
872 66 29 0 3133
872 68 15 0 3133
872 72 23 0 3133
872 73 23 0 3133
872 76 16 0 3133
872 88 15 0 3133
872 94 18 0 3133
872 100 0 0 3133
873 16 31 0 3133
873 19 26 0 3133
873 32 7 0 3133
873 36 6 0 3133
873 44 19 0 3133
873 45 15 0 3133
873 76 16 0 3133
873 90 14 0 3133
873 90 19 0 3133
873 92 30 0 3133
873 96 29 0 3133
873 99 25 0 3133
874 5 14 0 3133
874 13 6 0 3133
874 13 19 0 3133
874 21 6 0 3133
874 21 11 0 3133
874 41 31 0 3133
874 45 0 0 3133
874 53 5 0 3133
874 56 0 0 3133
874 61 5 0 3133
874 63 4 0 3133
874 63 17 0 3133
874 79 21 0 3133
874 83 8 0 3133
874 86 0 0 3133
874 92 22 0 3133
875 1 18 0 3133
875 13 24 0 3133
875 15 5 0 3133
875 17 17 0 3133
875 19 20 0 3133
875 25 13 0 3133
875 28 6 0 3133
875 30 10 0 3133
875 48 31 0 3133
875 51 14 0 3133
875 51 19 0 3133
875 75 10 0 3133
875 77 18 0 3133
875 80 26 0 3133
875 86 3 0 3133
875 91 2 0 3133
875 97 19 0 3133
875 99 4 0 3133
876 2 2 0 3133
876 6 18 0 3133
876 13 21 0 3133
876 14 7 0 3133
876 16 6 0 3133
876 19 14 0 3133
876 22 11 0 3133
876 22 19 0 3133
876 23 7 0 3133
876 43 3 0 3133
876 48 16 0 3133
876 57 21 0 3133
876 69 17 0 3133
876 76 1 0 3133
876 87 13 0 3133
876 88 28 0 3133
876 89 2 0 3133
876 89 8 0 3133
876 90 13 0 3133
877 1 5 0 3133
877 2 23 0 3133
877 6 23 0 3133
877 8 29 0 3133
877 11 17 0 3133
877 14 7 0 3133
877 14 18 0 3133
877 16 7 0 3133
877 22 17 0 3133
877 22 19 0 3133
877 39 1 0 3133
877 43 0 0 3133
877 48 0 0 3133
877 60 10 0 3133
877 78 31 0 3133
877 81 10 0 3133
877 82 0 0 3133
877 83 5 0 3133
877 84 17 0 3133
877 84 29 0 3133
877 85 9 0 3133
877 87 5 0 3133
877 93 4 0 3133
877 94 16 0 3133
877 99 2 0 3133
877 100 26 0 3133
878 0 16 0 3133
878 3 16 0 3133
878 13 23 0 3133
878 16 17 0 3133
878 20 27 0 3133
878 31 1 0 3133
878 31 4 0 3133
878 33 16 0 3133
878 35 15 0 3133
878 37 9 0 3133
878 39 1 0 3133
878 58 13 0 3133
878 60 20 0 3133
878 71 4 0 3133
878 74 29 0 3133
878 75 0 0 3133
878 75 12 0 3133
878 86 10 0 3133
878 86 17 0 3133
878 86 19 0 3133
878 90 31 0 3133
878 97 25 0 3133
878 97 26 0 3133
879 2 1 0 3133
879 2 11 0 3133
879 20 30 0 3133
879 21 18 0 3133
879 28 9 0 3133
879 48 25 0 3133
879 61 8 0 3133
879 62 30 0 3133
879 73 18 0 3133
879 93 16 0 3133
879 94 17 0 3133
879 96 6 0 3133
880 3 31 0 3133
880 6 11 0 3133
880 8 3 0 3133
880 11 24 0 3133
880 20 30 0 3133
880 30 3 0 3133
880 36 10 0 3133
880 41 30 0 3133
880 43 28 0 3133
880 46 13 0 3133
880 50 18 0 3133
880 52 12 0 3133
880 52 30 0 3133
880 60 1 0 3133
880 64 14 0 3133
880 64 24 0 3133
880 65 27 0 3133
880 68 25 0 3133
880 74 29 0 3133
880 76 23 0 3133
880 78 20 0 3133
880 80 9 0 3133
880 82 24 0 3133
880 86 14 0 3133
880 96 18 0 3133
880 96 19 0 3133
880 97 23 0 3133
880 99 15 0 3133
881 1 24 0 3133
881 2 21 0 3133
881 5 23 0 3133
881 11 17 0 3133
881 12 29 0 3133
881 14 6 0 3133
881 16 0 0 3133
881 23 20 0 3133
881 29 8 0 3133
881 29 30 0 3133
881 31 27 0 3133
881 47 0 0 3133
881 52 14 0 3133
881 57 0 0 3133
881 58 22 0 3133
881 59 12 0 3133
881 61 13 0 3133
881 65 11 0 3133
881 66 9 0 3133
881 67 8 0 3133
881 84 15 0 3133
881 88 11 0 3133
881 92 5 0 3133
881 95 14 0 3133
882 6 4 0 3133
882 9 9 0 3133
882 13 8 0 3133
882 41 2 0 3133
882 41 8 0 3133
882 45 24 0 3133
882 50 18 0 3133
882 70 3 0 3133
882 72 6 0 3133
882 74 24 0 3133
882 79 13 0 3133
882 81 27 0 3133
882 83 7 0 3133
882 86 9 0 3133
882 96 31 0 3133
882 99 7 0 3133
883 6 30 0 3133
883 13 16 0 3133
883 16 25 0 3133
883 17 8 0 3133
883 23 31 0 3133
883 24 31 0 3133
883 27 15 0 3133
883 29 30 0 3133
883 31 26 0 3133
883 36 10 0 3133
883 43 19 0 3133
883 48 5 0 3133
883 52 7 0 3133
883 55 26 0 3133
883 56 16 0 3133
883 57 8 0 3133
883 63 17 0 3133
883 64 24 0 3133
883 70 9 0 3133
883 90 10 0 3133
883 92 23 0 3133
884 6 27 0 3133
884 7 1 0 3133
884 8 29 0 3133
884 11 7 0 3133
884 19 1 0 3133
884 19 6 0 3133
884 22 1 0 3133
884 33 18 0 3133
884 34 26 0 3133
884 39 15 0 3133
884 50 29 0 3133
884 54 0 0 3133
884 54 17 0 3133
884 56 9 0 3133
884 60 18 0 3133
884 62 22 0 3133
884 63 12 0 3133
884 64 0 0 3133
884 64 27 0 3133
884 65 5 0 3133
884 66 11 0 3133
884 76 18 0 3133
884 86 14 0 3133
884 88 8 0 3133
884 91 19 0 3133
884 92 19 0 3133
884 100 13 0 3133
885 18 13 0 3133
885 24 21 0 3133
885 30 21 0 3133
885 34 17 0 3133
885 35 10 0 3133
885 36 5 0 3133
885 49 22 0 3133
885 56 11 0 3133
885 61 30 0 3133
885 68 15 0 3133
885 73 18 0 3133
885 78 0 0 3133
885 80 21 0 3133
885 89 10 0 3133
885 93 14 0 3133
885 95 3 0 3133
886 3 6 0 3133
886 9 18 0 3133
886 15 9 0 3133
886 18 14 0 3133
886 28 11 0 3133
886 28 20 0 3133
886 31 29 0 3133
886 38 12 0 3133
886 47 0 0 3133
886 59 3 0 3133
886 64 16 0 3133
886 70 5 0 3133
886 71 18 0 3133
886 71 22 0 3133
886 73 29 0 3133
886 81 12 0 3133
886 85 13 0 3133
886 93 27 0 3133
886 94 25 0 3133
886 98 27 0 3133
886 100 5 0 3133
887 2 13 0 3133
887 4 19 0 3133
887 5 17 0 3133
887 5 18 0 3133
887 17 31 0 3133
887 24 7 0 3133
887 24 8 0 3133
887 29 14 0 3133
887 31 19 0 3133
887 35 18 0 3133
887 39 31 0 3133
887 41 21 0 3133
887 41 30 0 3133
887 54 25 0 3133
887 55 12 0 3133
887 55 24 0 3133
887 59 21 0 3133
887 68 29 0 3133
887 69 29 0 3133
887 83 8 0 3133
887 87 24 0 3133
887 87 26 0 3133
887 94 15 0 3133
887 95 28 0 3133
887 95 30 0 3133
887 97 7 0 3133
887 99 4 0 3133
888 17 17 0 3133
888 31 6 0 3133
888 35 5 0 3133
888 37 12 0 3133
888 43 18 0 3133
888 46 27 0 3133
888 47 15 0 3133
888 53 1 0 3133
888 53 18 0 3133
888 55 13 0 3133
888 56 5 0 3133
888 57 21 0 3133
888 57 29 0 3133
888 65 2 0 3133
888 70 17 0 3133
888 72 17 0 3133
888 78 19 0 3133
888 88 3 0 3133
888 88 17 0 3133
888 89 16 0 3133
888 94 13 0 3133
888 97 28 0 3133
889 0 9 0 3133
889 10 15 0 3133
889 18 4 0 3133
889 19 5 0 3133
889 19 11 0 3133
889 29 30 0 3133
889 44 6 0 3133
889 46 10 0 3133
889 52 15 0 3133
889 65 27 0 3133
889 71 22 0 3133
889 87 20 0 3133
889 90 2 0 3133
889 90 13 0 3133
889 93 6 0 3133
889 96 8 0 3133
889 96 27 0 3133
889 97 22 0 3133
889 99 5 0 3133
889 99 26 0 3133
890 2 30 0 3133
890 15 4 0 3133
890 16 16 0 3133
890 17 19 0 3133
890 17 26 0 3133
890 25 16 0 3133
890 27 26 0 3133
890 35 1 0 3133
890 36 8 0 3133
890 37 1 0 3133
890 37 9 0 3133
890 38 9 0 3133
890 73 18 0 3133
890 76 11 0 3133
890 77 23 0 3133
890 81 0 0 3133
890 91 14 0 3133
890 94 18 0 3133
891 0 15 0 3133
891 3 19 0 3133
891 3 24 0 3133
891 5 30 0 3133
891 12 8 0 3133
891 15 20 0 3133
891 21 3 0 3133
891 37 29 0 3133
891 39 21 0 3133
891 41 3 0 3133
891 41 16 0 3133
891 53 14 0 3133
891 54 13 0 3133
891 59 18 0 3133
891 63 9 0 3133
891 67 14 0 3133
891 69 23 0 3133
891 73 21 0 3133
891 75 15 0 3133
891 77 11 0 3133
891 79 25 0 3133
891 79 31 0 3133
891 82 8 0 3133
891 85 28 0 3133
891 91 2 0 3133
891 92 9 0 3133
891 96 18 0 3133
892 1 1 0 3133
892 2 29 0 3133
892 10 16 0 3133
892 10 26 0 3133
892 29 14 0 3133
892 31 31 0 3133
892 32 28 0 3133
892 36 30 0 3133
892 45 12 0 3133
892 52 9 0 3133
892 54 10 0 3133
892 54 29 0 3133
892 59 14 0 3133
892 64 27 0 3133
892 69 19 0 3133
892 75 0 0 3133
892 76 16 0 3133
892 77 8 0 3133
892 78 27 0 3133
892 78 29 0 3133
892 78 31 0 3133
892 81 18 0 3133
892 88 12 0 3133
892 95 22 0 3133
892 98 27 0 3133
893 3 26 0 3133
893 17 2 0 3133
893 21 11 0 3133
893 21 17 0 3133
893 24 7 0 3133
893 30 31 0 3133
893 35 25 0 3133
893 44 4 0 3133
893 48 30 0 3133
893 50 14 0 3133
893 53 2 0 3133
893 57 26 0 3133
893 58 1 0 3133
893 59 2 0 3133
893 66 14 0 3133
893 70 14 0 3133
893 72 4 0 3133
893 73 16 0 3133
893 76 22 0 3133
893 81 4 0 3133
893 83 25 0 3133
893 83 26 0 3133
893 91 21 0 3133
893 94 11 0 3133
893 99 3 0 3133
894 3 15 0 3133
894 4 31 0 3133
894 7 28 0 3133
894 9 7 0 3133
894 11 19 0 3133
894 12 18 0 3133
894 19 2 0 3133
894 26 20 0 3133
894 32 7 0 3133
894 37 30 0 3133
894 45 9 0 3133
894 48 18 0 3133
894 48 29 0 3133
894 49 23 0 3133
894 49 31 0 3133
894 57 1 0 3133
894 60 5 0 3133
894 65 19 0 3133
894 77 11 0 3133
894 77 13 0 3133
894 79 31 0 3133
894 88 28 0 3133
894 90 24 0 3133
894 93 8 0 3133
894 93 10 0 3133
894 99 7 0 3133
894 100 23 0 3133
895 1 20 0 3133
895 3 12 0 3133
895 6 28 0 3133
895 10 5 0 3133
895 11 11 0 3133
895 16 1 0 3133
895 18 20 0 3133
895 30 4 0 3133
895 51 16 0 3133
895 72 5 0 3133
895 78 20 0 3133
895 90 18 0 3133
895 92 20 0 3133
895 95 9 0 3133
895 95 13 0 3133
895 97 0 0 3133
895 99 8 0 3133
895 99 27 0 3133
896 0 6 0 3133
896 2 16 0 3133
896 6 10 0 3133
896 12 15 0 3133
896 16 29 0 3133
896 17 12 0 3133
896 27 28 0 3133
896 39 14 0 3133
896 42 7 0 3133
896 47 13 0 3133
896 57 16 0 3133
896 59 8 0 3133
896 72 26 0 3133
896 78 31 0 3133
896 90 18 0 3133
896 92 25 0 3133
897 3 12 0 3133
897 15 13 0 3133
897 15 18 0 3133
897 22 11 0 3133
897 25 11 0 3133
897 25 30 0 3133
897 26 30 0 3133
897 39 14 0 3133
897 45 22 0 3133
897 45 26 0 3133
897 59 6 0 3133
897 61 31 0 3133
897 66 10 0 3133
897 76 1 0 3133
897 86 16 0 3133
897 94 26 0 3133
897 100 8 0 3133
898 1 5 0 3133
898 5 17 0 3133
898 15 21 0 3133
898 17 12 0 3133
898 18 19 0 3133
898 24 6 0 3133
898 27 31 0 3133
898 33 2 0 3133
898 39 1 0 3133
898 39 15 0 3133
898 42 15 0 3133
898 57 15 0 3133
898 60 6 0 3133
898 62 8 0 3133
898 69 1 0 3133
898 72 21 0 3133
898 73 8 0 3133
898 75 16 0 3133
898 76 29 0 3133
898 77 21 0 3133
898 78 12 0 3133
898 81 9 0 3133
898 89 9 0 3133
898 94 25 0 3133
898 97 8 0 3133
899 1 26 0 3133
899 7 14 0 3133
899 18 9 0 3133
899 23 6 0 3133
899 28 29 0 3133
899 42 15 0 3133
899 49 30 0 3133
899 51 21 0 3133
899 56 23 0 3133
899 56 29 0 3133
899 61 5 0 3133
899 64 25 0 3133
899 65 13 0 3133
899 65 30 0 3133
899 72 4 0 3133
899 76 26 0 3133
899 78 23 0 3133
899 90 1 0 3133
899 94 4 0 3133
900 3 2 0 3133
900 6 8 0 3133
900 8 17 0 3133
900 16 20 0 3133
900 19 2 0 3133
900 24 22 0 3133
900 29 10 0 3133
900 30 22 0 3133
900 31 4 0 3133
900 37 1 0 3133
900 40 29 0 3133
900 44 5 0 3133
900 50 26 0 3133
900 51 14 0 3133
900 51 15 0 3133
900 51 24 0 3133
900 51 26 0 3133
900 53 24 0 3133
900 55 28 0 3133
900 56 30 0 3133
900 58 27 0 3133
900 65 26 0 3133
900 68 19 0 3133
900 79 26 0 3133
900 85 7 0 3133
900 87 3 0 3133
900 87 8 0 3133
900 89 24 0 3133
900 90 16 0 3133
900 91 3 0 3133
900 93 29 0 3133
900 94 3 0 3133
900 98 1 0 3133
900 100 17 0 3133
901 3 30 0 3133
901 4 1 0 3133
901 6 2 0 3133
901 11 14 0 3133
901 12 25 0 3133
901 16 3 0 3133
901 38 8 0 3133
901 40 30 0 3133
901 42 18 0 3133
901 48 9 0 3133
901 53 28 0 3133
901 62 30 0 3133
901 68 20 0 3133
901 69 31 0 3133
901 74 29 0 3133
901 75 26 0 3133
901 79 16 0 3133
901 84 20 0 3133
901 88 30 0 3133
901 89 24 0 3133
901 91 10 0 3133
901 91 27 0 3133
901 95 1 0 3133
902 2 24 0 3133
902 4 18 0 3133
902 4 27 0 3133
902 9 21 0 3133
902 12 1 0 3133
902 14 2 0 3133
902 15 1 0 3133
902 21 8 0 3133
902 28 6 0 3133
902 30 17 0 3133
902 32 23 0 3133
902 36 18 0 3133
902 42 26 0 3133
902 54 31 0 3133
902 60 23 0 3133
902 65 18 0 3133
902 74 27 0 3133
902 91 10 0 3133
902 93 7 0 3133
902 94 6 0 3133
902 95 23 0 3133
902 96 9 0 3133
902 97 17 0 3133
903 7 28 0 3133
903 9 10 0 3133
903 18 23 0 3133
903 25 25 0 3133
903 29 2 0 3133
903 35 1 0 3133
903 36 27 0 3133
903 43 7 0 3133
903 43 12 0 3133
903 43 25 0 3133
903 48 10 0 3133
903 55 19 0 3133
903 57 7 0 3133
903 58 29 0 3133
903 59 29 0 3133
903 66 16 0 3133
903 68 27 0 3133
903 77 11 0 3133
903 77 20 0 3133
903 82 7 0 3133
903 82 14 0 3133
903 84 13 0 3133
903 84 31 0 3133
903 91 3 0 3133
903 92 18 0 3133
903 96 29 0 3133
903 97 20 0 3133
903 99 26 0 3133
904 0 14 0 3133
904 2 2 0 3133
904 3 18 0 3133
904 6 20 0 3133
904 8 25 0 3133
904 10 8 0 3133
904 14 8 0 3133
904 17 21 0 3133
904 23 1 0 3133
904 23 20 0 3133
904 32 15 0 3133
904 43 22 0 3133
904 47 23 0 3133
904 48 11 0 3133
904 52 25 0 3133
904 55 4 0 3133
904 58 0 0 3133
904 68 5 0 3133
904 70 3 0 3133
904 82 5 0 3133
904 87 10 0 3133
904 88 5 0 3133
904 93 26 0 3133
904 96 6 0 3133
904 98 10 0 3133
905 0 13 0 3133
905 1 4 0 3133
905 2 5 0 3133
905 5 22 0 3133
905 7 29 0 3133
905 29 7 0 3133
905 35 9 0 3133
905 41 25 0 3133
905 42 10 0 3133
905 49 7 0 3133
905 49 16 0 3133
905 52 16 0 3133
905 55 0 0 3133
905 58 16 0 3133
905 63 8 0 3133
905 64 8 0 3133
905 68 13 0 3133
905 71 2 0 3133
905 76 31 0 3133
905 95 19 0 3133
905 98 5 0 3133
906 2 9 0 3133
906 4 3 0 3133
906 4 26 0 3133
906 6 11 0 3133
906 8 23 0 3133
906 9 8 0 3133
906 9 17 0 3133
906 11 27 0 3133
906 12 15 0 3133
906 13 13 0 3133
906 23 31 0 3133
906 29 16 0 3133
906 36 31 0 3133
906 37 30 0 3133
906 39 24 0 3133
906 42 8 0 3133
906 47 20 0 3133
906 64 10 0 3133
906 75 17 0 3133
906 80 6 0 3133
906 81 16 0 3133
906 83 31 0 3133
906 94 26 0 3133
906 94 31 0 3133
907 0 31 0 3133
907 2 21 0 3133
907 15 25 0 3133
907 17 19 0 3133
907 18 27 0 3133
907 19 30 0 3133
907 33 0 0 3133
907 35 25 0 3133
907 37 2 0 3133
907 40 17 0 3133
907 46 13 0 3133
907 46 30 0 3133
907 48 15 0 3133
907 55 10 0 3133
907 59 15 0 3133
907 63 12 0 3133
907 68 13 0 3133
907 71 1 0 3133
907 71 27 0 3133
907 78 8 0 3133
907 81 20 0 3133
907 82 0 0 3133
907 86 7 0 3133
907 88 29 0 3133
908 18 9 0 3133
908 26 16 0 3133
908 34 1 0 3133
908 35 14 0 3133
908 35 16 0 3133
908 42 21 0 3133
908 43 22 0 3133
908 45 24 0 3133
908 48 15 0 3133
908 53 6 0 3133
908 60 7 0 3133
908 68 25 0 3133
908 78 30 0 3133
908 82 22 0 3133
908 95 20 0 3133
908 97 2 0 3133
908 97 6 0 3133
908 99 19 0 3133
908 100 14 0 3133
909 0 22 0 3133
909 5 1 0 3133
909 5 10 0 3133
909 6 26 0 3133
909 12 22 0 3133
909 16 27 0 3133
909 17 7 0 3133
909 17 29 0 3133
909 18 31 0 3133
909 20 26 0 3133
909 22 26 0 3133
909 26 22 0 3133
909 27 26 0 3133
909 30 1 0 3133
909 30 24 0 3133
909 39 24 0 3133
909 40 9 0 3133
909 43 26 0 3133
909 44 13 0 3133
909 46 0 0 3133
909 61 22 0 3133
909 80 15 0 3133
909 87 31 0 3133
909 96 30 0 3133
910 1 2 0 3133
910 7 8 0 3133
910 9 0 0 3133
910 13 20 0 3133
910 22 5 0 3133
910 26 29 0 3133
910 39 5 0 3133
910 46 6 0 3133
910 57 11 0 3133
910 59 15 0 3133
910 62 26 0 3133
910 64 0 0 3133
910 64 15 0 3133
910 66 31 0 3133
910 67 25 0 3133
910 69 6 0 3133
910 72 15 0 3133
910 74 28 0 3133
910 84 30 0 3133
910 86 26 0 3133
910 87 8 0 3133
910 90 8 0 3133
910 90 16 0 3133
911 1 2 0 3133
911 4 9 0 3133
911 4 13 0 3133
911 14 27 0 3133
911 21 6 0 3133
911 25 27 0 3133
911 36 20 0 3133
911 38 24 0 3133
911 40 25 0 3133
911 41 16 0 3133
911 43 6 0 3133
911 60 7 0 3133
911 64 24 0 3133
911 66 15 0 3133
911 76 9 0 3133
911 77 7 0 3133
911 78 19 0 3133
911 83 29 0 3133
911 86 28 0 3133
911 89 31 0 3133
911 95 30 0 3133
912 7 25 0 3133
912 15 5 0 3133
912 24 18 0 3133
912 31 13 0 3133
912 46 11 0 3133
912 55 6 0 3133
912 59 13 0 3133
912 59 15 0 3133
912 67 4 0 3133
912 68 21 0 3133
912 71 30 0 3133
912 75 26 0 3133
912 78 20 0 3133
912 80 17 0 3133
912 80 20 0 3133
912 80 28 0 3133
912 83 26 0 3133
912 86 16 0 3133
912 94 31 0 3133
913 1 16 0 3133
913 10 5 0 3133
913 12 26 0 3133
913 17 28 0 3133
913 21 21 0 3133
913 27 19 0 3133
913 34 6 0 3133
913 39 26 0 3133
913 40 19 0 3133
913 49 0 0 3133
913 57 28 0 3133
913 63 19 0 3133
913 64 24 0 3133
913 70 9 0 3133
913 71 26 0 3133
913 76 19 0 3133
913 82 22 0 3133
913 83 13 0 3133
913 87 2 0 3133
913 92 30 0 3133
913 94 24 0 3133
913 95 21 0 3133
913 99 22 0 3133
914 2 12 0 3133
914 4 5 0 3133
914 4 17 0 3133
914 6 21 0 3133
914 7 16 0 3133
914 12 25 0 3133
914 13 16 0 3133
914 15 12 0 3133
914 19 4 0 3133
914 25 2 0 3133
914 28 17 0 3133
914 38 1 0 3133
914 40 26 0 3133
914 43 14 0 3133
914 45 24 0 3133
914 51 1 0 3133
914 53 28 0 3133
914 54 4 0 3133
914 70 1 0 3133
914 70 23 0 3133
914 71 4 0 3133
914 72 26 0 3133
914 74 16 0 3133
914 74 26 0 3133
914 77 4 0 3133
914 80 16 0 3133
914 86 23 0 3133
914 87 14 0 3133
914 100 18 0 3133
915 7 0 0 3133
915 7 10 0 3133
915 7 19 0 3133
915 13 29 0 3133
915 22 8 0 3133
915 25 8 0 3133
915 27 18 0 3133
915 28 8 0 3133
915 29 3 0 3133
915 29 20 0 3133
915 43 16 0 3133
915 44 7 0 3133
915 45 15 0 3133
915 69 31 0 3133
915 70 6 0 3133
915 71 9 0 3133
915 73 21 0 3133
915 85 8 0 3133
915 88 3 0 3133
915 90 4 0 3133
915 95 10 0 3133
916 8 6 0 3133
916 8 21 0 3133
916 13 12 0 3133
916 25 24 0 3133
916 30 20 0 3133
916 39 11 0 3133
916 43 20 0 3133
916 45 2 0 3133
916 50 21 0 3133
916 59 26 0 3133
916 61 16 0 3133
916 63 10 0 3133
916 64 20 0 3133
916 67 20 0 3133
916 67 21 0 3133
916 70 22 0 3133
916 74 30 0 3133
916 81 27 0 3133
916 82 11 0 3133
916 83 18 0 3133
916 91 9 0 3133
916 92 23 0 3133
916 93 28 0 3133
916 99 6 0 3133
917 5 5 0 3133
917 7 12 0 3133
917 13 19 0 3133
917 15 21 0 3133
917 16 29 0 3133
917 33 19 0 3133
917 34 0 0 3133
917 37 11 0 3133
917 43 5 0 3133
917 44 29 0 3133
917 45 15 0 3133
917 46 10 0 3133
917 50 10 0 3133
917 62 0 0 3133
917 62 2 0 3133
917 69 23 0 3133
917 71 7 0 3133
917 77 25 0 3133
917 84 20 0 3133
917 84 28 0 3133
917 89 13 0 3133
917 95 27 0 3133
918 0 10 0 3133
918 3 0 0 3133
918 5 12 0 3133
918 9 21 0 3133
918 15 23 0 3133
918 15 28 0 3133
918 16 19 0 3133
918 21 23 0 3133
918 25 3 0 3133
918 25 23 0 3133
918 25 31 0 3133
918 32 8 0 3133
918 36 1 0 3133
918 40 20 0 3133
918 40 24 0 3133
918 42 19 0 3133
918 44 26 0 3133
918 45 29 0 3133
918 69 11 0 3133
918 78 2 0 3133
918 80 27 0 3133
918 84 21 0 3133
918 100 16 0 3133
919 1 31 0 3133
919 6 1 0 3133
919 9 13 0 3133
919 12 21 0 3133
919 14 21 0 3133
919 22 23 0 3133
919 24 22 0 3133
919 36 19 0 3133
919 44 25 0 3133
919 45 9 0 3133
919 52 5 0 3133
919 60 1 0 3133
919 67 4 0 3133
919 83 28 0 3133
919 86 27 0 3133
919 96 15 0 3133
919 96 20 0 3133
919 99 23 0 3133
920 0 5 0 3133
920 14 4 0 3133
920 15 3 0 3133
920 21 6 0 3133
920 21 28 0 3133
920 25 31 0 3133
920 27 6 0 3133
920 29 12 0 3133
920 30 6 0 3133
920 41 20 0 3133
920 46 13 0 3133
920 47 29 0 3133
920 49 31 0 3133
920 52 19 0 3133
920 54 22 0 3133
920 58 26 0 3133
920 60 8 0 3133
920 60 9 0 3133
920 62 22 0 3133
920 63 15 0 3133
920 63 31 0 3133
920 69 16 0 3133
920 72 11 0 3133
920 76 10 0 3133
920 91 24 0 3133
920 95 3 0 3133
920 97 28 0 3133
921 2 12 0 3133
921 2 30 0 3133
921 10 19 0 3133
921 17 26 0 3133
921 23 30 0 3133
921 30 11 0 3133
921 39 11 0 3133
921 40 7 0 3133
921 41 5 0 3133
921 41 8 0 3133
921 46 6 0 3133
921 50 10 0 3133
921 55 27 0 3133
921 56 20 0 3133
921 57 31 0 3133
921 62 24 0 3133
921 63 24 0 3133
921 74 20 0 3133
921 77 3 0 3133
921 78 15 0 3133
921 81 26 0 3133
921 82 3 0 3133
921 88 24 0 3133
921 91 10 0 3133
921 92 13 0 3133
921 96 21 0 3133
921 97 1 0 3133
922 0 18 0 3133
922 8 6 0 3133
922 13 11 0 3133
922 17 4 0 3133
922 19 26 0 3133
922 20 4 0 3133
922 23 12 0 3133
922 35 2 0 3133
922 36 6 0 3133
922 45 12 0 3133
922 50 10 0 3133
922 57 7 0 3133
922 63 21 0 3133
922 67 7 0 3133
922 68 12 0 3133
922 80 13 0 3133
922 82 29 0 3133
922 86 17 0 3133
922 89 22 0 3133
923 0 18 0 3133
923 1 5 0 3133
923 9 0 0 3133
923 25 20 0 3133
923 32 19 0 3133
923 35 4 0 3133
923 36 5 0 3133
923 40 4 0 3133
923 40 14 0 3133
923 42 31 0 3133
923 45 9 0 3133
923 45 26 0 3133
923 56 11 0 3133
923 56 24 0 3133
923 64 18 0 3133
923 74 9 0 3133
923 84 25 0 3133
923 91 13 0 3133
923 93 27 0 3133
924 1 31 0 3133
924 4 22 0 3133
924 11 17 0 3133
924 15 12 0 3133
924 16 14 0 3133
924 18 19 0 3133
924 19 20 0 3133
924 25 15 0 3133
924 29 29 0 3133
924 39 5 0 3133
924 40 5 0 3133
924 43 9 0 3133
924 46 19 0 3133
924 48 3 0 3133
924 51 30 0 3133
924 55 4 0 3133
924 56 21 0 3133
924 74 23 0 3133
924 76 14 0 3133
924 76 26 0 3133
924 80 5 0 3133
924 93 18 0 3133
925 8 3 0 3133
925 11 15 0 3133
925 12 1 0 3133
925 15 14 0 3133
925 16 8 0 3133
925 16 24 0 3133
925 29 5 0 3133
925 29 10 0 3133
925 32 30 0 3133
925 55 16 0 3133
925 57 31 0 3133
925 79 11 0 3133
925 84 15 0 3133
925 89 17 0 3133
926 3 19 0 3133
926 7 22 0 3133
926 16 21 0 3133
926 18 30 0 3133
926 24 3 0 3133
926 32 21 0 3133
926 35 29 0 3133
926 37 23 0 3133
926 42 22 0 3133
926 44 20 0 3133
926 44 22 0 3133
926 54 20 0 3133
926 56 3 0 3133
926 60 31 0 3133
926 68 28 0 3133
926 72 16 0 3133
926 79 7 0 3133
926 81 11 0 3133
926 88 6 0 3133
926 94 30 0 3133
926 96 1 0 3133
926 99 15 0 3133
926 100 4 0 3133
926 100 20 0 3133
927 0 16 0 3133
927 4 24 0 3133
927 9 25 0 3133
927 12 3 0 3133
927 15 0 0 3133
927 16 21 0 3133
927 19 13 0 3133
927 23 21 0 3133
927 32 13 0 3133
927 61 15 0 3133
927 66 22 0 3133
927 71 30 0 3133
927 73 27 0 3133
927 78 9 0 3133
927 80 1 0 3133
927 82 22 0 3133
927 83 24 0 3133
927 84 18 0 3133
927 88 29 0 3133
927 89 18 0 3133
927 96 4 0 3133
927 96 8 0 3133
928 1 31 0 3133
928 14 3 0 3133
928 23 6 0 3133
928 35 5 0 3133
928 37 3 0 3133
928 46 13 0 3133
928 47 14 0 3133
928 58 1 0 3133
928 59 30 0 3133
928 60 4 0 3133
928 68 1 0 3133
928 80 4 0 3133
928 80 25 0 3133
928 81 22 0 3133
928 82 16 0 3133
928 86 28 0 3133
928 95 17 0 3133
928 95 29 0 3133
928 98 5 0 3133
928 99 10 0 3133
929 5 22 0 3133
929 6 3 0 3133
929 11 6 0 3133
929 21 30 0 3133
929 26 19 0 3133
929 28 30 0 3133
929 33 20 0 3133
929 39 20 0 3133
929 55 31 0 3133
929 57 29 0 3133
929 58 0 0 3133
929 58 23 0 3133
929 62 10 0 3133
929 63 0 0 3133
929 64 23 0 3133
929 72 3 0 3133
929 73 27 0 3133
929 76 1 0 3133
929 76 27 0 3133
929 83 19 0 3133
929 91 13 0 3133
929 94 8 0 3133
929 99 1 0 3133
930 4 29 0 3133
930 5 12 0 3133
930 8 25 0 3133
930 11 12 0 3133
930 12 5 0 3133
930 14 12 0 3133
930 16 3 0 3133
930 16 20 0 3133
930 17 9 0 3133
930 17 28 0 3133
930 18 5 0 3133
930 18 19 0 3133
930 27 1 0 3133
930 27 16 0 3133
930 28 5 0 3133
930 30 17 0 3133
930 32 17 0 3133
930 38 19 0 3133
930 42 28 0 3133
930 43 19 0 3133
930 54 31 0 3133
930 56 4 0 3133
930 62 16 0 3133
930 62 25 0 3133
930 65 26 0 3133
930 75 25 0 3133
930 76 0 0 3133
930 77 23 0 3133
930 78 27 0 3133
930 80 28 0 3133
930 82 3 0 3133
930 94 5 0 3133
930 97 29 0 3133
930 99 7 0 3133
931 4 2 0 3133
931 12 1 0 3133
931 13 25 0 3133
931 16 25 0 3133
931 22 27 0 3133
931 23 5 0 3133
931 28 18 0 3133
931 32 15 0 3133
931 34 28 0 3133
931 45 19 0 3133
931 47 30 0 3133
931 50 7 0 3133
931 50 13 0 3133
931 59 20 0 3133
931 60 11 0 3133
931 71 11 0 3133
931 71 29 0 3133
932 3 3 0 3133
932 4 20 0 3133
932 11 9 0 3133
932 14 11 0 3133
932 22 12 0 3133
932 32 11 0 3133
932 32 30 0 3133
932 34 19 0 3133
932 38 0 0 3133
932 45 22 0 3133
932 55 30 0 3133
932 57 26 0 3133
932 62 17 0 3133
932 63 28 0 3133
932 64 15 0 3133
932 66 12 0 3133
932 67 7 0 3133
932 77 31 0 3133
932 81 26 0 3133
933 2 10 0 3133
933 13 21 0 3133
933 25 27 0 3133
933 29 21 0 3133
933 45 14 0 3133
933 48 30 0 3133
933 50 15 0 3133
933 59 15 0 3133
933 65 18 0 3133
933 67 24 0 3133
933 70 6 0 3133
933 71 28 0 3133
933 74 25 0 3133
933 75 4 0 3133
933 75 8 0 3133
933 78 20 0 3133
933 81 29 0 3133
933 85 10 0 3133
933 87 7 0 3133
933 87 31 0 3133
933 90 31 0 3133
933 92 4 0 3133
933 92 21 0 3133
933 98 10 0 3133
934 0 0 0 3133
934 10 20 0 3133
934 10 27 0 3133
934 11 30 0 3133
934 12 2 0 3133
934 13 0 0 3133
934 14 17 0 3133
934 14 31 0 3133
934 23 5 0 3133
934 26 23 0 3133
934 26 24 0 3133
934 30 7 0 3133
934 31 24 0 3133
934 36 7 0 3133
934 37 25 0 3133
934 41 1 0 3133
934 41 24 0 3133
934 41 28 0 3133
934 42 29 0 3133
934 43 29 0 3133
934 45 0 0 3133
934 46 31 0 3133
934 49 28 0 3133
934 58 8 0 3133
934 58 27 0 3133
934 79 19 0 3133
934 81 3 0 3133
934 88 2 0 3133
934 91 0 0 3133
935 0 2 0 3133
935 10 5 0 3133
935 36 6 0 3133
935 46 15 0 3133
935 50 8 0 3133
935 53 24 0 3133
935 57 14 0 3133
935 58 24 0 3133
935 58 27 0 3133
935 68 5 0 3133
935 72 9 0 3133
935 78 13 0 3133
935 89 15 0 3133
935 94 6 0 3133
935 94 17 0 3133
935 94 19 0 3133
935 94 26 0 3133
935 98 12 0 3133
935 98 22 0 3133
935 99 24 0 3133
936 2 24 0 3133
936 2 27 0 3133
936 12 28 0 3133
936 26 3 0 3133
936 29 8 0 3133
936 43 25 0 3133
936 44 28 0 3133
936 49 7 0 3133
936 51 31 0 3133
936 57 17 0 3133
936 58 0 0 3133
936 66 1 0 3133
936 69 4 0 3133
936 69 17 0 3133
936 96 9 0 3133
937 2 22 0 3133
937 4 10 0 3133
937 5 31 0 3133
937 7 26 0 3133
937 15 8 0 3133
937 22 6 0 3133
937 25 3 0 3133
937 25 5 0 3133
937 26 8 0 3133
937 44 11 0 3133
937 46 9 0 3133
937 47 5 0 3133
937 51 8 0 3133
937 58 1 0 3133
937 60 20 0 3133
937 81 7 0 3133
937 81 11 0 3133
937 96 21 0 3133
937 98 14 0 3133
937 99 30 0 3133
937 100 22 0 3133
938 14 25 0 3133
938 21 4 0 3133
938 30 24 0 3133
938 33 18 0 3133
938 55 17 0 3133
938 60 17 0 3133
938 72 9 0 3133
938 72 24 0 3133
938 73 15 0 3133
938 78 9 0 3133
938 79 27 0 3133
938 80 0 0 3133
938 88 11 0 3133
938 95 20 0 3133
938 96 18 0 3133
938 98 25 0 3133
939 9 26 0 3133
939 10 3 0 3133
939 10 29 0 3133
939 14 14 0 3133
939 15 29 0 3133
939 16 19 0 3133
939 20 22 0 3133
939 22 27 0 3133
939 28 13 0 3133
939 35 20 0 3133
939 36 24 0 3133
939 40 14 0 3133
939 46 6 0 3133
939 47 21 0 3133
939 51 14 0 3133
939 52 15 0 3133
939 57 28 0 3133
939 71 18 0 3133
939 73 28 0 3133
939 78 28 0 3133
939 79 28 0 3133
939 85 10 0 3133
939 85 11 0 3133
939 92 7 0 3133
939 96 25 0 3133
940 3 8 0 3133
940 17 12 0 3133
940 17 21 0 3133
940 19 17 0 3133
940 21 24 0 3133
940 22 8 0 3133
940 22 22 0 3133
940 28 26 0 3133
940 34 23 0 3133
940 36 17 0 3133
940 37 18 0 3133
940 41 12 0 3133
940 45 5 0 3133
940 57 2 0 3133
940 60 30 0 3133
940 64 12 0 3133
940 67 2 0 3133
940 71 25 0 3133
940 79 20 0 3133
940 92 31 0 3133
941 4 20 0 3133
941 4 24 0 3133
941 13 4 0 3133
941 14 7 0 3133
941 17 7 0 3133
941 18 12 0 3133
941 19 2 0 3133
941 26 0 0 3133
941 32 10 0 3133
941 40 30 0 3133
941 43 6 0 3133
941 43 8 0 3133
941 43 26 0 3133
941 45 8 0 3133
941 52 11 0 3133
941 54 27 0 3133
941 61 17 0 3133
941 62 5 0 3133
941 70 6 0 3133
941 80 24 0 3133
941 80 27 0 3133
941 81 15 0 3133
941 88 19 0 3133
941 89 15 0 3133
941 90 1 0 3133
941 98 21 0 3133
941 98 27 0 3133
942 0 9 0 3133
942 2 18 0 3133
942 3 26 0 3133
942 8 23 0 3133
942 27 16 0 3133
942 28 23 0 3133
942 34 21 0 3133
942 36 31 0 3133
942 38 2 0 3133
942 55 6 0 3133
942 76 28 0 3133
942 81 9 0 3133
942 84 17 0 3133
942 86 16 0 3133
942 89 16 0 3133
942 99 7 0 3133
943 7 24 0 3133
943 11 1 0 3133
943 15 20 0 3133
943 18 2 0 3133
943 25 30 0 3133
943 28 9 0 3133
943 46 5 0 3133
943 59 23 0 3133
943 73 31 0 3133
943 77 23 0 3133
943 78 25 0 3133
943 81 18 0 3133
943 84 8 0 3133
943 92 31 0 3133
943 94 30 0 3133
943 97 24 0 3133
943 100 20 0 3133
944 1 16 0 3133
944 24 17 0 3133
944 25 17 0 3133
944 26 19 0 3133
944 38 10 0 3133
944 39 2 0 3133
944 39 19 0 3133
944 50 21 0 3133
944 58 25 0 3133
944 63 7 0 3133
944 74 25 0 3133
944 79 14 0 3133
944 82 0 0 3133
944 86 1 0 3133
944 87 8 0 3133
944 90 20 0 3133
944 90 21 0 3133
944 100 30 0 3133
945 0 10 0 3133
945 6 12 0 3133
945 6 28 0 3133
945 17 14 0 3133
945 34 18 0 3133
945 38 5 0 3133
945 40 13 0 3133
945 40 27 0 3133
945 45 22 0 3133
945 57 27 0 3133
945 63 11 0 3133
945 66 21 0 3133
945 71 9 0 3133
945 72 19 0 3133
945 73 14 0 3133
945 73 18 0 3133
945 90 20 0 3133
945 94 29 0 3133
946 4 25 0 3133
946 9 8 0 3133
946 10 28 0 3133
946 12 14 0 3133
946 13 30 0 3133
946 14 7 0 3133
946 18 22 0 3133
946 24 28 0 3133
946 25 16 0 3133
946 26 27 0 3133
946 29 27 0 3133
946 33 17 0 3133
946 35 2 0 3133
946 37 31 0 3133
946 39 0 0 3133
946 43 8 0 3133
946 54 0 0 3133
946 57 8 0 3133
946 59 3 0 3133
946 64 21 0 3133
946 68 19 0 3133
946 74 9 0 3133
946 74 19 0 3133
946 74 25 0 3133
946 89 15 0 3133
946 92 9 0 3133
946 93 11 0 3133
947 1 31 0 3133
947 2 26 0 3133
947 4 15 0 3133
947 10 25 0 3133
947 12 2 0 3133
947 13 9 0 3133
947 17 5 0 3133
947 18 19 0 3133
947 38 16 0 3133
947 44 22 0 3133
947 46 21 0 3133
947 47 23 0 3133
947 72 20 0 3133
947 74 27 0 3133
947 96 18 0 3133
947 97 27 0 3133
947 100 15 0 3133
948 0 20 0 3133
948 2 7 0 3133
948 2 10 0 3133
948 16 16 0 3133
948 17 21 0 3133
948 21 14 0 3133
948 24 12 0 3133
948 26 11 0 3133
948 39 8 0 3133
948 40 0 0 3133
948 41 31 0 3133
948 45 29 0 3133
948 46 18 0 3133
948 49 4 0 3133
948 50 26 0 3133
948 53 22 0 3133
948 55 8 0 3133
948 65 21 0 3133
948 67 13 0 3133
948 80 8 0 3133
948 87 1 0 3133
948 89 0 0 3133
948 93 29 0 3133
948 98 22 0 3133
949 1 6 0 3133
949 4 17 0 3133
949 5 4 0 3133
949 12 1 0 3133
949 16 17 0 3133
949 17 29 0 3133
949 31 24 0 3133
949 34 28 0 3133
949 45 24 0 3133
949 53 8 0 3133
949 54 19 0 3133
949 57 25 0 3133
949 63 8 0 3133
949 63 22 0 3133
949 68 15 0 3133
949 73 27 0 3133
949 77 16 0 3133
949 78 4 0 3133
949 83 20 0 3133
949 95 12 0 3133
949 99 15 0 3133
950 1 21 0 3133
950 10 12 0 3133
950 15 4 0 3133
950 26 20 0 3133
950 27 28 0 3133
950 28 3 0 3133
950 28 26 0 3133
950 36 7 0 3133
950 44 7 0 3133
950 44 9 0 3133
950 46 25 0 3133
950 48 23 0 3133
950 51 14 0 3133
950 56 19 0 3133
950 59 0 0 3133
950 60 28 0 3133
950 61 19 0 3133
950 65 21 0 3133
950 75 3 0 3133
950 75 10 0 3133
950 85 21 0 3133
950 87 24 0 3133
950 91 23 0 3133
950 95 7 0 3133
950 95 10 0 3133
950 98 7 0 3133
951 2 30 0 3133
951 7 13 0 3133
951 7 24 0 3133
951 14 7 0 3133
951 16 25 0 3133
951 27 5 0 3133
951 30 16 0 3133
951 32 30 0 3133
951 36 10 0 3133
951 40 24 0 3133
951 42 11 0 3133
951 42 30 0 3133
951 54 14 0 3133
951 58 2 0 3133
951 60 28 0 3133
951 61 15 0 3133
951 68 17 0 3133
951 70 4 0 3133
951 72 26 0 3133
951 78 7 0 3133
951 79 31 0 3133
951 82 29 0 3133
951 83 5 0 3133
951 87 15 0 3133
951 89 21 0 3133
951 92 29 0 3133
951 98 0 0 3133
951 100 24 0 3133
952 5 28 0 3133
952 6 19 0 3133
952 7 29 0 3133
952 8 9 0 3133
952 10 31 0 3133
952 15 21 0 3133
952 47 8 0 3133
952 47 19 0 3133
952 48 13 0 3133
952 49 4 0 3133
952 57 1 0 3133
952 63 30 0 3133
952 66 16 0 3133
952 71 3 0 3133
952 72 10 0 3133
952 75 22 0 3133
952 78 23 0 3133
952 85 18 0 3133
952 88 20 0 3133
952 91 27 0 3133
953 4 9 0 3133
953 14 28 0 3133
953 20 22 0 3133
953 22 4 0 3133
953 25 13 0 3133
953 25 15 0 3133
953 31 19 0 3133
953 32 2 0 3133
953 32 21 0 3133
953 37 5 0 3133
953 40 9 0 3133
953 42 13 0 3133
953 45 0 0 3133
953 48 4 0 3133
953 49 14 0 3133
953 50 3 0 3133
953 51 24 0 3133
953 56 9 0 3133
953 59 16 0 3133
953 60 19 0 3133
953 68 19 0 3133
953 69 25 0 3133
953 73 12 0 3133
953 76 9 0 3133
953 83 4 0 3133
953 87 24 0 3133
953 96 22 0 3133
954 1 9 0 3133
954 3 19 0 3133
954 6 27 0 3133
954 7 12 0 3133
954 8 24 0 3133
954 11 22 0 3133
954 12 6 0 3133
954 17 19 0 3133
954 21 16 0 3133
954 23 23 0 3133
954 24 10 0 3133
954 27 0 0 3133
954 28 29 0 3133
954 32 27 0 3133
954 33 11 0 3133
954 40 14 0 3133
954 43 3 0 3133
954 44 20 0 3133
954 54 26 0 3133
954 56 10 0 3133
954 62 10 0 3133
954 69 11 0 3133
954 73 20 0 3133
954 76 24 0 3133
954 84 29 0 3133
954 87 27 0 3133
954 89 17 0 3133
954 91 7 0 3133
954 95 22 0 3133
954 96 9 0 3133
954 96 13 0 3133
955 0 14 0 3133
955 0 25 0 3133
955 4 19 0 3133
955 11 14 0 3133
955 16 26 0 3133
955 22 31 0 3133
955 29 12 0 3133
955 61 7 0 3133
955 66 11 0 3133
955 67 6 0 3133
955 71 19 0 3133
955 72 5 0 3133
955 74 8 0 3133
955 82 11 0 3133
955 86 27 0 3133
955 88 21 0 3133
955 90 5 0 3133
955 97 18 0 3133
956 1 6 0 3133
956 7 23 0 3133
956 16 28 0 3133
956 19 7 0 3133
956 20 17 0 3133
956 25 9 0 3133
956 34 17 0 3133
956 45 29 0 3133
956 46 5 0 3133
956 48 21 0 3133
956 56 21 0 3133
956 62 23 0 3133
956 75 8 0 3133
956 78 5 0 3133
957 11 6 0 3133
957 13 9 0 3133
957 21 10 0 3133
957 41 6 0 3133
957 42 2 0 3133
957 45 11 0 3133
957 53 24 0 3133
957 56 23 0 3133
957 58 4 0 3133
957 61 25 0 3133
957 62 18 0 3133
957 63 13 0 3133
957 70 19 0 3133
957 72 17 0 3133
957 76 26 0 3133
957 85 10 0 3133
957 87 0 0 3133
957 87 15 0 3133
957 90 27 0 3133
958 6 3 0 3133
958 10 27 0 3133
958 12 8 0 3133
958 21 13 0 3133
958 26 7 0 3133
958 30 2 0 3133
958 32 21 0 3133
958 58 16 0 3133
958 59 23 0 3133
958 62 1 0 3133
958 70 7 0 3133
958 71 19 0 3133
958 84 0 0 3133
958 84 21 0 3133
958 85 3 0 3133
958 88 29 0 3133
958 90 12 0 3133
958 91 6 0 3133
959 3 20 0 3133
959 5 20 0 3133
959 6 29 0 3133
959 7 29 0 3133
959 11 13 0 3133
959 17 23 0 3133
959 18 16 0 3133
959 24 22 0 3133
959 27 8 0 3133
959 43 1 0 3133
959 45 11 0 3133
959 46 19 0 3133
959 50 11 0 3133
959 60 28 0 3133
959 61 26 0 3133
959 63 13 0 3133
959 63 31 0 3133
959 66 24 0 3133
959 67 23 0 3133
959 67 25 0 3133
959 76 14 0 3133
959 80 10 0 3133
959 95 12 0 3133
959 96 11 0 3133
960 0 8 0 3133
960 0 12 0 3133
960 9 24 0 3133
960 13 0 0 3133
960 13 26 0 3133
960 15 22 0 3133
960 21 2 0 3133
960 21 15 0 3133
960 28 21 0 3133
960 35 29 0 3133
960 50 28 0 3133
960 55 31 0 3133
960 56 14 0 3133
960 62 0 0 3133
960 71 20 0 3133
960 72 26 0 3133
960 76 4 0 3133
960 76 20 0 3133
960 77 24 0 3133
960 87 10 0 3133
960 88 31 0 3133
960 91 8 0 3133
960 97 20 0 3133
960 98 13 0 3133
961 5 16 0 3133
961 6 4 0 3133
961 7 7 0 3133
961 14 19 0 3133
961 17 26 0 3133
961 22 20 0 3133
961 23 31 0 3133
961 24 31 0 3133
961 35 13 0 3133
961 45 19 0 3133
961 51 14 0 3133
961 53 17 0 3133
961 57 6 0 3133
961 71 17 0 3133
961 72 1 0 3133
961 78 28 0 3133
961 79 20 0 3133
961 80 3 0 3133
961 81 27 0 3133
961 89 12 0 3133
961 91 26 0 3133
961 97 2 0 3133
962 3 28 0 3133
962 4 12 0 3133
962 9 17 0 3133
962 10 26 0 3133
962 12 11 0 3133
962 12 14 0 3133
962 15 28 0 3133
962 23 4 0 3133
962 30 16 0 3133
962 33 5 0 3133
962 33 16 0 3133
962 33 24 0 3133
962 39 2 0 3133
962 42 9 0 3133
962 44 11 0 3133
962 66 20 0 3133
962 68 15 0 3133
962 74 8 0 3133
962 78 4 0 3133
962 83 13 0 3133
962 83 29 0 3133
962 86 24 0 3133
962 88 19 0 3133
962 90 8 0 3133
962 91 22 0 3133
962 97 30 0 3133
963 3 9 0 3133
963 6 9 0 3133
963 7 27 0 3133
963 10 14 0 3133
963 12 24 0 3133
963 14 2 0 3133
963 16 24 0 3133
963 17 6 0 3133
963 21 11 0 3133
963 24 4 0 3133
963 28 5 0 3133
963 32 4 0 3133
963 35 4 0 3133
963 37 25 0 3133
963 38 1 0 3133
963 41 3 0 3133
963 42 28 0 3133
963 44 4 0 3133
963 68 9 0 3133
963 79 11 0 3133
963 81 15 0 3133
963 86 20 0 3133
963 90 30 0 3133
963 92 12 0 3133
963 92 19 0 3133
963 98 24 0 3133
964 0 19 0 3133
964 2 25 0 3133
964 17 7 0 3133
964 20 10 0 3133
964 46 5 0 3133
964 60 22 0 3133
964 62 23 0 3133
964 69 24 0 3133
964 70 15 0 3133
964 76 7 0 3133
964 78 17 0 3133
964 82 17 0 3133
964 82 23 0 3133
964 85 0 0 3133
964 91 9 0 3133
965 9 0 0 3133
965 18 29 0 3133
965 36 24 0 3133
965 40 18 0 3133
965 45 12 0 3133
965 48 27 0 3133
965 54 8 0 3133
965 55 14 0 3133
965 61 31 0 3133
965 71 23 0 3133
965 72 2 0 3133
965 72 29 0 3133
965 73 4 0 3133
965 74 18 0 3133
965 77 30 0 3133
965 77 31 0 3133
965 83 17 0 3133
965 90 12 0 3133
965 94 16 0 3133
966 8 27 0 3133
966 11 11 0 3133
966 14 5 0 3133
966 20 8 0 3133
966 21 25 0 3133
966 22 3 0 3133
966 32 0 0 3133
966 37 6 0 3133
966 47 9 0 3133
966 49 11 0 3133
966 51 12 0 3133
966 59 18 0 3133
966 62 5 0 3133
966 66 3 0 3133
966 66 6 0 3133
966 73 16 0 3133
966 83 22 0 3133
966 86 27 0 3133
966 94 23 0 3133
966 96 16 0 3133
966 100 3 0 3133
967 0 31 0 3133
967 5 0 0 3133
967 19 24 0 3133
967 20 27 0 3133
967 25 31 0 3133
967 29 0 0 3133
967 37 5 0 3133
967 38 29 0 3133
967 44 7 0 3133
967 47 22 0 3133
967 49 19 0 3133
967 62 6 0 3133
967 62 17 0 3133
967 67 25 0 3133
967 76 10 0 3133
967 79 28 0 3133
967 84 2 0 3133
967 90 21 0 3133
967 99 10 0 3133
967 99 29 0 3133
967 100 21 0 3133
