371	23	28	0.0	1	3132	1
430	34	10	0.0	2	3132	2
461	28	6	0.0	5	3135	5
922	42	30	0.0	1	3133	1
628	54	10	0.0	1	3132	1
664	38	3	0.0	7	3136	7
772	32	5	0.0	5	3134	5
703	30	8	0.0	3	3131	3
485	59	1	0.0	1	3132	1
875	48	21	0.0	1	3133	1
906	60	15	0.0	3	3133	3
267	57	6	0.0	1	3133	1
676	37	15	0.0	7	3135	7
292	57	1	0.0	2	3133	2
327	19	18	0.0	1	3134	1
812	57	20	0.0	4	3136	4
784	52	13	0.0	1	3133	1
204	52	18	0.0	2	3133	2
737	36	20	0.0	4	3131	4
278	62	7	0.0	4	3132	4
164	56	0	0.0	4	3131	4
325	38	28	0.0	2	3132	2
560	23	3	0.0	31	3135	31
472	70	25	0.0	5	3135	5
358	35	7	0.0	4	3132	4
441	36	6	0.0	2	3132	2
330	16	0	0.0	4	3135	4
656	37	11	0.0	3	3136	3
394	41	26	0.0	1	3133	1
388	13	7	0.0	9	3133	9
893	21	4	0.0	1	3132	1
483	62	28	0.0	3	3135	3
882	51	22	0.0	21	3136	21
811	31	13	0.0	1	3134	1
352	40	17	0.0	3	3133	3
426	40	11	0.0	1	3134	1
152	55	12	0.0	5	3132	5
956	24	29	0.0	36	3128	36
367	36	2	0.0	2	3132	2
884	25	16	0.0	29	3132	29
641	43	16	0.0	2	3135	2
382	29	6	0.0	13	3135	13
804	17	3	0.0	1	3134	1
392	30	29	0.0	2	3132	2
570	54	3	0.0	22	3134	22
550	24	5	0.0	3	3134	3
323	32	12	0.0	2	3134	2
461	35	16	0.0	8	3132	8
480	45	8	0.0	1	3132	1
599	23	4	0.0	1	3132	1
751	34	2	0.0	9	3134	9
897	54	3	0.0	94	3131	94
782	35	17	0.0	15	3139	15
180	47	0	0.0	8	3134	8
546	6	27	0.0	181	3098	181
482	32	0	0.0	1	3132	1
671	48	18	0.0	5	3132	5
708	35	28	0.0	27	3137	27
577	40	5	0.0	7	3133	7
266	55	13	0.0	1	3132	1
257	13	7	0.0	4	3130	4
912	30	12	0.0	5	3134	5
738	23	25	0.0	1	3134	1
584	54	6	0.0	1	3134	1
474	61	25	0.0	2	3132	2
309	39	9	0.0	1	3134	1
526	66	26	0.0	2	3133	2
753	25	23	0.0	1	3133	1
310	67	3	0.0	6	3135	6
703	36	15	0.0	4	3134	4
782	17	25	0.0	12	3140	12
627	34	22	0.0	1	3134	1
403	33	1	0.0	1	3132	1
178	52	31	0.0	11	3133	11
575	41	13	0.0	1	3134	1
540	28	5	0.0	3	3132	3
136	34	16	0.0	32	3125	32
773	52	20	0.0	5	3133	5
656	53	14	0.0	4	3133	4
374	41	6	0.0	62	3125	62
536	23	26	0.0	6	3133	6
734	54	11	0.0	1	3132	1
665	45	27	0.0	10	3134	10
627	32	11	0.0	8	3139	8
548	60	17	0.0	1	3134	1
276	23	25	0.0	8	3132	8
566	43	7	0.0	1	3134	1
785	25	8	0.0	1	3134	1
395	31	3	0.0	2	3133	2
666	28	16	0.0	12	3137	12
362	67	14	0.0	4	3130	4
381	20	26	0.0	13	3132	11
227	30	11	0.0	5	3132	5
329	65	29	0.0	19	3134	19
350	57	23	0.0	3	3132	3
355	58	1	0.0	7	3130	7
176	45	2	0.0	2	3132	2
660	16	19	0.0	16	3132	16
436	29	4	0.0	0	3133	1
812	30	9	0.0	6	3135	6
354	42	13	0.0	1	3134	1
535	69	3	0.0	4	3135	2
261	68	17	0.0	5	3133	5
466	69	9	0.0	1	3134	1
428	40	21	0.0	1	3132	1
658	55	19	0.0	2	3133	2
819	45	28	0.0	1	3132	1
717	21	31	0.0	14	3131	14
208	42	3	0.0	1	3132	1
291	41	13	0.0	3	3132	3
544	20	5	0.0	3	3131	3
906	21	29	0.0	68	3121	68
715	51	20	0.0	2	3134	2
562	33	16	0.0	11	3136	11
577	38	15	0.0	1	3132	1
624	65	23	0.0	41	3132	46
468	21	18	0.0	1	3132	1
594	34	9	0.0	1	3134	1
393	27	31	0.0	4	3130	4
632	64	6	0.0	5	3132	5
720	25	9	0.0	3	3134	3
640	42	17	0.0	8	3137	8
289	58	31	0.0	1	3134	1
330	24	21	0.0	5	3135	5
735	43	5	0.0	1	3134	1
740	52	15	0.0	10	3130	10
462	31	28	0.0	3	3133	3
540	59	9	0.0	1	3132	1
173	34	13	0.0	1	3133	1
563	15	24	0.0	6	3131	6
817	28	6	0.0	1	3132	1
364	64	25	0.0	9	3132	9
365	60	19	0.0	3	3133	3
637	60	28	0.0	1	3134	1
179	33	17	0.0	2	3131	2
617	21	8	0.0	7	3135	7
812	31	28	0.0	1	3132	1
871	60	23	0.0	7	3135	7
470	54	11	0.0	3	3135	3
545	22	1	0.0	1	3133	1
274	67	5	0.0	5	3134	5
197	66	2	0.0	11	3130	11
368	54	7	0.0	4	3131	4
911	62	23	0.0	61	3128	61
320	17	7	0.0	11	3135	11
564	24	6	0.0	12	3142	12
878	30	14	0.0	1	3134	1
746	36	14	0.0	20	3126	20
644	30	16	0.0	1	3134	1
771	24	19	0.0	21	3138	14
424	51	11	0.0	1	3134	1
361	31	15	0.0	5	3137	5
325	51	28	0.0	1	3132	1
346	23	23	0.0	9	3135	9
621	27	4	0.0	4	3136	4
453	59	26	0.0	9	3134	8
935	48	18	0.0	1	3134	1
462	38	24	0.0	17	3132	17
675	33	27	0.0	1	3132	1
703	23	8	0.0	11	3132	11
638	39	13	0.0	5	3130	5
888	52	29	0.0	8	3129	8
651	60	25	0.0	1	3132	1
354	41	4	0.0	9	3132	9
634	32	8	0.0	10	3136	10
296	63	20	0.0	9	3134	9
748	32	21	0.0	8	3136	8
399	42	17	0.0	1	3133	1
300	32	10	0.0	1	3132	1
250	32	27	0.0	4	3133	4
554	26	21	0.0	14	3138	14
566	67	22	0.0	110	3122	110
315	32	22	0.0	2	3134	2
809	36	3	0.0	12	3135	12
319	49	4	0.0	3	3134	3
728	32	4	0.0	1	3134	1
312	62	11	0.0	9	3130	9
748	42	16	0.0	2	3133	2
740	36	25	0.0	12	3138	12
909	65	17	0.0	62	3127	62
679	42	30	0.0	1	3134	1
283	26	4	0.0	9	3135	9
631	21	8	0.0	5	3132	5
431	66	13	0.0	4	3129	4
890	24	7	0.0	45	3134	45
498	66	3	0.0	1	3134	1
386	29	7	0.0	17	3133	17
868	55	21	0.0	60	3127	60
163	35	5	0.0	6	3135	6
703	22	25	0.0	12	3140	12
677	26	12	0.0	7	3135	7
362	39	21	0.0	2	3133	2
361	30	27	0.0	2	3134	2
136	37	3	0.0	6	3133	6
695	57	30	0.0	14	3128	14
499	48	19	0.0	7	3132	7
170	49	19	0.0	39	3124	39
704	35	21	0.0	3	3131	3
359	52	18	0.0	5	3132	5
760	32	26	0.0	13	3130	7
819	30	11	0.0	6	3137	6
665	52	11	0.0	8	3132	8
646	38	0	0.0	2	3132	2
292	42	3	0.0	3	3132	3
747	64	26	0.0	1	3132	1
570	56	20	0.0	1	3133	1
293	39	9	0.0	33	3130	33
912	38	28	0.0	1	3133	1
636	61	25	0.0	1	3132	1
965	30	24	0.0	3	3130	3
560	39	14	0.0	1	3134	1
257	24	2	0.0	1601	1808	1601
601	9	5	0.0	8	3133	8
602	55	21	0.0	5	3136	5
438	57	11	0.0	1	3134	1
426	51	21	0.0	2	3133	2
557	43	13	0.0	2	3133	2
402	43	21	0.0	1	3133	1
408	68	28	0.0	1	3134	1
638	25	16	0.0	2	3131	2
701	48	11	0.0	4	3133	4
493	2	17	0.0	25	3131	25
351	35	7	0.0	5	3131	5
464	14	3	0.0	360	3015	360
707	29	15	0.0	15	3140	15
877	63	18	0.0	20	3135	20
377	12	25	0.0	2	3132	2
438	64	1	0.0	1	3134	1
124	49	21	0.0	26	3130	26
780	32	1	0.0	1	3134	1
432	65	11	0.0	1	3133	1
348	18	7	0.0	1	3133	1
881	21	8	0.0	4	3134	4
923	54	27	0.0	3	3135	3
547	24	24	0.0	28	3136	28
805	40	23	0.0	2	3132	2
702	30	29	0.0	1	3134	1
262	45	5	0.0	5	3133	5
700	54	20	0.0	6	3134	6
820	53	19	0.0	4	3131	4
521	43	2	0.0	1	3134	1
669	35	15	0.0	1	3132	1
586	68	5	0.0	2	3132	2
286	31	18	0.0	21	3135	21
630	33	6	0.0	4	3132	4
871	61	31	0.0	32	3136	32
436	35	22	0.0	4	3135	4
468	37	25	0.0	4	3132	4
661	45	21	0.0	7	3137	7
271	60	2	0.0	1	3134	1
960	64	19	0.0	33	3133	33
284	42	8	0.0	5	3136	5
456	32	10	0.0	5	3132	21
393	44	27	0.0	30	3134	30
671	58	29	0.0	1	3134	1
299	27	8	0.0	2	3133	2
830	38	12	0.0	1	3132	1
151	26	30	0.0	6	3136	6
471	53	13	0.0	1	3134	1
696	30	16	0.0	2	3135	2
680	31	31	0.0	1	3134	1
294	49	2	0.0	1	3132	1
262	46	25	0.0	5	3134	5
663	14	17	0.0	6	3135	6
298	58	15	0.0	16	3128	16
463	61	1	0.0	1	3134	1
387	31	10	0.0	1	3134	1
537	65	1	0.0	6	3132	6
359	45	18	0.0	2	3132	2
299	46	12	0.0	9	3135	9
213	66	23	0.0	5	3130	5
675	35	19	0.0	12	3132	12
792	20	29	0.0	1	3132	1
920	53	21	0.0	2	3133	2
568	53	1	0.0	10	3132	10
714	49	24	0.0	38	3136	38
254	30	31	0.0	4	3135	4
930	37	9	0.0	33	3128	33
728	35	25	0.0	5	3131	5
276	23	27	0.0	86	3123	86
299	30	5	0.0	3	3134	3
734	46	28	0.0	2	3131	2
442	58	12	0.0	1	3133	1
705	26	20	0.0	3	3135	3
387	47	12	0.0	1	3134	1
527	34	25	0.0	1	3133	1
116	62	16	0.0	4	3131	4
602	29	6	0.0	1	3134	1
426	29	30	0.0	2	3133	2
285	44	11	0.0	14	3139	14
798	63	13	0.0	1	3134	1
907	22	0	0.0	7	3133	7
809	56	9	0.0	13	3135	13
400	10	7	0.0	1	3134	1
878	53	3	0.0	21	3133	4
498	39	28	0.0	3	3133	3
911	47	2	0.0	18	3131	18
763	49	9	0.0	26	3134	26
137	70	10	0.0	1	3133	1
738	52	4	0.0	34	3132	34
916	53	12	0.0	35	3132	35
327	40	13	0.0	2	3134	2
276	27	9	0.0	4	3136	4
291	61	13	0.0	3	3133	4
396	33	12	0.0	1	3132	1
892	46	14	0.0	1	3132	1
414	69	25	0.0	1	3132	1
740	51	14	0.0	9	3129	9
539	55	30	0.0	1	3134	1
302	29	6	0.0	7	3134	7
127	30	19	0.0	66	3121	66
539	32	12	0.0	1	3132	1
689	54	8	0.0	7	3134	7
314	52	7	0.0	1	3132	1
245	28	24	0.0	23	3131	20
667	35	24	0.0	23	3137	23
293	42	3	0.0	4	3133	4
258	60	31	0.0	7	3134	7
693	7	5	0.0	300	3048	300
138	53	5	0.0	12	3133	12
313	37	5	0.0	3	3132	3
178	65	26	0.0	3	3132	3
538	16	23	0.0	2	3134	2
502	55	21	0.0	12	3133	12
681	59	19	0.0	1	3133	1
707	61	23	0.0	2	3131	2
704	21	29	0.0	2	3134	2
381	65	29	0.0	66	3121	66
860	52	0	0.0	107	3127	107
824	34	14	0.0	1	3132	1
842	25	21	0.0	10	3129	10
700	52	15	0.0	6	3129	6
668	56	9	0.0	6	3134	6
427	36	25	0.0	2	3132	2
742	44	18	0.0	23	3133	23
618	32	9	0.0	4	3135	4
623	71	30	0.0	6	3129	6
793	32	22	0.0	1	3134	1
362	37	5	0.0	3	3133	3
378	49	7	0.0	2	3132	2
911	34	23	0.0	19	3132	19
893	31	30	0.0	1	3133	1
176	54	17	0.0	1	3133	1
759	38	7	0.0	1	3134	1
466	70	13	0.0	11	3130	11
744	47	1	0.0	4	3133	4
255	65	27	0.0	437	3029	292
590	49	19	0.0	3	3132	3
909	44	21	0.0	16	3136	16
174	22	5	0.0	10	3134	10
290	64	17	0.0	48	3123	48
635	49	3	0.0	1	3133	1
146	48	9	0.0	65	3128	65
779	26	19	0.0	4	3135	4
748	51	13	0.0	22	3134	22
455	42	14	0.0	1	3134	1
318	39	11	0.0	3	3135	3
760	22	30	0.0	17	3135	17
868	44	3	0.0	3	3132	3
811	34	17	0.0	2	3133	2
809	23	21	0.0	68	3119	68
914	24	19	0.0	9	3137	9
518	33	3	0.0	29	3128	29
542	18	31	0.0	2	3133	2
498	30	14	0.0	1	3132	1
713	33	27	0.0	17	3138	17
355	20	4	0.0	1	3134	1
916	58	12	0.0	73	3126	73
418	48	7	0.0	4	3135	4
452	24	26	0.0	3	3133	3
587	10	22	0.0	1	3132	1
543	24	30	0.0	1	3134	1
417	15	0	0.0	4	3130	4
702	46	3	0.0	1	3134	1
776	54	26	0.0	17	3130	17
196	26	2	0.0	6	3132	6
262	68	5	0.0	6	3131	6
651	49	15	0.0	1	3132	1
427	31	22	0.0	25	3138	25
800	42	6	0.0	23	3136	23
498	53	13	0.0	1	3134	1
813	32	28	0.0	7	3137	7
260	44	12	0.0	2	3135	2
433	63	7	0.0	2	3132	2
933	4	20	0.0	39	3122	39
476	33	25	0.0	2	3132	2
733	15	2	0.0	2	3133	2
807	37	22	0.0	60	3123	59
270	63	31	0.0	1	3134	1
769	35	21	0.0	8	3134	8
206	56	6	0.0	1	3133	1
399	7	22	0.0	87	3111	87
740	25	3	0.0	13	3132	13
416	19	16	0.0	3	3130	3
253	47	8	0.0	4	3132	4
583	20	8	0.0	3	3132	3
251	44	0	0.0	2	3133	2
133	61	10	0.0	2	3131	2
684	19	26	0.0	1	3133	1
357	48	21	0.0	3	3133	3
570	60	7	0.0	8	3131	8
665	20	17	0.0	3	3132	3
667	25	6	0.0	31	3125	31
960	63	1	0.0	5	3135	5
574	58	14	0.0	1	3133	1
278	66	8	0.0	1	3134	1
649	52	21	0.0	1	3134	1
945	43	17	0.0	4	3134	4
212	41	17	0.0	2	3133	2
667	32	26	0.0	8	3136	8
666	44	26	0.0	34	3122	34
744	19	31	0.0	6	3132	6
708	33	24	0.0	3	3134	3
824	43	21	0.0	1	3133	1
440	56	0	0.0	3	3134	3
419	41	10	0.0	2	3132	2
286	55	20	0.0	1	3133	1
556	54	13	0.0	1	3133	1
258	24	30	0.0	29	3128	29
201	56	20	0.0	9	3127	9
410	33	26	0.0	1	3134	1
649	40	25	0.0	1	3134	1
772	43	10	0.0	9	3135	9
256	51	30	0.0	4	3135	4
427	55	12	0.0	1	3132	1
796	59	27	0.0	31	3134	31
324	51	19	0.0	3	3133	3
883	57	11	0.0	17	3132	17
213	39	5	0.0	2	3133	2
446	47	30	0.0	11	3132	11
485	29	27	0.0	2	3133	2
202	65	27	0.0	719	2867	719
437	66	12	0.0	2	3131	2
424	54	30	0.0	1	3134	1
743	28	5	0.0	8	3137	8
739	31	27	0.0	18	3135	18
736	24	7	0.0	4	3132	4
796	62	20	0.0	8	3134	8
658	15	2	0.0	14	3143	14
559	24	1	0.0	1	3132	1
597	42	14	0.0	2	3133	2
294	41	8	0.0	28	3129	28
400	55	7	0.0	1	3134	1
270	35	14	0.0	1	3132	1
177	32	21	0.0	3	3133	3
495	30	26	0.0	1	3132	1
462	63	1	0.0	4	3131	4
378	67	31	0.0	1	3132	1
780	30	30	0.0	14	3134	14
565	49	1	0.0	7	3136	7
300	31	21	0.0	3	3136	3
350	28	3	0.0	63	3135	63
214	39	2	0.0	1	3134	1
464	25	23	0.0	1	3134	1
601	24	20	0.0	11	3136	11
357	46	8	0.0	5	3132	5
466	68	1	0.0	2	3135	2
638	44	26	0.0	7	3132	7
933	55	21	0.0	13	3133	13
453	15	1	0.0	14	3136	14
742	24	28	0.0	6	3134	6
672	33	6	0.0	1	3133	1
685	61	26	0.0	1	3133	1
462	60	26	0.0	2	3133	2
163	65	4	0.0	123	3062	123
707	54	15	0.0	7	3135	7
439	45	1	0.0	1	3134	1
688	19	6	0.0	19	3134	19
196	40	11	0.0	24	3128	24
659	14	22	0.0	5	3131	5
640	31	13	0.0	3	3133	3
422	41	8	0.0	3	3135	3
387	66	1	0.0	1	3134	1
416	35	0	0.0	19	3137	19
566	31	31	0.0	7	3132	7
452	39	3	0.0	40	3143	40
459	34	1	0.0	1	3134	1
530	39	0	0.0	6	3131	6
156	55	2	0.0	15	3133	15
308	54	18	0.0	2	3133	2
876	21	16	0.0	4	3134	4
439	34	11	0.0	6	3134	6
425	47	8	0.0	11	3131	11
879	34	7	0.0	68	3137	40
561	56	27	0.0	2	3133	2
713	18	9	0.0	1	3133	1
299	33	23	0.0	4	3133	4
194	45	20	0.0	4	3133	4
771	47	23	0.0	12	3136	12
400	68	13	0.0	6	3135	6
325	51	14	0.0	5	3132	5
561	31	3	0.0	65	3126	65
263	54	11	0.0	6	3135	6
388	32	13	0.0	3	3132	3
203	32	4	0.0	12	3133	12
956	64	27	0.0	15	3134	15
644	69	11	0.0	4	3130	4
479	19	14	0.0	1	3134	1
652	18	26	0.0	23	3129	23
884	52	28	0.0	18	3133	18
455	23	2	0.0	2	3133	2
368	69	1	0.0	10	3134	10
404	38	18	0.0	2	3131	2
734	63	31	0.0	20	3142	20
962	5	28	0.0	4	3134	4
137	64	28	0.0	1	3133	1
594	34	25	0.0	11	3135	11
812	36	18	0.0	6	3133	6
397	32	26	0.0	1	3134	1
364	24	24	0.0	1	3134	1
177	42	2	0.0	1	3133	1
633	18	18	0.0	6	3132	6
127	71	11	0.0	219	3097	219
494	49	9	0.0	31	3129	31
705	40	7	0.0	6	3134	6
699	45	16	0.0	1	3132	1
635	34	28	0.0	1	3133	1
379	35	27	0.0	1	3134	1
290	55	20	0.0	4	3133	4
492	24	6	0.0	14	3126	14
161	60	2	0.0	2	3132	2
190	31	23	0.0	1	3132	1
919	65	15	0.0	9	3136	9
259	30	7	0.0	2	3131	2
256	54	31	0.0	4	3135	4
537	14	14	0.0	15	3135	15
377	63	1	0.0	1	3132	1
457	55	28	0.0	1	3134	1
441	63	9	0.0	1	3132	1
870	59	14	0.0	30	3134	30
682	36	27	0.0	1	3132	1
286	53	7	0.0	1	3134	1
738	52	26	0.0	21	3138	21
268	57	4	0.0	4	3131	4
139	67	24	0.0	2	3135	2
431	52	16	0.0	4	3135	4
935	8	2	0.0	104	3127	104
900	10	20	0.0	38	3131	38
291	56	22	0.0	2	3135	2
364	61	7	0.0	15	3134	15
543	18	10	0.0	1	3134	1
416	19	4	0.0	2	3133	2
503	28	1	0.0	28	3140	28
629	31	8	0.0	8	3138	8
811	37	3	0.0	3	3132	3
558	41	4	0.0	9	3129	9
430	42	17	0.0	4	3135	4
658	53	23	0.0	15	3132	15
722	65	4	0.0	1	3133	1
184	46	6	0.0	5	3133	5
435	31	26	0.0	2	3134	2
667	45	30	0.0	1	3132	1
363	55	13	0.0	2	3133	2
535	33	19	0.0	1	3132	1
709	42	4	0.0	12	3134	12
664	55	18	0.0	1	3132	1
595	67	14	0.0	22	3130	22
595	32	4	0.0	1	3133	1
444	18	5	0.0	2	3132	2
578	29	26	0.0	2	3133	2
780	48	29	0.0	1	3134	1
204	71	15	0.0	20	3133	20
276	20	16	0.0	1	3133	1
275	55	24	0.0	3	3134	3
709	22	10	0.0	3	3132	3
253	23	15	0.0	1	3132	1
416	26	22	0.0	50	3134	50
784	62	21	0.0	23	3131	23
368	46	1	0.0	4	3131	4
627	47	4	0.0	8	3133	8
443	55	7	0.0	5	3134	5
824	27	31	0.0	7	3135	7
768	25	22	0.0	17	3135	17
165	39	20	0.0	14	3134	14
666	25	13	0.0	108	3093	108
623	44	17	0.0	2	3135	2
299	55	13	0.0	1	3133	1
738	54	19	0.0	1	3132	1
532	33	14	0.0	1	3134	1
624	38	7	0.0	3	3133	3
759	45	5	0.0	12	3139	12
910	46	2	0.0	2	3133	2
176	48	24	0.0	1	3132	1
687	39	26	0.0	3	3134	3
776	45	28	0.0	13	3134	13
688	17	5	0.0	9	3134	9
763	22	0	0.0	2	3135	2
473	32	10	0.0	1	3134	1
765	42	22	0.0	12	3129	12
948	36	1	0.0	19	3129	19
574	24	19	0.0	6	3136	6
308	40	12	0.0	1	3134	1
433	27	6	0.0	1	3132	1
289	51	2	0.0	1	3132	1
501	66	1	0.0	1	3134	1
772	22	18	0.0	5	3134	5
363	43	28	0.0	11	3136	11
136	51	30	0.0	25	3124	25
274	21	3	0.0	1	3134	1
662	55	30	0.0	9	3136	9
297	28	28	0.0	3	3136	3
872	60	6	0.0	2	3132	2
391	63	31	0.0	10	3136	18
389	36	31	0.0	2	3135	2
291	44	10	0.0	3	3133	3
911	59	18	0.0	235	2978	235
434	52	24	0.0	1	3132	1
941	47	0	0.0	6	3137	6
870	47	4	0.0	87	3133	87
533	56	4	0.0	3	3134	3
404	25	30	0.0	1	3134	1
527	23	16	0.0	6	3135	6
152	20	17	0.0	5	3133	5
423	47	16	0.0	5	3134	5
770	56	21	0.0	26	3133	26
520	45	11	0.0	38	3130	38
464	22	2	0.0	1	3133	1
706	17	4	0.0	1	3134	1
228	32	27	0.0	1	3134	1
548	22	18	0.0	3	3134	3
449	60	27	0.0	7	3135	7
668	26	9	0.0	10	3137	10
351	38	25	0.0	6	3134	6
684	22	7	0.0	1	3132	1
747	55	19	0.0	7	3131	7
622	37	8	0.0	31	3138	31
690	39	3	0.0	1	3134	1
202	28	31	0.0	10	3135	10
301	29	13	0.0	1	3134	1
565	60	2	0.0	31	3135	31
818	43	0	0.0	1	3134	1
497	43	5	0.0	3	3134	3
648	45	5	0.0	1	3133	1
362	52	17	0.0	1	3132	1
698	22	21	0.0	1	3134	1
303	58	18	0.0	27	3130	27
214	20	29	0.0	4	3132	4
818	56	11	0.0	25	3131	25
724	42	29	0.0	3	3134	4
433	26	26	0.0	2	3133	2
468	34	11	0.0	2	3132	2
255	44	30	0.0	5	3130	5
439	63	29	0.0	3	3132	3
503	32	23	0.0	24	3139	24
746	32	12	0.0	2	3131	2
671	59	30	0.0	1	3132	1
404	48	27	0.0	5	3133	5
786	66	20	0.0	1	3133	1
125	29	19	0.0	8	3136	8
443	38	30	0.0	1	3133	1
126	30	29	0.0	13	3124	13
411	69	25	0.0	7	3135	7
773	24	7	0.0	13	3143	13
741	68	18	0.0	0	3133	1
230	7	25	0.0	27	3132	27
389	58	12	0.0	1	3134	1
629	52	3	0.0	4	3133	4
258	63	31	0.0	1	3134	1
807	40	2	0.0	131	3126	131
870	59	17	0.0	42	3133	42
666	44	10	0.0	5	3135	5
159	45	25	0.0	2	3135	2
893	62	27	0.0	5	3132	5
209	30	9	0.0	1	3132	1
922	30	0	0.0	2	3132	2
327	18	0	0.0	4	3133	4
632	24	1	0.0	1	3134	1
301	62	29	0.0	8	3135	8
697	63	15	0.0	1	3132	1
741	66	14	0.0	55	3130	55
775	28	19	0.0	7	3133	7
823	61	29	0.0	2	3131	2
921	36	19	0.0	27	3126	27
921	36	17	0.0	30	3128	30
635	49	27	0.0	1	3133	1
180	20	22	0.0	64	3130	64
913	25	1	0.0	6	3133	8
465	59	25	0.0	5	3134	5
463	13	29	0.0	6	3137	6
350	54	5	0.0	6	3131	6
734	21	22	0.0	74	3118	74
600	26	0	0.0	6	3133	6
746	40	23	0.0	4	3132	4
782	34	3	0.0	12	3136	12
392	49	14	0.0	5	3136	5
691	61	1	0.0	7	3130	7
331	33	5	0.0	1	3132	1
775	22	18	0.0	10	3136	10
662	60	3	0.0	1	3133	1
592	53	17	0.0	1	3134	1
886	23	23	0.0	2	3131	2
289	53	28	0.0	1	3134	1
76	50	22	0.0	2991	1128	2991
631	56	22	0.0	1	3132	1
222	46	5	0.0	1	3134	1
746	25	21	0.0	4	3133	4
603	38	27	0.0	1	3134	1
810	44	15	0.0	7	3133	7
476	53	3	0.0	2	3133	2
741	25	4	0.0	11	3130	11
429	42	8	0.0	1	3133	1
930	52	27	0.0	4	3133	4
415	68	12	0.0	1	3132	1
867	52	10	0.0	37	3122	37
697	38	23	0.0	7	3137	9
355	31	18	0.0	112	3095	112
876	51	10	0.0	10	3132	10
262	59	11	0.0	1	3134	1
895	62	26	0.0	1	3133	1
695	69	2	0.0	10	3131	10
365	29	11	0.0	3	3132	3
130	36	13	0.0	17	3133	17
405	52	11	0.0	2	3133	2
275	54	28	0.0	4	3135	4
520	55	1	0.0	2	3132	2
523	36	6	0.0	1	3134	1
428	39	24	0.0	6	3136	6
212	30	28	0.0	1	3134	1
640	52	22	0.0	1	3133	1
461	35	13	0.0	0	3133	1
665	37	24	0.0	1	3133	1
378	68	5	0.0	1	3132	1
816	5	31	0.0	389	2882	389
331	46	4	0.0	4	3134	4
410	18	22	0.0	1	3132	1
274	15	0	0.0	5	3137	5
725	60	19	0.0	25	3133	25
709	53	30	0.0	7	3130	7
722	46	18	0.0	1	3132	1
922	31	9	0.0	1	3133	1
647	7	3	0.0	21	3133	21
793	34	17	0.0	4	3132	4
752	37	9	0.0	1	3133	1
623	28	16	0.0	4	3135	4
297	14	25	0.0	1	3134	1
396	59	22	0.0	15	3129	15
350	13	4	0.0	3	3134	3
587	34	18	0.0	1	3134	1
764	42	28	0.0	7	3134	7
777	33	27	0.0	17	3140	17
729	26	19	0.0	1	3132	1
400	20	16	0.0	1	3133	1
738	38	3	0.0	2	3133	2
669	31	2	0.0	11	3133	11
525	67	26	0.0	1	3134	22
396	54	21	0.0	9	3130	9
395	65	30	0.0	3	3134	3
695	40	18	0.0	2	3133	2
561	40	5	0.0	1	3134	1
820	54	26	0.0	1	3132	1
634	27	0	0.0	3	3136	3
494	32	13	0.0	5	3132	5
258	65	14	0.0	10	3132	10
574	21	4	0.0	9	3135	9
557	62	14	0.0	18	3136	18
359	19	4	0.0	3	3133	3
698	14	9	0.0	1	3133	1
272	60	25	0.0	1	3132	1
451	15	31	0.0	3	3135	3
717	58	28	0.0	7	3133	7
160	39	0	0.0	7	3135	8
373	35	24	0.0	2	3131	2
759	29	11	0.0	8	3136	8
446	65	24	0.0	11	3134	11
391	28	7	0.0	2	3133	2
804	38	12	0.0	3	3134	3
676	49	19	0.0	2	3131	2
585	60	1	0.0	4	3133	4
230	4	21	0.0	2	3134	2
145	36	29	0.0	1037	2725	1037
170	55	20	0.0	1	3134	1
119	43	7	0.0	101	3137	3
705	40	9	0.0	2	3133	2
362	56	9	0.0	1	3134	1
907	44	16	0.0	17	3134	17
181	23	9	0.0	1	3134	1
121	40	5	0.0	7	3134	7
398	65	24	0.0	2	3132	2
622	28	4	0.0	11	3131	11
626	47	9	0.0	7	3134	7
924	30	26	0.0	2	3132	2
174	34	13	0.0	9	3134	9
440	35	29	0.0	2	3135	2
676	17	16	0.0	9	3133	9
960	54	9	0.0	2	3135	2
525	52	17	0.0	18	3131	18
159	46	1	0.0	2	3133	2
815	25	17	0.0	2	3135	2
577	27	21	0.0	2	3134	2
385	21	5	0.0	48	3126	48
438	47	16	0.0	18	3130	18
177	32	6	0.0	2	3133	2
702	31	19	0.0	3	3136	3
278	42	26	0.0	1	3132	1
527	33	15	0.0	1	3133	1
399	68	4	0.0	4	3135	4
412	43	15	0.0	1	3133	1
193	44	9	0.0	1	3134	1
438	27	4	0.0	2	3134	2
884	57	28	0.0	13	3132	13
200	63	25	0.0	3	3131	3
356	38	12	0.0	3	3133	3
356	67	15	0.0	3	3134	3
583	34	9	0.0	15	3135	15
880	55	6	0.0	17	3129	17
739	51	3	0.0	2	3135	2
461	66	9	0.0	14	3137	14
796	21	0	0.0	14	3136	14
874	60	5	0.0	1	3134	1
224	52	18	0.0	1	3134	1
190	60	23	0.0	421	2733	421
763	25	18	0.0	2	3135	2
557	33	11	0.0	16	3138	16
77	37	10	0.0	68	3133	68
674	35	20	0.0	6	3132	6
643	36	31	0.0	1	3134	1
647	27	5	0.0	5	3134	5
522	38	17	0.0	20	3134	20
362	61	6	0.0	27	3128	27
656	49	14	0.0	5	3133	5
526	61	30	0.0	2	3133	2
623	66	16	0.0	8	3131	8
522	32	31	0.0	1	3133	1
550	32	15	0.0	4	3131	4
781	21	1	0.0	2	3134	2
253	29	2	0.0	1	3134	1
699	22	23	0.0	12	3136	12
430	46	23	0.0	14	3129	14
883	53	12	0.0	20	3133	20
674	33	22	0.0	17	3134	17
200	64	11	0.0	6	3133	6
673	19	10	0.0	2	3135	2
361	41	4	0.0	10	3136	10
470	23	18	0.0	1	3134	1
469	53	25	0.0	2	3133	2
259	33	13	0.0	69	3139	69
360	18	27	0.0	1	3133	1
469	66	19	0.0	8	3129	8
669	37	23	0.0	1	3134	1
887	35	6	0.0	4	3134	4
625	25	10	0.0	9	3133	9
722	69	31	0.0	1	3134	1
715	35	11	0.0	2	3132	2
209	27	23	0.0	9	3131	9
469	62	18	0.0	1	3134	1
660	23	1	0.0	4	3134	4
743	38	1	0.0	1	3132	1
345	34	26	0.0	45	3129	35
406	68	10	0.0	1	3132	1
877	66	1	0.0	2	3133	2
748	31	3	0.0	2	3133	2
660	36	21	0.0	4	3134	4
731	52	30	0.0	1	3134	1
534	59	27	0.0	0	3133	3
118	27	17	0.0	2	3134	2
413	31	21	0.0	1	3134	1
548	37	31	0.0	1	3133	1
313	54	25	0.0	3	3131	3
255	56	1	0.0	1	3134	1
665	40	25	0.0	1	3134	1
440	42	16	0.0	59	3137	59
545	65	22	0.0	1	3132	1
246	30	25	0.0	2	3132	2
288	62	0	0.0	3	3132	3
640	53	4	0.0	2	3133	2
164	74	2	0.0	3	3136	3
757	29	23	0.0	2	3132	2
561	66	11	0.0	18	3133	28
617	28	25	0.0	30	3140	30
624	39	3	0.0	1	3134	1
713	20	13	0.0	5	3134	5
447	46	30	0.0	1	3132	1
439	45	27	0.0	3	3133	3
483	68	4	0.0	1	3134	1
253	20	20	0.0	3	3131	3
633	29	24	0.0	21	3141	21
917	66	9	0.0	55	3120	55
264	67	30	0.0	10	3132	10
297	58	2	0.0	29	3132	29
790	37	30	0.0	16	3133	16
809	52	18	0.0	1	3132	1
696	53	29	0.0	1	3134	1
590	35	7	0.0	3	3132	3
568	32	28	0.0	1	3134	1
704	19	26	0.0	7	3134	7
580	25	13	0.0	1	3132	1
214	41	27	0.0	3	3132	3
497	55	25	0.0	1	3134	1
474	28	27	0.0	2	3131	2
699	14	31	0.0	1	3132	1
441	59	18	0.0	2	3134	2
779	57	21	0.0	10	3134	10
473	36	25	0.0	1	3133	1
807	28	24	0.0	14	3137	14
868	57	16	0.0	1	3134	1
814	26	31	0.0	12	3140	12
557	62	1	0.0	5	3132	5
590	48	14	0.0	1	3133	1
787	17	1	0.0	11	3132	11
424	54	3	0.0	3	3134	3
119	34	26	0.0	14	3128	14
301	63	28	0.0	29	3125	29
817	31	5	0.0	56	3132	56
437	63	20	0.0	2	3134	2
207	29	0	0.0	1	3132	1
228	57	29	0.0	5	3130	5
698	64	5	0.0	48	3135	26
813	26	22	0.0	3	3132	3
893	40	10	0.0	1	3134	1
403	33	24	0.0	1	3134	1
166	75	4	0.0	1	3132	1
462	25	15	0.0	2	3135	2
555	22	6	0.0	7	3133	7
255	46	2	0.0	2	3133	2
259	42	7	0.0	138	3010	138
845	28	3	0.0	1	3134	1
436	27	2	0.0	3	3133	3
700	51	8	0.0	11	3135	11
667	64	16	0.0	28	3140	28
376	16	22	0.0	1	3132	1
309	41	23	0.0	1	3132	1
525	61	30	0.0	2	3133	2
639	49	6	0.0	1	3134	1
202	70	20	0.0	21	3127	21
774	26	3	0.0	25	3131	25
197	55	3	0.0	6	3131	6
566	56	29	0.0	6	3133	6
648	28	10	0.0	8	3138	8
708	30	22	0.0	16	3135	16
892	31	16	0.0	1	3134	1
436	70	6	0.0	16	3136	16
495	26	22	0.0	31	3134	31
321	19	21	0.0	11	3131	11
410	58	30	0.0	2	3132	2
438	36	11	0.0	1	3134	1
886	53	24	0.0	1	3133	1
616	13	20	0.0	6	3137	6
881	55	4	0.0	5	3133	5
571	54	0	0.0	22	3132	22
261	45	1	0.0	7	3133	7
426	31	3	0.0	1	3134	1
565	22	31	0.0	4	3133	4
775	25	17	0.0	1	3134	1
809	55	7	0.0	12	3135	12
841	56	6	0.0	98	3125	98
531	24	27	0.0	178	3110	178
753	58	7	0.0	17	3126	17
658	36	23	0.0	14	3138	14
695	43	30	0.0	5	3134	5
348	27	6	0.0	7	3132	7
546	67	29	0.0	11	3132	11
561	48	12	0.0	1	3134	1
303	56	17	0.0	1	3134	1
117	58	4	0.0	12	3130	12
391	26	14	0.0	7	3130	7
458	38	1	0.0	25	3132	25
494	34	2	0.0	2	3132	2
354	28	31	0.0	4	3135	4
411	32	0	0.0	1	3133	1
261	54	4	0.0	2	3132	2
734	16	0	0.0	1	3134	1
404	53	27	0.0	1	3134	1
807	30	18	0.0	16	3138	16
595	12	18	0.0	28	3132	26
323	41	5	0.0	57	3133	57
470	42	8	0.0	1	3132	1
880	52	28	0.0	17	3134	17
899	63	16	0.0	188	3032	188
660	30	27	0.0	1	3134	1
158	65	1	0.0	19	3114	19
949	54	3	0.0	2	3133	2
209	52	29	0.0	2	3132	2
403	60	21	0.0	2	3131	2
378	29	18	0.0	2	3132	2
729	18	23	0.0	11	3137	11
537	32	1	0.0	3	3132	3
771	33	21	0.0	1	3133	1
714	64	13	0.0	1	3134	1
258	47	3	0.0	1	3132	1
262	12	21	0.0	1	3132	1
300	33	10	0.0	2	3134	2
257	35	15	0.0	4	3134	4
466	59	6	0.0	1	3134	1
694	18	17	0.0	54	3110	54
522	66	13	0.0	12	3135	12
877	55	17	0.0	5	3134	5
928	51	26	0.0	2	3133	2
538	22	22	0.0	1	3134	1
405	42	2	0.0	7	3133	7
476	52	29	0.0	1	3133	1
743	35	29	0.0	1	3134	1
452	34	22	0.0	66	3134	66
539	69	26	0.0	5	3134	5
524	58	0	0.0	4	3135	4
395	33	30	0.0	2	3132	2
818	28	12	0.0	37	3127	37
772	53	2	0.0	14	3133	14
685	42	13	0.0	1	3133	1
683	21	5	0.0	1	3132	1
663	51	20	0.0	4	3136	4
552	60	4	0.0	5	3134	5
719	60	11	0.0	17	3133	17
291	13	20	0.0	1	3133	1
672	33	11	0.0	1	3133	2
883	32	21	0.0	1	3132	1
141	57	30	0.0	1	3134	1
382	46	31	0.0	24	3135	24
163	74	19	0.0	5	3131	5
309	35	23	0.0	1	3132	1
770	61	19	0.0	12	3136	12
399	39	27	0.0	5	3132	5
714	21	26	0.0	8	3131	8
261	57	9	0.0	7	3136	7
775	30	22	0.0	17	3138	17
196	43	12	0.0	12	3134	12
389	57	1	0.0	1	3133	1
348	43	25	0.0	62	3132	62
531	41	9	0.0	13	3138	13
564	58	16	0.0	1	3132	1
663	23	3	0.0	8	3134	8
623	29	4	0.0	9	3133	3
805	29	23	0.0	5	3134	5
263	45	0	0.0	12	3133	12
181	24	26	0.0	3	3132	3
196	51	27	0.0	3	3132	3
575	24	23	0.0	66	3125	66
286	58	31	0.0	1	3134	1
578	11	14	0.0	1	3134	1
751	26	12	0.0	10	3134	10
704	16	27	0.0	3	3131	3
173	40	1	0.0	1	3133	1
143	52	18	0.0	1	3134	1
464	32	17	0.0	1	3134	1
840	23	12	0.0	2	3134	2
630	40	30	0.0	1	3134	1
627	52	12	0.0	3	3136	3
650	16	22	0.0	4	3134	4
160	65	4	0.0	10	3133	10
826	4	6	0.0	231	3056	231
684	14	14	0.0	1	3134	1
523	68	14	0.0	12	3132	12
521	57	22	0.0	4	3135	4
906	54	27	0.0	13	3132	13
433	70	10	0.0	3	3134	3
179	66	11	0.0	2	3133	2
917	37	0	0.0	12	3130	12
522	58	11	0.0	8	3133	8
581	48	4	0.0	1	3132	1
797	43	19	0.0	27	3137	27
734	31	27	0.0	21	3132	21
373	35	27	0.0	1	3134	1
831	33	25	0.0	2	3134	2
151	46	9	0.0	8	3132	8
367	32	10	0.0	3	3135	3
423	54	4	0.0	1	3134	1
717	23	3	0.0	3	3132	3
569	68	25	0.0	1	3134	1
152	38	14	0.0	8	3131	8
698	39	24	0.0	1	3134	1
628	22	24	0.0	1	3134	1
155	36	12	0.0	42	3120	42
750	60	28	0.0	1	3132	1
174	36	15	0.0	155	3079	155
723	39	6	0.0	1	3134	1
546	23	27	0.0	1	3134	1
545	17	30	0.0	1	3133	1
463	26	3	0.0	1	3133	1
123	25	18	0.0	1	3134	1
637	32	9	0.0	9	3135	9
780	32	28	0.0	1	3134	1
405	39	3	0.0	10	3136	10
270	13	25	0.0	2	3133	2
171	48	5	0.0	1	3133	1
693	56	19	0.0	1	3134	1
420	19	3	0.0	2	3133	2
621	42	19	0.0	5	3133	5
294	22	23	0.0	12	3134	12
707	30	18	0.0	1	3134	1
576	59	13	0.0	1	3134	1
453	59	29	0.0	4	3134	4
445	26	10	0.0	1	3134	1
261	43	6	0.0	2	3132	2
583	36	15	0.0	2	3133	2
503	39	28	0.0	4	3134	4
485	31	1	0.0	2	3134	2
260	46	3	0.0	1	3134	1
926	25	6	0.0	26	3134	26
495	35	3	0.0	2	3133	2
547	49	30	0.0	2	3132	2
810	40	6	0.0	10	3134	10
841	32	1	0.0	4	3133	4
186	28	3	0.0	6	3131	6
261	57	15	0.0	1	3134	1
558	62	0	0.0	4	3135	4
870	29	27	0.0	18	3135	18
663	47	26	0.0	17	3139	17
547	65	0	0.0	3	3132	3
761	36	31	0.0	12	3133	12
469	53	0	0.0	2	3135	2
193	26	1	0.0	18	3133	18
763	20	25	0.0	10	3135	10
296	53	7	0.0	16	3130	16
188	56	23	0.0	2	3131	2
784	20	7	0.0	1	3133	1
874	55	24	0.0	4	3135	4
428	34	2	0.0	3	3133	3
879	48	2	0.0	11	3136	11
767	36	25	0.0	10	3136	10
370	27	20	0.0	4	3133	4
528	24	10	0.0	4	3133	4
395	68	0	0.0	12	3128	12
671	12	6	0.0	1	3133	1
116	60	21	0.0	573	2661	573
375	32	26	0.0	3	3132	3
827	24	9	0.0	60	3130	60
723	64	14	0.0	2	3131	2
278	15	6	0.0	1	3133	1
788	40	11	0.0	1	3134	1
520	31	12	0.0	4	3134	4
723	18	27	0.0	3	3136	3
450	12	18	0.0	1	3133	1
815	28	20	0.0	55	3129	55
781	53	16	0.0	1	3132	1
583	24	21	0.0	16	3130	16
400	53	11	0.0	7	3132	7
116	49	21	0.0	60	3111	60
416	17	0	0.0	2	3133	2
630	17	6	0.0	36	3126	36
430	26	20	0.0	3	3132	3
788	33	23	0.0	1	3132	1
631	61	20	0.0	4	3131	4
479	69	23	0.0	3	3133	3
179	54	22	0.0	3	3132	3
644	15	16	0.0	1	3132	1
919	53	31	0.0	14	3135	14
293	55	30	0.0	5	3132	5
714	22	4	0.0	1	3133	1
567	31	27	0.0	1	3134	1
840	65	29	0.0	39	3135	39
364	52	28	0.0	2	3133	2
578	52	31	0.0	3	3134	3
424	34	23	0.0	6	3133	6
666	70	7	0.0	3	3132	3
206	52	22	0.0	1	3132	1
388	51	7	0.0	2	3134	2
160	40	14	0.0	13	3127	13
775	30	9	0.0	14	3138	14
356	31	17	0.0	2	3135	2
654	45	31	0.0	15	3142	15
296	32	31	0.0	5	3134	5
622	53	17	0.0	1	3134	1
370	31	17	0.0	5	3133	5
696	64	24	0.0	2	3132	2
739	27	31	0.0	5	3134	5
198	33	20	0.0	2	3134	2
459	51	1	0.0	7	3133	7
114	47	9	0.0	2	3134	2
618	43	9	0.0	4	3131	4
624	62	8	0.0	6	3134	6
424	39	4	0.0	2	3135	2
463	61	28	0.0	9	3133	9
284	47	19	0.0	15	3131	15
681	43	4	0.0	3	3134	3
528	48	29	0.0	8	3135	8
449	66	13	0.0	11	3135	11
528	58	19	0.0	1	3132	1
877	44	26	0.0	1	3132	1
560	48	17	0.0	1	3134	1
749	47	2	0.0	7	3133	7
469	70	9	0.0	3	3134	3
920	41	25	0.0	9	3136	9
177	27	23	0.0	1	3132	1
179	56	13	0.0	73	3114	73
746	31	10	0.0	1	3134	1
568	11	25	0.0	1	3134	1
748	34	25	0.0	11	3135	11
492	34	25	0.0	33	3135	33
291	62	3	0.0	2	3135	2
797	48	20	0.0	8	3134	8
407	13	22	0.0	1	3133	1
359	39	16	0.0	5	3132	5
668	68	14	0.0	37	3130	37
923	55	0	0.0	7	3134	7
402	39	11	0.0	1	3132	1
288	51	1	0.0	5	3130	5
677	29	20	0.0	14	3136	14
121	60	4	0.0	407	2910	407
136	44	9	0.0	1	3134	1
893	61	12	0.0	5	3130	5
699	26	22	0.0	5	3135	5
193	33	9	0.0	4	3132	4
829	33	15	0.0	2	3132	2
491	65	13	0.0	2	3132	2
298	56	31	0.0	3	3132	3
271	15	8	0.0	1	3132	1
774	52	6	0.0	2	3133	2
878	57	12	0.0	1	3133	1
788	23	2	0.0	4	3132	4
631	71	31	0.0	6	3129	6
885	53	27	0.0	26	3133	26
348	31	8	0.0	14	3129	14
301	37	25	0.0	2	3134	2
522	66	1	0.0	5	3135	5
916	25	5	0.0	32	3130	32
304	14	12	0.0	1	3132	1
356	38	25	0.0	4	3132	4
601	20	1	0.0	10	3135	10
424	54	13	0.0	1	3134	1
903	28	24	0.0	26	3131	26
687	39	16	0.0	1	3132	1
700	31	18	0.0	5	3135	5
631	42	1	0.0	2	3134	2
896	44	29	0.0	7	3132	7
263	20	18	0.0	1	3133	1
416	17	7	0.0	2	3133	2
566	6	23	0.0	1	3132	1
624	16	23	0.0	96	3129	96
562	46	29	0.0	1	3133	1
346	53	11	0.0	4	3136	4
434	66	17	0.0	15	3133	15
493	57	0	0.0	1	3134	1
661	36	15	0.0	1	3132	1
259	22	30	0.0	3	3132	3
289	29	27	0.0	1	3133	1
919	60	2	0.0	4	3134	4
500	28	11	0.0	4	3135	4
746	63	9	0.0	1	3133	1
904	33	9	0.0	17	3138	17
348	28	17	0.0	2	3131	2
796	45	0	0.0	3	3133	3
571	15	31	0.0	1	3132	1
248	7	3	0.0	3	3131	3
220	26	5	0.0	1	3133	1
706	38	7	0.0	3	3134	3
390	59	4	0.0	1	3134	1
571	10	26	0.0	1	3132	1
292	29	29	0.0	4	3133	4
778	61	16	0.0	8	3136	8
358	31	9	0.0	7	3134	7
420	31	17	0.0	7	3135	7
763	50	25	0.0	138	3124	138
694	45	1	0.0	3	3134	3
525	69	15	0.0	4	3133	2
435	56	9	0.0	6	3134	6
466	27	6	0.0	6	3133	6
528	63	14	0.0	1	3134	1
882	57	11	0.0	17	3132	17
201	31	1	0.0	13	3128	13
845	32	0	0.0	4	3133	4
250	31	22	0.0	5	3134	5
425	63	2	0.0	2	3135	2
783	57	17	0.0	59	3128	59
785	57	31	0.0	7	3131	7
683	35	4	0.0	12	3132	12
547	29	28	0.0	55	3134	55
374	41	28	0.0	22	3137	22
647	65	10	0.0	6	3131	6
416	61	27	0.0	22	3136	21
716	36	9	0.0	2	3135	2
965	24	19	0.0	3	3134	3
402	27	17	0.0	1	3132	1
228	53	19	0.0	1	3134	1
174	36	2	0.0	93	3107	93
752	24	28	0.0	4	3133	4
391	35	13	0.0	1	3133	1
662	48	16	0.0	4	3135	4
502	61	12	0.0	6	3135	6
667	62	9	0.0	1	3134	1
810	48	30	0.0	1	3133	1
800	23	17	0.0	1	3132	1
692	21	17	0.0	1	3134	1
624	21	6	0.0	28	3133	28
633	26	26	0.0	6	3136	6
777	32	2	0.0	3	3132	3
894	58	12	0.0	19	3133	19
362	28	16	0.0	1	3134	1
753	41	15	0.0	2	3134	2
393	61	12	0.0	2	3133	2
912	20	1	0.0	1	3134	1
288	36	3	0.0	11	3125	11
176	49	3	0.0	1	3133	1
424	65	0	0.0	2	3131	2
667	37	20	0.0	13	3138	13
501	40	6	0.0	3	3134	3
199	63	31	0.0	13	3134	13
345	64	3	0.0	34	3131	34
618	37	26	0.0	1	3132	1
578	24	4	0.0	1	3134	1
520	44	10	0.0	7	3135	7
920	58	3	0.0	4	3134	4
464	67	10	0.0	2	3131	2
565	57	10	0.0	5	3130	5
215	64	27	0.0	1	3133	1
445	29	3	0.0	1	3132	1
602	36	20	0.0	22	3136	22
533	31	9	0.0	1	3133	1
921	53	30	0.0	57	3132	57
358	66	13	0.0	11	3129	11
261	54	14	0.0	1	3134	1
700	59	7	0.0	2	3131	2
167	55	13	0.0	17	3131	19
370	27	26	0.0	1	3133	1
200	29	26	0.0	11	3132	11
395	65	29	0.0	4	3131	4
122	54	26	0.0	1	3132	1
468	46	5	0.0	1	3132	1
131	28	23	0.0	8	3134	8
731	53	25	0.0	25	3134	25
551	69	8	0.0	2	3133	2
522	49	13	0.0	1	3134	1
787	59	24	0.0	1	3132	1
640	31	14	0.0	1	3134	1
367	65	3	0.0	4	3135	4
779	23	24	0.0	1	3134	1
862	39	13	0.0	1	3134	1
173	49	30	0.0	19	3123	19
839	27	7	0.0	6	3136	6
674	24	11	0.0	6	3132	6
906	63	7	0.0	8	3135	8
845	40	20	0.0	1	3132	1
387	28	28	0.0	3	3133	3
539	65	17	0.0	2	3135	2
725	64	19	0.0	24	3131	24
665	53	19	0.0	4	3133	4
128	48	2	0.0	18	3131	18
502	55	20	0.0	2	3133	2
204	64	4	0.0	1	3132	1
458	36	21	0.0	1	3132	1
708	30	19	0.0	1	3134	1
637	45	2	0.0	1	3134	1
823	41	9	0.0	2	3133	2
625	51	27	0.0	2	3135	2
881	60	26	0.0	14	3134	14
947	26	25	0.0	16	3131	16
595	36	1	0.0	1	3132	1
576	60	4	0.0	14	3137	14
681	48	25	0.0	5	3134	5
731	65	24	0.0	25	3133	25
351	18	9	0.0	89	3118	89
637	27	16	0.0	1	3134	1
166	46	13	0.0	3	3132	3
368	58	30	0.0	2	3133	2
312	54	14	0.0	3	3132	3
502	44	5	0.0	1	3134	1
527	64	24	0.0	1	3134	1
946	62	7	0.0	38	3131	38
363	62	15	0.0	17	3140	17
877	63	4	0.0	5	3134	5
552	40	22	0.0	7	3134	7
299	28	6	0.0	2	3133	2
433	57	11	0.0	1	3134	1
367	61	16	0.0	19	3130	19
362	54	31	0.0	6	3130	6
495	59	28	0.0	5	3133	5
420	24	1	0.0	2	3133	2
676	60	28	0.0	3	3134	3
393	55	11	0.0	1	3132	1
364	57	21	0.0	2	3133	2
761	65	29	0.0	36	3134	36
576	32	20	0.0	2	3132	2
564	23	22	0.0	12	3134	12
464	16	14	0.0	19	3134	19
293	53	23	0.0	7	3135	7
568	26	23	0.0	1	3134	1
596	54	0	0.0	1	3132	7
880	34	18	0.0	24	3141	24
177	45	5	0.0	1	3132	1
201	19	28	0.0	28	3130	28
461	53	21	0.0	4	3133	4
421	44	1	0.0	2	3135	2
630	23	27	0.0	10	3133	10
373	31	13	0.0	1	3134	1
957	24	30	0.0	21	3130	21
536	65	1	0.0	3	3134	3
718	40	3	0.0	7	3134	7
255	63	14	0.0	2	3133	2
628	23	14	0.0	3	3135	3
287	42	18	0.0	4	3133	4
524	55	27	0.0	2	3131	2
602	49	6	0.0	15	3135	15
631	56	2	0.0	6	3135	6
538	35	26	0.0	1	3134	1
128	70	16	0.0	10	3136	10
925	30	5	0.0	3	3133	3
707	42	16	0.0	1	3132	1
651	16	4	0.0	1	3134	1
893	63	9	0.0	24	3122	24
388	32	31	0.0	2	3132	2
433	55	26	0.0	1	3132	1
601	58	10	0.0	16	3135	16
559	24	22	0.0	20	3131	20
631	20	20	0.0	1	3134	1
819	56	20	0.0	1	3134	1
586	53	7	0.0	1	3133	1
875	38	17	0.0	6	3134	6
132	28	9	0.0	3	3132	3
126	32	2	0.0	10	3134	10
381	38	25	0.0	9	3135	9
575	54	7	0.0	1	3132	1
169	58	25	0.0	16	3135	16
546	22	6	0.0	9	3137	9
966	35	18	0.0	3	3133	3
699	40	2	0.0	18	3132	18
472	37	16	0.0	1	3134	1
920	49	22	0.0	33	3125	33
629	46	10	0.0	7	3136	7
362	28	2	0.0	4	3133	4
526	26	3	0.0	3	3132	3
924	26	23	0.0	10	3131	10
458	46	15	0.0	2	3134	2
742	60	23	0.0	3	3134	3
466	62	19	0.0	1	3134	1
529	3	20	0.0	56	3125	56
735	14	30	0.0	14	3139	14
462	32	8	0.0	7	3133	7
425	33	7	0.0	8	3137	8
738	61	31	0.0	6	3137	6
328	14	16	0.0	10	3131	10
422	53	3	0.0	13	3129	13
311	61	25	0.0	3	3134	3
189	65	10	0.0	63	3127	63
660	36	31	0.0	2	3133	2
618	52	17	0.0	21	3132	21
911	22	9	0.0	37	3130	37
438	60	23	0.0	2	3133	2
526	36	19	0.0	13	3127	13
423	14	18	0.0	37	3135	37
462	42	1	0.0	6	3135	6
309	56	2	0.0	1	3134	1
810	31	0	0.0	1	3134	1
742	18	5	0.0	2	3133	2
920	37	4	0.0	3	3131	3
534	23	17	0.0	1	3133	1
325	46	9	0.0	3	3132	3
792	40	30	0.0	1	3134	1
219	21	9	0.0	3	3133	3
582	53	3	0.0	19	3130	19
712	53	12	0.0	1	3132	1
360	44	24	0.0	4	3132	4
913	48	5	0.0	11	3131	11
765	23	1	0.0	10	3133	10
656	36	25	0.0	7	3134	7
298	31	23	0.0	7	3132	7
778	57	17	0.0	37	3133	37
745	49	17	0.0	1	3134	1
531	63	29	0.0	5	3131	5
395	30	31	0.0	3	3131	3
179	43	2	0.0	1	3133	1
256	31	14	0.0	13	3135	13
713	34	13	0.0	9	3133	9
730	58	5	0.0	6	3131	6
623	42	14	0.0	9	3132	9
920	55	22	0.0	21	3134	21
787	57	7	0.0	1	3134	1
344	23	16	0.0	5	3133	5
782	30	2	0.0	6	3133	6
918	25	28	0.0	23	3136	23
691	58	26	0.0	1	3132	1
925	44	7	0.0	1	3134	1
142	58	3	0.0	6	3133	6
731	41	30	0.0	8	3135	8
787	66	16	0.0	1	3134	1
354	48	19	0.0	2	3133	2
355	19	27	0.0	101	3117	101
433	49	25	0.0	1	3134	1
795	31	2	0.0	5	3133	5
670	51	5	0.0	4	3135	4
303	23	11	0.0	1	3134	1
279	49	19	0.0	1	3134	1
942	63	13	0.0	8	3133	8
547	24	0	0.0	11	3130	11
750	61	31	0.0	1	3132	1
962	40	12	0.0	6	3129	6
669	58	28	0.0	1	3134	1
433	36	30	0.0	9	3133	9
299	18	23	0.0	3	3135	3
223	38	2	0.0	2	3134	2
476	68	20	0.0	1	3134	1
908	63	1	0.0	7	3132	7
744	39	5	0.0	1	3133	1
743	40	12	0.0	2	3133	2
680	25	23	0.0	1	3134	1
353	25	25	0.0	26	3136	26
644	10	29	0.0	1	3133	1
773	52	25	0.0	7	3134	7
274	6	7	0.0	24	3137	24
498	39	15	0.0	1	3132	1
459	39	7	0.0	7	3136	7
353	56	26	0.0	1	3134	1
301	44	28	0.0	5	3132	5
424	51	21	0.0	23	3136	23
947	56	23	0.0	48	3127	48
947	66	12	0.0	63	3130	63
661	40	9	0.0	17	3136	17
395	38	4	0.0	1	3132	1
539	38	24	0.0	1	3132	1
179	36	27	0.0	2	3133	2
947	66	26	0.0	120	3128	120
279	52	17	0.0	2	3133	2
699	53	31	0.0	2	3131	2
634	47	21	0.0	1	3132	1
650	51	20	0.0	1	3133	1
498	56	21	0.0	40	3143	40
152	51	20	0.0	3	3136	6
556	37	1	0.0	5	3132	5
253	32	5	0.0	5	3132	5
161	66	15	0.0	59	3111	59
528	37	18	0.0	1	3134	1
563	15	6	0.0	2	3135	2
677	47	15	0.0	22	3136	22
892	37	3	0.0	1	3134	1
742	52	14	0.0	4	3131	4
308	23	25	0.0	1	3133	1
524	58	22	0.0	3	3133	3
779	46	5	0.0	16	3134	7
829	33	5	0.0	1	3132	1
380	44	25	0.0	35	3133	34
436	58	2	0.0	2	3132	2
625	33	23	0.0	16	3139	16
794	55	25	0.0	1	3134	1
558	28	19	0.0	29	3138	35
524	34	16	0.0	8	3128	8
690	34	11	0.0	9	3138	9
578	26	28	0.0	1	3132	1
707	30	5	0.0	3	3136	3
697	53	4	0.0	6	3132	6
197	69	18	0.0	25	3125	25
261	30	29	0.0	1	3132	1
664	64	26	0.0	1	3134	1
697	17	3	0.0	20	3137	20
354	34	31	0.0	2	3132	1
632	25	10	0.0	1	3134	1
907	53	31	0.0	24	3130	24
835	36	16	0.0	5	3135	5
872	28	8	0.0	28	3138	28
358	53	6	0.0	1	3134	1
355	49	16	0.0	4	3131	4
770	26	14	0.0	15	3135	15
366	28	29	0.0	3	3134	3
165	74	4	0.0	4	3133	4
139	59	12	0.0	45	3123	45
668	38	6	0.0	4	3133	4
807	46	29	0.0	1	3132	1
518	47	13	0.0	2	3132	2
133	31	20	0.0	37	3098	37
686	27	25	0.0	1	3133	1
883	36	7	0.0	1	3134	1
289	45	7	0.0	1	3132	1
670	15	27	0.0	1	3132	1
461	13	0	0.0	224	3067	215
872	28	18	0.0	5	3132	5
543	46	26	0.0	1	3134	1
630	20	19	0.0	8	3134	8
251	28	28	0.0	7	3130	7
131	28	28	0.0	4	3136	4
630	18	2	0.0	15	3132	15
179	52	29	0.0	3	3132	3
712	47	4	0.0	1	3134	1
291	48	11	0.0	9	3131	9
159	36	17	0.0	7	3135	7
165	26	9	0.0	17	3138	17
390	52	17	0.0	10	3130	10
809	60	25	0.0	18	3130	18
734	34	26	0.0	3	3135	3
402	35	7	0.0	5	3135	5
813	37	1	0.0	13	3134	13
292	65	1	0.0	3	3134	3
293	55	17	0.0	7	3133	7
383	11	6	0.0	27	3135	27
117	69	11	0.0	2	3134	2
755	40	27	0.0	0	3133	1
662	32	10	0.0	7	3133	7
805	24	4	0.0	2	3134	2
331	41	21	0.0	3	3133	3
410	41	2	0.0	5	3133	5
141	64	3	0.0	31	3129	31
272	56	29	0.0	1	3133	1
623	30	7	0.0	21	3128	21
780	22	28	0.0	12	3135	12
824	28	8	0.0	1	3134	1
818	57	7	0.0	16	3133	16
435	54	15	0.0	7	3132	7
422	58	9	0.0	1	3134	1
678	32	14	0.0	12	3136	12
167	32	31	0.0	11	3135	11
562	55	3	0.0	13	3126	13
429	54	30	0.0	5	3131	5
169	64	24	0.0	157	3041	157
563	12	19	0.0	38	3130	38
734	57	7	0.0	13	3139	13
438	21	28	0.0	16	3134	16
379	66	29	0.0	1	3133	1
532	65	18	0.0	2	3134	6
188	25	16	0.0	18	3124	18
796	51	27	0.0	32	3132	32
265	26	28	0.0	1	3132	1
493	51	27	0.0	1	3132	1
396	39	21	0.0	1	3133	1
296	51	25	0.0	14	3131	14
663	16	16	0.0	2	3135	2
560	61	12	0.0	11	3134	11
434	60	9	0.0	1	3133	1
447	31	28	0.0	33	3132	33
129	58	15	0.0	11	3129	11
915	26	24	0.0	14	3133	14
590	54	19	0.0	8	3133	8
149	60	1	0.0	8	3133	7
491	39	8	0.0	11	3135	11
297	30	26	0.0	2	3132	2
811	51	12	0.0	2	3133	2
732	36	16	0.0	6	3133	6
703	46	24	0.0	13	3137	13
399	32	8	0.0	2	3133	2
576	52	24	0.0	2	3132	2
822	24	15	0.0	4	3133	4
701	14	23	0.0	16	3138	16
687	49	19	0.0	1	3132	1
740	49	9	0.0	5	3135	5
385	27	6	0.0	51	3122	51
842	41	20	0.0	12	3137	12
440	31	21	0.0	3	3133	3
261	51	5	0.0	1	3132	1
705	59	21	0.0	15	3135	15
273	58	5	0.0	1	3132	1
661	45	17	0.0	2	3133	2
354	27	20	0.0	1	3132	1
565	41	17	0.0	1	3134	1
172	45	21	0.0	2	3133	2
929	65	18	0.0	7	3130	7
169	65	4	0.0	2	3132	2
774	21	13	0.0	1	3132	1
414	27	31	0.0	1	3132	1
214	33	30	0.0	13	3134	13
552	64	5	0.0	21	3133	21
913	64	2	0.0	58	3132	58
624	57	17	0.0	3	3132	3
200	20	6	0.0	4	3133	4
898	32	22	0.0	16	3133	16
127	58	26	0.0	11	3133	11
402	36	6	0.0	1	3133	1
157	51	5	0.0	5	3133	5
570	13	28	0.0	1	3134	1
728	31	4	0.0	3	3132	3
351	30	26	0.0	1	3134	1
109	48	31	0.0	112	3130	112
80	60	20	0.0	126	3104	115
744	30	19	0.0	7	3132	7
759	14	14	0.0	1	3134	1
302	26	20	0.0	4	3133	4
787	57	19	0.0	3	3132	3
915	27	1	0.0	13	3131	13
664	26	10	0.0	1	3134	1
625	16	20	0.0	3	3135	3
311	11	4	0.0	3	3134	3
221	54	9	0.0	1564	1926	1564
369	60	25	0.0	3	3134	3
398	38	15	0.0	1	3134	1
535	64	21	0.0	1	3134	1
755	33	3	0.0	8	3136	8
737	41	4	0.0	7	3130	7
806	40	21	0.0	2	3133	3
403	46	17	0.0	1	3134	1
792	20	10	0.0	2	3135	2
423	46	14	0.0	15	3130	15
389	49	21	0.0	34	3128	34
544	57	31	0.0	1	3132	1
674	39	26	0.0	11	3131	11
378	63	26	0.0	1	3133	1
387	42	26	0.0	2	3131	2
305	54	2	0.0	7	3132	7
883	57	15	0.0	3	3131	3
664	53	8	0.0	13	3133	13
482	64	30	0.0	1	3134	1
551	21	5	0.0	3	3133	3
353	39	22	0.0	18	3130	18
279	34	23	0.0	8	3133	8
299	37	19	0.0	3	3136	3
738	41	31	0.0	2	3134	2
109	51	9	0.0	5	3134	5
323	34	10	0.0	5	3130	5
661	39	27	0.0	16	3139	20
297	46	1	0.0	1	3134	1
476	41	10	0.0	7	3132	7
362	22	30	0.0	26	3134	26
702	28	26	0.0	6	3136	6
491	53	30	0.0	4	3132	4
623	47	10	0.0	8	3131	8
660	35	28	0.0	1	3133	1
743	54	0	0.0	6	3132	6
468	61	10	0.0	6	3133	6
331	44	29	0.0	1	3134	1
290	67	13	0.0	1	3134	1
166	38	13	0.0	13	3136	13
425	32	11	0.0	24	3130	24
314	21	23	0.0	2	3134	2
603	35	3	0.0	1	3134	1
885	56	24	0.0	2	3131	2
191	24	18	0.0	2	3133	2
781	30	7	0.0	6	3138	6
702	59	1	0.0	14	3132	14
704	22	9	0.0	3	3134	3
925	31	22	0.0	6	3128	6
787	60	18	0.0	3	3131	3
399	39	4	0.0	2	3135	2
252	63	1	0.0	1	3132	1
928	25	0	0.0	3	3135	3
865	49	22	0.0	13	3122	13
180	64	20	0.0	76	3119	76
771	23	4	0.0	11	3136	11
118	51	17	0.0	1	3132	1
481	40	3	0.0	1	3132	1
258	42	16	0.0	1	3134	1
670	22	29	0.0	24	3137	24
932	45	0	0.0	6	3134	6
277	33	28	0.0	3	3132	3
817	54	28	0.0	2	3134	2
725	17	19	0.0	7	3136	7
771	16	19	0.0	0	3133	2
929	59	23	0.0	25	3130	25
465	54	17	0.0	1	3133	1
351	64	14	0.0	2	3133	2
629	65	9	0.0	5	3132	5
779	51	12	0.0	1	3133	1
478	57	15	0.0	12	3131	12
696	16	13	0.0	2	3132	2
942	64	1	0.0	44	3104	44
328	46	21	0.0	6	3131	6
813	32	31	0.0	3	3134	3
168	76	25	0.0	10	3135	10
409	39	17	0.0	1	3132	1
799	40	0	0.0	3	3134	3
898	22	22	0.0	16	3130	16
564	35	18	0.0	30	3134	30
330	51	5	0.0	16	3138	16
463	29	15	0.0	11	3131	11
771	25	17	0.0	4	3136	4
424	48	20	0.0	1	3134	2
402	59	7	0.0	1	3132	1
699	15	20	0.0	123	3103	123
630	36	15	0.0	3	3136	3
636	33	10	0.0	2	3134	2
296	33	15	0.0	1	3134	1
563	64	28	0.0	2	3132	2
540	56	5	0.0	4	3134	4
467	49	28	0.0	15	3130	15
397	66	22	0.0	31	3135	31
189	23	6	0.0	13	3134	13
840	22	29	0.0	9	3134	9
756	37	31	0.0	1	3133	1
701	38	9	0.0	13	3133	13
844	33	0	0.0	12	3133	12
822	58	19	0.0	10	3135	10
352	54	31	0.0	4	3131	4
400	29	18	0.0	1	3133	1
368	29	8	0.0	2	3133	2
136	61	27	0.0	1	3133	1
325	58	16	0.0	1	3133	1
731	28	22	0.0	6	3134	6
620	27	17	0.0	2	3131	2
567	44	6	0.0	2	3134	2
278	25	25	0.0	13	3135	13
812	29	24	0.0	19	3139	19
276	52	27	0.0	2	3131	2
363	64	23	0.0	2	3133	2
698	35	18	0.0	4	3137	4
176	63	20	0.0	1	3134	1
654	20	21	0.0	1	3134	1
710	49	19	0.0	1	3134	1
438	41	4	0.0	3	3133	3
706	35	28	0.0	5	3130	5
331	14	19	0.0	22	3132	22
697	30	13	0.0	3	3135	3
280	54	20	0.0	20	3131	20
296	27	24	0.0	1	3134	1
442	55	7	0.0	5	3131	5
267	29	13	0.0	5	3132	5
416	22	22	0.0	11	3132	11
523	61	5	0.0	1	3134	1
601	13	11	0.0	29	3128	28
280	22	30	0.0	29	3141	29
363	60	4	0.0	1	3132	1
296	31	5	0.0	1	3133	1
628	41	1	0.0	19	3137	19
467	49	25	0.0	2	3133	2
636	49	19	0.0	19	3138	19
436	56	26	0.0	9	3133	9
659	41	2	0.0	6	3136	6
778	26	21	0.0	2	3133	2
307	26	10	0.0	1	3134	1
767	21	12	0.0	3	3132	3
406	29	22	0.0	1	3132	1
624	39	27	0.0	22	3131	22
196	70	23	0.0	2	3131	2
710	42	31	0.0	20	3135	20
885	57	27	0.0	39	3126	39
793	31	2	0.0	2	3133	2
949	35	27	0.0	8	3136	8
213	42	29	0.0	1	3133	1
864	46	4	0.0	8	3131	8
411	55	25	0.0	4	3132	4
709	49	18	0.0	2	3135	2
431	47	30	0.0	9	3133	9
717	28	28	0.0	1	3134	1
877	48	9	0.0	4	3133	19
363	12	13	0.0	17	3125	17
448	62	15	0.0	4	3131	4
142	51	24	0.0	1	3132	1
952	36	4	0.0	31	3116	31
696	61	29	0.0	11	3134	11
733	66	11	0.0	40	3140	5
298	38	14	0.0	5	3133	5
942	33	23	0.0	176	3117	176
602	29	20	0.0	29	3134	29
494	28	23	0.0	8	3132	8
393	56	26	0.0	3	3134	3
432	28	11	0.0	2	3133	2
689	22	25	0.0	28	3141	35
740	31	27	0.0	3	3134	3
303	46	14	0.0	1	3134	1
735	44	5	0.0	4	3133	4
195	25	21	0.0	1	3132	1
196	66	10	0.0	21	3123	21
359	22	22	0.0	40	3134	40
668	28	21	0.0	5	3135	5
293	26	7	0.0	1	3132	1
253	54	16	0.0	4	3133	4
439	66	8	0.0	1	3134	1
618	65	11	0.0	9	3132	9
783	44	9	0.0	4	3134	4
591	59	1	0.0	1	3133	10
365	67	21	0.0	5	3134	5
288	53	4	0.0	3	3132	3
390	42	4	0.0	1	3133	1
257	24	3	0.0	3	3134	3
776	31	20	0.0	4	3134	4
275	58	0	0.0	5	3134	5
635	39	0	0.0	1	3132	1
698	53	21	0.0	19	3136	19
545	20	31	0.0	2	3135	2
429	38	13	0.0	1	3134	1
563	44	30	0.0	1	3134	1
955	63	31	0.0	12	3127	12
559	31	1	0.0	1	3134	1
267	30	24	0.0	5	3133	5
413	61	5	0.0	2	3134	2
758	49	13	0.0	4	3133	4
575	32	12	0.0	5	3132	5
208	29	8	0.0	1	3132	1
359	48	29	0.0	16	3136	16
195	24	22	0.0	86	3127	86
736	28	22	0.0	5	3134	5
661	25	1	0.0	4	3134	4
394	60	0	0.0	6	3132	6
806	35	9	0.0	1	3132	1
466	37	12	0.0	12	3134	12
576	15	22	0.0	2	3131	2
664	43	0	0.0	2	3134	2
395	46	11	0.0	29	3132	29
517	18	26	0.0	16	3135	17
425	56	31	0.0	3	3134	3
177	62	13	0.0	215	2971	215
583	15	30	0.0	1	3134	1
171	75	9	0.0	1	3132	1
162	39	5	0.0	6	3132	6
904	26	14	0.0	153	3126	153
422	55	7	0.0	18	3135	18
497	59	2	0.0	2	3133	2
276	52	31	0.0	4	3134	4
269	46	29	0.0	4	3131	4
747	37	10	0.0	10	3140	10
435	54	29	0.0	1	3133	1
624	30	24	0.0	12	3134	12
258	11	23	0.0	16	3134	16
409	61	31	0.0	1	3133	1
720	24	31	0.0	5	3134	5
785	26	15	0.0	2	3135	2
704	30	22	0.0	12	3136	12
356	65	28	0.0	1	3134	1
399	49	23	0.0	1	3134	1
464	55	28	0.0	5	3134	5
565	21	19	0.0	2	3133	2
671	42	24	0.0	3	3133	3
929	37	20	0.0	1	3134	1
298	30	29	0.0	3	3134	3
183	42	9	0.0	7	3134	7
714	52	16	0.0	1	3134	1
703	59	29	0.0	2	3133	2
227	35	14	0.0	24	3136	24
424	29	7	0.0	7	3137	7
694	40	10	0.0	1	3132	1
828	39	15	0.0	3	3133	3
346	47	23	0.0	2	3135	2
673	17	18	0.0	4	3131	4
548	27	11	0.0	1	3132	1
425	56	30	0.0	3	3134	3
624	70	8	0.0	1	3133	1
567	54	30	0.0	5	3136	5
176	43	24	0.0	33	3129	33
409	29	21	0.0	1	3133	1
524	46	20	0.0	1	3134	1
531	42	21	0.0	17	3133	17
414	25	16	0.0	1	3134	1
793	17	3	0.0	1	3134	1
124	28	11	0.0	4	3133	4
268	45	2	0.0	13	3134	13
593	30	7	0.0	0	3133	19
155	49	6	0.0	7	3131	7
443	32	31	0.0	1	3133	1
352	27	18	0.0	3	3131	3
196	55	28	0.0	1	3134	1
731	31	8	0.0	13	3134	13
135	40	13	0.0	1	3134	1
206	53	30	0.0	1	3132	1
462	55	13	0.0	3	3130	3
453	34	10	0.0	1	3134	1
780	60	4	0.0	14	3136	14
784	57	30	0.0	72	3121	72
813	28	28	0.0	8	3136	8
148	42	0	0.0	1	3132	1
265	27	27	0.0	15	3134	15
919	34	16	0.0	432	2893	432
434	62	22	0.0	7	3132	7
660	51	8	0.0	11	3134	11
807	60	0	0.0	683	2807	683
951	63	24	0.0	6	3135	6
721	23	23	0.0	1	3132	1
393	18	21	0.0	1	3132	1
876	35	26	0.0	30	3139	30
659	38	4	0.0	1	3134	1
435	21	8	0.0	1	3134	1
864	62	12	0.0	14	3141	14
467	45	5	0.0	8	3132	8
498	46	3	0.0	9	3131	9
795	23	21	0.0	1	3134	1
360	44	8	0.0	2	3131	2
701	44	9	0.0	21	3135	21
368	57	16	0.0	1	3133	1
623	36	21	0.0	2	3133	2
591	36	4	0.0	23	3133	23
690	42	10	0.0	1	3133	1
288	53	11	0.0	1	3133	1
464	34	24	0.0	17	3137	17
431	34	11	0.0	7	3135	7
797	5	3	0.0	815	2731	815
473	52	1	0.0	1	3134	1
917	36	26	0.0	24	3133	24
183	33	21	0.0	5	3131	5
720	35	24	0.0	1	3132	1
168	55	4	0.0	13	3128	13
274	41	0	0.0	44	3130	44
930	25	17	0.0	11	3130	11
739	35	8	0.0	19	3141	19
284	28	18	0.0	5	3134	5
788	32	0	0.0	1	3134	1
486	42	7	0.0	1	3133	1
357	62	1	0.0	14	3131	14
400	58	6	0.0	1	3132	1
265	34	20	0.0	4	3131	4
532	57	19	0.0	2	3135	2
662	48	28	0.0	2	3134	2
735	45	27	0.0	6	3136	6
875	59	2	0.0	8	3134	8
713	16	26	0.0	2	3134	2
402	38	22	0.0	1	3132	1
481	69	23	0.0	1	3132	1
296	52	11	0.0	2	3134	2
525	28	6	0.0	22	3137	22
457	41	10	0.0	25	3133	25
189	53	14	0.0	7	3135	7
292	33	6	0.0	1	3134	1
464	72	13	0.0	14	3132	14
920	57	29	0.0	30	3130	30
472	56	0	0.0	1	3134	1
648	64	26	0.0	6	3134	6
163	76	8	0.0	68	3136	68
885	31	8	0.0	16	3138	16
535	61	27	0.0	1	3133	1
792	62	16	0.0	18	3137	18
746	22	28	0.0	2	3135	2
741	21	3	0.0	5	3136	5
270	32	25	0.0	3	3132	3
808	35	1	0.0	7	3132	7
745	28	19	0.0	3	3136	3
434	58	29	0.0	1	3134	1
910	54	2	0.0	27	3134	27
634	16	15	0.0	23	3125	23
780	29	28	0.0	5	3134	5
420	12	5	0.0	4	3132	4
298	45	31	0.0	2	3135	2
828	27	24	0.0	17	3130	17
780	36	5	0.0	15	3134	15
168	45	22	0.0	15	3128	15
747	33	15	0.0	17	3138	17
285	49	1	0.0	2	3131	2
430	14	17	0.0	208	3059	208
297	35	3	0.0	16	3133	16
881	54	22	0.0	24	3135	24
282	18	5	0.0	12	3130	12
904	38	7	0.0	6	3130	6
677	31	20	0.0	16	3135	16
72	2	31	0.0	0	3133	0
72	5	28	0.0	0	3133	0
72	10	7	0.0	0	3133	0
72	12	1	0.0	0	3133	0
72	13	7	0.0	0	3133	0
72	21	11	0.0	0	3133	0
72	26	23	0.0	0	3133	0
72	31	7	0.0	0	3133	0
72	34	26	0.0	0	3133	0
72	34	29	0.0	0	3133	0
72	35	16	0.0	0	3133	0
72	37	16	0.0	0	3133	0
72	40	23	0.0	0	3133	0
72	43	3	0.0	0	3133	0
72	49	18	0.0	0	3133	0
72	63	17	0.0	0	3133	0
72	64	2	0.0	0	3133	0
72	65	13	0.0	0	3133	0
72	74	16	0.0	0	3133	0
72	78	6	0.0	0	3133	0
72	84	3	0.0	0	3133	0
72	86	13	0.0	0	3133	0
72	92	7	0.0	0	3133	0
72	93	10	0.0	0	3133	0
72	95	9	0.0	0	3133	0
72	100	5	0.0	0	3133	0
73	4	22	0.0	0	3133	0
73	17	10	0.0	0	3133	0
73	22	21	0.0	0	3133	0
73	25	15	0.0	0	3133	0
73	34	24	0.0	0	3133	0
73	39	4	0.0	0	3133	0
73	40	30	0.0	0	3133	0
73	43	7	0.0	0	3133	0
73	45	24	0.0	0	3133	0
73	46	0	0.0	0	3133	0
73	53	4	0.0	0	3133	0
73	57	2	0.0	0	3133	0
73	67	13	0.0	0	3133	0
73	67	30	0.0	0	3133	0
73	68	1	0.0	0	3133	0
73	75	26	0.0	0	3133	0
73	80	2	0.0	0	3133	0
73	85	4	0.0	0	3133	0
73	87	2	0.0	0	3133	0
73	98	27	0.0	0	3133	0
74	2	27	0.0	0	3133	0
74	3	19	0.0	0	3133	0
74	13	0	0.0	0	3133	0
74	15	4	0.0	0	3133	0
74	16	16	0.0	0	3133	0
74	19	19	0.0	0	3133	0
74	21	21	0.0	0	3133	0
74	41	30	0.0	0	3133	0
74	46	0	0.0	0	3133	0
74	54	14	0.0	0	3133	0
74	57	12	0.0	0	3133	0
74	58	23	0.0	0	3133	0
74	67	22	0.0	0	3133	0
74	67	25	0.0	0	3133	0
74	68	4	0.0	0	3133	0
74	68	6	0.0	0	3133	0
74	80	3	0.0	0	3133	0
74	80	10	0.0	0	3133	0
74	82	14	0.0	0	3133	0
74	92	0	0.0	0	3133	0
74	96	14	0.0	0	3133	0
75	3	7	0.0	0	3133	0
75	3	11	0.0	0	3133	0
75	6	13	0.0	0	3133	0
75	9	17	0.0	0	3133	0
75	18	21	0.0	0	3133	0
75	20	20	0.0	0	3133	0
75	22	30	0.0	0	3133	0
75	31	21	0.0	0	3133	0
75	37	11	0.0	0	3133	0
75	41	1	0.0	0	3133	0
75	44	3	0.0	0	3133	0
75	45	24	0.0	0	3133	0
75	46	5	0.0	0	3133	0
75	46	8	0.0	0	3133	0
75	52	4	0.0	0	3133	0
75	52	10	0.0	0	3133	0
75	58	30	0.0	0	3133	0
75	59	5	0.0	0	3133	0
75	61	23	0.0	0	3133	0
75	66	29	0.0	0	3133	0
75	67	25	0.0	0	3133	0
75	68	6	0.0	0	3133	0
75	69	4	0.0	0	3133	0
75	70	16	0.0	0	3133	0
75	74	12	0.0	0	3133	0
75	78	6	0.0	0	3133	0
75	78	10	0.0	0	3133	0
75	79	14	0.0	0	3133	0
75	88	18	0.0	0	3133	0
75	88	22	0.0	0	3133	0
75	90	5	0.0	0	3133	0
75	94	4	0.0	0	3133	0
76	2	21	0.0	0	3133	0
76	25	4	0.0	0	3133	0
76	27	2	0.0	0	3133	0
76	43	18	0.0	0	3133	0
76	46	1	0.0	0	3133	0
76	53	30	0.0	0	3133	0
76	54	26	0.0	0	3133	0
76	55	25	0.0	0	3133	0
76	59	27	0.0	0	3133	0
76	73	1	0.0	0	3133	0
76	73	15	0.0	0	3133	0
76	75	14	0.0	0	3133	0
76	79	20	0.0	0	3133	0
76	87	11	0.0	0	3133	0
76	91	24	0.0	0	3133	0
77	9	5	0.0	0	3133	0
77	15	25	0.0	0	3133	0
77	18	13	0.0	0	3133	0
77	35	6	0.0	0	3133	0
77	38	4	0.0	0	3133	0
77	47	4	0.0	0	3133	0
77	55	3	0.0	0	3133	0
77	65	28	0.0	0	3133	0
77	73	29	0.0	0	3133	0
77	74	6	0.0	0	3133	0
77	76	15	0.0	0	3133	0
77	79	5	0.0	0	3133	0
77	80	5	0.0	0	3133	0
77	83	31	0.0	0	3133	0
77	84	24	0.0	0	3133	0
77	87	13	0.0	0	3133	0
77	91	12	0.0	0	3133	0
77	92	10	0.0	0	3133	0
77	95	25	0.0	0	3133	0
77	95	28	0.0	0	3133	0
77	96	25	0.0	0	3133	0
78	10	11	0.0	0	3133	0
78	11	22	0.0	0	3133	0
78	12	12	0.0	0	3133	0
78	12	29	0.0	0	3133	0
78	15	20	0.0	0	3133	0
78	17	26	0.0	0	3133	0
78	18	20	0.0	0	3133	0
78	20	14	0.0	0	3133	0
78	24	3	0.0	0	3133	0
78	25	30	0.0	0	3133	0
78	35	24	0.0	0	3133	0
78	42	16	0.0	0	3133	0
78	43	11	0.0	0	3133	0
78	47	8	0.0	0	3133	0
78	50	25	0.0	0	3133	0
78	56	2	0.0	0	3133	0
78	56	11	0.0	0	3133	0
78	72	4	0.0	0	3133	0
78	78	19	0.0	0	3133	0
78	81	5	0.0	0	3133	0
78	85	10	0.0	0	3133	0
78	90	30	0.0	0	3133	0
78	95	20	0.0	0	3133	0
78	97	5	0.0	0	3133	0
78	97	26	0.0	0	3133	0
78	100	8	0.0	0	3133	0
79	3	25	0.0	0	3133	0
79	4	3	0.0	0	3133	0
79	4	11	0.0	0	3133	0
79	5	26	0.0	0	3133	0
79	6	14	0.0	0	3133	0
79	11	7	0.0	0	3133	0
79	19	6	0.0	0	3133	0
79	22	6	0.0	0	3133	0
79	22	9	0.0	0	3133	0
79	32	3	0.0	0	3133	0
79	37	8	0.0	0	3133	0
79	39	3	0.0	0	3133	0
79	39	17	0.0	0	3133	0
79	39	28	0.0	0	3133	0
79	44	13	0.0	0	3133	0
79	55	15	0.0	0	3133	0
79	60	9	0.0	0	3133	0
79	62	2	0.0	0	3133	0
79	64	3	0.0	0	3133	0
79	66	27	0.0	0	3133	0
79	68	4	0.0	0	3133	0
79	76	5	0.0	0	3133	0
79	90	20	0.0	0	3133	0
79	95	18	0.0	0	3133	0
79	97	30	0.0	0	3133	0
80	0	6	0.0	0	3133	0
80	4	6	0.0	0	3133	0
80	22	4	0.0	0	3133	0
80	34	16	0.0	0	3133	0
80	51	2	0.0	0	3133	0
80	53	25	0.0	0	3133	0
80	57	28	0.0	0	3133	0
80	69	16	0.0	0	3133	0
80	69	23	0.0	0	3133	0
80	80	4	0.0	0	3133	0
80	82	5	0.0	0	3133	0
80	85	20	0.0	0	3133	0
80	86	31	0.0	0	3133	0
80	92	13	0.0	0	3133	0
80	96	20	0.0	0	3133	0
81	3	8	0.0	0	3133	0
81	8	18	0.0	0	3133	0
81	11	5	0.0	0	3133	0
81	11	9	0.0	0	3133	0
81	14	21	0.0	0	3133	0
81	15	11	0.0	0	3133	0
81	16	17	0.0	0	3133	0
81	20	2	0.0	0	3133	0
81	22	19	0.0	0	3133	0
81	24	20	0.0	0	3133	0
81	27	10	0.0	0	3133	0
81	39	8	0.0	0	3133	0
81	43	11	0.0	0	3133	0
81	48	8	0.0	0	3133	0
81	53	8	0.0	0	3133	0
81	58	24	0.0	0	3133	0
81	64	20	0.0	0	3133	0
81	65	21	0.0	0	3133	0
81	68	1	0.0	0	3133	0
81	70	16	0.0	0	3133	0
81	76	11	0.0	0	3133	0
81	77	23	0.0	0	3133	0
81	78	5	0.0	0	3133	0
81	80	7	0.0	0	3133	0
81	83	4	0.0	0	3133	0
81	88	25	0.0	0	3133	0
82	0	9	0.0	0	3133	0
82	5	13	0.0	0	3133	0
82	16	16	0.0	0	3133	0
82	16	27	0.0	0	3133	0
82	19	9	0.0	0	3133	0
82	38	19	0.0	0	3133	0
82	47	27	0.0	0	3133	0
82	49	10	0.0	0	3133	0
82	50	27	0.0	0	3133	0
82	52	13	0.0	0	3133	0
82	53	13	0.0	0	3133	0
82	66	29	0.0	0	3133	0
82	67	23	0.0	0	3133	0
82	69	14	0.0	0	3133	0
82	74	13	0.0	0	3133	0
82	76	5	0.0	0	3133	0
82	91	10	0.0	0	3133	0
82	95	20	0.0	0	3133	0
82	97	19	0.0	0	3133	0
83	4	4	0.0	0	3133	0
83	5	3	0.0	0	3133	0
83	15	16	0.0	0	3133	0
83	18	20	0.0	0	3133	0
83	19	4	0.0	0	3133	0
83	20	29	0.0	0	3133	0
83	22	0	0.0	0	3133	0
83	23	4	0.0	0	3133	0
83	27	19	0.0	0	3133	0
83	33	21	0.0	0	3133	0
83	34	12	0.0	0	3133	0
83	40	27	0.0	0	3133	0
83	43	7	0.0	0	3133	0
83	44	18	0.0	0	3133	0
83	50	20	0.0	0	3133	0
83	53	2	0.0	0	3133	0
83	65	8	0.0	0	3133	0
83	65	15	0.0	0	3133	0
83	68	17	0.0	0	3133	0
83	71	25	0.0	0	3133	0
83	79	10	0.0	0	3133	0
83	80	13	0.0	0	3133	0
83	86	23	0.0	0	3133	0
83	89	2	0.0	0	3133	0
83	89	26	0.0	0	3133	0
83	90	12	0.0	0	3133	0
83	94	12	0.0	0	3133	0
83	98	10	0.0	0	3133	0
84	0	21	0.0	0	3133	0
84	1	31	0.0	0	3133	0
84	2	31	0.0	0	3133	0
84	7	16	0.0	0	3133	0
84	11	17	0.0	0	3133	0
84	22	16	0.0	0	3133	0
84	25	20	0.0	0	3133	0
84	36	3	0.0	0	3133	0
84	39	10	0.0	0	3133	0
84	45	10	0.0	0	3133	0
84	47	27	0.0	0	3133	0
84	49	3	0.0	0	3133	0
84	50	16	0.0	0	3133	0
84	55	8	0.0	0	3133	0
84	60	8	0.0	0	3133	0
84	66	14	0.0	0	3133	0
84	67	28	0.0	0	3133	0
84	77	30	0.0	0	3133	0
84	78	20	0.0	0	3133	0
84	80	27	0.0	0	3133	0
84	82	26	0.0	0	3133	0
84	83	8	0.0	0	3133	0
84	84	1	0.0	0	3133	0
84	90	6	0.0	0	3133	0
84	96	3	0.0	0	3133	0
85	6	15	0.0	0	3133	0
85	11	23	0.0	0	3133	0
85	20	6	0.0	0	3133	0
85	22	8	0.0	0	3133	0
85	30	23	0.0	0	3133	0
85	34	3	0.0	0	3133	0
85	37	29	0.0	0	3133	0
85	38	0	0.0	0	3133	0
85	41	14	0.0	0	3133	0
85	48	28	0.0	0	3133	0
85	55	30	0.0	0	3133	0
85	56	10	0.0	0	3133	0
85	61	9	0.0	0	3133	0
85	68	17	0.0	0	3133	0
85	69	9	0.0	0	3133	0
85	82	6	0.0	0	3133	0
85	83	10	0.0	0	3133	0
85	89	6	0.0	0	3133	0
85	89	18	0.0	0	3133	0
85	91	30	0.0	0	3133	0
86	2	17	0.0	0	3133	0
86	4	22	0.0	0	3133	0
86	9	24	0.0	0	3133	0
86	17	23	0.0	0	3133	0
86	20	28	0.0	0	3133	0
86	21	1	0.0	0	3133	0
86	22	13	0.0	0	3133	0
86	28	24	0.0	0	3133	0
86	31	25	0.0	0	3133	0
86	35	0	0.0	0	3133	0
86	42	27	0.0	0	3133	0
86	43	3	0.0	0	3133	0
86	62	15	0.0	0	3133	0
86	75	7	0.0	0	3133	0
86	81	6	0.0	0	3133	0
86	83	8	0.0	0	3133	0
86	88	26	0.0	0	3133	0
86	90	0	0.0	0	3133	0
86	95	7	0.0	0	3133	0
86	96	28	0.0	0	3133	0
87	3	3	0.0	0	3133	0
87	4	3	0.0	0	3133	0
87	4	14	0.0	0	3133	0
87	12	10	0.0	0	3133	0
87	15	25	0.0	0	3133	0
87	27	3	0.0	0	3133	0
87	36	0	0.0	0	3133	0
87	46	5	0.0	0	3133	0
87	47	20	0.0	0	3133	0
87	47	30	0.0	0	3133	0
87	52	22	0.0	0	3133	0
87	59	18	0.0	0	3133	0
87	68	14	0.0	0	3133	0
87	68	17	0.0	0	3133	0
87	72	2	0.0	0	3133	0
87	81	20	0.0	0	3133	0
87	84	9	0.0	0	3133	0
87	88	4	0.0	0	3133	0
87	93	17	0.0	0	3133	0
87	97	21	0.0	0	3133	0
87	99	13	0.0	0	3133	0
87	100	8	0.0	0	3133	0
88	1	15	0.0	0	3133	0
88	2	18	0.0	0	3133	0
88	3	9	0.0	0	3133	0
88	5	22	0.0	0	3133	0
88	18	27	0.0	0	3133	0
88	21	11	0.0	0	3133	0
88	22	25	0.0	0	3133	0
88	24	18	0.0	0	3133	0
88	31	26	0.0	0	3133	0
88	38	21	0.0	0	3133	0
88	51	1	0.0	0	3133	0
88	52	21	0.0	0	3133	0
88	54	18	0.0	0	3133	0
88	58	7	0.0	0	3133	0
88	61	3	0.0	0	3133	0
88	64	16	0.0	0	3133	0
88	65	18	0.0	0	3133	0
88	68	4	0.0	0	3133	0
88	72	2	0.0	0	3133	0
88	74	8	0.0	0	3133	0
88	76	21	0.0	0	3133	0
88	79	13	0.0	0	3133	0
88	79	21	0.0	0	3133	0
88	80	11	0.0	0	3133	0
88	92	9	0.0	0	3133	0
88	93	11	0.0	0	3133	0
88	96	8	0.0	0	3133	0
89	10	5	0.0	0	3133	0
89	12	3	0.0	0	3133	0
89	12	6	0.0	0	3133	0
89	12	20	0.0	0	3133	0
89	17	10	0.0	0	3133	0
89	25	2	0.0	0	3133	0
89	27	1	0.0	0	3133	0
89	27	26	0.0	0	3133	0
89	30	15	0.0	0	3133	0
89	35	18	0.0	0	3133	0
89	36	2	0.0	0	3133	0
89	42	22	0.0	0	3133	0
89	55	28	0.0	0	3133	0
89	57	17	0.0	0	3133	0
89	58	22	0.0	0	3133	0
89	74	12	0.0	0	3133	0
89	74	17	0.0	0	3133	0
89	80	19	0.0	0	3133	0
89	81	18	0.0	0	3133	0
89	86	11	0.0	0	3133	0
89	87	15	0.0	0	3133	0
89	95	3	0.0	0	3133	0
90	9	16	0.0	0	3133	0
90	12	0	0.0	0	3133	0
90	17	31	0.0	0	3133	0
90	33	27	0.0	0	3133	0
90	47	14	0.0	0	3133	0
90	61	28	0.0	0	3133	0
90	65	28	0.0	0	3133	0
90	66	22	0.0	0	3133	0
90	72	9	0.0	0	3133	0
90	73	13	0.0	0	3133	0
90	74	5	0.0	0	3133	0
90	74	9	0.0	0	3133	0
90	79	6	0.0	0	3133	0
90	82	15	0.0	0	3133	0
90	82	17	0.0	0	3133	0
90	85	4	0.0	0	3133	0
90	86	6	0.0	0	3133	0
90	91	9	0.0	0	3133	0
90	92	0	0.0	0	3133	0
90	94	22	0.0	0	3133	0
90	100	0	0.0	0	3133	0
91	4	13	0.0	0	3133	0
91	14	0	0.0	0	3133	0
91	15	1	0.0	0	3133	0
91	15	15	0.0	0	3133	0
91	15	20	0.0	0	3133	0
91	19	15	0.0	0	3133	0
91	22	23	0.0	0	3133	0
91	23	29	0.0	0	3133	0
91	28	7	0.0	0	3133	0
91	29	20	0.0	0	3133	0
91	32	14	0.0	0	3133	0
91	40	8	0.0	0	3133	0
91	46	14	0.0	0	3133	0
91	48	8	0.0	0	3133	0
91	61	10	0.0	0	3133	0
91	67	5	0.0	0	3133	0
91	70	30	0.0	0	3133	0
91	76	1	0.0	0	3133	0
91	81	14	0.0	0	3133	0
91	90	16	0.0	0	3133	0
91	98	0	0.0	0	3133	0
91	98	22	0.0	0	3133	0
92	5	16	0.0	0	3133	0
92	12	13	0.0	0	3133	0
92	14	15	0.0	0	3133	0
92	14	28	0.0	0	3133	0
92	22	11	0.0	0	3133	0
92	35	2	0.0	0	3133	0
92	35	14	0.0	0	3133	0
92	48	22	0.0	0	3133	0
92	52	1	0.0	0	3133	0
92	52	25	0.0	0	3133	0
92	57	4	0.0	0	3133	0
92	62	30	0.0	0	3133	0
92	72	23	0.0	0	3133	0
92	74	11	0.0	0	3133	0
92	75	14	0.0	0	3133	0
92	78	27	0.0	0	3133	0
92	81	16	0.0	0	3133	0
92	82	3	0.0	0	3133	0
92	85	10	0.0	0	3133	0
92	89	5	0.0	0	3133	0
92	92	20	0.0	0	3133	0
92	100	8	0.0	0	3133	0
93	18	0	0.0	0	3133	0
93	21	0	0.0	0	3133	0
93	22	18	0.0	0	3133	0
93	26	13	0.0	0	3133	0
93	42	27	0.0	0	3133	0
93	45	7	0.0	0	3133	0
93	45	27	0.0	0	3133	0
93	48	23	0.0	0	3133	0
93	49	29	0.0	0	3133	0
93	50	17	0.0	0	3133	0
93	51	10	0.0	0	3133	0
93	52	11	0.0	0	3133	0
93	54	19	0.0	0	3133	0
93	59	8	0.0	0	3133	0
93	64	4	0.0	0	3133	0
93	71	7	0.0	0	3133	0
93	73	6	0.0	0	3133	0
93	74	21	0.0	0	3133	0
93	75	13	0.0	0	3133	0
93	78	25	0.0	0	3133	0
93	81	1	0.0	0	3133	0
93	82	1	0.0	0	3133	0
93	89	15	0.0	0	3133	0
93	89	16	0.0	0	3133	0
93	94	15	0.0	0	3133	0
93	99	4	0.0	0	3133	0
94	2	30	0.0	0	3133	0
94	4	23	0.0	0	3133	0
94	6	4	0.0	0	3133	0
94	16	8	0.0	0	3133	0
94	18	7	0.0	0	3133	0
94	20	14	0.0	0	3133	0
94	27	14	0.0	0	3133	0
94	27	28	0.0	0	3133	0
94	28	15	0.0	0	3133	0
94	39	2	0.0	0	3133	0
94	39	30	0.0	0	3133	0
94	45	8	0.0	0	3133	0
94	51	9	0.0	0	3133	0
94	56	14	0.0	0	3133	0
94	58	5	0.0	0	3133	0
94	63	10	0.0	0	3133	0
94	71	28	0.0	0	3133	0
94	78	0	0.0	0	3133	0
94	80	16	0.0	0	3133	0
94	81	1	0.0	0	3133	0
94	82	31	0.0	0	3133	0
94	85	8	0.0	0	3133	0
94	88	25	0.0	0	3133	0
94	89	1	0.0	0	3133	0
94	96	13	0.0	0	3133	0
94	98	5	0.0	0	3133	0
95	1	11	0.0	0	3133	0
95	3	3	0.0	0	3133	0
95	6	11	0.0	0	3133	0
95	6	16	0.0	0	3133	0
95	6	29	0.0	0	3133	0
95	11	26	0.0	0	3133	0
95	29	5	0.0	0	3133	0
95	31	17	0.0	0	3133	0
95	31	21	0.0	0	3133	0
95	34	4	0.0	0	3133	0
95	38	19	0.0	0	3133	0
95	46	12	0.0	0	3133	0
95	52	23	0.0	0	3133	0
95	53	4	0.0	0	3133	0
95	54	21	0.0	0	3133	0
95	60	9	0.0	0	3133	0
95	63	0	0.0	0	3133	0
95	68	6	0.0	0	3133	0
95	72	0	0.0	0	3133	0
95	75	11	0.0	0	3133	0
95	77	19	0.0	0	3133	0
95	83	10	0.0	0	3133	0
95	86	29	0.0	0	3133	0
95	89	5	0.0	0	3133	0
95	97	29	0.0	0	3133	0
95	100	23	0.0	0	3133	0
96	5	27	0.0	0	3133	0
96	17	21	0.0	0	3133	0
96	20	14	0.0	0	3133	0
96	22	30	0.0	0	3133	0
96	23	9	0.0	0	3133	0
96	23	24	0.0	0	3133	0
96	30	19	0.0	0	3133	0
96	32	28	0.0	0	3133	0
96	33	17	0.0	0	3133	0
96	35	4	0.0	0	3133	0
96	37	2	0.0	0	3133	0
96	39	11	0.0	0	3133	0
96	40	27	0.0	0	3133	0
96	41	11	0.0	0	3133	0
96	42	8	0.0	0	3133	0
96	45	24	0.0	0	3133	0
96	46	4	0.0	0	3133	0
96	47	30	0.0	0	3133	0
96	51	31	0.0	0	3133	0
96	62	4	0.0	0	3133	0
96	65	3	0.0	0	3133	0
96	67	26	0.0	0	3133	0
96	75	7	0.0	0	3133	0
96	83	9	0.0	0	3133	0
96	90	0	0.0	0	3133	0
96	92	3	0.0	0	3133	0
96	93	12	0.0	0	3133	0
96	94	19	0.0	0	3133	0
96	97	19	0.0	0	3133	0
96	97	25	0.0	0	3133	0
96	99	5	0.0	0	3133	0
97	2	15	0.0	0	3133	0
97	3	25	0.0	0	3133	0
97	4	19	0.0	0	3133	0
97	4	30	0.0	0	3133	0
97	7	1	0.0	0	3133	0
97	9	5	0.0	0	3133	0
97	9	9	0.0	0	3133	0
97	10	3	0.0	0	3133	0
97	11	11	0.0	0	3133	0
97	22	12	0.0	0	3133	0
97	25	14	0.0	0	3133	0
97	28	31	0.0	0	3133	0
97	29	23	0.0	0	3133	0
97	32	19	0.0	0	3133	0
97	37	20	0.0	0	3133	0
97	41	31	0.0	0	3133	0
97	47	6	0.0	0	3133	0
97	48	22	0.0	0	3133	0
97	51	4	0.0	0	3133	0
97	51	8	0.0	0	3133	0
97	56	23	0.0	0	3133	0
97	57	24	0.0	0	3133	0
97	58	18	0.0	0	3133	0
97	59	9	0.0	0	3133	0
97	61	18	0.0	0	3133	0
97	61	31	0.0	0	3133	0
97	62	21	0.0	0	3133	0
97	68	6	0.0	0	3133	0
97	73	4	0.0	0	3133	0
97	74	31	0.0	0	3133	0
97	84	10	0.0	0	3133	0
97	90	14	0.0	0	3133	0
97	100	9	0.0	0	3133	0
98	12	10	0.0	0	3133	0
98	14	19	0.0	0	3133	0
98	16	1	0.0	0	3133	0
98	16	23	0.0	0	3133	0
98	20	21	0.0	0	3133	0
98	21	22	0.0	0	3133	0
98	34	8	0.0	0	3133	0
98	39	14	0.0	0	3133	0
98	42	18	0.0	0	3133	0
98	46	24	0.0	0	3133	0
98	52	15	0.0	0	3133	0
98	58	17	0.0	0	3133	0
98	61	18	0.0	0	3133	0
98	68	9	0.0	0	3133	0
98	70	25	0.0	0	3133	0
98	72	7	0.0	0	3133	0
98	73	17	0.0	0	3133	0
98	76	19	0.0	0	3133	0
98	81	27	0.0	0	3133	0
98	82	15	0.0	0	3133	0
98	87	5	0.0	0	3133	0
98	87	12	0.0	0	3133	0
98	88	3	0.0	0	3133	0
98	99	26	0.0	0	3133	0
99	7	28	0.0	0	3133	0
99	10	5	0.0	0	3133	0
99	28	23	0.0	0	3133	0
99	30	9	0.0	0	3133	0
99	31	16	0.0	0	3133	0
99	35	5	0.0	0	3133	0
99	35	19	0.0	0	3133	0
99	36	12	0.0	0	3133	0
99	40	19	0.0	0	3133	0
99	47	21	0.0	0	3133	0
99	50	14	0.0	0	3133	0
99	51	9	0.0	0	3133	0
99	51	23	0.0	0	3133	0
99	72	15	0.0	0	3133	0
99	77	13	0.0	0	3133	0
99	77	26	0.0	0	3133	0
99	83	8	0.0	0	3133	0
99	90	10	0.0	0	3133	0
100	5	10	0.0	0	3133	0
100	12	2	0.0	0	3133	0
100	15	10	0.0	0	3133	0
100	18	17	0.0	0	3133	0
100	18	30	0.0	0	3133	0
100	21	25	0.0	0	3133	0
100	24	13	0.0	0	3133	0
100	26	14	0.0	0	3133	0
100	34	9	0.0	0	3133	0
100	35	12	0.0	0	3133	0
100	35	20	0.0	0	3133	0
100	38	6	0.0	0	3133	0
100	39	12	0.0	0	3133	0
100	44	18	0.0	0	3133	0
100	45	17	0.0	0	3133	0
100	47	31	0.0	0	3133	0
100	58	28	0.0	0	3133	0
100	62	19	0.0	0	3133	0
100	63	18	0.0	0	3133	0
100	65	10	0.0	0	3133	0
100	72	9	0.0	0	3133	0
100	76	16	0.0	0	3133	0
100	77	14	0.0	0	3133	0
100	84	31	0.0	0	3133	0
100	87	6	0.0	0	3133	0
100	89	0	0.0	0	3133	0
100	89	17	0.0	0	3133	0
100	96	23	0.0	0	3133	0
100	97	24	0.0	0	3133	0
100	100	21	0.0	0	3133	0
101	2	29	0.0	0	3133	0
101	9	12	0.0	0	3133	0
101	15	5	0.0	0	3133	0
101	17	8	0.0	0	3133	0
101	17	23	0.0	0	3133	0
101	23	15	0.0	0	3133	0
101	28	3	0.0	0	3133	0
101	32	10	0.0	0	3133	0
101	33	28	0.0	0	3133	0
101	34	17	0.0	0	3133	0
101	37	14	0.0	0	3133	0
101	37	25	0.0	0	3133	0
101	40	22	0.0	0	3133	0
101	50	13	0.0	0	3133	0
101	56	0	0.0	0	3133	0
101	57	14	0.0	0	3133	0
101	63	6	0.0	0	3133	0
101	68	17	0.0	0	3133	0
101	71	4	0.0	0	3133	0
101	86	28	0.0	0	3133	0
101	88	7	0.0	0	3133	0
101	88	30	0.0	0	3133	0
101	89	9	0.0	0	3133	0
101	90	20	0.0	0	3133	0
101	92	15	0.0	0	3133	0
101	94	16	0.0	0	3133	0
101	95	16	0.0	0	3133	0
101	95	17	0.0	0	3133	0
102	0	25	0.0	0	3133	0
102	2	6	0.0	0	3133	0
102	10	29	0.0	0	3133	0
102	12	3	0.0	0	3133	0
102	16	12	0.0	0	3133	0
102	16	14	0.0	0	3133	0
102	22	27	0.0	0	3133	0
102	24	10	0.0	0	3133	0
102	24	18	0.0	0	3133	0
102	26	30	0.0	0	3133	0
102	28	7	0.0	0	3133	0
102	39	28	0.0	0	3133	0
102	39	29	0.0	0	3133	0
102	48	1	0.0	0	3133	0
102	53	19	0.0	0	3133	0
102	56	23	0.0	0	3133	0
102	65	6	0.0	0	3133	0
102	67	6	0.0	0	3133	0
102	68	18	0.0	0	3133	0
102	69	30	0.0	0	3133	0
102	77	1	0.0	0	3133	0
102	78	16	0.0	0	3133	0
102	81	15	0.0	0	3133	0
102	87	21	0.0	0	3133	0
102	89	28	0.0	0	3133	0
102	94	11	0.0	0	3133	0
102	94	27	0.0	0	3133	0
102	98	25	0.0	0	3133	0
103	8	11	0.0	0	3133	0
103	8	23	0.0	0	3133	0
103	11	31	0.0	0	3133	0
103	14	8	0.0	0	3133	0
103	22	23	0.0	0	3133	0
103	29	18	0.0	0	3133	0
103	33	6	0.0	0	3133	0
103	34	2	0.0	0	3133	0
103	43	26	0.0	0	3133	0
103	49	17	0.0	0	3133	0
103	54	0	0.0	0	3133	0
103	61	19	0.0	0	3133	0
103	62	29	0.0	0	3133	0
103	64	2	0.0	0	3133	0
103	82	7	0.0	0	3133	0
103	83	17	0.0	0	3133	0
103	85	11	0.0	0	3133	0
103	87	26	0.0	0	3133	0
103	88	9	0.0	0	3133	0
103	89	19	0.0	0	3133	0
103	94	1	0.0	0	3133	0
103	98	27	0.0	0	3133	0
104	4	3	0.0	0	3133	0
104	6	6	0.0	0	3133	0
104	9	29	0.0	0	3133	0
104	16	19	0.0	0	3133	0
104	17	24	0.0	0	3133	0
104	22	10	0.0	0	3133	0
104	23	26	0.0	0	3133	0
104	24	10	0.0	0	3133	0
104	26	10	0.0	0	3133	0
104	31	6	0.0	0	3133	0
104	40	15	0.0	0	3133	0
104	41	16	0.0	0	3133	0
104	47	21	0.0	0	3133	0
104	52	3	0.0	0	3133	0
104	55	9	0.0	0	3133	0
104	55	31	0.0	0	3133	0
104	72	4	0.0	0	3133	0
104	78	30	0.0	0	3133	0
104	94	26	0.0	0	3133	0
104	95	9	0.0	0	3133	0
104	99	14	0.0	0	3133	0
105	4	5	0.0	0	3133	0
105	5	21	0.0	0	3133	0
105	8	24	0.0	0	3133	0
105	13	24	0.0	0	3133	0
105	14	25	0.0	0	3133	0
105	16	3	0.0	0	3133	0
105	23	31	0.0	0	3133	0
105	25	9	0.0	0	3133	0
105	29	31	0.0	0	3133	0
105	30	21	0.0	0	3133	0
105	32	2	0.0	0	3133	0
105	53	15	0.0	0	3133	0
105	58	15	0.0	0	3133	0
105	61	12	0.0	0	3133	0
105	61	27	0.0	0	3133	0
105	61	31	0.0	0	3133	0
105	62	18	0.0	0	3133	0
105	62	26	0.0	0	3133	0
105	65	19	0.0	0	3133	0
105	66	12	0.0	0	3133	0
105	66	21	0.0	0	3133	0
105	68	1	0.0	0	3133	0
105	71	15	0.0	0	3133	0
105	79	21	0.0	0	3133	0
105	82	23	0.0	0	3133	0
105	84	26	0.0	0	3133	0
105	89	19	0.0	0	3133	0
105	100	27	0.0	0	3133	0
106	11	11	0.0	0	3133	0
106	11	30	0.0	0	3133	0
106	12	23	0.0	0	3133	0
106	14	23	0.0	0	3133	0
106	15	2	0.0	0	3133	0
106	19	4	0.0	0	3133	0
106	19	27	0.0	0	3133	0
106	21	30	0.0	0	3133	0
106	24	20	0.0	0	3133	0
106	25	8	0.0	0	3133	0
106	28	30	0.0	0	3133	0
106	33	22	0.0	0	3133	0
106	34	17	0.0	0	3133	0
106	34	25	0.0	0	3133	0
106	38	18	0.0	0	3133	0
106	43	21	0.0	0	3133	0
106	47	16	0.0	0	3133	0
106	63	27	0.0	0	3133	0
106	65	28	0.0	0	3133	0
106	79	31	0.0	0	3133	0
106	80	24	0.0	0	3133	0
107	0	24	0.0	0	3133	0
107	3	0	0.0	0	3133	0
107	4	6	0.0	0	3133	0
107	6	19	0.0	0	3133	0
107	13	16	0.0	0	3133	0
107	13	19	0.0	0	3133	0
107	14	15	0.0	0	3133	0
107	19	10	0.0	0	3133	0
107	21	9	0.0	0	3133	0
107	26	23	0.0	0	3133	0
107	37	20	0.0	0	3133	0
107	43	25	0.0	0	3133	0
107	44	6	0.0	0	3133	0
107	45	10	0.0	0	3133	0
107	48	13	0.0	0	3133	0
107	53	2	0.0	0	3133	0
107	53	12	0.0	0	3133	0
107	65	21	0.0	0	3133	0
107	69	18	0.0	0	3133	0
107	75	20	0.0	0	3133	0
107	81	21	0.0	0	3133	0
107	81	29	0.0	0	3133	0
107	90	28	0.0	0	3133	0
107	93	3	0.0	0	3133	0
108	12	12	0.0	0	3133	0
108	12	27	0.0	0	3133	0
108	22	11	0.0	0	3133	0
108	22	24	0.0	0	3133	0
108	26	12	0.0	0	3133	0
108	26	26	0.0	0	3133	0
108	42	24	0.0	0	3133	0
108	46	9	0.0	0	3133	0
108	50	1	0.0	0	3133	0
108	56	4	0.0	0	3133	0
108	63	31	0.0	0	3133	0
108	69	31	0.0	0	3133	0
108	73	3	0.0	0	3133	0
108	79	14	0.0	0	3133	0
108	79	30	0.0	0	3133	0
108	82	3	0.0	0	3133	0
108	88	5	0.0	0	3133	0
108	92	14	0.0	0	3133	0
108	94	12	0.0	0	3133	0
108	100	2	0.0	0	3133	0
109	0	6	0.0	0	3133	0
109	4	13	0.0	0	3133	0
109	10	9	0.0	0	3133	0
109	18	18	0.0	0	3133	0
109	19	15	0.0	0	3133	0
109	26	22	0.0	0	3133	0
109	47	1	0.0	0	3133	0
109	54	20	0.0	0	3133	0
109	56	28	0.0	0	3133	0
109	61	2	0.0	0	3133	0
109	61	27	0.0	0	3133	0
109	68	1	0.0	0	3133	0
109	70	1	0.0	0	3133	0
109	71	18	0.0	0	3133	0
109	83	1	0.0	0	3133	0
109	84	12	0.0	0	3133	0
109	90	4	0.0	0	3133	0
109	93	8	0.0	0	3133	0
109	94	23	0.0	0	3133	0
109	95	9	0.0	0	3133	0
109	100	3	0.0	0	3133	0
110	10	22	0.0	0	3133	0
110	19	8	0.0	0	3133	0
110	20	31	0.0	0	3133	0
110	22	28	0.0	0	3133	0
110	29	12	0.0	0	3133	0
110	31	27	0.0	0	3133	0
110	34	25	0.0	0	3133	0
110	35	21	0.0	0	3133	0
110	36	24	0.0	0	3133	0
110	44	29	0.0	0	3133	0
110	45	27	0.0	0	3133	0
110	53	3	0.0	0	3133	0
110	54	20	0.0	0	3133	0
110	55	8	0.0	0	3133	0
110	57	13	0.0	0	3133	0
110	57	19	0.0	0	3133	0
110	65	3	0.0	0	3133	0
110	72	14	0.0	0	3133	0
110	80	25	0.0	0	3133	0
110	85	5	0.0	0	3133	0
110	86	14	0.0	0	3133	0
110	90	26	0.0	0	3133	0
110	96	7	0.0	0	3133	0
111	5	21	0.0	0	3133	0
111	8	8	0.0	0	3133	0
111	14	7	0.0	0	3133	0
111	14	16	0.0	0	3133	0
111	23	21	0.0	0	3133	0
111	32	1	0.0	0	3133	0
111	35	17	0.0	0	3133	0
111	36	0	0.0	0	3133	0
111	41	5	0.0	0	3133	0
111	45	22	0.0	0	3133	0
111	48	24	0.0	0	3133	0
111	49	15	0.0	0	3133	0
111	54	10	0.0	0	3133	0
111	55	25	0.0	0	3133	0
111	62	26	0.0	0	3133	0
111	72	12	0.0	0	3133	0
111	78	2	0.0	0	3133	0
111	86	25	0.0	0	3133	0
111	87	9	0.0	0	3133	0
111	90	16	0.0	0	3133	0
111	97	13	0.0	0	3133	0
111	99	5	0.0	0	3133	0
112	3	4	0.0	0	3133	0
112	5	17	0.0	0	3133	0
112	10	0	0.0	0	3133	0
112	12	1	0.0	0	3133	0
112	13	4	0.0	0	3133	0
112	17	17	0.0	0	3133	0
112	33	29	0.0	0	3133	0
112	40	12	0.0	0	3133	0
112	42	3	0.0	0	3133	0
112	47	17	0.0	0	3133	0
112	50	2	0.0	0	3133	0
112	58	16	0.0	0	3133	0
112	63	22	0.0	0	3133	0
112	63	25	0.0	0	3133	0
112	65	6	0.0	0	3133	0
112	73	14	0.0	0	3133	0
112	75	30	0.0	0	3133	0
112	77	27	0.0	0	3133	0
112	78	7	0.0	0	3133	0
112	79	8	0.0	0	3133	0
112	80	20	0.0	0	3133	0
112	83	21	0.0	0	3133	0
112	84	19	0.0	0	3133	0
112	85	27	0.0	0	3133	0
112	87	26	0.0	0	3133	0
112	89	19	0.0	0	3133	0
113	13	0	0.0	0	3133	0
113	27	29	0.0	0	3133	0
113	35	25	0.0	0	3133	0
113	46	14	0.0	0	3133	0
113	49	11	0.0	0	3133	0
113	50	1	0.0	0	3133	0
113	61	26	0.0	0	3133	0
113	62	28	0.0	0	3133	0
113	63	22	0.0	0	3133	0
113	65	22	0.0	0	3133	0
113	69	22	0.0	0	3133	0
113	75	21	0.0	0	3133	0
113	78	2	0.0	0	3133	0
113	83	14	0.0	0	3133	0
113	96	29	0.0	0	3133	0
113	97	15	0.0	0	3133	0
114	0	7	0.0	0	3133	0
114	7	17	0.0	0	3133	0
114	8	1	0.0	0	3133	0
114	8	26	0.0	0	3133	0
114	10	23	0.0	0	3133	0
114	15	23	0.0	0	3133	0
114	26	26	0.0	0	3133	0
114	33	26	0.0	0	3133	0
114	47	0	0.0	0	3133	0
114	51	13	0.0	0	3133	0
114	52	17	0.0	0	3133	0
114	53	19	0.0	0	3133	0
114	56	25	0.0	0	3133	0
114	70	22	0.0	0	3133	0
114	76	6	0.0	0	3133	0
114	77	18	0.0	0	3133	0
114	82	1	0.0	0	3133	0
114	84	25	0.0	0	3133	0
114	90	26	0.0	0	3133	0
114	93	23	0.0	0	3133	0
114	97	25	0.0	0	3133	0
114	98	26	0.0	0	3133	0
115	7	26	0.0	0	3133	0
115	8	20	0.0	0	3133	0
115	13	18	0.0	0	3133	0
115	14	19	0.0	0	3133	0
115	23	29	0.0	0	3133	0
115	25	18	0.0	0	3133	0
115	31	1	0.0	0	3133	0
115	35	1	0.0	0	3133	0
115	47	13	0.0	0	3133	0
115	49	26	0.0	0	3133	0
115	50	27	0.0	0	3133	0
115	51	15	0.0	0	3133	0
115	61	21	0.0	0	3133	0
115	70	15	0.0	0	3133	0
115	71	4	0.0	0	3133	0
115	74	1	0.0	0	3133	0
115	76	11	0.0	0	3133	0
115	93	26	0.0	0	3133	0
115	95	5	0.0	0	3133	0
115	95	9	0.0	0	3133	0
115	97	0	0.0	0	3133	0
115	99	24	0.0	0	3133	0
116	6	4	0.0	0	3133	0
116	7	31	0.0	0	3133	0
116	8	8	0.0	0	3133	0
116	20	20	0.0	0	3133	0
116	23	9	0.0	0	3133	0
116	28	18	0.0	0	3133	0
116	31	27	0.0	0	3133	0
116	36	7	0.0	0	3133	0
116	36	8	0.0	0	3133	0
116	38	7	0.0	0	3133	0
116	40	6	0.0	0	3133	0
116	44	3	0.0	0	3133	0
116	44	9	0.0	0	3133	0
116	49	27	0.0	0	3133	0
116	50	9	0.0	0	3133	0
116	53	0	0.0	0	3133	0
116	58	9	0.0	0	3133	0
116	68	30	0.0	0	3133	0
116	70	4	0.0	0	3133	0
116	73	14	0.0	0	3133	0
116	79	29	0.0	0	3133	0
116	83	13	0.0	0	3133	0
116	83	18	0.0	0	3133	0
116	90	7	0.0	0	3133	0
116	92	27	0.0	0	3133	0
116	95	29	0.0	0	3133	0
117	11	9	0.0	0	3133	0
117	13	1	0.0	0	3133	0
117	19	1	0.0	0	3133	0
117	25	3	0.0	0	3133	0
117	29	20	0.0	0	3133	0
117	34	21	0.0	0	3133	0
117	43	12	0.0	0	3133	0
117	47	27	0.0	0	3133	0
117	48	22	0.0	0	3133	0
117	55	9	0.0	0	3133	0
117	58	23	0.0	0	3133	0
117	58	28	0.0	0	3133	0
117	64	17	0.0	0	3133	0
117	72	17	0.0	0	3133	0
117	74	26	0.0	0	3133	0
117	76	21	0.0	0	3133	0
117	76	22	0.0	0	3133	0
117	91	1	0.0	0	3133	0
117	93	0	0.0	0	3133	0
117	96	17	0.0	0	3133	0
117	99	3	0.0	0	3133	0
117	99	26	0.0	0	3133	0
118	0	12	0.0	0	3133	0
118	0	13	0.0	0	3133	0
118	17	26	0.0	0	3133	0
118	18	1	0.0	0	3133	0
118	24	14	0.0	0	3133	0
118	24	17	0.0	0	3133	0
118	28	19	0.0	0	3133	0
118	32	13	0.0	0	3133	0
118	35	17	0.0	0	3133	0
118	46	19	0.0	0	3133	0
118	48	27	0.0	0	3133	0
118	65	4	0.0	0	3133	0
118	67	20	0.0	0	3133	0
118	75	0	0.0	0	3133	0
118	78	1	0.0	0	3133	0
118	78	9	0.0	0	3133	0
118	83	8	0.0	0	3133	0
118	84	5	0.0	0	3133	0
118	88	31	0.0	0	3133	0
118	93	20	0.0	0	3133	0
118	97	19	0.0	0	3133	0
118	98	26	0.0	0	3133	0
119	6	26	0.0	0	3133	0
119	7	7	0.0	0	3133	0
119	8	29	0.0	0	3133	0
119	11	4	0.0	0	3133	0
119	12	5	0.0	0	3133	0
119	12	7	0.0	0	3133	0
119	16	18	0.0	0	3133	0
119	23	7	0.0	0	3133	0
119	24	24	0.0	0	3133	0
119	32	14	0.0	0	3133	0
119	37	0	0.0	0	3133	0
119	42	17	0.0	0	3133	0
119	48	12	0.0	0	3133	0
119	56	29	0.0	0	3133	0
119	59	9	0.0	0	3133	0
119	70	5	0.0	0	3133	0
119	70	28	0.0	0	3133	0
119	71	23	0.0	0	3133	0
119	79	20	0.0	0	3133	0
119	87	28	0.0	0	3133	0
119	95	11	0.0	0	3133	0
120	3	20	0.0	0	3133	0
120	8	18	0.0	0	3133	0
120	11	17	0.0	0	3133	0
120	12	16	0.0	0	3133	0
120	25	5	0.0	0	3133	0
120	25	6	0.0	0	3133	0
120	26	28	0.0	0	3133	0
120	27	29	0.0	0	3133	0
120	28	5	0.0	0	3133	0
120	34	4	0.0	0	3133	0
120	35	17	0.0	0	3133	0
120	40	14	0.0	0	3133	0
120	56	14	0.0	0	3133	0
120	58	3	0.0	0	3133	0
120	66	23	0.0	0	3133	0
120	69	18	0.0	0	3133	0
120	74	27	0.0	0	3133	0
120	78	8	0.0	0	3133	0
120	81	0	0.0	0	3133	0
120	88	18	0.0	0	3133	0
120	89	12	0.0	0	3133	0
120	93	4	0.0	0	3133	0
120	95	27	0.0	0	3133	0
120	96	30	0.0	0	3133	0
121	1	4	0.0	0	3133	0
121	6	23	0.0	0	3133	0
121	11	5	0.0	0	3133	0
121	12	20	0.0	0	3133	0
121	37	12	0.0	0	3133	0
121	41	31	0.0	0	3133	0
121	44	25	0.0	0	3133	0
121	57	5	0.0	0	3133	0
121	61	30	0.0	0	3133	0
121	62	2	0.0	0	3133	0
121	64	22	0.0	0	3133	0
121	70	24	0.0	0	3133	0
121	72	0	0.0	0	3133	0
121	81	1	0.0	0	3133	0
121	84	7	0.0	0	3133	0
121	85	13	0.0	0	3133	0
121	94	2	0.0	0	3133	0
121	95	24	0.0	0	3133	0
122	5	10	0.0	0	3133	0
122	6	20	0.0	0	3133	0
122	8	9	0.0	0	3133	0
122	11	28	0.0	0	3133	0
122	16	31	0.0	0	3133	0
122	17	13	0.0	0	3133	0
122	18	24	0.0	0	3133	0
122	20	19	0.0	0	3133	0
122	31	10	0.0	0	3133	0
122	34	0	0.0	0	3133	0
122	37	5	0.0	0	3133	0
122	38	6	0.0	0	3133	0
122	48	0	0.0	0	3133	0
122	50	10	0.0	0	3133	0
122	53	18	0.0	0	3133	0
122	54	8	0.0	0	3133	0
122	54	29	0.0	0	3133	0
122	59	24	0.0	0	3133	0
122	68	17	0.0	0	3133	0
122	70	17	0.0	0	3133	0
122	71	4	0.0	0	3133	0
122	73	12	0.0	0	3133	0
122	74	3	0.0	0	3133	0
122	74	18	0.0	0	3133	0
122	76	22	0.0	0	3133	0
122	76	27	0.0	0	3133	0
122	77	2	0.0	0	3133	0
122	79	5	0.0	0	3133	0
122	81	29	0.0	0	3133	0
122	82	5	0.0	0	3133	0
122	91	11	0.0	0	3133	0
122	91	25	0.0	0	3133	0
122	93	17	0.0	0	3133	0
122	95	16	0.0	0	3133	0
123	6	4	0.0	0	3133	0
123	6	11	0.0	0	3133	0
123	8	6	0.0	0	3133	0
123	14	4	0.0	0	3133	0
123	15	0	0.0	0	3133	0
123	18	20	0.0	0	3133	0
123	20	23	0.0	0	3133	0
123	23	18	0.0	0	3133	0
123	36	22	0.0	0	3133	0
123	37	7	0.0	0	3133	0
123	41	24	0.0	0	3133	0
123	41	31	0.0	0	3133	0
123	42	2	0.0	0	3133	0
123	43	17	0.0	0	3133	0
123	48	4	0.0	0	3133	0
123	59	20	0.0	0	3133	0
123	61	22	0.0	0	3133	0
123	69	0	0.0	0	3133	0
123	75	19	0.0	0	3133	0
123	82	19	0.0	0	3133	0
123	83	30	0.0	0	3133	0
123	85	5	0.0	0	3133	0
123	87	2	0.0	0	3133	0
123	94	4	0.0	0	3133	0
123	98	30	0.0	0	3133	0
124	1	19	0.0	0	3133	0
124	5	3	0.0	0	3133	0
124	7	21	0.0	0	3133	0
124	20	25	0.0	0	3133	0
124	23	20	0.0	0	3133	0
124	26	16	0.0	0	3133	0
124	30	15	0.0	0	3133	0
124	33	1	0.0	0	3133	0
124	39	22	0.0	0	3133	0
124	43	20	0.0	0	3133	0
124	45	25	0.0	0	3133	0
124	49	2	0.0	0	3133	0
124	51	21	0.0	0	3133	0
124	55	1	0.0	0	3133	0
124	57	22	0.0	0	3133	0
124	58	9	0.0	0	3133	0
124	63	21	0.0	0	3133	0
124	66	2	0.0	0	3133	0
124	78	22	0.0	0	3133	0
124	79	25	0.0	0	3133	0
124	86	16	0.0	0	3133	0
124	86	19	0.0	0	3133	0
124	88	6	0.0	0	3133	0
124	90	7	0.0	0	3133	0
124	91	1	0.0	0	3133	0
124	91	3	0.0	0	3133	0
124	94	28	0.0	0	3133	0
124	95	20	0.0	0	3133	0
124	99	25	0.0	0	3133	0
125	0	15	0.0	0	3133	0
125	17	17	0.0	0	3133	0
125	19	25	0.0	0	3133	0
125	22	8	0.0	0	3133	0
125	22	31	0.0	0	3133	0
125	37	8	0.0	0	3133	0
125	48	10	0.0	0	3133	0
125	53	0	0.0	0	3133	0
125	64	0	0.0	0	3133	0
125	67	14	0.0	0	3133	0
125	72	4	0.0	0	3133	0
125	72	29	0.0	0	3133	0
125	83	8	0.0	0	3133	0
125	88	28	0.0	0	3133	0
125	89	0	0.0	0	3133	0
125	90	5	0.0	0	3133	0
125	96	22	0.0	0	3133	0
125	99	18	0.0	0	3133	0
125	100	4	0.0	0	3133	0
126	3	24	0.0	0	3133	0
126	12	16	0.0	0	3133	0
126	15	17	0.0	0	3133	0
126	19	1	0.0	0	3133	0
126	33	31	0.0	0	3133	0
126	39	9	0.0	0	3133	0
126	44	19	0.0	0	3133	0
126	47	0	0.0	0	3133	0
126	59	24	0.0	0	3133	0
126	72	21	0.0	0	3133	0
126	79	5	0.0	0	3133	0
126	80	26	0.0	0	3133	0
126	82	11	0.0	0	3133	0
126	82	17	0.0	0	3133	0
126	84	21	0.0	0	3133	0
126	86	25	0.0	0	3133	0
126	88	7	0.0	0	3133	0
126	93	2	0.0	0	3133	0
126	98	4	0.0	0	3133	0
126	98	9	0.0	0	3133	0
126	99	2	0.0	0	3133	0
127	1	9	0.0	0	3133	0
127	12	16	0.0	0	3133	0
127	13	30	0.0	0	3133	0
127	14	5	0.0	0	3133	0
127	19	29	0.0	0	3133	0
127	20	10	0.0	0	3133	0
127	35	5	0.0	0	3133	0
127	40	19	0.0	0	3133	0
127	48	14	0.0	0	3133	0
127	49	30	0.0	0	3133	0
127	51	20	0.0	0	3133	0
127	52	6	0.0	0	3133	0
127	54	23	0.0	0	3133	0
127	58	0	0.0	0	3133	0
127	65	9	0.0	0	3133	0
127	66	15	0.0	0	3133	0
127	73	13	0.0	0	3133	0
127	74	13	0.0	0	3133	0
127	95	1	0.0	0	3133	0
127	97	24	0.0	0	3133	0
127	98	20	0.0	0	3133	0
127	98	29	0.0	0	3133	0
127	100	18	0.0	0	3133	0
128	7	13	0.0	0	3133	0
128	14	8	0.0	0	3133	0
128	21	2	0.0	0	3133	0
128	37	27	0.0	0	3133	0
128	41	10	0.0	0	3133	0
128	43	4	0.0	0	3133	0
128	53	27	0.0	0	3133	0
128	54	14	0.0	0	3133	0
128	55	22	0.0	0	3133	0
128	56	8	0.0	0	3133	0
128	72	11	0.0	0	3133	0
128	89	20	0.0	0	3133	0
128	98	2	0.0	0	3133	0
129	0	2	0.0	0	3133	0
129	1	26	0.0	0	3133	0
129	18	19	0.0	0	3133	0
129	19	30	0.0	0	3133	0
129	23	26	0.0	0	3133	0
129	29	27	0.0	0	3133	0
129	35	27	0.0	0	3133	0
129	39	23	0.0	0	3133	0
129	47	21	0.0	0	3133	0
129	59	5	0.0	0	3133	0
129	61	3	0.0	0	3133	0
129	62	30	0.0	0	3133	0
129	66	2	0.0	0	3133	0
129	66	25	0.0	0	3133	0
129	68	5	0.0	0	3133	0
129	73	29	0.0	0	3133	0
129	80	8	0.0	0	3133	0
129	86	23	0.0	0	3133	0
129	89	1	0.0	0	3133	0
130	6	14	0.0	0	3133	0
130	8	12	0.0	0	3133	0
130	13	21	0.0	0	3133	0
130	18	20	0.0	0	3133	0
130	20	8	0.0	0	3133	0
130	21	6	0.0	0	3133	0
130	23	3	0.0	0	3133	0
130	23	18	0.0	0	3133	0
130	24	21	0.0	0	3133	0
130	33	10	0.0	0	3133	0
130	36	11	0.0	0	3133	0
130	37	26	0.0	0	3133	0
130	42	16	0.0	0	3133	0
130	42	27	0.0	0	3133	0
130	47	20	0.0	0	3133	0
130	49	10	0.0	0	3133	0
130	53	9	0.0	0	3133	0
130	56	25	0.0	0	3133	0
130	57	16	0.0	0	3133	0
130	61	5	0.0	0	3133	0
130	69	31	0.0	0	3133	0
130	72	2	0.0	0	3133	0
130	83	16	0.0	0	3133	0
130	84	18	0.0	0	3133	0
130	84	30	0.0	0	3133	0
130	88	8	0.0	0	3133	0
130	95	10	0.0	0	3133	0
130	98	15	0.0	0	3133	0
131	5	27	0.0	0	3133	0
131	9	12	0.0	0	3133	0
131	13	29	0.0	0	3133	0
131	19	25	0.0	0	3133	0
131	25	12	0.0	0	3133	0
131	27	22	0.0	0	3133	0
131	32	5	0.0	0	3133	0
131	36	5	0.0	0	3133	0
131	43	22	0.0	0	3133	0
131	45	24	0.0	0	3133	0
131	50	31	0.0	0	3133	0
131	53	6	0.0	0	3133	0
131	66	5	0.0	0	3133	0
131	81	3	0.0	0	3133	0
131	82	12	0.0	0	3133	0
131	90	0	0.0	0	3133	0
131	94	5	0.0	0	3133	0
131	95	0	0.0	0	3133	0
131	100	20	0.0	0	3133	0
132	1	23	0.0	0	3133	0
132	2	9	0.0	0	3133	0
132	5	4	0.0	0	3133	0
132	17	31	0.0	0	3133	0
132	18	15	0.0	0	3133	0
132	32	8	0.0	0	3133	0
132	36	28	0.0	0	3133	0
132	40	18	0.0	0	3133	0
132	42	30	0.0	0	3133	0
132	46	31	0.0	0	3133	0
132	47	11	0.0	0	3133	0
132	48	6	0.0	0	3133	0
132	48	13	0.0	0	3133	0
132	53	15	0.0	0	3133	0
132	54	25	0.0	0	3133	0
132	71	28	0.0	0	3133	0
132	71	31	0.0	0	3133	0
132	72	1	0.0	0	3133	0
132	74	13	0.0	0	3133	0
132	74	22	0.0	0	3133	0
132	77	17	0.0	0	3133	0
132	81	31	0.0	0	3133	0
132	83	7	0.0	0	3133	0
132	85	29	0.0	0	3133	0
132	100	9	0.0	0	3133	0
133	1	19	0.0	0	3133	0
133	4	11	0.0	0	3133	0
133	7	23	0.0	0	3133	0
133	8	11	0.0	0	3133	0
133	14	10	0.0	0	3133	0
133	15	0	0.0	0	3133	0
133	15	8	0.0	0	3133	0
133	16	25	0.0	0	3133	0
133	17	0	0.0	0	3133	0
133	18	8	0.0	0	3133	0
133	29	0	0.0	0	3133	0
133	30	26	0.0	0	3133	0
133	33	2	0.0	0	3133	0
133	34	21	0.0	0	3133	0
133	34	24	0.0	0	3133	0
133	42	1	0.0	0	3133	0
133	44	26	0.0	0	3133	0
133	45	4	0.0	0	3133	0
133	48	1	0.0	0	3133	0
133	49	20	0.0	0	3133	0
133	60	5	0.0	0	3133	0
133	65	11	0.0	0	3133	0
133	66	18	0.0	0	3133	0
133	71	18	0.0	0	3133	0
133	76	30	0.0	0	3133	0
133	79	10	0.0	0	3133	0
133	96	16	0.0	0	3133	0
133	97	9	0.0	0	3133	0
134	4	5	0.0	0	3133	0
134	4	16	0.0	0	3133	0
134	5	10	0.0	0	3133	0
134	6	27	0.0	0	3133	0
134	7	23	0.0	0	3133	0
134	8	9	0.0	0	3133	0
134	11	7	0.0	0	3133	0
134	14	15	0.0	0	3133	0
134	14	18	0.0	0	3133	0
134	14	24	0.0	0	3133	0
134	19	21	0.0	0	3133	0
134	20	7	0.0	0	3133	0
134	20	12	0.0	0	3133	0
134	30	27	0.0	0	3133	0
134	31	27	0.0	0	3133	0
134	56	13	0.0	0	3133	0
134	59	8	0.0	0	3133	0
134	68	24	0.0	0	3133	0
134	73	24	0.0	0	3133	0
134	80	15	0.0	0	3133	0
134	82	24	0.0	0	3133	0
134	83	26	0.0	0	3133	0
134	84	9	0.0	0	3133	0
134	85	16	0.0	0	3133	0
134	91	29	0.0	0	3133	0
134	95	28	0.0	0	3133	0
134	98	9	0.0	0	3133	0
135	0	22	0.0	0	3133	0
135	0	26	0.0	0	3133	0
135	2	14	0.0	0	3133	0
135	14	13	0.0	0	3133	0
135	17	0	0.0	0	3133	0
135	19	11	0.0	0	3133	0
135	20	9	0.0	0	3133	0
135	20	24	0.0	0	3133	0
135	23	26	0.0	0	3133	0
135	37	18	0.0	0	3133	0
135	42	26	0.0	0	3133	0
135	51	17	0.0	0	3133	0
135	60	26	0.0	0	3133	0
135	75	12	0.0	0	3133	0
135	77	9	0.0	0	3133	0
135	78	4	0.0	0	3133	0
135	80	16	0.0	0	3133	0
135	81	9	0.0	0	3133	0
135	86	6	0.0	0	3133	0
135	86	8	0.0	0	3133	0
135	90	12	0.0	0	3133	0
135	91	22	0.0	0	3133	0
135	95	2	0.0	0	3133	0
135	99	26	0.0	0	3133	0
136	1	30	0.0	0	3133	0
136	2	11	0.0	0	3133	0
136	5	21	0.0	0	3133	0
136	9	24	0.0	0	3133	0
136	10	28	0.0	0	3133	0
136	15	20	0.0	0	3133	0
136	20	27	0.0	0	3133	0
136	35	20	0.0	0	3133	0
136	36	6	0.0	0	3133	0
136	46	21	0.0	0	3133	0
136	63	16	0.0	0	3133	0
136	64	23	0.0	0	3133	0
136	79	4	0.0	0	3133	0
136	84	2	0.0	0	3133	0
136	86	3	0.0	0	3133	0
136	87	8	0.0	0	3133	0
136	97	20	0.0	0	3133	0
137	5	18	0.0	0	3133	0
137	6	15	0.0	0	3133	0
137	13	12	0.0	0	3133	0
137	17	11	0.0	0	3133	0
137	17	19	0.0	0	3133	0
137	18	16	0.0	0	3133	0
137	21	29	0.0	0	3133	0
137	32	1	0.0	0	3133	0
137	34	2	0.0	0	3133	0
137	42	18	0.0	0	3133	0
137	60	12	0.0	0	3133	0
137	64	20	0.0	0	3133	0
137	68	9	0.0	0	3133	0
137	71	21	0.0	0	3133	0
137	75	30	0.0	0	3133	0
137	78	28	0.0	0	3133	0
137	81	7	0.0	0	3133	0
137	82	14	0.0	0	3133	0
137	91	13	0.0	0	3133	0
137	97	0	0.0	0	3133	0
138	4	31	0.0	0	3133	0
138	6	25	0.0	0	3133	0
138	14	12	0.0	0	3133	0
138	17	10	0.0	0	3133	0
138	20	25	0.0	0	3133	0
138	42	28	0.0	0	3133	0
138	45	5	0.0	0	3133	0
138	45	17	0.0	0	3133	0
138	47	28	0.0	0	3133	0
138	49	10	0.0	0	3133	0
138	61	12	0.0	0	3133	0
138	68	25	0.0	0	3133	0
138	71	15	0.0	0	3133	0
138	72	28	0.0	0	3133	0
138	81	0	0.0	0	3133	0
138	81	21	0.0	0	3133	0
138	84	23	0.0	0	3133	0
138	86	18	0.0	0	3133	0
138	87	13	0.0	0	3133	0
138	87	26	0.0	0	3133	0
138	89	23	0.0	0	3133	0
138	94	23	0.0	0	3133	0
139	1	11	0.0	0	3133	0
139	15	24	0.0	0	3133	0
139	17	26	0.0	0	3133	0
139	19	30	0.0	0	3133	0
139	24	23	0.0	0	3133	0
139	37	10	0.0	0	3133	0
139	39	9	0.0	0	3133	0
139	47	2	0.0	0	3133	0
139	54	13	0.0	0	3133	0
139	65	20	0.0	0	3133	0
139	68	20	0.0	0	3133	0
139	73	30	0.0	0	3133	0
139	74	3	0.0	0	3133	0
139	76	3	0.0	0	3133	0
139	77	11	0.0	0	3133	0
139	77	19	0.0	0	3133	0
139	78	30	0.0	0	3133	0
139	87	2	0.0	0	3133	0
139	87	16	0.0	0	3133	0
139	91	24	0.0	0	3133	0
139	93	15	0.0	0	3133	0
139	98	31	0.0	0	3133	0
140	3	16	0.0	0	3133	0
140	5	13	0.0	0	3133	0
140	18	21	0.0	0	3133	0
140	31	2	0.0	0	3133	0
140	35	28	0.0	0	3133	0
140	40	11	0.0	0	3133	0
140	44	3	0.0	0	3133	0
140	44	31	0.0	0	3133	0
140	46	5	0.0	0	3133	0
140	47	12	0.0	0	3133	0
140	51	4	0.0	0	3133	0
140	53	11	0.0	0	3133	0
140	62	17	0.0	0	3133	0
140	72	12	0.0	0	3133	0
140	74	13	0.0	0	3133	0
140	76	15	0.0	0	3133	0
140	77	10	0.0	0	3133	0
140	80	8	0.0	0	3133	0
140	84	9	0.0	0	3133	0
140	84	27	0.0	0	3133	0
140	86	22	0.0	0	3133	0
140	90	5	0.0	0	3133	0
140	97	3	0.0	0	3133	0
140	99	29	0.0	0	3133	0
141	2	16	0.0	0	3133	0
141	4	21	0.0	0	3133	0
141	8	10	0.0	0	3133	0
141	9	11	0.0	0	3133	0
141	18	29	0.0	0	3133	0
141	21	16	0.0	0	3133	0
141	28	30	0.0	0	3133	0
141	32	14	0.0	0	3133	0
141	33	26	0.0	0	3133	0
141	36	17	0.0	0	3133	0
141	39	19	0.0	0	3133	0
141	41	29	0.0	0	3133	0
141	42	24	0.0	0	3133	0
141	43	5	0.0	0	3133	0
141	45	7	0.0	0	3133	0
141	47	10	0.0	0	3133	0
141	53	15	0.0	0	3133	0
141	53	23	0.0	0	3133	0
141	55	7	0.0	0	3133	0
141	65	13	0.0	0	3133	0
141	70	31	0.0	0	3133	0
141	71	15	0.0	0	3133	0
141	72	14	0.0	0	3133	0
141	94	19	0.0	0	3133	0
142	4	10	0.0	0	3133	0
142	5	25	0.0	0	3133	0
142	6	12	0.0	0	3133	0
142	12	30	0.0	0	3133	0
142	21	8	0.0	0	3133	0
142	22	6	0.0	0	3133	0
142	24	24	0.0	0	3133	0
142	33	13	0.0	0	3133	0
142	35	7	0.0	0	3133	0
142	36	2	0.0	0	3133	0
142	39	28	0.0	0	3133	0
142	46	31	0.0	0	3133	0
142	49	13	0.0	0	3133	0
142	49	23	0.0	0	3133	0
142	55	14	0.0	0	3133	0
142	59	14	0.0	0	3133	0
142	61	8	0.0	0	3133	0
142	62	25	0.0	0	3133	0
142	63	10	0.0	0	3133	0
142	82	2	0.0	0	3133	0
142	82	22	0.0	0	3133	0
142	87	11	0.0	0	3133	0
142	89	7	0.0	0	3133	0
142	93	26	0.0	0	3133	0
143	1	23	0.0	0	3133	0
143	3	28	0.0	0	3133	0
143	10	5	0.0	0	3133	0
143	11	24	0.0	0	3133	0
143	11	31	0.0	0	3133	0
143	19	26	0.0	0	3133	0
143	29	26	0.0	0	3133	0
143	32	10	0.0	0	3133	0
143	37	9	0.0	0	3133	0
143	45	21	0.0	0	3133	0
143	46	26	0.0	0	3133	0
143	62	28	0.0	0	3133	0
143	67	11	0.0	0	3133	0
143	75	21	0.0	0	3133	0
143	77	7	0.0	0	3133	0
143	81	10	0.0	0	3133	0
143	91	20	0.0	0	3133	0
143	92	3	0.0	0	3133	0
143	95	28	0.0	0	3133	0
144	4	14	0.0	0	3133	0
144	5	15	0.0	0	3133	0
144	9	17	0.0	0	3133	0
144	15	11	0.0	0	3133	0
144	17	23	0.0	0	3133	0
144	19	8	0.0	0	3133	0
144	23	25	0.0	0	3133	0
144	24	3	0.0	0	3133	0
144	29	22	0.0	0	3133	0
144	29	24	0.0	0	3133	0
144	32	15	0.0	0	3133	0
144	37	1	0.0	0	3133	0
144	39	8	0.0	0	3133	0
144	40	4	0.0	0	3133	0
144	48	10	0.0	0	3133	0
144	51	2	0.0	0	3133	0
144	51	31	0.0	0	3133	0
144	56	2	0.0	0	3133	0
144	77	21	0.0	0	3133	0
144	78	8	0.0	0	3133	0
144	83	13	0.0	0	3133	0
144	87	30	0.0	0	3133	0
144	100	23	0.0	0	3133	0
145	2	13	0.0	0	3133	0
145	44	19	0.0	0	3133	0
145	52	7	0.0	0	3133	0
145	57	11	0.0	0	3133	0
145	61	8	0.0	0	3133	0
145	62	1	0.0	0	3133	0
145	64	5	0.0	0	3133	0
145	68	20	0.0	0	3133	0
145	71	9	0.0	0	3133	0
145	71	17	0.0	0	3133	0
145	74	24	0.0	0	3133	0
145	74	28	0.0	0	3133	0
145	76	13	0.0	0	3133	0
145	76	28	0.0	0	3133	0
145	78	30	0.0	0	3133	0
145	99	5	0.0	0	3133	0
146	1	30	0.0	0	3133	0
146	5	1	0.0	0	3133	0
146	6	11	0.0	0	3133	0
146	22	27	0.0	0	3133	0
146	30	19	0.0	0	3133	0
146	33	26	0.0	0	3133	0
146	40	1	0.0	0	3133	0
146	53	18	0.0	0	3133	0
146	56	19	0.0	0	3133	0
146	57	17	0.0	0	3133	0
146	59	11	0.0	0	3133	0
146	62	22	0.0	0	3133	0
146	65	12	0.0	0	3133	0
146	86	19	0.0	0	3133	0
146	95	7	0.0	0	3133	0
146	97	26	0.0	0	3133	0
147	1	29	0.0	0	3133	0
147	6	30	0.0	0	3133	0
147	16	30	0.0	0	3133	0
147	18	18	0.0	0	3133	0
147	22	23	0.0	0	3133	0
147	24	6	0.0	0	3133	0
147	25	13	0.0	0	3133	0
147	27	14	0.0	0	3133	0
147	51	16	0.0	0	3133	0
147	59	30	0.0	0	3133	0
147	64	13	0.0	0	3133	0
147	71	7	0.0	0	3133	0
147	74	27	0.0	0	3133	0
147	77	15	0.0	0	3133	0
147	79	7	0.0	0	3133	0
147	80	3	0.0	0	3133	0
147	90	12	0.0	0	3133	0
147	90	16	0.0	0	3133	0
147	99	19	0.0	0	3133	0
148	2	24	0.0	0	3133	0
148	2	31	0.0	0	3133	0
148	3	27	0.0	0	3133	0
148	12	29	0.0	0	3133	0
148	14	6	0.0	0	3133	0
148	15	30	0.0	0	3133	0
148	17	24	0.0	0	3133	0
148	22	2	0.0	0	3133	0
148	22	11	0.0	0	3133	0
148	23	26	0.0	0	3133	0
148	26	7	0.0	0	3133	0
148	33	10	0.0	0	3133	0
148	36	29	0.0	0	3133	0
148	42	27	0.0	0	3133	0
148	44	6	0.0	0	3133	0
148	51	1	0.0	0	3133	0
148	53	20	0.0	0	3133	0
148	53	22	0.0	0	3133	0
148	58	8	0.0	0	3133	0
148	61	15	0.0	0	3133	0
148	64	0	0.0	0	3133	0
148	65	5	0.0	0	3133	0
148	66	3	0.0	0	3133	0
148	66	30	0.0	0	3133	0
148	67	5	0.0	0	3133	0
148	67	24	0.0	0	3133	0
148	72	24	0.0	0	3133	0
148	79	2	0.0	0	3133	0
148	82	18	0.0	0	3133	0
148	89	0	0.0	0	3133	0
148	92	27	0.0	0	3133	0
148	94	19	0.0	0	3133	0
149	5	20	0.0	0	3133	0
149	10	9	0.0	0	3133	0
149	16	19	0.0	0	3133	0
149	20	12	0.0	0	3133	0
149	41	5	0.0	0	3133	0
149	41	16	0.0	0	3133	0
149	47	7	0.0	0	3133	0
149	50	16	0.0	0	3133	0
149	53	23	0.0	0	3133	0
149	58	13	0.0	0	3133	0
149	59	6	0.0	0	3133	0
149	65	4	0.0	0	3133	0
149	69	17	0.0	0	3133	0
149	79	30	0.0	0	3133	0
149	82	19	0.0	0	3133	0
149	82	25	0.0	0	3133	0
149	89	28	0.0	0	3133	0
150	4	17	0.0	0	3133	0
150	8	23	0.0	0	3133	0
150	10	28	0.0	0	3133	0
150	21	16	0.0	0	3133	0
150	21	18	0.0	0	3133	0
150	27	7	0.0	0	3133	0
150	32	19	0.0	0	3133	0
150	33	1	0.0	0	3133	0
150	37	9	0.0	0	3133	0
150	51	31	0.0	0	3133	0
150	52	22	0.0	0	3133	0
150	55	18	0.0	0	3133	0
150	58	12	0.0	0	3133	0
150	58	24	0.0	0	3133	0
150	60	0	0.0	0	3133	0
150	63	29	0.0	0	3133	0
150	65	17	0.0	0	3133	0
150	78	20	0.0	0	3133	0
150	79	28	0.0	0	3133	0
150	84	28	0.0	0	3133	0
150	87	15	0.0	0	3133	0
150	87	21	0.0	0	3133	0
150	95	2	0.0	0	3133	0
150	95	11	0.0	0	3133	0
150	98	18	0.0	0	3133	0
151	2	30	0.0	0	3133	0
151	6	1	0.0	0	3133	0
151	11	31	0.0	0	3133	0
151	14	30	0.0	0	3133	0
151	18	9	0.0	0	3133	0
151	19	15	0.0	0	3133	0
151	25	18	0.0	0	3133	0
151	25	22	0.0	0	3133	0
151	37	13	0.0	0	3133	0
151	39	26	0.0	0	3133	0
151	42	28	0.0	0	3133	0
151	57	25	0.0	0	3133	0
151	57	29	0.0	0	3133	0
151	58	24	0.0	0	3133	0
151	61	13	0.0	0	3133	0
151	64	24	0.0	0	3133	0
151	65	29	0.0	0	3133	0
151	71	21	0.0	0	3133	0
151	80	4	0.0	0	3133	0
151	81	4	0.0	0	3133	0
151	83	25	0.0	0	3133	0
151	90	16	0.0	0	3133	0
151	91	15	0.0	0	3133	0
151	98	6	0.0	0	3133	0
151	99	25	0.0	0	3133	0
152	7	12	0.0	0	3133	0
152	12	10	0.0	0	3133	0
152	17	6	0.0	0	3133	0
152	19	5	0.0	0	3133	0
152	27	24	0.0	0	3133	0
152	29	13	0.0	0	3133	0
152	33	19	0.0	0	3133	0
152	38	29	0.0	0	3133	0
152	39	1	0.0	0	3133	0
152	43	13	0.0	0	3133	0
152	49	1	0.0	0	3133	0
152	79	16	0.0	0	3133	0
152	83	14	0.0	0	3133	0
152	92	1	0.0	0	3133	0
153	8	23	0.0	0	3133	0
153	11	31	0.0	0	3133	0
153	12	19	0.0	0	3133	0
153	13	1	0.0	0	3133	0
153	14	29	0.0	0	3133	0
153	20	22	0.0	0	3133	0
153	25	0	0.0	0	3133	0
153	31	21	0.0	0	3133	0
153	39	9	0.0	0	3133	0
153	48	25	0.0	0	3133	0
153	55	7	0.0	0	3133	0
153	55	16	0.0	0	3133	0
153	66	6	0.0	0	3133	0
153	66	13	0.0	0	3133	0
153	66	21	0.0	0	3133	0
153	69	19	0.0	0	3133	0
153	71	23	0.0	0	3133	0
153	73	25	0.0	0	3133	0
153	82	24	0.0	0	3133	0
153	85	3	0.0	0	3133	0
153	94	15	0.0	0	3133	0
153	98	29	0.0	0	3133	0
153	100	3	0.0	0	3133	0
153	100	4	0.0	0	3133	0
153	100	15	0.0	0	3133	0
154	8	15	0.0	0	3133	0
154	28	6	0.0	0	3133	0
154	33	12	0.0	0	3133	0
154	35	9	0.0	0	3133	0
154	37	30	0.0	0	3133	0
154	42	3	0.0	0	3133	0
154	53	12	0.0	0	3133	0
154	53	22	0.0	0	3133	0
154	57	16	0.0	0	3133	0
154	61	2	0.0	0	3133	0
154	68	0	0.0	0	3133	0
154	77	16	0.0	0	3133	0
154	88	25	0.0	0	3133	0
154	91	27	0.0	0	3133	0
154	98	16	0.0	0	3133	0
154	99	27	0.0	0	3133	0
155	3	25	0.0	0	3133	0
155	28	28	0.0	0	3133	0
155	31	29	0.0	0	3133	0
155	36	14	0.0	0	3133	0
155	42	0	0.0	0	3133	0
155	51	27	0.0	0	3133	0
155	52	22	0.0	0	3133	0
155	66	7	0.0	0	3133	0
155	66	21	0.0	0	3133	0
155	71	8	0.0	0	3133	0
155	73	4	0.0	0	3133	0
155	73	20	0.0	0	3133	0
155	74	21	0.0	0	3133	0
155	84	15	0.0	0	3133	0
155	86	24	0.0	0	3133	0
155	87	8	0.0	0	3133	0
155	89	11	0.0	0	3133	0
155	96	13	0.0	0	3133	0
156	4	26	0.0	0	3133	0
156	5	23	0.0	0	3133	0
156	10	31	0.0	0	3133	0
156	19	8	0.0	0	3133	0
156	23	16	0.0	0	3133	0
156	26	26	0.0	0	3133	0
156	39	0	0.0	0	3133	0
156	51	30	0.0	0	3133	0
156	57	1	0.0	0	3133	0
156	58	18	0.0	0	3133	0
156	61	19	0.0	0	3133	0
156	70	14	0.0	0	3133	0
156	74	14	0.0	0	3133	0
156	76	1	0.0	0	3133	0
156	81	30	0.0	0	3133	0
156	88	8	0.0	0	3133	0
156	89	6	0.0	0	3133	0
156	94	24	0.0	0	3133	0
157	11	2	0.0	0	3133	0
157	26	26	0.0	0	3133	0
157	28	14	0.0	0	3133	0
157	31	8	0.0	0	3133	0
157	31	17	0.0	0	3133	0
157	32	20	0.0	0	3133	0
157	45	6	0.0	0	3133	0
157	45	29	0.0	0	3133	0
157	51	14	0.0	0	3133	0
157	60	12	0.0	0	3133	0
157	62	30	0.0	0	3133	0
157	64	24	0.0	0	3133	0
157	67	26	0.0	0	3133	0
157	69	12	0.0	0	3133	0
157	69	15	0.0	0	3133	0
157	73	27	0.0	0	3133	0
157	78	9	0.0	0	3133	0
157	79	22	0.0	0	3133	0
157	88	8	0.0	0	3133	0
157	88	12	0.0	0	3133	0
158	2	6	0.0	0	3133	0
158	3	25	0.0	0	3133	0
158	5	10	0.0	0	3133	0
158	5	28	0.0	0	3133	0
158	9	31	0.0	0	3133	0
158	11	30	0.0	0	3133	0
158	14	13	0.0	0	3133	0
158	18	3	0.0	0	3133	0
158	18	15	0.0	0	3133	0
158	31	0	0.0	0	3133	0
158	31	10	0.0	0	3133	0
158	39	22	0.0	0	3133	0
158	45	9	0.0	0	3133	0
158	46	26	0.0	0	3133	0
158	48	9	0.0	0	3133	0
158	51	23	0.0	0	3133	0
158	59	26	0.0	0	3133	0
158	61	26	0.0	0	3133	0
158	64	9	0.0	0	3133	0
158	70	13	0.0	0	3133	0
158	83	7	0.0	0	3133	0
158	87	9	0.0	0	3133	0
158	88	25	0.0	0	3133	0
158	99	6	0.0	0	3133	0
159	4	22	0.0	0	3133	0
159	9	8	0.0	0	3133	0
159	11	21	0.0	0	3133	0
159	13	7	0.0	0	3133	0
159	14	28	0.0	0	3133	0
159	24	0	0.0	0	3133	0
159	31	23	0.0	0	3133	0
159	37	11	0.0	0	3133	0
159	39	16	0.0	0	3133	0
159	41	24	0.0	0	3133	0
159	61	11	0.0	0	3133	0
159	68	26	0.0	0	3133	0
159	80	9	0.0	0	3133	0
159	81	7	0.0	0	3133	0
159	84	13	0.0	0	3133	0
159	89	11	0.0	0	3133	0
159	99	7	0.0	0	3133	0
160	10	30	0.0	0	3133	0
160	15	10	0.0	0	3133	0
160	16	0	0.0	0	3133	0
160	16	2	0.0	0	3133	0
160	25	5	0.0	0	3133	0
160	26	20	0.0	0	3133	0
160	30	2	0.0	0	3133	0
160	50	10	0.0	0	3133	0
160	50	29	0.0	0	3133	0
160	77	14	0.0	0	3133	0
160	80	11	0.0	0	3133	0
160	82	5	0.0	0	3133	0
160	90	11	0.0	0	3133	0
160	94	11	0.0	0	3133	0
160	96	0	0.0	0	3133	0
160	100	7	0.0	0	3133	0
160	100	27	0.0	0	3133	0
161	4	30	0.0	0	3133	0
161	10	17	0.0	0	3133	0
161	15	14	0.0	0	3133	0
161	21	15	0.0	0	3133	0
161	30	22	0.0	0	3133	0
161	36	3	0.0	0	3133	0
161	36	15	0.0	0	3133	0
161	41	18	0.0	0	3133	0
161	47	0	0.0	0	3133	0
161	57	27	0.0	0	3133	0
161	60	26	0.0	0	3133	0
161	69	14	0.0	0	3133	0
161	78	6	0.0	0	3133	0
161	78	29	0.0	0	3133	0
161	79	18	0.0	0	3133	0
161	84	16	0.0	0	3133	0
161	84	27	0.0	0	3133	0
161	88	11	0.0	0	3133	0
161	95	0	0.0	0	3133	0
162	6	22	0.0	0	3133	0
162	9	2	0.0	0	3133	0
162	21	20	0.0	0	3133	0
162	27	25	0.0	0	3133	0
162	37	30	0.0	0	3133	0
162	41	6	0.0	0	3133	0
162	49	0	0.0	0	3133	0
162	50	29	0.0	0	3133	0
162	53	17	0.0	0	3133	0
162	57	27	0.0	0	3133	0
162	67	18	0.0	0	3133	0
162	69	27	0.0	0	3133	0
162	70	21	0.0	0	3133	0
162	80	8	0.0	0	3133	0
162	86	6	0.0	0	3133	0
162	100	20	0.0	0	3133	0
163	0	10	0.0	0	3133	0
163	2	9	0.0	0	3133	0
163	2	26	0.0	0	3133	0
163	5	7	0.0	0	3133	0
163	12	30	0.0	0	3133	0
163	17	2	0.0	0	3133	0
163	20	22	0.0	0	3133	0
163	20	23	0.0	0	3133	0
163	24	27	0.0	0	3133	0
163	28	11	0.0	0	3133	0
163	30	19	0.0	0	3133	0
163	31	26	0.0	0	3133	0
163	35	28	0.0	0	3133	0
163	44	8	0.0	0	3133	0
163	45	19	0.0	0	3133	0
163	52	13	0.0	0	3133	0
163	53	5	0.0	0	3133	0
163	56	1	0.0	0	3133	0
163	61	17	0.0	0	3133	0
163	62	24	0.0	0	3133	0
163	66	30	0.0	0	3133	0
163	76	20	0.0	0	3133	0
163	79	27	0.0	0	3133	0
163	92	8	0.0	0	3133	0
163	92	23	0.0	0	3133	0
163	98	14	0.0	0	3133	0
164	2	19	0.0	0	3133	0
164	7	10	0.0	0	3133	0
164	7	19	0.0	0	3133	0
164	9	14	0.0	0	3133	0
164	13	13	0.0	0	3133	0
164	21	6	0.0	0	3133	0
164	29	5	0.0	0	3133	0
164	31	31	0.0	0	3133	0
164	32	6	0.0	0	3133	0
164	35	7	0.0	0	3133	0
164	45	18	0.0	0	3133	0
164	54	20	0.0	0	3133	0
164	59	10	0.0	0	3133	0
164	78	13	0.0	0	3133	0
164	83	6	0.0	0	3133	0
164	84	23	0.0	0	3133	0
164	93	15	0.0	0	3133	0
164	96	31	0.0	0	3133	0
164	99	11	0.0	0	3133	0
164	100	21	0.0	0	3133	0
165	18	6	0.0	0	3133	0
165	22	10	0.0	0	3133	0
165	33	13	0.0	0	3133	0
165	37	18	0.0	0	3133	0
165	41	13	0.0	0	3133	0
165	44	19	0.0	0	3133	0
165	46	24	0.0	0	3133	0
165	57	18	0.0	0	3133	0
165	61	26	0.0	0	3133	0
165	66	27	0.0	0	3133	0
165	69	24	0.0	0	3133	0
165	73	3	0.0	0	3133	0
165	73	9	0.0	0	3133	0
165	81	6	0.0	0	3133	0
165	83	16	0.0	0	3133	0
165	85	0	0.0	0	3133	0
165	91	10	0.0	0	3133	0
165	100	21	0.0	0	3133	0
166	9	10	0.0	0	3133	0
166	19	7	0.0	0	3133	0
166	20	4	0.0	0	3133	0
166	20	9	0.0	0	3133	0
166	22	29	0.0	0	3133	0
166	27	19	0.0	0	3133	0
166	33	5	0.0	0	3133	0
166	37	28	0.0	0	3133	0
166	48	10	0.0	0	3133	0
166	48	20	0.0	0	3133	0
166	52	7	0.0	0	3133	0
166	53	25	0.0	0	3133	0
166	54	26	0.0	0	3133	0
166	57	6	0.0	0	3133	0
166	58	2	0.0	0	3133	0
166	66	11	0.0	0	3133	0
166	66	19	0.0	0	3133	0
166	71	30	0.0	0	3133	0
166	80	10	0.0	0	3133	0
166	80	18	0.0	0	3133	0
166	82	28	0.0	0	3133	0
166	87	10	0.0	0	3133	0
166	97	14	0.0	0	3133	0
166	98	1	0.0	0	3133	0
167	3	15	0.0	0	3133	0
167	7	12	0.0	0	3133	0
167	14	20	0.0	0	3133	0
167	16	6	0.0	0	3133	0
167	16	16	0.0	0	3133	0
167	22	2	0.0	0	3133	0
167	27	27	0.0	0	3133	0
167	29	22	0.0	0	3133	0
167	32	18	0.0	0	3133	0
167	41	9	0.0	0	3133	0
167	46	30	0.0	0	3133	0
167	48	4	0.0	0	3133	0
167	59	15	0.0	0	3133	0
167	65	0	0.0	0	3133	0
167	68	6	0.0	0	3133	0
167	79	21	0.0	0	3133	0
167	88	7	0.0	0	3133	0
167	91	6	0.0	0	3133	0
167	92	25	0.0	0	3133	0
167	93	2	0.0	0	3133	0
167	100	20	0.0	0	3133	0
168	0	4	0.0	0	3133	0
168	2	29	0.0	0	3133	0
168	7	27	0.0	0	3133	0
168	10	23	0.0	0	3133	0
168	13	8	0.0	0	3133	0
168	14	10	0.0	0	3133	0
168	17	16	0.0	0	3133	0
168	18	13	0.0	0	3133	0
168	19	29	0.0	0	3133	0
168	25	5	0.0	0	3133	0
168	49	28	0.0	0	3133	0
168	50	5	0.0	0	3133	0
168	51	13	0.0	0	3133	0
168	53	9	0.0	0	3133	0
168	53	24	0.0	0	3133	0
168	54	9	0.0	0	3133	0
168	64	17	0.0	0	3133	0
168	72	14	0.0	0	3133	0
168	76	27	0.0	0	3133	0
168	81	26	0.0	0	3133	0
168	82	6	0.0	0	3133	0
168	93	8	0.0	0	3133	0
168	98	19	0.0	0	3133	0
169	0	25	0.0	0	3133	0
169	4	12	0.0	0	3133	0
169	6	13	0.0	0	3133	0
169	10	31	0.0	0	3133	0
169	13	31	0.0	0	3133	0
169	15	20	0.0	0	3133	0
169	19	10	0.0	0	3133	0
169	20	8	0.0	0	3133	0
169	22	15	0.0	0	3133	0
169	30	24	0.0	0	3133	0
169	41	7	0.0	0	3133	0
169	43	22	0.0	0	3133	0
169	44	12	0.0	0	3133	0
169	63	9	0.0	0	3133	0
169	70	11	0.0	0	3133	0
169	71	5	0.0	0	3133	0
169	84	23	0.0	0	3133	0
169	91	21	0.0	0	3133	0
170	3	1	0.0	0	3133	0
170	4	31	0.0	0	3133	0
170	5	2	0.0	0	3133	0
170	6	2	0.0	0	3133	0
170	6	9	0.0	0	3133	0
170	10	18	0.0	0	3133	0
170	13	3	0.0	0	3133	0
170	13	5	0.0	0	3133	0
170	13	17	0.0	0	3133	0
170	16	15	0.0	0	3133	0
170	19	14	0.0	0	3133	0
170	27	12	0.0	0	3133	0
170	28	3	0.0	0	3133	0
170	28	16	0.0	0	3133	0
170	29	8	0.0	0	3133	0
170	30	22	0.0	0	3133	0
170	42	20	0.0	0	3133	0
170	43	2	0.0	0	3133	0
170	54	10	0.0	0	3133	0
170	68	10	0.0	0	3133	0
170	70	28	0.0	0	3133	0
170	74	2	0.0	0	3133	0
170	76	22	0.0	0	3133	0
170	77	11	0.0	0	3133	0
170	80	5	0.0	0	3133	0
170	84	29	0.0	0	3133	0
171	3	24	0.0	0	3133	0
171	6	20	0.0	0	3133	0
171	9	5	0.0	0	3133	0
171	9	13	0.0	0	3133	0
171	10	17	0.0	0	3133	0
171	15	14	0.0	0	3133	0
171	16	5	0.0	0	3133	0
171	19	20	0.0	0	3133	0
171	21	24	0.0	0	3133	0
171	22	14	0.0	0	3133	0
171	23	29	0.0	0	3133	0
171	27	29	0.0	0	3133	0
171	30	7	0.0	0	3133	0
171	35	27	0.0	0	3133	0
171	42	26	0.0	0	3133	0
171	61	6	0.0	0	3133	0
171	61	26	0.0	0	3133	0
171	72	1	0.0	0	3133	0
171	79	2	0.0	0	3133	0
171	86	12	0.0	0	3133	0
171	89	27	0.0	0	3133	0
171	91	16	0.0	0	3133	0
171	92	0	0.0	0	3133	0
171	93	11	0.0	0	3133	0
171	96	4	0.0	0	3133	0
171	100	8	0.0	0	3133	0
172	3	14	0.0	0	3133	0
172	4	13	0.0	0	3133	0
172	6	11	0.0	0	3133	0
172	6	28	0.0	0	3133	0
172	9	27	0.0	0	3133	0
172	14	4	0.0	0	3133	0
172	14	10	0.0	0	3133	0
172	26	2	0.0	0	3133	0
172	30	10	0.0	0	3133	0
172	35	25	0.0	0	3133	0
172	37	19	0.0	0	3133	0
172	37	29	0.0	0	3133	0
172	41	0	0.0	0	3133	0
172	50	28	0.0	0	3133	0
172	55	5	0.0	0	3133	0
172	66	1	0.0	0	3133	0
172	86	6	0.0	0	3133	0
172	89	29	0.0	0	3133	0
172	99	19	0.0	0	3133	0
172	100	18	0.0	0	3133	0
172	100	19	0.0	0	3133	0
173	2	12	0.0	0	3133	0
173	3	9	0.0	0	3133	0
173	5	7	0.0	0	3133	0
173	7	16	0.0	0	3133	0
173	12	15	0.0	0	3133	0
173	14	2	0.0	0	3133	0
173	16	4	0.0	0	3133	0
173	23	29	0.0	0	3133	0
173	26	22	0.0	0	3133	0
173	27	31	0.0	0	3133	0
173	33	31	0.0	0	3133	0
173	39	5	0.0	0	3133	0
173	47	11	0.0	0	3133	0
173	53	6	0.0	0	3133	0
173	62	11	0.0	0	3133	0
173	65	11	0.0	0	3133	0
173	66	20	0.0	0	3133	0
173	67	7	0.0	0	3133	0
173	68	16	0.0	0	3133	0
173	68	23	0.0	0	3133	0
173	70	29	0.0	0	3133	0
173	75	17	0.0	0	3133	0
173	78	3	0.0	0	3133	0
173	78	16	0.0	0	3133	0
173	79	30	0.0	0	3133	0
173	80	2	0.0	0	3133	0
173	81	13	0.0	0	3133	0
173	87	22	0.0	0	3133	0
173	89	20	0.0	0	3133	0
174	1	10	0.0	0	3133	0
174	3	23	0.0	0	3133	0
174	5	22	0.0	0	3133	0
174	9	29	0.0	0	3133	0
174	12	19	0.0	0	3133	0
174	13	7	0.0	0	3133	0
174	20	15	0.0	0	3133	0
174	21	8	0.0	0	3133	0
174	23	22	0.0	0	3133	0
174	24	19	0.0	0	3133	0
174	50	6	0.0	0	3133	0
174	52	5	0.0	0	3133	0
174	55	7	0.0	0	3133	0
174	56	18	0.0	0	3133	0
174	58	6	0.0	0	3133	0
174	58	29	0.0	0	3133	0
174	65	11	0.0	0	3133	0
174	66	12	0.0	0	3133	0
174	66	14	0.0	0	3133	0
174	69	16	0.0	0	3133	0
174	70	13	0.0	0	3133	0
174	72	14	0.0	0	3133	0
174	76	1	0.0	0	3133	0
174	77	30	0.0	0	3133	0
174	81	5	0.0	0	3133	0
174	83	20	0.0	0	3133	0
174	95	16	0.0	0	3133	0
174	100	3	0.0	0	3133	0
175	6	4	0.0	0	3133	0
175	10	5	0.0	0	3133	0
175	14	24	0.0	0	3133	0
175	17	28	0.0	0	3133	0
175	19	16	0.0	0	3133	0
175	21	31	0.0	0	3133	0
175	23	12	0.0	0	3133	0
175	25	13	0.0	0	3133	0
175	26	2	0.0	0	3133	0
175	27	18	0.0	0	3133	0
175	28	5	0.0	0	3133	0
175	32	20	0.0	0	3133	0
175	44	9	0.0	0	3133	0
175	54	11	0.0	0	3133	0
175	57	23	0.0	0	3133	0
175	58	25	0.0	0	3133	0
175	62	23	0.0	0	3133	0
175	63	4	0.0	0	3133	0
175	64	28	0.0	0	3133	0
175	67	0	0.0	0	3133	0
175	70	0	0.0	0	3133	0
175	77	31	0.0	0	3133	0
175	80	26	0.0	0	3133	0
175	83	8	0.0	0	3133	0
175	84	11	0.0	0	3133	0
175	87	22	0.0	0	3133	0
175	94	18	0.0	0	3133	0
176	15	9	0.0	0	3133	0
176	20	28	0.0	0	3133	0
176	21	29	0.0	0	3133	0
176	29	9	0.0	0	3133	0
176	33	8	0.0	0	3133	0
176	38	3	0.0	0	3133	0
176	45	28	0.0	0	3133	0
176	46	18	0.0	0	3133	0
176	50	12	0.0	0	3133	0
176	53	25	0.0	0	3133	0
176	56	30	0.0	0	3133	0
176	73	21	0.0	0	3133	0
176	77	7	0.0	0	3133	0
176	79	26	0.0	0	3133	0
176	80	21	0.0	0	3133	0
176	86	11	0.0	0	3133	0
176	88	24	0.0	0	3133	0
176	89	29	0.0	0	3133	0
176	94	18	0.0	0	3133	0
176	99	6	0.0	0	3133	0
177	8	0	0.0	0	3133	0
177	12	6	0.0	0	3133	0
177	13	27	0.0	0	3133	0
177	21	14	0.0	0	3133	0
177	22	17	0.0	0	3133	0
177	30	10	0.0	0	3133	0
177	35	12	0.0	0	3133	0
177	47	12	0.0	0	3133	0
177	49	28	0.0	0	3133	0
177	50	28	0.0	0	3133	0
177	67	3	0.0	0	3133	0
177	70	9	0.0	0	3133	0
177	70	31	0.0	0	3133	0
177	71	9	0.0	0	3133	0
177	72	3	0.0	0	3133	0
177	72	21	0.0	0	3133	0
177	80	31	0.0	0	3133	0
177	82	27	0.0	0	3133	0
177	88	10	0.0	0	3133	0
177	90	18	0.0	0	3133	0
177	90	25	0.0	0	3133	0
177	96	5	0.0	0	3133	0
178	3	12	0.0	0	3133	0
178	4	17	0.0	0	3133	0
178	15	12	0.0	0	3133	0
178	28	12	0.0	0	3133	0
178	32	24	0.0	0	3133	0
178	38	9	0.0	0	3133	0
178	50	28	0.0	0	3133	0
178	62	26	0.0	0	3133	0
178	63	12	0.0	0	3133	0
178	63	15	0.0	0	3133	0
178	69	29	0.0	0	3133	0
178	71	4	0.0	0	3133	0
178	95	23	0.0	0	3133	0
178	97	3	0.0	0	3133	0
178	98	14	0.0	0	3133	0
179	3	25	0.0	0	3133	0
179	6	5	0.0	0	3133	0
179	7	14	0.0	0	3133	0
179	10	16	0.0	0	3133	0
179	11	13	0.0	0	3133	0
179	12	10	0.0	0	3133	0
179	14	25	0.0	0	3133	0
179	15	28	0.0	0	3133	0
179	16	5	0.0	0	3133	0
179	22	19	0.0	0	3133	0
179	23	16	0.0	0	3133	0
179	31	1	0.0	0	3133	0
179	41	26	0.0	0	3133	0
179	47	13	0.0	0	3133	0
179	49	2	0.0	0	3133	0
179	50	8	0.0	0	3133	0
179	58	28	0.0	0	3133	0
179	63	3	0.0	0	3133	0
179	63	4	0.0	0	3133	0
179	64	21	0.0	0	3133	0
179	70	11	0.0	0	3133	0
179	71	26	0.0	0	3133	0
179	71	30	0.0	0	3133	0
179	73	10	0.0	0	3133	0
179	77	27	0.0	0	3133	0
179	78	2	0.0	0	3133	0
179	80	9	0.0	0	3133	0
179	85	25	0.0	0	3133	0
179	92	2	0.0	0	3133	0
179	100	4	0.0	0	3133	0
180	0	29	0.0	0	3133	0
180	5	0	0.0	0	3133	0
180	16	9	0.0	0	3133	0
180	17	18	0.0	0	3133	0
180	20	8	0.0	0	3133	0
180	28	20	0.0	0	3133	0
180	34	10	0.0	0	3133	0
180	37	22	0.0	0	3133	0
180	40	2	0.0	0	3133	0
180	50	3	0.0	0	3133	0
180	51	10	0.0	0	3133	0
180	54	19	0.0	0	3133	0
180	56	21	0.0	0	3133	0
180	56	29	0.0	0	3133	0
180	58	30	0.0	0	3133	0
180	61	14	0.0	0	3133	0
180	62	17	0.0	0	3133	0
180	69	6	0.0	0	3133	0
180	74	11	0.0	0	3133	0
180	76	11	0.0	0	3133	0
180	76	13	0.0	0	3133	0
180	78	30	0.0	0	3133	0
180	94	15	0.0	0	3133	0
180	94	22	0.0	0	3133	0
180	98	15	0.0	0	3133	0
180	99	14	0.0	0	3133	0
181	2	26	0.0	0	3133	0
181	3	26	0.0	0	3133	0
181	7	20	0.0	0	3133	0
181	18	3	0.0	0	3133	0
181	18	13	0.0	0	3133	0
181	33	17	0.0	0	3133	0
181	35	2	0.0	0	3133	0
181	36	13	0.0	0	3133	0
181	37	21	0.0	0	3133	0
181	42	14	0.0	0	3133	0
181	47	21	0.0	0	3133	0
181	54	14	0.0	0	3133	0
181	60	21	0.0	0	3133	0
181	61	5	0.0	0	3133	0
181	61	22	0.0	0	3133	0
181	62	16	0.0	0	3133	0
181	67	4	0.0	0	3133	0
181	72	11	0.0	0	3133	0
181	72	25	0.0	0	3133	0
181	73	21	0.0	0	3133	0
181	73	31	0.0	0	3133	0
181	78	2	0.0	0	3133	0
181	78	17	0.0	0	3133	0
181	94	24	0.0	0	3133	0
181	95	7	0.0	0	3133	0
181	99	4	0.0	0	3133	0
181	100	16	0.0	0	3133	0
182	1	22	0.0	0	3133	0
182	4	31	0.0	0	3133	0
182	12	14	0.0	0	3133	0
182	12	24	0.0	0	3133	0
182	13	0	0.0	0	3133	0
182	14	4	0.0	0	3133	0
182	14	30	0.0	0	3133	0
182	22	29	0.0	0	3133	0
182	23	24	0.0	0	3133	0
182	36	31	0.0	0	3133	0
182	37	16	0.0	0	3133	0
182	40	6	0.0	0	3133	0
182	40	21	0.0	0	3133	0
182	41	19	0.0	0	3133	0
182	48	23	0.0	0	3133	0
182	55	28	0.0	0	3133	0
182	58	12	0.0	0	3133	0
182	58	27	0.0	0	3133	0
182	65	26	0.0	0	3133	0
182	73	10	0.0	0	3133	0
182	74	3	0.0	0	3133	0
182	74	22	0.0	0	3133	0
182	76	25	0.0	0	3133	0
182	83	9	0.0	0	3133	0
182	84	8	0.0	0	3133	0
182	88	1	0.0	0	3133	0
183	0	12	0.0	0	3133	0
183	2	7	0.0	0	3133	0
183	4	29	0.0	0	3133	0
183	5	21	0.0	0	3133	0
183	8	30	0.0	0	3133	0
183	10	13	0.0	0	3133	0
183	12	19	0.0	0	3133	0
183	17	20	0.0	0	3133	0
183	19	4	0.0	0	3133	0
183	28	1	0.0	0	3133	0
183	34	10	0.0	0	3133	0
183	37	13	0.0	0	3133	0
183	42	3	0.0	0	3133	0
183	43	17	0.0	0	3133	0
183	43	20	0.0	0	3133	0
183	43	30	0.0	0	3133	0
183	43	31	0.0	0	3133	0
183	45	8	0.0	0	3133	0
183	51	3	0.0	0	3133	0
183	60	7	0.0	0	3133	0
183	63	14	0.0	0	3133	0
183	75	27	0.0	0	3133	0
183	76	10	0.0	0	3133	0
183	76	16	0.0	0	3133	0
183	79	5	0.0	0	3133	0
183	81	2	0.0	0	3133	0
183	83	5	0.0	0	3133	0
183	86	30	0.0	0	3133	0
183	94	27	0.0	0	3133	0
183	95	19	0.0	0	3133	0
183	96	22	0.0	0	3133	0
183	96	28	0.0	0	3133	0
183	97	23	0.0	0	3133	0
184	1	24	0.0	0	3133	0
184	7	11	0.0	0	3133	0
184	13	9	0.0	0	3133	0
184	15	26	0.0	0	3133	0
184	18	17	0.0	0	3133	0
184	21	1	0.0	0	3133	0
184	29	27	0.0	0	3133	0
184	34	18	0.0	0	3133	0
184	36	18	0.0	0	3133	0
184	43	15	0.0	0	3133	0
184	44	5	0.0	0	3133	0
184	56	29	0.0	0	3133	0
184	59	7	0.0	0	3133	0
184	60	1	0.0	0	3133	0
184	61	24	0.0	0	3133	0
184	64	25	0.0	0	3133	0
184	65	12	0.0	0	3133	0
184	69	18	0.0	0	3133	0
184	69	20	0.0	0	3133	0
184	69	24	0.0	0	3133	0
184	75	2	0.0	0	3133	0
184	77	25	0.0	0	3133	0
184	82	16	0.0	0	3133	0
184	85	23	0.0	0	3133	0
184	86	1	0.0	0	3133	0
184	86	31	0.0	0	3133	0
184	87	11	0.0	0	3133	0
184	98	16	0.0	0	3133	0
185	3	30	0.0	0	3133	0
185	6	21	0.0	0	3133	0
185	7	4	0.0	0	3133	0
185	14	26	0.0	0	3133	0
185	17	20	0.0	0	3133	0
185	20	6	0.0	0	3133	0
185	21	0	0.0	0	3133	0
185	27	6	0.0	0	3133	0
185	27	28	0.0	0	3133	0
185	38	14	0.0	0	3133	0
185	56	1	0.0	0	3133	0
185	60	14	0.0	0	3133	0
185	78	20	0.0	0	3133	0
185	80	6	0.0	0	3133	0
185	83	12	0.0	0	3133	0
185	83	30	0.0	0	3133	0
185	84	26	0.0	0	3133	0
185	86	29	0.0	0	3133	0
185	90	28	0.0	0	3133	0
185	99	3	0.0	0	3133	0
186	2	0	0.0	0	3133	0
186	3	13	0.0	0	3133	0
186	9	17	0.0	0	3133	0
186	15	22	0.0	0	3133	0
186	15	31	0.0	0	3133	0
186	19	23	0.0	0	3133	0
186	21	20	0.0	0	3133	0
186	24	12	0.0	0	3133	0
186	26	8	0.0	0	3133	0
186	37	29	0.0	0	3133	0
186	43	11	0.0	0	3133	0
186	48	12	0.0	0	3133	0
186	50	22	0.0	0	3133	0
186	54	7	0.0	0	3133	0
186	67	9	0.0	0	3133	0
186	85	13	0.0	0	3133	0
186	90	18	0.0	0	3133	0
186	91	28	0.0	0	3133	0
186	98	26	0.0	0	3133	0
186	100	0	0.0	0	3133	0
186	100	19	0.0	0	3133	0
187	0	8	0.0	0	3133	0
187	0	16	0.0	0	3133	0
187	8	1	0.0	0	3133	0
187	8	29	0.0	0	3133	0
187	10	26	0.0	0	3133	0
187	14	18	0.0	0	3133	0
187	20	23	0.0	0	3133	0
187	30	20	0.0	0	3133	0
187	30	31	0.0	0	3133	0
187	32	27	0.0	0	3133	0
187	35	31	0.0	0	3133	0
187	38	4	0.0	0	3133	0
187	51	6	0.0	0	3133	0
187	55	17	0.0	0	3133	0
187	62	6	0.0	0	3133	0
187	65	22	0.0	0	3133	0
187	71	21	0.0	0	3133	0
187	81	20	0.0	0	3133	0
187	83	12	0.0	0	3133	0
187	88	6	0.0	0	3133	0
187	91	11	0.0	0	3133	0
187	92	16	0.0	0	3133	0
187	93	9	0.0	0	3133	0
187	99	31	0.0	0	3133	0
187	100	12	0.0	0	3133	0
188	8	0	0.0	0	3133	0
188	12	19	0.0	0	3133	0
188	48	2	0.0	0	3133	0
188	49	25	0.0	0	3133	0
188	55	30	0.0	0	3133	0
188	73	0	0.0	0	3133	0
188	73	6	0.0	0	3133	0
188	77	8	0.0	0	3133	0
188	80	28	0.0	0	3133	0
188	81	1	0.0	0	3133	0
188	85	15	0.0	0	3133	0
188	88	19	0.0	0	3133	0
188	90	11	0.0	0	3133	0
188	92	1	0.0	0	3133	0
188	96	17	0.0	0	3133	0
189	4	23	0.0	0	3133	0
189	17	0	0.0	0	3133	0
189	19	17	0.0	0	3133	0
189	22	6	0.0	0	3133	0
189	23	30	0.0	0	3133	0
189	26	20	0.0	0	3133	0
189	35	22	0.0	0	3133	0
189	38	5	0.0	0	3133	0
189	38	22	0.0	0	3133	0
189	47	20	0.0	0	3133	0
189	49	6	0.0	0	3133	0
189	57	7	0.0	0	3133	0
189	57	22	0.0	0	3133	0
189	62	13	0.0	0	3133	0
189	77	20	0.0	0	3133	0
189	84	5	0.0	0	3133	0
189	86	15	0.0	0	3133	0
189	87	25	0.0	0	3133	0
189	95	17	0.0	0	3133	0
189	97	19	0.0	0	3133	0
190	0	23	0.0	0	3133	0
190	11	1	0.0	0	3133	0
190	13	15	0.0	0	3133	0
190	13	30	0.0	0	3133	0
190	19	22	0.0	0	3133	0
190	24	4	0.0	0	3133	0
190	32	4	0.0	0	3133	0
190	32	21	0.0	0	3133	0
190	34	0	0.0	0	3133	0
190	39	4	0.0	0	3133	0
190	44	11	0.0	0	3133	0
190	45	29	0.0	0	3133	0
190	47	10	0.0	0	3133	0
190	47	25	0.0	0	3133	0
190	49	9	0.0	0	3133	0
190	55	10	0.0	0	3133	0
190	56	14	0.0	0	3133	0
190	58	6	0.0	0	3133	0
190	58	15	0.0	0	3133	0
190	64	9	0.0	0	3133	0
190	64	24	0.0	0	3133	0
190	65	12	0.0	0	3133	0
190	69	8	0.0	0	3133	0
190	73	10	0.0	0	3133	0
190	75	5	0.0	0	3133	0
190	75	10	0.0	0	3133	0
190	82	2	0.0	0	3133	0
190	86	28	0.0	0	3133	0
190	87	0	0.0	0	3133	0
190	98	27	0.0	0	3133	0
191	0	30	0.0	0	3133	0
191	1	20	0.0	0	3133	0
191	2	8	0.0	0	3133	0
191	11	12	0.0	0	3133	0
191	11	25	0.0	0	3133	0
191	15	24	0.0	0	3133	0
191	19	21	0.0	0	3133	0
191	32	27	0.0	0	3133	0
191	34	7	0.0	0	3133	0
191	39	19	0.0	0	3133	0
191	40	26	0.0	0	3133	0
191	43	3	0.0	0	3133	0
191	44	16	0.0	0	3133	0
191	47	14	0.0	0	3133	0
191	48	11	0.0	0	3133	0
191	52	9	0.0	0	3133	0
191	59	28	0.0	0	3133	0
191	66	17	0.0	0	3133	0
191	90	3	0.0	0	3133	0
191	91	28	0.0	0	3133	0
191	93	24	0.0	0	3133	0
191	98	2	0.0	0	3133	0
192	2	13	0.0	0	3133	0
192	5	24	0.0	0	3133	0
192	13	15	0.0	0	3133	0
192	18	3	0.0	0	3133	0
192	20	10	0.0	0	3133	0
192	20	21	0.0	0	3133	0
192	27	8	0.0	0	3133	0
192	28	7	0.0	0	3133	0
192	38	4	0.0	0	3133	0
192	40	20	0.0	0	3133	0
192	44	11	0.0	0	3133	0
192	45	21	0.0	0	3133	0
192	46	12	0.0	0	3133	0
192	59	28	0.0	0	3133	0
192	59	31	0.0	0	3133	0
192	73	19	0.0	0	3133	0
192	76	28	0.0	0	3133	0
192	77	7	0.0	0	3133	0
192	86	9	0.0	0	3133	0
192	95	26	0.0	0	3133	0
192	96	10	0.0	0	3133	0
193	4	4	0.0	0	3133	0
193	7	19	0.0	0	3133	0
193	7	27	0.0	0	3133	0
193	8	1	0.0	0	3133	0
193	24	14	0.0	0	3133	0
193	40	29	0.0	0	3133	0
193	45	3	0.0	0	3133	0
193	56	5	0.0	0	3133	0
193	56	17	0.0	0	3133	0
193	58	18	0.0	0	3133	0
193	59	8	0.0	0	3133	0
193	66	28	0.0	0	3133	0
193	68	6	0.0	0	3133	0
193	75	10	0.0	0	3133	0
193	83	29	0.0	0	3133	0
193	92	8	0.0	0	3133	0
193	98	28	0.0	0	3133	0
193	100	16	0.0	0	3133	0
194	5	31	0.0	0	3133	0
194	7	30	0.0	0	3133	0
194	10	24	0.0	0	3133	0
194	18	25	0.0	0	3133	0
194	20	17	0.0	0	3133	0
194	29	8	0.0	0	3133	0
194	40	12	0.0	0	3133	0
194	52	21	0.0	0	3133	0
194	74	26	0.0	0	3133	0
194	76	4	0.0	0	3133	0
194	84	1	0.0	0	3133	0
194	86	11	0.0	0	3133	0
194	86	14	0.0	0	3133	0
194	87	30	0.0	0	3133	0
194	95	17	0.0	0	3133	0
194	97	11	0.0	0	3133	0
195	7	3	0.0	0	3133	0
195	11	19	0.0	0	3133	0
195	13	31	0.0	0	3133	0
195	15	29	0.0	0	3133	0
195	23	1	0.0	0	3133	0
195	24	31	0.0	0	3133	0
195	27	19	0.0	0	3133	0
195	30	25	0.0	0	3133	0
195	48	5	0.0	0	3133	0
195	56	0	0.0	0	3133	0
195	62	2	0.0	0	3133	0
195	63	24	0.0	0	3133	0
195	71	3	0.0	0	3133	0
195	71	27	0.0	0	3133	0
195	72	6	0.0	0	3133	0
195	84	25	0.0	0	3133	0
195	85	13	0.0	0	3133	0
195	97	13	0.0	0	3133	0
195	98	23	0.0	0	3133	0
196	2	21	0.0	0	3133	0
196	12	22	0.0	0	3133	0
196	17	15	0.0	0	3133	0
196	22	17	0.0	0	3133	0
196	32	0	0.0	0	3133	0
196	33	6	0.0	0	3133	0
196	36	17	0.0	0	3133	0
196	48	21	0.0	0	3133	0
196	57	0	0.0	0	3133	0
196	58	1	0.0	0	3133	0
196	61	18	0.0	0	3133	0
196	65	7	0.0	0	3133	0
196	71	6	0.0	0	3133	0
196	77	23	0.0	0	3133	0
196	84	7	0.0	0	3133	0
196	85	31	0.0	0	3133	0
196	87	9	0.0	0	3133	0
196	87	21	0.0	0	3133	0
196	87	26	0.0	0	3133	0
196	93	27	0.0	0	3133	0
196	99	26	0.0	0	3133	0
197	2	3	0.0	0	3133	0
197	8	15	0.0	0	3133	0
197	9	18	0.0	0	3133	0
197	10	20	0.0	0	3133	0
197	12	10	0.0	0	3133	0
197	17	5	0.0	0	3133	0
197	19	8	0.0	0	3133	0
197	21	31	0.0	0	3133	0
197	39	27	0.0	0	3133	0
197	41	15	0.0	0	3133	0
197	46	1	0.0	0	3133	0
197	46	31	0.0	0	3133	0
197	55	31	0.0	0	3133	0
197	59	22	0.0	0	3133	0
197	63	0	0.0	0	3133	0
197	63	3	0.0	0	3133	0
197	68	4	0.0	0	3133	0
197	81	15	0.0	0	3133	0
197	82	21	0.0	0	3133	0
197	93	12	0.0	0	3133	0
198	3	5	0.0	0	3133	0
198	5	18	0.0	0	3133	0
198	6	6	0.0	0	3133	0
198	7	12	0.0	0	3133	0
198	11	10	0.0	0	3133	0
198	15	22	0.0	0	3133	0
198	16	25	0.0	0	3133	0
198	17	23	0.0	0	3133	0
198	20	19	0.0	0	3133	0
198	25	26	0.0	0	3133	0
198	29	11	0.0	0	3133	0
198	32	24	0.0	0	3133	0
198	36	28	0.0	0	3133	0
198	41	12	0.0	0	3133	0
198	42	2	0.0	0	3133	0
198	53	3	0.0	0	3133	0
198	56	7	0.0	0	3133	0
198	58	24	0.0	0	3133	0
198	62	27	0.0	0	3133	0
198	78	2	0.0	0	3133	0
198	79	7	0.0	0	3133	0
198	84	8	0.0	0	3133	0
198	94	4	0.0	0	3133	0
199	6	14	0.0	0	3133	0
199	6	27	0.0	0	3133	0
199	9	0	0.0	0	3133	0
199	9	30	0.0	0	3133	0
199	13	10	0.0	0	3133	0
199	18	9	0.0	0	3133	0
199	26	23	0.0	0	3133	0
199	31	30	0.0	0	3133	0
199	44	16	0.0	0	3133	0
199	44	18	0.0	0	3133	0
199	47	20	0.0	0	3133	0
199	48	10	0.0	0	3133	0
199	53	5	0.0	0	3133	0
199	55	25	0.0	0	3133	0
199	66	24	0.0	0	3133	0
199	69	29	0.0	0	3133	0
199	70	25	0.0	0	3133	0
199	72	0	0.0	0	3133	0
199	81	19	0.0	0	3133	0
199	83	3	0.0	0	3133	0
199	84	9	0.0	0	3133	0
199	89	18	0.0	0	3133	0
199	98	17	0.0	0	3133	0
199	98	28	0.0	0	3133	0
200	3	15	0.0	0	3133	0
200	5	2	0.0	0	3133	0
200	6	23	0.0	0	3133	0
200	14	28	0.0	0	3133	0
200	17	25	0.0	0	3133	0
200	22	26	0.0	0	3133	0
200	28	29	0.0	0	3133	0
200	36	20	0.0	0	3133	0
200	37	28	0.0	0	3133	0
200	39	6	0.0	0	3133	0
200	40	22	0.0	0	3133	0
200	42	12	0.0	0	3133	0
200	47	30	0.0	0	3133	0
200	48	2	0.0	0	3133	0
200	55	3	0.0	0	3133	0
200	60	30	0.0	0	3133	0
200	75	15	0.0	0	3133	0
200	77	24	0.0	0	3133	0
200	82	21	0.0	0	3133	0
200	88	11	0.0	0	3133	0
200	91	6	0.0	0	3133	0
200	92	16	0.0	0	3133	0
200	95	7	0.0	0	3133	0
200	95	14	0.0	0	3133	0
200	97	29	0.0	0	3133	0
201	1	16	0.0	0	3133	0
201	1	24	0.0	0	3133	0
201	2	1	0.0	0	3133	0
201	2	18	0.0	0	3133	0
201	15	18	0.0	0	3133	0
201	20	0	0.0	0	3133	0
201	23	4	0.0	0	3133	0
201	41	8	0.0	0	3133	0
201	45	15	0.0	0	3133	0
201	45	21	0.0	0	3133	0
201	48	10	0.0	0	3133	0
201	57	22	0.0	0	3133	0
201	61	22	0.0	0	3133	0
201	75	14	0.0	0	3133	0
201	78	10	0.0	0	3133	0
201	81	25	0.0	0	3133	0
201	87	14	0.0	0	3133	0
201	88	16	0.0	0	3133	0
201	89	1	0.0	0	3133	0
201	91	20	0.0	0	3133	0
201	92	12	0.0	0	3133	0
201	92	30	0.0	0	3133	0
201	93	19	0.0	0	3133	0
201	98	26	0.0	0	3133	0
201	99	12	0.0	0	3133	0
202	4	19	0.0	0	3133	0
202	8	31	0.0	0	3133	0
202	9	26	0.0	0	3133	0
202	15	5	0.0	0	3133	0
202	16	9	0.0	0	3133	0
202	19	1	0.0	0	3133	0
202	27	20	0.0	0	3133	0
202	28	14	0.0	0	3133	0
202	30	29	0.0	0	3133	0
202	31	11	0.0	0	3133	0
202	38	14	0.0	0	3133	0
202	39	6	0.0	0	3133	0
202	39	11	0.0	0	3133	0
202	43	1	0.0	0	3133	0
202	50	7	0.0	0	3133	0
202	56	24	0.0	0	3133	0
202	57	2	0.0	0	3133	0
202	61	24	0.0	0	3133	0
202	63	0	0.0	0	3133	0
202	64	16	0.0	0	3133	0
202	67	14	0.0	0	3133	0
202	67	28	0.0	0	3133	0
202	70	1	0.0	0	3133	0
202	70	17	0.0	0	3133	0
202	80	16	0.0	0	3133	0
202	82	20	0.0	0	3133	0
202	83	7	0.0	0	3133	0
202	85	31	0.0	0	3133	0
202	87	19	0.0	0	3133	0
202	90	5	0.0	0	3133	0
202	91	5	0.0	0	3133	0
203	9	11	0.0	0	3133	0
203	12	12	0.0	0	3133	0
203	19	21	0.0	0	3133	0
203	21	11	0.0	0	3133	0
203	32	9	0.0	0	3133	0
203	32	22	0.0	0	3133	0
203	32	23	0.0	0	3133	0
203	33	5	0.0	0	3133	0
203	45	2	0.0	0	3133	0
203	56	28	0.0	0	3133	0
203	61	19	0.0	0	3133	0
203	67	16	0.0	0	3133	0
203	69	21	0.0	0	3133	0
203	74	18	0.0	0	3133	0
203	81	10	0.0	0	3133	0
203	81	29	0.0	0	3133	0
203	95	0	0.0	0	3133	0
204	2	29	0.0	0	3133	0
204	9	8	0.0	0	3133	0
204	14	6	0.0	0	3133	0
204	20	13	0.0	0	3133	0
204	21	21	0.0	0	3133	0
204	24	5	0.0	0	3133	0
204	30	22	0.0	0	3133	0
204	40	8	0.0	0	3133	0
204	41	9	0.0	0	3133	0
204	48	17	0.0	0	3133	0
204	49	3	0.0	0	3133	0
204	55	7	0.0	0	3133	0
204	66	12	0.0	0	3133	0
204	71	6	0.0	0	3133	0
204	78	22	0.0	0	3133	0
204	90	20	0.0	0	3133	0
204	93	12	0.0	0	3133	0
204	93	14	0.0	0	3133	0
204	97	14	0.0	0	3133	0
205	0	30	0.0	0	3133	0
205	2	0	0.0	0	3133	0
205	2	9	0.0	0	3133	0
205	3	6	0.0	0	3133	0
205	4	19	0.0	0	3133	0
205	7	31	0.0	0	3133	0
205	9	7	0.0	0	3133	0
205	10	28	0.0	0	3133	0
205	18	1	0.0	0	3133	0
205	22	8	0.0	0	3133	0
205	22	15	0.0	0	3133	0
205	24	8	0.0	0	3133	0
205	29	1	0.0	0	3133	0
205	33	27	0.0	0	3133	0
205	37	28	0.0	0	3133	0
205	48	12	0.0	0	3133	0
205	48	14	0.0	0	3133	0
205	55	9	0.0	0	3133	0
205	68	21	0.0	0	3133	0
205	73	11	0.0	0	3133	0
205	78	2	0.0	0	3133	0
205	82	28	0.0	0	3133	0
205	94	29	0.0	0	3133	0
205	99	28	0.0	0	3133	0
205	100	4	0.0	0	3133	0
206	2	8	0.0	0	3133	0
206	7	0	0.0	0	3133	0
206	24	16	0.0	0	3133	0
206	49	27	0.0	0	3133	0
206	54	8	0.0	0	3133	0
206	69	12	0.0	0	3133	0
206	73	3	0.0	0	3133	0
206	73	27	0.0	0	3133	0
206	74	1	0.0	0	3133	0
206	77	10	0.0	0	3133	0
206	81	21	0.0	0	3133	0
206	84	15	0.0	0	3133	0
206	84	27	0.0	0	3133	0
206	89	27	0.0	0	3133	0
207	0	7	0.0	0	3133	0
207	16	18	0.0	0	3133	0
207	24	24	0.0	0	3133	0
207	34	18	0.0	0	3133	0
207	37	17	0.0	0	3133	0
207	40	22	0.0	0	3133	0
207	42	0	0.0	0	3133	0
207	43	11	0.0	0	3133	0
207	47	29	0.0	0	3133	0
207	50	0	0.0	0	3133	0
207	51	30	0.0	0	3133	0
207	54	25	0.0	0	3133	0
207	59	11	0.0	0	3133	0
207	63	15	0.0	0	3133	0
207	65	13	0.0	0	3133	0
207	73	26	0.0	0	3133	0
207	77	19	0.0	0	3133	0
207	80	31	0.0	0	3133	0
207	83	28	0.0	0	3133	0
207	85	25	0.0	0	3133	0
207	86	25	0.0	0	3133	0
207	87	25	0.0	0	3133	0
207	88	9	0.0	0	3133	0
207	89	1	0.0	0	3133	0
207	90	22	0.0	0	3133	0
207	97	7	0.0	0	3133	0
208	4	25	0.0	0	3133	0
208	7	4	0.0	0	3133	0
208	7	6	0.0	0	3133	0
208	8	1	0.0	0	3133	0
208	8	23	0.0	0	3133	0
208	9	13	0.0	0	3133	0
208	17	13	0.0	0	3133	0
208	24	29	0.0	0	3133	0
208	25	14	0.0	0	3133	0
208	29	7	0.0	0	3133	0
208	29	28	0.0	0	3133	0
208	30	13	0.0	0	3133	0
208	32	7	0.0	0	3133	0
208	40	25	0.0	0	3133	0
208	42	21	0.0	0	3133	0
208	42	23	0.0	0	3133	0
208	43	19	0.0	0	3133	0
208	43	29	0.0	0	3133	0
208	57	5	0.0	0	3133	0
208	59	14	0.0	0	3133	0
208	59	21	0.0	0	3133	0
208	60	3	0.0	0	3133	0
208	61	9	0.0	0	3133	0
208	67	23	0.0	0	3133	0
208	68	23	0.0	0	3133	0
208	73	16	0.0	0	3133	0
208	73	22	0.0	0	3133	0
208	75	22	0.0	0	3133	0
208	79	6	0.0	0	3133	0
208	81	3	0.0	0	3133	0
208	81	8	0.0	0	3133	0
208	92	22	0.0	0	3133	0
208	93	0	0.0	0	3133	0
208	94	7	0.0	0	3133	0
209	7	15	0.0	0	3133	0
209	9	21	0.0	0	3133	0
209	14	13	0.0	0	3133	0
209	17	28	0.0	0	3133	0
209	27	18	0.0	0	3133	0
209	31	11	0.0	0	3133	0
209	49	21	0.0	0	3133	0
209	60	22	0.0	0	3133	0
209	61	28	0.0	0	3133	0
209	61	31	0.0	0	3133	0
209	62	12	0.0	0	3133	0
209	62	14	0.0	0	3133	0
209	63	2	0.0	0	3133	0
209	63	10	0.0	0	3133	0
209	67	10	0.0	0	3133	0
209	72	10	0.0	0	3133	0
209	82	25	0.0	0	3133	0
209	82	28	0.0	0	3133	0
209	84	21	0.0	0	3133	0
209	85	5	0.0	0	3133	0
209	91	30	0.0	0	3133	0
209	94	7	0.0	0	3133	0
209	94	31	0.0	0	3133	0
209	99	9	0.0	0	3133	0
210	3	0	0.0	0	3133	0
210	13	5	0.0	0	3133	0
210	13	21	0.0	0	3133	0
210	17	25	0.0	0	3133	0
210	20	22	0.0	0	3133	0
210	30	10	0.0	0	3133	0
210	39	24	0.0	0	3133	0
210	46	2	0.0	0	3133	0
210	70	22	0.0	0	3133	0
210	72	28	0.0	0	3133	0
210	75	26	0.0	0	3133	0
210	78	12	0.0	0	3133	0
210	81	10	0.0	0	3133	0
210	84	9	0.0	0	3133	0
210	89	19	0.0	0	3133	0
210	90	3	0.0	0	3133	0
210	93	5	0.0	0	3133	0
210	93	22	0.0	0	3133	0
210	96	23	0.0	0	3133	0
211	2	1	0.0	0	3133	0
211	2	19	0.0	0	3133	0
211	13	4	0.0	0	3133	0
211	13	8	0.0	0	3133	0
211	14	29	0.0	0	3133	0
211	20	14	0.0	0	3133	0
211	21	27	0.0	0	3133	0
211	28	22	0.0	0	3133	0
211	32	20	0.0	0	3133	0
211	33	19	0.0	0	3133	0
211	44	1	0.0	0	3133	0
211	46	20	0.0	0	3133	0
211	50	7	0.0	0	3133	0
211	57	6	0.0	0	3133	0
211	60	22	0.0	0	3133	0
211	68	5	0.0	0	3133	0
211	69	18	0.0	0	3133	0
211	92	24	0.0	0	3133	0
211	94	18	0.0	0	3133	0
211	98	2	0.0	0	3133	0
211	99	3	0.0	0	3133	0
212	5	27	0.0	0	3133	0
212	9	17	0.0	0	3133	0
212	13	29	0.0	0	3133	0
212	17	6	0.0	0	3133	0
212	26	23	0.0	0	3133	0
212	28	17	0.0	0	3133	0
212	36	21	0.0	0	3133	0
212	46	16	0.0	0	3133	0
212	51	13	0.0	0	3133	0
212	51	31	0.0	0	3133	0
212	56	3	0.0	0	3133	0
212	56	21	0.0	0	3133	0
212	63	14	0.0	0	3133	0
212	66	5	0.0	0	3133	0
212	67	5	0.0	0	3133	0
212	69	9	0.0	0	3133	0
212	71	29	0.0	0	3133	0
212	76	3	0.0	0	3133	0
212	89	22	0.0	0	3133	0
212	98	7	0.0	0	3133	0
213	3	21	0.0	0	3133	0
213	3	27	0.0	0	3133	0
213	4	12	0.0	0	3133	0
213	7	28	0.0	0	3133	0
213	12	5	0.0	0	3133	0
213	19	18	0.0	0	3133	0
213	27	22	0.0	0	3133	0
213	35	10	0.0	0	3133	0
213	45	7	0.0	0	3133	0
213	49	23	0.0	0	3133	0
213	85	22	0.0	0	3133	0
213	94	11	0.0	0	3133	0
214	3	21	0.0	0	3133	0
214	6	2	0.0	0	3133	0
214	13	30	0.0	0	3133	0
214	20	18	0.0	0	3133	0
214	25	9	0.0	0	3133	0
214	37	3	0.0	0	3133	0
214	38	6	0.0	0	3133	0
214	48	18	0.0	0	3133	0
214	49	0	0.0	0	3133	0
214	50	26	0.0	0	3133	0
214	53	31	0.0	0	3133	0
214	60	24	0.0	0	3133	0
214	62	18	0.0	0	3133	0
214	67	15	0.0	0	3133	0
214	72	4	0.0	0	3133	0
214	78	4	0.0	0	3133	0
214	83	25	0.0	0	3133	0
214	95	18	0.0	0	3133	0
214	97	4	0.0	0	3133	0
214	97	30	0.0	0	3133	0
214	100	14	0.0	0	3133	0
215	0	21	0.0	0	3133	0
215	9	22	0.0	0	3133	0
215	11	21	0.0	0	3133	0
215	21	23	0.0	0	3133	0
215	22	24	0.0	0	3133	0
215	34	0	0.0	0	3133	0
215	34	13	0.0	0	3133	0
215	36	7	0.0	0	3133	0
215	47	29	0.0	0	3133	0
215	49	9	0.0	0	3133	0
215	54	17	0.0	0	3133	0
215	65	24	0.0	0	3133	0
215	68	23	0.0	0	3133	0
215	69	11	0.0	0	3133	0
215	77	20	0.0	0	3133	0
215	82	27	0.0	0	3133	0
215	89	22	0.0	0	3133	0
215	91	26	0.0	0	3133	0
215	95	23	0.0	0	3133	0
216	0	11	0.0	0	3133	0
216	1	26	0.0	0	3133	0
216	3	18	0.0	0	3133	0
216	3	19	0.0	0	3133	0
216	6	25	0.0	0	3133	0
216	11	7	0.0	0	3133	0
216	16	20	0.0	0	3133	0
216	20	20	0.0	0	3133	0
216	22	16	0.0	0	3133	0
216	24	6	0.0	0	3133	0
216	25	26	0.0	0	3133	0
216	27	6	0.0	0	3133	0
216	28	18	0.0	0	3133	0
216	30	5	0.0	0	3133	0
216	31	28	0.0	0	3133	0
216	41	24	0.0	0	3133	0
216	52	14	0.0	0	3133	0
216	57	19	0.0	0	3133	0
216	60	11	0.0	0	3133	0
216	66	12	0.0	0	3133	0
216	67	22	0.0	0	3133	0
216	70	12	0.0	0	3133	0
216	77	6	0.0	0	3133	0
216	79	15	0.0	0	3133	0
216	82	30	0.0	0	3133	0
216	84	25	0.0	0	3133	0
216	89	21	0.0	0	3133	0
216	94	0	0.0	0	3133	0
217	2	12	0.0	0	3133	0
217	4	27	0.0	0	3133	0
217	13	4	0.0	0	3133	0
217	20	22	0.0	0	3133	0
217	20	26	0.0	0	3133	0
217	24	10	0.0	0	3133	0
217	32	4	0.0	0	3133	0
217	34	15	0.0	0	3133	0
217	39	14	0.0	0	3133	0
217	43	3	0.0	0	3133	0
217	50	13	0.0	0	3133	0
217	52	31	0.0	0	3133	0
217	57	19	0.0	0	3133	0
217	59	16	0.0	0	3133	0
217	66	16	0.0	0	3133	0
217	67	10	0.0	0	3133	0
217	67	31	0.0	0	3133	0
217	68	12	0.0	0	3133	0
217	71	26	0.0	0	3133	0
217	72	6	0.0	0	3133	0
217	82	11	0.0	0	3133	0
217	91	0	0.0	0	3133	0
217	97	25	0.0	0	3133	0
218	4	0	0.0	0	3133	0
218	6	19	0.0	0	3133	0
218	10	8	0.0	0	3133	0
218	11	28	0.0	0	3133	0
218	20	30	0.0	0	3133	0
218	30	25	0.0	0	3133	0
218	31	20	0.0	0	3133	0
218	35	22	0.0	0	3133	0
218	36	26	0.0	0	3133	0
218	37	29	0.0	0	3133	0
218	39	16	0.0	0	3133	0
218	45	3	0.0	0	3133	0
218	46	21	0.0	0	3133	0
218	49	2	0.0	0	3133	0
218	50	6	0.0	0	3133	0
218	69	6	0.0	0	3133	0
218	84	11	0.0	0	3133	0
218	84	17	0.0	0	3133	0
218	91	15	0.0	0	3133	0
218	92	25	0.0	0	3133	0
218	95	30	0.0	0	3133	0
218	97	20	0.0	0	3133	0
218	98	19	0.0	0	3133	0
218	100	10	0.0	0	3133	0
219	0	0	0.0	0	3133	0
219	0	19	0.0	0	3133	0
219	2	30	0.0	0	3133	0
219	6	3	0.0	0	3133	0
219	6	28	0.0	0	3133	0
219	17	3	0.0	0	3133	0
219	17	17	0.0	0	3133	0
219	21	8	0.0	0	3133	0
219	21	17	0.0	0	3133	0
219	27	10	0.0	0	3133	0
219	41	21	0.0	0	3133	0
219	42	5	0.0	0	3133	0
219	43	11	0.0	0	3133	0
219	46	24	0.0	0	3133	0
219	48	23	0.0	0	3133	0
219	48	30	0.0	0	3133	0
219	51	6	0.0	0	3133	0
219	54	20	0.0	0	3133	0
219	64	5	0.0	0	3133	0
219	65	22	0.0	0	3133	0
219	68	26	0.0	0	3133	0
219	70	4	0.0	0	3133	0
219	73	6	0.0	0	3133	0
219	74	16	0.0	0	3133	0
219	74	29	0.0	0	3133	0
219	87	2	0.0	0	3133	0
219	91	4	0.0	0	3133	0
219	92	0	0.0	0	3133	0
219	92	22	0.0	0	3133	0
219	95	18	0.0	0	3133	0
219	100	4	0.0	0	3133	0
219	100	10	0.0	0	3133	0
219	100	18	0.0	0	3133	0
220	3	18	0.0	0	3133	0
220	17	16	0.0	0	3133	0
220	18	15	0.0	0	3133	0
220	24	18	0.0	0	3133	0
220	27	15	0.0	0	3133	0
220	30	3	0.0	0	3133	0
220	33	10	0.0	0	3133	0
220	34	5	0.0	0	3133	0
220	41	27	0.0	0	3133	0
220	54	20	0.0	0	3133	0
220	55	30	0.0	0	3133	0
220	57	2	0.0	0	3133	0
220	66	31	0.0	0	3133	0
220	69	29	0.0	0	3133	0
220	71	29	0.0	0	3133	0
220	74	21	0.0	0	3133	0
220	80	28	0.0	0	3133	0
220	82	4	0.0	0	3133	0
220	83	18	0.0	0	3133	0
220	84	26	0.0	0	3133	0
220	93	30	0.0	0	3133	0
220	94	20	0.0	0	3133	0
220	97	25	0.0	0	3133	0
220	97	31	0.0	0	3133	0
220	98	21	0.0	0	3133	0
220	100	10	0.0	0	3133	0
221	4	4	0.0	0	3133	0
221	8	0	0.0	0	3133	0
221	14	30	0.0	0	3133	0
221	16	17	0.0	0	3133	0
221	17	27	0.0	0	3133	0
221	21	9	0.0	0	3133	0
221	22	12	0.0	0	3133	0
221	26	4	0.0	0	3133	0
221	41	16	0.0	0	3133	0
221	48	8	0.0	0	3133	0
221	50	3	0.0	0	3133	0
221	51	16	0.0	0	3133	0
221	56	12	0.0	0	3133	0
221	57	18	0.0	0	3133	0
221	59	4	0.0	0	3133	0
221	60	26	0.0	0	3133	0
221	68	27	0.0	0	3133	0
221	76	9	0.0	0	3133	0
221	83	26	0.0	0	3133	0
221	84	13	0.0	0	3133	0
221	86	22	0.0	0	3133	0
221	89	19	0.0	0	3133	0
221	93	18	0.0	0	3133	0
222	0	29	0.0	0	3133	0
222	1	0	0.0	0	3133	0
222	1	24	0.0	0	3133	0
222	2	8	0.0	0	3133	0
222	2	24	0.0	0	3133	0
222	6	5	0.0	0	3133	0
222	17	14	0.0	0	3133	0
222	24	4	0.0	0	3133	0
222	24	15	0.0	0	3133	0
222	26	22	0.0	0	3133	0
222	31	13	0.0	0	3133	0
222	31	24	0.0	0	3133	0
222	35	5	0.0	0	3133	0
222	38	29	0.0	0	3133	0
222	41	28	0.0	0	3133	0
222	42	1	0.0	0	3133	0
222	50	12	0.0	0	3133	0
222	55	29	0.0	0	3133	0
222	59	26	0.0	0	3133	0
222	63	17	0.0	0	3133	0
222	68	11	0.0	0	3133	0
222	69	7	0.0	0	3133	0
222	69	25	0.0	0	3133	0
222	80	0	0.0	0	3133	0
222	82	27	0.0	0	3133	0
222	83	6	0.0	0	3133	0
222	83	15	0.0	0	3133	0
222	84	19	0.0	0	3133	0
222	92	16	0.0	0	3133	0
222	95	14	0.0	0	3133	0
223	8	29	0.0	0	3133	0
223	14	3	0.0	0	3133	0
223	21	29	0.0	0	3133	0
223	26	19	0.0	0	3133	0
223	43	13	0.0	0	3133	0
223	48	6	0.0	0	3133	0
223	52	26	0.0	0	3133	0
223	53	24	0.0	0	3133	0
223	59	1	0.0	0	3133	0
223	59	8	0.0	0	3133	0
223	61	2	0.0	0	3133	0
223	75	24	0.0	0	3133	0
223	80	20	0.0	0	3133	0
223	80	28	0.0	0	3133	0
223	81	22	0.0	0	3133	0
223	82	17	0.0	0	3133	0
223	84	5	0.0	0	3133	0
223	89	30	0.0	0	3133	0
223	90	20	0.0	0	3133	0
223	95	16	0.0	0	3133	0
223	96	3	0.0	0	3133	0
223	98	24	0.0	0	3133	0
223	99	2	0.0	0	3133	0
223	99	27	0.0	0	3133	0
224	13	12	0.0	0	3133	0
224	24	5	0.0	0	3133	0
224	25	0	0.0	0	3133	0
224	30	3	0.0	0	3133	0
224	31	20	0.0	0	3133	0
224	35	21	0.0	0	3133	0
224	36	19	0.0	0	3133	0
224	39	4	0.0	0	3133	0
224	39	23	0.0	0	3133	0
224	42	21	0.0	0	3133	0
224	44	6	0.0	0	3133	0
224	52	12	0.0	0	3133	0
224	61	25	0.0	0	3133	0
224	67	22	0.0	0	3133	0
224	68	4	0.0	0	3133	0
224	68	20	0.0	0	3133	0
224	71	24	0.0	0	3133	0
224	78	30	0.0	0	3133	0
224	87	5	0.0	0	3133	0
224	89	17	0.0	0	3133	0
224	90	11	0.0	0	3133	0
224	90	31	0.0	0	3133	0
224	91	12	0.0	0	3133	0
224	91	23	0.0	0	3133	0
224	93	1	0.0	0	3133	0
224	95	1	0.0	0	3133	0
224	97	6	0.0	0	3133	0
225	0	29	0.0	0	3133	0
225	6	22	0.0	0	3133	0
225	12	5	0.0	0	3133	0
225	18	8	0.0	0	3133	0
225	20	1	0.0	0	3133	0
225	22	18	0.0	0	3133	0
225	25	29	0.0	0	3133	0
225	29	20	0.0	0	3133	0
225	30	25	0.0	0	3133	0
225	33	2	0.0	0	3133	0
225	41	4	0.0	0	3133	0
225	44	16	0.0	0	3133	0
225	45	0	0.0	0	3133	0
225	58	12	0.0	0	3133	0
225	59	23	0.0	0	3133	0
225	61	27	0.0	0	3133	0
225	74	31	0.0	0	3133	0
225	78	15	0.0	0	3133	0
225	83	6	0.0	0	3133	0
225	86	7	0.0	0	3133	0
225	86	26	0.0	0	3133	0
225	89	7	0.0	0	3133	0
225	89	18	0.0	0	3133	0
225	91	9	0.0	0	3133	0
226	18	18	0.0	0	3133	0
226	21	18	0.0	0	3133	0
226	25	6	0.0	0	3133	0
226	26	18	0.0	0	3133	0
226	30	28	0.0	0	3133	0
226	34	11	0.0	0	3133	0
226	41	18	0.0	0	3133	0
226	44	23	0.0	0	3133	0
226	45	2	0.0	0	3133	0
226	51	25	0.0	0	3133	0
226	54	23	0.0	0	3133	0
226	59	8	0.0	0	3133	0
226	66	12	0.0	0	3133	0
226	71	13	0.0	0	3133	0
226	76	29	0.0	0	3133	0
226	88	18	0.0	0	3133	0
226	90	8	0.0	0	3133	0
226	90	17	0.0	0	3133	0
226	94	1	0.0	0	3133	0
226	96	24	0.0	0	3133	0
226	97	11	0.0	0	3133	0
227	0	22	0.0	0	3133	0
227	12	31	0.0	0	3133	0
227	14	12	0.0	0	3133	0
227	22	17	0.0	0	3133	0
227	25	22	0.0	0	3133	0
227	29	16	0.0	0	3133	0
227	31	26	0.0	0	3133	0
227	32	16	0.0	0	3133	0
227	32	26	0.0	0	3133	0
227	38	26	0.0	0	3133	0
227	46	20	0.0	0	3133	0
227	50	22	0.0	0	3133	0
227	51	27	0.0	0	3133	0
227	61	13	0.0	0	3133	0
227	68	7	0.0	0	3133	0
227	74	28	0.0	0	3133	0
227	86	15	0.0	0	3133	0
227	96	22	0.0	0	3133	0
227	99	28	0.0	0	3133	0
228	1	7	0.0	0	3133	0
228	6	2	0.0	0	3133	0
228	7	1	0.0	0	3133	0
228	7	10	0.0	0	3133	0
228	11	3	0.0	0	3133	0
228	14	23	0.0	0	3133	0
228	18	7	0.0	0	3133	0
228	18	15	0.0	0	3133	0
228	20	18	0.0	0	3133	0
228	28	13	0.0	0	3133	0
228	31	19	0.0	0	3133	0
228	37	31	0.0	0	3133	0
228	42	8	0.0	0	3133	0
228	43	8	0.0	0	3133	0
228	44	26	0.0	0	3133	0
228	58	6	0.0	0	3133	0
228	58	25	0.0	0	3133	0
228	59	2	0.0	0	3133	0
228	62	5	0.0	0	3133	0
228	68	25	0.0	0	3133	0
228	70	6	0.0	0	3133	0
228	73	11	0.0	0	3133	0
228	73	29	0.0	0	3133	0
228	75	4	0.0	0	3133	0
228	75	12	0.0	0	3133	0
228	76	1	0.0	0	3133	0
228	88	16	0.0	0	3133	0
228	97	4	0.0	0	3133	0
228	99	2	0.0	0	3133	0
228	100	1	0.0	0	3133	0
229	4	2	0.0	0	3133	0
229	5	4	0.0	0	3133	0
229	6	19	0.0	0	3133	0
229	8	4	0.0	0	3133	0
229	28	23	0.0	0	3133	0
229	60	5	0.0	0	3133	0
229	68	28	0.0	0	3133	0
229	70	18	0.0	0	3133	0
229	70	20	0.0	0	3133	0
229	72	12	0.0	0	3133	0
229	74	26	0.0	0	3133	0
229	84	29	0.0	0	3133	0
229	87	12	0.0	0	3133	0
229	87	20	0.0	0	3133	0
229	93	10	0.0	0	3133	0
229	95	13	0.0	0	3133	0
230	1	28	0.0	0	3133	0
230	8	3	0.0	0	3133	0
230	18	26	0.0	0	3133	0
230	20	0	0.0	0	3133	0
230	23	25	0.0	0	3133	0
230	29	28	0.0	0	3133	0
230	30	2	0.0	0	3133	0
230	31	9	0.0	0	3133	0
230	31	11	0.0	0	3133	0
230	34	15	0.0	0	3133	0
230	35	7	0.0	0	3133	0
230	36	3	0.0	0	3133	0
230	44	19	0.0	0	3133	0
230	46	10	0.0	0	3133	0
230	47	12	0.0	0	3133	0
230	48	21	0.0	0	3133	0
230	52	3	0.0	0	3133	0
230	52	22	0.0	0	3133	0
230	56	6	0.0	0	3133	0
230	57	4	0.0	0	3133	0
230	64	10	0.0	0	3133	0
230	67	0	0.0	0	3133	0
230	69	8	0.0	0	3133	0
230	72	10	0.0	0	3133	0
230	73	6	0.0	0	3133	0
230	78	28	0.0	0	3133	0
230	80	17	0.0	0	3133	0
230	83	10	0.0	0	3133	0
230	84	21	0.0	0	3133	0
230	87	7	0.0	0	3133	0
230	87	19	0.0	0	3133	0
230	93	19	0.0	0	3133	0
230	96	19	0.0	0	3133	0
230	97	28	0.0	0	3133	0
231	0	16	0.0	0	3133	0
231	0	28	0.0	0	3133	0
231	1	9	0.0	0	3133	0
231	3	1	0.0	0	3133	0
231	3	28	0.0	0	3133	0
231	5	21	0.0	0	3133	0
231	6	12	0.0	0	3133	0
231	13	5	0.0	0	3133	0
231	14	22	0.0	0	3133	0
231	20	3	0.0	0	3133	0
231	31	2	0.0	0	3133	0
231	32	18	0.0	0	3133	0
231	38	31	0.0	0	3133	0
231	42	22	0.0	0	3133	0
231	47	11	0.0	0	3133	0
231	47	15	0.0	0	3133	0
231	56	10	0.0	0	3133	0
231	58	31	0.0	0	3133	0
231	65	22	0.0	0	3133	0
231	86	2	0.0	0	3133	0
231	94	23	0.0	0	3133	0
231	95	13	0.0	0	3133	0
231	96	8	0.0	0	3133	0
231	96	30	0.0	0	3133	0
231	99	16	0.0	0	3133	0
231	99	31	0.0	0	3133	0
232	6	22	0.0	0	3133	0
232	7	11	0.0	0	3133	0
232	17	9	0.0	0	3133	0
232	19	18	0.0	0	3133	0
232	20	25	0.0	0	3133	0
232	23	7	0.0	0	3133	0
232	23	20	0.0	0	3133	0
232	25	10	0.0	0	3133	0
232	25	11	0.0	0	3133	0
232	34	15	0.0	0	3133	0
232	41	29	0.0	0	3133	0
232	46	18	0.0	0	3133	0
232	50	15	0.0	0	3133	0
232	53	22	0.0	0	3133	0
232	54	7	0.0	0	3133	0
232	56	13	0.0	0	3133	0
232	61	6	0.0	0	3133	0
232	64	14	0.0	0	3133	0
232	70	22	0.0	0	3133	0
232	79	4	0.0	0	3133	0
232	80	31	0.0	0	3133	0
232	82	10	0.0	0	3133	0
232	85	10	0.0	0	3133	0
232	92	23	0.0	0	3133	0
233	2	4	0.0	0	3133	0
233	14	1	0.0	0	3133	0
233	15	14	0.0	0	3133	0
233	16	3	0.0	0	3133	0
233	17	30	0.0	0	3133	0
233	18	9	0.0	0	3133	0
233	29	9	0.0	0	3133	0
233	32	30	0.0	0	3133	0
233	35	23	0.0	0	3133	0
233	38	20	0.0	0	3133	0
233	40	19	0.0	0	3133	0
233	42	25	0.0	0	3133	0
233	58	13	0.0	0	3133	0
233	66	1	0.0	0	3133	0
233	78	28	0.0	0	3133	0
233	91	4	0.0	0	3133	0
233	94	24	0.0	0	3133	0
233	96	5	0.0	0	3133	0
234	2	29	0.0	0	3133	0
234	14	4	0.0	0	3133	0
234	14	24	0.0	0	3133	0
234	15	9	0.0	0	3133	0
234	21	6	0.0	0	3133	0
234	22	4	0.0	0	3133	0
234	26	10	0.0	0	3133	0
234	27	5	0.0	0	3133	0
234	36	4	0.0	0	3133	0
234	38	10	0.0	0	3133	0
234	39	19	0.0	0	3133	0
234	42	28	0.0	0	3133	0
234	43	14	0.0	0	3133	0
234	44	29	0.0	0	3133	0
234	48	23	0.0	0	3133	0
234	56	2	0.0	0	3133	0
234	66	27	0.0	0	3133	0
234	68	31	0.0	0	3133	0
234	71	21	0.0	0	3133	0
234	96	30	0.0	0	3133	0
235	1	24	0.0	0	3133	0
235	2	2	0.0	0	3133	0
235	13	4	0.0	0	3133	0
235	13	30	0.0	0	3133	0
235	14	1	0.0	0	3133	0
235	21	27	0.0	0	3133	0
235	32	15	0.0	0	3133	0
235	36	24	0.0	0	3133	0
235	38	22	0.0	0	3133	0
235	42	25	0.0	0	3133	0
235	50	23	0.0	0	3133	0
235	52	17	0.0	0	3133	0
235	57	17	0.0	0	3133	0
235	60	9	0.0	0	3133	0
235	64	24	0.0	0	3133	0
235	72	16	0.0	0	3133	0
235	73	0	0.0	0	3133	0
235	77	18	0.0	0	3133	0
235	86	30	0.0	0	3133	0
235	87	0	0.0	0	3133	0
235	88	3	0.0	0	3133	0
235	92	24	0.0	0	3133	0
235	98	28	0.0	0	3133	0
235	100	4	0.0	0	3133	0
236	4	6	0.0	0	3133	0
236	9	7	0.0	0	3133	0
236	15	18	0.0	0	3133	0
236	17	5	0.0	0	3133	0
236	21	6	0.0	0	3133	0
236	25	13	0.0	0	3133	0
236	27	29	0.0	0	3133	0
236	32	22	0.0	0	3133	0
236	42	30	0.0	0	3133	0
236	46	13	0.0	0	3133	0
236	50	22	0.0	0	3133	0
236	53	20	0.0	0	3133	0
236	56	18	0.0	0	3133	0
236	60	8	0.0	0	3133	0
236	60	21	0.0	0	3133	0
236	62	0	0.0	0	3133	0
236	65	30	0.0	0	3133	0
236	70	7	0.0	0	3133	0
236	74	24	0.0	0	3133	0
236	87	11	0.0	0	3133	0
236	94	10	0.0	0	3133	0
236	94	19	0.0	0	3133	0
236	95	8	0.0	0	3133	0
236	95	9	0.0	0	3133	0
236	98	12	0.0	0	3133	0
237	3	12	0.0	0	3133	0
237	3	23	0.0	0	3133	0
237	3	24	0.0	0	3133	0
237	5	18	0.0	0	3133	0
237	10	7	0.0	0	3133	0
237	10	22	0.0	0	3133	0
237	12	11	0.0	0	3133	0
237	17	1	0.0	0	3133	0
237	28	24	0.0	0	3133	0
237	40	28	0.0	0	3133	0
237	42	2	0.0	0	3133	0
237	45	17	0.0	0	3133	0
237	46	2	0.0	0	3133	0
237	58	2	0.0	0	3133	0
237	64	6	0.0	0	3133	0
237	66	0	0.0	0	3133	0
237	74	13	0.0	0	3133	0
237	76	6	0.0	0	3133	0
237	77	3	0.0	0	3133	0
237	83	11	0.0	0	3133	0
237	88	0	0.0	0	3133	0
237	91	1	0.0	0	3133	0
237	92	20	0.0	0	3133	0
237	94	12	0.0	0	3133	0
237	94	22	0.0	0	3133	0
237	96	21	0.0	0	3133	0
237	98	19	0.0	0	3133	0
238	2	31	0.0	0	3133	0
238	10	10	0.0	0	3133	0
238	21	16	0.0	0	3133	0
238	27	18	0.0	0	3133	0
238	38	20	0.0	0	3133	0
238	43	11	0.0	0	3133	0
238	44	21	0.0	0	3133	0
238	45	2	0.0	0	3133	0
238	45	7	0.0	0	3133	0
238	55	30	0.0	0	3133	0
238	58	19	0.0	0	3133	0
238	66	29	0.0	0	3133	0
238	68	1	0.0	0	3133	0
238	82	1	0.0	0	3133	0
238	85	31	0.0	0	3133	0
238	87	17	0.0	0	3133	0
238	89	0	0.0	0	3133	0
238	96	8	0.0	0	3133	0
238	96	15	0.0	0	3133	0
238	99	29	0.0	0	3133	0
238	100	22	0.0	0	3133	0
239	0	18	0.0	0	3133	0
239	9	17	0.0	0	3133	0
239	9	30	0.0	0	3133	0
239	13	8	0.0	0	3133	0
239	15	12	0.0	0	3133	0
239	16	17	0.0	0	3133	0
239	20	6	0.0	0	3133	0
239	28	4	0.0	0	3133	0
239	40	11	0.0	0	3133	0
239	50	1	0.0	0	3133	0
239	54	18	0.0	0	3133	0
239	62	7	0.0	0	3133	0
239	63	31	0.0	0	3133	0
239	64	26	0.0	0	3133	0
239	65	28	0.0	0	3133	0
239	72	11	0.0	0	3133	0
239	72	17	0.0	0	3133	0
239	75	22	0.0	0	3133	0
239	77	25	0.0	0	3133	0
239	80	19	0.0	0	3133	0
239	81	0	0.0	0	3133	0
239	82	5	0.0	0	3133	0
239	83	13	0.0	0	3133	0
239	85	20	0.0	0	3133	0
239	87	26	0.0	0	3133	0
239	92	19	0.0	0	3133	0
239	94	9	0.0	0	3133	0
240	4	6	0.0	0	3133	0
240	5	26	0.0	0	3133	0
240	17	1	0.0	0	3133	0
240	25	17	0.0	0	3133	0
240	33	10	0.0	0	3133	0
240	33	30	0.0	0	3133	0
240	34	2	0.0	0	3133	0
240	35	12	0.0	0	3133	0
240	40	14	0.0	0	3133	0
240	45	9	0.0	0	3133	0
240	55	1	0.0	0	3133	0
240	72	14	0.0	0	3133	0
240	77	6	0.0	0	3133	0
240	79	27	0.0	0	3133	0
240	82	31	0.0	0	3133	0
240	84	21	0.0	0	3133	0
240	86	31	0.0	0	3133	0
240	89	29	0.0	0	3133	0
240	93	11	0.0	0	3133	0
240	95	24	0.0	0	3133	0
241	0	10	0.0	0	3133	0
241	2	23	0.0	0	3133	0
241	3	17	0.0	0	3133	0
241	4	26	0.0	0	3133	0
241	7	18	0.0	0	3133	0
241	7	19	0.0	0	3133	0
241	13	19	0.0	0	3133	0
241	14	14	0.0	0	3133	0
241	14	24	0.0	0	3133	0
241	16	20	0.0	0	3133	0
241	19	5	0.0	0	3133	0
241	19	10	0.0	0	3133	0
241	24	3	0.0	0	3133	0
241	27	0	0.0	0	3133	0
241	30	20	0.0	0	3133	0
241	32	7	0.0	0	3133	0
241	35	21	0.0	0	3133	0
241	43	17	0.0	0	3133	0
241	44	8	0.0	0	3133	0
241	45	12	0.0	0	3133	0
241	51	9	0.0	0	3133	0
241	60	29	0.0	0	3133	0
241	63	31	0.0	0	3133	0
241	71	18	0.0	0	3133	0
241	71	29	0.0	0	3133	0
241	81	30	0.0	0	3133	0
241	88	11	0.0	0	3133	0
241	92	3	0.0	0	3133	0
241	93	0	0.0	0	3133	0
241	94	4	0.0	0	3133	0
241	97	11	0.0	0	3133	0
242	0	8	0.0	0	3133	0
242	2	11	0.0	0	3133	0
242	2	12	0.0	0	3133	0
242	5	21	0.0	0	3133	0
242	12	18	0.0	0	3133	0
242	13	15	0.0	0	3133	0
242	13	20	0.0	0	3133	0
242	21	6	0.0	0	3133	0
242	46	21	0.0	0	3133	0
242	49	10	0.0	0	3133	0
242	50	18	0.0	0	3133	0
242	56	13	0.0	0	3133	0
242	56	23	0.0	0	3133	0
242	57	31	0.0	0	3133	0
242	65	21	0.0	0	3133	0
242	68	9	0.0	0	3133	0
242	71	29	0.0	0	3133	0
242	74	11	0.0	0	3133	0
242	82	23	0.0	0	3133	0
242	83	9	0.0	0	3133	0
242	87	27	0.0	0	3133	0
242	95	31	0.0	0	3133	0
242	100	16	0.0	0	3133	0
243	6	26	0.0	0	3133	0
243	9	6	0.0	0	3133	0
243	9	15	0.0	0	3133	0
243	17	7	0.0	0	3133	0
243	25	20	0.0	0	3133	0
243	26	1	0.0	0	3133	0
243	30	20	0.0	0	3133	0
243	39	8	0.0	0	3133	0
243	52	2	0.0	0	3133	0
243	52	20	0.0	0	3133	0
243	56	31	0.0	0	3133	0
243	59	5	0.0	0	3133	0
243	65	14	0.0	0	3133	0
243	67	16	0.0	0	3133	0
243	68	16	0.0	0	3133	0
243	68	29	0.0	0	3133	0
243	68	31	0.0	0	3133	0
243	69	30	0.0	0	3133	0
243	78	25	0.0	0	3133	0
243	82	6	0.0	0	3133	0
243	87	28	0.0	0	3133	0
243	88	17	0.0	0	3133	0
243	99	4	0.0	0	3133	0
243	100	11	0.0	0	3133	0
244	1	21	0.0	0	3133	0
244	7	30	0.0	0	3133	0
244	17	1	0.0	0	3133	0
244	32	11	0.0	0	3133	0
244	35	17	0.0	0	3133	0
244	38	6	0.0	0	3133	0
244	40	3	0.0	0	3133	0
244	41	2	0.0	0	3133	0
244	43	25	0.0	0	3133	0
244	53	10	0.0	0	3133	0
244	58	10	0.0	0	3133	0
244	62	11	0.0	0	3133	0
244	63	21	0.0	0	3133	0
244	69	17	0.0	0	3133	0
244	71	7	0.0	0	3133	0
244	71	15	0.0	0	3133	0
244	72	9	0.0	0	3133	0
244	75	9	0.0	0	3133	0
244	78	31	0.0	0	3133	0
244	79	20	0.0	0	3133	0
244	80	8	0.0	0	3133	0
244	90	7	0.0	0	3133	0
244	90	24	0.0	0	3133	0
244	91	2	0.0	0	3133	0
244	91	28	0.0	0	3133	0
244	92	5	0.0	0	3133	0
244	93	23	0.0	0	3133	0
244	96	29	0.0	0	3133	0
244	99	14	0.0	0	3133	0
245	4	18	0.0	0	3133	0
245	5	18	0.0	0	3133	0
245	9	11	0.0	0	3133	0
245	16	7	0.0	0	3133	0
245	24	26	0.0	0	3133	0
245	32	15	0.0	0	3133	0
245	39	16	0.0	0	3133	0
245	42	15	0.0	0	3133	0
245	43	17	0.0	0	3133	0
245	45	9	0.0	0	3133	0
245	52	14	0.0	0	3133	0
245	53	17	0.0	0	3133	0
245	59	1	0.0	0	3133	0
245	72	24	0.0	0	3133	0
245	73	8	0.0	0	3133	0
245	78	29	0.0	0	3133	0
245	83	30	0.0	0	3133	0
245	88	0	0.0	0	3133	0
245	93	28	0.0	0	3133	0
245	97	8	0.0	0	3133	0
245	100	28	0.0	0	3133	0
246	0	18	0.0	0	3133	0
246	14	14	0.0	0	3133	0
246	18	21	0.0	0	3133	0
246	21	14	0.0	0	3133	0
246	23	18	0.0	0	3133	0
246	29	11	0.0	0	3133	0
246	29	25	0.0	0	3133	0
246	35	18	0.0	0	3133	0
246	41	30	0.0	0	3133	0
246	43	18	0.0	0	3133	0
246	44	17	0.0	0	3133	0
246	50	24	0.0	0	3133	0
246	55	31	0.0	0	3133	0
246	73	27	0.0	0	3133	0
246	74	16	0.0	0	3133	0
246	79	1	0.0	0	3133	0
246	80	0	0.0	0	3133	0
246	91	16	0.0	0	3133	0
247	1	9	0.0	0	3133	0
247	16	28	0.0	0	3133	0
247	27	6	0.0	0	3133	0
247	34	5	0.0	0	3133	0
247	35	16	0.0	0	3133	0
247	35	24	0.0	0	3133	0
247	36	31	0.0	0	3133	0
247	37	10	0.0	0	3133	0
247	39	0	0.0	0	3133	0
247	43	5	0.0	0	3133	0
247	45	27	0.0	0	3133	0
247	50	5	0.0	0	3133	0
247	63	25	0.0	0	3133	0
247	65	21	0.0	0	3133	0
247	71	1	0.0	0	3133	0
247	73	10	0.0	0	3133	0
247	74	20	0.0	0	3133	0
247	78	25	0.0	0	3133	0
247	80	19	0.0	0	3133	0
247	81	4	0.0	0	3133	0
247	91	6	0.0	0	3133	0
247	91	11	0.0	0	3133	0
247	92	16	0.0	0	3133	0
247	93	14	0.0	0	3133	0
247	94	31	0.0	0	3133	0
247	95	26	0.0	0	3133	0
247	98	27	0.0	0	3133	0
248	0	27	0.0	0	3133	0
248	1	14	0.0	0	3133	0
248	5	0	0.0	0	3133	0
248	5	31	0.0	0	3133	0
248	17	2	0.0	0	3133	0
248	27	8	0.0	0	3133	0
248	27	26	0.0	0	3133	0
248	29	20	0.0	0	3133	0
248	30	22	0.0	0	3133	0
248	37	5	0.0	0	3133	0
248	38	19	0.0	0	3133	0
248	38	27	0.0	0	3133	0
248	39	31	0.0	0	3133	0
248	40	12	0.0	0	3133	0
248	54	5	0.0	0	3133	0
248	55	12	0.0	0	3133	0
248	61	0	0.0	0	3133	0
248	65	12	0.0	0	3133	0
248	68	4	0.0	0	3133	0
248	70	28	0.0	0	3133	0
248	71	8	0.0	0	3133	0
248	73	20	0.0	0	3133	0
248	75	18	0.0	0	3133	0
248	77	7	0.0	0	3133	0
248	79	31	0.0	0	3133	0
248	82	10	0.0	0	3133	0
248	83	26	0.0	0	3133	0
248	85	4	0.0	0	3133	0
248	89	29	0.0	0	3133	0
248	90	29	0.0	0	3133	0
248	93	16	0.0	0	3133	0
249	2	22	0.0	0	3133	0
249	4	29	0.0	0	3133	0
249	10	16	0.0	0	3133	0
249	25	15	0.0	0	3133	0
249	34	17	0.0	0	3133	0
249	45	27	0.0	0	3133	0
249	49	1	0.0	0	3133	0
249	50	25	0.0	0	3133	0
249	55	7	0.0	0	3133	0
249	57	15	0.0	0	3133	0
249	57	30	0.0	0	3133	0
249	59	27	0.0	0	3133	0
249	62	15	0.0	0	3133	0
249	64	22	0.0	0	3133	0
249	65	9	0.0	0	3133	0
249	70	21	0.0	0	3133	0
249	72	29	0.0	0	3133	0
249	73	16	0.0	0	3133	0
249	74	17	0.0	0	3133	0
249	78	22	0.0	0	3133	0
249	79	15	0.0	0	3133	0
249	82	20	0.0	0	3133	0
249	86	5	0.0	0	3133	0
249	92	29	0.0	0	3133	0
250	2	16	0.0	0	3133	0
250	5	15	0.0	0	3133	0
250	8	27	0.0	0	3133	0
250	11	26	0.0	0	3133	0
250	28	25	0.0	1	3134	0
250	29	2	0.0	0	3133	0
250	43	18	0.0	0	3133	0
250	43	20	0.0	0	3133	0
250	60	6	0.0	0	3133	0
250	60	24	0.0	0	3133	0
250	61	29	0.0	0	3133	0
250	66	10	0.0	0	3133	0
250	70	10	0.0	0	3133	0
250	77	26	0.0	0	3133	0
250	85	30	0.0	0	3133	0
250	87	15	0.0	0	3133	0
250	87	28	0.0	0	3133	0
250	90	3	0.0	0	3133	0
250	94	18	0.0	0	3133	0
250	97	6	0.0	0	3133	0
250	99	10	0.0	0	3133	0
251	14	14	0.0	0	3133	0
251	41	19	0.0	0	3133	0
251	44	25	0.0	0	3133	0
251	48	15	0.0	0	3133	0
251	53	20	0.0	0	3133	0
251	57	25	0.0	0	3133	0
251	62	12	0.0	0	3133	0
251	68	31	0.0	0	3133	0
251	73	6	0.0	0	3133	0
251	74	10	0.0	0	3133	0
251	76	25	0.0	0	3133	0
251	85	16	0.0	0	3133	0
251	85	22	0.0	0	3133	0
251	89	22	0.0	0	3133	0
251	92	0	0.0	0	3133	0
251	93	16	0.0	0	3133	0
251	97	16	0.0	0	3133	0
251	98	6	0.0	0	3133	0
251	98	20	0.0	0	3133	0
251	99	2	0.0	0	3133	0
251	99	17	0.0	0	3133	0
251	100	21	0.0	0	3133	0
252	2	7	0.0	0	3133	0
252	3	21	0.0	0	3133	0
252	7	21	0.0	0	3133	0
252	7	28	0.0	0	3133	0
252	10	0	0.0	0	3133	0
252	13	22	0.0	0	3133	0
252	13	29	0.0	0	3133	0
252	14	26	0.0	0	3133	0
252	21	24	0.0	0	3133	0
252	23	30	0.0	0	3133	0
252	29	13	0.0	0	3133	0
252	36	8	0.0	0	3133	0
252	38	2	0.0	0	3133	0
252	44	13	0.0	0	3133	0
252	49	14	0.0	0	3133	0
252	51	11	0.0	0	3133	0
252	52	25	0.0	0	3133	0
252	53	23	0.0	0	3133	0
252	57	10	0.0	0	3133	0
252	58	18	0.0	0	3133	0
252	60	0	0.0	0	3133	0
252	64	26	0.0	0	3133	0
252	65	23	0.0	0	3133	0
252	68	22	0.0	0	3133	0
252	73	28	0.0	0	3133	0
252	73	30	0.0	0	3133	0
252	75	6	0.0	0	3133	0
252	75	31	0.0	0	3133	0
252	87	18	0.0	0	3133	0
252	96	25	0.0	0	3133	0
253	5	16	0.0	0	3133	0
253	6	26	0.0	0	3133	0
253	8	2	0.0	0	3133	0
253	17	3	0.0	0	3133	0
253	18	27	0.0	0	3133	0
253	19	20	0.0	0	3133	0
253	30	26	0.0	0	3133	0
253	34	21	0.0	0	3133	0
253	42	19	0.0	0	3133	0
253	48	22	0.0	0	3133	0
253	54	27	0.0	0	3133	0
253	55	24	0.0	0	3133	0
253	56	5	0.0	0	3133	0
253	63	4	0.0	0	3133	0
253	65	2	0.0	0	3133	0
253	66	5	0.0	0	3133	0
253	66	22	0.0	0	3133	0
253	70	19	0.0	0	3133	0
253	71	1	0.0	0	3133	0
253	78	3	0.0	0	3133	0
253	86	10	0.0	0	3133	0
253	98	10	0.0	0	3133	0
253	100	9	0.0	0	3133	0
254	0	30	0.0	0	3133	0
254	1	7	0.0	0	3133	0
254	2	19	0.0	0	3133	0
254	3	5	0.0	0	3133	0
254	11	2	0.0	0	3133	0
254	11	13	0.0	0	3133	0
254	17	26	0.0	0	3133	0
254	18	20	0.0	0	3133	0
254	19	10	0.0	0	3133	0
254	29	9	0.0	0	3133	0
254	42	11	0.0	0	3133	0
254	47	5	0.0	0	3133	0
254	50	13	0.0	0	3133	0
254	51	18	0.0	0	3133	0
254	51	29	0.0	0	3133	0
254	54	0	0.0	0	3133	0
254	56	22	0.0	0	3133	0
254	60	16	0.0	0	3133	0
254	62	15	0.0	0	3133	0
254	76	2	0.0	0	3133	0
254	78	4	0.0	0	3133	0
254	78	8	0.0	0	3133	0
254	78	15	0.0	0	3133	0
254	79	26	0.0	0	3133	0
254	84	4	0.0	0	3133	0
254	84	22	0.0	0	3133	0
254	94	13	0.0	0	3133	0
255	7	11	0.0	0	3133	0
255	9	31	0.0	0	3133	0
255	14	29	0.0	0	3133	0
255	15	3	0.0	0	3133	0
255	19	24	0.0	0	3133	0
255	26	28	0.0	0	3133	0
255	26	31	0.0	0	3133	0
255	27	24	0.0	0	3133	0
255	35	8	0.0	0	3133	0
255	46	17	0.0	0	3133	0
255	49	20	0.0	0	3133	0
255	51	25	0.0	0	3133	0
255	65	4	0.0	0	3133	0
255	65	7	0.0	0	3133	0
255	76	21	0.0	0	3133	0
255	76	29	0.0	0	3133	0
255	81	4	0.0	0	3133	0
255	83	13	0.0	0	3133	0
255	88	6	0.0	0	3133	0
255	92	20	0.0	0	3133	0
255	97	8	0.0	0	3133	0
256	0	15	0.0	0	3133	0
256	1	0	0.0	0	3133	0
256	3	25	0.0	0	3133	0
256	5	14	0.0	0	3133	0
256	22	21	0.0	0	3133	0
256	24	11	0.0	0	3133	0
256	25	7	0.0	0	3133	0
256	34	23	0.0	0	3133	0
256	46	0	0.0	0	3133	0
256	47	23	0.0	0	3133	0
256	56	13	0.0	0	3133	0
256	56	26	0.0	0	3133	0
256	62	21	0.0	0	3133	0
256	65	15	0.0	0	3133	0
256	68	20	0.0	0	3133	0
256	71	9	0.0	0	3133	0
256	74	29	0.0	0	3133	0
256	78	16	0.0	0	3133	0
256	86	31	0.0	0	3133	0
257	0	5	0.0	0	3133	0
257	1	10	0.0	0	3133	0
257	6	20	0.0	0	3133	0
257	7	5	0.0	0	3133	0
257	16	12	0.0	0	3133	0
257	28	8	0.0	0	3133	0
257	29	21	0.0	0	3133	0
257	36	6	0.0	0	3133	0
257	53	23	0.0	0	3133	0
257	59	28	0.0	0	3133	0
257	69	21	0.0	0	3133	0
257	71	11	0.0	0	3133	0
257	74	8	0.0	0	3133	0
257	80	6	0.0	0	3133	0
257	84	27	0.0	0	3133	0
257	85	5	0.0	0	3133	0
257	86	28	0.0	0	3133	0
257	87	15	0.0	0	3133	0
257	90	17	0.0	0	3133	0
257	95	8	0.0	0	3133	0
258	1	27	0.0	0	3133	0
258	4	5	0.0	0	3133	0
258	4	9	0.0	0	3133	0
258	4	25	0.0	0	3133	0
258	6	29	0.0	0	3133	0
258	8	0	0.0	0	3133	0
258	10	28	0.0	0	3133	0
258	12	7	0.0	0	3133	0
258	12	13	0.0	0	3133	0
258	27	0	0.0	0	3133	0
258	35	28	0.0	0	3133	0
258	41	0	0.0	0	3133	0
258	43	5	0.0	0	3133	0
258	43	21	0.0	0	3133	0
258	52	3	0.0	0	3133	0
258	56	4	0.0	0	3133	0
258	58	22	0.0	0	3133	0
258	62	30	0.0	0	3133	0
258	65	6	0.0	0	3133	0
258	71	18	0.0	0	3133	0
258	74	23	0.0	0	3133	0
258	80	22	0.0	0	3133	0
258	84	16	0.0	0	3133	0
258	88	23	0.0	0	3133	0
258	89	7	0.0	0	3133	0
259	1	12	0.0	0	3133	0
259	1	13	0.0	0	3133	0
259	14	16	0.0	0	3133	0
259	18	21	0.0	0	3133	0
259	21	15	0.0	0	3133	0
259	22	20	0.0	0	3133	0
259	23	27	0.0	0	3133	0
259	26	12	0.0	0	3133	0
259	31	31	0.0	0	3133	0
259	38	6	0.0	0	3133	0
259	53	2	0.0	0	3133	0
259	69	7	0.0	0	3133	0
259	71	5	0.0	0	3133	0
259	82	28	0.0	0	3133	0
259	82	31	0.0	0	3133	0
259	87	3	0.0	0	3133	0
260	0	9	0.0	0	3133	0
260	2	26	0.0	0	3133	0
260	5	6	0.0	0	3133	0
260	15	5	0.0	0	3133	0
260	15	7	0.0	0	3133	0
260	17	23	0.0	0	3133	0
260	37	11	0.0	0	3133	0
260	50	30	0.0	0	3133	0
260	51	27	0.0	0	3133	0
260	53	30	0.0	0	3133	0
260	63	31	0.0	0	3133	0
260	64	24	0.0	0	3133	0
260	70	16	0.0	0	3133	0
260	71	30	0.0	0	3133	0
260	77	20	0.0	0	3133	0
260	79	7	0.0	0	3133	0
260	81	28	0.0	0	3133	0
260	84	3	0.0	0	3133	0
260	86	1	0.0	0	3133	0
260	86	23	0.0	0	3133	0
260	94	24	0.0	0	3133	0
261	3	3	0.0	0	3133	0
261	5	1	0.0	0	3133	0
261	5	7	0.0	0	3133	0
261	7	10	0.0	0	3133	0
261	14	9	0.0	0	3133	0
261	16	3	0.0	0	3133	0
261	24	21	0.0	0	3133	0
261	38	3	0.0	0	3133	0
261	53	26	0.0	0	3133	0
261	56	30	0.0	0	3133	0
261	69	24	0.0	0	3133	0
261	71	9	0.0	0	3133	0
261	74	11	0.0	0	3133	0
261	77	1	0.0	0	3133	0
262	3	13	0.0	0	3133	0
262	19	30	0.0	0	3133	0
262	20	26	0.0	0	3133	0
262	25	5	0.0	0	3133	0
262	42	11	0.0	0	3133	0
262	50	30	0.0	0	3133	0
262	56	22	0.0	0	3133	0
262	57	9	0.0	0	3133	0
262	57	12	0.0	0	3133	0
262	59	30	0.0	0	3133	0
262	61	24	0.0	0	3133	0
262	74	22	0.0	0	3133	0
262	84	4	0.0	0	3133	0
262	84	15	0.0	0	3133	0
262	91	31	0.0	0	3133	0
262	92	7	0.0	0	3133	0
262	98	6	0.0	0	3133	0
262	98	31	0.0	0	3133	0
263	3	22	0.0	0	3133	0
263	5	16	0.0	0	3133	0
263	8	10	0.0	0	3133	0
263	11	31	0.0	0	3133	0
263	16	20	0.0	0	3133	0
263	22	8	0.0	0	3133	0
263	24	1	0.0	0	3133	0
263	24	25	0.0	0	3133	0
263	28	1	0.0	0	3133	0
263	35	1	0.0	0	3133	0
263	39	23	0.0	0	3133	0
263	41	20	0.0	0	3133	0
263	45	25	0.0	0	3133	0
263	48	8	0.0	0	3133	0
263	48	25	0.0	0	3133	0
263	49	21	0.0	0	3133	0
263	52	29	0.0	0	3133	0
263	53	27	0.0	0	3133	0
263	54	1	0.0	0	3133	0
263	56	1	0.0	0	3133	0
263	59	2	0.0	0	3133	0
263	61	14	0.0	0	3133	0
263	66	17	0.0	0	3133	0
263	70	3	0.0	0	3133	0
263	75	1	0.0	0	3133	0
263	78	6	0.0	0	3133	0
263	84	27	0.0	0	3133	0
263	91	6	0.0	0	3133	0
263	93	8	0.0	0	3133	0
263	98	18	0.0	0	3133	0
264	4	10	0.0	0	3133	0
264	12	7	0.0	0	3133	0
264	15	6	0.0	0	3133	0
264	15	13	0.0	0	3133	0
264	20	5	0.0	0	3133	0
264	41	6	0.0	0	3133	0
264	56	31	0.0	0	3133	0
264	72	6	0.0	0	3133	0
264	74	20	0.0	0	3133	0
264	77	11	0.0	0	3133	0
264	82	4	0.0	0	3133	0
264	89	20	0.0	0	3133	0
264	91	20	0.0	0	3133	0
264	91	28	0.0	0	3133	0
264	92	0	0.0	0	3133	0
264	96	2	0.0	0	3133	0
264	96	17	0.0	0	3133	0
264	96	30	0.0	0	3133	0
264	99	29	0.0	0	3133	0
265	3	2	0.0	0	3133	0
265	4	31	0.0	0	3133	0
265	9	5	0.0	0	3133	0
265	16	31	0.0	0	3133	0
265	25	16	0.0	0	3133	0
265	32	9	0.0	0	3133	0
265	35	11	0.0	0	3133	0
265	41	29	0.0	0	3133	0
265	42	29	0.0	0	3133	0
265	47	13	0.0	0	3133	0
265	48	5	0.0	0	3133	0
265	49	9	0.0	0	3133	0
265	64	6	0.0	0	3133	0
265	76	11	0.0	0	3133	0
265	80	2	0.0	0	3133	0
265	80	5	0.0	0	3133	0
265	80	29	0.0	0	3133	0
265	83	11	0.0	0	3133	0
265	86	24	0.0	0	3133	0
265	88	27	0.0	0	3133	0
265	91	28	0.0	0	3133	0
265	98	4	0.0	0	3133	0
266	6	16	0.0	0	3133	0
266	8	25	0.0	0	3133	0
266	11	23	0.0	0	3133	0
266	16	8	0.0	0	3133	0
266	17	29	0.0	0	3133	0
266	51	11	0.0	0	3133	0
266	58	19	0.0	0	3133	0
266	78	1	0.0	0	3133	0
266	82	1	0.0	0	3133	0
266	84	10	0.0	0	3133	0
266	88	7	0.0	0	3133	0
266	90	8	0.0	0	3133	0
266	94	17	0.0	0	3133	0
266	96	13	0.0	0	3133	0
266	98	21	0.0	0	3133	0
266	98	22	0.0	0	3133	0
267	11	20	0.0	0	3133	0
267	14	7	0.0	0	3133	0
267	31	31	0.0	0	3133	0
267	32	10	0.0	0	3133	0
267	37	26	0.0	0	3133	0
267	43	4	0.0	0	3133	0
267	53	11	0.0	0	3133	0
267	57	28	0.0	0	3133	0
267	63	31	0.0	0	3133	0
267	65	26	0.0	0	3133	0
267	66	14	0.0	0	3133	0
267	74	31	0.0	0	3133	0
267	77	15	0.0	0	3133	0
267	79	16	0.0	0	3133	0
267	81	22	0.0	0	3133	0
267	88	25	0.0	0	3133	0
267	91	1	0.0	0	3133	0
267	92	22	0.0	0	3133	0
267	97	8	0.0	0	3133	0
268	0	7	0.0	0	3133	0
268	11	9	0.0	0	3133	0
268	16	18	0.0	0	3133	0
268	19	13	0.0	0	3133	0
268	28	17	0.0	0	3133	0
268	29	15	0.0	0	3133	0
268	35	6	0.0	0	3133	0
268	41	4	0.0	0	3133	0
268	42	11	0.0	0	3133	0
268	43	16	0.0	0	3133	0
268	48	11	0.0	0	3133	0
268	53	25	0.0	0	3133	0
268	60	15	0.0	0	3133	0
268	64	3	0.0	0	3133	0
268	64	29	0.0	0	3133	0
268	65	23	0.0	0	3133	0
268	68	27	0.0	0	3133	0
268	96	28	0.0	0	3133	0
268	98	22	0.0	0	3133	0
269	0	20	0.0	0	3133	0
269	3	24	0.0	0	3133	0
269	11	17	0.0	0	3133	0
269	15	8	0.0	0	3133	0
269	23	30	0.0	0	3133	0
269	30	19	0.0	0	3133	0
269	32	20	0.0	0	3133	0
269	43	23	0.0	0	3133	0
269	49	18	0.0	0	3133	0
269	57	1	0.0	0	3133	0
269	60	9	0.0	0	3133	0
269	61	8	0.0	0	3133	0
269	61	24	0.0	0	3133	0
269	64	24	0.0	0	3133	0
269	65	23	0.0	0	3133	0
269	69	26	0.0	0	3133	0
269	71	8	0.0	0	3133	0
269	71	19	0.0	0	3133	0
269	72	3	0.0	0	3133	0
269	81	24	0.0	0	3133	0
269	82	22	0.0	0	3133	0
269	83	10	0.0	0	3133	0
269	84	2	0.0	0	3133	0
269	87	2	0.0	0	3133	0
269	96	27	0.0	0	3133	0
269	98	28	0.0	0	3133	0
269	99	4	0.0	0	3133	0
270	0	24	0.0	0	3133	0
270	6	14	0.0	0	3133	0
270	8	8	0.0	0	3133	0
270	12	8	0.0	0	3133	0
270	13	24	0.0	0	3133	0
270	19	2	0.0	0	3133	0
270	19	18	0.0	0	3133	0
270	21	14	0.0	0	3133	0
270	30	20	0.0	0	3133	0
270	35	1	0.0	0	3133	0
270	43	9	0.0	0	3133	0
270	49	20	0.0	0	3133	0
270	58	1	0.0	0	3133	0
270	62	15	0.0	0	3133	0
270	63	12	0.0	0	3133	0
270	63	24	0.0	0	3133	0
270	72	27	0.0	0	3133	0
270	78	28	0.0	0	3133	0
270	85	26	0.0	0	3133	0
270	90	6	0.0	0	3133	0
270	91	25	0.0	0	3133	0
271	0	23	0.0	0	3133	0
271	0	29	0.0	0	3133	0
271	5	10	0.0	0	3133	0
271	7	23	0.0	0	3133	0
271	8	19	0.0	0	3133	0
271	10	17	0.0	0	3133	0
271	17	15	0.0	0	3133	0
271	17	27	0.0	0	3133	0
271	20	0	0.0	0	3133	0
271	23	9	0.0	0	3133	0
271	23	16	0.0	0	3133	0
271	34	12	0.0	0	3133	0
271	36	4	0.0	0	3133	0
271	38	2	0.0	0	3133	0
271	39	16	0.0	0	3133	0
271	43	1	0.0	0	3133	0
271	45	3	0.0	0	3133	0
271	49	28	0.0	0	3133	0
271	52	11	0.0	0	3133	0
271	56	18	0.0	0	3133	0
271	56	21	0.0	0	3133	0
271	64	17	0.0	0	3133	0
271	66	25	0.0	0	3133	0
271	67	12	0.0	0	3133	0
271	68	24	0.0	0	3133	0
271	68	30	0.0	0	3133	0
271	73	16	0.0	0	3133	0
271	75	30	0.0	0	3133	0
271	76	21	0.0	0	3133	0
271	79	13	0.0	0	3133	0
271	84	30	0.0	0	3133	0
271	92	1	0.0	0	3133	0
271	93	31	0.0	0	3133	0
272	2	30	0.0	0	3133	0
272	5	25	0.0	0	3133	0
272	5	30	0.0	0	3133	0
272	8	20	0.0	0	3133	0
272	16	3	0.0	0	3133	0
272	18	28	0.0	0	3133	0
272	23	0	0.0	0	3133	0
272	24	14	0.0	0	3133	0
272	26	26	0.0	0	3133	0
272	42	8	0.0	0	3133	0
272	42	14	0.0	0	3133	0
272	42	23	0.0	0	3133	0
272	52	21	0.0	0	3133	0
272	57	30	0.0	0	3133	0
272	64	2	0.0	0	3133	0
272	65	25	0.0	0	3133	0
272	68	14	0.0	0	3133	0
272	70	31	0.0	0	3133	0
272	72	23	0.0	0	3133	0
272	72	26	0.0	0	3133	0
272	76	1	0.0	0	3133	0
272	77	9	0.0	0	3133	0
272	77	24	0.0	0	3133	0
272	77	28	0.0	0	3133	0
272	92	0	0.0	0	3133	0
272	98	1	0.0	0	3133	0
272	99	30	0.0	0	3133	0
273	1	13	0.0	0	3133	0
273	6	5	0.0	0	3133	0
273	11	23	0.0	0	3133	0
273	12	15	0.0	0	3133	0
273	16	22	0.0	0	3133	0
273	17	7	0.0	0	3133	0
273	26	8	0.0	0	3133	0
273	27	24	0.0	0	3133	0
273	46	29	0.0	0	3133	0
273	53	12	0.0	0	3133	0
273	60	31	0.0	0	3133	0
273	65	13	0.0	0	3133	0
273	74	20	0.0	0	3133	0
273	75	0	0.0	0	3133	0
273	78	5	0.0	0	3133	0
273	81	6	0.0	0	3133	0
273	81	13	0.0	0	3133	0
273	82	19	0.0	0	3133	0
273	96	10	0.0	0	3133	0
273	97	8	0.0	0	3133	0
273	97	21	0.0	0	3133	0
273	100	28	0.0	0	3133	0
274	3	19	0.0	0	3133	0
274	12	1	0.0	0	3133	0
274	13	12	0.0	0	3133	0
274	18	18	0.0	0	3133	0
274	21	17	0.0	0	3133	0
274	31	11	0.0	0	3133	0
274	34	0	0.0	0	3133	0
274	37	19	0.0	0	3133	0
274	38	7	0.0	0	3133	0
274	43	22	0.0	0	3133	0
274	44	28	0.0	0	3133	0
274	54	16	0.0	0	3133	0
274	55	10	0.0	0	3133	0
274	62	8	0.0	0	3133	0
274	68	30	0.0	0	3133	0
274	79	2	0.0	0	3133	0
274	82	30	0.0	0	3133	0
274	90	4	0.0	0	3133	0
274	95	25	0.0	0	3133	0
274	98	26	0.0	0	3133	0
275	0	21	0.0	0	3133	0
275	2	10	0.0	0	3133	0
275	9	29	0.0	0	3133	0
275	12	18	0.0	0	3133	0
275	23	22	0.0	0	3133	0
275	33	10	0.0	0	3133	0
275	33	12	0.0	0	3133	0
275	36	1	0.0	0	3133	0
275	37	10	0.0	0	3133	0
275	37	25	0.0	0	3133	0
275	40	4	0.0	0	3133	0
275	44	9	0.0	0	3133	0
275	45	26	0.0	0	3133	0
275	47	21	0.0	0	3133	0
275	53	2	0.0	0	3133	0
275	63	6	0.0	0	3133	0
275	64	16	0.0	0	3133	0
275	82	2	0.0	0	3133	0
275	86	30	0.0	0	3133	0
275	87	2	0.0	0	3133	0
275	99	9	0.0	0	3133	0
276	17	11	0.0	0	3133	0
276	24	3	0.0	0	3133	0
276	28	10	0.0	0	3133	0
276	35	11	0.0	0	3133	0
276	37	4	0.0	0	3133	0
276	38	6	0.0	0	3133	0
276	44	4	0.0	0	3133	0
276	48	5	0.0	0	3133	0
276	63	12	0.0	0	3133	0
276	71	22	0.0	0	3133	0
276	75	1	0.0	0	3133	0
276	81	12	0.0	0	3133	0
276	87	21	0.0	0	3133	0
276	93	16	0.0	0	3133	0
276	93	18	0.0	0	3133	0
277	1	8	0.0	0	3133	0
277	12	0	0.0	0	3133	0
277	13	8	0.0	0	3133	0
277	13	11	0.0	0	3133	0
277	15	13	0.0	0	3133	0
277	15	19	0.0	0	3133	0
277	23	23	0.0	0	3133	0
277	27	4	0.0	0	3133	0
277	52	24	0.0	0	3133	0
277	56	4	0.0	0	3133	0
277	60	13	0.0	0	3133	0
277	61	0	0.0	0	3133	0
277	72	3	0.0	0	3133	0
277	73	17	0.0	0	3133	0
277	76	21	0.0	0	3133	0
277	77	20	0.0	0	3133	0
277	93	11	0.0	0	3133	0
277	93	17	0.0	0	3133	0
277	94	18	0.0	0	3133	0
277	96	18	0.0	0	3133	0
278	14	9	0.0	0	3133	0
278	21	13	0.0	0	3133	0
278	24	31	0.0	0	3133	0
278	31	22	0.0	0	3133	0
278	31	25	0.0	0	3133	0
278	40	0	0.0	0	3133	0
278	43	22	0.0	0	3133	0
278	44	29	0.0	0	3133	0
278	46	9	0.0	0	3133	0
278	57	4	0.0	0	3133	0
278	59	15	0.0	0	3133	0
278	63	2	0.0	0	3133	0
278	64	9	0.0	0	3133	0
278	72	4	0.0	0	3133	0
278	77	18	0.0	0	3133	0
278	77	23	0.0	0	3133	0
278	82	16	0.0	0	3133	0
278	87	10	0.0	0	3133	0
278	88	9	0.0	0	3133	0
278	95	30	0.0	0	3133	0
279	2	4	0.0	0	3133	0
279	7	21	0.0	0	3133	0
279	12	4	0.0	0	3133	0
279	12	21	0.0	0	3133	0
279	13	6	0.0	0	3133	0
279	23	3	0.0	0	3133	0
279	30	11	0.0	0	3133	0
279	30	20	0.0	0	3133	0
279	30	24	0.0	0	3133	0
279	42	27	0.0	0	3133	0
279	46	6	0.0	0	3133	0
279	47	6	0.0	0	3133	0
279	48	16	0.0	0	3133	0
279	65	13	0.0	0	3133	0
279	69	27	0.0	0	3133	0
279	73	2	0.0	0	3133	0
279	75	24	0.0	0	3133	0
279	80	16	0.0	0	3133	0
279	88	10	0.0	0	3133	0
279	92	7	0.0	0	3133	0
279	93	18	0.0	0	3133	0
280	10	15	0.0	0	3133	0
280	12	8	0.0	0	3133	0
280	17	21	0.0	0	3133	0
280	19	3	0.0	0	3133	0
280	26	18	0.0	0	3133	0
280	27	9	0.0	0	3133	0
280	30	14	0.0	0	3133	0
280	32	20	0.0	0	3133	0
280	34	21	0.0	0	3133	0
280	42	5	0.0	0	3133	0
280	43	9	0.0	0	3133	0
280	44	7	0.0	0	3133	0
280	51	6	0.0	0	3133	0
280	54	31	0.0	0	3133	0
280	61	13	0.0	0	3133	0
280	68	27	0.0	0	3133	0
280	83	16	0.0	0	3133	0
280	84	3	0.0	0	3133	0
280	89	9	0.0	0	3133	0
280	91	1	0.0	0	3133	0
280	94	1	0.0	0	3133	0
280	96	21	0.0	0	3133	0
280	98	8	0.0	0	3133	0
280	98	11	0.0	0	3133	0
281	9	13	0.0	0	3133	0
281	12	8	0.0	0	3133	0
281	13	8	0.0	0	3133	0
281	13	31	0.0	0	3133	0
281	14	12	0.0	0	3133	0
281	18	10	0.0	0	3133	0
281	21	21	0.0	0	3133	0
281	22	18	0.0	0	3133	0
281	23	22	0.0	0	3133	0
281	27	14	0.0	0	3133	0
281	30	10	0.0	0	3133	0
281	39	28	0.0	0	3133	0
281	50	24	0.0	0	3133	0
281	51	3	0.0	0	3133	0
281	56	8	0.0	0	3133	0
281	62	8	0.0	0	3133	0
281	64	30	0.0	0	3133	0
281	69	22	0.0	0	3133	0
281	76	12	0.0	0	3133	0
281	79	14	0.0	0	3133	0
281	80	8	0.0	0	3133	0
281	85	24	0.0	0	3133	0
281	92	5	0.0	0	3133	0
281	95	19	0.0	0	3133	0
281	96	3	0.0	0	3133	0
282	1	10	0.0	0	3133	0
282	8	13	0.0	0	3133	0
282	9	31	0.0	0	3133	0
282	11	10	0.0	0	3133	0
282	12	16	0.0	0	3133	0
282	18	28	0.0	0	3133	0
282	20	20	0.0	0	3133	0
282	20	31	0.0	0	3133	0
282	23	5	0.0	0	3133	0
282	44	5	0.0	0	3133	0
282	45	12	0.0	0	3133	0
282	46	8	0.0	0	3133	0
282	46	31	0.0	0	3133	0
282	70	9	0.0	0	3133	0
282	70	16	0.0	0	3133	0
282	71	23	0.0	0	3133	0
282	79	19	0.0	0	3133	0
282	83	24	0.0	0	3133	0
282	86	3	0.0	0	3133	0
282	100	3	0.0	0	3133	0
283	2	4	0.0	0	3133	0
283	4	29	0.0	0	3133	0
283	12	20	0.0	0	3133	0
283	12	22	0.0	0	3133	0
283	14	31	0.0	0	3133	0
283	18	31	0.0	0	3133	0
283	25	18	0.0	0	3133	0
283	25	26	0.0	0	3133	0
283	29	4	0.0	0	3133	0
283	30	8	0.0	0	3133	0
283	39	4	0.0	0	3133	0
283	42	12	0.0	0	3133	0
283	44	30	0.0	0	3133	0
283	48	27	0.0	0	3133	0
283	52	27	0.0	0	3133	0
283	58	10	0.0	0	3133	0
283	58	14	0.0	0	3133	0
283	59	19	0.0	0	3133	0
283	62	12	0.0	0	3133	0
283	66	19	0.0	0	3133	0
283	66	22	0.0	0	3133	0
283	72	15	0.0	0	3133	0
283	76	10	0.0	0	3133	0
283	85	5	0.0	0	3133	0
283	87	31	0.0	0	3133	0
283	88	20	0.0	0	3133	0
283	92	22	0.0	0	3133	0
283	100	17	0.0	0	3133	0
284	4	30	0.0	0	3133	0
284	6	3	0.0	0	3133	0
284	9	11	0.0	0	3133	0
284	17	24	0.0	0	3133	0
284	19	0	0.0	0	3133	0
284	20	20	0.0	0	3133	0
284	29	18	0.0	0	3133	0
284	29	21	0.0	0	3133	0
284	32	13	0.0	0	3133	0
284	36	19	0.0	0	3133	0
284	41	15	0.0	0	3133	0
284	43	3	0.0	0	3133	0
284	46	9	0.0	0	3133	0
284	47	9	0.0	0	3133	0
284	55	31	0.0	0	3133	0
284	56	17	0.0	0	3133	0
284	57	0	0.0	0	3133	0
284	59	7	0.0	0	3133	0
284	61	18	0.0	0	3133	0
284	63	20	0.0	0	3133	0
284	66	5	0.0	0	3133	0
284	71	31	0.0	0	3133	0
284	72	22	0.0	0	3133	0
284	72	27	0.0	0	3133	0
284	77	16	0.0	0	3133	0
284	78	7	0.0	0	3133	0
284	79	0	0.0	0	3133	0
284	82	17	0.0	0	3133	0
284	83	8	0.0	0	3133	0
284	83	16	0.0	0	3133	0
284	92	7	0.0	0	3133	0
284	93	22	0.0	0	3133	0
284	95	20	0.0	0	3133	0
284	96	10	0.0	0	3133	0
284	96	21	0.0	0	3133	0
284	98	11	0.0	0	3133	0
285	7	8	0.0	0	3133	0
285	8	31	0.0	0	3133	0
285	15	10	0.0	0	3133	0
285	17	13	0.0	0	3133	0
285	28	21	0.0	0	3133	0
285	34	0	0.0	0	3133	0
285	34	1	0.0	0	3133	0
285	34	29	0.0	0	3133	0
285	36	18	0.0	0	3133	0
285	55	1	0.0	0	3133	0
285	64	10	0.0	0	3133	0
285	68	30	0.0	0	3133	0
285	69	9	0.0	0	3133	0
285	81	2	0.0	0	3133	0
285	87	31	0.0	0	3133	0
285	88	8	0.0	0	3133	0
285	90	20	0.0	0	3133	0
285	100	26	0.0	0	3133	0
286	3	2	0.0	0	3133	0
286	18	10	0.0	0	3133	0
286	19	1	0.0	0	3133	0
286	30	9	0.0	0	3133	0
286	32	16	0.0	0	3133	0
286	35	19	0.0	0	3133	0
286	37	8	0.0	0	3133	0
286	42	22	0.0	0	3133	0
286	44	24	0.0	0	3133	0
286	48	16	0.0	0	3133	0
286	49	17	0.0	0	3133	0
286	52	15	0.0	0	3133	0
286	52	25	0.0	0	3133	0
286	53	10	0.0	0	3133	0
286	60	19	0.0	0	3133	0
286	84	3	0.0	0	3133	0
286	89	13	0.0	0	3133	0
286	97	30	0.0	0	3133	0
286	99	23	0.0	0	3133	0
287	5	13	0.0	0	3133	0
287	7	7	0.0	0	3133	0
287	7	28	0.0	0	3133	0
287	16	25	0.0	0	3133	0
287	18	17	0.0	0	3133	0
287	36	23	0.0	0	3133	0
287	40	13	0.0	0	3133	0
287	48	2	0.0	0	3133	0
287	51	12	0.0	0	3133	0
287	53	13	0.0	0	3133	0
287	61	5	0.0	0	3133	0
287	62	2	0.0	0	3133	0
287	66	31	0.0	0	3133	0
287	69	16	0.0	0	3133	0
287	69	26	0.0	0	3133	0
287	71	19	0.0	0	3133	0
287	74	13	0.0	0	3133	0
287	77	10	0.0	0	3133	0
287	82	8	0.0	0	3133	0
287	84	4	0.0	0	3133	0
287	94	9	0.0	0	3133	0
287	94	15	0.0	0	3133	0
287	98	17	0.0	0	3133	0
287	98	20	0.0	0	3133	0
288	0	1	0.0	0	3133	0
288	3	23	0.0	0	3133	0
288	6	27	0.0	0	3133	0
288	7	26	0.0	0	3133	0
288	8	31	0.0	0	3133	0
288	15	18	0.0	0	3133	0
288	20	22	0.0	0	3133	0
288	23	18	0.0	0	3133	0
288	29	10	0.0	0	3133	0
288	29	20	0.0	0	3133	0
288	35	14	0.0	0	3133	0
288	37	31	0.0	0	3133	0
288	42	14	0.0	0	3133	0
288	48	30	0.0	0	3133	0
288	50	12	0.0	0	3133	0
288	50	21	0.0	0	3133	0
288	58	19	0.0	0	3133	0
288	64	21	0.0	0	3133	0
288	66	16	0.0	0	3133	0
288	71	14	0.0	0	3133	0
288	71	27	0.0	0	3133	0
288	74	15	0.0	0	3133	0
288	82	8	0.0	0	3133	0
288	83	25	0.0	0	3133	0
288	84	4	0.0	0	3133	0
288	89	18	0.0	0	3133	0
288	94	25	0.0	0	3133	0
289	1	25	0.0	0	3133	0
289	25	5	0.0	0	3133	0
289	47	31	0.0	0	3133	0
289	64	26	0.0	0	3133	0
289	68	23	0.0	0	3133	0
289	74	30	0.0	0	3133	0
289	76	20	0.0	0	3133	0
289	77	24	0.0	0	3133	0
289	78	21	0.0	0	3133	0
289	80	23	0.0	0	3133	0
289	81	18	0.0	0	3133	0
289	82	1	0.0	0	3133	0
289	82	26	0.0	0	3133	0
289	87	25	0.0	0	3133	0
289	96	21	0.0	0	3133	0
289	98	6	0.0	0	3133	0
290	0	2	0.0	0	3133	0
290	0	22	0.0	0	3133	0
290	1	5	0.0	0	3133	0
290	7	20	0.0	0	3133	0
290	8	28	0.0	0	3133	0
290	16	27	0.0	0	3133	0
290	22	28	0.0	0	3133	0
290	23	24	0.0	0	3133	0
290	25	30	0.0	0	3133	0
290	60	12	0.0	0	3133	0
290	65	16	0.0	0	3133	0
290	66	11	0.0	0	3133	0
290	71	21	0.0	0	3133	0
290	85	18	0.0	0	3133	0
290	87	26	0.0	0	3133	0
290	88	3	0.0	0	3133	0
290	92	8	0.0	0	3133	0
290	95	0	0.0	0	3133	0
291	4	25	0.0	0	3133	0
291	15	18	0.0	0	3133	0
291	17	12	0.0	0	3133	0
291	18	6	0.0	0	3133	0
291	25	23	0.0	0	3133	0
291	36	2	0.0	0	3133	0
291	41	2	0.0	0	3133	0
291	41	19	0.0	0	3133	0
291	48	21	0.0	0	3133	0
291	52	6	0.0	0	3133	0
291	53	25	0.0	0	3133	0
291	66	10	0.0	0	3133	0
291	66	30	0.0	0	3133	0
291	68	4	0.0	0	3133	0
291	74	5	0.0	0	3133	0
291	78	5	0.0	0	3133	0
291	82	31	0.0	0	3133	0
291	98	6	0.0	0	3133	0
292	10	26	0.0	0	3133	0
292	16	7	0.0	0	3133	0
292	19	15	0.0	0	3133	0
292	21	22	0.0	0	3133	0
292	22	1	0.0	0	3133	0
292	24	12	0.0	0	3133	0
292	34	12	0.0	0	3133	0
292	37	7	0.0	0	3133	0
292	40	21	0.0	0	3133	0
292	41	6	0.0	0	3133	0
292	46	2	0.0	0	3133	0
292	62	25	0.0	0	3133	0
292	68	9	0.0	0	3133	0
292	68	18	0.0	0	3133	0
292	81	12	0.0	0	3133	0
292	99	1	0.0	0	3133	0
293	3	11	0.0	0	3133	0
293	14	7	0.0	0	3133	0
293	26	17	0.0	0	3133	0
293	33	24	0.0	0	3133	0
293	36	8	0.0	0	3133	0
293	51	0	0.0	0	3133	0
293	53	31	0.0	0	3133	0
293	57	22	0.0	0	3133	0
293	57	25	0.0	0	3133	0
293	59	0	0.0	0	3133	0
293	64	21	0.0	0	3133	0
293	66	0	0.0	0	3133	0
293	66	29	0.0	0	3133	0
293	68	23	0.0	0	3133	0
293	76	9	0.0	0	3133	0
293	83	23	0.0	0	3133	0
294	10	16	0.0	0	3133	0
294	19	4	0.0	0	3133	0
294	22	20	0.0	0	3133	0
294	25	10	0.0	0	3133	0
294	30	4	0.0	0	3133	0
294	35	0	0.0	0	3133	0
294	41	31	0.0	0	3133	0
294	43	0	0.0	0	3133	0
294	48	31	0.0	0	3133	0
294	57	24	0.0	0	3133	0
294	59	4	0.0	0	3133	0
294	60	6	0.0	0	3133	0
294	67	17	0.0	0	3133	0
294	68	4	0.0	0	3133	0
294	70	27	0.0	0	3133	0
294	73	26	0.0	0	3133	0
294	81	10	0.0	0	3133	0
294	85	23	0.0	0	3133	0
294	88	15	0.0	0	3133	0
294	90	3	0.0	0	3133	0
294	96	20	0.0	0	3133	0
295	6	28	0.0	0	3133	0
295	11	7	0.0	0	3133	0
295	11	10	0.0	0	3133	0
295	12	0	0.0	0	3133	0
295	20	0	0.0	0	3133	0
295	27	4	0.0	0	3133	0
295	38	30	0.0	0	3133	0
295	47	30	0.0	0	3133	0
295	48	11	0.0	0	3133	0
295	49	19	0.0	0	3133	0
295	51	14	0.0	0	3133	0
295	60	5	0.0	0	3133	0
295	65	4	0.0	0	3133	0
295	66	4	0.0	0	3133	0
295	66	15	0.0	0	3133	0
295	69	4	0.0	0	3133	0
295	72	10	0.0	0	3133	0
295	72	14	0.0	0	3133	0
295	74	22	0.0	0	3133	0
295	76	28	0.0	0	3133	0
295	80	31	0.0	0	3133	0
295	83	6	0.0	0	3133	0
295	84	19	0.0	0	3133	0
295	92	20	0.0	0	3133	0
295	96	29	0.0	0	3133	0
296	9	16	0.0	0	3133	0
296	10	0	0.0	0	3133	0
296	11	9	0.0	0	3133	0
296	20	13	0.0	0	3133	0
296	28	24	0.0	0	3133	0
296	39	7	0.0	0	3133	0
296	43	14	0.0	3	3134	0
296	53	17	0.0	0	3133	0
296	59	28	0.0	0	3133	0
296	69	19	0.0	0	3133	0
296	70	18	0.0	0	3133	0
296	72	20	0.0	0	3133	0
296	79	27	0.0	0	3133	0
296	80	7	0.0	0	3133	0
296	80	10	0.0	0	3133	0
296	80	23	0.0	0	3133	0
296	82	2	0.0	0	3133	0
296	84	2	0.0	0	3133	0
296	84	18	0.0	0	3133	0
296	90	11	0.0	0	3133	0
297	1	12	0.0	0	3133	0
297	3	23	0.0	0	3133	0
297	7	17	0.0	0	3133	0
297	10	6	0.0	0	3133	0
297	12	24	0.0	0	3133	0
297	13	26	0.0	0	3133	0
297	17	21	0.0	0	3133	0
297	18	5	0.0	0	3133	0
297	21	17	0.0	0	3133	0
297	28	26	0.0	0	3133	0
297	35	26	0.0	0	3133	0
297	37	0	0.0	0	3133	0
297	43	30	0.0	0	3133	0
297	44	8	0.0	0	3133	0
297	52	30	0.0	0	3133	0
297	62	17	0.0	0	3133	0
297	64	20	0.0	0	3133	0
297	65	29	0.0	0	3133	0
297	66	31	0.0	0	3133	0
297	68	7	0.0	0	3133	0
297	74	27	0.0	0	3133	0
297	80	0	0.0	0	3133	0
297	80	17	0.0	0	3133	0
297	86	13	0.0	0	3133	0
297	86	21	0.0	0	3133	0
297	91	20	0.0	0	3133	0
297	94	0	0.0	0	3133	0
297	95	27	0.0	0	3133	0
297	97	29	0.0	0	3133	0
297	98	1	0.0	0	3133	0
297	98	11	0.0	0	3133	0
298	1	30	0.0	0	3133	0
298	3	9	0.0	0	3133	0
298	7	29	0.0	0	3133	0
298	9	18	0.0	0	3133	0
298	10	7	0.0	0	3133	0
298	12	2	0.0	0	3133	0
298	23	11	0.0	0	3133	0
298	25	25	0.0	0	3133	0
298	27	30	0.0	0	3133	0
298	34	24	0.0	0	3133	0
298	36	8	0.0	0	3133	0
298	40	20	0.0	0	3133	0
298	41	30	0.0	0	3133	0
298	51	29	0.0	0	3133	0
298	52	17	0.0	0	3133	0
298	60	5	0.0	0	3133	0
298	62	23	0.0	0	3133	0
298	67	13	0.0	0	3133	0
298	67	20	0.0	0	3133	0
298	67	24	0.0	0	3133	0
298	73	14	0.0	0	3133	0
298	74	6	0.0	0	3133	0
298	76	31	0.0	0	3133	0
298	82	10	0.0	0	3133	0
298	82	11	0.0	0	3133	0
298	83	5	0.0	0	3133	0
298	90	20	0.0	0	3133	0
298	100	0	0.0	0	3133	0
298	100	15	0.0	0	3133	0
299	0	5	0.0	0	3133	0
299	1	12	0.0	0	3133	0
299	6	6	0.0	0	3133	0
299	7	30	0.0	0	3133	0
299	8	20	0.0	0	3133	0
299	18	7	0.0	0	3133	0
299	21	3	0.0	0	3133	0
299	22	15	0.0	0	3133	0
299	26	2	0.0	0	3133	0
299	37	5	0.0	0	3133	0
299	44	1	0.0	0	3133	0
299	48	3	0.0	0	3133	0
299	64	22	0.0	0	3133	0
299	65	5	0.0	0	3133	0
299	66	7	0.0	0	3133	0
299	68	21	0.0	0	3133	0
299	69	30	0.0	0	3133	0
299	72	0	0.0	0	3133	0
299	77	13	0.0	0	3133	0
299	80	0	0.0	0	3133	0
299	82	22	0.0	0	3133	0
299	85	15	0.0	0	3133	0
299	93	13	0.0	0	3133	0
299	96	12	0.0	0	3133	0
299	96	16	0.0	0	3133	0
299	98	5	0.0	0	3133	0
300	2	23	0.0	0	3133	0
300	4	8	0.0	0	3133	0
300	4	16	0.0	0	3133	0
300	6	4	0.0	0	3133	0
300	20	16	0.0	0	3133	0
300	23	22	0.0	0	3133	0
300	30	27	0.0	0	3133	0
300	38	27	0.0	0	3133	0
300	40	24	0.0	0	3133	0
300	42	14	0.0	0	3133	0
300	43	6	0.0	0	3133	0
300	53	9	0.0	0	3133	0
300	73	5	0.0	0	3133	0
300	75	16	0.0	0	3133	0
300	76	9	0.0	0	3133	0
300	78	8	0.0	0	3133	0
300	81	6	0.0	0	3133	0
300	83	0	0.0	0	3133	0
300	84	3	0.0	0	3133	0
300	86	16	0.0	0	3133	0
300	95	30	0.0	0	3133	0
300	97	8	0.0	0	3133	0
300	97	13	0.0	0	3133	0
301	1	9	0.0	0	3133	0
301	3	22	0.0	0	3133	0
301	12	31	0.0	0	3133	0
301	21	17	0.0	0	3133	0
301	28	15	0.0	0	3133	0
301	28	24	0.0	0	3133	0
301	28	26	0.0	0	3133	0
301	30	3	0.0	0	3133	0
301	33	19	0.0	0	3133	0
301	35	17	0.0	0	3133	0
301	44	19	0.0	0	3133	0
301	46	25	0.0	0	3133	0
301	46	31	0.0	0	3133	0
301	47	30	0.0	0	3133	0
301	64	12	0.0	0	3133	0
301	87	21	0.0	0	3133	0
301	94	11	0.0	0	3133	0
301	97	19	0.0	0	3133	0
301	100	27	0.0	0	3133	0
302	4	14	0.0	0	3133	0
302	15	25	0.0	0	3133	0
302	18	14	0.0	0	3133	0
302	20	1	0.0	0	3133	0
302	36	20	0.0	0	3133	0
302	42	1	0.0	0	3133	0
302	58	0	0.0	0	3133	0
302	64	11	0.0	0	3133	0
302	64	12	0.0	0	3133	0
302	69	0	0.0	0	3133	0
302	90	30	0.0	0	3133	0
302	94	5	0.0	0	3133	0
302	96	9	0.0	0	3133	0
302	97	0	0.0	0	3133	0
302	97	26	0.0	0	3133	0
302	99	29	0.0	0	3133	0
303	4	21	0.0	0	3133	0
303	6	20	0.0	0	3133	0
303	10	22	0.0	0	3133	0
303	16	12	0.0	0	3133	0
303	21	23	0.0	0	3133	0
303	43	25	0.0	0	3133	0
303	46	30	0.0	0	3133	0
303	61	8	0.0	0	3133	0
303	78	8	0.0	0	3133	0
303	78	30	0.0	0	3133	0
303	80	22	0.0	0	3133	0
303	85	17	0.0	0	3133	0
303	88	12	0.0	0	3133	0
303	94	12	0.0	0	3133	0
304	1	28	0.0	0	3133	0
304	3	3	0.0	0	3133	0
304	11	18	0.0	0	3133	0
304	12	2	0.0	0	3133	0
304	12	19	0.0	0	3133	0
304	16	6	0.0	0	3133	0
304	16	22	0.0	0	3133	0
304	18	27	0.0	0	3133	0
304	26	1	0.0	0	3133	0
304	26	17	0.0	0	3133	0
304	41	0	0.0	0	3133	0
304	41	18	0.0	0	3133	0
304	45	17	0.0	0	3133	0
304	52	15	0.0	0	3133	0
304	58	12	0.0	0	3133	0
304	59	29	0.0	0	3133	0
304	61	15	0.0	0	3133	0
304	67	23	0.0	0	3133	0
304	69	21	0.0	0	3133	0
304	73	3	0.0	0	3133	0
304	74	6	0.0	0	3133	0
304	76	22	0.0	0	3133	0
304	77	18	0.0	0	3133	0
304	79	3	0.0	0	3133	0
304	80	2	0.0	0	3133	0
304	81	21	0.0	0	3133	0
304	82	0	0.0	0	3133	0
304	85	16	0.0	0	3133	0
304	92	7	0.0	0	3133	0
304	98	0	0.0	0	3133	0
305	4	0	0.0	0	3133	0
305	5	7	0.0	0	3133	0
305	5	18	0.0	0	3133	0
305	7	24	0.0	0	3133	0
305	12	20	0.0	0	3133	0
305	12	26	0.0	0	3133	0
305	17	15	0.0	0	3133	0
305	17	23	0.0	0	3133	0
305	27	24	0.0	0	3133	0
305	28	30	0.0	0	3133	0
305	29	31	0.0	0	3133	0
305	37	15	0.0	0	3133	0
305	51	25	0.0	0	3133	0
305	53	7	0.0	0	3133	0
305	67	14	0.0	0	3133	0
305	70	14	0.0	0	3133	0
305	78	15	0.0	0	3133	0
305	85	4	0.0	0	3133	0
305	88	23	0.0	0	3133	0
305	89	30	0.0	0	3133	0
305	91	26	0.0	0	3133	0
305	92	2	0.0	0	3133	0
305	97	30	0.0	0	3133	0
306	2	23	0.0	0	3133	0
306	4	16	0.0	0	3133	0
306	8	29	0.0	0	3133	0
306	9	25	0.0	0	3133	0
306	16	20	0.0	0	3133	0
306	19	17	0.0	0	3133	0
306	20	2	0.0	0	3133	0
306	21	19	0.0	0	3133	0
306	37	0	0.0	0	3133	0
306	51	19	0.0	0	3133	0
306	52	22	0.0	0	3133	0
306	55	11	0.0	0	3133	0
306	55	20	0.0	0	3133	0
306	67	13	0.0	0	3133	0
306	70	30	0.0	0	3133	0
306	72	3	0.0	0	3133	0
306	74	30	0.0	0	3133	0
306	75	16	0.0	0	3133	0
306	78	9	0.0	0	3133	0
306	90	22	0.0	0	3133	0
306	96	22	0.0	0	3133	0
307	1	30	0.0	0	3133	0
307	10	15	0.0	0	3133	0
307	10	16	0.0	0	3133	0
307	13	31	0.0	0	3133	0
307	24	31	0.0	0	3133	0
307	27	10	0.0	0	3133	0
307	27	22	0.0	0	3133	0
307	37	12	0.0	0	3133	0
307	38	4	0.0	0	3133	0
307	38	11	0.0	0	3133	0
307	40	26	0.0	0	3133	0
307	40	28	0.0	0	3133	0
307	47	18	0.0	0	3133	0
307	48	20	0.0	0	3133	0
307	58	19	0.0	0	3133	0
307	61	19	0.0	0	3133	0
307	66	29	0.0	0	3133	0
307	84	0	0.0	0	3133	0
307	85	13	0.0	0	3133	0
307	93	15	0.0	0	3133	0
307	99	4	0.0	0	3133	0
307	99	16	0.0	0	3133	0
307	100	25	0.0	0	3133	0
308	19	22	0.0	0	3133	0
308	22	31	0.0	0	3133	0
308	25	26	0.0	0	3133	0
308	29	8	0.0	0	3133	0
308	33	12	0.0	0	3133	0
308	33	30	0.0	0	3133	0
308	34	23	0.0	0	3133	0
308	37	29	0.0	0	3133	0
308	43	18	0.0	0	3133	0
308	45	27	0.0	0	3133	0
308	46	30	0.0	0	3133	0
308	62	2	0.0	0	3133	0
308	70	7	0.0	0	3133	0
308	70	15	0.0	0	3133	0
308	79	0	0.0	0	3133	0
308	82	28	0.0	0	3133	0
308	83	30	0.0	0	3133	0
308	90	18	0.0	0	3133	0
308	91	8	0.0	0	3133	0
308	93	19	0.0	0	3133	0
308	94	11	0.0	0	3133	0
308	96	31	0.0	0	3133	0
308	99	19	0.0	0	3133	0
309	1	18	0.0	0	3133	0
309	6	21	0.0	0	3133	0
309	12	0	0.0	0	3133	0
309	15	27	0.0	0	3133	0
309	17	5	0.0	0	3133	0
309	24	29	0.0	0	3133	0
309	36	23	0.0	0	3133	0
309	44	18	0.0	0	3133	0
309	46	17	0.0	0	3133	0
309	54	11	0.0	0	3133	0
309	55	25	0.0	0	3133	0
309	65	2	0.0	0	3133	0
309	81	4	0.0	0	3133	0
309	82	12	0.0	0	3133	0
309	83	20	0.0	0	3133	0
309	90	19	0.0	0	3133	0
309	92	24	0.0	0	3133	0
310	6	10	0.0	0	3133	0
310	8	9	0.0	0	3133	0
310	13	2	0.0	0	3133	0
310	19	11	0.0	0	3133	0
310	23	17	0.0	0	3133	0
310	24	26	0.0	0	3133	0
310	32	30	0.0	0	3133	0
310	34	23	0.0	0	3133	0
310	38	18	0.0	0	3133	0
310	43	10	0.0	0	3133	0
310	50	3	0.0	0	3133	0
310	55	12	0.0	0	3133	0
310	67	21	0.0	0	3133	0
310	68	24	0.0	0	3133	0
310	80	4	0.0	0	3133	0
310	83	17	0.0	0	3133	0
310	85	25	0.0	0	3133	0
310	92	19	0.0	0	3133	0
310	96	2	0.0	0	3133	0
310	98	31	0.0	0	3133	0
310	100	17	0.0	0	3133	0
311	4	1	0.0	0	3133	0
311	5	29	0.0	0	3133	0
311	8	10	0.0	0	3133	0
311	9	9	0.0	0	3133	0
311	10	20	0.0	0	3133	0
311	19	21	0.0	0	3133	0
311	23	28	0.0	0	3133	0
311	35	12	0.0	0	3133	0
311	38	11	0.0	0	3133	0
311	39	8	0.0	0	3133	0
311	42	0	0.0	0	3133	0
311	47	31	0.0	0	3133	0
311	53	31	0.0	0	3133	0
311	66	28	0.0	0	3133	0
311	69	4	0.0	0	3133	0
311	81	24	0.0	0	3133	0
311	85	26	0.0	0	3133	0
311	91	11	0.0	0	3133	0
311	91	12	0.0	0	3133	0
311	95	5	0.0	0	3133	0
311	97	13	0.0	0	3133	0
311	100	14	0.0	0	3133	0
312	4	27	0.0	0	3133	0
312	6	6	0.0	0	3133	0
312	9	22	0.0	0	3133	0
312	14	4	0.0	0	3133	0
312	19	21	0.0	0	3133	0
312	42	8	0.0	0	3133	0
312	45	30	0.0	0	3133	0
312	50	12	0.0	0	3133	0
312	51	20	0.0	0	3133	0
312	52	27	0.0	0	3133	0
312	55	27	0.0	0	3133	0
312	59	8	0.0	0	3133	0
312	63	7	0.0	0	3133	0
312	72	4	0.0	0	3133	0
312	75	17	0.0	0	3133	0
312	76	11	0.0	0	3133	0
312	81	30	0.0	0	3133	0
312	83	0	0.0	0	3133	0
312	84	9	0.0	0	3133	0
312	84	10	0.0	0	3133	0
312	87	27	0.0	0	3133	0
312	87	30	0.0	0	3133	0
312	88	17	0.0	0	3133	0
312	92	9	0.0	0	3133	0
312	98	13	0.0	0	3133	0
313	4	10	0.0	0	3133	0
313	9	26	0.0	0	3133	0
313	11	27	0.0	0	3133	0
313	13	0	0.0	0	3133	0
313	13	1	0.0	0	3133	0
313	14	16	0.0	0	3133	0
313	15	17	0.0	0	3133	0
313	20	29	0.0	0	3133	0
313	23	14	0.0	0	3133	0
313	27	22	0.0	0	3133	0
313	30	5	0.0	0	3133	0
313	36	1	0.0	0	3133	0
313	39	1	0.0	0	3133	0
313	43	20	0.0	0	3133	0
313	49	22	0.0	0	3133	0
313	50	28	0.0	0	3133	0
313	76	18	0.0	0	3133	0
313	77	10	0.0	0	3133	0
313	80	10	0.0	0	3133	0
313	86	12	0.0	0	3133	0
314	1	16	0.0	0	3133	0
314	1	21	0.0	0	3133	0
314	3	19	0.0	0	3133	0
314	10	0	0.0	0	3133	0
314	23	17	0.0	0	3133	0
314	26	12	0.0	0	3133	0
314	26	20	0.0	0	3133	0
314	30	28	0.0	0	3133	0
314	33	13	0.0	0	3133	0
314	34	20	0.0	0	3133	0
314	42	19	0.0	0	3133	0
314	49	30	0.0	0	3133	0
314	64	28	0.0	0	3133	0
314	67	28	0.0	0	3133	0
314	77	8	0.0	0	3133	0
314	77	30	0.0	0	3133	0
314	85	5	0.0	0	3133	0
314	88	26	0.0	0	3133	0
314	91	2	0.0	0	3133	0
314	93	27	0.0	0	3133	0
315	2	8	0.0	0	3133	0
315	2	14	0.0	0	3133	0
315	6	11	0.0	0	3133	0
315	11	2	0.0	0	3133	0
315	12	20	0.0	0	3133	0
315	15	2	0.0	0	3133	0
315	15	10	0.0	0	3133	0
315	15	26	0.0	0	3133	0
315	17	13	0.0	0	3133	0
315	31	7	0.0	0	3133	0
315	33	9	0.0	0	3133	0
315	34	18	0.0	0	3133	0
315	40	24	0.0	0	3133	0
315	41	31	0.0	0	3133	0
315	43	12	0.0	0	3133	0
315	44	22	0.0	0	3133	0
315	45	24	0.0	0	3133	0
315	53	0	0.0	0	3133	0
315	55	28	0.0	0	3133	0
315	56	1	0.0	0	3133	0
315	56	6	0.0	0	3133	0
315	62	24	0.0	0	3133	0
315	63	15	0.0	0	3133	0
315	63	26	0.0	0	3133	0
315	69	17	0.0	0	3133	0
315	71	0	0.0	0	3133	0
315	78	15	0.0	0	3133	0
315	84	21	0.0	0	3133	0
315	96	28	0.0	0	3133	0
315	96	30	0.0	0	3133	0
315	98	12	0.0	0	3133	0
315	99	8	0.0	0	3133	0
316	1	30	0.0	0	3133	0
316	10	23	0.0	0	3133	0
316	16	2	0.0	0	3133	0
316	23	9	0.0	0	3133	0
316	25	23	0.0	0	3133	0
316	28	17	0.0	0	3133	0
316	30	27	0.0	0	3133	0
316	32	9	0.0	0	3133	0
316	32	10	0.0	0	3133	0
316	34	3	0.0	0	3133	0
316	37	8	0.0	0	3133	0
316	38	14	0.0	0	3133	0
316	40	19	0.0	0	3133	0
316	48	25	0.0	0	3133	0
316	52	11	0.0	0	3133	0
316	52	20	0.0	0	3133	0
316	53	30	0.0	0	3133	0
316	66	30	0.0	0	3133	0
316	71	19	0.0	0	3133	0
316	83	13	0.0	0	3133	0
316	84	21	0.0	0	3133	0
316	90	6	0.0	0	3133	0
317	0	14	0.0	0	3133	0
317	1	3	0.0	0	3133	0
317	6	16	0.0	0	3133	0
317	7	27	0.0	0	3133	0
317	9	11	0.0	0	3133	0
317	9	13	0.0	0	3133	0
317	12	8	0.0	0	3133	0
317	14	22	0.0	0	3133	0
317	22	21	0.0	0	3133	0
317	23	31	0.0	0	3133	0
317	25	0	0.0	0	3133	0
317	28	1	0.0	0	3133	0
317	38	22	0.0	0	3133	0
317	45	17	0.0	0	3133	0
317	46	9	0.0	0	3133	0
317	52	9	0.0	0	3133	0
317	57	9	0.0	0	3133	0
317	57	28	0.0	0	3133	0
317	59	6	0.0	0	3133	0
317	68	1	0.0	0	3133	0
317	74	19	0.0	0	3133	0
317	89	21	0.0	0	3133	0
317	95	22	0.0	0	3133	0
317	99	12	0.0	0	3133	0
318	2	15	0.0	0	3133	0
318	5	9	0.0	0	3133	0
318	6	27	0.0	0	3133	0
318	10	12	0.0	0	3133	0
318	18	7	0.0	0	3133	0
318	18	23	0.0	0	3133	0
318	23	10	0.0	0	3133	0
318	29	19	0.0	0	3133	0
318	33	14	0.0	0	3133	0
318	38	8	0.0	0	3133	0
318	42	10	0.0	0	3133	0
318	43	2	0.0	0	3133	0
318	44	26	0.0	0	3133	0
318	50	3	0.0	0	3133	0
318	50	19	0.0	0	3133	0
318	50	27	0.0	0	3133	0
318	53	5	0.0	0	3133	0
318	72	0	0.0	0	3133	0
318	81	22	0.0	0	3133	0
318	89	25	0.0	0	3133	0
319	13	13	0.0	0	3133	0
319	15	0	0.0	0	3133	0
319	15	21	0.0	0	3133	0
319	18	28	0.0	0	3133	0
319	21	15	0.0	0	3133	0
319	29	28	0.0	0	3133	0
319	38	26	0.0	0	3133	0
319	39	12	0.0	0	3133	0
319	41	23	0.0	0	3133	0
319	42	2	0.0	0	3133	0
319	45	19	0.0	0	3133	0
319	46	8	0.0	0	3133	0
319	47	9	0.0	0	3133	0
319	50	27	0.0	0	3133	0
319	60	3	0.0	0	3133	0
319	60	18	0.0	0	3133	0
319	62	31	0.0	0	3133	0
319	64	26	0.0	0	3133	0
319	70	7	0.0	0	3133	0
319	73	20	0.0	0	3133	0
319	76	6	0.0	0	3133	0
319	76	12	0.0	0	3133	0
319	78	22	0.0	0	3133	0
319	79	27	0.0	0	3133	0
319	85	30	0.0	0	3133	0
319	87	3	0.0	0	3133	0
319	89	0	0.0	0	3133	0
319	90	18	0.0	0	3133	0
319	96	7	0.0	0	3133	0
319	98	3	0.0	0	3133	0
320	7	15	0.0	0	3133	0
320	8	12	0.0	0	3133	0
320	23	27	0.0	0	3133	0
320	26	15	0.0	0	3133	0
320	31	13	0.0	0	3133	0
320	37	26	0.0	0	3133	0
320	44	27	0.0	0	3133	0
320	52	5	0.0	0	3133	0
320	54	5	0.0	0	3133	0
320	56	17	0.0	0	3133	0
320	70	6	0.0	0	3133	0
320	77	15	0.0	0	3133	0
320	86	15	0.0	0	3133	0
320	87	12	0.0	0	3133	0
320	91	17	0.0	0	3133	0
320	93	14	0.0	0	3133	0
320	96	29	0.0	0	3133	0
320	96	31	0.0	0	3133	0
320	97	2	0.0	0	3133	0
320	98	30	0.0	0	3133	0
321	0	1	0.0	0	3133	0
321	0	8	0.0	0	3133	0
321	2	4	0.0	0	3133	0
321	6	25	0.0	0	3133	0
321	8	22	0.0	0	3133	0
321	12	4	0.0	0	3133	0
321	14	19	0.0	0	3133	0
321	15	7	0.0	0	3133	0
321	17	9	0.0	0	3133	0
321	17	18	0.0	0	3133	0
321	19	19	0.0	0	3133	0
321	20	29	0.0	0	3133	0
321	30	19	0.0	0	3133	0
321	41	21	0.0	0	3133	0
321	43	8	0.0	0	3133	0
321	43	25	0.0	0	3133	0
321	43	27	0.0	0	3133	0
321	45	12	0.0	0	3133	0
321	60	12	0.0	0	3133	0
321	63	8	0.0	0	3133	0
321	67	15	0.0	0	3133	0
321	69	4	0.0	0	3133	0
321	69	12	0.0	0	3133	0
321	75	8	0.0	0	3133	0
321	77	20	0.0	0	3133	0
321	81	8	0.0	0	3133	0
321	84	20	0.0	0	3133	0
321	92	0	0.0	0	3133	0
321	97	9	0.0	0	3133	0
322	10	3	0.0	0	3133	0
322	12	2	0.0	0	3133	0
322	17	10	0.0	0	3133	0
322	18	19	0.0	0	3133	0
322	19	18	0.0	0	3133	0
322	20	13	0.0	0	3133	0
322	21	2	0.0	0	3133	0
322	25	4	0.0	0	3133	0
322	29	24	0.0	0	3133	0
322	33	13	0.0	0	3133	0
322	36	12	0.0	0	3133	0
322	36	13	0.0	0	3133	0
322	40	2	0.0	0	3133	0
322	43	28	0.0	0	3133	0
322	48	2	0.0	0	3133	0
322	51	29	0.0	0	3133	0
322	64	21	0.0	0	3133	0
322	73	26	0.0	0	3133	0
322	73	30	0.0	0	3133	0
322	76	14	0.0	0	3133	0
322	78	3	0.0	0	3133	0
322	87	17	0.0	0	3133	0
322	94	28	0.0	0	3133	0
322	96	12	0.0	0	3133	0
322	98	10	0.0	0	3133	0
323	5	12	0.0	0	3133	0
323	7	18	0.0	0	3133	0
323	14	3	0.0	0	3133	0
323	15	15	0.0	0	3133	0
323	26	2	0.0	0	3133	0
323	27	14	0.0	0	3133	0
323	28	18	0.0	0	3133	0
323	30	22	0.0	0	3133	0
323	35	12	0.0	0	3133	0
323	37	8	0.0	0	3133	0
323	50	2	0.0	0	3133	0
323	54	29	0.0	0	3133	0
323	55	2	0.0	0	3133	0
323	57	9	0.0	0	3133	0
323	61	4	0.0	0	3133	0
323	75	0	0.0	0	3133	0
323	75	19	0.0	0	3133	0
323	89	23	0.0	0	3133	0
323	95	23	0.0	0	3133	0
323	100	15	0.0	0	3133	0
324	0	8	0.0	0	3133	0
324	10	27	0.0	0	3133	0
324	24	17	0.0	0	3133	0
324	24	28	0.0	0	3133	0
324	26	6	0.0	0	3133	0
324	28	26	0.0	0	3133	0
324	29	29	0.0	0	3133	0
324	49	4	0.0	0	3133	0
324	51	28	0.0	0	3133	0
324	54	26	0.0	0	3133	0
324	55	21	0.0	0	3133	0
324	56	16	0.0	0	3133	0
324	59	29	0.0	0	3133	0
324	60	10	0.0	0	3133	0
324	63	4	0.0	0	3133	0
324	65	28	0.0	0	3133	0
324	68	4	0.0	0	3133	0
324	71	18	0.0	0	3133	0
324	72	29	0.0	0	3133	0
324	74	2	0.0	0	3133	0
324	75	23	0.0	0	3133	0
324	77	9	0.0	0	3133	0
324	77	19	0.0	0	3133	0
324	81	11	0.0	0	3133	0
324	82	3	0.0	0	3133	0
324	83	21	0.0	0	3133	0
324	85	2	0.0	0	3133	0
324	87	10	0.0	0	3133	0
324	90	11	0.0	0	3133	0
324	94	8	0.0	0	3133	0
325	3	27	0.0	0	3133	0
325	5	20	0.0	0	3133	0
325	11	16	0.0	0	3133	0
325	27	9	0.0	0	3133	0
325	32	11	0.0	0	3133	0
325	33	5	0.0	0	3133	0
325	41	14	0.0	0	3133	0
325	60	30	0.0	0	3133	0
325	72	16	0.0	0	3133	0
325	76	25	0.0	0	3133	0
325	83	22	0.0	0	3133	0
325	92	8	0.0	0	3133	0
325	93	22	0.0	0	3133	0
325	95	26	0.0	0	3133	0
326	1	0	0.0	0	3133	0
326	5	6	0.0	0	3133	0
326	10	31	0.0	0	3133	0
326	11	1	0.0	0	3133	0
326	15	14	0.0	0	3133	0
326	16	7	0.0	0	3133	0
326	17	27	0.0	0	3133	0
326	20	18	0.0	0	3133	0
326	21	3	0.0	0	3133	0
326	25	5	0.0	0	3133	0
326	25	9	0.0	0	3133	0
326	29	17	0.0	0	3133	0
326	32	18	0.0	0	3133	0
326	39	4	0.0	0	3133	0
326	39	8	0.0	0	3133	0
326	39	23	0.0	0	3133	0
326	40	6	0.0	0	3133	0
326	41	26	0.0	0	3133	0
326	46	10	0.0	0	3133	0
326	47	17	0.0	0	3133	0
326	50	6	0.0	0	3133	0
326	54	5	0.0	0	3133	0
326	57	13	0.0	0	3133	0
326	57	30	0.0	0	3133	0
326	61	12	0.0	0	3133	0
326	68	25	0.0	0	3133	0
326	72	26	0.0	0	3133	0
326	75	25	0.0	0	3133	0
326	79	21	0.0	0	3133	0
326	80	12	0.0	0	3133	0
326	85	21	0.0	0	3133	0
326	89	17	0.0	0	3133	0
326	93	8	0.0	0	3133	0
326	97	8	0.0	0	3133	0
326	100	11	0.0	0	3133	0
327	1	0	0.0	0	3133	0
327	2	23	0.0	0	3133	0
327	5	12	0.0	0	3133	0
327	5	23	0.0	0	3133	0
327	7	22	0.0	0	3133	0
327	8	1	0.0	0	3133	0
327	12	14	0.0	0	3133	0
327	13	25	0.0	0	3133	0
327	16	14	0.0	0	3133	0
327	17	4	0.0	0	3133	0
327	18	2	0.0	0	3133	0
327	31	11	0.0	0	3133	0
327	38	31	0.0	0	3133	0
327	39	7	0.0	0	3133	0
327	42	9	0.0	0	3133	0
327	42	13	0.0	0	3133	0
327	45	7	0.0	0	3133	0
327	45	21	0.0	0	3133	0
327	59	24	0.0	0	3133	0
327	61	17	0.0	0	3133	0
327	63	20	0.0	0	3133	0
327	82	21	0.0	0	3133	0
328	0	24	0.0	0	3133	0
328	3	13	0.0	0	3133	0
328	5	14	0.0	0	3133	0
328	19	0	0.0	0	3133	0
328	21	27	0.0	0	3133	0
328	22	26	0.0	0	3133	0
328	34	22	0.0	0	3133	0
328	35	11	0.0	0	3133	0
328	48	27	0.0	0	3133	0
328	55	23	0.0	0	3133	0
328	59	29	0.0	0	3133	0
328	75	2	0.0	0	3133	0
328	77	29	0.0	0	3133	0
328	81	5	0.0	0	3133	0
328	83	28	0.0	0	3133	0
328	91	29	0.0	0	3133	0
328	93	8	0.0	0	3133	0
328	94	5	0.0	0	3133	0
328	100	0	0.0	0	3133	0
329	3	8	0.0	0	3133	0
329	9	28	0.0	0	3133	0
329	11	9	0.0	0	3133	0
329	21	18	0.0	0	3133	0
329	24	28	0.0	0	3133	0
329	26	19	0.0	0	3133	0
329	32	24	0.0	0	3133	0
329	35	9	0.0	0	3133	0
329	36	19	0.0	0	3133	0
329	38	29	0.0	0	3133	0
329	40	7	0.0	0	3133	0
329	44	1	0.0	0	3133	0
329	46	17	0.0	0	3133	0
329	55	7	0.0	0	3133	0
329	58	10	0.0	0	3133	0
329	60	11	0.0	0	3133	0
329	65	9	0.0	0	3133	0
329	76	19	0.0	0	3133	0
329	82	3	0.0	0	3133	0
329	84	2	0.0	0	3133	0
329	92	31	0.0	0	3133	0
329	93	16	0.0	0	3133	0
329	95	7	0.0	0	3133	0
329	100	16	0.0	0	3133	0
330	2	13	0.0	0	3133	0
330	11	16	0.0	0	3133	0
330	27	25	0.0	0	3133	0
330	59	8	0.0	0	3133	0
330	64	19	0.0	0	3133	0
330	65	2	0.0	0	3133	0
330	66	3	0.0	0	3133	0
330	72	28	0.0	0	3133	0
330	77	20	0.0	0	3133	0
330	78	17	0.0	0	3133	0
330	95	2	0.0	0	3133	0
330	98	6	0.0	0	3133	0
330	99	31	0.0	0	3133	0
331	3	3	0.0	0	3133	0
331	6	12	0.0	0	3133	0
331	7	19	0.0	0	3133	0
331	7	24	0.0	0	3133	0
331	8	22	0.0	0	3133	0
331	14	27	0.0	0	3133	0
331	15	19	0.0	0	3133	0
331	18	26	0.0	0	3133	0
331	20	8	0.0	0	3133	0
331	20	10	0.0	0	3133	0
331	22	19	0.0	0	3133	0
331	22	25	0.0	0	3133	0
331	32	29	0.0	0	3133	0
331	46	26	0.0	0	3133	0
331	47	2	0.0	0	3133	0
331	49	14	0.0	0	3133	0
331	51	2	0.0	0	3133	0
331	58	10	0.0	0	3133	0
331	65	8	0.0	0	3133	0
331	68	24	0.0	0	3133	0
331	80	20	0.0	0	3133	0
331	80	24	0.0	0	3133	0
331	82	7	0.0	0	3133	0
331	82	12	0.0	0	3133	0
331	87	18	0.0	0	3133	0
331	99	17	0.0	0	3133	0
332	2	17	0.0	0	3133	0
332	8	15	0.0	0	3133	0
332	10	20	0.0	0	3133	0
332	14	2	0.0	0	3133	0
332	16	8	0.0	0	3133	0
332	28	16	0.0	0	3133	0
332	28	21	0.0	0	3133	0
332	35	18	0.0	0	3133	0
332	42	9	0.0	0	3133	0
332	43	1	0.0	0	3133	0
332	49	4	0.0	0	3133	0
332	49	22	0.0	0	3133	0
332	50	13	0.0	0	3133	0
332	56	26	0.0	0	3133	0
332	63	18	0.0	0	3133	0
332	64	6	0.0	0	3133	0
332	65	19	0.0	0	3133	0
332	76	15	0.0	0	3133	0
332	78	2	0.0	0	3133	0
332	79	7	0.0	0	3133	0
332	93	16	0.0	0	3133	0
332	96	0	0.0	0	3133	0
333	0	12	0.0	0	3133	0
333	5	0	0.0	0	3133	0
333	9	13	0.0	0	3133	0
333	10	23	0.0	0	3133	0
333	11	25	0.0	0	3133	0
333	13	30	0.0	0	3133	0
333	16	15	0.0	0	3133	0
333	16	24	0.0	0	3133	0
333	17	25	0.0	0	3133	0
333	27	20	0.0	0	3133	0
333	28	14	0.0	0	3133	0
333	32	16	0.0	0	3133	0
333	46	18	0.0	0	3133	0
333	55	20	0.0	0	3133	0
333	58	11	0.0	0	3133	0
333	59	13	0.0	0	3133	0
333	62	10	0.0	0	3133	0
333	64	2	0.0	0	3133	0
333	73	7	0.0	0	3133	0
333	80	15	0.0	0	3133	0
333	81	14	0.0	0	3133	0
333	81	25	0.0	0	3133	0
333	87	31	0.0	0	3133	0
333	95	15	0.0	0	3133	0
334	0	8	0.0	0	3133	0
334	5	21	0.0	0	3133	0
334	5	28	0.0	0	3133	0
334	10	9	0.0	0	3133	0
334	13	0	0.0	0	3133	0
334	16	6	0.0	0	3133	0
334	17	2	0.0	0	3133	0
334	20	3	0.0	0	3133	0
334	21	15	0.0	0	3133	0
334	24	17	0.0	0	3133	0
334	35	16	0.0	0	3133	0
334	37	1	0.0	0	3133	0
334	43	17	0.0	0	3133	0
334	50	4	0.0	0	3133	0
334	50	16	0.0	0	3133	0
334	57	24	0.0	0	3133	0
334	64	16	0.0	0	3133	0
334	66	20	0.0	0	3133	0
334	66	22	0.0	0	3133	0
334	83	10	0.0	0	3133	0
334	83	13	0.0	0	3133	0
334	85	16	0.0	0	3133	0
334	86	27	0.0	0	3133	0
334	90	24	0.0	0	3133	0
334	91	14	0.0	0	3133	0
334	94	4	0.0	0	3133	0
334	95	0	0.0	0	3133	0
334	99	18	0.0	0	3133	0
335	1	18	0.0	0	3133	0
335	8	12	0.0	0	3133	0
335	14	20	0.0	0	3133	0
335	18	3	0.0	0	3133	0
335	26	29	0.0	0	3133	0
335	33	26	0.0	0	3133	0
335	41	8	0.0	0	3133	0
335	43	8	0.0	0	3133	0
335	43	11	0.0	0	3133	0
335	43	27	0.0	0	3133	0
335	46	15	0.0	0	3133	0
335	63	3	0.0	0	3133	0
335	66	23	0.0	0	3133	0
335	68	2	0.0	0	3133	0
335	76	20	0.0	0	3133	0
335	81	8	0.0	0	3133	0
335	87	23	0.0	0	3133	0
335	91	6	0.0	0	3133	0
335	92	20	0.0	0	3133	0
335	100	11	0.0	0	3133	0
336	0	26	0.0	0	3133	0
336	6	0	0.0	0	3133	0
336	14	28	0.0	0	3133	0
336	19	24	0.0	0	3133	0
336	27	13	0.0	0	3133	0
336	28	24	0.0	0	3133	0
336	38	7	0.0	0	3133	0
336	45	2	0.0	0	3133	0
336	54	8	0.0	0	3133	0
336	55	13	0.0	0	3133	0
336	60	6	0.0	0	3133	0
336	62	26	0.0	0	3133	0
336	63	18	0.0	0	3133	0
336	66	17	0.0	0	3133	0
336	67	0	0.0	0	3133	0
336	67	4	0.0	0	3133	0
336	67	20	0.0	0	3133	0
336	69	8	0.0	0	3133	0
336	69	23	0.0	0	3133	0
336	73	14	0.0	0	3133	0
336	73	25	0.0	0	3133	0
336	75	29	0.0	0	3133	0
336	75	31	0.0	0	3133	0
336	90	29	0.0	0	3133	0
336	96	21	0.0	0	3133	0
337	12	27	0.0	0	3133	0
337	13	12	0.0	0	3133	0
337	15	31	0.0	0	3133	0
337	18	11	0.0	0	3133	0
337	21	11	0.0	0	3133	0
337	23	25	0.0	0	3133	0
337	28	7	0.0	0	3133	0
337	33	0	0.0	0	3133	0
337	33	1	0.0	0	3133	0
337	33	21	0.0	0	3133	0
337	35	7	0.0	0	3133	0
337	42	24	0.0	0	3133	0
337	55	22	0.0	0	3133	0
337	58	14	0.0	0	3133	0
337	64	4	0.0	0	3133	0
337	71	20	0.0	0	3133	0
337	79	27	0.0	0	3133	0
337	80	27	0.0	0	3133	0
337	81	28	0.0	0	3133	0
337	85	5	0.0	0	3133	0
337	89	9	0.0	0	3133	0
337	100	17	0.0	0	3133	0
338	10	1	0.0	0	3133	0
338	12	3	0.0	0	3133	0
338	18	21	0.0	0	3133	0
338	23	22	0.0	0	3133	0
338	27	1	0.0	0	3133	0
338	28	10	0.0	0	3133	0
338	28	15	0.0	0	3133	0
338	28	18	0.0	0	3133	0
338	29	10	0.0	0	3133	0
338	32	19	0.0	0	3133	0
338	39	29	0.0	0	3133	0
338	44	16	0.0	0	3133	0
338	50	1	0.0	0	3133	0
338	51	12	0.0	0	3133	0
338	51	13	0.0	0	3133	0
338	51	31	0.0	0	3133	0
338	52	28	0.0	0	3133	0
338	53	17	0.0	0	3133	0
338	55	16	0.0	0	3133	0
338	56	2	0.0	0	3133	0
338	62	8	0.0	0	3133	0
338	63	23	0.0	0	3133	0
338	73	19	0.0	0	3133	0
338	75	3	0.0	0	3133	0
338	76	16	0.0	0	3133	0
338	78	9	0.0	0	3133	0
338	82	22	0.0	0	3133	0
338	84	2	0.0	0	3133	0
338	85	10	0.0	0	3133	0
338	88	0	0.0	0	3133	0
338	88	22	0.0	0	3133	0
338	89	6	0.0	0	3133	0
338	96	10	0.0	0	3133	0
339	4	16	0.0	0	3133	0
339	7	19	0.0	0	3133	0
339	13	23	0.0	0	3133	0
339	19	16	0.0	0	3133	0
339	30	12	0.0	0	3133	0
339	32	17	0.0	0	3133	0
339	34	24	0.0	0	3133	0
339	37	12	0.0	0	3133	0
339	38	4	0.0	0	3133	0
339	40	0	0.0	0	3133	0
339	44	3	0.0	0	3133	0
339	44	31	0.0	0	3133	0
339	51	11	0.0	0	3133	0
339	58	11	0.0	0	3133	0
339	60	3	0.0	0	3133	0
339	75	11	0.0	0	3133	0
339	75	23	0.0	0	3133	0
339	96	17	0.0	0	3133	0
339	98	20	0.0	0	3133	0
339	98	25	0.0	0	3133	0
339	99	15	0.0	0	3133	0
340	5	27	0.0	0	3133	0
340	12	13	0.0	0	3133	0
340	15	23	0.0	0	3133	0
340	20	3	0.0	0	3133	0
340	20	31	0.0	0	3133	0
340	30	8	0.0	0	3133	0
340	32	14	0.0	0	3133	0
340	33	5	0.0	0	3133	0
340	37	16	0.0	0	3133	0
340	38	6	0.0	0	3133	0
340	40	13	0.0	0	3133	0
340	42	11	0.0	0	3133	0
340	46	20	0.0	0	3133	0
340	55	7	0.0	0	3133	0
340	55	24	0.0	0	3133	0
340	60	11	0.0	0	3133	0
340	60	30	0.0	0	3133	0
340	61	4	0.0	0	3133	0
340	68	20	0.0	0	3133	0
340	75	16	0.0	0	3133	0
340	83	15	0.0	0	3133	0
340	96	30	0.0	0	3133	0
340	99	17	0.0	0	3133	0
341	3	1	0.0	0	3133	0
341	5	12	0.0	0	3133	0
341	9	1	0.0	0	3133	0
341	11	12	0.0	0	3133	0
341	11	17	0.0	0	3133	0
341	13	3	0.0	0	3133	0
341	16	31	0.0	0	3133	0
341	20	3	0.0	0	3133	0
341	21	2	0.0	0	3133	0
341	39	0	0.0	0	3133	0
341	39	21	0.0	0	3133	0
341	41	30	0.0	0	3133	0
341	44	6	0.0	0	3133	0
341	45	6	0.0	0	3133	0
341	60	11	0.0	0	3133	0
341	65	29	0.0	0	3133	0
341	91	11	0.0	0	3133	0
342	7	8	0.0	0	3133	0
342	10	7	0.0	0	3133	0
342	12	12	0.0	0	3133	0
342	24	29	0.0	0	3133	0
342	28	12	0.0	0	3133	0
342	36	20	0.0	0	3133	0
342	42	9	0.0	0	3133	0
342	54	31	0.0	0	3133	0
342	55	31	0.0	0	3133	0
342	59	17	0.0	0	3133	0
342	59	20	0.0	0	3133	0
342	68	17	0.0	0	3133	0
342	82	24	0.0	0	3133	0
342	95	2	0.0	0	3133	0
342	96	29	0.0	0	3133	0
342	98	25	0.0	0	3133	0
342	100	0	0.0	0	3133	0
343	0	10	0.0	0	3133	0
343	2	0	0.0	0	3133	0
343	6	14	0.0	0	3133	0
343	7	10	0.0	0	3133	0
343	16	20	0.0	0	3133	0
343	18	28	0.0	0	3133	0
343	20	2	0.0	0	3133	0
343	22	2	0.0	0	3133	0
343	22	26	0.0	0	3133	0
343	23	6	0.0	0	3133	0
343	23	29	0.0	0	3133	0
343	31	20	0.0	0	3133	0
343	35	2	0.0	0	3133	0
343	40	29	0.0	0	3133	0
343	41	9	0.0	0	3133	0
343	44	16	0.0	0	3133	0
343	49	10	0.0	0	3133	0
343	53	11	0.0	0	3133	0
343	53	24	0.0	0	3133	0
343	59	19	0.0	0	3133	0
343	60	23	0.0	0	3133	0
343	62	1	0.0	0	3133	0
343	70	17	0.0	0	3133	0
343	76	27	0.0	0	3133	0
343	77	31	0.0	0	3133	0
343	79	9	0.0	0	3133	0
343	79	23	0.0	0	3133	0
343	81	13	0.0	0	3133	0
343	82	12	0.0	0	3133	0
343	94	1	0.0	0	3133	0
343	98	30	0.0	0	3133	0
343	100	29	0.0	0	3133	0
344	2	15	0.0	0	3133	0
344	5	18	0.0	0	3133	0
344	14	13	0.0	0	3133	0
344	15	11	0.0	0	3133	0
344	15	24	0.0	0	3133	0
344	15	25	0.0	0	3133	0
344	16	14	0.0	0	3133	0
344	19	6	0.0	0	3133	0
344	26	2	0.0	0	3133	0
344	27	15	0.0	0	3133	0
344	28	13	0.0	0	3133	0
344	29	12	0.0	0	3133	0
344	36	12	0.0	0	3133	0
344	43	27	0.0	0	3133	0
344	48	11	0.0	0	3133	0
344	51	13	0.0	0	3133	0
344	52	5	0.0	0	3133	0
344	61	21	0.0	0	3133	0
344	68	2	0.0	0	3133	0
344	69	23	0.0	0	3133	0
344	73	5	0.0	0	3133	0
344	73	28	0.0	0	3133	0
344	75	23	0.0	0	3133	0
344	77	2	0.0	0	3133	0
344	84	0	0.0	0	3133	0
345	6	5	0.0	0	3133	0
345	17	22	0.0	0	3133	0
345	30	18	0.0	0	3133	0
345	48	3	0.0	0	3133	0
345	49	11	0.0	0	3133	0
345	57	15	0.0	0	3133	0
345	61	22	0.0	0	3133	0
345	69	3	0.0	0	3133	0
345	83	0	0.0	0	3133	0
345	88	11	0.0	0	3133	0
345	92	30	0.0	0	3133	0
345	97	26	0.0	0	3133	0
346	2	16	0.0	0	3133	0
346	4	16	0.0	0	3133	0
346	10	4	0.0	0	3133	0
346	13	28	0.0	0	3133	0
346	25	3	0.0	0	3133	0
346	37	16	0.0	0	3133	0
346	42	24	0.0	0	3133	0
346	45	26	0.0	0	3133	0
346	49	26	0.0	0	3133	0
346	49	30	0.0	0	3133	0
346	53	0	0.0	0	3133	0
346	59	13	0.0	0	3133	0
346	59	16	0.0	0	3133	0
346	63	2	0.0	0	3133	0
346	69	7	0.0	0	3133	0
346	75	1	0.0	0	3133	0
346	77	28	0.0	0	3133	0
346	81	3	0.0	0	3133	0
346	82	20	0.0	0	3133	0
346	82	23	0.0	0	3133	0
346	83	25	0.0	0	3133	0
346	86	14	0.0	0	3133	0
346	88	9	0.0	0	3133	0
346	88	15	0.0	0	3133	0
346	90	13	0.0	0	3133	0
347	13	6	0.0	0	3133	0
347	16	15	0.0	0	3133	0
347	21	31	0.0	0	3133	0
347	25	23	0.0	0	3133	0
347	28	25	0.0	0	3133	0
347	35	18	0.0	0	3133	0
347	44	30	0.0	0	3133	0
347	48	27	0.0	0	3133	0
347	71	15	0.0	0	3133	0
347	74	5	0.0	0	3133	0
347	75	16	0.0	0	3133	0
347	77	11	0.0	0	3133	0
347	77	23	0.0	0	3133	0
347	80	15	0.0	0	3133	0
347	87	12	0.0	0	3133	0
347	88	14	0.0	0	3133	0
347	99	17	0.0	0	3133	0
347	100	24	0.0	0	3133	0
348	0	13	0.0	0	3133	0
348	3	5	0.0	0	3133	0
348	8	8	0.0	0	3133	0
348	8	25	0.0	0	3133	0
348	13	21	0.0	0	3133	0
348	15	19	0.0	0	3133	0
348	32	0	0.0	0	3133	0
348	33	7	0.0	0	3133	0
348	34	25	0.0	0	3133	0
348	43	5	0.0	0	3133	0
348	57	3	0.0	0	3133	0
348	59	0	0.0	0	3133	0
348	64	21	0.0	0	3133	0
348	73	26	0.0	0	3133	0
348	76	31	0.0	0	3133	0
348	84	10	0.0	0	3133	0
348	88	0	0.0	0	3133	0
348	91	5	0.0	0	3133	0
348	94	25	0.0	0	3133	0
348	97	24	0.0	0	3133	0
348	98	23	0.0	0	3133	0
348	100	7	0.0	0	3133	0
349	0	27	0.0	0	3133	0
349	1	30	0.0	0	3133	0
349	2	22	0.0	0	3133	0
349	3	27	0.0	0	3133	0
349	12	7	0.0	0	3133	0
349	20	19	0.0	0	3133	0
349	25	8	0.0	0	3133	0
349	28	13	0.0	0	3133	0
349	39	23	0.0	0	3133	0
349	40	8	0.0	0	3133	0
349	40	30	0.0	0	3133	0
349	41	28	0.0	0	3133	0
349	48	6	0.0	0	3133	0
349	49	28	0.0	0	3133	0
349	53	7	0.0	0	3133	0
349	61	20	0.0	0	3133	0
349	80	7	0.0	0	3133	0
349	84	25	0.0	0	3133	0
349	91	0	0.0	0	3133	0
349	95	22	0.0	0	3133	0
350	2	30	0.0	0	3133	0
350	3	11	0.0	0	3133	0
350	9	3	0.0	0	3133	0
350	14	25	0.0	0	3133	0
350	16	20	0.0	0	3133	0
350	18	27	0.0	0	3133	0
350	25	2	0.0	0	3133	0
350	25	18	0.0	0	3133	0
350	28	12	0.0	0	3133	0
350	37	13	0.0	0	3133	0
350	40	13	0.0	0	3133	0
350	44	29	0.0	0	3133	0
350	51	29	0.0	0	3133	0
350	52	14	0.0	0	3133	0
350	63	17	0.0	0	3133	0
350	64	20	0.0	0	3133	0
350	69	22	0.0	0	3133	0
350	71	4	0.0	0	3133	0
350	77	2	0.0	0	3133	0
350	77	3	0.0	0	3133	0
350	83	2	0.0	0	3133	0
350	93	29	0.0	0	3133	0
350	94	27	0.0	0	3133	0
350	98	2	0.0	0	3133	0
351	5	13	0.0	0	3133	0
351	7	2	0.0	0	3133	0
351	13	26	0.0	0	3133	0
351	16	10	0.0	0	3133	0
351	18	12	0.0	0	3133	0
351	32	20	0.0	0	3133	0
351	36	14	0.0	0	3133	0
351	43	19	0.0	0	3133	0
351	45	22	0.0	0	3133	0
351	49	19	0.0	0	3133	0
351	51	24	0.0	0	3133	0
351	63	29	0.0	0	3133	0
351	64	5	0.0	0	3133	0
351	64	12	0.0	0	3133	0
351	66	9	0.0	0	3133	0
351	74	4	0.0	0	3133	0
351	79	23	0.0	0	3133	0
351	81	11	0.0	0	3133	0
351	82	14	0.0	0	3133	0
351	83	25	0.0	0	3133	0
351	89	7	0.0	0	3133	0
351	92	27	0.0	0	3133	0
351	93	22	0.0	0	3133	0
351	96	27	0.0	0	3133	0
351	97	11	0.0	0	3133	0
351	99	2	0.0	0	3133	0
352	7	25	0.0	0	3133	0
352	9	7	0.0	0	3133	0
352	28	4	0.0	0	3133	0
352	37	8	0.0	0	3133	0
352	41	16	0.0	0	3133	0
352	61	16	0.0	0	3133	0
352	64	29	0.0	0	3133	0
352	67	4	0.0	0	3133	0
352	72	23	0.0	0	3133	0
352	75	14	0.0	0	3133	0
352	76	4	0.0	0	3133	0
352	94	3	0.0	0	3133	0
352	95	18	0.0	0	3133	0
353	0	6	0.0	0	3133	0
353	5	10	0.0	0	3133	0
353	13	25	0.0	0	3133	0
353	17	22	0.0	0	3133	0
353	21	30	0.0	0	3133	0
353	24	28	0.0	0	3133	0
353	45	27	0.0	0	3133	0
353	52	23	0.0	0	3133	0
353	53	19	0.0	0	3133	0
353	57	20	0.0	0	3133	0
353	58	23	0.0	0	3133	0
353	72	13	0.0	0	3133	0
353	81	30	0.0	0	3133	0
353	86	27	0.0	0	3133	0
353	93	26	0.0	0	3133	0
353	94	19	0.0	0	3133	0
353	96	18	0.0	0	3133	0
354	0	23	0.0	0	3133	0
354	3	0	0.0	0	3133	0
354	8	8	0.0	0	3133	0
354	14	30	0.0	0	3133	0
354	15	29	0.0	0	3133	0
354	25	12	0.0	0	3133	0
354	26	20	0.0	0	3133	0
354	33	10	0.0	0	3133	0
354	44	22	0.0	0	3133	0
354	46	24	0.0	0	3133	0
354	52	7	0.0	0	3133	0
354	57	28	0.0	0	3133	0
354	59	15	0.0	0	3133	0
354	65	15	0.0	0	3133	0
354	67	6	0.0	0	3133	0
354	71	15	0.0	0	3133	0
354	72	12	0.0	0	3133	0
354	72	21	0.0	0	3133	0
354	80	23	0.0	0	3133	0
354	84	19	0.0	0	3133	0
354	95	13	0.0	0	3133	0
354	95	27	0.0	0	3133	0
355	7	24	0.0	0	3133	0
355	14	23	0.0	0	3133	0
355	15	7	0.0	0	3133	0
355	31	14	0.0	0	3133	0
355	53	8	0.0	0	3133	0
355	56	29	0.0	0	3133	0
355	57	2	0.0	0	3133	0
355	60	1	0.0	0	3133	0
355	65	25	0.0	0	3133	0
355	66	29	0.0	0	3133	0
355	70	18	0.0	0	3133	0
355	73	22	0.0	0	3133	0
355	78	3	0.0	0	3133	0
355	79	31	0.0	0	3133	0
355	80	15	0.0	0	3133	0
355	83	21	0.0	0	3133	0
355	84	6	0.0	0	3133	0
355	86	12	0.0	0	3133	0
355	99	21	0.0	0	3133	0
355	99	23	0.0	0	3133	0
356	0	7	0.0	0	3133	0
356	2	3	0.0	0	3133	0
356	7	18	0.0	0	3133	0
356	16	28	0.0	0	3133	0
356	18	23	0.0	0	3133	0
356	22	7	0.0	0	3133	0
356	22	21	0.0	0	3133	0
356	24	30	0.0	0	3133	0
356	25	0	0.0	0	3133	0
356	25	2	0.0	0	3133	0
356	26	10	0.0	0	3133	0
356	30	0	0.0	0	3133	0
356	35	5	0.0	0	3133	0
356	42	24	0.0	0	3133	0
356	42	29	0.0	0	3133	0
356	46	18	0.0	0	3133	0
356	60	16	0.0	0	3133	0
356	78	13	0.0	0	3133	0
356	82	11	0.0	0	3133	0
357	3	7	0.0	0	3133	0
357	3	25	0.0	0	3133	0
357	4	19	0.0	0	3133	0
357	10	4	0.0	0	3133	0
357	10	8	0.0	0	3133	0
357	14	11	0.0	0	3133	0
357	16	7	0.0	0	3133	0
357	21	0	0.0	0	3133	0
357	24	10	0.0	0	3133	0
357	24	29	0.0	0	3133	0
357	24	30	0.0	0	3133	0
357	32	31	0.0	0	3133	0
357	33	31	0.0	0	3133	0
357	35	16	0.0	0	3133	0
357	50	28	0.0	0	3133	0
357	56	13	0.0	0	3133	0
357	56	17	0.0	0	3133	0
357	57	1	0.0	0	3133	0
357	64	5	0.0	0	3133	0
357	69	8	0.0	0	3133	0
357	70	10	0.0	0	3133	0
357	73	3	0.0	0	3133	0
357	79	12	0.0	0	3133	0
357	83	18	0.0	0	3133	0
357	91	21	0.0	0	3133	0
357	96	15	0.0	0	3133	0
357	96	17	0.0	0	3133	0
358	3	25	0.0	0	3133	0
358	5	10	0.0	0	3133	0
358	6	5	0.0	0	3133	0
358	7	12	0.0	0	3133	0
358	8	12	0.0	0	3133	0
358	8	19	0.0	0	3133	0
358	16	8	0.0	0	3133	0
358	16	20	0.0	0	3133	0
358	45	0	0.0	0	3133	0
358	48	1	0.0	0	3133	0
358	50	17	0.0	0	3133	0
358	51	18	0.0	0	3133	0
358	56	12	0.0	0	3133	0
358	56	13	0.0	0	3133	0
358	64	6	0.0	0	3133	0
358	69	6	0.0	0	3133	0
358	72	21	0.0	0	3133	0
358	75	0	0.0	0	3133	0
358	75	21	0.0	0	3133	0
358	82	18	0.0	0	3133	0
358	90	6	0.0	0	3133	0
358	90	30	0.0	0	3133	0
358	99	1	0.0	0	3133	0
358	99	17	0.0	0	3133	0
359	5	2	0.0	0	3133	0
359	16	2	0.0	0	3133	0
359	19	10	0.0	0	3133	0
359	36	6	0.0	0	3133	0
359	51	23	0.0	0	3133	0
359	58	3	0.0	0	3133	0
359	78	12	0.0	0	3133	0
359	78	24	0.0	0	3133	0
359	80	6	0.0	0	3133	0
359	84	15	0.0	0	3133	0
359	84	22	0.0	0	3133	0
359	85	16	0.0	0	3133	0
359	87	1	0.0	0	3133	0
359	94	21	0.0	0	3133	0
359	96	2	0.0	0	3133	0
359	96	7	0.0	0	3133	0
359	96	12	0.0	0	3133	0
359	97	10	0.0	0	3133	0
359	99	22	0.0	0	3133	0
360	3	4	0.0	0	3133	0
360	11	14	0.0	0	3133	0
360	39	1	0.0	0	3133	0
360	46	27	0.0	0	3133	0
360	49	2	0.0	0	3133	0
360	63	20	0.0	0	3133	0
360	69	19	0.0	0	3133	0
360	73	25	0.0	0	3133	0
360	77	14	0.0	0	3133	0
360	79	14	0.0	0	3133	0
360	83	9	0.0	0	3133	0
360	95	9	0.0	0	3133	0
360	98	18	0.0	0	3133	0
361	7	2	0.0	0	3133	0
361	8	20	0.0	0	3133	0
361	12	26	0.0	0	3133	0
361	13	7	0.0	0	3133	0
361	17	15	0.0	0	3133	0
361	20	14	0.0	0	3133	0
361	22	31	0.0	0	3133	0
361	37	29	0.0	0	3133	0
361	40	8	0.0	0	3133	0
361	46	20	0.0	0	3133	0
361	50	8	0.0	0	3133	0
361	58	11	0.0	0	3133	0
361	66	2	0.0	0	3133	0
361	77	0	0.0	0	3133	0
361	80	20	0.0	0	3133	0
361	83	12	0.0	0	3133	0
361	85	29	0.0	0	3133	0
361	88	8	0.0	0	3133	0
361	89	21	0.0	0	3133	0
361	91	15	0.0	0	3133	0
361	97	20	0.0	0	3133	0
361	100	22	0.0	0	3133	0
362	0	20	0.0	0	3133	0
362	10	15	0.0	0	3133	0
362	15	17	0.0	0	3133	0
362	16	21	0.0	0	3133	0
362	18	0	0.0	0	3133	0
362	21	30	0.0	0	3133	0
362	23	5	0.0	0	3133	0
362	33	14	0.0	0	3133	0
362	34	19	0.0	0	3133	0
362	37	24	0.0	0	3133	0
362	52	0	0.0	0	3133	0
362	66	29	0.0	0	3133	0
362	73	8	0.0	0	3133	0
362	73	31	0.0	0	3133	0
362	77	23	0.0	0	3133	0
362	78	23	0.0	0	3133	0
362	80	5	0.0	0	3133	0
362	86	30	0.0	0	3133	0
362	93	4	0.0	0	3133	0
362	97	7	0.0	0	3133	0
362	97	23	0.0	0	3133	0
362	99	21	0.0	0	3133	0
363	1	29	0.0	0	3133	0
363	5	5	0.0	0	3133	0
363	8	11	0.0	0	3133	0
363	9	6	0.0	0	3133	0
363	14	26	0.0	0	3133	0
363	21	14	0.0	0	3133	0
363	33	2	0.0	0	3133	0
363	34	6	0.0	0	3133	0
363	37	14	0.0	0	3133	0
363	49	8	0.0	0	3133	0
363	64	30	0.0	0	3133	0
363	67	4	0.0	0	3133	0
363	69	28	0.0	0	3133	0
363	71	11	0.0	0	3133	0
363	76	3	0.0	0	3133	0
363	79	13	0.0	0	3133	0
363	81	26	0.0	0	3133	0
363	87	15	0.0	0	3133	0
364	2	14	0.0	0	3133	0
364	8	27	0.0	0	3133	0
364	11	4	0.0	0	3133	0
364	11	30	0.0	0	3133	0
364	13	11	0.0	0	3133	0
364	14	11	0.0	0	3133	0
364	19	2	0.0	0	3133	0
364	24	17	0.0	0	3133	0
364	27	0	0.0	0	3133	0
364	27	22	0.0	0	3133	0
364	36	3	0.0	0	3133	0
364	44	8	0.0	0	3133	0
364	46	20	0.0	0	3133	0
364	48	9	0.0	0	3133	0
364	56	12	0.0	0	3133	0
364	58	18	0.0	0	3133	0
364	62	17	0.0	0	3133	0
364	63	12	0.0	0	3133	0
364	63	16	0.0	0	3133	0
364	64	10	0.0	0	3133	0
364	67	17	0.0	0	3133	0
364	75	31	0.0	0	3133	0
364	77	1	0.0	0	3133	0
364	81	24	0.0	0	3133	0
364	84	8	0.0	0	3133	0
364	88	9	0.0	0	3133	0
364	93	9	0.0	0	3133	0
364	94	3	0.0	0	3133	0
364	98	11	0.0	0	3133	0
365	6	19	0.0	0	3133	0
365	8	16	0.0	0	3133	0
365	8	25	0.0	0	3133	0
365	11	0	0.0	0	3133	0
365	16	1	0.0	0	3133	0
365	16	8	0.0	0	3133	0
365	17	19	0.0	0	3133	0
365	21	16	0.0	0	3133	0
365	22	4	0.0	0	3133	0
365	38	3	0.0	0	3133	0
365	41	22	0.0	0	3133	0
365	46	20	0.0	0	3133	0
365	51	7	0.0	0	3133	0
365	52	26	0.0	0	3133	0
365	56	26	0.0	0	3133	0
365	62	21	0.0	0	3133	0
365	70	11	0.0	0	3133	0
365	72	12	0.0	0	3133	0
365	80	12	0.0	0	3133	0
365	97	1	0.0	0	3133	0
365	97	29	0.0	0	3133	0
366	10	23	0.0	0	3133	0
366	13	12	0.0	0	3133	0
366	14	15	0.0	0	3133	0
366	25	9	0.0	0	3133	0
366	28	10	0.0	0	3133	0
366	39	0	0.0	0	3133	0
366	45	9	0.0	0	3133	0
366	47	18	0.0	0	3133	0
366	50	4	0.0	0	3133	0
366	53	25	0.0	0	3133	0
366	63	17	0.0	0	3133	0
366	75	6	0.0	0	3133	0
366	76	2	0.0	0	3133	0
366	81	11	0.0	0	3133	0
366	81	19	0.0	0	3133	0
366	83	12	0.0	0	3133	0
366	85	27	0.0	0	3133	0
366	86	4	0.0	0	3133	0
366	87	28	0.0	0	3133	0
366	89	27	0.0	0	3133	0
366	90	8	0.0	0	3133	0
366	95	1	0.0	0	3133	0
366	100	24	0.0	0	3133	0
367	3	23	0.0	0	3133	0
367	6	3	0.0	0	3133	0
367	19	15	0.0	0	3133	0
367	36	23	0.0	0	3133	0
367	38	26	0.0	0	3133	0
367	42	2	0.0	0	3133	0
367	43	16	0.0	0	3133	0
367	50	19	0.0	0	3133	0
367	66	15	0.0	0	3133	0
367	70	18	0.0	0	3133	0
367	74	3	0.0	0	3133	0
367	81	21	0.0	0	3133	0
367	84	11	0.0	0	3133	0
367	86	11	0.0	0	3133	0
367	93	0	0.0	0	3133	0
368	2	31	0.0	0	3133	0
368	6	27	0.0	0	3133	0
368	10	29	0.0	0	3133	0
368	15	11	0.0	0	3133	0
368	18	12	0.0	0	3133	0
368	23	11	0.0	0	3133	0
368	25	9	0.0	0	3133	0
368	43	0	0.0	0	3133	0
368	48	5	0.0	0	3133	0
368	50	0	0.0	0	3133	0
368	56	0	0.0	0	3133	0
368	57	24	0.0	0	3133	0
368	61	2	0.0	0	3133	0
368	63	8	0.0	0	3133	0
368	66	26	0.0	0	3133	0
368	68	3	0.0	0	3133	0
368	69	19	0.0	0	3133	0
368	71	10	0.0	0	3133	0
368	71	17	0.0	0	3133	0
368	76	23	0.0	0	3133	0
368	78	2	0.0	0	3133	0
368	88	17	0.0	0	3133	0
368	88	18	0.0	0	3133	0
368	94	20	0.0	0	3133	0
368	99	2	0.0	0	3133	0
369	5	3	0.0	0	3133	0
369	13	6	0.0	0	3133	0
369	13	18	0.0	0	3133	0
369	13	29	0.0	0	3133	0
369	15	26	0.0	0	3133	0
369	32	6	0.0	0	3133	0
369	40	12	0.0	0	3133	0
369	44	10	0.0	0	3133	0
369	48	5	0.0	0	3133	0
369	61	6	0.0	0	3133	0
369	62	13	0.0	0	3133	0
369	68	23	0.0	0	3133	0
369	70	30	0.0	0	3133	0
369	75	24	0.0	0	3133	0
369	76	20	0.0	0	3133	0
369	81	29	0.0	0	3133	0
369	87	17	0.0	0	3133	0
369	91	24	0.0	0	3133	0
369	91	29	0.0	0	3133	0
369	95	9	0.0	0	3133	0
370	10	3	0.0	0	3133	0
370	16	14	0.0	0	3133	0
370	23	16	0.0	0	3133	0
370	28	21	0.0	0	3133	0
370	33	15	0.0	0	3133	0
370	40	4	0.0	0	3133	0
370	50	14	0.0	0	3133	0
370	54	28	0.0	0	3133	0
370	57	19	0.0	0	3133	0
370	69	15	0.0	0	3133	0
370	71	20	0.0	0	3133	0
370	71	30	0.0	0	3133	0
370	73	0	0.0	0	3133	0
370	77	15	0.0	0	3133	0
370	83	26	0.0	0	3133	0
370	85	18	0.0	0	3133	0
370	90	18	0.0	0	3133	0
370	94	11	0.0	0	3133	0
370	97	9	0.0	0	3133	0
370	97	10	0.0	0	3133	0
370	97	27	0.0	0	3133	0
370	100	11	0.0	0	3133	0
371	0	26	0.0	0	3133	0
371	8	10	0.0	0	3133	0
371	8	23	0.0	0	3133	0
371	19	7	0.0	0	3133	0
371	25	4	0.0	0	3133	0
371	30	2	0.0	0	3133	0
371	38	8	0.0	0	3133	0
371	38	12	0.0	0	3133	0
371	43	5	0.0	0	3133	0
371	49	9	0.0	0	3133	0
371	52	10	0.0	0	3133	0
371	54	6	0.0	0	3133	0
371	55	31	0.0	0	3133	0
371	57	8	0.0	0	3133	0
371	60	22	0.0	0	3133	0
371	61	6	0.0	0	3133	0
371	63	17	0.0	0	3133	0
371	65	25	0.0	0	3133	0
371	65	30	0.0	0	3133	0
371	78	9	0.0	0	3133	0
371	83	22	0.0	0	3133	0
371	88	28	0.0	0	3133	0
371	90	30	0.0	0	3133	0
371	95	14	0.0	0	3133	0
372	5	6	0.0	0	3133	0
372	5	29	0.0	0	3133	0
372	10	3	0.0	0	3133	0
372	20	2	0.0	0	3133	0
372	23	31	0.0	0	3133	0
372	26	2	0.0	0	3133	0
372	30	30	0.0	0	3133	0
372	32	27	0.0	0	3133	0
372	35	1	0.0	0	3133	0
372	36	30	0.0	0	3133	0
372	37	18	0.0	0	3133	0
372	37	23	0.0	0	3133	0
372	41	28	0.0	0	3133	0
372	43	19	0.0	0	3133	0
372	50	24	0.0	0	3133	0
372	59	25	0.0	0	3133	0
372	67	12	0.0	0	3133	0
372	88	11	0.0	0	3133	0
372	95	19	0.0	0	3133	0
372	100	13	0.0	0	3133	0
373	2	12	0.0	0	3133	0
373	3	21	0.0	0	3133	0
373	10	11	0.0	0	3133	0
373	11	19	0.0	0	3133	0
373	15	2	0.0	0	3133	0
373	23	2	0.0	0	3133	0
373	23	27	0.0	0	3133	0
373	31	19	0.0	0	3133	0
373	33	24	0.0	0	3133	0
373	36	29	0.0	0	3133	0
373	38	8	0.0	0	3133	0
373	41	2	0.0	0	3133	0
373	42	5	0.0	0	3133	0
373	45	30	0.0	0	3133	0
373	48	31	0.0	0	3133	0
373	49	2	0.0	0	3133	0
373	50	22	0.0	0	3133	0
373	51	8	0.0	0	3133	0
373	54	27	0.0	0	3133	0
373	56	11	0.0	0	3133	0
373	57	18	0.0	0	3133	0
373	60	13	0.0	0	3133	0
373	60	28	0.0	0	3133	0
373	62	25	0.0	0	3133	0
373	70	6	0.0	0	3133	0
373	76	15	0.0	0	3133	0
373	80	5	0.0	0	3133	0
373	80	20	0.0	0	3133	0
373	82	18	0.0	0	3133	0
373	90	7	0.0	0	3133	0
373	94	29	0.0	0	3133	0
374	0	30	0.0	0	3133	0
374	1	22	0.0	0	3133	0
374	15	22	0.0	0	3133	0
374	18	6	0.0	0	3133	0
374	29	4	0.0	0	3133	0
374	45	1	0.0	0	3133	0
374	49	4	0.0	0	3133	0
374	50	24	0.0	0	3133	0
374	60	19	0.0	0	3133	0
374	61	21	0.0	0	3133	0
374	70	22	0.0	0	3133	0
374	72	8	0.0	0	3133	0
374	87	31	0.0	0	3133	0
374	88	8	0.0	0	3133	0
374	90	24	0.0	0	3133	0
374	90	26	0.0	0	3133	0
374	91	3	0.0	0	3133	0
374	99	22	0.0	0	3133	0
375	1	7	0.0	0	3133	0
375	7	27	0.0	0	3133	0
375	7	28	0.0	0	3133	0
375	7	30	0.0	0	3133	0
375	18	0	0.0	0	3133	0
375	18	25	0.0	0	3133	0
375	26	5	0.0	0	3133	0
375	34	15	0.0	0	3133	0
375	40	0	0.0	0	3133	0
375	40	2	0.0	0	3133	0
375	40	23	0.0	0	3133	0
375	42	12	0.0	0	3133	0
375	44	25	0.0	0	3133	0
375	45	19	0.0	0	3133	0
375	46	21	0.0	0	3133	0
375	48	3	0.0	0	3133	0
375	52	31	0.0	0	3133	0
375	65	30	0.0	0	3133	0
375	66	10	0.0	0	3133	0
375	67	10	0.0	0	3133	0
375	75	22	0.0	0	3133	0
375	79	7	0.0	0	3133	0
375	84	3	0.0	0	3133	0
375	92	11	0.0	0	3133	0
376	0	12	0.0	0	3133	0
376	0	22	0.0	0	3133	0
376	9	16	0.0	0	3133	0
376	12	1	0.0	0	3133	0
376	12	10	0.0	0	3133	0
376	19	27	0.0	0	3133	0
376	26	11	0.0	0	3133	0
376	29	20	0.0	0	3133	0
376	31	7	0.0	0	3133	0
376	32	6	0.0	0	3133	0
376	37	19	0.0	0	3133	0
376	48	4	0.0	0	3133	0
376	50	25	0.0	0	3133	0
376	71	10	0.0	0	3133	0
376	72	20	0.0	0	3133	0
376	73	8	0.0	0	3133	0
376	80	4	0.0	0	3133	0
376	84	24	0.0	0	3133	0
377	16	24	0.0	0	3133	0
377	18	27	0.0	0	3133	0
377	22	15	0.0	0	3133	0
377	30	5	0.0	0	3133	0
377	31	7	0.0	0	3133	0
377	31	12	0.0	0	3133	0
377	33	7	0.0	0	3133	0
377	48	14	0.0	0	3133	0
377	50	11	0.0	0	3133	0
377	61	6	0.0	0	3133	0
377	71	0	0.0	0	3133	0
377	72	30	0.0	0	3133	0
377	74	27	0.0	0	3133	0
377	86	11	0.0	0	3133	0
378	0	27	0.0	0	3133	0
378	2	28	0.0	0	3133	0
378	10	7	0.0	0	3133	0
378	11	17	0.0	0	3133	0
378	17	17	0.0	0	3133	0
378	26	17	0.0	0	3133	0
378	30	13	0.0	0	3133	0
378	32	25	0.0	0	3133	0
378	45	13	0.0	0	3133	0
378	55	23	0.0	0	3133	0
378	57	16	0.0	0	3133	0
378	65	11	0.0	0	3133	0
378	77	29	0.0	0	3133	0
378	81	15	0.0	0	3133	0
378	83	28	0.0	0	3133	0
378	84	2	0.0	0	3133	0
378	90	9	0.0	0	3133	0
378	92	14	0.0	0	3133	0
378	92	15	0.0	0	3133	0
378	96	25	0.0	0	3133	0
378	96	27	0.0	0	3133	0
378	98	18	0.0	0	3133	0
378	98	25	0.0	0	3133	0
378	98	26	0.0	0	3133	0
379	1	30	0.0	0	3133	0
379	4	9	0.0	0	3133	0
379	11	25	0.0	0	3133	0
379	27	14	0.0	0	3133	0
379	28	17	0.0	0	3133	0
379	31	3	0.0	0	3133	0
379	31	13	0.0	0	3133	0
379	38	5	0.0	0	3133	0
379	43	12	0.0	0	3133	0
379	43	31	0.0	0	3133	0
379	48	24	0.0	0	3133	0
379	50	28	0.0	0	3133	0
379	52	19	0.0	0	3133	0
379	57	7	0.0	0	3133	0
379	58	1	0.0	0	3133	0
379	70	16	0.0	0	3133	0
379	73	11	0.0	0	3133	0
379	78	23	0.0	0	3133	0
379	83	23	0.0	0	3133	0
379	86	27	0.0	0	3133	0
379	94	17	0.0	0	3133	0
379	98	5	0.0	0	3133	0
380	1	12	0.0	0	3133	0
380	9	24	0.0	0	3133	0
380	13	16	0.0	0	3133	0
380	16	1	0.0	0	3133	0
380	19	29	0.0	0	3133	0
380	20	0	0.0	0	3133	0
380	20	11	0.0	0	3133	0
380	21	31	0.0	0	3133	0
380	25	16	0.0	0	3133	0
380	27	5	0.0	0	3133	0
380	27	10	0.0	0	3133	0
380	43	9	0.0	0	3133	0
380	47	1	0.0	0	3133	0
380	53	2	0.0	0	3133	0
380	60	2	0.0	0	3133	0
380	61	15	0.0	0	3133	0
380	64	9	0.0	0	3133	0
380	66	16	0.0	0	3133	0
380	73	26	0.0	0	3133	0
380	75	22	0.0	0	3133	0
380	81	15	0.0	0	3133	0
380	92	6	0.0	0	3133	0
380	92	13	0.0	0	3133	0
380	93	17	0.0	0	3133	0
381	1	27	0.0	0	3133	0
381	3	22	0.0	0	3133	0
381	6	16	0.0	0	3133	0
381	12	28	0.0	0	3133	0
381	20	30	0.0	0	3133	0
381	22	4	0.0	0	3133	0
381	43	12	0.0	0	3133	0
381	47	9	0.0	0	3133	0
381	71	18	0.0	0	3133	0
381	73	4	0.0	0	3133	0
381	80	15	0.0	0	3133	0
381	81	19	0.0	0	3133	0
381	82	3	0.0	0	3133	0
381	82	16	0.0	0	3133	0
381	84	15	0.0	0	3133	0
381	87	9	0.0	0	3133	0
382	1	13	0.0	0	3133	0
382	8	18	0.0	0	3133	0
382	12	6	0.0	0	3133	0
382	17	28	0.0	0	3133	0
382	18	1	0.0	0	3133	0
382	24	5	0.0	0	3133	0
382	26	4	0.0	0	3133	0
382	27	16	0.0	0	3133	0
382	36	25	0.0	0	3133	0
382	48	24	0.0	0	3133	0
382	53	6	0.0	0	3133	0
382	54	15	0.0	0	3133	0
382	54	16	0.0	0	3133	0
382	55	30	0.0	0	3133	0
382	56	23	0.0	0	3133	0
382	56	24	0.0	0	3133	0
382	62	12	0.0	0	3133	0
382	62	17	0.0	0	3133	0
382	67	16	0.0	0	3133	0
382	69	8	0.0	0	3133	0
382	76	31	0.0	0	3133	0
382	80	11	0.0	0	3133	0
382	81	6	0.0	0	3133	0
382	86	6	0.0	0	3133	0
382	87	18	0.0	0	3133	0
382	91	2	0.0	0	3133	0
382	93	1	0.0	0	3133	0
382	100	19	0.0	0	3133	0
383	0	7	0.0	0	3133	0
383	2	17	0.0	0	3133	0
383	9	8	0.0	0	3133	0
383	12	24	0.0	0	3133	0
383	19	2	0.0	0	3133	0
383	20	4	0.0	0	3133	0
383	25	15	0.0	0	3133	0
383	28	8	0.0	0	3133	0
383	29	14	0.0	0	3133	0
383	33	13	0.0	0	3133	0
383	50	24	0.0	0	3133	0
383	64	15	0.0	0	3133	0
383	70	29	0.0	0	3133	0
383	71	8	0.0	0	3133	0
383	94	3	0.0	0	3133	0
383	94	19	0.0	0	3133	0
383	96	26	0.0	0	3133	0
383	98	23	0.0	0	3133	0
384	1	1	0.0	0	3133	0
384	3	16	0.0	0	3133	0
384	6	24	0.0	0	3133	0
384	11	1	0.0	0	3133	0
384	12	2	0.0	0	3133	0
384	13	5	0.0	0	3133	0
384	13	24	0.0	0	3133	0
384	17	7	0.0	0	3133	0
384	17	21	0.0	0	3133	0
384	22	31	0.0	0	3133	0
384	25	29	0.0	0	3133	0
384	28	14	0.0	0	3133	0
384	30	29	0.0	0	3133	0
384	34	29	0.0	0	3133	0
384	40	15	0.0	0	3133	0
384	44	12	0.0	0	3133	0
384	44	25	0.0	0	3133	0
384	46	14	0.0	0	3133	0
384	47	26	0.0	0	3133	0
384	53	15	0.0	0	3133	0
384	58	2	0.0	0	3133	0
384	60	18	0.0	0	3133	0
384	61	8	0.0	0	3133	0
384	64	0	0.0	0	3133	0
384	64	11	0.0	0	3133	0
384	67	19	0.0	0	3133	0
384	71	6	0.0	0	3133	0
384	72	14	0.0	0	3133	0
384	73	18	0.0	0	3133	0
384	76	8	0.0	0	3133	0
384	80	25	0.0	0	3133	0
384	81	9	0.0	0	3133	0
384	89	7	0.0	0	3133	0
384	89	14	0.0	0	3133	0
384	93	1	0.0	0	3133	0
384	96	22	0.0	0	3133	0
385	9	5	0.0	0	3133	0
385	13	7	0.0	0	3133	0
385	18	30	0.0	0	3133	0
385	25	13	0.0	0	3133	0
385	26	26	0.0	0	3133	0
385	28	18	0.0	0	3133	0
385	33	20	0.0	0	3133	0
385	39	18	0.0	0	3133	0
385	40	7	0.0	0	3133	0
385	40	19	0.0	0	3133	0
385	42	26	0.0	0	3133	0
385	47	10	0.0	0	3133	0
385	50	11	0.0	0	3133	0
385	64	9	0.0	0	3133	0
385	72	31	0.0	0	3133	0
385	91	11	0.0	0	3133	0
385	92	26	0.0	0	3133	0
385	96	3	0.0	0	3133	0
386	2	13	0.0	0	3133	0
386	9	27	0.0	0	3133	0
386	13	4	0.0	0	3133	0
386	22	26	0.0	0	3133	0
386	23	10	0.0	0	3133	0
386	37	26	0.0	0	3133	0
386	44	31	0.0	0	3133	0
386	49	25	0.0	0	3133	0
386	50	23	0.0	0	3133	0
386	56	12	0.0	0	3133	0
386	60	0	0.0	0	3133	0
386	68	0	0.0	0	3133	0
386	69	4	0.0	0	3133	0
386	70	8	0.0	0	3133	0
386	73	3	0.0	0	3133	0
386	76	11	0.0	0	3133	0
386	78	14	0.0	0	3133	0
386	82	4	0.0	0	3133	0
386	84	0	0.0	0	3133	0
386	84	17	0.0	0	3133	0
386	88	26	0.0	0	3133	0
386	95	15	0.0	0	3133	0
386	100	16	0.0	0	3133	0
386	100	23	0.0	0	3133	0
387	4	1	0.0	0	3133	0
387	5	26	0.0	0	3133	0
387	7	5	0.0	0	3133	0
387	14	14	0.0	0	3133	0
387	19	27	0.0	0	3133	0
387	24	6	0.0	0	3133	0
387	26	27	0.0	0	3133	0
387	28	29	0.0	0	3133	0
387	31	21	0.0	0	3133	0
387	37	11	0.0	0	3133	0
387	42	23	0.0	0	3133	0
387	45	27	0.0	0	3133	0
387	46	8	0.0	0	3133	0
387	62	1	0.0	0	3133	0
387	63	19	0.0	0	3133	0
387	73	2	0.0	0	3133	0
387	74	0	0.0	0	3133	0
387	80	9	0.0	0	3133	0
387	92	11	0.0	0	3133	0
387	96	29	0.0	0	3133	0
387	98	27	0.0	0	3133	0
388	9	4	0.0	0	3133	0
388	34	23	0.0	0	3133	0
388	38	0	0.0	0	3133	0
388	42	21	0.0	0	3133	0
388	43	23	0.0	0	3133	0
388	45	6	0.0	0	3133	0
388	46	17	0.0	0	3133	0
388	66	19	0.0	0	3133	0
388	67	18	0.0	0	3133	0
388	67	20	0.0	0	3133	0
388	70	2	0.0	0	3133	0
388	73	16	0.0	0	3133	0
388	74	9	0.0	0	3133	0
388	80	29	0.0	0	3133	0
388	83	25	0.0	0	3133	0
388	84	5	0.0	0	3133	0
388	86	25	0.0	0	3133	0
388	89	8	0.0	0	3133	0
388	99	10	0.0	0	3133	0
389	19	21	0.0	0	3133	0
389	22	13	0.0	0	3133	0
389	30	22	0.0	0	3133	0
389	36	19	0.0	0	3133	0
389	39	13	0.0	0	3133	0
389	41	19	0.0	0	3133	0
389	60	5	0.0	0	3133	0
389	63	24	0.0	0	3133	0
389	73	2	0.0	0	3133	0
389	78	23	0.0	0	3133	0
389	84	6	0.0	0	3133	0
389	92	22	0.0	0	3133	0
389	95	8	0.0	0	3133	0
390	12	6	0.0	0	3133	0
390	25	7	0.0	0	3133	0
390	51	16	0.0	0	3133	0
390	57	8	0.0	0	3133	0
390	63	27	0.0	0	3133	0
390	81	10	0.0	0	3133	0
390	82	13	0.0	0	3133	0
390	83	28	0.0	0	3133	0
390	95	9	0.0	0	3133	0
390	100	30	0.0	0	3133	0
391	2	30	0.0	0	3133	0
391	11	22	0.0	0	3133	0
391	16	9	0.0	0	3133	0
391	22	12	0.0	0	3133	0
391	22	23	0.0	0	3133	0
391	54	9	0.0	0	3133	0
391	66	0	0.0	0	3133	0
391	74	9	0.0	0	3133	0
391	90	21	0.0	0	3133	0
391	91	5	0.0	0	3133	0
391	92	21	0.0	0	3133	0
391	97	13	0.0	0	3133	0
391	98	23	0.0	0	3133	0
392	2	13	0.0	0	3133	0
392	10	18	0.0	0	3133	0
392	11	21	0.0	0	3133	0
392	12	30	0.0	0	3133	0
392	16	25	0.0	0	3133	0
392	17	14	0.0	0	3133	0
392	17	25	0.0	0	3133	0
392	20	0	0.0	0	3133	0
392	23	15	0.0	0	3133	0
392	28	17	0.0	0	3133	0
392	33	12	0.0	0	3133	0
392	51	15	0.0	0	3133	0
392	62	12	0.0	0	3133	0
392	71	24	0.0	0	3133	0
392	72	3	0.0	0	3133	0
392	73	12	0.0	0	3133	0
392	79	28	0.0	0	3133	0
392	85	25	0.0	0	3133	0
392	92	10	0.0	0	3133	0
392	95	14	0.0	0	3133	0
392	96	5	0.0	0	3133	0
393	5	29	0.0	0	3133	0
393	19	27	0.0	0	3133	0
393	23	14	0.0	0	3133	0
393	29	18	0.0	0	3133	0
393	32	20	0.0	0	3133	0
393	49	14	0.0	0	3133	0
393	55	26	0.0	0	3133	0
393	61	21	0.0	0	3133	0
393	61	24	0.0	0	3133	0
393	75	26	0.0	0	3133	0
393	76	15	0.0	0	3133	0
393	78	10	0.0	0	3133	0
393	79	4	0.0	0	3133	0
393	82	6	0.0	0	3133	0
393	82	14	0.0	0	3133	0
393	86	14	0.0	0	3133	0
393	89	31	0.0	0	3133	0
393	91	4	0.0	0	3133	0
393	91	25	0.0	0	3133	0
394	5	10	0.0	0	3133	0
394	19	5	0.0	0	3133	0
394	22	28	0.0	0	3133	0
394	27	1	0.0	0	3133	0
394	27	8	0.0	0	3133	0
394	30	1	0.0	0	3133	0
394	32	27	0.0	0	3133	0
394	39	19	0.0	0	3133	0
394	43	16	0.0	0	3133	0
394	61	20	0.0	0	3133	0
394	71	12	0.0	0	3133	0
394	75	29	0.0	0	3133	0
394	76	18	0.0	0	3133	0
394	80	31	0.0	0	3133	0
394	81	6	0.0	0	3133	0
394	85	1	0.0	0	3133	0
394	90	28	0.0	0	3133	0
394	91	14	0.0	0	3133	0
394	92	18	0.0	0	3133	0
394	94	24	0.0	0	3133	0
394	95	4	0.0	0	3133	0
394	97	10	0.0	0	3133	0
394	99	27	0.0	0	3133	0
395	2	6	0.0	0	3133	0
395	4	25	0.0	0	3133	0
395	6	7	0.0	0	3133	0
395	7	21	0.0	0	3133	0
395	15	11	0.0	0	3133	0
395	27	18	0.0	0	3133	0
395	32	15	0.0	0	3133	0
395	51	11	0.0	0	3133	0
395	60	4	0.0	0	3133	0
395	63	9	0.0	0	3133	0
395	65	21	0.0	0	3133	0
395	67	2	0.0	0	3133	0
395	70	2	0.0	0	3133	0
395	74	31	0.0	0	3133	0
395	77	29	0.0	0	3133	0
395	79	13	0.0	0	3133	0
395	87	29	0.0	0	3133	0
395	89	3	0.0	0	3133	0
395	94	23	0.0	0	3133	0
395	96	24	0.0	0	3133	0
395	96	29	0.0	0	3133	0
395	98	6	0.0	0	3133	0
396	0	7	0.0	0	3133	0
396	4	17	0.0	0	3133	0
396	7	23	0.0	0	3133	0
396	8	24	0.0	0	3133	0
396	8	29	0.0	0	3133	0
396	15	29	0.0	0	3133	0
396	20	29	0.0	0	3133	0
396	21	29	0.0	0	3133	0
396	30	15	0.0	0	3133	0
396	34	7	0.0	0	3133	0
396	37	19	0.0	0	3133	0
396	39	26	0.0	0	3133	0
396	64	31	0.0	0	3133	0
396	66	26	0.0	0	3133	0
396	67	8	0.0	0	3133	0
396	68	17	0.0	0	3133	0
396	73	29	0.0	0	3133	0
396	75	20	0.0	0	3133	0
396	85	2	0.0	0	3133	0
396	87	15	0.0	0	3133	0
396	89	6	0.0	0	3133	0
396	90	6	0.0	0	3133	0
396	96	21	0.0	0	3133	0
396	99	30	0.0	0	3133	0
397	3	24	0.0	0	3133	0
397	4	4	0.0	0	3133	0
397	24	23	0.0	0	3133	0
397	26	30	0.0	0	3133	0
397	28	4	0.0	0	3133	0
397	43	9	0.0	0	3133	0
397	44	14	0.0	0	3133	0
397	78	12	0.0	0	3133	0
397	84	2	0.0	0	3133	0
397	85	29	0.0	0	3133	0
397	92	3	0.0	0	3133	0
397	100	0	0.0	0	3133	0
398	0	27	0.0	0	3133	0
398	4	17	0.0	0	3133	0
398	7	25	0.0	0	3133	0
398	10	30	0.0	0	3133	0
398	11	19	0.0	0	3133	0
398	19	20	0.0	0	3133	0
398	29	3	0.0	0	3133	0
398	34	20	0.0	0	3133	0
398	41	28	0.0	0	3133	0
398	46	28	0.0	0	3133	0
398	46	31	0.0	0	3133	0
398	47	25	0.0	0	3133	0
398	54	14	0.0	0	3133	0
398	66	29	0.0	0	3133	0
398	69	14	0.0	0	3133	0
398	73	23	0.0	0	3133	0
398	75	6	0.0	0	3133	0
398	81	24	0.0	0	3133	0
398	83	24	0.0	0	3133	0
398	84	24	0.0	0	3133	0
398	87	29	0.0	0	3133	0
398	88	3	0.0	0	3133	0
398	90	1	0.0	0	3133	0
398	96	28	0.0	0	3133	0
399	5	15	0.0	0	3133	0
399	19	12	0.0	0	3133	0
399	24	21	0.0	0	3133	0
399	25	17	0.0	0	3133	0
399	30	21	0.0	0	3133	0
399	33	9	0.0	0	3133	0
399	39	18	0.0	0	3133	0
399	41	13	0.0	0	3133	0
399	43	4	0.0	0	3133	0
399	49	13	0.0	0	3133	0
399	60	24	0.0	0	3133	0
399	65	31	0.0	0	3133	0
399	69	23	0.0	0	3133	0
399	79	18	0.0	0	3133	0
399	81	30	0.0	0	3133	0
399	89	17	0.0	0	3133	0
399	94	25	0.0	0	3133	0
400	0	21	0.0	0	3133	0
400	1	19	0.0	0	3133	0
400	5	17	0.0	0	3133	0
400	6	0	0.0	0	3133	0
400	12	22	0.0	0	3133	0
400	12	28	0.0	0	3133	0
400	12	29	0.0	0	3133	0
400	14	19	0.0	0	3133	0
400	16	14	0.0	0	3133	0
400	16	21	0.0	0	3133	0
400	20	10	0.0	0	3133	0
400	21	6	0.0	0	3133	0
400	23	2	0.0	0	3133	0
400	38	1	0.0	0	3133	0
400	39	1	0.0	0	3133	0
400	43	6	0.0	0	3133	0
400	43	17	0.0	0	3133	0
400	44	14	0.0	0	3133	0
400	50	25	0.0	0	3133	0
400	66	17	0.0	0	3133	0
400	71	30	0.0	0	3133	0
400	76	22	0.0	0	3133	0
400	85	31	0.0	0	3133	0
400	93	25	0.0	0	3133	0
400	99	27	0.0	0	3133	0
401	2	7	0.0	0	3133	0
401	4	2	0.0	0	3133	0
401	7	12	0.0	0	3133	0
401	9	11	0.0	0	3133	0
401	9	21	0.0	0	3133	0
401	11	19	0.0	0	3133	0
401	15	22	0.0	0	3133	0
401	21	2	0.0	0	3133	0
401	26	3	0.0	0	3133	0
401	31	2	0.0	0	3133	0
401	32	16	0.0	0	3133	0
401	36	29	0.0	0	3133	0
401	39	16	0.0	0	3133	0
401	45	0	0.0	0	3133	0
401	50	19	0.0	0	3133	0
401	53	20	0.0	0	3133	0
401	56	1	0.0	0	3133	0
401	58	30	0.0	0	3133	0
401	63	9	0.0	0	3133	0
401	67	3	0.0	0	3133	0
401	71	29	0.0	0	3133	0
401	75	18	0.0	0	3133	0
401	77	30	0.0	0	3133	0
401	79	19	0.0	0	3133	0
401	80	25	0.0	0	3133	0
401	84	10	0.0	0	3133	0
401	85	8	0.0	0	3133	0
401	85	21	0.0	0	3133	0
401	92	18	0.0	0	3133	0
401	95	7	0.0	0	3133	0
401	95	21	0.0	0	3133	0
401	98	14	0.0	0	3133	0
402	4	29	0.0	0	3133	0
402	14	7	0.0	0	3133	0
402	14	29	0.0	0	3133	0
402	17	30	0.0	0	3133	0
402	23	8	0.0	0	3133	0
402	24	20	0.0	0	3133	0
402	35	2	0.0	0	3133	0
402	37	19	0.0	0	3133	0
402	39	23	0.0	0	3133	0
402	43	16	0.0	0	3133	0
402	56	12	0.0	0	3133	0
402	64	13	0.0	0	3133	0
402	68	23	0.0	0	3133	0
402	75	25	0.0	0	3133	0
402	77	20	0.0	0	3133	0
402	79	19	0.0	0	3133	0
402	79	29	0.0	0	3133	0
402	91	20	0.0	0	3133	0
402	93	29	0.0	0	3133	0
402	99	11	0.0	0	3133	0
402	99	30	0.0	0	3133	0
403	0	10	0.0	0	3133	0
403	1	8	0.0	0	3133	0
403	8	27	0.0	0	3133	0
403	12	26	0.0	0	3133	0
403	14	5	0.0	0	3133	0
403	15	23	0.0	0	3133	0
403	36	11	0.0	0	3133	0
403	40	21	0.0	0	3133	0
403	50	31	0.0	0	3133	0
403	53	13	0.0	0	3133	0
403	56	1	0.0	0	3133	0
403	68	4	0.0	0	3133	0
403	74	6	0.0	0	3133	0
403	76	19	0.0	0	3133	0
403	84	15	0.0	0	3133	0
403	89	12	0.0	0	3133	0
403	100	22	0.0	0	3133	0
404	12	31	0.0	0	3133	0
404	15	0	0.0	0	3133	0
404	34	23	0.0	0	3133	0
404	35	2	0.0	0	3133	0
404	38	26	0.0	0	3133	0
404	43	10	0.0	0	3133	0
404	44	23	0.0	0	3133	0
404	49	24	0.0	0	3133	0
404	56	31	0.0	0	3133	0
404	57	23	0.0	0	3133	0
404	58	29	0.0	0	3133	0
404	63	30	0.0	0	3133	0
404	71	31	0.0	0	3133	0
404	72	28	0.0	0	3133	0
404	88	19	0.0	0	3133	0
404	100	7	0.0	0	3133	0
404	100	18	0.0	0	3133	0
405	2	27	0.0	0	3133	0
405	6	3	0.0	0	3133	0
405	8	28	0.0	0	3133	0
405	9	5	0.0	0	3133	0
405	9	28	0.0	0	3133	0
405	12	2	0.0	0	3133	0
405	12	7	0.0	0	3133	0
405	15	10	0.0	0	3133	0
405	21	13	0.0	0	3133	0
405	24	23	0.0	0	3133	0
405	24	24	0.0	0	3133	0
405	62	7	0.0	0	3133	0
405	64	6	0.0	0	3133	0
405	82	0	0.0	0	3133	0
405	93	26	0.0	0	3133	0
405	98	5	0.0	0	3133	0
405	100	8	0.0	0	3133	0
406	0	28	0.0	0	3133	0
406	11	8	0.0	0	3133	0
406	19	5	0.0	0	3133	0
406	21	3	0.0	0	3133	0
406	21	30	0.0	0	3133	0
406	27	28	0.0	0	3133	0
406	34	30	0.0	0	3133	0
406	38	20	0.0	0	3133	0
406	42	1	0.0	0	3133	0
406	56	18	0.0	0	3133	0
406	63	25	0.0	0	3133	0
406	70	8	0.0	0	3133	0
406	71	7	0.0	0	3133	0
406	72	7	0.0	0	3133	0
406	72	28	0.0	0	3133	0
406	74	21	0.0	0	3133	0
406	78	15	0.0	0	3133	0
406	81	22	0.0	0	3133	0
406	84	20	0.0	0	3133	0
406	85	23	0.0	0	3133	0
406	92	11	0.0	0	3133	0
407	1	8	0.0	0	3133	0
407	1	12	0.0	0	3133	0
407	1	16	0.0	0	3133	0
407	4	27	0.0	0	3133	0
407	9	6	0.0	0	3133	0
407	9	30	0.0	0	3133	0
407	10	2	0.0	0	3133	0
407	13	7	0.0	0	3133	0
407	28	4	0.0	0	3133	0
407	32	8	0.0	0	3133	0
407	32	15	0.0	0	3133	0
407	33	1	0.0	0	3133	0
407	47	10	0.0	0	3133	0
407	47	19	0.0	0	3133	0
407	48	14	0.0	0	3133	0
407	49	6	0.0	0	3133	0
407	52	0	0.0	0	3133	0
407	57	18	0.0	0	3133	0
407	57	28	0.0	0	3133	0
407	63	25	0.0	0	3133	0
407	67	24	0.0	0	3133	0
407	75	20	0.0	0	3133	0
407	76	28	0.0	0	3133	0
407	80	26	0.0	0	3133	0
407	83	14	0.0	0	3133	0
407	90	2	0.0	0	3133	0
407	91	22	0.0	0	3133	0
407	94	13	0.0	0	3133	0
408	0	26	0.0	0	3133	0
408	8	29	0.0	0	3133	0
408	24	12	0.0	0	3133	0
408	29	27	0.0	0	3133	0
408	30	26	0.0	0	3133	0
408	33	4	0.0	0	3133	0
408	44	7	0.0	0	3133	0
408	44	22	0.0	0	3133	0
408	50	23	0.0	0	3133	0
408	51	4	0.0	0	3133	0
408	52	11	0.0	0	3133	0
408	56	5	0.0	0	3133	0
408	59	9	0.0	0	3133	0
408	59	20	0.0	0	3133	0
408	61	17	0.0	0	3133	0
408	62	21	0.0	0	3133	0
408	63	24	0.0	0	3133	0
408	64	0	0.0	0	3133	0
408	67	31	0.0	0	3133	0
408	74	0	0.0	0	3133	0
408	81	4	0.0	0	3133	0
408	82	4	0.0	0	3133	0
408	83	18	0.0	0	3133	0
408	87	4	0.0	0	3133	0
408	92	13	0.0	0	3133	0
408	92	27	0.0	0	3133	0
408	96	10	0.0	0	3133	0
409	8	29	0.0	0	3133	0
409	26	28	0.0	0	3133	0
409	29	19	0.0	0	3133	0
409	29	25	0.0	0	3133	0
409	37	2	0.0	0	3133	0
409	37	15	0.0	0	3133	0
409	48	23	0.0	0	3133	0
409	52	31	0.0	0	3133	0
409	57	19	0.0	0	3133	0
409	59	19	0.0	0	3133	0
409	60	4	0.0	0	3133	0
409	60	12	0.0	0	3133	0
409	61	25	0.0	0	3133	0
409	64	23	0.0	0	3133	0
409	73	15	0.0	0	3133	0
409	77	6	0.0	0	3133	0
409	81	15	0.0	0	3133	0
409	82	20	0.0	0	3133	0
409	89	20	0.0	0	3133	0
409	100	3	0.0	0	3133	0
410	0	23	0.0	0	3133	0
410	3	21	0.0	0	3133	0
410	8	17	0.0	0	3133	0
410	14	18	0.0	0	3133	0
410	15	12	0.0	0	3133	0
410	16	28	0.0	0	3133	0
410	20	18	0.0	0	3133	0
410	31	9	0.0	0	3133	0
410	45	21	0.0	0	3133	0
410	61	18	0.0	0	3133	0
410	65	26	0.0	0	3133	0
410	69	2	0.0	0	3133	0
410	71	6	0.0	0	3133	0
410	72	22	0.0	0	3133	0
410	74	19	0.0	0	3133	0
410	75	11	0.0	0	3133	0
410	75	14	0.0	0	3133	0
410	75	28	0.0	0	3133	0
410	80	2	0.0	0	3133	0
410	82	18	0.0	0	3133	0
410	86	28	0.0	0	3133	0
410	91	12	0.0	0	3133	0
410	94	24	0.0	0	3133	0
411	0	9	0.0	0	3133	0
411	3	23	0.0	0	3133	0
411	11	26	0.0	0	3133	0
411	13	2	0.0	0	3133	0
411	14	20	0.0	0	3133	0
411	16	25	0.0	0	3133	0
411	20	1	0.0	0	3133	0
411	22	1	0.0	0	3133	0
411	24	29	0.0	0	3133	0
411	36	15	0.0	0	3133	0
411	37	9	0.0	0	3133	0
411	39	2	0.0	0	3133	0
411	40	24	0.0	0	3133	0
411	47	24	0.0	0	3133	0
411	50	10	0.0	0	3133	0
411	50	30	0.0	0	3133	0
411	54	18	0.0	0	3133	0
411	55	27	0.0	0	3133	0
411	57	1	0.0	0	3133	0
411	81	13	0.0	0	3133	0
411	90	7	0.0	0	3133	0
411	94	3	0.0	0	3133	0
411	100	21	0.0	0	3133	0
412	1	31	0.0	0	3133	0
412	3	4	0.0	0	3133	0
412	7	7	0.0	0	3133	0
412	8	0	0.0	0	3133	0
412	12	10	0.0	0	3133	0
412	19	13	0.0	0	3133	0
412	23	27	0.0	0	3133	0
412	29	6	0.0	0	3133	0
412	31	0	0.0	0	3133	0
412	35	5	0.0	0	3133	0
412	42	27	0.0	0	3133	0
412	43	12	0.0	0	3133	0
412	44	19	0.0	0	3133	0
412	53	24	0.0	0	3133	0
412	54	16	0.0	0	3133	0
412	57	1	0.0	0	3133	0
412	58	3	0.0	0	3133	0
412	77	20	0.0	0	3133	0
412	81	14	0.0	0	3133	0
412	84	13	0.0	0	3133	0
412	85	4	0.0	0	3133	0
412	89	7	0.0	0	3133	0
412	98	0	0.0	0	3133	0
412	99	5	0.0	0	3133	0
413	0	18	0.0	0	3133	0
413	6	14	0.0	0	3133	0
413	13	0	0.0	0	3133	0
413	15	9	0.0	0	3133	0
413	30	11	0.0	0	3133	0
413	35	18	0.0	0	3133	0
413	37	26	0.0	0	3133	0
413	42	14	0.0	0	3133	0
413	47	15	0.0	0	3133	0
413	50	18	0.0	0	3133	0
413	58	23	0.0	0	3133	0
413	59	1	0.0	0	3133	0
413	65	18	0.0	0	3133	0
413	71	27	0.0	0	3133	0
413	83	29	0.0	0	3133	0
413	85	13	0.0	0	3133	0
413	92	11	0.0	0	3133	0
413	99	23	0.0	0	3133	0
414	0	6	0.0	0	3133	0
414	9	23	0.0	0	3133	0
414	10	11	0.0	0	3133	0
414	11	14	0.0	0	3133	0
414	20	29	0.0	0	3133	0
414	21	24	0.0	0	3133	0
414	36	3	0.0	0	3133	0
414	36	10	0.0	0	3133	0
414	38	29	0.0	0	3133	0
414	43	2	0.0	0	3133	0
414	45	23	0.0	0	3133	0
414	60	12	0.0	0	3133	0
414	60	16	0.0	0	3133	0
414	64	26	0.0	0	3133	0
414	71	3	0.0	0	3133	0
414	78	16	0.0	0	3133	0
414	80	2	0.0	0	3133	0
414	80	25	0.0	0	3133	0
414	83	13	0.0	0	3133	0
414	84	16	0.0	0	3133	0
414	86	13	0.0	0	3133	0
414	89	19	0.0	0	3133	0
414	91	7	0.0	0	3133	0
414	91	8	0.0	0	3133	0
414	91	31	0.0	0	3133	0
414	99	3	0.0	0	3133	0
414	100	18	0.0	0	3133	0
415	1	14	0.0	0	3133	0
415	4	28	0.0	0	3133	0
415	7	8	0.0	0	3133	0
415	7	24	0.0	0	3133	0
415	12	11	0.0	0	3133	0
415	14	16	0.0	0	3133	0
415	21	16	0.0	0	3133	0
415	21	27	0.0	0	3133	0
415	23	28	0.0	0	3133	0
415	27	0	0.0	0	3133	0
415	35	19	0.0	0	3133	0
415	38	25	0.0	0	3133	0
415	48	7	0.0	0	3133	0
415	50	17	0.0	0	3133	0
415	54	14	0.0	0	3133	0
415	60	30	0.0	0	3133	0
415	61	15	0.0	0	3133	0
415	65	5	0.0	0	3133	0
415	86	22	0.0	0	3133	0
415	99	16	0.0	0	3133	0
416	4	11	0.0	0	3133	0
416	9	23	0.0	0	3133	0
416	10	17	0.0	0	3133	0
416	14	12	0.0	0	3133	0
416	30	0	0.0	0	3133	0
416	50	4	0.0	0	3133	0
416	51	20	0.0	0	3133	0
416	54	26	0.0	0	3133	0
416	64	14	0.0	0	3133	0
416	75	3	0.0	0	3133	0
416	76	25	0.0	0	3133	0
416	79	17	0.0	0	3133	0
416	81	4	0.0	0	3133	0
416	81	23	0.0	0	3133	0
416	82	8	0.0	0	3133	0
416	89	6	0.0	0	3133	0
416	90	8	0.0	0	3133	0
417	0	31	0.0	0	3133	0
417	2	27	0.0	0	3133	0
417	2	30	0.0	0	3133	0
417	6	14	0.0	0	3133	0
417	19	24	0.0	0	3133	0
417	25	28	0.0	0	3133	0
417	34	30	0.0	0	3133	0
417	35	7	0.0	0	3133	0
417	49	13	0.0	0	3133	0
417	50	7	0.0	0	3133	0
417	51	16	0.0	0	3133	0
417	54	13	0.0	0	3133	0
417	56	21	0.0	0	3133	0
417	61	5	0.0	0	3133	0
417	61	28	0.0	0	3133	0
417	64	10	0.0	0	3133	0
417	67	5	0.0	0	3133	0
417	71	12	0.0	0	3133	0
417	71	30	0.0	0	3133	0
417	74	0	0.0	0	3133	0
417	76	11	0.0	0	3133	0
417	80	27	0.0	0	3133	0
417	89	28	0.0	0	3133	0
417	99	7	0.0	0	3133	0
417	100	26	0.0	0	3133	0
418	7	10	0.0	0	3133	0
418	14	28	0.0	0	3133	0
418	18	24	0.0	0	3133	0
418	27	27	0.0	0	3133	0
418	35	8	0.0	0	3133	0
418	41	29	0.0	0	3133	0
418	43	16	0.0	0	3133	0
418	43	22	0.0	0	3133	0
418	44	27	0.0	0	3133	0
418	51	8	0.0	0	3133	0
418	52	25	0.0	0	3133	0
418	60	23	0.0	0	3133	0
418	64	19	0.0	0	3133	0
418	64	31	0.0	0	3133	0
418	65	4	0.0	0	3133	0
418	68	5	0.0	0	3133	0
418	78	1	0.0	0	3133	0
418	84	19	0.0	0	3133	0
418	86	12	0.0	0	3133	0
418	91	1	0.0	0	3133	0
418	92	27	0.0	0	3133	0
418	93	6	0.0	0	3133	0
418	96	10	0.0	0	3133	0
418	97	31	0.0	0	3133	0
419	8	19	0.0	0	3133	0
419	10	27	0.0	0	3133	0
419	12	2	0.0	0	3133	0
419	19	28	0.0	0	3133	0
419	26	23	0.0	0	3133	0
419	35	15	0.0	0	3133	0
419	36	29	0.0	0	3133	0
419	40	26	0.0	0	3133	0
419	46	10	0.0	0	3133	0
419	56	9	0.0	0	3133	0
419	58	6	0.0	0	3133	0
419	65	1	0.0	0	3133	0
419	70	12	0.0	0	3133	0
419	70	14	0.0	0	3133	0
419	76	19	0.0	0	3133	0
419	77	9	0.0	0	3133	0
419	79	3	0.0	0	3133	0
419	81	30	0.0	0	3133	0
419	84	2	0.0	0	3133	0
419	99	0	0.0	0	3133	0
420	1	15	0.0	0	3133	0
420	4	20	0.0	0	3133	0
420	4	31	0.0	0	3133	0
420	8	12	0.0	0	3133	0
420	11	17	0.0	0	3133	0
420	19	22	0.0	0	3133	0
420	22	14	0.0	0	3133	0
420	24	22	0.0	0	3133	0
420	24	24	0.0	0	3133	0
420	28	27	0.0	0	3133	0
420	36	22	0.0	0	3133	0
420	38	31	0.0	0	3133	0
420	39	29	0.0	0	3133	0
420	51	1	0.0	0	3133	0
420	54	29	0.0	0	3133	0
420	57	0	0.0	0	3133	0
420	60	0	0.0	0	3133	0
420	64	14	0.0	0	3133	0
420	72	6	0.0	0	3133	0
420	75	31	0.0	0	3133	0
420	91	27	0.0	0	3133	0
420	95	10	0.0	0	3133	0
420	98	3	0.0	0	3133	0
420	99	4	0.0	0	3133	0
420	99	13	0.0	0	3133	0
421	19	5	0.0	0	3133	0
421	27	11	0.0	0	3133	0
421	31	17	0.0	0	3133	0
421	31	31	0.0	0	3133	0
421	33	2	0.0	0	3133	0
421	35	4	0.0	0	3133	0
421	35	29	0.0	0	3133	0
421	50	17	0.0	0	3133	0
421	53	4	0.0	0	3133	0
421	53	30	0.0	0	3133	0
421	57	13	0.0	0	3133	0
421	65	25	0.0	0	3133	0
421	74	9	0.0	0	3133	0
421	76	5	0.0	0	3133	0
421	76	29	0.0	0	3133	0
421	77	15	0.0	0	3133	0
421	78	19	0.0	0	3133	0
421	81	15	0.0	0	3133	0
421	85	9	0.0	0	3133	0
421	88	31	0.0	0	3133	0
421	89	15	0.0	0	3133	0
421	91	2	0.0	0	3133	0
421	91	25	0.0	0	3133	0
421	97	7	0.0	0	3133	0
421	99	17	0.0	0	3133	0
422	1	25	0.0	0	3133	0
422	2	8	0.0	0	3133	0
422	4	9	0.0	0	3133	0
422	6	19	0.0	0	3133	0
422	16	5	0.0	0	3133	0
422	20	17	0.0	0	3133	0
422	25	27	0.0	0	3133	0
422	34	2	0.0	0	3133	0
422	56	9	0.0	0	3133	0
422	67	18	0.0	0	3133	0
422	70	28	0.0	0	3133	0
422	77	11	0.0	0	3133	0
422	83	18	0.0	0	3133	0
422	88	23	0.0	0	3133	0
422	91	20	0.0	0	3133	0
422	97	19	0.0	0	3133	0
423	10	25	0.0	0	3133	0
423	17	13	0.0	0	3133	0
423	39	7	0.0	0	3133	0
423	44	15	0.0	0	3133	0
423	44	27	0.0	0	3133	0
423	58	30	0.0	0	3133	0
423	59	20	0.0	0	3133	0
423	62	9	0.0	0	3133	0
423	68	13	0.0	0	3133	0
423	69	3	0.0	0	3133	0
423	69	15	0.0	0	3133	0
423	72	15	0.0	0	3133	0
423	75	24	0.0	0	3133	0
423	76	0	0.0	0	3133	0
423	79	2	0.0	0	3133	0
423	80	7	0.0	0	3133	0
423	97	1	0.0	0	3133	0
423	97	5	0.0	0	3133	0
423	98	4	0.0	0	3133	0
424	1	12	0.0	0	3133	0
424	1	18	0.0	0	3133	0
424	5	23	0.0	0	3133	0
424	9	3	0.0	0	3133	0
424	17	19	0.0	0	3133	0
424	34	11	0.0	0	3133	0
424	36	18	0.0	0	3133	0
424	55	24	0.0	0	3133	0
424	56	19	0.0	0	3133	0
424	60	4	0.0	0	3133	0
424	61	27	0.0	0	3133	0
424	63	24	0.0	0	3133	0
424	65	16	0.0	0	3133	0
424	66	25	0.0	0	3133	0
424	67	15	0.0	0	3133	0
424	67	19	0.0	0	3133	0
424	71	24	0.0	0	3133	0
424	73	12	0.0	0	3133	0
424	74	25	0.0	0	3133	0
424	83	31	0.0	0	3133	0
424	86	10	0.0	0	3133	0
424	90	24	0.0	0	3133	0
424	91	6	0.0	0	3133	0
424	95	31	0.0	0	3133	0
425	1	25	0.0	0	3133	0
425	6	13	0.0	0	3133	0
425	17	13	0.0	0	3133	0
425	26	27	0.0	0	3133	0
425	29	9	0.0	0	3133	0
425	35	2	0.0	0	3133	0
425	51	16	0.0	0	3133	0
425	51	22	0.0	0	3133	0
425	53	22	0.0	0	3133	0
425	55	28	0.0	0	3133	0
425	61	21	0.0	0	3133	0
425	70	11	0.0	0	3133	0
425	75	14	0.0	0	3133	0
425	78	13	0.0	0	3133	0
425	84	6	0.0	0	3133	0
425	84	15	0.0	0	3133	0
425	86	16	0.0	0	3133	0
425	87	10	0.0	0	3133	0
425	90	25	0.0	0	3133	0
425	99	8	0.0	0	3133	0
425	100	20	0.0	0	3133	0
426	1	6	0.0	0	3133	0
426	4	21	0.0	0	3133	0
426	9	19	0.0	0	3133	0
426	10	22	0.0	0	3133	0
426	13	24	0.0	0	3133	0
426	15	2	0.0	0	3133	0
426	28	14	0.0	0	3133	0
426	32	26	0.0	0	3133	0
426	39	13	0.0	0	3133	0
426	44	9	0.0	0	3133	0
426	47	6	0.0	0	3133	0
426	48	0	0.0	0	3133	0
426	55	12	0.0	0	3133	0
426	70	25	0.0	0	3133	0
426	73	28	0.0	0	3133	0
426	77	0	0.0	0	3133	0
426	79	19	0.0	0	3133	0
426	84	8	0.0	0	3133	0
426	86	15	0.0	0	3133	0
426	93	22	0.0	0	3133	0
426	96	5	0.0	0	3133	0
427	1	7	0.0	0	3133	0
427	4	16	0.0	0	3133	0
427	15	29	0.0	0	3133	0
427	21	17	0.0	0	3133	0
427	21	27	0.0	0	3133	0
427	30	24	0.0	0	3133	0
427	41	13	0.0	0	3133	0
427	47	27	0.0	0	3133	0
427	49	30	0.0	0	3133	0
427	50	14	0.0	0	3133	0
427	50	28	0.0	0	3133	0
427	56	9	0.0	0	3133	0
427	57	19	0.0	0	3133	0
427	60	17	0.0	0	3133	0
427	70	2	0.0	0	3133	0
427	71	5	0.0	0	3133	0
427	76	20	0.0	0	3133	0
427	80	30	0.0	0	3133	0
427	85	7	0.0	0	3133	0
427	86	7	0.0	0	3133	0
427	92	9	0.0	0	3133	0
427	92	24	0.0	0	3133	0
427	97	15	0.0	0	3133	0
427	97	17	0.0	0	3133	0
428	7	31	0.0	0	3133	0
428	10	0	0.0	0	3133	0
428	11	20	0.0	0	3133	0
428	27	3	0.0	0	3133	0
428	29	17	0.0	0	3133	0
428	30	22	0.0	0	3133	0
428	33	5	0.0	0	3133	0
428	36	30	0.0	0	3133	0
428	42	16	0.0	0	3133	0
428	47	6	0.0	0	3133	0
428	52	25	0.0	0	3133	0
428	53	16	0.0	0	3133	0
428	58	6	0.0	0	3133	0
428	58	25	0.0	0	3133	0
428	66	8	0.0	0	3133	0
428	69	13	0.0	0	3133	0
428	69	24	0.0	0	3133	0
428	70	6	0.0	0	3133	0
428	70	17	0.0	0	3133	0
428	73	18	0.0	0	3133	0
428	80	26	0.0	0	3133	0
428	82	2	0.0	0	3133	0
428	86	3	0.0	0	3133	0
428	89	12	0.0	0	3133	0
428	93	3	0.0	0	3133	0
428	93	13	0.0	0	3133	0
428	96	15	0.0	0	3133	0
429	0	6	0.0	0	3133	0
429	3	15	0.0	0	3133	0
429	7	3	0.0	0	3133	0
429	16	0	0.0	0	3133	0
429	16	6	0.0	0	3133	0
429	18	5	0.0	0	3133	0
429	19	15	0.0	0	3133	0
429	23	24	0.0	0	3133	0
429	25	15	0.0	0	3133	0
429	41	24	0.0	0	3133	0
429	47	25	0.0	0	3133	0
429	56	21	0.0	0	3133	0
429	62	11	0.0	0	3133	0
429	64	25	0.0	0	3133	0
429	70	9	0.0	0	3133	0
429	70	16	0.0	0	3133	0
429	71	31	0.0	0	3133	0
429	82	24	0.0	0	3133	0
429	91	9	0.0	0	3133	0
429	93	28	0.0	0	3133	0
430	0	10	0.0	0	3133	0
430	2	13	0.0	0	3133	0
430	5	1	0.0	0	3133	0
430	11	30	0.0	0	3133	0
430	12	22	0.0	0	3133	0
430	13	1	0.0	0	3133	0
430	17	5	0.0	0	3133	0
430	17	7	0.0	0	3133	0
430	21	22	0.0	0	3133	0
430	21	25	0.0	0	3133	0
430	31	8	0.0	0	3133	0
430	36	3	0.0	0	3133	0
430	41	27	0.0	0	3133	0
430	42	0	0.0	0	3133	0
430	42	28	0.0	0	3133	0
430	51	23	0.0	0	3133	0
430	54	20	0.0	0	3133	0
430	58	12	0.0	0	3133	0
430	60	21	0.0	0	3133	0
430	64	23	0.0	0	3133	0
430	65	11	0.0	0	3133	0
430	68	21	0.0	0	3133	0
430	70	10	0.0	0	3133	0
430	72	0	0.0	0	3133	0
430	72	20	0.0	0	3133	0
430	85	15	0.0	0	3133	0
430	88	5	0.0	0	3133	0
430	89	14	0.0	0	3133	0
430	97	13	0.0	0	3133	0
431	3	19	0.0	0	3133	0
431	10	14	0.0	0	3133	0
431	33	25	0.0	0	3133	0
431	34	18	0.0	0	3133	0
431	41	31	0.0	0	3133	0
431	42	6	0.0	0	3133	0
431	47	10	0.0	0	3133	0
431	50	12	0.0	0	3133	0
431	59	24	0.0	0	3133	0
431	64	1	0.0	0	3133	0
431	73	27	0.0	0	3133	0
431	73	31	0.0	0	3133	0
431	74	26	0.0	0	3133	0
431	77	28	0.0	0	3133	0
431	86	20	0.0	0	3133	0
431	87	22	0.0	0	3133	0
431	88	9	0.0	0	3133	0
431	90	0	0.0	0	3133	0
431	95	8	0.0	0	3133	0
432	6	25	0.0	0	3133	0
432	10	23	0.0	0	3133	0
432	16	20	0.0	0	3133	0
432	18	25	0.0	0	3133	0
432	23	29	0.0	0	3133	0
432	24	9	0.0	0	3133	0
432	28	16	0.0	0	3133	0
432	28	25	0.0	0	3133	0
432	31	3	0.0	0	3133	0
432	31	10	0.0	0	3133	0
432	38	20	0.0	0	3133	0
432	38	26	0.0	0	3133	0
432	44	23	0.0	0	3133	0
432	48	27	0.0	0	3133	0
432	55	16	0.0	0	3133	0
432	62	29	0.0	0	3133	0
432	74	24	0.0	0	3133	0
432	76	7	0.0	0	3133	0
432	76	30	0.0	0	3133	0
432	92	19	0.0	0	3133	0
432	94	17	0.0	0	3133	0
432	98	1	0.0	0	3133	0
433	2	6	0.0	0	3133	0
433	4	29	0.0	0	3133	0
433	6	26	0.0	0	3133	0
433	8	20	0.0	0	3133	0
433	19	2	0.0	0	3133	0
433	28	9	0.0	0	3133	0
433	35	19	0.0	0	3133	0
433	38	23	0.0	0	3133	0
433	43	14	0.0	0	3133	0
433	44	9	0.0	0	3133	0
433	54	18	0.0	0	3133	0
433	60	0	0.0	0	3133	0
433	63	30	0.0	0	3133	0
433	68	4	0.0	0	3133	0
433	70	19	0.0	0	3133	0
433	75	7	0.0	0	3133	0
433	76	5	0.0	0	3133	0
433	76	23	0.0	0	3133	0
433	77	23	0.0	0	3133	0
433	80	7	0.0	0	3133	0
433	99	17	0.0	0	3133	0
433	100	2	0.0	0	3133	0
434	0	13	0.0	0	3133	0
434	0	25	0.0	0	3133	0
434	3	24	0.0	0	3133	0
434	11	3	0.0	0	3133	0
434	13	2	0.0	0	3133	0
434	14	11	0.0	0	3133	0
434	15	17	0.0	0	3133	0
434	19	1	0.0	0	3133	0
434	22	9	0.0	0	3133	0
434	26	15	0.0	0	3133	0
434	31	11	0.0	0	3133	0
434	33	16	0.0	0	3133	0
434	42	7	0.0	0	3133	0
434	47	2	0.0	0	3133	0
434	48	19	0.0	0	3133	0
434	49	16	0.0	0	3133	0
434	55	6	0.0	0	3133	0
434	56	10	0.0	0	3133	0
434	61	19	0.0	0	3133	0
434	62	31	0.0	0	3133	0
434	65	25	0.0	0	3133	0
434	65	31	0.0	0	3133	0
434	72	22	0.0	0	3133	0
434	73	25	0.0	0	3133	0
434	76	19	0.0	0	3133	0
434	77	11	0.0	0	3133	0
434	78	1	0.0	0	3133	0
434	78	31	0.0	0	3133	0
434	81	21	0.0	0	3133	0
434	100	20	0.0	0	3133	0
435	3	24	0.0	0	3133	0
435	10	10	0.0	0	3133	0
435	22	12	0.0	0	3133	0
435	28	16	0.0	0	3133	0
435	33	26	0.0	0	3133	0
435	44	11	0.0	0	3133	0
435	44	25	0.0	0	3133	0
435	52	14	0.0	0	3133	0
435	63	21	0.0	0	3133	0
435	71	8	0.0	0	3133	0
435	75	30	0.0	0	3133	0
435	77	27	0.0	0	3133	0
435	80	18	0.0	0	3133	0
435	81	5	0.0	0	3133	0
435	86	30	0.0	0	3133	0
435	95	25	0.0	0	3133	0
435	96	19	0.0	0	3133	0
436	1	10	0.0	0	3133	0
436	2	16	0.0	0	3133	0
436	3	5	0.0	0	3133	0
436	11	3	0.0	0	3133	0
436	19	24	0.0	0	3133	0
436	20	23	0.0	0	3133	0
436	21	21	0.0	0	3133	0
436	23	13	0.0	0	3133	0
436	23	23	0.0	0	3133	0
436	42	30	0.0	0	3133	0
436	43	7	0.0	0	3133	0
436	54	0	0.0	0	3133	0
436	54	16	0.0	0	3133	0
436	65	6	0.0	0	3133	0
436	67	8	0.0	0	3133	0
436	72	0	0.0	0	3133	0
436	72	29	0.0	0	3133	0
436	75	3	0.0	0	3133	0
436	75	12	0.0	0	3133	0
436	76	15	0.0	0	3133	0
436	77	7	0.0	0	3133	0
436	78	9	0.0	0	3133	0
436	85	0	0.0	0	3133	0
436	91	17	0.0	0	3133	0
436	94	12	0.0	0	3133	0
436	96	3	0.0	0	3133	0
436	98	24	0.0	0	3133	0
437	0	6	0.0	0	3133	0
437	4	28	0.0	0	3133	0
437	17	17	0.0	0	3133	0
437	22	17	0.0	0	3133	0
437	38	0	0.0	0	3133	0
437	44	25	0.0	0	3133	0
437	45	26	0.0	0	3133	0
437	50	13	0.0	0	3133	0
437	62	24	0.0	0	3133	0
437	65	8	0.0	0	3133	0
437	67	8	0.0	0	3133	0
437	76	9	0.0	0	3133	0
437	77	8	0.0	0	3133	0
437	77	26	0.0	0	3133	0
437	80	1	0.0	0	3133	0
437	80	31	0.0	0	3133	0
437	82	30	0.0	0	3133	0
437	84	17	0.0	0	3133	0
437	87	6	0.0	0	3133	0
437	91	30	0.0	0	3133	0
437	92	10	0.0	0	3133	0
437	97	14	0.0	0	3133	0
437	98	24	0.0	0	3133	0
438	8	0	0.0	0	3133	0
438	12	10	0.0	0	3133	0
438	13	22	0.0	0	3133	0
438	23	23	0.0	0	3133	0
438	33	30	0.0	0	3133	0
438	39	31	0.0	0	3133	0
438	40	8	0.0	0	3133	0
438	47	15	0.0	0	3133	0
438	50	1	0.0	0	3133	0
438	52	27	0.0	0	3133	0
438	60	22	0.0	0	3133	0
438	68	25	0.0	0	3133	0
438	76	13	0.0	0	3133	0
438	80	14	0.0	0	3133	0
438	84	29	0.0	0	3133	0
438	95	12	0.0	0	3133	0
438	100	27	0.0	0	3133	0
439	0	14	0.0	0	3133	0
439	6	1	0.0	0	3133	0
439	7	14	0.0	0	3133	0
439	9	23	0.0	0	3133	0
439	17	9	0.0	0	3133	0
439	21	25	0.0	0	3133	0
439	30	15	0.0	0	3133	0
439	31	17	0.0	0	3133	0
439	32	26	0.0	0	3133	0
439	40	30	0.0	0	3133	0
439	63	27	0.0	0	3133	0
439	67	8	0.0	0	3133	0
439	68	22	0.0	0	3133	0
439	79	12	0.0	0	3133	0
439	79	18	0.0	0	3133	0
439	80	1	0.0	0	3133	0
439	81	16	0.0	0	3133	0
439	82	5	0.0	0	3133	0
439	86	3	0.0	0	3133	0
439	95	10	0.0	0	3133	0
439	99	23	0.0	0	3133	0
439	100	31	0.0	0	3133	0
440	2	21	0.0	0	3133	0
440	22	25	0.0	0	3133	0
440	24	4	0.0	0	3133	0
440	35	20	0.0	0	3133	0
440	37	29	0.0	0	3133	0
440	40	5	0.0	0	3133	0
440	46	22	0.0	0	3133	0
440	60	15	0.0	0	3133	0
440	63	6	0.0	0	3133	0
440	75	27	0.0	0	3133	0
440	78	3	0.0	0	3133	0
440	81	3	0.0	0	3133	0
440	82	22	0.0	0	3133	0
440	85	4	0.0	0	3133	0
440	87	26	0.0	0	3133	0
440	90	30	0.0	0	3133	0
440	93	2	0.0	0	3133	0
440	95	3	0.0	0	3133	0
440	96	30	0.0	0	3133	0
441	4	14	0.0	0	3133	0
441	7	0	0.0	0	3133	0
441	8	15	0.0	0	3133	0
441	9	30	0.0	0	3133	0
441	14	18	0.0	0	3133	0
441	21	1	0.0	0	3133	0
441	28	18	0.0	0	3133	0
441	29	18	0.0	0	3133	0
441	35	18	0.0	0	3133	0
441	38	9	0.0	0	3133	0
441	46	24	0.0	0	3133	0
441	47	31	0.0	0	3133	0
441	49	10	0.0	0	3133	0
441	50	30	0.0	0	3133	0
441	65	24	0.0	0	3133	0
441	67	3	0.0	0	3133	0
441	80	1	0.0	0	3133	0
441	80	6	0.0	0	3133	0
441	92	17	0.0	0	3133	0
441	94	31	0.0	0	3133	0
441	99	1	0.0	0	3133	0
442	11	12	0.0	0	3133	0
442	11	20	0.0	0	3133	0
442	18	10	0.0	0	3133	0
442	24	29	0.0	0	3133	0
442	33	15	0.0	0	3133	0
442	44	22	0.0	0	3133	0
442	46	6	0.0	0	3133	0
442	46	11	0.0	0	3133	0
442	50	1	0.0	0	3133	0
442	52	4	0.0	0	3133	0
442	56	22	0.0	0	3133	0
442	60	3	0.0	0	3133	0
442	62	20	0.0	0	3133	0
442	65	13	0.0	0	3133	0
442	68	5	0.0	0	3133	0
442	72	29	0.0	0	3133	0
442	87	17	0.0	0	3133	0
442	95	16	0.0	0	3133	0
442	95	27	0.0	0	3133	0
442	97	27	0.0	0	3133	0
442	98	11	0.0	0	3133	0
443	0	23	0.0	0	3133	0
443	3	2	0.0	0	3133	0
443	4	23	0.0	0	3133	0
443	7	31	0.0	0	3133	0
443	11	4	0.0	0	3133	0
443	13	0	0.0	0	3133	0
443	21	21	0.0	0	3133	0
443	21	22	0.0	0	3133	0
443	28	3	0.0	0	3133	0
443	50	17	0.0	0	3133	0
443	53	19	0.0	0	3133	0
443	54	10	0.0	0	3133	0
443	56	14	0.0	0	3133	0
443	58	11	0.0	0	3133	0
443	58	23	0.0	0	3133	0
443	62	18	0.0	0	3133	0
443	66	23	0.0	0	3133	0
443	68	5	0.0	0	3133	0
443	73	23	0.0	0	3133	0
443	82	26	0.0	0	3133	0
443	95	22	0.0	0	3133	0
443	97	19	0.0	0	3133	0
443	100	0	0.0	0	3133	0
444	10	4	0.0	0	3133	0
444	11	19	0.0	0	3133	0
444	14	28	0.0	0	3133	0
444	20	11	0.0	0	3133	0
444	21	23	0.0	0	3133	0
444	22	8	0.0	0	3133	0
444	23	1	0.0	0	3133	0
444	30	21	0.0	0	3133	0
444	37	16	0.0	0	3133	0
444	40	17	0.0	0	3133	0
444	50	12	0.0	0	3133	0
444	55	10	0.0	0	3133	0
444	60	5	0.0	0	3133	0
444	63	4	0.0	0	3133	0
444	64	19	0.0	0	3133	0
444	67	24	0.0	0	3133	0
444	70	21	0.0	0	3133	0
444	73	26	0.0	0	3133	0
444	74	23	0.0	0	3133	0
444	80	29	0.0	0	3133	0
444	87	0	0.0	0	3133	0
444	92	20	0.0	0	3133	0
444	96	1	0.0	0	3133	0
444	98	20	0.0	0	3133	0
444	99	26	0.0	0	3133	0
444	99	31	0.0	0	3133	0
445	1	17	0.0	0	3133	0
445	2	9	0.0	0	3133	0
445	8	25	0.0	0	3133	0
445	12	27	0.0	0	3133	0
445	21	1	0.0	0	3133	0
445	35	11	0.0	0	3133	0
445	39	3	0.0	0	3133	0
445	39	11	0.0	0	3133	0
445	47	15	0.0	0	3133	0
445	50	19	0.0	0	3133	0
445	51	11	0.0	0	3133	0
445	58	6	0.0	0	3133	0
445	59	30	0.0	0	3133	0
445	61	4	0.0	0	3133	0
445	64	11	0.0	0	3133	0
445	65	6	0.0	0	3133	0
445	74	11	0.0	0	3133	0
445	84	25	0.0	0	3133	0
445	85	2	0.0	0	3133	0
445	86	17	0.0	0	3133	0
445	95	26	0.0	0	3133	0
446	17	25	0.0	0	3133	0
446	20	9	0.0	0	3133	0
446	23	27	0.0	0	3133	0
446	28	1	0.0	0	3133	0
446	31	18	0.0	0	3133	0
446	42	19	0.0	0	3133	0
446	46	28	0.0	0	3133	0
446	62	7	0.0	0	3133	0
446	66	17	0.0	0	3133	0
446	73	31	0.0	0	3133	0
446	75	8	0.0	0	3133	0
446	79	11	0.0	0	3133	0
446	80	2	0.0	0	3133	0
446	83	6	0.0	0	3133	0
446	98	6	0.0	0	3133	0
446	99	9	0.0	0	3133	0
446	100	26	0.0	0	3133	0
447	2	4	0.0	0	3133	0
447	4	7	0.0	0	3133	0
447	7	3	0.0	0	3133	0
447	8	5	0.0	0	3133	0
447	15	27	0.0	0	3133	0
447	16	10	0.0	0	3133	0
447	22	2	0.0	0	3133	0
447	23	2	0.0	0	3133	0
447	23	23	0.0	0	3133	0
447	28	15	0.0	0	3133	0
447	37	9	0.0	0	3133	0
447	49	31	0.0	0	3133	0
447	50	28	0.0	0	3133	0
447	54	2	0.0	0	3133	0
447	63	6	0.0	0	3133	0
447	65	26	0.0	0	3133	0
447	66	11	0.0	0	3133	0
447	67	0	0.0	0	3133	0
447	67	3	0.0	0	3133	0
447	71	25	0.0	0	3133	0
447	77	11	0.0	0	3133	0
447	80	15	0.0	0	3133	0
447	80	24	0.0	0	3133	0
447	90	29	0.0	0	3133	0
447	98	12	0.0	0	3133	0
448	1	8	0.0	0	3133	0
448	7	31	0.0	0	3133	0
448	9	16	0.0	0	3133	0
448	14	23	0.0	0	3133	0
448	15	0	0.0	0	3133	0
448	15	1	0.0	0	3133	0
448	32	15	0.0	0	3133	0
448	50	19	0.0	0	3133	0
448	53	21	0.0	0	3133	0
448	55	23	0.0	0	3133	0
448	74	15	0.0	0	3133	0
448	75	24	0.0	0	3133	0
448	76	31	0.0	0	3133	0
448	98	28	0.0	0	3133	0
449	2	19	0.0	0	3133	0
449	7	10	0.0	0	3133	0
449	10	26	0.0	0	3133	0
449	15	26	0.0	0	3133	0
449	16	30	0.0	0	3133	0
449	29	17	0.0	0	3133	0
449	30	12	0.0	0	3133	0
449	31	2	0.0	0	3133	0
449	38	11	0.0	0	3133	0
449	39	14	0.0	0	3133	0
449	40	14	0.0	0	3133	0
449	41	16	0.0	0	3133	0
449	45	10	0.0	0	3133	0
449	70	4	0.0	0	3133	0
449	73	19	0.0	0	3133	0
449	86	3	0.0	0	3133	0
449	96	0	0.0	0	3133	0
449	96	17	0.0	0	3133	0
450	10	15	0.0	0	3133	0
450	19	26	0.0	0	3133	0
450	22	22	0.0	0	3133	0
450	25	11	0.0	0	3133	0
450	30	28	0.0	0	3133	0
450	41	19	0.0	0	3133	0
450	45	14	0.0	0	3133	0
450	45	18	0.0	0	3133	0
450	46	25	0.0	0	3133	0
450	47	6	0.0	0	3133	0
450	63	16	0.0	0	3133	0
450	65	0	0.0	0	3133	0
450	69	0	0.0	0	3133	0
450	69	18	0.0	0	3133	0
450	70	25	0.0	0	3133	0
450	82	27	0.0	0	3133	0
450	89	0	0.0	0	3133	0
450	92	0	0.0	0	3133	0
450	94	16	0.0	0	3133	0
451	11	14	0.0	0	3133	0
451	13	9	0.0	0	3133	0
451	23	30	0.0	0	3133	0
451	27	7	0.0	0	3133	0
451	30	26	0.0	0	3133	0
451	32	16	0.0	0	3133	0
451	40	6	0.0	0	3133	0
451	53	19	0.0	0	3133	0
451	61	11	0.0	0	3133	0
451	80	13	0.0	0	3133	0
451	82	24	0.0	0	3133	0
451	87	6	0.0	0	3133	0
451	91	3	0.0	0	3133	0
451	91	19	0.0	0	3133	0
451	100	3	0.0	0	3133	0
451	100	17	0.0	0	3133	0
452	7	31	0.0	0	3133	0
452	8	30	0.0	0	3133	0
452	23	17	0.0	0	3133	0
452	25	16	0.0	0	3133	0
452	27	25	0.0	0	3133	0
452	29	9	0.0	0	3133	0
452	35	17	0.0	0	3133	0
452	55	3	0.0	0	3133	0
452	55	11	0.0	0	3133	0
452	57	14	0.0	0	3133	0
452	62	12	0.0	0	3133	0
452	73	22	0.0	0	3133	0
452	75	19	0.0	0	3133	0
452	79	2	0.0	0	3133	0
452	91	2	0.0	0	3133	0
453	22	1	0.0	0	3133	0
453	25	9	0.0	0	3133	0
453	27	29	0.0	0	3133	0
453	37	11	0.0	0	3133	0
453	41	15	0.0	0	3133	0
453	46	2	0.0	0	3133	0
453	48	4	0.0	0	3133	0
453	48	17	0.0	0	3133	0
453	50	25	0.0	0	3133	0
453	54	17	0.0	0	3133	0
453	57	30	0.0	0	3133	0
453	69	13	0.0	0	3133	0
453	76	30	0.0	0	3133	0
453	78	24	0.0	0	3133	0
453	85	19	0.0	0	3133	0
453	86	19	0.0	0	3133	0
453	90	6	0.0	0	3133	0
453	90	24	0.0	0	3133	0
453	92	26	0.0	0	3133	0
453	99	10	0.0	0	3133	0
454	14	26	0.0	0	3133	0
454	28	29	0.0	0	3133	0
454	30	6	0.0	0	3133	0
454	33	12	0.0	0	3133	0
454	40	20	0.0	0	3133	0
454	43	29	0.0	0	3133	0
454	46	4	0.0	0	3133	0
454	46	25	0.0	0	3133	0
454	49	26	0.0	0	3133	0
454	50	0	0.0	0	3133	0
454	50	13	0.0	0	3133	0
454	52	3	0.0	0	3133	0
454	53	1	0.0	0	3133	0
454	54	17	0.0	0	3133	0
454	57	20	0.0	0	3133	0
454	59	27	0.0	0	3133	0
454	62	10	0.0	0	3133	0
454	63	10	0.0	0	3133	0
454	63	16	0.0	0	3133	0
454	66	3	0.0	0	3133	0
454	73	5	0.0	0	3133	0
454	74	24	0.0	0	3133	0
454	76	10	0.0	0	3133	0
454	82	7	0.0	0	3133	0
454	82	21	0.0	0	3133	0
454	96	12	0.0	0	3133	0
454	97	18	0.0	0	3133	0
454	97	28	0.0	0	3133	0
454	98	15	0.0	0	3133	0
454	100	6	0.0	0	3133	0
455	2	7	0.0	0	3133	0
455	2	19	0.0	0	3133	0
455	3	19	0.0	0	3133	0
455	12	10	0.0	0	3133	0
455	12	26	0.0	0	3133	0
455	15	10	0.0	0	3133	0
455	16	12	0.0	0	3133	0
455	21	20	0.0	0	3133	0
455	23	25	0.0	0	3133	0
455	26	30	0.0	0	3133	0
455	35	18	0.0	0	3133	0
455	35	22	0.0	0	3133	0
455	41	1	0.0	0	3133	0
455	44	8	0.0	0	3133	0
455	50	14	0.0	0	3133	0
455	54	10	0.0	0	3133	0
455	60	18	0.0	0	3133	0
455	62	10	0.0	0	3133	0
455	65	4	0.0	0	3133	0
455	74	26	0.0	0	3133	0
455	76	20	0.0	0	3133	0
455	77	11	0.0	0	3133	0
455	78	3	0.0	0	3133	0
455	83	20	0.0	0	3133	0
455	93	7	0.0	0	3133	0
455	93	14	0.0	0	3133	0
456	5	28	0.0	0	3133	0
456	7	24	0.0	0	3133	0
456	13	21	0.0	0	3133	0
456	15	19	0.0	0	3133	0
456	17	13	0.0	0	3133	0
456	24	14	0.0	0	3133	0
456	35	15	0.0	0	3133	0
456	37	16	0.0	0	3133	0
456	37	29	0.0	0	3133	0
456	38	4	0.0	0	3133	0
456	40	19	0.0	0	3133	0
456	44	18	0.0	0	3133	0
456	63	4	0.0	0	3133	0
456	64	12	0.0	0	3133	0
456	65	18	0.0	0	3133	0
456	67	15	0.0	0	3133	0
456	68	27	0.0	0	3133	0
456	69	3	0.0	0	3133	0
456	76	24	0.0	0	3133	0
456	78	16	0.0	0	3133	0
456	80	14	0.0	0	3133	0
456	80	27	0.0	0	3133	0
456	81	14	0.0	0	3133	0
456	81	20	0.0	0	3133	0
456	88	5	0.0	0	3133	0
456	89	6	0.0	0	3133	0
456	89	30	0.0	0	3133	0
456	93	0	0.0	0	3133	0
457	0	28	0.0	0	3133	0
457	5	9	0.0	0	3133	0
457	8	3	0.0	0	3133	0
457	9	12	0.0	0	3133	0
457	10	2	0.0	0	3133	0
457	16	13	0.0	0	3133	0
457	21	8	0.0	0	3133	0
457	24	6	0.0	0	3133	0
457	38	5	0.0	0	3133	0
457	43	6	0.0	0	3133	0
457	44	1	0.0	0	3133	0
457	45	1	0.0	0	3133	0
457	46	29	0.0	0	3133	0
457	47	24	0.0	0	3133	0
457	47	26	0.0	0	3133	0
457	54	13	0.0	0	3133	0
457	57	10	0.0	0	3133	0
457	61	6	0.0	0	3133	0
457	69	20	0.0	0	3133	0
457	69	27	0.0	0	3133	0
457	71	10	0.0	0	3133	0
457	75	4	0.0	0	3133	0
457	78	14	0.0	0	3133	0
457	84	14	0.0	0	3133	0
457	93	7	0.0	0	3133	0
458	12	26	0.0	0	3133	0
458	15	25	0.0	0	3133	0
458	16	4	0.0	0	3133	0
458	18	11	0.0	0	3133	0
458	37	21	0.0	0	3133	0
458	39	1	0.0	0	3133	0
458	40	9	0.0	0	3133	0
458	47	10	0.0	0	3133	0
458	48	2	0.0	0	3133	0
458	54	10	0.0	0	3133	0
458	55	0	0.0	0	3133	0
458	60	0	0.0	0	3133	0
458	64	17	0.0	0	3133	0
458	96	21	0.0	0	3133	0
458	96	24	0.0	0	3133	0
459	1	23	0.0	0	3133	0
459	6	12	0.0	0	3133	0
459	8	13	0.0	0	3133	0
459	10	13	0.0	0	3133	0
459	16	12	0.0	0	3133	0
459	23	28	0.0	0	3133	0
459	24	31	0.0	0	3133	0
459	26	19	0.0	0	3133	0
459	27	28	0.0	0	3133	0
459	36	3	0.0	0	3133	0
459	42	3	0.0	0	3133	0
459	42	27	0.0	0	3133	0
459	49	17	0.0	0	3133	0
459	54	24	0.0	0	3133	0
459	63	19	0.0	0	3133	0
459	68	11	0.0	0	3133	0
459	72	23	0.0	0	3133	0
459	93	3	0.0	0	3133	0
459	93	20	0.0	0	3133	0
459	93	24	0.0	0	3133	0
459	95	16	0.0	0	3133	0
459	98	6	0.0	0	3133	0
459	98	25	0.0	0	3133	0
459	100	17	0.0	0	3133	0
460	3	19	0.0	0	3133	0
460	7	28	0.0	0	3133	0
460	14	16	0.0	0	3133	0
460	15	27	0.0	0	3133	0
460	16	7	0.0	0	3133	0
460	20	8	0.0	0	3133	0
460	27	6	0.0	0	3133	0
460	31	20	0.0	0	3133	0
460	44	7	0.0	0	3133	0
460	52	12	0.0	0	3133	0
460	55	27	0.0	0	3133	0
460	73	9	0.0	0	3133	0
460	75	21	0.0	0	3133	0
460	76	7	0.0	0	3133	0
460	81	27	0.0	0	3133	0
460	83	16	0.0	0	3133	0
460	86	4	0.0	0	3133	0
460	88	30	0.0	0	3133	0
460	92	3	0.0	0	3133	0
460	93	17	0.0	0	3133	0
460	100	27	0.0	0	3133	0
461	0	26	0.0	0	3133	0
461	1	12	0.0	0	3133	0
461	7	28	0.0	0	3133	0
461	11	22	0.0	0	3133	0
461	19	4	0.0	0	3133	0
461	23	10	0.0	0	3133	0
461	25	0	0.0	0	3133	0
461	25	6	0.0	0	3133	0
461	27	26	0.0	0	3133	0
461	45	6	0.0	0	3133	0
461	54	4	0.0	0	3133	0
461	54	29	0.0	0	3133	0
461	71	3	0.0	0	3133	0
461	71	6	0.0	0	3133	0
461	72	23	0.0	0	3133	0
461	73	21	0.0	0	3133	0
461	77	28	0.0	0	3133	0
461	83	16	0.0	0	3133	0
461	84	22	0.0	0	3133	0
461	87	20	0.0	0	3133	0
461	89	4	0.0	0	3133	0
461	94	3	0.0	0	3133	0
462	6	30	0.0	0	3133	0
462	9	1	0.0	0	3133	0
462	13	8	0.0	0	3133	0
462	16	12	0.0	0	3133	0
462	17	5	0.0	0	3133	0
462	20	9	0.0	0	3133	0
462	23	24	0.0	0	3133	0
462	35	1	0.0	0	3133	0
462	45	28	0.0	0	3133	0
462	52	7	0.0	0	3133	0
462	60	28	0.0	0	3133	0
462	75	22	0.0	0	3133	0
462	78	5	0.0	0	3133	0
462	87	19	0.0	0	3133	0
462	88	26	0.0	0	3133	0
463	1	30	0.0	0	3133	0
463	4	26	0.0	0	3133	0
463	8	23	0.0	0	3133	0
463	15	17	0.0	0	3133	0
463	28	7	0.0	0	3133	0
463	33	27	0.0	0	3133	0
463	40	27	0.0	0	3133	0
463	45	26	0.0	0	3133	0
463	57	31	0.0	0	3133	0
463	66	25	0.0	0	3133	0
463	72	19	0.0	0	3133	0
463	73	4	0.0	0	3133	0
463	76	3	0.0	0	3133	0
463	83	29	0.0	0	3133	0
463	85	10	0.0	0	3133	0
463	88	13	0.0	0	3133	0
463	88	14	0.0	0	3133	0
464	2	24	0.0	0	3133	0
464	5	21	0.0	0	3133	0
464	5	24	0.0	0	3133	0
464	7	15	0.0	0	3133	0
464	11	22	0.0	0	3133	0
464	11	28	0.0	0	3133	0
464	12	13	0.0	0	3133	0
464	36	16	0.0	0	3133	0
464	40	8	0.0	0	3133	0
464	44	21	0.0	0	3133	0
464	45	6	0.0	0	3133	0
464	47	31	0.0	0	3133	0
464	52	16	0.0	0	3133	0
464	59	5	0.0	0	3133	0
464	66	4	0.0	0	3133	0
464	72	17	0.0	0	3133	0
464	79	3	0.0	0	3133	0
464	80	23	0.0	0	3133	0
464	81	29	0.0	0	3133	0
464	84	19	0.0	0	3133	0
464	94	0	0.0	0	3133	0
465	2	11	0.0	0	3133	0
465	4	27	0.0	0	3133	0
465	8	0	0.0	0	3133	0
465	10	30	0.0	0	3133	0
465	16	30	0.0	0	3133	0
465	18	16	0.0	0	3133	0
465	19	26	0.0	0	3133	0
465	20	16	0.0	0	3133	0
465	48	10	0.0	0	3133	0
465	52	10	0.0	0	3133	0
465	54	21	0.0	0	3133	0
465	55	8	0.0	0	3133	0
465	69	6	0.0	0	3133	0
465	70	15	0.0	0	3133	0
465	80	22	0.0	0	3133	0
465	83	29	0.0	0	3133	0
465	84	13	0.0	0	3133	0
465	88	19	0.0	0	3133	0
465	93	3	0.0	0	3133	0
465	98	12	0.0	0	3133	0
465	98	19	0.0	0	3133	0
466	1	0	0.0	0	3133	0
466	6	5	0.0	0	3133	0
466	7	6	0.0	0	3133	0
466	17	29	0.0	0	3133	0
466	35	30	0.0	0	3133	0
466	40	2	0.0	0	3133	0
466	46	1	0.0	0	3133	0
466	50	1	0.0	0	3133	0
466	54	17	0.0	0	3133	0
466	56	12	0.0	0	3133	0
466	58	16	0.0	0	3133	0
466	60	11	0.0	0	3133	0
466	73	18	0.0	0	3133	0
466	79	19	0.0	0	3133	0
466	82	20	0.0	0	3133	0
466	86	31	0.0	0	3133	0
466	89	30	0.0	0	3133	0
466	90	7	0.0	0	3133	0
466	92	24	0.0	0	3133	0
466	93	11	0.0	0	3133	0
466	99	18	0.0	0	3133	0
467	0	20	0.0	0	3133	0
467	1	17	0.0	0	3133	0
467	1	18	0.0	0	3133	0
467	3	21	0.0	0	3133	0
467	4	24	0.0	0	3133	0
467	4	29	0.0	0	3133	0
467	15	13	0.0	0	3133	0
467	19	22	0.0	0	3133	0
467	57	29	0.0	0	3133	0
467	66	8	0.0	0	3133	0
467	72	14	0.0	0	3133	0
467	73	9	0.0	0	3133	0
467	73	12	0.0	0	3133	0
467	74	8	0.0	0	3133	0
467	75	26	0.0	0	3133	0
467	76	31	0.0	0	3133	0
467	80	10	0.0	0	3133	0
467	82	26	0.0	0	3133	0
467	100	5	0.0	0	3133	0
468	10	23	0.0	0	3133	0
468	10	26	0.0	0	3133	0
468	13	17	0.0	0	3133	0
468	15	12	0.0	0	3133	0
468	20	12	0.0	0	3133	0
468	27	15	0.0	0	3133	0
468	29	13	0.0	0	3133	0
468	31	29	0.0	0	3133	0
468	45	25	0.0	0	3133	0
468	58	16	0.0	0	3133	0
468	61	22	0.0	0	3133	0
468	66	27	0.0	0	3133	0
468	78	3	0.0	0	3133	0
468	81	4	0.0	0	3133	0
468	83	25	0.0	0	3133	0
468	89	29	0.0	0	3133	0
468	90	18	0.0	0	3133	0
468	90	31	0.0	0	3133	0
468	92	6	0.0	0	3133	0
469	1	21	0.0	0	3133	0
469	4	28	0.0	0	3133	0
469	10	26	0.0	0	3133	0
469	31	0	0.0	0	3133	0
469	42	10	0.0	0	3133	0
469	65	4	0.0	0	3133	0
469	69	16	0.0	0	3133	0
469	74	26	0.0	0	3133	0
469	75	31	0.0	0	3133	0
469	80	28	0.0	0	3133	0
469	90	29	0.0	0	3133	0
469	91	26	0.0	0	3133	0
469	93	25	0.0	0	3133	0
469	95	8	0.0	0	3133	0
469	96	10	0.0	0	3133	0
470	4	13	0.0	0	3133	0
470	9	2	0.0	0	3133	0
470	16	16	0.0	0	3133	0
470	31	28	0.0	0	3133	0
470	38	3	0.0	0	3133	0
470	40	20	0.0	0	3133	0
470	46	6	0.0	0	3133	0
470	47	24	0.0	0	3133	0
470	49	8	0.0	0	3133	0
470	52	2	0.0	0	3133	0
470	57	19	0.0	0	3133	0
470	59	21	0.0	0	3133	0
470	65	24	0.0	0	3133	0
470	68	18	0.0	0	3133	0
470	71	2	0.0	0	3133	0
470	71	11	0.0	0	3133	0
470	77	24	0.0	0	3133	0
470	78	19	0.0	0	3133	0
470	81	7	0.0	0	3133	0
470	81	11	0.0	0	3133	0
470	83	16	0.0	0	3133	0
470	84	6	0.0	0	3133	0
470	93	31	0.0	0	3133	0
471	5	2	0.0	0	3133	0
471	8	15	0.0	0	3133	0
471	8	25	0.0	0	3133	0
471	9	23	0.0	0	3133	0
471	11	4	0.0	0	3133	0
471	13	22	0.0	0	3133	0
471	13	23	0.0	0	3133	0
471	15	1	0.0	0	3133	0
471	16	6	0.0	0	3133	0
471	19	17	0.0	0	3133	0
471	22	17	0.0	0	3133	0
471	25	27	0.0	0	3133	0
471	28	8	0.0	0	3133	0
471	42	13	0.0	0	3133	0
471	42	20	0.0	0	3133	0
471	48	21	0.0	0	3133	0
471	64	13	0.0	0	3133	0
471	72	24	0.0	0	3133	0
471	73	1	0.0	0	3133	0
471	78	6	0.0	0	3133	0
471	87	14	0.0	0	3133	0
471	90	6	0.0	0	3133	0
471	92	22	0.0	0	3133	0
471	94	15	0.0	0	3133	0
471	96	13	0.0	0	3133	0
471	98	1	0.0	0	3133	0
472	5	10	0.0	0	3133	0
472	7	26	0.0	0	3133	0
472	12	25	0.0	0	3133	0
472	14	15	0.0	0	3133	0
472	17	26	0.0	0	3133	0
472	23	6	0.0	0	3133	0
472	27	14	0.0	0	3133	0
472	29	22	0.0	0	3133	0
472	30	27	0.0	0	3133	0
472	32	21	0.0	0	3133	0
472	53	5	0.0	0	3133	0
472	64	16	0.0	0	3133	0
472	64	30	0.0	0	3133	0
472	75	29	0.0	0	3133	0
472	76	25	0.0	0	3133	0
472	79	0	0.0	0	3133	0
472	81	27	0.0	0	3133	0
472	97	12	0.0	0	3133	0
472	98	4	0.0	0	3133	0
472	100	23	0.0	0	3133	0
473	0	11	0.0	0	3133	0
473	7	3	0.0	0	3133	0
473	17	28	0.0	0	3133	0
473	20	5	0.0	0	3133	0
473	29	27	0.0	0	3133	0
473	35	29	0.0	0	3133	0
473	39	30	0.0	0	3133	0
473	41	8	0.0	0	3133	0
473	48	23	0.0	0	3133	0
473	49	13	0.0	0	3133	0
473	56	23	0.0	0	3133	0
473	60	3	0.0	0	3133	0
473	63	28	0.0	0	3133	0
473	71	7	0.0	0	3133	0
473	74	29	0.0	0	3133	0
473	79	9	0.0	0	3133	0
473	82	31	0.0	0	3133	0
473	83	21	0.0	0	3133	0
473	90	21	0.0	0	3133	0
473	90	29	0.0	0	3133	0
473	100	9	0.0	0	3133	0
474	1	3	0.0	0	3133	0
474	1	7	0.0	0	3133	0
474	2	25	0.0	0	3133	0
474	3	26	0.0	0	3133	0
474	15	2	0.0	0	3133	0
474	16	31	0.0	0	3133	0
474	21	27	0.0	0	3133	0
474	26	16	0.0	0	3133	0
474	30	19	0.0	0	3133	0
474	49	5	0.0	0	3133	0
474	50	30	0.0	0	3133	0
474	52	31	0.0	0	3133	0
474	53	15	0.0	0	3133	0
474	58	7	0.0	0	3133	0
474	58	25	0.0	0	3133	0
474	59	11	0.0	0	3133	0
474	64	8	0.0	0	3133	0
474	65	16	0.0	0	3133	0
474	83	16	0.0	0	3133	0
474	91	16	0.0	0	3133	0
474	94	9	0.0	0	3133	0
474	96	17	0.0	0	3133	0
474	98	11	0.0	0	3133	0
475	1	23	0.0	0	3133	0
475	2	2	0.0	0	3133	0
475	2	3	0.0	0	3133	0
475	3	24	0.0	0	3133	0
475	9	5	0.0	0	3133	0
475	16	20	0.0	0	3133	0
475	18	5	0.0	0	3133	0
475	20	26	0.0	0	3133	0
475	23	11	0.0	0	3133	0
475	25	18	0.0	0	3133	0
475	28	3	0.0	0	3133	0
475	33	10	0.0	0	3133	0
475	34	10	0.0	0	3133	0
475	38	13	0.0	0	3133	0
475	38	26	0.0	0	3133	0
475	40	5	0.0	0	3133	0
475	40	27	0.0	0	3133	0
475	45	21	0.0	0	3133	0
475	48	22	0.0	0	3133	0
475	53	28	0.0	0	3133	0
475	58	27	0.0	0	3133	0
475	62	11	0.0	0	3133	0
475	65	29	0.0	0	3133	0
475	67	10	0.0	0	3133	0
475	70	10	0.0	0	3133	0
475	80	20	0.0	0	3133	0
475	85	10	0.0	0	3133	0
475	88	20	0.0	0	3133	0
475	91	5	0.0	0	3133	0
475	94	0	0.0	0	3133	0
476	7	1	0.0	0	3133	0
476	10	29	0.0	0	3133	0
476	32	21	0.0	0	3133	0
476	38	3	0.0	0	3133	0
476	43	8	0.0	0	3133	0
476	49	5	0.0	0	3133	0
476	67	13	0.0	0	3133	0
476	68	7	0.0	0	3133	0
476	73	1	0.0	0	3133	0
476	75	25	0.0	0	3133	0
476	77	16	0.0	0	3133	0
476	79	8	0.0	0	3133	0
476	79	13	0.0	0	3133	0
476	86	22	0.0	0	3133	0
476	88	11	0.0	0	3133	0
476	88	17	0.0	0	3133	0
477	1	25	0.0	0	3133	0
477	3	15	0.0	0	3133	0
477	5	6	0.0	0	3133	0
477	8	1	0.0	0	3133	0
477	8	26	0.0	0	3133	0
477	28	27	0.0	0	3133	0
477	31	5	0.0	0	3133	0
477	36	7	0.0	0	3133	0
477	39	6	0.0	0	3133	0
477	46	28	0.0	0	3133	0
477	50	26	0.0	0	3133	0
477	51	0	0.0	0	3133	0
477	51	4	0.0	0	3133	0
477	51	17	0.0	0	3133	0
477	63	26	0.0	0	3133	0
477	87	19	0.0	0	3133	0
477	93	9	0.0	0	3133	0
477	96	30	0.0	0	3133	0
477	97	3	0.0	0	3133	0
477	99	26	0.0	0	3133	0
478	2	24	0.0	0	3133	0
478	2	28	0.0	0	3133	0
478	5	17	0.0	0	3133	0
478	17	17	0.0	0	3133	0
478	19	7	0.0	0	3133	0
478	22	9	0.0	0	3133	0
478	29	15	0.0	0	3133	0
478	29	29	0.0	0	3133	0
478	43	29	0.0	0	3133	0
478	45	0	0.0	0	3133	0
478	48	25	0.0	0	3133	0
478	53	4	0.0	0	3133	0
478	56	1	0.0	0	3133	0
478	58	11	0.0	0	3133	0
478	63	25	0.0	0	3133	0
478	63	28	0.0	0	3133	0
478	74	27	0.0	0	3133	0
478	85	13	0.0	0	3133	0
478	90	30	0.0	0	3133	0
478	94	19	0.0	0	3133	0
478	95	20	0.0	0	3133	0
478	96	20	0.0	0	3133	0
478	97	21	0.0	0	3133	0
479	0	20	0.0	0	3133	0
479	4	17	0.0	0	3133	0
479	15	7	0.0	0	3133	0
479	17	17	0.0	0	3133	0
479	26	1	0.0	0	3133	0
479	26	5	0.0	0	3133	0
479	26	7	0.0	0	3133	0
479	28	20	0.0	0	3133	0
479	30	2	0.0	0	3133	0
479	35	16	0.0	0	3133	0
479	36	21	0.0	0	3133	0
479	37	4	0.0	0	3133	0
479	40	5	0.0	0	3133	0
479	47	29	0.0	0	3133	0
479	49	24	0.0	0	3133	0
479	55	13	0.0	0	3133	0
479	58	3	0.0	0	3133	0
479	63	29	0.0	0	3133	0
479	65	9	0.0	0	3133	0
479	75	13	0.0	0	3133	0
479	79	21	0.0	0	3133	0
479	82	1	0.0	0	3133	0
479	88	31	0.0	0	3133	0
479	90	10	0.0	0	3133	0
479	92	3	0.0	0	3133	0
479	93	9	0.0	0	3133	0
479	96	13	0.0	0	3133	0
479	100	30	0.0	0	3133	0
480	1	27	0.0	0	3133	0
480	5	18	0.0	0	3133	0
480	15	6	0.0	0	3133	0
480	18	18	0.0	0	3133	0
480	30	10	0.0	0	3133	0
480	31	9	0.0	0	3133	0
480	33	18	0.0	0	3133	0
480	40	13	0.0	0	3133	0
480	40	29	0.0	0	3133	0
480	45	10	0.0	0	3133	0
480	49	4	0.0	0	3133	0
480	52	14	0.0	0	3133	0
480	55	0	0.0	0	3133	0
480	60	30	0.0	0	3133	0
480	61	10	0.0	0	3133	0
480	62	9	0.0	0	3133	0
480	62	16	0.0	0	3133	0
480	63	9	0.0	0	3133	0
480	71	13	0.0	0	3133	0
480	81	25	0.0	0	3133	0
480	82	21	0.0	0	3133	0
480	86	28	0.0	0	3133	0
480	87	19	0.0	0	3133	0
480	92	11	0.0	0	3133	0
480	100	0	0.0	0	3133	0
481	0	4	0.0	0	3133	0
481	1	4	0.0	0	3133	0
481	2	2	0.0	0	3133	0
481	5	16	0.0	0	3133	0
481	10	4	0.0	0	3133	0
481	10	27	0.0	0	3133	0
481	16	9	0.0	0	3133	0
481	17	31	0.0	0	3133	0
481	19	13	0.0	0	3133	0
481	23	8	0.0	0	3133	0
481	33	19	0.0	0	3133	0
481	33	25	0.0	0	3133	0
481	43	1	0.0	0	3133	0
481	46	23	0.0	0	3133	0
481	61	1	0.0	0	3133	0
481	63	7	0.0	0	3133	0
481	66	28	0.0	0	3133	0
481	67	8	0.0	0	3133	0
481	70	15	0.0	0	3133	0
481	72	21	0.0	0	3133	0
481	73	15	0.0	0	3133	0
481	79	20	0.0	0	3133	0
481	88	6	0.0	0	3133	0
481	93	9	0.0	0	3133	0
481	94	12	0.0	0	3133	0
481	97	25	0.0	0	3133	0
481	99	11	0.0	0	3133	0
482	1	23	0.0	0	3133	0
482	13	19	0.0	0	3133	0
482	15	24	0.0	0	3133	0
482	23	27	0.0	0	3133	0
482	25	22	0.0	0	3133	0
482	30	28	0.0	0	3133	0
482	32	1	0.0	0	3133	0
482	33	7	0.0	0	3133	0
482	40	21	0.0	0	3133	0
482	44	15	0.0	0	3133	0
482	45	11	0.0	0	3133	0
482	48	10	0.0	0	3133	0
482	51	14	0.0	0	3133	0
482	59	15	0.0	0	3133	0
482	78	28	0.0	0	3133	0
482	82	12	0.0	0	3133	0
482	88	4	0.0	0	3133	0
482	93	31	0.0	0	3133	0
482	99	2	0.0	0	3133	0
483	6	20	0.0	0	3133	0
483	10	1	0.0	0	3133	0
483	11	14	0.0	0	3133	0
483	15	2	0.0	0	3133	0
483	15	18	0.0	0	3133	0
483	24	6	0.0	0	3133	0
483	30	11	0.0	0	3133	0
483	33	21	0.0	0	3133	0
483	33	30	0.0	0	3133	0
483	54	12	0.0	0	3133	0
483	63	14	0.0	0	3133	0
483	71	14	0.0	0	3133	0
483	76	11	0.0	0	3133	0
483	78	14	0.0	0	3133	0
483	82	14	0.0	0	3133	0
483	83	4	0.0	0	3133	0
483	87	26	0.0	0	3133	0
483	94	7	0.0	0	3133	0
484	1	4	0.0	0	3133	0
484	2	19	0.0	0	3133	0
484	7	21	0.0	0	3133	0
484	13	25	0.0	0	3133	0
484	13	28	0.0	0	3133	0
484	16	11	0.0	0	3133	0
484	18	0	0.0	0	3133	0
484	23	26	0.0	0	3133	0
484	24	27	0.0	0	3133	0
484	26	11	0.0	0	3133	0
484	31	26	0.0	0	3133	0
484	44	2	0.0	0	3133	0
484	45	1	0.0	0	3133	0
484	46	30	0.0	0	3133	0
484	47	10	0.0	0	3133	0
484	48	23	0.0	0	3133	0
484	48	28	0.0	0	3133	0
484	53	18	0.0	0	3133	0
484	64	25	0.0	0	3133	0
484	68	4	0.0	0	3133	0
484	73	30	0.0	0	3133	0
484	76	11	0.0	0	3133	0
484	81	8	0.0	0	3133	0
484	83	13	0.0	0	3133	0
484	87	15	0.0	0	3133	0
484	87	25	0.0	0	3133	0
484	90	12	0.0	0	3133	0
484	92	1	0.0	0	3133	0
484	94	18	0.0	0	3133	0
484	96	26	0.0	0	3133	0
484	97	0	0.0	0	3133	0
485	1	17	0.0	0	3133	0
485	11	31	0.0	0	3133	0
485	16	15	0.0	0	3133	0
485	19	5	0.0	0	3133	0
485	31	4	0.0	0	3133	0
485	32	30	0.0	0	3133	0
485	42	10	0.0	0	3133	0
485	50	1	0.0	0	3133	0
485	50	29	0.0	0	3133	0
485	63	9	0.0	0	3133	0
485	64	23	0.0	0	3133	0
485	68	24	0.0	0	3133	0
485	70	23	0.0	0	3133	0
485	71	31	0.0	0	3133	0
485	72	28	0.0	0	3133	0
485	75	8	0.0	0	3133	0
485	77	31	0.0	0	3133	0
485	79	25	0.0	0	3133	0
485	81	27	0.0	0	3133	0
485	81	31	0.0	0	3133	0
485	84	26	0.0	0	3133	0
485	86	4	0.0	0	3133	0
485	87	1	0.0	0	3133	0
485	89	4	0.0	0	3133	0
485	90	28	0.0	0	3133	0
485	94	21	0.0	0	3133	0
485	95	2	0.0	0	3133	0
485	97	27	0.0	0	3133	0
485	100	21	0.0	0	3133	0
486	5	1	0.0	0	3133	0
486	8	10	0.0	0	3133	0
486	8	22	0.0	0	3133	0
486	8	23	0.0	0	3133	0
486	10	11	0.0	0	3133	0
486	13	10	0.0	0	3133	0
486	13	22	0.0	0	3133	0
486	22	11	0.0	0	3133	0
486	26	7	0.0	0	3133	0
486	33	28	0.0	0	3133	0
486	38	0	0.0	0	3133	0
486	40	16	0.0	0	3133	0
486	59	12	0.0	0	3133	0
486	62	6	0.0	0	3133	0
486	64	0	0.0	0	3133	0
486	65	27	0.0	0	3133	0
486	66	22	0.0	0	3133	0
486	73	15	0.0	0	3133	0
486	76	21	0.0	0	3133	0
486	94	24	0.0	0	3133	0
486	94	29	0.0	0	3133	0
487	6	10	0.0	0	3133	0
487	15	17	0.0	0	3133	0
487	25	8	0.0	0	3133	0
487	25	11	0.0	0	3133	0
487	27	9	0.0	0	3133	0
487	29	19	0.0	0	3133	0
487	43	19	0.0	0	3133	0
487	48	24	0.0	0	3133	0
487	52	30	0.0	0	3133	0
487	56	2	0.0	0	3133	0
487	62	3	0.0	0	3133	0
487	63	15	0.0	0	3133	0
487	63	28	0.0	0	3133	0
487	71	26	0.0	0	3133	0
487	83	30	0.0	0	3133	0
487	87	6	0.0	0	3133	0
487	88	27	0.0	0	3133	0
487	91	9	0.0	0	3133	0
487	93	2	0.0	0	3133	0
487	94	18	0.0	0	3133	0
488	0	2	0.0	0	3133	0
488	13	15	0.0	0	3133	0
488	14	5	0.0	0	3133	0
488	17	25	0.0	0	3133	0
488	25	27	0.0	0	3133	0
488	26	5	0.0	0	3133	0
488	32	16	0.0	0	3133	0
488	34	6	0.0	0	3133	0
488	38	10	0.0	0	3133	0
488	40	13	0.0	0	3133	0
488	42	26	0.0	0	3133	0
488	43	15	0.0	0	3133	0
488	48	30	0.0	0	3133	0
488	56	7	0.0	0	3133	0
488	66	15	0.0	0	3133	0
488	73	0	0.0	0	3133	0
488	74	9	0.0	0	3133	0
488	75	2	0.0	0	3133	0
488	86	3	0.0	0	3133	0
488	89	10	0.0	0	3133	0
488	89	22	0.0	0	3133	0
488	98	3	0.0	0	3133	0
489	0	18	0.0	0	3133	0
489	1	18	0.0	0	3133	0
489	2	26	0.0	0	3133	0
489	2	29	0.0	0	3133	0
489	19	22	0.0	0	3133	0
489	30	7	0.0	0	3133	0
489	32	1	0.0	0	3133	0
489	33	10	0.0	0	3133	0
489	36	15	0.0	0	3133	0
489	41	5	0.0	0	3133	0
489	47	10	0.0	0	3133	0
489	48	17	0.0	0	3133	0
489	49	5	0.0	0	3133	0
489	66	24	0.0	0	3133	0
489	69	24	0.0	0	3133	0
489	75	19	0.0	0	3133	0
489	76	6	0.0	0	3133	0
489	78	20	0.0	0	3133	0
489	80	20	0.0	0	3133	0
489	81	2	0.0	0	3133	0
489	81	6	0.0	0	3133	0
489	81	14	0.0	0	3133	0
489	81	22	0.0	0	3133	0
489	94	19	0.0	0	3133	0
489	95	13	0.0	0	3133	0
489	95	20	0.0	0	3133	0
489	98	11	0.0	0	3133	0
490	14	7	0.0	0	3133	0
490	20	15	0.0	0	3133	0
490	25	9	0.0	0	3133	0
490	38	24	0.0	0	3133	0
490	39	12	0.0	0	3133	0
490	39	13	0.0	0	3133	0
490	46	16	0.0	0	3133	0
490	57	14	0.0	0	3133	0
490	63	5	0.0	0	3133	0
490	69	28	0.0	0	3133	0
490	69	31	0.0	0	3133	0
490	74	3	0.0	0	3133	0
490	79	1	0.0	0	3133	0
490	80	11	0.0	0	3133	0
490	82	20	0.0	0	3133	0
490	83	10	0.0	0	3133	0
490	87	16	0.0	0	3133	0
490	89	16	0.0	0	3133	0
490	95	13	0.0	0	3133	0
490	95	14	0.0	0	3133	0
490	97	22	0.0	0	3133	0
491	1	5	0.0	0	3133	0
491	2	31	0.0	0	3133	0
491	5	8	0.0	0	3133	0
491	6	27	0.0	0	3133	0
491	8	5	0.0	0	3133	0
491	11	12	0.0	0	3133	0
491	18	5	0.0	0	3133	0
491	18	31	0.0	0	3133	0
491	27	14	0.0	0	3133	0
491	27	23	0.0	0	3133	0
491	39	6	0.0	0	3133	0
491	43	8	0.0	0	3133	0
491	43	15	0.0	0	3133	0
491	58	13	0.0	0	3133	0
491	66	20	0.0	0	3133	0
491	66	27	0.0	0	3133	0
491	73	7	0.0	0	3133	0
491	77	8	0.0	0	3133	0
491	83	28	0.0	0	3133	0
491	84	23	0.0	0	3133	0
491	87	7	0.0	0	3133	0
491	87	22	0.0	0	3133	0
491	98	17	0.0	0	3133	0
492	3	12	0.0	0	3133	0
492	9	4	0.0	0	3133	0
492	10	22	0.0	0	3133	0
492	11	10	0.0	0	3133	0
492	16	16	0.0	0	3133	0
492	18	17	0.0	0	3133	0
492	18	29	0.0	0	3133	0
492	21	19	0.0	0	3133	0
492	24	15	0.0	0	3133	0
492	31	12	0.0	0	3133	0
492	42	29	0.0	0	3133	0
492	43	11	0.0	0	3133	0
492	54	11	0.0	0	3133	0
492	66	15	0.0	0	3133	0
492	72	1	0.0	0	3133	0
492	73	24	0.0	0	3133	0
492	79	2	0.0	0	3133	0
492	82	23	0.0	0	3133	0
492	93	9	0.0	0	3133	0
493	4	8	0.0	0	3133	0
493	10	28	0.0	0	3133	0
493	11	11	0.0	0	3133	0
493	13	27	0.0	0	3133	0
493	17	25	0.0	0	3133	0
493	19	11	0.0	0	3133	0
493	22	24	0.0	0	3133	0
493	24	10	0.0	0	3133	0
493	32	2	0.0	0	3133	0
493	34	15	0.0	0	3133	0
493	49	14	0.0	0	3133	0
493	62	25	0.0	0	3133	0
493	64	5	0.0	0	3133	0
493	64	8	0.0	0	3133	0
493	77	12	0.0	0	3133	0
493	77	18	0.0	0	3133	0
493	78	28	0.0	0	3133	0
493	82	26	0.0	0	3133	0
493	84	4	0.0	0	3133	0
493	84	9	0.0	0	3133	0
493	85	22	0.0	0	3133	0
493	91	23	0.0	0	3133	0
493	92	9	0.0	0	3133	0
493	93	19	0.0	0	3133	0
494	11	8	0.0	0	3133	0
494	11	29	0.0	0	3133	0
494	14	14	0.0	0	3133	0
494	17	7	0.0	0	3133	0
494	31	10	0.0	0	3133	0
494	31	28	0.0	0	3133	0
494	33	8	0.0	0	3133	0
494	33	26	0.0	0	3133	0
494	39	24	0.0	0	3133	0
494	44	24	0.0	0	3133	0
494	47	11	0.0	0	3133	0
494	78	3	0.0	0	3133	0
494	80	23	0.0	0	3133	0
494	82	29	0.0	0	3133	0
494	88	18	0.0	0	3133	0
494	90	9	0.0	0	3133	0
494	93	16	0.0	0	3133	0
494	96	10	0.0	0	3133	0
495	0	23	0.0	0	3133	0
495	9	8	0.0	0	3133	0
495	15	28	0.0	0	3133	0
495	16	11	0.0	0	3133	0
495	19	30	0.0	0	3133	0
495	26	13	0.0	0	3133	0
495	29	16	0.0	0	3133	0
495	41	26	0.0	0	3133	0
495	47	0	0.0	0	3133	0
495	50	22	0.0	0	3133	0
495	55	24	0.0	0	3133	0
495	55	31	0.0	0	3133	0
495	56	23	0.0	0	3133	0
495	69	16	0.0	0	3133	0
495	71	3	0.0	0	3133	0
495	78	29	0.0	0	3133	0
495	79	19	0.0	0	3133	0
495	93	15	0.0	0	3133	0
496	2	20	0.0	0	3133	0
496	4	17	0.0	0	3133	0
496	4	26	0.0	0	3133	0
496	8	29	0.0	0	3133	0
496	13	11	0.0	0	3133	0
496	17	4	0.0	0	3133	0
496	19	20	0.0	0	3133	0
496	25	1	0.0	0	3133	0
496	27	6	0.0	0	3133	0
496	32	25	0.0	0	3133	0
496	37	5	0.0	0	3133	0
496	40	20	0.0	0	3133	0
496	41	14	0.0	0	3133	0
496	46	12	0.0	0	3133	0
496	76	29	0.0	0	3133	0
496	80	29	0.0	0	3133	0
496	92	4	0.0	0	3133	0
496	94	13	0.0	0	3133	0
497	2	30	0.0	0	3133	0
497	5	6	0.0	0	3133	0
497	5	28	0.0	0	3133	0
497	6	12	0.0	0	3133	0
497	6	27	0.0	0	3133	0
497	12	15	0.0	0	3133	0
497	20	19	0.0	0	3133	0
497	26	22	0.0	0	3133	0
497	36	16	0.0	0	3133	0
497	41	7	0.0	0	3133	0
497	42	25	0.0	0	3133	0
497	48	10	0.0	0	3133	0
497	72	15	0.0	0	3133	0
497	75	28	0.0	0	3133	0
497	77	2	0.0	0	3133	0
497	77	31	0.0	0	3133	0
497	79	13	0.0	0	3133	0
497	87	17	0.0	0	3133	0
497	88	21	0.0	0	3133	0
497	90	19	0.0	0	3133	0
497	91	9	0.0	0	3133	0
497	93	22	0.0	0	3133	0
497	94	5	0.0	0	3133	0
497	94	12	0.0	0	3133	0
498	2	1	0.0	0	3133	0
498	12	18	0.0	0	3133	0
498	15	28	0.0	0	3133	0
498	16	13	0.0	0	3133	0
498	25	25	0.0	0	3133	0
498	42	9	0.0	0	3133	0
498	42	19	0.0	0	3133	0
498	46	4	0.0	0	3133	0
498	50	13	0.0	0	3133	0
498	50	29	0.0	0	3133	0
498	53	24	0.0	0	3133	0
498	66	29	0.0	0	3133	0
498	70	10	0.0	0	3133	0
498	72	20	0.0	0	3133	0
498	74	31	0.0	0	3133	0
498	75	1	0.0	0	3133	0
498	78	10	0.0	0	3133	0
498	80	26	0.0	0	3133	0
498	82	21	0.0	0	3133	0
498	86	4	0.0	0	3133	0
498	89	0	0.0	0	3133	0
498	89	9	0.0	0	3133	0
498	90	8	0.0	0	3133	0
499	5	9	0.0	0	3133	0
499	12	0	0.0	0	3133	0
499	12	17	0.0	0	3133	0
499	18	13	0.0	0	3133	0
499	20	17	0.0	0	3133	0
499	24	15	0.0	0	3133	0
499	27	7	0.0	0	3133	0
499	29	16	0.0	0	3133	0
499	43	1	0.0	0	3133	0
499	43	9	0.0	0	3133	0
499	49	9	0.0	0	3133	0
499	49	13	0.0	0	3133	0
499	50	22	0.0	0	3133	0
499	54	24	0.0	0	3133	0
499	68	2	0.0	0	3133	0
499	76	19	0.0	0	3133	0
499	78	11	0.0	0	3133	0
499	86	25	0.0	0	3133	0
499	89	22	0.0	0	3133	0
499	90	9	0.0	0	3133	0
499	91	1	0.0	0	3133	0
499	95	14	0.0	0	3133	0
499	98	23	0.0	0	3133	0
500	1	19	0.0	0	3133	0
500	10	16	0.0	0	3133	0
500	23	27	0.0	0	3133	0
500	31	1	0.0	0	3133	0
500	32	17	0.0	0	3133	0
500	35	14	0.0	0	3133	0
500	41	2	0.0	0	3133	0
500	43	7	0.0	0	3133	0
500	43	21	0.0	0	3133	0
500	52	1	0.0	0	3133	0
500	61	23	0.0	0	3133	0
500	65	7	0.0	0	3133	0
500	66	2	0.0	0	3133	0
500	70	9	0.0	0	3133	0
500	86	4	0.0	0	3133	0
500	87	8	0.0	0	3133	0
500	91	20	0.0	0	3133	0
500	95	1	0.0	0	3133	0
500	95	25	0.0	0	3133	0
501	1	12	0.0	0	3133	0
501	3	13	0.0	0	3133	0
501	3	17	0.0	0	3133	0
501	9	24	0.0	0	3133	0
501	12	29	0.0	0	3133	0
501	15	18	0.0	0	3133	0
501	16	21	0.0	0	3133	0
501	16	30	0.0	0	3133	0
501	19	1	0.0	0	3133	0
501	21	26	0.0	0	3133	0
501	32	12	0.0	0	3133	0
501	39	1	0.0	0	3133	0
501	43	24	0.0	0	3133	0
501	44	14	0.0	0	3133	0
501	44	24	0.0	0	3133	0
501	48	21	0.0	0	3133	0
501	48	24	0.0	0	3133	0
501	50	1	0.0	0	3133	0
501	51	16	0.0	0	3133	0
501	53	21	0.0	0	3133	0
501	55	6	0.0	0	3133	0
501	63	26	0.0	0	3133	0
501	67	5	0.0	0	3133	0
501	70	2	0.0	0	3133	0
501	73	1	0.0	0	3133	0
501	92	15	0.0	0	3133	0
501	93	4	0.0	0	3133	0
502	1	1	0.0	0	3133	0
502	6	6	0.0	0	3133	0
502	6	19	0.0	0	3133	0
502	9	4	0.0	0	3133	0
502	14	27	0.0	0	3133	0
502	16	10	0.0	0	3133	0
502	17	28	0.0	0	3133	0
502	19	19	0.0	0	3133	0
502	20	13	0.0	0	3133	0
502	20	16	0.0	0	3133	0
502	22	22	0.0	0	3133	0
502	23	26	0.0	0	3133	0
502	25	29	0.0	0	3133	0
502	26	1	0.0	0	3133	0
502	27	29	0.0	0	3133	0
502	38	1	0.0	0	3133	0
502	43	2	0.0	0	3133	0
502	50	16	0.0	0	3133	0
502	52	15	0.0	0	3133	0
502	54	26	0.0	0	3133	0
502	59	7	0.0	0	3133	0
502	61	29	0.0	0	3133	0
502	63	21	0.0	0	3133	0
502	66	17	0.0	0	3133	0
502	67	0	0.0	0	3133	0
502	75	14	0.0	0	3133	0
502	82	8	0.0	0	3133	0
502	84	29	0.0	0	3133	0
502	88	16	0.0	0	3133	0
502	90	16	0.0	0	3133	0
502	90	27	0.0	0	3133	0
503	0	7	0.0	0	3133	0
503	2	2	0.0	0	3133	0
503	2	29	0.0	0	3133	0
503	4	11	0.0	0	3133	0
503	10	22	0.0	0	3133	0
503	12	2	0.0	0	3133	0
503	19	9	0.0	0	3133	0
503	22	5	0.0	0	3133	0
503	33	4	0.0	0	3133	0
503	40	7	0.0	0	3133	0
503	62	30	0.0	0	3133	0
503	63	24	0.0	0	3133	0
503	69	10	0.0	0	3133	0
503	69	27	0.0	0	3133	0
503	70	18	0.0	0	3133	0
503	77	26	0.0	0	3133	0
503	79	15	0.0	0	3133	0
503	80	27	0.0	0	3133	0
503	82	28	0.0	0	3133	0
503	84	19	0.0	0	3133	0
503	94	16	0.0	0	3133	0
504	5	12	0.0	0	3133	0
504	5	27	0.0	0	3133	0
504	8	23	0.0	0	3133	0
504	14	22	0.0	0	3133	0
504	15	30	0.0	0	3133	0
504	22	12	0.0	0	3133	0
504	23	20	0.0	0	3133	0
504	25	7	0.0	0	3133	0
504	25	25	0.0	0	3133	0
504	31	7	0.0	0	3133	0
504	33	3	0.0	0	3133	0
504	46	11	0.0	0	3133	0
504	58	18	0.0	0	3133	0
504	64	19	0.0	0	3133	0
504	65	17	0.0	0	3133	0
504	68	6	0.0	0	3133	0
504	68	27	0.0	0	3133	0
504	71	4	0.0	0	3133	0
504	77	10	0.0	0	3133	0
504	82	26	0.0	0	3133	0
504	93	7	0.0	0	3133	0
504	93	11	0.0	0	3133	0
504	97	13	0.0	0	3133	0
504	97	22	0.0	0	3133	0
505	13	28	0.0	0	3133	0
505	30	11	0.0	0	3133	0
505	30	21	0.0	0	3133	0
505	31	21	0.0	0	3133	0
505	47	12	0.0	0	3133	0
505	51	3	0.0	0	3133	0
505	53	24	0.0	0	3133	0
505	54	12	0.0	0	3133	0
505	56	15	0.0	0	3133	0
505	58	4	0.0	0	3133	0
505	64	10	0.0	0	3133	0
505	67	10	0.0	0	3133	0
505	67	28	0.0	0	3133	0
505	81	8	0.0	0	3133	0
505	83	5	0.0	0	3133	0
505	86	28	0.0	0	3133	0
505	88	21	0.0	0	3133	0
505	90	15	0.0	0	3133	0
505	95	2	0.0	0	3133	0
505	96	29	0.0	0	3133	0
505	99	10	0.0	0	3133	0
506	0	21	0.0	0	3133	0
506	2	12	0.0	0	3133	0
506	5	19	0.0	0	3133	0
506	9	6	0.0	0	3133	0
506	19	15	0.0	0	3133	0
506	23	18	0.0	0	3133	0
506	34	5	0.0	0	3133	0
506	53	7	0.0	0	3133	0
506	57	0	0.0	0	3133	0
506	61	15	0.0	0	3133	0
506	61	17	0.0	0	3133	0
506	62	1	0.0	0	3133	0
506	64	13	0.0	0	3133	0
506	76	17	0.0	0	3133	0
506	81	17	0.0	0	3133	0
506	84	8	0.0	0	3133	0
506	88	10	0.0	0	3133	0
506	95	31	0.0	0	3133	0
506	97	27	0.0	0	3133	0
507	5	28	0.0	0	3133	0
507	6	28	0.0	0	3133	0
507	16	12	0.0	0	3133	0
507	19	10	0.0	0	3133	0
507	26	10	0.0	0	3133	0
507	29	27	0.0	0	3133	0
507	37	15	0.0	0	3133	0
507	41	10	0.0	0	3133	0
507	42	27	0.0	0	3133	0
507	50	21	0.0	0	3133	0
507	53	25	0.0	0	3133	0
507	57	12	0.0	0	3133	0
507	63	1	0.0	0	3133	0
507	65	11	0.0	0	3133	0
507	65	23	0.0	0	3133	0
507	66	6	0.0	0	3133	0
507	67	6	0.0	0	3133	0
507	80	27	0.0	0	3133	0
507	94	31	0.0	0	3133	0
507	100	25	0.0	0	3133	0
508	15	23	0.0	0	3133	0
508	17	24	0.0	0	3133	0
508	18	4	0.0	0	3133	0
508	18	15	0.0	0	3133	0
508	19	5	0.0	0	3133	0
508	25	7	0.0	0	3133	0
508	25	26	0.0	0	3133	0
508	26	18	0.0	0	3133	0
508	26	26	0.0	0	3133	0
508	28	4	0.0	0	3133	0
508	29	24	0.0	0	3133	0
508	35	0	0.0	0	3133	0
508	39	10	0.0	0	3133	0
508	47	23	0.0	0	3133	0
508	47	29	0.0	0	3133	0
508	50	0	0.0	0	3133	0
508	56	10	0.0	0	3133	0
508	57	24	0.0	0	3133	0
508	60	18	0.0	0	3133	0
508	60	25	0.0	0	3133	0
508	62	15	0.0	0	3133	0
508	70	10	0.0	0	3133	0
508	84	5	0.0	0	3133	0
508	86	24	0.0	0	3133	0
508	91	3	0.0	0	3133	0
508	91	15	0.0	0	3133	0
509	1	24	0.0	0	3133	0
509	3	16	0.0	0	3133	0
509	10	25	0.0	0	3133	0
509	21	19	0.0	0	3133	0
509	22	29	0.0	0	3133	0
509	33	13	0.0	0	3133	0
509	37	7	0.0	0	3133	0
509	39	20	0.0	0	3133	0
509	40	27	0.0	0	3133	0
509	40	31	0.0	0	3133	0
509	41	8	0.0	0	3133	0
509	41	23	0.0	0	3133	0
509	42	3	0.0	0	3133	0
509	42	15	0.0	0	3133	0
509	44	18	0.0	0	3133	0
509	45	28	0.0	0	3133	0
509	48	4	0.0	0	3133	0
509	56	19	0.0	0	3133	0
509	57	6	0.0	0	3133	0
509	69	7	0.0	0	3133	0
509	80	16	0.0	0	3133	0
509	80	28	0.0	0	3133	0
509	82	12	0.0	0	3133	0
509	83	8	0.0	0	3133	0
509	83	15	0.0	0	3133	0
509	83	16	0.0	0	3133	0
509	84	22	0.0	0	3133	0
509	87	11	0.0	0	3133	0
509	92	5	0.0	0	3133	0
509	96	0	0.0	0	3133	0
509	98	16	0.0	0	3133	0
509	100	20	0.0	0	3133	0
510	5	18	0.0	0	3133	0
510	6	18	0.0	0	3133	0
510	7	12	0.0	0	3133	0
510	8	21	0.0	0	3133	0
510	9	26	0.0	0	3133	0
510	14	0	0.0	0	3133	0
510	15	2	0.0	0	3133	0
510	18	27	0.0	0	3133	0
510	20	31	0.0	0	3133	0
510	29	7	0.0	0	3133	0
510	31	22	0.0	0	3133	0
510	32	3	0.0	0	3133	0
510	33	9	0.0	0	3133	0
510	34	7	0.0	0	3133	0
510	38	15	0.0	0	3133	0
510	39	25	0.0	0	3133	0
510	44	1	0.0	0	3133	0
510	45	23	0.0	0	3133	0
510	47	21	0.0	0	3133	0
510	50	3	0.0	0	3133	0
510	60	14	0.0	0	3133	0
510	63	10	0.0	0	3133	0
510	69	7	0.0	0	3133	0
510	75	8	0.0	0	3133	0
510	75	12	0.0	0	3133	0
510	85	1	0.0	0	3133	0
510	87	3	0.0	0	3133	0
510	92	18	0.0	0	3133	0
510	94	5	0.0	0	3133	0
510	94	19	0.0	0	3133	0
510	100	23	0.0	0	3133	0
511	3	22	0.0	0	3133	0
511	11	0	0.0	0	3133	0
511	17	5	0.0	0	3133	0
511	22	0	0.0	0	3133	0
511	22	2	0.0	0	3133	0
511	23	14	0.0	0	3133	0
511	23	31	0.0	0	3133	0
511	26	13	0.0	0	3133	0
511	27	28	0.0	0	3133	0
511	38	2	0.0	0	3133	0
511	39	23	0.0	0	3133	0
511	53	9	0.0	0	3133	0
511	57	30	0.0	0	3133	0
511	62	0	0.0	0	3133	0
511	75	21	0.0	0	3133	0
511	77	30	0.0	0	3133	0
511	82	28	0.0	0	3133	0
511	91	25	0.0	0	3133	0
511	93	22	0.0	0	3133	0
511	99	20	0.0	0	3133	0
512	3	7	0.0	0	3133	0
512	5	18	0.0	0	3133	0
512	10	5	0.0	0	3133	0
512	27	5	0.0	0	3133	0
512	27	8	0.0	0	3133	0
512	39	1	0.0	0	3133	0
512	41	14	0.0	0	3133	0
512	55	13	0.0	0	3133	0
512	57	16	0.0	0	3133	0
512	59	5	0.0	0	3133	0
512	62	30	0.0	0	3133	0
512	63	15	0.0	0	3133	0
512	68	28	0.0	0	3133	0
512	74	22	0.0	0	3133	0
512	75	1	0.0	0	3133	0
512	80	8	0.0	0	3133	0
512	85	29	0.0	0	3133	0
512	91	30	0.0	0	3133	0
512	97	0	0.0	0	3133	0
512	97	21	0.0	0	3133	0
512	98	25	0.0	0	3133	0
512	99	7	0.0	0	3133	0
513	12	19	0.0	0	3133	0
513	16	12	0.0	0	3133	0
513	27	4	0.0	0	3133	0
513	28	30	0.0	0	3133	0
513	39	4	0.0	0	3133	0
513	39	10	0.0	0	3133	0
513	41	15	0.0	0	3133	0
513	43	10	0.0	0	3133	0
513	51	11	0.0	0	3133	0
513	69	16	0.0	0	3133	0
513	72	27	0.0	0	3133	0
513	91	29	0.0	0	3133	0
513	95	21	0.0	0	3133	0
514	11	6	0.0	0	3133	0
514	20	6	0.0	0	3133	0
514	20	12	0.0	0	3133	0
514	24	21	0.0	0	3133	0
514	29	4	0.0	0	3133	0
514	33	8	0.0	0	3133	0
514	33	15	0.0	0	3133	0
514	35	2	0.0	0	3133	0
514	37	24	0.0	0	3133	0
514	41	1	0.0	0	3133	0
514	47	3	0.0	0	3133	0
514	49	18	0.0	0	3133	0
514	58	31	0.0	0	3133	0
514	59	17	0.0	0	3133	0
514	60	0	0.0	0	3133	0
514	60	28	0.0	0	3133	0
514	62	12	0.0	0	3133	0
514	63	5	0.0	0	3133	0
514	63	18	0.0	0	3133	0
514	67	10	0.0	0	3133	0
514	77	19	0.0	0	3133	0
514	88	2	0.0	0	3133	0
514	88	26	0.0	0	3133	0
514	93	10	0.0	0	3133	0
514	94	6	0.0	0	3133	0
514	99	10	0.0	0	3133	0
515	0	7	0.0	0	3133	0
515	0	28	0.0	0	3133	0
515	2	8	0.0	0	3133	0
515	13	6	0.0	0	3133	0
515	16	25	0.0	0	3133	0
515	18	18	0.0	0	3133	0
515	25	14	0.0	0	3133	0
515	34	27	0.0	0	3133	0
515	39	1	0.0	0	3133	0
515	40	2	0.0	0	3133	0
515	47	24	0.0	0	3133	0
515	50	18	0.0	0	3133	0
515	53	27	0.0	0	3133	0
515	56	20	0.0	0	3133	0
515	59	29	0.0	0	3133	0
515	61	17	0.0	0	3133	0
515	62	25	0.0	0	3133	0
515	68	6	0.0	0	3133	0
515	69	28	0.0	0	3133	0
515	71	13	0.0	0	3133	0
515	74	2	0.0	0	3133	0
515	76	0	0.0	0	3133	0
515	83	2	0.0	0	3133	0
515	88	6	0.0	0	3133	0
515	89	16	0.0	0	3133	0
515	100	29	0.0	0	3133	0
516	1	19	0.0	0	3133	0
516	3	23	0.0	0	3133	0
516	4	6	0.0	0	3133	0
516	4	18	0.0	0	3133	0
516	15	11	0.0	0	3133	0
516	25	1	0.0	0	3133	0
516	33	14	0.0	0	3133	0
516	43	25	0.0	0	3133	0
516	55	15	0.0	0	3133	0
516	62	13	0.0	0	3133	0
516	64	5	0.0	0	3133	0
516	70	9	0.0	0	3133	0
516	82	15	0.0	0	3133	0
516	90	6	0.0	0	3133	0
516	93	26	0.0	0	3133	0
516	99	20	0.0	0	3133	0
517	1	8	0.0	0	3133	0
517	7	6	0.0	0	3133	0
517	12	28	0.0	0	3133	0
517	15	10	0.0	0	3133	0
517	15	11	0.0	0	3133	0
517	21	17	0.0	0	3133	0
517	23	5	0.0	0	3133	0
517	25	9	0.0	0	3133	0
517	26	2	0.0	0	3133	0
517	29	31	0.0	0	3133	0
517	30	14	0.0	0	3133	0
517	31	5	0.0	0	3133	0
517	31	29	0.0	0	3133	0
517	34	14	0.0	0	3133	0
517	40	19	0.0	0	3133	0
517	45	10	0.0	0	3133	0
517	47	11	0.0	0	3133	0
517	48	3	0.0	0	3133	0
517	54	7	0.0	0	3133	0
517	54	30	0.0	0	3133	0
517	58	15	0.0	0	3133	0
517	58	18	0.0	0	3133	0
517	59	10	0.0	0	3133	0
517	66	15	0.0	0	3133	0
517	69	31	0.0	0	3133	0
517	73	10	0.0	0	3133	0
517	82	18	0.0	0	3133	0
517	84	4	0.0	0	3133	0
517	84	17	0.0	0	3133	0
517	92	9	0.0	0	3133	0
517	95	23	0.0	0	3133	0
518	3	4	0.0	0	3133	0
518	8	6	0.0	0	3133	0
518	10	4	0.0	0	3133	0
518	19	0	0.0	0	3133	0
518	34	4	0.0	0	3133	0
518	35	23	0.0	0	3133	0
518	38	3	0.0	0	3133	0
518	40	7	0.0	0	3133	0
518	43	24	0.0	0	3133	0
518	45	16	0.0	0	3133	0
518	54	21	0.0	0	3133	0
518	72	19	0.0	0	3133	0
518	72	25	0.0	0	3133	0
518	75	0	0.0	0	3133	0
518	82	17	0.0	0	3133	0
518	88	30	0.0	0	3133	0
518	97	0	0.0	0	3133	0
518	97	12	0.0	0	3133	0
519	6	11	0.0	0	3133	0
519	13	26	0.0	0	3133	0
519	18	7	0.0	0	3133	0
519	19	11	0.0	0	3133	0
519	21	29	0.0	0	3133	0
519	34	26	0.0	0	3133	0
519	37	18	0.0	0	3133	0
519	39	9	0.0	0	3133	0
519	40	25	0.0	0	3133	0
519	41	7	0.0	0	3133	0
519	42	7	0.0	0	3133	0
519	44	30	0.0	0	3133	0
519	52	19	0.0	0	3133	0
519	55	11	0.0	0	3133	0
519	65	29	0.0	0	3133	0
519	81	0	0.0	0	3133	0
519	81	30	0.0	0	3133	0
519	83	3	0.0	0	3133	0
519	86	18	0.0	0	3133	0
519	88	16	0.0	0	3133	0
519	97	3	0.0	0	3133	0
519	97	25	0.0	0	3133	0
520	4	28	0.0	0	3133	0
520	11	2	0.0	0	3133	0
520	15	0	0.0	0	3133	0
520	19	21	0.0	0	3133	0
520	28	7	0.0	0	3133	0
520	37	19	0.0	0	3133	0
520	42	30	0.0	0	3133	0
520	67	31	0.0	0	3133	0
520	69	25	0.0	0	3133	0
520	72	17	0.0	0	3133	0
520	78	18	0.0	0	3133	0
520	87	15	0.0	0	3133	0
520	88	1	0.0	0	3133	0
520	93	24	0.0	0	3133	0
520	95	23	0.0	0	3133	0
521	0	18	0.0	0	3133	0
521	2	28	0.0	0	3133	0
521	3	0	0.0	0	3133	0
521	3	4	0.0	0	3133	0
521	20	1	0.0	0	3133	0
521	21	0	0.0	0	3133	0
521	24	23	0.0	0	3133	0
521	25	1	0.0	0	3133	0
521	25	31	0.0	0	3133	0
521	27	24	0.0	0	3133	0
521	28	7	0.0	0	3133	0
521	29	16	0.0	0	3133	0
521	34	14	0.0	0	3133	0
521	34	16	0.0	0	3133	0
521	37	27	0.0	0	3133	0
521	39	27	0.0	0	3133	0
521	41	25	0.0	0	3133	0
521	48	1	0.0	0	3133	0
521	50	22	0.0	0	3133	0
521	51	15	0.0	0	3133	0
521	63	5	0.0	0	3133	0
521	63	24	0.0	0	3133	0
521	84	21	0.0	0	3133	0
521	87	25	0.0	0	3133	0
521	88	13	0.0	0	3133	0
521	88	31	0.0	0	3133	0
521	90	5	0.0	0	3133	0
521	93	29	0.0	0	3133	0
521	97	21	0.0	0	3133	0
521	98	1	0.0	0	3133	0
522	0	2	0.0	0	3133	0
522	2	16	0.0	0	3133	0
522	4	11	0.0	0	3133	0
522	14	27	0.0	0	3133	0
522	17	11	0.0	0	3133	0
522	24	10	0.0	0	3133	0
522	27	19	0.0	0	3133	0
522	30	9	0.0	0	3133	0
522	36	8	0.0	0	3133	0
522	37	28	0.0	0	3133	0
522	40	12	0.0	0	3133	0
522	47	23	0.0	0	3133	0
522	49	23	0.0	0	3133	0
522	53	4	0.0	0	3133	0
522	54	7	0.0	0	3133	0
522	58	5	0.0	0	3133	0
522	68	22	0.0	0	3133	0
522	70	29	0.0	0	3133	0
522	84	9	0.0	0	3133	0
522	85	17	0.0	0	3133	0
522	92	25	0.0	0	3133	0
522	93	17	0.0	0	3133	0
523	3	16	0.0	0	3133	0
523	3	30	0.0	0	3133	0
523	6	17	0.0	0	3133	0
523	10	18	0.0	0	3133	0
523	19	6	0.0	0	3133	0
523	19	30	0.0	0	3133	0
523	32	15	0.0	0	3133	0
523	50	12	0.0	0	3133	0
523	56	0	0.0	0	3133	0
523	76	11	0.0	0	3133	0
523	80	25	0.0	0	3133	0
523	83	15	0.0	0	3133	0
523	84	24	0.0	0	3133	0
523	86	8	0.0	0	3133	0
523	87	21	0.0	0	3133	0
523	94	25	0.0	0	3133	0
523	95	4	0.0	0	3133	0
523	97	15	0.0	0	3133	0
523	99	3	0.0	0	3133	0
524	0	22	0.0	0	3133	0
524	4	9	0.0	0	3133	0
524	9	7	0.0	0	3133	0
524	10	14	0.0	0	3133	0
524	15	19	0.0	0	3133	0
524	15	25	0.0	0	3133	0
524	15	28	0.0	0	3133	0
524	23	6	0.0	0	3133	0
524	26	0	0.0	0	3133	0
524	26	20	0.0	0	3133	0
524	26	30	0.0	0	3133	0
524	35	22	0.0	0	3133	0
524	36	9	0.0	0	3133	0
524	39	24	0.0	0	3133	0
524	42	31	0.0	0	3133	0
524	48	28	0.0	0	3133	0
524	49	3	0.0	0	3133	0
524	55	12	0.0	0	3133	0
524	56	4	0.0	0	3133	0
524	57	18	0.0	0	3133	0
524	60	9	0.0	0	3133	0
524	67	17	0.0	0	3133	0
524	68	6	0.0	0	3133	0
524	69	29	0.0	0	3133	0
524	76	12	0.0	0	3133	0
524	80	22	0.0	0	3133	0
524	82	9	0.0	0	3133	0
524	83	19	0.0	0	3133	0
524	90	31	0.0	0	3133	0
524	97	9	0.0	0	3133	0
524	99	16	0.0	0	3133	0
525	0	19	0.0	0	3133	0
525	5	24	0.0	0	3133	0
525	10	16	0.0	0	3133	0
525	22	10	0.0	0	3133	0
525	28	0	0.0	0	3133	0
525	31	11	0.0	0	3133	0
525	35	11	0.0	0	3133	0
525	49	16	0.0	0	3133	0
525	52	29	0.0	0	3133	0
525	57	26	0.0	0	3133	0
525	60	12	0.0	0	3133	0
525	61	11	0.0	0	3133	0
525	63	16	0.0	0	3133	0
525	69	18	0.0	0	3133	0
525	73	18	0.0	0	3133	0
525	74	0	0.0	0	3133	0
525	80	29	0.0	0	3133	0
525	82	2	0.0	0	3133	0
525	92	28	0.0	0	3133	0
525	93	17	0.0	0	3133	0
525	97	25	0.0	0	3133	0
526	1	31	0.0	0	3133	0
526	2	19	0.0	0	3133	0
526	3	4	0.0	0	3133	0
526	5	30	0.0	0	3133	0
526	7	5	0.0	0	3133	0
526	11	0	0.0	0	3133	0
526	15	11	0.0	0	3133	0
526	19	25	0.0	0	3133	0
526	24	17	0.0	0	3133	0
526	30	31	0.0	0	3133	0
526	34	6	0.0	0	3133	0
526	34	20	0.0	0	3133	0
526	38	20	0.0	0	3133	0
526	52	9	0.0	0	3133	0
526	55	3	0.0	0	3133	0
526	57	30	0.0	0	3133	0
526	62	1	0.0	0	3133	0
526	63	11	0.0	0	3133	0
526	70	22	0.0	0	3133	0
526	85	0	0.0	0	3133	0
526	94	27	0.0	0	3133	0
527	4	14	0.0	0	3133	0
527	5	24	0.0	0	3133	0
527	7	7	0.0	0	3133	0
527	12	17	0.0	0	3133	0
527	17	20	0.0	0	3133	0
527	21	0	0.0	0	3133	0
527	32	8	0.0	0	3133	0
527	40	10	0.0	0	3133	0
527	47	15	0.0	0	3133	0
527	51	13	0.0	0	3133	0
527	58	24	0.0	0	3133	0
527	64	21	0.0	0	3133	0
527	64	27	0.0	0	3133	0
527	72	25	0.0	0	3133	0
527	77	25	0.0	0	3133	0
527	79	29	0.0	0	3133	0
527	96	15	0.0	0	3133	0
527	98	20	0.0	0	3133	0
528	1	12	0.0	0	3133	0
528	5	23	0.0	0	3133	0
528	6	19	0.0	0	3133	0
528	7	15	0.0	0	3133	0
528	12	4	0.0	0	3133	0
528	13	9	0.0	0	3133	0
528	16	19	0.0	0	3133	0
528	22	17	0.0	0	3133	0
528	37	28	0.0	0	3133	0
528	40	28	0.0	0	3133	0
528	42	17	0.0	0	3133	0
528	43	9	0.0	0	3133	0
528	45	10	0.0	0	3133	0
528	47	17	0.0	0	3133	0
528	53	11	0.0	0	3133	0
528	53	19	0.0	0	3133	0
528	67	31	0.0	0	3133	0
528	77	13	0.0	0	3133	0
528	90	5	0.0	0	3133	0
528	97	12	0.0	0	3133	0
528	98	28	0.0	0	3133	0
529	4	9	0.0	0	3133	0
529	9	28	0.0	0	3133	0
529	12	24	0.0	0	3133	0
529	18	21	0.0	0	3133	0
529	38	0	0.0	0	3133	0
529	43	31	0.0	0	3133	0
529	44	12	0.0	0	3133	0
529	44	24	0.0	0	3133	0
529	45	29	0.0	0	3133	0
529	57	14	0.0	0	3133	0
529	64	18	0.0	0	3133	0
529	69	1	0.0	0	3133	0
529	75	12	0.0	0	3133	0
529	77	0	0.0	0	3133	0
529	96	18	0.0	0	3133	0
530	0	5	0.0	0	3133	0
530	7	20	0.0	0	3133	0
530	10	9	0.0	0	3133	0
530	22	11	0.0	0	3133	0
530	23	19	0.0	0	3133	0
530	30	13	0.0	0	3133	0
530	31	7	0.0	0	3133	0
530	33	12	0.0	0	3133	0
530	34	24	0.0	0	3133	0
530	37	31	0.0	0	3133	0
530	53	9	0.0	0	3133	0
530	53	25	0.0	0	3133	0
530	60	13	0.0	0	3133	0
530	63	28	0.0	0	3133	0
530	65	11	0.0	0	3133	0
530	66	10	0.0	0	3133	0
530	67	0	0.0	0	3133	0
530	73	13	0.0	0	3133	0
530	78	31	0.0	0	3133	0
530	85	7	0.0	0	3133	0
530	85	24	0.0	0	3133	0
530	86	20	0.0	0	3133	0
530	88	5	0.0	0	3133	0
530	95	12	0.0	0	3133	0
530	96	17	0.0	0	3133	0
530	98	11	0.0	0	3133	0
531	1	20	0.0	0	3133	0
531	6	29	0.0	0	3133	0
531	11	17	0.0	0	3133	0
531	18	27	0.0	0	3133	0
531	25	1	0.0	0	3133	0
531	27	15	0.0	0	3133	0
531	33	13	0.0	0	3133	0
531	33	19	0.0	0	3133	0
531	36	30	0.0	0	3133	0
531	37	21	0.0	0	3133	0
531	44	0	0.0	0	3133	0
531	46	31	0.0	0	3133	0
531	47	7	0.0	0	3133	0
531	47	23	0.0	0	3133	0
531	48	2	0.0	0	3133	0
531	48	12	0.0	0	3133	0
531	48	21	0.0	0	3133	0
531	48	28	0.0	0	3133	0
531	49	13	0.0	0	3133	0
531	50	22	0.0	0	3133	0
531	61	3	0.0	0	3133	0
531	72	30	0.0	0	3133	0
531	75	20	0.0	0	3133	0
531	78	13	0.0	0	3133	0
531	80	28	0.0	0	3133	0
531	84	8	0.0	0	3133	0
531	86	1	0.0	0	3133	0
531	86	8	0.0	0	3133	0
531	90	17	0.0	0	3133	0
531	96	18	0.0	0	3133	0
531	96	24	0.0	0	3133	0
531	97	18	0.0	0	3133	0
531	98	6	0.0	0	3133	0
531	98	19	0.0	0	3133	0
532	25	26	0.0	0	3133	0
532	26	10	0.0	0	3133	0
532	30	8	0.0	0	3133	0
532	49	1	0.0	0	3133	0
532	52	0	0.0	0	3133	0
532	56	2	0.0	0	3133	0
532	75	28	0.0	0	3133	0
532	79	17	0.0	0	3133	0
532	79	22	0.0	0	3133	0
532	79	24	0.0	0	3133	0
532	98	19	0.0	0	3133	0
533	9	12	0.0	0	3133	0
533	13	16	0.0	0	3133	0
533	15	13	0.0	0	3133	0
533	29	28	0.0	0	3133	0
533	42	13	0.0	0	3133	0
533	44	20	0.0	0	3133	0
533	46	4	0.0	0	3133	0
533	48	8	0.0	0	3133	0
533	59	3	0.0	0	3133	0
533	62	9	0.0	0	3133	0
533	62	26	0.0	0	3133	0
533	65	4	0.0	0	3133	0
533	66	7	0.0	0	3133	0
533	74	28	0.0	0	3133	0
533	83	10	0.0	0	3133	0
533	83	21	0.0	0	3133	0
533	95	30	0.0	0	3133	0
533	98	20	0.0	0	3133	0
533	99	6	0.0	0	3133	0
534	0	1	0.0	0	3133	0
534	4	1	0.0	0	3133	0
534	9	27	0.0	0	3133	0
534	14	4	0.0	0	3133	0
534	17	25	0.0	0	3133	0
534	19	2	0.0	0	3133	0
534	19	21	0.0	0	3133	0
534	21	5	0.0	0	3133	0
534	30	7	0.0	0	3133	0
534	39	18	0.0	0	3133	0
534	44	11	0.0	0	3133	0
534	77	23	0.0	0	3133	0
534	79	24	0.0	0	3133	0
534	82	27	0.0	0	3133	0
534	82	29	0.0	0	3133	0
534	86	29	0.0	0	3133	0
534	89	19	0.0	0	3133	0
534	94	11	0.0	0	3133	0
534	94	31	0.0	0	3133	0
534	95	28	0.0	0	3133	0
534	97	3	0.0	0	3133	0
534	97	13	0.0	0	3133	0
534	99	12	0.0	0	3133	0
535	0	4	0.0	0	3133	0
535	4	16	0.0	0	3133	0
535	23	21	0.0	0	3133	0
535	24	19	0.0	0	3133	0
535	27	1	0.0	0	3133	0
535	27	15	0.0	0	3133	0
535	29	12	0.0	0	3133	0
535	31	13	0.0	0	3133	0
535	45	5	0.0	0	3133	0
535	50	30	0.0	0	3133	0
535	53	5	0.0	10	3131	0
535	56	23	0.0	0	3133	0
535	61	29	0.0	0	3133	0
535	62	21	0.0	0	3133	0
535	68	18	0.0	0	3133	0
535	70	8	0.0	0	3133	0
535	73	24	0.0	0	3133	0
535	76	27	0.0	0	3133	0
535	81	31	0.0	0	3133	0
535	85	4	0.0	0	3133	0
535	95	9	0.0	0	3133	0
535	97	26	0.0	0	3133	0
536	0	27	0.0	0	3133	0
536	1	8	0.0	0	3133	0
536	3	0	0.0	0	3133	0
536	3	2	0.0	0	3133	0
536	15	20	0.0	0	3133	0
536	16	28	0.0	0	3133	0
536	19	11	0.0	0	3133	0
536	22	0	0.0	0	3133	0
536	23	10	0.0	0	3133	0
536	31	11	0.0	0	3133	0
536	42	21	0.0	0	3133	0
536	43	27	0.0	0	3133	0
536	52	25	0.0	0	3133	0
536	53	21	0.0	0	3133	0
536	66	2	0.0	0	3133	0
536	69	2	0.0	0	3133	0
536	70	30	0.0	0	3133	0
536	74	17	0.0	0	3133	0
536	75	17	0.0	0	3133	0
536	77	28	0.0	0	3133	0
536	83	1	0.0	0	3133	0
536	89	30	0.0	0	3133	0
536	90	5	0.0	0	3133	0
536	95	0	0.0	0	3133	0
537	1	28	0.0	0	3133	0
537	7	24	0.0	0	3133	0
537	9	25	0.0	0	3133	0
537	31	18	0.0	0	3133	0
537	36	8	0.0	0	3133	0
537	37	18	0.0	0	3133	0
537	43	27	0.0	0	3133	0
537	48	9	0.0	0	3133	0
537	58	3	0.0	0	3133	0
537	58	28	0.0	0	3133	0
537	65	31	0.0	0	3133	0
537	70	28	0.0	0	3133	0
537	76	3	0.0	0	3133	0
537	79	22	0.0	0	3133	0
537	83	22	0.0	0	3133	0
537	92	17	0.0	0	3133	0
538	3	1	0.0	0	3133	0
538	6	16	0.0	0	3133	0
538	11	1	0.0	0	3133	0
538	11	15	0.0	0	3133	0
538	16	12	0.0	0	3133	0
538	19	31	0.0	0	3133	0
538	21	14	0.0	0	3133	0
538	31	25	0.0	0	3133	0
538	41	6	0.0	0	3133	0
538	44	19	0.0	0	3133	0
538	51	24	0.0	0	3133	0
538	57	13	0.0	0	3133	0
538	57	22	0.0	0	3133	0
538	58	31	0.0	0	3133	0
538	64	15	0.0	0	3133	0
538	72	16	0.0	0	3133	0
538	77	23	0.0	0	3133	0
538	78	18	0.0	0	3133	0
538	78	29	0.0	0	3133	0
538	79	26	0.0	0	3133	0
538	80	15	0.0	0	3133	0
538	82	12	0.0	0	3133	0
538	84	5	0.0	0	3133	0
538	85	13	0.0	0	3133	0
538	89	14	0.0	0	3133	0
538	90	1	0.0	0	3133	0
538	95	31	0.0	0	3133	0
539	3	10	0.0	0	3133	0
539	4	15	0.0	0	3133	0
539	23	28	0.0	0	3133	0
539	30	17	0.0	0	3133	0
539	32	6	0.0	0	3133	0
539	48	14	0.0	0	3133	0
539	51	23	0.0	0	3133	0
539	55	21	0.0	0	3133	0
539	70	21	0.0	0	3133	0
539	72	13	0.0	0	3133	0
539	73	5	0.0	0	3133	0
539	77	8	0.0	0	3133	0
539	77	20	0.0	0	3133	0
539	80	23	0.0	0	3133	0
539	85	4	0.0	0	3133	0
539	85	24	0.0	0	3133	0
539	86	7	0.0	0	3133	0
539	89	0	0.0	0	3133	0
539	98	23	0.0	0	3133	0
540	8	8	0.0	0	3133	0
540	14	17	0.0	0	3133	0
540	17	25	0.0	0	3133	0
540	19	31	0.0	0	3133	0
540	21	24	0.0	0	3133	0
540	28	16	0.0	0	3133	0
540	31	28	0.0	0	3133	0
540	32	9	0.0	0	3133	0
540	35	4	0.0	0	3133	0
540	63	5	0.0	0	3133	0
540	63	8	0.0	0	3133	0
540	63	26	0.0	0	3133	0
540	67	22	0.0	0	3133	0
540	71	3	0.0	0	3133	0
540	77	0	0.0	0	3133	0
540	87	9	0.0	0	3133	0
540	90	18	0.0	0	3133	0
540	91	2	0.0	0	3133	0
540	95	23	0.0	0	3133	0
540	99	0	0.0	0	3133	0
541	0	6	0.0	0	3133	0
541	7	20	0.0	0	3133	0
541	12	7	0.0	0	3133	0
541	18	22	0.0	0	3133	0
541	19	21	0.0	0	3133	0
541	22	31	0.0	0	3133	0
541	25	29	0.0	0	3133	0
541	29	23	0.0	0	3133	0
541	33	29	0.0	0	3133	0
541	39	22	0.0	0	3133	0
541	43	8	0.0	0	3133	0
541	61	22	0.0	0	3133	0
541	62	26	0.0	0	3133	0
541	64	16	0.0	0	3133	0
541	64	28	0.0	0	3133	0
541	70	1	0.0	0	3133	0
541	75	1	0.0	0	3133	0
541	84	11	0.0	0	3133	0
541	88	10	0.0	0	3133	0
541	88	21	0.0	0	3133	0
541	92	3	0.0	0	3133	0
541	93	21	0.0	0	3133	0
541	94	16	0.0	0	3133	0
542	0	2	0.0	0	3133	0
542	0	3	0.0	0	3133	0
542	5	30	0.0	0	3133	0
542	12	16	0.0	0	3133	0
542	14	2	0.0	0	3133	0
542	14	29	0.0	0	3133	0
542	20	18	0.0	0	3133	0
542	22	14	0.0	0	3133	0
542	26	26	0.0	0	3133	0
542	27	6	0.0	0	3133	0
542	32	4	0.0	0	3133	0
542	33	12	0.0	0	3133	0
542	35	5	0.0	0	3133	0
542	36	10	0.0	0	3133	0
542	45	6	0.0	0	3133	0
542	45	21	0.0	0	3133	0
542	48	6	0.0	0	3133	0
542	67	19	0.0	0	3133	0
542	72	20	0.0	0	3133	0
542	74	21	0.0	0	3133	0
542	76	6	0.0	0	3133	0
542	84	17	0.0	0	3133	0
542	98	10	0.0	0	3133	0
542	100	16	0.0	0	3133	0
543	1	23	0.0	0	3133	0
543	1	27	0.0	0	3133	0
543	2	29	0.0	0	3133	0
543	3	16	0.0	0	3133	0
543	3	30	0.0	0	3133	0
543	6	11	0.0	0	3133	0
543	6	23	0.0	0	3133	0
543	13	25	0.0	0	3133	0
543	16	6	0.0	0	3133	0
543	19	24	0.0	0	3133	0
543	19	30	0.0	0	3133	0
543	31	25	0.0	0	3133	0
543	34	24	0.0	0	3133	0
543	34	29	0.0	0	3133	0
543	36	11	0.0	0	3133	0
543	37	24	0.0	0	3133	0
543	39	10	0.0	0	3133	0
543	41	9	0.0	0	3133	0
543	45	9	0.0	0	3133	0
543	61	9	0.0	0	3133	0
543	62	19	0.0	0	3133	0
543	66	13	0.0	0	3133	0
543	72	27	0.0	0	3133	0
543	74	2	0.0	0	3133	0
543	75	16	0.0	0	3133	0
543	78	22	0.0	0	3133	0
543	80	26	0.0	0	3133	0
543	84	21	0.0	0	3133	0
543	88	23	0.0	0	3133	0
543	92	29	0.0	0	3133	0
544	1	15	0.0	0	3133	0
544	3	17	0.0	0	3133	0
544	9	24	0.0	0	3133	0
544	12	27	0.0	0	3133	0
544	13	29	0.0	0	3133	0
544	15	5	0.0	0	3133	0
544	27	15	0.0	0	3133	0
544	28	5	0.0	0	3133	0
544	35	8	0.0	0	3133	0
544	48	2	0.0	0	3133	0
544	49	29	0.0	0	3133	0
544	59	3	0.0	0	3133	0
544	62	13	0.0	0	3133	0
544	75	28	0.0	0	3133	0
544	76	24	0.0	0	3133	0
544	84	25	0.0	0	3133	0
544	97	20	0.0	0	3133	0
545	1	2	0.0	0	3133	0
545	4	21	0.0	0	3133	0
545	12	27	0.0	0	3133	0
545	13	13	0.0	0	3133	0
545	16	12	0.0	0	3133	0
545	20	14	0.0	0	3133	0
545	26	10	0.0	0	3133	0
545	27	12	0.0	0	3133	0
545	42	19	0.0	0	3133	0
545	45	12	0.0	0	3133	0
545	55	28	0.0	0	3133	0
545	62	10	0.0	0	3133	0
545	63	16	0.0	0	3133	0
545	65	19	0.0	0	3133	0
545	78	7	0.0	0	3133	0
545	84	20	0.0	0	3133	0
545	95	4	0.0	0	3133	0
545	99	24	0.0	0	3133	0
546	0	28	0.0	0	3133	0
546	1	9	0.0	0	3133	0
546	3	6	0.0	0	3133	0
546	3	10	0.0	0	3133	0
546	16	28	0.0	0	3133	0
546	22	14	0.0	0	3133	0
546	22	25	0.0	0	3133	0
546	27	11	0.0	0	3133	0
546	33	29	0.0	0	3133	0
546	33	31	0.0	0	3133	0
546	36	7	0.0	0	3133	0
546	46	30	0.0	0	3133	0
546	71	29	0.0	0	3133	0
546	78	1	0.0	0	3133	0
546	89	16	0.0	0	3133	0
546	94	13	0.0	0	3133	0
546	97	18	0.0	0	3133	0
546	99	4	0.0	0	3133	0
547	4	21	0.0	0	3133	0
547	9	19	0.0	0	3133	0
547	14	2	0.0	0	3133	0
547	19	24	0.0	0	3133	0
547	21	11	0.0	0	3133	0
547	26	4	0.0	0	3133	0
547	37	19	0.0	0	3133	0
547	40	25	0.0	0	3133	0
547	41	25	0.0	0	3133	0
547	46	19	0.0	0	3133	0
547	60	9	0.0	0	3133	0
547	82	14	0.0	0	3133	0
547	83	4	0.0	0	3133	0
547	84	24	0.0	0	3133	0
547	85	18	0.0	0	3133	0
547	89	15	0.0	0	3133	0
547	90	23	0.0	0	3133	0
547	96	26	0.0	0	3133	0
547	98	25	0.0	0	3133	0
548	2	10	0.0	0	3133	0
548	4	9	0.0	0	3133	0
548	13	11	0.0	0	3133	0
548	13	15	0.0	0	3133	0
548	15	23	0.0	0	3133	0
548	21	10	0.0	0	3133	0
548	30	18	0.0	0	3133	0
548	32	1	0.0	0	3133	0
548	37	11	0.0	0	3133	0
548	46	18	0.0	0	3133	0
548	47	6	0.0	0	3133	0
548	48	16	0.0	0	3133	0
548	49	27	0.0	0	3133	0
548	54	6	0.0	0	3133	0
548	54	11	0.0	0	3133	0
548	55	9	0.0	0	3133	0
548	60	6	0.0	0	3133	0
548	61	21	0.0	0	3133	0
548	62	1	0.0	0	3133	0
548	65	19	0.0	0	3133	0
548	73	12	0.0	0	3133	0
548	75	25	0.0	0	3133	0
548	76	5	0.0	0	3133	0
548	84	5	0.0	0	3133	0
548	91	2	0.0	0	3133	0
549	2	5	0.0	0	3133	0
549	7	4	0.0	0	3133	0
549	8	7	0.0	0	3133	0
549	14	31	0.0	0	3133	0
549	27	1	0.0	0	3133	0
549	33	31	0.0	0	3133	0
549	35	7	0.0	0	3133	0
549	38	15	0.0	0	3133	0
549	42	30	0.0	0	3133	0
549	47	29	0.0	0	3133	0
549	57	6	0.0	0	3133	0
549	63	25	0.0	0	3133	0
549	65	11	0.0	0	3133	0
549	81	24	0.0	0	3133	0
549	85	11	0.0	0	3133	0
549	86	13	0.0	0	3133	0
549	88	10	0.0	0	3133	0
549	97	18	0.0	0	3133	0
549	100	26	0.0	0	3133	0
550	0	3	0.0	0	3133	0
550	0	7	0.0	0	3133	0
550	0	14	0.0	0	3133	0
550	1	6	0.0	0	3133	0
550	1	26	0.0	0	3133	0
550	13	3	0.0	0	3133	0
550	13	30	0.0	0	3133	0
550	14	14	0.0	0	3133	0
550	23	6	0.0	0	3133	0
550	35	8	0.0	0	3133	0
550	39	0	0.0	0	3133	0
550	48	22	0.0	0	3133	0
550	55	5	0.0	0	3133	0
550	63	24	0.0	0	3133	0
550	69	2	0.0	0	3133	0
550	70	25	0.0	0	3133	0
550	72	19	0.0	0	3133	0
550	85	16	0.0	0	3133	0
550	87	25	0.0	0	3133	0
550	88	26	0.0	0	3133	0
550	89	17	0.0	0	3133	0
550	93	8	0.0	0	3133	0
550	99	26	0.0	0	3133	0
551	6	0	0.0	0	3133	0
551	9	13	0.0	0	3133	0
551	19	12	0.0	0	3133	0
551	22	25	0.0	0	3133	0
551	39	25	0.0	0	3133	0
551	45	11	0.0	0	3133	0
551	53	15	0.0	0	3133	0
551	63	23	0.0	0	3133	0
551	66	27	0.0	0	3133	0
551	79	30	0.0	0	3133	0
551	86	4	0.0	0	3133	0
551	88	7	0.0	0	3133	0
551	91	6	0.0	0	3133	0
551	100	4	0.0	0	3133	0
551	100	22	0.0	0	3133	0
552	0	23	0.0	0	3133	0
552	2	25	0.0	0	3133	0
552	6	8	0.0	0	3133	0
552	15	23	0.0	0	3133	0
552	17	9	0.0	0	3133	0
552	19	12	0.0	0	3133	0
552	25	26	0.0	0	3133	0
552	29	12	0.0	0	3133	0
552	30	31	0.0	0	3133	0
552	36	7	0.0	0	3133	0
552	37	11	0.0	0	3133	0
552	41	31	0.0	0	3133	0
552	49	10	0.0	0	3133	0
552	50	27	0.0	0	3133	0
552	58	3	0.0	0	3133	0
552	71	2	0.0	0	3133	0
552	74	25	0.0	0	3133	0
552	75	10	0.0	0	3133	0
552	84	28	0.0	0	3133	0
552	87	10	0.0	0	3133	0
552	89	17	0.0	0	3133	0
552	99	0	0.0	0	3133	0
553	1	30	0.0	0	3133	0
553	2	1	0.0	0	3133	0
553	9	6	0.0	0	3133	0
553	21	29	0.0	0	3133	0
553	24	4	0.0	0	3133	0
553	24	7	0.0	0	3133	0
553	25	31	0.0	0	3133	0
553	32	12	0.0	0	3133	0
553	48	11	0.0	0	3133	0
553	53	16	0.0	0	3133	0
553	55	18	0.0	0	3133	0
553	59	0	0.0	0	3133	0
553	59	5	0.0	0	3133	0
553	67	9	0.0	0	3133	0
553	78	3	0.0	0	3133	0
553	79	7	0.0	0	3133	0
553	82	2	0.0	0	3133	0
553	89	5	0.0	0	3133	0
553	90	30	0.0	0	3133	0
553	96	15	0.0	0	3133	0
553	98	10	0.0	0	3133	0
553	98	19	0.0	0	3133	0
553	100	11	0.0	0	3133	0
553	100	16	0.0	0	3133	0
554	13	2	0.0	0	3133	0
554	13	3	0.0	0	3133	0
554	15	22	0.0	0	3133	0
554	19	25	0.0	0	3133	0
554	22	18	0.0	0	3133	0
554	25	7	0.0	0	3133	0
554	26	17	0.0	0	3133	0
554	34	3	0.0	0	3133	0
554	51	16	0.0	0	3133	0
554	57	24	0.0	0	3133	0
554	58	15	0.0	0	3133	0
554	64	13	0.0	0	3133	0
554	65	6	0.0	0	3133	0
554	65	21	0.0	0	3133	0
554	76	21	0.0	0	3133	0
554	77	31	0.0	0	3133	0
554	78	7	0.0	0	3133	0
554	87	30	0.0	0	3133	0
554	89	2	0.0	0	3133	0
554	93	0	0.0	0	3133	0
554	94	9	0.0	0	3133	0
554	97	5	0.0	0	3133	0
555	1	5	0.0	0	3133	0
555	1	23	0.0	0	3133	0
555	3	9	0.0	0	3133	0
555	18	12	0.0	0	3133	0
555	19	8	0.0	0	3133	0
555	29	20	0.0	0	3133	0
555	30	14	0.0	0	3133	0
555	38	8	0.0	0	3133	0
555	39	28	0.0	0	3133	0
555	45	29	0.0	0	3133	0
555	46	20	0.0	0	3133	0
555	52	24	0.0	0	3133	0
555	57	26	0.0	0	3133	0
555	58	9	0.0	0	3133	0
555	62	27	0.0	0	3133	0
555	63	23	0.0	0	3133	0
555	66	30	0.0	0	3133	0
555	96	14	0.0	0	3133	0
555	97	22	0.0	0	3133	0
555	99	14	0.0	0	3133	0
556	0	26	0.0	0	3133	0
556	5	1	0.0	0	3133	0
556	10	22	0.0	0	3133	0
556	16	16	0.0	0	3133	0
556	22	22	0.0	0	3133	0
556	31	8	0.0	0	3133	0
556	35	7	0.0	0	3133	0
556	37	3	0.0	0	3133	0
556	41	9	0.0	0	3133	0
556	43	9	0.0	0	3133	0
556	48	0	0.0	0	3133	0
556	50	11	0.0	0	3133	0
556	52	17	0.0	0	3133	0
556	57	14	0.0	0	3133	0
556	57	18	0.0	0	3133	0
556	58	1	0.0	0	3133	0
556	74	28	0.0	0	3133	0
556	76	10	0.0	0	3133	0
556	78	22	0.0	0	3133	0
556	81	8	0.0	0	3133	0
556	82	15	0.0	0	3133	0
556	83	23	0.0	0	3133	0
556	84	23	0.0	0	3133	0
556	85	25	0.0	0	3133	0
556	87	9	0.0	0	3133	0
556	88	20	0.0	0	3133	0
556	89	22	0.0	0	3133	0
556	92	2	0.0	0	3133	0
557	1	14	0.0	0	3133	0
557	4	13	0.0	0	3133	0
557	11	16	0.0	0	3133	0
557	13	9	0.0	0	3133	0
557	14	14	0.0	0	3133	0
557	16	14	0.0	0	3133	0
557	21	18	0.0	0	3133	0
557	23	24	0.0	0	3133	0
557	26	26	0.0	0	3133	0
557	33	15	0.0	0	3133	0
557	37	14	0.0	0	3133	0
557	38	6	0.0	0	3133	0
557	46	16	0.0	0	3133	0
557	47	18	0.0	0	3133	0
557	49	24	0.0	0	3133	0
557	57	24	0.0	0	3133	0
557	66	13	0.0	0	3133	0
557	88	18	0.0	0	3133	0
557	95	6	0.0	0	3133	0
557	95	24	0.0	0	3133	0
558	16	0	0.0	0	3133	0
558	17	20	0.0	0	3133	0
558	17	23	0.0	0	3133	0
558	21	7	0.0	0	3133	0
558	23	21	0.0	0	3133	0
558	29	16	0.0	0	3133	0
558	29	23	0.0	0	3133	0
558	30	10	0.0	0	3133	0
558	43	16	0.0	0	3133	0
558	44	15	0.0	0	3133	0
558	45	16	0.0	0	3133	0
558	53	4	0.0	0	3133	0
558	57	12	0.0	0	3133	0
558	61	28	0.0	0	3133	0
558	67	5	0.0	0	3133	0
558	69	1	0.0	0	3133	0
558	70	15	0.0	0	3133	0
558	72	3	0.0	0	3133	0
558	72	21	0.0	0	3133	0
558	76	7	0.0	0	3133	0
558	83	15	0.0	0	3133	0
558	86	25	0.0	0	3133	0
558	87	19	0.0	0	3133	0
558	92	28	0.0	0	3133	0
558	96	25	0.0	0	3133	0
558	97	20	0.0	0	3133	0
559	0	2	0.0	0	3133	0
559	5	12	0.0	0	3133	0
559	6	31	0.0	0	3133	0
559	8	24	0.0	0	3133	0
559	19	2	0.0	0	3133	0
559	20	0	0.0	0	3133	0
559	25	21	0.0	0	3133	0
559	33	12	0.0	0	3133	0
559	34	13	0.0	0	3133	0
559	39	13	0.0	0	3133	0
559	41	24	0.0	0	3133	0
559	45	13	0.0	0	3133	0
559	49	7	0.0	0	3133	0
559	49	25	0.0	0	3133	0
559	54	21	0.0	0	3133	0
559	57	5	0.0	0	3133	0
559	58	12	0.0	0	3133	0
559	59	31	0.0	0	3133	0
559	64	25	0.0	0	3133	0
559	65	10	0.0	0	3133	0
559	82	15	0.0	0	3133	0
559	82	31	0.0	0	3133	0
559	85	13	0.0	0	3133	0
559	86	17	0.0	0	3133	0
559	86	26	0.0	0	3133	0
559	93	30	0.0	0	3133	0
559	94	7	0.0	0	3133	0
559	94	18	0.0	0	3133	0
559	96	28	0.0	0	3133	0
559	98	0	0.0	0	3133	0
559	100	2	0.0	0	3133	0
560	1	0	0.0	0	3133	0
560	16	1	0.0	0	3133	0
560	23	5	0.0	0	3133	0
560	23	24	0.0	0	3133	0
560	30	1	0.0	0	3133	0
560	34	8	0.0	0	3133	0
560	54	13	0.0	0	3133	0
560	57	0	0.0	0	3133	0
560	60	6	0.0	0	3133	0
560	66	8	0.0	0	3133	0
560	68	30	0.0	0	3133	0
560	76	22	0.0	0	3133	0
560	79	20	0.0	0	3133	0
560	81	4	0.0	0	3133	0
560	81	18	0.0	0	3133	0
560	87	9	0.0	0	3133	0
560	99	22	0.0	0	3133	0
561	4	25	0.0	0	3133	0
561	10	25	0.0	0	3133	0
561	12	26	0.0	0	3133	0
561	40	23	0.0	0	3133	0
561	48	15	0.0	0	3133	0
561	50	25	0.0	0	3133	0
561	54	27	0.0	0	3133	0
561	57	23	0.0	0	3133	0
561	65	17	0.0	0	3133	0
561	67	2	0.0	0	3133	0
561	67	22	0.0	0	3133	0
561	69	25	0.0	0	3133	0
561	71	13	0.0	0	3133	0
561	71	20	0.0	0	3133	0
561	72	3	0.0	0	3133	0
561	75	22	0.0	0	3133	0
561	78	14	0.0	0	3133	0
561	84	7	0.0	0	3133	0
561	84	17	0.0	0	3133	0
561	86	21	0.0	0	3133	0
561	89	14	0.0	0	3133	0
561	91	21	0.0	0	3133	0
561	94	11	0.0	0	3133	0
561	97	14	0.0	0	3133	0
561	98	24	0.0	0	3133	0
561	100	6	0.0	0	3133	0
562	0	20	0.0	0	3133	0
562	4	27	0.0	0	3133	0
562	5	19	0.0	0	3133	0
562	5	26	0.0	0	3133	0
562	11	29	0.0	0	3133	0
562	24	3	0.0	0	3133	0
562	24	4	0.0	0	3133	0
562	30	3	0.0	0	3133	0
562	30	21	0.0	0	3133	0
562	42	13	0.0	0	3133	0
562	45	8	0.0	0	3133	0
562	54	21	0.0	0	3133	0
562	59	5	0.0	0	3133	0
562	82	20	0.0	0	3133	0
562	90	17	0.0	0	3133	0
562	94	5	0.0	0	3133	0
563	11	14	0.0	0	3133	0
563	13	14	0.0	0	3133	0
563	17	23	0.0	0	3133	0
563	19	23	0.0	0	3133	0
563	22	23	0.0	0	3133	0
563	26	31	0.0	0	3133	0
563	29	5	0.0	0	3133	0
563	30	21	0.0	0	3133	0
563	52	17	0.0	0	3133	0
563	65	21	0.0	0	3133	0
563	67	18	0.0	0	3133	0
563	76	6	0.0	0	3133	0
563	82	29	0.0	0	3133	0
563	85	20	0.0	0	3133	0
563	86	10	0.0	0	3133	0
563	87	7	0.0	0	3133	0
563	88	24	0.0	0	3133	0
563	92	0	0.0	0	3133	0
563	94	14	0.0	0	3133	0
563	99	18	0.0	0	3133	0
563	99	26	0.0	0	3133	0
564	28	21	0.0	0	3133	0
564	32	0	0.0	0	3133	0
564	32	3	0.0	0	3133	0
564	38	24	0.0	0	3133	0
564	44	0	0.0	0	3133	0
564	50	4	0.0	0	3133	0
564	52	30	0.0	0	3133	0
564	57	0	0.0	0	3133	0
564	61	24	0.0	0	3133	0
564	64	30	0.0	0	3133	0
564	84	3	0.0	0	3133	0
564	84	5	0.0	0	3133	0
564	90	23	0.0	0	3133	0
564	92	7	0.0	0	3133	0
564	93	15	0.0	0	3133	0
564	95	1	0.0	0	3133	0
564	96	12	0.0	0	3133	0
565	12	1	0.0	0	3133	0
565	12	26	0.0	0	3133	0
565	14	11	0.0	0	3133	0
565	17	11	0.0	0	3133	0
565	29	12	0.0	0	3133	0
565	29	14	0.0	0	3133	0
565	32	7	0.0	0	3133	0
565	42	14	0.0	0	3133	0
565	45	29	0.0	0	3133	0
565	49	17	0.0	0	3133	0
565	50	3	0.0	0	3133	0
565	68	28	0.0	0	3133	0
565	74	21	0.0	0	3133	0
565	78	14	0.0	0	3133	0
565	83	15	0.0	0	3133	0
565	84	9	0.0	0	3133	0
565	85	27	0.0	0	3133	0
565	87	29	0.0	0	3133	0
565	92	25	0.0	0	3133	0
566	2	7	0.0	0	3133	0
566	2	13	0.0	0	3133	0
566	2	14	0.0	0	3133	0
566	5	18	0.0	0	3133	0
566	6	27	0.0	0	3133	0
566	7	25	0.0	0	3133	0
566	8	3	0.0	0	3133	0
566	11	15	0.0	0	3133	0
566	12	15	0.0	0	3133	0
566	14	18	0.0	0	3133	0
566	15	4	0.0	0	3133	0
566	19	17	0.0	0	3133	0
566	26	15	0.0	0	3133	0
566	28	17	0.0	0	3133	0
566	30	12	0.0	0	3133	0
566	40	1	0.0	0	3133	0
566	47	14	0.0	0	3133	0
566	57	17	0.0	0	3133	0
566	64	10	0.0	0	3133	0
566	68	22	0.0	0	3133	0
566	84	18	0.0	0	3133	0
566	86	27	0.0	0	3133	0
566	87	23	0.0	0	3133	0
566	91	22	0.0	0	3133	0
566	98	25	0.0	0	3133	0
566	100	0	0.0	0	3133	0
567	3	27	0.0	0	3133	0
567	6	16	0.0	0	3133	0
567	24	8	0.0	0	3133	0
567	27	15	0.0	0	3133	0
567	30	6	0.0	0	3133	0
567	43	25	0.0	0	3133	0
567	44	14	0.0	0	3133	0
567	50	18	0.0	0	3133	0
567	59	21	0.0	0	3133	0
567	62	21	0.0	0	3133	0
567	75	14	0.0	0	3133	0
567	80	23	0.0	0	3133	0
567	83	7	0.0	0	3133	0
567	83	10	0.0	0	3133	0
567	87	17	0.0	0	3133	0
567	87	26	0.0	0	3133	0
567	92	7	0.0	0	3133	0
567	95	28	0.0	0	3133	0
567	98	7	0.0	0	3133	0
568	3	9	0.0	0	3133	0
568	4	8	0.0	0	3133	0
568	8	2	0.0	0	3133	0
568	8	26	0.0	0	3133	0
568	14	10	0.0	0	3133	0
568	17	12	0.0	0	3133	0
568	19	14	0.0	0	3133	0
568	22	2	0.0	0	3133	0
568	31	17	0.0	0	3133	0
568	31	30	0.0	0	3133	0
568	32	1	0.0	0	3133	0
568	34	26	0.0	0	3133	0
568	44	24	0.0	0	3133	0
568	46	2	0.0	0	3133	0
568	46	27	0.0	0	3133	0
568	54	0	0.0	0	3133	0
568	57	29	0.0	0	3133	0
568	58	24	0.0	0	3133	0
568	61	16	0.0	0	3133	0
568	63	12	0.0	0	3133	0
568	75	8	0.0	0	3133	0
568	77	23	0.0	0	3133	0
568	78	3	0.0	0	3133	0
568	79	10	0.0	0	3133	0
568	79	25	0.0	0	3133	0
568	88	11	0.0	0	3133	0
568	88	16	0.0	0	3133	0
569	4	10	0.0	0	3133	0
569	6	23	0.0	0	3133	0
569	7	31	0.0	0	3133	0
569	10	25	0.0	0	3133	0
569	17	5	0.0	0	3133	0
569	17	29	0.0	0	3133	0
569	31	17	0.0	0	3133	0
569	32	0	0.0	0	3133	0
569	32	30	0.0	0	3133	0
569	33	6	0.0	0	3133	0
569	35	23	0.0	0	3133	0
569	39	10	0.0	0	3133	0
569	43	10	0.0	0	3133	0
569	43	23	0.0	0	3133	0
569	46	4	0.0	0	3133	0
569	50	21	0.0	0	3133	0
569	62	18	0.0	0	3133	0
569	63	11	0.0	0	3133	0
569	64	0	0.0	0	3133	0
569	64	13	0.0	0	3133	0
569	68	1	0.0	0	3133	0
569	70	28	0.0	0	3133	0
569	71	19	0.0	0	3133	0
569	74	13	0.0	0	3133	0
569	76	19	0.0	0	3133	0
569	85	17	0.0	0	3133	0
569	92	13	0.0	0	3133	0
569	93	10	0.0	0	3133	0
570	0	13	0.0	0	3133	0
570	2	2	0.0	0	3133	0
570	3	29	0.0	0	3133	0
570	4	8	0.0	0	3133	0
570	6	23	0.0	0	3133	0
570	9	29	0.0	0	3133	0
570	11	31	0.0	0	3133	0
570	17	31	0.0	0	3133	0
570	39	16	0.0	0	3133	0
570	47	1	0.0	0	3133	0
570	47	12	0.0	0	3133	0
570	48	21	0.0	0	3133	0
570	58	5	0.0	0	3133	0
570	63	19	0.0	0	3133	0
570	63	28	0.0	0	3133	0
570	67	11	0.0	0	3133	0
570	70	24	0.0	0	3133	0
570	81	30	0.0	0	3133	0
570	90	9	0.0	0	3133	0
570	93	12	0.0	0	3133	0
571	0	6	0.0	0	3133	0
571	4	6	0.0	0	3133	0
571	9	22	0.0	0	3133	0
571	9	26	0.0	0	3133	0
571	10	28	0.0	0	3133	0
571	12	30	0.0	0	3133	0
571	15	5	0.0	0	3133	0
571	22	14	0.0	0	3133	0
571	27	6	0.0	0	3133	0
571	30	18	0.0	0	3133	0
571	31	14	0.0	0	3133	0
571	45	14	0.0	0	3133	0
571	47	23	0.0	0	3133	0
571	52	11	0.0	0	3133	0
571	52	13	0.0	0	3133	0
571	66	30	0.0	0	3133	0
571	68	18	0.0	0	3133	0
571	80	20	0.0	0	3133	0
571	80	22	0.0	0	3133	0
571	99	20	0.0	0	3133	0
572	3	12	0.0	0	3133	0
572	7	23	0.0	0	3133	0
572	21	17	0.0	0	3133	0
572	27	31	0.0	0	3133	0
572	28	21	0.0	0	3133	0
572	31	10	0.0	0	3133	0
572	32	21	0.0	0	3133	0
572	41	28	0.0	0	3133	0
572	43	16	0.0	0	3133	0
572	46	26	0.0	0	3133	0
572	48	19	0.0	0	3133	0
572	50	20	0.0	0	3133	0
572	60	24	0.0	0	3133	0
572	63	8	0.0	0	3133	0
572	64	24	0.0	0	3133	0
572	67	19	0.0	0	3133	0
572	67	31	0.0	0	3133	0
572	75	22	0.0	0	3133	0
572	79	21	0.0	0	3133	0
572	83	13	0.0	0	3133	0
572	84	23	0.0	0	3133	0
572	85	13	0.0	0	3133	0
572	86	6	0.0	0	3133	0
572	94	29	0.0	0	3133	0
572	100	19	0.0	0	3133	0
573	0	17	0.0	0	3133	0
573	2	9	0.0	0	3133	0
573	9	18	0.0	0	3133	0
573	10	21	0.0	0	3133	0
573	12	19	0.0	0	3133	0
573	26	24	0.0	0	3133	0
573	31	31	0.0	0	3133	0
573	34	19	0.0	0	3133	0
573	35	22	0.0	0	3133	0
573	61	2	0.0	0	3133	0
573	63	7	0.0	0	3133	0
573	66	29	0.0	0	3133	0
573	71	16	0.0	0	3133	0
573	75	23	0.0	0	3133	0
573	77	31	0.0	0	3133	0
573	80	31	0.0	0	3133	0
573	81	25	0.0	0	3133	0
573	84	17	0.0	0	3133	0
573	87	30	0.0	0	3133	0
573	90	9	0.0	0	3133	0
573	90	24	0.0	0	3133	0
573	98	4	0.0	0	3133	0
574	2	6	0.0	0	3133	0
574	3	4	0.0	0	3133	0
574	22	24	0.0	0	3133	0
574	28	18	0.0	0	3133	0
574	35	7	0.0	0	3133	0
574	38	18	0.0	0	3133	0
574	38	19	0.0	0	3133	0
574	39	22	0.0	0	3133	0
574	41	3	0.0	0	3133	0
574	42	24	0.0	0	3133	0
574	51	8	0.0	0	3133	0
574	56	30	0.0	0	3133	0
574	62	5	0.0	0	3133	0
574	66	7	0.0	0	3133	0
574	77	19	0.0	0	3133	0
574	80	24	0.0	0	3133	0
574	83	31	0.0	0	3133	0
574	86	24	0.0	0	3133	0
574	89	18	0.0	0	3133	0
574	90	8	0.0	0	3133	0
574	94	19	0.0	0	3133	0
575	1	22	0.0	0	3133	0
575	7	0	0.0	0	3133	0
575	11	11	0.0	0	3133	0
575	18	28	0.0	0	3133	0
575	19	24	0.0	0	3133	0
575	20	13	0.0	0	3133	0
575	22	28	0.0	0	3133	0
575	27	8	0.0	0	3133	0
575	34	17	0.0	0	3133	0
575	41	9	0.0	0	3133	0
575	41	14	0.0	0	3133	0
575	46	8	0.0	0	3133	0
575	50	2	0.0	0	3133	0
575	51	10	0.0	0	3133	0
575	57	26	0.0	0	3133	0
575	61	30	0.0	0	3133	0
575	65	10	0.0	0	3133	0
575	70	1	0.0	0	3133	0
575	70	18	0.0	0	3133	0
575	70	27	0.0	0	3133	0
575	75	0	0.0	0	3133	0
575	84	1	0.0	0	3133	0
575	86	5	0.0	0	3133	0
575	86	11	0.0	0	3133	0
575	87	26	0.0	0	3133	0
575	99	6	0.0	0	3133	0
575	99	25	0.0	0	3133	0
576	4	0	0.0	0	3133	0
576	4	1	0.0	0	3133	0
576	10	22	0.0	0	3133	0
576	16	12	0.0	0	3133	0
576	16	14	0.0	0	3133	0
576	16	17	0.0	0	3133	0
576	25	12	0.0	0	3133	0
576	28	11	0.0	0	3133	0
576	33	29	0.0	0	3133	0
576	44	2	0.0	0	3133	0
576	47	21	0.0	0	3133	0
576	47	26	0.0	0	3133	0
576	52	25	0.0	0	3133	0
576	55	23	0.0	0	3133	0
576	58	12	0.0	0	3133	0
576	61	2	0.0	0	3133	0
576	67	9	0.0	0	3133	0
576	73	27	0.0	0	3133	0
576	75	20	0.0	0	3133	0
576	76	17	0.0	0	3133	0
576	77	26	0.0	0	3133	0
576	85	18	0.0	0	3133	0
576	100	23	0.0	0	3133	0
577	0	27	0.0	0	3133	0
577	16	21	0.0	0	3133	0
577	23	4	0.0	0	3133	0
577	25	0	0.0	0	3133	0
577	28	9	0.0	0	3133	0
577	34	1	0.0	0	3133	0
577	48	12	0.0	0	3133	0
577	55	26	0.0	0	3133	0
577	69	23	0.0	0	3133	0
577	70	29	0.0	0	3133	0
577	71	25	0.0	0	3133	0
577	79	0	0.0	0	3133	0
577	80	18	0.0	0	3133	0
577	84	25	0.0	0	3133	0
577	86	3	0.0	0	3133	0
577	98	14	0.0	0	3133	0
578	0	6	0.0	0	3133	0
578	2	7	0.0	0	3133	0
578	8	4	0.0	0	3133	0
578	10	0	0.0	0	3133	0
578	14	27	0.0	0	3133	0
578	17	3	0.0	0	3133	0
578	17	20	0.0	0	3133	0
578	19	3	0.0	0	3133	0
578	19	26	0.0	0	3133	0
578	23	20	0.0	0	3133	0
578	25	0	0.0	0	3133	0
578	45	20	0.0	0	3133	0
578	49	22	0.0	0	3133	0
578	50	0	0.0	0	3133	0
578	55	3	0.0	0	3133	0
578	64	27	0.0	0	3133	0
578	66	28	0.0	0	3133	0
578	67	30	0.0	0	3133	0
578	70	17	0.0	0	3133	0
578	70	25	0.0	0	3133	0
578	73	12	0.0	0	3133	0
578	83	9	0.0	0	3133	0
578	83	17	0.0	0	3133	0
578	87	6	0.0	0	3133	0
578	91	17	0.0	0	3133	0
578	96	24	0.0	0	3133	0
578	97	20	0.0	0	3133	0
578	98	24	0.0	0	3133	0
579	9	24	0.0	0	3133	0
579	13	17	0.0	0	3133	0
579	15	6	0.0	0	3133	0
579	16	8	0.0	0	3133	0
579	17	25	0.0	0	3133	0
579	18	31	0.0	0	3133	0
579	28	3	0.0	0	3133	0
579	29	15	0.0	0	3133	0
579	31	15	0.0	0	3133	0
579	34	10	0.0	0	3133	0
579	36	5	0.0	0	3133	0
579	39	4	0.0	0	3133	0
579	45	29	0.0	0	3133	0
579	47	5	0.0	0	3133	0
579	49	18	0.0	0	3133	0
579	53	5	0.0	0	3133	0
579	54	25	0.0	0	3133	0
579	55	16	0.0	0	3133	0
579	56	22	0.0	0	3133	0
579	59	16	0.0	0	3133	0
579	66	30	0.0	0	3133	0
579	66	31	0.0	0	3133	0
579	73	21	0.0	0	3133	0
579	74	14	0.0	0	3133	0
579	77	8	0.0	0	3133	0
579	84	31	0.0	0	3133	0
579	89	1	0.0	0	3133	0
579	97	10	0.0	0	3133	0
579	99	28	0.0	0	3133	0
580	8	5	0.0	0	3133	0
580	10	22	0.0	0	3133	0
580	13	12	0.0	0	3133	0
580	13	27	0.0	0	3133	0
580	16	10	0.0	0	3133	0
580	18	31	0.0	0	3133	0
580	26	10	0.0	0	3133	0
580	33	12	0.0	0	3133	0
580	37	5	0.0	0	3133	0
580	50	14	0.0	0	3133	0
580	50	27	0.0	0	3133	0
580	51	16	0.0	0	3133	0
580	58	23	0.0	0	3133	0
580	64	23	0.0	0	3133	0
580	65	21	0.0	0	3133	0
580	70	25	0.0	0	3133	0
580	77	19	0.0	0	3133	0
580	89	23	0.0	0	3133	0
580	90	7	0.0	0	3133	0
580	93	23	0.0	0	3133	0
581	14	18	0.0	0	3133	0
581	17	24	0.0	0	3133	0
581	26	9	0.0	0	3133	0
581	32	28	0.0	0	3133	0
581	35	7	0.0	0	3133	0
581	37	23	0.0	0	3133	0
581	38	6	0.0	0	3133	0
581	47	30	0.0	0	3133	0
581	51	23	0.0	0	3133	0
581	54	1	0.0	0	3133	0
581	56	22	0.0	0	3133	0
581	59	8	0.0	0	3133	0
581	60	2	0.0	0	3133	0
581	61	28	0.0	0	3133	0
581	62	23	0.0	0	3133	0
581	65	7	0.0	0	3133	0
581	65	22	0.0	0	3133	0
581	75	18	0.0	0	3133	0
581	77	7	0.0	0	3133	0
581	98	19	0.0	0	3133	0
582	4	29	0.0	0	3133	0
582	10	13	0.0	0	3133	0
582	24	31	0.0	0	3133	0
582	30	9	0.0	0	3133	0
582	38	27	0.0	0	3133	0
582	45	22	0.0	0	3133	0
582	46	13	0.0	0	3133	0
582	55	7	0.0	0	3133	0
582	63	19	0.0	0	3133	0
582	70	16	0.0	0	3133	0
582	71	27	0.0	0	3133	0
582	73	31	0.0	0	3133	0
582	74	20	0.0	0	3133	0
582	84	23	0.0	0	3133	0
582	86	19	0.0	0	3133	0
582	92	21	0.0	0	3133	0
582	93	23	0.0	0	3133	0
582	94	15	0.0	0	3133	0
582	96	24	0.0	0	3133	0
582	98	8	0.0	0	3133	0
583	0	6	0.0	0	3133	0
583	0	12	0.0	0	3133	0
583	24	19	0.0	0	3133	0
583	31	6	0.0	0	3133	0
583	38	29	0.0	0	3133	0
583	42	14	0.0	0	3133	0
583	47	24	0.0	0	3133	0
583	49	2	0.0	0	3133	0
583	51	1	0.0	0	3133	0
583	61	25	0.0	0	3133	0
583	65	3	0.0	0	3133	0
583	66	19	0.0	0	3133	0
583	67	12	0.0	0	3133	0
583	80	3	0.0	0	3133	0
583	82	1	0.0	0	3133	0
583	84	6	0.0	0	3133	0
583	88	11	0.0	0	3133	0
583	95	15	0.0	0	3133	0
583	97	22	0.0	0	3133	0
583	100	27	0.0	0	3133	0
584	0	20	0.0	0	3133	0
584	4	23	0.0	0	3133	0
584	7	23	0.0	0	3133	0
584	9	7	0.0	0	3133	0
584	12	31	0.0	0	3133	0
584	13	18	0.0	0	3133	0
584	20	15	0.0	0	3133	0
584	28	31	0.0	0	3133	0
584	31	4	0.0	0	3133	0
584	55	18	0.0	0	3133	0
584	57	24	0.0	0	3133	0
584	64	19	0.0	0	3133	0
584	66	5	0.0	0	3133	0
584	73	13	0.0	0	3133	0
584	79	13	0.0	0	3133	0
584	82	13	0.0	0	3133	0
584	86	16	0.0	0	3133	0
584	89	8	0.0	0	3133	0
584	93	20	0.0	0	3133	0
584	95	2	0.0	0	3133	0
584	98	10	0.0	0	3133	0
585	3	12	0.0	0	3133	0
585	5	10	0.0	0	3133	0
585	7	31	0.0	0	3133	0
585	8	16	0.0	0	3133	0
585	9	22	0.0	0	3133	0
585	12	2	0.0	0	3133	0
585	15	18	0.0	0	3133	0
585	15	31	0.0	0	3133	0
585	27	7	0.0	0	3133	0
585	30	24	0.0	0	3133	0
585	35	17	0.0	0	3133	0
585	40	3	0.0	0	3133	0
585	40	29	0.0	0	3133	0
585	50	14	0.0	0	3133	0
585	55	1	0.0	0	3133	0
585	59	30	0.0	0	3133	0
585	61	25	0.0	0	3133	0
585	64	10	0.0	0	3133	0
585	70	20	0.0	0	3133	0
585	75	10	0.0	0	3133	0
585	79	4	0.0	0	3133	0
585	84	4	0.0	0	3133	0
585	85	16	0.0	0	3133	0
585	85	31	0.0	0	3133	0
585	92	23	0.0	0	3133	0
585	94	31	0.0	0	3133	0
585	100	18	0.0	0	3133	0
585	100	27	0.0	0	3133	0
586	15	5	0.0	0	3133	0
586	16	24	0.0	0	3133	0
586	17	2	0.0	0	3133	0
586	23	22	0.0	0	3133	0
586	25	13	0.0	0	3133	0
586	30	27	0.0	0	3133	0
586	33	8	0.0	0	3133	0
586	33	10	0.0	0	3133	0
586	34	27	0.0	0	3133	0
586	40	19	0.0	0	3133	0
586	46	6	0.0	0	3133	0
586	48	21	0.0	0	3133	0
586	51	16	0.0	0	3133	0
586	54	11	0.0	0	3133	0
586	66	2	0.0	0	3133	0
586	72	12	0.0	0	3133	0
586	75	12	0.0	0	3133	0
586	84	20	0.0	0	3133	0
586	90	17	0.0	0	3133	0
587	3	26	0.0	0	3133	0
587	4	5	0.0	0	3133	0
587	4	30	0.0	0	3133	0
587	6	7	0.0	0	3133	0
587	10	26	0.0	0	3133	0
587	12	13	0.0	0	3133	0
587	12	29	0.0	0	3133	0
587	13	4	0.0	0	3133	0
587	18	8	0.0	0	3133	0
587	28	23	0.0	0	3133	0
587	29	10	0.0	0	3133	0
587	36	0	0.0	0	3133	0
587	44	25	0.0	0	3133	0
587	44	31	0.0	0	3133	0
587	49	21	0.0	0	3133	0
587	55	16	0.0	0	3133	0
587	56	24	0.0	0	3133	0
587	63	15	0.0	0	3133	0
587	74	19	0.0	0	3133	0
587	77	6	0.0	0	3133	0
587	81	29	0.0	0	3133	0
587	82	21	0.0	0	3133	0
587	84	0	0.0	0	3133	0
587	84	27	0.0	0	3133	0
587	85	20	0.0	0	3133	0
587	86	19	0.0	0	3133	0
587	100	6	0.0	0	3133	0
588	1	17	0.0	0	3133	0
588	4	22	0.0	0	3133	0
588	5	29	0.0	0	3133	0
588	7	22	0.0	0	3133	0
588	9	18	0.0	0	3133	0
588	13	4	0.0	0	3133	0
588	14	5	0.0	0	3133	0
588	19	14	0.0	0	3133	0
588	29	7	0.0	0	3133	0
588	30	23	0.0	0	3133	0
588	31	10	0.0	0	3133	0
588	31	14	0.0	0	3133	0
588	34	1	0.0	0	3133	0
588	38	20	0.0	0	3133	0
588	46	27	0.0	0	3133	0
588	60	21	0.0	0	3133	0
588	60	28	0.0	0	3133	0
588	63	24	0.0	0	3133	0
588	66	29	0.0	0	3133	0
588	67	24	0.0	0	3133	0
588	68	3	0.0	0	3133	0
588	73	11	0.0	0	3133	0
588	75	20	0.0	0	3133	0
588	84	30	0.0	0	3133	0
588	87	8	0.0	0	3133	0
588	91	8	0.0	0	3133	0
588	94	14	0.0	0	3133	0
588	96	19	0.0	0	3133	0
589	3	4	0.0	0	3133	0
589	4	18	0.0	0	3133	0
589	5	31	0.0	0	3133	0
589	9	5	0.0	0	3133	0
589	10	10	0.0	0	3133	0
589	11	6	0.0	0	3133	0
589	23	2	0.0	0	3133	0
589	26	30	0.0	0	3133	0
589	29	14	0.0	0	3133	0
589	31	29	0.0	0	3133	0
589	35	25	0.0	0	3133	0
589	44	13	0.0	0	3133	0
589	49	16	0.0	0	3133	0
589	54	8	0.0	0	3133	0
589	65	30	0.0	0	3133	0
589	69	20	0.0	0	3133	0
589	71	6	0.0	0	3133	0
589	75	9	0.0	0	3133	0
589	76	8	0.0	0	3133	0
589	85	2	0.0	0	3133	0
589	90	13	0.0	0	3133	0
589	95	0	0.0	0	3133	0
589	96	4	0.0	0	3133	0
589	98	13	0.0	0	3133	0
589	98	22	0.0	0	3133	0
589	98	26	0.0	0	3133	0
589	99	16	0.0	0	3133	0
589	99	26	0.0	0	3133	0
590	12	15	0.0	0	3133	0
590	14	27	0.0	0	3133	0
590	17	16	0.0	0	3133	0
590	26	31	0.0	0	3133	0
590	27	25	0.0	0	3133	0
590	29	2	0.0	0	3133	0
590	29	26	0.0	0	3133	0
590	32	30	0.0	0	3133	0
590	41	16	0.0	0	3133	0
590	45	9	0.0	0	3133	0
590	48	16	0.0	0	3133	0
590	55	2	0.0	0	3133	0
590	56	10	0.0	0	3133	0
590	57	15	0.0	0	3133	0
590	63	22	0.0	0	3133	0
590	63	24	0.0	0	3133	0
590	64	3	0.0	0	3133	0
590	65	15	0.0	0	3133	0
590	65	21	0.0	0	3133	0
590	66	2	0.0	0	3133	0
590	70	14	0.0	0	3133	0
590	73	10	0.0	0	3133	0
590	80	12	0.0	0	3133	0
590	82	5	0.0	0	3133	0
590	82	22	0.0	0	3133	0
590	88	19	0.0	0	3133	0
590	89	14	0.0	0	3133	0
590	90	13	0.0	0	3133	0
590	93	4	0.0	0	3133	0
590	96	8	0.0	0	3133	0
591	1	18	0.0	0	3133	0
591	4	28	0.0	0	3133	0
591	10	30	0.0	0	3133	0
591	14	13	0.0	0	3133	0
591	16	30	0.0	0	3133	0
591	21	23	0.0	0	3133	0
591	22	13	0.0	0	3133	0
591	27	9	0.0	0	3133	0
591	38	29	0.0	0	3133	0
591	42	27	0.0	0	3133	0
591	42	30	0.0	0	3133	0
591	43	0	0.0	0	3133	0
591	60	28	0.0	0	3133	0
591	64	16	0.0	0	3133	0
591	69	23	0.0	0	3133	0
591	71	16	0.0	0	3133	0
591	73	25	0.0	0	3133	0
591	90	22	0.0	0	3133	0
591	98	19	0.0	0	3133	0
592	1	4	0.0	0	3133	0
592	2	29	0.0	0	3133	0
592	12	31	0.0	0	3133	0
592	18	11	0.0	0	3133	0
592	23	26	0.0	0	3133	0
592	25	18	0.0	0	3133	0
592	31	20	0.0	0	3133	0
592	39	17	0.0	0	3133	0
592	39	30	0.0	0	3133	0
592	46	15	0.0	0	3133	0
592	48	2	0.0	0	3133	0
592	51	0	0.0	0	3133	0
592	52	23	0.0	0	3133	0
592	57	24	0.0	0	3133	0
592	57	26	0.0	0	3133	0
592	58	30	0.0	0	3133	0
592	60	26	0.0	0	3133	0
592	62	11	0.0	0	3133	0
592	64	21	0.0	0	3133	0
592	68	28	0.0	0	3133	0
592	80	11	0.0	0	3133	0
592	86	23	0.0	0	3133	0
592	88	19	0.0	0	3133	0
592	92	25	0.0	0	3133	0
592	99	19	0.0	0	3133	0
593	12	28	0.0	0	3133	0
593	16	16	0.0	0	3133	0
593	17	0	0.0	0	3133	0
593	18	12	0.0	0	3133	0
593	20	21	0.0	0	3133	0
593	21	15	0.0	0	3133	0
593	22	13	0.0	0	3133	0
593	25	12	0.0	0	3133	0
593	25	19	0.0	0	3133	0
593	29	9	0.0	0	3133	0
593	34	11	0.0	0	3133	0
593	36	7	0.0	0	3133	0
593	40	25	0.0	0	3133	0
593	44	15	0.0	0	3133	0
593	45	19	0.0	0	3133	0
593	46	3	0.0	0	3133	0
593	51	15	0.0	0	3133	0
593	52	31	0.0	0	3133	0
593	53	6	0.0	0	3133	0
593	53	31	0.0	0	3133	0
593	63	1	0.0	0	3133	0
593	77	23	0.0	0	3133	0
593	80	31	0.0	0	3133	0
593	82	19	0.0	0	3133	0
593	84	9	0.0	0	3133	0
593	92	22	0.0	0	3133	0
593	93	3	0.0	0	3133	0
593	93	15	0.0	0	3133	0
593	94	28	0.0	0	3133	0
594	7	10	0.0	0	3133	0
594	8	11	0.0	0	3133	0
594	9	27	0.0	0	3133	0
594	14	18	0.0	0	3133	0
594	20	13	0.0	0	3133	0
594	22	15	0.0	0	3133	0
594	38	31	0.0	0	3133	0
594	42	23	0.0	0	3133	0
594	43	11	0.0	0	3133	0
594	44	22	0.0	0	3133	0
594	45	24	0.0	0	3133	0
594	47	0	0.0	0	3133	0
594	50	7	0.0	0	3133	0
594	50	15	0.0	0	3133	0
594	60	9	0.0	0	3133	0
594	61	16	0.0	0	3133	0
594	64	14	0.0	0	3133	0
594	64	16	0.0	0	3133	0
594	64	24	0.0	0	3133	0
594	69	15	0.0	0	3133	0
594	70	9	0.0	0	3133	0
594	71	5	0.0	0	3133	0
594	74	13	0.0	0	3133	0
594	76	23	0.0	0	3133	0
594	80	2	0.0	0	3133	0
594	82	31	0.0	0	3133	0
594	96	24	0.0	0	3133	0
594	97	7	0.0	0	3133	0
594	97	12	0.0	0	3133	0
594	98	4	0.0	0	3133	0
595	5	22	0.0	0	3133	0
595	11	6	0.0	0	3133	0
595	11	10	0.0	0	3133	0
595	12	9	0.0	0	3133	0
595	14	9	0.0	0	3133	0
595	16	0	0.0	0	3133	0
595	20	1	0.0	0	3133	0
595	34	3	0.0	0	3133	0
595	43	31	0.0	0	3133	0
595	49	6	0.0	0	3133	0
595	58	7	0.0	0	3133	0
595	58	17	0.0	0	3133	0
595	66	18	0.0	0	3133	0
595	73	24	0.0	0	3133	0
595	76	9	0.0	0	3133	0
595	81	13	0.0	0	3133	0
595	82	31	0.0	0	3133	0
595	88	4	0.0	0	3133	0
595	93	20	0.0	0	3133	0
595	94	7	0.0	0	3133	0
595	94	31	0.0	0	3133	0
596	1	3	0.0	0	3133	0
596	3	24	0.0	0	3133	0
596	5	7	0.0	0	3133	0
596	7	9	0.0	0	3133	0
596	9	26	0.0	0	3133	0
596	11	2	0.0	0	3133	0
596	13	2	0.0	0	3133	0
596	15	6	0.0	0	3133	0
596	17	1	0.0	0	3133	0
596	18	25	0.0	0	3133	0
596	18	26	0.0	0	3133	0
596	20	25	0.0	0	3133	0
596	25	19	0.0	0	3133	0
596	33	17	0.0	0	3133	0
596	34	18	0.0	0	3133	0
596	36	27	0.0	0	3133	0
596	45	4	0.0	0	3133	0
596	54	1	0.0	0	3133	0
596	57	25	0.0	0	3133	0
596	62	23	0.0	0	3133	0
596	74	29	0.0	0	3133	0
596	74	30	0.0	0	3133	0
596	77	10	0.0	0	3133	0
596	79	14	0.0	0	3133	0
596	83	24	0.0	0	3133	0
596	85	19	0.0	0	3133	0
596	86	3	0.0	0	3133	0
596	87	18	0.0	0	3133	0
596	92	0	0.0	0	3133	0
596	92	2	0.0	0	3133	0
596	93	13	0.0	0	3133	0
597	2	5	0.0	0	3133	0
597	4	25	0.0	0	3133	0
597	7	29	0.0	0	3133	0
597	10	1	0.0	0	3133	0
597	16	15	0.0	0	3133	0
597	18	1	0.0	0	3133	0
597	19	5	0.0	0	3133	0
597	23	12	0.0	0	3133	0
597	24	17	0.0	0	3133	0
597	27	13	0.0	0	3133	0
597	27	27	0.0	0	3133	0
597	28	20	0.0	0	3133	0
597	40	29	0.0	0	3133	0
597	42	13	0.0	0	3133	0
597	48	7	0.0	0	3133	0
597	52	2	0.0	0	3133	0
597	52	17	0.0	0	3133	0
597	53	2	0.0	0	3133	0
597	54	5	0.0	0	3133	0
597	57	7	0.0	0	3133	0
597	59	20	0.0	0	3133	0
597	62	9	0.0	0	3133	0
597	69	24	0.0	0	3133	0
597	76	6	0.0	0	3133	0
597	77	27	0.0	0	3133	0
597	81	22	0.0	0	3133	0
597	97	25	0.0	0	3133	0
597	97	27	0.0	0	3133	0
597	99	26	0.0	0	3133	0
597	100	21	0.0	0	3133	0
598	3	16	0.0	0	3133	0
598	8	14	0.0	0	3133	0
598	8	22	0.0	0	3133	0
598	10	1	0.0	0	3133	0
598	11	29	0.0	0	3133	0
598	14	16	0.0	0	3133	0
598	16	26	0.0	0	3133	0
598	22	23	0.0	0	3133	0
598	41	14	0.0	0	3133	0
598	44	18	0.0	0	3133	0
598	47	23	0.0	0	3133	0
598	48	6	0.0	0	3133	0
598	49	15	0.0	0	3133	0
598	50	31	0.0	0	3133	0
598	61	6	0.0	0	3133	0
598	66	11	0.0	0	3133	0
598	70	8	0.0	0	3133	0
598	88	21	0.0	0	3133	0
598	89	20	0.0	0	3133	0
598	91	17	0.0	0	3133	0
598	98	17	0.0	0	3133	0
598	99	6	0.0	0	3133	0
599	1	13	0.0	0	3133	0
599	16	25	0.0	0	3133	0
599	18	18	0.0	0	3133	0
599	19	9	0.0	0	3133	0
599	20	29	0.0	0	3133	0
599	24	1	0.0	0	3133	0
599	25	15	0.0	0	3133	0
599	25	25	0.0	0	3133	0
599	37	29	0.0	0	3133	0
599	49	2	0.0	0	3133	0
599	70	13	0.0	0	3133	0
599	77	28	0.0	0	3133	0
599	81	14	0.0	0	3133	0
599	82	11	0.0	0	3133	0
599	82	29	0.0	0	3133	0
599	88	1	0.0	0	3133	0
599	88	7	0.0	0	3133	0
600	7	4	0.0	0	3133	0
600	8	8	0.0	0	3133	0
600	10	9	0.0	0	3133	0
600	13	3	0.0	0	3133	0
600	15	13	0.0	0	3133	0
600	18	10	0.0	0	3133	0
600	21	20	0.0	0	3133	0
600	40	7	0.0	0	3133	0
600	47	10	0.0	0	3133	0
600	52	3	0.0	0	3133	0
600	56	0	0.0	0	3133	0
600	57	7	0.0	0	3133	0
600	66	9	0.0	0	3133	0
600	74	29	0.0	0	3133	0
600	78	29	0.0	0	3133	0
600	80	10	0.0	0	3133	0
600	83	24	0.0	0	3133	0
600	84	12	0.0	0	3133	0
600	85	24	0.0	0	3133	0
600	87	28	0.0	0	3133	0
600	88	6	0.0	0	3133	0
600	89	25	0.0	0	3133	0
600	90	25	0.0	0	3133	0
600	95	1	0.0	0	3133	0
600	96	0	0.0	0	3133	0
600	98	18	0.0	0	3133	0
600	98	29	0.0	0	3133	0
601	16	3	0.0	0	3133	0
601	17	1	0.0	0	3133	0
601	18	6	0.0	0	3133	0
601	19	5	0.0	0	3133	0
601	19	9	0.0	0	3133	0
601	26	16	0.0	0	3133	0
601	33	9	0.0	0	3133	0
601	47	10	0.0	0	3133	0
601	52	18	0.0	0	3133	0
601	57	7	0.0	0	3133	0
601	60	25	0.0	0	3133	0
601	66	5	0.0	0	3133	0
601	66	18	0.0	0	3133	0
601	75	18	0.0	0	3133	0
601	79	7	0.0	0	3133	0
601	85	0	0.0	0	3133	0
601	87	18	0.0	0	3133	0
601	91	1	0.0	0	3133	0
601	92	20	0.0	0	3133	0
601	93	8	0.0	0	3133	0
602	0	0	0.0	0	3133	0
602	8	7	0.0	0	3133	0
602	10	6	0.0	0	3133	0
602	25	30	0.0	0	3133	0
602	27	30	0.0	0	3133	0
602	28	2	0.0	0	3133	0
602	34	11	0.0	0	3133	0
602	42	2	0.0	0	3133	0
602	50	13	0.0	0	3133	0
602	63	26	0.0	0	3133	0
602	66	20	0.0	0	3133	0
602	73	8	0.0	0	3133	0
602	78	8	0.0	0	3133	0
602	78	22	0.0	0	3133	0
602	90	0	0.0	0	3133	0
602	90	16	0.0	0	3133	0
602	100	25	0.0	0	3133	0
603	3	19	0.0	0	3133	0
603	4	8	0.0	0	3133	0
603	7	23	0.0	0	3133	0
603	8	5	0.0	0	3133	0
603	10	9	0.0	0	3133	0
603	10	14	0.0	0	3133	0
603	18	7	0.0	0	3133	0
603	25	9	0.0	0	3133	0
603	36	17	0.0	0	3133	0
603	39	5	0.0	0	3133	0
603	46	12	0.0	0	3133	0
603	53	23	0.0	0	3133	0
603	54	18	0.0	0	3133	0
603	67	1	0.0	0	3133	0
603	67	13	0.0	0	3133	0
603	70	30	0.0	0	3133	0
603	75	7	0.0	0	3133	0
603	81	6	0.0	0	3133	0
603	83	2	0.0	0	3133	0
603	87	8	0.0	0	3133	0
603	87	28	0.0	0	3133	0
603	93	30	0.0	0	3133	0
603	95	7	0.0	0	3133	0
603	97	22	0.0	0	3133	0
604	1	23	0.0	0	3133	0
604	2	0	0.0	0	3133	0
604	12	16	0.0	0	3133	0
604	14	2	0.0	0	3133	0
604	14	21	0.0	0	3133	0
604	18	6	0.0	0	3133	0
604	20	3	0.0	0	3133	0
604	20	6	0.0	0	3133	0
604	22	6	0.0	0	3133	0
604	22	13	0.0	0	3133	0
604	25	21	0.0	0	3133	0
604	40	10	0.0	0	3133	0
604	46	13	0.0	0	3133	0
604	47	18	0.0	0	3133	0
604	50	5	0.0	0	3133	0
604	58	22	0.0	0	3133	0
604	64	22	0.0	0	3133	0
604	66	29	0.0	0	3133	0
604	70	17	0.0	0	3133	0
604	70	24	0.0	0	3133	0
604	73	27	0.0	0	3133	0
604	75	3	0.0	0	3133	0
604	77	12	0.0	0	3133	0
604	82	0	0.0	0	3133	0
604	83	3	0.0	0	3133	0
604	85	31	0.0	0	3133	0
604	94	23	0.0	0	3133	0
604	99	9	0.0	0	3133	0
605	8	23	0.0	0	3133	0
605	17	4	0.0	0	3133	0
605	50	5	0.0	0	3133	0
605	65	15	0.0	0	3133	0
605	68	18	0.0	0	3133	0
605	71	3	0.0	0	3133	0
605	71	18	0.0	0	3133	0
605	75	18	0.0	0	3133	0
605	78	9	0.0	0	3133	0
605	82	5	0.0	0	3133	0
605	85	7	0.0	0	3133	0
605	88	9	0.0	0	3133	0
605	89	27	0.0	0	3133	0
605	89	29	0.0	0	3133	0
605	90	29	0.0	0	3133	0
605	96	20	0.0	0	3133	0
606	0	30	0.0	0	3133	0
606	14	3	0.0	0	3133	0
606	16	17	0.0	0	3133	0
606	21	17	0.0	0	3133	0
606	25	21	0.0	0	3133	0
606	25	31	0.0	0	3133	0
606	30	31	0.0	0	3133	0
606	36	20	0.0	0	3133	0
606	38	6	0.0	0	3133	0
606	41	13	0.0	0	3133	0
606	42	12	0.0	0	3133	0
606	46	29	0.0	0	3133	0
606	67	10	0.0	0	3133	0
606	67	11	0.0	0	3133	0
606	68	19	0.0	0	3133	0
606	73	30	0.0	0	3133	0
606	85	16	0.0	0	3133	0
606	86	23	0.0	0	3133	0
606	87	18	0.0	0	3133	0
606	94	12	0.0	0	3133	0
606	95	2	0.0	0	3133	0
606	95	13	0.0	0	3133	0
606	96	23	0.0	0	3133	0
606	97	11	0.0	0	3133	0
606	99	8	0.0	0	3133	0
607	6	18	0.0	0	3133	0
607	12	0	0.0	0	3133	0
607	17	9	0.0	0	3133	0
607	19	31	0.0	0	3133	0
607	30	18	0.0	0	3133	0
607	33	12	0.0	0	3133	0
607	39	21	0.0	0	3133	0
607	44	15	0.0	0	3133	0
607	48	6	0.0	0	3133	0
607	49	10	0.0	0	3133	0
607	53	1	0.0	0	3133	0
607	56	21	0.0	0	3133	0
607	70	9	0.0	0	3133	0
607	71	11	0.0	0	3133	0
607	74	24	0.0	0	3133	0
607	79	4	0.0	0	3133	0
607	82	19	0.0	0	3133	0
607	84	11	0.0	0	3133	0
607	90	7	0.0	0	3133	0
607	93	15	0.0	0	3133	0
607	94	18	0.0	0	3133	0
607	96	16	0.0	0	3133	0
608	0	4	0.0	0	3133	0
608	0	13	0.0	0	3133	0
608	8	24	0.0	0	3133	0
608	12	28	0.0	0	3133	0
608	19	15	0.0	0	3133	0
608	27	3	0.0	0	3133	0
608	36	10	0.0	0	3133	0
608	40	27	0.0	0	3133	0
608	42	20	0.0	0	3133	0
608	56	13	0.0	0	3133	0
608	56	19	0.0	0	3133	0
608	58	9	0.0	0	3133	0
608	62	2	0.0	0	3133	0
608	65	27	0.0	0	3133	0
608	67	1	0.0	0	3133	0
608	80	28	0.0	0	3133	0
608	83	13	0.0	0	3133	0
608	87	7	0.0	0	3133	0
608	88	3	0.0	0	3133	0
608	89	0	0.0	0	3133	0
608	95	8	0.0	0	3133	0
608	100	28	0.0	0	3133	0
609	4	7	0.0	0	3133	0
609	8	25	0.0	0	3133	0
609	11	18	0.0	0	3133	0
609	20	11	0.0	0	3133	0
609	25	10	0.0	0	3133	0
609	29	22	0.0	0	3133	0
609	30	16	0.0	0	3133	0
609	30	26	0.0	0	3133	0
609	31	26	0.0	0	3133	0
609	51	21	0.0	0	3133	0
609	51	23	0.0	0	3133	0
609	51	27	0.0	0	3133	0
609	58	27	0.0	0	3133	0
609	63	0	0.0	0	3133	0
609	70	23	0.0	0	3133	0
609	71	14	0.0	0	3133	0
609	71	21	0.0	0	3133	0
609	73	17	0.0	0	3133	0
609	74	2	0.0	0	3133	0
609	76	5	0.0	0	3133	0
609	76	31	0.0	0	3133	0
609	79	29	0.0	0	3133	0
609	80	2	0.0	0	3133	0
609	82	0	0.0	0	3133	0
609	86	29	0.0	0	3133	0
609	90	16	0.0	0	3133	0
609	91	8	0.0	0	3133	0
609	91	30	0.0	0	3133	0
609	92	11	0.0	0	3133	0
609	93	16	0.0	0	3133	0
609	95	12	0.0	0	3133	0
609	98	27	0.0	0	3133	0
610	0	17	0.0	0	3133	0
610	1	15	0.0	0	3133	0
610	10	13	0.0	0	3133	0
610	13	30	0.0	0	3133	0
610	15	13	0.0	0	3133	0
610	15	26	0.0	0	3133	0
610	21	31	0.0	0	3133	0
610	28	7	0.0	0	3133	0
610	35	28	0.0	0	3133	0
610	38	14	0.0	0	3133	0
610	45	21	0.0	0	3133	0
610	47	17	0.0	0	3133	0
610	48	7	0.0	0	3133	0
610	49	27	0.0	0	3133	0
610	51	20	0.0	0	3133	0
610	54	2	0.0	0	3133	0
610	55	23	0.0	0	3133	0
610	57	9	0.0	0	3133	0
610	62	6	0.0	0	3133	0
610	63	5	0.0	0	3133	0
610	80	5	0.0	0	3133	0
610	80	9	0.0	0	3133	0
610	80	29	0.0	0	3133	0
610	82	21	0.0	0	3133	0
610	85	23	0.0	0	3133	0
610	86	27	0.0	0	3133	0
610	90	1	0.0	0	3133	0
610	94	19	0.0	0	3133	0
610	94	27	0.0	0	3133	0
610	98	0	0.0	0	3133	0
611	2	28	0.0	0	3133	0
611	5	8	0.0	0	3133	0
611	5	24	0.0	0	3133	0
611	14	7	0.0	0	3133	0
611	19	4	0.0	0	3133	0
611	21	15	0.0	0	3133	0
611	25	7	0.0	0	3133	0
611	32	0	0.0	0	3133	0
611	32	14	0.0	0	3133	0
611	36	2	0.0	0	3133	0
611	36	26	0.0	0	3133	0
611	42	27	0.0	0	3133	0
611	43	0	0.0	0	3133	0
611	43	4	0.0	0	3133	0
611	45	13	0.0	0	3133	0
611	49	9	0.0	0	3133	0
611	49	25	0.0	0	3133	0
611	52	25	0.0	0	3133	0
611	61	25	0.0	0	3133	0
611	61	29	0.0	0	3133	0
611	63	24	0.0	0	3133	0
611	64	31	0.0	0	3133	0
611	76	20	0.0	0	3133	0
611	80	2	0.0	0	3133	0
611	82	12	0.0	0	3133	0
611	85	23	0.0	0	3133	0
611	95	25	0.0	0	3133	0
612	0	13	0.0	0	3133	0
612	5	30	0.0	0	3133	0
612	12	9	0.0	0	3133	0
612	14	16	0.0	0	3133	0
612	20	0	0.0	0	3133	0
612	21	20	0.0	0	3133	0
612	22	3	0.0	0	3133	0
612	27	15	0.0	0	3133	0
612	28	18	0.0	0	3133	0
612	33	3	0.0	0	3133	0
612	34	1	0.0	0	3133	0
612	38	3	0.0	0	3133	0
612	41	9	0.0	0	3133	0
612	46	9	0.0	0	3133	0
612	49	10	0.0	0	3133	0
612	53	8	0.0	0	3133	0
612	54	19	0.0	0	3133	0
612	57	22	0.0	0	3133	0
612	63	10	0.0	0	3133	0
612	66	23	0.0	0	3133	0
612	67	17	0.0	0	3133	0
612	73	13	0.0	0	3133	0
612	80	25	0.0	0	3133	0
612	83	22	0.0	0	3133	0
612	84	4	0.0	0	3133	0
612	98	15	0.0	0	3133	0
612	99	10	0.0	0	3133	0
613	5	3	0.0	0	3133	0
613	6	6	0.0	0	3133	0
613	7	28	0.0	0	3133	0
613	9	27	0.0	0	3133	0
613	14	18	0.0	0	3133	0
613	15	24	0.0	0	3133	0
613	15	26	0.0	0	3133	0
613	26	19	0.0	0	3133	0
613	46	11	0.0	0	3133	0
613	54	12	0.0	0	3133	0
613	58	11	0.0	0	3133	0
613	60	18	0.0	0	3133	0
613	68	3	0.0	0	3133	0
613	71	22	0.0	0	3133	0
613	71	28	0.0	0	3133	0
613	77	28	0.0	0	3133	0
613	78	25	0.0	0	3133	0
613	86	13	0.0	0	3133	0
613	86	24	0.0	0	3133	0
613	90	7	0.0	0	3133	0
613	92	13	0.0	0	3133	0
613	92	22	0.0	0	3133	0
614	3	2	0.0	0	3133	0
614	9	17	0.0	0	3133	0
614	14	11	0.0	0	3133	0
614	20	11	0.0	0	3133	0
614	21	8	0.0	0	3133	0
614	25	23	0.0	0	3133	0
614	28	24	0.0	0	3133	0
614	31	18	0.0	0	3133	0
614	32	26	0.0	0	3133	0
614	37	24	0.0	0	3133	0
614	44	8	0.0	0	3133	0
614	55	5	0.0	0	3133	0
614	57	24	0.0	0	3133	0
614	57	25	0.0	0	3133	0
614	60	0	0.0	0	3133	0
614	61	26	0.0	0	3133	0
614	63	6	0.0	0	3133	0
614	63	17	0.0	0	3133	0
614	66	6	0.0	0	3133	0
614	76	16	0.0	0	3133	0
614	79	4	0.0	0	3133	0
614	79	7	0.0	0	3133	0
614	79	16	0.0	0	3133	0
614	83	3	0.0	0	3133	0
614	86	15	0.0	0	3133	0
614	86	24	0.0	0	3133	0
614	87	1	0.0	0	3133	0
614	94	17	0.0	0	3133	0
615	2	21	0.0	0	3133	0
615	3	19	0.0	0	3133	0
615	9	8	0.0	0	3133	0
615	10	13	0.0	0	3133	0
615	26	24	0.0	0	3133	0
615	29	25	0.0	0	3133	0
615	43	18	0.0	0	3133	0
615	53	8	0.0	0	3133	0
615	57	11	0.0	0	3133	0
615	60	4	0.0	0	3133	0
615	61	20	0.0	0	3133	0
615	62	13	0.0	0	3133	0
615	62	30	0.0	0	3133	0
615	65	28	0.0	0	3133	0
615	69	6	0.0	0	3133	0
615	74	9	0.0	0	3133	0
615	76	6	0.0	0	3133	0
615	85	31	0.0	0	3133	0
615	90	7	0.0	0	3133	0
615	98	23	0.0	0	3133	0
616	2	30	0.0	0	3133	0
616	5	14	0.0	0	3133	0
616	10	19	0.0	0	3133	0
616	11	8	0.0	0	3133	0
616	25	5	0.0	0	3133	0
616	34	12	0.0	0	3133	0
616	39	25	0.0	0	3133	0
616	44	15	0.0	0	3133	0
616	60	4	0.0	0	3133	0
616	65	3	0.0	0	3133	0
616	65	21	0.0	0	3133	0
616	69	11	0.0	0	3133	0
616	71	17	0.0	0	3133	0
616	72	4	0.0	0	3133	0
616	76	8	0.0	0	3133	0
616	92	13	0.0	0	3133	0
616	98	5	0.0	0	3133	0
616	100	1	0.0	0	3133	0
616	100	18	0.0	0	3133	0
616	100	23	0.0	0	3133	0
617	12	23	0.0	0	3133	0
617	13	23	0.0	0	3133	0
617	14	5	0.0	0	3133	0
617	14	30	0.0	0	3133	0
617	20	26	0.0	0	3133	0
617	21	1	0.0	0	3133	0
617	25	9	0.0	0	3133	0
617	27	10	0.0	0	3133	0
617	28	7	0.0	0	3133	0
617	29	0	0.0	0	3133	0
617	32	22	0.0	0	3133	0
617	49	22	0.0	0	3133	0
617	50	5	0.0	0	3133	0
617	54	27	0.0	0	3133	0
617	67	10	0.0	0	3133	0
617	82	5	0.0	0	3133	0
617	82	9	0.0	0	3133	0
617	89	3	0.0	0	3133	0
617	89	31	0.0	0	3133	0
617	91	15	0.0	0	3133	0
618	11	1	0.0	0	3133	0
618	20	0	0.0	0	3133	0
618	23	0	0.0	0	3133	0
618	28	11	0.0	0	3133	0
618	31	25	0.0	0	3133	0
618	46	23	0.0	0	3133	0
618	47	5	0.0	0	3133	0
618	56	25	0.0	0	3133	0
618	73	3	0.0	0	3133	0
618	73	16	0.0	0	3133	0
618	75	25	0.0	0	3133	0
618	76	18	0.0	0	3133	0
618	76	26	0.0	0	3133	0
618	77	23	0.0	0	3133	0
618	78	4	0.0	0	3133	0
618	81	12	0.0	0	3133	0
618	85	5	0.0	0	3133	0
618	86	5	0.0	0	3133	0
618	87	8	0.0	0	3133	0
618	87	23	0.0	0	3133	0
618	88	20	0.0	0	3133	0
618	91	30	0.0	0	3133	0
618	93	15	0.0	0	3133	0
618	95	4	0.0	0	3133	0
618	95	29	0.0	0	3133	0
618	99	23	0.0	0	3133	0
618	100	7	0.0	0	3133	0
619	4	9	0.0	0	3133	0
619	5	22	0.0	0	3133	0
619	7	2	0.0	0	3133	0
619	7	18	0.0	0	3133	0
619	8	11	0.0	0	3133	0
619	12	26	0.0	0	3133	0
619	14	31	0.0	0	3133	0
619	20	16	0.0	0	3133	0
619	21	3	0.0	0	3133	0
619	21	28	0.0	0	3133	0
619	25	20	0.0	0	3133	0
619	30	12	0.0	0	3133	0
619	38	18	0.0	0	3133	0
619	41	9	0.0	0	3133	0
619	48	3	0.0	0	3133	0
619	51	0	0.0	0	3133	0
619	53	22	0.0	0	3133	0
619	59	6	0.0	0	3133	0
619	63	9	0.0	0	3133	0
619	64	25	0.0	0	3133	0
619	65	6	0.0	0	3133	0
619	67	0	0.0	0	3133	0
619	73	7	0.0	0	3133	0
619	84	10	0.0	0	3133	0
619	86	4	0.0	0	3133	0
619	95	4	0.0	0	3133	0
619	100	1	0.0	0	3133	0
620	0	11	0.0	0	3133	0
620	3	0	0.0	0	3133	0
620	7	0	0.0	0	3133	0
620	10	5	0.0	0	3133	0
620	12	7	0.0	0	3133	0
620	16	24	0.0	0	3133	0
620	18	9	0.0	0	3133	0
620	24	1	0.0	0	3133	0
620	37	5	0.0	0	3133	0
620	37	12	0.0	0	3133	0
620	46	21	0.0	0	3133	0
620	48	28	0.0	0	3133	0
620	53	30	0.0	0	3133	0
620	54	23	0.0	0	3133	0
620	55	3	0.0	0	3133	0
620	57	5	0.0	0	3133	0
620	57	16	0.0	0	3133	0
620	59	27	0.0	0	3133	0
620	62	5	0.0	0	3133	0
620	67	6	0.0	0	3133	0
620	68	16	0.0	0	3133	0
620	69	3	0.0	0	3133	0
620	79	22	0.0	0	3133	0
620	93	24	0.0	0	3133	0
620	94	27	0.0	0	3133	0
620	100	16	0.0	0	3133	0
621	0	18	0.0	0	3133	0
621	2	1	0.0	0	3133	0
621	16	29	0.0	0	3133	0
621	22	3	0.0	0	3133	0
621	26	26	0.0	0	3133	0
621	27	28	0.0	0	3133	0
621	40	7	0.0	0	3133	0
621	40	8	0.0	0	3133	0
621	43	23	0.0	0	3133	0
621	46	6	0.0	0	3133	0
621	46	10	0.0	0	3133	0
621	60	7	0.0	0	3133	0
621	67	14	0.0	0	3133	0
621	70	24	0.0	0	3133	0
621	72	30	0.0	0	3133	0
621	73	8	0.0	0	3133	0
621	79	7	0.0	0	3133	0
621	82	1	0.0	0	3133	0
621	82	26	0.0	0	3133	0
621	92	18	0.0	0	3133	0
621	96	13	0.0	0	3133	0
622	5	5	0.0	0	3133	0
622	8	4	0.0	0	3133	0
622	13	2	0.0	0	3133	0
622	13	19	0.0	0	3133	0
622	19	19	0.0	0	3133	0
622	26	7	0.0	0	3133	0
622	27	22	0.0	0	3133	0
622	28	19	0.0	0	3133	0
622	29	12	0.0	0	3133	0
622	39	23	0.0	0	3133	0
622	60	23	0.0	0	3133	0
622	72	5	0.0	0	3133	0
622	75	25	0.0	0	3133	0
622	76	15	0.0	0	3133	0
622	77	12	0.0	0	3133	0
622	81	7	0.0	0	3133	0
622	84	6	0.0	0	3133	0
622	87	31	0.0	0	3133	0
622	90	31	0.0	0	3133	0
622	92	13	0.0	0	3133	0
622	94	3	0.0	0	3133	0
623	1	10	0.0	0	3133	0
623	8	6	0.0	0	3133	0
623	10	11	0.0	0	3133	0
623	14	5	0.0	0	3133	0
623	20	23	0.0	0	3133	0
623	39	27	0.0	0	3133	0
623	49	16	0.0	0	3133	0
623	56	5	0.0	0	3133	0
623	58	30	0.0	0	3133	0
623	63	17	0.0	0	3133	0
623	65	24	0.0	0	3133	0
623	68	30	0.0	0	3133	0
623	80	1	0.0	0	3133	0
623	84	31	0.0	0	3133	0
623	88	9	0.0	0	3133	0
623	89	27	0.0	0	3133	0
623	91	31	0.0	0	3133	0
623	94	17	0.0	0	3133	0
623	96	26	0.0	0	3133	0
624	0	28	0.0	0	3133	0
624	6	18	0.0	0	3133	0
624	7	5	0.0	0	3133	0
624	7	15	0.0	0	3133	0
624	9	17	0.0	0	3133	0
624	12	16	0.0	0	3133	0
624	22	26	0.0	0	3133	0
624	24	19	0.0	0	3133	0
624	29	13	0.0	0	3133	0
624	29	14	0.0	0	3133	0
624	37	4	0.0	0	3133	0
624	37	16	0.0	0	3133	0
624	38	19	0.0	0	3133	0
624	41	31	0.0	0	3133	0
624	49	5	0.0	0	3133	0
624	65	10	0.0	0	3133	0
624	67	5	0.0	0	3133	0
624	71	6	0.0	0	3133	0
624	72	23	0.0	0	3133	0
624	77	10	0.0	0	3133	0
625	2	9	0.0	0	3133	0
625	4	16	0.0	0	3133	0
625	7	16	0.0	0	3133	0
625	27	29	0.0	0	3133	0
625	32	22	0.0	0	3133	0
625	40	15	0.0	0	3133	0
625	45	21	0.0	0	3133	0
625	64	30	0.0	0	3133	0
625	65	27	0.0	0	3133	0
625	70	20	0.0	0	3133	0
625	74	6	0.0	0	3133	0
625	78	18	0.0	0	3133	0
625	81	21	0.0	0	3133	0
625	86	17	0.0	0	3133	0
625	95	6	0.0	0	3133	0
626	2	25	0.0	0	3133	0
626	3	22	0.0	0	3133	0
626	11	6	0.0	0	3133	0
626	13	15	0.0	0	3133	0
626	19	3	0.0	0	3133	0
626	21	17	0.0	0	3133	0
626	22	18	0.0	0	3133	0
626	26	20	0.0	0	3133	0
626	35	22	0.0	0	3133	0
626	42	22	0.0	0	3133	0
626	46	19	0.0	0	3133	0
626	48	9	0.0	0	3133	0
626	51	26	0.0	0	3133	0
626	54	20	0.0	0	3133	0
626	58	11	0.0	0	3133	0
626	74	24	0.0	0	3133	0
626	75	22	0.0	0	3133	0
626	81	11	0.0	0	3133	0
626	87	9	0.0	0	3133	0
626	88	5	0.0	0	3133	0
626	88	16	0.0	0	3133	0
626	92	8	0.0	0	3133	0
626	93	15	0.0	0	3133	0
627	0	10	0.0	0	3133	0
627	22	31	0.0	0	3133	0
627	23	12	0.0	0	3133	0
627	23	28	0.0	0	3133	0
627	28	8	0.0	0	3133	0
627	46	1	0.0	0	3133	0
627	47	28	0.0	0	3133	0
627	58	15	0.0	0	3133	0
627	59	9	0.0	0	3133	0
627	62	31	0.0	0	3133	0
627	63	26	0.0	0	3133	0
627	64	11	0.0	0	3133	0
627	65	15	0.0	0	3133	0
627	66	15	0.0	0	3133	0
627	70	17	0.0	0	3133	0
627	72	2	0.0	0	3133	0
627	72	8	0.0	0	3133	0
627	75	11	0.0	0	3133	0
627	76	16	0.0	0	3133	0
627	83	0	0.0	0	3133	0
627	86	16	0.0	0	3133	0
627	89	6	0.0	0	3133	0
627	90	13	0.0	0	3133	0
627	93	26	0.0	0	3133	0
627	95	28	0.0	0	3133	0
628	1	26	0.0	0	3133	0
628	3	3	0.0	0	3133	0
628	8	10	0.0	0	3133	0
628	8	20	0.0	0	3133	0
628	11	18	0.0	0	3133	0
628	15	6	0.0	0	3133	0
628	15	22	0.0	0	3133	0
628	32	22	0.0	0	3133	0
628	33	10	0.0	0	3133	0
628	37	31	0.0	0	3133	0
628	38	14	0.0	0	3133	0
628	38	22	0.0	0	3133	0
628	46	10	0.0	0	3133	0
628	50	11	0.0	0	3133	0
628	56	16	0.0	0	3133	0
628	62	29	0.0	0	3133	0
628	64	26	0.0	0	3133	0
628	72	31	0.0	0	3133	0
628	76	11	0.0	0	3133	0
628	76	28	0.0	0	3133	0
628	82	2	0.0	0	3133	0
628	83	26	0.0	0	3133	0
628	89	11	0.0	0	3133	0
628	91	21	0.0	0	3133	0
628	96	8	0.0	0	3133	0
628	99	27	0.0	0	3133	0
629	5	31	0.0	0	3133	0
629	13	8	0.0	0	3133	0
629	16	24	0.0	0	3133	0
629	32	18	0.0	0	3133	0
629	36	26	0.0	0	3133	0
629	43	24	0.0	0	3133	0
629	43	26	0.0	0	3133	0
629	46	20	0.0	0	3133	0
629	60	12	0.0	0	3133	0
629	68	31	0.0	0	3133	0
629	77	18	0.0	0	3133	0
629	86	26	0.0	0	3133	0
630	1	14	0.0	0	3133	0
630	1	27	0.0	0	3133	0
630	3	31	0.0	0	3133	0
630	5	14	0.0	0	3133	0
630	7	7	0.0	0	3133	0
630	11	7	0.0	0	3133	0
630	12	20	0.0	0	3133	0
630	19	24	0.0	0	3133	0
630	26	9	0.0	0	3133	0
630	45	24	0.0	0	3133	0
630	53	15	0.0	0	3133	0
630	55	27	0.0	0	3133	0
630	56	15	0.0	0	3133	0
630	58	12	0.0	0	3133	0
630	58	15	0.0	0	3133	0
630	68	6	0.0	0	3133	0
630	69	2	0.0	0	3133	0
630	72	21	0.0	0	3133	0
630	78	31	0.0	0	3133	0
630	79	19	0.0	0	3133	0
630	90	24	0.0	0	3133	0
631	6	10	0.0	0	3133	0
631	9	23	0.0	0	3133	0
631	18	31	0.0	0	3133	0
631	26	21	0.0	0	3133	0
631	28	8	0.0	0	3133	0
631	36	24	0.0	0	3133	0
631	37	7	0.0	0	3133	0
631	38	25	0.0	0	3133	0
631	38	30	0.0	0	3133	0
631	56	20	0.0	0	3133	0
631	61	10	0.0	0	3133	0
631	76	8	0.0	0	3133	0
631	77	19	0.0	0	3133	0
631	84	18	0.0	0	3133	0
631	85	28	0.0	0	3133	0
631	89	18	0.0	0	3133	0
631	90	3	0.0	0	3133	0
631	99	1	0.0	0	3133	0
631	100	24	0.0	0	3133	0
632	1	31	0.0	0	3133	0
632	5	20	0.0	0	3133	0
632	7	21	0.0	0	3133	0
632	9	26	0.0	0	3133	0
632	13	6	0.0	0	3133	0
632	15	29	0.0	0	3133	0
632	26	29	0.0	0	3133	0
632	27	18	0.0	0	3133	0
632	38	22	0.0	0	3133	0
632	42	16	0.0	0	3133	0
632	51	7	0.0	0	3133	0
632	57	22	0.0	0	3133	0
632	64	4	0.0	0	3133	0
632	64	29	0.0	0	3133	0
632	73	2	0.0	0	3133	0
632	75	22	0.0	0	3133	0
632	90	2	0.0	0	3133	0
632	91	17	0.0	0	3133	0
632	95	23	0.0	0	3133	0
632	98	25	0.0	0	3133	0
633	4	20	0.0	0	3133	0
633	18	20	0.0	0	3133	0
633	22	22	0.0	0	3133	0
633	28	16	0.0	0	3133	0
633	35	14	0.0	0	3133	0
633	37	7	0.0	0	3133	0
633	41	21	0.0	0	3133	0
633	43	0	0.0	0	3133	0
633	47	7	0.0	0	3133	0
633	64	30	0.0	0	3133	0
633	74	30	0.0	0	3133	0
633	85	18	0.0	0	3133	0
633	86	16	0.0	0	3133	0
633	90	3	0.0	0	3133	0
633	92	6	0.0	0	3133	0
633	97	14	0.0	0	3133	0
634	1	6	0.0	0	3133	0
634	3	10	0.0	0	3133	0
634	4	27	0.0	0	3133	0
634	15	25	0.0	0	3133	0
634	20	10	0.0	0	3133	0
634	20	24	0.0	0	3133	0
634	22	2	0.0	0	3133	0
634	22	25	0.0	0	3133	0
634	23	2	0.0	0	3133	0
634	25	11	0.0	0	3133	0
634	28	23	0.0	0	3133	0
634	45	9	0.0	0	3133	0
634	52	6	0.0	0	3133	0
634	61	4	0.0	0	3133	0
634	73	16	0.0	0	3133	0
634	77	30	0.0	0	3133	0
634	79	10	0.0	0	3133	0
634	90	1	0.0	0	3133	0
635	5	24	0.0	0	3133	0
635	9	24	0.0	0	3133	0
635	26	18	0.0	0	3133	0
635	41	7	0.0	0	3133	0
635	41	13	0.0	0	3133	0
635	41	23	0.0	0	3133	0
635	44	19	0.0	0	3133	0
635	47	25	0.0	0	3133	0
635	51	10	0.0	0	3133	0
635	58	6	0.0	0	3133	0
635	59	22	0.0	0	3133	0
635	61	11	0.0	0	3133	0
635	61	25	0.0	0	3133	0
635	63	10	0.0	0	3133	0
635	64	22	0.0	0	3133	0
635	74	7	0.0	0	3133	0
635	78	17	0.0	0	3133	0
635	79	13	0.0	0	3133	0
635	83	20	0.0	0	3133	0
635	83	27	0.0	0	3133	0
635	91	30	0.0	0	3133	0
635	99	30	0.0	0	3133	0
636	3	9	0.0	0	3133	0
636	4	14	0.0	0	3133	0
636	7	14	0.0	0	3133	0
636	10	25	0.0	0	3133	0
636	13	3	0.0	0	3133	0
636	26	0	0.0	0	3133	0
636	28	5	0.0	0	3133	0
636	30	6	0.0	0	3133	0
636	31	15	0.0	0	3133	0
636	33	7	0.0	0	3133	0
636	51	4	0.0	0	3133	0
636	51	11	0.0	0	3133	0
636	52	29	0.0	0	3133	0
636	73	15	0.0	0	3133	0
636	78	6	0.0	0	3133	0
636	78	23	0.0	0	3133	0
636	80	4	0.0	0	3133	0
636	83	24	0.0	0	3133	0
636	90	30	0.0	0	3133	0
636	92	2	0.0	0	3133	0
636	96	23	0.0	0	3133	0
636	97	11	0.0	0	3133	0
637	0	3	0.0	0	3133	0
637	1	5	0.0	0	3133	0
637	1	9	0.0	0	3133	0
637	9	23	0.0	0	3133	0
637	33	15	0.0	0	3133	0
637	46	27	0.0	0	3133	0
637	52	8	0.0	0	3133	0
637	53	3	0.0	4	3134	0
637	56	24	0.0	0	3133	0
637	60	18	0.0	0	3133	0
637	64	2	0.0	0	3133	0
637	64	9	0.0	0	3133	0
637	67	24	0.0	0	3133	0
637	70	10	0.0	0	3133	0
637	70	19	0.0	0	3133	0
637	80	21	0.0	0	3133	0
637	82	2	0.0	0	3133	0
637	86	20	0.0	0	3133	0
637	88	2	0.0	0	3133	0
637	93	1	0.0	0	3133	0
637	99	25	0.0	0	3133	0
638	1	5	0.0	0	3133	0
638	3	31	0.0	0	3133	0
638	4	29	0.0	0	3133	0
638	7	10	0.0	0	3133	0
638	15	15	0.0	0	3133	0
638	22	6	0.0	0	3133	0
638	36	8	0.0	0	3133	0
638	47	23	0.0	0	3133	0
638	52	0	0.0	0	3133	0
638	54	14	0.0	0	3133	0
638	56	27	0.0	0	3133	0
638	59	4	0.0	0	3133	0
638	59	21	0.0	0	3133	0
638	59	27	0.0	0	3133	0
638	60	30	0.0	0	3133	0
638	62	2	0.0	0	3133	0
638	62	18	0.0	0	3133	0
638	66	10	0.0	0	3133	0
638	69	15	0.0	0	3133	0
638	73	17	0.0	0	3133	0
638	73	30	0.0	0	3133	0
638	80	6	0.0	0	3133	0
638	84	11	0.0	0	3133	0
638	86	16	0.0	0	3133	0
638	88	2	0.0	0	3133	0
638	94	0	0.0	0	3133	0
638	95	10	0.0	0	3133	0
638	97	8	0.0	0	3133	0
639	6	30	0.0	0	3133	0
639	10	19	0.0	0	3133	0
639	19	16	0.0	0	3133	0
639	37	27	0.0	0	3133	0
639	42	10	0.0	0	3133	0
639	43	22	0.0	0	3133	0
639	43	29	0.0	0	3133	0
639	49	27	0.0	0	3133	0
639	51	15	0.0	0	3133	0
639	52	1	0.0	0	3133	0
639	52	30	0.0	0	3133	0
639	54	6	0.0	0	3133	0
639	57	7	0.0	0	3133	0
639	57	29	0.0	0	3133	0
639	59	9	0.0	0	3133	0
639	62	4	0.0	0	3133	0
639	64	12	0.0	0	3133	0
639	64	27	0.0	0	3133	0
639	65	18	0.0	0	3133	0
639	89	5	0.0	0	3133	0
639	92	4	0.0	0	3133	0
639	92	20	0.0	0	3133	0
639	94	18	0.0	0	3133	0
639	96	11	0.0	0	3133	0
639	99	20	0.0	0	3133	0
639	100	29	0.0	0	3133	0
640	2	6	0.0	0	3133	0
640	9	25	0.0	0	3133	0
640	12	26	0.0	0	3133	0
640	16	12	0.0	0	3133	0
640	19	21	0.0	0	3133	0
640	27	15	0.0	0	3133	0
640	31	6	0.0	0	3133	0
640	38	29	0.0	0	3133	0
640	41	2	0.0	0	3133	0
640	41	17	0.0	0	3133	0
640	44	17	0.0	0	3133	0
640	45	16	0.0	0	3133	0
640	53	12	0.0	0	3133	0
640	61	2	0.0	0	3133	0
640	63	19	0.0	0	3133	0
640	68	25	0.0	0	3133	0
640	71	5	0.0	0	3133	0
640	72	22	0.0	0	3133	0
640	73	23	0.0	0	3133	0
640	76	11	0.0	0	3133	0
640	78	17	0.0	0	3133	0
640	78	21	0.0	0	3133	0
640	80	14	0.0	0	3133	0
640	81	28	0.0	0	3133	0
640	84	6	0.0	0	3133	0
640	95	7	0.0	0	3133	0
641	2	17	0.0	0	3133	0
641	4	23	0.0	0	3133	0
641	8	7	0.0	0	3133	0
641	9	2	0.0	0	3133	0
641	10	8	0.0	0	3133	0
641	18	0	0.0	0	3133	0
641	18	31	0.0	0	3133	0
641	29	23	0.0	0	3133	0
641	38	15	0.0	0	3133	0
641	39	6	0.0	0	3133	0
641	39	13	0.0	0	3133	0
641	46	25	0.0	0	3133	0
641	49	10	0.0	0	3133	0
641	50	17	0.0	0	3133	0
641	51	12	0.0	0	3133	0
641	53	9	0.0	0	3133	0
641	63	14	0.0	0	3133	0
641	65	18	0.0	0	3133	0
641	70	18	0.0	0	3133	0
641	71	26	0.0	0	3133	0
641	77	31	0.0	0	3133	0
641	78	1	0.0	0	3133	0
641	82	31	0.0	0	3133	0
641	92	0	0.0	0	3133	0
641	95	25	0.0	0	3133	0
641	97	15	0.0	0	3133	0
642	0	7	0.0	0	3133	0
642	11	19	0.0	0	3133	0
642	24	2	0.0	0	3133	0
642	34	31	0.0	0	3133	0
642	37	12	0.0	0	3133	0
642	48	10	0.0	0	3133	0
642	50	1	0.0	0	3133	0
642	50	13	0.0	0	3133	0
642	59	25	0.0	0	3133	0
642	61	12	0.0	0	3133	0
642	64	5	0.0	0	3133	0
642	68	15	0.0	0	3133	0
642	72	11	0.0	0	3133	0
642	77	29	0.0	0	3133	0
642	79	16	0.0	0	3133	0
642	86	12	0.0	0	3133	0
642	86	25	0.0	0	3133	0
643	5	8	0.0	0	3133	0
643	11	17	0.0	0	3133	0
643	12	9	0.0	0	3133	0
643	24	4	0.0	0	3133	0
643	34	7	0.0	0	3133	0
643	37	17	0.0	0	3133	0
643	38	10	0.0	0	3133	0
643	43	6	0.0	0	3133	0
643	43	22	0.0	0	3133	0
643	45	17	0.0	0	3133	0
643	46	23	0.0	0	3133	0
643	49	2	0.0	0	3133	0
643	56	9	0.0	0	3133	0
643	68	10	0.0	0	3133	0
643	69	14	0.0	0	3133	0
643	74	3	0.0	0	3133	0
643	76	2	0.0	0	3133	0
643	84	3	0.0	0	3133	0
643	92	31	0.0	0	3133	0
643	96	17	0.0	0	3133	0
643	97	11	0.0	0	3133	0
643	98	19	0.0	0	3133	0
643	99	25	0.0	0	3133	0
643	99	31	0.0	0	3133	0
643	100	5	0.0	0	3133	0
644	7	31	0.0	0	3133	0
644	11	25	0.0	0	3133	0
644	22	3	0.0	0	3133	0
644	22	21	0.0	0	3133	0
644	29	28	0.0	0	3133	0
644	32	15	0.0	0	3133	0
644	38	9	0.0	0	3133	0
644	42	16	0.0	0	3133	0
644	46	6	0.0	0	3133	0
644	56	10	0.0	0	3133	0
644	58	10	0.0	0	3133	0
644	63	26	0.0	0	3133	0
644	73	6	0.0	0	3133	0
644	73	12	0.0	0	3133	0
644	83	6	0.0	0	3133	0
644	84	22	0.0	0	3133	0
644	91	0	0.0	0	3133	0
644	94	17	0.0	0	3133	0
644	96	25	0.0	0	3133	0
644	100	16	0.0	0	3133	0
645	6	12	0.0	0	3133	0
645	8	5	0.0	0	3133	0
645	10	1	0.0	0	3133	0
645	10	17	0.0	0	3133	0
645	12	20	0.0	0	3133	0
645	15	1	0.0	0	3133	0
645	18	2	0.0	0	3133	0
645	25	24	0.0	0	3133	0
645	30	1	0.0	0	3133	0
645	37	12	0.0	0	3133	0
645	41	29	0.0	0	3133	0
645	45	3	0.0	0	3133	0
645	53	4	0.0	0	3133	0
645	62	31	0.0	0	3133	0
645	67	4	0.0	0	3133	0
645	70	12	0.0	0	3133	0
645	75	13	0.0	0	3133	0
645	80	6	0.0	0	3133	0
645	82	0	0.0	0	3133	0
645	82	23	0.0	0	3133	0
645	83	26	0.0	0	3133	0
645	84	31	0.0	0	3133	0
645	90	14	0.0	0	3133	0
645	96	1	0.0	0	3133	0
646	3	12	0.0	0	3133	0
646	11	22	0.0	0	3133	0
646	15	22	0.0	0	3133	0
646	27	17	0.0	0	3133	0
646	29	18	0.0	0	3133	0
646	33	19	0.0	0	3133	0
646	35	12	0.0	0	3133	0
646	45	4	0.0	0	3133	0
646	49	1	0.0	0	3133	0
646	56	12	0.0	0	3133	0
646	63	22	0.0	0	3133	0
646	72	0	0.0	0	3133	0
646	74	2	0.0	0	3133	0
646	75	20	0.0	0	3133	0
646	82	12	0.0	0	3133	0
646	86	20	0.0	0	3133	0
646	87	2	0.0	0	3133	0
646	90	2	0.0	0	3133	0
647	4	19	0.0	0	3133	0
647	7	7	0.0	0	3133	0
647	16	28	0.0	0	3133	0
647	21	21	0.0	0	3133	0
647	33	23	0.0	0	3133	0
647	45	1	0.0	0	3133	0
647	45	3	0.0	0	3133	0
647	45	28	0.0	0	3133	0
647	54	9	0.0	0	3133	0
647	62	24	0.0	0	3133	0
647	68	28	0.0	0	3133	0
647	70	28	0.0	0	3133	0
647	71	25	0.0	0	3133	0
647	75	25	0.0	0	3133	0
647	77	5	0.0	0	3133	0
647	77	20	0.0	0	3133	0
647	87	14	0.0	0	3133	0
647	89	17	0.0	0	3133	0
647	91	12	0.0	0	3133	0
647	92	2	0.0	0	3133	0
647	94	26	0.0	0	3133	0
648	1	3	0.0	0	3133	0
648	1	11	0.0	0	3133	0
648	5	15	0.0	0	3133	0
648	6	14	0.0	0	3133	0
648	7	15	0.0	0	3133	0
648	12	26	0.0	0	3133	0
648	16	25	0.0	0	3133	0
648	24	2	0.0	0	3133	0
648	25	22	0.0	0	3133	0
648	30	3	0.0	0	3133	0
648	30	29	0.0	0	3133	0
648	38	21	0.0	0	3133	0
648	38	31	0.0	0	3133	0
648	41	26	0.0	0	3133	0
648	41	28	0.0	0	3133	0
648	44	10	0.0	0	3133	0
648	54	28	0.0	0	3133	0
648	62	15	0.0	0	3133	0
648	63	30	0.0	0	3133	0
648	64	9	0.0	0	3133	0
648	64	23	0.0	0	3133	0
648	74	13	0.0	0	3133	0
648	74	29	0.0	0	3133	0
648	78	21	0.0	0	3133	0
648	81	30	0.0	0	3133	0
648	86	4	0.0	0	3133	0
648	97	3	0.0	0	3133	0
648	98	3	0.0	0	3133	0
649	3	9	0.0	0	3133	0
649	3	10	0.0	0	3133	0
649	5	13	0.0	0	3133	0
649	10	17	0.0	0	3133	0
649	28	4	0.0	0	3133	0
649	46	26	0.0	0	3133	0
649	48	29	0.0	0	3133	0
649	50	22	0.0	0	3133	0
649	53	26	0.0	0	3133	0
649	58	30	0.0	0	3133	0
649	59	8	0.0	0	3133	0
649	66	24	0.0	0	3133	0
649	69	0	0.0	0	3133	0
649	73	17	0.0	0	3133	0
649	79	22	0.0	0	3133	0
649	83	4	0.0	0	3133	0
649	85	25	0.0	0	3133	0
649	98	19	0.0	0	3133	0
650	3	3	0.0	0	3133	0
650	3	17	0.0	0	3133	0
650	6	30	0.0	0	3133	0
650	7	28	0.0	0	3133	0
650	40	28	0.0	0	3133	0
650	43	22	0.0	0	3133	0
650	44	8	0.0	0	3133	0
650	49	23	0.0	0	3133	0
650	50	10	0.0	0	3133	0
650	58	13	0.0	0	3133	0
650	65	22	0.0	0	3133	0
650	80	7	0.0	0	3133	0
650	82	23	0.0	0	3133	0
650	83	6	0.0	0	3133	0
650	87	7	0.0	0	3133	0
650	90	1	0.0	0	3133	0
650	91	12	0.0	0	3133	0
650	97	31	0.0	0	3133	0
650	98	3	0.0	0	3133	0
651	7	3	0.0	0	3133	0
651	7	15	0.0	0	3133	0
651	16	28	0.0	0	3133	0
651	19	14	0.0	0	3133	0
651	23	21	0.0	0	3133	0
651	30	22	0.0	0	3133	0
651	33	6	0.0	0	3133	0
651	36	15	0.0	0	3133	0
651	37	4	0.0	0	3133	0
651	39	10	0.0	0	3133	0
651	47	10	0.0	0	3133	0
651	48	16	0.0	0	3133	0
651	53	3	0.0	0	3133	0
651	55	19	0.0	0	3133	0
651	64	7	0.0	0	3133	0
651	65	16	0.0	0	3133	0
651	66	19	0.0	0	3133	0
651	68	0	0.0	0	3133	0
651	68	13	0.0	0	3133	0
651	68	28	0.0	0	3133	0
651	69	22	0.0	0	3133	0
651	75	26	0.0	0	3133	0
651	80	6	0.0	0	3133	0
651	85	28	0.0	0	3133	0
651	89	31	0.0	0	3133	0
651	92	21	0.0	0	3133	0
651	95	23	0.0	0	3133	0
651	98	15	0.0	0	3133	0
651	99	2	0.0	0	3133	0
651	99	31	0.0	0	3133	0
652	7	16	0.0	0	3133	0
652	21	24	0.0	0	3133	0
652	22	12	0.0	0	3133	0
652	27	30	0.0	0	3133	0
652	29	3	0.0	0	3133	0
652	33	28	0.0	0	3133	0
652	41	31	0.0	0	3133	0
652	58	12	0.0	0	3133	0
652	64	8	0.0	0	3133	0
652	72	11	0.0	0	3133	0
652	72	26	0.0	0	3133	0
652	75	8	0.0	0	3133	0
652	80	12	0.0	0	3133	0
652	83	15	0.0	0	3133	0
652	94	3	0.0	0	3133	0
652	100	19	0.0	0	3133	0
653	0	12	0.0	0	3133	0
653	3	0	0.0	0	3133	0
653	5	2	0.0	0	3133	0
653	7	26	0.0	0	3133	0
653	12	23	0.0	0	3133	0
653	15	13	0.0	0	3133	0
653	20	8	0.0	0	3133	0
653	22	4	0.0	0	3133	0
653	22	6	0.0	0	3133	0
653	26	5	0.0	0	3133	0
653	27	5	0.0	0	3133	0
653	33	22	0.0	0	3133	0
653	35	8	0.0	0	3133	0
653	35	31	0.0	0	3133	0
653	38	13	0.0	0	3133	0
653	40	1	0.0	0	3133	0
653	41	16	0.0	0	3133	0
653	44	12	0.0	0	3133	0
653	47	11	0.0	0	3133	0
653	51	15	0.0	0	3133	0
653	60	20	0.0	0	3133	0
653	63	24	0.0	0	3133	0
653	71	3	0.0	0	3133	0
653	75	4	0.0	0	3133	0
653	75	8	0.0	0	3133	0
653	77	12	0.0	0	3133	0
653	81	4	0.0	0	3133	0
653	87	2	0.0	0	3133	0
653	94	28	0.0	0	3133	0
653	100	10	0.0	0	3133	0
654	4	8	0.0	0	3133	0
654	5	1	0.0	0	3133	0
654	10	28	0.0	0	3133	0
654	13	15	0.0	0	3133	0
654	14	24	0.0	0	3133	0
654	15	16	0.0	0	3133	0
654	18	27	0.0	0	3133	0
654	26	30	0.0	0	3133	0
654	31	12	0.0	0	3133	0
654	44	17	0.0	0	3133	0
654	46	29	0.0	0	3133	0
654	47	14	0.0	0	3133	0
654	48	26	0.0	0	3133	0
654	60	25	0.0	0	3133	0
654	71	5	0.0	0	3133	0
654	85	29	0.0	0	3133	0
654	86	17	0.0	0	3133	0
654	90	28	0.0	0	3133	0
655	3	4	0.0	0	3133	0
655	9	15	0.0	0	3133	0
655	9	31	0.0	0	3133	0
655	15	22	0.0	0	3133	0
655	15	30	0.0	0	3133	0
655	19	7	0.0	0	3133	0
655	21	16	0.0	0	3133	0
655	29	3	0.0	0	3133	0
655	44	18	0.0	0	3133	0
655	48	29	0.0	0	3133	0
655	54	8	0.0	0	3133	0
655	57	1	0.0	0	3133	0
655	61	8	0.0	0	3133	0
655	61	11	0.0	0	3133	0
655	66	9	0.0	0	3133	0
655	68	21	0.0	0	3133	0
655	68	31	0.0	0	3133	0
655	78	19	0.0	0	3133	0
655	82	23	0.0	0	3133	0
655	85	17	0.0	0	3133	0
655	86	4	0.0	0	3133	0
655	86	30	0.0	0	3133	0
655	87	20	0.0	0	3133	0
655	92	24	0.0	0	3133	0
655	94	4	0.0	0	3133	0
656	3	20	0.0	0	3133	0
656	11	20	0.0	0	3133	0
656	11	22	0.0	0	3133	0
656	12	7	0.0	0	3133	0
656	12	30	0.0	0	3133	0
656	17	9	0.0	0	3133	0
656	23	25	0.0	0	3133	0
656	30	30	0.0	0	3133	0
656	31	0	0.0	0	3133	0
656	37	22	0.0	0	3133	0
656	39	13	0.0	0	3133	0
656	49	24	0.0	0	3133	0
656	50	19	0.0	0	3133	0
656	59	17	0.0	0	3133	0
656	60	0	0.0	0	3133	0
656	67	4	0.0	0	3133	0
656	68	12	0.0	0	3133	0
656	70	28	0.0	0	3133	0
656	74	29	0.0	0	3133	0
656	76	9	0.0	0	3133	0
656	83	7	0.0	0	3133	0
656	85	1	0.0	0	3133	0
656	88	28	0.0	0	3133	0
656	90	23	0.0	0	3133	0
656	94	27	0.0	0	3133	0
657	2	14	0.0	0	3133	0
657	2	25	0.0	0	3133	0
657	7	18	0.0	0	3133	0
657	8	21	0.0	0	3133	0
657	11	21	0.0	0	3133	0
657	41	20	0.0	0	3133	0
657	45	28	0.0	0	3133	0
657	56	14	0.0	0	3133	0
657	66	7	0.0	0	3133	0
657	73	22	0.0	0	3133	0
657	74	30	0.0	0	3133	0
657	75	9	0.0	0	3133	0
657	90	13	0.0	0	3133	0
657	93	20	0.0	0	3133	0
657	96	8	0.0	0	3133	0
657	99	31	0.0	0	3133	0
657	100	1	0.0	0	3133	0
658	7	3	0.0	0	3133	0
658	10	15	0.0	0	3133	0
658	17	31	0.0	0	3133	0
658	20	24	0.0	0	3133	0
658	32	23	0.0	0	3133	0
658	39	13	0.0	0	3133	0
658	39	17	0.0	0	3133	0
658	41	27	0.0	0	3133	0
658	48	19	0.0	0	3133	0
658	49	18	0.0	0	3133	0
658	55	21	0.0	0	3133	0
658	62	13	0.0	0	3133	0
658	66	3	0.0	0	3133	0
658	90	25	0.0	0	3133	0
658	91	7	0.0	0	3133	0
658	92	19	0.0	0	3133	0
658	100	27	0.0	0	3133	0
659	1	10	0.0	0	3133	0
659	8	28	0.0	0	3133	0
659	12	20	0.0	0	3133	0
659	14	20	0.0	0	3133	0
659	22	5	0.0	0	3133	0
659	39	14	0.0	0	3133	0
659	41	7	0.0	0	3133	0
659	41	30	0.0	0	3133	0
659	52	5	0.0	0	3133	0
659	61	5	0.0	0	3133	0
659	61	10	0.0	0	3133	0
659	64	5	0.0	0	3133	0
659	70	30	0.0	0	3133	0
659	74	13	0.0	0	3133	0
659	81	8	0.0	0	3133	0
659	83	8	0.0	0	3133	0
659	86	19	0.0	0	3133	0
659	93	1	0.0	0	3133	0
659	93	3	0.0	0	3133	0
660	0	17	0.0	0	3133	0
660	9	20	0.0	0	3133	0
660	19	28	0.0	0	3133	0
660	40	10	0.0	0	3133	0
660	42	25	0.0	0	3133	0
660	44	2	0.0	0	3133	0
660	44	7	0.0	0	3133	0
660	49	18	0.0	0	3133	0
660	55	8	0.0	0	3133	0
660	60	28	0.0	0	3133	0
660	63	5	0.0	0	3133	0
660	66	21	0.0	0	3133	0
660	74	13	0.0	0	3133	0
660	76	5	0.0	0	3133	0
660	79	22	0.0	0	3133	0
660	85	21	0.0	0	3133	0
660	86	2	0.0	0	3133	0
660	86	9	0.0	0	3133	0
660	88	30	0.0	0	3133	0
661	1	23	0.0	0	3133	0
661	4	18	0.0	0	3133	0
661	6	8	0.0	0	3133	0
661	7	31	0.0	0	3133	0
661	8	20	0.0	0	3133	0
661	10	3	0.0	0	3133	0
661	13	9	0.0	0	3133	0
661	24	3	0.0	0	3133	0
661	29	25	0.0	0	3133	0
661	35	11	0.0	0	3133	0
661	35	26	0.0	0	3133	0
661	35	31	0.0	0	3133	0
661	40	3	0.0	0	3133	0
661	45	24	0.0	0	3133	0
661	60	0	0.0	0	3133	0
661	61	5	0.0	0	3133	0
661	61	19	0.0	0	3133	0
661	66	13	0.0	0	3133	0
661	87	13	0.0	0	3133	0
661	89	12	0.0	0	3133	0
661	93	27	0.0	0	3133	0
661	95	16	0.0	0	3133	0
662	12	15	0.0	0	3133	0
662	20	25	0.0	0	3133	0
662	34	29	0.0	0	3133	0
662	42	29	0.0	0	3133	0
662	43	31	0.0	0	3133	0
662	44	30	0.0	0	3133	0
662	45	29	0.0	0	3133	0
662	57	17	0.0	0	3133	0
662	67	16	0.0	0	3133	0
662	74	31	0.0	0	3133	0
662	77	8	0.0	0	3133	0
662	78	30	0.0	0	3133	0
662	82	15	0.0	0	3133	0
662	89	7	0.0	0	3133	0
662	90	30	0.0	0	3133	0
662	98	12	0.0	0	3133	0
663	4	9	0.0	0	3133	0
663	5	3	0.0	0	3133	0
663	11	15	0.0	0	3133	0
663	18	22	0.0	0	3133	0
663	20	13	0.0	0	3133	0
663	22	1	0.0	0	3133	0
663	30	9	0.0	0	3133	0
663	32	28	0.0	0	3133	0
663	50	8	0.0	0	3133	0
663	58	19	0.0	0	3133	0
663	65	3	0.0	0	3133	0
663	72	1	0.0	0	3133	0
663	84	10	0.0	0	3133	0
663	86	30	0.0	0	3133	0
663	99	0	0.0	0	3133	0
664	6	16	0.0	0	3133	0
664	14	24	0.0	0	3133	0
664	17	13	0.0	0	3133	0
664	39	4	0.0	0	3133	0
664	44	7	0.0	0	3133	0
664	46	11	0.0	0	3133	0
664	47	30	0.0	0	3133	0
664	58	6	0.0	0	3133	0
664	58	30	0.0	0	3133	0
664	62	24	0.0	0	3133	0
664	70	20	0.0	0	3133	0
664	74	28	0.0	0	3133	0
664	75	15	0.0	0	3133	0
664	76	28	0.0	0	3133	0
664	84	23	0.0	0	3133	0
664	90	28	0.0	0	3133	0
664	95	20	0.0	0	3133	0
665	5	2	0.0	0	3133	0
665	5	23	0.0	0	3133	0
665	7	31	0.0	0	3133	0
665	12	29	0.0	0	3133	0
665	15	13	0.0	0	3133	0
665	22	30	0.0	0	3133	0
665	29	23	0.0	0	3133	0
665	41	25	0.0	0	3133	0
665	42	18	0.0	0	3133	0
665	42	27	0.0	0	3133	0
665	43	31	0.0	0	3133	0
665	45	4	0.0	0	3133	0
665	45	12	0.0	0	3133	0
665	47	26	0.0	0	3133	0
665	49	30	0.0	0	3133	0
665	50	23	0.0	0	3133	0
665	63	15	0.0	0	3133	0
665	64	28	0.0	0	3133	0
665	68	4	0.0	0	3133	0
665	68	23	0.0	0	3133	0
665	69	24	0.0	0	3133	0
665	70	26	0.0	0	3133	0
665	71	2	0.0	0	3133	0
665	80	2	0.0	0	3133	0
665	85	31	0.0	0	3133	0
665	88	2	0.0	0	3133	0
665	91	9	0.0	0	3133	0
665	99	29	0.0	0	3133	0
666	6	18	0.0	0	3133	0
666	14	6	0.0	0	3133	0
666	22	24	0.0	0	3133	0
666	27	9	0.0	0	3133	0
666	48	8	0.0	0	3133	0
666	53	25	0.0	0	3133	0
666	58	24	0.0	0	3133	0
666	68	12	0.0	0	3133	0
666	69	6	0.0	0	3133	0
666	71	3	0.0	0	3133	0
666	74	11	0.0	0	3133	0
666	75	9	0.0	0	3133	0
666	77	3	0.0	0	3133	0
666	78	10	0.0	0	3133	0
666	78	28	0.0	0	3133	0
666	81	8	0.0	0	3133	0
666	84	23	0.0	0	3133	0
666	85	23	0.0	0	3133	0
666	89	21	0.0	0	3133	0
666	91	23	0.0	0	3133	0
666	94	25	0.0	0	3133	0
666	96	22	0.0	0	3133	0
667	0	28	0.0	0	3133	0
667	4	4	0.0	0	3133	0
667	4	21	0.0	0	3133	0
667	5	12	0.0	0	3133	0
667	6	22	0.0	0	3133	0
667	12	21	0.0	0	3133	0
667	13	19	0.0	0	3133	0
667	17	12	0.0	0	3133	0
667	22	15	0.0	0	3133	0
667	27	0	0.0	0	3133	0
667	34	3	0.0	0	3133	0
667	43	3	0.0	0	3133	0
667	53	13	0.0	0	3133	0
667	53	23	0.0	0	3133	0
667	63	28	0.0	0	3133	0
667	64	14	0.0	0	3133	0
667	74	11	0.0	0	3133	0
667	78	12	0.0	0	3133	0
667	87	25	0.0	0	3133	0
667	88	11	0.0	0	3133	0
667	88	18	0.0	0	3133	0
667	91	1	0.0	0	3133	0
667	93	18	0.0	0	3133	0
667	94	20	0.0	0	3133	0
667	95	0	0.0	0	3133	0
667	98	9	0.0	0	3133	0
668	3	20	0.0	0	3133	0
668	5	0	0.0	0	3133	0
668	12	13	0.0	0	3133	0
668	12	24	0.0	0	3133	0
668	14	1	0.0	0	3133	0
668	16	8	0.0	0	3133	0
668	28	16	0.0	0	3133	0
668	29	9	0.0	0	3133	0
668	30	0	0.0	0	3133	0
668	30	1	0.0	0	3133	0
668	40	19	0.0	0	3133	0
668	51	26	0.0	0	3133	0
668	55	14	0.0	0	3133	0
668	59	4	0.0	0	3133	0
668	61	0	0.0	0	3133	0
668	62	5	0.0	0	3133	0
668	62	8	0.0	0	3133	0
668	63	23	0.0	0	3133	0
668	67	16	0.0	0	3133	0
668	73	10	0.0	0	3133	0
668	75	8	0.0	0	3133	0
668	76	24	0.0	0	3133	0
668	92	7	0.0	0	3133	0
669	7	9	0.0	0	3133	0
669	13	10	0.0	0	3133	0
669	13	31	0.0	0	3133	0
669	15	12	0.0	0	3133	0
669	40	30	0.0	0	3133	0
669	45	24	0.0	0	3133	0
669	54	20	0.0	0	3133	0
669	57	19	0.0	0	3133	0
669	58	7	0.0	0	3133	0
669	64	7	0.0	0	3133	0
669	71	26	0.0	0	3133	0
669	73	6	0.0	0	3133	0
669	75	6	0.0	0	3133	0
669	75	13	0.0	0	3133	0
669	77	21	0.0	0	3133	0
669	84	8	0.0	0	3133	0
669	85	13	0.0	0	3133	0
669	86	25	0.0	0	3133	0
669	88	4	0.0	0	3133	0
669	93	28	0.0	0	3133	0
669	96	10	0.0	0	3133	0
669	96	12	0.0	0	3133	0
670	1	25	0.0	0	3133	0
670	4	19	0.0	0	3133	0
670	12	14	0.0	0	3133	0
670	12	29	0.0	0	3133	0
670	15	15	0.0	0	3133	0
670	24	9	0.0	0	3133	0
670	31	29	0.0	0	3133	0
670	41	30	0.0	0	3133	0
670	43	10	0.0	0	3133	0
670	45	16	0.0	0	3133	0
670	45	20	0.0	0	3133	0
670	59	15	0.0	0	3133	0
670	70	2	0.0	0	3133	0
670	71	25	0.0	0	3133	0
670	71	27	0.0	0	3133	0
670	75	21	0.0	0	3133	0
670	76	7	0.0	0	3133	0
670	78	31	0.0	0	3133	0
670	79	20	0.0	0	3133	0
670	83	11	0.0	0	3133	0
670	88	11	0.0	0	3133	0
670	95	25	0.0	0	3133	0
671	1	3	0.0	0	3133	0
671	5	9	0.0	0	3133	0
671	7	1	0.0	0	3133	0
671	11	3	0.0	0	3133	0
671	13	20	0.0	0	3133	0
671	18	14	0.0	0	3133	0
671	47	8	0.0	0	3133	0
671	47	9	0.0	0	3133	0
671	56	25	0.0	0	3133	0
671	56	28	0.0	0	3133	0
671	64	21	0.0	0	3133	0
671	69	22	0.0	0	3133	0
671	87	19	0.0	0	3133	0
671	88	15	0.0	0	3133	0
671	98	11	0.0	0	3133	0
672	0	8	0.0	0	3133	0
672	9	23	0.0	0	3133	0
672	13	11	0.0	0	3133	0
672	14	10	0.0	0	3133	0
672	14	22	0.0	0	3133	0
672	18	15	0.0	0	3133	0
672	20	3	0.0	0	3133	0
672	34	13	0.0	0	3133	0
672	36	22	0.0	0	3133	0
672	37	19	0.0	0	3133	0
672	49	7	0.0	0	3133	0
672	50	12	0.0	0	3133	0
672	61	22	0.0	0	3133	0
672	66	26	0.0	0	3133	0
672	68	25	0.0	0	3133	0
672	71	14	0.0	0	3133	0
672	78	19	0.0	0	3133	0
672	79	3	0.0	0	3133	0
672	81	7	0.0	0	3133	0
672	87	16	0.0	0	3133	0
672	90	8	0.0	0	3133	0
672	90	25	0.0	0	3133	0
672	96	6	0.0	0	3133	0
673	1	27	0.0	0	3133	0
673	3	23	0.0	0	3133	0
673	8	8	0.0	0	3133	0
673	8	28	0.0	0	3133	0
673	10	31	0.0	0	3133	0
673	16	17	0.0	0	3133	0
673	34	14	0.0	0	3133	0
673	36	14	0.0	0	3133	0
673	36	27	0.0	0	3133	0
673	37	28	0.0	0	3133	0
673	40	16	0.0	0	3133	0
673	41	7	0.0	0	3133	0
673	45	24	0.0	0	3133	0
673	47	27	0.0	0	3133	0
673	49	15	0.0	0	3133	0
673	52	4	0.0	0	3133	0
673	52	8	0.0	0	3133	0
673	60	13	0.0	0	3133	0
673	64	1	0.0	0	3133	0
673	65	31	0.0	0	3133	0
673	72	29	0.0	0	3133	0
673	79	20	0.0	0	3133	0
673	82	1	0.0	0	3133	0
673	82	6	0.0	0	3133	0
673	83	3	0.0	0	3133	0
673	87	6	0.0	0	3133	0
673	94	21	0.0	0	3133	0
673	97	7	0.0	0	3133	0
674	6	11	0.0	0	3133	0
674	7	4	0.0	0	3133	0
674	8	24	0.0	0	3133	0
674	10	4	0.0	0	3133	0
674	18	23	0.0	0	3133	0
674	26	13	0.0	0	3133	0
674	31	26	0.0	0	3133	0
674	36	10	0.0	0	3133	0
674	37	16	0.0	0	3133	0
674	59	14	0.0	0	3133	0
674	69	29	0.0	0	3133	0
674	73	12	0.0	0	3133	0
674	73	29	0.0	0	3133	0
674	78	6	0.0	0	3133	0
674	79	11	0.0	0	3133	0
674	87	7	0.0	0	3133	0
674	90	10	0.0	0	3133	0
674	95	5	0.0	0	3133	0
674	98	6	0.0	0	3133	0
674	100	17	0.0	0	3133	0
675	6	28	0.0	0	3133	0
675	11	2	0.0	0	3133	0
675	15	5	0.0	0	3133	0
675	16	5	0.0	0	3133	0
675	17	9	0.0	0	3133	0
675	33	8	0.0	0	3133	0
675	42	23	0.0	0	3133	0
675	47	4	0.0	0	3133	0
675	55	19	0.0	0	3133	0
675	61	21	0.0	0	3133	0
675	65	6	0.0	0	3133	0
675	70	12	0.0	0	3133	0
675	75	5	0.0	0	3133	0
675	84	27	0.0	0	3133	0
675	88	7	0.0	0	3133	0
675	89	20	0.0	0	3133	0
675	90	31	0.0	0	3133	0
675	91	30	0.0	0	3133	0
675	92	9	0.0	0	3133	0
675	93	21	0.0	0	3133	0
675	93	26	0.0	0	3133	0
675	95	17	0.0	0	3133	0
676	2	10	0.0	0	3133	0
676	4	23	0.0	0	3133	0
676	5	3	0.0	0	3133	0
676	5	5	0.0	0	3133	0
676	16	17	0.0	0	3133	0
676	19	5	0.0	0	3133	0
676	19	10	0.0	0	3133	0
676	28	13	0.0	0	3133	0
676	39	29	0.0	0	3133	0
676	40	30	0.0	0	3133	0
676	42	19	0.0	0	3133	0
676	51	23	0.0	0	3133	0
676	56	20	0.0	0	3133	0
676	58	2	0.0	0	3133	0
676	60	18	0.0	0	3133	0
676	61	3	0.0	0	3133	0
676	79	5	0.0	0	3133	0
676	80	21	0.0	0	3133	0
676	87	10	0.0	0	3133	0
676	89	19	0.0	0	3133	0
676	90	31	0.0	0	3133	0
676	93	6	0.0	0	3133	0
676	95	21	0.0	0	3133	0
676	95	27	0.0	0	3133	0
676	96	18	0.0	0	3133	0
676	96	23	0.0	0	3133	0
677	1	31	0.0	0	3133	0
677	12	6	0.0	0	3133	0
677	13	18	0.0	0	3133	0
677	20	0	0.0	0	3133	0
677	25	17	0.0	0	3133	0
677	27	16	0.0	0	3133	0
677	30	7	0.0	0	3133	0
677	32	6	0.0	0	3133	0
677	32	21	0.0	0	3133	0
677	35	30	0.0	0	3133	0
677	57	6	0.0	0	3133	0
677	58	2	0.0	0	3133	0
677	62	21	0.0	0	3133	0
677	65	7	0.0	0	3133	0
677	65	18	0.0	0	3133	0
677	74	20	0.0	0	3133	0
677	97	29	0.0	0	3133	0
678	4	27	0.0	0	3133	0
678	11	5	0.0	0	3133	0
678	12	15	0.0	0	3133	0
678	12	19	0.0	0	3133	0
678	23	30	0.0	0	3133	0
678	26	24	0.0	0	3133	0
678	49	28	0.0	0	3133	0
678	52	18	0.0	0	3133	0
678	58	2	0.0	0	3133	0
678	66	29	0.0	0	3133	0
678	71	10	0.0	0	3133	0
678	76	19	0.0	0	3133	0
678	78	31	0.0	0	3133	0
678	86	17	0.0	0	3133	0
678	89	16	0.0	0	3133	0
678	97	12	0.0	0	3133	0
679	1	16	0.0	0	3133	0
679	3	0	0.0	0	3133	0
679	3	27	0.0	0	3133	0
679	5	17	0.0	0	3133	0
679	10	14	0.0	0	3133	0
679	15	30	0.0	0	3133	0
679	21	11	0.0	0	3133	0
679	23	12	0.0	0	3133	0
679	37	18	0.0	0	3133	0
679	37	29	0.0	0	3133	0
679	39	15	0.0	0	3133	0
679	46	23	0.0	0	3133	0
679	48	26	0.0	0	3133	0
679	50	3	0.0	0	3133	0
679	51	24	0.0	0	3133	0
679	57	6	0.0	0	3133	0
679	58	0	0.0	0	3133	0
679	67	20	0.0	0	3133	0
679	68	27	0.0	0	3133	0
679	70	30	0.0	0	3133	0
679	75	7	0.0	0	3133	0
679	78	28	0.0	0	3133	0
679	79	1	0.0	0	3133	0
679	88	0	0.0	0	3133	0
679	94	8	0.0	0	3133	0
680	0	17	0.0	0	3133	0
680	3	19	0.0	0	3133	0
680	15	8	0.0	0	3133	0
680	16	10	0.0	0	3133	0
680	17	28	0.0	0	3133	0
680	26	9	0.0	0	3133	0
680	29	14	0.0	0	3133	0
680	34	8	0.0	0	3133	0
680	51	28	0.0	0	3133	0
680	53	7	0.0	0	3133	0
680	59	5	0.0	0	3133	0
680	61	0	0.0	0	3133	0
680	65	27	0.0	0	3133	0
680	73	5	0.0	0	3133	0
680	74	21	0.0	0	3133	0
680	81	10	0.0	0	3133	0
680	81	29	0.0	0	3133	0
680	83	25	0.0	0	3133	0
680	88	21	0.0	0	3133	0
680	90	17	0.0	0	3133	0
680	91	13	0.0	0	3133	0
680	99	25	0.0	0	3133	0
681	4	3	0.0	0	3133	0
681	4	7	0.0	0	3133	0
681	15	31	0.0	0	3133	0
681	19	21	0.0	0	3133	0
681	42	2	0.0	0	3133	0
681	43	28	0.0	0	3133	0
681	45	11	0.0	0	3133	0
681	45	30	0.0	0	3133	0
681	46	3	0.0	0	3133	0
681	46	10	0.0	0	3133	0
681	49	27	0.0	0	3133	0
681	53	8	0.0	0	3133	0
681	53	15	0.0	0	3133	0
681	57	15	0.0	0	3133	0
681	65	12	0.0	0	3133	0
681	65	13	0.0	0	3133	0
681	71	28	0.0	0	3133	0
681	73	13	0.0	0	3133	0
681	75	19	0.0	0	3133	0
681	76	3	0.0	0	3133	0
681	76	13	0.0	0	3133	0
681	80	11	0.0	0	3133	0
681	83	8	0.0	0	3133	0
681	85	0	0.0	0	3133	0
681	87	27	0.0	0	3133	0
681	89	7	0.0	0	3133	0
681	93	9	0.0	0	3133	0
681	94	21	0.0	0	3133	0
682	7	22	0.0	0	3133	0
682	17	22	0.0	0	3133	0
682	24	17	0.0	0	3133	0
682	26	18	0.0	0	3133	0
682	31	1	0.0	0	3133	0
682	45	3	0.0	0	3133	0
682	50	7	0.0	0	3133	0
682	64	16	0.0	0	3133	0
682	69	2	0.0	0	3133	0
682	72	24	0.0	0	3133	0
682	79	22	0.0	0	3133	0
682	81	19	0.0	0	3133	0
682	82	20	0.0	0	3133	0
682	88	10	0.0	0	3133	0
682	88	25	0.0	0	3133	0
682	94	13	0.0	0	3133	0
682	94	15	0.0	0	3133	0
682	100	27	0.0	0	3133	0
683	0	2	0.0	0	3133	0
683	0	30	0.0	0	3133	0
683	1	5	0.0	0	3133	0
683	3	13	0.0	0	3133	0
683	29	1	0.0	0	3133	0
683	29	14	0.0	0	3133	0
683	34	15	0.0	0	3133	0
683	34	16	0.0	0	3133	0
683	34	22	0.0	0	3133	0
683	40	4	0.0	0	3133	0
683	40	23	0.0	0	3133	0
683	41	5	0.0	0	3133	0
683	45	28	0.0	0	3133	0
683	47	28	0.0	0	3133	0
683	48	1	0.0	0	3133	0
683	58	26	0.0	0	3133	0
683	63	26	0.0	0	3133	0
683	72	31	0.0	0	3133	0
683	78	17	0.0	0	3133	0
683	86	15	0.0	0	3133	0
683	89	26	0.0	0	3133	0
683	90	18	0.0	0	3133	0
683	91	6	0.0	0	3133	0
683	91	19	0.0	0	3133	0
683	91	27	0.0	0	3133	0
683	99	29	0.0	0	3133	0
683	100	27	0.0	0	3133	0
684	0	21	0.0	0	3133	0
684	6	1	0.0	0	3133	0
684	13	24	0.0	0	3133	0
684	24	3	0.0	0	3133	0
684	34	23	0.0	0	3133	0
684	49	20	0.0	0	3133	0
684	49	26	0.0	0	3133	0
684	51	11	0.0	0	3133	0
684	53	14	0.0	0	3133	0
684	57	21	0.0	0	3133	0
684	67	1	0.0	0	3133	0
684	76	9	0.0	0	3133	0
684	79	23	0.0	0	3133	0
684	86	25	0.0	0	3133	0
684	93	3	0.0	0	3133	0
684	93	7	0.0	0	3133	0
684	93	10	0.0	0	3133	0
684	100	21	0.0	0	3133	0
685	3	9	0.0	0	3133	0
685	3	13	0.0	0	3133	0
685	7	27	0.0	0	3133	0
685	13	26	0.0	0	3133	0
685	27	17	0.0	0	3133	0
685	31	11	0.0	0	3133	0
685	40	4	0.0	0	3133	0
685	43	0	0.0	0	3133	0
685	43	5	0.0	0	3133	0
685	45	27	0.0	0	3133	0
685	47	19	0.0	0	3133	0
685	56	12	0.0	0	3133	0
685	59	25	0.0	0	3133	0
685	61	7	0.0	0	3133	0
685	66	7	0.0	0	3133	0
685	68	29	0.0	0	3133	0
685	69	15	0.0	0	3133	0
685	71	6	0.0	0	3133	0
685	79	17	0.0	0	3133	0
685	85	11	0.0	0	3133	0
685	88	9	0.0	0	3133	0
685	91	3	0.0	0	3133	0
685	96	18	0.0	0	3133	0
685	100	6	0.0	0	3133	0
686	0	29	0.0	0	3133	0
686	4	19	0.0	0	3133	0
686	5	17	0.0	0	3133	0
686	7	3	0.0	0	3133	0
686	27	19	0.0	0	3133	0
686	31	7	0.0	0	3133	0
686	32	24	0.0	0	3133	0
686	33	12	0.0	0	3133	0
686	41	4	0.0	0	3133	0
686	41	26	0.0	0	3133	0
686	47	17	0.0	0	3133	0
686	55	17	0.0	0	3133	0
686	60	29	0.0	0	3133	0
686	64	16	0.0	0	3133	0
686	70	15	0.0	0	3133	0
686	73	19	0.0	0	3133	0
686	75	5	0.0	0	3133	0
686	76	9	0.0	0	3133	0
686	77	3	0.0	0	3133	0
686	81	18	0.0	0	3133	0
686	89	4	0.0	0	3133	0
686	95	12	0.0	0	3133	0
687	1	28	0.0	0	3133	0
687	9	7	0.0	0	3133	0
687	13	3	0.0	0	3133	0
687	15	1	0.0	0	3133	0
687	17	27	0.0	0	3133	0
687	18	24	0.0	0	3133	0
687	24	22	0.0	0	3133	0
687	31	14	0.0	0	3133	0
687	32	7	0.0	0	3133	0
687	37	0	0.0	0	3133	0
687	42	27	0.0	0	3133	0
687	51	24	0.0	0	3133	0
687	53	30	0.0	0	3133	0
687	56	23	0.0	0	3133	0
687	58	22	0.0	0	3133	0
687	64	16	0.0	0	3133	0
687	66	9	0.0	0	3133	0
687	68	10	0.0	0	3133	0
687	75	13	0.0	0	3133	0
687	81	28	0.0	0	3133	0
687	84	14	0.0	0	3133	0
687	88	9	0.0	0	3133	0
687	98	24	0.0	0	3133	0
688	0	16	0.0	0	3133	0
688	3	3	0.0	0	3133	0
688	3	25	0.0	0	3133	0
688	6	3	0.0	0	3133	0
688	7	27	0.0	0	3133	0
688	7	29	0.0	0	3133	0
688	25	16	0.0	0	3133	0
688	33	6	0.0	0	3133	0
688	36	10	0.0	0	3133	0
688	36	18	0.0	0	3133	0
688	43	10	0.0	0	3133	0
688	46	7	0.0	0	3133	0
688	47	22	0.0	0	3133	0
688	50	7	0.0	0	3133	0
688	63	5	0.0	0	3133	0
688	69	20	0.0	0	3133	0
688	69	31	0.0	0	3133	0
688	79	26	0.0	0	3133	0
688	82	28	0.0	0	3133	0
688	93	16	0.0	0	3133	0
688	96	3	0.0	0	3133	0
688	100	7	0.0	0	3133	0
689	0	27	0.0	0	3133	0
689	8	22	0.0	0	3133	0
689	13	10	0.0	0	3133	0
689	19	25	0.0	0	3133	0
689	22	7	0.0	0	3133	0
689	24	30	0.0	0	3133	0
689	27	13	0.0	0	3133	0
689	38	16	0.0	0	3133	0
689	44	4	0.0	0	3133	0
689	45	29	0.0	0	3133	0
689	46	4	0.0	0	3133	0
689	47	11	0.0	0	3133	0
689	49	15	0.0	0	3133	0
689	54	27	0.0	0	3133	0
689	58	27	0.0	0	3133	0
689	77	16	0.0	0	3133	0
689	79	22	0.0	0	3133	0
689	82	24	0.0	0	3133	0
689	85	25	0.0	0	3133	0
689	86	25	0.0	0	3133	0
689	88	25	0.0	0	3133	0
689	92	13	0.0	0	3133	0
689	93	17	0.0	0	3133	0
690	22	15	0.0	0	3133	0
690	24	22	0.0	0	3133	0
690	29	28	0.0	0	3133	0
690	31	1	0.0	0	3133	0
690	36	27	0.0	0	3133	0
690	40	4	0.0	0	3133	0
690	43	27	0.0	0	3133	0
690	56	14	0.0	0	3133	0
690	59	8	0.0	0	3133	0
690	60	23	0.0	0	3133	0
690	70	11	0.0	0	3133	0
690	71	14	0.0	0	3133	0
690	71	18	0.0	0	3133	0
690	72	3	0.0	0	3133	0
690	73	2	0.0	0	3133	0
690	75	8	0.0	0	3133	0
690	92	30	0.0	0	3133	0
690	94	17	0.0	0	3133	0
690	98	12	0.0	0	3133	0
691	0	5	0.0	0	3133	0
691	0	21	0.0	0	3133	0
691	6	23	0.0	0	3133	0
691	8	3	0.0	0	3133	0
691	20	23	0.0	0	3133	0
691	23	14	0.0	0	3133	0
691	23	15	0.0	0	3133	0
691	33	2	0.0	0	3133	0
691	49	20	0.0	0	3133	0
691	53	1	0.0	0	3133	0
691	53	5	0.0	0	3133	0
691	61	19	0.0	0	3133	0
691	65	6	0.0	0	3133	0
691	66	5	0.0	0	3133	0
691	69	20	0.0	0	3133	0
691	77	21	0.0	0	3133	0
691	90	4	0.0	0	3133	0
691	90	14	0.0	0	3133	0
692	0	30	0.0	0	3133	0
692	6	30	0.0	0	3133	0
692	8	5	0.0	0	3133	0
692	13	28	0.0	0	3133	0
692	16	17	0.0	0	3133	0
692	18	20	0.0	0	3133	0
692	20	12	0.0	0	3133	0
692	26	1	0.0	0	3133	0
692	28	19	0.0	0	3133	0
692	29	29	0.0	0	3133	0
692	29	31	0.0	0	3133	0
692	30	19	0.0	0	3133	0
692	32	9	0.0	0	3133	0
692	36	6	0.0	0	3133	0
692	37	26	0.0	0	3133	0
692	37	29	0.0	0	3133	0
692	39	16	0.0	0	3133	0
692	47	31	0.0	0	3133	0
692	58	18	0.0	0	3133	0
692	62	6	0.0	0	3133	0
692	72	18	0.0	0	3133	0
692	74	30	0.0	0	3133	0
692	75	17	0.0	0	3133	0
692	85	16	0.0	0	3133	0
692	86	18	0.0	0	3133	0
692	89	23	0.0	0	3133	0
692	93	5	0.0	0	3133	0
692	96	30	0.0	0	3133	0
693	5	20	0.0	0	3133	0
693	6	8	0.0	0	3133	0
693	8	15	0.0	0	3133	0
693	8	18	0.0	0	3133	0
693	36	21	0.0	0	3133	0
693	39	29	0.0	0	3133	0
693	46	21	0.0	0	3133	0
693	57	5	0.0	0	3133	0
693	58	31	0.0	0	3133	0
693	59	19	0.0	0	3133	0
693	60	28	0.0	0	3133	0
693	64	0	0.0	0	3133	0
693	64	21	0.0	0	3133	0
693	65	27	0.0	0	3133	0
693	80	1	0.0	0	3133	0
693	81	1	0.0	0	3133	0
693	87	12	0.0	0	3133	0
693	93	29	0.0	0	3133	0
694	2	23	0.0	0	3133	0
694	5	30	0.0	0	3133	0
694	30	21	0.0	0	3133	0
694	30	28	0.0	0	3133	0
694	31	28	0.0	0	3133	0
694	33	17	0.0	0	3133	0
694	40	12	0.0	0	3133	0
694	49	11	0.0	0	3133	0
694	50	29	0.0	0	3133	0
694	53	0	0.0	0	3133	0
694	53	23	0.0	0	3133	0
694	56	19	0.0	0	3133	0
694	57	21	0.0	0	3133	0
694	73	19	0.0	0	3133	0
694	76	14	0.0	0	3133	0
694	77	21	0.0	0	3133	0
694	82	10	0.0	0	3133	0
694	89	7	0.0	0	3133	0
694	90	29	0.0	0	3133	0
694	92	8	0.0	0	3133	0
694	93	16	0.0	0	3133	0
694	99	18	0.0	0	3133	0
695	7	24	0.0	0	3133	0
695	8	19	0.0	0	3133	0
695	19	1	0.0	0	3133	0
695	24	11	0.0	0	3133	0
695	26	28	0.0	0	3133	0
695	27	1	0.0	0	3133	0
695	37	22	0.0	0	3133	0
695	57	12	0.0	0	3133	0
695	61	16	0.0	0	3133	0
695	66	28	0.0	0	3133	0
695	69	10	0.0	0	3133	0
695	69	28	0.0	0	3133	0
695	75	8	0.0	0	3133	0
695	75	22	0.0	0	3133	0
695	83	28	0.0	0	3133	0
695	85	26	0.0	0	3133	0
695	86	29	0.0	0	3133	0
695	94	6	0.0	0	3133	0
695	97	10	0.0	0	3133	0
696	8	14	0.0	0	3133	0
696	13	15	0.0	0	3133	0
696	18	12	0.0	0	3133	0
696	19	25	0.0	0	3133	0
696	35	10	0.0	0	3133	0
696	42	27	0.0	0	3133	0
696	49	4	0.0	0	3133	0
696	52	21	0.0	0	3133	0
696	54	21	0.0	0	3133	0
696	58	3	0.0	0	3133	0
696	62	22	0.0	0	3133	0
696	68	2	0.0	0	3133	0
696	69	16	0.0	0	3133	0
696	73	21	0.0	0	3133	0
696	77	1	0.0	0	3133	0
696	85	31	0.0	0	3133	0
696	95	19	0.0	0	3133	0
696	100	21	0.0	0	3133	0
697	5	0	0.0	0	3133	0
697	5	29	0.0	0	3133	0
697	15	31	0.0	0	3133	0
697	39	15	0.0	0	3133	0
697	46	6	0.0	0	3133	0
697	59	14	0.0	1	3134	0
697	69	26	0.0	0	3133	0
697	70	16	0.0	0	3133	0
697	75	10	0.0	0	3133	0
697	83	25	0.0	0	3133	0
697	86	25	0.0	0	3133	0
697	92	26	0.0	0	3133	0
697	93	10	0.0	0	3133	0
698	3	0	0.0	0	3133	0
698	8	19	0.0	0	3133	0
698	11	23	0.0	0	3133	0
698	26	25	0.0	0	3133	0
698	35	14	0.0	0	3133	0
698	41	10	0.0	0	3133	0
698	46	19	0.0	0	3133	0
698	50	14	0.0	0	3133	0
698	51	22	0.0	0	3133	0
698	56	21	0.0	0	3133	0
698	62	29	0.0	0	3133	0
698	64	19	0.0	0	3133	0
698	87	3	0.0	0	3133	0
698	87	26	0.0	0	3133	0
698	92	10	0.0	0	3133	0
698	92	16	0.0	0	3133	0
699	0	2	0.0	0	3133	0
699	0	27	0.0	0	3133	0
699	16	4	0.0	0	3133	0
699	26	28	0.0	0	3133	0
699	27	6	0.0	0	3133	0
699	35	15	0.0	0	3133	0
699	48	25	0.0	0	3133	0
699	55	21	0.0	0	3133	0
699	58	24	0.0	0	3133	0
699	64	29	0.0	0	3133	0
699	70	29	0.0	0	3133	0
699	84	8	0.0	0	3133	0
699	85	5	0.0	0	3133	0
699	88	4	0.0	0	3133	0
699	93	9	0.0	0	3133	0
699	99	7	0.0	0	3133	0
699	99	25	0.0	0	3133	0
699	100	10	0.0	0	3133	0
700	0	2	0.0	0	3133	0
700	1	4	0.0	0	3133	0
700	3	13	0.0	0	3133	0
700	5	1	0.0	0	3133	0
700	8	20	0.0	0	3133	0
700	13	22	0.0	0	3133	0
700	14	18	0.0	0	3133	0
700	24	18	0.0	0	3133	0
700	31	0	0.0	0	3133	0
700	35	25	0.0	0	3133	0
700	50	26	0.0	0	3133	0
700	55	10	0.0	0	3133	0
700	60	18	0.0	0	3133	0
700	72	14	0.0	0	3133	0
700	74	23	0.0	0	3133	0
700	85	4	0.0	0	3133	0
700	89	19	0.0	0	3133	0
700	91	12	0.0	0	3133	0
700	95	8	0.0	0	3133	0
700	97	7	0.0	0	3133	0
701	0	18	0.0	0	3133	0
701	3	22	0.0	0	3133	0
701	9	30	0.0	0	3133	0
701	11	9	0.0	0	3133	0
701	11	23	0.0	0	3133	0
701	12	10	0.0	0	3133	0
701	12	11	0.0	0	3133	0
701	16	24	0.0	0	3133	0
701	19	25	0.0	0	3133	0
701	20	4	0.0	0	3133	0
701	31	4	0.0	0	3133	0
701	51	7	0.0	0	3133	0
701	56	23	0.0	0	3133	0
701	58	1	0.0	0	3133	0
701	59	4	0.0	0	3133	0
701	60	13	0.0	0	3133	0
701	62	22	0.0	0	3133	0
701	68	18	0.0	0	3133	0
701	72	5	0.0	0	3133	0
701	73	24	0.0	0	3133	0
701	76	0	0.0	0	3133	0
701	82	3	0.0	0	3133	0
701	83	7	0.0	0	3133	0
701	84	1	0.0	0	3133	0
701	87	27	0.0	0	3133	0
701	88	12	0.0	0	3133	0
701	88	25	0.0	0	3133	0
701	91	12	0.0	0	3133	0
701	93	29	0.0	0	3133	0
701	99	15	0.0	0	3133	0
701	99	18	0.0	0	3133	0
701	99	30	0.0	0	3133	0
701	100	3	0.0	0	3133	0
702	0	1	0.0	0	3133	0
702	1	15	0.0	0	3133	0
702	1	21	0.0	0	3133	0
702	2	0	0.0	0	3133	0
702	2	14	0.0	0	3133	0
702	6	19	0.0	0	3133	0
702	7	28	0.0	0	3133	0
702	11	29	0.0	0	3133	0
702	19	13	0.0	0	3133	0
702	21	31	0.0	0	3133	0
702	26	12	0.0	0	3133	0
702	30	25	0.0	0	3133	0
702	32	22	0.0	0	3133	0
702	34	31	0.0	0	3133	0
702	36	26	0.0	0	3133	0
702	38	5	0.0	0	3133	0
702	49	4	0.0	0	3133	0
702	49	17	0.0	0	3133	0
702	55	22	0.0	0	3133	0
702	57	7	0.0	0	3133	0
702	58	27	0.0	0	3133	0
702	65	18	0.0	0	3133	0
702	66	16	0.0	0	3133	0
702	70	30	0.0	0	3133	0
702	72	28	0.0	0	3133	0
702	76	0	0.0	0	3133	0
702	83	7	0.0	0	3133	0
702	83	10	0.0	0	3133	0
702	84	13	0.0	0	3133	0
702	84	14	0.0	0	3133	0
702	86	17	0.0	0	3133	0
702	88	1	0.0	0	3133	0
703	3	12	0.0	0	3133	0
703	3	19	0.0	0	3133	0
703	5	27	0.0	0	3133	0
703	19	25	0.0	0	3133	0
703	19	30	0.0	0	3133	0
703	29	28	0.0	0	3133	0
703	43	10	0.0	0	3133	0
703	49	5	0.0	0	3133	0
703	50	0	0.0	0	3133	0
703	54	13	0.0	0	3133	0
703	54	16	0.0	0	3133	0
703	64	27	0.0	0	3133	0
703	66	24	0.0	0	3133	0
703	77	25	0.0	0	3133	0
703	81	5	0.0	0	3133	0
703	83	1	0.0	0	3133	0
703	83	31	0.0	0	3133	0
703	88	31	0.0	0	3133	0
703	93	28	0.0	0	3133	0
703	98	18	0.0	0	3133	0
704	4	25	0.0	0	3133	0
704	5	17	0.0	0	3133	0
704	15	22	0.0	0	3133	0
704	22	5	0.0	0	3133	0
704	23	18	0.0	0	3133	0
704	23	24	0.0	0	3133	0
704	29	27	0.0	0	3133	0
704	37	11	0.0	0	3133	0
704	38	4	0.0	0	3133	0
704	41	15	0.0	0	3133	0
704	52	8	0.0	0	3133	0
704	68	1	0.0	0	3133	0
704	75	22	0.0	0	3133	0
704	77	3	0.0	0	3133	0
704	78	0	0.0	0	3133	0
704	80	3	0.0	0	3133	0
704	88	24	0.0	0	3133	0
704	90	31	0.0	0	3133	0
704	92	8	0.0	0	3133	0
704	93	23	0.0	0	3133	0
704	95	0	0.0	0	3133	0
704	99	10	0.0	0	3133	0
705	11	12	0.0	0	3133	0
705	20	6	0.0	0	3133	0
705	24	25	0.0	0	3133	0
705	30	27	0.0	0	3133	0
705	37	12	0.0	0	3133	0
705	38	2	0.0	0	3133	0
705	50	15	0.0	0	3133	0
705	54	26	0.0	0	3133	0
705	55	18	0.0	0	3133	0
705	56	21	0.0	0	3133	0
705	57	26	0.0	0	3133	0
705	59	25	0.0	0	3133	0
705	63	28	0.0	0	3133	0
705	63	29	0.0	0	3133	0
705	64	27	0.0	0	3133	0
705	66	29	0.0	0	3133	0
705	75	17	0.0	0	3133	0
705	75	20	0.0	0	3133	0
705	79	30	0.0	0	3133	0
705	85	5	0.0	0	3133	0
705	93	30	0.0	0	3133	0
705	95	5	0.0	0	3133	0
705	100	18	0.0	0	3133	0
706	5	16	0.0	0	3133	0
706	7	19	0.0	0	3133	0
706	9	6	0.0	0	3133	0
706	12	8	0.0	0	3133	0
706	31	25	0.0	0	3133	0
706	38	23	0.0	0	3133	0
706	40	17	0.0	0	3133	0
706	43	14	0.0	0	3133	0
706	43	15	0.0	0	3133	0
706	47	2	0.0	0	3133	0
706	47	9	0.0	0	3133	0
706	53	0	0.0	0	3133	0
706	55	11	0.0	0	3133	0
706	64	29	0.0	0	3133	0
706	67	16	0.0	0	3133	0
706	87	2	0.0	0	3133	0
706	88	15	0.0	0	3133	0
706	90	4	0.0	0	3133	0
706	92	11	0.0	0	3133	0
706	94	19	0.0	0	3133	0
706	96	7	0.0	0	3133	0
706	100	10	0.0	0	3133	0
707	1	24	0.0	0	3133	0
707	8	17	0.0	0	3133	0
707	12	23	0.0	0	3133	0
707	21	25	0.0	0	3133	0
707	33	7	0.0	0	3133	0
707	34	10	0.0	0	3133	0
707	37	31	0.0	0	3133	0
707	42	20	0.0	0	3133	0
707	43	12	0.0	0	3133	0
707	44	13	0.0	0	3133	0
707	47	16	0.0	0	3133	0
707	58	25	0.0	0	3133	0
707	71	24	0.0	0	3133	0
707	72	21	0.0	0	3133	0
707	75	26	0.0	0	3133	0
707	76	12	0.0	0	3133	0
707	78	20	0.0	0	3133	0
707	80	3	0.0	0	3133	0
707	81	16	0.0	0	3133	0
707	82	7	0.0	0	3133	0
707	85	31	0.0	0	3133	0
707	86	3	0.0	0	3133	0
707	88	26	0.0	0	3133	0
707	98	17	0.0	0	3133	0
708	6	1	0.0	0	3133	0
708	8	25	0.0	0	3133	0
708	9	25	0.0	0	3133	0
708	12	10	0.0	0	3133	0
708	38	4	0.0	0	3133	0
708	39	21	0.0	0	3133	0
708	41	9	0.0	0	3133	0
708	47	21	0.0	0	3133	0
708	50	4	0.0	0	3133	0
708	50	6	0.0	0	3133	0
708	68	20	0.0	0	3133	0
708	69	24	0.0	0	3133	0
708	71	19	0.0	0	3133	0
708	75	9	0.0	0	3133	0
708	80	11	0.0	0	3133	0
708	86	5	0.0	0	3133	0
708	91	3	0.0	0	3133	0
708	92	2	0.0	0	3133	0
708	95	7	0.0	0	3133	0
708	100	16	0.0	0	3133	0
708	100	29	0.0	0	3133	0
709	1	25	0.0	0	3133	0
709	3	29	0.0	0	3133	0
709	5	0	0.0	0	3133	0
709	7	15	0.0	0	3133	0
709	8	1	0.0	0	3133	0
709	12	22	0.0	0	3133	0
709	15	21	0.0	0	3133	0
709	21	26	0.0	0	3133	0
709	24	10	0.0	1	3132	0
709	31	30	0.0	0	3133	0
709	32	1	0.0	0	3133	0
709	36	16	0.0	0	3133	0
709	39	24	0.0	0	3133	0
709	44	30	0.0	0	3133	0
709	44	31	0.0	0	3133	0
709	47	11	0.0	0	3133	0
709	52	26	0.0	0	3133	0
709	58	9	0.0	0	3133	0
709	64	14	0.0	0	3133	0
709	66	8	0.0	0	3133	0
709	66	21	0.0	0	3133	0
709	70	27	0.0	0	3133	0
709	72	1	0.0	0	3133	0
709	72	17	0.0	0	3133	0
709	72	26	0.0	0	3133	0
709	83	7	0.0	0	3133	0
709	89	2	0.0	0	3133	0
709	96	19	0.0	0	3133	0
710	1	1	0.0	0	3133	0
710	4	30	0.0	0	3133	0
710	11	3	0.0	0	3133	0
710	17	12	0.0	0	3133	0
710	30	27	0.0	0	3133	0
710	38	31	0.0	0	3133	0
710	43	4	0.0	0	3133	0
710	46	30	0.0	0	3133	0
710	47	12	0.0	0	3133	0
710	47	24	0.0	0	3133	0
710	56	24	0.0	0	3133	0
710	62	12	0.0	0	3133	0
710	63	0	0.0	0	3133	0
710	64	13	0.0	0	3133	0
710	70	4	0.0	0	3133	0
710	80	13	0.0	0	3133	0
710	81	26	0.0	0	3133	0
710	96	28	0.0	0	3133	0
710	97	31	0.0	0	3133	0
710	100	4	0.0	0	3133	0
710	100	16	0.0	0	3133	0
711	2	1	0.0	0	3133	0
711	5	7	0.0	0	3133	0
711	6	27	0.0	0	3133	0
711	10	30	0.0	0	3133	0
711	15	26	0.0	0	3133	0
711	34	28	0.0	0	3133	0
711	38	29	0.0	0	3133	0
711	40	21	0.0	0	3133	0
711	47	8	0.0	0	3133	0
711	49	5	0.0	0	3133	0
711	53	7	0.0	0	3133	0
711	56	4	0.0	0	3133	0
711	61	24	0.0	0	3133	0
711	64	11	0.0	0	3133	0
711	66	18	0.0	0	3133	0
711	71	14	0.0	0	3133	0
711	72	13	0.0	0	3133	0
711	75	18	0.0	0	3133	0
711	81	11	0.0	0	3133	0
711	97	17	0.0	0	3133	0
712	1	16	0.0	0	3133	0
712	4	15	0.0	0	3133	0
712	22	8	0.0	0	3133	0
712	24	1	0.0	0	3133	0
712	26	17	0.0	0	3133	0
712	41	8	0.0	0	3133	0
712	42	6	0.0	0	3133	0
712	42	28	0.0	0	3133	0
712	45	17	0.0	0	3133	0
712	46	3	0.0	0	3133	0
712	48	22	0.0	0	3133	0
712	48	29	0.0	0	3133	0
712	58	25	0.0	0	3133	0
712	75	20	0.0	0	3133	0
712	79	24	0.0	0	3133	0
712	80	13	0.0	0	3133	0
712	90	11	0.0	0	3133	0
712	95	6	0.0	0	3133	0
713	0	29	0.0	0	3133	0
713	7	23	0.0	0	3133	0
713	7	24	0.0	0	3133	0
713	11	16	0.0	0	3133	0
713	12	29	0.0	0	3133	0
713	27	7	0.0	0	3133	0
713	28	24	0.0	0	3133	0
713	31	19	0.0	0	3133	0
713	34	28	0.0	0	3133	0
713	41	28	0.0	0	3133	0
713	59	5	0.0	0	3133	0
713	60	20	0.0	0	3133	0
713	70	17	0.0	0	3133	0
713	75	4	0.0	0	3133	0
713	79	19	0.0	0	3133	0
713	92	5	0.0	0	3133	0
713	93	9	0.0	0	3133	0
713	96	18	0.0	0	3133	0
713	100	6	0.0	0	3133	0
714	1	26	0.0	0	3133	0
714	8	6	0.0	0	3133	0
714	9	13	0.0	0	3133	0
714	15	1	0.0	0	3133	0
714	15	14	0.0	0	3133	0
714	18	31	0.0	0	3133	0
714	22	23	0.0	0	3133	0
714	23	13	0.0	0	3133	0
714	23	19	0.0	0	3133	0
714	24	9	0.0	0	3133	0
714	28	28	0.0	0	3133	0
714	32	23	0.0	0	3133	0
714	33	11	0.0	0	3133	0
714	40	10	0.0	0	3133	0
714	41	24	0.0	0	3133	0
714	43	23	0.0	0	3133	0
714	52	7	0.0	0	3133	0
714	62	3	0.0	0	3133	0
714	68	5	0.0	0	3133	0
714	77	18	0.0	0	3133	0
714	78	3	0.0	0	3133	0
714	79	7	0.0	0	3133	0
714	81	28	0.0	0	3133	0
714	90	26	0.0	0	3133	0
714	96	24	0.0	0	3133	0
714	98	9	0.0	0	3133	0
714	99	4	0.0	0	3133	0
714	100	29	0.0	0	3133	0
715	9	2	0.0	0	3133	0
715	9	25	0.0	0	3133	0
715	10	15	0.0	0	3133	0
715	12	16	0.0	0	3133	0
715	12	20	0.0	0	3133	0
715	13	23	0.0	0	3133	0
715	18	2	0.0	0	3133	0
715	31	14	0.0	0	3133	0
715	31	23	0.0	0	3133	0
715	32	15	0.0	0	3133	0
715	37	30	0.0	0	3133	0
715	49	17	0.0	0	3133	0
715	55	18	0.0	0	3133	0
715	64	1	0.0	0	3133	0
715	65	14	0.0	0	3133	0
715	70	17	0.0	0	3133	0
715	80	28	0.0	0	3133	0
715	84	20	0.0	0	3133	0
715	85	14	0.0	0	3133	0
715	88	8	0.0	0	3133	0
715	91	8	0.0	0	3133	0
715	91	30	0.0	0	3133	0
715	92	5	0.0	0	3133	0
716	3	4	0.0	0	3133	0
716	6	28	0.0	0	3133	0
716	9	0	0.0	0	3133	0
716	12	0	0.0	0	3133	0
716	16	28	0.0	0	3133	0
716	36	16	0.0	0	3133	0
716	37	24	0.0	0	3133	0
716	45	25	0.0	0	3133	0
716	64	31	0.0	0	3133	0
716	71	11	0.0	0	3133	0
716	73	28	0.0	0	3133	0
716	91	14	0.0	0	3133	0
716	93	17	0.0	0	3133	0
716	99	0	0.0	0	3133	0
717	0	6	0.0	0	3133	0
717	8	19	0.0	0	3133	0
717	10	1	0.0	0	3133	0
717	11	8	0.0	0	3133	0
717	19	28	0.0	0	3133	0
717	29	1	0.0	0	3133	0
717	36	17	0.0	0	3133	0
717	40	22	0.0	0	3133	0
717	51	25	0.0	0	3133	0
717	54	3	0.0	0	3133	0
717	63	18	0.0	0	3133	0
717	64	15	0.0	0	3133	0
717	71	29	0.0	0	3133	0
717	73	14	0.0	0	3133	0
717	80	0	0.0	0	3133	0
717	87	10	0.0	0	3133	0
717	87	13	0.0	0	3133	0
717	88	26	0.0	0	3133	0
717	91	30	0.0	0	3133	0
717	92	4	0.0	0	3133	0
717	93	30	0.0	0	3133	0
717	95	10	0.0	0	3133	0
718	3	4	0.0	0	3133	0
718	20	26	0.0	0	3133	0
718	24	18	0.0	0	3133	0
718	32	30	0.0	0	3133	0
718	45	9	0.0	0	3133	0
718	60	10	0.0	0	3133	0
718	64	26	0.0	0	3133	0
718	71	28	0.0	0	3133	0
718	81	15	0.0	0	3133	0
718	85	20	0.0	0	3133	0
719	7	9	0.0	0	3133	0
719	7	18	0.0	0	3133	0
719	10	25	0.0	0	3133	0
719	17	23	0.0	0	3133	0
719	20	12	0.0	0	3133	0
719	21	8	0.0	0	3133	0
719	23	20	0.0	0	3133	0
719	34	31	0.0	0	3133	0
719	37	18	0.0	0	3133	0
719	39	8	0.0	0	3133	0
719	48	5	0.0	0	3133	0
719	51	31	0.0	0	3133	0
719	56	12	0.0	0	3133	0
719	58	11	0.0	0	3133	0
719	60	29	0.0	0	3133	0
719	67	14	0.0	0	3133	0
719	69	26	0.0	0	3133	0
719	75	9	0.0	0	3133	0
719	80	6	0.0	0	3133	0
719	83	0	0.0	0	3133	0
719	85	15	0.0	0	3133	0
719	95	7	0.0	0	3133	0
719	96	20	0.0	0	3133	0
719	100	20	0.0	0	3133	0
720	7	17	0.0	0	3133	0
720	8	18	0.0	0	3133	0
720	8	22	0.0	0	3133	0
720	12	31	0.0	0	3133	0
720	19	13	0.0	0	3133	0
720	20	26	0.0	0	3133	0
720	24	5	0.0	0	3133	0
720	35	3	0.0	0	3133	0
720	37	10	0.0	0	3133	0
720	37	14	0.0	0	3133	0
720	45	16	0.0	0	3133	0
720	52	6	0.0	0	3133	0
720	59	9	0.0	0	3133	0
720	66	11	0.0	0	3133	0
720	72	19	0.0	0	3133	0
720	75	16	0.0	0	3133	0
720	77	13	0.0	0	3133	0
720	79	4	0.0	0	3133	0
720	84	19	0.0	0	3133	0
720	86	19	0.0	0	3133	0
720	90	6	0.0	0	3133	0
720	92	9	0.0	0	3133	0
720	95	0	0.0	0	3133	0
720	96	0	0.0	0	3133	0
721	1	23	0.0	0	3133	0
721	1	28	0.0	0	3133	0
721	9	7	0.0	0	3133	0
721	9	15	0.0	0	3133	0
721	16	15	0.0	0	3133	0
721	25	28	0.0	0	3133	0
721	27	18	0.0	0	3133	0
721	30	25	0.0	0	3133	0
721	30	28	0.0	0	3133	0
721	30	30	0.0	0	3133	0
721	30	31	0.0	0	3133	0
721	33	29	0.0	0	3133	0
721	36	28	0.0	0	3133	0
721	56	24	0.0	0	3133	0
721	62	18	0.0	0	3133	0
721	62	29	0.0	0	3133	0
721	66	0	0.0	0	3133	0
721	69	17	0.0	0	3133	0
721	69	21	0.0	0	3133	0
721	73	9	0.0	0	3133	0
721	78	23	0.0	0	3133	0
721	96	22	0.0	0	3133	0
722	1	0	0.0	0	3133	0
722	1	20	0.0	0	3133	0
722	1	29	0.0	0	3133	0
722	6	15	0.0	0	3133	0
722	14	25	0.0	0	3133	0
722	15	20	0.0	0	3133	0
722	17	29	0.0	0	3133	0
722	21	3	0.0	0	3133	0
722	26	11	0.0	0	3133	0
722	27	8	0.0	0	3133	0
722	31	31	0.0	0	3133	0
722	33	26	0.0	0	3133	0
722	36	26	0.0	0	3133	0
722	49	29	0.0	0	3133	0
722	65	22	0.0	0	3133	0
722	66	13	0.0	0	3133	0
722	70	24	0.0	0	3133	0
722	71	11	0.0	0	3133	0
722	77	7	0.0	0	3133	0
722	89	1	0.0	0	3133	0
722	94	4	0.0	0	3133	0
722	94	13	0.0	0	3133	0
722	97	26	0.0	0	3133	0
723	0	19	0.0	0	3133	0
723	1	13	0.0	0	3133	0
723	3	20	0.0	0	3133	0
723	23	30	0.0	0	3133	0
723	34	28	0.0	0	3133	0
723	37	17	0.0	0	3133	0
723	39	0	0.0	0	3133	0
723	41	31	0.0	0	3133	0
723	44	17	0.0	0	3133	0
723	59	19	0.0	0	3133	0
723	61	17	0.0	0	3133	0
723	64	9	0.0	0	3133	0
723	71	13	0.0	0	3133	0
723	76	2	0.0	0	3133	0
723	76	15	0.0	0	3133	0
723	79	17	0.0	0	3133	0
723	84	6	0.0	0	3133	0
723	92	6	0.0	0	3133	0
723	93	4	0.0	0	3133	0
723	94	3	0.0	0	3133	0
723	97	7	0.0	0	3133	0
723	100	5	0.0	0	3133	0
724	10	17	0.0	0	3133	0
724	19	11	0.0	0	3133	0
724	28	27	0.0	0	3133	0
724	29	11	0.0	0	3133	0
724	30	23	0.0	0	3133	0
724	33	29	0.0	0	3133	0
724	38	28	0.0	0	3133	0
724	39	5	0.0	0	3133	0
724	43	28	0.0	0	3133	0
724	63	4	0.0	0	3133	0
724	64	27	0.0	0	3133	0
724	70	19	0.0	0	3133	0
724	75	4	0.0	0	3133	0
724	86	14	0.0	0	3133	0
724	92	11	0.0	0	3133	0
724	93	27	0.0	0	3133	0
724	95	8	0.0	0	3133	0
724	97	2	0.0	0	3133	0
725	3	19	0.0	0	3133	0
725	18	8	0.0	0	3133	0
725	37	11	0.0	0	3133	0
725	37	24	0.0	0	3133	0
725	48	26	0.0	0	3133	0
725	50	26	0.0	0	3133	0
725	56	9	0.0	0	3133	0
725	63	15	0.0	0	3133	0
725	71	7	0.0	0	3133	0
725	74	31	0.0	0	3133	0
725	86	14	0.0	0	3133	0
725	88	17	0.0	0	3133	0
725	94	11	0.0	0	3133	0
726	3	10	0.0	0	3133	0
726	3	31	0.0	0	3133	0
726	4	22	0.0	0	3133	0
726	6	17	0.0	0	3133	0
726	12	31	0.0	0	3133	0
726	22	12	0.0	0	3133	0
726	22	26	0.0	0	3133	0
726	28	15	0.0	0	3133	0
726	31	14	0.0	0	3133	0
726	32	14	0.0	0	3133	0
726	36	22	0.0	0	3133	0
726	37	10	0.0	0	3133	0
726	40	25	0.0	0	3133	0
726	41	1	0.0	0	3133	0
726	41	2	0.0	0	3133	0
726	42	8	0.0	0	3133	0
726	46	24	0.0	0	3133	0
726	52	0	0.0	0	3133	0
726	65	23	0.0	0	3133	0
726	68	2	0.0	0	3133	0
726	70	25	0.0	0	3133	0
726	76	27	0.0	0	3133	0
727	0	13	0.0	0	3133	0
727	6	16	0.0	0	3133	0
727	16	8	0.0	0	3133	0
727	18	29	0.0	0	3133	0
727	29	10	0.0	0	3133	0
727	30	23	0.0	0	3133	0
727	35	23	0.0	0	3133	0
727	39	18	0.0	0	3133	0
727	42	15	0.0	0	3133	0
727	44	23	0.0	0	3133	0
727	68	20	0.0	0	3133	0
727	69	12	0.0	0	3133	0
727	73	30	0.0	0	3133	0
727	79	24	0.0	0	3133	0
727	79	29	0.0	0	3133	0
727	86	10	0.0	0	3133	0
727	87	8	0.0	0	3133	0
727	87	9	0.0	0	3133	0
727	89	4	0.0	0	3133	0
727	92	16	0.0	0	3133	0
727	93	18	0.0	0	3133	0
727	93	27	0.0	0	3133	0
727	94	7	0.0	0	3133	0
727	94	9	0.0	0	3133	0
728	0	22	0.0	0	3133	0
728	4	0	0.0	0	3133	0
728	4	26	0.0	0	3133	0
728	8	10	0.0	0	3133	0
728	9	22	0.0	0	3133	0
728	18	19	0.0	0	3133	0
728	20	2	0.0	0	3133	0
728	20	10	0.0	0	3133	0
728	31	15	0.0	0	3133	0
728	37	30	0.0	0	3133	0
728	39	0	0.0	0	3133	0
728	48	20	0.0	0	3133	0
728	57	23	0.0	0	3133	0
728	62	23	0.0	0	3133	0
728	64	20	0.0	0	3133	0
728	70	21	0.0	0	3133	0
728	73	20	0.0	0	3133	0
728	78	28	0.0	0	3133	0
728	80	11	0.0	0	3133	0
728	80	18	0.0	0	3133	0
728	84	8	0.0	0	3133	0
728	85	11	0.0	0	3133	0
728	88	5	0.0	0	3133	0
728	95	13	0.0	0	3133	0
728	98	7	0.0	0	3133	0
729	5	15	0.0	0	3133	0
729	6	29	0.0	0	3133	0
729	9	8	0.0	0	3133	0
729	15	19	0.0	0	3133	0
729	16	0	0.0	0	3133	0
729	16	3	0.0	0	3133	0
729	22	24	0.0	0	3133	0
729	25	31	0.0	0	3133	0
729	28	25	0.0	0	3133	0
729	35	19	0.0	0	3133	0
729	37	23	0.0	0	3133	0
729	37	25	0.0	0	3133	0
729	43	4	0.0	0	3133	0
729	45	22	0.0	0	3133	0
729	54	2	0.0	0	3133	0
729	76	21	0.0	0	3133	0
729	80	22	0.0	0	3133	0
729	94	11	0.0	0	3133	0
729	98	3	0.0	0	3133	0
730	0	12	0.0	0	3133	0
730	3	6	0.0	0	3133	0
730	9	2	0.0	0	3133	0
730	11	14	0.0	0	3133	0
730	18	11	0.0	0	3133	0
730	19	17	0.0	0	3133	0
730	33	31	0.0	0	3133	0
730	35	5	0.0	0	3133	0
730	37	21	0.0	0	3133	0
730	38	8	0.0	0	3133	0
730	40	13	0.0	0	3133	0
730	68	21	0.0	0	3133	0
730	70	19	0.0	0	3133	0
730	74	8	0.0	0	3133	0
730	74	12	0.0	0	3133	0
730	76	5	0.0	0	3133	0
730	88	30	0.0	0	3133	0
730	89	10	0.0	0	3133	0
730	94	15	0.0	0	3133	0
731	3	15	0.0	0	3133	0
731	15	15	0.0	0	3133	0
731	18	28	0.0	0	3133	0
731	23	0	0.0	0	3133	0
731	23	25	0.0	0	3133	0
731	29	26	0.0	0	3133	0
731	31	21	0.0	0	3133	0
731	37	11	0.0	0	3133	0
731	43	13	0.0	0	3133	0
731	51	14	0.0	0	3133	0
731	56	20	0.0	0	3133	0
731	60	4	0.0	0	3133	0
731	68	8	0.0	0	3133	0
731	75	15	0.0	0	3133	0
731	77	23	0.0	0	3133	0
731	94	18	0.0	0	3133	0
732	0	6	0.0	0	3133	0
732	1	30	0.0	0	3133	0
732	2	20	0.0	0	3133	0
732	10	9	0.0	0	3133	0
732	22	1	0.0	0	3133	0
732	31	23	0.0	0	3133	0
732	33	6	0.0	0	3133	0
732	33	19	0.0	0	3133	0
732	36	19	0.0	0	3133	0
732	39	3	0.0	0	3133	0
732	40	20	0.0	0	3133	0
732	40	24	0.0	0	3133	0
732	46	31	0.0	0	3133	0
732	59	9	0.0	0	3133	0
732	63	19	0.0	0	3133	0
732	64	3	0.0	0	3133	0
732	69	20	0.0	0	3133	0
732	70	1	0.0	0	3133	0
732	75	6	0.0	0	3133	0
732	75	28	0.0	0	3133	0
732	80	31	0.0	0	3133	0
732	83	2	0.0	0	3133	0
732	85	22	0.0	0	3133	0
732	88	18	0.0	0	3133	0
732	93	14	0.0	0	3133	0
732	98	17	0.0	0	3133	0
732	99	21	0.0	0	3133	0
732	100	0	0.0	0	3133	0
733	2	21	0.0	0	3133	0
733	4	24	0.0	0	3133	0
733	6	21	0.0	0	3133	0
733	6	26	0.0	0	3133	0
733	7	24	0.0	0	3133	0
733	10	10	0.0	0	3133	0
733	14	9	0.0	0	3133	0
733	22	16	0.0	0	3133	0
733	31	11	0.0	0	3133	0
733	35	17	0.0	0	3133	0
733	43	20	0.0	0	3133	0
733	49	25	0.0	0	3133	0
733	56	30	0.0	0	3133	0
733	64	22	0.0	0	3133	0
733	73	12	0.0	0	3133	0
733	73	21	0.0	0	3133	0
733	77	7	0.0	0	3133	0
733	79	7	0.0	0	3133	0
733	84	31	0.0	0	3133	0
733	86	2	0.0	0	3133	0
733	88	3	0.0	0	3133	0
734	7	22	0.0	0	3133	0
734	15	4	0.0	0	3133	0
734	17	1	0.0	0	3133	0
734	22	19	0.0	0	3133	0
734	28	4	0.0	0	3133	0
734	29	22	0.0	0	3133	0
734	40	21	0.0	0	3133	0
734	57	14	0.0	0	3133	0
734	63	2	0.0	0	3133	0
734	65	18	0.0	0	3133	0
734	65	28	0.0	0	3133	0
734	70	15	0.0	0	3133	0
734	72	13	0.0	0	3133	0
734	74	3	0.0	0	3133	0
734	76	1	0.0	0	3133	0
734	76	13	0.0	0	3133	0
734	76	19	0.0	0	3133	0
734	78	22	0.0	0	3133	0
734	85	21	0.0	0	3133	0
734	87	8	0.0	0	3133	0
734	91	13	0.0	0	3133	0
734	98	0	0.0	0	3133	0
735	11	19	0.0	0	3133	0
735	16	5	0.0	0	3133	0
735	24	29	0.0	0	3133	0
735	37	31	0.0	0	3133	0
735	44	31	0.0	0	3133	0
735	49	20	0.0	0	3133	0
735	55	27	0.0	0	3133	0
735	56	30	0.0	0	3133	0
735	57	1	0.0	0	3133	0
735	58	12	0.0	0	3133	0
735	66	4	0.0	0	3133	0
735	67	6	0.0	0	3133	0
735	69	2	0.0	0	3133	0
735	70	31	0.0	0	3133	0
735	75	14	0.0	0	3133	0
735	77	9	0.0	0	3133	0
735	81	2	0.0	0	3133	0
735	94	14	0.0	0	3133	0
735	95	11	0.0	0	3133	0
735	100	1	0.0	0	3133	0
736	6	29	0.0	0	3133	0
736	9	22	0.0	0	3133	0
736	13	9	0.0	0	3133	0
736	23	30	0.0	0	3133	0
736	29	2	0.0	0	3133	0
736	34	1	0.0	0	3133	0
736	48	14	0.0	0	3133	0
736	52	20	0.0	0	3133	0
736	63	11	0.0	0	3133	0
736	63	21	0.0	0	3133	0
736	63	29	0.0	0	3133	0
736	69	3	0.0	0	3133	0
736	70	8	0.0	0	3133	0
736	71	6	0.0	0	3133	0
736	76	29	0.0	0	3133	0
736	78	8	0.0	0	3133	0
736	82	2	0.0	0	3133	0
736	83	28	0.0	0	3133	0
736	87	30	0.0	0	3133	0
736	100	9	0.0	0	3133	0
737	0	30	0.0	0	3133	0
737	13	1	0.0	0	3133	0
737	13	7	0.0	0	3133	0
737	13	31	0.0	0	3133	0
737	23	31	0.0	0	3133	0
737	27	0	0.0	0	3133	0
737	32	19	0.0	0	3133	0
737	45	19	0.0	0	3133	0
737	52	23	0.0	0	3133	0
737	53	3	0.0	0	3133	0
737	54	9	0.0	0	3133	0
737	81	3	0.0	0	3133	0
737	85	5	0.0	0	3133	0
737	85	25	0.0	0	3133	0
737	88	26	0.0	0	3133	0
738	2	14	0.0	0	3133	0
738	6	28	0.0	0	3133	0
738	15	18	0.0	0	3133	0
738	39	4	0.0	0	3133	0
738	45	15	0.0	0	3133	0
738	46	5	0.0	0	3133	0
738	50	11	0.0	0	3133	0
738	58	21	0.0	0	3133	0
738	59	11	0.0	0	3133	0
738	64	8	0.0	0	3133	0
738	65	7	0.0	0	3133	0
738	73	5	0.0	0	3133	0
738	75	22	0.0	0	3133	0
738	79	0	0.0	0	3133	0
738	80	8	0.0	0	3133	0
738	81	6	0.0	0	3133	0
738	81	27	0.0	0	3133	0
738	83	14	0.0	0	3133	0
738	86	26	0.0	0	3133	0
738	89	16	0.0	0	3133	0
738	92	5	0.0	0	3133	0
738	93	26	0.0	0	3133	0
738	97	24	0.0	0	3133	0
738	99	18	0.0	0	3133	0
739	2	3	0.0	0	3133	0
739	6	16	0.0	0	3133	0
739	8	4	0.0	0	3133	0
739	19	10	0.0	0	3133	0
739	35	9	0.0	0	3133	0
739	43	23	0.0	0	3133	0
739	45	15	0.0	0	3133	0
739	46	3	0.0	0	3133	0
739	48	30	0.0	0	3133	0
739	55	14	0.0	0	3133	0
739	63	6	0.0	0	3133	0
739	70	23	0.0	0	3133	0
739	77	30	0.0	0	3133	0
739	82	3	0.0	0	3133	0
739	86	19	0.0	0	3133	0
739	88	0	0.0	0	3133	0
739	88	15	0.0	0	3133	0
739	94	27	0.0	0	3133	0
739	100	2	0.0	0	3133	0
740	0	8	0.0	0	3133	0
740	30	8	0.0	0	3133	0
740	33	5	0.0	0	3133	0
740	59	13	0.0	0	3133	0
740	65	7	0.0	0	3133	0
740	68	0	0.0	0	3133	0
740	68	12	0.0	0	3133	0
740	76	18	0.0	0	3133	0
740	79	8	0.0	0	3133	0
740	93	4	0.0	0	3133	0
740	95	0	0.0	0	3133	0
740	96	26	0.0	0	3133	0
741	0	6	0.0	0	3133	0
741	0	21	0.0	0	3133	0
741	4	24	0.0	0	3133	0
741	4	28	0.0	0	3133	0
741	9	4	0.0	0	3133	0
741	22	0	0.0	0	3133	0
741	33	9	0.0	0	3133	0
741	38	7	0.0	0	3133	0
741	42	12	0.0	0	3133	0
741	43	10	0.0	0	3133	0
741	47	25	0.0	0	3133	0
741	50	16	0.0	0	3133	0
741	59	19	0.0	0	3133	0
741	61	14	0.0	0	3133	0
741	67	28	0.0	0	3133	0
741	68	6	0.0	0	3133	0
741	70	5	0.0	0	3133	0
741	70	11	0.0	0	3133	0
741	70	28	0.0	0	3133	0
741	74	1	0.0	0	3133	0
741	74	3	0.0	0	3133	0
741	76	12	0.0	0	3133	0
741	76	15	0.0	0	3133	0
741	81	24	0.0	0	3133	0
741	83	22	0.0	0	3133	0
741	88	14	0.0	0	3133	0
741	88	17	0.0	0	3133	0
741	91	17	0.0	0	3133	0
741	93	6	0.0	0	3133	0
741	95	15	0.0	0	3133	0
741	96	2	0.0	0	3133	0
741	98	23	0.0	0	3133	0
741	100	7	0.0	0	3133	0
742	0	12	0.0	0	3133	0
742	5	6	0.0	0	3133	0
742	7	31	0.0	0	3133	0
742	19	1	0.0	0	3133	0
742	19	14	0.0	0	3133	0
742	35	1	0.0	0	3133	0
742	36	31	0.0	0	3133	0
742	39	18	0.0	0	3133	0
742	42	31	0.0	0	3133	0
742	43	23	0.0	0	3133	0
742	49	12	0.0	0	3133	0
742	53	23	0.0	0	3133	0
742	60	24	0.0	0	3133	0
742	66	14	0.0	0	3133	0
742	71	28	0.0	0	3133	0
742	74	26	0.0	0	3133	0
742	78	4	0.0	0	3133	0
742	80	12	0.0	0	3133	0
742	81	0	0.0	0	3133	0
742	82	14	0.0	0	3133	0
742	88	21	0.0	0	3133	0
742	94	3	0.0	0	3133	0
742	94	11	0.0	0	3133	0
742	97	17	0.0	0	3133	0
743	2	7	0.0	0	3133	0
743	4	30	0.0	0	3133	0
743	12	29	0.0	0	3133	0
743	14	9	0.0	0	3133	0
743	15	1	0.0	0	3133	0
743	17	21	0.0	0	3133	0
743	20	31	0.0	0	3133	0
743	23	0	0.0	0	3133	0
743	25	17	0.0	0	3133	0
743	29	26	0.0	0	3133	0
743	40	15	0.0	0	3133	0
743	50	4	0.0	0	3133	0
743	51	9	0.0	0	3133	0
743	56	26	0.0	0	3133	0
743	68	7	0.0	0	3133	0
743	73	24	0.0	0	3133	0
743	76	23	0.0	0	3133	0
743	82	19	0.0	0	3133	0
743	95	21	0.0	0	3133	0
743	96	7	0.0	0	3133	0
743	98	13	0.0	0	3133	0
743	100	0	0.0	0	3133	0
743	100	8	0.0	0	3133	0
744	7	29	0.0	0	3133	0
744	9	7	0.0	0	3133	0
744	11	30	0.0	0	3133	0
744	12	0	0.0	0	3133	0
744	13	2	0.0	0	3133	0
744	17	16	0.0	0	3133	0
744	20	22	0.0	0	3133	0
744	23	25	0.0	0	3133	0
744	27	31	0.0	0	3133	0
744	34	30	0.0	0	3133	0
744	42	12	0.0	0	3133	0
744	44	12	0.0	0	3133	0
744	46	19	0.0	0	3133	0
744	47	18	0.0	0	3133	0
744	60	20	0.0	0	3133	0
744	60	29	0.0	0	3133	0
744	62	17	0.0	0	3133	0
744	65	11	0.0	0	3133	0
744	65	22	0.0	0	3133	0
744	67	9	0.0	0	3133	0
744	68	30	0.0	0	3133	0
744	75	4	0.0	0	3133	0
744	80	6	0.0	0	3133	0
744	81	27	0.0	0	3133	0
744	82	22	0.0	0	3133	0
744	84	11	0.0	0	3133	0
744	84	24	0.0	0	3133	0
744	86	16	0.0	0	3133	0
744	88	13	0.0	0	3133	0
744	96	31	0.0	0	3133	0
745	7	7	0.0	0	3133	0
745	11	31	0.0	0	3133	0
745	13	18	0.0	0	3133	0
745	33	22	0.0	0	3133	0
745	36	3	0.0	0	3133	0
745	42	12	0.0	0	3133	0
745	51	6	0.0	0	3133	0
745	52	0	0.0	0	3133	0
745	53	7	0.0	0	3133	0
745	54	16	0.0	0	3133	0
745	54	19	0.0	0	3133	0
745	55	7	0.0	0	3133	0
745	57	6	0.0	0	3133	0
745	60	11	0.0	0	3133	0
745	63	8	0.0	0	3133	0
745	70	29	0.0	0	3133	0
745	74	27	0.0	0	3133	0
745	79	19	0.0	0	3133	0
745	80	21	0.0	0	3133	0
745	80	29	0.0	0	3133	0
745	81	16	0.0	0	3133	0
745	86	23	0.0	0	3133	0
745	88	1	0.0	0	3133	0
745	93	27	0.0	0	3133	0
746	6	4	0.0	0	3133	0
746	6	24	0.0	0	3133	0
746	12	25	0.0	0	3133	0
746	17	2	0.0	0	3133	0
746	19	1	0.0	0	3133	0
746	25	24	0.0	0	3133	0
746	26	19	0.0	0	3133	0
746	35	10	0.0	0	3133	0
746	36	8	0.0	0	3133	0
746	38	20	0.0	0	3133	0
746	38	26	0.0	0	3133	0
746	44	13	0.0	0	3133	0
746	50	16	0.0	0	3133	0
746	59	22	0.0	0	3133	0
746	61	24	0.0	0	3133	0
746	66	2	0.0	0	3133	0
746	84	2	0.0	0	3133	0
746	86	10	0.0	0	3133	0
746	90	21	0.0	0	3133	0
746	93	1	0.0	0	3133	0
746	94	31	0.0	0	3133	0
746	98	4	0.0	0	3133	0
746	99	13	0.0	0	3133	0
747	0	6	0.0	0	3133	0
747	1	26	0.0	0	3133	0
747	6	23	0.0	0	3133	0
747	8	15	0.0	0	3133	0
747	11	24	0.0	0	3133	0
747	13	11	0.0	0	3133	0
747	14	18	0.0	0	3133	0
747	16	14	0.0	0	3133	0
747	24	2	0.0	0	3133	0
747	32	20	0.0	0	3133	0
747	35	14	0.0	0	3133	0
747	38	5	0.0	0	3133	0
747	45	0	0.0	0	3133	0
747	47	10	0.0	0	3133	0
747	53	15	0.0	0	3133	0
747	62	20	0.0	0	3133	0
747	62	25	0.0	0	3133	0
747	65	7	0.0	0	3133	0
747	67	27	0.0	0	3133	0
747	76	24	0.0	0	3133	0
747	80	9	0.0	0	3133	0
747	99	23	0.0	0	3133	0
747	100	28	0.0	0	3133	0
748	0	2	0.0	0	3133	0
748	5	26	0.0	0	3133	0
748	13	20	0.0	0	3133	0
748	14	24	0.0	0	3133	0
748	19	0	0.0	0	3133	0
748	23	22	0.0	0	3133	0
748	35	24	0.0	0	3133	0
748	38	13	0.0	0	3133	0
748	40	11	0.0	0	3133	0
748	44	20	0.0	0	3133	0
748	47	23	0.0	0	3133	0
748	51	28	0.0	0	3133	0
748	54	7	0.0	0	3133	0
748	59	1	0.0	0	3133	0
748	62	30	0.0	0	3133	0
748	63	21	0.0	0	3133	0
748	68	21	0.0	0	3133	0
748	74	7	0.0	0	3133	0
748	74	17	0.0	0	3133	0
748	86	3	0.0	0	3133	0
748	99	13	0.0	0	3133	0
749	4	16	0.0	0	3133	0
749	5	23	0.0	0	3133	0
749	8	20	0.0	0	3133	0
749	10	27	0.0	0	3133	0
749	22	23	0.0	0	3133	0
749	37	11	0.0	0	3133	0
749	48	30	0.0	0	3133	0
749	49	26	0.0	0	3133	0
749	53	13	0.0	0	3133	0
749	56	23	0.0	0	3133	0
749	59	31	0.0	0	3133	0
749	61	11	0.0	0	3133	0
749	62	1	0.0	0	3133	0
749	63	4	0.0	0	3133	0
749	64	7	0.0	0	3133	0
749	68	1	0.0	0	3133	0
749	73	19	0.0	0	3133	0
749	85	12	0.0	0	3133	0
749	99	5	0.0	0	3133	0
750	0	29	0.0	0	3133	0
750	14	22	0.0	0	3133	0
750	17	29	0.0	0	3133	0
750	22	17	0.0	0	3133	0
750	34	25	0.0	0	3133	0
750	58	31	0.0	0	3133	0
750	67	2	0.0	0	3133	0
750	67	30	0.0	0	3133	0
750	77	8	0.0	0	3133	0
750	82	30	0.0	0	3133	0
750	85	6	0.0	0	3133	0
750	85	11	0.0	0	3133	0
750	85	30	0.0	0	3133	0
750	86	12	0.0	0	3133	0
750	92	8	0.0	0	3133	0
751	9	11	0.0	0	3133	0
751	14	27	0.0	0	3133	0
751	15	6	0.0	0	3133	0
751	17	31	0.0	0	3133	0
751	18	5	0.0	0	3133	0
751	37	0	0.0	0	3133	0
751	37	7	0.0	0	3133	0
751	38	10	0.0	0	3133	0
751	53	29	0.0	0	3133	0
751	56	27	0.0	0	3133	0
751	59	11	0.0	0	3133	0
751	66	10	0.0	0	3133	0
751	71	22	0.0	0	3133	0
751	72	31	0.0	0	3133	0
751	78	6	0.0	0	3133	0
751	83	28	0.0	0	3133	0
751	91	12	0.0	0	3133	0
751	97	15	0.0	0	3133	0
752	1	23	0.0	0	3133	0
752	6	21	0.0	0	3133	0
752	6	27	0.0	0	3133	0
752	7	4	0.0	0	3133	0
752	9	18	0.0	0	3133	0
752	10	23	0.0	0	3133	0
752	14	9	0.0	0	3133	0
752	20	25	0.0	0	3133	0
752	21	2	0.0	0	3133	0
752	29	1	0.0	0	3133	0
752	33	31	0.0	0	3133	0
752	34	8	0.0	0	3133	0
752	37	22	0.0	0	3133	0
752	55	1	0.0	0	3133	0
752	56	19	0.0	0	3133	0
752	63	19	0.0	0	3133	0
752	64	15	0.0	0	3133	0
752	68	24	0.0	0	3133	0
752	71	14	0.0	0	3133	0
752	76	1	0.0	0	3133	0
752	93	24	0.0	0	3133	0
752	95	2	0.0	0	3133	0
752	95	13	0.0	0	3133	0
752	97	18	0.0	0	3133	0
753	0	19	0.0	0	3133	0
753	9	4	0.0	0	3133	0
753	15	4	0.0	0	3133	0
753	17	3	0.0	0	3133	0
753	21	1	0.0	0	3133	0
753	24	17	0.0	0	3133	0
753	33	11	0.0	0	3133	0
753	41	29	0.0	0	3133	0
753	49	19	0.0	0	3133	0
753	53	26	0.0	0	3133	0
753	55	16	0.0	0	3133	0
753	57	13	0.0	0	3133	0
753	65	19	0.0	0	3133	0
753	72	1	0.0	0	3133	0
753	78	7	0.0	0	3133	0
753	80	12	0.0	0	3133	0
753	80	13	0.0	0	3133	0
753	81	9	0.0	0	3133	0
753	83	0	0.0	0	3133	0
753	85	12	0.0	0	3133	0
753	85	18	0.0	0	3133	0
753	91	26	0.0	0	3133	0
753	94	27	0.0	0	3133	0
753	98	11	0.0	0	3133	0
754	4	9	0.0	0	3133	0
754	7	15	0.0	0	3133	0
754	9	0	0.0	0	3133	0
754	11	21	0.0	0	3133	0
754	14	13	0.0	0	3133	0
754	17	13	0.0	0	3133	0
754	20	15	0.0	0	3133	0
754	30	21	0.0	0	3133	0
754	46	2	0.0	0	3133	0
754	60	5	0.0	0	3133	0
754	68	24	0.0	0	3133	0
754	71	13	0.0	0	3133	0
754	74	19	0.0	0	3133	0
754	80	25	0.0	0	3133	0
754	81	23	0.0	0	3133	0
754	86	19	0.0	0	3133	0
754	87	17	0.0	0	3133	0
754	91	15	0.0	0	3133	0
754	94	28	0.0	0	3133	0
754	98	18	0.0	0	3133	0
755	0	8	0.0	0	3133	0
755	1	13	0.0	0	3133	0
755	2	6	0.0	0	3133	0
755	4	8	0.0	0	3133	0
755	6	7	0.0	0	3133	0
755	11	8	0.0	0	3133	0
755	15	7	0.0	0	3133	0
755	15	16	0.0	0	3133	0
755	15	21	0.0	0	3133	0
755	21	10	0.0	0	3133	0
755	33	15	0.0	0	3133	0
755	33	20	0.0	0	3133	0
755	41	25	0.0	0	3133	0
755	75	31	0.0	0	3133	0
755	79	4	0.0	0	3133	0
755	79	18	0.0	0	3133	0
755	84	31	0.0	0	3133	0
755	87	30	0.0	0	3133	0
755	89	14	0.0	0	3133	0
755	89	28	0.0	0	3133	0
755	91	9	0.0	0	3133	0
755	98	10	0.0	0	3133	0
756	2	18	0.0	0	3133	0
756	6	18	0.0	0	3133	0
756	12	20	0.0	0	3133	0
756	12	25	0.0	0	3133	0
756	13	29	0.0	0	3133	0
756	16	12	0.0	0	3133	0
756	21	22	0.0	0	3133	0
756	24	14	0.0	0	3133	0
756	27	13	0.0	0	3133	0
756	32	1	0.0	0	3133	0
756	34	14	0.0	0	3133	0
756	37	2	0.0	0	3133	0
756	39	27	0.0	0	3133	0
756	46	27	0.0	0	3133	0
756	56	26	0.0	0	3133	0
756	59	9	0.0	0	3133	0
756	60	30	0.0	0	3133	0
756	63	23	0.0	0	3133	0
756	69	25	0.0	0	3133	0
756	70	15	0.0	0	3133	0
756	73	21	0.0	0	3133	0
756	80	27	0.0	0	3133	0
756	84	6	0.0	0	3133	0
756	87	18	0.0	0	3133	0
756	92	11	0.0	0	3133	0
756	92	28	0.0	0	3133	0
756	95	2	0.0	0	3133	0
756	95	31	0.0	0	3133	0
757	3	19	0.0	0	3133	0
757	5	20	0.0	0	3133	0
757	7	9	0.0	0	3133	0
757	8	7	0.0	0	3133	0
757	25	7	0.0	0	3133	0
757	30	27	0.0	0	3133	0
757	38	2	0.0	0	3133	0
757	40	12	0.0	0	3133	0
757	43	19	0.0	0	3133	0
757	44	27	0.0	0	3133	0
757	49	25	0.0	0	3133	0
757	58	19	0.0	0	3133	0
757	73	17	0.0	0	3133	0
757	73	27	0.0	0	3133	0
757	75	2	0.0	0	3133	0
757	79	6	0.0	0	3133	0
757	79	17	0.0	0	3133	0
757	80	3	0.0	0	3133	0
757	82	16	0.0	0	3133	0
757	82	18	0.0	0	3133	0
757	89	3	0.0	0	3133	0
757	99	22	0.0	0	3133	0
758	1	6	0.0	0	3133	0
758	5	30	0.0	0	3133	0
758	11	4	0.0	0	3133	0
758	11	11	0.0	0	3133	0
758	32	30	0.0	0	3133	0
758	34	19	0.0	0	3133	0
758	41	23	0.0	0	3133	0
758	43	28	0.0	0	3133	0
758	48	11	0.0	0	3133	0
758	52	27	0.0	0	3133	0
758	53	5	0.0	0	3133	0
758	55	31	0.0	0	3133	0
758	62	7	0.0	0	3133	0
758	63	7	0.0	0	3133	0
758	69	12	0.0	0	3133	0
758	78	0	0.0	0	3133	0
758	81	18	0.0	0	3133	0
758	84	26	0.0	0	3133	0
758	91	3	0.0	0	3133	0
758	92	21	0.0	0	3133	0
758	99	3	0.0	0	3133	0
758	100	29	0.0	0	3133	0
759	3	3	0.0	0	3133	0
759	12	29	0.0	0	3133	0
759	17	6	0.0	0	3133	0
759	18	29	0.0	0	3133	0
759	21	17	0.0	0	3133	0
759	43	28	0.0	0	3133	0
759	49	7	0.0	0	3133	0
759	57	19	0.0	0	3133	0
759	63	9	0.0	0	3133	0
759	68	20	0.0	0	3133	0
759	68	22	0.0	0	3133	0
759	82	17	0.0	0	3133	0
759	86	15	0.0	0	3133	0
759	87	2	0.0	0	3133	0
759	87	13	0.0	0	3133	0
759	88	10	0.0	0	3133	0
759	89	14	0.0	0	3133	0
759	96	10	0.0	0	3133	0
759	96	24	0.0	0	3133	0
759	97	2	0.0	0	3133	0
759	99	29	0.0	0	3133	0
760	2	6	0.0	0	3133	0
760	9	22	0.0	0	3133	0
760	13	21	0.0	0	3133	0
760	18	30	0.0	0	3133	0
760	28	15	0.0	0	3133	0
760	38	17	0.0	0	3133	0
760	44	15	0.0	0	3133	0
760	48	19	0.0	0	3133	0
760	53	10	0.0	0	3133	0
760	58	8	0.0	0	3133	0
760	64	30	0.0	0	3133	0
760	77	16	0.0	0	3133	0
760	78	5	0.0	0	3133	0
760	79	3	0.0	0	3133	0
760	81	8	0.0	0	3133	0
760	83	24	0.0	0	3133	0
760	87	20	0.0	0	3133	0
760	88	28	0.0	0	3133	0
760	92	2	0.0	0	3133	0
760	97	8	0.0	0	3133	0
761	2	0	0.0	0	3133	0
761	2	19	0.0	0	3133	0
761	4	12	0.0	0	3133	0
761	7	27	0.0	0	3133	0
761	17	0	0.0	0	3133	0
761	17	9	0.0	0	3133	0
761	34	24	0.0	0	3133	0
761	56	4	0.0	0	3133	0
761	59	10	0.0	0	3133	0
761	68	8	0.0	0	3133	0
761	70	31	0.0	0	3133	0
761	73	5	0.0	0	3133	0
761	74	22	0.0	0	3133	0
761	76	23	0.0	0	3133	0
761	79	4	0.0	0	3133	0
761	79	7	0.0	0	3133	0
761	82	26	0.0	0	3133	0
761	89	15	0.0	0	3133	0
761	89	16	0.0	0	3133	0
761	92	6	0.0	0	3133	0
761	96	2	0.0	0	3133	0
762	13	20	0.0	0	3133	0
762	22	23	0.0	0	3133	0
762	31	0	0.0	0	3133	0
762	31	30	0.0	0	3133	0
762	37	22	0.0	0	3133	0
762	38	22	0.0	0	3133	0
762	48	6	0.0	0	3133	0
762	48	27	0.0	0	3133	0
762	49	18	0.0	0	3133	0
762	53	1	0.0	0	3133	0
762	53	14	0.0	0	3133	0
762	54	12	0.0	0	3133	0
762	55	31	0.0	0	3133	0
762	60	6	0.0	0	3133	0
762	62	20	0.0	0	3133	0
762	64	20	0.0	0	3133	0
762	64	26	0.0	0	3133	0
762	69	27	0.0	0	3133	0
762	72	24	0.0	0	3133	0
762	75	25	0.0	0	3133	0
762	83	19	0.0	0	3133	0
762	85	9	0.0	0	3133	0
762	90	16	0.0	0	3133	0
762	93	31	0.0	0	3133	0
762	96	20	0.0	0	3133	0
763	6	10	0.0	0	3133	0
763	10	20	0.0	0	3133	0
763	11	12	0.0	0	3133	0
763	11	16	0.0	0	3133	0
763	21	10	0.0	0	3133	0
763	21	23	0.0	0	3133	0
763	33	27	0.0	0	3133	0
763	34	6	0.0	0	3133	0
763	50	13	0.0	0	3133	0
763	52	0	0.0	0	3133	0
763	52	31	0.0	0	3133	0
763	54	15	0.0	0	3133	0
763	58	23	0.0	0	3133	0
763	60	18	0.0	0	3133	0
763	60	26	0.0	0	3133	0
763	62	11	0.0	0	3133	0
763	68	1	0.0	0	3133	0
763	73	13	0.0	0	3133	0
763	75	25	0.0	0	3133	0
763	78	20	0.0	0	3133	0
763	82	4	0.0	0	3133	0
763	90	17	0.0	0	3133	0
763	90	28	0.0	0	3133	0
764	2	12	0.0	0	3133	0
764	3	7	0.0	0	3133	0
764	3	9	0.0	0	3133	0
764	4	6	0.0	0	3133	0
764	23	11	0.0	0	3133	0
764	24	7	0.0	0	3133	0
764	27	5	0.0	0	3133	0
764	36	12	0.0	0	3133	0
764	46	16	0.0	0	3133	0
764	48	29	0.0	0	3133	0
764	60	16	0.0	0	3133	0
764	63	3	0.0	0	3133	0
764	63	6	0.0	0	3133	0
764	65	10	0.0	0	3133	0
764	65	17	0.0	0	3133	0
764	70	18	0.0	0	3133	0
764	74	28	0.0	0	3133	0
764	77	15	0.0	0	3133	0
764	86	5	0.0	0	3133	0
764	89	18	0.0	0	3133	0
764	94	17	0.0	0	3133	0
764	96	9	0.0	0	3133	0
765	3	10	0.0	0	3133	0
765	10	27	0.0	0	3133	0
765	15	28	0.0	0	3133	0
765	19	25	0.0	0	3133	0
765	22	27	0.0	0	3133	0
765	26	16	0.0	0	3133	0
765	37	26	0.0	0	3133	0
765	40	29	0.0	0	3133	0
765	42	20	0.0	0	3133	0
765	43	3	0.0	0	3133	0
765	44	31	0.0	0	3133	0
765	59	1	0.0	0	3133	0
765	62	28	0.0	0	3133	0
765	65	31	0.0	0	3133	0
765	76	26	0.0	0	3133	0
765	81	15	0.0	0	3133	0
765	81	28	0.0	0	3133	0
766	13	29	0.0	0	3133	0
766	15	2	0.0	0	3133	0
766	18	9	0.0	0	3133	0
766	23	25	0.0	0	3133	0
766	24	8	0.0	0	3133	0
766	25	4	0.0	0	3133	0
766	27	18	0.0	0	3133	0
766	28	10	0.0	0	3133	0
766	30	21	0.0	0	3133	0
766	33	2	0.0	0	3133	0
766	40	6	0.0	0	3133	0
766	47	5	0.0	0	3133	0
766	51	23	0.0	0	3133	0
766	56	30	0.0	0	3133	0
766	60	10	0.0	0	3133	0
766	63	8	0.0	0	3133	0
766	64	26	0.0	0	3133	0
766	71	3	0.0	0	3133	0
766	71	21	0.0	0	3133	0
766	73	22	0.0	0	3133	0
766	74	16	0.0	0	3133	0
766	80	26	0.0	0	3133	0
766	80	31	0.0	0	3133	0
766	85	30	0.0	0	3133	0
766	89	29	0.0	0	3133	0
766	92	12	0.0	0	3133	0
766	98	30	0.0	0	3133	0
766	99	27	0.0	0	3133	0
767	17	13	0.0	0	3133	0
767	17	29	0.0	0	3133	0
767	27	4	0.0	0	3133	0
767	43	27	0.0	0	3133	0
767	45	23	0.0	0	3133	0
767	48	11	0.0	0	3133	0
767	48	21	0.0	0	3133	0
767	58	12	0.0	0	3133	0
767	64	31	0.0	0	3133	0
767	65	20	0.0	0	3133	0
767	72	22	0.0	0	3133	0
767	72	26	0.0	0	3133	0
767	73	17	0.0	0	3133	0
767	75	24	0.0	0	3133	0
767	75	26	0.0	0	3133	0
767	76	31	0.0	0	3133	0
767	77	22	0.0	0	3133	0
767	78	17	0.0	0	3133	0
767	82	6	0.0	0	3133	0
767	92	22	0.0	0	3133	0
767	93	25	0.0	0	3133	0
767	93	31	0.0	0	3133	0
768	1	23	0.0	0	3133	0
768	8	28	0.0	0	3133	0
768	12	24	0.0	0	3133	0
768	13	19	0.0	0	3133	0
768	14	15	0.0	0	3133	0
768	15	0	0.0	0	3133	0
768	20	0	0.0	0	3133	0
768	20	12	0.0	0	3133	0
768	42	24	0.0	0	3133	0
768	46	6	0.0	0	3133	0
768	52	13	0.0	0	3133	0
768	54	16	0.0	0	3133	0
768	55	1	0.0	0	3133	0
768	61	7	0.0	0	3133	0
768	61	16	0.0	0	3133	0
768	61	20	0.0	0	3133	0
768	70	13	0.0	0	3133	0
768	76	13	0.0	0	3133	0
768	78	17	0.0	0	3133	0
768	79	11	0.0	0	3133	0
768	87	21	0.0	0	3133	0
768	93	1	0.0	0	3133	0
769	1	16	0.0	0	3133	0
769	4	16	0.0	0	3133	0
769	8	3	0.0	0	3133	0
769	8	4	0.0	0	3133	0
769	9	11	0.0	0	3133	0
769	10	9	0.0	0	3133	0
769	16	27	0.0	0	3133	0
769	20	9	0.0	0	3133	0
769	27	17	0.0	0	3133	0
769	37	15	0.0	0	3133	0
769	40	5	0.0	0	3133	0
769	42	21	0.0	0	3133	0
769	51	15	0.0	0	3133	0
769	52	5	0.0	0	3133	0
769	53	26	0.0	0	3133	0
769	54	25	0.0	0	3133	0
769	61	4	0.0	0	3133	0
769	62	2	0.0	0	3133	0
769	62	11	0.0	0	3133	0
769	68	0	0.0	0	3133	0
769	70	17	0.0	0	3133	0
769	70	29	0.0	0	3133	0
769	76	22	0.0	0	3133	0
769	82	13	0.0	0	3133	0
769	93	22	0.0	0	3133	0
769	97	23	0.0	0	3133	0
769	99	6	0.0	0	3133	0
770	2	7	0.0	0	3133	0
770	5	9	0.0	0	3133	0
770	10	9	0.0	0	3133	0
770	10	19	0.0	0	3133	0
770	14	3	0.0	0	3133	0
770	19	20	0.0	0	3133	0
770	21	4	0.0	0	3133	0
770	24	18	0.0	0	3133	0
770	37	29	0.0	0	3133	0
770	42	29	0.0	0	3133	0
770	49	0	0.0	0	3133	0
770	60	14	0.0	0	3133	0
770	67	5	0.0	0	3133	0
770	67	6	0.0	0	3133	0
770	69	27	0.0	0	3133	0
770	77	0	0.0	0	3133	0
770	77	10	0.0	0	3133	0
770	78	29	0.0	0	3133	0
770	79	18	0.0	0	3133	0
770	86	18	0.0	0	3133	0
770	90	16	0.0	0	3133	0
770	95	3	0.0	0	3133	0
770	97	2	0.0	0	3133	0
770	97	28	0.0	0	3133	0
771	2	6	0.0	0	3133	0
771	5	17	0.0	0	3133	0
771	9	19	0.0	0	3133	0
771	12	30	0.0	0	3133	0
771	19	10	0.0	0	3133	0
771	23	29	0.0	0	3133	0
771	30	8	0.0	0	3133	0
771	44	20	0.0	0	3133	0
771	46	13	0.0	0	3133	0
771	58	13	0.0	0	3133	0
771	61	11	0.0	0	3133	0
771	63	8	0.0	0	3133	0
771	71	30	0.0	0	3133	0
771	84	17	0.0	0	3133	0
771	87	27	0.0	0	3133	0
771	89	27	0.0	0	3133	0
771	90	21	0.0	0	3133	0
771	91	5	0.0	0	3133	0
771	96	20	0.0	0	3133	0
772	6	0	0.0	0	3133	0
772	7	31	0.0	0	3133	0
772	17	30	0.0	0	3133	0
772	20	10	0.0	0	3133	0
772	32	29	0.0	0	3133	0
772	35	11	0.0	0	3133	0
772	35	17	0.0	0	3133	0
772	39	18	0.0	0	3133	0
772	42	19	0.0	0	3133	0
772	55	13	0.0	0	3133	0
772	55	30	0.0	0	3133	0
772	59	17	0.0	0	3133	0
772	59	20	0.0	0	3133	0
772	70	24	0.0	0	3133	0
772	76	3	0.0	0	3133	0
772	77	0	0.0	0	3133	0
772	83	13	0.0	0	3133	0
772	92	12	0.0	0	3133	0
772	97	24	0.0	0	3133	0
772	97	29	0.0	0	3133	0
772	98	5	0.0	0	3133	0
773	13	13	0.0	0	3133	0
773	15	16	0.0	0	3133	0
773	15	27	0.0	0	3133	0
773	30	19	0.0	0	3133	0
773	32	12	0.0	0	3133	0
773	37	26	0.0	0	3133	0
773	38	14	0.0	0	3133	0
773	45	22	0.0	0	3133	0
773	46	15	0.0	0	3133	0
773	48	30	0.0	0	3133	0
773	50	6	0.0	0	3133	0
773	54	30	0.0	0	3133	0
773	58	20	0.0	0	3133	0
773	64	18	0.0	0	3133	0
773	68	14	0.0	0	3133	0
773	71	2	0.0	0	3133	0
773	71	9	0.0	0	3133	0
773	73	27	0.0	0	3133	0
773	77	2	0.0	0	3133	0
773	77	12	0.0	0	3133	0
773	80	5	0.0	0	3133	0
773	86	26	0.0	0	3133	0
773	87	2	0.0	0	3133	0
773	93	23	0.0	0	3133	0
774	10	23	0.0	0	3133	0
774	11	26	0.0	0	3133	0
774	20	22	0.0	0	3133	0
774	24	14	0.0	0	3133	0
774	33	7	0.0	0	3133	0
774	35	31	0.0	0	3133	0
774	41	24	0.0	0	3133	0
774	44	0	0.0	0	3133	0
774	44	23	0.0	0	3133	0
774	47	30	0.0	0	3133	0
774	54	31	0.0	0	3133	0
774	62	12	0.0	0	3133	0
774	68	9	0.0	0	3133	0
774	72	14	0.0	0	3133	0
774	73	15	0.0	0	3133	0
774	82	11	0.0	0	3133	0
774	83	4	0.0	0	3133	0
774	86	18	0.0	0	3133	0
774	90	10	0.0	0	3133	0
774	98	1	0.0	0	3133	0
774	99	20	0.0	0	3133	0
774	99	23	0.0	0	3133	0
775	3	7	0.0	0	3133	0
775	4	0	0.0	0	3133	0
775	5	13	0.0	0	3133	0
775	8	4	0.0	0	3133	0
775	9	1	0.0	0	3133	0
775	9	2	0.0	0	3133	0
775	9	16	0.0	0	3133	0
775	10	23	0.0	0	3133	0
775	14	10	0.0	0	3133	0
775	21	27	0.0	0	3133	0
775	27	5	0.0	0	3133	0
775	40	14	0.0	0	3133	0
775	42	7	0.0	0	3133	0
775	53	20	0.0	0	3133	0
775	54	7	0.0	0	3133	0
775	56	10	0.0	0	3133	0
775	60	6	0.0	0	3133	0
775	70	22	0.0	0	3133	0
775	76	30	0.0	0	3133	0
775	79	14	0.0	0	3133	0
775	79	27	0.0	0	3133	0
775	87	1	0.0	0	3133	0
775	88	22	0.0	0	3133	0
775	89	2	0.0	0	3133	0
775	90	9	0.0	0	3133	0
775	98	9	0.0	0	3133	0
776	2	13	0.0	0	3133	0
776	11	0	0.0	0	3133	0
776	14	21	0.0	0	3133	0
776	20	24	0.0	0	3133	0
776	20	30	0.0	0	3133	0
776	37	1	0.0	0	3133	0
776	37	13	0.0	0	3133	0
776	38	9	0.0	0	3133	0
776	40	6	0.0	0	3133	0
776	42	13	0.0	0	3133	0
776	45	18	0.0	0	3133	0
776	46	14	0.0	0	3133	0
776	49	22	0.0	0	3133	0
776	54	23	0.0	0	3133	0
776	63	9	0.0	0	3133	0
776	68	28	0.0	0	3133	0
776	77	15	0.0	0	3133	0
776	82	27	0.0	0	3133	0
776	85	0	0.0	0	3133	0
776	88	29	0.0	0	3133	0
776	93	6	0.0	0	3133	0
776	96	23	0.0	0	3133	0
776	97	17	0.0	0	3133	0
777	1	23	0.0	0	3133	0
777	2	3	0.0	0	3133	0
777	8	21	0.0	0	3133	0
777	9	8	0.0	0	3133	0
777	21	11	0.0	0	3133	0
777	24	5	0.0	0	3133	0
777	28	13	0.0	0	3133	0
777	38	7	0.0	0	3133	0
777	41	16	0.0	0	3133	0
777	56	6	0.0	0	3133	0
777	66	14	0.0	0	3133	0
777	67	2	0.0	0	3133	0
777	69	6	0.0	0	3133	0
777	78	2	0.0	0	3133	0
777	81	0	0.0	0	3133	0
777	82	12	0.0	0	3133	0
777	84	27	0.0	0	3133	0
777	89	1	0.0	0	3133	0
777	92	0	0.0	0	3133	0
777	95	30	0.0	0	3133	0
778	1	18	0.0	0	3133	0
778	2	11	0.0	0	3133	0
778	4	17	0.0	0	3133	0
778	13	7	0.0	0	3133	0
778	16	3	0.0	0	3133	0
778	26	0	0.0	0	3133	0
778	27	28	0.0	0	3133	0
778	41	18	0.0	0	3133	0
778	43	21	0.0	0	3133	0
778	53	31	0.0	0	3133	0
778	55	1	0.0	0	3133	0
778	60	19	0.0	0	3133	0
778	62	23	0.0	0	3133	0
778	68	16	0.0	0	3133	0
778	75	29	0.0	0	3133	0
778	81	2	0.0	0	3133	0
778	81	14	0.0	0	3133	0
778	85	3	0.0	0	3133	0
778	94	27	0.0	0	3133	0
779	4	6	0.0	0	3133	0
779	8	18	0.0	0	3133	0
779	9	27	0.0	0	3133	0
779	12	19	0.0	0	3133	0
779	40	21	0.0	0	3133	0
779	44	18	0.0	0	3133	0
779	59	13	0.0	0	3133	0
779	65	3	0.0	0	3133	0
779	72	22	0.0	0	3133	0
779	73	12	0.0	0	3133	0
779	82	20	0.0	0	3133	0
779	84	18	0.0	0	3133	0
779	86	17	0.0	0	3133	0
779	91	3	0.0	0	3133	0
779	94	16	0.0	0	3133	0
779	96	8	0.0	0	3133	0
780	8	14	0.0	0	3133	0
780	11	22	0.0	0	3133	0
780	16	16	0.0	0	3133	0
780	16	19	0.0	0	3133	0
780	17	31	0.0	0	3133	0
780	25	15	0.0	0	3133	0
780	48	11	0.0	0	3133	0
780	49	1	0.0	0	3133	0
780	62	17	0.0	0	3133	0
780	70	0	0.0	0	3133	0
780	81	11	0.0	0	3133	0
780	82	15	0.0	0	3133	0
780	86	8	0.0	0	3133	0
780	92	3	0.0	0	3133	0
780	92	10	0.0	0	3133	0
780	97	18	0.0	0	3133	0
780	97	27	0.0	0	3133	0
780	100	1	0.0	0	3133	0
781	10	16	0.0	0	3133	0
781	15	20	0.0	0	3133	0
781	24	16	0.0	0	3133	0
781	30	6	0.0	0	3133	0
781	33	15	0.0	0	3133	0
781	44	0	0.0	0	3133	0
781	44	4	0.0	0	3133	0
781	60	23	0.0	0	3133	0
781	63	11	0.0	0	3133	0
781	68	2	0.0	0	3133	0
781	70	16	0.0	0	3133	0
781	70	26	0.0	0	3133	0
781	77	6	0.0	0	3133	0
781	78	17	0.0	0	3133	0
781	79	22	0.0	0	3133	0
781	85	5	0.0	0	3133	0
781	94	5	0.0	0	3133	0
781	95	30	0.0	0	3133	0
781	95	31	0.0	0	3133	0
781	96	23	0.0	0	3133	0
782	3	29	0.0	0	3133	0
782	5	12	0.0	0	3133	0
782	5	17	0.0	0	3133	0
782	5	28	0.0	0	3133	0
782	6	15	0.0	0	3133	0
782	15	19	0.0	0	3133	0
782	26	22	0.0	0	3133	0
782	30	0	0.0	0	3133	0
782	39	18	0.0	0	3133	0
782	40	11	0.0	0	3133	0
782	45	28	0.0	0	3133	0
782	49	5	0.0	0	3133	0
782	54	17	0.0	0	3133	0
782	57	0	0.0	0	3133	0
782	57	7	0.0	0	3133	0
782	58	2	0.0	0	3133	0
782	59	14	0.0	0	3133	0
782	63	26	0.0	0	3133	0
782	73	13	0.0	0	3133	0
782	74	17	0.0	0	3133	0
782	79	17	0.0	0	3133	0
782	79	27	0.0	0	3133	0
782	80	16	0.0	0	3133	0
782	87	0	0.0	0	3133	0
782	88	2	0.0	0	3133	0
782	96	10	0.0	0	3133	0
782	97	19	0.0	0	3133	0
782	97	21	0.0	0	3133	0
783	0	13	0.0	0	3133	0
783	0	22	0.0	0	3133	0
783	1	5	0.0	0	3133	0
783	1	27	0.0	0	3133	0
783	2	28	0.0	0	3133	0
783	5	12	0.0	0	3133	0
783	6	23	0.0	0	3133	0
783	9	27	0.0	0	3133	0
783	17	11	0.0	0	3133	0
783	17	26	0.0	0	3133	0
783	18	15	0.0	0	3133	0
783	19	24	0.0	0	3133	0
783	23	17	0.0	0	3133	0
783	34	5	0.0	0	3133	0
783	39	7	0.0	0	3133	0
783	42	9	0.0	0	3133	0
783	45	31	0.0	0	3133	0
783	55	10	0.0	0	3133	0
783	58	13	0.0	0	3133	0
783	61	13	0.0	0	3133	0
783	71	9	0.0	0	3133	0
783	72	28	0.0	0	3133	0
783	73	0	0.0	0	3133	0
783	73	6	0.0	0	3133	0
783	79	2	0.0	0	3133	0
783	79	26	0.0	0	3133	0
783	80	27	0.0	0	3133	0
783	82	13	0.0	0	3133	0
783	86	3	0.0	0	3133	0
783	86	10	0.0	0	3133	0
783	93	2	0.0	0	3133	0
783	94	15	0.0	0	3133	0
783	97	24	0.0	0	3133	0
784	0	16	0.0	0	3133	0
784	7	23	0.0	0	3133	0
784	14	13	0.0	0	3133	0
784	24	2	0.0	0	3133	0
784	26	29	0.0	0	3133	0
784	28	2	0.0	0	3133	0
784	39	3	0.0	0	3133	0
784	42	2	0.0	0	3133	0
784	43	0	0.0	0	3133	0
784	45	7	0.0	0	3133	0
784	50	23	0.0	0	3133	0
784	52	24	0.0	0	3133	0
784	54	17	0.0	0	3133	0
784	66	0	0.0	0	3133	0
784	66	9	0.0	0	3133	0
784	67	25	0.0	0	3133	0
784	69	13	0.0	0	3133	0
784	71	7	0.0	0	3133	0
784	71	18	0.0	0	3133	0
784	79	14	0.0	0	3133	0
784	80	17	0.0	0	3133	0
784	81	2	0.0	0	3133	0
784	81	11	0.0	0	3133	0
784	81	28	0.0	0	3133	0
784	84	16	0.0	0	3133	0
784	92	2	0.0	0	3133	0
784	99	19	0.0	0	3133	0
785	4	13	0.0	0	3133	0
785	13	18	0.0	0	3133	0
785	17	29	0.0	0	3133	0
785	34	14	0.0	0	3133	0
785	37	21	0.0	0	3133	0
785	40	21	0.0	0	3133	0
785	42	17	0.0	0	3133	0
785	44	0	0.0	0	3133	0
785	44	17	0.0	0	3133	0
785	45	22	0.0	0	3133	0
785	47	23	0.0	0	3133	0
785	53	7	0.0	0	3133	0
785	54	28	0.0	0	3133	0
785	61	19	0.0	0	3133	0
785	62	8	0.0	0	3133	0
785	88	16	0.0	0	3133	0
785	97	18	0.0	0	3133	0
785	99	4	0.0	0	3133	0
786	13	5	0.0	0	3133	0
786	19	6	0.0	0	3133	0
786	24	21	0.0	0	3133	0
786	39	27	0.0	0	3133	0
786	41	2	0.0	0	3133	0
786	42	5	0.0	0	3133	0
786	57	10	0.0	0	3133	0
786	58	5	0.0	0	3133	0
786	60	4	0.0	0	3133	0
786	60	9	0.0	0	3133	0
786	65	18	0.0	0	3133	0
786	69	15	0.0	0	3133	0
786	73	1	0.0	0	3133	0
786	80	23	0.0	0	3133	0
786	85	28	0.0	0	3133	0
786	87	10	0.0	0	3133	0
786	91	7	0.0	0	3133	0
786	95	31	0.0	0	3133	0
786	99	25	0.0	0	3133	0
787	1	0	0.0	0	3133	0
787	10	16	0.0	0	3133	0
787	13	15	0.0	0	3133	0
787	16	8	0.0	0	3133	0
787	17	7	0.0	0	3133	0
787	17	10	0.0	0	3133	0
787	17	28	0.0	0	3133	0
787	19	4	0.0	0	3133	0
787	21	6	0.0	0	3133	0
787	21	27	0.0	0	3133	0
787	25	10	0.0	0	3133	0
787	25	18	0.0	0	3133	0
787	32	4	0.0	0	3133	0
787	33	10	0.0	0	3133	0
787	40	5	0.0	0	3133	0
787	41	14	0.0	0	3133	0
787	43	12	0.0	0	3133	0
787	53	17	0.0	0	3133	0
787	56	18	0.0	0	3133	0
787	62	13	0.0	0	3133	0
787	67	20	0.0	0	3133	0
787	69	22	0.0	0	3133	0
787	74	29	0.0	0	3133	0
787	78	9	0.0	0	3133	0
787	78	18	0.0	0	3133	0
787	81	0	0.0	0	3133	0
787	82	20	0.0	0	3133	0
787	83	17	0.0	0	3133	0
787	97	0	0.0	0	3133	0
787	97	2	0.0	0	3133	0
788	9	26	0.0	0	3133	0
788	12	31	0.0	0	3133	0
788	15	11	0.0	0	3133	0
788	18	5	0.0	0	3133	0
788	19	23	0.0	0	3133	0
788	24	30	0.0	0	3133	0
788	25	23	0.0	0	3133	0
788	26	10	0.0	0	3133	0
788	34	9	0.0	0	3133	0
788	35	21	0.0	0	3133	0
788	38	23	0.0	0	3133	0
788	39	24	0.0	0	3133	0
788	43	31	0.0	0	3133	0
788	45	24	0.0	0	3133	0
788	48	18	0.0	0	3133	0
788	51	26	0.0	0	3133	0
788	56	28	0.0	0	3133	0
788	60	3	0.0	0	3133	0
788	63	30	0.0	0	3133	0
788	70	26	0.0	0	3133	0
788	72	13	0.0	0	3133	0
788	88	2	0.0	0	3133	0
788	89	15	0.0	0	3133	0
789	4	18	0.0	0	3133	0
789	6	24	0.0	0	3133	0
789	9	3	0.0	0	3133	0
789	13	15	0.0	0	3133	0
789	19	17	0.0	0	3133	0
789	27	5	0.0	0	3133	0
789	30	1	0.0	0	3133	0
789	30	5	0.0	0	3133	0
789	32	31	0.0	0	3133	0
789	41	12	0.0	0	3133	0
789	56	31	0.0	0	3133	0
789	59	20	0.0	0	3133	0
789	66	5	0.0	0	3133	0
789	70	23	0.0	0	3133	0
789	71	8	0.0	0	3133	0
789	71	17	0.0	0	3133	0
789	73	1	0.0	0	3133	0
789	77	4	0.0	0	3133	0
789	79	2	0.0	0	3133	0
789	84	4	0.0	0	3133	0
789	84	13	0.0	0	3133	0
789	88	16	0.0	0	3133	0
789	89	13	0.0	0	3133	0
789	91	1	0.0	0	3133	0
789	91	5	0.0	0	3133	0
789	93	3	0.0	0	3133	0
789	93	8	0.0	0	3133	0
790	3	20	0.0	0	3133	0
790	12	8	0.0	0	3133	0
790	13	28	0.0	0	3133	0
790	14	22	0.0	0	3133	0
790	17	11	0.0	0	3133	0
790	18	11	0.0	0	3133	0
790	25	16	0.0	0	3133	0
790	27	13	0.0	0	3133	0
790	29	2	0.0	0	3133	0
790	39	31	0.0	0	3133	0
790	40	13	0.0	0	3133	0
790	43	29	0.0	0	3133	0
790	52	17	0.0	0	3133	0
790	63	9	0.0	0	3133	0
790	71	2	0.0	0	3133	0
790	72	20	0.0	0	3133	0
790	74	26	0.0	0	3133	0
790	78	12	0.0	0	3133	0
790	84	2	0.0	0	3133	0
790	84	13	0.0	0	3133	0
790	85	14	0.0	0	3133	0
790	93	31	0.0	0	3133	0
790	98	28	0.0	0	3133	0
790	100	13	0.0	0	3133	0
791	0	0	0.0	0	3133	0
791	3	16	0.0	0	3133	0
791	9	8	0.0	0	3133	0
791	10	31	0.0	0	3133	0
791	13	29	0.0	0	3133	0
791	15	6	0.0	0	3133	0
791	39	8	0.0	0	3133	0
791	41	14	0.0	0	3133	0
791	61	31	0.0	0	3133	0
791	64	4	0.0	0	3133	0
791	72	5	0.0	0	3133	0
791	79	3	0.0	0	3133	0
791	80	19	0.0	0	3133	0
791	84	14	0.0	0	3133	0
791	88	10	0.0	0	3133	0
791	88	27	0.0	0	3133	0
791	90	5	0.0	0	3133	0
791	94	1	0.0	0	3133	0
791	94	14	0.0	0	3133	0
791	95	29	0.0	0	3133	0
792	7	9	0.0	0	3133	0
792	9	16	0.0	0	3133	0
792	32	2	0.0	0	3133	0
792	32	21	0.0	0	3133	0
792	33	11	0.0	0	3133	0
792	33	22	0.0	0	3133	0
792	39	13	0.0	0	3133	0
792	40	2	0.0	0	3133	0
792	40	10	0.0	0	3133	0
792	44	0	0.0	0	3133	0
792	44	31	0.0	0	3133	0
792	53	20	0.0	0	3133	0
792	54	7	0.0	0	3133	0
792	56	2	0.0	0	3133	0
792	60	16	0.0	0	3133	0
792	66	3	0.0	0	3133	0
792	69	23	0.0	0	3133	0
792	75	25	0.0	0	3133	0
792	78	29	0.0	0	3133	0
792	79	27	0.0	0	3133	0
792	81	26	0.0	0	3133	0
792	88	26	0.0	0	3133	0
792	95	22	0.0	0	3133	0
792	98	3	0.0	0	3133	0
793	5	27	0.0	0	3133	0
793	6	16	0.0	0	3133	0
793	22	14	0.0	0	3133	0
793	24	23	0.0	0	3133	0
793	28	12	0.0	0	3133	0
793	28	30	0.0	0	3133	0
793	30	1	0.0	0	3133	0
793	38	18	0.0	0	3133	0
793	42	23	0.0	0	3133	0
793	47	24	0.0	0	3133	0
793	50	20	0.0	0	3133	0
793	54	24	0.0	0	3133	0
793	54	27	0.0	0	3133	0
793	60	24	0.0	0	3133	0
793	61	31	0.0	0	3133	0
793	73	27	0.0	0	3133	0
793	76	6	0.0	0	3133	0
793	78	8	0.0	0	3133	0
793	85	9	0.0	0	3133	0
793	90	14	0.0	0	3133	0
793	91	19	0.0	0	3133	0
793	98	11	0.0	0	3133	0
793	100	29	0.0	0	3133	0
794	1	4	0.0	0	3133	0
794	4	5	0.0	0	3133	0
794	5	11	0.0	0	3133	0
794	5	18	0.0	0	3133	0
794	6	3	0.0	0	3133	0
794	10	23	0.0	0	3133	0
794	11	19	0.0	0	3133	0
794	24	30	0.0	0	3133	0
794	26	3	0.0	0	3133	0
794	27	10	0.0	0	3133	0
794	32	8	0.0	0	3133	0
794	35	9	0.0	0	3133	0
794	38	29	0.0	0	3133	0
794	40	12	0.0	0	3133	0
794	46	21	0.0	0	3133	0
794	51	27	0.0	0	3133	0
794	62	25	0.0	0	3133	0
794	74	3	0.0	0	3133	0
794	82	23	0.0	0	3133	0
794	82	27	0.0	0	3133	0
794	83	13	0.0	0	3133	0
794	86	28	0.0	0	3133	0
794	89	12	0.0	0	3133	0
794	92	28	0.0	0	3133	0
794	93	18	0.0	0	3133	0
794	95	13	0.0	0	3133	0
794	100	24	0.0	0	3133	0
795	6	7	0.0	0	3133	0
795	12	1	0.0	0	3133	0
795	15	7	0.0	0	3133	0
795	15	26	0.0	0	3133	0
795	16	15	0.0	0	3133	0
795	32	17	0.0	0	3133	0
795	34	25	0.0	0	3133	0
795	44	27	0.0	0	3133	0
795	47	24	0.0	0	3133	0
795	53	8	0.0	0	3133	0
795	55	29	0.0	0	3133	0
795	56	18	0.0	0	3133	0
795	59	5	0.0	0	3133	0
795	60	31	0.0	0	3133	0
795	73	27	0.0	0	3133	0
795	74	28	0.0	0	3133	0
795	77	28	0.0	0	3133	0
795	78	30	0.0	0	3133	0
795	86	8	0.0	0	3133	0
795	86	16	0.0	0	3133	0
795	95	27	0.0	0	3133	0
795	95	29	0.0	0	3133	0
795	96	7	0.0	0	3133	0
795	97	3	0.0	0	3133	0
796	2	9	0.0	0	3133	0
796	3	10	0.0	0	3133	0
796	4	19	0.0	0	3133	0
796	13	30	0.0	0	3133	0
796	16	9	0.0	0	3133	0
796	16	29	0.0	0	3133	0
796	17	10	0.0	0	3133	0
796	20	5	0.0	0	3133	0
796	25	14	0.0	0	3133	0
796	26	6	0.0	0	3133	0
796	27	29	0.0	0	3133	0
796	28	7	0.0	0	3133	0
796	33	23	0.0	0	3133	0
796	37	14	0.0	0	3133	0
796	39	1	0.0	0	3133	0
796	47	31	0.0	0	3133	0
796	61	11	0.0	0	3133	0
796	61	28	0.0	0	3133	0
796	63	1	0.0	0	3133	0
796	68	7	0.0	0	3133	0
796	68	17	0.0	0	3133	0
796	82	5	0.0	0	3133	0
796	93	25	0.0	0	3133	0
796	96	27	0.0	0	3133	0
796	97	14	0.0	0	3133	0
797	0	1	0.0	0	3133	0
797	3	28	0.0	0	3133	0
797	6	20	0.0	0	3133	0
797	11	21	0.0	0	3133	0
797	12	16	0.0	0	3133	0
797	21	9	0.0	0	3133	0
797	29	5	0.0	0	3133	0
797	31	24	0.0	0	3133	0
797	32	28	0.0	0	3133	0
797	46	13	0.0	0	3133	0
797	49	5	0.0	0	3133	0
797	49	21	0.0	0	3133	0
797	51	22	0.0	0	3133	0
797	52	1	0.0	0	3133	0
797	52	18	0.0	0	3133	0
797	55	0	0.0	0	3133	0
797	56	13	0.0	0	3133	0
797	68	11	0.0	0	3133	0
797	77	0	0.0	0	3133	0
797	84	3	0.0	0	3133	0
797	86	23	0.0	0	3133	0
797	91	18	0.0	0	3133	0
797	97	11	0.0	0	3133	0
797	100	23	0.0	0	3133	0
798	7	1	0.0	0	3133	0
798	9	1	0.0	0	3133	0
798	20	20	0.0	0	3133	0
798	21	7	0.0	0	3133	0
798	23	9	0.0	0	3133	0
798	27	6	0.0	0	3133	0
798	30	12	0.0	0	3133	0
798	46	2	0.0	0	3133	0
798	58	8	0.0	0	3133	0
798	60	8	0.0	0	3133	0
798	68	18	0.0	0	3133	0
798	74	2	0.0	0	3133	0
798	77	2	0.0	0	3133	0
798	81	7	0.0	0	3133	0
798	82	16	0.0	0	3133	0
798	84	14	0.0	0	3133	0
798	85	6	0.0	0	3133	0
798	91	15	0.0	0	3133	0
798	94	14	0.0	0	3133	0
798	100	6	0.0	0	3133	0
799	1	27	0.0	0	3133	0
799	15	8	0.0	0	3133	0
799	21	2	0.0	0	3133	0
799	30	14	0.0	0	3133	0
799	33	11	0.0	0	3133	0
799	34	4	0.0	0	3133	0
799	38	15	0.0	0	3133	0
799	49	11	0.0	0	3133	0
799	57	31	0.0	0	3133	0
799	66	31	0.0	0	3133	0
799	68	25	0.0	0	3133	0
799	79	17	0.0	0	3133	0
799	80	23	0.0	0	3133	0
799	85	28	0.0	0	3133	0
799	86	4	0.0	0	3133	0
799	86	26	0.0	0	3133	0
799	87	14	0.0	0	3133	0
799	90	28	0.0	0	3133	0
799	97	9	0.0	0	3133	0
799	99	9	0.0	0	3133	0
799	100	5	0.0	0	3133	0
800	10	18	0.0	0	3133	0
800	11	19	0.0	0	3133	0
800	14	12	0.0	0	3133	0
800	20	22	0.0	0	3133	0
800	21	0	0.0	0	3133	0
800	22	23	0.0	0	3133	0
800	25	31	0.0	0	3133	0
800	27	21	0.0	0	3133	0
800	27	26	0.0	0	3133	0
800	39	30	0.0	0	3133	0
800	43	16	0.0	0	3133	0
800	45	0	0.0	0	3133	0
800	47	12	0.0	0	3133	0
800	48	21	0.0	0	3133	0
800	49	30	0.0	0	3133	0
800	50	17	0.0	0	3133	0
800	55	2	0.0	0	3133	0
800	60	30	0.0	0	3133	0
800	63	21	0.0	0	3133	0
800	64	7	0.0	0	3133	0
800	65	20	0.0	0	3133	0
800	74	12	0.0	0	3133	0
800	74	18	0.0	0	3133	0
800	74	28	0.0	0	3133	0
800	86	7	0.0	0	3133	0
800	86	15	0.0	0	3133	0
800	98	26	0.0	0	3133	0
801	0	24	0.0	0	3133	0
801	2	15	0.0	0	3133	0
801	2	16	0.0	0	3133	0
801	3	10	0.0	0	3133	0
801	3	24	0.0	0	3133	0
801	6	27	0.0	0	3133	0
801	32	28	0.0	0	3133	0
801	42	6	0.0	0	3133	0
801	51	9	0.0	0	3133	0
801	58	25	0.0	0	3133	0
801	61	8	0.0	0	3133	0
801	69	27	0.0	0	3133	0
801	73	16	0.0	0	3133	0
801	77	12	0.0	0	3133	0
801	78	9	0.0	0	3133	0
801	81	0	0.0	0	3133	0
801	83	7	0.0	0	3133	0
801	83	21	0.0	0	3133	0
801	90	9	0.0	0	3133	0
801	93	13	0.0	0	3133	0
801	93	26	0.0	0	3133	0
801	96	17	0.0	0	3133	0
802	14	20	0.0	0	3133	0
802	16	8	0.0	0	3133	0
802	21	7	0.0	0	3133	0
802	31	9	0.0	0	3133	0
802	32	1	0.0	0	3133	0
802	38	19	0.0	0	3133	0
802	39	4	0.0	0	3133	0
802	45	22	0.0	0	3133	0
802	51	24	0.0	0	3133	0
802	68	9	0.0	0	3133	0
802	68	12	0.0	0	3133	0
802	74	6	0.0	0	3133	0
802	74	26	0.0	0	3133	0
802	79	1	0.0	0	3133	0
802	80	11	0.0	0	3133	0
802	85	26	0.0	0	3133	0
802	88	26	0.0	0	3133	0
802	89	4	0.0	0	3133	0
802	90	11	0.0	0	3133	0
802	95	19	0.0	0	3133	0
802	99	11	0.0	0	3133	0
803	0	3	0.0	0	3133	0
803	0	25	0.0	0	3133	0
803	17	8	0.0	0	3133	0
803	19	10	0.0	0	3133	0
803	28	9	0.0	0	3133	0
803	36	31	0.0	0	3133	0
803	38	3	0.0	0	3133	0
803	38	11	0.0	0	3133	0
803	41	19	0.0	0	3133	0
803	42	14	0.0	0	3133	0
803	42	27	0.0	0	3133	0
803	45	12	0.0	0	3133	0
803	46	1	0.0	0	3133	0
803	63	12	0.0	0	3133	0
803	69	27	0.0	0	3133	0
803	72	10	0.0	0	3133	0
803	72	14	0.0	0	3133	0
803	75	30	0.0	0	3133	0
803	78	24	0.0	0	3133	0
803	83	4	0.0	0	3133	0
803	87	11	0.0	0	3133	0
803	93	18	0.0	0	3133	0
804	0	17	0.0	0	3133	0
804	11	0	0.0	0	3133	0
804	21	8	0.0	0	3133	0
804	22	18	0.0	0	3133	0
804	33	9	0.0	0	3133	0
804	33	18	0.0	0	3133	0
804	33	28	0.0	0	3133	0
804	34	10	0.0	0	3133	0
804	35	31	0.0	0	3133	0
804	38	15	0.0	0	3133	0
804	42	5	0.0	0	3133	0
804	42	19	0.0	0	3133	0
804	50	10	0.0	0	3133	0
804	54	28	0.0	0	3133	0
804	62	1	0.0	0	3133	0
804	62	20	0.0	0	3133	0
804	64	7	0.0	0	3133	0
804	66	9	0.0	0	3133	0
804	67	16	0.0	0	3133	0
804	69	13	0.0	0	3133	0
804	71	18	0.0	0	3133	0
804	80	25	0.0	0	3133	0
804	81	25	0.0	0	3133	0
804	83	8	0.0	0	3133	0
804	86	14	0.0	0	3133	0
804	90	26	0.0	0	3133	0
804	92	22	0.0	0	3133	0
805	1	6	0.0	0	3133	0
805	6	20	0.0	0	3133	0
805	9	3	0.0	0	3133	0
805	14	26	0.0	0	3133	0
805	15	1	0.0	0	3133	0
805	15	15	0.0	0	3133	0
805	16	25	0.0	0	3133	0
805	19	1	0.0	0	3133	0
805	23	24	0.0	0	3133	0
805	24	27	0.0	0	3133	0
805	30	17	0.0	0	3133	0
805	31	3	0.0	0	3133	0
805	36	26	0.0	0	3133	0
805	38	26	0.0	0	3133	0
805	41	17	0.0	0	3133	0
805	44	2	0.0	0	3133	0
805	45	24	0.0	0	3133	0
805	50	2	0.0	0	3133	0
805	62	18	0.0	0	3133	0
805	66	24	0.0	0	3133	0
805	67	10	0.0	0	3133	0
805	70	8	0.0	0	3133	0
805	74	4	0.0	0	3133	0
805	75	14	0.0	0	3133	0
805	78	0	0.0	0	3133	0
805	81	0	0.0	0	3133	0
805	82	21	0.0	0	3133	0
805	86	22	0.0	0	3133	0
805	90	22	0.0	0	3133	0
805	97	27	0.0	0	3133	0
806	2	28	0.0	0	3133	0
806	9	31	0.0	0	3133	0
806	23	19	0.0	0	3133	0
806	25	30	0.0	0	3133	0
806	31	7	0.0	0	3133	0
806	41	23	0.0	0	3133	0
806	43	25	0.0	0	3133	0
806	67	30	0.0	0	3133	0
806	70	27	0.0	0	3133	0
806	78	26	0.0	0	3133	0
806	86	7	0.0	0	3133	0
806	87	12	0.0	0	3133	0
806	88	0	0.0	0	3133	0
806	92	30	0.0	0	3133	0
806	94	22	0.0	0	3133	0
806	100	28	0.0	0	3133	0
807	5	21	0.0	0	3133	0
807	14	5	0.0	0	3133	0
807	26	6	0.0	0	3133	0
807	30	25	0.0	0	3133	0
807	31	13	0.0	0	3133	0
807	33	1	0.0	0	3133	0
807	33	3	0.0	0	3133	0
807	40	0	0.0	0	3133	0
807	41	22	0.0	0	3133	0
807	45	16	0.0	0	3133	0
807	51	4	0.0	0	3133	0
807	70	26	0.0	0	3133	0
807	74	4	0.0	0	3133	0
807	81	1	0.0	0	3133	0
807	89	13	0.0	0	3133	0
807	95	22	0.0	0	3133	0
808	2	7	0.0	0	3133	0
808	6	26	0.0	0	3133	0
808	12	11	0.0	0	3133	0
808	12	27	0.0	0	3133	0
808	15	20	0.0	0	3133	0
808	15	26	0.0	0	3133	0
808	22	1	0.0	0	3133	0
808	22	25	0.0	0	3133	0
808	37	12	0.0	0	3133	0
808	51	24	0.0	0	3133	0
808	53	4	0.0	0	3133	0
808	55	2	0.0	0	3133	0
808	56	23	0.0	0	3133	0
808	62	14	0.0	0	3133	0
808	63	24	0.0	0	3133	0
808	65	11	0.0	0	3133	0
808	66	16	0.0	0	3133	0
808	75	17	0.0	0	3133	0
808	75	31	0.0	0	3133	0
808	78	18	0.0	0	3133	0
808	85	25	0.0	0	3133	0
808	89	1	0.0	0	3133	0
808	89	24	0.0	0	3133	0
808	90	29	0.0	0	3133	0
808	94	24	0.0	0	3133	0
808	94	27	0.0	0	3133	0
808	96	14	0.0	0	3133	0
808	98	9	0.0	0	3133	0
808	99	14	0.0	0	3133	0
808	100	12	0.0	0	3133	0
809	1	25	0.0	0	3133	0
809	4	12	0.0	0	3133	0
809	15	2	0.0	0	3133	0
809	31	21	0.0	0	3133	0
809	33	25	0.0	0	3133	0
809	42	2	0.0	0	3133	0
809	43	18	0.0	0	3133	0
809	44	21	0.0	0	3133	0
809	45	13	0.0	0	3133	0
809	50	1	0.0	0	3133	0
809	57	16	0.0	0	3133	0
809	58	21	0.0	0	3133	0
809	61	7	0.0	0	3133	0
809	64	6	0.0	0	3133	0
809	67	2	0.0	0	3133	0
809	70	24	0.0	0	3133	0
809	72	31	0.0	0	3133	0
809	78	10	0.0	0	3133	0
809	78	11	0.0	0	3133	0
809	79	6	0.0	0	3133	0
809	86	22	0.0	0	3133	0
809	92	17	0.0	0	3133	0
809	99	11	0.0	0	3133	0
810	0	14	0.0	0	3133	0
810	3	31	0.0	0	3133	0
810	4	21	0.0	0	3133	0
810	21	8	0.0	0	3133	0
810	22	14	0.0	0	3133	0
810	26	8	0.0	0	3133	0
810	33	17	0.0	0	3133	0
810	36	23	0.0	0	3133	0
810	40	4	0.0	0	3133	0
810	44	20	0.0	0	3133	0
810	45	4	0.0	0	3133	0
810	47	15	0.0	0	3133	0
810	62	31	0.0	0	3133	0
810	65	16	0.0	0	3133	0
810	67	22	0.0	0	3133	0
810	79	26	0.0	0	3133	0
810	85	20	0.0	0	3133	0
810	91	14	0.0	0	3133	0
810	95	15	0.0	0	3133	0
810	97	17	0.0	0	3133	0
811	1	21	0.0	0	3133	0
811	13	11	0.0	0	3133	0
811	18	23	0.0	0	3133	0
811	19	5	0.0	0	3133	0
811	19	7	0.0	0	3133	0
811	50	27	0.0	0	3133	0
811	60	20	0.0	0	3133	0
811	65	9	0.0	0	3133	0
811	67	28	0.0	0	3133	0
811	71	16	0.0	0	3133	0
811	76	17	0.0	0	3133	0
811	78	23	0.0	0	3133	0
811	80	15	0.0	0	3133	0
811	82	20	0.0	0	3133	0
811	83	20	0.0	0	3133	0
811	95	1	0.0	0	3133	0
811	99	5	0.0	0	3133	0
811	99	21	0.0	0	3133	0
812	6	12	0.0	0	3133	0
812	13	27	0.0	0	3133	0
812	15	7	0.0	0	3133	0
812	15	23	0.0	0	3133	0
812	19	22	0.0	0	3133	0
812	31	18	0.0	0	3133	0
812	31	27	0.0	0	3133	0
812	33	20	0.0	0	3133	0
812	34	27	0.0	0	3133	0
812	56	30	0.0	0	3133	0
812	60	15	0.0	0	3133	0
812	63	25	0.0	0	3133	0
812	65	1	0.0	0	3133	0
812	67	27	0.0	0	3133	0
812	71	7	0.0	0	3133	0
812	72	1	0.0	0	3133	0
812	75	15	0.0	0	3133	0
812	76	27	0.0	0	3133	0
812	79	23	0.0	0	3133	0
812	90	18	0.0	0	3133	0
812	92	16	0.0	0	3133	0
812	96	23	0.0	0	3133	0
812	97	2	0.0	0	3133	0
812	98	4	0.0	0	3133	0
812	98	30	0.0	0	3133	0
812	99	14	0.0	0	3133	0
813	4	5	0.0	0	3133	0
813	6	6	0.0	0	3133	0
813	20	29	0.0	0	3133	0
813	27	28	0.0	0	3133	0
813	34	24	0.0	0	3133	0
813	38	9	0.0	0	3133	0
813	55	0	0.0	0	3133	0
813	60	12	0.0	0	3133	0
813	62	8	0.0	0	3133	0
813	63	14	0.0	0	3133	0
813	63	17	0.0	0	3133	0
813	70	27	0.0	0	3133	0
813	71	12	0.0	0	3133	0
813	82	15	0.0	0	3133	0
813	83	31	0.0	0	3133	0
813	87	1	0.0	0	3133	0
813	88	1	0.0	0	3133	0
813	100	24	0.0	0	3133	0
814	0	20	0.0	0	3133	0
814	2	4	0.0	0	3133	0
814	4	25	0.0	0	3133	0
814	6	18	0.0	0	3133	0
814	31	14	0.0	0	3133	0
814	31	20	0.0	0	3133	0
814	39	18	0.0	0	3133	0
814	42	30	0.0	0	3133	0
814	45	21	0.0	0	3133	0
814	52	27	0.0	0	3133	0
814	56	9	0.0	0	3133	0
814	59	6	0.0	0	3133	0
814	64	17	0.0	0	3133	0
814	67	13	0.0	0	3133	0
814	70	20	0.0	0	3133	0
814	80	31	0.0	0	3133	0
814	85	24	0.0	0	3133	0
814	86	21	0.0	0	3133	0
814	86	30	0.0	0	3133	0
814	88	7	0.0	0	3133	0
814	96	8	0.0	0	3133	0
814	97	3	0.0	0	3133	0
814	99	27	0.0	0	3133	0
814	100	12	0.0	0	3133	0
815	1	29	0.0	0	3133	0
815	2	0	0.0	0	3133	0
815	2	1	0.0	0	3133	0
815	7	4	0.0	0	3133	0
815	7	17	0.0	0	3133	0
815	20	21	0.0	0	3133	0
815	24	6	0.0	0	3133	0
815	26	1	0.0	0	3133	0
815	27	0	0.0	0	3133	0
815	39	25	0.0	0	3133	0
815	53	21	0.0	0	3133	0
815	68	7	0.0	0	3133	0
815	70	8	0.0	0	3133	0
815	76	20	0.0	0	3133	0
815	82	11	0.0	0	3133	0
815	90	25	0.0	0	3133	0
815	97	21	0.0	0	3133	0
816	1	24	0.0	0	3133	0
816	5	13	0.0	0	3133	0
816	13	10	0.0	0	3133	0
816	26	13	0.0	0	3133	0
816	33	17	0.0	0	3133	0
816	34	11	0.0	0	3133	0
816	35	26	0.0	0	3133	0
816	52	6	0.0	0	3133	0
816	69	8	0.0	0	3133	0
816	70	18	0.0	0	3133	0
816	77	28	0.0	0	3133	0
816	86	20	0.0	0	3133	0
816	89	27	0.0	0	3133	0
816	92	28	0.0	0	3133	0
816	94	28	0.0	0	3133	0
816	95	4	0.0	0	3133	0
817	0	29	0.0	0	3133	0
817	11	18	0.0	0	3133	0
817	13	12	0.0	0	3133	0
817	15	12	0.0	0	3133	0
817	16	14	0.0	0	3133	0
817	18	7	0.0	0	3133	0
817	18	22	0.0	0	3133	0
817	23	18	0.0	0	3133	0
817	25	27	0.0	0	3133	0
817	27	9	0.0	0	3133	0
817	28	10	0.0	0	3133	0
817	28	15	0.0	0	3133	0
817	31	8	0.0	0	3133	0
817	31	19	0.0	0	3133	0
817	32	30	0.0	0	3133	0
817	33	16	0.0	0	3133	0
817	42	15	0.0	0	3133	0
817	53	16	0.0	0	3133	0
817	62	11	0.0	0	3133	0
817	68	18	0.0	0	3133	0
817	87	1	0.0	0	3133	0
817	89	1	0.0	0	3133	0
817	95	11	0.0	0	3133	0
818	9	27	0.0	0	3133	0
818	11	0	0.0	0	3133	0
818	15	12	0.0	0	3133	0
818	17	19	0.0	0	3133	0
818	27	10	0.0	0	3133	0
818	31	25	0.0	0	3133	0
818	33	10	0.0	0	3133	0
818	34	31	0.0	0	3133	0
818	48	29	0.0	0	3133	0
818	51	24	0.0	0	3133	0
818	55	29	0.0	0	3133	0
818	57	1	0.0	0	3133	0
818	59	23	0.0	0	3133	0
818	61	12	0.0	0	3133	0
818	63	4	0.0	0	3133	0
818	64	13	0.0	0	3133	0
818	64	27	0.0	0	3133	0
818	66	6	0.0	0	3133	0
818	67	23	0.0	0	3133	0
818	70	27	0.0	0	3133	0
818	70	30	0.0	0	3133	0
818	73	0	0.0	0	3133	0
818	73	20	0.0	0	3133	0
818	80	14	0.0	0	3133	0
818	82	15	0.0	0	3133	0
818	84	29	0.0	0	3133	0
818	86	21	0.0	0	3133	0
818	91	21	0.0	0	3133	0
819	17	3	0.0	0	3133	0
819	22	23	0.0	0	3133	0
819	23	31	0.0	0	3133	0
819	24	14	0.0	0	3133	0
819	35	10	0.0	0	3133	0
819	45	5	0.0	0	3133	0
819	58	31	0.0	0	3133	0
819	59	0	0.0	0	3133	0
819	60	23	0.0	0	3133	0
819	61	19	0.0	0	3133	0
819	62	17	0.0	0	3133	0
819	64	4	0.0	0	3133	0
819	72	1	0.0	0	3133	0
819	84	30	0.0	0	3133	0
819	85	14	0.0	0	3133	0
819	90	24	0.0	0	3133	0
819	91	22	0.0	0	3133	0
819	91	23	0.0	0	3133	0
819	91	31	0.0	0	3133	0
820	2	3	0.0	0	3133	0
820	2	20	0.0	0	3133	0
820	8	7	0.0	0	3133	0
820	11	29	0.0	0	3133	0
820	13	22	0.0	0	3133	0
820	20	26	0.0	0	3133	0
820	26	31	0.0	0	3133	0
820	29	4	0.0	0	3133	0
820	42	8	0.0	0	3133	0
820	42	27	0.0	0	3133	0
820	43	8	0.0	0	3133	0
820	43	14	0.0	0	3133	0
820	50	2	0.0	0	3133	0
820	51	25	0.0	0	3133	0
820	52	28	0.0	0	3133	0
820	52	29	0.0	0	3133	0
820	57	23	0.0	0	3133	0
820	64	25	0.0	0	3133	0
820	66	22	0.0	0	3133	0
820	69	21	0.0	0	3133	0
820	73	21	0.0	0	3133	0
820	80	6	0.0	0	3133	0
820	88	28	0.0	0	3133	0
820	93	15	0.0	0	3133	0
820	96	10	0.0	0	3133	0
820	99	13	0.0	0	3133	0
821	7	18	0.0	0	3133	0
821	8	15	0.0	0	3133	0
821	8	30	0.0	0	3133	0
821	30	4	0.0	0	3133	0
821	35	6	0.0	0	3133	0
821	38	20	0.0	0	3133	0
821	47	24	0.0	0	3133	0
821	48	29	0.0	0	3133	0
821	54	2	0.0	0	3133	0
821	60	8	0.0	0	3133	0
821	60	14	0.0	0	3133	0
821	63	27	0.0	0	3133	0
821	81	12	0.0	0	3133	0
821	85	3	0.0	0	3133	0
821	88	9	0.0	0	3133	0
821	92	15	0.0	0	3133	0
821	93	17	0.0	0	3133	0
821	95	16	0.0	0	3133	0
822	4	28	0.0	0	3133	0
822	7	13	0.0	0	3133	0
822	16	8	0.0	0	3133	0
822	16	18	0.0	0	3133	0
822	21	3	0.0	0	3133	0
822	22	21	0.0	0	3133	0
822	31	15	0.0	0	3133	0
822	37	28	0.0	0	3133	0
822	39	15	0.0	0	3133	0
822	45	26	0.0	0	3133	0
822	47	24	0.0	0	3133	0
822	52	20	0.0	0	3133	0
822	52	31	0.0	0	3133	0
822	53	4	0.0	0	3133	0
822	53	19	0.0	0	3133	0
822	57	17	0.0	0	3133	0
822	61	24	0.0	0	3133	0
822	61	27	0.0	0	3133	0
822	65	0	0.0	0	3133	0
822	66	23	0.0	0	3133	0
822	70	10	0.0	0	3133	0
822	71	14	0.0	0	3133	0
822	75	28	0.0	0	3133	0
822	81	22	0.0	0	3133	0
822	82	22	0.0	0	3133	0
822	98	4	0.0	0	3133	0
822	100	28	0.0	0	3133	0
823	8	21	0.0	0	3133	0
823	9	29	0.0	0	3133	0
823	10	5	0.0	0	3133	0
823	11	27	0.0	0	3133	0
823	14	1	0.0	0	3133	0
823	18	21	0.0	0	3133	0
823	20	12	0.0	0	3133	0
823	26	29	0.0	0	3133	0
823	38	12	0.0	0	3133	0
823	42	10	0.0	0	3133	0
823	46	12	0.0	0	3133	0
823	49	21	0.0	0	3133	0
823	51	2	0.0	0	3133	0
823	51	14	0.0	0	3133	0
823	51	17	0.0	0	3133	0
823	55	24	0.0	0	3133	0
823	55	26	0.0	0	3133	0
823	56	20	0.0	0	3133	0
823	60	10	0.0	0	3133	0
823	75	29	0.0	0	3133	0
823	77	30	0.0	0	3133	0
823	79	28	0.0	0	3133	0
823	83	25	0.0	0	3133	0
823	85	4	0.0	0	3133	0
823	85	7	0.0	0	3133	0
823	86	26	0.0	0	3133	0
823	96	1	0.0	0	3133	0
823	97	22	0.0	0	3133	0
824	1	18	0.0	0	3133	0
824	3	22	0.0	0	3133	0
824	5	26	0.0	0	3133	0
824	6	13	0.0	0	3133	0
824	6	24	0.0	0	3133	0
824	16	26	0.0	0	3133	0
824	21	0	0.0	0	3133	0
824	27	26	0.0	0	3133	0
824	30	19	0.0	0	3133	0
824	33	21	0.0	0	3133	0
824	34	29	0.0	0	3133	0
824	41	7	0.0	0	3133	0
824	42	28	0.0	0	3133	0
824	44	6	0.0	0	3133	0
824	50	11	0.0	0	3133	0
824	51	24	0.0	0	3133	0
824	53	7	0.0	0	3133	0
824	53	11	0.0	0	3133	0
824	60	6	0.0	0	3133	0
824	66	8	0.0	0	3133	0
824	72	14	0.0	0	3133	0
824	72	28	0.0	0	3133	0
824	79	0	0.0	0	3133	0
824	89	23	0.0	0	3133	0
824	94	4	0.0	0	3133	0
824	100	11	0.0	0	3133	0
825	9	29	0.0	0	3133	0
825	12	16	0.0	0	3133	0
825	17	9	0.0	0	3133	0
825	23	25	0.0	0	3133	0
825	31	3	0.0	0	3133	0
825	34	7	0.0	0	3133	0
825	38	7	0.0	0	3133	0
825	40	5	0.0	0	3133	0
825	44	19	0.0	0	3133	0
825	47	9	0.0	0	3133	0
825	59	14	0.0	0	3133	0
825	60	22	0.0	0	3133	0
825	65	10	0.0	0	3133	0
825	76	7	0.0	0	3133	0
825	76	22	0.0	0	3133	0
825	86	15	0.0	0	3133	0
825	87	10	0.0	0	3133	0
826	3	9	0.0	0	3133	0
826	3	27	0.0	0	3133	0
826	3	30	0.0	0	3133	0
826	4	12	0.0	0	3133	0
826	14	11	0.0	0	3133	0
826	14	31	0.0	0	3133	0
826	15	18	0.0	0	3133	0
826	23	13	0.0	0	3133	0
826	28	23	0.0	0	3133	0
826	31	22	0.0	0	3133	0
826	39	16	0.0	0	3133	0
826	49	4	0.0	0	3133	0
826	49	31	0.0	0	3133	0
826	62	28	0.0	0	3133	0
826	65	31	0.0	0	3133	0
826	71	22	0.0	0	3133	0
826	74	20	0.0	0	3133	0
826	80	2	0.0	0	3133	0
826	82	6	0.0	0	3133	0
826	88	28	0.0	0	3133	0
826	91	13	0.0	0	3133	0
826	92	20	0.0	0	3133	0
826	94	16	0.0	0	3133	0
826	94	31	0.0	0	3133	0
826	96	18	0.0	0	3133	0
826	97	13	0.0	0	3133	0
827	0	6	0.0	0	3133	0
827	9	17	0.0	0	3133	0
827	9	29	0.0	0	3133	0
827	10	19	0.0	0	3133	0
827	17	26	0.0	0	3133	0
827	29	11	0.0	0	3133	0
827	41	18	0.0	0	3133	0
827	48	1	0.0	0	3133	0
827	50	7	0.0	0	3133	0
827	52	25	0.0	0	3133	0
827	56	31	0.0	0	3133	0
827	61	12	0.0	0	3133	0
827	61	16	0.0	0	3133	0
827	62	22	0.0	0	3133	0
827	67	29	0.0	0	3133	0
827	75	4	0.0	0	3133	0
827	80	7	0.0	0	3133	0
827	86	5	0.0	0	3133	0
827	88	28	0.0	0	3133	0
827	98	24	0.0	0	3133	0
828	3	7	0.0	0	3133	0
828	3	18	0.0	0	3133	0
828	20	20	0.0	0	3133	0
828	21	11	0.0	0	3133	0
828	25	15	0.0	0	3133	0
828	30	20	0.0	0	3133	0
828	32	14	0.0	0	3133	0
828	33	29	0.0	0	3133	0
828	40	6	0.0	0	3133	0
828	41	10	0.0	0	3133	0
828	44	7	0.0	0	3133	0
828	50	2	0.0	0	3133	0
828	63	11	0.0	0	3133	0
828	65	0	0.0	0	3133	0
828	69	19	0.0	0	3133	0
828	86	4	0.0	0	3133	0
829	1	29	0.0	0	3133	0
829	2	0	0.0	0	3133	0
829	5	4	0.0	0	3133	0
829	6	6	0.0	0	3133	0
829	7	14	0.0	0	3133	0
829	8	20	0.0	0	3133	0
829	9	9	0.0	0	3133	0
829	10	30	0.0	0	3133	0
829	11	5	0.0	0	3133	0
829	18	7	0.0	0	3133	0
829	23	18	0.0	0	3133	0
829	29	25	0.0	0	3133	0
829	37	14	0.0	0	3133	0
829	51	0	0.0	0	3133	0
829	51	9	0.0	0	3133	0
829	53	4	0.0	0	3133	0
829	53	31	0.0	0	3133	0
829	58	18	0.0	0	3133	0
829	73	28	0.0	0	3133	0
829	75	21	0.0	0	3133	0
829	78	12	0.0	0	3133	0
829	82	0	0.0	0	3133	0
829	82	31	0.0	0	3133	0
829	88	0	0.0	0	3133	0
829	91	9	0.0	0	3133	0
830	2	10	0.0	0	3133	0
830	2	15	0.0	0	3133	0
830	4	28	0.0	0	3133	0
830	6	13	0.0	0	3133	0
830	8	30	0.0	0	3133	0
830	10	9	0.0	0	3133	0
830	21	24	0.0	0	3133	0
830	31	28	0.0	0	3133	0
830	34	16	0.0	0	3133	0
830	34	18	0.0	0	3133	0
830	38	15	0.0	0	3133	0
830	41	12	0.0	0	3133	0
830	47	0	0.0	0	3133	0
830	47	28	0.0	0	3133	0
830	48	31	0.0	0	3133	0
830	52	20	0.0	0	3133	0
830	54	3	0.0	0	3133	0
830	70	5	0.0	0	3133	0
830	70	17	0.0	0	3133	0
830	73	31	0.0	0	3133	0
830	75	10	0.0	0	3133	0
830	79	11	0.0	0	3133	0
830	96	0	0.0	0	3133	0
831	9	1	0.0	0	3133	0
831	16	17	0.0	0	3133	0
831	17	10	0.0	0	3133	0
831	20	4	0.0	0	3133	0
831	22	6	0.0	0	3133	0
831	23	20	0.0	0	3133	0
831	27	17	0.0	0	3133	0
831	29	23	0.0	0	3133	0
831	37	13	0.0	0	3133	0
831	48	22	0.0	0	3133	0
831	48	29	0.0	0	3133	0
831	51	13	0.0	0	3133	0
831	53	31	0.0	0	3133	0
831	54	31	0.0	0	3133	0
831	63	10	0.0	0	3133	0
831	65	6	0.0	0	3133	0
831	68	31	0.0	0	3133	0
831	71	15	0.0	0	3133	0
831	74	20	0.0	0	3133	0
831	78	1	0.0	0	3133	0
831	78	21	0.0	0	3133	0
831	82	6	0.0	0	3133	0
831	83	3	0.0	0	3133	0
831	93	28	0.0	0	3133	0
831	97	11	0.0	0	3133	0
831	97	30	0.0	0	3133	0
831	99	8	0.0	0	3133	0
832	3	2	0.0	0	3133	0
832	5	11	0.0	0	3133	0
832	6	14	0.0	0	3133	0
832	10	4	0.0	0	3133	0
832	10	12	0.0	0	3133	0
832	11	19	0.0	0	3133	0
832	11	25	0.0	0	3133	0
832	13	14	0.0	0	3133	0
832	20	7	0.0	0	3133	0
832	28	18	0.0	0	3133	0
832	30	8	0.0	0	3133	0
832	34	24	0.0	0	3133	0
832	38	7	0.0	0	3133	0
832	38	20	0.0	0	3133	0
832	50	19	0.0	0	3133	0
832	52	26	0.0	0	3133	0
832	56	13	0.0	0	3133	0
832	66	9	0.0	0	3133	0
832	71	20	0.0	0	3133	0
832	72	17	0.0	0	3133	0
832	88	24	0.0	0	3133	0
832	97	5	0.0	0	3133	0
832	100	0	0.0	0	3133	0
832	100	16	0.0	0	3133	0
833	12	31	0.0	0	3133	0
833	22	0	0.0	0	3133	0
833	25	29	0.0	0	3133	0
833	26	17	0.0	0	3133	0
833	28	25	0.0	0	3133	0
833	29	20	0.0	0	3133	0
833	31	25	0.0	0	3133	0
833	40	29	0.0	0	3133	0
833	41	18	0.0	0	3133	0
833	41	29	0.0	0	3133	0
833	43	1	0.0	0	3133	0
833	49	10	0.0	0	3133	0
833	51	31	0.0	0	3133	0
833	55	9	0.0	0	3133	0
833	60	21	0.0	0	3133	0
833	65	29	0.0	0	3133	0
833	67	10	0.0	0	3133	0
833	68	24	0.0	0	3133	0
833	73	16	0.0	0	3133	0
833	73	31	0.0	0	3133	0
833	75	3	0.0	0	3133	0
833	78	30	0.0	0	3133	0
833	84	21	0.0	0	3133	0
833	85	15	0.0	0	3133	0
833	99	5	0.0	0	3133	0
834	0	4	0.0	0	3133	0
834	4	15	0.0	0	3133	0
834	6	22	0.0	0	3133	0
834	11	28	0.0	0	3133	0
834	12	10	0.0	0	3133	0
834	16	23	0.0	0	3133	0
834	20	30	0.0	0	3133	0
834	22	15	0.0	0	3133	0
834	32	3	0.0	0	3133	0
834	45	29	0.0	0	3133	0
834	46	12	0.0	0	3133	0
834	50	27	0.0	0	3133	0
834	53	16	0.0	0	3133	0
834	59	13	0.0	0	3133	0
834	63	19	0.0	0	3133	0
834	71	23	0.0	0	3133	0
834	76	11	0.0	0	3133	0
834	79	25	0.0	0	3133	0
834	91	7	0.0	0	3133	0
834	94	28	0.0	0	3133	0
835	9	22	0.0	0	3133	0
835	15	3	0.0	0	3133	0
835	18	7	0.0	0	3133	0
835	19	17	0.0	0	3133	0
835	19	18	0.0	0	3133	0
835	20	21	0.0	0	3133	0
835	27	23	0.0	0	3133	0
835	35	0	0.0	0	3133	0
835	36	24	0.0	0	3133	0
835	37	27	0.0	0	3133	0
835	39	2	0.0	0	3133	0
835	57	0	0.0	0	3133	0
835	63	0	0.0	0	3133	0
835	64	2	0.0	0	3133	0
835	64	12	0.0	0	3133	0
835	67	28	0.0	0	3133	0
835	71	26	0.0	0	3133	0
835	81	31	0.0	0	3133	0
835	88	3	0.0	0	3133	0
836	1	17	0.0	0	3133	0
836	3	6	0.0	0	3133	0
836	3	23	0.0	0	3133	0
836	13	10	0.0	0	3133	0
836	15	28	0.0	0	3133	0
836	21	13	0.0	0	3133	0
836	21	22	0.0	0	3133	0
836	25	14	0.0	0	3133	0
836	34	13	0.0	0	3133	0
836	34	15	0.0	0	3133	0
836	34	21	0.0	0	3133	0
836	35	3	0.0	0	3133	0
836	40	26	0.0	0	3133	0
836	51	2	0.0	0	3133	0
836	52	10	0.0	0	3133	0
836	56	22	0.0	0	3133	0
836	63	14	0.0	0	3133	0
836	63	16	0.0	0	3133	0
836	64	25	0.0	0	3133	0
836	65	15	0.0	0	3133	0
836	67	2	0.0	0	3133	0
836	69	2	0.0	0	3133	0
836	71	17	0.0	0	3133	0
836	73	11	0.0	0	3133	0
836	74	13	0.0	0	3133	0
836	79	20	0.0	0	3133	0
836	80	8	0.0	0	3133	0
836	81	6	0.0	0	3133	0
836	84	18	0.0	0	3133	0
836	85	13	0.0	0	3133	0
836	97	4	0.0	0	3133	0
836	98	10	0.0	0	3133	0
836	98	11	0.0	0	3133	0
836	99	1	0.0	0	3133	0
837	1	13	0.0	0	3133	0
837	1	31	0.0	0	3133	0
837	15	3	0.0	0	3133	0
837	16	7	0.0	0	3133	0
837	18	22	0.0	0	3133	0
837	24	28	0.0	0	3133	0
837	25	15	0.0	0	3133	0
837	32	12	0.0	0	3133	0
837	32	22	0.0	0	3133	0
837	36	6	0.0	0	3133	0
837	37	9	0.0	0	3133	0
837	46	19	0.0	0	3133	0
837	50	1	0.0	0	3133	0
837	57	8	0.0	0	3133	0
837	57	15	0.0	0	3133	0
837	57	24	0.0	0	3133	0
837	61	21	0.0	0	3133	0
837	69	13	0.0	0	3133	0
837	69	31	0.0	0	3133	0
837	72	21	0.0	0	3133	0
837	76	7	0.0	0	3133	0
837	90	3	0.0	0	3133	0
837	97	13	0.0	0	3133	0
838	0	14	0.0	0	3133	0
838	14	3	0.0	0	3133	0
838	19	4	0.0	0	3133	0
838	21	13	0.0	0	3133	0
838	25	17	0.0	0	3133	0
838	29	19	0.0	0	3133	0
838	34	19	0.0	0	3133	0
838	38	11	0.0	0	3133	0
838	47	13	0.0	0	3133	0
838	62	22	0.0	0	3133	0
838	72	13	0.0	0	3133	0
838	78	20	0.0	0	3133	0
838	83	7	0.0	0	3133	0
838	84	17	0.0	0	3133	0
838	87	0	0.0	0	3133	0
838	88	12	0.0	0	3133	0
838	95	20	0.0	0	3133	0
839	3	28	0.0	0	3133	0
839	4	29	0.0	0	3133	0
839	16	13	0.0	0	3133	0
839	20	27	0.0	0	3133	0
839	21	2	0.0	0	3133	0
839	21	11	0.0	0	3133	0
839	24	1	0.0	0	3133	0
839	26	21	0.0	0	3133	0
839	40	23	0.0	0	3133	0
839	43	27	0.0	0	3133	0
839	45	15	0.0	0	3133	0
839	49	5	0.0	0	3133	0
839	56	31	0.0	0	3133	0
839	58	5	0.0	0	3133	0
839	64	11	0.0	0	3133	0
839	64	12	0.0	0	3133	0
839	69	30	0.0	0	3133	0
839	71	9	0.0	0	3133	0
839	72	19	0.0	0	3133	0
839	75	29	0.0	0	3133	0
839	80	6	0.0	0	3133	0
839	80	30	0.0	0	3133	0
839	88	11	0.0	0	3133	0
839	91	21	0.0	0	3133	0
839	91	30	0.0	0	3133	0
839	96	4	0.0	0	3133	0
840	3	20	0.0	0	3133	0
840	4	20	0.0	0	3133	0
840	6	7	0.0	0	3133	0
840	8	31	0.0	0	3133	0
840	22	7	0.0	0	3133	0
840	25	26	0.0	0	3133	0
840	26	3	0.0	0	3133	0
840	31	28	0.0	0	3133	0
840	32	11	0.0	0	3133	0
840	37	12	0.0	0	3133	0
840	42	7	0.0	0	3133	0
840	51	25	0.0	0	3133	0
840	55	16	0.0	0	3133	0
840	55	19	0.0	0	3133	0
840	66	9	0.0	0	3133	0
840	68	12	0.0	0	3133	0
840	77	17	0.0	0	3133	0
840	82	23	0.0	0	3133	0
840	91	7	0.0	0	3133	0
840	97	9	0.0	0	3133	0
841	3	9	0.0	0	3133	0
841	4	5	0.0	0	3133	0
841	7	16	0.0	0	3133	0
841	20	2	0.0	0	3133	0
841	23	22	0.0	0	3133	0
841	26	12	0.0	0	3133	0
841	32	22	0.0	0	3133	0
841	35	14	0.0	0	3133	0
841	40	29	0.0	0	3133	0
841	68	19	0.0	0	3133	0
841	70	4	0.0	0	3133	0
841	75	15	0.0	0	3133	0
841	76	18	0.0	0	3133	0
841	89	7	0.0	0	3133	0
841	90	7	0.0	0	3133	0
841	97	29	0.0	0	3133	0
842	2	29	0.0	0	3133	0
842	7	5	0.0	0	3133	0
842	20	12	0.0	0	3133	0
842	20	31	0.0	0	3133	0
842	21	20	0.0	0	3133	0
842	31	0	0.0	0	3133	0
842	34	21	0.0	0	3133	0
842	36	22	0.0	0	3133	0
842	41	3	0.0	0	3133	0
842	49	18	0.0	0	3133	0
842	69	20	0.0	0	3133	0
842	79	11	0.0	0	3133	0
842	79	17	0.0	0	3133	0
842	87	13	0.0	0	3133	0
842	93	1	0.0	0	3133	0
842	98	21	0.0	0	3133	0
843	1	31	0.0	0	3133	0
843	2	30	0.0	0	3133	0
843	7	27	0.0	0	3133	0
843	12	29	0.0	0	3133	0
843	26	3	0.0	0	3133	0
843	28	2	0.0	0	3133	0
843	29	27	0.0	0	3133	0
843	30	18	0.0	0	3133	0
843	31	29	0.0	0	3133	0
843	32	0	0.0	0	3133	0
843	33	30	0.0	0	3133	0
843	36	11	0.0	0	3133	0
843	41	5	0.0	0	3133	0
843	45	12	0.0	0	3133	0
843	49	13	0.0	0	3133	0
843	65	6	0.0	0	3133	0
843	79	16	0.0	0	3133	0
843	82	18	0.0	0	3133	0
843	84	2	0.0	0	3133	0
843	91	29	0.0	0	3133	0
843	92	21	0.0	0	3133	0
843	98	29	0.0	0	3133	0
844	3	11	0.0	0	3133	0
844	9	5	0.0	0	3133	0
844	10	0	0.0	0	3133	0
844	11	13	0.0	0	3133	0
844	16	8	0.0	0	3133	0
844	23	22	0.0	0	3133	0
844	25	3	0.0	0	3133	0
844	39	23	0.0	0	3133	0
844	41	30	0.0	0	3133	0
844	51	21	0.0	0	3133	0
844	51	30	0.0	0	3133	0
844	54	3	0.0	0	3133	0
844	67	1	0.0	0	3133	0
844	69	11	0.0	0	3133	0
844	69	24	0.0	0	3133	0
844	73	1	0.0	0	3133	0
844	75	8	0.0	0	3133	0
844	76	9	0.0	0	3133	0
844	81	4	0.0	0	3133	0
844	82	5	0.0	0	3133	0
844	82	27	0.0	0	3133	0
844	83	23	0.0	0	3133	0
844	87	5	0.0	0	3133	0
844	88	7	0.0	0	3133	0
844	89	17	0.0	0	3133	0
844	92	23	0.0	0	3133	0
844	96	5	0.0	0	3133	0
844	99	26	0.0	0	3133	0
844	100	7	0.0	0	3133	0
845	5	17	0.0	0	3133	0
845	7	7	0.0	0	3133	0
845	7	16	0.0	0	3133	0
845	8	1	0.0	0	3133	0
845	10	0	0.0	0	3133	0
845	13	1	0.0	0	3133	0
845	16	4	0.0	0	3133	0
845	18	12	0.0	0	3133	0
845	19	21	0.0	0	3133	0
845	42	31	0.0	0	3133	0
845	53	21	0.0	0	3133	0
845	57	17	0.0	0	3133	0
845	62	18	0.0	0	3133	0
845	62	23	0.0	0	3133	0
845	88	14	0.0	0	3133	0
845	91	8	0.0	0	3133	0
845	95	23	0.0	0	3133	0
846	3	8	0.0	0	3133	0
846	3	30	0.0	0	3133	0
846	6	15	0.0	0	3133	0
846	8	17	0.0	0	3133	0
846	10	23	0.0	0	3133	0
846	28	24	0.0	0	3133	0
846	29	15	0.0	0	3133	0
846	32	26	0.0	0	3133	0
846	37	14	0.0	0	3133	0
846	37	17	0.0	0	3133	0
846	37	26	0.0	0	3133	0
846	39	23	0.0	0	3133	0
846	40	29	0.0	0	3133	0
846	41	5	0.0	0	3133	0
846	42	19	0.0	0	3133	0
846	45	24	0.0	0	3133	0
846	46	28	0.0	0	3133	0
846	53	3	0.0	0	3133	0
846	54	31	0.0	0	3133	0
846	55	4	0.0	0	3133	0
846	60	31	0.0	0	3133	0
846	63	16	0.0	0	3133	0
846	64	14	0.0	0	3133	0
846	69	6	0.0	0	3133	0
846	74	7	0.0	0	3133	0
846	79	27	0.0	0	3133	0
846	82	21	0.0	0	3133	0
846	84	19	0.0	0	3133	0
846	85	7	0.0	0	3133	0
846	86	22	0.0	0	3133	0
846	96	31	0.0	0	3133	0
846	97	31	0.0	0	3133	0
847	10	6	0.0	0	3133	0
847	15	5	0.0	0	3133	0
847	23	1	0.0	0	3133	0
847	24	20	0.0	0	3133	0
847	35	28	0.0	0	3133	0
847	38	1	0.0	0	3133	0
847	41	1	0.0	0	3133	0
847	43	28	0.0	0	3133	0
847	43	30	0.0	0	3133	0
847	45	26	0.0	0	3133	0
847	48	0	0.0	0	3133	0
847	48	2	0.0	0	3133	0
847	53	19	0.0	0	3133	0
847	56	21	0.0	0	3133	0
847	63	6	0.0	0	3133	0
847	73	20	0.0	0	3133	0
847	73	21	0.0	0	3133	0
847	99	3	0.0	0	3133	0
848	0	16	0.0	0	3133	0
848	2	19	0.0	0	3133	0
848	2	20	0.0	0	3133	0
848	5	13	0.0	0	3133	0
848	10	4	0.0	0	3133	0
848	13	0	0.0	0	3133	0
848	14	3	0.0	0	3133	0
848	14	22	0.0	0	3133	0
848	15	11	0.0	0	3133	0
848	18	28	0.0	0	3133	0
848	26	28	0.0	0	3133	0
848	30	20	0.0	0	3133	0
848	32	0	0.0	0	3133	0
848	33	21	0.0	0	3133	0
848	37	23	0.0	0	3133	0
848	46	11	0.0	0	3133	0
848	49	1	0.0	0	3133	0
848	49	8	0.0	0	3133	0
848	53	13	0.0	0	3133	0
848	55	13	0.0	0	3133	0
848	69	15	0.0	0	3133	0
848	77	18	0.0	0	3133	0
848	78	5	0.0	0	3133	0
848	81	0	0.0	0	3133	0
848	81	2	0.0	0	3133	0
848	82	1	0.0	0	3133	0
848	89	10	0.0	0	3133	0
848	94	8	0.0	0	3133	0
848	98	18	0.0	0	3133	0
848	100	10	0.0	0	3133	0
849	0	10	0.0	0	3133	0
849	7	25	0.0	0	3133	0
849	13	6	0.0	0	3133	0
849	14	0	0.0	0	3133	0
849	15	15	0.0	0	3133	0
849	17	24	0.0	0	3133	0
849	20	7	0.0	0	3133	0
849	21	29	0.0	0	3133	0
849	25	7	0.0	0	3133	0
849	27	0	0.0	0	3133	0
849	35	22	0.0	0	3133	0
849	38	23	0.0	0	3133	0
849	40	18	0.0	0	3133	0
849	49	6	0.0	0	3133	0
849	58	29	0.0	0	3133	0
849	61	2	0.0	0	3133	0
849	61	6	0.0	0	3133	0
849	64	5	0.0	0	3133	0
849	81	24	0.0	0	3133	0
849	83	14	0.0	0	3133	0
849	88	9	0.0	0	3133	0
849	90	30	0.0	0	3133	0
849	99	28	0.0	0	3133	0
850	7	25	0.0	0	3133	0
850	13	18	0.0	0	3133	0
850	16	7	0.0	0	3133	0
850	21	28	0.0	0	3133	0
850	22	12	0.0	0	3133	0
850	28	31	0.0	0	3133	0
850	34	6	0.0	0	3133	0
850	41	24	0.0	0	3133	0
850	42	22	0.0	0	3133	0
850	46	9	0.0	0	3133	0
850	48	27	0.0	0	3133	0
850	52	23	0.0	0	3133	0
850	52	28	0.0	0	3133	0
850	53	7	0.0	0	3133	0
850	53	26	0.0	0	3133	0
850	54	9	0.0	0	3133	0
850	54	24	0.0	0	3133	0
850	55	13	0.0	0	3133	0
850	57	4	0.0	0	3133	0
850	57	16	0.0	0	3133	0
850	59	13	0.0	0	3133	0
850	65	0	0.0	0	3133	0
850	66	0	0.0	0	3133	0
850	67	30	0.0	0	3133	0
850	77	23	0.0	0	3133	0
850	78	4	0.0	0	3133	0
850	94	4	0.0	0	3133	0
850	95	1	0.0	0	3133	0
851	2	30	0.0	0	3133	0
851	6	0	0.0	0	3133	0
851	9	28	0.0	0	3133	0
851	12	14	0.0	0	3133	0
851	14	0	0.0	0	3133	0
851	14	25	0.0	0	3133	0
851	16	25	0.0	0	3133	0
851	17	1	0.0	0	3133	0
851	21	21	0.0	0	3133	0
851	32	24	0.0	0	3133	0
851	33	17	0.0	0	3133	0
851	36	14	0.0	0	3133	0
851	40	16	0.0	0	3133	0
851	45	0	0.0	0	3133	0
851	46	2	0.0	0	3133	0
851	50	12	0.0	0	3133	0
851	52	8	0.0	0	3133	0
851	56	15	0.0	0	3133	0
851	58	11	0.0	0	3133	0
851	63	13	0.0	0	3133	0
851	64	22	0.0	0	3133	0
851	75	5	0.0	0	3133	0
851	86	29	0.0	0	3133	0
851	91	13	0.0	0	3133	0
851	92	6	0.0	0	3133	0
851	94	12	0.0	0	3133	0
851	96	17	0.0	0	3133	0
852	3	25	0.0	0	3133	0
852	26	3	0.0	0	3133	0
852	27	10	0.0	0	3133	0
852	33	22	0.0	0	3133	0
852	37	30	0.0	0	3133	0
852	38	15	0.0	0	3133	0
852	38	25	0.0	0	3133	0
852	42	18	0.0	0	3133	0
852	44	20	0.0	0	3133	0
852	53	13	0.0	0	3133	0
852	53	14	0.0	0	3133	0
852	69	8	0.0	0	3133	0
852	73	18	0.0	0	3133	0
852	76	4	0.0	0	3133	0
852	76	26	0.0	0	3133	0
852	85	2	0.0	0	3133	0
852	92	31	0.0	0	3133	0
852	99	1	0.0	0	3133	0
853	1	14	0.0	0	3133	0
853	2	7	0.0	0	3133	0
853	12	11	0.0	0	3133	0
853	16	3	0.0	0	3133	0
853	17	0	0.0	0	3133	0
853	28	4	0.0	0	3133	0
853	31	25	0.0	0	3133	0
853	34	30	0.0	0	3133	0
853	35	16	0.0	0	3133	0
853	43	5	0.0	0	3133	0
853	49	12	0.0	0	3133	0
853	54	3	0.0	0	3133	0
853	57	13	0.0	0	3133	0
853	64	9	0.0	0	3133	0
853	70	3	0.0	0	3133	0
853	73	17	0.0	0	3133	0
853	74	23	0.0	0	3133	0
853	79	23	0.0	0	3133	0
853	84	2	0.0	0	3133	0
854	4	3	0.0	0	3133	0
854	4	17	0.0	0	3133	0
854	7	22	0.0	0	3133	0
854	14	13	0.0	0	3133	0
854	15	26	0.0	0	3133	0
854	18	21	0.0	0	3133	0
854	20	4	0.0	0	3133	0
854	22	25	0.0	0	3133	0
854	31	0	0.0	0	3133	0
854	33	15	0.0	0	3133	0
854	39	22	0.0	0	3133	0
854	43	30	0.0	0	3133	0
854	44	30	0.0	0	3133	0
854	49	28	0.0	0	3133	0
854	51	23	0.0	0	3133	0
854	58	9	0.0	0	3133	0
854	63	6	0.0	0	3133	0
854	65	8	0.0	0	3133	0
854	65	16	0.0	0	3133	0
854	66	25	0.0	0	3133	0
854	75	12	0.0	0	3133	0
854	78	2	0.0	0	3133	0
854	90	29	0.0	0	3133	0
854	94	31	0.0	0	3133	0
855	0	16	0.0	0	3133	0
855	6	17	0.0	0	3133	0
855	6	31	0.0	0	3133	0
855	10	18	0.0	0	3133	0
855	14	28	0.0	0	3133	0
855	19	14	0.0	0	3133	0
855	20	26	0.0	0	3133	0
855	23	29	0.0	0	3133	0
855	24	27	0.0	0	3133	0
855	32	11	0.0	0	3133	0
855	35	4	0.0	0	3133	0
855	37	8	0.0	0	3133	0
855	46	17	0.0	0	3133	0
855	59	15	0.0	0	3133	0
855	59	17	0.0	0	3133	0
855	61	6	0.0	0	3133	0
855	63	16	0.0	0	3133	0
855	76	0	0.0	0	3133	0
855	76	8	0.0	0	3133	0
855	83	16	0.0	0	3133	0
855	90	26	0.0	0	3133	0
855	92	18	0.0	0	3133	0
855	97	0	0.0	0	3133	0
855	98	15	0.0	0	3133	0
855	99	13	0.0	0	3133	0
856	0	2	0.0	0	3133	0
856	0	5	0.0	0	3133	0
856	3	8	0.0	0	3133	0
856	9	17	0.0	0	3133	0
856	17	13	0.0	0	3133	0
856	18	25	0.0	0	3133	0
856	22	7	0.0	0	3133	0
856	23	12	0.0	0	3133	0
856	25	16	0.0	0	3133	0
856	28	25	0.0	0	3133	0
856	29	25	0.0	0	3133	0
856	32	27	0.0	0	3133	0
856	40	23	0.0	0	3133	0
856	43	5	0.0	0	3133	0
856	46	1	0.0	0	3133	0
856	49	14	0.0	0	3133	0
856	57	3	0.0	0	3133	0
856	60	2	0.0	0	3133	0
856	64	23	0.0	0	3133	0
856	67	29	0.0	0	3133	0
856	69	3	0.0	0	3133	0
856	73	15	0.0	0	3133	0
856	75	19	0.0	0	3133	0
856	84	20	0.0	0	3133	0
856	84	22	0.0	0	3133	0
856	86	3	0.0	0	3133	0
856	95	26	0.0	0	3133	0
857	1	14	0.0	0	3133	0
857	19	0	0.0	0	3133	0
857	20	11	0.0	0	3133	0
857	22	1	0.0	0	3133	0
857	23	21	0.0	0	3133	0
857	25	31	0.0	0	3133	0
857	35	24	0.0	0	3133	0
857	41	25	0.0	0	3133	0
857	42	17	0.0	0	3133	0
857	50	11	0.0	0	3133	0
857	68	6	0.0	0	3133	0
857	69	29	0.0	0	3133	0
857	70	2	0.0	0	3133	0
857	76	9	0.0	0	3133	0
857	79	0	0.0	0	3133	0
857	89	25	0.0	0	3133	0
857	91	6	0.0	0	3133	0
857	91	8	0.0	0	3133	0
858	1	30	0.0	0	3133	0
858	5	19	0.0	0	3133	0
858	7	31	0.0	0	3133	0
858	19	17	0.0	0	3133	0
858	25	5	0.0	0	3133	0
858	34	12	0.0	0	3133	0
858	36	22	0.0	0	3133	0
858	37	20	0.0	0	3133	0
858	59	9	0.0	0	3133	0
858	68	12	0.0	0	3133	0
858	69	17	0.0	0	3133	0
858	75	0	0.0	0	3133	0
858	79	27	0.0	0	3133	0
858	86	0	0.0	0	3133	0
858	91	31	0.0	0	3133	0
859	1	31	0.0	0	3133	0
859	5	10	0.0	0	3133	0
859	7	5	0.0	0	3133	0
859	7	23	0.0	0	3133	0
859	19	23	0.0	0	3133	0
859	20	7	0.0	0	3133	0
859	20	19	0.0	0	3133	0
859	25	8	0.0	0	3133	0
859	25	15	0.0	0	3133	0
859	31	3	0.0	0	3133	0
859	32	0	0.0	0	3133	0
859	33	4	0.0	0	3133	0
859	42	26	0.0	0	3133	0
859	44	15	0.0	0	3133	0
859	54	6	0.0	0	3133	0
859	57	11	0.0	0	3133	0
859	57	16	0.0	0	3133	0
859	57	28	0.0	0	3133	0
859	64	31	0.0	0	3133	0
859	77	27	0.0	0	3133	0
859	79	1	0.0	0	3133	0
859	80	11	0.0	0	3133	0
860	1	19	0.0	0	3133	0
860	2	27	0.0	0	3133	0
860	6	4	0.0	0	3133	0
860	12	22	0.0	0	3133	0
860	16	8	0.0	0	3133	0
860	24	2	0.0	0	3133	0
860	37	21	0.0	0	3133	0
860	39	15	0.0	0	3133	0
860	39	29	0.0	0	3133	0
860	43	10	0.0	0	3133	0
860	46	11	0.0	0	3133	0
860	47	29	0.0	0	3133	0
860	49	29	0.0	0	3133	0
860	50	26	0.0	0	3133	0
860	51	9	0.0	0	3133	0
860	54	24	0.0	0	3133	0
860	56	17	0.0	0	3133	0
860	62	18	0.0	0	3133	0
860	67	9	0.0	0	3133	0
860	69	6	0.0	0	3133	0
860	69	9	0.0	0	3133	0
860	69	15	0.0	0	3133	0
860	72	24	0.0	0	3133	0
860	74	2	0.0	0	3133	0
860	76	25	0.0	0	3133	0
860	90	13	0.0	0	3133	0
860	92	21	0.0	0	3133	0
860	94	12	0.0	0	3133	0
860	96	22	0.0	0	3133	0
861	8	8	0.0	0	3133	0
861	10	14	0.0	0	3133	0
861	17	4	0.0	0	3133	0
861	25	26	0.0	0	3133	0
861	28	2	0.0	0	3133	0
861	32	10	0.0	0	3133	0
861	48	22	0.0	0	3133	0
861	52	21	0.0	0	3133	0
861	53	13	0.0	0	3133	0
861	55	31	0.0	0	3133	0
861	56	25	0.0	0	3133	0
861	58	5	0.0	0	3133	0
861	60	22	0.0	0	3133	0
861	77	1	0.0	0	3133	0
861	77	5	0.0	0	3133	0
861	80	30	0.0	0	3133	0
861	81	17	0.0	0	3133	0
861	88	18	0.0	0	3133	0
861	95	12	0.0	0	3133	0
861	99	27	0.0	0	3133	0
862	2	12	0.0	0	3133	0
862	10	4	0.0	0	3133	0
862	13	9	0.0	0	3133	0
862	17	9	0.0	0	3133	0
862	28	20	0.0	0	3133	0
862	29	7	0.0	0	3133	0
862	31	21	0.0	0	3133	0
862	33	7	0.0	0	3133	0
862	44	27	0.0	0	3133	0
862	48	19	0.0	0	3133	0
862	52	20	0.0	0	3133	0
862	54	1	0.0	0	3133	0
862	54	15	0.0	0	3133	0
862	54	16	0.0	0	3133	0
862	54	27	0.0	0	3133	0
862	56	13	0.0	0	3133	0
862	59	10	0.0	0	3133	0
862	62	17	0.0	0	3133	0
862	62	28	0.0	0	3133	0
862	63	31	0.0	0	3133	0
862	83	12	0.0	0	3133	0
862	87	25	0.0	0	3133	0
862	94	28	0.0	0	3133	0
862	98	5	0.0	0	3133	0
862	99	31	0.0	0	3133	0
863	4	21	0.0	0	3133	0
863	5	5	0.0	0	3133	0
863	10	2	0.0	0	3133	0
863	17	20	0.0	0	3133	0
863	20	2	0.0	0	3133	0
863	22	29	0.0	0	3133	0
863	23	4	0.0	0	3133	0
863	29	14	0.0	0	3133	0
863	30	14	0.0	0	3133	0
863	31	5	0.0	0	3133	0
863	31	21	0.0	0	3133	0
863	41	25	0.0	0	3133	0
863	50	2	0.0	0	3133	0
863	50	27	0.0	0	3133	0
863	51	3	0.0	0	3133	0
863	53	29	0.0	0	3133	0
863	54	10	0.0	0	3133	0
863	56	11	0.0	0	3133	0
863	58	19	0.0	0	3133	0
863	67	30	0.0	0	3133	0
863	74	18	0.0	0	3133	0
863	79	15	0.0	0	3133	0
863	79	23	0.0	0	3133	0
863	81	20	0.0	0	3133	0
863	82	22	0.0	0	3133	0
863	82	30	0.0	0	3133	0
864	4	6	0.0	0	3133	0
864	4	30	0.0	0	3133	0
864	10	29	0.0	0	3133	0
864	11	25	0.0	0	3133	0
864	12	6	0.0	0	3133	0
864	15	0	0.0	0	3133	0
864	18	20	0.0	0	3133	0
864	29	2	0.0	0	3133	0
864	37	11	0.0	0	3133	0
864	43	1	0.0	0	3133	0
864	52	9	0.0	0	3133	0
864	56	23	0.0	0	3133	0
864	56	29	0.0	0	3133	0
864	58	27	0.0	0	3133	0
864	59	5	0.0	0	3133	0
864	63	10	0.0	0	3133	0
864	73	22	0.0	0	3133	0
864	76	12	0.0	0	3133	0
864	77	9	0.0	0	3133	0
864	77	25	0.0	0	3133	0
864	89	27	0.0	0	3133	0
864	91	29	0.0	0	3133	0
864	92	30	0.0	0	3133	0
864	94	23	0.0	0	3133	0
864	95	29	0.0	0	3133	0
864	96	0	0.0	0	3133	0
865	5	28	0.0	0	3133	0
865	15	7	0.0	0	3133	0
865	23	0	0.0	0	3133	0
865	25	0	0.0	0	3133	0
865	25	11	0.0	0	3133	0
865	26	24	0.0	0	3133	0
865	33	10	0.0	0	3133	0
865	33	23	0.0	0	3133	0
865	52	23	0.0	0	3133	0
865	54	1	0.0	0	3133	0
865	56	6	0.0	0	3133	0
865	63	28	0.0	0	3133	0
865	64	9	0.0	0	3133	0
865	69	16	0.0	0	3133	0
865	70	18	0.0	0	3133	0
865	70	31	0.0	0	3133	0
865	79	6	0.0	0	3133	0
865	81	23	0.0	0	3133	0
865	85	18	0.0	0	3133	0
865	91	14	0.0	0	3133	0
865	91	30	0.0	0	3133	0
865	92	4	0.0	0	3133	0
865	94	19	0.0	0	3133	0
865	97	4	0.0	0	3133	0
866	2	22	0.0	0	3133	0
866	4	0	0.0	0	3133	0
866	12	12	0.0	0	3133	0
866	20	9	0.0	0	3133	0
866	24	16	0.0	0	3133	0
866	28	8	0.0	0	3133	0
866	28	28	0.0	0	3133	0
866	29	6	0.0	0	3133	0
866	33	17	0.0	0	3133	0
866	41	7	0.0	0	3133	0
866	43	5	0.0	0	3133	0
866	45	14	0.0	0	3133	0
866	49	27	0.0	0	3133	0
866	50	6	0.0	0	3133	0
866	54	21	0.0	0	3133	0
866	67	3	0.0	0	3133	0
866	67	29	0.0	0	3133	0
866	68	12	0.0	0	3133	0
866	69	16	0.0	0	3133	0
866	75	0	0.0	0	3133	0
866	80	29	0.0	0	3133	0
866	85	14	0.0	0	3133	0
866	87	8	0.0	0	3133	0
866	88	23	0.0	0	3133	0
866	89	3	0.0	0	3133	0
866	90	18	0.0	0	3133	0
866	90	28	0.0	0	3133	0
866	93	22	0.0	0	3133	0
867	7	19	0.0	0	3133	0
867	8	30	0.0	0	3133	0
867	20	16	0.0	0	3133	0
867	21	3	0.0	0	3133	0
867	21	29	0.0	0	3133	0
867	23	24	0.0	0	3133	0
867	44	13	0.0	0	3133	0
867	53	4	0.0	0	3133	0
867	55	15	0.0	0	3133	0
867	61	15	0.0	0	3133	0
867	64	11	0.0	0	3133	0
867	73	3	0.0	0	3133	0
867	74	4	0.0	0	3133	0
867	83	30	0.0	0	3133	0
867	86	27	0.0	0	3133	0
867	92	5	0.0	0	3133	0
867	93	14	0.0	0	3133	0
868	4	6	0.0	0	3133	0
868	7	23	0.0	0	3133	0
868	8	19	0.0	0	3133	0
868	13	23	0.0	0	3133	0
868	14	0	0.0	0	3133	0
868	14	30	0.0	0	3133	0
868	15	31	0.0	0	3133	0
868	23	16	0.0	0	3133	0
868	23	28	0.0	0	3133	0
868	25	3	0.0	0	3133	0
868	33	18	0.0	0	3133	0
868	44	7	0.0	0	3133	0
868	50	23	0.0	0	3133	0
868	50	26	0.0	0	3133	0
868	53	16	0.0	0	3133	0
868	55	12	0.0	0	3133	0
868	60	0	0.0	0	3133	0
868	60	3	0.0	0	3133	0
868	62	0	0.0	0	3133	0
868	63	25	0.0	0	3133	0
868	67	8	0.0	0	3133	0
868	68	2	0.0	0	3133	0
868	69	1	0.0	0	3133	0
868	80	12	0.0	0	3133	0
868	87	13	0.0	0	3133	0
868	97	9	0.0	0	3133	0
869	5	1	0.0	0	3133	0
869	5	7	0.0	0	3133	0
869	12	25	0.0	0	3133	0
869	12	31	0.0	0	3133	0
869	30	10	0.0	0	3133	0
869	31	15	0.0	0	3133	0
869	32	2	0.0	0	3133	0
869	32	24	0.0	0	3133	0
869	38	6	0.0	0	3133	0
869	42	2	0.0	0	3133	0
869	49	23	0.0	0	3133	0
869	60	7	0.0	0	3133	0
869	64	12	0.0	0	3133	0
869	64	13	0.0	0	3133	0
869	65	26	0.0	0	3133	0
869	67	28	0.0	0	3133	0
869	67	29	0.0	0	3133	0
869	73	1	0.0	0	3133	0
869	77	11	0.0	0	3133	0
870	9	24	0.0	0	3133	0
870	18	23	0.0	0	3133	0
870	18	28	0.0	0	3133	0
870	20	9	0.0	0	3133	0
870	22	24	0.0	0	3133	0
870	32	3	0.0	0	3133	0
870	33	20	0.0	0	3133	0
870	36	7	0.0	0	3133	0
870	41	20	0.0	0	3133	0
870	45	27	0.0	0	3133	0
870	47	1	0.0	0	3133	0
870	58	1	0.0	0	3133	0
870	58	29	0.0	0	3133	0
870	64	0	0.0	0	3133	0
870	64	12	0.0	0	3133	0
870	65	11	0.0	0	3133	0
870	65	22	0.0	0	3133	0
870	65	23	0.0	0	3133	0
870	68	27	0.0	0	3133	0
870	72	29	0.0	0	3133	0
870	75	12	0.0	0	3133	0
870	76	30	0.0	0	3133	0
870	80	29	0.0	0	3133	0
870	85	1	0.0	0	3133	0
870	87	17	0.0	0	3133	0
870	91	9	0.0	0	3133	0
870	93	23	0.0	0	3133	0
870	95	14	0.0	0	3133	0
870	98	3	0.0	0	3133	0
870	99	4	0.0	0	3133	0
870	99	26	0.0	0	3133	0
871	0	19	0.0	0	3133	0
871	12	2	0.0	0	3133	0
871	14	1	0.0	0	3133	0
871	15	17	0.0	0	3133	0
871	16	31	0.0	0	3133	0
871	18	1	0.0	0	3133	0
871	21	4	0.0	0	3133	0
871	21	7	0.0	0	3133	0
871	27	30	0.0	0	3133	0
871	32	28	0.0	0	3133	0
871	36	15	0.0	0	3133	0
871	37	9	0.0	0	3133	0
871	39	19	0.0	0	3133	0
871	46	12	0.0	0	3133	0
871	46	27	0.0	0	3133	0
871	53	15	0.0	0	3133	0
871	58	23	0.0	0	3133	0
871	63	28	0.0	0	3133	0
871	64	18	0.0	0	3133	0
871	65	4	0.0	0	3133	0
871	66	29	0.0	0	3133	0
871	74	17	0.0	0	3133	0
871	75	24	0.0	0	3133	0
871	77	7	0.0	0	3133	0
871	83	10	0.0	0	3133	0
871	84	26	0.0	0	3133	0
871	85	5	0.0	0	3133	0
871	91	2	0.0	0	3133	0
871	95	22	0.0	0	3133	0
871	96	2	0.0	0	3133	0
871	97	7	0.0	0	3133	0
872	1	7	0.0	0	3133	0
872	8	13	0.0	0	3133	0
872	15	21	0.0	0	3133	0
872	17	29	0.0	0	3133	0
872	19	5	0.0	0	3133	0
872	21	15	0.0	0	3133	0
872	21	26	0.0	0	3133	0
872	23	10	0.0	0	3133	0
872	24	29	0.0	0	3133	0
872	31	3	0.0	0	3133	0
872	32	15	0.0	0	3133	0
872	33	12	0.0	0	3133	0
872	36	9	0.0	0	3133	0
872	38	11	0.0	0	3133	0
872	44	7	0.0	0	3133	0
872	50	3	0.0	0	3133	0
872	54	7	0.0	0	3133	0
872	57	0	0.0	0	3133	0
872	57	4	0.0	0	3133	0
872	58	22	0.0	0	3133	0
872	59	14	0.0	0	3133	0
872	61	27	0.0	0	3133	0
872	63	15	0.0	0	3133	0
872	63	22	0.0	0	3133	0
872	63	24	0.0	0	3133	0
872	65	22	0.0	0	3133	0
872	66	29	0.0	0	3133	0
872	68	15	0.0	0	3133	0
872	72	23	0.0	0	3133	0
872	73	23	0.0	0	3133	0
872	76	16	0.0	0	3133	0
872	88	15	0.0	0	3133	0
872	94	18	0.0	0	3133	0
872	100	0	0.0	0	3133	0
873	16	31	0.0	0	3133	0
873	19	26	0.0	0	3133	0
873	32	7	0.0	0	3133	0
873	36	6	0.0	0	3133	0
873	44	19	0.0	0	3133	0
873	45	15	0.0	0	3133	0
873	76	16	0.0	0	3133	0
873	90	14	0.0	0	3133	0
873	90	19	0.0	0	3133	0
873	92	30	0.0	0	3133	0
873	96	29	0.0	0	3133	0
873	99	25	0.0	0	3133	0
874	5	14	0.0	0	3133	0
874	13	6	0.0	0	3133	0
874	13	19	0.0	0	3133	0
874	21	6	0.0	0	3133	0
874	21	11	0.0	0	3133	0
874	41	31	0.0	0	3133	0
874	45	0	0.0	0	3133	0
874	53	5	0.0	0	3133	0
874	56	0	0.0	0	3133	0
874	61	5	0.0	0	3133	0
874	63	4	0.0	0	3133	0
874	63	17	0.0	0	3133	0
874	79	21	0.0	0	3133	0
874	83	8	0.0	0	3133	0
874	86	0	0.0	0	3133	0
874	92	22	0.0	0	3133	0
875	1	18	0.0	0	3133	0
875	13	24	0.0	0	3133	0
875	15	5	0.0	0	3133	0
875	17	17	0.0	0	3133	0
875	19	20	0.0	0	3133	0
875	25	13	0.0	0	3133	0
875	28	6	0.0	0	3133	0
875	30	10	0.0	0	3133	0
875	48	31	0.0	0	3133	0
875	51	14	0.0	0	3133	0
875	51	19	0.0	0	3133	0
875	75	10	0.0	0	3133	0
875	77	18	0.0	0	3133	0
875	80	26	0.0	0	3133	0
875	86	3	0.0	0	3133	0
875	91	2	0.0	0	3133	0
875	97	19	0.0	0	3133	0
875	99	4	0.0	0	3133	0
876	2	2	0.0	0	3133	0
876	6	18	0.0	0	3133	0
876	13	21	0.0	0	3133	0
876	14	7	0.0	0	3133	0
876	16	6	0.0	0	3133	0
876	19	14	0.0	0	3133	0
876	22	11	0.0	0	3133	0
876	22	19	0.0	0	3133	0
876	23	7	0.0	0	3133	0
876	43	3	0.0	0	3133	0
876	48	16	0.0	0	3133	0
876	57	21	0.0	0	3133	0
876	69	17	0.0	0	3133	0
876	76	1	0.0	0	3133	0
876	87	13	0.0	0	3133	0
876	88	28	0.0	0	3133	0
876	89	2	0.0	0	3133	0
876	89	8	0.0	0	3133	0
876	90	13	0.0	0	3133	0
877	1	5	0.0	0	3133	0
877	2	23	0.0	0	3133	0
877	6	23	0.0	0	3133	0
877	8	29	0.0	0	3133	0
877	11	17	0.0	0	3133	0
877	14	7	0.0	0	3133	0
877	14	18	0.0	0	3133	0
877	16	7	0.0	0	3133	0
877	22	17	0.0	0	3133	0
877	22	19	0.0	0	3133	0
877	39	1	0.0	0	3133	0
877	43	0	0.0	0	3133	0
877	48	0	0.0	0	3133	0
877	60	10	0.0	0	3133	0
877	78	31	0.0	0	3133	0
877	81	10	0.0	0	3133	0
877	82	0	0.0	0	3133	0
877	83	5	0.0	0	3133	0
877	84	17	0.0	0	3133	0
877	84	29	0.0	0	3133	0
877	85	9	0.0	0	3133	0
877	87	5	0.0	0	3133	0
877	93	4	0.0	0	3133	0
877	94	16	0.0	0	3133	0
877	99	2	0.0	0	3133	0
877	100	26	0.0	0	3133	0
878	0	16	0.0	0	3133	0
878	3	16	0.0	0	3133	0
878	13	23	0.0	0	3133	0
878	16	17	0.0	0	3133	0
878	20	27	0.0	0	3133	0
878	31	1	0.0	0	3133	0
878	31	4	0.0	0	3133	0
878	33	16	0.0	0	3133	0
878	35	15	0.0	0	3133	0
878	37	9	0.0	0	3133	0
878	39	1	0.0	0	3133	0
878	58	13	0.0	0	3133	0
878	60	20	0.0	0	3133	0
878	71	4	0.0	0	3133	0
878	74	29	0.0	0	3133	0
878	75	0	0.0	0	3133	0
878	75	12	0.0	0	3133	0
878	86	10	0.0	0	3133	0
878	86	17	0.0	0	3133	0
878	86	19	0.0	0	3133	0
878	90	31	0.0	0	3133	0
878	97	25	0.0	0	3133	0
878	97	26	0.0	0	3133	0
879	2	1	0.0	0	3133	0
879	2	11	0.0	0	3133	0
879	20	30	0.0	0	3133	0
879	21	18	0.0	0	3133	0
879	28	9	0.0	0	3133	0
879	48	25	0.0	0	3133	0
879	61	8	0.0	0	3133	0
879	62	30	0.0	0	3133	0
879	73	18	0.0	0	3133	0
879	93	16	0.0	0	3133	0
879	94	17	0.0	0	3133	0
879	96	6	0.0	0	3133	0
880	3	31	0.0	0	3133	0
880	6	11	0.0	0	3133	0
880	8	3	0.0	0	3133	0
880	11	24	0.0	0	3133	0
880	20	30	0.0	0	3133	0
880	30	3	0.0	0	3133	0
880	36	10	0.0	0	3133	0
880	41	30	0.0	0	3133	0
880	43	28	0.0	0	3133	0
880	46	13	0.0	0	3133	0
880	50	18	0.0	0	3133	0
880	52	12	0.0	0	3133	0
880	52	30	0.0	0	3133	0
880	60	1	0.0	0	3133	0
880	64	14	0.0	0	3133	0
880	64	24	0.0	0	3133	0
880	65	27	0.0	0	3133	0
880	68	25	0.0	0	3133	0
880	74	29	0.0	0	3133	0
880	76	23	0.0	0	3133	0
880	78	20	0.0	0	3133	0
880	80	9	0.0	0	3133	0
880	82	24	0.0	0	3133	0
880	86	14	0.0	0	3133	0
880	96	18	0.0	0	3133	0
880	96	19	0.0	0	3133	0
880	97	23	0.0	0	3133	0
880	99	15	0.0	0	3133	0
881	1	24	0.0	0	3133	0
881	2	21	0.0	0	3133	0
881	5	23	0.0	0	3133	0
881	11	17	0.0	0	3133	0
881	12	29	0.0	0	3133	0
881	14	6	0.0	0	3133	0
881	16	0	0.0	0	3133	0
881	23	20	0.0	0	3133	0
881	29	8	0.0	0	3133	0
881	29	30	0.0	0	3133	0
881	31	27	0.0	0	3133	0
881	47	0	0.0	0	3133	0
881	52	14	0.0	0	3133	0
881	57	0	0.0	0	3133	0
881	58	22	0.0	0	3133	0
881	59	12	0.0	0	3133	0
881	61	13	0.0	0	3133	0
881	65	11	0.0	0	3133	0
881	66	9	0.0	0	3133	0
881	67	8	0.0	0	3133	0
881	84	15	0.0	0	3133	0
881	88	11	0.0	0	3133	0
881	92	5	0.0	0	3133	0
881	95	14	0.0	0	3133	0
882	6	4	0.0	0	3133	0
882	9	9	0.0	0	3133	0
882	13	8	0.0	0	3133	0
882	41	2	0.0	0	3133	0
882	41	8	0.0	0	3133	0
882	45	24	0.0	0	3133	0
882	50	18	0.0	0	3133	0
882	70	3	0.0	0	3133	0
882	72	6	0.0	0	3133	0
882	74	24	0.0	0	3133	0
882	79	13	0.0	0	3133	0
882	81	27	0.0	0	3133	0
882	83	7	0.0	0	3133	0
882	86	9	0.0	0	3133	0
882	96	31	0.0	0	3133	0
882	99	7	0.0	0	3133	0
883	6	30	0.0	0	3133	0
883	13	16	0.0	0	3133	0
883	16	25	0.0	0	3133	0
883	17	8	0.0	0	3133	0
883	23	31	0.0	0	3133	0
883	24	31	0.0	0	3133	0
883	27	15	0.0	0	3133	0
883	29	30	0.0	0	3133	0
883	31	26	0.0	0	3133	0
883	36	10	0.0	0	3133	0
883	43	19	0.0	0	3133	0
883	48	5	0.0	0	3133	0
883	52	7	0.0	0	3133	0
883	55	26	0.0	0	3133	0
883	56	16	0.0	0	3133	0
883	57	8	0.0	0	3133	0
883	63	17	0.0	0	3133	0
883	64	24	0.0	0	3133	0
883	70	9	0.0	0	3133	0
883	90	10	0.0	0	3133	0
883	92	23	0.0	0	3133	0
884	6	27	0.0	0	3133	0
884	7	1	0.0	0	3133	0
884	8	29	0.0	0	3133	0
884	11	7	0.0	0	3133	0
884	19	1	0.0	0	3133	0
884	19	6	0.0	0	3133	0
884	22	1	0.0	0	3133	0
884	33	18	0.0	0	3133	0
884	34	26	0.0	0	3133	0
884	39	15	0.0	0	3133	0
884	50	29	0.0	0	3133	0
884	54	0	0.0	0	3133	0
884	54	17	0.0	0	3133	0
884	56	9	0.0	0	3133	0
884	60	18	0.0	0	3133	0
884	62	22	0.0	0	3133	0
884	63	12	0.0	0	3133	0
884	64	0	0.0	0	3133	0
884	64	27	0.0	0	3133	0
884	65	5	0.0	0	3133	0
884	66	11	0.0	0	3133	0
884	76	18	0.0	0	3133	0
884	86	14	0.0	0	3133	0
884	88	8	0.0	0	3133	0
884	91	19	0.0	0	3133	0
884	92	19	0.0	0	3133	0
884	100	13	0.0	0	3133	0
885	18	13	0.0	0	3133	0
885	24	21	0.0	0	3133	0
885	30	21	0.0	0	3133	0
885	34	17	0.0	0	3133	0
885	35	10	0.0	0	3133	0
885	36	5	0.0	0	3133	0
885	49	22	0.0	0	3133	0
885	56	11	0.0	0	3133	0
885	61	30	0.0	0	3133	0
885	68	15	0.0	0	3133	0
885	73	18	0.0	0	3133	0
885	78	0	0.0	0	3133	0
885	80	21	0.0	0	3133	0
885	89	10	0.0	0	3133	0
885	93	14	0.0	0	3133	0
885	95	3	0.0	0	3133	0
886	3	6	0.0	0	3133	0
886	9	18	0.0	0	3133	0
886	15	9	0.0	0	3133	0
886	18	14	0.0	0	3133	0
886	28	11	0.0	0	3133	0
886	28	20	0.0	0	3133	0
886	31	29	0.0	0	3133	0
886	38	12	0.0	0	3133	0
886	47	0	0.0	0	3133	0
886	59	3	0.0	0	3133	0
886	64	16	0.0	0	3133	0
886	70	5	0.0	0	3133	0
886	71	18	0.0	0	3133	0
886	71	22	0.0	0	3133	0
886	73	29	0.0	0	3133	0
886	81	12	0.0	0	3133	0
886	85	13	0.0	0	3133	0
886	93	27	0.0	0	3133	0
886	94	25	0.0	0	3133	0
886	98	27	0.0	0	3133	0
886	100	5	0.0	0	3133	0
887	2	13	0.0	0	3133	0
887	4	19	0.0	0	3133	0
887	5	17	0.0	0	3133	0
887	5	18	0.0	0	3133	0
887	17	31	0.0	0	3133	0
887	24	7	0.0	0	3133	0
887	24	8	0.0	0	3133	0
887	29	14	0.0	0	3133	0
887	31	19	0.0	0	3133	0
887	35	18	0.0	0	3133	0
887	39	31	0.0	0	3133	0
887	41	21	0.0	0	3133	0
887	41	30	0.0	0	3133	0
887	54	25	0.0	0	3133	0
887	55	12	0.0	0	3133	0
887	55	24	0.0	0	3133	0
887	59	21	0.0	0	3133	0
887	68	29	0.0	0	3133	0
887	69	29	0.0	0	3133	0
887	83	8	0.0	0	3133	0
887	87	24	0.0	0	3133	0
887	87	26	0.0	0	3133	0
887	94	15	0.0	0	3133	0
887	95	28	0.0	0	3133	0
887	95	30	0.0	0	3133	0
887	97	7	0.0	0	3133	0
887	99	4	0.0	0	3133	0
888	17	17	0.0	0	3133	0
888	31	6	0.0	0	3133	0
888	35	5	0.0	0	3133	0
888	37	12	0.0	0	3133	0
888	43	18	0.0	0	3133	0
888	46	27	0.0	0	3133	0
888	47	15	0.0	0	3133	0
888	53	1	0.0	0	3133	0
888	53	18	0.0	0	3133	0
888	55	13	0.0	0	3133	0
888	56	5	0.0	0	3133	0
888	57	21	0.0	0	3133	0
888	57	29	0.0	0	3133	0
888	65	2	0.0	0	3133	0
888	70	17	0.0	0	3133	0
888	72	17	0.0	0	3133	0
888	78	19	0.0	0	3133	0
888	88	3	0.0	0	3133	0
888	88	17	0.0	0	3133	0
888	89	16	0.0	0	3133	0
888	94	13	0.0	0	3133	0
888	97	28	0.0	0	3133	0
889	0	9	0.0	0	3133	0
889	10	15	0.0	0	3133	0
889	18	4	0.0	0	3133	0
889	19	5	0.0	0	3133	0
889	19	11	0.0	0	3133	0
889	29	30	0.0	0	3133	0
889	44	6	0.0	0	3133	0
889	46	10	0.0	0	3133	0
889	52	15	0.0	0	3133	0
889	65	27	0.0	0	3133	0
889	71	22	0.0	0	3133	0
889	87	20	0.0	0	3133	0
889	90	2	0.0	0	3133	0
889	90	13	0.0	0	3133	0
889	93	6	0.0	0	3133	0
889	96	8	0.0	0	3133	0
889	96	27	0.0	0	3133	0
889	97	22	0.0	0	3133	0
889	99	5	0.0	0	3133	0
889	99	26	0.0	0	3133	0
890	2	30	0.0	0	3133	0
890	15	4	0.0	0	3133	0
890	16	16	0.0	0	3133	0
890	17	19	0.0	0	3133	0
890	17	26	0.0	0	3133	0
890	25	16	0.0	0	3133	0
890	27	26	0.0	0	3133	0
890	35	1	0.0	0	3133	0
890	36	8	0.0	0	3133	0
890	37	1	0.0	0	3133	0
890	37	9	0.0	0	3133	0
890	38	9	0.0	0	3133	0
890	73	18	0.0	0	3133	0
890	76	11	0.0	0	3133	0
890	77	23	0.0	0	3133	0
890	81	0	0.0	0	3133	0
890	91	14	0.0	0	3133	0
890	94	18	0.0	0	3133	0
891	0	15	0.0	0	3133	0
891	3	19	0.0	0	3133	0
891	3	24	0.0	0	3133	0
891	5	30	0.0	0	3133	0
891	12	8	0.0	0	3133	0
891	15	20	0.0	0	3133	0
891	21	3	0.0	0	3133	0
891	37	29	0.0	0	3133	0
891	39	21	0.0	0	3133	0
891	41	3	0.0	0	3133	0
891	41	16	0.0	0	3133	0
891	53	14	0.0	0	3133	0
891	54	13	0.0	0	3133	0
891	59	18	0.0	0	3133	0
891	63	9	0.0	0	3133	0
891	67	14	0.0	0	3133	0
891	69	23	0.0	0	3133	0
891	73	21	0.0	0	3133	0
891	75	15	0.0	0	3133	0
891	77	11	0.0	0	3133	0
891	79	25	0.0	0	3133	0
891	79	31	0.0	0	3133	0
891	82	8	0.0	0	3133	0
891	85	28	0.0	0	3133	0
891	91	2	0.0	0	3133	0
891	92	9	0.0	0	3133	0
891	96	18	0.0	0	3133	0
892	1	1	0.0	0	3133	0
892	2	29	0.0	0	3133	0
892	10	16	0.0	0	3133	0
892	10	26	0.0	0	3133	0
892	29	14	0.0	0	3133	0
892	31	31	0.0	0	3133	0
892	32	28	0.0	0	3133	0
892	36	30	0.0	0	3133	0
892	45	12	0.0	0	3133	0
892	52	9	0.0	0	3133	0
892	54	10	0.0	0	3133	0
892	54	29	0.0	0	3133	0
892	59	14	0.0	0	3133	0
892	64	27	0.0	0	3133	0
892	69	19	0.0	0	3133	0
892	75	0	0.0	0	3133	0
892	76	16	0.0	0	3133	0
892	77	8	0.0	0	3133	0
892	78	27	0.0	0	3133	0
892	78	29	0.0	0	3133	0
892	78	31	0.0	0	3133	0
892	81	18	0.0	0	3133	0
892	88	12	0.0	0	3133	0
892	95	22	0.0	0	3133	0
892	98	27	0.0	0	3133	0
893	3	26	0.0	0	3133	0
893	17	2	0.0	0	3133	0
893	21	11	0.0	0	3133	0
893	21	17	0.0	0	3133	0
893	24	7	0.0	0	3133	0
893	30	31	0.0	0	3133	0
893	35	25	0.0	0	3133	0
893	44	4	0.0	0	3133	0
893	48	30	0.0	0	3133	0
893	50	14	0.0	0	3133	0
893	53	2	0.0	0	3133	0
893	57	26	0.0	0	3133	0
893	58	1	0.0	0	3133	0
893	59	2	0.0	0	3133	0
893	66	14	0.0	0	3133	0
893	70	14	0.0	0	3133	0
893	72	4	0.0	0	3133	0
893	73	16	0.0	0	3133	0
893	76	22	0.0	0	3133	0
893	81	4	0.0	0	3133	0
893	83	25	0.0	0	3133	0
893	83	26	0.0	0	3133	0
893	91	21	0.0	0	3133	0
893	94	11	0.0	0	3133	0
893	99	3	0.0	0	3133	0
894	3	15	0.0	0	3133	0
894	4	31	0.0	0	3133	0
894	7	28	0.0	0	3133	0
894	9	7	0.0	0	3133	0
894	11	19	0.0	0	3133	0
894	12	18	0.0	0	3133	0
894	19	2	0.0	0	3133	0
894	26	20	0.0	0	3133	0
894	32	7	0.0	0	3133	0
894	37	30	0.0	0	3133	0
894	45	9	0.0	0	3133	0
894	48	18	0.0	0	3133	0
894	48	29	0.0	0	3133	0
894	49	23	0.0	0	3133	0
894	49	31	0.0	0	3133	0
894	57	1	0.0	0	3133	0
894	60	5	0.0	0	3133	0
894	65	19	0.0	0	3133	0
894	77	11	0.0	0	3133	0
894	77	13	0.0	0	3133	0
894	79	31	0.0	0	3133	0
894	88	28	0.0	0	3133	0
894	90	24	0.0	0	3133	0
894	93	8	0.0	0	3133	0
894	93	10	0.0	0	3133	0
894	99	7	0.0	0	3133	0
894	100	23	0.0	0	3133	0
895	1	20	0.0	0	3133	0
895	3	12	0.0	0	3133	0
895	6	28	0.0	0	3133	0
895	10	5	0.0	0	3133	0
895	11	11	0.0	0	3133	0
895	16	1	0.0	0	3133	0
895	18	20	0.0	0	3133	0
895	30	4	0.0	0	3133	0
895	51	16	0.0	0	3133	0
895	72	5	0.0	0	3133	0
895	78	20	0.0	0	3133	0
895	90	18	0.0	0	3133	0
895	92	20	0.0	0	3133	0
895	95	9	0.0	0	3133	0
895	95	13	0.0	0	3133	0
895	97	0	0.0	0	3133	0
895	99	8	0.0	0	3133	0
895	99	27	0.0	0	3133	0
896	0	6	0.0	0	3133	0
896	2	16	0.0	0	3133	0
896	6	10	0.0	0	3133	0
896	12	15	0.0	0	3133	0
896	16	29	0.0	0	3133	0
896	17	12	0.0	0	3133	0
896	27	28	0.0	0	3133	0
896	39	14	0.0	0	3133	0
896	42	7	0.0	0	3133	0
896	47	13	0.0	0	3133	0
896	57	16	0.0	0	3133	0
896	59	8	0.0	0	3133	0
896	72	26	0.0	0	3133	0
896	78	31	0.0	0	3133	0
896	90	18	0.0	0	3133	0
896	92	25	0.0	0	3133	0
897	3	12	0.0	0	3133	0
897	15	13	0.0	0	3133	0
897	15	18	0.0	0	3133	0
897	22	11	0.0	0	3133	0
897	25	11	0.0	0	3133	0
897	25	30	0.0	0	3133	0
897	26	30	0.0	0	3133	0
897	39	14	0.0	0	3133	0
897	45	22	0.0	0	3133	0
897	45	26	0.0	0	3133	0
897	59	6	0.0	0	3133	0
897	61	31	0.0	0	3133	0
897	66	10	0.0	0	3133	0
897	76	1	0.0	0	3133	0
897	86	16	0.0	0	3133	0
897	94	26	0.0	0	3133	0
897	100	8	0.0	0	3133	0
898	1	5	0.0	0	3133	0
898	5	17	0.0	0	3133	0
898	15	21	0.0	0	3133	0
898	17	12	0.0	0	3133	0
898	18	19	0.0	0	3133	0
898	24	6	0.0	0	3133	0
898	27	31	0.0	0	3133	0
898	33	2	0.0	0	3133	0
898	39	1	0.0	0	3133	0
898	39	15	0.0	0	3133	0
898	42	15	0.0	0	3133	0
898	57	15	0.0	0	3133	0
898	60	6	0.0	0	3133	0
898	62	8	0.0	0	3133	0
898	69	1	0.0	0	3133	0
898	72	21	0.0	0	3133	0
898	73	8	0.0	0	3133	0
898	75	16	0.0	0	3133	0
898	76	29	0.0	0	3133	0
898	77	21	0.0	0	3133	0
898	78	12	0.0	0	3133	0
898	81	9	0.0	0	3133	0
898	89	9	0.0	0	3133	0
898	94	25	0.0	0	3133	0
898	97	8	0.0	0	3133	0
899	1	26	0.0	0	3133	0
899	7	14	0.0	0	3133	0
899	18	9	0.0	0	3133	0
899	23	6	0.0	0	3133	0
899	28	29	0.0	0	3133	0
899	42	15	0.0	0	3133	0
899	49	30	0.0	0	3133	0
899	51	21	0.0	0	3133	0
899	56	23	0.0	0	3133	0
899	56	29	0.0	0	3133	0
899	61	5	0.0	0	3133	0
899	64	25	0.0	0	3133	0
899	65	13	0.0	0	3133	0
899	65	30	0.0	0	3133	0
899	72	4	0.0	0	3133	0
899	76	26	0.0	0	3133	0
899	78	23	0.0	0	3133	0
899	90	1	0.0	0	3133	0
899	94	4	0.0	0	3133	0
900	3	2	0.0	0	3133	0
900	6	8	0.0	0	3133	0
900	8	17	0.0	0	3133	0
900	16	20	0.0	0	3133	0
900	19	2	0.0	0	3133	0
900	24	22	0.0	0	3133	0
900	29	10	0.0	0	3133	0
900	30	22	0.0	0	3133	0
900	31	4	0.0	0	3133	0
900	37	1	0.0	0	3133	0
900	40	29	0.0	0	3133	0
900	44	5	0.0	0	3133	0
900	50	26	0.0	0	3133	0
900	51	14	0.0	0	3133	0
900	51	15	0.0	0	3133	0
900	51	24	0.0	0	3133	0
900	51	26	0.0	0	3133	0
900	53	24	0.0	0	3133	0
900	55	28	0.0	0	3133	0
900	56	30	0.0	0	3133	0
900	58	27	0.0	0	3133	0
900	65	26	0.0	0	3133	0
900	68	19	0.0	0	3133	0
900	79	26	0.0	0	3133	0
900	85	7	0.0	0	3133	0
900	87	3	0.0	0	3133	0
900	87	8	0.0	0	3133	0
900	89	24	0.0	0	3133	0
900	90	16	0.0	0	3133	0
900	91	3	0.0	0	3133	0
900	93	29	0.0	0	3133	0
900	94	3	0.0	0	3133	0
900	98	1	0.0	0	3133	0
900	100	17	0.0	0	3133	0
901	3	30	0.0	0	3133	0
901	4	1	0.0	0	3133	0
901	6	2	0.0	0	3133	0
901	11	14	0.0	0	3133	0
901	12	25	0.0	0	3133	0
901	16	3	0.0	0	3133	0
901	38	8	0.0	0	3133	0
901	40	30	0.0	0	3133	0
901	42	18	0.0	0	3133	0
901	48	9	0.0	0	3133	0
901	53	28	0.0	0	3133	0
901	62	30	0.0	0	3133	0
901	68	20	0.0	0	3133	0
901	69	31	0.0	0	3133	0
901	74	29	0.0	0	3133	0
901	75	26	0.0	0	3133	0
901	79	16	0.0	0	3133	0
901	84	20	0.0	0	3133	0
901	88	30	0.0	0	3133	0
901	89	24	0.0	0	3133	0
901	91	10	0.0	0	3133	0
901	91	27	0.0	0	3133	0
901	95	1	0.0	0	3133	0
902	2	24	0.0	0	3133	0
902	4	18	0.0	0	3133	0
902	4	27	0.0	0	3133	0
902	9	21	0.0	0	3133	0
902	12	1	0.0	0	3133	0
902	14	2	0.0	0	3133	0
902	15	1	0.0	0	3133	0
902	21	8	0.0	0	3133	0
902	28	6	0.0	0	3133	0
902	30	17	0.0	0	3133	0
902	32	23	0.0	0	3133	0
902	36	18	0.0	0	3133	0
902	42	26	0.0	0	3133	0
902	54	31	0.0	0	3133	0
902	60	23	0.0	0	3133	0
902	65	18	0.0	0	3133	0
902	74	27	0.0	0	3133	0
902	91	10	0.0	0	3133	0
902	93	7	0.0	0	3133	0
902	94	6	0.0	0	3133	0
902	95	23	0.0	0	3133	0
902	96	9	0.0	0	3133	0
902	97	17	0.0	0	3133	0
903	7	28	0.0	0	3133	0
903	9	10	0.0	0	3133	0
903	18	23	0.0	0	3133	0
903	25	25	0.0	0	3133	0
903	29	2	0.0	0	3133	0
903	35	1	0.0	0	3133	0
903	36	27	0.0	0	3133	0
903	43	7	0.0	0	3133	0
903	43	12	0.0	0	3133	0
903	43	25	0.0	0	3133	0
903	48	10	0.0	0	3133	0
903	55	19	0.0	0	3133	0
903	57	7	0.0	0	3133	0
903	58	29	0.0	0	3133	0
903	59	29	0.0	0	3133	0
903	66	16	0.0	0	3133	0
903	68	27	0.0	0	3133	0
903	77	11	0.0	0	3133	0
903	77	20	0.0	0	3133	0
903	82	7	0.0	0	3133	0
903	82	14	0.0	0	3133	0
903	84	13	0.0	0	3133	0
903	84	31	0.0	0	3133	0
903	91	3	0.0	0	3133	0
903	92	18	0.0	0	3133	0
903	96	29	0.0	0	3133	0
903	97	20	0.0	0	3133	0
903	99	26	0.0	0	3133	0
904	0	14	0.0	0	3133	0
904	2	2	0.0	0	3133	0
904	3	18	0.0	0	3133	0
904	6	20	0.0	0	3133	0
904	8	25	0.0	0	3133	0
904	10	8	0.0	0	3133	0
904	14	8	0.0	0	3133	0
904	17	21	0.0	0	3133	0
904	23	1	0.0	0	3133	0
904	23	20	0.0	0	3133	0
904	32	15	0.0	0	3133	0
904	43	22	0.0	0	3133	0
904	47	23	0.0	0	3133	0
904	48	11	0.0	0	3133	0
904	52	25	0.0	0	3133	0
904	55	4	0.0	0	3133	0
904	58	0	0.0	0	3133	0
904	68	5	0.0	0	3133	0
904	70	3	0.0	0	3133	0
904	82	5	0.0	0	3133	0
904	87	10	0.0	0	3133	0
904	88	5	0.0	0	3133	0
904	93	26	0.0	0	3133	0
904	96	6	0.0	0	3133	0
904	98	10	0.0	0	3133	0
905	0	13	0.0	0	3133	0
905	1	4	0.0	0	3133	0
905	2	5	0.0	0	3133	0
905	5	22	0.0	0	3133	0
905	7	29	0.0	0	3133	0
905	29	7	0.0	0	3133	0
905	35	9	0.0	0	3133	0
905	41	25	0.0	0	3133	0
905	42	10	0.0	0	3133	0
905	49	7	0.0	0	3133	0
905	49	16	0.0	0	3133	0
905	52	16	0.0	0	3133	0
905	55	0	0.0	0	3133	0
905	58	16	0.0	0	3133	0
905	63	8	0.0	0	3133	0
905	64	8	0.0	0	3133	0
905	68	13	0.0	0	3133	0
905	71	2	0.0	0	3133	0
905	76	31	0.0	0	3133	0
905	95	19	0.0	0	3133	0
905	98	5	0.0	0	3133	0
906	2	9	0.0	0	3133	0
906	4	3	0.0	0	3133	0
906	4	26	0.0	0	3133	0
906	6	11	0.0	0	3133	0
906	8	23	0.0	0	3133	0
906	9	8	0.0	0	3133	0
906	9	17	0.0	0	3133	0
906	11	27	0.0	0	3133	0
906	12	15	0.0	0	3133	0
906	13	13	0.0	0	3133	0
906	23	31	0.0	0	3133	0
906	29	16	0.0	0	3133	0
906	36	31	0.0	0	3133	0
906	37	30	0.0	0	3133	0
906	39	24	0.0	0	3133	0
906	42	8	0.0	0	3133	0
906	47	20	0.0	0	3133	0
906	64	10	0.0	0	3133	0
906	75	17	0.0	0	3133	0
906	80	6	0.0	0	3133	0
906	81	16	0.0	0	3133	0
906	83	31	0.0	0	3133	0
906	94	26	0.0	0	3133	0
906	94	31	0.0	0	3133	0
907	0	31	0.0	0	3133	0
907	2	21	0.0	0	3133	0
907	15	25	0.0	0	3133	0
907	17	19	0.0	0	3133	0
907	18	27	0.0	0	3133	0
907	19	30	0.0	0	3133	0
907	33	0	0.0	0	3133	0
907	35	25	0.0	0	3133	0
907	37	2	0.0	0	3133	0
907	40	17	0.0	0	3133	0
907	46	13	0.0	0	3133	0
907	46	30	0.0	0	3133	0
907	48	15	0.0	0	3133	0
907	55	10	0.0	0	3133	0
907	59	15	0.0	0	3133	0
907	63	12	0.0	0	3133	0
907	68	13	0.0	0	3133	0
907	71	1	0.0	0	3133	0
907	71	27	0.0	0	3133	0
907	78	8	0.0	0	3133	0
907	81	20	0.0	0	3133	0
907	82	0	0.0	0	3133	0
907	86	7	0.0	0	3133	0
907	88	29	0.0	0	3133	0
908	18	9	0.0	0	3133	0
908	26	16	0.0	0	3133	0
908	34	1	0.0	0	3133	0
908	35	14	0.0	0	3133	0
908	35	16	0.0	0	3133	0
908	42	21	0.0	0	3133	0
908	43	22	0.0	0	3133	0
908	45	24	0.0	0	3133	0
908	48	15	0.0	0	3133	0
908	53	6	0.0	0	3133	0
908	60	7	0.0	0	3133	0
908	68	25	0.0	0	3133	0
908	78	30	0.0	0	3133	0
908	82	22	0.0	0	3133	0
908	95	20	0.0	0	3133	0
908	97	2	0.0	0	3133	0
908	97	6	0.0	0	3133	0
908	99	19	0.0	0	3133	0
908	100	14	0.0	0	3133	0
909	0	22	0.0	0	3133	0
909	5	1	0.0	0	3133	0
909	5	10	0.0	0	3133	0
909	6	26	0.0	0	3133	0
909	12	22	0.0	0	3133	0
909	16	27	0.0	0	3133	0
909	17	7	0.0	0	3133	0
909	17	29	0.0	0	3133	0
909	18	31	0.0	0	3133	0
909	20	26	0.0	0	3133	0
909	22	26	0.0	0	3133	0
909	26	22	0.0	0	3133	0
909	27	26	0.0	0	3133	0
909	30	1	0.0	0	3133	0
909	30	24	0.0	0	3133	0
909	39	24	0.0	0	3133	0
909	40	9	0.0	0	3133	0
909	43	26	0.0	0	3133	0
909	44	13	0.0	0	3133	0
909	46	0	0.0	0	3133	0
909	61	22	0.0	0	3133	0
909	80	15	0.0	0	3133	0
909	87	31	0.0	0	3133	0
909	96	30	0.0	0	3133	0
910	1	2	0.0	0	3133	0
910	7	8	0.0	0	3133	0
910	9	0	0.0	0	3133	0
910	13	20	0.0	0	3133	0
910	22	5	0.0	0	3133	0
910	26	29	0.0	0	3133	0
910	39	5	0.0	0	3133	0
910	46	6	0.0	0	3133	0
910	57	11	0.0	0	3133	0
910	59	15	0.0	0	3133	0
910	62	26	0.0	0	3133	0
910	64	0	0.0	0	3133	0
910	64	15	0.0	0	3133	0
910	66	31	0.0	0	3133	0
910	67	25	0.0	0	3133	0
910	69	6	0.0	0	3133	0
910	72	15	0.0	0	3133	0
910	74	28	0.0	0	3133	0
910	84	30	0.0	0	3133	0
910	86	26	0.0	0	3133	0
910	87	8	0.0	0	3133	0
910	90	8	0.0	0	3133	0
910	90	16	0.0	0	3133	0
911	1	2	0.0	0	3133	0
911	4	9	0.0	0	3133	0
911	4	13	0.0	0	3133	0
911	14	27	0.0	0	3133	0
911	21	6	0.0	0	3133	0
911	25	27	0.0	0	3133	0
911	36	20	0.0	0	3133	0
911	38	24	0.0	0	3133	0
911	40	25	0.0	0	3133	0
911	41	16	0.0	0	3133	0
911	43	6	0.0	0	3133	0
911	60	7	0.0	0	3133	0
911	64	24	0.0	0	3133	0
911	66	15	0.0	0	3133	0
911	76	9	0.0	0	3133	0
911	77	7	0.0	0	3133	0
911	78	19	0.0	0	3133	0
911	83	29	0.0	0	3133	0
911	86	28	0.0	0	3133	0
911	89	31	0.0	0	3133	0
911	95	30	0.0	0	3133	0
912	7	25	0.0	0	3133	0
912	15	5	0.0	0	3133	0
912	24	18	0.0	0	3133	0
912	31	13	0.0	0	3133	0
912	46	11	0.0	0	3133	0
912	55	6	0.0	0	3133	0
912	59	13	0.0	0	3133	0
912	59	15	0.0	0	3133	0
912	67	4	0.0	0	3133	0
912	68	21	0.0	0	3133	0
912	71	30	0.0	0	3133	0
912	75	26	0.0	0	3133	0
912	78	20	0.0	0	3133	0
912	80	17	0.0	0	3133	0
912	80	20	0.0	0	3133	0
912	80	28	0.0	0	3133	0
912	83	26	0.0	0	3133	0
912	86	16	0.0	0	3133	0
912	94	31	0.0	0	3133	0
913	1	16	0.0	0	3133	0
913	10	5	0.0	0	3133	0
913	12	26	0.0	0	3133	0
913	17	28	0.0	0	3133	0
913	21	21	0.0	0	3133	0
913	27	19	0.0	0	3133	0
913	34	6	0.0	0	3133	0
913	39	26	0.0	0	3133	0
913	40	19	0.0	0	3133	0
913	49	0	0.0	0	3133	0
913	57	28	0.0	0	3133	0
913	63	19	0.0	0	3133	0
913	64	24	0.0	0	3133	0
913	70	9	0.0	0	3133	0
913	71	26	0.0	0	3133	0
913	76	19	0.0	0	3133	0
913	82	22	0.0	0	3133	0
913	83	13	0.0	0	3133	0
913	87	2	0.0	0	3133	0
913	92	30	0.0	0	3133	0
913	94	24	0.0	0	3133	0
913	95	21	0.0	0	3133	0
913	99	22	0.0	0	3133	0
914	2	12	0.0	0	3133	0
914	4	5	0.0	0	3133	0
914	4	17	0.0	0	3133	0
914	6	21	0.0	0	3133	0
914	7	16	0.0	0	3133	0
914	12	25	0.0	0	3133	0
914	13	16	0.0	0	3133	0
914	15	12	0.0	0	3133	0
914	19	4	0.0	0	3133	0
914	25	2	0.0	0	3133	0
914	28	17	0.0	0	3133	0
914	38	1	0.0	0	3133	0
914	40	26	0.0	0	3133	0
914	43	14	0.0	0	3133	0
914	45	24	0.0	0	3133	0
914	51	1	0.0	0	3133	0
914	53	28	0.0	0	3133	0
914	54	4	0.0	0	3133	0
914	70	1	0.0	0	3133	0
914	70	23	0.0	0	3133	0
914	71	4	0.0	0	3133	0
914	72	26	0.0	0	3133	0
914	74	16	0.0	0	3133	0
914	74	26	0.0	0	3133	0
914	77	4	0.0	0	3133	0
914	80	16	0.0	0	3133	0
914	86	23	0.0	0	3133	0
914	87	14	0.0	0	3133	0
914	100	18	0.0	0	3133	0
915	7	0	0.0	0	3133	0
915	7	10	0.0	0	3133	0
915	7	19	0.0	0	3133	0
915	13	29	0.0	0	3133	0
915	22	8	0.0	0	3133	0
915	25	8	0.0	0	3133	0
915	27	18	0.0	0	3133	0
915	28	8	0.0	0	3133	0
915	29	3	0.0	0	3133	0
915	29	20	0.0	0	3133	0
915	43	16	0.0	0	3133	0
915	44	7	0.0	0	3133	0
915	45	15	0.0	0	3133	0
915	69	31	0.0	0	3133	0
915	70	6	0.0	0	3133	0
915	71	9	0.0	0	3133	0
915	73	21	0.0	0	3133	0
915	85	8	0.0	0	3133	0
915	88	3	0.0	0	3133	0
915	90	4	0.0	0	3133	0
915	95	10	0.0	0	3133	0
916	8	6	0.0	0	3133	0
916	8	21	0.0	0	3133	0
916	13	12	0.0	0	3133	0
916	25	24	0.0	0	3133	0
916	30	20	0.0	0	3133	0
916	39	11	0.0	0	3133	0
916	43	20	0.0	0	3133	0
916	45	2	0.0	0	3133	0
916	50	21	0.0	0	3133	0
916	59	26	0.0	0	3133	0
916	61	16	0.0	0	3133	0
916	63	10	0.0	0	3133	0
916	64	20	0.0	0	3133	0
916	67	20	0.0	0	3133	0
916	67	21	0.0	0	3133	0
916	70	22	0.0	0	3133	0
916	74	30	0.0	0	3133	0
916	81	27	0.0	0	3133	0
916	82	11	0.0	0	3133	0
916	83	18	0.0	0	3133	0
916	91	9	0.0	0	3133	0
916	92	23	0.0	0	3133	0
916	93	28	0.0	0	3133	0
916	99	6	0.0	0	3133	0
917	5	5	0.0	0	3133	0
917	7	12	0.0	0	3133	0
917	13	19	0.0	0	3133	0
917	15	21	0.0	0	3133	0
917	16	29	0.0	0	3133	0
917	33	19	0.0	0	3133	0
917	34	0	0.0	0	3133	0
917	37	11	0.0	0	3133	0
917	43	5	0.0	0	3133	0
917	44	29	0.0	0	3133	0
917	45	15	0.0	0	3133	0
917	46	10	0.0	0	3133	0
917	50	10	0.0	0	3133	0
917	62	0	0.0	0	3133	0
917	62	2	0.0	0	3133	0
917	69	23	0.0	0	3133	0
917	71	7	0.0	0	3133	0
917	77	25	0.0	0	3133	0
917	84	20	0.0	0	3133	0
917	84	28	0.0	0	3133	0
917	89	13	0.0	0	3133	0
917	95	27	0.0	0	3133	0
918	0	10	0.0	0	3133	0
918	3	0	0.0	0	3133	0
918	5	12	0.0	0	3133	0
918	9	21	0.0	0	3133	0
918	15	23	0.0	0	3133	0
918	15	28	0.0	0	3133	0
918	16	19	0.0	0	3133	0
918	21	23	0.0	0	3133	0
918	25	3	0.0	0	3133	0
918	25	23	0.0	0	3133	0
918	25	31	0.0	0	3133	0
918	32	8	0.0	0	3133	0
918	36	1	0.0	0	3133	0
918	40	20	0.0	0	3133	0
918	40	24	0.0	0	3133	0
918	42	19	0.0	0	3133	0
918	44	26	0.0	0	3133	0
918	45	29	0.0	0	3133	0
918	69	11	0.0	0	3133	0
918	78	2	0.0	0	3133	0
918	80	27	0.0	0	3133	0
918	84	21	0.0	0	3133	0
918	100	16	0.0	0	3133	0
919	1	31	0.0	0	3133	0
919	6	1	0.0	0	3133	0
919	9	13	0.0	0	3133	0
919	12	21	0.0	0	3133	0
919	14	21	0.0	0	3133	0
919	22	23	0.0	0	3133	0
919	24	22	0.0	0	3133	0
919	36	19	0.0	0	3133	0
919	44	25	0.0	0	3133	0
919	45	9	0.0	0	3133	0
919	52	5	0.0	0	3133	0
919	60	1	0.0	0	3133	0
919	67	4	0.0	0	3133	0
919	83	28	0.0	0	3133	0
919	86	27	0.0	0	3133	0
919	96	15	0.0	0	3133	0
919	96	20	0.0	0	3133	0
919	99	23	0.0	0	3133	0
920	0	5	0.0	0	3133	0
920	14	4	0.0	0	3133	0
920	15	3	0.0	0	3133	0
920	21	6	0.0	0	3133	0
920	21	28	0.0	0	3133	0
920	25	31	0.0	0	3133	0
920	27	6	0.0	0	3133	0
920	29	12	0.0	0	3133	0
920	30	6	0.0	0	3133	0
920	41	20	0.0	0	3133	0
920	46	13	0.0	0	3133	0
920	47	29	0.0	0	3133	0
920	49	31	0.0	0	3133	0
920	52	19	0.0	0	3133	0
920	54	22	0.0	0	3133	0
920	58	26	0.0	0	3133	0
920	60	8	0.0	0	3133	0
920	60	9	0.0	0	3133	0
920	62	22	0.0	0	3133	0
920	63	15	0.0	0	3133	0
920	63	31	0.0	0	3133	0
920	69	16	0.0	0	3133	0
920	72	11	0.0	0	3133	0
920	76	10	0.0	0	3133	0
920	91	24	0.0	0	3133	0
920	95	3	0.0	0	3133	0
920	97	28	0.0	0	3133	0
921	2	12	0.0	0	3133	0
921	2	30	0.0	0	3133	0
921	10	19	0.0	0	3133	0
921	17	26	0.0	0	3133	0
921	23	30	0.0	0	3133	0
921	30	11	0.0	0	3133	0
921	39	11	0.0	0	3133	0
921	40	7	0.0	0	3133	0
921	41	5	0.0	0	3133	0
921	41	8	0.0	0	3133	0
921	46	6	0.0	0	3133	0
921	50	10	0.0	0	3133	0
921	55	27	0.0	0	3133	0
921	56	20	0.0	0	3133	0
921	57	31	0.0	0	3133	0
921	62	24	0.0	0	3133	0
921	63	24	0.0	0	3133	0
921	74	20	0.0	0	3133	0
921	77	3	0.0	0	3133	0
921	78	15	0.0	0	3133	0
921	81	26	0.0	0	3133	0
921	82	3	0.0	0	3133	0
921	88	24	0.0	0	3133	0
921	91	10	0.0	0	3133	0
921	92	13	0.0	0	3133	0
921	96	21	0.0	0	3133	0
921	97	1	0.0	0	3133	0
922	0	18	0.0	0	3133	0
922	8	6	0.0	0	3133	0
922	13	11	0.0	0	3133	0
922	17	4	0.0	0	3133	0
922	19	26	0.0	0	3133	0
922	20	4	0.0	0	3133	0
922	23	12	0.0	0	3133	0
922	35	2	0.0	0	3133	0
922	36	6	0.0	0	3133	0
922	45	12	0.0	0	3133	0
922	50	10	0.0	0	3133	0
922	57	7	0.0	0	3133	0
922	63	21	0.0	0	3133	0
922	67	7	0.0	0	3133	0
922	68	12	0.0	0	3133	0
922	80	13	0.0	0	3133	0
922	82	29	0.0	0	3133	0
922	86	17	0.0	0	3133	0
922	89	22	0.0	0	3133	0
923	0	18	0.0	0	3133	0
923	1	5	0.0	0	3133	0
923	9	0	0.0	0	3133	0
923	25	20	0.0	0	3133	0
923	32	19	0.0	0	3133	0
923	35	4	0.0	0	3133	0
923	36	5	0.0	0	3133	0
923	40	4	0.0	0	3133	0
923	40	14	0.0	0	3133	0
923	42	31	0.0	0	3133	0
923	45	9	0.0	0	3133	0
923	45	26	0.0	0	3133	0
923	56	11	0.0	0	3133	0
923	56	24	0.0	0	3133	0
923	64	18	0.0	0	3133	0
923	74	9	0.0	0	3133	0
923	84	25	0.0	0	3133	0
923	91	13	0.0	0	3133	0
923	93	27	0.0	0	3133	0
924	1	31	0.0	0	3133	0
924	4	22	0.0	0	3133	0
924	11	17	0.0	0	3133	0
924	15	12	0.0	0	3133	0
924	16	14	0.0	0	3133	0
924	18	19	0.0	0	3133	0
924	19	20	0.0	0	3133	0
924	25	15	0.0	0	3133	0
924	29	29	0.0	0	3133	0
924	39	5	0.0	0	3133	0
924	40	5	0.0	0	3133	0
924	43	9	0.0	0	3133	0
924	46	19	0.0	0	3133	0
924	48	3	0.0	0	3133	0
924	51	30	0.0	0	3133	0
924	55	4	0.0	0	3133	0
924	56	21	0.0	0	3133	0
924	74	23	0.0	0	3133	0
924	76	14	0.0	0	3133	0
924	76	26	0.0	0	3133	0
924	80	5	0.0	0	3133	0
924	93	18	0.0	0	3133	0
925	8	3	0.0	0	3133	0
925	11	15	0.0	0	3133	0
925	12	1	0.0	0	3133	0
925	15	14	0.0	0	3133	0
925	16	8	0.0	0	3133	0
925	16	24	0.0	0	3133	0
925	29	5	0.0	0	3133	0
925	29	10	0.0	0	3133	0
925	32	30	0.0	0	3133	0
925	55	16	0.0	0	3133	0
925	57	31	0.0	0	3133	0
925	79	11	0.0	0	3133	0
925	84	15	0.0	0	3133	0
925	89	17	0.0	0	3133	0
926	3	19	0.0	0	3133	0
926	7	22	0.0	0	3133	0
926	16	21	0.0	0	3133	0
926	18	30	0.0	0	3133	0
926	24	3	0.0	0	3133	0
926	32	21	0.0	0	3133	0
926	35	29	0.0	0	3133	0
926	37	23	0.0	0	3133	0
926	42	22	0.0	0	3133	0
926	44	20	0.0	0	3133	0
926	44	22	0.0	0	3133	0
926	54	20	0.0	0	3133	0
926	56	3	0.0	0	3133	0
926	60	31	0.0	0	3133	0
926	68	28	0.0	0	3133	0
926	72	16	0.0	0	3133	0
926	79	7	0.0	0	3133	0
926	81	11	0.0	0	3133	0
926	88	6	0.0	0	3133	0
926	94	30	0.0	0	3133	0
926	96	1	0.0	0	3133	0
926	99	15	0.0	0	3133	0
926	100	4	0.0	0	3133	0
926	100	20	0.0	0	3133	0
927	0	16	0.0	0	3133	0
927	4	24	0.0	0	3133	0
927	9	25	0.0	0	3133	0
927	12	3	0.0	0	3133	0
927	15	0	0.0	0	3133	0
927	16	21	0.0	0	3133	0
927	19	13	0.0	0	3133	0
927	23	21	0.0	0	3133	0
927	32	13	0.0	0	3133	0
927	61	15	0.0	0	3133	0
927	66	22	0.0	0	3133	0
927	71	30	0.0	0	3133	0
927	73	27	0.0	0	3133	0
927	78	9	0.0	0	3133	0
927	80	1	0.0	0	3133	0
927	82	22	0.0	0	3133	0
927	83	24	0.0	0	3133	0
927	84	18	0.0	0	3133	0
927	88	29	0.0	0	3133	0
927	89	18	0.0	0	3133	0
927	96	4	0.0	0	3133	0
927	96	8	0.0	0	3133	0
928	1	31	0.0	0	3133	0
928	14	3	0.0	0	3133	0
928	23	6	0.0	0	3133	0
928	35	5	0.0	0	3133	0
928	37	3	0.0	0	3133	0
928	46	13	0.0	0	3133	0
928	47	14	0.0	0	3133	0
928	58	1	0.0	0	3133	0
928	59	30	0.0	0	3133	0
928	60	4	0.0	0	3133	0
928	68	1	0.0	0	3133	0
928	80	4	0.0	0	3133	0
928	80	25	0.0	0	3133	0
928	81	22	0.0	0	3133	0
928	82	16	0.0	0	3133	0
928	86	28	0.0	0	3133	0
928	95	17	0.0	0	3133	0
928	95	29	0.0	0	3133	0
928	98	5	0.0	0	3133	0
928	99	10	0.0	0	3133	0
929	5	22	0.0	0	3133	0
929	6	3	0.0	0	3133	0
929	11	6	0.0	0	3133	0
929	21	30	0.0	0	3133	0
929	26	19	0.0	0	3133	0
929	28	30	0.0	0	3133	0
929	33	20	0.0	0	3133	0
929	39	20	0.0	0	3133	0
929	55	31	0.0	0	3133	0
929	57	29	0.0	0	3133	0
929	58	0	0.0	0	3133	0
929	58	23	0.0	0	3133	0
929	62	10	0.0	0	3133	0
929	63	0	0.0	0	3133	0
929	64	23	0.0	0	3133	0
929	72	3	0.0	0	3133	0
929	73	27	0.0	0	3133	0
929	76	1	0.0	0	3133	0
929	76	27	0.0	0	3133	0
929	83	19	0.0	0	3133	0
929	91	13	0.0	0	3133	0
929	94	8	0.0	0	3133	0
929	99	1	0.0	0	3133	0
930	4	29	0.0	0	3133	0
930	5	12	0.0	0	3133	0
930	8	25	0.0	0	3133	0
930	11	12	0.0	0	3133	0
930	12	5	0.0	0	3133	0
930	14	12	0.0	0	3133	0
930	16	3	0.0	0	3133	0
930	16	20	0.0	0	3133	0
930	17	9	0.0	0	3133	0
930	17	28	0.0	0	3133	0
930	18	5	0.0	0	3133	0
930	18	19	0.0	0	3133	0
930	27	1	0.0	0	3133	0
930	27	16	0.0	0	3133	0
930	28	5	0.0	0	3133	0
930	30	17	0.0	0	3133	0
930	32	17	0.0	0	3133	0
930	38	19	0.0	0	3133	0
930	42	28	0.0	0	3133	0
930	43	19	0.0	0	3133	0
930	54	31	0.0	0	3133	0
930	56	4	0.0	0	3133	0
930	62	16	0.0	0	3133	0
930	62	25	0.0	0	3133	0
930	65	26	0.0	0	3133	0
930	75	25	0.0	0	3133	0
930	76	0	0.0	0	3133	0
930	77	23	0.0	0	3133	0
930	78	27	0.0	0	3133	0
930	80	28	0.0	0	3133	0
930	82	3	0.0	0	3133	0
930	94	5	0.0	0	3133	0
930	97	29	0.0	0	3133	0
930	99	7	0.0	0	3133	0
931	4	2	0.0	0	3133	0
931	12	1	0.0	0	3133	0
931	13	25	0.0	0	3133	0
931	16	25	0.0	0	3133	0
931	22	27	0.0	0	3133	0
931	23	5	0.0	0	3133	0
931	28	18	0.0	0	3133	0
931	32	15	0.0	0	3133	0
931	34	28	0.0	0	3133	0
931	45	19	0.0	0	3133	0
931	47	30	0.0	0	3133	0
931	50	7	0.0	0	3133	0
931	50	13	0.0	0	3133	0
931	59	20	0.0	0	3133	0
931	60	11	0.0	0	3133	0
931	71	11	0.0	0	3133	0
931	71	29	0.0	0	3133	0
932	3	3	0.0	0	3133	0
932	4	20	0.0	0	3133	0
932	11	9	0.0	0	3133	0
932	14	11	0.0	0	3133	0
932	22	12	0.0	0	3133	0
932	32	11	0.0	0	3133	0
932	32	30	0.0	0	3133	0
932	34	19	0.0	0	3133	0
932	38	0	0.0	0	3133	0
932	45	22	0.0	0	3133	0
932	55	30	0.0	0	3133	0
932	57	26	0.0	0	3133	0
932	62	17	0.0	0	3133	0
932	63	28	0.0	0	3133	0
932	64	15	0.0	0	3133	0
932	66	12	0.0	0	3133	0
932	67	7	0.0	0	3133	0
932	77	31	0.0	0	3133	0
932	81	26	0.0	0	3133	0
933	2	10	0.0	0	3133	0
933	13	21	0.0	0	3133	0
933	25	27	0.0	0	3133	0
933	29	21	0.0	0	3133	0
933	45	14	0.0	0	3133	0
933	48	30	0.0	0	3133	0
933	50	15	0.0	0	3133	0
933	59	15	0.0	0	3133	0
933	65	18	0.0	0	3133	0
933	67	24	0.0	0	3133	0
933	70	6	0.0	0	3133	0
933	71	28	0.0	0	3133	0
933	74	25	0.0	0	3133	0
933	75	4	0.0	0	3133	0
933	75	8	0.0	0	3133	0
933	78	20	0.0	0	3133	0
933	81	29	0.0	0	3133	0
933	85	10	0.0	0	3133	0
933	87	7	0.0	0	3133	0
933	87	31	0.0	0	3133	0
933	90	31	0.0	0	3133	0
933	92	4	0.0	0	3133	0
933	92	21	0.0	0	3133	0
933	98	10	0.0	0	3133	0
934	0	0	0.0	0	3133	0
934	10	20	0.0	0	3133	0
934	10	27	0.0	0	3133	0
934	11	30	0.0	0	3133	0
934	12	2	0.0	0	3133	0
934	13	0	0.0	0	3133	0
934	14	17	0.0	0	3133	0
934	14	31	0.0	0	3133	0
934	23	5	0.0	0	3133	0
934	26	23	0.0	0	3133	0
934	26	24	0.0	0	3133	0
934	30	7	0.0	0	3133	0
934	31	24	0.0	0	3133	0
934	36	7	0.0	0	3133	0
934	37	25	0.0	0	3133	0
934	41	1	0.0	0	3133	0
934	41	24	0.0	0	3133	0
934	41	28	0.0	0	3133	0
934	42	29	0.0	0	3133	0
934	43	29	0.0	0	3133	0
934	45	0	0.0	0	3133	0
934	46	31	0.0	0	3133	0
934	49	28	0.0	0	3133	0
934	58	8	0.0	0	3133	0
934	58	27	0.0	0	3133	0
934	79	19	0.0	0	3133	0
934	81	3	0.0	0	3133	0
934	88	2	0.0	0	3133	0
934	91	0	0.0	0	3133	0
935	0	2	0.0	0	3133	0
935	10	5	0.0	0	3133	0
935	36	6	0.0	0	3133	0
935	46	15	0.0	0	3133	0
935	50	8	0.0	0	3133	0
935	53	24	0.0	0	3133	0
935	57	14	0.0	0	3133	0
935	58	24	0.0	0	3133	0
935	58	27	0.0	0	3133	0
935	68	5	0.0	0	3133	0
935	72	9	0.0	0	3133	0
935	78	13	0.0	0	3133	0
935	89	15	0.0	0	3133	0
935	94	6	0.0	0	3133	0
935	94	17	0.0	0	3133	0
935	94	19	0.0	0	3133	0
935	94	26	0.0	0	3133	0
935	98	12	0.0	0	3133	0
935	98	22	0.0	0	3133	0
935	99	24	0.0	0	3133	0
936	2	24	0.0	0	3133	0
936	2	27	0.0	0	3133	0
936	12	28	0.0	0	3133	0
936	26	3	0.0	0	3133	0
936	29	8	0.0	0	3133	0
936	43	25	0.0	0	3133	0
936	44	28	0.0	0	3133	0
936	49	7	0.0	0	3133	0
936	51	31	0.0	0	3133	0
936	57	17	0.0	0	3133	0
936	58	0	0.0	0	3133	0
936	66	1	0.0	0	3133	0
936	69	4	0.0	0	3133	0
936	69	17	0.0	0	3133	0
936	96	9	0.0	0	3133	0
937	2	22	0.0	0	3133	0
937	4	10	0.0	0	3133	0
937	5	31	0.0	0	3133	0
937	7	26	0.0	0	3133	0
937	15	8	0.0	0	3133	0
937	22	6	0.0	0	3133	0
937	25	3	0.0	0	3133	0
937	25	5	0.0	0	3133	0
937	26	8	0.0	0	3133	0
937	44	11	0.0	0	3133	0
937	46	9	0.0	0	3133	0
937	47	5	0.0	0	3133	0
937	51	8	0.0	0	3133	0
937	58	1	0.0	0	3133	0
937	60	20	0.0	0	3133	0
937	81	7	0.0	0	3133	0
937	81	11	0.0	0	3133	0
937	96	21	0.0	0	3133	0
937	98	14	0.0	0	3133	0
937	99	30	0.0	0	3133	0
937	100	22	0.0	0	3133	0
938	14	25	0.0	0	3133	0
938	21	4	0.0	0	3133	0
938	30	24	0.0	0	3133	0
938	33	18	0.0	0	3133	0
938	55	17	0.0	0	3133	0
938	60	17	0.0	0	3133	0
938	72	9	0.0	0	3133	0
938	72	24	0.0	0	3133	0
938	73	15	0.0	0	3133	0
938	78	9	0.0	0	3133	0
938	79	27	0.0	0	3133	0
938	80	0	0.0	0	3133	0
938	88	11	0.0	0	3133	0
938	95	20	0.0	0	3133	0
938	96	18	0.0	0	3133	0
938	98	25	0.0	0	3133	0
939	9	26	0.0	0	3133	0
939	10	3	0.0	0	3133	0
939	10	29	0.0	0	3133	0
939	14	14	0.0	0	3133	0
939	15	29	0.0	0	3133	0
939	16	19	0.0	0	3133	0
939	20	22	0.0	0	3133	0
939	22	27	0.0	0	3133	0
939	28	13	0.0	0	3133	0
939	35	20	0.0	0	3133	0
939	36	24	0.0	0	3133	0
939	40	14	0.0	0	3133	0
939	46	6	0.0	0	3133	0
939	47	21	0.0	0	3133	0
939	51	14	0.0	0	3133	0
939	52	15	0.0	0	3133	0
939	57	28	0.0	0	3133	0
939	71	18	0.0	0	3133	0
939	73	28	0.0	0	3133	0
939	78	28	0.0	0	3133	0
939	79	28	0.0	0	3133	0
939	85	10	0.0	0	3133	0
939	85	11	0.0	0	3133	0
939	92	7	0.0	0	3133	0
939	96	25	0.0	0	3133	0
940	3	8	0.0	0	3133	0
940	17	12	0.0	0	3133	0
940	17	21	0.0	0	3133	0
940	19	17	0.0	0	3133	0
940	21	24	0.0	0	3133	0
940	22	8	0.0	0	3133	0
940	22	22	0.0	0	3133	0
940	28	26	0.0	0	3133	0
940	34	23	0.0	0	3133	0
940	36	17	0.0	0	3133	0
940	37	18	0.0	0	3133	0
940	41	12	0.0	0	3133	0
940	45	5	0.0	0	3133	0
940	57	2	0.0	0	3133	0
940	60	30	0.0	0	3133	0
940	64	12	0.0	0	3133	0
940	67	2	0.0	0	3133	0
940	71	25	0.0	0	3133	0
940	79	20	0.0	0	3133	0
940	92	31	0.0	0	3133	0
941	4	20	0.0	0	3133	0
941	4	24	0.0	0	3133	0
941	13	4	0.0	0	3133	0
941	14	7	0.0	0	3133	0
941	17	7	0.0	0	3133	0
941	18	12	0.0	0	3133	0
941	19	2	0.0	0	3133	0
941	26	0	0.0	0	3133	0
941	32	10	0.0	0	3133	0
941	40	30	0.0	0	3133	0
941	43	6	0.0	0	3133	0
941	43	8	0.0	0	3133	0
941	43	26	0.0	0	3133	0
941	45	8	0.0	0	3133	0
941	52	11	0.0	0	3133	0
941	54	27	0.0	0	3133	0
941	61	17	0.0	0	3133	0
941	62	5	0.0	0	3133	0
941	70	6	0.0	0	3133	0
941	80	24	0.0	0	3133	0
941	80	27	0.0	0	3133	0
941	81	15	0.0	0	3133	0
941	88	19	0.0	0	3133	0
941	89	15	0.0	0	3133	0
941	90	1	0.0	0	3133	0
941	98	21	0.0	0	3133	0
941	98	27	0.0	0	3133	0
942	0	9	0.0	0	3133	0
942	2	18	0.0	0	3133	0
942	3	26	0.0	0	3133	0
942	8	23	0.0	0	3133	0
942	27	16	0.0	0	3133	0
942	28	23	0.0	0	3133	0
942	34	21	0.0	0	3133	0
942	36	31	0.0	0	3133	0
942	38	2	0.0	0	3133	0
942	55	6	0.0	0	3133	0
942	76	28	0.0	0	3133	0
942	81	9	0.0	0	3133	0
942	84	17	0.0	0	3133	0
942	86	16	0.0	0	3133	0
942	89	16	0.0	0	3133	0
942	99	7	0.0	0	3133	0
943	7	24	0.0	0	3133	0
943	11	1	0.0	0	3133	0
943	15	20	0.0	0	3133	0
943	18	2	0.0	0	3133	0
943	25	30	0.0	0	3133	0
943	28	9	0.0	0	3133	0
943	46	5	0.0	0	3133	0
943	59	23	0.0	0	3133	0
943	73	31	0.0	0	3133	0
943	77	23	0.0	0	3133	0
943	78	25	0.0	0	3133	0
943	81	18	0.0	0	3133	0
943	84	8	0.0	0	3133	0
943	92	31	0.0	0	3133	0
943	94	30	0.0	0	3133	0
943	97	24	0.0	0	3133	0
943	100	20	0.0	0	3133	0
944	1	16	0.0	0	3133	0
944	24	17	0.0	0	3133	0
944	25	17	0.0	0	3133	0
944	26	19	0.0	0	3133	0
944	38	10	0.0	0	3133	0
944	39	2	0.0	0	3133	0
944	39	19	0.0	0	3133	0
944	50	21	0.0	0	3133	0
944	58	25	0.0	0	3133	0
944	63	7	0.0	0	3133	0
944	74	25	0.0	0	3133	0
944	79	14	0.0	0	3133	0
944	82	0	0.0	0	3133	0
944	86	1	0.0	0	3133	0
944	87	8	0.0	0	3133	0
944	90	20	0.0	0	3133	0
944	90	21	0.0	0	3133	0
944	100	30	0.0	0	3133	0
945	0	10	0.0	0	3133	0
945	6	12	0.0	0	3133	0
945	6	28	0.0	0	3133	0
945	17	14	0.0	0	3133	0
945	34	18	0.0	0	3133	0
945	38	5	0.0	0	3133	0
945	40	13	0.0	0	3133	0
945	40	27	0.0	0	3133	0
945	45	22	0.0	0	3133	0
945	57	27	0.0	0	3133	0
945	63	11	0.0	0	3133	0
945	66	21	0.0	0	3133	0
945	71	9	0.0	0	3133	0
945	72	19	0.0	0	3133	0
945	73	14	0.0	0	3133	0
945	73	18	0.0	0	3133	0
945	90	20	0.0	0	3133	0
945	94	29	0.0	0	3133	0
946	4	25	0.0	0	3133	0
946	9	8	0.0	0	3133	0
946	10	28	0.0	0	3133	0
946	12	14	0.0	0	3133	0
946	13	30	0.0	0	3133	0
946	14	7	0.0	0	3133	0
946	18	22	0.0	0	3133	0
946	24	28	0.0	0	3133	0
946	25	16	0.0	0	3133	0
946	26	27	0.0	0	3133	0
946	29	27	0.0	0	3133	0
946	33	17	0.0	0	3133	0
946	35	2	0.0	0	3133	0
946	37	31	0.0	0	3133	0
946	39	0	0.0	0	3133	0
946	43	8	0.0	0	3133	0
946	54	0	0.0	0	3133	0
946	57	8	0.0	0	3133	0
946	59	3	0.0	0	3133	0
946	64	21	0.0	0	3133	0
946	68	19	0.0	0	3133	0
946	74	9	0.0	0	3133	0
946	74	19	0.0	0	3133	0
946	74	25	0.0	0	3133	0
946	89	15	0.0	0	3133	0
946	92	9	0.0	0	3133	0
946	93	11	0.0	0	3133	0
947	1	31	0.0	0	3133	0
947	2	26	0.0	0	3133	0
947	4	15	0.0	0	3133	0
947	10	25	0.0	0	3133	0
947	12	2	0.0	0	3133	0
947	13	9	0.0	0	3133	0
947	17	5	0.0	0	3133	0
947	18	19	0.0	0	3133	0
947	38	16	0.0	0	3133	0
947	44	22	0.0	0	3133	0
947	46	21	0.0	0	3133	0
947	47	23	0.0	0	3133	0
947	72	20	0.0	0	3133	0
947	74	27	0.0	0	3133	0
947	96	18	0.0	0	3133	0
947	97	27	0.0	0	3133	0
947	100	15	0.0	0	3133	0
948	0	20	0.0	0	3133	0
948	2	7	0.0	0	3133	0
948	2	10	0.0	0	3133	0
948	16	16	0.0	0	3133	0
948	17	21	0.0	0	3133	0
948	21	14	0.0	0	3133	0
948	24	12	0.0	0	3133	0
948	26	11	0.0	0	3133	0
948	39	8	0.0	0	3133	0
948	40	0	0.0	0	3133	0
948	41	31	0.0	0	3133	0
948	45	29	0.0	0	3133	0
948	46	18	0.0	0	3133	0
948	49	4	0.0	0	3133	0
948	50	26	0.0	0	3133	0
948	53	22	0.0	0	3133	0
948	55	8	0.0	0	3133	0
948	65	21	0.0	0	3133	0
948	67	13	0.0	0	3133	0
948	80	8	0.0	0	3133	0
948	87	1	0.0	0	3133	0
948	89	0	0.0	0	3133	0
948	93	29	0.0	0	3133	0
948	98	22	0.0	0	3133	0
949	1	6	0.0	0	3133	0
949	4	17	0.0	0	3133	0
949	5	4	0.0	0	3133	0
949	12	1	0.0	0	3133	0
949	16	17	0.0	0	3133	0
949	17	29	0.0	0	3133	0
949	31	24	0.0	0	3133	0
949	34	28	0.0	0	3133	0
949	45	24	0.0	0	3133	0
949	53	8	0.0	0	3133	0
949	54	19	0.0	0	3133	0
949	57	25	0.0	0	3133	0
949	63	8	0.0	0	3133	0
949	63	22	0.0	0	3133	0
949	68	15	0.0	0	3133	0
949	73	27	0.0	0	3133	0
949	77	16	0.0	0	3133	0
949	78	4	0.0	0	3133	0
949	83	20	0.0	0	3133	0
949	95	12	0.0	0	3133	0
949	99	15	0.0	0	3133	0
950	1	21	0.0	0	3133	0
950	10	12	0.0	0	3133	0
950	15	4	0.0	0	3133	0
950	26	20	0.0	0	3133	0
950	27	28	0.0	0	3133	0
950	28	3	0.0	0	3133	0
950	28	26	0.0	0	3133	0
950	36	7	0.0	0	3133	0
950	44	7	0.0	0	3133	0
950	44	9	0.0	0	3133	0
950	46	25	0.0	0	3133	0
950	48	23	0.0	0	3133	0
950	51	14	0.0	0	3133	0
950	56	19	0.0	0	3133	0
950	59	0	0.0	0	3133	0
950	60	28	0.0	0	3133	0
950	61	19	0.0	0	3133	0
950	65	21	0.0	0	3133	0
950	75	3	0.0	0	3133	0
950	75	10	0.0	0	3133	0
950	85	21	0.0	0	3133	0
950	87	24	0.0	0	3133	0
950	91	23	0.0	0	3133	0
950	95	7	0.0	0	3133	0
950	95	10	0.0	0	3133	0
950	98	7	0.0	0	3133	0
951	2	30	0.0	0	3133	0
951	7	13	0.0	0	3133	0
951	7	24	0.0	0	3133	0
951	14	7	0.0	0	3133	0
951	16	25	0.0	0	3133	0
951	27	5	0.0	0	3133	0
951	30	16	0.0	0	3133	0
951	32	30	0.0	0	3133	0
951	36	10	0.0	0	3133	0
951	40	24	0.0	0	3133	0
951	42	11	0.0	0	3133	0
951	42	30	0.0	0	3133	0
951	54	14	0.0	0	3133	0
951	58	2	0.0	0	3133	0
951	60	28	0.0	0	3133	0
951	61	15	0.0	0	3133	0
951	68	17	0.0	0	3133	0
951	70	4	0.0	0	3133	0
951	72	26	0.0	0	3133	0
951	78	7	0.0	0	3133	0
951	79	31	0.0	0	3133	0
951	82	29	0.0	0	3133	0
951	83	5	0.0	0	3133	0
951	87	15	0.0	0	3133	0
951	89	21	0.0	0	3133	0
951	92	29	0.0	0	3133	0
951	98	0	0.0	0	3133	0
951	100	24	0.0	0	3133	0
952	5	28	0.0	0	3133	0
952	6	19	0.0	0	3133	0
952	7	29	0.0	0	3133	0
952	8	9	0.0	0	3133	0
952	10	31	0.0	0	3133	0
952	15	21	0.0	0	3133	0
952	47	8	0.0	0	3133	0
952	47	19	0.0	0	3133	0
952	48	13	0.0	0	3133	0
952	49	4	0.0	0	3133	0
952	57	1	0.0	0	3133	0
952	63	30	0.0	0	3133	0
952	66	16	0.0	0	3133	0
952	71	3	0.0	0	3133	0
952	72	10	0.0	0	3133	0
952	75	22	0.0	0	3133	0
952	78	23	0.0	0	3133	0
952	85	18	0.0	0	3133	0
952	88	20	0.0	0	3133	0
952	91	27	0.0	0	3133	0
953	4	9	0.0	0	3133	0
953	14	28	0.0	0	3133	0
953	20	22	0.0	0	3133	0
953	22	4	0.0	0	3133	0
953	25	13	0.0	0	3133	0
953	25	15	0.0	0	3133	0
953	31	19	0.0	0	3133	0
953	32	2	0.0	0	3133	0
953	32	21	0.0	0	3133	0
953	37	5	0.0	0	3133	0
953	40	9	0.0	0	3133	0
953	42	13	0.0	0	3133	0
953	45	0	0.0	0	3133	0
953	48	4	0.0	0	3133	0
953	49	14	0.0	0	3133	0
953	50	3	0.0	0	3133	0
953	51	24	0.0	0	3133	0
953	56	9	0.0	0	3133	0
953	59	16	0.0	0	3133	0
953	60	19	0.0	0	3133	0
953	68	19	0.0	0	3133	0
953	69	25	0.0	0	3133	0
953	73	12	0.0	0	3133	0
953	76	9	0.0	0	3133	0
953	83	4	0.0	0	3133	0
953	87	24	0.0	0	3133	0
953	96	22	0.0	0	3133	0
954	1	9	0.0	0	3133	0
954	3	19	0.0	0	3133	0
954	6	27	0.0	0	3133	0
954	7	12	0.0	0	3133	0
954	8	24	0.0	0	3133	0
954	11	22	0.0	0	3133	0
954	12	6	0.0	0	3133	0
954	17	19	0.0	0	3133	0
954	21	16	0.0	0	3133	0
954	23	23	0.0	0	3133	0
954	24	10	0.0	0	3133	0
954	27	0	0.0	0	3133	0
954	28	29	0.0	0	3133	0
954	32	27	0.0	0	3133	0
954	33	11	0.0	0	3133	0
954	40	14	0.0	0	3133	0
954	43	3	0.0	0	3133	0
954	44	20	0.0	0	3133	0
954	54	26	0.0	0	3133	0
954	56	10	0.0	0	3133	0
954	62	10	0.0	0	3133	0
954	69	11	0.0	0	3133	0
954	73	20	0.0	0	3133	0
954	76	24	0.0	0	3133	0
954	84	29	0.0	0	3133	0
954	87	27	0.0	0	3133	0
954	89	17	0.0	0	3133	0
954	91	7	0.0	0	3133	0
954	95	22	0.0	0	3133	0
954	96	9	0.0	0	3133	0
954	96	13	0.0	0	3133	0
955	0	14	0.0	0	3133	0
955	0	25	0.0	0	3133	0
955	4	19	0.0	0	3133	0
955	11	14	0.0	0	3133	0
955	16	26	0.0	0	3133	0
955	22	31	0.0	0	3133	0
955	29	12	0.0	0	3133	0
955	61	7	0.0	0	3133	0
955	66	11	0.0	0	3133	0
955	67	6	0.0	0	3133	0
955	71	19	0.0	0	3133	0
955	72	5	0.0	0	3133	0
955	74	8	0.0	0	3133	0
955	82	11	0.0	0	3133	0
955	86	27	0.0	0	3133	0
955	88	21	0.0	0	3133	0
955	90	5	0.0	0	3133	0
955	97	18	0.0	0	3133	0
956	1	6	0.0	0	3133	0
956	7	23	0.0	0	3133	0
956	16	28	0.0	0	3133	0
956	19	7	0.0	0	3133	0
956	20	17	0.0	0	3133	0
956	25	9	0.0	0	3133	0
956	34	17	0.0	0	3133	0
956	45	29	0.0	0	3133	0
956	46	5	0.0	0	3133	0
956	48	21	0.0	0	3133	0
956	56	21	0.0	0	3133	0
956	62	23	0.0	0	3133	0
956	75	8	0.0	0	3133	0
956	78	5	0.0	0	3133	0
957	11	6	0.0	0	3133	0
957	13	9	0.0	0	3133	0
957	21	10	0.0	0	3133	0
957	41	6	0.0	0	3133	0
957	42	2	0.0	0	3133	0
957	45	11	0.0	0	3133	0
957	53	24	0.0	0	3133	0
957	56	23	0.0	0	3133	0
957	58	4	0.0	0	3133	0
957	61	25	0.0	0	3133	0
957	62	18	0.0	0	3133	0
957	63	13	0.0	0	3133	0
957	70	19	0.0	0	3133	0
957	72	17	0.0	0	3133	0
957	76	26	0.0	0	3133	0
957	85	10	0.0	0	3133	0
957	87	0	0.0	0	3133	0
957	87	15	0.0	0	3133	0
957	90	27	0.0	0	3133	0
958	6	3	0.0	0	3133	0
958	10	27	0.0	0	3133	0
958	12	8	0.0	0	3133	0
958	21	13	0.0	0	3133	0
958	26	7	0.0	0	3133	0
958	30	2	0.0	0	3133	0
958	32	21	0.0	0	3133	0
958	58	16	0.0	0	3133	0
958	59	23	0.0	0	3133	0
958	62	1	0.0	0	3133	0
958	70	7	0.0	0	3133	0
958	71	19	0.0	0	3133	0
958	84	0	0.0	0	3133	0
958	84	21	0.0	0	3133	0
958	85	3	0.0	0	3133	0
958	88	29	0.0	0	3133	0
958	90	12	0.0	0	3133	0
958	91	6	0.0	0	3133	0
959	3	20	0.0	0	3133	0
959	5	20	0.0	0	3133	0
959	6	29	0.0	0	3133	0
959	7	29	0.0	0	3133	0
959	11	13	0.0	0	3133	0
959	17	23	0.0	0	3133	0
959	18	16	0.0	0	3133	0
959	24	22	0.0	0	3133	0
959	27	8	0.0	0	3133	0
959	43	1	0.0	0	3133	0
959	45	11	0.0	0	3133	0
959	46	19	0.0	0	3133	0
959	50	11	0.0	0	3133	0
959	60	28	0.0	0	3133	0
959	61	26	0.0	0	3133	0
959	63	13	0.0	0	3133	0
959	63	31	0.0	0	3133	0
959	66	24	0.0	0	3133	0
959	67	23	0.0	0	3133	0
959	67	25	0.0	0	3133	0
959	76	14	0.0	0	3133	0
959	80	10	0.0	0	3133	0
959	95	12	0.0	0	3133	0
959	96	11	0.0	0	3133	0
960	0	8	0.0	0	3133	0
960	0	12	0.0	0	3133	0
960	9	24	0.0	0	3133	0
960	13	0	0.0	0	3133	0
960	13	26	0.0	0	3133	0
960	15	22	0.0	0	3133	0
960	21	2	0.0	0	3133	0
960	21	15	0.0	0	3133	0
960	28	21	0.0	0	3133	0
960	35	29	0.0	0	3133	0
960	50	28	0.0	0	3133	0
960	55	31	0.0	0	3133	0
960	56	14	0.0	0	3133	0
960	62	0	0.0	0	3133	0
960	71	20	0.0	0	3133	0
960	72	26	0.0	0	3133	0
960	76	4	0.0	0	3133	0
960	76	20	0.0	0	3133	0
960	77	24	0.0	0	3133	0
960	87	10	0.0	0	3133	0
960	88	31	0.0	0	3133	0
960	91	8	0.0	0	3133	0
960	97	20	0.0	0	3133	0
960	98	13	0.0	0	3133	0
961	5	16	0.0	0	3133	0
961	6	4	0.0	0	3133	0
961	7	7	0.0	0	3133	0
961	14	19	0.0	0	3133	0
961	17	26	0.0	0	3133	0
961	22	20	0.0	0	3133	0
961	23	31	0.0	0	3133	0
961	24	31	0.0	0	3133	0
961	35	13	0.0	0	3133	0
961	45	19	0.0	0	3133	0
961	51	14	0.0	0	3133	0
961	53	17	0.0	0	3133	0
961	57	6	0.0	0	3133	0
961	71	17	0.0	0	3133	0
961	72	1	0.0	0	3133	0
961	78	28	0.0	0	3133	0
961	79	20	0.0	0	3133	0
961	80	3	0.0	0	3133	0
961	81	27	0.0	0	3133	0
961	89	12	0.0	0	3133	0
961	91	26	0.0	0	3133	0
961	97	2	0.0	0	3133	0
962	3	28	0.0	0	3133	0
962	4	12	0.0	0	3133	0
962	9	17	0.0	0	3133	0
962	10	26	0.0	0	3133	0
962	12	11	0.0	0	3133	0
962	12	14	0.0	0	3133	0
962	15	28	0.0	0	3133	0
962	23	4	0.0	0	3133	0
962	30	16	0.0	0	3133	0
962	33	5	0.0	0	3133	0
962	33	16	0.0	0	3133	0
962	33	24	0.0	0	3133	0
962	39	2	0.0	0	3133	0
962	42	9	0.0	0	3133	0
962	44	11	0.0	0	3133	0
962	66	20	0.0	0	3133	0
962	68	15	0.0	0	3133	0
962	74	8	0.0	0	3133	0
962	78	4	0.0	0	3133	0
962	83	13	0.0	0	3133	0
962	83	29	0.0	0	3133	0
962	86	24	0.0	0	3133	0
962	88	19	0.0	0	3133	0
962	90	8	0.0	0	3133	0
962	91	22	0.0	0	3133	0
962	97	30	0.0	0	3133	0
963	3	9	0.0	0	3133	0
963	6	9	0.0	0	3133	0
963	7	27	0.0	0	3133	0
963	10	14	0.0	0	3133	0
963	12	24	0.0	0	3133	0
963	14	2	0.0	0	3133	0
963	16	24	0.0	0	3133	0
963	17	6	0.0	0	3133	0
963	21	11	0.0	0	3133	0
963	24	4	0.0	0	3133	0
963	28	5	0.0	0	3133	0
963	32	4	0.0	0	3133	0
963	35	4	0.0	0	3133	0
963	37	25	0.0	0	3133	0
963	38	1	0.0	0	3133	0
963	41	3	0.0	0	3133	0
963	42	28	0.0	0	3133	0
963	44	4	0.0	0	3133	0
963	68	9	0.0	0	3133	0
963	79	11	0.0	0	3133	0
963	81	15	0.0	0	3133	0
963	86	20	0.0	0	3133	0
963	90	30	0.0	0	3133	0
963	92	12	0.0	0	3133	0
963	92	19	0.0	0	3133	0
963	98	24	0.0	0	3133	0
964	0	19	0.0	0	3133	0
964	2	25	0.0	0	3133	0
964	17	7	0.0	0	3133	0
964	20	10	0.0	0	3133	0
964	46	5	0.0	0	3133	0
964	60	22	0.0	0	3133	0
964	62	23	0.0	0	3133	0
964	69	24	0.0	0	3133	0
964	70	15	0.0	0	3133	0
964	76	7	0.0	0	3133	0
964	78	17	0.0	0	3133	0
964	82	17	0.0	0	3133	0
964	82	23	0.0	0	3133	0
964	85	0	0.0	0	3133	0
964	91	9	0.0	0	3133	0
965	9	0	0.0	0	3133	0
965	18	29	0.0	0	3133	0
965	36	24	0.0	0	3133	0
965	40	18	0.0	0	3133	0
965	45	12	0.0	0	3133	0
965	48	27	0.0	0	3133	0
965	54	8	0.0	0	3133	0
965	55	14	0.0	0	3133	0
965	61	31	0.0	0	3133	0
965	71	23	0.0	0	3133	0
965	72	2	0.0	0	3133	0
965	72	29	0.0	0	3133	0
965	73	4	0.0	0	3133	0
965	74	18	0.0	0	3133	0
965	77	30	0.0	0	3133	0
965	77	31	0.0	0	3133	0
965	83	17	0.0	0	3133	0
965	90	12	0.0	0	3133	0
965	94	16	0.0	0	3133	0
966	8	27	0.0	0	3133	0
966	11	11	0.0	0	3133	0
966	14	5	0.0	0	3133	0
966	20	8	0.0	0	3133	0
966	21	25	0.0	0	3133	0
966	22	3	0.0	0	3133	0
966	32	0	0.0	0	3133	0
966	37	6	0.0	0	3133	0
966	47	9	0.0	0	3133	0
966	49	11	0.0	0	3133	0
966	51	12	0.0	0	3133	0
966	59	18	0.0	0	3133	0
966	62	5	0.0	0	3133	0
966	66	3	0.0	0	3133	0
966	66	6	0.0	0	3133	0
966	73	16	0.0	0	3133	0
966	83	22	0.0	0	3133	0
966	86	27	0.0	0	3133	0
966	94	23	0.0	0	3133	0
966	96	16	0.0	0	3133	0
966	100	3	0.0	0	3133	0
967	0	31	0.0	0	3133	0
967	5	0	0.0	0	3133	0
967	19	24	0.0	0	3133	0
967	20	27	0.0	0	3133	0
967	25	31	0.0	0	3133	0
967	29	0	0.0	0	3133	0
967	37	5	0.0	0	3133	0
967	38	29	0.0	0	3133	0
967	44	7	0.0	0	3133	0
967	47	22	0.0	0	3133	0
967	49	19	0.0	0	3133	0
967	62	6	0.0	0	3133	0
967	62	17	0.0	0	3133	0
967	67	25	0.0	0	3133	0
967	76	10	0.0	0	3133	0
967	79	28	0.0	0	3133	0
967	84	2	0.0	0	3133	0
967	90	21	0.0	0	3133	0
967	99	10	0.0	0	3133	0
967	99	29	0.0	0	3133	0
967	100	21	0.0	0	3133	0
