1808	6	8	143	3014	0	1
1808	50	14	196	3011	0	1
1809	2	11	1	3066	0	1
1810	50	20	196	3011	0	1
1810	50	21	196	3011	0	1
1812	50	22	196	3011	0	1
1813	50	20	196	3011	0	1
1813	50	21	196	3011	0	1
1814	2	5	1	3066	0	1
1814	4	21	98	3034	0	1
1815	4	20	2	3067	0	1
1815	9	26	6	3068	0	1
1815	20	30	7	3067	0	1
1816	1	0	1	3068	0	1
1816	2	20	2	3066	0	1
1816	3	21	1	3066	0	1
1816	4	0	46	3063	0	1
1816	4	1	7	3063	0	1
1816	4	15	2	3067	0	1
1816	4	16	143	3014	0	1
1816	4	27	64	3061	0	1
1816	5	4	6	3070	0	1
1816	5	21	10	3071	0	1
1816	7	4	28	3060	0	1
1818	2	17	3	3067	0	1
1818	4	1	9	3064	0	1
1818	4	4	13	3067	0	1
1818	4	15	1	3066	0	1
1818	4	27	16	3067	0	1
1818	5	5	1	3068	0	1
1818	5	21	7	3072	0	1
1818	6	4	99	3029	0	1
1818	7	5	118	3033	0	1
1818	19	11	8	3068	0	1
1819	2	17	1	3067	0	1
1819	4	1	4	3065	0	1
1819	4	20	1	3066	0	1
1819	6	4	99	3032	0	1
1819	6	22	143	3014	0	1
1819	19	11	8	3068	0	1
1820	6	4	143	3014	0	1
1820	6	21	1	3066	0	1
1820	9	27	6	3068	0	1
1821	4	1	46	3063	0	1
1821	4	15	2	3067	0	1
1821	19	11	8	3068	0	1
1822	2	17	2	3066	0	1
1822	2	21	2	3066	0	1
1822	3	21	1	3066	0	1
1822	4	1	1	3067	0	1
1822	4	15	1	3068	0	1
1822	4	27	64	3061	0	1
1822	5	5	1	3068	0	1
1822	5	21	7	3072	0	1
1822	7	5	28	3060	0	1
1823	1	1	1	3068	0	1
1823	2	4	1	3066	0	1
1823	4	4	6	3067	0	1
1823	4	15	1	3066	0	1
1823	4	17	143	3014	0	1
1823	4	20	98	3034	0	1
1823	6	4	143	3014	0	1
1823	6	21	1	3066	0	1
1823	20	31	8	3068	0	1
1824	2	14	1	3068	0	1
1824	3	24	1	3066	0	1
1824	4	3	11	3069	0	1
1824	4	13	20	3075	0	1
1824	5	22	50	3063	0	1
1824	5	23	1	3067	0	1
1825	3	8	1	3066	0	1
1825	4	1	1	3068	0	1
1825	4	3	3	3066	0	1
1825	4	12	6	3071	0	1
1825	4	16	2	3066	0	1
1825	5	7	7	3063	0	1
1826	2	31	2	3066	0	1
1826	3	10	1	3066	0	1
1826	3	30	1	3068	0	1
1826	4	12	9	3065	0	1
1826	4	19	3	3067	0	1
1826	6	6	143	3014	0	1
1827	4	9	2	3067	0	1
1827	4	19	3	3068	0	1
1827	5	2	5	3064	0	1
1827	5	9	11	3064	0	1
1827	6	0	34	3053	0	1
1828	3	11	1	3066	0	1
1828	3	31	2	3069	0	1
1828	4	1	6	3067	0	1
1828	4	8	2	3069	0	1
1828	4	12	8	3064	0	1
1828	5	3	31	3076	0	1
1828	6	15	10	3058	0	1
1828	6	18	147	3017	0	1
1828	7	7	143	3014	0	1
1828	7	10	4	3065	0	1
1829	2	29	1	3066	0	1
1829	2	31	1	3066	0	1
1829	3	31	2	3067	0	1
1829	4	7	2	3066	0	1
1829	4	31	11	3064	0	1
1829	5	22	30	3058	0	1
1829	5	31	20	3060	0	1
1829	6	15	4	3065	0	1
1829	6	21	143	3014	0	1
1829	6	31	143	3014	0	1
1829	7	7	143	3014	0	1
1829	7	10	4	3065	0	1
1830	2	31	1	3066	0	1
1830	3	5	2	3067	0	1
1830	3	24	1	3066	0	1
1830	3	31	2	3067	0	1
1830	4	1	1	3068	0	1
1830	4	16	2	3066	0	1
1830	4	18	3	3067	0	1
1830	5	3	5	3064	0	1
1830	6	7	143	3014	0	1
1831	2	14	1	3068	0	1
1831	2	29	1	3066	0	1
1831	2	30	2	3066	0	1
1831	3	8	1	3066	0	1
1831	4	3	11	3069	0	1
1831	4	7	2	3066	0	1
1831	4	12	8	3064	0	1
1831	4	13	20	3075	0	1
1831	4	31	11	3064	0	1
1831	5	8	11	3064	0	1
1831	5	22	50	3063	0	1
1831	5	23	1	3067	0	1
1831	6	1	34	3053	0	1
1832	3	31	1	3068	0	1
1832	4	8	2	3067	0	1
1832	4	12	6	3071	0	1
1832	4	13	16	3065	0	1
1832	5	7	7	3063	0	1
1832	6	15	4	3065	0	1
1832	6	18	147	3017	0	1
1833	3	11	1	3066	0	1
1833	3	31	2	3069	0	1
1833	6	15	4	3065	0	1
1833	6	21	143	3014	0	1
1833	7	10	4	3065	0	1
1835	4	0	2	3066	0	1
1835	4	2	1	3068	0	1
1835	6	0	113	3031	0	1
1835	6	2	34	3053	0	1
1836	3	0	1	3066	0	1
1836	3	16	2	3067	0	1
1836	4	0	4	3068	0	1
1836	4	16	3	3066	0	1
1836	4	18	5	3065	0	1
1836	4	22	6	3071	0	1
1836	5	0	11	3068	0	1
1836	5	1	5	3064	0	1
1836	6	16	4	3065	0	1
1836	6	24	143	3014	0	1
1836	7	8	143	3014	0	1
1836	7	16	143	3014	0	1
1837	3	16	1	3068	0	1
1837	5	0	20	3075	0	1
1837	5	16	9	3064	0	1
1837	5	20	50	3063	0	1
1838	2	28	1	3066	0	1
1838	3	9	1	3066	0	1
1838	3	11	1	3066	0	1
1838	3	12	1	3066	0	1
1838	3	19	2	3066	0	1
1838	3	25	2	3066	0	1
1838	4	28	7	3072	0	1
1838	5	9	21	3061	0	1
1838	5	10	6	3067	0	1
1838	5	21	62	3049	0	1
1838	7	9	3	3068	0	1
1838	7	10	143	3014	0	1
1839	2	21	1	3066	0	1
1839	3	8	1	3066	0	1
1839	3	17	2	3069	0	1
1839	3	21	3	3066	0	1
1839	3	25	3	3066	0	1
1839	4	7	1	3068	0	1
1839	4	9	1	3068	0	1
1839	4	10	8	3068	0	1
1839	4	12	2	3069	0	1
1839	4	20	1	3068	0	1
1839	4	21	12	3072	0	1
1839	5	8	27	3061	0	1
1839	5	11	6	3067	0	1
1839	5	16	45	3066	0	1
1839	5	21	62	3049	0	1
1839	5	25	56	3051	0	1
1839	6	7	28	3060	0	1
1839	6	9	84	3047	0	1
1839	6	10	119	3033	0	1
1839	6	12	84	3047	0	1
1839	6	21	295	2910	0	1
1839	7	8	3	3068	0	1
1839	7	11	143	3014	0	1
1839	7	16	143	3014	0	1
1839	7	24	143	3014	0	1
1839	7	25	143	3014	0	1
1842	3	8	1	3066	0	1
1842	3	24	2	3066	0	1
1844	2	22	81	3064	0	1
1844	2	25	13	3069	0	1
1844	2	26	83	3061	0	1
1844	2	29	49	3065	0	1
1844	3	0	121	3060	0	1
1844	3	20	84	3069	0	1
1844	18	22	8	3068	0	1
1844	19	0	1	3067	0	1
1844	19	20	5	3066	0	1
1844	20	8	8	3067	0	1
1845	2	20	49	3065	0	1
1845	2	21	51	3067	0	1
1845	2	25	3	3068	0	1
1845	2	26	8	3067	0	1
1845	2	29	3	3068	0	1
1845	3	3	2	3069	0	1
1845	3	19	1	3068	0	1
1845	4	11	12	3065	0	1
1845	4	15	7	3065	0	1
1845	4	16	84	3040	0	1
1845	4	17	84	3040	0	1
1845	4	25	84	3040	0	1
1845	4	29	84	3040	0	1
1845	5	3	23	3073	0	1
1845	5	19	36	3055	0	1
1845	6	11	127	3028	0	1
1845	6	15	237	2888	0	1
1845	6	16	145	3013	0	1
1845	6	17	145	3013	0	1
1845	6	25	145	3013	0	1
1845	6	29	145	3013	0	1
1845	7	3	143	3014	0	1
1845	7	19	58	3052	0	1
1845	9	3	1169	2195	0	1
1845	9	19	126	2971	0	1
1845	18	11	1	3068	0	1
1845	18	16	1	3067	0	1
1845	18	21	1	3067	0	1
1846	2	9	51	3067	0	1
1846	4	11	2	3069	0	1
1846	4	14	454	2622	0	1
1846	4	22	2	3068	0	1
1846	4	27	3	3070	0	1
1846	5	11	3	3068	0	1
1846	6	11	18	3061	0	1
1846	6	15	12	3065	0	1
1846	6	27	143	3014	0	1
1846	7	11	143	3014	0	1
1846	7	27	143	3014	0	1
1846	8	11	1169	2195	0	1
1847	2	8	74	3059	0	1
1847	3	10	2	3065	0	1
1847	3	26	2	3069	0	1
1847	4	10	3	3070	0	1
1847	4	14	636	2474	0	1
1847	4	26	8	3069	0	1
1847	5	10	20	3060	0	1
1847	5	26	72	3047	0	1
1847	6	10	13	3063	0	1
1847	7	10	143	3014	0	1
1847	7	26	2	3066	0	1
1848	2	10	51	3067	0	1
1848	4	8	2	3069	0	1
1848	6	8	42	3049	0	1
1848	6	15	16	3063	0	1
1848	6	24	61	3041	0	1
1848	8	8	192	2921	0	1
1848	9	5	2	3068	0	1
1849	3	9	2	3065	0	1
1849	4	9	3	3070	0	1
1849	4	10	1	3068	0	1
1849	4	14	636	2474	0	1
1849	4	26	1	3068	0	1
1849	5	9	20	3060	0	1
1849	6	9	13	3063	0	1
1849	6	14	378	2771	0	1
1849	7	9	103	3031	0	1
1850	0	25	272	2863	0	1
1850	1	21	210	2974	0	1
1850	1	23	2	3066	0	1
1850	2	21	28	3053	0	1
1850	3	1	20	3069	0	1
1850	3	26	2	3069	0	1
1850	4	14	313	2772	0	1
1850	4	26	8	3069	0	1
1850	5	5	54	3058	0	1
1850	5	26	72	3047	0	1
1850	7	26	2	3066	0	1
1850	9	4	2	3068	0	1
1850	19	1	8	3068	0	1
1850	20	23	288	3005	0	1
1850	26	23	1	3067	0	1
1851	1	0	112	3037	0	1
1851	1	10	2	3067	0	1
1851	1	16	438	2720	0	1
1851	2	0	793	2415	0	1
1851	2	6	4	3067	0	1
1851	2	8	933	2657	0	1
1851	2	9	61	3067	0	1
1851	2	16	19	3058	0	1
1851	3	10	1309	2334	0	1
1851	4	0	14	3073	0	1
1851	4	4	31	3053	0	1
1851	4	16	7	3068	0	1
1851	4	23	2	3068	0	1
1851	5	11	12	3070	0	1
1851	5	16	8	3067	0	1
1851	7	11	20	3059	0	1
1851	7	27	123	3022	0	1
1852	0	0	1	3067	0	1
1852	0	16	688	2488	0	1
1852	1	1	94	3028	0	1
1852	1	10	1	3067	0	1
1852	1	17	688	2488	0	1
1852	1	20	2	3066	0	1
1852	2	17	858	2705	0	1
1852	2	21	13	3055	0	1
1852	2	26	1692	2126	0	1
1852	2	27	1552	2190	0	1
1852	3	3	1	3066	0	1
1852	3	19	33	3071	0	1
1852	4	0	29	3074	0	1
1852	4	3	15	3076	0	1
1852	4	4	858	2705	0	1
1852	5	2	95	3030	0	1
1852	5	16	1	3066	0	1
1852	5	17	1	3066	0	1
1852	5	19	34	3053	0	1
1852	7	31	295	2910	0	1
1852	9	4	14	3069	0	1
1852	10	5	6	3068	0	1
1852	16	21	2	3068	0	1
1852	20	4	26	3064	0	1
1852	21	10	31	3065	0	1
1852	21	21	19	3069	0	1
1852	23	4	55	3051	0	1
1853	0	10	947	2655	0	1
1853	0	24	336	2809	0	1
1853	2	8	84	3037	0	1
1853	2	21	26	3049	0	1
1853	2	29	1	3068	0	1
1853	3	0	37	3070	0	1
1853	4	4	1	3066	0	1
1853	4	5	1	3066	0	1
1853	6	11	932	2570	0	1
1853	6	12	143	3014	0	1
1853	7	5	7	3066	0	1
1853	18	9	5	3067	0	1
1853	19	9	8	3068	0	1
1854	0	17	845	2395	0	1
1854	1	11	2	3067	0	1
1854	2	1	481	2683	0	1
1854	2	20	89	3032	0	1
1854	2	21	868	2690	0	1
1854	3	0	7	3063	0	1
1854	4	1	6	3067	0	1
1854	4	3	15	3066	0	1
1854	4	5	15	3057	0	1
1854	4	8	126	2985	0	1
1854	5	13	5	3070	0	1
1854	5	17	1	3066	0	1
1854	6	4	7	3068	0	1
1854	6	5	548	2821	0	1
1854	7	4	8	3067	0	1
1854	10	5	6	3068	0	1
1854	20	5	33	3067	0	1
1854	20	6	33	3057	0	1
1854	21	11	3	3066	0	1
1854	21	21	67	3071	0	1
1854	21	31	9	3068	0	1
1854	23	5	55	3051	0	1
1855	0	2	570	2840	0	1
1855	0	10	947	2655	0	1
1855	0	24	563	2652	0	1
1855	1	17	760	2436	0	1
1855	1	20	538	2834	0	1
1855	1	22	2	3066	0	1
1855	2	21	850	2722	0	1
1855	3	0	21	3066	0	1
1855	3	13	2	3066	0	1
1855	3	29	1	3066	0	1
1855	4	5	15	3057	0	1
1855	4	16	1	3066	0	1
1855	4	27	80	3050	0	1
1855	5	13	5	3064	0	1
1855	6	4	4	3068	0	1
1855	6	27	466	2619	0	1
1855	7	4	1	3068	0	1
1855	19	8	1	3067	0	1
1855	20	6	15	3064	0	1
1855	20	22	250	2981	0	1
1855	21	31	9	3068	0	1
1856	0	2	1327	2500	0	1
1856	0	10	947	2655	0	1
1856	1	20	335	2913	0	1
1856	1	22	2	3066	0	1
1856	2	8	66	3042	0	1
1856	2	20	89	3032	0	1
1856	2	28	1	3066	0	1
1856	3	0	7	3063	0	1
1856	3	13	2	3066	0	1
1856	3	19	33	3071	0	1
1856	3	29	1	3066	0	1
1856	4	3	15	3076	0	1
1856	4	5	24	3059	0	1
1856	4	17	7	3068	0	1
1856	5	17	8	3067	0	1
1856	6	4	7	3068	0	1
1856	6	10	846	2733	0	1
1856	7	4	8	3067	0	1
1856	9	5	8	3066	0	1
1856	16	21	2	3068	0	1
1857	1	11	1	3067	0	1
1857	1	17	446	2707	0	1
1857	2	7	4	3067	0	1
1857	2	9	646	2824	0	1
1857	2	21	1143	2587	0	1
1857	2	29	2	3067	0	1
1857	3	11	1334	2289	0	1
1857	4	1	11	3073	0	1
1857	4	3	8	3069	0	1
1857	4	5	858	2705	0	1
1857	5	3	1	3067	0	1
1857	6	10	947	2686	0	1
1857	10	5	6	3068	0	1
1857	21	31	9	3068	0	1
1858	1	11	2	3067	0	1
1858	1	17	449	2711	0	1
1858	1	20	937	2676	0	1
1858	2	1	365	2782	0	1
1858	2	2	599	2827	0	1
1858	2	8	105	3028	0	1
1858	2	9	525	2858	0	1
1858	2	21	13	3055	0	1
1858	2	25	281	2850	0	1
1858	2	27	1292	2336	0	1
1858	2	28	1	3068	0	1
1858	2	29	4	3067	0	1
1858	3	0	5	3070	0	1
1858	4	1	29	3074	0	1
1858	4	5	4	3064	0	1
1858	4	27	14	3065	0	1
1858	5	3	1	3067	0	1
1858	5	19	113	3031	0	1
1858	6	10	846	2733	0	1
1858	6	12	143	3014	0	1
1858	6	27	867	2530	0	1
1858	7	31	295	2910	0	1
1858	19	0	8	3068	0	1
1858	20	5	26	3064	0	1
1858	21	11	5	3068	0	1
1858	21	21	19	3069	0	1
1858	23	5	55	3051	0	1
1859	0	2	1327	2500	0	1
1859	0	17	428	2732	0	1
1859	0	24	296	2843	0	1
1859	1	1	94	3028	0	1
1859	1	20	478	2877	0	1
1859	1	21	1	3067	0	1
1859	2	8	62	3045	0	1
1859	2	9	947	2681	0	1
1859	2	17	858	2705	0	1
1859	2	21	901	2666	0	1
1859	2	29	2	3067	0	1
1859	3	3	1	3066	0	1
1859	4	3	7	3065	0	1
1859	4	16	1	3066	0	1
1859	4	24	114	2989	0	1
1859	4	27	80	3050	0	1
1859	5	3	1	3067	0	1
1859	5	13	5	3064	0	1
1859	5	19	34	3053	0	1
1859	5	26	836	2691	0	1
1859	6	27	466	2619	0	1
1859	19	8	1	3067	0	1
1859	20	6	33	3057	0	1
1859	20	22	288	3005	0	1
1859	26	22	1	3067	0	1
1860	0	21	1	3067	0	1
1860	1	17	925	2671	0	1
1860	2	7	10	3064	0	1
1860	2	27	543	2640	0	1
1860	3	5	5	3064	0	1
1860	3	13	53	3044	0	1
1860	4	9	4	3067	0	1
1860	4	19	3	3070	0	1
1860	4	23	13	3071	0	1
1860	4	30	35	3063	0	1
1860	5	14	35	3065	0	1
1860	6	2	1	3066	0	1
1860	6	16	100	3046	0	1
1860	6	19	70	3033	0	1
1860	6	26	98	3034	0	1
1860	18	27	1	3066	0	1
1860	19	3	1	3068	0	1
1860	19	7	2	3068	0	1
1860	19	27	3	3068	0	1
1860	19	31	8	3068	0	1
1860	20	27	7	3069	0	1
1860	21	27	71	3069	0	1
1860	21	31	31	3062	0	1
1860	27	0	1	3067	0	1
1861	1	9	196	2987	0	1
1861	2	3	682	2754	0	1
1861	2	7	51	3067	0	1
1861	2	22	24	3051	0	1
1861	3	29	1005	2629	0	1
1861	4	23	60	3059	0	1
1861	4	26	3	3067	0	1
1861	4	30	11	3069	0	1
1861	5	9	4	3065	0	1
1861	21	0	6	3066	0	1
1861	21	7	9	3065	0	1
1862	0	11	196	2958	0	1
1862	1	8	233	2972	0	1
1862	2	7	1	3066	0	1
1862	3	23	1	3066	0	1
1862	3	31	2	3066	0	1
1862	4	29	7	3072	0	1
1862	5	0	2	3069	0	1
1862	5	7	16	3067	0	1
1862	6	3	1	3066	0	1
1862	6	10	295	2910	0	1
1862	7	0	1	3066	0	1
1862	18	15	5	3068	0	1
1862	19	4	13	3067	0	1
1862	20	0	5	3068	0	1
1862	20	14	138	3036	0	1
1862	20	22	8	3067	0	1
1863	0	11	383	2851	0	1
1863	0	24	390	2900	0	1
1863	1	8	197	2988	0	1
1863	2	15	143	3001	0	1
1863	2	23	105	3014	0	1
1863	2	26	529	2647	0	1
1863	3	10	396	2751	0	1
1863	3	23	3	3064	0	1
1863	3	25	5	3063	0	1
1863	5	3	3	3068	0	1
1863	5	7	64	3061	0	1
1863	5	13	23	3061	0	1
1863	5	29	6	3067	0	1
1863	6	16	1	3066	0	1
1863	6	19	119	3032	0	1
1863	6	28	24	3060	0	1
1863	7	29	143	3014	0	1
1863	20	12	13	3069	0	1
1863	20	19	5	3071	0	1
1863	20	21	18	3074	0	1
1863	21	28	27	3065	0	1
1864	0	10	223	2935	0	1
1864	0	22	1	3067	0	1
1864	0	25	213	2973	0	1
1864	1	9	408	2893	0	1
1864	2	22	16	3056	0	1
1864	2	27	439	2714	0	1
1864	3	7	1	3068	0	1
1864	3	18	143	3006	0	1
1864	3	24	65	3039	0	1
1864	4	19	3	3070	0	1
1864	4	23	53	3065	0	1
1864	5	1	3	3070	0	1
1864	5	2	7	3072	0	1
1864	5	9	4	3071	0	1
1864	5	15	4	3065	0	1
1864	5	20	29	3074	0	1
1864	5	21	80	3061	0	1
1864	5	22	65	3060	0	1
1864	5	26	1	3066	0	1
1864	5	28	6	3067	0	1
1864	6	17	99	3035	0	1
1864	6	19	142	3015	0	1
1864	6	26	1	3066	0	1
1864	6	29	143	3014	0	1
1864	7	1	1	3066	0	1
1864	7	15	119	3032	0	1
1864	7	19	3	3068	0	1
1864	7	26	83	3038	0	1
1864	18	7	3	3066	0	1
1864	18	27	1	3068	0	1
1864	19	3	1	3068	0	1
1864	19	7	2	3068	0	1
1864	19	27	3	3068	0	1
1864	20	1	5	3068	0	1
1864	20	7	6	3066	0	1
1864	20	18	3	3069	0	1
1864	20	20	6	3070	0	1
1864	21	27	71	3069	0	1
1864	21	29	27	3065	0	1
1864	21	31	31	3062	0	1
1864	26	22	1	3067	0	1
1865	0	10	304	2889	0	1
1865	1	9	414	2887	0	1
1865	1	11	2	3067	0	1
1865	2	3	832	2691	0	1
1865	2	14	220	2974	0	1
1865	2	27	12	3061	0	1
1865	3	5	3	3066	0	1
1865	3	11	12	3061	0	1
1865	3	13	5	3063	0	1
1865	3	22	1	3066	0	1
1865	4	26	2	3067	0	1
1865	4	28	7	3072	0	1
1865	4	30	64	3061	0	1
1865	5	1	3	3070	0	1
1865	5	2	7	3072	0	1
1865	5	15	4	3071	0	1
1865	5	21	80	3061	0	1
1865	5	25	3	3066	0	1
1865	6	2	2	3066	0	1
1865	6	29	143	3014	0	1
1865	7	1	1	3066	0	1
1865	7	15	119	3032	0	1
1865	7	25	39	3049	0	1
1865	18	14	3	3066	0	1
1865	20	7	6	3066	0	1
1865	20	15	6	3065	0	1
1865	20	23	4	3069	0	1
1865	20	27	3	3067	0	1
1865	20	31	8	3067	0	1
1865	21	7	14	3064	0	1
1866	0	25	390	2900	0	1
1866	2	13	880	2676	0	1
1866	2	22	32	3047	0	1
1866	3	13	5	3063	0	1
1866	3	29	1327	2500	0	1
1866	4	19	3	3070	0	1
1866	4	23	80	3061	0	1
1866	4	28	7	3072	0	1
1866	5	6	64	3061	0	1
1866	5	20	29	3074	0	1
1866	5	22	65	3060	0	1
1866	6	17	1	3066	0	1
1866	6	19	70	3033	0	1
1866	7	15	119	3032	0	1
1866	19	27	3	3068	0	1
1866	19	31	3	3067	0	1
1866	20	1	5	3068	0	1
1866	20	7	6	3066	0	1
1866	20	20	18	3074	0	1
1866	21	0	6	3066	0	1
1866	21	27	71	3069	0	1
1866	21	29	27	3065	0	1
1866	21	31	31	3062	0	1
1866	26	22	1	3067	0	1
1867	0	10	269	2918	0	1
1867	0	25	225	2982	0	1
1867	1	5	1	3067	0	1
1867	1	11	2	3067	0	1
1867	2	6	1	3066	0	1
1867	2	7	74	3064	0	1
1867	2	22	32	3050	0	1
1867	3	5	3	3064	0	1
1867	3	22	3	3064	0	1
1867	4	9	4	3067	0	1
1867	4	23	38	3058	0	1
1867	4	26	3	3067	0	1
1867	4	28	7	3072	0	1
1867	5	12	27	3061	0	1
1867	5	14	51	3062	0	1
1867	5	15	2	3069	0	1
1867	5	21	80	3061	0	1
1867	5	28	6	3067	0	1
1867	6	2	1	3066	0	1
1867	6	11	295	2910	0	1
1867	6	26	1	3066	0	1
1867	6	30	143	3014	0	1
1867	7	15	14	3066	0	1
1867	18	14	5	3068	0	1
1867	19	3	1	3068	0	1
1867	19	7	2	3068	0	1
1867	19	27	2	3067	0	1
1867	19	31	8	3068	0	1
1867	20	1	3	3069	0	1
1867	20	15	14	3064	0	1
1867	20	23	8	3067	0	1
1868	0	14	1	3066	0	1
1868	1	17	937	2667	0	1
1868	2	7	51	3067	0	1
1868	2	14	78	3034	0	1
1868	2	22	105	3014	0	1
1868	3	13	89	3024	0	1
1868	3	27	38	3051	0	1
1868	3	29	818	2722	0	1
1868	4	23	80	3061	0	1
1868	5	6	11	3069	0	1
1868	5	9	4	3065	0	1
1868	5	15	4	3065	0	1
1868	5	21	80	3061	0	1
1868	5	25	3	3066	0	1
1868	5	26	3	3070	0	1
1868	5	28	2	3067	0	1
1868	6	16	100	3046	0	1
1868	6	18	119	3032	0	1
1868	7	15	119	3032	0	1
1868	7	19	3	3068	0	1
1868	7	25	100	3034	0	1
1868	7	26	142	3015	0	1
1868	20	7	3	3067	0	1
1868	20	18	5	3071	0	1
1868	20	27	7	3069	0	1
1868	20	31	8	3067	0	1
1868	21	7	14	3064	0	1
1869	0	21	1	3067	0	1
1869	0	25	198	2989	0	1
1869	1	17	210	2971	0	1
1869	2	7	52	3067	0	1
1869	2	13	511	2817	0	1
1869	2	27	418	2730	0	1
1869	3	5	5	3064	0	1
1869	3	11	845	2395	0	1
1869	3	15	1	3068	0	1
1869	3	24	5	3063	0	1
1869	3	29	1327	2500	0	1
1869	3	30	2	3066	0	1
1869	4	23	80	3061	0	1
1869	4	26	1	3067	0	1
1869	5	14	2	3065	0	1
1869	5	15	4	3071	0	1
1869	5	21	80	3061	0	1
1869	5	25	6	3070	0	1
1869	5	26	1	3066	0	1
1869	5	28	6	3067	0	1
1869	6	26	98	3034	0	1
1869	7	15	119	3032	0	1
1869	7	25	100	3034	0	1
1869	7	26	142	3015	0	1
1869	7	28	143	3014	0	1
1869	18	27	1	3068	0	1
1869	19	5	7	3069	0	1
1869	20	13	13	3069	0	1
1869	20	15	14	3064	0	1
1869	20	31	4	3069	0	1
1869	21	7	14	3064	0	1
1869	27	0	1	3067	0	1
1870	0	1	2	3065	0	1
1870	0	4	1	3066	0	1
1870	0	6	2	3067	0	1
1870	3	23	3	3065	0	1
1870	3	28	87	3025	0	1
1870	3	29	10	3061	0	1
1870	3	31	4	3063	0	1
1871	0	0	217	2991	0	1
1871	0	1	127	2994	0	1
1871	0	2	36	3053	0	1
1871	0	3	65	3036	0	1
1871	0	4	130	3015	0	1
1871	0	6	65	3042	0	1
1871	1	0	1	3066	0	1
1871	1	5	1	3068	0	1
1871	1	16	1	3066	0	1
1871	1	22	1	3067	0	1
1871	2	16	52	3047	0	1
1871	2	24	793	2415	0	1
1871	2	28	256	2923	0	1
1871	3	18	5	3064	0	1
1871	3	23	2	3065	0	1
1871	3	24	30	3057	0	1
1871	3	26	3	3064	0	1
1871	3	28	891	2682	0	1
1871	3	29	8	3062	0	1
1871	3	31	4	3063	0	1
1871	6	0	119	3032	0	1
1871	20	0	3	3066	0	1
1871	20	2	35	3069	0	1
1871	20	16	4	3068	0	1
1871	20	17	43	3065	0	1
1872	0	0	254	2990	0	1
1872	0	1	129	2989	0	1
1872	0	2	47	3050	0	1
1872	0	3	62	3033	0	1
1872	0	4	121	3015	0	1
1872	0	6	69	3030	0	1
1872	1	12	1	3067	0	1
1872	2	16	142	3007	0	1
1872	2	20	78	3034	0	1
1872	2	28	1201	2558	0	1
1872	3	0	142	3007	0	1
1872	3	1	52	3047	0	1
1872	3	5	793	2415	0	1
1872	3	8	78	3034	0	1
1872	3	12	1201	2558	0	1
1872	3	13	256	2923	0	1
1872	3	16	89	3038	0	1
1872	3	17	17	3062	0	1
1872	3	18	48	3039	0	1
1872	3	19	27	3060	0	1
1872	3	21	26	3057	0	1
1872	3	23	14	3061	0	1
1872	3	24	45	3047	0	1
1872	3	28	223	2985	0	1
1872	3	29	90	3026	0	1
1872	4	0	4	3071	0	1
1872	4	8	4	3065	0	1
1872	4	24	16	3065	0	1
1872	5	4	29	3074	0	1
1872	5	20	65	3060	0	1
1872	6	16	295	2910	0	1
1872	18	8	2	3067	0	1
1872	18	16	1	3068	0	1
1872	18	17	3	3066	0	1
1872	19	0	1	3068	0	1
1872	19	1	2	3067	0	1
1872	19	3	10	3065	0	1
1872	19	16	3	3068	0	1
1872	19	17	2	3067	0	1
1872	20	0	2	3069	0	1
1872	20	2	3	3069	0	1
1872	20	16	3	3068	0	1
1872	20	17	15	3073	0	1
1872	21	0	4	3071	0	1
1872	21	2	9	3065	0	1
1872	21	16	27	3065	0	1
1872	21	18	265	2975	0	1
1872	22	0	55	3051	0	1
1872	27	24	1	3067	0	1
1873	0	1	4	3063	0	1
1873	0	3	2	3065	0	1
1873	0	6	2	3067	0	1
1873	1	10	1	3067	0	1
1873	3	19	7	3060	0	1
1873	3	21	30	3052	0	1
1873	3	23	24	3051	0	1
1873	3	29	18	3061	0	1
1873	19	16	4	3068	0	1
1873	19	17	17	3067	0	1
1873	21	0	67	3065	0	1
1873	21	2	120	3048	0	1
1874	2	0	1	3066	0	1
1874	2	4	119	3064	0	1
1874	3	0	1	3068	0	1
1874	3	3	2	3065	0	1
1874	3	5	2	3065	0	1
1874	3	17	5	3066	0	1
1874	3	21	989	2612	0	1
1874	3	27	2	3069	0	1
1874	3	28	2	3069	0	1
1874	3	30	5	3069	0	1
1874	4	0	5	3069	0	1
1874	4	2	3	3070	0	1
1874	4	15	8	3068	0	1
1874	4	25	8	3069	0	1
1874	4	27	9	3072	0	1
1874	5	0	36	3055	0	1
1874	5	3	23	3069	0	1
1874	5	5	20	3060	0	1
1874	5	6	10	3069	0	1
1874	5	10	29	3074	0	1
1874	5	16	55	3052	0	1
1874	5	21	65	3060	0	1
1874	5	28	72	3047	0	1
1874	5	30	72	3047	0	1
1874	6	0	131	3029	0	1
1874	6	2	13	3063	0	1
1874	6	3	119	3032	0	1
1874	6	13	119	3032	0	1
1874	6	15	217	2942	0	1
1874	6	24	1	3066	0	1
1874	6	27	143	3014	0	1
1874	6	28	295	2910	0	1
1874	6	29	1	3066	0	1
1874	7	0	58	3052	0	1
1874	7	3	144	3014	0	1
1874	7	5	18	3063	0	1
1874	7	16	84	3011	0	1
1874	7	28	2	3066	0	1
1874	7	30	145	3013	0	1
1874	8	0	1169	2195	0	1
1874	9	0	126	2971	0	1
1874	20	28	19	3069	0	1
1874	21	9	27	3064	0	1
1874	21	10	27	3064	0	1
1874	21	21	288	3005	0	1
1874	22	5	55	3051	0	1
1874	27	21	1	3067	0	1
1875	2	0	145	3062	0	1
1875	2	1	51	3067	0	1
1875	2	2	119	3064	0	1
1875	3	0	84	3069	0	1
1875	3	24	13	3055	0	1
1875	3	25	45	3038	0	1
1875	4	7	4	3065	0	1
1875	4	10	4	3071	0	1
1875	4	12	9	3067	0	1
1875	5	8	29	3074	0	1
1875	5	25	65	3060	0	1
1875	6	7	119	3032	0	1
1875	6	10	119	3032	0	1
1875	18	0	2	3068	0	1
1875	18	2	1	3067	0	1
1875	18	12	1	3068	0	1
1875	18	13	1	3068	0	1
1875	18	14	3	3066	0	1
1875	18	25	5	3067	0	1
1875	19	0	5	3066	0	1
1875	19	3	10	3069	0	1
1875	19	5	1	3067	0	1
1875	19	16	2	3068	0	1
1875	19	17	8	3068	0	1
1875	19	21	20	3072	0	1
1875	19	25	18	3072	0	1
1875	20	7	5	3068	0	1
1875	20	9	3	3066	0	1
1875	20	10	35	3071	0	1
1875	20	12	39	3068	0	1
1875	20	14	6	3066	0	1
1875	20	20	63	3070	0	1
1875	20	21	82	3075	0	1
1875	21	8	165	3045	0	1
1875	21	11	15	3066	0	1
1875	21	16	14	3064	0	1
1875	21	17	31	3062	0	1
1875	21	21	288	3005	0	1
1875	21	24	2	3067	0	1
1875	21	25	536	2919	0	1
1875	22	7	55	3051	0	1
1875	22	9	921	2388	0	1
1875	22	10	976	2372	0	1
1875	22	12	55	3051	0	1
1875	27	21	1	3067	0	1
1877	3	26	1	3066	0	1
1877	4	2	3	3067	0	1
1877	4	10	5	3067	0	1
1877	4	14	1	3068	0	1
1877	4	18	2	3069	0	1
1877	4	19	5	3070	0	1
1877	4	26	7	3070	0	1
1877	5	2	9	3067	0	1
1877	5	6	16	3062	0	1
1877	5	14	45	3057	0	1
1877	5	16	16	3067	0	1
1877	6	0	2	3068	0	1
1877	6	1	1	3066	0	1
1877	6	9	1	3066	0	1
1877	7	6	3	3068	0	1
1877	7	14	84	3011	0	1
1877	7	16	143	3014	0	1
1877	8	0	1169	2195	0	1
1878	3	20	1	3066	0	1
1878	3	26	2	3069	0	1
1878	3	28	2	3065	0	1
1878	4	0	1	3066	0	1
1878	4	4	2	3067	0	1
1878	4	12	2	3067	0	1
1878	4	18	1	3066	0	1
1878	4	19	2	3067	0	1
1878	4	26	1	3066	0	1
1878	4	27	3	3066	0	1
1879	4	2	1	3068	0	1
1879	4	6	2	3069	0	1
1879	4	18	2	3066	0	1
1879	4	19	2	3068	0	1
1879	4	27	3	3067	0	1
1879	5	2	5	3065	0	1
1879	5	6	5	3066	0	1
1879	5	14	10	3062	0	1
1879	5	16	13	3066	0	1
1879	5	20	51	3062	0	1
1879	5	24	29	3058	0	1
1879	5	28	89	3042	0	1
1879	6	0	97	3034	0	1
1879	6	8	217	2942	0	1
1879	6	18	225	2944	0	1
1879	6	19	70	3033	0	1
1879	6	27	237	2888	0	1
1879	7	2	143	3014	0	1
1880	0	12	1	3066	0	1
1880	0	22	2	3065	0	1
1880	0	25	1	3066	0	1
1880	1	0	3248	841	0	1
1880	1	4	2	3065	0	1
1880	1	20	4	3063	0	1
1880	2	27	230	2890	0	1
1880	2	29	745	2419	0	1
1880	2	30	1127	2167	0	1
1880	8	12	4	3070	0	1
1880	8	27	23	3065	0	1
1880	10	8	8	3069	0	1
1880	10	27	27	3071	0	1
1880	16	22	6	3069	0	1
1880	17	0	6	3069	0	1
1880	17	20	13	3068	0	1
1880	18	8	123	3043	0	1
1880	18	12	23	3073	0	1
1880	18	22	58	3052	0	1
1880	18	25	202	2994	0	1
1880	18	26	59	3051	0	1
1880	18	27	261	2975	0	1
1880	18	30	59	3051	0	1
1880	19	0	58	3052	0	1
1880	19	20	218	2997	0	1
1880	20	8	18	3051	0	1
1880	20	22	431	2749	0	1
1880	20	25	763	2540	0	1
1880	20	26	88	2995	0	1
1880	21	0	81	3041	0	1
1880	21	20	617	2583	0	1
1880	22	22	2291	1637	0	1
1880	22	26	1810	1923	0	1
1880	23	0	2291	1637	0	1
1880	23	20	1417	2132	0	1
1880	26	29	1	3067	0	1
1880	50	14	1119	2327	0	1
1881	0	15	2	3068	0	1
1881	0	16	2	3065	0	1
1881	0	17	2	3065	0	1
1881	0	21	2	3065	0	1
1881	0	26	1	3066	0	1
1881	1	3	946	2709	0	1
1881	2	15	87	3007	0	1
1881	2	25	667	2475	0	1
1881	2	26	426	2719	0	1
1881	2	29	667	2475	0	1
1881	3	3	667	2475	0	1
1881	3	7	589	2577	0	1
1881	3	19	1130	2166	0	1
1881	5	3	946	2709	0	1
1881	8	14	5	3066	0	1
1881	8	15	21	3076	0	1
1881	8	16	42	3058	0	1
1881	8	25	42	3058	0	1
1881	8	26	47	3062	0	1
1881	8	29	42	3058	0	1
1881	9	3	42	3058	0	1
1881	9	19	38	3056	0	1
1881	10	11	3	3067	0	1
1881	10	16	241	3041	0	1
1881	10	17	241	3041	0	1
1881	10	25	241	3041	0	1
1881	10	29	241	3041	0	1
1881	11	3	241	3041	0	1
1881	11	19	154	3061	0	1
1881	16	11	1	3068	0	1
1881	16	21	6	3069	0	1
1881	18	15	51	3070	0	1
1881	18	16	59	3051	0	1
1881	18	21	58	3052	0	1
1881	18	24	263	2973	0	1
1881	18	25	10	3065	0	1
1881	18	26	201	2995	0	1
1881	18	29	10	3065	0	1
1881	19	3	10	3065	0	1
1881	19	7	204	3012	0	1
1881	19	19	108	3038	0	1
1881	20	17	138	3018	0	1
1881	20	21	81	3041	0	1
1881	20	25	231	3008	0	1
1881	20	26	342	2850	0	1
1881	20	29	231	3008	0	1
1881	21	3	231	3008	0	1
1881	21	19	270	2975	0	1
1881	22	16	2291	1637	0	1
1881	22	17	2291	1637	0	1
1881	22	21	2291	1637	0	1
1881	26	16	1	3067	0	1
1881	26	17	1	3067	0	1
1881	26	25	1	3067	0	1
1881	26	29	1	3067	0	1
1881	27	3	1	3066	0	1
1882	3	27	330	2768	0	1
1882	3	30	1	3067	0	1
1882	5	14	1	3067	0	1
1882	5	30	2	3068	0	1
1882	7	14	25	3066	0	1
1882	7	30	35	3059	0	1
1882	8	9	1	3067	0	1
1882	8	25	4	3068	0	1
1882	8	30	81	3041	0	1
1882	9	6	2	3067	0	1
1882	9	9	9	3067	0	1
1882	9	25	19	3069	0	1
1882	9	30	81	3041	0	1
1882	10	9	55	3053	0	1
1882	10	25	131	3019	0	1
1882	11	9	1357	2445	0	1
1882	11	27	630	2851	0	1
1882	13	6	1	3067	0	1
1882	15	30	1	3067	0	1
1882	17	15	1	3067	0	1
1882	17	29	6	3068	0	1
1882	17	31	2	3068	0	1
1882	19	14	23	3066	0	1
1882	19	15	6	3067	0	1
1882	19	31	2	3067	0	1
1882	22	11	2291	1637	0	1
1882	50	20	1119	2327	0	1
1882	50	21	1119	2327	0	1
1883	3	26	667	2475	0	1
1883	5	14	1	3067	0	1
1883	8	8	1	3067	0	1
1883	8	24	4	3068	0	1
1883	9	6	2	3067	0	1
1883	9	8	9	3067	0	1
1883	9	24	19	3069	0	1
1883	10	8	37	3057	0	1
1883	10	24	85	3037	0	1
1883	11	8	884	2665	0	1
1883	17	14	1	3067	0	1
1883	17	30	2	3068	0	1
1883	19	14	25	3066	0	1
1883	19	30	35	3059	0	1
1883	20	30	81	3041	0	1
1883	21	30	81	3041	0	1
1883	22	10	2291	1637	0	1
1883	27	30	1	3067	0	1
1884	1	4	1	3067	0	1
1884	1	7	1	3067	0	1
1884	3	24	285	2810	0	1
1884	8	9	1	3067	0	1
1884	8	26	4	3068	0	1
1884	9	9	8	3068	0	1
1884	9	26	19	3069	0	1
1884	10	26	131	3019	0	1
1884	17	12	1	3067	0	1
1884	17	30	4	3067	0	1
1884	50	22	1119	2327	0	1
1885	3	26	148	2934	0	1
1885	8	29	1	3066	0	1
1885	17	13	1	3067	0	1
1885	17	30	1	3068	0	1
1885	17	31	6	3068	0	1
1885	19	13	25	3066	0	1
1885	19	29	20	3069	0	1
1885	20	29	40	3060	0	1
1885	20	30	80	3042	0	1
1885	21	29	40	3060	0	1
1885	27	29	1	3067	0	1
1885	50	20	1119	2327	0	1
1885	50	21	1119	2327	0	1
1886	0	5	42	3053	0	1
1886	1	1	1	3068	0	1
1886	1	11	69	3041	0	1
1886	3	26	667	2475	0	1
1886	7	19	2	3066	0	1
1886	7	21	1	3068	0	1
1886	8	5	2	3067	0	1
1886	9	6	2	3067	0	1
1886	10	8	40	3056	0	1
1886	10	24	49	3042	0	1
1886	11	8	929	2635	0	1
1886	11	21	19	3064	0	1
1886	17	30	2	3068	0	1
1886	18	5	163	3029	0	1
1886	19	1	7	3069	0	1
1886	19	14	19	3068	0	1
1886	19	30	35	3059	0	1
1886	20	30	81	3041	0	1
1886	21	30	81	3041	0	1
1886	22	10	2291	1637	0	1
1887	0	6	103	3026	0	1
1887	0	10	1	3067	0	1
1887	0	16	269	2823	0	1
1887	0	20	2	3065	0	1
1887	0	26	18	3065	0	1
1887	1	0	11	3066	0	1
1887	1	12	390	2900	0	1
1887	1	16	32	3049	0	1
1887	1	20	1	3067	0	1
1887	1	30	437	2920	0	1
1887	2	0	472	2628	0	1
1887	2	14	2	3066	0	1
1887	2	16	5	3070	0	1
1887	2	24	3	3069	0	1
1887	2	30	465	2874	0	1
1887	3	12	17	3066	0	1
1887	3	30	889	2699	0	1
1887	3	31	1	3067	0	1
1887	4	12	2	3065	0	1
1887	4	14	2	3068	0	1
1887	4	26	1	3066	0	1
1887	4	30	108	2999	0	1
1887	5	0	71	3050	0	1
1887	5	15	1	3067	0	1
1887	5	31	2	3068	0	1
1887	6	30	419	2704	0	1
1887	7	15	25	3066	0	1
1887	7	31	35	3059	0	1
1887	8	0	6	3068	0	1
1887	8	9	1	3067	0	1
1887	8	16	394	2917	0	1
1887	8	31	81	3041	0	1
1887	9	7	2	3067	0	1
1887	9	9	9	3067	0	1
1887	9	31	81	3041	0	1
1887	10	8	33	3072	0	1
1887	10	9	55	3053	0	1
1887	10	10	4	3069	0	1
1887	10	14	1	3066	0	1
1887	11	9	1357	2445	0	1
1887	11	16	391	2920	0	1
1887	13	7	1	3067	0	1
1887	15	31	1	3067	0	1
1887	16	6	5	3069	0	1
1887	18	8	16	3069	0	1
1887	18	28	5	3068	0	1
1887	20	0	14	3063	0	1
1887	20	8	59	3043	0	1
1887	20	14	3	3068	0	1
1887	21	14	1732	2026	0	1
1888	0	6	44	3049	0	1
1888	0	11	1	3066	0	1
1888	0	16	258	2840	0	1
1888	0	17	342	2765	0	1
1888	0	22	8	3067	0	1
1888	0	23	6	3068	0	1
1888	1	0	25	3055	0	1
1888	1	1	13	3061	0	1
1888	1	13	208	2977	0	1
1888	1	16	129	2992	0	1
1888	1	21	2	3067	0	1
1888	1	26	27	3052	0	1
1888	1	30	413	2917	0	1
1888	1	31	205	2985	0	1
1888	2	0	252	2848	0	1
1888	2	1	25	3059	0	1
1888	2	6	1	3066	0	1
1888	2	7	7	3062	0	1
1888	2	16	8	3067	0	1
1888	2	17	11	3068	0	1
1888	2	22	480	2674	0	1
1888	2	30	217	2974	0	1
1888	2	31	62	3042	0	1
1888	3	0	134	3001	0	1
1888	3	12	22	3071	0	1
1888	3	13	7	3063	0	1
1888	3	21	31	3060	0	1
1888	3	23	473	2627	0	1
1888	4	16	18	3067	0	1
1888	4	17	27	3063	0	1
1888	4	18	1	3067	0	1
1888	4	24	89	3032	0	1
1888	4	31	278	2908	0	1
1888	5	15	262	2835	0	1
1888	5	20	486	2628	0	1
1888	5	30	1069	2515	0	1
1888	6	4	212	2999	0	1
1888	7	5	30	3063	0	1
1888	7	14	13	3066	0	1
1888	8	27	1	3067	0	1
1888	8	30	4	3068	0	1
1888	10	5	58	3055	0	1
1888	10	10	8	3070	0	1
1888	10	14	3	3067	0	1
1888	10	21	48	3058	0	1
1888	11	21	2	3067	0	1
1888	12	10	128	2996	0	1
1888	13	4	396	2916	0	1
1888	13	10	182	3036	0	1
1888	13	21	1336	2552	0	1
1888	18	18	1	3067	0	1
1888	18	19	1	3067	0	1
1888	20	19	6	3066	0	1
1889	0	5	28	3053	0	1
1889	0	9	1330	2495	0	1
1889	0	12	394	2744	0	1
1889	0	13	614	2580	0	1
1889	0	18	2	3065	0	1
1889	0	28	39	3051	0	1
1889	0	29	56	3044	0	1
1889	1	11	175	3006	0	1
1889	1	24	87	3034	0	1
1889	1	25	179	2992	0	1
1889	2	0	5	3063	0	1
1889	3	8	1	3067	0	1
1889	3	16	22	3063	0	1
1889	3	17	42	3058	0	1
1889	3	18	3	3066	0	1
1889	4	7	615	2840	0	1
1889	4	13	690	2783	0	1
1889	4	14	2	3066	0	1
1889	4	25	32	3055	0	1
1889	4	29	287	2948	0	1
1889	6	12	120	2990	0	1
1889	6	18	98	3042	0	1
1889	7	11	1516	2113	0	1
1889	9	4	97	3058	0	1
1889	9	21	4	3067	0	1
1889	16	7	2	3068	0	1
1889	16	22	1	3067	0	1
1889	18	6	6	3069	0	1
1889	18	7	9	3071	0	1
1889	18	22	3	3066	0	1
1889	18	23	1	3067	0	1
1889	20	6	38	3059	0	1
1889	20	7	77	3040	0	1
1889	21	6	40	3060	0	1
1889	21	7	479	2709	0	1
1889	21	24	5	3068	0	1
1889	25	0	1	3067	0	1
1890	0	0	51	3067	0	1
1890	0	12	41	3049	0	1
1890	0	17	520	2608	0	1
1890	0	19	1	3067	0	1
1890	0	21	2082	1865	0	1
1890	1	1	13	3062	0	1
1890	1	10	175	3006	0	1
1890	1	13	297	2947	0	1
1890	1	17	85	3021	0	1
1890	1	21	2	3067	0	1
1890	1	27	44	3040	0	1
1890	2	0	26	3056	0	1
1890	2	1	496	2616	0	1
1890	2	9	1330	2495	0	1
1890	2	15	2554	1341	0	1
1890	2	16	1495	2001	0	1
1890	2	17	6	3064	0	1
1890	2	25	3	3069	0	1
1890	2	31	279	2945	0	1
1890	3	8	8	3067	0	1
1890	3	13	19	3069	0	1
1890	3	15	1113	2575	0	1
1890	3	16	73	3049	0	1
1890	3	21	43	3056	0	1
1890	3	23	472	2628	0	1
1890	3	27	65	3015	0	1
1890	3	31	60	3043	0	1
1890	4	4	458	2912	0	1
1890	4	12	956	2648	0	1
1890	4	15	1	3067	0	1
1890	4	17	212	2999	0	1
1890	4	24	17	3056	0	1
1890	5	10	72	3055	0	1
1890	5	15	907	2252	0	1
1890	5	26	22	3064	0	1
1890	6	5	27	3063	0	1
1890	6	18	19	3063	0	1
1890	6	31	136	2966	0	1
1890	7	10	466	2619	0	1
1890	7	15	13	3066	0	1
1890	8	27	3	3067	0	1
1890	9	20	7	3066	0	1
1890	10	1	2	3065	0	1
1890	10	11	4	3067	0	1
1890	10	15	2	3067	0	1
1890	10	22	361	2990	0	1
1890	11	17	390	2921	0	1
1890	11	21	2	3067	0	1
1890	12	11	2	3067	0	1
1890	13	5	396	2916	0	1
1890	13	15	2	3067	0	1
1890	13	21	59	3036	0	1
1890	15	21	667	2489	0	1
1890	16	7	5	3069	0	1
1890	18	19	1	3067	0	1
1890	19	21	134	3062	0	1
1890	20	1	5	3065	0	1
1890	20	9	4	3066	0	1
1890	20	15	6	3063	0	1
1890	21	8	19	3069	0	1
1890	22	24	55	3051	0	1
1891	0	0	82	3059	0	1
1891	0	8	478	2689	0	1
1891	0	12	317	2825	0	1
1891	0	17	342	2765	0	1
1891	0	18	345	2745	0	1
1891	0	28	92	3029	0	1
1891	0	29	1	3066	0	1
1891	1	10	124	3023	0	1
1891	1	13	188	2990	0	1
1891	1	27	1113	2575	0	1
1891	1	31	310	2952	0	1
1891	2	0	74	3032	0	1
1891	2	1	523	2615	0	1
1891	2	7	4	3064	0	1
1891	2	15	1122	2317	0	1
1891	2	16	454	2622	0	1
1891	2	17	8	3067	0	1
1891	3	13	35	3066	0	1
1891	3	16	46	3052	0	1
1891	3	18	13	3063	0	1
1891	3	23	472	2628	0	1
1891	3	27	1554	2316	0	1
1891	3	31	1	3067	0	1
1891	4	6	614	2852	0	1
1891	4	9	1645	2143	0	1
1891	4	13	45	3044	0	1
1891	4	14	4	3071	0	1
1891	4	25	20	3056	0	1
1891	4	28	511	2858	0	1
1891	5	10	140	3032	0	1
1891	5	26	40	3063	0	1
1891	6	2	39	3060	0	1
1891	6	12	201	2937	0	1
1891	6	18	165	3041	0	1
1891	7	10	3429	834	0	1
1891	7	18	19	3063	0	1
1891	8	27	3	3067	0	1
1891	8	31	13	3066	0	1
1891	9	1	6	3069	0	1
1891	9	4	4	3067	0	1
1891	9	20	7	3066	0	1
1891	10	1	394	2917	0	1
1891	10	21	7	3063	0	1
1891	11	15	17	3069	0	1
1891	11	17	393	2918	0	1
1891	13	15	2	3067	0	1
1891	16	6	1	3067	0	1
1891	16	22	1	3067	0	1
1891	18	6	4	3069	0	1
1891	18	22	1	3067	0	1
1891	18	29	4	3067	0	1
1891	19	0	6	3070	0	1
1891	19	11	5	3069	0	1
1891	19	21	26	3064	0	1
1891	20	1	4	3066	0	1
1891	20	6	46	3052	0	1
1891	20	9	32	3056	0	1
1891	20	13	27	3069	0	1
1891	20	15	84	3037	0	1
1891	20	31	2	3067	0	1
1891	21	6	34	3059	0	1
1891	21	15	1307	2265	0	1
1891	21	24	2	3068	0	1
1891	22	13	144	3023	0	1
1891	22	24	55	3051	0	1
1892	0	0	51	3067	0	1
1892	0	8	1330	2495	0	1
1892	0	12	315	2807	0	1
1892	1	10	175	3006	0	1
1892	2	16	530	2563	0	1
1892	2	20	789	2416	0	1
1892	3	13	29	3070	0	1
1892	3	16	22	3063	0	1
1892	3	18	5	3068	0	1
1892	3	27	1554	2316	0	1
1892	3	31	530	2844	0	1
1892	4	15	2	3068	0	1
1892	4	17	20	3064	0	1
1892	5	1	165	3041	0	1
1892	5	10	140	3032	0	1
1892	6	2	39	3060	0	1
1892	6	18	165	3041	0	1
1892	7	5	30	3063	0	1
1892	7	10	466	2619	0	1
1892	7	15	7	3066	0	1
1892	7	18	23	3066	0	1
1892	8	1	7	3066	0	1
1892	8	17	394	2917	0	1
1892	8	31	13	3066	0	1
1892	9	20	7	3066	0	1
1892	20	31	2	3067	0	1
1892	21	8	19	3069	0	1
1892	21	24	5	3068	0	1
1892	22	24	55	3051	0	1
1893	0	27	3	3069	0	1
1893	1	0	1	3068	0	1
1893	1	1	14	3061	0	1
1893	1	13	390	2900	0	1
1893	1	17	30	3054	0	1
1893	1	21	2	3067	0	1
1893	1	27	1113	2575	0	1
1893	1	31	946	2709	0	1
1893	2	1	523	2615	0	1
1893	2	7	7	3062	0	1
1893	2	9	680	2534	0	1
1893	2	15	582	2674	0	1
1893	2	17	11	3068	0	1
1893	2	23	7	3065	0	1
1893	2	25	3	3069	0	1
1893	2	31	465	2874	0	1
1893	3	8	3	3066	0	1
1893	3	13	7	3063	0	1
1893	3	21	27	3066	0	1
1893	3	23	473	2627	0	1
1893	3	27	23	3047	0	1
1893	3	31	60	3043	0	1
1893	4	13	1	3066	0	1
1893	4	14	4	3071	0	1
1893	4	15	1	3068	0	1
1893	4	17	212	2999	0	1
1893	5	1	133	3042	0	1
1893	5	10	106	3045	0	1
1893	5	15	445	2663	0	1
1893	6	2	39	3060	0	1
1893	6	5	212	2999	0	1
1893	6	31	419	2704	0	1
1893	7	15	13	3066	0	1
1893	8	17	298	2947	0	1
1893	8	27	3	3067	0	1
1893	10	1	394	2917	0	1
1893	11	17	393	2918	0	1
1893	13	5	396	2916	0	1
1893	13	15	2	3067	0	1
1893	16	7	5	3069	0	1
1893	18	19	1	3067	0	1
1893	18	29	3	3068	0	1
1893	19	21	26	3064	0	1
1893	20	13	1	3067	0	1
1893	20	15	84	3037	0	1
1893	20	19	2	3066	0	1
1893	20	31	2	3067	0	1
1893	25	0	1	3067	0	1
1894	0	8	65	3040	0	1
1894	0	12	614	2580	0	1
1894	0	17	432	2684	0	1
1894	0	18	232	2851	0	1
1894	0	21	2	3065	0	1
1894	0	28	92	3029	0	1
1894	1	24	220	2982	0	1
1894	1	31	692	2801	0	1
1894	2	0	5	3063	0	1
1894	2	9	1330	2495	0	1
1894	2	16	1	3066	0	1
1894	2	23	8	3065	0	1
1894	3	15	1113	2575	0	1
1894	3	16	58	3052	0	1
1894	3	18	12	3063	0	1
1894	3	27	87	3001	0	1
1894	4	13	3	3064	0	1
1894	4	14	6	3066	0	1
1894	4	17	8	3066	0	1
1894	4	24	32	3055	0	1
1894	5	15	907	2252	0	1
1894	5	21	1474	2161	0	1
1894	5	31	2522	1649	0	1
1894	7	18	23	3066	0	1
1894	7	20	1	3068	0	1
1894	8	1	4	3065	0	1
1894	8	27	3	3067	0	1
1894	8	31	11	3066	0	1
1894	10	11	6	3068	0	1
1894	10	15	3	3067	0	1
1894	10	21	48	3058	0	1
1894	10	22	361	2990	0	1
1894	11	20	33	3069	0	1
1894	11	21	2	3067	0	1
1894	12	11	34	3057	0	1
1894	13	5	1	3067	0	1
1894	13	11	182	3036	0	1
1894	13	21	1336	2552	0	1
1894	16	22	1	3067	0	1
1894	18	29	3	3068	0	1
1894	19	0	7	3069	0	1
1894	19	21	75	3052	0	1
1894	20	1	6	3066	0	1
1894	20	9	59	3043	0	1
1894	20	13	4	3067	0	1
1894	20	15	43	3053	0	1
1894	21	15	1732	2026	0	1
1894	22	13	11	3067	0	1
1895	0	5	563	2652	0	1
1895	0	7	105	3028	0	1
1895	0	17	520	2608	0	1
1895	0	18	2	3065	0	1
1895	0	23	11	3068	0	1
1895	0	27	1	3068	0	1
1895	0	28	70	3040	0	1
1895	1	1	25	3055	0	1
1895	1	17	32	3049	0	1
1895	1	21	2	3067	0	1
1895	2	16	636	2474	0	1
1895	2	17	6	3070	0	1
1895	2	20	593	2588	0	1
1895	2	23	480	2674	0	1
1895	3	13	7	3069	0	1
1895	3	18	2	3067	0	1
1895	3	21	44	3056	0	1
1895	3	23	343	2749	0	1
1895	3	27	82	3006	0	1
1895	3	31	873	2704	0	1
1895	4	12	943	2649	0	1
1895	4	13	3	3064	0	1
1895	4	14	4	3067	0	1
1895	4	15	1	3068	0	1
1895	4	17	12	3068	0	1
1895	4	19	1	3067	0	1
1895	4	25	89	3032	0	1
1895	4	27	1	3067	0	1
1895	4	31	278	2908	0	1
1895	5	15	334	2776	0	1
1895	5	21	486	2628	0	1
1895	5	26	40	3063	0	1
1895	6	2	39	3060	0	1
1895	6	31	86	2993	0	1
1895	7	18	23	3066	0	1
1895	9	1	6	3069	0	1
1895	10	5	75	3049	0	1
1895	10	15	3	3067	0	1
1895	10	21	6	3064	0	1
1895	11	20	17	3068	0	1
1895	11	21	1	3066	0	1
1895	16	6	1	3067	0	1
1895	16	7	3	3069	0	1
1895	16	22	1	3067	0	1
1895	18	6	9	3071	0	1
1895	18	22	3	3066	0	1
1895	18	29	5	3068	0	1
1895	20	6	77	3040	0	1
1895	20	13	5	3068	0	1
1895	20	19	6	3066	0	1
1895	21	6	81	3041	0	1
1895	21	24	3	3067	0	1
1895	22	13	24	3066	0	1
1896	0	11	1	3066	0	1
1896	0	28	1	3066	0	1
1896	0	29	1	3068	0	1
1896	0	30	23	3058	0	1
1896	1	0	6	3064	0	1
1896	1	2	1	3068	0	1
1896	1	10	1733	1890	0	1
1896	1	14	13	3060	0	1
1896	1	17	2163	1596	0	1
1896	2	1	211	2997	0	1
1896	2	2	271	2943	0	1
1896	2	3	3	3068	0	1
1896	2	9	293	2964	0	1
1896	2	10	98	3027	0	1
1896	2	16	2	3066	0	1
1896	2	17	24	3057	0	1
1896	2	18	8	3061	0	1
1896	2	21	18	3052	0	1
1896	2	22	25	3055	0	1
1896	2	25	34	3054	0	1
1896	2	27	2	3068	0	1
1896	3	0	11	3064	0	1
1896	3	5	30	3054	0	1
1896	3	9	150	2981	0	1
1896	3	13	17	3063	0	1
1896	3	16	75	3035	0	1
1896	3	17	214	2962	0	1
1896	3	18	3	3068	0	1
1896	3	22	40	3050	0	1
1896	3	26	888	2362	0	1
1896	3	27	339	2935	0	1
1896	3	30	907	2252	0	1
1896	4	3	13	3067	0	1
1896	4	4	4	3066	0	1
1896	4	9	3	3066	0	1
1896	4	11	9	3065	0	1
1896	4	12	8	3067	0	1
1896	4	15	492	2887	0	1
1896	4	17	511	2817	0	1
1896	4	20	20	3064	0	1
1896	4	26	2	3066	0	1
1896	4	29	6	3067	0	1
1896	5	5	719	2473	0	1
1896	5	7	40	3055	0	1
1896	5	11	13	3057	0	1
1896	5	16	486	2617	0	1
1896	5	20	121	2976	0	1
1896	5	28	13	3066	0	1
1896	8	5	9	3068	0	1
1896	8	19	6	3065	0	1
1896	8	23	2	3068	0	1
1896	8	26	1	3067	0	1
1896	9	26	5	3068	0	1
1896	10	7	1	3068	0	1
1896	10	13	7	3066	0	1
1896	10	21	1	3067	0	1
1896	11	17	3	3067	0	1
1896	11	22	30	3062	0	1
1896	11	26	1	3067	0	1
1896	16	18	1	3068	0	1
1896	16	22	1	3067	0	1
1896	17	7	1	3067	0	1
1896	17	13	5	3068	0	1
1896	18	4	3	3067	0	1
1896	18	23	1	3066	0	1
1896	19	4	1	3067	0	1
1896	19	8	3	3067	0	1
1896	19	9	7	3071	0	1
1896	19	11	57	3064	0	1
1896	19	13	1	3066	0	1
1896	19	14	1	3066	0	1
1896	19	18	6	3065	0	1
1896	19	21	1	3066	0	1
1896	19	22	8	3066	0	1
1896	19	23	18	3064	0	1
1896	20	27	1282	2163	0	1
1896	21	5	247	2941	0	1
1896	21	11	1803	2002	0	1
1897	0	0	1	3066	0	1
1897	0	5	14	3068	0	1
1897	0	6	2	3068	0	1
1897	0	15	528	2847	0	1
1897	0	28	1	3066	0	1
1897	0	29	2	3067	0	1
1897	0	30	11	3064	0	1
1897	1	0	5	3063	0	1
1897	1	2	1	3068	0	1
1897	1	6	65	3055	0	1
1897	1	10	1641	1942	0	1
1897	1	14	63	3053	0	1
1897	1	17	2097	1604	0	1
1897	1	19	11	3069	0	1
1897	1	26	1	3067	0	1
1897	1	30	40	3063	0	1
1897	2	4	24	3058	0	1
1897	2	9	60	3043	0	1
1897	2	10	55	3046	0	1
1897	2	13	41	3043	0	1
1897	2	17	37	3055	0	1
1897	2	18	33	3052	0	1
1897	2	21	14	3058	0	1
1897	2	25	271	2946	0	1
1897	2	30	466	2619	0	1
1897	3	3	152	3005	0	1
1897	3	5	32	3049	0	1
1897	3	6	3	3064	0	1
1897	3	8	30	3062	0	1
1897	3	13	1	3067	0	1
1897	3	16	24	3061	0	1
1897	3	20	173	2956	0	1
1897	3	25	105	3004	0	1
1897	4	11	10	3065	0	1
1897	4	12	11	3067	0	1
1897	4	13	2	3065	0	1
1897	4	19	10	3060	0	1
1897	4	21	2	3065	0	1
1897	4	26	40	3061	0	1
1897	4	28	1	3066	0	1
1897	5	4	35	3063	0	1
1897	5	7	37	3053	0	1
1897	5	12	11	3061	0	1
1897	5	16	35	3044	0	1
1897	5	18	69	3054	0	1
1897	5	27	472	2628	0	1
1897	5	29	104	3024	0	1
1897	8	26	1	3067	0	1
1897	8	29	21	3072	0	1
1897	9	2	13	3072	0	1
1897	9	21	11	3068	0	1
1897	9	26	6	3068	0	1
1897	10	13	7	3066	0	1
1897	10	22	6	3064	0	1
1897	11	18	1	3068	0	1
1897	11	26	60	3038	0	1
1897	11	29	7	3066	0	1
1897	16	20	1	3067	0	1
1897	16	31	1	3068	0	1
1897	18	6	1	3066	0	1
1897	18	12	2	3066	0	1
1897	18	14	59	3043	0	1
1897	18	18	10	3070	0	1
1897	18	20	1	3066	0	1
1897	18	28	1	3068	0	1
1897	19	5	127	3025	0	1
1897	19	10	4	3065	0	1
1897	19	20	27	3070	0	1
1897	19	30	1	3066	0	1
1897	20	3	1732	2026	0	1
1897	20	12	160	2934	0	1
1897	20	20	4	3066	0	1
1897	21	17	102	2998	0	1
1898	0	31	14	3062	0	1
1898	1	5	2	3067	0	1
1898	1	7	140	3032	0	1
1898	1	16	2924	1063	0	1
1898	1	18	7	3068	0	1
1898	1	31	12	3064	0	1
1898	2	2	3	3068	0	1
1898	2	3	13	3055	0	1
1898	2	4	115	2987	0	1
1898	2	5	2250	1762	0	1
1898	2	8	764	2758	0	1
1898	2	11	47	3053	0	1
1898	2	16	37	3055	0	1
1898	2	19	82	3014	0	1
1898	2	20	89	3032	0	1
1898	2	21	3	3066	0	1
1898	2	26	2	3068	0	1
1898	2	29	58	3029	0	1
1898	3	1	66	3026	0	1
1898	3	2	199	2981	0	1
1898	3	4	19	3059	0	1
1898	3	7	466	2619	0	1
1898	3	9	22	3064	0	1
1898	3	13	76	3025	0	1
1898	3	19	2	3068	0	1
1898	3	23	858	2705	0	1
1898	3	24	62	3032	0	1
1898	3	26	250	2976	0	1
1898	3	27	1231	2399	0	1
1898	3	29	1611	2198	0	1
1898	4	4	7	3062	0	1
1898	4	5	8	3069	0	1
1898	4	20	418	2705	0	1
1898	4	27	12	3061	0	1
1898	4	28	66	3052	0	1
1898	4	29	5	3066	0	1
1898	5	0	482	2865	0	1
1898	5	2	42	3035	0	1
1898	5	3	5	3068	0	1
1898	5	5	2	3065	0	1
1898	5	11	7	3066	0	1
1898	5	18	40	3055	0	1
1898	5	26	227	2859	0	1
1898	8	10	4	3068	0	1
1898	10	26	3	3067	0	1
1898	11	24	1	3066	0	1
1898	11	26	1	3067	0	1
1898	16	23	2	3068	0	1
1898	17	2	1	3066	0	1
1898	17	6	2	3068	0	1
1898	18	0	1	3067	0	1
1898	18	4	38	3070	0	1
1898	18	15	26	3050	0	1
1898	18	26	4	3067	0	1
1898	19	18	29	3072	0	1
1898	19	19	6	3065	0	1
1898	19	22	23	3062	0	1
1898	19	23	4	3064	0	1
1898	20	2	1732	2026	0	1
1898	20	11	1280	2410	0	1
1898	20	16	14	3063	0	1
1898	20	19	431	2896	0	1
1898	20	20	48	3054	0	1
1898	20	24	109	3023	0	1
1898	20	27	471	2909	0	1
1898	21	10	71	3043	0	1
1898	21	21	1285	2296	0	1
1899	0	4	3	3065	0	1
1899	0	7	4	3066	0	1
1899	0	26	1835	1792	0	1
1899	0	28	3	3068	0	1
1899	0	29	2	3066	0	1
1899	1	1	6	3064	0	1
1899	1	3	1	3068	0	1
1899	1	5	2	3067	0	1
1899	1	7	67	3051	0	1
1899	1	16	1350	2150	0	1
1899	2	0	238	2902	0	1
1899	2	2	2	3068	0	1
1899	2	5	1101	2251	0	1
1899	2	8	486	2863	0	1
1899	2	11	105	3028	0	1
1899	2	17	365	2817	0	1
1899	2	19	83	3019	0	1
1899	2	21	1	3067	0	1
1899	2	23	7	3062	0	1
1899	2	24	303	2934	0	1
1899	2	31	466	2619	0	1
1899	3	2	309	2936	0	1
1899	3	5	936	2646	0	1
1899	3	9	46	3057	0	1
1899	3	10	41	3043	0	1
1899	3	13	130	2974	0	1
1899	3	16	176	3010	0	1
1899	3	17	46	3050	0	1
1899	3	21	275	2907	0	1
1899	3	24	196	2942	0	1
1899	3	28	11	3065	0	1
1899	3	31	271	2838	0	1
1899	4	3	24	3058	0	1
1899	4	4	4	3065	0	1
1899	4	5	11	3068	0	1
1899	4	12	414	2683	0	1
1899	4	14	627	2844	0	1
1899	4	21	32	3061	0	1
1899	4	26	2	3066	0	1
1899	5	0	232	2966	0	1
1899	5	4	793	2415	0	1
1899	5	9	1	3066	0	1
1899	5	10	14	3056	0	1
1899	5	21	419	2704	0	1
1899	5	27	1	3066	0	1
1899	5	29	13	3066	0	1
1899	8	8	2	3068	0	1
1899	8	29	2	3065	0	1
1899	9	29	11	3065	0	1
1899	10	2	3	3067	0	1
1899	10	6	1	3068	0	1
1899	10	17	6	3069	0	1
1899	11	26	1	3067	0	1
1899	13	16	1	3067	0	1
1899	16	20	1	3067	0	1
1899	16	21	1	3067	0	1
1899	17	10	1	3068	0	1
1899	17	28	2	3068	0	1
1899	18	3	19	3070	0	1
1899	18	12	2	3068	0	1
1899	18	26	6	3065	0	1
1899	19	3	42	3070	0	1
1899	19	4	65	3045	0	1
1899	19	9	4	3067	0	1
1899	19	12	8	3066	0	1
1899	19	20	27	3064	0	1
1899	19	21	33	3065	0	1
1899	19	26	4	3069	0	1
1899	20	23	629	2635	0	1
1899	21	2	15	3060	0	1
1899	21	3	571	2752	0	1
1899	21	4	54	3041	0	1
1899	21	10	419	2821	0	1
1899	21	23	231	2878	0	1
1899	26	31	1	3067	0	1
1900	0	6	6	3064	0	1
1900	0	27	1133	2266	0	1
1900	0	29	3	3068	0	1
1900	0	30	26	3057	0	1
1900	1	10	3250	839	0	1
1900	1	30	40	3063	0	1
1900	2	2	742	2725	0	1
1900	2	4	993	2545	0	1
1900	2	14	46	3057	0	1
1900	2	17	55	3045	0	1
1900	2	20	2	3066	0	1
1900	2	21	23	3055	0	1
1900	2	22	22	3054	0	1
1900	2	25	30	3043	0	1
1900	2	28	201	2937	0	1
1900	2	29	154	2976	0	1
1900	2	30	667	2489	0	1
1900	3	8	30	3062	0	1
1900	4	3	32	3064	0	1
1900	4	5	5	3063	0	1
1900	4	11	11	3064	0	1
1900	4	12	6	3067	0	1
1900	4	15	615	2840	0	1
1900	5	1	959	2653	0	1
1900	5	3	44	3034	0	1
1900	5	7	98	3038	0	1
1900	5	16	26	3047	0	1
1900	5	25	299	2949	0	1
1900	5	29	220	2974	0	1
1900	8	15	1	3068	0	1
1900	8	19	6	3065	0	1
1900	8	23	2	3068	0	1
1900	8	29	21	3072	0	1
1900	9	2	13	3072	0	1
1900	9	4	2	3068	0	1
1900	9	21	5	3068	0	1
1900	10	3	3	3067	0	1
1900	10	7	1	3068	0	1
1900	10	13	7	3066	0	1
1900	10	21	3	3067	0	1
1900	10	22	9	3065	0	1
1900	10	27	3	3067	0	1
1900	11	1	1	3066	0	1
1900	11	3	1	3068	0	1
1900	11	18	1	3068	0	1
1900	13	9	46	3050	0	1
1900	17	20	2	3068	0	1
1900	17	29	2	3068	0	1
1900	18	2	1	3067	0	1
1900	18	4	3	3067	0	1
1900	18	5	3	3069	0	1
1900	18	13	1	3067	0	1
1900	18	14	8	3065	0	1
1900	18	15	24	3069	0	1
1900	18	20	1	3066	0	1
1900	18	21	21	3065	0	1
1900	18	23	1	3066	0	1
1900	18	27	6	3065	0	1
1900	19	2	17	3073	0	1
1900	19	4	1	3067	0	1
1900	19	5	51	3054	0	1
1900	19	10	4	3065	0	1
1900	19	11	37	3049	0	1
1900	19	13	4	3064	0	1
1900	19	21	138	3055	0	1
1900	19	23	10	3068	0	1
1900	19	27	4	3069	0	1
1900	19	28	76	3073	0	1
1900	19	30	2	3068	0	1
1900	20	3	752	2609	0	1
1900	20	22	742	2551	0	1
1900	20	25	2	3068	0	1
1900	21	9	67	3042	0	1
1900	21	10	70	3042	0	1
1900	21	11	40	3047	0	1
1900	21	15	10	3065	0	1
1901	0	6	5	3063	0	1
1901	0	15	946	2709	0	1
1901	0	28	2	3066	0	1
1901	0	29	3	3068	0	1
1901	0	30	26	3057	0	1
1901	1	0	4	3064	0	1
1901	1	2	1	3068	0	1
1901	1	4	2	3067	0	1
1901	1	6	140	3032	0	1
1901	1	10	3250	839	0	1
1901	1	19	11	3069	0	1
1901	1	30	40	3063	0	1
1901	2	2	1668	2358	0	1
1901	2	4	2139	1774	0	1
1901	2	5	201	2937	0	1
1901	2	14	29	3062	0	1
1901	2	17	75	3035	0	1
1901	2	21	40	3040	0	1
1901	2	22	16	3061	0	1
1901	2	28	126	2995	0	1
1901	2	29	201	2937	0	1
1901	2	30	653	2502	0	1
1901	3	3	296	2940	0	1
1901	3	5	30	3054	0	1
1901	3	16	49	3048	0	1
1901	3	18	3	3068	0	1
1901	3	20	213	2949	0	1
1901	3	22	31	3054	0	1
1901	4	11	1	3066	0	1
1901	4	12	8	3066	0	1
1901	4	15	479	2882	0	1
1901	4	29	3	3068	0	1
1901	5	3	486	2617	0	1
1901	5	19	98	3038	0	1
1901	8	29	21	3072	0	1
1901	9	21	11	3068	0	1
1901	9	26	1	3067	0	1
1901	10	16	3	3068	0	1
1901	10	21	1	3066	0	1
1901	10	22	17	3063	0	1
1901	11	1	1	3066	0	1
1901	11	3	1	3068	0	1
1901	11	10	1	3066	0	1
1901	11	18	1	3068	0	1
1901	11	22	50	3053	0	1
1901	13	9	46	3050	0	1
1901	18	10	1	3067	0	1
1901	18	12	1	3066	0	1
1901	18	13	4	3069	0	1
1901	18	14	27	3056	0	1
1901	18	18	7	3071	0	1
1901	18	20	2	3066	0	1
1901	18	22	33	3059	0	1
1901	18	23	1	3066	0	1
1901	18	27	6	3065	0	1
1901	19	8	4	3067	0	1
1901	19	9	9	3071	0	1
1901	19	17	25	3066	0	1
1901	19	18	2	3066	0	1
1901	19	20	38	3066	0	1
1901	19	22	8	3066	0	1
1901	20	2	217	2997	0	1
1901	20	10	457	2833	0	1
1901	20	12	4	3066	0	1
1901	20	17	23	3062	0	1
1901	20	18	1213	2435	0	1
1901	20	20	10	3065	0	1
1901	20	21	57	3047	0	1
1901	21	2	571	2752	0	1
1901	21	9	67	3042	0	1
1901	21	10	71	3043	0	1
1901	21	20	1732	2026	0	1
1901	21	22	312	2804	0	1
1901	21	27	10	3065	0	1
1902	0	11	1	3066	0	1
1902	0	27	3250	839	0	1
1902	1	4	2	3067	0	1
1902	1	10	2926	1061	0	1
1902	1	26	1	3067	0	1
1902	1	30	25	3064	0	1
1902	2	2	1113	2586	0	1
1902	2	4	1133	2323	0	1
1902	2	5	18	3050	0	1
1902	2	9	910	2686	0	1
1902	2	10	105	3028	0	1
1902	2	13	9	3062	0	1
1902	2	16	1572	1991	0	1
1902	2	17	75	3035	0	1
1902	2	21	89	3032	0	1
1902	2	22	16	3061	0	1
1902	2	25	303	2934	0	1
1902	3	0	27	3055	0	1
1902	3	3	309	2936	0	1
1902	3	5	32	3049	0	1
1902	3	8	12	3068	0	1
1902	3	13	889	2702	0	1
1902	3	18	3	3068	0	1
1902	3	20	275	2907	0	1
1902	3	22	20	3057	0	1
1902	3	25	196	2942	0	1
1902	3	26	1605	2167	0	1
1902	3	27	342	2934	0	1
1902	3	30	907	2252	0	1
1902	4	2	10	3062	0	1
1902	4	5	4	3065	0	1
1902	4	11	1	3066	0	1
1902	5	2	5	3068	0	1
1902	5	3	486	2617	0	1
1902	5	4	13	3065	0	1
1902	5	7	62	3050	0	1
1902	5	12	11	3061	0	1
1902	5	16	44	3034	0	1
1902	5	18	69	3054	0	1
1902	5	20	419	2704	0	1
1902	5	26	1	3066	0	1
1902	5	28	13	3066	0	1
1902	8	19	6	3065	0	1
1902	8	23	2	3068	0	1
1902	8	26	1	3067	0	1
1902	10	13	7	3066	0	1
1902	10	27	1	3066	0	1
1902	11	26	3	3067	0	1
1902	16	20	1	3067	0	1
1902	17	29	2	3068	0	1
1902	18	1	1	3067	0	1
1902	18	2	1	3067	0	1
1902	18	4	2	3067	0	1
1902	18	5	1	3068	0	1
1902	18	6	1	3066	0	1
1902	18	10	1	3067	0	1
1902	18	13	4	3069	0	1
1902	18	14	43	3050	0	1
1902	18	20	2	3066	0	1
1902	19	8	4	3067	0	1
1902	19	11	57	3064	0	1
1902	19	13	8	3066	0	1
1902	19	14	1	3066	0	1
1902	19	18	6	3065	0	1
1902	19	20	38	3066	0	1
1902	19	21	1	3066	0	1
1902	19	22	8	3066	0	1
1902	19	27	1	3067	0	1
1902	20	18	1213	2435	0	1
1902	20	20	10	3065	0	1
1902	20	27	1803	2002	0	1
1902	21	3	10	3065	0	1
1902	21	5	247	2941	0	1
1902	21	11	1803	2002	0	1
1902	21	15	6	3066	0	1
1902	21	17	6	3066	0	1
1902	21	20	1732	2026	0	1
1902	21	22	312	2804	0	1
1902	26	30	1	3067	0	1
1903	0	6	6	3064	0	1
1903	1	0	6	3064	0	1
1903	1	4	1	3068	0	1
1903	1	6	57	3049	0	1
1903	1	10	1858	1792	0	1
1903	1	19	8	3067	0	1
1903	2	1	477	2680	0	1
1903	2	2	13	3055	0	1
1903	2	3	3	3068	0	1
1903	2	5	94	3013	0	1
1903	2	9	60	3043	0	1
1903	2	13	18	3062	0	1
1903	2	14	46	3057	0	1
1903	2	17	54	3048	0	1
1903	2	18	133	2988	0	1
1903	2	19	93	3001	0	1
1903	2	21	21	3056	0	1
1903	2	22	25	3055	0	1
1903	2	25	303	2934	0	1
1903	2	27	2	3068	0	1
1903	3	3	309	2936	0	1
1903	3	4	2258	1776	0	1
1903	3	5	18	3060	0	1
1903	3	8	46	3057	0	1
1903	3	12	99	3001	0	1
1903	3	13	578	2828	0	1
1903	3	16	75	3035	0	1
1903	3	20	9	3066	0	1
1903	3	22	858	2705	0	1
1903	3	26	1510	2402	0	1
1903	3	28	895	2361	0	1
1903	3	30	342	2775	0	1
1903	4	2	17	3062	0	1
1903	4	3	13	3067	0	1
1903	4	4	11	3068	0	1
1903	4	5	7	3062	0	1
1903	4	12	11	3067	0	1
1903	4	15	195	3007	0	1
1903	4	19	10	3060	0	1
1903	4	21	418	2705	0	1
1903	4	29	66	3052	0	1
1903	5	11	14	3056	0	1
1903	5	27	472	2628	0	1
1903	5	28	9	3069	0	1
1903	8	19	3	3064	0	1
1903	8	23	1	3068	0	1
1903	8	26	1	3067	0	1
1903	9	21	11	3068	0	1
1903	9	26	6	3068	0	1
1903	10	16	6	3069	0	1
1903	10	27	3	3067	0	1
1903	11	22	30	3062	0	1
1903	11	25	1	3066	0	1
1903	11	27	1	3067	0	1
1903	11	29	7	3066	0	1
1903	13	17	1	3067	0	1
1903	18	2	1	3067	0	1
1903	18	4	1	3068	0	1
1903	18	5	5	3069	0	1
1903	18	10	1	3067	0	1
1903	18	12	2	3066	0	1
1903	18	14	59	3043	0	1
1903	18	18	10	3070	0	1
1903	18	20	1	3067	0	1
1903	18	23	1	3066	0	1
1903	18	27	6	3065	0	1
1903	19	5	84	3037	0	1
1903	19	8	2	3066	0	1
1903	19	20	32	3069	0	1
1903	19	22	32	3066	0	1
1903	19	23	23	3062	0	1
1903	19	27	4	3069	0	1
1903	20	3	1732	2026	0	1
1903	20	10	1280	2410	0	1
1903	20	12	10	3065	0	1
1903	20	20	7	3065	0	1
1903	20	25	6	3066	0	1
1903	21	15	10	3065	0	1
1903	21	22	138	2953	0	1
1904	0	5	14	3068	0	1
1904	0	6	6	3064	0	1
1904	0	15	459	2866	0	1
1904	0	27	1740	1887	0	1
1904	1	0	4	3064	0	1
1904	1	4	2	3067	0	1
1904	1	6	140	3032	0	1
1904	1	14	11	3063	0	1
1904	1	17	3248	841	0	1
1904	1	19	11	3069	0	1
1904	1	30	40	3063	0	1
1904	3	5	21	3057	0	1
1904	3	6	466	2619	0	1
1904	3	9	150	2981	0	1
1904	3	11	41	3043	0	1
1904	3	13	17	3063	0	1
1904	3	17	207	3004	0	1
1904	3	25	125	2979	0	1
1904	3	27	717	2753	0	1
1904	3	28	2011	1914	0	1
1904	3	29	45	3054	0	1
1904	3	30	370	2741	0	1
1904	4	2	19	3061	0	1
1904	4	5	6	3063	0	1
1904	4	12	10	3068	0	1
1904	4	13	345	2741	0	1
1904	4	15	633	2820	0	1
1904	4	19	5	3067	0	1
1904	4	21	1	3066	0	1
1904	5	5	743	2456	0	1
1904	5	7	98	3038	0	1
1904	5	8	1	3066	0	1
1904	5	10	7	3066	0	1
1904	5	11	7	3061	0	1
1904	5	12	12	3066	0	1
1904	5	13	963	2634	0	1
1904	5	16	43	3036	0	1
1904	5	19	98	3038	0	1
1904	8	5	9	3068	0	1
1904	8	11	3	3069	0	1
1904	11	3	1	3068	0	1
1904	11	18	1	3068	0	1
1904	17	7	2	3068	0	1
1904	17	11	1	3068	0	1
1904	17	13	5	3068	0	1
1904	17	29	1	3067	0	1
1904	18	1	1	3067	0	1
1904	18	5	3	3070	0	1
1904	18	10	1	3067	0	1
1904	18	20	2	3066	0	1
1904	19	4	1	3067	0	1
1904	19	5	76	3043	0	1
1904	20	3	19	3056	0	1
1904	20	17	23	3062	0	1
1904	20	27	1799	2003	0	1
1904	21	20	1732	2026	0	1
1904	21	22	312	2804	0	1
1904	21	27	10	3065	0	1
1905	0	0	1	3066	0	1
1905	0	15	605	2829	0	1
1905	0	27	1574	1995	0	1
1905	0	28	1	3067	0	1
1905	1	0	1	3066	0	1
1905	1	6	115	3039	0	1
1905	1	10	1664	1937	0	1
1905	1	14	21	3058	0	1
1905	1	30	4	3066	0	1
1905	2	1	211	2997	0	1
1905	2	4	946	2621	0	1
1905	2	9	873	2704	0	1
1905	2	14	46	3057	0	1
1905	2	21	1	3066	0	1
1905	2	25	211	2968	0	1
1905	2	27	2	3068	0	1
1905	2	28	58	3029	0	1
1905	3	6	1284	2245	0	1
1905	3	17	146	3025	0	1
1905	3	18	3	3068	0	1
1905	3	25	116	2991	0	1
1905	3	27	481	2846	0	1
1905	3	28	1239	2393	0	1
1905	3	29	11	3065	0	1
1905	3	30	383	2717	0	1
1905	4	2	24	3058	0	1
1905	4	5	4	3065	0	1
1905	4	12	7	3067	0	1
1905	4	13	2	3065	0	1
1905	4	15	865	2741	0	1
1905	4	19	7	3068	0	1
1905	4	20	32	3061	0	1
1905	4	21	2	3065	0	1
1905	4	26	40	3061	0	1
1905	4	28	1	3066	0	1
1905	5	0	287	2927	0	1
1905	5	16	486	2617	0	1
1905	5	28	13	3066	0	1
1905	9	4	2	3068	0	1
1905	9	21	8	3067	0	1
1905	10	3	3	3067	0	1
1905	10	7	1	3068	0	1
1905	10	13	7	3066	0	1
1905	10	27	3	3067	0	1
1905	11	3	1	3068	0	1
1905	11	27	1	3067	0	1
1905	16	20	1	3067	0	1
1905	17	20	2	3068	0	1
1905	18	2	1	3067	0	1
1905	18	4	3	3067	0	1
1905	18	23	1	3066	0	1
1905	18	27	6	3065	0	1
1905	18	28	1	3068	0	1
1905	19	4	1	3067	0	1
1905	19	17	1	3066	0	1
1905	19	30	1	3066	0	1
1905	20	10	963	2579	0	1
1905	20	12	8	3066	0	1
1905	21	15	10	3065	0	1
1905	21	27	10	3065	0	1
1906	2	1	91	3024	0	1
1906	2	3	1	3066	0	1
1906	2	4	25	3053	0	1
1906	2	5	68	3024	0	1
1906	2	6	2	3067	0	1
1906	2	7	1	3068	0	1
1906	2	9	1	3066	0	1
1906	2	13	1	3066	0	1
1906	2	14	3	3064	0	1
1906	2	23	1	3067	0	1
1906	3	9	2	3066	0	1
1906	3	12	8	3065	0	1
1906	3	14	16	3058	0	1
1906	3	16	4	3065	0	1
1906	3	18	3	3068	0	1
1906	3	19	2	3065	0	1
1906	3	24	6	3061	0	1
1906	3	25	6	3067	0	1
1906	3	26	8	3064	0	1
1906	3	27	3	3066	0	1
1906	3	28	3	3067	0	1
1906	3	29	6	3065	0	1
1906	3	30	3	3064	0	1
1906	3	31	4	3069	0	1
1906	4	16	8	3068	0	1
1906	4	17	1	3066	0	1
1906	4	18	1	3067	0	1
1906	4	19	1	3066	0	1
1906	4	21	1	3067	0	1
1906	4	23	3	3067	0	1
1906	4	24	5	3066	0	1
1906	4	25	4	3066	0	1
1906	4	26	1	3068	0	1
1906	4	27	4	3066	0	1
1906	4	30	2	3066	0	1
1906	5	2	1	3066	0	1
1906	5	14	1	3066	0	1
1906	16	0	1	3068	0	1
1906	17	17	2	3068	0	1
1906	17	18	3	3068	0	1
1906	17	19	16	3070	0	1
1906	17	26	3	3068	0	1
1906	17	27	24	3070	0	1
1906	18	2	1	3068	0	1
1906	18	4	2	3065	0	1
1906	18	6	25	3069	0	1
1906	18	10	2	3069	0	1
1906	18	12	4	3065	0	1
1906	18	14	44	3065	0	1
1906	18	16	1	3067	0	1
1906	18	17	6	3067	0	1
1906	18	21	41	3066	0	1
1906	18	25	11	3067	0	1
1906	18	29	97	3044	0	1
1906	19	4	15	3063	0	1
1906	19	6	98	3046	0	1
1906	19	12	27	3057	0	1
1906	19	14	221	2973	0	1
1906	19	20	14	3062	0	1
1906	19	21	234	2969	0	1
1906	19	29	615	2643	0	1
1906	20	0	40	3049	0	1
1906	20	1	27	3060	0	1
1906	20	4	8	3068	0	1
1906	20	5	544	2676	0	1
1906	20	12	8	3068	0	1
1906	20	13	958	2270	0	1
1907	2	0	31	3061	0	1
1907	2	2	24	3048	0	1
1907	2	3	137	2974	0	1
1907	2	4	246	2960	0	1
1907	2	7	1	3066	0	1
1907	2	10	3	3065	0	1
1907	2	11	48	3041	0	1
1907	2	17	2	3066	0	1
1907	2	21	1	3066	0	1
1907	2	23	1	3066	0	1
1907	2	25	1	3067	0	1
1907	2	29	2	3067	0	1
1907	3	0	7	3065	0	1
1907	3	1	15	3055	0	1
1907	3	4	14	3060	0	1
1907	3	6	5	3064	0	1
1907	3	8	4	3064	0	1
1907	3	9	74	3039	0	1
1907	3	16	5	3067	0	1
1907	3	17	28	3063	0	1
1907	3	19	1	3066	0	1
1907	3	20	6	3065	0	1
1907	3	21	19	3057	0	1
1907	3	22	1	3068	0	1
1907	3	28	1	3066	0	1
1907	4	17	5	3067	0	1
1907	4	22	1	3067	0	1
1907	4	23	1	3066	0	1
1907	4	28	1	3067	0	1
1907	4	31	1	3067	0	1
1907	5	2	425	2667	0	1
1907	5	8	15	3057	0	1
1907	5	10	121	2976	0	1
1907	5	12	153	2945	0	1
1907	5	14	265	2827	0	1
1907	16	17	5	3067	0	1
1907	16	25	11	3069	0	1
1907	17	2	1	3067	0	1
1907	17	7	9	3069	0	1
1907	17	13	1	3067	0	1
1907	17	15	16	3071	0	1
1907	18	16	1	3068	0	1
1907	18	17	1	3067	0	1
1907	18	20	1	3066	0	1
1907	18	21	1	3066	0	1
1907	18	24	5	3068	0	1
1907	18	28	4	3067	0	1
1907	19	0	1	3067	0	1
1907	19	8	2	3066	0	1
1907	19	16	35	3056	0	1
1907	19	17	2	3066	0	1
1907	19	24	570	2768	0	1
1907	19	28	15	3057	0	1
1907	20	18	67	3042	0	1
1907	20	22	4	3068	0	1
1907	20	23	958	2270	0	1
1907	20	31	958	2270	0	1
1907	21	7	958	2270	0	1
1907	21	15	958	2270	0	1
1908	0	1	3248	841	0	1
1908	0	16	3250	839	0	1
1908	2	2	397	2943	0	1
1908	2	3	84	3015	0	1
1908	2	6	116	3014	0	1
1908	2	8	6	3063	0	1
1908	2	9	11	3064	0	1
1908	2	10	71	3049	0	1
1908	2	11	105	3028	0	1
1908	2	12	25	3057	0	1
1908	2	14	17	3063	0	1
1908	2	17	2	3067	0	1
1908	2	18	1	3067	0	1
1908	2	20	2	3068	0	1
1908	2	21	6	3067	0	1
1908	2	22	1	3068	0	1
1908	2	23	1	3067	0	1
1908	2	26	1	3068	0	1
1908	2	29	1	3066	0	1
1908	3	3	1	3066	0	1
1908	3	7	1	3066	0	1
1908	3	8	1	3067	0	1
1908	3	9	16	3057	0	1
1908	3	12	10	3061	0	1
1908	3	16	8	3063	0	1
1908	3	17	17	3062	0	1
1908	3	18	1	3066	0	1
1908	3	19	8	3066	0	1
1908	3	20	1	3066	0	1
1908	3	21	1	3067	0	1
1908	3	28	14	3067	0	1
1908	3	29	22	3062	0	1
1908	3	30	561	2852	0	1
1908	3	31	252	2938	0	1
1908	4	3	1	3066	0	1
1908	4	17	6	3065	0	1
1908	4	21	7	3066	0	1
1908	4	22	2	3067	0	1
1908	4	23	5	3068	0	1
1908	4	24	3	3066	0	1
1908	4	26	2	3066	0	1
1908	4	27	3	3065	0	1
1908	4	30	3	3067	0	1
1908	4	31	1	3067	0	1
1908	5	0	51	3032	0	1
1908	5	1	472	2628	0	1
1908	5	2	33	3043	0	1
1908	5	8	22	3049	0	1
1908	5	9	14	3056	0	1
1908	5	16	142	3007	0	1
1908	5	20	52	3047	0	1
1908	5	24	78	3034	0	1
1908	10	9	2	3065	0	1
1908	10	16	1	3066	0	1
1908	11	2	1	3068	0	1
1908	11	3	1	3066	0	1
1908	11	10	6	3067	0	1
1908	11	18	2	3067	0	1
1908	11	20	4	3067	0	1
1908	11	22	11	3066	0	1
1908	11	26	19	3065	0	1
1908	12	1	1	3067	0	1
1908	12	9	2	3067	0	1
1908	12	17	92	3026	0	1
1908	13	0	34	3057	0	1
1908	16	17	1	3068	0	1
1908	17	2	1	3068	0	1
1908	17	10	1	3068	0	1
1908	18	2	1	3066	0	1
1908	18	10	1	3066	0	1
1908	18	14	1	3068	0	1
1908	18	16	1	3066	0	1
1908	18	20	1	3067	0	1
1908	18	28	5	3065	0	1
1908	19	0	9	3064	0	1
1908	19	2	25	3069	0	1
1908	19	10	60	3061	0	1
1908	19	16	19	3056	0	1
1908	19	17	2	3067	0	1
1908	19	20	1	3066	0	1
1908	19	25	2	3067	0	1
1908	19	28	9	3061	0	1
1908	20	0	782	2606	0	1
1908	20	1	431	2896	0	1
1908	20	9	690	2705	0	1
1908	20	16	1731	2027	0	1
1908	20	20	1	3066	0	1
1908	20	28	1	3066	0	1
1908	21	0	1732	2026	0	1
1908	21	6	71	3043	0	1
1908	21	16	10	3065	0	1
1908	21	20	71	3043	0	1
1908	21	21	766	2503	0	1
1908	21	29	766	2503	0	1
1908	22	0	3057	1073	0	1
1909	2	1	108	2984	0	1
1909	2	5	275	2803	0	1
1909	2	6	3	3064	0	1
1909	2	9	33	3034	0	1
1909	2	12	108	2998	0	1
1909	2	13	18	3049	0	1
1909	2	14	15	3059	0	1
1909	2	17	2	3067	0	1
1909	2	21	1	3067	0	1
1909	2	23	1	3068	0	1
1909	2	25	2	3066	0	1
1909	2	27	1	3067	0	1
1909	3	0	438	2916	0	1
1909	3	1	201	2935	0	1
1909	3	3	1	3066	0	1
1909	3	4	309	2936	0	1
1909	3	11	8	3064	0	1
1909	3	12	14	3056	0	1
1909	3	14	9	3063	0	1
1909	3	15	3	3066	0	1
1909	3	16	2	3067	0	1
1909	3	17	1	3066	0	1
1909	3	18	7	3069	0	1
1909	3	19	5	3063	0	1
1909	3	24	1	3066	0	1
1909	3	25	10	3061	0	1
1909	3	26	6	3061	0	1
1909	3	27	5	3063	0	1
1909	3	28	1	3066	0	1
1909	3	29	3	3065	0	1
1909	3	30	1	3066	0	1
1909	3	31	35	3055	0	1
1909	4	16	21	3055	0	1
1909	4	17	17	3059	0	1
1909	4	19	16	3060	0	1
1909	4	20	20	3060	0	1
1909	4	21	22	3053	0	1
1909	4	23	10	3064	0	1
1909	4	24	12	3067	0	1
1909	4	25	14	3064	0	1
1909	4	26	1	3067	0	1
1909	4	28	21	3064	0	1
1909	4	29	12	3062	0	1
1909	4	30	1	3068	0	1
1909	5	2	1	3066	0	1
1909	5	20	793	2415	0	1
1909	5	24	1201	2558	0	1
1909	5	28	256	2923	0	1
1909	10	3	3	3067	0	1
1909	10	11	3	3067	0	1
1909	10	16	2	3068	0	1
1909	10	17	1	3066	0	1
1909	10	19	3	3067	0	1
1909	10	24	3	3067	0	1
1909	10	27	5	3069	0	1
1909	11	0	1	3067	0	1
1909	11	2	7	3067	0	1
1909	11	3	3	3069	0	1
1909	11	10	16	3063	0	1
1909	11	11	23	3069	0	1
1909	11	18	28	3062	0	1
1909	11	20	7	3066	0	1
1909	11	22	6	3064	0	1
1909	11	26	106	3042	0	1
1909	11	28	86	3050	0	1
1909	12	0	125	3040	0	1
1909	12	1	45	3050	0	1
1909	18	2	1	3067	0	1
1909	18	4	4	3069	0	1
1909	18	6	4	3069	0	1
1909	18	16	1	3066	0	1
1909	18	21	1	3067	0	1
1909	18	24	1	3066	0	1
1909	18	29	1	3067	0	1
1909	19	0	1	3066	0	1
1909	19	2	2	3068	0	1
1909	19	4	5	3065	0	1
1909	19	6	15	3067	0	1
1909	19	8	25	3059	0	1
1909	19	10	17	3062	0	1
1909	19	20	15	3065	0	1
1909	19	21	47	3060	0	1
1909	19	29	66	3049	0	1
1910	0	0	661	2809	0	1
1910	0	2	661	2809	0	1
1910	0	3	661	2809	0	1
1910	0	14	1	3066	0	1
1910	1	16	22	3071	0	1
1910	1	17	321	2967	0	1
1910	2	13	37	3049	0	1
1910	2	15	2089	1805	0	1
1910	3	0	1130	2166	0	1
1910	3	17	907	2252	0	1
1910	3	19	636	2474	0	1
1910	3	20	3135	876	0	1
1910	3	24	182	2919	0	1
1910	3	25	636	2474	0	1
1910	3	27	201	2926	0	1
1910	3	28	667	2475	0	1
1910	3	29	667	2475	0	1
1910	3	30	4096	59	0	1
1910	4	0	88	3039	0	1
1910	4	2	88	3039	0	1
1910	4	3	88	3039	0	1
1910	4	6	1	3068	0	1
1910	4	11	98	3038	0	1
1910	4	20	40	3063	0	1
1910	4	22	5	3068	0	1
1910	8	0	1	3067	0	1
1910	8	2	1	3067	0	1
1910	8	13	4	3070	0	1
1910	8	25	4	3068	0	1
1910	8	27	12	3068	0	1
1910	9	0	38	3056	0	1
1910	9	3	25	3070	0	1
1910	9	5	9	3067	0	1
1910	9	6	2	3068	0	1
1910	9	16	18	3059	0	1
1910	9	17	40	3066	0	1
1910	9	28	19	3069	0	1
1910	9	30	50	3064	0	1
1910	10	0	137	3034	0	1
1910	10	2	55	3053	0	1
1910	10	3	1	3066	0	1
1910	10	13	34	3072	0	1
1910	10	24	2	3067	0	1
1910	10	25	131	3019	0	1
1910	10	27	313	2954	0	1
1910	10	28	2	3067	0	1
1910	11	0	154	3061	0	1
1910	11	3	1568	2296	0	1
1910	11	5	1357	2445	0	1
1910	11	9	13	3067	0	1
1910	11	10	2	3066	0	1
1910	11	21	48	3058	0	1
1910	12	28	1336	2552	0	1
1910	13	9	34	3057	0	1
1910	13	10	34	3057	0	1
1910	17	26	3	3069	0	1
1910	18	0	1	3067	0	1
1910	18	2	1	3067	0	1
1910	18	13	23	3073	0	1
1910	18	25	1	3067	0	1
1910	18	27	39	3073	0	1
1910	19	0	108	3038	0	1
1910	19	3	69	3069	0	1
1910	19	5	4	3067	0	1
1910	19	6	2	3068	0	1
1910	19	16	2	3066	0	1
1910	19	17	4	3065	0	1
1910	19	26	188	3032	0	1
1910	19	28	7	3067	0	1
1910	19	30	144	3043	0	1
1910	20	0	330	2946	0	1
1910	20	2	10	3065	0	1
1910	20	4	4	3066	0	1
1910	20	13	282	2975	0	1
1910	20	15	256	2923	0	1
1910	20	25	10	3065	0	1
1910	20	27	793	2554	0	1
1910	21	0	270	2975	0	1
1910	21	3	1215	2142	0	1
1910	21	5	10	3065	0	1
1910	21	26	1039	2244	0	1
1910	21	28	2044	1763	0	1
1910	21	29	1	3066	0	1
1910	21	30	2881	1175	0	1
1910	27	28	1	3067	0	1
1911	0	0	846	2478	0	1
1911	0	2	1	3066	0	1
1911	0	12	2	3065	0	1
1911	0	25	3250	839	0	1
1911	0	26	2	3065	0	1
1911	1	0	4	3063	0	1
1911	10	12	3	3067	0	1
1911	10	14	2	3065	0	1
1911	10	21	3	3066	0	1
1911	11	8	9	3064	0	1
1911	11	16	39	3065	0	1
1911	11	17	211	3023	0	1
1911	11	21	48	3058	0	1
1911	11	25	23	3061	0	1
1911	12	7	182	3036	0	1
1911	12	10	206	3026	0	1
1911	12	12	21	3060	0	1
1911	12	21	1395	2521	0	1
1911	13	8	224	2949	0	1
1911	16	0	1	3067	0	1
1911	16	2	1	3067	0	1
1911	16	12	1	3068	0	1
1911	16	25	2	3068	0	1
1911	16	26	1	3067	0	1
1911	17	0	13	3068	0	1
1911	17	3	1	3067	0	1
1911	17	5	1	3067	0	1
1911	17	16	1	3068	0	1
1911	17	17	27	3071	0	1
1911	17	30	2	3068	0	1
1911	18	0	10	3072	0	1
1911	18	2	9	3071	0	1
1911	18	12	1	3067	0	1
1911	18	14	52	3065	0	1
1911	18	25	6	3068	0	1
1911	18	26	3	3066	0	1
1911	19	0	218	2997	0	1
1911	19	3	41	3066	0	1
1911	19	4	2	3066	0	1
1911	19	5	25	3066	0	1
1911	19	16	350	2944	0	1
1911	19	17	1275	2310	0	1
1911	19	30	35	3059	0	1
1911	20	0	78	3039	0	1
1911	20	2	77	3040	0	1
1911	20	12	4	3066	0	1
1911	20	14	1656	1909	0	1
1911	20	25	81	3041	0	1
1911	20	26	81	3041	0	1
1911	21	0	617	2583	0	1
1911	21	3	81	3041	0	1
1911	21	5	81	3041	0	1
1911	21	16	958	2270	0	1
1911	21	30	81	3041	0	1
1911	22	0	3057	1073	0	1
1911	22	2	2291	1637	0	1
1911	22	12	766	2503	0	1
1911	23	0	1417	2132	0	1
1912	1	0	4	3065	0	1
1912	1	1	1	3068	0	1
1912	1	3	1	3068	0	1
1912	1	8	6	3066	0	1
1912	1	9	4	3067	0	1
1912	1	16	2	3067	0	1
1912	1	17	23	3061	0	1
1912	1	20	5	3063	0	1
1912	1	21	2	3068	0	1
1912	1	24	3	3066	0	1
1912	1	25	37	3063	0	1
1912	1	28	6	3064	0	1
1912	4	16	1	3068	0	1
1912	4	18	1	3066	0	1
1912	4	22	2	3067	0	1
1912	4	24	4	3068	0	1
1912	4	26	3	3066	0	1
1912	4	28	1	3067	0	1
1912	4	30	2	3066	0	1
1912	5	0	4	3065	0	1
1912	5	1	1	3068	0	1
1912	5	2	1	3067	0	1
1912	5	3	4	3068	0	1
1912	5	5	1	3066	0	1
1912	5	6	1	3066	0	1
1912	5	7	2	3066	0	1
1912	5	8	4	3065	0	1
1912	5	9	4	3066	0	1
1912	5	11	1	3068	0	1
1912	5	12	3	3065	0	1
1912	5	13	2	3066	0	1
1912	8	17	1	3067	0	1
1912	8	18	3	3064	0	1
1912	8	19	9	3071	0	1
1912	8	25	1	3067	0	1
1912	8	27	14	3073	0	1
1912	9	6	19	3072	0	1
1912	18	17	1	3067	0	1
1912	18	20	1	3067	0	1
1912	18	21	40	3070	0	1
1912	18	28	2	3068	0	1
1912	18	29	70	3072	0	1
1912	19	2	68	3068	0	1
1912	20	0	23	3062	0	1
1912	20	1	524	2896	0	1
1912	20	8	252	2925	0	1
1912	20	18	571	2752	0	1
1912	21	0	3189	886	0	1
1913	0	17	1	3068	0	1
1913	0	25	2	3067	0	1
1913	1	1	1	3066	0	1
1913	1	8	1	3066	0	1
1913	1	10	1	3067	0	1
1913	1	11	1	3066	0	1
1913	1	16	3	3068	0	1
1913	1	17	1	3066	0	1
1913	1	20	4	3063	0	1
1913	1	21	3	3065	0	1
1913	1	24	4	3067	0	1
1913	1	28	6	3062	0	1
1913	1	29	5	3063	0	1
1913	2	16	58	3029	0	1
1913	2	24	87	3007	0	1
1913	3	16	466	2619	0	1
1913	3	24	466	2619	0	1
1913	4	0	97	3009	0	1
1913	4	2	182	2976	0	1
1913	4	4	112	3018	0	1
1913	4	6	120	3015	0	1
1913	4	8	17	3062	0	1
1913	4	10	7	3063	0	1
1913	4	14	1	3068	0	1
1913	4	20	1	3066	0	1
1913	4	25	3	3064	0	1
1913	4	29	5	3064	0	1
1913	4	31	1	3066	0	1
1913	5	8	14	3062	0	1
1913	5	9	36	3059	0	1
1913	5	12	11	3062	0	1
1913	5	13	24	3062	0	1
1913	8	2	2	3069	0	1
1913	8	17	1	3068	0	1
1913	8	18	3	3068	0	1
1913	8	19	2	3067	0	1
1913	8	25	1	3068	0	1
1913	8	26	5	3069	0	1
1913	9	6	8	3068	0	1
1913	9	14	11	3065	0	1
1913	19	2	4	3069	0	1
1913	19	10	13	3069	0	1
1913	20	18	17	3057	0	1
1914	1	1	1	3068	0	1
1914	1	3	1	3068	0	1
1914	1	9	2	3069	0	1
1914	1	11	3	3067	0	1
1914	1	16	1	3066	0	1
1914	1	17	34	3057	0	1
1914	1	20	1	3068	0	1
1914	1	21	14	3065	0	1
1914	1	25	82	3038	0	1
1914	1	28	5	3064	0	1
1914	1	29	51	3061	0	1
1914	2	0	26	3054	0	1
1914	2	1	950	2676	0	1
1914	2	2	49	3048	0	1
1914	2	3	11	3062	0	1
1914	2	4	11	3057	0	1
1914	2	5	2	3065	0	1
1914	2	9	1194	2511	0	1
1914	2	10	146	2972	0	1
1914	2	12	16	3052	0	1
1914	2	13	2	3065	0	1
1914	2	16	201	2937	0	1
1914	3	0	201	2937	0	1
1914	3	16	201	2937	0	1
1914	3	20	907	2252	0	1
1914	3	28	907	2252	0	1
1914	4	0	92	3032	0	1
1914	4	2	396	2882	0	1
1914	4	4	127	3012	0	1
1914	4	6	331	2939	0	1
1914	4	8	34	3053	0	1
1914	4	12	40	3061	0	1
1914	4	16	2	3067	0	1
1914	4	17	2	3066	0	1
1914	4	18	2	3069	0	1
1914	4	19	1	3067	0	1
1914	4	20	1	3066	0	1
1914	4	21	1	3067	0	1
1914	4	23	4	3068	0	1
1914	4	25	2	3068	0	1
1914	4	29	4	3067	0	1
1914	5	0	1	3066	0	1
1914	5	1	3	3064	0	1
1914	5	2	7	3065	0	1
1914	5	5	3	3067	0	1
1914	5	6	4	3065	0	1
1914	5	7	1	3068	0	1
1914	5	8	3	3067	0	1
1914	5	10	3	3067	0	1
1914	5	11	2	3065	0	1
1914	5	12	3	3067	0	1
1914	5	13	2	3065	0	1
1914	5	14	8	3067	0	1
1914	8	2	1	3067	0	1
1914	8	27	1	3068	0	1
1914	9	6	1	3067	0	1
1914	9	14	7	3061	0	1
1914	10	3	1	3066	0	1
1914	10	11	2	3067	0	1
1914	10	18	3	3067	0	1
1914	11	0	1568	2296	0	1
1914	18	8	1	3067	0	1
1914	18	12	22	3072	0	1
1914	19	0	1	3067	0	1
1914	19	8	2	3066	0	1
1914	19	17	15	3068	0	1
1914	19	22	1	3066	0	1
1914	19	30	4	3065	0	1
1914	20	13	4	3065	0	1
1914	20	18	4	3065	0	1
1914	21	16	2881	1175	0	1
1914	27	24	1	3067	0	1
1915	0	16	1	3067	0	1
1915	0	18	1	3068	0	1
1915	0	24	1	3067	0	1
1915	0	26	1	3068	0	1
1915	1	0	2	3067	0	1
1915	1	1	1	3068	0	1
1915	1	8	4	3066	0	1
1915	1	9	4	3070	0	1
1915	1	11	2	3068	0	1
1915	1	16	3	3066	0	1
1915	1	17	43	3052	0	1
1915	1	20	4	3066	0	1
1915	1	21	30	3055	0	1
1915	1	24	17	3058	0	1
1915	1	25	77	3033	0	1
1915	1	29	57	3049	0	1
1915	2	0	22	3053	0	1
1915	2	1	64	3018	0	1
1915	2	2	82	3035	0	1
1915	2	3	27	3052	0	1
1915	2	5	1	3067	0	1
1915	2	8	32	3046	0	1
1915	2	9	533	2576	0	1
1915	2	10	103	3022	0	1
1915	2	11	206	2927	0	1
1915	2	13	21	3058	0	1
1915	4	16	1	3068	0	1
1915	4	20	1	3067	0	1
1915	4	24	1	3067	0	1
1915	4	28	1	3068	0	1
1915	4	29	2	3066	0	1
1915	4	30	1	3068	0	1
1915	5	2	2	3065	0	1
1915	5	3	1	3068	0	1
1915	5	4	2	3067	0	1
1915	5	5	1	3067	0	1
1915	9	6	2	3067	0	1
1915	9	21	11	3068	0	1
1915	9	22	18	3059	0	1
1915	9	23	60	3054	0	1
1915	9	27	1	3066	0	1
1915	9	28	3	3067	0	1
1915	9	29	37	3066	0	1
1915	10	1	40	3066	0	1
1915	10	3	283	3022	0	1
1915	10	18	202	3001	0	1
1915	18	17	1	3068	0	1
1915	18	25	2	3068	0	1
1915	19	2	3	3069	0	1
1915	19	17	175	3042	0	1
1915	21	0	58	3023	0	1
1916	0	8	2	3067	0	1
1916	0	12	1	3066	0	1
1916	0	27	1	3068	0	1
1916	2	30	48	3051	0	1
1916	4	27	23	3052	0	1
1916	6	30	1	3066	0	1
1916	10	12	3	3067	0	1
1916	10	29	14	3067	0	1
1916	11	20	1	3066	0	1
1916	12	8	933	2587	0	1
1916	12	29	610	2592	0	1
1916	12	30	161	2968	0	1
1916	14	30	1	3066	0	1
1916	18	8	59	3068	0	1
1916	18	12	1	3068	0	1
1916	18	22	38	3064	0	1
1916	19	0	38	3064	0	1
1916	19	20	97	3050	0	1
1916	20	8	478	2851	0	1
1916	20	22	665	2805	0	1
1916	20	26	665	2805	0	1
1916	21	0	665	2805	0	1
1916	21	20	593	2818	0	1
1917	0	11	1	3068	0	1
1917	1	3	2	3067	0	1
1917	1	19	2	3069	0	1
1917	2	25	160	2976	0	1
1917	2	26	226	2988	0	1
1917	2	29	160	2976	0	1
1917	3	3	178	2959	0	1
1917	3	7	183	2999	0	1
1917	3	19	297	2943	0	1
1917	4	25	198	2942	0	1
1917	4	26	82	3019	0	1
1917	4	29	198	2942	0	1
1917	5	3	201	2937	0	1
1917	5	7	131	2999	0	1
1917	5	19	222	2933	0	1
1917	6	16	466	2619	0	1
1917	6	17	466	2619	0	1
1917	6	25	466	2619	0	1
1917	6	29	466	2619	0	1
1917	7	3	3429	834	0	1
1917	7	7	313	2772	0	1
1917	7	19	803	2417	0	1
1917	10	11	4	3067	0	1
1917	10	15	3	3066	0	1
1917	10	16	13	3064	0	1
1917	10	20	13	3068	0	1
1917	10	25	13	3064	0	1
1917	10	29	13	3064	0	1
1917	11	3	13	3064	0	1
1917	11	7	16	3069	0	1
1917	11	19	27	3062	0	1
1917	12	15	837	2566	0	1
1917	12	17	322	2809	0	1
1917	12	25	322	2809	0	1
1917	12	29	322	2809	0	1
1917	13	3	322	2809	0	1
1917	13	7	989	2273	0	1
1917	13	19	1157	2308	0	1
1917	14	16	2497	1595	0	1
1917	14	17	2497	1595	0	1
1917	14	25	2497	1595	0	1
1917	14	29	2497	1595	0	1
1917	15	3	2497	1595	0	1
1917	15	19	997	2416	0	1
1917	18	11	23	3073	0	1
1917	18	16	38	3064	0	1
1917	18	21	38	3064	0	1
1917	18	25	1	3067	0	1
1917	18	29	1	3067	0	1
1917	19	3	1	3067	0	1
1917	19	19	6	3068	0	1
1917	20	17	665	2805	0	1
1917	20	21	665	2805	0	1
1918	1	3	8	3066	0	1
1918	4	6	7	3069	0	1
1918	4	7	3	3068	0	1
1918	4	11	1	3067	0	1
1918	6	15	95	3042	0	1
1918	12	15	5	3063	0	1
1918	12	31	33	3051	0	1
1918	14	15	31	3042	0	1
1919	7	28	2	3065	0	1
1919	12	14	14	3060	0	1
1919	12	30	67	3035	0	1
1919	14	14	322	2809	0	1
1920	1	3	10	3067	0	1
1920	4	7	5	3068	0	1
1920	4	8	1	3067	0	1
1921	0	10	717	2546	0	1
1921	1	2	10	3067	0	1
1921	12	29	67	3035	0	1
1922	0	9	5	3067	0	1
1922	0	17	427	2732	0	1
1922	0	25	32	3048	0	1
1922	0	29	6	3063	0	1
1922	0	31	126	3015	0	1
1922	1	15	1	3067	0	1
1922	1	29	783	2501	0	1
1922	2	1	7	3065	0	1
1922	2	17	3	3064	0	1
1922	2	27	127	3034	0	1
1922	2	29	92	3030	0	1
1922	3	1	11	3066	0	1
1922	3	3	1052	2461	0	1
1922	3	15	104	3018	0	1
1922	3	17	486	2628	0	1
1922	4	7	15	3069	0	1
1922	4	31	7	3064	0	1
1922	5	13	467	2864	0	1
1922	5	23	165	3041	0	1
1922	5	27	212	2999	0	1
1922	5	29	1230	2373	0	1
1922	6	27	695	2800	0	1
1922	6	29	132	3008	0	1
1922	7	14	7	3064	0	1
1922	7	28	2	3065	0	1
1922	11	27	5	3063	0	1
1922	12	14	14	3060	0	1
1922	13	27	118	2975	0	1
1922	14	3	11	3068	0	1
1922	14	14	322	2809	0	1
1922	18	17	4	3067	0	1
1922	21	13	35	3069	0	1
1923	0	0	7	3069	0	1
1923	0	6	1	3066	0	1
1923	1	0	1	3067	0	1
1923	1	2	1	3067	0	1
1923	1	6	541	2756	0	1
1923	1	12	6	3064	0	1
1923	1	18	3	3068	0	1
1923	2	0	32	3047	0	1
1923	3	14	1	3066	0	1
1923	3	18	63	3046	0	1
1923	4	0	180	2992	0	1
1923	4	7	7	3069	0	1
1923	4	12	196	2942	0	1
1923	5	8	1493	1993	0	1
1923	5	16	1	3066	0	1
1923	6	12	95	3034	0	1
1923	6	24	670	2517	0	1
1923	6	30	467	2869	0	1
1923	7	0	877	2552	0	1
1923	7	15	7	3064	0	1
1923	7	29	2	3065	0	1
1923	9	8	423	2858	0	1
1923	9	22	75	3049	0	1
1923	10	0	2	3067	0	1
1923	10	6	133	3045	0	1
1923	11	0	349	2945	0	1
1923	12	15	13	3060	0	1
1923	12	22	396	2916	0	1
1923	12	31	21	3058	0	1
1923	18	2	1	3067	0	1
1923	18	12	3	3068	0	1
1923	18	28	10	3071	0	1
1923	19	2	4	3067	0	1
1923	19	28	26	3065	0	1
1923	20	28	77	3040	0	1
1923	21	28	766	2503	0	1
1924	0	12	95	3001	0	1
1924	0	13	783	2497	0	1
1924	1	6	650	2699	0	1
1924	1	12	5	3065	0	1
1924	1	13	4	3064	0	1
1924	1	18	3	3068	0	1
1924	1	19	3	3068	0	1
1924	1	22	13	3069	0	1
1924	2	1	6	3066	0	1
1924	2	15	128	3007	0	1
1924	2	23	36	3050	0	1
1924	2	31	4	3066	0	1
1924	3	1	2	3066	0	1
1924	3	3	22	3063	0	1
1924	3	13	264	2936	0	1
1924	3	18	47	3053	0	1
1924	3	19	14	3060	0	1
1924	3	30	52	3046	0	1
1924	4	1	220	2974	0	1
1924	4	18	24	3055	0	1
1924	4	19	16	3060	0	1
1924	4	28	3	3067	0	1
1924	4	29	5	3067	0	1
1924	5	8	486	2628	0	1
1924	5	9	978	2448	0	1
1924	5	24	2	3065	0	1
1924	5	25	5	3068	0	1
1924	7	5	580	2842	0	1
1924	7	12	56	3024	0	1
1924	7	14	10	3068	0	1
1924	10	0	7	3066	0	1
1924	10	17	12	3068	0	1
1924	10	23	133	3045	0	1
1924	11	1	166	3018	0	1
1924	11	6	1	3067	0	1
1924	11	7	1	3067	0	1
1924	11	17	47	3054	0	1
1924	11	31	1	3068	0	1
1924	12	22	202	2995	0	1
1924	12	23	311	2946	0	1
1924	13	24	28	3069	0	1
1924	13	31	749	2817	0	1
1924	16	6	5	3067	0	1
1924	16	7	1	3066	0	1
1924	17	7	1	3066	0	1
1924	18	16	43	3058	0	1
1924	18	17	37	3059	0	1
1924	18	28	8	3070	0	1
1924	19	1	287	2974	0	1
1924	20	3	1	3068	0	1
1924	20	13	1	3066	0	1
1924	20	28	77	3040	0	1
1924	21	13	65	3047	0	1
1924	21	28	22	3054	0	1
1925	0	8	1	3068	0	1
1925	0	9	2	3067	0	1
1925	0	24	77	3045	0	1
1925	0	25	85	3033	0	1
1925	0	26	29	3059	0	1
1925	0	27	25	3059	0	1
1925	0	28	20	3065	0	1
1925	0	31	119	3019	0	1
1925	1	10	1	3066	0	1
1925	1	14	2	3067	0	1
1925	1	26	41	3059	0	1
1925	1	27	20	3064	0	1
1925	1	28	1	3066	0	1
1925	2	0	19	3061	0	1
1925	2	11	350	2824	0	1
1925	2	12	14	3068	0	1
1925	2	15	943	2667	0	1
1925	2	17	2	3065	0	1
1925	2	26	1	3066	0	1
1925	2	27	77	3047	0	1
1925	2	29	55	3046	0	1
1925	3	8	847	2394	0	1
1925	3	9	472	2639	0	1
1925	3	10	280	2862	0	1
1925	3	12	90	3049	0	1
1925	3	17	1280	2145	0	1
1925	3	28	152	2987	0	1
1925	3	31	112	3020	0	1
1925	4	2	1	3067	0	1
1925	4	11	1	3066	0	1
1925	4	12	1	3066	0	1
1925	4	26	73	3047	0	1
1925	4	27	43	3052	0	1
1925	4	29	58	3029	0	1
1925	4	30	23	3061	0	1
1925	4	31	80	3050	0	1
1925	5	10	1	3067	0	1
1925	5	12	225	2942	0	1
1925	5	27	18	3068	0	1
1925	5	28	1594	2194	0	1
1925	5	29	1303	2317	0	1
1925	6	15	143	3014	0	1
1925	6	28	423	2851	0	1
1925	6	29	218	2949	0	1
1925	6	31	466	2619	0	1
1925	7	7	620	2733	0	1
1925	7	11	419	2712	0	1
1925	8	18	1622	2081	0	1
1925	11	10	9	3067	0	1
1925	11	27	7	3065	0	1
1925	13	10	372	2873	0	1
1925	13	27	762	2445	0	1
1925	14	27	2497	1595	0	1
1925	16	0	11	3067	0	1
1925	17	1	2	3068	0	1
1925	18	12	1	3068	0	1
1925	18	29	1	3067	0	1
1925	18	30	2	3068	0	1
1925	18	31	2	3068	0	1
1925	20	14	49	3064	0	1
1925	20	17	162	3014	0	1
1925	21	28	35	3069	0	1
1926	0	2	1	3067	0	1
1926	0	16	553	2621	0	1
1926	0	30	94	3028	0	1
1926	1	2	80	3050	0	1
1926	1	13	3	3065	0	1
1926	1	23	44	3053	0	1
1926	1	26	16	3069	0	1
1926	1	28	777	2515	0	1
1926	1	31	10	3066	0	1
1926	2	0	24	3058	0	1
1926	2	1	11	3061	0	1
1926	2	3	1	3067	0	1
1926	2	15	100	3029	0	1
1926	2	23	18	3057	0	1
1926	2	31	2	3066	0	1
1926	3	1	1	3066	0	1
1926	3	2	740	2626	0	1
1926	3	8	762	2434	0	1
1926	3	13	309	2950	0	1
1926	3	15	94	2995	0	1
1926	3	21	8	3067	0	1
1926	3	29	42	3051	0	1
1926	3	30	144	3001	0	1
1926	4	6	11	3069	0	1
1926	4	13	196	2942	0	1
1926	4	19	21	3056	0	1
1926	4	25	2	3066	0	1
1926	4	29	8	3067	0	1
1926	5	9	828	2570	0	1
1926	5	12	394	2911	0	1
1926	5	22	38	3064	0	1
1926	5	25	1	3066	0	1
1926	6	21	5	3068	0	1
1926	6	31	225	2942	0	1
1926	7	9	216	2914	0	1
1926	7	13	419	2704	0	1
1926	8	3	1	3067	0	1
1926	9	7	3	3067	0	1
1926	9	23	75	3049	0	1
1926	10	1	2	3067	0	1
1926	10	7	4	3065	0	1
1926	10	17	19	3064	0	1
1926	10	23	7	3067	0	1
1926	11	1	224	2968	0	1
1926	11	17	59	3051	0	1
1926	12	23	308	2949	0	1
1926	13	3	47	3045	0	1
1926	13	10	78	3005	0	1
1926	18	3	1	3067	0	1
1926	18	13	1	3067	0	1
1926	18	17	20	3057	0	1
1926	18	29	7	3069	0	1
1926	19	3	1	3066	0	1
1926	19	29	21	3066	0	1
1926	20	3	10	3063	0	1
1926	20	13	25	3063	0	1
1927	0	7	14	3060	0	1
1927	0	8	3	3070	0	1
1927	0	13	1	3066	0	1
1927	0	23	67	3035	0	1
1927	0	24	114	3025	0	1
1927	0	26	56	3054	0	1
1927	0	28	7	3064	0	1
1927	0	29	1	3066	0	1
1927	0	30	173	2999	0	1
1927	1	2	16	3062	0	1
1927	1	4	1	3067	0	1
1927	1	7	487	2815	0	1
1927	1	13	4	3066	0	1
1927	1	14	1	3067	0	1
1927	1	23	70	3048	0	1
1927	1	26	38	3058	0	1
1927	1	28	630	2635	0	1
1927	2	7	662	2522	0	1
1927	2	12	4	3065	0	1
1927	2	14	16	3059	0	1
1927	2	15	138	3003	0	1
1927	2	16	2	3065	0	1
1927	2	23	24	3052	0	1
1927	2	25	1	3067	0	1
1927	2	26	135	3031	0	1
1927	2	28	50	3045	0	1
1927	2	31	6	3064	0	1
1927	3	0	1	3066	0	1
1927	3	2	661	2694	0	1
1927	3	8	541	2636	0	1
1927	3	9	9	3065	0	1
1927	3	10	419	2712	0	1
1927	3	13	504	2859	0	1
1927	3	16	1	3066	0	1
1927	3	19	13	3069	0	1
1927	3	26	702	2598	0	1
1927	3	29	541	2845	0	1
1927	3	31	37	3051	0	1
1927	4	1	110	3026	0	1
1927	4	2	1	3068	0	1
1927	4	9	1	3066	0	1
1927	4	19	36	3050	0	1
1927	4	25	1	3066	0	1
1927	4	28	72	3023	0	1
1927	4	29	11	3067	0	1
1927	4	30	19	3060	0	1
1927	5	0	201	2937	0	1
1927	5	8	59	3025	0	1
1927	5	9	1234	2297	0	1
1927	5	12	262	2956	0	1
1927	5	16	64	3027	0	1
1927	5	17	1	3066	0	1
1927	6	21	27	3064	0	1
1927	6	26	211	3012	0	1
1927	7	2	1	3067	0	1
1927	7	9	303	2894	0	1
1927	7	10	389	2801	0	1
1927	7	26	25	3070	0	1
1927	8	18	1622	2081	0	1
1927	9	7	3	3067	0	1
1927	9	17	1	3068	0	1
1927	9	26	728	2475	0	1
1927	10	1	2	3067	0	1
1927	10	17	18	3060	0	1
1927	10	23	10	3065	0	1
1927	10	26	1280	2268	0	1
1927	11	1	56	3057	0	1
1927	11	10	1	3066	0	1
1927	11	17	67	3051	0	1
1927	11	26	6	3064	0	1
1927	13	3	1	3067	0	1
1927	13	10	106	2993	0	1
1927	13	26	3	3064	0	1
1927	13	31	17	3063	0	1
1927	15	14	667	2489	0	1
1927	18	13	3	3068	0	1
1927	18	29	8	3071	0	1
1927	19	3	4	3067	0	1
1927	20	1	39	3069	0	1
1927	20	3	312	2972	0	1
1927	20	13	103	3048	0	1
1927	20	16	122	3010	0	1
1927	21	13	248	2898	0	1
1927	26	19	1	3067	0	1
1928	0	7	14	3060	0	1
1928	0	8	5	3067	0	1
1928	0	13	1	3066	0	1
1928	0	23	67	3035	0	1
1928	0	24	32	3048	0	1
1928	0	26	43	3053	0	1
1928	0	30	94	3028	0	1
1928	1	2	15	3065	0	1
1928	1	4	1	3067	0	1
1928	1	7	849	2593	0	1
1928	1	26	24	3064	0	1
1928	1	28	1	3066	0	1
1928	1	31	10	3066	0	1
1928	2	7	322	2809	0	1
1928	2	10	354	2821	0	1
1928	2	14	29	3042	0	1
1928	2	16	3	3064	0	1
1928	2	26	33	3053	0	1
1928	2	28	65	3048	0	1
1928	3	0	8	3068	0	1
1928	3	3	22	3063	0	1
1928	3	8	472	2639	0	1
1928	3	10	354	2803	0	1
1928	3	14	138	3004	0	1
1928	3	15	1	3066	0	1
1928	3	16	2051	1762	0	1
1928	3	21	11	3063	0	1
1928	3	26	686	2622	0	1
1928	4	1	220	2974	0	1
1928	4	2	1	3067	0	1
1928	4	26	23	3065	0	1
1928	4	28	107	2986	0	1
1928	4	30	18	3064	0	1
1928	5	0	97	3001	0	1
1928	5	12	225	2942	0	1
1928	5	16	65	3015	0	1
1928	5	17	1	3066	0	1
1928	5	26	212	2999	0	1
1928	6	10	342	2851	0	1
1928	6	26	211	3012	0	1
1928	7	1	1622	2081	0	1
1928	7	2	1	3067	0	1
1928	7	26	7	3065	0	1
1928	8	18	1622	2081	0	1
1928	9	26	322	2809	0	1
1928	10	26	1677	2107	0	1
1928	16	7	1	3067	0	1
1928	18	16	4	3067	0	1
1928	18	29	10	3071	0	1
1928	19	1	224	3019	0	1
1928	20	16	24	3066	0	1
1929	0	2	1	3067	0	1
1929	0	7	4	3065	0	1
1929	0	13	489	2711	0	1
1929	0	23	47	3046	0	1
1929	0	26	37	3059	0	1
1929	0	30	159	2998	0	1
1929	1	1	1	3067	0	1
1929	1	4	1	3067	0	1
1929	1	13	6	3064	0	1
1929	1	19	3	3068	0	1
1929	1	28	349	2817	0	1
1929	1	31	1	3068	0	1
1929	2	1	32	3047	0	1
1929	2	3	3	3066	0	1
1929	2	7	266	2859	0	1
1929	2	10	273	2879	0	1
1929	2	15	138	3003	0	1
1929	2	23	16	3060	0	1
1929	2	25	2	3066	0	1
1929	2	31	2	3066	0	1
1929	3	0	11	3069	0	1
1929	3	1	2	3066	0	1
1929	3	3	75	3049	0	1
1929	3	13	504	2859	0	1
1929	3	15	546	2705	0	1
1929	3	16	486	2628	0	1
1929	3	19	13	3069	0	1
1929	3	28	220	2982	0	1
1929	4	1	71	3036	0	1
1929	4	2	1	3067	0	1
1929	4	6	15	3069	0	1
1929	4	12	1	3066	0	1
1929	4	19	36	3050	0	1
1929	4	25	2	3066	0	1
1929	4	29	11	3067	0	1
1929	5	9	486	2628	0	1
1929	5	16	83	3016	0	1
1929	5	22	165	3041	0	1
1929	5	25	2	3065	0	1
1929	6	13	59	3045	0	1
1929	6	14	143	3014	0	1
1929	6	15	434	2878	0	1
1929	6	21	27	3064	0	1
1929	6	30	2065	1715	0	1
1929	6	31	225	2942	0	1
1929	7	2	1	3067	0	1
1929	7	5	946	2709	0	1
1929	7	6	548	2758	0	1
1929	7	9	216	2914	0	1
1929	7	13	136	2966	0	1
1929	8	3	1	3067	0	1
1929	9	7	3	3067	0	1
1929	9	9	135	2974	0	1
1929	9	23	75	3049	0	1
1929	10	7	133	3045	0	1
1929	11	1	349	2945	0	1
1929	11	7	17	3061	0	1
1929	11	17	147	3041	0	1
1929	12	23	396	2916	0	1
1929	13	3	1	3067	0	1
1929	14	2	11	3068	0	1
1929	16	0	6	3069	0	1
1929	17	0	2	3068	0	1
1929	18	3	1	3067	0	1
1929	18	13	1	3067	0	1
1929	18	17	43	3058	0	1
1929	19	1	152	3037	0	1
1929	19	3	3	3067	0	1
1930	0	1	4	3068	0	1
1930	0	23	33	3052	0	1
1930	0	26	54	3051	0	1
1930	0	28	20	3065	0	1
1930	0	29	1	3066	0	1
1930	0	30	59	3047	0	1
1930	1	2	80	3050	0	1
1930	1	3	1	3067	0	1
1930	1	10	1	3066	0	1
1930	1	13	3	3066	0	1
1930	1	14	1	3067	0	1
1930	1	26	41	3059	0	1
1930	1	28	424	2774	0	1
1930	1	31	3	3065	0	1
1930	2	0	24	3058	0	1
1930	2	1	18	3056	0	1
1930	2	12	3	3067	0	1
1930	2	14	943	2667	0	1
1930	2	16	3	3064	0	1
1930	2	23	36	3050	0	1
1930	2	26	135	3031	0	1
1930	2	28	85	3034	0	1
1930	2	31	6	3064	0	1
1930	3	0	1	3066	0	1
1930	3	1	1	3067	0	1
1930	3	8	406	2746	0	1
1930	3	10	419	2712	0	1
1930	3	15	468	2740	0	1
1930	3	19	81	3044	0	1
1930	3	21	5	3065	0	1
1930	3	29	75	3035	0	1
1930	3	31	49	3049	0	1
1930	4	2	1	3067	0	1
1930	4	10	1	3066	0	1
1930	4	12	410	2768	0	1
1930	4	13	196	2942	0	1
1930	4	26	73	3047	0	1
1930	4	28	140	2971	0	1
1930	4	30	80	3050	0	1
1930	5	0	105	2994	0	1
1930	5	10	1	3067	0	1
1930	5	16	159	2957	0	1
1930	5	22	4	3069	0	1
1930	6	26	240	2983	0	1
1930	6	28	423	2851	0	1
1930	7	10	419	2712	0	1
1930	7	13	419	2704	0	1
1930	7	15	2	3065	0	1
1930	7	26	7	3065	0	1
1930	8	3	1	3067	0	1
1930	9	26	322	2809	0	1
1930	10	1	7	3066	0	1
1930	10	7	4	3067	0	1
1930	10	17	12	3068	0	1
1930	10	23	133	3045	0	1
1930	10	26	2497	1595	0	1
1930	11	1	243	2980	0	1
1930	11	17	74	3055	0	1
1930	11	31	1	3068	0	1
1930	13	31	749	2817	0	1
1930	18	3	3	3064	0	1
1930	18	13	3	3068	0	1
1930	18	16	4	3067	0	1
1930	18	17	37	3059	0	1
1930	18	29	10	3071	0	1
1930	18	30	2	3068	0	1
1930	19	3	4	3067	0	1
1930	19	29	26	3065	0	1
1930	20	3	35	3059	0	1
1930	20	13	1	3066	0	1
1930	20	14	8	3070	0	1
1930	20	29	77	3040	0	1
1930	21	13	81	3041	0	1
1930	21	29	1979	1900	0	1
1931	0	1	7	3069	0	1
1931	0	7	9	3064	0	1
1931	0	16	87	3025	0	1
1931	0	23	31	3055	0	1
1931	0	26	32	3053	0	1
1931	1	4	1	3067	0	1
1931	1	23	13	3069	0	1
1931	1	31	1	3068	0	1
1931	2	1	30	3049	0	1
1931	2	7	30	3040	0	1
1931	2	10	747	2550	0	1
1931	2	12	14	3068	0	1
1931	2	15	78	3036	0	1
1931	2	16	3	3064	0	1
1931	2	26	94	3038	0	1
1931	2	28	92	3030	0	1
1931	3	3	45	3062	0	1
1931	3	9	9	3065	0	1
1931	3	12	21	3058	0	1
1931	3	13	96	3002	0	1
1931	3	15	173	2942	0	1
1931	3	30	140	3002	0	1
1931	4	2	1	3067	0	1
1931	4	12	288	2851	0	1
1931	4	13	97	3005	0	1
1931	4	28	58	3029	0	1
1931	4	29	8	3068	0	1
1931	5	28	756	2655	0	1
1931	6	15	557	2860	0	1
1931	6	25	322	2809	0	1
1931	6	30	466	2619	0	1
1931	6	31	249	2979	0	1
1931	7	6	633	2712	0	1
1931	7	15	2	3065	0	1
1931	7	22	726	2753	0	1
1931	7	26	7	3065	0	1
1931	8	3	1	3067	0	1
1931	9	9	216	2914	0	1
1931	9	17	1	3068	0	1
1931	9	26	322	2809	0	1
1931	10	26	1587	2168	0	1
1931	11	1	138	3035	0	1
1931	11	7	1	3067	0	1
1931	11	10	2	3065	0	1
1931	11	26	7	3065	0	1
1931	13	10	216	2914	0	1
1931	13	25	28	3069	0	1
1931	13	26	322	2809	0	1
1931	14	26	2497	1595	0	1
1931	18	3	1	3067	0	1
1931	18	28	1	3067	0	1
1931	18	30	2	3068	0	1
1931	20	3	9	3061	0	1
1931	26	19	1	3067	0	1
1932	0	3	1	3068	0	1
1932	0	7	1	3067	0	1
1932	0	16	2	3066	0	1
1932	0	23	1	3066	0	1
1932	1	2	1	3066	0	1
1932	1	3	3	3066	0	1
1932	1	5	3	3066	0	1
1932	1	6	3	3068	0	1
1932	1	7	2	3069	0	1
1932	1	10	2	3066	0	1
1932	1	13	13	3062	0	1
1932	1	19	1	3068	0	1
1932	1	20	1	3067	0	1
1932	1	22	16	3063	0	1
1932	1	23	1	3067	0	1
1932	1	24	2	3066	0	1
1932	1	29	8	3066	0	1
1932	1	31	24	3064	0	1
1932	2	1	799	2764	0	1
1932	2	5	12	3062	0	1
1932	2	14	1063	2506	0	1
1932	2	15	1	3066	0	1
1932	2	22	28	3053	0	1
1932	2	23	6	3067	0	1
1932	2	25	29	3063	0	1
1932	2	27	28	3053	0	1
1932	3	0	9	3068	0	1
1932	3	2	11	3070	0	1
1932	3	8	109	2993	0	1
1932	3	13	33	3059	0	1
1932	3	15	7	3062	0	1
1932	3	17	10	3062	0	1
1932	3	18	44	3047	0	1
1932	3	19	90	3051	0	1
1932	3	20	51	3051	0	1
1932	3	23	8	3061	0	1
1932	3	25	2	3065	0	1
1932	4	5	289	2830	0	1
1932	4	20	1	3066	0	1
1932	4	23	19	3054	0	1
1932	4	31	18	3053	0	1
1932	5	0	131	2964	0	1
1932	5	1	216	2914	0	1
1932	5	5	486	2838	0	1
1932	5	7	1	3067	0	1
1932	5	10	1	3067	0	1
1932	5	13	104	3024	0	1
1932	5	15	12	3059	0	1
1932	5	19	289	2830	0	1
1932	6	20	149	3025	0	1
1932	7	0	1006	2473	0	1
1932	7	9	618	2822	0	1
1932	7	20	419	2704	0	1
1932	10	29	3	3067	0	1
1932	11	7	2	3067	0	1
1932	11	10	2	3065	0	1
1932	11	14	14	3064	0	1
1932	11	30	12	3068	0	1
1932	12	9	133	3045	0	1
1932	12	10	14	3062	0	1
1932	12	14	3	3064	0	1
1932	12	17	133	3045	0	1
1932	12	21	1121	2457	0	1
1932	13	0	1248	2474	0	1
1932	13	17	67	3060	0	1
1932	18	1	4	3069	0	1
1932	18	14	30	3068	0	1
1932	18	20	1	3066	0	1
1932	18	22	7	3068	0	1
1932	18	27	10	3067	0	1
1932	19	3	7	3068	0	1
1932	19	10	35	3067	0	1
1933	0	7	1	3066	0	1
1933	0	10	1	3066	0	1
1933	0	12	1	3066	0	1
1933	0	13	5	3066	0	1
1933	0	14	6	3068	0	1
1933	0	18	1	3066	0	1
1933	0	21	5	3067	0	1
1933	0	31	2	3067	0	1
1933	1	5	5	3065	0	1
1933	1	7	3	3069	0	1
1933	1	10	2	3066	0	1
1933	1	13	24	3060	0	1
1933	1	20	3	3068	0	1
1933	1	22	6	3067	0	1
1933	1	31	9	3066	0	1
1933	2	7	1113	2575	0	1
1933	2	9	14	3065	0	1
1933	2	12	61	3033	0	1
1933	2	14	1049	2528	0	1
1933	2	22	92	3026	0	1
1933	2	24	771	2765	0	1
1933	2	27	18	3058	0	1
1933	2	30	67	3035	0	1
1933	3	0	6	3068	0	1
1933	3	3	15	3058	0	1
1933	3	5	419	2705	0	1
1933	3	8	815	2488	0	1
1933	3	9	33	3063	0	1
1933	3	15	8	3061	0	1
1933	3	17	12	3059	0	1
1933	3	19	49	3055	0	1
1933	3	20	58	3047	0	1
1933	3	23	2	3065	0	1
1933	3	26	7	3065	0	1
1933	4	6	68	3013	0	1
1933	4	12	1	3066	0	1
1933	4	14	505	2675	0	1
1933	4	15	19	3054	0	1
1933	4	22	52	3029	0	1
1933	4	26	20	3058	0	1
1933	4	27	1	3067	0	1
1933	4	30	1587	2295	0	1
1933	4	31	5	3064	0	1
1933	5	2	474	2677	0	1
1933	5	10	1	3067	0	1
1933	5	11	47	3034	0	1
1933	5	13	220	2974	0	1
1933	5	26	322	2809	0	1
1933	6	12	333	2962	0	1
1933	6	25	4	3066	0	1
1933	6	28	2020	1868	0	1
1933	7	0	2497	1595	0	1
1933	7	10	518	2889	0	1
1933	10	15	1	3066	0	1
1933	10	23	2	3067	0	1
1933	11	0	3	3066	0	1
1933	11	27	5	3068	0	1
1933	11	29	25	3059	0	1
1933	11	30	19	3062	0	1
1933	12	5	613	2768	0	1
1933	12	13	84	3037	0	1
1933	12	17	12	3065	0	1
1933	12	18	114	3035	0	1
1933	12	19	23	3061	0	1
1933	12	20	562	2840	0	1
1933	12	22	1622	2081	0	1
1933	12	25	96	3047	0	1
1933	13	4	863	2607	0	1
1933	18	6	7	3068	0	1
1933	18	11	1	3067	0	1
1933	18	20	1	3066	0	1
1933	19	3	3	3068	0	1
1933	19	11	12	3065	0	1
1933	19	27	30	3067	0	1
1933	19	29	39	3066	0	1
1933	20	1	53	3049	0	1
1933	20	12	5	3066	0	1
1933	20	27	486	2852	0	1
1933	20	31	55	3051	0	1
1934	0	15	28	3055	0	1
1934	0	17	2	3066	0	1
1934	0	20	1	3067	0	1
1934	0	23	17	3064	0	1
1934	1	2	1	3067	0	1
1934	1	4	42	3056	0	1
1934	1	7	5	3067	0	1
1934	1	10	1	3067	0	1
1934	1	11	1	3066	0	1
1934	1	12	9	3065	0	1
1934	1	18	1	3067	0	1
1934	1	19	3	3067	0	1
1934	1	21	4	3068	0	1
1934	1	22	1	3067	0	1
1934	1	23	33	3054	0	1
1934	1	25	2	3066	0	1
1934	1	26	1	3067	0	1
1934	1	30	17	3064	0	1
1934	2	0	8	3062	0	1
1934	2	2	39	3057	0	1
1934	2	4	14	3060	0	1
1934	2	11	771	2765	0	1
1934	2	12	52	3046	0	1
1934	2	14	27	3069	0	1
1934	2	17	1	3067	0	1
1934	2	19	32	3055	0	1
1934	2	22	4	3066	0	1
1934	2	23	85	3029	0	1
1934	2	24	28	3048	0	1
1934	2	25	48	3055	0	1
1934	3	4	18	3060	0	1
1934	3	7	174	2995	0	1
1934	3	8	44	3056	0	1
1934	3	9	14	3056	0	1
1934	3	16	18	3056	0	1
1934	3	22	32	3047	0	1
1934	3	27	3	3067	0	1
1934	4	4	322	2809	0	1
1934	4	25	12	3059	0	1
1934	4	27	56	3038	0	1
1934	4	31	822	2678	0	1
1934	5	0	116	2988	0	1
1934	5	1	19	3053	0	1
1934	5	10	100	2992	0	1
1934	5	11	1	3067	0	1
1934	5	12	98	3027	0	1
1934	5	14	12	3061	0	1
1934	5	18	352	2780	0	1
1934	6	11	2	3067	0	1
1934	6	13	340	2951	0	1
1934	6	19	3	3066	0	1
1934	6	21	243	2974	0	1
1934	6	24	3	3066	0	1
1934	6	26	1	3066	0	1
1934	6	27	566	2564	0	1
1934	7	0	566	2564	0	1
1934	7	11	1	3066	0	1
1934	7	19	234	3003	0	1
1934	10	7	25	3062	0	1
1934	10	18	1	3068	0	1
1934	10	29	3	3069	0	1
1934	10	30	1	3068	0	1
1934	11	4	10	3066	0	1
1934	11	6	2	3068	0	1
1934	11	17	5	3068	0	1
1934	11	21	7	3066	0	1
1934	11	22	44	3055	0	1
1934	11	28	19	3066	0	1
1934	12	10	32	3048	0	1
1934	12	18	749	2817	0	1
1934	12	24	52	3061	0	1
1934	12	26	427	2910	0	1
1934	12	27	15	3068	0	1
1934	12	29	745	2817	0	1
1934	13	1	380	2928	0	1
1934	13	27	425	2893	0	1
1934	18	19	1	3068	0	1
1934	18	20	2	3067	0	1
1934	19	12	30	3068	0	1
1934	19	19	6	3069	0	1
1934	20	24	140	3034	0	1
1935	0	12	2	3066	0	1
1935	0	21	1	3066	0	1
1935	0	23	13	3064	0	1
1935	0	26	1	3067	0	1
1935	0	30	1	3067	0	1
1935	1	7	2	3067	0	1
1935	1	10	3	3066	0	1
1935	1	11	2	3066	0	1
1935	1	12	19	3060	0	1
1935	1	14	5	3065	0	1
1935	1	18	1	3066	0	1
1935	1	21	4	3068	0	1
1935	1	26	4	3066	0	1
1935	1	30	212	2999	0	1
1935	2	0	17	3057	0	1
1935	2	6	26	3049	0	1
1935	2	11	475	2868	0	1
1935	2	12	34	3064	0	1
1935	2	13	131	3005	0	1
1935	2	17	1	3067	0	1
1935	2	22	2	3066	0	1
1935	2	23	42	3043	0	1
1935	2	25	448	2899	0	1
1935	2	31	49	3044	0	1
1935	3	3	22	3067	0	1
1935	3	7	157	3005	0	1
1935	3	8	32	3055	0	1
1935	3	9	1337	2351	0	1
1935	3	12	64	3040	0	1
1935	3	16	12	3061	0	1
1935	3	18	83	3052	0	1
1935	3	19	78	3037	0	1
1935	3	21	57	3050	0	1
1935	3	22	16	3056	0	1
1935	3	26	29	3059	0	1
1935	4	7	1554	2316	0	1
1935	4	22	25	3052	0	1
1935	4	25	33	3046	0	1
1935	4	26	2	3066	0	1
1935	4	30	33	3046	0	1
1935	4	31	188	2971	0	1
1935	5	0	37	3040	0	1
1935	5	3	345	2794	0	1
1935	5	4	992	2630	0	1
1935	5	18	381	2751	0	1
1935	6	2	1	3066	0	1
1935	6	10	2020	1868	0	1
1935	6	21	89	3035	0	1
1935	6	24	4	3065	0	1
1935	6	26	1	3066	0	1
1935	7	0	277	2801	0	1
1935	7	10	68	3006	0	1
1935	7	21	20	3059	0	1
1935	10	8	3	3067	0	1
1935	10	28	6	3068	0	1
1935	10	29	2	3068	0	1
1935	11	4	19	3066	0	1
1935	11	13	4	3066	0	1
1935	11	14	17	3069	0	1
1935	11	22	15	3056	0	1
1935	12	13	1	3067	0	1
1935	12	15	4	3064	0	1
1935	12	21	562	2840	0	1
1935	12	26	427	2910	0	1
1935	12	27	63	3057	0	1
1935	12	29	44	3057	0	1
1935	13	5	192	2914	0	1
1935	13	6	921	2384	0	1
1935	13	13	1214	2484	0	1
1935	13	18	188	2916	0	1
1935	13	24	145	3032	0	1
1935	14	19	396	2916	0	1
1935	18	2	6	3068	0	1
1935	18	12	13	3069	0	1
1935	18	23	10	3067	0	1
1935	19	4	26	3064	0	1
1935	19	11	3	3067	0	1
1935	20	11	33	3057	0	1
1935	20	19	197	2998	0	1
1935	20	21	351	2949	0	1
1935	21	9	30	3072	0	1
1936	0	13	3	3066	0	1
1936	0	22	12	3066	0	1
1936	1	10	2	3066	0	1
1936	1	13	22	3061	0	1
1936	1	22	16	3061	0	1
1936	1	23	1	3067	0	1
1936	1	24	2	3066	0	1
1936	2	10	48	3055	0	1
1936	2	12	64	3036	0	1
1936	2	13	40	3051	0	1
1936	2	14	14	3056	0	1
1936	2	16	1	3067	0	1
1936	2	18	11	3066	0	1
1936	2	22	73	3040	0	1
1936	2	23	5	3066	0	1
1936	2	24	357	2933	0	1
1936	2	27	17	3059	0	1
1936	2	30	7	3064	0	1
1936	3	0	7	3068	0	1
1936	3	2	12	3065	0	1
1936	3	10	50	3051	0	1
1936	3	13	40	3058	0	1
1936	3	15	5	3064	0	1
1936	3	18	78	3037	0	1
1936	3	19	63	3055	0	1
1936	3	23	7	3062	0	1
1936	3	24	16	3060	0	1
1936	3	25	1	3066	0	1
1936	3	26	6	3064	0	1
1936	4	13	2	3066	0	1
1936	4	15	9	3061	0	1
1936	4	23	5	3063	0	1
1936	4	31	33	3046	0	1
1936	5	1	33	3046	0	1
1936	5	11	68	3019	0	1
1936	5	13	220	2974	0	1
1936	5	15	4	3064	0	1
1936	5	18	1	3067	0	1
1936	5	19	146	2952	0	1
1936	6	11	209	2907	0	1
1936	6	17	745	2615	0	1
1936	7	1	566	2564	0	1
1936	7	9	963	2659	0	1
1936	7	11	105	2974	0	1
1936	7	17	511	2858	0	1
1936	7	20	31	3059	0	1
1936	10	6	8	3068	0	1
1936	10	7	1	3066	0	1
1936	10	19	1	3068	0	1
1936	10	23	3	3066	0	1
1936	10	28	1	3068	0	1
1936	10	31	1	3068	0	1
1936	11	0	2	3067	0	1
1936	11	7	2	3066	0	1
1936	11	10	6	3068	0	1
1936	11	12	8	3070	0	1
1936	11	14	12	3068	0	1
1936	11	15	1	3066	0	1
1936	11	23	6	3062	0	1
1936	11	29	36	3054	0	1
1936	12	5	719	2719	0	1
1936	12	9	4	3064	0	1
1936	12	10	28	3057	0	1
1936	12	11	4	3063	0	1
1936	12	13	52	3050	0	1
1936	12	14	4	3064	0	1
1936	12	17	10	3065	0	1
1936	12	19	30	3058	0	1
1936	12	23	1370	2363	0	1
1936	12	25	58	3050	0	1
1936	12	26	136	3034	0	1
1936	12	27	90	3037	0	1
1936	13	0	473	2840	0	1
1936	13	1	27	3055	0	1
1936	13	8	33	3055	0	1
1936	13	9	26	3059	0	1
1936	13	10	45	3040	0	1
1936	13	17	66	3036	0	1
1936	13	18	279	2962	0	1
1936	13	19	39	3040	0	1
1936	13	21	1978	1611	0	1
1936	14	7	141	3018	0	1
1936	15	1	667	2489	0	1
1936	15	16	2842	1275	0	1
1936	18	1	4	3069	0	1
1936	18	3	6	3068	0	1
1936	18	11	1	3067	0	1
1936	18	13	13	3069	0	1
1936	18	18	1	3068	0	1
1936	18	20	1	3066	0	1
1936	18	21	2	3067	0	1
1936	18	22	19	3066	0	1
1936	18	27	10	3067	0	1
1936	19	5	142	3050	0	1
1936	19	10	35	3067	0	1
1936	19	18	6	3069	0	1
1936	19	29	30	3064	0	1
1936	20	1	50	3051	0	1
1936	20	10	256	2982	0	1
1936	20	12	5	3066	0	1
1936	20	18	118	3041	0	1
1936	20	31	55	3051	0	1
1936	21	7	375	2938	0	1
1936	21	9	26	3060	0	1
1936	21	10	516	2768	0	1
1936	21	18	534	2776	0	1
1936	21	27	31	3062	0	1
1937	0	7	2	3066	0	1
1937	0	14	6	3067	0	1
1937	0	18	1	3067	0	1
1937	0	21	4	3067	0	1
1937	0	31	1	3067	0	1
1937	1	3	1	3067	0	1
1937	1	5	4	3066	0	1
1937	1	11	3	3065	0	1
1937	1	13	16	3064	0	1
1937	1	19	1	3066	0	1
1937	1	23	1	3067	0	1
1937	1	27	1	3066	0	1
1937	1	29	4	3067	0	1
1937	1	31	15	3067	0	1
1937	2	1	12	3062	0	1
1937	2	3	45	3053	0	1
1937	2	5	6	3063	0	1
1937	2	7	25	3054	0	1
1937	2	9	2	3069	0	1
1937	2	10	390	2919	0	1
1937	2	13	72	3041	0	1
1937	2	14	1562	2201	0	1
1937	2	15	1	3066	0	1
1937	2	16	1	3067	0	1
1937	2	18	23	3054	0	1
1937	2	22	92	3026	0	1
1937	2	23	9	3068	0	1
1937	3	3	18	3060	0	1
1937	3	5	8	3064	0	1
1937	3	8	419	2705	0	1
1937	3	11	78	3037	0	1
1937	3	27	50	3051	0	1
1937	4	15	33	3046	0	1
1937	4	23	131	2964	0	1
1937	4	30	34	3046	0	1
1937	5	15	5	3064	0	1
1937	5	23	33	3046	0	1
1937	6	1	680	2790	0	1
1937	6	11	989	2291	0	1
1937	6	17	2497	1595	0	1
1937	6	18	4	3065	0	1
1937	6	20	317	2961	0	1
1937	7	0	2497	1595	0	1
1937	7	1	566	2564	0	1
1937	7	10	829	2742	0	1
1937	7	20	31	3059	0	1
1937	10	6	10	3067	0	1
1937	10	23	3	3066	0	1
1937	10	28	3	3067	0	1
1937	10	31	1	3068	0	1
1937	11	7	5	3068	0	1
1937	11	16	3	3067	0	1
1937	11	20	6	3067	0	1
1937	11	30	208	2902	0	1
1937	12	5	1248	2474	0	1
1937	12	10	93	3031	0	1
1937	12	11	141	3013	0	1
1937	12	13	46	3052	0	1
1937	12	14	4	3064	0	1
1937	12	19	49	3053	0	1
1937	12	20	455	2826	0	1
1937	12	28	65	3025	0	1
1937	12	29	34	3057	0	1
1937	13	2	4	3067	0	1
1937	13	4	119	2969	0	1
1937	13	8	178	3023	0	1
1937	13	9	25	3060	0	1
1937	13	10	45	3040	0	1
1937	13	12	42	3054	0	1
1937	13	15	46	3047	0	1
1937	13	17	40	3068	0	1
1937	13	18	279	2962	0	1
1937	13	19	275	2845	0	1
1937	13	21	46	3047	0	1
1937	13	23	46	3047	0	1
1937	14	18	157	3000	0	1
1937	15	2	2842	1275	0	1
1937	18	14	30	3068	0	1
1937	18	18	1	3068	0	1
1937	18	20	1	3066	0	1
1937	18	21	2	3067	0	1
1937	18	22	19	3066	0	1
1937	19	3	10	3071	0	1
1937	19	11	70	3072	0	1
1937	19	13	14	3067	0	1
1937	19	27	2	3067	0	1
1937	20	20	172	2998	0	1
1937	20	25	262	2950	0	1
1937	20	27	516	2768	0	1
1937	20	31	55	3051	0	1
1937	21	7	375	2938	0	1
1937	21	9	26	3060	0	1
1937	21	10	516	2768	0	1
1937	21	27	31	3062	0	1
1938	0	14	6	3068	0	1
1938	0	18	2	3066	0	1
1938	0	22	11	3069	0	1
1938	0	31	2	3067	0	1
1938	1	3	2	3066	0	1
1938	1	5	6	3064	0	1
1938	1	6	5	3067	0	1
1938	1	7	1	3068	0	1
1938	1	11	6	3065	0	1
1938	1	13	9	3065	0	1
1938	1	18	3	3067	0	1
1938	1	19	2	3067	0	1
1938	1	20	2	3068	0	1
1938	1	24	2	3066	0	1
1938	1	27	2	3066	0	1
1938	1	31	20	3067	0	1
1938	2	1	10	3061	0	1
1938	2	3	57	3050	0	1
1938	2	5	7	3065	0	1
1938	2	10	48	3055	0	1
1938	2	13	46	3055	0	1
1938	2	14	703	2640	0	1
1938	2	15	1	3066	0	1
1938	2	16	1	3067	0	1
1938	2	18	17	3056	0	1
1938	2	24	516	2859	0	1
1938	2	30	67	3035	0	1
1938	3	6	174	2995	0	1
1938	3	9	44	3056	0	1
1938	3	11	33	3051	0	1
1938	3	13	14	3056	0	1
1938	3	15	2	3065	0	1
1938	3	17	18	3056	0	1
1938	3	18	54	3048	0	1
1938	3	19	40	3059	0	1
1938	3	20	28	3053	0	1
1938	3	23	32	3047	0	1
1938	3	24	16	3058	0	1
1938	3	25	2	3065	0	1
1938	3	26	5	3065	0	1
1938	4	5	30	3040	0	1
1938	4	6	1554	2316	0	1
1938	4	14	438	2711	0	1
1938	4	24	3	3064	0	1
1938	4	30	1255	2459	0	1
1938	4	31	33	3046	0	1
1938	5	1	216	2914	0	1
1938	5	10	1	3067	0	1
1938	5	13	220	2974	0	1
1938	5	15	19	3053	0	1
1938	5	19	628	2546	0	1
1938	5	26	289	2830	0	1
1938	6	3	1	3066	0	1
1938	6	25	4	3065	0	1
1938	6	27	1	3066	0	1
1938	7	18	649	2793	0	1
1938	10	15	1	3066	0	1
1938	10	23	2	3065	0	1
1938	10	28	2	3068	0	1
1938	10	31	1	3068	0	1
1938	11	0	1	3066	0	1
1938	11	5	10	3065	0	1
1938	11	7	5	3068	0	1
1938	11	16	5	3068	0	1
1938	11	23	44	3055	0	1
1938	11	27	7	3067	0	1
1938	11	29	28	3069	0	1
1938	12	5	1248	2474	0	1
1938	12	10	20	3062	0	1
1938	12	11	141	3013	0	1
1938	12	12	11	3061	0	1
1938	12	13	84	3037	0	1
1938	12	19	33	3058	0	1
1938	12	20	211	2961	0	1
1938	12	22	847	2537	0	1
1938	12	23	64	3040	0	1
1938	12	25	96	3047	0	1
1938	12	26	136	3034	0	1
1938	12	27	427	2910	0	1
1938	13	0	1248	2474	0	1
1938	13	8	12	3066	0	1
1938	13	18	91	3029	0	1
1938	13	26	425	2893	0	1
1938	14	18	396	2916	0	1
1938	18	13	4	3068	0	1
1938	19	5	26	3064	0	1
1938	19	29	33	3063	0	1
1938	20	1	53	3049	0	1
1939	0	3	1	3068	0	1
1939	0	7	2	3066	0	1
1939	0	13	5	3066	0	1
1939	0	14	28	3055	0	1
1939	0	16	2	3066	0	1
1939	0	21	2	3067	0	1
1939	0	31	2	3067	0	1
1939	1	3	2	3066	0	1
1939	1	6	2	3066	0	1
1939	1	7	3	3069	0	1
1939	1	10	2	3066	0	1
1939	1	11	3	3066	0	1
1939	1	19	2	3067	0	1
1939	1	20	4	3068	0	1
1939	1	22	24	3060	0	1
1939	1	23	1	3067	0	1
1939	1	24	2	3066	0	1
1939	2	1	10	3062	0	1
1939	2	5	14	3060	0	1
1939	2	7	1113	2575	0	1
1939	2	14	14	3056	0	1
1939	2	16	1	3067	0	1
1939	2	23	9	3068	0	1
1939	2	24	311	2936	0	1
1939	2	25	28	3048	0	1
1939	2	30	31	3054	0	1
1939	3	0	7	3068	0	1
1939	3	2	4	3066	0	1
1939	3	6	73	3032	0	1
1939	3	8	14	3056	0	1
1939	3	9	33	3063	0	1
1939	3	10	36	3059	0	1
1939	3	11	78	3037	0	1
1939	3	15	8	3061	0	1
1939	3	17	18	3056	0	1
1939	3	18	51	3051	0	1
1939	3	19	90	3051	0	1
1939	3	24	18	3057	0	1
1939	3	25	2	3065	0	1
1939	3	26	3	3065	0	1
1939	4	5	322	2809	0	1
1939	4	6	47	3031	0	1
1939	4	12	1	3066	0	1
1939	4	14	420	2744	0	1
1939	4	15	33	3046	0	1
1939	4	23	131	2964	0	1
1939	4	26	26	3053	0	1
1939	4	27	2	3066	0	1
1939	4	30	1587	2295	0	1
1939	4	31	25	3052	0	1
1939	5	0	18	3053	0	1
1939	5	2	798	2413	0	1
1939	5	7	1	3067	0	1
1939	5	11	100	2992	0	1
1939	5	13	161	3009	0	1
1939	5	19	289	2830	0	1
1939	5	26	218	2885	0	1
1939	6	10	3	3066	0	1
1939	6	11	2020	1868	0	1
1939	6	12	415	2931	0	1
1939	6	17	2497	1595	0	1
1939	6	18	3	3066	0	1
1939	6	26	952	2302	0	1
1939	6	28	952	2302	0	1
1939	10	6	25	3062	0	1
1939	10	19	1	3068	0	1
1939	10	23	3	3066	0	1
1939	10	28	3	3069	0	1
1939	10	29	6	3068	0	1
1939	11	0	3	3066	0	1
1939	11	5	19	3066	0	1
1939	11	10	2	3065	0	1
1939	11	12	4	3066	0	1
1939	11	14	14	3064	0	1
1939	11	15	3	3067	0	1
1939	11	16	2	3068	0	1
1939	11	27	9	3067	0	1
1939	11	29	15	3068	0	1
1939	11	30	12	3068	0	1
1939	12	9	133	3045	0	1
1939	12	10	14	3062	0	1
1939	12	12	1	3067	0	1
1939	12	13	42	3054	0	1
1939	12	14	4	3064	0	1
1939	12	17	133	3045	0	1
1939	12	19	749	2817	0	1
1939	12	20	562	2840	0	1
1939	12	23	453	2673	0	1
1939	12	28	745	2817	0	1
1939	13	4	863	2607	0	1
1939	13	7	520	2687	0	1
1939	13	8	33	3055	0	1
1939	13	12	1214	2484	0	1
1939	13	18	277	2964	0	1
1939	13	19	68	3013	0	1
1939	13	25	145	3032	0	1
1939	15	16	2842	1275	0	1
1939	18	1	2	3068	0	1
1939	18	11	1	3067	0	1
1939	19	3	11	3070	0	1
1939	19	11	67	3071	0	1
1939	19	13	13	3067	0	1
1939	20	20	351	2949	0	1
1940	0	10	1	3066	0	1
1940	0	12	1	3066	0	1
1940	0	21	2	3067	0	1
1940	0	22	22	3062	0	1
1940	0	23	1	3066	0	1
1940	1	3	3	3066	0	1
1940	1	6	2	3066	0	1
1940	1	10	2	3066	0	1
1940	1	13	10	3062	0	1
1940	1	19	1	3066	0	1
1940	1	20	4	3068	0	1
1940	1	22	6	3067	0	1
1940	1	23	1	3067	0	1
1940	1	24	2	3066	0	1
1940	1	29	8	3066	0	1
1940	1	31	18	3067	0	1
1940	2	10	320	2941	0	1
1940	2	14	759	2658	0	1
1940	2	23	4	3065	0	1
1940	2	24	48	3055	0	1
1940	2	25	9	3063	0	1
1940	2	27	18	3057	0	1
1940	2	30	27	3055	0	1
1940	3	0	9	3068	0	1
1940	3	2	22	3067	0	1
1940	3	5	12	3060	0	1
1940	3	6	17	3057	0	1
1940	3	8	419	2705	0	1
1940	3	24	23	3054	0	1
1940	3	26	7	3065	0	1
1940	4	6	13	3056	0	1
1940	4	15	1	3066	0	1
1940	4	20	1	3066	0	1
1940	4	26	2	3067	0	1
1940	4	27	1	3066	0	1
1940	4	31	12	3059	0	1
1940	5	0	131	2964	0	1
1940	5	2	345	2794	0	1
1940	5	5	582	2791	0	1
1940	5	26	322	2809	0	1
1940	6	10	2	3066	0	1
1940	6	12	361	2943	0	1
1940	6	20	149	3025	0	1
1940	6	26	763	2454	0	1
1940	6	28	763	2454	0	1
1940	7	0	2497	1595	0	1
1940	7	20	419	2704	0	1
1940	11	0	1	3066	0	1
1940	11	7	3	3067	0	1
1940	11	10	2	3065	0	1
1940	12	5	573	2799	0	1
1940	12	12	1	3067	0	1
1940	12	18	85	3045	0	1
1940	12	22	1622	2081	0	1
1940	12	23	1370	2363	0	1
1940	12	26	33	3061	0	1
1940	13	8	33	3055	0	1
1940	13	17	67	3060	0	1
1940	13	18	279	2962	0	1
1940	13	19	39	3040	0	1
1940	13	21	1334	2041	0	1
1940	13	23	46	3047	0	1
1940	13	25	62	3051	0	1
1940	15	2	2842	1275	0	1
1940	15	16	2842	1275	0	1
1940	18	1	4	3069	0	1
1940	18	3	6	3068	0	1
1940	18	14	30	3068	0	1
1940	18	18	1	3068	0	1
1940	18	20	1	3066	0	1
1940	18	27	10	3067	0	1
1940	19	3	11	3070	0	1
1940	19	5	47	3071	0	1
1940	19	11	12	3065	0	1
1940	19	13	30	3068	0	1
1940	19	27	2	3067	0	1
1940	19	29	33	3063	0	1
1940	20	10	33	3057	0	1
1940	20	25	260	2950	0	1
1940	20	27	516	2768	0	1
1940	20	31	55	3051	0	1
1940	21	7	375	2938	0	1
1940	21	18	375	2938	0	1
1940	21	27	31	3062	0	1
1941	0	7	2	3066	0	1
1941	0	21	5	3067	0	1
1941	0	22	13	3065	0	1
1941	1	2	1	3066	0	1
1941	1	5	42	3056	0	1
1941	1	6	3	3067	0	1
1941	1	7	3	3069	0	1
1941	1	10	1	3066	0	1
1941	1	11	1	3067	0	1
1941	1	15	5	3065	0	1
1941	1	19	1	3067	0	1
1941	1	20	2	3067	0	1
1941	1	23	1	3067	0	1
1941	1	29	8	3066	0	1
1941	1	31	212	2999	0	1
1941	2	1	799	2764	0	1
1941	2	3	32	3064	0	1
1941	2	5	7	3064	0	1
1941	2	7	24	3054	0	1
1941	2	9	14	3065	0	1
1941	2	10	209	2943	0	1
1941	2	13	78	3037	0	1
1941	2	14	1014	2462	0	1
1941	2	15	27	3069	0	1
1941	2	18	32	3055	0	1
1941	2	23	7	3068	0	1
1941	2	27	12	3059	0	1
1941	2	30	11	3059	0	1
1941	3	0	4	3067	0	1
1941	3	2	9	3069	0	1
1941	3	3	24	3055	0	1
1941	3	5	419	2705	0	1
1941	3	6	76	3030	0	1
1941	3	8	755	2661	0	1
1941	3	18	78	3037	0	1
1941	3	25	1	3066	0	1
1941	3	26	1	3068	0	1
1941	4	5	53	3024	0	1
1941	4	24	33	3046	0	1
1941	4	26	56	3038	0	1
1941	4	30	624	2770	0	1
1941	5	1	115	2982	0	1
1941	5	2	775	2423	0	1
1941	5	18	1	3067	0	1
1941	5	23	33	3046	0	1
1941	6	25	1	3067	0	1
1941	6	26	566	2564	0	1
1941	6	28	2020	1868	0	1
1941	10	23	2	3067	0	1
1941	11	7	2	3068	0	1
1941	11	10	2	3065	0	1
1941	11	12	8	3070	0	1
1941	11	16	5	3068	0	1
1941	11	20	7	3066	0	1
1941	12	5	581	2787	0	1
1941	12	11	32	3048	0	1
1941	12	13	84	3037	0	1
1941	12	17	12	3065	0	1
1941	12	21	1339	2349	0	1
1941	13	8	178	3023	0	1
1941	13	12	633	2771	0	1
1941	13	15	46	3047	0	1
1941	13	18	232	2985	0	1
1941	13	19	275	2845	0	1
1941	13	21	46	3047	0	1
1941	15	2	2842	1275	0	1
1941	18	1	4	3069	0	1
1941	18	3	6	3068	0	1
1941	18	13	13	3069	0	1
1941	19	18	6	3069	0	1
1941	20	12	5	3066	0	1
1941	20	18	118	3041	0	1
1941	20	25	140	3034	0	1
1941	20	27	486	2852	0	1
1941	20	31	52	3051	0	1
1941	21	7	375	2938	0	1
1941	21	18	375	2938	0	1
1941	21	27	31	3062	0	1
1942	0	20	1	3066	0	1
1942	1	3	2	3067	0	1
1942	1	7	1	3067	0	1
1942	1	16	1	3067	0	1
1942	1	17	5	3063	0	1
1942	1	18	1	3067	0	1
1942	1	19	4	3066	0	1
1942	1	20	3	3065	0	1
1942	1	21	1	3067	0	1
1942	1	24	1	3066	0	1
1942	1	25	3	3065	0	1
1942	2	8	1	3066	0	1
1942	2	16	51	3036	0	1
1942	6	16	14	3064	0	1
1942	6	17	9	3066	0	1
1942	6	18	8	3066	0	1
1942	6	19	6	3066	0	1
1942	6	20	22	3059	0	1
1942	6	21	20	3060	0	1
1942	6	22	13	3067	0	1
1942	6	23	21	3062	0	1
1942	6	27	1	3067	0	1
1942	12	0	15	3064	0	1
1942	12	1	4	3067	0	1
1942	12	4	26	3059	0	1
1942	12	5	10	3062	0	1
1942	12	9	12	3063	0	1
1942	12	12	73	3036	0	1
1942	12	16	1	3067	0	1
1942	12	17	1	3067	0	1
1942	12	20	15	3055	0	1
1942	12	21	28	3052	0	1
1942	12	25	1	3067	0	1
1942	18	16	1	3066	0	1
1942	18	17	2	3068	0	1
1942	18	18	1	3068	0	1
1942	18	19	29	3066	0	1
1942	18	24	1	3066	0	1
1942	18	27	55	3068	0	1
1942	19	0	3	3066	0	1
1942	19	2	2	3067	0	1
1942	19	3	2	3068	0	1
1942	19	8	6	3065	0	1
1942	19	10	14	3070	0	1
1942	19	11	8	3067	0	1
1942	19	16	2	3068	0	1
1942	19	18	22	3070	0	1
1942	19	24	4	3068	0	1
1942	19	27	3	3065	0	1
1942	20	20	516	2768	0	1
1943	1	4	1	3068	0	1
1943	1	9	1	3066	0	1
1943	1	16	2	3066	0	1
1943	1	17	2	3067	0	1
1943	1	19	8	3068	0	1
1943	1	20	2	3066	0	1
1943	1	22	1	3067	0	1
1943	1	23	1	3068	0	1
1943	1	25	1	3066	0	1
1943	1	26	1	3067	0	1
1943	1	31	2	3066	0	1
1943	2	0	3	3066	0	1
1943	2	1	5	3063	0	1
1943	2	2	177	3010	0	1
1943	2	3	3	3066	0	1
1943	2	4	11	3061	0	1
1943	2	6	5	3065	0	1
1943	2	11	3	3067	0	1
1943	2	15	5	3063	0	1
1943	2	16	28	3053	0	1
1943	4	30	1	3066	0	1
1943	5	28	88	3012	0	1
1943	5	30	77	3012	0	1
1943	6	0	358	2931	0	1
1943	6	1	355	2905	0	1
1943	6	4	158	3016	0	1
1943	6	5	165	2990	0	1
1943	6	8	1	3067	0	1
1943	6	9	2	3066	0	1
1943	6	12	3	3066	0	1
1943	6	13	2	3065	0	1
1943	6	16	34	3059	0	1
1943	6	17	160	3015	0	1
1943	6	18	25	3058	0	1
1943	6	19	142	3012	0	1
1943	6	20	17	3060	0	1
1943	6	21	14	3063	0	1
1943	6	22	18	3057	0	1
1943	6	23	24	3066	0	1
1943	12	0	32	3065	0	1
1943	12	1	8	3066	0	1
1943	12	4	22	3060	0	1
1943	12	5	2	3066	0	1
1943	12	8	72	3046	0	1
1943	12	12	52	3047	0	1
1943	12	17	2	3065	0	1
1943	12	20	116	3020	0	1
1943	12	21	161	3011	0	1
1943	12	28	123	3015	0	1
1943	12	29	183	3003	0	1
1943	14	0	667	2489	0	1
1943	18	0	3	3068	0	1
1943	18	2	19	3071	0	1
1943	18	16	2	3067	0	1
1943	18	18	1	3066	0	1
1943	18	19	1	3068	0	1
1943	18	26	1	3066	0	1
1943	19	0	4	3069	0	1
1943	19	2	1	3068	0	1
1943	19	3	4	3067	0	1
1943	19	9	3	3064	0	1
1943	19	17	4	3066	0	1
1943	19	18	23	3067	0	1
1943	19	19	2	3065	0	1
1943	19	25	10	3066	0	1
1943	19	26	52	3058	0	1
1943	20	0	13	3061	0	1
1943	20	1	10	3065	0	1
1943	20	2	247	2956	0	1
1943	20	3	11	3065	0	1
1943	20	5	3	3064	0	1
1943	20	8	70	3018	0	1
1943	20	11	13	3063	0	1
1943	20	17	727	2700	0	1
1943	20	21	158	2967	0	1
1944	0	28	1	3067	0	1
1944	1	1	1	3068	0	1
1944	1	3	1	3067	0	1
1944	1	4	1	3067	0	1
1944	1	5	1	3067	0	1
1944	1	9	2	3067	0	1
1944	1	12	2	3066	0	1
1944	1	17	10	3062	0	1
1944	1	19	12	3064	0	1
1944	1	21	1	3068	0	1
1944	1	23	1	3068	0	1
1944	1	25	3	3069	0	1
1944	1	29	1	3067	0	1
1944	1	30	1	3067	0	1
1944	1	31	1	3067	0	1
1944	2	1	1	3067	0	1
1944	2	2	429	2925	0	1
1944	2	4	3	3066	0	1
1944	2	5	4	3064	0	1
1944	2	6	11	3068	0	1
1944	2	16	50	3051	0	1
1944	3	0	50	3051	0	1
1944	3	8	28	3053	0	1
1944	3	16	50	3051	0	1
1944	3	20	28	3053	0	1
1944	3	21	419	2705	0	1
1944	3	29	419	2705	0	1
1944	5	4	2	3066	0	1
1944	5	12	100	2992	0	1
1944	5	16	142	3007	0	1
1944	5	18	78	3034	0	1
1944	5	20	52	3047	0	1
1944	5	26	1201	2558	0	1
1944	5	28	701	2471	0	1
1944	5	30	154	2999	0	1
1944	6	0	109	3021	0	1
1944	6	1	124	3020	0	1
1944	6	4	103	3019	0	1
1944	6	5	85	3034	0	1
1944	6	8	2	3066	0	1
1944	6	9	2	3066	0	1
1944	6	12	5	3065	0	1
1944	6	13	2	3067	0	1
1944	6	16	17	3058	0	1
1944	6	17	112	3018	0	1
1944	6	18	23	3051	0	1
1944	6	19	136	2991	0	1
1944	6	20	19	3062	0	1
1944	6	21	79	3048	0	1
1944	6	22	17	3064	0	1
1944	6	23	78	3029	0	1
1944	6	31	1	3068	0	1
1944	7	0	105	2974	0	1
1944	7	1	31	3059	0	1
1944	7	5	419	2704	0	1
1944	10	8	1	3066	0	1
1944	10	16	2	3065	0	1
1944	10	24	7	3069	0	1
1944	11	0	7	3066	0	1
1944	11	4	2	3068	0	1
1944	11	6	2	3067	0	1
1944	11	16	11	3067	0	1
1944	11	17	22	3069	0	1
1944	11	18	13	3066	0	1
1944	11	19	24	3062	0	1
1944	11	25	90	3047	0	1
1944	11	26	56	3057	0	1
1944	12	1	13	3062	0	1
1944	12	5	26	3058	0	1
1944	12	9	106	3012	0	1
1944	12	13	106	3026	0	1
1944	13	1	584	2767	0	1
1944	13	8	84	3037	0	1
1944	13	9	383	2815	0	1
1944	13	16	4	3064	0	1
1944	14	0	396	2916	0	1
1944	14	16	2842	1275	0	1
1944	18	0	1	3068	0	1
1944	18	18	1	3068	0	1
1944	18	19	1	3068	0	1
1944	18	26	1	3068	0	1
1944	19	0	1	3067	0	1
1944	19	2	4	3069	0	1
1944	19	3	3	3065	0	1
1944	19	8	5	3065	0	1
1944	19	10	7	3067	0	1
1944	19	11	8	3064	0	1
1944	19	16	3	3066	0	1
1944	19	17	7	3067	0	1
1944	19	18	6	3067	0	1
1944	19	19	4	3069	0	1
1944	19	24	5	3064	0	1
1944	19	27	4	3069	0	1
1944	20	3	9	3070	0	1
1944	20	4	2	3067	0	1
1944	20	5	77	3049	0	1
1944	20	7	30	3056	0	1
1944	20	13	304	2923	0	1
1944	20	15	423	2844	0	1
1944	20	16	5	3066	0	1
1944	20	17	18	3065	0	1
1944	20	21	328	2952	0	1
1944	20	24	5	3066	0	1
1944	20	25	21	3062	0	1
1944	20	29	452	2857	0	1
1944	21	0	478	2851	0	1
1944	21	16	2745	1336	0	1
1945	0	2	1	3067	0	1
1945	0	13	1	3066	0	1
1945	0	22	1	3067	0	1
1945	0	25	1	3068	0	1
1945	1	0	1	3067	0	1
1945	1	1	4	3068	0	1
1945	1	3	1	3066	0	1
1945	1	4	1	3068	0	1
1945	1	5	1	3067	0	1
1945	1	7	1	3066	0	1
1945	1	13	1	3068	0	1
1945	1	15	1	3067	0	1
1945	1	16	1	3066	0	1
1945	1	17	8	3063	0	1
1945	1	18	1	3066	0	1
1945	1	19	13	3056	0	1
1945	1	21	13	3060	0	1
1945	1	22	2	3068	0	1
1945	1	23	7	3065	0	1
1945	1	25	1	3066	0	1
1945	1	29	1	3066	0	1
1945	1	31	2	3067	0	1
1945	2	1	16	3057	0	1
1945	2	2	162	2965	0	1
1945	2	4	3	3064	0	1
1945	2	5	56	3053	0	1
1945	2	6	15	3066	0	1
1945	2	7	1	3066	0	1
1945	2	10	1	3066	0	1
1945	2	16	2	3066	0	1
1945	3	16	14	3056	0	1
1945	3	24	14	3056	0	1
1945	4	18	1	3067	0	1
1945	6	16	16	3065	0	1
1945	6	17	17	3061	0	1
1945	6	18	9	3067	0	1
1945	6	19	11	3062	0	1
1945	6	20	33	3051	0	1
1945	6	21	27	3062	0	1
1945	6	22	32	3057	0	1
1945	6	23	32	3057	0	1
1945	6	24	1	3066	0	1
1945	6	25	1	3066	0	1
1945	6	28	1	3066	0	1
1945	6	30	1	3066	0	1
1945	12	1	6	3068	0	1
1945	12	4	1	3067	0	1
1945	12	5	39	3058	0	1
1945	12	13	105	3032	0	1
1945	12	16	183	3003	0	1
1945	12	17	236	2946	0	1
1945	12	20	109	3030	0	1
1945	12	21	34	3062	0	1
1945	12	24	244	2955	0	1
1945	12	28	260	2898	0	1
1945	12	29	123	2984	0	1
1945	13	1	755	2649	0	1
1945	13	9	108	3018	0	1
1945	13	16	1618	2084	0	1
1945	13	24	665	2489	0	1
1945	18	16	2	3067	0	1
1945	18	18	2	3067	0	1
1945	18	27	2	3067	0	1
1945	19	0	3	3069	0	1
1945	19	1	2	3067	0	1
1945	19	2	3	3065	0	1
1945	19	3	40	3067	0	1
1945	19	9	7	3064	0	1
1945	19	16	8	3066	0	1
1945	19	17	9	3065	0	1
1945	19	18	94	3048	0	1
1945	19	24	8	3066	0	1
1945	21	0	1143	2415	0	1
1945	21	2	1626	1710	0	1
1946	0	13	1	3066	0	1
1946	0	25	1	3066	0	1
1946	1	0	2	3069	0	1
1946	1	5	1	3067	0	1
1946	1	17	1	3067	0	1
1946	1	30	2	3069	0	1
1946	2	0	11	3066	0	1
1946	2	2	14	3068	0	1
1946	2	3	2	3068	0	1
1946	2	13	3	3067	0	1
1946	2	15	1	3066	0	1
1946	2	24	2	3067	0	1
1946	2	25	6	3064	0	1
1946	2	27	30	3057	0	1
1946	3	0	297	2943	0	1
1946	3	3	158	3037	0	1
1946	3	5	21	3058	0	1
1946	3	6	9	3065	0	1
1946	3	16	8	3061	0	1
1946	3	21	92	3026	0	1
1946	3	27	18	3060	0	1
1946	3	28	75	3035	0	1
1946	3	30	667	2835	0	1
1946	4	0	174	2955	0	1
1946	4	2	196	2942	0	1
1946	4	3	33	3046	0	1
1946	4	13	117	2968	0	1
1946	4	24	33	3046	0	1
1946	4	25	58	3029	0	1
1946	4	27	171	2956	0	1
1946	5	0	222	2933	0	1
1946	5	3	168	2958	0	1
1946	5	6	33	3046	0	1
1946	5	16	33	3046	0	1
1946	5	27	33	3046	0	1
1946	5	30	168	2958	0	1
1946	6	0	201	2937	0	1
1946	6	3	33	3046	0	1
1946	6	13	222	2864	0	1
1946	6	15	943	2346	0	1
1946	6	25	466	2619	0	1
1946	6	27	3895	386	0	1
1946	6	28	1	3066	0	1
1946	7	0	803	2417	0	1
1946	10	15	1	3066	0	1
1946	10	27	3	3067	0	1
1946	10	28	1	3068	0	1
1946	11	0	27	3062	0	1
1946	11	3	10	3065	0	1
1946	11	5	2	3065	0	1
1946	11	6	1	3066	0	1
1946	11	9	7	3066	0	1
1946	11	10	7	3066	0	1
1946	11	17	18	3057	0	1
1946	11	21	35	3064	0	1
1946	11	27	4	3067	0	1
1946	11	28	7	3065	0	1
1946	11	30	37	3066	0	1
1946	12	0	128	3040	0	1
1946	12	2	14	3060	0	1
1946	12	3	6	3062	0	1
1946	12	13	25	3054	0	1
1946	12	15	153	3009	0	1
1946	12	24	54	3045	0	1
1946	12	25	67	3035	0	1
1946	12	27	571	2803	0	1
1946	12	28	754	2818	0	1
1946	12	29	1	3066	0	1
1946	13	0	1157	2308	0	1
1946	13	3	343	2859	0	1
1946	13	5	216	2914	0	1
1946	13	6	9	3062	0	1
1946	13	9	999	2489	0	1
1946	13	16	46	3033	0	1
1946	13	21	1370	2363	0	1
1946	13	28	322	2809	0	1
1946	13	30	1175	2119	0	1
1946	14	0	1254	2048	0	1
1946	14	2	322	2809	0	1
1946	14	13	345	2747	0	1
1946	14	25	2497	1595	0	1
1946	14	27	2842	1275	0	1
1946	15	0	997	2416	0	1
1946	18	25	1	3067	0	1
1946	18	27	1	3067	0	1
1946	19	0	6	3068	0	1
1946	19	26	143	3041	0	1
1946	20	4	18	3064	0	1
1946	20	22	74	3072	0	1
1946	21	8	150	3045	0	1
1946	21	11	1	3066	0	1
1946	21	12	1	3066	0	1
1946	21	20	547	2891	0	1
1946	21	26	2745	1336	0	1
1947	0	12	1	3068	0	1
1947	0	14	2	3066	0	1
1947	1	16	6	3068	0	1
1947	1	17	56	3053	0	1
1947	2	12	34	3064	0	1
1947	2	14	63	3029	0	1
1947	3	17	419	2705	0	1
1947	3	21	92	3026	0	1
1947	3	24	78	3037	0	1
1947	3	25	1968	2026	0	1
1947	6	9	7	3064	0	1
1947	6	10	7	3064	0	1
1947	6	20	2	3065	0	1
1947	6	21	3	3066	0	1
1947	10	12	4	3067	0	1
1947	10	21	1	3068	0	1
1947	11	0	1	3066	0	1
1947	11	8	10	3065	0	1
1947	11	16	5	3068	0	1
1947	11	17	146	3037	0	1
1947	11	21	35	3064	0	1
1947	11	24	2	3067	0	1
1947	11	25	19	3060	0	1
1947	12	7	178	3023	0	1
1947	12	9	3	3067	0	1
1947	12	10	82	3046	0	1
1947	12	12	4	3067	0	1
1947	12	14	514	2864	0	1
1947	12	20	12	3063	0	1
1947	12	21	367	2934	0	1
1947	13	8	476	2800	0	1
1947	13	17	1618	2084	0	1
1947	13	21	1370	2363	0	1
1947	13	24	2	3067	0	1
1947	13	25	1063	2338	0	1
1947	14	10	667	2489	0	1
1947	14	21	2842	1275	0	1
1947	18	0	3	3068	0	1
1947	18	2	3	3068	0	1
1947	18	12	23	3073	0	1
1947	18	25	38	3073	0	1
1947	18	26	10	3071	0	1
1947	19	0	97	3050	0	1
1947	19	3	50	3068	0	1
1947	19	4	2	3067	0	1
1947	19	5	4	3067	0	1
1947	19	16	10	3061	0	1
1947	19	17	24	3064	0	1
1947	19	28	11	3064	0	1
1947	19	30	26	3065	0	1
1947	20	0	425	2930	0	1
1947	20	2	35	3059	0	1
1947	20	12	261	2981	0	1
1947	20	14	797	2651	0	1
1947	20	24	27	3061	0	1
1947	20	25	781	2529	0	1
1947	20	26	77	3040	0	1
1947	21	0	593	2818	0	1
1947	21	3	1349	1983	0	1
1947	21	5	81	3041	0	1
1947	21	30	1979	1900	0	1
1948	0	24	1	3066	0	1
1948	1	16	5	3067	0	1
1948	2	0	2	3069	0	1
1948	2	2	12	3067	0	1
1948	2	16	18	3066	0	1
1948	2	24	19	3068	0	1
1948	3	0	87	3052	0	1
1948	3	2	47	3054	0	1
1948	4	16	798	2413	0	1
1948	4	24	56	3031	0	1
1948	5	0	932	2306	0	1
1948	5	16	1554	2316	0	1
1948	11	16	12	3065	0	1
1948	11	17	8	3065	0	1
1948	11	20	2	3065	0	1
1948	11	21	3	3068	0	1
1948	12	2	9	3065	0	1
1948	12	3	9	3062	0	1
1948	12	10	13	3064	0	1
1948	13	1	151	2986	0	1
1948	13	3	39	3040	0	1
1948	13	11	46	3033	0	1
1948	21	0	149	3046	0	1
1949	0	6	1	3066	0	1
1949	2	2	2	3065	0	1
1949	2	16	4	3068	0	1
1949	2	24	3	3064	0	1
1949	3	0	3	3066	0	1
1949	3	2	11	3061	0	1
1949	3	16	18	3058	0	1
1949	3	24	156	3004	0	1
1949	4	0	33	3046	0	1
1949	4	8	23	3059	0	1
1949	4	16	33	3046	0	1
1949	4	24	289	2830	0	1
1949	5	0	33	3046	0	1
1949	5	2	289	2830	0	1
1949	5	16	33	3046	0	1
1949	5	24	68	3013	0	1
1949	6	0	943	2346	0	1
1949	6	1	932	2306	0	1
1949	6	8	943	2346	0	1
1949	6	16	1875	1585	0	1
1949	10	16	1	3068	0	1
1949	10	17	2	3068	0	1
1949	11	0	5	3068	0	1
1949	11	1	1	3067	0	1
1949	11	8	10	3068	0	1
1949	11	9	3	3066	0	1
1949	11	16	5	3067	0	1
1949	11	17	2	3065	0	1
1949	11	20	6	3069	0	1
1949	11	21	1	3067	0	1
1949	12	0	15	3066	0	1
1949	12	1	3	3068	0	1
1949	12	2	31	3059	0	1
1949	12	3	51	3061	0	1
1949	12	11	117	3024	0	1
1949	12	16	25	3061	0	1
1949	12	17	4	3067	0	1
1949	12	18	24	3059	0	1
1949	12	25	9	3062	0	1
1949	12	26	63	3023	0	1
1949	13	17	994	2396	0	1
1949	13	19	46	3047	0	1
1949	13	25	984	2282	0	1
1949	14	0	667	2489	0	1
1949	14	16	2842	1275	0	1
1949	18	8	1	3068	0	1
1949	18	24	1	3067	0	1
1949	18	26	5	3067	0	1
1949	20	6	41	3073	0	1
1949	20	20	74	3072	0	1
1950	1	16	1	3067	0	1
1950	12	0	20	3059	0	1
1950	12	1	14	3064	0	1
1950	12	2	57	3058	0	1
1950	12	3	36	3059	0	1
1950	12	11	172	3008	0	1
1950	12	17	117	3034	0	1
1950	12	19	314	2963	0	1
1950	12	25	269	2911	0	1
1950	12	27	553	2752	0	1
1950	19	16	23	3073	0	1
1951	1	0	2	3067	0	1
1951	1	2	1	3067	0	1
1951	3	16	49	3044	0	1
1951	3	24	666	2794	0	1
1951	4	0	183	2935	0	1
1951	4	8	629	2815	0	1
1951	6	0	289	2830	0	1
1951	6	1	277	2801	0	1
1951	6	9	277	2801	0	1
1951	6	18	2020	1868	0	1
1951	10	2	3	3067	0	1
1951	10	17	5	3068	0	1
1951	12	0	4	3063	0	1
1951	12	1	5	3066	0	1
1951	12	8	9	3061	0	1
1951	12	9	14	3061	0	1
1951	12	17	203	2996	0	1
1951	12	19	111	3025	0	1
1951	12	27	122	3017	0	1
1951	13	0	818	2627	0	1
1951	13	2	396	2924	0	1
1951	13	3	34	3057	0	1
1951	13	8	926	2528	0	1
1951	13	10	398	2922	0	1
1951	19	4	12	3068	0	1
1952	50	14	801	2480	0	1
1954	3	9	1	3067	0	1
1954	4	14	1	3067	0	1
1954	4	30	1	3067	0	1
1954	6	14	9	3071	0	1
1954	6	30	3	3066	0	1
1954	8	14	77	3040	0	1
1954	9	14	81	3041	0	1
1954	10	14	868	2483	0	1
1954	16	15	1	3067	0	1
1954	16	31	1	3067	0	1
1954	18	15	9	3071	0	1
1954	18	31	3	3066	0	1
1954	20	15	77	3040	0	1
1954	21	15	81	3041	0	1
1954	50	20	801	2480	0	1
1954	50	21	801	2480	0	1
1955	3	9	1	3067	0	1
1955	10	14	868	2483	0	1
1956	3	9	1	3067	0	1
1956	16	12	1	3067	0	1
1956	16	28	1	3067	0	1
1956	18	12	9	3071	0	1
1956	18	28	3	3066	0	1
1956	20	12	77	3040	0	1
1956	21	12	81	3041	0	1
1956	50	22	801	2480	0	1
1957	3	8	1	3067	0	1
1957	4	29	1	3067	0	1
1957	16	13	1	3067	0	1
1957	16	29	1	3067	0	1
1957	18	13	9	3071	0	1
1957	20	13	77	3040	0	1
1957	21	13	81	3041	0	1
1957	50	20	801	2480	0	1
1957	50	21	801	2480	0	1
1958	1	1	1	3066	0	1
1958	2	9	212	2990	0	1
1958	2	29	1	3066	0	1
1958	3	1	97	2996	0	1
1958	3	29	40	3062	0	1
1958	4	5	462	2900	0	1
1958	4	14	1	3067	0	1
1958	4	30	1	3067	0	1
1958	5	1	1554	2316	0	1
1958	5	15	8	3065	0	1
1958	6	14	9	3071	0	1
1958	6	29	73	3047	0	1
1958	6	30	3	3066	0	1
1958	8	14	77	3040	0	1
1958	9	14	81	3041	0	1
1958	18	17	85	3055	0	1
1959	0	0	491	2924	0	1
1959	0	12	483	2724	0	1
1959	0	28	28	3055	0	1
1959	2	12	410	2861	0	1
1959	2	14	19	3068	0	1
1959	3	30	143	3004	0	1
1959	4	14	2142	1814	0	1
1959	4	15	1	3067	0	1
1959	4	18	1	3067	0	1
1959	4	31	1	3067	0	1
1959	6	15	9	3071	0	1
1959	6	31	3	3066	0	1
1959	7	2	273	2983	0	1
1959	8	15	77	3040	0	1
1959	9	15	81	3041	0	1
1959	18	28	65	3058	0	1
1960	0	0	329	2952	0	1
1960	0	4	7	3066	0	1
1960	0	18	1	3068	0	1
1960	0	19	1	3068	0	1
1960	0	20	31	3073	0	1
1960	1	0	93	3051	0	1
1960	1	2	1	3068	0	1
1960	1	20	117	3041	0	1
1960	1	29	2	3067	0	1
1960	2	2	166	2986	0	1
1960	2	18	174	2995	0	1
1960	2	20	91	3045	0	1
1960	3	3	11	3065	0	1
1960	3	11	11	3063	0	1
1960	3	20	103	3039	0	1
1960	3	24	570	2851	0	1
1960	4	14	1503	2197	0	1
1960	4	20	2	3067	0	1
1960	4	29	1	3066	0	1
1960	5	2	47	3031	0	1
1960	5	3	1554	2316	0	1
1960	5	13	11	3067	0	1
1960	5	18	2020	1868	0	1
1960	6	29	416	2932	0	1
1960	7	2	285	2945	0	1
1960	7	20	404	2785	0	1
1961	0	12	1	3067	0	1
1961	0	27	1	3068	0	1
1961	0	28	10	3067	0	1
1961	1	13	365	2776	0	1
1961	1	14	1489	2064	0	1
1961	1	17	64	3040	0	1
1961	1	31	475	2893	0	1
1961	2	30	548	2843	0	1
1961	3	1	68	3021	0	1
1961	3	12	1	3066	0	1
1961	3	28	60	3053	0	1
1961	3	31	11	3065	0	1
1961	4	14	1	3067	0	1
1961	4	28	13	3062	0	1
1961	5	12	17	3061	0	1
1961	6	27	1	3066	0	1
1961	7	12	1	3067	0	1
1962	0	1	491	2924	0	1
1962	0	27	20	3068	0	1
1962	1	1	93	3051	0	1
1962	1	12	472	2639	0	1
1962	1	20	146	3038	0	1
1962	1	21	13	3068	0	1
1962	2	13	30	3049	0	1
1962	2	21	93	3051	0	1
1962	2	27	2142	1814	0	1
1962	2	30	61	3037	0	1
1962	3	3	11	3065	0	1
1962	3	11	11	3063	0	1
1962	3	21	57	3057	0	1
1962	3	29	324	2900	0	1
1962	3	30	45	3054	0	1
1962	4	3	1	3067	0	1
1962	4	15	250	2934	0	1
1962	5	0	10	3058	0	1
1962	5	3	101	2992	0	1
1962	5	13	11	3067	0	1
1962	5	15	60	3053	0	1
1962	5	29	100	2992	0	1
1962	6	5	6	3068	0	1
1962	6	13	1	3066	0	1
1962	6	27	946	2709	0	1
1962	6	29	416	2932	0	1
1962	7	5	224	3022	0	1
1962	7	13	4	3065	0	1
1963	0	13	400	2797	0	1
1963	0	14	1	3068	0	1
1963	0	27	20	3068	0	1
1963	1	16	42	3046	0	1
1963	2	8	239	2977	0	1
1963	2	14	28	3053	0	1
1963	2	27	2142	1814	0	1
1963	2	30	946	2709	0	1
1963	3	1	3	3067	0	1
1963	3	11	5	3066	0	1
1963	3	20	1	3066	0	1
1963	4	13	72	3039	0	1
1963	4	16	18	3059	0	1
1963	4	30	254	2953	0	1
1963	4	31	1	3066	0	1
1963	5	12	9	3065	0	1
1963	5	14	9	3064	0	1
1963	5	15	60	3053	0	1
1963	5	28	1133	2323	0	1
1963	6	5	27	3064	0	1
1963	6	13	1	3066	0	1
1963	6	28	73	3047	0	1
1963	7	13	1	3068	0	1
1963	10	19	183	3032	0	1
1963	14	8	1710	1953	0	1
1963	17	0	10	3066	0	1
1963	18	30	20	3075	0	1
1964	0	3	2	3066	0	1
1964	0	14	3	3066	0	1
1964	0	27	12	3066	0	1
1964	0	28	7	3069	0	1
1964	0	29	3	3067	0	1
1964	0	30	1	3066	0	1
1964	1	3	1	3068	0	1
1964	1	14	3250	839	0	1
1964	1	16	15	3062	0	1
1964	1	20	491	2924	0	1
1964	2	3	166	2986	0	1
1964	2	8	239	2977	0	1
1964	2	15	20	3068	0	1
1964	2	21	51	3057	0	1
1964	3	1	3	3067	0	1
1964	3	12	1	3066	0	1
1964	3	21	93	3051	0	1
1964	3	28	60	3053	0	1
1964	3	30	11	3065	0	1
1964	3	31	239	2977	0	1
1964	4	15	2142	1814	0	1
1964	4	28	28	3053	0	1
1964	5	12	27	3058	0	1
1964	6	28	73	3047	0	1
1964	6	29	274	2984	0	1
1964	7	3	649	2793	0	1
1964	7	5	363	2979	0	1
1964	14	8	2291	1637	0	1
1964	17	0	5	3069	0	1
1964	18	29	43	3058	0	1
1965	0	1	491	2924	0	1
1965	0	2	2	3066	0	1
1965	0	12	1	3067	0	1
1965	0	14	1	3068	0	1
1965	0	26	1	3068	0	1
1965	0	27	20	3068	0	1
1965	0	28	7	3069	0	1
1965	0	29	6	3067	0	1
1965	1	0	5	3066	0	1
1965	1	1	93	3051	0	1
1965	1	21	9	3069	0	1
1965	2	3	142	3013	0	1
1965	2	13	6	3064	0	1
1965	2	15	12	3068	0	1
1965	2	21	93	3051	0	1
1965	2	27	2142	1814	0	1
1965	3	3	11	3065	0	1
1965	3	11	11	3063	0	1
1965	3	20	1	3066	0	1
1965	4	3	2	3066	0	1
1965	4	13	78	3037	0	1
1965	4	19	1	3067	0	1
1965	4	21	2	3067	0	1
1965	4	29	1	3066	0	1
1965	4	31	1	3066	0	1
1965	5	3	1554	2316	0	1
1965	5	13	11	3067	0	1
1965	5	15	60	3053	0	1
1965	5	19	1010	2255	0	1
1965	6	5	27	3064	0	1
1965	6	13	1	3066	0	1
1965	6	26	1	3066	0	1
1965	6	28	47	3058	0	1
1965	6	29	416	2932	0	1
1965	7	5	363	2979	0	1
1965	7	12	1	3067	0	1
1965	7	13	8	3064	0	1
1965	14	8	2291	1637	0	1
1965	17	0	5	3069	0	1
1965	18	16	43	3063	0	1
1965	18	30	4	3069	0	1
1966	0	2	1	3067	0	1
1966	0	14	3	3066	0	1
1966	0	19	1	3068	0	1
1966	0	21	27	3072	0	1
1966	0	28	10	3067	0	1
1966	0	30	1	3066	0	1
1966	1	0	1	3066	0	1
1966	1	1	93	3051	0	1
1966	1	3	1	3067	0	1
1966	1	12	472	2639	0	1
1966	1	16	78	3037	0	1
1966	1	20	225	3008	0	1
1966	1	21	45	3059	0	1
1966	2	3	220	2982	0	1
1966	2	19	174	2995	0	1
1966	2	21	93	3051	0	1
1966	2	28	1	3066	0	1
1966	3	0	97	2996	0	1
1966	3	21	93	3051	0	1
1966	3	30	57	3053	0	1
1966	4	14	1	3067	0	1
1966	5	0	1554	2316	0	1
1966	5	3	101	2992	0	1
1966	5	12	9	3065	0	1
1966	5	13	11	3067	0	1
1966	5	14	8	3065	0	1
1966	5	19	1875	1585	0	1
1966	7	21	664	2620	0	1
1967	0	3	1	3067	0	1
1967	0	5	2	3068	0	1
1967	0	19	1	3068	0	1
1967	0	21	27	3072	0	1
1967	0	27	14	3068	0	1
1967	0	29	28	3055	0	1
1967	1	3	1	3067	0	1
1967	1	12	847	2394	0	1
1967	1	20	491	2924	0	1
1967	1	21	45	3059	0	1
1967	2	13	32	3047	0	1
1967	2	19	174	2995	0	1
1967	2	27	1530	2174	0	1
1967	3	11	11	3063	0	1
1967	3	29	504	2859	0	1
1967	4	3	2	3066	0	1
1967	4	15	1939	1931	0	1
1967	4	16	220	2982	0	1
1967	4	28	28	3053	0	1
1967	4	30	511	2858	0	1
1967	5	0	101	2992	0	1
1967	5	12	27	3058	0	1
1967	5	14	16	3061	0	1
1967	5	19	2020	1868	0	1
1967	7	13	4	3065	0	1
1967	7	21	664	2620	0	1
1967	10	19	361	2990	0	1
1980	0	30	26	3062	0	1
1980	2	27	871	2481	0	1
1980	2	30	865	2478	0	1
1980	4	8	14	3067	0	1
1980	4	22	2	3065	0	1
1980	5	0	222	2984	0	1
1980	5	4	2	3065	0	1
1980	5	20	29	3055	0	1
1980	6	22	2	3066	0	1
1980	6	25	2	3068	0	1
1980	7	0	511	2903	0	1
1980	7	20	56	3050	0	1
1980	14	12	1	3066	0	1
1980	14	22	9	3068	0	1
1980	14	26	55	3060	0	1
1980	14	27	4	3069	0	1
1980	14	30	57	3060	0	1
1980	15	0	513	2902	0	1
1980	15	20	66	3052	0	1
1980	16	8	53	3042	0	1
1980	16	22	2475	1558	0	1
1980	16	25	13	3056	0	1
1980	17	0	204	2893	0	1
1980	17	4	53	3027	0	1
1980	17	20	941	2472	0	1
1980	18	22	463	2663	0	1
1980	19	0	979	2270	0	1
1980	19	20	833	2378	0	1
1981	0	15	33	3074	0	1
1981	0	25	179	3041	0	1
1981	0	29	179	3041	0	1
1981	1	3	172	3031	0	1
1981	1	7	105	3062	0	1
1981	1	19	113	3046	0	1
1981	2	16	871	2481	0	1
1981	2	17	871	2481	0	1
1981	2	25	952	2423	0	1
1981	2	29	871	2481	0	1
1981	3	3	836	2478	0	1
1981	3	7	736	2554	0	1
1981	3	19	872	2466	0	1
1981	4	11	1	3066	0	1
1981	4	16	13	3064	0	1
1981	4	17	13	3064	0	1
1981	4	21	2	3065	0	1
1981	4	25	11	3066	0	1
1981	4	29	11	3066	0	1
1981	5	3	2381	1426	0	1
1981	5	19	510	2715	0	1
1981	6	21	2	3066	0	1
1981	14	11	3	3067	0	1
1981	14	16	10	3069	0	1
1981	14	21	9	3068	0	1
1981	14	24	9	3064	0	1
1981	14	25	2	3067	0	1
1981	14	29	1	3066	0	1
1981	16	21	2652	1459	0	1
1981	18	14	442	2695	0	1
1981	18	16	463	2663	0	1
1981	18	17	463	2663	0	1
1981	18	21	463	2663	0	1
1982	1	29	60	3058	0	1
1982	3	13	866	2483	0	1
1982	3	29	868	2481	0	1
1982	4	15	640	2619	0	1
1982	4	29	1	3066	0	1
1982	4	30	630	2638	0	1
1982	4	31	624	2613	0	1
1982	5	29	14	3069	0	1
1982	6	2	2	3069	0	1
1982	6	3	2	3069	0	1
1982	13	15	178	2944	0	1
1982	16	30	71	3012	0	1
1982	16	31	72	3011	0	1
1983	1	28	89	3048	0	1
1983	1	29	29	3061	0	1
1983	3	12	836	2478	0	1
1983	3	13	612	2644	0	1
1983	3	28	836	2478	0	1
1983	3	29	805	2503	0	1
1983	4	12	831	2756	0	1
1983	4	13	51	3044	0	1
1983	4	14	868	2481	0	1
1983	4	30	868	2481	0	1
1983	5	13	78	3035	0	1
1983	5	29	14	3069	0	1
1983	6	1	396	2848	0	1
1983	7	12	24	3058	0	1
1983	9	10	1	3066	0	1
1983	16	30	1889	2002	0	1
1984	3	14	866	2483	0	1
1984	4	13	48	3047	0	1
1984	4	14	80	3040	0	1
1984	4	30	1	3066	0	1
1984	5	14	25	3060	0	1
1984	6	0	1	3068	0	1
1984	6	3	2	3069	0	1
1984	6	18	958	2679	0	1
1984	8	31	30	3073	0	1
1985	3	15	477	2739	0	1
1985	4	13	408	2787	0	1
1985	4	15	831	2756	0	1
1985	4	29	868	2481	0	1
1985	4	30	463	2754	0	1
1985	5	15	78	3038	0	1
1985	5	28	1	3068	0	1
1985	6	3	514	2839	0	1
1985	8	30	30	3073	0	1
1985	9	10	1	3066	0	1
1985	16	30	1889	2002	0	1
1986	0	5	91	3047	0	1
1986	0	7	57	3050	0	1
1986	0	9	11	3067	0	1
1986	0	13	3	3067	0	1
1986	0	21	482	2908	0	1
1986	0	25	16	3068	0	1
1986	0	29	1	3067	0	1
1986	1	5	14	3065	0	1
1986	1	9	28	3065	0	1
1986	1	13	2471	1498	0	1
1986	1	21	16	3062	0	1
1986	1	25	87	3050	0	1
1986	1	28	73	3056	0	1
1986	1	29	4	3065	0	1
1986	1	31	2	3068	0	1
1986	2	3	93	3058	0	1
1986	2	31	4	3067	0	1
1986	3	9	9	3069	0	1
1986	3	11	3	3067	0	1
1986	3	12	116	2971	0	1
1986	4	13	24	3055	0	1
1986	4	14	868	2481	0	1
1986	4	30	400	2790	0	1
1986	4	31	80	3008	0	1
1986	5	9	254	2999	0	1
1986	5	17	664	2620	0	1
1986	6	13	823	2463	0	1
1986	6	16	958	2679	0	1
1986	6	27	1	3066	0	1
1986	6	31	423	2851	0	1
1986	7	11	664	2620	0	1
1986	7	12	24	3069	0	1
1986	7	13	10	3063	0	1
1986	8	23	1	3068	0	1
1986	13	14	2471	1498	0	1
1986	13	21	1	3067	0	1
1986	14	9	3	3069	0	1
1986	16	11	3	3069	0	1
1986	16	30	70	3012	0	1
1986	17	9	110	2974	0	1
1987	0	0	7	3065	0	1
1987	0	6	392	2827	0	1
1987	0	10	27	3068	0	1
1987	1	10	18	3058	0	1
1987	1	12	91	3052	0	1
1987	1	29	60	3058	0	1
1987	2	4	4	3066	0	1
1987	2	24	1	3067	0	1
1987	2	30	5	3066	0	1
1987	3	4	60	3034	0	1
1987	3	14	5	3067	0	1
1987	3	24	2	3068	0	1
1987	3	29	868	2481	0	1
1987	4	12	11	3065	0	1
1987	4	14	494	2720	0	1
1987	4	16	16	3071	0	1
1987	4	18	2	3065	0	1
1987	4	24	4	3068	0	1
1987	5	0	2	3066	0	1
1987	5	2	1	3068	0	1
1987	5	8	44	3056	0	1
1987	5	14	37	3072	0	1
1987	6	0	299	2959	0	1
1987	6	1	995	2569	0	1
1987	6	18	223	2985	0	1
1987	6	24	2	3066	0	1
1987	6	28	2	3067	0	1
1987	6	30	163	3010	0	1
1987	7	13	24	3069	0	1
1987	9	0	867	2482	0	1
1987	10	0	3	3068	0	1
1987	12	10	6	3066	0	1
1987	13	15	2471	1498	0	1
1987	14	4	1	3066	0	1
1987	14	8	1	3067	0	1
1987	14	24	7	3064	0	1
1987	15	24	509	2865	0	1
1987	16	14	3	3067	0	1
1987	17	24	12	3062	0	1
1987	17	26	1095	2451	0	1
1987	17	30	3	3068	0	1
1988	0	0	6	3065	0	1
1988	0	1	18	3058	0	1
1988	0	10	40	3061	0	1
1988	0	11	60	3064	0	1
1988	0	12	491	2924	0	1
1988	0	13	242	3002	0	1
1988	0	22	57	3057	0	1
1988	0	23	34	3063	0	1
1988	1	4	6	3068	0	1
1988	1	6	426	2768	0	1
1988	1	10	20	3063	0	1
1988	1	11	38	3056	0	1
1988	1	12	93	3051	0	1
1988	1	13	51	3057	0	1
1988	1	20	27	3065	0	1
1988	1	21	41	3074	0	1
1988	1	30	6	3068	0	1
1988	1	31	1	3066	0	1
1988	2	4	8	3066	0	1
1988	2	9	7	3069	0	1
1988	2	17	1	3066	0	1
1988	2	18	480	2889	0	1
1988	2	19	449	2911	0	1
1988	2	30	6	3066	0	1
1988	2	31	6	3066	0	1
1988	3	4	279	2951	0	1
1988	3	5	242	2962	0	1
1988	3	8	93	3051	0	1
1988	3	9	45	3054	0	1
1988	3	13	1	3067	0	1
1988	3	15	10	3070	0	1
1988	3	16	3244	843	0	1
1988	3	23	17	3070	0	1
1988	3	25	5	3068	0	1
1988	4	13	47	3055	0	1
1988	4	17	11	3068	0	1
1988	4	30	5	3067	0	1
1988	5	2	42	3066	0	1
1988	5	13	59	3019	0	1
1988	5	14	4	3068	0	1
1988	6	0	463	2883	0	1
1988	6	1	392	2856	0	1
1988	6	19	374	2937	0	1
1988	6	29	1	3066	0	1
1988	6	30	105	3040	0	1
1988	8	10	1	3068	0	1
1988	9	0	1447	2046	0	1
1988	11	20	3	3068	0	1
1988	12	11	4	3065	0	1
1988	13	4	1	3067	0	1
1988	14	9	2	3065	0	1
1988	16	5	3	3065	0	1
1988	16	14	3	3069	0	1
1988	17	9	18	3069	0	1
1988	17	24	11	3063	0	1
1988	17	30	5	3068	0	1
1988	19	9	2128	1943	0	1
1989	0	5	48	3057	0	1
1989	0	6	40	3052	0	1
1989	0	8	9	3068	0	1
1989	0	18	16	3071	0	1
1989	0	21	46	3052	0	1
1989	0	25	18	3072	0	1
1989	1	4	13	3064	0	1
1989	1	8	44	3065	0	1
1989	1	21	11	3067	0	1
1989	1	25	92	3039	0	1
1989	1	31	3	3068	0	1
1989	2	3	51	3067	0	1
1989	2	10	70	3040	0	1
1989	2	14	17	3067	0	1
1989	2	16	37	3051	0	1
1989	2	24	13	3065	0	1
1989	2	25	2	3067	0	1
1989	2	27	631	2691	0	1
1989	2	30	7	3066	0	1
1989	3	9	1	3068	0	1
1989	3	11	9	3065	0	1
1989	3	14	12	3063	0	1
1989	3	27	110	3027	0	1
1989	4	9	739	2759	0	1
1989	4	11	4	3067	0	1
1989	4	15	1	3066	0	1
1989	4	24	1889	2002	0	1
1989	4	30	1609	2280	0	1
1989	5	2	867	2482	0	1
1989	5	3	273	2890	0	1
1989	5	25	178	2928	0	1
1989	5	26	4	3065	0	1
1989	5	28	362	2886	0	1
1989	6	2	22	3067	0	1
1989	6	10	1981	1713	0	1
1989	6	13	379	2864	0	1
1989	6	14	149	3025	0	1
1989	6	15	26	3063	0	1
1989	6	26	2	3067	0	1
1989	6	29	227	2994	0	1
1989	6	30	223	2939	0	1
1989	7	15	419	2712	0	1
1989	7	27	91	3018	0	1
1989	8	11	13	3064	0	1
1989	8	27	2	3065	0	1
1989	9	10	4	3068	0	1
1989	9	11	14	3063	0	1
1989	9	12	4	3065	0	1
1989	10	27	2	3066	0	1
1989	14	8	3	3070	0	1
1989	14	9	4	3070	0	1
1989	14	24	26	3063	0	1
1989	15	9	9	3066	0	1
1989	15	11	492	2907	0	1
1989	15	24	49	3066	0	1
1989	16	11	39	3051	0	1
1989	16	24	1364	2551	0	1
1989	17	9	2142	1945	0	1
1989	17	24	1137	2189	0	1
1989	18	24	463	2663	0	1
1990	0	1	5	3066	0	1
1990	0	6	44	3054	0	1
1990	0	8	5	3070	0	1
1990	0	11	23	3061	0	1
1990	0	12	2	3069	0	1
1990	0	13	365	2964	0	1
1990	0	14	1	3066	0	1
1990	0	20	66	3038	0	1
1990	0	23	24	3062	0	1
1990	0	24	13	3066	0	1
1990	0	28	2	3067	0	1
1990	1	4	33	3076	0	1
1990	1	8	14	3069	0	1
1990	1	11	24	3065	0	1
1990	1	13	55	3060	0	1
1990	1	20	25	3064	0	1
1990	1	21	18	3064	0	1
1990	1	24	84	3048	0	1
1990	2	9	13	3068	0	1
1990	2	14	2	3065	0	1
1990	2	16	1	3067	0	1
1990	2	30	4	3067	0	1
1990	2	31	6	3066	0	1
1990	3	5	279	2951	0	1
1990	3	8	5	3068	0	1
1990	3	13	9	3065	0	1
1990	3	14	123	3014	0	1
1990	3	17	3244	843	0	1
1990	3	25	5	3068	0	1
1990	3	26	69	3034	0	1
1990	3	30	169	3000	0	1
1990	4	10	3	3066	0	1
1990	4	30	45	3036	0	1
1990	5	9	162	2998	0	1
1990	5	13	54	3025	0	1
1990	5	16	603	2656	0	1
1990	5	25	220	2982	0	1
1990	5	26	4	3065	0	1
1990	6	2	1	3068	0	1
1990	6	13	250	2950	0	1
1990	6	19	253	2984	0	1
1990	6	29	1	3066	0	1
1990	6	31	216	3003	0	1
1990	8	11	1	3068	0	1
1990	9	15	621	2656	0	1
1990	9	21	1	3068	0	1
1990	10	1	3	3068	0	1
1990	10	6	11	3071	0	1
1990	10	15	2	3065	0	1
1990	10	17	2383	1424	0	1
1990	11	21	3	3068	0	1
1990	12	11	322	3010	0	1
1990	13	5	5	3065	0	1
1990	14	9	4	3066	0	1
1990	14	24	1	3067	0	1
1990	16	5	5	3065	0	1
1990	16	15	3	3067	0	1
1990	16	24	1	3068	0	1
1990	17	9	1	3068	0	1
1990	17	24	45	3030	0	1
1990	18	5	41	3031	0	1
1990	19	9	54	3026	0	1
1991	0	4	44	3058	0	1
1991	0	6	29	3061	0	1
1991	0	7	231	2937	0	1
1991	0	8	5	3067	0	1
1991	0	11	36	3063	0	1
1991	0	12	6	3068	0	1
1991	0	18	11	3069	0	1
1991	0	20	48	3053	0	1
1991	0	23	23	3065	0	1
1991	0	24	14	3068	0	1
1991	0	28	1	3067	0	1
1991	0	30	154	3037	0	1
1991	1	4	15	3068	0	1
1991	1	8	20	3067	0	1
1991	1	11	24	3061	0	1
1991	1	13	61	3061	0	1
1991	1	20	20	3061	0	1
1991	1	21	11	3068	0	1
1991	1	24	67	3050	0	1
1991	1	28	2	3067	0	1
1991	1	31	5	3069	0	1
1991	2	5	5	3068	0	1
1991	2	9	21	3068	0	1
1991	2	25	11	3069	0	1
1991	2	26	11	3060	0	1
1991	3	9	16	3060	0	1
1991	3	13	42	3056	0	1
1991	3	23	240	2914	0	1
1991	3	25	1	3068	0	1
1991	3	26	142	3012	0	1
1991	3	30	220	2977	0	1
1991	4	10	3	3066	0	1
1991	4	25	97	3055	0	1
1991	4	31	7	3068	0	1
1991	5	2	1786	1814	0	1
1991	5	13	1554	2316	0	1
1991	5	16	539	2709	0	1
1991	5	28	250	2970	0	1
1991	6	2	3	3067	0	1
1991	6	14	1	3066	0	1
1991	6	26	13	3065	0	1
1991	6	30	221	2943	0	1
1991	7	10	664	2620	0	1
1991	7	14	703	2580	0	1
1991	7	26	62	3025	0	1
1991	8	22	1	3068	0	1
1991	8	26	1	3068	0	1
1991	9	12	4	3065	0	1
1991	9	15	175	2967	0	1
1991	9	31	1	3068	0	1
1991	10	17	867	2482	0	1
1991	12	12	2326	1452	0	1
1991	12	20	448	2904	0	1
1991	13	20	1	3067	0	1
1991	14	8	3	3070	0	1
1991	14	9	4	3066	0	1
1991	15	10	387	2931	0	1
1991	16	5	1370	2553	0	1
1991	16	10	3	3069	0	1
1991	16	15	9	3063	0	1
1991	16	24	15	3062	0	1
1991	17	8	2	3068	0	1
1991	17	9	1	3068	0	1
1991	17	24	43	3030	0	1
1991	18	5	2450	1631	0	1
1991	18	14	11	3072	0	1
1991	18	24	979	2270	0	1
1992	0	4	91	3047	0	1
1992	0	8	8	3067	0	1
1992	0	24	19	3072	0	1
1992	0	28	2	3067	0	1
1992	0	30	33	3057	0	1
1992	1	8	21	3065	0	1
1992	1	12	213	2926	0	1
1992	1	20	25	3064	0	1
1992	1	24	97	3039	0	1
1992	1	30	2	3066	0	1
1992	2	2	23	3058	0	1
1992	2	5	8	3066	0	1
1992	2	9	22	3067	0	1
1992	2	19	865	2741	0	1
1992	2	26	560	2753	0	1
1992	2	30	7	3066	0	1
1992	3	8	9	3069	0	1
1992	3	10	6	3068	0	1
1992	4	31	7	3068	0	1
1992	5	1	1	3067	0	1
1992	5	2	128	2989	0	1
1992	5	8	216	3003	0	1
1992	5	16	664	2620	0	1
1992	6	2	22	3067	0	1
1992	6	14	149	3025	0	1
1992	7	10	664	2620	0	1
1992	7	14	419	2712	0	1
1992	7	26	621	2656	0	1
1992	8	10	15	3063	0	1
1992	8	26	2	3065	0	1
1992	10	15	2	3065	0	1
1992	11	10	511	2903	0	1
1992	12	12	868	2483	0	1
1992	12	20	42	3058	0	1
1992	15	28	381	2951	0	1
1992	16	10	3	3069	0	1
1992	17	8	112	2973	0	1
1993	0	7	210	2954	0	1
1993	0	11	60	3064	0	1
1993	0	13	199	3027	0	1
1993	0	30	154	3037	0	1
1993	1	8	21	3073	0	1
1993	1	11	38	3056	0	1
1993	1	12	2471	1498	0	1
1993	1	13	93	3051	0	1
1993	2	2	51	3067	0	1
1993	2	10	134	3034	0	1
1993	2	16	1	3067	0	1
1993	2	19	946	2709	0	1
1993	2	25	3	3067	0	1
1993	2	31	6	3066	0	1
1993	3	9	93	3051	0	1
1993	3	13	1	3067	0	1
1993	3	15	1	3067	0	1
1993	3	17	3244	843	0	1
1993	3	23	248	2889	0	1
1993	3	25	5	3068	0	1
1993	4	8	27	3054	0	1
1993	4	24	1889	2002	0	1
1993	4	25	3	3067	0	1
1993	4	31	6	3068	0	1
1993	5	3	60	3055	0	1
1993	5	13	76	3012	0	1
1993	5	15	5	3068	0	1
1993	5	24	178	2928	0	1
1993	5	26	4	3066	0	1
1993	5	28	386	2918	0	1
1993	6	1	460	2919	0	1
1993	6	13	89	3041	0	1
1993	6	19	378	2937	0	1
1993	6	31	23	3061	0	1
1993	8	26	1	3068	0	1
1993	9	1	1260	2175	0	1
1993	9	15	621	2656	0	1
1993	10	1	3	3068	0	1
1993	10	15	2	3069	0	1
1993	10	17	867	2482	0	1
1993	10	26	2	3066	0	1
1993	11	21	3	3068	0	1
1993	12	11	12	3063	0	1
1993	13	5	3	3065	0	1
1993	16	15	9	3063	0	1
1993	18	14	11	3072	0	1
1994	0	1	18	3058	0	1
1994	0	7	183	2979	0	1
1994	0	8	5	3067	0	1
1994	0	11	41	3069	0	1
1994	0	12	3	3067	0	1
1994	0	13	176	3014	0	1
1994	0	14	1	3066	0	1
1994	0	18	16	3071	0	1
1994	0	20	76	3028	0	1
1994	0	23	57	3057	0	1
1994	1	4	15	3065	0	1
1994	1	7	284	2873	0	1
1994	1	11	31	3059	0	1
1994	1	13	44	3063	0	1
1994	1	21	41	3074	0	1
1994	1	24	31	3052	0	1
1994	1	28	4	3065	0	1
1994	1	31	2	3068	0	1
1994	2	14	17	3067	0	1
1994	2	19	20	3063	0	1
1994	2	24	13	3065	0	1
1994	2	30	7	3066	0	1
1994	3	5	279	2951	0	1
1994	3	9	15	3068	0	1
1994	3	14	155	3006	0	1
1994	3	15	6	3070	0	1
1994	3	17	3199	881	0	1
1994	3	23	133	2982	0	1
1994	3	26	137	3014	0	1
1994	3	30	209	2983	0	1
1994	4	10	3	3066	0	1
1994	4	13	14	3066	0	1
1994	4	17	10	3071	0	1
1994	4	19	2	3065	0	1
1994	4	24	45	3033	0	1
1994	4	30	1609	2280	0	1
1994	5	1	1	3067	0	1
1994	5	13	13	3056	0	1
1994	5	15	1	3066	0	1
1994	5	24	349	2846	0	1
1994	5	26	4	3065	0	1
1994	5	28	504	2859	0	1
1994	6	12	1065	2384	0	1
1994	6	14	231	2990	0	1
1994	6	19	473	2914	0	1
1994	6	25	1	3067	0	1
1994	6	28	251	2967	0	1
1994	6	29	1	3066	0	1
1994	6	31	129	3028	0	1
1994	8	10	13	3064	0	1
1994	8	11	1	3068	0	1
1994	9	10	14	3063	0	1
1994	9	12	4	3065	0	1
1994	9	31	1	3068	0	1
1994	10	6	22	3067	0	1
1994	10	15	2	3069	0	1
1994	12	11	8	3063	0	1
1994	12	12	572	2680	0	1
1994	13	5	3	3065	0	1
1994	13	31	6	3061	0	1
1994	14	5	1	3066	0	1
1994	14	9	4	3066	0	1
1994	14	25	7	3064	0	1
1994	16	5	1370	2553	0	1
1994	16	10	8	3061	0	1
1994	16	15	9	3069	0	1
1994	17	8	1	3067	0	1
1994	17	9	18	3069	0	1
1994	17	25	22	3059	0	1
1994	17	31	3	3068	0	1
1994	18	5	2450	1631	0	1
1994	19	9	2128	1943	0	1
1995	0	4	63	3052	0	1
1995	0	6	44	3054	0	1
1995	0	7	436	2821	0	1
1995	0	8	9	3068	0	1
1995	0	11	10	3069	0	1
1995	0	12	5	3069	0	1
1995	0	13	491	2924	0	1
1995	0	20	482	2908	0	1
1995	0	23	42	3058	0	1
1995	0	24	18	3072	0	1
1995	0	28	2	3067	0	1
1995	0	30	16	3061	0	1
1995	1	4	19	3066	0	1
1995	1	7	621	2656	0	1
1995	1	8	44	3065	0	1
1995	1	12	320	2854	0	1
1995	1	20	25	3064	0	1
1995	1	24	92	3039	0	1
1995	1	28	1	3067	0	1
1995	1	30	3	3066	0	1
1995	1	31	8	3070	0	1
1995	2	10	70	3040	0	1
1995	2	17	1	3066	0	1
1995	2	25	3	3067	0	1
1995	2	26	631	2691	0	1
1995	2	31	3	3066	0	1
1995	3	5	165	3012	0	1
1995	3	8	8	3070	0	1
1995	3	13	11	3065	0	1
1995	3	14	194	2985	0	1
1995	3	15	10	3070	0	1
1995	3	17	2165	1550	0	1
1995	3	23	664	2620	0	1
1995	4	8	18	3059	0	1
1995	4	10	4	3070	0	1
1995	4	12	9	3062	0	1
1995	4	13	11	3065	0	1
1995	4	14	1	3066	0	1
1995	4	17	16	3071	0	1
1995	4	24	47	3031	0	1
1995	4	25	6	3066	0	1
1995	4	30	47	3031	0	1
1995	5	2	867	2482	0	1
1995	5	3	7	3069	0	1
1995	5	9	113	3018	0	1
1995	5	13	1554	2316	0	1
1995	5	15	2	3068	0	1
1995	6	12	408	2824	0	1
1995	6	13	369	2915	0	1
1995	6	19	339	2964	0	1
1995	6	25	1	3067	0	1
1995	6	26	13	3065	0	1
1995	6	28	511	2858	0	1
1995	6	29	1	3066	0	1
1995	6	30	423	2851	0	1
1995	6	31	216	3003	0	1
1995	7	10	314	2855	0	1
1995	7	12	10	3063	0	1
1995	8	22	1	3068	0	1
1995	9	1	867	2482	0	1
1995	9	31	1	3068	0	1
1995	11	10	511	2903	0	1
1995	12	11	322	3010	0	1
1995	12	12	2075	1637	0	1
1995	12	20	42	3058	0	1
1995	13	20	1	3067	0	1
1995	14	8	4	3070	0	1
1995	14	24	26	3063	0	1
1995	15	24	3	3065	0	1
1995	15	28	494	2912	0	1
1995	16	10	39	3051	0	1
1995	16	24	1364	2551	0	1
1995	17	8	2142	1945	0	1
1995	17	24	231	2876	0	1
1995	18	24	463	2663	0	1
1996	0	4	4	3068	0	1
1996	0	6	4	3065	0	1
1996	0	7	20	3065	0	1
1996	0	11	12	3066	0	1
1996	0	15	13	3065	0	1
1996	0	17	3	3066	0	1
1996	0	27	14	3072	0	1
1996	0	30	98	3053	0	1
1996	0	31	1	3066	0	1
1996	1	0	4	3069	0	1
1996	1	7	101	3039	0	1
1996	1	8	9	3066	0	1
1996	1	10	17	3068	0	1
1996	1	15	25	3064	0	1
1996	1	17	3	3066	0	1
1996	1	19	34	3062	0	1
1996	1	29	61	3057	0	1
1996	2	17	239	2987	0	1
1996	2	30	477	2718	0	1
1996	3	0	6	3066	0	1
1996	3	2	788	2593	0	1
1996	3	6	244	2896	0	1
1996	3	12	621	2656	0	1
1996	3	16	2142	1814	0	1
1996	3	25	489	2926	0	1
1996	3	26	4	3069	0	1
1996	3	30	601	2658	0	1
1996	4	12	15	3063	0	1
1996	4	13	4	3066	0	1
1996	4	20	2	3066	0	1
1996	4	21	9	3065	0	1
1996	4	26	3244	843	0	1
1996	5	7	108	3024	0	1
1996	5	13	102	3069	0	1
1996	5	22	165	3041	0	1
1996	5	25	3	3066	0	1
1996	6	1	210	3008	0	1
1996	6	2	463	2869	0	1
1996	6	10	158	3020	0	1
1996	6	11	1	3067	0	1
1996	7	13	419	2729	0	1
1996	12	1	2258	1502	0	1
1996	12	12	1	3067	0	1
1996	12	18	3077	944	0	1
1996	15	21	2	3067	0	1
1996	16	13	63	3010	0	1
1996	16	18	4	3067	0	1
1996	16	23	320	3005	0	1
1996	16	27	980	2703	0	1
1996	16	29	46	3050	0	1
1996	17	4	43	3055	0	1
1996	17	9	1	3068	0	1
1996	17	15	11	3068	0	1
1996	17	18	18	3068	0	1
1996	17	31	52	3028	0	1
1997	0	4	2	3069	0	1
1997	0	5	7	3071	0	1
1997	0	7	12	3067	0	1
1997	0	9	8	3070	0	1
1997	0	11	6	3070	0	1
1997	0	27	20	3069	0	1
1997	0	29	5	3069	0	1
1997	1	2	4	3068	0	1
1997	1	7	70	3050	0	1
1997	1	8	20	3068	0	1
1997	1	9	11	3068	0	1
1997	1	10	28	3067	0	1
1997	1	14	38	3062	0	1
1997	1	21	6	3066	0	1
1997	1	24	14	3071	0	1
1997	1	25	10	3070	0	1
1997	1	30	94	3067	0	1
1997	2	4	15	3057	0	1
1997	2	11	388	2822	0	1
1997	2	19	1563	2144	0	1
1997	2	30	839	2477	0	1
1997	3	0	7	3070	0	1
1997	3	26	4	3069	0	1
1997	4	10	2	3067	0	1
1997	4	12	19	3062	0	1
1997	4	13	7	3067	0	1
1997	4	21	23	3065	0	1
1997	4	22	78	3068	0	1
1997	5	10	10	3063	0	1
1997	5	13	55	3061	0	1
1997	5	18	1	3066	0	1
1997	5	20	27	3064	0	1
1997	5	29	35	3071	0	1
1997	6	18	84	3046	0	1
1997	6	21	446	2912	0	1
1997	6	26	16	3061	0	1
1997	6	28	3	3067	0	1
1997	8	21	1	3068	0	1
1997	12	1	867	2482	0	1
1997	12	10	1500	2137	0	1
1997	12	16	1	3066	0	1
1997	12	25	1187	2288	0	1
1997	13	9	1492	1939	0	1
1997	15	5	9	3063	0	1
1997	15	10	7	3069	0	1
1997	15	11	16	3069	0	1
1997	15	23	3	3067	0	1
1997	16	12	13	3061	0	1
1997	16	21	46	3030	0	1
1997	16	28	1	3067	0	1
1997	16	30	92	3026	0	1
1997	17	3	2128	1943	0	1
1997	17	10	2	3069	0	1
1998	0	3	12	3062	0	1
1998	0	4	3	3069	0	1
1998	0	5	3	3068	0	1
1998	0	7	38	3058	0	1
1998	0	16	2	3067	0	1
1998	0	18	19	3066	0	1
1998	0	27	9	3069	0	1
1998	0	31	14	3067	0	1
1998	1	0	5	3070	0	1
1998	1	8	13	3068	0	1
1998	1	11	19	3070	0	1
1998	1	13	19	3068	0	1
1998	1	14	25	3064	0	1
1998	1	15	66	3056	0	1
1998	1	18	33	3062	0	1
1998	1	22	18	3058	0	1
1998	1	24	6	3070	0	1
1998	1	25	24	3072	0	1
1998	1	26	67	3067	0	1
1998	1	29	6	3070	0	1
1998	2	8	182	2995	0	1
1998	2	25	7	3068	0	1
1998	2	27	7	3066	0	1
1998	3	0	257	2972	0	1
1998	3	18	664	2620	0	1
1998	3	31	228	2907	0	1
1998	4	2	8	3063	0	1
1998	4	6	1	3066	0	1
1998	4	12	15	3069	0	1
1998	4	13	10	3064	0	1
1998	4	20	26	3065	0	1
1998	4	23	137	3061	0	1
1998	4	25	304	2861	0	1
1998	5	0	535	2703	0	1
1998	5	11	6	3065	0	1
1998	5	21	1	3067	0	1
1998	5	26	10	3071	0	1
1998	5	28	87	3064	0	1
1998	5	30	101	3023	0	1
1998	6	0	496	2910	0	1
1998	6	5	7	3064	0	1
1998	6	11	366	2967	0	1
1998	6	16	17	3062	0	1
1998	6	18	1	3067	0	1
1998	6	19	935	2711	0	1
1998	6	20	687	2814	0	1
1998	6	23	446	2912	0	1
1998	6	24	363	2979	0	1
1998	6	27	22	3067	0	1
1998	7	0	504	2886	0	1
1998	7	23	419	2729	0	1
1998	8	23	1	3068	0	1
1998	12	12	4	3066	0	1
1998	12	13	2	3066	0	1
1998	12	19	367	2745	0	1
1998	12	20	7	3064	0	1
1998	13	11	574	2889	0	1
1998	13	16	228	2902	0	1
1998	15	7	4	3067	0	1
1998	15	23	8	3067	0	1
1998	15	28	22	3059	0	1
1998	16	2	3	3067	0	1
1998	16	11	8	3066	0	1
1998	16	14	4	3068	0	1
1998	16	19	3	3068	0	1
1998	16	20	20	3052	0	1
1998	16	24	3	3068	0	1
1998	16	25	255	2876	0	1
1998	16	27	6	3064	0	1
1998	16	29	62	3064	0	1
1998	17	3	62	3063	0	1
1998	17	23	62	3023	0	1
1998	17	24	9	3064	0	1
1998	19	8	741	2428	0	1
1999	0	3	22	3067	0	1
1999	0	4	3	3069	0	1
1999	0	6	9	3066	0	1
1999	0	7	21	3058	0	1
1999	0	8	4	3068	0	1
1999	0	10	9	3066	0	1
1999	0	18	22	3069	0	1
1999	0	27	7	3070	0	1
1999	0	28	43	3069	0	1
1999	0	30	4	3064	0	1
1999	1	3	27	3069	0	1
1999	1	8	4	3066	0	1
1999	1	9	19	3069	0	1
1999	1	10	56	3067	0	1
1999	1	11	18	3069	0	1
1999	1	13	35	3068	0	1
1999	1	14	8	3068	0	1
1999	1	16	6	3066	0	1
1999	1	20	4	3067	0	1
1999	1	22	14	3060	0	1
1999	1	26	126	3061	0	1
1999	1	27	5	3068	0	1
1999	1	30	68	3050	0	1
1999	1	31	107	3064	0	1
1999	2	14	6	3069	0	1
1999	2	25	7	3068	0	1
1999	2	27	5	3066	0	1
1999	3	0	386	2931	0	1
1999	3	3	509	2741	0	1
1999	3	13	256	2898	0	1
1999	3	17	1068	2454	0	1
1999	3	24	491	2924	0	1
1999	4	2	7	3067	0	1
1999	4	12	15	3069	0	1
1999	4	13	9	3067	0	1
1999	4	23	149	3058	0	1
1999	4	25	400	2791	0	1
1999	4	27	1607	1960	0	1
1999	4	30	2	3065	0	1
1999	5	0	840	2482	0	1
1999	5	4	132	3055	0	1
1999	5	10	14	3063	0	1
1999	5	12	35	3066	0	1
1999	5	26	25	3064	0	1
1999	5	28	1	3067	0	1
1999	6	5	6	3066	0	1
1999	6	8	13	3066	0	1
1999	6	10	1	3067	0	1
1999	6	16	21	3063	0	1
1999	6	18	1	3067	0	1
1999	6	21	251	2996	0	1
1999	6	23	687	2814	0	1
1999	6	24	209	3023	0	1
1999	6	30	2	3066	0	1
1999	7	0	258	2973	0	1
1999	12	11	2291	1637	0	1
1999	12	21	496	2869	0	1
1999	14	19	3	3067	0	1
1999	15	6	58	3064	0	1
1999	15	26	1	3068	0	1
1999	15	28	15	3059	0	1
1999	15	30	10	3064	0	1
1999	16	0	3	3068	0	1
1999	16	25	96	2997	0	1
1999	16	26	1370	2545	0	1
1999	16	28	1	3067	0	1
1999	17	10	10	3064	0	1
1999	17	14	15	3055	0	1
1999	17	26	2174	1906	0	1
1999	17	28	53	3031	0	1
2000	0	2	23	3067	0	1
2000	0	4	32	3074	0	1
2000	0	5	4	3071	0	1
2000	0	6	31	3068	0	1
2000	0	7	10	3068	0	1
2000	0	9	4	3068	0	1
2000	0	11	11	3069	0	1
2000	0	17	2	3066	0	1
2000	0	19	12	3067	0	1
2000	0	23	1	3068	0	1
2000	0	26	2	3065	0	1
2000	0	27	12	3071	0	1
2000	0	29	44	3073	0	1
2000	0	30	94	3051	0	1
2000	0	31	1	3066	0	1
2000	1	0	4	3069	0	1
2000	1	1	13	3074	0	1
2000	1	2	37	3074	0	1
2000	1	7	78	3037	0	1
2000	1	9	7	3069	0	1
2000	1	10	25	3070	0	1
2000	1	11	16	3067	0	1
2000	1	12	20	3068	0	1
2000	1	14	42	3056	0	1
2000	1	15	9	3064	0	1
2000	1	17	1	3066	0	1
2000	1	19	10	3067	0	1
2000	1	21	2	3068	0	1
2000	1	23	8	3061	0	1
2000	1	24	18	3068	0	1
2000	1	27	64	3050	0	1
2000	1	29	48	3053	0	1
2000	1	31	51	3050	0	1
2000	2	4	323	2843	0	1
2000	2	11	106	3011	0	1
2000	2	15	1	3067	0	1
2000	2	17	72	3046	0	1
2000	2	19	2142	1814	0	1
2000	2	24	5	3068	0	1
2000	2	26	7	3066	0	1
2000	2	30	789	2502	0	1
2000	3	0	13	3068	0	1
2000	3	1	438	2919	0	1
2000	3	2	881	2527	0	1
2000	3	19	664	2620	0	1
2000	3	25	489	2926	0	1
2000	3	26	4	3069	0	1
2000	3	30	514	2724	0	1
2000	4	3	6	3065	0	1
2000	4	12	19	3062	0	1
2000	4	13	15	3069	0	1
2000	4	21	26	3065	0	1
2000	4	22	71	3059	0	1
2000	4	31	2	3069	0	1
2000	5	1	847	2477	0	1
2000	5	7	220	2982	0	1
2000	5	10	5	3065	0	1
2000	5	11	13	3066	0	1
2000	5	18	1	3066	0	1
2000	5	22	69	3057	0	1
2000	5	29	98	3066	0	1
2000	5	31	220	2982	0	1
2000	6	2	120	3009	0	1
2000	6	7	511	2903	0	1
2000	6	12	946	2709	0	1
2000	6	17	21	3063	0	1
2000	6	19	1	3067	0	1
2000	6	20	55	3050	0	1
2000	6	21	709	2794	0	1
2000	6	22	946	2709	0	1
2000	6	25	182	3017	0	1
2000	7	1	526	2878	0	1
2000	7	10	446	2912	0	1
2000	12	1	2383	1424	0	1
2000	12	13	2	3065	0	1
2000	13	9	840	2504	0	1
2000	14	1	3	3067	0	1
2000	14	7	497	2914	0	1
2000	14	27	5	3069	0	1
2000	14	31	15	3069	0	1
2000	15	5	18	3065	0	1
2000	15	7	2	3068	0	1
2000	15	11	1	3067	0	1
2000	15	21	1	3067	0	1
2000	15	22	16	3062	0	1
2000	15	29	7	3065	0	1
2000	16	1	319	3011	0	1
2000	16	3	64	3042	0	1
2000	16	24	34	3039	0	1
2000	16	25	2	3066	0	1
2000	16	26	3	3067	0	1
2000	16	27	24	3062	0	1
2000	16	28	2	3069	0	1
2000	16	29	5	3064	0	1
2000	17	3	38	3047	0	1
2000	17	5	8	3063	0	1
2000	17	10	10	3065	0	1
2000	17	15	8	3063	0	1
2000	17	27	50	3047	0	1
2001	0	2	11	3067	0	1
2001	0	4	1	3067	0	1
2001	0	5	3	3069	0	1
2001	0	6	58	3055	0	1
2001	0	7	16	3065	0	1
2001	0	11	20	3068	0	1
2001	0	19	22	3069	0	1
2001	0	23	2	3069	0	1
2001	0	26	2	3066	0	1
2001	0	27	30	3074	0	1
2001	0	29	43	3072	0	1
2001	0	30	91	3057	0	1
2001	0	31	4	3064	0	1
2001	1	0	4	3069	0	1
2001	1	1	13	3074	0	1
2001	1	2	36	3073	0	1
2001	1	7	53	3056	0	1
2001	1	8	11	3072	0	1
2001	1	10	22	3066	0	1
2001	1	11	29	3066	0	1
2001	1	12	15	3066	0	1
2001	1	14	27	3065	0	1
2001	1	15	4	3069	0	1
2001	1	24	18	3068	0	1
2001	1	25	7	3070	0	1
2001	1	26	2	3067	0	1
2001	1	27	64	3050	0	1
2001	1	28	53	3069	0	1
2001	1	29	48	3053	0	1
2001	1	30	123	3002	0	1
2001	1	31	68	3050	0	1
2001	2	4	92	2998	0	1
2001	2	11	364	2852	0	1
2001	2	15	7	3068	0	1
2001	2	17	222	2999	0	1
2001	2	19	2142	1814	0	1
2001	2	30	847	2477	0	1
2001	3	0	13	3068	0	1
2001	3	1	438	2919	0	1
2001	3	2	881	2527	0	1
2001	3	12	280	2877	0	1
2001	3	16	1695	2070	0	1
2001	3	19	651	2619	0	1
2001	3	25	489	2926	0	1
2001	3	26	4	3069	0	1
2001	3	28	43	3031	0	1
2001	4	12	19	3062	0	1
2001	4	13	15	3069	0	1
2001	4	21	12	3065	0	1
2001	4	22	155	3056	0	1
2001	5	1	847	2477	0	1
2001	5	7	118	3023	0	1
2001	5	10	10	3063	0	1
2001	5	11	7	3064	0	1
2001	5	22	69	3057	0	1
2001	5	27	18	3069	0	1
2001	5	29	35	3070	0	1
2001	6	1	496	2910	0	1
2001	6	4	2	3066	0	1
2001	6	9	37	3056	0	1
2001	6	10	223	3003	0	1
2001	6	17	21	3063	0	1
2001	6	21	946	2709	0	1
2001	6	22	946	2709	0	1
2001	6	26	12	3063	0	1
2001	7	1	44	3053	0	1
2001	7	9	363	2939	0	1
2001	7	11	251	2996	0	1
2001	7	13	458	2823	0	1
2001	7	27	446	2912	0	1
2001	8	22	1	3068	0	1
2001	12	3	1	3066	0	1
2001	13	10	472	2916	0	1
2001	14	7	382	2946	0	1
2001	15	7	1	3068	0	1
2001	15	27	17	3069	0	1
2001	15	31	36	3050	0	1
2001	16	1	317	3010	0	1
2001	16	3	62	3040	0	1
2001	16	10	126	3044	0	1
2001	16	13	21	3055	0	1
2001	16	21	22	3049	0	1
2001	16	24	21	3055	0	1
2001	16	27	8	3061	0	1
2001	16	28	4	3068	0	1
2001	16	29	2	3069	0	1
2001	16	30	3	3066	0	1
2001	17	2	3	3070	0	1
2001	17	9	4	3067	0	1
2001	17	11	214	2910	0	1
2001	17	27	12	3066	0	1
2002	0	7	20	3065	0	1
2002	0	11	20	3068	0	1
2002	0	15	13	3065	0	1
2002	0	17	3	3066	0	1
2002	0	19	19	3068	0	1
2002	0	27	30	3074	0	1
2002	0	31	4	3064	0	1
2002	1	7	47	3058	0	1
2002	1	8	20	3068	0	1
2002	1	9	12	3067	0	1
2002	1	10	9	3067	0	1
2002	1	11	26	3071	0	1
2002	1	12	34	3068	0	1
2002	1	14	33	3061	0	1
2002	1	15	25	3064	0	1
2002	1	21	3	3067	0	1
2002	1	23	18	3058	0	1
2002	1	29	33	3058	0	1
2002	1	31	53	3053	0	1
2002	2	9	182	2995	0	1
2002	2	17	148	3026	0	1
2002	2	19	2142	1814	0	1
2002	2	24	7	3068	0	1
2002	3	12	621	2656	0	1
2002	3	16	2142	1814	0	1
2002	3	30	621	2656	0	1
2002	4	7	1	3066	0	1
2002	4	31	1	3068	0	1
2002	5	7	156	3002	0	1
2002	5	13	57	3062	0	1
2002	5	22	60	3058	0	1
2002	5	27	9	3067	0	1
2002	5	29	57	3070	0	1
2002	6	1	52	3060	0	1
2002	6	7	204	3021	0	1
2002	6	9	22	3063	0	1
2002	6	10	39	3056	0	1
2002	6	11	1	3067	0	1
2002	6	18	935	2711	0	1
2002	6	19	1	3067	0	1
2002	6	25	363	2979	0	1
2002	7	3	22	3062	0	1
2002	7	11	22	3062	0	1
2002	7	22	419	2729	0	1
2002	12	1	867	2482	0	1
2002	12	13	4	3066	0	1
2002	12	16	1	3066	0	1
2002	12	18	367	2745	0	1
2002	12	21	7	3064	0	1
2002	13	17	149	2956	0	1
2002	15	7	58	3064	0	1
2002	15	11	16	3069	0	1
2002	15	21	2	3067	0	1
2002	15	22	15	3062	0	1
2002	15	29	22	3059	0	1
2002	15	31	2	3067	0	1
2002	16	1	2	3067	0	1
2002	16	3	2	3067	0	1
2002	16	18	3	3068	0	1
2002	16	24	181	2927	0	1
2002	16	27	1365	2545	0	1
2002	16	28	3	3069	0	1
2002	17	2	62	3063	0	1
2002	17	3	2128	1943	0	1
2002	17	15	11	3068	0	1
2002	17	22	2	3065	0	1
2002	17	29	53	3031	0	1
2002	17	31	52	3028	0	1
2003	0	2	22	3067	0	1
2003	0	4	37	3073	0	1
2003	0	6	26	3060	0	1
2003	0	9	8	3070	0	1
2003	0	19	13	3067	0	1
2003	0	23	2	3069	0	1
2003	0	26	9	3069	0	1
2003	0	27	18	3076	0	1
2003	0	31	1	3067	0	1
2003	1	0	2	3068	0	1
2003	1	7	46	3049	0	1
2003	1	8	33	3056	0	1
2003	1	9	13	3068	0	1
2003	1	10	28	3067	0	1
2003	1	11	27	3063	0	1
2003	1	12	82	3038	0	1
2003	1	14	43	3062	0	1
2003	1	15	24	3065	0	1
2003	1	17	3	3067	0	1
2003	1	19	34	3062	0	1
2003	1	21	6	3066	0	1
2003	1	23	15	3061	0	1
2003	1	24	19	3070	0	1
2003	1	25	10	3070	0	1
2003	1	26	5	3068	0	1
2003	1	27	77	3073	0	1
2003	1	28	16	3065	0	1
2003	1	30	107	3064	0	1
2003	2	4	323	2843	0	1
2003	2	11	436	2821	0	1
2003	2	15	7	3068	0	1
2003	2	17	239	2987	0	1
2003	2	19	1799	2052	0	1
2003	2	24	3	3068	0	1
2003	2	26	7	3066	0	1
2003	3	12	77	3017	0	1
2003	3	19	267	2887	0	1
2003	3	25	196	3012	0	1
2003	4	3	11	3063	0	1
2003	4	10	2	3067	0	1
2003	4	20	1	3067	0	1
2003	4	24	621	2656	0	1
2003	4	26	3244	843	0	1
2003	5	5	108	3047	0	1
2003	5	11	9	3066	0	1
2003	5	18	1	3066	0	1
2003	5	20	27	3064	0	1
2003	6	2	120	3009	0	1
2003	6	4	15	3065	0	1
2003	6	9	3	3066	0	1
2003	6	10	366	2967	0	1
2003	6	18	265	2982	0	1
2003	6	25	8	3066	0	1
2003	6	26	22	3067	0	1
2003	6	28	3	3067	0	1
2003	8	21	1	3068	0	1
2003	12	3	1	3066	0	1
2003	12	10	2177	1707	0	1
2003	14	27	2	3067	0	1
2003	15	5	9	3063	0	1
2003	15	27	17	3069	0	1
2003	16	1	156	3041	0	1
2003	16	3	44	3050	0	1
2003	16	10	8	3066	0	1
2003	16	12	13	3061	0	1
2003	16	13	21	3055	0	1
2003	16	15	4	3068	0	1
2003	16	24	234	2896	0	1
2003	16	25	3	3068	0	1
2003	16	27	704	2794	0	1
2003	16	29	3	3069	0	1
2003	17	4	4	3063	0	1
2003	17	11	234	2896	0	1
2003	17	25	9	3064	0	1
2003	17	27	12	3068	0	1
2003	19	9	667	2489	0	1
2004	0	4	5	3068	0	1
2004	0	5	7	3071	0	1
2004	0	7	17	3065	0	1
2004	0	11	10	3069	0	1
2004	0	17	2	3066	0	1
2004	0	19	22	3069	0	1
2004	0	23	1	3068	0	1
2004	0	27	19	3071	0	1
2004	0	31	4	3064	0	1
2004	1	7	101	3039	0	1
2004	1	11	56	3067	0	1
2004	1	15	20	3062	0	1
2004	1	17	6	3066	0	1
2004	1	21	3	3067	0	1
2004	1	24	13	3071	0	1
2004	1	27	126	3061	0	1
2004	1	29	61	3057	0	1
2004	1	31	68	3050	0	1
2004	2	4	188	2930	0	1
2004	2	15	7	3068	0	1
2004	2	19	1281	2327	0	1
2004	2	24	5	3067	0	1
2004	3	0	13	3068	0	1
2004	3	19	598	2654	0	1
2004	3	25	491	2924	0	1
2004	3	28	43	3031	0	1
2004	3	30	621	2656	0	1
2004	4	12	10	3064	0	1
2004	4	20	1	3067	0	1
2004	4	24	82	3011	0	1
2004	4	26	1507	2074	0	1
2004	5	7	166	3012	0	1
2004	5	11	7	3068	0	1
2004	5	13	102	3069	0	1
2004	5	20	1	3067	0	1
2004	5	22	165	3041	0	1
2004	5	27	25	3064	0	1
2004	6	2	299	2951	0	1
2004	6	11	1	3067	0	1
2004	6	17	21	3063	0	1
2004	6	19	1	3067	0	1
2004	6	26	21	3059	0	1
2004	6	28	3	3067	0	1
2004	12	1	873	2344	0	1
2004	12	12	1	3066	0	1
2004	12	13	1	3066	0	1
2004	12	16	1	3066	0	1
2004	14	1	3	3067	0	1
2004	14	18	3	3067	0	1
2004	14	27	5	3069	0	1
2004	14	31	15	3069	0	1
2004	15	5	17	3064	0	1
2004	15	27	1	3068	0	1
2004	15	31	10	3064	0	1
2004	16	1	319	3011	0	1
2004	16	3	64	3042	0	1
2004	16	10	317	3011	0	1
2004	16	12	62	3042	0	1
2004	16	13	34	3039	0	1
2004	16	23	320	3005	0	1
2004	16	26	6	3064	0	1
2004	16	27	24	3062	0	1
2004	16	29	46	3050	0	1
2004	17	3	61	3028	0	1
2004	17	4	43	3055	0	1
2004	17	5	4	3065	0	1
2004	17	11	10	3064	0	1
2004	17	27	2174	1906	0	1
2005	0	2	10	3068	0	1
2005	0	4	4	3068	0	1
2005	0	5	4	3070	0	1
2005	0	6	58	3055	0	1
2005	0	7	8	3067	0	1
2005	0	11	7	3068	0	1
2005	0	17	3	3066	0	1
2005	0	19	17	3068	0	1
2005	0	23	2	3069	0	1
2005	0	26	5	3068	0	1
2005	0	27	18	3071	0	1
2005	0	31	3	3065	0	1
2005	1	0	4	3069	0	1
2005	1	10	9	3065	0	1
2005	1	12	35	3068	0	1
2005	1	14	66	3056	0	1
2005	1	21	4	3065	0	1
2005	1	24	24	3072	0	1
2005	1	27	64	3059	0	1
2005	1	28	30	3072	0	1
2005	1	29	29	3065	0	1
2005	1	31	31	3063	0	1
2005	2	4	185	2940	0	1
2005	2	15	7	3068	0	1
2005	2	19	2142	1814	0	1
2005	2	24	4	3067	0	1
2005	2	26	1	3067	0	1
2005	3	0	13	3068	0	1
2005	3	16	1228	2365	0	1
2005	3	19	664	2620	0	1
2005	3	26	4	3069	0	1
2005	3	28	43	3031	0	1
2005	3	30	621	2656	0	1
2005	4	13	15	3069	0	1
2005	4	24	328	2863	0	1
2005	4	25	2	3069	0	1
2005	4	31	2	3065	0	1
2005	5	11	14	3063	0	1
2005	5	13	35	3065	0	1
2005	5	18	1	3066	0	1
2005	5	29	35	3071	0	1
2005	5	31	84	3035	0	1
2005	6	1	496	2910	0	1
2005	6	4	15	3065	0	1
2005	6	7	326	2943	0	1
2005	6	9	13	3066	0	1
2005	6	10	231	3006	0	1
2005	6	11	1	3067	0	1
2005	6	20	369	2952	0	1
2005	6	26	14	3060	0	1
2005	6	28	3	3067	0	1
2005	6	31	2	3066	0	1
2005	7	25	251	2967	0	1
2005	8	22	1	3068	0	1
2005	9	10	1	3068	0	1
2005	12	10	2291	1637	0	1
2005	12	12	2	3066	0	1
2005	12	16	17	3058	0	1
2005	12	25	292	2882	0	1
2005	13	17	228	2902	0	1
2005	14	27	2	3067	0	1
2005	15	6	4	3067	0	1
2005	15	10	7	3069	0	1
2005	15	22	8	3067	0	1
2005	15	23	3	3067	0	1
2005	16	13	208	2918	0	1
2005	16	15	4	3068	0	1
2005	16	24	21	3055	0	1
2005	16	26	3	3067	0	1
2005	16	28	62	3064	0	1
2005	16	30	92	3026	0	1
2005	17	3	43	3042	0	1
2005	17	4	4	3066	0	1
2005	17	18	18	3068	0	1
2005	17	22	62	3023	0	1
2006	4	20	7	3065	0	1
2006	4	28	7	3065	0	1
2006	5	0	3	3067	0	1
2006	5	2	2	3066	0	1
2006	5	4	3	3068	0	1
2006	5	6	9	3063	0	1
2006	5	8	5	3068	0	1
2006	5	10	4	3065	0	1
2006	5	12	11	3066	0	1
2006	12	5	3	3065	0	1
2006	12	13	3	3065	0	1
2006	12	16	3	3066	0	1
2006	12	18	7	3066	0	1
2006	12	20	9	3064	0	1
2006	12	22	315	2961	0	1
2006	12	26	400	2898	0	1
2006	12	28	9	3064	0	1
2006	17	0	13	3065	0	1
2006	17	2	46	3030	0	1
2006	17	8	18	3061	0	1
2007	1	0	122	3063	0	1
2007	1	2	49	3050	0	1
2007	4	16	1	3066	0	1
2007	4	18	1	3066	0	1
2007	4	24	1	3066	0	1
2007	4	26	3	3066	0	1
2007	4	28	1	3068	0	1
2007	5	0	2	3068	0	1
2007	5	2	1	3066	0	1
2007	5	4	1	3067	0	1
2007	5	6	3	3069	0	1
2007	5	8	4	3067	0	1
2007	5	10	5	3066	0	1
2007	5	14	4	3070	0	1
2007	5	16	8	3068	0	1
2007	5	17	10	3063	0	1
2007	5	18	11	3067	0	1
2007	5	19	13	3068	0	1
2007	5	20	8	3066	0	1
2007	5	21	74	3068	0	1
2007	5	22	10	3067	0	1
2007	5	23	9	3067	0	1
2007	5	24	19	3064	0	1
2007	5	25	16	3063	0	1
2007	5	27	19	3065	0	1
2007	5	28	64	3049	0	1
2007	5	29	82	3064	0	1
2007	5	30	20	3064	0	1
2007	6	0	26	3056	0	1
2007	6	1	1	3066	0	1
2007	6	2	6	3064	0	1
2007	6	3	1	3067	0	1
2007	6	4	21	3057	0	1
2007	6	5	2	3067	0	1
2007	6	6	2	3069	0	1
2007	6	8	35	3051	0	1
2007	6	9	1	3066	0	1
2007	6	11	1	3067	0	1
2007	6	12	35	3049	0	1
2007	6	13	3	3066	0	1
2007	6	14	2	3069	0	1
2007	12	4	31	3057	0	1
2007	12	12	142	2964	0	1
2007	12	16	1	3066	0	1
2007	12	18	26	3062	0	1
2007	12	20	2	3065	0	1
2007	12	22	298	2968	0	1
2007	12	26	348	2929	0	1
2007	12	28	2	3065	0	1
2007	14	2	3	3067	0	1
2007	14	10	6	3069	0	1
2007	15	0	16	3069	0	1
2007	16	0	1	3068	0	1
2007	16	1	1	3068	0	1
2007	16	3	1	3068	0	1
2007	16	6	1	3066	0	1
2007	16	7	2	3067	0	1
2007	16	9	4	3067	0	1
2007	16	10	3	3065	0	1
2007	16	15	3	3066	0	1
2007	17	3	2	3067	0	1
2007	17	11	2	3067	0	1
2008	0	0	3	3067	0	1
2008	0	8	3	3066	0	1
2008	0	16	3	3064	0	1
2008	0	17	25	3070	0	1
2008	0	24	27	3077	0	1
2008	0	25	18	3064	0	1
2008	1	0	4	3065	0	1
2008	1	2	52	3069	0	1
2008	1	16	61	3057	0	1
2008	1	18	231	2983	0	1
2008	2	0	279	2951	0	1
2008	4	8	2	3069	0	1
2008	4	12	4	3066	0	1
2008	4	13	1	3068	0	1
2008	4	14	2	3066	0	1
2008	4	18	1	3068	0	1
2008	4	26	2	3067	0	1
2008	5	2	2	3066	0	1
2008	5	4	2	3066	0	1
2008	5	6	4	3068	0	1
2008	5	10	2	3066	0	1
2008	5	12	2	3066	0	1
2008	5	14	5	3068	0	1
2008	5	16	3	3068	0	1
2008	5	17	6	3064	0	1
2008	5	18	5	3068	0	1
2008	5	19	8	3063	0	1
2008	5	20	10	3063	0	1
2008	5	21	13	3063	0	1
2008	5	22	13	3066	0	1
2008	5	23	11	3067	0	1
2008	5	25	12	3060	0	1
2008	5	26	10	3068	0	1
2008	5	27	17	3061	0	1
2008	5	28	45	3042	0	1
2008	5	30	27	3060	0	1
2008	5	31	22	3065	0	1
2008	6	0	93	3062	0	1
2008	6	1	109	3031	0	1
2008	6	2	218	2923	0	1
2008	6	3	65	3051	0	1
2008	6	4	262	2985	0	1
2008	6	5	102	3047	0	1
2008	6	7	6	3062	0	1
2008	6	9	175	2994	0	1
2008	6	10	221	2922	0	1
2008	6	11	157	3007	0	1
2008	6	12	359	2945	0	1
2008	6	15	6	3062	0	1
2008	6	16	946	2709	0	1
2008	7	0	946	2709	0	1
2008	7	16	946	2709	0	1
2008	7	20	419	2729	0	1
2008	7	28	419	2729	0	1
2008	8	16	1	3068	0	1
2008	9	0	1	3068	0	1
2008	9	16	1	3068	0	1
2008	12	0	4	3064	0	1
2008	12	2	6	3061	0	1
2008	12	4	125	2978	0	1
2008	12	6	62	3010	0	1
2008	12	12	125	2978	0	1
2008	12	14	62	3010	0	1
2008	12	16	4	3065	0	1
2008	12	18	3	3066	0	1
2008	12	20	1	3066	0	1
2008	12	24	3	3064	0	1
2008	13	9	4	3066	0	1
2008	14	24	2	3067	0	1
2008	14	25	5	3069	0	1
2008	15	0	1	3067	0	1
2008	15	2	1	3068	0	1
2008	15	16	14	3062	0	1
2008	15	17	2	3066	0	1
2008	15	18	1	3067	0	1
2008	15	19	2	3067	0	1
2008	15	20	1	3068	0	1
2008	15	21	5	3064	0	1
2008	15	22	2	3069	0	1
2008	16	0	314	3010	0	1
2008	16	1	1	3066	0	1
2008	16	3	1	3066	0	1
2008	16	4	1	3066	0	1
2008	16	5	1	3068	0	1
2008	16	6	1	3068	0	1
2008	16	7	2	3066	0	1
2008	16	10	3	3066	0	1
2008	16	11	3	3064	0	1
2008	16	12	1	3066	0	1
2008	16	13	3	3066	0	1
2008	16	16	1359	2550	0	1
2008	16	18	1	3067	0	1
2008	16	19	6	3063	0	1
2008	16	20	9	3060	0	1
2008	16	23	2	3067	0	1
2008	16	26	37	3049	0	1
2008	16	28	13	3058	0	1
2008	17	0	37	3049	0	1
2008	17	3	2126	1943	0	1
2008	17	18	8	3063	0	1
2008	17	20	17	3055	0	1
2008	17	21	2472	1615	0	1
2008	17	22	45	3035	0	1
2008	18	0	667	2489	0	1
2008	18	8	849	2356	0	1
2008	18	16	1442	1866	0	1
2009	0	0	10	3068	0	1
2009	0	8	16	3066	0	1
2009	4	20	2	3066	0	1
2009	4	24	8	3065	0	1
2009	4	26	1	3068	0	1
2009	4	28	3	3066	0	1
2009	5	2	2	3068	0	1
2009	5	4	9	3068	0	1
2009	5	6	6	3067	0	1
2009	5	12	19	3069	0	1
2009	5	14	12	3067	0	1
2009	12	1	1506	2150	0	1
2009	12	3	775	2563	0	1
2009	12	5	714	2445	0	1
2009	12	7	24	3049	0	1
2009	12	9	1506	2150	0	1
2009	12	11	775	2563	0	1
2009	12	13	248	2908	0	1
2009	12	15	1	3066	0	1
2009	12	18	2	3067	0	1
2009	12	20	5	3064	0	1
2009	12	22	5	3066	0	1
2009	12	24	1	3067	0	1
2009	12	26	2	3066	0	1
2009	12	28	5	3064	0	1
2009	13	9	3	3065	0	1
2009	16	16	2	3069	0	1
2009	16	17	5	3068	0	1
2009	16	19	2	3067	0	1
2009	16	21	4	3068	0	1
2009	16	23	5	3064	0	1
2009	16	24	9	3062	0	1
2009	16	27	5	3065	0	1
2009	16	29	7	3065	0	1
2009	16	31	9	3060	0	1
2009	17	0	10	3062	0	1
2009	17	8	16	3059	0	1
2010	0	0	14	3069	0	1
2010	0	2	9	3068	0	1
2010	0	3	2	3066	0	1
2010	0	6	24	3075	0	1
2010	0	7	5	3065	0	1
2010	0	11	4	3069	0	1
2010	0	13	4	3065	0	1
2010	0	15	3	3067	0	1
2010	0	20	24	3069	0	1
2010	0	22	54	3066	0	1
2010	0	23	17	3062	0	1
2010	0	24	4	3064	0	1
2010	0	25	18	3072	0	1
2010	0	27	28	3067	0	1
2010	0	28	41	3074	0	1
2010	1	0	113	3046	0	1
2010	1	3	53	3065	0	1
2010	1	5	44	3065	0	1
2010	1	6	2	3067	0	1
2010	1	8	104	3064	0	1
2010	1	10	44	3054	0	1
2010	1	11	14	3061	0	1
2010	1	12	38	3065	0	1
2010	1	13	39	3064	0	1
2010	1	16	79	3050	0	1
2010	1	17	160	3016	0	1
2010	1	19	56	3058	0	1
2010	1	20	207	3018	0	1
2010	1	21	482	2908	0	1
2010	1	24	57	3057	0	1
2010	1	25	57	3057	0	1
2010	1	27	23	3062	0	1
2010	1	28	64	3063	0	1
2010	1	30	123	3046	0	1
2010	2	0	344	2945	0	1
2010	2	2	70	3040	0	1
2010	2	3	22	3062	0	1
2010	2	5	279	2951	0	1
2010	2	6	1660	2141	0	1
2010	2	7	20	3054	0	1
2010	2	11	13	3068	0	1
2010	2	13	25	3061	0	1
2010	2	15	37	3051	0	1
2010	2	22	3135	939	0	1
2010	2	25	631	2691	0	1
2010	2	27	1191	2377	0	1
2010	3	0	872	2466	0	1
2010	3	3	1702	1894	0	1
2010	3	5	866	2483	0	1
2010	3	28	868	2481	0	1
2010	3	30	1704	1892	0	1
2010	4	0	1704	1892	0	1
2010	4	2	868	2481	0	1
2010	4	4	1	3066	0	1
2010	4	13	11	3066	0	1
2010	4	25	868	2481	0	1
2010	4	27	1704	1892	0	1
2010	5	0	510	2715	0	1
2010	5	3	3250	839	0	1
2010	5	5	867	2482	0	1
2010	5	26	220	2982	0	1
2010	6	4	295	2982	0	1
2010	6	6	35	3066	0	1
2010	6	11	35	3066	0	1
2010	7	21	946	2709	0	1
2010	9	10	1	3068	0	1
2010	9	21	1	3068	0	1
2010	12	5	390	2805	0	1
2010	12	29	1	3067	0	1
2010	14	0	1	3066	0	1
2010	14	2	1	3066	0	1
2010	14	14	1	3066	0	1
2010	14	27	1	3066	0	1
2010	15	8	3	3067	0	1
2010	15	12	3	3067	0	1
2010	15	19	5	3069	0	1
2010	15	20	5	3069	0	1
2010	15	25	5	3069	0	1
2010	15	26	61	3064	0	1
2010	16	4	3	3066	0	1
2010	16	6	17	3069	0	1
2010	16	8	18	3069	0	1
2010	16	13	6	3064	0	1
2010	16	15	2	3067	0	1
2010	16	20	13	3061	0	1
2010	16	21	15	3063	0	1
2010	16	22	19	3066	0	1
2010	17	8	46	3052	0	1
2010	17	11	8	3067	0	1
2010	17	12	18	3061	0	1
2010	17	16	28	3057	0	1
2010	17	19	24	3063	0	1
2010	17	20	92	3036	0	1
2010	17	25	24	3063	0	1
2010	17	26	3434	807	0	1
2010	18	6	2182	1902	0	1
2010	18	7	54	3026	0	1
2010	18	8	2128	1943	0	1
2010	18	11	2128	1943	0	1
2010	18	13	54	3026	0	1
2011	0	7	19	3066	0	1
2011	0	9	7	3065	0	1
2011	0	10	41	3076	0	1
2011	0	12	25	3066	0	1
2011	0	20	21	3060	0	1
2011	0	21	78	3071	0	1
2011	1	8	132	3034	0	1
2011	1	11	48	3061	0	1
2011	1	16	101	3039	0	1
2011	1	17	68	3050	0	1
2011	1	21	482	2908	0	1
2011	1	25	590	2861	0	1
2011	2	7	279	2951	0	1
2011	2	9	54	3048	0	1
2011	2	10	333	2932	0	1
2011	2	12	279	2951	0	1
2011	4	1	1	3066	0	1
2011	4	2	1	3066	0	1
2011	4	13	1	3066	0	1
2011	4	14	2	3068	0	1
2011	4	24	2	3069	0	1
2011	4	25	1	3068	0	1
2011	4	26	2	3067	0	1
2011	4	27	2	3065	0	1
2011	5	0	29	3055	0	1
2011	5	3	160	3010	0	1
2011	5	4	160	3010	0	1
2011	5	5	117	3021	0	1
2011	5	16	44	3066	0	1
2011	5	17	187	3014	0	1
2011	5	28	179	2990	0	1
2011	5	30	129	3011	0	1
2011	6	0	295	2982	0	1
2011	6	2	334	2935	0	1
2011	6	12	201	3039	0	1
2011	6	14	289	2941	0	1
2011	6	24	4	3065	0	1
2011	6	25	4	3065	0	1
2011	6	26	3	3067	0	1
2011	6	27	2	3066	0	1
2011	7	0	56	3050	0	1
2011	7	17	419	2729	0	1
2011	7	21	946	2709	0	1
2011	7	24	946	2709	0	1
2011	7	25	1876	2207	0	1
2011	8	21	1	3068	0	1
2011	9	8	1	3068	0	1
2011	9	25	1	3068	0	1
2011	12	9	2471	1498	0	1
2011	12	10	1230	2242	0	1
2011	12	20	1	3067	0	1
2011	12	21	754	2756	0	1
2011	14	7	482	2916	0	1
2011	14	8	380	2947	0	1
2011	14	9	482	2916	0	1
2011	14	10	482	2914	0	1
2011	14	12	3	3067	0	1
2011	14	13	3	3067	0	1
2011	14	14	4	3068	0	1
2011	14	25	2	3065	0	1
2011	14	26	7	3067	0	1
2011	15	0	11	3069	0	1
2011	15	3	4	3066	0	1
2011	15	16	2	3068	0	1
2011	15	17	38	3050	0	1
2011	15	28	2	3068	0	1
2011	15	30	2	3068	0	1
2011	16	0	327	3009	0	1
2011	16	2	322	3010	0	1
2011	16	12	41	3051	0	1
2011	16	14	7	3066	0	1
2011	16	24	12	3064	0	1
2011	16	25	1373	2548	0	1
2011	16	26	1364	2551	0	1
2011	17	0	941	2472	0	1
2011	17	3	2268	1833	0	1
2011	17	4	17	3058	0	1
2011	17	5	2142	1945	0	1
2011	17	16	36	3053	0	1
2011	17	30	204	2893	0	1
2011	18	0	2654	1457	0	1
2011	18	2	2450	1631	0	1
2011	18	12	463	2663	0	1
2011	18	25	1442	1866	0	1
2011	18	26	463	2663	0	1
2011	19	0	833	2378	0	1
2012	0	1	6	3069	0	1
2012	0	3	2	3067	0	1
2012	0	7	3	3070	0	1
2012	0	8	1	3067	0	1
2012	0	9	9	3070	0	1
2012	0	11	2	3067	0	1
2012	0	13	1	3068	0	1
2012	0	15	5	3072	0	1
2012	0	17	3	3067	0	1
2012	0	19	1	3068	0	1
2012	0	20	10	3069	0	1
2012	0	21	3	3070	0	1
2012	0	22	14	3070	0	1
2012	0	23	9	3067	0	1
2012	0	25	3	3067	0	1
2012	0	27	2	3066	0	1
2012	0	28	19	3062	0	1
2012	0	29	7	3071	0	1
2012	0	30	16	3068	0	1
2012	0	31	11	3070	0	1
2012	1	0	1	3066	0	1
2012	1	1	1	3068	0	1
2012	1	2	11	3071	0	1
2012	1	3	12	3066	0	1
2012	1	4	12	3064	0	1
2012	1	5	19	3068	0	1
2012	1	6	7	3068	0	1
2012	1	7	13	3071	0	1
2012	1	8	8	3062	0	1
2012	1	9	2	3066	0	1
2012	1	10	29	3071	0	1
2012	1	11	25	3063	0	1
2012	1	12	23	3062	0	1
2012	1	13	30	3062	0	1
2012	1	14	11	3067	0	1
2012	1	15	16	3069	0	1
2012	1	16	4	3067	0	1
2012	1	18	36	3059	0	1
2012	1	19	36	3067	0	1
2012	1	22	46	3060	0	1
2012	1	23	19	3068	0	1
2012	1	24	3	3066	0	1
2012	1	25	6	3069	0	1
2012	1	26	68	3051	0	1
2012	1	27	89	3041	0	1
2012	1	29	2	3067	0	1
2012	1	30	44	3060	0	1
2012	1	31	13	3064	0	1
2012	2	0	2	3067	0	1
2012	2	1	3	3068	0	1
2012	2	2	6	3062	0	1
2012	2	8	2	3067	0	1
2012	2	9	3	3068	0	1
2012	2	18	323	2843	0	1
2012	2	20	436	2821	0	1
2012	2	22	1	3066	0	1
2012	2	23	118	2995	0	1
2012	2	24	2	3068	0	1
2012	2	26	461	2727	0	1
2012	2	28	2615	1336	0	1
2012	2	30	1	3066	0	1
2012	2	31	5	3064	0	1
2012	3	1	43	3031	0	1
2012	3	4	621	2656	0	1
2012	3	7	226	2888	0	1
2012	16	0	3	3067	0	1
2013	0	1	1	3068	0	1
2013	0	2	1	3067	0	1
2013	0	4	1	3066	0	1
2013	0	6	1	3066	0	1
2013	0	8	1	3067	0	1
2013	0	9	1	3068	0	1
2013	0	16	1	3067	0	1
2013	0	20	3	3068	0	1
2013	0	22	1	3068	0	1
2013	0	24	1	3067	0	1
2013	0	27	1	3068	0	1
2013	0	28	1	3066	0	1
2013	0	29	1	3067	0	1
2013	0	30	2	3067	0	1
2013	0	31	3	3068	0	1
2013	1	0	1	3067	0	1
2013	1	2	2	3069	0	1
2013	1	3	2	3067	0	1
2013	1	4	3	3066	0	1
2013	1	5	2	3066	0	1
2013	1	10	8	3067	0	1
2013	1	11	3	3069	0	1
2013	1	12	2	3069	0	1
2013	1	13	2	3066	0	1
2013	1	14	4	3066	0	1
2013	1	16	1	3066	0	1
2013	1	17	1	3066	0	1
2013	1	18	1	3068	0	1
2013	1	19	36	3064	0	1
2013	1	21	4	3064	0	1
2013	1	22	10	3064	0	1
2013	1	23	5	3065	0	1
2013	1	25	6	3067	0	1
2013	1	26	3	3065	0	1
2013	1	27	70	3044	0	1
2013	1	28	1	3066	0	1
2013	1	29	5	3066	0	1
2013	1	30	2	3067	0	1
2013	1	31	45	3048	0	1
2013	2	1	2	3068	0	1
2013	2	2	1	3066	0	1
2013	2	3	1	3066	0	1
2013	2	10	54	3037	0	1
2013	2	11	181	2985	0	1
2013	2	22	4	3069	0	1
2013	2	26	66	3006	0	1
2013	2	30	54	3013	0	1
2013	4	1	621	2656	0	1
2013	4	16	847	2477	0	1
2013	5	0	3250	839	0	1
2013	6	0	277	2937	0	1
2013	6	1	168	2988	0	1
2013	6	2	148	3007	0	1
2013	6	3	116	3010	0	1
2013	6	8	20	3060	0	1
2013	6	9	9	3065	0	1
2013	6	10	4	3067	0	1
2013	6	11	14	3061	0	1
2013	6	16	1	3067	0	1
2013	6	18	2	3067	0	1
2013	16	24	3	3069	0	1
2013	17	8	6	3064	0	1
2013	17	24	92	3026	0	1
2013	18	0	54	3026	0	1
2014	0	1	2	3067	0	1
2014	0	2	1	3066	0	1
2014	0	3	4	3067	0	1
2014	0	5	2	3068	0	1
2014	0	9	3	3067	0	1
2014	0	10	1	3066	0	1
2014	0	11	6	3066	0	1
2014	0	13	3	3067	0	1
2014	2	0	9	3060	0	1
2014	2	1	9	3068	0	1
2014	2	2	4	3069	0	1
2014	2	3	37	3060	0	1
2014	2	8	1	3066	0	1
2014	2	9	7	3068	0	1
2014	2	10	16	3051	0	1
2014	2	11	9	3060	0	1
2014	3	16	621	2656	0	1
2014	3	23	226	2888	0	1
2014	4	1	226	2888	0	1
2014	16	0	6	3064	0	1
2015	0	1	1	3068	0	1
2015	0	3	1	3067	0	1
2015	0	4	1	3067	0	1
2015	0	9	1	3068	0	1
2015	0	10	2	3065	0	1
2015	0	11	1	3067	0	1
2015	0	12	2	3068	0	1
2015	0	15	1	3068	0	1
2015	2	1	170	2994	0	1
2015	2	2	217	2998	0	1
2015	2	3	50	3045	0	1
2015	2	8	2	3065	0	1
2015	2	9	660	2635	0	1
2015	2	10	801	2661	0	1
2015	2	11	91	3016	0	1
2015	6	0	370	2922	0	1
2015	6	1	128	3028	0	1
2015	6	2	151	3011	0	1
2015	6	3	99	3033	0	1
2015	6	8	17	3063	0	1
2015	6	9	12	3069	0	1
2015	6	10	9	3066	0	1
2015	6	11	10	3065	0	1
2015	6	17	1	3066	0	1
2015	6	18	2	3067	0	1
2015	6	19	9	3066	0	1
2015	15	16	2	3067	0	1
2015	15	18	2	3067	0	1
2015	16	16	3	3070	0	1
2015	16	24	59	3061	0	1
2015	17	0	3	3069	0	1
2015	17	8	40	3053	0	1
2016	0	8	21	3063	0	1
2016	0	22	2467	1674	0	1
2016	0	25	548	2735	0	1
2016	0	26	1672	2084	0	1
2016	0	27	818	2517	0	1
2016	0	29	711	2622	0	1
2016	1	0	2467	1674	0	1
2016	1	20	1273	2291	0	1
2016	2	8	1164	2260	0	1
2016	2	22	2559	1485	0	1
2016	2	25	247	2898	0	1
2016	2	27	382	2868	0	1
2016	2	30	1	3067	0	1
2016	3	0	2559	1485	0	1
2016	3	4	685	2654	0	1
2016	3	20	803	2617	0	1
2016	4	8	5	3068	0	1
2016	4	22	27	3072	0	1
2016	4	26	2	3066	0	1
2016	4	30	21	3047	0	1
2016	5	0	9	3069	0	1
2016	5	20	18	3072	0	1
2016	6	8	6	3068	0	1
2016	6	22	43	3074	0	1
2016	7	0	21	3068	0	1
2016	7	20	215	2978	0	1
2016	8	29	23	3055	0	1
2016	10	22	3	3068	0	1
2016	10	26	2	3068	0	1
2016	10	27	4	3065	0	1
2016	11	0	3	3068	0	1
2016	11	20	2	3067	0	1
2016	12	14	4	3067	0	1
2016	12	17	4	3067	0	1
2016	12	18	2	3068	0	1
2016	12	19	4	3067	0	1
2016	12	22	15	3067	0	1
2016	12	26	154	3037	0	1
2016	12	29	95	3045	0	1
2016	12	30	155	3036	0	1
2016	13	0	15	3067	0	1
2016	13	4	51	3069	0	1
2016	13	20	38	3060	0	1
2016	14	22	546	2878	0	1
2016	14	26	8	3065	0	1
2016	14	30	193	2950	0	1
2016	15	0	546	2878	0	1
2016	15	4	175	3008	0	1
2016	15	20	310	2965	0	1
2016	18	8	644	2506	0	1
2016	50	14	1755	1947	0	1
2017	0	11	23	3073	0	1
2017	0	15	2	3066	0	1
2017	0	20	711	2622	0	1
2017	0	21	2467	1674	0	1
2017	0	24	818	2517	0	1
2017	0	25	77	3047	0	1
2017	0	26	425	2808	0	1
2017	0	29	19	3061	0	1
2017	1	3	27	3055	0	1
2017	1	7	69	3044	0	1
2017	1	19	122	3025	0	1
2017	2	15	2	3066	0	1
2017	2	17	2500	1633	0	1
2017	2	21	2559	1485	0	1
2017	2	24	382	2868	0	1
2017	2	25	1655	2241	0	1
2017	2	26	247	2898	0	1
2017	2	29	1655	2241	0	1
2017	3	3	101	2992	0	1
2017	3	19	930	2599	0	1
2017	4	11	1	3066	0	1
2017	4	16	575	2567	0	1
2017	4	17	575	2567	0	1
2017	4	21	9	3069	0	1
2017	4	25	566	2564	0	1
2017	4	29	566	2564	0	1
2017	5	3	1875	1585	0	1
2017	5	19	1248	2042	0	1
2017	6	17	23	3067	0	1
2017	6	21	21	3068	0	1
2017	6	25	2	3066	0	1
2017	6	29	2	3066	0	1
2017	7	3	2	3066	0	1
2017	7	19	2	3066	0	1
2017	8	16	1	3068	0	1
2017	8	17	1	3068	0	1
2017	8	25	1	3068	0	1
2017	8	29	1	3068	0	1
2017	9	3	2	3069	0	1
2017	9	19	1	3068	0	1
2017	10	16	4	3067	0	1
2017	10	21	3	3068	0	1
2017	10	24	4	3065	0	1
2017	10	25	1	3066	0	1
2017	10	29	1	3066	0	1
2017	11	3	1	3068	0	1
2017	12	11	3	3067	0	1
2017	12	15	3	3070	0	1
2017	12	16	37	3050	0	1
2017	12	17	37	3050	0	1
2017	12	20	95	3045	0	1
2017	12	21	15	3067	0	1
2017	12	25	67	3054	0	1
2017	12	29	31	3058	0	1
2017	13	3	45	3045	0	1
2017	13	19	97	3044	0	1
2017	14	15	108	2973	0	1
2017	14	16	2532	1563	0	1
2017	14	17	2532	1563	0	1
2017	14	21	546	2878	0	1
2017	14	25	2074	1875	0	1
2017	14	29	1929	1968	0	1
2017	15	3	95	2997	0	1
2017	15	7	1721	2098	0	1
2017	15	19	902	2564	0	1
2017	16	11	4	3066	0	1
2017	16	16	572	2559	0	1
2017	16	17	572	2559	0	1
2017	16	25	572	2559	0	1
2017	16	29	572	2559	0	1
2017	17	3	1595	1863	0	1
2017	17	19	1169	2155	0	1
2018	4	1	1554	2316	0	1
2018	9	2	5	3069	0	1
2018	9	3	5	3069	0	1
2018	9	15	1	3068	0	1
2018	12	15	1	3068	0	1
2018	13	31	6	3064	0	1
2018	15	31	1	3066	0	1
2018	17	15	63	3010	0	1
2018	50	20	1755	1947	0	1
2018	50	21	1755	1947	0	1
2019	1	0	1	3066	0	1
2019	1	1	1	3066	0	1
2019	3	8	2	3066	0	1
2019	4	0	70	3017	0	1
2019	4	16	3	3066	0	1
2019	4	17	4	3071	0	1
2019	8	9	1	3067	0	1
2019	8	20	50	3062	0	1
2019	8	21	50	3062	0	1
2019	8	25	4	3068	0	1
2019	9	14	1	3068	0	1
2019	9	25	19	3069	0	1
2019	10	8	17	3068	0	1
2019	10	25	133	3019	0	1
2019	11	9	1357	2445	0	1
2019	12	14	1	3068	0	1
2019	13	30	26	3059	0	1
2019	15	30	1834	2038	0	1
2019	17	14	2300	1590	0	1
2020	3	9	2	3066	0	1
2020	4	1	101	2992	0	1
2020	8	22	26	3065	0	1
2020	9	0	5	3069	0	1
2020	10	9	17	3068	0	1
2020	10	10	7	3068	0	1
2020	12	12	1	3068	0	1
2020	13	28	24	3061	0	1
2020	15	28	1	3066	0	1
2020	50	22	1755	1947	0	1
2021	1	3	2	3068	0	1
2021	3	11	2	3066	0	1
2021	4	19	2	3066	0	1
2021	8	8	1	3067	0	1
2021	8	24	4	3068	0	1
2021	9	1	5	3069	0	1
2021	9	24	19	3069	0	1
2021	10	24	131	3019	0	1
2021	11	8	1357	2445	0	1
2021	12	13	1	3068	0	1
2021	13	29	26	3059	0	1
2021	15	29	1834	2038	0	1
2021	50	20	1755	1947	0	1
2021	50	21	1755	1947	0	1
2022	0	3	6	3067	0	1
2022	0	13	9	3066	0	1
2022	0	19	23	3067	0	1
2022	0	27	18	3065	0	1
2022	0	31	53	3052	0	1
2022	1	0	2	3068	0	1
2022	1	3	2	3069	0	1
2022	1	19	6	3070	0	1
2022	1	29	115	3048	0	1
2022	2	13	18	3074	0	1
2022	2	23	45	3035	0	1
2022	3	13	32	3069	0	1
2022	3	29	3	3064	0	1
2022	4	16	4	3071	0	1
2022	5	5	12	3069	0	1
2022	7	3	1	3066	0	1
2022	9	2	3	3067	0	1
2022	9	9	14	3071	0	1
2022	10	29	1	3068	0	1
2022	12	11	92	2999	0	1
2022	12	14	1	3068	0	1
2022	12	27	7	3067	0	1
2022	13	11	6	3063	0	1
2022	13	30	17	3060	0	1
2022	15	1	75	3011	0	1
2022	16	23	3	3064	0	1
2022	17	14	2300	1590	0	1
2022	17	29	5	3066	0	1
2022	18	29	943	2797	0	1
2022	19	29	2163	1924	0	1
2023	0	4	4	3068	0	1
2023	0	16	44	3054	0	1
2023	0	28	2	3067	0	1
2023	1	4	1438	2261	0	1
2023	1	28	22	3063	0	1
2023	2	4	97	3045	0	1
2023	2	6	79	3046	0	1
2023	2	20	378	2892	0	1
2023	3	0	1832	2039	0	1
2023	3	8	15	3066	0	1
2023	3	12	3	3067	0	1
2023	3	14	8	3067	0	1
2023	3	28	758	2550	0	1
2023	4	0	4	3069	0	1
2023	4	1	1554	2316	0	1
2023	4	14	6	3068	0	1
2023	4	16	9	3071	0	1
2023	4	24	173	3012	0	1
2023	5	16	150	3041	0	1
2023	5	28	5	3068	0	1
2023	6	0	1	3067	0	1
2023	6	2	436	2914	0	1
2023	7	12	22	3067	0	1
2023	7	16	2	3066	0	1
2023	7	24	1489	2210	0	1
2023	8	24	431	2829	0	1
2023	9	0	2	3066	0	1
2023	10	4	83	3048	0	1
2023	10	9	17	3068	0	1
2023	10	12	3	3068	0	1
2023	10	20	1	3066	0	1
2023	11	0	7	3067	0	1
2023	11	4	1	3066	0	1
2023	13	14	1	3068	0	1
2023	13	28	9	3063	0	1
2023	14	8	113	3039	0	1
2023	15	0	7	3065	0	1
2023	16	2	10	3064	0	1
2023	16	12	2	3067	0	1
2023	18	0	295	2847	0	1
2024	0	1	10	3070	0	1
2024	0	16	59	3053	0	1
2024	0	17	75	3055	0	1
2024	0	18	10	3069	0	1
2024	0	19	18	3066	0	1
2024	0	28	13	3065	0	1
2024	1	2	34	3062	0	1
2024	1	3	25	3063	0	1
2024	1	4	2408	1672	0	1
2024	1	12	9	3069	0	1
2024	1	13	5	3066	0	1
2024	1	17	142	3018	0	1
2024	1	28	25	3064	0	1
2024	1	29	22	3065	0	1
2024	2	6	59	3052	0	1
2024	2	7	91	3047	0	1
2024	2	8	4	3067	0	1
2024	2	11	1	3066	0	1
2024	2	14	26	3062	0	1
2024	2	25	7	3068	0	1
2024	3	0	1831	2039	0	1
2024	3	8	19	3066	0	1
2024	3	12	6	3066	0	1
2024	3	13	7	3066	0	1
2024	3	23	1	3066	0	1
2024	3	24	25	3064	0	1
2024	3	28	1911	1770	0	1
2024	3	29	3244	843	0	1
2024	4	0	4	3069	0	1
2024	4	1	4	3069	0	1
2024	4	6	18	3067	0	1
2024	4	17	5	3071	0	1
2024	4	18	142	3034	0	1
2024	5	14	2300	1590	0	1
2024	5	16	17	3068	0	1
2024	6	28	310	2984	0	1
2024	7	2	419	2729	0	1
2024	7	14	7	3070	0	1
2024	8	22	3	3067	0	1
2024	8	30	333	2891	0	1
2024	10	6	1	3067	0	1
2024	10	9	6	3069	0	1
2024	10	20	2	3066	0	1
2024	10	22	4	3067	0	1
2024	10	23	2	3068	0	1
2024	12	1	20	3057	0	1
2024	12	2	2883	1057	0	1
2024	12	3	367	2745	0	1
2024	13	1	97	3054	0	1
2024	13	15	1	3066	0	1
2024	13	24	1	3066	0	1
2024	15	24	1	3067	0	1
2024	16	2	10	3064	0	1
2024	16	17	79	3029	0	1
2024	16	18	62	3063	0	1
2024	16	29	14	3061	0	1
2024	17	2	10	3065	0	1
2024	17	24	463	2663	0	1
2024	17	29	11	3068	0	1
2024	18	12	79	3021	0	1
2024	18	19	784	2388	0	1
2025	0	11	1	3068	0	1
2025	0	12	26	3071	0	1
2025	0	13	30	3071	0	1
2025	0	14	1	3068	0	1
2025	0	15	1	3068	0	1
2025	0	16	1	3066	0	1
2025	0	17	17	3067	0	1
2025	0	22	13	3075	0	1
2025	0	23	7	3071	0	1
2025	0	26	17	3063	0	1
2025	0	27	34	3060	0	1
2025	0	28	9	3070	0	1
2025	0	29	10	3070	0	1
2025	0	30	16	3069	0	1
2025	0	31	13	3072	0	1
2025	1	0	7	3066	0	1
2025	1	1	4	3066	0	1
2025	1	6	24	3063	0	1
2025	1	7	38	3065	0	1
2025	1	8	6	3062	0	1
2025	1	12	30	3068	0	1
2025	1	13	39	3061	0	1
2025	1	15	2468	1367	0	1
2025	1	16	4	3069	0	1
2025	1	17	11	3065	0	1
2025	1	22	81	3060	0	1
2025	1	23	38	3062	0	1
2025	2	6	25	3057	0	1
2025	2	7	184	3001	0	1
2025	2	14	521	2863	0	1
2025	2	15	16	3061	0	1
2025	2	23	91	3001	0	1
2025	2	30	43	3036	0	1
2025	2	31	97	2996	0	1
2025	3	0	1609	2280	0	1
2025	3	1	14	3060	0	1
2025	3	6	227	2948	0	1
2025	3	7	281	2924	0	1
2025	3	12	40	3072	0	1
2025	3	16	14	3060	0	1
2025	3	17	1554	2316	0	1
2025	3	22	915	2369	0	1
2025	3	23	1676	1909	0	1
2025	3	26	1	3067	0	1
2025	3	28	54	3059	0	1
2025	4	16	2	3066	0	1
2025	4	28	3	3067	0	1
2025	4	29	1	3067	0	1
2025	4	30	68	3019	0	1
2025	4	31	1554	2316	0	1
2025	5	1	14	3066	0	1
2025	5	10	8	3063	0	1
2025	5	12	5	3067	0	1
2025	5	13	16	3071	0	1
2025	5	14	2020	1868	0	1
2025	5	15	1396	1945	0	1
2025	5	28	4	3069	0	1
2025	6	2	8	3066	0	1
2025	6	3	18	3068	0	1
2025	6	10	2	3069	0	1
2025	6	11	44	3077	0	1
2025	6	27	13	3057	0	1
2025	6	28	6	3066	0	1
2025	7	2	7	3067	0	1
2025	7	11	7	3066	0	1
2025	7	12	102	3069	0	1
2025	7	27	2310	1459	0	1
2025	7	28	38	3064	0	1
2025	8	13	57	3033	0	1
2025	8	22	1	3068	0	1
2025	10	28	1	3068	0	1
2025	11	12	1	3066	0	1
2025	11	23	1	3067	0	1
2025	12	22	1	3066	0	1
2025	12	23	18	3070	0	1
2025	12	27	271	3012	0	1
2025	13	10	8	3063	0	1
2025	13	11	6	3063	0	1
2025	14	8	27	3054	0	1
2025	14	9	20	3057	0	1
2025	14	12	2	3066	0	1
2025	14	13	2	3066	0	1
2025	14	26	50	3030	0	1
2025	14	27	91	3001	0	1
2025	15	0	1889	2002	0	1
2025	15	1	42	3032	0	1
2025	15	25	178	2928	0	1
2025	16	10	1834	2038	0	1
2025	16	23	1834	2038	0	1
2025	17	12	3	3067	0	1
2026	0	1	11	3070	0	1
2026	0	2	22	3075	0	1
2026	0	5	5	3068	0	1
2026	0	17	53	3047	0	1
2026	0	18	51	3064	0	1
2026	0	20	36	3070	0	1
2026	0	26	17	3065	0	1
2026	0	29	1	3068	0	1
2026	1	0	2	3066	0	1
2026	1	2	6	3072	0	1
2026	1	3	20	3064	0	1
2026	1	5	830	2584	0	1
2026	1	6	14	3068	0	1
2026	1	14	2235	1518	0	1
2026	1	17	181	3008	0	1
2026	1	18	15	3068	0	1
2026	1	29	14	3064	0	1
2026	2	5	29	3063	0	1
2026	2	11	1	3066	0	1
2026	2	12	6	3070	0	1
2026	2	21	137	2987	0	1
2026	2	22	91	3001	0	1
2026	2	25	5	3069	0	1
2026	3	1	173	3012	0	1
2026	3	9	14	3068	0	1
2026	3	12	34	3075	0	1
2026	3	25	19	3066	0	1
2026	3	28	35	3067	0	1
2026	3	29	3243	843	0	1
2026	4	6	210	2999	0	1
2026	4	18	30	3069	0	1
2026	4	19	90	3044	0	1
2026	5	28	2108	1847	0	1
2026	5	29	5	3068	0	1
2026	6	29	103	3045	0	1
2026	7	15	9	3072	0	1
2026	7	17	1	3067	0	1
2026	7	25	4	3069	0	1
2026	8	9	304	2816	0	1
2026	8	31	178	2968	0	1
2026	9	1	1	3066	0	1
2026	9	3	236	2919	0	1
2026	10	9	2	3068	0	1
2026	10	13	3	3068	0	1
2026	10	21	2	3066	0	1
2026	10	23	4	3067	0	1
2026	11	5	3	3068	0	1
2026	11	6	7	3064	0	1
2026	11	31	6	3069	0	1
2026	12	1	2	3065	0	1
2026	12	15	1	3067	0	1
2026	13	1	51	3061	0	1
2026	13	17	23	3051	0	1
2026	14	9	31	3052	0	1
2026	15	1	2	3067	0	1
2026	16	3	15	3062	0	1
2026	16	10	4	3063	0	1
2026	17	25	36	3042	0	1
2026	17	29	10	3059	0	1
2026	18	1	74	3028	0	1
2026	18	13	65	3014	0	1
2026	18	19	667	2489	0	1
2026	19	12	17	3066	0	1
2027	0	5	6	3069	0	1
2027	0	10	1	3068	0	1
2027	0	16	1	3066	0	1
2027	0	22	7	3071	0	1
2027	0	26	21	3061	0	1
2027	0	29	2	3067	0	1
2027	0	30	14	3073	0	1
2027	1	0	1	3068	0	1
2027	1	2	5	3072	0	1
2027	1	5	1538	2194	0	1
2027	1	6	16	3066	0	1
2027	1	8	5	3063	0	1
2027	1	16	5	3065	0	1
2027	1	22	46	3067	0	1
2027	1	26	199	2973	0	1
2027	1	29	24	3063	0	1
2027	2	5	131	3026	0	1
2027	2	6	9	3063	0	1
2027	2	7	68	3053	0	1
2027	2	14	7	3065	0	1
2027	2	15	34	3060	0	1
2027	2	21	249	2954	0	1
2027	2	25	7	3068	0	1
2027	2	30	31	3039	0	1
2027	3	1	848	2572	0	1
2027	3	16	4	3063	0	1
2027	3	22	308	2857	0	1
2027	3	23	1834	2038	0	1
2027	3	25	25	3064	0	1
2027	3	28	54	3059	0	1
2027	3	31	538	2655	0	1
2027	4	7	12	3067	0	1
2027	4	15	9	3066	0	1
2027	4	18	73	3072	0	1
2027	4	25	173	3012	0	1
2027	4	28	1	3066	0	1
2027	4	30	4	3063	0	1
2027	5	0	2	3066	0	1
2027	5	10	8	3063	0	1
2027	5	12	2	3068	0	1
2027	5	14	485	2685	0	1
2027	6	1	2	3066	0	1
2027	6	2	18	3068	0	1
2027	6	10	1	3068	0	1
2027	6	26	752	2671	0	1
2027	6	28	6	3066	0	1
2027	6	29	546	2915	0	1
2027	7	2	7	3067	0	1
2027	7	15	9	3072	0	1
2027	7	17	2	3066	0	1
2027	7	26	873	2462	0	1
2027	8	9	304	2816	0	1
2027	8	10	1834	2038	0	1
2027	8	23	3	3067	0	1
2027	9	1	2	3066	0	1
2027	9	3	613	2656	0	1
2027	9	10	26	3064	0	1
2027	9	15	1451	2056	0	1
2027	9	22	1	3068	0	1
2027	10	9	6	3069	0	1
2027	10	13	3	3068	0	1
2027	10	26	540	2781	0	1
2027	10	28	1	3068	0	1
2027	11	5	3	3068	0	1
2027	11	6	4	3065	0	1
2027	12	10	1834	2038	0	1
2027	12	15	1	3067	0	1
2027	12	22	3	3065	0	1
2027	13	10	3	3065	0	1
2027	13	15	2	3067	0	1
2027	13	17	69	3035	0	1
2027	14	8	6	3063	0	1
2027	14	9	150	3028	0	1
2027	14	26	42	3031	0	1
2027	15	1	5	3066	0	1
2027	15	24	180	2947	0	1
2027	16	9	139	2952	0	1
2027	16	10	70	3013	0	1
2027	16	29	16	3063	0	1
2027	17	28	6	3064	0	1
2027	18	1	25	3052	0	1
2027	19	12	74	3034	0	1
2027	19	28	8	3063	0	1
2028	0	1	11	3070	0	1
2028	0	2	13	3067	0	1
2028	0	10	25	3058	0	1
2028	0	14	1	3068	0	1
2028	0	18	31	3064	0	1
2028	0	19	13	3068	0	1
2028	0	22	11	3073	0	1
2028	0	26	34	3060	0	1
2028	0	28	5	3069	0	1
2028	0	30	14	3068	0	1
2028	1	0	3	3067	0	1
2028	1	2	3	3070	0	1
2028	1	3	24	3063	0	1
2028	1	5	1166	2404	0	1
2028	1	12	24	3062	0	1
2028	1	14	1491	2037	0	1
2028	1	16	4	3066	0	1
2028	1	17	181	3008	0	1
2028	1	18	11	3067	0	1
2028	1	22	65	3062	0	1
2028	1	26	18	3059	0	1
2028	1	28	59	3054	0	1
2028	2	7	34	3061	0	1
2028	2	9	2	3067	0	1
2028	2	12	1	3067	0	1
2028	2	14	22	3056	0	1
2028	2	30	28	3049	0	1
2028	3	0	30	3047	0	1
2028	3	15	1	3067	0	1
2028	3	23	1834	2038	0	1
2028	3	28	35	3067	0	1
2028	3	29	1911	1770	0	1
2028	4	6	91	3047	0	1
2028	4	15	7	3068	0	1
2028	4	17	3	3067	0	1
2028	4	18	21	3066	0	1
2028	5	15	2300	1590	0	1
2028	5	28	4	3069	0	1
2028	5	30	489	2904	0	1
2028	6	2	18	3068	0	1
2028	6	3	935	2711	0	1
2028	6	19	53	3059	0	1
2028	6	26	20	3052	0	1
2028	7	2	7	3067	0	1
2028	7	10	7	3066	0	1
2028	7	12	55	3070	0	1
2028	7	26	3244	843	0	1
2028	8	10	95	2997	0	1
2028	9	3	621	2656	0	1
2028	9	10	5	3063	0	1
2028	9	15	3244	843	0	1
2028	10	5	55	3053	0	1
2028	10	9	3	3067	0	1
2028	10	26	91	3001	0	1
2028	10	28	1	3068	0	1
2028	11	1	7	3067	0	1
2028	11	31	6	3069	0	1
2028	12	1	20	3057	0	1
2028	12	3	367	2745	0	1
2028	12	10	42	3039	0	1
2028	12	22	2	3066	0	1
2028	15	0	70	3013	0	1
2028	15	24	471	2769	0	1
2028	16	10	89	2999	0	1
2028	17	28	6	3064	0	1
2028	18	28	943	2797	0	1
2029	0	1	8	3071	0	1
2029	0	2	20	3068	0	1
2029	0	5	5	3069	0	1
2029	0	10	1	3068	0	1
2029	0	12	30	3071	0	1
2029	0	14	1	3068	0	1
2029	0	17	44	3054	0	1
2029	0	18	51	3064	0	1
2029	0	20	31	3071	0	1
2029	0	26	28	3060	0	1
2029	0	28	10	3070	0	1
2029	1	0	4	3066	0	1
2029	1	2	6	3072	0	1
2029	1	3	34	3062	0	1
2029	1	12	39	3061	0	1
2029	1	13	3	3065	0	1
2029	1	17	181	3008	0	1
2029	1	18	15	3068	0	1
2029	1	26	29	3055	0	1
2029	1	28	115	3048	0	1
2029	1	29	25	3064	0	1
2029	2	7	25	3065	0	1
2029	2	25	7	3068	0	1
2029	3	1	1832	2039	0	1
2029	3	13	6	3066	0	1
2029	3	15	1	3067	0	1
2029	3	26	1	3067	0	1
2029	3	29	2727	1195	0	1
2029	4	1	3	3068	0	1
2029	4	7	10	3068	0	1
2029	4	16	1	3067	0	1
2029	4	18	21	3066	0	1
2029	5	10	5	3064	0	1
2029	5	29	2	3069	0	1
2029	6	3	690	2804	0	1
2029	6	10	1	3068	0	1
2029	6	29	546	2915	0	1
2029	7	13	16	3061	0	1
2029	7	15	9	3072	0	1
2029	7	17	2	3066	0	1
2029	8	9	304	2816	0	1
2029	8	25	247	2928	0	1
2029	9	1	2	3066	0	1
2029	9	3	370	2820	0	1
2029	9	8	9	3067	0	1
2029	10	9	6	3069	0	1
2029	10	13	1	3066	0	1
2029	10	21	2	3066	0	1
2029	10	23	4	3067	0	1
2029	11	1	4	3067	0	1
2029	11	5	1	3066	0	1
2029	11	6	7	3064	0	1
2029	11	31	6	3069	0	1
2029	12	1	7	3066	0	1
2029	13	17	31	3048	0	1
2029	13	25	1	3066	0	1
2029	14	9	140	3031	0	1
2029	15	1	7	3065	0	1
2029	16	29	35	3051	0	1
2029	17	3	10	3065	0	1
2029	17	25	463	2663	0	1
2029	17	29	11	3068	0	1
2029	18	1	295	2847	0	1
2030	0	1	6	3069	0	1
2030	0	2	12	3069	0	1
2030	0	5	6	3069	0	1
2030	0	12	9	3066	0	1
2030	0	16	1	3066	0	1
2030	0	17	49	3049	0	1
2030	0	20	9	3067	0	1
2030	0	22	6	3072	0	1
2030	0	26	26	3061	0	1
2030	0	28	7	3068	0	1
2030	0	30	53	3052	0	1
2030	1	0	4	3066	0	1
2030	1	2	3	3070	0	1
2030	1	3	15	3066	0	1
2030	1	5	2408	1672	0	1
2030	1	6	30	3067	0	1
2030	1	8	6	3062	0	1
2030	1	13	4	3067	0	1
2030	1	16	5	3067	0	1
2030	1	17	100	3028	0	1
2030	2	5	131	3026	0	1
2030	2	6	33	3057	0	1
2030	2	12	7	3071	0	1
2030	2	15	20	3061	0	1
2030	2	21	378	2892	0	1
2030	2	22	91	3001	0	1
2030	2	30	68	3018	0	1
2030	3	0	71	3015	0	1
2030	3	1	996	2510	0	1
2030	3	6	420	2845	0	1
2030	3	12	40	3072	0	1
2030	3	15	1	3067	0	1
2030	3	16	58	3026	0	1
2030	3	22	1889	1772	0	1
2030	3	28	54	3059	0	1
2030	4	1	4	3069	0	1
2030	4	6	67	3052	0	1
2030	4	16	1	3067	0	1
2030	4	17	5	3069	0	1
2030	4	18	53	3062	0	1
2030	4	25	83	3047	0	1
2030	4	28	2	3067	0	1
2030	4	30	72	3010	0	1
2030	5	4	9	3072	0	1
2030	5	10	8	3063	0	1
2030	5	17	11	3067	0	1
2030	5	29	5	3068	0	1
2030	6	1	2	3066	0	1
2030	6	3	668	2795	0	1
2030	6	13	164	3003	0	1
2030	6	26	91	3001	0	1
2030	6	28	1	3067	0	1
2030	7	10	6	3067	0	1
2030	7	12	102	3069	0	1
2030	7	15	7	3070	0	1
2030	7	25	4	3069	0	1
2030	7	26	1616	1975	0	1
2030	7	28	38	3064	0	1
2030	8	9	287	2827	0	1
2030	8	10	1834	2038	0	1
2030	8	22	1	3068	0	1
2030	8	25	431	2829	0	1
2030	9	3	621	2656	0	1
2030	9	10	8	3063	0	1
2030	10	5	43	3059	0	1
2030	10	13	3	3068	0	1
2030	10	26	91	3001	0	1
2030	10	28	1	3068	0	1
2030	11	1	3	3069	0	1
2030	11	5	3	3068	0	1
2030	11	6	5	3065	0	1
2030	12	10	1834	2038	0	1
2030	12	15	1	3067	0	1
2030	12	26	10	3068	0	1
2030	13	1	70	3058	0	1
2030	13	15	2	3067	0	1
2030	13	17	19	3058	0	1
2030	14	9	150	3028	0	1
2030	15	1	4	3065	0	1
2030	16	3	10	3064	0	1
2030	16	13	2	3067	0	1
2030	16	17	11	3065	0	1
2030	16	29	14	3061	0	1
2030	17	12	3	3067	0	1
2030	17	29	11	3062	0	1
2030	18	13	79	3021	0	1
2030	18	19	667	2489	0	1
2031	0	10	1	3068	0	1
2031	0	12	15	3072	0	1
2031	0	14	1	3068	0	1
2031	0	16	17	3067	0	1
2031	0	17	64	3046	0	1
2031	0	19	4	3066	0	1
2031	0	22	13	3075	0	1
2031	0	26	16	3067	0	1
2031	0	28	4	3069	0	1
2031	0	29	13	3065	0	1
2031	1	0	7	3066	0	1
2031	1	2	2	3068	0	1
2031	1	3	15	3066	0	1
2031	1	5	1138	2427	0	1
2031	1	6	38	3065	0	1
2031	1	8	4	3064	0	1
2031	1	12	28	3062	0	1
2031	1	13	9	3069	0	1
2031	1	16	11	3065	0	1
2031	1	22	81	3060	0	1
2031	1	26	29	3055	0	1
2031	2	5	106	3040	0	1
2031	2	6	33	3057	0	1
2031	2	7	91	3047	0	1
2031	2	9	1	3068	0	1
2031	2	11	1	3066	0	1
2031	2	14	30	3052	0	1
2031	2	15	34	3060	0	1
2031	2	22	77	3012	0	1
2031	2	30	97	2996	0	1
2031	3	0	1609	2280	0	1
2031	3	1	1353	2334	0	1
2031	3	6	427	2844	0	1
2031	3	9	19	3066	0	1
2031	3	12	19	3071	0	1
2031	3	13	7	3066	0	1
2031	3	16	1554	2316	0	1
2031	3	22	3207	853	0	1
2031	3	25	25	3064	0	1
2031	3	28	6	3063	0	1
2031	3	29	3244	843	0	1
2031	4	1	4	3069	0	1
2031	4	7	18	3067	0	1
2031	4	15	5	3069	0	1
2031	4	16	1	3067	0	1
2031	4	17	9	3071	0	1
2031	4	18	3	3068	0	1
2031	4	19	136	3033	0	1
2031	4	25	173	3012	0	1
2031	4	28	3	3067	0	1
2031	4	30	1554	2316	0	1
2031	5	0	3	3067	0	1
2031	5	10	2	3066	0	1
2031	5	12	10	3070	0	1
2031	5	14	2020	1868	0	1
2031	5	15	1040	2206	0	1
2031	5	17	17	3068	0	1
2031	6	2	14	3068	0	1
2031	6	10	7	3071	0	1
2031	6	13	24	3058	0	1
2031	6	26	91	3001	0	1
2031	6	28	6	3066	0	1
2031	7	3	419	2729	0	1
2031	7	10	7	3066	0	1
2031	7	13	22	3067	0	1
2031	7	28	27	3069	0	1
2031	8	10	26	3047	0	1
2031	8	23	3	3067	0	1
2031	8	25	431	2829	0	1
2031	8	31	327	2892	0	1
2031	9	10	8	3063	0	1
2031	9	22	1	3068	0	1
2031	10	7	1	3067	0	1
2031	10	26	52	3030	0	1
2031	11	1	7	3067	0	1
2031	11	12	1	3066	0	1
2031	11	22	1	3067	0	1
2031	12	10	65	3019	0	1
2031	12	22	18	3070	0	1
2031	12	26	6	3068	0	1
2031	13	1	97	3054	0	1
2031	13	10	8	3063	0	1
2031	14	8	27	3054	0	1
2031	14	12	2	3066	0	1
2031	14	26	91	3001	0	1
2031	15	0	1889	2002	0	1
2031	15	24	178	2928	0	1
2031	15	25	1	3067	0	1
2031	16	10	1834	2038	0	1
2031	16	13	2	3067	0	1
2031	16	17	79	3029	0	1
2031	16	19	62	3063	0	1
2031	16	22	1834	2038	0	1
2031	17	28	5	3066	0	1
2031	19	12	17	3066	0	1
2031	19	28	2163	1924	0	1
2032	0	3	17	3065	0	1
2032	0	5	1	3068	0	1
2032	0	7	1816	1959	0	1
2032	0	11	1	3066	0	1
2032	0	13	26	3070	0	1
2032	0	17	2	3068	0	1
2032	0	20	3	3066	0	1
2032	0	21	11	3068	0	1
2032	0	22	17	3070	0	1
2032	0	25	5	3068	0	1
2032	0	27	4	3068	0	1
2032	0	29	9	3065	0	1
2032	0	31	60	3064	0	1
2032	1	0	13	3068	0	1
2032	1	3	5	3069	0	1
2032	1	4	4	3067	0	1
2032	1	5	24	3067	0	1
2032	1	9	5	3069	0	1
2032	1	10	15	3069	0	1
2032	1	11	21	3067	0	1
2032	1	13	43	3062	0	1
2032	1	17	5	3065	0	1
2032	1	19	8	3066	0	1
2032	1	21	33	3061	0	1
2032	1	23	9	3062	0	1
2032	1	25	1	3067	0	1
2032	1	26	1	3067	0	1
2032	1	28	3	3065	0	1
2032	1	30	18	3065	0	1
2032	2	8	3	3065	0	1
2032	2	11	506	2766	0	1
2032	2	13	68	3050	0	1
2032	2	17	75	3039	0	1
2032	2	19	22	3063	0	1
2032	2	24	14	3056	0	1
2032	2	25	151	3016	0	1
2032	2	26	265	2985	0	1
2032	2	27	1974	1898	0	1
2032	2	30	272	2859	0	1
2032	2	31	1	3066	0	1
2032	3	1	92	3047	0	1
2032	3	2	1	3067	0	1
2032	3	9	67	3048	0	1
2032	3	10	282	2874	0	1
2032	3	16	57	3024	0	1
2032	3	17	112	3023	0	1
2032	3	18	608	2768	0	1
2032	3	25	14	3062	0	1
2032	3	28	2	3066	0	1
2032	4	7	5	3066	0	1
2032	4	11	1	3066	0	1
2032	4	13	4	3064	0	1
2032	4	17	510	2732	0	1
2032	5	1	192	2932	0	1
2032	5	2	272	2859	0	1
2032	5	4	1925	1949	0	1
2032	5	5	6	3071	0	1
2032	5	10	1	3067	0	1
2032	5	13	1	3066	0	1
2032	5	20	6	3067	0	1
2032	5	25	1834	2038	0	1
2032	6	1	7	3066	0	1
2032	6	27	8	3064	0	1
2032	6	31	3	3068	0	1
2032	8	1	3	3068	0	1
2032	8	7	9	3066	0	1
2032	8	25	11	3063	0	1
2032	9	2	1	3068	0	1
2032	11	6	1	3067	0	1
2032	11	7	3	3068	0	1
2032	12	2	1	3066	0	1
2032	12	4	2	3067	0	1
2032	12	6	91	3042	0	1
2032	12	14	11	3067	0	1
2032	12	19	2	3067	0	1
2032	12	22	12	3067	0	1
2032	12	23	3	3070	0	1
2032	12	27	1	3068	0	1
2032	12	28	19	3068	0	1
2032	13	19	2	3066	0	1
2032	13	24	2	3067	0	1
2032	14	15	80	3024	0	1
2032	14	17	45	3057	0	1
2032	14	18	97	3054	0	1
2032	14	19	99	3011	0	1
2032	14	24	1793	2207	0	1
2032	15	12	187	2924	0	1
2032	15	15	73	3004	0	1
2032	15	19	231	2876	0	1
2032	15	26	73	3004	0	1
2032	16	12	4	3067	0	1
2032	16	14	4	3064	0	1
2032	17	11	16	3063	0	1
2032	17	31	11	3061	0	1
2032	19	10	295	2847	0	1
2033	0	2	2	3067	0	1
2033	0	3	14	3065	0	1
2033	0	17	3	3068	0	1
2033	0	20	6	3069	0	1
2033	0	21	6	3068	0	1
2033	0	22	25	3070	0	1
2033	0	25	4	3071	0	1
2033	0	26	2	3066	0	1
2033	0	27	7	3068	0	1
2033	0	30	45	3062	0	1
2033	0	31	39	3064	0	1
2033	1	0	11	3065	0	1
2033	1	2	2	3066	0	1
2033	1	3	12	3068	0	1
2033	1	6	47	3056	0	1
2033	1	10	17	3069	0	1
2033	1	11	25	3065	0	1
2033	1	13	44	3067	0	1
2033	1	14	7	3068	0	1
2033	1	15	5	3065	0	1
2033	1	17	11	3070	0	1
2033	1	18	19	3071	0	1
2033	1	19	4	3066	0	1
2033	1	23	7	3063	0	1
2033	1	26	1	3067	0	1
2033	1	28	3	3065	0	1
2033	1	29	53	3063	0	1
2033	2	1	40	3047	0	1
2033	2	2	142	3010	0	1
2033	2	4	547	2763	0	1
2033	2	5	2	3066	0	1
2033	2	12	1852	1991	0	1
2033	2	16	815	2614	0	1
2033	2	18	223	2995	0	1
2033	2	19	173	3012	0	1
2033	2	20	186	2952	0	1
2033	2	24	88	3004	0	1
2033	2	25	181	3008	0	1
2033	2	26	216	2999	0	1
2033	2	27	1664	2075	0	1
2033	2	28	173	3012	0	1
2033	2	29	301	2866	0	1
2033	2	30	178	2928	0	1
2033	2	31	1832	2039	0	1
2033	3	1	216	3003	0	1
2033	3	2	2	3066	0	1
2033	3	4	754	2561	0	1
2033	3	9	83	3048	0	1
2033	3	10	245	2903	0	1
2033	3	14	1	3066	0	1
2033	3	16	79	3011	0	1
2033	3	18	545	2805	0	1
2033	3	24	1533	2157	0	1
2033	3	25	50	3048	0	1
2033	3	26	600	2697	0	1
2033	3	30	668	2632	0	1
2033	4	5	2300	1590	0	1
2033	4	7	6	3063	0	1
2033	4	9	178	2928	0	1
2033	4	13	5	3065	0	1
2033	4	28	178	2928	0	1
2033	5	2	192	2932	0	1
2033	5	5	4	3070	0	1
2033	5	9	1	3066	0	1
2033	5	13	3	3065	0	1
2033	6	1	9	3066	0	1
2033	6	3	7	3069	0	1
2033	6	14	154	2944	0	1
2033	6	21	226	3006	0	1
2033	6	22	617	2735	0	1
2033	6	27	22	3061	0	1
2033	8	7	10	3066	0	1
2033	8	25	10	3063	0	1
2033	10	7	3	3068	0	1
2033	12	3	1	3067	0	1
2033	12	6	150	3028	0	1
2033	12	14	5	3068	0	1
2033	12	15	3	3065	0	1
2033	12	17	7	3069	0	1
2033	12	30	6	3067	0	1
2033	13	1	7	3068	0	1
2033	13	7	1	3068	0	1
2033	14	17	39	3057	0	1
2033	14	24	11	3058	0	1
2033	15	1	18	3061	0	1
2033	15	4	196	2928	0	1
2033	15	15	617	2733	0	1
2033	15	25	8	3062	0	1
2033	16	12	4	3067	0	1
2033	16	14	4	3063	0	1
2033	16	31	8	3067	0	1
2033	17	10	11	3063	0	1
2033	17	26	2450	1631	0	1
2033	18	1	79	3029	0	1
2033	19	0	663	2493	0	1
2034	0	3	2	3067	0	1
2034	0	7	45	3060	0	1
2034	0	12	20	3067	0	1
2034	0	16	4	3068	0	1
2034	0	20	5	3068	0	1
2034	0	21	11	3069	0	1
2034	0	23	15	3069	0	1
2034	0	24	5	3072	0	1
2034	0	27	1	3066	0	1
2034	0	28	11	3066	0	1
2034	0	30	49	3066	0	1
2034	0	31	14	3068	0	1
2034	1	1	19	3065	0	1
2034	1	4	13	3067	0	1
2034	1	5	8	3064	0	1
2034	1	7	54	3058	0	1
2034	1	8	2	3067	0	1
2034	1	10	19	3064	0	1
2034	1	13	17	3063	0	1
2034	1	15	18	3065	0	1
2034	1	16	6	3069	0	1
2034	1	18	4	3067	0	1
2034	1	23	29	3055	0	1
2034	1	26	15	3062	0	1
2034	1	28	53	3048	0	1
2034	1	31	11	3065	0	1
2034	2	0	109	3024	0	1
2034	2	3	202	2991	0	1
2034	2	8	75	3039	0	1
2034	2	13	2187	1798	0	1
2034	2	14	88	3004	0	1
2034	2	19	25	3062	0	1
2034	2	21	1088	2352	0	1
2034	2	24	7	3064	0	1
2034	2	25	88	3004	0	1
2034	2	26	691	2640	0	1
2034	2	27	391	2936	0	1
2034	2	28	235	2891	0	1
2034	2	29	173	3012	0	1
2034	2	30	1	3066	0	1
2034	2	31	235	2887	0	1
2034	3	0	216	3003	0	1
2034	3	8	68	3045	0	1
2034	3	11	292	2868	0	1
2034	3	16	140	3014	0	1
2034	3	17	88	3004	0	1
2034	3	25	101	3005	0	1
2034	3	29	2	3066	0	1
2034	4	4	1161	2166	0	1
2034	4	16	345	2847	0	1
2034	4	18	40	3033	0	1
2034	4	22	1925	1949	0	1
2034	4	29	668	2632	0	1
2034	5	0	178	2928	0	1
2034	5	4	3	3070	0	1
2034	5	5	422	2791	0	1
2034	5	17	2	3068	0	1
2034	5	18	1423	2217	0	1
2034	5	30	9	3072	0	1
2034	6	2	4	3068	0	1
2034	6	6	9	3069	0	1
2034	6	12	7	3064	0	1
2034	6	20	28	3055	0	1
2034	6	26	24	3062	0	1
2034	6	30	2	3069	0	1
2034	7	2	11	3062	0	1
2034	7	10	327	2892	0	1
2034	12	2	1	3067	0	1
2034	12	8	2	3068	0	1
2034	12	14	2	3065	0	1
2034	12	18	2	3067	0	1
2034	12	22	2	3069	0	1
2034	12	31	322	3010	0	1
2034	13	0	8	3067	0	1
2034	13	3	2	3065	0	1
2034	13	4	1	3066	0	1
2034	13	6	1	3068	0	1
2034	13	14	1	3068	0	1
2034	13	22	1	3067	0	1
2034	14	26	31	3048	0	1
2034	14	29	28	3055	0	1
2034	15	3	108	3009	0	1
2034	15	5	256	2882	0	1
2034	15	7	1306	2340	0	1
2034	15	20	463	2663	0	1
2034	15	24	1370	2553	0	1
2034	16	14	7	3064	0	1
2034	16	15	40	3049	0	1
2034	17	24	463	2663	0	1
2034	17	30	8	3061	0	1
2034	18	0	12	3065	0	1
2034	19	8	91	3026	0	1
2035	0	2	9	3064	0	1
2035	0	3	2	3067	0	1
2035	0	4	8	3066	0	1
2035	0	7	115	3048	0	1
2035	0	10	2	3067	0	1
2035	0	12	31	3071	0	1
2035	0	16	2	3068	0	1
2035	0	18	7	3068	0	1
2035	0	20	7	3065	0	1
2035	0	21	6	3068	0	1
2035	0	22	1	3067	0	1
2035	0	23	22	3069	0	1
2035	0	24	7	3070	0	1
2035	0	26	6	3067	0	1
2035	0	27	2	3066	0	1
2035	0	28	17	3067	0	1
2035	0	30	49	3066	0	1
2035	0	31	27	3062	0	1
2035	1	2	8	3068	0	1
2035	1	3	11	3071	0	1
2035	1	4	60	3064	0	1
2035	1	5	12	3065	0	1
2035	1	7	94	3046	0	1
2035	1	8	2	3067	0	1
2035	1	10	34	3073	0	1
2035	1	11	12	3066	0	1
2035	1	13	19	3061	0	1
2035	1	16	10	3069	0	1
2035	1	18	2	3069	0	1
2035	1	20	76	3054	0	1
2035	1	23	38	3056	0	1
2035	1	24	1	3067	0	1
2035	1	28	81	3062	0	1
2035	1	29	2	3066	0	1
2035	2	4	2	3066	0	1
2035	2	5	475	2801	0	1
2035	2	8	75	3039	0	1
2035	2	9	3	3065	0	1
2035	2	12	60	3053	0	1
2035	2	16	53	3048	0	1
2035	2	17	309	2915	0	1
2035	2	18	173	3012	0	1
2035	2	24	181	3008	0	1
2035	2	25	42	3039	0	1
2035	2	28	668	2632	0	1
2035	2	29	131	3034	0	1
2035	2	31	178	2928	0	1
2035	3	5	339	2838	0	1
2035	3	8	83	3048	0	1
2035	3	11	244	2898	0	1
2035	3	16	126	3017	0	1
2035	3	18	572	2702	0	1
2035	3	19	702	2727	0	1
2035	3	20	178	2928	0	1
2035	3	24	200	2994	0	1
2035	3	25	581	2770	0	1
2035	3	31	178	2928	0	1
2035	4	6	8	3064	0	1
2035	4	10	1834	2038	0	1
2035	4	12	2	3067	0	1
2035	4	16	178	2928	0	1
2035	4	17	144	2948	0	1
2035	4	29	489	2746	0	1
2035	5	0	272	2859	0	1
2035	5	3	178	2928	0	1
2035	5	5	196	2911	0	1
2035	5	17	4	3068	0	1
2035	5	18	1461	2186	0	1
2035	5	21	6	3067	0	1
2035	5	30	5	3071	0	1
2035	6	6	8	3068	0	1
2035	6	14	2	3066	0	1
2035	6	19	4	3064	0	1
2035	6	23	248	2923	0	1
2035	6	30	6	3068	0	1
2035	7	2	3	3066	0	1
2035	8	24	7	3063	0	1
2035	8	28	1	3068	0	1
2035	8	31	1	3068	0	1
2035	10	6	3	3068	0	1
2035	11	27	1	3066	0	1
2035	12	5	2	3067	0	1
2035	12	15	4	3068	0	1
2035	12	20	3	3068	0	1
2035	12	25	1	3066	0	1
2035	13	3	2	3065	0	1
2035	13	11	1	3068	0	1
2035	13	13	1	3068	0	1
2035	13	15	1	3067	0	1
2035	13	17	1	3068	0	1
2035	13	20	141	3039	0	1
2035	13	22	1	3067	0	1
2035	14	18	13	3062	0	1
2035	14	31	487	2646	0	1
2035	15	7	1735	2109	0	1
2035	15	13	44	3037	0	1
2035	15	15	1735	2109	0	1
2035	15	18	135	2951	0	1
2035	15	20	72	3010	0	1
2035	16	12	19	3060	0	1
2035	16	13	7	3065	0	1
2035	16	27	463	2663	0	1
2035	17	4	39	3048	0	1
2036	0	3	11	3067	0	1
2036	0	5	7	3065	0	1
2036	0	13	16	3069	0	1
2036	0	20	10	3068	0	1
2036	0	22	26	3074	0	1
2036	0	27	3	3066	0	1
2036	0	29	9	3069	0	1
2036	0	31	40	3061	0	1
2036	1	2	2	3066	0	1
2036	1	3	7	3068	0	1
2036	1	4	4	3066	0	1
2036	1	5	20	3062	0	1
2036	1	9	2	3067	0	1
2036	1	10	25	3065	0	1
2036	1	11	24	3058	0	1
2036	1	12	10	3063	0	1
2036	1	14	11	3067	0	1
2036	1	15	4	3066	0	1
2036	1	17	7	3070	0	1
2036	1	19	4	3067	0	1
2036	1	21	46	3060	0	1
2036	1	22	12	3060	0	1
2036	1	23	8	3063	0	1
2036	1	28	4	3064	0	1
2036	1	29	52	3059	0	1
2036	1	30	11	3067	0	1
2036	2	1	71	3041	0	1
2036	2	4	817	2613	0	1
2036	2	5	2	3066	0	1
2036	2	11	130	2982	0	1
2036	2	13	63	3052	0	1
2036	2	15	59	3027	0	1
2036	2	16	393	2866	0	1
2036	2	18	41	3057	0	1
2036	2	19	137	3018	0	1
2036	2	20	231	2901	0	1
2036	2	24	88	3004	0	1
2036	2	25	60	3041	0	1
2036	2	26	191	3009	0	1
2036	2	27	694	2649	0	1
2036	2	28	172	3013	0	1
2036	2	30	145	2961	0	1
2036	3	2	2	3066	0	1
2036	3	9	83	3048	0	1
2036	3	10	254	2895	0	1
2036	3	14	1832	2039	0	1
2036	3	16	88	3004	0	1
2036	3	17	140	3014	0	1
2036	3	18	598	2776	0	1
2036	3	21	68	3014	0	1
2036	3	24	1225	2340	0	1
2036	3	25	200	2994	0	1
2036	3	28	2	3066	0	1
2036	3	30	96	2997	0	1
2036	4	7	8	3064	0	1
2036	4	9	136	2964	0	1
2036	4	11	1	3066	0	1
2036	4	13	5	3065	0	1
2036	4	17	668	2632	0	1
2036	4	19	53	3018	0	1
2036	4	23	502	2762	0	1
2036	5	1	272	2859	0	1
2036	5	2	94	2998	0	1
2036	5	5	6	3071	0	1
2036	5	10	1	3067	0	1
2036	5	13	3	3065	0	1
2036	5	19	1925	1949	0	1
2036	5	25	1	3066	0	1
2036	5	31	5	3070	0	1
2036	6	1	9	3066	0	1
2036	6	3	7	3069	0	1
2036	6	7	9	3069	0	1
2036	6	13	4	3065	0	1
2036	6	15	2	3066	0	1
2036	6	27	24	3062	0	1
2036	6	31	6	3068	0	1
2036	7	3	11	3062	0	1
2036	8	1	3	3068	0	1
2036	8	7	17	3065	0	1
2036	8	25	11	3063	0	1
2036	8	29	1	3068	0	1
2036	11	7	2	3069	0	1
2036	12	14	11	3067	0	1
2036	12	15	2	3066	0	1
2036	12	19	2	3067	0	1
2036	12	21	5	3066	0	1
2036	12	22	16	3065	0	1
2036	12	23	3	3070	0	1
2036	12	24	1	3066	0	1
2036	12	30	6	3063	0	1
2036	13	1	7	3068	0	1
2036	13	2	2	3065	0	1
2036	13	5	1	3066	0	1
2036	13	7	1	3068	0	1
2036	13	10	1	3068	0	1
2036	13	11	1	3066	0	1
2036	13	12	1	3068	0	1
2036	13	15	1	3068	0	1
2036	13	16	1	3068	0	1
2036	13	24	2	3067	0	1
2036	13	27	4	3067	0	1
2036	13	28	7	3067	0	1
2036	13	30	1	3067	0	1
2036	14	4	703	2667	0	1
2036	14	9	14	3060	0	1
2036	14	16	1527	2293	0	1
2036	14	23	69	3000	0	1
2036	14	27	12	3060	0	1
2036	14	30	479	2629	0	1
2036	15	0	51	3020	0	1
2036	15	1	41	3043	0	1
2036	15	12	98	3001	0	1
2036	15	21	1070	2168	0	1
2036	15	26	617	2733	0	1
2036	16	7	10	3066	0	1
2036	16	13	5	3069	0	1
2036	16	15	2	3069	0	1
2036	16	19	34	3038	0	1
2036	16	26	204	2893	0	1
2036	17	1	667	2489	0	1
2036	17	2	667	2489	0	1
2036	17	11	8	3066	0	1
2036	17	31	10	3059	0	1
2036	18	1	18	3064	0	1
2036	19	7	667	2489	0	1
2037	0	2	17	3054	0	1
2037	0	3	21	3070	0	1
2037	0	6	79	3055	0	1
2037	0	7	1590	2134	0	1
2037	0	11	3	3066	0	1
2037	0	17	4	3068	0	1
2037	0	19	1	3067	0	1
2037	0	21	11	3068	0	1
2037	0	23	1	3067	0	1
2037	0	25	2	3067	0	1
2037	0	30	28	3063	0	1
2037	1	0	13	3065	0	1
2037	1	6	68	3047	0	1
2037	1	9	4	3068	0	1
2037	1	10	11	3069	0	1
2037	1	13	60	3064	0	1
2037	1	15	5	3065	0	1
2037	1	22	25	3059	0	1
2037	1	25	1	3067	0	1
2037	1	26	1	3067	0	1
2037	1	27	14	3063	0	1
2037	1	29	93	3054	0	1
2037	2	4	525	2777	0	1
2037	2	5	2	3066	0	1
2037	2	8	1	3066	0	1
2037	2	12	592	2722	0	1
2037	2	15	88	3004	0	1
2037	2	16	474	2798	0	1
2037	2	19	172	3013	0	1
2037	2	25	7	3064	0	1
2037	2	27	1976	1897	0	1
2037	3	1	153	3026	0	1
2037	3	2	2	3066	0	1
2037	3	4	90	2998	0	1
2037	3	9	78	3048	0	1
2037	3	10	292	2868	0	1
2037	3	14	1	3066	0	1
2037	3	16	88	3004	0	1
2037	3	17	114	3026	0	1
2037	3	18	702	2727	0	1
2037	3	21	178	2928	0	1
2037	3	24	1976	1897	0	1
2037	3	25	30	3054	0	1
2037	3	26	69	3016	0	1
2037	4	5	1021	2229	0	1
2037	4	7	8	3064	0	1
2037	4	13	5	3065	0	1
2037	4	16	53	3018	0	1
2037	4	19	136	2964	0	1
2037	4	23	1383	2259	0	1
2037	4	28	668	2632	0	1
2037	5	1	94	2998	0	1
2037	5	2	272	2859	0	1
2037	5	4	574	2701	0	1
2037	5	7	3	3069	0	1
2037	5	10	1	3067	0	1
2037	5	13	3	3065	0	1
2037	5	16	2	3068	0	1
2037	5	19	1925	1949	0	1
2037	5	20	6	3067	0	1
2037	6	14	56	3020	0	1
2037	6	18	3	3064	0	1
2037	6	21	282	2976	0	1
2037	6	22	276	2918	0	1
2037	8	7	17	3065	0	1
2037	8	25	11	3063	0	1
2037	8	30	1	3068	0	1
2037	9	2	1	3068	0	1
2037	10	4	1	3066	0	1
2037	12	2	1	3066	0	1
2037	12	4	1	3066	0	1
2037	12	6	79	3046	0	1
2037	12	13	1	3066	0	1
2037	12	14	4	3068	0	1
2037	12	15	3	3065	0	1
2037	12	19	2	3067	0	1
2037	12	21	5	3066	0	1
2037	12	22	16	3065	0	1
2037	12	23	3	3070	0	1
2037	12	24	1	3066	0	1
2037	12	30	8	3064	0	1
2037	13	1	8	3067	0	1
2037	13	2	1	3066	0	1
2037	13	5	1	3066	0	1
2037	13	6	1	3067	0	1
2037	13	7	1	3068	0	1
2037	13	10	1	3068	0	1
2037	13	12	1	3068	0	1
2037	13	15	1	3068	0	1
2037	13	19	1	3067	0	1
2037	13	21	2	3067	0	1
2037	13	24	2	3067	0	1
2037	13	28	9	3067	0	1
2037	13	30	2	3066	0	1
2037	14	4	57	3016	0	1
2037	14	5	1527	2293	0	1
2037	14	9	303	2967	0	1
2037	14	15	78	3026	0	1
2037	14	17	43	3059	0	1
2037	14	19	16	3060	0	1
2037	14	23	755	2570	0	1
2037	14	26	57	3044	0	1
2037	14	28	82	3001	0	1
2037	14	30	667	2489	0	1
2037	15	0	2163	1939	0	1
2037	15	1	41	3043	0	1
2037	15	2	140	2989	0	1
2037	15	4	268	2872	0	1
2037	15	6	1735	2109	0	1
2037	15	15	144	2949	0	1
2037	15	19	231	2876	0	1
2037	16	12	3	3068	0	1
2037	16	13	5	3069	0	1
2037	16	14	2	3066	0	1
2037	16	15	2	3069	0	1
2037	17	1	667	2489	0	1
2037	17	2	667	2489	0	1
2037	17	7	7	3064	0	1
2037	17	10	1	3068	0	1
2037	17	11	6	3068	0	1
2037	18	1	12	3064	0	1
2037	18	7	21	3060	0	1
2037	18	21	667	2489	0	1
2037	18	31	644	2506	0	1
2037	19	10	20	3054	0	1
2038	0	3	19	3065	0	1
2038	0	5	4	3067	0	1
2038	0	6	115	3048	0	1
2038	0	7	1788	2014	0	1
2038	0	13	31	3071	0	1
2038	0	17	2	3067	0	1
2038	0	19	3	3068	0	1
2038	0	20	5	3068	0	1
2038	0	25	3	3068	0	1
2038	0	27	7	3068	0	1
2038	0	29	17	3067	0	1
2038	0	30	45	3062	0	1
2038	0	31	43	3065	0	1
2038	1	3	12	3068	0	1
2038	1	4	12	3065	0	1
2038	1	5	60	3064	0	1
2038	1	11	34	3073	0	1
2038	1	17	11	3070	0	1
2038	1	19	8	3066	0	1
2038	1	21	29	3060	0	1
2038	1	22	38	3056	0	1
2038	1	23	9	3062	0	1
2038	1	25	1	3067	0	1
2038	1	26	1	3067	0	1
2038	1	27	7	3064	0	1
2038	1	28	3	3065	0	1
2038	1	29	53	3063	0	1
2038	1	30	15	3065	0	1
2038	2	1	40	3047	0	1
2038	2	2	106	3029	0	1
2038	2	4	817	2613	0	1
2038	2	8	3	3065	0	1
2038	2	11	506	2766	0	1
2038	2	12	797	2595	0	1
2038	2	13	68	3050	0	1
2038	2	16	815	2614	0	1
2038	2	17	12	3062	0	1
2038	2	19	173	3012	0	1
2038	2	25	181	3008	0	1
2038	2	27	1976	1897	0	1
2038	2	29	664	2636	0	1
2038	3	1	105	3030	0	1
2038	3	4	754	2561	0	1
2038	3	17	113	3022	0	1
2038	3	19	572	2702	0	1
2038	3	24	1162	2377	0	1
2038	3	25	30	3054	0	1
2038	3	26	600	2697	0	1
2038	4	9	178	2928	0	1
2038	4	13	1	3068	0	1
2038	4	19	178	2928	0	1
2038	4	23	1925	1949	0	1
2038	5	7	2	3068	0	1
2038	5	9	1	3066	0	1
2038	5	13	1	3067	0	1
2038	5	25	1	3066	0	1
2038	5	31	6	3069	0	1
2038	6	1	9	3066	0	1
2038	6	3	7	3069	0	1
2038	6	7	9	3069	0	1
2038	6	13	7	3064	0	1
2038	6	14	78	3005	0	1
2038	6	15	2	3066	0	1
2038	6	27	24	3062	0	1
2038	6	31	6	3068	0	1
2038	7	3	11	3062	0	1
2038	7	11	222	2956	0	1
2038	8	1	3	3068	0	1
2038	8	30	1	3068	0	1
2038	9	2	1	3068	0	1
2038	10	7	3	3068	0	1
2038	11	6	1	3067	0	1
2038	11	7	3	3068	0	1
2038	12	2	1	3066	0	1
2038	12	4	2	3067	0	1
2038	12	6	105	3043	0	1
2038	12	13	1	3066	0	1
2038	12	15	3	3065	0	1
2038	12	17	2	3067	0	1
2038	12	19	2	3067	0	1
2038	12	23	3	3070	0	1
2038	12	30	322	3010	0	1
2038	13	5	1	3066	0	1
2038	13	6	1	3067	0	1
2038	13	15	1	3068	0	1
2038	13	19	1	3067	0	1
2038	13	21	1	3067	0	1
2038	13	23	1	3067	0	1
2038	13	24	1	3066	0	1
2038	13	27	3	3067	0	1
2038	13	28	9	3067	0	1
2038	13	30	2	3066	0	1
2038	14	4	5	3062	0	1
2038	14	16	1527	2293	0	1
2038	14	26	57	3044	0	1
2038	14	27	31	3048	0	1
2038	14	28	37	3049	0	1
2038	15	0	45	3024	0	1
2038	15	2	140	2989	0	1
2038	15	4	268	2872	0	1
2038	15	6	1735	2109	0	1
2038	15	15	68	3016	0	1
2038	15	19	90	3000	0	1
2038	15	21	463	2663	0	1
2038	15	25	1370	2553	0	1
2038	16	13	2	3068	0	1
2038	16	15	1	3068	0	1
2038	17	10	11	3063	0	1
2038	17	25	463	2663	0	1
2038	17	31	11	3061	0	1
2038	18	1	79	3029	0	1
2038	18	7	21	3060	0	1
2038	19	0	663	2493	0	1
2039	0	2	2	3067	0	1
2039	0	5	8	3066	0	1
2039	0	6	49	3065	0	1
2039	0	7	1590	2134	0	1
2039	0	13	13	3068	0	1
2039	0	19	1	3068	0	1
2039	0	20	6	3070	0	1
2039	0	23	1	3067	0	1
2039	0	25	4	3067	0	1
2039	0	26	2	3066	0	1
2039	0	27	5	3067	0	1
2039	0	29	11	3068	0	1
2039	0	30	16	3066	0	1
2039	0	31	60	3064	0	1
2039	1	0	19	3065	0	1
2039	1	2	2	3066	0	1
2039	1	5	18	3066	0	1
2039	1	6	94	3046	0	1
2039	1	11	22	3064	0	1
2039	1	12	11	3064	0	1
2039	1	13	52	3063	0	1
2039	1	14	9	3068	0	1
2039	1	15	5	3065	0	1
2039	1	18	13	3070	0	1
2039	1	21	76	3054	0	1
2039	1	22	26	3061	0	1
2039	1	23	9	3062	0	1
2039	1	27	14	3062	0	1
2039	1	28	4	3064	0	1
2039	1	29	78	3055	0	1
2039	1	30	3	3066	0	1
2039	2	1	116	3023	0	1
2039	2	5	2	3066	0	1
2039	2	12	2187	1798	0	1
2039	2	13	28	3054	0	1
2039	2	15	88	3004	0	1
2039	2	16	127	2995	0	1
2039	2	18	37	3058	0	1
2039	2	20	292	2868	0	1
2039	2	24	88	3004	0	1
2039	2	25	96	3045	0	1
2039	2	26	391	2936	0	1
2039	2	28	173	3012	0	1
2039	3	1	99	3042	0	1
2039	3	2	2	3066	0	1
2039	3	21	178	2928	0	1
2039	4	5	2300	1590	0	1
2039	4	16	178	2928	0	1
2039	5	10	1	3067	0	1
2039	5	16	2	3068	0	1
2039	5	20	6	3067	0	1
2039	5	25	1834	2038	0	1
2039	5	31	9	3072	0	1
2039	6	1	6	3065	0	1
2039	6	3	3	3068	0	1
2039	6	7	5	3067	0	1
2039	6	13	4	3065	0	1
2039	6	14	154	2944	0	1
2039	6	15	2	3066	0	1
2039	6	18	4	3064	0	1
2039	6	22	617	2735	0	1
2039	7	11	327	2892	0	1
2039	8	29	1	3068	0	1
2039	8	30	1	3068	0	1
2039	11	7	1	3068	0	1
2039	11	26	1	3066	0	1
2039	12	2	27	3064	0	1
2039	12	3	1	3067	0	1
2039	12	4	1	3068	0	1
2039	12	6	150	3028	0	1
2039	12	13	1	3066	0	1
2039	12	14	11	3067	0	1
2039	12	26	6	3066	0	1
2039	13	4	1	3066	0	1
2039	13	5	1	3066	0	1
2039	13	6	1	3067	0	1
2039	13	12	1	3068	0	1
2039	13	16	1	3068	0	1
2039	13	24	2	3067	0	1
2039	13	28	8	3067	0	1
2039	13	30	1	3068	0	1
2039	14	4	703	2667	0	1
2039	14	5	1527	2293	0	1
2039	14	9	303	2967	0	1
2039	14	18	97	3054	0	1
2039	14	23	755	2570	0	1
2039	14	26	9	3064	0	1
2039	14	28	11	3063	0	1
2039	15	4	137	2970	0	1
2039	16	12	7	3065	0	1
2039	16	14	40	3049	0	1
2039	16	31	8	3067	0	1
2039	17	5	39	3048	0	1
2039	17	26	2450	1631	0	1
2039	18	21	667	2489	0	1
2039	19	9	91	3026	0	1
2039	19	10	295	2847	0	1
2040	0	2	1	3068	0	1
2040	0	3	16	3066	0	1
2040	0	6	48	3059	0	1
2040	0	7	2408	1672	0	1
2040	0	11	3	3066	0	1
2040	0	13	9	3067	0	1
2040	0	17	4	3068	0	1
2040	0	19	2	3068	0	1
2040	0	20	7	3068	0	1
2040	0	25	7	3070	0	1
2040	0	27	5	3068	0	1
2040	0	29	3	3068	0	1
2040	1	0	14	3065	0	1
2040	1	2	11	3071	0	1
2040	1	3	8	3067	0	1
2040	1	4	12	3065	0	1
2040	1	5	24	3067	0	1
2040	1	6	71	3052	0	1
2040	1	12	19	3061	0	1
2040	1	13	46	3072	0	1
2040	1	14	18	3065	0	1
2040	1	18	14	3069	0	1
2040	1	25	1	3067	0	1
2040	1	27	15	3062	0	1
2040	1	28	3	3064	0	1
2040	1	29	71	3062	0	1
2040	1	30	18	3065	0	1
2040	2	1	121	3029	0	1
2040	2	4	503	2773	0	1
2040	2	9	75	3039	0	1
2040	2	12	1648	2118	0	1
2040	2	15	88	3004	0	1
2040	2	16	626	2705	0	1
2040	2	17	44	3051	0	1
2040	2	18	38	3055	0	1
2040	2	20	230	2907	0	1
2040	2	24	88	3004	0	1
2040	2	25	181	3008	0	1
2040	2	26	391	2936	0	1
2040	2	28	173	3012	0	1
2040	2	29	235	2891	0	1
2040	2	31	1832	2039	0	1
2040	3	1	216	3003	0	1
2040	3	2	2	3066	0	1
2040	3	14	1832	2039	0	1
2040	3	16	88	3004	0	1
2040	3	18	702	2727	0	1
2040	3	19	343	2845	0	1
2040	3	24	1976	1897	0	1
2040	3	25	129	3017	0	1
2040	3	26	35	3047	0	1
2040	4	28	178	2928	0	1
2040	5	4	1925	1949	0	1
2040	5	10	1	3067	0	1
2040	5	19	1383	2259	0	1
2040	6	18	1	3066	0	1
2040	12	2	1	3066	0	1
2040	12	4	2	3067	0	1
2040	12	9	2	3068	0	1
2040	12	15	3	3065	0	1
2040	12	17	7	3069	0	1
2040	12	24	1	3066	0	1
2040	13	6	1	3067	0	1
2040	13	7	1	3068	0	1
2040	13	15	1	3068	0	1
2040	13	16	1	3068	0	1
2040	13	19	2	3066	0	1
2040	13	21	135	3040	0	1
2040	13	24	1	3066	0	1
2040	13	27	3	3067	0	1
2040	13	28	5	3067	0	1
2040	13	30	1	3067	0	1
2040	14	4	56	3017	0	1
2040	14	15	80	3024	0	1
2040	14	17	45	3057	0	1
2040	14	19	99	3011	0	1
2040	14	26	57	3044	0	1
2040	14	27	17	3058	0	1
2040	14	28	37	3049	0	1
2040	15	0	51	3020	0	1
2040	15	2	140	2989	0	1
2040	15	4	268	2872	0	1
2040	15	6	1735	2109	0	1
2040	15	15	617	2733	0	1
2040	15	19	231	2876	0	1
2040	15	26	144	2949	0	1
2040	16	31	1	3068	0	1
2040	17	7	7	3064	0	1
2040	18	21	842	2380	0	1
2041	0	3	16	3068	0	1
2041	0	11	2	3066	0	1
2041	0	19	4	3068	0	1
2041	0	20	11	3069	0	1
2041	0	23	1	3067	0	1
2041	0	25	4	3071	0	1
2041	0	26	1	3066	0	1
2041	0	29	13	3068	0	1
2041	0	30	25	3058	0	1
2041	0	31	41	3062	0	1
2041	1	2	2	3065	0	1
2041	1	3	8	3067	0	1
2041	1	6	43	3061	0	1
2041	1	11	21	3068	0	1
2041	1	12	9	3066	0	1
2041	1	13	60	3064	0	1
2041	1	14	10	3067	0	1
2041	1	15	4	3064	0	1
2041	1	18	21	3071	0	1
2041	1	26	1	3067	0	1
2041	1	27	12	3063	0	1
2041	1	29	76	3055	0	1
2041	2	2	202	2991	0	1
2041	2	5	2	3066	0	1
2041	2	8	3	3065	0	1
2041	2	9	45	3051	0	1
2041	2	13	53	3052	0	1
2041	2	17	75	3039	0	1
2041	2	18	223	2995	0	1
2041	2	20	1088	2352	0	1
2041	2	25	91	3033	0	1
2041	2	26	391	2936	0	1
2041	2	27	1533	2157	0	1
2041	2	28	173	3012	0	1
2041	3	4	750	2565	0	1
2041	3	16	50	3030	0	1
2041	3	17	140	3014	0	1
2041	3	19	206	2921	0	1
2041	3	21	178	2928	0	1
2041	3	25	200	2994	0	1
2041	3	26	600	2697	0	1
2041	3	28	2	3066	0	1
2041	3	30	178	2928	0	1
2041	4	9	95	2992	0	1
2041	4	11	1834	2038	0	1
2041	4	13	5	3065	0	1
2041	4	17	178	2928	0	1
2041	4	19	178	2928	0	1
2041	5	5	6	3071	0	1
2041	5	7	2	3068	0	1
2041	5	13	3	3065	0	1
2041	5	19	1925	1949	0	1
2041	6	31	4	3067	0	1
2041	7	3	10	3063	0	1
2041	8	25	11	3063	0	1
2041	8	29	1	3068	0	1
2041	11	7	3	3068	0	1
2041	12	19	2	3067	0	1
2041	12	23	3	3070	0	1
2041	12	24	1	3066	0	1
2041	12	28	19	3068	0	1
2041	13	5	1	3066	0	1
2041	13	6	1	3067	0	1
2041	13	7	1	3068	0	1
2041	13	12	1	3068	0	1
2041	13	14	1	3067	0	1
2041	13	15	1	3068	0	1
2041	13	16	1	3068	0	1
2041	13	24	2	3067	0	1
2041	13	27	4	3067	0	1
2041	13	28	8	3066	0	1
2041	13	30	2	3066	0	1
2041	14	4	45	3026	0	1
2041	14	9	14	3061	0	1
2041	14	23	88	2981	0	1
2041	14	24	1793	2207	0	1
2041	15	0	2163	1939	0	1
2041	15	2	133	2996	0	1
2041	15	4	263	2877	0	1
2041	15	6	1735	2109	0	1
2041	15	12	187	2924	0	1
2041	15	14	1735	2109	0	1
2041	15	26	617	2733	0	1
2041	16	7	6	3067	0	1
2041	16	13	19	3060	0	1
2041	16	15	7	3064	0	1
2041	16	26	463	2663	0	1
2041	17	11	16	3063	0	1
2042	0	18	3	3069	0	1
2042	0	19	8	3063	0	1
2042	0	24	1	3068	0	1
2042	0	27	14	3063	0	1
2042	1	0	2	3065	0	1
2042	1	1	4	3071	0	1
2042	1	2	4	3068	0	1
2042	1	3	4	3069	0	1
2042	1	8	9	3067	0	1
2042	1	9	16	3067	0	1
2042	1	11	6	3067	0	1
2042	2	0	5	3065	0	1
2042	2	1	56	3059	0	1
2042	2	2	22	3058	0	1
2042	2	9	63	3052	0	1
2042	2	16	1073	2363	0	1
2042	2	17	15	3056	0	1
2042	2	24	1573	1875	0	1
2042	7	0	10	3063	0	1
2042	7	1	266	2978	0	1
2042	7	8	10	3063	0	1
2042	13	0	1	3068	0	1
2042	13	1	3	3066	0	1
2042	13	2	1	3068	0	1
2042	13	3	3	3066	0	1
2042	13	8	5	3070	0	1
2042	13	9	6	3066	0	1
2042	13	16	4	3066	0	1
2042	13	17	12	3066	0	1
2042	17	0	14	3061	0	1
2043	0	16	2	3068	0	1
2043	0	17	4	3065	0	1
2043	0	18	2	3067	0	1
2043	0	25	7	3064	0	1
2043	0	26	5	3066	0	1
2043	1	0	6	3067	0	1
2043	1	1	2	3067	0	1
2043	1	2	1	3068	0	1
2043	1	3	13	3071	0	1
2043	1	10	5	3068	0	1
2043	1	16	4	3068	0	1
2043	1	17	2	3066	0	1
2043	1	18	10	3062	0	1
2043	1	19	1	3068	0	1
2043	1	20	23	3059	0	1
2043	1	21	21	3066	0	1
2043	1	23	10	3069	0	1
2043	1	24	15	3065	0	1
2043	1	25	3	3067	0	1
2043	1	31	25	3057	0	1
2043	2	1	61	3048	0	1
2043	2	2	49	3047	0	1
2043	2	3	30	3053	0	1
2043	2	10	70	3029	0	1
2043	2	11	42	3041	0	1
2043	2	16	201	2941	0	1
2043	2	17	112	3003	0	1
2043	2	24	353	2795	0	1
2043	5	16	5	3071	0	1
2043	5	17	35	3065	0	1
2043	6	0	6	3069	0	1
2043	6	2	63	3068	0	1
2043	7	0	1	3068	0	1
2043	7	1	2	3067	0	1
2043	12	2	2	3067	0	1
2043	12	23	1	3068	0	1
2043	12	31	2	3067	0	1
2043	13	3	1	3066	0	1
2043	13	8	1	3067	0	1
2043	13	11	1	3066	0	1
2043	13	16	2	3068	0	1
2043	13	17	8	3067	0	1
2043	13	24	16	3069	0	1
2043	13	25	70	3062	0	1
2043	14	0	42	3054	0	1
2043	17	0	2	3069	0	1
2044	0	0	6	3069	0	1
2044	0	1	5	3068	0	1
2044	0	8	10	3068	0	1
2044	0	16	4	3066	0	1
2044	0	17	2	3069	0	1
2044	0	18	3	3068	0	1
2044	0	19	4	3070	0	1
2044	0	24	7	3065	0	1
2044	0	25	2	3069	0	1
2044	1	0	6	3065	0	1
2044	1	1	4	3067	0	1
2044	1	2	6	3066	0	1
2044	1	3	4	3069	0	1
2044	1	8	12	3062	0	1
2044	1	9	8	3067	0	1
2044	1	11	10	3068	0	1
2044	1	16	1	3066	0	1
2044	1	18	15	3064	0	1
2044	1	19	5	3064	0	1
2044	1	20	3	3066	0	1
2044	1	21	49	3067	0	1
2044	1	22	7	3070	0	1
2044	1	23	5	3068	0	1
2044	1	24	1	3066	0	1
2044	1	27	11	3059	0	1
2044	1	29	115	3040	0	1
2044	1	30	11	3069	0	1
2044	2	16	702	2727	0	1
2044	2	24	1123	2417	0	1
2044	3	0	3049	953	0	1
2044	3	2	140	2979	0	1
2044	3	16	3627	486	0	1
2044	4	0	1	3066	0	1
2044	4	8	8	3064	0	1
2044	4	16	1	3067	0	1
2044	4	24	9	3064	0	1
2044	5	0	4	3066	0	1
2044	5	4	1	3066	0	1
2044	5	16	1	3067	0	1
2044	5	17	2	3065	0	1
2044	6	0	3	3064	0	1
2044	6	2	1	3067	0	1
2044	6	16	1	3068	0	1
2044	6	17	6	3068	0	1
2044	6	18	23	3061	0	1
2044	6	19	141	3040	0	1
2044	7	0	1	3066	0	1
2044	7	1	2	3069	0	1
2044	7	8	1	3066	0	1
2044	7	16	34	3037	0	1
2044	7	24	154	2944	0	1
2044	8	0	3	3068	0	1
2044	8	1	3	3068	0	1
2044	8	2	11	3063	0	1
2044	8	3	2148	1581	0	1
2044	8	16	847	2477	0	1
2044	12	24	1	3066	0	1
2044	12	31	1	3066	0	1
2044	13	16	1	3066	0	1
2044	13	24	1	3066	0	1
2044	14	0	97	3054	0	1
2044	14	16	31	3048	0	1
2044	14	17	88	3030	0	1
2044	15	0	1831	2052	0	1
2044	16	20	1	3068	0	1
2044	16	24	5	3066	0	1
2044	16	28	6	3064	0	1
2044	17	0	3	3067	0	1
2044	17	16	2	3066	0	1
2044	17	17	4	3064	0	1
2044	18	0	6	3067	0	1
2044	18	8	12	3064	0	1
2044	18	10	79	3029	0	1
2044	18	16	74	3028	0	1
2044	18	24	295	2847	0	1
2044	19	0	842	2380	0	1
2044	19	8	667	2489	0	1
2044	19	16	667	2489	0	1
2045	0	0	1	3068	0	1
2045	0	1	7	3068	0	1
2045	0	9	11	3066	0	1
2045	0	16	3	3066	0	1
2045	0	17	4	3066	0	1
2045	0	18	2	3067	0	1
2045	0	19	1	3068	0	1
2045	0	26	4	3068	0	1
2045	0	27	4	3066	0	1
2045	1	0	1	3066	0	1
2045	1	1	4	3068	0	1
2045	1	2	1	3067	0	1
2045	1	3	15	3064	0	1
2045	1	10	3	3069	0	1
2045	2	0	7	3064	0	1
2045	2	1	37	3058	0	1
2045	2	8	7	3064	0	1
2045	2	21	292	2868	0	1
2045	3	2	58	3044	0	1
2045	5	0	2	3068	0	1
2045	5	4	16	3065	0	1
2045	7	0	29	3051	0	1
2045	7	1	50	3042	0	1
2045	7	8	276	2918	0	1
2045	7	9	341	2884	0	1
2045	7	16	617	2735	0	1
2045	7	24	554	2754	0	1
2045	13	25	2	3065	0	1
2045	17	0	5	3066	0	1
2045	17	16	5	3065	0	1
2045	17	17	35	3051	0	1
2046	0	0	2	3068	0	1
2046	0	2	1	3068	0	1
2046	0	5	2408	1672	0	1
2046	0	15	1	3066	0	1
2046	0	25	17	3067	0	1
2046	0	27	11	3063	0	1
2046	1	0	122	3025	0	1
2046	1	3	24	3062	0	1
2046	1	5	7	3066	0	1
2046	1	6	4	3067	0	1
2046	1	16	62	3062	0	1
2046	1	17	110	3032	0	1
2046	1	26	168	3042	0	1
2046	1	28	11	3065	0	1
2046	1	30	98	3038	0	1
2046	2	0	940	2681	0	1
2046	2	2	30	3052	0	1
2046	2	4	73	3052	0	1
2046	2	13	19	3059	0	1
2046	2	15	328	2923	0	1
2046	2	25	97	2996	0	1
2046	2	27	1438	2335	0	1
2046	3	0	930	2599	0	1
2046	3	3	1653	2242	0	1
2046	3	5	1609	2280	0	1
2046	3	16	2	3066	0	1
2046	3	26	3627	486	0	1
2046	3	28	1554	2316	0	1
2046	3	30	1655	2241	0	1
2046	4	0	1655	2241	0	1
2046	4	2	1554	2316	0	1
2046	4	13	172	2933	0	1
2046	4	25	1554	2316	0	1
2046	4	27	1655	2241	0	1
2046	5	0	1248	2042	0	1
2046	5	3	3520	745	0	1
2046	5	5	2020	1868	0	1
2046	5	26	38	3074	0	1
2046	6	0	2	3066	0	1
2046	6	1	2	3066	0	1
2046	6	2	2	3066	0	1
2046	6	3	2	3066	0	1
2046	6	4	3	3070	0	1
2046	7	0	2	3066	0	1
2046	7	26	1356	2290	0	1
2046	8	27	1	3068	0	1
2046	9	0	1	3068	0	1
2046	9	3	1	3068	0	1
2046	9	5	1	3068	0	1
2046	9	28	1	3068	0	1
2046	9	30	1	3068	0	1
2046	10	0	1	3066	0	1
2046	10	4	3	3068	0	1
2046	11	5	1	3066	0	1
2046	11	16	2	3067	0	1
2046	11	17	3	3066	0	1
2046	11	28	1	3067	0	1
2046	12	0	2	3068	0	1
2046	12	2	1	3068	0	1
2046	12	6	16	3068	0	1
2046	12	7	11	3061	0	1
2046	12	11	1	3068	0	1
2046	12	15	7	3064	0	1
2046	12	20	2	3067	0	1
2046	12	21	2	3067	0	1
2046	12	22	23	3066	0	1
2046	12	23	3	3066	0	1
2046	12	24	3	3065	0	1
2046	12	25	18	3070	0	1
2046	12	27	9	3067	0	1
2046	13	0	97	3044	0	1
2046	13	3	24	3062	0	1
2046	13	5	8	3063	0	1
2046	13	6	3	3066	0	1
2046	13	16	1	3068	0	1
2046	13	17	19	3056	0	1
2046	13	26	46	3066	0	1
2046	13	27	5	3070	0	1
2046	13	28	26	3059	0	1
2046	13	30	60	3053	0	1
2046	14	0	914	2699	0	1
2046	14	2	27	3054	0	1
2046	14	3	5	3066	0	1
2046	14	4	2	3065	0	1
2046	14	6	783	2624	0	1
2046	14	7	61	3006	0	1
2046	14	11	2163	1939	0	1
2046	14	13	8	3063	0	1
2046	14	15	139	2985	0	1
2046	14	24	5	3064	0	1
2046	14	25	91	3001	0	1
2046	14	27	1238	2443	0	1
2046	15	0	902	2564	0	1
2046	15	3	1214	2446	0	1
2046	15	5	1889	2002	0	1
2046	15	16	866	2342	0	1
2046	15	28	1834	2038	0	1
2046	15	30	1929	1968	0	1
2046	16	0	1929	1968	0	1
2046	16	2	1834	2038	0	1
2046	16	13	572	2559	0	1
2046	16	25	1834	2038	0	1
2046	16	27	1929	1968	0	1
2046	16	28	5	3066	0	1
2046	17	0	1169	2155	0	1
2046	17	3	3895	386	0	1
2046	17	5	2300	1590	0	1
2046	17	9	10	3064	0	1
2046	17	10	10	3064	0	1
2046	17	21	14	3061	0	1
2046	18	28	2163	1924	0	1
2046	18	29	4	3064	0	1
2046	19	9	79	3021	0	1
2046	19	10	79	3021	0	1
2046	19	21	667	2489	0	1
2047	0	0	6	3069	0	1
2047	0	2	6	3069	0	1
2047	0	7	1469	2198	0	1
2047	0	8	2408	1672	0	1
2047	0	9	1469	2198	0	1
2047	0	10	1686	2016	0	1
2047	0	11	2408	1672	0	1
2047	0	12	9	3071	0	1
2047	0	13	15	3072	0	1
2047	0	14	12	3069	0	1
2047	0	25	33	3078	0	1
2047	0	26	13	3075	0	1
2047	1	0	104	3056	0	1
2047	1	3	73	3065	0	1
2047	1	4	16	3063	0	1
2047	1	5	38	3065	0	1
2047	1	16	61	3063	0	1
2047	1	17	126	3032	0	1
2047	1	28	18	3068	0	1
2047	1	30	81	3060	0	1
2047	2	0	526	2920	0	1
2047	2	2	122	3037	0	1
2047	2	12	145	3010	0	1
2047	2	14	119	3000	0	1
2047	2	24	68	3050	0	1
2047	2	25	418	2881	0	1
2047	2	26	378	2892	0	1
2047	3	0	803	2617	0	1
2047	3	3	469	2831	0	1
2047	3	5	427	2844	0	1
2047	3	30	3207	853	0	1
2047	4	13	1	3066	0	1
2047	4	14	8	3064	0	1
2047	4	25	12	3070	0	1
2047	4	26	1	3067	0	1
2047	5	0	18	3072	0	1
2047	5	3	21	3077	0	1
2047	5	5	4	3069	0	1
2047	5	16	2	3068	0	1
2047	5	17	9	3072	0	1
2047	5	28	2	3068	0	1
2047	5	30	5	3068	0	1
2047	6	0	71	3075	0	1
2047	6	2	7	3071	0	1
2047	6	12	65	3072	0	1
2047	6	14	9	3069	0	1
2047	6	24	4	3067	0	1
2047	6	25	167	3053	0	1
2047	6	26	6	3066	0	1
2047	7	0	215	2978	0	1
2047	7	3	466	2935	0	1
2047	7	4	5	3066	0	1
2047	7	5	7	3066	0	1
2047	7	16	617	2735	0	1
2047	7	17	685	2683	0	1
2047	7	28	4	3069	0	1
2047	7	30	4	3069	0	1
2047	8	0	3247	842	0	1
2047	8	12	830	2479	0	1
2047	8	14	17	3065	0	1
2047	8	25	847	2477	0	1
2047	10	0	3	3068	0	1
2047	10	1	3	3068	0	1
2047	10	2	3	3068	0	1
2047	11	0	3	3070	0	1
2047	11	3	3	3068	0	1
2047	11	4	3	3068	0	1
2047	11	5	1	3066	0	1
2047	11	6	3	3068	0	1
2047	12	12	3	3067	0	1
2047	12	25	8	3067	0	1
2047	13	0	38	3060	0	1
2047	13	3	19	3067	0	1
2047	13	4	1	3066	0	1
2047	13	5	2	3067	0	1
2047	13	16	3	3067	0	1
2047	13	17	87	3063	0	1
2047	13	28	1	3066	0	1
2047	13	30	9	3069	0	1
2047	14	0	130	3048	0	1
2047	14	2	25	3063	0	1
2047	14	12	21	3054	0	1
2047	14	24	3	3064	0	1
2047	14	25	322	2965	0	1
2047	14	26	54	3050	0	1
2047	15	0	310	2965	0	1
2047	15	3	1831	2052	0	1
2047	15	5	1645	2213	0	1
2047	16	21	6	3064	0	1
2047	17	8	20	3060	0	1
2047	17	11	1	3068	0	1
2047	17	16	2	3069	0	1
2047	17	17	10	3059	0	1
2047	17	21	14	3061	0	1
2047	17	24	2	3069	0	1
2047	17	25	48	3049	0	1
2047	18	7	17	3066	0	1
2047	18	9	4	3065	0	1
2047	18	10	88	3033	0	1
2047	18	12	13	3058	0	1
2047	18	21	2171	1920	0	1
2047	19	8	79	3021	0	1
2047	19	11	659	2493	0	1
2047	19	16	667	2489	0	1
2047	19	21	667	2489	0	1
2047	19	25	1516	1778	0	1
2048	0	2	1	3066	0	1
2048	0	23	1	3066	0	1
2048	0	30	3	3068	0	1
2048	1	7	4	3068	0	1
2048	1	8	1	3066	0	1
2048	1	14	1	3066	0	1
2048	1	15	3	3066	0	1
2048	1	22	2	3066	0	1
2048	1	23	1	3067	0	1
2048	1	25	6	3062	0	1
2048	1	26	9	3064	0	1
2048	1	27	2	3067	0	1
2048	1	31	7	3066	0	1
2048	2	5	1	3066	0	1
2048	2	7	151	3028	0	1
2048	2	9	4	3065	0	1
2048	2	11	1	3066	0	1
2048	2	12	12	3062	0	1
2048	2	13	20	3059	0	1
2048	2	15	2	3065	0	1
2048	2	26	173	3012	0	1
2048	2	27	132	2974	0	1
2048	4	1	178	2928	0	1
2048	10	20	1	3066	0	1
2048	11	17	1	3067	0	1
2048	11	25	1	3067	0	1
2048	13	27	31	3063	0	1
2048	13	31	3	3067	0	1
2048	14	0	4	3068	0	1
2048	14	1	1	3066	0	1
2048	14	2	34	3058	0	1
2048	14	3	7	3060	0	1
2048	14	8	5	3067	0	1
2048	14	9	1	3066	0	1
2048	14	10	918	2616	0	1
2048	14	11	581	2776	0	1
2048	14	20	7	3066	0	1
2048	14	21	90	3016	0	1
2048	15	0	9	3062	0	1
2048	15	1	16	3054	0	1
2048	15	3	1511	2306	0	1
2048	15	4	2	3066	0	1
2048	15	7	224	2870	0	1
2048	15	9	17	3053	0	1
2048	15	13	3	3064	0	1
2048	15	16	151	2952	0	1
2048	15	19	171	2937	0	1
2048	16	17	463	2663	0	1
2049	0	6	1	3067	0	1
2049	1	11	2	3066	0	1
2049	1	13	1	3068	0	1
2049	1	25	5	3065	0	1
2049	1	27	7	3065	0	1
2049	1	28	20	3064	0	1
2049	1	30	15	3065	0	1
2049	1	31	20	3065	0	1
2049	2	6	1	3066	0	1
2049	2	9	56	3050	0	1
2049	2	10	113	3024	0	1
2049	2	11	1	3067	0	1
2049	2	13	29	3055	0	1
2049	2	25	506	2766	0	1
2049	2	27	4	3063	0	1
2049	3	4	572	2702	0	1
2049	3	6	2	3066	0	1
2049	3	10	2	3066	0	1
2049	3	14	178	2928	0	1
2049	4	0	574	2701	0	1
2049	4	2	94	2998	0	1
2049	4	16	574	2701	0	1
2049	4	17	94	2998	0	1
2049	5	0	574	2701	0	1
2049	5	2	1021	2229	0	1
2049	8	16	1	3068	0	1
2049	9	0	1	3068	0	1
2049	9	16	1	3068	0	1
2049	12	10	1	3067	0	1
2049	12	27	1	3068	0	1
2049	12	29	1	3066	0	1
2049	12	31	3	3067	0	1
2049	13	10	1	3068	0	1
2049	13	11	2	3069	0	1
2049	13	15	2	3068	0	1
2049	13	16	1	3066	0	1
2049	13	19	1	3066	0	1
2049	13	20	1	3067	0	1
2049	13	23	1	3068	0	1
2049	13	27	46	3048	0	1
2049	13	29	2	3066	0	1
2049	13	31	19	3065	0	1
2049	14	0	1	3067	0	1
2049	14	1	2	3067	0	1
2049	14	3	3	3064	0	1
2049	14	8	2	3065	0	1
2049	14	9	9	3064	0	1
2049	14	10	3	3065	0	1
2049	14	11	3	3065	0	1
2049	14	17	5	3062	0	1
2049	14	20	30	3050	0	1
2049	14	21	4	3067	0	1
2049	15	0	4	3064	0	1
2049	15	2	77	3018	0	1
2049	15	4	5	3062	0	1
2049	15	6	2	3065	0	1
2049	15	10	93	3005	0	1
2049	15	13	4	3063	0	1
2049	15	14	58	3014	0	1
2049	15	16	56	3032	0	1
2049	16	0	204	2893	0	1
2049	16	16	204	2893	0	1
2049	17	0	3895	386	0	1
2050	0	10	1	3068	0	1
2050	0	14	1	3068	0	1
2050	0	15	3	3065	0	1
2050	0	21	2	3066	0	1
2050	0	31	7	3070	0	1
2050	1	4	2	3068	0	1
2050	1	6	4	3066	0	1
2050	1	15	10	3070	0	1
2050	1	18	7	3068	0	1
2050	1	25	2	3068	0	1
2050	1	27	2	3066	0	1
2050	1	28	9	3064	0	1
2050	1	29	5	3068	0	1
2050	1	31	26	3063	0	1
2050	2	4	63	3044	0	1
2050	2	11	27	3054	0	1
2050	2	15	14	3064	0	1
2050	2	19	2	3066	0	1
2050	2	31	64	3037	0	1
2050	3	6	94	2998	0	1
2050	3	14	55	3031	0	1
2050	3	18	94	2998	0	1
2050	5	0	1925	1949	0	1
2050	5	2	375	2708	0	1
2050	11	21	2	3067	0	1
2050	13	20	1	3067	0	1
2050	13	21	1	3066	0	1
2050	13	22	3	3068	0	1
2050	13	23	1	3066	0	1
2050	13	27	45	3064	0	1
2050	13	28	1	3067	0	1
2050	13	29	3	3066	0	1
2050	13	30	1	3068	0	1
2050	13	31	94	3053	0	1
2050	14	1	5	3062	0	1
2050	14	2	5	3066	0	1
2050	14	3	247	2989	0	1
2050	14	8	1	3066	0	1
2050	14	9	15	3062	0	1
2050	14	10	116	2971	0	1
2050	14	11	506	2792	0	1
2050	14	21	1	3066	0	1
2050	14	24	6	3065	0	1
2050	14	28	6	3063	0	1
2050	14	29	507	2792	0	1
2050	15	4	11	3060	0	1
2050	15	5	12	3062	0	1
2050	15	7	715	2589	0	1
2050	15	15	715	2589	0	1
2050	15	16	715	2457	0	1
2050	15	19	292	2793	0	1
2050	15	27	292	2793	0	1
2050	16	2	463	2663	0	1
2051	0	24	1	3067	0	1
2051	1	3	1	3066	0	1
2051	1	5	1	3068	0	1
2051	1	6	5	3066	0	1
2051	1	12	6	3064	0	1
2051	1	15	6	3065	0	1
2051	1	17	27	3065	0	1
2051	1	19	4	3065	0	1
2051	1	20	1	3067	0	1
2051	1	22	2	3067	0	1
2051	1	23	1	3066	0	1
2051	1	24	1	3067	0	1
2051	1	26	1	3067	0	1
2051	1	27	1	3066	0	1
2051	1	31	10	3065	0	1
2051	2	31	90	3002	0	1
2051	3	16	574	2701	0	1
2051	3	21	178	2928	0	1
2051	4	18	178	2928	0	1
2051	4	27	375	2708	0	1
2051	11	7	1	3066	0	1
2051	11	15	2	3067	0	1
2051	11	28	1	3067	0	1
2051	11	29	1	3066	0	1
2051	12	1	1	3066	0	1
2051	12	3	1	3066	0	1
2051	12	4	1	3067	0	1
2051	12	5	1	3066	0	1
2051	12	7	5	3069	0	1
2051	12	9	1	3068	0	1
2051	12	12	2	3067	0	1
2051	12	15	13	3067	0	1
2051	12	18	1	3068	0	1
2051	12	19	1	3066	0	1
2051	12	22	1	3066	0	1
2051	12	23	12	3068	0	1
2051	12	24	1	3066	0	1
2051	12	26	8	3067	0	1
2051	12	27	9	3066	0	1
2051	12	28	5	3070	0	1
2051	12	29	1	3067	0	1
2051	12	30	7	3068	0	1
2051	12	31	35	3062	0	1
2051	13	7	4	3069	0	1
2051	13	9	2	3066	0	1
2051	13	11	4	3065	0	1
2051	13	15	31	3063	0	1
2051	13	17	1	3066	0	1
2051	13	23	1	3066	0	1
2051	13	25	1	3067	0	1
2051	13	26	1	3068	0	1
2051	13	27	51	3055	0	1
2051	13	31	24	3064	0	1
2051	14	0	1	3066	0	1
2051	14	1	11	3061	0	1
2051	14	3	4	3064	0	1
2051	14	9	45	3024	0	1
2051	14	11	9	3064	0	1
2051	14	16	2	3065	0	1
2051	14	20	1	3066	0	1
2051	14	24	45	3024	0	1
2051	14	28	44	3027	0	1
2051	14	29	13	3057	0	1
2051	15	4	20	3055	0	1
2051	15	5	14	3059	0	1
2051	15	6	715	2457	0	1
2051	15	14	715	2457	0	1
2051	15	16	148	2928	0	1
2054	2	13	12	3073	0	1
2054	2	29	250	2924	0	1
2054	3	13	40	3039	0	1
2054	3	17	486	2628	0	1
2054	4	17	645	2618	0	1
2054	12	13	27	3054	0	1
2054	13	29	178	2928	0	1
2055	0	1	2	3068	0	1
2055	2	1	11	3068	0	1
2055	2	13	7	3070	0	1
2055	2	29	250	2924	0	1
2055	3	13	292	2882	0	1
2055	3	29	292	2882	0	1
2055	4	1	220	2982	0	1
2055	4	13	292	2882	0	1
2055	4	17	658	2603	0	1
2055	10	12	22	3067	0	1
2055	19	1	224	3019	0	1
2056	2	1	5	3068	0	1
2056	3	17	486	2628	0	1
2056	3	18	3390	791	0	1
2056	4	1	188	2987	0	1
2056	4	17	742	2547	0	1
2056	10	13	22	3067	0	1
2056	10	14	22	3067	0	1
2056	12	13	27	3054	0	1
2056	12	14	27	3054	0	1
2056	13	29	178	2928	0	1
2056	13	30	668	2632	0	1
2056	19	2	224	3019	0	1
2057	0	0	2	3068	0	1
2057	2	0	11	3068	0	1
2057	2	12	13	3074	0	1
2057	2	15	13	3074	0	1
2057	2	28	250	2924	0	1
2057	2	31	141	2989	0	1
2057	3	12	292	2882	0	1
2057	3	16	2970	1063	0	1
2057	3	28	292	2882	0	1
2057	3	31	68	3016	0	1
2057	4	0	220	2982	0	1
2057	4	12	292	2882	0	1
2057	4	15	219	2935	0	1
2057	4	16	1	3066	0	1
2057	4	19	1	3066	0	1
2058	0	23	529	2638	0	1
2058	2	15	1	3066	0	1
2058	2	21	1	3066	0	1
2058	4	15	105	3023	0	1
2058	5	31	504	2905	0	1
2058	15	15	3	3067	0	1
2058	19	0	224	3019	0	1
2059	0	18	34	3062	0	1
2059	0	22	2408	1672	0	1
2059	1	2	6	3062	0	1
2059	1	18	3	3065	0	1
2059	3	17	3390	791	0	1
2059	5	26	181	3044	0	1
2059	6	26	504	2905	0	1
2059	7	2	9	3072	0	1
2059	7	12	546	2915	0	1
2059	7	14	2	3066	0	1
2059	10	13	22	3067	0	1
2059	10	28	3	3068	0	1
2059	12	13	27	3054	0	1
2059	13	29	668	2632	0	1
2059	19	1	224	3019	0	1
2060	0	0	52	3056	0	1
2060	0	3	80	3053	0	1
2060	0	4	2	3069	0	1
2060	0	28	31	3071	0	1
2060	1	3	6	3062	0	1
2060	1	20	97	3030	0	1
2060	1	29	94	3046	0	1
2060	2	2	307	2954	0	1
2060	2	3	815	2614	0	1
2060	2	11	378	2892	0	1
2060	2	19	877	2572	0	1
2060	2	24	39	3072	0	1
2060	3	2	600	2697	0	1
2060	3	12	2	3066	0	1
2060	3	29	1	3066	0	1
2060	7	3	7	3070	0	1
2060	7	4	9	3067	0	1
2060	7	12	268	3005	0	1
2060	10	19	1	3068	0	1
2060	14	18	7	3065	0	1
2060	16	18	39	3050	0	1
2060	16	29	40	3049	0	1
2060	18	18	435	2719	0	1
2061	0	29	3	3065	0	1
2061	1	21	32	3058	0	1
2061	1	28	29	3063	0	1
2061	2	13	1589	2085	0	1
2061	2	28	53	3052	0	1
2061	5	28	2	3066	0	1
2061	6	29	173	3012	0	1
2061	6	30	216	3003	0	1
2061	8	14	13	3064	0	1
2061	9	15	19	3063	0	1
2061	9	22	55	3053	0	1
2061	10	6	2	3066	0	1
2061	10	22	3	3068	0	1
2061	16	15	4	3068	0	1
2061	16	31	52	3052	0	1
2062	0	1	52	3056	0	1
2062	0	13	3	3065	0	1
2062	0	19	15	3063	0	1
2062	0	22	981	2573	0	1
2062	0	23	2408	1672	0	1
2062	0	29	31	3071	0	1
2062	1	12	1	3066	0	1
2062	1	13	17	3067	0	1
2062	1	20	52	3056	0	1
2062	1	21	131	3026	0	1
2062	1	29	94	3046	0	1
2062	2	3	815	2614	0	1
2062	2	11	378	2892	0	1
2062	2	29	506	2766	0	1
2062	3	13	1	3067	0	1
2062	3	29	1	3066	0	1
2062	7	5	8	3066	0	1
2062	14	19	3	3065	0	1
2062	18	19	111	3013	0	1
2063	0	3	44	3054	0	1
2063	0	13	24	3065	0	1
2063	0	29	31	3071	0	1
2063	1	13	17	3067	0	1
2063	1	20	52	3056	0	1
2063	1	21	131	3026	0	1
2063	1	28	61	3062	0	1
2063	2	12	2408	1672	0	1
2063	2	13	6	3066	0	1
2063	2	19	2408	1672	0	1
2063	2	25	27	3071	0	1
2063	2	28	21	3072	0	1
2063	2	29	484	2778	0	1
2063	4	14	1031	2680	0	1
2063	4	30	220	2982	0	1
2063	5	28	2	3066	0	1
2063	7	5	9	3067	0	1
2063	7	13	378	2962	0	1
2063	8	14	26	3062	0	1
2063	8	19	1	3068	0	1
2063	9	14	21	3063	0	1
2063	9	22	55	3053	0	1
2063	10	6	2	3066	0	1
2063	10	22	3	3068	0	1
2063	12	30	1548	2041	0	1
2063	13	14	228	2902	0	1
2063	18	13	239	2899	0	1
2064	0	1	3	3066	0	1
2064	0	28	3	3065	0	1
2064	1	20	52	3056	0	1
2064	1	28	61	3062	0	1
2064	2	12	2408	1672	0	1
2064	2	20	1	3066	0	1
2064	2	29	506	2766	0	1
2064	3	3	343	2859	0	1
2064	5	27	136	3033	0	1
2064	5	28	2	3066	0	1
2064	6	27	504	2905	0	1
2064	7	28	511	2903	0	1
2064	8	14	13	3064	0	1
2064	9	14	19	3063	0	1
2064	9	22	55	3053	0	1
2064	10	6	2	3066	0	1
2064	10	19	1	3068	0	1
2064	10	22	3	3068	0	1
2064	10	29	3	3068	0	1
2064	16	14	4	3068	0	1
2064	16	30	52	3052	0	1
2065	0	1	52	3056	0	1
2065	0	13	24	3065	0	1
2065	0	23	2408	1672	0	1
2065	0	29	31	3071	0	1
2065	1	12	1	3066	0	1
2065	1	13	17	3067	0	1
2065	1	19	2	3066	0	1
2065	1	21	131	3026	0	1
2065	1	28	61	3062	0	1
2065	1	29	94	3046	0	1
2065	2	3	815	2614	0	1
2065	2	11	378	2892	0	1
2065	2	13	1	3067	0	1
2065	2	14	1	3066	0	1
2065	2	19	2408	1672	0	1
2065	2	28	53	3052	0	1
2065	3	3	600	2697	0	1
2065	3	29	1	3066	0	1
2065	4	14	1031	2680	0	1
2065	5	30	262	2982	0	1
2065	9	30	1	3068	0	1
2065	14	19	7	3065	0	1
2065	16	19	39	3050	0	1
2065	16	29	40	3049	0	1
2065	18	19	435	2719	0	1
2066	0	1	52	3056	0	1
2066	0	3	88	3047	0	1
2066	0	5	2	3069	0	1
2066	0	13	3	3065	0	1
2066	0	19	34	3062	0	1
2066	0	22	981	2573	0	1
2066	0	23	2408	1672	0	1
2066	0	28	3	3065	0	1
2066	0	29	31	3071	0	1
2066	1	3	6	3062	0	1
2066	1	13	17	3067	0	1
2066	1	19	3	3065	0	1
2066	1	21	131	3026	0	1
2066	1	29	94	3046	0	1
2066	2	3	815	2614	0	1
2066	2	11	378	2892	0	1
2066	2	12	1788	2014	0	1
2066	2	13	1	3067	0	1
2066	2	19	2408	1672	0	1
2066	2	25	31	3071	0	1
2066	2	29	506	2766	0	1
2066	3	3	600	2697	0	1
2066	3	12	3247	842	0	1
2066	3	13	2	3066	0	1
2066	3	29	1	3066	0	1
2066	5	9	3250	839	0	1
2066	5	27	136	3033	0	1
2066	5	30	504	2905	0	1
2066	6	27	504	2905	0	1
2066	6	28	173	3012	0	1
2066	6	30	216	3003	0	1
2066	7	3	9	3072	0	1
2066	7	5	9	3067	0	1
2066	7	13	378	2962	0	1
2066	7	15	2	3066	0	1
2066	8	19	1	3068	0	1
2066	8	29	1	3068	0	1
2066	10	19	1	3068	0	1
2066	10	29	3	3068	0	1
2066	12	30	292	2882	0	1
2066	13	14	228	2902	0	1
2066	14	19	3	3065	0	1
2066	15	14	3	3067	0	1
2066	16	19	5	3066	0	1
2066	16	29	6	3063	0	1
2066	18	13	49	3044	0	1
2066	18	19	111	3013	0	1
2067	0	1	37	3059	0	1
2067	0	3	44	3054	0	1
2067	0	5	2	3069	0	1
2067	0	19	34	3062	0	1
2067	0	22	1025	2273	0	1
2067	0	28	3	3065	0	1
2067	1	3	6	3062	0	1
2067	1	19	3	3065	0	1
2067	1	20	52	3056	0	1
2067	1	28	61	3062	0	1
2067	2	12	2408	1672	0	1
2067	2	13	1	3067	0	1
2067	2	20	1	3066	0	1
2067	2	25	31	3071	0	1
2067	2	28	24	3072	0	1
2067	2	29	506	2766	0	1
2067	3	12	3250	839	0	1
2067	3	13	2	3066	0	1
2067	4	14	122	3021	0	1
2067	4	30	220	2982	0	1
2067	5	27	85	3038	0	1
2067	5	28	2	3066	0	1
2067	5	30	504	2905	0	1
2067	6	14	511	2903	0	1
2067	6	28	173	3012	0	1
2067	6	30	216	3003	0	1
2067	7	3	9	3072	0	1
2067	7	5	9	3067	0	1
2067	7	13	546	2915	0	1
2067	7	15	2	3066	0	1
2067	7	28	511	2903	0	1
2067	8	14	26	3062	0	1
2067	8	19	1	3068	0	1
2067	8	24	511	2903	0	1
2067	9	14	21	3063	0	1
2067	9	22	55	3053	0	1
2067	9	30	1	3068	0	1
2067	10	6	2	3066	0	1
2067	10	22	3	3068	0	1
2067	12	30	292	2882	0	1
2067	13	14	228	2902	0	1
2067	16	14	2	3067	0	1
2067	16	30	5	3065	0	1
2067	18	13	239	2899	0	1
2080	0	8	38	3048	0	1
2080	0	22	135	2978	0	1
2080	0	25	459	2844	0	1
2080	0	26	1	3066	0	1
2080	0	27	297	2937	0	1
2080	0	30	4	3065	0	1
2080	1	0	138	2971	0	1
2080	1	20	121	2996	0	1
2080	2	8	1225	2594	0	1
2080	2	27	176	2982	0	1
2080	2	29	340	2886	0	1
2080	2	30	5	3063	0	1
2080	4	22	647	2612	0	1
2080	4	25	548	2651	0	1
2080	4	26	1295	2136	0	1
2080	4	27	490	2624	0	1
2080	4	30	557	2621	0	1
2080	5	0	3390	791	0	1
2080	5	20	986	2394	0	1
2080	6	12	217	2880	0	1
2080	6	27	190	2937	0	1
2080	6	30	1	3066	0	1
2080	10	8	3	3067	0	1
2080	10	22	65	3051	0	1
2080	10	26	239	3031	0	1
2080	10	30	239	3031	0	1
2080	11	0	65	3051	0	1
2080	11	20	95	3039	0	1
2080	12	8	44	3037	0	1
2080	12	22	112	3005	0	1
2080	12	26	1	3066	0	1
2080	13	0	112	3005	0	1
2080	13	20	124	3013	0	1
2080	16	22	32	3067	0	1
2080	16	25	98	3065	0	1
2080	16	26	87	3064	0	1
2080	16	27	48	3050	0	1
2080	16	30	98	3064	0	1
2080	17	20	10	3068	0	1
2080	18	30	333	2992	0	1
2080	20	30	321	2843	0	1
2080	50	14	2488	1677	0	1
2081	0	11	17	3063	0	1
2081	0	15	11	3063	0	1
2081	0	16	414	2905	0	1
2081	0	21	139	2974	0	1
2081	0	24	280	2936	0	1
2081	0	25	259	3036	0	1
2081	0	26	487	2834	0	1
2081	0	29	256	3033	0	1
2081	1	3	262	2981	0	1
2081	1	7	163	3013	0	1
2081	1	19	321	2969	0	1
2081	2	15	732	2626	0	1
2081	2	17	889	2641	0	1
2081	2	25	889	2641	0	1
2081	2	29	889	2641	0	1
2081	3	3	480	2799	0	1
2081	3	7	755	2694	0	1
2081	3	19	712	2726	0	1
2081	4	16	985	2270	0	1
2081	4	17	985	2270	0	1
2081	4	21	622	2594	0	1
2081	4	24	490	2624	0	1
2081	4	25	367	2745	0	1
2081	4	26	549	2651	0	1
2081	4	29	367	2745	0	1
2081	5	3	3215	852	0	1
2081	5	19	629	2582	0	1
2081	6	11	215	2948	0	1
2081	6	15	11	3056	0	1
2081	6	16	926	2565	0	1
2081	6	17	926	2565	0	1
2081	6	25	926	2565	0	1
2081	6	29	926	2565	0	1
2081	7	3	3166	877	0	1
2081	7	7	1328	2251	0	1
2081	7	19	1298	2268	0	1
2081	8	16	57	3065	0	1
2081	8	17	57	3065	0	1
2081	8	25	57	3065	0	1
2081	8	29	57	3065	0	1
2081	9	3	511	2903	0	1
2081	9	19	102	3040	0	1
2081	10	11	23	3073	0	1
2081	10	16	67	3051	0	1
2081	10	21	65	3051	0	1
2081	10	25	2	3067	0	1
2081	10	29	2	3067	0	1
2081	11	3	9	3067	0	1
2081	11	7	3	3068	0	1
2081	11	19	6	3069	0	1
2081	12	17	112	3005	0	1
2081	12	21	112	3005	0	1
2081	16	11	2	3068	0	1
2081	16	15	17	3064	0	1
2081	16	16	132	3066	0	1
2081	16	21	32	3067	0	1
2081	16	24	65	3062	0	1
2081	16	25	112	3062	0	1
2081	16	26	86	3060	0	1
2081	16	29	112	3062	0	1
2081	17	3	160	3051	0	1
2081	17	7	78	3062	0	1
2081	17	19	119	3064	0	1
2081	18	15	18	3063	0	1
2081	18	17	332	2988	0	1
2081	18	25	340	2980	0	1
2081	18	29	332	2988	0	1
2081	19	3	242	3004	0	1
2081	19	19	343	2982	0	1
2081	20	16	717	2609	0	1
2081	20	17	717	2609	0	1
2081	20	25	717	2609	0	1
2081	20	29	717	2609	0	1
2081	21	3	2927	949	0	1
2081	21	19	1225	2236	0	1
2082	0	1	1	3066	0	1
2082	0	13	16	3073	0	1
2082	0	17	2	3068	0	1
2082	0	21	28	3060	0	1
2082	0	29	44	3068	0	1
2082	1	1	2	3069	0	1
2082	2	1	166	2986	0	1
2082	2	13	889	2641	0	1
2082	2	29	34	3055	0	1
2082	3	13	34	3055	0	1
2082	4	2	1845	1799	0	1
2082	4	3	2491	1276	0	1
2082	9	31	1	3068	0	1
2082	12	31	18	3070	0	1
2082	16	31	1834	2038	0	1
2082	17	9	4	3070	0	1
2082	17	25	17	3065	0	1
2082	50	20	2488	1677	0	1
2082	50	21	2488	1677	0	1
2083	0	12	12	3073	0	1
2083	0	16	2	3066	0	1
2083	0	17	2	3067	0	1
2083	0	20	9	3066	0	1
2083	0	28	16	3068	0	1
2083	1	0	2	3066	0	1
2083	2	1	115	3021	0	1
2083	2	12	64	3030	0	1
2083	2	28	439	2824	0	1
2083	3	12	433	2827	0	1
2083	3	13	53	3047	0	1
2083	4	2	367	2745	0	1
2083	4	16	220	2982	0	1
2083	8	0	511	2858	0	1
2083	11	28	1	3067	0	1
2083	16	10	2	3068	0	1
2083	18	16	33	3061	0	1
2083	18	17	43	3063	0	1
2083	19	0	17	3068	0	1
2083	19	1	21	3068	0	1
2084	0	2	2	3066	0	1
2084	0	14	16	3073	0	1
2084	0	18	2	3067	0	1
2084	0	21	28	3060	0	1
2084	0	22	21	3061	0	1
2084	0	30	32	3069	0	1
2084	1	2	2	3069	0	1
2084	2	1	166	2986	0	1
2084	2	14	889	2641	0	1
2084	3	14	34	3055	0	1
2084	4	0	2887	1070	0	1
2084	9	28	1	3068	0	1
2084	11	29	1	3067	0	1
2084	12	28	18	3070	0	1
2084	16	28	1834	2038	0	1
2084	17	10	4	3070	0	1
2084	18	18	42	3064	0	1
2084	50	22	2488	1677	0	1
2085	0	3	1	3066	0	1
2085	0	15	9	3070	0	1
2085	2	3	189	2995	0	1
2085	2	15	356	2889	0	1
2085	2	31	172	2970	0	1
2085	4	1	367	2745	0	1
2085	4	19	177	2995	0	1
2085	7	0	1	3066	0	1
2085	7	3	1	3066	0	1
2085	7	16	1	3067	0	1
2085	7	19	1	3067	0	1
2085	8	29	1	3068	0	1
2085	9	29	1	3068	0	1
2085	12	30	3	3065	0	1
2085	16	29	93	2997	0	1
2085	16	30	69	3013	0	1
2085	50	20	2488	1677	0	1
2085	50	21	2488	1677	0	1
2086	0	0	2	3066	0	1
2086	0	5	57	3079	0	1
2086	0	12	9	3068	0	1
2086	0	13	1	3066	0	1
2086	0	20	14	3063	0	1
2086	0	21	104	3072	0	1
2086	0	25	12	3062	0	1
2086	0	28	10	3065	0	1
2086	1	0	2	3066	0	1
2086	1	5	303	2988	0	1
2086	1	13	79	3058	0	1
2086	1	23	240	3051	0	1
2086	1	27	35	3054	0	1
2086	1	29	59	3042	0	1
2086	1	31	18	3065	0	1
2086	2	12	57	3036	0	1
2086	3	12	74	3024	0	1
2086	3	27	413	2841	0	1
2086	3	31	1	3066	0	1
2086	4	2	1666	1920	0	1
2086	6	3	1	3066	0	1
2086	6	23	1	3068	0	1
2086	7	29	479	2911	0	1
2086	7	31	38	3064	0	1
2086	8	30	1	3068	0	1
2086	9	7	217	2880	0	1
2086	9	30	1	3068	0	1
2086	10	3	6	3068	0	1
2086	10	23	25	3072	0	1
2086	11	5	1	3066	0	1
2086	12	30	3	3065	0	1
2086	12	31	3	3069	0	1
2086	14	3	969	2594	0	1
2086	14	25	20	3066	0	1
2086	16	10	2	3068	0	1
2086	16	23	50	3062	0	1
2086	16	25	155	3032	0	1
2086	16	30	30	3048	0	1
2086	17	13	3	3067	0	1
2086	18	16	43	3063	0	1
2086	19	0	21	3068	0	1
2087	0	1	1	3067	0	1
2087	0	4	519	2893	0	1
2087	0	13	11	3069	0	1
2087	0	16	574	2830	0	1
2087	0	17	2	3068	0	1
2087	0	21	20	3061	0	1
2087	0	29	44	3068	0	1
2087	1	1	2	3066	0	1
2087	1	16	33	3044	0	1
2087	1	18	815	2614	0	1
2087	1	28	15	3068	0	1
2087	1	30	132	3047	0	1
2087	2	1	91	3027	0	1
2087	2	12	51	3058	0	1
2087	2	28	1468	2120	0	1
2087	2	29	34	3055	0	1
2087	3	16	1150	2277	0	1
2087	3	26	23	3073	0	1
2087	4	16	5	3063	0	1
2087	6	8	136	3033	0	1
2087	6	14	486	2628	0	1
2087	7	4	56	3050	0	1
2087	7	14	217	2880	0	1
2087	8	14	157	2936	0	1
2087	9	0	25	3072	0	1
2087	9	2	19	3063	0	1
2087	10	10	2	3067	0	1
2087	13	8	498	2902	0	1
2087	13	20	440	2750	0	1
2087	15	0	14	3060	0	1
2087	16	2	16	3061	0	1
2087	16	4	12	3067	0	1
2087	16	18	76	3038	0	1
2087	16	24	27	3069	0	1
2087	16	25	2	3068	0	1
2087	17	4	34	3065	0	1
2087	17	20	64	3059	0	1
2087	17	25	17	3065	0	1
2087	18	0	324	3021	0	1
2087	19	1	21	3068	0	1
2087	19	4	228	3006	0	1
2087	20	4	717	2609	0	1
2088	0	4	990	2735	0	1
2088	0	5	553	2883	0	1
2088	0	17	234	2983	0	1
2088	0	20	3	3065	0	1
2088	0	21	3	3067	0	1
2088	0	29	24	3065	0	1
2088	1	12	1218	2354	0	1
2088	1	16	1	3066	0	1
2088	1	17	1	3066	0	1
2088	1	18	811	2618	0	1
2088	1	19	237	2941	0	1
2088	1	28	17	3067	0	1
2088	1	29	15	3069	0	1
2088	2	4	389	2916	0	1
2088	2	12	94	3046	0	1
2088	2	18	451	2789	0	1
2088	2	19	556	2727	0	1
2088	3	10	1	3067	0	1
2088	3	16	419	2729	0	1
2088	3	17	2839	1096	0	1
2088	3	21	2250	1819	0	1
2088	3	24	52	3056	0	1
2088	3	25	10	3063	0	1
2088	4	9	87	3049	0	1
2088	4	15	211	2999	0	1
2088	4	30	34	3053	0	1
2088	5	0	486	2610	0	1
2088	9	3	16	3064	0	1
2088	10	6	17	3056	0	1
2088	11	14	13	3068	0	1
2088	11	16	16	3059	0	1
2088	11	17	25	3059	0	1
2088	11	31	4	3066	0	1
2088	12	31	6	3067	0	1
2088	14	6	2	3068	0	1
2088	14	17	41	3055	0	1
2088	15	1	214	3008	0	1
2088	15	5	4	3065	0	1
2088	15	16	63	3061	0	1
2088	16	18	7	3062	0	1
2088	16	23	175	3040	0	1
2088	18	2	76	3027	0	1
2088	18	21	1159	2645	0	1
2088	18	25	161	3040	0	1
2088	19	4	164	3033	0	1
2088	19	21	4	3065	0	1
2089	0	13	1	3066	0	1
2089	0	16	1	3067	0	1
2089	0	24	783	2772	0	1
2089	0	25	698	2777	0	1
2089	0	31	1	3067	0	1
2089	1	12	83	3060	0	1
2089	1	13	45	3062	0	1
2089	1	22	89	3053	0	1
2089	1	23	166	3050	0	1
2089	1	26	110	3030	0	1
2089	1	27	390	2952	0	1
2089	1	28	57	3043	0	1
2089	1	29	427	2933	0	1
2089	1	30	14	3065	0	1
2089	1	31	18	3065	0	1
2089	2	6	492	2878	0	1
2089	2	23	108	3026	0	1
2089	3	6	108	3026	0	1
2089	3	18	63	3007	0	1
2089	3	19	12	3058	0	1
2089	3	27	34	3055	0	1
2089	3	30	1	3066	0	1
2089	3	31	424	2903	0	1
2089	4	14	14	3068	0	1
2089	4	15	136	3033	0	1
2089	4	28	59	3030	0	1
2089	4	29	59	3030	0	1
2089	4	31	56	3026	0	1
2089	5	0	482	2822	0	1
2089	5	13	486	2628	0	1
2089	5	16	2125	1888	0	1
2089	6	22	9	3067	0	1
2089	6	31	419	2729	0	1
2089	7	2	3	3066	0	1
2089	7	14	130	3071	0	1
2089	7	29	504	2905	0	1
2089	8	30	3	3067	0	1
2089	8	31	5	3069	0	1
2089	9	6	132	2960	0	1
2089	10	9	5	3065	0	1
2089	10	24	7	3069	0	1
2089	11	3	3	3065	0	1
2089	11	9	18	3070	0	1
2089	11	24	35	3063	0	1
2089	12	9	197	3006	0	1
2089	12	24	255	2919	0	1
2089	13	9	2540	1332	0	1
2089	13	24	2264	1524	0	1
2089	14	10	4	3065	0	1
2089	14	11	35	3072	0	1
2089	14	25	15	3070	0	1
2089	14	27	2	3067	0	1
2089	15	10	6	3069	0	1
2089	16	15	43	3048	0	1
2089	16	16	9	3064	0	1
2089	16	17	239	2899	0	1
2089	16	25	202	3017	0	1
2089	17	10	527	2905	0	1
2089	17	11	13	3060	0	1
2089	17	15	16	3061	0	1
2089	18	6	59	3064	0	1
2089	18	8	110	3049	0	1
2089	19	23	10	3071	0	1
2090	0	5	990	2735	0	1
2090	0	17	762	2740	0	1
2090	0	20	53	3070	0	1
2090	0	30	11	3071	0	1
2090	1	19	535	2776	0	1
2090	1	22	231	3056	0	1
2090	1	26	93	3043	0	1
2090	1	28	49	3044	0	1
2090	1	29	6	3065	0	1
2090	1	30	16	3066	0	1
2090	2	5	354	2907	0	1
2090	2	6	498	2898	0	1
2090	2	8	1	3066	0	1
2090	2	13	35	3058	0	1
2090	2	15	1202	2614	0	1
2090	2	23	1255	2318	0	1
2090	2	30	411	2922	0	1
2090	2	31	1	3066	0	1
2090	3	6	1225	2594	0	1
2090	3	14	92	3051	0	1
2090	3	18	82	2990	0	1
2090	4	13	1	3066	0	1
2090	4	30	1834	2038	0	1
2090	5	1	3166	877	0	1
2090	5	13	220	2982	0	1
2090	6	9	101	3033	0	1
2090	6	15	2382	1431	0	1
2090	6	17	145	2949	0	1
2090	7	5	113	3018	0	1
2090	7	14	4	3066	0	1
2090	8	29	26	3062	0	1
2090	9	1	8	3071	0	1
2090	9	3	21	3063	0	1
2090	9	25	29	3068	0	1
2090	10	7	15	3057	0	1
2090	10	11	7	3067	0	1
2090	11	15	511	2903	0	1
2090	12	31	185	3055	0	1
2090	13	4	7	3067	0	1
2090	13	21	252	2888	0	1
2090	14	3	3	3068	0	1
2090	15	6	3	3066	0	1
2090	16	3	2	3067	0	1
2090	16	5	14	3065	0	1
2090	16	15	8	3066	0	1
2090	16	19	5	3063	0	1
2090	16	25	11	3069	0	1
2090	17	5	34	3065	0	1
2090	17	21	19	3064	0	1
2090	18	3	435	2719	0	1
2090	18	8	3	3067	0	1
2090	18	15	88	3065	0	1
2090	18	25	25	3065	0	1
2090	19	5	46	3056	0	1
2090	19	6	41	3070	0	1
2090	20	5	2927	949	0	1
2091	0	5	851	2794	0	1
2091	0	12	1	3066	0	1
2091	0	16	1	3067	0	1
2091	0	24	688	2808	0	1
2091	1	12	27	3069	0	1
2091	1	17	1	3066	0	1
2091	1	19	376	2836	0	1
2091	1	22	152	3050	0	1
2091	1	26	74	3046	0	1
2091	1	28	18	3066	0	1
2091	1	29	9	3065	0	1
2091	1	30	5	3065	0	1
2091	2	19	600	2697	0	1
2091	2	22	300	2942	0	1
2091	2	29	2408	1672	0	1
2091	2	30	374	2937	0	1
2091	3	1	72	3016	0	1
2091	3	6	1225	2594	0	1
2091	3	14	4	3064	0	1
2091	3	17	2133	1617	0	1
2091	3	18	217	2880	0	1
2091	3	25	49	3057	0	1
2091	3	26	55	3035	0	1
2091	3	30	1	3066	0	1
2091	4	13	1	3066	0	1
2091	4	14	107	3045	0	1
2091	4	15	222	2994	0	1
2091	4	28	469	2793	0	1
2091	4	30	1	3066	0	1
2091	4	31	81	3046	0	1
2091	5	1	419	2729	0	1
2091	5	12	3390	791	0	1
2091	6	2	17	3056	0	1
2091	6	14	25	3061	0	1
2091	6	17	31	3046	0	1
2091	6	22	9	3067	0	1
2091	6	30	2409	1414	0	1
2091	7	2	4	3066	0	1
2091	7	14	90	3057	0	1
2091	7	28	357	2954	0	1
2091	7	30	29	3068	0	1
2091	8	12	511	2903	0	1
2091	8	29	13	3064	0	1
2091	9	6	250	2872	0	1
2091	9	25	38	3064	0	1
2091	10	8	3	3064	0	1
2091	10	11	9	3067	0	1
2091	10	22	25	3072	0	1
2091	10	24	7	3069	0	1
2091	11	24	35	3063	0	1
2091	12	8	6	3064	0	1
2091	12	24	255	2919	0	1
2091	12	30	186	3033	0	1
2091	13	4	7	3067	0	1
2091	13	24	297	2877	0	1
2091	14	24	28	3068	0	1
2091	14	26	2	3067	0	1
2091	16	1	28	3067	0	1
2091	16	3	2	3067	0	1
2091	16	5	13	3065	0	1
2091	16	14	3	3067	0	1
2091	16	16	44	3047	0	1
2091	16	24	207	3030	0	1
2091	16	25	15	3070	0	1
2091	17	1	41	3070	0	1
2091	17	5	29	3066	0	1
2091	17	14	3	3067	0	1
2091	17	21	104	3063	0	1
2091	18	6	88	3059	0	1
2091	18	8	107	3048	0	1
2091	18	25	202	3017	0	1
2091	19	21	239	2995	0	1
2092	0	4	39	3066	0	1
2092	0	16	1	3067	0	1
2092	0	17	387	2915	0	1
2092	0	21	4	3066	0	1
2092	0	24	1220	2597	0	1
2092	0	29	24	3065	0	1
2092	0	30	3	3065	0	1
2092	1	12	69	3064	0	1
2092	1	26	108	3038	0	1
2092	1	28	427	2933	0	1
2092	1	30	18	3065	0	1
2092	1	31	18	3066	0	1
2092	2	5	524	2860	0	1
2092	2	15	1202	2614	0	1
2092	2	30	411	2922	0	1
2092	2	31	1	3066	0	1
2092	3	11	1	3067	0	1
2092	3	14	64	3043	0	1
2092	4	14	72	3051	0	1
2092	4	28	506	2766	0	1
2092	4	30	12	3057	0	1
2092	4	31	64	3043	0	1
2092	5	12	399	2809	0	1
2092	6	2	12	3059	0	1
2092	6	14	53	3059	0	1
2092	6	15	1359	2190	0	1
2092	6	17	49	3035	0	1
2092	6	22	9	3067	0	1
2092	7	2	2	3067	0	1
2092	7	30	38	3064	0	1
2092	8	29	9	3064	0	1
2092	9	1	25	3072	0	1
2092	10	22	25	3072	0	1
2092	11	8	1	3067	0	1
2092	12	30	2	3068	0	1
2092	13	4	7	3067	0	1
2092	14	24	15	3070	0	1
2092	14	26	2	3067	0	1
2092	16	14	43	3048	0	1
2092	16	16	239	2899	0	1
2092	16	19	10	3059	0	1
2092	16	22	45	3065	0	1
2092	16	24	202	3017	0	1
2092	17	12	3	3067	0	1
2092	17	14	16	3061	0	1
2092	19	22	42	3077	0	1
2093	0	4	57	3079	0	1
2093	0	17	214	2960	0	1
2093	0	20	104	3072	0	1
2093	0	30	11	3071	0	1
2093	1	4	339	2962	0	1
2093	1	17	1	3066	0	1
2093	1	28	45	3043	0	1
2093	1	29	17	3067	0	1
2093	1	31	13	3067	0	1
2093	2	5	762	2740	0	1
2093	2	13	94	3046	0	1
2093	2	15	28	3058	0	1
2093	2	23	1	3066	0	1
2093	2	31	1	3066	0	1
2093	3	1	1	3066	0	1
2093	3	30	665	2804	0	1
2093	4	15	411	2922	0	1
2093	4	30	1834	2038	0	1
2093	5	0	134	3028	0	1
2093	5	1	419	2729	0	1
2093	6	2	17	3056	0	1
2093	6	9	136	3033	0	1
2093	6	14	197	3019	0	1
2093	6	15	486	2628	0	1
2093	6	17	49	3035	0	1
2093	6	30	2952	1017	0	1
2093	7	2	4	3066	0	1
2093	7	14	27	3061	0	1
2093	8	30	5	3069	0	1
2093	9	25	25	3066	0	1
2093	10	2	6	3068	0	1
2093	14	2	969	2594	0	1
2093	14	3	3	3065	0	1
2093	15	17	63	3061	0	1
2093	16	1	28	3067	0	1
2093	16	3	16	3061	0	1
2093	16	5	13	3066	0	1
2093	16	15	1	3068	0	1
2093	16	16	48	3045	0	1
2093	16	19	76	3038	0	1
2093	16	22	50	3062	0	1
2093	16	23	175	3040	0	1
2093	16	25	8	3066	0	1
2093	17	1	41	3070	0	1
2093	18	3	76	3024	0	1
2093	18	15	68	3065	0	1
2094	0	5	990	2735	0	1
2094	0	12	1	3066	0	1
2094	0	16	1	3067	0	1
2094	0	17	418	2903	0	1
2094	0	20	77	3068	0	1
2094	0	24	749	2775	0	1
2094	0	29	2	3066	0	1
2094	1	4	286	2979	0	1
2094	1	17	1	3066	0	1
2094	1	19	815	2614	0	1
2094	1	22	136	3045	0	1
2094	1	26	106	3041	0	1
2094	1	28	32	3053	0	1
2094	1	29	17	3067	0	1
2094	1	30	8	3067	0	1
2094	1	31	10	3069	0	1
2094	2	5	120	3017	0	1
2094	2	13	19	3062	0	1
2094	2	23	1	3066	0	1
2094	2	29	226	2937	0	1
2094	3	18	217	2880	0	1
2094	3	21	2250	1819	0	1
2094	4	13	1	3066	0	1
2094	4	14	38	3058	0	1
2094	4	15	221	2979	0	1
2094	5	0	236	2989	0	1
2094	5	1	371	2807	0	1
2094	5	13	24	3052	0	1
2094	6	9	16	3063	0	1
2094	6	15	334	2847	0	1
2094	6	22	1	3068	0	1
2094	8	29	13	3064	0	1
2094	9	1	16	3071	0	1
2094	9	3	19	3063	0	1
2094	9	25	38	3064	0	1
2094	10	11	2	3067	0	1
2094	10	24	6	3068	0	1
2094	11	2	3	3065	0	1
2094	11	4	1	3066	0	1
2094	11	8	18	3070	0	1
2094	12	30	55	3064	0	1
2094	13	8	36	3041	0	1
2094	13	9	444	2924	0	1
2094	13	21	252	2888	0	1
2094	14	3	3	3065	0	1
2094	14	10	4	3065	0	1
2094	14	26	1	3066	0	1
2094	15	6	2	3067	0	1
2094	15	10	2	3069	0	1
2094	16	3	1	3067	0	1
2094	16	5	12	3067	0	1
2094	16	15	1	3066	0	1
2094	16	19	11	3059	0	1
2094	16	25	15	3070	0	1
2094	17	5	34	3065	0	1
2094	17	10	21	3061	0	1
2094	17	21	104	3063	0	1
2094	18	3	89	3020	0	1
2094	18	6	88	3059	0	1
2094	18	15	85	3064	0	1
2094	18	21	1159	2645	0	1
2094	18	25	202	3017	0	1
2094	19	5	228	3006	0	1
2094	19	21	239	2995	0	1
2094	20	5	717	2609	0	1
2095	0	4	27	3069	0	1
2095	0	5	655	2859	0	1
2095	0	12	1	3066	0	1
2095	0	17	762	2740	0	1
2095	0	20	31	3072	0	1
2095	0	21	4	3066	0	1
2095	0	24	12	3062	0	1
2095	1	4	320	2965	0	1
2095	1	12	83	3060	0	1
2095	1	17	1	3066	0	1
2095	1	19	484	2784	0	1
2095	1	22	240	3051	0	1
2095	1	26	390	2952	0	1
2095	1	28	48	3047	0	1
2095	1	30	6	3067	0	1
2095	1	31	12	3068	0	1
2095	2	5	364	2920	0	1
2095	2	6	1225	2594	0	1
2095	2	15	29	3056	0	1
2095	2	19	600	2697	0	1
2095	2	23	1	3066	0	1
2095	2	29	2408	1672	0	1
2095	2	31	1	3066	0	1
2095	3	6	1225	2594	0	1
2095	3	14	9	3062	0	1
2095	3	17	419	2729	0	1
2095	3	18	11	3059	0	1
2095	3	25	52	3056	0	1
2095	3	26	34	3055	0	1
2095	3	27	23	3073	0	1
2095	3	30	67	3041	0	1
2095	4	9	94	3046	0	1
2095	4	14	136	3033	0	1
2095	4	15	115	3025	0	1
2095	4	28	506	2766	0	1
2095	4	31	56	3049	0	1
2095	5	12	486	2628	0	1
2095	6	2	1	3067	0	1
2095	6	30	419	2729	0	1
2095	7	2	4	3066	0	1
2095	7	5	113	3018	0	1
2095	7	14	130	3071	0	1
2095	7	28	504	2905	0	1
2095	7	30	27	3067	0	1
2095	8	30	2	3067	0	1
2095	9	6	217	2880	0	1
2095	9	25	14	3070	0	1
2095	10	7	17	3056	0	1
2095	10	8	5	3065	0	1
2095	10	24	7	3069	0	1
2095	11	2	3	3065	0	1
2095	11	8	18	3070	0	1
2095	11	15	477	2915	0	1
2095	11	17	25	3059	0	1
2095	11	24	35	3063	0	1
2095	11	31	4	3066	0	1
2095	12	8	96	3030	0	1
2095	12	24	255	2919	0	1
2095	12	30	55	3064	0	1
2095	12	31	6	3067	0	1
2095	13	8	297	2877	0	1
2095	13	24	297	2877	0	1
2095	14	3	3	3068	0	1
2095	14	7	2	3068	0	1
2095	14	17	41	3055	0	1
2095	15	1	214	3008	0	1
2095	15	5	2	3066	0	1
2095	16	14	6	3067	0	1
2095	16	15	2	3067	0	1
2095	16	16	10	3064	0	1
2095	16	24	66	3051	0	1
2095	17	10	15	3064	0	1
2095	17	14	5	3065	0	1
2095	18	1	324	3021	0	1
2095	18	3	435	2719	0	1
2095	18	8	110	3049	0	1
2095	18	15	88	3065	0	1
2095	19	6	41	3070	0	1
2096	0	11	3	3068	0	1
2096	0	17	7	3069	0	1
2096	0	19	3	3068	0	1
2096	0	21	450	2907	0	1
2096	0	22	311	2949	0	1
2096	0	26	12	3076	0	1
2096	0	28	6	3067	0	1
2096	0	30	124	3026	0	1
2096	1	0	34	3066	0	1
2096	1	1	13	3072	0	1
2096	1	3	1	3066	0	1
2096	1	4	7	3066	0	1
2096	1	10	155	3060	0	1
2096	1	11	101	3017	0	1
2096	1	12	7	3066	0	1
2096	1	18	2	3066	0	1
2096	1	19	83	3065	0	1
2096	1	21	23	3060	0	1
2096	1	25	1	3067	0	1
2096	1	28	9	3066	0	1
2096	1	30	23	3060	0	1
2096	2	2	31	3059	0	1
2096	2	11	1786	1657	0	1
2096	2	16	57	3041	0	1
2096	2	26	256	2947	0	1
2096	2	28	739	2642	0	1
2096	2	30	795	2494	0	1
2096	3	0	87	3033	0	1
2096	3	4	34	3055	0	1
2096	3	6	8	3066	0	1
2096	3	7	132	3015	0	1
2096	3	12	87	3033	0	1
2096	3	15	455	2806	0	1
2096	3	21	843	2435	0	1
2096	3	26	860	2569	0	1
2096	3	28	1232	2374	0	1
2096	4	7	103	3044	0	1
2096	4	10	1	3066	0	1
2096	4	25	1	3066	0	1
2096	5	10	2	3065	0	1
2096	6	15	232	3012	0	1
2096	6	23	2175	1558	0	1
2096	6	30	148	2950	0	1
2096	7	14	144	3036	0	1
2096	7	25	25	3052	0	1
2096	7	26	217	2880	0	1
2096	9	28	18	3064	0	1
2096	10	13	3	3068	0	1
2096	10	22	10	3066	0	1
2096	11	3	4	3067	0	1
2096	11	8	1	3067	0	1
2096	11	9	4	3064	0	1
2096	11	10	33	3070	0	1
2096	11	13	9	3063	0	1
2096	11	18	2	3067	0	1
2096	11	22	6	3067	0	1
2096	12	20	18	3055	0	1
2096	12	25	13	3059	0	1
2096	13	9	22	3054	0	1
2096	13	18	43	3047	0	1
2096	16	12	2	3068	0	1
2096	16	13	4	3070	0	1
2096	16	14	17	3065	0	1
2096	16	23	11	3064	0	1
2096	16	28	9	3066	0	1
2096	17	0	17	3064	0	1
2096	17	6	88	3065	0	1
2096	17	24	2	3068	0	1
2096	18	1	41	3070	0	1
2096	18	18	41	3070	0	1
2096	19	30	66	3009	0	1
2096	20	0	66	3009	0	1
2097	0	12	13	3067	0	1
2097	0	22	400	2922	0	1
2097	0	28	9	3068	0	1
2097	0	29	71	3061	0	1
2097	0	31	13	3065	0	1
2097	1	1	16	3074	0	1
2097	1	2	35	3068	0	1
2097	1	5	103	2989	0	1
2097	1	11	101	3017	0	1
2097	1	13	73	3032	0	1
2097	1	17	1	3066	0	1
2097	1	24	2	3066	0	1
2097	1	28	24	3067	0	1
2097	2	11	46	3048	0	1
2097	2	17	170	2999	0	1
2097	2	28	374	2866	0	1
2097	2	31	946	2711	0	1
2097	3	1	33	3042	0	1
2097	3	4	53	3022	0	1
2097	3	7	962	2705	0	1
2097	3	9	6	3066	0	1
2097	3	12	81	3039	0	1
2097	3	15	1232	2374	0	1
2097	3	26	1089	2454	0	1
2097	4	10	1	3066	0	1
2097	7	25	49	3035	0	1
2097	9	26	13	3064	0	1
2097	9	28	19	3063	0	1
2097	10	14	6	3064	0	1
2097	10	21	2	3065	0	1
2097	10	26	2	3067	0	1
2097	11	0	7	3064	0	1
2097	11	5	6	3064	0	1
2097	11	8	4	3065	0	1
2097	11	9	1	3066	0	1
2097	11	10	36	3070	0	1
2097	12	3	18	3055	0	1
2097	12	20	11	3060	0	1
2097	13	10	511	2784	0	1
2097	16	28	21	3063	0	1
2097	17	13	17	3065	0	1
2097	17	19	43	3071	0	1
2097	17	28	38	3068	0	1
2097	18	9	154	3046	0	1
2097	18	27	42	3077	0	1
2097	19	19	411	2759	0	1
2098	0	5	34	3067	0	1
2098	0	7	35	3051	0	1
2098	0	13	18	3066	0	1
2098	0	16	9	3069	0	1
2098	0	20	507	2881	0	1
2098	0	26	257	3051	0	1
2098	0	27	12	3077	0	1
2098	0	28	44	3055	0	1
2098	0	30	1218	2599	0	1
2098	0	31	121	3021	0	1
2098	1	0	11	3074	0	1
2098	1	1	33	3068	0	1
2098	1	3	39	3067	0	1
2098	1	5	6	3067	0	1
2098	1	7	131	3026	0	1
2098	1	11	162	3064	0	1
2098	1	12	40	3047	0	1
2098	1	19	2	3068	0	1
2098	1	25	1	3067	0	1
2098	2	3	475	2826	0	1
2098	2	8	139	3024	0	1
2098	2	11	1231	2593	0	1
2098	2	16	717	2730	0	1
2098	2	18	49	3042	0	1
2098	2	20	1225	2594	0	1
2098	2	27	480	2856	0	1
2098	2	28	298	2889	0	1
2098	2	30	962	2705	0	1
2098	3	0	326	2899	0	1
2098	3	3	53	3022	0	1
2098	3	6	124	3024	0	1
2098	3	14	1103	2447	0	1
2098	3	20	2083	1543	0	1
2098	3	27	692	2692	0	1
2098	4	19	412	2869	0	1
2098	4	21	1	3066	0	1
2098	5	6	486	2628	0	1
2098	6	22	419	2729	0	1
2098	6	28	29	3042	0	1
2098	7	0	133	2977	0	1
2098	7	15	504	2905	0	1
2098	9	7	38	3064	0	1
2098	10	12	44	3074	0	1
2098	10	23	15	3067	0	1
2098	11	1	4	3065	0	1
2098	11	2	3	3066	0	1
2098	11	8	1	3066	0	1
2098	11	9	4	3065	0	1
2098	11	11	29	3070	0	1
2098	11	12	11	3063	0	1
2098	11	19	1	3066	0	1
2098	12	19	20	3056	0	1
2098	16	2	2	3068	0	1
2098	16	14	13	3067	0	1
2098	16	27	10	3067	0	1
2098	17	6	17	3065	0	1
2098	17	14	41	3072	0	1
2098	18	14	151	3028	0	1
2098	18	25	41	3070	0	1
2098	18	27	158	3033	0	1
2098	19	14	423	2747	0	1
2098	19	22	53	3021	0	1
2099	0	3	16	3072	0	1
2099	0	7	427	2933	0	1
2099	0	13	18	3066	0	1
2099	0	20	385	2918	0	1
2099	0	23	412	2912	0	1
2099	0	27	15	3078	0	1
2099	0	28	72	3062	0	1
2099	0	29	6	3067	0	1
2099	0	31	72	3036	0	1
2099	1	1	38	3066	0	1
2099	1	2	2	3069	0	1
2099	1	3	34	3066	0	1
2099	1	4	133	2973	0	1
2099	1	11	169	3060	0	1
2099	1	13	7	3066	0	1
2099	1	16	1	3066	0	1
2099	1	18	83	3065	0	1
2099	1	20	23	3060	0	1
2099	1	24	1	3067	0	1
2099	1	25	2	3066	0	1
2099	2	28	393	2833	0	1
2099	2	31	654	2605	0	1
2099	3	1	40	3045	0	1
2099	3	3	393	2833	0	1
2099	3	7	367	2745	0	1
2099	3	13	31	3048	0	1
2099	3	20	2315	1357	0	1
2099	4	6	136	3033	0	1
2099	4	26	3	3064	0	1
2099	6	3	55	3032	0	1
2099	6	25	485	2906	0	1
2099	6	28	231	2889	0	1
2099	6	31	29	3042	0	1
2099	7	3	214	2902	0	1
2099	7	14	130	3071	0	1
2099	7	15	479	2907	0	1
2099	10	2	5	3064	0	1
2099	10	13	4	3066	0	1
2099	10	15	7	3063	0	1
2099	10	20	1	3066	0	1
2099	10	27	1	3068	0	1
2099	11	1	9	3063	0	1
2099	11	2	2	3067	0	1
2099	11	8	5	3064	0	1
2099	11	9	4	3065	0	1
2099	11	10	8	3071	0	1
2099	11	11	32	3071	0	1
2099	11	12	23	3063	0	1
2099	11	16	2	3068	0	1
2099	11	19	2	3067	0	1
2099	11	21	3	3066	0	1
2099	12	19	36	3045	0	1
2099	13	1	23	3061	0	1
2099	13	10	1	3068	0	1
2099	13	16	15	3059	0	1
2099	16	27	4	3066	0	1
2099	17	9	4	3070	0	1
2099	17	26	4	3070	0	1
2099	17	29	32	3067	0	1
2099	18	6	89	3047	0	1
2099	18	8	116	3052	0	1
2099	19	21	88	3059	0	1
2100	0	4	38	3066	0	1
2100	0	11	3	3068	0	1
2100	0	17	1	3068	0	1
2100	0	19	3	3068	0	1
2100	0	21	604	2849	0	1
2100	0	22	496	2887	0	1
2100	0	26	13	3076	0	1
2100	0	28	9	3068	0	1
2100	0	29	77	3063	0	1
2100	0	30	144	3018	0	1
2100	0	31	22	3057	0	1
2100	1	0	38	3066	0	1
2100	1	1	10	3072	0	1
2100	1	2	39	3067	0	1
2100	1	3	2	3066	0	1
2100	1	4	7	3066	0	1
2100	1	5	78	3009	0	1
2100	1	6	92	3041	0	1
2100	1	10	169	3060	0	1
2100	1	12	4	3066	0	1
2100	1	15	1	3066	0	1
2100	1	17	1	3066	0	1
2100	1	18	3	3066	0	1
2100	1	24	2	3066	0	1
2100	1	25	1	3067	0	1
2100	1	28	19	3066	0	1
2100	1	30	17	3058	0	1
2100	2	2	31	3059	0	1
2100	2	19	9	3060	0	1
2100	2	30	759	2542	0	1
2100	3	1	326	2899	0	1
2100	3	2	355	2861	0	1
2100	3	4	47	3028	0	1
2100	3	6	8	3066	0	1
2100	3	7	1225	2594	0	1
2100	3	9	6	3066	0	1
2100	3	15	1232	2374	0	1
2100	3	21	2315	1357	0	1
2100	3	26	1232	2374	0	1
2100	4	31	220	2982	0	1
2100	5	7	3372	804	0	1
2100	6	2	5	3065	0	1
2100	6	15	511	2903	0	1
2100	6	23	3166	877	0	1
2100	6	29	250	2872	0	1
2100	6	30	29	3042	0	1
2100	7	1	141	2971	0	1
2100	7	2	218	2899	0	1
2100	7	15	3	3067	0	1
2100	7	26	91	2982	0	1
2100	9	1	29	3042	0	1
2100	9	6	29	3068	0	1
2100	9	26	26	3062	0	1
2100	10	3	2	3066	0	1
2100	10	13	63	3072	0	1
2100	10	14	16	3064	0	1
2100	10	21	3	3066	0	1
2100	10	22	21	3067	0	1
2100	10	27	2	3066	0	1
2100	11	0	9	3063	0	1
2100	12	1	23	3061	0	1
2100	12	3	14	3059	0	1
2100	13	9	23	3055	0	1
2100	13	11	1	3068	0	1
2100	13	17	15	3059	0	1
2100	16	15	13	3067	0	1
2100	16	23	4	3068	0	1
2100	16	26	6	3067	0	1
2100	16	28	13	3065	0	1
2100	17	0	17	3064	0	1
2100	17	26	19	3068	0	1
2100	17	28	31	3069	0	1
2100	18	26	59	3046	0	1
2100	19	15	423	2747	0	1
2100	19	19	411	2759	0	1
2100	19	26	15	3065	0	1
2100	19	30	53	3021	0	1
2100	20	0	66	3009	0	1
2101	0	2	1	3067	0	1
2101	0	4	24	3063	0	1
2101	0	6	36	3058	0	1
2101	0	12	12	3065	0	1
2101	0	17	7	3070	0	1
2101	0	19	3	3068	0	1
2101	0	21	604	2849	0	1
2101	0	22	496	2887	0	1
2101	0	26	15	3078	0	1
2101	0	28	9	3068	0	1
2101	0	29	77	3063	0	1
2101	0	30	144	3018	0	1
2101	1	1	16	3074	0	1
2101	1	2	30	3066	0	1
2101	1	3	1	3066	0	1
2101	1	5	120	2983	0	1
2101	1	6	67	3047	0	1
2101	1	11	96	3022	0	1
2101	1	13	1220	2597	0	1
2101	1	15	2	3066	0	1
2101	1	17	1	3066	0	1
2101	1	18	2	3067	0	1
2101	1	19	77	3065	0	1
2101	1	21	23	3060	0	1
2101	1	24	2	3066	0	1
2101	2	7	57	3041	0	1
2101	2	9	16	3061	0	1
2101	2	11	44	3047	0	1
2101	2	17	196	2984	0	1
2101	2	19	369	2847	0	1
2101	2	29	351	2858	0	1
2101	2	31	1225	2594	0	1
2101	3	1	294	2921	0	1
2101	3	2	393	2833	0	1
2101	3	4	53	3022	0	1
2101	3	6	8	3066	0	1
2101	3	12	87	3033	0	1
2101	3	28	1232	2374	0	1
2101	4	10	1	3066	0	1
2101	5	10	2	3065	0	1
2101	6	29	29	3042	0	1
2101	6	30	162	2937	0	1
2101	7	1	135	2976	0	1
2101	7	2	232	2886	0	1
2101	7	14	263	3007	0	1
2101	7	15	90	3057	0	1
2101	7	26	91	2982	0	1
2101	8	17	158	2946	0	1
2101	9	1	29	3042	0	1
2101	9	6	21	3067	0	1
2101	9	28	21	3063	0	1
2101	10	3	9	3063	0	1
2101	10	13	63	3072	0	1
2101	10	14	16	3064	0	1
2101	10	21	3	3066	0	1
2101	10	22	21	3067	0	1
2101	10	26	2	3067	0	1
2101	10	27	4	3065	0	1
2101	11	3	4	3067	0	1
2101	12	1	23	3061	0	1
2101	13	0	23	3061	0	1
2101	13	10	511	2784	0	1
2101	13	18	43	3047	0	1
2101	16	15	13	3067	0	1
2101	16	23	17	3064	0	1
2101	16	26	10	3067	0	1
2101	16	28	21	3063	0	1
2101	16	31	4	3070	0	1
2101	17	6	83	3065	0	1
2101	17	9	2	3068	0	1
2101	17	15	21	3073	0	1
2101	17	19	22	3070	0	1
2101	17	31	41	3070	0	1
2101	18	9	69	3062	0	1
2101	18	15	114	3042	0	1
2101	19	23	66	3009	0	1
2101	19	30	66	3009	0	1
2101	20	0	66	3009	0	1
2102	0	6	427	2933	0	1
2102	0	11	3	3068	0	1
2102	0	12	18	3066	0	1
2102	0	17	9	3069	0	1
2102	1	0	29	3067	0	1
2102	1	3	2	3069	0	1
2102	1	5	133	2973	0	1
2102	1	6	101	3035	0	1
2102	1	13	41	3047	0	1
2102	1	15	2	3066	0	1
2102	1	18	2	3068	0	1
2102	1	25	1	3067	0	1
2102	1	30	22	3061	0	1
2102	2	2	475	2826	0	1
2102	2	26	480	2856	0	1
2102	2	28	751	2593	0	1
2102	3	0	87	3033	0	1
2102	3	9	6	3066	0	1
2102	4	7	136	3033	0	1
2102	5	7	419	2705	0	1
2102	6	23	419	2729	0	1
2102	7	14	504	2905	0	1
2102	7	25	49	3035	0	1
2102	10	3	9	3063	0	1
2102	10	12	4	3066	0	1
2102	11	22	6	3067	0	1
2102	12	1	23	3061	0	1
2102	16	3	2	3068	0	1
2102	16	12	2	3068	0	1
2102	16	15	10	3067	0	1
2102	17	6	88	3065	0	1
2102	17	7	17	3065	0	1
2102	17	9	2	3068	0	1
2102	17	13	17	3065	0	1
2102	17	15	33	3071	0	1
2102	17	24	2	3068	0	1
2102	17	26	15	3070	0	1
2102	18	9	113	3056	0	1
2102	18	15	109	3046	0	1
2102	18	24	41	3070	0	1
2102	19	15	323	2826	0	1
2102	19	23	66	3009	0	1
2103	0	4	38	3066	0	1
2103	0	6	26	3061	0	1
2103	0	17	1	3068	0	1
2103	0	19	3	3068	0	1
2103	0	26	11	3076	0	1
2103	0	27	257	3051	0	1
2103	0	28	6	3068	0	1
2103	0	31	1218	2599	0	1
2103	1	5	133	2973	0	1
2103	1	6	131	3026	0	1
2103	1	17	1	3066	0	1
2103	1	19	53	3062	0	1
2103	1	21	15	3064	0	1
2103	1	24	1	3066	0	1
2103	1	28	23	3068	0	1
2103	1	30	20	3060	0	1
2103	2	7	57	3041	0	1
2103	2	19	87	3033	0	1
2103	3	9	3	3065	0	1
2103	4	10	1	3066	0	1
2103	4	25	1	3066	0	1
2103	4	27	3	3064	0	1
2103	5	7	486	2628	0	1
2103	6	24	335	2957	0	1
2103	7	26	91	2982	0	1
2103	9	28	19	3063	0	1
2103	10	12	4	3066	0	1
2103	10	27	4	3065	0	1
2103	12	3	18	3055	0	1
2103	13	0	23	3061	0	1
2103	16	13	4	3070	0	1
2103	16	14	17	3065	0	1
2103	16	23	17	3064	0	1
2103	16	31	4	3070	0	1
2103	17	6	72	3061	0	1
2103	17	8	4	3070	0	1
2103	17	27	4	3070	0	1
2103	17	31	41	3070	0	1
2103	18	18	41	3070	0	1
2103	18	27	42	3077	0	1
2103	19	20	88	3059	0	1
2104	0	2	16	3072	0	1
2104	0	6	38	3054	0	1
2104	0	11	3	3068	0	1
2104	0	12	17	3066	0	1
2104	0	17	6	3067	0	1
2104	0	26	15	3078	0	1
2104	0	28	9	3068	0	1
2104	1	0	38	3066	0	1
2104	1	4	7	3066	0	1
2104	1	5	133	2973	0	1
2104	1	11	101	3017	0	1
2104	1	12	7	3066	0	1
2104	1	13	69	3035	0	1
2104	1	18	1	3067	0	1
2104	1	24	2	3066	0	1
2104	1	25	1	3067	0	1
2104	1	28	24	3067	0	1
2104	1	30	23	3060	0	1
2104	2	11	78	3040	0	1
2104	2	17	196	2984	0	1
2104	2	21	1225	2594	0	1
2104	2	26	293	2924	0	1
2104	2	28	374	2866	0	1
2104	3	4	34	3055	0	1
2104	3	6	367	2745	0	1
2104	3	12	87	3033	0	1
2104	3	28	1232	2374	0	1
2104	4	20	1	3066	0	1
2104	5	10	2	3065	0	1
2104	6	15	511	2903	0	1
2104	7	14	182	3005	0	1
2104	7	15	130	3071	0	1
2104	7	26	217	2880	0	1
2104	10	14	6	3064	0	1
2104	10	26	2	3067	0	1
2104	11	0	9	3063	0	1
2104	11	5	6	3064	0	1
2104	11	8	4	3065	0	1
2104	11	11	8	3071	0	1
2104	11	17	1	3068	0	1
2104	11	18	2	3067	0	1
2104	11	22	72	3060	0	1
2104	12	18	36	3045	0	1
2104	12	20	18	3055	0	1
2104	12	25	13	3059	0	1
2104	13	17	1	3067	0	1
2104	13	18	43	3047	0	1
2104	16	26	10	3067	0	1
2104	16	28	21	3063	0	1
2104	17	0	17	3064	0	1
2104	17	26	15	3071	0	1
2104	17	28	38	3068	0	1
2104	18	26	158	3033	0	1
2104	19	23	66	3009	0	1
2104	19	26	9	3064	0	1
2104	19	30	66	3009	0	1
2104	20	0	66	3009	0	1
2105	0	2	1	3067	0	1
2105	0	4	31	3071	0	1
2105	0	6	38	3047	0	1
2105	0	17	2	3069	0	1
2105	0	19	3	3068	0	1
2105	0	31	30	3055	0	1
2105	1	0	38	3066	0	1
2105	1	3	2	3066	0	1
2105	1	5	71	3014	0	1
2105	1	12	7	3066	0	1
2105	1	13	1220	2597	0	1
2105	1	15	2	3066	0	1
2105	1	17	1	3066	0	1
2105	1	19	83	3065	0	1
2105	1	21	23	3060	0	1
2105	1	24	2	3066	0	1
2105	1	25	1	3067	0	1
2105	1	28	13	3071	0	1
2105	1	30	12	3061	0	1
2105	2	9	33	3057	0	1
2105	2	10	1231	2593	0	1
2105	2	11	1786	1657	0	1
2105	2	16	57	3041	0	1
2105	2	17	717	2730	0	1
2105	2	19	78	3040	0	1
2105	2	26	223	2957	0	1
2105	2	28	55	3021	0	1
2105	3	0	35	3050	0	1
2105	3	4	53	3022	0	1
2105	3	6	8	3066	0	1
2105	3	9	6	3066	0	1
2105	3	15	1232	2374	0	1
2105	3	21	2315	1357	0	1
2105	3	26	1232	2374	0	1
2105	4	20	1	3066	0	1
2105	4	31	184	2993	0	1
2105	6	2	43	3041	0	1
2105	6	15	485	2906	0	1
2105	9	6	38	3064	0	1
2105	9	26	13	3064	0	1
2105	10	3	9	3063	0	1
2105	10	13	3	3068	0	1
2105	11	3	4	3067	0	1
2105	11	5	3	3065	0	1
2105	11	9	5	3064	0	1
2105	11	11	7	3071	0	1
2105	11	13	23	3063	0	1
2105	11	17	2	3068	0	1
2105	11	20	3	3066	0	1
2105	13	11	1	3068	0	1
2105	13	17	15	3059	0	1
2105	13	18	3	3066	0	1
2105	16	15	13	3067	0	1
2105	16	23	6	3065	0	1
2105	17	15	41	3072	0	1
2105	17	19	43	3071	0	1
2105	17	26	21	3069	0	1
2105	18	1	41	3070	0	1
2105	18	7	89	3047	0	1
2105	18	9	154	3046	0	1
2105	18	15	151	3028	0	1
2105	19	15	423	2747	0	1
2105	19	19	411	2759	0	1
2105	19	23	53	3021	0	1
2105	19	26	15	3065	0	1
2106	0	8	2	3069	0	1
2106	4	1	497	2837	0	1
2106	4	9	117	2994	0	1
2106	4	12	157	2954	0	1
2106	4	13	783	2415	0	1
2106	11	0	1	3066	0	1
2106	11	8	1	3066	0	1
2106	11	12	1	3066	0	1
2106	11	20	2	3069	0	1
2106	11	29	1	3068	0	1
2106	12	0	23	3061	0	1
2106	12	2	494	2916	0	1
2106	12	8	38	3047	0	1
2106	12	18	511	2784	0	1
2106	13	0	3200	876	0	1
2106	17	16	17	3065	0	1
2107	0	8	1	3066	0	1
2107	1	2	420	2934	0	1
2107	1	3	564	2873	0	1
2107	1	9	1	3068	0	1
2107	1	10	1	3066	0	1
2107	1	18	769	2754	0	1
2107	1	19	451	2910	0	1
2107	1	24	3	3064	0	1
2107	1	25	1	3067	0	1
2107	1	26	100	2992	0	1
2107	1	27	80	3026	0	1
2107	4	9	2	3066	0	1
2107	4	18	5	3063	0	1
2107	4	19	385	2880	0	1
2107	4	20	1	3066	0	1
2107	4	21	36	3054	0	1
2107	4	22	167	3017	0	1
2107	4	23	8	3064	0	1
2107	4	25	103	3006	0	1
2107	4	26	105	2995	0	1
2107	4	27	5	3062	0	1
2107	4	28	391	2933	0	1
2107	4	30	305	2825	0	1
2107	4	31	69	3036	0	1
2107	11	0	1	3068	0	1
2107	11	4	4	3064	0	1
2107	11	5	61	3074	0	1
2107	11	9	6	3066	0	1
2107	11	16	7	3067	0	1
2107	11	17	166	3051	0	1
2107	12	3	1	3068	0	1
2107	12	16	16	3057	0	1
2107	12	24	18	3057	0	1
2107	18	2	41	3070	0	1
2108	0	17	9	3066	0	1
2108	0	21	83	3052	0	1
2108	0	24	1	3067	0	1
2108	0	25	1	3067	0	1
2108	0	29	1	3066	0	1
2108	1	2	41	3048	0	1
2108	1	3	63	3035	0	1
2108	1	10	1	3067	0	1
2108	1	11	1	3068	0	1
2108	1	18	45	3044	0	1
2108	1	19	28	3055	0	1
2108	1	24	8	3059	0	1
2108	1	25	7	3063	0	1
2108	1	26	22	3059	0	1
2108	1	27	24	3057	0	1
2108	2	4	6	3066	0	1
2108	2	12	1225	2594	0	1
2108	2	24	1225	2594	0	1
2108	3	8	1225	2594	0	1
2108	3	16	1225	2594	0	1
2108	4	13	1	3067	0	1
2108	4	18	1	3066	0	1
2108	4	22	1	3066	0	1
2108	4	26	1	3066	0	1
2108	4	29	1	3066	0	1
2108	4	31	44	3043	0	1
2108	6	16	671	2527	0	1
2108	10	0	1	3067	0	1
2108	10	8	1	3068	0	1
2108	10	20	1	3067	0	1
2108	10	21	1	3066	0	1
2108	10	23	3	3068	0	1
2108	10	30	1	3066	0	1
2108	10	31	3	3068	0	1
2108	11	0	2	3067	0	1
2108	11	1	3	3066	0	1
2108	11	4	1	3067	0	1
2108	11	5	2	3068	0	1
2108	11	8	2	3067	0	1
2108	11	12	2	3067	0	1
2108	11	13	4	3067	0	1
2108	11	16	5	3064	0	1
2108	11	17	14	3068	0	1
2108	11	24	20	3055	0	1
2108	11	25	20	3068	0	1
2108	12	1	8	3061	0	1
2108	12	3	6	3064	0	1
2108	12	9	9	3060	0	1
2108	12	11	13	3057	0	1
2108	12	16	2	3065	0	1
2108	12	18	20	3052	0	1
2108	12	24	5	3062	0	1
2108	13	0	23	3052	0	1
2108	13	16	802	2488	0	1
2108	16	8	2	3068	0	1
2108	16	22	2	3068	0	1
2108	18	17	42	3077	0	1
2108	19	4	88	3059	0	1
2109	0	8	2	3066	0	1
2109	0	17	9	3067	0	1
2109	0	21	161	3063	0	1
2109	0	24	1	3068	0	1
2109	0	29	1	3067	0	1
2109	4	8	1	3066	0	1
2109	4	9	1046	2396	0	1
2109	6	0	113	3018	0	1
2109	10	0	4	3064	0	1
2109	10	8	17	3076	0	1
2109	10	16	2	3066	0	1
2109	10	17	2	3067	0	1
2109	10	20	2	3066	0	1
2109	10	21	1	3066	0	1
2109	10	22	1	3068	0	1
2109	10	23	28	3069	0	1
2109	10	25	2	3067	0	1
2109	10	26	1	3068	0	1
2109	10	28	2	3066	0	1
2109	10	31	46	3070	0	1
2109	11	4	2	3066	0	1
2109	11	5	1	3067	0	1
2109	11	20	3	3066	0	1
2109	11	21	1	3066	0	1
2109	11	28	5	3064	0	1
2109	12	2	22	3054	0	1
2109	12	10	36	3042	0	1
2109	12	18	18	3055	0	1
2109	12	26	21	3052	0	1
2109	13	0	24	3048	0	1
2109	17	2	4	3070	0	1
2110	0	0	21	3074	0	1
2110	0	2	16	3073	0	1
2110	0	4	1	3066	0	1
2110	0	6	14	3069	0	1
2110	0	9	2	3067	0	1
2110	0	13	1	3068	0	1
2110	0	15	2	3066	0	1
2110	0	22	20	3064	0	1
2110	0	24	2	3067	0	1
2110	0	25	44	3068	0	1
2110	0	27	51	3071	0	1
2110	0	28	240	3051	0	1
2110	1	0	321	2970	0	1
2110	1	3	105	3062	0	1
2110	1	5	83	3060	0	1
2110	1	6	4	3066	0	1
2110	1	7	2	3066	0	1
2110	1	9	126	3011	0	1
2110	1	10	990	2735	0	1
2110	1	11	2	3066	0	1
2110	1	16	134	3020	0	1
2110	1	17	1216	2252	0	1
2110	1	21	12	3062	0	1
2110	1	26	112	3011	0	1
2110	1	27	3	3068	0	1
2110	1	28	390	2952	0	1
2110	1	30	188	3021	0	1
2110	2	0	771	2669	0	1
2110	2	2	889	2641	0	1
2110	2	3	38	3044	0	1
2110	2	13	38	3044	0	1
2110	2	15	758	2681	0	1
2110	2	25	34	3055	0	1
2110	2	27	480	2799	0	1
2110	2	28	2250	1819	0	1
2110	2	29	11	3060	0	1
2110	3	0	712	2726	0	1
2110	3	3	480	2799	0	1
2110	3	5	34	3055	0	1
2110	3	9	8	3063	0	1
2110	3	10	1225	2594	0	1
2110	3	28	34	3055	0	1
2110	3	30	514	2787	0	1
2110	4	0	3582	530	0	1
2110	4	2	367	2745	0	1
2110	4	4	126	3044	0	1
2110	4	13	367	2745	0	1
2110	5	0	629	2582	0	1
2110	6	0	371	2928	0	1
2110	6	2	371	2928	0	1
2110	6	3	371	2928	0	1
2110	6	14	201	2894	0	1
2110	6	15	18	3053	0	1
2110	6	24	2501	1319	0	1
2110	6	25	1417	2054	0	1
2110	6	26	419	2729	0	1
2110	6	27	2324	1431	0	1
2110	6	29	2	3065	0	1
2110	7	0	1298	2268	0	1
2110	7	3	96	3061	0	1
2110	7	4	130	3071	0	1
2110	7	5	120	3068	0	1
2110	7	6	96	3061	0	1
2110	7	27	504	2905	0	1
2110	7	28	45	3058	0	1
2110	7	29	504	2905	0	1
2110	7	30	585	2796	0	1
2110	8	0	365	2936	0	1
2110	8	1	511	2903	0	1
2110	8	6	467	2685	0	1
2110	8	7	250	2872	0	1
2110	8	8	217	2880	0	1
2110	8	11	230	2869	0	1
2110	8	13	250	2872	0	1
2110	8	24	13	3064	0	1
2110	8	25	26	3062	0	1
2110	8	26	26	3062	0	1
2110	8	27	26	3062	0	1
2110	9	0	102	3040	0	1
2110	9	3	21	3063	0	1
2110	9	4	21	3063	0	1
2110	9	5	21	3063	0	1
2110	9	6	19	3063	0	1
2110	9	27	38	3064	0	1
2110	9	28	29	3068	0	1
2110	9	29	29	3068	0	1
2110	9	30	29	3068	0	1
2110	10	3	2	3067	0	1
2110	11	0	6	3069	0	1
2110	11	26	198	3050	0	1
2110	12	4	56	3047	0	1
2110	13	26	802	2488	0	1
2110	16	0	25	3065	0	1
2110	16	2	12	3067	0	1
2110	16	3	6	3066	0	1
2110	16	13	13	3067	0	1
2110	16	14	13	3067	0	1
2110	16	15	6	3067	0	1
2110	16	24	7	3069	0	1
2110	16	25	15	3070	0	1
2110	16	27	41	3069	0	1
2110	17	0	119	3064	0	1
2110	17	3	61	3067	0	1
2110	17	5	34	3065	0	1
2110	17	6	17	3062	0	1
2110	17	16	38	3071	0	1
2110	17	17	152	3043	0	1
2110	17	27	32	3073	0	1
2110	17	28	104	3063	0	1
2110	17	30	118	3057	0	1
2110	18	0	255	3022	0	1
2110	18	2	110	3049	0	1
2110	18	3	33	3057	0	1
2110	18	13	59	3049	0	1
2110	18	15	151	3028	0	1
2110	18	24	5	3064	0	1
2110	18	25	202	3017	0	1
2110	18	27	400	2981	0	1
2110	19	0	343	2982	0	1
2110	19	3	439	2964	0	1
2110	19	5	228	3006	0	1
2110	19	16	423	2747	0	1
2110	19	17	66	3009	0	1
2110	19	21	1159	2645	0	1
2110	19	28	239	2995	0	1
2110	19	30	452	2951	0	1
2110	20	0	3644	491	0	1
2110	20	2	717	2609	0	1
2110	20	13	717	2609	0	1
2110	21	0	1225	2236	0	1
2111	0	0	3	3065	0	1
2111	0	12	8	3065	0	1
2111	0	14	7	3063	0	1
2111	0	21	251	3049	0	1
2111	0	24	2	3068	0	1
2111	0	25	3	3068	0	1
2111	0	26	2	3066	0	1
2111	0	27	1	3066	0	1
2111	1	0	121	2996	0	1
2111	1	3	1	3067	0	1
2111	1	4	2	3069	0	1
2111	1	5	2	3066	0	1
2111	1	8	1015	2729	0	1
2111	1	13	2	3066	0	1
2111	1	16	245	2869	0	1
2111	1	17	67	3027	0	1
2111	1	21	12	3062	0	1
2111	1	25	1220	2597	0	1
2111	1	28	133	2973	0	1
2111	1	29	133	2973	0	1
2111	1	30	124	2980	0	1
2111	2	7	1225	2594	0	1
2111	2	10	1225	2594	0	1
2111	2	14	57	3041	0	1
2111	2	21	2250	1819	0	1
2111	3	8	8	3063	0	1
2111	3	11	1225	2594	0	1
2111	3	16	1225	2594	0	1
2111	3	21	1225	2594	0	1
2111	3	25	1225	2594	0	1
2111	4	0	126	3045	0	1
2111	4	1	136	3033	0	1
2111	4	2	126	3044	0	1
2111	4	24	185	3000	0	1
2111	4	25	179	3002	0	1
2111	4	26	110	3037	0	1
2111	5	0	986	2394	0	1
2111	5	3	3390	791	0	1
2111	5	4	3390	791	0	1
2111	5	5	508	2717	0	1
2111	5	6	486	2628	0	1
2111	6	10	113	3018	0	1
2111	6	12	215	2948	0	1
2111	10	0	5	3065	0	1
2111	10	2	5	3065	0	1
2111	10	12	23	3073	0	1
2111	10	14	2	3068	0	1
2111	10	25	41	3079	0	1
2111	10	26	7	3069	0	1
2111	11	0	95	3039	0	1
2111	11	3	81	3078	0	1
2111	11	4	4	3068	0	1
2111	11	5	18	3070	0	1
2111	11	16	10	3065	0	1
2111	11	17	5	3064	0	1
2111	11	28	8	3065	0	1
2111	11	30	35	3063	0	1
2111	12	0	545	2903	0	1
2111	12	2	96	3030	0	1
2111	12	12	226	3001	0	1
2111	12	14	60	3030	0	1
2111	12	24	37	3043	0	1
2111	12	25	2227	1772	0	1
2111	12	26	255	2919	0	1
2111	13	0	124	3013	0	1
2111	13	3	3292	831	0	1
2111	13	5	297	2877	0	1
2111	13	30	252	2888	0	1
2111	16	2	2	3068	0	1
2111	16	12	2	3068	0	1
2111	17	0	10	3068	0	1
2111	17	5	4	3070	0	1
2111	17	30	17	3065	0	1
2111	18	7	41	3070	0	1
2111	18	21	42	3077	0	1
2111	19	8	88	3059	0	1
2111	19	25	1159	2645	0	1
2112	0	0	1	3068	0	1
2112	0	4	1	3068	0	1
2112	0	5	5	3070	0	1
2112	0	8	1	3068	0	1
2112	0	12	1	3068	0	1
2112	1	18	1	3068	0	1
2112	1	20	45	3055	0	1
2112	1	22	59	3046	0	1
2112	1	24	1	3066	0	1
2112	2	17	53	3022	0	1
2112	6	0	43	3041	0	1
2112	6	8	43	3041	0	1
2112	6	20	141	2971	0	1
2112	8	1	29	3042	0	1
2112	8	24	13	3064	0	1
2112	16	16	10	3063	0	1
2112	18	16	817	2841	0	1
2113	0	0	1	3067	0	1
2113	0	4	1	3068	0	1
2113	0	5	6	3072	0	1
2113	0	12	1	3068	0	1
2113	0	16	1	3068	0	1
2113	0	17	2	3066	0	1
2113	0	18	1	3067	0	1
2113	0	21	2	3067	0	1
2113	0	22	1	3067	0	1
2113	0	23	2	3068	0	1
2113	0	25	3	3066	0	1
2113	0	26	5	3069	0	1
2113	0	27	3	3066	0	1
2113	0	28	4	3066	0	1
2113	1	1	11	3068	0	1
2113	1	2	2	3067	0	1
2113	1	3	3	3068	0	1
2113	1	6	3	3066	0	1
2113	1	7	4	3070	0	1
2113	1	9	14	3069	0	1
2113	1	10	2	3067	0	1
2113	1	15	7	3067	0	1
2113	1	16	20	3060	0	1
2113	1	18	1	3066	0	1
2113	1	20	5	3066	0	1
2113	1	26	1	3066	0	1
2113	1	28	87	3015	0	1
2113	2	0	1	3066	0	1
2113	2	2	180	3002	0	1
2113	2	5	199	2958	0	1
2113	2	6	6	3065	0	1
2113	2	7	94	3033	0	1
2113	2	10	187	2995	0	1
2113	2	14	6	3065	0	1
2113	2	16	194	2992	0	1
2113	2	17	698	2638	0	1
2113	2	25	698	2638	0	1
2113	3	0	892	2563	0	1
2113	3	5	53	3022	0	1
2113	3	16	87	3033	0	1
2113	3	18	53	3022	0	1
2113	4	0	3582	530	0	1
2113	6	0	49	3029	0	1
2113	6	4	49	3035	0	1
2113	6	8	49	3029	0	1
2113	6	12	49	3035	0	1
2113	6	20	91	2982	0	1
2113	6	28	109	2968	0	1
2113	7	18	88	3002	0	1
2113	7	19	162	2937	0	1
2113	7	24	360	2936	0	1
2113	7	25	598	2686	0	1
2113	7	26	144	3036	0	1
2113	7	27	225	2927	0	1
2113	8	1	221	2897	0	1
2113	8	8	365	2936	0	1
2113	8	9	146	3034	0	1
2113	8	24	26	3062	0	1
2113	9	8	21	3063	0	1
2113	9	12	19	3063	0	1
2113	9	24	29	3068	0	1
2113	10	0	2	3067	0	1
2113	16	0	10	3067	0	1
2113	16	8	21	3068	0	1
2113	16	16	11	3067	0	1
2113	17	0	23	3069	0	1
2113	17	2	15	3066	0	1
2113	17	4	20	3069	0	1
2113	17	6	34	3063	0	1
2113	17	16	88	3065	0	1
2113	17	24	152	3043	0	1
2113	18	0	99	3054	0	1
2113	18	2	59	3046	0	1
2113	18	16	15	3065	0	1
2113	18	24	18	3063	0	1
2113	19	4	411	2759	0	1
2113	19	6	439	2945	0	1
2113	19	16	66	3009	0	1
2113	19	20	864	2623	0	1
2113	20	0	3644	491	0	1
2114	0	0	1	3068	0	1
2114	0	1	1	3068	0	1
2114	0	4	2	3065	0	1
2114	0	5	11	3068	0	1
2114	0	9	2	3069	0	1
2114	0	13	27	3068	0	1
2114	1	18	5	3069	0	1
2114	1	20	144	3024	0	1
2114	1	22	173	3006	0	1
2114	1	26	7	3068	0	1
2114	1	28	382	2818	0	1
2114	1	30	739	2553	0	1
2114	2	19	34	3055	0	1
2114	2	27	34	3055	0	1
2114	7	0	250	2872	0	1
2114	16	16	16	3064	0	1
2115	0	1	1	3067	0	1
2115	0	4	2	3067	0	1
2115	0	5	2	3068	0	1
2115	0	13	9	3064	0	1
2115	0	17	1	3066	0	1
2115	0	18	11	3070	0	1
2115	0	19	22	3064	0	1
2115	0	20	2	3069	0	1
2115	0	22	9	3071	0	1
2115	0	23	25	3064	0	1
2115	0	30	31	3066	0	1
2115	0	31	56	3055	0	1
2115	1	1	4	3067	0	1
2115	1	2	2	3065	0	1
2115	1	3	2	3067	0	1
2115	1	4	37	3060	0	1
2115	1	5	31	3071	0	1
2115	1	6	28	3058	0	1
2115	1	7	30	3059	0	1
2115	1	8	7	3066	0	1
2115	1	9	4	3067	0	1
2115	1	14	135	3008	0	1
2115	1	15	91	3039	0	1
2115	1	16	21	3058	0	1
2115	1	18	6	3063	0	1
2115	1	20	5	3066	0	1
2115	1	22	7	3064	0	1
2115	1	24	32	3048	0	1
2115	2	2	26	3047	0	1
2115	2	3	1	3066	0	1
2115	2	5	388	2885	0	1
2115	2	6	7	3062	0	1
2115	2	7	35	3056	0	1
2115	2	11	1	3066	0	1
2115	2	13	527	2769	0	1
2115	2	15	37	3054	0	1
2115	2	18	340	2878	0	1
2115	3	0	340	2878	0	1
2115	3	5	34	3055	0	1
2115	3	13	34	3055	0	1
2115	3	16	340	2878	0	1
2115	3	18	367	2745	0	1
2115	3	26	367	2745	0	1
2115	9	24	38	3064	0	1
2115	10	0	9	3067	0	1
2115	16	0	15	3063	0	1
2115	16	16	10	3069	0	1
2115	17	16	104	3067	0	1
2115	18	0	55	3059	0	1
2115	18	2	167	3044	0	1
2116	0	22	1454	2491	0	1
2116	0	25	277	2944	0	1
2116	0	26	1	3066	0	1
2116	0	30	1	3066	0	1
2116	1	0	1454	2491	0	1
2116	1	20	817	2723	0	1
2116	2	8	1	3068	0	1
2116	2	12	1	3067	0	1
2116	2	22	6	3069	0	1
2116	3	0	2	3067	0	1
2116	3	20	5	3068	0	1
2116	4	8	25	3064	0	1
2116	4	12	16	3063	0	1
2116	4	22	103	3024	0	1
2116	4	26	2	3066	0	1
2116	5	0	113	3018	0	1
2116	5	4	75	3043	0	1
2116	5	20	51	3055	0	1
2116	6	8	50	3040	0	1
2116	6	10	81	3031	0	1
2116	6	12	1	3068	0	1
2116	6	22	657	2867	0	1
2116	6	25	357	2945	0	1
2116	6	26	523	2915	0	1
2116	6	27	336	2975	0	1
2116	7	0	586	2845	0	1
2116	7	20	524	2906	0	1
2116	8	27	76	3053	0	1
2116	10	8	1	3066	0	1
2116	10	22	85	3051	0	1
2116	10	26	374	2865	0	1
2116	10	29	57	3039	0	1
2116	10	30	374	2865	0	1
2116	11	0	104	3040	0	1
2116	11	4	26	3057	0	1
2116	11	20	108	3051	0	1
2116	12	8	62	3064	0	1
2116	12	22	515	2856	0	1
2116	12	26	439	2892	0	1
2116	12	30	1	3066	0	1
2116	13	0	727	2740	0	1
2116	13	20	569	2808	0	1
2116	14	8	1538	2083	0	1
2116	14	12	1	3068	0	1
2116	14	22	506	2906	0	1
2116	14	25	2	3067	0	1
2116	14	26	116	3009	0	1
2116	15	0	512	2902	0	1
2116	15	20	648	2801	0	1
2116	16	8	164	2920	0	1
2116	16	22	419	2729	0	1
2116	16	26	415	2732	0	1
2116	17	0	3166	877	0	1
2116	17	20	703	2544	0	1
2117	0	16	1454	2491	0	1
2117	0	17	1454	2491	0	1
2117	0	21	1454	2491	0	1
2117	0	25	51	3045	0	1
2117	0	26	503	2844	0	1
2117	0	29	51	3045	0	1
2117	1	3	51	3045	0	1
2117	1	19	272	2936	0	1
2117	2	11	1	3067	0	1
2117	2	16	6	3069	0	1
2117	2	17	6	3069	0	1
2117	2	20	5	3068	0	1
2117	2	21	6	3069	0	1
2117	4	16	104	3024	0	1
2117	4	17	104	3024	0	1
2117	4	21	103	3024	0	1
2117	4	25	1	3067	0	1
2117	4	29	1	3067	0	1
2117	5	3	1	3067	0	1
2117	5	19	2	3067	0	1
2117	6	10	108	3018	0	1
2117	6	16	659	2868	0	1
2117	6	17	659	2868	0	1
2117	6	21	657	2867	0	1
2117	6	24	328	2982	0	1
2117	6	25	13	3070	0	1
2117	6	26	352	2950	0	1
2117	6	29	7	3067	0	1
2117	7	3	7	3067	0	1
2117	7	7	8	3068	0	1
2117	7	19	7	3066	0	1
2117	8	25	111	3048	0	1
2117	8	29	111	3048	0	1
2117	9	3	111	3048	0	1
2117	9	19	101	3055	0	1
2117	10	11	2	3067	0	1
2117	10	15	792	2517	0	1
2117	10	20	57	3039	0	1
2117	10	21	85	3051	0	1
2117	10	25	298	2885	0	1
2117	10	29	298	2885	0	1
2117	11	3	298	2885	0	1
2117	11	19	655	2643	0	1
2117	12	16	576	2769	0	1
2117	12	17	576	2769	0	1
2117	12	21	445	2881	0	1
2117	12	25	228	2902	0	1
2117	12	29	228	2902	0	1
2117	13	3	228	2902	0	1
2117	13	19	265	2885	0	1
2117	14	16	506	2906	0	1
2117	14	21	506	2906	0	1
2117	14	25	5	3066	0	1
2117	14	26	1	3067	0	1
2117	14	29	5	3066	0	1
2117	15	3	5	3066	0	1
2117	15	7	2	3065	0	1
2117	15	19	4	3065	0	1
2117	16	17	419	2729	0	1
2117	16	21	419	2729	0	1
2118	0	5	5	3069	0	1
2118	1	1	154	3037	0	1
2118	2	3	1	3068	0	1
2118	2	18	1	3068	0	1
2118	2	19	1	3068	0	1
2118	2	30	2	3067	0	1
2118	3	15	2	3067	0	1
2118	3	31	1	3068	0	1
2118	4	15	3	3068	0	1
2118	4	31	8	3071	0	1
2118	5	15	4	3068	0	1
2118	5	31	6	3066	0	1
2118	6	22	11	3072	0	1
2118	6	23	7	3070	0	1
2118	7	13	2	3067	0	1
2118	7	29	3	3066	0	1
2118	8	15	9	3066	0	1
2118	8	31	19	3068	0	1
2118	9	1	30	3073	0	1
2118	9	29	61	3062	0	1
2118	10	13	1	3066	0	1
2118	10	15	56	3048	0	1
2118	10	17	2	3065	0	1
2118	10	29	250	2924	0	1
2118	11	1	2	3066	0	1
2118	11	13	292	2882	0	1
2118	11	29	292	2882	0	1
2118	12	13	292	2882	0	1
2118	13	29	136	3033	0	1
2118	14	15	358	2967	0	1
2118	14	29	504	2905	0	1
2118	17	15	3092	934	0	1
2119	2	2	1	3068	0	1
2119	2	18	1	3068	0	1
2119	2	30	1	3067	0	1
2119	3	14	2	3067	0	1
2119	3	30	7	3068	0	1
2119	4	14	9	3065	0	1
2119	4	30	9	3072	0	1
2119	5	6	12	3067	0	1
2119	5	14	16	3064	0	1
2119	5	30	95	3030	0	1
2119	7	28	950	2278	0	1
2119	7	30	5	3068	0	1
2119	8	14	9	3066	0	1
2119	8	30	19	3068	0	1
2119	9	0	30	3073	0	1
2119	9	28	61	3062	0	1
2119	10	14	97	3038	0	1
2119	10	16	2	3069	0	1
2119	10	17	1	3068	0	1
2119	10	28	132	2985	0	1
2119	11	0	2	3066	0	1
2119	11	12	151	2988	0	1
2119	11	28	141	2974	0	1
2119	12	12	130	2995	0	1
2119	13	28	136	3033	0	1
2119	14	14	546	2915	0	1
2119	14	28	39	3053	0	1
2119	15	28	41	3055	0	1
2119	16	0	37	3047	0	1
2119	16	1	492	2913	0	1
2119	16	28	26	3055	0	1
2119	17	14	419	2729	0	1
2120	0	5	5	3069	0	1
2120	0	6	1	3068	0	1
2120	1	1	154	3037	0	1
2120	1	2	19	3062	0	1
2120	5	4	12	3067	0	1
2120	7	14	2	3067	0	1
2120	7	30	3	3066	0	1
2120	8	12	7	3065	0	1
2120	8	28	16	3067	0	1
2120	9	29	56	3062	0	1
2120	10	12	89	3039	0	1
2120	10	18	2	3069	0	1
2120	10	29	223	2940	0	1
2120	10	30	119	3007	0	1
2120	11	2	2	3066	0	1
2120	11	13	254	2909	0	1
2120	11	14	292	2882	0	1
2120	11	29	254	2909	0	1
2120	11	30	154	2966	0	1
2120	12	14	292	2882	0	1
2120	13	30	136	3033	0	1
2120	14	29	110	3033	0	1
2120	14	30	504	2905	0	1
2121	0	4	1	3067	0	1
2121	0	7	5	3069	0	1
2121	2	1	1	3068	0	1
2121	2	2	1	3068	0	1
2121	2	18	1	3068	0	1
2121	3	13	2	3067	0	1
2121	4	13	9	3065	0	1
2121	4	30	6	3071	0	1
2121	5	5	1	3068	0	1
2121	5	13	16	3064	0	1
2121	5	30	77	3034	0	1
2121	6	3	2	3069	0	1
2121	7	15	2	3067	0	1
2121	7	29	5	3068	0	1
2121	8	29	19	3068	0	1
2121	9	31	26	3064	0	1
2121	10	13	46	3046	0	1
2121	10	14	57	3051	0	1
2121	11	1	154	3032	0	1
2121	11	2	224	3019	0	1
2121	11	31	136	2982	0	1
2121	12	15	139	2978	0	1
2121	14	13	546	2915	0	1
2121	14	14	23	3063	0	1
2121	14	31	251	2998	0	1
2121	15	31	492	2913	0	1
2121	17	13	419	2729	0	1
2121	18	19	11	3072	0	1
2122	0	1	2	3066	0	1
2122	1	21	202	2896	0	1
2122	2	2	1	3068	0	1
2122	2	18	1	3068	0	1
2122	2	30	1	3067	0	1
2122	3	5	12	3069	0	1
2122	3	11	2250	1819	0	1
2122	3	30	7	3068	0	1
2122	4	1	19	3054	0	1
2122	4	14	3	3068	0	1
2122	4	23	4	3068	0	1
2122	4	30	9	3072	0	1
2122	5	13	419	2729	0	1
2122	5	30	95	3030	0	1
2122	6	0	2	3069	0	1
2122	6	7	17	3073	0	1
2122	7	12	1	3068	0	1
2122	7	30	1	3068	0	1
2122	8	14	9	3066	0	1
2122	9	13	130	3071	0	1
2122	9	25	55	3053	0	1
2122	10	14	97	3038	0	1
2122	11	12	274	2886	0	1
2122	11	13	29	3068	0	1
2122	11	28	141	2984	0	1
2122	11	29	12	3067	0	1
2122	13	29	5	3065	0	1
2122	14	14	350	2972	0	1
2122	14	29	124	3048	0	1
2122	16	0	11	3068	0	1
2122	16	13	4	3065	0	1
2122	16	27	37	3066	0	1
2122	16	28	13	3068	0	1
2122	17	11	104	3063	0	1
2122	17	13	2	3069	0	1
2122	18	16	11	3072	0	1
2122	18	27	228	3006	0	1
2122	19	11	239	2995	0	1
2122	19	13	21	3061	0	1
2123	0	0	10	3067	0	1
2123	0	5	1	3068	0	1
2123	0	18	120	2995	0	1
2123	0	26	535	2653	0	1
2123	1	0	1	3068	0	1
2123	1	12	2	3069	0	1
2123	1	18	34	3059	0	1
2123	2	16	1	3068	0	1
2123	2	31	2	3067	0	1
2123	3	30	1	3068	0	1
2123	4	0	31	3069	0	1
2123	4	4	1	3067	0	1
2123	4	16	28	3077	0	1
2123	4	22	47	3049	0	1
2123	4	31	2	3067	0	1
2123	5	15	28	3064	0	1
2123	5	31	86	3030	0	1
2123	6	16	28	3071	0	1
2123	6	23	11	3072	0	1
2123	6	28	486	2628	0	1
2123	6	30	26	3063	0	1
2123	7	0	528	2902	0	1
2123	7	29	933	2306	0	1
2123	8	0	34	3062	0	1
2123	8	14	1	3068	0	1
2123	9	1	30	3073	0	1
2123	9	29	61	3062	0	1
2123	10	4	2	3066	0	1
2123	10	13	1	3066	0	1
2123	10	14	29	3063	0	1
2123	10	17	2	3065	0	1
2123	10	29	250	2924	0	1
2123	11	1	2	3066	0	1
2123	11	3	224	3019	0	1
2123	11	13	158	2962	0	1
2123	11	16	13	3066	0	1
2123	11	22	37	3058	0	1
2123	11	24	4	3067	0	1
2123	11	29	292	2882	0	1
2123	12	8	17	3065	0	1
2123	12	13	168	2955	0	1
2123	12	30	38	3064	0	1
2123	13	0	1535	2321	0	1
2123	14	29	462	2924	0	1
2123	15	29	483	2919	0	1
2123	16	2	1	3066	0	1
2123	16	24	11	3065	0	1
2123	17	15	3020	981	0	1
2124	0	1	6	3067	0	1
2124	0	26	981	2573	0	1
2124	0	29	7	3066	0	1
2124	1	1	1	3067	0	1
2124	1	2	2	3068	0	1
2124	1	5	13	3070	0	1
2124	1	16	7	3065	0	1
2124	1	19	402	2925	0	1
2124	2	1	1	3067	0	1
2124	2	5	24	3064	0	1
2124	2	16	9	3066	0	1
2124	3	17	60	3054	0	1
2124	3	30	3	3067	0	1
2124	4	2	24	3055	0	1
2124	4	3	27	3055	0	1
2124	4	6	546	2915	0	1
2124	4	7	297	2991	0	1
2124	4	10	1	3066	0	1
2124	5	5	2	3067	0	1
2124	5	7	82	3030	0	1
2124	6	4	1	3068	0	1
2124	6	6	7	3068	0	1
2124	7	1	88	3051	0	1
2124	8	1	23	3065	0	1
2124	9	16	103	3056	0	1
2124	9	25	2	3067	0	1
2124	10	4	1	3066	0	1
2124	10	12	19	3063	0	1
2124	10	15	18	3064	0	1
2124	11	5	471	2870	0	1
2124	11	16	13	3066	0	1
2124	11	23	83	3050	0	1
2124	13	0	45	3049	0	1
2124	13	7	1	3066	0	1
2124	13	22	88	3027	0	1
2124	14	31	3	3066	0	1
2124	15	7	28	3071	0	1
2124	15	23	1	3068	0	1
2124	15	24	12	3067	0	1
2124	16	0	380	2861	0	1
2124	16	1	492	2805	0	1
2124	16	3	47	3051	0	1
2124	16	24	10	3061	0	1
2124	19	24	717	2609	0	1
2125	0	0	2	3066	0	1
2125	0	2	532	2819	0	1
2125	0	3	27	3055	0	1
2125	0	5	3	3065	0	1
2125	0	16	1225	2594	0	1
2125	0	28	1	3068	0	1
2125	1	1	1017	2389	0	1
2125	2	25	83	3064	0	1
2125	3	28	166	2986	0	1
2125	3	29	91	3034	0	1
2125	4	0	17	3058	0	1
2125	5	12	486	2610	0	1
2125	6	8	74	3029	0	1
2125	6	9	113	3018	0	1
2125	6	25	84	3025	0	1
2125	7	8	86	3025	0	1
2125	7	14	239	3005	0	1
2125	7	15	41	3059	0	1
2125	8	4	6	3066	0	1
2125	11	12	38	3064	0	1
2125	11	13	29	3068	0	1
2125	11	28	13	3064	0	1
2125	11	29	25	3063	0	1
2125	12	30	140	2975	0	1
2125	12	31	292	2882	0	1
2125	13	2	131	3058	0	1
2125	13	3	89	3064	0	1
2125	13	10	87	3055	0	1
2125	13	11	130	3071	0	1
2125	13	12	53	3071	0	1
2125	13	14	228	2902	0	1
2125	13	15	118	2986	0	1
2125	15	10	6	3069	0	1
2125	15	12	484	2912	0	1
2125	15	26	1	3066	0	1
2125	15	27	4	3067	0	1
2125	16	13	6	3068	0	1
2125	18	6	1159	2645	0	1
2126	0	19	133	2973	0	1
2126	0	29	1	3068	0	1
2126	1	3	1	3066	0	1
2126	1	17	10	3066	0	1
2126	1	19	56	3052	0	1
2126	2	1	2	3069	0	1
2126	2	5	57	3079	0	1
2126	2	7	1	3066	0	1
2126	2	17	1	3068	0	1
2126	2	24	104	3072	0	1
2126	3	1	6	3067	0	1
2126	3	8	290	2997	0	1
2126	3	31	2	3068	0	1
2126	4	1	23	3067	0	1
2126	4	3	51	3045	0	1
2126	4	7	333	2984	0	1
2126	4	11	1	3066	0	1
2126	4	23	108	3018	0	1
2126	5	28	23	3073	0	1
2126	5	31	1	3066	0	1
2126	6	6	2	3068	0	1
2126	7	8	53	3057	0	1
2126	7	14	546	2915	0	1
2126	8	1	30	3061	0	1
2126	8	4	2	3066	0	1
2126	8	20	623	2860	0	1
2126	9	12	82	3058	0	1
2126	9	20	28	3074	0	1
2126	9	25	4	3067	0	1
2126	10	1	11	3066	0	1
2126	10	13	15	3065	0	1
2126	10	15	29	3063	0	1
2126	11	17	6	3066	0	1
2126	11	23	78	3052	0	1
2126	12	9	9	3064	0	1
2126	12	31	25	3068	0	1
2126	13	1	838	2647	0	1
2126	13	2	1240	1971	0	1
2126	13	10	31	3063	0	1
2126	13	14	77	3003	0	1
2126	13	23	71	3034	0	1
2126	13	25	12	3062	0	1
2126	14	9	138	3049	0	1
2126	14	17	188	2911	0	1
2126	14	28	10	3061	0	1
2126	14	31	7	3068	0	1
2126	16	1	33	3056	0	1
2126	16	9	219	3035	0	1
2126	16	25	19	3065	0	1
2126	17	3	12	3067	0	1
2126	17	25	2947	942	0	1
2126	17	26	32	3070	0	1
2126	19	25	2927	949	0	1
2127	0	2	22	3056	0	1
2127	0	4	4	3066	0	1
2127	0	27	887	2384	0	1
2127	1	17	10	3066	0	1
2127	2	1	2	3069	0	1
2127	2	7	546	2915	0	1
2127	3	1	10	3066	0	1
2127	3	4	4	3070	0	1
2127	4	0	43	3041	0	1
2127	4	1	24	3067	0	1
2127	4	5	1	3067	0	1
2127	4	7	339	2980	0	1
2127	4	15	1	3067	0	1
2127	4	22	1	3066	0	1
2127	6	6	3	3069	0	1
2127	6	8	17	3066	0	1
2127	6	24	81	3035	0	1
2127	7	3	89	3028	0	1
2127	8	1	45	3060	0	1
2127	8	4	3	3067	0	1
2127	8	20	623	2860	0	1
2127	9	12	38	3058	0	1
2127	9	20	45	3060	0	1
2127	9	24	53	3052	0	1
2127	9	25	4	3067	0	1
2127	10	5	2	3066	0	1
2127	10	13	17	3063	0	1
2127	10	26	1	3068	0	1
2127	11	10	2	3067	0	1
2127	11	12	25	3068	0	1
2127	11	17	11	3064	0	1
2127	11	23	62	3058	0	1
2127	11	28	21	3063	0	1
2127	12	9	19	3063	0	1
2127	12	30	254	2909	0	1
2127	12	31	27	3070	0	1
2127	13	1	950	2588	0	1
2127	13	2	105	3038	0	1
2127	13	10	42	3061	0	1
2127	13	14	117	2981	0	1
2127	13	25	9	3068	0	1
2127	14	1	1	3068	0	1
2127	14	9	149	3046	0	1
2127	14	28	104	3057	0	1
2127	14	31	35	3073	0	1
2127	15	7	2	3065	0	1
2127	15	12	172	3007	0	1
2127	15	25	9	3065	0	1
2127	15	29	63	3061	0	1
2127	16	1	164	2920	0	1
2127	16	3	10	3066	0	1
2127	16	12	2	3065	0	1
2127	16	31	1240	1971	0	1
2127	17	10	76	3056	0	1
2127	17	25	553	2756	0	1
2127	18	26	211	3025	0	1
2127	19	10	213	3023	0	1
2127	19	12	21	3061	0	1
2128	0	1	10	3066	0	1
2128	0	4	4	3066	0	1
2128	1	1	1	3068	0	1
2128	1	3	2	3068	0	1
2128	1	5	7	3068	0	1
2128	1	13	2	3069	0	1
2128	2	7	546	2915	0	1
2128	3	8	291	2973	0	1
2128	3	10	2250	1819	0	1
2128	3	17	1	3066	0	1
2128	4	0	33	3045	0	1
2128	4	15	1	3067	0	1
2128	4	17	28	3077	0	1
2128	4	22	4	3068	0	1
2128	4	23	72	3027	0	1
2128	5	5	2	3067	0	1
2128	5	31	1	3066	0	1
2128	6	6	17	3073	0	1
2128	6	7	6	3066	0	1
2128	6	17	45	3060	0	1
2128	6	21	2	3067	0	1
2128	6	29	486	2628	0	1
2128	7	1	623	2860	0	1
2128	8	4	6	3066	0	1
2128	8	20	623	2860	0	1
2128	9	20	45	3060	0	1
2128	9	24	43	3059	0	1
2128	11	5	471	2870	0	1
2128	11	12	38	3064	0	1
2128	12	30	153	2967	0	1
2128	13	2	89	3055	0	1
2128	13	10	85	3056	0	1
2128	13	12	9	3068	0	1
2128	14	28	10	3061	0	1
2128	16	26	34	3065	0	1
2128	16	31	141	3043	0	1
2128	17	3	12	3067	0	1
2128	17	10	104	3063	0	1
2128	18	6	1159	2645	0	1
2128	18	26	228	3006	0	1
2128	19	10	239	2995	0	1
2129	0	0	2	3066	0	1
2129	0	29	7	3066	0	1
2129	1	1	1	3067	0	1
2129	1	3	2	3067	0	1
2129	1	17	10	3066	0	1
2129	1	19	402	2925	0	1
2129	2	5	30	3067	0	1
2129	3	1	10	3066	0	1
2129	4	1	22	3069	0	1
2129	4	3	43	3050	0	1
2129	4	7	546	2915	0	1
2129	4	11	1	3066	0	1
2129	5	12	419	2729	0	1
2129	5	13	192	2984	0	1
2129	6	5	1	3066	0	1
2129	6	7	2	3065	0	1
2129	6	17	34	3061	0	1
2129	6	29	2323	1510	0	1
2129	6	31	26	3063	0	1
2129	8	1	45	3060	0	1
2129	8	15	1	3068	0	1
2129	9	17	57	3060	0	1
2129	9	25	4	3067	0	1
2129	10	1	12	3066	0	1
2129	10	13	19	3063	0	1
2129	10	15	29	3063	0	1
2129	11	17	11	3064	0	1
2129	11	23	28	3061	0	1
2129	12	9	16	3064	0	1
2129	13	7	1	3066	0	1
2129	13	23	88	3027	0	1
2129	13	25	9	3068	0	1
2129	14	9	149	3046	0	1
2129	14	17	2797	967	0	1
2129	14	31	9	3068	0	1
2129	15	23	1	3068	0	1
2129	15	25	12	3067	0	1
2129	15	29	63	3061	0	1
2129	16	1	164	2920	0	1
2129	16	3	47	3051	0	1
2129	16	9	5	3065	0	1
2129	16	25	101	3053	0	1
2129	16	31	182	3033	0	1
2129	17	3	4	3066	0	1
2129	17	25	553	2756	0	1
2129	19	25	717	2609	0	1
2130	0	1	6	3067	0	1
2130	0	4	2	3068	0	1
2130	0	16	1225	2594	0	1
2130	0	19	133	2973	0	1
2130	0	28	1	3068	0	1
2130	2	1	1	3067	0	1
2130	2	5	26	3064	0	1
2130	2	7	215	3012	0	1
2130	2	17	9	3066	0	1
2130	2	24	104	3072	0	1
2130	3	1	4	3066	0	1
2130	3	4	12	3069	0	1
2130	3	8	339	2962	0	1
2130	3	28	166	2986	0	1
2130	3	31	3	3067	0	1
2130	4	0	43	3041	0	1
2130	4	3	19	3058	0	1
2130	4	5	1	3067	0	1
2130	4	11	1	3066	0	1
2130	4	15	2	3069	0	1
2130	4	17	7	3066	0	1
2130	5	5	2	3067	0	1
2130	5	29	43	3048	0	1
2130	6	17	6	3066	0	1
2130	6	24	109	3024	0	1
2130	6	29	469	2744	0	1
2130	7	1	367	2946	0	1
2130	7	14	351	2976	0	1
2130	8	15	1	3068	0	1
2130	9	12	130	3071	0	1
2130	9	24	55	3053	0	1
2130	9	25	2	3067	0	1
2130	10	1	2	3065	0	1
2130	10	5	1	3066	0	1
2130	10	15	27	3065	0	1
2130	11	10	2	3067	0	1
2130	11	17	13	3066	0	1
2130	11	23	83	3050	0	1
2130	11	25	1	3068	0	1
2130	12	9	19	3063	0	1
2130	12	31	38	3064	0	1
2130	13	1	45	3049	0	1
2130	13	28	5	3065	0	1
2130	14	1	1	3068	0	1
2130	14	9	50	3059	0	1
2130	14	17	216	2921	0	1
2130	14	28	24	3056	0	1
2130	14	31	7	3068	0	1
2130	16	1	47	3044	0	1
2130	16	25	10	3061	0	1
2131	0	2	51	3045	0	1
2131	0	4	2	3065	0	1
2131	0	27	981	2573	0	1
2131	1	0	2408	1672	0	1
2131	1	3	2	3066	0	1
2131	1	5	20	3068	0	1
2131	2	5	57	3079	0	1
2131	2	24	83	3064	0	1
2131	3	1	5	3067	0	1
2131	3	4	8	3069	0	1
2131	3	28	109	3018	0	1
2131	4	0	17	3058	0	1
2131	4	1	18	3065	0	1
2131	4	3	51	3045	0	1
2131	4	7	203	3003	0	1
2131	4	11	1	3066	0	1
2131	5	12	2701	1208	0	1
2131	5	13	163	2996	0	1
2131	5	28	23	3073	0	1
2131	6	5	1	3066	0	1
2131	6	8	113	3018	0	1
2131	6	17	33	3063	0	1
2131	6	21	2	3067	0	1
2131	7	14	546	2915	0	1
2131	8	4	2	3067	0	1
2131	9	17	83	3050	0	1
2131	10	1	11	3066	0	1
2131	10	5	2	3066	0	1
2131	10	13	15	3065	0	1
2131	10	15	17	3065	0	1
2131	11	12	27	3070	0	1
2131	11	25	4	3067	0	1
2131	11	28	13	3064	0	1
2131	12	30	292	2882	0	1
2131	13	2	1240	1971	0	1
2131	13	7	1	3066	0	1
2131	13	10	130	3071	0	1
2131	13	12	9	3068	0	1
2131	13	14	228	2902	0	1
2131	14	1	1	3068	0	1
2131	14	17	188	2911	0	1
2131	15	7	9	3067	0	1
2131	15	10	2	3067	0	1
2131	15	26	4	3067	0	1
2131	16	3	10	3066	0	1
2131	16	9	110	3049	0	1
2131	16	12	4	3065	0	1
2131	16	31	1240	1971	0	1
2131	17	3	2	3068	0	1
2131	17	10	78	3056	0	1
2131	17	12	2	3069	0	1
2131	17	26	5	3065	0	1
2131	19	10	209	3025	0	1
2131	19	12	21	3061	0	1
2132	0	3	7	3065	0	1
2132	0	7	49	3046	0	1
2132	0	15	42	3054	0	1
2132	1	18	571	2809	0	1
2132	2	14	5	3069	0	1
2132	2	21	2	3067	0	1
2132	2	27	2	3067	0	1
2132	3	2	3	3068	0	1
2132	3	10	2	3067	0	1
2132	3	16	1	3068	0	1
2132	3	22	2	3067	0	1
2132	4	10	1	3066	0	1
2132	4	14	5	3067	0	1
2132	4	18	5	3065	0	1
2132	4	26	1	3066	0	1
2132	4	27	12	3070	0	1
2132	6	26	1	3068	0	1
2132	6	27	132	3012	0	1
2132	7	6	1	3068	0	1
2132	7	30	4	3067	0	1
2132	8	19	7	3069	0	1
2132	9	6	69	3054	0	1
2132	9	15	12	3066	0	1
2132	9	21	2	3065	0	1
2132	9	28	12	3070	0	1
2132	9	30	16	3065	0	1
2132	10	13	3	3067	0	1
2132	10	19	255	2919	0	1
2132	10	20	1	3068	0	1
2132	10	22	17	3067	0	1
2132	10	23	3	3068	0	1
2132	10	30	120	2984	0	1
2132	11	2	117	3001	0	1
2132	11	3	2	3067	0	1
2132	11	12	252	2888	0	1
2132	11	18	1	3068	0	1
2132	11	22	12	3067	0	1
2132	11	24	252	2888	0	1
2132	12	22	55	3051	0	1
2132	13	2	593	2653	0	1
2132	13	3	83	3072	0	1
2132	13	9	9	3070	0	1
2132	13	10	32	3075	0	1
2132	13	13	125	3048	0	1
2132	13	17	18	3068	0	1
2132	14	1	88	3027	0	1
2132	14	12	1015	2561	0	1
2132	14	13	24	3058	0	1
2132	14	22	482	2815	0	1
2132	14	27	187	3011	0	1
2132	14	29	1	3067	0	1
2132	15	9	286	2953	0	1
2132	15	10	519	2794	0	1
2132	15	12	2	3066	0	1
2132	15	17	88	3027	0	1
2132	15	20	101	3053	0	1
2132	15	22	2927	957	0	1
2132	15	23	2	3067	0	1
2132	16	4	1	3066	0	1
2132	16	29	6	3071	0	1
2132	17	10	32	3051	0	1
2132	17	18	24	3058	0	1
2132	17	20	494	2804	0	1
2133	0	3	8	3066	0	1
2133	1	18	662	2754	0	1
2133	2	13	2	3067	0	1
2133	2	21	1	3068	0	1
2133	2	22	1	3068	0	1
2133	2	29	1	3067	0	1
2133	2	30	7	3066	0	1
2133	3	0	1	3068	0	1
2133	4	1	9	3066	0	1
2133	4	2	1	3067	0	1
2133	4	12	23	3073	0	1
2133	4	13	16	3062	0	1
2133	4	14	5	3067	0	1
2133	4	18	4	3066	0	1
2133	4	24	87	3038	0	1
2133	5	7	1	3066	0	1
2133	5	9	2	3069	0	1
2133	6	10	96	3021	0	1
2133	6	26	1	3068	0	1
2133	6	30	5	3068	0	1
2133	7	6	1	3068	0	1
2133	7	10	107	3021	0	1
2133	7	30	4	3067	0	1
2133	9	1	6	3068	0	1
2133	9	4	17	3071	0	1
2133	9	14	2	3065	0	1
2133	9	21	1	3066	0	1
2133	9	28	12	3070	0	1
2133	10	1	1	3066	0	1
2133	10	12	4	3066	0	1
2133	10	19	138	2987	0	1
2133	10	21	3	3066	0	1
2133	10	23	1	3068	0	1
2133	10	24	7	3066	0	1
2133	11	1	6	3070	0	1
2133	11	10	2	3069	0	1
2133	11	13	15	3068	0	1
2133	11	22	9	3068	0	1
2133	12	3	33	3063	0	1
2133	12	7	267	2903	0	1
2133	12	12	44	3075	0	1
2133	12	14	149	3046	0	1
2133	12	21	49	3072	0	1
2133	12	25	11	3064	0	1
2133	12	27	15	3065	0	1
2133	13	1	155	2956	0	1
2133	13	2	791	2509	0	1
2133	13	10	15	3068	0	1
2133	14	3	713	2686	0	1
2133	14	16	3	3067	0	1
2133	14	20	44	3054	0	1
2133	14	21	553	2756	0	1
2133	14	25	437	2929	0	1
2133	15	0	537	2780	0	1
2133	15	5	239	2995	0	1
2133	15	10	516	2790	0	1
2133	15	17	2	3065	0	1
2133	15	20	175	3034	0	1
2133	15	22	553	2756	0	1
2133	15	29	24	3058	0	1
2133	16	9	7	3067	0	1
2133	16	15	4	3068	0	1
2133	17	0	13	3065	0	1
2133	17	17	24	3058	0	1
2133	17	27	164	2920	0	1
2134	0	24	646	2845	0	1
2134	1	19	899	2650	0	1
2134	2	15	3	3068	0	1
2134	2	20	2	3067	0	1
2134	2	23	1	3068	0	1
2134	2	31	1	3066	0	1
2134	3	1	1	3068	0	1
2134	3	2	1	3067	0	1
2134	3	3	2	3067	0	1
2134	4	11	3	3065	0	1
2134	4	15	5	3067	0	1
2134	4	26	13	3069	0	1
2134	4	27	15	3063	0	1
2134	4	30	70	3051	0	1
2134	5	0	2	3067	0	1
2134	5	11	8	3069	0	1
2134	7	11	127	3012	0	1
2134	7	16	108	3018	0	1
2134	7	18	2	3067	0	1
2134	7	31	4	3067	0	1
2134	8	3	5	3065	0	1
2134	8	27	4	3068	0	1
2134	8	28	18	3069	0	1
2134	9	3	16	3066	0	1
2134	9	14	11	3067	0	1
2134	9	20	2	3065	0	1
2134	9	27	3	3066	0	1
2134	10	3	96	3030	0	1
2134	10	12	2	3067	0	1
2134	10	13	1	3068	0	1
2134	10	15	10	3066	0	1
2134	10	20	2	3065	0	1
2134	10	22	3	3068	0	1
2134	10	23	17	3067	0	1
2134	10	30	83	3050	0	1
2134	11	10	3	3064	0	1
2134	11	24	6	3070	0	1
2134	12	0	15	3072	0	1
2134	12	15	47	3067	0	1
2134	12	19	15	3070	0	1
2134	12	20	37	3058	0	1
2134	12	23	65	3060	0	1
2134	12	29	252	2888	0	1
2134	13	28	122	3047	0	1
2134	14	13	1670	2216	0	1
2134	14	17	2	3066	0	1
2134	14	19	449	2912	0	1
2134	14	20	24	3058	0	1
2134	14	23	553	2756	0	1
2134	14	24	281	2956	0	1
2134	14	31	2	3066	0	1
2134	15	2	208	3015	0	1
2134	15	13	1	3067	0	1
2134	15	14	1	3067	0	1
2134	15	23	558	2730	0	1
2134	15	28	553	2756	0	1
2134	16	3	1	3067	0	1
2134	16	8	4	3069	0	1
2134	16	14	8	3067	0	1
2134	17	1	16	3066	0	1
2134	17	3	9	3067	0	1
2135	2	12	2	3067	0	1
2135	2	21	1	3068	0	1
2135	2	23	1	3068	0	1
2135	2	28	1	3068	0	1
2135	3	0	1	3068	0	1
2135	3	2	1	3067	0	1
2135	4	3	1	3067	0	1
2135	4	12	33	3061	0	1
2135	4	21	2	3066	0	1
2135	4	23	2	3068	0	1
2135	4	25	5	3067	0	1
2135	5	17	26	3063	0	1
2135	5	25	10	3071	0	1
2135	6	6	546	2915	0	1
2135	6	24	215	2948	0	1
2135	7	18	2	3067	0	1
2135	8	31	41	3060	0	1
2135	9	5	9	3068	0	1
2135	9	15	2	3065	0	1
2135	9	27	12	3066	0	1
2135	9	31	35	3063	0	1
2135	10	3	52	3043	0	1
2135	10	12	3	3066	0	1
2135	10	20	3	3066	0	1
2135	10	23	10	3066	0	1
2135	11	0	55	3049	0	1
2135	11	2	1	3066	0	1
2135	11	4	6	3065	0	1
2135	11	10	2	3067	0	1
2135	11	11	2	3069	0	1
2135	11	12	11	3065	0	1
2135	11	21	3	3067	0	1
2135	11	25	122	2978	0	1
2135	12	6	469	2842	0	1
2135	12	12	42	3064	0	1
2135	12	19	9	3066	0	1
2135	12	20	37	3067	0	1
2135	12	21	31	3067	0	1
2135	12	23	39	3057	0	1
2135	12	29	124	2981	0	1
2135	12	30	42	3064	0	1
2135	13	0	297	2877	0	1
2135	13	4	76	3050	0	1
2135	13	8	17	3070	0	1
2135	13	10	68	3064	0	1
2135	13	26	42	3064	0	1
2135	14	13	45	3049	0	1
2135	14	15	4	3065	0	1
2135	14	17	1	3067	0	1
2135	14	19	21	3061	0	1
2135	14	20	482	2815	0	1
2135	14	23	24	3058	0	1
2135	15	8	324	2948	0	1
2135	15	10	553	2756	0	1
2135	15	13	1	3067	0	1
2135	15	14	2	3066	0	1
2135	15	16	81	3028	0	1
2135	15	21	1240	1971	0	1
2135	15	22	1	3066	0	1
2135	16	3	1	3067	0	1
2135	17	3	9	3067	0	1
2135	17	8	32	3051	0	1
2135	17	21	164	2920	0	1
2135	17	22	1	3068	0	1
2136	0	7	51	3045	0	1
2136	0	15	51	3045	0	1
2136	0	25	333	2941	0	1
2136	2	13	2	3067	0	1
2136	2	20	1	3067	0	1
2136	2	21	2	3067	0	1
2136	2	22	1	3068	0	1
2136	2	27	1	3068	0	1
2136	2	29	1	3068	0	1
2136	2	30	1	3066	0	1
2136	2	31	1	3068	0	1
2136	3	0	1	3068	0	1
2136	3	2	2	3067	0	1
2136	3	3	1	3067	0	1
2136	3	10	2	3067	0	1
2136	3	13	2	3068	0	1
2136	3	27	1	3068	0	1
2136	4	1	2	3067	0	1
2136	4	10	3	3065	0	1
2136	4	13	9	3061	0	1
2136	4	14	87	3038	0	1
2136	4	18	5	3065	0	1
2136	4	20	2	3066	0	1
2136	4	22	5	3067	0	1
2136	4	23	108	3018	0	1
2136	4	24	5	3067	0	1
2136	4	26	1	3066	0	1
2136	4	27	13	3069	0	1
2136	5	1	2	3067	0	1
2136	5	2	26	3063	0	1
2136	5	7	15	3063	0	1
2136	5	9	3	3070	0	1
2136	5	10	10	3071	0	1
2136	5	18	15	3067	0	1
2136	5	27	35	3057	0	1
2136	5	29	92	3038	0	1
2136	6	7	77	3040	0	1
2136	6	10	108	3018	0	1
2136	6	27	8	3064	0	1
2136	6	30	5	3068	0	1
2136	7	10	92	3032	0	1
2136	7	19	2	3067	0	1
2136	8	2	5	3065	0	1
2136	8	30	64	3059	0	1
2136	9	2	12	3066	0	1
2136	9	4	6	3066	0	1
2136	9	15	12	3066	0	1
2136	9	21	2	3065	0	1
2136	9	26	12	3066	0	1
2136	9	30	33	3065	0	1
2136	10	1	1	3066	0	1
2136	10	12	1	3068	0	1
2136	10	14	7	3066	0	1
2136	10	22	9	3066	0	1
2136	10	30	252	2888	0	1
2136	10	31	61	3058	0	1
2136	11	2	253	2921	0	1
2136	11	3	2	3069	0	1
2136	11	5	7	3066	0	1
2136	11	10	1	3068	0	1
2136	11	11	3	3064	0	1
2136	11	13	5	3066	0	1
2136	11	18	1	3068	0	1
2136	11	20	3	3067	0	1
2136	11	25	1	3066	0	1
2136	12	7	590	2828	0	1
2136	12	15	2994	1021	0	1
2136	12	18	21	3071	0	1
2136	12	20	10	3070	0	1
2136	12	21	80	3066	0	1
2136	12	22	117	3046	0	1
2136	12	25	11	3067	0	1
2136	12	31	42	3064	0	1
2136	13	2	299	2828	0	1
2136	13	3	35	3070	0	1
2136	13	5	38	3057	0	1
2136	13	9	20	3067	0	1
2136	13	10	37	3072	0	1
2136	13	11	103	3071	0	1
2136	13	13	76	3050	0	1
2136	13	17	11	3068	0	1
2136	13	27	42	3064	0	1
2136	13	29	57	3058	0	1
2136	14	1	84	3028	0	1
2136	14	3	1200	2480	0	1
2136	14	6	3	3067	0	1
2136	14	13	3211	819	0	1
2136	14	15	2	3068	0	1
2136	14	18	214	3027	0	1
2136	14	20	187	3011	0	1
2136	14	21	577	2747	0	1
2136	14	22	577	2747	0	1
2136	14	29	1	3067	0	1
2136	15	15	2	3066	0	1
2136	15	17	83	3026	0	1
2136	15	23	2	3067	0	1
2136	15	29	230	2911	0	1
2136	16	1	38	3049	0	1
2136	16	3	38	3049	0	1
2136	17	9	577	2747	0	1
2136	17	10	544	2759	0	1
2136	17	17	24	3058	0	1
2137	0	15	51	3045	0	1
2137	1	18	899	2650	0	1
2137	2	3	1	3068	0	1
2137	2	14	5	3069	0	1
2137	2	21	2	3067	0	1
2137	2	22	1	3068	0	1
2137	2	30	1	3066	0	1
2137	2	31	2	3068	0	1
2137	3	0	1	3068	0	1
2137	3	1	1	3068	0	1
2137	3	10	2	3067	0	1
2137	3	13	1	3068	0	1
2137	3	20	1	3066	0	1
2137	3	22	2	3069	0	1
2137	3	27	1	3068	0	1
2137	4	2	1	3067	0	1
2137	4	10	3	3065	0	1
2137	4	14	2	3067	0	1
2137	4	18	3	3067	0	1
2137	4	20	1	3066	0	1
2137	4	22	5	3067	0	1
2137	4	24	5	3067	0	1
2137	4	26	1	3066	0	1
2137	4	27	10	3071	0	1
2137	4	31	92	3038	0	1
2137	5	1	2	3067	0	1
2137	5	7	1	3066	0	1
2137	5	9	3	3070	0	1
2137	5	10	10	3071	0	1
2137	5	17	8	3068	0	1
2137	5	20	4	3066	0	1
2137	5	22	2	3067	0	1
2137	6	12	5	3067	0	1
2137	7	10	132	3012	0	1
2137	7	17	32	3049	0	1
2137	7	19	1	3068	0	1
2137	7	30	3	3066	0	1
2137	8	26	3	3068	0	1
2137	8	28	1	3066	0	1
2137	8	29	29	3074	0	1
2137	9	1	7	3067	0	1
2137	9	28	6	3069	0	1
2137	10	13	2	3066	0	1
2137	10	14	10	3065	0	1
2137	10	21	3	3066	0	1
2137	10	24	5	3065	0	1
2137	10	30	12	3059	0	1
2137	10	31	61	3058	0	1
2137	11	1	101	3034	0	1
2137	11	12	183	2928	0	1
2137	11	13	10	3064	0	1
2137	11	22	9	3068	0	1
2137	12	14	80	3046	0	1
2137	12	20	31	3067	0	1
2137	12	21	76	3064	0	1
2137	12	22	121	3046	0	1
2137	12	28	252	2888	0	1
2137	12	31	9	3067	0	1
2137	13	2	847	2477	0	1
2137	13	9	20	3067	0	1
2137	13	10	37	3072	0	1
2137	13	11	79	3072	0	1
2137	13	13	48	3063	0	1
2137	13	27	42	3064	0	1
2137	14	1	35	3045	0	1
2137	14	3	537	2780	0	1
2137	14	6	1	3067	0	1
2137	14	12	553	2836	0	1
2137	14	14	184	3035	0	1
2137	14	15	2	3068	0	1
2137	14	16	1	3067	0	1
2137	14	21	577	2747	0	1
2137	14	22	577	2747	0	1
2137	15	12	1	3066	0	1
2137	15	20	180	3037	0	1
2137	15	22	520	2673	0	1
2137	16	1	530	2770	0	1
2137	16	2	1	3067	0	1
2137	16	3	530	2770	0	1
2137	16	15	3	3068	0	1
2137	16	23	16	3066	0	1
2137	17	0	3	3066	0	1
2137	17	2	2	3067	0	1
2137	17	9	544	2759	0	1
2137	17	10	577	2747	0	1
2137	17	18	24	3058	0	1
2137	17	20	494	2804	0	1
2138	0	7	51	3045	0	1
2138	2	3	1	3068	0	1
2138	2	12	3	3067	0	1
2138	2	14	3	3068	0	1
2138	2	31	2	3068	0	1
2138	3	0	1	3068	0	1
2138	3	1	1	3068	0	1
2138	3	27	1	3068	0	1
2138	4	1	9	3066	0	1
2138	4	2	1	3067	0	1
2138	4	10	3	3065	0	1
2138	4	12	23	3073	0	1
2138	4	13	33	3061	0	1
2138	4	14	87	3038	0	1
2138	4	18	3	3065	0	1
2138	4	20	1	3067	0	1
2138	4	27	10	3071	0	1
2138	4	31	92	3038	0	1
2138	5	16	26	3063	0	1
2138	5	20	55	3054	0	1
2138	5	22	18	3069	0	1
2138	6	10	61	3049	0	1
2138	6	12	92	3032	0	1
2138	6	18	159	2972	0	1
2138	6	25	215	2948	0	1
2138	6	26	1	3068	0	1
2138	6	27	132	3012	0	1
2138	7	6	1	3068	0	1
2138	9	6	29	3063	0	1
2138	9	15	12	3066	0	1
2138	9	21	2	3065	0	1
2138	9	26	4	3069	0	1
2138	10	12	1	3068	0	1
2138	10	13	1	3066	0	1
2138	10	14	7	3066	0	1
2138	10	24	7	3066	0	1
2138	10	30	252	2888	0	1
2138	10	31	83	3050	0	1
2138	11	13	15	3068	0	1
2138	11	24	252	2888	0	1
2138	12	3	16	3069	0	1
2138	12	7	267	2903	0	1
2138	12	13	9	3067	0	1
2138	12	25	11	3064	0	1
2138	12	28	125	2980	0	1
2138	13	1	297	2877	0	1
2138	13	3	73	3070	0	1
2138	13	5	70	3051	0	1
2138	13	11	90	3070	0	1
2138	13	17	18	3068	0	1
2138	13	29	59	3048	0	1
2138	14	1	88	3027	0	1
2138	14	3	537	2780	0	1
2138	14	6	3	3067	0	1
2138	14	13	3223	819	0	1
2138	14	14	4	3065	0	1
2138	14	18	21	3061	0	1
2138	15	0	1220	2466	0	1
2138	15	12	2	3066	0	1
2138	15	17	35	3045	0	1
2138	15	20	1240	1971	0	1
2138	15	22	1342	2117	0	1
2138	15	29	24	3058	0	1
2138	16	2	1	3067	0	1
2138	16	4	1	3066	0	1
2138	16	29	1	3068	0	1
2138	17	0	16	3066	0	1
2138	17	2	9	3067	0	1
2138	17	18	24	3058	0	1
2138	17	27	164	2920	0	1
2139	0	7	51	3045	0	1
2139	0	25	646	2845	0	1
2139	1	18	899	2650	0	1
2139	2	12	1	3068	0	1
2139	2	14	4	3069	0	1
2139	2	20	1	3068	0	1
2139	2	27	2	3067	0	1
2139	2	29	1	3067	0	1
2139	2	31	1	3067	0	1
2139	3	2	3	3068	0	1
2139	3	3	1	3067	0	1
2139	3	16	1	3068	0	1
2139	3	22	2	3067	0	1
2139	4	13	22	3060	0	1
2139	4	18	5	3065	0	1
2139	4	20	2	3066	0	1
2139	4	24	87	3038	0	1
2139	4	26	15	3063	0	1
2139	4	31	27	3058	0	1
2139	5	2	26	3063	0	1
2139	5	7	1	3066	0	1
2139	5	24	10	3071	0	1
2139	6	7	546	2915	0	1
2139	6	10	79	3033	0	1
2139	7	30	4	3067	0	1
2139	8	26	4	3068	0	1
2139	9	28	12	3070	0	1
2139	10	1	1	3066	0	1
2139	10	13	3	3067	0	1
2139	10	14	11	3065	0	1
2139	10	30	252	2888	0	1
2139	11	3	1	3066	0	1
2139	11	5	6	3065	0	1
2139	11	11	2	3067	0	1
2139	11	13	6	3066	0	1
2139	11	22	9	3068	0	1
2139	11	25	6	3070	0	1
2139	12	12	19	3071	0	1
2139	12	14	149	3046	0	1
2139	12	28	252	2888	0	1
2139	13	1	156	2967	0	1
2139	13	3	83	3072	0	1
2139	13	5	76	3050	0	1
2139	13	11	50	3066	0	1
2139	13	17	3	3066	0	1
2139	13	29	122	3047	0	1
2139	14	3	1204	2475	0	1
2139	14	6	2	3067	0	1
2139	14	12	45	3049	0	1
2139	14	13	24	3058	0	1
2139	14	14	176	3034	0	1
2139	14	16	3	3067	0	1
2139	14	18	203	3027	0	1
2139	14	20	176	3014	0	1
2139	14	29	1	3067	0	1
2139	15	11	2751	1086	0	1
2139	15	15	2	3066	0	1
2139	15	17	88	3027	0	1
2139	15	20	187	3033	0	1
2139	15	22	553	2756	0	1
2139	15	23	2	3067	0	1
2139	16	23	16	3066	0	1
2139	16	29	6	3071	0	1
2139	17	17	24	3058	0	1
2139	17	20	164	2920	0	1
2139	17	23	1	3068	0	1
2139	17	27	4	3065	0	1
2140	0	3	8	3066	0	1
2140	0	15	51	3045	0	1
2140	2	3	1	3068	0	1
2140	2	12	2	3067	0	1
2140	2	13	2	3067	0	1
2140	2	14	5	3069	0	1
2140	2	29	3	3068	0	1
2140	2	31	1	3068	0	1
2140	3	0	1	3068	0	1
2140	3	1	1	3068	0	1
2140	3	13	2	3068	0	1
2140	3	27	1	3068	0	1
2140	4	2	1	3067	0	1
2140	4	10	3	3065	0	1
2140	4	14	5	3067	0	1
2140	5	7	15	3063	0	1
2140	5	17	8	3068	0	1
2140	5	18	1	3066	0	1
2140	5	27	35	3057	0	1
2140	5	29	92	3038	0	1
2140	6	12	107	3018	0	1
2140	6	26	1	3068	0	1
2140	7	17	108	3018	0	1
2140	8	19	7	3069	0	1
2140	9	30	34	3064	0	1
2140	10	2	83	3033	0	1
2140	10	12	4	3066	0	1
2140	10	13	1	3066	0	1
2140	10	14	5	3064	0	1
2140	10	18	1	3066	0	1
2140	10	19	255	2919	0	1
2140	10	23	3	3068	0	1
2140	11	5	10	3066	0	1
2140	11	18	1	3068	0	1
2140	11	20	3	3067	0	1
2140	11	25	6	3070	0	1
2140	12	1	15	3072	0	1
2140	12	3	33	3063	0	1
2140	12	7	357	2904	0	1
2140	12	13	42	3064	0	1
2140	12	20	31	3067	0	1
2140	12	27	15	3065	0	1
2140	12	28	177	2944	0	1
2140	13	27	42	3064	0	1
2140	14	1	88	3027	0	1
2140	14	6	3	3067	0	1
2140	14	25	438	2930	0	1
2140	14	27	187	3011	0	1
2140	15	0	537	2780	0	1
2140	16	1	320	2929	0	1
2140	16	9	7	3067	0	1
2140	16	15	8	3067	0	1
2140	17	0	5	3065	0	1
2141	0	7	51	3045	0	1
2141	0	15	51	3045	0	1
2141	0	25	366	2947	0	1
2141	2	12	3	3067	0	1
2141	2	13	2	3067	0	1
2141	2	14	4	3070	0	1
2141	2	20	1	3067	0	1
2141	2	29	3	3068	0	1
2141	2	30	7	3066	0	1
2141	2	31	2	3068	0	1
2141	3	0	1	3068	0	1
2141	3	1	1	3068	0	1
2141	3	2	2	3069	0	1
2141	3	3	1	3067	0	1
2141	3	13	1	3068	0	1
2141	3	27	1	3068	0	1
2141	4	13	13	3061	0	1
2141	4	26	1	3066	0	1
2141	4	27	13	3069	0	1
2141	4	31	92	3038	0	1
2141	5	7	1	3066	0	1
2141	5	18	15	3067	0	1
2141	5	24	7	3070	0	1
2141	7	19	2	3067	0	1
2141	8	2	5	3065	0	1
2141	9	4	17	3071	0	1
2141	9	6	29	3063	0	1
2141	9	14	2	3065	0	1
2141	9	26	12	3066	0	1
2141	9	28	5	3068	0	1
2141	9	30	35	3063	0	1
2141	10	1	1	3066	0	1
2141	10	2	96	3030	0	1
2141	10	12	1	3068	0	1
2141	10	13	3	3066	0	1
2141	10	19	188	2954	0	1
2141	10	20	1	3068	0	1
2141	10	23	3	3068	0	1
2141	11	11	4	3065	0	1
2141	11	12	252	2888	0	1
2141	11	24	252	2888	0	1
2141	12	12	48	3076	0	1
2141	12	18	15	3070	0	1
2141	12	31	42	3064	0	1
2141	13	1	213	2926	0	1
2141	13	11	68	3064	0	1
2141	13	13	125	3048	0	1
2141	13	27	42	3064	0	1
2141	14	3	1290	2432	0	1
2141	14	18	449	2912	0	1
2141	14	20	44	3054	0	1
2141	14	30	2	3066	0	1
2141	15	3	208	3015	0	1
2141	15	5	239	2995	0	1
2141	15	11	553	2756	0	1
2141	15	15	1	3066	0	1
2141	16	2	1	3067	0	1
2141	16	4	1	3066	0	1
2141	16	23	11	3069	0	1
2142	3	25	1	3068	0	1
2142	4	2	1	3068	0	1
2142	4	4	1	3068	0	1
2142	4	6	1	3068	0	1
2142	4	12	1	3068	0	1
2142	4	20	8	3070	0	1
2142	4	21	5	3070	0	1
2142	4	28	14	3067	0	1
2142	5	2	19	3062	0	1
2142	5	16	50	3053	0	1
2142	6	16	12	3060	0	1
2142	6	17	132	3012	0	1
2142	6	24	49	3041	0	1
2142	10	16	1	3068	0	1
2142	10	22	1	3066	0	1
2142	10	30	1	3066	0	1
2142	11	4	1	3066	0	1
2142	11	9	1	3067	0	1
2142	11	13	2	3068	0	1
2142	11	17	6	3066	0	1
2142	11	21	1	3067	0	1
2142	11	28	2	3066	0	1
2142	11	29	2	3067	0	1
2142	12	0	3	3066	0	1
2142	12	1	2	3067	0	1
2142	12	2	2	3069	0	1
2142	12	3	1	3067	0	1
2142	12	10	2	3069	0	1
2142	12	11	4	3065	0	1
2142	13	0	8	3067	0	1
2142	13	1	16	3067	0	1
2142	13	2	6	3067	0	1
2142	13	3	7	3068	0	1
2142	13	9	21	3067	0	1
2142	13	11	11	3067	0	1
2142	13	16	7	3066	0	1
2142	13	17	8	3061	0	1
2142	13	18	1	3067	0	1
2142	13	19	23	3066	0	1
2142	13	26	17	3061	0	1
2142	13	27	24	3065	0	1
2142	14	0	42	3037	0	1
2142	14	1	2	3067	0	1
2142	14	2	154	3036	0	1
2142	14	3	20	3060	0	1
2142	14	9	2	3067	0	1
2142	14	11	30	3054	0	1
2143	2	18	1	3068	0	1
2143	2	26	1	3068	0	1
2143	3	17	1	3068	0	1
2143	3	28	1	3066	0	1
2143	4	14	1	3066	0	1
2143	4	21	1	3066	0	1
2143	4	29	2	3066	0	1
2143	5	2	16	3062	0	1
2143	5	10	26	3056	0	1
2143	5	16	4	3066	0	1
2143	5	24	4	3066	0	1
2143	7	1	132	3012	0	1
2143	10	10	2	3065	0	1
2143	10	20	1	3068	0	1
2143	11	0	1	3068	0	1
2143	11	8	1	3068	0	1
2143	11	16	1	3067	0	1
2143	11	17	5	3068	0	1
2143	11	20	1	3068	0	1
2143	11	21	1	3067	0	1
2143	11	24	3	3068	0	1
2143	11	29	2	3067	0	1
2143	12	0	5	3067	0	1
2143	12	2	2	3069	0	1
2143	12	8	8	3066	0	1
2143	12	11	4	3071	0	1
2143	12	16	13	3072	0	1
2143	12	17	6	3068	0	1
2143	12	18	4	3068	0	1
2143	12	19	4	3067	0	1
2143	12	20	8	3065	0	1
2143	12	21	2	3068	0	1
2143	12	22	11	3065	0	1
2143	12	24	18	3072	0	1
2143	12	29	7	3067	0	1
2143	12	30	18	3065	0	1
2143	12	31	2	3068	0	1
2143	13	0	9	3067	0	1
2143	13	1	8	3062	0	1
2143	13	2	7	3067	0	1
2143	13	3	7	3068	0	1
2143	13	8	28	3063	0	1
2143	13	11	15	3068	0	1
2143	13	16	35	3063	0	1
2143	13	17	12	3064	0	1
2143	13	18	21	3068	0	1
2143	13	19	18	3060	0	1
2143	13	24	49	3063	0	1
2143	13	25	41	3051	0	1
2143	14	0	26	3050	0	1
2143	14	1	1	3066	0	1
2143	14	2	59	3034	0	1
2143	14	3	145	3031	0	1
2143	14	8	126	2972	0	1
2143	14	11	148	3032	0	1
2143	14	18	436	2841	0	1
2143	14	19	45	3042	0	1
2143	14	22	19	3057	0	1
2143	14	30	29	3047	0	1
2143	15	1	545	2763	0	1
2143	15	5	8	3060	0	1
2144	0	18	899	2650	0	1
2144	1	0	2896	1234	0	1
2144	2	18	1	3066	0	1
2144	2	19	1	3067	0	1
2144	2	27	1	3067	0	1
2144	3	0	2	3067	0	1
2144	3	12	1	3066	0	1
2144	3	14	1	3066	0	1
2144	3	15	1	3067	0	1
2144	3	17	1	3068	0	1
2144	3	21	1	3067	0	1
2144	3	25	1	3068	0	1
2144	3	29	1	3067	0	1
2144	4	20	1	3066	0	1
2144	4	21	1	3068	0	1
2144	4	28	1	3066	0	1
2144	5	2	6	3065	0	1
2144	5	10	13	3061	0	1
2144	5	16	1	3068	0	1
2144	5	24	1	3068	0	1
2144	6	1	32	3049	0	1
2144	6	9	91	3010	0	1
2144	6	29	1	3066	0	1
2144	7	16	1408	1909	0	1
2144	10	0	1	3066	0	1
2144	10	8	3	3065	0	1
2144	11	1	1	3066	0	1
2144	11	4	1	3066	0	1
2144	11	9	2	3067	0	1
2144	11	12	3	3068	0	1
2144	11	16	3	3066	0	1
2144	11	17	2	3066	0	1
2144	11	20	1	3068	0	1
2144	11	21	1	3066	0	1
2144	11	25	2	3066	0	1
2144	11	28	3	3067	0	1
2144	12	0	6	3071	0	1
2144	12	1	2	3066	0	1
2144	12	2	1	3068	0	1
2144	12	3	5	3066	0	1
2144	12	9	9	3064	0	1
2144	12	10	3	3068	0	1
2144	12	16	12	3068	0	1
2144	12	17	3	3066	0	1
2144	12	18	3	3066	0	1
2144	12	19	3	3070	0	1
2144	12	20	5	3065	0	1
2144	12	21	3	3068	0	1
2144	12	22	1	3067	0	1
2144	12	23	1	3066	0	1
2144	12	25	19	3060	0	1
2144	12	26	13	3067	0	1
2144	12	27	12	3066	0	1
2144	12	28	8	3063	0	1
2144	13	0	4	3067	0	1
2144	13	1	5	3066	0	1
2144	13	2	25	3070	0	1
2144	13	3	22	3076	0	1
2144	13	9	25	3059	0	1
2144	13	10	44	3069	0	1
2144	13	16	23	3065	0	1
2144	13	17	5	3066	0	1
2144	13	18	15	3063	0	1
2144	13	19	20	3066	0	1
2144	13	25	77	3038	0	1
2144	13	26	23	3059	0	1
2144	14	0	6	3066	0	1
2144	14	1	20	3063	0	1
2144	14	2	36	3057	0	1
2144	14	3	11	3066	0	1
2144	14	9	21	3064	0	1
2144	14	10	173	2962	0	1
2144	14	16	154	3032	0	1
2144	14	17	1112	2475	0	1
2144	14	18	25	3045	0	1
2144	14	19	10	3063	0	1
2144	14	20	1	3067	0	1
2144	14	21	23	3059	0	1
2144	14	22	2	3067	0	1
2144	14	25	1509	2103	0	1
2144	14	26	51	3021	0	1
2144	14	28	1	3067	0	1
2144	15	0	1663	2068	0	1
2144	15	4	1236	1973	0	1
2144	15	12	1260	1950	0	1
2144	15	16	2923	951	0	1
2144	15	21	553	2756	0	1
2144	16	0	2923	951	0	1
2144	16	2	24	3058	0	1
2144	16	16	2923	951	0	1
2144	16	18	24	3058	0	1
2144	17	0	2923	951	0	1
2144	17	2	494	2804	0	1
2144	17	4	4	3065	0	1
2144	17	6	164	2920	0	1
2145	0	2	505	2903	0	1
2145	0	3	122	3030	0	1
2145	0	10	866	2595	0	1
2145	0	16	8	3066	0	1
2145	0	18	318	2830	0	1
2145	3	29	1	3066	0	1
2145	4	0	1	3066	0	1
2145	4	6	4	3066	0	1
2145	4	8	1	3066	0	1
2145	4	10	1	3068	0	1
2145	4	14	4	3066	0	1
2145	4	20	4	3067	0	1
2145	4	21	3	3068	0	1
2145	4	28	10	3065	0	1
2145	5	2	19	3066	0	1
2145	5	16	37	3052	0	1
2145	6	1	183	2966	0	1
2145	10	20	2	3066	0	1
2145	11	0	2	3067	0	1
2145	11	4	1	3066	0	1
2145	11	8	4	3066	0	1
2145	11	12	2	3065	0	1
2145	11	20	3	3068	0	1
2145	11	21	1	3066	0	1
2145	11	24	1	3068	0	1
2145	12	0	3	3066	0	1
2145	12	1	2	3067	0	1
2145	12	2	1	3066	0	1
2145	12	3	3	3069	0	1
2145	12	8	7	3068	0	1
2145	12	9	3	3067	0	1
2145	13	0	6	3072	0	1
2145	13	1	9	3062	0	1
2145	13	2	18	3064	0	1
2145	13	3	14	3063	0	1
2145	13	8	10	3073	0	1
2145	13	10	30	3059	0	1
2145	13	16	19	3060	0	1
2145	13	17	13	3071	0	1
2145	13	18	23	3063	0	1
2145	13	19	32	3056	0	1
2145	13	24	34	3052	0	1
2145	13	27	80	3046	0	1
2145	14	0	42	3069	0	1
2145	14	1	13	3066	0	1
2145	14	2	73	3050	0	1
2145	14	3	13	3059	0	1
2145	14	8	45	3070	0	1
2145	14	10	101	3032	0	1
2145	15	4	24	3058	0	1
2145	15	18	24	3058	0	1
2145	16	0	553	2756	0	1
2145	16	16	553	2756	0	1
2145	16	26	164	2920	0	1
2146	0	0	51	3045	0	1
2146	0	1	51	3045	0	1
2146	0	2	51	3045	0	1
2146	0	3	51	3045	0	1
2146	0	4	11	3063	0	1
2146	1	0	272	2936	0	1
2146	2	6	1	3068	0	1
2146	2	8	1	3068	0	1
2146	2	13	1	3067	0	1
2146	2	21	3	3068	0	1
2146	2	22	3	3068	0	1
2146	3	8	3	3068	0	1
2146	3	11	1	3067	0	1
2146	3	12	1	3067	0	1
2146	3	19	7	3066	0	1
2146	3	20	1	3066	0	1
2146	3	25	7	3066	0	1
2146	3	26	6	3068	0	1
2146	4	0	1	3067	0	1
2146	4	1	1	3067	0	1
2146	4	3	1	3067	0	1
2146	4	4	1	3068	0	1
2146	4	6	1	3066	0	1
2146	4	8	15	3063	0	1
2146	4	15	3	3068	0	1
2146	4	21	26	3063	0	1
2146	5	0	2	3067	0	1
2146	5	8	44	3066	0	1
2146	5	11	44	3066	0	1
2146	5	20	98	3031	0	1
2146	5	26	103	3026	0	1
2146	6	4	5	3067	0	1
2146	6	5	546	2915	0	1
2146	6	14	1	3068	0	1
2146	7	0	7	3066	0	1
2146	7	3	2	3067	0	1
2146	7	5	2	3067	0	1
2146	7	16	7	3065	0	1
2146	7	17	10	3073	0	1
2146	7	26	1408	1909	0	1
2146	7	28	5	3068	0	1
2146	7	30	5	3068	0	1
2146	8	0	9	3066	0	1
2146	8	2	9	3066	0	1
2146	8	15	24	3073	0	1
2146	8	25	19	3068	0	1
2146	8	27	19	3068	0	1
2146	9	0	101	3055	0	1
2146	9	3	30	3073	0	1
2146	9	5	30	3073	0	1
2146	9	6	1	3066	0	1
2146	9	16	45	3060	0	1
2146	9	17	257	2971	0	1
2146	9	28	61	3062	0	1
2146	9	30	61	3062	0	1
2146	10	0	102	3037	0	1
2146	10	2	97	3038	0	1
2146	10	13	5	3062	0	1
2146	10	15	1985	1902	0	1
2146	10	25	250	2924	0	1
2146	10	27	272	2912	0	1
2146	10	28	34	3061	0	1
2146	10	29	83	3050	0	1
2146	11	0	655	2643	0	1
2146	11	3	316	2868	0	1
2146	11	5	292	2882	0	1
2146	11	26	35	3060	0	1
2146	11	28	292	2882	0	1
2146	11	30	316	2868	0	1
2146	12	0	316	2868	0	1
2146	12	2	292	2882	0	1
2146	12	4	4	3067	0	1
2146	12	5	267	2903	0	1
2146	12	13	5	3062	0	1
2146	12	25	292	2882	0	1
2146	12	27	3313	820	0	1
2146	13	0	265	2885	0	1
2146	13	3	3250	839	0	1
2146	13	5	228	2902	0	1
2146	13	26	267	3028	0	1
2146	14	0	1	3068	0	1
2146	14	4	92	3055	0	1
2146	14	14	1	3068	0	1
2146	14	15	2	3068	0	1
2146	14	27	1	3068	0	1
2146	15	0	4	3065	0	1
2146	15	3	7	3068	0	1
2146	15	5	2	3067	0	1
2146	15	6	1	3068	0	1
2146	15	16	3	3067	0	1
2146	15	17	3	3066	0	1
2146	15	26	511	2903	0	1
2146	15	27	2	3067	0	1
2146	15	28	4	3067	0	1
2146	15	30	11	3070	0	1
2146	16	6	21	3076	0	1
2146	16	8	20	3075	0	1
2146	16	11	1	3068	0	1
2146	16	13	16	3068	0	1
2146	16	15	8	3067	0	1
2146	16	20	5	3065	0	1
2146	16	21	5	3065	0	1
2146	16	22	38	3074	0	1
2146	16	23	19	3065	0	1
2146	17	8	72	3068	0	1
2146	17	11	4	3065	0	1
2146	17	12	4	3065	0	1
2146	17	13	68	3068	0	1
2146	17	17	1	3068	0	1
2146	17	19	10	3061	0	1
2146	17	20	150	3039	0	1
2146	17	25	10	3061	0	1
2146	18	6	548	2899	0	1
2146	18	7	21	3061	0	1
2146	18	8	21	3061	0	1
2146	18	11	527	2905	0	1
2146	18	13	21	3061	0	1
2147	0	0	599	2796	0	1
2147	0	2	51	3045	0	1
2147	0	12	52	3044	0	1
2147	0	14	416	2850	0	1
2147	0	25	245	2918	0	1
2147	0	26	133	2973	0	1
2147	1	0	817	2723	0	1
2147	1	3	2896	1234	0	1
2147	1	5	2408	1672	0	1
2147	2	25	2	3067	0	1
2147	2	26	1	3067	0	1
2147	3	0	5	3068	0	1
2147	3	3	3	3067	0	1
2147	3	5	2	3067	0	1
2147	3	16	3	3065	0	1
2147	3	17	4	3066	0	1
2147	3	30	7	3068	0	1
2147	4	0	10	3068	0	1
2147	4	2	9	3065	0	1
2147	4	12	2	3069	0	1
2147	4	14	7	3065	0	1
2147	4	24	2	3069	0	1
2147	4	25	14	3070	0	1
2147	4	26	9	3072	0	1
2147	5	0	51	3055	0	1
2147	5	3	35	3063	0	1
2147	5	4	2	3069	0	1
2147	5	5	16	3064	0	1
2147	5	16	2	3065	0	1
2147	5	28	2	3066	0	1
2147	5	30	95	3030	0	1
2147	6	0	113	3018	0	1
2147	6	2	113	3018	0	1
2147	6	7	83	3040	0	1
2147	6	8	504	2921	0	1
2147	6	9	72	3050	0	1
2147	6	10	527	2928	0	1
2147	6	11	546	2915	0	1
2147	6	12	5	3067	0	1
2147	6	14	55	3028	0	1
2147	6	25	129	3013	0	1
2147	7	0	38	3044	0	1
2147	7	3	129	3013	0	1
2147	7	30	3	3066	0	1
2147	10	2	1	3066	0	1
2147	10	12	2	3067	0	1
2147	10	18	83	3050	0	1
2147	10	19	81	3060	0	1
2147	10	20	34	3061	0	1
2147	10	21	93	3052	0	1
2147	10	25	3	3068	0	1
2147	10	26	2	3065	0	1
2147	11	0	19	3059	0	1
2147	11	3	2	3066	0	1
2147	11	5	2	3066	0	1
2147	11	16	12	3066	0	1
2147	11	17	9	3066	0	1
2147	11	28	2	3067	0	1
2147	11	30	13	3064	0	1
2147	12	0	34	3060	0	1
2147	12	2	19	3063	0	1
2147	12	7	370	2894	0	1
2147	12	8	555	2807	0	1
2147	12	9	367	2898	0	1
2147	12	10	492	2818	0	1
2147	12	11	267	2903	0	1
2147	12	12	8	3068	0	1
2147	12	14	28	3070	0	1
2147	12	24	8	3068	0	1
2147	12	25	52	3065	0	1
2147	12	26	38	3064	0	1
2147	13	0	244	3026	0	1
2147	13	3	166	3054	0	1
2147	13	4	19	3064	0	1
2147	13	5	130	3071	0	1
2147	13	16	131	3068	0	1
2147	13	17	288	2989	0	1
2147	13	28	55	3054	0	1
2147	13	30	136	3033	0	1
2147	14	0	708	2872	0	1
2147	14	2	546	2915	0	1
2147	14	12	140	3025	0	1
2147	14	14	499	2882	0	1
2147	14	24	30	3060	0	1
2147	14	25	746	2753	0	1
2147	14	26	504	2905	0	1
2147	15	0	648	2801	0	1
2147	15	3	511	2903	0	1
2147	15	4	1	3067	0	1
2147	15	16	1260	1950	0	1
2147	16	0	511	2903	0	1
2147	16	12	255	2876	0	1
2147	16	25	511	2903	0	1
2147	17	0	703	2544	0	1
2147	17	3	3421	686	0	1
2147	17	5	419	2729	0	1
2148	8	4	4	3068	0	1
2148	8	19	6	3067	0	1
2148	8	27	13	3070	0	1
2148	10	1	50	3048	0	1
2148	10	3	46	3049	0	1
2148	10	5	11	3061	0	1
2148	10	6	237	3019	0	1
2148	10	7	221	2977	0	1
2148	10	13	21	3051	0	1
2148	10	14	697	2745	0	1
2148	10	15	1267	2240	0	1
2148	10	18	222	2931	0	1
2148	10	19	9	3062	0	1
2148	10	22	33	3055	0	1
2148	10	23	1952	1927	0	1
2148	10	27	11	3060	0	1
2148	10	31	2972	1030	0	1
2148	15	16	1	3066	0	1
2148	15	24	6	3067	0	1
2148	17	16	149	3046	0	1
2149	2	0	1	3068	0	1
2149	2	8	1	3067	0	1
2149	2	16	3	3068	0	1
2149	3	0	3	3068	0	1
2149	3	8	1	3067	0	1
2149	3	16	1	3066	0	1
2149	3	24	7	3066	0	1
2149	4	0	1	3066	0	1
2149	4	24	26	3063	0	1
2149	5	24	98	3031	0	1
2149	6	2	1	3068	0	1
2149	7	2	3	3070	0	1
2149	7	4	1	3067	0	1
2149	7	6	2	3065	0	1
2149	7	14	7	3065	0	1
2149	7	23	1	3068	0	1
2149	8	19	6	3068	0	1
2149	9	5	11	3072	0	1
2149	9	7	6	3066	0	1
2149	9	12	1	3066	0	1
2149	9	21	12	3064	0	1
2149	9	23	17	3066	0	1
2149	10	7	6	3070	0	1
2149	10	23	20	3060	0	1
2149	10	31	24	3057	0	1
2149	11	2	240	2896	0	1
2149	11	10	12	3059	0	1
2149	11	11	2995	1021	0	1
2149	11	16	252	2888	0	1
2149	11	24	2997	1019	0	1
2149	12	0	297	2877	0	1
2149	12	8	2997	1019	0	1
2149	12	16	297	2877	0	1
2149	13	0	3250	839	0	1
2149	14	8	1	3068	0	1
2149	14	17	2	3068	0	1
2149	15	0	1	3067	0	1
2149	15	8	1	3066	0	1
2149	15	9	1	3067	0	1
2149	15	16	1	3067	0	1
2149	15	24	2	3067	0	1
2149	16	0	1	3067	0	1
2149	16	4	6	3067	0	1
2149	16	6	16	3068	0	1
2149	16	20	9	3067	0	1
2149	16	24	1	3066	0	1
2149	16	28	33	3070	0	1
2149	17	0	6	3071	0	1
2149	17	8	72	3072	0	1
2149	18	0	21	3061	0	1
2150	8	2	2	3066	0	1
2150	8	4	4	3069	0	1
2150	8	6	5	3070	0	1
2150	8	12	8	3068	0	1
2150	8	14	12	3071	0	1
2150	8	16	4	3068	0	1
2150	8	17	3	3065	0	1
2150	8	18	3	3068	0	1
2150	8	19	14	3072	0	1
2150	8	25	5	3066	0	1
2150	8	27	26	3074	0	1
2151	4	0	2	3067	0	1
2151	4	4	13	3063	0	1
2151	4	8	1	3067	0	1
2151	4	12	1	3067	0	1
2151	5	0	44	3066	0	1
2151	6	17	1	3068	0	1
2151	7	18	2	3067	0	1
2151	7	19	2	3067	0	1
2151	7	21	2	3069	0	1
2151	7	23	2	3067	0	1
2151	7	29	3	3070	0	1
2151	7	31	7	3070	0	1
2151	8	2	3	3066	0	1
2151	8	6	2	3068	0	1
2151	8	14	4	3068	0	1
2151	8	19	6	3065	0	1
2151	9	2	6	3069	0	1
2151	9	3	6	3068	0	1
2151	9	5	3	3066	0	1
2151	9	6	13	3067	0	1
2151	9	7	27	3072	0	1
2151	9	13	7	3063	0	1
2151	9	14	45	3060	0	1
2151	9	15	63	3063	0	1
2151	9	16	2	3065	0	1
2151	9	18	13	3069	0	1
2151	9	19	20	3063	0	1
2151	9	21	18	3069	0	1
2151	9	22	14	3064	0	1
2151	9	23	51	3053	0	1
2151	9	24	3	3064	0	1
2151	9	29	107	3021	0	1
2151	9	30	24	3062	0	1
2151	9	31	126	3022	0	1
2151	12	16	550	2667	0	1
2151	12	24	2998	1018	0	1
2152	0	16	102	3051	0	1
2152	0	22	981	2573	0	1
2152	0	26	927	2380	0	1
2152	0	30	926	2380	0	1
2152	1	0	1025	2273	0	1
2152	1	2	244	2874	0	1
2152	1	7	1025	2273	0	1
2152	1	12	853	2429	0	1
2152	1	20	1000	2548	0	1
2152	2	12	4	3067	0	1
2152	2	14	20	3072	0	1
2152	2	16	86	3049	0	1
2152	2	17	12	3069	0	1
2152	2	19	20	3072	0	1
2152	2	22	1939	1997	0	1
2152	2	26	1525	2159	0	1
2152	3	0	1048	2510	0	1
2152	3	6	1048	2510	0	1
2152	3	12	781	2752	0	1
2152	3	20	1104	2312	0	1
2152	4	8	2	3069	0	1
2152	4	22	10	3069	0	1
2152	4	27	2	3066	0	1
2152	4	29	5	3068	0	1
2152	5	0	10	3069	0	1
2152	5	20	8	3069	0	1
2152	6	8	110	3061	0	1
2152	6	22	351	2828	0	1
2152	6	26	206	3001	0	1
2152	7	0	351	2828	0	1
2152	7	20	482	2824	0	1
2152	8	8	560	2613	0	1
2152	8	12	6	3068	0	1
2152	8	22	1561	2363	0	1
2152	8	25	279	2940	0	1
2152	8	26	513	2805	0	1
2152	8	30	240	2933	0	1
2152	9	0	1561	2363	0	1
2152	9	20	988	2597	0	1
2152	10	8	16	3075	0	1
2152	10	22	59	3055	0	1
2152	10	25	52	3057	0	1
2152	10	26	484	2895	0	1
2152	10	30	488	2898	0	1
2152	11	0	59	3055	0	1
2152	11	20	97	3053	0	1
2152	12	22	1326	2525	0	1
2152	12	26	12	3061	0	1
2152	13	0	1326	2525	0	1
2152	13	20	1079	2587	0	1
2152	16	12	9	3065	0	1
2152	18	30	1	3066	0	1
2152	50	14	2632	1482	0	1
2153	0	3	24	3074	0	1
2153	0	15	10	3058	0	1
2153	0	17	2198	1814	0	1
2153	0	21	981	2573	0	1
2153	0	25	1722	2184	0	1
2153	0	29	1722	2184	0	1
2153	0	31	449	2838	0	1
2153	1	1	883	2396	0	1
2153	1	3	1722	2184	0	1
2153	1	5	981	2573	0	1
2153	1	6	981	2573	0	1
2153	1	7	1057	2352	0	1
2153	1	8	1025	2273	0	1
2153	1	19	1119	2317	0	1
2153	2	3	11	3066	0	1
2153	2	13	16	3070	0	1
2153	2	16	2008	1955	0	1
2153	2	17	2008	1955	0	1
2153	2	21	1939	1997	0	1
2153	2	25	61	3066	0	1
2153	2	29	61	3066	0	1
2153	2	31	616	2568	0	1
2153	3	3	61	3066	0	1
2153	3	5	517	2805	0	1
2153	3	6	793	2658	0	1
2153	3	8	1048	2510	0	1
2153	3	19	32	3062	0	1
2153	4	11	2	3068	0	1
2153	4	15	271	2956	0	1
2153	4	20	6	3067	0	1
2153	4	21	10	3069	0	1
2153	4	24	2	3066	0	1
2153	4	25	4	3067	0	1
2153	4	29	4	3067	0	1
2153	5	3	4	3067	0	1
2153	5	7	1	3067	0	1
2153	5	19	5	3065	0	1
2153	6	16	351	2828	0	1
2153	6	17	351	2828	0	1
2153	6	21	351	2828	0	1
2153	8	15	2	3068	0	1
2153	8	16	1570	2362	0	1
2153	8	17	1570	2362	0	1
2153	8	21	1561	2363	0	1
2153	8	25	18	3068	0	1
2153	8	26	279	2940	0	1
2153	8	29	18	3068	0	1
2153	9	3	18	3068	0	1
2153	9	19	27	3071	0	1
2153	10	11	17	3065	0	1
2153	10	16	71	3056	0	1
2153	10	17	71	3056	0	1
2153	10	21	59	3055	0	1
2153	10	25	46	3065	0	1
2153	10	26	52	3057	0	1
2153	10	29	46	3065	0	1
2153	11	3	46	3065	0	1
2153	11	19	77	3056	0	1
2153	12	16	1326	2525	0	1
2153	12	17	1326	2525	0	1
2153	12	21	1326	2525	0	1
2153	16	16	64	3069	0	1
2153	16	25	64	3069	0	1
2153	16	29	64	3069	0	1
2153	17	3	64	3069	0	1
2153	17	19	67	3062	0	1
2153	18	16	413	2890	0	1
2153	18	17	413	2890	0	1
2153	18	25	413	2890	0	1
2153	18	29	413	2890	0	1
2153	19	3	413	2890	0	1
2153	19	19	437	2900	0	1
2154	0	1	20	3068	0	1
2154	0	7	107	2990	0	1
2154	0	17	51	3064	0	1
2154	1	1	2	3069	0	1
2154	1	5	9	3065	0	1
2154	1	6	111	3031	0	1
2154	1	7	68	3049	0	1
2154	2	3	1	3067	0	1
2154	2	23	2	3067	0	1
2154	2	27	3	3068	0	1
2154	3	7	10	3062	0	1
2154	3	11	5	3068	0	1
2154	3	23	10	3066	0	1
2154	3	27	30	3059	0	1
2154	6	3	969	2594	0	1
2154	11	3	21	3068	0	1
2154	50	20	2632	1482	0	1
2154	50	21	2632	1482	0	1
2155	0	0	5	3065	0	1
2155	0	1	5	3065	0	1
2155	0	6	82	3008	0	1
2155	0	16	12	3066	0	1
2155	0	17	48	3066	0	1
2155	1	0	3	3069	0	1
2155	1	4	16	3068	0	1
2155	1	5	15	3071	0	1
2155	1	6	339	2962	0	1
2155	1	16	15	3068	0	1
2155	1	20	107	3061	0	1
2155	1	21	51	3069	0	1
2155	2	2	6	3068	0	1
2155	2	14	1	3068	0	1
2155	2	22	41	3055	0	1
2155	2	26	6	3066	0	1
2155	3	6	214	3008	0	1
2155	3	10	13	3070	0	1
2155	3	22	7	3066	0	1
2155	3	26	30	3059	0	1
2155	4	14	113	3018	0	1
2155	10	18	43	3063	0	1
2156	0	1	13	3066	0	1
2156	0	2	20	3068	0	1
2156	0	18	13	3068	0	1
2156	1	6	30	3068	0	1
2156	1	18	15	3068	0	1
2156	2	20	3	3066	0	1
2156	3	4	10	3061	0	1
2156	3	20	10	3066	0	1
2156	3	24	9	3066	0	1
2156	4	12	113	3018	0	1
2156	6	3	74	3026	0	1
2156	6	17	163	3005	0	1
2156	6	18	150	3017	0	1
2156	8	24	10	3066	0	1
2156	8	27	10	3066	0	1
2156	50	22	2632	1482	0	1
2157	0	19	14	3065	0	1
2157	1	1	204	2907	0	1
2157	1	3	4	3070	0	1
2157	1	5	339	2962	0	1
2157	1	6	167	3015	0	1
2157	1	19	4	3070	0	1
2157	2	2	1	3067	0	1
2157	2	13	1	3068	0	1
2157	2	21	2	3066	0	1
2157	2	25	5	3065	0	1
2157	3	5	214	3008	0	1
2157	3	9	13	3070	0	1
2157	3	21	93	3047	0	1
2157	4	13	82	3033	0	1
2157	4	29	97	3027	0	1
2157	5	13	96	3032	0	1
2157	5	14	95	3019	0	1
2157	6	1	68	3034	0	1
2157	6	2	969	2594	0	1
2157	10	17	32	3068	0	1
2157	10	18	43	3063	0	1
2157	11	1	9	3071	0	1
2157	11	2	21	3068	0	1
2157	12	3	26	3059	0	1
2157	50	20	2632	1482	0	1
2157	50	21	2632	1482	0	1
2158	0	3	13	3070	0	1
2158	0	6	238	2891	0	1
2158	1	0	6	3072	0	1
2158	1	4	30	3068	0	1
2158	1	5	84	3061	0	1
2158	1	6	101	3029	0	1
2158	1	16	15	3068	0	1
2158	1	20	107	3061	0	1
2158	2	1	37	3043	0	1
2158	2	2	6	3068	0	1
2158	2	22	41	3055	0	1
2158	2	26	6	3066	0	1
2158	3	6	6	3065	0	1
2158	3	10	10	3068	0	1
2158	3	26	18	3068	0	1
2158	4	1	1	3066	0	1
2158	4	3	11	3071	0	1
2158	4	14	90	3027	0	1
2158	4	29	1	3066	0	1
2158	4	30	96	3023	0	1
2158	5	9	2	3068	0	1
2158	5	14	92	3025	0	1
2158	5	17	4	3066	0	1
2158	6	11	26	3057	0	1
2158	7	5	54	3048	0	1
2158	7	9	1464	2369	0	1
2158	8	1	11	3066	0	1
2158	8	11	1	3067	0	1
2158	8	21	16	3061	0	1
2158	10	1	27	3068	0	1
2158	10	18	31	3061	0	1
2158	11	2	21	3068	0	1
2158	11	15	1	3066	0	1
2158	12	0	26	3059	0	1
2158	12	17	2764	1156	0	1
2158	12	19	19	3075	0	1
2158	14	31	4	3065	0	1
2158	19	9	41	3070	0	1
2159	0	1	7	3068	0	1
2159	0	7	238	2891	0	1
2159	0	17	51	3064	0	1
2159	0	22	3	3067	0	1
2159	1	0	43	3068	0	1
2159	1	1	6	3072	0	1
2159	1	16	106	3063	0	1
2159	1	20	240	3051	0	1
2159	1	21	107	3061	0	1
2159	1	28	402	2925	0	1
2159	2	0	6	3071	0	1
2159	3	8	950	2688	0	1
2159	3	10	60	3063	0	1
2159	3	11	10	3068	0	1
2159	3	22	1	3067	0	1
2159	3	23	93	3047	0	1
2159	3	27	26	3057	0	1
2159	4	4	1	3066	0	1
2159	4	10	1019	2657	0	1
2159	4	28	15	3063	0	1
2159	5	8	76	3062	0	1
2159	5	12	1	3066	0	1
2159	5	20	689	2824	0	1
2159	6	17	220	2982	0	1
2159	8	0	15	3070	0	1
2159	8	8	242	2981	0	1
2159	8	10	328	2820	0	1
2159	8	16	4	3068	0	1
2159	8	20	577	2645	0	1
2159	8	27	10	3066	0	1
2159	8	28	1	3068	0	1
2159	9	4	364	2803	0	1
2159	9	8	121	2977	0	1
2159	9	12	4	3068	0	1
2159	9	16	6	3067	0	1
2159	9	26	1086	2503	0	1
2159	9	28	5	3065	0	1
2159	10	12	13	3069	0	1
2159	10	18	6	3066	0	1
2159	10	19	43	3063	0	1
2159	10	22	471	2870	0	1
2159	10	28	18	3064	0	1
2159	11	2	6	3070	0	1
2159	12	0	600	2777	0	1
2159	12	4	3	3067	0	1
2159	12	28	267	2903	0	1
2159	16	20	18	3068	0	1
2159	17	16	99	3000	0	1
2160	0	3	646	2845	0	1
2160	0	18	27	3067	0	1
2160	0	22	7	3065	0	1
2160	1	1	35	3065	0	1
2160	1	17	57	3066	0	1
2160	2	1	5	3070	0	1
2160	2	6	90	3060	0	1
2160	3	0	60	3060	0	1
2160	3	9	1225	2594	0	1
2160	3	24	299	2817	0	1
2160	4	5	1	3067	0	1
2160	4	11	663	2596	0	1
2160	4	16	1	3067	0	1
2160	4	29	19	3063	0	1
2160	5	7	3	3065	0	1
2160	5	9	60	3063	0	1
2160	5	20	199	2995	0	1
2160	6	8	2	3067	0	1
2160	6	14	6	3069	0	1
2160	6	23	12	3067	0	1
2160	6	31	6	3067	0	1
2160	7	5	60	3053	0	1
2160	7	20	18	3065	0	1
2160	7	30	188	2909	0	1
2160	7	31	22	3062	0	1
2160	8	24	2	3067	0	1
2160	8	25	4	3068	0	1
2160	8	31	255	2974	0	1
2160	9	9	217	2880	0	1
2160	9	25	27	3066	0	1
2160	10	10	12	3071	0	1
2160	10	17	351	2950	0	1
2160	10	18	3	3067	0	1
2160	10	25	170	3000	0	1
2160	11	9	555	2785	0	1
2160	12	0	4	3067	0	1
2160	12	4	3	3067	0	1
2160	12	19	77	3056	0	1
2160	13	5	1	3066	0	1
2160	13	20	1	3066	0	1
2160	14	3	4	3065	0	1
2160	15	18	1	3066	0	1
2160	16	21	18	3068	0	1
2160	16	26	43	3068	0	1
2160	17	5	302	2957	0	1
2160	17	6	204	3048	0	1
2160	17	20	87	2996	0	1
2160	17	21	152	2953	0	1
2161	0	31	5	3068	0	1
2161	1	2	1048	2510	0	1
2161	1	3	847	2598	0	1
2161	1	8	670	2810	0	1
2161	1	9	1225	2594	0	1
2161	1	11	8	3065	0	1
2161	1	31	8	3065	0	1
2161	2	0	43	3041	0	1
2161	2	1	23	3052	0	1
2161	2	3	16	3061	0	1
2161	2	29	154	3037	0	1
2161	3	0	1	3066	0	1
2161	3	1	2	3066	0	1
2161	3	11	38	3034	0	1
2161	3	14	1	3068	0	1
2161	4	0	1	3068	0	1
2161	4	1	1	3066	0	1
2161	4	11	36	3035	0	1
2161	4	22	2	3067	0	1
2161	4	23	2	3067	0	1
2161	4	24	892	2707	0	1
2161	4	25	1101	2629	0	1
2161	4	27	27	3044	0	1
2161	4	28	1	3066	0	1
2161	4	29	7	3066	0	1
2161	5	2	11	3070	0	1
2161	5	8	1	3067	0	1
2161	5	9	2	3068	0	1
2161	5	10	9	3060	0	1
2161	5	11	12	3060	0	1
2161	5	23	1	3066	0	1
2161	5	24	5	3068	0	1
2161	5	25	4	3069	0	1
2161	6	10	25	3060	0	1
2161	6	11	188	2909	0	1
2161	6	22	16	3070	0	1
2161	7	2	109	3049	0	1
2161	7	3	67	3056	0	1
2161	7	5	139	3023	0	1
2161	7	9	29	3062	0	1
2161	7	10	217	2880	0	1
2161	7	11	127	2969	0	1
2161	7	22	112	3023	0	1
2161	8	16	1	3068	0	1
2161	8	20	24	3062	0	1
2161	10	10	3	3067	0	1
2161	10	11	3	3067	0	1
2161	10	16	53	3073	0	1
2161	10	19	5	3067	0	1
2161	10	26	9	3069	0	1
2161	11	10	15	3068	0	1
2161	11	11	15	3068	0	1
2161	11	12	83	3050	0	1
2161	11	14	1	3066	0	1
2161	11	15	12	3066	0	1
2161	11	26	35	3061	0	1
2161	11	27	35	3061	0	1
2161	12	4	23	3065	0	1
2161	12	11	101	3030	0	1
2161	12	14	24	3053	0	1
2161	12	26	386	2851	0	1
2161	12	31	87	3055	0	1
2161	13	11	835	2580	0	1
2161	13	18	991	2540	0	1
2161	14	1	1	3067	0	1
2161	14	15	41	3055	0	1
2161	14	16	6	3067	0	1
2161	14	31	214	3008	0	1
2161	16	14	4	3066	0	1
2161	16	31	11	3064	0	1
2161	17	14	26	3069	0	1
2161	17	31	38	3068	0	1
2161	18	14	73	3076	0	1
2161	18	31	158	3033	0	1
2161	19	14	144	2975	0	1
2161	19	31	818	2667	0	1
2162	0	3	164	3017	0	1
2162	1	2	791	2649	0	1
2162	1	21	135	3048	0	1
2162	2	2	969	2594	0	1
2162	2	10	533	2880	0	1
2162	3	0	12	3067	0	1
2162	3	1	64	3063	0	1
2162	3	10	10	3062	0	1
2162	3	11	49	3064	0	1
2162	3	23	1	3067	0	1
2162	4	1	156	3036	0	1
2162	4	5	1	3066	0	1
2162	4	11	805	2761	0	1
2162	4	22	1	3067	0	1
2162	4	24	1164	2600	0	1
2162	4	29	18	3061	0	1
2162	5	9	74	3052	0	1
2162	5	13	94	3036	0	1
2162	5	16	108	3018	0	1
2162	5	17	111	3050	0	1
2162	5	24	1	3067	0	1
2162	6	5	5	3067	0	1
2162	6	31	4	3068	0	1
2162	7	5	88	3042	0	1
2162	7	17	7	3068	0	1
2162	7	31	28	3060	0	1
2162	8	10	1	3067	0	1
2162	8	11	369	2800	0	1
2162	8	21	388	2790	0	1
2162	8	29	1	3068	0	1
2162	8	31	191	2992	0	1
2162	9	5	248	2884	0	1
2162	9	13	1	3068	0	1
2162	9	27	1211	2449	0	1
2162	9	29	9	3068	0	1
2162	10	1	4	3069	0	1
2162	10	7	18	3070	0	1
2162	10	13	11	3069	0	1
2162	10	23	241	2968	0	1
2162	10	29	26	3061	0	1
2162	11	3	3	3067	0	1
2162	12	4	11	3066	0	1
2162	12	5	3	3067	0	1
2162	12	16	188	2911	0	1
2162	12	17	1	3067	0	1
2162	13	0	434	2931	0	1
2162	13	6	11	3064	0	1
2162	13	21	1	3066	0	1
2162	14	19	36	3071	0	1
2162	15	19	93	3047	0	1
2162	16	19	6	3071	0	1
2162	17	17	55	3027	0	1
2163	0	2	3	3067	0	1
2163	0	16	623	2807	0	1
2163	0	30	46	3067	0	1
2163	1	2	476	2843	0	1
2163	1	8	303	2937	0	1
2163	1	30	22	3062	0	1
2163	2	2	47	3045	0	1
2163	2	10	590	2826	0	1
2163	2	14	1592	2067	0	1
2163	2	28	15	3063	0	1
2163	2	30	707	2556	0	1
2163	3	0	3	3066	0	1
2163	3	1	124	3059	0	1
2163	3	11	31	3066	0	1
2163	4	2	13	3070	0	1
2163	4	5	2	3066	0	1
2163	4	11	817	2730	0	1
2163	4	17	1	3067	0	1
2163	4	24	1064	2627	0	1
2163	4	28	1	3066	0	1
2163	4	29	33	3061	0	1
2163	4	31	960	2434	0	1
2163	5	2	4	3069	0	1
2163	5	8	1	3068	0	1
2163	5	9	72	3061	0	1
2163	5	21	759	2803	0	1
2163	6	5	13	3071	0	1
2163	6	9	1	3067	0	1
2163	6	17	4	3068	0	1
2163	6	22	16	3070	0	1
2163	7	2	109	3049	0	1
2163	7	4	99	3039	0	1
2163	7	5	133	3031	0	1
2163	7	8	38	3062	0	1
2163	7	10	250	2872	0	1
2163	7	13	112	3019	0	1
2163	7	22	112	3023	0	1
2163	8	8	2	3068	0	1
2163	8	11	499	2699	0	1
2163	8	17	5	3068	0	1
2163	8	20	26	3061	0	1
2163	8	21	400	2771	0	1
2163	8	29	1	3068	0	1
2163	9	5	1262	2024	0	1
2163	9	13	2	3069	0	1
2163	9	15	188	2909	0	1
2163	9	17	13	3070	0	1
2163	9	27	1154	2481	0	1
2163	9	29	12	3066	0	1
2163	10	1	4	3069	0	1
2163	10	10	3	3067	0	1
2163	10	13	9	3067	0	1
2163	10	16	37	3073	0	1
2163	10	17	579	2860	0	1
2163	10	18	9	3068	0	1
2163	10	19	5	3067	0	1
2163	10	26	6	3067	0	1
2163	10	29	29	3063	0	1
2163	11	3	4	3070	0	1
2163	11	10	5	3069	0	1
2163	11	14	6	3067	0	1
2163	11	29	852	2589	0	1
2163	12	4	23	3065	0	1
2163	12	10	21	3057	0	1
2163	12	16	398	2790	0	1
2163	12	26	313	2861	0	1
2163	13	0	434	2931	0	1
2163	13	2	539	2840	0	1
2163	13	11	188	2911	0	1
2163	13	18	329	2797	0	1
2163	14	0	1	3067	0	1
2163	14	30	212	3008	0	1
2163	15	3	2	3067	0	1
2163	16	14	4	3066	0	1
2163	16	19	4	3070	0	1
2163	16	30	6	3065	0	1
2163	17	14	26	3069	0	1
2163	17	30	29	3066	0	1
2163	18	14	73	3076	0	1
2163	18	30	127	3044	0	1
2163	19	14	144	2975	0	1
2164	0	2	13	3070	0	1
2164	0	19	7	3066	0	1
2164	0	30	7	3066	0	1
2164	1	1	43	3068	0	1
2164	1	4	52	3058	0	1
2164	1	8	1225	2594	0	1
2164	1	17	106	3063	0	1
2164	1	29	402	2925	0	1
2164	1	30	22	3062	0	1
2164	2	1	6	3071	0	1
2164	2	7	92	3053	0	1
2164	2	14	52	3048	0	1
2164	2	28	154	3037	0	1
2164	2	30	347	2872	0	1
2164	3	0	3	3066	0	1
2164	3	7	2	3066	0	1
2164	3	9	1225	2594	0	1
2164	3	10	3	3065	0	1
2164	4	0	1	3066	0	1
2164	4	2	6	3068	0	1
2164	4	24	850	2731	0	1
2164	4	26	9	3062	0	1
2164	4	28	7	3066	0	1
2164	5	10	9	3063	0	1
2164	5	13	94	3036	0	1
2164	6	9	2	3067	0	1
2164	6	10	188	2909	0	1
2164	6	17	4	3068	0	1
2164	6	23	2	3068	0	1
2164	7	2	109	3049	0	1
2164	7	8	29	3061	0	1
2164	7	10	217	2880	0	1
2164	7	17	1	3068	0	1
2164	7	21	3	3067	0	1
2164	8	16	1	3068	0	1
2164	8	17	5	3068	0	1
2164	8	20	16	3062	0	1
2164	8	21	393	2773	0	1
2164	8	25	4	3068	0	1
2164	9	15	188	2909	0	1
2164	9	24	2	3066	0	1
2164	9	25	19	3069	0	1
2164	10	7	17	3066	0	1
2164	10	11	4	3068	0	1
2164	10	16	51	3074	0	1
2164	10	18	9	3068	0	1
2164	10	25	131	3019	0	1
2164	11	9	1357	2445	0	1
2164	12	1	251	2871	0	1
2164	12	4	23	3065	0	1
2164	12	14	1	3067	0	1
2164	12	16	188	2911	0	1
2164	12	17	1	3067	0	1
2164	12	19	59	3059	0	1
2164	13	0	434	2931	0	1
2164	13	2	539	2840	0	1
2164	13	5	1	3066	0	1
2164	13	11	188	2911	0	1
2164	13	18	329	2797	0	1
2164	14	0	1	3067	0	1
2164	15	19	93	3047	0	1
2165	0	3	646	2845	0	1
2165	0	30	9	3067	0	1
2165	1	1	15	3068	0	1
2165	1	4	104	3049	0	1
2165	1	10	8	3065	0	1
2165	1	30	1	3068	0	1
2165	2	0	28	3050	0	1
2165	2	2	81	3024	0	1
2165	2	14	1592	2067	0	1
2165	2	30	707	2556	0	1
2165	3	1	124	3059	0	1
2165	3	7	1	3067	0	1
2165	3	9	372	2932	0	1
2165	3	10	38	3034	0	1
2165	3	11	60	3063	0	1
2165	3	14	1	3068	0	1
2165	3	23	1	3067	0	1
2165	4	10	12	3060	0	1
2165	4	17	1	3067	0	1
2165	4	26	12	3060	0	1
2165	4	29	33	3061	0	1
2165	4	31	919	2568	0	1
2165	5	8	2	3068	0	1
2165	5	9	74	3059	0	1
2165	5	10	12	3060	0	1
2165	5	13	1	3066	0	1
2165	5	16	108	3018	0	1
2165	5	17	70	3056	0	1
2165	5	21	955	2736	0	1
2165	6	5	6	3070	0	1
2165	6	9	2	3067	0	1
2165	6	15	3	3068	0	1
2165	6	31	6	3067	0	1
2165	7	31	188	2909	0	1
2165	8	0	11	3066	0	1
2165	8	8	2	3068	0	1
2165	8	10	1	3067	0	1
2165	8	20	26	3061	0	1
2165	8	21	396	2791	0	1
2165	8	31	378	2930	0	1
2165	9	15	24	3056	0	1
2165	9	17	13	3070	0	1
2165	10	0	27	3068	0	1
2165	10	1	4	3069	0	1
2165	10	7	6	3068	0	1
2165	10	16	47	3072	0	1
2165	10	18	9	3068	0	1
2165	10	19	2	3065	0	1
2165	10	23	471	2870	0	1
2165	11	3	5	3069	0	1
2165	11	10	6	3066	0	1
2165	11	12	83	3050	0	1
2165	11	14	12	3066	0	1
2165	12	5	3	3067	0	1
2165	12	14	24	3053	0	1
2165	12	18	6	3071	0	1
2165	12	30	55	3064	0	1
2165	13	2	539	2840	0	1
2165	13	6	13	3062	0	1
2165	13	10	151	2933	0	1
2165	13	21	1	3066	0	1
2165	14	14	41	3055	0	1
2165	14	19	10	3067	0	1
2165	14	30	214	3008	0	1
2165	15	19	10	3066	0	1
2165	16	19	6	3071	0	1
2166	0	2	4	3067	0	1
2166	1	1	12	3069	0	1
2166	1	2	388	2847	0	1
2166	1	4	103	3050	0	1
2166	1	30	22	3062	0	1
2166	2	0	43	3041	0	1
2166	2	2	87	3022	0	1
2166	2	7	78	3054	0	1
2166	2	10	1225	2594	0	1
2166	2	28	21	3064	0	1
2166	3	1	90	3067	0	1
2166	3	7	1	3066	0	1
2166	3	11	38	3060	0	1
2166	4	0	1	3066	0	1
2166	4	2	13	3070	0	1
2166	4	5	2	3066	0	1
2166	4	11	663	2596	0	1
2166	4	17	1	3067	0	1
2166	4	29	16	3064	0	1
2166	4	31	782	2654	0	1
2166	5	2	11	3070	0	1
2166	5	9	60	3063	0	1
2166	5	13	3	3067	0	1
2166	5	17	14	3066	0	1
2166	5	21	199	2995	0	1
2166	6	5	9	3068	0	1
2166	6	10	7	3065	0	1
2166	7	5	133	3031	0	1
2166	7	17	1	3068	0	1
2166	7	22	51	3041	0	1
2166	8	1	12	3070	0	1
2166	8	9	181	2993	0	1
2166	8	11	499	2699	0	1
2166	8	17	4	3069	0	1
2166	8	21	577	2645	0	1
2166	8	29	1	3068	0	1
2166	9	5	577	2645	0	1
2166	9	13	4	3068	0	1
2166	9	15	10	3062	0	1
2166	9	17	10	3070	0	1
2166	9	27	1795	2159	0	1
2166	9	29	12	3066	0	1
2166	10	7	8	3068	0	1
2166	10	13	13	3069	0	1
2166	10	17	494	2882	0	1
2166	10	23	358	2918	0	1
2166	10	29	29	3063	0	1
2166	11	3	6	3070	0	1
2166	12	14	13	3061	0	1
2166	12	17	1	3067	0	1
2166	12	18	2	3068	0	1
2166	12	29	179	2990	0	1
2166	13	11	1809	1559	0	1
2166	14	14	3	3066	0	1
2166	14	16	6	3067	0	1
2166	14	19	10	3067	0	1
2166	15	19	10	3066	0	1
2166	16	19	4	3070	0	1
2166	16	30	7	3065	0	1
2166	17	14	19	3070	0	1
2166	19	8	41	3070	0	1
2167	0	3	242	2988	0	1
2167	0	23	7	3065	0	1
2167	0	30	3	3068	0	1
2167	1	1	43	3068	0	1
2167	1	2	1048	2510	0	1
2167	1	8	992	2705	0	1
2167	1	10	12	3066	0	1
2167	1	21	240	3051	0	1
2167	1	29	20	3062	0	1
2167	1	30	22	3062	0	1
2167	2	1	3	3070	0	1
2167	2	2	969	2594	0	1
2167	2	7	37	3067	0	1
2167	2	10	947	2684	0	1
2167	2	14	36	3053	0	1
2167	2	28	19	3062	0	1
2167	2	30	424	2828	0	1
2167	3	0	12	3067	0	1
2167	3	7	1	3067	0	1
2167	3	9	1225	2594	0	1
2167	3	10	10	3062	0	1
2167	3	14	1	3068	0	1
2167	4	0	1	3066	0	1
2167	4	1	156	3036	0	1
2167	4	2	10	3070	0	1
2167	4	5	1	3066	0	1
2167	4	10	8	3063	0	1
2167	4	11	251	2967	0	1
2167	4	22	2	3067	0	1
2167	4	24	1164	2600	0	1
2167	4	26	11	3060	0	1
2167	4	28	1	3066	0	1
2167	4	31	1048	2510	0	1
2167	5	2	6	3067	0	1
2167	5	8	2	3068	0	1
2167	5	10	8	3063	0	1
2167	5	16	16	3061	0	1
2167	5	17	109	3049	0	1
2167	5	21	763	2807	0	1
2167	5	22	1	3066	0	1
2167	5	24	5	3068	0	1
2167	6	10	26	3055	0	1
2167	6	15	5	3066	0	1
2167	6	22	16	3070	0	1
2167	7	4	139	3023	0	1
2167	7	8	1464	2369	0	1
2167	7	13	112	3019	0	1
2167	7	17	1	3068	0	1
2167	7	21	3	3067	0	1
2167	7	22	112	3023	0	1
2167	7	31	26	3059	0	1
2167	8	1	13	3070	0	1
2167	8	9	317	2947	0	1
2167	8	20	13	3064	0	1
2167	9	9	217	2880	0	1
2167	9	29	12	3066	0	1
2167	10	1	4	3069	0	1
2167	10	10	3	3067	0	1
2167	10	13	5	3067	0	1
2167	10	16	34	3068	0	1
2167	10	17	669	2823	0	1
2167	10	18	9	3068	0	1
2167	10	19	3	3067	0	1
2167	10	25	93	3034	0	1
2167	10	26	9	3069	0	1
2167	11	10	15	3068	0	1
2167	11	12	83	3050	0	1
2167	11	14	10	3068	0	1
2167	11	26	35	3061	0	1
2167	12	10	70	3036	0	1
2167	12	19	63	3057	0	1
2167	12	26	313	2861	0	1
2167	12	29	267	2903	0	1
2167	13	10	1713	2212	0	1
2167	14	3	4	3065	0	1
2167	14	19	10	3067	0	1
2167	15	3	2	3067	0	1
2167	16	14	4	3066	0	1
2167	16	19	6	3071	0	1
2167	16	21	18	3068	0	1
2167	16	27	18	3061	0	1
2167	16	30	11	3064	0	1
2167	17	5	420	2907	0	1
2167	17	7	176	3026	0	1
2167	17	14	26	3069	0	1
2167	17	17	99	3000	0	1
2167	17	21	152	2953	0	1
2167	17	30	38	3068	0	1
2167	18	14	73	3076	0	1
2167	18	30	158	3033	0	1
2167	19	14	144	2975	0	1
2167	19	30	25	3047	0	1
2168	0	2	897	2726	0	1
2168	0	16	1302	2498	0	1
2168	0	19	671	2771	0	1
2168	0	21	221	2991	0	1
2168	0	26	727	2732	0	1
2168	1	1	12	3060	0	1
2168	1	3	339	2962	0	1
2168	1	9	2	3068	0	1
2168	1	10	73	3067	0	1
2168	1	11	974	2589	0	1
2168	1	16	981	2573	0	1
2168	1	17	30	3071	0	1
2168	2	13	188	2909	0	1
2168	3	1	1	3067	0	1
2168	3	3	1	3068	0	1
2168	3	6	36	3067	0	1
2168	3	9	1	3067	0	1
2168	3	10	3	3067	0	1
2168	3	12	12	3070	0	1
2168	3	18	12	3063	0	1
2168	3	23	75	3059	0	1
2168	4	4	433	2987	0	1
2168	4	9	91	3054	0	1
2168	4	13	2	3068	0	1
2168	4	18	2	3067	0	1
2168	4	19	95	3064	0	1
2168	4	22	1	3066	0	1
2168	4	26	1	3066	0	1
2168	5	0	1	3067	0	1
2168	5	1	104	3065	0	1
2168	5	4	1	3066	0	1
2168	5	7	244	3051	0	1
2168	5	9	1	3067	0	1
2168	5	18	1	3068	0	1
2168	5	22	6	3067	0	1
2168	6	10	2	3066	0	1
2168	6	12	7	3069	0	1
2168	6	16	1	3067	0	1
2168	6	22	53	3045	0	1
2168	6	25	16	3068	0	1
2168	7	9	5	3068	0	1
2168	7	16	146	3044	0	1
2168	7	20	34	3057	0	1
2168	7	22	63	3047	0	1
2168	7	29	54	3047	0	1
2168	8	18	182	2936	0	1
2168	8	25	1164	2519	0	1
2168	9	6	9	3072	0	1
2168	9	7	129	2965	0	1
2168	9	9	192	2905	0	1
2168	9	10	163	2952	0	1
2168	9	18	1582	2253	0	1
2168	10	1	4	3066	0	1
2168	10	13	8	3069	0	1
2168	10	20	7	3068	0	1
2168	10	21	22	3073	0	1
2168	10	29	4	3069	0	1
2168	10	31	18	3068	0	1
2168	11	5	113	3046	0	1
2168	11	10	13	3072	0	1
2168	16	4	9	3070	0	1
2168	16	31	5	3066	0	1
2168	17	21	6	3065	0	1
2169	0	19	1302	2498	0	1
2169	0	21	88	3037	0	1
2169	0	26	710	2770	0	1
2169	0	27	104	3072	0	1
2169	0	29	1437	2434	0	1
2169	1	0	4	3064	0	1
2169	1	1	8	3063	0	1
2169	1	2	12	3060	0	1
2169	1	4	1464	2223	0	1
2169	1	8	1431	2437	0	1
2169	1	10	13	3072	0	1
2169	1	11	37	3041	0	1
2169	1	18	49	3065	0	1
2169	1	20	3	3066	0	1
2169	2	12	9	3065	0	1
2169	2	25	1	3068	0	1
2169	3	6	25	3065	0	1
2169	3	10	3	3067	0	1
2169	3	11	23	3051	0	1
2169	4	11	2	3067	0	1
2169	4	14	2	3068	0	1
2169	4	29	871	2758	0	1
2169	5	0	1	3067	0	1
2169	5	1	11	3066	0	1
2169	5	2	113	3053	0	1
2169	5	4	1220	2597	0	1
2169	5	5	5	3066	0	1
2169	5	11	1	3068	0	1
2169	5	12	2	3068	0	1
2169	5	21	1	3066	0	1
2169	5	22	4	3067	0	1
2169	6	10	3	3065	0	1
2169	6	14	317	2947	0	1
2169	6	16	10	3067	0	1
2169	6	20	5	3065	0	1
2169	6	21	27	3062	0	1
2169	7	3	132	3043	0	1
2169	7	9	10	3068	0	1
2169	7	10	10	3069	0	1
2169	7	13	378	2930	0	1
2169	7	29	32	3058	0	1
2169	8	1	89	2999	0	1
2169	9	3	72	3024	0	1
2169	9	6	10	3071	0	1
2169	9	11	170	2987	0	1
2169	9	15	3	3067	0	1
2169	10	3	12	3066	0	1
2169	10	18	5	3068	0	1
2169	10	20	18	3072	0	1
2169	10	31	22	3065	0	1
2169	11	1	13	3070	0	1
2169	12	1	669	2823	0	1
2169	12	27	471	2870	0	1
2169	16	31	7	3064	0	1
2169	17	2	10	3065	0	1
2169	17	24	4	3066	0	1
2169	18	29	99	3000	0	1
2170	0	9	529	2851	0	1
2170	0	17	1437	2434	0	1
2170	0	19	20	3068	0	1
2170	0	20	312	2961	0	1
2170	0	26	29	3067	0	1
2170	0	28	671	2771	0	1
2170	1	1	12	3058	0	1
2170	1	3	8	3063	0	1
2170	1	5	936	2590	0	1
2170	1	8	10	3069	0	1
2170	1	9	1449	2427	0	1
2170	1	13	1437	2434	0	1
2170	1	19	57	3079	0	1
2170	2	7	19	3063	0	1
2170	2	10	2	3068	0	1
2170	2	12	4	3065	0	1
2170	2	14	3	3065	0	1
2170	2	20	7	3062	0	1
2170	2	28	15	3071	0	1
2170	3	10	127	2974	0	1
2170	3	13	5	3071	0	1
2170	3	22	37	3063	0	1
2170	4	18	124	3059	0	1
2170	4	19	2	3067	0	1
2170	4	21	1	3068	0	1
2170	4	27	1	3066	0	1
2170	4	28	132	3024	0	1
2170	4	31	892	2733	0	1
2170	5	1	1	3067	0	1
2170	5	3	9	3068	0	1
2170	5	4	2	3068	0	1
2170	5	8	1	3067	0	1
2170	5	10	2	3069	0	1
2170	5	14	1	3066	0	1
2170	5	18	1221	2596	0	1
2170	5	26	1	3067	0	1
2170	6	20	6	3061	0	1
2170	6	23	73	3039	0	1
2170	6	24	6	3069	0	1
2170	7	2	127	3048	0	1
2170	7	9	30	3065	0	1
2170	7	11	14	3069	0	1
2170	7	12	249	2984	0	1
2170	8	10	2	3068	0	1
2170	8	17	182	2936	0	1
2170	9	2	49	3033	0	1
2170	9	6	103	2989	0	1
2170	9	7	5	3068	0	1
2170	9	8	226	2896	0	1
2170	9	9	1550	2261	0	1
2170	9	10	133	3011	0	1
2170	10	0	4	3066	0	1
2170	10	13	15	3067	0	1
2170	10	20	14	3070	0	1
2170	10	26	1	3068	0	1
2170	11	3	110	3043	0	1
2170	11	10	18	3068	0	1
2170	11	26	45	3060	0	1
2170	15	30	13	3068	0	1
2170	16	31	14	3068	0	1
2170	17	0	3	3065	0	1
2170	17	5	22	3062	0	1
2170	17	14	22	3068	0	1
2170	19	0	66	3069	0	1
2171	0	3	1437	2434	0	1
2171	0	4	998	2616	0	1
2171	0	17	671	2771	0	1
2171	0	18	1437	2434	0	1
2171	0	20	199	2998	0	1
2171	1	2	126	3015	0	1
2171	1	8	15	3065	0	1
2171	1	11	33	3062	0	1
2171	1	19	17	3066	0	1
2171	2	0	4	3066	0	1
2171	2	2	4	3066	0	1
2171	2	14	4	3066	0	1
2171	2	17	40	3061	0	1
2171	3	2	14	3060	0	1
2171	3	8	1	3067	0	1
2171	3	10	217	2880	0	1
2171	3	13	6	3071	0	1
2171	3	14	21	3068	0	1
2171	3	16	1	3068	0	1
2171	4	6	1	3067	0	1
2171	4	7	1225	2594	0	1
2171	4	14	266	2990	0	1
2171	4	31	124	3028	0	1
2171	5	4	5	3066	0	1
2171	5	6	1	3066	0	1
2171	5	10	3	3069	0	1
2171	5	17	1042	2641	0	1
2171	5	19	1	3068	0	1
2171	5	20	1	3066	0	1
2171	5	26	1	3067	0	1
2171	6	17	16	3066	0	1
2171	6	19	3	3065	0	1
2171	6	20	24	3064	0	1
2171	6	23	12	3059	0	1
2171	6	26	6	3066	0	1
2171	7	10	19	3063	0	1
2171	7	17	168	3043	0	1
2171	7	19	34	3066	0	1
2171	7	23	50	3048	0	1
2171	7	26	148	3051	0	1
2171	8	5	4	3068	0	1
2171	8	10	2	3068	0	1
2171	8	22	2	3068	0	1
2171	8	26	236	2909	0	1
2171	9	5	1	3068	0	1
2171	9	6	91	2993	0	1
2171	9	8	182	2930	0	1
2171	9	9	1051	2520	0	1
2171	9	10	226	2966	0	1
2171	9	11	184	2937	0	1
2171	9	14	2	3066	0	1
2171	9	29	5	3068	0	1
2171	10	2	13	3071	0	1
2171	10	20	18	3073	0	1
2171	11	9	4	3069	0	1
2171	16	4	24	3065	0	1
2171	16	31	31	3066	0	1
2171	19	3	176	3026	0	1
2172	0	2	1437	2434	0	1
2172	0	5	1030	2619	0	1
2172	0	8	68	3022	0	1
2172	0	11	738	2738	0	1
2172	0	18	20	3068	0	1
2172	0	23	1	3066	0	1
2172	1	1	12	3060	0	1
2172	1	2	12	3060	0	1
2172	1	9	15	3065	0	1
2172	1	11	229	2893	0	1
2172	1	17	23	3067	0	1
2172	1	20	7	3063	0	1
2172	2	1	4	3066	0	1
2172	2	6	40	3061	0	1
2172	2	11	1	3067	0	1
2172	2	13	37	3052	0	1
2172	2	15	7	3066	0	1
2172	2	21	13	3060	0	1
2172	2	29	9	3070	0	1
2172	3	1	4	3067	0	1
2172	3	3	5	3064	0	1
2172	3	9	1	3067	0	1
2172	3	11	76	3013	0	1
2172	3	15	24	3069	0	1
2172	3	23	62	3052	0	1
2172	4	7	1	3067	0	1
2172	4	9	79	3058	0	1
2172	4	11	1	3067	0	1
2172	4	15	207	3014	0	1
2172	4	19	87	3064	0	1
2172	4	20	1	3067	0	1
2172	4	22	4	3069	0	1
2172	4	29	220	2914	0	1
2172	4	30	783	2757	0	1
2172	5	1	480	2852	0	1
2172	5	2	158	3044	0	1
2172	5	5	3	3068	0	1
2172	5	7	1	3066	0	1
2172	5	11	3	3069	0	1
2172	5	12	2	3068	0	1
2172	5	20	1	3067	0	1
2172	5	22	1	3068	0	1
2172	5	25	1	3067	0	1
2172	5	27	1	3067	0	1
2172	6	1	11	3066	0	1
2172	6	10	3	3065	0	1
2172	6	12	30	3065	0	1
2172	6	14	173	2993	0	1
2172	6	21	46	3055	0	1
2172	6	22	103	3025	0	1
2172	6	25	16	3068	0	1
2172	6	27	5	3065	0	1
2172	7	3	168	3043	0	1
2172	7	9	12	3069	0	1
2172	7	10	16	3070	0	1
2172	7	11	19	3063	0	1
2172	7	27	148	3051	0	1
2172	7	29	54	3047	0	1
2172	8	1	103	2991	0	1
2172	8	10	1283	2413	0	1
2172	8	11	2	3068	0	1
2172	8	12	471	2754	0	1
2172	8	23	1	3067	0	1
2172	8	25	1164	2519	0	1
2172	8	27	236	2909	0	1
2172	9	3	51	3034	0	1
2172	9	7	129	2965	0	1
2172	9	9	287	2851	0	1
2172	9	10	236	2909	0	1
2172	9	11	226	2966	0	1
2172	9	15	1	3066	0	1
2172	9	18	1067	2517	0	1
2172	10	12	15	3067	0	1
2172	10	13	5	3069	0	1
2172	10	18	1	3068	0	1
2172	10	20	18	3072	0	1
2172	10	21	27	3073	0	1
2172	10	29	2	3067	0	1
2172	10	31	22	3065	0	1
2172	11	1	13	3070	0	1
2172	11	5	113	3046	0	1
2172	11	10	16	3073	0	1
2172	11	11	22	3065	0	1
2172	12	1	669	2823	0	1
2172	12	27	270	2943	0	1
2172	16	30	31	3066	0	1
2172	16	31	7	3064	0	1
2172	17	1	1	3068	0	1
2172	17	2	7	3064	0	1
2172	17	16	4	3066	0	1
2172	17	24	4	3066	0	1
2172	18	29	91	3006	0	1
2173	0	5	1437	2434	0	1
2173	0	11	1449	2427	0	1
2173	0	18	9	3067	0	1
2173	0	23	7	3063	0	1
2173	0	27	104	3072	0	1
2173	0	29	1437	2434	0	1
2173	1	0	12	3058	0	1
2173	1	1	12	3060	0	1
2173	1	2	12	3060	0	1
2173	1	3	339	2962	0	1
2173	1	4	1388	2355	0	1
2173	1	8	1449	2427	0	1
2173	1	10	73	3067	0	1
2173	1	12	1437	2434	0	1
2173	1	18	51	3064	0	1
2173	1	20	7	3063	0	1
2173	2	1	1	3066	0	1
2173	2	6	34	3062	0	1
2173	2	12	7	3067	0	1
2173	2	13	37	3052	0	1
2173	2	15	7	3066	0	1
2173	2	16	13	3062	0	1
2173	2	21	13	3060	0	1
2173	3	6	15	3064	0	1
2173	3	10	3	3067	0	1
2173	3	12	1	3068	0	1
2173	3	15	24	3069	0	1
2173	4	7	1	3067	0	1
2173	4	18	1	3067	0	1
2173	4	19	124	3059	0	1
2173	4	20	2	3068	0	1
2173	4	21	2	3068	0	1
2173	4	23	1042	2641	0	1
2173	4	26	1	3066	0	1
2173	4	29	781	2752	0	1
2173	4	30	412	2845	0	1
2173	5	1	132	3065	0	1
2173	5	2	78	3057	0	1
2173	5	4	1	3066	0	1
2173	5	15	244	3051	0	1
2173	5	20	1	3067	0	1
2173	5	22	6	3067	0	1
2173	5	25	244	3051	0	1
2173	6	1	16	3066	0	1
2173	6	10	3	3065	0	1
2173	6	12	13	3067	0	1
2173	6	14	139	3010	0	1
2173	6	16	16	3066	0	1
2173	6	18	2	3065	0	1
2173	6	20	5	3065	0	1
2173	6	21	42	3056	0	1
2173	6	22	117	3020	0	1
2173	6	25	16	3068	0	1
2173	6	27	5	3065	0	1
2173	7	3	168	3043	0	1
2173	7	8	30	3065	0	1
2173	7	9	12	3069	0	1
2173	7	10	16	3070	0	1
2173	7	18	7	3065	0	1
2173	7	20	3	3066	0	1
2173	8	1	182	2936	0	1
2173	8	4	3	3067	0	1
2173	8	10	611	2767	0	1
2173	8	11	2	3068	0	1
2173	8	12	232	2963	0	1
2173	8	16	11	3068	0	1
2173	8	18	182	2936	0	1
2173	8	25	1164	2519	0	1
2173	8	27	236	2909	0	1
2173	9	4	2	3068	0	1
2173	9	6	10	3071	0	1
2173	9	7	129	2965	0	1
2173	9	9	287	2851	0	1
2173	9	10	236	2909	0	1
2173	9	11	133	3011	0	1
2173	9	18	1582	2253	0	1
2173	9	28	3	3067	0	1
2173	10	12	8	3068	0	1
2173	10	13	8	3069	0	1
2173	10	20	18	3072	0	1
2173	10	21	27	3073	0	1
2173	10	27	1	3068	0	1
2173	10	29	4	3069	0	1
2173	10	31	22	3065	0	1
2173	11	2	22	3060	0	1
2173	11	5	113	3046	0	1
2173	11	10	16	3073	0	1
2173	11	11	22	3065	0	1
2173	11	27	45	3060	0	1
2173	16	23	13	3070	0	1
2173	16	30	31	3066	0	1
2173	17	1	4	3066	0	1
2173	17	2	7	3067	0	1
2173	17	16	4	3066	0	1
2173	17	21	1	3066	0	1
2173	17	23	3	3065	0	1
2173	19	1	66	3069	0	1
2174	0	5	1419	2444	0	1
2174	0	11	1449	2427	0	1
2174	0	23	7	3063	0	1
2174	1	4	1734	2177	0	1
2174	1	11	974	2589	0	1
2174	1	16	981	2573	0	1
2174	1	17	14	3066	0	1
2174	1	20	3	3064	0	1
2174	2	6	40	3061	0	1
2174	2	11	1	3067	0	1
2174	2	25	1	3067	0	1
2174	3	1	3	3067	0	1
2174	3	3	10	3062	0	1
2174	3	12	2	3068	0	1
2174	3	15	11	3067	0	1
2174	3	23	89	3053	0	1
2174	4	7	1	3067	0	1
2174	4	9	66	3059	0	1
2174	4	11	2	3067	0	1
2174	4	15	210	3007	0	1
2174	4	19	124	3059	0	1
2174	4	20	2	3068	0	1
2174	4	23	1042	2641	0	1
2174	4	26	1	3066	0	1
2174	5	0	1	3067	0	1
2174	5	4	1220	2597	0	1
2174	5	11	2	3068	0	1
2174	5	18	1	3068	0	1
2174	5	19	1221	2596	0	1
2174	5	20	1	3067	0	1
2174	5	21	1	3066	0	1
2174	5	22	6	3067	0	1
2174	5	27	1	3067	0	1
2174	6	16	7	3067	0	1
2174	6	25	8	3070	0	1
2174	7	3	168	3043	0	1
2174	7	8	19	3068	0	1
2174	8	4	3	3068	0	1
2174	8	16	122	2973	0	1
2174	8	23	1	3067	0	1
2174	8	25	84	3012	0	1
2174	9	3	72	3024	0	1
2174	9	8	1032	2530	0	1
2174	9	15	2	3066	0	1
2174	10	12	7	3068	0	1
2174	10	13	8	3069	0	1
2174	10	20	8	3069	0	1
2174	10	27	1	3068	0	1
2174	11	1	13	3070	0	1
2174	11	2	26	3061	0	1
2174	11	27	33	3060	0	1
2174	12	1	669	2823	0	1
2174	16	23	7	3068	0	1
2174	17	1	4	3066	0	1
2174	18	29	99	3000	0	1
2174	19	2	176	3026	0	1
2175	0	5	1437	2434	0	1
2175	0	18	20	3068	0	1
2175	0	23	7	3063	0	1
2175	0	26	749	2733	0	1
2175	1	0	2	3067	0	1
2175	1	3	88	3039	0	1
2175	1	8	202	2990	0	1
2175	1	11	236	2890	0	1
2175	1	12	740	2719	0	1
2175	1	16	4	3068	0	1
2175	1	18	57	3079	0	1
2175	2	1	4	3066	0	1
2175	2	16	40	3061	0	1
2175	2	29	15	3071	0	1
2175	3	1	3	3067	0	1
2175	3	6	36	3067	0	1
2175	3	12	6	3071	0	1
2175	3	15	8	3071	0	1
2175	3	23	104	3049	0	1
2175	4	9	91	3054	0	1
2175	4	11	2	3067	0	1
2175	4	15	266	2990	0	1
2175	4	18	2	3067	0	1
2175	4	20	2	3067	0	1
2175	4	26	1	3066	0	1
2175	5	5	5	3066	0	1
2175	5	7	244	3051	0	1
2175	5	9	1	3067	0	1
2175	5	11	3	3069	0	1
2175	5	16	1042	2641	0	1
2175	5	22	3	3066	0	1
2175	6	1	16	3066	0	1
2175	6	10	2	3066	0	1
2175	6	12	30	3065	0	1
2175	6	14	317	2947	0	1
2175	6	18	3	3065	0	1
2175	7	8	24	3064	0	1
2175	7	13	378	2930	0	1
2175	7	18	34	3066	0	1
2175	7	20	19	3063	0	1
2175	8	1	182	2936	0	1
2175	8	4	4	3068	0	1
2175	8	10	1283	2413	0	1
2175	8	12	471	2754	0	1
2175	8	16	182	2936	0	1
2175	8	23	2	3068	0	1
2175	8	25	790	2687	0	1
2175	8	27	126	2972	0	1
2175	9	3	49	3038	0	1
2175	9	4	1	3068	0	1
2175	9	6	4	3070	0	1
2175	9	8	1550	2261	0	1
2175	9	15	3	3067	0	1
2175	9	18	1091	2505	0	1
2175	9	28	5	3068	0	1
2175	10	12	15	3067	0	1
2175	10	13	2	3066	0	1
2175	10	20	11	3071	0	1
2175	10	29	4	3069	0	1
2175	11	8	4	3069	0	1
2175	12	27	471	2870	0	1
2175	16	5	24	3065	0	1
2175	17	2	10	3065	0	1
2175	17	16	4	3066	0	1
2176	0	5	1437	2434	0	1
2176	0	8	1449	2427	0	1
2176	0	11	1449	2427	0	1
2176	0	16	723	2733	0	1
2176	0	19	1437	2434	0	1
2176	0	23	7	3063	0	1
2176	0	26	1449	2427	0	1
2176	0	27	104	3072	0	1
2176	0	29	1437	2434	0	1
2176	1	0	12	3058	0	1
2176	1	3	339	2962	0	1
2176	1	8	1449	2427	0	1
2176	1	12	1437	2434	0	1
2176	1	17	30	3071	0	1
2176	1	18	16	3066	0	1
2176	1	20	7	3063	0	1
2176	2	3	4	3066	0	1
2176	2	6	40	3061	0	1
2176	2	25	1	3068	0	1
2176	3	15	15	3071	0	1
2176	3	18	12	3063	0	1
2176	5	15	244	3051	0	1
2176	5	25	244	3051	0	1
2176	6	1	15	3067	0	1
2176	6	10	3	3065	0	1
2176	6	12	25	3065	0	1
2176	6	14	136	3016	0	1
2176	6	16	16	3066	0	1
2176	6	20	5	3065	0	1
2176	7	3	168	3043	0	1
2176	7	8	30	3065	0	1
2176	8	4	3	3067	0	1
2176	8	10	1283	2413	0	1
2176	8	12	471	2754	0	1
2176	8	18	182	2936	0	1
2176	9	6	10	3071	0	1
2176	9	8	238	2859	0	1
2176	9	18	1582	2253	0	1
2176	10	1	4	3066	0	1
2176	10	3	14	3073	0	1
2176	10	20	18	3072	0	1
2176	10	27	1	3068	0	1
2176	10	29	4	3069	0	1
2176	11	11	22	3065	0	1
2176	11	27	45	3060	0	1
2176	15	31	13	3068	0	1
2176	16	23	13	3068	0	1
2176	16	30	31	3066	0	1
2176	17	1	2	3065	0	1
2176	17	2	3	3069	0	1
2176	17	4	27	3060	0	1
2176	17	15	22	3068	0	1
2176	17	16	2	3065	0	1
2176	17	23	1	3067	0	1
2176	17	24	4	3066	0	1
2176	19	1	66	3069	0	1
2177	0	2	1437	2434	0	1
2177	0	11	68	3022	0	1
2177	0	16	1437	2434	0	1
2177	0	18	12	3068	0	1
2177	0	19	723	2733	0	1
2177	0	29	1419	2444	0	1
2177	1	0	4	3064	0	1
2177	1	4	823	2625	0	1
2177	2	3	4	3066	0	1
2177	2	12	10	3066	0	1
2177	2	13	188	2909	0	1
2177	3	1	4	3067	0	1
2177	3	3	13	3060	0	1
2177	3	11	217	2880	0	1
2177	3	12	1	3068	0	1
2177	3	15	24	3069	0	1
2177	3	17	1	3068	0	1
2177	4	4	433	2987	0	1
2177	4	6	1225	2594	0	1
2177	4	7	1	3067	0	1
2177	4	9	68	3056	0	1
2177	4	13	2	3068	0	1
2177	4	15	188	3016	0	1
2177	4	19	88	3058	0	1
2177	5	12	2	3068	0	1
2177	5	15	1	3066	0	1
2177	5	18	1	3068	0	1
2177	5	20	1	3067	0	1
2177	6	1	16	3066	0	1
2177	6	25	16	3068	0	1
2177	6	27	5	3065	0	1
2177	7	11	19	3063	0	1
2177	7	16	168	3043	0	1
2177	7	18	32	3065	0	1
2177	7	20	19	3063	0	1
2177	7	22	54	3047	0	1
2177	7	27	148	3051	0	1
2177	7	29	54	3047	0	1
2177	8	1	182	2936	0	1
2177	8	11	2	3068	0	1
2177	8	25	1164	2519	0	1
2177	8	27	236	2909	0	1
2177	9	11	226	2966	0	1
2177	9	15	3	3067	0	1
2177	9	28	3	3068	0	1
2177	10	18	5	3068	0	1
2177	10	29	4	3069	0	1
2177	10	31	22	3065	0	1
2177	11	5	113	3046	0	1
2177	11	11	22	3065	0	1
2177	16	4	14	3068	0	1
2177	16	23	13	3068	0	1
2177	16	31	7	3064	0	1
2177	17	21	5	3065	0	1
2177	17	23	3	3065	0	1
2177	17	24	2	3067	0	1
2177	19	2	85	3041	0	1
2178	0	2	3	3068	0	1
2178	0	10	9	3067	0	1
2178	3	0	13	3060	0	1
2178	3	1	20	3060	0	1
2178	3	8	23	3050	0	1
2178	3	9	165	2926	0	1
2178	5	4	1	3068	0	1
2178	5	10	1	3066	0	1
2178	5	12	2	3067	0	1
2178	5	14	3	3067	0	1
2178	5	16	1	3066	0	1
2178	5	17	1	3068	0	1
2178	5	20	1	3066	0	1
2178	5	21	4	3066	0	1
2178	5	24	3	3066	0	1
2178	5	29	8	3065	0	1
2178	6	16	3	3067	0	1
2178	6	17	2	3069	0	1
2178	6	20	6	3069	0	1
2178	6	21	8	3068	0	1
2178	6	28	14	3069	0	1
2178	6	29	31	3060	0	1
2178	7	20	17	3065	0	1
2178	7	22	52	3047	0	1
2178	7	28	25	3060	0	1
2178	7	30	156	2981	0	1
2178	11	0	5	3064	0	1
2178	11	2	14	3072	0	1
2178	11	8	42	3061	0	1
2179	0	2	8	3064	0	1
2179	0	10	13	3070	0	1
2179	1	4	336	2961	0	1
2179	1	5	239	3004	0	1
2179	1	9	2	3068	0	1
2179	1	12	319	2960	0	1
2179	1	13	655	2696	0	1
2179	3	8	19	3057	0	1
2179	3	9	18	3062	0	1
2179	5	4	1	3067	0	1
2179	5	16	2	3067	0	1
2179	5	17	2	3067	0	1
2179	5	21	1	3067	0	1
2179	5	24	4	3068	0	1
2179	5	29	4	3069	0	1
2179	6	0	1	3068	0	1
2179	6	2	2	3066	0	1
2179	6	4	3	3068	0	1
2179	6	5	2	3068	0	1
2179	6	6	2	3069	0	1
2179	6	7	5	3067	0	1
2179	6	8	3	3067	0	1
2179	6	11	8	3065	0	1
2179	6	12	5	3069	0	1
2179	6	15	12	3066	0	1
2179	6	16	1	3067	0	1
2179	6	17	2	3066	0	1
2179	6	20	1	3067	0	1
2179	6	21	2	3069	0	1
2179	6	24	11	3067	0	1
2179	6	25	10	3067	0	1
2179	7	0	54	3057	0	1
2179	7	2	27	3060	0	1
2179	7	4	1	3067	0	1
2179	7	5	9	3066	0	1
2179	7	6	1	3066	0	1
2179	7	7	27	3059	0	1
2179	7	8	224	2971	0	1
2179	7	12	19	3051	0	1
2179	7	15	64	3041	0	1
2179	7	20	16	3062	0	1
2179	7	22	12	3057	0	1
2179	8	0	804	2733	0	1
2179	8	1	192	2905	0	1
2179	8	6	16	3068	0	1
2179	8	7	128	2995	0	1
2179	8	8	845	2699	0	1
2179	8	15	1286	2001	0	1
2179	9	0	72	3024	0	1
2179	9	1	129	2965	0	1
2179	10	0	1	3066	0	1
2179	10	2	9	3066	0	1
2179	10	17	6	3067	0	1
2179	10	19	2	3066	0	1
2179	10	22	1	3068	0	1
2179	10	23	8	3071	0	1
2179	10	25	16	3062	0	1
2179	10	28	1	3067	0	1
2179	10	30	3	3068	0	1
2179	10	31	11	3074	0	1
2179	11	0	17	3059	0	1
2179	11	2	4	3068	0	1
2179	11	10	8	3065	0	1
2180	0	2	13	3067	0	1
2180	0	10	17	3068	0	1
2180	0	18	15	3068	0	1
2180	0	19	36	3063	0	1
2180	0	26	34	3063	0	1
2180	0	27	75	3052	0	1
2180	1	4	3	3068	0	1
2180	1	5	5	3062	0	1
2180	1	12	7	3064	0	1
2180	1	13	229	2893	0	1
2180	3	8	13	3063	0	1
2180	3	9	19	3055	0	1
2180	4	0	1	3067	0	1
2180	4	8	1	3067	0	1
2180	4	16	1	3068	0	1
2180	4	24	2	3069	0	1
2180	5	0	1	3068	0	1
2180	5	21	2	3068	0	1
2180	6	0	4	3066	0	1
2180	6	1	1	3066	0	1
2180	6	2	1	3067	0	1
2180	6	3	1	3067	0	1
2180	6	4	2	3065	0	1
2180	6	5	3	3067	0	1
2180	6	6	1	3068	0	1
2180	6	7	2	3067	0	1
2180	6	9	1	3066	0	1
2180	6	10	2	3067	0	1
2180	6	12	6	3063	0	1
2180	6	15	3	3066	0	1
2180	6	16	11	3064	0	1
2180	6	17	10	3068	0	1
2180	6	20	3	3066	0	1
2180	6	21	4	3068	0	1
2180	6	25	42	3067	0	1
2180	6	28	8	3063	0	1
2180	7	0	78	3064	0	1
2180	7	2	4	3066	0	1
2180	7	4	2	3066	0	1
2180	7	5	4	3066	0	1
2180	7	6	1	3066	0	1
2180	7	7	21	3062	0	1
2180	7	10	9	3064	0	1
2180	7	12	8	3064	0	1
2180	7	15	43	3055	0	1
2180	7	16	167	2997	0	1
2180	7	18	122	3032	0	1
2180	7	26	271	2924	0	1
2180	8	0	276	2908	0	1
2180	8	1	11	3068	0	1
2180	8	6	68	3011	0	1
2180	8	7	109	3019	0	1
2180	8	9	11	3068	0	1
2180	8	15	113	3018	0	1
2180	8	16	236	2909	0	1
2180	8	17	233	2962	0	1
2180	8	20	98	3021	0	1
2180	8	21	125	3015	0	1
2180	8	25	233	2962	0	1
2180	9	0	1495	2305	0	1
2180	9	1	226	2966	0	1
2180	9	16	1924	2057	0	1
2180	10	0	3	3067	0	1
2180	10	2	2	3068	0	1
2180	10	17	1	3066	0	1
2180	10	19	6	3069	0	1
2180	10	20	4	3067	0	1
2180	10	22	4	3069	0	1
2180	10	23	3	3069	0	1
2180	10	27	7	3068	0	1
2180	10	29	1	3067	0	1
2180	11	0	12	3068	0	1
2180	11	2	5	3067	0	1
2180	11	8	29	3068	0	1
2180	11	16	113	3046	0	1
2180	11	17	59	3062	0	1
2180	12	0	669	2823	0	1
2180	12	2	144	3022	0	1
2180	12	16	471	2870	0	1
2180	12	17	613	2606	0	1
2180	13	0	2080	1902	0	1
2181	0	2	7	3068	0	1
2181	0	10	14	3067	0	1
2181	0	18	37	3071	0	1
2181	0	19	20	3075	0	1
2181	0	26	70	3076	0	1
2181	0	27	47	3068	0	1
2181	2	0	2	3065	0	1
2181	2	2	1	3067	0	1
2181	2	3	1	3068	0	1
2181	2	8	2	3065	0	1
2181	2	9	2	3068	0	1
2181	2	11	1	3068	0	1
2181	2	16	2	3067	0	1
2181	2	18	1	3068	0	1
2181	2	20	2	3066	0	1
2181	2	22	2	3066	0	1
2181	2	24	3	3067	0	1
2181	2	26	7	3066	0	1
2181	2	28	4	3067	0	1
2181	2	30	3	3065	0	1
2181	3	0	1	3067	0	1
2181	3	1	1	3066	0	1
2181	3	8	18	3057	0	1
2181	3	9	24	3054	0	1
2181	4	16	1	3067	0	1
2181	5	0	1	3067	0	1
2181	5	4	1	3068	0	1
2181	5	8	1	3067	0	1
2181	5	20	1	3068	0	1
2181	5	21	2	3068	0	1
2181	5	24	1	3067	0	1
2181	5	29	4	3070	0	1
2181	6	16	1	3066	0	1
2181	6	21	1	3067	0	1
2181	6	24	1	3066	0	1
2181	6	29	2	3066	0	1
2181	7	16	24	3057	0	1
2181	7	18	65	3045	0	1
2181	7	24	32	3055	0	1
2181	8	17	67	3029	0	1
2181	8	21	1274	2004	0	1
2181	8	29	1593	1701	0	1
2181	11	0	11	3070	0	1
2181	11	2	4	3067	0	1
2181	11	8	45	3065	0	1
2182	0	0	179	2913	0	1
2182	0	4	20	3068	0	1
2182	0	5	30	3071	0	1
2182	0	13	12	3060	0	1
2182	0	15	38	3034	0	1
2182	0	27	179	2913	0	1
2182	0	28	41	3066	0	1
2182	0	29	104	3072	0	1
2182	1	0	1119	2317	0	1
2182	1	2	292	2928	0	1
2182	1	3	1734	2177	0	1
2182	1	5	1722	2184	0	1
2182	1	9	238	2891	0	1
2182	1	10	4	3064	0	1
2182	2	4	1	3068	0	1
2182	2	5	12	3067	0	1
2182	2	14	4	3067	0	1
2182	2	15	7	3066	0	1
2182	2	24	3	3066	0	1
2182	2	25	6	3066	0	1
2182	2	27	9	3066	0	1
2182	2	28	4	3068	0	1
2182	2	29	93	3047	0	1
2182	3	0	32	3062	0	1
2182	3	2	194	3015	0	1
2182	3	3	24	3071	0	1
2182	3	5	13	3070	0	1
2182	3	6	1	3067	0	1
2182	3	9	969	2594	0	1
2182	3	17	104	3049	0	1
2182	3	27	17	3064	0	1
2182	3	28	30	3059	0	1
2182	3	30	40	3058	0	1
2182	4	1	1	3066	0	1
2182	4	3	1	3066	0	1
2182	4	6	111	3061	0	1
2182	4	8	60	3063	0	1
2182	4	11	53	3053	0	1
2182	4	13	156	3051	0	1
2182	4	15	216	3011	0	1
2182	4	20	871	2749	0	1
2182	4	21	199	2995	0	1
2182	4	22	1148	2663	0	1
2182	4	23	2	3066	0	1
2182	4	24	2	3067	0	1
2182	5	0	5	3065	0	1
2182	5	3	2	3068	0	1
2182	5	5	2	3068	0	1
2182	5	6	2	3068	0	1
2182	5	8	1826	2130	0	1
2182	5	11	1163	2601	0	1
2182	5	12	663	2596	0	1
2182	5	16	1	3066	0	1
2182	5	19	1164	2600	0	1
2182	5	20	1885	2086	0	1
2182	5	25	720	2553	0	1
2182	5	26	6	3067	0	1
2182	5	27	1	3066	0	1
2182	5	30	1	3068	0	1
2182	6	6	1525	2363	0	1
2182	6	7	61	3061	0	1
2182	6	8	1464	2369	0	1
2182	6	11	1464	2369	0	1
2182	6	13	61	3061	0	1
2182	7	26	712	2797	0	1
2182	8	4	52	3048	0	1
2182	8	25	1	3068	0	1
2182	8	27	3	3070	0	1
2182	9	0	27	3071	0	1
2182	9	3	9	3071	0	1
2182	9	5	4	3068	0	1
2182	9	16	3	3067	0	1
2182	9	26	1924	2057	0	1
2182	9	27	4	3066	0	1
2182	9	28	12	3066	0	1
2182	9	30	17	3068	0	1
2182	10	0	16	3072	0	1
2182	10	2	13	3069	0	1
2182	10	3	2	3068	0	1
2182	10	13	4	3070	0	1
2182	10	24	4	3069	0	1
2182	10	25	29	3063	0	1
2182	10	27	31	3065	0	1
2182	11	0	77	3056	0	1
2182	11	3	6	3070	0	1
2182	11	5	6	3070	0	1
2182	11	6	2	3068	0	1
2182	11	26	114	3047	0	1
2182	11	29	2157	1803	0	1
2182	11	30	2157	1803	0	1
2182	12	4	7	3061	0	1
2182	16	0	4	3066	0	1
2182	16	2	4	3066	0	1
2182	16	25	11	3064	0	1
2182	16	27	14	3064	0	1
2182	17	0	67	3062	0	1
2182	17	3	38	3070	0	1
2182	17	5	26	3069	0	1
2182	17	6	10	3071	0	1
2182	17	16	22	3068	0	1
2182	17	27	12	3067	0	1
2182	17	28	38	3068	0	1
2182	17	30	50	3070	0	1
2182	18	0	82	3079	0	1
2182	18	2	73	3076	0	1
2182	18	3	19	3064	0	1
2182	18	13	31	3054	0	1
2182	18	24	4	3064	0	1
2182	18	25	158	3033	0	1
2182	18	27	162	3034	0	1
2182	19	0	437	2900	0	1
2182	19	3	144	2975	0	1
2182	19	5	144	2975	0	1
2182	19	6	50	3037	0	1
2182	19	28	25	3047	0	1
2182	19	29	1739	2226	0	1
2182	19	30	1765	2205	0	1
2183	0	0	15	3065	0	1
2183	0	7	16	3070	0	1
2183	0	8	30	3071	0	1
2183	0	9	16	3070	0	1
2183	0	10	36	3072	0	1
2183	0	15	14	3072	0	1
2183	0	19	104	3072	0	1
2183	0	20	50	3068	0	1
2183	0	21	163	3042	0	1
2183	0	24	57	3079	0	1
2183	0	25	73	3067	0	1
2183	0	26	22	3065	0	1
2183	0	30	45	3076	0	1
2183	1	0	471	2914	0	1
2183	1	3	341	2956	0	1
2183	1	4	339	2962	0	1
2183	1	5	258	2987	0	1
2183	1	8	1070	2386	0	1
2183	1	11	104	2991	0	1
2183	1	12	974	2589	0	1
2183	2	0	1	3067	0	1
2183	2	7	2	3067	0	1
2183	2	8	1	3068	0	1
2183	2	9	2	3067	0	1
2183	2	10	10	3068	0	1
2183	2	15	5	3067	0	1
2183	2	19	7	3065	0	1
2183	2	20	3	3068	0	1
2183	2	21	62	3056	0	1
2183	2	24	3	3067	0	1
2183	2	25	3	3067	0	1
2183	2	26	2	3067	0	1
2183	2	30	38	3055	0	1
2183	3	0	111	3040	0	1
2183	3	3	13	3060	0	1
2183	3	4	20	3060	0	1
2183	3	5	11	3062	0	1
2183	3	8	652	2774	0	1
2183	3	11	45	3044	0	1
2183	3	12	188	2909	0	1
2183	4	0	4	3067	0	1
2183	4	2	2	3066	0	1
2183	4	12	2	3068	0	1
2183	4	13	2	3068	0	1
2183	4	24	1	3067	0	1
2183	4	25	3	3067	0	1
2183	4	26	2	3067	0	1
2183	5	0	8	3069	0	1
2183	5	3	4	3069	0	1
2183	5	5	2	3068	0	1
2183	5	16	1	3067	0	1
2183	5	17	24	3070	0	1
2183	5	28	1	3067	0	1
2183	5	30	5	3068	0	1
2183	6	0	15	3070	0	1
2183	6	2	9	3068	0	1
2183	6	12	2	3068	0	1
2183	6	14	37	3061	0	1
2183	6	24	5	3066	0	1
2183	6	25	31	3069	0	1
2183	6	26	16	3070	0	1
2183	7	0	482	2824	0	1
2183	7	3	104	3054	0	1
2183	7	4	3	3066	0	1
2183	7	5	48	3056	0	1
2183	7	16	358	2914	0	1
2183	7	17	452	2831	0	1
2183	7	28	9	3063	0	1
2183	7	30	112	3023	0	1
2183	8	0	731	2594	0	1
2183	8	2	499	2699	0	1
2183	8	12	52	3048	0	1
2183	8	14	2244	1584	0	1
2183	8	24	11	3068	0	1
2183	8	25	577	2645	0	1
2183	8	26	577	2645	0	1
2183	9	0	988	2597	0	1
2183	9	3	2170	1279	0	1
2183	9	5	577	2645	0	1
2183	9	16	129	2965	0	1
2183	9	30	1795	2159	0	1
2183	10	0	3	3067	0	1
2183	10	2	3	3067	0	1
2183	10	12	10	3065	0	1
2183	10	25	25	3070	0	1
2183	10	26	9	3069	0	1
2183	11	0	97	3053	0	1
2183	11	3	46	3057	0	1
2183	11	4	5	3069	0	1
2183	11	5	15	3068	0	1
2183	11	16	116	3060	0	1
2183	11	28	9	3065	0	1
2183	11	30	35	3061	0	1
2183	12	0	217	2990	0	1
2183	12	2	70	3036	0	1
2183	12	12	88	3041	0	1
2183	12	24	12	3067	0	1
2183	12	25	475	2768	0	1
2183	12	26	313	2861	0	1
2183	13	0	1079	2587	0	1
2183	13	3	2080	1902	0	1
2183	13	5	1713	2212	0	1
2184	0	4	12	3060	0	1
2184	1	8	297	2810	0	1
2184	3	16	21	3067	0	1
2184	4	0	18	3067	0	1
2184	4	2	36	3066	0	1
2184	4	10	1	3066	0	1
2184	5	16	259	2968	0	1
2184	5	18	1225	2594	0	1
2184	5	24	1	3066	0	1
2184	5	26	1	3068	0	1
2184	17	0	12	3062	0	1
2185	0	0	1437	2434	0	1
2185	0	16	1437	2434	0	1
2185	0	21	12	3060	0	1
2185	1	0	1437	2434	0	1
2185	2	0	4	3067	0	1
2185	2	8	7	3066	0	1
2185	2	16	1	3067	0	1
2185	2	18	7	3067	0	1
2185	3	0	4	3070	0	1
2185	3	1	11	3068	0	1
2185	3	8	2	3068	0	1
2185	3	9	9	3070	0	1
2185	3	16	15	3067	0	1
2185	4	2	1	3066	0	1
2185	4	20	31	3067	0	1
2185	4	21	68	3048	0	1
2185	4	22	98	3061	0	1
2185	4	23	238	3016	0	1
2185	4	28	2	3067	0	1
2185	5	3	1	3066	0	1
2185	6	0	61	3061	0	1
2185	8	8	3	3065	0	1
2185	8	16	1	3067	0	1
2185	8	18	3	3068	0	1
2185	8	20	1	3068	0	1
2185	8	22	7	3067	0	1
2185	9	0	1	3068	0	1
2185	9	20	10	3071	0	1
2185	10	0	13	3070	0	1
2185	10	8	57	3068	0	1
2185	10	16	26	3061	0	1
2185	10	24	110	3043	0	1
2185	11	0	4	3069	0	1
2185	11	8	548	2889	0	1
2185	16	0	4	3066	0	1
2185	16	8	7	3065	0	1
2185	16	16	7	3067	0	1
2185	16	20	3	3065	0	1
2185	16	24	7	3068	0	1
2185	16	28	12	3063	0	1
2185	17	0	15	3065	0	1
2185	17	16	2	3066	0	1
2185	17	18	29	3067	0	1
2185	17	24	3	3066	0	1
2185	17	26	62	3067	0	1
2185	18	0	66	3069	0	1
2185	18	8	122	3057	0	1
2185	18	16	176	3026	0	1
2185	18	24	225	3036	0	1
2185	19	0	99	3000	0	1
2185	19	8	822	2841	0	1
2185	19	16	25	3047	0	1
2186	0	6	38	3034	0	1
2186	0	14	38	3034	0	1
2186	1	9	861	2370	0	1
2186	3	16	14	3062	0	1
2186	4	0	75	3055	0	1
2186	4	2	114	3065	0	1
2186	17	0	14	3067	0	1
2187	0	23	38	3034	0	1
2187	0	31	861	2370	0	1
2187	3	16	25	3061	0	1
2187	4	10	1	3068	0	1
2187	5	2	255	2955	0	1
2187	5	3	1151	2625	0	1
2187	5	10	2	3068	0	1
2187	5	11	2	3068	0	1
2187	9	0	4	3067	0	1
2187	9	4	15	3070	0	1
2187	9	20	31	3069	0	1
2187	17	0	9	3067	0	1
2188	0	22	1220	2554	0	1
2188	0	26	1017	2439	0	1
2188	1	0	1523	1889	0	1
2188	1	20	1344	2290	0	1
2188	2	12	132	3051	0	1
2188	2	22	248	2969	0	1
2188	2	30	4	3065	0	1
2188	3	0	220	2982	0	1
2188	3	20	218	2981	0	1
2188	4	22	220	2982	0	1
2188	4	26	831	2684	0	1
2188	4	29	136	3022	0	1
2188	4	30	1338	2343	0	1
2188	5	0	220	2982	0	1
2188	5	20	347	2940	0	1
2188	6	22	2	3068	0	1
2188	7	0	2	3066	0	1
2188	7	20	1	3067	0	1
2188	10	12	7	3069	0	1
2188	10	22	106	3066	0	1
2188	10	25	37	3064	0	1
2188	10	26	102	3067	0	1
2188	10	29	75	3062	0	1
2188	11	0	106	3066	0	1
2188	11	20	83	3061	0	1
2188	14	8	3	3065	0	1
2188	14	22	60	3045	0	1
2188	14	26	1	3066	0	1
2188	15	0	60	3045	0	1
2188	15	20	123	3020	0	1
2188	16	8	327	2796	0	1
2188	16	12	41	3070	0	1
2188	16	22	1186	2553	0	1
2188	16	26	461	2859	0	1
2188	16	30	732	2804	0	1
2188	17	0	1186	2553	0	1
2188	17	20	719	2764	0	1
2189	0	16	1208	2593	0	1
2189	0	17	1208	2593	0	1
2189	0	21	1206	2595	0	1
2189	0	25	2	3068	0	1
2189	0	29	2	3068	0	1
2189	1	19	1	3067	0	1
2189	2	17	2333	1750	0	1
2189	2	21	248	2969	0	1
2189	2	25	2111	1907	0	1
2189	2	29	2172	1860	0	1
2189	3	3	100	3060	0	1
2189	3	7	130	3034	0	1
2189	3	19	561	2857	0	1
2189	4	16	220	2982	0	1
2189	4	17	220	2982	0	1
2189	4	20	150	3017	0	1
2189	4	21	220	2982	0	1
2189	6	21	2	3068	0	1
2189	8	25	1	3068	0	1
2189	8	29	1	3068	0	1
2189	9	19	1	3068	0	1
2189	10	15	1	3068	0	1
2189	10	16	107	3067	0	1
2189	10	20	76	3063	0	1
2189	10	21	106	3066	0	1
2189	10	25	2	3068	0	1
2189	10	26	35	3065	0	1
2189	10	29	2	3068	0	1
2189	11	3	2	3068	0	1
2189	11	19	5	3069	0	1
2189	12	15	221	3028	0	1
2189	12	25	622	2775	0	1
2189	12	29	622	2775	0	1
2189	13	3	2511	1515	0	1
2189	13	7	689	2742	0	1
2189	13	19	817	2730	0	1
2189	14	11	17	3065	0	1
2189	14	14	11	3070	0	1
2189	14	16	60	3045	0	1
2189	14	17	60	3045	0	1
2189	14	21	60	3045	0	1
2189	14	24	26	3058	0	1
2189	16	15	88	3059	0	1
2189	16	16	1778	2183	0	1
2189	16	17	1778	2183	0	1
2189	16	21	1186	2553	0	1
2189	16	25	1262	2583	0	1
2189	16	29	1262	2583	0	1
2189	17	7	223	2981	0	1
2189	17	19	278	2985	0	1
2190	0	1	2	3068	0	1
2190	2	1	11	3068	0	1
2190	2	17	13	3074	0	1
2190	2	31	41	3071	0	1
2190	3	1	53	3052	0	1
2190	4	1	220	2982	0	1
2190	4	17	1031	2680	0	1
2190	10	15	1	3068	0	1
2190	11	1	3	3068	0	1
2191	2	0	7	3068	0	1
2191	2	16	8	3072	0	1
2191	2	30	41	3071	0	1
2191	3	0	9	3070	0	1
2191	4	0	121	3016	0	1
2191	4	24	4	3068	0	1
2191	4	25	4	3068	0	1
2191	10	14	1	3068	0	1
2191	11	0	2	3069	0	1
2191	11	1	3	3068	0	1
2192	2	2	11	3068	0	1
2192	2	18	10	3074	0	1
2192	2	25	2	3067	0	1
2192	2	28	25	3067	0	1
2192	3	2	53	3052	0	1
2192	4	2	220	2982	0	1
2192	4	18	122	3021	0	1
2192	4	25	4	3068	0	1
2192	4	26	4	3068	0	1
2193	2	24	1	3068	0	1
2193	2	29	41	3071	0	1
2193	3	3	12	3069	0	1
2193	4	27	3	3068	0	1
2194	1	11	240	3051	0	1
2194	1	29	38	3034	0	1
2194	2	1	2131	1897	0	1
2194	2	23	4	3069	0	1
2194	2	24	2	3067	0	1
2194	2	30	19	3067	0	1
2194	3	0	16	3072	0	1
2194	5	17	112	3019	0	1
2194	9	7	139	3023	0	1
2194	10	14	1	3068	0	1
2194	10	15	3	3068	0	1
2194	12	1	187	2987	0	1
2194	12	3	289	2948	0	1
2194	15	7	8	3068	0	1
2194	17	1	78	3071	0	1
2195	0	1	2	3068	0	1
2195	0	6	1	3066	0	1
2195	2	1	6	3068	0	1
2195	2	17	15	3075	0	1
2195	3	1	20	3070	0	1
2195	3	2	104	3049	0	1
2195	3	12	35	3055	0	1
2195	4	1	220	2982	0	1
2195	4	12	1	3068	0	1
2195	4	17	1031	2680	0	1
2195	4	24	663	2596	0	1
2195	5	12	21	3061	0	1
2195	7	6	21	3067	0	1
2195	8	2	1	3068	0	1
2195	10	2	32	3072	0	1
2195	10	18	81	3042	0	1
2195	10	20	1	3067	0	1
2195	11	1	3	3068	0	1
2195	11	16	54	3062	0	1
2195	12	0	10	3069	0	1
2195	13	0	2	3068	0	1
2195	13	6	172	3052	0	1
2195	13	12	434	2931	0	1
2195	13	16	183	3022	0	1
2195	14	20	6	3069	0	1
2195	16	4	41	3070	0	1
2195	16	14	85	3033	0	1
2195	17	8	18	3061	0	1
2196	0	6	2131	1897	0	1
2196	0	18	1493	2322	0	1
2196	0	19	1734	2177	0	1
2196	1	29	137	2965	0	1
2196	2	21	2	3067	0	1
2196	3	2	44	3058	0	1
2196	3	13	154	3037	0	1
2196	3	21	2	3066	0	1
2196	4	18	1	3066	0	1
2196	5	8	199	2995	0	1
2196	8	21	23	3068	0	1
2196	10	0	95	3062	0	1
2196	12	1	50	3068	0	1
2196	12	28	1045	2377	0	1
2196	13	1	20	3069	0	1
2196	13	7	176	3051	0	1
2196	13	13	322	2962	0	1
2196	13	22	15	3067	0	1
2196	15	1	49	3034	0	1
2196	15	6	66	3069	0	1
2196	15	7	54	3068	0	1
2196	16	8	2	3067	0	1
2196	17	8	18	3061	0	1
2196	17	13	13	3065	0	1
2196	18	9	204	3001	0	1
2197	0	10	10	3069	0	1
2197	0	11	1395	2443	0	1
2197	0	18	4	3065	0	1
2197	0	19	2	3067	0	1
2197	0	28	1206	2595	0	1
2197	0	31	1	3068	0	1
2197	1	0	1	3068	0	1
2197	1	29	8	3063	0	1
2197	2	10	60	3063	0	1
2197	2	11	35	3060	0	1
2197	3	17	107	3053	0	1
2197	3	22	6	3064	0	1
2197	3	27	2181	1854	0	1
2197	3	30	166	2986	0	1
2197	3	31	217	2984	0	1
2197	4	6	377	2805	0	1
2197	4	7	104	3000	0	1
2197	4	23	265	2872	0	1
2197	6	6	4	3068	0	1
2197	8	1	405	2913	0	1
2197	8	6	577	2645	0	1
2197	8	10	1529	2071	0	1
2197	8	22	1207	2408	0	1
2197	8	23	390	2896	0	1
2197	10	7	1795	2159	0	1
2197	10	9	1114	2293	0	1
2197	10	14	2	3067	0	1
2197	10	15	6	3064	0	1
2197	10	16	63	3057	0	1
2197	10	17	51	3056	0	1
2197	10	18	1	3067	0	1
2197	10	19	3	3067	0	1
2197	11	18	25	3070	0	1
2197	12	0	4	3065	0	1
2197	12	2	9	3064	0	1
2197	12	19	13	3065	0	1
2197	14	1	15	3066	0	1
2197	15	4	175	3009	0	1
2197	15	7	12	3067	0	1
2197	15	16	22	3068	0	1
2197	15	22	36	3055	0	1
2197	16	24	221	2910	0	1
2197	16	25	221	2910	0	1
2197	17	6	229	2902	0	1
2197	17	7	229	2902	0	1
2197	17	22	1936	1966	0	1
2197	17	23	1775	2088	0	1
2198	0	7	1	3066	0	1
2198	0	16	5	3065	0	1
2198	1	19	2	3067	0	1
2198	1	29	236	2890	0	1
2198	2	21	10	3071	0	1
2198	3	5	1	3068	0	1
2198	3	9	61	3061	0	1
2198	3	13	42	3055	0	1
2198	3	21	2	3066	0	1
2198	3	31	154	3037	0	1
2198	4	11	617	2655	0	1
2198	4	19	1461	2409	0	1
2198	4	22	236	2892	0	1
2198	4	25	1163	2601	0	1
2198	5	8	2635	1314	0	1
2198	5	9	955	2736	0	1
2198	5	13	29	3064	0	1
2198	5	21	9	3068	0	1
2198	6	21	133	3031	0	1
2198	7	7	3	3067	0	1
2198	8	21	293	2868	0	1
2198	8	26	499	2699	0	1
2198	9	3	3	3067	0	1
2198	10	1	50	3059	0	1
2198	10	3	51	3074	0	1
2198	10	16	38	3060	0	1
2198	10	18	3	3067	0	1
2198	11	17	95	3062	0	1
2198	11	18	33	3069	0	1
2198	12	1	183	3022	0	1
2198	12	9	1	3068	0	1
2198	12	18	640	2834	0	1
2198	12	29	2365	1426	0	1
2198	13	1	3	3068	0	1
2198	13	7	79	3055	0	1
2198	13	13	434	2931	0	1
2198	13	17	183	3022	0	1
2198	14	21	6	3069	0	1
2198	14	27	62	3045	0	1
2198	15	1	18	3054	0	1
2198	15	4	9	3065	0	1
2198	15	7	66	3069	0	1
2198	15	19	24	3062	0	1
2198	16	9	2	3067	0	1
2198	16	15	25	3056	0	1
2198	18	25	88	3059	0	1
2199	0	11	1	3067	0	1
2199	0	18	1461	2409	0	1
2199	0	28	1544	1872	0	1
2199	1	10	240	3051	0	1
2199	1	28	12	3060	0	1
2199	1	29	974	2589	0	1
2199	2	10	104	3051	0	1
2199	3	5	2	3068	0	1
2199	3	9	61	3061	0	1
2199	3	13	19	3062	0	1
2199	3	21	2	3066	0	1
2199	3	30	120	3016	0	1
2199	4	6	377	2805	0	1
2199	4	11	30	3043	0	1
2199	4	14	2	3067	0	1
2199	4	22	163	2952	0	1
2199	5	8	22	3058	0	1
2199	5	21	9	3068	0	1
2199	6	5	2	3068	0	1
2199	6	6	17	3073	0	1
2199	6	21	133	3031	0	1
2199	7	11	56	3052	0	1
2199	8	6	577	2645	0	1
2199	8	21	201	2923	0	1
2199	8	22	1207	2408	0	1
2199	8	26	499	2699	0	1
2199	8	27	1553	2349	0	1
2199	9	3	3	3067	0	1
2199	10	3	51	3074	0	1
2199	10	6	1304	2406	0	1
2199	10	14	3	3068	0	1
2199	10	16	16	3061	0	1
2199	10	18	3	3067	0	1
2199	10	21	1	3067	0	1
2199	11	17	95	3062	0	1
2199	11	18	33	3069	0	1
2199	12	0	742	2721	0	1
2199	12	2	168	3013	0	1
2199	12	9	5	3067	0	1
2199	12	18	168	3013	0	1
2199	12	29	188	2911	0	1
2199	13	17	50	3068	0	1
2199	14	9	10	3065	0	1
2199	14	27	85	3033	0	1
2199	15	1	33	3044	0	1
2199	15	4	140	3017	0	1
2199	15	6	4	3070	0	1
2199	15	22	36	3055	0	1
2199	16	9	2	3067	0	1
2199	16	15	85	3033	0	1
2199	16	24	218	2912	0	1
2199	17	0	1	3067	0	1
2199	17	21	1159	2645	0	1
2199	17	22	481	2809	0	1
2199	18	21	425	2748	0	1
2200	0	7	2131	1897	0	1
2200	0	16	10	3066	0	1
2200	0	30	1	3068	0	1
2200	1	0	3	3065	0	1
2200	1	10	240	3051	0	1
2200	1	19	4	3066	0	1
2200	1	28	38	3034	0	1
2200	2	0	2131	1897	0	1
2200	2	21	10	3071	0	1
2200	3	22	2	3068	0	1
2200	4	6	207	2926	0	1
2200	4	14	2	3066	0	1
2200	4	22	118	2976	0	1
2200	5	8	9	3064	0	1
2200	5	13	29	3064	0	1
2200	6	6	4	3068	0	1
2200	8	6	577	2645	0	1
2200	8	22	1207	2408	0	1
2200	8	26	499	2699	0	1
2200	10	6	1795	2159	0	1
2200	10	8	529	2695	0	1
2200	10	14	6	3064	0	1
2200	10	16	31	3061	0	1
2200	10	18	1	3068	0	1
2200	11	18	33	3069	0	1
2200	15	4	140	3017	0	1
2200	17	0	66	3069	0	1
2200	17	6	165	2936	0	1
2201	0	18	1461	2409	0	1
2201	0	19	854	2637	0	1
2201	1	0	1	3068	0	1
2201	1	19	4	3066	0	1
2201	1	29	974	2589	0	1
2201	2	14	1	3067	0	1
2201	2	21	2	3067	0	1
2201	2	22	4	3069	0	1
2201	3	16	94	3056	0	1
2201	3	21	2	3066	0	1
2201	3	31	42	3055	0	1
2201	4	11	330	2850	0	1
2201	4	14	2	3067	0	1
2201	4	19	1	3066	0	1
2201	4	25	663	2596	0	1
2201	5	9	199	2995	0	1
2201	5	13	21	3061	0	1
2201	5	16	112	3019	0	1
2201	5	21	9	3068	0	1
2201	6	21	133	3031	0	1
2201	7	7	3	3067	0	1
2201	8	0	5	3069	0	1
2201	8	10	13	3059	0	1
2201	8	21	293	2868	0	1
2201	9	3	3	3067	0	1
2201	10	1	95	3062	0	1
2201	10	8	684	2593	0	1
2201	11	17	95	3062	0	1
2201	12	9	1	3068	0	1
2201	13	7	176	3051	0	1
2201	13	17	50	3068	0	1
2201	14	9	6	3065	0	1
2201	14	27	85	3033	0	1
2201	15	1	15	3058	0	1
2201	15	7	66	3069	0	1
2201	15	19	11	3069	0	1
2201	16	9	2	3067	0	1
2201	17	9	18	3061	0	1
2201	17	13	10	3065	0	1
2202	0	10	16	3065	0	1
2202	0	16	5	3066	0	1
2202	1	19	4	3066	0	1
2202	2	21	1	3066	0	1
2202	3	3	73	3057	0	1
2202	3	5	1	3067	0	1
2202	3	9	1022	2690	0	1
2202	3	13	154	3037	0	1
2202	3	21	2	3066	0	1
2202	3	22	5	3068	0	1
2202	3	31	26	3062	0	1
2202	4	11	31	3042	0	1
2202	4	14	1	3066	0	1
2202	4	22	265	2872	0	1
2202	4	25	761	2758	0	1
2202	5	9	760	2810	0	1
2202	5	13	21	3061	0	1
2202	6	5	2	3068	0	1
2202	6	6	17	3073	0	1
2202	8	3	1	3068	0	1
2202	9	6	139	3023	0	1
2202	10	3	51	3074	0	1
2202	10	19	12	3065	0	1
2202	10	21	1	3067	0	1
2202	12	1	50	3068	0	1
2202	12	29	188	2911	0	1
2202	13	1	3	3068	0	1
2202	13	7	87	3065	0	1
2202	13	13	434	2931	0	1
2202	13	23	15	3067	0	1
2202	14	0	15	3066	0	1
2202	14	9	5	3066	0	1
2202	14	21	6	3069	0	1
2202	15	1	49	3034	0	1
2202	15	16	22	3068	0	1
2202	15	19	24	3065	0	1
2202	16	5	41	3070	0	1
2202	16	15	85	3033	0	1
2202	17	9	17	3060	0	1
2202	17	21	1159	2645	0	1
2202	17	22	39	3042	0	1
2203	0	10	1395	2443	0	1
2203	0	11	1	3067	0	1
2203	0	18	1	3066	0	1
2203	0	19	1734	2177	0	1
2203	0	28	1206	2595	0	1
2203	2	10	60	3063	0	1
2203	2	14	1	3067	0	1
2203	3	3	104	3049	0	1
2203	3	5	2	3068	0	1
2203	3	16	90	3054	0	1
2203	3	26	2181	1854	0	1
2203	3	30	166	2986	0	1
2203	3	31	154	3037	0	1
2203	4	6	377	2805	0	1
2203	4	11	617	2655	0	1
2203	4	19	1461	2409	0	1
2203	4	22	265	2872	0	1
2203	4	25	592	2830	0	1
2203	5	8	2635	1314	0	1
2203	5	13	15	3062	0	1
2203	6	5	1	3067	0	1
2203	6	6	2	3068	0	1
2203	7	11	4	3069	0	1
2203	8	6	293	2854	0	1
2203	8	10	8	3063	0	1
2203	8	27	1553	2349	0	1
2203	10	6	878	2594	0	1
2203	10	8	358	2801	0	1
2203	10	14	1	3066	0	1
2203	10	16	63	3057	0	1
2203	10	18	3	3067	0	1
2203	10	19	26	3061	0	1
2203	12	0	4	3065	0	1
2203	12	2	289	2948	0	1
2203	12	18	640	2834	0	1
2203	14	0	11	3067	0	1
2203	15	6	12	3067	0	1
2203	15	16	13	3066	0	1
2203	15	19	24	3065	0	1
2203	15	22	36	3055	0	1
2203	16	15	29	3051	0	1
2203	16	24	221	2910	0	1
2203	17	6	229	2902	0	1
2203	17	22	1936	1966	0	1
2203	18	9	204	3001	0	1
2204	2	7	5	3067	0	1
2204	2	16	11	3068	0	1
2204	3	1	39	3064	0	1
2204	3	16	53	3052	0	1
2204	3	31	166	2986	0	1
2204	4	15	14	3065	0	1
2204	4	18	9	3066	0	1
2204	4	31	61	3051	0	1
2204	5	9	292	2858	0	1
2204	10	15	3	3068	0	1
2204	11	23	5	3067	0	1
2204	14	1	7	3065	0	1
2204	14	12	3	3065	0	1
2204	15	20	10	3067	0	1
2204	15	29	50	3068	0	1
2204	16	3	88	3003	0	1
2204	16	10	289	2948	0	1
2204	16	12	199	2922	0	1
2204	16	13	2	3065	0	1
2204	16	23	85	3062	0	1
2204	16	29	87	3060	0	1
2205	3	1	72	3061	0	1
2205	4	7	220	2982	0	1
2205	4	10	13	3059	0	1
2205	4	18	20	3059	0	1
2205	4	31	1031	2680	0	1
2205	5	0	728	2659	0	1
2205	5	1	1164	2600	0	1
2205	6	1	4	3067	0	1
2205	7	17	2	3066	0	1
2205	10	7	47	3069	0	1
2205	11	15	3	3067	0	1
2205	12	15	6	3065	0	1
2205	12	16	3	3064	0	1
2205	12	31	2	3065	0	1
2205	13	4	489	2913	0	1
2205	13	15	13	3062	0	1
2205	13	26	2547	1303	0	1
2205	14	13	4	3068	0	1
2205	14	18	5	3067	0	1
2205	15	3	18	3061	0	1
2205	15	5	50	3068	0	1
2205	15	18	9	3068	0	1
2205	15	22	50	3068	0	1
2205	16	3	152	2953	0	1
2205	16	6	204	3001	0	1
2205	16	13	2	3065	0	1
2205	17	0	243	2922	0	1
2205	17	1	41	3070	0	1
2206	1	8	10	3064	0	1
2206	2	14	154	3037	0	1
2206	2	22	650	2821	0	1
2206	2	28	663	2596	0	1
2206	2	30	16	3076	0	1
2206	2	31	570	2849	0	1
2206	3	0	43	3056	0	1
2206	4	0	449	2806	0	1
2206	4	19	13	3061	0	1
2206	5	8	172	2941	0	1
2206	5	9	40	3061	0	1
2206	8	14	1	3068	0	1
2206	10	4	1	3068	0	1
2206	10	7	1	3067	0	1
2206	10	30	63	3057	0	1
2206	11	0	1	3068	0	1
2206	11	14	3	3067	0	1
2206	12	27	4	3065	0	1
2206	12	29	7	3068	0	1
2206	12	30	1	3066	0	1
2206	13	27	188	2911	0	1
2206	14	9	4	3065	0	1
2206	14	12	4	3068	0	1
2206	14	26	5	3067	0	1
2206	15	2	3	3068	0	1
2206	15	4	133	3038	0	1
2206	15	12	59	3066	0	1
2206	15	26	13	3064	0	1
2206	16	12	2	3065	0	1
2206	16	13	175	2936	0	1
2206	16	19	420	2907	0	1
2206	16	21	397	2864	0	1
2206	16	22	81	3064	0	1
2206	17	8	9	3063	0	1
2206	17	16	130	3019	0	1
2206	18	8	643	2606	0	1
2207	0	14	2	3068	0	1
2207	2	6	7	3068	0	1
2207	2	14	37	3057	0	1
2207	2	31	1164	2600	0	1
2207	3	3	41	3071	0	1
2207	3	6	10	3067	0	1
2207	3	24	60	3063	0	1
2207	4	19	514	2813	0	1
2207	4	24	431	2901	0	1
2207	5	16	788	2749	0	1
2207	10	6	35	3069	0	1
2207	10	28	3	3067	0	1
2207	11	3	1	3068	0	1
2207	11	7	5	3067	0	1
2207	12	14	6	3065	0	1
2207	12	16	4	3068	0	1
2207	12	28	4	3068	0	1
2207	12	29	7	3068	0	1
2207	12	31	1	3066	0	1
2207	14	2	2	3066	0	1
2207	14	9	15	3060	0	1
2207	14	13	5	3065	0	1
2207	16	13	199	2922	0	1
2207	16	24	429	2903	0	1
2207	17	11	594	2639	0	1
2207	17	16	130	3019	0	1
2208	1	9	1225	2594	0	1
2208	2	7	7	3068	0	1
2208	2	15	33	3060	0	1
2208	2	16	7	3068	0	1
2208	2	23	598	2830	0	1
2208	2	29	1163	2601	0	1
2208	2	30	1164	2600	0	1
2208	3	1	104	3051	0	1
2208	3	2	524	2890	0	1
2208	3	7	12	3069	0	1
2208	3	16	10	3067	0	1
2208	3	25	39	3057	0	1
2208	3	31	127	3021	0	1
2208	4	1	424	2833	0	1
2208	4	7	127	3021	0	1
2208	4	10	13	3059	0	1
2208	4	15	20	3069	0	1
2208	4	18	3	3064	0	1
2208	4	31	122	3021	0	1
2208	5	0	155	2983	0	1
2208	5	8	61	3061	0	1
2208	5	9	383	2792	0	1
2208	10	7	32	3072	0	1
2208	10	15	4	3068	0	1
2208	10	29	2	3068	0	1
2208	10	31	63	3057	0	1
2208	11	2	1	3068	0	1
2208	11	6	5	3067	0	1
2208	11	15	3	3067	0	1
2208	12	15	6	3065	0	1
2208	12	17	4	3068	0	1
2208	12	26	561	2797	0	1
2208	12	29	204	2952	0	1
2208	12	31	1	3066	0	1
2208	13	1	50	3052	0	1
2208	13	2	70	3053	0	1
2208	13	12	15	3060	0	1
2208	13	15	5	3064	0	1
2208	14	13	2	3068	0	1
2208	14	18	5	3067	0	1
2208	14	21	4	3068	0	1
2208	14	22	9	3065	0	1
2208	14	27	5	3067	0	1
2208	15	3	18	3061	0	1
2208	15	5	183	3022	0	1
2208	15	10	21	3075	0	1
2208	15	18	9	3068	0	1
2208	15	27	13	3064	0	1
2208	15	29	50	3068	0	1
2208	16	3	152	2953	0	1
2208	16	10	168	3013	0	1
2208	16	13	1	3066	0	1
2208	16	23	1	3066	0	1
2208	16	25	519	2878	0	1
2208	16	29	88	3059	0	1
2208	17	9	9	3063	0	1
2208	17	10	594	2639	0	1
2208	17	17	105	3032	0	1
2208	17	26	42	3077	0	1
2209	2	7	11	3068	0	1
2209	2	31	5	3071	0	1
2209	3	1	36	3059	0	1
2209	3	7	53	3052	0	1
2209	3	16	24	3072	0	1
2209	4	1	168	2987	0	1
2209	4	7	113	3024	0	1
2209	4	10	13	3059	0	1
2209	4	18	22	3058	0	1
2209	4	31	46	3048	0	1
2209	5	0	728	2659	0	1
2209	5	1	61	3061	0	1
2209	5	8	54	3063	0	1
2209	5	9	345	2824	0	1
2209	10	6	1	3067	0	1
2209	10	15	1	3067	0	1
2209	10	31	25	3063	0	1
2209	11	23	5	3067	0	1
2209	12	5	3	3064	0	1
2209	12	16	3	3064	0	1
2209	12	19	2	3067	0	1
2209	12	23	1	3066	0	1
2209	12	28	7	3068	0	1
2209	12	29	38	3066	0	1
2209	12	30	1	3066	0	1
2209	13	1	8	3066	0	1
2209	13	2	58	3055	0	1
2209	13	15	9	3063	0	1
2209	13	23	2	3065	0	1
2209	13	25	4	3065	0	1
2209	14	8	3	3066	0	1
2209	14	12	3	3067	0	1
2209	14	18	5	3067	0	1
2209	14	21	4	3068	0	1
2209	14	22	9	3065	0	1
2209	14	27	5	3067	0	1
2209	15	10	21	3075	0	1
2209	15	18	9	3068	0	1
2209	16	3	152	2953	0	1
2209	16	10	168	3013	0	1
2209	16	12	152	2957	0	1
2209	16	20	594	2639	0	1
2209	16	25	519	2878	0	1
2209	17	9	9	3063	0	1
2209	17	10	594	2639	0	1
2210	2	7	3	3067	0	1
2210	2	23	635	2817	0	1
2210	2	29	663	2596	0	1
2210	3	7	53	3052	0	1
2210	3	25	48	3065	0	1
2210	3	31	166	2986	0	1
2210	4	1	728	2659	0	1
2210	4	7	220	2982	0	1
2210	4	25	431	2901	0	1
2210	4	31	62	3041	0	1
2210	5	0	565	2744	0	1
2210	5	8	47	3060	0	1
2210	5	17	92	3008	0	1
2210	10	5	1	3068	0	1
2210	10	6	1	3067	0	1
2210	10	7	51	3074	0	1
2210	11	15	3	3067	0	1
2210	11	23	2	3067	0	1
2210	12	5	3	3064	0	1
2210	12	15	6	3065	0	1
2210	12	17	4	3068	0	1
2210	12	31	2	3065	0	1
2210	13	4	434	2931	0	1
2210	13	12	5	3064	0	1
2210	13	25	4	3065	0	1
2210	13	26	188	2911	0	1
2210	14	1	3	3067	0	1
2210	14	13	4	3068	0	1
2210	15	3	18	3061	0	1
2210	15	5	50	3068	0	1
2210	15	13	29	3061	0	1
2210	15	20	10	3067	0	1
2210	15	22	50	3068	0	1
2210	15	29	50	3068	0	1
2210	16	3	152	2953	0	1
2210	16	13	2	3065	0	1
2211	2	7	11	3068	0	1
2211	2	15	154	3037	0	1
2211	3	2	41	3071	0	1
2211	3	25	60	3063	0	1
2211	3	31	172	2994	0	1
2211	4	25	212	2975	0	1
2211	4	31	1031	2680	0	1
2211	5	0	353	2869	0	1
2211	5	8	61	3061	0	1
2211	10	7	22	3065	0	1
2211	10	29	3	3067	0	1
2211	11	1	1	3068	0	1
2211	11	23	5	3067	0	1
2211	12	5	3	3064	0	1
2211	12	16	3	3064	0	1
2211	12	19	2	3067	0	1
2211	12	23	1	3066	0	1
2211	12	28	7	3068	0	1
2211	12	30	1	3066	0	1
2211	12	31	1	3066	0	1
2211	13	4	382	2952	0	1
2211	13	15	13	3062	0	1
2211	14	8	4	3065	0	1
2211	14	12	5	3065	0	1
2211	14	27	3	3069	0	1
2211	15	3	17	3060	0	1
2211	15	5	116	3046	0	1
2211	15	13	59	3066	0	1
2211	16	6	204	3001	0	1
2211	16	10	168	3013	0	1
2211	16	12	199	2922	0	1
2211	16	18	420	2907	0	1
2211	16	23	87	3060	0	1
2211	17	0	152	2953	0	1
2211	17	17	130	3019	0	1
2212	0	15	2	3068	0	1
2212	2	7	7	3068	0	1
2212	2	16	11	3068	0	1
2212	2	23	1163	2601	0	1
2212	3	2	400	2935	0	1
2212	3	7	16	3072	0	1
2212	3	16	53	3052	0	1
2212	4	1	411	2834	0	1
2212	4	10	13	3059	0	1
2212	4	15	61	3061	0	1
2212	4	18	514	2813	0	1
2212	5	0	728	2659	0	1
2212	5	1	1164	2600	0	1
2212	5	17	788	2749	0	1
2212	6	1	4	3067	0	1
2212	7	17	2	3066	0	1
2212	10	29	1	3068	0	1
2212	10	31	50	3057	0	1
2212	11	2	1	3068	0	1
2212	11	6	4	3066	0	1
2212	12	19	1	3067	0	1
2212	12	26	4	3065	0	1
2212	13	12	6	3064	0	1
2212	13	23	2	3065	0	1
2212	13	25	4	3065	0	1
2212	14	1	5	3067	0	1
2212	14	3	2	3066	0	1
2212	14	12	3	3066	0	1
2212	14	18	5	3067	0	1
2212	15	18	9	3068	0	1
2212	15	22	6	3064	0	1
2212	16	10	289	2948	0	1
2212	16	12	199	2922	0	1
2212	16	20	397	2864	0	1
2212	17	1	41	3070	0	1
2213	2	15	24	3066	0	1
2213	2	23	650	2821	0	1
2213	2	30	1164	2600	0	1
2213	2	31	13	3074	0	1
2213	3	0	570	2849	0	1
2213	3	7	10	3067	0	1
2213	4	1	728	2659	0	1
2213	4	7	79	3052	0	1
2213	4	15	14	3065	0	1
2213	4	25	384	2895	0	1
2213	4	31	75	3040	0	1
2213	8	15	1	3068	0	1
2213	10	29	3	3067	0	1
2213	10	31	63	3057	0	1
2213	11	1	1	3068	0	1
2213	11	2	1	3068	0	1
2213	11	6	5	3067	0	1
2213	12	5	2	3065	0	1
2213	12	23	1	3066	0	1
2213	13	12	5	3064	0	1
2213	13	23	2	3065	0	1
2213	13	25	4	3065	0	1
2213	14	27	5	3067	0	1
2213	15	27	13	3064	0	1
2213	16	3	152	2953	0	1
2213	16	13	2	3065	0	1
2213	16	23	88	3059	0	1
2213	16	25	429	2903	0	1
2213	18	9	643	2606	0	1
2214	4	0	13	3058	0	1
2214	4	4	407	2880	0	1
2214	4	6	23	3068	0	1
2214	4	9	5	3063	0	1
2214	4	12	407	2880	0	1
2214	4	13	32	3042	0	1
2214	4	14	386	2896	0	1
2214	16	0	392	2926	0	1
2214	16	9	1	3066	0	1
2215	4	1	9	3059	0	1
2215	4	5	44	3055	0	1
2215	4	11	50	3021	0	1
2215	4	12	4	3065	0	1
2215	4	13	48	3052	0	1
2215	4	15	1166	2067	0	1
2215	14	2	9	3067	0	1
2215	15	16	49	3051	0	1
2215	15	18	121	3042	0	1
2215	15	20	1	3067	0	1
2215	15	22	3	3065	0	1
2215	15	25	1	3067	0	1
2215	15	28	2	3066	0	1
2215	15	31	4	3066	0	1
2215	16	0	127	3019	0	1
2215	16	1	1	3066	0	1
2215	16	5	8	3064	0	1
2215	16	8	154	3003	0	1
2215	16	17	152	2953	0	1
2215	16	18	590	2795	0	1
2215	16	19	245	2978	0	1
2215	16	24	28	3039	0	1
2215	16	25	280	2839	0	1
2216	0	0	1225	2594	0	1
2216	0	16	2750	1400	0	1
2216	4	4	9	3066	0	1
2216	4	6	5	3063	0	1
2216	4	7	77	3013	0	1
2216	4	12	9	3066	0	1
2216	4	15	20	3056	0	1
2216	6	2	2	3066	0	1
2216	14	0	5	3067	0	1
2216	14	19	2	3067	0	1
2216	14	20	4	3068	0	1
2216	14	23	3	3067	0	1
2216	14	26	1	3067	0	1
2216	14	27	2	3067	0	1
2216	14	29	2	3066	0	1
2216	15	0	6	3064	0	1
2216	15	1	3	3066	0	1
2216	15	3	4	3068	0	1
2216	15	5	4	3068	0	1
2216	15	8	28	3059	0	1
2216	15	11	5	3067	0	1
2216	15	13	15	3067	0	1
2216	15	17	2	3068	0	1
2216	15	18	8	3066	0	1
2216	15	19	14	3065	0	1
2216	15	21	28	3071	0	1
2216	15	22	1	3066	0	1
2216	15	23	6	3065	0	1
2216	15	26	14	3064	0	1
2216	15	29	163	3012	0	1
2216	15	30	1	3066	0	1
2216	16	5	131	3026	0	1
2216	16	13	231	2962	0	1
2216	16	23	594	2639	0	1
2216	16	24	19	3052	0	1
2216	17	0	327	2796	0	1
2216	17	1	919	2645	0	1
2216	17	16	2413	1607	0	1
2217	4	1	13	3059	0	1
2217	4	4	1	3066	0	1
2217	4	5	255	2867	0	1
2217	4	7	104	3014	0	1
2217	4	9	13	3059	0	1
2217	4	13	222	3009	0	1
2217	4	14	1	3067	0	1
2217	4	15	294	2833	0	1
2217	6	2	2	3068	0	1
2217	14	16	1	3067	0	1
2217	14	17	1	3066	0	1
2217	14	18	1	3066	0	1
2217	14	20	1	3066	0	1
2217	14	21	2	3068	0	1
2217	14	22	1	3066	0	1
2217	14	23	15	3076	0	1
2217	14	25	1	3066	0	1
2217	14	28	2	3065	0	1
2217	14	30	1	3066	0	1
2217	14	31	24	3077	0	1
2217	15	0	2	3067	0	1
2217	15	1	12	3067	0	1
2217	15	2	9	3063	0	1
2217	15	3	38	3058	0	1
2217	15	4	1	3067	0	1
2217	15	5	2	3066	0	1
2217	15	6	4	3068	0	1
2217	15	8	8	3069	0	1
2217	15	10	21	3059	0	1
2217	15	13	9	3063	0	1
2217	16	5	289	2948	0	1
2217	16	13	359	2900	0	1
2217	17	1	1808	1804	0	1
2218	0	1	2	3068	0	1
2218	1	0	1	3067	0	1
2218	2	0	104	3051	0	1
2218	2	2	60	3063	0	1
2218	2	4	7	3068	0	1
2218	2	6	76	3050	0	1
2218	2	7	154	3037	0	1
2218	2	8	30	3059	0	1
2218	2	9	42	3055	0	1
2218	2	10	154	3037	0	1
2218	2	11	30	3059	0	1
2218	2	13	132	3051	0	1
2218	2	14	61	3056	0	1
2218	2	15	195	3004	0	1
2218	2	25	41	3071	0	1
2218	2	27	459	2962	0	1
2218	3	0	527	2869	0	1
2218	3	3	1257	2529	0	1
2218	3	26	220	2982	0	1
2218	3	28	2181	1854	0	1
2218	3	30	1460	2368	0	1
2218	4	0	2250	1819	0	1
2218	4	4	182	2965	0	1
2218	4	5	3	3064	0	1
2218	4	13	1164	2600	0	1
2218	4	27	1225	2594	0	1
2218	6	4	2	3068	0	1
2218	8	1	1	3068	0	1
2218	9	0	1	3068	0	1
2218	10	0	7	3069	0	1
2218	10	2	1	3068	0	1
2218	10	4	51	3074	0	1
2218	10	13	7	3069	0	1
2218	10	14	7	3069	0	1
2218	10	15	4	3068	0	1
2218	10	24	1	3067	0	1
2218	10	25	1	3067	0	1
2218	10	27	2	3067	0	1
2218	11	0	5	3069	0	1
2218	11	3	2	3068	0	1
2218	11	17	5	3067	0	1
2218	11	19	3	3067	0	1
2218	11	20	11	3066	0	1
2218	11	24	3	3067	0	1
2218	11	25	3	3067	0	1
2218	12	0	202	2965	0	1
2218	12	1	558	2803	0	1
2218	12	3	4	3065	0	1
2218	12	6	34	3070	0	1
2218	12	8	3	3068	0	1
2218	12	11	2	3067	0	1
2218	12	13	23	3076	0	1
2218	12	15	7	3067	0	1
2218	12	20	35	3076	0	1
2218	12	21	15	3067	0	1
2218	12	22	48	3077	0	1
2218	12	24	188	2911	0	1
2218	12	26	708	2571	0	1
2218	12	27	2398	1404	0	1
2218	13	0	817	2730	0	1
2218	13	3	605	2879	0	1
2218	13	4	120	3026	0	1
2218	13	5	308	2977	0	1
2218	13	6	434	2931	0	1
2218	13	8	191	3064	0	1
2218	13	11	24	3065	0	1
2218	13	12	109	3068	0	1
2218	13	13	1	3066	0	1
2218	13	16	12	3065	0	1
2218	13	19	640	2834	0	1
2218	13	20	822	2777	0	1
2218	13	25	639	2835	0	1
2218	14	6	734	2737	0	1
2218	14	7	49	3034	0	1
2218	14	8	49	3034	0	1
2218	14	11	685	2770	0	1
2218	14	13	49	3034	0	1
2218	15	26	193	3034	0	1
2218	16	2	41	3070	0	1
2218	16	4	25	3059	0	1
2218	16	27	89	3047	0	1
2218	17	0	278	2985	0	1
2218	17	3	324	3021	0	1
2218	17	26	2413	1607	0	1
2218	17	28	1159	2645	0	1
2218	17	30	1159	2645	0	1
2218	18	0	1672	2295	0	1
2218	18	13	643	2606	0	1
2218	18	27	706	2543	0	1
2219	0	0	1414	2442	0	1
2219	0	2	1395	2443	0	1
2219	0	12	1206	2595	0	1
2219	0	25	2750	1400	0	1
2219	0	26	1206	2595	0	1
2219	1	0	1344	2290	0	1
2219	2	0	7	3068	0	1
2219	2	1	11	3068	0	1
2219	2	2	7	3068	0	1
2219	2	24	13	3074	0	1
2219	2	25	13	3074	0	1
2219	2	26	15	3070	0	1
2219	2	27	13	3074	0	1
2219	3	0	218	2981	0	1
2219	3	3	24	3072	0	1
2219	3	4	24	3072	0	1
2219	3	5	30	3061	0	1
2219	3	6	53	3052	0	1
2219	3	28	220	2982	0	1
2219	3	29	166	2986	0	1
2219	3	30	188	2991	0	1
2219	4	0	66	3039	0	1
2219	4	1	220	2982	0	1
2219	4	2	182	2965	0	1
2219	4	9	2635	1314	0	1
2219	4	10	1886	1750	0	1
2219	4	24	122	3021	0	1
2219	4	25	34	3052	0	1
2219	4	26	373	2911	0	1
2219	4	27	1031	2680	0	1
2219	5	0	347	2940	0	1
2219	7	0	1	3067	0	1
2219	10	0	51	3074	0	1
2219	10	1	51	3074	0	1
2219	10	2	51	3074	0	1
2219	10	24	63	3057	0	1
2219	10	25	63	3057	0	1
2219	10	26	57	3056	0	1
2219	10	27	63	3057	0	1
2219	11	0	83	3061	0	1
2219	14	12	17	3065	0	1
2219	14	25	36	3073	0	1
2219	14	26	6	3069	0	1
2219	15	0	123	3020	0	1
2219	15	3	57	3055	0	1
2219	15	4	5	3064	0	1
2219	15	5	12	3067	0	1
2219	15	16	81	3049	0	1
2219	15	17	165	3011	0	1
2219	15	28	9	3065	0	1
2219	15	30	36	3055	0	1
2219	16	0	294	2959	0	1
2219	16	2	85	3033	0	1
2219	16	12	142	3027	0	1
2219	16	14	744	2731	0	1
2219	16	24	2	3065	0	1
2219	16	25	510	2777	0	1
2219	16	26	221	2910	0	1
2219	17	0	719	2764	0	1
2219	17	3	1508	1901	0	1
2219	17	5	229	2902	0	1
2219	17	30	1936	1966	0	1
2220	2	0	60	3063	0	1
2220	2	8	431	2943	0	1
2220	11	0	2	3066	0	1
2220	11	8	5	3070	0	1
2220	11	16	5	3067	0	1
2220	12	0	4	3068	0	1
2220	12	1	22	3077	0	1
2220	12	8	88	3015	0	1
2220	12	9	473	2849	0	1
2220	12	24	5	3062	0	1
2220	12	25	28	3050	0	1
2220	13	0	4	3066	0	1
2220	13	1	46	3063	0	1
2220	13	8	39	3054	0	1
2220	13	9	301	2980	0	1
2220	17	16	204	3001	0	1
2221	2	0	104	3051	0	1
2221	2	16	955	2736	0	1
2221	2	24	41	3071	0	1
2221	3	0	1163	2601	0	1
2221	3	8	663	2596	0	1
2221	3	16	1164	2600	0	1
2221	3	24	721	2553	0	1
2221	4	0	61	3061	0	1
2221	4	8	1164	2600	0	1
2221	4	16	1225	2594	0	1
2221	10	0	1	3068	0	1
2221	10	8	9	3068	0	1
2221	10	16	1	3068	0	1
2221	10	24	3	3068	0	1
2221	11	0	1	3068	0	1
2221	12	1	4	3065	0	1
2221	12	8	69	3039	0	1
2221	12	9	112	3019	0	1
2221	12	17	7	3068	0	1
2221	12	24	141	2963	0	1
2221	12	25	621	2640	0	1
2221	13	1	2	3065	0	1
2221	13	8	13	3059	0	1
2221	13	9	81	3039	0	1
2221	13	16	1	3066	0	1
2221	13	24	203	3002	0	1
2221	14	0	49	3034	0	1
2221	16	8	41	3070	0	1
2221	16	16	42	3077	0	1
2221	17	0	88	3059	0	1
2221	18	2	643	2606	0	1
2221	18	16	706	2543	0	1
2222	11	16	10	3073	0	1
2222	12	8	1	3066	0	1
2222	12	9	1	3066	0	1
2222	12	17	3	3065	0	1
2222	12	24	11	3059	0	1
2222	12	25	144	2941	0	1
2222	13	0	2	3065	0	1
2222	13	1	38	3067	0	1
2222	13	8	49	3052	0	1
2222	13	9	472	2922	0	1
2223	11	16	1	3067	0	1
2223	12	8	1	3066	0	1
2223	12	9	1	3068	0	1
2223	12	16	2	3067	0	1
2223	12	17	70	3053	0	1
2223	12	24	182	2944	0	1
2223	12	25	2218	1533	0	1
2223	13	1	1	3066	0	1
2223	13	8	13	3065	0	1
2223	13	9	107	3033	0	1
2224	50	14	714	2541	0	1
2226	4	18	19	3058	0	1
2226	4	19	19	3058	0	1
2226	50	20	714	2541	0	1
2226	50	21	714	2541	0	1
2227	3	0	1	3066	0	1
2227	3	1	1	3066	0	1
2228	2	18	48	3052	0	1
2228	50	22	714	2541	0	1
2229	2	19	1202	2614	0	1
2229	4	17	19	3058	0	1
2229	13	12	80	3044	0	1
2229	13	15	80	3044	0	1
2229	50	20	714	2541	0	1
2229	50	21	714	2541	0	1
2230	2	16	1202	2614	0	1
2230	4	18	19	3058	0	1
2230	4	25	2	3067	0	1
2230	5	11	16	3067	0	1
2230	5	25	11	3063	0	1
2230	6	25	156	3020	0	1
2231	2	10	45	3071	0	1
2231	2	12	38	3034	0	1
2231	2	17	48	3052	0	1
2231	3	1	1	3066	0	1
2231	4	10	1430	2255	0	1
2231	5	10	160	2937	0	1
2231	6	10	36	3031	0	1
2231	6	20	28	3072	0	1
2231	7	26	66	3047	0	1
2231	8	26	1121	2445	0	1
2231	9	18	160	3066	0	1
2231	10	28	51	3074	0	1
2231	17	2	140	3017	0	1
2231	17	4	4	3070	0	1
2231	17	20	17	3065	0	1
2232	0	18	1	3068	0	1
2232	0	21	1	3067	0	1
2232	0	28	10	3066	0	1
2232	2	11	39	3067	0	1
2232	3	4	1	3067	0	1
2232	3	11	2635	1314	0	1
2232	4	12	148	3014	0	1
2232	4	13	47	3062	0	1
2232	4	18	1031	2680	0	1
2232	4	26	617	2655	0	1
2232	5	4	21	3070	0	1
2232	5	11	39	3041	0	1
2232	5	12	432	2881	0	1
2232	5	25	1	3066	0	1
2232	6	8	217	2931	0	1
2232	6	9	1430	2255	0	1
2232	7	16	31	3051	0	1
2232	7	21	4	3069	0	1
2232	7	26	74	3044	0	1
2232	7	31	1430	2255	0	1
2232	8	20	331	2961	0	1
2232	9	4	31	3051	0	1
2232	9	5	15	3059	0	1
2232	9	7	23	3066	0	1
2232	9	10	1553	2349	0	1
2232	10	3	6	3064	0	1
2232	12	18	516	2916	0	1
2232	13	2	5	3064	0	1
2232	14	11	42	3055	0	1
2232	14	27	255	2922	0	1
2232	15	10	85	3033	0	1
2233	2	9	34	3067	0	1
2233	2	13	2	3068	0	1
2233	3	25	1	3066	0	1
2233	5	9	10	3069	0	1
2233	5	10	12	3068	0	1
2233	5	25	11	3063	0	1
2233	6	25	310	2988	0	1
2233	7	13	788	2749	0	1
2233	7	26	546	2756	0	1
2233	9	1	6	3067	0	1
2233	9	9	843	2452	0	1
2233	10	5	1	3067	0	1
2233	10	14	3	3067	0	1
2234	1	11	16	3067	0	1
2234	1	17	1	3067	0	1
2234	1	19	974	2589	0	1
2234	2	5	2	3067	0	1
2234	2	8	31	3064	0	1
2234	2	11	45	3071	0	1
2234	2	24	6	3069	0	1
2234	3	8	2	3066	0	1
2234	3	27	561	2737	0	1
2234	4	19	122	3021	0	1
2234	4	27	617	2655	0	1
2234	4	29	220	2982	0	1
2234	5	8	12	3070	0	1
2234	5	11	160	2937	0	1
2234	5	13	439	2880	0	1
2234	5	21	2	3066	0	1
2234	6	14	148	3014	0	1
2234	7	21	4	3069	0	1
2234	7	26	551	2751	0	1
2234	8	8	293	2868	0	1
2234	9	5	31	3051	0	1
2234	9	11	240	2895	0	1
2234	11	3	23	3066	0	1
2234	15	11	85	3033	0	1
2234	15	24	30	3073	0	1
2234	16	8	54	3061	0	1
2234	16	24	184	3035	0	1
2234	17	8	1159	2645	0	1
2235	1	30	22	3062	0	1
2235	2	5	10	3071	0	1
2235	2	8	34	3067	0	1
2235	2	13	4	3064	0	1
2235	2	21	5	3068	0	1
2235	3	5	1	3067	0	1
2235	3	24	1	3066	0	1
2235	4	9	29	3075	0	1
2235	4	13	166	2986	0	1
2235	4	29	220	2982	0	1
2235	5	8	12	3070	0	1
2235	5	10	16	3067	0	1
2235	5	13	431	2901	0	1
2235	5	21	2	3068	0	1
2235	5	25	1	3066	0	1
2235	6	5	145	3021	0	1
2235	7	9	160	2937	0	1
2235	7	12	130	3000	0	1
2235	8	5	684	2593	0	1
2235	8	8	293	2868	0	1
2235	10	4	1	3067	0	1
2235	11	3	23	3066	0	1
2235	12	30	267	2903	0	1
2235	13	3	11	3063	0	1
2235	14	5	10	3067	0	1
2235	15	21	61	3050	0	1
2236	0	29	10	3066	0	1
2236	1	19	974	2589	0	1
2236	1	30	22	3062	0	1
2236	2	8	34	3067	0	1
2236	2	24	6	3069	0	1
2236	3	8	2	3066	0	1
2236	3	24	1	3066	0	1
2236	4	9	33	3079	0	1
2236	4	11	168	2961	0	1
2236	5	8	12	3070	0	1
2236	5	10	16	3067	0	1
2236	7	12	788	2749	0	1
2236	7	26	483	2790	0	1
2236	8	8	293	2868	0	1
2236	9	0	4	3067	0	1
2236	9	7	23	3066	0	1
2236	9	19	107	3061	0	1
2236	10	4	1	3067	0	1
2236	15	24	30	3073	0	1
2236	17	5	4	3070	0	1
2236	17	8	1159	2645	0	1
2236	17	21	17	3065	0	1
2237	0	21	1	3067	0	1
2237	1	11	16	3067	0	1
2237	1	17	1	3067	0	1
2237	1	19	236	2890	0	1
2237	2	5	10	3071	0	1
2237	2	11	45	3071	0	1
2237	2	21	4	3069	0	1
2237	3	5	1	3067	0	1
2237	3	11	14	3060	0	1
2237	3	27	551	2751	0	1
2237	4	9	33	3079	0	1
2237	4	11	1430	2255	0	1
2237	4	13	166	2986	0	1
2237	4	19	1031	2680	0	1
2237	4	27	617	2655	0	1
2237	4	29	220	2982	0	1
2237	5	11	160	2937	0	1
2237	5	13	431	2901	0	1
2237	5	21	2	3068	0	1
2237	6	5	133	3031	0	1
2237	6	9	1430	2255	0	1
2237	7	21	4	3069	0	1
2237	7	27	69	3047	0	1
2237	8	5	53	3018	0	1
2237	9	0	6	3067	0	1
2237	9	5	31	3051	0	1
2237	9	7	19	3065	0	1
2237	9	11	1553	2349	0	1
2237	11	3	23	3066	0	1
2237	14	5	10	3067	0	1
2237	14	11	11	3071	0	1
2237	15	11	85	3033	0	1
2237	15	21	61	3050	0	1
2238	0	29	10	3066	0	1
2238	1	11	16	3067	0	1
2238	1	17	1	3067	0	1
2238	1	19	236	2890	0	1
2238	1	30	22	3062	0	1
2238	2	5	2	3067	0	1
2238	2	11	45	3071	0	1
2238	2	12	2	3068	0	1
2238	2	13	12	3060	0	1
2238	2	21	4	3069	0	1
2238	3	5	1	3067	0	1
2238	3	11	22	3058	0	1
2238	4	9	33	3079	0	1
2238	4	11	442	2818	0	1
2238	4	13	220	2982	0	1
2238	4	19	122	3021	0	1
2238	4	24	2	3067	0	1
2238	4	27	617	2655	0	1
2238	4	29	220	2982	0	1
2238	5	5	2	3067	0	1
2238	5	11	160	2937	0	1
2238	5	13	439	2880	0	1
2238	5	21	2	3066	0	1
2238	5	24	11	3063	0	1
2238	5	25	1	3066	0	1
2238	6	5	133	3031	0	1
2238	6	9	442	2818	0	1
2238	6	21	16	3070	0	1
2238	6	24	310	2988	0	1
2238	7	9	160	2937	0	1
2238	7	17	31	3051	0	1
2238	7	21	4	3069	0	1
2238	7	26	551	2751	0	1
2238	7	27	74	3044	0	1
2238	7	31	442	2818	0	1
2238	8	5	684	2593	0	1
2238	8	21	122	3040	0	1
2238	8	27	316	2852	0	1
2238	9	5	31	3051	0	1
2238	9	7	23	3066	0	1
2238	9	8	1043	2312	0	1
2238	9	11	240	2895	0	1
2238	9	19	107	3061	0	1
2238	10	3	3	3068	0	1
2238	10	14	3	3067	0	1
2238	10	29	51	3074	0	1
2238	11	3	23	3066	0	1
2238	12	19	434	2931	0	1
2238	12	30	267	2903	0	1
2238	13	3	13	3062	0	1
2238	14	5	10	3067	0	1
2238	14	11	11	3071	0	1
2238	14	27	221	2910	0	1
2238	15	11	85	3033	0	1
2238	17	3	140	3017	0	1
2239	0	19	1	3068	0	1
2239	1	11	16	3067	0	1
2239	1	17	1	3067	0	1
2239	1	30	22	3062	0	1
2239	2	8	34	3067	0	1
2239	2	13	38	3034	0	1
2239	2	24	6	3069	0	1
2239	3	8	2	3066	0	1
2239	3	11	2635	1314	0	1
2239	3	24	1	3066	0	1
2239	3	27	551	2751	0	1
2239	4	19	121	3022	0	1
2239	4	24	2	3067	0	1
2239	4	27	327	2848	0	1
2239	4	29	120	3022	0	1
2239	5	5	21	3070	0	1
2239	5	8	12	3070	0	1
2239	5	10	16	3067	0	1
2239	5	24	11	3063	0	1
2239	6	14	220	2982	0	1
2239	6	21	16	3070	0	1
2239	6	24	216	3004	0	1
2239	7	9	160	2937	0	1
2239	7	12	130	3000	0	1
2239	7	17	31	3051	0	1
2239	7	26	551	2751	0	1
2239	7	27	74	3044	0	1
2239	7	31	1430	2255	0	1
2239	8	5	684	2593	0	1
2239	8	8	293	2868	0	1
2239	8	21	331	2961	0	1
2239	8	27	1121	2445	0	1
2239	9	0	6	3067	0	1
2239	9	8	1043	2312	0	1
2239	10	3	6	3064	0	1
2239	10	4	1	3067	0	1
2239	10	14	8	3066	0	1
2239	10	29	51	3074	0	1
2239	12	19	434	2931	0	1
2239	12	30	703	2756	0	1
2239	13	3	13	3062	0	1
2239	14	27	221	2910	0	1
2239	17	3	140	3017	0	1
2252	0	12	1	3068	0	1
2252	0	22	1	3068	0	1
2252	0	26	4	3065	0	1
2252	0	30	4	3065	0	1
2252	1	0	1	3067	0	1
2252	2	3	487	2979	0	1
2252	2	8	2	3069	0	1
2252	2	14	18	3070	0	1
2252	2	17	33	3069	0	1
2252	2	18	13	3069	0	1
2252	2	19	18	3070	0	1
2252	2	22	2	3069	0	1
2252	2	25	13	3067	0	1
2252	2	26	42	3060	0	1
2252	2	27	81	3052	0	1
2252	2	29	18	3067	0	1
2252	2	30	41	3060	0	1
2252	3	0	3	3068	0	1
2252	3	20	1	3067	0	1
2252	4	8	700	2542	0	1
2252	4	22	3	3068	0	1
2252	4	25	115	3034	0	1
2252	4	27	193	2991	0	1
2252	4	29	226	2984	0	1
2252	4	30	1	3066	0	1
2252	5	0	3	3068	0	1
2252	5	4	7	3070	0	1
2252	5	20	7	3068	0	1
2252	6	8	23	3071	0	1
2252	6	22	44	3070	0	1
2252	6	25	638	2568	0	1
2252	6	27	780	2485	0	1
2252	6	29	786	2512	0	1
2252	6	30	105	2990	0	1
2252	7	0	32	3068	0	1
2252	7	4	111	3047	0	1
2252	7	20	158	3042	0	1
2252	8	22	1920	2061	0	1
2252	8	25	538	2776	0	1
2252	8	26	319	2876	0	1
2252	8	27	245	2893	0	1
2252	8	30	1	3066	0	1
2252	9	0	240	2895	0	1
2252	9	20	1122	2455	0	1
2252	10	22	1169	2106	0	1
2252	10	30	1153	2108	0	1
2252	11	0	1735	1614	0	1
2252	11	4	906	2322	0	1
2252	11	20	1145	2116	0	1
2252	12	12	2	3068	0	1
2252	12	30	1	3066	0	1
2252	14	29	210	2984	0	1
2252	14	30	352	2942	0	1
2252	16	30	1809	1768	0	1
2252	18	30	3	3066	0	1
2253	0	15	2	3068	0	1
2253	0	21	1	3068	0	1
2253	0	25	5	3069	0	1
2253	0	29	5	3069	0	1
2253	1	3	8	3068	0	1
2253	1	7	4	3065	0	1
2253	1	19	6	3067	0	1
2253	2	1	487	2979	0	1
2253	2	2	487	2979	0	1
2253	2	11	17	3065	0	1
2253	2	14	8	3069	0	1
2253	2	15	4	3065	0	1
2253	2	16	202	3022	0	1
2253	2	17	202	3022	0	1
2253	2	20	13	3065	0	1
2253	2	21	2	3069	0	1
2253	2	24	66	3057	0	1
2253	2	25	193	3024	0	1
2253	2	26	68	3049	0	1
2253	2	29	193	3024	0	1
2253	3	3	104	3043	0	1
2253	3	7	67	3053	0	1
2253	3	19	118	3042	0	1
2253	4	15	952	2323	0	1
2253	4	17	230	2982	0	1
2253	4	20	265	2968	0	1
2253	4	21	3	3068	0	1
2253	4	24	167	2999	0	1
2253	4	25	221	2982	0	1
2253	4	26	150	3003	0	1
2253	4	29	220	2982	0	1
2253	5	3	220	2982	0	1
2253	5	19	342	2938	0	1
2253	6	11	17	3065	0	1
2253	6	17	380	2766	0	1
2253	6	20	746	2539	0	1
2253	6	21	44	3070	0	1
2253	6	24	966	2396	0	1
2253	6	25	449	2680	0	1
2253	6	26	397	2732	0	1
2253	6	29	449	2680	0	1
2253	7	3	3390	791	0	1
2253	7	19	844	2463	0	1
2253	8	17	1898	2071	0	1
2253	8	21	1895	2072	0	1
2253	8	24	245	2893	0	1
2253	8	25	1714	2233	0	1
2253	8	26	538	2776	0	1
2253	8	29	1714	2233	0	1
2253	9	3	253	2896	0	1
2253	9	19	1054	2512	0	1
2253	10	16	466	2715	0	1
2253	10	17	466	2715	0	1
2253	10	21	466	2715	0	1
2253	10	25	466	2715	0	1
2253	10	29	466	2715	0	1
2253	11	3	1731	1618	0	1
2253	11	19	1143	2118	0	1
2253	12	25	12	3068	0	1
2253	12	29	12	3068	0	1
2253	13	3	21	3073	0	1
2253	13	7	17	3065	0	1
2253	13	19	15	3069	0	1
2253	14	15	253	2979	0	1
2253	14	25	1160	2598	0	1
2253	14	29	1160	2598	0	1
2253	15	3	136	3039	0	1
2253	15	7	284	2960	0	1
2253	15	19	575	2870	0	1
2253	16	25	73	3003	0	1
2253	16	29	73	3003	0	1
2253	17	3	73	3003	0	1
2253	17	19	518	2707	0	1
2253	18	16	684	2593	0	1
2253	18	17	684	2593	0	1
2253	18	25	684	2593	0	1
2253	18	29	684	2593	0	1
2253	19	3	684	2593	0	1
2253	19	19	1101	2293	0	1
2254	0	1	2	3066	0	1
2254	1	1	2	3068	0	1
2254	1	17	2	3069	0	1
2254	6	5	2	3066	0	1
2254	7	1	486	2628	0	1
2254	13	31	20	3073	0	1
2254	15	15	48	3058	0	1
2254	16	13	13	3059	0	1
2254	17	31	13	3059	0	1
2254	18	13	684	2593	0	1
2255	0	0	2	3066	0	1
2255	1	0	2	3066	0	1
2255	3	24	2	3069	0	1
2255	6	0	150	3008	0	1
2255	6	4	17	3073	0	1
2255	7	0	455	2772	0	1
2255	13	14	14	3067	0	1
2255	13	30	20	3073	0	1
2255	15	14	48	3058	0	1
2255	16	12	13	3059	0	1
2255	17	30	13	3059	0	1
2255	18	12	684	2593	0	1
2256	0	1	2	3066	0	1
2256	0	2	1	3066	0	1
2256	1	1	3	3066	0	1
2256	1	18	2	3069	0	1
2256	5	17	169	2996	0	1
2256	6	1	169	2996	0	1
2256	6	2	135	3011	0	1
2256	6	6	2	3067	0	1
2256	7	1	2791	1198	0	1
2256	7	2	2930	1083	0	1
2256	13	28	15	3072	0	1
2256	15	12	36	3059	0	1
2256	16	13	13	3059	0	1
2256	16	14	13	3059	0	1
2256	18	14	684	2593	0	1
2257	3	24	7	3066	0	1
2257	6	7	17	3073	0	1
2257	13	12	29	3064	0	1
2257	13	15	29	3064	0	1
2257	13	29	20	3073	0	1
2257	17	29	13	3059	0	1
2258	0	0	2	3066	0	1
2258	1	0	2	3066	0	1
2258	1	13	1	3067	0	1
2258	1	16	1	3066	0	1
2258	1	27	5	3066	0	1
2258	1	29	2	3068	0	1
2258	2	11	5	3066	0	1
2258	2	19	19	3067	0	1
2258	2	27	1	3067	0	1
2258	3	1	21	3070	0	1
2258	3	5	3	3067	0	1
2258	3	19	4	3067	0	1
2258	3	31	4	3065	0	1
2258	4	15	514	2813	0	1
2258	4	19	766	2485	0	1
2258	4	27	21	3070	0	1
2258	5	11	2	3068	0	1
2258	5	16	159	3009	0	1
2258	5	19	1548	2373	0	1
2258	6	11	55	3054	0	1
2258	7	0	2201	1571	0	1
2258	7	11	126	3046	0	1
2258	7	27	8	3063	0	1
2258	7	29	11	3063	0	1
2258	8	1	3	3068	0	1
2258	8	25	601	2669	0	1
2258	9	3	87	2999	0	1
2258	9	11	179	2928	0	1
2258	9	13	48	3040	0	1
2258	9	29	1430	2255	0	1
2258	13	11	61	3057	0	1
2258	13	14	14	3067	0	1
2258	13	27	9	3061	0	1
2258	14	9	33	3079	0	1
2258	15	9	6	3064	0	1
2258	15	14	48	3058	0	1
2258	15	27	13	3059	0	1
2258	16	27	4	3070	0	1
2258	17	11	17	3065	0	1
2259	0	1	2	3066	0	1
2259	0	6	22	3069	0	1
2259	0	10	17	3071	0	1
2259	1	0	10	3068	0	1
2259	1	1	2	3068	0	1
2259	1	22	4	3068	0	1
2259	2	0	25	3067	0	1
2259	2	8	2	3067	0	1
2259	2	10	17	3069	0	1
2259	3	0	2	3067	0	1
2259	3	6	1	3067	0	1
2259	3	24	7	3066	0	1
2259	3	25	206	3037	0	1
2259	4	0	554	2652	0	1
2259	4	2	1031	2680	0	1
2259	4	14	1	3066	0	1
2259	4	16	2	3067	0	1
2259	5	0	42	3045	0	1
2259	5	8	2	3067	0	1
2259	5	12	220	2982	0	1
2259	5	16	700	2542	0	1
2259	6	6	47	3055	0	1
2259	6	14	87	3050	0	1
2259	6	24	37	3051	0	1
2259	6	28	189	2998	0	1
2259	6	30	3	3068	0	1
2259	7	1	486	2628	0	1
2259	7	16	26	3069	0	1
2259	7	22	12	3065	0	1
2259	8	8	368	2825	0	1
2259	8	14	21	3061	0	1
2259	8	16	37	3049	0	1
2259	9	0	175	2967	0	1
2259	9	8	146	3046	0	1
2259	9	10	947	2380	0	1
2259	9	16	1655	2244	0	1
2259	9	24	124	2979	0	1
2259	10	0	906	2322	0	1
2259	10	14	1003	2374	0	1
2259	10	16	1001	2346	0	1
2259	10	24	677	2600	0	1
2259	15	14	20	3059	0	1
2259	17	14	13	3059	0	1
2260	0	6	45	3065	0	1
2260	0	10	12	3067	0	1
2260	0	11	16	3069	0	1
2260	0	16	1	3068	0	1
2260	0	17	1	3068	0	1
2260	0	23	18	3070	0	1
2260	1	0	9	3067	0	1
2260	1	14	2	3068	0	1
2260	1	17	34	3069	0	1
2260	1	23	5	3067	0	1
2260	1	30	13	3072	0	1
2260	2	1	45	3065	0	1
2260	2	10	2	3066	0	1
2260	2	16	1	3068	0	1
2260	2	25	2	3068	0	1
2260	2	30	5	3066	0	1
2260	3	0	17	3065	0	1
2260	3	16	21	3060	0	1
2260	3	22	6	3065	0	1
2260	3	23	3	3066	0	1
2260	3	25	11	3063	0	1
2260	4	0	476	2656	0	1
2260	4	2	15	3059	0	1
2260	4	29	51	3046	0	1
2260	5	0	31	3063	0	1
2260	5	8	2	3067	0	1
2260	5	9	2	3067	0	1
2260	5	12	19	3060	0	1
2260	5	14	5	3067	0	1
2260	5	15	1	3068	0	1
2260	5	16	276	2871	0	1
2260	5	17	567	2641	0	1
2260	5	29	450	2845	0	1
2260	6	7	30	3060	0	1
2260	6	15	116	3038	0	1
2260	6	23	31	3063	0	1
2260	6	25	54	3042	0	1
2260	7	8	17	3065	0	1
2260	7	17	14	3073	0	1
2260	7	23	13	3064	0	1
2260	7	24	266	2862	0	1
2260	7	28	788	2749	0	1
2260	8	8	671	2602	0	1
2260	8	15	54	3042	0	1
2260	8	16	28	3054	0	1
2260	8	22	215	2981	0	1
2260	8	23	655	2758	0	1
2260	8	24	29	3051	0	1
2260	8	25	893	2428	0	1
2260	9	0	62	3050	0	1
2260	9	1	89	3022	0	1
2260	9	4	69	3056	0	1
2260	9	5	59	3055	0	1
2260	9	7	194	2933	0	1
2260	9	9	51	3060	0	1
2260	9	10	959	2380	0	1
2260	9	11	1041	2314	0	1
2260	9	16	150	2957	0	1
2260	9	24	213	2911	0	1
2260	11	9	240	2895	0	1
2260	12	30	240	2895	0	1
2260	14	16	2766	1284	0	1
2260	14	30	78	3060	0	1
2260	15	15	200	3036	0	1
2260	15	24	8	3062	0	1
2260	17	15	13	3059	0	1
2260	18	9	907	2565	0	1
2261	0	15	1	3067	0	1
2261	0	17	2	3068	0	1
2261	0	28	7	3067	0	1
2261	1	12	1	3067	0	1
2261	2	14	11	3068	0	1
2261	2	15	5	3067	0	1
2261	2	19	23	3063	0	1
2261	2	31	15	3075	0	1
2261	3	0	1	3068	0	1
2261	3	5	4	3066	0	1
2261	3	14	53	3052	0	1
2261	3	19	10	3068	0	1
2261	3	31	154	3037	0	1
2261	4	3	132	2966	0	1
2261	4	19	334	2813	0	1
2261	4	27	2	3067	0	1
2261	5	10	2	3066	0	1
2261	5	11	2	3066	0	1
2261	6	10	57	3059	0	1
2261	6	17	13	3065	0	1
2261	6	18	11	3056	0	1
2261	7	10	146	3046	0	1
2261	7	15	4	3069	0	1
2261	7	26	14	3065	0	1
2261	7	27	18	3061	0	1
2261	7	28	9	3065	0	1
2261	7	29	5	3066	0	1
2261	8	0	6	3064	0	1
2261	8	1	2	3069	0	1
2261	8	8	105	3006	0	1
2261	8	9	382	2763	0	1
2261	8	15	1	3068	0	1
2261	8	16	4	3068	0	1
2261	8	17	3	3067	0	1
2261	8	25	677	2600	0	1
2261	8	26	62	3051	0	1
2261	8	27	57	3055	0	1
2261	8	28	123	3029	0	1
2261	8	29	98	3045	0	1
2261	8	30	1553	2349	0	1
2261	8	31	135	2982	0	1
2261	9	2	240	2895	0	1
2261	9	3	1414	2165	0	1
2261	9	10	179	2928	0	1
2261	9	11	138	2964	0	1
2261	9	13	55	3043	0	1
2261	9	24	12	3070	0	1
2261	9	25	16	3071	0	1
2261	9	26	28	3065	0	1
2261	9	27	36	3060	0	1
2261	10	25	13	3059	0	1
2261	10	27	148	2973	0	1
2261	10	29	1121	2445	0	1
2261	10	30	63	3057	0	1
2261	11	12	873	2434	0	1
2261	12	6	1	3067	0	1
2261	12	23	2	3068	0	1
2261	12	30	4	3065	0	1
2261	13	11	81	3062	0	1
2261	13	26	1212	2557	0	1
2261	13	27	6	3064	0	1
2261	14	8	33	3079	0	1
2261	14	26	13	3059	0	1
2261	15	8	13	3059	0	1
2261	15	27	13	3059	0	1
2262	0	7	37	3069	0	1
2262	0	11	15	3071	0	1
2262	0	23	10	3068	0	1
2262	1	1	16	3071	0	1
2262	1	12	1	3067	0	1
2262	1	17	2	3068	0	1
2262	1	23	6	3067	0	1
2262	1	28	1	3067	0	1
2262	2	1	22	3065	0	1
2262	2	9	3	3068	0	1
2262	2	11	31	3074	0	1
2262	2	14	1	3066	0	1
2262	2	17	5	3066	0	1
2262	2	25	2	3068	0	1
2262	2	26	1	3067	0	1
2262	2	31	1	3066	0	1
2262	3	1	2	3067	0	1
2262	3	4	13	3062	0	1
2262	3	9	2	3067	0	1
2262	3	14	17	3070	0	1
2262	3	17	149	3023	0	1
2262	3	23	3	3064	0	1
2262	3	25	7	3066	0	1
2262	4	1	61	3041	0	1
2262	4	3	10	3060	0	1
2262	4	26	2	3067	0	1
2262	4	29	118	3021	0	1
2262	5	1	166	3009	0	1
2262	5	10	2	3066	0	1
2262	5	13	144	3012	0	1
2262	5	29	431	2901	0	1
2262	6	16	331	2961	0	1
2262	6	18	1091	2301	0	1
2262	6	23	135	3023	0	1
2262	6	25	47	3046	0	1
2262	6	29	4	3064	0	1
2262	7	1	10	3060	0	1
2262	7	9	1	3068	0	1
2262	7	14	1	3068	0	1
2262	7	17	29	3068	0	1
2262	7	23	13	3064	0	1
2262	7	25	36	3044	0	1
2262	7	29	18	3061	0	1
2262	8	7	154	2940	0	1
2262	8	8	395	2755	0	1
2262	8	9	94	2986	0	1
2262	8	10	235	2899	0	1
2262	8	15	4	3065	0	1
2262	8	16	2	3069	0	1
2262	8	17	505	2817	0	1
2262	8	23	898	2661	0	1
2262	8	24	659	2618	0	1
2262	8	25	52	3026	0	1
2262	8	26	187	3014	0	1
2262	8	28	171	3017	0	1
2262	8	30	155	2957	0	1
2262	9	1	45	3038	0	1
2262	9	2	203	2924	0	1
2262	9	5	120	3061	0	1
2262	9	7	100	3009	0	1
2262	9	10	25	3055	0	1
2262	9	11	182	2933	0	1
2262	9	12	69	3030	0	1
2262	9	17	149	2958	0	1
2262	9	24	11	3070	0	1
2262	9	25	129	2981	0	1
2262	9	26	45	3059	0	1
2262	10	9	22	3058	0	1
2262	10	10	245	2916	0	1
2262	11	9	87	2999	0	1
2262	14	26	9	3061	0	1
2262	14	31	37	3062	0	1
2262	15	15	28	3058	0	1
2262	15	25	6	3062	0	1
2262	15	26	7	3061	0	1
2262	16	25	5	3063	0	1
2262	17	15	13	3059	0	1
2263	0	7	28	3061	0	1
2263	0	11	23	3073	0	1
2263	0	23	11	3070	0	1
2263	1	7	14	3067	0	1
2263	1	17	4	3069	0	1
2263	1	23	2	3067	0	1
2263	1	28	9	3066	0	1
2263	2	1	32	3072	0	1
2263	2	9	8	3069	0	1
2263	2	11	32	3073	0	1
2263	2	14	7	3068	0	1
2263	2	18	29	3060	0	1
2263	2	25	2	3068	0	1
2263	2	30	8	3072	0	1
2263	2	31	1	3066	0	1
2263	3	0	2	3067	0	1
2263	3	7	206	3004	0	1
2263	3	9	28	3068	0	1
2263	3	14	1	3068	0	1
2263	3	18	13	3074	0	1
2263	3	23	2635	1314	0	1
2263	3	30	23	3059	0	1
2263	4	1	624	2605	0	1
2263	4	3	106	3028	0	1
2263	4	15	3	3068	0	1
2263	4	17	17	3065	0	1
2263	4	18	397	2783	0	1
2263	4	26	2	3067	0	1
2263	4	29	166	2986	0	1
2263	5	9	17	3065	0	1
2263	5	15	13	3062	0	1
2263	5	17	476	2656	0	1
2263	5	23	13	3059	0	1
2263	6	16	112	3045	0	1
2263	6	18	102	3029	0	1
2263	6	23	114	3024	0	1
2263	6	25	32	3047	0	1
2263	7	1	476	2656	0	1
2263	7	9	2	3067	0	1
2263	7	17	29	3068	0	1
2263	7	23	6	3064	0	1
2263	7	25	1308	2235	0	1
2263	7	26	18	3061	0	1
2263	7	28	11	3063	0	1
2263	8	8	1808	1898	0	1
2263	8	9	704	2580	0	1
2263	8	15	46	3044	0	1
2263	8	16	6	3066	0	1
2263	8	17	22	3061	0	1
2263	8	24	216	2912	0	1
2263	8	25	154	2950	0	1
2263	8	26	68	3042	0	1
2263	8	28	310	2988	0	1
2263	8	30	133	2972	0	1
2263	9	1	152	2983	0	1
2263	9	2	39	3037	0	1
2263	9	7	1121	2445	0	1
2263	9	9	130	3052	0	1
2263	9	10	34	3041	0	1
2263	9	11	871	2436	0	1
2263	9	12	19	3055	0	1
2263	9	17	146	2969	0	1
2263	9	24	20	3073	0	1
2263	9	25	1553	2349	0	1
2263	9	26	19	3066	0	1
2263	10	1	466	2715	0	1
2263	10	15	180	2927	0	1
2263	10	24	22	3058	0	1
2263	10	26	1432	1836	0	1
2263	10	28	282	2875	0	1
2263	10	30	63	3057	0	1
2263	11	12	294	2869	0	1
2263	11	26	684	2593	0	1
2263	12	6	1	3067	0	1
2263	12	30	742	2721	0	1
2263	12	31	240	2895	0	1
2263	13	10	44	3062	0	1
2263	13	26	13	3059	0	1
2263	14	8	15	3074	0	1
2263	14	26	13	3059	0	1
2263	14	31	81	3062	0	1
2263	15	8	13	3059	0	1
2263	15	25	1212	2557	0	1
2263	15	26	13	3059	0	1
2263	16	25	1249	2224	0	1
2264	1	7	14	3067	0	1
2264	1	12	1	3067	0	1
2264	1	15	2	3066	0	1
2264	1	26	5	3066	0	1
2264	1	28	9	3066	0	1
2264	1	31	20	3073	0	1
2264	2	10	1	3066	0	1
2264	2	11	25	3074	0	1
2264	2	14	7	3068	0	1
2264	2	18	61	3059	0	1
2264	2	26	1	3067	0	1
2264	2	30	6	3069	0	1
2264	3	0	21	3070	0	1
2264	3	4	1	3068	0	1
2264	3	7	48	3058	0	1
2264	3	14	13	3069	0	1
2264	3	18	14	3076	0	1
2264	4	26	21	3070	0	1
2264	5	10	2	3068	0	1
2264	5	23	13	3059	0	1
2264	6	10	59	3057	0	1
2264	6	16	331	2961	0	1
2264	6	18	1091	2301	0	1
2264	7	10	146	3046	0	1
2264	8	8	1808	1898	0	1
2264	8	10	69	3035	0	1
2264	8	14	1	3068	0	1
2264	8	16	1	3068	0	1
2264	8	24	677	2600	0	1
2264	8	28	64	3052	0	1
2264	8	30	113	2992	0	1
2264	9	10	138	2964	0	1
2264	9	12	55	3043	0	1
2264	9	24	4	3068	0	1
2264	9	26	30	3065	0	1
2264	10	24	22	3058	0	1
2264	10	28	163	2953	0	1
2264	10	30	63	3057	0	1
2264	11	12	1043	2312	0	1
2264	11	26	684	2593	0	1
2264	12	30	4	3065	0	1
2264	13	10	81	3062	0	1
2264	13	26	1212	2557	0	1
2264	14	26	13	3059	0	1
2264	15	8	6	3062	0	1
2264	15	26	13	3059	0	1
2264	16	26	4	3070	0	1
2264	17	10	17	3065	0	1
2265	0	11	23	3073	0	1
2265	1	1	8	3067	0	1
2265	1	12	1	3067	0	1
2265	1	15	2	3066	0	1
2265	1	23	6	3067	0	1
2265	2	1	45	3065	0	1
2265	2	17	2	3069	0	1
2265	2	25	1	3068	0	1
2265	2	31	5	3066	0	1
2265	3	9	28	3068	0	1
2265	3	17	15	3060	0	1
2265	3	23	2635	1314	0	1
2265	3	25	5	3067	0	1
2265	4	3	85	3037	0	1
2265	4	15	3	3068	0	1
2265	4	17	17	3065	0	1
2265	5	9	17	3065	0	1
2265	5	13	189	2998	0	1
2265	5	15	13	3062	0	1
2265	5	17	476	2656	0	1
2265	5	23	13	3059	0	1
2265	6	7	47	3055	0	1
2265	6	15	87	3050	0	1
2265	6	23	31	3063	0	1
2265	6	25	54	3042	0	1
2265	7	1	476	2656	0	1
2265	7	9	2	3067	0	1
2265	7	25	1308	2235	0	1
2265	7	29	788	2749	0	1
2265	8	9	704	2580	0	1
2265	8	15	37	3051	0	1
2265	8	17	19	3055	0	1
2265	8	23	283	2945	0	1
2265	8	25	893	2428	0	1
2265	9	5	120	3061	0	1
2265	9	7	1121	2445	0	1
2265	9	9	111	3051	0	1
2265	9	17	187	2935	0	1
2265	10	1	1006	2220	0	1
2265	10	9	22	3058	0	1
2265	10	10	631	2729	0	1
2265	11	9	240	2895	0	1
2265	13	10	69	3063	0	1
2266	0	7	45	3065	0	1
2266	0	11	16	3069	0	1
2266	0	17	1	3068	0	1
2266	0	23	18	3070	0	1
2266	0	28	7	3067	0	1
2266	1	1	16	3071	0	1
2266	1	12	1	3067	0	1
2266	1	15	2	3066	0	1
2266	1	17	34	3069	0	1
2266	1	23	2	3067	0	1
2266	1	26	1	3066	0	1
2266	1	28	1	3067	0	1
2266	2	9	8	3069	0	1
2266	2	11	2	3066	0	1
2266	2	14	7	3068	0	1
2266	2	17	2	3069	0	1
2266	2	18	61	3058	0	1
2266	2	25	1	3067	0	1
2266	2	26	1	3067	0	1
2266	2	30	10	3072	0	1
2266	3	1	17	3065	0	1
2266	3	4	13	3062	0	1
2266	3	14	16	3069	0	1
2266	3	17	14	3057	0	1
2266	3	18	19	3074	0	1
2266	3	23	10	3061	0	1
2266	4	1	476	2656	0	1
2266	4	2	45	3059	0	1
2266	4	3	1031	2680	0	1
2266	4	14	514	2813	0	1
2266	4	15	3	3068	0	1
2266	4	17	1	3066	0	1
2266	4	29	166	2986	0	1
2266	5	1	31	3063	0	1
2266	5	13	220	2982	0	1
2266	5	17	72	3010	0	1
2266	5	23	2	3065	0	1
2266	6	15	11	3063	0	1
2266	6	31	3	3068	0	1
2266	7	1	618	2609	0	1
2266	7	9	17	3065	0	1
2266	7	17	29	3068	0	1
2266	7	23	13	3064	0	1
2266	7	25	157	2949	0	1
2266	7	28	9	3065	0	1
2266	8	0	2	3067	0	1
2266	8	9	596	2654	0	1
2266	8	10	292	2871	0	1
2266	8	15	54	3042	0	1
2266	8	16	7	3065	0	1
2266	8	17	505	2817	0	1
2266	8	23	410	2875	0	1
2266	8	26	10	3068	0	1
2266	8	30	176	2943	0	1
2266	9	1	175	2967	0	1
2266	9	2	162	2948	0	1
2266	9	5	14	3060	0	1
2266	9	7	268	2888	0	1
2266	9	9	111	3051	0	1
2266	9	10	159	2945	0	1
2266	9	11	1041	2314	0	1
2266	9	17	1655	2244	0	1
2266	9	25	1553	2349	0	1
2266	9	28	1430	2255	0	1
2266	10	1	466	2715	0	1
2266	10	10	872	2595	0	1
2266	10	15	1003	2374	0	1
2266	11	26	684	2593	0	1
2266	12	31	134	2972	0	1
2266	14	31	81	3062	0	1
2266	15	15	200	3036	0	1
2266	15	25	1212	2557	0	1
2266	16	25	13	3059	0	1
2266	17	15	13	3059	0	1
2267	0	11	19	3074	0	1
2267	0	14	1	3067	0	1
2267	0	16	2	3068	0	1
2267	0	17	1	3068	0	1
2267	1	15	2	3068	0	1
2267	1	28	2	3068	0	1
2267	2	9	2	3068	0	1
2267	2	14	11	3068	0	1
2267	2	17	5	3066	0	1
2267	2	18	19	3067	0	1
2267	2	25	1	3068	0	1
2267	2	30	13	3074	0	1
2267	3	1	2	3067	0	1
2267	3	4	3	3067	0	1
2267	3	7	5	3066	0	1
2267	3	9	2	3067	0	1
2267	3	14	53	3052	0	1
2267	3	17	149	3023	0	1
2267	3	18	4	3067	0	1
2267	3	23	16	3059	0	1
2267	3	25	7	3066	0	1
2267	3	30	154	3037	0	1
2267	4	2	40	3061	0	1
2267	4	18	706	2543	0	1
2267	5	1	138	3016	0	1
2267	5	9	2	3067	0	1
2267	5	18	1548	2373	0	1
2267	5	29	431	2901	0	1
2267	6	15	12	3060	0	1
2267	7	10	18	3065	0	1
2267	7	14	4	3069	0	1
2267	7	26	18	3061	0	1
2267	7	28	11	3063	0	1
2267	8	0	6	3064	0	1
2267	8	8	43	3033	0	1
2267	8	16	3	3067	0	1
2267	8	23	898	2661	0	1
2267	8	24	414	2762	0	1
2267	8	25	1	3068	0	1
2267	8	26	114	3030	0	1
2267	8	28	310	2988	0	1
2267	8	30	1553	2349	0	1
2267	9	2	240	2895	0	1
2267	9	7	146	2954	0	1
2267	9	9	146	3046	0	1
2267	9	10	179	2928	0	1
2267	9	12	69	3030	0	1
2267	9	17	171	2939	0	1
2267	9	24	20	3073	0	1
2267	9	26	45	3059	0	1
2267	10	17	1001	2346	0	1
2267	10	24	22	3058	0	1
2267	10	25	677	2600	0	1
2267	10	26	148	2973	0	1
2267	10	28	1121	2445	0	1
2267	11	12	1043	2312	0	1
2267	11	26	684	2593	0	1
2267	12	6	1	3067	0	1
2267	12	22	2	3068	0	1
2267	12	31	240	2895	0	1
2267	14	8	33	3079	0	1
2267	15	8	13	3059	0	1
2268	0	2	1	3067	0	1
2268	0	3	3	3069	0	1
2268	0	6	3	3068	0	1
2268	0	7	1	3068	0	1
2268	0	13	27	3066	0	1
2268	0	14	9	3069	0	1
2268	0	20	1	3066	0	1
2268	0	22	6	3066	0	1
2268	0	25	1	3068	0	1
2268	1	1	3	3067	0	1
2268	1	3	8	3071	0	1
2268	1	10	4	3068	0	1
2268	1	13	9	3069	0	1
2268	1	14	1	3068	0	1
2268	1	18	2	3065	0	1
2268	1	19	1	3067	0	1
2268	1	21	1	3067	0	1
2268	1	22	7	3066	0	1
2268	1	29	3	3067	0	1
2268	2	5	18	3064	0	1
2268	2	11	9	3066	0	1
2268	2	14	71	3054	0	1
2268	2	18	2	3069	0	1
2268	2	19	3	3069	0	1
2268	2	23	4	3066	0	1
2268	2	25	2	3067	0	1
2268	2	28	9	3071	0	1
2268	2	29	12	3069	0	1
2268	2	30	49	3057	0	1
2268	3	1	11	3067	0	1
2268	3	4	2	3069	0	1
2268	3	9	4	3066	0	1
2268	3	11	34	3074	0	1
2268	3	12	12	3070	0	1
2268	3	14	31	3063	0	1
2268	3	16	8	3065	0	1
2268	3	25	6	3067	0	1
2268	3	28	14	3069	0	1
2268	3	31	5	3067	0	1
2268	4	2	18	3061	0	1
2268	4	6	260	2876	0	1
2268	4	11	531	2790	0	1
2268	4	15	68	3021	0	1
2268	4	19	293	2931	0	1
2268	4	21	794	2398	0	1
2268	4	24	24	3066	0	1
2268	4	25	22	3059	0	1
2268	4	26	87	3050	0	1
2268	4	28	1586	2148	0	1
2268	4	29	93	2994	0	1
2268	5	1	48	3058	0	1
2268	5	2	442	2818	0	1
2268	5	4	39	3032	0	1
2268	5	6	668	2592	0	1
2268	5	7	698	2551	0	1
2268	5	9	115	3034	0	1
2268	5	10	120	2999	0	1
2268	5	12	973	2502	0	1
2268	5	17	3	3068	0	1
2268	5	19	125	2968	0	1
2268	5	21	113	3012	0	1
2268	5	25	116	3038	0	1
2268	6	1	2	3067	0	1
2268	6	11	671	2602	0	1
2268	6	17	893	2428	0	1
2268	6	19	183	2922	0	1
2268	6	29	64	3009	0	1
2268	7	2	110	3013	0	1
2268	7	12	224	2878	0	1
2268	7	25	684	2593	0	1
2268	8	5	70	3052	0	1
2268	8	11	74	3044	0	1
2268	8	15	6	3064	0	1
2268	8	17	300	2859	0	1
2268	8	19	31	3051	0	1
2268	8	21	379	2804	0	1
2268	8	22	307	2841	0	1
2268	8	23	6	3065	0	1
2268	8	26	1003	2374	0	1
2268	8	30	11	3066	0	1
2268	9	4	27	3067	0	1
2268	9	6	54	3045	0	1
2268	9	9	148	3015	0	1
2268	9	12	139	3023	0	1
2268	9	21	29	3066	0	1
2268	9	23	187	2935	0	1
2268	9	26	8	3063	0	1
2268	10	2	889	2666	0	1
2268	10	17	90	3022	0	1
2268	10	28	903	2656	0	1
2268	11	1	803	2704	0	1
2268	11	2	13	3059	0	1
2268	11	4	1003	2374	0	1
2268	11	25	13	3059	0	1
2268	11	26	95	3017	0	1
2268	13	1	1	3067	0	1
2268	15	6	1073	2620	0	1
2268	15	8	61	3050	0	1
2268	15	24	74	3038	0	1
2268	17	8	229	2902	0	1
2268	17	19	229	2902	0	1
2269	0	3	8	3067	0	1
2269	0	12	9	3066	0	1
2269	0	21	20	3068	0	1
2269	0	27	6	3069	0	1
2269	0	30	2	3068	0	1
2269	1	0	1	3068	0	1
2269	1	6	1	3068	0	1
2269	1	8	1	3068	0	1
2269	1	10	3	3068	0	1
2269	1	13	10	3068	0	1
2269	1	14	1	3068	0	1
2269	1	17	1	3068	0	1
2269	1	20	12	3066	0	1
2269	1	21	2	3068	0	1
2269	1	22	7	3066	0	1
2269	1	27	17	3069	0	1
2269	1	28	1	3068	0	1
2269	1	29	4	3067	0	1
2269	2	2	1	3068	0	1
2269	2	4	1	3066	0	1
2269	2	5	6	3070	0	1
2269	2	6	34	3056	0	1
2269	2	12	22	3075	0	1
2269	2	14	17	3060	0	1
2269	2	17	4	3069	0	1
2269	2	23	2	3065	0	1
2269	2	25	2	3067	0	1
2269	2	28	5	3064	0	1
2269	2	29	40	3068	0	1
2269	2	30	120	3061	0	1
2269	3	4	2	3069	0	1
2269	3	5	10	3065	0	1
2269	3	6	98	3051	0	1
2269	3	7	7	3064	0	1
2269	3	8	17	3065	0	1
2269	3	9	4	3066	0	1
2269	3	11	5	3068	0	1
2269	3	12	10	3072	0	1
2269	3	14	50	3059	0	1
2269	3	16	9	3063	0	1
2269	3	21	91	3071	0	1
2269	3	25	3	3065	0	1
2269	3	26	3	3069	0	1
2269	4	4	1159	2392	0	1
2269	4	5	1576	1939	0	1
2269	4	15	161	2933	0	1
2269	4	16	73	3026	0	1
2269	4	17	310	2988	0	1
2269	4	19	399	2877	0	1
2269	4	25	149	3023	0	1
2269	4	26	71	3050	0	1
2269	4	30	677	2600	0	1
2269	4	31	505	2689	0	1
2269	5	1	43	3060	0	1
2269	5	2	1430	2255	0	1
2269	5	4	400	2810	0	1
2269	5	6	945	2391	0	1
2269	5	10	637	2605	0	1
2269	5	12	404	2877	0	1
2269	5	14	179	2928	0	1
2269	5	16	603	2659	0	1
2269	5	17	3	3068	0	1
2269	5	19	1308	2235	0	1
2269	5	21	100	3015	0	1
2269	5	25	81	3051	0	1
2269	5	26	106	2983	0	1
2269	5	30	693	2549	0	1
2269	6	1	17	3065	0	1
2269	6	2	111	3014	0	1
2269	6	4	634	2624	0	1
2269	6	5	515	2770	0	1
2269	6	9	43	3037	0	1
2269	6	11	704	2580	0	1
2269	6	16	1027	2322	0	1
2269	6	17	18	3050	0	1
2269	6	21	26	3071	0	1
2269	6	22	19	3067	0	1
2269	6	26	699	2585	0	1
2269	6	31	4	3069	0	1
2269	7	1	1043	2312	0	1
2269	7	18	4	3067	0	1
2269	7	19	684	2593	0	1
2269	7	28	81	2991	0	1
2269	7	30	10	3072	0	1
2269	8	6	47	3055	0	1
2269	8	7	50	3043	0	1
2269	8	11	23	3065	0	1
2269	8	15	3	3068	0	1
2269	8	17	1205	2218	0	1
2269	8	18	110	3028	0	1
2269	8	19	31	3051	0	1
2269	8	21	476	2656	0	1
2269	8	22	706	2543	0	1
2269	8	23	3	3067	0	1
2269	8	26	255	2875	0	1
2269	8	28	384	2938	0	1
2269	9	1	894	2324	0	1
2269	9	6	59	3048	0	1
2269	9	14	87	3040	0	1
2269	9	18	643	2606	0	1
2269	9	23	1553	2349	0	1
2269	9	25	59	3033	0	1
2269	9	26	558	2758	0	1
2269	9	30	13	3064	0	1
2269	10	11	3	3064	0	1
2269	10	23	876	2325	0	1
2269	10	24	110	2984	0	1
2269	13	0	6	3066	0	1
2269	13	14	6	3065	0	1
2269	15	1	61	3050	0	1
2269	15	4	366	2935	0	1
2269	15	15	184	2935	0	1
2269	15	28	191	3001	0	1
2269	16	11	373	2770	0	1
2270	0	9	5	3065	0	1
2270	0	12	34	3067	0	1
2270	0	15	8	3070	0	1
2270	0	17	1	3066	0	1
2270	0	20	14	3069	0	1
2270	0	23	12	3067	0	1
2270	0	28	2	3067	0	1
2270	0	29	2	3068	0	1
2270	1	2	41	3059	0	1
2270	1	4	28	3068	0	1
2270	1	6	2	3066	0	1
2270	1	7	1	3068	0	1
2270	1	10	5	3066	0	1
2270	1	12	9	3069	0	1
2270	1	13	2	3067	0	1
2270	1	19	10	3069	0	1
2270	1	21	16	3067	0	1
2270	1	23	7	3066	0	1
2270	1	24	1	3066	0	1
2270	1	28	3	3068	0	1
2270	2	5	6	3068	0	1
2270	2	7	59	3057	0	1
2270	2	8	1	3068	0	1
2270	2	10	16	3071	0	1
2270	2	13	3	3068	0	1
2270	2	19	1	3067	0	1
2270	2	24	2	3067	0	1
2270	2	28	22	3070	0	1
2270	2	29	23	3073	0	1
2270	2	30	1	3068	0	1
2270	3	1	3	3068	0	1
2270	3	4	74	3051	0	1
2270	3	6	4	3065	0	1
2270	3	7	146	3046	0	1
2270	3	8	3	3065	0	1
2270	3	9	2	3067	0	1
2270	3	13	2	3069	0	1
2270	3	18	2	3066	0	1
2270	3	22	57	3051	0	1
2270	3	29	26	3066	0	1
2270	3	30	13	3062	0	1
2270	4	3	17	3060	0	1
2270	4	7	286	2874	0	1
2270	4	18	248	2949	0	1
2270	4	19	175	3012	0	1
2270	4	24	15	3064	0	1
2270	4	25	114	3030	0	1
2270	4	27	117	3039	0	1
2270	4	28	265	2872	0	1
2270	4	29	143	2989	0	1
2270	5	3	286	2915	0	1
2270	5	5	617	2655	0	1
2270	5	7	650	2582	0	1
2270	5	11	121	3000	0	1
2270	5	13	1052	2247	0	1
2270	5	16	3	3068	0	1
2270	5	18	48	3031	0	1
2270	5	20	102	3021	0	1
2270	5	24	133	3031	0	1
2270	5	25	45	3059	0	1
2270	5	27	160	2937	0	1
2270	5	29	1899	1607	0	1
2270	5	31	722	2573	0	1
2270	6	8	293	2868	0	1
2270	6	10	70	3011	0	1
2270	6	16	183	2922	0	1
2270	6	20	2	3066	0	1
2270	6	23	23	3066	0	1
2270	7	13	684	2593	0	1
2270	8	4	117	3041	0	1
2270	8	5	45	3059	0	1
2270	8	8	1213	2351	0	1
2270	8	14	1	3066	0	1
2270	8	18	11	3060	0	1
2270	8	19	81	3038	0	1
2270	8	20	588	2632	0	1
2270	8	22	2	3065	0	1
2270	8	28	5	3071	0	1
2270	9	0	894	2324	0	1
2270	9	3	156	3008	0	1
2270	9	8	121	3017	0	1
2270	9	13	8	3060	0	1
2270	9	15	65	3044	0	1
2270	9	18	13	3059	0	1
2270	9	20	47	3064	0	1
2270	9	31	6	3065	0	1
2270	10	3	902	2658	0	1
2270	10	22	1456	1851	0	1
2270	12	29	2	3068	0	1
2270	13	13	14	3067	0	1
2270	13	20	4	3067	0	1
2270	13	30	246	2981	0	1
2270	14	22	7	3065	0	1
2270	14	27	11	3071	0	1
2270	14	28	95	3032	0	1
2270	15	3	117	3062	0	1
2270	15	8	28	3058	0	1
2270	15	13	154	3008	0	1
2270	15	14	184	2935	0	1
2270	15	15	221	2910	0	1
2271	0	2	2	3068	0	1
2271	0	5	2	3068	0	1
2271	0	10	1	3067	0	1
2271	0	13	2	3068	0	1
2271	0	20	9	3067	0	1
2271	0	21	21	3070	0	1
2271	0	23	10	3068	0	1
2271	0	26	4	3068	0	1
2271	1	7	3	3067	0	1
2271	1	10	5	3066	0	1
2271	1	11	2	3067	0	1
2271	1	13	1	3067	0	1
2271	1	15	1	3068	0	1
2271	1	16	1	3068	0	1
2271	1	19	1	3066	0	1
2271	1	20	2	3068	0	1
2271	1	21	13	3068	0	1
2271	1	23	3	3067	0	1
2271	1	26	27	3065	0	1
2271	1	28	7	3067	0	1
2271	1	29	1	3068	0	1
2271	2	2	21	3076	0	1
2271	2	3	1	3068	0	1
2271	2	4	5	3067	0	1
2271	2	5	5	3066	0	1
2271	2	10	7	3066	0	1
2271	2	19	3	3068	0	1
2271	2	22	4	3067	0	1
2271	2	24	2	3067	0	1
2271	2	28	45	3071	0	1
2271	2	29	22	3072	0	1
2271	2	31	44	3055	0	1
2271	3	1	34	3069	0	1
2271	3	2	33	3074	0	1
2271	3	3	11	3069	0	1
2271	3	4	9	3061	0	1
2271	3	5	2	3069	0	1
2271	3	6	6	3064	0	1
2271	3	8	3	3067	0	1
2271	3	10	5	3068	0	1
2271	3	14	3	3065	0	1
2271	3	15	29	3058	0	1
2271	3	17	10	3062	0	1
2271	3	18	30	3066	0	1
2271	3	24	5	3067	0	1
2271	3	25	5	3066	0	1
2271	3	27	5	3069	0	1
2271	3	31	11	3063	0	1
2271	4	5	107	2998	0	1
2271	4	8	40	3059	0	1
2271	4	16	133	3028	0	1
2271	4	20	706	2543	0	1
2271	4	29	174	2982	0	1
2271	4	30	653	2578	0	1
2271	4	31	345	2840	0	1
2271	5	0	33	3060	0	1
2271	5	3	29	3053	0	1
2271	5	5	604	2664	0	1
2271	5	7	1041	2314	0	1
2271	5	11	114	3005	0	1
2271	5	13	273	2865	0	1
2271	5	16	2	3067	0	1
2271	5	18	278	2850	0	1
2271	5	20	70	3032	0	1
2271	5	22	62	3013	0	1
2271	5	27	152	2943	0	1
2271	6	0	2	3067	0	1
2271	6	4	344	2869	0	1
2271	6	5	913	2415	0	1
2271	6	10	368	2824	0	1
2271	6	30	1	3068	0	1
2271	7	0	382	2763	0	1
2271	7	11	9	3073	0	1
2271	7	24	77	3002	0	1
2271	7	27	684	2593	0	1
2271	8	3	1202	2185	0	1
2271	8	4	331	2961	0	1
2271	8	6	48	3041	0	1
2271	8	7	10	3065	0	1
2271	8	8	486	2840	0	1
2271	8	14	3	3068	0	1
2271	8	18	19	3057	0	1
2271	8	19	31	3063	0	1
2271	8	20	596	2619	0	1
2271	8	22	7	3067	0	1
2271	8	27	40	3036	0	1
2271	8	28	38	3062	0	1
2271	8	31	4	3069	0	1
2271	9	3	192	2985	0	1
2271	9	5	29	3068	0	1
2271	9	13	94	3040	0	1
2271	9	14	240	2895	0	1
2271	9	15	31	3062	0	1
2271	9	20	48	3064	0	1
2271	9	22	209	2918	0	1
2271	9	29	505	2817	0	1
2271	10	4	1206	2216	0	1
2271	10	9	1482	2061	0	1
2271	10	14	89	2997	0	1
2271	10	25	1655	2244	0	1
2271	10	27	480	2661	0	1
2271	11	17	466	2715	0	1
2271	11	29	1206	2180	0	1
2271	12	5	1	3068	0	1
2271	12	8	1	3067	0	1
2271	13	0	1	3067	0	1
2271	13	20	10	3067	0	1
2271	13	31	30	3073	0	1
2271	14	5	117	3062	0	1
2271	14	31	227	2908	0	1
2271	15	1	167	3004	0	1
2271	15	13	154	3008	0	1
2271	15	27	58	3058	0	1
2271	15	29	57	3047	0	1
2271	17	27	229	2902	0	1
2271	17	31	1803	2021	0	1
2272	0	3	3	3069	0	1
2272	0	5	2	3066	0	1
2272	0	6	3	3068	0	1
2272	0	8	1	3067	0	1
2272	0	13	28	3067	0	1
2272	0	16	3	3068	0	1
2272	0	20	1	3066	0	1
2272	0	21	19	3064	0	1
2272	0	22	7	3068	0	1
2272	0	29	2	3068	0	1
2272	1	5	2	3067	0	1
2272	1	6	1	3068	0	1
2272	1	10	4	3068	0	1
2272	1	11	4	3065	0	1
2272	1	13	24	3065	0	1
2272	1	16	1	3068	0	1
2272	1	19	1	3066	0	1
2272	1	21	1	3067	0	1
2272	1	29	3	3066	0	1
2272	2	3	5	3068	0	1
2272	2	4	25	3071	0	1
2272	2	5	4	3068	0	1
2272	2	6	39	3063	0	1
2272	2	11	13	3069	0	1
2272	2	18	3	3068	0	1
2272	2	19	1	3068	0	1
2272	2	23	1	3066	0	1
2272	2	28	15	3071	0	1
2272	2	31	2	3069	0	1
2272	3	0	3	3067	0	1
2272	3	2	2	3067	0	1
2272	3	3	5	3067	0	1
2272	3	6	146	3046	0	1
2272	3	7	6	3064	0	1
2272	3	8	2	3067	0	1
2272	3	9	4	3066	0	1
2272	3	11	1	3066	0	1
2272	3	12	10	3070	0	1
2272	3	14	42	3061	0	1
2272	3	15	24	3062	0	1
2272	3	16	10	3062	0	1
2272	3	19	3	3066	0	1
2272	3	21	12	3063	0	1
2272	3	23	15	3060	0	1
2272	3	26	3	3068	0	1
2272	3	28	21	3066	0	1
2272	3	30	8	3064	0	1
2272	4	2	10	3063	0	1
2272	4	4	669	2690	0	1
2272	4	6	125	2990	0	1
2272	4	9	112	3026	0	1
2272	4	11	435	2827	0	1
2272	4	15	229	2886	0	1
2272	4	17	50	3058	0	1
2272	4	19	250	2946	0	1
2272	4	21	554	2594	0	1
2272	4	24	114	3030	0	1
2272	4	25	17	3059	0	1
2272	4	28	100	3037	0	1
2272	4	30	439	2773	0	1
2272	5	6	1021	2327	0	1
2272	5	7	706	2543	0	1
2272	5	9	134	3026	0	1
2272	5	12	1618	1954	0	1
2272	5	21	13	3057	0	1
2272	5	26	152	2943	0	1
2272	5	28	202	2922	0	1
2272	5	30	111	2979	0	1
2272	6	2	1023	2325	0	1
2272	6	4	310	2815	0	1
2272	6	7	17	3065	0	1
2272	6	11	449	2769	0	1
2272	6	16	98	3023	0	1
2272	6	17	159	2939	0	1
2272	6	19	4	3064	0	1
2272	6	22	43	3058	0	1
2272	6	26	699	2585	0	1
2272	7	2	111	2976	0	1
2272	7	7	12	3062	0	1
2272	7	9	2	3067	0	1
2272	7	10	20	3070	0	1
2272	7	18	17	3070	0	1
2272	7	19	666	2609	0	1
2272	7	25	684	2593	0	1
2272	8	2	235	2918	0	1
2272	8	4	45	3059	0	1
2272	8	5	117	3041	0	1
2272	8	7	69	3030	0	1
2272	8	11	33	3060	0	1
2272	8	19	12	3062	0	1
2272	8	22	595	2625	0	1
2272	8	23	1	3068	0	1
2272	8	28	63	3056	0	1
2272	8	29	76	3052	0	1
2272	8	30	52	3057	0	1
2272	9	1	896	2324	0	1
2272	9	2	503	2859	0	1
2272	9	9	166	3009	0	1
2272	9	12	94	3040	0	1
2272	9	14	65	3044	0	1
2272	9	15	39	3037	0	1
2272	9	21	45	3063	0	1
2272	9	23	240	2895	0	1
2272	9	25	102	3010	0	1
2272	9	26	8	3063	0	1
2272	9	28	32	3047	0	1
2272	9	30	5	3066	0	1
2272	10	2	527	2808	0	1
2272	10	5	1206	2216	0	1
2272	10	9	264	2997	0	1
2272	10	11	803	2704	0	1
2272	10	15	240	2895	0	1
2272	10	17	9	3066	0	1
2272	10	23	1735	1614	0	1
2272	11	2	13	3059	0	1
2272	11	25	13	3059	0	1
2272	13	21	10	3067	0	1
2272	14	2	33	3057	0	1
2272	14	4	72	3047	0	1
2272	14	15	5	3067	0	1
2272	14	26	11	3071	0	1
2272	14	29	95	3032	0	1
2272	14	30	223	2910	0	1
2272	15	1	42	3057	0	1
2272	15	2	117	3062	0	1
2272	15	12	154	3008	0	1
2272	15	15	184	2935	0	1
2272	15	24	74	3038	0	1
2272	16	26	767	2473	0	1
2272	16	30	706	2543	0	1
2272	17	1	229	2902	0	1
2272	17	7	1450	1896	0	1
2272	17	16	579	2609	0	1
2273	0	1	1	3068	0	1
2273	0	2	2	3067	0	1
2273	0	3	4	3069	0	1
2273	0	5	2	3066	0	1
2273	0	6	3	3068	0	1
2273	0	8	1	3067	0	1
2273	0	14	5	3068	0	1
2273	0	15	1	3068	0	1
2273	0	16	3	3068	0	1
2273	0	21	18	3069	0	1
2273	0	22	7	3069	0	1
2273	0	30	1	3067	0	1
2273	1	5	2	3067	0	1
2273	1	7	2	3066	0	1
2273	1	10	4	3068	0	1
2273	1	12	1	3067	0	1
2273	1	14	1	3068	0	1
2273	1	18	2	3067	0	1
2273	1	19	2	3066	0	1
2273	1	20	11	3066	0	1
2273	1	22	17	3069	0	1
2273	1	25	1	3066	0	1
2273	1	27	13	3066	0	1
2273	2	2	3	3067	0	1
2273	2	3	3	3068	0	1
2273	2	4	7	3068	0	1
2273	2	5	9	3067	0	1
2273	2	6	59	3057	0	1
2273	2	11	13	3069	0	1
2273	2	12	6	3065	0	1
2273	2	14	7	3063	0	1
2273	2	19	3	3069	0	1
2273	2	23	33	3055	0	1
2273	2	25	17	3065	0	1
2273	2	29	32	3070	0	1
2273	2	31	5	3066	0	1
2273	3	0	3	3067	0	1
2273	3	2	2	3067	0	1
2273	3	3	6	3068	0	1
2273	3	5	4	3068	0	1
2273	3	6	79	3057	0	1
2273	3	7	8	3065	0	1
2273	3	8	2	3067	0	1
2273	3	9	4	3066	0	1
2273	3	11	3	3068	0	1
2273	3	12	10	3070	0	1
2273	3	14	31	3059	0	1
2273	3	15	20	3064	0	1
2273	3	16	3	3064	0	1
2273	3	24	2	3069	0	1
2273	3	25	2	3067	0	1
2273	3	26	1	3068	0	1
2273	3	28	29	3065	0	1
2273	3	31	5	3067	0	1
2273	4	5	708	2565	0	1
2273	4	7	73	3026	0	1
2273	4	9	337	2983	0	1
2273	4	11	230	2929	0	1
2273	4	15	276	2846	0	1
2273	4	17	124	3034	0	1
2273	4	19	603	2659	0	1
2273	4	25	12	3064	0	1
2273	4	28	111	3007	0	1
2273	4	29	93	2994	0	1
2273	4	31	700	2542	0	1
2273	5	6	68	3008	0	1
2273	5	7	448	2734	0	1
2273	5	9	84	3039	0	1
2273	5	10	27	3050	0	1
2273	5	12	1010	2371	0	1
2273	5	14	179	2928	0	1
2273	5	16	268	2933	0	1
2273	5	17	2	3067	0	1
2273	5	21	975	2370	0	1
2273	5	24	45	3059	0	1
2273	6	2	68	3036	0	1
2273	6	5	515	2770	0	1
2273	6	7	1	3066	0	1
2273	6	9	293	2868	0	1
2273	6	16	10	3060	0	1
2273	6	21	26	3071	0	1
2273	6	29	1492	1784	0	1
2273	7	1	382	2763	0	1
2273	7	2	150	2951	0	1
2273	7	9	2	3067	0	1
2273	7	10	26	3075	0	1
2273	7	12	85	3002	0	1
2273	7	18	23	3074	0	1
2273	7	25	594	2657	0	1
2273	7	26	577	2667	0	1
2273	7	30	15	3073	0	1
2273	8	2	182	2952	0	1
2273	8	6	42	3059	0	1
2273	8	9	1238	2385	0	1
2273	8	17	1010	2360	0	1
2273	8	18	89	3033	0	1
2273	8	26	272	2854	0	1
2273	8	28	20	3064	0	1
2273	8	29	92	3060	0	1
2273	8	30	14	3073	0	1
2273	9	1	835	2373	0	1
2273	9	2	542	2849	0	1
2273	9	4	18	3061	0	1
2273	9	6	230	2984	0	1
2273	9	9	166	3009	0	1
2273	9	12	139	3023	0	1
2273	9	14	87	3040	0	1
2273	9	15	171	2939	0	1
2273	9	19	13	3059	0	1
2273	9	25	195	2950	0	1
2273	9	26	13	3059	0	1
2273	9	28	21	3061	0	1
2273	9	30	5	3066	0	1
2273	10	2	902	2658	0	1
2273	10	5	708	2577	0	1
2273	10	11	50	3045	0	1
2273	10	15	1655	2244	0	1
2273	10	17	9	3066	0	1
2273	10	23	466	2715	0	1
2273	10	24	182	2932	0	1
2273	11	2	13	3059	0	1
2273	11	16	1735	1614	0	1
2273	11	25	13	3059	0	1
2273	11	26	9	3066	0	1
2273	11	28	131	3001	0	1
2273	12	5	6	3066	0	1
2273	12	9	1	3067	0	1
2273	13	1	1	3067	0	1
2273	14	2	66	3042	0	1
2273	14	9	374	2969	0	1
2273	14	15	5	3067	0	1
2273	14	23	246	2981	0	1
2273	14	25	65	3054	0	1
2273	14	29	95	3032	0	1
2273	14	30	221	2910	0	1
2273	15	1	42	3057	0	1
2273	15	2	117	3062	0	1
2273	15	12	154	3008	0	1
2273	15	14	176	2944	0	1
2273	15	15	184	2935	0	1
2273	15	24	74	3038	0	1
2273	16	2	51	3035	0	1
2273	16	15	269	2854	0	1
2273	16	29	229	2902	0	1
2273	17	1	229	2902	0	1
2273	17	19	229	2902	0	1
2274	0	1	1	3068	0	1
2274	0	2	2	3067	0	1
2274	0	3	8	3067	0	1
2274	0	4	2	3068	0	1
2274	0	6	3	3068	0	1
2274	0	7	1	3067	0	1
2274	0	11	1	3067	0	1
2274	0	12	9	3066	0	1
2274	0	13	24	3067	0	1
2274	0	14	11	3068	0	1
2274	0	15	1	3068	0	1
2274	0	16	2	3069	0	1
2274	0	20	1	3068	0	1
2274	0	25	1	3068	0	1
2274	0	27	3	3067	0	1
2274	0	28	2	3068	0	1
2274	0	29	2	3068	0	1
2274	1	0	1	3068	0	1
2274	1	5	28	3068	0	1
2274	1	11	5	3066	0	1
2274	1	12	1	3067	0	1
2274	1	13	24	3065	0	1
2274	1	14	1	3068	0	1
2274	1	17	1	3068	0	1
2274	1	18	3	3066	0	1
2274	1	20	16	3067	0	1
2274	1	21	2	3068	0	1
2274	1	25	1	3066	0	1
2274	1	27	24	3062	0	1
2274	1	29	7	3067	0	1
2274	2	2	3	3067	0	1
2274	2	3	4	3067	0	1
2274	2	5	18	3064	0	1
2274	2	9	1	3068	0	1
2274	2	11	16	3071	0	1
2274	2	19	3	3069	0	1
2274	2	23	4	3066	0	1
2274	2	25	2	3067	0	1
2274	2	28	23	3073	0	1
2274	2	30	39	3062	0	1
2274	2	31	5	3066	0	1
2274	3	0	5	3068	0	1
2274	3	4	2	3069	0	1
2274	3	5	5	3067	0	1
2274	3	6	49	3062	0	1
2274	3	7	8	3065	0	1
2274	3	11	2	3069	0	1
2274	3	12	12	3070	0	1
2274	3	14	34	3064	0	1
2274	3	15	1	3068	0	1
2274	3	19	30	3066	0	1
2274	3	21	91	3071	0	1
2274	3	23	57	3051	0	1
2274	3	24	1	3068	0	1
2274	3	26	5	3069	0	1
2274	3	31	5	3067	0	1
2274	4	2	13	3062	0	1
2274	4	5	703	2570	0	1
2274	4	16	73	3026	0	1
2274	4	17	134	3030	0	1
2274	4	18	175	3012	0	1
2274	4	19	603	2659	0	1
2274	4	21	683	2486	0	1
2274	4	25	149	3023	0	1
2274	4	26	87	3050	0	1
2274	4	29	198	2913	0	1
2274	5	1	47	3059	0	1
2274	5	2	1430	2255	0	1
2274	5	4	617	2655	0	1
2274	5	6	402	2750	0	1
2274	5	10	637	2605	0	1
2274	5	14	159	2945	0	1
2274	5	16	250	2946	0	1
2274	5	19	1308	2235	0	1
2274	5	24	23	3068	0	1
2274	5	25	133	3031	0	1
2274	5	26	160	2937	0	1
2274	5	30	693	2549	0	1
2274	6	1	17	3065	0	1
2274	6	2	1023	2325	0	1
2274	6	5	330	2866	0	1
2274	6	9	101	3002	0	1
2274	6	11	704	2580	0	1
2274	6	16	1027	2322	0	1
2274	6	17	893	2428	0	1
2274	6	21	16	3075	0	1
2274	6	26	666	2607	0	1
2274	6	29	1296	1944	0	1
2274	6	31	4	3069	0	1
2274	7	1	182	2933	0	1
2274	7	2	134	2963	0	1
2274	7	19	607	2664	0	1
2274	7	25	607	2664	0	1
2274	7	26	684	2593	0	1
2274	7	30	15	3073	0	1
2274	8	2	174	2949	0	1
2274	8	5	331	2961	0	1
2274	8	6	47	3055	0	1
2274	8	7	41	3040	0	1
2274	8	9	424	2750	0	1
2274	8	11	49	3049	0	1
2274	8	15	6	3064	0	1
2274	8	17	204	2914	0	1
2274	8	18	31	3063	0	1
2274	8	19	31	3051	0	1
2274	8	21	476	2656	0	1
2274	8	22	39	3058	0	1
2274	8	23	3	3067	0	1
2274	8	26	1003	2374	0	1
2274	9	6	59	3048	0	1
2274	9	15	240	2895	0	1
2274	9	25	195	2950	0	1
2274	9	26	13	3059	0	1
2274	9	30	13	3064	0	1
2274	10	23	466	2715	0	1
2274	10	28	903	2656	0	1
2274	11	4	1003	2374	0	1
2274	11	16	1332	1926	0	1
2274	12	5	6	3066	0	1
2274	13	21	10	3067	0	1
2274	14	2	33	3057	0	1
2274	14	4	117	3062	0	1
2274	14	9	374	2969	0	1
2274	14	15	5	3067	0	1
2274	14	26	11	3071	0	1
2274	15	9	60	3054	0	1
2274	15	14	221	2910	0	1
2274	15	15	184	2935	0	1
2274	15	28	85	3033	0	1
2274	16	26	229	2902	0	1
2274	17	19	229	2902	0	1
2275	0	6	3	3068	0	1
2275	0	8	5	3065	0	1
2275	0	16	3	3068	0	1
2275	0	30	2	3068	0	1
2275	1	11	5	3066	0	1
2275	1	12	1	3067	0	1
2275	1	13	6	3067	0	1
2275	1	14	1	3068	0	1
2275	1	17	1	3068	0	1
2275	1	18	10	3069	0	1
2275	1	20	10	3066	0	1
2275	1	21	2	3068	0	1
2275	1	22	7	3066	0	1
2275	1	25	1	3066	0	1
2275	1	27	20	3067	0	1
2275	1	28	1	3068	0	1
2275	1	29	4	3066	0	1
2275	2	2	1	3068	0	1
2275	2	3	3	3070	0	1
2275	2	4	25	3071	0	1
2275	2	6	34	3060	0	1
2275	2	12	4	3069	0	1
2275	2	14	12	3061	0	1
2275	2	18	2	3068	0	1
2275	2	19	3	3069	0	1
2275	2	23	33	3055	0	1
2275	2	25	17	3065	0	1
2275	2	29	45	3071	0	1
2275	2	31	1	3068	0	1
2275	3	0	34	3069	0	1
2275	3	1	11	3067	0	1
2275	3	2	11	3069	0	1
2275	3	3	4	3066	0	1
2275	3	4	1	3068	0	1
2275	3	5	5	3068	0	1
2275	3	8	2	3067	0	1
2275	3	12	9	3068	0	1
2275	3	14	50	3059	0	1
2275	3	15	18	3062	0	1
2275	3	16	7	3064	0	1
2275	3	24	5	3066	0	1
2275	3	25	6	3067	0	1
2275	3	28	17	3069	0	1
2275	3	31	13	3062	0	1
2275	4	2	12	3059	0	1
2275	4	5	715	2561	0	1
2275	4	7	73	3026	0	1
2275	4	9	165	3014	0	1
2275	4	11	551	2751	0	1
2275	4	15	276	2846	0	1
2275	4	21	706	2543	0	1
2275	4	24	102	3035	0	1
2275	4	25	19	3059	0	1
2275	4	26	72	3048	0	1
2275	4	28	280	2929	0	1
2275	4	30	382	2807	0	1
2275	5	1	48	3058	0	1
2275	5	4	30	3043	0	1
2275	5	6	1041	2314	0	1
2275	5	10	77	3025	0	1
2275	5	12	1618	1954	0	1
2275	5	14	91	2998	0	1
2275	5	16	131	3002	0	1
2275	5	17	3	3068	0	1
2275	5	19	154	2950	0	1
2275	5	21	975	2370	0	1
2275	5	23	62	3013	0	1
2275	5	24	36	3060	0	1
2275	5	25	88	3046	0	1
2275	5	28	159	2948	0	1
2275	5	30	607	2663	0	1
2275	6	4	578	2667	0	1
2275	6	7	17	3065	0	1
2275	6	19	183	2922	0	1
2275	6	22	23	3066	0	1
2275	7	1	764	2506	0	1
2275	7	2	33	3046	0	1
2275	7	12	684	2593	0	1
2275	7	19	684	2593	0	1
2275	7	26	607	2664	0	1
2275	7	30	15	3073	0	1
2275	8	2	202	2940	0	1
2275	8	4	30	3060	0	1
2275	8	6	45	3055	0	1
2275	8	7	69	3030	0	1
2275	8	11	74	3044	0	1
2275	8	15	3	3068	0	1
2275	8	18	138	3016	0	1
2275	8	19	19	3061	0	1
2275	8	22	588	2632	0	1
2275	8	26	247	2877	0	1
2275	8	28	36	3061	0	1
2275	9	4	29	3068	0	1
2275	9	6	230	2984	0	1
2275	9	12	122	3027	0	1
2275	9	14	79	3044	0	1
2275	9	21	48	3064	0	1
2275	9	23	1553	2349	0	1
2275	9	25	99	3011	0	1
2275	9	28	505	2817	0	1
2275	10	8	1568	2004	0	1
2275	10	9	264	2997	0	1
2275	10	11	803	2704	0	1
2275	10	15	1655	2244	0	1
2275	10	24	1655	2244	0	1
2275	11	1	803	2704	0	1
2275	11	2	10	3062	0	1
2275	11	16	466	2715	0	1
2275	11	26	95	3017	0	1
2275	11	28	1206	2180	0	1
2275	13	31	246	2981	0	1
2275	14	2	33	3057	0	1
2275	14	15	3	3068	0	1
2275	14	25	65	3054	0	1
2275	15	8	61	3050	0	1
2275	15	12	154	3008	0	1
2275	17	8	229	2902	0	1
2276	0	5	2	3066	0	1
2276	0	7	1	3068	0	1
2276	0	12	3	3068	0	1
2276	0	13	34	3067	0	1
2276	0	14	10	3068	0	1
2276	0	20	21	3070	0	1
2276	0	27	6	3069	0	1
2276	0	30	2	3068	0	1
2276	1	3	41	3059	0	1
2276	1	6	3	3067	0	1
2276	1	7	2	3066	0	1
2276	1	8	1	3068	0	1
2276	1	13	5	3067	0	1
2276	1	19	2	3066	0	1
2276	1	21	2	3068	0	1
2276	1	25	1	3066	0	1
2276	1	27	27	3065	0	1
2276	1	28	1	3068	0	1
2276	2	2	1	3068	0	1
2276	2	4	6	3067	0	1
2276	2	6	59	3057	0	1
2276	2	18	1	3067	0	1
2276	2	19	2	3068	0	1
2276	2	29	31	3071	0	1
2276	2	31	1	3068	0	1
2276	3	5	74	3051	0	1
2276	3	6	146	3046	0	1
2276	3	7	5	3064	0	1
2276	3	8	17	3065	0	1
2276	3	11	34	3074	0	1
2276	3	14	6	3065	0	1
2276	3	15	14	3062	0	1
2276	3	23	45	3058	0	1
2276	3	26	5	3069	0	1
2276	3	28	29	3065	0	1
2276	3	30	7	3064	0	1
2276	4	2	18	3061	0	1
2276	4	4	1159	2392	0	1
2276	4	5	1576	1939	0	1
2276	4	6	292	2871	0	1
2276	4	9	97	3031	0	1
2276	4	15	147	2949	0	1
2276	4	17	310	2988	0	1
2276	4	19	206	2968	0	1
2276	4	21	659	2516	0	1
2276	4	24	114	3030	0	1
2276	4	29	177	2915	0	1
2276	4	30	426	2736	0	1
2276	5	10	84	3024	0	1
2276	5	14	179	2928	0	1
2276	5	16	395	2879	0	1
2276	5	24	45	3059	0	1
2276	5	28	202	2922	0	1
2276	5	30	150	2948	0	1
2276	6	1	2	3067	0	1
2276	6	2	98	3023	0	1
2276	6	4	913	2415	0	1
2276	6	9	293	2868	0	1
2276	6	11	53	3018	0	1
2276	6	16	1	3068	0	1
2276	6	21	2	3066	0	1
2276	6	22	19	3067	0	1
2276	6	26	601	2669	0	1
2276	6	29	1492	1784	0	1
2276	7	1	1043	2312	0	1
2276	7	2	110	3013	0	1
2276	7	18	4	3067	0	1
2276	7	30	15	3073	0	1
2276	8	4	45	3059	0	1
2276	8	6	22	3060	0	1
2276	8	7	59	3034	0	1
2276	8	15	3	3068	0	1
2276	8	22	706	2543	0	1
2276	8	26	98	2984	0	1
2276	9	4	2	3065	0	1
2276	9	6	68	3044	0	1
2276	9	12	139	3023	0	1
2276	9	14	87	3040	0	1
2276	9	15	186	2926	0	1
2276	9	18	643	2606	0	1
2276	9	19	13	3059	0	1
2276	9	25	168	2970	0	1
2276	9	26	558	2758	0	1
2276	9	30	13	3064	0	1
2276	10	2	902	2658	0	1
2276	10	23	1735	1614	0	1
2276	11	2	13	3059	0	1
2276	12	9	1	3067	0	1
2276	12	28	2	3068	0	1
2276	13	0	6	3066	0	1
2276	13	12	14	3067	0	1
2276	13	14	6	3065	0	1
2276	13	21	10	3067	0	1
2276	14	23	246	2981	0	1
2276	15	0	33	3057	0	1
2276	15	9	60	3054	0	1
2276	15	26	36	3055	0	1
2276	16	26	229	2902	0	1
2276	17	7	1450	1896	0	1
2276	17	8	229	2902	0	1
2276	17	26	229	2902	0	1
2276	17	30	1940	1962	0	1
2277	0	16	2	3069	0	1
2277	0	20	2	3067	0	1
2277	0	25	1	3068	0	1
2277	1	1	3	3067	0	1
2277	1	3	14	3075	0	1
2277	1	5	2	3067	0	1
2277	1	11	5	3066	0	1
2277	1	17	1	3068	0	1
2277	1	18	3	3066	0	1
2277	2	3	21	3076	0	1
2277	2	4	3	3070	0	1
2277	2	5	8	3070	0	1
2277	2	6	53	3059	0	1
2277	2	11	13	3070	0	1
2277	2	12	22	3075	0	1
2277	2	14	71	3054	0	1
2277	2	17	4	3069	0	1
2277	2	18	2	3069	0	1
2277	2	19	3	3069	0	1
2277	2	23	5	3066	0	1
2277	2	28	13	3067	0	1
2277	2	30	120	3061	0	1
2277	2	31	2	3069	0	1
2277	3	0	3	3068	0	1
2277	3	2	2	3067	0	1
2277	3	3	33	3074	0	1
2277	3	4	2	3069	0	1
2277	3	6	76	3056	0	1
2277	3	7	5	3063	0	1
2277	3	12	12	3070	0	1
2277	3	14	50	3059	0	1
2277	3	15	24	3062	0	1
2277	3	16	8	3065	0	1
2277	3	21	84	3070	0	1
2277	3	23	30	3054	0	1
2277	3	25	5	3067	0	1
2277	3	26	5	3069	0	1
2277	3	30	11	3063	0	1
2277	4	5	182	2929	0	1
2277	4	6	292	2871	0	1
2277	4	9	65	3050	0	1
2277	4	15	161	2933	0	1
2277	4	17	27	3056	0	1
2277	4	19	237	2947	0	1
2277	4	21	618	2547	0	1
2277	4	24	111	3030	0	1
2277	4	28	2	3065	0	1
2277	4	29	265	2872	0	1
2277	4	30	677	2600	0	1
2277	5	10	98	3011	0	1
2277	5	12	1160	2173	0	1
2277	5	14	178	2927	0	1
2277	5	16	603	2659	0	1
2277	5	21	79	3033	0	1
2277	5	24	13	3059	0	1
2277	5	28	1899	1607	0	1
2277	5	30	613	2656	0	1
2277	6	1	2	3067	0	1
2277	6	5	515	2770	0	1
2277	6	9	205	2923	0	1
2277	6	11	485	2741	0	1
2277	6	17	28	3048	0	1
2277	6	26	699	2585	0	1
2277	6	29	64	3009	0	1
2277	7	2	77	3013	0	1
2277	7	25	684	2593	0	1
2277	7	28	81	2991	0	1
2277	8	2	1202	2185	0	1
2277	8	5	1	3068	0	1
2277	8	9	1238	2385	0	1
2277	8	17	1205	2218	0	1
2277	8	19	19	3058	0	1
2277	8	22	558	2648	0	1
2277	8	26	346	2792	0	1
2277	8	28	384	2938	0	1
2277	9	4	29	3068	0	1
2277	9	6	39	3047	0	1
2277	9	14	84	3040	0	1
2277	9	15	116	2986	0	1
2277	9	19	1	3066	0	1
2277	9	25	135	2990	0	1
2277	10	5	1206	2216	0	1
2277	10	11	103	3016	0	1
2277	10	15	240	2895	0	1
2277	10	17	90	3022	0	1
2277	11	25	13	3059	0	1
2277	11	28	93	3015	0	1
2277	13	30	30	3073	0	1
2277	14	23	7	3065	0	1
2277	14	25	1	3066	0	1
2277	15	0	33	3057	0	1
2277	15	4	366	2935	0	1
2277	15	6	1073	2620	0	1
2277	15	9	60	3054	0	1
2277	15	12	124	3020	0	1
2277	15	15	58	3027	0	1
2277	15	24	74	3038	0	1
2277	15	26	36	3055	0	1
2277	17	19	229	2902	0	1
2278	0	7	1	3067	0	1
2278	0	10	1	3068	0	1
2278	0	15	1	3067	0	1
2278	0	16	1	3067	0	1
2278	0	17	1	3068	0	1
2278	0	18	1	3068	0	1
2278	0	24	3	3068	0	1
2278	0	25	2	3068	0	1
2278	0	26	7	3068	0	1
2278	0	27	5	3067	0	1
2278	0	28	6	3067	0	1
2278	0	29	4	3069	0	1
2278	0	30	2	3068	0	1
2278	0	31	4	3064	0	1
2278	1	0	2	3066	0	1
2278	1	1	1	3066	0	1
2278	1	2	2	3068	0	1
2278	1	5	1	3067	0	1
2278	1	7	4	3069	0	1
2278	1	8	1	3066	0	1
2278	1	9	14	3063	0	1
2278	1	10	17	3068	0	1
2278	1	11	16	3066	0	1
2278	1	12	2	3066	0	1
2278	1	13	21	3059	0	1
2278	1	14	18	3066	0	1
2278	1	15	23	3069	0	1
2278	1	19	1	3068	0	1
2278	1	23	3	3066	0	1
2278	1	27	5	3065	0	1
2278	1	29	2	3067	0	1
2278	1	30	3	3068	0	1
2278	1	31	5	3065	0	1
2278	4	0	24	3058	0	1
2278	4	1	132	3028	0	1
2278	4	8	4	3069	0	1
2278	4	9	15	3065	0	1
2279	0	19	1	3066	0	1
2279	0	27	1	3068	0	1
2279	1	0	3	3069	0	1
2279	1	1	1	3066	0	1
2279	1	2	3	3066	0	1
2279	1	3	2	3066	0	1
2279	1	4	3	3069	0	1
2279	1	5	2	3067	0	1
2279	1	6	4	3069	0	1
2279	1	7	2	3066	0	1
2279	1	8	8	3068	0	1
2279	1	9	8	3063	0	1
2279	1	10	6	3068	0	1
2279	1	11	21	3063	0	1
2279	1	12	6	3068	0	1
2279	1	13	11	3070	0	1
2279	1	14	18	3062	0	1
2279	1	15	29	3058	0	1
2279	1	21	3	3068	0	1
2279	1	22	1	3068	0	1
2279	1	23	1	3067	0	1
2279	1	25	2	3067	0	1
2279	1	27	10	3069	0	1
2279	1	29	4	3066	0	1
2279	1	30	1	3067	0	1
2279	1	31	9	3064	0	1
2279	2	0	1	3066	0	1
2279	2	1	14	3065	0	1
2279	2	8	1	3068	0	1
2279	2	9	1	3068	0	1
2279	3	0	2	3066	0	1
2279	3	1	32	3075	0	1
2279	4	0	2	3065	0	1
2279	4	1	17	3062	0	1
2279	4	9	2	3067	0	1
2279	8	0	31	3063	0	1
2279	8	8	69	3036	0	1
2280	0	6	1	3068	0	1
2280	0	14	1	3068	0	1
2280	0	30	2	3067	0	1
2280	0	31	1	3066	0	1
2280	1	3	1	3068	0	1
2280	1	7	2	3067	0	1
2280	1	9	2	3065	0	1
2280	1	11	2	3067	0	1
2280	1	13	1	3066	0	1
2280	1	15	5	3064	0	1
2280	1	17	2	3066	0	1
2280	1	22	1	3066	0	1
2280	1	23	3	3066	0	1
2280	1	25	4	3069	0	1
2280	1	26	1	3066	0	1
2280	1	27	1	3067	0	1
2280	1	28	1	3068	0	1
2280	1	29	1	3066	0	1
2280	1	30	1	3066	0	1
2280	1	31	6	3070	0	1
2280	2	0	1	3068	0	1
2280	2	1	3	3067	0	1
2280	2	9	3	3068	0	1
2280	2	16	2	3067	0	1
2280	2	18	2	3069	0	1
2280	2	20	3	3068	0	1
2280	2	22	19	3074	0	1
2280	3	0	4	3069	0	1
2280	3	1	1	3066	0	1
2280	3	16	9	3063	0	1
2280	3	17	8	3064	0	1
2280	4	8	1	3068	0	1
2280	4	16	141	2989	0	1
2280	4	24	637	2605	0	1
2280	5	0	1201	2054	0	1
2280	5	8	706	2543	0	1
2280	5	16	706	2543	0	1
2280	6	0	2	3067	0	1
2280	6	2	17	3065	0	1
2280	6	10	37	3069	0	1
2280	6	16	23	3074	0	1
2280	6	24	38	3075	0	1
2280	7	0	38	3077	0	1
2280	7	8	2	3066	0	1
2280	7	16	67	3058	0	1
2280	7	24	19	3067	0	1
2280	8	0	166	3009	0	1
2280	9	0	706	2543	0	1
2280	9	8	476	2656	0	1
2280	9	16	706	2543	0	1
2280	9	24	949	2283	0	1
2280	10	0	2201	1262	0	1
2281	0	9	1	3068	0	1
2281	0	30	1	3067	0	1
2281	0	31	1	3067	0	1
2281	1	3	2	3065	0	1
2281	1	11	4	3063	0	1
2281	1	15	1	3066	0	1
2281	1	19	2	3066	0	1
2281	1	25	1	3067	0	1
2281	1	27	7	3067	0	1
2281	1	29	1	3068	0	1
2281	1	31	2	3067	0	1
2281	3	16	5	3067	0	1
2281	3	17	66	3054	0	1
2281	4	8	15	3068	0	1
2281	4	9	3	3069	0	1
2281	6	16	3	3068	0	1
2281	8	16	643	2606	0	1
2281	14	1	60	3054	0	1
2281	14	9	5	3067	0	1
2282	0	0	2	3066	0	1
2282	0	2	2	3066	0	1
2282	0	4	1	3067	0	1
2282	0	13	1	3068	0	1
2282	0	25	2	3068	0	1
2282	0	29	4	3067	0	1
2282	1	0	6	3067	0	1
2282	1	3	3	3066	0	1
2282	1	5	2	3068	0	1
2282	1	9	27	3070	0	1
2282	1	10	25	3065	0	1
2282	1	16	2	3069	0	1
2282	1	17	1	3068	0	1
2282	1	21	2	3066	0	1
2282	1	28	2	3069	0	1
2282	1	30	3	3067	0	1
2282	2	0	14	3069	0	1
2282	2	2	11	3068	0	1
2282	2	4	2	3069	0	1
2282	2	15	1	3066	0	1
2282	2	24	2	3068	0	1
2282	2	25	13	3074	0	1
2282	2	27	22	3075	0	1
2282	2	28	4	3067	0	1
2282	3	0	118	3042	0	1
2282	3	3	59	3060	0	1
2282	3	5	53	3052	0	1
2282	3	6	7	3064	0	1
2282	3	9	2	3066	0	1
2282	3	10	2	3066	0	1
2282	3	16	40	3063	0	1
2282	3	17	311	2944	0	1
2282	3	21	19	3067	0	1
2282	3	27	15	3063	0	1
2282	3	28	154	3037	0	1
2282	3	30	142	3034	0	1
2282	4	0	872	2700	0	1
2282	4	2	1031	2680	0	1
2282	4	3	48	3056	0	1
2282	4	4	3	3068	0	1
2282	4	13	88	3042	0	1
2282	4	15	452	2741	0	1
2282	4	24	55	3061	0	1
2282	4	25	166	2986	0	1
2282	4	27	241	2971	0	1
2282	4	28	1548	2373	0	1
2282	5	0	342	2938	0	1
2282	5	3	223	2981	0	1
2282	5	5	220	2982	0	1
2282	5	9	471	2661	0	1
2282	5	10	476	2656	0	1
2282	5	16	35	3039	0	1
2282	5	17	57	3015	0	1
2282	5	21	706	2543	0	1
2282	5	30	220	2982	0	1
2282	6	0	220	2982	0	1
2282	6	5	17	3065	0	1
2282	6	13	435	2677	0	1
2282	6	27	220	2982	0	1
2282	6	28	4	3069	0	1
2282	6	29	4	3069	0	1
2282	7	0	828	2473	0	1
2282	7	3	3825	401	0	1
2282	7	5	486	2628	0	1
2282	7	26	303	3035	0	1
2282	7	27	15	3073	0	1
2282	7	28	15	3073	0	1
2282	7	29	15	3073	0	1
2282	7	30	15	3073	0	1
2282	8	0	6	3067	0	1
2282	8	1	6	3064	0	1
2282	8	2	7	3066	0	1
2282	8	3	7	3066	0	1
2282	8	4	12	3060	0	1
2282	8	5	69	3030	0	1
2282	8	6	165	2931	0	1
2282	8	7	223	2928	0	1
2282	8	11	1041	2314	0	1
2282	8	20	45	3059	0	1
2282	8	22	888	2564	0	1
2282	8	23	24	3069	0	1
2282	8	24	6	3067	0	1
2282	8	25	5	3068	0	1
2282	8	26	3	3067	0	1
2282	8	27	5	3068	0	1
2282	9	0	1054	2512	0	1
2282	9	3	1234	2309	0	1
2282	9	4	240	2895	0	1
2282	9	5	1475	2160	0	1
2282	9	6	1220	2291	0	1
2282	9	8	879	2668	0	1
2282	9	11	26	3060	0	1
2282	9	12	48	3044	0	1
2282	9	13	54	3042	0	1
2282	9	19	59	3049	0	1
2282	9	20	435	2907	0	1
2282	9	24	114	3030	0	1
2282	9	26	1895	2072	0	1
2282	9	27	808	2658	0	1
2282	9	28	728	2714	0	1
2282	9	29	1553	2349	0	1
2282	9	30	1553	2349	0	1
2282	10	0	545	2734	0	1
2282	10	1	1655	2244	0	1
2282	10	2	523	2742	0	1
2282	10	3	523	2742	0	1
2282	10	24	1518	1790	0	1
2282	10	25	219	2885	0	1
2282	10	26	466	2715	0	1
2282	10	27	1500	1820	0	1
2282	11	0	1143	2118	0	1
2282	12	0	1	3067	0	1
2282	12	2	1	3067	0	1
2282	12	13	2	3068	0	1
2282	12	14	2	3068	0	1
2282	12	15	2	3068	0	1
2282	12	25	2	3068	0	1
2282	13	0	15	3069	0	1
2282	13	5	14	3067	0	1
2282	13	16	35	3072	0	1
2282	13	17	28	3064	0	1
2282	13	28	20	3073	0	1
2282	13	30	20	3073	0	1
2282	14	0	41	3076	0	1
2282	14	2	33	3079	0	1
2282	14	6	141	3039	0	1
2282	14	7	55	3041	0	1
2282	14	11	200	3036	0	1
2282	14	15	65	3054	0	1
2282	14	20	74	3038	0	1
2282	14	22	416	2923	0	1
2282	14	23	51	3040	0	1
2282	14	24	5	3067	0	1
2282	14	25	81	3062	0	1
2282	14	27	160	3066	0	1
2282	15	0	575	2870	0	1
2282	15	3	789	2778	0	1
2282	15	5	8	3064	0	1
2282	15	6	1	3066	0	1
2282	15	8	887	2641	0	1
2282	15	16	184	2935	0	1
2282	15	17	68	3026	0	1
2282	15	20	1666	2184	0	1
2282	15	28	1212	2557	0	1
2282	15	30	960	2669	0	1
2282	16	0	1168	2518	0	1
2282	16	2	13	3059	0	1
2282	16	6	1863	2012	0	1
2282	16	13	216	2910	0	1
2282	16	25	13	3059	0	1
2282	16	27	1269	2428	0	1
2282	17	0	518	2707	0	1
2282	17	3	1269	2428	0	1
2282	17	5	13	3059	0	1
2282	17	16	1450	1896	0	1
2282	17	28	13	3059	0	1
2282	17	30	2719	1257	0	1
2282	18	0	3876	352	0	1
2282	18	2	684	2593	0	1
2282	18	13	3192	826	0	1
2282	19	0	1101	2293	0	1
2283	0	0	1	3067	0	1
2283	0	1	1	3068	0	1
2283	0	2	1	3067	0	1
2283	0	10	2	3069	0	1
2283	0	20	34	3069	0	1
2283	0	21	23	3073	0	1
2283	1	8	125	3049	0	1
2283	1	11	45	3065	0	1
2283	1	21	18	3070	0	1
2283	1	24	18	3070	0	1
2283	1	25	48	3073	0	1
2283	2	0	4	3069	0	1
2283	2	7	17	3065	0	1
2283	2	10	2	3067	0	1
2283	2	12	10	3067	0	1
2283	2	14	4	3067	0	1
2283	2	21	24	3073	0	1
2283	3	0	1	3067	0	1
2283	3	8	39	3076	0	1
2283	3	11	1	3068	0	1
2283	3	16	10	3062	0	1
2283	3	17	5	3067	0	1
2283	3	21	19	3067	0	1
2283	3	24	6	3067	0	1
2283	3	25	82	3058	0	1
2283	4	0	30	3066	0	1
2283	4	1	2	3067	0	1
2283	4	2	3	3068	0	1
2283	4	7	31	3063	0	1
2283	4	9	23	3054	0	1
2283	4	10	184	3010	0	1
2283	4	12	29	3055	0	1
2283	4	14	9	3061	0	1
2283	4	21	1548	2373	0	1
2283	5	0	7	3068	0	1
2283	5	8	476	2656	0	1
2283	5	11	706	2543	0	1
2283	5	16	706	2543	0	1
2283	5	21	706	2543	0	1
2283	5	25	1655	1759	0	1
2283	6	0	2	3067	0	1
2283	6	2	17	3065	0	1
2283	6	7	2	3067	0	1
2283	6	8	2	3067	0	1
2283	6	9	2	3067	0	1
2283	6	10	2	3068	0	1
2283	6	11	17	3065	0	1
2283	6	12	17	3065	0	1
2283	6	13	5	3067	0	1
2283	6	14	14	3066	0	1
2283	6	18	4	3069	0	1
2283	6	20	4	3069	0	1
2283	6	21	62	3052	0	1
2283	6	25	40	3071	0	1
2283	6	26	3	3068	0	1
2283	7	0	158	3042	0	1
2283	7	3	85	3052	0	1
2283	7	4	2	3067	0	1
2283	7	5	4	3069	0	1
2283	7	28	8	3072	0	1
2283	7	30	15	3073	0	1
2283	8	0	1164	2626	0	1
2283	8	2	69	3030	0	1
2283	8	7	53	3038	0	1
2283	8	8	69	3030	0	1
2283	8	9	7	3063	0	1
2283	8	10	826	2753	0	1
2283	8	11	69	3030	0	1
2283	8	12	121	3032	0	1
2283	8	14	14	3056	0	1
2283	8	25	1793	2177	0	1
2283	8	26	1553	2349	0	1
2283	9	0	1122	2455	0	1
2283	9	3	2730	1390	0	1
2283	9	5	240	2895	0	1
2283	9	30	1655	2244	0	1
2283	10	0	2201	1262	0	1
2283	10	2	466	2715	0	1
2283	10	12	466	2715	0	1
2283	11	0	1145	2116	0	1
2284	0	8	1	3067	0	1
2284	0	12	1	3068	0	1
2284	2	17	1	3068	0	1
2284	2	23	2	3069	0	1
2284	2	24	1	3068	0	1
2284	2	26	1	3067	0	1
2284	2	28	2	3068	0	1
2284	2	29	5	3066	0	1
2284	2	30	2	3068	0	1
2284	2	31	4	3068	0	1
2284	3	1	1	3068	0	1
2284	3	3	2	3067	0	1
2284	3	6	1	3068	0	1
2284	3	7	1	3068	0	1
2284	3	14	1	3068	0	1
2284	3	16	1	3066	0	1
2284	3	17	3	3067	0	1
2284	3	20	7	3066	0	1
2284	3	21	2	3069	0	1
2284	3	22	7	3062	0	1
2284	3	23	9	3067	0	1
2284	3	25	1	3068	0	1
2284	3	27	1	3067	0	1
2284	3	28	11	3070	0	1
2284	3	29	1	3068	0	1
2284	3	31	7	3064	0	1
2284	4	4	5	3065	0	1
2284	4	9	1	3068	0	1
2284	4	12	27	3061	0	1
2284	4	13	94	3033	0	1
2284	4	17	178	2961	0	1
2284	4	29	11	3064	0	1
2284	4	30	87	3038	0	1
2284	5	3	13	3058	0	1
2284	5	4	6	3061	0	1
2284	5	5	11	3058	0	1
2284	5	18	1	3066	0	1
2284	5	23	50	3021	0	1
2284	5	30	77	3013	0	1
2284	6	0	20	3054	0	1
2284	6	16	20	3054	0	1
2284	6	19	153	2949	0	1
2284	6	22	1	3068	0	1
2284	6	23	77	3013	0	1
2284	6	26	97	3022	0	1
2284	6	27	305	2817	0	1
2284	7	3	110	2979	0	1
2284	7	4	53	3018	0	1
2284	7	7	1492	1784	0	1
2284	7	15	51	3018	0	1
2284	8	0	2	3067	0	1
2284	8	7	894	2324	0	1
2284	8	8	4	3065	0	1
2284	8	11	107	2982	0	1
2284	8	12	4	3064	0	1
2284	8	15	50	3021	0	1
2284	8	16	2	3066	0	1
2284	8	17	311	2943	0	1
2284	8	18	3	3066	0	1
2284	8	23	36	3056	0	1
2284	8	24	7	3066	0	1
2284	8	25	25	3068	0	1
2284	8	27	17	3059	0	1
2284	8	28	5	3063	0	1
2284	8	29	2	3066	0	1
2284	8	30	2	3065	0	1
2284	8	31	416	2873	0	1
2284	9	2	7	3066	0	1
2284	9	4	2	3065	0	1
2284	9	6	3	3066	0	1
2284	9	7	6	3072	0	1
2284	9	10	17	3062	0	1
2284	9	11	31	3044	0	1
2284	9	13	1	3066	0	1
2284	9	14	9	3062	0	1
2284	9	15	17	3058	0	1
2284	9	16	1	3067	0	1
2284	9	20	5	3068	0	1
2284	9	22	2	3067	0	1
2284	9	23	2	3067	0	1
2284	9	24	1	3066	0	1
2284	9	26	9	3060	0	1
2284	9	28	16	3062	0	1
2284	9	29	84	3017	0	1
2284	9	30	22	3066	0	1
2284	9	31	48	3061	0	1
2284	10	0	9	3066	0	1
2284	10	1	90	3022	0	1
2284	10	10	790	2712	0	1
2284	10	11	264	2997	0	1
2284	10	17	5	3062	0	1
2284	10	19	13	3059	0	1
2284	10	24	86	3025	0	1
2284	10	25	4	3064	0	1
2284	10	27	264	2997	0	1
2284	11	0	1	3068	0	1
2284	11	4	130	2964	0	1
2284	14	2	7	3070	0	1
2284	14	6	4	3068	0	1
2284	14	10	19	3061	0	1
2284	14	14	68	3061	0	1
2284	14	19	2	3067	0	1
2284	14	23	50	3071	0	1
2284	14	27	279	2961	0	1
2284	14	31	393	2930	0	1
2284	15	8	6	3065	0	1
2284	15	13	28	3053	0	1
2284	15	20	6	3065	0	1
2284	15	23	28	3053	0	1
2284	15	30	8	3063	0	1
2284	15	31	720	2454	0	1
2284	16	6	229	2902	0	1
2284	16	10	73	3021	0	1
2284	16	14	1781	2086	0	1
2284	16	15	82	2993	0	1
2285	0	12	1	3066	0	1
2285	1	18	1	3068	0	1
2285	2	17	1	3066	0	1
2285	2	28	2	3068	0	1
2285	2	29	2	3067	0	1
2285	3	17	1	3066	0	1
2285	3	19	3	3068	0	1
2285	3	20	1	3068	0	1
2285	3	21	25	3064	0	1
2285	3	22	2	3068	0	1
2285	3	23	9	3064	0	1
2285	3	24	1	3066	0	1
2285	3	27	5	3063	0	1
2285	3	28	2	3067	0	1
2285	3	29	7	3066	0	1
2285	3	30	38	3060	0	1
2285	3	31	2	3066	0	1
2285	4	8	2	3066	0	1
2285	4	13	13	3066	0	1
2285	4	14	93	3037	0	1
2285	4	15	10	3069	0	1
2285	4	21	2	3065	0	1
2285	4	31	2	3069	0	1
2285	5	6	586	2680	0	1
2285	5	15	1	3066	0	1
2285	5	19	588	2678	0	1
2285	5	24	15	3056	0	1
2285	5	28	1	3067	0	1
2285	5	29	4	3065	0	1
2285	5	31	305	2817	0	1
2285	6	5	588	2678	0	1
2285	6	6	53	3018	0	1
2285	6	9	13	3058	0	1
2285	6	12	25	3045	0	1
2285	6	17	30	3040	0	1
2285	6	21	53	3018	0	1
2285	6	24	13	3058	0	1
2285	6	25	588	2678	0	1
2285	7	3	23	3053	0	1
2285	7	4	30	3040	0	1
2285	7	7	187	2935	0	1
2285	7	8	13	3058	0	1
2285	7	11	814	2689	0	1
2285	7	12	588	2678	0	1
2285	7	15	515	2770	0	1
2285	7	24	15	3073	0	1
2285	7	28	299	3028	0	1
2285	8	0	9	3066	0	1
2285	8	3	3	3064	0	1
2285	8	4	106	3008	0	1
2285	8	7	77	3013	0	1
2285	8	8	16	3056	0	1
2285	8	11	1	3068	0	1
2285	8	12	178	2927	0	1
2285	8	15	78	3012	0	1
2285	8	31	107	2982	0	1
2285	9	10	2	3065	0	1
2285	9	11	3	3069	0	1
2285	9	14	1	3067	0	1
2285	9	18	5	3064	0	1
2285	9	20	13	3061	0	1
2285	9	21	1	3066	0	1
2285	9	22	1	3066	0	1
2285	9	26	13	3060	0	1
2285	9	27	2	3066	0	1
2285	9	28	9	3066	0	1
2285	9	29	2	3067	0	1
2285	9	30	17	3058	0	1
2285	9	31	33	3060	0	1
2285	10	11	13	3059	0	1
2285	10	24	9	3066	0	1
2285	10	27	790	2712	0	1
2285	11	0	20	3054	0	1
2285	11	4	183	2922	0	1
2285	13	21	2	3066	0	1
2285	13	23	4	3066	0	1
2285	13	29	12	3065	0	1
2285	14	19	70	3047	0	1
2285	14	23	67	3058	0	1
2285	14	27	51	3045	0	1
2285	14	31	23	3060	0	1
2285	16	26	229	2902	0	1
2285	17	1	229	2902	0	1
2285	17	18	229	2902	0	1
2285	17	22	477	2708	0	1
2285	17	30	1816	1570	0	1
2285	18	0	3876	352	0	1
2286	0	23	1	3068	0	1
2286	0	31	1	3068	0	1
2286	1	3	1	3068	0	1
2286	1	15	1	3067	0	1
2286	1	17	1	3067	0	1
2286	2	9	1	3068	0	1
2286	2	11	2	3068	0	1
2286	2	15	3	3065	0	1
2286	2	19	2	3067	0	1
2286	2	31	3	3066	0	1
2286	3	0	8	3065	0	1
2286	3	1	1	3067	0	1
2286	3	2	2	3066	0	1
2286	3	4	2	3067	0	1
2286	3	5	4	3065	0	1
2286	3	7	5	3068	0	1
2286	3	8	1	3066	0	1
2286	3	9	1	3067	0	1
2286	3	10	1	3066	0	1
2286	3	15	8	3068	0	1
2286	3	23	2	3065	0	1
2286	3	28	22	3067	0	1
2286	3	31	12	3069	0	1
2286	4	6	35	3063	0	1
2286	4	8	3	3066	0	1
2286	4	9	5	3067	0	1
2286	4	14	29	3051	0	1
2286	4	15	113	3040	0	1
2286	4	19	259	2929	0	1
2286	4	24	370	2903	0	1
2286	4	25	227	2874	0	1
2286	4	27	38	3063	0	1
2286	4	28	25	3043	0	1
2286	4	29	63	3051	0	1
2286	4	30	320	2909	0	1
2286	4	31	10	3061	0	1
2286	5	3	74	3021	0	1
2286	5	5	153	2949	0	1
2286	5	6	23	3049	0	1
2286	5	7	9	3060	0	1
2286	5	9	1	3068	0	1
2286	5	10	371	2902	0	1
2286	5	11	15	3061	0	1
2286	5	12	629	2531	0	1
2286	5	13	271	2858	0	1
2286	5	25	107	2982	0	1
2286	5	28	1	3068	0	1
2286	6	5	305	2817	0	1
2286	6	6	77	3013	0	1
2286	6	9	97	3022	0	1
2286	6	10	1	3068	0	1
2286	6	12	153	2949	0	1
2286	8	0	803	2703	0	1
2286	8	4	318	2809	0	1
2286	8	8	110	3013	0	1
2286	8	12	893	2428	0	1
2286	8	16	7	3064	0	1
2286	8	17	18	3060	0	1
2286	8	18	19	3058	0	1
2286	8	19	177	3033	0	1
2286	8	20	6	3061	0	1
2286	8	21	15	3060	0	1
2286	8	22	4	3067	0	1
2286	8	25	16	3061	0	1
2286	8	26	131	2947	0	1
2286	8	27	375	2908	0	1
2286	8	28	10	3058	0	1
2286	8	29	76	3046	0	1
2286	8	30	84	3010	0	1
2286	8	31	175	2903	0	1
2286	9	0	2	3065	0	1
2286	9	1	8	3068	0	1
2286	9	2	2	3065	0	1
2286	9	3	6	3068	0	1
2286	9	6	13	3061	0	1
2286	9	7	33	3066	0	1
2286	9	8	8	3062	0	1
2286	9	9	5	3064	0	1
2286	9	10	57	3055	0	1
2286	9	11	36	3052	0	1
2286	9	12	210	2960	0	1
2286	9	13	26	3047	0	1
2286	9	14	81	3047	0	1
2286	9	15	191	2993	0	1
2286	9	18	1	3068	0	1
2286	9	20	10	3071	0	1
2286	9	22	7	3065	0	1
2286	9	23	5	3069	0	1
2286	9	26	4	3067	0	1
2286	9	28	81	3036	0	1
2286	9	29	72	3039	0	1
2286	9	30	83	3039	0	1
2286	9	31	45	3060	0	1
2286	10	4	110	2979	0	1
2286	10	5	1432	1836	0	1
2286	10	28	272	2834	0	1
2286	10	29	1160	2069	0	1
2286	13	1	5	3067	0	1
2286	13	3	9	3067	0	1
2286	13	9	10	3069	0	1
2286	13	11	25	3070	0	1
2286	14	2	19	3060	0	1
2286	14	6	42	3057	0	1
2286	14	10	9	3064	0	1
2286	14	14	132	3042	0	1
2286	15	0	72	3038	0	1
2286	15	1	13	3062	0	1
2286	15	4	82	3037	0	1
2286	15	5	199	2999	0	1
2286	15	8	490	2866	0	1
2286	15	9	583	2821	0	1
2286	15	12	270	2903	0	1
2286	15	13	295	2922	0	1
2286	15	20	216	2913	0	1
2286	15	22	5	3064	0	1
2286	15	23	261	2948	0	1
2286	15	28	1190	2524	0	1
2286	15	29	25	3046	0	1
2286	15	30	468	2731	0	1
2286	15	31	559	2679	0	1
2286	16	7	1279	2066	0	1
2286	16	15	1450	1896	0	1
2286	16	26	1450	1896	0	1
2287	0	23	1	3067	0	1
2287	0	31	1	3067	0	1
2287	1	4	1	3067	0	1
2287	1	13	1	3066	0	1
2287	1	17	1	3068	0	1
2287	1	27	1	3066	0	1
2287	2	13	2	3068	0	1
2287	2	14	1	3066	0	1
2287	2	15	2	3067	0	1
2287	2	19	1	3068	0	1
2287	2	25	1	3067	0	1
2287	2	28	1	3068	0	1
2287	2	29	1	3066	0	1
2287	2	31	1	3067	0	1
2287	3	0	1	3067	0	1
2287	3	1	4	3068	0	1
2287	3	3	4	3069	0	1
2287	3	4	3	3070	0	1
2287	3	5	2	3067	0	1
2287	3	6	3	3066	0	1
2287	3	7	1	3067	0	1
2287	3	11	3	3066	0	1
2287	3	12	2	3066	0	1
2287	3	14	1	3067	0	1
2287	3	22	6	3065	0	1
2287	3	27	1	3068	0	1
2287	3	29	6	3071	0	1
2287	3	31	3	3066	0	1
2287	4	1	2	3065	0	1
2287	4	4	2	3066	0	1
2287	4	6	4	3067	0	1
2287	4	8	2	3065	0	1
2287	4	10	7	3068	0	1
2287	4	11	6	3063	0	1
2287	4	12	4	3067	0	1
2287	4	13	5	3063	0	1
2287	4	14	3	3066	0	1
2287	4	15	61	3057	0	1
2287	4	21	3	3064	0	1
2287	4	25	16	3056	0	1
2287	4	26	4	3065	0	1
2287	4	27	67	3010	0	1
2287	4	29	135	2955	0	1
2287	4	31	55	3032	0	1
2287	5	0	3	3066	0	1
2287	5	1	2	3065	0	1
2287	5	3	5	3062	0	1
2287	5	5	3	3065	0	1
2287	5	7	304	2818	0	1
2287	5	9	109	2981	0	1
2287	5	13	77	3013	0	1
2287	5	15	1	3066	0	1
2287	5	17	13	3058	0	1
2287	5	18	20	3049	0	1
2287	5	22	5	3063	0	1
2287	5	27	4	3064	0	1
2287	5	29	97	3022	0	1
2287	5	30	153	2949	0	1
2287	6	12	5	3062	0	1
2287	8	17	8	3064	0	1
2287	8	19	127	3013	0	1
2287	8	20	2	3065	0	1
2287	8	25	13	3059	0	1
2287	8	29	5	3064	0	1
2287	8	30	6	3061	0	1
2287	8	31	3	3065	0	1
2287	9	2	37	3066	0	1
2287	9	3	17	3066	0	1
2287	9	6	83	3051	0	1
2287	9	10	19	3055	0	1
2287	9	11	322	2907	0	1
2287	9	14	258	2950	0	1
2287	9	15	115	3018	0	1
2287	9	20	16	3061	0	1
2287	9	21	3	3067	0	1
2287	9	22	3	3068	0	1
2287	9	24	1	3068	0	1
2287	9	26	8	3063	0	1
2287	9	27	2	3067	0	1
2287	9	28	14	3065	0	1
2287	9	29	23	3057	0	1
2287	9	30	37	3053	0	1
2287	9	31	53	3054	0	1
2287	10	28	3	3064	0	1
2287	10	29	107	2982	0	1
2287	11	0	110	3013	0	1
2287	11	4	893	2428	0	1
2287	12	5	1	3067	0	1
2287	12	7	1	3067	0	1
2287	12	15	2	3068	0	1
2287	12	23	2	3068	0	1
2287	12	29	3	3066	0	1
2287	12	31	8	3067	0	1
2287	13	21	8	3068	0	1
2287	13	23	27	3071	0	1
2287	13	29	16	3066	0	1
2287	15	28	16	3057	0	1
2287	17	3	1450	1896	0	1
2287	17	11	1450	1896	0	1
2288	0	8	247	2859	0	1
2288	0	12	23	3073	0	1
2288	0	22	3	3068	0	1
2288	0	25	21	3062	0	1
2288	0	26	1	3068	0	1
2288	0	27	25	3058	0	1
2288	0	29	19	3060	0	1
2288	0	30	1	3066	0	1
2288	1	0	2	3067	0	1
2288	1	20	3	3067	0	1
2288	2	22	16	3071	0	1
2288	2	27	223	3000	0	1
2288	2	29	42	3041	0	1
2288	3	0	13	3074	0	1
2288	3	20	17	3068	0	1
2288	4	8	1	3067	0	1
2288	4	12	1	3068	0	1
2288	4	22	39	3072	0	1
2288	4	26	8	3068	0	1
2288	4	27	3	3064	0	1
2288	5	0	34	3073	0	1
2288	5	20	46	3064	0	1
2288	6	8	20	3064	0	1
2288	6	22	45	3058	0	1
2288	6	26	321	2909	0	1
2288	6	30	300	2926	0	1
2288	7	0	186	3033	0	1
2288	7	20	152	3047	0	1
2288	8	22	22	3062	0	1
2288	8	25	10	3064	0	1
2288	9	0	28	3065	0	1
2288	9	20	11	3070	0	1
2288	10	8	51	3060	0	1
2288	10	12	50	3069	0	1
2288	10	22	27	3068	0	1
2288	10	26	65	3065	0	1
2288	10	27	77	3065	0	1
2288	10	30	81	3054	0	1
2288	11	0	28	3066	0	1
2288	11	20	31	3064	0	1
2288	12	30	1	3068	0	1
2288	50	14	968	2633	0	1
2289	0	11	279	2861	0	1
2289	0	15	4	3069	0	1
2289	0	16	48	3066	0	1
2289	0	20	30	3060	0	1
2289	0	21	3	3068	0	1
2289	0	24	25	3058	0	1
2289	0	25	43	3065	0	1
2289	0	26	21	3062	0	1
2289	0	29	43	3065	0	1
2289	1	3	32	3062	0	1
2289	1	7	184	3024	0	1
2289	1	19	86	3052	0	1
2289	2	16	255	2987	0	1
2289	2	17	255	2987	0	1
2289	2	20	44	3039	0	1
2289	2	21	21	3069	0	1
2289	2	24	223	3000	0	1
2289	2	25	236	2989	0	1
2289	2	29	236	2989	0	1
2289	3	3	166	3024	0	1
2289	3	19	170	3016	0	1
2289	4	11	4	3070	0	1
2289	4	16	45	3073	0	1
2289	4	21	42	3074	0	1
2289	4	24	5	3066	0	1
2289	4	25	25	3075	0	1
2289	4	29	25	3075	0	1
2289	5	3	24	3074	0	1
2289	5	19	27	3064	0	1
2289	6	15	3	3066	0	1
2289	6	17	45	3058	0	1
2289	6	21	45	3058	0	1
2289	6	25	45	3058	0	1
2289	6	29	45	3058	0	1
2289	7	3	186	3033	0	1
2289	7	7	114	3045	0	1
2289	7	19	152	3047	0	1
2289	8	11	2	3067	0	1
2289	8	16	22	3062	0	1
2289	8	17	22	3062	0	1
2289	8	21	22	3062	0	1
2289	8	25	11	3066	0	1
2289	8	26	4	3068	0	1
2289	8	29	11	3066	0	1
2289	9	3	13	3065	0	1
2289	9	19	10	3069	0	1
2289	10	14	26	3071	0	1
2289	10	15	9	3065	0	1
2289	10	16	168	3048	0	1
2289	10	17	168	3048	0	1
2289	10	21	27	3068	0	1
2289	10	24	76	3065	0	1
2289	10	25	159	3042	0	1
2289	10	29	168	3048	0	1
2289	11	3	200	3039	0	1
2289	11	7	42	3056	0	1
2289	11	19	145	3046	0	1
2289	12	15	2336	1274	0	1
2289	12	16	627	2795	0	1
2289	12	17	627	2795	0	1
2289	12	25	627	2795	0	1
2289	12	29	627	2795	0	1
2289	13	3	2090	1903	0	1
2289	13	19	823	2707	0	1
2290	0	1	20	3072	0	1
2290	0	5	16	3064	0	1
2290	0	17	7	3066	0	1
2290	1	1	9	3067	0	1
2290	2	1	402	2925	0	1
2290	2	17	1592	2067	0	1
2290	3	1	707	2556	0	1
2290	4	13	1	3068	0	1
2290	4	17	10	3062	0	1
2290	5	17	10	3062	0	1
2290	8	1	11	3066	0	1
2290	10	1	27	3068	0	1
2290	11	17	83	3050	0	1
2290	12	13	33	3079	0	1
2290	13	17	188	2911	0	1
2290	50	20	968	2633	0	1
2290	50	21	968	2633	0	1
2291	0	0	1	3067	0	1
2291	0	4	23	3064	0	1
2291	0	5	29	3062	0	1
2291	0	16	4	3066	0	1
2291	1	0	3	3067	0	1
2291	1	17	8	3065	0	1
2291	2	0	27	3059	0	1
2291	2	16	118	3010	0	1
2291	3	0	900	2562	0	1
2291	3	17	38	3034	0	1
2291	4	17	12	3060	0	1
2291	5	1	18	3055	0	1
2291	5	17	20	3052	0	1
2291	8	0	9	3064	0	1
2291	10	0	15	3064	0	1
2291	10	1	16	3066	0	1
2291	11	16	46	3052	0	1
2291	13	16	3162	879	0	1
2292	0	2	1	3067	0	1
2292	0	18	7	3066	0	1
2292	1	1	6	3065	0	1
2292	1	2	9	3067	0	1
2292	2	2	50	3052	0	1
2292	2	18	1592	2067	0	1
2292	4	14	1	3068	0	1
2292	8	2	7	3066	0	1
2292	10	2	27	3068	0	1
2292	11	18	83	3050	0	1
2292	12	13	33	3079	0	1
2292	12	14	16	3078	0	1
2292	13	18	188	2911	0	1
2292	50	22	968	2633	0	1
2293	0	3	1	3067	0	1
2293	0	4	29	3062	0	1
2293	0	19	2	3069	0	1
2293	1	3	5	3068	0	1
2293	1	16	8	3065	0	1
2293	3	16	38	3034	0	1
2293	4	15	1	3068	0	1
2293	4	16	12	3060	0	1
2293	5	0	12	3060	0	1
2293	5	16	12	3060	0	1
2293	50	20	968	2633	0	1
2293	50	21	968	2633	0	1
2294	0	7	1	3066	0	1
2294	0	17	12	3062	0	1
2294	1	1	2	3067	0	1
2294	1	16	5	3064	0	1
2294	1	29	373	2776	0	1
2294	2	7	3111	1122	0	1
2294	2	31	1	3066	0	1
2294	3	0	679	2672	0	1
2294	3	29	27	3065	0	1
2294	4	15	1	3066	0	1
2294	4	17	2	3066	0	1
2294	4	29	120	3061	0	1
2294	5	3	48	3064	0	1
2294	5	9	7	3072	0	1
2294	5	11	2	3067	0	1
2294	5	13	50	3059	0	1
2294	6	1	2	3066	0	1
2294	7	1	57	3059	0	1
2294	7	9	13	3066	0	1
2294	7	13	357	2900	0	1
2294	7	19	734	2745	0	1
2294	7	27	34	3069	0	1
2294	8	27	120	3061	0	1
2294	10	31	32	3075	0	1
2294	11	16	49	3058	0	1
2295	0	1	20	3072	0	1
2295	0	12	1	3068	0	1
2295	0	17	7	3066	0	1
2295	0	18	2	3068	0	1
2295	1	1	9	3067	0	1
2295	1	2	1	3067	0	1
2295	1	30	279	2861	0	1
2295	2	1	402	2925	0	1
2295	2	2	2	3068	0	1
2295	2	12	2	3068	0	1
2295	2	14	279	2861	0	1
2295	2	17	102	3022	0	1
2295	2	18	8	3069	0	1
2295	2	28	18	3064	0	1
2295	2	30	6	3067	0	1
2295	3	1	707	2556	0	1
2295	3	14	310	2821	0	1
2295	3	28	28	3068	0	1
2295	4	8	1	3068	0	1
2295	4	13	1	3068	0	1
2295	4	14	8	3068	0	1
2295	4	16	3	3068	0	1
2295	4	18	637	2605	0	1
2295	4	24	5	3069	0	1
2295	5	2	13	3062	0	1
2295	5	30	30	3063	0	1
2295	6	2	1005	2343	0	1
2295	6	14	25	3070	0	1
2295	6	28	31	3065	0	1
2295	7	30	599	2588	0	1
2295	8	1	11	3066	0	1
2295	8	28	6	3064	0	1
2295	9	0	23	3073	0	1
2295	10	0	60	3061	0	1
2295	10	1	15	3065	0	1
2295	11	12	63	3057	0	1
2295	13	12	4	3065	0	1
2296	0	17	9	3069	0	1
2296	1	6	69	3030	0	1
2296	1	7	637	2605	0	1
2296	2	7	9	3069	0	1
2296	2	9	14	3060	0	1
2296	2	19	23	3073	0	1
2296	2	22	20	3070	0	1
2296	2	23	17	3072	0	1
2296	2	30	8	3068	0	1
2296	2	31	6	3067	0	1
2296	3	0	129	2997	0	1
2296	3	1	637	2605	0	1
2296	3	4	378	2843	0	1
2296	3	14	279	2861	0	1
2296	3	29	37	3066	0	1
2296	3	30	9	3061	0	1
2296	4	1	7	3069	0	1
2296	4	2	394	2790	0	1
2296	4	14	7	3068	0	1
2296	4	19	139	2991	0	1
2296	4	24	4	3068	0	1
2296	5	29	740	2530	0	1
2296	6	17	24	3067	0	1
2296	7	24	39	3071	0	1
2296	7	30	845	2651	0	1
2296	9	3	28	3063	0	1
2296	9	13	8	3066	0	1
2296	10	0	129	3060	0	1
2296	10	23	247	2993	0	1
2296	11	1	482	2923	0	1
2296	11	12	34	3060	0	1
2296	11	31	28	3067	0	1
2296	13	12	216	2939	0	1
2297	0	2	706	2543	0	1
2297	0	12	8	3064	0	1
2297	0	13	27	3061	0	1
2297	0	15	1	3068	0	1
2297	0	16	6	3065	0	1
2297	0	17	52	3063	0	1
2297	0	18	2	3068	0	1
2297	0	27	3	3066	0	1
2297	0	28	36	3047	0	1
2297	0	29	70	3036	0	1
2297	1	0	2	3067	0	1
2297	1	1	301	3026	0	1
2297	1	12	54	3020	0	1
2297	1	13	174	2927	0	1
2297	1	17	111	3041	0	1
2297	1	27	19	3056	0	1
2297	1	28	279	2861	0	1
2297	1	31	92	3049	0	1
2297	2	13	1	3067	0	1
2297	2	14	6	3065	0	1
2297	2	27	24	3047	0	1
2297	2	28	41	3059	0	1
2297	2	29	9	3070	0	1
2297	2	30	1	3066	0	1
2297	3	28	21	3065	0	1
2297	4	12	1	3067	0	1
2297	4	13	2	3069	0	1
2297	4	14	2	3065	0	1
2297	4	15	19	3058	0	1
2297	4	17	37	3076	0	1
2297	4	27	2	3068	0	1
2297	5	2	43	3062	0	1
2297	5	3	40	3065	0	1
2297	5	8	8	3072	0	1
2297	5	9	23	3068	0	1
2297	5	10	2	3067	0	1
2297	5	11	1	3067	0	1
2297	5	12	46	3060	0	1
2297	5	13	45	3064	0	1
2297	6	0	1233	2153	0	1
2297	6	1	173	2961	0	1
2297	6	12	205	2905	0	1
2297	7	0	384	2938	0	1
2297	7	1	49	3054	0	1
2297	7	8	3	3069	0	1
2297	7	9	1	3068	0	1
2297	7	12	603	2659	0	1
2297	7	13	283	2944	0	1
2297	7	18	473	2798	0	1
2297	7	28	78	3034	0	1
2297	7	29	858	2668	0	1
2297	8	29	7	3068	0	1
2297	10	31	51	3074	0	1
2297	12	14	501	2913	0	1
2297	12	31	267	2903	0	1
2298	0	6	2	3067	0	1
2298	0	18	7	3068	0	1
2298	0	23	15	3071	0	1
2298	1	0	6	3068	0	1
2298	1	3	2	3067	0	1
2298	1	31	23	3053	0	1
2298	2	3	2	3068	0	1
2298	2	9	12	3060	0	1
2298	2	12	1	3068	0	1
2298	2	13	6	3067	0	1
2298	2	15	25	3049	0	1
2298	2	19	23	3073	0	1
2298	2	23	38	3077	0	1
2298	2	30	1	3066	0	1
2298	2	31	8	3068	0	1
2298	3	15	418	2739	0	1
2298	3	31	14	3060	0	1
2298	4	3	706	2543	0	1
2298	4	6	2	3068	0	1
2298	4	15	5	3069	0	1
2298	4	16	23	3074	0	1
2298	4	17	5	3068	0	1
2298	4	19	138	2992	0	1
2298	4	25	2	3067	0	1
2298	5	17	32	3067	0	1
2298	5	31	5	3071	0	1
2298	6	3	4	3063	0	1
2298	6	12	1808	1898	0	1
2298	6	28	677	2600	0	1
2298	6	29	5	3069	0	1
2298	7	18	439	2814	0	1
2298	7	28	92	3032	0	1
2298	7	31	2	3066	0	1
2298	8	18	98	3058	0	1
2298	8	28	22	3058	0	1
2298	8	29	3	3068	0	1
2298	9	1	27	3072	0	1
2298	9	3	48	3064	0	1
2298	9	13	3	3066	0	1
2298	9	17	13	3070	0	1
2298	9	26	750	2526	0	1
2298	10	1	95	3067	0	1
2298	10	17	7	3070	0	1
2298	10	23	82	3035	0	1
2298	11	12	361	2885	0	1
2298	11	13	38	3059	0	1
2298	11	31	14	3062	0	1
2298	13	9	383	2876	0	1
2298	13	13	742	2721	0	1
2299	0	2	262	2881	0	1
2299	0	13	2	3066	0	1
2299	0	23	20	3072	0	1
2299	1	3	2	3067	0	1
2299	1	7	127	2997	0	1
2299	1	30	1	3068	0	1
2299	2	3	3	3069	0	1
2299	2	9	12	3059	0	1
2299	2	12	1	3067	0	1
2299	2	13	7	3067	0	1
2299	2	14	38	3034	0	1
2299	2	19	23	3073	0	1
2299	2	23	2	3066	0	1
2299	2	29	7	3068	0	1
2299	2	30	1	3066	0	1
2299	3	31	6	3064	0	1
2299	4	1	1	3068	0	1
2299	4	12	1	3067	0	1
2299	4	14	3	3067	0	1
2299	4	16	24	3076	0	1
2299	4	19	60	3033	0	1
2299	4	25	4	3068	0	1
2299	5	2	5	3064	0	1
2299	5	8	3	3070	0	1
2299	5	10	1	3067	0	1
2299	5	12	7	3067	0	1
2299	6	0	9	3059	0	1
2299	6	3	85	3025	0	1
2299	6	15	28	3060	0	1
2299	6	29	138	3055	0	1
2299	7	31	683	2720	0	1
2299	8	1	24	3067	0	1
2299	8	3	1	3068	0	1
2299	8	18	30	3072	0	1
2299	8	26	41	3057	0	1
2299	9	13	3	3067	0	1
2299	9	17	27	3067	0	1
2299	9	26	494	2696	0	1
2299	10	1	76	3058	0	1
2299	10	17	46	3076	0	1
2299	10	23	118	3043	0	1
2299	10	30	21	3072	0	1
2299	11	12	9	3063	0	1
2299	11	31	21	3060	0	1
2299	12	15	157	3040	0	1
2299	12	30	421	2868	0	1
2300	0	13	1	3068	0	1
2300	0	26	3	3067	0	1
2300	1	12	110	2972	0	1
2300	1	26	11	3061	0	1
2300	1	28	279	2861	0	1
2300	1	30	20	3061	0	1
2300	1	31	279	2861	0	1
2300	2	6	34	3060	0	1
2300	2	12	1	3068	0	1
2300	2	13	4	3067	0	1
2300	2	14	2	3065	0	1
2300	2	15	279	2861	0	1
2300	2	26	12	3060	0	1
2300	2	28	12	3073	0	1
2300	2	29	6	3067	0	1
2300	2	30	1	3066	0	1
2300	3	1	67	3039	0	1
2300	3	5	705	2606	0	1
2300	4	3	246	2901	0	1
2300	4	6	2	3068	0	1
2300	4	12	2	3068	0	1
2300	4	16	2	3066	0	1
2300	5	2	43	3066	0	1
2300	5	12	46	3058	0	1
2300	7	18	734	2745	0	1
2300	8	18	88	3053	0	1
2300	8	26	120	3061	0	1
2300	9	26	1041	2314	0	1
2300	11	12	13	3059	0	1
2301	0	2	380	2803	0	1
2301	0	12	27	3061	0	1
2301	0	13	3	3066	0	1
2301	0	18	2	3068	0	1
2301	0	23	23	3073	0	1
2301	0	26	6	3067	0	1
2301	0	28	70	3036	0	1
2301	1	12	110	2972	0	1
2301	1	26	13	3060	0	1
2301	1	28	183	2930	0	1
2301	2	6	3111	1122	0	1
2301	2	7	9	3069	0	1
2301	2	9	14	3060	0	1
2301	2	13	7	3067	0	1
2301	2	14	38	3034	0	1
2301	2	15	43	3036	0	1
2301	2	19	23	3073	0	1
2301	2	23	2	3066	0	1
2301	2	26	12	3060	0	1
2301	2	28	8	3071	0	1
2301	2	29	9	3068	0	1
2301	2	31	8	3068	0	1
2301	3	1	637	2605	0	1
2301	3	31	14	3060	0	1
2301	4	1	7	3069	0	1
2301	4	3	393	2792	0	1
2301	4	6	2	3068	0	1
2301	4	14	19	3058	0	1
2301	4	15	8	3068	0	1
2301	4	16	9	3071	0	1
2301	4	17	25	3061	0	1
2301	4	19	637	2605	0	1
2301	5	17	19	3059	0	1
2301	6	3	98	3022	0	1
2301	8	1	24	3067	0	1
2301	9	1	27	3072	0	1
2301	9	3	48	3064	0	1
2301	9	17	27	3067	0	1
2301	10	17	43	3071	0	1
2301	10	23	160	3024	0	1
2302	0	2	706	2543	0	1
2302	0	6	2	3066	0	1
2302	0	13	2	3066	0	1
2302	0	16	52	3063	0	1
2302	0	18	7	3068	0	1
2302	0	19	2	3068	0	1
2302	0	23	19	3073	0	1
2302	0	26	2	3067	0	1
2302	1	0	301	3026	0	1
2302	1	3	2	3067	0	1
2302	1	16	111	3041	0	1
2302	2	3	3	3069	0	1
2302	2	13	7	3067	0	1
2302	2	14	12	3060	0	1
2302	2	15	30	3046	0	1
2302	2	19	16	3072	0	1
2302	2	23	27	3077	0	1
2302	2	29	18	3064	0	1
2302	3	5	167	2996	0	1
2302	3	15	279	2861	0	1
2302	3	28	27	3065	0	1
2302	3	31	14	3060	0	1
2302	4	3	395	2789	0	1
2302	4	9	1	3068	0	1
2302	4	12	3	3068	0	1
2302	4	14	19	3058	0	1
2302	4	15	6	3067	0	1
2302	4	17	4	3068	0	1
2302	4	19	124	3001	0	1
2302	4	25	5	3069	0	1
2302	4	28	120	3061	0	1
2302	5	3	4	3066	0	1
2302	5	17	14	3064	0	1
2302	5	31	24	3074	0	1
2302	6	3	1005	2343	0	1
2302	6	12	1808	1898	0	1
2302	6	28	677	2600	0	1
2302	6	29	138	3055	0	1
2302	7	25	39	3071	0	1
2302	7	26	20	3073	0	1
2302	7	31	599	2588	0	1
2302	8	1	22	3070	0	1
2302	8	3	1	3068	0	1
2302	8	26	64	3058	0	1
2302	8	28	22	3058	0	1
2302	8	29	6	3064	0	1
2302	9	1	13	3069	0	1
2302	9	3	18	3065	0	1
2302	9	13	3	3067	0	1
2302	10	1	129	3060	0	1
2302	10	17	24	3071	0	1
2302	10	23	247	2993	0	1
2302	11	13	63	3057	0	1
2302	11	31	28	3067	0	1
2302	13	9	13	3059	0	1
2302	13	13	4	3065	0	1
2303	0	2	362	2815	0	1
2303	0	12	17	3059	0	1
2303	0	13	3	3066	0	1
2303	0	14	1	3068	0	1
2303	0	16	10	3062	0	1
2303	0	17	9	3069	0	1
2303	0	23	20	3073	0	1
2303	0	26	5	3066	0	1
2303	0	28	62	3038	0	1
2303	1	0	6	3068	0	1
2303	1	7	637	2605	0	1
2303	1	12	98	2982	0	1
2303	1	16	18	3058	0	1
2303	1	26	12	3061	0	1
2303	1	30	22	3062	0	1
2303	2	14	6	3062	0	1
2303	2	26	10	3062	0	1
2303	2	28	41	3059	0	1
2303	3	29	30	3066	0	1
2303	3	31	14	3060	0	1
2303	4	1	1	3068	0	1
2303	4	3	706	2543	0	1
2303	4	12	2	3069	0	1
2303	4	14	16	3061	0	1
2303	4	15	6	3068	0	1
2303	4	17	5	3068	0	1
2303	4	25	1	3068	0	1
2303	4	26	2	3068	0	1
2303	5	2	48	3064	0	1
2303	5	3	13	3062	0	1
2303	5	8	23	3068	0	1
2303	5	10	2	3067	0	1
2303	5	12	50	3059	0	1
2303	5	17	21	3064	0	1
2303	5	29	1041	2314	0	1
2303	6	0	1233	2153	0	1
2303	6	17	24	3067	0	1
2303	6	28	4	3065	0	1
2303	7	0	384	2938	0	1
2303	7	8	13	3066	0	1
2303	7	12	603	2659	0	1
2303	7	28	858	2668	0	1
2303	9	1	27	3072	0	1
2303	9	3	48	3064	0	1
2303	10	30	51	3074	0	1
2303	11	1	642	2895	0	1
2303	11	12	8	3060	0	1
2303	12	14	434	2931	0	1
2303	12	15	193	3027	0	1
2303	12	30	267	2903	0	1
2303	13	9	13	3059	0	1
2304	0	9	3	3067	0	1
2304	0	16	1	3068	0	1
2304	0	17	2	3067	0	1
2304	0	18	279	2861	0	1
2304	0	21	418	2739	0	1
2304	0	27	6	3063	0	1
2304	0	29	1	3068	0	1
2304	0	30	6	3066	0	1
2304	1	2	37	3072	0	1
2304	1	7	2	3067	0	1
2304	1	9	118	2992	0	1
2304	1	10	200	2933	0	1
2304	1	18	43	3036	0	1
2304	1	19	1	3068	0	1
2304	1	26	8	3068	0	1
2304	2	9	10	3065	0	1
2304	2	11	1	3066	0	1
2304	2	18	3	3069	0	1
2304	2	27	23	3068	0	1
2304	3	25	24	3063	0	1
2304	4	14	3	3064	0	1
2304	4	21	13	3068	0	1
2304	4	26	3	3066	0	1
2304	5	1	1	3066	0	1
2304	5	10	9	3070	0	1
2304	5	18	8	3070	0	1
2304	5	20	33	3072	0	1
2304	5	23	4	3068	0	1
2304	6	2	7	3070	0	1
2304	6	4	43	3068	0	1
2304	7	19	88	3048	0	1
2304	8	27	3	3065	0	1
2304	9	3	6	3064	0	1
2304	10	10	14	3066	0	1
2304	10	16	49	3065	0	1
2304	10	26	32	3070	0	1
2304	10	30	142	3047	0	1
2304	11	0	87	3062	0	1
2304	11	1	20	3066	0	1
2304	11	6	239	3018	0	1
2304	11	12	98	3070	0	1
2304	11	14	137	3053	0	1
2304	11	21	290	3035	0	1
2304	11	26	37	3066	0	1
2304	12	17	64	3055	0	1
2304	13	12	21	3054	0	1
2305	0	6	12	3062	0	1
2305	0	19	38	3069	0	1
2305	0	21	418	2739	0	1
2305	0	25	279	2861	0	1
2305	0	29	1	3068	0	1
2305	0	30	14	3062	0	1
2305	1	0	62	3069	0	1
2305	1	2	25	3070	0	1
2305	1	10	173	2953	0	1
2305	1	15	3	3068	0	1
2305	1	28	10	3072	0	1
2305	2	9	2	3069	0	1
2305	2	18	5	3069	0	1
2305	2	19	28	3052	0	1
2305	2	27	7	3072	0	1
2305	3	25	40	3056	0	1
2305	4	6	1	3067	0	1
2305	4	12	8	3067	0	1
2305	4	18	3	3069	0	1
2305	4	21	6	3066	0	1
2305	6	1	7	3065	0	1
2305	6	17	599	2588	0	1
2305	6	27	170	3009	0	1
2305	8	27	3	3065	0	1
2305	9	9	1	3066	0	1
2305	10	3	78	3067	0	1
2305	10	21	14	3062	0	1
2305	10	23	115	3049	0	1
2305	10	25	40	3071	0	1
2305	11	1	30	3066	0	1
2305	11	13	301	3015	0	1
2305	11	14	108	3060	0	1
2305	12	9	438	2927	0	1
2305	13	1	116	3045	0	1
2305	13	15	1135	2226	0	1
2306	0	4	1	3068	0	1
2306	0	16	19	3072	0	1
2306	0	19	47	3037	0	1
2306	0	20	359	2785	0	1
2306	0	24	43	3036	0	1
2306	0	26	11	3059	0	1
2306	0	29	45	3073	0	1
2306	0	31	9	3065	0	1
2306	1	1	1	3068	0	1
2306	1	5	45	3073	0	1
2306	1	14	8	3068	0	1
2306	1	18	1	3068	0	1
2306	1	19	279	2861	0	1
2306	2	16	1	3068	0	1
2306	2	18	19	3060	0	1
2306	4	4	4	3067	0	1
2306	4	14	24	3074	0	1
2306	4	20	17	3070	0	1
2306	4	21	11	3068	0	1
2306	5	11	13	3072	0	1
2306	5	14	2	3069	0	1
2306	5	28	55	3056	0	1
2306	6	6	9	3072	0	1
2306	6	14	3	3069	0	1
2306	6	22	3	3066	0	1
2306	6	24	267	3030	0	1
2306	6	28	16	3062	0	1
2306	7	1	17	3059	0	1
2306	7	19	203	3002	0	1
2306	7	24	15	3073	0	1
2306	9	4	11	3067	0	1
2306	10	10	16	3071	0	1
2306	10	18	28	3067	0	1
2306	10	26	29	3063	0	1
2306	10	30	51	3060	0	1
2306	12	18	551	2774	0	1
2306	13	3	551	2758	0	1
2307	0	18	3	3069	0	1
2307	0	24	16	3057	0	1
2307	0	26	11	3059	0	1
2307	0	28	1	3068	0	1
2307	0	29	1	3068	0	1
2307	0	30	2	3068	0	1
2307	1	3	19	3069	0	1
2307	1	7	142	3041	0	1
2307	1	8	137	2977	0	1
2307	1	29	4	3068	0	1
2307	2	8	540	2886	0	1
2307	2	18	547	2759	0	1
2307	2	19	5	3069	0	1
2307	4	7	1	3067	0	1
2307	4	12	16	3069	0	1
2307	4	13	8	3067	0	1
2307	4	14	19	3073	0	1
2307	4	21	6	3069	0	1
2307	5	0	1	3066	0	1
2307	5	2	26	3071	0	1
2307	5	12	17	3059	0	1
2307	5	20	4	3066	0	1
2307	5	26	8	3066	0	1
2307	6	29	2	3067	0	1
2307	6	31	34	3065	0	1
2307	7	1	17	3059	0	1
2307	7	16	320	3019	0	1
2307	7	21	202	2917	0	1
2307	8	15	7	3069	0	1
2307	8	20	3	3066	0	1
2307	9	17	4	3067	0	1
2307	9	24	5	3068	0	1
2307	10	9	11	3064	0	1
2307	10	19	31	3064	0	1
2307	10	28	15	3065	0	1
2307	10	29	12	3064	0	1
2307	11	3	16	3064	0	1
2307	11	13	141	3057	0	1
2307	11	22	853	2632	0	1
2307	11	29	40	3070	0	1
2307	12	27	244	2994	0	1
2308	0	5	1	3068	0	1
2308	0	6	11	3061	0	1
2308	0	9	2	3068	0	1
2308	0	17	2	3067	0	1
2308	0	18	46	3037	0	1
2308	0	19	6	3068	0	1
2308	0	21	418	2739	0	1
2308	0	25	34	3042	0	1
2308	0	27	11	3059	0	1
2308	0	29	1	3068	0	1
2308	0	30	14	3062	0	1
2308	1	2	35	3071	0	1
2308	1	10	200	2933	0	1
2308	1	15	6	3067	0	1
2308	1	26	8	3068	0	1
2308	1	28	5	3072	0	1
2308	2	9	11	3064	0	1
2308	2	11	1	3066	0	1
2308	2	17	1	3068	0	1
2308	2	19	36	3053	0	1
2308	3	1	14	3065	0	1
2308	3	9	348	2795	0	1
2308	3	25	40	3056	0	1
2308	4	6	1	3067	0	1
2308	4	14	3	3064	0	1
2308	4	15	12	3070	0	1
2308	4	18	2	3068	0	1
2308	4	21	17	3070	0	1
2308	4	25	1	3067	0	1
2308	4	27	2	3068	0	1
2308	5	1	2	3065	0	1
2308	5	5	45	3067	0	1
2308	5	10	7	3069	0	1
2308	5	27	7	3067	0	1
2308	6	2	7	3070	0	1
2308	6	7	9	3072	0	1
2308	6	17	686	2717	0	1
2308	6	23	4	3066	0	1
2308	6	30	35	3062	0	1
2308	6	31	441	2951	0	1
2308	7	1	8	3068	0	1
2308	7	2	14	3071	0	1
2308	7	9	1	3066	0	1
2308	7	12	441	2951	0	1
2308	7	17	1	3066	0	1
2308	8	7	3	3068	0	1
2308	8	21	3	3066	0	1
2308	9	3	4	3069	0	1
2308	9	5	11	3067	0	1
2308	9	7	10	3066	0	1
2308	9	25	11	3066	0	1
2308	9	31	11	3064	0	1
2308	10	5	45	3059	0	1
2308	10	6	16	3062	0	1
2308	10	7	10	3065	0	1
2308	10	8	4	3067	0	1
2308	10	11	15	3067	0	1
2308	10	16	106	3069	0	1
2308	10	18	27	3069	0	1
2308	10	19	28	3065	0	1
2308	10	21	44	3067	0	1
2308	10	23	290	3035	0	1
2308	10	25	40	3071	0	1
2308	10	26	35	3069	0	1
2308	10	29	66	3074	0	1
2308	10	30	152	3041	0	1
2308	11	0	58	3066	0	1
2308	11	1	8	3066	0	1
2308	11	2	24	3060	0	1
2308	11	8	35	3063	0	1
2308	11	9	28	3064	0	1
2308	11	13	10	3064	0	1
2308	11	19	29	3063	0	1
2308	11	21	290	3035	0	1
2308	11	23	122	3027	0	1
2308	11	31	16	3058	0	1
2308	12	4	345	2983	0	1
2308	12	17	64	3055	0	1
2308	12	19	220	3023	0	1
2308	13	1	140	3037	0	1
2308	13	2	676	2682	0	1
2308	13	15	257	3040	0	1
2308	13	26	220	3023	0	1
2309	0	5	62	3069	0	1
2309	0	6	4	3064	0	1
2309	0	7	1	3068	0	1
2309	0	18	39	3042	0	1
2309	0	21	359	2785	0	1
2309	0	29	1	3068	0	1
2309	0	30	14	3062	0	1
2309	1	6	1	3068	0	1
2309	1	7	2	3067	0	1
2309	1	9	137	2977	0	1
2309	1	15	4	3068	0	1
2309	1	18	40	3039	0	1
2309	1	28	3	3069	0	1
2309	2	11	1	3066	0	1
2309	2	17	1	3068	0	1
2309	2	18	5	3069	0	1
2309	3	1	14	3065	0	1
2309	3	9	348	2795	0	1
2309	3	25	40	3056	0	1
2309	4	6	1	3067	0	1
2309	4	12	4	3068	0	1
2309	4	13	16	3069	0	1
2309	4	18	2	3068	0	1
2309	4	20	4	3069	0	1
2309	4	21	17	3070	0	1
2309	4	25	1	3067	0	1
2309	4	27	2	3068	0	1
2309	5	1	3	3066	0	1
2309	5	13	14	3059	0	1
2309	6	2	20	3064	0	1
2309	6	4	138	3055	0	1
2309	6	7	9	3072	0	1
2309	6	15	9	3072	0	1
2309	6	17	816	2671	0	1
2309	6	23	4	3066	0	1
2309	6	28	18	3063	0	1
2309	6	29	14	3064	0	1
2309	6	30	2	3067	0	1
2309	6	31	63	3056	0	1
2309	7	0	17	3059	0	1
2309	7	1	8	3068	0	1
2309	7	2	14	3071	0	1
2309	7	6	858	2668	0	1
2309	7	9	1	3066	0	1
2309	7	12	63	3056	0	1
2309	7	18	25	3061	0	1
2309	8	7	3	3068	0	1
2309	8	14	5	3069	0	1
2309	8	21	7	3064	0	1
2309	8	27	3	3065	0	1
2309	9	5	11	3067	0	1
2309	9	7	8	3064	0	1
2309	9	16	1	3066	0	1
2309	9	31	11	3064	0	1
2309	10	3	2	3067	0	1
2309	10	5	91	3058	0	1
2309	10	6	54	3062	0	1
2309	10	7	38	3069	0	1
2309	10	8	8	3063	0	1
2309	10	10	27	3068	0	1
2309	10	11	22	3065	0	1
2309	10	16	41	3070	0	1
2309	10	18	6	3070	0	1
2309	10	19	15	3063	0	1
2309	10	21	87	3062	0	1
2309	10	23	159	3049	0	1
2309	10	25	40	3071	0	1
2309	10	27	20	3067	0	1
2309	10	28	5	3069	0	1
2309	10	29	66	3074	0	1
2309	10	30	152	3041	0	1
2309	10	31	42	3065	0	1
2309	11	0	87	3062	0	1
2309	11	2	31	3060	0	1
2309	11	8	35	3063	0	1
2309	11	9	28	3064	0	1
2309	11	12	31	3055	0	1
2309	11	13	8	3065	0	1
2309	11	14	112	3055	0	1
2309	11	19	66	3074	0	1
2309	11	21	185	3030	0	1
2309	11	23	97	3036	0	1
2309	11	26	10	3066	0	1
2309	11	28	10	3069	0	1
2309	12	4	786	2576	0	1
2309	12	5	863	2603	0	1
2309	12	17	64	3055	0	1
2309	13	1	140	3037	0	1
2309	13	2	676	2682	0	1
2309	13	15	1463	1972	0	1
2309	13	25	205	3027	0	1
2310	0	5	62	3069	0	1
2310	0	9	3	3067	0	1
2310	0	18	279	2861	0	1
2310	1	18	279	2861	0	1
2310	2	9	540	2886	0	1
2310	2	11	1	3066	0	1
2310	2	18	2	3069	0	1
2310	2	19	547	2759	0	1
2310	2	27	23	3068	0	1
2310	3	25	40	3056	0	1
2310	4	13	8	3070	0	1
2310	4	14	2	3065	0	1
2310	4	15	17	3073	0	1
2310	4	27	2	3068	0	1
2310	5	3	26	3071	0	1
2310	5	15	2	3069	0	1
2310	5	29	55	3056	0	1
2310	6	4	138	3055	0	1
2310	6	7	9	3072	0	1
2310	6	15	9	3072	0	1
2310	6	25	54	3046	0	1
2310	6	27	15	3062	0	1
2310	6	31	7	3069	0	1
2310	7	6	858	2668	0	1
2310	7	18	203	3002	0	1
2310	8	14	7	3069	0	1
2310	8	21	7	3064	0	1
2310	9	7	8	3064	0	1
2310	9	9	1	3066	0	1
2310	9	25	13	3065	0	1
2310	9	31	11	3064	0	1
2310	10	5	17	3062	0	1
2310	10	6	16	3062	0	1
2310	10	7	17	3068	0	1
2310	10	8	23	3064	0	1
2310	10	10	27	3068	0	1
2310	10	11	22	3065	0	1
2310	10	19	34	3066	0	1
2310	10	23	135	3048	0	1
2310	10	25	22	3068	0	1
2310	10	26	35	3069	0	1
2310	10	27	11	3065	0	1
2310	10	28	9	3066	0	1
2310	10	31	24	3061	0	1
2310	11	1	30	3066	0	1
2310	11	6	244	3014	0	1
2310	11	8	18	3070	0	1
2310	11	13	8	3065	0	1
2310	11	19	3	3065	0	1
2310	12	9	590	2882	0	1
2310	12	19	220	3023	0	1
2310	12	26	247	2993	0	1
2310	13	12	1	3067	0	1
2310	13	15	1463	1972	0	1
2311	0	5	1	3068	0	1
2311	0	6	12	3062	0	1
2311	0	7	1	3068	0	1
2311	0	25	279	2861	0	1
2311	0	27	11	3059	0	1
2311	1	4	1	3066	0	1
2311	1	6	2	3069	0	1
2311	1	15	8	3068	0	1
2311	1	19	1	3068	0	1
2311	1	26	4	3068	0	1
2311	1	28	10	3072	0	1
2311	2	18	5	3069	0	1
2311	2	27	2	3069	0	1
2311	4	5	4	3067	0	1
2311	4	6	1	3067	0	1
2311	4	12	8	3067	0	1
2311	4	14	3	3064	0	1
2311	4	15	24	3074	0	1
2311	4	18	1	3068	0	1
2311	4	20	11	3068	0	1
2311	4	25	1	3067	0	1
2311	4	27	2	3068	0	1
2311	5	18	8	3070	0	1
2311	5	20	33	3072	0	1
2311	5	21	1	3067	0	1
2311	5	23	7	3070	0	1
2311	5	27	8	3066	0	1
2311	6	1	10	3064	0	1
2311	6	2	7	3070	0	1
2311	6	4	2	3067	0	1
2311	6	17	599	2588	0	1
2311	6	23	4	3066	0	1
2311	6	25	309	3015	0	1
2311	6	27	98	3035	0	1
2311	6	28	2	3067	0	1
2311	6	31	441	2951	0	1
2311	7	0	17	3059	0	1
2311	7	6	100	3029	0	1
2311	7	17	320	3019	0	1
2311	7	19	88	3048	0	1
2311	7	25	15	3073	0	1
2311	8	14	3	3067	0	1
2311	9	3	6	3064	0	1
2311	9	16	4	3067	0	1
2311	9	25	11	3066	0	1
2311	10	5	91	3058	0	1
2311	10	6	7	3067	0	1
2311	10	7	38	3069	0	1
2311	10	8	11	3064	0	1
2311	10	10	13	3066	0	1
2311	10	19	28	3067	0	1
2311	10	21	87	3062	0	1
2311	10	23	156	3045	0	1
2311	10	25	34	3067	0	1
2311	10	27	29	3063	0	1
2311	10	28	12	3064	0	1
2311	10	31	51	3060	0	1
2311	11	1	17	3068	0	1
2311	11	6	124	3035	0	1
2311	11	8	4	3065	0	1
2311	11	12	141	3057	0	1
2311	11	14	137	3053	0	1
2311	11	19	26	3070	0	1
2311	11	26	37	3066	0	1
2311	11	28	40	3070	0	1
2311	13	12	23	3052	0	1
2311	13	15	149	2947	0	1
2312	0	6	4	3065	0	1
2312	0	16	1	3068	0	1
2312	0	27	11	3059	0	1
2312	1	0	1	3068	0	1
2312	1	26	6	3067	0	1
2312	2	18	5	3069	0	1
2312	4	6	1	3067	0	1
2312	4	13	16	3069	0	1
2312	4	15	23	3073	0	1
2312	4	18	3	3069	0	1
2312	4	20	4	3069	0	1
2312	4	25	1	3067	0	1
2312	4	26	3	3066	0	1
2312	4	27	2	3068	0	1
2312	5	3	1	3067	0	1
2312	5	13	17	3059	0	1
2312	5	15	1	3068	0	1
2312	6	2	4	3068	0	1
2312	6	7	8	3071	0	1
2312	6	15	3	3069	0	1
2312	6	17	773	2684	0	1
2312	7	6	102	3027	0	1
2312	7	12	441	2951	0	1
2312	8	21	6	3066	0	1
2312	8	27	3	3065	0	1
2312	9	5	11	3067	0	1
2312	9	7	10	3066	0	1
2312	9	31	7	3068	0	1
2312	10	3	78	3067	0	1
2312	10	5	45	3059	0	1
2312	10	6	108	3054	0	1
2312	10	7	8	3068	0	1
2312	10	10	28	3066	0	1
2312	10	11	16	3071	0	1
2312	10	21	87	3062	0	1
2312	10	23	290	3035	0	1
2312	10	26	35	3069	0	1
2312	11	0	87	3062	0	1
2312	11	8	35	3063	0	1
2312	11	12	138	3058	0	1
2312	11	19	29	3063	0	1
2312	11	21	290	3035	0	1
2312	11	26	35	3066	0	1
2312	11	31	16	3058	0	1
2312	12	4	345	2983	0	1
2312	13	12	23	3052	0	1
2312	13	15	257	3040	0	1
2312	13	25	205	3027	0	1
2312	13	26	1859	1581	0	1
2313	0	6	6	3064	0	1
2313	0	17	19	3072	0	1
2313	0	19	38	3069	0	1
2313	0	25	43	3036	0	1
2313	0	27	10	3060	0	1
2313	0	28	45	3073	0	1
2313	0	31	2	3068	0	1
2313	1	0	62	3069	0	1
2313	1	7	2	3067	0	1
2313	1	26	8	3068	0	1
2313	2	11	1	3066	0	1
2313	2	17	1	3068	0	1
2313	3	25	40	3056	0	1
2313	4	12	2	3066	0	1
2313	4	14	3	3064	0	1
2313	4	25	1	3067	0	1
2313	4	27	2	3068	0	1
2313	5	23	3	3067	0	1
2313	5	27	5	3068	0	1
2313	6	15	9	3072	0	1
2313	6	23	4	3066	0	1
2313	7	6	92	3029	0	1
2313	7	12	60	3057	0	1
2313	7	18	18	3061	0	1
2313	9	7	10	3066	0	1
2313	9	25	13	3065	0	1
2313	9	31	11	3064	0	1
2313	10	5	82	3061	0	1
2313	10	6	60	3057	0	1
2313	10	7	17	3068	0	1
2313	10	8	8	3063	0	1
2313	10	10	13	3067	0	1
2313	10	11	22	3065	0	1
2313	10	16	49	3065	0	1
2313	10	18	31	3064	0	1
2313	10	21	58	3066	0	1
2313	10	23	290	3035	0	1
2313	10	25	40	3071	0	1
2313	10	26	20	3069	0	1
2313	10	31	43	3063	0	1
2313	11	8	35	3063	0	1
2313	11	13	301	3015	0	1
2313	11	19	66	3074	0	1
2313	11	21	290	3035	0	1
2313	11	23	853	2632	0	1
2313	12	4	786	2576	0	1
2313	12	5	863	2603	0	1
2313	12	17	64	3055	0	1
2313	13	15	1463	1972	0	1
2313	13	25	476	2900	0	1
2313	13	26	220	3023	0	1
2314	4	16	1	3066	0	1
2314	4	20	2	3068	0	1
2314	4	21	5	3068	0	1
2314	4	28	2	3068	0	1
2314	4	29	11	3068	0	1
2314	5	18	44	3059	0	1
2314	5	24	1	3066	0	1
2314	6	0	266	3040	0	1
2315	0	0	43	3036	0	1
2315	0	8	43	3036	0	1
2315	2	4	348	2795	0	1
2315	2	8	9	3068	0	1
2315	2	12	5	3066	0	1
2315	4	0	1	3067	0	1
2315	4	1	2	3069	0	1
2315	4	16	1	3066	0	1
2315	4	17	1	3067	0	1
2315	4	21	1	3068	0	1
2315	4	25	1	3067	0	1
2315	4	28	1	3068	0	1
2315	5	18	27	3064	0	1
2315	6	0	1	3066	0	1
2315	6	8	1	3066	0	1
2315	10	0	14	3066	0	1
2315	10	1	6	3065	0	1
2315	10	4	7	3065	0	1
2315	10	5	3	3064	0	1
2315	10	8	5	3067	0	1
2315	10	9	8	3069	0	1
2315	10	12	5	3066	0	1
2315	10	13	10	3071	0	1
2315	11	16	301	3015	0	1
2316	0	0	47	3038	0	1
2316	0	1	47	3037	0	1
2316	0	8	47	3038	0	1
2316	0	9	47	3037	0	1
2316	0	17	52	3031	0	1
2316	0	25	263	2843	0	1
2316	1	17	418	2739	0	1
2316	2	4	70	3011	0	1
2316	2	8	2	3067	0	1
2316	2	12	3	3069	0	1
2316	2	24	11	3074	0	1
2316	2	25	23	3068	0	1
2316	4	1	2	3068	0	1
2316	4	17	2	3067	0	1
2316	5	4	8	3066	0	1
2316	5	7	8	3070	0	1
2316	5	12	12	3064	0	1
2316	5	15	15	3067	0	1
2316	5	16	3	3064	0	1
2316	5	24	13	3063	0	1
2316	6	22	32	3059	0	1
2316	6	30	59	3041	0	1
2316	7	4	2	3066	0	1
2316	7	5	643	2606	0	1
2316	7	16	1527	2127	0	1
2316	8	0	1	3066	0	1
2316	8	8	1	3066	0	1
2316	8	16	3	3065	0	1
2316	8	17	2	3069	0	1
2316	9	0	3	3066	0	1
2316	9	1	3	3067	0	1
2316	9	8	4	3067	0	1
2316	9	9	3	3064	0	1
2316	9	16	3	3068	0	1
2316	9	17	4	3068	0	1
2316	10	0	7	3069	0	1
2316	10	1	2	3068	0	1
2316	10	4	8	3068	0	1
2316	10	5	7	3066	0	1
2316	10	8	7	3065	0	1
2316	10	9	8	3066	0	1
2316	10	12	5	3067	0	1
2316	10	13	7	3065	0	1
2316	10	16	2	3067	0	1
2316	10	17	2	3067	0	1
2316	10	18	27	3063	0	1
2316	10	19	51	3071	0	1
2316	11	0	87	3062	0	1
2316	11	8	32	3063	0	1
2316	11	16	10	3064	0	1
2316	12	0	52	3039	0	1
2317	0	16	11	3059	0	1
2317	0	17	137	2977	0	1
2317	0	24	18	3053	0	1
2317	1	1	418	2739	0	1
2317	4	17	3	3069	0	1
2317	4	20	1	3067	0	1
2317	4	24	1	3067	0	1
2317	4	25	4	3070	0	1
2317	5	1	1	3067	0	1
2317	5	4	1	3067	0	1
2317	5	5	2	3068	0	1
2317	5	6	1	3067	0	1
2317	5	7	13	3069	0	1
2317	5	9	3	3065	0	1
2317	5	14	2	3066	0	1
2317	5	18	11	3064	0	1
2317	5	26	31	3058	0	1
2317	6	0	54	3046	0	1
2317	6	22	1127	2653	0	1
2317	9	16	8	3066	0	1
2317	9	17	16	3067	0	1
2318	0	0	1	3067	0	1
2318	0	2	20	3072	0	1
2318	0	13	23	3073	0	1
2318	0	25	7	3066	0	1
2318	0	27	35	3069	0	1
2318	1	0	86	3052	0	1
2318	1	3	64	3066	0	1
2318	1	5	9	3067	0	1
2318	1	6	5	3068	0	1
2318	1	16	17	3063	0	1
2318	1	17	1	3068	0	1
2318	1	27	6	3064	0	1
2318	1	28	22	3062	0	1
2318	1	30	160	3042	0	1
2318	2	0	451	2909	0	1
2318	2	2	402	2925	0	1
2318	2	3	30	3057	0	1
2318	2	4	5	3069	0	1
2318	2	5	418	2739	0	1
2318	2	13	264	2978	0	1
2318	2	15	159	2988	0	1
2318	2	24	24	3060	0	1
2318	2	25	1592	2067	0	1
2318	2	27	1708	2010	0	1
2318	3	0	170	3016	0	1
2318	3	3	1607	2051	0	1
2318	3	5	707	2556	0	1
2318	4	0	2	3068	0	1
2318	4	2	1	3068	0	1
2318	4	6	36	3065	0	1
2318	4	7	24	3074	0	1
2318	4	8	18	3075	0	1
2318	4	9	34	3058	0	1
2318	4	10	24	3074	0	1
2318	4	11	18	3075	0	1
2318	4	14	1	3068	0	1
2318	4	15	3	3066	0	1
2318	4	25	2	3068	0	1
2318	4	27	2	3068	0	1
2318	5	0	3	3067	0	1
2318	5	3	4	3068	0	1
2318	5	5	2	3067	0	1
2318	5	6	1	3067	0	1
2318	5	16	1	3068	0	1
2318	5	17	7	3070	0	1
2318	5	19	1	3067	0	1
2318	5	20	3	3069	0	1
2318	5	25	2	3069	0	1
2318	5	26	57	3066	0	1
2318	6	0	645	2575	0	1
2318	6	1	171	2964	0	1
2318	6	3	599	2588	0	1
2318	6	4	1	3066	0	1
2318	6	6	13	3066	0	1
2318	6	8	13	3066	0	1
2318	6	11	5	3069	0	1
2318	6	13	13	3072	0	1
2318	6	15	4	3070	0	1
2318	6	21	39	3071	0	1
2318	6	22	39	3071	0	1
2318	6	24	138	3055	0	1
2318	6	26	6	3070	0	1
2318	6	27	127	3057	0	1
2318	7	0	152	3047	0	1
2318	7	3	68	3057	0	1
2318	7	5	63	3056	0	1
2318	7	6	441	2951	0	1
2318	7	8	42	3077	0	1
2318	7	11	42	3077	0	1
2318	7	13	42	3077	0	1
2318	7	16	65	3055	0	1
2318	7	20	88	3059	0	1
2318	7	25	88	3059	0	1
2318	7	26	1527	2127	0	1
2318	7	27	858	2668	0	1
2318	7	28	102	3027	0	1
2318	7	30	858	2668	0	1
2318	8	0	11	3066	0	1
2318	8	1	13	3065	0	1
2318	8	3	11	3066	0	1
2318	8	6	1159	2645	0	1
2318	8	11	543	2874	0	1
2318	9	0	10	3069	0	1
2318	9	26	19	3065	0	1
2318	10	0	28	3066	0	1
2318	10	2	27	3068	0	1
2318	10	4	27	3068	0	1
2318	10	15	25	3071	0	1
2318	10	25	51	3074	0	1
2318	10	27	87	3074	0	1
2318	10	28	32	3068	0	1
2318	11	0	145	3046	0	1
2318	11	3	118	3056	0	1
2318	11	5	63	3057	0	1
2318	11	6	16	3064	0	1
2318	11	9	63	3071	0	1
2318	11	10	129	3060	0	1
2318	11	16	104	3042	0	1
2318	11	17	241	2992	0	1
2318	11	21	274	3029	0	1
2318	11	27	17	3061	0	1
2318	11	28	83	3050	0	1
2318	11	30	180	3042	0	1
2318	12	0	524	2916	0	1
2318	12	2	434	2931	0	1
2318	12	3	342	2969	0	1
2318	12	5	52	3039	0	1
2318	12	13	383	2951	0	1
2318	12	15	748	2752	0	1
2318	12	24	148	3031	0	1
2318	12	25	267	2903	0	1
2318	12	27	707	2754	0	1
2318	13	0	823	2707	0	1
2318	13	3	746	2719	0	1
2318	13	5	4	3065	0	1
2318	13	28	188	2911	0	1
2318	13	30	3350	723	0	1
2319	0	1	1	3068	0	1
2319	0	12	279	2861	0	1
2319	0	13	35	3040	0	1
2319	0	14	117	2992	0	1
2319	0	25	1	3067	0	1
2319	0	26	2	3068	0	1
2319	0	27	2	3068	0	1
2319	1	0	3	3067	0	1
2319	1	3	3	3067	0	1
2319	1	4	3	3067	0	1
2319	1	5	1	3068	0	1
2319	1	6	2	3067	0	1
2319	2	0	7	3066	0	1
2319	2	1	5	3069	0	1
2319	2	2	2	3068	0	1
2319	2	7	279	2861	0	1
2319	2	9	381	2767	0	1
2319	2	10	697	2533	0	1
2319	2	12	418	2739	0	1
2319	2	24	23	3068	0	1
2319	2	25	11	3074	0	1
2319	2	26	11	3074	0	1
2319	2	27	11	3074	0	1
2319	3	0	17	3068	0	1
2319	4	0	3	3068	0	1
2319	4	2	2	3069	0	1
2319	4	25	18	3069	0	1
2319	4	26	5	3069	0	1
2319	5	0	46	3064	0	1
2319	5	3	30	3075	0	1
2319	5	4	7	3072	0	1
2319	5	5	23	3068	0	1
2319	5	16	30	3062	0	1
2319	5	17	44	3054	0	1
2319	5	28	4	3066	0	1
2319	5	30	24	3074	0	1
2319	6	0	180	3057	0	1
2319	6	2	138	3055	0	1
2319	6	12	46	3057	0	1
2319	6	14	1	3066	0	1
2319	6	24	1	3066	0	1
2319	6	25	504	2940	0	1
2319	6	26	441	2951	0	1
2319	7	0	152	3047	0	1
2319	7	3	960	2628	0	1
2319	7	5	858	2668	0	1
2319	7	30	599	2588	0	1
2319	8	0	1	3068	0	1
2319	8	2	1	3068	0	1
2319	8	12	2	3067	0	1
2319	8	13	2	3067	0	1
2319	8	14	3	3068	0	1
2319	8	24	2	3067	0	1
2319	8	25	6	3067	0	1
2319	8	26	6	3064	0	1
2319	9	0	11	3070	0	1
2319	9	3	10	3065	0	1
2319	9	4	5	3067	0	1
2319	9	5	3	3067	0	1
2319	9	17	11	3064	0	1
2319	9	28	3	3064	0	1
2319	9	30	11	3066	0	1
2319	10	0	28	3070	0	1
2319	10	1	16	3066	0	1
2319	10	7	35	3063	0	1
2319	10	9	18	3065	0	1
2319	10	10	47	3062	0	1
2319	10	12	25	3064	0	1
2319	10	14	28	3067	0	1
2319	10	20	19	3066	0	1
2319	10	21	76	3074	0	1
2319	11	0	31	3064	0	1
2319	11	8	188	3062	0	1
2319	11	11	55	3061	0	1
2319	11	17	16	3058	0	1
2319	11	21	199	3025	0	1
2319	11	25	474	2986	0	1
2319	12	7	257	3040	0	1
2319	12	9	257	3040	0	1
2319	12	10	309	3012	0	1
2319	12	12	52	3039	0	1
2320	0	19	1	3068	0	1
2320	0	26	1	3068	0	1
2320	1	16	1	3066	0	1
2320	1	18	1	3068	0	1
2320	1	26	1	3068	0	1
2320	2	1	8	3067	0	1
2320	2	2	2	3067	0	1
2320	2	3	499	2898	0	1
2320	2	9	15	3065	0	1
2320	5	4	4	3067	0	1
2320	5	16	1	3067	0	1
2320	5	18	7	3069	0	1
2320	6	0	4	3068	0	1
2320	6	1	3	3069	0	1
2320	6	4	8	3070	0	1
2320	6	5	4	3067	0	1
2320	6	8	99	3009	0	1
2320	6	9	65	3016	0	1
2320	6	12	802	2679	0	1
2320	6	13	524	2647	0	1
2320	8	8	11	3066	0	1
2320	10	16	11	3069	0	1
2320	10	17	2	3066	0	1
2320	10	18	2	3067	0	1
2320	10	19	2	3068	0	1
2320	10	25	2	3066	0	1
2320	10	26	2	3067	0	1
2320	11	0	29	3066	0	1
2320	11	1	1	3068	0	1
2320	11	2	6	3069	0	1
2320	11	3	5	3067	0	1
2320	11	4	32	3075	0	1
2320	11	5	3	3065	0	1
2320	11	6	6	3064	0	1
2320	11	7	16	3066	0	1
2320	11	9	2	3068	0	1
2320	11	11	22	3059	0	1
2320	11	12	56	3064	0	1
2320	11	15	60	3047	0	1
2320	11	16	42	3060	0	1
2320	11	19	83	3040	0	1
2320	11	24	111	3024	0	1
2320	12	1	127	3043	0	1
2320	12	2	64	3055	0	1
2320	12	3	14	3063	0	1
2320	12	9	134	3039	0	1
2320	12	10	68	3053	0	1
2320	12	20	220	3023	0	1
2320	12	21	676	2682	0	1
2320	12	28	221	3022	0	1
2320	13	0	724	2711	0	1
2320	13	1	303	3004	0	1
2321	0	0	2	3067	0	1
2321	0	1	1	3067	0	1
2321	0	3	18	3072	0	1
2321	1	24	1	3068	0	1
2321	2	0	1	3068	0	1
2321	2	1	4	3065	0	1
2321	2	3	39	3055	0	1
2321	2	8	1	3068	0	1
2321	2	11	158	2987	0	1
2321	2	16	1	3068	0	1
2321	2	17	1	3066	0	1
2321	2	18	36	3053	0	1
2321	2	19	547	2759	0	1
2321	3	0	1607	2051	0	1
2321	4	18	4	3066	0	1
2321	5	18	1	3067	0	1
2321	6	8	7	3064	0	1
2321	6	9	2	3065	0	1
2321	6	12	20	3055	0	1
2321	6	13	8	3061	0	1
2321	6	18	1	3067	0	1
2321	6	22	1	3067	0	1
2321	6	26	6	3070	0	1
2321	6	30	17	3068	0	1
2321	7	2	16	3063	0	1
2321	7	3	86	3046	0	1
2321	7	8	1	3066	0	1
2321	7	9	6	3067	0	1
2321	7	10	62	3057	0	1
2321	7	11	435	2951	0	1
2321	7	17	88	3059	0	1
2321	7	25	102	3027	0	1
2321	8	8	13	3065	0	1
2321	10	0	16	3069	0	1
2321	10	8	19	3067	0	1
2321	10	16	3	3064	0	1
2321	10	18	7	3067	0	1
2321	10	19	6	3067	0	1
2321	10	24	6	3062	0	1
2321	10	27	16	3067	0	1
2321	11	0	9	3069	0	1
2321	11	1	1	3068	0	1
2321	11	2	2	3066	0	1
2321	11	3	33	3068	0	1
2321	11	4	31	3068	0	1
2321	11	6	2	3065	0	1
2321	11	7	5	3069	0	1
2321	11	8	13	3072	0	1
2321	11	10	5	3066	0	1
2321	11	14	2	3065	0	1
2321	11	16	93	3055	0	1
2321	11	18	3	3066	0	1
2321	11	19	23	3061	0	1
2321	11	24	130	3035	0	1
2321	11	27	166	2991	0	1
2321	12	16	28	3055	0	1
2321	12	17	758	2588	0	1
2321	12	20	652	2778	0	1
2321	12	24	327	2771	0	1
2321	12	25	1788	1615	0	1
2321	13	0	2115	1319	0	1
2321	13	16	3350	723	0	1
2322	0	17	1	3067	0	1
2322	0	18	2	3068	0	1
2322	0	19	34	3071	0	1
2322	0	25	2	3066	0	1
2322	0	27	64	3073	0	1
2322	1	0	3	3068	0	1
2322	1	2	6	3072	0	1
2322	1	4	8	3066	0	1
2322	1	6	56	3064	0	1
2322	1	8	13	3063	0	1
2322	1	10	11	3072	0	1
2322	1	16	20	3066	0	1
2322	1	18	156	3044	0	1
2322	10	16	18	3067	0	1
2322	10	17	3	3066	0	1
2322	10	18	3	3064	0	1
2322	10	19	4	3065	0	1
2322	10	25	4	3066	0	1
2322	10	27	7	3063	0	1
2322	11	16	73	3056	0	1
2322	11	19	5	3067	0	1
2322	11	26	2	3065	0	1
2322	11	27	6	3066	0	1
2323	0	16	1	3066	0	1
2323	0	17	1	3067	0	1
2323	0	18	2	3067	0	1
2323	0	19	4	3069	0	1
2323	0	26	3	3068	0	1
2323	1	4	1	3068	0	1
2323	1	6	1	3068	0	1
2323	1	14	4	3067	0	1
2323	1	16	3	3064	0	1
2323	1	18	9	3065	0	1
2323	1	24	9	3061	0	1
2323	1	26	19	3061	0	1
2323	4	0	3	3066	0	1
2323	4	8	4	3066	0	1
2323	6	18	24	3075	0	1
2323	6	22	12	3071	0	1
2323	6	26	37	3065	0	1
2323	6	30	121	3054	0	1
2323	7	17	41	3065	0	1
2323	7	25	858	2668	0	1
2323	10	0	9	3066	0	1
2323	10	8	11	3066	0	1
2323	10	16	7	3067	0	1
2323	10	17	1	3066	0	1
2323	10	18	3	3066	0	1
2323	10	19	10	3071	0	1
2323	10	24	16	3063	0	1
2323	10	26	13	3065	0	1
2323	11	16	82	3065	0	1
2323	11	18	1	3066	0	1
2323	11	19	11	3061	0	1
2323	11	26	1	3066	0	1
2323	12	0	362	2915	0	1
2323	12	1	101	3058	0	1
2323	12	2	3	3065	0	1
2323	12	3	10	3063	0	1
2323	12	8	541	2802	0	1
2323	12	9	139	3031	0	1
2324	4	3	308	3018	0	1
2325	4	1	308	3018	0	1
2325	4	2	308	3018	0	1
2326	4	6	2	3067	0	1
2326	5	23	12	3067	0	1
2326	12	15	1	3067	0	1
2326	12	31	2	3068	0	1
2327	4	17	3	3065	0	1
2328	4	18	3	3065	0	1
2328	5	23	219	3058	0	1
2328	12	12	1	3067	0	1
2328	12	28	2	3068	0	1
2328	16	9	2	3067	0	1
2329	2	20	2	3067	0	1
2329	2	23	2	3067	0	1
2329	4	20	4	3068	0	1
2329	4	23	7	3071	0	1
2329	5	16	112	3019	0	1
2329	5	21	219	3058	0	1
2329	12	13	1	3067	0	1
2330	3	3	53	3076	0	1
2330	4	6	3	3068	0	1
2330	4	16	3	3065	0	1
2330	14	7	34	3071	0	1
2330	15	23	3	3069	0	1
2330	16	8	2	3067	0	1
2331	1	28	1	3066	0	1
2331	3	10	2	3067	0	1
2331	4	7	2	3067	0	1
2331	4	17	3	3065	0	1
2331	5	17	112	3019	0	1
2331	16	9	3	3068	0	1
2332	1	3	279	2861	0	1
2332	1	29	3	3068	0	1
2332	2	27	705	2606	0	1
2332	3	5	6	3065	0	1
2332	3	11	2	3067	0	1
2332	3	12	23	3068	0	1
2332	5	3	2	3068	0	1
2332	5	5	48	3067	0	1
2332	5	12	13	3066	0	1
2332	8	3	99	3050	0	1
2332	8	19	6	3064	0	1
2333	0	7	8	3069	0	1
2333	2	29	40	3072	0	1
2334	0	3	164	2943	0	1
2334	0	6	12	3070	0	1
2334	0	30	2	3068	0	1
2334	2	13	9	3073	0	1
2334	2	16	10	3067	0	1
2334	2	27	705	2606	0	1
2334	2	29	13	3070	0	1
2334	3	13	4	3068	0	1
2334	3	16	13	3065	0	1
2334	5	6	19	3069	0	1
2334	7	0	35	3073	0	1
2334	7	3	53	3076	0	1
2334	8	3	99	3050	0	1
2334	17	22	219	3058	0	1
2335	1	3	28	3048	0	1
2335	1	27	6	3066	0	1
2335	2	13	36	3076	0	1
2335	2	16	10	3067	0	1
2335	2	29	280	2975	0	1
2335	3	2	1	3066	0	1
2335	3	15	6	3067	0	1
2335	4	29	15	3067	0	1
2335	7	0	35	3073	0	1
2335	7	29	734	2745	0	1
2335	8	0	78	3067	0	1
2335	8	16	65	3065	0	1
2335	14	1	3	3069	0	1
2335	15	22	13	3071	0	1
2336	0	3	8	3062	0	1
2336	2	16	10	3067	0	1
2336	2	28	40	3072	0	1
2336	3	2	53	3076	0	1
2336	3	5	6	3065	0	1
2336	3	15	10	3068	0	1
2336	3	16	5	3067	0	1
2336	5	5	9	3067	0	1
2336	7	0	35	3073	0	1
2336	8	0	4	3067	0	1
2336	14	1	3	3069	0	1
2336	15	22	3	3069	0	1
2337	0	3	11	3059	0	1
2337	0	6	12	3070	0	1
2337	0	14	1	3067	0	1
2337	0	30	2	3068	0	1
2337	1	27	6	3067	0	1
2337	1	29	3	3068	0	1
2337	2	13	9	3073	0	1
2337	2	27	705	2606	0	1
2337	2	29	280	2975	0	1
2337	7	3	1	3066	0	1
2337	7	29	395	2839	0	1
2337	8	3	99	3050	0	1
2337	14	6	34	3071	0	1
2337	17	22	219	3058	0	1
2338	0	6	7	3070	0	1
2338	3	13	11	3074	0	1
2338	3	16	3	3066	0	1
2338	4	29	15	3067	0	1
2338	5	3	2	3067	0	1
2338	5	5	9	3067	0	1
2338	5	13	5	3069	0	1
2338	8	0	78	3067	0	1
2338	8	16	65	3065	0	1
2339	0	3	11	3059	0	1
2339	1	3	279	2861	0	1
2339	2	16	10	3067	0	1
2339	3	11	2	3067	0	1
2339	3	13	23	3068	0	1
2339	3	16	5	3067	0	1
2339	4	29	15	3067	0	1
2339	5	3	2	3067	0	1
2339	5	13	13	3066	0	1
2339	7	0	35	3073	0	1
2339	7	3	53	3076	0	1
2339	7	29	734	2745	0	1
2339	8	3	95	3050	0	1
2339	8	19	6	3064	0	1
2339	17	22	12	3067	0	1
2352	0	3	166	3061	0	1
2352	0	8	13	3064	0	1
2352	0	22	189	2908	0	1
2352	0	25	49	3040	0	1
2352	0	26	1	3066	0	1
2352	0	27	328	2801	0	1
2352	1	0	16	3062	0	1
2352	1	20	242	2849	0	1
2352	2	14	125	3015	0	1
2352	2	17	175	2984	0	1
2352	2	22	775	2463	0	1
2352	2	26	656	2647	0	1
2352	2	30	656	2647	0	1
2352	3	0	7	3063	0	1
2352	3	1	289	2910	0	1
2352	3	16	37	3066	0	1
2352	3	20	492	2724	0	1
2352	4	12	41	3066	0	1
2352	4	22	1171	2517	0	1
2352	4	26	2	3065	0	1
2352	4	30	12	3058	0	1
2352	5	0	1171	2517	0	1
2352	5	20	997	2440	0	1
2352	6	16	7	3061	0	1
2352	6	22	823	2673	0	1
2352	6	25	388	2920	0	1
2352	6	26	814	2674	0	1
2352	6	30	1	3068	0	1
2352	7	0	152	2942	0	1
2352	7	2	136	2952	0	1
2352	7	6	152	2942	0	1
2352	7	12	94	2998	0	1
2352	7	20	797	2742	0	1
2352	8	12	762	2705	0	1
2352	50	14	2274	1503	0	1
2353	0	1	166	3061	0	1
2353	0	2	166	3061	0	1
2353	0	11	7	3069	0	1
2353	0	16	272	2868	0	1
2353	0	17	272	2868	0	1
2353	0	21	161	2936	0	1
2353	0	24	328	2801	0	1
2353	0	25	130	2967	0	1
2353	0	26	49	3040	0	1
2353	0	29	224	2899	0	1
2353	1	3	10	3066	0	1
2353	1	19	56	3026	0	1
2353	2	7	27	3067	0	1
2353	2	17	944	2407	0	1
2353	2	19	96	3065	0	1
2353	2	21	775	2463	0	1
2353	2	25	264	3004	0	1
2353	2	29	264	3004	0	1
2353	3	3	705	2606	0	1
2353	3	7	20	3066	0	1
2353	3	9	705	2606	0	1
2353	3	15	433	2854	0	1
2353	3	19	78	3070	0	1
2353	4	15	132	3072	0	1
2353	4	16	1362	2420	0	1
2353	4	17	1362	2420	0	1
2353	4	21	1171	2517	0	1
2353	4	25	198	3050	0	1
2353	4	29	304	3037	0	1
2353	5	3	63	3056	0	1
2353	5	19	143	3035	0	1
2353	6	3	3	3064	0	1
2353	6	16	1895	1985	0	1
2353	6	17	1895	1985	0	1
2353	6	21	821	2673	0	1
2353	6	25	1611	2302	0	1
2353	6	26	388	2920	0	1
2353	6	29	1800	2187	0	1
2353	6	31	56	3036	0	1
2353	7	3	210	2993	0	1
2353	7	5	152	2942	0	1
2353	7	8	152	2942	0	1
2353	7	19	492	2915	0	1
2353	8	16	1	3068	0	1
2353	8	21	1	3068	0	1
2354	1	23	6	3068	0	1
2354	4	11	2	3066	0	1
2354	4	27	3	3066	0	1
2354	6	11	28	3054	0	1
2354	6	31	93	3025	0	1
2354	7	6	66	3070	0	1
2354	7	7	7	3068	0	1
2354	7	15	305	2894	0	1
2354	8	6	29	3062	0	1
2354	8	7	26	3062	0	1
2354	9	6	450	2951	0	1
2354	9	7	22	3061	0	1
2354	50	20	2274	1503	0	1
2354	50	21	2274	1503	0	1
2355	0	5	1	3067	0	1
2355	4	4	2	3068	0	1
2355	4	10	7	3070	0	1
2355	4	26	18	3069	0	1
2355	6	10	85	3062	0	1
2355	6	30	170	2979	0	1
2355	7	14	1717	2133	0	1
2355	8	30	1	3068	0	1
2355	13	16	8	3064	0	1
2356	1	23	166	3061	0	1
2356	4	6	1	3067	0	1
2356	8	7	29	3062	0	1
2356	50	22	2274	1503	0	1
2357	0	4	1	3067	0	1
2357	1	21	166	3061	0	1
2357	4	7	2	3068	0	1
2357	4	9	7	3070	0	1
2357	4	25	3	3070	0	1
2357	6	9	85	3062	0	1
2357	6	29	170	2979	0	1
2357	6	30	93	3025	0	1
2357	7	13	348	2847	0	1
2357	13	19	80	3044	0	1
2357	50	20	2274	1503	0	1
2357	50	21	2274	1503	0	1
2358	0	15	21	3067	0	1
2358	2	7	16	3051	0	1
2358	2	9	2152	1949	0	1
2358	2	15	2	3067	0	1
2358	3	1	10	3068	0	1
2358	4	10	4	3070	0	1
2358	4	26	18	3069	0	1
2358	6	3	2	3067	0	1
2358	6	10	45	3051	0	1
2358	6	30	82	3027	0	1
2358	7	6	13	3068	0	1
2358	7	14	1717	2133	0	1
2358	8	30	1	3068	0	1
2358	9	23	62	3061	0	1
2358	11	7	1225	2598	0	1
2358	13	16	80	3044	0	1
2358	13	21	100	3075	0	1
2359	0	10	7	3066	0	1
2359	0	26	9	3062	0	1
2359	1	4	6	3062	0	1
2359	1	26	169	2926	0	1
2359	2	8	21	3067	0	1
2359	2	10	3	3064	0	1
2359	2	12	1	3066	0	1
2359	2	16	122	3042	0	1
2359	2	20	4	3063	0	1
2359	2	28	10	3069	0	1
2359	3	0	1525	2230	0	1
2359	3	4	7	3063	0	1
2359	3	12	271	3007	0	1
2359	3	16	628	2792	0	1
2359	3	26	7	3063	0	1
2359	3	28	4	3067	0	1
2359	4	4	38	3066	0	1
2359	4	5	2	3068	0	1
2359	4	10	3	3064	0	1
2359	4	20	1	3068	0	1
2359	4	22	3	3068	0	1
2359	4	26	7	3063	0	1
2359	5	0	6	3067	0	1
2359	5	4	820	2695	0	1
2359	6	10	364	2991	0	1
2359	6	11	37	3054	0	1
2359	6	16	1	3068	0	1
2359	6	20	203	2984	0	1
2359	6	30	122	2981	0	1
2359	7	4	53	3034	0	1
2359	7	7	66	3070	0	1
2359	7	12	20	3068	0	1
2359	7	15	273	2904	0	1
2359	9	7	450	2951	0	1
2359	9	14	766	2709	0	1
2359	10	0	268	2879	0	1
2359	20	0	319	2987	0	1
2360	1	5	7	3063	0	1
2360	1	30	2	3068	0	1
2360	2	1	8	3065	0	1
2360	2	6	16	3060	0	1
2360	2	9	4	3067	0	1
2360	2	11	4	3063	0	1
2360	2	13	3	3068	0	1
2360	2	16	1	3066	0	1
2360	3	1	1524	2231	0	1
2360	3	4	6	3064	0	1
2360	3	5	5	3065	0	1
2360	3	12	9	3070	0	1
2360	3	13	6	3067	0	1
2360	3	22	46	3069	0	1
2360	3	26	5	3064	0	1
2360	3	28	5	3067	0	1
2360	4	1	315	3037	0	1
2360	4	6	1678	2193	0	1
2360	4	7	16	3063	0	1
2360	4	23	1	3066	0	1
2360	6	10	46	3057	0	1
2360	6	17	3	3068	0	1
2360	6	23	2	3069	0	1
2360	7	12	35	3073	0	1
2360	7	19	99	3050	0	1
2360	7	25	339	2907	0	1
2360	8	0	1	3068	0	1
2360	8	5	61	3057	0	1
2360	8	6	12	3066	0	1
2360	8	22	53	3059	0	1
2360	8	30	152	2942	0	1
2360	10	21	187	2929	0	1
2360	13	4	703	2543	0	1
2360	20	1	375	2983	0	1
2361	0	15	4	3067	0	1
2361	0	31	201	2914	0	1
2361	1	4	641	2530	0	1
2361	2	6	12	3055	0	1
2361	2	7	49	3035	0	1
2361	2	15	1	3066	0	1
2361	2	22	16	3051	0	1
2361	2	23	11	3056	0	1
2361	3	0	10	3068	0	1
2361	3	1	5	3068	0	1
2361	3	3	218	2915	0	1
2361	3	30	9	3068	0	1
2361	4	2	2	3067	0	1
2361	4	3	1	3066	0	1
2361	4	4	703	2543	0	1
2361	4	6	12	3055	0	1
2361	4	7	16	3051	0	1
2361	5	6	43	3075	0	1
2361	5	7	7	3074	0	1
2361	5	13	120	3020	0	1
2361	5	23	216	3051	0	1
2361	5	26	250	2873	0	1
2361	6	0	412	2825	0	1
2361	6	1	322	2888	0	1
2361	6	3	1025	2626	0	1
2361	6	14	17	3068	0	1
2361	6	15	24	3067	0	1
2361	6	16	70	3062	0	1
2361	6	17	60	3074	0	1
2361	7	2	330	2984	0	1
2361	7	3	551	2938	0	1
2361	7	6	1121	2582	0	1
2361	7	7	99	3007	0	1
2361	10	31	372	2975	0	1
2361	21	7	2	3065	0	1
2362	0	6	2	3066	0	1
2362	0	11	7	3067	0	1
2362	0	14	3	3066	0	1
2362	0	27	9	3062	0	1
2362	1	5	2	3066	0	1
2362	1	27	7	3063	0	1
2362	2	7	1941	1991	0	1
2362	2	9	1	3068	0	1
2362	2	11	1	3066	0	1
2362	2	21	1	3066	0	1
2362	2	29	6	3065	0	1
2362	3	0	8	3068	0	1
2362	3	1	584	2756	0	1
2362	3	2	218	2915	0	1
2362	3	5	3	3065	0	1
2362	3	13	2	3068	0	1
2362	3	27	7	3063	0	1
2362	3	29	5	3067	0	1
2362	3	30	16	3068	0	1
2362	4	1	6	3067	0	1
2362	4	5	3	3069	0	1
2362	4	7	16	3069	0	1
2362	4	11	1	3066	0	1
2362	4	21	3	3067	0	1
2362	4	23	1	3066	0	1
2362	4	27	6	3062	0	1
2362	5	1	2	3065	0	1
2362	5	2	48	3064	0	1
2362	5	5	354	2914	0	1
2362	6	0	781	2699	0	1
2362	6	11	46	3056	0	1
2362	6	14	21	3069	0	1
2362	6	21	39	3056	0	1
2362	7	2	280	3005	0	1
2362	7	6	87	3018	0	1
2362	7	13	19	3072	0	1
2362	7	19	99	3050	0	1
2362	7	25	7	3066	0	1
2362	8	1	2	3067	0	1
2362	8	6	83	3060	0	1
2362	8	23	2	3069	0	1
2362	8	31	35	3035	0	1
2362	9	6	47	3063	0	1
2362	9	17	1285	2551	0	1
2362	9	22	1	3066	0	1
2362	10	6	959	2686	0	1
2362	10	15	152	2942	0	1
2362	10	21	268	2879	0	1
2362	10	22	2	3069	0	1
2362	11	8	25	3073	0	1
2362	19	6	66	3070	0	1
2362	20	1	3	3065	0	1
2362	20	6	11	3062	0	1
2362	21	6	450	2951	0	1
2363	0	6	2	3066	0	1
2363	0	11	9	3067	0	1
2363	0	14	2	3067	0	1
2363	0	17	31	3055	0	1
2363	0	27	9	3062	0	1
2363	1	5	7	3063	0	1
2363	1	31	2	3069	0	1
2363	2	6	4	3063	0	1
2363	2	9	1	3068	0	1
2363	2	11	22	3050	0	1
2363	2	15	10	3066	0	1
2363	2	21	2	3065	0	1
2363	2	22	6	3061	0	1
2363	2	29	11	3069	0	1
2363	3	0	3	3068	0	1
2363	3	2	90	3003	0	1
2363	3	5	7	3063	0	1
2363	3	13	4	3068	0	1
2363	3	15	27	3057	0	1
2363	3	30	16	3068	0	1
2363	4	1	7	3065	0	1
2363	4	2	1	3068	0	1
2363	4	5	2	3067	0	1
2363	4	6	5	3062	0	1
2363	4	11	4	3063	0	1
2363	4	21	64	3070	0	1
2363	4	27	7	3063	0	1
2363	4	31	68	3056	0	1
2363	5	1	12	3067	0	1
2363	5	5	1133	2553	0	1
2363	5	6	8	3071	0	1
2363	5	22	4	3067	0	1
2363	6	0	308	2889	0	1
2363	6	2	4	3069	0	1
2363	6	11	50	3056	0	1
2363	6	14	11	3067	0	1
2363	6	16	6	3068	0	1
2363	6	17	2	3067	0	1
2363	6	21	323	2928	0	1
2363	6	31	360	2862	0	1
2363	7	2	340	2992	0	1
2363	7	6	100	3007	0	1
2363	7	13	5	3068	0	1
2363	8	1	3	3068	0	1
2363	9	15	11	3068	0	1
2363	9	22	2	3067	0	1
2363	10	15	721	2697	0	1
2363	11	6	3	3068	0	1
2363	21	6	1	3066	0	1
2364	0	6	1	3067	0	1
2364	0	14	21	3067	0	1
2364	2	1	11	3069	0	1
2364	2	6	10	3057	0	1
2364	2	15	10	3066	0	1
2364	2	17	14	3068	0	1
2364	2	22	6	3061	0	1
2364	3	0	10	3068	0	1
2364	3	2	218	2915	0	1
2364	4	2	2	3067	0	1
2364	4	4	703	2543	0	1
2364	4	31	68	3056	0	1
2364	5	2	48	3064	0	1
2364	5	12	2	3067	0	1
2364	5	26	250	2873	0	1
2364	6	0	284	2903	0	1
2364	6	2	1025	2626	0	1
2364	6	14	14	3071	0	1
2364	6	16	48	3080	0	1
2364	6	31	152	2960	0	1
2364	7	2	482	2958	0	1
2364	8	1	3	3068	0	1
2364	9	22	3	3068	0	1
2364	10	6	1	3068	0	1
2364	10	22	2	3069	0	1
2364	11	6	1225	2598	0	1
2365	0	11	7	3065	0	1
2365	2	7	22	3069	0	1
2365	2	9	2	3067	0	1
2365	3	1	1525	2230	0	1
2365	3	13	6	3069	0	1
2365	3	17	19	3063	0	1
2365	4	1	315	3037	0	1
2365	4	5	3	3067	0	1
2365	4	7	1678	2193	0	1
2365	4	21	3	3067	0	1
2365	4	23	3	3068	0	1
2365	4	31	7	3070	0	1
2365	5	1	12	3067	0	1
2365	5	12	2	3067	0	1
2365	6	17	3	3068	0	1
2365	6	23	2	3069	0	1
2365	6	31	102	2999	0	1
2365	7	25	339	2907	0	1
2365	8	1	3	3068	0	1
2365	8	23	2	3069	0	1
2365	8	31	152	2942	0	1
2365	9	6	2	3067	0	1
2365	9	15	22	3067	0	1
2365	9	17	1	3066	0	1
2365	10	15	152	2942	0	1
2365	13	20	100	3075	0	1
2365	19	6	66	3070	0	1
2365	20	6	11	3062	0	1
2365	21	6	450	2951	0	1
2366	0	6	2	3066	0	1
2366	0	11	9	3067	0	1
2366	0	27	9	3062	0	1
2366	1	5	7	3063	0	1
2366	1	27	169	2926	0	1
2366	2	1	11	3069	0	1
2366	2	7	9	3069	0	1
2366	2	8	2152	1949	0	1
2366	2	9	21	3067	0	1
2366	2	11	22	3050	0	1
2366	2	13	3	3068	0	1
2366	2	15	3	3067	0	1
2366	2	17	8	3068	0	1
2366	2	21	4	3063	0	1
2366	2	29	11	3069	0	1
2366	3	1	1492	2246	0	1
2366	3	5	7	3063	0	1
2366	3	13	271	3007	0	1
2366	3	17	9	3065	0	1
2366	3	23	6	3064	0	1
2366	3	27	7	3063	0	1
2366	3	29	5	3067	0	1
2366	4	5	38	3066	0	1
2366	4	11	4	3063	0	1
2366	4	21	64	3070	0	1
2366	4	23	2	3067	0	1
2366	4	27	7	3063	0	1
2366	4	31	9	3070	0	1
2366	5	1	6	3067	0	1
2366	5	5	1133	2553	0	1
2366	6	11	364	2991	0	1
2366	6	21	323	2928	0	1
2366	7	13	35	3073	0	1
2366	7	19	99	3050	0	1
2366	7	25	5	3068	0	1
2366	8	6	2	3067	0	1
2366	9	6	47	3063	0	1
2366	9	17	1	3066	0	1
2366	10	6	959	2686	0	1
2366	10	21	268	2879	0	1
2366	10	30	551	2938	0	1
2366	11	25	2	3066	0	1
2366	13	5	703	2543	0	1
2366	13	20	9	3067	0	1
2367	0	6	2	3066	0	1
2367	1	4	641	2530	0	1
2367	2	6	49	3035	0	1
2367	2	7	1941	1991	0	1
2367	2	8	4	3067	0	1
2367	2	14	2	3067	0	1
2367	2	22	16	3051	0	1
2367	3	0	10	3068	0	1
2367	3	2	217	2916	0	1
2367	3	17	20	3064	0	1
2367	3	23	6	3064	0	1
2367	3	30	16	3068	0	1
2367	4	2	2	3067	0	1
2367	4	5	3	3067	0	1
2367	4	6	16	3051	0	1
2367	5	6	15	3073	0	1
2367	5	12	1	3066	0	1
2367	5	22	216	3051	0	1
2367	6	0	781	2699	0	1
2367	6	2	4	3068	0	1
2367	6	14	24	3067	0	1
2367	6	16	70	3062	0	1
2367	6	31	218	2915	0	1
2367	7	2	551	2938	0	1
2367	7	6	1121	2582	0	1
2367	8	6	1	3066	0	1
2367	9	15	766	2709	0	1
2367	9	17	1285	2551	0	1
2367	10	1	268	2879	0	1
2367	10	6	1	3068	0	1
2367	11	6	3	3068	0	1
2367	11	8	25	3073	0	1
2368	0	1	3	3069	0	1
2368	0	13	13	3065	0	1
2368	0	18	2	3065	0	1
2368	0	26	10	3066	0	1
2368	0	27	5	3068	0	1
2368	1	10	4	3067	0	1
2368	1	24	17	3064	0	1
2368	3	12	9	3070	0	1
2368	4	2	2	3069	0	1
2368	4	6	6	3064	0	1
2368	4	19	9	3066	0	1
2368	4	23	5	3065	0	1
2368	5	6	226	3043	0	1
2368	5	10	218	2915	0	1
2368	5	14	315	3037	0	1
2368	5	28	149	3079	0	1
2368	6	3	99	3050	0	1
2368	6	9	441	2967	0	1
2368	6	13	551	2938	0	1
2368	6	27	65	3066	0	1
2368	7	1	212	3009	0	1
2368	7	3	687	2768	0	1
2368	7	9	14	3069	0	1
2368	7	10	17	3065	0	1
2368	11	22	268	2879	0	1
2369	0	1	3	3069	0	1
2369	0	13	7	3064	0	1
2369	0	20	5	3068	0	1
2369	0	25	5	3064	0	1
2369	0	26	8	3067	0	1
2369	1	5	49	3040	0	1
2369	1	22	14	3060	0	1
2369	1	29	14	3060	0	1
2369	2	1	52	3041	0	1
2369	2	11	17	3064	0	1
2369	2	26	6	3065	0	1
2369	2	31	1	3066	0	1
2369	3	0	218	2915	0	1
2369	3	12	9	3070	0	1
2369	3	28	2	3067	0	1
2369	4	5	16	3069	0	1
2369	4	21	1200	2299	0	1
2369	5	9	1510	2203	0	1
2369	5	10	174	2942	0	1
2369	5	21	5	3066	0	1
2369	6	3	90	3050	0	1
2369	6	11	1383	2490	0	1
2369	6	17	11	3067	0	1
2369	7	3	509	2779	0	1
2369	7	10	81	3071	0	1
2369	7	25	614	2922	0	1
2369	10	25	26	3059	0	1
2369	10	27	18	3065	0	1
2370	0	13	3	3066	0	1
2370	0	19	5	3066	0	1
2370	1	19	12	3065	0	1
2370	1	21	31	3058	0	1
2370	1	23	14	3060	0	1
2370	1	29	250	2873	0	1
2370	2	2	719	2505	0	1
2370	2	6	697	2488	0	1
2370	2	10	18	3065	0	1
2370	2	18	11	3065	0	1
2370	3	1	218	2915	0	1
2370	3	13	8	3069	0	1
2370	3	14	11	3069	0	1
2370	4	18	2	3067	0	1
2370	4	22	3	3065	0	1
2370	4	29	69	3073	0	1
2370	5	5	1	3068	0	1
2370	5	8	1190	2397	0	1
2370	5	15	7	3065	0	1
2370	5	20	232	3047	0	1
2370	6	0	22	3069	0	1
2370	6	8	9	3068	0	1
2370	6	11	37	3072	0	1
2370	6	12	476	2950	0	1
2370	6	20	281	3002	0	1
2370	7	0	324	2997	0	1
2370	8	27	331	2909	0	1
2371	0	13	2	3067	0	1
2371	0	21	2	3068	0	1
2371	1	4	59	3040	0	1
2371	1	8	1	3066	0	1
2371	1	21	28	3057	0	1
2371	1	25	16	3065	0	1
2371	2	8	10	3068	0	1
2371	3	13	68	3056	0	1
2371	3	16	641	2530	0	1
2371	4	5	1	3066	0	1
2371	4	20	1192	2422	0	1
2371	5	0	39	3067	0	1
2371	5	5	2	3067	0	1
2371	5	7	16	3064	0	1
2371	5	27	6	3064	0	1
2371	6	10	26	3050	0	1
2371	7	8	4	3068	0	1
2371	8	6	2	3067	0	1
2371	9	2	3	3066	0	1
2371	9	8	2	3067	0	1
2371	10	2	49	3052	0	1
2371	11	1	233	2929	0	1
2372	0	1	3	3069	0	1
2372	0	13	17	3064	0	1
2372	0	21	31	3058	0	1
2372	0	22	18	3060	0	1
2372	1	5	19	3055	0	1
2372	1	9	6	3065	0	1
2372	1	10	13	3062	0	1
2372	1	11	36	3039	0	1
2372	1	13	75	3033	0	1
2372	1	20	31	3058	0	1
2372	1	22	14	3060	0	1
2372	1	29	14	3060	0	1
2372	2	1	67	3029	0	1
2372	2	3	364	2783	0	1
2372	2	9	8	3067	0	1
2372	2	21	192	2936	0	1
2372	2	22	218	2915	0	1
2372	2	31	1	3066	0	1
2372	3	0	217	2916	0	1
2372	3	1	5	3066	0	1
2372	3	2	6	3067	0	1
2372	3	9	115	3002	0	1
2372	3	15	7	3068	0	1
2372	3	26	11	3069	0	1
2372	3	31	396	2878	0	1
2372	4	5	8	3069	0	1
2372	4	19	2	3067	0	1
2372	4	23	3	3065	0	1
2372	4	29	137	3077	0	1
2372	4	30	298	3041	0	1
2372	5	1	2	3069	0	1
2372	5	2	71	3076	0	1
2372	5	9	917	2728	0	1
2372	5	19	5	3065	0	1
2372	5	21	9	3062	0	1
2372	6	3	50	3054	0	1
2372	6	9	16	3063	0	1
2372	6	10	35	3073	0	1
2372	6	11	38	3057	0	1
2372	6	13	403	2967	0	1
2372	6	17	4	3066	0	1
2372	6	21	553	2934	0	1
2372	7	1	614	2922	0	1
2372	7	3	359	2857	0	1
2372	7	9	14	3069	0	1
2372	8	7	2	3067	0	1
2373	0	1	1	3068	0	1
2373	0	10	1	3067	0	1
2373	0	12	3	3066	0	1
2373	0	18	5	3066	0	1
2373	0	20	5	3068	0	1
2373	0	21	10	3064	0	1
2373	0	22	59	3040	0	1
2373	0	26	8	3067	0	1
2373	1	9	6	3065	0	1
2373	1	10	13	3062	0	1
2373	1	11	6	3066	0	1
2373	1	20	31	3058	0	1
2373	1	22	14	3060	0	1
2373	1	24	7	3063	0	1
2373	2	1	115	3002	0	1
2373	2	3	719	2505	0	1
2373	2	11	18	3065	0	1
2373	2	21	218	2915	0	1
2373	2	22	192	2936	0	1
2373	2	25	171	2960	0	1
2373	2	26	3	3066	0	1
2373	3	0	80	3003	0	1
2373	3	1	3	3066	0	1
2373	3	2	9	3068	0	1
2373	3	8	171	2960	0	1
2373	3	10	719	2505	0	1
2373	3	12	9	3070	0	1
2373	3	26	11	3069	0	1
2373	3	28	1	3066	0	1
2373	4	4	1	3066	0	1
2373	4	6	6	3067	0	1
2373	4	28	5	3063	0	1
2373	4	29	137	3077	0	1
2373	4	30	298	3041	0	1
2373	5	2	75	3074	0	1
2373	5	4	2	3065	0	1
2373	5	6	12	3062	0	1
2373	5	10	104	2992	0	1
2373	5	19	5	3065	0	1
2373	6	1	22	3070	0	1
2373	6	10	17	3066	0	1
2373	6	27	86	3073	0	1
2373	7	1	614	2922	0	1
2373	7	10	81	3071	0	1
2373	8	7	2	3067	0	1
2373	9	7	3	3064	0	1
2373	9	22	50	3022	0	1
2373	10	21	233	2929	0	1
2373	11	22	1	3066	0	1
2374	0	1	3	3069	0	1
2374	0	12	3	3066	0	1
2374	0	13	6	3065	0	1
2374	0	18	5	3066	0	1
2374	0	20	5	3068	0	1
2374	0	26	10	3064	0	1
2374	1	11	17	3064	0	1
2374	1	18	12	3065	0	1
2374	1	24	17	3064	0	1
2374	1	29	14	3060	0	1
2374	2	1	115	3002	0	1
2374	2	3	719	2505	0	1
2374	2	11	18	3065	0	1
2374	2	22	218	2915	0	1
2374	3	0	218	2915	0	1
2374	3	12	68	3056	0	1
2374	3	15	11	3069	0	1
2374	3	28	2	3067	0	1
2374	4	5	16	3069	0	1
2374	4	19	9	3066	0	1
2374	4	21	1525	2230	0	1
2374	4	23	5	3065	0	1
2374	4	28	69	3073	0	1
2374	5	9	1334	2288	0	1
2374	5	10	218	2915	0	1
2374	5	21	232	3047	0	1
2374	5	26	6	3064	0	1
2374	5	28	3	3067	0	1
2374	6	17	11	3067	0	1
2374	7	25	14	3068	0	1
2374	10	25	26	3059	0	1
2375	0	12	3	3066	0	1
2375	0	13	17	3064	0	1
2375	0	25	4	3064	0	1
2375	1	5	59	3040	0	1
2375	1	13	75	3033	0	1
2375	1	29	13	3060	0	1
2375	2	9	10	3068	0	1
2375	2	21	218	2915	0	1
2375	2	25	171	2960	0	1
2375	2	26	6	3065	0	1
2375	2	31	1	3066	0	1
2375	3	12	5	3069	0	1
2375	3	15	11	3069	0	1
2375	3	17	641	2530	0	1
2375	4	2	2	3069	0	1
2375	4	4	1	3066	0	1
2375	4	6	7	3066	0	1
2375	5	1	39	3067	0	1
2375	5	4	2	3067	0	1
2375	5	6	27	3057	0	1
2375	5	9	1510	2203	0	1
2375	5	10	195	2932	0	1
2375	5	14	315	3037	0	1
2375	5	21	5	3064	0	1
2375	5	26	1	3066	0	1
2375	5	28	149	3079	0	1
2375	6	3	99	3050	0	1
2375	6	9	441	2967	0	1
2375	6	11	1383	2490	0	1
2375	6	13	551	2938	0	1
2375	7	3	687	2768	0	1
2375	7	25	614	2922	0	1
2375	10	21	233	2929	0	1
2375	11	0	233	2929	0	1
2375	11	22	268	2879	0	1
2376	0	12	3	3066	0	1
2376	0	25	5	3064	0	1
2376	0	27	5	3068	0	1
2376	1	11	17	3064	0	1
2376	1	20	31	3058	0	1
2376	1	22	14	3060	0	1
2376	1	28	250	2873	0	1
2376	2	21	218	2915	0	1
2376	2	22	195	2932	0	1
2376	3	12	8	3069	0	1
2376	3	26	7	3068	0	1
2376	4	6	4	3068	0	1
2376	5	19	5	3065	0	1
2376	6	1	22	3069	0	1
2376	6	27	65	3066	0	1
2377	0	1	3	3069	0	1
2377	0	13	17	3064	0	1
2377	1	29	6	3063	0	1
2377	2	1	115	3002	0	1
2377	2	3	719	2505	0	1
2377	2	7	697	2488	0	1
2377	2	9	8	3069	0	1
2377	2	11	18	3065	0	1
2377	2	21	195	2932	0	1
2377	2	22	218	2915	0	1
2377	3	8	171	2960	0	1
2377	3	10	719	2505	0	1
2377	3	26	11	3069	0	1
2377	5	19	5	3065	0	1
2377	6	10	35	3073	0	1
2377	9	3	3	3066	0	1
2377	9	9	2	3067	0	1
2377	10	3	49	3052	0	1
2378	0	17	2	3065	0	1
2378	1	6	3	3070	0	1
2378	1	14	10	3066	0	1
2378	2	3	56	3025	0	1
2378	2	11	62	3024	0	1
2378	7	0	11	3063	0	1
2378	7	1	260	3000	0	1
2378	7	8	562	2735	0	1
2378	7	9	514	2817	0	1
2379	0	2	2	3066	0	1
2379	0	4	1	3066	0	1
2379	0	7	1	3068	0	1
2379	0	13	1	3067	0	1
2379	0	15	1	3068	0	1
2379	0	17	1	3068	0	1
2379	0	20	2	3065	0	1
2379	0	24	4	3065	0	1
2379	0	25	6	3063	0	1
2379	1	14	6	3061	0	1
2379	1	16	14	3060	0	1
2379	1	18	45	3047	0	1
2379	1	23	16	3060	0	1
2379	1	24	63	3028	0	1
2379	1	31	56	3025	0	1
2379	7	0	9	3067	0	1
2379	7	1	542	2938	0	1
2379	7	8	18	3063	0	1
2379	7	9	173	3018	0	1
2380	0	0	1	3067	0	1
2380	0	3	2	3068	0	1
2380	0	6	1	3066	0	1
2380	0	7	1	3066	0	1
2380	0	9	1	3066	0	1
2380	0	14	1	3066	0	1
2380	0	20	4	3068	0	1
2380	0	21	5	3065	0	1
2380	0	28	6	3066	0	1
2380	1	2	17	3064	0	1
2380	1	10	30	3054	0	1
2380	2	9	41	3035	0	1
2380	2	24	719	2505	0	1
2380	2	26	62	3024	0	1
2380	3	0	218	2915	0	1
2380	3	8	86	3017	0	1
2380	3	16	218	2915	0	1
2380	3	24	429	2861	0	1
2380	4	0	1510	2203	0	1
2380	4	8	429	2861	0	1
2380	4	16	218	2915	0	1
2380	4	24	429	2861	0	1
2380	5	0	1525	2230	0	1
2380	5	8	1070	2317	0	1
2380	8	8	2	3067	0	1
2380	8	18	2	3067	0	1
2380	9	2	1	3066	0	1
2380	9	3	3	3066	0	1
2380	9	28	10	3064	0	1
2380	10	5	26	3059	0	1
2380	10	19	49	3052	0	1
2380	11	8	233	2929	0	1
2380	11	20	268	2879	0	1
2381	0	21	3	3070	0	1
2381	0	29	3	3070	0	1
2381	1	2	14	3061	0	1
2381	2	1	115	3002	0	1
2381	6	0	14	3069	0	1
2381	6	2	6	3068	0	1
2381	6	4	8	3068	0	1
2381	6	6	16	3068	0	1
2381	6	8	18	3069	0	1
2381	6	10	17	3071	0	1
2381	6	12	21	3072	0	1
2381	6	14	20	3072	0	1
2381	6	16	15	3067	0	1
2381	6	17	10	3065	0	1
2381	6	18	71	3073	0	1
2381	6	19	55	3068	0	1
2381	6	24	39	3061	0	1
2381	6	25	60	3056	0	1
2381	6	26	41	3064	0	1
2381	6	27	85	3058	0	1
2382	0	0	14	3065	0	1
2382	0	1	10	3066	0	1
2382	0	3	10	3066	0	1
2382	0	6	233	2957	0	1
2382	0	11	38	3055	0	1
2382	1	0	56	3026	0	1
2382	1	6	250	2873	0	1
2382	1	26	160	2929	0	1
2382	2	0	5	3066	0	1
2382	2	3	6	3065	0	1
2382	2	5	697	2488	0	1
2382	2	6	20	3071	0	1
2382	2	7	10	3068	0	1
2382	2	8	4	3069	0	1
2382	2	9	10	3068	0	1
2382	2	11	4	3069	0	1
2382	2	12	15	3069	0	1
2382	2	19	18	3065	0	1
2382	2	20	12	3066	0	1
2382	2	21	6	3066	0	1
2382	2	22	79	3061	0	1
2382	2	23	18	3065	0	1
2382	2	24	11	3069	0	1
2382	2	25	6	3067	0	1
2382	2	27	9	3068	0	1
2382	2	30	60	3074	0	1
2382	3	0	34	3083	0	1
2382	3	1	203	3018	0	1
2382	3	3	10	3069	0	1
2382	3	5	8	3069	0	1
2382	3	6	68	3056	0	1
2382	3	8	185	2994	0	1
2382	3	11	2	3067	0	1
2382	3	13	1	3068	0	1
2382	3	26	346	2749	0	1
2382	4	0	4	3070	0	1
2382	4	2	39	3067	0	1
2382	4	13	41	3066	0	1
2382	4	15	1	3068	0	1
2382	4	25	67	3068	0	1
2382	4	27	70	3072	0	1
2382	5	0	143	3035	0	1
2382	5	3	120	3077	0	1
2382	5	5	15	3073	0	1
2382	5	6	6	3069	0	1
2382	5	16	20	3062	0	1
2382	5	17	44	3058	0	1
2382	5	27	4	3065	0	1
2382	5	28	216	3051	0	1
2382	5	30	235	3055	0	1
2382	6	0	463	2966	0	1
2382	6	2	395	2989	0	1
2382	6	3	17	3060	0	1
2382	6	4	22	3069	0	1
2382	6	5	35	3073	0	1
2382	6	13	555	2932	0	1
2382	6	15	107	3021	0	1
2382	6	24	65	3032	0	1
2382	6	25	272	2947	0	1
2382	6	27	931	2668	0	1
2382	6	28	48	3060	0	1
2382	6	29	99	3050	0	1
2382	7	0	492	2915	0	1
2382	7	2	18	3060	0	1
2382	7	3	2297	1805	0	1
2382	7	5	1693	2181	0	1
2382	7	9	781	2699	0	1
2382	8	14	762	2705	0	1
2382	9	9	6	3071	0	1
2382	10	6	762	2705	0	1
2382	10	11	762	2705	0	1
2382	11	21	268	2879	0	1
2383	0	0	9	3067	0	1
2383	0	2	9	3067	0	1
2383	0	12	7	3069	0	1
2383	0	13	7	3069	0	1
2383	0	14	3	3067	0	1
2383	0	25	15	3058	0	1
2383	0	26	9	3062	0	1
2383	1	0	242	2849	0	1
2383	1	3	36	3044	0	1
2383	1	5	7	3063	0	1
2383	1	16	16	3060	0	1
2383	1	17	56	3025	0	1
2383	1	30	169	2926	0	1
2383	2	0	346	2749	0	1
2383	2	2	395	2711	0	1
2383	2	8	11	3056	0	1
2383	2	10	977	2445	0	1
2383	2	11	697	2488	0	1
2383	2	12	108	3006	0	1
2383	2	14	46	3032	0	1
2383	2	25	346	2749	0	1
2383	2	26	7	3063	0	1
2383	3	0	448	2751	0	1
2383	3	3	346	2749	0	1
2383	3	5	7	3063	0	1
2383	3	13	2	3067	0	1
2383	3	30	7	3063	0	1
2383	4	0	346	2749	0	1
2383	4	2	7	3063	0	1
2383	4	12	211	2919	0	1
2383	4	25	346	2749	0	1
2383	4	26	7	3063	0	1
2383	5	0	997	2440	0	1
2383	5	3	1525	2230	0	1
2383	5	5	1133	2553	0	1
2383	6	0	14	3069	0	1
2383	6	7	15	3070	0	1
2383	6	8	35	3073	0	1
2383	6	9	15	3070	0	1
2383	6	10	32	3076	0	1
2383	6	15	2	3065	0	1
2383	6	19	99	3050	0	1
2383	6	20	61	3057	0	1
2383	6	21	113	3045	0	1
2383	6	24	65	3066	0	1
2383	6	25	81	3071	0	1
2383	6	26	52	3066	0	1
2383	6	30	5	3063	0	1
2383	7	0	502	2956	0	1
2383	7	3	553	2934	0	1
2383	7	4	551	2938	0	1
2383	7	5	416	2953	0	1
2383	7	8	654	2730	0	1
2383	7	12	687	2768	0	1
2383	8	14	2	3067	0	1
2383	8	25	1	3068	0	1
2383	8	26	1	3068	0	1
2383	9	8	6	3071	0	1
2383	9	16	3	3064	0	1
2383	9	21	11	3070	0	1
2383	9	25	11	3070	0	1
2383	10	7	25	3073	0	1
2383	10	10	25	3073	0	1
2383	10	12	26	3059	0	1
2383	10	21	70	3054	0	1
2383	11	8	94	3030	0	1
2383	11	11	94	3030	0	1
2383	11	25	268	2879	0	1
2383	12	7	703	2543	0	1
2383	12	9	703	2543	0	1
2383	12	10	703	2543	0	1
2384	4	17	1	3068	0	1
2384	4	20	1	3068	0	1
2384	4	21	65	3073	0	1
2384	4	25	2	3069	0	1
2384	4	29	126	3071	0	1
2384	5	0	1	3066	0	1
2384	5	2	1	3067	0	1
2384	5	4	3	3068	0	1
2384	5	6	130	3074	0	1
2384	5	8	1	3066	0	1
2384	5	10	2	3066	0	1
2384	5	16	2	3066	0	1
2384	5	17	3	3066	0	1
2384	5	18	2	3067	0	1
2384	5	19	285	3044	0	1
2384	5	25	7	3065	0	1
2384	5	26	2	3067	0	1
2385	0	8	9	3067	0	1
2385	0	12	4	3066	0	1
2385	2	1	2	3065	0	1
2385	2	3	4	3067	0	1
2385	2	9	7	3069	0	1
2385	2	11	7	3067	0	1
2385	3	0	1	3068	0	1
2385	3	1	2	3067	0	1
2385	3	4	8	3069	0	1
2385	3	5	66	3056	0	1
2385	3	8	1	3068	0	1
2385	3	9	1	3066	0	1
2385	3	12	23	3059	0	1
2385	3	13	137	3012	0	1
2385	4	17	1	3066	0	1
2385	4	20	3	3066	0	1
2385	4	21	1	3067	0	1
2385	4	24	1	3068	0	1
2385	4	28	4	3067	0	1
2385	5	0	1	3068	0	1
2385	5	4	1	3068	0	1
2385	5	6	6	3069	0	1
2385	5	12	4	3067	0	1
2385	5	14	11	3066	0	1
2385	5	17	3	3068	0	1
2385	5	18	1	3068	0	1
2385	5	19	2	3067	0	1
2385	5	24	3	3064	0	1
2385	5	26	4	3069	0	1
2386	0	8	10	3066	0	1
2386	1	12	250	2873	0	1
2386	2	1	1	3066	0	1
2386	2	3	3	3068	0	1
2386	2	9	3	3066	0	1
2386	2	17	4	3068	0	1
2386	2	19	7	3068	0	1
2386	2	25	5	3068	0	1
2386	2	27	17	3070	0	1
2386	4	0	1	3068	0	1
2386	4	4	3	3069	0	1
2386	4	8	1	3068	0	1
2386	4	12	38	3066	0	1
2386	4	16	1	3066	0	1
2386	4	24	1	3066	0	1
2386	4	29	2	3069	0	1
2386	5	0	1	3066	0	1
2386	5	4	1	3066	0	1
2386	5	6	6	3067	0	1
2386	5	12	2	3065	0	1
2386	5	16	1	3066	0	1
2386	5	17	2	3065	0	1
2386	5	18	1	3066	0	1
2386	5	19	7	3064	0	1
2386	5	25	4	3067	0	1
2386	5	27	12	3063	0	1
2386	6	0	3	3069	0	1
2386	6	1	8	3065	0	1
2386	6	2	6	3068	0	1
2386	6	3	16	3065	0	1
2386	6	8	5	3069	0	1
2386	6	10	39	3047	0	1
2386	6	11	63	3039	0	1
2386	6	16	53	3052	0	1
2386	6	18	1383	2490	0	1
2386	7	0	2297	1805	0	1
2387	0	24	46	3048	0	1
2387	2	17	2	3067	0	1
2387	2	19	7	3067	0	1
2387	2	25	13	3064	0	1
2387	2	27	14	3065	0	1
2387	4	16	1	3068	0	1
2387	4	20	3	3066	0	1
2387	4	21	5	3069	0	1
2387	4	28	4	3066	0	1
2387	5	2	2	3068	0	1
2387	5	4	1	3068	0	1
2387	5	6	1	3068	0	1
2387	5	14	1	3068	0	1
2387	5	16	2	3065	0	1
2387	5	17	2	3068	0	1
2387	5	18	1	3068	0	1
2387	5	19	11	3064	0	1
2387	5	24	4	3065	0	1
2387	5	27	19	3063	0	1
2387	6	0	6	3064	0	1
2387	6	1	18	3063	0	1
2387	6	2	9	3067	0	1
2387	6	3	581	2929	0	1
2387	6	9	51	3041	0	1
2388	0	3	72	3064	0	1
2388	0	12	20	3065	0	1
2388	0	22	633	2606	0	1
2388	0	26	856	2397	0	1
2388	0	29	312	2841	0	1
2388	0	30	546	2650	0	1
2388	1	0	751	2618	0	1
2388	1	20	1029	2204	0	1
2388	2	29	12	3064	0	1
2388	2	30	121	3058	0	1
2388	3	0	647	2917	0	1
2388	4	8	48	3071	0	1
2388	4	12	6	3071	0	1
2388	4	22	162	3062	0	1
2388	4	25	43	3074	0	1
2388	4	26	19	3061	0	1
2388	4	29	12	3060	0	1
2388	5	0	302	3024	0	1
2388	5	20	168	3059	0	1
2388	6	8	60	3043	0	1
2388	6	22	676	2782	0	1
2388	6	26	664	2781	0	1
2388	6	29	423	2862	0	1
2388	7	0	1145	2585	0	1
2388	7	20	644	2827	0	1
2388	8	25	10	3060	0	1
2388	8	29	476	2790	0	1
2388	9	4	23	3052	0	1
2388	9	20	32	3056	0	1
2388	10	22	153	2941	0	1
2388	10	26	286	2890	0	1
2388	11	0	153	2941	0	1
2388	11	20	203	2914	0	1
2388	12	22	1	3067	0	1
2388	13	20	1	3067	0	1
2388	14	8	9	3075	0	1
2388	14	12	77	3072	0	1
2388	14	22	36	3076	0	1
2388	14	27	18	3069	0	1
2388	14	30	43	3069	0	1
2388	15	0	15	3069	0	1
2388	15	20	20	3074	0	1
2388	16	8	2	3068	0	1
2388	16	30	306	2945	0	1
2389	0	1	72	3064	0	1
2389	0	2	72	3064	0	1
2389	0	15	33	3068	0	1
2389	0	16	705	2600	0	1
2389	0	17	705	2600	0	1
2389	0	20	312	2841	0	1
2389	0	21	633	2606	0	1
2389	0	25	73	3060	0	1
2389	0	29	73	3060	0	1
2389	1	3	161	3064	0	1
2389	1	19	86	3062	0	1
2389	2	16	188	3051	0	1
2389	2	17	188	3051	0	1
2389	2	20	12	3064	0	1
2389	2	25	188	3051	0	1
2389	2	29	188	3051	0	1
2389	3	3	739	2863	0	1
2389	3	19	99	3045	0	1
2389	4	11	42	3064	0	1
2389	4	16	174	3068	0	1
2389	4	20	45	3052	0	1
2389	4	21	130	3071	0	1
2389	4	25	45	3066	0	1
2389	4	26	5	3068	0	1
2389	4	29	45	3066	0	1
2389	5	3	3	3064	0	1
2389	5	7	11	3060	0	1
2389	5	19	28	3057	0	1
2389	6	20	455	2846	0	1
2389	6	21	676	2782	0	1
2389	6	25	706	2543	0	1
2389	6	29	706	2543	0	1
2389	7	7	149	2964	0	1
2389	7	19	132	2971	0	1
2389	8	20	137	2966	0	1
2389	10	16	153	2941	0	1
2389	10	17	153	2941	0	1
2389	10	20	79	3010	0	1
2389	10	21	153	2941	0	1
2389	12	11	1	3067	0	1
2389	12	16	1	3067	0	1
2389	12	21	1	3067	0	1
2389	14	16	377	3028	0	1
2389	14	17	377	3028	0	1
2389	14	21	36	3076	0	1
2389	14	24	4	3070	0	1
2389	14	25	238	3044	0	1
2389	14	29	352	3035	0	1
2389	15	3	26	3070	0	1
2389	15	19	94	3075	0	1
2390	0	15	3	3068	0	1
2390	1	23	25	3060	0	1
2390	4	22	34	3077	0	1
2390	4	23	12	3073	0	1
2390	4	31	2	3065	0	1
2390	5	6	3	3068	0	1
2390	5	7	1	3066	0	1
2390	6	22	10	3072	0	1
2391	0	14	2152	1949	0	1
2391	1	22	9	3066	0	1
2391	4	30	6	3067	0	1
2391	5	14	25	3073	0	1
2391	7	30	706	2543	0	1
2392	0	12	2152	1949	0	1
2392	1	23	72	3064	0	1
2392	3	23	7	3066	0	1
2392	4	23	34	3077	0	1
2392	6	23	10	3072	0	1
2393	0	13	2	3067	0	1
2393	0	14	4	3067	0	1
2393	1	21	72	3064	0	1
2393	3	22	231	3027	0	1
2393	4	29	6	3067	0	1
2393	4	30	2	3065	0	1
2393	7	29	706	2543	0	1
2393	8	29	130	2962	0	1
2393	13	19	29	3064	0	1
2394	0	5	3	3068	0	1
2394	0	14	1	3067	0	1
2394	2	23	63	3060	0	1
2394	3	25	7	3069	0	1
2394	4	5	1	3068	0	1
2394	4	30	1	3066	0	1
2394	5	3	87	3052	0	1
2394	5	14	25	3073	0	1
2394	7	3	29	3042	0	1
2394	7	17	1497	2400	0	1
2394	8	11	9	3068	0	1
2394	9	11	25	3073	0	1
2394	9	27	37	3057	0	1
2394	10	11	268	2879	0	1
2394	12	27	703	2543	0	1
2394	13	16	29	3064	0	1
2394	16	21	34	3077	0	1
2394	17	5	2	3067	0	1
2395	0	0	22	3069	0	1
2395	0	4	287	2860	0	1
2395	3	2	641	2530	0	1
2395	4	16	52	3051	0	1
2395	5	7	3	3068	0	1
2395	5	16	72	3057	0	1
2395	5	18	99	3050	0	1
2395	6	0	208	3031	0	1
2395	6	2	495	2957	0	1
2395	6	18	687	2768	0	1
2395	8	28	182	2985	0	1
2395	12	20	1	3067	0	1
2395	13	16	50	3070	0	1
2395	14	20	5	3070	0	1
2395	14	30	10	3058	0	1
2395	15	0	9	3067	0	1
2395	15	4	5	3070	0	1
2395	15	16	426	2998	0	1
2395	15	20	32	3075	0	1
2395	16	14	113	3060	0	1
2395	17	8	7	3068	0	1
2395	18	16	9	3071	0	1
2396	0	1	21	3069	0	1
2396	0	2	7	3068	0	1
2396	0	18	31	3052	0	1
2396	0	19	59	3040	0	1
2396	0	26	9	3067	0	1
2396	0	27	5	3068	0	1
2396	1	1	63	3060	0	1
2396	1	2	6	3066	0	1
2396	1	10	8	3066	0	1
2396	2	0	12	3065	0	1
2396	2	10	169	2926	0	1
2396	2	26	22	3050	0	1
2396	3	5	15	3067	0	1
2396	4	10	277	2885	0	1
2396	4	11	7	3063	0	1
2396	4	18	3	3067	0	1
2396	4	19	76	3062	0	1
2396	4	26	21	3051	0	1
2396	5	10	310	2862	0	1
2396	5	17	207	3036	0	1
2396	5	22	1994	1963	0	1
2396	6	26	364	2991	0	1
2396	6	27	89	3041	0	1
2396	7	0	207	3036	0	1
2396	7	7	121	3038	0	1
2396	12	22	5	3072	0	1
2396	15	23	131	3068	0	1
2396	16	14	88	3072	0	1
2396	16	25	248	3028	0	1
2396	17	7	8	3065	0	1
2396	17	8	70	3073	0	1
2396	17	25	13	3067	0	1
2396	19	8	1113	2628	0	1
2396	20	4	9	3071	0	1
2397	0	2	7	3065	0	1
2397	0	3	3	3067	0	1
2397	0	4	5	3069	0	1
2397	0	5	3	3067	0	1
2397	0	7	39	3064	0	1
2397	0	19	17	3067	0	1
2397	1	2	39	3071	0	1
2397	1	19	40	3061	0	1
2397	2	2	189	3051	0	1
2397	2	19	15	3062	0	1
2397	2	21	7	3063	0	1
2397	2	22	95	3050	0	1
2397	2	23	89	3052	0	1
2397	3	2	21	3063	0	1
2397	3	21	38	3066	0	1
2397	4	0	18	3072	0	1
2397	4	1	22	3069	0	1
2397	4	5	64	3070	0	1
2397	4	16	35	3073	0	1
2397	4	17	28	3073	0	1
2397	4	21	1133	2553	0	1
2397	5	0	77	3072	0	1
2397	5	1	65	3066	0	1
2397	5	3	151	3049	0	1
2397	6	5	323	2928	0	1
2397	7	17	12	3069	0	1
2397	10	3	1	3066	0	1
2397	10	18	4	3069	0	1
2397	14	6	70	3073	0	1
2397	14	7	5	3068	0	1
2397	14	22	5	3068	0	1
2397	14	23	8	3067	0	1
2397	15	6	299	3040	0	1
2397	15	7	6	3067	0	1
2397	15	22	1	3066	0	1
2397	15	23	2	3066	0	1
2397	17	6	109	3033	0	1
2397	17	20	14	3067	0	1
2398	0	3	1	3067	0	1
2398	0	17	37	3070	0	1
2398	0	19	59	3040	0	1
2398	0	21	7	3063	0	1
2398	0	27	9	3067	0	1
2398	1	3	10	3064	0	1
2398	1	11	3	3065	0	1
2398	2	1	2	3067	0	1
2398	2	5	4	3063	0	1
2398	2	11	7	3063	0	1
2398	2	19	189	2911	0	1
2398	2	20	3	3064	0	1
2398	2	27	4	3063	0	1
2398	3	6	1456	2191	0	1
2398	3	20	4	3068	0	1
2398	3	24	6	3069	0	1
2398	4	11	5	3063	0	1
2398	4	17	41	3054	0	1
2398	4	19	2	3067	0	1
2398	4	27	4	3063	0	1
2398	5	2	207	3036	0	1
2398	5	11	5	3065	0	1
2398	5	15	3	3068	0	1
2398	5	17	57	3055	0	1
2398	5	19	82	3054	0	1
2398	5	23	1	3066	0	1
2398	6	3	319	3005	0	1
2398	6	4	164	3004	0	1
2398	6	19	530	2763	0	1
2398	6	27	53	3056	0	1
2398	7	1	11	3065	0	1
2398	7	2	360	2910	0	1
2398	7	7	11	3065	0	1
2398	8	26	1	3068	0	1
2398	10	3	111	2976	0	1
2398	13	11	20	3050	0	1
2398	14	21	2	3067	0	1
2398	15	1	3	3068	0	1
2398	15	5	1	3068	0	1
2398	15	21	1	3068	0	1
2398	15	23	12	3069	0	1
2398	15	31	69	3070	0	1
2398	16	15	32	3057	0	1
2398	17	9	3	3068	0	1
2398	17	25	122	3067	0	1
2398	19	9	80	3040	0	1
2398	20	5	8	3071	0	1
2399	0	0	2	3068	0	1
2399	0	3	7	3068	0	1
2399	0	5	995	2259	0	1
2399	0	17	12	3066	0	1
2399	0	18	14	3073	0	1
2399	0	21	7	3063	0	1
2399	1	2	32	3065	0	1
2399	1	18	32	3074	0	1
2399	2	2	53	3066	0	1
2399	2	5	4	3063	0	1
2399	2	20	7	3063	0	1
2399	2	22	281	3041	0	1
2399	3	2	21	3063	0	1
2399	3	20	4	3068	0	1
2399	3	24	7	3069	0	1
2399	3	27	3	3066	0	1
2399	4	0	11	3067	0	1
2399	4	4	3	3067	0	1
2399	4	16	25	3070	0	1
2399	4	20	588	2799	0	1
2399	5	0	40	3069	0	1
2399	5	2	109	3064	0	1
2399	5	15	1	3067	0	1
2399	5	19	71	3057	0	1
2399	6	1	56	3053	0	1
2399	6	3	551	2938	0	1
2399	6	4	290	2932	0	1
2399	6	19	504	2772	0	1
2399	7	2	342	2916	0	1
2399	7	16	18	3070	0	1
2399	8	18	3	3069	0	1
2399	9	3	352	2900	0	1
2399	10	3	153	2941	0	1
2399	10	10	268	2879	0	1
2399	10	13	315	2918	0	1
2399	10	26	94	3030	0	1
2399	12	11	432	2957	0	1
2399	12	20	6	3072	0	1
2399	13	5	2	3067	0	1
2399	13	11	20	3050	0	1
2399	14	5	1	3068	0	1
2399	14	6	5	3066	0	1
2399	14	21	1	3068	0	1
2399	14	22	6	3066	0	1
2399	15	1	63	3072	0	1
2399	15	5	6	3071	0	1
2399	15	6	7	3068	0	1
2399	15	11	35	3069	0	1
2399	15	21	7	3070	0	1
2399	15	22	1	3066	0	1
2399	16	11	485	2803	0	1
2399	16	25	195	3028	0	1
2399	17	11	344	2906	0	1
2400	0	6	39	3064	0	1
2400	1	1	63	3060	0	1
2400	1	3	6	3067	0	1
2400	2	20	7	3063	0	1
2400	2	22	63	3060	0	1
2400	3	5	15	3067	0	1
2400	3	20	38	3066	0	1
2400	3	24	7	3069	0	1
2400	4	4	64	3070	0	1
2400	4	16	18	3068	0	1
2400	4	20	1133	2553	0	1
2400	5	15	7	3069	0	1
2400	5	23	1994	1963	0	1
2400	6	4	323	2928	0	1
2400	6	19	391	2838	0	1
2400	7	16	1497	2400	0	1
2400	8	18	2	3069	0	1
2400	10	10	268	2879	0	1
2400	12	11	432	2957	0	1
2400	12	20	3	3067	0	1
2400	12	26	703	2543	0	1
2400	13	17	50	3070	0	1
2400	15	17	7	3066	0	1
2400	17	20	15	3067	0	1
2400	18	17	9	3071	0	1
2401	0	19	59	3040	0	1
2401	0	21	7	3063	0	1
2401	0	27	9	3067	0	1
2401	1	3	19	3065	0	1
2401	1	11	9	3062	0	1
2401	2	1	2	3067	0	1
2401	2	5	4	3063	0	1
2401	2	11	169	2926	0	1
2401	2	19	641	2530	0	1
2401	2	27	22	3050	0	1
2401	3	6	1456	2191	0	1
2401	3	24	7	3069	0	1
2401	3	27	7	3066	0	1
2401	4	11	7	3063	0	1
2401	4	17	64	3049	0	1
2401	4	27	4	3063	0	1
2401	5	11	7	3063	0	1
2401	5	15	7	3069	0	1
2401	6	27	364	2991	0	1
2401	7	1	207	3036	0	1
2401	7	7	207	3036	0	1
2401	8	18	2	3069	0	1
2401	10	7	1	3067	0	1
2401	10	18	3	3068	0	1
2401	12	20	4	3068	0	1
2401	13	11	20	3050	0	1
2401	14	21	2	3067	0	1
2401	15	1	63	3072	0	1
2401	16	15	227	3053	0	1
2401	16	20	34	3077	0	1
2401	17	4	2	3067	0	1
2401	17	7	8	3065	0	1
2401	20	5	9	3071	0	1
2402	0	1	6	3066	0	1
2402	0	3	3	3067	0	1
2402	0	4	5	3069	0	1
2402	0	5	633	2606	0	1
2402	0	19	28	3055	0	1
2402	0	21	3	3065	0	1
2402	2	19	2	3065	0	1
2402	3	2	21	3063	0	1
2402	3	27	12	3068	0	1
2402	4	16	23	3068	0	1
2402	4	17	29	3060	0	1
2402	5	2	207	3036	0	1
2402	5	15	4	3068	0	1
2402	5	19	99	3050	0	1
2402	6	1	59	3051	0	1
2402	6	3	551	2938	0	1
2402	6	19	687	2768	0	1
2402	7	2	360	2910	0	1
2402	7	16	18	3070	0	1
2402	9	10	25	3073	0	1
2402	10	2	1	3066	0	1
2402	10	3	153	2941	0	1
2402	10	7	1	3067	0	1
2402	12	11	66	3045	0	1
2402	12	21	1	3067	0	1
2402	13	11	8	3061	0	1
2402	13	17	3	3068	0	1
2402	14	5	1	3068	0	1
2402	14	21	5	3070	0	1
2402	14	31	10	3058	0	1
2402	15	1	8	3066	0	1
2402	15	5	6	3071	0	1
2402	15	11	26	3064	0	1
2402	15	17	4	3065	0	1
2402	15	21	32	3075	0	1
2402	16	15	227	3053	0	1
2402	16	25	381	2984	0	1
2402	17	9	70	3073	0	1
2402	17	20	14	3067	0	1
2402	17	25	13	3067	0	1
2402	19	9	1113	2628	0	1
2403	0	1	22	3069	0	1
2403	0	2	7	3065	0	1
2403	0	3	7	3068	0	1
2403	0	4	1	3068	0	1
2403	0	5	542	2672	0	1
2403	0	6	1	3066	0	1
2403	0	17	10	3070	0	1
2403	0	18	21	3072	0	1
2403	0	19	59	3040	0	1
2403	1	2	39	3071	0	1
2403	1	18	40	3061	0	1
2403	2	2	189	3051	0	1
2403	2	18	15	3062	0	1
2403	2	19	641	2530	0	1
2403	2	20	1	3067	0	1
2403	3	2	21	3063	0	1
2403	3	3	641	2530	0	1
2403	3	20	4	3068	0	1
2403	3	27	12	3068	0	1
2403	4	0	22	3069	0	1
2403	4	4	2	3067	0	1
2403	4	16	35	3073	0	1
2403	4	17	35	3056	0	1
2403	4	19	76	3062	0	1
2403	4	20	948	2636	0	1
2403	5	0	65	3066	0	1
2403	5	11	7	3063	0	1
2403	5	15	5	3067	0	1
2403	5	17	207	3036	0	1
2403	5	23	6	3068	0	1
2403	6	1	208	3031	0	1
2403	6	4	194	2995	0	1
2403	10	2	1	3066	0	1
2403	10	3	93	2991	0	1
2403	10	7	1	3067	0	1
2403	12	20	4	3068	0	1
2403	12	23	3	3070	0	1
2403	14	6	70	3073	0	1
2403	14	22	8	3067	0	1
2403	14	31	20	3050	0	1
2403	15	6	299	3040	0	1
2403	15	11	38	3067	0	1
2403	15	21	6	3069	0	1
2403	15	22	2	3066	0	1
2403	15	23	131	3068	0	1
2403	16	11	485	2803	0	1
2403	16	20	3	3068	0	1
2403	17	11	344	2906	0	1
2403	17	25	116	3067	0	1
2404	0	5	33	3068	0	1
2404	0	11	23	3068	0	1
2404	0	16	37	3067	0	1
2404	0	30	85	3068	0	1
2404	1	0	41	3064	0	1
2404	1	4	54	3064	0	1
2404	4	3	23	3063	0	1
2404	4	10	7	3065	0	1
2404	4	11	6	3067	0	1
2404	4	18	13	3070	0	1
2404	4	20	16	3070	0	1
2404	4	21	40	3069	0	1
2404	4	25	20	3072	0	1
2404	4	27	45	3066	0	1
2404	5	0	16	3059	0	1
2404	5	9	23	3070	0	1
2404	5	10	20	3067	0	1
2404	5	11	11	3066	0	1
2404	5	13	87	3066	0	1
2404	5	20	76	3060	0	1
2404	5	29	48	3065	0	1
2404	6	3	14	3063	0	1
2404	6	5	780	2408	0	1
2404	6	10	298	3002	0	1
2404	6	20	471	2867	0	1
2404	6	21	14	3063	0	1
2404	6	25	107	3026	0	1
2404	6	27	153	3039	0	1
2404	6	30	619	2552	0	1
2404	7	0	7	3067	0	1
2404	7	1	222	2936	0	1
2404	7	9	88	3029	0	1
2404	7	10	193	3040	0	1
2404	7	20	207	3036	0	1
2404	13	31	1	3066	0	1
2404	14	12	4	3070	0	1
2404	14	29	172	3056	0	1
2404	14	30	333	2998	0	1
2404	15	1	70	3073	0	1
2404	15	2	104	3069	0	1
2404	15	7	7	3067	0	1
2404	16	18	62	3071	0	1
2404	17	1	498	2902	0	1
2404	17	5	14	3067	0	1
2404	19	9	229	2959	0	1
2405	0	7	18	3064	0	1
2405	0	9	8	3066	0	1
2405	0	11	17	3070	0	1
2405	0	15	4	3066	0	1
2405	0	23	41	3064	0	1
2405	0	28	23	3069	0	1
2405	1	0	33	3063	0	1
2405	1	9	2061	1381	0	1
2405	1	19	80	3062	0	1
2405	1	23	26	3069	0	1
2405	2	4	646	2916	0	1
2405	4	10	2	3067	0	1
2405	4	18	10	3067	0	1
2405	4	21	61	3069	0	1
2405	4	22	67	3061	0	1
2405	4	23	17	3068	0	1
2405	4	25	11	3069	0	1
2405	5	0	30	3061	0	1
2405	5	3	28	3066	0	1
2405	5	9	13	3070	0	1
2405	5	10	37	3063	0	1
2405	5	11	17	3066	0	1
2405	5	13	42	3064	0	1
2405	5	29	130	3055	0	1
2405	5	30	10	3062	0	1
2405	6	1	64	3049	0	1
2405	6	6	706	2543	0	1
2405	6	10	61	3047	0	1
2405	6	21	23	3054	0	1
2405	6	23	365	2766	0	1
2405	6	25	459	2930	0	1
2405	6	29	753	2431	0	1
2405	7	0	3	3064	0	1
2405	7	2	257	2887	0	1
2405	7	3	14	3063	0	1
2405	7	9	457	2934	0	1
2405	7	10	26	3056	0	1
2405	7	17	208	3031	0	1
2405	7	19	703	2543	0	1
2405	8	15	428	2699	0	1
2405	8	21	207	3036	0	1
2405	8	26	997	2252	0	1
2405	12	3	1	3067	0	1
2405	12	14	1	3066	0	1
2405	12	22	1	3067	0	1
2405	14	18	2	3069	0	1
2405	14	27	6	3068	0	1
2405	14	29	227	3053	0	1
2405	14	30	381	2984	0	1
2405	14	31	7	3073	0	1
2405	15	1	3	3068	0	1
2405	15	3	6	3067	0	1
2405	15	13	34	3075	0	1
2405	15	31	3	3069	0	1
2405	17	1	72	3042	0	1
2405	17	5	18	3063	0	1
2405	17	7	14	3067	0	1
2405	17	8	43	3045	0	1
2405	17	17	68	3070	0	1
2405	17	27	242	3048	0	1
2406	0	6	16	3062	0	1
2406	0	8	10	3066	0	1
2406	0	10	9	3070	0	1
2406	0	17	10	3070	0	1
2406	0	29	17	3069	0	1
2406	1	7	14	3068	0	1
2406	1	14	17	3063	0	1
2406	1	20	26	3070	0	1
2406	1	29	16	3068	0	1
2406	2	5	221	3006	0	1
2406	3	0	18	3068	0	1
2406	4	0	13	3067	0	1
2406	4	11	1	3067	0	1
2406	4	13	10	3070	0	1
2406	4	15	55	3062	0	1
2406	4	20	62	3067	0	1
2406	4	23	100	3065	0	1
2406	5	1	44	3071	0	1
2406	5	8	18	3071	0	1
2406	5	10	28	3064	0	1
2406	5	11	20	3060	0	1
2406	5	12	70	3064	0	1
2406	5	26	36	3059	0	1
2406	6	2	12	3065	0	1
2406	6	5	203	2923	0	1
2406	6	11	357	2978	0	1
2406	6	13	66	3037	0	1
2406	6	20	11	3060	0	1
2406	6	31	856	2357	0	1
2406	7	0	158	2979	0	1
2406	7	1	20	3064	0	1
2406	7	10	14	3063	0	1
2406	7	11	7	3067	0	1
2406	7	21	207	3036	0	1
2406	8	23	207	3036	0	1
2406	8	25	969	2274	0	1
2406	13	6	1	3068	0	1
2406	14	15	4	3070	0	1
2406	14	17	1	3068	0	1
2406	14	28	144	3053	0	1
2406	15	2	14	3072	0	1
2406	15	8	3	3067	0	1
2406	15	17	8	3067	0	1
2406	16	14	44	3049	0	1
2406	16	26	6	3068	0	1
2406	16	30	2	3068	0	1
2406	17	2	10	3065	0	1
2406	17	6	25	3066	0	1
2406	17	16	1	3068	0	1
2406	17	17	377	2925	0	1
2406	19	1	593	2700	0	1
2407	0	4	27	3070	0	1
2407	0	6	10	3064	0	1
2407	0	8	13	3065	0	1
2407	0	28	54	3064	0	1
2407	1	7	16	3075	0	1
2407	1	9	22	3069	0	1
2407	2	10	1	3068	0	1
2407	3	0	215	3041	0	1
2407	3	13	2	3067	0	1
2407	4	13	16	3070	0	1
2407	4	15	107	3059	0	1
2407	4	19	28	3070	0	1
2407	4	21	13	3070	0	1
2407	4	23	93	3059	0	1
2407	4	24	25	3072	0	1
2407	5	1	25	3064	0	1
2407	5	5	25	3073	0	1
2407	5	8	15	3066	0	1
2407	5	10	21	3068	0	1
2407	5	11	29	3064	0	1
2407	5	12	31	3060	0	1
2407	5	23	81	3069	0	1
2407	5	26	89	3067	0	1
2407	6	0	49	3056	0	1
2407	6	5	268	2879	0	1
2407	6	13	10	3064	0	1
2407	6	21	52	3041	0	1
2407	6	22	27	3044	0	1
2407	6	24	15	3064	0	1
2407	6	28	548	2605	0	1
2407	7	3	186	2935	0	1
2407	7	4	867	2601	0	1
2407	7	8	460	2928	0	1
2407	7	10	4	3063	0	1
2407	7	16	51	3048	0	1
2407	7	27	268	2879	0	1
2407	8	23	172	3050	0	1
2407	9	8	207	3036	0	1
2407	9	11	100	3035	0	1
2407	11	8	360	2910	0	1
2407	14	13	4	3066	0	1
2407	14	15	30	3072	0	1
2407	14	22	147	3054	0	1
2407	14	30	9	3075	0	1
2407	15	3	103	3071	0	1
2407	15	10	8	3067	0	1
2407	16	17	4	3065	0	1
2407	17	6	21	3068	0	1
2407	17	19	131	3068	0	1
2408	0	5	16	3068	0	1
2408	0	7	18	3064	0	1
2408	0	9	13	3065	0	1
2408	0	11	20	3069	0	1
2408	0	23	33	3064	0	1
2408	0	28	20	3072	0	1
2408	0	29	54	3064	0	1
2408	1	0	46	3065	0	1
2408	1	9	2061	1381	0	1
2408	1	19	80	3062	0	1
2408	2	7	647	2917	0	1
2408	2	11	1	3068	0	1
2408	4	3	30	3061	0	1
2408	4	21	72	3068	0	1
2408	4	22	116	3061	0	1
2408	4	25	25	3072	0	1
2408	5	10	41	3062	0	1
2408	6	1	52	3053	0	1
2408	6	3	17	3067	0	1
2408	6	4	268	2879	0	1
2408	6	10	266	2992	0	1
2408	6	12	358	2908	0	1
2408	6	30	797	2392	0	1
2408	7	5	839	2618	0	1
2408	7	10	181	3045	0	1
2408	7	17	27	3059	0	1
2408	7	20	23	3054	0	1
2408	7	28	780	2408	0	1
2408	7	30	884	2333	0	1
2408	8	7	1	3067	0	1
2408	8	15	612	2535	0	1
2408	8	24	186	2927	0	1
2408	9	9	207	3036	0	1
2408	11	9	360	2910	0	1
2408	14	16	1	3068	0	1
2408	14	23	205	3056	0	1
2408	14	27	4	3068	0	1
2408	14	29	140	3070	0	1
2408	14	31	7	3073	0	1
2408	15	1	2	3067	0	1
2408	15	2	8	3067	0	1
2408	15	3	3	3068	0	1
2408	15	7	5	3068	0	1
2408	15	9	3	3067	0	1
2408	15	11	6	3068	0	1
2408	15	31	13	3071	0	1
2408	16	15	57	3043	0	1
2408	16	16	15	3064	0	1
2408	16	18	11	3067	0	1
2408	17	8	86	3034	0	1
2408	17	17	5	3068	0	1
2408	17	27	16	3066	0	1
2409	0	5	37	3067	0	1
2409	0	15	22	3069	0	1
2409	0	16	37	3070	0	1
2409	0	29	32	3064	0	1
2409	1	8	22	3069	0	1
2409	1	9	2061	1381	0	1
2409	1	15	18	3064	0	1
2409	1	21	26	3070	0	1
2409	1	28	27	3070	0	1
2409	2	7	647	2917	0	1
2409	3	12	2	3067	0	1
2409	4	3	44	3071	0	1
2409	4	10	5	3066	0	1
2409	4	12	16	3070	0	1
2409	4	14	82	3060	0	1
2409	4	18	20	3070	0	1
2409	4	20	16	3070	0	1
2409	4	21	72	3068	0	1
2409	4	22	116	3061	0	1
2409	4	25	25	3072	0	1
2409	5	3	16	3068	0	1
2409	5	9	25	3069	0	1
2409	6	1	64	3049	0	1
2409	6	3	20	3064	0	1
2409	6	21	183	3045	0	1
2409	6	23	779	2408	0	1
2409	6	25	712	2867	0	1
2409	6	29	779	2408	0	1
2409	7	3	3	3064	0	1
2409	7	9	418	2941	0	1
2409	7	31	1	3067	0	1
2409	8	22	207	3036	0	1
2409	8	24	186	2927	0	1
2409	8	26	82	3008	0	1
2409	9	9	207	3036	0	1
2409	11	9	360	2910	0	1
2409	12	22	1	3067	0	1
2409	13	9	1	3067	0	1
2409	14	7	1	3068	0	1
2409	14	12	6	3068	0	1
2409	14	14	5	3071	0	1
2409	14	16	1	3068	0	1
2409	14	18	2	3069	0	1
2409	14	30	380	2984	0	1
2409	15	1	1	3068	0	1
2409	15	2	4	3069	0	1
2409	15	13	1	3068	0	1
2409	15	16	33	3072	0	1
2409	15	31	13	3071	0	1
2409	16	7	4	3065	0	1
2409	16	16	15	3064	0	1
2409	16	18	11	3067	0	1
2409	17	1	80	3040	0	1
2409	17	3	10	3065	0	1
2409	17	5	20	3061	0	1
2409	17	7	25	3066	0	1
2409	17	8	49	3054	0	1
2409	17	17	5	3068	0	1
2409	17	27	14	3068	0	1
2409	18	7	2335	1586	0	1
2410	0	15	22	3069	0	1
2410	0	16	33	3068	0	1
2410	1	15	18	3064	0	1
2410	2	5	2	3067	0	1
2410	2	11	1	3068	0	1
2410	4	3	44	3071	0	1
2410	4	14	107	3059	0	1
2410	5	27	51	3066	0	1
2410	5	29	32	3066	0	1
2410	6	1	64	3049	0	1
2410	6	3	20	3064	0	1
2410	6	23	779	2408	0	1
2410	6	25	459	2930	0	1
2410	7	11	14	3063	0	1
2410	7	17	208	3031	0	1
2410	7	20	194	3037	0	1
2410	7	26	268	2879	0	1
2410	7	28	780	2408	0	1
2410	7	30	884	2333	0	1
2410	8	21	207	3036	0	1
2410	8	22	207	3036	0	1
2410	8	26	59	3028	0	1
2410	9	10	207	3036	0	1
2410	12	14	2	3066	0	1
2410	12	22	1	3067	0	1
2410	14	27	1	3068	0	1
2410	14	29	197	3061	0	1
2410	14	30	251	3014	0	1
2410	14	31	1	3068	0	1
2410	15	1	70	3073	0	1
2410	15	3	14	3072	0	1
2410	16	16	16	3064	0	1
2410	16	18	11	3067	0	1
2410	16	27	6	3068	0	1
2410	16	31	2	3068	0	1
2410	17	1	498	2902	0	1
2410	17	3	10	3065	0	1
2410	17	5	18	3063	0	1
2410	17	7	14	3067	0	1
2410	17	18	131	3068	0	1
2410	17	27	16	3066	0	1
2411	0	5	37	3067	0	1
2411	0	9	11	3063	0	1
2411	0	11	18	3070	0	1
2411	0	28	19	3062	0	1
2411	1	0	41	3064	0	1
2411	1	6	23	3069	0	1
2411	1	8	22	3069	0	1
2411	1	15	8	3066	0	1
2411	2	4	573	2936	0	1
2411	2	11	1	3068	0	1
2411	3	1	215	3041	0	1
2411	3	12	2	3067	0	1
2411	4	11	3	3068	0	1
2411	4	14	55	3062	0	1
2411	4	25	8	3071	0	1
2411	4	27	14	3066	0	1
2411	5	20	52	3064	0	1
2411	6	4	136	2965	0	1
2411	6	25	599	2894	0	1
2411	6	27	144	3052	0	1
2411	7	1	158	2979	0	1
2411	7	2	186	2935	0	1
2411	7	5	867	2601	0	1
2411	7	19	703	2543	0	1
2411	11	9	50	3034	0	1
2411	12	3	1	3067	0	1
2411	14	7	1	3068	0	1
2411	14	27	6	3068	0	1
2411	14	29	227	3053	0	1
2411	14	30	381	2984	0	1
2411	14	31	9	3075	0	1
2411	15	2	8	3067	0	1
2411	15	3	3	3068	0	1
2411	15	7	7	3067	0	1
2411	15	9	3	3067	0	1
2411	15	11	8	3067	0	1
2411	15	16	8	3067	0	1
2411	16	7	4	3065	0	1
2411	16	16	4	3065	0	1
2411	16	18	62	3071	0	1
2411	17	18	18	3067	0	1
2411	17	27	9	3067	0	1
2411	19	9	47	3042	0	1
2412	0	5	37	3070	0	1
2412	0	11	19	3070	0	1
2412	0	16	37	3067	0	1
2412	0	28	43	3070	0	1
2412	1	0	80	3062	0	1
2412	1	6	40	3073	0	1
2412	1	8	22	3069	0	1
2412	1	19	80	3062	0	1
2412	1	21	26	3070	0	1
2412	1	23	16	3070	0	1
2412	2	4	647	2917	0	1
2412	4	1	13	3067	0	1
2412	4	10	7	3065	0	1
2412	4	11	6	3067	0	1
2412	4	12	16	3070	0	1
2412	4	18	20	3070	0	1
2412	4	20	16	3070	0	1
2412	4	23	17	3068	0	1
2412	4	27	45	3066	0	1
2412	5	0	44	3071	0	1
2412	5	3	28	3066	0	1
2412	5	4	25	3073	0	1
2412	5	20	6	3067	0	1
2412	5	22	31	3060	0	1
2412	5	29	48	3064	0	1
2412	6	4	268	2879	0	1
2412	6	5	780	2408	0	1
2412	6	10	357	2978	0	1
2412	6	12	10	3064	0	1
2412	6	20	471	2867	0	1
2412	6	27	206	3037	0	1
2412	7	0	20	3064	0	1
2412	7	3	14	3063	0	1
2412	7	20	207	3036	0	1
2412	8	22	179	3049	0	1
2412	8	24	969	2274	0	1
2412	8	26	997	2252	0	1
2412	12	22	1	3067	0	1
2412	14	7	1	3068	0	1
2412	14	12	4	3070	0	1
2412	14	14	30	3072	0	1
2412	14	16	1	3068	0	1
2412	14	18	2	3069	0	1
2412	15	2	77	3074	0	1
2412	15	13	34	3075	0	1
2412	16	7	9	3064	0	1
2412	16	15	86	3034	0	1
2412	17	18	4	3067	0	1
2413	0	9	13	3065	0	1
2413	0	11	23	3068	0	1
2413	0	16	32	3066	0	1
2413	0	23	46	3065	0	1
2413	0	30	85	3068	0	1
2413	1	4	54	3064	0	1
2413	1	8	19	3068	0	1
2413	1	15	18	3064	0	1
2413	1	21	26	3070	0	1
2413	1	23	16	3070	0	1
2413	1	25	18	3064	0	1
2413	2	5	2	3067	0	1
2413	4	1	4	3067	0	1
2413	4	3	33	3060	0	1
2413	4	11	3	3068	0	1
2413	4	18	18	3070	0	1
2413	4	20	10	3067	0	1
2413	4	25	25	3072	0	1
2413	4	27	8	3066	0	1
2413	5	3	11	3066	0	1
2413	5	11	28	3064	0	1
2413	5	13	42	3064	0	1
2413	5	20	76	3060	0	1
2413	5	22	81	3069	0	1
2413	5	27	36	3059	0	1
2413	5	29	130	3055	0	1
2413	6	3	17	3066	0	1
2413	6	6	706	2543	0	1
2413	6	25	15	3064	0	1
2413	7	11	14	3063	0	1
2413	8	15	612	2535	0	1
2413	8	21	179	3049	0	1
2413	9	9	207	3036	0	1
2413	9	10	183	3048	0	1
2413	11	9	360	2910	0	1
2413	13	7	1	3068	0	1
2413	13	31	1	3066	0	1
2413	15	16	111	3067	0	1
2413	15	31	3	3069	0	1
2413	16	7	16	3064	0	1
2413	16	15	44	3049	0	1
2413	17	17	68	3070	0	1
2413	17	27	242	3048	0	1
2414	5	16	7	3068	0	1
2414	5	18	3	3067	0	1
2414	5	20	13	3068	0	1
2414	5	22	5	3065	0	1
2414	5	26	17	3060	0	1
2414	5	30	11	3062	0	1
2414	15	16	30	3072	0	1
2414	16	0	60	3071	0	1
2415	4	0	1	3067	0	1
2415	4	1	1	3068	0	1
2415	4	2	6	3068	0	1
2415	4	3	6	3067	0	1
2415	4	4	4	3070	0	1
2415	4	6	4	3065	0	1
2415	4	7	3	3066	0	1
2415	4	8	4	3068	0	1
2415	4	11	6	3067	0	1
2415	4	15	9	3068	0	1
2415	4	16	3	3066	0	1
2415	4	17	9	3065	0	1
2415	4	18	6	3069	0	1
2415	4	19	8	3066	0	1
2415	4	20	3	3066	0	1
2415	4	21	1	3067	0	1
2415	4	22	6	3065	0	1
2415	4	23	8	3071	0	1
2415	4	24	4	3067	0	1
2415	4	27	11	3066	0	1
2415	4	28	4	3066	0	1
2415	4	31	16	3072	0	1
2415	5	0	16	3065	0	1
2415	5	1	20	3069	0	1
2415	5	2	1	3068	0	1
2415	5	3	3	3066	0	1
2415	5	4	17	3068	0	1
2415	5	5	24	3071	0	1
2415	5	6	3	3066	0	1
2415	5	7	6	3065	0	1
2415	5	8	22	3064	0	1
2415	5	9	34	3061	0	1
2415	5	14	4	3065	0	1
2415	5	15	11	3061	0	1
2415	5	16	7	3065	0	1
2415	5	18	11	3063	0	1
2415	5	20	8	3065	0	1
2415	5	22	3	3066	0	1
2415	5	24	15	3062	0	1
2415	5	28	12	3062	0	1
2415	6	18	5	3062	0	1
2415	6	19	39	3053	0	1
2415	6	20	6	3066	0	1
2415	6	21	4	3065	0	1
2415	6	27	41	3052	0	1
2415	6	28	11	3061	0	1
2415	7	2	193	3040	0	1
2415	7	7	44	3049	0	1
2415	7	15	44	3049	0	1
2415	7	16	867	2601	0	1
2415	7	21	48	3045	0	1
2415	14	0	2	3066	0	1
2415	15	0	4	3069	0	1
2415	15	1	10	3071	0	1
2415	15	16	4	3070	0	1
2415	16	0	2	3067	0	1
2416	0	0	2061	1381	0	1
2416	0	24	42	3067	0	1
2416	1	8	76	3069	0	1
2416	4	0	3	3068	0	1
2416	4	1	3	3066	0	1
2416	4	2	2	3067	0	1
2416	4	3	1	3068	0	1
2416	4	4	4	3068	0	1
2416	4	5	3	3068	0	1
2416	4	6	1	3068	0	1
2416	4	7	3	3066	0	1
2416	4	9	6	3064	0	1
2416	4	10	5	3068	0	1
2416	4	12	4	3068	0	1
2416	4	14	2	3067	0	1
2416	4	16	5	3067	0	1
2416	4	17	7	3064	0	1
2416	4	18	3	3068	0	1
2416	4	19	2	3067	0	1
2416	4	20	1	3067	0	1
2416	4	21	4	3067	0	1
2416	4	22	5	3066	0	1
2416	4	23	6	3068	0	1
2416	4	25	17	3064	0	1
2416	4	26	7	3068	0	1
2416	4	28	1	3067	0	1
2416	4	31	12	3068	0	1
2416	5	0	2	3067	0	1
2416	5	1	4	3065	0	1
2416	5	2	4	3067	0	1
2416	5	3	8	3067	0	1
2416	5	4	6	3066	0	1
2416	5	5	9	3064	0	1
2416	5	6	8	3064	0	1
2416	5	7	3	3065	0	1
2416	5	9	11	3065	0	1
2416	5	10	6	3065	0	1
2416	5	12	10	3065	0	1
2416	5	15	12	3065	0	1
2416	5	16	2	3065	0	1
2416	5	18	54	3070	0	1
2416	5	20	6	3070	0	1
2416	5	22	16	3064	0	1
2416	5	26	71	3067	0	1
2416	5	28	14	3066	0	1
2416	6	0	29	3056	0	1
2416	6	2	30	3054	0	1
2416	6	4	27	3056	0	1
2416	6	6	31	3056	0	1
2416	6	10	49	3035	0	1
2416	6	12	84	3020	0	1
2416	6	18	188	3045	0	1
2416	6	19	14	3055	0	1
2416	6	20	7	3065	0	1
2416	6	21	3	3069	0	1
2416	6	26	188	3045	0	1
2416	6	28	8	3064	0	1
2416	7	2	14	3063	0	1
2416	7	7	4	3063	0	1
2416	7	10	14	3063	0	1
2416	7	15	4	3063	0	1
2416	8	0	207	3036	0	1
2416	8	8	48	3045	0	1
2416	8	16	207	3036	0	1
2416	8	24	48	3045	0	1
2416	9	0	207	3036	0	1
2416	9	8	48	3045	0	1
2416	9	16	207	3036	0	1
2416	9	24	48	3045	0	1
2416	10	0	360	2910	0	1
2416	10	8	1348	2382	0	1
2416	12	0	1	3067	0	1
2416	12	16	1	3067	0	1
2416	13	16	1	3067	0	1
2416	13	24	1	3066	0	1
2416	14	0	1	3068	0	1
2416	14	8	1	3068	0	1
2416	14	16	3	3065	0	1
2416	14	17	3	3070	0	1
2416	14	20	3	3070	0	1
2416	14	21	1	3067	0	1
2416	15	0	4	3066	0	1
2416	15	1	4	3068	0	1
2416	15	16	1	3068	0	1
2416	16	0	3	3068	0	1
2416	16	16	2	3068	0	1
2416	16	17	16	3066	0	1
2416	17	0	2	3065	0	1
2416	17	1	14	3068	0	1
2416	17	2	8	3067	0	1
2416	17	3	234	3048	0	1
2416	17	16	18	3063	0	1
2416	17	17	424	2976	0	1
2416	18	0	47	3042	0	1
2416	18	8	1274	2562	0	1
2417	5	16	7	3066	0	1
2417	5	18	17	3065	0	1
2417	5	20	5	3065	0	1
2417	5	22	21	3064	0	1
2417	5	24	14	3068	0	1
2417	5	30	46	3054	0	1
2417	6	0	186	3036	0	1
2417	6	1	3	3066	0	1
2417	6	2	105	3033	0	1
2417	6	3	4	3068	0	1
2417	6	4	91	3029	0	1
2417	6	5	5	3067	0	1
2417	6	6	311	2988	0	1
2417	6	7	3	3064	0	1
2417	6	8	193	3032	0	1
2417	6	10	191	2971	0	1
2417	6	13	5	3067	0	1
2417	6	15	5	3062	0	1
2417	16	0	8	3066	0	1
2417	16	16	4	3067	0	1
2417	16	17	127	3068	0	1
2418	0	0	12	3064	0	1
2418	0	2	7	3065	0	1
2418	0	13	20	3065	0	1
2418	0	14	7	3065	0	1
2418	0	15	22	3069	0	1
2418	0	24	10	3070	0	1
2418	0	25	21	3072	0	1
2418	0	27	29	3067	0	1
2418	1	0	86	3062	0	1
2418	1	3	62	3067	0	1
2418	1	5	39	3071	0	1
2418	1	6	5	3067	0	1
2418	1	16	18	3067	0	1
2418	1	27	66	3075	0	1
2418	1	28	40	3061	0	1
2418	1	30	119	3072	0	1
2418	2	0	61	3063	0	1
2418	2	2	189	3051	0	1
2418	2	3	28	3068	0	1
2418	2	4	647	2917	0	1
2418	2	13	35	3065	0	1
2418	2	25	15	3062	0	1
2418	2	27	646	2915	0	1
2418	3	0	99	3045	0	1
2418	3	3	21	3063	0	1
2418	3	5	21	3063	0	1
2418	3	6	19	3063	0	1
2418	3	16	910	2582	0	1
2418	3	30	914	2580	0	1
2418	4	25	6	3067	0	1
2418	4	27	3	3064	0	1
2418	5	0	28	3057	0	1
2418	5	5	25	3073	0	1
2418	5	26	184	3045	0	1
2418	6	4	94	3065	0	1
2418	6	15	575	2629	0	1
2418	6	27	575	2629	0	1
2418	7	0	132	2971	0	1
2418	7	3	703	2543	0	1
2418	7	26	714	2727	0	1
2418	7	28	706	2543	0	1
2418	7	30	706	2543	0	1
2418	8	0	706	2543	0	1
2418	8	13	997	2252	0	1
2418	8	15	612	2535	0	1
2418	8	27	1609	1720	0	1
2418	9	26	714	2727	0	1
2418	13	26	2	3068	0	1
2418	14	0	7	3068	0	1
2418	14	2	70	3073	0	1
2418	14	13	77	3072	0	1
2418	14	25	8	3067	0	1
2418	14	27	141	3068	0	1
2418	15	0	94	3075	0	1
2418	15	3	288	3038	0	1
2418	15	5	299	3040	0	1
2418	15	6	9	3068	0	1
2418	15	26	38	3077	0	1
2418	15	27	1	3066	0	1
2418	15	28	2	3066	0	1
2418	15	30	548	2944	0	1
2418	16	0	1321	2537	0	1
2418	16	13	498	2902	0	1
2418	16	27	2653	1373	0	1
2418	16	28	13	3067	0	1
2418	17	3	586	2867	0	1
2418	17	10	227	3053	0	1
2418	17	21	381	2984	0	1
2419	0	0	2061	1381	0	1
2419	0	2	633	2606	0	1
2419	0	7	8	3066	0	1
2419	0	8	18	3064	0	1
2419	0	12	1428	1842	0	1
2419	0	25	42	3067	0	1
2419	0	27	42	3067	0	1
2419	1	0	1029	2204	0	1
2419	1	3	76	3069	0	1
2419	1	5	76	3069	0	1
2419	1	6	76	3069	0	1
2419	2	0	647	2917	0	1
2419	2	2	647	2917	0	1
2419	4	0	28	3071	0	1
2419	4	2	22	3069	0	1
2419	4	12	42	3064	0	1
2419	4	13	42	3064	0	1
2419	4	14	26	3070	0	1
2419	4	24	4	3068	0	1
2419	4	25	49	3080	0	1
2419	4	26	35	3073	0	1
2419	5	0	168	3059	0	1
2419	5	3	108	3080	0	1
2419	5	4	21	3066	0	1
2419	5	5	65	3066	0	1
2419	5	16	94	3046	0	1
2419	5	17	115	3031	0	1
2419	5	28	24	3060	0	1
2419	5	30	99	3050	0	1
2419	6	0	589	2933	0	1
2419	6	2	551	2938	0	1
2419	6	12	114	3057	0	1
2419	6	14	443	2899	0	1
2419	6	24	290	2909	0	1
2419	6	25	1225	2445	0	1
2419	6	26	687	2768	0	1
2419	7	0	644	2827	0	1
2419	7	3	714	2727	0	1
2419	8	0	714	2727	0	1
2419	8	12	207	3036	0	1
2419	8	25	714	2727	0	1
2419	9	0	32	3056	0	1
2419	9	3	714	2727	0	1
2419	10	0	360	2910	0	1
2419	10	2	153	2941	0	1
2419	10	12	207	3036	0	1
2419	11	0	203	2914	0	1
2419	12	13	1	3067	0	1
2419	12	26	1	3067	0	1
2419	13	0	1	3067	0	1
2419	13	3	2	3067	0	1
2419	13	16	1	3068	0	1
2419	13	17	2	3065	0	1
2419	14	0	5	3071	0	1
2419	14	2	1	3068	0	1
2419	14	12	1	3066	0	1
2419	14	14	4	3066	0	1
2419	14	24	2	3067	0	1
2419	14	25	6	3069	0	1
2419	14	26	5	3070	0	1
2419	15	0	20	3074	0	1
2419	15	3	18	3072	0	1
2419	15	4	5	3071	0	1
2419	15	5	6	3071	0	1
2419	15	16	7	3067	0	1
2419	15	17	13	3071	0	1
2419	15	28	3	3070	0	1
2419	15	30	32	3075	0	1
2419	16	7	70	3073	0	1
2419	16	9	3	3066	0	1
2419	16	10	74	3073	0	1
2419	16	12	62	3069	0	1
2419	16	14	16	3064	0	1
2419	16	20	109	3069	0	1
2419	16	21	134	3068	0	1
2419	17	8	258	3058	0	1
2419	17	11	3	3068	0	1
2419	17	16	25	3066	0	1
2419	17	21	79	3063	0	1
2419	17	24	1	3067	0	1
2419	17	25	445	2981	0	1
2419	18	7	1113	2628	0	1
2419	18	9	72	3042	0	1
2419	18	10	80	3040	0	1
2419	18	12	72	3042	0	1
2419	18	20	2648	1376	0	1
2419	18	21	2653	1373	0	1
2420	1	0	28	3062	0	1
2421	1	0	26	3069	0	1
2421	1	8	50	3075	0	1
2421	5	1	25	3073	0	1
2421	6	0	233	2929	0	1
2421	8	0	997	2252	0	1
2422	0	0	13	3065	0	1
2422	0	2	5	3066	0	1
2422	0	16	20	3069	0	1
2422	0	18	22	3062	0	1
2422	0	24	33	3068	0	1
2422	1	0	13	3064	0	1
2422	1	16	12	3069	0	1
2422	1	18	28	3071	0	1
2422	1	24	14	3068	0	1
2422	1	26	71	3067	0	1
2422	2	0	32	3062	0	1
2422	2	8	215	3041	0	1
2422	2	16	1	3068	0	1
2422	2	18	646	2916	0	1
2422	3	0	3	3066	0	1
2422	3	1	776	2707	0	1
2422	3	9	910	2582	0	1
2422	4	8	6	3071	0	1
2422	4	20	5	3070	0	1
2422	4	22	6	3067	0	1
2422	5	22	70	3054	0	1
2422	8	0	82	3008	0	1
2422	8	16	1609	1720	0	1
2422	14	0	7	3068	0	1
2422	14	8	70	3073	0	1
2422	14	16	122	3067	0	1
2422	14	24	8	3067	0	1
2422	15	0	227	3053	0	1
2422	15	8	31	3072	0	1
2422	15	16	381	2984	0	1
2422	15	24	79	3063	0	1
2422	16	0	80	3040	0	1
2422	16	8	498	2902	0	1
2422	16	24	586	2867	0	1
2422	17	0	586	2867	0	1
2423	1	0	13	3068	0	1
2423	1	8	18	3067	0	1
2423	6	16	268	2879	0	1
2423	7	6	780	2408	0	1
2423	7	20	884	2333	0	1
2424	0	8	5	3063	0	1
2424	0	22	11	3070	0	1
2424	0	25	14	3065	0	1
2424	0	27	13	3062	0	1
2424	1	0	22	3063	0	1
2424	1	20	18	3067	0	1
2424	2	8	4	3063	0	1
2424	2	14	32	3047	0	1
2424	2	17	30	3043	0	1
2424	2	18	21	3055	0	1
2424	2	22	50	3027	0	1
2424	2	25	399	2709	0	1
2424	2	29	36	3035	0	1
2424	3	0	13	3060	0	1
2424	3	4	40	3036	0	1
2424	3	20	43	3029	0	1
2424	4	8	4	3063	0	1
2424	4	22	505	2835	0	1
2424	4	25	65	3009	0	1
2424	4	26	355	2855	0	1
2424	4	27	1	3066	0	1
2424	5	0	505	2835	0	1
2424	5	20	313	2838	0	1
2424	6	12	11	3066	0	1
2424	6	22	1287	2286	0	1
2424	6	25	524	2708	0	1
2424	6	26	1245	2302	0	1
2424	7	0	1734	2177	0	1
2424	7	20	1067	2342	0	1
2424	10	22	35	3063	0	1
2424	10	26	225	2977	0	1
2424	10	30	225	2977	0	1
2424	11	0	75	3071	0	1
2424	11	20	44	3071	0	1
2424	12	8	456	2964	0	1
2424	12	22	58	3063	0	1
2424	12	27	233	2947	0	1
2424	12	29	240	2946	0	1
2424	12	30	4	3063	0	1
2424	13	0	54	3075	0	1
2424	13	20	56	3073	0	1
2424	14	12	239	3037	0	1
2424	14	30	109	3035	0	1
2424	16	22	1	3067	0	1
2424	17	20	1	3067	0	1
2424	18	8	1	3068	0	1
2424	20	8	18	3066	0	1
2424	50	14	1979	1881	0	1
2425	0	11	1	3068	0	1
2425	0	16	10	3066	0	1
2425	0	21	10	3067	0	1
2425	0	24	12	3063	0	1
2425	0	25	6	3066	0	1
2425	0	26	13	3066	0	1
2425	0	29	6	3066	0	1
2425	1	3	8	3066	0	1
2425	1	19	2	3066	0	1
2425	2	13	32	3047	0	1
2425	2	17	363	2735	0	1
2425	2	20	37	3034	0	1
2425	2	21	50	3027	0	1
2425	2	25	30	3057	0	1
2425	2	26	399	2709	0	1
2425	2	29	30	3057	0	1
2425	3	3	6	3068	0	1
2425	3	7	11	3067	0	1
2425	3	19	7	3068	0	1
2425	4	16	505	2835	0	1
2425	4	17	505	2835	0	1
2425	4	20	110	2974	0	1
2425	4	21	505	2835	0	1
2425	4	24	479	2837	0	1
2425	4	26	14	3053	0	1
2425	6	15	1	3067	0	1
2425	6	16	1739	2182	0	1
2425	6	17	1739	2182	0	1
2425	6	21	1734	2177	0	1
2425	6	25	37	3065	0	1
2425	6	26	580	2667	0	1
2425	6	29	37	3065	0	1
2425	7	3	75	3071	0	1
2425	7	19	36	3072	0	1
2425	8	15	322	2990	0	1
2425	8	25	659	2774	0	1
2425	8	29	776	2699	0	1
2425	9	3	556	2872	0	1
2425	9	7	443	2908	0	1
2425	9	19	515	2879	0	1
2425	10	11	11	3066	0	1
2425	10	16	763	2672	0	1
2425	10	17	763	2672	0	1
2425	10	21	35	3063	0	1
2425	10	25	742	2684	0	1
2425	10	29	742	2684	0	1
2425	11	3	239	2934	0	1
2425	11	19	340	2874	0	1
2425	12	16	1355	2467	0	1
2425	12	17	1355	2467	0	1
2425	12	20	233	2953	0	1
2425	12	21	58	3063	0	1
2425	12	24	238	2942	0	1
2425	12	25	903	2652	0	1
2425	12	29	1316	2484	0	1
2425	13	3	173	2962	0	1
2425	13	7	202	2963	0	1
2425	13	19	396	2878	0	1
2425	14	14	21	3061	0	1
2425	14	16	429	2962	0	1
2425	14	17	429	2962	0	1
2425	14	25	277	3005	0	1
2425	14	26	183	2984	0	1
2425	14	29	429	2962	0	1
2425	15	3	244	3009	0	1
2425	15	19	265	3010	0	1
2425	16	16	1	3067	0	1
2425	16	17	1	3067	0	1
2425	16	21	1	3067	0	1
2425	16	26	32	3050	0	1
2426	0	17	1	3068	0	1
2426	1	1	6	3067	0	1
2426	1	17	8	3065	0	1
2426	2	1	13	3060	0	1
2426	2	17	38	3034	0	1
2426	2	21	1	3066	0	1
2426	3	1	12	3060	0	1
2426	3	17	38	3034	0	1
2426	4	13	12	3060	0	1
2426	4	17	12	3060	0	1
2426	4	22	121	3067	0	1
2426	5	1	12	3060	0	1
2426	5	15	15	3068	0	1
2426	5	17	12	3060	0	1
2426	6	13	1734	2177	0	1
2426	50	20	1979	1881	0	1
2426	50	21	1979	1881	0	1
2427	0	16	2	3066	0	1
2427	0	17	3	3066	0	1
2427	1	0	3	3067	0	1
2427	1	16	10	3068	0	1
2427	2	0	3	3065	0	1
2427	2	1	8	3064	0	1
2427	2	16	2	3066	0	1
2427	2	17	4	3063	0	1
2427	2	21	15	3072	0	1
2427	3	1	10	3061	0	1
2427	3	17	4	3063	0	1
2427	4	16	12	3060	0	1
2427	4	17	1	3067	0	1
2427	4	22	16	3068	0	1
2427	5	0	12	3060	0	1
2427	5	1	5	3065	0	1
2427	5	16	12	3060	0	1
2427	6	12	926	2549	0	1
2427	7	30	20	3071	0	1
2428	0	18	1	3067	0	1
2428	1	1	3	3066	0	1
2428	1	2	6	3067	0	1
2428	1	18	7	3065	0	1
2428	2	2	13	3060	0	1
2428	2	17	2	3067	0	1
2428	2	18	11	3061	0	1
2428	3	2	12	3060	0	1
2428	3	17	7	3062	0	1
2428	3	18	12	3060	0	1
2428	4	14	12	3060	0	1
2428	4	23	121	3067	0	1
2428	5	2	12	3060	0	1
2428	5	12	15	3068	0	1
2428	6	14	916	2602	0	1
2428	50	22	1979	1881	0	1
2429	2	3	12	3060	0	1
2429	2	19	10	3062	0	1
2429	4	15	1	3067	0	1
2429	4	19	8	3064	0	1
2429	5	13	15	3068	0	1
2429	5	19	11	3061	0	1
2429	6	15	403	2873	0	1
2429	7	30	10	3067	0	1
2429	50	20	1979	1881	0	1
2429	50	21	1979	1881	0	1
2430	0	25	490	2819	0	1
2430	1	27	8	3066	0	1
2430	2	3	4	3069	0	1
2430	2	20	15	3072	0	1
2430	3	17	56	3075	0	1
2430	4	9	28	3070	0	1
2430	5	3	7	3070	0	1
2430	5	14	12	3065	0	1
2430	8	7	2	3067	0	1
2430	9	5	265	2984	0	1
2430	10	19	218	3039	0	1
2430	12	11	111	3048	0	1
2430	18	21	23	3073	0	1
2430	19	7	8	3071	0	1
2431	0	0	1	3068	0	1
2431	0	6	7	3063	0	1
2431	0	17	1	3068	0	1
2431	0	20	2	3066	0	1
2431	1	1	4	3067	0	1
2431	1	4	2	3065	0	1
2431	1	16	11	3065	0	1
2431	1	17	8	3065	0	1
2431	1	18	1	3068	0	1
2431	1	22	4	3063	0	1
2431	2	1	12	3061	0	1
2431	2	4	8	3065	0	1
2431	2	10	5	3067	0	1
2431	2	14	9	3062	0	1
2431	2	17	38	3034	0	1
2431	2	18	215	3041	0	1
2431	3	1	12	3060	0	1
2431	3	10	51	3034	0	1
2431	3	17	38	3034	0	1
2431	4	8	12	3068	0	1
2431	4	13	12	3060	0	1
2431	4	17	12	3060	0	1
2431	5	17	12	3060	0	1
2431	5	30	214	2944	0	1
2431	6	0	2	3067	0	1
2431	6	13	1734	2177	0	1
2431	7	31	10	3067	0	1
2431	8	0	2	3069	0	1
2431	8	2	126	3049	0	1
2431	10	4	1225	2594	0	1
2431	10	10	4	3067	0	1
2431	11	24	33	3065	0	1
2431	12	0	1008	2595	0	1
2431	12	4	1316	2484	0	1
2431	12	8	48	3073	0	1
2431	14	4	2	3067	0	1
2431	14	8	201	3033	0	1
2431	14	10	485	2803	0	1
2431	14	18	4	3068	0	1
2431	14	26	6	3069	0	1
2431	15	20	38	3067	0	1
2431	16	0	1	3067	0	1
2431	22	20	97	3079	0	1
2432	0	5	250	2873	0	1
2432	0	10	20	3066	0	1
2432	0	18	12	3068	0	1
2432	0	19	10	3065	0	1
2432	1	1	16	3063	0	1
2432	1	23	1	3066	0	1
2432	2	4	6	3064	0	1
2432	2	5	13	3061	0	1
2432	2	15	490	2819	0	1
2432	2	18	32	3062	0	1
2432	3	4	56	3047	0	1
2432	3	5	4	3066	0	1
2432	4	3	105	3062	0	1
2432	4	9	11	3067	0	1
2432	4	10	180	2964	0	1
2432	5	2	1	3067	0	1
2432	5	3	2	3069	0	1
2432	5	31	1105	2624	0	1
2432	6	0	6	3068	0	1
2432	6	18	207	3036	0	1
2432	7	7	38	3055	0	1
2432	7	13	100	3063	0	1
2432	8	3	207	3036	0	1
2432	9	23	2	3069	0	1
2432	9	25	45	3067	0	1
2432	10	10	3	3068	0	1
2432	10	16	129	3050	0	1
2432	10	17	56	3061	0	1
2432	11	14	218	2977	0	1
2432	12	4	42	3043	0	1
2432	12	8	17	3076	0	1
2432	12	11	1	3067	0	1
2432	12	23	1012	2712	0	1
2432	13	17	215	3026	0	1
2432	13	20	1	3067	0	1
2432	13	21	1	3067	0	1
2432	13	26	1	3068	0	1
2432	13	27	1	3068	0	1
2432	14	15	78	3045	0	1
2432	14	16	485	2803	0	1
2432	14	27	6	3069	0	1
2432	15	4	5	3069	0	1
2432	15	11	19	3064	0	1
2432	15	17	914	2579	0	1
2432	15	21	38	3067	0	1
2432	16	4	485	2803	0	1
2432	16	6	1	3068	0	1
2432	16	22	13	3073	0	1
2432	16	26	485	2803	0	1
2432	17	20	236	3002	0	1
2432	17	21	344	2906	0	1
2432	17	23	1	3067	0	1
2432	17	28	14	3067	0	1
2432	18	4	6	3071	0	1
2432	18	27	6	3070	0	1
2432	19	4	1	3066	0	1
2432	19	7	4	3065	0	1
2432	19	21	4	3069	0	1
2432	19	24	14	3067	0	1
2432	19	27	28	3077	0	1
2432	20	4	46	3071	0	1
2432	20	21	213	3052	0	1
2432	20	23	175	3052	0	1
2432	21	4	14	3073	0	1
2432	21	10	566	2873	0	1
2432	21	21	14	3069	0	1
2432	21	26	243	3004	0	1
2432	23	4	127	3043	0	1
2432	23	21	977	2702	0	1
2433	0	9	1	3066	0	1
2433	1	24	4	3066	0	1
2433	1	25	4	3066	0	1
2433	2	0	5	3066	0	1
2433	2	1	4	3066	0	1
2433	2	2	5	3069	0	1
2433	2	3	1	3068	0	1
2433	2	16	80	3062	0	1
2433	2	17	5	3065	0	1
2433	3	0	13	3072	0	1
2433	3	9	41	3068	0	1
2433	3	10	13	3063	0	1
2433	3	16	49	3072	0	1
2433	3	24	33	3067	0	1
2433	3	25	41	3066	0	1
2433	3	27	147	2959	0	1
2433	4	8	55	3064	0	1
2433	5	3	14	3069	0	1
2433	5	18	19	3069	0	1
2433	5	19	207	3048	0	1
2433	5	26	19	3070	0	1
2433	6	8	4	3066	0	1
2433	6	9	1	3067	0	1
2433	6	25	16	3064	0	1
2433	7	3	1121	2582	0	1
2433	7	8	18	3069	0	1
2433	7	27	33	3067	0	1
2433	8	7	1	3066	0	1
2433	8	10	58	3073	0	1
2433	8	25	205	3038	0	1
2433	9	7	2	3067	0	1
2433	9	8	380	2978	0	1
2433	9	25	650	2781	0	1
2433	10	7	7	3067	0	1
2433	10	8	741	2685	0	1
2433	10	9	137	2978	0	1
2433	10	10	2	3067	0	1
2433	10	11	3	3066	0	1
2433	10	19	425	2972	0	1
2433	10	23	2	3069	0	1
2433	10	24	122	3004	0	1
2433	10	25	742	2684	0	1
2433	10	26	12	3066	0	1
2433	10	27	7	3066	0	1
2433	11	7	3	3068	0	1
2433	11	8	742	2684	0	1
2433	11	9	129	2997	0	1
2433	11	10	19	3066	0	1
2433	11	11	21	3068	0	1
2433	11	24	128	2997	0	1
2433	11	25	742	2684	0	1
2433	12	2	1	3067	0	1
2433	12	4	324	3006	0	1
2433	12	5	321	3011	0	1
2433	12	10	204	3033	0	1
2433	13	0	20	3050	0	1
2433	13	8	1	3067	0	1
2433	13	11	436	2958	0	1
2433	14	25	7	3072	0	1
2433	15	10	1	3066	0	1
2433	16	24	1	3067	0	1
2433	17	11	1	3067	0	1
2433	18	4	3	3067	0	1
2433	18	5	2	3066	0	1
2433	19	4	110	3068	0	1
2434	0	6	32	3069	0	1
2434	0	7	1	3066	0	1
2434	0	19	19	3065	0	1
2434	0	21	1	3066	0	1
2434	1	1	13	3063	0	1
2434	1	4	53	3053	0	1
2434	1	5	1	3066	0	1
2434	1	19	1	3068	0	1
2434	1	23	3	3064	0	1
2434	2	5	9	3062	0	1
2434	2	9	1	3068	0	1
2434	2	11	3	3067	0	1
2434	2	19	21	3067	0	1
2434	3	5	1	3068	0	1
2434	3	16	32	3073	0	1
2434	5	3	7	3069	0	1
2434	5	26	34	3069	0	1
2434	6	1	4	3068	0	1
2434	6	19	207	3036	0	1
2434	7	7	64	3059	0	1
2434	7	17	7	3069	0	1
2434	8	1	31	3063	0	1
2434	9	6	2	3067	0	1
2434	9	22	3	3068	0	1
2434	9	23	57	3067	0	1
2434	9	25	45	3067	0	1
2434	10	9	41	3073	0	1
2434	10	11	4	3067	0	1
2434	10	17	129	3066	0	1
2434	11	6	3	3068	0	1
2434	11	21	1	3067	0	1
2434	11	25	37	3068	0	1
2434	12	4	621	2931	0	1
2434	12	5	78	3009	0	1
2434	12	6	294	2890	0	1
2434	12	8	1	3067	0	1
2434	12	9	24	3066	0	1
2434	12	23	1012	2712	0	1
2434	13	17	215	3026	0	1
2434	14	5	1	3068	0	1
2434	14	19	1	3068	0	1
2434	14	24	7	3072	0	1
2434	14	31	21	3056	0	1
2434	15	8	32	3072	0	1
2434	15	17	484	2753	0	1
2434	15	21	38	3067	0	1
2434	17	21	197	3003	0	1
2434	17	29	13	3069	0	1
2434	18	5	3	3067	0	1
2434	18	21	51	3070	0	1
2434	18	27	6	3067	0	1
2434	19	7	58	3070	0	1
2434	19	21	2	3067	0	1
2434	19	27	12	3071	0	1
2434	20	5	20	3068	0	1
2434	20	23	220	3055	0	1
2434	21	5	6	3068	0	1
2434	21	7	605	2945	0	1
2434	21	21	14	3069	0	1
2434	23	5	361	2994	0	1
2434	23	21	106	3023	0	1
2435	0	7	7	3063	0	1
2435	0	8	1	3066	0	1
2435	0	11	44	3075	0	1
2435	0	24	15	3065	0	1
2435	0	27	11	3066	0	1
2435	1	1	215	3041	0	1
2435	1	4	21	3065	0	1
2435	1	5	2	3065	0	1
2435	1	11	14	3066	0	1
2435	1	17	11	3065	0	1
2435	1	24	2	3066	0	1
2435	1	26	34	3069	0	1
2435	1	27	893	2776	0	1
2435	2	0	13	3067	0	1
2435	2	2	4	3070	0	1
2435	2	11	3	3068	0	1
2435	2	27	14	3067	0	1
2435	3	0	43	3070	0	1
2435	3	11	248	2902	0	1
2435	3	16	57	3065	0	1
2435	3	18	12	3066	0	1
2435	4	3	54	3063	0	1
2435	4	11	1105	2624	0	1
2435	5	0	113	3035	0	1
2435	5	17	38	3066	0	1
2435	5	31	205	2941	0	1
2435	6	1	55	3069	0	1
2435	6	8	2	3067	0	1
2435	6	15	141	2965	0	1
2435	6	24	4	3066	0	1
2435	7	7	364	2991	0	1
2435	7	8	18	3069	0	1
2435	7	13	207	3036	0	1
2435	7	17	55	3069	0	1
2435	7	26	23	3070	0	1
2435	8	3	183	3045	0	1
2435	8	4	1	3067	0	1
2435	8	6	2	3067	0	1
2435	8	10	58	3073	0	1
2435	8	24	115	3047	0	1
2435	9	2	377	2897	0	1
2435	9	4	1	3067	0	1
2435	9	6	47	3063	0	1
2435	9	8	65	3054	0	1
2435	9	22	3	3068	0	1
2435	9	24	139	2996	0	1
2435	9	25	31	3065	0	1
2435	10	6	51	3065	0	1
2435	10	8	141	2991	0	1
2435	10	9	58	3063	0	1
2435	10	10	2	3067	0	1
2435	10	11	3	3068	0	1
2435	10	22	2	3069	0	1
2435	10	24	141	2983	0	1
2435	10	26	7	3064	0	1
2435	11	6	1225	2598	0	1
2435	11	8	91	3023	0	1
2435	11	10	6	3064	0	1
2435	11	24	141	2983	0	1
2435	11	25	36	3069	0	1
2435	12	4	327	2984	0	1
2435	12	5	97	3005	0	1
2435	12	9	58	3063	0	1
2435	13	0	17	3052	0	1
2435	13	10	26	3053	0	1
2435	13	21	1	3067	0	1
2435	14	5	5	3070	0	1
2435	14	31	436	2958	0	1
2435	15	8	1	3068	0	1
2435	15	10	1	3066	0	1
2435	15	17	484	2753	0	1
2435	16	18	109	3067	0	1
2435	18	4	3	3067	0	1
2435	18	17	25	3071	0	1
2435	18	20	5	3070	0	1
2435	19	4	19	3064	0	1
2435	19	6	2	3065	0	1
2436	0	1	1	3068	0	1
2436	0	8	1	3066	0	1
2436	0	24	490	2819	0	1
2436	0	27	9	3062	0	1
2436	1	1	215	3041	0	1
2436	1	17	11	3065	0	1
2436	1	19	1	3068	0	1
2436	1	26	12	3067	0	1
2436	1	27	893	2776	0	1
2436	2	0	1	3066	0	1
2436	2	16	8	3063	0	1
2436	3	16	46	3076	0	1
2436	4	8	44	3071	0	1
2436	5	0	207	3036	0	1
2436	5	26	8	3069	0	1
2436	7	8	11	3071	0	1
2436	8	1	57	3067	0	1
2436	8	6	1	3066	0	1
2436	8	10	31	3071	0	1
2436	9	6	2	3067	0	1
2436	9	22	3	3068	0	1
2436	9	24	100	3020	0	1
2436	10	6	4	3067	0	1
2436	11	6	3	3068	0	1
2436	12	2	1	3067	0	1
2436	12	4	175	3031	0	1
2436	12	8	1	3067	0	1
2436	12	10	215	3026	0	1
2436	13	10	436	2958	0	1
2436	14	24	7	3072	0	1
2436	15	8	32	3072	0	1
2436	16	18	8	3066	0	1
2436	16	23	13	3073	0	1
2436	16	24	1	3068	0	1
2436	17	24	21	3058	0	1
2436	18	4	3	3067	0	1
2437	0	5	250	2873	0	1
2437	0	6	32	3069	0	1
2437	0	7	7	3063	0	1
2437	0	19	11	3069	0	1
2437	0	27	2	3067	0	1
2437	1	4	34	3059	0	1
2437	1	17	8	3064	0	1
2437	1	19	1	3068	0	1
2437	1	23	4	3063	0	1
2437	2	9	1	3068	0	1
2437	2	11	5	3068	0	1
2437	2	15	27	3068	0	1
2437	2	16	80	3062	0	1
2437	2	19	215	3041	0	1
2437	3	5	11	3065	0	1
2437	3	11	248	2902	0	1
2437	4	9	12	3068	0	1
2437	4	11	1105	2624	0	1
2437	5	3	7	3069	0	1
2437	5	17	4	3068	0	1
2437	6	19	207	3036	0	1
2437	7	7	364	2991	0	1
2437	7	17	55	3069	0	1
2437	8	1	2	3069	0	1
2437	8	4	1	3067	0	1
2437	9	4	18	3057	0	1
2437	9	23	2	3069	0	1
2437	9	25	31	3065	0	1
2437	10	5	4	3067	0	1
2437	10	9	58	3063	0	1
2437	10	11	1	3066	0	1
2437	12	2	2	3068	0	1
2437	12	9	46	3078	0	1
2437	12	11	1	3067	0	1
2437	13	21	1	3067	0	1
2437	13	27	1	3068	0	1
2437	14	5	5	3070	0	1
2437	14	11	2681	1141	0	1
2437	14	15	6	3063	0	1
2437	14	27	6	3069	0	1
2437	15	5	1	3068	0	1
2437	15	11	19	3064	0	1
2437	15	17	484	2753	0	1
2437	15	21	38	3067	0	1
2437	16	5	485	2803	0	1
2437	16	18	109	3067	0	1
2437	16	27	485	2803	0	1
2437	17	21	344	2906	0	1
2437	17	27	1	3068	0	1
2437	17	29	14	3067	0	1
2437	18	21	12	3069	0	1
2437	19	7	14	3065	0	1
2437	19	25	16	3063	0	1
2437	19	27	28	3077	0	1
2437	20	5	91	3069	0	1
2437	21	7	10	3069	0	1
2437	22	21	220	3055	0	1
2438	0	1	1	3066	0	1
2438	0	7	1	3066	0	1
2438	0	11	17	3065	0	1
2438	0	19	7	3063	0	1
2438	0	27	4	3064	0	1
2438	1	1	13	3071	0	1
2438	1	5	2	3065	0	1
2438	1	11	15	3069	0	1
2438	1	17	6	3069	0	1
2438	1	19	1	3068	0	1
2438	1	23	1	3066	0	1
2438	1	26	34	3069	0	1
2438	1	27	161	2972	0	1
2438	2	0	13	3067	0	1
2438	2	2	5	3069	0	1
2438	2	11	5	3067	0	1
2438	2	19	16	3059	0	1
2438	2	27	14	3067	0	1
2438	3	0	43	3070	0	1
2438	3	8	28	3065	0	1
2438	3	11	128	2986	0	1
2438	3	16	57	3065	0	1
2438	3	18	12	3066	0	1
2438	3	24	33	3067	0	1
2438	4	8	58	3073	0	1
2438	4	9	12	3068	0	1
2438	4	11	76	3021	0	1
2438	5	0	207	3036	0	1
2438	5	2	14	3069	0	1
2438	5	18	207	3048	0	1
2438	5	26	34	3069	0	1
2438	6	1	1	3066	0	1
2438	6	8	2	3067	0	1
2438	7	2	1121	2582	0	1
2438	7	8	7	3065	0	1
2438	7	17	4	3069	0	1
2438	8	1	29	3068	0	1
2438	8	6	2	3067	0	1
2438	8	10	34	3069	0	1
2438	9	4	15	3058	0	1
2438	9	6	47	3063	0	1
2438	9	8	49	3054	0	1
2438	9	22	3	3068	0	1
2438	9	25	36	3066	0	1
2438	10	5	7	3067	0	1
2438	10	6	51	3065	0	1
2438	10	8	239	2934	0	1
2438	10	9	37	3075	0	1
2438	10	10	2	3067	0	1
2438	10	11	2	3065	0	1
2438	10	22	2	3069	0	1
2438	11	6	1225	2598	0	1
2438	11	8	239	2934	0	1
2438	11	21	1	3067	0	1
2438	11	25	33	3065	0	1
2438	12	5	1316	2484	0	1
2438	12	9	58	3063	0	1
2438	12	23	1012	2712	0	1
2438	13	0	20	3050	0	1
2438	13	17	215	3026	0	1
2438	14	9	215	3026	0	1
2438	14	11	1412	2031	0	1
2438	14	24	4	3070	0	1
2438	14	31	436	2958	0	1
2438	15	5	1	3068	0	1
2438	15	17	914	2579	0	1
2438	15	21	28	3067	0	1
2438	18	5	6	3071	0	1
2438	18	21	26	3073	0	1
2438	18	27	6	3070	0	1
2438	19	4	110	3068	0	1
2438	19	5	1	3066	0	1
2438	19	6	8	3071	0	1
2438	19	7	4	3065	0	1
2438	19	21	4	3069	0	1
2438	19	27	5	3069	0	1
2438	20	5	113	3071	0	1
2438	20	21	32	3071	0	1
2438	20	23	220	3055	0	1
2438	21	5	9	3069	0	1
2438	21	7	7	3069	0	1
2438	21	11	42	3039	0	1
2438	21	21	14	3069	0	1
2438	23	5	127	3043	0	1
2438	23	21	977	2702	0	1
2439	0	11	44	3075	0	1
2439	0	19	19	3065	0	1
2439	1	11	14	3066	0	1
2439	1	23	2	3065	0	1
2439	1	24	4	3066	0	1
2439	1	26	12	3071	0	1
2439	2	0	2	3066	0	1
2439	2	2	2	3067	0	1
2439	2	5	13	3061	0	1
2439	2	11	1	3067	0	1
2439	2	15	490	2819	0	1
2439	2	16	6	3065	0	1
2439	2	19	27	3060	0	1
2439	3	0	20	3069	0	1
2439	3	5	6	3065	0	1
2439	3	8	13	3065	0	1
2439	3	11	248	2902	0	1
2439	3	24	2	3069	0	1
2439	4	3	105	3062	0	1
2439	4	8	58	3073	0	1
2439	4	9	4	3070	0	1
2439	5	0	149	3054	0	1
2439	5	2	1	3068	0	1
2439	5	17	38	3066	0	1
2439	5	31	1105	2624	0	1
2439	6	1	55	3069	0	1
2439	6	8	3	3067	0	1
2439	6	24	10	3065	0	1
2439	7	7	39	3052	0	1
2439	7	8	18	3069	0	1
2439	7	13	207	3036	0	1
2439	7	26	33	3067	0	1
2439	8	3	207	3036	0	1
2439	8	6	2	3067	0	1
2439	8	10	58	3073	0	1
2439	8	24	227	3031	0	1
2439	9	6	2	3067	0	1
2439	9	8	380	2978	0	1
2439	9	22	2	3067	0	1
2439	9	24	650	2781	0	1
2439	10	5	1225	2594	0	1
2439	10	6	5	3067	0	1
2439	10	8	741	2685	0	1
2439	10	9	29	3075	0	1
2439	10	10	3	3066	0	1
2439	10	11	4	3067	0	1
2439	10	17	56	3061	0	1
2439	10	22	2	3069	0	1
2439	10	24	742	2684	0	1
2439	10	26	12	3066	0	1
2439	11	8	742	2684	0	1
2439	11	10	21	3068	0	1
2439	11	15	1	3066	0	1
2439	11	24	742	2684	0	1
2439	11	25	44	3069	0	1
2439	12	2	2	3068	0	1
2439	12	4	621	2931	0	1
2439	12	10	168	3041	0	1
2439	14	11	485	2803	0	1
2439	14	17	485	2803	0	1
2439	14	19	4	3068	0	1
2439	15	5	5	3069	0	1
2439	15	8	1	3068	0	1
2439	15	10	1	3066	0	1
2439	16	7	1	3068	0	1
2439	16	24	1	3067	0	1
2439	18	17	25	3071	0	1
2439	18	20	23	3073	0	1
2439	18	21	51	3070	0	1
2439	19	7	58	3070	0	1
2439	19	25	14	3067	0	1
2439	20	21	213	3052	0	1
2439	21	7	605	2945	0	1
2439	21	11	566	2873	0	1
2439	21	27	62	3058	0	1
2440	0	5	1	3068	0	1
2440	0	15	1	3067	0	1
2440	1	11	5	3070	0	1
2440	1	22	6	3068	0	1
2440	1	24	4	3068	0	1
2440	1	29	2	3066	0	1
2440	1	31	9	3062	0	1
2440	2	1	9	3061	0	1
2440	2	3	27	3050	0	1
2440	2	9	13	3067	0	1
2440	2	21	31	3047	0	1
2440	2	22	16	3051	0	1
2440	2	31	24	3049	0	1
2440	3	19	36	3054	0	1
2440	4	13	11	3056	0	1
2440	4	16	3	3067	0	1
2440	4	21	28	3051	0	1
2440	4	22	18	3057	0	1
2440	4	27	16	3051	0	1
2440	4	31	4	3063	0	1
2440	5	7	2	3065	0	1
2440	5	31	1129	2554	0	1
2440	6	5	3	3067	0	1
2440	6	9	3	3066	0	1
2440	6	10	1400	2345	0	1
2440	6	23	2	3069	0	1
2440	6	29	16	3068	0	1
2440	7	2	3	3068	0	1
2440	7	6	39	3072	0	1
2440	7	12	15	3067	0	1
2440	7	26	12	3066	0	1
2440	8	9	56	3065	0	1
2440	8	26	55	3069	0	1
2440	9	1	50	3074	0	1
2440	9	4	380	2984	0	1
2440	9	12	19	3060	0	1
2440	9	19	12	3061	0	1
2440	9	25	7	3067	0	1
2440	9	26	363	3011	0	1
2440	9	30	405	2895	0	1
2440	10	7	11	3068	0	1
2440	10	12	1	3068	0	1
2440	10	13	30	3067	0	1
2440	10	14	46	3069	0	1
2440	10	28	384	2862	0	1
2440	10	29	434	2836	0	1
2440	11	6	182	2958	0	1
2440	11	8	407	2851	0	1
2440	11	13	74	3071	0	1
2440	11	23	1121	2582	0	1
2440	12	3	131	3062	0	1
2440	12	7	80	3063	0	1
2440	12	21	432	2957	0	1
2440	12	31	446	2967	0	1
2440	13	0	149	3048	0	1
2440	13	5	4	3063	0	1
2440	13	31	20	3050	0	1
2440	14	23	621	2931	0	1
2440	16	24	290	2878	0	1
2440	18	12	1	3068	0	1
2440	18	23	1	3067	0	1
2440	18	31	1	3068	0	1
2440	19	13	12	3070	0	1
2440	19	23	4	3067	0	1
2440	20	21	127	3073	0	1
2440	23	9	420	2974	0	1
2441	0	1	2	3066	0	1
2441	0	21	4	3069	0	1
2441	0	30	3	3067	0	1
2441	1	7	6	3068	0	1
2441	1	18	2	3066	0	1
2441	1	24	3	3065	0	1
2441	1	31	1	3067	0	1
2441	2	3	23	3054	0	1
2441	2	9	12	3066	0	1
2441	2	15	16	3065	0	1
2441	2	20	15	3052	0	1
2441	2	26	15	3067	0	1
2441	3	7	22	3050	0	1
2441	3	9	19	3056	0	1
2441	3	22	22	3053	0	1
2441	4	7	3	3064	0	1
2441	4	31	2	3065	0	1
2441	5	7	4	3063	0	1
2441	6	5	3	3067	0	1
2441	6	6	72	3067	0	1
2441	6	30	23	3073	0	1
2441	7	14	6	3066	0	1
2441	7	30	31	3065	0	1
2441	8	5	24	3058	0	1
2441	8	6	323	2928	0	1
2441	8	11	21	3062	0	1
2441	8	29	46	3051	0	1
2441	9	1	43	3076	0	1
2441	9	2	211	3029	0	1
2441	9	14	121	2994	0	1
2441	10	12	4	3067	0	1
2441	10	14	17	3067	0	1
2441	11	1	407	2851	0	1
2441	11	4	407	2851	0	1
2441	11	6	1121	2582	0	1
2441	11	8	720	2700	0	1
2441	12	3	148	3052	0	1
2441	12	25	67	3064	0	1
2441	15	1	215	3026	0	1
2441	16	15	283	2891	0	1
2441	17	1	1071	2665	0	1
2441	17	31	1	3067	0	1
2441	18	22	13	3073	0	1
2441	19	11	4	3069	0	1
2441	20	1	30	3076	0	1
2441	21	31	24	3058	0	1
2442	0	6	2	3066	0	1
2442	0	14	1	3067	0	1
2442	0	20	5	3068	0	1
2442	0	26	2	3066	0	1
2442	1	6	5	3068	0	1
2442	1	14	1	3068	0	1
2442	1	19	1	3068	0	1
2442	1	22	7	3069	0	1
2442	1	23	11	3065	0	1
2442	2	12	49	3035	0	1
2442	2	14	13	3065	0	1
2442	2	20	33	3039	0	1
2442	2	21	44	3038	0	1
2442	3	23	17	3056	0	1
2442	4	11	32	3047	0	1
2442	4	12	16	3051	0	1
2442	4	17	7	3063	0	1
2442	4	20	32	3047	0	1
2442	4	21	32	3047	0	1
2442	4	23	32	3047	0	1
2442	4	26	16	3051	0	1
2442	4	30	4	3063	0	1
2442	5	6	4	3063	0	1
2442	6	5	4	3068	0	1
2442	6	11	1753	2165	0	1
2442	6	18	1	3066	0	1
2442	6	29	14	3066	0	1
2442	7	3	7	3064	0	1
2442	7	13	21	3065	0	1
2442	7	15	2	3068	0	1
2442	7	18	1	3068	0	1
2442	7	31	24	3067	0	1
2442	8	7	190	2987	0	1
2442	8	18	206	3034	0	1
2442	8	31	145	2996	0	1
2442	9	1	69	3071	0	1
2442	9	3	175	3042	0	1
2442	9	13	24	3058	0	1
2442	9	15	14	3058	0	1
2442	9	18	448	2975	0	1
2442	10	6	11	3068	0	1
2442	10	12	27	3067	0	1
2442	10	14	6	3067	0	1
2442	10	28	384	2862	0	1
2442	10	29	434	2836	0	1
2442	11	5	721	2699	0	1
2442	11	7	193	2947	0	1
2442	11	9	433	2837	0	1
2442	12	2	56	3061	0	1
2442	12	6	32	3069	0	1
2442	14	28	1012	2712	0	1
2442	17	28	1	3067	0	1
2442	18	13	3	3067	0	1
2442	18	23	1	3068	0	1
2442	18	26	2	3067	0	1
2442	20	6	2	3065	0	1
2442	20	15	10	3062	0	1
2442	21	9	58	3070	0	1
2443	0	0	2	3066	0	1
2443	0	4	1	3068	0	1
2443	0	26	3	3065	0	1
2443	1	13	1	3068	0	1
2443	1	23	11	3067	0	1
2443	1	28	11	3062	0	1
2443	2	0	3	3064	0	1
2443	2	2	15	3058	0	1
2443	2	6	4	3063	0	1
2443	2	14	16	3065	0	1
2443	3	8	23	3053	0	1
2443	3	23	23	3053	0	1
2443	3	30	5	3063	0	1
2443	4	23	28	3051	0	1
2443	4	26	12	3055	0	1
2443	5	28	16	3051	0	1
2443	6	3	6	3066	0	1
2443	6	5	3	3068	0	1
2443	6	7	2	3067	0	1
2443	6	8	3	3067	0	1
2443	6	22	3	3067	0	1
2443	6	24	1133	2553	0	1
2443	7	5	31	3068	0	1
2443	7	13	19	3065	0	1
2443	7	18	2	3066	0	1
2443	8	4	22	3057	0	1
2443	8	7	173	2999	0	1
2443	8	29	19	3067	0	1
2443	9	1	8	3066	0	1
2443	9	13	55	3061	0	1
2443	9	15	24	3053	0	1
2443	9	18	13	3060	0	1
2443	9	27	23	3066	0	1
2443	10	12	10	3066	0	1
2443	10	14	3	3068	0	1
2443	10	29	721	2699	0	1
2443	11	0	434	2836	0	1
2443	11	5	433	2837	0	1
2443	11	30	2	3069	0	1
2443	12	6	74	3061	0	1
2443	15	0	144	3032	0	1
2443	15	3	314	2995	0	1
2443	18	6	2	3068	0	1
2443	18	22	1	3068	0	1
2443	19	2	4	3067	0	1
2443	19	6	5	3070	0	1
2443	20	11	3	3067	0	1
2443	20	15	227	3056	0	1
2443	21	11	69	3069	0	1
2444	0	1	2	3066	0	1
2444	0	5	1	3068	0	1
2444	0	7	2	3066	0	1
2444	0	15	1	3067	0	1
2444	0	27	3	3065	0	1
2444	0	31	2	3065	0	1
2444	1	7	1	3067	0	1
2444	1	11	5	3070	0	1
2444	1	29	5	3066	0	1
2444	1	31	3	3066	0	1
2444	2	1	5	3065	0	1
2444	2	3	10	3062	0	1
2444	2	7	1	3066	0	1
2444	2	9	6	3066	0	1
2444	2	15	6	3066	0	1
2444	2	20	13	3054	0	1
2444	2	31	3	3064	0	1
2444	3	7	3	3064	0	1
2444	3	22	28	3050	0	1
2444	3	31	1	3066	0	1
2444	4	1	7	3060	0	1
2444	4	7	1	3066	0	1
2444	4	13	16	3051	0	1
2444	4	16	7	3063	0	1
2444	4	27	7	3060	0	1
2444	4	31	1	3066	0	1
2444	5	7	1	3066	0	1
2444	5	29	7	3060	0	1
2444	5	31	297	2912	0	1
2444	6	4	4	3068	0	1
2444	6	5	3	3067	0	1
2444	6	6	1	3068	0	1
2444	6	9	3	3067	0	1
2444	6	10	624	2678	0	1
2444	6	23	3	3067	0	1
2444	6	28	8	3064	0	1
2444	6	29	17	3067	0	1
2444	6	30	43	3067	0	1
2444	7	2	10	3065	0	1
2444	7	12	21	3065	0	1
2444	7	14	6	3066	0	1
2444	7	19	3	3067	0	1
2444	8	6	323	2928	0	1
2444	8	9	54	3072	0	1
2444	8	11	10	3067	0	1
2444	8	17	7	3070	0	1
2444	8	30	324	2927	0	1
2444	10	7	11	3068	0	1
2444	10	12	2	3067	0	1
2444	10	13	30	3067	0	1
2444	10	26	720	2700	0	1
2444	10	28	233	2931	0	1
2444	10	29	434	2836	0	1
2444	11	1	434	2836	0	1
2444	11	8	434	2836	0	1
2444	11	13	1	3066	0	1
2444	11	23	1121	2582	0	1
2444	11	31	28	3070	0	1
2444	13	0	149	3048	0	1
2444	13	5	4	3063	0	1
2444	14	23	245	3011	0	1
2444	14	30	1071	2665	0	1
2444	15	2	621	2931	0	1
2444	15	8	1071	2665	0	1
2444	16	15	484	2753	0	1
2444	17	1	484	2753	0	1
2444	17	31	1	3066	0	1
2444	19	13	1	3067	0	1
2444	19	23	6	3069	0	1
2444	20	1	10	3069	0	1
2444	20	7	19	3067	0	1
2444	21	10	1	3068	0	1
2444	21	31	24	3058	0	1
2444	22	7	12	3069	0	1
2445	0	18	3	3065	0	1
2445	0	31	4	3068	0	1
2445	1	18	1	3066	0	1
2445	1	22	11	3064	0	1
2445	1	23	6	3069	0	1
2445	1	24	2	3066	0	1
2445	1	29	6	3063	0	1
2445	1	31	6	3064	0	1
2445	2	13	9	3058	0	1
2445	2	20	14	3053	0	1
2445	2	21	14	3059	0	1
2445	3	9	19	3057	0	1
2445	3	22	32	3047	0	1
2445	4	1	16	3051	0	1
2445	4	7	13	3058	0	1
2445	4	10	23	3051	0	1
2445	4	13	15	3052	0	1
2445	4	20	24	3054	0	1
2445	4	21	32	3047	0	1
2445	6	4	4	3068	0	1
2445	6	5	3	3067	0	1
2445	6	9	3	3067	0	1
2445	6	23	3	3067	0	1
2445	6	28	8	3064	0	1
2445	6	29	17	3067	0	1
2445	6	30	43	3067	0	1
2445	7	2	10	3065	0	1
2445	7	4	3	3066	0	1
2445	7	6	5	3066	0	1
2445	7	12	21	3065	0	1
2445	7	14	6	3066	0	1
2445	7	19	2	3069	0	1
2445	7	30	34	3066	0	1
2445	8	17	14	3066	0	1
2445	8	26	3	3070	0	1
2445	8	29	100	3044	0	1
2445	10	26	203	2949	0	1
2445	10	28	434	2836	0	1
2445	10	29	233	2931	0	1
2445	11	1	434	2836	0	1
2445	11	4	434	2836	0	1
2445	11	6	194	2947	0	1
2445	11	8	434	2836	0	1
2445	11	9	6	3067	0	1
2445	11	23	1121	2582	0	1
2445	12	3	135	3058	0	1
2445	12	7	149	3048	0	1
2445	12	21	107	3034	0	1
2445	12	25	52	3064	0	1
2445	13	5	2	3065	0	1
2445	15	8	1071	2665	0	1
2445	16	14	1	3067	0	1
2445	17	31	1	3066	0	1
2445	18	10	13	3063	0	1
2445	18	27	1	3067	0	1
2445	18	31	1	3067	0	1
2445	19	3	2	3068	0	1
2445	19	11	2	3068	0	1
2445	19	31	4	3067	0	1
2445	20	21	13	3067	0	1
2445	20	27	58	3072	0	1
2445	21	10	4	3067	0	1
2446	0	5	1	3068	0	1
2446	0	18	3	3065	0	1
2446	0	31	4	3068	0	1
2446	1	15	1	3068	0	1
2446	1	18	1	3068	0	1
2446	1	22	8	3067	0	1
2446	1	23	6	3069	0	1
2446	1	24	4	3068	0	1
2446	1	29	4	3067	0	1
2446	2	1	6	3062	0	1
2446	2	7	3	3064	0	1
2446	2	9	13	3067	0	1
2446	2	13	9	3058	0	1
2446	2	15	16	3065	0	1
2446	2	20	44	3038	0	1
2446	3	22	32	3047	0	1
2446	4	10	21	3055	0	1
2446	4	20	28	3051	0	1
2446	4	22	32	3047	0	1
2446	4	27	12	3055	0	1
2446	8	9	56	3065	0	1
2446	8	11	21	3062	0	1
2446	9	0	8	3070	0	1
2446	9	4	380	2984	0	1
2446	9	19	8	3062	0	1
2446	9	25	7	3067	0	1
2446	9	26	31	3066	0	1
2446	9	30	1	3066	0	1
2446	10	13	25	3068	0	1
2446	10	26	720	2700	0	1
2446	11	13	1	3066	0	1
2446	12	3	56	3061	0	1
2446	12	7	149	3048	0	1
2446	13	0	148	3047	0	1
2446	14	23	420	2972	0	1
2446	14	29	605	2848	0	1
2446	14	30	1071	2665	0	1
2446	15	1	215	3026	0	1
2446	15	8	1070	2665	0	1
2446	16	14	1	3067	0	1
2446	17	1	1071	2665	0	1
2446	18	12	3	3067	0	1
2446	18	22	13	3073	0	1
2446	19	13	12	3070	0	1
2446	19	23	4	3067	0	1
2446	20	1	30	3076	0	1
2446	20	7	2	3065	0	1
2446	21	8	58	3070	0	1
2446	21	10	1	3068	0	1
2447	0	27	3	3065	0	1
2447	1	7	6	3068	0	1
2447	1	11	5	3070	0	1
2447	1	12	1	3068	0	1
2447	1	18	2	3066	0	1
2447	1	22	11	3067	0	1
2447	1	24	4	3064	0	1
2447	1	29	11	3062	0	1
2447	1	31	9	3062	0	1
2447	2	1	9	3061	0	1
2447	2	3	27	3050	0	1
2447	2	7	4	3063	0	1
2447	2	9	8	3066	0	1
2447	2	15	8	3066	0	1
2447	2	22	16	3051	0	1
2447	2	26	15	3067	0	1
2447	2	31	24	3049	0	1
2447	3	7	22	3050	0	1
2447	3	9	19	3057	0	1
2447	3	19	36	3054	0	1
2447	3	22	24	3052	0	1
2447	3	31	4	3063	0	1
2447	4	1	16	3051	0	1
2447	4	7	4	3063	0	1
2447	4	10	32	3047	0	1
2447	4	20	32	3047	0	1
2447	4	27	16	3051	0	1
2447	4	31	4	3063	0	1
2447	5	7	4	3063	0	1
2447	5	29	16	3051	0	1
2447	5	31	1129	2554	0	1
2447	6	23	2	3068	0	1
2447	7	4	31	3068	0	1
2447	7	6	39	3072	0	1
2447	7	30	31	3065	0	1
2447	8	6	157	3003	0	1
2447	8	17	14	3066	0	1
2447	8	26	55	3069	0	1
2447	8	28	6	3067	0	1
2447	9	12	11	3062	0	1
2447	10	12	4	3067	0	1
2447	11	13	74	3071	0	1
2447	11	31	2	3069	0	1
2447	12	21	432	2957	0	1
2447	12	25	23	3067	0	1
2447	13	31	20	3050	0	1
2447	14	23	621	2931	0	1
2447	14	29	1012	2712	0	1
2447	15	8	1071	2665	0	1
2447	18	7	1	3068	0	1
2447	18	23	1	3067	0	1
2447	20	27	58	3072	0	1
2447	23	9	420	2974	0	1
2448	0	18	1	3066	0	1
2448	0	21	5	3068	0	1
2448	0	27	2	3066	0	1
2448	0	31	5	3063	0	1
2448	1	22	6	3065	0	1
2448	1	23	7	3069	0	1
2448	1	29	8	3064	0	1
2448	1	31	7	3063	0	1
2448	2	1	6	3061	0	1
2448	2	7	3	3064	0	1
2448	2	9	6	3067	0	1
2448	2	15	7	3066	0	1
2448	2	21	33	3039	0	1
2448	2	22	16	3051	0	1
2448	3	7	4	3063	0	1
2448	3	22	32	3047	0	1
2448	3	31	4	3063	0	1
2448	4	21	32	3047	0	1
2448	4	27	10	3057	0	1
2448	5	7	1	3066	0	1
2448	5	29	12	3055	0	1
2448	5	31	911	2646	0	1
2448	6	4	4	3068	0	1
2448	6	5	1	3066	0	1
2448	6	6	3	3064	0	1
2448	6	25	1133	2553	0	1
2448	6	28	14	3066	0	1
2448	7	12	21	3065	0	1
2448	7	14	6	3066	0	1
2448	7	19	3	3067	0	1
2448	7	26	12	3066	0	1
2448	8	5	18	3059	0	1
2448	8	9	37	3072	0	1
2448	8	19	114	3032	0	1
2448	8	28	10	3067	0	1
2448	9	0	14	3066	0	1
2448	9	6	15	3057	0	1
2448	9	12	55	3061	0	1
2448	9	14	121	2994	0	1
2448	9	26	363	3011	0	1
2448	10	12	4	3067	0	1
2448	10	13	22	3066	0	1
2448	10	14	8	3065	0	1
2448	10	15	6	3067	0	1
2448	10	26	233	2931	0	1
2448	10	28	721	2699	0	1
2448	11	4	721	2699	0	1
2448	11	6	1121	2582	0	1
2448	11	8	720	2700	0	1
2448	11	9	6	3067	0	1
2448	12	7	103	3062	0	1
2448	12	25	67	3064	0	1
2448	12	31	184	3046	0	1
2448	14	30	1071	2665	0	1
2448	15	2	621	2931	0	1
2448	15	8	1071	2665	0	1
2448	16	15	484	2753	0	1
2448	18	27	2	3067	0	1
2448	18	31	1	3067	0	1
2448	19	3	4	3067	0	1
2448	19	7	5	3070	0	1
2448	19	31	3	3068	0	1
2448	20	10	3	3067	0	1
2448	20	14	13	3061	0	1
2448	20	27	7	3066	0	1
2448	21	10	69	3069	0	1
2448	22	7	12	3069	0	1
2449	0	1	2	3066	0	1
2449	0	7	2	3066	0	1
2449	0	21	2	3066	0	1
2449	0	30	4	3068	0	1
2449	0	31	3	3064	0	1
2449	1	11	3	3068	0	1
2449	1	18	2	3066	0	1
2449	1	24	3	3065	0	1
2449	1	31	4	3064	0	1
2449	2	1	6	3061	0	1
2449	2	3	23	3054	0	1
2449	2	7	4	3063	0	1
2449	2	13	49	3035	0	1
2449	2	20	14	3053	0	1
2449	3	9	23	3053	0	1
2449	3	31	2	3065	0	1
2449	4	1	16	3051	0	1
2449	4	7	4	3063	0	1
2449	4	13	16	3051	0	1
2449	4	16	7	3063	0	1
2449	4	20	28	3051	0	1
2449	5	31	883	2675	0	1
2449	6	2	6	3066	0	1
2449	6	4	4	3068	0	1
2449	6	5	3	3067	0	1
2449	6	6	72	3067	0	1
2449	6	9	3	3066	0	1
2449	6	10	1753	2165	0	1
2449	6	19	1	3066	0	1
2449	6	23	2	3069	0	1
2449	6	25	1133	2553	0	1
2449	7	19	2	3069	0	1
2449	8	5	24	3058	0	1
2449	8	6	323	2928	0	1
2449	8	9	45	3076	0	1
2449	8	11	9	3066	0	1
2449	8	19	212	3024	0	1
2449	9	19	448	2975	0	1
2449	10	13	10	3066	0	1
2449	10	14	46	3069	0	1
2449	10	15	4	3065	0	1
2449	11	9	8	3067	0	1
2449	11	13	1	3066	0	1
2449	11	31	56	3067	0	1
2449	12	3	236	3039	0	1
2449	13	0	149	3048	0	1
2449	13	5	4	3063	0	1
2449	14	30	1071	2665	0	1
2449	15	2	621	2931	0	1
2449	15	8	1071	2665	0	1
2449	17	29	1	3067	0	1
2449	17	31	1	3067	0	1
2449	18	22	2	3067	0	1
2449	19	11	4	3069	0	1
2449	19	31	4	3067	0	1
2449	20	1	7	3069	0	1
2449	20	7	19	3067	0	1
2449	20	21	127	3073	0	1
2449	20	31	12	3067	0	1
2449	21	31	24	3058	0	1
2450	11	16	46	3069	0	1
2451	1	0	2	3066	0	1
2451	2	16	23	3054	0	1
2451	2	18	21	3051	0	1
2451	4	16	12	3055	0	1
2451	4	17	21	3051	0	1
2451	11	16	28	3069	0	1
2451	19	0	2	3069	0	1
2451	19	1	2	3067	0	1
2451	19	16	4	3067	0	1
2451	19	24	8	3070	0	1
2452	0	0	2	3066	0	1
2452	0	2	1	3066	0	1
2452	0	16	3	3065	0	1
2452	1	0	3	3069	0	1
2452	1	8	2	3068	0	1
2452	1	16	7	3062	0	1
2452	1	18	8	3067	0	1
2452	1	20	4	3067	0	1
2452	1	22	7	3067	0	1
2452	2	0	4	3063	0	1
2452	2	2	19	3057	0	1
2452	2	8	5	3065	0	1
2452	2	10	10	3061	0	1
2452	2	16	4	3063	0	1
2452	2	18	11	3056	0	1
2452	3	0	4	3063	0	1
2452	3	8	12	3055	0	1
2452	3	16	4	3063	0	1
2452	3	20	12	3055	0	1
2452	3	24	28	3051	0	1
2452	3	28	21	3051	0	1
2452	4	0	4	3063	0	1
2452	4	2	28	3051	0	1
2452	4	4	12	3055	0	1
2452	4	6	21	3051	0	1
2452	4	16	4	3063	0	1
2452	4	17	28	3051	0	1
2452	5	0	4	3063	0	1
2452	5	8	12	3055	0	1
2452	5	16	4	3063	0	1
2452	5	18	28	3051	0	1
2452	5	24	12	3055	0	1
2452	5	26	21	3051	0	1
2452	6	0	1129	2554	0	1
2452	6	1	624	2678	0	1
2452	6	4	4	3066	0	1
2452	6	5	838	2383	0	1
2452	10	0	8	3067	0	1
2452	10	8	6	3067	0	1
2452	10	16	4	3067	0	1
2452	10	20	14	3064	0	1
2452	11	0	30	3067	0	1
2452	11	16	1	3066	0	1
2452	12	8	67	3064	0	1
2452	12	9	84	3074	0	1
2452	13	0	125	3021	0	1
2452	13	8	432	2957	0	1
2452	13	16	4	3063	0	1
2452	13	17	1332	2524	0	1
2452	14	16	484	2753	0	1
2452	17	18	1	3067	0	1
2452	18	16	1	3068	0	1
2452	18	20	1	3067	0	1
2452	18	21	2	3067	0	1
2452	19	0	2	3068	0	1
2452	19	1	2	3067	0	1
2452	19	16	1	3068	0	1
2452	19	24	5	3070	0	1
2452	20	0	3	3067	0	1
2452	20	4	7	3069	0	1
2452	20	6	30	3076	0	1
2452	20	16	3	3066	0	1
2452	20	17	1	3068	0	1
2452	20	24	12	3065	0	1
2452	20	25	57	3071	0	1
2452	21	0	21	3067	0	1
2452	21	8	127	3073	0	1
2452	21	16	13	3061	0	1
2452	22	0	10	3069	0	1
2452	22	8	420	2974	0	1
2452	22	16	106	3023	0	1
2453	0	17	1	3068	0	1
2453	3	0	28	3051	0	1
2453	3	8	21	3051	0	1
2453	5	0	28	3051	0	1
2453	5	8	21	3051	0	1
2453	11	0	10	3066	0	1
2453	12	16	252	3037	0	1
2453	12	18	56	3061	0	1
2453	14	0	1555	2351	0	1
2453	18	0	1	3067	0	1
2453	21	16	241	3054	0	1
2454	0	0	1	3066	0	1
2454	0	15	1	3067	0	1
2454	0	24	1	3067	0	1
2454	0	27	2	3066	0	1
2454	1	0	2	3066	0	1
2454	1	3	2	3065	0	1
2454	1	5	2	3065	0	1
2454	1	6	1	3066	0	1
2454	1	26	12	3068	0	1
2454	1	28	4	3066	0	1
2454	1	30	4	3066	0	1
2454	2	0	5	3067	0	1
2454	2	2	5	3067	0	1
2454	2	3	6	3068	0	1
2454	2	4	5	3063	0	1
2454	2	13	8	3068	0	1
2454	2	15	16	3065	0	1
2454	2	25	14	3067	0	1
2454	2	27	14	3067	0	1
2454	3	0	7	3068	0	1
2454	3	3	46	3048	0	1
2454	3	26	25	3047	0	1
2454	3	30	250	2873	0	1
2454	4	0	130	2993	0	1
2454	4	4	4	3063	0	1
2454	4	13	130	2993	0	1
2454	5	26	25	3047	0	1
2454	6	0	3	3067	0	1
2454	6	2	3	3067	0	1
2454	6	4	1129	2554	0	1
2454	6	25	10	3065	0	1
2454	6	27	10	3065	0	1
2454	7	0	36	3072	0	1
2454	7	3	18	3069	0	1
2454	7	5	18	3069	0	1
2454	7	16	28	3065	0	1
2454	7	17	54	3065	0	1
2454	7	28	33	3067	0	1
2454	7	30	44	3065	0	1
2454	8	0	62	3074	0	1
2454	8	2	58	3073	0	1
2454	8	3	5	3067	0	1
2454	8	13	11	3069	0	1
2454	8	15	85	3056	0	1
2454	8	24	6	3070	0	1
2454	8	25	227	3031	0	1
2454	8	27	241	3028	0	1
2454	9	0	515	2879	0	1
2454	9	3	86	3043	0	1
2454	9	5	380	2978	0	1
2454	9	6	13	3069	0	1
2454	9	16	657	2780	0	1
2454	9	17	744	2692	0	1
2454	9	27	15	3055	0	1
2454	9	28	650	2781	0	1
2454	9	30	216	2957	0	1
2454	10	0	260	2919	0	1
2454	10	2	741	2685	0	1
2454	10	13	195	2969	0	1
2454	10	15	313	2906	0	1
2454	10	25	742	2684	0	1
2454	10	27	260	2919	0	1
2454	11	0	340	2874	0	1
2454	11	3	260	2919	0	1
2454	11	5	742	2684	0	1
2454	11	16	721	2699	0	1
2454	11	17	1121	2582	0	1
2454	11	26	77	3067	0	1
2454	11	28	742	2684	0	1
2454	11	30	981	2551	0	1
2454	12	0	1489	2379	0	1
2454	12	2	1316	2484	0	1
2454	12	4	15	3067	0	1
2454	12	13	1316	2484	0	1
2454	12	28	215	3026	0	1
2454	13	0	396	2878	0	1
2454	13	10	621	2931	0	1
2454	13	21	1012	2712	0	1
2454	14	0	215	3026	0	1
2454	14	2	215	3026	0	1
2454	14	25	436	2958	0	1
2454	14	27	462	2944	0	1
2454	14	28	914	2579	0	1
2454	14	29	484	2753	0	1
2454	15	0	265	3010	0	1
2454	15	3	779	2705	0	1
2454	15	5	1	3066	0	1
2454	15	6	1	3066	0	1
2454	15	30	913	2580	0	1
2454	16	0	915	2579	0	1
2454	16	13	1071	2665	0	1
2454	16	27	1555	2351	0	1
2454	18	28	4	3069	0	1
2454	19	9	7	3073	0	1
2454	19	10	6	3071	0	1
2454	19	21	14	3074	0	1
2454	20	28	14	3069	0	1
2454	21	9	15	3066	0	1
2454	21	10	113	3071	0	1
2454	21	21	220	3055	0	1
2454	22	28	977	2702	0	1
2454	22	29	106	3023	0	1
2455	0	0	1	3066	0	1
2455	0	12	1	3068	0	1
2455	0	14	2	3066	0	1
2455	0	24	2	3066	0	1
2455	0	25	1	3067	0	1
2455	0	26	1	3068	0	1
2455	1	0	18	3067	0	1
2455	1	3	9	3068	0	1
2455	1	4	2	3066	0	1
2455	1	5	6	3067	0	1
2455	1	17	9	3062	0	1
2455	1	28	7	3064	0	1
2455	1	30	8	3065	0	1
2455	2	0	19	3059	0	1
2455	2	2	13	3060	0	1
2455	2	12	19	3056	0	1
2455	2	24	4	3063	0	1
2455	2	25	25	3047	0	1
2455	2	26	38	3034	0	1
2455	3	0	43	3029	0	1
2455	3	3	25	3047	0	1
2455	3	4	4	3063	0	1
2455	3	5	12	3060	0	1
2455	3	28	4	3063	0	1
2455	3	30	38	3034	0	1
2455	4	0	25	3047	0	1
2455	4	2	12	3060	0	1
2455	4	12	27	3050	0	1
2455	4	14	4	3063	0	1
2455	4	24	4	3063	0	1
2455	4	25	25	3047	0	1
2455	4	26	12	3060	0	1
2455	5	0	313	2838	0	1
2455	5	3	25	3047	0	1
2455	5	4	4	3063	0	1
2455	5	5	12	3060	0	1
2455	5	28	4	3063	0	1
2455	5	30	12	3060	0	1
2455	6	0	1757	2164	0	1
2455	6	2	1734	2177	0	1
2455	6	12	1152	2541	0	1
2455	7	0	1067	2342	0	1
2455	10	0	6	3066	0	1
2455	10	2	3	3066	0	1
2455	10	12	11	3066	0	1
2455	10	13	11	3066	0	1
2455	10	14	11	3068	0	1
2455	10	24	3	3068	0	1
2455	10	25	17	3064	0	1
2455	10	26	12	3066	0	1
2455	11	0	44	3071	0	1
2455	11	3	22	3069	0	1
2455	11	4	13	3069	0	1
2455	11	5	21	3068	0	1
2455	11	17	57	3067	0	1
2455	11	30	33	3065	0	1
2455	12	0	97	3071	0	1
2455	12	2	58	3063	0	1
2455	12	12	60	3066	0	1
2455	12	14	150	3048	0	1
2455	12	20	204	3031	0	1
2455	12	21	194	3038	0	1
2455	13	0	56	3073	0	1
2455	13	8	621	2931	0	1
2455	13	11	522	2963	0	1
2455	13	17	20	3050	0	1
2455	13	21	1	3067	0	1
2455	13	25	1013	2712	0	1
2455	14	7	1071	2665	0	1
2455	14	10	1072	2665	0	1
2455	14	12	484	2753	0	1
2455	14	21	1398	2265	0	1
2455	16	25	1	3067	0	1
2455	16	26	1	3067	0	1
2455	17	0	1	3067	0	1
2455	17	3	1	3067	0	1
2455	17	17	1	3066	0	1
2455	18	7	1	3066	0	1
2455	18	9	1	3066	0	1
2455	18	10	3	3067	0	1
2455	18	12	1	3066	0	1
2455	18	14	1	3068	0	1
2455	18	21	5	3069	0	1
2455	19	8	8	3070	0	1
2455	19	11	1	3068	0	1
2455	19	16	6	3069	0	1
2455	19	17	10	3069	0	1
2455	19	21	14	3074	0	1
2455	19	24	4	3070	0	1
2455	19	25	15	3073	0	1
2455	20	7	9	3069	0	1
2455	20	9	5	3069	0	1
2455	20	10	32	3075	0	1
2455	20	12	32	3077	0	1
2455	20	14	19	3067	0	1
2455	20	20	9	3066	0	1
2455	20	21	64	3078	0	1
2455	21	8	125	3070	0	1
2455	21	11	103	3070	0	1
2455	21	17	24	3058	0	1
2455	21	21	48	3072	0	1
2455	21	24	2	3065	0	1
2455	21	25	266	3062	0	1
2455	22	7	127	3043	0	1
2455	22	9	1	3066	0	1
2455	22	10	487	2971	0	1
2455	22	12	61	3045	0	1
2455	22	20	977	2702	0	1
2455	22	21	1083	2658	0	1
2456	6	17	3	3068	0	1
2456	6	20	4	3067	0	1
2456	6	21	6	3066	0	1
2456	6	28	7	3065	0	1
2456	6	29	15	3067	0	1
2456	7	1	12	3067	0	1
2456	7	2	15	3067	0	1
2456	7	9	19	3069	0	1
2456	7	11	3	3065	0	1
2456	7	16	27	3067	0	1
2456	7	17	13	3066	0	1
2456	7	20	13	3067	0	1
2456	7	21	15	3068	0	1
2456	7	28	20	3067	0	1
2456	7	29	29	3067	0	1
2456	8	1	15	3066	0	1
2456	8	2	2	3067	0	1
2456	8	3	31	3065	0	1
2456	8	8	1	3066	0	1
2456	8	11	43	3065	0	1
2456	8	16	39	3051	0	1
2456	8	17	116	3055	0	1
2456	8	18	164	3045	0	1
2456	8	19	33	3066	0	1
2456	8	25	174	3030	0	1
2456	8	27	130	3037	0	1
2456	9	0	3	3067	0	1
2456	9	1	13	3060	0	1
2456	9	2	11	3065	0	1
2456	9	3	304	2998	0	1
2456	9	10	22	3054	0	1
2456	9	11	587	2797	0	1
2456	9	21	615	2799	0	1
2456	9	29	720	2700	0	1
2456	10	3	720	2700	0	1
2456	10	11	721	2699	0	1
2456	10	18	721	2699	0	1
2456	10	26	721	2699	0	1
2456	11	2	721	2699	0	1
2456	11	10	721	2699	0	1
2457	2	0	13	3067	0	1
2457	2	2	2	3067	0	1
2457	2	17	22	3062	0	1
2457	6	21	1	3066	0	1
2457	6	29	1	3066	0	1
2457	7	0	1	3066	0	1
2457	7	1	1	3067	0	1
2457	7	2	1	3068	0	1
2457	7	3	1	3068	0	1
2457	7	8	2	3065	0	1
2457	7	11	1	3068	0	1
2457	7	16	1	3068	0	1
2457	7	24	2	3068	0	1
2457	8	1	34	3074	0	1
2457	8	2	3	3066	0	1
2457	8	3	12	3065	0	1
2457	8	8	1	3066	0	1
2457	8	11	32	3065	0	1
2457	8	17	2	3069	0	1
2457	8	18	2	3066	0	1
2457	8	19	6	3065	0	1
2457	8	26	2	3066	0	1
2457	9	2	1	3066	0	1
2457	9	3	48	3063	0	1
2457	9	8	1	3066	0	1
2457	9	11	48	3063	0	1
2457	9	20	16	3062	0	1
2457	9	21	120	3009	0	1
2457	11	24	1121	2582	0	1
2458	0	24	1	3066	0	1
2458	1	1	1	3068	0	1
2458	1	20	4	3068	0	1
2458	1	28	4	3066	0	1
2458	3	2	36	3054	0	1
2458	3	18	65	3036	0	1
2458	4	0	130	2993	0	1
2458	6	4	3	3067	0	1
2458	6	6	3	3066	0	1
2458	7	16	2	3065	0	1
2458	7	20	1	3066	0	1
2458	7	28	1	3066	0	1
2458	8	0	3	3066	0	1
2458	8	1	1	3068	0	1
2458	8	2	3	3067	0	1
2458	8	3	1	3067	0	1
2458	8	9	1	3068	0	1
2458	8	10	5	3068	0	1
2458	8	16	1	3066	0	1
2458	8	17	3	3067	0	1
2458	8	18	4	3065	0	1
2458	8	19	13	3070	0	1
2458	8	25	15	3070	0	1
2458	8	26	4	3065	0	1
2458	9	2	17	3060	0	1
2458	9	3	26	3061	0	1
2458	9	10	72	3028	0	1
2458	9	20	23	3055	0	1
2458	9	21	164	3003	0	1
2458	9	28	44	3039	0	1
2458	11	24	194	2947	0	1
2458	12	0	1489	2379	0	1
2458	14	0	215	3026	0	1
2458	14	8	183	3043	0	1
2458	14	16	621	2931	0	1
2458	14	24	26	3053	0	1
2458	15	0	1012	2712	0	1
2458	15	8	1	3067	0	1
2458	15	16	1071	2665	0	1
2458	15	24	1	3067	0	1
2458	16	0	484	2753	0	1
2458	16	8	1071	2665	0	1
2458	16	16	1555	2351	0	1
2459	6	16	1	3067	0	1
2459	6	20	6	3064	0	1
2459	6	21	1	3067	0	1
2459	6	24	1	3067	0	1
2459	7	0	2	3067	0	1
2459	7	2	2	3065	0	1
2459	7	8	3	3066	0	1
2459	7	10	2	3065	0	1
2459	7	16	2	3069	0	1
2459	7	21	2	3065	0	1
2459	7	24	5	3071	0	1
2459	7	29	3	3064	0	1
2459	8	0	1	3066	0	1
2459	8	2	2	3069	0	1
2459	8	3	2	3068	0	1
2459	8	8	3	3064	0	1
2459	8	11	5	3065	0	1
2459	8	16	1	3067	0	1
2459	8	17	4	3065	0	1
2459	8	18	1	3066	0	1
2459	8	19	5	3065	0	1
2459	8	24	10	3063	0	1
2459	8	27	12	3060	0	1
2459	9	2	25	3068	0	1
2459	9	3	16	3063	0	1
2459	9	17	1	3066	0	1
2459	9	21	21	3061	0	1
2459	9	29	24	3059	0	1
2459	10	1	403	2860	0	1
2459	10	2	1	3066	0	1
2459	10	3	30	3044	0	1
2459	10	18	194	2947	0	1
2459	11	2	434	2836	0	1
2460	0	8	7	3067	0	1
2460	0	22	97	3056	0	1
2460	0	25	49	3061	0	1
2460	0	26	72	3058	0	1
2460	0	29	36	3065	0	1
2460	0	30	68	3057	0	1
2460	1	0	111	3073	0	1
2460	1	20	91	3064	0	1
2460	2	8	421	2878	0	1
2460	2	22	241	3029	0	1
2460	2	25	206	3018	0	1
2460	2	26	153	3042	0	1
2460	2	27	108	3049	0	1
2460	2	29	157	3032	0	1
2460	2	30	153	3042	0	1
2460	3	0	241	3029	0	1
2460	3	20	236	3029	0	1
2460	4	22	207	3036	0	1
2460	4	25	135	3037	0	1
2460	4	26	1	3068	0	1
2460	5	0	207	3036	0	1
2460	5	4	57	3041	0	1
2460	5	20	167	3042	0	1
2460	6	22	867	2601	0	1
2460	6	26	878	2594	0	1
2460	7	0	867	2601	0	1
2460	7	20	1000	2585	0	1
2460	10	12	1	3067	0	1
2460	10	17	1	3067	0	1
2460	10	26	1	3067	0	1
2460	11	20	1	3067	0	1
2460	12	17	17	3073	0	1
2460	12	22	11	3074	0	1
2460	13	0	19	3071	0	1
2460	13	20	18	3076	0	1
2460	14	14	26	3069	0	1
2460	14	17	24	3074	0	1
2460	14	18	23	3069	0	1
2460	14	19	26	3069	0	1
2460	14	22	292	3006	0	1
2460	14	25	55	3063	0	1
2460	14	26	1	3066	0	1
2460	15	0	292	3006	0	1
2460	15	20	227	3022	0	1
2460	16	22	488	2802	0	1
2460	16	26	1	3066	0	1
2460	17	0	447	2907	0	1
2460	17	20	509	2811	0	1
2460	18	12	4	3069	0	1
2460	18	22	139	3027	0	1
2460	18	26	1735	1836	0	1
2460	19	0	2681	1141	0	1
2460	19	20	587	2686	0	1
2460	22	30	1	3067	0	1
2461	0	11	20	3065	0	1
2461	0	15	1109	2370	0	1
2461	0	20	37	3064	0	1
2461	0	21	97	3056	0	1
2461	0	26	47	3065	0	1
2461	1	19	10	3057	0	1
2461	2	16	241	3029	0	1
2461	2	17	241	3029	0	1
2461	2	20	163	3035	0	1
2461	2	21	241	3029	0	1
2461	2	24	114	3049	0	1
2461	2	26	190	3045	0	1
2461	4	20	103	3051	0	1
2461	4	21	207	3036	0	1
2461	4	24	47	3052	0	1
2461	6	16	867	2601	0	1
2461	6	17	867	2601	0	1
2461	6	21	867	2601	0	1
2461	10	11	1	3067	0	1
2461	10	20	1	3067	0	1
2461	12	17	9	3072	0	1
2461	12	20	1	3068	0	1
2461	12	21	9	3072	0	1
2461	14	17	292	3006	0	1
2461	14	20	75	3049	0	1
2461	14	21	292	3006	0	1
2461	16	17	488	2802	0	1
2461	16	21	488	2802	0	1
2461	18	15	2	3069	0	1
2461	18	16	83	3067	0	1
2461	18	17	83	3067	0	1
2461	18	21	139	3027	0	1
2461	18	25	7	3070	0	1
2461	18	29	17	3074	0	1
2461	19	3	23	3073	0	1
2461	19	19	17	3072	0	1
2461	20	15	32	3067	0	1
2461	20	25	244	3030	0	1
2461	20	29	257	3042	0	1
2461	21	3	334	2991	0	1
2461	21	19	198	3033	0	1
2461	22	15	290	2818	0	1
2461	22	17	422	2972	0	1
2461	22	25	422	2972	0	1
2461	22	29	422	2972	0	1
2461	23	3	620	2899	0	1
2461	23	19	180	3030	0	1
2462	0	30	3	3066	0	1
2462	0	31	1	3067	0	1
2462	12	11	1	3066	0	1
2462	12	26	2	3067	0	1
2462	12	27	1	3066	0	1
2462	13	10	2	3068	0	1
2462	13	11	1	3068	0	1
2462	13	27	1	3068	0	1
2462	14	11	13	3067	0	1
2462	14	26	20	3064	0	1
2462	14	27	20	3068	0	1
2462	15	11	19	3069	0	1
2462	15	26	94	3064	0	1
2462	15	27	39	3069	0	1
2462	16	11	43	3064	0	1
2462	16	27	53	3054	0	1
2462	17	11	53	3054	0	1
2462	18	11	231	2976	0	1
2462	18	27	244	2987	0	1
2462	19	11	626	2584	0	1
2463	0	30	3	3066	0	1
2463	4	8	1132	2444	0	1
2463	10	10	1	3067	0	1
2463	12	10	1	3066	0	1
2463	12	26	5	3069	0	1
2463	13	10	7	3071	0	1
2463	13	26	4	3067	0	1
2463	14	10	26	3070	0	1
2463	14	26	38	3067	0	1
2463	15	10	85	3075	0	1
2463	15	26	181	3057	0	1
2463	16	10	158	3019	0	1
2463	16	26	344	2906	0	1
2463	17	10	483	2805	0	1
2463	17	26	485	2803	0	1
2463	18	10	485	2803	0	1
2463	18	26	485	2803	0	1
2463	19	10	301	2910	0	1
2464	0	31	3	3066	0	1
2464	4	9	203	2929	0	1
2464	4	10	121	2991	0	1
2464	14	8	3	3066	0	1
2465	4	11	1132	2444	0	1
2465	12	25	5	3069	0	1
2465	13	25	9	3072	0	1
2465	14	25	38	3067	0	1
2465	15	25	181	3057	0	1
2465	16	25	344	2906	0	1
2465	17	25	485	2803	0	1
2465	18	9	257	2980	0	1
2465	18	25	485	2803	0	1
2465	19	9	766	2507	0	1
2466	0	15	19	3066	0	1
2466	0	17	33	3039	0	1
2466	0	27	1	3066	0	1
2466	1	11	11	3069	0	1
2466	2	17	32	3047	0	1
2466	2	21	9	3063	0	1
2466	2	27	5	3067	0	1
2466	2	29	3	3068	0	1
2466	3	5	4	3068	0	1
2466	4	9	2	3067	0	1
2466	4	11	3	3067	0	1
2466	4	13	5	3066	0	1
2466	4	21	21	3069	0	1
2466	4	27	12	3066	0	1
2466	5	11	18	3069	0	1
2466	5	13	24	3069	0	1
2466	5	15	140	3054	0	1
2466	6	15	110	3071	0	1
2466	6	27	203	3041	0	1
2466	7	11	380	2978	0	1
2466	7	27	650	2781	0	1
2466	8	11	741	2685	0	1
2466	8	17	52	3070	0	1
2466	8	27	714	2865	0	1
2466	9	11	742	2684	0	1
2466	10	10	1	3067	0	1
2466	11	1	39	3073	0	1
2466	11	7	112	3028	0	1
2466	11	27	1316	2484	0	1
2466	12	10	1	3066	0	1
2466	12	13	10	3073	0	1
2466	13	1	5	3069	0	1
2466	13	10	7	3071	0	1
2466	14	9	181	3057	0	1
2466	14	10	26	3070	0	1
2466	14	27	1	3067	0	1
2466	15	10	85	3075	0	1
2466	15	15	37	3067	0	1
2466	16	10	158	3019	0	1
2466	16	13	485	2803	0	1
2466	17	10	483	2805	0	1
2466	17	15	344	2906	0	1
2466	17	27	6	3069	0	1
2466	18	10	485	2803	0	1
2466	18	26	244	2981	0	1
2466	18	27	30	3069	0	1
2466	19	10	301	2910	0	1
2466	19	27	49	3057	0	1
2466	20	27	359	2924	0	1
2467	0	16	1	3066	0	1
2467	0	26	5	3067	0	1
2467	1	2	1	3068	0	1
2467	1	10	21	3070	0	1
2467	1	26	38	3069	0	1
2467	2	0	17	3066	0	1
2467	2	10	9	3068	0	1
2467	2	12	3	3069	0	1
2467	2	20	125	3031	0	1
2467	2	26	227	3031	0	1
2467	3	10	44	3046	0	1
2467	3	14	19	3072	0	1
2467	3	26	195	2972	0	1
2467	3	30	214	2954	0	1
2467	4	0	56	3038	0	1
2467	4	28	32	3047	0	1
2467	4	30	651	2886	0	1
2467	5	10	237	2936	0	1
2467	5	12	32	3047	0	1
2467	5	30	2	3067	0	1
2467	8	12	2	3069	0	1
2467	9	24	111	3000	0	1
2467	10	16	1	3066	0	1
2467	11	2	1	3066	0	1
2467	12	11	1	3066	0	1
2467	12	22	12	3068	0	1
2467	12	24	1	3067	0	1
2467	12	27	1	3066	0	1
2467	13	11	1	3068	0	1
2467	13	27	1	3068	0	1
2467	13	30	3	3066	0	1
2467	14	2	362	2991	0	1
2467	14	8	1	3068	0	1
2467	14	11	7	3069	0	1
2467	14	16	148	3026	0	1
2467	14	22	1191	2158	0	1
2467	14	24	1	3068	0	1
2467	14	27	4	3068	0	1
2467	15	8	6	3069	0	1
2467	15	11	34	3074	0	1
2467	15	22	485	2803	0	1
2467	15	24	19	3064	0	1
2467	15	27	76	3059	0	1
2467	15	30	54	3069	0	1
2467	16	11	61	3056	0	1
2467	16	16	490	2717	0	1
2467	16	22	280	2855	0	1
2467	16	27	85	3036	0	1
2467	17	8	46	3063	0	1
2467	17	11	86	3035	0	1
2467	17	22	6	3071	0	1
2467	17	27	86	3035	0	1
2467	17	30	72	3041	0	1
2467	18	6	51	3070	0	1
2467	18	8	247	3023	0	1
2467	19	8	374	2854	0	1
2467	19	22	113	3071	0	1
2467	20	6	351	2998	0	1
2468	0	2	2	3066	0	1
2468	0	3	3	3065	0	1
2468	0	4	210	2910	0	1
2468	0	16	1	3066	0	1
2468	0	17	1	3066	0	1
2468	0	27	6	3064	0	1
2468	0	28	3	3065	0	1
2468	0	29	2	3065	0	1
2468	1	2	1	3067	0	1
2468	1	11	11	3067	0	1
2468	1	18	26	3051	0	1
2468	1	19	27	3050	0	1
2468	1	27	33	3067	0	1
2468	2	1	327	3035	0	1
2468	2	4	14	3062	0	1
2468	2	5	1	3066	0	1
2468	2	11	58	3073	0	1
2468	2	12	10	3063	0	1
2468	2	13	13	3064	0	1
2468	2	20	172	3021	0	1
2468	2	21	317	2987	0	1
2468	2	26	149	3026	0	1
2468	3	0	1	3066	0	1
2468	3	1	2	3065	0	1
2468	3	6	787	2840	0	1
2468	3	7	172	3039	0	1
2468	3	10	294	2883	0	1
2468	3	14	19	3072	0	1
2468	3	15	19	3072	0	1
2468	3	30	83	3029	0	1
2468	4	0	33	3055	0	1
2468	4	1	36	3042	0	1
2468	4	2	32	3047	0	1
2468	4	3	6	3065	0	1
2468	4	5	98	3063	0	1
2468	4	7	205	3038	0	1
2468	4	21	25	3063	0	1
2468	4	28	18	3056	0	1
2468	4	29	18	3057	0	1
2468	4	30	3	3068	0	1
2468	5	11	142	2984	0	1
2468	5	12	13	3060	0	1
2468	5	13	18	3057	0	1
2468	5	15	788	2839	0	1
2468	5	31	2	3067	0	1
2468	6	2	128	3054	0	1
2468	6	3	206	3037	0	1
2468	6	9	1105	2624	0	1
2468	6	15	958	2685	0	1
2468	6	31	708	2697	0	1
2468	7	30	1316	2484	0	1
2468	8	12	42	3068	0	1
2468	10	16	1	3066	0	1
2468	10	22	1	3068	0	1
2468	10	29	4	3067	0	1
2468	11	2	74	3071	0	1
2468	11	17	10	3072	0	1
2468	12	9	9	3059	0	1
2468	12	22	26	3069	0	1
2468	13	25	1	3067	0	1
2468	13	30	7	3071	0	1
2468	14	9	2	3065	0	1
2468	14	16	158	3019	0	1
2468	14	22	1131	2152	0	1
2468	14	24	5	3069	0	1
2468	15	8	9	3065	0	1
2468	15	14	3	3067	0	1
2468	15	24	2	3066	0	1
2468	15	30	104	3067	0	1
2468	16	9	16	3062	0	1
2468	16	16	485	2803	0	1
2468	17	9	94	3061	0	1
2468	17	23	1	3067	0	1
2468	17	30	483	2805	0	1
2468	18	1	1603	1929	0	1
2468	18	6	12	3069	0	1
2468	18	7	6	3071	0	1
2468	19	22	76	3073	0	1
2468	19	23	20	3068	0	1
2468	20	6	35	3065	0	1
2468	20	8	2	3068	0	1
2468	21	22	46	3042	0	1
2469	0	0	5	3066	0	1
2469	0	1	13	3067	0	1
2469	0	9	485	2695	0	1
2469	0	11	2	3066	0	1
2469	0	15	22	3062	0	1
2469	0	16	14	3059	0	1
2469	0	17	32	3047	0	1
2469	0	18	16	3070	0	1
2469	0	19	16	3070	0	1
2469	1	0	31	3070	0	1
2469	1	1	43	3070	0	1
2469	1	10	21	3067	0	1
2469	1	11	20	3066	0	1
2469	1	12	27	3065	0	1
2469	1	16	57	3065	0	1
2469	1	17	60	3075	0	1
2469	2	0	105	3062	0	1
2469	2	1	105	3062	0	1
2469	2	16	18	3058	0	1
2469	2	18	179	3060	0	1
2469	2	19	179	3060	0	1
2469	2	21	11	3065	0	1
2469	2	25	64	3071	0	1
2469	2	27	4	3069	0	1
2469	2	28	4	3068	0	1
2469	2	29	3	3068	0	1
2469	3	1	207	3036	0	1
2469	3	4	1268	2375	0	1
2469	3	18	207	3036	0	1
2469	3	31	6	3066	0	1
2469	4	0	6	3066	0	1
2469	4	8	2	3067	0	1
2469	4	9	2	3067	0	1
2469	4	12	42	3063	0	1
2469	4	14	10	3069	0	1
2469	4	15	16	3070	0	1
2469	4	16	1753	2165	0	1
2469	4	17	1744	2171	0	1
2469	4	26	4	3068	0	1
2469	4	27	3	3068	0	1
2469	4	30	207	3036	0	1
2469	5	10	3	3069	0	1
2469	5	11	3	3069	0	1
2469	5	12	6	3063	0	1
2469	5	13	28	3065	0	1
2469	5	15	207	3036	0	1
2469	5	16	162	3051	0	1
2469	5	28	255	2949	0	1
2469	6	1	207	3036	0	1
2469	6	11	434	2807	0	1
2469	6	15	179	3060	0	1
2469	6	30	360	2910	0	1
2469	7	15	102	3038	0	1
2469	8	11	141	2991	0	1
2469	9	21	1225	2594	0	1
2469	11	0	67	3064	0	1
2469	11	1	37	3066	0	1
2469	11	6	7	3064	0	1
2469	11	26	95	3014	0	1
2469	12	13	2	3067	0	1
2469	13	1	2	3067	0	1
2469	14	9	83	3062	0	1
2469	15	15	19	3069	0	1
2469	16	13	78	3041	0	1
2469	16	26	2	3067	0	1
2469	17	15	71	3042	0	1
2469	17	26	11	3069	0	1
2469	18	10	3	3068	0	1
2469	18	26	30	3073	0	1
2469	19	10	1	3068	0	1
2469	19	26	211	3049	0	1
2469	20	10	16	3068	0	1
2469	20	26	250	2944	0	1
2469	21	10	46	3063	0	1
2469	21	26	40	3071	0	1
2469	22	10	381	2969	0	1
2469	23	10	374	2854	0	1
2470	0	2	6	3066	0	1
2470	0	10	2	3066	0	1
2470	0	16	19	3054	0	1
2470	0	17	14	3062	0	1
2470	0	27	16	3064	0	1
2470	0	29	2	3065	0	1
2470	1	3	4	3065	0	1
2470	1	11	21	3070	0	1
2470	1	18	44	3055	0	1
2470	1	19	13	3058	0	1
2470	1	27	41	3066	0	1
2470	2	1	17	3066	0	1
2470	2	3	109	2996	0	1
2470	2	5	2	3066	0	1
2470	2	11	45	3071	0	1
2470	2	13	12	3063	0	1
2470	2	16	17	3055	0	1
2470	2	26	5	3067	0	1
2470	2	27	227	3031	0	1
2470	3	7	771	2837	0	1
2470	3	10	14	3067	0	1
2470	3	11	390	2970	0	1
2470	3	15	15	3069	0	1
2470	3	27	650	2781	0	1
2470	4	1	70	3030	0	1
2470	4	3	22	3053	0	1
2470	4	7	60	3075	0	1
2470	4	12	37	3064	0	1
2470	4	14	11	3069	0	1
2470	4	19	1	3067	0	1
2470	4	29	19	3054	0	1
2470	5	11	1105	2624	0	1
2470	5	12	7	3062	0	1
2470	5	13	19	3054	0	1
2470	5	31	1	3066	0	1
2470	6	3	205	3038	0	1
2470	6	9	237	2936	0	1
2470	7	14	109	3037	0	1
2470	7	25	120	2990	0	1
2470	7	28	1105	2624	0	1
2470	8	25	708	2697	0	1
2470	9	25	742	2684	0	1
2470	10	23	3	3068	0	1
2470	12	23	10	3068	0	1
2470	12	25	1	3066	0	1
2470	13	26	10	3072	0	1
2470	13	31	2	3065	0	1
2470	14	17	55	3060	0	1
2470	14	23	1026	2273	0	1
2470	14	25	1	3068	0	1
2470	15	9	2	3067	0	1
2470	15	24	40	3065	0	1
2470	15	25	6	3064	0	1
2470	15	31	3	3066	0	1
2470	16	1	1	3066	0	1
2470	16	7	2	3067	0	1
2470	16	10	24	3073	0	1
2470	16	14	485	2803	0	1
2470	18	1	1437	2023	0	1
2470	18	3	1	3068	0	1
2470	18	7	16	3071	0	1
2470	18	25	1	3066	0	1
2470	19	23	113	3071	0	1
2470	19	25	4	3068	0	1
2470	20	7	25	3066	0	1
2470	20	25	17	3065	0	1
2470	21	23	82	3015	0	1
2470	21	25	39	3058	0	1
2470	21	26	2480	1293	0	1
2470	22	25	58	3045	0	1
2471	0	3	2	3065	0	1
2471	0	10	2	3066	0	1
2471	0	16	18	3058	0	1
2471	0	17	2	3066	0	1
2471	0	18	16	3070	0	1
2471	0	26	1	3066	0	1
2471	0	27	6	3066	0	1
2471	0	28	4	3067	0	1
2471	1	0	12	3069	0	1
2471	1	10	21	3067	0	1
2471	1	11	18	3069	0	1
2471	1	16	60	3075	0	1
2471	1	27	22	3068	0	1
2471	2	0	55	3069	0	1
2471	2	11	17	3067	0	1
2471	2	13	11	3067	0	1
2471	2	16	5	3064	0	1
2471	2	20	4	3067	0	1
2471	2	26	2	3068	0	1
2471	2	28	1	3067	0	1
2471	3	0	105	3059	0	1
2471	3	3	46	3048	0	1
2471	3	4	10	3067	0	1
2471	3	7	664	2881	0	1
2471	3	11	180	2962	0	1
2471	3	18	207	3036	0	1
2471	3	27	195	2971	0	1
2471	4	7	160	3048	0	1
2471	4	10	3	3067	0	1
2471	4	12	490	2819	0	1
2471	4	15	4	3067	0	1
2471	4	16	421	2722	0	1
2471	4	26	7	3064	0	1
2471	4	30	205	3038	0	1
2471	4	31	629	2902	0	1
2471	5	10	15	3067	0	1
2471	5	11	258	2920	0	1
2471	5	12	5	3064	0	1
2471	5	13	19	3054	0	1
2471	5	14	60	3075	0	1
2471	5	15	342	2860	0	1
2471	5	16	205	3038	0	1
2471	5	17	120	2991	0	1
2471	5	31	1	3066	0	1
2471	6	0	60	3075	0	1
2471	6	3	207	3036	0	1
2471	6	15	458	2879	0	1
2471	6	30	360	2910	0	1
2471	7	10	37	3060	0	1
2471	7	25	708	2697	0	1
2471	7	28	274	2911	0	1
2471	9	20	7	3067	0	1
2471	9	23	10	3072	0	1
2471	10	1	1	3067	0	1
2471	10	23	9	3073	0	1
2471	11	0	38	3064	0	1
2471	11	26	87	3019	0	1
2471	12	1	3	3068	0	1
2471	12	12	1	3068	0	1
2471	12	25	5	3065	0	1
2471	13	0	2	3067	0	1
2471	14	3	503	2955	0	1
2471	14	8	39	3071	0	1
2471	14	10	3	3068	0	1
2471	14	23	485	2803	0	1
2471	15	9	2	3067	0	1
2471	15	14	2	3066	0	1
2471	16	1	158	3019	0	1
2471	16	9	204	3031	0	1
2471	16	10	16	3068	0	1
2471	16	12	1	3067	0	1
2471	16	26	13	3067	0	1
2471	17	26	19	3067	0	1
2471	18	1	485	2803	0	1
2471	18	3	4	3069	0	1
2471	18	7	13	3073	0	1
2471	18	10	3	3065	0	1
2471	18	25	3	3069	0	1
2471	18	26	15	3064	0	1
2471	19	10	4	3066	0	1
2471	19	25	11	3069	0	1
2471	19	26	211	3049	0	1
2471	20	7	24	3064	0	1
2471	20	10	24	3073	0	1
2471	20	25	42	3068	0	1
2471	20	26	538	2871	0	1
2471	21	10	94	3061	0	1
2471	21	23	566	2873	0	1
2471	21	25	133	3059	0	1
2471	21	26	2792	1090	0	1
2471	22	10	381	2969	0	1
2471	22	25	250	2944	0	1
2471	23	10	546	2863	0	1
2471	23	25	40	3071	0	1
2472	0	3	1	3066	0	1
2472	0	5	90	3015	0	1
2472	0	14	12	3066	0	1
2472	0	26	2	3065	0	1
2472	0	28	1	3066	0	1
2472	1	10	21	3067	0	1
2472	1	12	12	3070	0	1
2472	1	16	42	3076	0	1
2472	1	18	287	2915	0	1
2472	2	0	74	3061	0	1
2472	2	1	327	3035	0	1
2472	2	5	2	3066	0	1
2472	2	20	11	3065	0	1
2472	2	26	5	3067	0	1
2472	2	28	4	3068	0	1
2472	3	1	2	3065	0	1
2472	3	10	14	3067	0	1
2472	3	18	177	3034	0	1
2472	4	5	94	3056	0	1
2472	4	8	2	3067	0	1
2472	4	12	490	2819	0	1
2472	4	14	5	3068	0	1
2472	4	15	4	3068	0	1
2472	4	16	1753	2165	0	1
2472	4	19	7	3069	0	1
2472	4	20	16	3067	0	1
2472	4	21	38	3069	0	1
2472	4	30	125	3052	0	1
2472	5	10	18	3069	0	1
2472	7	28	1105	2624	0	1
2472	9	20	1225	2594	0	1
2472	11	0	67	3064	0	1
2472	11	6	7	3062	0	1
2472	11	26	1316	2484	0	1
2472	14	8	11	3062	0	1
2472	14	26	9	3065	0	1
2472	15	14	4	3066	0	1
2472	15	26	19	3058	0	1
2472	16	7	2	3067	0	1
2472	16	14	485	2803	0	1
2472	16	26	2	3067	0	1
2472	17	26	11	3069	0	1
2472	18	26	50	3069	0	1
2472	19	26	211	3049	0	1
2472	20	26	250	2944	0	1
2472	21	26	40	3071	0	1
2473	0	14	22	3062	0	1
2473	0	17	1	3066	0	1
2473	0	27	12	3065	0	1
2473	0	28	4	3067	0	1
2473	1	11	21	3070	0	1
2473	1	12	27	3065	0	1
2473	1	18	44	3055	0	1
2473	1	19	6	3063	0	1
2473	1	27	15	3066	0	1
2473	2	5	14	3062	0	1
2473	2	13	13	3063	0	1
2473	2	21	316	2985	0	1
2473	2	24	64	3071	0	1
2473	2	27	207	2975	0	1
2473	2	28	4	3068	0	1
2473	3	11	303	2878	0	1
2473	3	15	18	3071	0	1
2473	3	27	16	3061	0	1
2473	3	30	12	3068	0	1
2473	3	31	214	2954	0	1
2473	4	1	68	3032	0	1
2473	4	5	94	3056	0	1
2473	4	7	207	3036	0	1
2473	4	14	7	3070	0	1
2473	4	15	1	3068	0	1
2473	4	16	782	2671	0	1
2473	4	19	3	3068	0	1
2473	4	20	17	3066	0	1
2473	4	21	31	3065	0	1
2473	4	29	19	3054	0	1
2473	4	31	651	2886	0	1
2473	5	11	237	2936	0	1
2473	5	13	18	3057	0	1
2473	5	17	33	3055	0	1
2473	5	31	2	3067	0	1
2473	6	3	207	3036	0	1
2473	6	9	1105	2624	0	1
2473	6	10	434	2807	0	1
2473	6	31	708	2697	0	1
2473	7	25	708	2697	0	1
2473	8	25	120	2990	0	1
2473	9	25	239	2934	0	1
2473	10	23	4	3067	0	1
2473	10	29	4	3067	0	1
2473	11	3	1	3066	0	1
2473	11	17	10	3072	0	1
2473	12	23	8	3068	0	1
2473	12	25	1	3067	0	1
2473	13	31	2	3067	0	1
2473	14	3	294	3012	0	1
2473	14	9	1	3068	0	1
2473	14	23	485	2803	0	1
2473	14	25	5	3069	0	1
2473	15	9	6	3069	0	1
2473	15	23	485	2803	0	1
2473	15	25	19	3064	0	1
2473	16	1	158	3019	0	1
2473	16	9	381	2969	0	1
2473	17	9	57	3043	0	1
2473	17	23	6	3071	0	1
2473	18	1	485	2803	0	1
2473	18	3	4	3069	0	1
2473	18	7	51	3070	0	1
2473	18	9	189	3004	0	1
2473	19	9	350	2942	0	1
2473	19	23	113	3071	0	1
2473	20	7	351	2998	0	1
2473	20	9	2	3068	0	1
2473	21	23	566	2873	0	1
2474	0	2	6	3066	0	1
2474	0	14	8	3067	0	1
2474	0	16	33	3039	0	1
2474	0	17	2	3066	0	1
2474	0	18	16	3070	0	1
2474	0	26	2	3065	0	1
2474	0	27	10	3065	0	1
2474	0	29	2	3066	0	1
2474	1	0	11	3064	0	1
2474	1	3	4	3065	0	1
2474	1	10	21	3067	0	1
2474	1	11	20	3069	0	1
2474	1	12	10	3069	0	1
2474	1	16	43	3078	0	1
2474	1	18	395	2858	0	1
2474	2	13	6	3063	0	1
2474	2	16	32	3047	0	1
2474	2	24	12	3066	0	1
2474	2	26	3	3066	0	1
2474	3	0	115	3058	0	1
2474	3	4	1268	2375	0	1
2474	3	11	239	2908	0	1
2474	3	27	197	2970	0	1
2474	3	30	11	3069	0	1
2474	3	31	125	3006	0	1
2474	4	0	6	3066	0	1
2474	4	5	94	3056	0	1
2474	4	7	207	3036	0	1
2474	4	10	3	3067	0	1
2474	4	14	16	3070	0	1
2474	4	15	3	3068	0	1
2474	4	16	897	2607	0	1
2474	4	19	7	3069	0	1
2474	4	20	9	3064	0	1
2474	4	26	10	3065	0	1
2474	4	29	18	3057	0	1
2474	4	31	387	2964	0	1
2474	5	10	18	3069	0	1
2474	5	12	28	3065	0	1
2474	5	14	69	3053	0	1
2474	5	15	788	2839	0	1
2474	5	16	69	3053	0	1
2474	5	31	1	3066	0	1
2474	6	14	179	3060	0	1
2474	6	26	227	3031	0	1
2474	7	10	380	2978	0	1
2474	7	14	207	3036	0	1
2474	7	26	650	2781	0	1
2474	7	28	7	3065	0	1
2474	8	10	741	2685	0	1
2474	8	16	52	3070	0	1
2474	8	25	120	2990	0	1
2474	8	26	714	2865	0	1
2474	9	10	742	2684	0	1
2474	9	20	7	3067	0	1
2474	9	25	239	2934	0	1
2474	10	17	1	3066	0	1
2474	11	6	18	3057	0	1
2474	12	23	26	3069	0	1
2474	13	31	7	3071	0	1
2474	14	8	145	3062	0	1
2474	14	10	3	3068	0	1
2474	14	17	158	3019	0	1
2474	14	25	1	3068	0	1
2474	14	26	1	3067	0	1
2474	15	25	3	3068	0	1
2474	15	31	104	3067	0	1
2474	16	1	469	2986	0	1
2474	16	7	2	3069	0	1
2474	16	9	197	3020	0	1
2474	16	10	16	3068	0	1
2474	16	12	153	3016	0	1
2474	16	17	485	2803	0	1
2474	17	23	1	3066	0	1
2474	17	31	483	2805	0	1
2474	18	1	2679	1142	0	1
2474	18	7	16	3071	0	1
2474	18	9	190	3021	0	1
2474	18	25	2	3067	0	1
2474	19	9	208	2984	0	1
2474	19	25	11	3069	0	1
2474	20	7	20	3068	0	1
2474	20	25	50	3069	0	1
2474	21	23	19	3059	0	1
2474	21	25	211	3049	0	1
2474	22	25	250	2944	0	1
2474	23	25	40	3071	0	1
2475	0	0	13	3067	0	1
2475	0	3	3	3065	0	1
2475	0	5	49	3038	0	1
2475	0	14	11	3066	0	1
2475	0	17	14	3062	0	1
2475	0	18	16	3070	0	1
2475	0	27	10	3065	0	1
2475	0	28	2	3067	0	1
2475	1	0	43	3070	0	1
2475	1	3	1	3068	0	1
2475	1	10	15	3067	0	1
2475	1	11	21	3070	0	1
2475	1	12	12	3070	0	1
2475	1	16	57	3065	0	1
2475	1	19	27	3050	0	1
2475	1	27	33	3067	0	1
2475	2	0	105	3062	0	1
2475	2	1	6	3068	0	1
2475	2	11	58	3073	0	1
2475	2	13	11	3067	0	1
2475	2	18	179	3060	0	1
2475	2	20	11	3065	0	1
2475	2	21	375	2963	0	1
2475	2	24	12	3066	0	1
2475	2	27	227	3031	0	1
2475	2	28	4	3068	0	1
2475	3	0	207	3036	0	1
2475	3	3	46	3048	0	1
2475	3	7	787	2840	0	1
2475	3	11	390	2970	0	1
2475	3	15	19	3072	0	1
2475	3	18	207	3036	0	1
2475	3	27	650	2781	0	1
2475	3	31	38	3042	0	1
2475	4	1	70	3030	0	1
2475	4	3	32	3047	0	1
2475	4	5	74	3061	0	1
2475	4	7	165	3044	0	1
2475	4	8	2	3067	0	1
2475	4	10	3	3067	0	1
2475	4	12	4	3067	0	1
2475	4	14	3	3069	0	1
2475	4	15	3	3068	0	1
2475	4	16	1230	2436	0	1
2475	4	19	4	3067	0	1
2475	4	21	19	3072	0	1
2475	4	29	32	3047	0	1
2475	4	30	207	3036	0	1
2475	5	10	18	3069	0	1
2475	5	11	1105	2624	0	1
2475	5	12	18	3067	0	1
2475	5	13	32	3047	0	1
2475	5	14	207	3036	0	1
2475	5	15	313	2889	0	1
2475	5	16	207	3036	0	1
2475	6	0	207	3036	0	1
2475	6	10	74	3039	0	1
2475	6	14	20	3061	0	1
2475	6	15	958	2685	0	1
2475	6	30	360	2910	0	1
2475	7	31	1316	2484	0	1
2475	8	13	2	3069	0	1
2475	8	25	708	2697	0	1
2475	9	23	10	3072	0	1
2475	9	25	742	2684	0	1
2475	10	1	1	3067	0	1
2475	10	23	1	3068	0	1
2475	10	29	2	3067	0	1
2475	11	3	74	3071	0	1
2475	11	6	12	3063	0	1
2475	12	12	4	3067	0	1
2475	13	0	5	3069	0	1
2475	13	26	10	3072	0	1
2475	13	31	1	3068	0	1
2475	14	3	621	2931	0	1
2475	14	8	181	3057	0	1
2475	14	10	5	3065	0	1
2475	14	23	672	2581	0	1
2475	15	9	5	3069	0	1
2475	15	14	38	3067	0	1
2475	15	15	3	3067	0	1
2475	15	31	8	3069	0	1
2475	16	7	3	3068	0	1
2475	16	10	27	3058	0	1
2475	16	12	485	2803	0	1
2475	17	9	46	3063	0	1
2475	17	14	344	2906	0	1
2475	17	26	3	3069	0	1
2475	18	9	381	2969	0	1
2475	18	10	3	3068	0	1
2475	18	26	10	3071	0	1
2475	19	9	374	2854	0	1
2475	19	10	3	3067	0	1
2475	20	9	2	3068	0	1
2475	20	10	16	3068	0	1
2475	21	10	46	3063	0	1
2475	22	10	381	2969	0	1
2475	23	10	374	2854	0	1
2476	0	3	39	3064	0	1
2476	0	7	3	3069	0	1
2476	0	12	19	3064	0	1
2476	0	13	4	3065	0	1
2476	0	14	21	3064	0	1
2476	0	18	5	3067	0	1
2476	0	20	19	3073	0	1
2476	0	21	33	3070	0	1
2476	0	22	35	3066	0	1
2476	1	3	49	3068	0	1
2476	1	5	13	3065	0	1
2476	1	7	40	3071	0	1
2476	1	10	9	3062	0	1
2476	1	11	15	3072	0	1
2476	1	13	6	3068	0	1
2476	1	17	4	3067	0	1
2476	1	22	47	3077	0	1
2476	1	23	77	3051	0	1
2476	1	27	5	3069	0	1
2476	1	28	1029	2414	0	1
2476	1	29	91	3065	0	1
2476	1	31	32	3067	0	1
2476	2	3	41	3051	0	1
2476	2	7	119	3056	0	1
2476	2	10	35	3069	0	1
2476	2	13	291	2906	0	1
2476	2	14	102	3029	0	1
2476	2	15	55	3043	0	1
2476	2	18	66	3069	0	1
2476	2	20	21	3063	0	1
2476	2	21	242	2931	0	1
2476	2	25	115	3063	0	1
2476	2	31	356	2895	0	1
2476	3	1	605	2574	0	1
2476	3	3	695	2886	0	1
2476	3	5	308	2874	0	1
2476	3	7	55	3043	0	1
2476	3	9	47	3069	0	1
2476	3	10	34	3059	0	1
2476	3	11	45	3055	0	1
2476	3	18	412	2941	0	1
2476	3	22	20	3062	0	1
2476	3	29	681	2878	0	1
2476	3	31	248	2902	0	1
2476	4	3	11	3059	0	1
2476	4	4	825	2623	0	1
2476	4	6	1	3066	0	1
2476	4	10	79	3040	0	1
2476	4	13	22	3051	0	1
2476	4	14	237	2936	0	1
2476	4	18	37	3042	0	1
2476	4	21	1105	2624	0	1
2476	4	22	107	3029	0	1
2476	4	27	106	3029	0	1
2476	4	29	713	2692	0	1
2476	5	0	258	2920	0	1
2476	5	3	107	3029	0	1
2476	5	9	787	2840	0	1
2476	5	10	424	2814	0	1
2476	5	11	267	3000	0	1
2476	5	12	3	3064	0	1
2476	5	16	1	3066	0	1
2476	5	18	680	2878	0	1
2476	5	20	183	2982	0	1
2476	5	21	115	2995	0	1
2476	6	9	713	2692	0	1
2476	6	18	681	2877	0	1
2476	6	25	183	2982	0	1
2476	6	26	2	3065	0	1
2476	7	25	33	3055	0	1
2476	10	22	1	3067	0	1
2476	11	1	1	3067	0	1
2476	12	21	2	3065	0	1
2476	12	22	3	3067	0	1
2476	13	2	14	3067	0	1
2476	13	6	32	3072	0	1
2476	13	15	7	3065	0	1
2476	13	16	10	3064	0	1
2476	13	23	4	3067	0	1
2476	13	26	3	3067	0	1
2476	13	28	6	3066	0	1
2476	14	6	134	3036	0	1
2476	14	9	1	3066	0	1
2476	14	19	13	3068	0	1
2476	14	22	24	3065	0	1
2476	14	23	4	3067	0	1
2476	15	2	86	3051	0	1
2476	15	9	10	3068	0	1
2476	15	23	1	3066	0	1
2476	15	28	209	3050	0	1
2476	16	29	40	3071	0	1
2476	17	10	19	3053	0	1
2476	18	4	2	3069	0	1
2476	18	19	2	3067	0	1
2476	19	10	485	2803	0	1
2476	19	19	1	3068	0	1
2476	20	4	2	3065	0	1
2476	20	5	9	3064	0	1
2476	20	9	5	3067	0	1
2476	20	11	9	3068	0	1
2476	20	19	13	3073	0	1
2476	20	26	23	3073	0	1
2476	21	1	25	3073	0	1
2476	21	21	39	3069	0	1
2476	21	25	1	3068	0	1
2476	21	28	130	3065	0	1
2476	22	9	351	2998	0	1
2476	22	11	9	3062	0	1
2476	22	19	192	2968	0	1
2477	0	7	6	3069	0	1
2477	0	10	3	3067	0	1
2477	0	12	17	3063	0	1
2477	0	18	5	3067	0	1
2477	0	20	1	3066	0	1
2477	0	27	8	3062	0	1
2477	0	31	1	3066	0	1
2477	1	5	28	3065	0	1
2477	1	7	2	3067	0	1
2477	1	8	1	3066	0	1
2477	1	10	4	3063	0	1
2477	1	13	6	3065	0	1
2477	1	18	6	3065	0	1
2477	1	20	12	3069	0	1
2477	1	23	4	3068	0	1
2477	1	29	62	3062	0	1
2477	2	1	27	3062	0	1
2477	2	7	108	3062	0	1
2477	2	10	29	3067	0	1
2477	2	12	50	3045	0	1
2477	2	13	160	2979	0	1
2477	2	14	434	2807	0	1
2477	2	15	207	2952	0	1
2477	2	20	66	3065	0	1
2477	2	21	309	2886	0	1
2477	2	31	41	3040	0	1
2477	3	1	851	2381	0	1
2477	3	5	796	2830	0	1
2477	3	8	344	2852	0	1
2477	3	9	53	3069	0	1
2477	3	10	20	3063	0	1
2477	3	11	84	3039	0	1
2477	3	17	327	3035	0	1
2477	3	18	373	3004	0	1
2477	3	20	629	2902	0	1
2477	3	31	248	2902	0	1
2477	4	1	788	2839	0	1
2477	4	4	548	2740	0	1
2477	4	5	33	3055	0	1
2477	4	9	1334	2465	0	1
2477	4	10	424	2814	0	1
2477	4	13	37	3042	0	1
2477	4	14	1105	2624	0	1
2477	4	20	310	2974	0	1
2477	4	21	274	2911	0	1
2477	4	23	2	3065	0	1
2477	4	26	815	2716	0	1
2477	5	0	1105	2624	0	1
2477	5	1	133	3005	0	1
2477	5	5	958	2685	0	1
2477	5	9	680	2878	0	1
2477	5	10	788	2839	0	1
2477	5	11	471	2942	0	1
2477	5	13	220	2957	0	1
2477	5	15	357	2819	0	1
2477	5	16	1132	2444	0	1
2477	5	18	599	2892	0	1
2477	5	19	108	3000	0	1
2477	5	21	3	3064	0	1
2477	5	24	680	2878	0	1
2477	5	25	488	2827	0	1
2477	5	30	713	2692	0	1
2477	6	10	278	2874	0	1
2477	6	17	708	2697	0	1
2477	6	25	220	2957	0	1
2477	6	27	183	2982	0	1
2477	10	11	1	3067	0	1
2477	10	22	1	3067	0	1
2477	10	26	1	3067	0	1
2477	11	1	5	3066	0	1
2477	11	9	1	3067	0	1
2477	11	10	1	3067	0	1
2477	11	21	1	3067	0	1
2477	12	21	7	3071	0	1
2477	12	22	11	3068	0	1
2477	12	26	2	3067	0	1
2477	12	31	2	3067	0	1
2477	13	1	6	3064	0	1
2477	13	15	4	3068	0	1
2477	13	16	5	3070	0	1
2477	14	6	381	2969	0	1
2477	14	15	41	3064	0	1
2477	14	21	104	3067	0	1
2477	14	22	49	3065	0	1
2477	14	26	50	3069	0	1
2477	15	4	268	3038	0	1
2477	15	10	43	3071	0	1
2477	15	15	135	3030	0	1
2477	15	21	1	3066	0	1
2477	16	21	483	2805	0	1
2477	16	22	485	2803	0	1
2477	16	26	250	2944	0	1
2477	16	31	483	2805	0	1
2477	17	7	485	2803	0	1
2477	17	9	158	3019	0	1
2477	17	10	344	2906	0	1
2477	18	6	4	3068	0	1
2477	18	11	2	3068	0	1
2477	18	26	1	3068	0	1
2477	19	4	6	3069	0	1
2477	19	9	485	2803	0	1
2477	19	10	1603	1929	0	1
2477	19	19	1	3068	0	1
2477	19	30	8	3068	0	1
2477	20	11	49	3061	0	1
2477	20	19	2	3069	0	1
2477	20	29	14	3064	0	1
2477	21	2	37	3065	0	1
2477	21	4	21	3067	0	1
2477	21	6	18	3061	0	1
2477	21	28	127	3064	0	1
2477	21	30	57	3064	0	1
2477	22	11	7	3064	0	1
2477	22	26	103	3049	0	1
2477	23	19	475	2916	0	1
2478	0	0	5	3065	0	1
2478	0	11	2	3067	0	1
2478	0	13	10	3068	0	1
2478	0	15	21	3064	0	1
2478	0	19	3	3067	0	1
2478	0	21	1	3066	0	1
2478	0	23	21	3067	0	1
2478	0	26	9	3061	0	1
2478	1	10	16	3073	0	1
2478	1	11	9	3062	0	1
2478	1	16	3	3068	0	1
2478	1	19	13	3061	0	1
2478	1	21	14	3066	0	1
2478	1	22	40	3068	0	1
2478	1	23	101	3058	0	1
2478	1	26	19	3072	0	1
2478	1	30	8	3070	0	1
2478	2	0	61	3063	0	1
2478	2	2	736	2897	0	1
2478	2	6	20	3066	0	1
2478	2	11	5	3068	0	1
2478	2	13	63	3062	0	1
2478	2	14	208	2951	0	1
2478	2	15	26	3066	0	1
2478	2	21	66	3065	0	1
2478	2	23	655	2885	0	1
2478	2	24	63	3060	0	1
2478	2	26	1	3066	0	1
2478	2	30	188	2985	0	1
2478	3	2	309	3005	0	1
2478	3	8	49	3070	0	1
2478	3	11	15	3064	0	1
2478	3	16	4	3067	0	1
2478	3	19	441	2928	0	1
2478	3	21	629	2902	0	1
2478	3	23	290	2873	0	1
2478	4	0	310	2884	0	1
2478	4	8	673	2789	0	1
2478	4	18	118	2992	0	1
2478	4	23	106	3029	0	1
2478	4	26	49	3050	0	1
2478	4	28	493	2780	0	1
2478	4	29	33	3055	0	1
2478	5	0	59	3038	0	1
2478	5	4	241	2899	0	1
2478	5	7	33	3055	0	1
2478	5	8	787	2840	0	1
2478	5	14	463	2831	0	1
2478	5	18	708	2697	0	1
2478	5	20	708	2697	0	1
2478	5	21	183	2982	0	1
2478	5	23	680	2878	0	1
2478	5	25	680	2878	0	1
2478	6	13	241	2899	0	1
2478	6	26	183	2982	0	1
2478	10	7	3	3068	0	1
2478	11	20	1	3067	0	1
2478	12	7	16	3068	0	1
2478	12	20	1	3068	0	1
2478	12	28	7	3072	0	1
2478	12	30	2	3067	0	1
2478	13	3	4	3067	0	1
2478	13	6	10	3072	0	1
2478	13	14	2	3066	0	1
2478	13	17	1	3066	0	1
2478	13	22	2	3065	0	1
2478	13	29	11	3069	0	1
2478	14	6	20	3072	0	1
2478	14	8	67	3066	0	1
2478	14	18	7	3068	0	1
2478	14	20	21	3070	0	1
2478	14	22	7	3066	0	1
2478	14	23	150	3053	0	1
2478	15	3	28	3059	0	1
2478	15	8	24	3069	0	1
2478	15	22	1	3066	0	1
2478	15	29	211	3049	0	1
2478	16	6	363	2892	0	1
2478	16	28	40	3071	0	1
2478	17	3	99	3023	0	1
2478	17	29	40	3071	0	1
2478	18	4	2	3068	0	1
2478	18	6	485	2803	0	1
2478	18	20	301	2910	0	1
2478	18	29	2	3068	0	1
2478	19	8	1603	1929	0	1
2478	20	4	21	3067	0	1
2478	20	5	13	3073	0	1
2478	20	7	259	3037	0	1
2478	20	29	36	3062	0	1
2478	20	31	22	3061	0	1
2478	21	20	41	3069	0	1
2478	21	24	5	3070	0	1
2478	22	3	351	2998	0	1
2478	22	16	58	3058	0	1
2478	22	29	977	2702	0	1
2479	0	0	5	3064	0	1
2479	0	11	3	3067	0	1
2479	0	12	60	3073	0	1
2479	0	13	20	3067	0	1
2479	0	15	21	3064	0	1
2479	0	19	4	3068	0	1
2479	0	20	12	3068	0	1
2479	0	21	1	3066	0	1
2479	0	23	44	3075	0	1
2479	0	26	9	3061	0	1
2479	1	2	8	3070	0	1
2479	1	4	28	3065	0	1
2479	1	10	16	3073	0	1
2479	1	12	9	3066	0	1
2479	1	16	3	3067	0	1
2479	1	19	13	3061	0	1
2479	1	21	25	3074	0	1
2479	1	23	6	3068	0	1
2479	1	26	14	3071	0	1
2479	1	28	91	3065	0	1
2479	1	30	40	3068	0	1
2479	2	0	117	3055	0	1
2479	2	12	893	2776	0	1
2479	2	19	33	3073	0	1
2479	2	20	305	2888	0	1
2479	2	21	52	3067	0	1
2479	2	23	784	2840	0	1
2479	2	24	121	3068	0	1
2479	2	26	1	3066	0	1
2479	3	0	873	2363	0	1
2479	3	2	586	2904	0	1
2479	3	6	58	3043	0	1
2479	3	8	3	3067	0	1
2479	3	9	364	2906	0	1
2479	3	10	289	2911	0	1
2479	3	16	17	3066	0	1
2479	3	21	651	2886	0	1
2479	4	0	428	2793	0	1
2479	4	7	2	3065	0	1
2479	4	12	37	3042	0	1
2479	4	20	258	2920	0	1
2479	4	21	680	2878	0	1
2479	4	23	424	2814	0	1
2479	4	26	424	2814	0	1
2479	4	27	448	2878	0	1
2479	5	0	210	2984	0	1
2479	5	2	103	3029	0	1
2479	5	4	680	2878	0	1
2479	5	10	680	2878	0	1
2479	5	11	371	2806	0	1
2479	5	13	708	2697	0	1
2479	5	14	713	2692	0	1
2479	5	18	682	2709	0	1
2479	5	19	111	3028	0	1
2479	5	21	220	2957	0	1
2479	5	23	267	3000	0	1
2479	5	24	44	3055	0	1
2479	5	26	671	2764	0	1
2479	6	21	212	2926	0	1
2479	10	22	1	3067	0	1
2479	11	11	1	3067	0	1
2479	11	22	1	3068	0	1
2479	12	14	1	3068	0	1
2479	12	22	1	3068	0	1
2479	12	23	6	3067	0	1
2479	12	30	5	3069	0	1
2479	13	0	1	3067	0	1
2479	13	3	3	3066	0	1
2479	13	14	6	3069	0	1
2479	13	22	19	3064	0	1
2479	14	14	4	3064	0	1
2479	14	20	5	3066	0	1
2479	14	23	1	3066	0	1
2479	14	27	49	3070	0	1
2479	15	3	46	3063	0	1
2479	15	5	7	3068	0	1
2479	15	11	5	3067	0	1
2479	15	14	4	3068	0	1
2479	15	20	3	3064	0	1
2479	16	27	538	2871	0	1
2479	17	3	374	2854	0	1
2479	17	30	485	2803	0	1
2479	18	7	2	3067	0	1
2479	18	8	2	3067	0	1
2479	18	10	2	3068	0	1
2479	18	30	301	2910	0	1
2479	19	7	6	3070	0	1
2479	19	18	2	3068	0	1
2479	19	20	9	3069	0	1
2479	19	29	1	3066	0	1
2479	20	8	28	3074	0	1
2479	20	16	9	3066	0	1
2479	21	6	107	3067	0	1
2479	21	20	20	3068	0	1
2479	21	24	7	3069	0	1
2479	21	31	266	3040	0	1
2479	22	8	26	3066	0	1
2479	23	27	1071	2656	0	1
2480	0	10	2	3067	0	1
2480	0	12	19	3063	0	1
2480	0	13	4	3065	0	1
2480	0	18	5	3067	0	1
2480	0	20	1	3066	0	1
2480	0	21	20	3072	0	1
2480	1	3	13	3067	0	1
2480	1	7	11	3065	0	1
2480	1	8	1	3066	0	1
2480	1	23	40	3068	0	1
2480	1	27	7	3068	0	1
2480	2	1	59	3067	0	1
2480	2	7	55	3063	0	1
2480	2	12	70	3063	0	1
2480	2	13	294	2905	0	1
2480	2	15	208	2951	0	1
2480	2	18	38	3069	0	1
2480	2	20	50	3068	0	1
2480	2	21	309	2886	0	1
2480	2	25	281	3041	0	1
2480	2	31	194	2979	0	1
2480	3	1	873	2363	0	1
2480	3	3	496	2940	0	1
2480	3	9	53	3069	0	1
2480	3	10	21	3062	0	1
2480	3	11	88	3035	0	1
2480	3	17	2	3066	0	1
2480	3	20	629	2902	0	1
2480	3	22	257	2896	0	1
2480	3	31	186	2942	0	1
2480	4	1	347	2857	0	1
2480	4	2	1105	2624	0	1
2480	4	3	37	3042	0	1
2480	4	4	616	2797	0	1
2480	4	10	107	3029	0	1
2480	4	20	680	2878	0	1
2480	4	25	680	2878	0	1
2480	4	26	699	2866	0	1
2480	5	0	237	2936	0	1
2480	5	1	39	3061	0	1
2480	5	3	107	3029	0	1
2480	5	5	670	2798	0	1
2480	5	18	787	2840	0	1
2480	5	21	1	3066	0	1
2480	5	22	680	2878	0	1
2480	5	26	469	2812	0	1
2480	5	29	37	3042	0	1
2480	6	1	37	3042	0	1
2480	6	10	241	2899	0	1
2480	6	12	241	2899	0	1
2480	6	25	220	2957	0	1
2480	6	27	183	2982	0	1
2480	10	29	8	3065	0	1
2480	11	21	1	3067	0	1
2480	11	23	1	3068	0	1
2480	12	6	14	3073	0	1
2480	12	15	1	3068	0	1
2480	12	23	1	3068	0	1
2480	12	26	2	3067	0	1
2480	12	29	16	3062	0	1
2480	12	31	2	3067	0	1
2480	13	1	1	3067	0	1
2480	13	2	3	3068	0	1
2480	13	6	5	3069	0	1
2480	13	10	5	3069	0	1
2480	13	15	1	3068	0	1
2480	13	23	4	3067	0	1
2480	13	28	5	3069	0	1
2480	14	26	47	3068	0	1
2480	15	4	5	3070	0	1
2480	15	9	26	3069	0	1
2480	15	15	4	3069	0	1
2480	15	21	2	3065	0	1
2480	15	28	68	3057	0	1
2480	16	26	538	2871	0	1
2480	16	29	119	3001	0	1
2480	17	28	111	3016	0	1
2480	18	5	1	3068	0	1
2480	18	9	1	3068	0	1
2480	18	21	740	2496	0	1
2480	18	30	5	3069	0	1
2480	19	19	1	3068	0	1
2480	19	21	2	3068	0	1
2480	20	9	4	3067	0	1
2480	20	11	9	3070	0	1
2480	20	17	9	3066	0	1
2480	20	19	13	3073	0	1
2480	20	26	5	3070	0	1
2480	20	30	27	3060	0	1
2480	21	21	9	3065	0	1
2480	22	9	10	3063	0	1
2480	22	11	2	3067	0	1
2480	22	17	8	3062	0	1
2480	22	19	474	2917	0	1
2480	23	1	45	3058	0	1
2481	0	1	9	3066	0	1
2481	0	3	1	3066	0	1
2481	0	7	11	3061	0	1
2481	0	13	4	3065	0	1
2481	0	14	21	3064	0	1
2481	0	21	37	3064	0	1
2481	0	22	35	3066	0	1
2481	0	27	9	3061	0	1
2481	0	31	1	3066	0	1
2481	1	10	9	3062	0	1
2481	1	11	8	3073	0	1
2481	1	13	4	3068	0	1
2481	1	18	3	3064	0	1
2481	1	20	25	3074	0	1
2481	1	22	47	3077	0	1
2481	1	29	40	3073	0	1
2481	1	31	77	3051	0	1
2481	2	3	53	3051	0	1
2481	2	10	35	3069	0	1
2481	2	12	14	3066	0	1
2481	2	14	103	3029	0	1
2481	2	20	66	3065	0	1
2481	2	22	440	2899	0	1
2481	2	25	281	3041	0	1
2481	2	27	1	3066	0	1
2481	2	31	344	2852	0	1
2481	3	1	873	2363	0	1
2481	3	5	591	2696	0	1
2481	3	7	208	2951	0	1
2481	3	8	8	3063	0	1
2481	3	9	34	3068	0	1
2481	3	11	53	3053	0	1
2481	3	18	3	3064	0	1
2481	3	29	681	2878	0	1
2481	3	31	248	2902	0	1
2481	4	1	554	2721	0	1
2481	4	2	147	3001	0	1
2481	4	3	29	3045	0	1
2481	4	4	823	2625	0	1
2481	4	9	1269	2499	0	1
2481	4	13	37	3042	0	1
2481	4	19	708	2697	0	1
2481	4	24	2	3065	0	1
2481	4	25	680	2878	0	1
2481	4	27	107	3029	0	1
2481	4	29	709	2696	0	1
2481	5	1	213	2981	0	1
2481	5	3	424	2814	0	1
2481	5	11	680	2878	0	1
2481	5	13	183	2982	0	1
2481	5	15	176	2991	0	1
2481	5	19	825	2623	0	1
2481	5	24	680	2878	0	1
2481	5	25	481	2830	0	1
2481	6	9	711	2694	0	1
2481	6	26	2	3065	0	1
2481	11	28	15	3058	0	1
2481	12	23	4	3068	0	1
2481	12	29	4	3070	0	1
2481	13	2	1	3068	0	1
2481	13	6	3	3068	0	1
2481	13	10	1	3068	0	1
2481	13	16	17	3061	0	1
2481	13	26	2	3068	0	1
2481	13	28	33	3053	0	1
2481	14	6	95	3049	0	1
2481	14	9	1	3066	0	1
2481	14	15	6	3063	0	1
2481	14	19	8	3066	0	1
2481	14	23	4	3065	0	1
2481	15	2	6	3064	0	1
2481	15	4	5	3070	0	1
2481	15	9	6	3067	0	1
2481	15	10	4	3067	0	1
2481	15	15	5	3067	0	1
2481	15	21	3	3064	0	1
2481	15	28	73	3060	0	1
2481	16	29	40	3071	0	1
2481	17	28	2792	1090	0	1
2481	18	4	1	3068	0	1
2481	18	6	2	3067	0	1
2481	18	28	1	3068	0	1
2481	18	30	5	3069	0	1
2481	19	4	1	3066	0	1
2481	19	6	4	3066	0	1
2481	20	6	28	3071	0	1
2481	20	28	6	3062	0	1
2481	20	29	21	3067	0	1
2481	21	4	10	3070	0	1
2481	21	19	107	3067	0	1
2481	21	30	117	3052	0	1
2481	22	2	64	3045	0	1
2481	22	28	95	3004	0	1
2481	23	2	474	2917	0	1
2481	23	4	5	3071	0	1
2482	0	1	5	3064	0	1
2482	0	12	20	3063	0	1
2482	0	13	60	3073	0	1
2482	0	14	21	3064	0	1
2482	0	18	5	3067	0	1
2482	0	21	33	3070	0	1
2482	0	22	44	3075	0	1
2482	0	27	4	3063	0	1
2482	1	10	9	3062	0	1
2482	1	13	4	3068	0	1
2482	1	17	4	3067	0	1
2482	1	18	9	3064	0	1
2482	1	20	14	3066	0	1
2482	1	22	101	3058	0	1
2482	1	23	12	3070	0	1
2482	1	27	19	3072	0	1
2482	2	3	36	3050	0	1
2482	2	10	34	3069	0	1
2482	2	12	62	3066	0	1
2482	2	13	181	2981	0	1
2482	2	18	65	3070	0	1
2482	2	20	49	3065	0	1
2482	2	22	656	2864	0	1
2482	2	25	238	3047	0	1
2482	2	27	1	3066	0	1
2482	3	8	361	2902	0	1
2482	3	9	50	3067	0	1
2482	3	10	20	3060	0	1
2482	3	17	327	3035	0	1
2482	3	18	387	2948	0	1
2482	3	20	651	2886	0	1
2482	3	22	290	2873	0	1
2482	4	2	237	2936	0	1
2482	4	3	36	3043	0	1
2482	4	6	2	3065	0	1
2482	4	9	1290	2494	0	1
2482	4	10	77	3045	0	1
2482	4	18	37	3042	0	1
2482	4	19	708	2697	0	1
2482	4	20	680	2878	0	1
2482	4	21	223	2941	0	1
2482	4	22	424	2814	0	1
2482	4	24	2	3065	0	1
2482	4	25	680	2878	0	1
2482	4	26	28	3049	0	1
2482	4	29	237	2971	0	1
2482	5	0	107	3029	0	1
2482	5	3	424	2814	0	1
2482	5	10	788	2839	0	1
2482	5	11	680	2878	0	1
2482	5	12	708	2697	0	1
2482	5	13	220	2957	0	1
2482	5	20	183	2982	0	1
2482	5	21	708	2697	0	1
2482	5	25	388	2861	0	1
2482	5	29	37	3042	0	1
2482	6	1	37	3042	0	1
2482	6	10	276	2876	0	1
2482	6	18	681	2877	0	1
2482	6	20	212	2926	0	1
2482	6	25	220	2957	0	1
2482	6	27	183	2982	0	1
2482	7	25	33	3055	0	1
2482	10	22	1	3067	0	1
2482	10	23	1	3067	0	1
2482	11	9	1	3067	0	1
2482	11	10	1	3067	0	1
2482	11	21	1	3067	0	1
2482	11	23	1	3068	0	1
2482	12	15	1	3068	0	1
2482	12	22	11	3068	0	1
2482	12	23	4	3068	0	1
2482	12	29	4	3070	0	1
2482	12	31	5	3069	0	1
2482	13	1	1	3067	0	1
2482	13	7	10	3072	0	1
2482	13	15	6	3069	0	1
2482	13	23	19	3064	0	1
2482	13	26	3	3067	0	1
2482	14	15	6	3066	0	1
2482	14	19	7	3069	0	1
2482	14	22	230	3053	0	1
2482	14	26	28	3061	0	1
2482	15	9	4	3067	0	1
2482	15	15	3	3066	0	1
2482	15	21	3	3064	0	1
2482	16	7	363	2892	0	1
2482	16	22	485	2803	0	1
2482	16	31	483	2805	0	1
2482	17	9	158	3019	0	1
2482	18	5	1	3068	0	1
2482	18	6	4	3068	0	1
2482	18	7	485	2803	0	1
2482	18	11	2	3068	0	1
2482	18	19	2	3067	0	1
2482	18	21	436	2746	0	1
2482	19	6	6	3070	0	1
2482	19	9	485	2803	0	1
2482	19	30	8	3068	0	1
2482	20	4	13	3073	0	1
2482	20	17	9	3066	0	1
2482	20	19	13	3073	0	1
2482	21	21	1	3066	0	1
2482	21	28	130	3065	0	1
2482	22	19	192	2968	0	1
2482	23	26	1071	2656	0	1
2483	0	10	3	3067	0	1
2483	0	13	10	3061	0	1
2483	0	14	11	3065	0	1
2483	0	21	19	3069	0	1
2483	0	22	35	3066	0	1
2483	0	27	7	3063	0	1
2483	0	31	1	3066	0	1
2483	1	3	49	3068	0	1
2483	1	5	15	3066	0	1
2483	1	7	40	3071	0	1
2483	1	8	1	3066	0	1
2483	1	10	6	3065	0	1
2483	1	11	16	3073	0	1
2483	1	13	4	3066	0	1
2483	1	18	13	3061	0	1
2483	1	22	21	3076	0	1
2483	1	23	77	3051	0	1
2483	1	27	19	3072	0	1
2483	1	29	36	3068	0	1
2483	2	1	117	3055	0	1
2483	2	3	43	3055	0	1
2483	2	7	119	3056	0	1
2483	2	12	50	3045	0	1
2483	2	13	893	2776	0	1
2483	2	15	208	2951	0	1
2483	2	21	309	2886	0	1
2483	2	22	784	2840	0	1
2483	2	25	281	3041	0	1
2483	2	27	1	3066	0	1
2483	2	31	344	2852	0	1
2483	3	3	695	2886	0	1
2483	3	5	274	2902	0	1
2483	3	8	344	2852	0	1
2483	3	9	11	3067	0	1
2483	3	10	21	3065	0	1
2483	3	11	22	3051	0	1
2483	3	17	15	3066	0	1
2483	3	18	373	3004	0	1
2483	3	20	648	2885	0	1
2483	3	22	290	2873	0	1
2483	3	29	627	2901	0	1
2483	3	31	248	2902	0	1
2483	4	1	788	2839	0	1
2483	4	2	1105	2624	0	1
2483	4	3	25	3050	0	1
2483	4	4	708	2697	0	1
2483	4	9	1333	2466	0	1
2483	4	13	37	3042	0	1
2483	4	14	1105	2624	0	1
2483	4	18	37	3042	0	1
2483	4	20	680	2878	0	1
2483	4	21	1105	2624	0	1
2483	4	22	103	3029	0	1
2483	4	24	2	3065	0	1
2483	4	27	106	3029	0	1
2483	4	29	711	2694	0	1
2483	5	0	237	2936	0	1
2483	5	5	958	2685	0	1
2483	5	9	787	2840	0	1
2483	5	10	554	2721	0	1
2483	5	11	680	2878	0	1
2483	5	12	3	3064	0	1
2483	5	13	183	2982	0	1
2483	5	15	3	3064	0	1
2483	5	20	220	2957	0	1
2483	5	24	680	2878	0	1
2483	5	29	25	3050	0	1
2483	5	30	708	2697	0	1
2483	6	1	25	3050	0	1
2483	6	9	507	2792	0	1
2483	6	17	708	2697	0	1
2483	6	26	2	3065	0	1
2483	10	22	1	3067	0	1
2483	10	23	14	3063	0	1
2483	11	1	1	3067	0	1
2483	11	10	1	3067	0	1
2483	11	21	8	3062	0	1
2483	11	23	9	3064	0	1
2483	12	21	7	3071	0	1
2483	12	22	3	3068	0	1
2483	12	29	17	3059	0	1
2483	12	31	2	3067	0	1
2483	13	2	3	3068	0	1
2483	13	6	3	3068	0	1
2483	13	16	5	3070	0	1
2483	13	26	22	3063	0	1
2483	14	6	381	2969	0	1
2483	14	15	7	3060	0	1
2483	14	19	7	3068	0	1
2483	14	21	104	3067	0	1
2483	14	22	86	3054	0	1
2483	14	23	4	3065	0	1
2483	14	26	22	3066	0	1
2483	15	2	46	3063	0	1
2483	15	4	7	3070	0	1
2483	15	10	46	3067	0	1
2483	16	21	483	2805	0	1
2483	16	22	1234	2159	0	1
2483	17	2	374	2854	0	1
2483	17	7	485	2803	0	1
2483	17	10	344	2906	0	1
2483	17	28	1737	1814	0	1
2483	17	31	485	2803	0	1
2483	18	5	2	3068	0	1
2483	18	6	2	3067	0	1
2483	18	9	2	3067	0	1
2483	18	11	2	3068	0	1
2483	18	21	301	2910	0	1
2483	18	26	1	3068	0	1
2483	18	28	2	3068	0	1
2483	18	31	301	2910	0	1
2483	19	4	6	3069	0	1
2483	19	10	485	2803	0	1
2483	19	19	1	3068	0	1
2483	19	21	9	3069	0	1
2483	19	30	2	3068	0	1
2483	20	5	21	3067	0	1
2483	20	6	259	3037	0	1
2483	20	9	28	3074	0	1
2483	20	11	49	3061	0	1
2483	20	28	12	3060	0	1
2483	21	4	21	3067	0	1
2483	21	21	41	3069	0	1
2483	21	25	5	3070	0	1
2483	21	28	21	3071	0	1
2483	21	30	266	3040	0	1
2483	22	2	351	2998	0	1
2483	22	9	351	2998	0	1
2483	22	11	9	3062	0	1
2483	22	17	58	3058	0	1
2483	22	26	103	3049	0	1
2483	22	28	977	2702	0	1
2483	23	19	475	2916	0	1
2484	0	1	5	3064	0	1
2484	0	7	11	3061	0	1
2484	0	10	3	3067	0	1
2484	0	12	20	3067	0	1
2484	0	13	5	3066	0	1
2484	0	14	21	3064	0	1
2484	0	18	3	3067	0	1
2484	0	20	1	3066	0	1
2484	0	21	37	3064	0	1
2484	0	22	31	3066	0	1
2484	0	27	9	3061	0	1
2484	1	3	9	3064	0	1
2484	1	5	28	3065	0	1
2484	1	7	28	3064	0	1
2484	1	8	1	3066	0	1
2484	1	10	8	3063	0	1
2484	1	11	16	3073	0	1
2484	1	13	7	3068	0	1
2484	1	20	11	3069	0	1
2484	1	22	47	3077	0	1
2484	1	23	38	3069	0	1
2484	1	31	37	3065	0	1
2484	2	1	106	3061	0	1
2484	2	3	736	2897	0	1
2484	2	7	20	3065	0	1
2484	2	10	35	3069	0	1
2484	2	12	19	3059	0	1
2484	2	13	147	2994	0	1
2484	2	14	434	2807	0	1
2484	2	15	108	3010	0	1
2484	2	18	62	3067	0	1
2484	2	20	66	3065	0	1
2484	2	21	309	2886	0	1
2484	2	22	108	3028	0	1
2484	2	27	1	3066	0	1
2484	2	31	414	2880	0	1
2484	3	5	796	2830	0	1
2484	3	7	208	2951	0	1
2484	3	8	41	3040	0	1
2484	3	9	37	3064	0	1
2484	3	10	7	3063	0	1
2484	3	11	66	3051	0	1
2484	3	20	626	2901	0	1
2484	3	22	248	2902	0	1
2484	3	29	681	2878	0	1
2484	4	1	286	2885	0	1
2484	4	2	274	2911	0	1
2484	4	3	37	3042	0	1
2484	4	4	108	3000	0	1
2484	4	6	1	3066	0	1
2484	4	9	1334	2465	0	1
2484	4	10	424	2814	0	1
2484	4	13	4	3065	0	1
2484	4	19	120	2990	0	1
2484	4	20	680	2878	0	1
2484	4	23	2	3065	0	1
2484	4	25	680	2878	0	1
2484	4	26	921	2710	0	1
2484	4	27	107	3029	0	1
2484	4	28	33	3055	0	1
2484	4	29	713	2692	0	1
2484	5	0	1105	2624	0	1
2484	5	6	33	3055	0	1
2484	5	9	107	3029	0	1
2484	5	10	424	2814	0	1
2484	5	11	680	2878	0	1
2484	5	12	1	3066	0	1
2484	5	15	713	2692	0	1
2484	5	16	1132	2444	0	1
2484	5	18	787	2840	0	1
2484	5	19	823	2625	0	1
2484	5	21	62	3021	0	1
2484	5	24	598	2891	0	1
2484	5	26	711	2694	0	1
2484	5	27	958	2685	0	1
2484	6	9	713	2692	0	1
2484	6	17	50	3042	0	1
2484	6	26	1	3066	0	1
2484	10	6	3	3068	0	1
2484	10	11	1	3067	0	1
2484	10	26	1	3067	0	1
2484	12	6	16	3068	0	1
2484	12	23	2	3066	0	1
2484	12	26	2	3067	0	1
2484	12	29	7	3072	0	1
2484	13	2	3	3068	0	1
2484	13	10	5	3069	0	1
2484	13	28	11	3069	0	1
2484	14	19	6	3068	0	1
2484	14	22	61	3058	0	1
2484	14	23	4	3067	0	1
2484	14	26	50	3069	0	1
2484	15	4	268	3038	0	1
2484	15	10	17	3065	0	1
2484	15	21	1	3066	0	1
2484	15	23	1	3066	0	1
2484	15	28	211	3049	0	1
2484	16	26	250	2944	0	1
2484	17	10	309	2930	0	1
2484	17	28	40	3071	0	1
2484	20	9	4	3068	0	1
2484	21	7	107	3067	0	1
2484	21	19	107	3067	0	1
2485	0	3	39	3064	0	1
2485	0	7	10	3067	0	1
2485	0	10	1	3067	0	1
2485	0	12	20	3063	0	1
2485	0	13	8	3063	0	1
2485	0	18	5	3067	0	1
2485	0	20	19	3073	0	1
2485	0	21	17	3068	0	1
2485	0	22	31	3068	0	1
2485	0	27	7	3063	0	1
2485	0	31	1	3066	0	1
2485	1	7	26	3066	0	1
2485	1	10	4	3065	0	1
2485	1	11	16	3073	0	1
2485	1	13	9	3066	0	1
2485	1	17	4	3067	0	1
2485	1	18	4	3066	0	1
2485	1	22	44	3076	0	1
2485	1	23	40	3068	0	1
2485	1	27	3	3066	0	1
2485	1	29	91	3065	0	1
2485	1	31	77	3051	0	1
2485	2	1	117	3055	0	1
2485	2	3	78	3035	0	1
2485	2	7	96	3054	0	1
2485	2	12	35	3064	0	1
2485	2	13	160	2969	0	1
2485	2	14	56	3047	0	1
2485	2	15	45	3037	0	1
2485	2	18	66	3069	0	1
2485	2	21	164	2971	0	1
2485	2	22	393	2964	0	1
2485	2	25	63	3060	0	1
2485	2	27	1	3066	0	1
2485	2	31	254	2960	0	1
2485	3	3	679	2883	0	1
2485	3	5	223	2945	0	1
2485	3	7	199	2959	0	1
2485	3	8	48	3036	0	1
2485	3	9	53	3069	0	1
2485	3	10	34	3059	0	1
2485	3	11	289	2911	0	1
2485	3	20	3	3068	0	1
2485	3	22	29	3056	0	1
2485	3	29	681	2878	0	1
2485	3	31	194	2935	0	1
2485	4	2	201	2956	0	1
2485	4	4	825	2623	0	1
2485	4	5	33	3055	0	1
2485	4	6	2	3065	0	1
2485	4	13	37	3042	0	1
2485	4	19	118	2992	0	1
2485	4	20	680	2878	0	1
2485	4	21	131	2991	0	1
2485	4	25	680	2878	0	1
2485	4	26	958	2685	0	1
2485	4	27	424	2814	0	1
2485	4	29	708	2697	0	1
2485	5	0	237	2936	0	1
2485	5	3	107	3029	0	1
2485	5	5	921	2710	0	1
2485	5	9	680	2878	0	1
2485	5	10	313	2889	0	1
2485	5	11	680	2878	0	1
2485	5	13	31	3056	0	1
2485	5	15	708	2697	0	1
2485	5	18	787	2840	0	1
2485	5	19	825	2623	0	1
2485	5	20	183	2982	0	1
2485	5	21	111	2997	0	1
2485	5	22	680	2878	0	1
2485	5	25	44	3055	0	1
2485	5	26	713	2692	0	1
2485	5	30	713	2692	0	1
2485	6	1	37	3042	0	1
2485	6	10	278	2874	0	1
2485	6	12	241	2899	0	1
2485	6	18	130	2974	0	1
2485	6	27	80	3035	0	1
2485	11	1	1	3067	0	1
2485	11	10	1	3067	0	1
2485	12	21	2	3067	0	1
2485	12	23	4	3068	0	1
2485	13	1	1	3067	0	1
2485	13	6	32	3072	0	1
2485	13	10	1	3068	0	1
2485	14	6	102	3049	0	1
2485	14	9	67	3066	0	1
2485	14	15	41	3064	0	1
2485	14	19	13	3068	0	1
2485	14	21	25	3062	0	1
2485	14	23	7	3066	0	1
2485	15	9	26	3069	0	1
2485	15	15	135	3030	0	1
2485	15	21	3	3064	0	1
2485	15	23	1	3066	0	1
2485	16	21	6	3061	0	1
2485	19	28	1	3066	0	1
2485	20	4	4	3066	0	1
2485	20	26	23	3073	0	1
2485	21	6	18	3061	0	1
2486	0	0	2	3067	0	1
2486	0	2	2	3066	0	1
2486	0	18	1	3066	0	1
2486	0	19	1	3068	0	1
2486	0	22	1	3066	0	1
2486	0	23	1	3068	0	1
2486	0	26	4	3067	0	1
2486	0	27	1	3066	0	1
2486	0	31	2	3068	0	1
2486	1	1	3	3068	0	1
2486	1	2	6	3065	0	1
2486	1	4	4	3069	0	1
2486	1	5	1	3067	0	1
2486	1	7	1	3066	0	1
2486	1	9	11	3069	0	1
2486	1	10	1	3067	0	1
2486	1	11	1	3068	0	1
2486	1	15	1	3066	0	1
2486	1	17	10	3067	0	1
2486	1	19	9	3066	0	1
2486	1	20	4	3067	0	1
2486	1	21	8	3065	0	1
2486	1	22	16	3068	0	1
2486	1	23	1	3067	0	1
2486	1	24	1	3068	0	1
2486	1	25	1	3067	0	1
2486	1	26	3	3070	0	1
2486	1	28	15	3067	0	1
2486	1	29	16	3066	0	1
2486	1	30	4	3066	0	1
2486	1	31	1	3066	0	1
2486	2	0	1	3066	0	1
2486	2	2	9	3069	0	1
2486	2	3	1	3067	0	1
2486	2	4	4	3066	0	1
2486	2	5	2	3065	0	1
2486	2	6	2	3066	0	1
2486	2	8	3	3066	0	1
2486	2	9	6	3064	0	1
2486	2	10	2	3068	0	1
2486	2	11	1	3067	0	1
2486	2	12	2	3068	0	1
2486	2	14	4	3066	0	1
2486	2	15	4	3064	0	1
2486	2	17	9	3065	0	1
2486	2	19	10	3064	0	1
2486	2	21	4	3066	0	1
2486	2	23	10	3062	0	1
2486	2	27	48	3055	0	1
2486	2	28	1	3066	0	1
2486	2	29	15	3063	0	1
2486	2	31	6	3064	0	1
2486	3	1	103	2996	0	1
2486	3	4	8	3059	0	1
2486	3	8	629	2902	0	1
2486	3	9	1	3066	0	1
2486	3	12	7	3072	0	1
2486	3	13	11	3060	0	1
2486	4	18	130	2974	0	1
2486	4	27	1	3066	0	1
2486	5	2	107	3029	0	1
2486	5	6	130	2974	0	1
2486	5	11	183	2982	0	1
2486	5	15	1	3066	0	1
2486	5	26	241	2899	0	1
2486	5	31	1	3066	0	1
2487	0	0	1	3067	0	1
2487	0	4	1	3068	0	1
2487	0	6	1	3066	0	1
2487	0	18	1	3066	0	1
2487	0	19	4	3067	0	1
2487	0	22	4	3070	0	1
2487	0	23	2	3065	0	1
2487	0	26	2	3065	0	1
2487	0	27	5	3068	0	1
2487	0	30	5	3065	0	1
2487	0	31	3	3068	0	1
2487	1	4	1	3066	0	1
2487	1	5	1	3066	0	1
2487	1	7	2	3065	0	1
2487	1	10	1	3066	0	1
2487	1	11	1	3066	0	1
2487	1	12	1	3068	0	1
2487	1	15	2	3065	0	1
2487	1	16	3	3068	0	1
2487	1	18	4	3068	0	1
2487	1	20	2	3067	0	1
2487	1	21	13	3066	0	1
2487	1	22	2	3065	0	1
2487	1	23	1	3067	0	1
2487	1	25	5	3068	0	1
2487	1	27	7	3071	0	1
2487	1	28	6	3066	0	1
2487	1	29	3	3069	0	1
2487	1	31	4	3065	0	1
2487	2	4	1	3066	0	1
2487	2	5	1	3068	0	1
2487	2	10	1	3068	0	1
2487	2	14	1	3066	0	1
2487	2	15	1	3066	0	1
2487	2	19	1	3066	0	1
2487	2	21	4	3067	0	1
2487	2	23	8	3065	0	1
2487	2	25	6	3063	0	1
2487	2	27	198	3021	0	1
2487	2	31	1	3066	0	1
2487	3	1	15	3057	0	1
2487	3	4	91	3019	0	1
2487	3	9	2	3067	0	1
2487	3	12	62	3044	0	1
2487	3	13	31	3043	0	1
2487	4	3	107	3029	0	1
2487	4	5	183	2982	0	1
2487	4	6	680	2878	0	1
2487	4	9	130	2974	0	1
2487	4	12	241	2899	0	1
2487	4	15	1	3066	0	1
2487	4	19	183	2982	0	1
2487	4	26	107	3029	0	1
2487	5	23	130	2974	0	1
2487	6	2	680	2878	0	1
2487	6	3	241	2899	0	1
2487	6	6	183	2982	0	1
2487	6	7	1	3066	0	1
2487	6	16	806	2771	0	1
2487	6	17	241	2899	0	1
2487	6	20	183	2982	0	1
2487	6	21	212	2926	0	1
2488	0	0	3	3064	0	1
2488	0	4	2	3068	0	1
2488	0	6	1	3066	0	1
2488	0	23	1	3067	0	1
2488	0	24	1	3066	0	1
2488	1	11	1	3068	0	1
2488	1	25	1	3066	0	1
2488	1	28	1	3066	0	1
2488	2	0	1	3066	0	1
2488	2	1	2	3067	0	1
2488	2	2	1	3066	0	1
2488	2	3	1	3066	0	1
2488	2	6	3	3069	0	1
2488	2	11	1	3068	0	1
2488	2	13	1	3067	0	1
2488	2	14	1	3067	0	1
2488	2	15	1	3067	0	1
2488	2	17	3	3064	0	1
2488	2	19	206	2992	0	1
2488	2	21	1	3066	0	1
2488	2	23	2	3069	0	1
2488	2	27	1	3066	0	1
2488	2	29	9	3061	0	1
2488	2	31	1	3066	0	1
2488	3	0	7	3064	0	1
2488	3	5	21	3054	0	1
2488	3	9	22	3051	0	1
2488	3	12	5	3065	0	1
2488	3	13	38	3044	0	1
2488	3	16	33	3044	0	1
2488	3	20	3	3065	0	1
2488	3	23	103	3029	0	1
2488	3	26	8	3062	0	1
2488	3	27	1	3066	0	1
2488	3	30	120	2981	0	1
2488	3	31	1	3066	0	1
2488	4	0	37	3042	0	1
2488	4	16	37	3042	0	1
2488	4	27	680	2878	0	1
2488	5	0	37	3042	0	1
2488	5	16	37	3042	0	1
2488	5	23	107	3029	0	1
2488	6	0	37	3042	0	1
2488	6	6	107	3029	0	1
2488	6	7	130	2974	0	1
2488	6	16	21	3052	0	1
2488	6	17	1	3066	0	1
2488	6	20	114	3024	0	1
2488	6	21	130	2974	0	1
2488	10	8	1	3067	0	1
2488	10	16	1	3067	0	1
2488	11	8	1	3067	0	1
2488	11	16	1	3067	0	1
2488	11	24	1	3067	0	1
2488	12	8	4	3069	0	1
2488	12	16	2	3068	0	1
2488	12	24	5	3069	0	1
2488	13	0	4	3067	0	1
2488	13	8	7	3071	0	1
2488	13	16	11	3068	0	1
2488	13	24	13	3073	0	1
2488	14	0	26	3069	0	1
2488	14	8	15	3074	0	1
2488	14	16	48	3067	0	1
2488	14	24	29	3072	0	1
2488	15	0	104	3067	0	1
2488	15	8	42	3068	0	1
2488	15	16	230	3053	0	1
2488	15	24	85	3055	0	1
2488	16	0	470	2986	0	1
2488	16	8	158	3019	0	1
2488	16	16	977	2698	0	1
2488	16	24	344	2906	0	1
2488	17	0	2170	1635	0	1
2488	17	8	483	2805	0	1
2488	17	16	2681	1141	0	1
2488	17	24	485	2803	0	1
2488	18	0	2681	1141	0	1
2488	18	8	485	2803	0	1
2488	18	16	2681	1141	0	1
2488	18	24	485	2803	0	1
2488	19	0	1624	1847	0	1
2488	19	8	301	2910	0	1
2489	0	0	1	3067	0	1
2489	0	2	1	3067	0	1
2489	0	4	1	3066	0	1
2489	0	23	1	3066	0	1
2489	1	0	2	3068	0	1
2489	1	1	4	3065	0	1
2489	1	3	9	3070	0	1
2489	1	5	2	3067	0	1
2489	1	6	1	3066	0	1
2489	1	9	4	3069	0	1
2489	1	11	1	3067	0	1
2489	1	13	3	3069	0	1
2489	1	14	4	3067	0	1
2489	1	15	1	3066	0	1
2489	1	21	1	3067	0	1
2489	1	22	1	3066	0	1
2489	1	26	1	3068	0	1
2489	1	27	2	3067	0	1
2489	1	29	1	3067	0	1
2489	1	31	1	3068	0	1
2489	2	0	40	3066	0	1
2489	2	1	1	3066	0	1
2489	2	2	31	3062	0	1
2489	2	6	6	3065	0	1
2489	2	7	33	3068	0	1
2489	2	10	17	3067	0	1
2489	2	11	6	3067	0	1
2489	2	12	51	3064	0	1
2489	2	13	1	3068	0	1
2489	2	14	100	3054	0	1
2489	2	17	1	3066	0	1
2489	2	19	193	3045	0	1
2489	2	21	3	3067	0	1
2489	2	23	8	3064	0	1
2489	2	25	9	3064	0	1
2489	2	27	42	3071	0	1
2489	2	29	13	3061	0	1
2489	2	31	1	3066	0	1
2489	3	0	55	3043	0	1
2489	3	5	9	3063	0	1
2489	3	12	61	3053	0	1
2489	3	13	9	3065	0	1
2489	3	18	14	3065	0	1
2489	3	19	6	3064	0	1
2489	3	20	1	3067	0	1
2489	3	21	680	2878	0	1
2489	3	22	169	2984	0	1
2489	3	23	2	3065	0	1
2489	3	24	226	2909	0	1
2489	3	25	2	3065	0	1
2489	3	28	15	3057	0	1
2489	3	30	2	3065	0	1
2489	3	31	1	3066	0	1
2489	4	19	241	2899	0	1
2489	5	9	680	2878	0	1
2489	5	13	241	2899	0	1
2489	5	26	680	2878	0	1
2489	5	31	183	2982	0	1
2490	1	0	10	3057	0	1
2490	1	16	1939	1997	0	1
2490	1	17	751	2641	0	1
2490	1	26	97	3076	0	1
2490	2	0	1939	1997	0	1
2490	2	4	15	3066	0	1
2490	2	15	684	2520	0	1
2490	2	27	873	2363	0	1
2490	3	26	254	3015	0	1
2490	4	6	1033	2622	0	1
2490	4	7	590	2697	0	1
2490	4	11	788	2839	0	1
2490	5	8	713	2692	0	1
2490	5	11	26	3050	0	1
2490	5	12	2	3065	0	1
2490	5	13	2	3065	0	1
2490	5	26	254	3015	0	1
2490	10	13	1	3067	0	1
2490	10	14	1	3067	0	1
2490	11	8	1	3067	0	1
2490	11	17	1	3068	0	1
2490	11	19	1	3066	0	1
2490	11	20	3	3067	0	1
2490	11	24	1	3066	0	1
2490	11	25	4	3069	0	1
2490	12	6	6	3068	0	1
2490	12	8	5	3069	0	1
2490	12	13	1	3068	0	1
2490	12	20	2	3069	0	1
2490	12	21	7	3071	0	1
2490	12	22	8	3072	0	1
2490	13	8	11	3072	0	1
2490	13	12	4	3067	0	1
2490	13	17	6	3067	0	1
2490	13	19	26	3070	0	1
2490	13	20	32	3075	0	1
2490	13	24	9	3067	0	1
2490	13	25	15	3074	0	1
2490	13	26	4	3067	0	1
2490	14	6	54	3073	0	1
2490	14	8	38	3067	0	1
2490	14	11	7	3067	0	1
2490	14	13	27	3068	0	1
2490	14	15	12	3062	0	1
2490	14	20	15	3071	0	1
2490	14	21	85	3075	0	1
2490	14	22	104	3077	0	1
2490	15	8	216	3053	0	1
2490	15	11	84	3055	0	1
2490	15	12	181	3057	0	1
2490	15	13	11	3063	0	1
2490	15	16	8	3067	0	1
2490	15	17	1	3066	0	1
2490	15	19	158	3019	0	1
2490	15	20	385	2978	0	1
2490	15	24	11	3068	0	1
2490	15	25	158	3019	0	1
2490	15	26	181	3057	0	1
2490	16	6	537	2873	0	1
2490	16	8	344	2906	0	1
2490	16	13	96	3026	0	1
2490	16	21	483	2805	0	1
2490	16	22	556	2858	0	1
2490	16	23	1	3066	0	1
2490	17	8	932	2643	0	1
2490	17	11	147	2984	0	1
2490	17	12	485	2803	0	1
2490	17	19	139	3027	0	1
2490	17	20	2820	1101	0	1
2490	17	25	139	3027	0	1
2490	17	26	447	2907	0	1
2490	18	2	3	3068	0	1
2490	18	13	1	3068	0	1
2490	18	25	2	3067	0	1
2490	18	27	3	3067	0	1
2490	19	0	17	3072	0	1
2490	19	3	7	3068	0	1
2490	19	5	3	3067	0	1
2490	19	16	8	3070	0	1
2490	19	17	8	3067	0	1
2490	19	27	3	3067	0	1
2490	19	28	11	3069	0	1
2490	19	30	19	3074	0	1
2490	20	0	35	3074	0	1
2490	20	2	16	3068	0	1
2490	20	3	3	3066	0	1
2490	20	13	8	3068	0	1
2490	20	15	18	3071	0	1
2490	20	24	6	3067	0	1
2490	20	25	50	3069	0	1
2490	20	27	65	3068	0	1
2490	21	0	198	3033	0	1
2490	21	3	119	3058	0	1
2490	21	5	46	3063	0	1
2490	21	6	6	3065	0	1
2490	21	16	61	3068	0	1
2490	21	17	15	3065	0	1
2490	21	27	22	3065	0	1
2490	21	28	211	3049	0	1
2490	21	30	264	3038	0	1
2490	22	0	497	2936	0	1
2490	22	2	381	2969	0	1
2490	22	3	37	3058	0	1
2490	22	13	75	3065	0	1
2490	22	15	200	2992	0	1
2490	22	24	10	3071	0	1
2490	22	25	250	2944	0	1
2490	22	27	787	2749	0	1
2490	23	0	180	3030	0	1
2490	23	3	920	2650	0	1
2490	23	5	374	2854	0	1
2490	23	28	40	3071	0	1
2490	23	30	2832	1094	0	1
2491	0	0	15	3068	0	1
2491	0	2	13	3067	0	1
2491	0	12	14	3069	0	1
2491	0	13	14	3069	0	1
2491	0	14	12	3068	0	1
2491	0	24	4	3070	0	1
2491	0	25	29	3069	0	1
2491	0	26	16	3070	0	1
2491	1	0	91	3064	0	1
2491	1	3	54	3071	0	1
2491	1	4	2	3067	0	1
2491	1	5	43	3070	0	1
2491	1	16	36	3070	0	1
2491	1	17	78	3063	0	1
2491	1	28	11	3067	0	1
2491	1	30	57	3065	0	1
2491	2	0	150	3051	0	1
2491	2	2	105	3062	0	1
2491	2	12	109	3054	0	1
2491	2	14	142	3055	0	1
2491	2	24	43	3068	0	1
2491	2	25	230	3047	0	1
2491	2	26	179	3060	0	1
2491	3	0	236	3029	0	1
2491	3	3	258	3012	0	1
2491	3	4	11	3060	0	1
2491	3	5	207	3036	0	1
2491	3	17	249	2902	0	1
2491	3	30	207	3036	0	1
2491	4	0	254	3015	0	1
2491	4	2	207	3036	0	1
2491	4	12	1136	2523	0	1
2491	4	25	254	3015	0	1
2491	4	26	207	3036	0	1
2491	5	0	167	3042	0	1
2491	5	3	254	3015	0	1
2491	5	5	207	3036	0	1
2491	5	30	207	3036	0	1
2491	6	0	254	3015	0	1
2491	6	2	207	3036	0	1
2491	6	12	1136	2523	0	1
2491	6	25	1496	2366	0	1
2491	6	26	360	2910	0	1
2491	7	0	1000	2585	0	1
2491	10	2	1	3067	0	1
2491	10	12	1	3067	0	1
2491	11	0	1	3067	0	1
2491	12	0	1	3066	0	1
2491	12	2	1	3066	0	1
2491	12	25	2	3067	0	1
2491	12	26	5	3069	0	1
2491	13	0	18	3076	0	1
2491	13	3	3	3069	0	1
2491	13	5	7	3071	0	1
2491	13	30	4	3067	0	1
2491	14	0	26	3070	0	1
2491	14	2	26	3070	0	1
2491	14	25	38	3067	0	1
2491	14	26	38	3067	0	1
2491	15	0	227	3022	0	1
2491	15	3	85	3075	0	1
2491	15	5	85	3075	0	1
2491	15	30	181	3057	0	1
2491	16	0	324	2998	0	1
2491	16	2	158	3019	0	1
2491	16	25	442	2912	0	1
2491	16	26	344	2906	0	1
2491	17	0	509	2811	0	1
2491	17	3	447	2907	0	1
2491	17	5	483	2805	0	1
2491	17	30	485	2803	0	1
2491	18	0	447	2907	0	1
2491	18	2	485	2803	0	1
2491	18	25	447	2907	0	1
2491	18	26	485	2803	0	1
2491	19	0	587	2686	0	1
2491	19	3	1624	1847	0	1
2491	19	5	301	2910	0	1
2492	0	15	697	2488	0	1
2492	2	0	873	2363	0	1
2492	2	8	873	2363	0	1
2492	4	3	11	3058	0	1
2492	4	5	1	3067	0	1
2492	4	9	1	3068	0	1
2492	4	11	5	3064	0	1
2492	4	13	30	3057	0	1
2492	4	25	33	3055	0	1
2492	4	31	1	3066	0	1
2492	5	15	1	3066	0	1
2492	5	23	1	3066	0	1
2492	6	7	1	3066	0	1
2492	13	16	11	3067	0	1
2492	19	0	1	3068	0	1
2492	19	4	1	3067	0	1
2492	19	8	2	3069	0	1
2492	19	12	3	3069	0	1
2492	19	16	1	3067	0	1
2492	19	22	2	3067	0	1
2492	19	26	1	3066	0	1
2492	19	28	3	3066	0	1
2492	20	0	1	3066	0	1
2492	20	1	3	3069	0	1
2492	20	3	18	3074	0	1
2492	20	9	4	3070	0	1
2492	20	10	1	3066	0	1
2492	21	0	10	3065	0	1
2492	21	2	71	3072	0	1
2492	21	4	1	3066	0	1
2492	21	6	4	3067	0	1
2492	21	8	14	3066	0	1
2492	21	14	10	3070	0	1
2492	21	16	194	3049	0	1
2492	21	18	2	3069	0	1
2492	21	20	1	3067	0	1
2492	21	22	5	3062	0	1
2492	21	28	4	3066	0	1
2492	21	30	7	3062	0	1
2492	22	18	472	2919	0	1
2493	4	1	219	2930	0	1
2493	4	3	2	3069	0	1
2493	4	5	163	2996	0	1
2493	4	7	4	3067	0	1
2493	4	9	106	3028	0	1
2493	4	11	125	2977	0	1
2493	4	13	153	2992	0	1
2493	4	15	1	3066	0	1
2493	4	17	708	2697	0	1
2493	5	2	3	3064	0	1
2493	5	14	18	3062	0	1
2493	5	18	708	2697	0	1
2493	5	23	33	3055	0	1
2493	6	0	3	3064	0	1
2493	6	6	18	3062	0	1
2493	10	0	1	3067	0	1
2493	12	0	1	3067	0	1
2493	12	8	2	3069	0	1
2493	13	16	21	3072	0	1
2493	14	0	1	3068	0	1
2493	14	2	20	3065	0	1
2493	15	0	207	3047	0	1
2493	15	4	61	3058	0	1
2493	16	2	250	2944	0	1
2493	17	0	2792	1090	0	1
2493	17	4	40	3071	0	1
2493	17	12	40	3071	0	1
2493	18	2	2	3067	0	1
2493	18	17	1	3068	0	1
2493	18	21	1	3067	0	1
2493	18	25	1	3068	0	1
2493	19	14	1	3066	0	1
2493	19	16	1	3068	0	1
2493	19	22	2	3069	0	1
2493	19	24	2	3069	0	1
2493	20	0	1	3068	0	1
2493	20	1	2	3066	0	1
2493	20	2	1	3068	0	1
2493	20	3	3	3066	0	1
2493	20	9	3	3066	0	1
2493	20	10	3	3068	0	1
2493	20	16	7	3068	0	1
2493	20	17	1	3068	0	1
2493	20	19	4	3070	0	1
2493	20	20	5	3068	0	1
2493	20	21	2	3068	0	1
2493	20	22	3	3066	0	1
2493	20	23	34	3063	0	1
2493	20	24	11	3069	0	1
2493	20	25	3	3066	0	1
2493	20	29	7	3068	0	1
2493	20	30	4	3066	0	1
2493	21	0	1	3068	0	1
2493	21	2	21	3071	0	1
2493	21	6	5	3065	0	1
2493	21	8	1	3068	0	1
2493	21	14	13	3064	0	1
2493	21	16	15	3067	0	1
2493	21	18	1	3066	0	1
2493	21	20	5	3068	0	1
2493	21	22	21	3067	0	1
2493	21	24	17	3067	0	1
2493	21	26	1	3066	0	1
2493	22	0	15	3064	0	1
2493	22	1	2	3068	0	1
2493	22	3	7	3069	0	1
2493	22	4	10	3067	0	1
2493	22	5	36	3055	0	1
2493	22	6	33	3061	0	1
2493	22	8	41	3046	0	1
2493	22	11	8	3070	0	1
2493	22	12	30	3053	0	1
2493	22	14	69	3044	0	1
2493	23	2	1620	2166	0	1
2494	1	7	1109	2370	0	1
2494	1	15	1939	1997	0	1
2494	1	19	1939	1997	0	1
2494	1	27	1939	1997	0	1
2494	2	16	873	2363	0	1
2494	4	1	7	3064	0	1
2494	4	3	3	3064	0	1
2494	4	5	90	3039	0	1
2494	4	9	36	3043	0	1
2494	4	13	82	3054	0	1
2494	4	15	2	3066	0	1
2494	4	16	2	3065	0	1
2494	4	22	3	3064	0	1
2494	5	0	2	3065	0	1
2494	5	12	115	2995	0	1
2494	5	16	2	3065	0	1
2494	5	21	115	2995	0	1
2494	6	0	2	3065	0	1
2494	6	6	115	2995	0	1
2494	10	26	1	3067	0	1
2494	12	8	2	3067	0	1
2494	12	16	2	3067	0	1
2494	12	24	1	3067	0	1
2494	13	0	4	3069	0	1
2494	13	4	3	3070	0	1
2494	13	8	7	3067	0	1
2494	13	12	7	3069	0	1
2494	13	16	3	3068	0	1
2494	14	0	3	3068	0	1
2494	14	2	47	3068	0	1
2494	14	16	4	3067	0	1
2494	14	17	90	3061	0	1
2494	14	24	9	3068	0	1
2494	14	25	37	3062	0	1
2494	15	0	4	3069	0	1
2494	15	4	12	3067	0	1
2494	15	16	1	3066	0	1
2494	15	18	380	2970	0	1
2494	16	2	538	2871	0	1
2494	16	17	546	2863	0	1
2494	16	25	374	2854	0	1
2494	17	16	2820	1101	0	1
2494	18	0	1	3068	0	1
2494	18	18	1	3068	0	1
2494	18	19	1	3068	0	1
2494	18	27	1	3068	0	1
2494	19	6	1	3068	0	1
2494	19	16	1	3067	0	1
2494	19	18	1	3066	0	1
2494	19	22	2	3067	0	1
2494	19	26	1	3066	0	1
2494	19	30	2	3067	0	1
2494	20	1	2	3069	0	1
2494	20	2	1	3066	0	1
2494	20	9	4	3069	0	1
2494	20	10	3	3067	0	1
2494	20	16	1	3066	0	1
2494	20	17	1	3066	0	1
2494	20	18	2	3065	0	1
2494	20	21	2	3066	0	1
2494	20	22	3	3066	0	1
2494	20	23	3	3066	0	1
2494	20	26	3	3065	0	1
2494	20	27	2	3067	0	1
2494	20	28	1	3067	0	1
2494	20	31	6	3067	0	1
2494	21	0	15	3065	0	1
2494	21	2	1	3066	0	1
2494	21	4	2	3069	0	1
2494	21	8	23	3068	0	1
2494	21	18	1	3066	0	1
2494	21	22	6	3070	0	1
2494	21	24	1	3067	0	1
2494	21	30	12	3066	0	1
2494	22	1	22	3068	0	1
2494	22	3	475	2961	0	1
2494	22	9	57	3053	0	1
2494	22	13	3	3064	0	1
2494	22	16	9	3062	0	1
2494	22	18	2	3065	0	1
2494	22	19	70	3023	0	1
2494	22	24	25	3048	0	1
2494	22	27	265	2837	0	1
2494	23	0	295	2813	0	1
2494	23	2	738	2528	0	1
2494	23	16	2832	1094	0	1
2495	0	19	781	2462	0	1
2495	0	27	1109	2370	0	1
2495	4	5	32	3064	0	1
2495	4	9	1	3066	0	1
2495	4	13	598	2891	0	1
2495	4	15	239	2900	0	1
2495	4	24	115	2995	0	1
2495	4	30	18	3062	0	1
2495	5	1	708	2697	0	1
2495	5	13	33	3055	0	1
2495	5	16	3	3064	0	1
2495	5	21	18	3062	0	1
2495	6	1	708	2697	0	1
2495	6	7	33	3055	0	1
2495	11	16	1	3067	0	1
2495	11	18	2	3068	0	1
2495	12	16	3	3068	0	1
2495	12	24	2	3068	0	1
2495	13	16	5	3068	0	1
2495	15	16	2	3065	0	1
2495	15	18	125	3037	0	1
2495	19	8	2	3067	0	1
2495	19	18	2	3068	0	1
2495	19	24	3	3066	0	1
2495	20	0	1	3066	0	1
2495	20	2	4	3067	0	1
2495	20	3	1	3068	0	1
2495	20	8	2	3067	0	1
2495	20	11	3	3068	0	1
2495	21	0	7	3070	0	1
2495	21	2	9	3067	0	1
2495	21	6	5	3064	0	1
2495	21	10	14	3066	0	1
2495	21	12	1	3068	0	1
2495	21	16	51	3058	0	1
2495	21	18	2	3067	0	1
2495	21	20	4	3067	0	1
2495	21	26	3	3066	0	1
2495	21	28	6	3067	0	1
2495	22	17	140	3009	0	1
2495	22	19	122	3012	0	1
2496	0	22	952	2762	0	1
2496	0	25	286	2936	0	1
2496	0	26	414	2855	0	1
2496	0	27	257	2993	0	1
2496	0	30	485	2827	0	1
2496	1	0	952	2761	0	1
2496	1	4	575	2630	0	1
2496	1	20	744	2717	0	1
2496	2	8	4	3069	0	1
2496	2	22	45	3066	0	1
2496	2	25	32	3063	0	1
2496	2	26	9	3065	0	1
2496	2	27	11	3065	0	1
2496	2	29	17	3061	0	1
2496	3	0	79	3074	0	1
2496	3	4	43	3064	0	1
2496	3	20	51	3065	0	1
2496	4	8	34	3057	0	1
2496	4	12	42	3064	0	1
2496	4	22	215	2972	0	1
2496	4	25	598	2822	0	1
2496	4	26	1219	2559	0	1
2496	4	30	1219	2559	0	1
2496	5	0	954	2709	0	1
2496	5	20	637	2816	0	1
2496	6	8	5	3067	0	1
2496	6	22	665	2790	0	1
2496	6	26	437	2958	0	1
2496	6	30	437	2958	0	1
2496	7	0	923	2708	0	1
2496	7	20	616	2812	0	1
2496	8	12	2	3065	0	1
2496	8	22	710	2674	0	1
2496	8	26	692	2689	0	1
2496	9	0	748	2669	0	1
2496	9	20	722	2642	0	1
2496	12	17	71	3013	0	1
2496	12	22	527	2852	0	1
2496	12	25	193	2955	0	1
2496	13	0	8	3066	0	1
2496	13	20	69	3048	0	1
2496	50	14	1022	2723	0	1
2497	0	16	959	2759	0	1
2497	0	17	959	2759	0	1
2497	0	21	952	2762	0	1
2497	0	24	257	2993	0	1
2497	0	25	27	3062	0	1
2497	0	26	286	2936	0	1
2497	0	29	27	3062	0	1
2497	1	3	1037	2397	0	1
2497	1	7	118	3002	0	1
2497	1	19	206	2947	0	1
2497	2	11	11	3066	0	1
2497	2	20	19	3061	0	1
2497	2	21	45	3066	0	1
2497	2	24	15	3067	0	1
2497	2	25	2	3067	0	1
2497	2	26	33	3063	0	1
2497	2	29	2	3067	0	1
2497	3	3	2	3067	0	1
2497	3	7	5	3066	0	1
2497	3	19	5	3065	0	1
2497	4	15	31	3059	0	1
2497	4	16	1219	2559	0	1
2497	4	21	959	2709	0	1
2497	4	25	371	3009	0	1
2497	4	26	598	2822	0	1
2497	4	29	371	3009	0	1
2497	5	3	474	2974	0	1
2497	5	19	116	3053	0	1
2497	6	16	1049	2636	0	1
2497	6	17	1049	2636	0	1
2497	6	21	923	2708	0	1
2497	6	25	19	3061	0	1
2497	6	29	19	3061	0	1
2497	7	3	438	2957	0	1
2497	7	19	38	3066	0	1
2497	8	16	755	2671	0	1
2497	8	17	755	2671	0	1
2497	8	21	748	2669	0	1
2497	8	25	9	3067	0	1
2497	8	29	9	3067	0	1
2497	9	3	4	3067	0	1
2497	9	19	12	3067	0	1
2497	10	15	4	3068	0	1
2497	12	11	62	3066	0	1
2497	12	16	527	2852	0	1
2497	12	17	527	2852	0	1
2497	12	21	527	2852	0	1
2498	0	1	39	3064	0	1
2498	0	3	18	3069	0	1
2498	0	14	1	3067	0	1
2498	0	15	9	3069	0	1
2498	3	13	19	3069	0	1
2498	3	15	205	2972	0	1
2498	4	25	2	3068	0	1
2498	4	30	105	3054	0	1
2498	5	9	981	2424	0	1
2498	6	25	17	3066	0	1
2498	50	20	1022	2723	0	1
2498	50	21	1022	2723	0	1
2499	0	2	10	3067	0	1
2499	0	14	7	3069	0	1
2499	3	12	22	3065	0	1
2499	3	13	19	3065	0	1
2499	3	14	205	2972	0	1
2499	4	30	105	3054	0	1
2500	0	2	39	3064	0	1
2500	0	12	6	3069	0	1
2500	4	25	2	3068	0	1
2500	5	9	981	2424	0	1
2500	6	25	17	3066	0	1
2500	6	26	2	3066	0	1
2500	50	22	1022	2723	0	1
2501	0	1	10	3067	0	1
2501	0	13	2	3067	0	1
2501	0	14	9	3069	0	1
2501	2	3	11	3069	0	1
2501	3	13	193	2981	0	1
2501	3	14	205	2972	0	1
2501	3	15	22	3065	0	1
2501	4	27	1	3067	0	1
2501	4	29	14	3056	0	1
2501	4	30	25	3051	0	1
2501	6	27	7	3067	0	1
2501	50	20	1022	2723	0	1
2501	50	21	1022	2723	0	1
2502	0	2	21	3066	0	1
2502	0	14	3	3068	0	1
2502	0	15	44	3075	0	1
2502	0	17	14	3062	0	1
2502	0	25	105	3037	0	1
2502	1	15	14	3066	0	1
2502	2	0	11	3069	0	1
2502	2	11	12	3066	0	1
2502	2	25	28	3069	0	1
2502	3	12	22	3065	0	1
2502	3	14	96	3023	0	1
2502	3	15	14	3065	0	1
2502	4	7	8	3066	0	1
2502	4	30	12	3060	0	1
2502	5	21	49	3061	0	1
2502	10	5	90	3034	0	1
2502	10	25	666	2804	0	1
2502	11	23	1225	2594	0	1
2502	13	9	1	3066	0	1
2503	0	0	17	3069	0	1
2503	0	26	31	3051	0	1
2503	0	28	60	3073	0	1
2503	1	16	33	3064	0	1
2503	1	18	25	3060	0	1
2503	2	0	2	3067	0	1
2503	2	2	1	3066	0	1
2503	2	8	63	3067	0	1
2503	2	10	829	2790	0	1
2503	2	14	105	3037	0	1
2503	2	16	18	3065	0	1
2503	2	24	17	3065	0	1
2503	2	26	115	3034	0	1
2503	2	28	30	3063	0	1
2503	3	2	234	2908	0	1
2503	3	10	9	3066	0	1
2503	3	12	784	2840	0	1
2503	3	13	19	3069	0	1
2503	3	18	133	2992	0	1
2503	3	22	94	3056	0	1
2503	3	24	28	3067	0	1
2503	3	28	200	3018	0	1
2503	4	0	237	2994	0	1
2503	4	2	1753	2165	0	1
2503	4	4	48	3047	0	1
2503	4	8	650	2781	0	1
2503	4	14	19	3063	0	1
2503	4	18	788	2839	0	1
2503	4	20	45	3055	0	1
2503	4	24	36	3057	0	1
2503	4	25	2	3068	0	1
2503	4	30	17	3072	0	1
2503	5	8	107	3027	0	1
2503	5	12	110	3045	0	1
2503	5	14	958	2685	0	1
2503	5	18	2	3067	0	1
2503	5	24	345	2898	0	1
2503	6	4	41	3044	0	1
2503	6	8	7	3068	0	1
2503	6	12	26	3057	0	1
2503	6	14	7	3062	0	1
2503	6	25	11	3067	0	1
2503	6	30	476	2865	0	1
2503	7	8	35	3046	0	1
2503	10	20	48	3068	0	1
2503	12	6	102	3065	0	1
2504	0	2	27	3064	0	1
2504	0	3	13	3067	0	1
2504	0	10	68	3064	0	1
2504	0	18	26	3069	0	1
2504	0	19	26	3069	0	1
2504	1	0	657	2760	0	1
2504	1	2	10	3071	0	1
2504	1	12	33	3070	0	1
2504	1	16	317	2908	0	1
2504	1	18	59	3063	0	1
2504	1	19	94	3059	0	1
2504	1	29	1	3066	0	1
2504	2	5	40	3063	0	1
2504	2	8	37	3059	0	1
2504	2	10	108	3012	0	1
2504	2	11	127	3001	0	1
2504	2	14	10	3071	0	1
2504	2	17	8	3066	0	1
2504	2	18	303	2977	0	1
2504	2	19	595	2898	0	1
2504	2	28	50	3045	0	1
2504	2	29	34	3061	0	1
2504	3	1	788	2839	0	1
2504	3	2	161	2951	0	1
2504	3	3	201	2938	0	1
2504	3	4	188	3030	0	1
2504	3	5	233	3027	0	1
2504	3	9	23	3068	0	1
2504	3	18	1	3068	0	1
2504	3	23	93	3056	0	1
2504	3	24	26	3068	0	1
2504	4	2	1068	2491	0	1
2504	4	3	1753	2165	0	1
2504	4	8	94	3020	0	1
2504	4	18	370	2843	0	1
2504	4	19	532	2728	0	1
2504	5	0	17	3066	0	1
2504	5	14	35	3046	0	1
2504	5	15	958	2685	0	1
2504	5	18	1	3066	0	1
2504	5	19	1	3068	0	1
2504	9	28	2	3067	0	1
2504	10	19	45	3065	0	1
2504	10	20	45	3069	0	1
2504	10	22	349	2811	0	1
2504	10	24	15	3072	0	1
2504	11	7	51	3069	0	1
2504	11	16	24	3063	0	1
2504	13	7	368	2923	0	1
2504	13	28	55	3062	0	1
2505	0	3	32	3069	0	1
2505	0	6	1	3066	0	1
2505	0	10	2	3069	0	1
2505	0	11	11	3070	0	1
2505	0	14	31	3068	0	1
2505	0	15	31	3068	0	1
2505	0	16	5	3066	0	1
2505	0	25	3	3067	0	1
2505	0	26	549	2696	0	1
2505	0	27	27	3062	0	1
2505	0	28	1938	1813	0	1
2505	0	29	3	3069	0	1
2505	1	8	9	3062	0	1
2505	1	9	4	3064	0	1
2505	1	13	12	3070	0	1
2505	1	14	21	3073	0	1
2505	1	15	24	3073	0	1
2505	1	16	19	3072	0	1
2505	1	17	19	3072	0	1
2505	1	25	24	3063	0	1
2505	2	8	145	3035	0	1
2505	2	9	256	3020	0	1
2505	2	10	39	3064	0	1
2505	2	12	5	3067	0	1
2505	2	13	5	3067	0	1
2505	2	16	888	2671	0	1
2505	2	17	1297	2491	0	1
2505	2	24	58	3073	0	1
2505	2	25	9	3066	0	1
2505	2	26	14	3067	0	1
2505	2	28	9	3066	0	1
2505	3	16	28	3065	0	1
2505	3	24	45	3065	0	1
2505	3	28	44	3056	0	1
2505	4	10	61	3076	0	1
2505	4	11	132	3067	0	1
2505	4	12	26	3067	0	1
2505	4	13	66	3069	0	1
2505	5	13	796	2830	0	1
2505	5	20	54	3057	0	1
2505	5	22	466	2909	0	1
2505	5	23	136	3016	0	1
2505	5	25	1094	2374	0	1
2505	5	28	409	2886	0	1
2505	5	29	106	3041	0	1
2505	6	10	339	2905	0	1
2505	6	28	508	2849	0	1
2505	6	29	32	3047	0	1
2505	7	13	110	3008	0	1
2505	7	25	8	3065	0	1
2505	7	28	640	2804	0	1
2505	8	12	584	2762	0	1
2505	8	13	693	2684	0	1
2505	8	25	7	3065	0	1
2505	9	8	1	3068	0	1
2505	10	15	94	3056	0	1
2505	12	9	51	3069	0	1
2505	12	24	3	3070	0	1
2505	13	9	2	3067	0	1
2505	13	24	810	2608	0	1
2506	0	6	120	3058	0	1
2506	0	11	132	3067	0	1
2506	0	19	51	3070	0	1
2506	0	28	2	3068	0	1
2506	1	1	899	2663	0	1
2506	1	3	80	3059	0	1
2506	1	12	4	3068	0	1
2506	1	13	13	3065	0	1
2506	1	16	15	3070	0	1
2506	1	17	238	2956	0	1
2506	1	19	56	3056	0	1
2506	1	28	6	3064	0	1
2506	1	29	1	3066	0	1
2506	2	0	797	2649	0	1
2506	2	5	12	3064	0	1
2506	2	8	276	3011	0	1
2506	2	9	10	3062	0	1
2506	2	10	15	3067	0	1
2506	2	11	129	3013	0	1
2506	2	15	2	3069	0	1
2506	2	16	884	2652	0	1
2506	2	17	12	3064	0	1
2506	2	19	695	2886	0	1
2506	2	25	1	3067	0	1
2506	2	29	35	3063	0	1
2506	3	1	289	2886	0	1
2506	3	3	290	2873	0	1
2506	3	5	224	3030	0	1
2506	3	9	12	3070	0	1
2506	3	13	543	2922	0	1
2506	3	14	119	2990	0	1
2506	3	16	21	3070	0	1
2506	3	19	214	2954	0	1
2506	3	23	49	3060	0	1
2506	3	24	39	3066	0	1
2506	3	25	27	3068	0	1
2506	3	28	736	2897	0	1
2506	4	3	871	2633	0	1
2506	4	5	48	3047	0	1
2506	4	6	10	3069	0	1
2506	4	9	94	3018	0	1
2506	4	15	3	3068	0	1
2506	4	19	232	2927	0	1
2506	4	21	126	3047	0	1
2506	4	25	39	3067	0	1
2506	4	31	19	3071	0	1
2506	5	1	19	3068	0	1
2506	5	9	122	3010	0	1
2506	5	13	135	3033	0	1
2506	5	15	324	2954	0	1
2506	5	19	2	3067	0	1
2506	5	20	54	3057	0	1
2506	5	25	131	3014	0	1
2506	5	26	1105	2624	0	1
2506	6	5	35	3049	0	1
2506	6	13	21	3057	0	1
2506	6	15	1	3066	0	1
2506	7	9	35	3046	0	1
2506	8	7	35	3064	0	1
2506	9	25	2	3067	0	1
2506	10	23	53	3067	0	1
2506	11	7	1	3068	0	1
2506	11	17	1	3067	0	1
2506	12	7	181	3057	0	1
2506	13	7	5	3066	0	1
2506	14	3	230	3053	0	1
2506	19	7	5	3070	0	1
2506	21	3	7	3069	0	1
2507	0	2	25	3068	0	1
2507	0	6	27	3059	0	1
2507	0	10	11	3070	0	1
2507	0	11	124	3068	0	1
2507	0	16	11	3067	0	1
2507	0	24	7	3068	0	1
2507	0	26	73	3030	0	1
2507	0	28	2	3068	0	1
2507	1	1	1297	2491	0	1
2507	1	3	1	3068	0	1
2507	1	8	9	3062	0	1
2507	1	12	4	3069	0	1
2507	1	13	2	3065	0	1
2507	1	14	25	3074	0	1
2507	1	16	9	3069	0	1
2507	1	17	236	2937	0	1
2507	1	28	6	3063	0	1
2507	2	0	174	2971	0	1
2507	2	1	1	3068	0	1
2507	2	5	12	3068	0	1
2507	2	8	49	3059	0	1
2507	2	9	58	3061	0	1
2507	2	10	483	2826	0	1
2507	2	12	3	3066	0	1
2507	2	15	1	3068	0	1
2507	2	16	634	2812	0	1
2507	2	24	29	3070	0	1
2507	2	26	51	3068	0	1
2507	2	29	48	3061	0	1
2507	3	1	315	2883	0	1
2507	3	9	14	3062	0	1
2507	3	11	4	3066	0	1
2507	3	13	784	2840	0	1
2507	3	14	248	2902	0	1
2507	3	16	25	3068	0	1
2507	3	23	64	3064	0	1
2507	3	24	43	3064	0	1
2507	3	28	51	3046	0	1
2507	3	29	53	3048	0	1
2507	4	5	49	3050	0	1
2507	4	9	10	3065	0	1
2507	4	10	38	3052	0	1
2507	4	12	44	3068	0	1
2507	4	15	9	3067	0	1
2507	4	17	15	3062	0	1
2507	4	21	139	3044	0	1
2507	4	25	33	3060	0	1
2507	4	31	41	3062	0	1
2507	5	1	630	2928	0	1
2507	5	9	258	2979	0	1
2507	5	13	340	2948	0	1
2507	5	15	836	2722	0	1
2507	5	19	2	3067	0	1
2507	5	20	9	3065	0	1
2507	5	22	142	3018	0	1
2507	5	25	109	3014	0	1
2507	5	26	49	3047	0	1
2507	5	28	127	3031	0	1
2507	6	5	540	2753	0	1
2507	6	9	63	3033	0	1
2507	6	13	346	2973	0	1
2507	6	15	240	3002	0	1
2507	6	31	4	3067	0	1
2507	7	9	753	2745	0	1
2507	7	28	923	2708	0	1
2507	8	24	1	3068	0	1
2507	9	6	45	3065	0	1
2507	9	8	1	3068	0	1
2507	9	22	52	3061	0	1
2507	9	25	2	3067	0	1
2507	10	4	53	3066	0	1
2507	10	14	10	3064	0	1
2507	10	19	45	3064	0	1
2507	11	6	1223	2595	0	1
2507	12	8	1	3068	0	1
2507	12	24	3	3070	0	1
2507	13	7	8	3066	0	1
2507	13	8	1	3068	0	1
2507	13	24	5	3067	0	1
2507	14	3	135	3048	0	1
2507	14	5	619	2658	0	1
2507	19	3	9	3069	0	1
2507	21	3	5	3070	0	1
2508	0	1	10	3069	0	1
2508	0	14	44	3075	0	1
2508	0	16	10	3064	0	1
2508	0	24	105	3037	0	1
2508	0	26	653	2631	0	1
2508	0	27	233	2923	0	1
2508	0	28	4	3070	0	1
2508	1	8	9	3062	0	1
2508	1	12	8	3071	0	1
2508	1	14	14	3066	0	1
2508	1	16	19	3072	0	1
2508	1	24	13	3064	0	1
2508	1	28	6	3063	0	1
2508	2	0	856	2613	0	1
2508	2	1	2	3067	0	1
2508	2	5	23	3062	0	1
2508	2	8	276	3011	0	1
2508	2	10	483	2826	0	1
2508	2	12	3	3067	0	1
2508	2	16	1297	2491	0	1
2508	2	24	58	3073	0	1
2508	2	26	24	3065	0	1
2508	2	28	3	3064	0	1
2508	3	14	248	2902	0	1
2508	3	24	35	3064	0	1
2508	3	28	63	3040	0	1
2508	4	1	2	3067	0	1
2508	4	12	59	3070	0	1
2508	5	12	591	2696	0	1
2508	5	20	54	3057	0	1
2508	5	26	1105	2624	0	1
2508	7	24	2	3067	0	1
2508	8	12	658	2711	0	1
2508	8	24	1	3066	0	1
2508	9	6	1	3068	0	1
2508	10	14	94	3056	0	1
2508	10	25	15	3072	0	1
2509	0	1	13	3071	0	1
2509	0	3	21	3064	0	1
2509	0	6	144	3058	0	1
2509	0	19	51	3070	0	1
2509	0	27	114	3001	0	1
2509	0	29	6	3065	0	1
2509	1	3	49	3077	0	1
2509	1	13	13	3063	0	1
2509	1	17	33	3064	0	1
2509	1	19	94	3059	0	1
2509	1	24	23	3063	0	1
2509	1	28	6	3066	0	1
2509	2	0	429	2837	0	1
2509	2	5	40	3063	0	1
2509	2	9	63	3067	0	1
2509	2	11	829	2790	0	1
2509	2	15	6	3069	0	1
2509	2	17	10	3066	0	1
2509	2	19	363	2985	0	1
2509	2	25	7	3065	0	1
2509	2	27	2	3069	0	1
2509	2	29	50	3045	0	1
2509	3	3	290	2873	0	1
2509	3	5	233	3027	0	1
2509	3	9	3	3068	0	1
2509	3	11	5	3066	0	1
2509	3	13	381	2959	0	1
2509	3	19	109	3019	0	1
2509	3	23	94	3056	0	1
2509	3	25	26	3066	0	1
2509	3	29	52	3049	0	1
2509	4	3	1113	2488	0	1
2509	4	5	50	3049	0	1
2509	4	6	8	3066	0	1
2509	4	9	650	2781	0	1
2509	4	15	20	3064	0	1
2509	4	17	5	3065	0	1
2509	4	19	788	2839	0	1
2509	5	9	10	3062	0	1
2509	5	13	651	2886	0	1
2509	5	15	958	2685	0	1
2509	5	19	2	3067	0	1
2509	5	24	1955	2040	0	1
2509	5	25	732	2706	0	1
2509	8	7	1	3066	0	1
2509	13	7	5	3068	0	1
2509	14	3	230	3053	0	1
2509	19	7	7	3069	0	1
2509	21	3	5	3070	0	1
2510	0	1	3	3068	0	1
2510	0	2	32	3069	0	1
2510	0	6	107	3059	0	1
2510	0	10	3	3070	0	1
2510	0	11	64	3071	0	1
2510	0	16	11	3067	0	1
2510	0	26	754	2578	0	1
2510	0	27	102	2997	0	1
2510	0	28	1938	1813	0	1
2510	0	29	60	3073	0	1
2510	1	1	1297	2491	0	1
2510	1	3	80	3059	0	1
2510	1	13	33	3070	0	1
2510	1	14	25	3074	0	1
2510	1	19	47	3065	0	1
2510	1	29	1	3066	0	1
2510	2	1	2	3067	0	1
2510	2	3	1	3066	0	1
2510	2	9	63	3057	0	1
2510	2	10	42	3063	0	1
2510	2	11	221	2953	0	1
2510	2	12	5	3067	0	1
2510	2	15	10	3071	0	1
2510	2	17	12	3065	0	1
2510	2	19	111	3054	0	1
2510	2	25	10	3063	0	1
2510	3	1	788	2839	0	1
2510	3	3	142	2972	0	1
2510	3	5	214	3027	0	1
2510	3	9	14	3062	0	1
2510	3	14	234	2904	0	1
2510	3	19	214	2954	0	1
2510	3	23	50	3063	0	1
2510	3	25	28	3067	0	1
2510	3	29	137	3026	0	1
2510	4	5	106	3033	0	1
2510	4	6	10	3069	0	1
2510	4	9	98	3017	0	1
2510	4	15	19	3063	0	1
2510	4	17	9	3061	0	1
2510	4	19	224	2956	0	1
2510	4	21	45	3055	0	1
2510	4	25	36	3057	0	1
2510	4	31	41	3062	0	1
2510	5	1	10	3067	0	1
2510	5	9	568	2826	0	1
2510	5	12	796	2830	0	1
2510	5	13	651	2886	0	1
2510	5	19	1	3066	0	1
2510	5	25	735	2704	0	1
2510	6	5	953	2525	0	1
2510	6	9	7	3068	0	1
2510	6	13	680	2878	0	1
2510	6	15	7	3062	0	1
2510	6	31	4	3067	0	1
2510	7	9	958	2685	0	1
2510	7	12	2	3065	0	1
2510	9	6	45	3065	0	1
2510	9	25	2	3067	0	1
2510	10	23	53	3067	0	1
2510	10	24	6	3065	0	1
2510	10	25	2	3065	0	1
2510	11	6	1223	2595	0	1
2510	11	7	51	3069	0	1
2510	11	17	24	3063	0	1
2510	11	22	1225	2594	0	1
2510	13	7	368	2923	0	1
2510	14	3	230	3053	0	1
2510	19	7	7	3069	0	1
2511	0	1	22	3073	0	1
2511	0	2	26	3064	0	1
2511	0	10	11	3070	0	1
2511	0	11	132	3067	0	1
2511	0	19	29	3071	0	1
2511	0	26	27	3062	0	1
2511	0	27	127	2990	0	1
2511	0	28	2	3069	0	1
2511	0	29	10	3061	0	1
2511	1	3	41	3074	0	1
2511	1	12	12	3070	0	1
2511	1	17	227	2970	0	1
2511	1	28	10	3065	0	1
2511	1	29	1	3066	0	1
2511	2	9	63	3057	0	1
2511	2	10	28	3069	0	1
2511	2	12	5	3067	0	1
2511	2	15	105	3037	0	1
2511	2	17	18	3065	0	1
2511	2	19	695	2886	0	1
2511	2	24	23	3067	0	1
2511	2	26	38	3065	0	1
2511	2	27	115	3034	0	1
2511	2	28	9	3061	0	1
2511	3	9	15	3070	0	1
2511	3	11	10	3066	0	1
2511	3	13	784	2840	0	1
2511	3	14	123	2984	0	1
2511	3	16	28	3065	0	1
2511	3	24	45	3065	0	1
2511	3	28	736	2897	0	1
2511	3	29	200	3018	0	1
2511	4	1	1	3066	0	1
2511	4	3	1753	2165	0	1
2511	4	10	132	3067	0	1
2511	4	12	66	3069	0	1
2511	4	17	13	3063	0	1
2511	4	19	496	2751	0	1
2511	5	1	630	2928	0	1
2511	5	12	303	2894	0	1
2511	5	13	629	2902	0	1
2511	5	20	29	3067	0	1
2511	5	22	827	2778	0	1
2511	5	24	291	2934	0	1
2511	5	28	681	2878	0	1
2511	6	28	923	2708	0	1
2511	7	12	2	3065	0	1
2511	7	28	923	2708	0	1
2511	8	7	3	3066	0	1
2511	8	12	748	2669	0	1
2511	8	24	7	3065	0	1
2511	9	6	1	3068	0	1
2511	9	8	1	3068	0	1
2511	10	4	90	3034	0	1
2511	10	19	50	3065	0	1
2511	10	21	48	3068	0	1
2511	12	7	181	3057	0	1
2511	12	8	51	3069	0	1
2511	12	24	3	3070	0	1
2511	13	8	2	3067	0	1
2511	13	24	810	2608	0	1
2511	19	3	9	3069	0	1
2511	19	7	5	3070	0	1
2512	0	1	11	3067	0	1
2512	0	7	38	3065	0	1
2512	0	9	458	2754	0	1
2512	0	11	4	3066	0	1
2512	0	18	1	3068	0	1
2512	0	25	7	3067	0	1
2512	0	26	439	2781	0	1
2512	0	28	12	3068	0	1
2512	1	0	2	3066	0	1
2512	1	1	17	3064	0	1
2512	1	5	9	3063	0	1
2512	1	7	951	2762	0	1
2512	1	9	8	3067	0	1
2512	1	10	21	3066	0	1
2512	1	13	14	3062	0	1
2512	1	17	28	3067	0	1
2512	1	20	19	3070	0	1
2512	1	27	21	3070	0	1
2512	2	2	1105	2624	0	1
2512	2	4	330	2991	0	1
2512	2	5	45	3038	0	1
2512	2	11	69	3059	0	1
2512	2	12	3	3070	0	1
2512	2	13	2	3069	0	1
2512	2	20	9	3067	0	1
2512	2	26	33	3064	0	1
2512	2	30	65	3036	0	1
2512	3	0	243	3009	0	1
2512	3	2	55	3057	0	1
2512	3	3	7	3064	0	1
2512	3	4	234	2904	0	1
2512	3	5	3	3066	0	1
2512	3	6	65	3032	0	1
2512	3	14	2	3067	0	1
2512	3	19	480	2839	0	1
2512	3	26	50	3046	0	1
2512	3	28	18	3065	0	1
2512	3	29	7	3065	0	1
2512	3	30	62	3031	0	1
2512	4	4	19	3064	0	1
2512	4	5	4	3067	0	1
2512	4	10	95	3066	0	1
2512	4	11	38	3068	0	1
2512	4	12	2	3068	0	1
2512	4	14	93	3015	0	1
2512	4	21	494	2952	0	1
2512	4	29	79	3072	0	1
2512	4	30	290	3035	0	1
2512	5	2	16	3066	0	1
2512	5	4	8	3067	0	1
2512	5	5	1	3066	0	1
2512	5	10	271	3032	0	1
2512	5	13	1120	2641	0	1
2512	5	19	50	3067	0	1
2512	5	20	27	3063	0	1
2512	5	21	2	3067	0	1
2512	5	25	21	3063	0	1
2512	5	27	30	3059	0	1
2512	5	30	18	3063	0	1
2512	6	10	1393	2440	0	1
2512	6	21	639	2753	0	1
2512	10	6	51	3065	0	1
2512	10	9	25	3069	0	1
2512	10	19	3	3069	0	1
2512	11	12	91	3045	0	1
2512	13	9	51	3069	0	1
2512	15	9	50	3066	0	1
2513	0	15	4	3066	0	1
2513	0	18	16	3066	0	1
2513	0	22	10	3063	0	1
2513	0	25	3	3065	0	1
2513	0	26	43	3065	0	1
2513	0	28	37	3063	0	1
2513	0	31	64	3071	0	1
2513	1	3	11	3063	0	1
2513	1	5	8	3064	0	1
2513	1	7	895	2750	0	1
2513	1	8	5	3069	0	1
2513	1	9	8	3067	0	1
2513	1	10	64	3068	0	1
2513	1	13	2	3066	0	1
2513	1	17	11	3064	0	1
2513	1	20	19	3071	0	1
2513	1	22	7	3062	0	1
2513	1	26	4	3066	0	1
2513	2	4	264	3009	0	1
2513	2	6	146	2997	0	1
2513	2	11	53	3060	0	1
2513	2	12	17	3066	0	1
2513	2	15	2	3067	0	1
2513	2	16	3	3067	0	1
2513	2	19	250	3010	0	1
2513	2	22	17	3066	0	1
2513	2	23	4	3069	0	1
2513	2	24	41	3063	0	1
2513	2	29	232	2910	0	1
2513	2	30	23	3064	0	1
2513	3	5	2	3066	0	1
2513	3	9	3	3067	0	1
2513	3	12	581	2826	0	1
2513	3	13	41	3062	0	1
2513	3	14	1	3068	0	1
2513	3	19	735	2704	0	1
2513	3	24	35	3054	0	1
2513	3	25	958	2685	0	1
2513	3	29	5	3066	0	1
2513	4	1	5	3070	0	1
2513	4	2	16	3065	0	1
2513	4	5	3	3068	0	1
2513	4	10	55	3063	0	1
2513	4	11	1	3067	0	1
2513	4	12	19	3059	0	1
2513	4	13	29	3070	0	1
2513	4	14	7	3068	0	1
2513	4	18	7	3072	0	1
2513	4	20	178	3052	0	1
2513	4	21	577	2941	0	1
2513	4	22	1043	2640	0	1
2513	4	29	96	3070	0	1
2513	4	30	232	3040	0	1
2513	5	2	21	3065	0	1
2513	5	6	117	3048	0	1
2513	5	9	94	3070	0	1
2513	5	13	4	3067	0	1
2513	5	19	55	3066	0	1
2513	5	20	37	3061	0	1
2513	5	21	1	3067	0	1
2513	5	22	84	3015	0	1
2513	5	26	4	3067	0	1
2513	5	27	24	3059	0	1
2513	5	28	6	3065	0	1
2513	6	9	630	2928	0	1
2513	6	21	663	2749	0	1
2513	6	22	693	2726	0	1
2513	6	27	1197	2523	0	1
2513	7	9	1431	2426	0	1
2513	8	15	6	3070	0	1
2513	9	1	7	3069	0	1
2513	9	15	1	3066	0	1
2513	10	11	113	3056	0	1
2513	10	15	2	3066	0	1
2513	11	1	39	3070	0	1
2513	11	15	312	2794	0	1
2513	12	22	131	3002	0	1
2514	0	0	28	3069	0	1
2514	0	11	31	3066	0	1
2514	0	24	9	3068	0	1
2514	0	30	1	3066	0	1
2514	1	0	33	3064	0	1
2514	1	1	35	3072	0	1
2514	1	11	64	3068	0	1
2514	1	12	2	3066	0	1
2514	1	16	21	3067	0	1
2514	1	23	7	3062	0	1
2514	2	4	751	2704	0	1
2514	2	5	242	3009	0	1
2514	2	7	155	2996	0	1
2514	2	8	1337	2462	0	1
2514	2	14	2	3067	0	1
2514	2	15	1	3066	0	1
2514	2	18	529	2914	0	1
2514	2	19	8	3067	0	1
2514	2	21	3	3068	0	1
2514	2	23	30	3067	0	1
2514	2	25	4	3071	0	1
2514	2	27	362	2870	0	1
2514	2	28	24	3060	0	1
2514	2	29	105	3053	0	1
2514	2	31	74	3031	0	1
2514	3	1	345	2980	0	1
2514	3	2	21	3065	0	1
2514	3	7	75	3024	0	1
2514	3	8	3	3067	0	1
2514	3	18	735	2704	0	1
2514	3	27	421	2959	0	1
2514	3	29	10	3066	0	1
2514	3	31	212	2954	0	1
2514	4	0	2	3067	0	1
2514	4	4	1	3067	0	1
2514	4	5	25	3072	0	1
2514	4	10	26	3064	0	1
2514	4	11	124	3066	0	1
2514	4	12	3	3064	0	1
2514	4	15	110	3000	0	1
2514	4	19	4	3069	0	1
2514	4	23	1088	2668	0	1
2514	4	24	138	3068	0	1
2514	4	31	279	3042	0	1
2514	5	2	7	3062	0	1
2514	5	4	1	3066	0	1
2514	5	5	148	3070	0	1
2514	5	11	187	3044	0	1
2514	5	18	3	3068	0	1
2514	5	19	277	3030	0	1
2514	5	20	2	3067	0	1
2514	5	21	33	3061	0	1
2514	5	23	727	2724	0	1
2514	5	24	18	3064	0	1
2514	5	27	5	3067	0	1
2514	5	31	18	3063	0	1
2514	6	23	723	2711	0	1
2514	7	16	235	2949	0	1
2514	8	28	15	3072	0	1
2514	9	22	2	3067	0	1
2514	12	20	3	3067	0	1
2514	12	23	3	3068	0	1
2514	12	30	24	3063	0	1
2515	0	8	43	3065	0	1
2515	0	11	26	3068	0	1
2515	0	19	1	3068	0	1
2515	0	23	1	3067	0	1
2515	0	25	11	3072	0	1
2515	0	30	8	3068	0	1
2515	1	8	4	3067	0	1
2515	1	10	37	3073	0	1
2515	1	12	1	3066	0	1
2515	1	16	27	3067	0	1
2515	1	21	25	3072	0	1
2515	1	23	7	3062	0	1
2515	1	24	269	2853	0	1
2515	1	26	12	3067	0	1
2515	2	4	57	3033	0	1
2515	2	7	103	3011	0	1
2515	2	8	596	2804	0	1
2515	2	12	3	3070	0	1
2515	2	13	3	3070	0	1
2515	2	15	3	3068	0	1
2515	2	18	529	2914	0	1
2515	2	22	3	3068	0	1
2515	2	23	25	3066	0	1
2515	2	27	286	2936	0	1
2515	2	28	171	2958	0	1
2515	2	30	3	3068	0	1
2515	3	0	180	2996	0	1
2515	3	1	317	2994	0	1
2515	3	2	13	3064	0	1
2515	3	4	3	3068	0	1
2515	3	5	226	2909	0	1
2515	3	7	140	2990	0	1
2515	3	8	2	3068	0	1
2515	3	12	20	3068	0	1
2515	3	15	1	3066	0	1
2515	3	24	644	2889	0	1
2515	3	25	26	3060	0	1
2515	3	28	5	3065	0	1
2515	3	29	18	3065	0	1
2515	4	0	8	3071	0	1
2515	4	3	16	3065	0	1
2515	4	4	5	3068	0	1
2515	4	10	39	3067	0	1
2515	4	11	1	3066	0	1
2515	4	12	42	3060	0	1
2515	4	13	13	3060	0	1
2515	4	18	5	3066	0	1
2515	4	28	99	3069	0	1
2515	5	3	22	3064	0	1
2515	5	7	3	3064	0	1
2515	5	8	129	3067	0	1
2515	5	19	177	3044	0	1
2515	5	20	2	3067	0	1
2515	5	23	93	3015	0	1
2515	5	24	15	3062	0	1
2515	5	26	584	2941	0	1
2515	5	27	5	3067	0	1
2515	5	29	6	3065	0	1
2515	6	19	1	3066	0	1
2515	7	0	347	2989	0	1
2515	8	4	1	3066	0	1
2515	8	7	6	3065	0	1
2515	9	20	28	3070	0	1
2515	9	27	2	3065	0	1
2515	10	14	2	3066	0	1
2515	12	20	90	3034	0	1
2516	0	3	61	3069	0	1
2516	0	7	4	3069	0	1
2516	0	9	474	2740	0	1
2516	0	10	21	3069	0	1
2516	0	13	2	3067	0	1
2516	0	20	35	3072	0	1
2516	0	22	10	3063	0	1
2516	0	24	11	3072	0	1
2516	0	26	469	2750	0	1
2516	1	0	2	3066	0	1
2516	1	1	33	3064	0	1
2516	1	3	30	3069	0	1
2516	1	5	1	3066	0	1
2516	1	9	8	3067	0	1
2516	1	10	61	3068	0	1
2516	1	11	37	3061	0	1
2516	1	13	1	3067	0	1
2516	1	17	11	3065	0	1
2516	1	22	7	3062	0	1
2516	1	26	1	3066	0	1
2516	2	2	274	2911	0	1
2516	2	4	345	2980	0	1
2516	2	5	56	3031	0	1
2516	2	6	100	3020	0	1
2516	2	9	1335	2462	0	1
2516	2	13	3	3070	0	1
2516	2	14	35	3069	0	1
2516	2	20	8	3068	0	1
2516	2	22	36	3069	0	1
2516	2	26	353	2887	0	1
2516	2	29	239	2902	0	1
2516	2	30	24	3057	0	1
2516	3	0	329	2993	0	1
2516	3	1	39	3061	0	1
2516	3	2	57	3060	0	1
2516	3	3	12	3066	0	1
2516	3	5	3	3068	0	1
2516	3	12	260	2973	0	1
2516	3	14	1	3066	0	1
2516	3	19	398	2868	0	1
2516	3	25	311	2966	0	1
2516	3	29	2	3068	0	1
2516	4	1	2	3067	0	1
2516	4	5	4	3068	0	1
2516	4	10	130	3062	0	1
2516	4	11	21	3066	0	1
2516	4	12	9	3064	0	1
2516	4	13	18	3063	0	1
2516	4	14	51	3039	0	1
2516	4	21	585	2938	0	1
2516	4	25	10	3069	0	1
2516	4	27	6	3071	0	1
2516	4	29	99	3069	0	1
2516	4	30	290	3035	0	1
2516	5	3	326	3001	0	1
2516	5	5	1	3066	0	1
2516	5	10	279	3035	0	1
2516	5	13	189	2991	0	1
2516	5	19	9	3067	0	1
2516	5	21	1	3067	0	1
2516	5	25	12	3067	0	1
2516	5	27	21	3056	0	1
2516	6	9	1	3067	0	1
2516	6	10	5	3067	0	1
2516	6	21	1432	2425	0	1
2516	6	27	748	2738	0	1
2516	7	1	630	2928	0	1
2516	7	9	1432	2425	0	1
2516	7	11	5	3067	0	1
2516	7	13	123	2993	0	1
2516	8	5	1	3066	0	1
2516	8	15	7	3069	0	1
2516	8	23	1	3066	0	1
2516	8	29	1	3066	0	1
2516	9	1	2	3065	0	1
2516	9	21	4	3065	0	1
2516	9	23	2	3067	0	1
2516	9	26	2	3065	0	1
2516	10	6	2	3066	0	1
2516	10	23	4	3068	0	1
2516	11	4	51	3065	0	1
2516	12	31	52	3065	0	1
2516	13	10	3	3070	0	1
2516	14	7	8	3066	0	1
2517	0	1	17	3068	0	1
2517	0	9	469	2750	0	1
2517	0	10	17	3069	0	1
2517	0	13	58	3062	0	1
2517	0	18	1	3068	0	1
2517	0	22	8	3063	0	1
2517	0	24	58	3062	0	1
2517	0	25	10	3067	0	1
2517	0	26	475	2749	0	1
2517	0	28	4	3068	0	1
2517	0	31	12	3066	0	1
2517	1	0	2	3066	0	1
2517	1	1	33	3064	0	1
2517	1	3	30	3069	0	1
2517	1	7	419	2937	0	1
2517	1	9	7	3067	0	1
2517	1	10	64	3068	0	1
2517	1	11	31	3071	0	1
2517	1	20	14	3072	0	1
2517	1	22	7	3062	0	1
2517	1	25	362	2774	0	1
2517	1	27	16	3068	0	1
2517	2	4	24	3054	0	1
2517	2	5	49	3038	0	1
2517	2	6	80	3029	0	1
2517	2	7	3	3067	0	1
2517	2	9	955	2604	0	1
2517	2	12	2	3069	0	1
2517	2	13	41	3058	0	1
2517	2	14	4	3067	0	1
2517	2	15	2	3067	0	1
2517	2	19	369	2959	0	1
2517	2	23	4	3069	0	1
2517	2	24	3	3070	0	1
2517	2	26	293	2924	0	1
2517	2	29	35	3054	0	1
2517	2	30	32	3049	0	1
2517	2	31	4	3069	0	1
2517	3	0	336	2987	0	1
2517	3	1	175	3000	0	1
2517	3	2	43	3064	0	1
2517	3	4	234	2904	0	1
2517	3	6	91	3020	0	1
2517	3	14	2	3067	0	1
2517	3	24	53	3034	0	1
2517	3	26	34	3046	0	1
2517	3	28	17	3064	0	1
2517	3	30	121	3030	0	1
2517	4	2	27	3062	0	1
2517	4	4	26	3068	0	1
2517	4	10	115	3036	0	1
2517	4	11	4	3069	0	1
2517	4	12	12	3060	0	1
2517	4	13	32	3062	0	1
2517	4	14	61	3033	0	1
2517	4	18	9	3064	0	1
2517	4	20	7	3072	0	1
2517	4	22	1244	2570	0	1
2517	4	25	12	3070	0	1
2517	4	27	12	3069	0	1
2517	4	29	99	3069	0	1
2517	4	30	290	3035	0	1
2517	5	8	112	3070	0	1
2517	5	9	133	3068	0	1
2517	5	18	286	3031	0	1
2517	5	20	42	3060	0	1
2517	5	22	77	3020	0	1
2517	5	26	2	3067	0	1
2517	5	28	6	3065	0	1
2517	5	30	26	3062	0	1
2517	6	9	1	3067	0	1
2517	6	10	1348	2460	0	1
2517	6	22	1555	2351	0	1
2517	6	27	5	3067	0	1
2517	7	1	630	2928	0	1
2517	7	8	5	3067	0	1
2517	8	5	1	3066	0	1
2517	8	6	1	3068	0	1
2517	8	15	7	3069	0	1
2517	9	1	2	3065	0	1
2517	9	21	4	3065	0	1
2517	9	23	2	3067	0	1
2517	9	26	2	3065	0	1
2517	10	11	4	3066	0	1
2517	10	23	231	3004	0	1
2517	11	4	28	3049	0	1
2517	11	15	1	3066	0	1
2517	11	23	3	3067	0	1
2517	13	10	52	3065	0	1
2518	0	1	28	3069	0	1
2518	0	9	43	3065	0	1
2518	0	11	4	3066	0	1
2518	0	13	4	3069	0	1
2518	0	20	35	3072	0	1
2518	0	24	58	3062	0	1
2518	0	25	2	3069	0	1
2518	0	26	43	3065	0	1
2518	1	1	33	3064	0	1
2518	1	3	11	3063	0	1
2518	1	5	8	3062	0	1
2518	1	7	696	2838	0	1
2518	1	11	30	3073	0	1
2518	1	13	14	3062	0	1
2518	1	17	28	3067	0	1
2518	1	25	256	2855	0	1
2518	1	26	4	3066	0	1
2518	2	4	233	3007	0	1
2518	2	5	751	2704	0	1
2518	2	9	149	3029	0	1
2518	2	11	33	3059	0	1
2518	2	12	2	3069	0	1
2518	2	14	35	3069	0	1
2518	2	16	3	3067	0	1
2518	2	18	8	3067	0	1
2518	2	19	377	2953	0	1
2518	2	23	2	3067	0	1
2518	2	24	3	3070	0	1
2518	2	26	215	2973	0	1
2518	2	28	7	3071	0	1
2518	2	29	35	3054	0	1
2518	2	31	2	3067	0	1
2518	3	3	9	3067	0	1
2518	3	6	140	2990	0	1
2518	3	12	497	2854	0	1
2518	3	13	35	3073	0	1
2518	3	14	1	3068	0	1
2518	3	19	735	2704	0	1
2518	3	24	35	3054	0	1
2518	3	25	272	2876	0	1
2518	3	26	421	2959	0	1
2518	3	28	18	3065	0	1
2518	3	29	1	3067	0	1
2518	3	30	132	2991	0	1
2518	4	1	4	3069	0	1
2518	4	2	16	3066	0	1
2518	4	4	22	3066	0	1
2518	4	5	5	3068	0	1
2518	4	11	39	3067	0	1
2518	4	12	17	3059	0	1
2518	4	13	42	3060	0	1
2518	4	18	9	3064	0	1
2518	4	19	5	3066	0	1
2518	4	20	178	3052	0	1
2518	5	5	1	3066	0	1
2518	5	8	129	3068	0	1
2518	5	13	1242	2570	0	1
2518	5	18	286	3031	0	1
2518	5	20	42	3060	0	1
2518	5	22	727	2724	0	1
2518	5	26	5	3067	0	1
2518	6	9	630	2928	0	1
2518	7	8	5	3067	0	1
2518	7	11	1426	2427	0	1
2518	8	29	15	3072	0	1
2518	10	23	231	3004	0	1
2518	12	22	53	3067	0	1
2518	12	31	24	3063	0	1
2519	0	1	26	3068	0	1
2519	0	3	61	3069	0	1
2519	0	7	38	3065	0	1
2519	0	10	26	3068	0	1
2519	0	13	58	3062	0	1
2519	0	15	4	3066	0	1
2519	0	18	1	3068	0	1
2519	0	20	2	3066	0	1
2519	0	22	10	3063	0	1
2519	0	28	37	3063	0	1
2519	1	5	9	3063	0	1
2519	1	7	492	2924	0	1
2519	1	20	25	3072	0	1
2519	1	22	5	3064	0	1
2519	1	26	2	3066	0	1
2519	1	27	21	3070	0	1
2519	2	4	345	2980	0	1
2519	2	6	155	2996	0	1
2519	2	7	3	3067	0	1
2519	2	9	1337	2462	0	1
2519	2	11	23	3068	0	1
2519	2	12	17	3066	0	1
2519	2	13	41	3058	0	1
2519	2	19	268	2989	0	1
2519	2	20	5	3066	0	1
2519	2	23	2	3069	0	1
2519	2	24	41	3063	0	1
2519	2	26	33	3064	0	1
2519	2	30	23	3064	0	1
2519	3	0	345	2980	0	1
2519	3	3	21	3065	0	1
2519	3	4	234	2904	0	1
2519	3	5	2	3066	0	1
2519	3	9	3	3067	0	1
2519	3	13	41	3062	0	1
2519	3	14	2	3067	0	1
2519	3	25	958	2685	0	1
2519	3	28	18	3065	0	1
2519	3	29	7	3065	0	1
2519	3	30	211	2955	0	1
2519	4	1	8	3071	0	1
2519	4	4	24	3069	0	1
2519	4	5	3	3068	0	1
2519	4	10	130	3062	0	1
2519	4	11	23	3068	0	1
2519	4	12	19	3059	0	1
2519	4	13	34	3061	0	1
2519	4	14	7	3068	0	1
2519	4	18	2	3069	0	1
2519	4	19	4	3067	0	1
2519	4	25	138	3068	0	1
2519	4	27	12	3069	0	1
2519	5	3	7	3062	0	1
2519	5	4	8	3067	0	1
2519	5	6	3	3064	0	1
2519	5	8	9	3068	0	1
2519	5	13	4	3067	0	1
2519	5	18	6	3068	0	1
2519	5	19	55	3066	0	1
2519	5	20	2	3069	0	1
2519	5	21	2	3067	0	1
2519	5	25	21	3063	0	1
2519	5	27	584	2941	0	1
2519	5	28	6	3065	0	1
2519	5	30	18	3063	0	1
2519	6	10	5	3067	0	1
2519	6	27	5	3067	0	1
2519	7	11	5	3067	0	1
2519	7	13	123	2993	0	1
2519	8	6	6	3065	0	1
2519	10	9	3	3064	0	1
2519	10	11	2	3065	0	1
2519	10	15	2	3066	0	1
2519	10	19	3	3069	0	1
2519	11	4	51	3065	0	1
2519	12	21	90	3034	0	1
2519	13	9	51	3069	0	1
2519	15	9	50	3066	0	1
2520	0	10	19	3063	0	1
2520	0	13	13	3073	0	1
2520	0	18	16	3066	0	1
2520	0	20	2	3066	0	1
2520	0	22	10	3063	0	1
2520	0	24	13	3073	0	1
2520	0	25	7	3067	0	1
2520	0	28	32	3062	0	1
2520	0	31	64	3071	0	1
2520	1	0	35	3072	0	1
2520	1	1	20	3068	0	1
2520	1	3	15	3072	0	1
2520	1	7	951	2762	0	1
2520	1	11	37	3061	0	1
2520	1	13	2	3066	0	1
2520	1	20	17	3069	0	1
2520	1	22	7	3062	0	1
2520	1	26	2	3066	0	1
2520	2	2	1105	2624	0	1
2520	2	4	345	2980	0	1
2520	2	6	155	2996	0	1
2520	2	9	1336	2463	0	1
2520	2	11	69	3059	0	1
2520	2	12	2	3069	0	1
2520	2	14	4	3067	0	1
2520	2	15	2	3067	0	1
2520	2	20	9	3067	0	1
2520	2	23	3	3068	0	1
2520	2	24	3	3070	0	1
2520	2	26	15	3062	0	1
2520	2	31	4	3069	0	1
2520	3	3	19	3063	0	1
2520	3	5	2	3067	0	1
2520	3	12	581	2826	0	1
2520	3	14	1	3066	0	1
2520	3	19	735	2704	0	1
2520	3	25	28	3049	0	1
2520	3	26	42	3044	0	1
2520	3	28	10	3067	0	1
2520	4	2	16	3065	0	1
2520	4	4	25	3072	0	1
2520	4	18	8	3071	0	1
2520	4	19	5	3066	0	1
2520	5	3	605	2935	0	1
2520	5	5	1	3066	0	1
2520	5	19	36	3059	0	1
2520	5	21	1	3067	0	1
2520	6	18	1	3066	0	1
2520	7	8	1432	2425	0	1
2520	7	17	1	3066	0	1
2520	9	21	2	3067	0	1
2520	9	23	2	3067	0	1
2520	9	26	2	3065	0	1
2520	10	6	51	3065	0	1
2520	10	23	4	3068	0	1
2520	11	12	91	3045	0	1
2520	13	10	3	3070	0	1
2520	14	7	8	3066	0	1
2521	0	7	1	3066	0	1
2521	0	9	723	2521	0	1
2521	0	26	475	2753	0	1
2521	0	28	21	3068	0	1
2521	1	1	30	3064	0	1
2521	1	3	26	3066	0	1
2521	1	5	5	3062	0	1
2521	1	7	928	2771	0	1
2521	1	11	37	3073	0	1
2521	1	17	9	3069	0	1
2521	2	4	131	3040	0	1
2521	2	11	25	3061	0	1
2521	2	12	3	3070	0	1
2521	2	13	3	3070	0	1
2521	2	19	529	2914	0	1
2521	2	20	9	3067	0	1
2521	2	23	4	3069	0	1
2521	2	28	105	3053	0	1
2521	2	29	250	2904	0	1
2521	2	30	88	3024	0	1
2521	2	31	2	3069	0	1
2521	3	12	581	2826	0	1
2521	3	14	2	3067	0	1
2521	3	19	226	2909	0	1
2521	3	25	494	2899	0	1
2521	3	26	49	3047	0	1
2521	3	28	18	3065	0	1
2521	3	30	121	3030	0	1
2521	4	2	27	3062	0	1
2521	4	4	26	3068	0	1
2521	4	27	12	3069	0	1
2521	5	4	148	3070	0	1
2521	5	6	117	3048	0	1
2521	7	11	1432	2425	0	1
2521	7	13	910	2579	0	1
2521	8	5	1	3066	0	1
2521	9	1	7	3069	0	1
2521	9	15	1	3066	0	1
2521	9	21	4	3065	0	1
2521	9	23	2	3067	0	1
2521	10	11	113	3056	0	1
2521	10	19	3	3069	0	1
2521	11	1	39	3070	0	1
2521	11	15	312	2794	0	1
2521	13	10	52	3065	0	1
2521	14	7	8	3066	0	1
2522	0	0	1	3066	0	1
2522	0	1	1	3067	0	1
2522	0	2	4	3069	0	1
2522	0	4	1	3066	0	1
2522	0	6	2	3067	0	1
2522	0	8	6	3070	0	1
2522	0	9	2	3067	0	1
2522	0	10	3	3067	0	1
2522	0	11	6	3064	0	1
2522	0	12	5	3067	0	1
2522	0	13	1	3068	0	1
2522	0	14	6	3068	0	1
2522	0	15	2	3065	0	1
2522	0	16	1	3068	0	1
2522	0	17	1	3066	0	1
2522	0	18	3	3066	0	1
2522	0	19	2	3069	0	1
2522	0	21	1	3067	0	1
2522	0	22	4	3071	0	1
2522	0	23	5	3068	0	1
2522	0	27	2	3069	0	1
2522	0	30	4	3071	0	1
2522	0	31	5	3068	0	1
2522	1	0	16	3064	0	1
2522	1	1	8	3069	0	1
2522	1	2	7	3065	0	1
2522	1	3	1	3066	0	1
2522	1	4	4	3064	0	1
2522	1	5	9	3066	0	1
2522	1	6	7	3065	0	1
2522	1	7	3	3068	0	1
2522	3	16	1	3066	0	1
2522	3	17	1	3067	0	1
2522	3	18	25	3067	0	1
2522	3	19	11	3064	0	1
2522	3	26	50	3062	0	1
2522	3	27	17	3065	0	1
2522	4	16	1	3066	0	1
2522	4	17	1	3066	0	1
2522	4	21	5	3068	0	1
2522	4	28	1	3066	0	1
2522	4	29	7	3070	0	1
2522	5	21	4	3067	0	1
2522	5	29	5	3067	0	1
2522	6	6	5	3067	0	1
2522	6	14	5	3067	0	1
2523	0	1	2	3067	0	1
2523	0	2	1	3067	0	1
2523	0	3	1	3066	0	1
2523	0	4	1	3067	0	1
2523	0	7	2	3067	0	1
2523	0	8	3	3068	0	1
2523	0	9	2	3066	0	1
2523	0	10	9	3065	0	1
2523	0	11	2	3068	0	1
2523	0	12	3	3068	0	1
2523	0	13	2	3065	0	1
2523	0	14	6	3068	0	1
2523	0	15	1	3068	0	1
2523	0	18	5	3071	0	1
2523	0	19	4	3066	0	1
2523	0	22	6	3064	0	1
2523	0	23	5	3066	0	1
2523	0	31	5	3066	0	1
2523	1	0	1	3067	0	1
2523	1	1	4	3068	0	1
2523	1	2	2	3069	0	1
2523	1	4	3	3068	0	1
2523	1	6	1	3067	0	1
2523	1	7	1	3067	0	1
2523	1	16	4	3064	0	1
2523	1	17	1	3066	0	1
2523	1	21	4	3067	0	1
2523	1	24	2	3066	0	1
2523	1	28	2	3068	0	1
2523	1	29	1	3066	0	1
2523	2	0	5	3067	0	1
2523	2	8	3	3067	0	1
2523	2	16	2	3069	0	1
2523	2	20	9	3067	0	1
2523	3	16	1	3066	0	1
2523	3	17	1	3066	0	1
2523	3	18	1	3068	0	1
2523	3	24	3	3068	0	1
2523	4	0	5	3064	0	1
2523	4	1	5	3067	0	1
2523	4	2	2	3067	0	1
2523	4	3	67	3063	0	1
2523	4	4	3	3068	0	1
2523	4	5	1	3068	0	1
2523	4	6	2	3065	0	1
2523	4	7	5	3066	0	1
2523	4	8	9	3062	0	1
2523	4	10	3	3066	0	1
2523	4	13	2	3067	0	1
2523	4	15	7	3064	0	1
2523	4	16	4	3066	0	1
2523	4	17	4	3065	0	1
2523	4	20	249	3034	0	1
2523	4	21	13	3067	0	1
2523	4	24	5	3065	0	1
2523	4	25	11	3061	0	1
2523	7	4	5	3067	0	1
2523	7	12	5	3067	0	1
2523	7	20	123	2993	0	1
2523	7	28	123	2993	0	1
2524	0	17	1	3066	0	1
2524	0	18	10	3072	0	1
2524	0	19	6	3064	0	1
2524	0	22	9	3067	0	1
2524	0	23	5	3068	0	1
2524	0	26	1	3066	0	1
2524	0	27	5	3068	0	1
2524	0	29	1	3067	0	1
2524	0	30	4	3066	0	1
2524	1	0	1	3066	0	1
2524	1	1	1	3068	0	1
2524	1	6	1	3068	0	1
2524	1	7	2	3068	0	1
2524	1	21	1	3067	0	1
2524	1	28	1	3066	0	1
2524	2	16	1	3068	0	1
2524	2	20	8	3066	0	1
2524	3	0	1	3068	0	1
2524	3	8	4	3069	0	1
2524	3	16	2	3068	0	1
2524	3	17	1	3067	0	1
2524	3	18	1	3068	0	1
2524	3	19	1	3068	0	1
2524	3	25	2	3067	0	1
2524	3	26	3	3066	0	1
2524	4	0	2	3067	0	1
2524	4	1	1	3066	0	1
2524	4	3	48	3070	0	1
2524	4	4	3	3070	0	1
2524	4	5	2	3068	0	1
2524	4	6	4	3068	0	1
2524	4	7	9	3069	0	1
2524	4	9	3	3064	0	1
2524	4	10	2	3067	0	1
2524	4	12	4	3071	0	1
2524	4	15	19	3065	0	1
2524	4	16	2	3065	0	1
2524	4	17	3	3066	0	1
2524	4	20	4	3069	0	1
2524	4	21	7	3068	0	1
2524	4	25	7	3064	0	1
2524	4	28	10	3065	0	1
2524	5	0	2	3065	0	1
2524	5	1	3	3064	0	1
2524	5	2	37	3061	0	1
2524	5	4	9	3063	0	1
2524	5	6	12	3063	0	1
2524	5	7	1	3066	0	1
2524	5	9	4	3063	0	1
2524	5	10	98	3020	0	1
2524	5	12	11	3061	0	1
2524	5	15	1	3066	0	1
2524	5	17	119	3001	0	1
2524	5	20	1	3066	0	1
2524	5	21	1119	2642	0	1
2524	5	25	154	2967	0	1
2524	5	28	1	3066	0	1
2524	6	2	1	3066	0	1
2524	6	10	1	3066	0	1
2524	6	18	910	2579	0	1
2524	6	19	5	3067	0	1
2524	6	27	5	3067	0	1
2524	7	4	1432	2425	0	1
2524	7	20	1432	2425	0	1
2524	8	0	1380	2312	0	1
2524	12	0	1	3068	0	1
2524	12	8	51	3069	0	1
2524	12	16	52	3065	0	1
2524	12	24	3	3070	0	1
2524	13	0	53	3066	0	1
2524	13	8	90	3034	0	1
2524	13	16	53	3067	0	1
2524	13	24	569	2636	0	1
2524	14	0	8	3066	0	1
2524	14	8	50	3066	0	1
2524	14	16	58	3065	0	1
2525	0	7	1	3068	0	1
2525	0	11	1	3066	0	1
2525	0	16	1	3066	0	1
2525	0	17	1	3068	0	1
2525	0	18	2	3067	0	1
2525	0	19	2	3067	0	1
2525	0	22	6	3067	0	1
2525	0	23	2	3065	0	1
2525	0	26	2	3066	0	1
2525	0	27	1	3066	0	1
2525	1	0	5	3070	0	1
2525	1	1	4	3069	0	1
2525	1	2	15	3067	0	1
2525	1	3	5	3064	0	1
2525	1	4	10	3066	0	1
2525	1	5	6	3066	0	1
2525	1	6	5	3069	0	1
2525	1	7	7	3070	0	1
2525	3	0	22	3067	0	1
2525	3	1	19	3063	0	1
2525	3	9	29	3065	0	1
2525	3	18	7	3067	0	1
2525	3	19	23	3070	0	1
2525	3	24	1	3067	0	1
2525	3	25	1	3067	0	1
2525	4	16	3	3066	0	1
2525	4	17	1	3068	0	1
2525	4	20	2	3066	0	1
2525	4	21	1	3067	0	1
2525	4	24	9	3064	0	1
2525	4	29	3	3066	0	1
2525	5	0	7	3064	0	1
2525	5	1	1	3066	0	1
2525	5	2	530	2954	0	1
2525	5	4	13	3067	0	1
2525	5	6	2	3065	0	1
2525	5	7	2	3067	0	1
2525	5	8	11	3060	0	1
2525	5	12	15	3065	0	1
2525	5	15	3	3068	0	1
2525	5	17	6	3061	0	1
2525	6	2	1431	2426	0	1
2526	0	0	41	3070	0	1
2526	0	2	10	3067	0	1
2526	0	4	19	3069	0	1
2526	0	5	13	3066	0	1
2526	0	13	23	3063	0	1
2526	0	25	27	3062	0	1
2526	0	27	868	2506	0	1
2526	0	29	1	3066	0	1
2526	1	0	206	2947	0	1
2526	2	0	240	3002	0	1
2526	2	1	2	3067	0	1
2526	2	2	269	3013	0	1
2526	2	3	269	3013	0	1
2526	2	6	1027	2624	0	1
2526	2	7	392	2813	0	1
2526	2	11	788	2839	0	1
2526	2	20	374	2975	0	1
2526	2	22	395	2963	0	1
2526	2	23	78	3037	0	1
2526	3	0	5	3065	0	1
2526	3	26	39	3071	0	1
2526	4	0	24	3064	0	1
2526	4	2	19	3063	0	1
2526	4	4	3	3066	0	1
2526	4	13	42	3064	0	1
2526	4	25	42	3062	0	1
2526	4	27	60	3069	0	1
2526	5	0	116	3053	0	1
2526	5	3	135	3067	0	1
2526	5	5	129	3068	0	1
2526	5	6	37	3068	0	1
2526	5	16	119	3055	0	1
2526	5	17	43	3055	0	1
2526	5	26	995	2685	0	1
2526	5	27	8	3067	0	1
2526	5	28	287	3039	0	1
2526	5	30	296	3037	0	1
2526	6	0	630	2928	0	1
2526	6	2	6	3068	0	1
2526	6	3	13	3060	0	1
2526	6	13	29	3052	0	1
2526	6	15	27	3063	0	1
2526	6	25	4	3067	0	1
2526	6	27	1249	2569	0	1
2526	7	0	38	3066	0	1
2526	7	3	1032	2506	0	1
2526	7	5	123	2993	0	1
2526	7	26	1090	2618	0	1
2526	8	14	2	3065	0	1
2526	8	15	7	3069	0	1
2526	8	24	2	3067	0	1
2526	8	25	7	3065	0	1
2526	8	27	7	3067	0	1
2526	9	0	12	3067	0	1
2526	9	3	13	3066	0	1
2526	9	5	1	3068	0	1
2526	9	17	2	3067	0	1
2526	9	28	2	3067	0	1
2526	9	30	24	3070	0	1
2526	10	6	49	3073	0	1
2526	10	8	51	3069	0	1
2526	10	13	39	3070	0	1
2526	10	15	13	3059	0	1
2526	10	20	52	3065	0	1
2526	10	21	24	3063	0	1
2526	10	22	71	3063	0	1
2526	10	23	24	3063	0	1
2526	11	8	143	3033	0	1
2526	11	12	90	3034	0	1
2526	11	13	3	3067	0	1
2526	11	16	1	3066	0	1
2526	11	17	7	3067	0	1
2526	11	19	53	3067	0	1
2526	11	20	619	2635	0	1
2526	11	24	3	3068	0	1
2526	11	25	569	2636	0	1
2526	12	6	376	2922	0	1
2526	12	7	8	3066	0	1
2526	12	8	368	2923	0	1
2526	12	11	368	2923	0	1
2526	12	13	8	3066	0	1
2526	13	26	352	2939	0	1
2527	0	0	19	3067	0	1
2527	0	1	38	3065	0	1
2527	0	2	19	3069	0	1
2527	0	9	32	3067	0	1
2527	0	10	34	3063	0	1
2527	0	20	1	3066	0	1
2527	0	21	14	3064	0	1
2527	0	24	31	3064	0	1
2527	0	25	40	3067	0	1
2527	0	26	32	3066	0	1
2527	0	27	64	3071	0	1
2527	1	0	744	2717	0	1
2527	1	3	893	2641	0	1
2527	1	4	803	2715	0	1
2527	1	5	825	2682	0	1
2527	1	6	951	2762	0	1
2527	2	0	8	3066	0	1
2527	2	2	5	3067	0	1
2527	2	12	10	3066	0	1
2527	2	13	3	3066	0	1
2527	2	25	14	3063	0	1
2527	2	26	13	3064	0	1
2527	3	0	51	3065	0	1
2527	3	3	24	3064	0	1
2527	3	4	2	3069	0	1
2527	3	5	17	3061	0	1
2527	3	16	33	3067	0	1
2527	3	17	71	3060	0	1
2527	3	28	3	3068	0	1
2527	3	30	37	3072	0	1
2527	4	0	131	3068	0	1
2527	4	2	127	3068	0	1
2527	4	12	12	3065	0	1
2527	4	14	42	3056	0	1
2527	4	24	5	3066	0	1
2527	4	25	291	3030	0	1
2527	4	26	38	3059	0	1
2527	5	0	637	2816	0	1
2527	5	3	552	2944	0	1
2527	5	4	4	3066	0	1
2527	5	5	493	2964	0	1
2527	5	16	41	3052	0	1
2527	5	17	6	3066	0	1
2527	5	30	859	2753	0	1
2527	6	0	1085	2618	0	1
2527	6	2	923	2708	0	1
2527	6	12	508	2785	0	1
2527	6	14	5	3067	0	1
2527	6	25	1085	2618	0	1
2527	6	26	923	2708	0	1
2527	7	0	616	2812	0	1
2527	7	3	1085	2618	0	1
2527	7	5	923	2708	0	1
2527	7	16	5	3067	0	1
2527	7	30	923	2708	0	1
2527	8	0	1380	2312	0	1
2527	8	2	748	2669	0	1
2527	8	12	632	2710	0	1
2527	9	0	722	2642	0	1
2527	12	0	1	3068	0	1
2527	12	2	51	3069	0	1
2527	12	12	62	3066	0	1
2527	12	25	132	3054	0	1
2527	12	26	3	3070	0	1
2527	13	0	69	3048	0	1
2527	13	3	243	2982	0	1
2527	13	4	1	3066	0	1
2527	13	5	2	3067	0	1
2527	13	28	2	3066	0	1
2527	13	30	810	2608	0	1
2527	14	0	1047	2397	0	1
2527	14	12	50	3066	0	1
2527	14	25	58	3065	0	1
2528	0	3	33	3064	0	1
2528	0	26	4	3066	0	1
2528	2	5	1	3067	0	1
2528	2	13	30	3057	0	1
2528	2	16	34	3063	0	1
2528	2	18	30	3065	0	1
2528	2	20	8	3062	0	1
2528	2	21	2	3068	0	1
2528	2	22	1	3067	0	1
2528	2	23	10	3068	0	1
2528	2	24	11	3065	0	1
2528	2	25	2	3065	0	1
2528	2	26	311	2999	0	1
2528	2	28	20	3057	0	1
2528	2	29	4	3065	0	1
2528	2	30	35	3053	0	1
2528	2	31	2	3069	0	1
2528	3	2	18	3065	0	1
2528	3	6	2	3065	0	1
2528	3	7	8	3067	0	1
2528	3	10	29	3059	0	1
2528	3	14	4	3063	0	1
2528	3	15	1	3066	0	1
2528	3	17	4	3066	0	1
2528	3	21	432	2874	0	1
2528	3	24	1	3066	0	1
2528	3	25	17	3063	0	1
2528	3	28	1	3068	0	1
2528	3	29	11	3059	0	1
2528	5	2	4	3067	0	1
2528	5	4	40	3064	0	1
2528	5	6	8	3069	0	1
2528	5	10	5	3066	0	1
2528	5	12	83	3059	0	1
2528	5	16	5	3067	0	1
2528	5	18	12	3062	0	1
2528	5	20	84	3069	0	1
2528	5	22	195	3040	0	1
2528	5	24	12	3064	0	1
2528	5	26	30	3057	0	1
2529	0	3	8	3069	0	1
2529	0	11	2	3066	0	1
2529	0	24	455	2702	0	1
2529	0	26	2	3066	0	1
2529	2	5	32	3064	0	1
2529	2	9	1	3066	0	1
2529	2	13	598	2891	0	1
2529	2	15	239	2900	0	1
2529	2	16	3	3068	0	1
2529	2	18	2	3066	0	1
2529	2	21	3	3067	0	1
2529	2	23	12	3062	0	1
2529	2	24	1	3066	0	1
2529	2	25	3	3064	0	1
2529	2	26	7	3061	0	1
2529	2	27	1	3066	0	1
2529	2	28	8	3064	0	1
2529	2	29	4	3065	0	1
2529	2	30	13	3063	0	1
2529	2	31	6	3064	0	1
2529	3	2	49	3038	0	1
2529	3	6	19	3052	0	1
2529	3	7	2	3067	0	1
2529	3	10	15	3064	0	1
2529	3	11	1	3066	0	1
2529	3	14	16	3055	0	1
2529	3	15	6	3064	0	1
2529	3	17	58	3045	0	1
2529	3	20	1	3068	0	1
2529	3	21	48	3053	0	1
2529	3	25	15	3066	0	1
2529	3	29	6	3061	0	1
2529	5	0	3	3067	0	1
2529	5	2	5	3065	0	1
2529	5	4	9	3070	0	1
2529	5	6	79	3070	0	1
2529	5	8	4	3066	0	1
2529	5	12	26	3064	0	1
2529	6	4	17	3066	0	1
2529	6	6	566	2944	0	1
2529	6	12	23	3061	0	1
2529	11	0	1	3066	0	1
2529	11	1	50	3066	0	1
2530	0	1	399	2848	0	1
2530	0	9	536	2638	0	1
2530	0	24	336	2882	0	1
2530	0	26	38	3061	0	1
2530	2	1	7	3064	0	1
2530	2	3	3	3064	0	1
2530	2	5	90	3039	0	1
2530	2	9	36	3043	0	1
2530	2	13	82	3054	0	1
2530	2	15	2	3066	0	1
2530	2	18	1	3066	0	1
2530	2	22	2	3067	0	1
2530	2	25	1	3068	0	1
2530	2	26	1	3066	0	1
2530	2	27	2	3065	0	1
2530	2	28	6	3064	0	1
2530	2	29	4	3066	0	1
2530	2	30	6	3065	0	1
2530	2	31	2	3065	0	1
2530	3	0	2	3065	0	1
2530	3	7	8	3062	0	1
2530	3	10	5	3062	0	1
2530	3	12	3	3065	0	1
2530	3	13	2	3065	0	1
2530	3	14	1	3066	0	1
2530	3	15	2	3065	0	1
2530	3	17	13	3054	0	1
2530	3	21	46	3045	0	1
2530	3	25	96	3017	0	1
2530	3	29	6	3063	0	1
2530	4	0	12	3064	0	1
2530	4	4	9	3066	0	1
2530	4	17	2	3067	0	1
2530	4	19	3	3067	0	1
2530	4	21	3	3068	0	1
2530	4	23	12	3063	0	1
2530	4	24	1	3068	0	1
2530	4	27	9	3069	0	1
2530	4	28	1	3068	0	1
2530	4	31	28	3064	0	1
2530	5	2	1	3068	0	1
2530	5	4	1	3066	0	1
2530	5	6	3	3068	0	1
2530	5	10	1	3068	0	1
2530	5	14	4	3067	0	1
2530	6	4	2	3069	0	1
2530	6	6	64	3051	0	1
2530	6	12	4	3069	0	1
2530	6	18	1336	2520	0	1
2530	7	0	1032	2506	0	1
2530	8	0	2	3065	0	1
2530	8	8	7	3069	0	1
2530	8	16	2	3065	0	1
2530	9	0	1	3066	0	1
2530	9	16	2	3065	0	1
2530	9	18	4	3067	0	1
2530	10	0	2	3065	0	1
2530	10	2	7	3062	0	1
2530	10	8	1	3066	0	1
2530	10	10	38	3071	0	1
2530	10	16	3	3069	0	1
2530	10	17	6	3065	0	1
2530	10	19	113	3056	0	1
2530	11	0	20	3053	0	1
2530	11	1	41	3046	0	1
2530	11	16	6	3068	0	1
2530	12	0	8	3066	0	1
2531	0	26	37	3063	0	1
2531	2	1	223	2928	0	1
2531	2	3	2	3069	0	1
2531	2	5	163	2996	0	1
2531	2	7	4	3067	0	1
2531	2	9	107	3029	0	1
2531	2	11	130	2974	0	1
2531	2	13	153	2992	0	1
2531	2	15	1	3066	0	1
2531	2	18	3	3066	0	1
2531	2	21	3	3067	0	1
2531	2	22	8	3068	0	1
2531	2	24	3	3064	0	1
2531	2	25	1	3068	0	1
2531	2	27	1	3067	0	1
2531	2	28	8	3063	0	1
2531	2	29	3	3065	0	1
2531	2	30	20	3063	0	1
2531	3	4	1	3067	0	1
2531	3	5	226	2909	0	1
2531	3	8	506	2864	0	1
2531	3	12	200	2902	0	1
2531	3	16	1	3066	0	1
2531	3	17	44	3040	0	1
2531	3	21	20	3069	0	1
2531	3	25	8	3065	0	1
2531	3	29	30	3048	0	1
2531	4	0	15	3065	0	1
2531	4	4	7	3066	0	1
2531	4	16	2	3066	0	1
2531	4	17	18	3065	0	1
2531	4	19	3	3069	0	1
2531	4	20	1	3067	0	1
2531	4	21	13	3069	0	1
2531	4	22	2	3067	0	1
2531	4	23	1	3067	0	1
2531	4	25	29	3061	0	1
2531	4	26	2	3065	0	1
2531	4	28	2	3067	0	1
2531	4	31	1	3067	0	1
2531	5	4	2	3067	0	1
2531	5	6	1	3066	0	1
2531	5	14	1	3066	0	1
2531	5	18	1	3068	0	1
2531	5	20	8	3063	0	1
2531	5	22	3	3064	0	1
2531	5	24	1	3068	0	1
2531	5	30	7	3062	0	1
2531	8	16	5	3069	0	1
2531	9	8	15	3072	0	1
2531	9	16	2	3067	0	1
2531	9	18	24	3070	0	1
2531	11	16	51	3065	0	1
2532	0	22	125	3046	0	1
2532	1	0	27	3071	0	1
2532	1	4	42	3071	0	1
2532	1	20	52	3063	0	1
2532	2	22	65	3067	0	1
2532	2	25	9	3070	0	1
2532	2	26	16	3066	0	1
2532	3	0	19	3071	0	1
2532	3	4	17	3070	0	1
2532	3	20	41	3068	0	1
2532	4	8	66	3041	0	1
2532	4	12	7	3065	0	1
2532	4	22	466	2930	0	1
2532	4	25	70	3051	0	1
2532	4	26	182	3050	0	1
2532	4	27	147	3044	0	1
2532	4	30	182	3050	0	1
2532	5	0	98	3052	0	1
2532	5	20	174	3021	0	1
2532	6	30	149	3023	0	1
2532	8	22	11	3068	0	1
2532	8	25	4	3066	0	1
2532	9	0	22	3067	0	1
2532	9	20	16	3066	0	1
2532	10	8	659	2736	0	1
2532	10	22	78	3045	0	1
2532	10	26	1	3066	0	1
2532	11	0	82	3045	0	1
2532	11	20	48	3049	0	1
2532	12	12	7	3069	0	1
2533	0	15	270	2987	0	1
2533	0	20	16	3070	0	1
2533	0	21	125	3046	0	1
2533	0	24	38	3070	0	1
2533	1	3	32	3047	0	1
2533	1	7	25	3046	0	1
2533	1	19	65	3019	0	1
2533	2	11	11	3066	0	1
2533	2	16	65	3067	0	1
2533	2	17	65	3067	0	1
2533	2	20	28	3071	0	1
2533	2	21	65	3067	0	1
2533	2	24	9	3067	0	1
2533	3	3	32	3047	0	1
2533	3	7	11	3059	0	1
2533	3	19	32	3047	0	1
2533	4	15	11	3069	0	1
2533	4	21	466	2930	0	1
2533	4	24	147	3044	0	1
2533	4	25	15	3069	0	1
2533	4	26	70	3051	0	1
2533	4	29	15	3069	0	1
2533	5	3	29	3070	0	1
2533	5	7	10	3065	0	1
2533	5	19	29	3070	0	1
2533	6	15	584	2762	0	1
2533	6	16	585	2814	0	1
2533	6	17	585	2814	0	1
2533	6	25	484	2872	0	1
2533	6	29	585	2814	0	1
2533	7	3	8	3066	0	1
2533	7	19	69	3048	0	1
2533	8	11	3	3065	0	1
2533	8	15	58	3065	0	1
2533	8	16	11	3068	0	1
2533	8	17	11	3068	0	1
2533	8	21	11	3068	0	1
2533	8	26	4	3066	0	1
2533	10	21	57	3050	0	1
2533	10	24	35	3063	0	1
2533	14	15	747	2475	0	1
2534	0	29	2	3069	0	1
2534	1	1	27	3061	0	1
2534	2	10	1	3067	0	1
2534	3	14	5	3067	0	1
2534	3	15	5	3067	0	1
2534	4	10	1	3066	0	1
2534	4	13	4	3066	0	1
2534	4	14	59	3062	0	1
2534	4	15	59	3062	0	1
2534	4	26	5	3069	0	1
2534	4	29	8	3068	0	1
2534	5	10	7	3071	0	1
2534	5	26	4	3067	0	1
2534	5	30	10	3068	0	1
2534	5	31	10	3068	0	1
2534	6	10	26	3070	0	1
2534	6	26	32	3071	0	1
2534	7	10	85	3075	0	1
2534	7	26	181	3057	0	1
2534	8	10	158	3019	0	1
2534	8	26	344	2906	0	1
2534	8	29	5	3065	0	1
2534	9	10	483	2805	0	1
2534	9	26	485	2803	0	1
2534	10	10	485	2803	0	1
2534	10	26	485	2803	0	1
2534	10	29	64	3071	0	1
2534	11	10	301	2910	0	1
2534	11	11	1614	1854	0	1
2535	0	28	10	3067	0	1
2535	1	0	246	3044	0	1
2535	4	28	1	3068	0	1
2535	5	26	4	3067	0	1
2535	6	26	33	3069	0	1
2535	7	9	9	3065	0	1
2535	7	10	68	3075	0	1
2535	8	26	389	2931	0	1
2535	8	28	4	3065	0	1
2535	10	10	394	2921	0	1
2535	10	26	390	2922	0	1
2535	11	10	1457	1976	0	1
2535	12	16	432	2957	0	1
2536	0	29	10	3067	0	1
2536	0	30	4	3068	0	1
2536	1	2	229	3038	0	1
2536	4	14	4	3066	0	1
2536	4	29	1	3068	0	1
2536	4	30	4	3068	0	1
2536	7	8	49	3069	0	1
2536	7	9	22	3069	0	1
2536	8	29	4	3065	0	1
2536	8	30	5	3065	0	1
2536	10	29	6	3067	0	1
2536	10	30	11	3067	0	1
2536	12	18	125	3021	0	1
2537	3	13	3	3066	0	1
2537	3	14	4	3068	0	1
2537	4	13	37	3067	0	1
2537	10	31	64	3071	0	1
2537	12	19	432	2957	0	1
2538	0	13	3	3066	0	1
2538	0	15	6	3061	0	1
2538	0	31	3	3065	0	1
2538	1	0	63	3060	0	1
2538	1	3	6	3061	0	1
2538	1	13	7	3068	0	1
2538	1	15	9	3066	0	1
2538	1	19	15	3059	0	1
2538	1	31	78	3067	0	1
2538	2	1	1753	2165	0	1
2538	2	25	19	3057	0	1
2538	3	14	2	3066	0	1
2538	3	15	53	3069	0	1
2538	3	17	796	2830	0	1
2538	3	27	3	3065	0	1
2538	4	11	45	3055	0	1
2538	4	14	18	3066	0	1
2538	5	13	10	3066	0	1
2538	5	23	310	2988	0	1
2538	5	30	10	3068	0	1
2538	7	8	22	3069	0	1
2538	7	23	54	3057	0	1
2538	10	11	51	3069	0	1
2538	10	27	3	3070	0	1
2538	11	11	2	3067	0	1
2538	11	27	810	2608	0	1
2538	12	7	2	3066	0	1
2539	0	2	3	3067	0	1
2539	0	12	53	3061	0	1
2539	0	22	57	3041	0	1
2539	0	29	10	3067	0	1
2539	1	1	63	3060	0	1
2539	1	6	32	3051	0	1
2539	1	12	6	3066	0	1
2539	1	18	332	2839	0	1
2539	1	28	23	3059	0	1
2539	2	11	1	3067	0	1
2539	2	24	211	3034	0	1
2539	2	28	17	3066	0	1
2539	3	18	8	3064	0	1
2539	3	24	5	3070	0	1
2539	4	2	14	3069	0	1
2539	4	11	1	3066	0	1
2539	4	13	2	3067	0	1
2539	4	24	8	3067	0	1
2539	4	27	5	3069	0	1
2539	4	28	20	3067	0	1
2539	4	29	8	3068	0	1
2539	5	2	26	3063	0	1
2539	5	8	14	3067	0	1
2539	5	11	7	3071	0	1
2539	5	24	1	3066	0	1
2539	5	27	4	3067	0	1
2539	5	28	1	3066	0	1
2539	6	11	26	3070	0	1
2539	6	14	125	3046	0	1
2539	6	24	1	3066	0	1
2539	6	27	37	3065	0	1
2539	7	0	60	3069	0	1
2539	7	11	85	3075	0	1
2539	7	27	181	3057	0	1
2539	8	8	363	2828	0	1
2539	8	11	158	3019	0	1
2539	8	27	344	2906	0	1
2539	8	29	4	3065	0	1
2539	9	8	6	3070	0	1
2539	9	11	483	2805	0	1
2539	9	24	434	2788	0	1
2539	9	27	485	2803	0	1
2539	10	11	485	2803	0	1
2539	10	24	85	3044	0	1
2539	10	27	485	2803	0	1
2539	11	4	10	3059	0	1
2539	11	11	301	2910	0	1
2539	12	2	90	3034	0	1
2539	12	17	41	3052	0	1
2540	0	2	112	3045	0	1
2540	0	3	9	3067	0	1
2540	0	12	44	3061	0	1
2540	0	13	7	3063	0	1
2540	0	22	317	2812	0	1
2540	0	28	475	2726	0	1
2540	1	2	37	3063	0	1
2540	1	3	801	2537	0	1
2540	1	6	82	3056	0	1
2540	1	7	214	2988	0	1
2540	1	13	16	3066	0	1
2540	1	18	1378	2319	0	1
2540	1	28	81	3062	0	1
2540	1	31	65	3028	0	1
2540	2	18	3	3067	0	1
2540	2	24	231	3035	0	1
2540	2	25	19	3065	0	1
2540	2	30	107	3005	0	1
2540	2	31	61	3030	0	1
2540	3	13	4	3071	0	1
2540	3	18	1	3066	0	1
2540	3	20	23	3065	0	1
2540	3	24	5	3070	0	1
2540	3	25	3	3068	0	1
2540	3	31	233	2923	0	1
2540	5	30	4	3066	0	1
2540	5	31	6	3065	0	1
2540	6	31	48	3070	0	1
2540	7	15	4	3066	0	1
2540	7	30	1	3068	0	1
2540	7	31	1	3068	0	1
2540	8	28	6	3065	0	1
2540	8	29	6	3065	0	1
2540	9	15	98	3057	0	1
2540	10	3	94	3056	0	1
2540	10	17	2	3066	0	1
2540	11	4	5	3064	0	1
2540	13	5	1	3066	0	1
2540	13	20	2	3066	0	1
2540	15	20	572	2621	0	1
2541	0	8	1	3066	0	1
2541	0	9	51	3064	0	1
2541	0	10	3	3065	0	1
2541	0	11	16	3067	0	1
2541	0	12	5	3066	0	1
2541	0	13	25	3067	0	1
2541	0	14	33	3039	0	1
2541	0	15	23	3052	0	1
2541	0	16	87	3054	0	1
2541	0	17	2	3069	0	1
2541	0	18	3	3065	0	1
2541	0	19	1	3066	0	1
2541	0	20	22	3055	0	1
2541	0	21	32	3047	0	1
2541	0	22	74	3057	0	1
2541	0	25	65	3036	0	1
2541	0	28	515	2651	0	1
2541	0	29	408	2742	0	1
2541	0	30	1	3066	0	1
2541	1	2	32	3047	0	1
2541	1	3	31	3048	0	1
2541	1	10	17	3070	0	1
2541	1	11	1	3068	0	1
2541	1	12	33	3064	0	1
2541	1	14	9	3066	0	1
2541	1	15	9	3066	0	1
2541	1	19	34	3043	0	1
2541	1	31	11	3065	0	1
2541	2	1	1186	2452	0	1
2541	2	14	32	3047	0	1
2541	2	15	23	3050	0	1
2541	2	22	78	3032	0	1
2541	2	23	829	2790	0	1
2541	2	24	14	3068	0	1
2541	2	25	18	3063	0	1
2541	2	28	2	3069	0	1
2541	3	7	243	2984	0	1
2541	3	10	2	3069	0	1
2541	3	11	1	3068	0	1
2541	3	15	53	3069	0	1
2541	3	22	106	3033	0	1
2541	3	23	73	3041	0	1
2541	3	26	3	3065	0	1
2541	3	27	3	3065	0	1
2541	3	30	20	3052	0	1
2541	4	11	282	3028	0	1
2541	4	22	213	2919	0	1
2541	4	28	125	3046	0	1
2541	4	31	38	3044	0	1
2541	5	10	19	3073	0	1
2541	5	11	15	3072	0	1
2541	5	12	6	3066	0	1
2541	5	15	32	3047	0	1
2541	5	16	1	3066	0	1
2541	5	22	33	3063	0	1
2541	6	25	4	3069	0	1
2541	7	8	722	2692	0	1
2541	7	10	5	3067	0	1
2541	7	23	50	3058	0	1
2541	8	10	53	3063	0	1
2541	8	15	35	3068	0	1
2541	8	16	23	3070	0	1
2541	8	17	83	3066	0	1
2541	8	22	109	3036	0	1
2541	9	26	10	3065	0	1
2541	10	11	1	3068	0	1
2541	12	7	35	3055	0	1
2541	12	11	219	2966	0	1
2542	0	3	8	3068	0	1
2542	0	8	9	3067	0	1
2542	0	10	16	3067	0	1
2542	0	12	18	3064	0	1
2542	0	13	44	3063	0	1
2542	0	14	1	3066	0	1
2542	0	16	3	3070	0	1
2542	0	20	6	3061	0	1
2542	0	28	299	2823	0	1
2542	0	29	935	2419	0	1
2542	1	2	14	3059	0	1
2542	1	3	573	2591	0	1
2542	1	7	224	2993	0	1
2542	1	10	18	3071	0	1
2542	1	13	18	3069	0	1
2542	1	14	3	3066	0	1
2542	1	18	6	3061	0	1
2542	1	29	130	3055	0	1
2542	1	30	9	3064	0	1
2542	2	9	127	2990	0	1
2542	2	19	2	3066	0	1
2542	2	22	182	2969	0	1
2542	2	24	34	3059	0	1
2542	2	25	65	3059	0	1
2542	2	28	7	3067	0	1
2542	2	31	29	3046	0	1
2542	3	6	82	3056	0	1
2542	3	10	115	3034	0	1
2542	3	14	40	3071	0	1
2542	3	15	2	3065	0	1
2542	3	19	8	3064	0	1
2542	3	25	2	3067	0	1
2542	3	26	3	3065	0	1
2542	3	30	32	3047	0	1
2542	3	31	233	2923	0	1
2542	4	3	6	3070	0	1
2542	4	18	36	3066	0	1
2542	4	22	1451	2198	0	1
2542	4	25	6	3069	0	1
2542	4	28	2	3069	0	1
2542	4	29	13	3067	0	1
2542	4	31	41	3068	0	1
2542	5	3	13	3070	0	1
2542	5	12	9	3067	0	1
2542	5	14	32	3047	0	1
2542	5	21	21	3054	0	1
2542	5	31	6	3065	0	1
2542	6	25	7	3065	0	1
2542	6	28	105	3054	0	1
2542	6	31	2	3067	0	1
2542	7	9	1	3068	0	1
2542	7	15	2	3069	0	1
2542	7	31	1	3068	0	1
2542	8	14	27	3066	0	1
2542	8	18	431	2976	0	1
2542	8	25	5	3064	0	1
2542	9	9	2	3069	0	1
2542	10	9	24	3064	0	1
2542	10	25	24	3052	0	1
2542	10	30	74	3071	0	1
2542	11	10	2	3067	0	1
2542	13	5	1	3066	0	1
2542	14	5	747	2475	0	1
2542	14	21	873	2363	0	1
2543	0	2	1	3067	0	1
2543	0	3	9	3070	0	1
2543	0	8	9	3067	0	1
2543	0	10	34	3067	0	1
2543	0	12	24	3063	0	1
2543	0	14	17	3056	0	1
2543	0	16	3	3068	0	1
2543	0	18	1330	2219	0	1
2543	0	22	74	3057	0	1
2543	0	23	69	3027	0	1
2543	0	28	284	2837	0	1
2543	0	29	47	3064	0	1
2543	1	2	1	3066	0	1
2543	1	7	249	2980	0	1
2543	1	10	18	3071	0	1
2543	1	12	31	3064	0	1
2543	1	19	1378	2319	0	1
2543	1	30	6	3065	0	1
2543	2	0	1206	2434	0	1
2543	2	3	8	3067	0	1
2543	2	9	230	2924	0	1
2543	2	14	22	3054	0	1
2543	2	15	337	2791	0	1
2543	2	19	3	3068	0	1
2543	2	22	55	3038	0	1
2543	2	24	8	3065	0	1
2543	2	25	115	3051	0	1
2543	2	28	4	3067	0	1
2543	3	6	21	3054	0	1
2543	3	10	2	3069	0	1
2543	3	13	41	3063	0	1
2543	3	14	3	3069	0	1
2543	3	15	303	2819	0	1
2543	3	16	403	2814	0	1
2543	3	21	1	3067	0	1
2543	3	22	43	3049	0	1
2543	3	25	6	3071	0	1
2543	3	26	1	3066	0	1
2543	3	30	32	3047	0	1
2543	4	3	109	3068	0	1
2543	4	10	150	3045	0	1
2543	4	15	669	2635	0	1
2543	4	18	4	3065	0	1
2543	4	25	7	3067	0	1
2543	4	29	15	3067	0	1
2543	4	30	22	3050	0	1
2543	4	31	1	3068	0	1
2543	5	3	402	2965	0	1
2543	5	10	3	3067	0	1
2543	5	12	7	3066	0	1
2543	5	14	24	3053	0	1
2543	5	16	1	3066	0	1
2543	5	21	768	2618	0	1
2543	5	25	1	3066	0	1
2543	5	31	6	3065	0	1
2543	6	15	2	3069	0	1
2543	6	24	4	3069	0	1
2543	6	28	25	3051	0	1
2543	7	8	5	3067	0	1
2543	7	10	5	3068	0	1
2543	8	10	53	3063	0	1
2543	8	14	26	3067	0	1
2543	8	16	83	3066	0	1
2543	8	18	110	3027	0	1
2543	8	25	85	3044	0	1
2543	9	9	5	3065	0	1
2543	9	26	11	3069	0	1
2543	10	9	53	3063	0	1
2543	10	30	1	3066	0	1
2543	11	5	7	3062	0	1
2543	11	9	1	3068	0	1
2543	12	15	126	3068	0	1
2543	12	22	7	3064	0	1
2543	15	6	130	2993	0	1
2544	0	10	16	3067	0	1
2544	0	12	18	3062	0	1
2544	0	14	26	3050	0	1
2544	0	18	256	2866	0	1
2544	0	23	81	3024	0	1
2544	0	24	36	3053	0	1
2544	1	29	16	3059	0	1
2544	1	30	86	3067	0	1
2544	1	31	203	2943	0	1
2544	2	9	233	2923	0	1
2544	2	22	829	2790	0	1
2544	2	24	34	3059	0	1
2544	2	28	7	3067	0	1
2544	3	6	82	3056	0	1
2544	3	10	115	3034	0	1
2544	3	14	53	3069	0	1
2544	3	15	67	3030	0	1
2544	3	22	106	3033	0	1
2544	3	25	1	3066	0	1
2544	3	26	3	3065	0	1
2544	3	30	27	3047	0	1
2544	3	31	233	2923	0	1
2544	4	10	45	3055	0	1
2544	4	15	659	2758	0	1
2544	4	18	36	3066	0	1
2544	4	28	125	3046	0	1
2544	5	10	16	3071	0	1
2544	5	12	10	3066	0	1
2544	5	14	20	3055	0	1
2544	5	21	451	2818	0	1
2544	6	24	3	3068	0	1
2544	6	28	105	3054	0	1
2544	7	1	60	3069	0	1
2544	7	9	1	3068	0	1
2544	7	10	5	3067	0	1
2544	8	10	53	3063	0	1
2544	8	14	8	3065	0	1
2544	8	16	83	3066	0	1
2544	8	18	150	3018	0	1
2544	8	29	1	3068	0	1
2544	10	30	74	3071	0	1
2544	11	26	5	3067	0	1
2544	12	6	28	3058	0	1
2545	0	2	1	3067	0	1
2545	0	13	4	3064	0	1
2545	0	16	11	3072	0	1
2545	0	18	1330	2219	0	1
2545	0	24	65	3036	0	1
2545	0	29	724	2561	0	1
2545	1	3	37	3063	0	1
2545	1	29	94	3059	0	1
2545	1	30	6	3065	0	1
2545	1	31	94	3006	0	1
2545	2	15	35	3049	0	1
2545	2	19	3	3067	0	1
2545	2	25	231	3035	0	1
2545	2	28	7	3068	0	1
2545	2	29	3	3070	0	1
2545	2	31	107	3005	0	1
2545	3	14	7	3068	0	1
2545	3	15	32	3051	0	1
2545	3	22	58	3042	0	1
2545	3	25	6	3071	0	1
2545	3	31	110	2994	0	1
2545	4	10	158	3041	0	1
2545	4	15	361	2890	0	1
2545	4	22	141	2959	0	1
2545	4	25	9	3068	0	1
2545	4	29	18	3065	0	1
2545	4	31	1	3066	0	1
2545	5	21	953	2525	0	1
2545	5	22	81	3052	0	1
2545	5	25	1	3066	0	1
2545	5	31	6	3065	0	1
2545	6	25	2	3067	0	1
2545	6	28	11	3062	0	1
2545	6	31	48	3070	0	1
2545	7	9	1	3068	0	1
2545	7	15	4	3066	0	1
2545	7	31	1	3068	0	1
2545	8	25	85	3044	0	1
2545	8	29	6	3065	0	1
2545	9	9	6	3070	0	1
2545	9	15	1	3068	0	1
2545	10	26	1	3068	0	1
2545	12	3	33	3061	0	1
2546	0	3	112	3045	0	1
2546	0	8	2	3068	0	1
2546	0	10	1	3068	0	1
2546	0	12	21	3064	0	1
2546	0	13	40	3063	0	1
2546	0	20	15	3058	0	1
2546	0	22	74	3057	0	1
2546	0	23	95	3013	0	1
2546	0	24	65	3036	0	1
2546	0	29	728	2523	0	1
2546	1	3	509	2744	0	1
2546	1	7	82	3056	0	1
2546	1	10	18	3071	0	1
2546	1	12	33	3064	0	1
2546	1	18	32	3047	0	1
2546	1	19	346	2831	0	1
2546	1	29	16	3059	0	1
2546	1	31	99	3010	0	1
2546	2	3	8	3067	0	1
2546	2	9	167	2962	0	1
2546	2	15	52	3038	0	1
2546	2	29	17	3066	0	1
2546	3	13	41	3063	0	1
2546	3	15	49	3040	0	1
2546	3	16	796	2830	0	1
2546	3	19	8	3064	0	1
2546	3	21	2	3068	0	1
2546	3	22	5	3066	0	1
2546	4	3	109	3068	0	1
2546	4	15	387	2889	0	1
2546	4	22	1451	2198	0	1
2546	4	25	7	3067	0	1
2546	4	28	1	3068	0	1
2546	4	29	20	3067	0	1
2546	4	30	32	3047	0	1
2546	4	31	2	3067	0	1
2546	5	3	402	2965	0	1
2546	5	12	10	3066	0	1
2546	5	14	32	3047	0	1
2546	5	21	769	2651	0	1
2546	5	25	1	3066	0	1
2546	5	29	1	3066	0	1
2546	5	31	3	3065	0	1
2546	6	15	125	3046	0	1
2546	6	28	23	3051	0	1
2546	7	1	56	3071	0	1
2546	7	8	5	3067	0	1
2546	7	9	1	3068	0	1
2546	7	22	54	3057	0	1
2546	8	14	35	3068	0	1
2546	8	18	431	2976	0	1
2546	8	25	24	3052	0	1
2546	9	9	5	3065	0	1
2546	10	9	53	3063	0	1
2546	10	10	51	3069	0	1
2546	10	25	85	3044	0	1
2546	10	26	3	3070	0	1
2546	11	9	1	3068	0	1
2546	11	10	2	3067	0	1
2546	11	26	810	2608	0	1
2546	12	15	96	3030	0	1
2546	12	22	50	3043	0	1
2546	13	5	1	3066	0	1
2546	13	21	2	3066	0	1
2547	0	8	51	3064	0	1
2547	0	10	34	3067	0	1
2547	0	12	24	3063	0	1
2547	0	13	53	3061	0	1
2547	0	14	33	3039	0	1
2547	0	16	87	3054	0	1
2547	0	18	239	2891	0	1
2547	0	20	32	3047	0	1
2547	0	22	64	3057	0	1
2547	0	24	67	3032	0	1
2547	0	29	47	3064	0	1
2547	1	2	32	3047	0	1
2547	1	7	150	3011	0	1
2547	1	10	16	3069	0	1
2547	1	13	23	3067	0	1
2547	1	14	9	3066	0	1
2547	1	18	32	3047	0	1
2547	1	19	1378	2319	0	1
2547	1	30	91	3065	0	1
2547	2	0	1753	2165	0	1
2547	2	14	32	3047	0	1
2547	2	15	67	3030	0	1
2547	2	29	3	3070	0	1
2547	3	13	3	3070	0	1
2547	3	14	32	3069	0	1
2547	3	21	23	3065	0	1
2547	3	22	66	3035	0	1
2547	3	25	1	3066	0	1
2547	3	26	1	3066	0	1
2547	3	30	32	3047	0	1
2547	4	15	538	2801	0	1
2547	4	28	1	3068	0	1
2547	4	29	10	3067	0	1
2547	4	30	15	3058	0	1
2547	4	31	41	3068	0	1
2547	5	10	19	3073	0	1
2547	5	14	29	3048	0	1
2547	5	16	1	3066	0	1
2547	5	21	737	2656	0	1
2547	6	24	4	3069	0	1
2547	6	25	7	3065	0	1
2547	7	8	722	2692	0	1
2547	7	9	1	3068	0	1
2547	7	10	4	3068	0	1
2547	8	10	53	3063	0	1
2547	8	16	78	3066	0	1
2547	8	29	6	3065	0	1
2547	9	26	11	3069	0	1
2547	10	3	94	3056	0	1
2547	10	17	2	3066	0	1
2547	11	5	10	3059	0	1
2547	12	3	90	3034	0	1
2547	12	6	2	3066	0	1
2547	12	15	126	3068	0	1
2548	0	3	40	3077	0	1
2548	0	5	186	2945	0	1
2548	0	6	656	2737	0	1
2548	0	12	6	3067	0	1
2548	0	14	39	3065	0	1
2548	0	18	45	3055	0	1
2548	0	25	231	3035	0	1
2548	0	26	178	2937	0	1
2548	0	27	38	3069	0	1
2548	0	29	150	2969	0	1
2548	0	31	87	3054	0	1
2548	1	0	1	3066	0	1
2548	1	1	68	3018	0	1
2548	1	2	117	2993	0	1
2548	1	5	5	3063	0	1
2548	1	6	105	2999	0	1
2548	1	7	12	3066	0	1
2548	1	8	65	3019	0	1
2548	1	9	19	3065	0	1
2548	1	10	5	3071	0	1
2548	1	11	5	3066	0	1
2548	1	13	40	3063	0	1
2548	1	14	107	3005	0	1
2548	1	17	6	3071	0	1
2548	1	18	14	3065	0	1
2548	1	22	25	3061	0	1
2548	1	26	90	3015	0	1
2548	1	28	331	2917	0	1
2548	2	17	1489	2385	0	1
2548	2	26	107	3005	0	1
2548	2	28	12	3059	0	1
2548	3	2	1037	2577	0	1
2548	3	4	4	3064	0	1
2548	3	11	2	3067	0	1
2548	3	16	6	3066	0	1
2548	3	19	1955	2040	0	1
2548	3	20	39	3067	0	1
2548	3	25	233	2923	0	1
2548	3	31	10	3066	0	1
2548	4	5	17	3071	0	1
2548	4	7	6	3066	0	1
2548	4	13	38	3062	0	1
2548	4	18	5	3067	0	1
2548	4	28	7	3069	0	1
2548	4	30	1	3068	0	1
2548	5	0	10	3064	0	1
2548	5	4	2	3069	0	1
2548	5	14	48	3070	0	1
2548	5	18	25	3063	0	1
2548	5	19	3	3066	0	1
2548	5	31	19	3058	0	1
2548	6	9	10	3063	0	1
2548	6	17	22	3061	0	1
2548	6	29	2	3066	0	1
2548	7	2	1	3066	0	1
2548	8	7	6	3068	0	1
2548	8	12	3	3064	0	1
2548	8	13	4	3063	0	1
2548	8	14	23	3068	0	1
2548	8	15	9	3070	0	1
2548	8	21	6	3067	0	1
2548	8	23	58	3065	0	1
2548	11	3	17	3054	0	1
2549	0	2	130	2993	0	1
2549	0	3	49	3073	0	1
2549	0	7	38	3067	0	1
2549	0	10	245	3018	0	1
2549	0	14	7	3068	0	1
2549	0	24	6	3063	0	1
2549	0	27	55	3069	0	1
2549	0	29	66	3022	0	1
2549	0	30	150	2969	0	1
2549	1	0	89	3016	0	1
2549	1	1	144	2960	0	1
2549	1	2	48	3034	0	1
2549	1	3	112	3045	0	1
2549	1	5	7	3062	0	1
2549	1	7	3	3064	0	1
2549	1	8	15	3056	0	1
2549	1	9	3	3069	0	1
2549	1	10	8	3071	0	1
2549	1	13	10	3062	0	1
2549	1	17	3	3068	0	1
2549	1	22	16	3059	0	1
2549	1	25	154	2963	0	1
2549	2	16	132	2983	0	1
2549	2	26	61	3034	0	1
2549	2	28	1486	2384	0	1
2549	3	9	9	3067	0	1
2549	3	11	1	3068	0	1
2549	3	19	1349	2349	0	1
2549	3	20	1	3068	0	1
2549	3	29	2	3066	0	1
2549	4	5	19	3071	0	1
2549	4	13	571	2930	0	1
2549	4	18	133	3067	0	1
2549	4	19	6	3065	0	1
2549	4	20	2	3067	0	1
2549	4	25	128	3069	0	1
2549	4	29	5	3067	0	1
2549	5	2	2	3066	0	1
2549	5	8	13	3063	0	1
2549	5	18	5	3065	0	1
2549	5	21	1	3068	0	1
2549	5	24	2	3066	0	1
2549	5	25	5	3065	0	1
2549	5	26	1	3068	0	1
2549	6	16	47	3069	0	1
2549	6	19	2	3067	0	1
2549	6	26	2	3069	0	1
2549	7	16	2	3067	0	1
2549	8	14	15	3068	0	1
2549	8	21	5	3065	0	1
2549	8	22	4	3065	0	1
2549	8	23	25	3065	0	1
2549	9	31	48	3068	0	1
2549	10	1	49	3067	0	1
2549	12	30	3	3064	0	1
2550	0	0	2	3065	0	1
2550	0	4	233	2923	0	1
2550	0	5	233	2911	0	1
2550	0	7	1303	2519	0	1
2550	0	13	8	3067	0	1
2550	0	18	203	2943	0	1
2550	0	19	284	3028	0	1
2550	0	21	132	3067	0	1
2550	0	27	135	2961	0	1
2550	0	28	150	2969	0	1
2550	0	31	66	3022	0	1
2550	1	0	3	3066	0	1
2550	1	2	11	3068	0	1
2550	1	3	117	2993	0	1
2550	1	8	20	3065	0	1
2550	1	9	57	3025	0	1
2550	1	10	6	3067	0	1
2550	1	11	2	3069	0	1
2550	1	15	12	3059	0	1
2550	1	16	6	3071	0	1
2550	1	18	107	3005	0	1
2550	1	19	14	3065	0	1
2550	1	28	45	3065	0	1
2550	2	6	17	3064	0	1
2550	2	17	138	2977	0	1
2550	2	23	5	3069	0	1
2550	2	27	41	3046	0	1
2550	3	0	150	2969	0	1
2550	3	5	7	3061	0	1
2550	3	9	18	3052	0	1
2550	3	10	41	3068	0	1
2550	3	30	9	3067	0	1
2550	4	4	15	3069	0	1
2550	4	7	1	3068	0	1
2550	4	28	8	3070	0	1
2550	4	30	60	3043	0	1
2550	5	0	1	3066	0	1
2550	5	1	3	3068	0	1
2550	5	9	66	3041	0	1
2550	5	24	1	3068	0	1
2550	5	25	7	3069	0	1
2550	5	28	14	3063	0	1
2550	5	29	2	3065	0	1
2550	6	10	1	3068	0	1
2550	6	28	3	3069	0	1
2550	6	29	1	3068	0	1
2550	7	3	1	3066	0	1
2550	7	29	810	2608	0	1
2550	8	14	3	3065	0	1
2550	8	20	4	3066	0	1
2550	8	22	49	3063	0	1
2550	8	23	6	3064	0	1
2550	10	0	31	3065	0	1
2550	10	6	288	3018	0	1
2550	10	26	356	3012	0	1
2550	11	6	19	3053	0	1
2550	11	19	20	3064	0	1
2550	13	0	1	3066	0	1
2550	13	22	22	3052	0	1
2550	15	3	126	2994	0	1
2551	0	6	1	3066	0	1
2551	0	7	830	2679	0	1
2551	0	11	276	3011	0	1
2551	0	15	39	3065	0	1
2551	0	19	184	3036	0	1
2551	0	21	9	3068	0	1
2551	0	24	174	3039	0	1
2551	0	25	10	3061	0	1
2551	0	26	55	3069	0	1
2551	0	30	6	3067	0	1
2551	0	31	150	2969	0	1
2551	1	0	144	2960	0	1
2551	1	3	2	3067	0	1
2551	1	7	233	2923	0	1
2551	1	8	8	3068	0	1
2551	1	9	25	3046	0	1
2551	1	11	9	3072	0	1
2551	1	12	46	3063	0	1
2551	1	16	2	3069	0	1
2551	1	18	12	3059	0	1
2551	1	19	5	3067	0	1
2551	1	24	67	3030	0	1
2551	1	27	44	3040	0	1
2551	2	5	138	2977	0	1
2551	2	16	754	2704	0	1
2551	2	17	233	2923	0	1
2551	2	26	6	3063	0	1
2551	2	27	12	3059	0	1
2551	2	29	1501	2377	0	1
2551	3	0	113	2998	0	1
2551	3	5	12	3059	0	1
2551	3	6	5	3067	0	1
2551	3	9	18	3051	0	1
2551	3	17	1	3068	0	1
2551	3	21	1	3068	0	1
2551	3	28	69	3072	0	1
2551	4	8	1	3067	0	1
2551	4	14	98	3013	0	1
2551	4	21	6	3065	0	1
2551	4	24	10	3064	0	1
2551	4	27	5	3067	0	1
2551	4	28	12	3070	0	1
2551	4	31	1	3068	0	1
2551	5	3	3	3069	0	1
2551	5	9	13	3064	0	1
2551	5	15	2	3067	0	1
2551	5	19	284	3036	0	1
2551	5	20	2	3067	0	1
2551	5	28	784	2741	0	1
2551	5	30	19	3058	0	1
2551	5	31	1	3068	0	1
2551	8	13	4	3064	0	1
2551	8	14	5	3065	0	1
2551	8	22	32	3063	0	1
2551	8	23	30	3068	0	1
2551	12	5	2	3066	0	1
2551	12	28	2	3066	0	1
2551	12	31	3	3064	0	1
2552	0	1	37	3068	0	1
2552	0	3	9	3065	0	1
2552	0	4	329	2850	0	1
2552	0	5	33	3045	0	1
2552	0	6	1489	2385	0	1
2552	0	7	2	3067	0	1
2552	0	10	276	3011	0	1
2552	0	12	8	3067	0	1
2552	0	14	19	3072	0	1
2552	0	15	10	3061	0	1
2552	0	18	209	3039	0	1
2552	0	19	92	3004	0	1
2552	0	20	115	3070	0	1
2552	0	24	10	3061	0	1
2552	0	25	186	3039	0	1
2552	0	27	12	3065	0	1
2552	0	29	150	2969	0	1
2552	0	30	150	2969	0	1
2552	0	31	10	3070	0	1
2552	1	0	89	3016	0	1
2552	1	1	63	3030	0	1
2552	1	2	117	2993	0	1
2552	1	3	9	3067	0	1
2552	1	5	9	3064	0	1
2552	1	7	8	3068	0	1
2552	1	8	43	3033	0	1
2552	1	9	4	3066	0	1
2552	1	10	9	3072	0	1
2552	1	11	5	3066	0	1
2552	1	13	34	3067	0	1
2552	1	17	5	3072	0	1
2552	1	18	7	3067	0	1
2552	1	19	23	3051	0	1
2552	1	22	75	3057	0	1
2552	1	26	90	3015	0	1
2552	1	29	12	3064	0	1
2552	2	4	1627	2295	0	1
2552	2	5	1011	2619	0	1
2552	2	7	17	3064	0	1
2552	2	16	138	2977	0	1
2552	2	22	1	3068	0	1
2552	3	1	150	2969	0	1
2552	3	7	1	3068	0	1
2552	3	8	32	3047	0	1
2552	3	16	5	3067	0	1
2552	3	25	83	3020	0	1
2552	3	29	2	3066	0	1
2552	3	31	4	3066	0	1
2552	4	6	1	3068	0	1
2552	4	7	10	3064	0	1
2552	4	18	5	3066	0	1
2552	4	19	1	3068	0	1
2552	4	20	6	3065	0	1
2552	4	26	1	3066	0	1
2552	4	28	6	3067	0	1
2552	4	30	1	3068	0	1
2552	4	31	60	3042	0	1
2552	5	0	18	3064	0	1
2552	5	2	3	3069	0	1
2552	5	8	66	3041	0	1
2552	5	21	3	3068	0	1
2552	5	24	7	3069	0	1
2552	5	25	1	3068	0	1
2552	5	29	10	3067	0	1
2552	5	31	15	3062	0	1
2552	6	11	1	3068	0	1
2552	6	16	3	3068	0	1
2552	6	19	2	3067	0	1
2552	6	29	5	3067	0	1
2552	7	1	2	3069	0	1
2552	7	2	2	3067	0	1
2552	7	28	5	3067	0	1
2552	8	7	7	3067	0	1
2552	8	13	7	3069	0	1
2552	8	15	6	3066	0	1
2552	8	21	5	3065	0	1
2552	8	23	58	3065	0	1
2552	9	31	48	3068	0	1
2552	10	27	92	3034	0	1
2552	10	31	550	2797	0	1
2552	12	30	3	3064	0	1
2552	13	1	1	3066	0	1
2552	15	15	873	2363	0	1
2553	0	2	85	3021	0	1
2553	0	3	49	3073	0	1
2553	0	4	144	2982	0	1
2553	0	5	138	2977	0	1
2553	0	6	1489	2385	0	1
2553	0	7	5	3067	0	1
2553	0	10	238	3024	0	1
2553	0	12	4	3067	0	1
2553	0	15	10	3061	0	1
2553	0	19	114	2994	0	1
2553	0	20	14	3064	0	1
2553	0	24	3	3066	0	1
2553	0	25	19	3065	0	1
2553	0	26	154	2943	0	1
2553	0	27	55	3069	0	1
2553	0	29	150	2969	0	1
2553	0	30	150	2969	0	1
2553	0	31	3	3067	0	1
2553	1	0	89	3016	0	1
2553	1	1	114	2988	0	1
2553	1	2	117	2993	0	1
2553	1	3	9	3067	0	1
2553	1	6	130	2990	0	1
2553	1	7	8	3070	0	1
2553	1	8	7	3061	0	1
2553	1	9	18	3065	0	1
2553	1	13	10	3062	0	1
2553	1	14	81	3019	0	1
2553	1	19	12	3059	0	1
2553	1	22	87	3059	0	1
2553	1	26	90	3015	0	1
2553	1	28	659	2758	0	1
2553	1	29	12	3064	0	1
2553	2	4	1099	2547	0	1
2553	2	5	1502	2394	0	1
2553	2	7	5	3067	0	1
2553	2	26	80	3017	0	1
2553	2	28	1046	2577	0	1
2553	3	1	150	2969	0	1
2553	3	2	1489	2385	0	1
2553	3	4	7	3063	0	1
2553	3	7	6	3066	0	1
2553	3	8	32	3047	0	1
2553	3	19	1349	2349	0	1
2553	3	25	233	2923	0	1
2553	3	29	2	3066	0	1
2553	4	5	19	3071	0	1
2553	4	7	10	3064	0	1
2553	4	13	76	3054	0	1
2553	4	15	99	3016	0	1
2553	4	20	4	3066	0	1
2553	4	25	10	3064	0	1
2553	4	26	1	3066	0	1
2553	4	28	4	3069	0	1
2553	4	29	14	3069	0	1
2553	4	31	13	3064	0	1
2553	5	1	1	3066	0	1
2553	5	4	4	3067	0	1
2553	5	19	3	3066	0	1
2553	5	21	47	3069	0	1
2553	5	26	1	3068	0	1
2553	6	16	3	3068	0	1
2553	6	19	2	3067	0	1
2553	6	26	2	3069	0	1
2553	6	28	1	3068	0	1
2553	6	29	5	3067	0	1
2553	7	1	2	3069	0	1
2553	7	2	2	3067	0	1
2553	7	16	2	3067	0	1
2553	7	28	5	3067	0	1
2553	8	7	7	3067	0	1
2553	8	12	2	3066	0	1
2553	8	14	11	3064	0	1
2553	8	22	6	3064	0	1
2553	8	23	58	3065	0	1
2553	9	7	6	3069	0	1
2553	9	9	7	3067	0	1
2553	10	1	26	3066	0	1
2553	10	7	154	3042	0	1
2553	11	3	17	3054	0	1
2553	11	7	18	3052	0	1
2553	12	4	2	3066	0	1
2553	12	28	17	3061	0	1
2553	12	30	30	3046	0	1
2553	14	23	747	2475	0	1
2554	0	1	11	3066	0	1
2554	0	2	130	2993	0	1
2554	0	3	5	3068	0	1
2554	0	5	233	2923	0	1
2554	0	6	1384	2438	0	1
2554	0	7	38	3067	0	1
2554	0	14	3	3068	0	1
2554	0	18	7	3065	0	1
2554	0	20	132	3067	0	1
2554	0	24	10	3061	0	1
2554	0	25	231	3035	0	1
2554	0	26	178	2937	0	1
2554	0	27	42	3067	0	1
2554	0	31	87	3054	0	1
2554	1	0	78	3022	0	1
2554	1	5	5	3063	0	1
2554	1	6	233	2923	0	1
2554	1	13	40	3063	0	1
2554	1	14	107	3005	0	1
2554	1	17	6	3071	0	1
2554	1	18	5	3068	0	1
2554	1	19	107	3005	0	1
2554	1	22	21	3062	0	1
2554	1	29	39	3066	0	1
2554	2	4	1627	2295	0	1
2554	2	16	233	2923	0	1
2554	2	17	670	2740	0	1
2554	2	22	2	3067	0	1
2554	2	26	107	3005	0	1
2554	2	27	1	3066	0	1
2554	2	28	1501	2377	0	1
2554	3	2	1047	2585	0	1
2554	3	4	12	3059	0	1
2554	3	7	6	3066	0	1
2554	3	16	5	3067	0	1
2554	3	19	464	2800	0	1
2554	3	25	110	2994	0	1
2554	4	7	10	3064	0	1
2554	4	19	6	3065	0	1
2554	4	20	6	3065	0	1
2554	4	28	7	3069	0	1
2554	4	31	36	3056	0	1
2554	5	8	53	3043	0	1
2554	5	14	48	3070	0	1
2554	5	19	1	3066	0	1
2554	5	29	14	3063	0	1
2554	5	31	19	3058	0	1
2554	6	17	22	3061	0	1
2554	6	19	2	3067	0	1
2554	9	31	48	3068	0	1
2554	12	29	2	3066	0	1
2554	13	1	1	3066	0	1
2555	0	1	37	3068	0	1
2555	0	4	329	2850	0	1
2555	0	6	609	2819	0	1
2555	0	10	15	3057	0	1
2555	0	15	10	3061	0	1
2555	0	19	203	2943	0	1
2555	0	20	98	3061	0	1
2555	0	31	6	3070	0	1
2555	1	5	9	3064	0	1
2555	1	6	233	2923	0	1
2555	1	7	3	3064	0	1
2555	1	14	12	3059	0	1
2555	1	18	5	3068	0	1
2555	1	19	107	3005	0	1
2555	1	22	86	3059	0	1
2555	1	25	67	3030	0	1
2555	2	4	138	2977	0	1
2555	2	5	1502	2394	0	1
2555	2	17	1489	2385	0	1
2555	2	22	3	3067	0	1
2555	2	27	1	3066	0	1
2555	3	9	3	3066	0	1
2555	3	11	41	3068	0	1
2555	3	19	959	2562	0	1
2555	3	20	3	3068	0	1
2555	3	29	1	3067	0	1
2555	3	31	10	3066	0	1
2555	4	5	19	3071	0	1
2555	4	13	76	3054	0	1
2555	4	25	14	3064	0	1
2555	4	26	5	3067	0	1
2555	4	28	7	3069	0	1
2555	4	31	13	3064	0	1
2555	5	4	2	3069	0	1
2555	5	18	25	3063	0	1
2555	5	19	3	3066	0	1
2555	5	21	47	3069	0	1
2555	5	24	7	3069	0	1
2555	5	25	5	3065	0	1
2555	6	11	1	3068	0	1
2555	8	12	4	3064	0	1
2555	8	13	4	3063	0	1
2555	8	14	23	3068	0	1
2555	10	27	356	3012	0	1
2555	11	7	18	3052	0	1
2555	12	4	2	3066	0	1
2556	0	1	5	3066	0	1
2556	0	3	49	3073	0	1
2556	0	4	197	2937	0	1
2556	0	5	134	2988	0	1
2556	0	7	2	3067	0	1
2556	0	10	275	3012	0	1
2556	0	12	4	3069	0	1
2556	0	14	39	3065	0	1
2556	0	15	10	3061	0	1
2556	0	18	45	3055	0	1
2556	0	19	100	3006	0	1
2556	0	25	231	3035	0	1
2556	0	27	55	3069	0	1
2556	1	3	112	3045	0	1
2556	1	5	9	3064	0	1
2556	1	7	12	3066	0	1
2556	1	11	6	3068	0	1
2556	1	13	39	3064	0	1
2556	1	14	9	3063	0	1
2556	1	17	3	3068	0	1
2556	1	18	14	3065	0	1
2556	1	19	103	3008	0	1
2556	1	29	45	3065	0	1
2556	2	4	138	2977	0	1
2556	2	5	1343	2453	0	1
2556	2	16	233	2923	0	1
2556	2	26	2	3065	0	1
2556	2	27	2	3065	0	1
2556	3	2	1489	2385	0	1
2556	3	4	4	3064	0	1
2556	3	7	1	3068	0	1
2556	3	9	9	3067	0	1
2556	3	16	3	3068	0	1
2556	3	19	1955	2040	0	1
2556	3	20	4	3069	0	1
2556	3	25	233	2923	0	1
2556	4	6	1	3068	0	1
2556	4	7	11	3068	0	1
2556	4	18	133	3067	0	1
2556	4	28	7	3069	0	1
2556	5	0	10	3064	0	1
2556	5	4	1	3068	0	1
2556	5	8	13	3064	0	1
2556	5	14	2	3067	0	1
2556	5	18	284	3036	0	1
2556	5	19	3	3066	0	1
2556	5	21	3	3068	0	1
2556	5	24	7	3069	0	1
2556	5	26	1	3068	0	1
2556	5	28	2	3069	0	1
2556	6	16	47	3069	0	1
2556	6	26	2	3069	0	1
2556	6	28	1	3068	0	1
2556	7	16	2	3067	0	1
2556	7	28	810	2608	0	1
2556	8	12	2	3066	0	1
2556	8	14	22	3069	0	1
2556	8	22	30	3068	0	1
2556	9	7	6	3069	0	1
2556	9	9	7	3067	0	1
2556	10	1	31	3065	0	1
2556	10	31	431	2868	0	1
2556	11	3	14	3057	0	1
2556	11	7	16	3056	0	1
2557	0	4	329	2850	0	1
2557	0	6	1489	2385	0	1
2557	0	10	276	3011	0	1
2557	0	12	8	3067	0	1
2557	0	15	5	3064	0	1
2557	0	18	266	3028	0	1
2557	0	19	151	2974	0	1
2557	0	27	55	3069	0	1
2557	0	31	8	3069	0	1
2557	1	0	89	3016	0	1
2557	1	6	1	3066	0	1
2557	1	7	6	3066	0	1
2557	1	11	3	3066	0	1
2557	1	13	11	3069	0	1
2557	1	18	12	3064	0	1
2557	1	19	53	3042	0	1
2557	1	22	87	3059	0	1
2557	1	26	90	3015	0	1
2557	1	28	659	2758	0	1
2557	1	29	45	3065	0	1
2557	2	4	1446	2370	0	1
2557	2	17	899	2668	0	1
2557	2	22	5	3069	0	1
2557	3	2	1489	2385	0	1
2557	3	7	5	3067	0	1
2557	3	9	2	3065	0	1
2557	3	16	6	3066	0	1
2557	3	20	39	3067	0	1
2557	3	29	69	3072	0	1
2557	3	31	5	3065	0	1
2557	4	5	19	3071	0	1
2557	4	7	18	3064	0	1
2557	4	9	1	3067	0	1
2557	4	13	571	2930	0	1
2557	4	25	128	3069	0	1
2557	4	26	1	3066	0	1
2557	4	28	4	3070	0	1
2557	4	31	42	3055	0	1
2557	5	7	100	3028	0	1
2557	5	30	1	3068	0	1
2557	6	9	10	3063	0	1
2557	6	19	2	3067	0	1
2557	7	28	5	3067	0	1
2557	8	13	7	3069	0	1
2557	8	15	9	3070	0	1
2557	8	21	6	3067	0	1
2557	9	7	7	3070	0	1
2557	9	9	3	3065	0	1
2557	11	3	17	3054	0	1
2557	11	7	19	3053	0	1
2557	12	30	3	3064	0	1
2558	0	0	8	3065	0	1
2558	0	1	2	3065	0	1
2558	0	2	2	3068	0	1
2558	0	6	3	3068	0	1
2558	0	8	2	3067	0	1
2558	0	9	4	3065	0	1
2558	0	10	2	3066	0	1
2558	0	11	2	3066	0	1
2558	0	12	5	3065	0	1
2558	0	13	2	3066	0	1
2558	0	14	5	3071	0	1
2558	0	15	5	3065	0	1
2558	0	18	1	3066	0	1
2558	0	22	1	3068	0	1
2558	0	23	2	3066	0	1
2558	0	25	3	3066	0	1
2558	0	26	1	3067	0	1
2558	0	27	3	3068	0	1
2558	0	28	1	3068	0	1
2558	0	29	4	3070	0	1
2558	0	30	2	3069	0	1
2558	1	17	4	3069	0	1
2558	1	18	5	3063	0	1
2558	1	19	15	3062	0	1
2558	1	20	1	3067	0	1
2558	1	21	13	3066	0	1
2558	1	22	4	3065	0	1
2558	1	23	7	3064	0	1
2558	4	16	279	3037	0	1
2559	0	2	1	3068	0	1
2559	0	3	2	3067	0	1
2559	0	4	1	3068	0	1
2559	0	5	1	3068	0	1
2559	0	8	1	3066	0	1
2559	0	9	3	3065	0	1
2559	0	11	3	3065	0	1
2559	0	12	2	3068	0	1
2559	0	13	1	3068	0	1
2559	0	14	2	3065	0	1
2559	0	15	6	3065	0	1
2559	0	16	1	3068	0	1
2559	0	19	3	3068	0	1
2559	0	20	1	3066	0	1
2559	0	22	1	3067	0	1
2559	0	24	2	3069	0	1
2559	0	25	1	3066	0	1
2559	0	28	2	3066	0	1
2559	0	30	2	3067	0	1
2559	0	31	1	3066	0	1
2559	1	11	23	3067	0	1
2559	1	16	2	3067	0	1
2559	1	17	17	3065	0	1
2559	1	19	35	3061	0	1
2559	1	20	2	3069	0	1
2559	1	21	4	3067	0	1
2559	1	23	17	3071	0	1
2559	3	0	4	3068	0	1
2559	3	4	37	3067	0	1
2559	4	0	10	3064	0	1
2559	4	1	123	3070	0	1
2559	4	16	24	3064	0	1
2559	11	16	1637	2363	0	1
2560	0	5	1	3068	0	1
2560	0	8	1	3066	0	1
2560	0	10	3	3070	0	1
2560	0	12	2	3067	0	1
2560	0	14	2	3066	0	1
2560	0	15	1	3068	0	1
2560	0	16	1	3066	0	1
2560	0	18	1	3066	0	1
2560	0	20	1	3067	0	1
2560	0	21	1	3066	0	1
2560	0	22	1	3068	0	1
2560	0	23	3	3066	0	1
2560	0	24	1	3068	0	1
2560	0	29	2	3068	0	1
2560	0	30	4	3066	0	1
2560	0	31	33	3066	0	1
2560	1	10	4	3068	0	1
2560	1	11	84	3045	0	1
2560	1	14	7	3067	0	1
2560	1	15	5	3067	0	1
2560	1	17	21	3068	0	1
2560	1	19	20	3065	0	1
2560	1	21	8	3071	0	1
2560	1	23	11	3069	0	1
2560	2	0	3	3066	0	1
2560	2	8	9	3067	0	1
2560	2	16	2	3065	0	1
2560	2	17	14	3061	0	1
2560	3	0	1	3068	0	1
2560	3	4	2	3067	0	1
2560	3	16	1	3066	0	1
2560	3	18	4	3070	0	1
2560	3	24	1	3067	0	1
2560	3	26	65	3069	0	1
2560	4	0	5	3068	0	1
2560	4	1	5	3066	0	1
2560	4	16	1	3066	0	1
2560	5	0	76	3054	0	1
2560	5	16	14	3063	0	1
2560	5	18	1322	2524	0	1
2560	6	0	1555	2351	0	1
2560	8	0	3	3065	0	1
2560	8	8	7	3067	0	1
2560	8	16	4	3064	0	1
2560	8	20	6	3068	0	1
2560	9	0	3	3067	0	1
2560	9	8	4	3069	0	1
2560	9	16	1	3066	0	1
2560	9	24	22	3069	0	1
2560	10	8	59	3066	0	1
2560	10	10	31	3065	0	1
2560	11	0	17	3054	0	1
2560	11	1	1442	2502	0	1
2560	12	0	1639	2362	0	1
2561	0	0	4	3067	0	1
2561	0	1	1	3068	0	1
2561	0	2	23	3068	0	1
2561	0	3	2	3065	0	1
2561	0	6	1	3068	0	1
2561	0	7	3	3065	0	1
2561	0	8	4	3067	0	1
2561	0	9	2	3067	0	1
2561	0	10	182	3031	0	1
2561	0	11	40	3056	0	1
2561	0	13	10	3064	0	1
2561	0	14	18	3071	0	1
2561	0	15	19	3072	0	1
2561	0	16	1	3068	0	1
2561	0	20	1	3068	0	1
2561	0	21	1	3067	0	1
2561	0	22	2	3067	0	1
2561	0	23	3	3068	0	1
2561	0	24	1	3068	0	1
2561	0	25	1	3068	0	1
2561	0	26	2	3067	0	1
2561	0	27	2	3066	0	1
2561	0	28	12	3067	0	1
2561	0	29	13	3069	0	1
2561	0	30	25	3064	0	1
2561	0	31	36	3067	0	1
2561	1	16	1	3066	0	1
2561	1	17	24	3066	0	1
2561	1	19	10	3065	0	1
2561	1	20	2	3066	0	1
2561	1	21	16	3064	0	1
2561	1	22	3	3066	0	1
2561	1	23	21	3060	0	1
2561	4	16	5	3066	0	1
2561	5	0	571	2930	0	1
2561	9	0	2	3065	0	1
2561	9	8	2	3065	0	1
2561	9	16	5	3065	0	1
2561	9	24	8	3066	0	1
2561	10	16	127	3024	0	1
2561	10	17	356	3012	0	1
2562	0	0	65	3019	0	1
2562	0	2	33	3039	0	1
2562	0	4	26	3072	0	1
2562	0	5	92	3060	0	1
2562	0	6	450	2679	0	1
2562	0	11	89	3016	0	1
2562	0	13	98	3013	0	1
2562	0	15	154	2976	0	1
2562	0	20	95	3013	0	1
2562	0	22	450	2679	0	1
2562	0	25	32	3047	0	1
2562	0	27	65	3019	0	1
2562	0	28	2	3066	0	1
2562	0	29	76	3069	0	1
2562	1	0	65	3019	0	1
2562	1	3	65	3019	0	1
2562	1	5	32	3047	0	1
2562	1	8	450	2679	0	1
2562	1	9	1	3067	0	1
2562	1	10	3	3067	0	1
2562	1	12	26	3053	0	1
2562	1	13	95	3013	0	1
2562	1	19	26	3053	0	1
2562	1	20	450	2679	0	1
2562	1	24	95	3013	0	1
2562	1	25	95	3013	0	1
2562	1	28	32	3047	0	1
2562	1	30	65	3019	0	1
2562	2	0	65	3019	0	1
2562	2	2	32	3047	0	1
2562	2	6	450	2679	0	1
2562	2	11	95	3013	0	1
2562	2	13	213	2935	0	1
2562	2	21	32	3047	0	1
2562	2	22	65	3019	0	1
2562	3	0	32	3047	0	1
2562	3	8	1967	2032	0	1
2562	3	11	842	2382	0	1
2562	3	12	1753	2165	0	1
2562	3	26	69	3067	0	1
2562	4	0	3	3066	0	1
2562	4	2	4	3066	0	1
2562	4	4	11	3067	0	1
2562	4	14	1	3068	0	1
2562	4	15	3	3067	0	1
2562	4	25	7	3066	0	1
2562	4	27	9	3069	0	1
2562	5	0	29	3070	0	1
2562	5	3	22	3073	0	1
2562	5	5	19	3073	0	1
2562	5	16	24	3067	0	1
2562	5	17	114	3058	0	1
2562	5	26	778	2707	0	1
2562	5	27	1	3066	0	1
2562	5	28	1	3066	0	1
2562	5	30	8	3063	0	1
2562	6	0	8	3065	0	1
2562	6	2	125	3046	0	1
2562	6	3	1	3068	0	1
2562	6	13	2	3069	0	1
2562	6	15	270	2976	0	1
2562	6	24	1	3068	0	1
2562	6	25	4	3069	0	1
2562	6	27	8	3067	0	1
2562	7	0	69	3048	0	1
2562	7	3	5	3067	0	1
2562	7	5	722	2692	0	1
2562	7	16	909	2523	0	1
2562	7	17	1047	2397	0	1
2562	8	15	470	2789	0	1
2562	8	27	1047	2397	0	1
2562	9	3	58	3065	0	1
2562	9	26	20	3065	0	1
2562	10	4	38	3066	0	1
2562	11	26	630	2684	0	1
2562	12	6	1	3066	0	1
2562	12	8	1	3066	0	1
2562	12	21	2	3066	0	1
2562	12	22	15	3065	0	1
2562	13	8	35	3055	0	1
2562	13	11	2	3066	0	1
2562	13	12	2	3066	0	1
2562	13	16	161	2929	0	1
2562	13	17	146	2948	0	1
2562	13	20	65	3036	0	1
2562	14	6	130	2993	0	1
2562	14	15	12	3062	0	1
2562	14	22	781	2462	0	1
2562	14	23	1	3066	0	1
2562	15	13	747	2475	0	1
2562	15	16	873	2363	0	1
2562	15	20	873	2363	0	1
2562	15	25	873	2363	0	1
2563	0	0	22	3064	0	1
2563	0	1	38	3067	0	1
2563	0	2	26	3072	0	1
2563	0	9	83	3053	0	1
2563	0	10	93	3059	0	1
2563	0	20	98	3070	0	1
2563	0	21	68	3073	0	1
2563	0	24	34	3065	0	1
2563	0	25	26	3069	0	1
2563	0	26	46	3058	0	1
2563	0	27	87	3054	0	1
2563	1	0	52	3063	0	1
2563	1	3	51	3070	0	1
2563	1	4	68	3063	0	1
2563	1	5	66	3065	0	1
2563	1	6	12	3066	0	1
2563	1	11	112	3045	0	1
2563	2	0	8	3067	0	1
2563	2	2	8	3067	0	1
2563	2	12	9	3065	0	1
2563	2	13	11	3066	0	1
2563	2	14	17	3064	0	1
2563	2	24	3	3070	0	1
2563	2	25	19	3070	0	1
2563	2	26	17	3066	0	1
2563	3	0	41	3068	0	1
2563	3	3	43	3067	0	1
2563	3	5	41	3063	0	1
2563	3	16	5	3067	0	1
2563	3	28	2	3068	0	1
2563	3	30	8	3064	0	1
2563	4	0	126	3074	0	1
2563	4	2	109	3068	0	1
2563	4	12	130	3066	0	1
2563	4	14	18	3064	0	1
2563	4	24	8	3062	0	1
2563	4	25	234	3049	0	1
2563	4	26	20	3067	0	1
2563	5	0	174	3021	0	1
2563	5	3	411	2963	0	1
2563	5	4	41	3052	0	1
2563	5	5	402	2965	0	1
2563	5	16	188	2970	0	1
2563	5	17	19	3058	0	1
2563	5	28	1	3066	0	1
2563	5	30	1	3066	0	1
2563	6	0	1555	2351	0	1
2563	6	12	1555	2351	0	1
2563	8	13	3	3065	0	1
2563	8	14	7	3067	0	1
2563	8	24	2	3066	0	1
2563	8	25	6	3066	0	1
2563	8	26	5	3065	0	1
2563	9	0	16	3066	0	1
2563	9	3	9	3067	0	1
2563	9	4	2	3069	0	1
2563	9	5	5	3065	0	1
2563	9	17	55	3066	0	1
2563	9	28	5	3068	0	1
2563	9	30	11	3069	0	1
2563	10	0	42	3061	0	1
2563	10	2	53	3063	0	1
2563	10	12	54	3067	0	1
2563	10	14	324	3016	0	1
2563	10	24	24	3052	0	1
2563	10	25	85	3044	0	1
2563	10	26	85	3044	0	1
2563	11	0	48	3049	0	1
2563	11	3	202	2994	0	1
2563	11	4	1	3068	0	1
2563	11	5	1	3068	0	1
2563	11	16	19	3053	0	1
2563	12	0	1639	2362	0	1
2563	12	12	1639	2362	0	1
2564	0	2	63	3030	0	1
2564	0	10	450	2679	0	1
2564	0	20	114	2994	0	1
2564	0	28	450	2679	0	1
2564	1	20	12	3059	0	1
2564	3	10	628	2515	0	1
2564	4	0	1	3066	0	1
2564	4	2	1	3067	0	1
2564	4	3	2	3067	0	1
2564	4	10	2	3067	0	1
2564	4	11	4	3067	0	1
2564	4	21	3	3068	0	1
2564	4	29	4	3069	0	1
2564	5	2	8	3068	0	1
2564	5	6	3	3067	0	1
2564	5	10	12	3067	0	1
2564	5	14	4	3066	0	1
2564	6	1	18	3063	0	1
2564	6	2	8	3065	0	1
2564	6	3	103	3057	0	1
2564	6	9	47	3042	0	1
2564	6	10	17	3062	0	1
2564	6	11	206	3006	0	1
2564	6	18	1	3066	0	1
2564	6	19	241	2982	0	1
2564	6	27	453	2839	0	1
2564	8	1	1047	2397	0	1
2564	8	9	1047	2397	0	1
2565	0	2	81	2997	0	1
2565	0	16	329	2850	0	1
2565	0	20	2	3067	0	1
2565	0	21	1	3066	0	1
2565	0	24	95	3013	0	1
2565	2	3	138	2977	0	1
2565	2	11	450	2679	0	1
2565	2	25	138	2977	0	1
2565	3	8	453	2713	0	1
2565	4	3	1	3068	0	1
2565	4	21	3	3066	0	1
2565	4	29	6	3066	0	1
2565	5	0	1	3066	0	1
2565	5	2	10	3069	0	1
2565	5	4	1	3068	0	1
2565	5	6	7	3069	0	1
2565	5	8	2	3065	0	1
2565	5	12	2	3068	0	1
2565	8	18	58	3065	0	1
2565	12	16	2	3066	0	1
2565	12	20	15	3065	0	1
2565	14	8	130	2993	0	1
2566	0	2	178	2937	0	1
2566	0	10	89	3016	0	1
2566	0	14	2	3067	0	1
2566	1	1	659	2758	0	1
2566	1	7	138	2977	0	1
2566	1	9	95	3013	0	1
2566	1	15	450	2679	0	1
2566	1	20	1489	2385	0	1
2566	1	28	95	3013	0	1
2566	2	2	1489	2385	0	1
2566	2	10	95	3013	0	1
2566	2	17	1489	2385	0	1
2566	2	29	12	3059	0	1
2566	3	8	1502	2394	0	1
2566	4	21	2	3067	0	1
2566	5	12	2	3067	0	1
2566	5	17	1	3068	0	1
2566	5	19	3	3068	0	1
2566	5	23	27	3071	0	1
2566	5	25	1	3068	0	1
2566	5	31	64	3060	0	1
2566	9	0	58	3065	0	1
2566	12	0	1	3066	0	1
2566	12	8	7	3069	0	1
2566	13	2	2	3066	0	1
2566	13	10	35	3055	0	1
2566	13	18	3	3064	0	1
2566	13	26	65	3036	0	1
2566	14	24	255	2905	0	1
2566	15	8	747	2475	0	1
2566	15	16	873	2363	0	1
2567	1	5	12	3059	0	1
2567	1	21	138	2977	0	1
2567	1	29	450	2679	0	1
2567	2	3	12	3059	0	1
2567	3	10	12	3059	0	1
2567	4	3	1	3066	0	1
2567	4	21	5	3069	0	1
2567	4	24	1	3068	0	1
2567	5	4	1	3066	0	1
2567	5	14	2	3069	0	1
2567	5	16	2	3067	0	1
2567	5	19	3	3065	0	1
2567	5	23	14	3066	0	1
2567	5	24	3	3066	0	1
2567	5	27	13	3068	0	1
2567	5	31	34	3065	0	1
2567	6	1	1	3068	0	1
2567	6	3	1	3068	0	1
2567	6	18	1	3068	0	1
2567	6	19	56	3044	0	1
2567	6	27	131	2990	0	1
2567	7	3	5	3067	0	1
2567	7	5	352	2799	0	1
2567	7	7	458	2876	0	1
2567	7	13	430	2730	0	1
2567	7	15	479	2860	0	1
2567	7	18	138	2941	0	1
2567	7	22	909	2523	0	1
2567	7	26	138	2941	0	1
2567	7	30	909	2523	0	1
2568	50	14	1723	2031	0	1
2570	0	10	144	3057	0	1
2570	0	11	144	3058	0	1
2570	0	29	34	3059	0	1
2570	1	1	9	3062	0	1
2570	2	1	893	2776	0	1
2570	2	17	32	3047	0	1
2570	5	13	297	2901	0	1
2570	7	13	130	2993	0	1
2570	8	29	233	2923	0	1
2570	9	29	23	3063	0	1
2570	13	29	1955	2040	0	1
2570	50	20	1723	2031	0	1
2570	50	21	1723	2031	0	1
2571	2	17	15	3058	0	1
2571	4	5	2	3067	0	1
2571	7	13	130	2993	0	1
2571	8	29	233	2923	0	1
2572	0	29	199	3005	0	1
2572	2	1	893	2776	0	1
2572	5	13	297	2901	0	1
2572	9	29	23	3063	0	1
2572	50	22	1723	2031	0	1
2573	1	3	9	3062	0	1
2573	2	19	32	3047	0	1
2573	9	31	22	3061	0	1
2573	13	31	1955	2040	0	1
2573	50	20	1723	2031	0	1
2573	50	21	1723	2031	0	1
2574	1	9	38	3061	0	1
2574	1	25	39	3031	0	1
2574	2	16	13	3061	0	1
2574	2	29	3	3065	0	1
2574	4	4	2	3067	0	1
2574	5	25	499	2898	0	1
2574	6	9	2	3065	0	1
2574	8	5	18	3063	0	1
2574	9	1	64	3071	0	1
2575	0	28	38	3067	0	1
2575	1	12	87	3054	0	1
2575	5	2	10	3066	0	1
2575	6	12	269	2963	0	1
2575	7	30	15	3062	0	1
2575	11	4	1223	2595	0	1
2575	11	10	33	3040	0	1
2575	13	10	1	3066	0	1
2576	0	18	37	3063	0	1
2576	0	19	929	2464	0	1
2576	0	28	3	3066	0	1
2576	1	29	646	2654	0	1
2576	2	3	3	3067	0	1
2576	2	30	617	2665	0	1
2576	3	2	68	3065	0	1
2576	5	3	10	3066	0	1
2576	7	15	77	3021	0	1
2576	8	3	7	3069	0	1
2576	8	4	119	2972	0	1
2576	8	5	1	3066	0	1
2576	9	9	185	2955	0	1
2576	13	8	33	3040	0	1
2577	0	14	10	3068	0	1
2577	0	15	3	3068	0	1
2577	0	30	1938	1813	0	1
2577	1	16	22	3066	0	1
2577	2	13	11	3069	0	1
2577	2	15	14	3064	0	1
2577	3	5	23	3065	0	1
2577	3	13	12	3066	0	1
2577	3	15	437	2784	0	1
2577	3	30	200	3018	0	1
2577	4	4	10	3069	0	1
2577	4	29	77	3073	0	1
2577	5	5	1	3066	0	1
2577	5	28	105	3001	0	1
2577	8	0	113	3050	0	1
2577	10	22	762	2784	0	1
2577	14	29	28	3059	0	1
2578	1	22	20	3070	0	1
2578	3	17	1	3066	0	1
2578	4	3	36	3066	0	1
2578	5	4	1	3066	0	1
2578	5	8	802	2595	0	1
2578	8	3	4	3063	0	1
2578	8	4	67	3057	0	1
2578	9	0	2	3067	0	1
2578	12	24	1	3066	0	1
2578	13	8	7	3064	0	1
2578	13	13	15	3066	0	1
2578	14	20	77	3022	0	1
2579	3	15	51	3025	0	1
2579	4	24	166	3010	0	1
2579	5	5	475	2850	0	1
2579	6	6	494	2738	0	1
2579	7	31	7	3065	0	1
2579	8	0	246	3043	0	1
2579	9	6	45	3065	0	1
2579	9	9	112	2994	0	1
2579	11	22	1225	2594	0	1
2579	16	31	39	3050	0	1
2580	0	14	10	3068	0	1
2580	0	30	1938	1813	0	1
2580	1	24	2	3069	0	1
2580	2	3	3	3067	0	1
2580	3	4	23	3065	0	1
2580	3	14	427	2795	0	1
2580	3	30	200	3018	0	1
2580	4	3	36	3066	0	1
2580	4	28	6	3069	0	1
2580	5	4	1	3066	0	1
2580	5	8	953	2525	0	1
2580	5	24	2	3065	0	1
2580	5	28	233	2923	0	1
2580	6	8	2	3065	0	1
2580	7	31	15	3062	0	1
2580	8	3	4	3063	0	1
2580	8	5	3	3065	0	1
2580	10	22	10	3059	0	1
2580	12	24	1	3066	0	1
2580	13	8	7	3064	0	1
2580	14	28	1	3066	0	1
2581	0	19	37	3063	0	1
2581	1	13	15	3072	0	1
2581	1	16	22	3066	0	1
2581	1	22	20	3070	0	1
2581	2	14	12	3063	0	1
2581	3	3	53	3069	0	1
2581	3	15	2	3069	0	1
2581	5	3	10	3066	0	1
2581	5	5	51	3026	0	1
2581	6	13	12	3063	0	1
2581	7	15	233	2923	0	1
2581	8	0	113	3050	0	1
2581	8	4	18	3063	0	1
2581	11	11	33	3040	0	1
2581	13	9	33	3040	0	1
2582	2	12	8	3067	0	1
2582	3	12	12	3066	0	1
2582	4	4	10	3069	0	1
2582	4	24	4	3069	0	1
2582	5	24	827	2778	0	1
2582	6	8	2	3065	0	1
2582	9	0	64	3071	0	1
2582	9	6	45	3065	0	1
2582	11	22	1225	2594	0	1
2583	0	29	38	3067	0	1
2583	1	13	87	3054	0	1
2583	3	17	1	3066	0	1
2583	5	5	475	2850	0	1
2583	9	9	233	2923	0	1
2583	11	5	1223	2595	0	1
2583	13	11	1	3066	0	1
2596	0	8	917	2651	0	1
2596	0	22	1251	2404	0	1
2596	0	25	100	3023	0	1
2596	0	26	29	3055	0	1
2596	0	27	149	2986	0	1
2596	1	0	36	3067	0	1
2596	1	20	316	2932	0	1
2596	2	26	27	3065	0	1
2596	2	30	27	3065	0	1
2596	4	12	8	3067	0	1
2596	4	27	6	3070	0	1
2596	6	22	10	3061	0	1
2596	6	26	6	3064	0	1
2596	7	0	17	3062	0	1
2596	7	20	13	3062	0	1
2596	8	8	431	2704	0	1
2596	8	22	188	2952	0	1
2596	9	0	233	2923	0	1
2596	9	20	124	2991	0	1
2596	10	12	1	3068	0	1
2596	10	22	496	2788	0	1
2596	10	25	147	2958	0	1
2596	10	26	2	3065	0	1
2596	10	27	63	3012	0	1
2596	10	30	21	3056	0	1
2596	11	0	726	2698	0	1
2596	11	20	284	2860	0	1
2596	12	22	1505	2197	0	1
2596	12	26	700	2562	0	1
2596	13	0	1955	2040	0	1
2596	13	20	835	2463	0	1
2596	14	22	3	3066	0	1
2596	14	30	3	3065	0	1
2596	15	0	3	3066	0	1
2596	15	20	2	3066	0	1
2597	0	11	242	3041	0	1
2597	0	16	1646	2061	0	1
2597	0	17	1646	2061	0	1
2597	0	21	1640	2086	0	1
2597	0	24	151	2984	0	1
2597	0	25	149	3052	0	1
2597	0	26	93	3040	0	1
2597	0	29	239	3038	0	1
2597	1	3	29	3067	0	1
2597	1	19	54	3061	0	1
2597	2	16	224	3038	0	1
2597	2	17	224	3038	0	1
2597	2	25	209	3040	0	1
2597	2	29	224	3038	0	1
2597	3	3	25	3063	0	1
2597	3	7	49	3062	0	1
2597	3	19	45	3056	0	1
2597	4	16	86	3073	0	1
2597	4	25	86	3073	0	1
2597	4	29	86	3073	0	1
2597	5	3	23	3070	0	1
2597	5	7	90	3077	0	1
2597	5	19	63	3068	0	1
2597	6	11	1	3068	0	1
2597	6	15	15	3072	0	1
2597	6	17	10	3061	0	1
2597	6	21	10	3061	0	1
2597	8	21	233	2923	0	1
2597	10	21	726	2698	0	1
2597	10	24	53	3018	0	1
2597	10	25	16	3061	0	1
2597	10	26	199	2932	0	1
2597	10	29	8	3063	0	1
2597	11	3	8	3063	0	1
2597	11	19	22	3058	0	1
2597	12	15	71	3036	0	1
2597	12	16	2136	1870	0	1
2597	12	17	2136	1870	0	1
2597	12	21	1955	2040	0	1
2597	12	24	164	2925	0	1
2597	12	25	12	3061	0	1
2597	12	29	8	3063	0	1
2597	13	3	8	3063	0	1
2597	13	19	28	3053	0	1
2597	14	16	1908	2009	0	1
2597	14	17	1908	2009	0	1
2597	14	21	3	3066	0	1
2597	14	25	1908	2009	0	1
2597	14	29	1908	2009	0	1
2597	15	3	1908	2009	0	1
2597	15	19	1121	2294	0	1
2598	0	1	23	3064	0	1
2598	0	31	236	2991	0	1
2598	1	17	38	3056	0	1
2598	1	26	17	3062	0	1
2598	1	30	228	2986	0	1
2598	2	1	327	3035	0	1
2598	2	29	42	3064	0	1
2598	2	30	252	2993	0	1
2598	2	31	380	2935	0	1
2598	3	15	704	2548	0	1
2598	4	13	3	3069	0	1
2598	4	29	7	3067	0	1
2598	5	15	7	3068	0	1
2598	5	29	92	3077	0	1
2598	6	29	1	3068	0	1
2598	7	13	10	3065	0	1
2598	7	29	3	3065	0	1
2598	8	29	65	3036	0	1
2598	9	29	203	2943	0	1
2598	10	13	233	2923	0	1
2598	11	29	233	2923	0	1
2599	1	16	12	3068	0	1
2599	2	0	3	3067	0	1
2599	2	28	42	3064	0	1
2599	2	29	32	3064	0	1
2599	2	30	412	2924	0	1
2599	3	0	2	3065	0	1
2599	3	14	934	2371	0	1
2599	4	12	3	3069	0	1
2599	4	28	7	3067	0	1
2599	5	14	7	3068	0	1
2599	5	28	13	3067	0	1
2599	6	12	1	3066	0	1
2599	6	16	434	2807	0	1
2599	6	17	68	3040	0	1
2599	8	28	65	3036	0	1
2599	9	28	203	2943	0	1
2599	10	12	121	2985	0	1
2599	11	28	167	2960	0	1
2599	13	30	99	3054	0	1
2599	14	30	2	3066	0	1
2600	0	1	6	3065	0	1
2600	0	2	23	3064	0	1
2600	0	12	158	3019	0	1
2600	0	28	344	2906	0	1
2600	1	12	483	2805	0	1
2600	1	17	38	3056	0	1
2600	1	28	485	2803	0	1
2600	2	2	17	3066	0	1
2600	2	12	485	2803	0	1
2600	2	28	485	2803	0	1
2600	2	29	39	3065	0	1
2600	2	30	42	3064	0	1
2600	3	1	2	3065	0	1
2600	3	2	2	3065	0	1
2600	3	12	301	2910	0	1
2600	4	13	3	3069	0	1
2600	4	14	3	3069	0	1
2600	6	17	57	3046	0	1
2600	6	18	41	3050	0	1
2600	6	30	1	3068	0	1
2600	7	30	3	3065	0	1
2600	8	30	65	3036	0	1
2600	9	30	149	2975	0	1
2600	10	14	120	2990	0	1
2600	11	30	230	2924	0	1
2601	1	13	446	2908	0	1
2601	1	16	16	3068	0	1
2601	1	26	99	3054	0	1
2601	3	13	919	2403	0	1
2601	5	31	6	3068	0	1
2601	6	19	434	2807	0	1
2601	6	31	2	3068	0	1
2601	7	15	8	3064	0	1
2601	7	31	1	3066	0	1
2601	8	31	3	3067	0	1
2601	13	30	99	3054	0	1
2602	1	3	54	3059	0	1
2602	1	13	951	2762	0	1
2602	2	27	2	3067	0	1
2602	3	11	4	3069	0	1
2602	3	15	796	2830	0	1
2602	4	5	3	3066	0	1
2602	4	25	51	3065	0	1
2602	4	27	824	2681	0	1
2602	5	5	4	3069	0	1
2602	5	14	7	3068	0	1
2602	6	7	10	3069	0	1
2602	6	27	25	3057	0	1
2602	6	28	3	3067	0	1
2602	7	12	7	3065	0	1
2602	7	27	325	2991	0	1
2602	7	28	2	3066	0	1
2602	10	7	18	3063	0	1
2602	14	27	1187	2406	0	1
2602	14	30	2	3066	0	1
2602	14	31	76	3027	0	1
2603	0	1	20	3062	0	1
2603	0	6	234	3037	0	1
2603	0	15	158	3019	0	1
2603	0	26	38	3056	0	1
2603	0	28	10	3068	0	1
2603	0	31	344	2906	0	1
2603	1	15	483	2805	0	1
2603	1	17	21	3069	0	1
2603	1	27	99	3054	0	1
2603	1	31	485	2803	0	1
2603	2	0	165	3030	0	1
2603	2	1	327	3035	0	1
2603	2	14	11	3070	0	1
2603	2	15	485	2803	0	1
2603	2	24	1078	2498	0	1
2603	2	31	485	2803	0	1
2603	3	1	2	3065	0	1
2603	3	15	301	2910	0	1
2603	3	24	8	3064	0	1
2603	4	6	2	3065	0	1
2603	4	20	435	2888	0	1
2603	4	29	7	3067	0	1
2603	5	29	92	3077	0	1
2603	6	0	14	3067	0	1
2603	6	4	2	3065	0	1
2603	6	16	3	3066	0	1
2603	6	17	9	3064	0	1
2603	6	30	88	3006	0	1
2603	7	13	10	3065	0	1
2603	8	16	156	3043	0	1
2603	10	13	80	3019	0	1
2603	11	24	1	3067	0	1
2603	11	29	143	2979	0	1
2603	13	14	22	3055	0	1
2603	14	14	8	3063	0	1
2603	14	16	5	3066	0	1
2603	15	12	1	3066	0	1
2604	0	2	37	3063	0	1
2604	0	26	10	3064	0	1
2604	1	13	5	3071	0	1
2604	2	15	8	3071	0	1
2604	2	19	44	3069	0	1
2604	2	25	29	3057	0	1
2604	3	2	173	2964	0	1
2604	3	18	257	2983	0	1
2604	3	25	189	3021	0	1
2604	4	9	1132	2444	0	1
2604	4	17	2	3066	0	1
2604	4	24	475	2850	0	1
2604	4	25	9	3058	0	1
2604	4	26	8	3059	0	1
2604	5	9	2382	1501	0	1
2604	5	12	8	3068	0	1
2604	5	13	9	3067	0	1
2604	6	4	1	3066	0	1
2604	6	6	2	3066	0	1
2604	6	14	691	2749	0	1
2604	6	15	912	2647	0	1
2604	6	16	4	3067	0	1
2604	6	17	4	3067	0	1
2604	6	30	2382	1501	0	1
2604	6	31	93	3004	0	1
2604	7	8	19	3065	0	1
2604	7	9	23	3064	0	1
2604	8	16	1	3067	0	1
2604	8	17	2	3066	0	1
2604	9	31	18	3059	0	1
2604	10	4	156	3043	0	1
2604	11	30	29	3053	0	1
2604	11	31	2	3065	0	1
2604	12	9	2	3066	0	1
2604	12	14	20	3057	0	1
2604	12	30	8	3063	0	1
2604	12	31	4	3066	0	1
2604	14	14	4	3063	0	1
2604	14	25	3	3068	0	1
2604	15	12	1	3066	0	1
2604	15	13	1	3066	0	1
2604	16	24	78	3025	0	1
2604	17	8	5	3066	0	1
2605	0	14	40	3063	0	1
2605	0	16	8	3067	0	1
2605	0	17	13	3069	0	1
2605	0	26	6	3070	0	1
2605	0	27	5	3069	0	1
2605	0	28	11	3070	0	1
2605	0	29	9	3071	0	1
2605	1	13	380	2947	0	1
2605	1	14	1372	2315	0	1
2605	1	15	529	2804	0	1
2605	1	29	731	2840	0	1
2605	2	3	14	3067	0	1
2605	2	10	37	3064	0	1
2605	2	19	434	2807	0	1
2605	2	30	564	2713	0	1
2605	3	10	38	3065	0	1
2605	4	4	3	3066	0	1
2605	4	27	912	2647	0	1
2605	4	31	84	3066	0	1
2605	5	10	23	3064	0	1
2605	5	11	20	3062	0	1
2605	6	7	2	3067	0	1
2605	6	20	522	2676	0	1
2605	6	26	26	3055	0	1
2605	7	26	226	3011	0	1
2605	8	1	23	3063	0	1
2605	8	15	423	2977	0	1
2605	8	20	631	2803	0	1
2605	9	13	52	3034	0	1
2605	10	7	38	3062	0	1
2605	10	10	1	3068	0	1
2605	10	11	1	3067	0	1
2605	10	15	2	3066	0	1
2605	10	18	1	3067	0	1
2605	10	19	3	3066	0	1
2605	10	27	1	3066	0	1
2605	10	28	233	2923	0	1
2605	10	29	141	2979	0	1
2605	11	10	8	3065	0	1
2605	11	11	1	3067	0	1
2605	11	12	134	2982	0	1
2605	11	13	233	2923	0	1
2605	12	0	770	2668	0	1
2605	12	1	1065	2393	0	1
2605	12	10	15	3060	0	1
2605	12	11	1	3067	0	1
2605	12	27	10	3063	0	1
2605	13	10	537	2654	0	1
2605	14	26	981	2490	0	1
2605	14	27	1558	2125	0	1
2605	17	10	422	2751	0	1
2606	0	7	21	3063	0	1
2606	0	23	70	3053	0	1
2606	0	27	6	3066	0	1
2606	0	28	8	3070	0	1
2606	0	29	10	3068	0	1
2606	1	13	4	3070	0	1
2606	1	16	12	3066	0	1
2606	1	28	64	3049	0	1
2606	2	1	2	3069	0	1
2606	2	15	11	3070	0	1
2606	2	25	35	3057	0	1
2606	3	3	61	3049	0	1
2606	3	10	4	3069	0	1
2606	3	19	200	3018	0	1
2606	3	25	289	2994	0	1
2606	3	28	893	2776	0	1
2606	3	30	69	3072	0	1
2606	4	17	2	3066	0	1
2606	4	23	1160	2387	0	1
2606	4	25	54	3024	0	1
2606	5	9	91	3008	0	1
2606	5	13	5	3064	0	1
2606	5	15	69	3072	0	1
2606	6	6	8	3066	0	1
2606	6	7	2	3066	0	1
2606	6	15	456	2873	0	1
2606	6	26	1078	2498	0	1
2606	6	31	97	3006	0	1
2606	7	9	9	3067	0	1
2606	7	26	8	3064	0	1
2606	8	1	2	3065	0	1
2606	8	23	489	2920	0	1
2606	9	1	125	2967	0	1
2606	10	5	66	3051	0	1
2606	10	14	2	3066	0	1
2606	10	18	3	3066	0	1
2606	11	25	4	3064	0	1
2606	12	15	3	3064	0	1
2606	12	31	8	3063	0	1
2606	13	15	8	3063	0	1
2606	13	23	1	3066	0	1
2606	14	15	5	3066	0	1
2606	15	12	11	3056	0	1
2606	15	13	1	3066	0	1
2607	0	7	10	3066	0	1
2607	0	16	8	3067	0	1
2607	0	23	15	3065	0	1
2607	0	26	6	3070	0	1
2607	0	28	10	3069	0	1
2607	0	29	4	3067	0	1
2607	1	2	28	3065	0	1
2607	1	12	951	2762	0	1
2607	1	13	1938	1813	0	1
2607	1	14	1372	2315	0	1
2607	1	28	140	3034	0	1
2607	2	1	30	3055	0	1
2607	2	10	487	2810	0	1
2607	2	19	168	3050	0	1
2607	2	23	2	3066	0	1
2607	2	26	2	3067	0	1
2607	3	14	591	2696	0	1
2607	3	28	202	2968	0	1
2607	3	30	2	3066	0	1
2607	4	26	912	2647	0	1
2607	4	27	8	3059	0	1
2607	4	30	8	3066	0	1
2607	5	4	1	3067	0	1
2607	5	9	121	2987	0	1
2607	5	10	3	3066	0	1
2607	5	14	213	3045	0	1
2607	5	22	81	3052	0	1
2607	6	7	1	3066	0	1
2607	6	15	429	2852	0	1
2607	6	26	25	3063	0	1
2607	7	9	11	3066	0	1
2607	7	22	50	3060	0	1
2607	8	0	13	3066	0	1
2607	9	12	54	3032	0	1
2607	10	18	1	3067	0	1
2607	10	21	1223	2595	0	1
2607	10	28	141	2978	0	1
2607	11	12	14	3061	0	1
2607	11	25	15	3060	0	1
2607	12	26	4	3063	0	1
2607	13	10	750	2474	0	1
2607	13	23	1	3066	0	1
2607	13	31	24	3055	0	1
2607	14	15	1	3066	0	1
2607	16	26	130	2993	0	1
2607	16	31	13	3067	0	1
2607	17	26	36	3054	0	1
2608	0	7	7	3067	0	1
2608	0	28	11	3070	0	1
2608	1	2	54	3059	0	1
2608	1	12	951	2762	0	1
2608	1	14	1372	2315	0	1
2608	1	16	8	3068	0	1
2608	1	28	776	2846	0	1
2608	2	2	14	3067	0	1
2608	2	10	487	2810	0	1
2608	2	18	49	3048	0	1
2608	2	23	2	3066	0	1
2608	2	25	19	3060	0	1
2608	3	10	2	3067	0	1
2608	3	14	486	2758	0	1
2608	3	30	69	3072	0	1
2608	4	9	1132	2444	0	1
2608	4	24	549	2631	0	1
2608	4	26	912	2647	0	1
2608	5	4	2	3065	0	1
2608	5	10	23	3064	0	1
2608	5	14	11	3065	0	1
2608	5	22	81	3052	0	1
2608	6	6	3	3066	0	1
2608	6	20	522	2676	0	1
2608	7	22	24	3063	0	1
2608	8	0	17	3063	0	1
2608	8	14	21	3056	0	1
2608	8	17	156	3043	0	1
2608	10	6	67	3057	0	1
2608	10	10	3	3066	0	1
2608	10	14	2	3066	0	1
2608	10	18	3	3066	0	1
2608	10	28	52	3033	0	1
2608	13	10	261	2860	0	1
2608	16	26	130	2993	0	1
2609	0	3	37	3063	0	1
2609	0	23	68	3056	0	1
2609	0	27	15	3070	0	1
2609	0	29	4	3069	0	1
2609	1	13	5	3071	0	1
2609	1	16	12	3066	0	1
2609	2	15	11	3070	0	1
2609	2	19	53	3069	0	1
2609	3	3	232	2917	0	1
2609	3	19	283	2971	0	1
2609	4	4	3	3066	0	1
2609	4	17	2	3066	0	1
2609	4	21	3	3067	0	1
2609	4	23	11	3072	0	1
2609	4	25	475	2850	0	1
2609	4	30	7	3067	0	1
2609	5	9	2382	1501	0	1
2609	5	13	9	3067	0	1
2609	5	15	1	3066	0	1
2609	6	5	2	3065	0	1
2609	6	7	2	3066	0	1
2609	6	17	4	3067	0	1
2609	8	1	8	3063	0	1
2609	8	14	423	2977	0	1
2609	8	17	26	3053	0	1
2609	9	1	31	3055	0	1
2609	9	31	8	3063	0	1
2609	10	5	156	3043	0	1
2609	10	21	1223	2595	0	1
2609	11	25	2	3065	0	1
2609	11	31	8	3063	0	1
2609	12	9	7	3064	0	1
2609	12	15	8	3063	0	1
2609	12	31	8	3063	0	1
2609	13	23	1	3066	0	1
2609	13	25	35	3055	0	1
2609	15	9	129	2994	0	1
2609	15	13	1	3066	0	1
2610	0	7	234	3037	0	1
2610	0	14	27	3070	0	1
2610	0	23	74	3057	0	1
2610	0	27	16	3071	0	1
2610	0	29	10	3068	0	1
2610	1	2	22	3061	0	1
2610	1	12	673	2850	0	1
2610	1	13	1938	1813	0	1
2610	1	16	3	3064	0	1
2610	2	1	165	3030	0	1
2610	2	15	11	3070	0	1
2610	2	18	434	2807	0	1
2610	2	25	37	3055	0	1
2610	2	26	2	3067	0	1
2610	3	10	38	3065	0	1
2610	3	14	420	2796	0	1
2610	3	19	200	3018	0	1
2610	3	28	251	2933	0	1
2610	4	7	1	3066	0	1
2610	4	23	7	3072	0	1
2610	4	24	51	3065	0	1
2610	4	26	209	2968	0	1
2610	4	27	6	3061	0	1
2610	4	30	84	3066	0	1
2610	5	4	1	3067	0	1
2610	5	14	213	3045	0	1
2610	5	15	2	3066	0	1
2610	5	22	81	3052	0	1
2610	6	6	10	3069	0	1
2610	6	7	2	3066	0	1
2610	6	15	912	2647	0	1
2610	6	17	4	3067	0	1
2610	6	31	2382	1501	0	1
2610	7	9	23	3064	0	1
2610	7	22	54	3057	0	1
2610	7	26	343	2978	0	1
2610	8	1	7	3064	0	1
2610	8	17	72	3044	0	1
2610	10	6	18	3063	0	1
2610	11	25	8	3063	0	1
2610	13	15	8	3063	0	1
2610	13	23	1	3066	0	1
2610	13	31	8	3063	0	1
2610	14	15	8	3063	0	1
2610	14	17	4	3067	0	1
2611	0	14	22	3069	0	1
2611	0	16	8	3067	0	1
2611	0	23	74	3057	0	1
2611	0	26	6	3070	0	1
2611	0	27	38	3056	0	1
2611	0	28	11	3070	0	1
2611	1	2	28	3065	0	1
2611	1	12	947	2765	0	1
2611	2	1	20	3059	0	1
2611	2	10	10	3067	0	1
2611	2	19	45	3067	0	1
2611	2	23	2	3066	0	1
2611	2	25	1078	2498	0	1
2611	3	14	796	2830	0	1
2611	3	25	8	3064	0	1
2611	3	28	893	2776	0	1
2611	3	30	1	3067	0	1
2611	4	7	2	3065	0	1
2611	4	21	435	2888	0	1
2611	4	23	1160	2387	0	1
2611	4	26	640	2787	0	1
2611	4	27	8	3059	0	1
2611	4	30	5	3066	0	1
2611	5	4	6	3067	0	1
2611	5	10	14	3069	0	1
2611	5	14	25	3063	0	1
2611	5	15	69	3072	0	1
2611	5	22	63	3057	0	1
2611	6	1	14	3067	0	1
2611	6	7	2	3066	0	1
2611	6	26	1078	2498	0	1
2611	6	31	91	3002	0	1
2611	7	26	8	3064	0	1
2611	8	0	23	3063	0	1
2611	8	1	8	3063	0	1
2611	8	14	64	3049	0	1
2611	9	1	31	3055	0	1
2611	9	12	130	2993	0	1
2611	10	10	3	3066	0	1
2611	10	26	1	3066	0	1
2611	10	28	233	2923	0	1
2611	11	10	7	3064	0	1
2611	11	12	233	2923	0	1
2611	12	0	1955	2040	0	1
2611	12	9	2	3066	0	1
2611	12	10	8	3063	0	1
2611	12	15	2	3065	0	1
2611	12	26	8	3063	0	1
2611	12	31	2	3065	0	1
2611	13	10	750	2474	0	1
2611	14	17	5	3066	0	1
2611	14	26	1908	2009	0	1
2612	0	19	7	3068	0	1
2612	0	31	863	2673	0	1
2612	1	9	214	3048	0	1
2612	2	4	34	3061	0	1
2612	2	5	45	3038	0	1
2612	2	9	1087	2581	0	1
2612	2	11	778	2793	0	1
2612	2	17	305	2950	0	1
2612	2	19	966	2722	0	1
2612	2	28	162	3009	0	1
2612	3	2	110	3035	0	1
2612	3	6	82	3056	0	1
2612	3	8	1177	2613	0	1
2612	3	9	1112	2470	0	1
2612	3	12	711	2694	0	1
2612	3	14	165	3030	0	1
2612	3	19	105	3002	0	1
2612	4	28	3	3068	0	1
2612	4	30	4	3066	0	1
2612	5	0	23	3062	0	1
2612	5	1	1	3068	0	1
2612	5	19	5	3070	0	1
2612	6	10	3	3068	0	1
2612	6	14	1	3066	0	1
2612	6	16	3	3068	0	1
2612	6	21	5	3068	0	1
2612	7	5	12	3064	0	1
2612	7	10	5	3069	0	1
2612	7	11	1	3066	0	1
2612	7	13	12	3066	0	1
2612	7	16	6	3067	0	1
2612	7	20	3	3068	0	1
2612	7	22	14	3067	0	1
2612	8	3	3	3064	0	1
2612	8	8	2	3066	0	1
2612	8	14	4	3064	0	1
2612	8	18	14	3058	0	1
2612	8	22	224	2925	0	1
2612	9	13	750	2474	0	1
2612	10	6	26	3058	0	1
2612	10	9	1	3066	0	1
2612	10	10	536	2649	0	1
2612	10	13	28	3056	0	1
2612	10	18	30	3054	0	1
2612	10	19	4	3067	0	1
2612	10	20	327	2809	0	1
2612	10	22	537	2626	0	1
2612	10	25	924	2480	0	1
2612	10	26	1	3067	0	1
2612	11	9	6	3065	0	1
2612	11	13	1325	2338	0	1
2612	11	18	1075	2403	0	1
2612	11	22	20	3057	0	1
2612	12	19	20	3051	0	1
2612	12	28	20	3051	0	1
2612	15	10	2	3066	0	1
2612	15	13	1	3066	0	1
2613	0	21	912	2647	0	1
2613	0	22	1078	2498	0	1
2613	0	26	10	3062	0	1
2613	1	18	206	3019	0	1
2613	2	4	14	3071	0	1
2613	2	6	42	3055	0	1
2613	2	7	353	2779	0	1
2613	2	11	1022	2676	0	1
2613	2	28	175	3010	0	1
2613	2	30	88	3043	0	1
2613	3	1	291	2906	0	1
2613	3	4	10	3062	0	1
2613	3	9	125	2986	0	1
2613	3	12	2	3065	0	1
2613	3	14	28	3053	0	1
2613	3	15	960	2683	0	1
2613	3	19	814	2631	0	1
2613	3	30	6	3065	0	1
2613	4	28	4	3068	0	1
2613	4	31	196	3060	0	1
2613	5	2	22	3065	0	1
2613	5	12	51	3069	0	1
2613	5	16	3	3069	0	1
2613	5	23	3	3069	0	1
2613	6	1	2	3066	0	1
2613	6	3	3	3067	0	1
2613	6	10	2	3068	0	1
2613	6	16	2	3068	0	1
2613	6	19	515	2930	0	1
2613	6	20	1	3068	0	1
2613	6	21	6	3068	0	1
2613	6	22	11	3061	0	1
2613	6	27	1	3067	0	1
2613	6	31	2	3068	0	1
2613	7	4	1	3068	0	1
2613	7	8	3	3066	0	1
2613	7	10	4	3069	0	1
2613	7	15	3	3065	0	1
2613	8	1	4	3067	0	1
2613	8	3	3	3064	0	1
2613	8	21	122	2997	0	1
2613	8	31	8	3063	0	1
2613	9	10	57	3040	0	1
2613	9	20	8	3063	0	1
2613	10	6	2	3066	0	1
2613	10	13	31	3055	0	1
2613	10	20	512	2666	0	1
2613	10	21	865	2367	0	1
2613	10	25	1078	2382	0	1
2613	10	26	3	3066	0	1
2613	10	27	8	3063	0	1
2613	11	4	7	3064	0	1
2613	11	10	381	2770	0	1
2613	11	23	33	3040	0	1
2613	12	11	1	3066	0	1
2613	12	30	493	2770	0	1
2613	13	28	126	2989	0	1
2613	14	7	2	3066	0	1
2613	14	13	3	3066	0	1
2613	15	13	1	3066	0	1
2614	0	27	234	3037	0	1
2614	2	4	707	2698	0	1
2614	2	8	1265	2524	0	1
2614	2	16	313	2943	0	1
2614	2	28	33	3055	0	1
2614	3	0	82	3033	0	1
2614	3	3	112	3023	0	1
2614	3	13	492	2824	0	1
2614	3	14	242	2898	0	1
2614	3	18	579	2771	0	1
2614	4	30	3	3069	0	1
2614	4	31	2	3065	0	1
2614	5	1	138	3072	0	1
2614	5	14	93	3075	0	1
2614	5	18	4	3069	0	1
2614	5	22	3	3069	0	1
2614	6	11	3	3068	0	1
2614	6	13	3	3066	0	1
2614	6	17	1	3068	0	1
2614	6	20	4	3067	0	1
2614	6	23	13	3060	0	1
2614	6	24	3	3066	0	1
2614	7	2	1	3066	0	1
2614	7	4	13	3063	0	1
2614	7	10	1	3066	0	1
2614	7	11	3	3068	0	1
2614	7	14	2	3066	0	1
2614	7	30	2	3066	0	1
2614	8	6	4	3067	0	1
2614	8	9	2	3066	0	1
2614	8	13	215	2889	0	1
2614	8	23	246	2910	0	1
2614	9	2	666	2500	0	1
2614	9	4	396	2754	0	1
2614	9	8	22	3059	0	1
2614	10	12	7	3063	0	1
2614	10	19	5	3066	0	1
2614	10	23	865	2367	0	1
2614	10	24	666	2642	0	1
2614	10	26	8	3063	0	1
2614	11	8	3	3065	0	1
2614	11	21	3	3065	0	1
2614	11	22	10	3060	0	1
2614	12	8	164	2926	0	1
2614	13	18	255	2905	0	1
2614	13	27	347	2787	0	1
2615	0	20	499	2831	0	1
2615	0	23	20	3060	0	1
2615	0	30	912	2647	0	1
2615	1	19	10	3068	0	1
2615	2	3	1106	2623	0	1
2615	2	6	536	2616	0	1
2615	2	14	224	3038	0	1
2615	2	17	39	3062	0	1
2615	2	27	475	2850	0	1
2615	2	31	3	3064	0	1
2615	3	0	268	2930	0	1
2615	3	3	48	3053	0	1
2615	3	14	693	2776	0	1
2615	3	27	827	2778	0	1
2615	3	31	106	3033	0	1
2615	4	22	3	3068	0	1
2615	4	29	24	3066	0	1
2615	4	31	111	3074	0	1
2615	5	17	3	3069	0	1
2615	6	6	3	3068	0	1
2615	6	8	231	3044	0	1
2615	6	12	3	3066	0	1
2615	6	13	2	3066	0	1
2615	6	14	234	2992	0	1
2615	6	23	11	3061	0	1
2615	6	24	1	3067	0	1
2615	6	30	2	3068	0	1
2615	7	0	1	3067	0	1
2615	7	8	1	3067	0	1
2615	7	9	2	3066	0	1
2615	8	9	1	3067	0	1
2615	8	12	147	2951	0	1
2615	8	14	15	3060	0	1
2615	8	20	113	3004	0	1
2615	8	21	3	3064	0	1
2615	8	26	277	2857	0	1
2615	8	30	8	3063	0	1
2615	9	21	8	3063	0	1
2615	10	11	230	2888	0	1
2615	10	14	3	3068	0	1
2615	10	19	8	3063	0	1
2615	10	20	537	2626	0	1
2615	10	21	287	2837	0	1
2615	10	26	5	3066	0	1
2615	10	27	3	3066	0	1
2615	10	30	1211	2265	0	1
2615	11	10	6	3065	0	1
2615	11	11	235	2883	0	1
2615	11	15	7	3064	0	1
2615	11	21	8	3063	0	1
2615	15	6	13	3062	0	1
2615	15	25	5	3066	0	1
2615	15	30	1	3066	0	1
2616	0	19	7	3068	0	1
2616	0	21	912	2647	0	1
2616	0	31	917	2651	0	1
2616	1	9	23	3064	0	1
2616	2	2	239	2934	0	1
2616	2	4	39	3062	0	1
2616	2	5	66	3028	0	1
2616	2	6	42	3055	0	1
2616	2	7	217	2888	0	1
2616	2	9	1169	2587	0	1
2616	2	11	207	2984	0	1
2616	2	15	25	3063	0	1
2616	2	16	39	3062	0	1
2616	2	19	221	2959	0	1
2616	2	28	175	3010	0	1
2616	2	30	3	3064	0	1
2616	3	1	322	2905	0	1
2616	3	2	110	3035	0	1
2616	3	6	221	2982	0	1
2616	3	9	149	2969	0	1
2616	3	12	606	2755	0	1
2616	3	25	681	2878	0	1
2616	3	30	106	3033	0	1
2616	4	6	95	3075	0	1
2616	4	23	2	3068	0	1
2616	4	28	4	3068	0	1
2616	4	30	4	3066	0	1
2616	4	31	3	3069	0	1
2616	5	2	3	3068	0	1
2616	5	19	3	3070	0	1
2616	6	1	2	3066	0	1
2616	6	3	1	3067	0	1
2616	6	7	2	3068	0	1
2616	6	9	6	3066	0	1
2616	6	10	2	3067	0	1
2616	6	12	2	3066	0	1
2616	6	13	11	3070	0	1
2616	6	16	3	3068	0	1
2616	6	20	4	3068	0	1
2616	6	21	6	3068	0	1
2616	6	22	13	3060	0	1
2616	6	27	1	3067	0	1
2616	6	31	1	3067	0	1
2616	7	3	1	3066	0	1
2616	7	5	8	3064	0	1
2616	7	8	3	3066	0	1
2616	7	9	1	3067	0	1
2616	7	10	5	3069	0	1
2616	7	13	7	3064	0	1
2616	7	15	2	3066	0	1
2616	7	16	9	3067	0	1
2616	8	1	4	3067	0	1
2616	8	3	2	3065	0	1
2616	8	7	4	3067	0	1
2616	8	12	211	2891	0	1
2616	8	14	7	3064	0	1
2616	8	22	246	2910	0	1
2616	8	27	160	2939	0	1
2616	9	10	57	3040	0	1
2616	10	25	737	2588	0	1
2616	10	27	5	3066	0	1
2616	11	4	12	3068	0	1
2616	11	10	552	2633	0	1
2616	11	14	28	3058	0	1
2616	11	23	38	3050	0	1
2616	12	9	250	2873	0	1
2616	12	11	130	2993	0	1
2616	12	19	130	2993	0	1
2616	12	23	255	2905	0	1
2616	13	15	130	2993	0	1
2616	13	19	255	2905	0	1
2616	13	25	1	3066	0	1
2616	14	7	2	3066	0	1
2616	14	13	3	3066	0	1
2616	15	7	5	3066	0	1
2616	15	16	5	3066	0	1
2616	16	13	57	3041	0	1
2617	0	21	912	2647	0	1
2617	0	22	11	3065	0	1
2617	1	9	3	3069	0	1
2617	1	18	4	3070	0	1
2617	1	24	917	2651	0	1
2617	2	2	171	2964	0	1
2617	2	4	39	3062	0	1
2617	2	5	87	3015	0	1
2617	2	6	42	3055	0	1
2617	2	11	1177	2613	0	1
2617	2	19	187	2984	0	1
2617	2	26	22	3045	0	1
2617	2	30	88	3043	0	1
2617	3	0	645	2525	0	1
2617	3	1	268	2930	0	1
2617	3	2	141	3023	0	1
2617	3	6	262	2974	0	1
2617	3	14	30	3055	0	1
2617	3	15	960	2683	0	1
2617	3	19	814	2631	0	1
2617	3	25	960	2683	0	1
2617	3	26	414	2928	0	1
2617	3	30	106	3033	0	1
2617	4	6	11	3063	0	1
2617	4	23	44	3066	0	1
2617	4	28	4	3068	0	1
2617	4	30	4	3066	0	1
2617	5	1	3	3069	0	1
2617	5	15	1	3068	0	1
2617	5	16	2	3069	0	1
2617	5	19	4	3069	0	1
2617	5	23	196	3060	0	1
2617	6	7	3	3068	0	1
2617	6	9	10	3067	0	1
2617	6	14	1	3066	0	1
2617	6	20	7	3063	0	1
2617	6	21	6	3068	0	1
2617	6	22	11	3061	0	1
2617	6	27	1	3067	0	1
2617	6	31	2	3068	0	1
2617	7	3	1	3066	0	1
2617	7	4	1	3068	0	1
2617	7	5	12	3063	0	1
2617	7	7	9	3067	0	1
2617	7	8	3	3066	0	1
2617	7	9	1	3067	0	1
2617	7	10	5	3069	0	1
2617	7	11	1	3066	0	1
2617	7	16	9	3067	0	1
2617	7	20	5	3069	0	1
2617	7	22	12	3055	0	1
2617	7	31	2	3066	0	1
2617	8	13	583	2592	0	1
2617	8	15	4	3063	0	1
2617	8	21	122	2997	0	1
2617	8	31	4	3063	0	1
2617	9	3	495	2635	0	1
2617	9	11	8	3063	0	1
2617	9	29	8	3063	0	1
2617	10	6	28	3058	0	1
2617	10	10	49	3024	0	1
2617	10	18	7	3064	0	1
2617	10	20	50	3023	0	1
2617	11	9	4	3063	0	1
2617	11	11	281	2842	0	1
2617	11	13	1908	2009	0	1
2617	11	18	817	2678	0	1
2617	12	9	250	2873	0	1
2617	12	11	130	2993	0	1
2617	12	19	130	2993	0	1
2617	12	26	250	2873	0	1
2617	12	28	697	2488	0	1
2617	12	30	399	2944	0	1
2617	13	25	1	3066	0	1
2617	14	7	2	3066	0	1
2617	15	7	5	3066	0	1
2617	15	24	5	3066	0	1
2618	2	2	241	2923	0	1
2618	2	4	39	3062	0	1
2618	2	5	707	2698	0	1
2618	2	6	35	3052	0	1
2618	2	11	1177	2613	0	1
2618	2	15	22	3061	0	1
2618	2	17	313	2943	0	1
2618	2	26	29	3038	0	1
2618	2	30	88	3043	0	1
2618	3	8	1177	2613	0	1
2618	3	9	1112	2470	0	1
2618	4	23	1	3067	0	1
2618	4	28	1	3067	0	1
2618	5	1	3	3069	0	1
2618	5	16	3	3069	0	1
2618	6	1	2	3066	0	1
2618	6	9	231	3044	0	1
2618	6	13	9	3069	0	1
2618	6	25	3	3066	0	1
2618	7	4	1	3068	0	1
2618	7	7	9	3067	0	1
2618	7	11	1	3066	0	1
2618	7	13	7	3064	0	1
2618	7	15	3	3065	0	1
2618	7	31	2	3066	0	1
2618	8	1	4	3067	0	1
2618	8	7	4	3067	0	1
2618	8	8	2	3066	0	1
2618	8	18	14	3058	0	1
2618	8	20	3	3064	0	1
2618	9	13	750	2474	0	1
2618	10	10	536	2649	0	1
2618	10	13	31	3055	0	1
2618	10	18	8	3063	0	1
2618	10	19	1	3066	0	1
2618	10	20	552	2633	0	1
2618	10	26	3	3066	0	1
2618	10	31	1187	2406	0	1
2618	11	18	1908	2009	0	1
2618	11	20	8	3063	0	1
2618	15	7	5	3066	0	1
2619	0	19	7	3068	0	1
2619	0	22	1078	2498	0	1
2619	0	26	12	3063	0	1
2619	1	18	10	3068	0	1
2619	2	2	1106	2623	0	1
2619	2	4	35	3063	0	1
2619	2	5	96	3007	0	1
2619	2	6	34	3054	0	1
2619	2	7	606	2559	0	1
2619	2	9	1265	2524	0	1
2619	2	15	224	3038	0	1
2619	2	26	475	2850	0	1
2619	2	30	87	3042	0	1
2619	3	12	572	2763	0	1
2619	3	14	165	3030	0	1
2619	4	6	95	3075	0	1
2619	4	23	44	3066	0	1
2619	5	0	21	3063	0	1
2619	5	19	5	3070	0	1
2619	5	23	1	3068	0	1
2619	6	3	3	3067	0	1
2619	6	7	3	3068	0	1
2619	6	10	2	3067	0	1
2619	6	14	1	3066	0	1
2619	6	16	3	3068	0	1
2619	6	19	515	2930	0	1
2619	6	27	1	3067	0	1
2619	6	31	2	3068	0	1
2619	7	1	1	3067	0	1
2619	7	8	2	3067	0	1
2619	7	16	4	3067	0	1
2619	7	20	3	3068	0	1
2619	7	22	14	3067	0	1
2619	8	3	3	3064	0	1
2619	8	15	7	3064	0	1
2619	8	27	277	2857	0	1
2619	9	9	20	3059	0	1
2619	9	20	8	3063	0	1
2619	10	6	2	3066	0	1
2619	10	10	536	2649	0	1
2619	10	13	31	3055	0	1
2619	10	19	1	3066	0	1
2619	10	20	552	2633	0	1
2619	10	25	1078	2382	0	1
2619	10	26	3	3066	0	1
2619	10	27	8	3063	0	1
2619	10	31	1656	2147	0	1
2619	11	23	33	3040	0	1
2619	12	26	217	2900	0	1
2619	15	13	1	3066	0	1
2619	15	16	5	3066	0	1
2619	15	24	5	3066	0	1
2619	15	31	1	3066	0	1
2620	0	21	348	2921	0	1
2620	0	31	917	2651	0	1
2620	1	9	9	3062	0	1
2620	2	4	39	3062	0	1
2620	2	6	42	3055	0	1
2620	2	7	649	2522	0	1
2620	2	11	1177	2613	0	1
2620	2	16	7	3066	0	1
2620	2	19	93	3014	0	1
2620	2	26	11	3063	0	1
2620	2	30	73	3042	0	1
2620	3	6	82	3056	0	1
2620	3	8	459	2854	0	1
2620	3	9	98	3004	0	1
2620	3	12	249	2904	0	1
2620	3	15	960	2683	0	1
2620	3	19	814	2631	0	1
2620	3	25	960	2683	0	1
2620	3	26	78	3017	0	1
2620	3	30	106	3033	0	1
2620	4	23	3	3068	0	1
2620	4	28	24	3066	0	1
2620	4	30	111	3074	0	1
2620	5	0	138	3072	0	1
2620	5	1	1	3068	0	1
2620	5	2	3	3068	0	1
2620	5	12	51	3069	0	1
2620	5	23	3	3069	0	1
2620	6	3	3	3067	0	1
2620	6	9	7	3063	0	1
2620	6	10	3	3068	0	1
2620	6	12	3	3066	0	1
2620	6	13	11	3070	0	1
2620	6	16	3	3068	0	1
2620	6	19	4	3069	0	1
2620	6	20	4	3068	0	1
2620	6	31	2	3068	0	1
2620	7	5	13	3063	0	1
2620	7	7	9	3067	0	1
2620	7	8	3	3066	0	1
2620	7	11	1	3066	0	1
2620	7	16	9	3067	0	1
2620	7	20	5	3069	0	1
2620	7	31	1	3067	0	1
2620	8	8	1	3067	0	1
2620	8	12	220	2884	0	1
2620	8	13	213	2893	0	1
2620	9	5	996	2317	0	1
2620	9	11	8	3063	0	1
2620	10	18	4	3063	0	1
2620	10	19	1	3066	0	1
2620	10	20	552	2633	0	1
2620	10	26	1	3067	0	1
2620	11	11	4	3063	0	1
2620	11	13	1190	2406	0	1
2620	11	18	1325	2338	0	1
2620	12	30	174	3017	0	1
2620	13	19	255	2905	0	1
2620	13	26	697	2488	0	1
2620	13	28	255	2905	0	1
2620	15	7	5	3066	0	1
2620	15	16	5	3066	0	1
2621	0	19	2	3067	0	1
2621	0	21	912	2647	0	1
2621	0	26	234	3037	0	1
2621	0	31	917	2651	0	1
2621	1	9	23	3064	0	1
2621	2	4	39	3062	0	1
2621	2	7	649	2522	0	1
2621	2	11	1177	2613	0	1
2621	2	16	39	3062	0	1
2621	2	19	966	2722	0	1
2621	2	26	47	3027	0	1
2621	2	28	175	3010	0	1
2621	2	29	33	3055	0	1
2621	3	6	31	3052	0	1
2621	3	8	343	2910	0	1
2621	3	12	711	2694	0	1
2621	3	14	13	3060	0	1
2621	3	15	179	3000	0	1
2621	3	25	960	2683	0	1
2621	3	26	827	2778	0	1
2621	3	30	8	3065	0	1
2621	4	6	20	3065	0	1
2621	4	23	3	3068	0	1
2621	4	28	1	3067	0	1
2621	4	31	196	3060	0	1
2621	5	0	9	3066	0	1
2621	5	2	22	3065	0	1
2621	5	15	93	3075	0	1
2621	5	19	4	3070	0	1
2621	5	23	196	3060	0	1
2621	6	7	3	3068	0	1
2621	6	9	12	3066	0	1
2621	6	13	6	3068	0	1
2621	6	14	1	3066	0	1
2621	6	19	7	3072	0	1
2621	6	23	11	3074	0	1
2621	6	27	1	3067	0	1
2621	7	3	1	3066	0	1
2621	7	7	4	3066	0	1
2621	7	8	3	3066	0	1
2621	7	13	7	3064	0	1
2621	7	16	9	3067	0	1
2621	7	20	5	3069	0	1
2621	7	31	2	3066	0	1
2621	8	14	8	3063	0	1
2621	8	15	8	3063	0	1
2621	8	27	57	3040	0	1
2621	8	31	8	3063	0	1
2621	9	3	666	2500	0	1
2621	9	13	750	2474	0	1
2621	9	29	8	3063	0	1
2621	10	6	23	3056	0	1
2621	10	10	315	2812	0	1
2621	10	31	1908	2009	0	1
2621	11	4	7	3064	0	1
2621	11	11	8	3063	0	1
2621	11	13	1908	2009	0	1
2621	11	14	7	3064	0	1
2621	12	19	20	3051	0	1
2621	13	15	130	2993	0	1
2621	14	13	4	3069	0	1
2621	15	7	5	3066	0	1
2621	15	16	5	3066	0	1
2622	7	13	1	3066	0	1
2622	7	20	8	3064	0	1
2622	7	21	4	3066	0	1
2622	7	28	20	3064	0	1
2622	7	29	6	3064	0	1
2622	8	2	11	3067	0	1
2622	8	10	19	3064	0	1
2622	8	18	3	3064	0	1
2622	8	20	33	3054	0	1
2622	8	22	24	3053	0	1
2622	8	24	4	3064	0	1
2622	8	26	142	2951	0	1
2622	11	4	313	2801	0	1
2622	11	12	313	2801	0	1
2623	6	21	1	3067	0	1
2623	6	24	3	3065	0	1
2623	6	29	2	3068	0	1
2623	6	31	2	3069	0	1
2623	7	1	5	3069	0	1
2623	7	5	6	3068	0	1
2623	7	9	2	3066	0	1
2623	7	13	11	3069	0	1
2623	7	20	1	3066	0	1
2623	7	28	1	3066	0	1
2623	9	1	122	2997	0	1
2623	9	8	12	3062	0	1
2623	9	18	246	2910	0	1
2623	10	1	31	3055	0	1
2623	11	4	552	2633	0	1
2623	11	20	865	2367	0	1
2623	15	24	14	3068	0	1
2623	16	1	22	3062	0	1
2623	17	16	130	2993	0	1
2624	0	0	23	3064	0	1
2624	0	8	226	3048	0	1
2624	0	16	516	2934	0	1
2624	1	0	912	2647	0	1
2624	1	8	23	3061	0	1
2624	1	16	37	3055	0	1
2624	1	24	1078	2498	0	1
2624	2	0	149	2969	0	1
2624	2	8	1112	2470	0	1
2624	2	16	1761	1925	0	1
2624	6	0	1	3067	0	1
2624	6	2	1	3068	0	1
2624	6	8	1	3067	0	1
2624	6	16	1	3067	0	1
2624	6	23	3	3069	0	1
2624	6	24	2	3068	0	1
2624	6	26	1	3066	0	1
2624	6	28	1	3068	0	1
2624	6	29	1	3067	0	1
2624	6	30	1	3068	0	1
2624	6	31	1	3066	0	1
2624	7	29	1	3067	0	1
2624	9	0	666	2500	0	1
2624	9	16	750	2474	0	1
2624	9	26	27	3065	0	1
2624	10	0	8	3063	0	1
2624	10	16	1908	2009	0	1
2624	11	0	8	3063	0	1
2624	11	16	8	3063	0	1
2624	12	0	2595	1480	0	1
2624	14	8	2	3066	0	1
2624	14	24	4	3065	0	1
2624	15	2	3	3066	0	1
2624	15	24	1	3066	0	1
2625	0	16	10	3068	0	1
2625	6	2	1	3067	0	1
2625	6	8	2	3066	0	1
2625	7	8	1	3066	0	1
2625	7	20	2	3066	0	1
2625	7	21	3	3064	0	1
2625	7	28	4	3067	0	1
2625	7	29	8	3059	0	1
2625	8	2	9	3059	0	1
2625	8	8	4	3067	0	1
2625	8	10	1	3066	0	1
2625	8	16	100	2978	0	1
2625	8	18	117	2976	0	1
2625	8	26	285	2823	0	1
2625	10	17	552	2633	0	1
2625	15	2	5	3068	0	1
2625	16	17	46	3048	0	1
2625	17	2	65	3036	0	1
2626	0	0	234	3037	0	1
2626	0	1	25	3063	0	1
2626	0	3	234	3037	0	1
2626	0	6	1759	2032	0	1
2626	0	11	417	2721	0	1
2626	0	24	7	3068	0	1
2626	0	25	4	3065	0	1
2626	0	26	7	3068	0	1
2626	0	27	7	3068	0	1
2626	1	0	54	3061	0	1
2626	1	26	2382	1501	0	1
2626	2	0	141	3050	0	1
2626	2	1	224	3038	0	1
2626	2	2	145	3052	0	1
2626	2	3	145	3052	0	1
2626	2	6	1175	2542	0	1
2626	2	7	490	2755	0	1
2626	2	11	796	2830	0	1
2626	2	20	893	2776	0	1
2626	2	21	83	3016	0	1
2626	2	22	974	2690	0	1
2626	2	23	209	2956	0	1
2626	3	0	45	3056	0	1
2626	4	0	3	3069	0	1
2626	4	2	3	3069	0	1
2626	4	13	8	3067	0	1
2626	4	25	7	3067	0	1
2626	4	27	7	3067	0	1
2626	5	0	63	3068	0	1
2626	5	3	9	3068	0	1
2626	5	5	7	3068	0	1
2626	5	6	1	3067	0	1
2626	5	16	1	3068	0	1
2626	5	27	1	3068	0	1
2626	5	28	92	3077	0	1
2626	5	30	14	3066	0	1
2626	6	5	1	3067	0	1
2626	6	6	25	3064	0	1
2626	6	8	23	3064	0	1
2626	6	11	13	3065	0	1
2626	6	13	15	3065	0	1
2626	6	20	3	3069	0	1
2626	6	21	8	3064	0	1
2626	6	22	521	2929	0	1
2626	6	28	4	3064	0	1
2626	6	29	5	3065	0	1
2626	7	8	935	2641	0	1
2626	7	10	1	3066	0	1
2626	7	11	23	3061	0	1
2626	7	12	912	2647	0	1
2626	7	16	3	3065	0	1
2626	7	19	2382	1501	0	1
2626	7	20	2420	1491	0	1
2626	7	21	4	3067	0	1
2626	7	25	38	3057	0	1
2626	7	26	12	3062	0	1
2626	8	4	12	3063	0	1
2626	9	26	203	2943	0	1
2626	10	0	3	3066	0	1
2626	10	2	3	3066	0	1
2626	10	13	1	3068	0	1
2626	10	25	1	3066	0	1
2626	10	27	1	3066	0	1
2626	11	0	22	3058	0	1
2626	11	3	7	3064	0	1
2626	11	5	7	3064	0	1
2626	11	17	57	3040	0	1
2626	11	26	233	2923	0	1
2626	11	28	8	3063	0	1
2626	11	30	33	3057	0	1
2626	12	0	38	3052	0	1
2626	12	2	8	3063	0	1
2626	12	13	57	3040	0	1
2626	12	25	8	3063	0	1
2626	12	27	39	3051	0	1
2626	13	0	28	3053	0	1
2626	13	3	39	3051	0	1
2626	13	5	8	3063	0	1
2626	13	28	8	3063	0	1
2626	13	30	39	3051	0	1
2626	14	0	39	3051	0	1
2626	14	2	8	3063	0	1
2626	14	13	865	2367	0	1
2626	14	25	1908	2009	0	1
2626	14	27	2773	1309	0	1
2626	15	0	1121	2294	0	1
2626	15	9	1	3068	0	1
2627	0	0	23	3064	0	1
2627	0	2	23	3064	0	1
2627	0	12	191	3052	0	1
2627	0	25	677	2821	0	1
2627	0	26	10	3068	0	1
2627	1	0	316	2932	0	1
2627	1	3	1925	1823	0	1
2627	1	4	5	3071	0	1
2627	1	5	1938	1813	0	1
2627	1	17	46	3058	0	1
2627	2	0	2428	1492	0	1
2627	2	12	1112	2470	0	1
2627	2	25	1761	1925	0	1
2627	6	0	1	3066	0	1
2627	6	9	3	3066	0	1
2627	6	10	1	3067	0	1
2627	6	12	1	3068	0	1
2627	6	13	1	3068	0	1
2627	6	14	2	3068	0	1
2627	6	20	8	3066	0	1
2627	6	21	6	3068	0	1
2627	6	25	4	3068	0	1
2627	6	26	1	3068	0	1
2627	7	0	13	3062	0	1
2627	7	3	8	3065	0	1
2627	7	4	3	3068	0	1
2627	7	5	10	3065	0	1
2627	7	8	11	3069	0	1
2627	7	11	1	3066	0	1
2627	7	16	9	3067	0	1
2627	7	17	12	3062	0	1
2627	7	21	4	3067	0	1
2627	7	24	4	3067	0	1
2627	7	25	32	3056	0	1
2627	7	28	6	3068	0	1
2627	7	30	3	3065	0	1
2627	8	0	35	3058	0	1
2627	8	2	23	3063	0	1
2627	8	12	13	3062	0	1
2627	8	14	104	2978	0	1
2627	8	24	5	3066	0	1
2627	8	25	65	3036	0	1
2627	8	26	65	3036	0	1
2627	9	0	124	2991	0	1
2627	9	3	130	2993	0	1
2627	9	5	6	3063	0	1
2627	9	16	12	3062	0	1
2627	9	17	27	3065	0	1
2627	10	0	233	2923	0	1
2627	10	2	233	2923	0	1
2627	10	12	311	2789	0	1
2627	10	25	233	2923	0	1
2627	10	26	233	2923	0	1
2627	11	0	284	2860	0	1
2627	11	3	233	2923	0	1
2627	11	5	233	2923	0	1
2627	11	30	233	2923	0	1
2627	12	0	2595	1480	0	1
2627	12	2	1955	2040	0	1
2627	12	12	640	2507	0	1
2627	13	0	835	2463	0	1
2627	14	14	2	3066	0	1
2627	14	25	3	3067	0	1
2627	14	26	2	3066	0	1
2627	15	0	2	3066	0	1
2627	15	8	1	3068	0	1
2627	15	16	5	3066	0	1
2627	15	17	1	3066	0	1
2627	15	21	7	3069	0	1
2627	15	25	7	3069	0	1
2627	16	10	14	3067	0	1
2627	16	12	22	3062	0	1
2627	16	20	36	3054	0	1
2627	16	21	36	3054	0	1
2627	17	8	65	3036	0	1
2627	17	21	1	3066	0	1
2627	17	25	130	2993	0	1
2627	18	9	781	2462	0	1
2627	18	10	781	2462	0	1
2628	2	0	55	3043	0	1
2628	2	3	119	2982	0	1
2628	2	4	151	3005	0	1
2628	2	5	1	3067	0	1
2628	2	6	4	3067	0	1
2628	2	7	18	3055	0	1
2628	2	8	39	3054	0	1
2628	2	9	62	3044	0	1
2628	2	10	10	3060	0	1
2628	2	11	82	3013	0	1
2628	2	12	152	2993	0	1
2628	2	13	31	3056	0	1
2628	2	15	1	3066	0	1
2628	2	16	21	3062	0	1
2628	2	17	3	3064	0	1
2628	2	18	1	3068	0	1
2628	2	19	1	3068	0	1
2628	2	21	1	3067	0	1
2628	2	22	11	3058	0	1
2628	2	23	9	3060	0	1
2628	2	24	25	3060	0	1
2628	2	25	4	3065	0	1
2628	2	26	22	3051	0	1
2628	2	27	1	3068	0	1
2628	2	28	24	3060	0	1
2628	2	29	48	3042	0	1
2628	2	30	22	3049	0	1
2628	2	31	5	3066	0	1
2628	3	8	1	3066	0	1
2628	3	15	1	3066	0	1
2628	3	16	4	3067	0	1
2628	3	17	44	3056	0	1
2628	3	20	6	3064	0	1
2628	3	21	3	3065	0	1
2628	3	24	1	3067	0	1
2628	3	25	4	3067	0	1
2628	3	28	1	3068	0	1
2628	3	29	7	3062	0	1
2629	0	8	234	3037	0	1
2629	2	0	7	3064	0	1
2629	2	4	88	3039	0	1
2629	2	5	32	3064	0	1
2629	2	8	35	3043	0	1
2629	2	9	1	3066	0	1
2629	2	12	82	3054	0	1
2629	2	13	599	2890	0	1
2629	2	14	2	3066	0	1
2629	2	15	239	2900	0	1
2629	2	21	33	3064	0	1
2629	2	27	1	3066	0	1
2629	2	28	4	3065	0	1
2629	2	29	696	2822	0	1
2629	2	31	13	3058	0	1
2629	3	2	2	3065	0	1
2629	3	5	2	3065	0	1
2629	3	7	10	3062	0	1
2629	3	10	1	3066	0	1
2629	3	15	8	3067	0	1
2629	3	16	1	3068	0	1
2629	3	17	2	3066	0	1
2629	3	20	5	3066	0	1
2629	3	21	4	3068	0	1
2629	3	25	23	3068	0	1
2629	3	28	1	3068	0	1
2629	3	29	12	3063	0	1
2629	4	16	3	3068	0	1
2629	4	24	21	3065	0	1
2629	7	0	929	2650	0	1
2629	10	2	1	3068	0	1
2629	10	16	1	3066	0	1
2629	10	17	7	3069	0	1
2629	11	2	7	3064	0	1
2629	13	1	781	2462	0	1
2629	13	13	30	3057	0	1
2629	13	16	222	3002	0	1
2629	13	17	887	2435	0	1
2630	0	8	25	3063	0	1
2630	0	24	7	3068	0	1
2630	0	25	19	3065	0	1
2630	2	0	1	3067	0	1
2630	2	3	2	3065	0	1
2630	2	8	1	3067	0	1
2630	2	11	1	3066	0	1
2630	2	16	1	3066	0	1
2630	2	20	5	3064	0	1
2630	2	21	69	3045	0	1
2630	2	22	1	3066	0	1
2630	2	28	24	3051	0	1
2630	2	29	87	3052	0	1
2630	2	30	1	3066	0	1
2630	2	31	1	3067	0	1
2630	3	0	2	3065	0	1
2630	3	5	105	3002	0	1
2630	3	13	8	3062	0	1
2630	3	16	2	3065	0	1
2630	3	17	133	3020	0	1
2630	3	20	1	3066	0	1
2630	3	21	7	3067	0	1
2630	3	25	30	3056	0	1
2630	3	28	4	3063	0	1
2630	3	29	6	3066	0	1
2630	4	0	3	3069	0	1
2630	4	8	7	3066	0	1
2630	4	16	3	3068	0	1
2630	4	24	1	3067	0	1
2630	5	0	1	3068	0	1
2630	5	1	4	3069	0	1
2630	5	3	47	3067	0	1
2630	5	16	2	3068	0	1
2630	5	24	18	3064	0	1
2630	6	2	1	3067	0	1
2630	6	8	12	3066	0	1
2630	6	10	230	3044	0	1
2630	6	16	11	3072	0	1
2630	6	17	515	2930	0	1
2630	7	0	1	3068	0	1
2630	7	16	38	3057	0	1
2630	10	2	3	3066	0	1
2630	11	2	12	3068	0	1
2630	11	16	28	3058	0	1
2630	11	17	7	3064	0	1
2630	12	0	86	3014	0	1
2630	12	4	164	2926	0	1
2630	12	16	677	2504	0	1
2630	12	17	20	3051	0	1
2630	12	25	71	3036	0	1
2630	14	0	873	2363	0	1
2630	14	16	2773	1309	0	1
2631	2	1	42	3031	0	1
2631	2	2	7	3060	0	1
2631	2	3	2	3069	0	1
2631	2	8	1	3066	0	1
2631	2	9	11	3059	0	1
2631	2	10	4	3063	0	1
2631	2	11	34	3039	0	1
2631	2	18	9	3068	0	1
2631	2	19	3	3068	0	1
2631	2	20	9	3062	0	1
2631	2	21	74	3040	0	1
2631	2	23	4	3067	0	1
2631	2	24	42	3054	0	1
2631	2	25	1	3066	0	1
2631	2	26	39	3048	0	1
2631	2	27	1	3068	0	1
2631	2	28	9	3065	0	1
2631	2	29	106	3021	0	1
2631	2	30	9	3060	0	1
2631	2	31	2	3065	0	1
2631	3	8	707	2698	0	1
2631	3	13	33	3055	0	1
2631	3	16	8	3067	0	1
2631	3	17	72	3044	0	1
2631	3	20	2	3065	0	1
2631	3	21	14	3061	0	1
2631	3	24	12	3060	0	1
2631	3	25	59	3047	0	1
2631	3	28	2	3068	0	1
2631	3	29	13	3067	0	1
2631	5	16	2	3065	0	1
2631	5	24	93	3077	0	1
2631	11	16	2	3066	0	1
2632	0	8	47	3026	0	1
2632	0	12	30	3067	0	1
2632	0	22	817	2688	0	1
2632	0	26	891	2653	0	1
2632	0	30	891	2653	0	1
2632	1	0	817	2688	0	1
2632	1	20	601	2758	0	1
2632	2	22	64	3057	0	1
2632	2	25	645	2638	0	1
2632	2	26	64	3057	0	1
2632	2	27	234	2879	0	1
2632	2	30	64	3057	0	1
2632	3	0	1003	2413	0	1
2632	3	20	650	2613	0	1
2632	4	22	36	3056	0	1
2632	4	25	36	3056	0	1
2632	4	26	35	3055	0	1
2632	5	0	36	3056	0	1
2632	5	20	19	3063	0	1
2632	6	8	22	3054	0	1
2632	6	12	172	3018	0	1
2632	6	22	250	2873	0	1
2632	6	27	71	3029	0	1
2632	6	30	2	3065	0	1
2632	7	0	250	2873	0	1
2632	7	20	29	3046	0	1
2632	8	8	1	3068	0	1
2632	8	22	581	2898	0	1
2632	8	25	43	3046	0	1
2632	8	26	326	2954	0	1
2632	9	0	1	3066	0	1
2632	9	20	734	2672	0	1
2632	10	8	1	3068	0	1
2632	10	22	1225	2594	0	1
2632	11	0	103	3016	0	1
2632	11	20	553	2860	0	1
2632	12	22	410	2974	0	1
2632	12	25	39	3043	0	1
2632	12	26	223	2928	0	1
2632	13	0	153	3020	0	1
2632	13	20	146	3046	0	1
2632	50	14	2324	1757	0	1
2633	0	15	34	3073	0	1
2633	0	17	891	2653	0	1
2633	0	21	817	2688	0	1
2633	0	25	958	2759	0	1
2633	0	29	958	2759	0	1
2633	1	3	958	2763	0	1
2633	1	19	734	2733	0	1
2633	2	14	613	2579	0	1
2633	2	16	64	3057	0	1
2633	2	17	64	3057	0	1
2633	2	21	64	3057	0	1
2633	2	24	234	2879	0	1
2633	2	25	64	3057	0	1
2633	2	26	645	2638	0	1
2633	2	29	64	3057	0	1
2633	3	3	1003	2413	0	1
2633	3	19	650	2613	0	1
2633	4	11	1	3068	0	1
2633	4	16	36	3056	0	1
2633	4	21	36	3056	0	1
2633	6	15	1721	2281	0	1
2633	6	16	1079	2274	0	1
2633	6	17	1079	2274	0	1
2633	6	21	250	2873	0	1
2633	6	24	2	3067	0	1
2633	6	25	668	2663	0	1
2633	6	29	668	2663	0	1
2633	7	3	8	3065	0	1
2633	7	19	79	3034	0	1
2633	8	11	41	3068	0	1
2633	8	16	581	2898	0	1
2633	8	17	581	2898	0	1
2633	8	21	581	2898	0	1
2633	10	17	1225	2594	0	1
2633	10	21	1225	2594	0	1
2633	12	11	132	3051	0	1
2633	12	16	410	2974	0	1
2633	12	17	410	2974	0	1
2633	12	21	410	2974	0	1
2634	0	2	9	3066	0	1
2634	0	3	15	3062	0	1
2634	6	11	1	3067	0	1
2634	6	29	389	2699	0	1
2634	9	15	1	3066	0	1
2634	9	30	1	3066	0	1
2634	9	31	1	3066	0	1
2634	10	15	1	3066	0	1
2634	10	30	1	3066	0	1
2634	10	31	1	3066	0	1
2634	11	15	1	3066	0	1
2634	11	30	660	2557	0	1
2634	11	31	837	2425	0	1
2634	12	27	54	3033	0	1
2634	50	20	2324	1757	0	1
2634	50	21	2324	1757	0	1
2635	4	26	6	3065	0	1
2635	6	10	8	3065	0	1
2635	6	26	675	2658	0	1
2635	6	28	1797	2225	0	1
2635	8	14	1	3066	0	1
2635	9	14	580	2899	0	1
2635	9	30	1	3066	0	1
2635	10	14	1	3066	0	1
2635	10	30	2081	1907	0	1
2635	11	14	2081	1907	0	1
2635	11	30	1224	2595	0	1
2635	12	26	608	2892	0	1
2636	6	8	3	3066	0	1
2636	6	30	397	2693	0	1
2636	50	22	2324	1757	0	1
2637	0	2	15	3062	0	1
2637	4	25	5	3068	0	1
2637	4	26	6	3065	0	1
2637	6	9	97	3033	0	1
2637	6	31	1797	2225	0	1
2637	8	13	1	3066	0	1
2637	9	13	580	2899	0	1
2637	10	13	1	3066	0	1
2637	11	13	2081	1907	0	1
2637	12	25	608	2892	0	1
2637	50	20	2324	1757	0	1
2637	50	21	2324	1757	0	1
2638	0	2	5	3064	0	1
2638	0	5	62	3017	0	1
2638	1	1	17	3068	0	1
2638	1	13	1	3066	0	1
2638	1	15	4	3068	0	1
2638	4	11	58	3068	0	1
2638	5	13	38	3065	0	1
2638	5	27	2	3065	0	1
2638	6	26	675	2658	0	1
2638	7	7	1	3067	0	1
2638	8	14	1	3066	0	1
2638	8	23	522	2676	0	1
2638	9	30	1	3066	0	1
2638	10	30	2081	1907	0	1
2638	11	30	1224	2595	0	1
2638	12	23	11	3058	0	1
2639	0	0	775	2837	0	1
2639	0	2	9	3067	0	1
2639	0	12	596	2663	0	1
2639	1	0	716	2825	0	1
2639	1	2	790	2805	0	1
2639	1	12	27	3066	0	1
2639	1	18	414	2965	0	1
2639	1	28	529	2804	0	1
2639	1	30	5	3066	0	1
2639	2	0	16	3070	0	1
2639	2	8	577	2671	0	1
2639	2	10	5	3069	0	1
2639	2	18	332	2979	0	1
2639	2	28	234	2883	0	1
2639	3	14	37	3063	0	1
2639	4	6	92	3032	0	1
2639	4	10	2	3065	0	1
2639	4	16	89	3017	0	1
2639	5	16	20	3059	0	1
2639	5	22	3	3064	0	1
2639	6	4	92	3032	0	1
2639	6	6	267	2863	0	1
2639	6	28	231	3044	0	1
2639	6	29	8	3061	0	1
2639	8	14	1721	2281	0	1
2639	8	18	20	3059	0	1
2639	9	10	2	3065	0	1
2639	9	20	4	3065	0	1
2639	9	26	2	3066	0	1
2639	11	20	245	3050	0	1
2639	12	4	8	3067	0	1
2639	12	16	113	2997	0	1
2639	12	20	36	3054	0	1
2639	14	30	95	3061	0	1
2640	0	12	37	3063	0	1
2640	1	0	688	2856	0	1
2640	1	1	926	2781	0	1
2640	1	2	534	2889	0	1
2640	1	3	381	2948	0	1
2640	1	12	28	3065	0	1
2640	1	13	54	3059	0	1
2640	1	17	54	3065	0	1
2640	1	18	983	2741	0	1
2640	1	29	1372	2315	0	1
2640	1	30	3	3067	0	1
2640	1	31	3	3067	0	1
2640	2	6	45	3055	0	1
2640	2	18	908	2783	0	1
2640	2	25	951	2762	0	1
2640	4	6	92	3032	0	1
2640	4	8	415	2903	0	1
2640	4	11	2	3065	0	1
2640	4	26	22	3064	0	1
2640	5	5	8	3066	0	1
2640	5	10	95	3034	0	1
2640	6	4	92	3032	0	1
2640	6	8	3	3066	0	1
2640	6	9	3	3066	0	1
2640	6	26	20	3069	0	1
2640	7	0	15	3060	0	1
2640	7	1	17	3060	0	1
2640	7	31	601	2849	0	1
2640	8	10	13	3065	0	1
2640	8	14	1719	2281	0	1
2640	8	18	4	3066	0	1
2640	8	19	16	3060	0	1
2640	9	10	16	3071	0	1
2640	10	11	1223	2595	0	1
2640	10	23	17	3056	0	1
2640	11	0	1112	2664	0	1
2640	11	26	2181	1854	0	1
2640	11	31	2225	1828	0	1
2640	12	17	96	3008	0	1
2641	0	12	61	3049	0	1
2641	0	13	1279	2580	0	1
2641	0	18	477	2774	0	1
2641	0	19	774	2834	0	1
2641	0	28	259	2961	0	1
2641	0	31	38	3067	0	1
2641	1	0	147	3013	0	1
2641	1	1	68	3054	0	1
2641	1	12	6	3067	0	1
2641	1	13	6	3067	0	1
2641	1	14	87	3054	0	1
2641	1	15	6	3069	0	1
2641	1	16	307	2914	0	1
2641	1	17	435	2840	0	1
2641	2	28	15	3066	0	1
2641	2	29	38	3056	0	1
2641	3	12	6	3066	0	1
2641	3	13	38	3056	0	1
2641	4	1	1	3068	0	1
2641	4	6	48	3053	0	1
2641	4	16	11	3070	0	1
2641	4	20	44	3057	0	1
2641	5	1	6	3066	0	1
2641	5	4	1261	2591	0	1
2641	6	0	8	3063	0	1
2641	6	1	2	3065	0	1
2641	6	3	5	3064	0	1
2641	6	4	1362	2122	0	1
2641	6	16	130	2993	0	1
2641	6	17	130	2993	0	1
2641	7	0	781	2462	0	1
2641	7	1	781	2462	0	1
2641	8	4	143	3046	0	1
2641	8	7	118	2972	0	1
2641	8	31	64	3071	0	1
2641	9	4	6	3066	0	1
2641	9	21	156	3043	0	1
2641	12	1	94	3057	0	1
2642	0	1	17	3062	0	1
2642	0	12	46	3046	0	1
2642	0	13	690	2602	0	1
2642	1	0	175	3010	0	1
2642	1	2	38	3068	0	1
2642	1	7	9	3069	0	1
2642	1	12	10	3069	0	1
2642	1	13	23	3063	0	1
2642	1	14	12	3069	0	1
2642	1	16	814	2631	0	1
2642	1	19	281	2967	0	1
2642	1	29	399	2844	0	1
2642	1	31	8	3068	0	1
2642	2	1	16	3070	0	1
2642	2	6	3	3070	0	1
2642	2	9	1024	2397	0	1
2642	2	18	1	3068	0	1
2642	2	19	926	2781	0	1
2642	2	25	951	2762	0	1
2642	2	29	4	3067	0	1
2642	3	15	1024	2397	0	1
2642	4	6	48	3053	0	1
2642	4	7	92	3032	0	1
2642	4	9	4	3066	0	1
2642	4	11	2	3065	0	1
2642	5	3	20	3069	0	1
2642	5	7	9	3058	0	1
2642	5	17	20	3059	0	1
2642	5	23	3	3064	0	1
2642	6	5	89	3034	0	1
2642	6	7	115	2972	0	1
2642	6	19	1	3068	0	1
2642	6	29	12	3066	0	1
2642	7	1	4	3066	0	1
2642	7	13	1	3068	0	1
2642	7	19	3	3064	0	1
2642	8	3	19	3052	0	1
2642	8	19	14	3062	0	1
2642	10	3	9	3068	0	1
2642	10	21	21	3069	0	1
2642	10	23	17	3056	0	1
2642	12	5	2	3067	0	1
2642	12	22	17	3056	0	1
2642	15	3	26	3058	0	1
2643	0	1	401	2948	0	1
2643	0	3	1	3068	0	1
2643	0	12	51	3051	0	1
2643	0	13	689	2624	0	1
2643	0	18	696	2837	0	1
2643	0	30	4	3067	0	1
2643	1	1	392	2978	0	1
2643	1	3	951	2762	0	1
2643	1	7	38	3056	0	1
2643	1	16	239	2942	0	1
2643	1	17	427	2733	0	1
2643	1	19	550	2892	0	1
2643	1	29	769	2649	0	1
2643	1	31	15	3068	0	1
2643	2	1	9	3067	0	1
2643	2	9	37	3063	0	1
2643	2	18	1	3068	0	1
2643	2	28	6	3066	0	1
2643	2	29	4	3066	0	1
2643	2	31	4	3064	0	1
2643	3	12	21	3069	0	1
2643	3	15	431	2795	0	1
2643	4	0	1	3067	0	1
2643	4	6	48	3053	0	1
2643	4	9	3	3065	0	1
2643	4	10	1	3068	0	1
2643	4	15	603	2759	0	1
2643	4	16	11	3070	0	1
2643	5	0	7	3065	0	1
2643	5	7	9	3058	0	1
2643	5	12	4	3069	0	1
2643	5	16	1	3067	0	1
2643	6	0	2	3065	0	1
2643	6	2	9	3068	0	1
2643	6	7	277	2857	0	1
2643	6	16	121	2997	0	1
2643	6	29	12	3066	0	1
2643	7	1	20	3059	0	1
2643	7	19	3	3064	0	1
2643	8	3	169	2928	0	1
2643	8	15	1721	2281	0	1
2643	8	27	1	3066	0	1
2643	10	31	375	2883	0	1
2643	12	0	53	3063	0	1
2644	0	12	1279	2580	0	1
2644	1	12	10	3069	0	1
2644	1	31	8	3067	0	1
2644	2	1	9	3069	0	1
2644	2	7	78	3041	0	1
2644	2	18	1	3068	0	1
2644	2	31	4	3064	0	1
2644	4	6	48	3053	0	1
2644	4	10	58	3068	0	1
2644	4	16	11	3070	0	1
2644	5	11	95	3034	0	1
2644	5	12	38	3065	0	1
2644	5	26	2	3065	0	1
2644	6	0	8	3063	0	1
2644	6	2	1	3066	0	1
2644	6	19	1	3068	0	1
2644	6	27	17	3066	0	1
2644	7	0	530	2675	0	1
2644	7	6	3	3068	0	1
2644	8	30	11	3065	0	1
2644	9	20	156	3043	0	1
2644	12	5	2	3067	0	1
2644	12	22	17	3056	0	1
2645	0	13	37	3063	0	1
2645	1	7	38	3056	0	1
2645	1	13	54	3059	0	1
2645	1	19	663	2853	0	1
2645	2	6	10	3071	0	1
2645	2	9	880	2501	0	1
2645	2	11	1343	2525	0	1
2645	2	19	926	2781	0	1
2645	2	25	951	2762	0	1
2645	2	29	7	3067	0	1
2645	4	7	92	3032	0	1
2645	4	9	415	2903	0	1
2645	4	11	2	3065	0	1
2645	4	15	951	2762	0	1
2645	5	3	15	3070	0	1
2645	5	4	1261	2591	0	1
2645	5	5	8	3067	0	1
2645	5	7	9	3058	0	1
2645	5	17	11	3064	0	1
2645	5	23	3	3064	0	1
2645	6	2	1	3066	0	1
2645	6	5	92	3032	0	1
2645	6	16	95	3016	0	1
2645	7	1	20	3059	0	1
2645	7	19	3	3064	0	1
2645	8	3	277	2857	0	1
2645	8	11	1	3066	0	1
2645	8	15	1721	2281	0	1
2645	8	19	20	3059	0	1
2645	8	30	64	3071	0	1
2645	8	31	4	3067	0	1
2645	10	3	1	3066	0	1
2645	10	11	1223	2595	0	1
2645	10	31	1920	2058	0	1
2645	12	0	50	3057	0	1
2645	12	5	8	3067	0	1
2646	0	1	926	2781	0	1
2646	0	3	7	3068	0	1
2646	0	4	62	3017	0	1
2646	0	18	4	3064	0	1
2646	0	28	39	3055	0	1
2646	1	1	926	2781	0	1
2646	1	2	22	3069	0	1
2646	1	3	951	2762	0	1
2646	1	7	9	3066	0	1
2646	1	13	12	3070	0	1
2646	1	17	178	2918	0	1
2646	1	19	983	2741	0	1
2646	1	29	1372	2315	0	1
2646	1	31	15	3068	0	1
2646	2	1	16	3070	0	1
2646	2	9	37	3063	0	1
2646	2	11	751	2766	0	1
2646	2	19	688	2860	0	1
2646	2	29	16	3070	0	1
2646	2	31	1	3066	0	1
2646	3	15	37	3063	0	1
2646	4	15	467	2922	0	1
2646	4	16	2	3069	0	1
2646	5	3	8	3072	0	1
2646	5	7	7	3060	0	1
2646	5	17	20	3059	0	1
2646	5	23	3	3064	0	1
2646	6	0	4	3065	0	1
2646	6	5	78	3040	0	1
2646	6	7	277	2857	0	1
2646	6	16	129	2992	0	1
2646	6	19	1	3068	0	1
2646	7	0	528	2649	0	1
2646	7	6	1	3067	0	1
2646	7	13	5	3068	0	1
2646	7	19	3	3064	0	1
2646	8	3	178	2926	0	1
2646	8	4	1	3066	0	1
2646	8	15	1438	2423	0	1
2646	8	19	8	3066	0	1
2646	8	22	522	2676	0	1
2646	8	27	256	2891	0	1
2646	8	31	5	3068	0	1
2646	9	4	6	3066	0	1
2646	10	23	17	3056	0	1
2646	12	5	7	3066	0	1
2646	14	31	99	3054	0	1
2647	0	1	4	3064	0	1
2647	0	12	44	3048	0	1
2647	0	18	951	2762	0	1
2647	0	28	16	3062	0	1
2647	0	30	38	3067	0	1
2647	1	0	175	3010	0	1
2647	1	1	652	2879	0	1
2647	1	2	12	3070	0	1
2647	1	12	10	3069	0	1
2647	1	14	87	3054	0	1
2647	1	16	814	2631	0	1
2647	1	17	54	3065	0	1
2647	1	19	712	2841	0	1
2647	1	29	1342	2331	0	1
2647	2	9	7	3061	0	1
2647	2	11	5	3069	0	1
2647	2	28	38	3056	0	1
2647	2	31	4	3064	0	1
2647	3	12	38	3056	0	1
2647	4	0	3	3067	0	1
2647	4	15	951	2762	0	1
2647	4	16	11	3070	0	1
2647	5	0	13	3063	0	1
2647	5	3	15	3070	0	1
2647	5	5	8	3067	0	1
2647	5	16	1	3067	0	1
2647	6	0	8	3063	0	1
2647	6	5	92	3032	0	1
2647	6	9	3	3066	0	1
2647	6	16	130	2993	0	1
2647	6	19	1	3068	0	1
2647	6	29	231	3044	0	1
2647	7	0	781	2462	0	1
2647	7	1	12	3061	0	1
2647	7	31	1445	2486	0	1
2647	8	3	244	2874	0	1
2647	8	4	1	3066	0	1
2647	8	11	1	3066	0	1
2647	8	19	15	3061	0	1
2647	8	27	1	3066	0	1
2647	8	30	12	3066	0	1
2647	9	11	16	3071	0	1
2647	10	3	1	3066	0	1
2647	10	23	17	3056	0	1
2647	11	1	1112	2664	0	1
2647	11	21	245	3050	0	1
2647	11	27	2181	1854	0	1
2647	11	31	2225	1828	0	1
2647	12	0	99	3054	0	1
2647	14	31	99	3054	0	1
2648	0	1	1	3066	0	1
2648	0	5	2	3068	0	1
2648	0	7	14	3067	0	1
2648	0	15	630	2856	0	1
2648	0	23	947	2765	0	1
2648	0	30	2	3069	0	1
2648	1	4	7	3064	0	1
2648	1	14	246	2998	0	1
2648	1	16	25	3072	0	1
2648	1	19	52	3064	0	1
2648	1	24	936	2557	0	1
2648	1	25	9	3066	0	1
2648	2	9	415	2903	0	1
2648	2	19	63	3016	0	1
2648	2	26	54	3065	0	1
2648	2	28	51	3065	0	1
2648	3	1	6	3068	0	1
2648	4	1	4	3068	0	1
2648	4	3	1	3066	0	1
2648	4	12	12	3069	0	1
2648	4	13	8	3063	0	1
2648	4	21	3	3066	0	1
2648	5	3	9	3070	0	1
2648	5	10	4	3066	0	1
2648	5	20	9	3062	0	1
2648	6	30	3	3064	0	1
2648	7	10	9	3058	0	1
2648	8	21	1	3066	0	1
2648	9	9	41	3066	0	1
2648	9	18	7	3066	0	1
2648	9	22	367	2890	0	1
2648	9	24	2	3066	0	1
2648	9	27	996	2742	0	1
2648	9	29	1	3066	0	1
2648	10	3	1225	2594	0	1
2648	11	18	23	3060	0	1
2648	11	24	2225	1828	0	1
2648	12	22	1112	2664	0	1
2649	0	5	73	3062	0	1
2649	0	6	2	3069	0	1
2649	0	10	1	3066	0	1
2649	0	15	922	2784	0	1
2649	0	18	1	3066	0	1
2649	0	28	32	3069	0	1
2649	1	9	2	3066	0	1
2649	1	17	4	3064	0	1
2649	1	21	1	3066	0	1
2649	1	26	20	3077	0	1
2649	2	9	1	3066	0	1
2649	4	3	1	3066	0	1
2649	4	14	45	3047	0	1
2649	4	20	4	3068	0	1
2649	4	21	6	3065	0	1
2649	5	0	4	3068	0	1
2649	6	11	1028	2656	0	1
2649	6	29	1619	2321	0	1
2649	6	30	2261	1776	0	1
2649	7	1	5	3066	0	1
2649	9	10	244	3051	0	1
2649	10	10	1225	2594	0	1
2649	10	18	3	3066	0	1
2649	11	27	1225	2594	0	1
2649	13	8	548	2894	0	1
2649	13	9	87	3061	0	1
2650	0	4	1	3067	0	1
2650	0	7	2	3069	0	1
2650	0	10	2	3067	0	1
2650	0	13	80	2992	0	1
2650	0	16	1	3066	0	1
2650	1	0	4	3067	0	1
2650	1	9	922	2784	0	1
2650	1	16	1	3066	0	1
2650	1	18	58	3054	0	1
2650	1	24	17	3067	0	1
2650	1	29	2	3065	0	1
2650	2	6	37	3063	0	1
2650	2	30	4	3067	0	1
2650	3	6	9	3066	0	1
2650	4	12	8	3063	0	1
2650	4	13	12	3069	0	1
2650	5	8	1	3068	0	1
2650	6	10	1445	2486	0	1
2650	6	22	472	2878	0	1
2650	7	0	8	3065	0	1
2650	8	12	1	3068	0	1
2650	8	14	8	3060	0	1
2650	10	11	1225	2594	0	1
2650	12	20	1108	2666	0	1
2650	13	11	489	2933	0	1
2650	14	11	1112	2664	0	1
2651	0	7	1	3068	0	1
2651	0	10	54	3070	0	1
2651	0	14	372	2962	0	1
2651	0	16	2	3065	0	1
2651	0	17	15	3068	0	1
2651	0	22	951	2762	0	1
2651	0	28	2	3068	0	1
2651	1	3	36	3067	0	1
2651	1	9	926	2781	0	1
2651	1	16	2	3066	0	1
2651	1	18	25	3061	0	1
2651	1	20	2	3069	0	1
2651	1	25	706	2699	0	1
2651	1	27	32	3068	0	1
2651	2	16	1	3066	0	1
2651	2	29	549	2631	0	1
2651	3	6	38	3056	0	1
2651	3	9	16	3070	0	1
2651	4	0	4	3068	0	1
2651	4	15	45	3047	0	1
2651	5	8	1	3068	0	1
2651	5	19	4	3066	0	1
2651	7	11	9	3058	0	1
2651	9	0	2364	1702	0	1
2651	9	1	75	3057	0	1
2651	9	11	244	3051	0	1
2651	9	21	1	3066	0	1
2651	9	26	543	2942	0	1
2651	10	0	2179	1854	0	1
2651	10	21	2225	1828	0	1
2651	12	20	1108	2666	0	1
2651	12	30	1108	2666	0	1
2652	0	7	5	3066	0	1
2652	0	12	90	2986	0	1
2652	0	15	17	3062	0	1
2652	0	23	15	3063	0	1
2652	0	28	3	3068	0	1
2652	0	30	1	3068	0	1
2652	0	31	1008	2523	0	1
2652	1	1	7	3068	0	1
2652	1	2	19	3068	0	1
2652	1	4	5	3064	0	1
2652	1	8	671	2844	0	1
2652	1	9	3	3065	0	1
2652	1	17	2	3066	0	1
2652	1	19	37	3062	0	1
2652	1	25	9	3066	0	1
2652	1	26	9	3068	0	1
2652	1	28	1	3066	0	1
2652	2	7	1024	2397	0	1
2652	2	9	4	3066	0	1
2652	2	17	1	3066	0	1
2652	2	19	27	3048	0	1
2652	2	28	549	2631	0	1
2652	2	31	16	3070	0	1
2652	3	1	6	3068	0	1
2652	3	7	21	3069	0	1
2652	4	1	4	3068	0	1
2652	4	3	1	3066	0	1
2652	4	7	4	3069	0	1
2652	4	20	4	3068	0	1
2652	4	21	13	3065	0	1
2652	5	3	6	3068	0	1
2652	6	11	1219	2594	0	1
2652	6	23	1587	2338	0	1
2652	6	29	146	3000	0	1
2652	7	23	6	3064	0	1
2652	8	13	1	3068	0	1
2652	8	15	5	3063	0	1
2652	8	21	1	3066	0	1
2652	9	0	1	3068	0	1
2652	9	1	1	3066	0	1
2652	9	10	244	3051	0	1
2652	9	11	4	3064	0	1
2652	9	27	996	2742	0	1
2652	9	29	1	3066	0	1
2652	10	18	3	3066	0	1
2652	12	31	1030	2703	0	1
2652	14	7	113	2997	0	1
2652	14	10	113	2997	0	1
2653	0	1	44	3062	0	1
2653	0	7	15	3068	0	1
2653	0	11	2	3067	0	1
2653	0	15	926	2781	0	1
2653	0	16	5	3069	0	1
2653	0	17	24	3068	0	1
2653	0	19	22	3075	0	1
2653	0	23	689	2830	0	1
2653	0	31	1372	2315	0	1
2653	1	1	5	3066	0	1
2653	1	2	36	3067	0	1
2653	1	4	7	3064	0	1
2653	1	24	1372	2315	0	1
2653	1	25	1	3066	0	1
2653	1	26	22	3075	0	1
2653	1	28	2	3065	0	1
2653	2	9	3	3065	0	1
2653	2	26	312	2785	0	1
2653	2	31	16	3070	0	1
2653	3	1	6	3068	0	1
2653	3	8	16	3070	0	1
2653	4	1	3	3067	0	1
2653	4	3	1	3066	0	1
2653	4	21	13	3065	0	1
2653	5	0	2	3068	0	1
2653	7	10	9	3058	0	1
2653	8	1	40	3067	0	1
2653	8	3	244	3051	0	1
2653	8	13	1	3068	0	1
2653	8	21	1	3066	0	1
2653	8	27	2	3066	0	1
2653	9	0	1	3068	0	1
2653	9	10	244	3051	0	1
2653	9	24	2	3066	0	1
2653	10	10	593	2842	0	1
2653	10	27	2225	1828	0	1
2653	11	10	1225	2594	0	1
2653	12	31	1108	2666	0	1
2654	0	1	24	3064	0	1
2654	0	10	1	3066	0	1
2654	0	15	926	2781	0	1
2654	0	16	15	3068	0	1
2654	0	17	24	3068	0	1
2654	0	19	22	3075	0	1
2654	0	23	951	2762	0	1
2654	0	31	1372	2315	0	1
2654	1	8	908	2787	0	1
2654	1	24	1372	2315	0	1
2654	2	9	415	2903	0	1
2654	2	26	176	2932	0	1
2654	4	1	4	3068	0	1
2654	4	3	1	3066	0	1
2654	4	12	12	3069	0	1
2654	4	13	4	3066	0	1
2654	4	14	45	3047	0	1
2654	4	20	4	3068	0	1
2654	5	0	4	3068	0	1
2654	6	29	1191	2540	0	1
2654	7	1	8	3065	0	1
2654	7	10	9	3058	0	1
2654	8	1	40	3067	0	1
2654	8	3	244	3051	0	1
2654	8	27	2	3066	0	1
2654	9	22	1920	2058	0	1
2654	9	27	996	2742	0	1
2654	9	29	1	3066	0	1
2654	10	1	2179	1854	0	1
2654	10	3	1225	2594	0	1
2654	10	20	2225	1828	0	1
2654	10	27	2225	1828	0	1
2655	0	7	15	3068	0	1
2655	0	11	2	3067	0	1
2655	0	12	41	3029	0	1
2655	0	18	815	2719	0	1
2655	0	31	1	3066	0	1
2655	1	4	7	3064	0	1
2655	1	8	926	2781	0	1
2655	1	17	4	3064	0	1
2655	1	19	52	3064	0	1
2655	1	21	2	3069	0	1
2655	1	24	396	2841	0	1
2655	1	25	7	3068	0	1
2655	2	7	37	3063	0	1
2655	2	17	1	3066	0	1
2655	2	19	63	3016	0	1
2655	2	26	54	3065	0	1
2655	2	31	16	3070	0	1
2655	3	7	38	3056	0	1
2655	3	8	16	3070	0	1
2655	4	1	1	3068	0	1
2655	4	12	5	3065	0	1
2655	4	13	8	3063	0	1
2655	4	14	24	3057	0	1
2655	5	3	9	3070	0	1
2655	5	9	1	3068	0	1
2655	6	11	1445	2486	0	1
2655	6	23	1721	2281	0	1
2655	6	29	1721	2281	0	1
2655	8	15	13	3057	0	1
2655	9	1	2364	1702	0	1
2655	9	24	2	3066	0	1
2655	10	10	1225	2594	0	1
2655	12	21	1108	2666	0	1
2655	12	22	1112	2664	0	1
2655	12	31	1108	2666	0	1
2655	13	8	1108	2666	0	1
2655	13	9	89	3066	0	1
2655	13	10	942	2774	0	1
2656	0	1	1	3066	0	1
2656	0	6	2	3069	0	1
2656	0	12	90	2986	0	1
2656	0	23	4	3064	0	1
2656	0	28	18	3070	0	1
2656	1	4	7	3064	0	1
2656	1	8	671	2844	0	1
2656	1	14	246	2998	0	1
2656	1	16	25	3072	0	1
2656	1	24	1372	2315	0	1
2656	1	26	32	3068	0	1
2656	1	28	2	3065	0	1
2656	2	19	63	3016	0	1
2656	2	31	16	3070	0	1
2656	3	7	21	3069	0	1
2656	4	20	4	3068	0	1
2656	5	18	8	3068	0	1
2656	5	20	3	3065	0	1
2656	6	11	711	2763	0	1
2656	6	29	1508	2405	0	1
2656	7	1	8	3065	0	1
2656	8	1	1	3066	0	1
2656	8	3	7	3066	0	1
2656	8	15	9	3059	0	1
2656	8	27	2	3066	0	1
2656	9	0	75	3057	0	1
2656	9	9	41	3066	0	1
2656	9	22	1887	2076	0	1
2656	9	24	2	3066	0	1
2656	11	24	2225	1828	0	1
2657	0	1	54	3063	0	1
2657	0	5	73	3062	0	1
2657	0	7	15	3068	0	1
2657	0	11	54	3070	0	1
2657	0	15	688	2856	0	1
2657	0	17	1	3066	0	1
2657	0	18	1	3066	0	1
2657	0	31	873	2593	0	1
2657	1	17	2	3065	0	1
2657	1	19	32	3056	0	1
2657	1	24	541	2779	0	1
2657	1	25	17	3067	0	1
2657	2	28	51	3065	0	1
2657	3	7	21	3069	0	1
2657	4	20	4	3068	0	1
2657	5	0	2	3067	0	1
2657	6	30	2261	1776	0	1
2657	7	1	8	3065	0	1
2657	8	1	1	3066	0	1
2657	8	3	7	3066	0	1
2657	8	13	1	3068	0	1
2657	8	27	2	3066	0	1
2657	9	18	7	3066	0	1
2657	9	20	1	3066	0	1
2657	10	18	3	3066	0	1
2657	11	18	23	3060	0	1
2657	11	27	1225	2594	0	1
2657	12	31	1108	2666	0	1
2657	14	10	1112	2664	0	1
2658	0	16	90	2986	0	1
2658	0	20	1669	2113	0	1
2658	0	24	83	2993	0	1
2658	4	18	1	3066	0	1
2658	5	0	1	3068	0	1
2658	5	8	1	3068	0	1
2658	5	18	1	3068	0	1
2658	9	4	603	2892	0	1
2658	10	12	2	3065	0	1
2659	0	2	1	3066	0	1
2659	0	10	5	3062	0	1
2659	4	16	5	3069	0	1
2659	4	18	1	3066	0	1
2659	4	26	3	3064	0	1
2659	5	1	10	3065	0	1
2659	5	4	8	3069	0	1
2659	5	5	3	3067	0	1
2659	5	8	6	3068	0	1
2659	5	13	5	3066	0	1
2659	5	18	27	3062	0	1
2659	5	19	18	3052	0	1
2659	5	26	94	3011	0	1
2659	5	27	155	2928	0	1
2659	9	0	1	3066	0	1
2659	9	12	2	3066	0	1
2659	10	2	2176	1855	0	1
2659	10	19	1225	2594	0	1
2660	0	4	3	3065	0	1
2660	0	12	3	3065	0	1
2660	1	2	12	3055	0	1
2660	1	16	1928	1934	0	1
2660	4	0	1	3068	0	1
2660	4	8	3	3067	0	1
2660	4	18	1	3066	0	1
2660	4	20	1	3068	0	1
2660	4	26	1	3066	0	1
2660	6	3	249	2872	0	1
2660	6	7	1	3068	0	1
2660	6	18	9	3058	0	1
2660	6	26	130	2993	0	1
2660	7	0	782	2461	0	1
2660	8	8	1	3066	0	1
2660	8	10	40	3067	0	1
2660	8	20	1	3067	0	1
2660	9	17	3	3067	0	1
2660	10	2	3	3066	0	1
2660	10	10	20	3052	0	1
2660	11	0	1	3068	0	1
2660	11	2	151	2977	0	1
2660	11	6	2229	1826	0	1
2660	11	16	2061	1953	0	1
2660	12	0	99	3054	0	1
2660	12	8	88	3060	0	1
2660	12	16	942	2774	0	1
2660	12	24	54	3033	0	1
2660	13	0	1108	2666	0	1
2660	13	8	84	3003	0	1
2660	13	16	91	2996	0	1
2660	13	24	1112	2664	0	1
2660	14	0	113	2997	0	1
2660	14	4	1112	2664	0	1
2660	14	16	1225	2594	0	1
2661	0	0	568	2758	0	1
2661	0	4	455	2925	0	1
2661	1	2	1507	2381	0	1
2661	4	16	2	3069	0	1
2661	4	18	2	3068	0	1
2661	8	22	1	3066	0	1
2661	8	23	244	3051	0	1
2661	8	25	1	3068	0	1
2661	8	31	995	2741	0	1
2661	9	4	13	3060	0	1
2661	9	17	1917	2058	0	1
2661	10	17	2	3065	0	1
2661	10	19	23	3060	0	1
2661	10	26	1	3068	0	1
2662	0	0	7	3068	0	1
2662	0	2	7	3068	0	1
2662	0	4	3	3065	0	1
2662	0	5	15	3068	0	1
2662	0	6	657	2872	0	1
2662	0	7	926	2781	0	1
2662	0	8	611	2875	0	1
2662	0	9	926	2781	0	1
2662	0	10	926	2781	0	1
2662	0	11	611	2875	0	1
2662	0	13	30	3067	0	1
2662	0	14	19	3068	0	1
2662	0	15	25	3065	0	1
2662	0	18	951	2762	0	1
2662	0	19	175	2999	0	1
2662	0	20	679	2861	0	1
2662	0	21	679	2861	0	1
2662	0	22	703	2727	0	1
2662	0	23	951	2762	0	1
2662	0	25	38	3067	0	1
2662	0	27	35	3062	0	1
2662	0	28	556	2748	0	1
2662	0	29	1372	2315	0	1
2662	1	0	63	3057	0	1
2662	1	3	59	3069	0	1
2662	1	5	87	3054	0	1
2662	1	6	4	3070	0	1
2662	1	16	143	3002	0	1
2662	1	26	1928	1934	0	1
2662	1	28	15	3068	0	1
2662	1	30	122	3025	0	1
2662	2	0	496	2703	0	1
2662	2	2	16	3070	0	1
2662	2	3	2	3068	0	1
2662	2	4	1024	2397	0	1
2662	2	13	42	3065	0	1
2662	2	15	120	3010	0	1
2662	2	24	7	3067	0	1
2662	2	25	38	3056	0	1
2662	2	27	44	3069	0	1
2662	3	0	650	2613	0	1
2662	3	3	1061	2393	0	1
2662	3	5	37	3063	0	1
2662	5	26	14	3064	0	1
2662	6	0	8	3065	0	1
2662	6	2	8	3065	0	1
2662	6	25	675	2658	0	1
2662	6	27	675	2658	0	1
2662	7	0	79	3034	0	1
2662	7	3	1671	1866	0	1
2662	7	17	8	3062	0	1
2662	7	30	2166	1588	0	1
2662	8	0	2221	1555	0	1
2662	8	13	2364	1702	0	1
2662	8	27	2560	1561	0	1
2662	9	26	1846	2093	0	1
2662	11	26	2061	1953	0	1
2662	13	26	2090	1925	0	1
2663	0	0	1019	2744	0	1
2663	0	2	926	2781	0	1
2663	0	7	3	3065	0	1
2663	0	8	107	3024	0	1
2663	0	10	107	3024	0	1
2663	0	11	15	3068	0	1
2663	0	12	366	2831	0	1
2663	0	14	6	3062	0	1
2663	0	18	1372	2315	0	1
2663	0	19	42	3036	0	1
2663	0	20	27	3055	0	1
2663	0	21	562	2682	0	1
2663	0	24	3	3065	0	1
2663	0	25	1379	2450	0	1
2663	0	26	951	2762	0	1
2663	1	0	584	2776	0	1
2663	1	3	1512	2324	0	1
2663	1	5	951	2762	0	1
2663	1	30	1372	2315	0	1
2663	2	0	1024	2397	0	1
2663	2	1	37	3063	0	1
2663	2	2	1024	2397	0	1
2663	2	24	16	3070	0	1
2663	2	25	16	3070	0	1
2663	2	26	459	2701	0	1
2663	2	27	16	3070	0	1
2663	3	0	650	2613	0	1
2663	3	3	21	3069	0	1
2663	3	4	21	3069	0	1
2663	3	5	20	3055	0	1
2663	3	6	38	3056	0	1
2663	4	0	3	3067	0	1
2663	4	2	3	3067	0	1
2663	4	12	1	3068	0	1
2663	4	14	3	3070	0	1
2663	4	25	11	3070	0	1
2663	4	26	11	3070	0	1
2663	5	0	19	3063	0	1
2663	5	3	16	3061	0	1
2663	5	4	1	3066	0	1
2663	5	5	13	3063	0	1
2663	5	16	7	3069	0	1
2663	5	17	249	2872	0	1
2663	5	28	9	3064	0	1
2663	5	30	14	3064	0	1
2663	6	0	65	3036	0	1
2663	6	2	65	3036	0	1
2663	6	25	130	2993	0	1
2663	6	26	130	2993	0	1
2663	7	0	29	3046	0	1
2663	7	3	782	2461	0	1
2663	7	5	781	2462	0	1
2663	8	0	1	3066	0	1
2663	8	2	1	3066	0	1
2663	8	14	1	3067	0	1
2663	8	25	123	3053	0	1
2663	9	0	734	2672	0	1
2663	9	3	581	2898	0	1
2663	9	5	580	2899	0	1
2663	9	16	2	3066	0	1
2663	9	30	1	3066	0	1
2663	10	0	2079	1904	0	1
2663	10	2	1	3066	0	1
2663	10	12	1224	2595	0	1
2663	10	14	22	3050	0	1
2663	10	25	2082	1906	0	1
2663	10	26	2081	1907	0	1
2663	11	0	553	2860	0	1
2663	11	3	2082	1906	0	1
2663	11	5	2081	1907	0	1
2663	11	30	1224	2595	0	1
2663	12	0	99	3054	0	1
2663	12	2	99	3054	0	1
2663	12	12	123	3053	0	1
2663	12	25	662	2858	0	1
2663	12	26	608	2892	0	1
2663	13	0	146	3046	0	1
2663	13	3	1836	2122	0	1
2663	13	17	95	2993	0	1
2663	14	0	2250	1819	0	1
2663	14	12	1112	2664	0	1
2663	14	14	113	2997	0	1
2663	14	25	1225	2594	0	1
2664	0	1	17	3067	0	1
2664	0	9	28	3065	0	1
2664	0	18	3	3066	0	1
2664	0	19	6	3067	0	1
2664	1	4	30	3062	0	1
2664	1	6	36	3063	0	1
2664	1	10	3	3064	0	1
2664	1	12	69	3038	0	1
2664	1	17	123	3017	0	1
2664	1	19	121	3046	0	1
2664	1	26	1	3066	0	1
2665	0	0	2	3065	0	1
2665	0	1	7	3068	0	1
2665	0	8	5	3065	0	1
2665	0	18	1	3066	0	1
2665	0	19	8	3072	0	1
2665	0	27	27	3067	0	1
2665	1	4	2	3067	0	1
2665	1	6	5	3064	0	1
2665	1	12	12	3063	0	1
2665	1	19	2	3069	0	1
2665	1	27	2	3069	0	1
2665	2	1	1	3066	0	1
2665	2	3	115	3015	0	1
2665	2	11	119	3011	0	1
2665	2	16	1	3066	0	1
2665	2	17	549	2631	0	1
2665	3	0	1061	2393	0	1
2665	6	0	8	3065	0	1
2665	6	8	164	3018	0	1
2665	6	16	1445	2486	0	1
2665	7	0	1721	2281	0	1
2665	7	16	3	3064	0	1
2665	7	24	2261	1776	0	1
2665	8	0	1	3066	0	1
2665	8	8	2364	1702	0	1
2665	8	16	2560	1561	0	1
2666	0	16	1	3066	0	1
2666	0	19	31	3067	0	1
2666	0	27	41	3066	0	1
2666	1	2	2	3065	0	1
2666	1	4	23	3060	0	1
2666	1	6	48	3071	0	1
2666	1	10	4	3065	0	1
2666	1	12	55	3040	0	1
2667	0	17	1	3068	0	1
2667	0	19	5	3067	0	1
2667	0	25	3	3066	0	1
2667	1	6	2	3068	0	1
2667	1	14	2	3068	0	1
2667	2	1	3	3067	0	1
2667	2	2	2	3069	0	1
2667	2	3	298	2953	0	1
2667	2	8	1	3066	0	1
2667	2	9	4	3066	0	1
2667	2	16	63	3016	0	1
2667	2	17	51	3065	0	1
2668	0	22	1345	2499	0	1
2668	0	26	9	3061	0	1
2668	1	0	1292	2054	0	1
2668	1	20	1337	2308	0	1
2668	2	8	1343	2525	0	1
2668	2	12	6	3065	0	1
2668	2	22	148	3034	0	1
2668	2	25	28	3063	0	1
2668	2	26	2	3067	0	1
2668	2	27	15	3067	0	1
2668	2	29	14	3069	0	1
2668	2	30	1	3066	0	1
2668	3	0	148	3034	0	1
2668	3	20	122	3037	0	1
2668	6	8	12	3067	0	1
2668	6	22	28	3077	0	1
2668	7	0	87	3052	0	1
2668	7	20	34	3073	0	1
2668	8	29	9	3071	0	1
2668	10	8	12	3072	0	1
2668	10	22	93	3061	0	1
2668	10	26	5	3064	0	1
2668	11	0	93	3061	0	1
2668	11	20	45	3065	0	1
2668	12	8	17	3056	0	1
2669	0	16	1345	2499	0	1
2669	0	17	1345	2499	0	1
2669	0	21	1345	2499	0	1
2669	2	11	127	3041	0	1
2669	2	16	309	2989	0	1
2669	2	17	309	2989	0	1
2669	2	20	73	3028	0	1
2669	2	21	148	3034	0	1
2669	2	24	221	2898	0	1
2669	2	25	92	3054	0	1
2669	2	26	81	3028	0	1
2669	2	29	97	3054	0	1
2669	3	3	97	3054	0	1
2669	3	19	51	3071	0	1
2669	6	11	5	3068	0	1
2669	6	16	28	3077	0	1
2669	6	17	28	3077	0	1
2669	6	21	28	3077	0	1
2669	8	16	12	3069	0	1
2669	8	17	12	3069	0	1
2669	8	25	12	3069	0	1
2669	8	29	12	3069	0	1
2669	9	19	8	3067	0	1
2669	10	11	2	3066	0	1
2669	10	15	1	3066	0	1
2669	10	16	93	3061	0	1
2669	10	17	93	3061	0	1
2669	10	20	55	3064	0	1
2669	10	21	93	3061	0	1
2669	10	24	8	3065	0	1
2670	2	13	127	3036	0	1
2670	2	15	4	3066	0	1
2670	2	27	7	3065	0	1
2670	2	31	12	3065	0	1
2670	3	30	33	3054	0	1
2670	4	30	2	3066	0	1
2670	4	31	2	3066	0	1
2670	7	15	21	3067	0	1
2670	7	31	35	3060	0	1
2670	9	13	12	3066	0	1
2670	10	11	2	3068	0	1
2670	11	11	16	3069	0	1
2671	0	30	1351	2495	0	1
2671	2	12	78	3046	0	1
2671	2	14	4	3066	0	1
2671	2	26	21	3065	0	1
2671	2	30	12	3065	0	1
2671	3	26	47	3063	0	1
2671	3	30	33	3054	0	1
2671	7	14	21	3067	0	1
2671	7	30	52	3074	0	1
2671	8	30	2	3067	0	1
2671	10	10	4	3068	0	1
2671	10	26	8	3064	0	1
2671	11	10	19	3069	0	1
2672	0	28	764	2546	0	1
2672	2	14	61	3052	0	1
2672	9	14	6	3068	0	1
2672	10	8	3	3068	0	1
2672	11	8	14	3068	0	1
2673	0	29	764	2546	0	1
2673	2	13	1	3067	0	1
2673	2	25	21	3065	0	1
2673	2	29	12	3065	0	1
2673	3	25	47	3063	0	1
2673	3	26	25	3066	0	1
2673	3	29	23	3061	0	1
2673	7	13	22	3066	0	1
2673	8	29	2	3067	0	1
2673	8	30	2	3067	0	1
2673	9	15	12	3066	0	1
2673	10	25	8	3064	0	1
2674	0	21	18	3069	0	1
2674	0	30	1351	2495	0	1
2674	2	14	4	3066	0	1
2674	2	26	18	3065	0	1
2674	2	30	12	3065	0	1
2674	3	26	47	3063	0	1
2674	3	30	33	3054	0	1
2674	4	13	5	3069	0	1
2674	4	21	3	3067	0	1
2674	5	15	22	3065	0	1
2674	7	30	52	3074	0	1
2674	8	29	2261	1776	0	1
2674	9	29	1445	2486	0	1
2674	11	10	19	3069	0	1
2674	11	13	41	3068	0	1
2674	12	17	1112	2664	0	1
2674	12	29	1112	2664	0	1
2674	13	13	2	3067	0	1
2675	0	0	112	3049	0	1
2675	2	2	62	3017	0	1
2675	2	13	127	3036	0	1
2675	3	0	216	2964	0	1
2675	4	18	8	3071	0	1
2675	4	22	25	3064	0	1
2675	4	24	672	2797	0	1
2675	5	2	38	3065	0	1
2675	5	4	2	3065	0	1
2675	7	15	21	3067	0	1
2675	9	8	5	3067	0	1
2675	10	11	1	3067	0	1
2675	10	18	1095	2484	0	1
2675	10	27	2	3067	0	1
2675	10	28	677	2799	0	1
2675	11	11	15	3068	0	1
2676	0	0	112	3049	0	1
2676	0	29	1279	2580	0	1
2676	1	2	92	3057	0	1
2676	1	3	86	3041	0	1
2676	1	23	112	3049	0	1
2676	2	6	120	3046	0	1
2676	2	7	120	3046	0	1
2676	3	6	189	2990	0	1
2676	4	5	263	2870	0	1
2676	4	9	21	3065	0	1
2676	4	18	12	3071	0	1
2676	4	23	25	3064	0	1
2676	4	24	5	3069	0	1
2676	4	26	2	3065	0	1
2676	4	27	2	3066	0	1
2676	5	5	1	3066	0	1
2676	5	9	127	3036	0	1
2676	5	20	92	3032	0	1
2676	5	21	92	3032	0	1
2676	5	25	48	3069	0	1
2676	5	30	3	3069	0	1
2676	6	23	2	3068	0	1
2676	7	9	25	3063	0	1
2676	7	12	89	3036	0	1
2676	8	2	819	2709	0	1
2676	8	19	2364	1702	0	1
2676	8	23	1	3066	0	1
2676	9	4	256	2891	0	1
2676	9	5	1	3066	0	1
2676	9	8	8	3065	0	1
2676	10	13	996	2740	0	1
2676	10	18	1920	2058	0	1
2676	10	28	554	2876	0	1
2676	11	8	6	3066	0	1
2676	11	23	107	3059	0	1
2676	12	2	544	2882	0	1
2676	12	14	1	3067	0	1
2676	13	28	942	2774	0	1
2676	13	29	942	2774	0	1
2677	0	10	290	2929	0	1
2677	0	11	755	2753	0	1
2677	1	25	53	3058	0	1
2677	3	6	23	3066	0	1
2677	3	7	24	3069	0	1
2677	3	25	32	3069	0	1
2677	3	26	679	2548	0	1
2677	4	13	670	2797	0	1
2677	4	21	8	3067	0	1
2677	4	24	7	3070	0	1
2677	4	31	73	3029	0	1
2677	5	15	139	3062	0	1
2677	6	11	7	3068	0	1
2677	6	15	2	3067	0	1
2677	6	20	9	3066	0	1
2677	6	28	6	3065	0	1
2677	7	3	13	3068	0	1
2677	7	22	32	3069	0	1
2677	8	27	2	3066	0	1
2677	8	29	3	3064	0	1
2677	9	8	7	3067	0	1
2677	9	29	1154	2611	0	1
2677	10	2	12	3072	0	1
2677	10	3	1	3067	0	1
2677	11	22	31	3057	0	1
2677	11	28	1	3066	0	1
2678	0	1	112	3049	0	1
2678	0	29	39	3057	0	1
2678	1	3	86	3041	0	1
2678	1	23	112	3049	0	1
2678	2	3	62	3017	0	1
2678	4	3	93	3015	0	1
2678	4	9	376	2939	0	1
2678	4	15	461	2884	0	1
2678	4	20	8	3067	0	1
2678	4	24	3	3068	0	1
2678	4	25	1118	2623	0	1
2678	5	3	4	3068	0	1
2678	5	5	1	3066	0	1
2678	5	9	127	3036	0	1
2678	5	14	22	3065	0	1
2678	5	21	92	3032	0	1
2678	7	9	15	3066	0	1
2678	7	13	8	3065	0	1
2678	8	3	1700	2290	0	1
2678	8	29	8	3062	0	1
2678	10	13	502	2901	0	1
2678	10	19	3	3067	0	1
2678	10	29	1	3066	0	1
2678	11	22	33	3060	0	1
2678	11	28	45	3058	0	1
2678	12	3	627	2896	0	1
2678	13	0	101	3058	0	1
2678	13	12	621	2865	0	1
2678	13	28	2225	1828	0	1
2678	13	29	942	2774	0	1
2679	0	10	115	3004	0	1
2679	0	24	340	2820	0	1
2679	0	29	107	3020	0	1
2679	1	4	8	3064	0	1
2679	1	24	13	3071	0	1
2679	2	7	46	3060	0	1
2679	2	10	6	3068	0	1
2679	3	24	3	3068	0	1
2679	3	25	48	3062	0	1
2679	4	15	579	2817	0	1
2679	4	23	13	3069	0	1
2679	4	31	21	3065	0	1
2679	5	21	92	3032	0	1
2679	5	23	95	3034	0	1
2679	6	10	2	3067	0	1
2679	6	20	6	3071	0	1
2679	6	28	10	3069	0	1
2679	7	1	1445	2486	0	1
2679	7	9	13	3066	0	1
2679	7	22	39	3060	0	1
2679	8	1	772	2545	0	1
2679	8	19	1	3066	0	1
2679	8	23	1	3066	0	1
2679	8	28	1	3066	0	1
2679	8	29	12	3057	0	1
2679	9	5	151	2982	0	1
2679	9	28	52	3036	0	1
2679	10	13	545	2873	0	1
2679	11	22	4	3066	0	1
2679	13	31	1	3067	0	1
2680	1	4	7	3065	0	1
2680	1	24	13	3071	0	1
2680	2	10	3	3067	0	1
2680	3	24	32	3069	0	1
2680	4	12	579	2817	0	1
2680	4	20	8	3067	0	1
2680	4	24	7	3070	0	1
2680	4	30	4	3063	0	1
2680	4	31	18	3068	0	1
2680	5	3	38	3065	0	1
2680	5	5	1	3066	0	1
2680	5	14	139	3062	0	1
2680	6	20	25	3064	0	1
2680	7	2	22	3069	0	1
2680	7	9	10	3066	0	1
2680	11	22	18	3062	0	1
2680	12	28	96	3008	0	1
2681	0	1	112	3049	0	1
2681	0	20	13	3068	0	1
2681	0	29	1279	2580	0	1
2681	1	3	92	3057	0	1
2681	1	4	7	3065	0	1
2681	1	23	112	3049	0	1
2681	3	25	13	3071	0	1
2681	4	9	21	3065	0	1
2681	4	19	8	3071	0	1
2681	4	23	25	3064	0	1
2681	4	25	1254	2565	0	1
2681	4	27	4	3066	0	1
2681	4	30	8	3059	0	1
2681	4	31	26	3065	0	1
2681	5	5	1	3066	0	1
2681	5	9	127	3036	0	1
2681	5	21	92	3032	0	1
2681	5	23	95	3034	0	1
2681	6	14	3	3066	0	1
2681	7	2	22	3069	0	1
2681	7	13	8	3065	0	1
2681	8	23	1	3066	0	1
2681	9	5	1	3066	0	1
2681	9	9	5	3067	0	1
2681	10	29	1208	2605	0	1
2681	12	15	1	3067	0	1
2682	0	20	5	3066	0	1
2682	2	3	42	3033	0	1
2682	2	10	3	3067	0	1
2682	3	24	2	3069	0	1
2682	3	25	5	3070	0	1
2682	4	23	25	3064	0	1
2682	4	24	6	3069	0	1
2682	4	25	5	3069	0	1
2682	4	30	8	3059	0	1
2682	5	5	1	3066	0	1
2682	5	9	127	3036	0	1
2682	5	31	3	3069	0	1
2682	7	9	25	3063	0	1
2682	8	3	1721	2281	0	1
2682	8	19	2364	1702	0	1
2682	8	23	1	3066	0	1
2682	9	9	8	3065	0	1
2682	10	2	1	3067	0	1
2682	10	13	996	2740	0	1
2682	10	19	1920	2058	0	1
2682	10	29	1225	2594	0	1
2682	12	3	1108	2666	0	1
2682	12	15	16	3060	0	1
2682	13	29	942	2774	0	1
2683	0	10	755	2753	0	1
2683	1	4	7	3065	0	1
2683	2	3	62	3017	0	1
2683	2	7	120	3046	0	1
2683	2	10	3	3067	0	1
2683	3	6	24	3069	0	1
2683	3	24	20	3069	0	1
2683	3	25	3	3069	0	1
2683	4	12	5	3069	0	1
2683	4	24	7	3070	0	1
2683	4	31	26	3065	0	1
2683	5	5	1	3066	0	1
2683	5	25	48	3069	0	1
2683	6	10	3	3067	0	1
2683	6	14	1	3066	0	1
2683	6	20	14	3063	0	1
2683	6	23	2	3068	0	1
2683	6	28	6	3065	0	1
2683	7	1	1445	2486	0	1
2683	7	2	6	3067	0	1
2683	7	22	32	3069	0	1
2683	8	26	2	3066	0	1
2683	8	28	2261	1776	0	1
2683	9	8	7	3067	0	1
2683	9	28	1445	2486	0	1
2683	10	2	5	3070	0	1
2683	11	9	6	3066	0	1
2683	11	12	41	3068	0	1
2683	11	22	40	3058	0	1
2683	11	23	107	3059	0	1
2683	11	28	1	3066	0	1
2683	12	16	1112	2664	0	1
2683	12	28	1112	2664	0	1
2683	13	0	99	3054	0	1
2683	13	12	2	3067	0	1
2683	13	28	2225	1828	0	1
2683	13	31	1	3067	0	1
2684	2	5	13	3066	0	1
2684	2	12	21	3065	0	1
2684	2	19	7	3068	0	1
2684	2	21	5	3069	0	1
2684	2	22	1346	2524	0	1
2684	3	9	83	3052	0	1
2684	4	9	120	3046	0	1
2684	5	9	25	3063	0	1
2684	6	12	10	3069	0	1
2684	7	5	80	3067	0	1
2684	7	9	3	3067	0	1
2684	7	11	13	3065	0	1
2684	7	24	12	3067	0	1
2684	9	1	6	3066	0	1
2684	9	21	32	3070	0	1
2684	10	3	4	3065	0	1
2684	10	31	12	3072	0	1
2684	11	7	5	3064	0	1
2684	12	31	17	3056	0	1
2684	13	17	107	3059	0	1
2685	2	5	6	3069	0	1
2685	2	16	48	3053	0	1
2685	2	22	5	3069	0	1
2685	2	31	853	2710	0	1
2685	3	4	20	3069	0	1
2685	4	9	1	3067	0	1
2685	4	15	189	3001	0	1
2685	5	9	25	3063	0	1
2685	6	13	1	3066	0	1
2685	7	11	13	3065	0	1
2685	10	23	1	3066	0	1
2685	12	31	17	3056	0	1
2686	0	26	1220	2539	0	1
2686	3	14	26	3065	0	1
2686	3	20	16	3067	0	1
2686	3	22	47	3058	0	1
2686	4	6	25	3063	0	1
2686	4	14	6	3065	0	1
2686	5	1	25	3063	0	1
2686	7	19	11	3068	0	1
2686	7	28	47	3062	0	1
2686	10	10	1	3066	0	1
2686	10	27	76	3056	0	1
2686	10	30	1	3067	0	1
2686	10	31	1221	2596	0	1
2686	11	3	245	3050	0	1
2686	11	10	16	3072	0	1
2686	11	17	12	3066	0	1
2686	11	19	2	3067	0	1
2686	11	26	20	3072	0	1
2686	12	26	2	3065	0	1
2687	0	24	647	2785	0	1
2687	2	13	1094	2684	0	1
2687	2	14	6	3066	0	1
2687	2	20	827	2731	0	1
2687	3	0	3	3067	0	1
2687	3	5	11	3067	0	1
2687	3	22	112	3049	0	1
2687	4	14	384	2937	0	1
2687	5	27	193	3004	0	1
2687	7	6	17	3064	0	1
2687	7	8	3	3067	0	1
2687	7	30	95	3034	0	1
2687	8	13	1445	2486	0	1
2687	8	19	2	3068	0	1
2687	10	15	9	3066	0	1
2687	10	22	1	3066	0	1
2687	10	30	12	3072	0	1
2687	11	8	2	3068	0	1
2687	12	8	1225	2594	0	1
2687	12	24	23	3064	0	1
2688	0	25	415	2889	0	1
2688	0	27	895	2502	0	1
2688	1	1	1634	1699	0	1
2688	2	5	13	3066	0	1
2688	2	6	48	3053	0	1
2688	2	15	12	3067	0	1
2688	2	19	5	3067	0	1
2688	2	21	858	2724	0	1
2688	2	23	6	3066	0	1
2688	2	31	1334	2528	0	1
2688	3	1	3	3067	0	1
2688	3	15	18	3066	0	1
2688	3	21	3	3066	0	1
2688	3	23	75	3058	0	1
2688	4	7	9	3065	0	1
2688	5	9	25	3063	0	1
2688	5	26	193	3004	0	1
2688	6	12	8	3066	0	1
2688	6	31	12	3067	0	1
2688	7	18	11	3068	0	1
2688	7	24	12	3067	0	1
2688	7	29	47	3062	0	1
2688	8	15	6	3066	0	1
2688	9	23	1	3066	0	1
2688	10	3	6	3069	0	1
2688	10	14	45	3062	0	1
2688	10	31	9	3070	0	1
2688	11	7	5	3064	0	1
2688	11	9	4	3068	0	1
2688	11	11	16	3072	0	1
2688	11	16	5	3064	0	1
2688	11	27	1	3068	0	1
2689	1	1	1634	1699	0	1
2689	2	5	13	3066	0	1
2689	2	6	38	3057	0	1
2689	2	12	724	2814	0	1
2689	2	15	12	3067	0	1
2689	2	16	24	3060	0	1
2689	2	22	1346	2524	0	1
2689	3	4	18	3068	0	1
2689	4	7	25	3063	0	1
2689	5	26	193	3004	0	1
2689	6	12	8	3066	0	1
2689	6	13	1	3066	0	1
2689	6	31	12	3067	0	1
2689	7	18	11	3068	0	1
2689	7	24	12	3067	0	1
2689	8	15	6	3066	0	1
2689	8	18	2	3068	0	1
2689	9	30	3	3064	0	1
2689	10	3	6	3069	0	1
2689	10	11	1	3066	0	1
2689	10	14	45	3062	0	1
2689	11	7	12	3066	0	1
2689	11	9	1	3067	0	1
2689	11	11	4	3069	0	1
2689	11	18	4	3065	0	1
2689	11	27	1	3068	0	1
2690	0	25	415	2889	0	1
2690	2	6	48	3053	0	1
2690	2	16	48	3053	0	1
2690	3	4	20	3069	0	1
2690	3	9	127	3036	0	1
2690	3	21	16	3067	0	1
2690	3	23	112	3049	0	1
2690	4	7	25	3063	0	1
2690	5	0	25	3063	0	1
2690	5	9	25	3063	0	1
2690	6	31	12	3067	0	1
2690	7	7	2	3065	0	1
2690	8	18	2	3068	0	1
2690	9	1	6	3066	0	1
2690	10	3	6	3069	0	1
2690	10	23	1	3066	0	1
2690	10	26	76	3056	0	1
2690	10	30	1221	2596	0	1
2690	11	7	12	3066	0	1
2690	11	16	5	3064	0	1
2691	2	12	21	3065	0	1
2691	2	19	7	3068	0	1
2691	2	21	5	3069	0	1
2691	2	22	5	3069	0	1
2691	3	1	3	3067	0	1
2691	3	15	26	3065	0	1
2691	3	21	14	3067	0	1
2691	3	23	112	3049	0	1
2691	4	9	120	3046	0	1
2691	4	15	384	2937	0	1
2691	5	0	25	3063	0	1
2691	5	9	25	3063	0	1
2691	7	9	3	3067	0	1
2691	7	11	13	3065	0	1
2691	7	29	47	3062	0	1
2691	7	31	95	3034	0	1
2691	8	12	1445	2486	0	1
2691	9	21	32	3070	0	1
2691	10	23	1	3066	0	1
2691	10	31	1	3067	0	1
2691	11	2	245	3050	0	1
2691	11	18	2	3067	0	1
2691	12	9	1225	2594	0	1
2691	12	31	17	3056	0	1
2691	13	17	107	3059	0	1
2692	2	5	13	3066	0	1
2692	2	6	48	3053	0	1
2692	2	16	26	3061	0	1
2692	4	7	25	3063	0	1
2692	5	0	25	3063	0	1
2692	5	9	24	3064	0	1
2692	5	26	193	3004	0	1
2692	6	12	10	3069	0	1
2692	6	13	1	3066	0	1
2692	6	31	12	3067	0	1
2692	7	5	80	3067	0	1
2692	7	9	3	3067	0	1
2692	7	18	11	3068	0	1
2692	7	24	12	3067	0	1
2692	9	23	1	3066	0	1
2692	10	11	1	3066	0	1
2692	10	14	9	3066	0	1
2692	11	7	5	3064	0	1
2692	11	9	4	3068	0	1
2692	11	11	16	3072	0	1
2692	11	27	20	3072	0	1
2692	12	27	2	3065	0	1
2693	0	25	647	2785	0	1
2693	0	27	1220	2539	0	1
2693	2	5	13	3066	0	1
2693	2	6	48	3053	0	1
2693	4	7	6	3065	0	1
2693	6	31	12	3067	0	1
2693	7	9	3	3067	0	1
2693	7	29	47	3062	0	1
2693	10	3	4	3065	0	1
2693	11	7	5	3064	0	1
2693	11	9	4	3068	0	1
2693	11	11	16	3072	0	1
2693	11	16	12	3066	0	1
2694	7	0	12	3068	0	1
2694	8	0	169	3019	0	1
2695	0	0	415	2889	0	1
2695	0	1	647	2785	0	1
2695	7	0	1	3066	0	1
2695	11	2	5	3068	0	1
2696	0	20	895	2502	0	1
2696	0	21	1220	2539	0	1
2696	2	0	127	3036	0	1
2696	2	8	57	3058	0	1
2696	2	16	1094	2684	0	1
2696	2	20	21	3065	0	1
2696	3	0	1343	2525	0	1
2696	3	8	5	3069	0	1
2696	3	16	1346	2524	0	1
2696	3	24	5	3069	0	1
2696	4	0	25	3063	0	1
2696	4	8	1346	2524	0	1
2696	4	16	1371	2520	0	1
2696	6	0	3	3067	0	1
2696	6	8	5	3068	0	1
2696	6	16	5	3065	0	1
2696	6	20	6	3070	0	1
2696	7	17	47	3062	0	1
2696	7	19	33	3072	0	1
2696	8	20	1445	2486	0	1
2696	9	4	1721	2281	0	1
2696	10	0	4	3068	0	1
2696	10	16	4	3069	0	1
2696	10	18	4	3065	0	1
2696	11	0	1	3068	0	1
2696	11	2	15	3071	0	1
2696	11	24	45	3062	0	1
2696	12	1	65	3052	0	1
2696	12	16	2	3065	0	1
2696	12	17	994	2742	0	1
2696	13	1	1221	2596	0	1
2696	13	16	113	2997	0	1
2697	6	16	3	3068	0	1
2697	6	20	4	3066	0	1
2697	7	0	13	3065	0	1
2697	8	0	2	3068	0	1
2697	10	16	2	3067	0	1
2697	11	24	9	3066	0	1
2697	12	1	107	3059	0	1
2698	0	0	706	2543	0	1
2698	0	27	1634	1699	0	1
2698	2	0	7	3064	0	1
2698	2	2	4	3066	0	1
2698	2	14	6	3065	0	1
2698	2	15	12	3067	0	1
2698	2	24	9	3065	0	1
2698	2	25	12	3065	0	1
2698	2	27	14	3065	0	1
2698	3	0	51	3071	0	1
2698	3	3	38	3071	0	1
2698	3	5	24	3069	0	1
2698	3	6	3	3069	0	1
2698	3	16	26	3065	0	1
2698	3	17	112	3049	0	1
2698	3	26	1442	1919	0	1
2698	3	27	30	3062	0	1
2698	3	28	47	3063	0	1
2698	3	30	65	3067	0	1
2698	4	6	114	3047	0	1
2698	4	8	127	3036	0	1
2698	4	11	70	3047	0	1
2698	4	13	189	3041	0	1
2698	4	15	384	2937	0	1
2698	4	20	922	2745	0	1
2698	4	21	3	3069	0	1
2698	4	22	1097	2686	0	1
2698	5	8	1348	2527	0	1
2698	5	11	5	3069	0	1
2698	5	12	5	3069	0	1
2698	5	19	5	3069	0	1
2698	5	20	1351	2526	0	1
2698	5	25	5	3069	0	1
2698	6	6	1105	2277	0	1
2698	6	7	25	3063	0	1
2698	6	8	25	3063	0	1
2698	6	11	1080	2281	0	1
2698	6	13	25	3063	0	1
2698	7	26	48	3065	0	1
2698	8	15	6	3066	0	1
2698	8	25	2	3066	0	1
2698	8	27	2	3066	0	1
2698	8	28	457	2912	0	1
2698	9	0	8	3067	0	1
2698	9	3	7	3067	0	1
2698	9	5	7	3067	0	1
2698	9	10	1701	2286	0	1
2698	9	17	1	3066	0	1
2698	9	21	2166	1588	0	1
2698	9	30	17	3072	0	1
2698	10	6	41	3068	0	1
2698	10	8	41	3068	0	1
2698	10	13	76	3056	0	1
2698	10	20	1	3066	0	1
2698	10	21	1	3066	0	1
2698	10	22	132	3051	0	1
2698	10	23	2	3066	0	1
2698	11	8	996	2740	0	1
2698	11	12	996	2740	0	1
2698	11	13	996	2740	0	1
2698	11	19	1221	2596	0	1
2698	11	20	1221	2596	0	1
2698	11	26	47	3060	0	1
2698	12	6	1227	2594	0	1
2698	12	8	2	3067	0	1
2698	12	20	2224	1829	0	1
2698	12	21	2225	1828	0	1
2698	12	22	2225	1828	0	1
2698	12	28	548	2910	0	1
2698	12	29	9	3061	0	1
2698	13	9	84	3003	0	1
2698	13	10	609	2858	0	1
2698	13	21	2090	1925	0	1
2699	0	0	398	2897	0	1
2699	0	2	755	2753	0	1
2699	0	12	125	3027	0	1
2699	0	25	895	2502	0	1
2699	0	26	1351	2495	0	1
2699	1	0	1337	2308	0	1
2699	2	0	127	3036	0	1
2699	2	2	127	3036	0	1
2699	2	25	350	2912	0	1
2699	2	26	21	3065	0	1
2699	3	0	122	3037	0	1
2699	3	3	1176	2154	0	1
2699	4	0	1085	2283	0	1
2699	4	12	1346	2524	0	1
2699	4	25	1371	2520	0	1
2699	6	0	3	3067	0	1
2699	6	2	3	3067	0	1
2699	6	25	12	3068	0	1
2699	6	26	6	3065	0	1
2699	7	0	34	3073	0	1
2699	7	3	21	3067	0	1
2699	7	4	10	3068	0	1
2699	7	5	21	3067	0	1
2699	7	30	36	3074	0	1
2699	8	7	8	3065	0	1
2699	8	9	6	3064	0	1
2699	8	10	8	3065	0	1
2699	8	12	6	3064	0	1
2699	8	21	1445	2486	0	1
2699	9	8	1721	2281	0	1
2699	9	25	2166	1588	0	1
2699	10	0	4	3068	0	1
2699	10	2	4	3068	0	1
2699	10	25	12	3065	0	1
2699	10	26	8	3064	0	1
2699	11	0	45	3065	0	1
2699	11	3	22	3069	0	1
2699	11	4	6	3069	0	1
2699	11	5	19	3069	0	1
2699	11	16	5	3064	0	1
2699	11	28	5	3064	0	1
2699	11	30	40	3058	0	1
2699	12	7	99	3054	0	1
2699	12	9	36	3069	0	1
2699	12	10	99	3054	0	1
2699	12	12	38	3069	0	1
2699	12	21	951	2768	0	1
2699	13	8	1192	2602	0	1
2699	13	21	113	2997	0	1
2699	13	25	2203	1855	0	1
2700	3	0	12	3070	0	1
2701	0	2	1634	1699	0	1
2701	0	10	1634	1699	0	1
2701	3	0	6	3066	0	1
2701	5	1	1368	2521	0	1
2701	5	16	1371	2520	0	1
2701	10	2	76	3056	0	1
2702	0	16	1634	1699	0	1
2702	2	0	3	3067	0	1
2702	2	8	8	3067	0	1
2702	2	16	7	3068	0	1
2702	2	17	6	3069	0	1
2702	3	0	7	3067	0	1
2702	3	16	2	3067	0	1
2702	3	18	46	3053	0	1
2702	4	8	120	3046	0	1
2702	4	10	176	3050	0	1
2702	4	18	193	3004	0	1
2702	6	0	25	3063	0	1
2702	8	8	6	3066	0	1
2702	8	24	6	3066	0	1
2702	9	8	14	3064	0	1
2702	9	22	32	3070	0	1
2702	10	24	1	3066	0	1
2702	10	26	244	3051	0	1
2702	11	8	617	2886	0	1
2702	11	24	1221	2596	0	1
2702	12	2	1225	2594	0	1
2703	3	0	13	3069	0	1
2703	3	16	14	3067	0	1
2703	3	18	30	3067	0	1
2703	4	18	267	2937	0	1
2704	2	8	3	3068	0	1
2704	2	22	4	3065	0	1
2704	2	26	3	3066	0	1
2704	3	0	3	3066	0	1
2704	3	20	3	3066	0	1
2704	4	8	92	3032	0	1
2704	8	8	256	2891	0	1
2704	8	17	38	3035	0	1
2704	8	22	225	2907	0	1
2704	8	25	30	3054	0	1
2704	8	26	292	2852	0	1
2704	8	30	139	2955	0	1
2704	9	0	40	3050	0	1
2704	9	20	126	2986	0	1
2704	50	14	695	2584	0	1
2705	0	26	84	3004	0	1
2705	2	16	3	3066	0	1
2705	2	21	3	3066	0	1
2705	6	16	6	3067	0	1
2705	6	17	6	3067	0	1
2705	6	25	6	3067	0	1
2705	6	29	6	3067	0	1
2705	7	3	5	3065	0	1
2705	7	19	2	3068	0	1
2705	8	11	70	3054	0	1
2705	8	14	32	3051	0	1
2705	8	15	59	3048	0	1
2705	8	16	652	2575	0	1
2705	8	17	652	2575	0	1
2705	8	21	664	2565	0	1
2705	8	25	14	3059	0	1
2705	8	26	30	3056	0	1
2705	8	29	14	3059	0	1
2705	9	3	14	3059	0	1
2705	9	19	12	3062	0	1
2705	10	24	57	3027	0	1
2706	2	15	1	3066	0	1
2706	2	31	1	3068	0	1
2706	3	15	2	3067	0	1
2706	4	15	41	3051	0	1
2706	6	31	1	3066	0	1
2706	7	31	3	3065	0	1
2706	8	15	12	3064	0	1
2706	50	20	695	2584	0	1
2706	50	21	695	2584	0	1
2707	2	14	1	3066	0	1
2707	2	28	3	3068	0	1
2707	2	30	1	3068	0	1
2707	3	14	2	3067	0	1
2707	4	28	264	2882	0	1
2707	5	12	8	3068	0	1
2707	7	14	7	3067	0	1
2707	7	30	7	3068	0	1
2707	8	14	39	3051	0	1
2707	8	30	232	2930	0	1
2707	9	14	575	2629	0	1
2708	2	28	1	3068	0	1
2708	4	28	608	2892	0	1
2708	4	29	255	2887	0	1
2708	5	13	9	3067	0	1
2708	5	14	9	3067	0	1
2708	7	12	7	3067	0	1
2708	50	22	695	2584	0	1
2709	2	13	1	3066	0	1
2709	3	13	2	3067	0	1
2709	4	29	6	3062	0	1
2709	7	29	7	3068	0	1
2709	8	13	39	3051	0	1
2709	9	13	575	2629	0	1
2709	50	20	695	2584	0	1
2709	50	21	695	2584	0	1
2710	0	31	1	3066	0	1
2710	2	28	5	3068	0	1
2710	2	30	1	3068	0	1
2710	5	12	9	3067	0	1
2710	5	29	22	3054	0	1
2710	6	5	25	3069	0	1
2710	7	17	6	3067	0	1
2710	8	9	3	3064	0	1
2710	8	14	19	3065	0	1
2710	8	30	232	2930	0	1
2711	0	10	499	2920	0	1
2711	0	16	22	3072	0	1
2711	1	16	1993	2032	0	1
2711	2	29	5	3068	0	1
2711	4	2	8	3071	0	1
2711	4	31	608	2892	0	1
2711	5	8	4	3066	0	1
2711	5	22	13	3062	0	1
2711	8	0	183	2943	0	1
2711	8	15	7	3063	0	1
2712	0	10	3	3066	0	1
2712	0	23	19	3069	0	1
2712	0	27	3	3066	0	1
2712	0	28	1968	1776	0	1
2712	1	21	3	3066	0	1
2712	2	22	26	3065	0	1
2712	3	7	354	2929	0	1
2712	5	23	3	3070	0	1
2712	8	1	124	2976	0	1
2712	9	30	647	2536	0	1
2712	11	15	281	2824	0	1
2712	11	30	705	2544	0	1
2713	0	10	428	2745	0	1
2713	0	31	282	2960	0	1
2713	1	15	56	3067	0	1
2713	2	2	22	3072	0	1
2713	3	2	1673	2309	0	1
2713	5	3	210	2938	0	1
2713	5	15	2	3067	0	1
2713	6	31	1708	2278	0	1
2713	7	0	2	3067	0	1
2713	7	17	12	3066	0	1
2713	8	8	14	3059	0	1
2713	8	9	4	3069	0	1
2713	8	30	222	2910	0	1
2714	0	11	426	2916	0	1
2714	0	12	496	2854	0	1
2714	0	19	1131	2668	0	1
2714	0	28	1154	2297	0	1
2714	1	4	71	3081	0	1
2714	1	21	216	3051	0	1
2714	2	3	37	3063	0	1
2714	2	19	10	3069	0	1
2714	2	23	13	3067	0	1
2714	3	7	48	3047	0	1
2714	4	3	8	3071	0	1
2714	4	19	18	3068	0	1
2714	5	3	22	3065	0	1
2714	5	9	4	3066	0	1
2714	7	0	2	3067	0	1
2714	8	1	41	3050	0	1
2714	8	7	80	3004	0	1
2714	8	30	1	3066	0	1
2714	9	31	647	2536	0	1
2714	11	15	647	2536	0	1
2714	11	31	189	2896	0	1
2714	12	19	17	3056	0	1
2715	0	27	3	3066	0	1
2715	0	30	1	3066	0	1
2715	1	17	1	3066	0	1
2715	2	2	32	3060	0	1
2715	2	3	6	3065	0	1
2715	2	17	25	3064	0	1
2715	2	19	16	3067	0	1
2715	3	2	359	2739	0	1
2715	3	4	6	3064	0	1
2715	4	19	20	3064	0	1
2715	5	2	26	3049	0	1
2715	5	3	139	3062	0	1
2715	5	14	2	3067	0	1
2715	5	28	33	3054	0	1
2715	6	1	31	3067	0	1
2715	6	17	11	3066	0	1
2715	7	0	2	3067	0	1
2715	7	16	12	3066	0	1
2715	8	1	156	2964	0	1
2715	8	8	6	3063	0	1
2715	8	30	149	2977	0	1
2715	12	19	17	3056	0	1
2716	0	17	22	3072	0	1
2716	0	19	1131	2668	0	1
2716	0	27	3	3066	0	1
2716	1	14	93	3028	0	1
2716	1	17	1993	2032	0	1
2716	1	21	176	3062	0	1
2716	2	2	22	3072	0	1
2716	3	2	1673	2309	0	1
2716	3	4	2	3067	0	1
2716	5	2	210	2938	0	1
2716	5	14	2	3067	0	1
2716	5	23	3	3070	0	1
2716	6	1	12	3066	0	1
2716	7	16	12	3066	0	1
2717	0	17	32	3060	0	1
2717	0	30	77	3056	0	1
2717	1	14	56	3067	0	1
2717	1	17	374	2732	0	1
2717	2	3	37	3061	0	1
2717	2	19	16	3067	0	1
2717	2	23	26	3065	0	1
2717	3	7	354	2929	0	1
2717	4	3	8	3071	0	1
2717	4	19	26	3065	0	1
2717	5	3	139	3062	0	1
2717	5	9	4	3066	0	1
2717	9	31	647	2536	0	1
2718	0	11	3	3066	0	1
2718	0	23	21	3071	0	1
2718	0	27	3	3066	0	1
2718	1	21	3	3066	0	1
2718	2	3	15	3063	0	1
2718	3	2	144	2937	0	1
2718	3	4	2	3067	0	1
2718	5	23	7	3068	0	1
2718	6	4	25	3069	0	1
2718	6	17	7	3070	0	1
2718	6	30	1708	2278	0	1
2718	8	1	256	2891	0	1
2718	9	31	54	3042	0	1
2718	11	15	647	2536	0	1
2718	11	31	705	2544	0	1
2719	0	23	21	3071	0	1
2719	0	30	77	3056	0	1
2719	1	4	42	3075	0	1
2719	2	3	37	3061	0	1
2719	2	17	19	3066	0	1
2719	3	4	1	3066	0	1
2719	3	7	21	3058	0	1
2719	5	28	33	3054	0	1
2719	6	17	11	3068	0	1
2719	6	30	249	2841	0	1
2719	7	0	2	3067	0	1
2719	7	16	7	3065	0	1
2719	8	8	14	3059	0	1
2719	8	30	1	3066	0	1
2719	12	19	17	3056	0	1
2720	2	21	2	3065	0	1
2720	3	5	5	3068	0	1
2720	3	10	1	3068	0	1
2720	4	3	6	3063	0	1
2720	6	5	3	3066	0	1
2720	7	6	1	3067	0	1
2720	8	2	11	3068	0	1
2720	8	15	25	3064	0	1
2720	8	19	16	3060	0	1
2720	8	22	448	2692	0	1
2720	10	10	695	2504	0	1
2721	0	26	883	2334	0	1
2721	1	17	32	3069	0	1
2721	2	13	2	3067	0	1
2721	4	1	11	3062	0	1
2721	4	31	92	3032	0	1
2721	7	6	7	3066	0	1
2721	8	29	210	2938	0	1
2722	3	6	5	3065	0	1
2722	3	30	3	3066	0	1
2722	4	6	23	3060	0	1
2722	4	19	3	3068	0	1
2722	6	31	8	3066	0	1
2722	8	22	2	3066	0	1
2722	8	23	401	2704	0	1
2722	8	28	26	3049	0	1
2722	10	6	381	2759	0	1
2723	2	6	1	3068	0	1
2723	2	15	10	3071	0	1
2723	2	20	7	3070	0	1
2723	3	6	5	3065	0	1
2723	4	20	2	3065	0	1
2723	6	18	1	3068	0	1
2723	7	22	3	3070	0	1
2723	8	20	1	3066	0	1
2723	8	27	26	3059	0	1
2723	8	31	268	2879	0	1
2723	9	9	109	2986	0	1
2723	10	6	381	2759	0	1
2723	10	11	189	2896	0	1
2724	0	15	124	2978	0	1
2724	2	7	1	3068	0	1
2724	2	14	10	3071	0	1
2724	2	21	20	3068	0	1
2724	2	31	1	3068	0	1
2724	3	7	5	3065	0	1
2724	4	1	11	3062	0	1
2724	4	7	23	3060	0	1
2724	4	31	92	3032	0	1
2724	5	7	322	2816	0	1
2724	6	5	6	3071	0	1
2724	7	6	8	3067	0	1
2724	7	23	9	3063	0	1
2724	8	3	93	3031	0	1
2724	8	21	256	2891	0	1
2724	8	29	26	3049	0	1
2724	8	31	222	2910	0	1
2724	9	24	39	3051	0	1
2724	10	7	381	2759	0	1
2725	1	17	32	3069	0	1
2725	2	7	1	3068	0	1
2725	2	13	6	3071	0	1
2725	2	14	10	3071	0	1
2725	2	21	7	3070	0	1
2725	6	30	1	3068	0	1
2725	7	6	8	3067	0	1
2725	8	2	51	3020	0	1
2725	8	3	93	3031	0	1
2725	8	15	14	3068	0	1
2725	8	29	25	3050	0	1
2725	8	31	256	2891	0	1
2725	9	9	39	3051	0	1
2725	9	24	39	3051	0	1
2726	0	26	883	2334	0	1
2726	3	7	5	3065	0	1
2726	4	1	11	3062	0	1
2726	4	7	23	3060	0	1
2726	4	21	2	3065	0	1
2726	4	31	92	3032	0	1
2726	8	3	39	3059	0	1
2726	8	19	4	3063	0	1
2726	8	21	1	3066	0	1
2726	8	22	647	2536	0	1
2726	8	23	11	3061	0	1
2726	8	31	41	3050	0	1
2726	9	8	256	2891	0	1
2726	9	9	39	3051	0	1
2726	9	24	38	3052	0	1
2726	10	10	695	2504	0	1
2727	4	1	9	3064	0	1
2727	4	7	20	3061	0	1
2727	4	18	3	3068	0	1
2727	7	23	3	3070	0	1
2727	8	2	11	3068	0	1
2727	8	3	65	3042	0	1
2727	8	19	16	3060	0	1
2727	8	21	107	2981	0	1
2727	8	31	256	2891	0	1
2727	9	8	256	2891	0	1
2728	1	17	32	3069	0	1
2728	2	13	6	3071	0	1
2728	2	14	10	3071	0	1
2728	2	21	7	3070	0	1
2728	3	5	5	3068	0	1
2728	3	7	2	3067	0	1
2728	6	19	1	3068	0	1
2728	6	30	8	3066	0	1
2728	7	6	1	3067	0	1
2728	8	3	93	3031	0	1
2728	8	15	25	3064	0	1
2728	8	22	647	2536	0	1
2728	8	26	26	3059	0	1
2728	8	30	268	2879	0	1
2728	8	31	107	2981	0	1
2728	9	9	18	3056	0	1
2728	9	24	39	3051	0	1
2728	10	7	381	2759	0	1
2729	0	26	1	3066	0	1
2729	3	10	1	3068	0	1
2729	4	3	48	3053	0	1
2729	6	5	3	3066	0	1
2729	7	6	2	3069	0	1
2729	8	3	93	3031	0	1
2729	8	19	33	3059	0	1
2729	8	21	256	2891	0	1
2729	8	29	210	2938	0	1
2729	8	31	256	2891	0	1
2729	9	24	39	3051	0	1
2729	10	7	381	2759	0	1
2731	4	0	11	3062	0	1
2731	4	2	14	3065	0	1
2732	0	8	32	3069	0	1
2732	1	1	499	2920	0	1
2732	2	8	1	3068	0	1
2732	2	16	1	3068	0	1
2732	3	0	5	3072	0	1
2732	3	8	1	3066	0	1
2732	3	16	5	3068	0	1
2732	3	17	5	3070	0	1
2732	4	2	3	3068	0	1
2732	5	0	2	3065	0	1
2732	5	8	227	2931	0	1
2732	5	18	268	2879	0	1
2732	8	0	39	3051	0	1
2732	8	8	19	3063	0	1
2732	8	16	93	3031	0	1
2732	8	18	1	3066	0	1
2732	9	0	256	2891	0	1
2732	9	8	1	3066	0	1
2732	9	16	647	2536	0	1
2732	9	24	1	3066	0	1
2732	10	0	189	2896	0	1
2732	10	4	695	2504	0	1
2732	10	16	1079	2193	0	1
2733	0	8	100	3058	0	1
2733	0	16	216	3051	0	1
2733	3	0	2	3065	0	1
2733	3	8	1	3068	0	1
2733	4	16	48	3053	0	1
2733	4	18	1	3066	0	1
2734	0	0	706	2543	0	1
2734	0	13	883	2334	0	1
2734	0	15	124	2978	0	1
2734	0	27	1079	2193	0	1
2734	0	28	3	3066	0	1
2734	1	9	2	3066	0	1
2734	1	10	3	3066	0	1
2734	3	21	5	3068	0	1
2734	4	28	33	3054	0	1
2734	4	29	15	3060	0	1
2734	6	27	1	3066	0	1
2734	7	0	2	3068	0	1
2734	7	3	2	3067	0	1
2734	7	5	2	3067	0	1
2734	7	17	16	3065	0	1
2734	7	27	2	3065	0	1
2734	7	28	7	3068	0	1
2734	7	30	10	3066	0	1
2734	8	0	20	3064	0	1
2734	8	2	14	3059	0	1
2734	8	3	6	3065	0	1
2734	8	13	13	3062	0	1
2734	8	15	25	3064	0	1
2734	8	20	28	3059	0	1
2734	8	21	39	3051	0	1
2734	8	22	30	3055	0	1
2734	9	0	12	3062	0	1
2734	9	8	94	3030	0	1
2734	9	11	93	3031	0	1
2734	9	12	93	3031	0	1
2734	9	13	68	3048	0	1
2734	9	19	1	3066	0	1
2734	9	20	257	2890	0	1
2734	9	25	1	3066	0	1
2734	9	26	702	2544	0	1
2734	10	6	648	2535	0	1
2734	10	8	647	2536	0	1
2734	10	13	133	2939	0	1
2734	10	20	14	3054	0	1
2734	10	21	705	2544	0	1
2734	10	22	894	2373	0	1
2734	10	23	189	2896	0	1
2735	0	7	42	3075	0	1
2735	0	9	10	3073	0	1
2735	0	10	43	3075	0	1
2735	0	12	10	3073	0	1
2735	0	21	219	3050	0	1
2735	1	8	502	2919	0	1
2735	1	25	942	2711	0	1
2735	2	0	1	3066	0	1
2735	2	2	1	3066	0	1
2735	2	14	1	3068	0	1
2735	2	24	1	3068	0	1
2735	2	25	1	3068	0	1
2735	2	26	1	3068	0	1
2735	3	0	3	3066	0	1
2735	3	3	2	3067	0	1
2735	3	4	1	3066	0	1
2735	3	5	2	3067	0	1
2735	3	21	7	3070	0	1
2735	3	24	2	3067	0	1
2735	3	25	8	3067	0	1
2735	4	7	9	3067	0	1
2735	4	9	1	3066	0	1
2735	4	10	28	3073	0	1
2735	4	12	7	3063	0	1
2735	4	14	23	3060	0	1
2735	4	20	32	3055	0	1
2735	4	21	16	3059	0	1
2735	5	8	94	3030	0	1
2735	5	11	92	3032	0	1
2735	5	25	268	2879	0	1
2735	6	9	703	2543	0	1
2735	6	10	703	2543	0	1
2735	8	0	39	3051	0	1
2735	8	2	39	3051	0	1
2735	8	25	233	2929	0	1
2735	8	26	232	2930	0	1
2735	9	0	126	2986	0	1
2735	9	3	574	2630	0	1
2735	9	5	575	2629	0	1
2735	10	0	706	2543	0	1
2735	10	12	695	2504	0	1
2735	10	14	381	2759	0	1
2735	10	25	1079	2193	0	1
2736	7	0	3	3066	0	1
2737	0	0	1	3066	0	1
2737	0	16	1079	2193	0	1
2737	6	16	1	3068	0	1
2737	6	17	1	3066	0	1
2737	7	0	6	3071	0	1
2737	7	16	1	3068	0	1
2737	7	24	7	3066	0	1
2737	8	18	33	3059	0	1
2737	8	19	16	3060	0	1
2737	9	0	26	3049	0	1
2737	9	8	210	2938	0	1
2737	9	24	268	2879	0	1
2737	10	2	780	2408	0	1
2737	10	16	189	2896	0	1
2739	0	0	883	2334	0	1
2739	7	24	1	3067	0	1
2739	8	0	11	3068	0	1
2739	8	4	15	3058	0	1
2740	0	12	142	3056	0	1
2740	0	29	20	3062	0	1
2740	0	30	1	3067	0	1
2741	0	16	42	3075	0	1
2741	0	17	42	3075	0	1
2741	0	25	42	3075	0	1
2741	0	29	42	3075	0	1
2741	1	3	42	3075	0	1
2741	1	19	48	3072	0	1
2742	0	13	42	3075	0	1
2742	3	15	10	3067	0	1
2742	6	13	14	3059	0	1
2742	7	31	32	3069	0	1
2742	11	31	40	3058	0	1
2743	0	12	42	3075	0	1
2744	0	14	42	3075	0	1
2744	2	12	4	3068	0	1
2744	2	28	8	3064	0	1
2744	3	12	19	3069	0	1
2744	6	13	14	3059	0	1
2744	7	28	32	3069	0	1
2744	11	28	40	3058	0	1
2745	7	29	39	3060	0	1
2745	11	29	40	3058	0	1
2746	7	30	39	3060	0	1
2746	11	30	40	3058	0	1
2747	0	2	706	2543	0	1
2747	2	15	4	3068	0	1
2747	2	31	8	3064	0	1
2747	3	15	19	3069	0	1
2747	5	2	6	3064	0	1
2747	8	2	25	3069	0	1
2748	3	8	42	3075	0	1
2748	3	9	26	3071	0	1
2750	3	10	19	3063	0	1
2754	0	3	1	3066	0	1
2754	3	10	24	3069	0	1
2755	0	3	706	2543	0	1
2755	3	9	42	3075	0	1
2755	5	3	2	3067	0	1
2755	8	3	25	3069	0	1
2756	1	1	42	3075	0	1
2758	1	1	391	2920	0	1
2759	0	28	3	3066	0	1
2759	1	3	152	3044	0	1
2759	1	7	3	3066	0	1
2760	0	15	99	3051	0	1
2760	0	23	498	2921	0	1
2762	1	1	42	3075	0	1
2762	1	6	3	3066	0	1
2763	0	29	3	3066	0	1
2764	1	1	42	3075	0	1
2765	0	23	499	2920	0	1
2770	0	0	42	3075	0	1
2770	0	2	42	3075	0	1
2770	0	13	142	3056	0	1
2770	0	27	420	2997	0	1
2770	1	0	48	3072	0	1
2770	1	3	941	2712	0	1
2770	1	30	942	2711	0	1
2770	2	0	945	2710	0	1
2770	2	13	690	2783	0	1
2770	2	27	690	2783	0	1
2773	1	16	689	2784	0	1
2773	2	0	690	2783	0	1
2774	0	0	42	3075	0	1
2774	0	8	85	3065	0	1
2774	0	16	216	3051	0	1
2774	1	0	499	2920	0	1
2774	1	8	3	3066	0	1
2774	1	16	3	3066	0	1
2774	2	16	690	2783	0	1
